{"meta": {"code": 200, "requestId": "595a3ae41ed21919fbc59990"}, "response": {"suggestedFilters": {"filters": [{"name": "Open now", "key": "openNow"}], "header": "Tap to show:"}, "totalResults": 20, "headerFullLocation": "Central Region, Singapore", "headerLocationGranularity": "neighborhood", "suggestedBounds": {"ne": {"lng": 103.87016644079985, "lat": 1.3208722397444972}, "sw": {"lng": 103.85578953415016, "lat": 1.306472225344483}}, "groups": [{"items": [{"reasons": {"items": [{"reasonName": "globalInteractionReason", "summary": "This spot is popular", "type": "general"}], "count": 0}, "venue": {"hereNow": {"groups": [], "summary": "Nobody here", "count": 0}, "contact": {}, "photos": {"groups": [], "count": 0}, "rating": 8.5, "name": "Cheng Mun Chee Kee Pig Organ Soup \u6b63\u6587\u5fd7\u8bb0 (Cheng Mun Chee Kee Pig Organ Soup)", "ratingSignals": 217, "allowMenuUrlEdit": true, "categories": [{"pluralName": "Soup Places", "id": "4bf58dd8d48988d1dd931735", "primary": true, "icon": {"prefix": "https://ss3.4sqi.net/img/categories_v2/food/soup_", "suffix": ".png"}, "name": "Soup Place", "shortName": "Soup"}], "stats": {"checkinsCount": 9077, "usersCount": 4426, "tipCount": 88}, "id": "4b0fb901f964a520586423e3", "beenHere": {"lastCheckinExpiredAt": 0, "count": 0, "marked": false}, "ratingColor": "73CF42", "location": {"lng": 103.86023323446348, "formattedAddress": ["24 Foch Road (Beatty Lane)", "Singapore"], "lat": 1.3122377078415854, "crossStreet": "Beatty Lane", "country": "Singapore", "distance": 344, "city": "Singapore", "cc": "SG", "address": "24 Foch Road", "labeledLatLngs": [{"lng": 103.86023323446348, "label": "display", "lat": 1.3122377078415854}]}, "hours": {"isLocalHoliday": false, "isOpen": false, "status": "Closed until 9:00 AM tomorrow"}, "verified": false, "price": {"tier": 1, "currency": "$", "message": "Cheap"}}, "referralId": "e-3-4b0fb901f964a520586423e3-0", "tips": [{"id": "4d859d6a9324236ab393d30e", "text": "Not as good as before...", "disagreeCount": 0, "logView": true, "createdAt": 1300602218, "likes": {"groups": [], "summary": "5 likes", "count": 5}, "todo": {"count": 0}, "agreeCount": 1, "canonicalUrl": "https://foursquare.com/item/4d859d6a9324236ab393d30e", "type": "user", "user": {"gender": "female", "id": "3880782", "photo": {"prefix": "https://igx.4sqi.net/img/user/", "suffix": "/RIPJJ45WRLQM0MTI.jpg"}, "firstName": "Angie", "lastName": "Lee"}}]}, {"reasons": {"items": [{"reasonName": "globalInteractionReason", "summary": "This spot is popular", "type": "general"}], "count": 0}, "venue": {"hereNow": {"groups": [], "summary": "Nobody here", "count": 0}, "contact": {"facebook": "516537921783173", "facebookUsername": "therefinerysg", "facebookName": "The Refinery Singapore", "formattedPhone": "+65 9111 1210", "twitter": "therefinerysg", "phone": "+6591111210"}, "photos": {"groups": [], "count": 0}, "rating": 7.9, "menu": {"mobileUrl": "https://dl.dropboxusercontent.com/u/6080810/The%20Refinery%20Menu.pdf", "externalUrl": "https://dl.dropboxusercontent.com/u/6080810/The%20Refinery%20Menu.pdf", "url": "https://dl.dropboxusercontent.com/u/6080810/The%20Refinery%20Menu.pdf", "anchor": "View Menu", "label": "Menu", "type": "Menu"}, "name": "The Refinery", "ratingSignals": 121, "allowMenuUrlEdit": true, "categories": [{"pluralName": "Restaurants", "id": "4bf58dd8d48988d1c4941735", "primary": true, "icon": {"prefix": "https://ss3.4sqi.net/img/categories_v2/food/default_", "suffix": ".png"}, "name": "Restaurant", "shortName": "Restaurant"}], "stats": {"checkinsCount": 787, "usersCount": 582, "tipCount": 26}, "id": "546c9647498e41e1f2422e7c", "beenHere": {"lastCheckinExpiredAt": 0, "count": 0, "marked": false}, "url": "http://www.therefinery.sg", "ratingColor": "C5DE35", "location": {"formattedAddress": ["115 King George's Avenue", "208561", "Singapore"], "postalCode": "208561", "lat": 1.3106181443298566, "lng": 103.86235653483179, "country": "Singapore", "distance": 346, "city": "Singapore", "cc": "SG", "address": "115 King George's Avenue", "labeledLatLngs": [{"lng": 103.86235653483179, "label": "display", "lat": 1.3106181443298566}]}, "hours": {"isLocalHoliday": false, "isOpen": false, "status": "Closed until Noon tomorrow"}, "verified": false, "price": {"tier": 2, "currency": "$", "message": "Moderate"}}, "referralId": "e-3-546c9647498e41e1f2422e7c-1", "tips": [{"logView": true, "photo": {"id": "55442d99498eaa1dab719401", "visibility": "public", "source": {"name": "Swarm for iOS", "url": "https://www.swarmapp.com"}, "suffix": "/29522323_mPeiK5l927Vm1y4usW2MQpbbXEjIYIH3iL4kRlCjGz0.jpg", "createdAt": 1430531481, "prefix": "https://igx.4sqi.net/img/general/", "width": 1440, "height": 1920}, "createdAt": 1430531481, "todo": {"count": 1}, "agreeCount": 2, "likes": {"groups": [], "summary": "2 likes", "count": 2}, "id": "55442d99498eaa1dab719402", "text": "Great tasting small plate food! Try the skewers they are yummy tender!", "disagreeCount": 0, "user": {"gender": "male", "id": "29522323", "photo": {"prefix": "https://igx.4sqi.net/img/user/", "suffix": "/29522323-B04POA0K3GMFUQ44.jpg"}, "firstName": "CJ", "lastName": "Dayrit"}, "canonicalUrl": "https://foursquare.com/item/55442d99498eaa1dab719402", "type": "user", "photourl": "https://igx.4sqi.net/img/general/original/29522323_mPeiK5l927Vm1y4usW2MQpbbXEjIYIH3iL4kRlCjGz0.jpg"}]}, {"reasons": {"items": [{"reasonName": "globalInteractionReason", "summary": "This spot is popular", "type": "general"}], "count": 0}, "venue": {"hereNow": {"groups": [], "summary": "Nobody here", "count": 0}, "contact": {"facebook": "102439590176991", "facebookName": "the.twenty.cavan"}, "photos": {"groups": [], "count": 0}, "rating": 7.6, "name": "the.twenty.cavan", "ratingSignals": 12, "allowMenuUrlEdit": true, "categories": [{"pluralName": "Restaurants", "id": "4bf58dd8d48988d1c4941735", "primary": true, "icon": {"prefix": "https://ss3.4sqi.net/img/categories_v2/food/default_", "suffix": ".png"}, "name": "Restaurant", "shortName": "Restaurant"}], "stats": {"checkinsCount": 71, "usersCount": 54, "tipCount": 6}, "id": "57c2888e498eaf432775ef8d", "beenHere": {"lastCheckinExpiredAt": 0, "count": 0, "marked": false}, "ratingColor": "C5DE35", "location": {"formattedAddress": ["20 Cavan Road", "209851", "Singapore"], "postalCode": "209851", "lat": 1.310997, "lng": 103.861668, "country": "Singapore", "distance": 331, "city": "Singapore", "cc": "SG", "address": "20 Cavan Road", "labeledLatLngs": [{"lng": 103.861668, "label": "display", "lat": 1.310997}]}, "verified": false, "price": {"tier": 2, "currency": "$", "message": "Moderate"}}, "referralId": "e-3-57c2888e498eaf432775ef8d-2", "tips": [{"logView": true, "photo": {"id": "591fcb3f35811b46064101a8", "visibility": "public", "source": {"name": "Swarm for iOS", "url": "https://www.swarmapp.com"}, "suffix": "/46819999_r-nHdd52e2RojitVc8KhH9g3HIdFuMPfOwMxqE_zR40.jpg", "createdAt": 1495255871, "prefix": "https://igx.4sqi.net/img/general/", "width": 1440, "height": 1440}, "createdAt": 1495351400, "agreeCount": 0, "id": "59214068f79faa1845ca4394", "text": "Good Food \ud83d\udc4d Will visit again ... Hope they keep up their standards \ud83c\udf08", "type": "user", "disagreeCount": 0, "user": {"gender": "male", "id": "46819999", "photo": {"prefix": "https://igx.4sqi.net/img/user/", "suffix": "/46819999-SSI3RGKO3VGGBRWU.jpg"}, "firstName": "Vincent", "lastName": "Ang"}, "canonicalUrl": "https://foursquare.com/item/59214068f79faa1845ca4394", "todo": {"count": 0}, "photourl": "https://igx.4sqi.net/img/general/original/46819999_r-nHdd52e2RojitVc8KhH9g3HIdFuMPfOwMxqE_zR40.jpg"}]}, {"reasons": {"items": [{"reasonName": "globalInteractionReason", "summary": "This spot is popular", "type": "general"}], "count": 0}, "venue": {"hereNow": {"groups": [], "summary": "Nobody here", "count": 0}, "contact": {"phone": "+6562910218", "formattedPhone": "+65 6291 0218"}, "photos": {"groups": [], "count": 0}, "rating": 7.8, "name": "Red Eye Smokehouse", "ratingSignals": 26, "allowMenuUrlEdit": true, "categories": [{"pluralName": "BBQ Joints", "id": "4bf58dd8d48988d1df931735", "primary": true, "icon": {"prefix": "https://ss3.4sqi.net/img/categories_v2/food/bbqalt_", "suffix": ".png"}, "name": "BBQ Joint", "shortName": "BBQ"}], "stats": {"checkinsCount": 122, "usersCount": 89, "tipCount": 12}, "id": "56234260498ee2c4ef98d41b", "beenHere": {"lastCheckinExpiredAt": 0, "count": 0, "marked": false}, "ratingColor": "C5DE35", "location": {"formattedAddress": ["1 Cavan Road", "Singapore"], "lat": 1.3106027283297712, "lng": 103.86100894302508, "country": "Singapore", "distance": 405, "city": "Singapore", "cc": "SG", "address": "1 Cavan Road", "labeledLatLngs": [{"lng": 103.86100894302508, "label": "display", "lat": 1.3106027283297712}]}, "verified": false, "price": {"tier": 2, "currency": "$", "message": "Moderate"}}, "referralId": "e-3-56234260498ee2c4ef98d41b-3", "tips": [{"logView": true, "photo": {"id": "58a9283372efa45b374bc1cb", "visibility": "public", "source": {"name": "Foursquare for Android", "url": "https://foursquare.com/download/#/android"}, "suffix": "/78067164_R4hfIaVs5sw7gpXLoQZG3VGU05gbwTJ257S3hbQmVgA.jpg", "createdAt": 1487480883, "prefix": "https://igx.4sqi.net/img/general/", "width": 2976, "height": 3968}, "createdAt": 1487480879, "agreeCount": 0, "id": "58a9282f9168021426241feb", "text": "2nd time here -tried beef ribs and coleslaw. Excellent choice \ud83d\ude00", "type": "user", "disagreeCount": 0, "user": {"gender": "female", "id": "78067164", "photo": {"prefix": "https://igx.4sqi.net/img/user/", "suffix": "/78067164-IMWDH0V31H3V0N2N.jpg"}, "firstName": "Mag", "lastName": "TY"}, "canonicalUrl": "https://foursquare.com/item/58a9282f9168021426241feb", "todo": {"count": 0}, "photourl": "https://igx.4sqi.net/img/general/original/78067164_R4hfIaVs5sw7gpXLoQZG3VGU05gbwTJ257S3hbQmVgA.jpg"}]}, {"reasons": {"items": [{"reasonName": "globalInteractionReason", "summary": "This spot is popular", "type": "general"}], "count": 0}, "venue": {"hereNow": {"groups": [], "summary": "Nobody here", "count": 0}, "contact": {"phone": "+6562999880", "formattedPhone": "+65 6299 9880"}, "photos": {"groups": [], "count": 0}, "rating": 8.9, "name": "Boon Tong Kee \u6587\u4e1c\u8bb0", "ratingSignals": 81, "allowMenuUrlEdit": true, "categories": [{"pluralName": "Chinese Restaurants", "id": "4bf58dd8d48988d145941735", "primary": true, "icon": {"prefix": "https://ss3.4sqi.net/img/categories_v2/food/asian_", "suffix": ".png"}, "name": "Chinese Restaurant", "shortName": "Chinese"}], "stats": {"checkinsCount": 4306, "usersCount": 2319, "tipCount": 25}, "id": "4b9b68a5f964a5208a0536e3", "beenHere": {"lastCheckinExpiredAt": 0, "count": 0, "marked": false}, "url": "http://www.boontongkee.com.sg", "ratingColor": "73CF42", "location": {"formattedAddress": ["34 Whampoa West #01-93", "330034", "Singapore"], "postalCode": "330034", "neighborhood": "Kallang", "lat": 1.3199753425850844, "lng": 103.86204511537198, "country": "Singapore", "distance": 709, "city": "Singapore", "cc": "SG", "address": "34 Whampoa West #01-93", "labeledLatLngs": [{"lng": 103.86204511537198, "label": "display", "lat": 1.3199753425850844}]}, "hours": {"isLocalHoliday": false, "isOpen": true, "status": "Open until 10:00 PM"}, "verified": false, "price": {"tier": 2, "currency": "$", "message": "Moderate"}}, "referralId": "e-3-4b9b68a5f964a5208a0536e3-4", "tips": [{"id": "4b9b6f6770c603bb5e4294b4", "text": "Proven the best of Singapore's chicken rice. Boiled chicken is a must try. Order Kang Kong and Crispy beancurd on the side. Remember, this is Singapore. The small portion is enough for 3.", "disagreeCount": 0, "logView": true, "createdAt": 1268477799, "likes": {"groups": [], "summary": "4 likes", "count": 4}, "todo": {"count": 2}, "agreeCount": 4, "canonicalUrl": "https://foursquare.com/item/4b9b6f6770c603bb5e4294b4", "type": "user", "user": {"gender": "male", "id": "286300", "photo": {"prefix": "https://igx.4sqi.net/img/user/", "suffix": "/HSUKRHSQSLNJTJRR.jpg"}, "firstName": "Gambit", "lastName": "Fauri"}}]}, {"reasons": {"items": [{"reasonName": "globalInteractionReason", "summary": "This spot is popular", "type": "general"}], "count": 0}, "venue": {"hereNow": {"groups": [], "summary": "Nobody here", "count": 0}, "contact": {"phone": "+6568427759", "formattedPhone": "+65 6842 7759"}, "photos": {"groups": [], "count": 0}, "rating": 7.5, "name": "Ch\u53c9r (Char) Casual Dining", "ratingSignals": 122, "allowMenuUrlEdit": true, "categories": [{"pluralName": "BBQ Joints", "id": "4bf58dd8d48988d1df931735", "primary": true, "icon": {"prefix": "https://ss3.4sqi.net/img/categories_v2/food/bbqalt_", "suffix": ".png"}, "name": "BBQ Joint", "shortName": "BBQ"}], "stats": {"checkinsCount": 961, "usersCount": 669, "tipCount": 42}, "id": "52f72dfe498ee5ec7bc9a6bb", "beenHere": {"lastCheckinExpiredAt": 0, "count": 0, "marked": false}, "url": "http://www.char.com.sg", "ratingColor": "C5DE35", "location": {"formattedAddress": ["363 Jalan Besar", "208994", "Singapore"], "postalCode": "208994", "lat": 1.3126263206424003, "lng": 103.85977460593365, "country": "Singapore", "distance": 375, "city": "Singapore", "cc": "SG", "address": "363 Jalan Besar", "labeledLatLngs": [{"lng": 103.85977460593365, "label": "display", "lat": 1.3126263206424003}]}, "hours": {"isLocalHoliday": false, "isOpen": false, "status": "Closed until 11:30 AM tomorrow"}, "verified": false, "price": {"tier": 2, "currency": "$", "message": "Moderate"}}, "referralId": "e-3-52f72dfe498ee5ec7bc9a6bb-5", "tips": [{"id": "538982ae498ef46f58d260af", "text": "wifi password: casualdining. char siew is world class.", "disagreeCount": 0, "logView": true, "createdAt": 1401520814, "likes": {"groups": [], "summary": "5 likes", "count": 5}, "todo": {"count": 1}, "agreeCount": 5, "canonicalUrl": "https://foursquare.com/item/538982ae498ef46f58d260af", "type": "user", "user": {"gender": "female", "id": "7195322", "photo": {"prefix": "https://igx.4sqi.net/img/user/", "suffix": "/7195322_-1QUu4X5_jduB6746lcyswokWOFF9ijtutzlvC1hzDspQIr8xyHpk-g3M-BP94M_0BanZXlfS.jpg"}, "firstName": "Debbie", "lastName": "Ng"}}]}, {"reasons": {"items": [{"reasonName": "globalInteractionReason", "summary": "This spot is popular", "type": "general"}], "count": 0}, "venue": {"hereNow": {"groups": [], "summary": "Nobody here", "count": 0}, "contact": {"phone": "+6562965800", "formattedPhone": "+65 6296 5800"}, "photos": {"groups": [], "count": 0}, "rating": 8.5, "name": "MTR 1924", "ratingSignals": 112, "allowMenuUrlEdit": true, "categories": [{"pluralName": "Indian Restaurants", "id": "4bf58dd8d48988d10f941735", "primary": true, "icon": {"prefix": "https://ss3.4sqi.net/img/categories_v2/food/indian_", "suffix": ".png"}, "name": "Indian Restaurant", "shortName": "Indian"}], "stats": {"checkinsCount": 729, "usersCount": 305, "tipCount": 52}, "id": "51a2af4d498ec025802f527d", "beenHere": {"lastCheckinExpiredAt": 0, "count": 0, "marked": false}, "url": "http://www.mavallitiffinrooms.com", "ratingColor": "73CF42", "location": {"lng": 103.85634343412094, "formattedAddress": ["438 Serangoon Road (opp Perumal Temple)", "218133", "Singapore"], "postalCode": "218133", "lat": 1.3130114022645103, "crossStreet": "opp Perumal Temple", "country": "Singapore", "distance": 742, "city": "Singapore", "cc": "SG", "address": "438 Serangoon Road", "labeledLatLngs": [{"lng": 103.85634343412094, "label": "display", "lat": 1.3130114022645103}]}, "hours": {"isLocalHoliday": false, "isOpen": false, "status": "Closed until 8:30 AM tomorrow"}, "verified": false, "price": {"tier": 2, "currency": "$", "message": "Moderate"}}, "referralId": "e-3-51a2af4d498ec025802f527d-6", "tips": [{"id": "56b4bbfc498e48f85f3a58f7", "text": "Masala dosa is a must. Very clean and efficiently run place.", "disagreeCount": 0, "logView": true, "createdAt": 1454685180, "likes": {"groups": [], "summary": "1 like", "count": 1}, "todo": {"count": 0}, "agreeCount": 1, "canonicalUrl": "https://foursquare.com/item/56b4bbfc498e48f85f3a58f7", "type": "user", "user": {"gender": "female", "id": "16132526", "photo": {"prefix": "https://igx.4sqi.net/img/user/", "suffix": "/MWPTI3HBX03NNJSZ.jpg"}, "firstName": "Lieke", "lastName": "De Vrankrijker"}}]}, {"reasons": {"items": [{"reasonName": "globalInteractionReason", "summary": "This spot is popular", "type": "general"}], "count": 0}, "venue": {"hereNow": {"groups": [], "summary": "Nobody here", "count": 0}, "contact": {}, "photos": {"groups": [], "count": 0}, "rating": 7.7, "name": "Original Serangoon Fried Hokkien Mee", "ratingSignals": 30, "allowMenuUrlEdit": true, "categories": [{"pluralName": "Noodle Houses", "id": "4bf58dd8d48988d1d1941735", "primary": true, "icon": {"prefix": "https://ss3.4sqi.net/img/categories_v2/food/ramen_", "suffix": ".png"}, "name": "Noodle House", "shortName": "Noodles"}], "stats": {"checkinsCount": 543, "usersCount": 238, "tipCount": 12}, "id": "4c1b65aeb9f876b0f21b7a46", "beenHere": {"lastCheckinExpiredAt": 0, "count": 0, "marked": false}, "ratingColor": "C5DE35", "location": {"lng": 103.857855, "formattedAddress": ["556 Serangoon Road, Long San Eating House (Beatty Road)", "Singapore"], "lat": 1.314443, "crossStreet": "Beatty Road", "country": "Singapore", "distance": 576, "city": "Singapore", "cc": "SG", "address": "556 Serangoon Road, Long San Eating House", "labeledLatLngs": [{"lng": 103.857855, "label": "display", "lat": 1.314443}]}, "hours": {"isLocalHoliday": false, "isOpen": false, "status": "Closed until 4:30 PM tomorrow"}, "verified": false, "price": {"tier": 1, "currency": "$", "message": "Cheap"}}, "referralId": "e-3-4c1b65aeb9f876b0f21b7a46-7", "tips": [{"id": "4f7315afe4b06e8c1dc3acd6", "text": "Try the otah from across the road. Freshly pengkanged on the spot!", "disagreeCount": 0, "logView": true, "createdAt": 1332942255, "likes": {"groups": [], "summary": "3 likes", "count": 3}, "todo": {"count": 0}, "agreeCount": 4, "canonicalUrl": "https://foursquare.com/item/4f7315afe4b06e8c1dc3acd6", "type": "user", "user": {"gender": "male", "id": "940120", "photo": {"prefix": "https://igx.4sqi.net/img/user/", "suffix": "/940120-OHSANBSMGGTQUZYL.jpg"}, "firstName": "AA", "lastName": "Mak"}}]}, {"reasons": {"items": [{"reasonName": "globalInteractionReason", "summary": "This spot is popular", "type": "general"}], "count": 0}, "venue": {"hereNow": {"groups": [{"items": [], "name": "Other people here", "count": 1, "type": "others"}], "summary": "One other person is here", "count": 1}, "contact": {"phone": "+6562923593", "formattedPhone": "+65 6292 3593"}, "photos": {"groups": [], "count": 0}, "rating": 8.2, "name": "Beach Road Scissor-Cut Curry Rice \u7f8e\u829d\u5f8b\u526a\u5200\u5496\u54e9\u98ef (Beach Road Scissor-Cut Curry Rice)", "ratingSignals": 303, "allowMenuUrlEdit": true, "categories": [{"pluralName": "Chinese Restaurants", "id": "4bf58dd8d48988d145941735", "primary": true, "icon": {"prefix": "https://ss3.4sqi.net/img/categories_v2/food/asian_", "suffix": ".png"}, "name": "Chinese Restaurant", "shortName": "Chinese"}], "stats": {"checkinsCount": 11046, "usersCount": 5844, "tipCount": 123}, "id": "4b529ebdf964a520218427e3", "beenHere": {"lastCheckinExpiredAt": 0, "count": 0, "marked": false}, "ratingColor": "73CF42", "location": {"lng": 103.85783252941258, "formattedAddress": ["229/231 Jalan Besar (At Kitchener Road)", "208905", "Singapore"], "postalCode": "208905", "lat": 1.3093538704585903, "crossStreet": "At Kitchener Road", "country": "Singapore", "distance": 747, "city": "Singapore", "cc": "SG", "address": "229/231 Jalan Besar", "labeledLatLngs": [{"lng": 103.85783252941258, "label": "display", "lat": 1.3093538704585903}]}, "hours": {"isLocalHoliday": false, "isOpen": true, "status": "Likely open"}, "verified": false, "price": {"tier": 1, "currency": "$", "message": "Cheap"}}, "referralId": "e-3-4b529ebdf964a520218427e3-8", "tips": [{"id": "4c0a49d43c70b713e3f5275b", "text": "If the curry isn't just about to overflow your plate ... You didn't order enough!", "disagreeCount": 0, "logView": true, "createdAt": 1275742676, "likes": {"groups": [], "summary": "9 likes", "count": 9}, "todo": {"count": 4}, "agreeCount": 9, "canonicalUrl": "https://foursquare.com/item/4c0a49d43c70b713e3f5275b", "type": "user", "user": {"gender": "male", "id": "234324", "photo": {"prefix": "https://igx.4sqi.net/img/user/", "suffix": "/FIH1ERWONCZI4K3D.jpg"}, "firstName": "gerard", "lastName": "t"}}]}, {"reasons": {"items": [{"reasonName": "globalInteractionReason", "summary": "This spot is popular", "type": "general"}], "count": 0}, "venue": {"contact": {}, "photos": {"groups": [], "count": 0}, "rating": 7.6, "name": "Bendemeer Market & Food Centre", "ratingSignals": 221, "allowMenuUrlEdit": true, "categories": [{"pluralName": "Food Courts", "id": "4bf58dd8d48988d120951735", "primary": true, "icon": {"prefix": "https://ss3.4sqi.net/img/categories_v2/shops/food_foodcourt_", "suffix": ".png"}, "name": "Food Court", "shortName": "Food Court"}], "stats": {"checkinsCount": 13160, "usersCount": 2974, "tipCount": 116}, "id": "4b68c57df964a5200f8c2be3", "beenHere": {"lastCheckinExpiredAt": 0, "count": 0, "marked": false}, "ratingColor": "C5DE35", "location": {"formattedAddress": ["29 Bendemeer Rd.", "330029", "Singapore"], "postalCode": "330029", "lat": 1.319001382644118, "lng": 103.86275288790178, "country": "Singapore", "distance": 593, "city": "Singapore", "cc": "SG", "address": "29 Bendemeer Rd.", "labeledLatLngs": [{"lng": 103.86275288790178, "label": "display", "lat": 1.319001382644118}]}, "hours": {"isLocalHoliday": false, "isOpen": true, "status": "Likely open"}, "verified": false, "hereNow": {"groups": [], "summary": "Nobody here", "count": 0}}, "referralId": "e-3-4b68c57df964a5200f8c2be3-9", "tips": [{"id": "4e3dfb00c65b4ec275eafede", "text": "Chee cheong fun (rice rolls): Nan Rong has been selling here 4 as long as I can remember. Order with their yam cake, splash lotsa ti chiao (sweet bean sauce) & chilli, n u r all set 4 bfast", "disagreeCount": 0, "logView": true, "createdAt": 1312684800, "likes": {"groups": [], "summary": "6 likes", "count": 6}, "todo": {"count": 1}, "agreeCount": 6, "canonicalUrl": "https://foursquare.com/item/4e3dfb00c65b4ec275eafede", "type": "user", "user": {"gender": "male", "id": "231366", "photo": {"prefix": "https://igx.4sqi.net/img/user/", "suffix": "/231366-Q2ZSAEF50GYUXPDA.jpg"}, "firstName": "Cheen", "lastName": "The Curious"}}]}, {"reasons": {"items": [{"reasonName": "globalInteractionReason", "summary": "This spot is popular", "type": "general"}], "count": 0}, "venue": {"hereNow": {"groups": [], "summary": "Nobody here", "count": 0}, "contact": {}, "photos": {"groups": [], "count": 0}, "rating": 7.1, "name": "careshop de cafe", "ratingSignals": 14, "allowMenuUrlEdit": true, "categories": [{"pluralName": "Caf\u00e9s", "id": "4bf58dd8d48988d16d941735", "primary": true, "icon": {"prefix": "https://ss3.4sqi.net/img/categories_v2/food/cafe_", "suffix": ".png"}, "name": "Caf\u00e9", "shortName": "Caf\u00e9"}], "stats": {"checkinsCount": 538, "usersCount": 235, "tipCount": 9}, "id": "4b5995baf964a520978d28e3", "beenHere": {"lastCheckinExpiredAt": 0, "count": 0, "marked": false}, "ratingColor": "C5DE35", "location": {"formattedAddress": ["153 Boon Keng Rd", "339778", "Singapore"], "postalCode": "339778", "lat": 1.3167776401311317, "lng": 103.86302467353092, "distance": 345, "country": "Singapore", "cc": "SG", "address": "153 Boon Keng Rd", "labeledLatLngs": [{"lng": 103.86302467353092, "label": "display", "lat": 1.3167776401311317}]}, "hours": {"isLocalHoliday": false, "isOpen": false}, "verified": false, "price": {"tier": 1, "currency": "$", "message": "Cheap"}}, "referralId": "e-3-4b5995baf964a520978d28e3-10", "tips": [{"id": "4bba159270c603bb09d396b4", "text": "The wings are awesome... Will definitely give another try on 100 degree and onwards", "disagreeCount": 0, "logView": true, "createdAt": 1270486418, "likes": {"groups": [], "summary": "2 likes", "count": 2}, "todo": {"count": 2}, "agreeCount": 0, "canonicalUrl": "https://foursquare.com/item/4bba159270c603bb09d396b4", "type": "user", "user": {"gender": "female", "id": "790203", "photo": {"prefix": "https://igx.4sqi.net/img/user/", "suffix": "/PR25P25YELHYO2CJ.jpg"}, "firstName": "Valerie", "lastName": "Teo"}}]}, {"reasons": {"items": [{"reasonName": "globalInteractionReason", "summary": "This spot is popular", "type": "general"}], "count": 0}, "venue": {"hereNow": {"groups": [], "summary": "Nobody here", "count": 0}, "contact": {}, "photos": {"groups": [], "count": 0}, "rating": 7.5, "name": "Lam's Abalone Noodles", "ratingSignals": 42, "allowMenuUrlEdit": true, "categories": [{"pluralName": "Noodle Houses", "id": "4bf58dd8d48988d1d1941735", "primary": true, "icon": {"prefix": "https://ss3.4sqi.net/img/categories_v2/food/ramen_", "suffix": ".png"}, "name": "Noodle House", "shortName": "Noodles"}], "stats": {"checkinsCount": 553, "usersCount": 376, "tipCount": 10}, "id": "4c4fc4838edf0f479f1f24ae", "beenHere": {"lastCheckinExpiredAt": 0, "count": 0, "marked": false}, "ratingColor": "C5DE35", "location": {"lng": 103.858388, "formattedAddress": ["460 Race Course Road (At Balestier Road)", "Singapore"], "lat": 1.316448, "crossStreet": "At Balestier Road", "country": "Singapore", "distance": 597, "city": "Singapore", "cc": "SG", "address": "460 Race Course Road", "labeledLatLngs": [{"lng": 103.858388, "label": "display", "lat": 1.316448}]}, "hours": {"isLocalHoliday": false, "isOpen": false, "status": "Closed until 10:30 AM tomorrow"}, "verified": false, "price": {"tier": 1, "currency": "$", "message": "Cheap"}}, "referralId": "e-3-4c4fc4838edf0f479f1f24ae-11", "tips": [{"id": "52c3af1611d28f645090bccf", "text": "Salted chicken is very good, braised tofu excellent , economical price for abalone noodles . Thumbs up", "disagreeCount": 0, "logView": true, "createdAt": 1388556054, "likes": {"groups": [], "summary": "2 likes", "count": 2}, "todo": {"count": 0}, "agreeCount": 2, "canonicalUrl": "https://foursquare.com/item/52c3af1611d28f645090bccf", "type": "user", "user": {"gender": "male", "id": "4622920", "photo": {"prefix": "https://igx.4sqi.net/img/user/", "suffix": "/RGIE1S3X5QUCN40D.jpg"}, "firstName": "Daniel", "lastName": "Yong"}}]}, {"reasons": {"items": [{"reasonName": "globalInteractionReason", "summary": "This spot is popular", "type": "general"}], "count": 0}, "venue": {"hereNow": {"groups": [], "summary": "Nobody here", "count": 0}, "contact": {"phone": "+6562215073", "formattedPhone": "+65 6221 5073"}, "photos": {"groups": [], "count": 0}, "rating": 7.8, "name": "Hillman Restaurant", "ratingSignals": 57, "allowMenuUrlEdit": true, "categories": [{"pluralName": "Chinese Restaurants", "id": "4bf58dd8d48988d145941735", "primary": true, "icon": {"prefix": "https://ss3.4sqi.net/img/categories_v2/food/asian_", "suffix": ".png"}, "name": "Chinese Restaurant", "shortName": "Chinese"}], "stats": {"checkinsCount": 762, "usersCount": 580, "tipCount": 25}, "id": "4b409a14f964a52041b925e3", "beenHere": {"lastCheckinExpiredAt": 0, "count": 0, "marked": false}, "url": "http://www.hillmanrestaurant.com", "ratingColor": "C5DE35", "location": {"formattedAddress": ["135 Kitchener Rd.", "Singapore"], "lat": 1.3099968901030798, "lng": 103.85747016251791, "country": "Singapore", "distance": 736, "city": "Singapore", "cc": "SG", "address": "135 Kitchener Rd.", "labeledLatLngs": [{"lng": 103.85747016251791, "label": "display", "lat": 1.3099968901030798}]}, "hours": {"isLocalHoliday": false, "isOpen": true, "status": "Open until 10:30 PM"}, "verified": false, "price": {"tier": 1, "currency": "$", "message": "Cheap"}}, "referralId": "e-3-4b409a14f964a52041b925e3-12", "tips": [{"logView": true, "createdAt": 1288512808, "agreeCount": 2, "likes": {"groups": [], "summary": "2 likes", "count": 2}, "id": "4ccd25285935bfb711b96e5b", "text": "Must try: Beef stew, paper chicken, spare ribs, apple soup. Liberal use of oil though - classic Cantonese!  Two branches - Kitchener (original, smaller space) and Pasir Panjang.", "type": "user", "url": "http://www.hillmanrestaurant.com/", "user": {"gender": "female", "id": "1325511", "photo": {"prefix": "https://igx.4sqi.net/img/user/", "suffix": "/X41LZU44TF4JDCH1.jpg"}, "firstName": "Mei", "lastName": "Chee"}, "canonicalUrl": "https://foursquare.com/item/4ccd25285935bfb711b96e5b", "todo": {"count": 2}, "disagreeCount": 0}]}, {"reasons": {"items": [{"reasonName": "globalInteractionReason", "summary": "This spot is popular", "type": "general"}], "count": 0}, "venue": {"hereNow": {"groups": [], "summary": "Nobody here", "count": 0}, "contact": {}, "photos": {"groups": [], "count": 0}, "rating": 7.5, "name": "Collin's Grille . Bento", "ratingSignals": 18, "allowMenuUrlEdit": true, "categories": [{"pluralName": "Restaurants", "id": "4bf58dd8d48988d1c4941735", "primary": true, "icon": {"prefix": "https://ss3.4sqi.net/img/categories_v2/food/default_", "suffix": ".png"}, "name": "Restaurant", "shortName": "Restaurant"}], "stats": {"checkinsCount": 205, "usersCount": 124, "tipCount": 6}, "id": "54439de6498ed34e011a92b4", "beenHere": {"lastCheckinExpiredAt": 0, "count": 0, "marked": false}, "ratingColor": "C5DE35", "location": {"formattedAddress": ["803 King George's Ave #01-206", "Singapore"], "lat": 1.308226, "lng": 103.861694, "country": "Singapore", "distance": 622, "city": "Singapore", "cc": "SG", "address": "803 King George's Ave #01-206", "labeledLatLngs": [{"lng": 103.861694, "label": "display", "lat": 1.308226}]}, "verified": false, "price": {"tier": 2, "currency": "$", "message": "Moderate"}}, "referralId": "e-3-54439de6498ed34e011a92b4-13", "tips": [{"logView": true, "photo": {"id": "557c82e0498ed387bc98b910", "visibility": "public", "source": {"name": "Foursquare for iOS", "url": "https://foursquare.com/download/#/iphone"}, "suffix": "/11627236_yMnELoigUKOQEzz7FgMdmGR6p1bz3C-s66JxdM9fhRw.jpg", "createdAt": 1434223328, "prefix": "https://igx.4sqi.net/img/general/", "width": 1920, "height": 1439}, "createdAt": 1434223323, "todo": {"count": 0}, "agreeCount": 2, "likes": {"groups": [], "summary": "1 like", "count": 1}, "lastVoteText": "Upvoted May 6", "id": "557c82db498ef607bf18684d", "text": "Pasta is not bad here.", "disagreeCount": 0, "lastUpvoteTimestamp": 1494045077, "user": {"gender": "male", "id": "11627236", "photo": {"prefix": "https://igx.4sqi.net/img/user/", "suffix": "/ZHT02M4CS4YURRJL.jpg"}, "firstName": "Feng Run", "lastName": "Chouw"}, "canonicalUrl": "https://foursquare.com/item/557c82db498ef607bf18684d", "type": "user", "photourl": "https://igx.4sqi.net/img/general/original/11627236_yMnELoigUKOQEzz7FgMdmGR6p1bz3C-s66JxdM9fhRw.jpg"}]}, {"reasons": {"items": [{"reasonName": "globalInteractionReason", "summary": "This spot is popular", "type": "general"}], "count": 0}, "venue": {"hereNow": {"groups": [], "summary": "Nobody here", "count": 0}, "contact": {"phone": "+6562912698", "formattedPhone": "+65 6291 2698"}, "photos": {"groups": [], "count": 0}, "rating": 7.0, "name": "AEIOU Cafe", "ratingSignals": 98, "allowMenuUrlEdit": true, "categories": [{"pluralName": "Caf\u00e9s", "id": "4bf58dd8d48988d16d941735", "primary": true, "icon": {"prefix": "https://ss3.4sqi.net/img/categories_v2/food/cafe_", "suffix": ".png"}, "name": "Caf\u00e9", "shortName": "Caf\u00e9"}], "stats": {"checkinsCount": 590, "usersCount": 417, "tipCount": 41}, "id": "54ab9c1c498eeb0561e9e454", "beenHere": {"lastCheckinExpiredAt": 0, "count": 0, "marked": false}, "ratingColor": "C5DE35", "location": {"formattedAddress": ["111 King George's Ave", "208559", "Singapore"], "postalCode": "208559", "lat": 1.3101051161143857, "lng": 103.86162045362028, "country": "Singapore", "distance": 424, "city": "Singapore", "cc": "SG", "address": "111 King George's Ave", "labeledLatLngs": [{"lng": 103.86162045362028, "label": "display", "lat": 1.3101051161143857}]}, "hours": {"isLocalHoliday": false, "isOpen": false, "status": "Closed until 10:00 AM tomorrow"}, "verified": false, "price": {"tier": 1, "currency": "$", "message": "Cheap"}}, "referralId": "e-3-54ab9c1c498eeb0561e9e454-14", "tips": [{"id": "55019da5498ec72d392c90bf", "text": "Avocado coffee is a shot to the heart and prepare ur tummies for the huge roasted chicken. Mushroom soup is def mushroomy and creamy. Vintage decor adds a quirky charm to the place.", "disagreeCount": 0, "logView": true, "createdAt": 1426169253, "likes": {"groups": [], "summary": "8 likes", "count": 8}, "todo": {"count": 0}, "agreeCount": 8, "canonicalUrl": "https://foursquare.com/item/55019da5498ec72d392c90bf", "type": "user", "user": {"gender": "female", "id": "42668193", "photo": {"prefix": "https://igx.4sqi.net/img/user/", "suffix": "/TD0GT2403DBIQDT5.jpg"}, "firstName": "Elizabeth", "lastName": "Lee"}}]}, {"reasons": {"items": [{"reasonName": "globalInteractionReason", "summary": "This spot is popular", "type": "general"}], "count": 0}, "venue": {"hereNow": {"groups": [], "summary": "Nobody here", "count": 0}, "contact": {"phone": "+6562971220", "formattedPhone": "+65 6297 1220"}, "photos": {"groups": [], "count": 0}, "rating": 7.1, "name": "Nature's Harvest Cafe", "ratingSignals": 13, "allowMenuUrlEdit": true, "categories": [{"pluralName": "Vegetarian / Vegan Restaurants", "id": "4bf58dd8d48988d1d3941735", "primary": true, "icon": {"prefix": "https://ss3.4sqi.net/img/categories_v2/food/vegetarian_", "suffix": ".png"}, "name": "Vegetarian / Vegan Restaurant", "shortName": "Vegetarian / Vegan"}], "stats": {"checkinsCount": 81, "usersCount": 54, "tipCount": 7}, "id": "4c821ef574d7b60c1f1e7dd8", "beenHere": {"lastCheckinExpiredAt": 0, "count": 0, "marked": false}, "ratingColor": "C5DE35", "location": {"formattedAddress": ["#01-01, 60 Somme Road", "207876", "Singapore"], "postalCode": "207876", "lat": 1.3121337304779714, "lng": 103.85791179729944, "country": "Singapore", "distance": 589, "city": "Singapore", "cc": "SG", "address": "#01-01, 60 Somme Road", "labeledLatLngs": [{"lng": 103.85791179729944, "label": "display", "lat": 1.3121337304779714}]}, "hours": {"isLocalHoliday": false, "isOpen": false, "status": "Closed until 11:00 AM tomorrow"}, "verified": false, "price": {"tier": 2, "currency": "$", "message": "Moderate"}}, "referralId": "e-3-4c821ef574d7b60c1f1e7dd8-15", "tips": [{"id": "560908bb498ea4aa161a9233", "text": "Organic coffee and Lei Cha are really good..will be back for sure", "disagreeCount": 0, "logView": true, "createdAt": 1443432635, "likes": {"groups": [], "summary": "1 like", "count": 1}, "todo": {"count": 0}, "agreeCount": 1, "canonicalUrl": "https://foursquare.com/item/560908bb498ea4aa161a9233", "type": "user", "user": {"gender": "female", "id": "135517011", "photo": {"prefix": "https://igx.4sqi.net/img/user/", "suffix": "/135517011-RQMZ01PPCT5NV122.jpg"}, "firstName": "Mandy", "lastName": "Govender"}}]}, {"reasons": {"items": [{"reasonName": "globalInteractionReason", "summary": "This spot is popular", "type": "general"}], "count": 0}, "venue": {"hereNow": {"groups": [], "summary": "Nobody here", "count": 0}, "contact": {"facebook": "265812522802", "facebookUsername": "PUTIEN.RESTAURANT", "facebookName": "PUTIEN RESTAURANT", "formattedPhone": "+65 6295 6358", "twitter": "putien_sg", "phone": "+6562956358"}, "photos": {"groups": [], "count": 0}, "rating": 7.4, "name": "PUTIEN Restaurant \u8386\u7530\u83dc\u9986", "ratingSignals": 53, "allowMenuUrlEdit": true, "categories": [{"pluralName": "Chinese Restaurants", "id": "4bf58dd8d48988d145941735", "primary": true, "icon": {"prefix": "https://ss3.4sqi.net/img/categories_v2/food/asian_", "suffix": ".png"}, "name": "Chinese Restaurant", "shortName": "Chinese"}], "stats": {"checkinsCount": 1321, "usersCount": 1033, "tipCount": 25}, "id": "4df20817d4c01ff6b2e60583", "beenHere": {"lastCheckinExpiredAt": 0, "count": 0, "marked": false}, "url": "http://www.putien.com", "ratingColor": "C5DE35", "location": {"formattedAddress": ["127 Kitchener Road", "208514", "Singapore"], "postalCode": "208514", "lat": 1.3098955386957727, "lng": 103.85757207810948, "country": "Singapore", "distance": 733, "city": "Singapore", "cc": "SG", "address": "127 Kitchener Road", "labeledLatLngs": [{"lng": 103.85757207810948, "label": "display", "lat": 1.3098955386957727}]}, "hours": {"isLocalHoliday": false, "isOpen": true, "status": "Likely open"}, "verified": true, "price": {"tier": 1, "currency": "$", "message": "Cheap"}, "storeId": ""}, "referralId": "e-3-4df20817d4c01ff6b2e60583-16", "tips": [{"id": "524c1a03498e44f9d4a0c264", "text": "Good service, reasonable prices and tasty henghua style dishes. No wonder it's crowded on a weekday night.", "disagreeCount": 0, "logView": true, "createdAt": 1380719107, "likes": {"groups": [], "summary": "1 like", "count": 1}, "todo": {"count": 2}, "agreeCount": 1, "canonicalUrl": "https://foursquare.com/item/524c1a03498e44f9d4a0c264", "type": "user", "user": {"id": "55390456", "photo": {"prefix": "https://igx.4sqi.net/img/user/", "suffix": "/55390456_xjGWfjYZ_UAMBNliBjCxql6WleMj7JVZzY9y3t2_6WtR-3ecn7WlfLcMpWqn7tIYj_11T_fb-.jpg"}, "firstName": "Ting", "gender": "female"}}]}, {"reasons": {"items": [{"reasonName": "globalInteractionReason", "summary": "This spot is popular", "type": "general"}], "count": 0}, "venue": {"hereNow": {"groups": [], "summary": "Nobody here", "count": 0}, "contact": {"phone": "+6566342322", "formattedPhone": "+65 6634 2322"}, "photos": {"groups": [], "count": 0}, "rating": 7.3, "name": "Din Tai Fung \u9f0e\u6cf0\u8c50", "ratingSignals": 25, "allowMenuUrlEdit": true, "categories": [{"pluralName": "Dim Sum Restaurants", "id": "4bf58dd8d48988d1f5931735", "primary": true, "icon": {"prefix": "https://ss3.4sqi.net/img/categories_v2/food/dimsum_", "suffix": ".png"}, "name": "Dim Sum Restaurant", "shortName": "Dim Sum"}], "stats": {"checkinsCount": 266, "usersCount": 215, "tipCount": 7}, "id": "5753b779498e9fd599d13c7e", "beenHere": {"lastCheckinExpiredAt": 0, "count": 0, "marked": false}, "url": "http://www.dintaifung.com.sg", "ratingColor": "C5DE35", "location": {"lng": 103.85636041990688, "formattedAddress": ["City Square Mall (180 Kitchener Road)", "208539", "Singapore"], "postalCode": "208539", "lat": 1.3111406856772843, "crossStreet": "180 Kitchener Road", "country": "Singapore", "distance": 788, "city": "Singapore", "cc": "SG", "address": "City Square Mall", "labeledLatLngs": [{"lng": 103.85636041990688, "label": "display", "lat": 1.3111406856772843}]}, "hours": {"isLocalHoliday": false, "isOpen": true, "status": "Likely open"}, "verified": false, "price": {"tier": 2, "currency": "$", "message": "Moderate"}}, "referralId": "e-3-5753b779498e9fd599d13c7e-17", "tips": [{"logView": true, "photo": {"id": "58c2f0d2fbe8ff085c9c6964", "visibility": "public", "source": {"name": "Foursquare for iOS", "url": "https://foursquare.com/download/#/iphone"}, "suffix": "/2371492_L-C63FK0yK0d5wq6akeHuHVp5MgoWyatC6fxu1uzTks.jpg", "createdAt": 1489170642, "prefix": "https://igx.4sqi.net/img/general/", "width": 1440, "height": 1920}, "createdAt": 1489170635, "agreeCount": 0, "id": "58c2f0cb3e9dfb165ece5b57", "text": "Rice with shredded pork was awesome!", "type": "user", "disagreeCount": 0, "user": {"gender": "male", "id": "2371492", "photo": {"prefix": "https://igx.4sqi.net/img/user/", "suffix": "/2371492-CY34AA42SNNFWGPW.jpg"}, "firstName": "Karthik", "lastName": "Selvarajan"}, "canonicalUrl": "https://foursquare.com/item/58c2f0cb3e9dfb165ece5b57", "todo": {"count": 0}, "photourl": "https://igx.4sqi.net/img/general/original/2371492_L-C63FK0yK0d5wq6akeHuHVp5MgoWyatC6fxu1uzTks.jpg"}]}, {"reasons": {"items": [{"reasonName": "globalInteractionReason", "summary": "This spot is popular", "type": "general"}], "count": 0}, "venue": {"hereNow": {"groups": [], "summary": "Nobody here", "count": 0}, "contact": {"phone": "+6562912372", "formattedPhone": "+65 6291 2372"}, "photos": {"groups": [], "count": 0}, "rating": 7.0, "name": "Burger King", "ratingSignals": 18, "allowMenuUrlEdit": true, "categories": [{"pluralName": "Fast Food Restaurants", "id": "4bf58dd8d48988d16e941735", "primary": true, "icon": {"prefix": "https://ss3.4sqi.net/img/categories_v2/food/fastfood_", "suffix": ".png"}, "name": "Fast Food Restaurant", "shortName": "Fast Food"}], "stats": {"checkinsCount": 551, "usersCount": 319, "tipCount": 1}, "id": "54a0ceca498ee55ba16293d0", "beenHere": {"lastCheckinExpiredAt": 0, "count": 0, "marked": false}, "ratingColor": "C5DE35", "location": {"formattedAddress": ["Kitchener Complex", "Singapore"], "lat": 1.3083405982128604, "lng": 103.8626000087238, "distance": 595, "country": "Singapore", "cc": "SG", "address": "Kitchener Complex", "labeledLatLngs": [{"lng": 103.8626000087238, "label": "display", "lat": 1.3083405982128604}]}, "hours": {"isLocalHoliday": false, "isOpen": true, "status": "Likely open"}, "verified": false, "price": {"tier": 1, "currency": "$", "message": "Cheap"}}, "referralId": "e-3-54a0ceca498ee55ba16293d0-18", "tips": [{"logView": true, "photo": {"id": "571777d6498e6d05d5333b81", "visibility": "public", "source": {"name": "Foursquare for Android", "url": "https://foursquare.com/download/#/android"}, "suffix": "/37296990_qkS5xRIytRrKCkgHEzfmn6NfLyfKIrD-M27yZsurEac.jpg", "createdAt": 1461155798, "prefix": "https://igx.4sqi.net/img/general/", "width": 960, "height": 960}, "createdAt": 1461148831, "agreeCount": 0, "id": "57175c9fcd10e5c015cf2b62", "text": "Warmest BK ever, so warm the place has at least 5 fans inside the supposedly air-conditioned outlet.", "type": "user", "disagreeCount": 0, "user": {"gender": "none", "id": "37296990", "photo": {"prefix": "https://igx.4sqi.net/img/user/", "default": true, "suffix": "/blank_boy.png"}, "firstName": "XY", "lastName": "T"}, "canonicalUrl": "https://foursquare.com/item/57175c9fcd10e5c015cf2b62", "todo": {"count": 0}, "photourl": "https://igx.4sqi.net/img/general/original/37296990_qkS5xRIytRrKCkgHEzfmn6NfLyfKIrD-M27yZsurEac.jpg"}]}, {"reasons": {"items": [{"reasonName": "globalInteractionReason", "summary": "This spot is popular", "type": "general"}], "count": 0}, "venue": {"hereNow": {"groups": [], "summary": "Nobody here", "count": 0}, "contact": {"phone": "+6562922434", "formattedPhone": "+65 6292 2434"}, "photos": {"groups": [], "count": 0}, "rating": 7.0, "name": "Sri Lukshmi Naarasimhan Restaurant", "ratingSignals": 8, "allowMenuUrlEdit": true, "categories": [{"pluralName": "Indian Restaurants", "id": "4bf58dd8d48988d10f941735", "primary": true, "icon": {"prefix": "https://ss3.4sqi.net/img/categories_v2/food/indian_", "suffix": ".png"}, "name": "Indian Restaurant", "shortName": "Indian"}], "stats": {"checkinsCount": 159, "usersCount": 69, "tipCount": 6}, "id": "4d7198e7311f6ea854efceea", "beenHere": {"lastCheckinExpiredAt": 0, "count": 0, "marked": false}, "ratingColor": "C5DE35", "location": {"formattedAddress": ["438 Serangoon Rd", "218133", "Singapore"], "postalCode": "218133", "lat": 1.3129246223290565, "lng": 103.8562924767758, "country": "Singapore", "distance": 748, "city": "Singapore", "cc": "SG", "address": "438 Serangoon Rd", "labeledLatLngs": [{"lng": 103.8562924767758, "label": "display", "lat": 1.3129246223290565}]}, "verified": false, "price": {"tier": 2, "currency": "$", "message": "Moderate"}}, "referralId": "e-3-4d7198e7311f6ea854efceea-19", "tips": [{"logView": true, "createdAt": 1469859940, "agreeCount": 1, "lastVoteText": "Upvoted May 13", "id": "579c4864498e1f7b94ab9c26", "text": "Worst service for a unreasonably pricey food. Go if you're dumb. There are only two, if you are lucky three, old ladies to serve who usually forget the order. God bless you if you still want to.", "type": "user", "disagreeCount": 0, "lastUpvoteTimestamp": 1494676114, "user": {"id": "41099456", "photo": {"prefix": "https://igx.4sqi.net/img/user/", "default": true, "suffix": "/blank_boy.png"}, "firstName": "!ndianOnRun", "gender": "male"}, "canonicalUrl": "https://foursquare.com/item/579c4864498e1f7b94ab9c26", "todo": {"count": 0}}]}], "name": "recommended", "type": "Recommended Places"}], "query": "food", "headerLocation": "Central Region"}}