{"meta": {"code": 200, "requestId": "595a3bb7dd57972d492a1492"}, "response": {"suggestedFilters": {"filters": [{"name": "Open now", "key": "openNow"}], "header": "Tap to show:"}, "totalResults": 60, "headerFullLocation": "Central Region, Singapore", "headerLocationGranularity": "neighborhood", "suggestedBounds": {"ne": {"lng": 103.89043600068642, "lat": 1.334076721912617}, "sw": {"lng": 103.87605901767357, "lat": 1.3196767075126028}}, "groups": [{"items": [{"reasons": {"items": [{"reasonName": "globalInteractionReason", "summary": "This spot is popular", "type": "general"}], "count": 0}, "venue": {"hereNow": {"groups": [], "summary": "Nobody here", "count": 0}, "contact": {}, "photos": {"groups": [], "count": 0}, "name": "Eastern Red Eating House", "allowMenuUrlEdit": true, "beenHere": {"lastCheckinExpiredAt": 0, "count": 0, "marked": false}, "stats": {"checkinsCount": 119, "usersCount": 59, "tipCount": 4}, "id": "4bfe5955f61dc9b64a42a0de", "categories": [{"pluralName": "Chinese Restaurants", "id": "4bf58dd8d48988d145941735", "primary": true, "icon": {"prefix": "https://ss3.4sqi.net/img/categories_v2/food/asian_", "suffix": ".png"}, "name": "Chinese Restaurant", "shortName": "Chinese"}], "location": {"formattedAddress": ["552 Macpherson Road", "368229", "Singapore"], "postalCode": "368229", "lat": 1.3327643770154474, "lng": 103.88495049963974, "country": "Singapore", "distance": 682, "city": "Singapore", "cc": "SG", "address": "552 Macpherson Road", "labeledLatLngs": [{"lng": 103.88495049963974, "label": "display", "lat": 1.3327643770154474}]}, "verified": false, "price": {"tier": 1, "currency": "$", "message": "Cheap"}}, "referralId": "e-3-4bfe5955f61dc9b64a42a0de-50", "tips": [{"id": "4d2ee189da7cb60c33c072d4", "text": "Dried Anchovy French Bean is a must try!", "disagreeCount": 0, "logView": true, "createdAt": 1294918025, "likes": {"groups": [], "summary": "1 like", "count": 1}, "todo": {"count": 0}, "agreeCount": 0, "canonicalUrl": "https://foursquare.com/item/4d2ee189da7cb60c33c072d4", "type": "user", "user": {"id": "2518973", "photo": {"prefix": "https://igx.4sqi.net/img/user/", "suffix": "/PZANMTWNSASXLJ1V.jpg"}, "firstName": "Tze Loong", "gender": "male"}}]}, {"reasons": {"items": [{"reasonName": "globalInteractionReason", "summary": "This spot is popular", "type": "general"}], "count": 0}, "venue": {"hereNow": {"groups": [], "summary": "Nobody here", "count": 0}, "contact": {"phone": "+6567455706", "formattedPhone": "+65 6745 5706"}, "photos": {"groups": [], "count": 0}, "name": "Garden Pastry & Cake", "allowMenuUrlEdit": true, "beenHere": {"lastCheckinExpiredAt": 0, "count": 0, "marked": false}, "stats": {"checkinsCount": 462, "usersCount": 149, "tipCount": 11}, "id": "4c3174af3896e21eff1fe790", "categories": [{"pluralName": "Bakeries", "id": "4bf58dd8d48988d16a941735", "primary": true, "icon": {"prefix": "https://ss3.4sqi.net/img/categories_v2/food/bakery_", "suffix": ".png"}, "name": "Bakery", "shortName": "Bakery"}], "location": {"lng": 103.88636469841003, "formattedAddress": ["505-507 Blk 95 Aljunied Crescent (Opposite NTUC Fairprice/Watsons)", "SG", "Singapore"], "postalCode": "SG", "lat": 1.3214286757864648, "crossStreet": "Opposite NTUC Fairprice/Watsons", "country": "Singapore", "distance": 698, "city": "Singapore", "cc": "SG", "address": "505-507 Blk 95 Aljunied Crescent", "labeledLatLngs": [{"lng": 103.88636469841003, "label": "display", "lat": 1.3214286757864648}]}, "hours": {"isLocalHoliday": false, "isOpen": true, "status": "Likely open"}, "verified": false, "price": {"tier": 1, "currency": "$", "message": "Cheap"}}, "referralId": "e-3-4c3174af3896e21eff1fe790-51", "tips": [{"id": "4cb704fa52edb1f755cd72fe", "text": "Nice pancake", "disagreeCount": 0, "logView": true, "createdAt": 1287062778, "likes": {"groups": [], "summary": "2 likes", "count": 2}, "todo": {"count": 0}, "agreeCount": 0, "canonicalUrl": "https://foursquare.com/item/4cb704fa52edb1f755cd72fe", "type": "user", "user": {"gender": "male", "id": "3374571", "photo": {"prefix": "https://igx.4sqi.net/img/user/", "suffix": "/P3W2F0TTZNFJ5NOR.jpg"}, "firstName": "David", "lastName": "Chow"}}]}, {"reasons": {"items": [{"reasonName": "globalInteractionReason", "summary": "This spot is popular", "type": "general"}], "count": 0}, "venue": {"hereNow": {"groups": [], "summary": "Nobody here", "count": 0}, "contact": {}, "photos": {"groups": [], "count": 0}, "name": "Thai Kitchen\u2022BBQ Steamboat", "allowMenuUrlEdit": true, "beenHere": {"lastCheckinExpiredAt": 0, "count": 0, "marked": false}, "stats": {"checkinsCount": 91, "usersCount": 61, "tipCount": 0}, "id": "4ce4adf4b437370429caf4ce", "categories": [{"pluralName": "Thai Restaurants", "id": "4bf58dd8d48988d149941735", "primary": true, "icon": {"prefix": "https://ss3.4sqi.net/img/categories_v2/food/thai_", "suffix": ".png"}, "name": "Thai Restaurant", "shortName": "Thai"}], "location": {"formattedAddress": ["Kallang Way Food Place", "Singapore"], "lat": 1.3220400567292074, "lng": 103.87921929359436, "distance": 700, "country": "Singapore", "cc": "SG", "address": "Kallang Way Food Place", "labeledLatLngs": [{"lng": 103.87921929359436, "label": "display", "lat": 1.3220400567292074}]}, "verified": false, "price": {"tier": 2, "currency": "$", "message": "Moderate"}}, "referralId": "e-3-4ce4adf4b437370429caf4ce-52"}, {"reasons": {"items": [{"reasonName": "globalInteractionReason", "summary": "This spot is popular", "type": "general"}], "count": 0}, "venue": {"contact": {}, "photos": {"groups": [], "count": 0}, "name": "Food Court @ Tannery House", "allowMenuUrlEdit": true, "beenHere": {"lastCheckinExpiredAt": 0, "count": 0, "marked": false}, "stats": {"checkinsCount": 442, "usersCount": 83, "tipCount": 7}, "id": "4cda3203fc973704d3f7c605", "categories": [{"pluralName": "Food Courts", "id": "4bf58dd8d48988d120951735", "primary": true, "icon": {"prefix": "https://ss3.4sqi.net/img/categories_v2/shops/food_foodcourt_", "suffix": ".png"}, "name": "Food Court", "shortName": "Food Court"}], "location": {"formattedAddress": ["Tannery Lane", "Singapore"], "lat": 1.3282874678571013, "lng": 103.87689212235931, "distance": 724, "country": "Singapore", "cc": "SG", "address": "Tannery Lane", "labeledLatLngs": [{"lng": 103.87689212235931, "label": "display", "lat": 1.3282874678571013}]}, "hours": {"isLocalHoliday": false, "isOpen": false}, "verified": false, "hereNow": {"groups": [], "summary": "Nobody here", "count": 0}}, "referralId": "e-3-4cda3203fc973704d3f7c605-53", "tips": [{"id": "4ce60c77595cb1f7dc38ba14", "text": "Try the Asian Cuisine!", "disagreeCount": 0, "logView": true, "createdAt": 1290144887, "likes": {"groups": [], "summary": "2 likes", "count": 2}, "todo": {"count": 0}, "agreeCount": 0, "canonicalUrl": "https://foursquare.com/item/4ce60c77595cb1f7dc38ba14", "type": "user", "user": {"gender": "male", "id": "3606589", "photo": {"prefix": "https://igx.4sqi.net/img/user/", "suffix": "/TTBEETNETHE4DELT.jpg"}, "firstName": "Jasmond", "lastName": "Wong"}}]}, {"reasons": {"items": [{"reasonName": "globalInteractionReason", "summary": "This spot is popular", "type": "general"}], "count": 0}, "venue": {"hereNow": {"groups": [], "summary": "Nobody here", "count": 0}, "contact": {}, "photos": {"groups": [], "count": 0}, "name": "DJ Bakery", "allowMenuUrlEdit": true, "beenHere": {"lastCheckinExpiredAt": 0, "count": 0, "marked": false}, "stats": {"checkinsCount": 122, "usersCount": 21, "tipCount": 1}, "id": "4efb0fad6da1f7b664318308", "categories": [{"pluralName": "Bakeries", "id": "4bf58dd8d48988d16a941735", "primary": true, "icon": {"prefix": "https://ss3.4sqi.net/img/categories_v2/food/bakery_", "suffix": ".png"}, "name": "Bakery", "shortName": "Bakery"}], "location": {"formattedAddress": ["Aljunied", "Singapore"], "lat": 1.3212211404760033, "lng": 103.88654184471177, "country": "Singapore", "distance": 728, "city": "Singapore", "cc": "SG", "address": "Aljunied", "labeledLatLngs": [{"lng": 103.88654184471177, "label": "display", "lat": 1.3212211404760033}]}, "verified": false, "price": {"tier": 1, "currency": "$", "message": "Cheap"}}, "referralId": "e-3-4efb0fad6da1f7b664318308-54", "tips": [{"id": "4f93f0c0e4b0242d61c9931b", "text": "I love the blueberry donut that's filled in:)", "disagreeCount": 0, "createdAt": 1335095488, "logView": true, "todo": {"count": 0}, "agreeCount": 0, "canonicalUrl": "https://foursquare.com/item/4f93f0c0e4b0242d61c9931b", "type": "user", "user": {"gender": "female", "id": "17787823", "photo": {"prefix": "https://igx.4sqi.net/img/user/", "suffix": "/2FTQIQJBSXHZTBLE.jpg"}, "firstName": "Faith", "lastName": "Foon"}}]}, {"reasons": {"items": [{"reasonName": "globalInteractionReason", "summary": "This spot is popular", "type": "general"}], "count": 0}, "venue": {"id": "4e5c60c72271b7fb29645ba6", "hereNow": {"groups": [], "summary": "Nobody here", "count": 0}, "contact": {}, "beenHere": {"lastCheckinExpiredAt": 0, "count": 0, "marked": false}, "photos": {"groups": [], "count": 0}, "name": "Hai Sing Kway Chap", "location": {"formattedAddress": ["Aljunied Crescent", "Singapore"], "lat": 1.321174, "lng": 103.886597, "country": "Singapore", "distance": 736, "city": "Singapore", "cc": "SG", "address": "Aljunied Crescent", "labeledLatLngs": [{"lng": 103.886597, "label": "display", "lat": 1.321174}]}, "allowMenuUrlEdit": true, "verified": false, "categories": [{"pluralName": "Food", "id": "4d4b7105d754a06374d81259", "primary": true, "icon": {"prefix": "https://ss3.4sqi.net/img/categories_v2/food/default_", "suffix": ".png"}, "name": "Food", "shortName": "Food"}], "stats": {"checkinsCount": 118, "usersCount": 15, "tipCount": 0}}, "referralId": "e-3-4e5c60c72271b7fb29645ba6-55"}, {"reasons": {"items": [{"reasonName": "globalInteractionReason", "summary": "This spot is popular", "type": "general"}], "count": 0}, "venue": {"hereNow": {"groups": [], "summary": "Nobody here", "count": 0}, "contact": {}, "photos": {"groups": [], "count": 0}, "name": "83 Genting Lane", "allowMenuUrlEdit": true, "beenHere": {"lastCheckinExpiredAt": 0, "count": 0, "marked": false}, "stats": {"checkinsCount": 35, "usersCount": 18, "tipCount": 0}, "id": "4ce0a68ef8a4a143ea29e6bc", "categories": [{"pluralName": "Chinese Restaurants", "id": "4bf58dd8d48988d145941735", "primary": true, "icon": {"prefix": "https://ss3.4sqi.net/img/categories_v2/food/asian_", "suffix": ".png"}, "name": "Chinese Restaurant", "shortName": "Chinese"}], "location": {"formattedAddress": ["Singapore"], "lat": 1.3264887590073748, "lng": 103.87653536753386, "distance": 748, "country": "Singapore", "cc": "SG", "labeledLatLngs": [{"lng": 103.87653536753386, "label": "display", "lat": 1.3264887590073748}]}, "verified": false, "price": {"tier": 1, "currency": "$", "message": "Cheap"}}, "referralId": "e-3-4ce0a68ef8a4a143ea29e6bc-56"}, {"reasons": {"items": [{"reasonName": "globalInteractionReason", "summary": "This spot is popular", "type": "general"}], "count": 0}, "venue": {"hereNow": {"groups": [], "summary": "Nobody here", "count": 0}, "contact": {}, "photos": {"groups": [], "count": 0}, "name": "Saybons French Food Factory", "allowMenuUrlEdit": true, "beenHere": {"lastCheckinExpiredAt": 0, "count": 0, "marked": false}, "stats": {"checkinsCount": 52, "usersCount": 36, "tipCount": 5}, "id": "507e5499e4b0044f8edf81b8", "categories": [{"pluralName": "French Restaurants", "id": "4bf58dd8d48988d10c941735", "primary": true, "icon": {"prefix": "https://ss3.4sqi.net/img/categories_v2/food/french_", "suffix": ".png"}, "name": "French Restaurant", "shortName": "French"}], "location": {"formattedAddress": ["Singapore"], "lat": 1.3216045321850112, "lng": 103.88745362017093, "distance": 750, "country": "Singapore", "cc": "SG", "labeledLatLngs": [{"lng": 103.88745362017093, "label": "display", "lat": 1.3216045321850112}]}, "verified": false, "price": {"tier": 3, "currency": "$", "message": "Expensive"}}, "referralId": "e-3-507e5499e4b0044f8edf81b8-57", "tips": [{"logView": true, "photo": {"id": "509decaee4b00adc5ded80a5", "visibility": "public", "source": {"name": "Foursquare for iOS", "url": "https://foursquare.com/download/#/iphone"}, "suffix": "/1294299_a_hm-1dlzRahQsadew3sCLHiYXvDS4M7EZP05vD4scs.jpg", "createdAt": 1352527022, "prefix": "https://igx.4sqi.net/img/general/", "width": 720, "height": 537}, "createdAt": 1352526997, "todo": {"count": 1}, "agreeCount": 2, "likes": {"groups": [], "summary": "2 likes", "count": 2}, "id": "509dec95e4b0c4d83bbdb579", "text": "Food is very good! Escargots, Crepes, Weekend Brunch, Soups, etc and delicious Coffee!", "disagreeCount": 0, "user": {"gender": "female", "id": "1294299", "photo": {"prefix": "https://igx.4sqi.net/img/user/", "suffix": "/QH4QMR2JSX43WLXK.jpg"}, "firstName": "Li Lian", "lastName": "Mah"}, "canonicalUrl": "https://foursquare.com/item/509dec95e4b0c4d83bbdb579", "type": "user", "photourl": "https://igx.4sqi.net/img/general/original/1294299_a_hm-1dlzRahQsadew3sCLHiYXvDS4M7EZP05vD4scs.jpg"}]}, {"reasons": {"items": [{"reasonName": "globalInteractionReason", "summary": "This spot is popular", "type": "general"}], "count": 0}, "venue": {"hereNow": {"groups": [{"items": [], "name": "Other people here", "count": 1, "type": "others"}], "summary": "One other person is here", "count": 1}, "contact": {}, "photos": {"groups": [], "count": 0}, "name": "\u5409\u660e\u5c0f\u98df Ji Ming Cooked Food", "allowMenuUrlEdit": true, "beenHere": {"lastCheckinExpiredAt": 0, "count": 0, "marked": false}, "stats": {"checkinsCount": 87, "usersCount": 14, "tipCount": 3}, "id": "4cc1695067a3b1f73932c80e", "categories": [{"pluralName": "Thai Restaurants", "id": "4bf58dd8d48988d149941735", "primary": true, "icon": {"prefix": "https://ss3.4sqi.net/img/categories_v2/food/thai_", "suffix": ".png"}, "name": "Thai Restaurant", "shortName": "Thai"}], "location": {"formattedAddress": ["Blk 117 Aljunied Ave 2 #01-46", "#01-46", "Singapore"], "postalCode": "#01-46", "lat": 1.3207067769298562, "lng": 103.88655883426097, "country": "Singapore", "distance": 779, "city": "Singapore", "cc": "SG", "address": "Blk 117 Aljunied Ave 2 #01-46", "labeledLatLngs": [{"lng": 103.88655883426097, "label": "display", "lat": 1.3207067769298562}]}, "verified": false, "price": {"tier": 2, "currency": "$", "message": "Moderate"}}, "referralId": "e-3-4cc1695067a3b1f73932c80e-58", "tips": [{"id": "4cd2c0b72436b60cd99e86ca", "text": "Affordable but yet delicious food!", "disagreeCount": 0, "logView": true, "createdAt": 1288880311, "likes": {"groups": [], "summary": "4 likes", "count": 4}, "todo": {"count": 0}, "agreeCount": 0, "canonicalUrl": "https://foursquare.com/item/4cd2c0b72436b60cd99e86ca", "type": "user", "user": {"gender": "male", "id": "3081351", "photo": {"prefix": "https://igx.4sqi.net/img/user/", "suffix": "/I5VHU2B10X4DKF4U.jpg"}, "firstName": "kevin", "lastName": "tan"}}]}, {"reasons": {"items": [{"reasonName": "globalInteractionReason", "summary": "This spot is popular", "type": "general"}], "count": 0}, "venue": {"hereNow": {"groups": [], "summary": "Nobody here", "count": 0}, "contact": {}, "photos": {"groups": [], "count": 0}, "name": "lian bee restaurant@ jalan mulia", "allowMenuUrlEdit": true, "beenHere": {"lastCheckinExpiredAt": 0, "count": 0, "marked": false}, "stats": {"checkinsCount": 261, "usersCount": 86, "tipCount": 2}, "id": "4c7f3348a7958cfaee34902b", "categories": [{"pluralName": "Asian Restaurants", "id": "4bf58dd8d48988d142941735", "primary": true, "icon": {"prefix": "https://ss3.4sqi.net/img/categories_v2/food/asian_", "suffix": ".png"}, "name": "Asian Restaurant", "shortName": "Asian"}], "location": {"formattedAddress": ["jalan mulia", "Singapore"], "lat": 1.3325522908886216, "lng": 103.87893073925797, "distance": 793, "country": "Singapore", "cc": "SG", "address": "jalan mulia", "labeledLatLngs": [{"lng": 103.87893073925797, "label": "display", "lat": 1.3325522908886216}]}, "hours": {"isLocalHoliday": false, "isOpen": true, "status": "Likely open"}, "verified": false, "price": {"tier": 2, "currency": "$", "message": "Moderate"}}, "referralId": "e-3-4c7f3348a7958cfaee34902b-59", "tips": [{"id": "4c99930a292a6dcbe2bac776", "text": "Nice Wanton Mee", "disagreeCount": 0, "logView": true, "createdAt": 1285133066, "likes": {"groups": [], "summary": "1 like", "count": 1}, "todo": {"count": 0}, "agreeCount": 0, "canonicalUrl": "https://foursquare.com/item/4c99930a292a6dcbe2bac776", "type": "user", "user": {"gender": "female", "id": "3149869", "photo": {"prefix": "https://igx.4sqi.net/img/user/", "suffix": "/VAABXLI4VHZRQMB3.jpg"}, "firstName": "Wallis", "lastName": "Night"}}]}], "name": "recommended", "type": "Recommended Places"}], "query": "food", "headerLocation": "Central Region"}}