{"meta": {"code": 200, "requestId": "595a3b04351e3d64b24af2a7"}, "response": {"suggestedFilters": {"filters": [{"name": "Open now", "key": "openNow"}], "header": "Tap to show:"}, "totalResults": 54, "headerFullLocation": "Central Region, Singapore", "headerLocationGranularity": "neighborhood", "suggestedBounds": {"ne": {"lng": 103.89653907929178, "lat": 1.3332768901225471}, "sw": {"lng": 103.88216210092622, "lat": 1.3188768757225329}}, "groups": [{"items": [{"reasons": {"items": [{"reasonName": "globalInteractionReason", "summary": "This spot is popular", "type": "general"}], "count": 0}, "venue": {"hereNow": {"groups": [], "summary": "Nobody here", "count": 0}, "contact": {}, "photos": {"groups": [], "count": 0}, "name": "Tian Tian Xiang Claypot Rice \u5929\u5929\u9999\u7802\u9505\u996d", "allowMenuUrlEdit": true, "beenHere": {"lastCheckinExpiredAt": 0, "count": 0, "marked": false}, "stats": {"checkinsCount": 175, "usersCount": 108, "tipCount": 6}, "id": "4c38580e2c8020a12ba08a00", "categories": [{"pluralName": "Asian Restaurants", "id": "4bf58dd8d48988d142941735", "primary": true, "icon": {"prefix": "https://ss3.4sqi.net/img/categories_v2/food/asian_", "suffix": ".png"}, "name": "Asian Restaurant", "shortName": "Asian"}], "location": {"formattedAddress": ["Blk 119, Aljunied Road, #01", "Singapore"], "lat": 1.3196208347076834, "lng": 103.8867570458243, "country": "Singapore", "distance": 774, "city": "Singapore", "cc": "SG", "address": "Blk 119, Aljunied Road, #01", "labeledLatLngs": [{"lng": 103.8867570458243, "label": "display", "lat": 1.3196208347076834}]}, "verified": false, "price": {"tier": 2, "currency": "$", "message": "Moderate"}}, "referralId": "e-3-4c38580e2c8020a12ba08a00-50", "tips": [{"logView": true, "photo": {"id": "5232587c11d28af43a72cb0c", "visibility": "public", "source": {"name": "Foursquare for Android", "url": "https://foursquare.com/download/#/android"}, "suffix": "/1339539_9SBtk7LaF-M6nTLUOVrWAk3OmP2jqTLDPoz-yePYy8k.jpg", "createdAt": 1379031164, "prefix": "https://igx.4sqi.net/img/general/", "width": 960, "height": 960}, "createdAt": 1379031161, "todo": {"count": 0}, "agreeCount": 1, "likes": {"groups": [], "summary": "1 like", "count": 1}, "id": "5232587911d293d71a6104a1", "text": "Super limey belachan chilli goes well with all ingredients. U can call n order in advance. #thomtorieats", "disagreeCount": 0, "user": {"gender": "male", "id": "1339539", "photo": {"prefix": "https://igx.4sqi.net/img/user/", "suffix": "/1339539-AIRJPNFKHLZSMUDJ.jpg"}, "firstName": "Ian", "lastName": "Thomtori"}, "canonicalUrl": "https://foursquare.com/item/5232587911d293d71a6104a1", "type": "user", "photourl": "https://igx.4sqi.net/img/general/original/1339539_9SBtk7LaF-M6nTLUOVrWAk3OmP2jqTLDPoz-yePYy8k.jpg"}]}, {"reasons": {"items": [{"reasonName": "globalInteractionReason", "summary": "This spot is popular", "type": "general"}], "count": 0}, "venue": {"hereNow": {"groups": [], "summary": "Nobody here", "count": 0}, "contact": {}, "photos": {"groups": [], "count": 0}, "name": "Aljunied Ave 2 Block 119 Foodhouse", "allowMenuUrlEdit": true, "beenHere": {"lastCheckinExpiredAt": 0, "count": 0, "marked": false}, "stats": {"checkinsCount": 88, "usersCount": 43, "tipCount": 1}, "id": "4cfcccb12d80a143311353d8", "categories": [{"pluralName": "Chinese Restaurants", "id": "4bf58dd8d48988d145941735", "primary": true, "icon": {"prefix": "https://ss3.4sqi.net/img/categories_v2/food/asian_", "suffix": ".png"}, "name": "Chinese Restaurant", "shortName": "Chinese"}], "location": {"formattedAddress": ["Singapore"], "lat": 1.31967, "lng": 103.88645456666666, "distance": 782, "country": "Singapore", "cc": "SG", "labeledLatLngs": [{"lng": 103.88645456666666, "label": "display", "lat": 1.31967}]}, "verified": false, "price": {"tier": 1, "currency": "$", "message": "Cheap"}}, "referralId": "e-3-4cfcccb12d80a143311353d8-51", "tips": [{"id": "4d1d39292eb1f04d67d1d4c1", "text": "Expensive Tim sum", "disagreeCount": 0, "createdAt": 1293760809, "logView": true, "todo": {"count": 0}, "agreeCount": 0, "canonicalUrl": "https://foursquare.com/item/4d1d39292eb1f04d67d1d4c1", "type": "user", "user": {"gender": "male", "id": "4589189", "photo": {"prefix": "https://igx.4sqi.net/img/user/", "suffix": "/OKQUORYQX5PNN22K.jpg"}, "firstName": "Chee", "lastName": "Fook Sing"}}]}, {"reasons": {"items": [{"reasonName": "globalInteractionReason", "summary": "This spot is popular", "type": "general"}], "count": 0}, "venue": {"hereNow": {"groups": [], "summary": "Nobody here", "count": 0}, "contact": {}, "photos": {"groups": [], "count": 0}, "name": "Ming Kitchen Seafood Restaurant", "allowMenuUrlEdit": true, "beenHere": {"lastCheckinExpiredAt": 0, "count": 0, "marked": false}, "stats": {"checkinsCount": 124, "usersCount": 32, "tipCount": 0}, "id": "4da184607ccc816ee158547b", "categories": [{"pluralName": "Seafood Restaurants", "id": "4bf58dd8d48988d1ce941735", "primary": true, "icon": {"prefix": "https://ss3.4sqi.net/img/categories_v2/food/seafood_", "suffix": ".png"}, "name": "Seafood Restaurant", "shortName": "Seafood"}], "location": {"formattedAddress": ["Blk 119 Aljunied Ave 2 (Aljunied 119 Food House)", "Singapore"], "lat": 1.319565222382722, "lng": 103.88658715018097, "distance": 787, "country": "Singapore", "cc": "SG", "address": "Blk 119 Aljunied Ave 2 (Aljunied 119 Food House)", "labeledLatLngs": [{"lng": 103.88658715018097, "label": "display", "lat": 1.319565222382722}]}, "verified": false, "price": {"tier": 3, "currency": "$", "message": "Expensive"}}, "referralId": "e-3-4da184607ccc816ee158547b-52"}, {"reasons": {"items": [{"reasonName": "globalInteractionReason", "summary": "This spot is popular", "type": "general"}], "count": 0}, "venue": {"hereNow": {"groups": [], "summary": "Nobody here", "count": 0}, "contact": {}, "photos": {"groups": [], "count": 0}, "name": "Ninety Nine Bistro & Kitchen", "allowMenuUrlEdit": true, "beenHere": {"lastCheckinExpiredAt": 0, "count": 0, "marked": false}, "stats": {"checkinsCount": 41, "usersCount": 33, "tipCount": 2}, "id": "5665126c498eec325305a38a", "categories": [{"pluralName": "Malay Restaurants", "id": "4bf58dd8d48988d156941735", "primary": true, "icon": {"prefix": "https://ss3.4sqi.net/img/categories_v2/food/malaysian_", "suffix": ".png"}, "name": "Malay Restaurant", "shortName": "Malay"}], "location": {"formattedAddress": ["Singapore"], "lat": 1.3197158800683242, "lng": 103.89265255549039, "distance": 797, "country": "Singapore", "cc": "SG", "labeledLatLngs": [{"lng": 103.89265255549039, "label": "display", "lat": 1.3197158800683242}]}, "verified": false, "price": {"tier": 2, "currency": "$", "message": "Moderate"}}, "referralId": "e-3-5665126c498eec325305a38a-53", "tips": [{"logView": true, "photo": {"id": "593b82df6cf01a13d335cea0", "visibility": "public", "source": {"name": "Foursquare for iOS", "url": "https://foursquare.com/download/#/iphone"}, "suffix": "/2549520_uvZAuCsEmYA36w-XAuym48TjAYJy-qDaeTqaIqi0hfM.jpg", "createdAt": 1497072351, "prefix": "https://igx.4sqi.net/img/general/", "width": 1920, "height": 1440}, "createdAt": 1497072348, "agreeCount": 0, "id": "593b82dc646e380f3f642a1f", "text": "Lamb bamboo nasi briyani. Come at noon and you wait 30mins to get your freshly cooked briyani. The lamb shank is gloriously juicy.", "type": "user", "disagreeCount": 0, "user": {"gender": "male", "id": "2549520", "photo": {"prefix": "https://igx.4sqi.net/img/user/", "suffix": "/2549520_I23ywToQ_l9wN4MPjZRMsPgzOAXqBqNwiZNp5kBA7Xj2zbrgOXsd0N9HBQTncyM6NjzEPfdKs.jpg"}, "firstName": "Mathew", "lastName": "MadMax"}, "canonicalUrl": "https://foursquare.com/item/593b82dc646e380f3f642a1f", "todo": {"count": 0}, "photourl": "https://igx.4sqi.net/img/general/original/2549520_uvZAuCsEmYA36w-XAuym48TjAYJy-qDaeTqaIqi0hfM.jpg"}]}], "name": "recommended", "type": "Recommended Places"}], "query": "food", "headerLocation": "Central Region"}}