{"meta": {"code": 200, "requestId": "595a3bbb6a6071143c85e83a"}, "response": {"suggestedFilters": {"filters": [{"name": "Open now", "key": "openNow"}], "header": "Tap to show:"}, "totalResults": 62, "headerFullLocation": "Central Region, Singapore", "headerLocationGranularity": "neighborhood", "suggestedBounds": {"ne": {"lng": 103.90644102544474, "lat": 1.3371568329038472}, "sw": {"lng": 103.89206402450927, "lat": 1.322756818503833}}, "groups": [{"items": [{"reasons": {"items": [{"reasonName": "globalInteractionReason", "summary": "This spot is popular", "type": "general"}], "count": 0}, "venue": {"hereNow": {"groups": [], "summary": "Nobody here", "count": 0}, "contact": {}, "photos": {"groups": [], "count": 0}, "rating": 7.8, "name": "Boon Wah Family Restaurant", "ratingSignals": 20, "allowMenuUrlEdit": true, "categories": [{"pluralName": "Asian Restaurants", "id": "4bf58dd8d48988d142941735", "primary": true, "icon": {"prefix": "https://ss3.4sqi.net/img/categories_v2/food/asian_", "suffix": ".png"}, "name": "Asian Restaurant", "shortName": "Asian"}], "stats": {"checkinsCount": 1287, "usersCount": 276, "tipCount": 12}, "id": "4cb83a85a33bb1f7062d7ffd", "beenHere": {"lastCheckinExpiredAt": 0, "count": 0, "marked": false}, "ratingColor": "C5DE35", "location": {"formattedAddress": ["304 Ubi Ave. 1 #01-109", "400304", "Singapore"], "postalCode": "400304", "lat": 1.330132993680669, "lng": 103.90143682670274, "country": "Singapore", "distance": 243, "city": "Singapore", "cc": "SG", "address": "304 Ubi Ave. 1 #01-109", "labeledLatLngs": [{"lng": 103.90143682670274, "label": "display", "lat": 1.330132993680669}]}, "hours": {"isLocalHoliday": false, "isOpen": true, "status": "Likely open"}, "verified": false, "price": {"tier": 2, "currency": "$", "message": "Moderate"}}, "referralId": "e-3-4cb83a85a33bb1f7062d7ffd-0", "tips": [{"id": "4da57db86a23904516cbb062", "text": "Love their Zi Char the most!", "disagreeCount": 0, "logView": true, "createdAt": 1302691256, "likes": {"groups": [], "summary": "2 likes", "count": 2}, "todo": {"count": 0}, "agreeCount": 2, "canonicalUrl": "https://foursquare.com/item/4da57db86a23904516cbb062", "type": "user", "user": {"gender": "female", "id": "6083439", "photo": {"prefix": "https://igx.4sqi.net/img/user/", "suffix": "/OQ2HWIZ33PGCZOKQ.jpg"}, "firstName": "Chiyo", "lastName": "Chan"}}]}, {"reasons": {"items": [{"reasonName": "globalInteractionReason", "summary": "This spot is popular", "type": "general"}], "count": 0}, "venue": {"hereNow": {"groups": [], "summary": "Nobody here", "count": 0}, "contact": {}, "photos": {"groups": [], "count": 0}, "rating": 7.7, "name": "Tai Seng Fish Soup", "ratingSignals": 13, "allowMenuUrlEdit": true, "categories": [{"pluralName": "Asian Restaurants", "id": "4bf58dd8d48988d142941735", "primary": true, "icon": {"prefix": "https://ss3.4sqi.net/img/categories_v2/food/asian_", "suffix": ".png"}, "name": "Asian Restaurant", "shortName": "Asian"}], "stats": {"checkinsCount": 761, "usersCount": 197, "tipCount": 13}, "id": "4c218a9c13c00f47953486de", "beenHere": {"lastCheckinExpiredAt": 0, "count": 0, "marked": false}, "ratingColor": "C5DE35", "location": {"lng": 103.89685, "formattedAddress": ["3024 Ubi Avenue 2 (Bing Garden Eating House)", "Singapore"], "lat": 1.328645, "crossStreet": "Bing Garden Eating House", "country": "Singapore", "distance": 304, "city": "Singapore", "cc": "SG", "address": "3024 Ubi Avenue 2", "labeledLatLngs": [{"lng": 103.89685, "label": "display", "lat": 1.328645}]}, "hours": {"isLocalHoliday": false, "isOpen": false, "status": "Closed until 9:30 AM tomorrow"}, "verified": false, "price": {"tier": 2, "currency": "$", "message": "Moderate"}}, "referralId": "e-3-4c218a9c13c00f47953486de-1", "tips": [{"id": "4d649251823ca35d42a7f588", "text": "\u52a0\u9c7c\u52a0\u725b\u5976\uff01", "disagreeCount": 0, "logView": true, "createdAt": 1298436689, "likes": {"groups": [], "summary": "5 likes", "count": 5}, "todo": {"count": 0}, "agreeCount": 0, "canonicalUrl": "https://foursquare.com/item/4d649251823ca35d42a7f588", "type": "user", "user": {"gender": "female", "id": "2488458", "photo": {"prefix": "https://igx.4sqi.net/img/user/", "suffix": "/K1R0M3EZE04GP2ON.jpg"}, "firstName": "Christine", "lastName": "Yeo"}}]}, {"reasons": {"items": [{"reasonName": "globalInteractionReason", "summary": "This spot is popular", "type": "general"}], "count": 0}, "venue": {"hereNow": {"groups": [], "summary": "Nobody here", "count": 0}, "contact": {}, "photos": {"groups": [], "count": 0}, "rating": 6.5, "name": "Pondok Pantai Timur @ Yummy Food Point", "ratingSignals": 8, "allowMenuUrlEdit": true, "categories": [{"pluralName": "Restaurants", "id": "4bf58dd8d48988d1c4941735", "primary": true, "icon": {"prefix": "https://ss3.4sqi.net/img/categories_v2/food/default_", "suffix": ".png"}, "name": "Restaurant", "shortName": "Restaurant"}], "stats": {"checkinsCount": 169, "usersCount": 59, "tipCount": 6}, "id": "4c1701a2cd4bc9b6195b4feb", "beenHere": {"lastCheckinExpiredAt": 0, "count": 0, "marked": false}, "ratingColor": "FFC800", "location": {"lng": 103.90219011412226, "formattedAddress": ["301 Ubi Avenue 1 (Yummy Food Point)", "400301", "Singapore"], "postalCode": "400301", "lat": 1.330484031641315, "crossStreet": "Yummy Food Point", "country": "Singapore", "distance": 332, "city": "Singapore", "cc": "SG", "address": "301 Ubi Avenue 1", "labeledLatLngs": [{"lng": 103.90219011412226, "label": "display", "lat": 1.330484031641315}]}, "verified": false, "price": {"tier": 2, "currency": "$", "message": "Moderate"}}, "referralId": "e-3-4c1701a2cd4bc9b6195b4feb-2", "tips": [{"id": "4db12940cda14b702a3f7f25", "text": "If you like Max's, you should try this Nasi Ayam Penyet! The chili is the bomb!", "disagreeCount": 0, "logView": true, "createdAt": 1303456064, "likes": {"groups": [], "summary": "1 like", "count": 1}, "todo": {"count": 0}, "agreeCount": 0, "canonicalUrl": "https://foursquare.com/item/4db12940cda14b702a3f7f25", "type": "user", "user": {"gender": "male", "id": "7997639", "photo": {"prefix": "https://igx.4sqi.net/img/user/", "suffix": "/7997639_zl52hRDA_215RSK9srvEBdtAMN0kLn9sDryqjxeuRZ2fDVT-0qJHaRmiOGiBTIb8ey6T2dS0O.jpg"}, "firstName": "AC", "lastName": "Cantuba"}}]}, {"reasons": {"items": [{"reasonName": "globalInteractionReason", "summary": "This spot is popular", "type": "general"}], "count": 0}, "venue": {"hereNow": {"groups": [], "summary": "Nobody here", "count": 0}, "contact": {}, "photos": {"groups": [], "count": 0}, "rating": 6.9, "name": "Tai Dong Teochew Braised Duck Rice", "ratingSignals": 11, "allowMenuUrlEdit": true, "categories": [{"pluralName": "Food Trucks", "id": "4bf58dd8d48988d1cb941735", "primary": true, "icon": {"prefix": "https://ss3.4sqi.net/img/categories_v2/food/streetfood_", "suffix": ".png"}, "name": "Food Truck", "shortName": "Food Truck"}], "stats": {"checkinsCount": 204, "usersCount": 113, "tipCount": 7}, "id": "4b8204f9f964a520ecc730e3", "beenHere": {"lastCheckinExpiredAt": 0, "count": 0, "marked": false}, "ratingColor": "FFC800", "location": {"lng": 103.89545032146583, "formattedAddress": ["#01-04 Sims Vista 49 Food Centre (49 Sims Place)", "0490222", "Singapore"], "postalCode": "0490222", "lat": 1.3255789524024706, "crossStreet": "49 Sims Place", "country": "Singapore", "distance": 645, "city": "Singapore", "cc": "SG", "address": "#01-04 Sims Vista 49 Food Centre", "labeledLatLngs": [{"lng": 103.89545032146583, "label": "display", "lat": 1.3255789524024706}]}, "hours": {"isLocalHoliday": false, "isOpen": false, "status": "Closed until 10:00 AM tomorrow"}, "verified": false, "price": {"tier": 1, "currency": "$", "message": "Cheap"}}, "referralId": "e-3-4b8204f9f964a520ecc730e3-3", "tips": [{"id": "4eb0b4349adf1abeff7d40b0", "text": "There are only 3 braised duck rice worth eating in Singapore. This is one of them.", "disagreeCount": 0, "logView": true, "createdAt": 1320203316, "likes": {"groups": [], "summary": "1 like", "count": 1}, "todo": {"count": 0}, "agreeCount": 1, "canonicalUrl": "https://foursquare.com/item/4eb0b4349adf1abeff7d40b0", "type": "user", "user": {"gender": "male", "id": "12980482", "photo": {"prefix": "https://igx.4sqi.net/img/user/", "suffix": "/JJRD3VVFXD4GREZW.jpg"}, "firstName": "Willie", "lastName": "Ho"}}]}, {"reasons": {"items": [{"reasonName": "globalInteractionReason", "summary": "This spot is popular", "type": "general"}], "count": 0}, "venue": {"hereNow": {"groups": [], "summary": "Nobody here", "count": 0}, "contact": {"phone": "+6567472623", "formattedPhone": "+65 6747 2623"}, "photos": {"groups": [], "count": 0}, "rating": 7.0, "name": "Yan Chuan Roaster Pte Ltd", "ratingSignals": 20, "allowMenuUrlEdit": true, "categories": [{"pluralName": "BBQ Joints", "id": "4bf58dd8d48988d1df931735", "primary": true, "icon": {"prefix": "https://ss3.4sqi.net/img/categories_v2/food/bbqalt_", "suffix": ".png"}, "name": "BBQ Joint", "shortName": "BBQ"}], "stats": {"checkinsCount": 307, "usersCount": 211, "tipCount": 7}, "id": "4d53a77f2f638cfa68f9646a", "beenHere": {"lastCheckinExpiredAt": 0, "count": 0, "marked": false}, "ratingColor": "C5DE35", "location": {"formattedAddress": ["Blk 3020 Ubi Ave 2 #01-111, 113", "408896", "Singapore"], "postalCode": "408896", "lat": 1.3275851285499054, "lng": 103.89334915988537, "country": "Singapore", "distance": 708, "city": "Singapore", "cc": "SG", "address": "Blk 3020 Ubi Ave 2 #01-111, 113", "labeledLatLngs": [{"lng": 103.89334915988537, "label": "display", "lat": 1.3275851285499054}]}, "hours": {"isLocalHoliday": false, "isOpen": false}, "verified": false, "price": {"tier": 2, "currency": "$", "message": "Moderate"}}, "referralId": "e-3-4d53a77f2f638cfa68f9646a-4", "tips": [{"id": "5031bb5fe4b01042a48e8dd7", "text": "Duck here is awesome. ^^", "disagreeCount": 0, "logView": true, "createdAt": 1345436511, "likes": {"groups": [], "summary": "2 likes", "count": 2}, "todo": {"count": 0}, "agreeCount": 2, "canonicalUrl": "https://foursquare.com/item/5031bb5fe4b01042a48e8dd7", "type": "user", "user": {"id": "34062642", "photo": {"prefix": "https://igx.4sqi.net/img/user/", "suffix": "/34062642-FDUI51L0B0OFIRD4.jpg"}, "firstName": "Weisin", "gender": "female"}}]}, {"reasons": {"items": [{"reasonName": "globalInteractionReason", "summary": "This spot is popular", "type": "general"}], "count": 0}, "venue": {"contact": {}, "photos": {"groups": [], "count": 0}, "rating": 6.3, "name": "Yummy Food Point", "ratingSignals": 12, "allowMenuUrlEdit": true, "categories": [{"pluralName": "Food Courts", "id": "4bf58dd8d48988d120951735", "primary": true, "icon": {"prefix": "https://ss3.4sqi.net/img/categories_v2/shops/food_foodcourt_", "suffix": ".png"}, "name": "Food Court", "shortName": "Food Court"}], "stats": {"checkinsCount": 1346, "usersCount": 328, "tipCount": 19}, "id": "4d7809f0f2c054813f96b2a1", "beenHere": {"lastCheckinExpiredAt": 0, "count": 0, "marked": false}, "ratingColor": "FFC800", "location": {"formattedAddress": ["301 Ubi Ave 1, #01-305", "400301", "Singapore"], "postalCode": "400301", "lat": 1.3303245453118688, "lng": 103.90245631442713, "country": "Singapore", "distance": 358, "city": "Singapore", "cc": "SG", "address": "301 Ubi Ave 1, #01-305", "labeledLatLngs": [{"lng": 103.90245631442713, "label": "display", "lat": 1.3303245453118688}]}, "hours": {"isLocalHoliday": false, "isOpen": false}, "verified": false, "hereNow": {"groups": [], "summary": "Nobody here", "count": 0}}, "referralId": "e-3-4d7809f0f2c054813f96b2a1-5", "tips": [{"id": "4b70e35370c603bb45d491b4", "text": "The ayam penyet here is a must-try. Absolutely delicious!", "disagreeCount": 0, "logView": true, "createdAt": 1265689427, "likes": {"groups": [], "summary": "7 likes", "count": 7}, "todo": {"count": 2}, "agreeCount": 0, "canonicalUrl": "https://foursquare.com/item/4b70e35370c603bb45d491b4", "type": "user", "user": {"gender": "male", "id": "147577", "photo": {"prefix": "https://igx.4sqi.net/img/user/", "suffix": "/RA20YXUDQ4KRTIH2.jpg"}, "firstName": "Dominic", "lastName": "Leong"}}]}, {"reasons": {"items": [{"reasonName": "globalInteractionReason", "summary": "This spot is popular", "type": "general"}], "count": 0}, "venue": {"hereNow": {"groups": [], "summary": "Nobody here", "count": 0}, "contact": {}, "photos": {"groups": [], "count": 0}, "rating": 6.1, "name": "Bing Garden Eating House \u660e\u56ed\u9910\u5ba4", "ratingSignals": 11, "allowMenuUrlEdit": true, "categories": [{"pluralName": "Asian Restaurants", "id": "4bf58dd8d48988d142941735", "primary": true, "icon": {"prefix": "https://ss3.4sqi.net/img/categories_v2/food/asian_", "suffix": ".png"}, "name": "Asian Restaurant", "shortName": "Asian"}], "stats": {"checkinsCount": 1275, "usersCount": 224, "tipCount": 7}, "id": "4bda70a93904a593f784469e", "beenHere": {"lastCheckinExpiredAt": 0, "count": 0, "marked": false}, "ratingColor": "FFC800", "location": {"lat": 1.328658, "distance": 307, "country": "Singapore", "cc": "SG", "crossStreet": "3024 Ubi Road 3", "formattedAddress": ["Kampong Ubi Industrial Estate, #01-99 (3024 Ubi Road 3)", "408652", "Singapore"], "city": "Ubi", "lng": 103.896819, "state": "Singapore", "labeledLatLngs": [{"lng": 103.896819, "label": "display", "lat": 1.328658}], "address": "Kampong Ubi Industrial Estate, #01-99", "postalCode": "408652"}, "hours": {"isLocalHoliday": false, "isOpen": false}, "verified": false, "price": {"tier": 2, "currency": "$", "message": "Moderate"}}, "referralId": "e-3-4bda70a93904a593f784469e-6", "tips": [{"id": "4c22e4c811de20a107ae85ce", "text": "Tai Seng Fish Soup - the queue always very looooong.", "disagreeCount": 0, "logView": true, "createdAt": 1277355208, "likes": {"groups": [], "summary": "2 likes", "count": 2}, "todo": {"count": 0}, "agreeCount": 2, "canonicalUrl": "https://foursquare.com/item/4c22e4c811de20a107ae85ce", "type": "user", "user": {"gender": "none", "id": "1713374", "photo": {"prefix": "https://igx.4sqi.net/img/user/", "suffix": "/PWZK15VFXHJB0W0V.jpg"}, "firstName": "Kitty", "lastName": "Star"}}]}, {"reasons": {"items": [{"reasonName": "globalInteractionReason", "summary": "This spot is popular", "type": "general"}], "count": 0}, "venue": {"hereNow": {"groups": [], "summary": "Nobody here", "count": 0}, "contact": {}, "photos": {"groups": [], "count": 0}, "rating": 5.9, "name": "Lee Do (Cold Crab) Restaurant", "ratingSignals": 9, "allowMenuUrlEdit": true, "categories": [{"pluralName": "Chinese Restaurants", "id": "4bf58dd8d48988d145941735", "primary": true, "icon": {"prefix": "https://ss3.4sqi.net/img/categories_v2/food/asian_", "suffix": ".png"}, "name": "Chinese Restaurant", "shortName": "Chinese"}], "stats": {"checkinsCount": 233, "usersCount": 175, "tipCount": 6}, "id": "4d5dfaeb5b276dcb0c18f4c5", "beenHere": {"lastCheckinExpiredAt": 0, "count": 0, "marked": false}, "ratingColor": "FF9600", "location": {"formattedAddress": ["61 Ubi Ave 2 #01-13", "Singapore"], "lat": 1.331133099325077, "lng": 103.90143116290326, "distance": 275, "country": "Singapore", "cc": "SG", "address": "61 Ubi Ave 2 #01-13", "labeledLatLngs": [{"lng": 103.90143116290326, "label": "display", "lat": 1.331133099325077}]}, "verified": false, "price": {"tier": 1, "currency": "$", "message": "Cheap"}}, "referralId": "e-3-4d5dfaeb5b276dcb0c18f4c5-7", "tips": [{"logView": true, "photo": {"id": "5717a80238fa6b2e2b84270f", "visibility": "public", "source": {"name": "Foursquare for iOS", "url": "https://foursquare.com/download/#/iphone"}, "suffix": "/6908129_u0tw1cw_WlbQh5l5IFjs0KFDapE2l-mnSZiRCKl3b1s.jpg", "createdAt": 1461168130, "prefix": "https://igx.4sqi.net/img/general/", "width": 1440, "height": 1440}, "createdAt": 1461168128, "agreeCount": 0, "id": "5717a800498e889236605124", "text": "Really good cold crab! The gooey stuff is a lot better than the flesh, in my opinion.", "type": "user", "disagreeCount": 0, "user": {"gender": "male", "id": "6908129", "photo": {"prefix": "https://igx.4sqi.net/img/user/", "suffix": "/UN00VON2AW5QY3KM.jpg"}, "firstName": "Justin", "lastName": "Chan"}, "canonicalUrl": "https://foursquare.com/item/5717a800498e889236605124", "todo": {"count": 0}, "photourl": "https://igx.4sqi.net/img/general/original/6908129_u0tw1cw_WlbQh5l5IFjs0KFDapE2l-mnSZiRCKl3b1s.jpg"}]}, {"reasons": {"items": [{"reasonName": "globalInteractionReason", "summary": "This spot is popular", "type": "general"}], "count": 0}, "venue": {"hereNow": {"groups": [], "summary": "Nobody here", "count": 0}, "contact": {}, "photos": {"groups": [], "count": 0}, "rating": 5.9, "name": "CK (Ubi) Canteen", "ratingSignals": 12, "allowMenuUrlEdit": true, "categories": [{"pluralName": "Diners", "id": "4bf58dd8d48988d147941735", "primary": true, "icon": {"prefix": "https://ss3.4sqi.net/img/categories_v2/food/diner_", "suffix": ".png"}, "name": "Diner", "shortName": "Diner"}], "stats": {"checkinsCount": 1055, "usersCount": 161, "tipCount": 10}, "id": "4c4fc057371520a111272cc0", "beenHere": {"lastCheckinExpiredAt": 0, "count": 0, "marked": false}, "ratingColor": "FF9600", "location": {"lng": 103.8985313283468, "formattedAddress": ["#01-05, Excalibur Centre (71 Ubi Crescent)", "408571", "Singapore"], "postalCode": "408571", "lat": 1.3271802021105445, "crossStreet": "71 Ubi Crescent", "country": "Singapore", "distance": 319, "city": "Singapore", "cc": "SG", "address": "#01-05, Excalibur Centre", "labeledLatLngs": [{"lng": 103.8985313283468, "label": "display", "lat": 1.3271802021105445}]}, "hours": {"isLocalHoliday": false, "isOpen": false}, "verified": false, "price": {"tier": 1, "currency": "$", "message": "Cheap"}}, "referralId": "e-3-4c4fc057371520a111272cc0-8", "tips": [{"id": "4d2cfed52afa5941c6d21ab3", "text": "the duck rice is a muz try.", "disagreeCount": 0, "createdAt": 1294794453, "logView": true, "todo": {"count": 0}, "agreeCount": 0, "canonicalUrl": "https://foursquare.com/item/4d2cfed52afa5941c6d21ab3", "type": "user", "user": {"gender": "male", "id": "5145010", "photo": {"prefix": "https://igx.4sqi.net/img/user/", "suffix": "/CPAMIR15KKTH0RPC.jpg"}, "firstName": "Eddie", "lastName": "Quek"}}]}, {"reasons": {"items": [{"reasonName": "globalInteractionReason", "summary": "This spot is popular", "type": "general"}], "count": 0}, "venue": {"contact": {}, "photos": {"groups": [], "count": 0}, "rating": 6.1, "name": "Ubi Place Eating House", "ratingSignals": 17, "allowMenuUrlEdit": true, "categories": [{"pluralName": "Food Courts", "id": "4bf58dd8d48988d120951735", "primary": true, "icon": {"prefix": "https://ss3.4sqi.net/img/categories_v2/shops/food_foodcourt_", "suffix": ".png"}, "name": "Food Court", "shortName": "Food Court"}], "stats": {"checkinsCount": 657, "usersCount": 273, "tipCount": 5}, "id": "4bea3b2c62c0c928cfabe0d4", "beenHere": {"lastCheckinExpiredAt": 0, "count": 0, "marked": false}, "ratingColor": "FFC800", "location": {"formattedAddress": ["Ubi Ave 2", "Singapore"], "lat": 1.328102, "lng": 103.89454549000001, "country": "Singapore", "distance": 563, "city": "Singapore", "cc": "SG", "address": "Ubi Ave 2", "labeledLatLngs": [{"lng": 103.89454549000001, "label": "display", "lat": 1.328102}]}, "hours": {"isLocalHoliday": false, "isOpen": false}, "verified": false, "hereNow": {"groups": [], "summary": "Nobody here", "count": 0}}, "referralId": "e-3-4bea3b2c62c0c928cfabe0d4-9", "tips": [{"id": "4d37c653e6bdf04d042b5eb4", "text": "Try the wanton mee. Thank me later", "disagreeCount": 0, "logView": true, "createdAt": 1295500883, "likes": {"groups": [], "summary": "1 like", "count": 1}, "todo": {"count": 0}, "agreeCount": 1, "canonicalUrl": "https://foursquare.com/item/4d37c653e6bdf04d042b5eb4", "type": "user", "user": {"gender": "male", "id": "5828052", "photo": {"prefix": "https://igx.4sqi.net/img/user/", "suffix": "/XEWN1HOW4CMNFBXW.jpg"}, "firstName": "Sam", "lastName": "Lim"}}]}, {"reasons": {"items": [{"reasonName": "globalInteractionReason", "summary": "This spot is popular", "type": "general"}], "count": 0}, "venue": {"hereNow": {"groups": [], "summary": "Nobody here", "count": 0}, "contact": {}, "photos": {"groups": [], "count": 0}, "name": "Tai Chong Kok", "allowMenuUrlEdit": true, "beenHere": {"lastCheckinExpiredAt": 0, "count": 0, "marked": false}, "stats": {"checkinsCount": 37, "usersCount": 27, "tipCount": 0}, "id": "4c94743972dd224bac539a91", "categories": [{"pluralName": "Bakeries", "id": "4bf58dd8d48988d16a941735", "primary": true, "icon": {"prefix": "https://ss3.4sqi.net/img/categories_v2/food/bakery_", "suffix": ".png"}, "name": "Bakery", "shortName": "Bakery"}], "location": {"formattedAddress": ["Singapore"], "lat": 1.3302412932042071, "lng": 103.90094407702433, "country": "Singapore", "distance": 190, "city": "Singapore", "cc": "SG", "labeledLatLngs": [{"lng": 103.90094407702433, "label": "display", "lat": 1.3302412932042071}]}, "verified": false, "price": {"tier": 1, "currency": "$", "message": "Cheap"}}, "referralId": "e-3-4c94743972dd224bac539a91-10"}, {"reasons": {"items": [{"reasonName": "globalInteractionReason", "summary": "This spot is popular", "type": "general"}], "count": 0}, "venue": {"hereNow": {"groups": [], "summary": "Nobody here", "count": 0}, "contact": {}, "photos": {"groups": [], "count": 0}, "name": "Ubi Kitchen", "allowMenuUrlEdit": true, "beenHere": {"lastCheckinExpiredAt": 0, "count": 0, "marked": false}, "stats": {"checkinsCount": 38, "usersCount": 13, "tipCount": 1}, "id": "4d3996a5325ff04df1ca1345", "categories": [{"pluralName": "Chinese Restaurants", "id": "4bf58dd8d48988d145941735", "primary": true, "icon": {"prefix": "https://ss3.4sqi.net/img/categories_v2/food/asian_", "suffix": ".png"}, "name": "Chinese Restaurant", "shortName": "Chinese"}], "location": {"formattedAddress": ["Blk 304 Ubi Ave 1 #01-95", "Singapore"], "lat": 1.329872, "lng": 103.900942, "distance": 188, "country": "Singapore", "cc": "SG", "address": "Blk 304 Ubi Ave 1 #01-95", "labeledLatLngs": [{"lng": 103.900942, "label": "display", "lat": 1.329872}]}, "verified": false, "price": {"tier": 1, "currency": "$", "message": "Cheap"}}, "referralId": "e-3-4d3996a5325ff04df1ca1345-11", "tips": [{"id": "4d50caf13062a1cd4e9260a3", "text": "Bak kut teh is tasty and tender, albeit slightly salty.", "disagreeCount": 0, "createdAt": 1297140465, "logView": true, "todo": {"count": 0}, "agreeCount": 0, "canonicalUrl": "https://foursquare.com/item/4d50caf13062a1cd4e9260a3", "type": "user", "user": {"gender": "male", "id": "1043643", "photo": {"prefix": "https://igx.4sqi.net/img/user/", "suffix": "/PMMI4IREANZFNOTE.jpg"}, "firstName": "Chester", "lastName": "Tan"}}]}, {"reasons": {"items": [{"reasonName": "globalInteractionReason", "summary": "This spot is popular", "type": "general"}], "count": 0}, "venue": {"hereNow": {"groups": [], "summary": "Nobody here", "count": 0}, "contact": {}, "photos": {"groups": [], "count": 0}, "name": "Chong Long Eating House", "allowMenuUrlEdit": true, "beenHere": {"lastCheckinExpiredAt": 0, "count": 0, "marked": false}, "stats": {"checkinsCount": 57, "usersCount": 32, "tipCount": 0}, "id": "4d3a52c3325ff04d47401b45", "categories": [{"pluralName": "Asian Restaurants", "id": "4bf58dd8d48988d142941735", "primary": true, "icon": {"prefix": "https://ss3.4sqi.net/img/categories_v2/food/asian_", "suffix": ".png"}, "name": "Asian Restaurant", "shortName": "Asian"}], "location": {"formattedAddress": ["Singapore"], "lat": 1.329576, "lng": 103.900994, "distance": 198, "country": "Singapore", "cc": "SG", "labeledLatLngs": [{"lng": 103.900994, "label": "display", "lat": 1.329576}]}, "verified": false, "price": {"tier": 2, "currency": "$", "message": "Moderate"}}, "referralId": "e-3-4d3a52c3325ff04d47401b45-12"}, {"reasons": {"items": [{"reasonName": "globalInteractionReason", "summary": "This spot is popular", "type": "general"}], "count": 0}, "venue": {"hereNow": {"groups": [], "summary": "Nobody here", "count": 0}, "contact": {}, "photos": {"groups": [], "count": 0}, "name": "Subway @ UBI", "allowMenuUrlEdit": true, "beenHere": {"lastCheckinExpiredAt": 0, "count": 0, "marked": false}, "stats": {"checkinsCount": 52, "usersCount": 28, "tipCount": 0}, "id": "578e0c2acd10fe35f3b15eb3", "categories": [{"pluralName": "Fast Food Restaurants", "id": "4bf58dd8d48988d16e941735", "primary": true, "icon": {"prefix": "https://ss3.4sqi.net/img/categories_v2/food/fastfood_", "suffix": ".png"}, "name": "Fast Food Restaurant", "shortName": "Fast Food"}], "location": {"formattedAddress": ["Blk 302 Ubi Avenue 1 #01-35", "400302", "Singapore"], "postalCode": "400302", "lat": 1.3301713, "lng": 103.90102, "country": "Singapore", "distance": 198, "city": "Singapore", "cc": "SG", "address": "Blk 302 Ubi Avenue 1 #01-35", "labeledLatLngs": [{"lng": 103.90102, "label": "display", "lat": 1.3301713}]}, "verified": false, "price": {"tier": 1, "currency": "$", "message": "Cheap"}}, "referralId": "e-3-578e0c2acd10fe35f3b15eb3-13"}, {"reasons": {"items": [{"reasonName": "globalInteractionReason", "summary": "This spot is popular", "type": "general"}], "count": 0}, "venue": {"contact": {}, "photos": {"groups": [], "count": 0}, "rating": 5.8, "name": "Koufu", "ratingSignals": 34, "allowMenuUrlEdit": true, "categories": [{"pluralName": "Food Courts", "id": "4bf58dd8d48988d120951735", "primary": true, "icon": {"prefix": "https://ss3.4sqi.net/img/categories_v2/shops/food_foodcourt_", "suffix": ".png"}, "name": "Food Court", "shortName": "Food Court"}], "stats": {"checkinsCount": 4123, "usersCount": 837, "tipCount": 19}, "id": "4cad48478882199cc86b47d4", "beenHere": {"lastCheckinExpiredAt": 0, "count": 0, "marked": false}, "ratingColor": "FF9600", "location": {"lng": 103.90236139297485, "formattedAddress": ["1 Kaki Bukit Road 1 #01-18 (Enterprise 1)", "415934", "Singapore"], "postalCode": "415934", "lat": 1.3325300430775193, "crossStreet": "Enterprise 1", "country": "Singapore", "distance": 449, "city": "Singapore", "cc": "SG", "address": "1 Kaki Bukit Road 1 #01-18", "labeledLatLngs": [{"lng": 103.90236139297485, "label": "display", "lat": 1.3325300430775193}]}, "hours": {"isLocalHoliday": false, "isOpen": false}, "verified": false, "hereNow": {"groups": [], "summary": "Nobody here", "count": 0}}, "referralId": "e-3-4cad48478882199cc86b47d4-14", "tips": [{"id": "52f9fc73498ec085e3d8cf85", "text": "The Thai food is awesome!", "disagreeCount": 0, "logView": true, "createdAt": 1392114803, "likes": {"groups": [], "summary": "1 like", "count": 1}, "todo": {"count": 0}, "agreeCount": 1, "canonicalUrl": "https://foursquare.com/item/52f9fc73498ec085e3d8cf85", "type": "user", "user": {"gender": "male", "id": "9036089", "photo": {"prefix": "https://igx.4sqi.net/img/user/", "suffix": "/5N0KATZDV3XJP0MK.jpg"}, "firstName": "Timothy", "lastName": "Lin"}}]}, {"reasons": {"items": [{"reasonName": "globalInteractionReason", "summary": "This spot is popular", "type": "general"}], "count": 0}, "venue": {"contact": {}, "photos": {"groups": [], "count": 0}, "rating": 5.9, "name": "Ubi Eating House", "ratingSignals": 20, "allowMenuUrlEdit": true, "categories": [{"pluralName": "Food Courts", "id": "4bf58dd8d48988d120951735", "primary": true, "icon": {"prefix": "https://ss3.4sqi.net/img/categories_v2/shops/food_foodcourt_", "suffix": ".png"}, "name": "Food Court", "shortName": "Food Court"}], "stats": {"checkinsCount": 1521, "usersCount": 428, "tipCount": 15}, "id": "4c504c0a38b0be9a930849fd", "beenHere": {"lastCheckinExpiredAt": 0, "count": 0, "marked": false}, "ratingColor": "FF9600", "location": {"formattedAddress": ["325 Ubi Ave 1", "400325", "Singapore"], "postalCode": "400325", "neighborhood": "Ubi", "lat": 1.3276651610237966, "lng": 103.9034248347971, "country": "Singapore", "distance": 529, "city": "Singapore", "cc": "SG", "address": "325 Ubi Ave 1", "labeledLatLngs": [{"lng": 103.9034248347971, "label": "display", "lat": 1.3276651610237966}]}, "hours": {"isLocalHoliday": false, "isOpen": true, "status": "Likely open"}, "verified": false, "hereNow": {"groups": [], "summary": "Nobody here", "count": 0}}, "referralId": "e-3-4c504c0a38b0be9a930849fd-15", "tips": [{"id": "4d849eaf509137043ad4825b", "text": "Best western ever", "disagreeCount": 0, "logView": true, "createdAt": 1300537007, "likes": {"groups": [], "summary": "3 likes", "count": 3}, "todo": {"count": 0}, "agreeCount": 0, "canonicalUrl": "https://foursquare.com/item/4d849eaf509137043ad4825b", "type": "user", "user": {"gender": "female", "id": "4900808", "photo": {"prefix": "https://igx.4sqi.net/img/user/", "suffix": "/GDWR5K4SO1EQATFM.jpg"}, "firstName": "Rouge", "lastName": "Laviathon"}}]}, {"reasons": {"items": [{"reasonName": "globalInteractionReason", "summary": "This spot is popular", "type": "general"}], "count": 0}, "venue": {"contact": {}, "photos": {"groups": [], "count": 0}, "name": "302 Food Paradise", "allowMenuUrlEdit": true, "beenHere": {"lastCheckinExpiredAt": 0, "count": 0, "marked": false}, "stats": {"checkinsCount": 377, "usersCount": 122, "tipCount": 1}, "id": "4f41d3b6e4b01e824f248dc0", "categories": [{"pluralName": "Food Courts", "id": "4bf58dd8d48988d120951735", "primary": true, "icon": {"prefix": "https://ss3.4sqi.net/img/categories_v2/shops/food_foodcourt_", "suffix": ".png"}, "name": "Food Court", "shortName": "Food Court"}], "location": {"formattedAddress": ["302 Ubi Ave 1. #01-09.", "400302", "Singapore"], "postalCode": "400302", "lat": 1.3300777216663406, "lng": 103.90126691282016, "country": "Singapore", "distance": 224, "city": "Singapore", "cc": "SG", "address": "302 Ubi Ave 1. #01-09.", "labeledLatLngs": [{"lng": 103.90126691282016, "label": "display", "lat": 1.3300777216663406}]}, "hours": {"isLocalHoliday": false, "isOpen": false}, "verified": false, "hereNow": {"groups": [], "summary": "Nobody here", "count": 0}}, "referralId": "e-3-4f41d3b6e4b01e824f248dc0-16", "tips": [{"id": "5248fbfc11d2e7f32070bd5c", "text": "Kopi o at 90c", "disagreeCount": 0, "logView": true, "createdAt": 1380514812, "likes": {"groups": [], "summary": "1 like", "count": 1}, "todo": {"count": 0}, "agreeCount": 1, "canonicalUrl": "https://foursquare.com/item/5248fbfc11d2e7f32070bd5c", "type": "user", "user": {"gender": "male", "id": "5424648", "photo": {"prefix": "https://igx.4sqi.net/img/user/", "suffix": "/5424648-BAFYF4YWVB2JSFO4.jpg"}, "firstName": "Ben", "lastName": "Liu"}}]}, {"reasons": {"items": [{"reasonName": "globalInteractionReason", "summary": "This spot is popular", "type": "general"}], "count": 0}, "venue": {"contact": {}, "photos": {"groups": [], "count": 0}, "name": "Fei Fei Coffeeshop", "allowMenuUrlEdit": true, "beenHere": {"lastCheckinExpiredAt": 0, "count": 0, "marked": false}, "stats": {"checkinsCount": 956, "usersCount": 357, "tipCount": 2}, "id": "4c6445d12a58c9b650b63461", "categories": [{"pluralName": "Food Courts", "id": "4bf58dd8d48988d120951735", "primary": true, "icon": {"prefix": "https://ss3.4sqi.net/img/categories_v2/shops/food_foodcourt_", "suffix": ".png"}, "name": "Food Court", "shortName": "Food Court"}], "location": {"formattedAddress": ["302 Ubi Ave. 1", "400302", "Singapore"], "postalCode": "400302", "lat": 1.3300603711393213, "lng": 103.9013235507576, "country": "Singapore", "distance": 230, "city": "Singapore", "cc": "SG", "address": "302 Ubi Ave. 1", "labeledLatLngs": [{"lng": 103.9013235507576, "label": "display", "lat": 1.3300603711393213}]}, "hours": {"isLocalHoliday": false, "isOpen": false}, "verified": false, "hereNow": {"groups": [], "summary": "Nobody here", "count": 0}}, "referralId": "e-3-4c6445d12a58c9b650b63461-17", "tips": [{"id": "4e6827a2d22df5c11f36b401", "text": "Pls try the feifei wanton mee", "disagreeCount": 0, "createdAt": 1315448738, "logView": true, "todo": {"count": 0}, "agreeCount": 0, "canonicalUrl": "https://foursquare.com/item/4e6827a2d22df5c11f36b401", "type": "user", "user": {"gender": "male", "id": "279800", "photo": {"prefix": "https://igx.4sqi.net/img/user/", "suffix": "/279800-VUOL24IHYN5JCKZM.jpg"}, "firstName": "Alwyn", "lastName": "Sim"}}]}, {"reasons": {"items": [{"reasonName": "globalInteractionReason", "summary": "This spot is popular", "type": "general"}], "count": 0}, "venue": {"hereNow": {"groups": [], "summary": "Nobody here", "count": 0}, "contact": {}, "photos": {"groups": [], "count": 0}, "name": "Boon Wah Seafood", "allowMenuUrlEdit": true, "beenHere": {"lastCheckinExpiredAt": 0, "count": 0, "marked": false}, "stats": {"checkinsCount": 50, "usersCount": 24, "tipCount": 0}, "id": "4d399da6fa736ea8c6310e8a", "categories": [{"pluralName": "Chinese Restaurants", "id": "4bf58dd8d48988d145941735", "primary": true, "icon": {"prefix": "https://ss3.4sqi.net/img/categories_v2/food/asian_", "suffix": ".png"}, "name": "Chinese Restaurant", "shortName": "Chinese"}], "location": {"lng": 103.90144, "formattedAddress": ["Blk 304 (Ubi Ave 1)", "Singapore"], "lat": 1.330025, "crossStreet": "Ubi Ave 1", "distance": 243, "country": "Singapore", "cc": "SG", "address": "Blk 304", "labeledLatLngs": [{"lng": 103.90144, "label": "display", "lat": 1.330025}]}, "verified": false, "price": {"tier": 1, "currency": "$", "message": "Cheap"}}, "referralId": "e-3-4d399da6fa736ea8c6310e8a-18"}, {"reasons": {"items": [{"reasonName": "globalInteractionReason", "summary": "This spot is popular", "type": "general"}], "count": 0}, "venue": {"id": "4c9b5b609c6637042e6260fd", "hereNow": {"groups": [], "summary": "Nobody here", "count": 0}, "contact": {}, "beenHere": {"lastCheckinExpiredAt": 0, "count": 0, "marked": false}, "photos": {"groups": [], "count": 0}, "name": "Boon Wah Family Restaurant Table 5", "location": {"formattedAddress": ["Singapore"], "lat": 1.33003, "lng": 103.901525, "distance": 253, "country": "Singapore", "cc": "SG", "labeledLatLngs": [{"lng": 103.901525, "label": "display", "lat": 1.33003}]}, "allowMenuUrlEdit": true, "verified": false, "categories": [{"pluralName": "Food Courts", "id": "4bf58dd8d48988d120951735", "primary": true, "icon": {"prefix": "https://ss3.4sqi.net/img/categories_v2/shops/food_foodcourt_", "suffix": ".png"}, "name": "Food Court", "shortName": "Food Court"}], "stats": {"checkinsCount": 211, "usersCount": 62, "tipCount": 4}}, "referralId": "e-3-4c9b5b609c6637042e6260fd-19", "tips": [{"id": "4c9bfcfd9c48236aeb494aee", "text": "Fishball noodles is a long wait but awesome. If in a hurry, just eat economical beehoon. Just as good!", "disagreeCount": 0, "logView": true, "createdAt": 1285291261, "likes": {"groups": [], "summary": "3 likes", "count": 3}, "todo": {"count": 0}, "agreeCount": 0, "canonicalUrl": "https://foursquare.com/item/4c9bfcfd9c48236aeb494aee", "type": "user", "user": {"id": "3449199", "photo": {"prefix": "https://igx.4sqi.net/img/user/", "suffix": "/KAUNBGSTSP2G4IE0.jpg"}, "firstName": "Yalexis", "gender": "female"}}]}, {"reasons": {"items": [{"reasonName": "globalInteractionReason", "summary": "This spot is popular", "type": "general"}], "count": 0}, "venue": {"hereNow": {"groups": [], "summary": "Nobody here", "count": 0}, "contact": {}, "photos": {"groups": [], "count": 0}, "name": "QiQi Bubble Tea", "allowMenuUrlEdit": true, "beenHere": {"lastCheckinExpiredAt": 0, "count": 0, "marked": false}, "stats": {"checkinsCount": 57, "usersCount": 22, "tipCount": 1}, "id": "4c22e8bdfbe5c9b626b99a21", "categories": [{"pluralName": "Snack Places", "id": "4bf58dd8d48988d1c7941735", "primary": true, "icon": {"prefix": "https://ss3.4sqi.net/img/categories_v2/food/snacks_", "suffix": ".png"}, "name": "Snack Place", "shortName": "Snacks"}], "location": {"formattedAddress": ["306 Ubi Ave 1 #01-195", "Singapore"], "lat": 1.3301703363289294, "lng": 103.90165328979492, "country": "Singapore", "distance": 268, "city": "Singapore", "cc": "SG", "address": "306 Ubi Ave 1 #01-195", "labeledLatLngs": [{"lng": 103.90165328979492, "label": "display", "lat": 1.3301703363289294}]}, "verified": false, "price": {"tier": 1, "currency": "$", "message": "Cheap"}}, "referralId": "e-3-4c22e8bdfbe5c9b626b99a21-20", "tips": [{"id": "4c22f53baa8e9c74a992f4d4", "text": "\u8001\u677f\u7684\u53e3\u5934\u7985\uff1a\u8c22\u8c22\u4f60\u7684\u652f\u6301\uff0c\u6211\u7684\u751f\u6d3b\u624d\u53ef\u4ee5\u7ef4\u6301\u3002", "disagreeCount": 0, "logView": true, "createdAt": 1277359419, "likes": {"groups": [], "summary": "4 likes", "count": 4}, "todo": {"count": 0}, "agreeCount": 0, "canonicalUrl": "https://foursquare.com/item/4c22f53baa8e9c74a992f4d4", "type": "user", "user": {"gender": "male", "id": "1043643", "photo": {"prefix": "https://igx.4sqi.net/img/user/", "suffix": "/PMMI4IREANZFNOTE.jpg"}, "firstName": "Chester", "lastName": "Tan"}}]}, {"reasons": {"items": [{"reasonName": "globalInteractionReason", "summary": "This spot is popular", "type": "general"}], "count": 0}, "venue": {"hereNow": {"groups": [], "summary": "Nobody here", "count": 0}, "contact": {}, "photos": {"groups": [], "count": 0}, "name": "Kimdu Food Place @ Ubi Ave 1", "allowMenuUrlEdit": true, "beenHere": {"lastCheckinExpiredAt": 0, "count": 0, "marked": false}, "stats": {"checkinsCount": 107, "usersCount": 68, "tipCount": 1}, "id": "4bb1f43af964a52019ad3ce3", "categories": [{"pluralName": "Asian Restaurants", "id": "4bf58dd8d48988d142941735", "primary": true, "icon": {"prefix": "https://ss3.4sqi.net/img/categories_v2/food/asian_", "suffix": ".png"}, "name": "Asian Restaurant", "shortName": "Asian"}], "location": {"formattedAddress": ["Singapore"], "lat": 1.330565, "lng": 103.901634, "distance": 273, "country": "Singapore", "cc": "SG", "labeledLatLngs": [{"lng": 103.901634, "label": "display", "lat": 1.330565}]}, "verified": false, "price": {"tier": 2, "currency": "$", "message": "Moderate"}}, "referralId": "e-3-4bb1f43af964a52019ad3ce3-21", "tips": [{"id": "4f3266cae4b0d8fc0b2ea747", "text": "Cheap guo tie and shui jiao", "disagreeCount": 0, "createdAt": 1328703178, "logView": true, "todo": {"count": 0}, "agreeCount": 0, "canonicalUrl": "https://foursquare.com/item/4f3266cae4b0d8fc0b2ea747", "type": "user", "user": {"gender": "male", "id": "20772151", "photo": {"prefix": "https://igx.4sqi.net/img/user/", "suffix": "/PV4YNQ4XTXEZYJJK.jpg"}, "firstName": "DanielLife", "lastName": "IsGreat"}}]}, {"reasons": {"items": [{"reasonName": "globalInteractionReason", "summary": "This spot is popular", "type": "general"}], "count": 0}, "venue": {"hereNow": {"groups": [], "summary": "Nobody here", "count": 0}, "contact": {}, "photos": {"groups": [], "count": 0}, "name": "Sinar Bahru Seafood Restaurant", "allowMenuUrlEdit": true, "beenHere": {"lastCheckinExpiredAt": 0, "count": 0, "marked": false}, "stats": {"checkinsCount": 120, "usersCount": 51, "tipCount": 1}, "id": "4c6d0f16e13db60c729ad7b1", "categories": [{"pluralName": "Asian Restaurants", "id": "4bf58dd8d48988d142941735", "primary": true, "icon": {"prefix": "https://ss3.4sqi.net/img/categories_v2/food/asian_", "suffix": ".png"}, "name": "Asian Restaurant", "shortName": "Asian"}], "location": {"formattedAddress": ["3024 Ubi Road 3 #01-99", "408652", "Singapore"], "postalCode": "408652", "lat": 1.328923, "lng": 103.896645, "country": "Singapore", "distance": 312, "city": "Singapore", "cc": "SG", "address": "3024 Ubi Road 3 #01-99", "labeledLatLngs": [{"lng": 103.896645, "label": "display", "lat": 1.328923}]}, "verified": false, "price": {"tier": 2, "currency": "$", "message": "Moderate"}}, "referralId": "e-3-4c6d0f16e13db60c729ad7b1-22", "tips": [{"id": "4e4a94cd8877bebe848f68ce", "text": "Nasi Ayam Goreng Special", "disagreeCount": 1, "createdAt": 1313510605, "logView": true, "todo": {"count": 0}, "agreeCount": 0, "canonicalUrl": "https://foursquare.com/item/4e4a94cd8877bebe848f68ce", "type": "user", "user": {"gender": "male", "id": "4863960", "photo": {"prefix": "https://igx.4sqi.net/img/user/", "suffix": "/GLHERTS5QR0RNLG2.jpg"}, "firstName": "Malek", "lastName": "Joy"}}]}, {"reasons": {"items": [{"reasonName": "globalInteractionReason", "summary": "This spot is popular", "type": "general"}], "count": 0}, "venue": {"hereNow": {"groups": [], "summary": "Nobody here", "count": 0}, "contact": {}, "photos": {"groups": [], "count": 0}, "name": "Thai Cuisine", "allowMenuUrlEdit": true, "beenHere": {"lastCheckinExpiredAt": 0, "count": 0, "marked": false}, "stats": {"checkinsCount": 125, "usersCount": 33, "tipCount": 2}, "id": "4de873eae4cd157353f73594", "categories": [{"pluralName": "Thai Restaurants", "id": "4bf58dd8d48988d149941735", "primary": true, "icon": {"prefix": "https://ss3.4sqi.net/img/categories_v2/food/thai_", "suffix": ".png"}, "name": "Thai Restaurant", "shortName": "Thai"}], "location": {"formattedAddress": ["Blk 301 Ubi Ave 1 (Yummy Food Point)", "Singapore"], "lat": 1.331452730240824, "lng": 103.90164638744838, "country": "Singapore", "distance": 314, "city": "Singapore", "cc": "SG", "address": "Blk 301 Ubi Ave 1 (Yummy Food Point)", "labeledLatLngs": [{"lng": 103.90164638744838, "label": "display", "lat": 1.331452730240824}]}, "verified": false, "price": {"tier": 2, "currency": "$", "message": "Moderate"}}, "referralId": "e-3-4de873eae4cd157353f73594-23", "tips": [{"id": "50fcd79ce4b028b4b2a49c67", "text": "Once, I found five worms in my rice.", "disagreeCount": 0, "createdAt": 1358747548, "logView": true, "todo": {"count": 0}, "agreeCount": 0, "canonicalUrl": "https://foursquare.com/item/50fcd79ce4b028b4b2a49c67", "type": "user", "user": {"id": "11136714", "photo": {"prefix": "https://igx.4sqi.net/img/user/", "suffix": "/VCW5TZDMMR4PUBDM.jpg"}, "firstName": "34662", "gender": "female"}}]}, {"reasons": {"items": [{"reasonName": "globalInteractionReason", "summary": "This spot is popular", "type": "general"}], "count": 0}, "venue": {"hereNow": {"groups": [], "summary": "Nobody here", "count": 0}, "contact": {}, "photos": {"groups": [], "count": 0}, "name": "Swee Heng Bakery Ubi Branch", "allowMenuUrlEdit": true, "beenHere": {"lastCheckinExpiredAt": 0, "count": 0, "marked": false}, "stats": {"checkinsCount": 60, "usersCount": 16, "tipCount": 0}, "id": "4d2eb96a73e5a093132454cf", "categories": [{"pluralName": "Bakeries", "id": "4bf58dd8d48988d16a941735", "primary": true, "icon": {"prefix": "https://ss3.4sqi.net/img/categories_v2/food/bakery_", "suffix": ".png"}, "name": "Bakery", "shortName": "Bakery"}], "location": {"lng": 103.90217312263101, "formattedAddress": ["306 Ubi Avenue 1 (#01-201)", "Singapore"], "lat": 1.330243444967783, "crossStreet": "#01-201", "country": "Singapore", "distance": 326, "city": "Singapore", "cc": "SG", "address": "306 Ubi Avenue 1", "labeledLatLngs": [{"lng": 103.90217312263101, "label": "display", "lat": 1.330243444967783}]}, "verified": false, "price": {"tier": 1, "currency": "$", "message": "Cheap"}}, "referralId": "e-3-4d2eb96a73e5a093132454cf-24"}, {"reasons": {"items": [{"reasonName": "globalInteractionReason", "summary": "This spot is popular", "type": "general"}], "count": 0}, "venue": {"hereNow": {"groups": [], "summary": "Nobody here", "count": 0}, "contact": {}, "photos": {"groups": [], "count": 0}, "name": "Economic Veg Rice | \u7ecf\u6d4e\u70b8\u83dc\u996d", "allowMenuUrlEdit": true, "beenHere": {"lastCheckinExpiredAt": 0, "count": 0, "marked": false}, "stats": {"checkinsCount": 112, "usersCount": 10, "tipCount": 0}, "id": "4ee98e84e5e89c83bc604857", "categories": [{"pluralName": "Chinese Restaurants", "id": "4bf58dd8d48988d145941735", "primary": true, "icon": {"prefix": "https://ss3.4sqi.net/img/categories_v2/food/asian_", "suffix": ".png"}, "name": "Chinese Restaurant", "shortName": "Chinese"}], "location": {"formattedAddress": ["71 Ubi Crescent #01-05, Singapore, Excalibur Centre", "408571", "Singapore"], "postalCode": "408571", "lat": 1.3271885218469845, "lng": 103.89823079109192, "state": "Singapore", "country": "Singapore", "distance": 328, "city": "Ubi", "cc": "SG", "address": "71 Ubi Crescent #01-05, Singapore, Excalibur Centre", "labeledLatLngs": [{"lng": 103.89823079109192, "label": "display", "lat": 1.3271885218469845}]}, "verified": false, "price": {"tier": 1, "currency": "$", "message": "Cheap"}}, "referralId": "e-3-4ee98e84e5e89c83bc604857-25"}, {"reasons": {"items": [{"reasonName": "globalInteractionReason", "summary": "This spot is popular", "type": "general"}], "count": 0}, "venue": {"contact": {}, "photos": {"groups": [], "count": 0}, "name": "Fu Yuan Eating House", "allowMenuUrlEdit": true, "beenHere": {"lastCheckinExpiredAt": 0, "count": 0, "marked": false}, "stats": {"checkinsCount": 735, "usersCount": 64, "tipCount": 0}, "id": "4cc53f9dd43ba143193a6cf8", "categories": [{"pluralName": "Food Courts", "id": "4bf58dd8d48988d120951735", "primary": true, "icon": {"prefix": "https://ss3.4sqi.net/img/categories_v2/shops/food_foodcourt_", "suffix": ".png"}, "name": "Food Court", "shortName": "Food Court"}], "location": {"formattedAddress": ["Singapore"], "lat": 1.3319372560132532, "lng": 103.90152744752635, "distance": 335, "country": "Singapore", "cc": "SG", "labeledLatLngs": [{"lng": 103.90152744752635, "label": "display", "lat": 1.3319372560132532}]}, "hours": {"isLocalHoliday": false, "isOpen": false}, "verified": false, "hereNow": {"groups": [], "summary": "Nobody here", "count": 0}}, "referralId": "e-3-4cc53f9dd43ba143193a6cf8-26"}, {"reasons": {"items": [{"reasonName": "globalInteractionReason", "summary": "This spot is popular", "type": "general"}], "count": 0}, "venue": {"hereNow": {"groups": [], "summary": "Nobody here", "count": 0}, "contact": {}, "photos": {"groups": [], "count": 0}, "name": "Kimdu", "allowMenuUrlEdit": true, "beenHere": {"lastCheckinExpiredAt": 0, "count": 0, "marked": false}, "stats": {"checkinsCount": 283, "usersCount": 30, "tipCount": 0}, "id": "4d5b29be1287a0934a181d56", "categories": [{"pluralName": "Chinese Restaurants", "id": "4bf58dd8d48988d145941735", "primary": true, "icon": {"prefix": "https://ss3.4sqi.net/img/categories_v2/food/asian_", "suffix": ".png"}, "name": "Chinese Restaurant", "shortName": "Chinese"}], "location": {"formattedAddress": ["Ubi Ave 1", "Singapore"], "lat": 1.3321508050906277, "lng": 103.90167470649268, "country": "Singapore", "distance": 363, "city": "Singapore", "cc": "SG", "address": "Ubi Ave 1", "labeledLatLngs": [{"lng": 103.90167470649268, "label": "display", "lat": 1.3321508050906277}]}, "hours": {"isLocalHoliday": false, "isOpen": false}, "verified": false, "price": {"tier": 1, "currency": "$", "message": "Cheap"}}, "referralId": "e-3-4d5b29be1287a0934a181d56-27"}, {"reasons": {"items": [{"reasonName": "globalInteractionReason", "summary": "This spot is popular", "type": "general"}], "count": 0}, "venue": {"hereNow": {"groups": [], "summary": "Nobody here", "count": 0}, "contact": {}, "photos": {"groups": [], "count": 0}, "name": "Lucky Vegetarian Food", "allowMenuUrlEdit": true, "beenHere": {"lastCheckinExpiredAt": 0, "count": 0, "marked": false}, "stats": {"checkinsCount": 35, "usersCount": 20, "tipCount": 0}, "id": "4c030f91310fc9b60174c561", "categories": [{"pluralName": "Vegetarian / Vegan Restaurants", "id": "4bf58dd8d48988d1d3941735", "primary": true, "icon": {"prefix": "https://ss3.4sqi.net/img/categories_v2/food/vegetarian_", "suffix": ".png"}, "name": "Vegetarian / Vegan Restaurant", "shortName": "Vegetarian / Vegan"}], "location": {"formattedAddress": ["01-179 305 Ubi Ave 1", "Singapore"], "lat": 1.329684, "lng": 103.902541, "country": "Singapore", "distance": 367, "city": "Singapore", "cc": "SG", "address": "01-179 305 Ubi Ave 1", "labeledLatLngs": [{"lng": 103.902541, "label": "display", "lat": 1.329684}]}, "verified": false, "price": {"tier": 2, "currency": "$", "message": "Moderate"}}, "referralId": "e-3-4c030f91310fc9b60174c561-28"}, {"reasons": {"items": [{"reasonName": "globalInteractionReason", "summary": "This spot is popular", "type": "general"}], "count": 0}, "venue": {"hereNow": {"groups": [], "summary": "Nobody here", "count": 0}, "contact": {}, "photos": {"groups": [], "count": 0}, "name": "Ubistro", "allowMenuUrlEdit": true, "beenHere": {"lastCheckinExpiredAt": 0, "count": 0, "marked": false}, "stats": {"checkinsCount": 254, "usersCount": 51, "tipCount": 1}, "id": "52e39433498e993ef5720557", "categories": [{"pluralName": "Italian Restaurants", "id": "4bf58dd8d48988d110941735", "primary": true, "icon": {"prefix": "https://ss3.4sqi.net/img/categories_v2/food/italian_", "suffix": ".png"}, "name": "Italian Restaurant", "shortName": "Italian"}], "location": {"formattedAddress": ["Blk 301 Ubi Avenue 1 #01-247", "400301", "Singapore"], "postalCode": "400301", "lat": 1.3322420182662413, "lng": 103.90168037030224, "country": "Singapore", "distance": 371, "city": "Singapore", "cc": "SG", "address": "Blk 301 Ubi Avenue 1 #01-247", "labeledLatLngs": [{"lng": 103.90168037030224, "label": "display", "lat": 1.3322420182662413}]}, "hours": {"isLocalHoliday": false, "isOpen": false}, "verified": false, "price": {"tier": 2, "currency": "$", "message": "Moderate"}}, "referralId": "e-3-52e39433498e993ef5720557-29", "tips": [{"id": "52e747a8498e293645232886", "text": "Nice. Not over salty. But serving is v slow. Need to buck up and serve faster otherwise all the lunch time crowd will not come.", "disagreeCount": 0, "createdAt": 1390888872, "logView": true, "todo": {"count": 0}, "agreeCount": 0, "canonicalUrl": "https://foursquare.com/item/52e747a8498e293645232886", "type": "user", "user": {"gender": "female", "id": "5931716", "photo": {"prefix": "https://igx.4sqi.net/img/user/", "suffix": "/T1ZEHRO0FGA5HD5W.jpg"}, "firstName": "Audrey", "lastName": "Heng"}}]}, {"reasons": {"items": [{"reasonName": "globalInteractionReason", "summary": "This spot is popular", "type": "general"}], "count": 0}, "venue": {"hereNow": {"groups": [], "summary": "Nobody here", "count": 0}, "contact": {}, "photos": {"groups": [], "count": 0}, "name": "Best Choice Restaurant", "allowMenuUrlEdit": true, "beenHere": {"lastCheckinExpiredAt": 0, "count": 0, "marked": false}, "stats": {"checkinsCount": 44, "usersCount": 23, "tipCount": 2}, "id": "4c4fcdec371520a1e07942c0", "categories": [{"pluralName": "BBQ Joints", "id": "4bf58dd8d48988d1df931735", "primary": true, "icon": {"prefix": "https://ss3.4sqi.net/img/categories_v2/food/bbqalt_", "suffix": ".png"}, "name": "BBQ Joint", "shortName": "BBQ"}], "location": {"formattedAddress": ["Ubi Ave 1", "408931", "Singapore"], "postalCode": "408931", "lat": 1.326875, "lng": 103.901347, "distance": 414, "country": "Singapore", "cc": "SG", "address": "Ubi Ave 1", "labeledLatLngs": [{"lng": 103.901347, "label": "display", "lat": 1.326875}]}, "verified": false, "price": {"tier": 2, "currency": "$", "message": "Moderate"}}, "referralId": "e-3-4c4fcdec371520a1e07942c0-30", "tips": [{"id": "4d1fee060901721e9f868ea5", "text": "the wanton mee here not bad though, the noodles r \"Q\" n serving portions r decent. Can try.", "disagreeCount": 0, "logView": true, "createdAt": 1293938182, "likes": {"groups": [], "summary": "1 like", "count": 1}, "todo": {"count": 0}, "agreeCount": 0, "canonicalUrl": "https://foursquare.com/item/4d1fee060901721e9f868ea5", "type": "user", "user": {"gender": "male", "id": "1671586", "photo": {"prefix": "https://igx.4sqi.net/img/user/", "suffix": "/FXFOXFZRR2P4QDSN.jpg"}, "firstName": "Augustine", "lastName": "Hong"}}]}, {"reasons": {"items": [{"reasonName": "globalInteractionReason", "summary": "This spot is popular", "type": "general"}], "count": 0}, "venue": {"contact": {}, "photos": {"groups": [], "count": 0}, "rating": 5.5, "name": "Kopitiam", "ratingSignals": 21, "allowMenuUrlEdit": true, "categories": [{"pluralName": "Food Courts", "id": "4bf58dd8d48988d120951735", "primary": true, "icon": {"prefix": "https://ss3.4sqi.net/img/categories_v2/shops/food_foodcourt_", "suffix": ".png"}, "name": "Food Court", "shortName": "Food Court"}], "stats": {"checkinsCount": 1971, "usersCount": 374, "tipCount": 13}, "id": "4b738f47f964a520fab32de3", "beenHere": {"lastCheckinExpiredAt": 0, "count": 0, "marked": false}, "ratingColor": "FF9600", "location": {"lng": 103.89748355167661, "formattedAddress": ["10 Ubi Crescent, #01-04 (Ubi Techpark)", "408564", "Singapore"], "postalCode": "408564", "lat": 1.3264735031758517, "crossStreet": "Ubi Techpark", "country": "Singapore", "distance": 434, "city": "Singapore", "cc": "SG", "address": "10 Ubi Crescent, #01-04", "labeledLatLngs": [{"lng": 103.89748355167661, "label": "display", "lat": 1.3264735031758517}]}, "hours": {"isLocalHoliday": false, "isOpen": false}, "verified": false, "hereNow": {"groups": [], "summary": "Nobody here", "count": 0}}, "referralId": "e-3-4b738f47f964a520fab32de3-31", "tips": [{"id": "507e3b81e4b0efb1474889d4", "text": "Wantan mee dry vy salty! But the wantan not bad also big. Shld hv taken the soup one! (Mayb vy BZ give double portion seasoning)", "disagreeCount": 0, "logView": true, "createdAt": 1350450049, "likes": {"groups": [], "summary": "1 like", "count": 1}, "todo": {"count": 0}, "agreeCount": 1, "canonicalUrl": "https://foursquare.com/item/507e3b81e4b0efb1474889d4", "type": "user", "user": {"gender": "female", "id": "5931716", "photo": {"prefix": "https://igx.4sqi.net/img/user/", "suffix": "/T1ZEHRO0FGA5HD5W.jpg"}, "firstName": "Audrey", "lastName": "Heng"}}]}, {"reasons": {"items": [{"reasonName": "globalInteractionReason", "summary": "This spot is popular", "type": "general"}], "count": 0}, "venue": {"hereNow": {"groups": [], "summary": "Nobody here", "count": 0}, "contact": {}, "photos": {"groups": [], "count": 0}, "name": "Opencrumb Cafe", "allowMenuUrlEdit": true, "beenHere": {"lastCheckinExpiredAt": 0, "count": 0, "marked": false}, "stats": {"checkinsCount": 75, "usersCount": 38, "tipCount": 0}, "id": "56179358498e866416a9ac6a", "categories": [{"pluralName": "Caf\u00e9s", "id": "4bf58dd8d48988d16d941735", "primary": true, "icon": {"prefix": "https://ss3.4sqi.net/img/categories_v2/food/cafe_", "suffix": ".png"}, "name": "Caf\u00e9", "shortName": "Caf\u00e9"}], "location": {"formattedAddress": ["Singapore"], "lat": 1.326515567025687, "lng": 103.90103469752172, "distance": 431, "country": "Singapore", "cc": "SG", "labeledLatLngs": [{"lng": 103.90103469752172, "label": "display", "lat": 1.326515567025687}]}, "verified": false, "price": {"tier": 1, "currency": "$", "message": "Cheap"}}, "referralId": "e-3-56179358498e866416a9ac6a-32"}, {"reasons": {"items": [{"reasonName": "globalInteractionReason", "summary": "This spot is popular", "type": "general"}], "count": 0}, "venue": {"hereNow": {"groups": [], "summary": "Nobody here", "count": 0}, "contact": {}, "photos": {"groups": [], "count": 0}, "name": "Thai Luang Thai Cuisine", "allowMenuUrlEdit": true, "beenHere": {"lastCheckinExpiredAt": 0, "count": 0, "marked": false}, "stats": {"checkinsCount": 54, "usersCount": 18, "tipCount": 1}, "id": "4f3c88f6e4b0ddac81190b29", "categories": [{"pluralName": "Thai Restaurants", "id": "4bf58dd8d48988d149941735", "primary": true, "icon": {"prefix": "https://ss3.4sqi.net/img/categories_v2/food/thai_", "suffix": ".png"}, "name": "Thai Restaurant", "shortName": "Thai"}], "location": {"formattedAddress": ["KouFu @ Enterprise One", "Singapore"], "lat": 1.3320111838586355, "lng": 103.90258658285002, "distance": 435, "country": "Singapore", "cc": "SG", "address": "KouFu @ Enterprise One", "labeledLatLngs": [{"lng": 103.90258658285002, "label": "display", "lat": 1.3320111838586355}]}, "verified": false, "price": {"tier": 2, "currency": "$", "message": "Moderate"}}, "referralId": "e-3-4f3c88f6e4b0ddac81190b29-33", "tips": [{"id": "4f92a6e4e4b04c3ff934daf4", "text": "Good affordable cook to order Thai food! :)", "disagreeCount": 0, "createdAt": 1335011044, "logView": true, "todo": {"count": 0}, "agreeCount": 0, "canonicalUrl": "https://foursquare.com/item/4f92a6e4e4b04c3ff934daf4", "type": "user", "user": {"gender": "female", "id": "4593091", "photo": {"prefix": "https://igx.4sqi.net/img/user/", "suffix": "/2FG2ABOGXCFQZWPO.jpg"}, "firstName": "Gyle", "lastName": "Cruz"}}]}, {"reasons": {"items": [{"reasonName": "globalInteractionReason", "summary": "This spot is popular", "type": "general"}], "count": 0}, "venue": {"hereNow": {"groups": [], "summary": "Nobody here", "count": 0}, "contact": {}, "photos": {"groups": [], "count": 0}, "name": "Western Delight @ Kou Fu Kaki Bukit", "allowMenuUrlEdit": true, "beenHere": {"lastCheckinExpiredAt": 0, "count": 0, "marked": false}, "stats": {"checkinsCount": 102, "usersCount": 25, "tipCount": 1}, "id": "4cb6b38a589f236ab87f393d", "categories": [{"pluralName": "American Restaurants", "id": "4bf58dd8d48988d14e941735", "primary": true, "icon": {"prefix": "https://ss3.4sqi.net/img/categories_v2/food/default_", "suffix": ".png"}, "name": "American Restaurant", "shortName": "American"}], "location": {"formattedAddress": ["Kaki Bukit Ave 1", "Singapore"], "lat": 1.332051, "lng": 103.90262571, "distance": 441, "country": "Singapore", "cc": "SG", "address": "Kaki Bukit Ave 1", "labeledLatLngs": [{"lng": 103.90262571, "label": "display", "lat": 1.332051}]}, "verified": false, "price": {"tier": 2, "currency": "$", "message": "Moderate"}}, "referralId": "e-3-4cb6b38a589f236ab87f393d-34", "tips": [{"id": "4cb6b4119c7ba35d7cc79306", "text": "Quite standard western food with reasonable price. Owner is friendly too.", "disagreeCount": 0, "createdAt": 1287042065, "logView": true, "todo": {"count": 0}, "agreeCount": 0, "canonicalUrl": "https://foursquare.com/item/4cb6b4119c7ba35d7cc79306", "type": "user", "user": {"gender": "male", "id": "3510289", "photo": {"prefix": "https://igx.4sqi.net/img/user/", "suffix": "/VDVH4RZC5YX5RD0N.jpg"}, "firstName": "Henry", "lastName": "Lee"}}]}, {"reasons": {"items": [{"reasonName": "globalInteractionReason", "summary": "This spot is popular", "type": "general"}], "count": 0}, "venue": {"id": "4d0a1f1982aaa0935f27d4c2", "hereNow": {"groups": [], "summary": "Nobody here", "count": 0}, "contact": {"phone": "+6564496821", "formattedPhone": "+65 6449 6821"}, "beenHere": {"lastCheckinExpiredAt": 0, "count": 0, "marked": false}, "photos": {"groups": [], "count": 0}, "name": "Ubi Beverage House", "location": {"formattedAddress": ["Singapore"], "lat": 1.3262199726094763, "lng": 103.90080248261724, "country": "Singapore", "distance": 450, "city": "Singapore", "cc": "SG", "labeledLatLngs": [{"lng": 103.90080248261724, "label": "display", "lat": 1.3262199726094763}]}, "allowMenuUrlEdit": true, "verified": false, "categories": [{"pluralName": "Food Courts", "id": "4bf58dd8d48988d120951735", "primary": true, "icon": {"prefix": "https://ss3.4sqi.net/img/categories_v2/shops/food_foodcourt_", "suffix": ".png"}, "name": "Food Court", "shortName": "Food Court"}], "stats": {"checkinsCount": 117, "usersCount": 22, "tipCount": 1}}, "referralId": "e-3-4d0a1f1982aaa0935f27d4c2-35", "tips": [{"id": "4d0a203aacd4a1cdfb518093", "text": "I like the western food at here", "disagreeCount": 0, "createdAt": 1292509242, "logView": true, "todo": {"count": 0}, "agreeCount": 0, "canonicalUrl": "https://foursquare.com/item/4d0a203aacd4a1cdfb518093", "type": "user", "user": {"gender": "female", "id": "4375533", "photo": {"prefix": "https://igx.4sqi.net/img/user/", "suffix": "/4375533-PUTIXVBVXO3GO5RM.jpg"}, "firstName": "Esther", "lastName": "Lee"}}]}, {"reasons": {"items": [{"reasonName": "globalInteractionReason", "summary": "This spot is popular", "type": "general"}], "count": 0}, "venue": {"hereNow": {"groups": [], "summary": "Nobody here", "count": 0}, "contact": {}, "photos": {"groups": [], "count": 0}, "name": "Pin Fen Cafeteria", "allowMenuUrlEdit": true, "beenHere": {"lastCheckinExpiredAt": 0, "count": 0, "marked": false}, "stats": {"checkinsCount": 161, "usersCount": 54, "tipCount": 3}, "id": "4d22b7f26e8c3704706f0ea0", "categories": [{"pluralName": "Chinese Restaurants", "id": "4bf58dd8d48988d145941735", "primary": true, "icon": {"prefix": "https://ss3.4sqi.net/img/categories_v2/food/asian_", "suffix": ".png"}, "name": "Chinese Restaurant", "shortName": "Chinese"}], "location": {"formattedAddress": ["Singapore"], "lat": 1.3262131268323951, "lng": 103.89721736104401, "distance": 474, "country": "Singapore", "cc": "SG", "labeledLatLngs": [{"lng": 103.89721736104401, "label": "display", "lat": 1.3262131268323951}]}, "verified": false, "price": {"tier": 1, "currency": "$", "message": "Cheap"}}, "referralId": "e-3-4d22b7f26e8c3704706f0ea0-36", "tips": [{"id": "4d23fb82e704b60c9d615da9", "text": "Fish soup stall is nice too!", "disagreeCount": 0, "logView": true, "createdAt": 1294203778, "likes": {"groups": [], "summary": "1 like", "count": 1}, "todo": {"count": 0}, "agreeCount": 0, "canonicalUrl": "https://foursquare.com/item/4d23fb82e704b60c9d615da9", "type": "user", "user": {"gender": "female", "id": "594137", "photo": {"prefix": "https://igx.4sqi.net/img/user/", "suffix": "/594137-GASSRCG1NC11UTML.jpg"}, "firstName": "Grace Magdalene", "lastName": "Leong"}}]}, {"reasons": {"items": [{"reasonName": "globalInteractionReason", "summary": "This spot is popular", "type": "general"}], "count": 0}, "venue": {"hereNow": {"groups": [], "summary": "Nobody here", "count": 0}, "contact": {}, "photos": {"groups": [], "count": 0}, "name": "Pinfen Cafeteria", "allowMenuUrlEdit": true, "beenHere": {"lastCheckinExpiredAt": 0, "count": 0, "marked": false}, "stats": {"checkinsCount": 91, "usersCount": 44, "tipCount": 0}, "id": "4d22dc5186e15481638fcd3a", "categories": [{"pluralName": "Diners", "id": "4bf58dd8d48988d147941735", "primary": true, "icon": {"prefix": "https://ss3.4sqi.net/img/categories_v2/food/diner_", "suffix": ".png"}, "name": "Diner", "shortName": "Diner"}], "location": {"formattedAddress": ["53 Ubi Ave1 #01-14 Paya Ubi Industrial Park", "Singapore"], "lat": 1.326048, "lng": 103.89727, "distance": 487, "country": "Singapore", "cc": "SG", "address": "53 Ubi Ave1 #01-14 Paya Ubi Industrial Park", "labeledLatLngs": [{"lng": 103.89727, "label": "display", "lat": 1.326048}]}, "verified": false, "price": {"tier": 1, "currency": "$", "message": "Cheap"}}, "referralId": "e-3-4d22dc5186e15481638fcd3a-37"}, {"reasons": {"items": [{"reasonName": "globalInteractionReason", "summary": "This spot is popular", "type": "general"}], "count": 0}, "venue": {"hereNow": {"groups": [], "summary": "Nobody here", "count": 0}, "contact": {"phone": "+6565150991", "formattedPhone": "+65 6515 0991"}, "photos": {"groups": [], "count": 0}, "name": "Orange Clove Catering", "allowMenuUrlEdit": true, "beenHere": {"lastCheckinExpiredAt": 0, "count": 0, "marked": false}, "stats": {"checkinsCount": 223, "usersCount": 34, "tipCount": 4}, "id": "4c7e0b30b53db1f7bbe39e11", "categories": [{"pluralName": "Restaurants", "id": "4bf58dd8d48988d1c4941735", "primary": true, "icon": {"prefix": "https://ss3.4sqi.net/img/categories_v2/food/default_", "suffix": ".png"}, "name": "Restaurant", "shortName": "Restaurant"}], "location": {"lng": 103.90222409711107, "formattedAddress": ["1 Kaki Bukit Road 1 (Kaki Bukit Road 1)", "415934", "Singapore"], "postalCode": "415934", "lat": 1.3333541997779836, "crossStreet": "Kaki Bukit Road 1", "country": "Singapore", "distance": 502, "city": "Singapore", "cc": "SG", "address": "1 Kaki Bukit Road 1", "labeledLatLngs": [{"lng": 103.90222409711107, "label": "display", "lat": 1.3333541997779836}]}, "verified": false, "price": {"tier": 2, "currency": "$", "message": "Moderate"}}, "referralId": "e-3-4c7e0b30b53db1f7bbe39e11-38", "tips": [{"id": "4cf08946517859417b3cbf8f", "text": "Lunch time! but no hungry cos i visited the toilet alot.", "disagreeCount": 0, "createdAt": 1290832198, "logView": true, "todo": {"count": 0}, "agreeCount": 0, "canonicalUrl": "https://foursquare.com/item/4cf08946517859417b3cbf8f", "type": "user", "user": {"gender": "female", "id": "4512594", "photo": {"prefix": "https://igx.4sqi.net/img/user/", "suffix": "/L5SUTXP3UBKLLQDB.jpg"}, "firstName": "joyceline", "lastName": "yap"}}]}, {"reasons": {"items": [{"reasonName": "globalInteractionReason", "summary": "This spot is popular", "type": "general"}], "count": 0}, "venue": {"hereNow": {"groups": [], "summary": "Nobody here", "count": 0}, "contact": {}, "photos": {"groups": [], "count": 0}, "name": "Golden Pillow 933", "allowMenuUrlEdit": true, "beenHere": {"lastCheckinExpiredAt": 0, "count": 0, "marked": false}, "stats": {"checkinsCount": 171, "usersCount": 39, "tipCount": 0}, "id": "4b421f3ef964a52020cd25e3", "categories": [{"pluralName": "Chinese Restaurants", "id": "4bf58dd8d48988d145941735", "primary": true, "icon": {"prefix": "https://ss3.4sqi.net/img/categories_v2/food/asian_", "suffix": ".png"}, "name": "Chinese Restaurant", "shortName": "Chinese"}], "location": {"formattedAddress": ["No 1 Kaki Bukit Road 1", "415934", "Singapore"], "postalCode": "415934", "lat": 1.3331207732017876, "lng": 103.90250162516885, "country": "Singapore", "distance": 504, "city": "Singapore", "cc": "SG", "address": "No 1 Kaki Bukit Road 1", "labeledLatLngs": [{"lng": 103.90250162516885, "label": "display", "lat": 1.3331207732017876}]}, "verified": false, "price": {"tier": 1, "currency": "$", "message": "Cheap"}}, "referralId": "e-3-4b421f3ef964a52020cd25e3-39"}, {"reasons": {"items": [{"reasonName": "globalInteractionReason", "summary": "This spot is popular", "type": "general"}], "count": 0}, "venue": {"hereNow": {"groups": [], "summary": "Nobody here", "count": 0}, "contact": {}, "photos": {"groups": [], "count": 0}, "name": "McDonald", "allowMenuUrlEdit": true, "beenHere": {"lastCheckinExpiredAt": 0, "count": 0, "marked": false}, "stats": {"checkinsCount": 55, "usersCount": 42, "tipCount": 1}, "id": "51cee6cb498e9bff98fe81d8", "categories": [{"pluralName": "Fast Food Restaurants", "id": "4bf58dd8d48988d16e941735", "primary": true, "icon": {"prefix": "https://ss3.4sqi.net/img/categories_v2/food/fastfood_", "suffix": ".png"}, "name": "Fast Food Restaurant", "shortName": "Fast Food"}], "location": {"formattedAddress": ["Singapore"], "lat": 1.330002846701588, "lng": 103.90395157682181, "distance": 522, "country": "Singapore", "cc": "SG", "labeledLatLngs": [{"lng": 103.90395157682181, "label": "display", "lat": 1.330002846701588}]}, "verified": false, "price": {"tier": 1, "currency": "$", "message": "Cheap"}}, "referralId": "e-3-51cee6cb498e9bff98fe81d8-40", "tips": [{"logView": true, "photo": {"id": "5438a9ec11d2f31dd47ceaff", "visibility": "public", "source": {"name": "Foursquare for Android", "url": "https://foursquare.com/download/#/android"}, "suffix": "/94508974_jaU-ELbHSkd--T7i19dL792cxD8qrO3dOS6JWrFP2bw.jpg", "createdAt": 1412999660, "prefix": "https://igx.4sqi.net/img/general/", "width": 1080, "height": 1080}, "createdAt": 1412999657, "agreeCount": 0, "id": "5438a9e9498e909aa370c780", "text": "My fav mc chicken", "type": "user", "disagreeCount": 0, "user": {"gender": "male", "id": "94508974", "photo": {"prefix": "https://igx.4sqi.net/img/user/", "suffix": "/94508974-CB5XQGCVQGQX5RG0.jpg"}, "firstName": "Shivaji", "lastName": "Thiru"}, "canonicalUrl": "https://foursquare.com/item/5438a9e9498e909aa370c780", "todo": {"count": 0}, "photourl": "https://igx.4sqi.net/img/general/original/94508974_jaU-ELbHSkd--T7i19dL792cxD8qrO3dOS6JWrFP2bw.jpg"}]}, {"reasons": {"items": [{"reasonName": "globalInteractionReason", "summary": "This spot is popular", "type": "general"}], "count": 0}, "venue": {"hereNow": {"groups": [], "summary": "Nobody here", "count": 0}, "contact": {}, "photos": {"groups": [], "count": 0}, "name": "Siti's Delights @ Enterprise One", "allowMenuUrlEdit": true, "beenHere": {"lastCheckinExpiredAt": 0, "count": 0, "marked": false}, "stats": {"checkinsCount": 141, "usersCount": 33, "tipCount": 1}, "id": "4d42a507f81e8cfa8bd3f556", "categories": [{"pluralName": "Bakeries", "id": "4bf58dd8d48988d16a941735", "primary": true, "icon": {"prefix": "https://ss3.4sqi.net/img/categories_v2/food/bakery_", "suffix": ".png"}, "name": "Bakery", "shortName": "Bakery"}], "location": {"formattedAddress": ["1 Kaki Bukit Road", "Singapore"], "lat": 1.3330791526988688, "lng": 103.90279048149995, "distance": 525, "country": "Singapore", "cc": "SG", "address": "1 Kaki Bukit Road", "labeledLatLngs": [{"lng": 103.90279048149995, "label": "display", "lat": 1.3330791526988688}]}, "verified": false, "price": {"tier": 1, "currency": "$", "message": "Cheap"}}, "referralId": "e-3-4d42a507f81e8cfa8bd3f556-41", "tips": [{"id": "4ffbf625e4b0a2df62304244", "text": "Chef Siti's nephew here!", "disagreeCount": 0, "createdAt": 1341912613, "logView": true, "todo": {"count": 0}, "agreeCount": 0, "canonicalUrl": "https://foursquare.com/item/4ffbf625e4b0a2df62304244", "type": "user", "user": {"gender": "male", "id": "2623402", "photo": {"prefix": "https://igx.4sqi.net/img/user/", "suffix": "/MMGHLM1E4XJP33T3.jpg"}, "firstName": "Haziq", "lastName": "Al-Idros"}}]}, {"reasons": {"items": [{"reasonName": "globalInteractionReason", "summary": "This spot is popular", "type": "general"}], "count": 0}, "venue": {"hereNow": {"groups": [], "summary": "Nobody here", "count": 0}, "contact": {}, "photos": {"groups": [], "count": 0}, "name": "Coffee United @ Frontier", "allowMenuUrlEdit": true, "beenHere": {"lastCheckinExpiredAt": 0, "count": 0, "marked": false}, "stats": {"checkinsCount": 153, "usersCount": 48, "tipCount": 3}, "id": "4d33ccdef8c9224b29cabdd2", "categories": [{"pluralName": "Restaurants", "id": "4bf58dd8d48988d1c4941735", "primary": true, "icon": {"prefix": "https://ss3.4sqi.net/img/categories_v2/food/default_", "suffix": ".png"}, "name": "Restaurant", "shortName": "Restaurant"}], "location": {"formattedAddress": ["Singapore"], "lat": 1.332364, "lng": 103.895139, "distance": 530, "country": "Singapore", "cc": "SG", "labeledLatLngs": [{"lng": 103.895139, "label": "display", "lat": 1.332364}]}, "verified": false, "price": {"tier": 2, "currency": "$", "message": "Moderate"}}, "referralId": "e-3-4d33ccdef8c9224b29cabdd2-42", "tips": [{"logView": true, "photo": {"id": "50078f66e4b0af563967de8f", "visibility": "public", "source": {"name": "Foursquare for iOS", "url": "https://foursquare.com/download/#/iphone"}, "suffix": "/7esMNf1mRAXshcOna38kHWpP8-hx_FaJIrYvVl8xMwY.jpg", "createdAt": 1342672742, "prefix": "https://igx.4sqi.net/img/general/", "width": 540, "height": 720}, "createdAt": 1342672726, "todo": {"count": 0}, "agreeCount": 1, "likes": {"groups": [], "summary": "1 like", "count": 1}, "id": "50078f56e4b04e9627ecaa1b", "text": "The prawn noodles is to die for - just add those Chilli powder lots lots", "disagreeCount": 0, "user": {"id": "11810684", "photo": {"prefix": "https://igx.4sqi.net/img/user/", "suffix": "/11810684-HVPXMTUS3ECAHBOU.jpg"}, "firstName": "Jane", "gender": "female"}, "canonicalUrl": "https://foursquare.com/item/50078f56e4b04e9627ecaa1b", "type": "user", "photourl": "https://igx.4sqi.net/img/general/original/7esMNf1mRAXshcOna38kHWpP8-hx_FaJIrYvVl8xMwY.jpg"}]}, {"reasons": {"items": [{"reasonName": "globalInteractionReason", "summary": "This spot is popular", "type": "general"}], "count": 0}, "venue": {"id": "4c95a347f6c8ef3b52cb7dcf", "hereNow": {"groups": [], "summary": "Nobody here", "count": 0}, "contact": {}, "beenHere": {"lastCheckinExpiredAt": 0, "count": 0, "marked": false}, "photos": {"groups": [], "count": 0}, "name": "You Mei Coffeeshop", "location": {"formattedAddress": ["Blk 350 Ubi Ave 1", "Singapore"], "lat": 1.3264177796078211, "lng": 103.90246764211115, "country": "Singapore", "distance": 532, "city": "Singapore", "cc": "SG", "address": "Blk 350 Ubi Ave 1", "labeledLatLngs": [{"lng": 103.90246764211115, "label": "display", "lat": 1.3264177796078211}]}, "allowMenuUrlEdit": true, "verified": false, "categories": [{"pluralName": "Food Courts", "id": "4bf58dd8d48988d120951735", "primary": true, "icon": {"prefix": "https://ss3.4sqi.net/img/categories_v2/shops/food_foodcourt_", "suffix": ".png"}, "name": "Food Court", "shortName": "Food Court"}], "stats": {"checkinsCount": 138, "usersCount": 17, "tipCount": 0}}, "referralId": "e-3-4c95a347f6c8ef3b52cb7dcf-43"}, {"reasons": {"items": [{"reasonName": "globalInteractionReason", "summary": "This spot is popular", "type": "general"}], "count": 0}, "venue": {"hereNow": {"groups": [], "summary": "Nobody here", "count": 0}, "contact": {}, "photos": {"groups": [], "count": 0}, "name": "Nice Seafood Kitchen @ Block 325 Ubi Avenue 1", "allowMenuUrlEdit": true, "beenHere": {"lastCheckinExpiredAt": 0, "count": 0, "marked": false}, "stats": {"checkinsCount": 43, "usersCount": 24, "tipCount": 1}, "id": "4f030ae78b81b0190dd2ff0c", "categories": [{"pluralName": "Chinese Restaurants", "id": "4bf58dd8d48988d145941735", "primary": true, "icon": {"prefix": "https://ss3.4sqi.net/img/categories_v2/food/asian_", "suffix": ".png"}, "name": "Chinese Restaurant", "shortName": "Chinese"}], "location": {"formattedAddress": ["Block 325 Ubi Avenue 1", "Singapore"], "lat": 1.327569287145411, "lng": 103.90343049867907, "distance": 535, "country": "Singapore", "cc": "SG", "address": "Block 325 Ubi Avenue 1", "labeledLatLngs": [{"lng": 103.90343049867907, "label": "display", "lat": 1.327569287145411}]}, "verified": false, "price": {"tier": 1, "currency": "$", "message": "Cheap"}}, "referralId": "e-3-4f030ae78b81b0190dd2ff0c-44", "tips": [{"id": "4f030b186c25c5ce843a75a7", "text": "Formerly from block 344. Moves to block 325 ubi avenue 1! Try the food, it's damn awesome! :)", "disagreeCount": 0, "createdAt": 1325599512, "logView": true, "todo": {"count": 0}, "agreeCount": 0, "canonicalUrl": "https://foursquare.com/item/4f030b186c25c5ce843a75a7", "type": "user", "user": {"gender": "female", "id": "11940682", "photo": {"prefix": "https://igx.4sqi.net/img/user/", "suffix": "/11940682-L5NW5JF1CIAZ4LBF.jpg"}, "firstName": "Natalya", "lastName": "Lim \ud83d\udc8b"}}]}, {"reasons": {"items": [{"reasonName": "globalInteractionReason", "summary": "This spot is popular", "type": "general"}], "count": 0}, "venue": {"id": "4ba207eaf964a52053d737e3", "hereNow": {"groups": [], "summary": "Nobody here", "count": 0}, "contact": {}, "beenHere": {"lastCheckinExpiredAt": 0, "count": 0, "marked": false}, "photos": {"groups": [], "count": 0}, "name": "Ubi Eating House", "location": {"formattedAddress": ["Singapore"], "lat": 1.327444, "lng": 103.903353, "distance": 535, "country": "Singapore", "cc": "SG", "labeledLatLngs": [{"lng": 103.903353, "label": "display", "lat": 1.327444}]}, "allowMenuUrlEdit": true, "verified": false, "categories": [{"pluralName": "Food Courts", "id": "4bf58dd8d48988d120951735", "primary": true, "icon": {"prefix": "https://ss3.4sqi.net/img/categories_v2/shops/food_foodcourt_", "suffix": ".png"}, "name": "Food Court", "shortName": "Food Court"}], "stats": {"checkinsCount": 245, "usersCount": 83, "tipCount": 1}}, "referralId": "e-3-4ba207eaf964a52053d737e3-45", "tips": [{"id": "4fce24d9e4b0673cc4ab366b", "text": "Eat here with health risk...people young and old alike smoke even on non-smoking zone. Above the law are they?", "disagreeCount": 0, "createdAt": 1338909913, "logView": true, "todo": {"count": 0}, "agreeCount": 0, "canonicalUrl": "https://foursquare.com/item/4fce24d9e4b0673cc4ab366b", "type": "user", "user": {"gender": "female", "id": "5130308", "photo": {"prefix": "https://igx.4sqi.net/img/user/", "suffix": "/4AMQSFIBA3DPD5JR.jpg"}, "firstName": "Katherine", "lastName": "Memon"}}]}, {"reasons": {"items": [{"reasonName": "globalInteractionReason", "summary": "This spot is popular", "type": "general"}], "count": 0}, "venue": {"hereNow": {"groups": [], "summary": "Nobody here", "count": 0}, "contact": {}, "photos": {"groups": [], "count": 0}, "name": "Far East Chicken Rice", "allowMenuUrlEdit": true, "beenHere": {"lastCheckinExpiredAt": 0, "count": 0, "marked": false}, "stats": {"checkinsCount": 170, "usersCount": 42, "tipCount": 3}, "id": "4c94644601dd76b0a5efb648", "categories": [{"pluralName": "Asian Restaurants", "id": "4bf58dd8d48988d142941735", "primary": true, "icon": {"prefix": "https://ss3.4sqi.net/img/categories_v2/food/asian_", "suffix": ".png"}, "name": "Asian Restaurant", "shortName": "Asian"}], "location": {"formattedAddress": ["Blk 350 Ubi Ave 1", "Singapore"], "lat": 1.3256402067644333, "lng": 103.90160107698972, "country": "Singapore", "distance": 547, "city": "Singapore", "cc": "SG", "address": "Blk 350 Ubi Ave 1", "labeledLatLngs": [{"lng": 103.90160107698972, "label": "display", "lat": 1.3256402067644333}]}, "verified": false, "price": {"tier": 2, "currency": "$", "message": "Moderate"}}, "referralId": "e-3-4c94644601dd76b0a5efb648-46", "tips": [{"id": "4f0143f6b6346feaee278567", "text": "Forgot to mention, their Chili  is very nice. Like the taste. :)", "disagreeCount": 0, "createdAt": 1325482998, "logView": true, "todo": {"count": 0}, "agreeCount": 0, "canonicalUrl": "https://foursquare.com/item/4f0143f6b6346feaee278567", "type": "user", "user": {"gender": "female", "id": "6083439", "photo": {"prefix": "https://igx.4sqi.net/img/user/", "suffix": "/OQ2HWIZ33PGCZOKQ.jpg"}, "firstName": "Chiyo", "lastName": "Chan"}}]}, {"reasons": {"items": [{"reasonName": "globalInteractionReason", "summary": "This spot is popular", "type": "general"}], "count": 0}, "venue": {"hereNow": {"groups": [], "summary": "Nobody here", "count": 0}, "contact": {"phone": "+6598208391", "formattedPhone": "+65 9820 8391"}, "photos": {"groups": [], "count": 0}, "name": "\u59b9\u59b9\u70e7\u814a Mei Mei Roast Meats", "allowMenuUrlEdit": true, "beenHere": {"lastCheckinExpiredAt": 0, "count": 0, "marked": false}, "stats": {"checkinsCount": 70, "usersCount": 44, "tipCount": 5}, "id": "4d3cfe3d6b3d236a341f6664", "categories": [{"pluralName": "Chinese Restaurants", "id": "4bf58dd8d48988d145941735", "primary": true, "icon": {"prefix": "https://ss3.4sqi.net/img/categories_v2/food/asian_", "suffix": ".png"}, "name": "Chinese Restaurant", "shortName": "Chinese"}], "location": {"formattedAddress": ["Blk 3014 Ubi Road 1, 1st Stop Food Juction", "Singapore"], "lat": 1.330796, "lng": 103.894371, "distance": 551, "country": "Singapore", "cc": "SG", "address": "Blk 3014 Ubi Road 1, 1st Stop Food Juction", "labeledLatLngs": [{"lng": 103.894371, "label": "display", "lat": 1.330796}]}, "verified": false, "price": {"tier": 1, "currency": "$", "message": "Cheap"}}, "referralId": "e-3-4d3cfe3d6b3d236a341f6664-47", "tips": [{"id": "51597750e4b0f0f5b6e0d268", "text": "Bring along your \u59b9\u59b9, ladies!", "disagreeCount": 0, "logView": true, "createdAt": 1364817744, "likes": {"groups": [], "summary": "3 likes", "count": 3}, "todo": {"count": 0}, "agreeCount": 3, "canonicalUrl": "https://foursquare.com/item/51597750e4b0f0f5b6e0d268", "type": "user", "user": {"id": "11990864", "photo": {"prefix": "https://igx.4sqi.net/img/user/", "suffix": "/ZU4LUGALQAENZJBQ.jpg"}, "firstName": "Cheung Tsz Yan", "gender": "female"}}]}, {"reasons": {"items": [{"reasonName": "globalInteractionReason", "summary": "This spot is popular", "type": "general"}], "count": 0}, "venue": {"hereNow": {"groups": [], "summary": "Nobody here", "count": 0}, "contact": {}, "photos": {"groups": [], "count": 0}, "rating": 5.6, "name": "Hoha Eating Place", "ratingSignals": 17, "allowMenuUrlEdit": true, "categories": [{"pluralName": "Asian Restaurants", "id": "4bf58dd8d48988d142941735", "primary": true, "icon": {"prefix": "https://ss3.4sqi.net/img/categories_v2/food/asian_", "suffix": ".png"}, "name": "Asian Restaurant", "shortName": "Asian"}], "stats": {"checkinsCount": 1195, "usersCount": 238, "tipCount": 9}, "id": "4bbd6e3ca8cf76b05ddab1fd", "beenHere": {"lastCheckinExpiredAt": 0, "count": 0, "marked": false}, "ratingColor": "FF9600", "location": {"formattedAddress": ["33 Ubi Ave 3", "Singapore"], "lat": 1.3338974635843968, "lng": 103.8947876875093, "country": "Singapore", "distance": 662, "city": "Singapore", "cc": "SG", "address": "33 Ubi Ave 3", "labeledLatLngs": [{"lng": 103.8947876875093, "label": "display", "lat": 1.3338974635843968}]}, "hours": {"isLocalHoliday": false, "isOpen": false}, "verified": false, "price": {"tier": 2, "currency": "$", "message": "Moderate"}}, "referralId": "e-3-4bbd6e3ca8cf76b05ddab1fd-48", "tips": [{"id": "4f9e06a6e4b0ad385706ba38", "text": "I walked into e store & ordered again & asked her to come nearer instead of kept saying \"HUH HUH\" She w so angry & kept scolding (Why can't i stand sofar, not happy then don buy la, etc) @ me v rudely", "disagreeCount": 0, "logView": true, "createdAt": 1335756454, "likes": {"groups": [], "summary": "1 like", "count": 1}, "todo": {"count": 0}, "agreeCount": 1, "canonicalUrl": "https://foursquare.com/item/4f9e06a6e4b0ad385706ba38", "type": "user", "user": {"gender": "male", "id": "27071422", "photo": {"prefix": "https://igx.4sqi.net/img/user/", "default": true, "suffix": "/blank_boy.png"}, "firstName": "Regal", "lastName": "Tan"}}]}, {"reasons": {"items": [{"reasonName": "globalInteractionReason", "summary": "This spot is popular", "type": "general"}], "count": 0}, "venue": {"hereNow": {"groups": [], "summary": "Nobody here", "count": 0}, "contact": {}, "photos": {"groups": [], "count": 0}, "name": "Block 3026", "allowMenuUrlEdit": true, "beenHere": {"lastCheckinExpiredAt": 0, "count": 0, "marked": false}, "stats": {"checkinsCount": 103, "usersCount": 42, "tipCount": 0}, "id": "4c8f0b78b3bcb60c0baa5e27", "categories": [{"pluralName": "Asian Restaurants", "id": "4bf58dd8d48988d142941735", "primary": true, "icon": {"prefix": "https://ss3.4sqi.net/img/categories_v2/food/asian_", "suffix": ".png"}, "name": "Asian Restaurant", "shortName": "Asian"}], "location": {"formattedAddress": ["Ubi Road 1", "Singapore"], "lat": 1.327993, "lng": 103.894355, "state": "Singapore", "country": "Singapore", "distance": 587, "city": "Ubi", "cc": "SG", "address": "Ubi Road 1", "labeledLatLngs": [{"lng": 103.894355, "label": "display", "lat": 1.327993}]}, "verified": false, "price": {"tier": 2, "currency": "$", "message": "Moderate"}}, "referralId": "e-3-4c8f0b78b3bcb60c0baa5e27-49"}], "name": "recommended", "type": "Recommended Places"}], "query": "food", "headerLocation": "Central Region"}}