{"meta": {"code": 200, "requestId": "595a3add4434b96bc7b2c0e2"}, "response": {"suggestedFilters": {"filters": [{"name": "Open now", "key": "openNow"}], "header": "Tap to show:"}, "totalResults": 57, "headerFullLocation": "Tampines, Singapore", "headerLocationGranularity": "neighborhood", "suggestedBounds": {"ne": {"lng": 103.94562551740556, "lat": 1.352715312501697}, "sw": {"lng": 103.93124842530243, "lat": 1.3383152981016828}}, "groups": [{"items": [{"reasons": {"items": [{"reasonName": "globalInteractionReason", "summary": "This spot is popular", "type": "general"}], "count": 0}, "venue": {"id": "4b999249f964a520808435e3", "hereNow": {"groups": [], "summary": "Nobody here", "count": 0}, "contact": {}, "beenHere": {"lastCheckinExpiredAt": 0, "count": 0, "marked": false}, "photos": {"groups": [], "count": 0}, "name": "Sin Hin Food Place", "location": {"formattedAddress": ["Block 9012 Tampines Street 93", "Singapore"], "lat": 1.340721, "lng": 103.942826, "country": "Singapore", "distance": 723, "city": "Singapore", "cc": "SG", "address": "Block 9012 Tampines Street 93", "labeledLatLngs": [{"lng": 103.942826, "label": "display", "lat": 1.340721}]}, "allowMenuUrlEdit": true, "verified": false, "categories": [{"pluralName": "Food Courts", "id": "4bf58dd8d48988d120951735", "primary": true, "icon": {"prefix": "https://ss3.4sqi.net/img/categories_v2/shops/food_foodcourt_", "suffix": ".png"}, "name": "Food Court", "shortName": "Food Court"}], "stats": {"checkinsCount": 149, "usersCount": 53, "tipCount": 3}}, "referralId": "e-3-4b999249f964a520808435e3-50", "tips": [{"id": "4c75bb431b30a0934f55f009", "text": "\u4e94\u798f\u867e\u9762serve good food.", "disagreeCount": 0, "logView": true, "createdAt": 1282784067, "likes": {"groups": [], "summary": "1 like", "count": 1}, "todo": {"count": 0}, "agreeCount": 0, "canonicalUrl": "https://foursquare.com/item/4c75bb431b30a0934f55f009", "type": "user", "user": {"gender": "male", "id": "486937", "photo": {"prefix": "https://igx.4sqi.net/img/user/", "suffix": "/K4DPK0ZAWRMRRZXU.jpg"}, "firstName": "Anthony", "lastName": "Neo"}}]}, {"reasons": {"items": [{"reasonName": "globalInteractionReason", "summary": "This spot is popular", "type": "general"}], "count": 0}, "venue": {"hereNow": {"groups": [], "summary": "Nobody here", "count": 0}, "contact": {}, "photos": {"groups": [], "count": 0}, "name": "Piston Mobile", "allowMenuUrlEdit": true, "beenHere": {"lastCheckinExpiredAt": 0, "count": 0, "marked": false}, "stats": {"checkinsCount": 91, "usersCount": 44, "tipCount": 1}, "id": "4c2b6b5177cfe21ee96db4f1", "categories": [{"pluralName": "Bagel Shops", "id": "4bf58dd8d48988d179941735", "primary": true, "icon": {"prefix": "https://ss3.4sqi.net/img/categories_v2/food/bagels_", "suffix": ".png"}, "name": "Bagel Shop", "shortName": "Bagels"}], "location": {"formattedAddress": ["Blk 824 Tampines St 81", "520824", "Singapore"], "postalCode": "520824", "lat": 1.348819, "lng": 103.932571, "country": "Singapore", "distance": 749, "city": "Singapore", "cc": "SG", "address": "Blk 824 Tampines St 81", "labeledLatLngs": [{"lng": 103.932571, "label": "display", "lat": 1.348819}]}, "verified": false, "price": {"tier": 1, "currency": "$", "message": "Cheap"}}, "referralId": "e-3-4c2b6b5177cfe21ee96db4f1-51", "tips": [{"id": "4c8f684ed68c6dcb46d203a2", "text": "Good price n very reliable.. Look for din...", "disagreeCount": 0, "logView": true, "createdAt": 1284466766, "likes": {"groups": [], "summary": "2 likes", "count": 2}, "todo": {"count": 0}, "agreeCount": 0, "canonicalUrl": "https://foursquare.com/item/4c8f684ed68c6dcb46d203a2", "type": "user", "user": {"gender": "male", "id": "3165535", "photo": {"prefix": "https://igx.4sqi.net/img/user/", "suffix": "/EHRDP1YJTIXTL2GN.jpg"}, "firstName": "Shawn", "lastName": "Farid"}}]}, {"reasons": {"items": [{"reasonName": "globalInteractionReason", "summary": "This spot is popular", "type": "general"}], "count": 0}, "venue": {"id": "4cee70d613aea143f4b96d9f", "hereNow": {"groups": [], "summary": "Nobody here", "count": 0}, "contact": {}, "beenHere": {"lastCheckinExpiredAt": 0, "count": 0, "marked": false}, "photos": {"groups": [], "count": 0}, "name": "Kopitiam @ Blk 844", "location": {"formattedAddress": ["Tampines St82", "Singapore"], "lat": 1.3521994494733562, "lng": 103.93687413602993, "country": "Singapore", "distance": 764, "city": "Singapore", "cc": "SG", "address": "Tampines St82", "labeledLatLngs": [{"lng": 103.93687413602993, "label": "display", "lat": 1.3521994494733562}]}, "allowMenuUrlEdit": true, "verified": false, "categories": [{"pluralName": "Food Courts", "id": "4bf58dd8d48988d120951735", "primary": true, "icon": {"prefix": "https://ss3.4sqi.net/img/categories_v2/shops/food_foodcourt_", "suffix": ".png"}, "name": "Food Court", "shortName": "Food Court"}], "stats": {"checkinsCount": 163, "usersCount": 73, "tipCount": 0}}, "referralId": "e-3-4cee70d613aea143f4b96d9f-52"}, {"reasons": {"items": [{"reasonName": "globalInteractionReason", "summary": "This spot is popular", "type": "general"}], "count": 0}, "venue": {"hereNow": {"groups": [], "summary": "Nobody here", "count": 0}, "contact": {}, "photos": {"groups": [], "count": 0}, "name": "Khon Thai Kitchen", "allowMenuUrlEdit": true, "beenHere": {"lastCheckinExpiredAt": 0, "count": 0, "marked": false}, "stats": {"checkinsCount": 185, "usersCount": 95, "tipCount": 0}, "id": "55362f4e498e494adaa6e2fc", "categories": [{"pluralName": "Thai Restaurants", "id": "4bf58dd8d48988d149941735", "primary": true, "icon": {"prefix": "https://ss3.4sqi.net/img/categories_v2/food/thai_", "suffix": ".png"}, "name": "Thai Restaurant", "shortName": "Thai"}], "location": {"formattedAddress": ["Blk 824 Tampines st 81", "520824", "Singapore"], "postalCode": "520824", "lat": 1.3489354130431321, "lng": 103.93248929282653, "distance": 763, "country": "Singapore", "cc": "SG", "address": "Blk 824 Tampines st 81", "labeledLatLngs": [{"lng": 103.93248929282653, "label": "display", "lat": 1.3489354130431321}]}, "verified": false, "price": {"tier": 2, "currency": "$", "message": "Moderate"}}, "referralId": "e-3-55362f4e498e494adaa6e2fc-53"}, {"reasons": {"items": [{"reasonName": "globalInteractionReason", "summary": "This spot is popular", "type": "general"}], "count": 0}, "venue": {"hereNow": {"groups": [], "summary": "Nobody here", "count": 0}, "contact": {"phone": "+6567874255", "formattedPhone": "+65 6787 4255"}, "photos": {"groups": [], "count": 0}, "name": "Jin Hock Seafood", "allowMenuUrlEdit": true, "beenHere": {"lastCheckinExpiredAt": 0, "count": 0, "marked": false}, "stats": {"checkinsCount": 53, "usersCount": 33, "tipCount": 1}, "id": "516957cbe4b0c0608c8cb485", "categories": [{"pluralName": "Chinese Restaurants", "id": "4bf58dd8d48988d145941735", "primary": true, "icon": {"prefix": "https://ss3.4sqi.net/img/categories_v2/food/asian_", "suffix": ".png"}, "name": "Chinese Restaurant", "shortName": "Chinese"}], "location": {"formattedAddress": ["Blk 844 Tampines St.82, #01-313", "520844", "Singapore"], "postalCode": "520844", "lat": 1.3522080693095826, "lng": 103.9368628055056, "distance": 765, "country": "Singapore", "cc": "SG", "address": "Blk 844 Tampines St.82, #01-313", "labeledLatLngs": [{"lng": 103.9368628055056, "label": "display", "lat": 1.3522080693095826}]}, "verified": false, "price": {"tier": 1, "currency": "$", "message": "Cheap"}}, "referralId": "e-3-516957cbe4b0c0608c8cb485-54", "tips": [{"id": "52cab558498ea9239b68f4b3", "text": "Best zi char around.", "disagreeCount": 0, "createdAt": 1389016408, "logView": true, "todo": {"count": 0}, "agreeCount": 0, "canonicalUrl": "https://foursquare.com/item/52cab558498ea9239b68f4b3", "type": "user", "user": {"gender": "female", "id": "5059831", "photo": {"prefix": "https://igx.4sqi.net/img/user/", "suffix": "/5059831-EK5LXQ0LR0VY1OML.jpg"}, "firstName": "Elisia", "lastName": "Phua"}}]}, {"reasons": {"items": [{"reasonName": "globalInteractionReason", "summary": "This spot is popular", "type": "general"}], "count": 0}, "venue": {"hereNow": {"groups": [], "summary": "Nobody here", "count": 0}, "contact": {}, "photos": {"groups": [], "count": 0}, "name": "Griddy", "allowMenuUrlEdit": true, "beenHere": {"lastCheckinExpiredAt": 0, "count": 0, "marked": false}, "stats": {"checkinsCount": 86, "usersCount": 67, "tipCount": 0}, "id": "582d9bd3aa69755c61eb05c2", "categories": [{"pluralName": "Restaurants", "id": "4bf58dd8d48988d1c4941735", "primary": true, "icon": {"prefix": "https://ss3.4sqi.net/img/categories_v2/food/default_", "suffix": ".png"}, "name": "Restaurant", "shortName": "Restaurant"}], "location": {"formattedAddress": ["Our Tampines Hub", "Singapore"], "lat": 1.3521879, "lng": 103.94028, "country": "Singapore", "distance": 770, "city": "Singapore", "cc": "SG", "address": "Our Tampines Hub", "labeledLatLngs": [{"lng": 103.94028, "label": "display", "lat": 1.3521879}]}, "verified": false, "price": {"tier": 2, "currency": "$", "message": "Moderate"}}, "referralId": "e-3-582d9bd3aa69755c61eb05c2-55"}, {"reasons": {"items": [{"reasonName": "globalInteractionReason", "summary": "This spot is popular", "type": "general"}], "count": 0}, "venue": {"hereNow": {"groups": [], "summary": "Nobody here", "count": 0}, "contact": {}, "photos": {"groups": [], "count": 0}, "name": "HabeebNoor", "allowMenuUrlEdit": true, "beenHere": {"lastCheckinExpiredAt": 0, "count": 0, "marked": false}, "stats": {"checkinsCount": 107, "usersCount": 31, "tipCount": 0}, "id": "55c83070498e4400fb2d13b9", "categories": [{"pluralName": "Asian Restaurants", "id": "4bf58dd8d48988d142941735", "primary": true, "icon": {"prefix": "https://ss3.4sqi.net/img/categories_v2/food/asian_", "suffix": ".png"}, "name": "Asian Restaurant", "shortName": "Asian"}], "location": {"formattedAddress": ["Singapore"], "lat": 1.34714458079693, "lng": 103.94536096078735, "distance": 791, "country": "Singapore", "cc": "SG", "labeledLatLngs": [{"lng": 103.94536096078735, "label": "display", "lat": 1.34714458079693}]}, "verified": false, "price": {"tier": 2, "currency": "$", "message": "Moderate"}}, "referralId": "e-3-55c83070498e4400fb2d13b9-56"}], "name": "recommended", "type": "Recommended Places"}], "query": "food", "headerLocation": "Tampines"}}