{"meta": {"code": 200, "requestId": "595a3c7a4c1f67701dae1366"}, "response": {"suggestedFilters": {"filters": [{"name": "Open now", "key": "openNow"}], "header": "Tap to show:"}, "totalResults": 35, "headerFullLocation": "Tampines, Singapore", "headerLocationGranularity": "neighborhood", "suggestedBounds": {"ne": {"lng": 103.96866032361339, "lat": 1.348937491093197}, "sw": {"lng": 103.95428325374462, "lat": 1.3345374766931828}}, "groups": [{"items": [{"reasons": {"items": [{"reasonName": "globalInteractionReason", "summary": "This spot is popular", "type": "general"}], "count": 0}, "venue": {"hereNow": {"groups": [], "summary": "Nobody here", "count": 0}, "contact": {"facebook": "1640049079619083", "facebookUsername": "DCuisinesPteLtd", "facebookName": "D\u2019Cuisines Restaurant and Event Venue", "phone": "+6562148178", "formattedPhone": "+65 6214 8178"}, "photos": {"groups": [], "count": 0}, "rating": 7.4, "menu": {"mobileUrl": "https://www.facebook.com/DCuisinesPteLtd/shop/?rt=19", "externalUrl": "https://www.facebook.com/DCuisinesPteLtd/shop/?rt=19", "url": "https://www.facebook.com/DCuisinesPteLtd/shop/?rt=19", "anchor": "View Menu", "label": "Menu", "type": "Menu"}, "name": "D'Cuisines", "ratingSignals": 11, "allowMenuUrlEdit": true, "categories": [{"pluralName": "Asian Restaurants", "id": "4bf58dd8d48988d142941735", "primary": true, "icon": {"prefix": "https://ss3.4sqi.net/img/categories_v2/food/asian_", "suffix": ".png"}, "name": "Asian Restaurant", "shortName": "Asian"}], "stats": {"checkinsCount": 329, "usersCount": 138, "tipCount": 4}, "id": "4b62629af964a5205d452ae3", "beenHere": {"lastCheckinExpiredAt": 0, "count": 0, "marked": false}, "url": "http://www.siasportsclub.sg/f-a-b.html", "ratingColor": "C5DE35", "location": {"formattedAddress": ["SIA Group Sports Club (726 Upper Changi Rd East)", "486046", "Singapore"], "postalCode": "486046", "lat": 1.3441296561970697, "lng": 103.9647443811094, "country": "Singapore", "distance": 451, "city": "Singapore", "cc": "SG", "address": "SIA Group Sports Club (726 Upper Changi Rd East)", "labeledLatLngs": [{"lng": 103.9647443811094, "label": "display", "lat": 1.3441296561970697}]}, "hours": {"isLocalHoliday": false, "isOpen": true, "status": "Open until 10:00 PM"}, "verified": false, "price": {"tier": 2, "currency": "$", "message": "Moderate"}}, "referralId": "e-3-4b62629af964a5205d452ae3-0", "tips": [{"id": "523ec7d9498e3a1647344dff", "text": "The tandoori mixed sizzler and cheese nann are delicious:)", "disagreeCount": 0, "logView": true, "createdAt": 1379846105, "likes": {"groups": [], "summary": "1 like", "count": 1}, "todo": {"count": 0}, "agreeCount": 1, "canonicalUrl": "https://foursquare.com/item/523ec7d9498e3a1647344dff", "type": "user", "user": {"gender": "female", "id": "62660696", "photo": {"prefix": "https://igx.4sqi.net/img/user/", "suffix": "/UD3E0FVOLKBK4J3M.jpg"}, "firstName": "Adey", "lastName": "Lim"}}]}, {"reasons": {"items": [{"reasonName": "globalInteractionReason", "summary": "This spot is popular", "type": "general"}], "count": 0}, "venue": {"hereNow": {"groups": [{"items": [], "name": "Other people here", "count": 1, "type": "others"}], "summary": "One other person is here", "count": 1}, "contact": {"phone": "+6566948098", "formattedPhone": "+65 6694 8098"}, "photos": {"groups": [], "count": 0}, "rating": 8.0, "name": "SONG FA Bak Kut Teh", "ratingSignals": 110, "allowMenuUrlEdit": true, "categories": [{"pluralName": "Chinese Restaurants", "id": "4bf58dd8d48988d145941735", "primary": true, "icon": {"prefix": "https://ss3.4sqi.net/img/categories_v2/food/asian_", "suffix": ".png"}, "name": "Chinese Restaurant", "shortName": "Chinese"}], "stats": {"checkinsCount": 2637, "usersCount": 1115, "tipCount": 24}, "id": "50499553e4b0cc21ec7ec7af", "beenHere": {"lastCheckinExpiredAt": 0, "count": 0, "marked": false}, "url": "http://www.songfa.com.sg", "ratingColor": "73CF42", "location": {"lng": 103.96436473229306, "formattedAddress": ["UE BizHub East (6 Changi Business Park Ave 1)", "486017", "Singapore"], "postalCode": "486017", "lat": 1.3354759516060233, "crossStreet": "6 Changi Business Park Ave 1", "country": "Singapore", "distance": 767, "city": "Singapore", "cc": "SG", "address": "UE BizHub East", "labeledLatLngs": [{"lng": 103.96436473229306, "label": "display", "lat": 1.3354759516060233}]}, "hours": {"isLocalHoliday": false, "isOpen": true, "status": "Open until 9:30 PM"}, "verified": false, "price": {"tier": 1, "currency": "$", "message": "Cheap"}}, "referralId": "e-3-50499553e4b0cc21ec7ec7af-1", "tips": [{"logView": true, "photo": {"id": "515fd2f2e4b0397cf677d2c5", "visibility": "public", "source": {"name": "Foursquare for Android", "url": "https://foursquare.com/download/#/android"}, "suffix": "/5225971_ooreYQtLfLYjJeV7_nUXMkTeUIkELJXPsank27bGv6A.jpg", "createdAt": 1365234418, "prefix": "https://igx.4sqi.net/img/general/", "width": 612, "height": 612}, "createdAt": 1365234404, "todo": {"count": 0}, "agreeCount": 4, "likes": {"groups": [], "summary": "4 likes", "count": 4}, "id": "515fd2e4e4b03396318b7120", "text": "Pig trotter the best.", "disagreeCount": 0, "user": {"gender": "male", "id": "5225971", "photo": {"prefix": "https://igx.4sqi.net/img/user/", "suffix": "/CKRJTD3EXW5VEP2D.jpg"}, "firstName": "Jomar", "lastName": "Lianko"}, "canonicalUrl": "https://foursquare.com/item/515fd2e4e4b03396318b7120", "type": "user", "photourl": "https://igx.4sqi.net/img/general/original/5225971_ooreYQtLfLYjJeV7_nUXMkTeUIkELJXPsank27bGv6A.jpg"}]}, {"reasons": {"items": [{"reasonName": "globalInteractionReason", "summary": "This spot is popular", "type": "general"}], "count": 0}, "venue": {"hereNow": {"groups": [], "summary": "Nobody here", "count": 0}, "contact": {}, "photos": {"groups": [], "count": 0}, "rating": 7.9, "name": "Turo Turo", "ratingSignals": 12, "allowMenuUrlEdit": true, "categories": [{"pluralName": "Filipino Restaurants", "id": "4eb1bd1c3b7b55596b4a748f", "primary": true, "icon": {"prefix": "https://ss3.4sqi.net/img/categories_v2/food/filipino_", "suffix": ".png"}, "name": "Filipino Restaurant", "shortName": "Filipino"}], "stats": {"checkinsCount": 160, "usersCount": 65, "tipCount": 3}, "id": "51e21e5c498ed5e28024a8a5", "beenHere": {"lastCheckinExpiredAt": 0, "count": 0, "marked": false}, "ratingColor": "C5DE35", "location": {"formattedAddress": ["6 Changi Business Park Avenue 1", "Singapore"], "lat": 1.3351652936139753, "lng": 103.9640190827859, "country": "Singapore", "distance": 784, "city": "Singapore", "cc": "SG", "address": "6 Changi Business Park Avenue 1", "labeledLatLngs": [{"lng": 103.9640190827859, "label": "display", "lat": 1.3351652936139753}]}, "verified": false, "price": {"tier": 2, "currency": "$", "message": "Moderate"}}, "referralId": "e-3-51e21e5c498ed5e28024a8a5-2", "tips": [{"logView": true, "photo": {"id": "51f8a419498e4444257ce01e", "visibility": "public", "source": {"name": "Foursquare for iOS", "url": "https://foursquare.com/download/#/iphone"}, "suffix": "/4659028_eEuQeEdEuVJj5L1ylKMtVp3zjtq8ljp2LJHhS9q7C30.jpg", "createdAt": 1375249433, "prefix": "https://igx.4sqi.net/img/general/", "width": 720, "height": 960}, "createdAt": 1375249425, "todo": {"count": 0}, "agreeCount": 1, "likes": {"groups": [], "summary": "1 like", "count": 1}, "id": "51f8a411498e51eb74afb918", "text": "Try their gulaman!", "disagreeCount": 0, "user": {"gender": "female", "id": "4659028", "photo": {"prefix": "https://igx.4sqi.net/img/user/", "suffix": "/GB3UVEUPEYT4NKQY.jpg"}, "firstName": "Agnes", "lastName": "Laserna"}, "canonicalUrl": "https://foursquare.com/item/51f8a411498e51eb74afb918", "type": "user", "photourl": "https://igx.4sqi.net/img/general/original/4659028_eEuQeEdEuVJj5L1ylKMtVp3zjtq8ljp2LJHhS9q7C30.jpg"}]}, {"reasons": {"items": [{"reasonName": "globalInteractionReason", "summary": "This spot is popular", "type": "general"}], "count": 0}, "venue": {"hereNow": {"groups": [], "summary": "Nobody here", "count": 0}, "contact": {}, "photos": {"groups": [], "count": 0}, "rating": 7.6, "name": "Knead To Eat", "ratingSignals": 20, "allowMenuUrlEdit": true, "categories": [{"pluralName": "Sandwich Places", "id": "4bf58dd8d48988d1c5941735", "primary": true, "icon": {"prefix": "https://ss3.4sqi.net/img/categories_v2/food/deli_", "suffix": ".png"}, "name": "Sandwich Place", "shortName": "Sandwiches"}], "stats": {"checkinsCount": 221, "usersCount": 98, "tipCount": 11}, "id": "50f24ae9e4b0b237c1aafd76", "beenHere": {"lastCheckinExpiredAt": 0, "count": 0, "marked": false}, "ratingColor": "C5DE35", "location": {"lng": 103.96393408713797, "formattedAddress": ["6 Changi Business Park Ave 1 #01-30 (UE Biz Hub)", "486017", "Singapore"], "postalCode": "486017", "lat": 1.3356098781531651, "crossStreet": "UE Biz Hub", "state": "Singapore", "distance": 735, "country": "Singapore", "cc": "SG", "address": "6 Changi Business Park Ave 1 #01-30", "labeledLatLngs": [{"lng": 103.96393408713797, "label": "display", "lat": 1.3356098781531651}]}, "verified": false, "price": {"tier": 1, "currency": "$", "message": "Cheap"}}, "referralId": "e-3-50f24ae9e4b0b237c1aafd76-3", "tips": [{"id": "5243c67611d2de873f73583e", "text": "Lovely people running this joint. Warm and friendly. Lemon drizzle loaf is delicious: right amount lemony tang and sweetness. Coffee is decent.", "disagreeCount": 0, "logView": true, "createdAt": 1380173430, "likes": {"groups": [], "summary": "2 likes", "count": 2}, "todo": {"count": 1}, "agreeCount": 2, "canonicalUrl": "https://foursquare.com/item/5243c67611d2de873f73583e", "type": "user", "user": {"id": "39334294", "photo": {"prefix": "https://igx.4sqi.net/img/user/", "suffix": "/D1YX1JQ1B4AKCAGQ.jpg"}, "firstName": "Yann", "gender": "female"}}]}, {"reasons": {"items": [{"reasonName": "globalInteractionReason", "summary": "This spot is popular", "type": "general"}], "count": 0}, "venue": {"venuePage": {"id": "82157655"}, "hereNow": {"groups": [], "summary": "Nobody here", "count": 0}, "contact": {"facebook": "162107013951234", "facebookUsername": "ComidaFiestaExpo", "facebookName": "Comida Fiesta", "phone": "+6564433037", "formattedPhone": "+65 6443 3037"}, "photos": {"groups": [], "count": 0}, "rating": 7.3, "name": "Calle Real", "ratingSignals": 14, "allowMenuUrlEdit": true, "categories": [{"pluralName": "Filipino Restaurants", "id": "4eb1bd1c3b7b55596b4a748f", "primary": true, "icon": {"prefix": "https://ss3.4sqi.net/img/categories_v2/food/filipino_", "suffix": ".png"}, "name": "Filipino Restaurant", "shortName": "Filipino"}], "stats": {"checkinsCount": 252, "usersCount": 105, "tipCount": 5}, "id": "5185e54e498e995ae0cfa69d", "beenHere": {"lastCheckinExpiredAt": 0, "count": 0, "marked": false}, "url": "http://www.cafecallereal.com", "ratingColor": "C5DE35", "location": {"formattedAddress": ["Changi Business ParkUE Bizhub East 6-8 Changi Business Park Avenue 1, #01-37", "486018", "Singapore"], "postalCode": "486018", "lat": 1.3354850362946862, "lng": 103.96407902240753, "country": "Singapore", "distance": 754, "city": "Singapore", "cc": "SG", "address": "Changi Business ParkUE Bizhub East 6-8 Changi Business Park Avenue 1, #01-37", "labeledLatLngs": [{"lng": 103.96407902240753, "label": "display", "lat": 1.3354850362946862}]}, "hours": {"isLocalHoliday": false, "isOpen": true, "status": "Open until 10:00 PM"}, "verified": true, "price": {"tier": 2, "currency": "$", "message": "Moderate"}, "storeId": ""}, "referralId": "e-3-5185e54e498e995ae0cfa69d-4", "tips": [{"id": "5215e82b11d2f1217ed032e3", "text": "Crispy Pata or de Paella - great with beer :-)  ...and guess what - they're having a special offer this month.  5 beers for $25 - it's a steal really.", "disagreeCount": 0, "logView": true, "createdAt": 1377167403, "likes": {"groups": [], "summary": "1 like", "count": 1}, "todo": {"count": 0}, "agreeCount": 1, "canonicalUrl": "https://foursquare.com/item/5215e82b11d2f1217ed032e3", "type": "user", "user": {"gender": "male", "id": "60092901", "photo": {"prefix": "https://igx.4sqi.net/img/user/", "suffix": "/SGCYIZ1R4GQA0BKP.jpg"}, "firstName": "Robert", "lastName": "Kooij"}}]}, {"reasons": {"items": [{"reasonName": "globalInteractionReason", "summary": "This spot is popular", "type": "general"}], "count": 0}, "venue": {"hereNow": {"groups": [], "summary": "Nobody here", "count": 0}, "contact": {"phone": "+6566948901", "formattedPhone": "+65 6694 8901"}, "photos": {"groups": [], "count": 0}, "rating": 7.0, "name": "Swissbake", "ratingSignals": 18, "allowMenuUrlEdit": true, "categories": [{"pluralName": "Bakeries", "id": "4bf58dd8d48988d16a941735", "primary": true, "icon": {"prefix": "https://ss3.4sqi.net/img/categories_v2/food/bakery_", "suffix": ".png"}, "name": "Bakery", "shortName": "Bakery"}], "stats": {"checkinsCount": 349, "usersCount": 123, "tipCount": 4}, "id": "50c80a00e4b01048fdc14f4f", "beenHere": {"lastCheckinExpiredAt": 0, "count": 0, "marked": false}, "url": "http://www.swissbake.com", "ratingColor": "C5DE35", "location": {"lng": 103.96437039868563, "formattedAddress": ["#01-27, UE Bizhub East (4 Changi Business Park Ave. 1)", "486016", "Singapore"], "postalCode": "486016", "lat": 1.3352152993315984, "crossStreet": "4 Changi Business Park Ave. 1", "country": "Singapore", "distance": 794, "city": "Singapore", "cc": "SG", "address": "#01-27, UE Bizhub East", "labeledLatLngs": [{"lng": 103.96437039868563, "label": "display", "lat": 1.3352152993315984}]}, "hours": {"isLocalHoliday": false, "isOpen": false, "status": "Closed until 7:00 AM tomorrow"}, "verified": false, "price": {"tier": 1, "currency": "$", "message": "Cheap"}}, "referralId": "e-3-50c80a00e4b01048fdc14f4f-5", "tips": [{"id": "54fcf5e3498ed453d4128a24", "text": "Good place to grab a sandwich.", "disagreeCount": 0, "createdAt": 1425864163, "logView": true, "todo": {"count": 0}, "agreeCount": 0, "canonicalUrl": "https://foursquare.com/item/54fcf5e3498ed453d4128a24", "type": "user", "user": {"gender": "male", "id": "46111912", "photo": {"prefix": "https://igx.4sqi.net/img/user/", "suffix": "/46111912-X1TAO3ILMJOKU1CB.jpg"}, "firstName": "Jeremy", "lastName": "Bassinder"}}]}, {"reasons": {"items": [{"reasonName": "globalInteractionReason", "summary": "This spot is popular", "type": "general"}], "count": 0}, "venue": {"contact": {"phone": "+6567829878", "formattedPhone": "+65 6782 9878"}, "photos": {"groups": [], "count": 0}, "rating": 6.6, "name": "Quest", "ratingSignals": 11, "allowMenuUrlEdit": true, "categories": [{"pluralName": "Food Courts", "id": "4bf58dd8d48988d120951735", "primary": true, "icon": {"prefix": "https://ss3.4sqi.net/img/categories_v2/shops/food_foodcourt_", "suffix": ".png"}, "name": "Food Court", "shortName": "Food Court"}], "stats": {"checkinsCount": 1525, "usersCount": 240, "tipCount": 6}, "id": "4b4fbbf0f964a520211327e3", "beenHere": {"lastCheckinExpiredAt": 0, "count": 0, "marked": false}, "ratingColor": "FFC800", "location": {"lat": 1.3356164210243884, "distance": 756, "country": "Singapore", "cc": "SG", "crossStreet": "7 Changi Business Park", "formattedAddress": ["IBM Place 1 (7 Changi Business Park)", "Singapore", "Singapore"], "city": "Singapore", "lng": 103.96443272901926, "state": "486072", "labeledLatLngs": [{"lng": 103.96443272901926, "label": "display", "lat": 1.3356164210243884}], "address": "IBM Place 1", "postalCode": "Singapore"}, "hours": {"isLocalHoliday": false, "isOpen": false}, "verified": false, "hereNow": {"groups": [], "summary": "Nobody here", "count": 0}}, "referralId": "e-3-4b4fbbf0f964a520211327e3-6", "tips": [{"id": "4fc4183de4b089f18d01456a", "text": "Best beehon and fried rice and fish soup.", "disagreeCount": 0, "createdAt": 1338251325, "logView": true, "todo": {"count": 0}, "agreeCount": 0, "canonicalUrl": "https://foursquare.com/item/4fc4183de4b089f18d01456a", "type": "user", "user": {"gender": "male", "id": "2063118", "photo": {"prefix": "https://igx.4sqi.net/img/user/", "suffix": "/133ZTUUHCDAEEX5B.jpg"}, "firstName": "Fajar", "lastName": "Priyanto"}}]}, {"reasons": {"items": [{"reasonName": "globalInteractionReason", "summary": "This spot is popular", "type": "general"}], "count": 0}, "venue": {"hereNow": {"groups": [], "summary": "Nobody here", "count": 0}, "contact": {"phone": "+6565381216", "formattedPhone": "+65 6538 1216"}, "photos": {"groups": [], "count": 0}, "rating": 6.5, "name": "Loh Nam Tai", "ratingSignals": 16, "allowMenuUrlEdit": true, "categories": [{"pluralName": "Chinese Restaurants", "id": "4bf58dd8d48988d145941735", "primary": true, "icon": {"prefix": "https://ss3.4sqi.net/img/categories_v2/food/asian_", "suffix": ".png"}, "name": "Chinese Restaurant", "shortName": "Chinese"}], "stats": {"checkinsCount": 249, "usersCount": 124, "tipCount": 5}, "id": "5288684811d2aa58bd1af0a4", "beenHere": {"lastCheckinExpiredAt": 0, "count": 0, "marked": false}, "ratingColor": "FFC800", "location": {"lng": 103.9636960996021, "formattedAddress": ["6 Changi Business Park Ave 1 (#01-32 UE Biz Hub East)", "486017", "Singapore"], "postalCode": "486017", "lat": 1.3358639159744734, "crossStreet": "#01-32 UE Biz Hub East", "country": "Singapore", "distance": 699, "city": "Singapore", "cc": "SG", "address": "6 Changi Business Park Ave 1", "labeledLatLngs": [{"lng": 103.9636960996021, "label": "display", "lat": 1.3358639159744734}]}, "verified": false, "price": {"tier": 1, "currency": "$", "message": "Cheap"}}, "referralId": "e-3-5288684811d2aa58bd1af0a4-7", "tips": [{"id": "581afdb2d67c728bada01d3a", "text": "Wanton and Char Siew are pretty flavourful here and coupled with fresh green veg and green chilli. Nice, will come back again when I need lunch while having work appointments in the vicinity \ud83d\ude0b", "disagreeCount": 0, "createdAt": 1478163890, "logView": true, "todo": {"count": 0}, "agreeCount": 0, "canonicalUrl": "https://foursquare.com/item/581afdb2d67c728bada01d3a", "type": "user", "user": {"gender": "female", "id": "6306884", "photo": {"prefix": "https://igx.4sqi.net/img/user/", "suffix": "/6306884-L21LWV3MMZFIVU5F"}, "firstName": "Jess", "lastName": "Thia"}}]}, {"reasons": {"items": [{"reasonName": "globalInteractionReason", "summary": "This spot is popular", "type": "general"}], "count": 0}, "venue": {"hereNow": {"groups": [], "summary": "Nobody here", "count": 0}, "contact": {}, "photos": {"groups": [], "count": 0}, "rating": 6.5, "name": "Sushi Zanmai by Fresharvest", "ratingSignals": 8, "allowMenuUrlEdit": true, "categories": [{"pluralName": "Japanese Restaurants", "id": "4bf58dd8d48988d111941735", "primary": true, "icon": {"prefix": "https://ss3.4sqi.net/img/categories_v2/food/japanese_", "suffix": ".png"}, "name": "Japanese Restaurant", "shortName": "Japanese"}], "stats": {"checkinsCount": 167, "usersCount": 66, "tipCount": 2}, "id": "50efb3fbe4b0b8f309821d6d", "beenHere": {"lastCheckinExpiredAt": 0, "count": 0, "marked": false}, "ratingColor": "FFC800", "location": {"formattedAddress": ["6 Changi Business Park Ave 1, #01-35", "Singapore"], "lat": 1.3358898100280097, "lng": 103.96380376057944, "distance": 700, "country": "Singapore", "cc": "SG", "address": "6 Changi Business Park Ave 1, #01-35", "labeledLatLngs": [{"lng": 103.96380376057944, "label": "display", "lat": 1.3358898100280097}]}, "verified": false, "price": {"tier": 2, "currency": "$", "message": "Moderate"}}, "referralId": "e-3-50efb3fbe4b0b8f309821d6d-8", "tips": [{"logView": true, "photo": {"id": "5168d7bde4b0c1b42b51e02b", "visibility": "public", "source": {"name": "Foursquare for Android", "url": "https://foursquare.com/download/#/android"}, "suffix": "/138834_wSFPLLC6uguixBKg-k6ddecZFP5-jca-qgv6RR22e1s.jpg", "createdAt": 1365825469, "prefix": "https://igx.4sqi.net/img/general/", "width": 720, "height": 960}, "createdAt": 1365825466, "todo": {"count": 0}, "agreeCount": 1, "likes": {"groups": [], "summary": "1 like", "count": 1}, "id": "5168d7bae4b0088a3dd1e7ff", "text": "Teriyaki Saba Teishoku is surprisingly good.", "disagreeCount": 0, "user": {"gender": "male", "id": "138834", "photo": {"prefix": "https://igx.4sqi.net/img/user/", "suffix": "/138834-3WYPLZN22DBGUE5Z.jpg"}, "firstName": "Julian", "lastName": "Lim"}, "canonicalUrl": "https://foursquare.com/item/5168d7bae4b0088a3dd1e7ff", "type": "user", "photourl": "https://igx.4sqi.net/img/general/original/138834_wSFPLLC6uguixBKg-k6ddecZFP5-jca-qgv6RR22e1s.jpg"}]}, {"reasons": {"items": [{"reasonName": "globalInteractionReason", "summary": "This spot is popular", "type": "general"}], "count": 0}, "venue": {"hereNow": {"groups": [], "summary": "Nobody here", "count": 0}, "contact": {}, "photos": {"groups": [], "count": 0}, "rating": 6.1, "name": "Manchurian Club", "ratingSignals": 12, "allowMenuUrlEdit": true, "categories": [{"pluralName": "Chinese Restaurants", "id": "4bf58dd8d48988d145941735", "primary": true, "icon": {"prefix": "https://ss3.4sqi.net/img/categories_v2/food/asian_", "suffix": ".png"}, "name": "Chinese Restaurant", "shortName": "Chinese"}], "stats": {"checkinsCount": 119, "usersCount": 73, "tipCount": 1}, "id": "51a82baa498e37d56752aaa4", "beenHere": {"lastCheckinExpiredAt": 0, "count": 0, "marked": false}, "ratingColor": "FFC800", "location": {"lng": 103.96335045176859, "formattedAddress": ["2 Changi Business Park Avenue 1 (#01-02 Hotel Tower, UE business hub east)", "Singapore"], "lat": 1.335875130625073, "crossStreet": "#01-02 Hotel Tower, UE business hub east", "country": "Singapore", "distance": 685, "city": "Singapore", "cc": "SG", "address": "2 Changi Business Park Avenue 1", "labeledLatLngs": [{"lng": 103.96335045176859, "label": "display", "lat": 1.335875130625073}]}, "verified": false, "price": {"tier": 1, "currency": "$", "message": "Cheap"}}, "referralId": "e-3-51a82baa498e37d56752aaa4-9", "tips": [{"id": "52198cba11d2840d830a51bc", "text": "The Indian Chinese food is as authentic as it gets, were pleasantly surprised the first time!The 5 spice chicken and wontons were good", "disagreeCount": 0, "createdAt": 1377406138, "logView": true, "todo": {"count": 0}, "agreeCount": 0, "canonicalUrl": "https://foursquare.com/item/52198cba11d2840d830a51bc", "type": "user", "user": {"gender": "male", "id": "64144595", "photo": {"prefix": "https://igx.4sqi.net/img/user/", "suffix": "/T13RW1MNJGHDC4C1.jpg"}, "firstName": "Bontha", "lastName": "Kamesh"}}]}, {"reasons": {"items": [{"reasonName": "globalInteractionReason", "summary": "This spot is popular", "type": "general"}], "count": 0}, "venue": {"hereNow": {"groups": [], "summary": "Nobody here", "count": 0}, "contact": {"phone": "+6564441181", "formattedPhone": "+65 6444 1181"}, "photos": {"groups": [], "count": 0}, "rating": 6.1, "name": "Mikawa Japanese Sake Bar & Restaurant", "ratingSignals": 16, "allowMenuUrlEdit": true, "categories": [{"pluralName": "Japanese Restaurants", "id": "4bf58dd8d48988d111941735", "primary": true, "icon": {"prefix": "https://ss3.4sqi.net/img/categories_v2/food/japanese_", "suffix": ".png"}, "name": "Japanese Restaurant", "shortName": "Japanese"}], "stats": {"checkinsCount": 170, "usersCount": 119, "tipCount": 7}, "id": "5320489a498e16dc9987b2c8", "beenHere": {"lastCheckinExpiredAt": 0, "count": 0, "marked": false}, "ratingColor": "FFC800", "location": {"lng": 103.9634637788318, "formattedAddress": ["6 Changi Business Park Ave 1, #01-21 (UE Bizhub East)", "486017", "Singapore"], "postalCode": "486017", "lat": 1.3358846376952818, "crossStreet": "UE Bizhub East", "country": "Singapore", "distance": 688, "city": "Singapore", "cc": "SG", "address": "6 Changi Business Park Ave 1, #01-21", "labeledLatLngs": [{"lng": 103.9634637788318, "label": "display", "lat": 1.3358846376952818}]}, "verified": false, "price": {"tier": 2, "currency": "$", "message": "Moderate"}}, "referralId": "e-3-5320489a498e16dc9987b2c8-10", "tips": [{"id": "539d95fa498e62d47e784073", "text": "Tasty and great food.", "disagreeCount": 0, "logView": true, "createdAt": 1402836474, "likes": {"groups": [], "summary": "2 likes", "count": 2}, "todo": {"count": 1}, "agreeCount": 2, "canonicalUrl": "https://foursquare.com/item/539d95fa498e62d47e784073", "type": "user", "user": {"gender": "male", "id": "88227779", "photo": {"prefix": "https://igx.4sqi.net/img/user/", "suffix": "/88227779-BFT1FCPVNTEVZUXU.jpg"}, "firstName": "Lin", "lastName": "ZX"}}]}, {"reasons": {"items": [{"reasonName": "globalInteractionReason", "summary": "This spot is popular", "type": "general"}], "count": 0}, "venue": {"hereNow": {"groups": [], "summary": "Nobody here", "count": 0}, "contact": {}, "photos": {"groups": [], "count": 0}, "name": "ARIA", "allowMenuUrlEdit": true, "beenHere": {"lastCheckinExpiredAt": 0, "count": 0, "marked": false}, "stats": {"checkinsCount": 50, "usersCount": 35, "tipCount": 2}, "id": "555c28d2498e4fcd3bf09471", "categories": [{"pluralName": "Caf\u00e9s", "id": "4bf58dd8d48988d16d941735", "primary": true, "icon": {"prefix": "https://ss3.4sqi.net/img/categories_v2/food/cafe_", "suffix": ".png"}, "name": "Caf\u00e9", "shortName": "Caf\u00e9"}], "location": {"formattedAddress": ["Singapore"], "lat": 1.340729572565448, "lng": 103.962177522128, "distance": 136, "country": "Singapore", "cc": "SG", "labeledLatLngs": [{"lng": 103.962177522128, "label": "display", "lat": 1.340729572565448}]}, "verified": false, "price": {"tier": 1, "currency": "$", "message": "Cheap"}}, "referralId": "e-3-555c28d2498e4fcd3bf09471-11", "tips": [{"id": "56a218f1498ef068a2b93f4d", "text": "The derivative of the size of the chicken chop is negative.", "disagreeCount": 0, "logView": true, "createdAt": 1453463793, "likes": {"groups": [], "summary": "1 like", "count": 1}, "todo": {"count": 0}, "agreeCount": 1, "canonicalUrl": "https://foursquare.com/item/56a218f1498ef068a2b93f4d", "type": "user", "user": {"gender": "male", "id": "38289896", "photo": {"prefix": "https://igx.4sqi.net/img/user/", "suffix": "/NNO5P0GCFV50V5X3.jpg"}, "firstName": "Sergey", "lastName": "K"}}]}, {"reasons": {"items": [{"reasonName": "globalInteractionReason", "summary": "This spot is popular", "type": "general"}], "count": 0}, "venue": {"hereNow": {"groups": [], "summary": "Nobody here", "count": 0}, "contact": {}, "photos": {"groups": [], "count": 0}, "rating": 6.1, "name": "Kinara", "ratingSignals": 10, "allowMenuUrlEdit": true, "categories": [{"pluralName": "Indian Restaurants", "id": "4bf58dd8d48988d10f941735", "primary": true, "icon": {"prefix": "https://ss3.4sqi.net/img/categories_v2/food/indian_", "suffix": ".png"}, "name": "Indian Restaurant", "shortName": "Indian"}], "stats": {"checkinsCount": 81, "usersCount": 54, "tipCount": 1}, "id": "509753cce4b0baf4e2a15583", "beenHere": {"lastCheckinExpiredAt": 0, "count": 0, "marked": false}, "ratingColor": "FFC800", "location": {"lng": 103.96431940116085, "formattedAddress": ["#01-28, UE Biz Hub East (6 Changi Business Park Ave 1)", "486017", "Singapore"], "postalCode": "486017", "lat": 1.3351422981912786, "crossStreet": "6 Changi Business Park Ave 1", "country": "Singapore", "distance": 799, "city": "Singapore", "cc": "SG", "address": "#01-28, UE Biz Hub East", "labeledLatLngs": [{"lng": 103.96431940116085, "label": "display", "lat": 1.3351422981912786}]}, "verified": false, "price": {"tier": 2, "currency": "$", "message": "Moderate"}}, "referralId": "e-3-509753cce4b0baf4e2a15583-12", "tips": [{"id": "5097553ce4b08e0dbf5c96d6", "text": "Cuppage Terrace branch is now closed. Newly opened at CBP. Try the lunch buffet at $14.90++ Mon-Fri.", "disagreeCount": 0, "createdAt": 1352095036, "logView": true, "todo": {"count": 0}, "agreeCount": 0, "canonicalUrl": "https://foursquare.com/item/5097553ce4b08e0dbf5c96d6", "type": "user", "user": {"gender": "female", "id": "3694851", "photo": {"prefix": "https://igx.4sqi.net/img/user/", "suffix": "/TO1C0322GND13Q51.jpg"}, "firstName": "Karla", "lastName": "Reynolds"}}]}, {"reasons": {"items": [{"reasonName": "globalInteractionReason", "summary": "This spot is popular", "type": "general"}], "count": 0}, "venue": {"hereNow": {"groups": [], "summary": "Nobody here", "count": 0}, "contact": {"phone": "+6568220012", "formattedPhone": "+65 6822 0012"}, "photos": {"groups": [], "count": 0}, "rating": 5.9, "name": "Subway", "ratingSignals": 25, "allowMenuUrlEdit": true, "categories": [{"pluralName": "Sandwich Places", "id": "4bf58dd8d48988d1c5941735", "primary": true, "icon": {"prefix": "https://ss3.4sqi.net/img/categories_v2/food/deli_", "suffix": ".png"}, "name": "Sandwich Place", "shortName": "Sandwiches"}], "stats": {"checkinsCount": 2346, "usersCount": 1453, "tipCount": 11}, "id": "4b6126e4f964a520430b2ae3", "beenHere": {"lastCheckinExpiredAt": 0, "count": 0, "marked": false}, "url": "http://www.subway.com.sg", "ratingColor": "FF9600", "location": {"lng": 103.96102726747272, "formattedAddress": ["Singapore Expo, Foyer 2 (1 Expo Dr)", "486150", "Singapore"], "postalCode": "486150", "lat": 1.335909675537063, "crossStreet": "1 Expo Dr", "country": "Singapore", "distance": 650, "city": "Singapore", "cc": "SG", "address": "Singapore Expo, Foyer 2", "labeledLatLngs": [{"lng": 103.96102726747272, "label": "display", "lat": 1.335909675537063}]}, "hours": {"isLocalHoliday": false, "isOpen": false}, "verified": false, "price": {"tier": 1, "currency": "$", "message": "Cheap"}}, "referralId": "e-3-4b6126e4f964a520430b2ae3-13", "tips": [{"id": "4cd6552f886cb60c298b8989", "text": "No more ice for the drinks.", "disagreeCount": 0, "logView": true, "createdAt": 1289114927, "likes": {"groups": [], "summary": "4 likes", "count": 4}, "todo": {"count": 0}, "agreeCount": 0, "canonicalUrl": "https://foursquare.com/item/4cd6552f886cb60c298b8989", "type": "user", "user": {"gender": "male", "id": "2514315", "photo": {"prefix": "https://igx.4sqi.net/img/user/", "suffix": "/2514315-5LMS4FG0GLITTJVB.jpg"}, "firstName": "Alvin", "lastName": "Teo"}}]}, {"reasons": {"items": [{"reasonName": "globalInteractionReason", "summary": "This spot is popular", "type": "general"}], "count": 0}, "venue": {"hereNow": {"groups": [], "summary": "Nobody here", "count": 0}, "contact": {}, "photos": {"groups": [], "count": 0}, "rating": 5.9, "name": "KFC", "ratingSignals": 1, "allowMenuUrlEdit": true, "categories": [{"pluralName": "Fried Chicken Joints", "id": "4d4ae6fc7a7b7dea34424761", "primary": true, "icon": {"prefix": "https://ss3.4sqi.net/img/categories_v2/food/friedchicken_", "suffix": ".png"}, "name": "Fried Chicken Joint", "shortName": "Fried Chicken"}], "stats": {"checkinsCount": 96, "usersCount": 42, "tipCount": 1}, "id": "5453762b498eccfb5aa6b5e3", "beenHere": {"lastCheckinExpiredAt": 0, "count": 0, "marked": false}, "ratingColor": "FF9600", "location": {"formattedAddress": ["Changi Business Park", "Singapore"], "lat": 1.3355129047885903, "lng": 103.96508436600979, "distance": 801, "country": "Singapore", "cc": "SG", "address": "Changi Business Park", "labeledLatLngs": [{"lng": 103.96508436600979, "label": "display", "lat": 1.3355129047885903}]}, "hours": {"isLocalHoliday": false, "isOpen": false, "status": "Closed until 8:00 AM tomorrow"}, "verified": false, "price": {"tier": 1, "currency": "$", "message": "Cheap"}}, "referralId": "e-3-5453762b498eccfb5aa6b5e3-14", "tips": [{"id": "56ab87db498e77efd7f36bbb", "text": "that's the worst KFC chicken I have eaten!!!", "disagreeCount": 0, "logView": true, "createdAt": 1454082011, "likes": {"groups": [], "summary": "1 like", "count": 1}, "todo": {"count": 0}, "agreeCount": 1, "canonicalUrl": "https://foursquare.com/item/56ab87db498e77efd7f36bbb", "type": "user", "user": {"gender": "male", "id": "57635740", "photo": {"prefix": "https://igx.4sqi.net/img/user/", "suffix": "/57635740-LSU2FRDZIHSJF5NP.jpg"}, "firstName": "Murat", "lastName": "S"}}]}, {"reasons": {"items": [{"reasonName": "globalInteractionReason", "summary": "This spot is popular", "type": "general"}], "count": 0}, "venue": {"hereNow": {"groups": [], "summary": "Nobody here", "count": 0}, "contact": {}, "photos": {"groups": [], "count": 0}, "rating": 5.7, "name": "The Coffee Bean & Tea Leaf", "ratingSignals": 25, "allowMenuUrlEdit": true, "categories": [{"pluralName": "Caf\u00e9s", "id": "4bf58dd8d48988d16d941735", "primary": true, "icon": {"prefix": "https://ss3.4sqi.net/img/categories_v2/food/cafe_", "suffix": ".png"}, "name": "Caf\u00e9", "shortName": "Caf\u00e9"}], "stats": {"checkinsCount": 2630, "usersCount": 1289, "tipCount": 11}, "id": "4bb477e0737d76b099653b7c", "beenHere": {"lastCheckinExpiredAt": 0, "count": 0, "marked": false}, "ratingColor": "FF9600", "location": {"lng": 103.96087646484375, "formattedAddress": ["#01-65 Singapore Expo 2 (1 Expo Dr)", "486150", "Singapore"], "postalCode": "486150", "lat": 1.335501125177271, "crossStreet": "1 Expo Dr", "country": "Singapore", "distance": 697, "city": "Singapore", "cc": "SG", "address": "#01-65 Singapore Expo 2", "labeledLatLngs": [{"lng": 103.96087646484375, "label": "display", "lat": 1.335501125177271}]}, "hours": {"isLocalHoliday": false, "isOpen": false}, "verified": true, "price": {"tier": 1, "currency": "$", "message": "Cheap"}}, "referralId": "e-3-4bb477e0737d76b099653b7c-15", "tips": [{"id": "4e86f9a8722e3a3ed8ef6054", "text": "Breakfast All Day", "disagreeCount": 0, "logView": true, "createdAt": 1317468584, "likes": {"groups": [], "summary": "1 like", "count": 1}, "todo": {"count": 0}, "agreeCount": 0, "canonicalUrl": "https://foursquare.com/item/4e86f9a8722e3a3ed8ef6054", "type": "user", "user": {"id": "1757033", "photo": {"prefix": "https://igx.4sqi.net/img/user/", "suffix": "/1757033-QLJTBUXG2YF2MEPO.jpg"}, "firstName": "ZieLiCiouS", "gender": "female"}}]}, {"reasons": {"items": [{"reasonName": "globalInteractionReason", "summary": "This spot is popular", "type": "general"}], "count": 0}, "venue": {"venuePage": {"id": "59435536"}, "hereNow": {"groups": [], "summary": "Nobody here", "count": 0}, "contact": {"facebook": "378387458927748", "facebookUsername": "thedukesinn", "facebookName": "Duke's Inn"}, "photos": {"groups": [], "count": 0}, "name": "Duke's Inn", "allowMenuUrlEdit": true, "beenHere": {"lastCheckinExpiredAt": 0, "count": 0, "marked": false}, "stats": {"checkinsCount": 25, "usersCount": 6, "tipCount": 2}, "id": "51971eee498eb4bdf10d1e57", "categories": [{"pluralName": "Gastropubs", "id": "4bf58dd8d48988d155941735", "primary": true, "icon": {"prefix": "https://ss3.4sqi.net/img/categories_v2/food/gastropub_", "suffix": ".png"}, "name": "Gastropub", "shortName": "Gastropub"}], "location": {"formattedAddress": ["Singapore"], "lat": 1.3452478072311616, "lng": 103.95832449007227, "country": "Singapore", "distance": 524, "city": "Singapore", "cc": "SG", "labeledLatLngs": [{"lng": 103.95832449007227, "label": "display", "lat": 1.3452478072311616}]}, "hours": {"isLocalHoliday": false, "isOpen": false, "status": "Closed until 11:00 AM Saturday"}, "verified": true, "price": {"tier": 3, "currency": "$", "message": "Expensive"}}, "referralId": "e-3-51971eee498eb4bdf10d1e57-16", "tips": [{"id": "519cb851498e55a58781e592", "text": "Their crispy pork belly is just heavenly", "disagreeCount": 0, "logView": true, "createdAt": 1369225297, "likes": {"groups": [], "summary": "1 like", "count": 1}, "todo": {"count": 0}, "agreeCount": 1, "canonicalUrl": "https://foursquare.com/item/519cb851498e55a58781e592", "type": "user", "user": {"gender": "male", "id": "476518", "photo": {"prefix": "https://igx.4sqi.net/img/user/", "suffix": "/ZJ3EW3OKETCZV3C5.jpg"}, "firstName": "DW", "lastName": "Lin"}}]}, {"reasons": {"items": [{"reasonName": "globalInteractionReason", "summary": "This spot is popular", "type": "general"}], "count": 0}, "venue": {"hereNow": {"groups": [], "summary": "Nobody here", "count": 0}, "contact": {}, "photos": {"groups": [], "count": 0}, "name": "Chill Spot.", "allowMenuUrlEdit": true, "beenHere": {"lastCheckinExpiredAt": 0, "count": 0, "marked": false}, "stats": {"checkinsCount": 42, "usersCount": 27, "tipCount": 0}, "id": "4c8643ced34ca1433f134e80", "categories": [{"pluralName": "BBQ Joints", "id": "4bf58dd8d48988d1df931735", "primary": true, "icon": {"prefix": "https://ss3.4sqi.net/img/categories_v2/food/bbqalt_", "suffix": ".png"}, "name": "BBQ Joint", "shortName": "BBQ"}], "location": {"formattedAddress": ["781 upper changi road east", "486069", "Singapore"], "postalCode": "486069", "lat": 1.3470690547012671, "lng": 103.9630388028244, "distance": 618, "country": "Singapore", "cc": "SG", "address": "781 upper changi road east", "labeledLatLngs": [{"lng": 103.9630388028244, "label": "display", "lat": 1.3470690547012671}]}, "verified": false, "price": {"tier": 2, "currency": "$", "message": "Moderate"}}, "referralId": "e-3-4c8643ced34ca1433f134e80-17"}, {"reasons": {"items": [{"reasonName": "globalInteractionReason", "summary": "This spot is popular", "type": "general"}], "count": 0}, "venue": {"hereNow": {"groups": [], "summary": "Nobody here", "count": 0}, "contact": {}, "photos": {"groups": [], "count": 0}, "name": "Pizza Hut Outlet", "allowMenuUrlEdit": true, "beenHere": {"lastCheckinExpiredAt": 0, "count": 0, "marked": false}, "stats": {"checkinsCount": 41, "usersCount": 14, "tipCount": 0}, "id": "4dca49b7887769ff3d4b0c69", "categories": [{"pluralName": "Pizza Places", "id": "4bf58dd8d48988d1ca941735", "primary": true, "icon": {"prefix": "https://ss3.4sqi.net/img/categories_v2/food/pizza_", "suffix": ".png"}, "name": "Pizza Place", "shortName": "Pizza"}], "location": {"formattedAddress": ["Tampines Mart Outlet", "Singapore"], "lat": 1.3446897306189498, "lng": 103.9567549769693, "country": "Singapore", "distance": 619, "city": "Singapore", "cc": "SG", "address": "Tampines Mart Outlet", "labeledLatLngs": [{"lng": 103.9567549769693, "label": "display", "lat": 1.3446897306189498}]}, "verified": false, "price": {"tier": 1, "currency": "$", "message": "Cheap"}}, "referralId": "e-3-4dca49b7887769ff3d4b0c69-18"}, {"reasons": {"items": [{"reasonName": "globalInteractionReason", "summary": "This spot is popular", "type": "general"}], "count": 0}, "venue": {"hereNow": {"groups": [], "summary": "Nobody here", "count": 0}, "contact": {}, "photos": {"groups": [], "count": 0}, "name": "Chicken rice @Simei Mrt", "allowMenuUrlEdit": true, "beenHere": {"lastCheckinExpiredAt": 0, "count": 0, "marked": false}, "stats": {"checkinsCount": 337, "usersCount": 29, "tipCount": 2}, "id": "4c2ad4a68abca5931955ff1f", "categories": [{"pluralName": "Chinese Restaurants", "id": "4bf58dd8d48988d145941735", "primary": true, "icon": {"prefix": "https://ss3.4sqi.net/img/categories_v2/food/asian_", "suffix": ".png"}, "name": "Chinese Restaurant", "shortName": "Chinese"}], "location": {"formattedAddress": ["Singapore"], "lat": 1.3438039925077747, "lng": 103.95567842595975, "distance": 684, "country": "Singapore", "cc": "SG", "labeledLatLngs": [{"lng": 103.95567842595975, "label": "display", "lat": 1.3438039925077747}]}, "hours": {"isLocalHoliday": false, "isOpen": false}, "verified": false, "price": {"tier": 1, "currency": "$", "message": "Cheap"}}, "referralId": "e-3-4c2ad4a68abca5931955ff1f-19", "tips": [{"id": "4c70e1f29375a093c3710837", "text": "Yummy", "disagreeCount": 0, "logView": true, "createdAt": 1282466290, "likes": {"groups": [], "summary": "3 likes", "count": 3}, "todo": {"count": 0}, "agreeCount": 0, "canonicalUrl": "https://foursquare.com/item/4c70e1f29375a093c3710837", "type": "user", "user": {"gender": "male", "id": "2862568", "photo": {"prefix": "https://igx.4sqi.net/img/user/", "default": true, "suffix": "/blank_boy.png"}, "firstName": "Anthony", "lastName": "Christopher"}}]}, {"reasons": {"items": [{"reasonName": "globalInteractionReason", "summary": "This spot is popular", "type": "general"}], "count": 0}, "venue": {"hereNow": {"groups": [], "summary": "Nobody here", "count": 0}, "contact": {}, "photos": {"groups": [], "count": 0}, "name": "Fei Siong", "allowMenuUrlEdit": true, "beenHere": {"lastCheckinExpiredAt": 0, "count": 0, "marked": false}, "stats": {"checkinsCount": 765, "usersCount": 103, "tipCount": 2}, "id": "4c0f74371281c9b628891e1d", "categories": [{"pluralName": "Chinese Restaurants", "id": "4bf58dd8d48988d145941735", "primary": true, "icon": {"prefix": "https://ss3.4sqi.net/img/categories_v2/food/asian_", "suffix": ".png"}, "name": "Chinese Restaurant", "shortName": "Chinese"}], "location": {"formattedAddress": ["Singapore"], "lat": 1.3438645433997682, "lng": 103.95562743164666, "distance": 692, "country": "Singapore", "cc": "SG", "labeledLatLngs": [{"lng": 103.95562743164666, "label": "display", "lat": 1.3438645433997682}]}, "hours": {"isLocalHoliday": false, "isOpen": true, "status": "Likely open"}, "verified": false, "price": {"tier": 1, "currency": "$", "message": "Cheap"}}, "referralId": "e-3-4c0f74371281c9b628891e1d-20", "tips": [{"id": "4fa60d0be4b0862c75813938", "text": "The noodles from the fishball noodle stall is not fantastic but the mushrooms are sup juicy. The pig's liver is cooked just right and the fishballs are qq. Love it.", "disagreeCount": 0, "logView": true, "createdAt": 1336282379, "likes": {"groups": [], "summary": "2 likes", "count": 2}, "todo": {"count": 0}, "agreeCount": 1, "canonicalUrl": "https://foursquare.com/item/4fa60d0be4b0862c75813938", "type": "user", "user": {"gender": "female", "id": "24757446", "photo": {"prefix": "https://igx.4sqi.net/img/user/", "suffix": "/3R3CWAKQFCMLRXGI.jpg"}, "firstName": "Huiling", "lastName": "Huang"}}]}, {"reasons": {"items": [{"reasonName": "globalInteractionReason", "summary": "This spot is popular", "type": "general"}], "count": 0}, "venue": {"hereNow": {"groups": [], "summary": "Nobody here", "count": 0}, "contact": {}, "photos": {"groups": [], "count": 0}, "name": "Lemon & Herb Rotisserie", "allowMenuUrlEdit": true, "beenHere": {"lastCheckinExpiredAt": 0, "count": 0, "marked": false}, "stats": {"checkinsCount": 131, "usersCount": 76, "tipCount": 4}, "id": "50cf04dae4b0fb93394beda9", "categories": [{"pluralName": "BBQ Joints", "id": "4bf58dd8d48988d1df931735", "primary": true, "icon": {"prefix": "https://ss3.4sqi.net/img/categories_v2/food/bbqalt_", "suffix": ".png"}, "name": "BBQ Joint", "shortName": "BBQ"}], "location": {"lat": 1.3359215905613429, "distance": 711, "country": "Singapore", "cc": "SG", "crossStreet": "6 Changi Business Park Ave 1", "formattedAddress": ["UE Bizhub East (6 Changi Business Park Ave 1)", "486017", "Singapore"], "city": "Changi Village", "lng": 103.9641154112501, "state": "North East Community Development Region", "labeledLatLngs": [{"lng": 103.9641154112501, "label": "display", "lat": 1.3359215905613429}], "address": "UE Bizhub East", "postalCode": "486017"}, "verified": false, "price": {"tier": 2, "currency": "$", "message": "Moderate"}}, "referralId": "e-3-50cf04dae4b0fb93394beda9-21", "tips": [{"id": "526f5e3e11d2d67d010fbd94", "text": "Portion was huge", "disagreeCount": 0, "createdAt": 1383030334, "logView": true, "todo": {"count": 0}, "agreeCount": 0, "canonicalUrl": "https://foursquare.com/item/526f5e3e11d2d67d010fbd94", "type": "user", "user": {"gender": "none", "id": "24907492", "photo": {"prefix": "https://igx.4sqi.net/img/user/", "suffix": "/24907492-F3YGK4PQGBGOXXRY.jpg"}, "firstName": "Smarty", "lastName": "Boey"}}]}, {"reasons": {"items": [{"reasonName": "globalInteractionReason", "summary": "This spot is popular", "type": "general"}], "count": 0}, "venue": {"hereNow": {"groups": [], "summary": "Nobody here", "count": 0}, "contact": {"phone": "+6564444033", "formattedPhone": "+65 6444 4033"}, "photos": {"groups": [], "count": 0}, "name": "Muthiah Restaurant", "allowMenuUrlEdit": true, "beenHere": {"lastCheckinExpiredAt": 0, "count": 0, "marked": false}, "stats": {"checkinsCount": 77, "usersCount": 29, "tipCount": 2}, "id": "51beffd1498e5ce3033ff404", "categories": [{"pluralName": "Indian Restaurants", "id": "4bf58dd8d48988d10f941735", "primary": true, "icon": {"prefix": "https://ss3.4sqi.net/img/categories_v2/food/indian_", "suffix": ".png"}, "name": "Indian Restaurant", "shortName": "Indian"}], "url": "http://bit.ly/MuthiahChangi", "location": {"formattedAddress": ["2 Changi Business Park Ave 1, #01-05", "486015", "Singapore"], "postalCode": "486015", "lat": 1.3353483509903223, "lng": 103.96258549652497, "country": "Singapore", "distance": 721, "city": "Singapore", "cc": "SG", "address": "2 Changi Business Park Ave 1, #01-05", "labeledLatLngs": [{"lng": 103.96258549652497, "label": "display", "lat": 1.3353483509903223}]}, "hours": {"isLocalHoliday": false, "isOpen": true, "status": "Open until 10:30 PM"}, "verified": false, "price": {"tier": 2, "currency": "$", "message": "Moderate"}}, "referralId": "e-3-51beffd1498e5ce3033ff404-22", "tips": [{"logView": true, "photo": {"id": "529de15d11d298615469fa03", "visibility": "public", "source": {"name": "Foursquare for iOS", "url": "https://foursquare.com/download/#/iphone"}, "suffix": "/32331573_gtZTwFoxR27WnTOS01h-bE6CETzum4GjofPU2zqyN0g.jpg", "createdAt": 1386078557, "prefix": "https://igx.4sqi.net/img/general/", "width": 960, "height": 720}, "createdAt": 1386078525, "agreeCount": 0, "id": "529de13d11d27fc46e3fa1a4", "text": "Choice of South Indian thali meals at this Chettinad restaurant", "type": "user", "disagreeCount": 0, "user": {"id": "32331573", "photo": {"prefix": "https://igx.4sqi.net/img/user/", "suffix": "/MJ1FX433LXUYL1VC.jpg"}, "firstName": "Crosser", "gender": "male"}, "canonicalUrl": "https://foursquare.com/item/529de13d11d27fc46e3fa1a4", "todo": {"count": 0}, "photourl": "https://igx.4sqi.net/img/general/original/32331573_gtZTwFoxR27WnTOS01h-bE6CETzum4GjofPU2zqyN0g.jpg"}]}, {"reasons": {"items": [{"reasonName": "globalInteractionReason", "summary": "This spot is popular", "type": "general"}], "count": 0}, "venue": {"hereNow": {"groups": [], "summary": "Nobody here", "count": 0}, "contact": {}, "photos": {"groups": [], "count": 0}, "name": "Mister Teh Tarik", "allowMenuUrlEdit": true, "beenHere": {"lastCheckinExpiredAt": 0, "count": 0, "marked": false}, "stats": {"checkinsCount": 63, "usersCount": 10, "tipCount": 0}, "id": "4f69a4c0e4b0f8b5d560bc24", "categories": [{"pluralName": "Soup Places", "id": "4bf58dd8d48988d1dd931735", "primary": true, "icon": {"prefix": "https://ss3.4sqi.net/img/categories_v2/food/soup_", "suffix": ".png"}, "name": "Soup Place", "shortName": "Soup"}], "location": {"formattedAddress": ["15A Changi Business Park", "Singapore"], "lat": 1.3367761862241427, "lng": 103.96565667581567, "distance": 722, "country": "Singapore", "cc": "SG", "address": "15A Changi Business Park", "labeledLatLngs": [{"lng": 103.96565667581567, "label": "display", "lat": 1.3367761862241427}]}, "verified": false, "price": {"tier": 1, "currency": "$", "message": "Cheap"}}, "referralId": "e-3-4f69a4c0e4b0f8b5d560bc24-23"}, {"reasons": {"items": [{"reasonName": "globalInteractionReason", "summary": "This spot is popular", "type": "general"}], "count": 0}, "venue": {"hereNow": {"groups": [], "summary": "Nobody here", "count": 0}, "contact": {}, "photos": {"groups": [], "count": 0}, "name": "Greenwitch @ Honeywell", "allowMenuUrlEdit": true, "beenHere": {"lastCheckinExpiredAt": 0, "count": 0, "marked": false}, "stats": {"checkinsCount": 56, "usersCount": 10, "tipCount": 0}, "id": "4eb0e15d9911c46a6a17671c", "categories": [{"pluralName": "Sandwich Places", "id": "4bf58dd8d48988d1c5941735", "primary": true, "icon": {"prefix": "https://ss3.4sqi.net/img/categories_v2/food/deli_", "suffix": ".png"}, "name": "Sandwich Place", "shortName": "Sandwiches"}], "location": {"formattedAddress": ["Singapore"], "lat": 1.336807736963805, "lng": 103.96575300542209, "distance": 726, "country": "Singapore", "cc": "SG", "labeledLatLngs": [{"lng": 103.96575300542209, "label": "display", "lat": 1.336807736963805}]}, "verified": false, "price": {"tier": 1, "currency": "$", "message": "Cheap"}}, "referralId": "e-3-4eb0e15d9911c46a6a17671c-24"}, {"reasons": {"items": [{"reasonName": "globalInteractionReason", "summary": "This spot is popular", "type": "general"}], "count": 0}, "venue": {"hereNow": {"groups": [], "summary": "Nobody here", "count": 0}, "contact": {"phone": "+6565804611", "formattedPhone": "+65 6580 4611"}, "photos": {"groups": [], "count": 0}, "name": "Happy Arts Vegetarian Cafe \u60a6\u827a\u82d1", "allowMenuUrlEdit": true, "beenHere": {"lastCheckinExpiredAt": 0, "count": 0, "marked": false}, "stats": {"checkinsCount": 288, "usersCount": 135, "tipCount": 1}, "id": "4be3b6c2f07b0f4721cff843", "categories": [{"pluralName": "Vegetarian / Vegan Restaurants", "id": "4bf58dd8d48988d1d3941735", "primary": true, "icon": {"prefix": "https://ss3.4sqi.net/img/categories_v2/food/vegetarian_", "suffix": ".png"}, "name": "Vegetarian / Vegan Restaurant", "shortName": "Vegetarian / Vegan"}], "url": "http://www.happyarts.com.sg", "location": {"lng": 103.957803, "formattedAddress": ["Metta Building Level 1 (32 Simei St 1)", "529950", "Singapore"], "postalCode": "529950", "lat": 1.347136, "crossStreet": "32 Simei St 1", "country": "Singapore", "distance": 726, "city": "Singapore", "cc": "SG", "address": "Metta Building Level 1", "labeledLatLngs": [{"lng": 103.957803, "label": "display", "lat": 1.347136}]}, "hours": {"isLocalHoliday": false, "isOpen": true, "status": "Open until 9:00 PM"}, "verified": false, "price": {"tier": 2, "currency": "$", "message": "Moderate"}}, "referralId": "e-3-4be3b6c2f07b0f4721cff843-25", "tips": [{"id": "4d40e5d91bd2a1431b2cf87c", "text": "vegetarian food at an affordable price", "disagreeCount": 0, "createdAt": 1296098777, "logView": true, "todo": {"count": 0}, "agreeCount": 0, "canonicalUrl": "https://foursquare.com/item/4d40e5d91bd2a1431b2cf87c", "type": "user", "user": {"gender": "male", "id": "4419258", "photo": {"prefix": "https://igx.4sqi.net/img/user/", "suffix": "/M3UV21IXQ1Z1URHI.jpg"}, "firstName": "Lloyd", "lastName": "Castillo"}}]}, {"reasons": {"items": [{"reasonName": "globalInteractionReason", "summary": "This spot is popular", "type": "general"}], "count": 0}, "venue": {"hereNow": {"groups": [], "summary": "Nobody here", "count": 0}, "contact": {"phone": "+6564443630", "formattedPhone": "+65 6444 3630"}, "photos": {"groups": [], "count": 0}, "name": "Gourmet Pizza To Go", "allowMenuUrlEdit": true, "beenHere": {"lastCheckinExpiredAt": 0, "count": 0, "marked": false}, "stats": {"checkinsCount": 67, "usersCount": 32, "tipCount": 0}, "id": "5566a0eb498e59fc6095d374", "categories": [{"pluralName": "Pizza Places", "id": "4bf58dd8d48988d1ca941735", "primary": true, "icon": {"prefix": "https://ss3.4sqi.net/img/categories_v2/food/pizza_", "suffix": ".png"}, "name": "Pizza Place", "shortName": "Pizza"}], "url": "http://www.gourmetpizzatogo.com.sg", "location": {"lng": 103.96349777696888, "formattedAddress": ["#01-23, UE Bizhub East (6 Changi Business Park Ave 1)", "486017", "Singapore"], "postalCode": "486017", "lat": 1.3354352457904646, "crossStreet": "6 Changi Business Park Ave 1", "country": "Singapore", "distance": 736, "city": "Singapore", "cc": "SG", "address": "#01-23, UE Bizhub East", "labeledLatLngs": [{"lng": 103.96349777696888, "label": "display", "lat": 1.3354352457904646}]}, "verified": false, "price": {"tier": 1, "currency": "$", "message": "Cheap"}}, "referralId": "e-3-5566a0eb498e59fc6095d374-26"}, {"reasons": {"items": [{"reasonName": "globalInteractionReason", "summary": "This spot is popular", "type": "general"}], "count": 0}, "venue": {"hereNow": {"groups": [], "summary": "Nobody here", "count": 0}, "contact": {}, "photos": {"groups": [], "count": 0}, "name": "Wang \u65fa Cafe @ NTUC Fairprice Xtra", "allowMenuUrlEdit": true, "beenHere": {"lastCheckinExpiredAt": 0, "count": 0, "marked": false}, "stats": {"checkinsCount": 109, "usersCount": 62, "tipCount": 0}, "id": "50150e2de4b07ac9f2356abc", "categories": [{"pluralName": "Caf\u00e9s", "id": "4bf58dd8d48988d16d941735", "primary": true, "icon": {"prefix": "https://ss3.4sqi.net/img/categories_v2/food/cafe_", "suffix": ".png"}, "name": "Caf\u00e9", "shortName": "Caf\u00e9"}], "location": {"formattedAddress": ["Changi Business Park", "Singapore"], "lat": 1.3352900957489198, "lng": 103.96352044239826, "country": "Singapore", "distance": 753, "city": "Singapore", "cc": "SG", "address": "Changi Business Park", "labeledLatLngs": [{"lng": 103.96352044239826, "label": "display", "lat": 1.3352900957489198}]}, "verified": false, "price": {"tier": 1, "currency": "$", "message": "Cheap"}}, "referralId": "e-3-50150e2de4b07ac9f2356abc-27"}, {"reasons": {"items": [{"reasonName": "globalInteractionReason", "summary": "This spot is popular", "type": "general"}], "count": 0}, "venue": {"hereNow": {"groups": [], "summary": "Nobody here", "count": 0}, "contact": {}, "photos": {"groups": [], "count": 0}, "name": "Wang Cafe", "allowMenuUrlEdit": true, "beenHere": {"lastCheckinExpiredAt": 0, "count": 0, "marked": false}, "stats": {"checkinsCount": 125, "usersCount": 66, "tipCount": 2}, "id": "4feffe32e4b02acbce19ed29", "categories": [{"pluralName": "Caf\u00e9s", "id": "4bf58dd8d48988d16d941735", "primary": true, "icon": {"prefix": "https://ss3.4sqi.net/img/categories_v2/food/cafe_", "suffix": ".png"}, "name": "Caf\u00e9", "shortName": "Caf\u00e9"}], "location": {"lng": 103.96345244612127, "formattedAddress": ["#01-51, UE Biz Hub East (8 Changi Business Park Ave 1)", "486018", "Singapore"], "postalCode": "486018", "lat": 1.335212028965592, "crossStreet": "8 Changi Business Park Ave 1", "country": "Singapore", "distance": 759, "city": "Singapore", "cc": "SG", "address": "#01-51, UE Biz Hub East", "labeledLatLngs": [{"lng": 103.96345244612127, "label": "display", "lat": 1.335212028965592}]}, "verified": false, "price": {"tier": 1, "currency": "$", "message": "Cheap"}}, "referralId": "e-3-4feffe32e4b02acbce19ed29-28", "tips": [{"id": "5797b72e498ef09089499a23", "text": "There's a FREE smartphone charging machine in front of this Cafe; good spot to charge the phone while dining or La Kopi-ing \ud83d\udc4d", "disagreeCount": 0, "createdAt": 1469560622, "logView": true, "todo": {"count": 0}, "agreeCount": 0, "canonicalUrl": "https://foursquare.com/item/5797b72e498ef09089499a23", "type": "user", "user": {"gender": "female", "id": "6306884", "photo": {"prefix": "https://igx.4sqi.net/img/user/", "suffix": "/6306884-L21LWV3MMZFIVU5F"}, "firstName": "Jess", "lastName": "Thia"}}]}, {"reasons": {"items": [{"reasonName": "globalInteractionReason", "summary": "This spot is popular", "type": "general"}], "count": 0}, "venue": {"hereNow": {"groups": [], "summary": "Nobody here", "count": 0}, "contact": {}, "photos": {"groups": [], "count": 0}, "name": "Tai Wah Pork Noodle \u5927\u534e\u8089\u811e\u9762  (\u6c34\u4ed9\u95e8) High Street", "allowMenuUrlEdit": true, "beenHere": {"lastCheckinExpiredAt": 0, "count": 0, "marked": false}, "stats": {"checkinsCount": 51, "usersCount": 32, "tipCount": 4}, "id": "4e6b447d18a83989ecd24045", "categories": [{"pluralName": "Noodle Houses", "id": "4bf58dd8d48988d1d1941735", "primary": true, "icon": {"prefix": "https://ss3.4sqi.net/img/categories_v2/food/ramen_", "suffix": ".png"}, "name": "Noodle House", "shortName": "Noodles"}], "location": {"lng": 103.95988835481963, "formattedAddress": ["Universal Dining @ Singapore EXPO (1 Expo Dr.)", "Singapore"], "lat": 1.3350618983158085, "crossStreet": "1 Expo Dr.", "country": "Singapore", "distance": 763, "city": "Singapore", "cc": "SG", "address": "Universal Dining @ Singapore EXPO", "labeledLatLngs": [{"lng": 103.95988835481963, "label": "display", "lat": 1.3350618983158085}]}, "verified": false, "price": {"tier": 1, "currency": "$", "message": "Cheap"}}, "referralId": "e-3-4e6b447d18a83989ecd24045-29", "tips": [{"logView": true, "photo": {"id": "540c129f498e0cf41f571821", "visibility": "public", "source": {"name": "Foursquare for Android", "url": "https://foursquare.com/download/#/android"}, "suffix": "/35001650_uCLuONKLYGeoid_PtMhcIlOvojZwjSBLsixtdy-qEKc.jpg", "createdAt": 1410077343, "prefix": "https://igx.4sqi.net/img/general/", "width": 4128, "height": 3096}, "createdAt": 1410077336, "todo": {"count": 0}, "agreeCount": 1, "likes": {"groups": [], "summary": "1 like", "count": 1}, "id": "540c1298498e39a127f8adf8", "text": "The noodle taste great, try premium aet if u're really2 hungry..", "disagreeCount": 0, "user": {"gender": "female", "id": "35001650", "photo": {"prefix": "https://igx.4sqi.net/img/user/", "suffix": "/HIRVCDCL0DLS52BP.jpg"}, "firstName": "Christina", "lastName": "Wijaya"}, "canonicalUrl": "https://foursquare.com/item/540c1298498e39a127f8adf8", "type": "user", "photourl": "https://igx.4sqi.net/img/general/original/35001650_uCLuONKLYGeoid_PtMhcIlOvojZwjSBLsixtdy-qEKc.jpg"}]}, {"reasons": {"items": [{"reasonName": "globalInteractionReason", "summary": "This spot is popular", "type": "general"}], "count": 0}, "venue": {"hereNow": {"groups": [], "summary": "Nobody here", "count": 0}, "contact": {}, "photos": {"groups": [], "count": 0}, "name": "Ananda Bhavan", "allowMenuUrlEdit": true, "beenHere": {"lastCheckinExpiredAt": 0, "count": 0, "marked": false}, "stats": {"checkinsCount": 42, "usersCount": 17, "tipCount": 0}, "id": "5698d954498edf5abccd3b39", "categories": [{"pluralName": "Indian Restaurants", "id": "4bf58dd8d48988d10f941735", "primary": true, "icon": {"prefix": "https://ss3.4sqi.net/img/categories_v2/food/indian_", "suffix": ".png"}, "name": "Indian Restaurant", "shortName": "Indian"}], "location": {"formattedAddress": ["UE Bizhub East", "Singapore"], "lat": 1.335349, "lng": 103.964242, "distance": 775, "country": "Singapore", "cc": "SG", "address": "UE Bizhub East", "labeledLatLngs": [{"lng": 103.964242, "label": "display", "lat": 1.335349}]}, "verified": false, "price": {"tier": 2, "currency": "$", "message": "Moderate"}}, "referralId": "e-3-5698d954498edf5abccd3b39-30"}, {"reasons": {"items": [{"reasonName": "globalInteractionReason", "summary": "This spot is popular", "type": "general"}], "count": 0}, "venue": {"hereNow": {"groups": [], "summary": "Nobody here", "count": 0}, "contact": {}, "photos": {"groups": [], "count": 0}, "name": "\u5c0f\u8d29\u6a94 @ The Signature", "allowMenuUrlEdit": true, "beenHere": {"lastCheckinExpiredAt": 0, "count": 0, "marked": false}, "stats": {"checkinsCount": 32, "usersCount": 10, "tipCount": 0}, "id": "4d10444c38bb6ea8d28ec3aa", "categories": [{"pluralName": "Chinese Restaurants", "id": "4bf58dd8d48988d145941735", "primary": true, "icon": {"prefix": "https://ss3.4sqi.net/img/categories_v2/food/asian_", "suffix": ".png"}, "name": "Chinese Restaurant", "shortName": "Chinese"}], "location": {"formattedAddress": ["Singapore"], "lat": 1.335522, "lng": 103.964645, "distance": 776, "country": "Singapore", "cc": "SG", "labeledLatLngs": [{"lng": 103.964645, "label": "display", "lat": 1.335522}]}, "verified": false, "price": {"tier": 1, "currency": "$", "message": "Cheap"}}, "referralId": "e-3-4d10444c38bb6ea8d28ec3aa-31"}, {"reasons": {"items": [{"reasonName": "globalInteractionReason", "summary": "This spot is popular", "type": "general"}], "count": 0}, "venue": {"hereNow": {"groups": [], "summary": "Nobody here", "count": 0}, "contact": {}, "photos": {"groups": [], "count": 0}, "name": "Anjappar Authentic Chettinad Restaurant", "allowMenuUrlEdit": true, "beenHere": {"lastCheckinExpiredAt": 0, "count": 0, "marked": false}, "stats": {"checkinsCount": 74, "usersCount": 32, "tipCount": 0}, "id": "538d58c9498e1f53009bb058", "categories": [{"pluralName": "Indian Restaurants", "id": "4bf58dd8d48988d10f941735", "primary": true, "icon": {"prefix": "https://ss3.4sqi.net/img/categories_v2/food/indian_", "suffix": ".png"}, "name": "Indian Restaurant", "shortName": "Indian"}], "location": {"formattedAddress": ["Changi Business Park, Signature", "Singapore"], "lat": 1.335387097584201, "lng": 103.96476138033452, "distance": 796, "country": "Singapore", "cc": "SG", "address": "Changi Business Park, Signature", "labeledLatLngs": [{"lng": 103.96476138033452, "label": "display", "lat": 1.335387097584201}]}, "verified": false, "price": {"tier": 2, "currency": "$", "message": "Moderate"}}, "referralId": "e-3-538d58c9498e1f53009bb058-32"}, {"reasons": {"items": [{"reasonName": "globalInteractionReason", "summary": "This spot is popular", "type": "general"}], "count": 0}, "venue": {"hereNow": {"groups": [], "summary": "Nobody here", "count": 0}, "contact": {}, "photos": {"groups": [], "count": 0}, "name": "Souperlicious @ UE BizHub EAST", "allowMenuUrlEdit": true, "beenHere": {"lastCheckinExpiredAt": 0, "count": 0, "marked": false}, "stats": {"checkinsCount": 183, "usersCount": 14, "tipCount": 2}, "id": "50b34c3ae4b05ae90aced351", "categories": [{"pluralName": "Delis / Bodegas", "id": "4bf58dd8d48988d146941735", "primary": true, "icon": {"prefix": "https://ss3.4sqi.net/img/categories_v2/food/deli_", "suffix": ".png"}, "name": "Deli / Bodega", "shortName": "Deli / Bodega"}], "location": {"formattedAddress": ["Singapore"], "lat": 1.3349915593439305, "lng": 103.96389442252017, "distance": 797, "country": "Singapore", "cc": "SG", "labeledLatLngs": [{"lng": 103.96389442252017, "label": "display", "lat": 1.3349915593439305}]}, "verified": false, "price": {"tier": 1, "currency": "$", "message": "Cheap"}}, "referralId": "e-3-50b34c3ae4b05ae90aced351-33", "tips": [{"id": "52491317498e4ed367d4f114", "text": "Soup was hot....be careful and prevent burning ur lips n tongue", "disagreeCount": 0, "createdAt": 1380520727, "logView": true, "todo": {"count": 0}, "agreeCount": 0, "canonicalUrl": "https://foursquare.com/item/52491317498e4ed367d4f114", "type": "user", "user": {"gender": "male", "id": "54916438", "photo": {"prefix": "https://igx.4sqi.net/img/user/", "suffix": "/54916438-ZNVMWFDQSUVWT3PW.jpg"}, "firstName": "Aj", "lastName": "Verma"}}]}, {"reasons": {"items": [{"reasonName": "globalInteractionReason", "summary": "This spot is popular", "type": "general"}], "count": 0}, "venue": {"hereNow": {"groups": [], "summary": "Nobody here", "count": 0}, "contact": {}, "photos": {"groups": [], "count": 0}, "name": "Xiao Fan Dang @ Signature", "allowMenuUrlEdit": true, "beenHere": {"lastCheckinExpiredAt": 0, "count": 0, "marked": false}, "stats": {"checkinsCount": 74, "usersCount": 20, "tipCount": 0}, "id": "4c7f839a1009a093ba81474e", "categories": [{"pluralName": "Asian Restaurants", "id": "4bf58dd8d48988d142941735", "primary": true, "icon": {"prefix": "https://ss3.4sqi.net/img/categories_v2/food/asian_", "suffix": ".png"}, "name": "Asian Restaurant", "shortName": "Asian"}], "location": {"formattedAddress": ["Singapore"], "lat": 1.335412, "lng": 103.964884, "distance": 800, "country": "Singapore", "cc": "SG", "labeledLatLngs": [{"lng": 103.964884, "label": "display", "lat": 1.335412}]}, "verified": false, "price": {"tier": 2, "currency": "$", "message": "Moderate"}}, "referralId": "e-3-4c7f839a1009a093ba81474e-34"}], "name": "recommended", "type": "Recommended Places"}], "query": "food", "headerLocation": "Tampines"}}