{"meta": {"code": 200, "requestId": "595a3b626a6071143d08e94b"}, "response": {"suggestedFilters": {"filters": [{"name": "Open now", "key": "openNow"}], "header": "Tap to show:"}, "totalResults": 100, "headerFullLocation": "Tampines, Singapore", "headerLocationGranularity": "neighborhood", "suggestedBounds": {"ne": {"lng": 103.96956422374976, "lat": 1.342582144533557}, "sw": {"lng": 103.95518719114423, "lat": 1.3281821301335428}}, "groups": [{"items": [{"reasons": {"items": [{"reasonName": "globalInteractionReason", "summary": "This spot is popular", "type": "general"}], "count": 0}, "venue": {"hereNow": {"groups": [{"items": [], "name": "Other people here", "count": 1, "type": "others"}], "summary": "One other person is here", "count": 1}, "contact": {"phone": "+6566948098", "formattedPhone": "+65 6694 8098"}, "photos": {"groups": [], "count": 0}, "rating": 8.0, "name": "SONG FA Bak Kut Teh", "ratingSignals": 110, "allowMenuUrlEdit": true, "categories": [{"pluralName": "Chinese Restaurants", "id": "4bf58dd8d48988d145941735", "primary": true, "icon": {"prefix": "https://ss3.4sqi.net/img/categories_v2/food/asian_", "suffix": ".png"}, "name": "Chinese Restaurant", "shortName": "Chinese"}], "stats": {"checkinsCount": 2637, "usersCount": 1115, "tipCount": 24}, "id": "50499553e4b0cc21ec7ec7af", "beenHere": {"lastCheckinExpiredAt": 0, "count": 0, "marked": false}, "url": "http://www.songfa.com.sg", "ratingColor": "73CF42", "location": {"lng": 103.96436473229306, "formattedAddress": ["UE BizHub East (6 Changi Business Park Ave 1)", "486017", "Singapore"], "postalCode": "486017", "lat": 1.3354759516060233, "crossStreet": "6 Changi Business Park Ave 1", "country": "Singapore", "distance": 221, "city": "Singapore", "cc": "SG", "address": "UE BizHub East", "labeledLatLngs": [{"lng": 103.96436473229306, "label": "display", "lat": 1.3354759516060233}]}, "hours": {"isLocalHoliday": false, "isOpen": true, "status": "Open until 9:30 PM"}, "verified": false, "price": {"tier": 1, "currency": "$", "message": "Cheap"}}, "referralId": "e-3-50499553e4b0cc21ec7ec7af-0", "tips": [{"logView": true, "photo": {"id": "515fd2f2e4b0397cf677d2c5", "visibility": "public", "source": {"name": "Foursquare for Android", "url": "https://foursquare.com/download/#/android"}, "suffix": "/5225971_ooreYQtLfLYjJeV7_nUXMkTeUIkELJXPsank27bGv6A.jpg", "createdAt": 1365234418, "prefix": "https://igx.4sqi.net/img/general/", "width": 612, "height": 612}, "createdAt": 1365234404, "todo": {"count": 0}, "agreeCount": 4, "likes": {"groups": [], "summary": "4 likes", "count": 4}, "id": "515fd2e4e4b03396318b7120", "text": "Pig trotter the best.", "disagreeCount": 0, "user": {"gender": "male", "id": "5225971", "photo": {"prefix": "https://igx.4sqi.net/img/user/", "suffix": "/CKRJTD3EXW5VEP2D.jpg"}, "firstName": "Jomar", "lastName": "Lianko"}, "canonicalUrl": "https://foursquare.com/item/515fd2e4e4b03396318b7120", "type": "user", "photourl": "https://igx.4sqi.net/img/general/original/5225971_ooreYQtLfLYjJeV7_nUXMkTeUIkELJXPsank27bGv6A.jpg"}]}, {"reasons": {"items": [{"reasonName": "globalInteractionReason", "summary": "This spot is popular", "type": "general"}], "count": 0}, "venue": {"hereNow": {"groups": [], "summary": "Nobody here", "count": 0}, "contact": {}, "photos": {"groups": [], "count": 0}, "rating": 7.9, "name": "Turo Turo", "ratingSignals": 12, "allowMenuUrlEdit": true, "categories": [{"pluralName": "Filipino Restaurants", "id": "4eb1bd1c3b7b55596b4a748f", "primary": true, "icon": {"prefix": "https://ss3.4sqi.net/img/categories_v2/food/filipino_", "suffix": ".png"}, "name": "Filipino Restaurant", "shortName": "Filipino"}], "stats": {"checkinsCount": 160, "usersCount": 65, "tipCount": 3}, "id": "51e21e5c498ed5e28024a8a5", "beenHere": {"lastCheckinExpiredAt": 0, "count": 0, "marked": false}, "ratingColor": "C5DE35", "location": {"formattedAddress": ["6 Changi Business Park Avenue 1", "Singapore"], "lat": 1.3351652936139753, "lng": 103.9640190827859, "country": "Singapore", "distance": 184, "city": "Singapore", "cc": "SG", "address": "6 Changi Business Park Avenue 1", "labeledLatLngs": [{"lng": 103.9640190827859, "label": "display", "lat": 1.3351652936139753}]}, "verified": false, "price": {"tier": 2, "currency": "$", "message": "Moderate"}}, "referralId": "e-3-51e21e5c498ed5e28024a8a5-1", "tips": [{"logView": true, "photo": {"id": "51f8a419498e4444257ce01e", "visibility": "public", "source": {"name": "Foursquare for iOS", "url": "https://foursquare.com/download/#/iphone"}, "suffix": "/4659028_eEuQeEdEuVJj5L1ylKMtVp3zjtq8ljp2LJHhS9q7C30.jpg", "createdAt": 1375249433, "prefix": "https://igx.4sqi.net/img/general/", "width": 720, "height": 960}, "createdAt": 1375249425, "todo": {"count": 0}, "agreeCount": 1, "likes": {"groups": [], "summary": "1 like", "count": 1}, "id": "51f8a411498e51eb74afb918", "text": "Try their gulaman!", "disagreeCount": 0, "user": {"gender": "female", "id": "4659028", "photo": {"prefix": "https://igx.4sqi.net/img/user/", "suffix": "/GB3UVEUPEYT4NKQY.jpg"}, "firstName": "Agnes", "lastName": "Laserna"}, "canonicalUrl": "https://foursquare.com/item/51f8a411498e51eb74afb918", "type": "user", "photourl": "https://igx.4sqi.net/img/general/original/4659028_eEuQeEdEuVJj5L1ylKMtVp3zjtq8ljp2LJHhS9q7C30.jpg"}]}, {"reasons": {"items": [{"reasonName": "globalInteractionReason", "summary": "This spot is popular", "type": "general"}], "count": 0}, "venue": {"hereNow": {"groups": [], "summary": "Nobody here", "count": 0}, "contact": {}, "photos": {"groups": [], "count": 0}, "rating": 7.6, "name": "Knead To Eat", "ratingSignals": 20, "allowMenuUrlEdit": true, "categories": [{"pluralName": "Sandwich Places", "id": "4bf58dd8d48988d1c5941735", "primary": true, "icon": {"prefix": "https://ss3.4sqi.net/img/categories_v2/food/deli_", "suffix": ".png"}, "name": "Sandwich Place", "shortName": "Sandwiches"}], "stats": {"checkinsCount": 221, "usersCount": 98, "tipCount": 11}, "id": "50f24ae9e4b0b237c1aafd76", "beenHere": {"lastCheckinExpiredAt": 0, "count": 0, "marked": false}, "ratingColor": "C5DE35", "location": {"lng": 103.96393408713797, "formattedAddress": ["6 Changi Business Park Ave 1 #01-30 (UE Biz Hub)", "486017", "Singapore"], "postalCode": "486017", "lat": 1.3356098781531651, "crossStreet": "UE Biz Hub", "state": "Singapore", "distance": 175, "country": "Singapore", "cc": "SG", "address": "6 Changi Business Park Ave 1 #01-30", "labeledLatLngs": [{"lng": 103.96393408713797, "label": "display", "lat": 1.3356098781531651}]}, "verified": false, "price": {"tier": 1, "currency": "$", "message": "Cheap"}}, "referralId": "e-3-50f24ae9e4b0b237c1aafd76-2", "tips": [{"id": "5243c67611d2de873f73583e", "text": "Lovely people running this joint. Warm and friendly. Lemon drizzle loaf is delicious: right amount lemony tang and sweetness. Coffee is decent.", "disagreeCount": 0, "logView": true, "createdAt": 1380173430, "likes": {"groups": [], "summary": "2 likes", "count": 2}, "todo": {"count": 1}, "agreeCount": 2, "canonicalUrl": "https://foursquare.com/item/5243c67611d2de873f73583e", "type": "user", "user": {"id": "39334294", "photo": {"prefix": "https://igx.4sqi.net/img/user/", "suffix": "/D1YX1JQ1B4AKCAGQ.jpg"}, "firstName": "Yann", "gender": "female"}}]}, {"reasons": {"items": [{"reasonName": "globalInteractionReason", "summary": "This spot is popular", "type": "general"}], "count": 0}, "venue": {"venuePage": {"id": "82157655"}, "hereNow": {"groups": [], "summary": "Nobody here", "count": 0}, "contact": {"facebook": "162107013951234", "facebookUsername": "ComidaFiestaExpo", "facebookName": "Comida Fiesta", "phone": "+6564433037", "formattedPhone": "+65 6443 3037"}, "photos": {"groups": [], "count": 0}, "rating": 7.3, "name": "Calle Real", "ratingSignals": 14, "allowMenuUrlEdit": true, "categories": [{"pluralName": "Filipino Restaurants", "id": "4eb1bd1c3b7b55596b4a748f", "primary": true, "icon": {"prefix": "https://ss3.4sqi.net/img/categories_v2/food/filipino_", "suffix": ".png"}, "name": "Filipino Restaurant", "shortName": "Filipino"}], "stats": {"checkinsCount": 252, "usersCount": 105, "tipCount": 5}, "id": "5185e54e498e995ae0cfa69d", "beenHere": {"lastCheckinExpiredAt": 0, "count": 0, "marked": false}, "url": "http://www.cafecallereal.com", "ratingColor": "C5DE35", "location": {"formattedAddress": ["Changi Business ParkUE Bizhub East 6-8 Changi Business Park Avenue 1, #01-37", "486018", "Singapore"], "postalCode": "486018", "lat": 1.3354850362946862, "lng": 103.96407902240753, "country": "Singapore", "distance": 189, "city": "Singapore", "cc": "SG", "address": "Changi Business ParkUE Bizhub East 6-8 Changi Business Park Avenue 1, #01-37", "labeledLatLngs": [{"lng": 103.96407902240753, "label": "display", "lat": 1.3354850362946862}]}, "hours": {"isLocalHoliday": false, "isOpen": true, "status": "Open until 10:00 PM"}, "verified": true, "price": {"tier": 2, "currency": "$", "message": "Moderate"}, "storeId": ""}, "referralId": "e-3-5185e54e498e995ae0cfa69d-3", "tips": [{"id": "5215e82b11d2f1217ed032e3", "text": "Crispy Pata or de Paella - great with beer :-)  ...and guess what - they're having a special offer this month.  5 beers for $25 - it's a steal really.", "disagreeCount": 0, "logView": true, "createdAt": 1377167403, "likes": {"groups": [], "summary": "1 like", "count": 1}, "todo": {"count": 0}, "agreeCount": 1, "canonicalUrl": "https://foursquare.com/item/5215e82b11d2f1217ed032e3", "type": "user", "user": {"gender": "male", "id": "60092901", "photo": {"prefix": "https://igx.4sqi.net/img/user/", "suffix": "/SGCYIZ1R4GQA0BKP.jpg"}, "firstName": "Robert", "lastName": "Kooij"}}]}, {"reasons": {"items": [{"reasonName": "globalInteractionReason", "summary": "This spot is popular", "type": "general"}], "count": 0}, "venue": {"hereNow": {"groups": [], "summary": "Nobody here", "count": 0}, "contact": {}, "photos": {"groups": [], "count": 0}, "rating": 7.0, "name": "TungLok Signatures \u540c\u4e50\u7ecf\u5178", "ratingSignals": 28, "allowMenuUrlEdit": true, "categories": [{"pluralName": "Chinese Restaurants", "id": "4bf58dd8d48988d145941735", "primary": true, "icon": {"prefix": "https://ss3.4sqi.net/img/categories_v2/food/asian_", "suffix": ".png"}, "name": "Chinese Restaurant", "shortName": "Chinese"}], "stats": {"checkinsCount": 1286, "usersCount": 813, "tipCount": 7}, "id": "4f0541dfbe7bf2206ea4378a", "beenHere": {"lastCheckinExpiredAt": 0, "count": 0, "marked": false}, "url": "http://www.tungluksignatures.com", "ratingColor": "C5DE35", "location": {"lng": 103.96249483544368, "formattedAddress": ["#01-26/27, Changi City Point (5 Changi Business Park Central 1)", "486038", "Singapore"], "postalCode": "486038", "lat": 1.334256431356169, "crossStreet": "5 Changi Business Park Central 1", "country": "Singapore", "distance": 126, "city": "Singapore", "cc": "SG", "address": "#01-26/27, Changi City Point", "labeledLatLngs": [{"lng": 103.96249483544368, "label": "display", "lat": 1.334256431356169}]}, "hours": {"isLocalHoliday": false, "isOpen": true, "status": "Likely open"}, "verified": false, "price": {"tier": 1, "currency": "$", "message": "Cheap"}}, "referralId": "e-3-4f0541dfbe7bf2206ea4378a-4", "tips": [{"id": "4f745e00e4b0f3ab5877fd0f", "text": "The Chilli Crab doesn't taste as good as it looks. I'd rate a 2 out of 10.", "disagreeCount": 0, "logView": true, "createdAt": 1333026304, "likes": {"groups": [], "summary": "3 likes", "count": 3}, "todo": {"count": 0}, "agreeCount": 3, "canonicalUrl": "https://foursquare.com/item/4f745e00e4b0f3ab5877fd0f", "type": "user", "user": {"gender": "male", "id": "9804691", "photo": {"prefix": "https://igx.4sqi.net/img/user/", "suffix": "/N0IXO24EDJK3B0FT.jpg"}, "firstName": "Lawrence", "lastName": "Eng"}}]}, {"reasons": {"items": [{"reasonName": "globalInteractionReason", "summary": "This spot is popular", "type": "general"}], "count": 0}, "venue": {"hereNow": {"groups": [], "summary": "Nobody here", "count": 0}, "contact": {"phone": "+6566948901", "formattedPhone": "+65 6694 8901"}, "photos": {"groups": [], "count": 0}, "rating": 7.0, "name": "Swissbake", "ratingSignals": 18, "allowMenuUrlEdit": true, "categories": [{"pluralName": "Bakeries", "id": "4bf58dd8d48988d16a941735", "primary": true, "icon": {"prefix": "https://ss3.4sqi.net/img/categories_v2/food/bakery_", "suffix": ".png"}, "name": "Bakery", "shortName": "Bakery"}], "stats": {"checkinsCount": 349, "usersCount": 123, "tipCount": 4}, "id": "50c80a00e4b01048fdc14f4f", "beenHere": {"lastCheckinExpiredAt": 0, "count": 0, "marked": false}, "url": "http://www.swissbake.com", "ratingColor": "C5DE35", "location": {"lng": 103.96437039868563, "formattedAddress": ["#01-27, UE Bizhub East (4 Changi Business Park Ave. 1)", "486016", "Singapore"], "postalCode": "486016", "lat": 1.3352152993315984, "crossStreet": "4 Changi Business Park Ave. 1", "country": "Singapore", "distance": 222, "city": "Singapore", "cc": "SG", "address": "#01-27, UE Bizhub East", "labeledLatLngs": [{"lng": 103.96437039868563, "label": "display", "lat": 1.3352152993315984}]}, "hours": {"isLocalHoliday": false, "isOpen": false, "status": "Closed until 7:00 AM tomorrow"}, "verified": false, "price": {"tier": 1, "currency": "$", "message": "Cheap"}}, "referralId": "e-3-50c80a00e4b01048fdc14f4f-5", "tips": [{"id": "54fcf5e3498ed453d4128a24", "text": "Good place to grab a sandwich.", "disagreeCount": 0, "createdAt": 1425864163, "logView": true, "todo": {"count": 0}, "agreeCount": 0, "canonicalUrl": "https://foursquare.com/item/54fcf5e3498ed453d4128a24", "type": "user", "user": {"gender": "male", "id": "46111912", "photo": {"prefix": "https://igx.4sqi.net/img/user/", "suffix": "/46111912-X1TAO3ILMJOKU1CB.jpg"}, "firstName": "Jeremy", "lastName": "Bassinder"}}]}, {"reasons": {"items": [{"reasonName": "globalInteractionReason", "summary": "This spot is popular", "type": "general"}], "count": 0}, "venue": {"hereNow": {"groups": [], "summary": "Nobody here", "count": 0}, "contact": {"phone": "+6566361638", "formattedPhone": "+65 6636 1638"}, "photos": {"groups": [], "count": 0}, "rating": 6.9, "name": "Ichiban Sushi/Bento", "ratingSignals": 57, "allowMenuUrlEdit": true, "categories": [{"pluralName": "Japanese Restaurants", "id": "4bf58dd8d48988d111941735", "primary": true, "icon": {"prefix": "https://ss3.4sqi.net/img/categories_v2/food/japanese_", "suffix": ".png"}, "name": "Japanese Restaurant", "shortName": "Japanese"}], "stats": {"checkinsCount": 2351, "usersCount": 1282, "tipCount": 10}, "id": "4ebcb79c61af9815e0d6fd7a", "beenHere": {"lastCheckinExpiredAt": 0, "count": 0, "marked": false}, "url": "http://www.ichibansushi.com.sg/en/", "ratingColor": "FFC800", "location": {"lng": 103.962642159731, "formattedAddress": ["#B1-12/13, Changi City Point Mall (5 Changi Business Park Central 1)", "486038", "Singapore"], "postalCode": "486038", "lat": 1.3343477882745645, "crossStreet": "5 Changi Business Park Central 1", "country": "Singapore", "distance": 118, "city": "Singapore", "cc": "SG", "address": "#B1-12/13, Changi City Point Mall", "labeledLatLngs": [{"lng": 103.962642159731, "label": "display", "lat": 1.3343477882745645}]}, "hours": {"isLocalHoliday": false, "isOpen": true, "status": "Likely open"}, "verified": false, "price": {"tier": 2, "currency": "$", "message": "Moderate"}}, "referralId": "e-3-4ebcb79c61af9815e0d6fd7a-6", "tips": [{"id": "4fe8705ee4b0ed119d544603", "text": "Authentic matcha ice cream is served here (:", "disagreeCount": 0, "logView": true, "createdAt": 1340633182, "likes": {"groups": [], "summary": "2 likes", "count": 2}, "todo": {"count": 0}, "agreeCount": 2, "canonicalUrl": "https://foursquare.com/item/4fe8705ee4b0ed119d544603", "type": "user", "user": {"gender": "female", "id": "9204150", "photo": {"prefix": "https://igx.4sqi.net/img/user/", "suffix": "/PFXYHJ5YVBSEHVQI.jpg"}, "firstName": "Jeng", "lastName": "Bibal"}}]}, {"reasons": {"items": [{"reasonName": "globalInteractionReason", "summary": "This spot is popular", "type": "general"}], "count": 0}, "venue": {"hereNow": {"groups": [], "summary": "Nobody here", "count": 0}, "contact": {"phone": "+6562411577", "formattedPhone": "+65 6241 1577"}, "photos": {"groups": [], "count": 0}, "rating": 7.2, "name": "The Sandwich Shop", "ratingSignals": 19, "allowMenuUrlEdit": true, "categories": [{"pluralName": "Sandwich Places", "id": "4bf58dd8d48988d1c5941735", "primary": true, "icon": {"prefix": "https://ss3.4sqi.net/img/categories_v2/food/deli_", "suffix": ".png"}, "name": "Sandwich Place", "shortName": "Sandwiches"}], "stats": {"checkinsCount": 938, "usersCount": 159, "tipCount": 7}, "id": "4b5fce04f964a5205ecd29e3", "beenHere": {"lastCheckinExpiredAt": 0, "count": 0, "marked": false}, "url": "http://www.thesandwichshop.com.sg", "ratingColor": "C5DE35", "location": {"lng": 103.96650097876976, "formattedAddress": ["#01-07, Hansapoint at Changi Business Park (10 Changi Business Park Central 2)", "486030", "Singapore"], "postalCode": "486030", "lat": 1.3361093643301765, "crossStreet": "10 Changi Business Park Central 2", "country": "Singapore", "distance": 466, "city": "Singapore", "cc": "SG", "address": "#01-07, Hansapoint at Changi Business Park", "labeledLatLngs": [{"lng": 103.96650097876976, "label": "display", "lat": 1.3361093643301765}]}, "hours": {"isLocalHoliday": false, "isOpen": false, "status": "Closed until 7:00 AM tomorrow"}, "verified": false, "price": {"tier": 1, "currency": "$", "message": "Cheap"}}, "referralId": "e-3-4b5fce04f964a5205ecd29e3-7", "tips": [{"id": "4c7cd6c9ad90224b912f8b0c", "text": "The berry yoghurt rocks!", "disagreeCount": 0, "logView": true, "createdAt": 1283249865, "likes": {"groups": [], "summary": "2 likes", "count": 2}, "todo": {"count": 0}, "agreeCount": 2, "canonicalUrl": "https://foursquare.com/item/4c7cd6c9ad90224b912f8b0c", "type": "user", "user": {"gender": "male", "id": "3055682", "photo": {"prefix": "https://igx.4sqi.net/img/user/", "suffix": "/ZMWI11HLTAUJPJCF.jpg"}, "firstName": "Atul", "lastName": "Jolly"}}]}, {"reasons": {"items": [{"reasonName": "globalInteractionReason", "summary": "This spot is popular", "type": "general"}], "count": 0}, "venue": {"hereNow": {"groups": [], "summary": "Nobody here", "count": 0}, "contact": {}, "photos": {"groups": [], "count": 0}, "rating": 7.0, "name": "Greenwitch", "ratingSignals": 23, "allowMenuUrlEdit": true, "categories": [{"pluralName": "Sandwich Places", "id": "4bf58dd8d48988d1c5941735", "primary": true, "icon": {"prefix": "https://ss3.4sqi.net/img/categories_v2/food/deli_", "suffix": ".png"}, "name": "Sandwich Place", "shortName": "Sandwiches"}], "stats": {"checkinsCount": 783, "usersCount": 154, "tipCount": 3}, "id": "4d9e86032052f04d00eeb794", "beenHere": {"lastCheckinExpiredAt": 0, "count": 0, "marked": false}, "ratingColor": "C5DE35", "location": {"lng": 103.96499936970623, "formattedAddress": ["Plaza 8 @ CBP (1 Changi Business Park Crescent)", "Singapore"], "lat": 1.3337849279219103, "crossStreet": "1 Changi Business Park Crescent", "country": "Singapore", "distance": 341, "city": "Singapore", "cc": "SG", "address": "Plaza 8 @ CBP", "labeledLatLngs": [{"lng": 103.96499936970623, "label": "display", "lat": 1.3337849279219103}]}, "hours": {"isLocalHoliday": false, "isOpen": false}, "verified": false, "price": {"tier": 1, "currency": "$", "message": "Cheap"}}, "referralId": "e-3-4d9e86032052f04d00eeb794-8", "tips": [{"id": "559a46e9498e52d5d35b2df9", "text": "If you're vegetarian, try out the separate branch of Greenwitch further down Plaza 8 (opposite Ras Bites) which does vegetarian sandwiches, salads, soups and some eggless cookies too.", "disagreeCount": 0, "logView": true, "createdAt": 1436174057, "likes": {"groups": [], "summary": "1 like", "count": 1}, "todo": {"count": 0}, "agreeCount": 1, "canonicalUrl": "https://foursquare.com/item/559a46e9498e52d5d35b2df9", "type": "user", "user": {"gender": "male", "id": "77930408", "photo": {"prefix": "https://igx.4sqi.net/img/user/", "suffix": "/77930408-UMA5LBILOXN24KIP.jpg"}, "firstName": "Neil", "lastName": "Madhvani"}}]}, {"reasons": {"items": [{"reasonName": "globalInteractionReason", "summary": "This spot is popular", "type": "general"}], "count": 0}, "venue": {"hereNow": {"groups": [], "summary": "Nobody here", "count": 0}, "contact": {}, "photos": {"groups": [], "count": 0}, "rating": 6.9, "name": "The Melting Pot", "ratingSignals": 12, "allowMenuUrlEdit": true, "categories": [{"pluralName": "Breakfast Spots", "id": "4bf58dd8d48988d143941735", "primary": true, "icon": {"prefix": "https://ss3.4sqi.net/img/categories_v2/food/breakfast_", "suffix": ".png"}, "name": "Breakfast Spot", "shortName": "Breakfast"}], "stats": {"checkinsCount": 1725, "usersCount": 215, "tipCount": 4}, "id": "4c8da3f74e95236a228175ca", "beenHere": {"lastCheckinExpiredAt": 0, "count": 0, "marked": false}, "ratingColor": "FFC800", "location": {"lng": 103.96486904214237, "formattedAddress": ["#01 DBS Asia Hub (2 Changi Business Park Cres)", "486029", "Singapore"], "postalCode": "486029", "lat": 1.3327338191704434, "crossStreet": "2 Changi Business Park Cres", "country": "Singapore", "distance": 404, "city": "Singapore", "cc": "SG", "address": "#01 DBS Asia Hub", "labeledLatLngs": [{"lng": 103.96486904214237, "label": "display", "lat": 1.3327338191704434}]}, "hours": {"isLocalHoliday": false, "isOpen": false}, "verified": false, "price": {"tier": 1, "currency": "$", "message": "Cheap"}}, "referralId": "e-3-4c8da3f74e95236a228175ca-9", "tips": [{"id": "4f34640ee4b0c78d28e81b0b", "text": "bring EZ link or paypass/pay wave card", "disagreeCount": 0, "logView": true, "createdAt": 1328833550, "likes": {"groups": [], "summary": "1 like", "count": 1}, "todo": {"count": 0}, "agreeCount": 1, "canonicalUrl": "https://foursquare.com/item/4f34640ee4b0c78d28e81b0b", "type": "user", "user": {"gender": "male", "id": "15621258", "photo": {"prefix": "https://igx.4sqi.net/img/user/", "suffix": "/KNETNI5FAPIJ4UGH.jpg"}, "firstName": "Neil", "lastName": "Ryan"}}]}, {"reasons": {"items": [{"reasonName": "globalInteractionReason", "summary": "This spot is popular", "type": "general"}], "count": 0}, "venue": {"hereNow": {"groups": [], "summary": "Nobody here", "count": 0}, "contact": {"phone": "+6566361631", "formattedPhone": "+65 6636 1631"}, "photos": {"groups": [], "count": 0}, "rating": 6.6, "name": "Subway", "ratingSignals": 17, "allowMenuUrlEdit": true, "categories": [{"pluralName": "Sandwich Places", "id": "4bf58dd8d48988d1c5941735", "primary": true, "icon": {"prefix": "https://ss3.4sqi.net/img/categories_v2/food/deli_", "suffix": ".png"}, "name": "Sandwich Place", "shortName": "Sandwiches"}], "stats": {"checkinsCount": 871, "usersCount": 338, "tipCount": 3}, "id": "4edb7886b8f7fcd0418d718c", "beenHere": {"lastCheckinExpiredAt": 0, "count": 0, "marked": false}, "ratingColor": "FFC800", "location": {"lng": 103.96256849756769, "formattedAddress": ["#B1-35 Changi City Point (5 Changi Business Park Central 1)", "Singapore"], "lat": 1.3344663524650804, "crossStreet": "5 Changi Business Park Central 1", "country": "Singapore", "distance": 104, "city": "Singapore", "cc": "SG", "address": "#B1-35 Changi City Point", "labeledLatLngs": [{"lng": 103.96256849756769, "label": "display", "lat": 1.3344663524650804}]}, "hours": {"isLocalHoliday": false, "isOpen": true, "status": "Likely open"}, "verified": false, "price": {"tier": 1, "currency": "$", "message": "Cheap"}}, "referralId": "e-3-4edb7886b8f7fcd0418d718c-10", "tips": [{"logView": true, "photo": {"id": "5061cd01e4b08b477cfbc544", "visibility": "public", "source": {"name": "Foursquare for iOS", "url": "https://foursquare.com/download/#/iphone"}, "suffix": "/3219606_jTr_8kd96ipKqN1TwJE_ra0FEqTiWLN_s0gWC2SYw9s.jpg", "createdAt": 1348586753, "prefix": "https://igx.4sqi.net/img/general/", "width": 540, "height": 720}, "createdAt": 1348586750, "todo": {"count": 0}, "agreeCount": 2, "likes": {"groups": [], "summary": "2 likes", "count": 2}, "id": "5061ccfee4b0f6baefbc778d", "text": "Operating hours", "disagreeCount": 0, "user": {"gender": "male", "id": "3219606", "photo": {"prefix": "https://igx.4sqi.net/img/user/", "suffix": "/3219606-BXOVLSYM0T202KH5.jpg"}, "firstName": "yap", "lastName": "zirong"}, "canonicalUrl": "https://foursquare.com/item/5061ccfee4b0f6baefbc778d", "type": "user", "photourl": "https://igx.4sqi.net/img/general/original/3219606_jTr_8kd96ipKqN1TwJE_ra0FEqTiWLN_s0gWC2SYw9s.jpg"}]}, {"reasons": {"items": [{"reasonName": "globalInteractionReason", "summary": "This spot is popular", "type": "general"}], "count": 0}, "venue": {"contact": {"phone": "+6567829878", "formattedPhone": "+65 6782 9878"}, "photos": {"groups": [], "count": 0}, "rating": 6.6, "name": "Quest", "ratingSignals": 11, "allowMenuUrlEdit": true, "categories": [{"pluralName": "Food Courts", "id": "4bf58dd8d48988d120951735", "primary": true, "icon": {"prefix": "https://ss3.4sqi.net/img/categories_v2/shops/food_foodcourt_", "suffix": ".png"}, "name": "Food Court", "shortName": "Food Court"}], "stats": {"checkinsCount": 1525, "usersCount": 240, "tipCount": 6}, "id": "4b4fbbf0f964a520211327e3", "beenHere": {"lastCheckinExpiredAt": 0, "count": 0, "marked": false}, "ratingColor": "FFC800", "location": {"lat": 1.3356164210243884, "distance": 230, "country": "Singapore", "cc": "SG", "crossStreet": "7 Changi Business Park", "formattedAddress": ["IBM Place 1 (7 Changi Business Park)", "Singapore", "Singapore"], "city": "Singapore", "lng": 103.96443272901926, "state": "486072", "labeledLatLngs": [{"lng": 103.96443272901926, "label": "display", "lat": 1.3356164210243884}], "address": "IBM Place 1", "postalCode": "Singapore"}, "hours": {"isLocalHoliday": false, "isOpen": false}, "verified": false, "hereNow": {"groups": [], "summary": "Nobody here", "count": 0}}, "referralId": "e-3-4b4fbbf0f964a520211327e3-11", "tips": [{"id": "4fc4183de4b089f18d01456a", "text": "Best beehon and fried rice and fish soup.", "disagreeCount": 0, "createdAt": 1338251325, "logView": true, "todo": {"count": 0}, "agreeCount": 0, "canonicalUrl": "https://foursquare.com/item/4fc4183de4b089f18d01456a", "type": "user", "user": {"gender": "male", "id": "2063118", "photo": {"prefix": "https://igx.4sqi.net/img/user/", "suffix": "/133ZTUUHCDAEEX5B.jpg"}, "firstName": "Fajar", "lastName": "Priyanto"}}]}, {"reasons": {"items": [{"reasonName": "globalInteractionReason", "summary": "This spot is popular", "type": "general"}], "count": 0}, "venue": {"hereNow": {"groups": [], "summary": "Nobody here", "count": 0}, "contact": {}, "photos": {"groups": [], "count": 0}, "rating": 6.5, "name": "Wolf Burgers", "ratingSignals": 8, "allowMenuUrlEdit": true, "categories": [{"pluralName": "Burger Joints", "id": "4bf58dd8d48988d16c941735", "primary": true, "icon": {"prefix": "https://ss3.4sqi.net/img/categories_v2/food/burger_", "suffix": ".png"}, "name": "Burger Joint", "shortName": "Burgers"}], "stats": {"checkinsCount": 50, "usersCount": 38, "tipCount": 3}, "id": "58df4a2604ab1a256a33cfc3", "beenHere": {"lastCheckinExpiredAt": 0, "count": 0, "marked": false}, "ratingColor": "FFC800", "location": {"formattedAddress": ["5 Changi Business Park Central 1 #01-43", "486038", "Singapore"], "postalCode": "486038", "lat": 1.333735, "lng": 103.963036, "state": "North East Community Development Region", "country": "Singapore", "distance": 197, "city": "Changi Village", "cc": "SG", "address": "5 Changi Business Park Central 1 #01-43", "labeledLatLngs": [{"lng": 103.963036, "label": "display", "lat": 1.333735}]}, "verified": false, "price": {"tier": 1, "currency": "$", "message": "Cheap"}}, "referralId": "e-3-58df4a2604ab1a256a33cfc3-12", "tips": [{"logView": true, "createdAt": 1494202710, "agreeCount": 0, "lastVoteText": "Downvoted Jun 2", "id": "590fb956f870fd4965c6b6a3", "text": "The burgers aren't as good as expected. Feels more gimmicky.", "type": "user", "disagreeCount": 1, "user": {"gender": "male", "id": "624434", "photo": {"prefix": "https://igx.4sqi.net/img/user/", "suffix": "/BG2ZY2RZ111SXSTT.jpg"}, "firstName": "Mark", "lastName": "Huang"}, "canonicalUrl": "https://foursquare.com/item/590fb956f870fd4965c6b6a3", "todo": {"count": 0}, "lastDownvoteTimestamp": 1496377560}]}, {"reasons": {"items": [{"reasonName": "globalInteractionReason", "summary": "This spot is popular", "type": "general"}], "count": 0}, "venue": {"hereNow": {"groups": [], "summary": "Nobody here", "count": 0}, "contact": {"phone": "+6565381216", "formattedPhone": "+65 6538 1216"}, "photos": {"groups": [], "count": 0}, "rating": 6.5, "name": "Loh Nam Tai", "ratingSignals": 16, "allowMenuUrlEdit": true, "categories": [{"pluralName": "Chinese Restaurants", "id": "4bf58dd8d48988d145941735", "primary": true, "icon": {"prefix": "https://ss3.4sqi.net/img/categories_v2/food/asian_", "suffix": ".png"}, "name": "Chinese Restaurant", "shortName": "Chinese"}], "stats": {"checkinsCount": 249, "usersCount": 124, "tipCount": 5}, "id": "5288684811d2aa58bd1af0a4", "beenHere": {"lastCheckinExpiredAt": 0, "count": 0, "marked": false}, "ratingColor": "FFC800", "location": {"lng": 103.9636960996021, "formattedAddress": ["6 Changi Business Park Ave 1 (#01-32 UE Biz Hub East)", "486017", "Singapore"], "postalCode": "486017", "lat": 1.3358639159744734, "crossStreet": "#01-32 UE Biz Hub East", "country": "Singapore", "distance": 156, "city": "Singapore", "cc": "SG", "address": "6 Changi Business Park Ave 1", "labeledLatLngs": [{"lng": 103.9636960996021, "label": "display", "lat": 1.3358639159744734}]}, "verified": false, "price": {"tier": 1, "currency": "$", "message": "Cheap"}}, "referralId": "e-3-5288684811d2aa58bd1af0a4-13", "tips": [{"id": "581afdb2d67c728bada01d3a", "text": "Wanton and Char Siew are pretty flavourful here and coupled with fresh green veg and green chilli. Nice, will come back again when I need lunch while having work appointments in the vicinity \ud83d\ude0b", "disagreeCount": 0, "createdAt": 1478163890, "logView": true, "todo": {"count": 0}, "agreeCount": 0, "canonicalUrl": "https://foursquare.com/item/581afdb2d67c728bada01d3a", "type": "user", "user": {"gender": "female", "id": "6306884", "photo": {"prefix": "https://igx.4sqi.net/img/user/", "suffix": "/6306884-L21LWV3MMZFIVU5F"}, "firstName": "Jess", "lastName": "Thia"}}]}, {"reasons": {"items": [{"reasonName": "globalInteractionReason", "summary": "This spot is popular", "type": "general"}], "count": 0}, "venue": {"hereNow": {"groups": [], "summary": "Nobody here", "count": 0}, "contact": {}, "photos": {"groups": [], "count": 0}, "rating": 6.5, "name": "Sushi Zanmai by Fresharvest", "ratingSignals": 8, "allowMenuUrlEdit": true, "categories": [{"pluralName": "Japanese Restaurants", "id": "4bf58dd8d48988d111941735", "primary": true, "icon": {"prefix": "https://ss3.4sqi.net/img/categories_v2/food/japanese_", "suffix": ".png"}, "name": "Japanese Restaurant", "shortName": "Japanese"}], "stats": {"checkinsCount": 167, "usersCount": 66, "tipCount": 2}, "id": "50efb3fbe4b0b8f309821d6d", "beenHere": {"lastCheckinExpiredAt": 0, "count": 0, "marked": false}, "ratingColor": "FFC800", "location": {"formattedAddress": ["6 Changi Business Park Ave 1, #01-35", "Singapore"], "lat": 1.3358898100280097, "lng": 103.96380376057944, "distance": 168, "country": "Singapore", "cc": "SG", "address": "6 Changi Business Park Ave 1, #01-35", "labeledLatLngs": [{"lng": 103.96380376057944, "label": "display", "lat": 1.3358898100280097}]}, "verified": false, "price": {"tier": 2, "currency": "$", "message": "Moderate"}}, "referralId": "e-3-50efb3fbe4b0b8f309821d6d-14", "tips": [{"logView": true, "photo": {"id": "5168d7bde4b0c1b42b51e02b", "visibility": "public", "source": {"name": "Foursquare for Android", "url": "https://foursquare.com/download/#/android"}, "suffix": "/138834_wSFPLLC6uguixBKg-k6ddecZFP5-jca-qgv6RR22e1s.jpg", "createdAt": 1365825469, "prefix": "https://igx.4sqi.net/img/general/", "width": 720, "height": 960}, "createdAt": 1365825466, "todo": {"count": 0}, "agreeCount": 1, "likes": {"groups": [], "summary": "1 like", "count": 1}, "id": "5168d7bae4b0088a3dd1e7ff", "text": "Teriyaki Saba Teishoku is surprisingly good.", "disagreeCount": 0, "user": {"gender": "male", "id": "138834", "photo": {"prefix": "https://igx.4sqi.net/img/user/", "suffix": "/138834-3WYPLZN22DBGUE5Z.jpg"}, "firstName": "Julian", "lastName": "Lim"}, "canonicalUrl": "https://foursquare.com/item/5168d7bae4b0088a3dd1e7ff", "type": "user", "photourl": "https://igx.4sqi.net/img/general/original/138834_wSFPLLC6uguixBKg-k6ddecZFP5-jca-qgv6RR22e1s.jpg"}]}, {"reasons": {"items": [{"reasonName": "globalInteractionReason", "summary": "This spot is popular", "type": "general"}], "count": 0}, "venue": {"hereNow": {"groups": [], "summary": "Nobody here", "count": 0}, "contact": {"phone": "+6566361228", "formattedPhone": "+65 6636 1228"}, "photos": {"groups": [], "count": 0}, "rating": 6.4, "name": "Ootoya Japanese Restaurant \u5927\u6237\u5c4b", "ratingSignals": 46, "allowMenuUrlEdit": true, "categories": [{"pluralName": "Japanese Restaurants", "id": "4bf58dd8d48988d111941735", "primary": true, "icon": {"prefix": "https://ss3.4sqi.net/img/categories_v2/food/japanese_", "suffix": ".png"}, "name": "Japanese Restaurant", "shortName": "Japanese"}], "stats": {"checkinsCount": 1213, "usersCount": 758, "tipCount": 13}, "id": "4ec34e688b8132e083062ef4", "beenHere": {"lastCheckinExpiredAt": 0, "count": 0, "marked": false}, "ratingColor": "FFC800", "location": {"lng": 103.96250050175952, "formattedAddress": ["#01-30/31, Changi City Point (5 Changi Business Park Central 1)", "486038", "Singapore"], "postalCode": "486038", "lat": 1.3343258099611304, "crossStreet": "5 Changi Business Park Central 1", "country": "Singapore", "distance": 118, "city": "Singapore", "cc": "SG", "address": "#01-30/31, Changi City Point", "labeledLatLngs": [{"lng": 103.96250050175952, "label": "display", "lat": 1.3343258099611304}]}, "hours": {"isLocalHoliday": false, "isOpen": true, "status": "Likely open"}, "verified": false, "price": {"tier": 2, "currency": "$", "message": "Moderate"}}, "referralId": "e-3-4ec34e688b8132e083062ef4-15", "tips": [{"id": "52c8f3b5498e6706dd1c13f1", "text": "When you seat customers outside, you station staff members to attend to their needs. Expecting customers to walk the distance to ask for orders to be taken,  green tea to be refilled is NOT right.", "disagreeCount": 0, "logView": true, "createdAt": 1388901301, "likes": {"groups": [], "summary": "1 like", "count": 1}, "todo": {"count": 0}, "agreeCount": 1, "canonicalUrl": "https://foursquare.com/item/52c8f3b5498e6706dd1c13f1", "type": "user", "user": {"gender": "male", "id": "34721296", "photo": {"prefix": "https://igx.4sqi.net/img/user/", "suffix": "/34721296-P04XJSVLYOEKQZNV.jpg"}, "firstName": "Pete", "lastName": "C"}}]}, {"reasons": {"items": [{"reasonName": "globalInteractionReason", "summary": "This spot is popular", "type": "general"}], "count": 0}, "venue": {"hereNow": {"groups": [], "summary": "Nobody here", "count": 0}, "contact": {"twitter": "toastboxsg", "phone": "+6566360549", "formattedPhone": "+65 6636 0549"}, "photos": {"groups": [], "count": 0}, "rating": 6.4, "name": "Toast Box \u571f\u53f8\u5de5\u574a", "ratingSignals": 29, "allowMenuUrlEdit": true, "categories": [{"pluralName": "Caf\u00e9s", "id": "4bf58dd8d48988d16d941735", "primary": true, "icon": {"prefix": "https://ss3.4sqi.net/img/categories_v2/food/cafe_", "suffix": ".png"}, "name": "Caf\u00e9", "shortName": "Caf\u00e9"}], "stats": {"checkinsCount": 1981, "usersCount": 599, "tipCount": 9}, "id": "4ec1e5e8be7b04923d601a74", "beenHere": {"lastCheckinExpiredAt": 0, "count": 0, "marked": false}, "ratingColor": "FFC800", "location": {"lng": 103.9625514986125, "formattedAddress": ["#01-12, Changi City Point (5 Changi Business Park Central 1)", "486038", "Singapore"], "postalCode": "486038", "lat": 1.3344621076940673, "crossStreet": "5 Changi Business Park Central 1", "country": "Singapore", "distance": 104, "city": "Singapore", "cc": "SG", "address": "#01-12, Changi City Point", "labeledLatLngs": [{"lng": 103.9625514986125, "label": "display", "lat": 1.3344621076940673}]}, "hours": {"isLocalHoliday": false, "isOpen": true, "status": "Open until 10:00 PM"}, "verified": false, "price": {"tier": 1, "currency": "$", "message": "Cheap"}}, "referralId": "e-3-4ec1e5e8be7b04923d601a74-16", "tips": [{"id": "5205abc511d284f6487278ce", "text": "Loving the ice milk tea!", "disagreeCount": 0, "logView": true, "createdAt": 1376103365, "likes": {"groups": [], "summary": "1 like", "count": 1}, "todo": {"count": 0}, "agreeCount": 1, "canonicalUrl": "https://foursquare.com/item/5205abc511d284f6487278ce", "type": "user", "user": {"gender": "female", "id": "3411205", "photo": {"prefix": "https://igx.4sqi.net/img/user/", "suffix": "/3411205-XHM32BEW50RGHJV4.jpg"}, "firstName": "Evelyn", "lastName": "Poh"}}]}, {"reasons": {"items": [{"reasonName": "globalInteractionReason", "summary": "This spot is popular", "type": "general"}], "count": 0}, "venue": {"hereNow": {"groups": [], "summary": "Nobody here", "count": 0}, "contact": {"phone": "+6566360681", "formattedPhone": "+65 6636 0681"}, "photos": {"groups": [], "count": 0}, "rating": 6.3, "name": "McDonald's", "ratingSignals": 51, "allowMenuUrlEdit": true, "categories": [{"pluralName": "Fast Food Restaurants", "id": "4bf58dd8d48988d16e941735", "primary": true, "icon": {"prefix": "https://ss3.4sqi.net/img/categories_v2/food/fastfood_", "suffix": ".png"}, "name": "Fast Food Restaurant", "shortName": "Fast Food"}], "stats": {"checkinsCount": 4260, "usersCount": 1832, "tipCount": 9}, "id": "4e9f88c393ad16f0cda640ff", "beenHere": {"lastCheckinExpiredAt": 0, "count": 0, "marked": false}, "url": "http://www.mcdonalds.com.sg", "ratingColor": "FFC800", "location": {"lng": 103.9624835028127, "formattedAddress": ["#01-10/11, Changi City Point (5 Changi Business Park Central 1)", "486038", "Singapore"], "postalCode": "486038", "lat": 1.3344990507961758, "crossStreet": "5 Changi Business Park Central 1", "country": "Singapore", "distance": 99, "city": "Singapore", "cc": "SG", "address": "#01-10/11, Changi City Point", "labeledLatLngs": [{"lng": 103.9624835028127, "label": "display", "lat": 1.3344990507961758}]}, "hours": {"isLocalHoliday": false, "isOpen": true, "status": "Open until 11:59 PM"}, "verified": false, "price": {"tier": 1, "currency": "$", "message": "Cheap"}}, "referralId": "e-3-4e9f88c393ad16f0cda640ff-17", "tips": [{"id": "5028eb00e4b0aa167621a1be", "text": "Worstest service staff ever!!!", "disagreeCount": 0, "logView": true, "createdAt": 1344858880, "likes": {"groups": [], "summary": "2 likes", "count": 2}, "todo": {"count": 0}, "agreeCount": 2, "canonicalUrl": "https://foursquare.com/item/5028eb00e4b0aa167621a1be", "type": "user", "user": {"gender": "male", "id": "3829361", "photo": {"prefix": "https://igx.4sqi.net/img/user/", "suffix": "/A10ABKL21KXJQMAW.jpg"}, "firstName": "Ed", "lastName": "Win"}}]}, {"reasons": {"items": [{"reasonName": "globalInteractionReason", "summary": "This spot is popular", "type": "general"}], "count": 0}, "venue": {"hereNow": {"groups": [], "summary": "Nobody here", "count": 0}, "contact": {"phone": "+6566361244", "formattedPhone": "+65 6636 1244"}, "photos": {"groups": [], "count": 0}, "rating": 6.3, "name": "The Coffee Bean & Tea Leaf", "ratingSignals": 35, "allowMenuUrlEdit": true, "categories": [{"pluralName": "Caf\u00e9s", "id": "4bf58dd8d48988d16d941735", "primary": true, "icon": {"prefix": "https://ss3.4sqi.net/img/categories_v2/food/cafe_", "suffix": ".png"}, "name": "Caf\u00e9", "shortName": "Caf\u00e9"}], "stats": {"checkinsCount": 2405, "usersCount": 883, "tipCount": 15}, "id": "4eccd993754ac92c122532e5", "beenHere": {"lastCheckinExpiredAt": 0, "count": 0, "marked": false}, "ratingColor": "FFC800", "location": {"lng": 103.96258234977722, "formattedAddress": ["#01-41, Changi City Point Mall (5 Changi Business Park Central 1)", "486038", "Singapore"], "postalCode": "486038", "lat": 1.3344017179592962, "crossStreet": "5 Changi Business Park Central 1", "country": "Singapore", "distance": 111, "city": "Singapore", "cc": "SG", "address": "#01-41, Changi City Point Mall", "labeledLatLngs": [{"lng": 103.96258234977722, "label": "display", "lat": 1.3344017179592962}]}, "hours": {"isLocalHoliday": false, "isOpen": false}, "verified": false, "price": {"tier": 1, "currency": "$", "message": "Cheap"}}, "referralId": "e-3-4eccd993754ac92c122532e5-18", "tips": [{"id": "56a61f2f498ec487f34e0b7f", "text": "They didn't have brewed coffee!!!", "disagreeCount": 0, "logView": true, "createdAt": 1453727535, "likes": {"groups": [], "summary": "1 like", "count": 1}, "todo": {"count": 0}, "agreeCount": 1, "canonicalUrl": "https://foursquare.com/item/56a61f2f498ec487f34e0b7f", "type": "user", "user": {"gender": "male", "id": "57635740", "photo": {"prefix": "https://igx.4sqi.net/img/user/", "suffix": "/57635740-LSU2FRDZIHSJF5NP.jpg"}, "firstName": "Murat", "lastName": "S"}}]}, {"reasons": {"items": [{"reasonName": "globalInteractionReason", "summary": "This spot is popular", "type": "general"}], "count": 0}, "venue": {"hereNow": {"groups": [], "summary": "Nobody here", "count": 0}, "contact": {"phone": "+6564431261", "formattedPhone": "+65 6443 1261"}, "photos": {"groups": [], "count": 0}, "rating": 6.2, "name": "Wrap & Roll", "ratingSignals": 25, "allowMenuUrlEdit": true, "categories": [{"pluralName": "Vietnamese Restaurants", "id": "4bf58dd8d48988d14a941735", "primary": true, "icon": {"prefix": "https://ss3.4sqi.net/img/categories_v2/food/vietnamese_", "suffix": ".png"}, "name": "Vietnamese Restaurant", "shortName": "Vietnamese"}], "stats": {"checkinsCount": 291, "usersCount": 156, "tipCount": 8}, "id": "54bdedf4498eec46cfcf93bf", "beenHere": {"lastCheckinExpiredAt": 0, "count": 0, "marked": false}, "ratingColor": "FFC800", "location": {"lng": 103.96253449965941, "formattedAddress": ["B1-26/27, Changi City Point (5 Changi Business Park Central 1)", "Singapore"], "lat": 1.3342654314552342, "crossStreet": "5 Changi Business Park Central 1", "country": "Singapore", "distance": 125, "city": "Singapore", "cc": "SG", "address": "B1-26/27, Changi City Point", "labeledLatLngs": [{"lng": 103.96253449965941, "label": "display", "lat": 1.3342654314552342}]}, "hours": {"isLocalHoliday": false, "isOpen": true, "status": "Likely open"}, "verified": false, "price": {"tier": 2, "currency": "$", "message": "Moderate"}}, "referralId": "e-3-54bdedf4498eec46cfcf93bf-19", "tips": [{"logView": true, "photo": {"id": "594f73c4f2905e40cccc75ab", "visibility": "public", "source": {"name": "Foursquare for Android", "url": "https://foursquare.com/download/#/android"}, "suffix": "/1339539_uUaTBS-20GlvnuZcXS0_wc_lNpXxgxqV5qsSZDUeJn4.jpg", "createdAt": 1498379204, "prefix": "https://igx.4sqi.net/img/general/", "width": 4160, "height": 2080}, "createdAt": 1498379171, "agreeCount": 0, "id": "594f73a312138473a67bdd8b", "text": "Had beef pho. soup base too salty with MSG. Noodles r good. beef slices v thinly sliced. Staff can't handle proper English. Quite unfortunate cos I enjoyed them when I was in Vietnam #ThomtoriEats", "type": "user", "disagreeCount": 0, "user": {"gender": "male", "id": "1339539", "photo": {"prefix": "https://igx.4sqi.net/img/user/", "suffix": "/1339539-AIRJPNFKHLZSMUDJ.jpg"}, "firstName": "Ian", "lastName": "Thomtori"}, "canonicalUrl": "https://foursquare.com/item/594f73a312138473a67bdd8b", "todo": {"count": 0}, "photourl": "https://igx.4sqi.net/img/general/original/1339539_uUaTBS-20GlvnuZcXS0_wc_lNpXxgxqV5qsSZDUeJn4.jpg"}]}, {"reasons": {"items": [{"reasonName": "globalInteractionReason", "summary": "This spot is popular", "type": "general"}], "count": 0}, "venue": {"hereNow": {"groups": [], "summary": "Nobody here", "count": 0}, "contact": {}, "photos": {"groups": [], "count": 0}, "rating": 6.1, "name": "Kinara", "ratingSignals": 10, "allowMenuUrlEdit": true, "categories": [{"pluralName": "Indian Restaurants", "id": "4bf58dd8d48988d10f941735", "primary": true, "icon": {"prefix": "https://ss3.4sqi.net/img/categories_v2/food/indian_", "suffix": ".png"}, "name": "Indian Restaurant", "shortName": "Indian"}], "stats": {"checkinsCount": 81, "usersCount": 54, "tipCount": 1}, "id": "509753cce4b0baf4e2a15583", "beenHere": {"lastCheckinExpiredAt": 0, "count": 0, "marked": false}, "ratingColor": "FFC800", "location": {"lng": 103.96431940116085, "formattedAddress": ["#01-28, UE Biz Hub East (6 Changi Business Park Ave 1)", "486017", "Singapore"], "postalCode": "486017", "lat": 1.3351422981912786, "crossStreet": "6 Changi Business Park Ave 1", "country": "Singapore", "distance": 217, "city": "Singapore", "cc": "SG", "address": "#01-28, UE Biz Hub East", "labeledLatLngs": [{"lng": 103.96431940116085, "label": "display", "lat": 1.3351422981912786}]}, "verified": false, "price": {"tier": 2, "currency": "$", "message": "Moderate"}}, "referralId": "e-3-509753cce4b0baf4e2a15583-20", "tips": [{"id": "5097553ce4b08e0dbf5c96d6", "text": "Cuppage Terrace branch is now closed. Newly opened at CBP. Try the lunch buffet at $14.90++ Mon-Fri.", "disagreeCount": 0, "createdAt": 1352095036, "logView": true, "todo": {"count": 0}, "agreeCount": 0, "canonicalUrl": "https://foursquare.com/item/5097553ce4b08e0dbf5c96d6", "type": "user", "user": {"gender": "female", "id": "3694851", "photo": {"prefix": "https://igx.4sqi.net/img/user/", "suffix": "/TO1C0322GND13Q51.jpg"}, "firstName": "Karla", "lastName": "Reynolds"}}]}, {"reasons": {"items": [{"reasonName": "globalInteractionReason", "summary": "This spot is popular", "type": "general"}], "count": 0}, "venue": {"hereNow": {"groups": [], "summary": "Nobody here", "count": 0}, "contact": {}, "photos": {"groups": [], "count": 0}, "rating": 6.1, "name": "Manchurian Club", "ratingSignals": 12, "allowMenuUrlEdit": true, "categories": [{"pluralName": "Chinese Restaurants", "id": "4bf58dd8d48988d145941735", "primary": true, "icon": {"prefix": "https://ss3.4sqi.net/img/categories_v2/food/asian_", "suffix": ".png"}, "name": "Chinese Restaurant", "shortName": "Chinese"}], "stats": {"checkinsCount": 119, "usersCount": 73, "tipCount": 1}, "id": "51a82baa498e37d56752aaa4", "beenHere": {"lastCheckinExpiredAt": 0, "count": 0, "marked": false}, "ratingColor": "FFC800", "location": {"lng": 103.96335045176859, "formattedAddress": ["2 Changi Business Park Avenue 1 (#01-02 Hotel Tower, UE business hub east)", "Singapore"], "lat": 1.335875130625073, "crossStreet": "#01-02 Hotel Tower, UE business hub east", "country": "Singapore", "distance": 121, "city": "Singapore", "cc": "SG", "address": "2 Changi Business Park Avenue 1", "labeledLatLngs": [{"lng": 103.96335045176859, "label": "display", "lat": 1.335875130625073}]}, "verified": false, "price": {"tier": 1, "currency": "$", "message": "Cheap"}}, "referralId": "e-3-51a82baa498e37d56752aaa4-21", "tips": [{"id": "52198cba11d2840d830a51bc", "text": "The Indian Chinese food is as authentic as it gets, were pleasantly surprised the first time!The 5 spice chicken and wontons were good", "disagreeCount": 0, "createdAt": 1377406138, "logView": true, "todo": {"count": 0}, "agreeCount": 0, "canonicalUrl": "https://foursquare.com/item/52198cba11d2840d830a51bc", "type": "user", "user": {"gender": "male", "id": "64144595", "photo": {"prefix": "https://igx.4sqi.net/img/user/", "suffix": "/T13RW1MNJGHDC4C1.jpg"}, "firstName": "Bontha", "lastName": "Kamesh"}}]}, {"reasons": {"items": [{"reasonName": "globalInteractionReason", "summary": "This spot is popular", "type": "general"}], "count": 0}, "venue": {"hereNow": {"groups": [], "summary": "Nobody here", "count": 0}, "contact": {"phone": "+6564441181", "formattedPhone": "+65 6444 1181"}, "photos": {"groups": [], "count": 0}, "rating": 6.1, "name": "Mikawa Japanese Sake Bar & Restaurant", "ratingSignals": 16, "allowMenuUrlEdit": true, "categories": [{"pluralName": "Japanese Restaurants", "id": "4bf58dd8d48988d111941735", "primary": true, "icon": {"prefix": "https://ss3.4sqi.net/img/categories_v2/food/japanese_", "suffix": ".png"}, "name": "Japanese Restaurant", "shortName": "Japanese"}], "stats": {"checkinsCount": 170, "usersCount": 119, "tipCount": 7}, "id": "5320489a498e16dc9987b2c8", "beenHere": {"lastCheckinExpiredAt": 0, "count": 0, "marked": false}, "ratingColor": "FFC800", "location": {"lng": 103.9634637788318, "formattedAddress": ["6 Changi Business Park Ave 1, #01-21 (UE Bizhub East)", "486017", "Singapore"], "postalCode": "486017", "lat": 1.3358846376952818, "crossStreet": "UE Bizhub East", "country": "Singapore", "distance": 133, "city": "Singapore", "cc": "SG", "address": "6 Changi Business Park Ave 1, #01-21", "labeledLatLngs": [{"lng": 103.9634637788318, "label": "display", "lat": 1.3358846376952818}]}, "verified": false, "price": {"tier": 2, "currency": "$", "message": "Moderate"}}, "referralId": "e-3-5320489a498e16dc9987b2c8-22", "tips": [{"id": "539d95fa498e62d47e784073", "text": "Tasty and great food.", "disagreeCount": 0, "logView": true, "createdAt": 1402836474, "likes": {"groups": [], "summary": "2 likes", "count": 2}, "todo": {"count": 1}, "agreeCount": 2, "canonicalUrl": "https://foursquare.com/item/539d95fa498e62d47e784073", "type": "user", "user": {"gender": "male", "id": "88227779", "photo": {"prefix": "https://igx.4sqi.net/img/user/", "suffix": "/88227779-BFT1FCPVNTEVZUXU.jpg"}, "firstName": "Lin", "lastName": "ZX"}}]}, {"reasons": {"items": [{"reasonName": "globalInteractionReason", "summary": "This spot is popular", "type": "general"}], "count": 0}, "venue": {"hereNow": {"groups": [], "summary": "Nobody here", "count": 0}, "contact": {"phone": "+6566047669", "formattedPhone": "+65 6604 7669"}, "photos": {"groups": [], "count": 0}, "rating": 6.0, "name": "Table Manners", "ratingSignals": 116, "allowMenuUrlEdit": true, "categories": [{"pluralName": "Gastropubs", "id": "4bf58dd8d48988d155941735", "primary": true, "icon": {"prefix": "https://ss3.4sqi.net/img/categories_v2/food/gastropub_", "suffix": ".png"}, "name": "Gastropub", "shortName": "Gastropub"}], "stats": {"checkinsCount": 2481, "usersCount": 1750, "tipCount": 50}, "id": "5023a6e9e4b09c2bc1093d6f", "beenHere": {"lastCheckinExpiredAt": 0, "count": 0, "marked": false}, "url": "http://www.tablemanners.com.sg", "ratingColor": "FFC800", "location": {"lng": 103.96317479500445, "formattedAddress": ["#01-68/69 Changi City Point - The Oasis (5 Changi Business Park Central)", "486038", "Singapore"], "postalCode": "486038", "lat": 1.3339828357108203, "crossStreet": "5 Changi Business Park Central", "country": "Singapore", "distance": 179, "city": "Singapore", "cc": "SG", "address": "#01-68/69 Changi City Point - The Oasis", "labeledLatLngs": [{"lng": 103.96317479500445, "label": "display", "lat": 1.3339828357108203}]}, "hours": {"isLocalHoliday": false, "isOpen": true, "status": "Open until Midnight"}, "verified": false, "price": {"tier": 3, "currency": "$", "message": "Expensive"}}, "referralId": "e-3-5023a6e9e4b09c2bc1093d6f-23", "tips": [{"id": "51cda564498e6be7179ec2ac", "text": "nice chill out place", "disagreeCount": 0, "logView": true, "createdAt": 1372431716, "likes": {"groups": [], "summary": "2 likes", "count": 2}, "todo": {"count": 0}, "agreeCount": 2, "canonicalUrl": "https://foursquare.com/item/51cda564498e6be7179ec2ac", "type": "user", "user": {"gender": "female", "id": "43392928", "photo": {"prefix": "https://igx.4sqi.net/img/user/", "suffix": "/43392928-15JSVR5T24CIPRZ2.jpg"}, "firstName": "Phyo", "lastName": "Naing"}}]}, {"reasons": {"items": [{"reasonName": "globalInteractionReason", "summary": "This spot is popular", "type": "general"}], "count": 0}, "venue": {"hereNow": {"groups": [{"items": [], "name": "Other people here", "count": 1, "type": "others"}], "summary": "One other person is here", "count": 1}, "contact": {"facebook": "151805911519089", "facebookUsername": "thesoupspoon", "facebookName": "The Soup Spoon", "phone": "+6566363142", "formattedPhone": "+65 6636 3142"}, "photos": {"groups": [], "count": 0}, "rating": 6.0, "name": "The Soup Spoon Union", "ratingSignals": 37, "allowMenuUrlEdit": true, "categories": [{"pluralName": "Soup Places", "id": "4bf58dd8d48988d1dd931735", "primary": true, "icon": {"prefix": "https://ss3.4sqi.net/img/categories_v2/food/soup_", "suffix": ".png"}, "name": "Soup Place", "shortName": "Soup"}], "stats": {"checkinsCount": 1408, "usersCount": 780, "tipCount": 13}, "id": "4ebbbee530f8ec57ef102cc3", "beenHere": {"lastCheckinExpiredAt": 0, "count": 0, "marked": false}, "url": "http://www.thesoupspoon.com", "ratingColor": "FFC800", "location": {"lng": 103.96251183439188, "formattedAddress": ["#B1-24/25 Changi City Point (51 Changi Business Park Central 1)", "486038", "Singapore"], "postalCode": "486038", "lat": 1.334323612509953, "crossStreet": "51 Changi Business Park Central 1", "country": "Singapore", "distance": 118, "city": "Singapore", "cc": "SG", "address": "#B1-24/25 Changi City Point", "labeledLatLngs": [{"lng": 103.96251183439188, "label": "display", "lat": 1.334323612509953}]}, "hours": {"isLocalHoliday": false, "isOpen": true, "status": "Open until 10:00 PM"}, "verified": false, "price": {"tier": 1, "currency": "$", "message": "Cheap"}}, "referralId": "e-3-4ebbbee530f8ec57ef102cc3-24", "tips": [{"id": "57091480498e5384f26108f5", "text": "Located together with the grill knife and the handburger. Look out for their promo soup flavours.", "disagreeCount": 0, "createdAt": 1460212864, "logView": true, "todo": {"count": 0}, "agreeCount": 0, "canonicalUrl": "https://foursquare.com/item/57091480498e5384f26108f5", "type": "user", "user": {"gender": "female", "id": "42668193", "photo": {"prefix": "https://igx.4sqi.net/img/user/", "suffix": "/TD0GT2403DBIQDT5.jpg"}, "firstName": "Elizabeth", "lastName": "Lee"}}]}, {"reasons": {"items": [{"reasonName": "globalInteractionReason", "summary": "This spot is popular", "type": "general"}], "count": 0}, "venue": {"hereNow": {"groups": [], "summary": "Nobody here", "count": 0}, "contact": {"phone": "+6566361566", "formattedPhone": "+65 6636 1566"}, "photos": {"groups": [], "count": 0}, "rating": 6.0, "name": "The Manhattan Fish Market", "ratingSignals": 39, "allowMenuUrlEdit": true, "categories": [{"pluralName": "Seafood Restaurants", "id": "4bf58dd8d48988d1ce941735", "primary": true, "icon": {"prefix": "https://ss3.4sqi.net/img/categories_v2/food/seafood_", "suffix": ".png"}, "name": "Seafood Restaurant", "shortName": "Seafood"}], "stats": {"checkinsCount": 2061, "usersCount": 1453, "tipCount": 20}, "id": "4f12bb72e4b07e9ecbbda1cb", "beenHere": {"lastCheckinExpiredAt": 0, "count": 0, "marked": false}, "url": "http://www.manhattanfishmarket.com/main.html", "ratingColor": "FFC800", "location": {"lng": 103.96265915869735, "formattedAddress": ["5 Changi Business Park Central 1 #01-39/40 (Changi City Point)", "486038", "Singapore"], "postalCode": "486038", "lat": 1.3343613425949932, "crossStreet": "Changi City Point", "country": "Singapore", "distance": 117, "city": "Singapore", "cc": "SG", "address": "5 Changi Business Park Central 1 #01-39/40", "labeledLatLngs": [{"lng": 103.96265915869735, "label": "display", "lat": 1.3343613425949932}]}, "hours": {"isLocalHoliday": false, "isOpen": false}, "verified": false, "price": {"tier": 3, "currency": "$", "message": "Expensive"}}, "referralId": "e-3-4f12bb72e4b07e9ecbbda1cb-25", "tips": [{"logView": true, "photo": {"id": "56ac7bfb498e016d62bdb7c8", "visibility": "public", "source": {"name": "Foursquare for iOS", "url": "https://foursquare.com/download/#/iphone"}, "suffix": "/57635740_TjtIytq8dx5YqrCxegxx5rELzwQ2ImyiZXAar2svpyU.jpg", "createdAt": 1454144507, "prefix": "https://igx.4sqi.net/img/general/", "width": 1920, "height": 1440}, "createdAt": 1454144505, "todo": {"count": 0}, "agreeCount": 1, "likes": {"groups": [], "summary": "1 like", "count": 1}, "id": "56ac7bf9498e0ef2c8979f1a", "text": "Not the best seafood but it tastes ok and the food doesn't look like as it is in the fancy menu photos... portions are small", "disagreeCount": 0, "user": {"gender": "male", "id": "57635740", "photo": {"prefix": "https://igx.4sqi.net/img/user/", "suffix": "/57635740-LSU2FRDZIHSJF5NP.jpg"}, "firstName": "Murat", "lastName": "S"}, "canonicalUrl": "https://foursquare.com/item/56ac7bf9498e0ef2c8979f1a", "type": "user", "photourl": "https://igx.4sqi.net/img/general/original/57635740_TjtIytq8dx5YqrCxegxx5rELzwQ2ImyiZXAar2svpyU.jpg"}]}, {"reasons": {"items": [{"reasonName": "globalInteractionReason", "summary": "This spot is popular", "type": "general"}], "count": 0}, "venue": {"hereNow": {"groups": [], "summary": "Nobody here", "count": 0}, "contact": {"phone": "+6568220012", "formattedPhone": "+65 6822 0012"}, "photos": {"groups": [], "count": 0}, "rating": 5.9, "name": "Subway", "ratingSignals": 25, "allowMenuUrlEdit": true, "categories": [{"pluralName": "Sandwich Places", "id": "4bf58dd8d48988d1c5941735", "primary": true, "icon": {"prefix": "https://ss3.4sqi.net/img/categories_v2/food/deli_", "suffix": ".png"}, "name": "Sandwich Place", "shortName": "Sandwiches"}], "stats": {"checkinsCount": 2346, "usersCount": 1453, "tipCount": 11}, "id": "4b6126e4f964a520430b2ae3", "beenHere": {"lastCheckinExpiredAt": 0, "count": 0, "marked": false}, "url": "http://www.subway.com.sg", "ratingColor": "FF9600", "location": {"lng": 103.96102726747272, "formattedAddress": ["Singapore Expo, Foyer 2 (1 Expo Dr)", "486150", "Singapore"], "postalCode": "486150", "lat": 1.335909675537063, "crossStreet": "1 Expo Dr", "country": "Singapore", "distance": 161, "city": "Singapore", "cc": "SG", "address": "Singapore Expo, Foyer 2", "labeledLatLngs": [{"lng": 103.96102726747272, "label": "display", "lat": 1.335909675537063}]}, "hours": {"isLocalHoliday": false, "isOpen": false}, "verified": false, "price": {"tier": 1, "currency": "$", "message": "Cheap"}}, "referralId": "e-3-4b6126e4f964a520430b2ae3-26", "tips": [{"id": "4cd6552f886cb60c298b8989", "text": "No more ice for the drinks.", "disagreeCount": 0, "logView": true, "createdAt": 1289114927, "likes": {"groups": [], "summary": "4 likes", "count": 4}, "todo": {"count": 0}, "agreeCount": 0, "canonicalUrl": "https://foursquare.com/item/4cd6552f886cb60c298b8989", "type": "user", "user": {"gender": "male", "id": "2514315", "photo": {"prefix": "https://igx.4sqi.net/img/user/", "suffix": "/2514315-5LMS4FG0GLITTJVB.jpg"}, "firstName": "Alvin", "lastName": "Teo"}}]}, {"reasons": {"items": [{"reasonName": "globalInteractionReason", "summary": "This spot is popular", "type": "general"}], "count": 0}, "venue": {"contact": {}, "photos": {"groups": [], "count": 0}, "rating": 5.8, "name": "Bagus", "ratingSignals": 75, "allowMenuUrlEdit": true, "categories": [{"pluralName": "Food Courts", "id": "4bf58dd8d48988d120951735", "primary": true, "icon": {"prefix": "https://ss3.4sqi.net/img/categories_v2/shops/food_foodcourt_", "suffix": ".png"}, "name": "Food Court", "shortName": "Food Court"}], "stats": {"checkinsCount": 4370, "usersCount": 1652, "tipCount": 33}, "id": "4eb364b39a52ad1e3e105366", "beenHere": {"lastCheckinExpiredAt": 0, "count": 0, "marked": false}, "ratingColor": "FF9600", "location": {"lng": 103.96250616807558, "formattedAddress": ["#B1-32/33/34, Changi City Point Mall (5 Changi Business Park Central 1)", "486150", "Singapore"], "postalCode": "486150", "lat": 1.3344070047346648, "crossStreet": "5 Changi Business Park Central 1", "country": "Singapore", "distance": 109, "city": "Singapore", "cc": "SG", "address": "#B1-32/33/34, Changi City Point Mall", "labeledLatLngs": [{"lng": 103.96250616807558, "label": "display", "lat": 1.3344070047346648}]}, "hours": {"isLocalHoliday": false, "isOpen": true, "status": "Open until 10:00 PM"}, "verified": false, "hereNow": {"groups": [], "summary": "Nobody here", "count": 0}}, "referralId": "e-3-4eb364b39a52ad1e3e105366-27", "tips": [{"id": "4f8aa746e4b0af4d4efe9e04", "text": "Food here sucks.", "disagreeCount": 0, "logView": true, "createdAt": 1334486854, "likes": {"groups": [], "summary": "5 likes", "count": 5}, "todo": {"count": 0}, "agreeCount": 5, "canonicalUrl": "https://foursquare.com/item/4f8aa746e4b0af4d4efe9e04", "type": "user", "user": {"id": "6297647", "photo": {"prefix": "https://igx.4sqi.net/img/user/", "suffix": "/WCFGD4CWH250DEEK.jpg"}, "firstName": "Manfred Lim", "gender": "male"}}]}, {"reasons": {"items": [{"reasonName": "globalInteractionReason", "summary": "This spot is popular", "type": "general"}], "count": 0}, "venue": {"hereNow": {"groups": [], "summary": "Nobody here", "count": 0}, "contact": {}, "photos": {"groups": [], "count": 0}, "rating": 5.8, "name": "The Asian Kitchen", "ratingSignals": 14, "allowMenuUrlEdit": true, "categories": [{"pluralName": "Asian Restaurants", "id": "4bf58dd8d48988d142941735", "primary": true, "icon": {"prefix": "https://ss3.4sqi.net/img/categories_v2/food/asian_", "suffix": ".png"}, "name": "Asian Restaurant", "shortName": "Asian"}], "stats": {"checkinsCount": 265, "usersCount": 176, "tipCount": 6}, "id": "4f6aa6c4e4b0b54b06d513b7", "beenHere": {"lastCheckinExpiredAt": 0, "count": 0, "marked": false}, "ratingColor": "FF9600", "location": {"lng": 103.96286314645675, "formattedAddress": ["#01-43 Changi City Point (5 Changi Business Park Central 1)", "Singapore"], "lat": 1.3342727545921809, "crossStreet": "5 Changi Business Park Central 1", "country": "Singapore", "distance": 134, "city": "Singapore", "cc": "SG", "address": "#01-43 Changi City Point", "labeledLatLngs": [{"lng": 103.96286314645675, "label": "display", "lat": 1.3342727545921809}]}, "hours": {"isLocalHoliday": false, "isOpen": false}, "verified": false, "price": {"tier": 2, "currency": "$", "message": "Moderate"}}, "referralId": "e-3-4f6aa6c4e4b0b54b06d513b7-28", "tips": [{"id": "5222b5ef11d2458eddbba4e9", "text": "Best chicken", "disagreeCount": 0, "logView": true, "createdAt": 1378006511, "likes": {"groups": [], "summary": "1 like", "count": 1}, "todo": {"count": 0}, "agreeCount": 1, "canonicalUrl": "https://foursquare.com/item/5222b5ef11d2458eddbba4e9", "type": "user", "user": {"gender": "male", "id": "2291252", "photo": {"prefix": "https://igx.4sqi.net/img/user/", "suffix": "/2291252-M42WLQR0GY5Q2XUD.jpg"}, "firstName": "Jason", "lastName": "Santos"}}]}, {"reasons": {"items": [{"reasonName": "globalInteractionReason", "summary": "This spot is popular", "type": "general"}], "count": 0}, "venue": {"hereNow": {"groups": [], "summary": "Nobody here", "count": 0}, "contact": {}, "photos": {"groups": [], "count": 0}, "rating": 5.8, "name": "Jollibee", "ratingSignals": 22, "allowMenuUrlEdit": true, "categories": [{"pluralName": "Fast Food Restaurants", "id": "4bf58dd8d48988d16e941735", "primary": true, "icon": {"prefix": "https://ss3.4sqi.net/img/categories_v2/food/fastfood_", "suffix": ".png"}, "name": "Fast Food Restaurant", "shortName": "Fast Food"}], "stats": {"checkinsCount": 715, "usersCount": 372, "tipCount": 7}, "id": "56ada259498eabc433445785", "beenHere": {"lastCheckinExpiredAt": 0, "count": 0, "marked": false}, "ratingColor": "FF9600", "location": {"formattedAddress": ["Changi City Point 01/37-38", "Singapore"], "lat": 1.334096057127698, "lng": 103.9626081618046, "country": "Singapore", "distance": 145, "city": "Singapore", "cc": "SG", "address": "Changi City Point 01/37-38", "labeledLatLngs": [{"lng": 103.9626081618046, "label": "display", "lat": 1.334096057127698}]}, "hours": {"isLocalHoliday": false, "isOpen": true, "status": "Likely open"}, "verified": false, "price": {"tier": 1, "currency": "$", "message": "Cheap"}}, "referralId": "e-3-56ada259498eabc433445785-29", "tips": [{"logView": true, "photo": {"id": "58e0d25b6cea3f4d03104b57", "visibility": "public", "source": {"name": "Foursquare for iOS", "url": "https://foursquare.com/download/#/iphone"}, "suffix": "/7428646_xMIcCNT8eqiiaEbWfZowsCZCC0mw8KQ0l5CJmIPW2uY.jpg", "createdAt": 1491128923, "prefix": "https://igx.4sqi.net/img/general/", "width": 1079, "height": 1920}, "createdAt": 1491128920, "agreeCount": 0, "id": "58e0d25815fb4339e0d3fc73", "text": "Want some extra spaghetti sauce? They charge $0.50 for it! \ud83d\ude0b Go for chicken, rice & spaghetti!", "type": "user", "disagreeCount": 0, "user": {"gender": "female", "id": "7428646", "photo": {"prefix": "https://igx.4sqi.net/img/user/", "suffix": "/7428646-PKNT3URRJTM1MWZB.jpg"}, "firstName": "Chriszy", "lastName": "Bandong"}, "canonicalUrl": "https://foursquare.com/item/58e0d25815fb4339e0d3fc73", "todo": {"count": 0}, "photourl": "https://igx.4sqi.net/img/general/original/7428646_xMIcCNT8eqiiaEbWfZowsCZCC0mw8KQ0l5CJmIPW2uY.jpg"}]}, {"reasons": {"items": [{"reasonName": "globalInteractionReason", "summary": "This spot is popular", "type": "general"}], "count": 0}, "venue": {"hereNow": {"groups": [], "summary": "Nobody here", "count": 0}, "contact": {}, "photos": {"groups": [], "count": 0}, "rating": 6.2, "name": "fArt tArtz Cafe", "ratingSignals": 14, "allowMenuUrlEdit": true, "categories": [{"pluralName": "Caf\u00e9s", "id": "4bf58dd8d48988d16d941735", "primary": true, "icon": {"prefix": "https://ss3.4sqi.net/img/categories_v2/food/cafe_", "suffix": ".png"}, "name": "Caf\u00e9", "shortName": "Caf\u00e9"}], "stats": {"checkinsCount": 437, "usersCount": 320, "tipCount": 8}, "id": "5393e727498e94dc388bc864", "beenHere": {"lastCheckinExpiredAt": 0, "count": 0, "marked": false}, "ratingColor": "FFC800", "location": {"lng": 103.95812050902057, "formattedAddress": ["#02-04 Singapore Expo (1 Expo Drive)", "486150", "Singapore"], "postalCode": "486150", "lat": 1.3336918018666912, "crossStreet": "1 Expo Drive", "country": "Singapore", "distance": 509, "city": "Singapore", "cc": "SG", "address": "#02-04 Singapore Expo", "labeledLatLngs": [{"lng": 103.95812050902057, "label": "display", "lat": 1.3336918018666912}]}, "hours": {"isLocalHoliday": false, "isOpen": false, "status": "Closed until 8:00 AM tomorrow"}, "verified": false, "price": {"tier": 1, "currency": "$", "message": "Cheap"}}, "referralId": "e-3-5393e727498e94dc388bc864-30", "tips": [{"logView": true, "photo": {"id": "53fff499498ec774d4a38e49", "visibility": "public", "source": {"name": "Foursquare for iOS", "url": "https://foursquare.com/download/#/iphone"}, "suffix": "/33026095_GYY24zWmVvfrt83w7rfPoOtzfa_vuSfllXtTx0C8FvY.jpg", "createdAt": 1409283225, "prefix": "https://igx.4sqi.net/img/general/", "width": 720, "height": 960}, "createdAt": 1409283222, "todo": {"count": 0}, "agreeCount": 5, "likes": {"groups": [], "summary": "5 likes", "count": 5}, "id": "53fff496498eedd5b709d65f", "text": "[Oreo Nutella Mud Tart S$5.50] No need for me to describe, you can imagine the taste.\ud83d\ude0b\ud83d\ude0b", "disagreeCount": 0, "user": {"id": "33026095", "photo": {"prefix": "https://igx.4sqi.net/img/user/", "suffix": "/33026095-GYGNRJBYJR0WFTZX.jpg"}, "firstName": "Vivienneeluv", "gender": "female"}, "canonicalUrl": "https://foursquare.com/item/53fff496498eedd5b709d65f", "type": "user", "photourl": "https://igx.4sqi.net/img/general/original/33026095_GYY24zWmVvfrt83w7rfPoOtzfa_vuSfllXtTx0C8FvY.jpg"}]}, {"reasons": {"items": [{"reasonName": "globalInteractionReason", "summary": "This spot is popular", "type": "general"}], "count": 0}, "venue": {"hereNow": {"groups": [], "summary": "Nobody here", "count": 0}, "contact": {}, "photos": {"groups": [], "count": 0}, "rating": 5.9, "name": "KFC", "ratingSignals": 1, "allowMenuUrlEdit": true, "categories": [{"pluralName": "Fried Chicken Joints", "id": "4d4ae6fc7a7b7dea34424761", "primary": true, "icon": {"prefix": "https://ss3.4sqi.net/img/categories_v2/food/friedchicken_", "suffix": ".png"}, "name": "Fried Chicken Joint", "shortName": "Fried Chicken"}], "stats": {"checkinsCount": 96, "usersCount": 42, "tipCount": 1}, "id": "5453762b498eccfb5aa6b5e3", "beenHere": {"lastCheckinExpiredAt": 0, "count": 0, "marked": false}, "ratingColor": "FF9600", "location": {"formattedAddress": ["Changi Business Park", "Singapore"], "lat": 1.3355129047885903, "lng": 103.96508436600979, "distance": 301, "country": "Singapore", "cc": "SG", "address": "Changi Business Park", "labeledLatLngs": [{"lng": 103.96508436600979, "label": "display", "lat": 1.3355129047885903}]}, "hours": {"isLocalHoliday": false, "isOpen": false, "status": "Closed until 8:00 AM tomorrow"}, "verified": false, "price": {"tier": 1, "currency": "$", "message": "Cheap"}}, "referralId": "e-3-5453762b498eccfb5aa6b5e3-31", "tips": [{"id": "56ab87db498e77efd7f36bbb", "text": "that's the worst KFC chicken I have eaten!!!", "disagreeCount": 0, "logView": true, "createdAt": 1454082011, "likes": {"groups": [], "summary": "1 like", "count": 1}, "todo": {"count": 0}, "agreeCount": 1, "canonicalUrl": "https://foursquare.com/item/56ab87db498e77efd7f36bbb", "type": "user", "user": {"gender": "male", "id": "57635740", "photo": {"prefix": "https://igx.4sqi.net/img/user/", "suffix": "/57635740-LSU2FRDZIHSJF5NP.jpg"}, "firstName": "Murat", "lastName": "S"}}]}, {"reasons": {"items": [{"reasonName": "globalInteractionReason", "summary": "This spot is popular", "type": "general"}], "count": 0}, "venue": {"contact": {"phone": "+6564449569", "formattedPhone": "+65 6444 9569"}, "photos": {"groups": [], "count": 0}, "rating": 5.8, "name": "Shabu Sai", "ratingSignals": 22, "allowMenuUrlEdit": true, "categories": [{"pluralName": "Hotpot Restaurants", "id": "52af0bd33cf9994f4e043bdd", "primary": true, "icon": {"prefix": "https://ss3.4sqi.net/img/categories_v2/food/asian_", "suffix": ".png"}, "name": "Hotpot Restaurant", "shortName": "Hotpot"}], "stats": {"checkinsCount": 555, "usersCount": 389, "tipCount": 7}, "id": "5299d9f5498e3e7eae54a71d", "beenHere": {"lastCheckinExpiredAt": 0, "count": 0, "marked": false}, "ratingColor": "FF9600", "location": {"formattedAddress": ["Changi City Point, 5 Changi Business Park Central 1 #B1-28/29 (S)486038", "Singapore"], "lat": 1.334292751081635, "lng": 103.96251750070842, "country": "Singapore", "distance": 122, "city": "Singapore", "cc": "SG", "address": "Changi City Point, 5 Changi Business Park Central 1 #B1-28/29 (S)486038", "labeledLatLngs": [{"lng": 103.96251750070842, "label": "display", "lat": 1.334292751081635}]}, "hours": {"isLocalHoliday": false, "isOpen": true, "status": "Likely open"}, "verified": false, "hereNow": {"groups": [], "summary": "Nobody here", "count": 0}}, "referralId": "e-3-5299d9f5498e3e7eae54a71d-32", "tips": [{"id": "52b2680e498ece8ca69cc1c5", "text": "Price is reasonable...free flow of meat..but spent 1 and half hour for lunch..", "disagreeCount": 0, "logView": true, "createdAt": 1387423758, "likes": {"groups": [], "summary": "1 like", "count": 1}, "todo": {"count": 1}, "agreeCount": 1, "canonicalUrl": "https://foursquare.com/item/52b2680e498ece8ca69cc1c5", "type": "user", "user": {"gender": "male", "id": "71874826", "photo": {"prefix": "https://igx.4sqi.net/img/user/", "suffix": "/71874826-Q3KAZQ0LEVQLBNHK.jpg"}, "firstName": "Jinoh", "lastName": "Jeon"}}]}, {"reasons": {"items": [{"reasonName": "globalInteractionReason", "summary": "This spot is popular", "type": "general"}], "count": 0}, "venue": {"hereNow": {"groups": [], "summary": "Nobody here", "count": 0}, "contact": {}, "photos": {"groups": [], "count": 0}, "rating": 5.7, "name": "Pondok Kartika", "ratingSignals": 19, "allowMenuUrlEdit": true, "categories": [{"pluralName": "Indonesian Restaurants", "id": "4deefc054765f83613cdba6f", "primary": true, "icon": {"prefix": "https://ss3.4sqi.net/img/categories_v2/food/indonesian_", "suffix": ".png"}, "name": "Indonesian Restaurant", "shortName": "Indonesian"}], "stats": {"checkinsCount": 269, "usersCount": 153, "tipCount": 6}, "id": "5049ed29e4b072ebf94d85d0", "beenHere": {"lastCheckinExpiredAt": 0, "count": 0, "marked": false}, "ratingColor": "FF9600", "location": {"formattedAddress": ["Changi City Point", "Singapore"], "lat": 1.3342908488331118, "lng": 103.96290847711089, "distance": 135, "country": "Singapore", "cc": "SG", "address": "Changi City Point", "labeledLatLngs": [{"lng": 103.96290847711089, "label": "display", "lat": 1.3342908488331118}]}, "hours": {"isLocalHoliday": false, "isOpen": false}, "verified": false, "price": {"tier": 2, "currency": "$", "message": "Moderate"}}, "referralId": "e-3-5049ed29e4b072ebf94d85d0-33", "tips": [{"id": "590c027601559a28c7fcf991", "text": "The portions are huge. Just keep that in mind when ordering.", "disagreeCount": 0, "createdAt": 1493959286, "logView": true, "todo": {"count": 0}, "agreeCount": 0, "canonicalUrl": "https://foursquare.com/item/590c027601559a28c7fcf991", "type": "user", "user": {"gender": "male", "id": "131700947", "photo": {"prefix": "https://igx.4sqi.net/img/user/", "suffix": "/131700947-LVW5HZ2CMQULSD2H.jpg"}, "firstName": "Toms", "lastName": "Punnoose"}}]}, {"reasons": {"items": [{"reasonName": "globalInteractionReason", "summary": "This spot is popular", "type": "general"}], "count": 0}, "venue": {"hereNow": {"groups": [], "summary": "Nobody here", "count": 0}, "contact": {}, "photos": {"groups": [], "count": 0}, "rating": 5.7, "name": "The Coffee Bean & Tea Leaf", "ratingSignals": 25, "allowMenuUrlEdit": true, "categories": [{"pluralName": "Caf\u00e9s", "id": "4bf58dd8d48988d16d941735", "primary": true, "icon": {"prefix": "https://ss3.4sqi.net/img/categories_v2/food/cafe_", "suffix": ".png"}, "name": "Caf\u00e9", "shortName": "Caf\u00e9"}], "stats": {"checkinsCount": 2630, "usersCount": 1289, "tipCount": 11}, "id": "4bb477e0737d76b099653b7c", "beenHere": {"lastCheckinExpiredAt": 0, "count": 0, "marked": false}, "ratingColor": "FF9600", "location": {"lng": 103.96087646484375, "formattedAddress": ["#01-65 Singapore Expo 2 (1 Expo Dr)", "486150", "Singapore"], "postalCode": "486150", "lat": 1.335501125177271, "crossStreet": "1 Expo Dr", "country": "Singapore", "distance": 167, "city": "Singapore", "cc": "SG", "address": "#01-65 Singapore Expo 2", "labeledLatLngs": [{"lng": 103.96087646484375, "label": "display", "lat": 1.335501125177271}]}, "hours": {"isLocalHoliday": false, "isOpen": false}, "verified": true, "price": {"tier": 1, "currency": "$", "message": "Cheap"}}, "referralId": "e-3-4bb477e0737d76b099653b7c-34", "tips": [{"id": "4e86f9a8722e3a3ed8ef6054", "text": "Breakfast All Day", "disagreeCount": 0, "logView": true, "createdAt": 1317468584, "likes": {"groups": [], "summary": "1 like", "count": 1}, "todo": {"count": 0}, "agreeCount": 0, "canonicalUrl": "https://foursquare.com/item/4e86f9a8722e3a3ed8ef6054", "type": "user", "user": {"id": "1757033", "photo": {"prefix": "https://igx.4sqi.net/img/user/", "suffix": "/1757033-QLJTBUXG2YF2MEPO.jpg"}, "firstName": "ZieLiCiouS", "gender": "female"}}]}, {"reasons": {"items": [{"reasonName": "globalInteractionReason", "summary": "This spot is popular", "type": "general"}], "count": 0}, "venue": {"hereNow": {"groups": [], "summary": "Nobody here", "count": 0}, "contact": {}, "photos": {"groups": [], "count": 0}, "rating": 5.8, "name": "Saravanaa Bhavan @ Plaza 8", "ratingSignals": 9, "allowMenuUrlEdit": true, "categories": [{"pluralName": "Indian Restaurants", "id": "4bf58dd8d48988d10f941735", "primary": true, "icon": {"prefix": "https://ss3.4sqi.net/img/categories_v2/food/indian_", "suffix": ".png"}, "name": "Indian Restaurant", "shortName": "Indian"}], "stats": {"checkinsCount": 201, "usersCount": 59, "tipCount": 4}, "id": "4bc2abc6b492d13a4adfa760", "beenHere": {"lastCheckinExpiredAt": 0, "count": 0, "marked": false}, "ratingColor": "FF9600", "location": {"formattedAddress": ["8 Changi Business Park", "Singapore"], "lat": 1.3336217878581946, "lng": 103.96467638422973, "country": "Singapore", "distance": 322, "city": "Singapore", "cc": "SG", "address": "8 Changi Business Park", "labeledLatLngs": [{"lng": 103.96467638422973, "label": "display", "lat": 1.3336217878581946}]}, "verified": false, "price": {"tier": 2, "currency": "$", "message": "Moderate"}}, "referralId": "e-3-4bc2abc6b492d13a4adfa760-35", "tips": [{"id": "521572fa498ef2dca6d3e299", "text": "Coffee is made in heaven.", "disagreeCount": 0, "logView": true, "createdAt": 1377137402, "likes": {"groups": [], "summary": "4 likes", "count": 4}, "todo": {"count": 0}, "agreeCount": 4, "canonicalUrl": "https://foursquare.com/item/521572fa498ef2dca6d3e299", "type": "user", "user": {"gender": "male", "id": "25718088", "photo": {"prefix": "https://igx.4sqi.net/img/user/", "suffix": "/5QP3SYV1BLBTDMAQ.jpg"}, "firstName": "Kiran", "lastName": "Gosu"}}]}, {"reasons": {"items": [{"reasonName": "globalInteractionReason", "summary": "This spot is popular", "type": "general"}], "count": 0}, "venue": {"hereNow": {"groups": [], "summary": "Nobody here", "count": 0}, "contact": {"phone": "+6566364771", "formattedPhone": "+65 6636 4771"}, "photos": {"groups": [], "count": 0}, "rating": 5.7, "name": "Han's", "ratingSignals": 21, "allowMenuUrlEdit": true, "categories": [{"pluralName": "Caf\u00e9s", "id": "4bf58dd8d48988d16d941735", "primary": true, "icon": {"prefix": "https://ss3.4sqi.net/img/categories_v2/food/cafe_", "suffix": ".png"}, "name": "Caf\u00e9", "shortName": "Caf\u00e9"}], "stats": {"checkinsCount": 846, "usersCount": 409, "tipCount": 8}, "id": "4f0a7f61e4b0fcefaaa354cd", "beenHere": {"lastCheckinExpiredAt": 0, "count": 0, "marked": false}, "ratingColor": "FF9600", "location": {"formattedAddress": ["Changi City Point #01-51/52/53", "486038", "Singapore"], "postalCode": "486038", "lat": 1.3345739999067467, "lng": 103.96297647311998, "country": "Singapore", "distance": 112, "city": "Singapore", "cc": "SG", "address": "Changi City Point #01-51/52/53", "labeledLatLngs": [{"lng": 103.96297647311998, "label": "display", "lat": 1.3345739999067467}]}, "hours": {"isLocalHoliday": false, "isOpen": false}, "verified": false, "price": {"tier": 1, "currency": "$", "message": "Cheap"}}, "referralId": "e-3-4f0a7f61e4b0fcefaaa354cd-36", "tips": [{"id": "51c6894d498e977ee15e7359", "text": "Good selection of food plain sandwiches soups meals and eggs", "disagreeCount": 0, "logView": true, "createdAt": 1371965773, "likes": {"groups": [], "summary": "1 like", "count": 1}, "todo": {"count": 0}, "agreeCount": 1, "canonicalUrl": "https://foursquare.com/item/51c6894d498e977ee15e7359", "type": "user", "user": {"gender": "male", "id": "43892250", "photo": {"prefix": "https://igx.4sqi.net/img/user/", "suffix": "/43892250-OE03IPBJN0V4XR4E.jpg"}, "firstName": "Kamlesh", "lastName": "Gandhi"}}]}, {"reasons": {"items": [{"reasonName": "globalInteractionReason", "summary": "This spot is popular", "type": "general"}], "count": 0}, "venue": {"hereNow": {"groups": [], "summary": "Nobody here", "count": 0}, "contact": {}, "photos": {"groups": [], "count": 0}, "rating": 6.1, "name": "Warung In The East", "ratingSignals": 12, "allowMenuUrlEdit": true, "categories": [{"pluralName": "Asian Restaurants", "id": "4bf58dd8d48988d142941735", "primary": true, "icon": {"prefix": "https://ss3.4sqi.net/img/categories_v2/food/asian_", "suffix": ".png"}, "name": "Asian Restaurant", "shortName": "Asian"}], "stats": {"checkinsCount": 840, "usersCount": 340, "tipCount": 3}, "id": "50e80905e4b0b2f929cde15a", "beenHere": {"lastCheckinExpiredAt": 0, "count": 0, "marked": false}, "ratingColor": "FFC800", "location": {"formattedAddress": ["ITE College East (10 Simei Ave)", "Singapore"], "lat": 1.335018595127752, "lng": 103.95561609957964, "country": "Singapore", "distance": 753, "city": "Singapore", "cc": "SG", "address": "ITE College East (10 Simei Ave)", "labeledLatLngs": [{"lng": 103.95561609957964, "label": "display", "lat": 1.335018595127752}]}, "hours": {"isLocalHoliday": false, "isOpen": false}, "verified": false, "price": {"tier": 2, "currency": "$", "message": "Moderate"}}, "referralId": "e-3-50e80905e4b0b2f929cde15a-37", "tips": [{"id": "50fb8229e4b063a39781f18d", "text": "Not that bad", "disagreeCount": 0, "logView": true, "createdAt": 1358660137, "likes": {"groups": [], "summary": "2 likes", "count": 2}, "todo": {"count": 0}, "agreeCount": 2, "canonicalUrl": "https://foursquare.com/item/50fb8229e4b063a39781f18d", "type": "user", "user": {"gender": "male", "id": "26887196", "photo": {"prefix": "https://igx.4sqi.net/img/user/", "suffix": "/04YBFCEUHNBIN2MM.jpg"}, "firstName": "Alf", "lastName": "Hafidz"}}]}, {"reasons": {"items": [{"reasonName": "globalInteractionReason", "summary": "This spot is popular", "type": "general"}], "count": 0}, "venue": {"hereNow": {"groups": [], "summary": "Nobody here", "count": 0}, "contact": {}, "photos": {"groups": [], "count": 0}, "name": "Munchy Donut", "allowMenuUrlEdit": true, "beenHere": {"lastCheckinExpiredAt": 0, "count": 0, "marked": false}, "stats": {"checkinsCount": 128, "usersCount": 78, "tipCount": 0}, "id": "4c426e38520fa593494bcbac", "categories": [{"pluralName": "Donut Shops", "id": "4bf58dd8d48988d148941735", "primary": true, "icon": {"prefix": "https://ss3.4sqi.net/img/categories_v2/food/donuts_", "suffix": ".png"}, "name": "Donut Shop", "shortName": "Donuts"}], "location": {"lng": 103.96121992029356, "formattedAddress": ["#01-63, Foyer 2, Singapore Expo (1 Expo Dr)", "486150", "Singapore"], "postalCode": "486150", "lat": 1.3357445658710376, "crossStreet": "1 Expo Dr", "country": "Singapore", "distance": 134, "city": "Singapore", "cc": "SG", "address": "#01-63, Foyer 2, Singapore Expo", "labeledLatLngs": [{"lng": 103.96121992029356, "label": "display", "lat": 1.3357445658710376}]}, "verified": false, "price": {"tier": 1, "currency": "$", "message": "Cheap"}}, "referralId": "e-3-4c426e38520fa593494bcbac-38", "tips": [{"logView": true, "photo": {"id": "572dcdbb498e379a1c8c1d64", "visibility": "public", "source": {"name": "Swarm for iOS", "url": "https://www.swarmapp.com"}, "suffix": "/49648657_cFN4mtJGdRgqHyv0MFvrql_jVtEGmSnSuqvQOU9sJlE.jpg", "createdAt": 1462619579, "prefix": "https://igx.4sqi.net/img/general/", "width": 1440, "height": 1920}, "createdAt": 1462619579, "agreeCount": 0, "id": "572dcdbb498e379a1c8c1d65", "text": "Drinks are so so but service is lousy. Despite a prime location the staff here spend more time socialising than serving resulting in excessive wait times for simple drinks.", "type": "user", "disagreeCount": 0, "user": {"gender": "male", "id": "49648657", "photo": {"prefix": "https://igx.4sqi.net/img/user/", "suffix": "/I5OBCBTRY5HR0MSH.jpg"}, "firstName": "Jeffrey", "lastName": "Choo"}, "canonicalUrl": "https://foursquare.com/item/572dcdbb498e379a1c8c1d65", "todo": {"count": 0}, "photourl": "https://igx.4sqi.net/img/general/original/49648657_cFN4mtJGdRgqHyv0MFvrql_jVtEGmSnSuqvQOU9sJlE.jpg"}]}, {"reasons": {"items": [{"reasonName": "globalInteractionReason", "summary": "This spot is popular", "type": "general"}], "count": 0}, "venue": {"hereNow": {"groups": [], "summary": "Nobody here", "count": 0}, "contact": {}, "photos": {"groups": [], "count": 0}, "name": "Mmmm! Meats, Marinates and Much More!", "allowMenuUrlEdit": true, "beenHere": {"lastCheckinExpiredAt": 0, "count": 0, "marked": false}, "stats": {"checkinsCount": 179, "usersCount": 74, "tipCount": 3}, "id": "4f1ffcaae4b0bf85e30ecc41", "categories": [{"pluralName": "BBQ Joints", "id": "4bf58dd8d48988d1df931735", "primary": true, "icon": {"prefix": "https://ss3.4sqi.net/img/categories_v2/food/bbqalt_", "suffix": ".png"}, "name": "BBQ Joint", "shortName": "BBQ"}], "location": {"formattedAddress": ["Changi City Point", "Singapore"], "lat": 1.3343238748955797, "lng": 103.96258549652497, "distance": 120, "country": "Singapore", "cc": "SG", "address": "Changi City Point", "labeledLatLngs": [{"lng": 103.96258549652497, "label": "display", "lat": 1.3343238748955797}]}, "verified": false, "price": {"tier": 2, "currency": "$", "message": "Moderate"}}, "referralId": "e-3-4f1ffcaae4b0bf85e30ecc41-39", "tips": [{"id": "56e11f8f498e5446d31fc2c9", "text": "Get your grassfed beef here.. Frozen or non frozen", "disagreeCount": 0, "createdAt": 1457594255, "logView": true, "todo": {"count": 0}, "agreeCount": 0, "canonicalUrl": "https://foursquare.com/item/56e11f8f498e5446d31fc2c9", "type": "user", "user": {"gender": "male", "id": "2549520", "photo": {"prefix": "https://igx.4sqi.net/img/user/", "suffix": "/2549520_I23ywToQ_l9wN4MPjZRMsPgzOAXqBqNwiZNp5kBA7Xj2zbrgOXsd0N9HBQTncyM6NjzEPfdKs.jpg"}, "firstName": "Mathew", "lastName": "MadMax"}}]}, {"reasons": {"items": [{"reasonName": "globalInteractionReason", "summary": "This spot is popular", "type": "general"}], "count": 0}, "venue": {"hereNow": {"groups": [], "summary": "Nobody here", "count": 0}, "contact": {}, "photos": {"groups": [], "count": 0}, "name": "Proofer Pizza", "allowMenuUrlEdit": true, "beenHere": {"lastCheckinExpiredAt": 0, "count": 0, "marked": false}, "stats": {"checkinsCount": 116, "usersCount": 35, "tipCount": 2}, "id": "5298179d498e5448eb4e4aff", "categories": [{"pluralName": "Pizza Places", "id": "4bf58dd8d48988d1ca941735", "primary": true, "icon": {"prefix": "https://ss3.4sqi.net/img/categories_v2/food/pizza_", "suffix": ".png"}, "name": "Pizza Place", "shortName": "Pizza"}], "location": {"formattedAddress": ["Changi City Point", "Singapore"], "lat": 1.3338531451705347, "lng": 103.96267049134275, "distance": 173, "country": "Singapore", "cc": "SG", "address": "Changi City Point", "labeledLatLngs": [{"lng": 103.96267049134275, "label": "display", "lat": 1.3338531451705347}]}, "verified": false, "price": {"tier": 1, "currency": "$", "message": "Cheap"}}, "referralId": "e-3-5298179d498e5448eb4e4aff-40", "tips": [{"id": "56ee4e93cd10cd68d9a827a1", "text": "Reheat pizza here somehow doesnt work as it get all oilyyyyyyy.", "disagreeCount": 0, "createdAt": 1458458259, "logView": true, "todo": {"count": 0}, "agreeCount": 0, "canonicalUrl": "https://foursquare.com/item/56ee4e93cd10cd68d9a827a1", "type": "user", "user": {"gender": "male", "id": "2549520", "photo": {"prefix": "https://igx.4sqi.net/img/user/", "suffix": "/2549520_I23ywToQ_l9wN4MPjZRMsPgzOAXqBqNwiZNp5kBA7Xj2zbrgOXsd0N9HBQTncyM6NjzEPfdKs.jpg"}, "firstName": "Mathew", "lastName": "MadMax"}}]}, {"reasons": {"items": [{"reasonName": "globalInteractionReason", "summary": "This spot is popular", "type": "general"}], "count": 0}, "venue": {"hereNow": {"groups": [], "summary": "Nobody here", "count": 0}, "contact": {}, "photos": {"groups": [], "count": 0}, "name": "SaladStop!", "allowMenuUrlEdit": true, "beenHere": {"lastCheckinExpiredAt": 0, "count": 0, "marked": false}, "stats": {"checkinsCount": 33, "usersCount": 17, "tipCount": 0}, "id": "57726bdf498ebf530a18e811", "categories": [{"pluralName": "Salad Places", "id": "4bf58dd8d48988d1bd941735", "primary": true, "icon": {"prefix": "https://ss3.4sqi.net/img/categories_v2/food/salad_", "suffix": ".png"}, "name": "Salad Place", "shortName": "Salad"}], "location": {"formattedAddress": ["Singapore"], "lat": 1.3351508, "lng": 103.96408, "distance": 191, "country": "Singapore", "cc": "SG", "labeledLatLngs": [{"lng": 103.96408, "label": "display", "lat": 1.3351508}]}, "verified": false, "price": {"tier": 1, "currency": "$", "message": "Cheap"}}, "referralId": "e-3-57726bdf498ebf530a18e811-41"}, {"reasons": {"items": [{"reasonName": "globalInteractionReason", "summary": "This spot is popular", "type": "general"}], "count": 0}, "venue": {"hereNow": {"groups": [], "summary": "Nobody here", "count": 0}, "contact": {}, "photos": {"groups": [], "count": 0}, "name": "House of Mini", "allowMenuUrlEdit": true, "beenHere": {"lastCheckinExpiredAt": 0, "count": 0, "marked": false}, "stats": {"checkinsCount": 42, "usersCount": 27, "tipCount": 0}, "id": "4ed4b2e1775b45f6ed9e6ed6", "categories": [{"pluralName": "Bagel Shops", "id": "4bf58dd8d48988d179941735", "primary": true, "icon": {"prefix": "https://ss3.4sqi.net/img/categories_v2/food/bagels_", "suffix": ".png"}, "name": "Bagel Shop", "shortName": "Bagels"}], "location": {"formattedAddress": ["Changi City Point", "Singapore"], "lat": 1.334781010174672, "lng": 103.96219452103713, "distance": 69, "country": "Singapore", "cc": "SG", "address": "Changi City Point", "labeledLatLngs": [{"lng": 103.96219452103713, "label": "display", "lat": 1.334781010174672}]}, "verified": false, "price": {"tier": 1, "currency": "$", "message": "Cheap"}}, "referralId": "e-3-4ed4b2e1775b45f6ed9e6ed6-42"}, {"reasons": {"items": [{"reasonName": "globalInteractionReason", "summary": "This spot is popular", "type": "general"}], "count": 0}, "venue": {"hereNow": {"groups": [], "summary": "Nobody here", "count": 0}, "contact": {}, "photos": {"groups": [], "count": 0}, "name": "Souperlicious @ UE BizHub EAST", "allowMenuUrlEdit": true, "beenHere": {"lastCheckinExpiredAt": 0, "count": 0, "marked": false}, "stats": {"checkinsCount": 183, "usersCount": 14, "tipCount": 2}, "id": "50b34c3ae4b05ae90aced351", "categories": [{"pluralName": "Delis / Bodegas", "id": "4bf58dd8d48988d146941735", "primary": true, "icon": {"prefix": "https://ss3.4sqi.net/img/categories_v2/food/deli_", "suffix": ".png"}, "name": "Deli / Bodega", "shortName": "Deli / Bodega"}], "location": {"formattedAddress": ["Singapore"], "lat": 1.3349915593439305, "lng": 103.96389442252017, "distance": 174, "country": "Singapore", "cc": "SG", "labeledLatLngs": [{"lng": 103.96389442252017, "label": "display", "lat": 1.3349915593439305}]}, "verified": false, "price": {"tier": 1, "currency": "$", "message": "Cheap"}}, "referralId": "e-3-50b34c3ae4b05ae90aced351-43", "tips": [{"id": "52491317498e4ed367d4f114", "text": "Soup was hot....be careful and prevent burning ur lips n tongue", "disagreeCount": 0, "createdAt": 1380520727, "logView": true, "todo": {"count": 0}, "agreeCount": 0, "canonicalUrl": "https://foursquare.com/item/52491317498e4ed367d4f114", "type": "user", "user": {"gender": "male", "id": "54916438", "photo": {"prefix": "https://igx.4sqi.net/img/user/", "suffix": "/54916438-ZNVMWFDQSUVWT3PW.jpg"}, "firstName": "Aj", "lastName": "Verma"}}]}, {"reasons": {"items": [{"reasonName": "globalInteractionReason", "summary": "This spot is popular", "type": "general"}], "count": 0}, "venue": {"hereNow": {"groups": [], "summary": "Nobody here", "count": 0}, "contact": {}, "photos": {"groups": [], "count": 0}, "name": "Stuff'd", "allowMenuUrlEdit": true, "beenHere": {"lastCheckinExpiredAt": 0, "count": 0, "marked": false}, "stats": {"checkinsCount": 61, "usersCount": 24, "tipCount": 0}, "id": "58994eb453f5bb1ad82a9bcb", "categories": [{"pluralName": "Burrito Places", "id": "4bf58dd8d48988d153941735", "primary": true, "icon": {"prefix": "https://ss3.4sqi.net/img/categories_v2/food/burrito_", "suffix": ".png"}, "name": "Burrito Place", "shortName": "Burritos"}], "location": {"formattedAddress": ["Changi City Point", "Singapore"], "lat": 1.334168, "lng": 103.962509, "distance": 135, "country": "Singapore", "cc": "SG", "address": "Changi City Point", "labeledLatLngs": [{"lng": 103.962509, "label": "display", "lat": 1.334168}]}, "verified": false, "price": {"tier": 1, "currency": "$", "message": "Cheap"}}, "referralId": "e-3-58994eb453f5bb1ad82a9bcb-44"}, {"reasons": {"items": [{"reasonName": "globalInteractionReason", "summary": "This spot is popular", "type": "general"}], "count": 0}, "venue": {"hereNow": {"groups": [], "summary": "Nobody here", "count": 0}, "contact": {}, "photos": {"groups": [], "count": 0}, "name": "Perkies", "allowMenuUrlEdit": true, "beenHere": {"lastCheckinExpiredAt": 0, "count": 0, "marked": false}, "stats": {"checkinsCount": 63, "usersCount": 24, "tipCount": 2}, "id": "4f49e32ee4b0927ada39691d", "categories": [{"pluralName": "Snack Places", "id": "4bf58dd8d48988d1c7941735", "primary": true, "icon": {"prefix": "https://ss3.4sqi.net/img/categories_v2/food/snacks_", "suffix": ".png"}, "name": "Snack Place", "shortName": "Snacks"}], "location": {"lng": 103.96259116284453, "formattedAddress": ["#B1-20, Changi City Point (Changi South Ave 1)", "486038", "Singapore"], "postalCode": "486038", "lat": 1.3344529293279515, "crossStreet": "Changi South Ave 1", "country": "Singapore", "distance": 106, "city": "Singapore", "cc": "SG", "address": "#B1-20, Changi City Point", "labeledLatLngs": [{"lng": 103.96259116284453, "label": "display", "lat": 1.3344529293279515}]}, "verified": false, "price": {"tier": 1, "currency": "$", "message": "Cheap"}}, "referralId": "e-3-4f49e32ee4b0927ada39691d-45", "tips": [{"id": "51205e0ce4b0b3e2aab11dbd", "text": "Current promo: 5% off if you like their fb page, $1 off food if you get drinks!", "disagreeCount": 0, "logView": true, "createdAt": 1361075724, "likes": {"groups": [], "summary": "1 like", "count": 1}, "todo": {"count": 0}, "agreeCount": 1, "canonicalUrl": "https://foursquare.com/item/51205e0ce4b0b3e2aab11dbd", "type": "user", "user": {"gender": "female", "id": "1506426", "photo": {"prefix": "https://igx.4sqi.net/img/user/", "suffix": "/5VQTBAKMUZJPBP2N.jpg"}, "firstName": "Kristin", "lastName": "Loo"}}]}, {"reasons": {"items": [{"reasonName": "globalInteractionReason", "summary": "This spot is popular", "type": "general"}], "count": 0}, "venue": {"hereNow": {"groups": [], "summary": "Nobody here", "count": 0}, "contact": {}, "photos": {"groups": [], "count": 0}, "name": "EAT Business Pte Ltd", "allowMenuUrlEdit": true, "beenHere": {"lastCheckinExpiredAt": 0, "count": 0, "marked": false}, "stats": {"checkinsCount": 81, "usersCount": 19, "tipCount": 0}, "id": "4f13a8f8e4b0042056a6e34a", "categories": [{"pluralName": "Noodle Houses", "id": "4bf58dd8d48988d1d1941735", "primary": true, "icon": {"prefix": "https://ss3.4sqi.net/img/categories_v2/food/ramen_", "suffix": ".png"}, "name": "Noodle House", "shortName": "Noodles"}], "location": {"formattedAddress": ["#B1-50 Changi City Point", "Singapore"], "lat": 1.3343649103007262, "lng": 103.96254137358937, "distance": 114, "country": "Singapore", "cc": "SG", "address": "#B1-50 Changi City Point", "labeledLatLngs": [{"lng": 103.96254137358937, "label": "display", "lat": 1.3343649103007262}]}, "verified": false, "price": {"tier": 1, "currency": "$", "message": "Cheap"}}, "referralId": "e-3-4f13a8f8e4b0042056a6e34a-46"}, {"reasons": {"items": [{"reasonName": "globalInteractionReason", "summary": "This spot is popular", "type": "general"}], "count": 0}, "venue": {"hereNow": {"groups": [], "summary": "Nobody here", "count": 0}, "contact": {}, "photos": {"groups": [], "count": 0}, "name": "QQ Rice", "allowMenuUrlEdit": true, "beenHere": {"lastCheckinExpiredAt": 0, "count": 0, "marked": false}, "stats": {"checkinsCount": 65, "usersCount": 12, "tipCount": 0}, "id": "55e6d9e9498ed42f3144b8b7", "categories": [{"pluralName": "Vegetarian / Vegan Restaurants", "id": "4bf58dd8d48988d1d3941735", "primary": true, "icon": {"prefix": "https://ss3.4sqi.net/img/categories_v2/food/vegetarian_", "suffix": ".png"}, "name": "Vegetarian / Vegan Restaurant", "shortName": "Vegetarian / Vegan"}], "location": {"formattedAddress": ["Changi City Point", "Singapore"], "lat": 1.3344305574268576, "lng": 103.96251750070842, "distance": 107, "country": "Singapore", "cc": "SG", "address": "Changi City Point", "labeledLatLngs": [{"lng": 103.96251750070842, "label": "display", "lat": 1.3344305574268576}]}, "verified": false, "price": {"tier": 2, "currency": "$", "message": "Moderate"}}, "referralId": "e-3-55e6d9e9498ed42f3144b8b7-47"}, {"reasons": {"items": [{"reasonName": "globalInteractionReason", "summary": "This spot is popular", "type": "general"}], "count": 0}, "venue": {"hereNow": {"groups": [], "summary": "Nobody here", "count": 0}, "contact": {}, "photos": {"groups": [], "count": 0}, "name": "Wang Cafe", "allowMenuUrlEdit": true, "beenHere": {"lastCheckinExpiredAt": 0, "count": 0, "marked": false}, "stats": {"checkinsCount": 125, "usersCount": 66, "tipCount": 2}, "id": "4feffe32e4b02acbce19ed29", "categories": [{"pluralName": "Caf\u00e9s", "id": "4bf58dd8d48988d16d941735", "primary": true, "icon": {"prefix": "https://ss3.4sqi.net/img/categories_v2/food/cafe_", "suffix": ".png"}, "name": "Caf\u00e9", "shortName": "Caf\u00e9"}], "location": {"lng": 103.96345244612127, "formattedAddress": ["#01-51, UE Biz Hub East (8 Changi Business Park Ave 1)", "486018", "Singapore"], "postalCode": "486018", "lat": 1.335212028965592, "crossStreet": "8 Changi Business Park Ave 1", "country": "Singapore", "distance": 121, "city": "Singapore", "cc": "SG", "address": "#01-51, UE Biz Hub East", "labeledLatLngs": [{"lng": 103.96345244612127, "label": "display", "lat": 1.335212028965592}]}, "verified": false, "price": {"tier": 1, "currency": "$", "message": "Cheap"}}, "referralId": "e-3-4feffe32e4b02acbce19ed29-48", "tips": [{"id": "5797b72e498ef09089499a23", "text": "There's a FREE smartphone charging machine in front of this Cafe; good spot to charge the phone while dining or La Kopi-ing \ud83d\udc4d", "disagreeCount": 0, "createdAt": 1469560622, "logView": true, "todo": {"count": 0}, "agreeCount": 0, "canonicalUrl": "https://foursquare.com/item/5797b72e498ef09089499a23", "type": "user", "user": {"gender": "female", "id": "6306884", "photo": {"prefix": "https://igx.4sqi.net/img/user/", "suffix": "/6306884-L21LWV3MMZFIVU5F"}, "firstName": "Jess", "lastName": "Thia"}}]}, {"reasons": {"items": [{"reasonName": "globalInteractionReason", "summary": "This spot is popular", "type": "general"}], "count": 0}, "venue": {"hereNow": {"groups": [], "summary": "Nobody here", "count": 0}, "contact": {}, "photos": {"groups": [], "count": 0}, "name": "Kuriya Japanese Fresh Fish Market", "allowMenuUrlEdit": true, "beenHere": {"lastCheckinExpiredAt": 0, "count": 0, "marked": false}, "stats": {"checkinsCount": 144, "usersCount": 53, "tipCount": 1}, "id": "4f6d98c6e4b0463c93d64b9a", "categories": [{"pluralName": "Japanese Restaurants", "id": "4bf58dd8d48988d111941735", "primary": true, "icon": {"prefix": "https://ss3.4sqi.net/img/categories_v2/food/japanese_", "suffix": ".png"}, "name": "Japanese Restaurant", "shortName": "Japanese"}], "location": {"formattedAddress": ["Changi City Point", "Singapore"], "lat": 1.3344258534460236, "lng": 103.96249483544368, "distance": 107, "country": "Singapore", "cc": "SG", "address": "Changi City Point", "labeledLatLngs": [{"lng": 103.96249483544368, "label": "display", "lat": 1.3344258534460236}]}, "verified": false, "price": {"tier": 2, "currency": "$", "message": "Moderate"}}, "referralId": "e-3-4f6d98c6e4b0463c93d64b9a-49", "tips": [{"id": "51ffd460498e96417ba0348b", "text": "Cheap and good sushi!", "disagreeCount": 0, "createdAt": 1375720544, "logView": true, "todo": {"count": 0}, "agreeCount": 0, "canonicalUrl": "https://foursquare.com/item/51ffd460498e96417ba0348b", "type": "user", "user": {"gender": "female", "id": "3411205", "photo": {"prefix": "https://igx.4sqi.net/img/user/", "suffix": "/3411205-XHM32BEW50RGHJV4.jpg"}, "firstName": "Evelyn", "lastName": "Poh"}}]}], "name": "recommended", "type": "Recommended Places"}], "query": "food", "headerLocation": "Tampines"}}