{"meta": {"code": 200, "requestId": "595a3bb24c1f67704ed585cf"}, "response": {"suggestedFilters": {"filters": [{"name": "Open now", "key": "openNow"}], "header": "Tap to show:"}, "totalResults": 30, "headerFullLocation": "Bukit Timah, Singapore", "headerLocationGranularity": "neighborhood", "suggestedBounds": {"ne": {"lng": 103.79099517600449, "lat": 1.3428651279597672}, "sw": {"lng": 103.77661814174351, "lat": 1.328465113559753}}, "groups": [{"items": [{"reasons": {"items": [{"reasonName": "globalInteractionReason", "summary": "This spot is popular", "type": "general"}], "count": 0}, "venue": {"hereNow": {"groups": [], "summary": "Nobody here", "count": 0}, "contact": {"phone": "+6567627284", "formattedPhone": "+65 6762 7284"}, "photos": {"groups": [], "count": 0}, "rating": 7.4, "name": "Karu's Indian Banana Leaf Restaurant", "ratingSignals": 59, "allowMenuUrlEdit": true, "categories": [{"pluralName": "Indian Restaurants", "id": "4bf58dd8d48988d10f941735", "primary": true, "icon": {"prefix": "https://ss3.4sqi.net/img/categories_v2/food/indian_", "suffix": ".png"}, "name": "Indian Restaurant", "shortName": "Indian"}], "stats": {"checkinsCount": 1328, "usersCount": 818, "tipCount": 31}, "id": "4b47339cf964a520c32c26e3", "beenHere": {"lastCheckinExpiredAt": 0, "count": 0, "marked": false}, "ratingColor": "C5DE35", "location": {"lng": 103.78371119499207, "formattedAddress": ["#05-01, Sime Darby Centre (896 Dunearn Road)", "589472", "Singapore"], "postalCode": "589472", "lat": 1.3366702503621644, "crossStreet": "896 Dunearn Road", "country": "Singapore", "distance": 112, "city": "Singapore", "cc": "SG", "address": "#05-01, Sime Darby Centre", "labeledLatLngs": [{"lng": 103.78371119499207, "label": "display", "lat": 1.3366702503621644}]}, "hours": {"isLocalHoliday": false, "isOpen": false, "status": "Closed until 10:30 AM tomorrow"}, "verified": false, "price": {"tier": 2, "currency": "$", "message": "Moderate"}}, "referralId": "e-3-4b47339cf964a520c32c26e3-0", "tips": [{"id": "4bde9c7470c603bb181b9ab4", "text": "Nice food but you will smells like curry house after dining there.", "disagreeCount": 0, "logView": true, "createdAt": 1272880244, "likes": {"groups": [], "summary": "4 likes", "count": 4}, "todo": {"count": 0}, "agreeCount": 1, "canonicalUrl": "https://foursquare.com/item/4bde9c7470c603bb181b9ab4", "type": "user", "user": {"gender": "female", "id": "813183", "photo": {"prefix": "https://igx.4sqi.net/img/user/", "suffix": "/KYNHBESSWDXGBSKS.jpg"}, "firstName": "Jaw", "lastName": "B"}}]}, {"reasons": {"items": [{"reasonName": "globalInteractionReason", "summary": "This spot is popular", "type": "general"}], "count": 0}, "venue": {"hereNow": {"groups": [], "summary": "Nobody here", "count": 0}, "contact": {"phone": "+6564684886", "formattedPhone": "+65 6468 4886"}, "photos": {"groups": [], "count": 0}, "rating": 7.4, "name": "Capri Trattoria & Pizza", "ratingSignals": 16, "allowMenuUrlEdit": true, "categories": [{"pluralName": "Italian Restaurants", "id": "4bf58dd8d48988d110941735", "primary": true, "icon": {"prefix": "https://ss3.4sqi.net/img/categories_v2/food/italian_", "suffix": ".png"}, "name": "Italian Restaurant", "shortName": "Italian"}], "stats": {"checkinsCount": 795, "usersCount": 257, "tipCount": 19}, "id": "4e2e9cf222717d70585781a8", "beenHere": {"lastCheckinExpiredAt": 0, "count": 0, "marked": false}, "ratingColor": "C5DE35", "location": {"formattedAddress": ["3 Binjai Park", "589819", "Singapore"], "postalCode": "589819", "lat": 1.3357692732046278, "lng": 103.7864899635315, "country": "Singapore", "distance": 298, "city": "Singapore", "cc": "SG", "address": "3 Binjai Park", "labeledLatLngs": [{"lng": 103.7864899635315, "label": "display", "lat": 1.3357692732046278}]}, "hours": {"isLocalHoliday": false, "isOpen": true, "status": "Open until 10:30 PM"}, "verified": false, "price": {"tier": 2, "currency": "$", "message": "Moderate"}}, "referralId": "e-3-4e2e9cf222717d70585781a8-1", "tips": [{"id": "4e58cd8aaeb7d78d9f6d72db", "text": "Lava choc cake. It is served still a'flamin. We luv it so much, we ordered seconds! (I know, indulgent)", "disagreeCount": 0, "logView": true, "createdAt": 1314442634, "likes": {"groups": [], "summary": "2 likes", "count": 2}, "todo": {"count": 0}, "agreeCount": 2, "canonicalUrl": "https://foursquare.com/item/4e58cd8aaeb7d78d9f6d72db", "type": "user", "user": {"gender": "male", "id": "231366", "photo": {"prefix": "https://igx.4sqi.net/img/user/", "suffix": "/231366-Q2ZSAEF50GYUXPDA.jpg"}, "firstName": "Cheen", "lastName": "The Curious"}}]}, {"reasons": {"items": [{"reasonName": "globalInteractionReason", "summary": "This spot is popular", "type": "general"}], "count": 0}, "venue": {"hereNow": {"groups": [], "summary": "Nobody here", "count": 0}, "contact": {"phone": "+6564637800", "formattedPhone": "+65 6463 7800"}, "photos": {"groups": [], "count": 0}, "rating": 7.2, "name": "Peperoni Pizzeria", "ratingSignals": 65, "allowMenuUrlEdit": true, "categories": [{"pluralName": "Pizza Places", "id": "4bf58dd8d48988d1ca941735", "primary": true, "icon": {"prefix": "https://ss3.4sqi.net/img/categories_v2/food/pizza_", "suffix": ".png"}, "name": "Pizza Place", "shortName": "Pizza"}], "stats": {"checkinsCount": 3304, "usersCount": 1533, "tipCount": 33}, "id": "4d299d66c406721ebcc57cb6", "beenHere": {"lastCheckinExpiredAt": 0, "count": 0, "marked": false}, "url": "http://peperoni.com.sg", "ratingColor": "C5DE35", "location": {"formattedAddress": ["7 Binjai Park", "589821", "Singapore"], "postalCode": "589821", "lat": 1.3357022623517594, "lng": 103.78678750187066, "country": "Singapore", "distance": 331, "city": "Singapore", "cc": "SG", "address": "7 Binjai Park", "labeledLatLngs": [{"lng": 103.78678750187066, "label": "display", "lat": 1.3357022623517594}]}, "hours": {"isLocalHoliday": false, "isOpen": true, "status": "Open until 10:30 PM"}, "verified": false, "price": {"tier": 1, "currency": "$", "message": "Cheap"}}, "referralId": "e-3-4d299d66c406721ebcc57cb6-2", "tips": [{"id": "513345dee4b06bad5839c784", "text": "Bolognese linguine here is my comfort food. Thin crust pizzas here are amazing. Wish there's more parking spaces tho.", "disagreeCount": 0, "logView": true, "createdAt": 1362314718, "likes": {"groups": [], "summary": "2 likes", "count": 2}, "todo": {"count": 0}, "agreeCount": 2, "canonicalUrl": "https://foursquare.com/item/513345dee4b06bad5839c784", "type": "user", "user": {"gender": "female", "id": "198118", "photo": {"prefix": "https://igx.4sqi.net/img/user/", "suffix": "/W4TQ3VDEEPIPFTBK.jpg"}, "firstName": "Betty", "lastName": "Lim"}}]}, {"reasons": {"items": [{"reasonName": "globalInteractionReason", "summary": "This spot is popular", "type": "general"}], "count": 0}, "venue": {"hereNow": {"groups": [], "summary": "Nobody here", "count": 0}, "contact": {"phone": "+6564683060", "formattedPhone": "+65 6468 3060"}, "photos": {"groups": [], "count": 0}, "rating": 7.1, "name": "Ivin's Restaurant", "ratingSignals": 84, "allowMenuUrlEdit": true, "categories": [{"pluralName": "Chinese Restaurants", "id": "4bf58dd8d48988d145941735", "primary": true, "icon": {"prefix": "https://ss3.4sqi.net/img/categories_v2/food/asian_", "suffix": ".png"}, "name": "Chinese Restaurant", "shortName": "Chinese"}], "stats": {"checkinsCount": 2062, "usersCount": 1249, "tipCount": 56}, "id": "4b058812f964a520e1af22e3", "beenHere": {"lastCheckinExpiredAt": 0, "count": 0, "marked": false}, "url": "http://www.ivins.com.sg", "ratingColor": "C5DE35", "location": {"formattedAddress": ["19/21 Binjai Park", "589827", "Singapore"], "postalCode": "589827", "lat": 1.33629617836782, "lng": 103.7869799086902, "country": "Singapore", "distance": 360, "city": "Singapore", "cc": "SG", "address": "19/21 Binjai Park", "labeledLatLngs": [{"lng": 103.7869799086902, "label": "display", "lat": 1.33629617836782}]}, "hours": {"isLocalHoliday": false, "isOpen": true, "status": "Likely open"}, "verified": false, "price": {"tier": 1, "currency": "$", "message": "Cheap"}}, "referralId": "e-3-4b058812f964a520e1af22e3-3", "tips": [{"id": "50308795e4b0e2ee607e61f1", "text": "Ivin's is kinda bad now. The waiters' attitude and attentiveness irks me. And the food portion is smaller compared to last time.  They served most of the food to a table who came later than us.", "disagreeCount": 0, "logView": true, "createdAt": 1345357717, "likes": {"groups": [], "summary": "2 likes", "count": 2}, "todo": {"count": 0}, "agreeCount": 2, "canonicalUrl": "https://foursquare.com/item/50308795e4b0e2ee607e61f1", "type": "user", "user": {"gender": "male", "id": "1361456", "photo": {"prefix": "https://igx.4sqi.net/img/user/", "suffix": "/1361456-4MZEFIATEY3WRCWM.jpg"}, "firstName": "J Ken", "lastName": "Tan"}}]}, {"reasons": {"items": [{"reasonName": "globalInteractionReason", "summary": "This spot is popular", "type": "general"}], "count": 0}, "venue": {"hereNow": {"groups": [], "summary": "Nobody here", "count": 0}, "contact": {"facebook": "721907871253161", "facebookUsername": "riseandgrindco", "facebookName": "Rise & Grind Coffee Co.", "phone": "+6591548550", "formattedPhone": "+65 9154 8550"}, "photos": {"groups": [], "count": 0}, "rating": 7.5, "name": "Rise & Grind Coffee Co.", "ratingSignals": 40, "allowMenuUrlEdit": true, "categories": [{"pluralName": "Caf\u00e9s", "id": "4bf58dd8d48988d16d941735", "primary": true, "icon": {"prefix": "https://ss3.4sqi.net/img/categories_v2/food/cafe_", "suffix": ".png"}, "name": "Caf\u00e9", "shortName": "Caf\u00e9"}], "stats": {"checkinsCount": 487, "usersCount": 309, "tipCount": 13}, "id": "5538aca2498e04e9277c760f", "beenHere": {"lastCheckinExpiredAt": 0, "count": 0, "marked": false}, "ratingColor": "C5DE35", "location": {"formattedAddress": ["#L1-CA1, 1 Jalan Anak Bukit", "588996", "Singapore"], "postalCode": "588996", "lat": 1.3384649377676348, "lng": 103.77897262188814, "country": "Singapore", "distance": 621, "city": "Singapore", "cc": "SG", "address": "#L1-CA1, 1 Jalan Anak Bukit", "labeledLatLngs": [{"lng": 103.77897262188814, "label": "display", "lat": 1.3384649377676348}]}, "hours": {"isLocalHoliday": false, "isOpen": true, "status": "Open until 9:00 PM"}, "verified": false, "price": {"tier": 1, "currency": "$", "message": "Cheap"}}, "referralId": "e-3-5538aca2498e04e9277c760f-4", "tips": [{"id": "55c6fea5498ec33cb1a870e3", "text": "WiFi password: Espresso", "disagreeCount": 0, "logView": true, "createdAt": 1439104677, "likes": {"groups": [], "summary": "2 likes", "count": 2}, "todo": {"count": 0}, "agreeCount": 3, "canonicalUrl": "https://foursquare.com/item/55c6fea5498ec33cb1a870e3", "type": "user", "user": {"gender": "male", "id": "368939", "photo": {"prefix": "https://igx.4sqi.net/img/user/", "suffix": "/OHA0XRX333431ZED.jpg"}, "firstName": "Garry", "lastName": "Goh"}}]}, {"reasons": {"items": [{"reasonName": "globalInteractionReason", "summary": "This spot is popular", "type": "general"}], "count": 0}, "venue": {"contact": {}, "photos": {"groups": [], "count": 0}, "rating": 6.7, "name": "Hup Choon Eating House", "ratingSignals": 51, "allowMenuUrlEdit": true, "categories": [{"pluralName": "Food Courts", "id": "4bf58dd8d48988d120951735", "primary": true, "icon": {"prefix": "https://ss3.4sqi.net/img/categories_v2/shops/food_foodcourt_", "suffix": ".png"}, "name": "Food Court", "shortName": "Food Court"}], "stats": {"checkinsCount": 2672, "usersCount": 541, "tipCount": 27}, "id": "4b7010edf964a520af052de3", "beenHere": {"lastCheckinExpiredAt": 0, "count": 0, "marked": false}, "ratingColor": "FFC800", "location": {"formattedAddress": ["1 Binjai Park", "589818", "Singapore"], "postalCode": "589818", "lat": 1.3361339544748623, "lng": 103.786401450634, "country": "Singapore", "distance": 293, "city": "Singapore", "cc": "SG", "address": "1 Binjai Park", "labeledLatLngs": [{"lng": 103.786401450634, "label": "display", "lat": 1.3361339544748623}]}, "hours": {"isLocalHoliday": false, "isOpen": true, "status": "Likely open"}, "verified": false, "hereNow": {"groups": [{"items": [], "name": "Other people here", "count": 1, "type": "others"}], "summary": "One other person is here", "count": 1}}, "referralId": "e-3-4b7010edf964a520af052de3-5", "tips": [{"id": "4c787b5fdf08a1cd1dcad75d", "text": "No. 2 roasted duck on my list. Yummy!", "disagreeCount": 0, "logView": true, "createdAt": 1282964319, "likes": {"groups": [], "summary": "5 likes", "count": 5}, "todo": {"count": 0}, "agreeCount": 1, "canonicalUrl": "https://foursquare.com/item/4c787b5fdf08a1cd1dcad75d", "type": "user", "user": {"gender": "female", "id": "2205700", "photo": {"prefix": "https://igx.4sqi.net/img/user/", "suffix": "/YLRITNGCM12FOV52.jpg"}, "firstName": "Gloria", "lastName": "T"}}]}, {"reasons": {"items": [{"reasonName": "globalInteractionReason", "summary": "This spot is popular", "type": "general"}], "count": 0}, "venue": {"hereNow": {"groups": [], "summary": "Nobody here", "count": 0}, "contact": {"phone": "+6564691166", "formattedPhone": "+65 6469 1166"}, "photos": {"groups": [], "count": 0}, "rating": 6.8, "name": "Nonya Delicatessen", "ratingSignals": 41, "allowMenuUrlEdit": true, "categories": [{"pluralName": "Asian Restaurants", "id": "4bf58dd8d48988d142941735", "primary": true, "icon": {"prefix": "https://ss3.4sqi.net/img/categories_v2/food/asian_", "suffix": ".png"}, "name": "Asian Restaurant", "shortName": "Asian"}], "stats": {"checkinsCount": 442, "usersCount": 268, "tipCount": 34}, "id": "4c0c7e0a98102d7fbbd5e006", "beenHere": {"lastCheckinExpiredAt": 0, "count": 0, "marked": false}, "ratingColor": "FFC800", "location": {"lng": 103.77865007684994, "formattedAddress": ["#B1-K69 Bukit Timah Plaza (1 Jalan Anak Bukit)", "588996", "Singapore"], "postalCode": "588996", "lat": 1.338811046044057, "crossStreet": "1 Jalan Anak Bukit", "country": "Singapore", "distance": 672, "city": "Singapore", "cc": "SG", "address": "#B1-K69 Bukit Timah Plaza", "labeledLatLngs": [{"lng": 103.77865007684994, "label": "display", "lat": 1.338811046044057}]}, "hours": {"isLocalHoliday": false, "isOpen": false, "status": "Closed until 11:30 AM tomorrow"}, "verified": false, "price": {"tier": 2, "currency": "$", "message": "Moderate"}}, "referralId": "e-3-4c0c7e0a98102d7fbbd5e006-6", "tips": [{"id": "4d8c2c08599b54811cd222b2", "text": "Given the relative size of the stall and the menu being offered in the quantities demanded by the customers, something had to give. I'll accept the plastic for great stuff that Damian serves.", "disagreeCount": 0, "logView": true, "createdAt": 1301031944, "likes": {"groups": [], "summary": "3 likes", "count": 3}, "todo": {"count": 0}, "agreeCount": 3, "canonicalUrl": "https://foursquare.com/item/4d8c2c08599b54811cd222b2", "type": "user", "user": {"gender": "male", "id": "234324", "photo": {"prefix": "https://igx.4sqi.net/img/user/", "suffix": "/FIH1ERWONCZI4K3D.jpg"}, "firstName": "gerard", "lastName": "t"}}]}, {"reasons": {"items": [{"reasonName": "globalInteractionReason", "summary": "This spot is popular", "type": "general"}], "count": 0}, "venue": {"hereNow": {"groups": [], "summary": "Nobody here", "count": 0}, "contact": {"phone": "+6564675992", "formattedPhone": "+65 6467 5992"}, "photos": {"groups": [], "count": 0}, "rating": 6.6, "name": "Saizeriya Ristorante E Caffe", "ratingSignals": 33, "allowMenuUrlEdit": true, "categories": [{"pluralName": "Italian Restaurants", "id": "4bf58dd8d48988d110941735", "primary": true, "icon": {"prefix": "https://ss3.4sqi.net/img/categories_v2/food/italian_", "suffix": ".png"}, "name": "Italian Restaurant", "shortName": "Italian"}], "stats": {"checkinsCount": 2608, "usersCount": 1325, "tipCount": 17}, "id": "4e7aa513e4cdc9ce980d5344", "beenHere": {"lastCheckinExpiredAt": 0, "count": 0, "marked": false}, "ratingColor": "FFC800", "location": {"lng": 103.77898959796421, "formattedAddress": ["#02-24C, Bukit Timah Plaza (1 Jalan Anak Bukit)", "588996", "Singapore"], "postalCode": "588996", "lat": 1.339293884733159, "crossStreet": "1 Jalan Anak Bukit", "country": "Singapore", "distance": 671, "city": "Singapore", "cc": "SG", "address": "#02-24C, Bukit Timah Plaza", "labeledLatLngs": [{"lng": 103.77898959796421, "label": "display", "lat": 1.339293884733159}]}, "hours": {"isLocalHoliday": false, "isOpen": true, "status": "Open until 10:00 PM"}, "verified": false, "price": {"tier": 2, "currency": "$", "message": "Moderate"}}, "referralId": "e-3-4e7aa513e4cdc9ce980d5344-7", "tips": [{"logView": true, "createdAt": 1335348872, "todo": {"count": 0}, "agreeCount": 3, "likes": {"groups": [], "summary": "3 likes", "count": 3}, "id": "4f97ce88e4b06330b56fd57c", "text": "Shockingly cheap Japanese-Italian food. Give the squid ink pasta a miss though. Pictures and review at http://sparklette.net/food/saizeriya-ristorante/", "entities": [{"indices": [103, 151], "type": "url", "object": {"url": "http://sparklette.net/food/saizeriya-ristorante/"}}], "disagreeCount": 0, "url": "http://sparklette.net/food/saizeriya-ristorante/", "user": {"id": "286427", "photo": {"prefix": "https://igx.4sqi.net/img/user/", "suffix": "/BQODELOYU34CMCTJ.jpg"}, "firstName": "Veron @ Sparklette.net", "gender": "female"}, "canonicalUrl": "https://foursquare.com/item/4f97ce88e4b06330b56fd57c", "type": "user"}]}, {"reasons": {"items": [{"reasonName": "globalInteractionReason", "summary": "This spot is popular", "type": "general"}], "count": 0}, "venue": {"hereNow": {"groups": [], "summary": "Nobody here", "count": 0}, "contact": {}, "photos": {"groups": [], "count": 0}, "rating": 6.2, "name": "Subway", "ratingSignals": 8, "allowMenuUrlEdit": true, "categories": [{"pluralName": "Sandwich Places", "id": "4bf58dd8d48988d1c5941735", "primary": true, "icon": {"prefix": "https://ss3.4sqi.net/img/categories_v2/food/deli_", "suffix": ".png"}, "name": "Sandwich Place", "shortName": "Sandwiches"}], "stats": {"checkinsCount": 946, "usersCount": 498, "tipCount": 2}, "id": "4bcd0fdffb84c9b6369e213e", "beenHere": {"lastCheckinExpiredAt": 0, "count": 0, "marked": false}, "ratingColor": "FFC800", "location": {"lng": 103.7787349570482, "formattedAddress": ["B2, Bukit Timah Plaza (1 Jalan Anak Bukit)", "588996", "Singapore"], "postalCode": "588996", "lat": 1.3386818594510586, "crossStreet": "1 Jalan Anak Bukit", "country": "Singapore", "distance": 656, "city": "Singapore", "cc": "SG", "address": "B2, Bukit Timah Plaza", "labeledLatLngs": [{"lng": 103.7787349570482, "label": "display", "lat": 1.3386818594510586}]}, "hours": {"isLocalHoliday": false, "isOpen": true, "status": "Likely open"}, "verified": false, "price": {"tier": 1, "currency": "$", "message": "Cheap"}}, "referralId": "e-3-4bcd0fdffb84c9b6369e213e-8", "tips": [{"id": "4e48e8a2ae60fa72331318fa", "text": "The staff here are very friendly. :)", "disagreeCount": 0, "logView": true, "createdAt": 1313400994, "likes": {"groups": [], "summary": "1 like", "count": 1}, "todo": {"count": 0}, "agreeCount": 1, "canonicalUrl": "https://foursquare.com/item/4e48e8a2ae60fa72331318fa", "type": "user", "user": {"gender": "female", "id": "9307927", "photo": {"prefix": "https://igx.4sqi.net/img/user/", "suffix": "/XTI5BMS3JA21FY2I.jpg"}, "firstName": "Jasmin", "lastName": "Tan"}}]}, {"reasons": {"items": [{"reasonName": "globalInteractionReason", "summary": "This spot is popular", "type": "general"}], "count": 0}, "venue": {"hereNow": {"groups": [], "summary": "Nobody here", "count": 0}, "contact": {}, "photos": {"groups": [], "count": 0}, "name": "Maple Cafe @maplewoods bukit timah", "allowMenuUrlEdit": true, "beenHere": {"lastCheckinExpiredAt": 0, "count": 0, "marked": false}, "stats": {"checkinsCount": 118, "usersCount": 56, "tipCount": 5}, "id": "4bb58c566edc76b06ce22f1c", "categories": [{"pluralName": "Caf\u00e9s", "id": "4bf58dd8d48988d16d941735", "primary": true, "icon": {"prefix": "https://ss3.4sqi.net/img/categories_v2/food/cafe_", "suffix": ".png"}, "name": "Caf\u00e9", "shortName": "Caf\u00e9"}], "location": {"formattedAddress": ["Maple woods, bukit timah", "589630", "Singapore"], "postalCode": "589630", "lat": 1.334296, "lng": 103.784392, "country": "Singapore", "distance": 165, "city": "Singapore", "cc": "SG", "address": "Maple woods, bukit timah", "labeledLatLngs": [{"lng": 103.784392, "label": "display", "lat": 1.334296}]}, "verified": false, "price": {"tier": 1, "currency": "$", "message": "Cheap"}}, "referralId": "e-3-4bb58c566edc76b06ce22f1c-9", "tips": [{"id": "4ef3fa7702d574894f68b059", "text": "The Thai beef rice is delicious and a bargain at only $6.  Best of all they'll bring it to you pool side!", "disagreeCount": 0, "logView": true, "createdAt": 1324612215, "likes": {"groups": [], "summary": "1 like", "count": 1}, "todo": {"count": 0}, "agreeCount": 1, "canonicalUrl": "https://foursquare.com/item/4ef3fa7702d574894f68b059", "type": "user", "user": {"gender": "female", "id": "1009414", "photo": {"prefix": "https://igx.4sqi.net/img/user/", "suffix": "/PLXRGBRCU5PJFBBS.jpg"}, "firstName": "Tammy", "lastName": "Cowan - Learn"}}]}, {"reasons": {"items": [{"reasonName": "globalInteractionReason", "summary": "This spot is popular", "type": "general"}], "count": 0}, "venue": {"hereNow": {"groups": [], "summary": "Nobody here", "count": 0}, "contact": {}, "photos": {"groups": [], "count": 0}, "name": "Rusnah's Cafe", "allowMenuUrlEdit": true, "beenHere": {"lastCheckinExpiredAt": 0, "count": 0, "marked": false}, "stats": {"checkinsCount": 146, "usersCount": 33, "tipCount": 3}, "id": "4d4637293616b60cd0f4f5c2", "categories": [{"pluralName": "Malay Restaurants", "id": "4bf58dd8d48988d156941735", "primary": true, "icon": {"prefix": "https://ss3.4sqi.net/img/categories_v2/food/malaysian_", "suffix": ".png"}, "name": "Malay Restaurant", "shortName": "Malay"}], "location": {"lng": 103.78363609313965, "formattedAddress": ["#05-01A, Sime Darby Centre (896 Dunearn Road)", "589472", "Singapore"], "postalCode": "589472", "lat": 1.3365200875255174, "crossStreet": "896 Dunearn Road", "country": "Singapore", "distance": 97, "city": "Singapore", "cc": "SG", "address": "#05-01A, Sime Darby Centre", "labeledLatLngs": [{"lng": 103.78363609313965, "label": "display", "lat": 1.3365200875255174}]}, "hours": {"isLocalHoliday": false, "isOpen": false, "status": "Closed until 9:00 AM tomorrow"}, "verified": false, "price": {"tier": 2, "currency": "$", "message": "Moderate"}}, "referralId": "e-3-4d4637293616b60cd0f4f5c2-10", "tips": [{"id": "5295890611d2047bbc276f47", "text": "Kuah lemak damn nice", "disagreeCount": 0, "logView": true, "createdAt": 1385531654, "likes": {"groups": [], "summary": "2 likes", "count": 2}, "todo": {"count": 1}, "agreeCount": 2, "canonicalUrl": "https://foursquare.com/item/5295890611d2047bbc276f47", "type": "user", "user": {"gender": "male", "id": "64791564", "photo": {"prefix": "https://igx.4sqi.net/img/user/", "suffix": "/64791564-BAXYSVY4XFD5MPVJ.jpg"}, "firstName": "Prasad", "lastName": "\u200eManiraja"}}]}, {"reasons": {"items": [{"reasonName": "globalInteractionReason", "summary": "This spot is popular", "type": "general"}], "count": 0}, "venue": {"hereNow": {"groups": [], "summary": "Nobody here", "count": 0}, "contact": {"phone": "+6562197077", "formattedPhone": "+65 6219 7077"}, "photos": {"groups": [], "count": 0}, "rating": 5.5, "name": "ToTT Bistro", "ratingSignals": 22, "allowMenuUrlEdit": true, "categories": [{"pluralName": "Restaurants", "id": "4bf58dd8d48988d1c4941735", "primary": true, "icon": {"prefix": "https://ss3.4sqi.net/img/categories_v2/food/default_", "suffix": ".png"}, "name": "Restaurant", "shortName": "Restaurant"}], "stats": {"checkinsCount": 919, "usersCount": 426, "tipCount": 11}, "id": "4d3e74cd8edf3704ff05c4a5", "beenHere": {"lastCheckinExpiredAt": 0, "count": 0, "marked": false}, "url": "http://www.tottstore.com", "ratingColor": "FF9600", "location": {"lng": 103.78337860107422, "formattedAddress": ["#01-01, Sime Darby Centre (896 Dunearn Rd.)", "589472", "Singapore"], "postalCode": "589472", "lat": 1.336562991194065, "crossStreet": "896 Dunearn Rd.", "country": "Singapore", "distance": 110, "city": "Bukit Timah", "cc": "SG", "address": "#01-01, Sime Darby Centre", "labeledLatLngs": [{"lng": 103.78337860107422, "label": "display", "lat": 1.336562991194065}]}, "hours": {"isLocalHoliday": false, "isOpen": true, "status": "Open until 9:00 PM"}, "verified": false, "price": {"tier": 2, "currency": "$", "message": "Moderate"}}, "referralId": "e-3-4d3e74cd8edf3704ff05c4a5-11", "tips": [{"id": "50697e49e4b01437ca5ccf53", "text": "Chef's Paradise - so glad to find my gas cartridges here! Staff is very friendly. Good shopping experience. The bistro isn't great though", "disagreeCount": 0, "logView": true, "createdAt": 1349090889, "likes": {"groups": [], "summary": "2 likes", "count": 2}, "todo": {"count": 0}, "agreeCount": 2, "canonicalUrl": "https://foursquare.com/item/50697e49e4b01437ca5ccf53", "type": "user", "user": {"gender": "female", "id": "5510076", "photo": {"prefix": "https://igx.4sqi.net/img/user/", "suffix": "/5510076_SpxNT6nQ_mxIyyq9gE_RsLluyWHyIgaVkK2tBHZ43A314UZpuCMw56_CFSpIJ7pAN5H94oZ5G.jpg"}, "firstName": "Wannie", "lastName": "M"}}]}, {"reasons": {"items": [{"reasonName": "globalInteractionReason", "summary": "This spot is popular", "type": "general"}], "count": 0}, "venue": {"id": "4c8f1523d2aea093b7c6d369", "hereNow": {"groups": [], "summary": "Nobody here", "count": 0}, "contact": {}, "beenHere": {"lastCheckinExpiredAt": 0, "count": 0, "marked": false}, "photos": {"groups": [], "count": 0}, "name": "Teck Hin Eating House", "location": {"formattedAddress": ["5 Binjai Park", "Singapore"], "lat": 1.3357478213635094, "lng": 103.78651142120361, "state": "Singapore", "country": "Singapore", "distance": 301, "city": "Bukit Timah", "cc": "SG", "address": "5 Binjai Park", "labeledLatLngs": [{"lng": 103.78651142120361, "label": "display", "lat": 1.3357478213635094}]}, "allowMenuUrlEdit": true, "verified": false, "categories": [{"pluralName": "Food Courts", "id": "4bf58dd8d48988d120951735", "primary": true, "icon": {"prefix": "https://ss3.4sqi.net/img/categories_v2/shops/food_foodcourt_", "suffix": ".png"}, "name": "Food Court", "shortName": "Food Court"}], "stats": {"checkinsCount": 184, "usersCount": 50, "tipCount": 0}}, "referralId": "e-3-4c8f1523d2aea093b7c6d369-12"}, {"reasons": {"items": [{"reasonName": "globalInteractionReason", "summary": "This spot is popular", "type": "general"}], "count": 0}, "venue": {"hereNow": {"groups": [], "summary": "Nobody here", "count": 0}, "contact": {}, "photos": {"groups": [], "count": 0}, "name": "Food Truck @ Timah", "allowMenuUrlEdit": true, "beenHere": {"lastCheckinExpiredAt": 0, "count": 0, "marked": false}, "stats": {"checkinsCount": 85, "usersCount": 19, "tipCount": 0}, "id": "4d5b99562a31a1cd29773ef1", "categories": [{"pluralName": "Food Trucks", "id": "4bf58dd8d48988d1cb941735", "primary": true, "icon": {"prefix": "https://ss3.4sqi.net/img/categories_v2/food/streetfood_", "suffix": ".png"}, "name": "Food Truck", "shortName": "Food Truck"}], "location": {"formattedAddress": ["Singapore"], "lat": 1.337925, "lng": 103.779349, "distance": 556, "country": "Singapore", "cc": "SG", "labeledLatLngs": [{"lng": 103.779349, "label": "display", "lat": 1.337925}]}, "verified": false, "price": {"tier": 1, "currency": "$", "message": "Cheap"}}, "referralId": "e-3-4d5b99562a31a1cd29773ef1-13"}, {"reasons": {"items": [{"reasonName": "globalInteractionReason", "summary": "This spot is popular", "type": "general"}], "count": 0}, "venue": {"hereNow": {"groups": [], "summary": "Nobody here", "count": 0}, "contact": {}, "photos": {"groups": [], "count": 0}, "name": "Fresh 8 To 8 Cafeteria", "allowMenuUrlEdit": true, "beenHere": {"lastCheckinExpiredAt": 0, "count": 0, "marked": false}, "stats": {"checkinsCount": 89, "usersCount": 12, "tipCount": 1}, "id": "4cb53914b315a09301459376", "categories": [{"pluralName": "Asian Restaurants", "id": "4bf58dd8d48988d142941735", "primary": true, "icon": {"prefix": "https://ss3.4sqi.net/img/categories_v2/food/asian_", "suffix": ".png"}, "name": "Asian Restaurant", "shortName": "Asian"}], "location": {"formattedAddress": ["911 Bukit Timah Road", "Singapore"], "lat": 1.3333334471092368, "lng": 103.78840033224124, "country": "Singapore", "distance": 573, "city": "Singapore", "cc": "SG", "address": "911 Bukit Timah Road", "labeledLatLngs": [{"lng": 103.78840033224124, "label": "display", "lat": 1.3333334471092368}]}, "verified": false, "price": {"tier": 2, "currency": "$", "message": "Moderate"}}, "referralId": "e-3-4cb53914b315a09301459376-14", "tips": [{"id": "4d6c774dd257f04d2386bb49", "text": "Eat the veg rice before 12pm as they sell out fast.", "disagreeCount": 0, "createdAt": 1298954061, "logView": true, "todo": {"count": 0}, "agreeCount": 0, "canonicalUrl": "https://foursquare.com/item/4d6c774dd257f04d2386bb49", "type": "user", "user": {"gender": "male", "id": "1417410", "photo": {"prefix": "https://igx.4sqi.net/img/user/", "suffix": "/IQR5C2WKI3CRSYRN.jpg"}, "firstName": "Michael", "lastName": "Xu"}}]}, {"reasons": {"items": [{"reasonName": "globalInteractionReason", "summary": "This spot is popular", "type": "general"}], "count": 0}, "venue": {"hereNow": {"groups": [], "summary": "Nobody here", "count": 0}, "contact": {}, "photos": {"groups": [], "count": 0}, "name": "Platypus Family Kitchen", "allowMenuUrlEdit": true, "beenHere": {"lastCheckinExpiredAt": 0, "count": 0, "marked": false}, "stats": {"checkinsCount": 190, "usersCount": 113, "tipCount": 2}, "id": "501b4c93e4b01e6a90af7eb2", "categories": [{"pluralName": "Restaurants", "id": "4bf58dd8d48988d1c4941735", "primary": true, "icon": {"prefix": "https://ss3.4sqi.net/img/categories_v2/food/default_", "suffix": ".png"}, "name": "Restaurant", "shortName": "Restaurant"}], "location": {"lng": 103.7787575917768, "formattedAddress": ["#02-01B, Bukit Timah Plaza (1 Jalan Anak Bukit)", "588996", "Singapore"], "postalCode": "588996", "lat": 1.3379413386562373, "crossStreet": "1 Jalan Anak Bukit", "country": "Singapore", "distance": 616, "city": "Singapore", "cc": "SG", "address": "#02-01B, Bukit Timah Plaza", "labeledLatLngs": [{"lng": 103.7787575917768, "label": "display", "lat": 1.3379413386562373}]}, "hours": {"isLocalHoliday": false, "isOpen": false, "status": "Closed until 11:30 AM tomorrow"}, "verified": false, "price": {"tier": 2, "currency": "$", "message": "Moderate"}}, "referralId": "e-3-501b4c93e4b01e6a90af7eb2-15", "tips": [{"id": "542bcbbe498ea8e5896be022", "text": "The chicken chop here is, hands down, the best I've ever tasted.", "disagreeCount": 0, "createdAt": 1412156350, "logView": true, "todo": {"count": 0}, "agreeCount": 0, "canonicalUrl": "https://foursquare.com/item/542bcbbe498ea8e5896be022", "type": "user", "user": {"gender": "male", "id": "569634", "photo": {"prefix": "https://igx.4sqi.net/img/user/", "suffix": "/VU1V1SCW4S35GGFP.jpg"}, "firstName": "Kee Min", "lastName": "Lim"}}]}, {"reasons": {"items": [{"reasonName": "globalInteractionReason", "summary": "This spot is popular", "type": "general"}], "count": 0}, "venue": {"hereNow": {"groups": [], "summary": "Nobody here", "count": 0}, "contact": {}, "photos": {"groups": [], "count": 0}, "name": "\u540d\u5bb6 (Ming Jia) \uba85\uac00 II Korean BBQ", "allowMenuUrlEdit": true, "beenHere": {"lastCheckinExpiredAt": 0, "count": 0, "marked": false}, "stats": {"checkinsCount": 61, "usersCount": 37, "tipCount": 2}, "id": "53d249cc498e53e973aa85a0", "categories": [{"pluralName": "Korean Restaurants", "id": "4bf58dd8d48988d113941735", "primary": true, "icon": {"prefix": "https://ss3.4sqi.net/img/categories_v2/food/korean_", "suffix": ".png"}, "name": "Korean Restaurant", "shortName": "Korean"}], "location": {"lng": 103.77917633494214, "formattedAddress": ["B1-55, Bukit Timah Plaza (1 Jalan Anak Bukit)", "588996", "Singapore"], "postalCode": "588996", "lat": 1.3388956709082542, "crossStreet": "1 Jalan Anak Bukit", "country": "Singapore", "distance": 628, "city": "Singapore", "cc": "SG", "address": "B1-55, Bukit Timah Plaza", "labeledLatLngs": [{"lng": 103.77917633494214, "label": "display", "lat": 1.3388956709082542}]}, "verified": false, "price": {"tier": 2, "currency": "$", "message": "Moderate"}}, "referralId": "e-3-53d249cc498e53e973aa85a0-16", "tips": [{"logView": true, "photo": {"id": "57404ea7498e91d7f87169ad", "visibility": "public", "source": {"name": "Foursquare for Android", "url": "https://foursquare.com/download/#/android"}, "suffix": "/191574374_QLu-TO8wF9rKK6epjAUjsf6KWcbk6_mJMQFJcQ19aqo.jpg", "createdAt": 1463832231, "prefix": "https://igx.4sqi.net/img/general/", "width": 960, "height": 540}, "createdAt": 1463832230, "agreeCount": 0, "id": "57404ea6cd107d04190f8380", "text": "\uc2f1\uac00\ud3ec\ub974\uc5d0\uc11c \ub9db\uc9d1\uc73c\ub85c \uc18c\ubb38\ub09c\uc9d1, \uc138\ubc88\uc9f8\ubc29\ubb38\uc73c\ub85c  \uc2dd\uc0ac\ud6c4 \ub3c8\uac00\uc2a4\uc640 \ub099\uc9c0\ub36e\ubc25\uc744 \ud3ec\uc7a5\uc8fc\ubb38\ud588\uc2b5\ub2c8\ub2e4. \ub3c8\uac00\uc2a4\ud3ec\uc7a5\uc740 \ucc98\uc74c\uc774\ub77c \uc18c\uc2a4\ub97c \ub109\ub109\ud788\ub2ec\ub77c\ud588\ub294\ub370 \uac71\uc815\ub9d0\ub77c\uace0 \ud558\ub354\ub2c8 \uc9d1\uc5d0\uc640\uc11c \ubcf4\ub2c8 \ub3c8\uac00\uc2a4\uc18c\uc2a4\uac00 \uc5c6\uc5b4\uc694 \uc804\ud654\ud588\ub354\ub2c8 \ubbf8\uc548\ud558\ub2e4\uace0\ub9cc \ud558\ub2c8 \uc774\uac78 \uba39\uc73c\ub77c\ub294\uac74\uc9c0....\uc5b4\uca4c\ub77c\ub294 \uac74\uc9c0...\ub2e4\uc74c\uc5d0 \ubc29\ubb38\ud574\uc11c \ubb50\ub77c\ud558\ub294\uc9c0 \ud55c\ubc88 \ubd10\uc57c\uaca0\ub124\uc694.", "type": "user", "disagreeCount": 0, "user": {"gender": "female", "id": "191574374", "photo": {"prefix": "https://igx.4sqi.net/img/user/", "suffix": "/191574374-3OUGNKZS3LGSCURO.jpg"}, "firstName": "\ud6a8\uc9c4", "lastName": "\uae40"}, "canonicalUrl": "https://foursquare.com/item/57404ea6cd107d04190f8380", "todo": {"count": 0}, "photourl": "https://igx.4sqi.net/img/general/original/191574374_QLu-TO8wF9rKK6epjAUjsf6KWcbk6_mJMQFJcQ19aqo.jpg"}]}, {"reasons": {"items": [{"reasonName": "globalInteractionReason", "summary": "This spot is popular", "type": "general"}], "count": 0}, "venue": {"hereNow": {"groups": [], "summary": "Nobody here", "count": 0}, "contact": {}, "photos": {"groups": [], "count": 0}, "name": "Blue Magnolia", "allowMenuUrlEdit": true, "beenHere": {"lastCheckinExpiredAt": 0, "count": 0, "marked": false}, "stats": {"checkinsCount": 47, "usersCount": 18, "tipCount": 0}, "id": "4f49970de4b07165fa613080", "categories": [{"pluralName": "Caf\u00e9s", "id": "4bf58dd8d48988d16d941735", "primary": true, "icon": {"prefix": "https://ss3.4sqi.net/img/categories_v2/food/cafe_", "suffix": ".png"}, "name": "Caf\u00e9", "shortName": "Caf\u00e9"}], "location": {"lng": 103.77865791320801, "formattedAddress": ["#02-01B, Bukit Timah Plaza (1 Jalan Anak Bukit)", "588996", "Singapore"], "postalCode": "588996", "lat": 1.338322040958877, "crossStreet": "1 Jalan Anak Bukit", "country": "Singapore", "distance": 644, "city": "Singapore", "cc": "SG", "address": "#02-01B, Bukit Timah Plaza", "labeledLatLngs": [{"lng": 103.77865791320801, "label": "display", "lat": 1.338322040958877}]}, "verified": false, "price": {"tier": 1, "currency": "$", "message": "Cheap"}}, "referralId": "e-3-4f49970de4b07165fa613080-17"}, {"reasons": {"items": [{"reasonName": "globalInteractionReason", "summary": "This spot is popular", "type": "general"}], "count": 0}, "venue": {"hereNow": {"groups": [], "summary": "Nobody here", "count": 0}, "contact": {}, "photos": {"groups": [], "count": 0}, "name": "Zzang Korean Food", "allowMenuUrlEdit": true, "beenHere": {"lastCheckinExpiredAt": 0, "count": 0, "marked": false}, "stats": {"checkinsCount": 117, "usersCount": 94, "tipCount": 2}, "id": "52e35023498eff0335ff63ad", "categories": [{"pluralName": "Korean Restaurants", "id": "4bf58dd8d48988d113941735", "primary": true, "icon": {"prefix": "https://ss3.4sqi.net/img/categories_v2/food/korean_", "suffix": ".png"}, "name": "Korean Restaurant", "shortName": "Korean"}], "location": {"lng": 103.77889905891665, "formattedAddress": ["#02-K46, Bukit Timah Plaza (1 Jalan Anak Bukit)", "588996", "Singapore"], "postalCode": "588996", "lat": 1.3388090364058975, "crossStreet": "1 Jalan Anak Bukit", "country": "Singapore", "distance": 648, "city": "Singapore", "cc": "SG", "address": "#02-K46, Bukit Timah Plaza", "labeledLatLngs": [{"lng": 103.77889905891665, "label": "display", "lat": 1.3388090364058975}]}, "verified": false, "price": {"tier": 2, "currency": "$", "message": "Moderate"}}, "referralId": "e-3-52e35023498eff0335ff63ad-18", "tips": [{"id": "54995f61498e4a80125e4c2c", "text": "The tofu soup is good. Right amount of spicy-ness, lots of egg and tofu. Perfect with a bowl of rice.", "disagreeCount": 0, "createdAt": 1419337569, "logView": true, "todo": {"count": 0}, "agreeCount": 0, "canonicalUrl": "https://foursquare.com/item/54995f61498e4a80125e4c2c", "type": "user", "user": {"gender": "male", "id": "3284571", "photo": {"prefix": "https://igx.4sqi.net/img/user/", "suffix": "/NNQ42MFDOQFGTQSR.jpg"}, "firstName": "Trent", "lastName": "Ng"}}]}, {"reasons": {"items": [{"reasonName": "globalInteractionReason", "summary": "This spot is popular", "type": "general"}], "count": 0}, "venue": {"hereNow": {"groups": [], "summary": "Nobody here", "count": 0}, "contact": {}, "photos": {"groups": [], "count": 0}, "name": "Jollibean", "allowMenuUrlEdit": true, "beenHere": {"lastCheckinExpiredAt": 0, "count": 0, "marked": false}, "stats": {"checkinsCount": 37, "usersCount": 15, "tipCount": 1}, "id": "4d465df92e326ea86ad4f6a6", "categories": [{"pluralName": "Snack Places", "id": "4bf58dd8d48988d1c7941735", "primary": true, "icon": {"prefix": "https://ss3.4sqi.net/img/categories_v2/food/snacks_", "suffix": ".png"}, "name": "Snack Place", "shortName": "Snacks"}], "location": {"lng": 103.77877456782572, "formattedAddress": ["#01-RK1, Bukit Timah Plaza (1 Jalan Anak Bukit)", "588996", "Singapore"], "postalCode": "588996", "lat": 1.3387038033126684, "crossStreet": "1 Jalan Anak Bukit", "country": "Singapore", "distance": 654, "city": "Singapore", "cc": "SG", "address": "#01-RK1, Bukit Timah Plaza", "labeledLatLngs": [{"lng": 103.77877456782572, "label": "display", "lat": 1.3387038033126684}]}, "verified": false, "price": {"tier": 1, "currency": "$", "message": "Cheap"}}, "referralId": "e-3-4d465df92e326ea86ad4f6a6-19", "tips": [{"id": "4e3a289262e10c0843d3e8d5", "text": "Yummy banana soymilk!", "disagreeCount": 0, "createdAt": 1312434322, "logView": true, "todo": {"count": 0}, "agreeCount": 0, "canonicalUrl": "https://foursquare.com/item/4e3a289262e10c0843d3e8d5", "type": "user", "user": {"gender": "female", "id": "5487489", "photo": {"prefix": "https://igx.4sqi.net/img/user/", "suffix": "/03O4FTVRTQAYZBRI.jpg"}, "firstName": "Meg", "lastName": "Inocencio"}}]}, {"reasons": {"items": [{"reasonName": "globalInteractionReason", "summary": "This spot is popular", "type": "general"}], "count": 0}, "venue": {"hereNow": {"groups": [], "summary": "Nobody here", "count": 0}, "contact": {}, "photos": {"groups": [], "count": 0}, "name": "Fringe Cafe", "allowMenuUrlEdit": true, "beenHere": {"lastCheckinExpiredAt": 0, "count": 0, "marked": false}, "stats": {"checkinsCount": 269, "usersCount": 112, "tipCount": 0}, "id": "4d2bf4ad8292236a3d9538bb", "categories": [{"pluralName": "Caf\u00e9s", "id": "4bf58dd8d48988d16d941735", "primary": true, "icon": {"prefix": "https://ss3.4sqi.net/img/categories_v2/food/cafe_", "suffix": ".png"}, "name": "Caf\u00e9", "shortName": "Caf\u00e9"}], "location": {"lng": 103.77893866974246, "formattedAddress": ["#01-15 Bukit Timah Plaza (In Attitude Arts Studio) (1 Jalan Anak Bukit)", "588996", "Singapore"], "postalCode": "588996", "lat": 1.3389597133976336, "crossStreet": "1 Jalan Anak Bukit", "country": "Singapore", "distance": 654, "city": "Singapore", "cc": "SG", "address": "#01-15 Bukit Timah Plaza (In Attitude Arts Studio)", "labeledLatLngs": [{"lng": 103.77893866974246, "label": "display", "lat": 1.3389597133976336}]}, "hours": {"isLocalHoliday": false, "isOpen": false}, "verified": false, "price": {"tier": 1, "currency": "$", "message": "Cheap"}}, "referralId": "e-3-4d2bf4ad8292236a3d9538bb-20", "tips": [{"logView": true, "createdAt": 1359767989, "type": "user", "agreeCount": 3, "likes": {"groups": [], "summary": "3 likes", "count": 3}, "id": "510c69b5e4b01a7abc5501d2", "text": "But does your Coffee Pay You? Coming to Singapore www.CoffeePays.me", "entities": [{"indices": [50, 67], "type": "url", "object": {"url": "http://www.CoffeePays.me"}}], "disagreeCount": 0, "user": {"gender": "male", "id": "36089566", "photo": {"prefix": "https://igx.4sqi.net/img/user/", "suffix": "/FV5YBG4S015MVIDZ.jpg"}, "firstName": "Phil in Bangkok", "lastName": ".com Thailand"}, "canonicalUrl": "https://foursquare.com/item/510c69b5e4b01a7abc5501d2", "todo": {"count": 0}}]}, {"reasons": {"items": [{"reasonName": "globalInteractionReason", "summary": "This spot is popular", "type": "general"}], "count": 0}, "venue": {"hereNow": {"groups": [], "summary": "Nobody here", "count": 0}, "contact": {}, "photos": {"groups": [], "count": 0}, "name": "Zhen Wang Family Restaurant", "allowMenuUrlEdit": true, "beenHere": {"lastCheckinExpiredAt": 0, "count": 0, "marked": false}, "stats": {"checkinsCount": 439, "usersCount": 97, "tipCount": 6}, "id": "4d23d5b253e4a09314c88277", "categories": [{"pluralName": "Asian Restaurants", "id": "4bf58dd8d48988d142941735", "primary": true, "icon": {"prefix": "https://ss3.4sqi.net/img/categories_v2/food/asian_", "suffix": ".png"}, "name": "Asian Restaurant", "shortName": "Asian"}], "location": {"lng": 103.77874374389648, "formattedAddress": ["#B1-47, Bukit Timah Plaza (1 Jalan Anak Bukit)", "588996", "Singapore"], "postalCode": "588996", "lat": 1.3387725291104204, "crossStreet": "1 Jalan Anak Bukit", "country": "Singapore", "distance": 661, "city": "Singapore", "cc": "SG", "address": "#B1-47, Bukit Timah Plaza", "labeledLatLngs": [{"lng": 103.77874374389648, "label": "display", "lat": 1.3387725291104204}]}, "hours": {"isLocalHoliday": false, "isOpen": true, "status": "Likely open"}, "verified": false, "price": {"tier": 2, "currency": "$", "message": "Moderate"}}, "referralId": "e-3-4d23d5b253e4a09314c88277-21", "tips": [{"id": "5553681e498ec6ee54911dd7", "text": "Duck rice stall is generous in portions and the staff is so cheery. Their chilli sauce is also quite power.", "disagreeCount": 0, "createdAt": 1431529502, "logView": true, "todo": {"count": 0}, "agreeCount": 0, "canonicalUrl": "https://foursquare.com/item/5553681e498ec6ee54911dd7", "type": "user", "user": {"gender": "female", "id": "42668193", "photo": {"prefix": "https://igx.4sqi.net/img/user/", "suffix": "/TD0GT2403DBIQDT5.jpg"}, "firstName": "Elizabeth", "lastName": "Lee"}}]}, {"reasons": {"items": [{"reasonName": "globalInteractionReason", "summary": "This spot is popular", "type": "general"}], "count": 0}, "venue": {"hereNow": {"groups": [], "summary": "Nobody here", "count": 0}, "contact": {}, "photos": {"groups": [], "count": 0}, "rating": 5.5, "name": "Ming Jia \u540d\u5bb6 Korean Food", "ratingSignals": 13, "allowMenuUrlEdit": true, "categories": [{"pluralName": "Korean Restaurants", "id": "4bf58dd8d48988d113941735", "primary": true, "icon": {"prefix": "https://ss3.4sqi.net/img/categories_v2/food/korean_", "suffix": ".png"}, "name": "Korean Restaurant", "shortName": "Korean"}], "stats": {"checkinsCount": 622, "usersCount": 367, "tipCount": 9}, "id": "4c08dd6d7e3fc9282fecf082", "beenHere": {"lastCheckinExpiredAt": 0, "count": 0, "marked": false}, "ratingColor": "FF9600", "location": {"lng": 103.77846334060219, "formattedAddress": ["B1-07/19, Bukit Timah Plaza (1 Jalan Anak Bukit)", "588996", "Singapore"], "postalCode": "588996", "lat": 1.338862233353352, "crossStreet": "1 Jalan Anak Bukit", "country": "Singapore", "distance": 693, "city": "Singapore", "cc": "SG", "address": "B1-07/19, Bukit Timah Plaza", "labeledLatLngs": [{"lng": 103.77846334060219, "label": "display", "lat": 1.338862233353352}]}, "hours": {"isLocalHoliday": false, "isOpen": false}, "verified": false, "price": {"tier": 2, "currency": "$", "message": "Moderate"}}, "referralId": "e-3-4c08dd6d7e3fc9282fecf082-22", "tips": [{"id": "539e7f2d11d25f9ab5b4f7f9", "text": "Small shop inside this mall. Seats for abt 25 ppl", "disagreeCount": 0, "createdAt": 1402896173, "logView": true, "todo": {"count": 0}, "agreeCount": 0, "canonicalUrl": "https://foursquare.com/item/539e7f2d11d25f9ab5b4f7f9", "type": "user", "user": {"gender": "male", "id": "231366", "photo": {"prefix": "https://igx.4sqi.net/img/user/", "suffix": "/231366-Q2ZSAEF50GYUXPDA.jpg"}, "firstName": "Cheen", "lastName": "The Curious"}}]}, {"reasons": {"items": [{"reasonName": "globalInteractionReason", "summary": "This spot is popular", "type": "general"}], "count": 0}, "venue": {"hereNow": {"groups": [], "summary": "Nobody here", "count": 0}, "contact": {}, "photos": {"groups": [], "count": 0}, "name": "Sherwood Snack Bar", "allowMenuUrlEdit": true, "beenHere": {"lastCheckinExpiredAt": 0, "count": 0, "marked": false}, "stats": {"checkinsCount": 39, "usersCount": 15, "tipCount": 2}, "id": "50288ca5e4b0fe42328e077e", "categories": [{"pluralName": "Chinese Restaurants", "id": "4bf58dd8d48988d145941735", "primary": true, "icon": {"prefix": "https://ss3.4sqi.net/img/categories_v2/food/asian_", "suffix": ".png"}, "name": "Chinese Restaurant", "shortName": "Chinese"}], "location": {"lng": 103.77845001220703, "formattedAddress": ["B2, Bukit Timah Plaza (1 Jalan Anak Bukit)", "Singapore"], "lat": 1.3386081457138062, "crossStreet": "1 Jalan Anak Bukit", "country": "Singapore", "distance": 680, "city": "Singapore", "cc": "SG", "address": "B2, Bukit Timah Plaza", "labeledLatLngs": [{"lng": 103.77845001220703, "label": "display", "lat": 1.3386081457138062}]}, "verified": false, "price": {"tier": 1, "currency": "$", "message": "Cheap"}}, "referralId": "e-3-50288ca5e4b0fe42328e077e-23", "tips": [{"id": "5674ed89498e10f152fe7542", "text": "I always come here for the curry chicken or battered fried chicken.", "disagreeCount": 0, "createdAt": 1450503561, "logView": true, "todo": {"count": 0}, "agreeCount": 0, "canonicalUrl": "https://foursquare.com/item/5674ed89498e10f152fe7542", "type": "user", "user": {"gender": "male", "id": "1381692", "photo": {"prefix": "https://igx.4sqi.net/img/user/", "suffix": "/1381692-XBWQLICAQ3XM003Y.jpg"}, "firstName": "Jemuel", "lastName": "Ong"}}]}, {"reasons": {"items": [{"reasonName": "globalInteractionReason", "summary": "This spot is popular", "type": "general"}], "count": 0}, "venue": {"hereNow": {"groups": [], "summary": "Nobody here", "count": 0}, "contact": {"twitter": "pizzahut_sg", "phone": "+6564695753", "formattedPhone": "+65 6469 5753"}, "photos": {"groups": [], "count": 0}, "rating": 5.5, "name": "Pizza Hut", "ratingSignals": 21, "allowMenuUrlEdit": true, "categories": [{"pluralName": "Pizza Places", "id": "4bf58dd8d48988d1ca941735", "primary": true, "icon": {"prefix": "https://ss3.4sqi.net/img/categories_v2/food/pizza_", "suffix": ".png"}, "name": "Pizza Place", "shortName": "Pizza"}], "stats": {"checkinsCount": 1954, "usersCount": 1295, "tipCount": 11}, "id": "4b52ee63f964a520d78a27e3", "beenHere": {"lastCheckinExpiredAt": 0, "count": 0, "marked": false}, "url": "http://www.pizzahut.com.sg", "ratingColor": "FF9600", "location": {"lng": 103.77878665924072, "formattedAddress": ["#01-16A, Bukit Timah Plaza (1 Jalan Anak Bukit)", "588996", "Singapore"], "postalCode": "588996", "lat": 1.3390943063108358, "crossStreet": "1 Jalan Anak Bukit", "country": "Singapore", "distance": 676, "city": "Singapore", "cc": "SG", "address": "#01-16A, Bukit Timah Plaza", "labeledLatLngs": [{"lng": 103.77878665924072, "label": "display", "lat": 1.3390943063108358}]}, "hours": {"isLocalHoliday": false, "isOpen": true, "status": "Likely open"}, "verified": false, "price": {"tier": 1, "currency": "$", "message": "Cheap"}}, "referralId": "e-3-4b52ee63f964a520d78a27e3-24", "tips": [{"id": "5385d3ac498ed601911729c6", "text": "Calm and peaceful place. Staff not very courteous.", "disagreeCount": 0, "createdAt": 1401279404, "logView": true, "todo": {"count": 0}, "agreeCount": 0, "canonicalUrl": "https://foursquare.com/item/5385d3ac498ed601911729c6", "type": "user", "user": {"gender": "female", "id": "35581953", "photo": {"prefix": "https://igx.4sqi.net/img/user/", "suffix": "/VX1ZKN5W1WN1KYJT.jpg"}, "firstName": "Hellows", "lastName": "Diddee"}}]}, {"reasons": {"items": [{"reasonName": "globalInteractionReason", "summary": "This spot is popular", "type": "general"}], "count": 0}, "venue": {"hereNow": {"groups": [], "summary": "Nobody here", "count": 0}, "contact": {}, "photos": {"groups": [], "count": 0}, "name": "Nasi Lemak House", "allowMenuUrlEdit": true, "beenHere": {"lastCheckinExpiredAt": 0, "count": 0, "marked": false}, "stats": {"checkinsCount": 50, "usersCount": 33, "tipCount": 0}, "id": "4c986d0c05a1b1f7cf5e8d53", "categories": [{"pluralName": "Malay Restaurants", "id": "4bf58dd8d48988d156941735", "primary": true, "icon": {"prefix": "https://ss3.4sqi.net/img/categories_v2/food/malaysian_", "suffix": ".png"}, "name": "Malay Restaurant", "shortName": "Malay"}], "location": {"lng": 103.77821, "formattedAddress": ["#B1-17 Bukit Timah Plaza (1 Jalan Anak Bukit)", "Singapore"], "lat": 1.339033, "crossStreet": "1 Jalan Anak Bukit", "country": "Singapore", "distance": 726, "city": "Singapore", "cc": "SG", "address": "#B1-17 Bukit Timah Plaza", "labeledLatLngs": [{"lng": 103.77821, "label": "display", "lat": 1.339033}]}, "verified": false, "price": {"tier": 2, "currency": "$", "message": "Moderate"}}, "referralId": "e-3-4c986d0c05a1b1f7cf5e8d53-25"}, {"reasons": {"items": [{"reasonName": "globalInteractionReason", "summary": "This spot is popular", "type": "general"}], "count": 0}, "venue": {"hereNow": {"groups": [], "summary": "Nobody here", "count": 0}, "contact": {}, "photos": {"groups": [], "count": 0}, "rating": 5.4, "name": "munmun streetcaf\u00e9", "ratingSignals": 14, "allowMenuUrlEdit": true, "categories": [{"pluralName": "Caf\u00e9s", "id": "4bf58dd8d48988d16d941735", "primary": true, "icon": {"prefix": "https://ss3.4sqi.net/img/categories_v2/food/cafe_", "suffix": ".png"}, "name": "Caf\u00e9", "shortName": "Caf\u00e9"}], "stats": {"checkinsCount": 264, "usersCount": 126, "tipCount": 7}, "id": "4e113ed3d22d759bae612532", "beenHere": {"lastCheckinExpiredAt": 0, "count": 0, "marked": false}, "ratingColor": "FF9600", "location": {"lng": 103.77876325045953, "formattedAddress": ["B2-RK1, Bukit Timah Plaza (1 Jalan Anak Bukit)", "588996", "Singapore"], "postalCode": "588996", "lat": 1.3388061127270692, "crossStreet": "1 Jalan Anak Bukit", "country": "Singapore", "distance": 661, "city": "Singapore", "cc": "SG", "address": "B2-RK1, Bukit Timah Plaza", "labeledLatLngs": [{"lng": 103.77876325045953, "label": "display", "lat": 1.3388061127270692}]}, "hours": {"isLocalHoliday": false, "isOpen": false, "status": "Closed until 8:30 AM tomorrow"}, "verified": false, "price": {"tier": 1, "currency": "$", "message": "Cheap"}}, "referralId": "e-3-4e113ed3d22d759bae612532-26", "tips": [{"id": "4d68bea982cba0932bdfd1d8", "text": "The toasts are done nicely.  Try the kaya butter.  The pork leg bee Hoon is a blast from the past albeit unhealthy and uncle with the  sideburns.  Wah!", "disagreeCount": 0, "logView": true, "createdAt": 1298710185, "likes": {"groups": [], "summary": "1 like", "count": 1}, "todo": {"count": 0}, "agreeCount": 1, "canonicalUrl": "https://foursquare.com/item/4d68bea982cba0932bdfd1d8", "type": "user", "user": {"gender": "female", "id": "6592543", "photo": {"prefix": "https://igx.4sqi.net/img/user/", "suffix": "/RESKZTIGUQA3AHST.jpg"}, "firstName": "Daisy", "lastName": "Ng"}}]}, {"reasons": {"items": [{"reasonName": "globalInteractionReason", "summary": "This spot is popular", "type": "general"}], "count": 0}, "venue": {"hereNow": {"groups": [], "summary": "Nobody here", "count": 0}, "contact": {}, "photos": {"groups": [], "count": 0}, "name": "Between Chapters", "allowMenuUrlEdit": true, "beenHere": {"lastCheckinExpiredAt": 0, "count": 0, "marked": false}, "stats": {"checkinsCount": 212, "usersCount": 104, "tipCount": 1}, "id": "4f17f974e4b0aa5608b1e414", "categories": [{"pluralName": "Caf\u00e9s", "id": "4bf58dd8d48988d16d941735", "primary": true, "icon": {"prefix": "https://ss3.4sqi.net/img/categories_v2/food/cafe_", "suffix": ".png"}, "name": "Caf\u00e9", "shortName": "Caf\u00e9"}], "location": {"lng": 103.77676575023517, "formattedAddress": ["Blk 16, Ngee Ann Polytechnic (535 Clementi Rd)", "599489", "Singapore"], "postalCode": "599489", "lat": 1.335379865757015, "crossStreet": "535 Clementi Rd", "country": "Singapore", "distance": 784, "city": "Singapore", "cc": "SG", "address": "Blk 16, Ngee Ann Polytechnic", "labeledLatLngs": [{"lng": 103.77676575023517, "label": "display", "lat": 1.335379865757015}]}, "hours": {"isLocalHoliday": false, "isOpen": false, "status": "Closed until 7:30 AM Friday"}, "verified": false, "price": {"tier": 1, "currency": "$", "message": "Cheap"}}, "referralId": "e-3-4f17f974e4b0aa5608b1e414-27", "tips": [{"id": "4f150927e4b045626abca540", "text": "Great food. Shouks try their soup", "disagreeCount": 0, "logView": true, "createdAt": 1326778663, "likes": {"groups": [], "summary": "1 like", "count": 1}, "todo": {"count": 0}, "agreeCount": 0, "canonicalUrl": "https://foursquare.com/item/4f150927e4b045626abca540", "type": "user", "user": {"gender": "male", "id": "4650086", "photo": {"prefix": "https://igx.4sqi.net/img/user/", "suffix": "/0F5BHZEQIYWQ4OML.jpg"}, "firstName": "Jenson", "lastName": "Tan"}}]}, {"reasons": {"items": [{"reasonName": "globalInteractionReason", "summary": "This spot is popular", "type": "general"}], "count": 0}, "venue": {"hereNow": {"groups": [], "summary": "Nobody here", "count": 0}, "contact": {}, "photos": {"groups": [], "count": 0}, "name": "Cupplets", "allowMenuUrlEdit": true, "beenHere": {"lastCheckinExpiredAt": 0, "count": 0, "marked": false}, "stats": {"checkinsCount": 83, "usersCount": 55, "tipCount": 2}, "id": "527c9758498e71080824fe09", "categories": [{"pluralName": "Bakeries", "id": "4bf58dd8d48988d16a941735", "primary": true, "icon": {"prefix": "https://ss3.4sqi.net/img/categories_v2/food/bakery_", "suffix": ".png"}, "name": "Bakery", "shortName": "Bakery"}], "location": {"formattedAddress": ["Ngee Ann Poly", "Singapore"], "lat": 1.335252792648411, "lng": 103.77669218847007, "distance": 793, "country": "Singapore", "cc": "SG", "address": "Ngee Ann Poly", "labeledLatLngs": [{"lng": 103.77669218847007, "label": "display", "lat": 1.335252792648411}]}, "hours": {"isLocalHoliday": false, "isOpen": false, "status": "Closed until 9:00 AM tomorrow"}, "verified": false, "price": {"tier": 1, "currency": "$", "message": "Cheap"}}, "referralId": "e-3-527c9758498e71080824fe09-28", "tips": [{"id": "58352edf9168024333060a89", "text": "The chocolate tart is amazingly rich. Don't sniff at its small size, it is extremely flavour dense.", "disagreeCount": 0, "createdAt": 1479880415, "logView": true, "todo": {"count": 0}, "agreeCount": 0, "canonicalUrl": "https://foursquare.com/item/58352edf9168024333060a89", "type": "user", "user": {"gender": "female", "id": "40782858", "photo": {"prefix": "https://igx.4sqi.net/img/user/", "suffix": "/VHS1PUCRXYWGS1IH.jpg"}, "firstName": "Ange", "lastName": "Sim"}}]}, {"reasons": {"items": [{"reasonName": "globalInteractionReason", "summary": "This spot is popular", "type": "general"}], "count": 0}, "venue": {"hereNow": {"groups": [], "summary": "Nobody here", "count": 0}, "contact": {}, "photos": {"groups": [], "count": 0}, "rating": 5.3, "name": "Liu San \u5218\u4e09\u9601\u53f0\u6e7e\u5c0f\u5403", "ratingSignals": 28, "allowMenuUrlEdit": true, "categories": [{"pluralName": "Chinese Restaurants", "id": "4bf58dd8d48988d145941735", "primary": true, "icon": {"prefix": "https://ss3.4sqi.net/img/categories_v2/food/asian_", "suffix": ".png"}, "name": "Chinese Restaurant", "shortName": "Chinese"}], "stats": {"checkinsCount": 547, "usersCount": 301, "tipCount": 17}, "id": "4c832dcddc018cfa3bebd66c", "beenHere": {"lastCheckinExpiredAt": 0, "count": 0, "marked": false}, "ratingColor": "FF9600", "location": {"lng": 103.77874627441203, "formattedAddress": ["#01-09, Bukit Timah Plaza (1 Jalan Anak Bukit)", "588996", "Singapore"], "postalCode": "588996", "lat": 1.3387508605396197, "crossStreet": "1 Jalan Anak Bukit", "country": "Singapore", "distance": 659, "city": "Singapore", "cc": "SG", "address": "#01-09, Bukit Timah Plaza", "labeledLatLngs": [{"lng": 103.77874627441203, "label": "display", "lat": 1.3387508605396197}]}, "hours": {"isLocalHoliday": false, "isOpen": false}, "verified": false, "price": {"tier": 1, "currency": "$", "message": "Cheap"}}, "referralId": "e-3-4c832dcddc018cfa3bebd66c-29", "tips": [{"id": "4d01abf3b82d721eaf787434", "text": "Try the hot mocha and hazelnut cake! It's the best :)", "disagreeCount": 0, "logView": true, "createdAt": 1291955187, "likes": {"groups": [], "summary": "4 likes", "count": 4}, "todo": {"count": 0}, "agreeCount": 0, "canonicalUrl": "https://foursquare.com/item/4d01abf3b82d721eaf787434", "type": "user", "user": {"gender": "female", "id": "2102131", "photo": {"prefix": "https://igx.4sqi.net/img/user/", "suffix": "/QUNEPH4LHQMSILX1.jpg"}, "firstName": "Brenda", "lastName": "Wong"}}]}], "name": "recommended", "type": "Recommended Places"}], "query": "food", "headerLocation": "Bukit Timah"}}