{"meta": {"code": 200, "requestId": "595a39cbdb04f562f029ebf6"}, "response": {"suggestedFilters": {"filters": [{"name": "Open now", "key": "openNow"}], "header": "Tap to show:"}, "totalResults": 61, "headerFullLocation": "Central Region, Singapore", "headerLocationGranularity": "neighborhood", "suggestedBounds": {"ne": {"lng": 103.87857498840846, "lat": 1.3186889168421672}, "sw": {"lng": 103.86419809431153, "lat": 1.304288902442153}}, "groups": [{"items": [{"reasons": {"items": [{"reasonName": "globalInteractionReason", "summary": "This spot is popular", "type": "general"}], "count": 0}, "venue": {"hereNow": {"groups": [], "summary": "Nobody here", "count": 0}, "contact": {"phone": "+6592348659", "formattedPhone": "+65 9234 8659"}, "photos": {"groups": [], "count": 0}, "rating": 7.7, "name": "BBQ Box \u4e32\u71d2\u5de5\u574a", "ratingSignals": 43, "allowMenuUrlEdit": true, "categories": [{"pluralName": "BBQ Joints", "id": "4bf58dd8d48988d1df931735", "primary": true, "icon": {"prefix": "https://ss3.4sqi.net/img/categories_v2/food/bbqalt_", "suffix": ".png"}, "name": "BBQ Joint", "shortName": "BBQ"}], "stats": {"checkinsCount": 889, "usersCount": 574, "tipCount": 15}, "id": "4cdffc37f8cdb1f70aa79412", "beenHere": {"lastCheckinExpiredAt": 0, "count": 0, "marked": false}, "ratingColor": "C5DE35", "location": {"lng": 103.87346618202501, "formattedAddress": ["182 Geylang Rd. (Geylang road)", "389252", "Singapore"], "postalCode": "389252", "lat": 1.3108786853594638, "crossStreet": "Geylang road", "country": "Singapore", "distance": 241, "city": "Singapore", "cc": "SG", "address": "182 Geylang Rd.", "labeledLatLngs": [{"lng": 103.87346618202501, "label": "display", "lat": 1.3108786853594638}]}, "hours": {"isLocalHoliday": false, "isOpen": true, "status": "Likely open"}, "verified": false, "price": {"tier": 2, "currency": "$", "message": "Moderate"}}, "referralId": "e-3-4cdffc37f8cdb1f70aa79412-0", "tips": [{"id": "5021175ce4b0347bae2011dc", "text": "The cold noodle here is not nice at all! Recommend the \u540a\u7089\u70e4\u7f8a\u6392\uff0c SGD 15/per course. Best in town. But the BBQ is really pricey.", "disagreeCount": 0, "logView": true, "createdAt": 1344345948, "likes": {"groups": [], "summary": "3 likes", "count": 3}, "todo": {"count": 0}, "agreeCount": 3, "canonicalUrl": "https://foursquare.com/item/5021175ce4b0347bae2011dc", "type": "user", "user": {"gender": "male", "id": "23756038", "photo": {"prefix": "https://igx.4sqi.net/img/user/", "suffix": "/NML4W0YHLEX2N4CC.jpg"}, "firstName": "Kai", "lastName": "Fang"}}]}, {"reasons": {"items": [{"reasonName": "globalInteractionReason", "summary": "This spot is popular", "type": "general"}], "count": 0}, "venue": {"contact": {}, "photos": {"groups": [], "count": 0}, "rating": 8.0, "name": "Upper Boon Keng Road Market & Food Centre", "ratingSignals": 134, "allowMenuUrlEdit": true, "categories": [{"pluralName": "Food Courts", "id": "4bf58dd8d48988d120951735", "primary": true, "icon": {"prefix": "https://ss3.4sqi.net/img/categories_v2/shops/food_foodcourt_", "suffix": ".png"}, "name": "Food Court", "shortName": "Food Court"}], "stats": {"checkinsCount": 7684, "usersCount": 2667, "tipCount": 109}, "id": "4baf04b2f964a52029e73be3", "beenHere": {"lastCheckinExpiredAt": 0, "count": 0, "marked": false}, "ratingColor": "73CF42", "location": {"formattedAddress": ["17 Upper Boon Keng Rd.", "380017", "Singapore"], "postalCode": "380017", "lat": 1.315054, "lng": 103.871575, "country": "Singapore", "distance": 397, "city": "Singapore", "cc": "SG", "address": "17 Upper Boon Keng Rd.", "labeledLatLngs": [{"lng": 103.871575, "label": "display", "lat": 1.315054}]}, "hours": {"isLocalHoliday": false, "isOpen": true, "status": "Likely open"}, "verified": false, "hereNow": {"groups": [], "summary": "Nobody here", "count": 0}}, "referralId": "e-3-4baf04b2f964a52029e73be3-1", "tips": [{"id": "4ce78c63fe90a35ddb253d0e", "text": "One of the best kambing soup around! But disappointed with the kway teow goreng, tasteless...", "disagreeCount": 0, "logView": true, "createdAt": 1290243171, "likes": {"groups": [], "summary": "5 likes", "count": 5}, "todo": {"count": 0}, "agreeCount": 0, "canonicalUrl": "https://foursquare.com/item/4ce78c63fe90a35ddb253d0e", "type": "user", "user": {"gender": "female", "id": "3548400", "photo": {"prefix": "https://igx.4sqi.net/img/user/", "suffix": "/LJJ5F2VTU53LDBVT.jpg"}, "firstName": "Sufryn", "lastName": "Luvetta"}}]}, {"reasons": {"items": [{"reasonName": "globalInteractionReason", "summary": "This spot is popular", "type": "general"}], "count": 0}, "venue": {"hereNow": {"groups": [], "summary": "Nobody here", "count": 0}, "contact": {}, "photos": {"groups": [], "count": 0}, "rating": 7.5, "name": "Haji M. Abdul Rajak Stall (Kambing Soup)", "ratingSignals": 37, "allowMenuUrlEdit": true, "categories": [{"pluralName": "Soup Places", "id": "4bf58dd8d48988d1dd931735", "primary": true, "icon": {"prefix": "https://ss3.4sqi.net/img/categories_v2/food/soup_", "suffix": ".png"}, "name": "Soup Place", "shortName": "Soup"}], "stats": {"checkinsCount": 1127, "usersCount": 656, "tipCount": 16}, "id": "4ca87e4814c337048857d43b", "beenHere": {"lastCheckinExpiredAt": 0, "count": 0, "marked": false}, "ratingColor": "C5DE35", "location": {"formattedAddress": ["#01-03, Upper Boon Keng Food Center", "Singapore"], "lat": 1.3146741699326643, "lng": 103.87188631457036, "country": "Singapore", "distance": 358, "city": "Singapore", "cc": "SG", "address": "#01-03, Upper Boon Keng Food Center", "labeledLatLngs": [{"lng": 103.87188631457036, "label": "display", "lat": 1.3146741699326643}]}, "hours": {"isLocalHoliday": false, "isOpen": true, "status": "Likely open"}, "verified": false, "price": {"tier": 1, "currency": "$", "message": "Cheap"}}, "referralId": "e-3-4ca87e4814c337048857d43b-2", "tips": [{"id": "4d072ceedc45a093837df7c6", "text": "Die die must try", "disagreeCount": 0, "logView": true, "createdAt": 1292315886, "likes": {"groups": [], "summary": "2 likes", "count": 2}, "todo": {"count": 0}, "agreeCount": 0, "canonicalUrl": "https://foursquare.com/item/4d072ceedc45a093837df7c6", "type": "user", "user": {"gender": "male", "id": "3350712", "photo": {"prefix": "https://igx.4sqi.net/img/user/", "suffix": "/UPXNYW1IR1FVWF5E.jpg"}, "firstName": "Momok", "lastName": "Kings"}}]}, {"reasons": {"items": [{"reasonName": "globalInteractionReason", "summary": "This spot is popular", "type": "general"}], "count": 0}, "venue": {"hereNow": {"groups": [], "summary": "Nobody here", "count": 0}, "contact": {"phone": "+6567482488", "formattedPhone": "+65 6748 2488"}, "photos": {"groups": [], "count": 0}, "rating": 7.2, "name": "Jalan Sultan Prawn Mee", "ratingSignals": 77, "allowMenuUrlEdit": true, "categories": [{"pluralName": "Noodle Houses", "id": "4bf58dd8d48988d1d1941735", "primary": true, "icon": {"prefix": "https://ss3.4sqi.net/img/categories_v2/food/ramen_", "suffix": ".png"}, "name": "Noodle House", "shortName": "Noodles"}], "stats": {"checkinsCount": 2494, "usersCount": 1405, "tipCount": 46}, "id": "4bc930c1b6c49c74ea248e91", "beenHere": {"lastCheckinExpiredAt": 0, "count": 0, "marked": false}, "ratingColor": "C5DE35", "location": {"lng": 103.87269040252849, "formattedAddress": ["2 Jalan Ayer (Off Lorong 1 Geylang)", "389141", "Singapore"], "postalCode": "389141", "lat": 1.3111780995567155, "crossStreet": "Off Lorong 1 Geylang", "country": "Singapore", "distance": 149, "city": "Singapore", "cc": "SG", "address": "2 Jalan Ayer", "labeledLatLngs": [{"lng": 103.87269040252849, "label": "display", "lat": 1.3111780995567155}]}, "hours": {"isLocalHoliday": false, "isOpen": false, "status": "Closed until 8:00 AM Wednesday"}, "verified": false, "price": {"tier": 1, "currency": "$", "message": "Cheap"}}, "referralId": "e-3-4bc930c1b6c49c74ea248e91-3", "tips": [{"id": "524271f2498eef311f292d44", "text": "Parking: Only 10 lots in tiny lane (enter fr Sims Ave). More lots across Lor 1 Geylang nxt 2 bus bay (50 lots), nearby Blk 113 carpark SD10 (35 lots), MSCP Blk 114A Lor 3 Geylang (enter by Geylang Rd)", "disagreeCount": 0, "logView": true, "createdAt": 1380086258, "likes": {"groups": [], "summary": "5 likes", "count": 5}, "todo": {"count": 0}, "agreeCount": 5, "canonicalUrl": "https://foursquare.com/item/524271f2498eef311f292d44", "type": "user", "user": {"gender": "male", "id": "231366", "photo": {"prefix": "https://igx.4sqi.net/img/user/", "suffix": "/231366-Q2ZSAEF50GYUXPDA.jpg"}, "firstName": "Cheen", "lastName": "The Curious"}}]}, {"reasons": {"items": [{"reasonName": "globalInteractionReason", "summary": "This spot is popular", "type": "general"}], "count": 0}, "venue": {"hereNow": {"groups": [{"items": [], "name": "Other people here", "count": 1, "type": "others"}], "summary": "One other person is here", "count": 1}, "contact": {}, "photos": {"groups": [], "count": 0}, "rating": 7.4, "name": "G7 Sinma Live Seafood Restaurant \u65b0\u9a6c\u6d3b\u6d77\u9c9c", "ratingSignals": 172, "allowMenuUrlEdit": true, "categories": [{"pluralName": "Seafood Restaurants", "id": "4bf58dd8d48988d1ce941735", "primary": true, "icon": {"prefix": "https://ss3.4sqi.net/img/categories_v2/food/seafood_", "suffix": ".png"}, "name": "Seafood Restaurant", "shortName": "Seafood"}], "stats": {"checkinsCount": 8338, "usersCount": 5140, "tipCount": 86}, "id": "4b51980df964a5204d5027e3", "beenHere": {"lastCheckinExpiredAt": 0, "count": 0, "marked": false}, "url": "http://www.g7sinma.com", "ratingColor": "C5DE35", "location": {"lng": 103.87445714765566, "formattedAddress": ["163 Geylang Rd. (Lor 3 Geylang)", "389240", "Singapore"], "postalCode": "389240", "lat": 1.311432390882023, "crossStreet": "Lor 3 Geylang", "country": "Singapore", "distance": 341, "city": "Singapore", "cc": "SG", "address": "163 Geylang Rd.", "labeledLatLngs": [{"lng": 103.87445714765566, "label": "display", "lat": 1.311432390882023}]}, "hours": {"isLocalHoliday": false, "isOpen": true, "status": "Likely open"}, "verified": false, "price": {"tier": 3, "currency": "$", "message": "Expensive"}}, "referralId": "e-3-4b51980df964a5204d5027e3-4", "tips": [{"id": "4d30656aa62d721ecfe8997d", "text": "Yummy frog leg!!", "disagreeCount": 0, "logView": true, "createdAt": 1295017322, "likes": {"groups": [], "summary": "7 likes", "count": 7}, "todo": {"count": 3}, "agreeCount": 2, "canonicalUrl": "https://foursquare.com/item/4d30656aa62d721ecfe8997d", "type": "user", "user": {"gender": "female", "id": "3396198", "photo": {"prefix": "https://igx.4sqi.net/img/user/", "suffix": "/AH1CL02C2CPMFZKP.jpg"}, "firstName": "stephanie", "lastName": "guo"}}]}, {"reasons": {"items": [{"reasonName": "globalInteractionReason", "summary": "This spot is popular", "type": "general"}], "count": 0}, "venue": {"hereNow": {"groups": [], "summary": "Nobody here", "count": 0}, "contact": {}, "photos": {"groups": [], "count": 0}, "rating": 7.9, "name": "Geylang Lor 9 Fresh Frog Leg Porridge | \u82bd\u7b3c\u4e5d\u5df7\u6d3b\u7530\u9e21", "ratingSignals": 113, "allowMenuUrlEdit": true, "categories": [{"pluralName": "Chinese Restaurants", "id": "4bf58dd8d48988d145941735", "primary": true, "icon": {"prefix": "https://ss3.4sqi.net/img/categories_v2/food/asian_", "suffix": ".png"}, "name": "Chinese Restaurant", "shortName": "Chinese"}], "stats": {"checkinsCount": 4835, "usersCount": 3338, "tipCount": 29}, "id": "4ba796b1f964a52010a039e3", "beenHere": {"lastCheckinExpiredAt": 0, "count": 0, "marked": false}, "ratingColor": "C5DE35", "location": {"formattedAddress": ["Lor 9 Geylang", "388754", "Singapore"], "postalCode": "388754", "lat": 1.3124037024963566, "lng": 103.87655235583773, "country": "Singapore", "distance": 583, "city": "Singapore", "cc": "SG", "address": "Lor 9 Geylang", "labeledLatLngs": [{"lng": 103.87655235583773, "label": "display", "lat": 1.3124037024963566}]}, "hours": {"isLocalHoliday": false, "isOpen": true, "status": "Likely open"}, "verified": false, "price": {"tier": 1, "currency": "$", "message": "Cheap"}}, "referralId": "e-3-4ba796b1f964a52010a039e3-5", "tips": [{"id": "4cf3beece3b9a093fe4e4b53", "text": "Frog leg porridge extra spice... \ue00e", "disagreeCount": 0, "logView": true, "createdAt": 1291042540, "likes": {"groups": [], "summary": "2 likes", "count": 2}, "todo": {"count": 1}, "agreeCount": 2, "canonicalUrl": "https://foursquare.com/item/4cf3beece3b9a093fe4e4b53", "type": "user", "user": {"id": "2744448", "photo": {"prefix": "https://igx.4sqi.net/img/user/", "suffix": "/ZA5QOLTPD1PWTBUU.jpg"}, "firstName": "\u273fVa\u273f", "gender": "female"}}]}, {"reasons": {"items": [{"reasonName": "globalInteractionReason", "summary": "This spot is popular", "type": "general"}], "count": 0}, "venue": {"hereNow": {"groups": [], "summary": "Nobody here", "count": 0}, "contact": {"phone": "+6568415133", "formattedPhone": "+65 6841 5133"}, "photos": {"groups": [], "count": 0}, "rating": 7.0, "name": "Mongkok Dim Sum \u65fa\u89d2\u9ede\u5fc3", "ratingSignals": 131, "allowMenuUrlEdit": true, "categories": [{"pluralName": "Dim Sum Restaurants", "id": "4bf58dd8d48988d1f5931735", "primary": true, "icon": {"prefix": "https://ss3.4sqi.net/img/categories_v2/food/dimsum_", "suffix": ".png"}, "name": "Dim Sum Restaurant", "shortName": "Dim Sum"}], "stats": {"checkinsCount": 5159, "usersCount": 3212, "tipCount": 72}, "id": "4b350255f964a520b52925e3", "beenHere": {"lastCheckinExpiredAt": 0, "count": 0, "marked": false}, "ratingColor": "C5DE35", "location": {"lng": 103.87680530548096, "formattedAddress": ["214 Geylang Rd (cnr of Geylang Lor 8)", "389274", "Singapore"], "postalCode": "389274", "lat": 1.3120595122065322, "crossStreet": "cnr of Geylang Lor 8", "country": "Singapore", "distance": 606, "city": "Singapore", "cc": "SG", "address": "214 Geylang Rd", "labeledLatLngs": [{"lng": 103.87680530548096, "label": "display", "lat": 1.3120595122065322}]}, "hours": {"isLocalHoliday": false, "isOpen": true, "status": "Open"}, "verified": false, "price": {"tier": 2, "currency": "$", "message": "Moderate"}}, "referralId": "e-3-4b350255f964a520b52925e3-6", "tips": [{"id": "4d684e77342b8cfa294cb82c", "text": "Operating 24hrs,a nice place to have dim sum & tea", "disagreeCount": 0, "logView": true, "createdAt": 1298681463, "likes": {"groups": [], "summary": "4 likes", "count": 4}, "todo": {"count": 0}, "agreeCount": 4, "canonicalUrl": "https://foursquare.com/item/4d684e77342b8cfa294cb82c", "type": "user", "user": {"gender": "male", "id": "6505785", "photo": {"prefix": "https://igx.4sqi.net/img/user/", "suffix": "/RPGWGAFYKXMJ1YBQ.jpg"}, "firstName": "Ken", "lastName": "Chan"}}]}, {"reasons": {"items": [{"reasonName": "globalInteractionReason", "summary": "This spot is popular", "type": "general"}], "count": 0}, "venue": {"hereNow": {"groups": [], "summary": "Nobody here", "count": 0}, "contact": {"phone": "+6567411294", "formattedPhone": "+65 6741 1294"}, "photos": {"groups": [], "count": 0}, "rating": 6.5, "name": "P&Z Eating House @ 135 Geylang Road", "ratingSignals": 11, "allowMenuUrlEdit": true, "categories": [{"pluralName": "Asian Restaurants", "id": "4bf58dd8d48988d142941735", "primary": true, "icon": {"prefix": "https://ss3.4sqi.net/img/categories_v2/food/asian_", "suffix": ".png"}, "name": "Asian Restaurant", "shortName": "Asian"}], "stats": {"checkinsCount": 260, "usersCount": 125, "tipCount": 10}, "id": "4cdb7064c409b60c4e14d51a", "beenHere": {"lastCheckinExpiredAt": 0, "count": 0, "marked": false}, "ratingColor": "FFC800", "location": {"formattedAddress": ["135 Geylang Rd.", "389226", "Singapore"], "postalCode": "389226", "lat": 1.311050560566181, "lng": 103.87405509787452, "country": "Singapore", "distance": 300, "city": "Singapore", "cc": "SG", "address": "135 Geylang Rd.", "labeledLatLngs": [{"lng": 103.87405509787452, "label": "display", "lat": 1.311050560566181}]}, "hours": {"isLocalHoliday": false, "isOpen": false}, "verified": false, "price": {"tier": 2, "currency": "$", "message": "Moderate"}}, "referralId": "e-3-4cdb7064c409b60c4e14d51a-7", "tips": [{"id": "4ce211ffdb125481ff6e45ce", "text": "Mee Rebus POWER!!", "disagreeCount": 0, "logView": true, "createdAt": 1289884159, "likes": {"groups": [], "summary": "1 like", "count": 1}, "todo": {"count": 0}, "agreeCount": 0, "canonicalUrl": "https://foursquare.com/item/4ce211ffdb125481ff6e45ce", "type": "user", "user": {"gender": "male", "id": "3962886", "photo": {"prefix": "https://igx.4sqi.net/img/user/", "suffix": "/IPHBSYB0UP1WLCNV.jpg"}, "firstName": "sang", "lastName": "toopai"}}]}, {"reasons": {"items": [{"reasonName": "globalInteractionReason", "summary": "This spot is popular", "type": "general"}], "count": 0}, "venue": {"hereNow": {"groups": [], "summary": "Nobody here", "count": 0}, "contact": {"phone": "+6567448644", "formattedPhone": "+65 6744 8644"}, "photos": {"groups": [], "count": 0}, "rating": 6.3, "name": "IMAM Banana Leaf Restaurant Pte Ltd", "ratingSignals": 68, "allowMenuUrlEdit": true, "categories": [{"pluralName": "Indian Restaurants", "id": "4bf58dd8d48988d10f941735", "primary": true, "icon": {"prefix": "https://ss3.4sqi.net/img/categories_v2/food/indian_", "suffix": ".png"}, "name": "Indian Restaurant", "shortName": "Indian"}], "stats": {"checkinsCount": 3223, "usersCount": 1340, "tipCount": 31}, "id": "4be57f60bcef2d7ff1d603e5", "beenHere": {"lastCheckinExpiredAt": 0, "count": 0, "marked": false}, "ratingColor": "FFC800", "location": {"lng": 103.87269040252849, "formattedAddress": ["10, Lorong 1 Geylang (Jalan Ayer)", "389119", "Singapore"], "postalCode": "389119", "lat": 1.3116535168380221, "crossStreet": "Jalan Ayer", "country": "Singapore", "distance": 146, "city": "Singapore", "cc": "SG", "address": "10, Lorong 1 Geylang", "labeledLatLngs": [{"lng": 103.87269040252849, "label": "display", "lat": 1.3116535168380221}]}, "hours": {"isLocalHoliday": false, "isOpen": false}, "verified": false, "price": {"tier": 2, "currency": "$", "message": "Moderate"}}, "referralId": "e-3-4be57f60bcef2d7ff1d603e5-8", "tips": [{"id": "4c41dadb3735be9a9a0419a4", "text": "Opens 24hrs...", "disagreeCount": 0, "logView": true, "createdAt": 1279384283, "likes": {"groups": [], "summary": "1 like", "count": 1}, "todo": {"count": 1}, "agreeCount": 1, "canonicalUrl": "https://foursquare.com/item/4c41dadb3735be9a9a0419a4", "type": "user", "user": {"id": "2005467", "photo": {"prefix": "https://igx.4sqi.net/img/user/", "suffix": "/L2DH004FDAJBBH4B.jpg"}, "firstName": "Biyu", "gender": "female"}}]}, {"reasons": {"items": [{"reasonName": "globalInteractionReason", "summary": "This spot is popular", "type": "general"}], "count": 0}, "venue": {"hereNow": {"groups": [], "summary": "Nobody here", "count": 0}, "contact": {"phone": "+6593801718", "formattedPhone": "+65 9380 1718"}, "photos": {"groups": [], "count": 0}, "rating": 6.8, "name": "Leong Kee (Klang) Bak Kut Teh \u6881\u8bb0(\u5df4\u751f)\u8089\u9aa8\u8336", "ratingSignals": 47, "allowMenuUrlEdit": true, "categories": [{"pluralName": "Soup Places", "id": "4bf58dd8d48988d1dd931735", "primary": true, "icon": {"prefix": "https://ss3.4sqi.net/img/categories_v2/food/soup_", "suffix": ".png"}, "name": "Soup Place", "shortName": "Soup"}], "stats": {"checkinsCount": 1023, "usersCount": 772, "tipCount": 20}, "id": "4ce75c2e678aa093b029e2ea", "beenHere": {"lastCheckinExpiredAt": 0, "count": 0, "marked": false}, "ratingColor": "FFC800", "location": {"lng": 103.87701670362925, "formattedAddress": ["251 Geylang Rd (Lor 11 Geylang)", "389309", "Singapore"], "postalCode": "389309", "lat": 1.3123141766138628, "crossStreet": "Lor 11 Geylang", "country": "Singapore", "distance": 633, "city": "Singapore", "cc": "SG", "address": "251 Geylang Rd", "labeledLatLngs": [{"lng": 103.87701670362925, "label": "display", "lat": 1.3123141766138628}]}, "hours": {"isLocalHoliday": false, "isOpen": true, "status": "Open until 9:30 PM"}, "verified": false, "price": {"tier": 1, "currency": "$", "message": "Cheap"}}, "referralId": "e-3-4ce75c2e678aa093b029e2ea-9", "tips": [{"id": "4dd10a5ae4cd130e16a4510d", "text": "11:15AM to 10:00PM ONLY", "disagreeCount": 0, "logView": true, "createdAt": 1305545306, "likes": {"groups": [], "summary": "1 like", "count": 1}, "todo": {"count": 0}, "agreeCount": 1, "canonicalUrl": "https://foursquare.com/item/4dd10a5ae4cd130e16a4510d", "type": "user", "user": {"id": "1603173", "photo": {"prefix": "https://igx.4sqi.net/img/user/", "suffix": "/1603173_QBtHWNU1_ouvIE9HOOoEy3NmJIl0f953THfOkuOvRkOzakIQIW4xHwHAcPl6q2HA6G1N8eB5R.jpg"}, "firstName": "Weenaha", "gender": "female"}}]}, {"reasons": {"items": [{"reasonName": "globalInteractionReason", "summary": "This spot is popular", "type": "general"}], "count": 0}, "venue": {"hereNow": {"groups": [], "summary": "Nobody here", "count": 0}, "contact": {"phone": "+6563489298", "formattedPhone": "+65 6348 9298"}, "photos": {"groups": [], "count": 0}, "rating": 6.2, "name": "Tonny restaurant", "ratingSignals": 13, "allowMenuUrlEdit": true, "categories": [{"pluralName": "Chinese Restaurants", "id": "4bf58dd8d48988d145941735", "primary": true, "icon": {"prefix": "https://ss3.4sqi.net/img/categories_v2/food/asian_", "suffix": ".png"}, "name": "Chinese Restaurant", "shortName": "Chinese"}], "stats": {"checkinsCount": 130, "usersCount": 98, "tipCount": 10}, "id": "50bb4688e4b06d86da708505", "beenHere": {"lastCheckinExpiredAt": 0, "count": 0, "marked": false}, "ratingColor": "FFC800", "location": {"formattedAddress": ["No. 8-10 Geylang Lor 3", "388862", "Singapore"], "postalCode": "388862", "lat": 1.312044, "lng": 103.874337, "distance": 334, "country": "Singapore", "cc": "SG", "address": "No. 8-10 Geylang Lor 3", "labeledLatLngs": [{"lng": 103.874337, "label": "display", "lat": 1.312044}]}, "hours": {"isLocalHoliday": false, "isOpen": true, "status": "Open until 10:30 PM"}, "verified": false, "price": {"tier": 1, "currency": "$", "message": "Cheap"}}, "referralId": "e-3-50bb4688e4b06d86da708505-10", "tips": [{"id": "5312d3b611d292c46549f176", "text": "Their sweet and sour pork is the most fragrant I've ever had, and three egg spinach is interesting too.", "disagreeCount": 0, "logView": true, "createdAt": 1393742774, "likes": {"groups": [], "summary": "1 like", "count": 1}, "todo": {"count": 0}, "agreeCount": 1, "canonicalUrl": "https://foursquare.com/item/5312d3b611d292c46549f176", "type": "user", "user": {"gender": "female", "id": "16090822", "photo": {"prefix": "https://igx.4sqi.net/img/user/", "suffix": "/04QCNXB5R3PWDWDG.jpg"}, "firstName": "Raven", "lastName": "S."}}]}, {"reasons": {"items": [{"reasonName": "globalInteractionReason", "summary": "This spot is popular", "type": "general"}], "count": 0}, "venue": {"hereNow": {"groups": [], "summary": "Nobody here", "count": 0}, "contact": {"facebook": "124345354259950", "facebookUsername": "balinasilemakpage", "facebookName": "Bali Nasi Lemak", "phone": "+6568414102", "formattedPhone": "+65 6841 4102"}, "photos": {"groups": [], "count": 0}, "rating": 6.8, "menu": {"mobileUrl": "http://www.bali-nasilemak.com/specialities.html", "externalUrl": "http://www.bali-nasilemak.com/specialities.html", "url": "http://www.bali-nasilemak.com/specialities.html", "anchor": "View Menu", "label": "Menu", "type": "Menu"}, "name": "Bali Nasi Lemak", "ratingSignals": 10, "allowMenuUrlEdit": true, "categories": [{"pluralName": "Chinese Restaurants", "id": "4bf58dd8d48988d145941735", "primary": true, "icon": {"prefix": "https://ss3.4sqi.net/img/categories_v2/food/asian_", "suffix": ".png"}, "name": "Chinese Restaurant", "shortName": "Chinese"}], "stats": {"checkinsCount": 436, "usersCount": 270, "tipCount": 5}, "id": "4c9a2249a004a1cd268f456e", "beenHere": {"lastCheckinExpiredAt": 0, "count": 0, "marked": false}, "url": "http://www.bali-nasilemak.com", "ratingColor": "FFC800", "location": {"formattedAddress": ["2 Geylang Lorong 15", "388596", "Singapore"], "postalCode": "388596", "lat": 1.3128827343430203, "lng": 103.87840658426283, "country": "Singapore", "distance": 796, "city": "Singapore", "cc": "SG", "address": "2 Geylang Lorong 15", "labeledLatLngs": [{"lng": 103.87840658426283, "label": "display", "lat": 1.3128827343430203}]}, "hours": {"isLocalHoliday": false, "isOpen": true, "status": "Likely open"}, "verified": false, "price": {"tier": 1, "currency": "$", "message": "Cheap"}}, "referralId": "e-3-4c9a2249a004a1cd268f456e-11", "tips": [{"logView": true, "photo": {"id": "554f3050498e5685e5bee5b6", "visibility": "public", "source": {"name": "Foursquare for iOS", "url": "https://foursquare.com/download/#/iphone"}, "suffix": "/8744522_xYA49eJYs3Qfuw8r1FfY5tUxoCHX4gntwFWTrgSo6-I.jpg", "createdAt": 1431253072, "prefix": "https://igx.4sqi.net/img/general/", "width": 1920, "height": 1439}, "createdAt": 1431253069, "agreeCount": 0, "id": "554f304d498ed82b61bf2867", "text": "\u30b2\u30a4\u30e9\u30f3\u306e\u6a2a\u9053\u306b\u3042\u308b\u30e9\u30b7\u30ec\u30de\u98df\u5802\u3002\u30bb\u30eb\u30d5\u3067\u304a\u304b\u305a\u304c\u9078\u3079\u308b\u73cd\u3057\u3044\u30bf\u30a4\u30d7\u3002\u30d6\u30e9\u30c3\u30af\u30c1\u30ad\u30f3\u306f\u5fc5\u305a\u983c\u3093\u3067", "type": "user", "disagreeCount": 0, "user": {"id": "8744522", "photo": {"prefix": "https://igx.4sqi.net/img/user/", "suffix": "/Y00GTJBXBXMVERGZ.jpg"}, "firstName": "Ted", "gender": "male"}, "canonicalUrl": "https://foursquare.com/item/554f304d498ed82b61bf2867", "todo": {"count": 0}, "photourl": "https://igx.4sqi.net/img/general/original/8744522_xYA49eJYs3Qfuw8r1FfY5tUxoCHX4gntwFWTrgSo6-I.jpg"}]}, {"reasons": {"items": [{"reasonName": "globalInteractionReason", "summary": "This spot is popular", "type": "general"}], "count": 0}, "venue": {"hereNow": {"groups": [], "summary": "Nobody here", "count": 0}, "contact": {"phone": "+6567474744", "formattedPhone": "+65 6747 4744"}, "photos": {"groups": [], "count": 0}, "rating": 6.7, "name": "Liu Da Ma Charcoal BBQ Restaurant", "ratingSignals": 20, "allowMenuUrlEdit": true, "categories": [{"pluralName": "Chinese Restaurants", "id": "4bf58dd8d48988d145941735", "primary": true, "icon": {"prefix": "https://ss3.4sqi.net/img/categories_v2/food/asian_", "suffix": ".png"}, "name": "Chinese Restaurant", "shortName": "Chinese"}], "stats": {"checkinsCount": 537, "usersCount": 287, "tipCount": 17}, "id": "4c3726ca3849c928ed24bdb1", "beenHere": {"lastCheckinExpiredAt": 0, "count": 0, "marked": false}, "ratingColor": "FFC800", "location": {"lng": 103.87825685974632, "formattedAddress": ["260 Geylang Road (Lorong 12)", "388643", "Singapore"], "postalCode": "388643", "lat": 1.312516253053222, "crossStreet": "Lorong 12", "country": "Singapore", "distance": 773, "city": "Singapore", "cc": "SG", "address": "260 Geylang Road", "labeledLatLngs": [{"lng": 103.87825685974632, "label": "display", "lat": 1.312516253053222}]}, "verified": false, "price": {"tier": 1, "currency": "$", "message": "Cheap"}}, "referralId": "e-3-4c3726ca3849c928ed24bdb1-12", "tips": [{"id": "4c962b3301dd76b0562dc148", "text": "Mmm... Cumin", "disagreeCount": 0, "logView": true, "createdAt": 1284909875, "likes": {"groups": [], "summary": "2 likes", "count": 2}, "todo": {"count": 1}, "agreeCount": 0, "canonicalUrl": "https://foursquare.com/item/4c962b3301dd76b0562dc148", "type": "user", "user": {"gender": "male", "id": "308951", "photo": {"prefix": "https://igx.4sqi.net/img/user/", "suffix": "/3UP0AI4WEWFBWG2M.jpg"}, "firstName": "Gabriel", "lastName": "Seah"}}]}, {"reasons": {"items": [{"reasonName": "globalInteractionReason", "summary": "This spot is popular", "type": "general"}], "count": 0}, "venue": {"hereNow": {"groups": [], "summary": "Nobody here", "count": 0}, "contact": {"phone": "+6593880723", "formattedPhone": "+65 9388 0723"}, "photos": {"groups": [], "count": 0}, "rating": 6.4, "name": "Geylang Lorong 9 Beef Kway Teow", "ratingSignals": 96, "allowMenuUrlEdit": true, "categories": [{"pluralName": "Noodle Houses", "id": "4bf58dd8d48988d1d1941735", "primary": true, "icon": {"prefix": "https://ss3.4sqi.net/img/categories_v2/food/ramen_", "suffix": ".png"}, "name": "Noodle House", "shortName": "Noodles"}], "stats": {"checkinsCount": 3596, "usersCount": 2440, "tipCount": 43}, "id": "4b150380f964a520d5a723e3", "beenHere": {"lastCheckinExpiredAt": 0, "count": 0, "marked": false}, "ratingColor": "FFC800", "location": {"lng": 103.87659199522163, "formattedAddress": ["237 Geylang Road (Lorong 9 Geylang)", "389296", "Singapore"], "postalCode": "389296", "lat": 1.312265262467436, "crossStreet": "Lorong 9 Geylang", "country": "Singapore", "distance": 585, "city": "Singapore", "cc": "SG", "address": "237 Geylang Road", "labeledLatLngs": [{"lng": 103.87659199522163, "label": "display", "lat": 1.312265262467436}]}, "hours": {"isLocalHoliday": false, "isOpen": true, "status": "Open until 3:00 AM"}, "verified": false, "price": {"tier": 1, "currency": "$", "message": "Cheap"}}, "referralId": "e-3-4b150380f964a520d5a723e3-13", "tips": [{"id": "4cdcc1a6930af04dbd749297", "text": "Seafood Beanpaste hor fun!!", "disagreeCount": 0, "logView": true, "createdAt": 1289535910, "likes": {"groups": [], "summary": "4 likes", "count": 4}, "todo": {"count": 1}, "agreeCount": 1, "canonicalUrl": "https://foursquare.com/item/4cdcc1a6930af04dbd749297", "type": "user", "user": {"gender": "female", "id": "4469080", "photo": {"prefix": "https://igx.4sqi.net/img/user/", "suffix": "/IHMCQ5HSW314KYDI.jpg"}, "firstName": "Shirlyn", "lastName": "Ng"}}]}, {"reasons": {"items": [{"reasonName": "globalInteractionReason", "summary": "This spot is popular", "type": "general"}], "count": 0}, "venue": {"contact": {}, "photos": {"groups": [], "count": 0}, "rating": 6.0, "name": "Chang Cheng Mee Wah \u9577\u57ce\u7f8e\u83ef (Former G5 Food House)", "ratingSignals": 13, "allowMenuUrlEdit": true, "categories": [{"pluralName": "Food Courts", "id": "4bf58dd8d48988d120951735", "primary": true, "icon": {"prefix": "https://ss3.4sqi.net/img/categories_v2/shops/food_foodcourt_", "suffix": ".png"}, "name": "Food Court", "shortName": "Food Court"}], "stats": {"checkinsCount": 1588, "usersCount": 299, "tipCount": 15}, "id": "4c024271f56c2d7f4f301b66", "beenHere": {"lastCheckinExpiredAt": 0, "count": 0, "marked": false}, "ratingColor": "FFC800", "location": {"formattedAddress": ["Blk 5, Upper Boon Keng Road, #01-01/04", "Singapore"], "lat": 1.3127406145798555, "lng": 103.8731038570404, "country": "Singapore", "distance": 236, "city": "Singapore", "cc": "SG", "address": "Blk 5, Upper Boon Keng Road, #01-01/04", "labeledLatLngs": [{"lng": 103.8731038570404, "label": "display", "lat": 1.3127406145798555}]}, "hours": {"isLocalHoliday": false, "isOpen": true, "status": "Open until Midnight"}, "verified": false, "hereNow": {"groups": [], "summary": "Nobody here", "count": 0}}, "referralId": "e-3-4c024271f56c2d7f4f301b66-14", "tips": [{"id": "4d09f276454c6dcb7a003c8e", "text": "If u drive, better put coupon. The car park attendant here very hard working.", "disagreeCount": 0, "logView": true, "createdAt": 1292497526, "likes": {"groups": [], "summary": "3 likes", "count": 3}, "todo": {"count": 0}, "agreeCount": 0, "canonicalUrl": "https://foursquare.com/item/4d09f276454c6dcb7a003c8e", "type": "user", "user": {"gender": "female", "id": "4039949", "photo": {"prefix": "https://igx.4sqi.net/img/user/", "suffix": "/4039949-WQINVUBHXANDO2W0.jpg"}, "firstName": "Kath", "lastName": "Lim"}}]}, {"reasons": {"items": [{"reasonName": "globalInteractionReason", "summary": "This spot is popular", "type": "general"}], "count": 0}, "venue": {"contact": {}, "photos": {"groups": [], "count": 0}, "rating": 5.9, "name": "\u957f\u57ce\u7f8e\u534e Chang Cheng Mee Wah Coffee Shop (Chang Cheng Mee Wah Coffee Shop)", "ratingSignals": 15, "allowMenuUrlEdit": true, "categories": [{"pluralName": "Food Courts", "id": "4bf58dd8d48988d120951735", "primary": true, "icon": {"prefix": "https://ss3.4sqi.net/img/categories_v2/shops/food_foodcourt_", "suffix": ".png"}, "name": "Food Court", "shortName": "Food Court"}], "stats": {"checkinsCount": 2273, "usersCount": 528, "tipCount": 9}, "id": "4b6ac65ff964a520b8df2be3", "beenHere": {"lastCheckinExpiredAt": 0, "count": 0, "marked": false}, "ratingColor": "FF9600", "location": {"lng": 103.87179571340758, "formattedAddress": ["Blk 5, Upper Boon Keng Road, #01-22/25 (Lorong 1 Geylang)", "380005", "Singapore"], "postalCode": "380005", "lat": 1.3128240281477457, "crossStreet": "Lorong 1 Geylang", "country": "Singapore", "distance": 155, "city": "Singapore", "cc": "SG", "address": "Blk 5, Upper Boon Keng Road, #01-22/25", "labeledLatLngs": [{"lng": 103.87179571340758, "label": "display", "lat": 1.3128240281477457}]}, "hours": {"isLocalHoliday": false, "isOpen": true, "status": "Likely open"}, "verified": false, "hereNow": {"groups": [], "summary": "Nobody here", "count": 0}}, "referralId": "e-3-4b6ac65ff964a520b8df2be3-15", "tips": [{"id": "4d93d55f544c236acb4baf9f", "text": "Big bao yummy", "disagreeCount": 0, "logView": true, "createdAt": 1301534047, "likes": {"groups": [], "summary": "1 like", "count": 1}, "todo": {"count": 0}, "agreeCount": 1, "canonicalUrl": "https://foursquare.com/item/4d93d55f544c236acb4baf9f", "type": "user", "user": {"gender": "female", "id": "7957311", "photo": {"prefix": "https://igx.4sqi.net/img/user/", "suffix": "/OHOL0BXNVBYTPK4E.jpg"}, "firstName": "Fei", "lastName": "Lake"}}]}, {"reasons": {"items": [{"reasonName": "globalInteractionReason", "summary": "This spot is popular", "type": "general"}], "count": 0}, "venue": {"hereNow": {"groups": [], "summary": "Nobody here", "count": 0}, "contact": {}, "photos": {"groups": [], "count": 0}, "rating": 6.3, "name": "Mufiz Prata Corner", "ratingSignals": 22, "allowMenuUrlEdit": true, "categories": [{"pluralName": "Indian Restaurants", "id": "4bf58dd8d48988d10f941735", "primary": true, "icon": {"prefix": "https://ss3.4sqi.net/img/categories_v2/food/indian_", "suffix": ".png"}, "name": "Indian Restaurant", "shortName": "Indian"}], "stats": {"checkinsCount": 611, "usersCount": 405, "tipCount": 9}, "id": "4d6c3ae4b236a143340d44c4", "beenHere": {"lastCheckinExpiredAt": 0, "count": 0, "marked": false}, "ratingColor": "FFC800", "location": {"lng": 103.87814926584669, "formattedAddress": ["Geylang Rd (Lorong 12 Geylang)", "Singapore"], "lat": 1.3122532913557428, "crossStreet": "Lorong 12 Geylang", "country": "Singapore", "distance": 757, "city": "Singapore", "cc": "SG", "address": "Geylang Rd", "labeledLatLngs": [{"lng": 103.87814926584669, "label": "display", "lat": 1.3122532913557428}]}, "verified": false, "price": {"tier": 2, "currency": "$", "message": "Moderate"}}, "referralId": "e-3-4d6c3ae4b236a143340d44c4-16", "tips": [{"logView": true, "photo": {"id": "51f342d3498e648df228d9e9", "visibility": "public", "source": {"name": "Foursquare for iOS", "url": "https://foursquare.com/download/#/iphone"}, "suffix": "/3056495_MQrhKuNyyJXZMPnkJzqq65BgMlMyJ3nTxQTyvTgMz1c.jpg", "createdAt": 1374896851, "prefix": "https://igx.4sqi.net/img/general/", "width": 720, "height": 960}, "createdAt": 1374896842, "agreeCount": 0, "id": "51f342ca498ef6ab436e9acc", "text": "Kickass Mamak Style Chicken Chop", "type": "user", "disagreeCount": 0, "user": {"gender": "male", "id": "3056495", "photo": {"prefix": "https://igx.4sqi.net/img/user/", "suffix": "/3056495-WUVUZIWG0XLF4CQD.jpg"}, "firstName": "Jasman", "lastName": "Alwi"}, "canonicalUrl": "https://foursquare.com/item/51f342ca498ef6ab436e9acc", "todo": {"count": 0}, "photourl": "https://igx.4sqi.net/img/general/original/3056495_MQrhKuNyyJXZMPnkJzqq65BgMlMyJ3nTxQTyvTgMz1c.jpg"}]}, {"reasons": {"items": [{"reasonName": "globalInteractionReason", "summary": "This spot is popular", "type": "general"}], "count": 0}, "venue": {"hereNow": {"groups": [], "summary": "Nobody here", "count": 0}, "contact": {}, "photos": {"groups": [], "count": 0}, "rating": 5.5, "name": "Mr Bean", "ratingSignals": 8, "allowMenuUrlEdit": true, "categories": [{"pluralName": "Snack Places", "id": "4bf58dd8d48988d1c7941735", "primary": true, "icon": {"prefix": "https://ss3.4sqi.net/img/categories_v2/food/snacks_", "suffix": ".png"}, "name": "Snack Place", "shortName": "Snacks"}], "stats": {"checkinsCount": 859, "usersCount": 350, "tipCount": 9}, "id": "4bd991d067b49c745e922214", "beenHere": {"lastCheckinExpiredAt": 0, "count": 0, "marked": false}, "ratingColor": "FF9600", "location": {"lng": 103.87164848664649, "formattedAddress": ["5 Sims Avenue #01-06 (Kallang MRT Station)", "387405", "Singapore"], "postalCode": "387405", "lat": 1.3115946935507528, "crossStreet": "Kallang MRT Station", "country": "Singapore", "distance": 31, "city": "Singapore", "cc": "SG", "address": "5 Sims Avenue #01-06", "labeledLatLngs": [{"lng": 103.87164848664649, "label": "display", "lat": 1.3115946935507528}]}, "hours": {"isLocalHoliday": false, "isOpen": false}, "verified": false, "price": {"tier": 1, "currency": "$", "message": "Cheap"}}, "referralId": "e-3-4bd991d067b49c745e922214-17", "tips": [{"logView": true, "photo": {"id": "525e1d9311d2f4cde86a2f12", "visibility": "public", "source": {"name": "Foursquare Web", "url": "https://foursquare.com"}, "suffix": "/37542574_4kib74MLdqy_76NxJG0kcEvMrLysBeyLELYPtbCrEEY.jpg", "createdAt": 1381899667, "prefix": "https://igx.4sqi.net/img/general/", "width": 400, "height": 300}, "createdAt": 1381899666, "todo": {"count": 0}, "agreeCount": 1, "likes": {"groups": [], "summary": "1 like", "count": 1}, "id": "525e1d92498e7ddaf51e667d", "text": "I'm LOVING it...... :))", "disagreeCount": 0, "user": {"gender": "male", "id": "37542574", "photo": {"prefix": "https://igx.4sqi.net/img/user/", "suffix": "/37542574-OHIWBZJYQGFWHAH0"}, "firstName": "Sean Lim", "lastName": "\u5c0f\u6797\u65b9\u6b63"}, "canonicalUrl": "https://foursquare.com/item/525e1d92498e7ddaf51e667d", "type": "user", "photourl": "https://igx.4sqi.net/img/general/original/37542574_4kib74MLdqy_76NxJG0kcEvMrLysBeyLELYPtbCrEEY.jpg"}]}, {"reasons": {"items": [{"reasonName": "globalInteractionReason", "summary": "This spot is popular", "type": "general"}], "count": 0}, "venue": {"hereNow": {"groups": [], "summary": "Nobody here", "count": 0}, "contact": {}, "photos": {"groups": [], "count": 0}, "name": "Xing Zhou Wu Xiang Xia Bing", "allowMenuUrlEdit": true, "beenHere": {"lastCheckinExpiredAt": 0, "count": 0, "marked": false}, "stats": {"checkinsCount": 40, "usersCount": 18, "tipCount": 1}, "id": "4fd2e663e4b09ba567d14486", "categories": [{"pluralName": "Chinese Restaurants", "id": "4bf58dd8d48988d145941735", "primary": true, "icon": {"prefix": "https://ss3.4sqi.net/img/categories_v2/food/asian_", "suffix": ".png"}, "name": "Chinese Restaurant", "shortName": "Chinese"}], "location": {"formattedAddress": ["2 Jalan Ayer", "Singapore"], "lat": 1.311201, "lng": 103.872715, "distance": 151, "country": "Singapore", "cc": "SG", "address": "2 Jalan Ayer", "labeledLatLngs": [{"lng": 103.872715, "label": "display", "lat": 1.311201}]}, "verified": false, "price": {"tier": 1, "currency": "$", "message": "Cheap"}}, "referralId": "e-3-4fd2e663e4b09ba567d14486-18", "tips": [{"id": "56381510cd107c3189c84c24", "text": "Come too late and you can't find anything...", "disagreeCount": 1, "createdAt": 1446515984, "logView": true, "todo": {"count": 0}, "agreeCount": 0, "canonicalUrl": "https://foursquare.com/item/56381510cd107c3189c84c24", "type": "user", "user": {"gender": "female", "id": "942443", "photo": {"prefix": "https://igx.4sqi.net/img/user/", "suffix": "/ITQR3IXBDMGMIM0J.jpg"}, "firstName": "Lexelle", "lastName": "de Charmaine"}}]}, {"reasons": {"items": [{"reasonName": "globalInteractionReason", "summary": "This spot is popular", "type": "general"}], "count": 0}, "venue": {"hereNow": {"groups": [], "summary": "Nobody here", "count": 0}, "contact": {}, "photos": {"groups": [], "count": 0}, "name": "Umisushi", "allowMenuUrlEdit": true, "beenHere": {"lastCheckinExpiredAt": 0, "count": 0, "marked": false}, "stats": {"checkinsCount": 281, "usersCount": 180, "tipCount": 0}, "id": "4dc4b6b5c65b89d3ca5cb025", "categories": [{"pluralName": "Sushi Restaurants", "id": "4bf58dd8d48988d1d2941735", "primary": true, "icon": {"prefix": "https://ss3.4sqi.net/img/categories_v2/food/sushi_", "suffix": ".png"}, "name": "Sushi Restaurant", "shortName": "Sushi"}], "url": "http://www.umisushi.com.sg", "location": {"lng": 103.87167113690707, "formattedAddress": ["#01-03, Kallang MRT (5 Sims Ave)", "387405", "Singapore"], "postalCode": "387405", "lat": 1.3113403595107, "crossStreet": "5 Sims Ave", "country": "Singapore", "distance": 35, "city": "Singapore", "cc": "SG", "address": "#01-03, Kallang MRT", "labeledLatLngs": [{"lng": 103.87167113690707, "label": "display", "lat": 1.3113403595107}]}, "hours": {"isLocalHoliday": false, "isOpen": true, "status": "Likely open"}, "verified": false, "price": {"tier": 2, "currency": "$", "message": "Moderate"}}, "referralId": "e-3-4dc4b6b5c65b89d3ca5cb025-19"}, {"reasons": {"items": [{"reasonName": "globalInteractionReason", "summary": "This spot is popular", "type": "general"}], "count": 0}, "venue": {"hereNow": {"groups": [], "summary": "Nobody here", "count": 0}, "contact": {}, "photos": {"groups": [], "count": 0}, "name": "Golden Rooster", "allowMenuUrlEdit": true, "beenHere": {"lastCheckinExpiredAt": 0, "count": 0, "marked": false}, "stats": {"checkinsCount": 77, "usersCount": 28, "tipCount": 2}, "id": "4d90c2d4788c548192b46bfd", "categories": [{"pluralName": "Fried Chicken Joints", "id": "4d4ae6fc7a7b7dea34424761", "primary": true, "icon": {"prefix": "https://ss3.4sqi.net/img/categories_v2/food/friedchicken_", "suffix": ".png"}, "name": "Fried Chicken Joint", "shortName": "Fried Chicken"}], "location": {"formattedAddress": ["Blk 5, Upper Boon Keng Road, #01-22", "Singapore"], "lat": 1.3127597624592033, "lng": 103.871727762575, "distance": 146, "country": "Singapore", "cc": "SG", "address": "Blk 5, Upper Boon Keng Road, #01-22", "labeledLatLngs": [{"lng": 103.871727762575, "label": "display", "lat": 1.3127597624592033}]}, "verified": false, "price": {"tier": 1, "currency": "$", "message": "Cheap"}}, "referralId": "e-3-4d90c2d4788c548192b46bfd-20", "tips": [{"logView": true, "photo": {"id": "557c05b4498e545d0af0a2c4", "visibility": "public", "source": {"name": "Foursquare for iOS", "url": "https://foursquare.com/download/#/iphone"}, "suffix": "/951387_nb0vlASdMHLNXrUl2pXhEGBiHVpp4fgDXg_WAMzoCVc.jpg", "createdAt": 1434191284, "prefix": "https://igx.4sqi.net/img/general/", "width": 1440, "height": 1920}, "createdAt": 1434191281, "agreeCount": 0, "id": "557c05b1498ee7d7c763646e", "text": "Food is good here. Their chicken wings and fried stuff are generally good. Beware the order taker who will try to push you to order more than required.", "type": "user", "disagreeCount": 0, "user": {"gender": "female", "id": "951387", "photo": {"prefix": "https://igx.4sqi.net/img/user/", "suffix": "/I2YP30PZCNLM5UKH.jpg"}, "firstName": "Pheobe", "lastName": "Tan"}, "canonicalUrl": "https://foursquare.com/item/557c05b1498ee7d7c763646e", "todo": {"count": 0}, "photourl": "https://igx.4sqi.net/img/general/original/951387_nb0vlASdMHLNXrUl2pXhEGBiHVpp4fgDXg_WAMzoCVc.jpg"}]}, {"reasons": {"items": [{"reasonName": "globalInteractionReason", "summary": "This spot is popular", "type": "general"}], "count": 0}, "venue": {"hereNow": {"groups": [], "summary": "Nobody here", "count": 0}, "contact": {}, "photos": {"groups": [], "count": 0}, "name": "Old Chang Kee @ Kallang Mrt", "allowMenuUrlEdit": true, "beenHere": {"lastCheckinExpiredAt": 0, "count": 0, "marked": false}, "stats": {"checkinsCount": 219, "usersCount": 121, "tipCount": 4}, "id": "4ce246c169136dcb9255eee6", "categories": [{"pluralName": "Snack Places", "id": "4bf58dd8d48988d1c7941735", "primary": true, "icon": {"prefix": "https://ss3.4sqi.net/img/categories_v2/food/snacks_", "suffix": ".png"}, "name": "Snack Place", "shortName": "Snacks"}], "location": {"formattedAddress": ["Sims Ave", "Singapore"], "lat": 1.311451938757559, "lng": 103.87190896487046, "country": "Singapore", "distance": 58, "city": "Singapore", "cc": "SG", "address": "Sims Ave", "labeledLatLngs": [{"lng": 103.87190896487046, "label": "display", "lat": 1.311451938757559}]}, "verified": false, "price": {"tier": 1, "currency": "$", "message": "Cheap"}}, "referralId": "e-3-4ce246c169136dcb9255eee6-21", "tips": [{"logView": true, "photo": {"id": "565dba07498e3ad768108fe3", "visibility": "public", "source": {"name": "Foursquare Web", "url": "https://foursquare.com"}, "suffix": "/8344769_XMqsUbfVCNURh4-ShwH5DlVFmKNWWIdaF0JnQdwyMCw.jpg", "createdAt": 1448983047, "prefix": "https://igx.4sqi.net/img/general/", "width": 3264, "height": 2448}, "createdAt": 1448983009, "agreeCount": 0, "id": "565db9e1498e93ac2cedda09", "text": "Best place for cheap, quick and filling food", "type": "user", "disagreeCount": 0, "user": {"gender": "male", "id": "8344769", "photo": {"prefix": "https://igx.4sqi.net/img/user/", "suffix": "/GLSAELG1IIKNANVK.jpg"}, "firstName": "THE Z WORLD", "lastName": "ZAHRAN"}, "canonicalUrl": "https://foursquare.com/item/565db9e1498e93ac2cedda09", "todo": {"count": 0}, "photourl": "https://igx.4sqi.net/img/general/original/8344769_XMqsUbfVCNURh4-ShwH5DlVFmKNWWIdaF0JnQdwyMCw.jpg"}]}, {"reasons": {"items": [{"reasonName": "globalInteractionReason", "summary": "This spot is popular", "type": "general"}], "count": 0}, "venue": {"hereNow": {"groups": [], "summary": "Nobody here", "count": 0}, "contact": {}, "photos": {"groups": [], "count": 0}, "name": "Korean Hot Stone BBQ @ Geylang", "allowMenuUrlEdit": true, "beenHere": {"lastCheckinExpiredAt": 0, "count": 0, "marked": false}, "stats": {"checkinsCount": 46, "usersCount": 35, "tipCount": 1}, "id": "4c8b83f46418a14396b3e9ce", "categories": [{"pluralName": "Asian Restaurants", "id": "4bf58dd8d48988d142941735", "primary": true, "icon": {"prefix": "https://ss3.4sqi.net/img/categories_v2/food/asian_", "suffix": ".png"}, "name": "Asian Restaurant", "shortName": "Asian"}], "location": {"formattedAddress": ["85 Geylang Rd", "Singapore"], "lat": 1.310743, "lng": 103.873017, "distance": 199, "country": "Singapore", "cc": "SG", "address": "85 Geylang Rd", "labeledLatLngs": [{"lng": 103.873017, "label": "display", "lat": 1.310743}]}, "verified": false, "price": {"tier": 2, "currency": "$", "message": "Moderate"}}, "referralId": "e-3-4c8b83f46418a14396b3e9ce-22", "tips": [{"id": "4d25e8f6f50aa35d186c389f", "text": "Be prepare to be stink!", "disagreeCount": 0, "createdAt": 1294330102, "logView": true, "todo": {"count": 0}, "agreeCount": 0, "canonicalUrl": "https://foursquare.com/item/4d25e8f6f50aa35d186c389f", "type": "user", "user": {"gender": "female", "id": "472444", "photo": {"prefix": "https://igx.4sqi.net/img/user/", "suffix": "/472444-52OKDEXHNLU4OYUK.jpg"}, "firstName": "Eithanda", "lastName": "Hlaing"}}]}, {"reasons": {"items": [{"reasonName": "globalInteractionReason", "summary": "This spot is popular", "type": "general"}], "count": 0}, "venue": {"hereNow": {"groups": [], "summary": "Nobody here", "count": 0}, "contact": {}, "photos": {"groups": [], "count": 0}, "rating": 6.0, "name": "\u5218\u5927\u5988\u70e7\u70e4\u5427", "ratingSignals": 8, "allowMenuUrlEdit": true, "categories": [{"pluralName": "BBQ Joints", "id": "4bf58dd8d48988d1df931735", "primary": true, "icon": {"prefix": "https://ss3.4sqi.net/img/categories_v2/food/bbqalt_", "suffix": ".png"}, "name": "BBQ Joint", "shortName": "BBQ"}], "stats": {"checkinsCount": 156, "usersCount": 115, "tipCount": 2}, "id": "4d21c13f16cfb60cabda6361", "beenHere": {"lastCheckinExpiredAt": 0, "count": 0, "marked": false}, "ratingColor": "FFC800", "location": {"formattedAddress": ["26 Lorong 11 Geylang Road", "Singapore"], "lat": 1.3133112266033922, "lng": 103.87692609905801, "distance": 649, "country": "Singapore", "cc": "SG", "address": "26 Lorong 11 Geylang Road", "labeledLatLngs": [{"lng": 103.87692609905801, "label": "display", "lat": 1.3133112266033922}]}, "verified": false, "price": {"tier": 2, "currency": "$", "message": "Moderate"}}, "referralId": "e-3-4d21c13f16cfb60cabda6361-23", "tips": [{"logView": true, "photo": {"id": "55253b32498ed89d5c573fac", "visibility": "public", "source": {"name": "Foursquare for iOS", "url": "https://foursquare.com/download/#/iphone"}, "suffix": "/18820603_c7S9iyms9uVmq9tcLDRHBGN_cnr1PXCkTmXpFmn_nq4.jpg", "createdAt": 1428503346, "prefix": "https://igx.4sqi.net/img/general/", "width": 1920, "height": 1439}, "createdAt": 1428503344, "agreeCount": 0, "id": "55253b30498e23cb2155da3e", "text": "Great skewers, excellent food", "type": "user", "disagreeCount": 0, "user": {"gender": "female", "id": "18820603", "photo": {"prefix": "https://igx.4sqi.net/img/user/", "suffix": "/18820603-UQBU50JYGEYCKRQ5.jpg"}, "firstName": "Mimi", "lastName": "Cheng"}, "canonicalUrl": "https://foursquare.com/item/55253b30498e23cb2155da3e", "todo": {"count": 0}, "photourl": "https://igx.4sqi.net/img/general/original/18820603_c7S9iyms9uVmq9tcLDRHBGN_cnr1PXCkTmXpFmn_nq4.jpg"}]}, {"reasons": {"items": [{"reasonName": "globalInteractionReason", "summary": "This spot is popular", "type": "general"}], "count": 0}, "venue": {"hereNow": {"groups": [], "summary": "Nobody here", "count": 0}, "contact": {}, "photos": {"groups": [], "count": 0}, "name": "\u5927\u957f\u4eca\u97e9\u56fd\u70e7\u70e4", "allowMenuUrlEdit": true, "beenHere": {"lastCheckinExpiredAt": 0, "count": 0, "marked": false}, "stats": {"checkinsCount": 183, "usersCount": 151, "tipCount": 1}, "id": "4d1b3b766526a35d92cc0d16", "categories": [{"pluralName": "Korean Restaurants", "id": "4bf58dd8d48988d113941735", "primary": true, "icon": {"prefix": "https://ss3.4sqi.net/img/categories_v2/food/korean_", "suffix": ".png"}, "name": "Korean Restaurant", "shortName": "Korean"}], "location": {"formattedAddress": ["No.83/85 Geylang Rd Lorong1", "Singapore"], "lat": 1.310764, "lng": 103.873124, "distance": 209, "country": "Singapore", "cc": "SG", "address": "No.83/85 Geylang Rd Lorong1", "labeledLatLngs": [{"lng": 103.873124, "label": "display", "lat": 1.310764}]}, "verified": false, "price": {"tier": 2, "currency": "$", "message": "Moderate"}}, "referralId": "e-3-4d1b3b766526a35d92cc0d16-24", "tips": [{"logView": true, "photo": {"id": "50f937b5e4b045bb852e4a05", "visibility": "public", "source": {"name": "Foursquare for iOS", "url": "https://foursquare.com/download/#/iphone"}, "suffix": "/38923918_cPoV16YgazKkScpm-SGkXX3uJptWxDrKEY-HbseB0zA.jpg", "createdAt": 1358510005, "prefix": "https://igx.4sqi.net/img/general/", "width": 720, "height": 720}, "createdAt": 1358509994, "agreeCount": 0, "id": "50f937aae4b049fffcecbfb1", "text": "One word, Good!", "type": "user", "disagreeCount": 0, "user": {"gender": "male", "id": "38923918", "photo": {"prefix": "https://igx.4sqi.net/img/user/", "suffix": "/38923918-KOWDCHO2IQU42BWJ.jpg"}, "firstName": "Roy", "lastName": "Toh"}, "canonicalUrl": "https://foursquare.com/item/50f937aae4b049fffcecbfb1", "todo": {"count": 0}, "photourl": "https://igx.4sqi.net/img/general/original/38923918_cPoV16YgazKkScpm-SGkXX3uJptWxDrKEY-HbseB0zA.jpg"}]}, {"reasons": {"items": [{"reasonName": "globalInteractionReason", "summary": "This spot is popular", "type": "general"}], "count": 0}, "venue": {"hereNow": {"groups": [], "summary": "Nobody here", "count": 0}, "contact": {"phone": "+6591526917", "formattedPhone": "+65 9152 6917"}, "photos": {"groups": [], "count": 0}, "name": "Onn Vegetarian \u5b89\u987a\u7d20\u98df", "allowMenuUrlEdit": true, "beenHere": {"lastCheckinExpiredAt": 0, "count": 0, "marked": false}, "stats": {"checkinsCount": 112, "usersCount": 62, "tipCount": 3}, "id": "4d0573aac2e537043971be67", "categories": [{"pluralName": "Vegetarian / Vegan Restaurants", "id": "4bf58dd8d48988d1d3941735", "primary": true, "icon": {"prefix": "https://ss3.4sqi.net/img/categories_v2/food/vegetarian_", "suffix": ".png"}, "name": "Vegetarian / Vegan Restaurant", "shortName": "Vegetarian / Vegan"}], "location": {"lng": 103.873074, "formattedAddress": ["Blk 5, Upper Boon Keng Road, #01-01D (Chang Cheng Mee Wah)", "380005", "Singapore"], "postalCode": "380005", "lat": 1.312815, "crossStreet": "Chang Cheng Mee Wah", "country": "Singapore", "distance": 238, "city": "Singapore", "cc": "SG", "address": "Blk 5, Upper Boon Keng Road, #01-01D", "labeledLatLngs": [{"lng": 103.873074, "label": "display", "lat": 1.312815}]}, "hours": {"isLocalHoliday": false, "isOpen": false, "status": "Closed until 7:00 AM tomorrow"}, "verified": false, "price": {"tier": 2, "currency": "$", "message": "Moderate"}}, "referralId": "e-3-4d0573aac2e537043971be67-25", "tips": [{"logView": true, "photo": {"id": "59505c277918711301b9299e", "visibility": "public", "source": {"name": "Foursquare for iOS", "url": "https://foursquare.com/download/#/iphone"}, "suffix": "/231366_ehdK2SgkQDErCzZWpqILFhOH5s9CB8C7HB4ZjV9iF28.jpg", "createdAt": 1498438695, "prefix": "https://igx.4sqi.net/img/general/", "width": 1920, "height": 1440}, "createdAt": 1498439416, "agreeCount": 0, "id": "59505ef8febf3175c87f17b8", "text": "Enjoyed their mushroom minced meat noodle with deep fried dumplings. Tasty goodness with every bite. I like the fact that they use vegetables & fresh ingredients, instead of gluten products", "type": "user", "disagreeCount": 0, "user": {"gender": "male", "id": "231366", "photo": {"prefix": "https://igx.4sqi.net/img/user/", "suffix": "/231366-Q2ZSAEF50GYUXPDA.jpg"}, "firstName": "Cheen", "lastName": "The Curious"}, "canonicalUrl": "https://foursquare.com/item/59505ef8febf3175c87f17b8", "todo": {"count": 0}, "photourl": "https://igx.4sqi.net/img/general/original/231366_ehdK2SgkQDErCzZWpqILFhOH5s9CB8C7HB4ZjV9iF28.jpg"}]}, {"reasons": {"items": [{"reasonName": "globalInteractionReason", "summary": "This spot is popular", "type": "general"}], "count": 0}, "venue": {"hereNow": {"groups": [], "summary": "Nobody here", "count": 0}, "contact": {}, "photos": {"groups": [], "count": 0}, "name": "Block 11 Foodcourt", "allowMenuUrlEdit": true, "beenHere": {"lastCheckinExpiredAt": 0, "count": 0, "marked": false}, "stats": {"checkinsCount": 80, "usersCount": 39, "tipCount": 2}, "id": "4d0249f457e2a093f621d536", "categories": [{"pluralName": "Asian Restaurants", "id": "4bf58dd8d48988d142941735", "primary": true, "icon": {"prefix": "https://ss3.4sqi.net/img/categories_v2/food/asian_", "suffix": ".png"}, "name": "Asian Restaurant", "shortName": "Asian"}], "location": {"lng": 103.87146728469726, "formattedAddress": ["Upper Boon Keng Road (Block 11)", "387411", "Singapore"], "postalCode": "387411", "lat": 1.3141654410919237, "crossStreet": "Block 11", "country": "Singapore", "distance": 298, "city": "Singapore", "cc": "SG", "address": "Upper Boon Keng Road", "labeledLatLngs": [{"lng": 103.87146728469726, "label": "display", "lat": 1.3141654410919237}]}, "verified": false, "price": {"tier": 2, "currency": "$", "message": "Moderate"}}, "referralId": "e-3-4d0249f457e2a093f621d536-26", "tips": [{"id": "4cf4480c8333224bd61f1a8e", "text": "Fong Yong Tau Foo (\u98ce\u917f\u8c46\u8150) nice!!! Shd give it a try", "disagreeCount": 0, "logView": true, "createdAt": 1291077644, "likes": {"groups": [], "summary": "1 like", "count": 1}, "todo": {"count": 0}, "agreeCount": 0, "canonicalUrl": "https://foursquare.com/item/4cf4480c8333224bd61f1a8e", "type": "user", "user": {"gender": "male", "id": "4483040", "photo": {"prefix": "https://igx.4sqi.net/img/user/", "suffix": "/MBV3EQ4DCDTKH3YC.jpg"}, "firstName": "Low", "lastName": "Pei Wei"}}]}, {"reasons": {"items": [{"reasonName": "globalInteractionReason", "summary": "This spot is popular", "type": "general"}], "count": 0}, "venue": {"hereNow": {"groups": [], "summary": "Nobody here", "count": 0}, "contact": {}, "photos": {"groups": [], "count": 0}, "name": "Boon Keng Ville", "allowMenuUrlEdit": true, "beenHere": {"lastCheckinExpiredAt": 0, "count": 0, "marked": false}, "stats": {"checkinsCount": 221, "usersCount": 90, "tipCount": 0}, "id": "4ca57f2f97c8a1cd43aa67a5", "categories": [{"pluralName": "Asian Restaurants", "id": "4bf58dd8d48988d142941735", "primary": true, "icon": {"prefix": "https://ss3.4sqi.net/img/categories_v2/food/asian_", "suffix": ".png"}, "name": "Asian Restaurant", "shortName": "Asian"}], "location": {"formattedAddress": ["Singapore"], "lat": 1.314255154988937, "lng": 103.87151824772114, "distance": 308, "country": "Singapore", "cc": "SG", "labeledLatLngs": [{"lng": 103.87151824772114, "label": "display", "lat": 1.314255154988937}]}, "verified": false, "price": {"tier": 2, "currency": "$", "message": "Moderate"}}, "referralId": "e-3-4ca57f2f97c8a1cd43aa67a5-27"}, {"reasons": {"items": [{"reasonName": "globalInteractionReason", "summary": "This spot is popular", "type": "general"}], "count": 0}, "venue": {"hereNow": {"groups": [], "summary": "Nobody here", "count": 0}, "contact": {}, "photos": {"groups": [], "count": 0}, "name": "Blk 17 Upper Boon Keng Road", "allowMenuUrlEdit": true, "beenHere": {"lastCheckinExpiredAt": 0, "count": 0, "marked": false}, "stats": {"checkinsCount": 122, "usersCount": 51, "tipCount": 1}, "id": "4c6cfa2cf2846dcb354f64e9", "categories": [{"pluralName": "Asian Restaurants", "id": "4bf58dd8d48988d142941735", "primary": true, "icon": {"prefix": "https://ss3.4sqi.net/img/categories_v2/food/asian_", "suffix": ".png"}, "name": "Asian Restaurant", "shortName": "Asian"}], "location": {"formattedAddress": ["17 Upper Boon Keng Rd", "Singapore"], "lat": 1.314507170584386, "lng": 103.87164282408193, "country": "Singapore", "distance": 337, "city": "Singapore", "cc": "SG", "address": "17 Upper Boon Keng Rd", "labeledLatLngs": [{"lng": 103.87164282408193, "label": "display", "lat": 1.314507170584386}]}, "verified": false, "price": {"tier": 2, "currency": "$", "message": "Moderate"}}, "referralId": "e-3-4c6cfa2cf2846dcb354f64e9-28", "tips": [{"id": "4dce0a32b0fb25f6e33ab006", "text": "Xin Kee Hainanese chicken rice is cheap and good", "disagreeCount": 0, "createdAt": 1305348658, "logView": true, "todo": {"count": 0}, "agreeCount": 0, "canonicalUrl": "https://foursquare.com/item/4dce0a32b0fb25f6e33ab006", "type": "user", "user": {"gender": "male", "id": "635354", "photo": {"prefix": "https://igx.4sqi.net/img/user/", "suffix": "/DXIMK4XPY5Z3FQRM.jpg"}, "firstName": "Chris", "lastName": "Ng"}}]}, {"reasons": {"items": [{"reasonName": "globalInteractionReason", "summary": "This spot is popular", "type": "general"}], "count": 0}, "venue": {"id": "4d01fbdc3c89b60c6949648f", "hereNow": {"groups": [], "summary": "Nobody here", "count": 0}, "contact": {}, "beenHere": {"lastCheckinExpiredAt": 0, "count": 0, "marked": false}, "photos": {"groups": [], "count": 0}, "name": "Batu Berapi Grill @Upper Boon Keng Market & Food Centre", "location": {"formattedAddress": ["Blk 17 Upp Boon Keng Rd #01-11/13", "Singapore"], "lat": 1.3148211256627067, "lng": 103.87201655384735, "country": "Singapore", "distance": 377, "city": "Kallang", "cc": "SG", "address": "Blk 17 Upp Boon Keng Rd #01-11/13", "labeledLatLngs": [{"lng": 103.87201655384735, "label": "display", "lat": 1.3148211256627067}]}, "allowMenuUrlEdit": true, "verified": false, "categories": [{"pluralName": "Halal Restaurants", "id": "52e81612bcbc57f1066b79ff", "primary": true, "icon": {"prefix": "https://ss3.4sqi.net/img/categories_v2/food/halal_", "suffix": ".png"}, "name": "Halal Restaurant", "shortName": "Halal"}], "stats": {"checkinsCount": 90, "usersCount": 40, "tipCount": 0}}, "referralId": "e-3-4d01fbdc3c89b60c6949648f-29"}, {"reasons": {"items": [{"reasonName": "globalInteractionReason", "summary": "This spot is popular", "type": "general"}], "count": 0}, "venue": {"contact": {}, "photos": {"groups": [], "count": 0}, "name": "Geylang Traditional Carrot Cake \u82bd\u7b3c\u7956\u4f20\u83dc\u5934\u7cbf", "allowMenuUrlEdit": true, "beenHere": {"lastCheckinExpiredAt": 0, "count": 0, "marked": false}, "stats": {"checkinsCount": 30, "usersCount": 10, "tipCount": 6}, "id": "5186fac8498ecf320620a526", "categories": [{"pluralName": "Chinese Breakfast Places", "id": "52af3a903cf9994f4e043bee", "primary": true, "icon": {"prefix": "https://ss3.4sqi.net/img/categories_v2/food/asian_", "suffix": ".png"}, "name": "Chinese Breakfast Place", "shortName": "Chinese Breakfast"}], "location": {"lng": 103.871677, "formattedAddress": ["Upper Boon Keng Road Food Centre #01-21 (Blk 17, Upper Boon Keng Road)", "Singapore"], "lat": 1.315019, "crossStreet": "Blk 17, Upper Boon Keng Road", "state": "UBK", "country": "Singapore", "distance": 394, "city": "Singapore", "cc": "SG", "address": "Upper Boon Keng Road Food Centre #01-21", "labeledLatLngs": [{"lng": 103.871677, "label": "display", "lat": 1.315019}]}, "hours": {"isLocalHoliday": false, "isOpen": false, "status": "Closed until 4:00 AM tomorrow"}, "verified": false, "hereNow": {"groups": [], "summary": "Nobody here", "count": 0}}, "referralId": "e-3-5186fac8498ecf320620a526-30", "tips": [{"logView": true, "photo": {"id": "57f1ff9a498eb71c07fb871c", "visibility": "public", "source": {"name": "Swarm for iOS", "url": "https://www.swarmapp.com"}, "suffix": "/55390456_Cy-RRZpV19UIvW0nKLgUDjIp7HgD9eA9vRM7dwUTk30.jpg", "createdAt": 1475477402, "prefix": "https://igx.4sqi.net/img/general/", "width": 1920, "height": 1440}, "createdAt": 1475477402, "agreeCount": 0, "id": "57f1ff9a498eb71c07fb871e", "text": "Definitely go for the black. Tastier and with caramelized bits from the black sauce.", "type": "user", "disagreeCount": 0, "user": {"id": "55390456", "photo": {"prefix": "https://igx.4sqi.net/img/user/", "suffix": "/55390456_xjGWfjYZ_UAMBNliBjCxql6WleMj7JVZzY9y3t2_6WtR-3ecn7WlfLcMpWqn7tIYj_11T_fb-.jpg"}, "firstName": "Ting", "gender": "female"}, "canonicalUrl": "https://foursquare.com/item/57f1ff9a498eb71c07fb871e", "todo": {"count": 0}, "photourl": "https://igx.4sqi.net/img/general/original/55390456_Cy-RRZpV19UIvW0nKLgUDjIp7HgD9eA9vRM7dwUTk30.jpg"}]}, {"reasons": {"items": [{"reasonName": "globalInteractionReason", "summary": "This spot is popular", "type": "general"}], "count": 0}, "venue": {"hereNow": {"groups": [], "summary": "Nobody here", "count": 0}, "contact": {}, "photos": {"groups": [], "count": 0}, "name": "Penang Fried Kway Teow \u69df\u57ce\u7092\u7cbf\u6761", "allowMenuUrlEdit": true, "beenHere": {"lastCheckinExpiredAt": 0, "count": 0, "marked": false}, "stats": {"checkinsCount": 45, "usersCount": 13, "tipCount": 2}, "id": "504abe9de4b01b58f37afc51", "categories": [{"pluralName": "Noodle Houses", "id": "4bf58dd8d48988d1d1941735", "primary": true, "icon": {"prefix": "https://ss3.4sqi.net/img/categories_v2/food/ramen_", "suffix": ".png"}, "name": "Noodle House", "shortName": "Noodles"}], "location": {"formattedAddress": ["Blk 17, Upper Boon Keng Road, #01-08", "Singapore"], "lat": 1.3151192585218856, "lng": 103.87205619191286, "distance": 410, "country": "Singapore", "cc": "SG", "address": "Blk 17, Upper Boon Keng Road, #01-08", "labeledLatLngs": [{"lng": 103.87205619191286, "label": "display", "lat": 1.3151192585218856}]}, "verified": false, "price": {"tier": 1, "currency": "$", "message": "Cheap"}}, "referralId": "e-3-504abe9de4b01b58f37afc51-31", "tips": [{"id": "56695e78498eb47b0ea8a987", "text": "\u041c\u043d\u0435 \u043a\u0430\u0436\u0435\u0442\u0441\u044f \u044d\u0442\u043e \u043c\u043e\u0439 \u0441\u0430\u043c\u044b\u0439 \u043d\u0435\u0443\u0434\u0430\u0447\u043d\u044b\u0439 \u0432\u044b\u0431\u043e\u0440 \u0437\u0430\u0432\u0435\u0434\u0435\u043d\u0438\u0439 \u0432 \u0421\u0438\u043d\u0433\u0430\u043f\u0443\u0440\u0435. \u042f \u043d\u0435 \u0437\u043d\u0430\u044e \u0447\u0442\u043e \u0437\u0430 \u0434\u0440\u044f\u043d\u044c \u044f \u0442\u043e\u043b\u044c\u043a\u043e \u0447\u0442\u043e \u043f\u044b\u0442\u0430\u043b\u0430\u0441\u044c \u0435\u0441\u0442\u044c", "disagreeCount": 0, "createdAt": 1449746040, "logView": true, "todo": {"count": 0}, "agreeCount": 0, "canonicalUrl": "https://foursquare.com/item/56695e78498eb47b0ea8a987", "type": "user", "user": {"gender": "female", "id": "19886777", "photo": {"prefix": "https://igx.4sqi.net/img/user/", "suffix": "/19886777-3SUAPKRKGYREOED0.jpg"}, "firstName": "Elina", "lastName": "Li"}}]}, {"reasons": {"items": [{"reasonName": "globalInteractionReason", "summary": "This spot is popular", "type": "general"}], "count": 0}, "venue": {"hereNow": {"groups": [], "summary": "Nobody here", "count": 0}, "contact": {}, "photos": {"groups": [], "count": 0}, "name": "Sinma Claypot Live Frog", "allowMenuUrlEdit": true, "beenHere": {"lastCheckinExpiredAt": 0, "count": 0, "marked": false}, "stats": {"checkinsCount": 222, "usersCount": 172, "tipCount": 2}, "id": "4bc8bb9692b376b0ee11523a", "categories": [{"pluralName": "Asian Restaurants", "id": "4bf58dd8d48988d142941735", "primary": true, "icon": {"prefix": "https://ss3.4sqi.net/img/categories_v2/food/asian_", "suffix": ".png"}, "name": "Asian Restaurant", "shortName": "Asian"}], "location": {"formattedAddress": ["Singapore"], "lat": 1.3116501782385204, "lng": 103.87525558805919, "distance": 430, "country": "Singapore", "cc": "SG", "labeledLatLngs": [{"lng": 103.87525558805919, "label": "display", "lat": 1.3116501782385204}]}, "verified": false, "price": {"tier": 2, "currency": "$", "message": "Moderate"}}, "referralId": "e-3-4bc8bb9692b376b0ee11523a-32", "tips": [{"logView": true, "photo": {"id": "565db8ba498e3ad7681075ed", "visibility": "public", "source": {"name": "Foursquare Web", "url": "https://foursquare.com"}, "suffix": "/8344769_iuHnwRCypNnET3PjeZWVtosU1ew-Ap8bA-xI4RwTvYE.jpg", "createdAt": 1448982714, "prefix": "https://igx.4sqi.net/img/general/", "width": 3264, "height": 2448}, "createdAt": 1448982691, "agreeCount": 0, "id": "565db8a3498efbb90fca3852", "text": "Not the cleanest place, If your up for a beer and sone frog. Its the right place. A beer is around SIN$10 Food ranges between SING$ 6-14. No one speaks english here. Sign language works.", "type": "user", "disagreeCount": 0, "user": {"gender": "male", "id": "8344769", "photo": {"prefix": "https://igx.4sqi.net/img/user/", "suffix": "/GLSAELG1IIKNANVK.jpg"}, "firstName": "THE Z WORLD", "lastName": "ZAHRAN"}, "canonicalUrl": "https://foursquare.com/item/565db8a3498efbb90fca3852", "todo": {"count": 0}, "photourl": "https://igx.4sqi.net/img/general/original/8344769_iuHnwRCypNnET3PjeZWVtosU1ew-Ap8bA-xI4RwTvYE.jpg"}]}, {"reasons": {"items": [{"reasonName": "globalInteractionReason", "summary": "This spot is popular", "type": "general"}], "count": 0}, "venue": {"hereNow": {"groups": [], "summary": "Nobody here", "count": 0}, "contact": {}, "photos": {"groups": [], "count": 0}, "rating": 5.9, "name": "Sik Wai Sin Eating House", "ratingSignals": 18, "allowMenuUrlEdit": true, "categories": [{"pluralName": "Chinese Restaurants", "id": "4bf58dd8d48988d145941735", "primary": true, "icon": {"prefix": "https://ss3.4sqi.net/img/categories_v2/food/asian_", "suffix": ".png"}, "name": "Chinese Restaurant", "shortName": "Chinese"}], "stats": {"checkinsCount": 650, "usersCount": 445, "tipCount": 16}, "id": "4b62d5cff964a520ab542ae3", "beenHere": {"lastCheckinExpiredAt": 0, "count": 0, "marked": false}, "ratingColor": "FF9600", "location": {"lng": 103.87827951110442, "formattedAddress": ["287 Geylang Road (between Lorong 13 and 15)", "389334", "Singapore"], "postalCode": "389334", "lat": 1.3124075837339804, "crossStreet": "between Lorong 13 and 15", "country": "Singapore", "distance": 773, "city": "Singapore", "cc": "SG", "address": "287 Geylang Road", "labeledLatLngs": [{"lng": 103.87827951110442, "label": "display", "lat": 1.3124075837339804}]}, "hours": {"isLocalHoliday": false, "isOpen": true, "status": "Likely open"}, "verified": false, "price": {"tier": 1, "currency": "$", "message": "Cheap"}}, "referralId": "e-3-4b62d5cff964a520ab542ae3-33", "tips": [{"id": "4d777c822b4b6ea8a43942fe", "text": "Slurps steamed carp head, minced pork with salted fish, fried toufu prawns and much much more!", "disagreeCount": 0, "logView": true, "createdAt": 1299676290, "likes": {"groups": [], "summary": "2 likes", "count": 2}, "todo": {"count": 1}, "agreeCount": 0, "canonicalUrl": "https://foursquare.com/item/4d777c822b4b6ea8a43942fe", "type": "user", "user": {"gender": "male", "id": "7043777", "photo": {"prefix": "https://igx.4sqi.net/img/user/", "suffix": "/PHRPI1UEEEZBUM4H.jpg"}, "firstName": "Ern Sze Raymond", "lastName": "Lim"}}]}, {"reasons": {"items": [{"reasonName": "globalInteractionReason", "summary": "This spot is popular", "type": "general"}], "count": 0}, "venue": {"hereNow": {"groups": [], "summary": "Nobody here", "count": 0}, "contact": {}, "photos": {"groups": [], "count": 0}, "name": "MuFiz Restaurant Pte Ltd", "allowMenuUrlEdit": true, "beenHere": {"lastCheckinExpiredAt": 0, "count": 0, "marked": false}, "stats": {"checkinsCount": 168, "usersCount": 58, "tipCount": 2}, "id": "4be7472c910020a1ed45d514", "categories": [{"pluralName": "Indian Restaurants", "id": "4bf58dd8d48988d10f941735", "primary": true, "icon": {"prefix": "https://ss3.4sqi.net/img/categories_v2/food/indian_", "suffix": ".png"}, "name": "Indian Restaurant", "shortName": "Indian"}], "location": {"formattedAddress": ["18 Upper Boon Keng Road, #01-1121", "Singapore"], "lat": 1.315465022216748, "lng": 103.87229919433594, "country": "Singapore", "distance": 454, "city": "Singapore", "cc": "SG", "address": "18 Upper Boon Keng Road, #01-1121", "labeledLatLngs": [{"lng": 103.87229919433594, "label": "display", "lat": 1.315465022216748}]}, "verified": false, "price": {"tier": 2, "currency": "$", "message": "Moderate"}}, "referralId": "e-3-4be7472c910020a1ed45d514-34", "tips": [{"id": "4beb6d8270c603bb4e469bb4", "text": "Prata shop going on the decline since the market opened up. Facing manpower issue, it seems.", "disagreeCount": 0, "logView": true, "createdAt": 1273720194, "likes": {"groups": [], "summary": "2 likes", "count": 2}, "todo": {"count": 0}, "agreeCount": 0, "canonicalUrl": "https://foursquare.com/item/4beb6d8270c603bb4e469bb4", "type": "user", "user": {"gender": "female", "id": "942443", "photo": {"prefix": "https://igx.4sqi.net/img/user/", "suffix": "/ITQR3IXBDMGMIM0J.jpg"}, "firstName": "Lexelle", "lastName": "de Charmaine"}}]}, {"reasons": {"items": [{"reasonName": "globalInteractionReason", "summary": "This spot is popular", "type": "general"}], "count": 0}, "venue": {"hereNow": {"groups": [], "summary": "Nobody here", "count": 0}, "contact": {}, "photos": {"groups": [], "count": 0}, "name": "Dueanden Thai Food", "allowMenuUrlEdit": true, "beenHere": {"lastCheckinExpiredAt": 0, "count": 0, "marked": false}, "stats": {"checkinsCount": 50, "usersCount": 20, "tipCount": 0}, "id": "4ed3c2790e61efa334f82b54", "categories": [{"pluralName": "Thai Restaurants", "id": "4bf58dd8d48988d149941735", "primary": true, "icon": {"prefix": "https://ss3.4sqi.net/img/categories_v2/food/thai_", "suffix": ".png"}, "name": "Thai Restaurant", "shortName": "Thai"}], "location": {"formattedAddress": ["Singapore"], "lat": 1.3113469285718398, "lng": 103.8754707713789, "distance": 454, "country": "Singapore", "cc": "SG", "labeledLatLngs": [{"lng": 103.8754707713789, "label": "display", "lat": 1.3113469285718398}]}, "verified": false, "price": {"tier": 2, "currency": "$", "message": "Moderate"}}, "referralId": "e-3-4ed3c2790e61efa334f82b54-35"}, {"reasons": {"items": [{"reasonName": "globalInteractionReason", "summary": "This spot is popular", "type": "general"}], "count": 0}, "venue": {"hereNow": {"groups": [], "summary": "Nobody here", "count": 0}, "contact": {}, "photos": {"groups": [], "count": 0}, "name": "mei toy tai food geylang lor 4", "allowMenuUrlEdit": true, "beenHere": {"lastCheckinExpiredAt": 0, "count": 0, "marked": false}, "stats": {"checkinsCount": 61, "usersCount": 16, "tipCount": 0}, "id": "52b5be65498e8dfe4d9db516", "categories": [{"pluralName": "Thai Restaurants", "id": "4bf58dd8d48988d149941735", "primary": true, "icon": {"prefix": "https://ss3.4sqi.net/img/categories_v2/food/thai_", "suffix": ".png"}, "name": "Thai Restaurant", "shortName": "Thai"}], "location": {"formattedAddress": ["Singapore"], "lat": 1.311865, "lng": 103.875694, "distance": 481, "country": "Singapore", "cc": "SG", "labeledLatLngs": [{"lng": 103.875694, "label": "display", "lat": 1.311865}]}, "verified": false, "price": {"tier": 2, "currency": "$", "message": "Moderate"}}, "referralId": "e-3-52b5be65498e8dfe4d9db516-36"}, {"reasons": {"items": [{"reasonName": "globalInteractionReason", "summary": "This spot is popular", "type": "general"}], "count": 0}, "venue": {"hereNow": {"groups": [], "summary": "Nobody here", "count": 0}, "contact": {}, "photos": {"groups": [], "count": 0}, "name": "Boon Keng Yong Tau Foo", "allowMenuUrlEdit": true, "beenHere": {"lastCheckinExpiredAt": 0, "count": 0, "marked": false}, "stats": {"checkinsCount": 41, "usersCount": 16, "tipCount": 3}, "id": "4e8fab2bf79014e2ce37f32b", "categories": [{"pluralName": "Asian Restaurants", "id": "4bf58dd8d48988d142941735", "primary": true, "icon": {"prefix": "https://ss3.4sqi.net/img/categories_v2/food/asian_", "suffix": ".png"}, "name": "Asian Restaurant", "shortName": "Asian"}], "location": {"formattedAddress": ["17 Upper Boon Keng Rd", "Singapore"], "lat": 1.3139713040032681, "lng": 103.87497245262942, "country": "Singapore", "distance": 485, "city": "Singapore", "cc": "SG", "address": "17 Upper Boon Keng Rd", "labeledLatLngs": [{"lng": 103.87497245262942, "label": "display", "lat": 1.3139713040032681}]}, "verified": false, "price": {"tier": 2, "currency": "$", "message": "Moderate"}}, "referralId": "e-3-4e8fab2bf79014e2ce37f32b-37", "tips": [{"id": "4ea0d8b37ee52a35dc3cf780", "text": "Have to specify to PRC not to dump everything together; soup items to soup and fried stuff in another bowl.", "disagreeCount": 0, "logView": true, "createdAt": 1319164083, "likes": {"groups": [], "summary": "1 like", "count": 1}, "todo": {"count": 0}, "agreeCount": 0, "canonicalUrl": "https://foursquare.com/item/4ea0d8b37ee52a35dc3cf780", "type": "user", "user": {"gender": "female", "id": "942443", "photo": {"prefix": "https://igx.4sqi.net/img/user/", "suffix": "/ITQR3IXBDMGMIM0J.jpg"}, "firstName": "Lexelle", "lastName": "de Charmaine"}}]}, {"reasons": {"items": [{"reasonName": "globalInteractionReason", "summary": "This spot is popular", "type": "general"}], "count": 0}, "venue": {"id": "4d6dbde8fbb8a1cd03616a0f", "hereNow": {"groups": [], "summary": "Nobody here", "count": 0}, "contact": {}, "beenHere": {"lastCheckinExpiredAt": 0, "count": 0, "marked": false}, "photos": {"groups": [], "count": 0}, "name": "Xin Kee Hainanese Chicken Rice", "location": {"formattedAddress": ["17 Upper Boon Keng Road. #01-20.", "Singapore"], "lat": 1.3158113879082136, "lng": 103.87199956610851, "country": "Singapore", "distance": 485, "city": "Singapore", "cc": "SG", "address": "17 Upper Boon Keng Road. #01-20.", "labeledLatLngs": [{"lng": 103.87199956610851, "label": "display", "lat": 1.3158113879082136}]}, "allowMenuUrlEdit": true, "verified": false, "categories": [{"pluralName": "Hainan Restaurants", "id": "52af3abe3cf9994f4e043bf2", "primary": true, "icon": {"prefix": "https://ss3.4sqi.net/img/categories_v2/food/asian_", "suffix": ".png"}, "name": "Hainan Restaurant", "shortName": "Hainan"}], "stats": {"checkinsCount": 38, "usersCount": 14, "tipCount": 1}}, "referralId": "e-3-4d6dbde8fbb8a1cd03616a0f-38", "tips": [{"logView": true, "photo": {"id": "56a45b26498ef068a6f6195b", "visibility": "public", "source": {"name": "Foursquare for iOS", "url": "https://foursquare.com/download/#/iphone"}, "suffix": "/231366_vwK64dG3AJsgbNiPUOJgv_DMd-chMI0G4-_b2NCD4KY.jpg", "createdAt": 1453611814, "prefix": "https://igx.4sqi.net/img/general/", "width": 1920, "height": 1440}, "createdAt": 1453611814, "agreeCount": 0, "id": "56a45b26498ef068a6f6195c", "text": "Accompanying chicken soup comes with sizeable cabbages pieces", "type": "user", "disagreeCount": 0, "user": {"gender": "male", "id": "231366", "photo": {"prefix": "https://igx.4sqi.net/img/user/", "suffix": "/231366-Q2ZSAEF50GYUXPDA.jpg"}, "firstName": "Cheen", "lastName": "The Curious"}, "canonicalUrl": "https://foursquare.com/item/56a45b26498ef068a6f6195c", "todo": {"count": 0}, "photourl": "https://igx.4sqi.net/img/general/original/231366_vwK64dG3AJsgbNiPUOJgv_DMd-chMI0G4-_b2NCD4KY.jpg"}]}, {"reasons": {"items": [{"reasonName": "globalInteractionReason", "summary": "This spot is popular", "type": "general"}], "count": 0}, "venue": {"hereNow": {"groups": [], "summary": "Nobody here", "count": 0}, "contact": {}, "photos": {"groups": [], "count": 0}, "name": "Thai Food Restaurant", "allowMenuUrlEdit": true, "beenHere": {"lastCheckinExpiredAt": 0, "count": 0, "marked": false}, "stats": {"checkinsCount": 110, "usersCount": 47, "tipCount": 0}, "id": "4d4727c41911a09361b5f2d8", "categories": [{"pluralName": "Thai Restaurants", "id": "4bf58dd8d48988d149941735", "primary": true, "icon": {"prefix": "https://ss3.4sqi.net/img/categories_v2/food/thai_", "suffix": ".png"}, "name": "Thai Restaurant", "shortName": "Thai"}], "location": {"formattedAddress": ["Geylang lor 4", "Singapore"], "lat": 1.311589937718464, "lng": 103.87577089604964, "country": "Singapore", "distance": 488, "city": "Singapore", "cc": "SG", "address": "Geylang lor 4", "labeledLatLngs": [{"lng": 103.87577089604964, "label": "display", "lat": 1.311589937718464}]}, "verified": false, "price": {"tier": 2, "currency": "$", "message": "Moderate"}}, "referralId": "e-3-4d4727c41911a09361b5f2d8-39"}, {"reasons": {"items": [{"reasonName": "globalInteractionReason", "summary": "This spot is popular", "type": "general"}], "count": 0}, "venue": {"hereNow": {"groups": [], "summary": "Nobody here", "count": 0}, "contact": {}, "photos": {"groups": [], "count": 0}, "name": "Mei Toy Thai Food", "allowMenuUrlEdit": true, "beenHere": {"lastCheckinExpiredAt": 0, "count": 0, "marked": false}, "stats": {"checkinsCount": 400, "usersCount": 153, "tipCount": 1}, "id": "53021f91498e6d3419a15817", "categories": [{"pluralName": "Thai Restaurants", "id": "4bf58dd8d48988d149941735", "primary": true, "icon": {"prefix": "https://ss3.4sqi.net/img/categories_v2/food/thai_", "suffix": ".png"}, "name": "Thai Restaurant", "shortName": "Thai"}], "location": {"formattedAddress": ["Geylang Lorong 4", "Singapore"], "lat": 1.3117767775351235, "lng": 103.875793546995, "distance": 491, "country": "Singapore", "cc": "SG", "address": "Geylang Lorong 4", "labeledLatLngs": [{"lng": 103.875793546995, "label": "display", "lat": 1.3117767775351235}]}, "hours": {"isLocalHoliday": false, "isOpen": true, "status": "Likely open"}, "verified": false, "price": {"tier": 2, "currency": "$", "message": "Moderate"}}, "referralId": "e-3-53021f91498e6d3419a15817-40", "tips": [{"id": "54e31e87498e3bd64e5449cc", "text": "Everything!", "disagreeCount": 0, "createdAt": 1424170631, "logView": true, "todo": {"count": 0}, "agreeCount": 0, "canonicalUrl": "https://foursquare.com/item/54e31e87498e3bd64e5449cc", "type": "user", "user": {"gender": "female", "id": "528290", "photo": {"prefix": "https://igx.4sqi.net/img/user/", "suffix": "/2XKG2GKCJGKZ0LUJ.jpg"}, "firstName": "Cynner", "lastName": "Lim"}}]}, {"reasons": {"items": [{"reasonName": "globalInteractionReason", "summary": "This spot is popular", "type": "general"}], "count": 0}, "venue": {"hereNow": {"groups": [], "summary": "Nobody here", "count": 0}, "contact": {"phone": "+6567446389", "formattedPhone": "+65 6744 6389"}, "photos": {"groups": [], "count": 0}, "name": "South North City Restuarant", "allowMenuUrlEdit": true, "beenHere": {"lastCheckinExpiredAt": 0, "count": 0, "marked": false}, "stats": {"checkinsCount": 37, "usersCount": 22, "tipCount": 2}, "id": "4ca4b9097f84224b67b0cf58", "categories": [{"pluralName": "Chinese Restaurants", "id": "4bf58dd8d48988d145941735", "primary": true, "icon": {"prefix": "https://ss3.4sqi.net/img/categories_v2/food/asian_", "suffix": ".png"}, "name": "Chinese Restaurant", "shortName": "Chinese"}], "location": {"formattedAddress": ["213 Geylang Rd", "389273", "Singapore"], "postalCode": "389273", "lat": 1.31199, "lng": 103.876025, "country": "Singapore", "distance": 519, "city": "Singapore", "cc": "SG", "address": "213 Geylang Rd", "labeledLatLngs": [{"lng": 103.876025, "label": "display", "lat": 1.31199}]}, "verified": false, "price": {"tier": 1, "currency": "$", "message": "Cheap"}}, "referralId": "e-3-4ca4b9097f84224b67b0cf58-41", "tips": [{"id": "4d4907195129a35d0f4635ac", "text": "Drink the milo here.. Power pack!", "disagreeCount": 0, "logView": true, "createdAt": 1296631577, "likes": {"groups": [], "summary": "2 likes", "count": 2}, "todo": {"count": 0}, "agreeCount": 0, "canonicalUrl": "https://foursquare.com/item/4d4907195129a35d0f4635ac", "type": "user", "user": {"id": "2685127", "photo": {"prefix": "https://igx.4sqi.net/img/user/", "suffix": "/D3U0BZEWWRIJQWQM.jpg"}, "firstName": "e3", "gender": "male"}}]}, {"reasons": {"items": [{"reasonName": "globalInteractionReason", "summary": "This spot is popular", "type": "general"}], "count": 0}, "venue": {"hereNow": {"groups": [], "summary": "Nobody here", "count": 0}, "contact": {}, "photos": {"groups": [], "count": 0}, "name": "218 \u6b63\u5b97\u9999\u6e2f\u70b9\u5fc3", "allowMenuUrlEdit": true, "beenHere": {"lastCheckinExpiredAt": 0, "count": 0, "marked": false}, "stats": {"checkinsCount": 110, "usersCount": 80, "tipCount": 1}, "id": "4ca7e2f5b7106dcb98fc6ca5", "categories": [{"pluralName": "Dim Sum Restaurants", "id": "4bf58dd8d48988d1f5931735", "primary": true, "icon": {"prefix": "https://ss3.4sqi.net/img/categories_v2/food/dimsum_", "suffix": ".png"}, "name": "Dim Sum Restaurant", "shortName": "Dim Sum"}], "location": {"formattedAddress": ["196A Geylang Road", "Singapore"], "lat": 1.3120112194850475, "lng": 103.87650139093248, "distance": 572, "country": "Singapore", "cc": "SG", "address": "196A Geylang Road", "labeledLatLngs": [{"lng": 103.87650139093248, "label": "display", "lat": 1.3120112194850475}]}, "verified": false, "price": {"tier": 2, "currency": "$", "message": "Moderate"}}, "referralId": "e-3-4ca7e2f5b7106dcb98fc6ca5-42", "tips": [{"id": "4f883094e4b013a97f54d2ae", "text": "definitely not \u6b63\u5b97, \u76ae\u86cb\u7ca5 was a bad mixture with litsa MSG, \u6d77\u9c9c\u8150\u76ae\u5377 wraps veggies only", "disagreeCount": 0, "createdAt": 1334325396, "logView": true, "todo": {"count": 0}, "agreeCount": 0, "canonicalUrl": "https://foursquare.com/item/4f883094e4b013a97f54d2ae", "type": "user", "user": {"gender": "female", "id": "5303564", "photo": {"prefix": "https://igx.4sqi.net/img/user/", "suffix": "/EJK02E2RGUC3DTXD.jpg"}, "firstName": "Bonita", "lastName": "Ma"}}]}, {"reasons": {"items": [{"reasonName": "globalInteractionReason", "summary": "This spot is popular", "type": "general"}], "count": 0}, "venue": {"id": "4e621a61483bd9a97429c77e", "hereNow": {"groups": [], "summary": "Nobody here", "count": 0}, "contact": {}, "beenHere": {"lastCheckinExpiredAt": 0, "count": 0, "marked": false}, "photos": {"groups": [], "count": 0}, "name": "\u70e4\u5929\u4e0b-BBQ WORLD", "location": {"lng": 103.8765693441437, "formattedAddress": ["196A Geylang road (Between lor 4 & 6)", "Singapore"], "lat": 1.3120312043911315, "crossStreet": "Between lor 4 & 6", "distance": 579, "country": "Singapore", "cc": "SG", "address": "196A Geylang road", "labeledLatLngs": [{"lng": 103.8765693441437, "label": "display", "lat": 1.3120312043911315}]}, "allowMenuUrlEdit": true, "verified": false, "categories": [{"pluralName": "Food", "id": "4d4b7105d754a06374d81259", "primary": true, "icon": {"prefix": "https://ss3.4sqi.net/img/categories_v2/food/default_", "suffix": ".png"}, "name": "Food", "shortName": "Food"}], "stats": {"checkinsCount": 43, "usersCount": 23, "tipCount": 0}}, "referralId": "e-3-4e621a61483bd9a97429c77e-43"}, {"reasons": {"items": [{"reasonName": "globalInteractionReason", "summary": "This spot is popular", "type": "general"}], "count": 0}, "venue": {"hereNow": {"groups": [], "summary": "Nobody here", "count": 0}, "contact": {}, "photos": {"groups": [], "count": 0}, "name": "\u52a0\u6771\u8814\u714e", "allowMenuUrlEdit": true, "beenHere": {"lastCheckinExpiredAt": 0, "count": 0, "marked": false}, "stats": {"checkinsCount": 73, "usersCount": 50, "tipCount": 2}, "id": "4ca624cc76d3a0932f93fe6a", "categories": [{"pluralName": "Chinese Restaurants", "id": "4bf58dd8d48988d145941735", "primary": true, "icon": {"prefix": "https://ss3.4sqi.net/img/categories_v2/food/asian_", "suffix": ".png"}, "name": "Chinese Restaurant", "shortName": "Chinese"}], "location": {"formattedAddress": ["Geylang lor 9", "Singapore"], "lat": 1.312239, "lng": 103.876595, "distance": 585, "country": "Singapore", "cc": "SG", "address": "Geylang lor 9", "labeledLatLngs": [{"lng": 103.876595, "label": "display", "lat": 1.312239}]}, "verified": false, "price": {"tier": 1, "currency": "$", "message": "Cheap"}}, "referralId": "e-3-4ca624cc76d3a0932f93fe6a-44", "tips": [{"id": "4f084a9de4b0882d22e732e4", "text": "Scrambled, not crispy and the oysters are not fresh and cooked properly.", "disagreeCount": 0, "createdAt": 1325943453, "logView": true, "todo": {"count": 0}, "agreeCount": 0, "canonicalUrl": "https://foursquare.com/item/4f084a9de4b0882d22e732e4", "type": "user", "user": {"gender": "female", "id": "10304401", "photo": {"prefix": "https://igx.4sqi.net/img/user/", "suffix": "/PR04ATTW5ZKZJECF.jpg"}, "firstName": "Gwen", "lastName": "Ng"}}]}, {"reasons": {"items": [{"reasonName": "globalInteractionReason", "summary": "This spot is popular", "type": "general"}], "count": 0}, "venue": {"hereNow": {"groups": [], "summary": "Nobody here", "count": 0}, "contact": {}, "photos": {"groups": [], "count": 0}, "name": "Liverpool Restaurant", "allowMenuUrlEdit": true, "beenHere": {"lastCheckinExpiredAt": 0, "count": 0, "marked": false}, "stats": {"checkinsCount": 169, "usersCount": 90, "tipCount": 2}, "id": "4cab451097c8a1cd23bd99a5", "categories": [{"pluralName": "Thai Restaurants", "id": "4bf58dd8d48988d149941735", "primary": true, "icon": {"prefix": "https://ss3.4sqi.net/img/categories_v2/food/thai_", "suffix": ".png"}, "name": "Thai Restaurant", "shortName": "Thai"}], "location": {"formattedAddress": ["Singapore"], "lat": 1.312098, "lng": 103.876651, "distance": 589, "country": "Singapore", "cc": "SG", "labeledLatLngs": [{"lng": 103.876651, "label": "display", "lat": 1.312098}]}, "verified": false, "price": {"tier": 2, "currency": "$", "message": "Moderate"}}, "referralId": "e-3-4cab451097c8a1cd23bd99a5-45", "tips": [{"id": "4d74fa7d9d2fa143ec6df9d6", "text": "Pla ga pong nam pla is gd !", "disagreeCount": 0, "logView": true, "createdAt": 1299511933, "likes": {"groups": [], "summary": "2 likes", "count": 2}, "todo": {"count": 1}, "agreeCount": 0, "canonicalUrl": "https://foursquare.com/item/4d74fa7d9d2fa143ec6df9d6", "type": "user", "user": {"gender": "female", "id": "6485293", "photo": {"prefix": "https://igx.4sqi.net/img/user/", "suffix": "/RKGBWSFAIIJODUU5.jpg"}, "firstName": "Jane", "lastName": "Sim"}}]}, {"reasons": {"items": [{"reasonName": "globalInteractionReason", "summary": "This spot is popular", "type": "general"}], "count": 0}, "venue": {"hereNow": {"groups": [], "summary": "Nobody here", "count": 0}, "contact": {}, "photos": {"groups": [], "count": 0}, "name": "Qiu Ji Fried Hokkien Prawn Noodle", "allowMenuUrlEdit": true, "beenHere": {"lastCheckinExpiredAt": 0, "count": 0, "marked": false}, "stats": {"checkinsCount": 132, "usersCount": 62, "tipCount": 1}, "id": "4cc1cb3a38aaa09343260262", "categories": [{"pluralName": "Asian Restaurants", "id": "4bf58dd8d48988d142941735", "primary": true, "icon": {"prefix": "https://ss3.4sqi.net/img/categories_v2/food/asian_", "suffix": ".png"}, "name": "Asian Restaurant", "shortName": "Asian"}], "location": {"formattedAddress": ["Lorong 9 Geylang", "Singapore"], "lat": 1.312200710741814, "lng": 103.87670525066773, "distance": 597, "country": "Singapore", "cc": "SG", "address": "Lorong 9 Geylang", "labeledLatLngs": [{"lng": 103.87670525066773, "label": "display", "lat": 1.312200710741814}]}, "verified": false, "price": {"tier": 2, "currency": "$", "message": "Moderate"}}, "referralId": "e-3-4cc1cb3a38aaa09343260262-46", "tips": [{"id": "4d52c76f4015b1f76d4b7ecf", "text": "Fried hokkien prawn mee. So syiok that anybody can finish a $8 plate easily!!", "disagreeCount": 0, "logView": true, "createdAt": 1297270639, "likes": {"groups": [], "summary": "2 likes", "count": 2}, "todo": {"count": 0}, "agreeCount": 0, "canonicalUrl": "https://foursquare.com/item/4d52c76f4015b1f76d4b7ecf", "type": "user", "user": {"gender": "male", "id": "3764690", "photo": {"prefix": "https://igx.4sqi.net/img/user/", "suffix": "/MIU1TBYBGFR3S2MT.jpg"}, "firstName": "Joe", "lastName": "Oldskool"}}]}, {"reasons": {"items": [{"reasonName": "globalInteractionReason", "summary": "This spot is popular", "type": "general"}], "count": 0}, "venue": {"hereNow": {"groups": [], "summary": "Nobody here", "count": 0}, "contact": {"facebook": "828111913928199", "facebookUsername": "bashurenjiasg", "facebookName": "\u65b0\u52a0\u5761\u5df4\u8700\u4eba\u5bb6\u706b\u9505 Ba Shu Ren Jia Steamboat", "phone": "+6567485765", "formattedPhone": "+65 6748 5765"}, "photos": {"groups": [], "count": 0}, "name": "\u5df4\u8700\u4eba\u5bb6 Humble House of Sichuan", "allowMenuUrlEdit": true, "beenHere": {"lastCheckinExpiredAt": 0, "count": 0, "marked": false}, "stats": {"checkinsCount": 43, "usersCount": 33, "tipCount": 2}, "id": "4b381dc2f964a520d44b25e3", "categories": [{"pluralName": "Chinese Restaurants", "id": "4bf58dd8d48988d145941735", "primary": true, "icon": {"prefix": "https://ss3.4sqi.net/img/categories_v2/food/asian_", "suffix": ".png"}, "name": "Chinese Restaurant", "shortName": "Chinese"}], "url": "http://www.bashurenjia.com.sg", "location": {"lat": 1.312191, "distance": 598, "country": "Singapore", "cc": "SG", "crossStreet": "next to Lorong 9 Geylang", "formattedAddress": ["233 Geylang Road (next to Lorong 9 Geylang)", "389293", "Singapore"], "neighborhood": "Geylang", "city": "Singapore", "lng": 103.87672, "labeledLatLngs": [{"lng": 103.87672, "label": "display", "lat": 1.312191}], "address": "233 Geylang Road", "postalCode": "389293"}, "hours": {"isLocalHoliday": false, "isOpen": true, "status": "Open until 5:00 AM"}, "verified": false, "price": {"tier": 1, "currency": "$", "message": "Cheap"}}, "referralId": "e-3-4b381dc2f964a520d44b25e3-47", "tips": [{"id": "4f10444ae4b09e589fadad39", "text": "order crab fr waitress.", "disagreeCount": 0, "createdAt": 1326466122, "logView": true, "todo": {"count": 0}, "agreeCount": 0, "canonicalUrl": "https://foursquare.com/item/4f10444ae4b09e589fadad39", "type": "user", "user": {"gender": "female", "id": "718507", "photo": {"prefix": "https://igx.4sqi.net/img/user/", "suffix": "/KIQU3FOY4ORASE3M.jpg"}, "firstName": "Ivia", "lastName": "Ang"}}]}, {"reasons": {"items": [{"reasonName": "globalInteractionReason", "summary": "This spot is popular", "type": "general"}], "count": 0}, "venue": {"hereNow": {"groups": [], "summary": "Nobody here", "count": 0}, "contact": {}, "photos": {"groups": [], "count": 0}, "name": "\u6211\u7231\u53f0\u59b9 Taiwanese Street Snacks", "allowMenuUrlEdit": true, "beenHere": {"lastCheckinExpiredAt": 0, "count": 0, "marked": false}, "stats": {"checkinsCount": 32, "usersCount": 23, "tipCount": 0}, "id": "4c9ee73b542b224bea01f99f", "categories": [{"pluralName": "Asian Restaurants", "id": "4bf58dd8d48988d142941735", "primary": true, "icon": {"prefix": "https://ss3.4sqi.net/img/categories_v2/food/asian_", "suffix": ".png"}, "name": "Asian Restaurant", "shortName": "Asian"}], "location": {"formattedAddress": ["Singapore"], "lat": 1.312057, "lng": 103.876784, "distance": 604, "country": "Singapore", "cc": "SG", "labeledLatLngs": [{"lng": 103.876784, "label": "display", "lat": 1.312057}]}, "verified": false, "price": {"tier": 2, "currency": "$", "message": "Moderate"}}, "referralId": "e-3-4c9ee73b542b224bea01f99f-48"}, {"reasons": {"items": [{"reasonName": "globalInteractionReason", "summary": "This spot is popular", "type": "general"}], "count": 0}, "venue": {"hereNow": {"groups": [], "summary": "Nobody here", "count": 0}, "contact": {}, "photos": {"groups": [], "count": 0}, "name": "Wang Jiao Dian Xin", "allowMenuUrlEdit": true, "beenHere": {"lastCheckinExpiredAt": 0, "count": 0, "marked": false}, "stats": {"checkinsCount": 48, "usersCount": 41, "tipCount": 0}, "id": "4d31a974c6cba35d3c31197a", "categories": [{"pluralName": "Dim Sum Restaurants", "id": "4bf58dd8d48988d1f5931735", "primary": true, "icon": {"prefix": "https://ss3.4sqi.net/img/categories_v2/food/dimsum_", "suffix": ".png"}, "name": "Dim Sum Restaurant", "shortName": "Dim Sum"}], "location": {"formattedAddress": ["Geylang Lorong 8", "389381", "Singapore"], "postalCode": "389381", "lat": 1.312144053963617, "lng": 103.87683549454695, "distance": 610, "country": "Singapore", "cc": "SG", "address": "Geylang Lorong 8", "labeledLatLngs": [{"lng": 103.87683549454695, "label": "display", "lat": 1.312144053963617}]}, "verified": false, "price": {"tier": 2, "currency": "$", "message": "Moderate"}}, "referralId": "e-3-4d31a974c6cba35d3c31197a-49"}], "name": "recommended", "type": "Recommended Places"}], "query": "food", "headerLocation": "Central Region"}}