{"meta": {"code": 200, "requestId": "595a3c304434b96c19221987"}, "response": {"suggestedFilters": {"filters": [{"name": "Open now", "key": "openNow"}], "header": "Tap to show:"}, "totalResults": 70, "headerFullLocation": "Central Region, Singapore", "headerLocationGranularity": "neighborhood", "suggestedBounds": {"ne": {"lng": 103.87001764330613, "lat": 1.3145570272955671}, "sw": {"lng": 103.85564077290788, "lat": 1.3001570128955529}}, "groups": [{"items": [{"reasons": {"items": [{"reasonName": "globalInteractionReason", "summary": "This spot is popular", "type": "general"}], "count": 0}, "venue": {"hereNow": {"groups": [], "summary": "Nobody here", "count": 0}, "contact": {"phone": "+6562979319", "formattedPhone": "+65 6297 9319"}, "photos": {"groups": [], "count": 0}, "rating": 7.1, "name": "Nan Hwa Chong Fish-Head Steamboat Corner", "ratingSignals": 151, "allowMenuUrlEdit": true, "categories": [{"pluralName": "Seafood Restaurants", "id": "4bf58dd8d48988d1ce941735", "primary": true, "icon": {"prefix": "https://ss3.4sqi.net/img/categories_v2/food/seafood_", "suffix": ".png"}, "name": "Seafood Restaurant", "shortName": "Seafood"}], "stats": {"checkinsCount": 6146, "usersCount": 3832, "tipCount": 73}, "id": "4b753a81f964a520dd012ee3", "beenHere": {"lastCheckinExpiredAt": 0, "count": 0, "marked": false}, "ratingColor": "C5DE35", "location": {"lng": 103.86066921610366, "formattedAddress": ["814/816 North Bridge Rd (Jalan Sultan)", "198779", "Singapore"], "postalCode": "198779", "lat": 1.3041221220175783, "crossStreet": "Jalan Sultan", "country": "Singapore", "distance": 432, "city": "Singapore", "cc": "SG", "address": "814/816 North Bridge Rd", "labeledLatLngs": [{"lng": 103.86066921610366, "label": "display", "lat": 1.3041221220175783}]}, "hours": {"isLocalHoliday": false, "isOpen": true, "status": "Open until 1:00 AM"}, "verified": false, "price": {"tier": 3, "currency": "$", "message": "Expensive"}}, "referralId": "e-3-4b753a81f964a520dd012ee3-50", "tips": [{"id": "4ceb93c8b4952d43b6da64f5", "text": "this is the original stall by ah qiu. 2 thumbs up.", "disagreeCount": 0, "logView": true, "createdAt": 1290507208, "likes": {"groups": [], "summary": "6 likes", "count": 6}, "todo": {"count": 0}, "agreeCount": 1, "canonicalUrl": "https://foursquare.com/item/4ceb93c8b4952d43b6da64f5", "type": "user", "user": {"gender": "male", "id": "3515624", "photo": {"prefix": "https://igx.4sqi.net/img/user/", "suffix": "/DKM3OGRPWNDVGXYZ.jpg"}, "firstName": "Martin", "lastName": "Chua"}}]}, {"reasons": {"items": [{"reasonName": "globalInteractionReason", "summary": "This spot is popular", "type": "general"}], "count": 0}, "venue": {"hereNow": {"groups": [], "summary": "Nobody here", "count": 0}, "contact": {}, "photos": {"groups": [], "count": 0}, "rating": 7.3, "name": "Sin Lai Lai Snack House", "ratingSignals": 10, "allowMenuUrlEdit": true, "categories": [{"pluralName": "Thai Restaurants", "id": "4bf58dd8d48988d149941735", "primary": true, "icon": {"prefix": "https://ss3.4sqi.net/img/categories_v2/food/thai_", "suffix": ".png"}, "name": "Thai Restaurant", "shortName": "Thai"}], "stats": {"checkinsCount": 360, "usersCount": 201, "tipCount": 6}, "id": "4bbf0e42b083a593e7c6a2e9", "beenHere": {"lastCheckinExpiredAt": 0, "count": 0, "marked": false}, "ratingColor": "C5DE35", "location": {"formattedAddress": ["#01-29, Golden Mile Complex, 5001 Beach Rd.", "199588", "Singapore"], "postalCode": "199588", "lat": 1.3027158117489916, "lng": 103.86449119284885, "country": "Singapore", "distance": 548, "city": "Singapore", "cc": "SG", "address": "#01-29, Golden Mile Complex, 5001 Beach Rd.", "labeledLatLngs": [{"lng": 103.86449119284885, "label": "display", "lat": 1.3027158117489916}]}, "hours": {"isLocalHoliday": false, "isOpen": true, "status": "Likely open"}, "verified": false, "price": {"tier": 2, "currency": "$", "message": "Moderate"}}, "referralId": "e-3-4bbf0e42b083a593e7c6a2e9-51", "tips": [{"id": "506d72cae4b0278c7a7cf378", "text": "Authentic Thai iced tea on Beach Road! Yum!", "disagreeCount": 0, "createdAt": 1349350090, "logView": true, "todo": {"count": 0}, "agreeCount": 0, "canonicalUrl": "https://foursquare.com/item/506d72cae4b0278c7a7cf378", "type": "user", "user": {"id": "3415191", "photo": {"prefix": "https://igx.4sqi.net/img/user/", "suffix": "/3415191-NCIZMTUYLX4JNXVB.jpg"}, "firstName": "Pat C.", "gender": "female"}}]}, {"reasons": {"items": [{"reasonName": "globalInteractionReason", "summary": "This spot is popular", "type": "general"}], "count": 0}, "venue": {"hereNow": {"groups": [], "summary": "Nobody here", "count": 0}, "contact": {"phone": "+6562940304", "formattedPhone": "+65 6294 0304"}, "photos": {"groups": [], "count": 0}, "rating": 7.7, "name": "Alaturka Restaurant", "ratingSignals": 82, "allowMenuUrlEdit": true, "categories": [{"pluralName": "Mediterranean Restaurants", "id": "4bf58dd8d48988d1c0941735", "primary": true, "icon": {"prefix": "https://ss3.4sqi.net/img/categories_v2/food/mediterranean_", "suffix": ".png"}, "name": "Mediterranean Restaurant", "shortName": "Mediterranean"}], "stats": {"checkinsCount": 1137, "usersCount": 871, "tipCount": 38}, "id": "4d410eba46775481b6a55df4", "beenHere": {"lastCheckinExpiredAt": 0, "count": 0, "marked": false}, "url": "http://www.alaturka.com.sg/", "ratingColor": "C5DE35", "location": {"formattedAddress": ["16 Bussorah St", "62940304", "Singapore"], "postalCode": "62940304", "lat": 1.3012692848815308, "lng": 103.85979725421984, "country": "Singapore", "distance": 757, "city": "Singapore", "cc": "SG", "address": "16 Bussorah St", "labeledLatLngs": [{"lng": 103.85979725421984, "label": "display", "lat": 1.3012692848815308}]}, "hours": {"isLocalHoliday": false, "isOpen": true, "status": "Likely open"}, "verified": false, "price": {"tier": 2, "currency": "$", "message": "Moderate"}}, "referralId": "e-3-4d410eba46775481b6a55df4-52", "tips": [{"id": "4d08bd4784ec224bd6282b62", "text": "Serve awesome food!", "disagreeCount": 0, "logView": true, "createdAt": 1292418375, "likes": {"groups": [], "summary": "3 likes", "count": 3}, "todo": {"count": 0}, "agreeCount": 2, "canonicalUrl": "https://foursquare.com/item/4d08bd4784ec224bd6282b62", "type": "user", "user": {"gender": "female", "id": "3022304", "photo": {"prefix": "https://igx.4sqi.net/img/user/", "suffix": "/E1XSYPIE3IAZ402T.jpg"}, "firstName": "Pamela", "lastName": "Long"}}]}, {"reasons": {"items": [{"reasonName": "globalInteractionReason", "summary": "This spot is popular", "type": "general"}], "count": 0}, "venue": {"hereNow": {"groups": [], "summary": "Nobody here", "count": 0}, "contact": {"phone": "+6568427759", "formattedPhone": "+65 6842 7759"}, "photos": {"groups": [], "count": 0}, "rating": 7.5, "name": "Ch\u53c9r (Char) Casual Dining", "ratingSignals": 122, "allowMenuUrlEdit": true, "categories": [{"pluralName": "BBQ Joints", "id": "4bf58dd8d48988d1df931735", "primary": true, "icon": {"prefix": "https://ss3.4sqi.net/img/categories_v2/food/bbqalt_", "suffix": ".png"}, "name": "BBQ Joint", "shortName": "BBQ"}], "stats": {"checkinsCount": 961, "usersCount": 669, "tipCount": 42}, "id": "52f72dfe498ee5ec7bc9a6bb", "beenHere": {"lastCheckinExpiredAt": 0, "count": 0, "marked": false}, "url": "http://www.char.com.sg", "ratingColor": "C5DE35", "location": {"formattedAddress": ["363 Jalan Besar", "208994", "Singapore"], "postalCode": "208994", "lat": 1.3126263206424003, "lng": 103.85977460593365, "country": "Singapore", "distance": 677, "city": "Singapore", "cc": "SG", "address": "363 Jalan Besar", "labeledLatLngs": [{"lng": 103.85977460593365, "label": "display", "lat": 1.3126263206424003}]}, "hours": {"isLocalHoliday": false, "isOpen": false, "status": "Closed until 11:30 AM tomorrow"}, "verified": false, "price": {"tier": 2, "currency": "$", "message": "Moderate"}}, "referralId": "e-3-52f72dfe498ee5ec7bc9a6bb-53", "tips": [{"id": "538982ae498ef46f58d260af", "text": "wifi password: casualdining. char siew is world class.", "disagreeCount": 0, "logView": true, "createdAt": 1401520814, "likes": {"groups": [], "summary": "5 likes", "count": 5}, "todo": {"count": 1}, "agreeCount": 5, "canonicalUrl": "https://foursquare.com/item/538982ae498ef46f58d260af", "type": "user", "user": {"gender": "female", "id": "7195322", "photo": {"prefix": "https://igx.4sqi.net/img/user/", "suffix": "/7195322_-1QUu4X5_jduB6746lcyswokWOFF9ijtutzlvC1hzDspQIr8xyHpk-g3M-BP94M_0BanZXlfS.jpg"}, "firstName": "Debbie", "lastName": "Ng"}}]}, {"reasons": {"items": [{"reasonName": "globalInteractionReason", "summary": "This spot is popular", "type": "general"}], "count": 0}, "venue": {"hereNow": {"groups": [], "summary": "Nobody here", "count": 0}, "contact": {"facebook": "265812522802", "facebookUsername": "PUTIEN.RESTAURANT", "facebookName": "PUTIEN RESTAURANT", "formattedPhone": "+65 6295 6358", "twitter": "putien_sg", "phone": "+6562956358"}, "photos": {"groups": [], "count": 0}, "rating": 7.4, "name": "PUTIEN Restaurant \u8386\u7530\u83dc\u9986", "ratingSignals": 53, "allowMenuUrlEdit": true, "categories": [{"pluralName": "Chinese Restaurants", "id": "4bf58dd8d48988d145941735", "primary": true, "icon": {"prefix": "https://ss3.4sqi.net/img/categories_v2/food/asian_", "suffix": ".png"}, "name": "Chinese Restaurant", "shortName": "Chinese"}], "stats": {"checkinsCount": 1321, "usersCount": 1033, "tipCount": 25}, "id": "4df20817d4c01ff6b2e60583", "beenHere": {"lastCheckinExpiredAt": 0, "count": 0, "marked": false}, "url": "http://www.putien.com", "ratingColor": "C5DE35", "location": {"formattedAddress": ["127 Kitchener Road", "208514", "Singapore"], "postalCode": "208514", "lat": 1.3098955386957727, "lng": 103.85757207810948, "country": "Singapore", "distance": 649, "city": "Singapore", "cc": "SG", "address": "127 Kitchener Road", "labeledLatLngs": [{"lng": 103.85757207810948, "label": "display", "lat": 1.3098955386957727}]}, "hours": {"isLocalHoliday": false, "isOpen": true, "status": "Likely open"}, "verified": true, "price": {"tier": 1, "currency": "$", "message": "Cheap"}, "storeId": ""}, "referralId": "e-3-4df20817d4c01ff6b2e60583-54", "tips": [{"id": "524c1a03498e44f9d4a0c264", "text": "Good service, reasonable prices and tasty henghua style dishes. No wonder it's crowded on a weekday night.", "disagreeCount": 0, "logView": true, "createdAt": 1380719107, "likes": {"groups": [], "summary": "1 like", "count": 1}, "todo": {"count": 2}, "agreeCount": 1, "canonicalUrl": "https://foursquare.com/item/524c1a03498e44f9d4a0c264", "type": "user", "user": {"id": "55390456", "photo": {"prefix": "https://igx.4sqi.net/img/user/", "suffix": "/55390456_xjGWfjYZ_UAMBNliBjCxql6WleMj7JVZzY9y3t2_6WtR-3ecn7WlfLcMpWqn7tIYj_11T_fb-.jpg"}, "firstName": "Ting", "gender": "female"}}]}, {"reasons": {"items": [{"reasonName": "globalInteractionReason", "summary": "This spot is popular", "type": "general"}], "count": 0}, "venue": {"hereNow": {"groups": [], "summary": "Nobody here", "count": 0}, "contact": {}, "photos": {"groups": [], "count": 0}, "rating": 7.1, "name": "Chung Cheng Chilli Mee, Prawn Mee, Laksa", "ratingSignals": 16, "allowMenuUrlEdit": true, "categories": [{"pluralName": "Noodle Houses", "id": "4bf58dd8d48988d1d1941735", "primary": true, "icon": {"prefix": "https://ss3.4sqi.net/img/categories_v2/food/ramen_", "suffix": ".png"}, "name": "Noodle House", "shortName": "Noodles"}], "stats": {"checkinsCount": 435, "usersCount": 248, "tipCount": 13}, "id": "4db158e78154905aadbdc9c2", "beenHere": {"lastCheckinExpiredAt": 0, "count": 0, "marked": false}, "ratingColor": "C5DE35", "location": {"lng": 103.86419675527078, "formattedAddress": ["505 Beach Road (Golden Mile Food Centre #01-59)", "Singapore"], "lat": 1.3033614249815348, "crossStreet": "Golden Mile Food Centre #01-59", "distance": 470, "country": "Singapore", "cc": "SG", "address": "505 Beach Road", "labeledLatLngs": [{"lng": 103.86419675527078, "label": "display", "lat": 1.3033614249815348}]}, "hours": {"isLocalHoliday": false, "isOpen": true, "status": "Likely open"}, "verified": false, "price": {"tier": 1, "currency": "$", "message": "Cheap"}}, "referralId": "e-3-4db158e78154905aadbdc9c2-55", "tips": [{"id": "4ce4a628e1dba35da6877d88", "text": "Order noodles soup, cos the broth is excellent!", "disagreeCount": 0, "logView": true, "createdAt": 1290053160, "likes": {"groups": [], "summary": "2 likes", "count": 2}, "todo": {"count": 0}, "agreeCount": 0, "canonicalUrl": "https://foursquare.com/item/4ce4a628e1dba35da6877d88", "type": "user", "user": {"gender": "male", "id": "490075", "photo": {"prefix": "https://igx.4sqi.net/img/user/", "suffix": "/0IRWXXNY1RG15MWM.jpg"}, "firstName": "Jeremy", "lastName": "Ho"}}]}, {"reasons": {"items": [{"reasonName": "globalInteractionReason", "summary": "This spot is popular", "type": "general"}], "count": 0}, "venue": {"hereNow": {"groups": [], "summary": "Nobody here", "count": 0}, "contact": {"phone": "+6562935101", "formattedPhone": "+65 6293 5101"}, "photos": {"groups": [], "count": 0}, "rating": 7.1, "name": "Diandin Leluk", "ratingSignals": 141, "allowMenuUrlEdit": true, "categories": [{"pluralName": "Thai Restaurants", "id": "4bf58dd8d48988d149941735", "primary": true, "icon": {"prefix": "https://ss3.4sqi.net/img/categories_v2/food/thai_", "suffix": ".png"}, "name": "Thai Restaurant", "shortName": "Thai"}], "stats": {"checkinsCount": 4000, "usersCount": 2306, "tipCount": 53}, "id": "4b208a93f964a5200c3324e3", "beenHere": {"lastCheckinExpiredAt": 0, "count": 0, "marked": false}, "url": "http://www.diandinleluk.com", "ratingColor": "C5DE35", "location": {"lng": 103.86488188984865, "formattedAddress": ["#01-67 Golden Mile Complex (5001 Beach Rd)", "199588", "Singapore"], "postalCode": "199588", "lat": 1.3029750001468479, "crossStreet": "5001 Beach Rd", "country": "Singapore", "distance": 538, "city": "Singapore", "cc": "SG", "address": "#01-67 Golden Mile Complex", "labeledLatLngs": [{"lng": 103.86488188984865, "label": "display", "lat": 1.3029750001468479}]}, "hours": {"isLocalHoliday": false, "isOpen": true, "status": "Open"}, "verified": false, "price": {"tier": 2, "currency": "$", "message": "Moderate"}}, "referralId": "e-3-4b208a93f964a5200c3324e3-56", "tips": [{"id": "50e2dd9ae4b0f94be61db183", "text": "Some of the best of Thailand right here in Singapore; go for classics, like Green Curry, Tom Yam and Chicken Feet Salad.", "disagreeCount": 0, "logView": true, "createdAt": 1357045146, "likes": {"groups": [], "summary": "2 likes", "count": 2}, "todo": {"count": 1}, "agreeCount": 2, "canonicalUrl": "https://foursquare.com/item/50e2dd9ae4b0f94be61db183", "type": "user", "user": {"id": "967505", "photo": {"prefix": "https://igx.4sqi.net/img/user/", "suffix": "/513X05K04CS4325A.jpg"}, "firstName": "rachel", "gender": "female"}}]}, {"reasons": {"items": [{"reasonName": "globalInteractionReason", "summary": "This spot is popular", "type": "general"}], "count": 0}, "venue": {"hereNow": {"groups": [], "summary": "Nobody here", "count": 0}, "contact": {}, "photos": {"groups": [], "count": 0}, "rating": 7.2, "name": "Golden Mile Thien Kee Steamboat Restaurant", "ratingSignals": 125, "allowMenuUrlEdit": true, "categories": [{"pluralName": "Chinese Restaurants", "id": "4bf58dd8d48988d145941735", "primary": true, "icon": {"prefix": "https://ss3.4sqi.net/img/categories_v2/food/asian_", "suffix": ".png"}, "name": "Chinese Restaurant", "shortName": "Chinese"}], "stats": {"checkinsCount": 5144, "usersCount": 3182, "tipCount": 57}, "id": "4b700708f964a52005042de3", "beenHere": {"lastCheckinExpiredAt": 0, "count": 0, "marked": false}, "ratingColor": "C5DE35", "location": {"lng": 103.86426470234768, "formattedAddress": ["#B1-20, Golden Mile Tower (6001 Beach Rd)", "199589", "Singapore"], "postalCode": "199589", "lat": 1.3022962554232858, "crossStreet": "6001 Beach Rd", "country": "Singapore", "distance": 585, "city": "Singapore", "cc": "SG", "address": "#B1-20, Golden Mile Tower", "labeledLatLngs": [{"lng": 103.86426470234768, "label": "display", "lat": 1.3022962554232858}]}, "hours": {"isLocalHoliday": false, "isOpen": true, "status": "Open until 10:00 PM"}, "verified": false, "price": {"tier": 1, "currency": "$", "message": "Cheap"}}, "referralId": "e-3-4b700708f964a52005042de3-57", "tips": [{"id": "4c0b34e4ffb8c9b662056d61", "text": "The 'chicken' rice is full of flavour.", "disagreeCount": 0, "logView": true, "createdAt": 1275802852, "likes": {"groups": [], "summary": "9 likes", "count": 9}, "todo": {"count": 0}, "agreeCount": 1, "canonicalUrl": "https://foursquare.com/item/4c0b34e4ffb8c9b662056d61", "type": "user", "user": {"gender": "male", "id": "156194", "photo": {"prefix": "https://igx.4sqi.net/img/user/", "suffix": "/156194-13DFYMAAO2K0DKPO.jpg"}, "firstName": "Wee Liat", "lastName": "Tan"}}]}, {"reasons": {"items": [{"reasonName": "globalInteractionReason", "summary": "This spot is popular", "type": "general"}], "count": 0}, "venue": {"hereNow": {"groups": [{"items": [], "name": "Other people here", "count": 1, "type": "others"}], "summary": "One other person is here", "count": 1}, "contact": {"phone": "+6562948057", "formattedPhone": "+65 6294 8057"}, "photos": {"groups": [], "count": 0}, "rating": 7.1, "menu": {"mobileUrl": "http://www.wanhelou.com/our-menu.html", "externalUrl": "http://www.wanhelou.com/our-menu.html", "url": "http://www.wanhelou.com/our-menu.html", "anchor": "View Menu", "label": "Menu", "type": "Menu"}, "name": "Wan He Lou \u842c\u5408\u697c", "ratingSignals": 17, "allowMenuUrlEdit": true, "categories": [{"pluralName": "Chinese Restaurants", "id": "4bf58dd8d48988d145941735", "primary": true, "icon": {"prefix": "https://ss3.4sqi.net/img/categories_v2/food/asian_", "suffix": ".png"}, "name": "Chinese Restaurant", "shortName": "Chinese"}], "stats": {"checkinsCount": 206, "usersCount": 182, "tipCount": 9}, "id": "51ca6943498efe82486ad194", "beenHere": {"lastCheckinExpiredAt": 0, "count": 0, "marked": false}, "url": "http://www.wanhelou.com", "ratingColor": "C5DE35", "location": {"formattedAddress": ["65 Maude Rd.", "Singapore"], "lat": 1.3080318872982528, "lng": 103.85815858840942, "country": "Singapore", "distance": 525, "city": "Singapore", "cc": "SG", "address": "65 Maude Rd.", "labeledLatLngs": [{"lng": 103.85815858840942, "label": "display", "lat": 1.3080318872982528}]}, "hours": {"isLocalHoliday": false, "isOpen": true, "status": "Open until 10:30 PM"}, "verified": false, "price": {"tier": 1, "currency": "$", "message": "Cheap"}}, "referralId": "e-3-51ca6943498efe82486ad194-58", "tips": [{"id": "526be48411d28baa35f77f86", "text": "Fave dishes: Lobster porridge, salt & pepper soft shell crab, & crispy lotus root fried with salty duck egg", "disagreeCount": 0, "logView": true, "createdAt": 1382802564, "likes": {"groups": [], "summary": "1 like", "count": 1}, "todo": {"count": 0}, "agreeCount": 1, "canonicalUrl": "https://foursquare.com/item/526be48411d28baa35f77f86", "type": "user", "user": {"gender": "male", "id": "231366", "photo": {"prefix": "https://igx.4sqi.net/img/user/", "suffix": "/231366-Q2ZSAEF50GYUXPDA.jpg"}, "firstName": "Cheen", "lastName": "The Curious"}}]}, {"reasons": {"items": [{"reasonName": "globalInteractionReason", "summary": "This spot is popular", "type": "general"}], "count": 0}, "venue": {"venuePage": {"id": "62431164"}, "hereNow": {"groups": [], "summary": "Nobody here", "count": 0}, "contact": {"phone": "+6562981318", "formattedPhone": "+65 6298 1318"}, "photos": {"groups": [], "count": 0}, "rating": 7.4, "name": "Dong Po Colonial Cafe | \u6771\u5761\u8336\u5ba4", "ratingSignals": 97, "allowMenuUrlEdit": true, "categories": [{"pluralName": "Caf\u00e9s", "id": "4bf58dd8d48988d16d941735", "primary": true, "icon": {"prefix": "https://ss3.4sqi.net/img/categories_v2/food/cafe_", "suffix": ".png"}, "name": "Caf\u00e9", "shortName": "Caf\u00e9"}], "stats": {"checkinsCount": 1050, "usersCount": 717, "tipCount": 41}, "id": "516452e9011c4062327087a2", "beenHere": {"lastCheckinExpiredAt": 0, "count": 0, "marked": false}, "ratingColor": "C5DE35", "location": {"formattedAddress": ["56 Kandahar Street", "198904", "Singapore"], "postalCode": "198904", "lat": 1.3016230700302425, "lng": 103.86007368564606, "distance": 708, "country": "Singapore", "cc": "SG", "address": "56 Kandahar Street", "labeledLatLngs": [{"lng": 103.86007368564606, "label": "display", "lat": 1.3016230700302425}]}, "hours": {"isLocalHoliday": false, "isOpen": false}, "verified": true, "price": {"tier": 1, "currency": "$", "message": "Cheap"}}, "referralId": "e-3-516452e9011c4062327087a2-59", "tips": [{"id": "5165147ee4b018109002f1a5", "text": "Try their homemade jams!", "disagreeCount": 0, "logView": true, "createdAt": 1365578878, "likes": {"groups": [], "summary": "5 likes", "count": 5}, "todo": {"count": 0}, "agreeCount": 5, "canonicalUrl": "https://foursquare.com/item/5165147ee4b018109002f1a5", "type": "user", "user": {"gender": "female", "id": "3145535", "photo": {"prefix": "https://igx.4sqi.net/img/user/", "suffix": "/3N11OJSMEMARVG4H.jpg"}, "firstName": "Pearlyn", "lastName": "Chua"}}]}, {"reasons": {"items": [{"reasonName": "globalInteractionReason", "summary": "This spot is popular", "type": "general"}], "count": 0}, "venue": {"hereNow": {"groups": [], "summary": "Nobody here", "count": 0}, "contact": {}, "photos": {"groups": [], "count": 0}, "rating": 7.0, "name": "Deen Tulang @ beach road", "ratingSignals": 11, "allowMenuUrlEdit": true, "categories": [{"pluralName": "Indian Restaurants", "id": "4bf58dd8d48988d10f941735", "primary": true, "icon": {"prefix": "https://ss3.4sqi.net/img/categories_v2/food/indian_", "suffix": ".png"}, "name": "Indian Restaurant", "shortName": "Indian"}], "stats": {"checkinsCount": 278, "usersCount": 237, "tipCount": 3}, "id": "4d4a9d1f48a06dcbb7787ca2", "beenHere": {"lastCheckinExpiredAt": 0, "count": 0, "marked": false}, "ratingColor": "C5DE35", "location": {"formattedAddress": ["Singapore"], "lat": 1.303189245194215, "lng": 103.8634040418787, "country": "Singapore", "distance": 468, "city": "Singapore", "cc": "SG", "labeledLatLngs": [{"lng": 103.8634040418787, "label": "display", "lat": 1.303189245194215}]}, "hours": {"isLocalHoliday": false, "isOpen": true, "status": "Likely open"}, "verified": false, "price": {"tier": 2, "currency": "$", "message": "Moderate"}}, "referralId": "e-3-4d4a9d1f48a06dcbb7787ca2-60", "tips": [{"id": "529084e611d20505fdc38c3e", "text": "Nice. But a bit spicy for me", "disagreeCount": 0, "createdAt": 1385202918, "logView": true, "todo": {"count": 0}, "agreeCount": 0, "canonicalUrl": "https://foursquare.com/item/529084e611d20505fdc38c3e", "type": "user", "user": {"gender": "female", "id": "6767189", "photo": {"prefix": "https://igx.4sqi.net/img/user/", "suffix": "/6767189-Q0T0GVP3RBO3AP1B.jpg"}, "firstName": "Kelalang", "lastName": "Kon"}}]}, {"reasons": {"items": [{"reasonName": "globalInteractionReason", "summary": "This spot is popular", "type": "general"}], "count": 0}, "venue": {"hereNow": {"groups": [], "summary": "Nobody here", "count": 0}, "contact": {}, "photos": {"groups": [], "count": 0}, "rating": 7.2, "name": "Box n Sticks", "ratingSignals": 28, "allowMenuUrlEdit": true, "categories": [{"pluralName": "Japanese Restaurants", "id": "4bf58dd8d48988d111941735", "primary": true, "icon": {"prefix": "https://ss3.4sqi.net/img/categories_v2/food/japanese_", "suffix": ".png"}, "name": "Japanese Restaurant", "shortName": "Japanese"}], "stats": {"checkinsCount": 175, "usersCount": 116, "tipCount": 12}, "id": "5528f86b498ea157a1cba132", "beenHere": {"lastCheckinExpiredAt": 0, "count": 0, "marked": false}, "ratingColor": "C5DE35", "location": {"formattedAddress": ["28 Kandahar Street", "198889", "Singapore"], "postalCode": "198889", "lat": 1.3022847037818819, "lng": 103.8598821853266, "country": "Singapore", "distance": 652, "city": "Singapore", "cc": "SG", "address": "28 Kandahar Street", "labeledLatLngs": [{"lng": 103.8598821853266, "label": "display", "lat": 1.3022847037818819}]}, "verified": false, "price": {"tier": 2, "currency": "$", "message": "Moderate"}}, "referralId": "e-3-5528f86b498ea157a1cba132-61", "tips": [{"id": "58e9d5e525911e59b6adb368", "text": "Not up to my expectation", "disagreeCount": 0, "createdAt": 1491719653, "logView": true, "todo": {"count": 0}, "agreeCount": 0, "canonicalUrl": "https://foursquare.com/item/58e9d5e525911e59b6adb368", "type": "user", "user": {"gender": "female", "id": "102162773", "photo": {"prefix": "https://igx.4sqi.net/img/user/", "default": true, "suffix": "/blank_girl.png"}, "firstName": "Uncle", "lastName": "V"}}]}, {"reasons": {"items": [{"reasonName": "globalInteractionReason", "summary": "This spot is popular", "type": "general"}], "count": 0}, "venue": {"hereNow": {"groups": [], "summary": "Nobody here", "count": 0}, "contact": {}, "photos": {"groups": [], "count": 0}, "rating": 7.1, "name": "Happy Crab", "ratingSignals": 27, "allowMenuUrlEdit": true, "categories": [{"pluralName": "Seafood Restaurants", "id": "4bf58dd8d48988d1ce941735", "primary": true, "icon": {"prefix": "https://ss3.4sqi.net/img/categories_v2/food/seafood_", "suffix": ".png"}, "name": "Seafood Restaurant", "shortName": "Seafood"}], "stats": {"checkinsCount": 160, "usersCount": 125, "tipCount": 11}, "id": "5034cae2e4b0eca91ce16470", "beenHere": {"lastCheckinExpiredAt": 0, "count": 0, "marked": false}, "url": "http://www.happycrab.com.sg", "ratingColor": "C5DE35", "location": {"formattedAddress": ["12 Pahang Street", "Singapore"], "lat": 1.302224580800491, "lng": 103.8611278476479, "distance": 601, "country": "Singapore", "cc": "SG", "address": "12 Pahang Street", "labeledLatLngs": [{"lng": 103.8611278476479, "label": "display", "lat": 1.302224580800491}]}, "verified": false, "price": {"tier": 3, "currency": "$", "message": "Expensive"}}, "referralId": "e-3-5034cae2e4b0eca91ce16470-62", "tips": [{"logView": true, "createdAt": 1366714155, "agreeCount": 2, "likes": {"groups": [], "summary": "2 likes", "count": 2}, "id": "5176672b498e23dcf06cfd8c", "text": "Quote: \"open Mondays to Saturday but best call to check if they have crabs. Owner is a Eddie Chew @ 9620 3417....Only opens 6pm to 10.30pm.\"", "type": "user", "url": "https://www.facebook.com/photo.php?fbid=10151878936199848&set=o.308569972579815&type=1&theater", "user": {"gender": "male", "id": "44281896", "photo": {"prefix": "https://igx.4sqi.net/img/user/", "suffix": "/BY13F5T2JHUBDMJP.jpg"}, "firstName": "Neu", "lastName": "Tea"}, "canonicalUrl": "https://foursquare.com/item/5176672b498e23dcf06cfd8c", "todo": {"count": 1}, "disagreeCount": 0}]}, {"reasons": {"items": [{"reasonName": "globalInteractionReason", "summary": "This spot is popular", "type": "general"}], "count": 0}, "venue": {"hereNow": {"groups": [], "summary": "Nobody here", "count": 0}, "contact": {}, "photos": {"groups": [], "count": 0}, "rating": 7.4, "name": "Overrun", "ratingSignals": 8, "allowMenuUrlEdit": true, "categories": [{"pluralName": "Caf\u00e9s", "id": "4bf58dd8d48988d16d941735", "primary": true, "icon": {"prefix": "https://ss3.4sqi.net/img/categories_v2/food/cafe_", "suffix": ".png"}, "name": "Caf\u00e9", "shortName": "Caf\u00e9"}], "stats": {"checkinsCount": 115, "usersCount": 88, "tipCount": 3}, "id": "56eeaea9498eefb9921906da", "beenHere": {"lastCheckinExpiredAt": 0, "count": 0, "marked": false}, "ratingColor": "C5DE35", "location": {"formattedAddress": ["18 Bagdad Street", "Singapore"], "lat": 1.3011518967958637, "lng": 103.85964437836124, "distance": 776, "country": "Singapore", "cc": "SG", "address": "18 Bagdad Street", "labeledLatLngs": [{"lng": 103.85964437836124, "label": "display", "lat": 1.3011518967958637}]}, "verified": false, "price": {"tier": 1, "currency": "$", "message": "Cheap"}}, "referralId": "e-3-56eeaea9498eefb9921906da-63", "tips": [{"id": "58835e1efd2716635b5a6a52", "text": "Loved the chendol flavoured softserve!", "disagreeCount": 0, "createdAt": 1485004318, "logView": true, "todo": {"count": 0}, "agreeCount": 0, "canonicalUrl": "https://foursquare.com/item/58835e1efd2716635b5a6a52", "type": "user", "user": {"gender": "none", "id": "335860333", "photo": {"prefix": "https://igx.4sqi.net/img/user/", "default": true, "suffix": "/blank_boy.png"}, "firstName": "Miguel", "lastName": "Fernandes"}}]}, {"reasons": {"items": [{"reasonName": "globalInteractionReason", "summary": "This spot is popular", "type": "general"}], "count": 0}, "venue": {"hereNow": {"groups": [], "summary": "Nobody here", "count": 0}, "contact": {"facebook": "1492377011020200", "facebookUsername": "twentygrammes", "facebookName": "Twenty Grammes", "formattedPhone": "+65 6717 1733", "twitter": "twentygrammes", "phone": "+6567171733"}, "photos": {"groups": [], "count": 0}, "rating": 7.1, "name": "Twenty Grammes", "ratingSignals": 54, "allowMenuUrlEdit": true, "categories": [{"pluralName": "Caf\u00e9s", "id": "4bf58dd8d48988d16d941735", "primary": true, "icon": {"prefix": "https://ss3.4sqi.net/img/categories_v2/food/cafe_", "suffix": ".png"}, "name": "Caf\u00e9", "shortName": "Caf\u00e9"}], "stats": {"checkinsCount": 672, "usersCount": 558, "tipCount": 15}, "id": "542e40cb498e1a4f90231356", "beenHere": {"lastCheckinExpiredAt": 0, "count": 0, "marked": false}, "url": "http://www.twentygrammes.com", "ratingColor": "C5DE35", "location": {"formattedAddress": ["#01-01, 753 North Bridge Road", "198721", "Singapore"], "postalCode": "198721", "lat": 1.303169773702813, "lng": 103.8591687656771, "country": "Singapore", "distance": 619, "city": "Singapore", "cc": "SG", "address": "#01-01, 753 North Bridge Road", "labeledLatLngs": [{"lng": 103.8591687656771, "label": "display", "lat": 1.303169773702813}]}, "hours": {"isLocalHoliday": false, "isOpen": true, "status": "Open until 10:00 PM"}, "verified": false, "price": {"tier": 1, "currency": "$", "message": "Cheap"}}, "referralId": "e-3-542e40cb498e1a4f90231356-64", "tips": [{"id": "591a97b5446ea6340d836e32", "text": "Charcoal waffles goes well with Honey scotch and Salted Cameral. The only dumb and gimmicky idea that they have to it is to serve salted egg sauce that comes with it, but serve separately in a cup.", "disagreeCount": 0, "createdAt": 1494914997, "logView": true, "todo": {"count": 0}, "agreeCount": 0, "canonicalUrl": "https://foursquare.com/item/591a97b5446ea6340d836e32", "type": "user", "user": {"gender": "male", "id": "5888350", "photo": {"prefix": "https://igx.4sqi.net/img/user/", "suffix": "/5888350-N4J5ZR3P1WQQC3G2.jpg"}, "firstName": "Fuad", "lastName": "Huat"}}]}, {"reasons": {"items": [{"reasonName": "globalInteractionReason", "summary": "This spot is popular", "type": "general"}], "count": 0}, "venue": {"hereNow": {"groups": [], "summary": "Nobody here", "count": 0}, "contact": {}, "photos": {"groups": [], "count": 0}, "rating": 7.2, "name": "A.R.C.", "ratingSignals": 48, "allowMenuUrlEdit": true, "categories": [{"pluralName": "Caf\u00e9s", "id": "4bf58dd8d48988d16d941735", "primary": true, "icon": {"prefix": "https://ss3.4sqi.net/img/categories_v2/food/cafe_", "suffix": ".png"}, "name": "Caf\u00e9", "shortName": "Caf\u00e9"}], "stats": {"checkinsCount": 471, "usersCount": 318, "tipCount": 19}, "id": "567256b3498eb249af751bd5", "beenHere": {"lastCheckinExpiredAt": 0, "count": 0, "marked": false}, "ratingColor": "C5DE35", "location": {"formattedAddress": ["29/31 Sultan Gate", "198477", "Singapore"], "postalCode": "198477", "lat": 1.301414927122169, "lng": 103.86085040368955, "country": "Singapore", "distance": 697, "city": "Singapore", "cc": "SG", "address": "29/31 Sultan Gate", "labeledLatLngs": [{"lng": 103.86085040368955, "label": "display", "lat": 1.301414927122169}]}, "hours": {"isLocalHoliday": false, "isOpen": false}, "verified": false, "price": {"tier": 1, "currency": "$", "message": "Cheap"}}, "referralId": "e-3-567256b3498eb249af751bd5-65", "tips": [{"id": "590ef95b01559a28c7c3bab9", "text": "Salted caramel is way too sweeeeeet, even for the sweeth tooth.", "disagreeCount": 0, "createdAt": 1494153563, "logView": true, "todo": {"count": 0}, "agreeCount": 0, "canonicalUrl": "https://foursquare.com/item/590ef95b01559a28c7c3bab9", "type": "user", "user": {"gender": "male", "id": "2549520", "photo": {"prefix": "https://igx.4sqi.net/img/user/", "suffix": "/2549520_I23ywToQ_l9wN4MPjZRMsPgzOAXqBqNwiZNp5kBA7Xj2zbrgOXsd0N9HBQTncyM6NjzEPfdKs.jpg"}, "firstName": "Mathew", "lastName": "MadMax"}}]}, {"reasons": {"items": [{"reasonName": "globalInteractionReason", "summary": "This spot is popular", "type": "general"}], "count": 0}, "venue": {"hereNow": {"groups": [], "summary": "Nobody here", "count": 0}, "contact": {"phone": "+6591115590", "formattedPhone": "+65 9111 5590"}, "photos": {"groups": [], "count": 0}, "rating": 7.1, "name": "Dapur Jen's", "ratingSignals": 16, "allowMenuUrlEdit": true, "categories": [{"pluralName": "Indonesian Restaurants", "id": "4deefc054765f83613cdba6f", "primary": true, "icon": {"prefix": "https://ss3.4sqi.net/img/categories_v2/food/indonesian_", "suffix": ".png"}, "name": "Indonesian Restaurant", "shortName": "Indonesian"}], "stats": {"checkinsCount": 320, "usersCount": 192, "tipCount": 8}, "id": "4e81c2686da161a768a02bc5", "beenHere": {"lastCheckinExpiredAt": 0, "count": 0, "marked": false}, "ratingColor": "C5DE35", "location": {"formattedAddress": ["28 Kandahar St", "198889", "Singapore"], "postalCode": "198889", "lat": 1.3022343893316222, "lng": 103.85982556458286, "country": "Singapore", "distance": 660, "city": "Singapore", "cc": "SG", "address": "28 Kandahar St", "labeledLatLngs": [{"lng": 103.85982556458286, "label": "display", "lat": 1.3022343893316222}]}, "hours": {"isLocalHoliday": false, "isOpen": true, "status": "Likely open"}, "verified": false, "price": {"tier": 2, "currency": "$", "message": "Moderate"}}, "referralId": "e-3-4e81c2686da161a768a02bc5-66", "tips": [{"id": "4f7fdc20e4b042dc2039674e", "text": "Great service with smile, a rare small lil things in singapore.. Superb food, the soto betawi and sate padang is extremely delightful, authentic indonesia taste indeed..", "disagreeCount": 0, "logView": true, "createdAt": 1333779488, "likes": {"groups": [], "summary": "2 likes", "count": 2}, "todo": {"count": 0}, "agreeCount": 1, "canonicalUrl": "https://foursquare.com/item/4f7fdc20e4b042dc2039674e", "type": "user", "user": {"gender": "female", "id": "1783783", "photo": {"prefix": "https://igx.4sqi.net/img/user/", "suffix": "/4H4R1NXJK5M35AAA.jpg"}, "firstName": "Lsh", "lastName": "Damayanti"}}]}, {"reasons": {"items": [{"reasonName": "globalInteractionReason", "summary": "This spot is popular", "type": "general"}], "count": 0}, "venue": {"hereNow": {"groups": [], "summary": "Nobody here", "count": 0}, "contact": {}, "photos": {"groups": [], "count": 0}, "rating": 7.1, "name": "Blanco Court Fish Soup", "ratingSignals": 30, "allowMenuUrlEdit": true, "categories": [{"pluralName": "Chinese Restaurants", "id": "4bf58dd8d48988d145941735", "primary": true, "icon": {"prefix": "https://ss3.4sqi.net/img/categories_v2/food/asian_", "suffix": ".png"}, "name": "Chinese Restaurant", "shortName": "Chinese"}], "stats": {"checkinsCount": 849, "usersCount": 393, "tipCount": 19}, "id": "4baaea5cf964a520ac8d3ae3", "beenHere": {"lastCheckinExpiredAt": 0, "count": 0, "marked": false}, "ratingColor": "C5DE35", "location": {"lng": 103.86148452758789, "formattedAddress": ["Luk Lu Eating House (341 Beach Rd.)", "Singapore"], "lat": 1.3014246377707814, "crossStreet": "341 Beach Rd.", "country": "Singapore", "distance": 677, "city": "Singapore", "cc": "SG", "address": "Luk Lu Eating House", "labeledLatLngs": [{"lng": 103.86148452758789, "label": "display", "lat": 1.3014246377707814}]}, "hours": {"isLocalHoliday": false, "isOpen": false}, "verified": false, "price": {"tier": 1, "currency": "$", "message": "Cheap"}}, "referralId": "e-3-4baaea5cf964a520ac8d3ae3-67", "tips": [{"id": "4d5f7dd9865a224ba3819f85", "text": "The fried fish soup is delicious, but the waiting time may be a bit long. Try the fried eggs too!", "disagreeCount": 0, "logView": true, "createdAt": 1298103769, "likes": {"groups": [], "summary": "4 likes", "count": 4}, "todo": {"count": 1}, "agreeCount": 4, "canonicalUrl": "https://foursquare.com/item/4d5f7dd9865a224ba3819f85", "type": "user", "user": {"gender": "male", "id": "1666549", "photo": {"prefix": "https://igx.4sqi.net/img/user/", "suffix": "/ZQST2FYJVAQMBIK1.jpg"}, "firstName": "Terence", "lastName": "T"}}]}, {"reasons": {"items": [{"reasonName": "globalInteractionReason", "summary": "This spot is popular", "type": "general"}], "count": 0}, "venue": {"hereNow": {"groups": [], "summary": "Nobody here", "count": 0}, "contact": {"phone": "+6562971220", "formattedPhone": "+65 6297 1220"}, "photos": {"groups": [], "count": 0}, "rating": 7.1, "name": "Nature's Harvest Cafe", "ratingSignals": 13, "allowMenuUrlEdit": true, "categories": [{"pluralName": "Vegetarian / Vegan Restaurants", "id": "4bf58dd8d48988d1d3941735", "primary": true, "icon": {"prefix": "https://ss3.4sqi.net/img/categories_v2/food/vegetarian_", "suffix": ".png"}, "name": "Vegetarian / Vegan Restaurant", "shortName": "Vegetarian / Vegan"}], "stats": {"checkinsCount": 81, "usersCount": 54, "tipCount": 7}, "id": "4c821ef574d7b60c1f1e7dd8", "beenHere": {"lastCheckinExpiredAt": 0, "count": 0, "marked": false}, "ratingColor": "C5DE35", "location": {"formattedAddress": ["#01-01, 60 Somme Road", "207876", "Singapore"], "postalCode": "207876", "lat": 1.3121337304779714, "lng": 103.85791179729944, "country": "Singapore", "distance": 763, "city": "Singapore", "cc": "SG", "address": "#01-01, 60 Somme Road", "labeledLatLngs": [{"lng": 103.85791179729944, "label": "display", "lat": 1.3121337304779714}]}, "hours": {"isLocalHoliday": false, "isOpen": false, "status": "Closed until 11:00 AM tomorrow"}, "verified": false, "price": {"tier": 2, "currency": "$", "message": "Moderate"}}, "referralId": "e-3-4c821ef574d7b60c1f1e7dd8-68", "tips": [{"id": "560908bb498ea4aa161a9233", "text": "Organic coffee and Lei Cha are really good..will be back for sure", "disagreeCount": 0, "logView": true, "createdAt": 1443432635, "likes": {"groups": [], "summary": "1 like", "count": 1}, "todo": {"count": 0}, "agreeCount": 1, "canonicalUrl": "https://foursquare.com/item/560908bb498ea4aa161a9233", "type": "user", "user": {"gender": "female", "id": "135517011", "photo": {"prefix": "https://igx.4sqi.net/img/user/", "suffix": "/135517011-RQMZ01PPCT5NV122.jpg"}, "firstName": "Mandy", "lastName": "Govender"}}]}, {"reasons": {"items": [{"reasonName": "globalInteractionReason", "summary": "This spot is popular", "type": "general"}], "count": 0}, "venue": {"hereNow": {"groups": [], "summary": "Nobody here", "count": 0}, "contact": {}, "photos": {"groups": [], "count": 0}, "rating": 7.0, "name": "Penang Chiak", "ratingSignals": 11, "allowMenuUrlEdit": true, "categories": [{"pluralName": "Malay Restaurants", "id": "4bf58dd8d48988d156941735", "primary": true, "icon": {"prefix": "https://ss3.4sqi.net/img/categories_v2/food/malaysian_", "suffix": ".png"}, "name": "Malay Restaurant", "shortName": "Malay"}], "stats": {"checkinsCount": 84, "usersCount": 39, "tipCount": 4}, "id": "55b9a2a8498e7eb6a5b47d8e", "beenHere": {"lastCheckinExpiredAt": 0, "count": 0, "marked": false}, "ratingColor": "C5DE35", "location": {"formattedAddress": ["325 Beach Road", "199559", "Singapore"], "postalCode": "199559", "lat": 1.301125, "lng": 103.861222, "distance": 716, "country": "Singapore", "cc": "SG", "address": "325 Beach Road", "labeledLatLngs": [{"lng": 103.861222, "label": "display", "lat": 1.301125}]}, "hours": {"isLocalHoliday": false, "isOpen": true, "status": "Open until 2:30 AM"}, "verified": false, "price": {"tier": 2, "currency": "$", "message": "Moderate"}}, "referralId": "e-3-55b9a2a8498e7eb6a5b47d8e-69", "tips": [{"id": "56ee28c0498ed7cffd0b2ac0", "text": "It was very slow to order, although it was few people", "disagreeCount": 0, "createdAt": 1458448576, "logView": true, "todo": {"count": 0}, "agreeCount": 0, "canonicalUrl": "https://foursquare.com/item/56ee28c0498ed7cffd0b2ac0", "type": "user", "user": {"gender": "female", "id": "51334913", "photo": {"prefix": "https://igx.4sqi.net/img/user/", "suffix": "/51334913-SB3JNVKZLTKMW55B.jpg"}, "firstName": "Waiyee", "lastName": "Soo"}}]}], "name": "recommended", "type": "Recommended Places"}], "query": "food", "headerLocation": "Central Region"}}