{"meta": {"code": 200, "requestId": "595a3ad34c1f67703a6d5225"}, "response": {"suggestedFilters": {"filters": [{"name": "Open now", "key": "openNow"}], "header": "Tap to show:"}, "totalResults": 140, "headerFullLocation": "Downtown Core, Singapore", "headerLocationGranularity": "neighborhood", "suggestedBounds": {"ne": {"lng": 103.85977428648081, "lat": 1.3001362500460971}, "sw": {"lng": 103.84539749820718, "lat": 1.2857362356460829}}, "groups": [{"items": [{"reasons": {"items": [{"reasonName": "globalInteractionReason", "summary": "This spot is popular", "type": "general"}], "count": 0}, "venue": {"hereNow": {"groups": [], "summary": "Nobody here", "count": 0}, "contact": {}, "photos": {"groups": [], "count": 0}, "rating": 7.3, "name": "Dian Xiao Er \u5e97\u5c0f\u4e8c", "ratingSignals": 37, "allowMenuUrlEdit": true, "categories": [{"pluralName": "Chinese Restaurants", "id": "4bf58dd8d48988d145941735", "primary": true, "icon": {"prefix": "https://ss3.4sqi.net/img/categories_v2/food/asian_", "suffix": ".png"}, "name": "Chinese Restaurant", "shortName": "Chinese"}], "stats": {"checkinsCount": 1548, "usersCount": 1306, "tipCount": 16}, "id": "4b811cecf964a520399730e3", "beenHere": {"lastCheckinExpiredAt": 0, "count": 0, "marked": false}, "url": "http://www.dianxiaoer.com.sg", "ratingColor": "C5DE35", "location": {"lng": 103.85853946208954, "formattedAddress": ["#02-203/204, Marina Square (6 Raffles Blvd.)", "039595", "Singapore"], "postalCode": "039595", "lat": 1.2909666993572828, "crossStreet": "6 Raffles Blvd.", "country": "Singapore", "distance": 697, "city": "Singapore", "cc": "SG", "address": "#02-203/204, Marina Square", "labeledLatLngs": [{"lng": 103.85853946208954, "label": "display", "lat": 1.2909666993572828}]}, "hours": {"isLocalHoliday": false, "isOpen": true, "status": "Open until 9:30 PM"}, "verified": false, "price": {"tier": 1, "currency": "$", "message": "Cheap"}}, "referralId": "e-3-4b811cecf964a520399730e3-100", "tips": [{"logView": true, "photo": {"id": "566426ef498e2529cd1c0b17", "visibility": "public", "source": {"name": "Swarm for iOS", "url": "https://www.swarmapp.com"}, "suffix": "/129491502_yZW-dOXqqWP5QLx5BSaXsJiT8CUdxgW06UN89sVzZWQ.jpg", "createdAt": 1449404143, "prefix": "https://igx.4sqi.net/img/general/", "width": 1920, "height": 1440}, "createdAt": 1449404143, "todo": {"count": 0}, "agreeCount": 1, "likes": {"groups": [], "summary": "1 like", "count": 1}, "id": "566426ef498e2529cd1c0b18", "text": "Their speciality here is their roast duck and my favourite would be the Dang Gui flavour!", "disagreeCount": 0, "user": {"gender": "female", "id": "129491502", "photo": {"prefix": "https://igx.4sqi.net/img/user/", "suffix": "/129491502-JUY23AGYKIQJ1USY.jpg"}, "firstName": "Celine", "lastName": "Ong"}, "canonicalUrl": "https://foursquare.com/item/566426ef498e2529cd1c0b18", "type": "user", "photourl": "https://igx.4sqi.net/img/general/original/129491502_yZW-dOXqqWP5QLx5BSaXsJiT8CUdxgW06UN89sVzZWQ.jpg"}]}, {"reasons": {"items": [{"reasonName": "globalInteractionReason", "summary": "This spot is popular", "type": "general"}], "count": 0}, "venue": {"hereNow": {"groups": [], "summary": "Nobody here", "count": 0}, "contact": {"facebook": "1565202437074183", "facebookUsername": "clintonstsingapore", "facebookName": "Clinton Street Baking Company, Singapore", "phone": "+6566844845", "formattedPhone": "+65 6684 4845"}, "photos": {"groups": [], "count": 0}, "rating": 7.0, "name": "Clinton St. Baking Co", "ratingSignals": 111, "allowMenuUrlEdit": true, "categories": [{"pluralName": "New American Restaurants", "id": "4bf58dd8d48988d157941735", "primary": true, "icon": {"prefix": "https://ss3.4sqi.net/img/categories_v2/food/newamerican_", "suffix": ".png"}, "name": "New American Restaurant", "shortName": "New American"}], "stats": {"checkinsCount": 809, "usersCount": 573, "tipCount": 34}, "id": "55d8154d498e003c1f308ee1", "beenHere": {"lastCheckinExpiredAt": 0, "count": 0, "marked": false}, "url": "http://clintonstreetbaking.sg", "ratingColor": "C5DE35", "location": {"formattedAddress": ["31 Purvis Street", "188608", "Singapore"], "postalCode": "188608", "lat": 1.29657398989893, "lng": 103.85524502446619, "country": "Singapore", "distance": 501, "city": "Singapore", "cc": "SG", "address": "31 Purvis Street", "labeledLatLngs": [{"lng": 103.85524502446619, "label": "display", "lat": 1.29657398989893}]}, "hours": {"isLocalHoliday": false, "isOpen": false, "status": "Closed until 8:00 AM tomorrow"}, "verified": false, "price": {"tier": 3, "currency": "$", "message": "Expensive"}}, "referralId": "e-3-55d8154d498e003c1f308ee1-101", "tips": [{"id": "560fadd4498ed4c7863d942a", "text": "Pancakes with the most awesome maple butter! And thick milkshakes.", "disagreeCount": 0, "logView": true, "createdAt": 1443868116, "likes": {"groups": [], "summary": "3 likes", "count": 3}, "todo": {"count": 0}, "agreeCount": 3, "canonicalUrl": "https://foursquare.com/item/560fadd4498ed4c7863d942a", "type": "user", "user": {"gender": "female", "id": "726583", "photo": {"prefix": "https://igx.4sqi.net/img/user/", "suffix": "/726583-1WKEF024YQXAGVIS.jpg"}, "firstName": "Catherine", "lastName": "Ling"}}]}, {"reasons": {"items": [{"reasonName": "globalInteractionReason", "summary": "This spot is popular", "type": "general"}], "count": 0}, "venue": {"hereNow": {"groups": [{"items": [], "name": "Other people here", "count": 1, "type": "others"}], "summary": "One other person is here", "count": 1}, "contact": {"instagram": "gudetamacafesg", "facebookUsername": "gudetamacafesg", "facebookName": "Gudetama Caf\u00e9 Singapore", "facebook": "173036276456410"}, "photos": {"groups": [], "count": 0}, "rating": 7.0, "name": "Gudetama Caf\u00e9", "ratingSignals": 44, "allowMenuUrlEdit": true, "categories": [{"pluralName": "Japanese Restaurants", "id": "4bf58dd8d48988d111941735", "primary": true, "icon": {"prefix": "https://ss3.4sqi.net/img/categories_v2/food/japanese_", "suffix": ".png"}, "name": "Japanese Restaurant", "shortName": "Japanese"}], "stats": {"checkinsCount": 686, "usersCount": 614, "tipCount": 12}, "id": "583b984cd7b47337a0adbb24", "beenHere": {"lastCheckinExpiredAt": 0, "count": 0, "marked": false}, "url": "http://www.gudetamacafe.sg", "ratingColor": "C5DE35", "location": {"lng": 103.857036, "formattedAddress": ["#01-361 Suntec City Mall (3 Temasek Boulevard)", "038983", "Singapore"], "postalCode": "038983", "lat": 1.292978, "crossStreet": "3 Temasek Boulevard", "country": "Singapore", "distance": 495, "city": "Singapore", "cc": "SG", "address": "#01-361 Suntec City Mall", "labeledLatLngs": [{"lng": 103.857036, "label": "display", "lat": 1.292978}]}, "hours": {"isLocalHoliday": false, "isOpen": false}, "verified": false, "price": {"tier": 2, "currency": "$", "message": "Moderate"}}, "referralId": "e-3-583b984cd7b47337a0adbb24-102", "tips": [{"logView": true, "photo": {"id": "593a4f729d6a1909db20b490", "visibility": "public", "source": {"name": "Foursquare for iOS", "url": "https://foursquare.com/download/#/iphone"}, "suffix": "/400849147_LcHRUXSdktc5kTo4TPDqzfc3iqgWVJ6KfKR_n5fTZ7k.jpg", "createdAt": 1496993650, "prefix": "https://igx.4sqi.net/img/general/", "width": 1440, "height": 1920}, "createdAt": 1496993648, "agreeCount": 0, "id": "593a4f702bf9a95a1bc9ad7c", "text": "They put way too much fake cheese on my eggs, ruined the meal. Service was good and the whole place is very cute and unique, expensive tho. Smoked salmon+dessert+service charge= 40SGD", "type": "user", "disagreeCount": 0, "user": {"gender": "female", "id": "400849147", "photo": {"prefix": "https://igx.4sqi.net/img/user/", "suffix": "/400849147_BLDwlsXx_OOUgnhRl07lifzuutJstvukymyJdvAVlgDpqJQYd2XaslwepqH9u9qbNwZ3ZHC2D.jpg"}, "firstName": "Emma", "lastName": "Peet"}, "canonicalUrl": "https://foursquare.com/item/593a4f702bf9a95a1bc9ad7c", "todo": {"count": 0}, "photourl": "https://igx.4sqi.net/img/general/original/400849147_LcHRUXSdktc5kTo4TPDqzfc3iqgWVJ6KfKR_n5fTZ7k.jpg"}]}, {"reasons": {"items": [{"reasonName": "globalInteractionReason", "summary": "This spot is popular", "type": "general"}], "count": 0}, "venue": {"hereNow": {"groups": [], "summary": "Nobody here", "count": 0}, "contact": {}, "photos": {"groups": [], "count": 0}, "rating": 7.3, "name": "Chong Qing Grilled Fish", "ratingSignals": 30, "allowMenuUrlEdit": true, "categories": [{"pluralName": "Asian Restaurants", "id": "4bf58dd8d48988d142941735", "primary": true, "icon": {"prefix": "https://ss3.4sqi.net/img/categories_v2/food/asian_", "suffix": ".png"}, "name": "Asian Restaurant", "shortName": "Asian"}], "stats": {"checkinsCount": 1245, "usersCount": 765, "tipCount": 9}, "id": "4cb83d4a4c60a093cb2c37ca", "beenHere": {"lastCheckinExpiredAt": 0, "count": 0, "marked": false}, "url": "http://www.cqgf.com.sg", "ratingColor": "C5DE35", "location": {"formattedAddress": ["Liang Seah Street", "Singapore"], "lat": 1.297941, "lng": 103.85655868571428, "country": "Singapore", "distance": 711, "city": "Singapore", "cc": "SG", "address": "Liang Seah Street", "labeledLatLngs": [{"lng": 103.85655868571428, "label": "display", "lat": 1.297941}]}, "hours": {"isLocalHoliday": false, "isOpen": true, "status": "Likely open"}, "verified": false, "price": {"tier": 2, "currency": "$", "message": "Moderate"}}, "referralId": "e-3-4cb83d4a4c60a093cb2c37ca-103", "tips": [{"id": "52025775498e70a25806cb42", "text": "Delicious ... Must try!", "disagreeCount": 0, "logView": true, "createdAt": 1375885173, "likes": {"groups": [], "summary": "1 like", "count": 1}, "todo": {"count": 0}, "agreeCount": 1, "canonicalUrl": "https://foursquare.com/item/52025775498e70a25806cb42", "type": "user", "user": {"gender": "male", "id": "20194169", "photo": {"prefix": "https://igx.4sqi.net/img/user/", "suffix": "/20194169-KNZXJVK3YW5HOTAX.jpg"}, "firstName": "Htun Naing", "lastName": "Lynn"}}]}, {"reasons": {"items": [{"reasonName": "globalInteractionReason", "summary": "This spot is popular", "type": "general"}], "count": 0}, "venue": {"venuePage": {"id": "208560633"}, "hereNow": {"groups": [], "summary": "Nobody here", "count": 0}, "contact": {"twitter": "isteamboat", "phone": "+6563387873", "formattedPhone": "+65 6338 7873"}, "photos": {"groups": [], "count": 0}, "rating": 7.3, "name": "iSteamboat Chinese Restaurant", "ratingSignals": 8, "allowMenuUrlEdit": true, "categories": [{"pluralName": "Chinese Restaurants", "id": "4bf58dd8d48988d145941735", "primary": true, "icon": {"prefix": "https://ss3.4sqi.net/img/categories_v2/food/asian_", "suffix": ".png"}, "name": "Chinese Restaurant", "shortName": "Chinese"}], "stats": {"checkinsCount": 91, "usersCount": 80, "tipCount": 7}, "id": "5772d712498ed6895601777b", "beenHere": {"lastCheckinExpiredAt": 0, "count": 0, "marked": false}, "url": "http://www.isteamboat.com.sg", "ratingColor": "C5DE35", "location": {"lng": 103.85796546936035, "formattedAddress": ["6 Raffles Boulevard #04-104a (City Hall MRT)", "039495", "Singapore"], "postalCode": "039495", "lat": 1.2901622407700382, "crossStreet": "City Hall MRT", "country": "Singapore", "distance": 673, "city": "Singapore", "cc": "SG", "address": "6 Raffles Boulevard #04-104a", "labeledLatLngs": [{"lng": 103.85796546936035, "label": "display", "lat": 1.2901622407700382}]}, "verified": true, "price": {"tier": 1, "currency": "$", "message": "Cheap"}}, "referralId": "e-3-5772d712498ed6895601777b-104", "tips": [{"id": "5781f392498e6a4c931acb57", "text": "Excellent local flavored teochew porridge.  Great value buffet. Loved the braised meat, curry chicken, Ma la tofu and also the black carrot cake. Had a great time with family. Will be back!!", "disagreeCount": 0, "createdAt": 1468134290, "logView": true, "todo": {"count": 0}, "agreeCount": 0, "canonicalUrl": "https://foursquare.com/item/5781f392498e6a4c931acb57", "type": "user", "user": {"gender": "none", "id": "214667379", "photo": {"prefix": "https://igx.4sqi.net/img/user/", "default": true, "suffix": "/blank_boy.png"}, "firstName": "il", "lastName": "Sg"}}]}, {"reasons": {"items": [{"reasonName": "globalInteractionReason", "summary": "This spot is popular", "type": "general"}], "count": 0}, "venue": {"hereNow": {"groups": [], "summary": "Nobody here", "count": 0}, "contact": {"phone": "+6562381945", "formattedPhone": "+65 6238 1945"}, "photos": {"groups": [], "count": 0}, "rating": 7.5, "name": "Teppei Syokudo", "ratingSignals": 35, "allowMenuUrlEdit": true, "categories": [{"pluralName": "Japanese Restaurants", "id": "4bf58dd8d48988d111941735", "primary": true, "icon": {"prefix": "https://ss3.4sqi.net/img/categories_v2/food/japanese_", "suffix": ".png"}, "name": "Japanese Restaurant", "shortName": "Japanese"}], "stats": {"checkinsCount": 289, "usersCount": 192, "tipCount": 17}, "id": "54bcba0e498e9ede49e5cdf2", "beenHere": {"lastCheckinExpiredAt": 0, "count": 0, "marked": false}, "ratingColor": "C5DE35", "location": {"lng": 103.85968967489403, "formattedAddress": ["#01-105 Millenia Walk (9 Raffles Boulevard)", "039596", "Singapore"], "postalCode": "039596", "lat": 1.2933319501762803, "crossStreet": "9 Raffles Boulevard", "country": "Singapore", "distance": 791, "city": "Singapore", "cc": "SG", "address": "#01-105 Millenia Walk", "labeledLatLngs": [{"lng": 103.85968967489403, "label": "display", "lat": 1.2933319501762803}]}, "hours": {"isLocalHoliday": false, "isOpen": true, "status": "Open until 9:00 PM"}, "verified": false, "price": {"tier": 2, "currency": "$", "message": "Moderate"}}, "referralId": "e-3-54bcba0e498e9ede49e5cdf2-105", "tips": [{"logView": true, "photo": {"id": "54d5c61a498e0e0be7049678", "visibility": "public", "source": {"name": "Foursquare for Android", "url": "https://foursquare.com/download/#/android"}, "suffix": "/1339539_3gnBiJBSj6_aqz3_3Cn7wtN9se2YgMo-bo40E_GJP2Q.jpg", "createdAt": 1423296026, "prefix": "https://igx.4sqi.net/img/general/", "width": 960, "height": 960}, "createdAt": 1423295747, "todo": {"count": 0}, "agreeCount": 4, "likes": {"groups": [], "summary": "3 likes", "count": 3}, "id": "54d5c503498e1a0bebf7eba1", "text": "Same group as the Teppei @ Orchid hotel that is dam difficult to get in. Must try the chunky sashimi chirashi Don. bring your own wasabi if you dun wana pay $0.50 for needing more :( #ThomtoriEats", "disagreeCount": 0, "user": {"gender": "male", "id": "1339539", "photo": {"prefix": "https://igx.4sqi.net/img/user/", "suffix": "/1339539-AIRJPNFKHLZSMUDJ.jpg"}, "firstName": "Ian", "lastName": "Thomtori"}, "canonicalUrl": "https://foursquare.com/item/54d5c503498e1a0bebf7eba1", "type": "user", "photourl": "https://igx.4sqi.net/img/general/original/1339539_3gnBiJBSj6_aqz3_3Cn7wtN9se2YgMo-bo40E_GJP2Q.jpg"}]}, {"reasons": {"items": [{"reasonName": "globalInteractionReason", "summary": "This spot is popular", "type": "general"}], "count": 0}, "venue": {"hereNow": {"groups": [], "summary": "Nobody here", "count": 0}, "contact": {"facebook": "429271417217108", "facebookUsername": "AltPizza", "facebookName": "AltPizza", "phone": "+6568369207", "formattedPhone": "+65 6836 9207"}, "photos": {"groups": [], "count": 0}, "rating": 7.4, "menu": {"mobileUrl": "http://www.altpizza.com.sg/menu.html", "externalUrl": "http://www.altpizza.com.sg/menu.html", "url": "http://www.altpizza.com.sg/menu.html", "anchor": "View Menu", "label": "Menu", "type": "Menu"}, "name": "AltPizza", "ratingSignals": 79, "allowMenuUrlEdit": true, "categories": [{"pluralName": "Pizza Places", "id": "4bf58dd8d48988d1ca941735", "primary": true, "icon": {"prefix": "https://ss3.4sqi.net/img/categories_v2/food/pizza_", "suffix": ".png"}, "name": "Pizza Place", "shortName": "Pizza"}], "stats": {"checkinsCount": 615, "usersCount": 384, "tipCount": 34}, "id": "53a3d8e5498e92f6ece052af", "beenHere": {"lastCheckinExpiredAt": 0, "count": 0, "marked": false}, "url": "http://www.altpizza.com.sg/index.html", "ratingColor": "C5DE35", "location": {"lng": 103.8592876686923, "formattedAddress": ["Suntec City Tower 4, #01-602 (6 Temasek Blvd.)", "038986", "Singapore"], "postalCode": "038986", "lat": 1.2948143823388212, "crossStreet": "6 Temasek Blvd.", "country": "Singapore", "distance": 774, "city": "Singapore", "cc": "SG", "address": "Suntec City Tower 4, #01-602", "labeledLatLngs": [{"lng": 103.8592876686923, "label": "display", "lat": 1.2948143823388212}]}, "hours": {"isLocalHoliday": false, "isOpen": true, "status": "Open until 10:00 PM"}, "verified": false, "price": {"tier": 1, "currency": "$", "message": "Cheap"}}, "referralId": "e-3-53a3d8e5498e92f6ece052af-106", "tips": [{"logView": true, "photo": {"id": "5408600e498e9136eed8601b", "visibility": "public", "source": {"name": "Foursquare for iOS", "url": "https://foursquare.com/download/#/iphone"}, "suffix": "/20593720_KOteowGCm9FjAazFxwD3t8fIEDWN9a0z368LIthWkio.jpg", "createdAt": 1409835022, "prefix": "https://igx.4sqi.net/img/general/", "width": 716, "height": 960}, "createdAt": 1409835019, "todo": {"count": 0}, "agreeCount": 2, "likes": {"groups": [], "summary": "2 likes", "count": 2}, "id": "5408600b498e7d2c908b844e", "text": "Good pizzas at reasonable prices. Choose you own sauce, cheese & toppings with the DIY option; fun with interesting options like blue crab & roasted squash but nothing special.", "disagreeCount": 0, "user": {"gender": "female", "id": "20593720", "photo": {"prefix": "https://igx.4sqi.net/img/user/", "suffix": "/20593720-QSFYCJSHDJ3PANNG.jpg"}, "firstName": "Natasha", "lastName": "Mitter"}, "canonicalUrl": "https://foursquare.com/item/5408600b498e7d2c908b844e", "type": "user", "photourl": "https://igx.4sqi.net/img/general/original/20593720_KOteowGCm9FjAazFxwD3t8fIEDWN9a0z368LIthWkio.jpg"}]}, {"reasons": {"items": [{"reasonName": "globalInteractionReason", "summary": "This spot is popular", "type": "general"}], "count": 0}, "venue": {"hereNow": {"groups": [], "summary": "Nobody here", "count": 0}, "contact": {"facebook": "159419164182046", "facebookUsername": "ricciotti.pizza.pasta.grill.singapore", "facebookName": "Ricciotti Pizza Pasta Grill Singapore", "phone": "+6565339060", "formattedPhone": "+65 6533 9060"}, "photos": {"groups": [], "count": 0}, "rating": 7.1, "name": "Ricciotti Pizza Pasta Grill", "ratingSignals": 65, "allowMenuUrlEdit": true, "categories": [{"pluralName": "Italian Restaurants", "id": "4bf58dd8d48988d110941735", "primary": true, "icon": {"prefix": "https://ss3.4sqi.net/img/categories_v2/food/italian_", "suffix": ".png"}, "name": "Italian Restaurant", "shortName": "Italian"}], "stats": {"checkinsCount": 2131, "usersCount": 1134, "tipCount": 32}, "id": "4b6ad3b9f964a5203be22be3", "beenHere": {"lastCheckinExpiredAt": 0, "count": 0, "marked": false}, "url": "http://www.ricciotti.co", "ratingColor": "C5DE35", "location": {"lng": 103.84866607607577, "formattedAddress": ["#B1-49/50 The Riverwalk (20 Upper Circular Rd)", "058416", "Singapore"], "postalCode": "058416", "lat": 1.2895793624226044, "crossStreet": "20 Upper Circular Rd", "country": "Singapore", "distance": 574, "city": "Singapore", "cc": "SG", "address": "#B1-49/50 The Riverwalk", "labeledLatLngs": [{"lng": 103.84866607607577, "label": "display", "lat": 1.2895793624226044}]}, "hours": {"isLocalHoliday": false, "isOpen": true, "status": "Open until 11:00 PM"}, "verified": false, "price": {"tier": 2, "currency": "$", "message": "Moderate"}}, "referralId": "e-3-4b6ad3b9f964a5203be22be3-107", "tips": [{"id": "4fe05268e4b06cf400705ca9", "text": "Super affordable! and great wine collection too", "disagreeCount": 0, "logView": true, "createdAt": 1340101224, "likes": {"groups": [], "summary": "4 likes", "count": 4}, "todo": {"count": 0}, "agreeCount": 4, "canonicalUrl": "https://foursquare.com/item/4fe05268e4b06cf400705ca9", "type": "user", "user": {"gender": "male", "id": "28969164", "photo": {"prefix": "https://igx.4sqi.net/img/user/", "suffix": "/13Q4XT0GXIZZRHHZ.jpg"}, "firstName": "Wilson", "lastName": "S"}}]}, {"reasons": {"items": [{"reasonName": "globalInteractionReason", "summary": "This spot is popular", "type": "general"}], "count": 0}, "venue": {"hereNow": {"groups": [], "summary": "Nobody here", "count": 0}, "contact": {}, "photos": {"groups": [], "count": 0}, "rating": 7.3, "name": "Noodle Around", "ratingSignals": 8, "allowMenuUrlEdit": true, "categories": [{"pluralName": "Noodle Houses", "id": "4bf58dd8d48988d1d1941735", "primary": true, "icon": {"prefix": "https://ss3.4sqi.net/img/categories_v2/food/ramen_", "suffix": ".png"}, "name": "Noodle House", "shortName": "Noodles"}], "stats": {"checkinsCount": 58, "usersCount": 42, "tipCount": 6}, "id": "50c40054e4b08c3b59abc69a", "beenHere": {"lastCheckinExpiredAt": 0, "count": 0, "marked": false}, "ratingColor": "C5DE35", "location": {"formattedAddress": ["Singapore"], "lat": 1.2985191221509187, "lng": 103.85533561461757, "distance": 692, "country": "Singapore", "cc": "SG", "labeledLatLngs": [{"lng": 103.85533561461757, "label": "display", "lat": 1.2985191221509187}]}, "verified": false, "price": {"tier": 1, "currency": "$", "message": "Cheap"}}, "referralId": "e-3-50c40054e4b08c3b59abc69a-108", "tips": [{"id": "519f5321498e6c59b78db551", "text": "Try the crayfish:)", "disagreeCount": 0, "logView": true, "createdAt": 1369396001, "likes": {"groups": [], "summary": "1 like", "count": 1}, "todo": {"count": 0}, "agreeCount": 1, "canonicalUrl": "https://foursquare.com/item/519f5321498e6c59b78db551", "type": "user", "user": {"gender": "male", "id": "14061343", "photo": {"prefix": "https://igx.4sqi.net/img/user/", "suffix": "/FY43DJZ1FIIEHT5T.jpg"}, "firstName": "Quincy", "lastName": "YONG"}}]}, {"reasons": {"items": [{"reasonName": "globalInteractionReason", "summary": "This spot is popular", "type": "general"}], "count": 0}, "venue": {"hereNow": {"groups": [], "summary": "Nobody here", "count": 0}, "contact": {"phone": "+6562226588", "formattedPhone": "+65 6222 6588"}, "photos": {"groups": [], "count": 0}, "rating": 7.4, "name": "Barcook Bakery", "ratingSignals": 16, "allowMenuUrlEdit": true, "categories": [{"pluralName": "Bakeries", "id": "4bf58dd8d48988d16a941735", "primary": true, "icon": {"prefix": "https://ss3.4sqi.net/img/categories_v2/food/bakery_", "suffix": ".png"}, "name": "Bakery", "shortName": "Bakery"}], "stats": {"checkinsCount": 671, "usersCount": 302, "tipCount": 16}, "id": "4bd1355541b9ef3b58b0fbe5", "beenHere": {"lastCheckinExpiredAt": 0, "count": 0, "marked": false}, "url": "http://barcookbakery.com", "ratingColor": "C5DE35", "location": {"lng": 103.8471714196279, "formattedAddress": ["6 Eu Tong Sen Street #01-09/10 (6 Eu Tong Sen St)", "059817", "Singapore"], "postalCode": "059817", "lat": 1.2889687578899118, "crossStreet": "6 Eu Tong Sen St", "country": "Singapore", "distance": 747, "city": "Singapore", "cc": "SG", "address": "6 Eu Tong Sen Street #01-09/10", "labeledLatLngs": [{"lng": 103.8471714196279, "label": "display", "lat": 1.2889687578899118}]}, "hours": {"isLocalHoliday": false, "isOpen": true, "status": "Likely open"}, "verified": false, "price": {"tier": 1, "currency": "$", "message": "Cheap"}}, "referralId": "e-3-4bd1355541b9ef3b58b0fbe5-109", "tips": [{"id": "4cd8ac592a8054810a639d2c", "text": "Loves the cheese creamy bun!", "disagreeCount": 0, "logView": true, "createdAt": 1289268313, "likes": {"groups": [], "summary": "3 likes", "count": 3}, "todo": {"count": 0}, "agreeCount": 0, "canonicalUrl": "https://foursquare.com/item/4cd8ac592a8054810a639d2c", "type": "user", "user": {"gender": "female", "id": "977806", "photo": {"prefix": "https://igx.4sqi.net/img/user/", "suffix": "/LNZQXVOK2M01IL2F.jpg"}, "firstName": "Lina", "lastName": "Yong"}}]}, {"reasons": {"items": [{"reasonName": "globalInteractionReason", "summary": "This spot is popular", "type": "general"}], "count": 0}, "venue": {"hereNow": {"groups": [], "summary": "Nobody here", "count": 0}, "contact": {"phone": "+6568370085", "formattedPhone": "+65 6837 0085"}, "photos": {"groups": [], "count": 0}, "rating": 7.3, "name": "Taan Charcoal Grill", "ratingSignals": 10, "allowMenuUrlEdit": true, "categories": [{"pluralName": "Asian Restaurants", "id": "4bf58dd8d48988d142941735", "primary": true, "icon": {"prefix": "https://ss3.4sqi.net/img/categories_v2/food/asian_", "suffix": ".png"}, "name": "Asian Restaurant", "shortName": "Asian"}], "stats": {"checkinsCount": 181, "usersCount": 145, "tipCount": 2}, "id": "547ac6a7498e7162d9bf0f5c", "beenHere": {"lastCheckinExpiredAt": 0, "count": 0, "marked": false}, "ratingColor": "C5DE35", "location": {"formattedAddress": ["30 Liang Seah Street", "189051", "Singapore"], "postalCode": "189051", "lat": 1.2982409830541262, "lng": 103.856258505223, "country": "Singapore", "distance": 718, "city": "Singapore", "cc": "SG", "address": "30 Liang Seah Street", "labeledLatLngs": [{"lng": 103.856258505223, "label": "display", "lat": 1.2982409830541262}]}, "verified": false, "price": {"tier": 2, "currency": "$", "message": "Moderate"}}, "referralId": "e-3-547ac6a7498e7162d9bf0f5c-110", "tips": [{"logView": true, "photo": {"id": "56e4e9b9498e6beb6b7bdff5", "visibility": "public", "source": {"name": "Swarm for Android", "url": "https://www.swarmapp.com"}, "suffix": "/1051318_Cucj3ZFemT0FIzr2ClsiZypXJ5uk7RQKo913lg9_-io.jpg", "createdAt": 1457842617, "prefix": "https://igx.4sqi.net/img/general/", "width": 720, "height": 960}, "createdAt": 1457842617, "agreeCount": 0, "id": "56e4e9b9498e6beb6b7bdff6", "text": "Love the beer selection  here! They have more than 30 beers of different flavours for selection. Beer, paired with their skewers \ud83c\udf62!", "type": "user", "disagreeCount": 0, "user": {"gender": "male", "id": "1051318", "photo": {"prefix": "https://igx.4sqi.net/img/user/", "suffix": "/1051318-YSO5IVSRWPMBNF33"}, "firstName": "Francis", "lastName": "Pang"}, "canonicalUrl": "https://foursquare.com/item/56e4e9b9498e6beb6b7bdff6", "todo": {"count": 0}, "photourl": "https://igx.4sqi.net/img/general/original/1051318_Cucj3ZFemT0FIzr2ClsiZypXJ5uk7RQKo913lg9_-io.jpg"}]}, {"reasons": {"items": [{"reasonName": "globalInteractionReason", "summary": "This spot is popular", "type": "general"}], "count": 0}, "venue": {"hereNow": {"groups": [], "summary": "Nobody here", "count": 0}, "contact": {"facebook": "103541799701423", "facebookUsername": "mamaisonsg", "facebookName": "Ma Maison Restaurant Singapore", "phone": "+6563384819", "formattedPhone": "+65 6338 4819"}, "photos": {"groups": [], "count": 0}, "rating": 7.4, "name": "Ma Maison Restaurant", "ratingSignals": 131, "allowMenuUrlEdit": true, "categories": [{"pluralName": "Japanese Restaurants", "id": "4bf58dd8d48988d111941735", "primary": true, "icon": {"prefix": "https://ss3.4sqi.net/img/categories_v2/food/japanese_", "suffix": ".png"}, "name": "Japanese Restaurant", "shortName": "Japanese"}], "stats": {"checkinsCount": 4775, "usersCount": 3415, "tipCount": 86}, "id": "4b058812f964a520d7af22e3", "beenHere": {"lastCheckinExpiredAt": 0, "count": 0, "marked": false}, "url": "http://www.ma-maison.co.jp/shop/bugis/index.php", "ratingColor": "C5DE35", "location": {"lng": 103.855884818702, "formattedAddress": ["#02-51, Bugis Junction (200 Victoria St.)", "188021", "Singapore"], "postalCode": "188021", "lat": 1.2991128580976115, "crossStreet": "200 Victoria St.", "country": "Singapore", "distance": 779, "city": "Singapore", "cc": "SG", "address": "#02-51, Bugis Junction", "labeledLatLngs": [{"lng": 103.855884818702, "label": "display", "lat": 1.2991128580976115}]}, "hours": {"isLocalHoliday": false, "isOpen": true, "status": "Likely open"}, "verified": false, "price": {"tier": 2, "currency": "$", "message": "Moderate"}}, "referralId": "e-3-4b058812f964a520d7af22e3-111", "tips": [{"id": "4eab983ed3e3846cbd274601", "text": "One of our followers recommend the cutlets! Try and let us know if you love it!", "disagreeCount": 0, "logView": true, "createdAt": 1319868478, "likes": {"groups": [], "summary": "13 likes", "count": 13}, "todo": {"count": 2}, "agreeCount": 5, "canonicalUrl": "https://foursquare.com/item/4eab983ed3e3846cbd274601", "type": "user", "user": {"id": "14028213", "photo": {"prefix": "https://igx.4sqi.net/img/user/", "suffix": "/D534WHEVH20IHTZX.png"}, "firstName": "4sq Singapore", "type": "page", "gender": "none"}}]}, {"reasons": {"items": [{"reasonName": "globalInteractionReason", "summary": "This spot is popular", "type": "general"}], "count": 0}, "venue": {"hereNow": {"groups": [], "summary": "Nobody here", "count": 0}, "contact": {"phone": "+6568251046", "formattedPhone": "+65 6825 1046"}, "photos": {"groups": [], "count": 0}, "rating": 7.1, "name": "The Lounge", "ratingSignals": 21, "allowMenuUrlEdit": true, "categories": [{"pluralName": "Restaurants", "id": "4bf58dd8d48988d1c4941735", "primary": true, "icon": {"prefix": "https://ss3.4sqi.net/img/categories_v2/food/default_", "suffix": ".png"}, "name": "Restaurant", "shortName": "Restaurant"}], "stats": {"checkinsCount": 960, "usersCount": 585, "tipCount": 10}, "id": "4bf6658a9abec9b613af25e8", "beenHere": {"lastCheckinExpiredAt": 0, "count": 0, "marked": false}, "url": "http://www.singapore.intercontinental.com/dining/lounge.asp", "ratingColor": "C5DE35", "location": {"lng": 103.85506950621958, "formattedAddress": ["1F Intercontinental Hotel (80 Middle Rd.)", "188966", "Singapore"], "postalCode": "188966", "lat": 1.2981882372086215, "crossStreet": "80 Middle Rd.", "country": "Singapore", "distance": 646, "city": "Singapore", "cc": "SG", "address": "1F Intercontinental Hotel", "labeledLatLngs": [{"lng": 103.85506950621958, "label": "display", "lat": 1.2981882372086215}]}, "hours": {"isLocalHoliday": false, "isOpen": false}, "verified": false, "price": {"tier": 2, "currency": "$", "message": "Moderate"}}, "referralId": "e-3-4bf6658a9abec9b613af25e8-112", "tips": [{"logView": true, "photo": {"id": "50bb398fe4b080f301168c4a", "visibility": "public", "source": {"name": "Foursquare for iOS", "url": "https://foursquare.com/download/#/iphone"}, "suffix": "/12857150_-GpvdAUii0tK6Qe1mbJInHy3dxPncn5lNmnbcqqJPa4.jpg", "createdAt": 1354447247, "prefix": "https://igx.4sqi.net/img/general/", "width": 540, "height": 540}, "createdAt": 1354447242, "todo": {"count": 0}, "agreeCount": 2, "likes": {"groups": [], "summary": "2 likes", "count": 2}, "id": "50bb398ae4b026fe4c2a5eaf", "text": "The Singapore Slings here are better than at Raffles and the wifi is wicked fast. You can cut your dining budget by visiting during Evening Cocktails. The space is lovely.", "disagreeCount": 0, "user": {"gender": "female", "id": "12857150", "photo": {"prefix": "https://igx.4sqi.net/img/user/", "suffix": "/ROOX0JJGYOW5B52Y.jpg"}, "firstName": "Jen Pollack", "lastName": "Bianco"}, "canonicalUrl": "https://foursquare.com/item/50bb398ae4b026fe4c2a5eaf", "type": "user", "photourl": "https://igx.4sqi.net/img/general/original/12857150_-GpvdAUii0tK6Qe1mbJInHy3dxPncn5lNmnbcqqJPa4.jpg"}]}, {"reasons": {"items": [{"reasonName": "globalInteractionReason", "summary": "This spot is popular", "type": "general"}], "count": 0}, "venue": {"hereNow": {"groups": [], "summary": "Nobody here", "count": 0}, "contact": {"phone": "+6565350122", "formattedPhone": "+65 6535 0122"}, "photos": {"groups": [], "count": 0}, "rating": 7.3, "name": "Maharajah", "ratingSignals": 16, "allowMenuUrlEdit": true, "categories": [{"pluralName": "Indian Restaurants", "id": "4bf58dd8d48988d10f941735", "primary": true, "icon": {"prefix": "https://ss3.4sqi.net/img/categories_v2/food/indian_", "suffix": ".png"}, "name": "Indian Restaurant", "shortName": "Indian"}], "stats": {"checkinsCount": 194, "usersCount": 137, "tipCount": 6}, "id": "4c480b4496abd13ab3d97201", "beenHere": {"lastCheckinExpiredAt": 0, "count": 0, "marked": false}, "url": "http://www.maharajah.com.sg", "ratingColor": "C5DE35", "location": {"formattedAddress": ["41 Boat Quay", "409830", "Singapore"], "postalCode": "409830", "lat": 1.286688, "lng": 103.849687, "country": "Singapore", "distance": 766, "city": "Singapore", "cc": "SG", "address": "41 Boat Quay", "labeledLatLngs": [{"lng": 103.849687, "label": "display", "lat": 1.286688}]}, "verified": false, "price": {"tier": 2, "currency": "$", "message": "Moderate"}}, "referralId": "e-3-4c480b4496abd13ab3d97201-113", "tips": [{"id": "54a75156498ea164600d9c6f", "text": "Nice mixed tandoori platter", "disagreeCount": 0, "createdAt": 1420251478, "logView": true, "todo": {"count": 0}, "agreeCount": 0, "canonicalUrl": "https://foursquare.com/item/54a75156498ea164600d9c6f", "type": "user", "user": {"gender": "male", "id": "1924833", "photo": {"prefix": "https://igx.4sqi.net/img/user/", "suffix": "/1924833-LOPLDMVKSBNRMJZJ.jpg"}, "firstName": "Paul", "lastName": "Tuddenham"}}]}, {"reasons": {"items": [{"reasonName": "globalInteractionReason", "summary": "This spot is popular", "type": "general"}], "count": 0}, "venue": {"contact": {"facebook": "264038863100", "facebookUsername": "makansutra", "facebookName": "Makansutra", "formattedPhone": "+65 6438 4038", "twitter": "makansutra", "phone": "+6564384038"}, "photos": {"groups": [], "count": 0}, "rating": 7.0, "name": "Makansutra Gluttons Bay", "ratingSignals": 520, "allowMenuUrlEdit": true, "categories": [{"pluralName": "Food Courts", "id": "4bf58dd8d48988d120951735", "primary": true, "icon": {"prefix": "https://ss3.4sqi.net/img/categories_v2/shops/food_foodcourt_", "suffix": ".png"}, "name": "Food Court", "shortName": "Food Court"}], "stats": {"checkinsCount": 18961, "usersCount": 13516, "tipCount": 189}, "id": "4bb9da933db7b713c492229a", "beenHere": {"lastCheckinExpiredAt": 0, "count": 0, "marked": false}, "url": "http://www.makansutra.com/eateries-home.aspx?mid=1", "ratingColor": "C5DE35", "location": {"lng": 103.85686433252151, "formattedAddress": ["Raffles Ave (along Esplanade Bay)", "Singapore"], "lat": 1.2894900932348528, "crossStreet": "along Esplanade Bay", "country": "Singapore", "distance": 611, "city": "Singapore", "cc": "SG", "address": "Raffles Ave", "labeledLatLngs": [{"lng": 103.85686433252151, "label": "display", "lat": 1.2894900932348528}]}, "hours": {"isLocalHoliday": false, "isOpen": true, "status": "Open until 2:00 AM"}, "verified": false, "hereNow": {"groups": [{"items": [], "name": "Other people here", "count": 3, "type": "others"}], "summary": "3 people are here", "count": 3}}, "referralId": "e-3-4bb9da933db7b713c492229a-114", "tips": [{"id": "4cde9e97df986ea8f9dbdc16", "text": "The carrot cake here sucks. Pls don't eat!!! Hokkien Mee and Oyster omelette sucks. Even the sugar cane tastes diluted", "disagreeCount": 0, "logView": true, "createdAt": 1289658007, "likes": {"groups": [], "summary": "13 likes", "count": 13}, "todo": {"count": 1}, "agreeCount": 3, "canonicalUrl": "https://foursquare.com/item/4cde9e97df986ea8f9dbdc16", "type": "user", "user": {"gender": "female", "id": "1731695", "photo": {"prefix": "https://igx.4sqi.net/img/user/", "suffix": "/MELZ1PKWNZJQWANS.jpg"}, "firstName": "Celine", "lastName": "Foo"}}]}, {"reasons": {"items": [{"reasonName": "globalInteractionReason", "summary": "This spot is popular", "type": "general"}], "count": 0}, "venue": {"hereNow": {"groups": [], "summary": "Nobody here", "count": 0}, "contact": {}, "photos": {"groups": [], "count": 0}, "rating": 7.3, "name": "Churro 101", "ratingSignals": 37, "allowMenuUrlEdit": true, "categories": [{"pluralName": "Snack Places", "id": "4bf58dd8d48988d1c7941735", "primary": true, "icon": {"prefix": "https://ss3.4sqi.net/img/categories_v2/food/snacks_", "suffix": ".png"}, "name": "Snack Place", "shortName": "Snacks"}], "stats": {"checkinsCount": 707, "usersCount": 573, "tipCount": 12}, "id": "55e816f0498ea4b131ba9135", "beenHere": {"lastCheckinExpiredAt": 0, "count": 0, "marked": false}, "ratingColor": "C5DE35", "location": {"lng": 103.85428816967678, "formattedAddress": ["#04-01, Bugis+ (201 Victoria Street)", "188067", "Singapore"], "postalCode": "188067", "lat": 1.2994675286468196, "crossStreet": "201 Victoria Street", "country": "Singapore", "distance": 751, "city": "Singapore", "cc": "SG", "address": "#04-01, Bugis+", "labeledLatLngs": [{"lng": 103.85428816967678, "label": "display", "lat": 1.2994675286468196}]}, "hours": {"isLocalHoliday": false, "isOpen": true, "status": "Likely open"}, "verified": false, "price": {"tier": 1, "currency": "$", "message": "Cheap"}}, "referralId": "e-3-55e816f0498ea4b131ba9135-115", "tips": [{"id": "56262c76498efa8b259b04a9", "text": "It's the only churros outfit here that does churros with cream fillings. The cream cheese churros was pretty unique, and the dark chocolate-coated churros hold up better if you're taking them away.", "disagreeCount": 0, "logView": true, "createdAt": 1445342326, "likes": {"groups": [], "summary": "2 likes", "count": 2}, "todo": {"count": 1}, "agreeCount": 2, "canonicalUrl": "https://foursquare.com/item/56262c76498efa8b259b04a9", "type": "user", "user": {"id": "11058560", "photo": {"prefix": "https://igx.4sqi.net/img/user/", "default": true, "suffix": "/blank_boy.png"}, "firstName": "Chenyze", "gender": "none"}}]}, {"reasons": {"items": [{"reasonName": "globalInteractionReason", "summary": "This spot is popular", "type": "general"}], "count": 0}, "venue": {"hereNow": {"groups": [], "summary": "Nobody here", "count": 0}, "contact": {"facebook": "322408742698", "facebookUsername": "SaladStop", "facebookName": "SaladStop!", "formattedPhone": "+65 6820 2767", "twitter": "saladstop", "phone": "+6568202767"}, "photos": {"groups": [], "count": 0}, "rating": 7.3, "name": "SaladStop!", "ratingSignals": 9, "allowMenuUrlEdit": true, "categories": [{"pluralName": "Salad Places", "id": "4bf58dd8d48988d1bd941735", "primary": true, "icon": {"prefix": "https://ss3.4sqi.net/img/categories_v2/food/salad_", "suffix": ".png"}, "name": "Salad Place", "shortName": "Salad"}], "stats": {"checkinsCount": 464, "usersCount": 185, "tipCount": 7}, "id": "4d8083ace6d7721ea52f19c7", "beenHere": {"lastCheckinExpiredAt": 0, "count": 0, "marked": false}, "url": "http://www.saladstop.com.sg", "ratingColor": "C5DE35", "location": {"lng": 103.85902155256413, "formattedAddress": ["#02-605 Suntec City Mall (3 Temasek Blvd)", "038983", "Singapore"], "postalCode": "038983", "lat": 1.2955280869027894, "crossStreet": "3 Temasek Blvd", "country": "Singapore", "distance": 772, "city": "Singapore", "cc": "SG", "address": "#02-605 Suntec City Mall", "labeledLatLngs": [{"lng": 103.85902155256413, "label": "display", "lat": 1.2955280869027894}]}, "hours": {"isLocalHoliday": false, "isOpen": false}, "verified": false, "price": {"tier": 1, "currency": "$", "message": "Cheap"}}, "referralId": "e-3-4d8083ace6d7721ea52f19c7-116", "tips": [{"id": "4effef644690f6ecea5f36fd", "text": "Omega 3 Baby! is fantabulous!", "disagreeCount": 0, "logView": true, "createdAt": 1325395812, "likes": {"groups": [], "summary": "3 likes", "count": 3}, "todo": {"count": 0}, "agreeCount": 3, "canonicalUrl": "https://foursquare.com/item/4effef644690f6ecea5f36fd", "type": "user", "user": {"id": "16701051", "photo": {"prefix": "https://igx.4sqi.net/img/user/", "suffix": "/DDFSLHMSOVUQ2EKC.jpg"}, "firstName": "Alycia", "gender": "none"}}]}, {"reasons": {"items": [{"reasonName": "globalInteractionReason", "summary": "This spot is popular", "type": "general"}], "count": 0}, "venue": {"hereNow": {"groups": [], "summary": "Nobody here", "count": 0}, "contact": {}, "photos": {"groups": [], "count": 0}, "rating": 7.3, "name": "Meat and Green", "ratingSignals": 32, "allowMenuUrlEdit": true, "categories": [{"pluralName": "Sandwich Places", "id": "4bf58dd8d48988d1c5941735", "primary": true, "icon": {"prefix": "https://ss3.4sqi.net/img/categories_v2/food/deli_", "suffix": ".png"}, "name": "Sandwich Place", "shortName": "Sandwiches"}], "stats": {"checkinsCount": 250, "usersCount": 89, "tipCount": 13}, "id": "52afdd0711d20648d5adea78", "beenHere": {"lastCheckinExpiredAt": 0, "count": 0, "marked": false}, "ratingColor": "C5DE35", "location": {"formattedAddress": ["84 Circular Road", "049436", "Singapore"], "postalCode": "049436", "lat": 1.2873238780651226, "lng": 103.84882460120882, "country": "Singapore", "distance": 752, "city": "Singapore", "cc": "SG", "address": "84 Circular Road", "labeledLatLngs": [{"lng": 103.84882460120882, "label": "display", "lat": 1.2873238780651226}]}, "verified": false, "price": {"tier": 1, "currency": "$", "message": "Cheap"}}, "referralId": "e-3-52afdd0711d20648d5adea78-117", "tips": [{"id": "5323d7fa498edee966542ca6", "text": "Wonderful place for lunch or dinner. Great, fresh produce. Chef/owner wants you to eat well! Very affordable. Hearty salads for $8.", "disagreeCount": 0, "logView": true, "createdAt": 1394857978, "likes": {"groups": [], "summary": "1 like", "count": 1}, "todo": {"count": 1}, "agreeCount": 1, "canonicalUrl": "https://foursquare.com/item/5323d7fa498edee966542ca6", "type": "user", "user": {"gender": "female", "id": "261779", "photo": {"prefix": "https://igx.4sqi.net/img/user/", "suffix": "/261779_42P9RXDn_kszHnn2769y0o3BJDWkaM5ougBte7Jc0lg8xk7IQoAlC5YVB4m0kVhjySgJKHtiZ.jpg"}, "firstName": "Si\u00e2n", "lastName": "Ng"}}]}, {"reasons": {"items": [{"reasonName": "globalInteractionReason", "summary": "This spot is popular", "type": "general"}], "count": 0}, "venue": {"hereNow": {"groups": [], "summary": "Nobody here", "count": 0}, "contact": {"phone": "+6563375070", "formattedPhone": "+65 6337 5070"}, "photos": {"groups": [], "count": 0}, "rating": 7.1, "name": "Gyu-Kaku Japanese BBQ Restaurant", "ratingSignals": 12, "allowMenuUrlEdit": true, "categories": [{"pluralName": "Japanese Restaurants", "id": "4bf58dd8d48988d111941735", "primary": true, "icon": {"prefix": "https://ss3.4sqi.net/img/categories_v2/food/japanese_", "suffix": ".png"}, "name": "Japanese Restaurant", "shortName": "Japanese"}], "stats": {"checkinsCount": 251, "usersCount": 154, "tipCount": 6}, "id": "4ff27c1ee4b097fe0ad4999f", "beenHere": {"lastCheckinExpiredAt": 0, "count": 0, "marked": false}, "url": "http://www.gyu-kaku.com", "ratingColor": "C5DE35", "location": {"formattedAddress": ["9 Raffles Boulevard Millenia Walk #01-03/04/05", "039596", "Singapore"], "postalCode": "039596", "lat": 1.2932513580852327, "lng": 103.85842703968962, "country": "Singapore", "distance": 651, "city": "Singapore", "cc": "SG", "address": "9 Raffles Boulevard Millenia Walk #01-03/04/05", "labeledLatLngs": [{"lng": 103.85842703968962, "label": "display", "lat": 1.2932513580852327}]}, "hours": {"isLocalHoliday": false, "isOpen": true, "status": "Open until 11:00 PM"}, "verified": false, "price": {"tier": 2, "currency": "$", "message": "Moderate"}}, "referralId": "e-3-4ff27c1ee4b097fe0ad4999f-118", "tips": [{"id": "501bca53e4b037b65063a51a", "text": "Friendly and helpful staff. Quality of the meat is awesome! Had the Fuku set, great value.", "disagreeCount": 0, "logView": true, "createdAt": 1343998547, "likes": {"groups": [], "summary": "1 like", "count": 1}, "todo": {"count": 0}, "agreeCount": 1, "canonicalUrl": "https://foursquare.com/item/501bca53e4b037b65063a51a", "type": "user", "user": {"gender": "male", "id": "1381947", "photo": {"prefix": "https://igx.4sqi.net/img/user/", "suffix": "/1381947-WNKPZXERQQKXFUQG.jpg"}, "firstName": "Daniel", "lastName": "Tay"}}]}, {"reasons": {"items": [{"reasonName": "globalInteractionReason", "summary": "This spot is popular", "type": "general"}], "count": 0}, "venue": {"hereNow": {"groups": [], "summary": "Nobody here", "count": 0}, "contact": {}, "photos": {"groups": [], "count": 0}, "rating": 7.3, "name": "Palm Beach Seafood Restaurant", "ratingSignals": 100, "allowMenuUrlEdit": true, "categories": [{"pluralName": "Seafood Restaurants", "id": "4bf58dd8d48988d1ce941735", "primary": true, "icon": {"prefix": "https://ss3.4sqi.net/img/categories_v2/food/seafood_", "suffix": ".png"}, "name": "Seafood Restaurant", "shortName": "Seafood"}], "stats": {"checkinsCount": 2276, "usersCount": 1728, "tipCount": 36}, "id": "4b16493af964a52000b823e3", "beenHere": {"lastCheckinExpiredAt": 0, "count": 0, "marked": false}, "url": "http://www.palmbeachseafood.com", "ratingColor": "C5DE35", "location": {"formattedAddress": ["1 Fullerton Road", "Singapore"], "lat": 1.2863145168069021, "lng": 103.85440706842633, "country": "Singapore", "distance": 764, "city": "Singapore", "cc": "SG", "address": "1 Fullerton Road", "labeledLatLngs": [{"lng": 103.85440706842633, "label": "display", "lat": 1.2863145168069021}]}, "hours": {"isLocalHoliday": false, "isOpen": true, "status": "Likely open"}, "verified": false, "price": {"tier": 3, "currency": "$", "message": "Expensive"}}, "referralId": "e-3-4b16493af964a52000b823e3-119", "tips": [{"id": "4d53e3f4f5daa09353836b74", "text": "i still want some more of the  black pepper crab.....", "disagreeCount": 0, "logView": true, "createdAt": 1297343476, "likes": {"groups": [], "summary": "4 likes", "count": 4}, "todo": {"count": 0}, "agreeCount": 1, "canonicalUrl": "https://foursquare.com/item/4d53e3f4f5daa09353836b74", "type": "user", "user": {"gender": "female", "id": "5188310", "photo": {"prefix": "https://igx.4sqi.net/img/user/", "suffix": "/YCNDMGT1QWBZCIV5.jpg"}, "firstName": "ekyn", "lastName": "naqi"}}]}, {"reasons": {"items": [{"reasonName": "globalInteractionReason", "summary": "This spot is popular", "type": "general"}], "count": 0}, "venue": {"hereNow": {"groups": [], "summary": "Nobody here", "count": 0}, "contact": {"facebook": "250434355081122", "facebookUsername": "crossingscafe", "facebookName": "Crossings Cafe"}, "photos": {"groups": [], "count": 0}, "rating": 7.0, "name": "Crossings Cafe", "ratingSignals": 37, "allowMenuUrlEdit": true, "categories": [{"pluralName": "Caf\u00e9s", "id": "4bf58dd8d48988d16d941735", "primary": true, "icon": {"prefix": "https://ss3.4sqi.net/img/categories_v2/food/cafe_", "suffix": ".png"}, "name": "Caf\u00e9", "shortName": "Caf\u00e9"}], "stats": {"checkinsCount": 352, "usersCount": 285, "tipCount": 15}, "id": "52b7170811d226d3ce159439", "beenHere": {"lastCheckinExpiredAt": 0, "count": 0, "marked": false}, "ratingColor": "C5DE35", "location": {"formattedAddress": ["55 Waterloo Street", "Singapore"], "lat": 1.298333124145623, "lng": 103.85121948553778, "distance": 619, "country": "Singapore", "cc": "SG", "address": "55 Waterloo Street", "labeledLatLngs": [{"lng": 103.85121948553778, "label": "display", "lat": 1.298333124145623}]}, "hours": {"isLocalHoliday": false, "isOpen": true, "status": "Open until 10:00 PM"}, "verified": false, "price": {"tier": 1, "currency": "$", "message": "Cheap"}}, "referralId": "e-3-52b7170811d226d3ce159439-120", "tips": [{"id": "52ff0f1c498e76f09286c54d", "text": "Free wifi: 55W password: Godbless", "disagreeCount": 0, "logView": true, "createdAt": 1392447260, "likes": {"groups": [], "summary": "3 likes", "count": 3}, "todo": {"count": 0}, "agreeCount": 3, "canonicalUrl": "https://foursquare.com/item/52ff0f1c498e76f09286c54d", "type": "user", "user": {"id": "224067", "photo": {"prefix": "https://igx.4sqi.net/img/user/", "suffix": "/PK4O4OCRITACURSW.jpg"}, "firstName": "lynnder", "gender": "female"}}]}, {"reasons": {"items": [{"reasonName": "globalInteractionReason", "summary": "This spot is popular", "type": "general"}], "count": 0}, "venue": {"hereNow": {"groups": [], "summary": "Nobody here", "count": 0}, "contact": {"phone": "+6563387600", "formattedPhone": "+65 6338 7600"}, "photos": {"groups": [], "count": 0}, "rating": 7.1, "name": "Man Fu Yuan", "ratingSignals": 22, "allowMenuUrlEdit": true, "categories": [{"pluralName": "Chinese Restaurants", "id": "4bf58dd8d48988d145941735", "primary": true, "icon": {"prefix": "https://ss3.4sqi.net/img/categories_v2/food/asian_", "suffix": ".png"}, "name": "Chinese Restaurant", "shortName": "Chinese"}], "stats": {"checkinsCount": 805, "usersCount": 493, "tipCount": 14}, "id": "4b058812f964a520b8af22e3", "beenHere": {"lastCheckinExpiredAt": 0, "count": 0, "marked": false}, "url": "http://www.ihg.com/intercontinental/hotels/gb/en/singapore/sinhb/hoteldetail#scmisc=nav_hoteldetail_ic", "ratingColor": "C5DE35", "location": {"lng": 103.85492795941151, "formattedAddress": ["InterContinental Hotel (80 Middle Rd.)", "188966", "Singapore"], "postalCode": "188966", "lat": 1.2986191594419785, "crossStreet": "80 Middle Rd.", "country": "Singapore", "distance": 684, "city": "Singapore", "cc": "SG", "address": "InterContinental Hotel", "labeledLatLngs": [{"lng": 103.85492795941151, "label": "display", "lat": 1.2986191594419785}]}, "hours": {"isLocalHoliday": false, "isOpen": true, "status": "Likely open"}, "verified": false, "price": {"tier": 1, "currency": "$", "message": "Cheap"}}, "referralId": "e-3-4b058812f964a520b8af22e3-121", "tips": [{"id": "4ddf8e01fa76b3b016018e7b", "text": "Must bring your family here... The food is high standard, \ue00e\ue00e\ue00e They have private function room too... Worth the money!!! You will never regret!!!", "disagreeCount": 0, "logView": true, "createdAt": 1306496513, "likes": {"groups": [], "summary": "2 likes", "count": 2}, "todo": {"count": 3}, "agreeCount": 2, "canonicalUrl": "https://foursquare.com/item/4ddf8e01fa76b3b016018e7b", "type": "user", "user": {"gender": "female", "id": "7423463", "photo": {"prefix": "https://igx.4sqi.net/img/user/", "suffix": "/7423463-P3BN5HPMPSQTRHSQ.jpg"}, "firstName": "Jess", "lastName": "Yap"}}]}, {"reasons": {"items": [{"reasonName": "globalInteractionReason", "summary": "This spot is popular", "type": "general"}], "count": 0}, "venue": {"hereNow": {"groups": [], "summary": "Nobody here", "count": 0}, "contact": {"phone": "+6562504826", "formattedPhone": "+65 6250 4826"}, "photos": {"groups": [], "count": 0}, "rating": 7.0, "name": "Kai Garden \u5609\u82d1", "ratingSignals": 20, "allowMenuUrlEdit": true, "categories": [{"pluralName": "Asian Restaurants", "id": "4bf58dd8d48988d142941735", "primary": true, "icon": {"prefix": "https://ss3.4sqi.net/img/categories_v2/food/asian_", "suffix": ".png"}, "name": "Asian Restaurant", "shortName": "Asian"}], "stats": {"checkinsCount": 148, "usersCount": 103, "tipCount": 7}, "id": "56aeed74498e83965049a7a5", "beenHere": {"lastCheckinExpiredAt": 0, "count": 0, "marked": false}, "url": "http://www.kaigarden.com.sg", "ratingColor": "C5DE35", "location": {"formattedAddress": ["#03-128A/B Marina Square", "039594", "Singapore"], "postalCode": "039594", "lat": 1.290215406577363, "lng": 103.8570964726686, "country": "Singapore", "distance": 586, "city": "Singapore", "cc": "SG", "address": "#03-128A/B Marina Square", "labeledLatLngs": [{"lng": 103.8570964726686, "label": "display", "lat": 1.290215406577363}]}, "hours": {"isLocalHoliday": false, "isOpen": true, "status": "Open until 11:00 PM"}, "verified": false, "price": {"tier": 2, "currency": "$", "message": "Moderate"}}, "referralId": "e-3-56aeed74498e83965049a7a5-122", "tips": [{"logView": true, "photo": {"id": "56b6c7a0498e7c199a74704b", "visibility": "public", "source": {"name": "Foursquare for iOS", "url": "https://foursquare.com/download/#/iphone"}, "suffix": "/1800723_Gg8Bcp1lknKjOqGyAYWhcQgbd0CJfuzD1apHUOAtEx8.jpg", "createdAt": 1454819232, "prefix": "https://igx.4sqi.net/img/general/", "width": 1440, "height": 1440}, "createdAt": 1454819230, "todo": {"count": 0}, "agreeCount": 1, "likes": {"groups": [], "summary": "1 like", "count": 1}, "id": "56b6c79e498e35d9993c2509", "text": "Excellent food and you would expect no less when you find out that the former Chef from Taste Paradise is helming the kitchen.", "disagreeCount": 0, "user": {"gender": "male", "id": "1800723", "photo": {"prefix": "https://igx.4sqi.net/img/user/", "suffix": "/1800723-F0WUFP4XHA0UK4LZ.jpg"}, "firstName": "Leonard", "lastName": "Ong"}, "canonicalUrl": "https://foursquare.com/item/56b6c79e498e35d9993c2509", "type": "user", "photourl": "https://igx.4sqi.net/img/general/original/1800723_Gg8Bcp1lknKjOqGyAYWhcQgbd0CJfuzD1apHUOAtEx8.jpg"}]}, {"reasons": {"items": [{"reasonName": "globalInteractionReason", "summary": "This spot is popular", "type": "general"}], "count": 0}, "venue": {"hereNow": {"groups": [], "summary": "Nobody here", "count": 0}, "contact": {"phone": "+6562387754", "formattedPhone": "+65 6238 7754"}, "photos": {"groups": [], "count": 0}, "rating": 7.1, "name": "Cedele", "ratingSignals": 12, "allowMenuUrlEdit": true, "categories": [{"pluralName": "Caf\u00e9s", "id": "4bf58dd8d48988d16d941735", "primary": true, "icon": {"prefix": "https://ss3.4sqi.net/img/categories_v2/food/cafe_", "suffix": ".png"}, "name": "Caf\u00e9", "shortName": "Caf\u00e9"}], "stats": {"checkinsCount": 275, "usersCount": 156, "tipCount": 5}, "id": "55164a76498e6ccba1135d20", "beenHere": {"lastCheckinExpiredAt": 0, "count": 0, "marked": false}, "ratingColor": "C5DE35", "location": {"formattedAddress": ["3 Temasek Boulevard #01-430/432 Tower 2", "038983", "Singapore"], "postalCode": "038983", "lat": 1.2951026049483132, "lng": 103.85810430521691, "distance": 659, "country": "Singapore", "cc": "SG", "address": "3 Temasek Boulevard #01-430/432 Tower 2", "labeledLatLngs": [{"lng": 103.85810430521691, "label": "display", "lat": 1.2951026049483132}]}, "hours": {"isLocalHoliday": false, "isOpen": true, "status": "Likely open"}, "verified": false, "price": {"tier": 1, "currency": "$", "message": "Cheap"}}, "referralId": "e-3-55164a76498e6ccba1135d20-123", "tips": [{"id": "50c08a6de4b0d73f852c588a", "text": "One of the few sandwich places that offers a variety of vegetarian options that is not just made out of cheese. Grilled veggie chutney is very filling. A bit bland but it's healthy. Not complaining.", "disagreeCount": 0, "logView": true, "createdAt": 1354795629, "likes": {"groups": [], "summary": "1 like", "count": 1}, "todo": {"count": 0}, "agreeCount": 1, "canonicalUrl": "https://foursquare.com/item/50c08a6de4b0d73f852c588a", "type": "user", "user": {"gender": "female", "id": "27909997", "photo": {"prefix": "https://igx.4sqi.net/img/user/", "suffix": "/ZNRYC2VQN4WQRQL1.jpg"}, "firstName": "Jo", "lastName": "Chua"}}]}, {"reasons": {"items": [{"reasonName": "globalInteractionReason", "summary": "This spot is popular", "type": "general"}], "count": 0}, "venue": {"hereNow": {"groups": [], "summary": "Nobody here", "count": 0}, "contact": {"phone": "+6566907564", "formattedPhone": "+65 6690 7564"}, "photos": {"groups": [], "count": 0}, "rating": 7.2, "name": "Forlino", "ratingSignals": 13, "allowMenuUrlEdit": true, "categories": [{"pluralName": "Italian Restaurants", "id": "4bf58dd8d48988d110941735", "primary": true, "icon": {"prefix": "https://ss3.4sqi.net/img/categories_v2/food/italian_", "suffix": ".png"}, "name": "Italian Restaurant", "shortName": "Italian"}], "stats": {"checkinsCount": 187, "usersCount": 164, "tipCount": 4}, "id": "53d23cd7498e173d15a19bff", "beenHere": {"lastCheckinExpiredAt": 0, "count": 0, "marked": false}, "ratingColor": "C5DE35", "location": {"lng": 103.85423721310164, "formattedAddress": ["#02-06, One Fullerton (1 Fullerton Road)", "049213", "Singapore"], "postalCode": "049213", "lat": 1.2864609284617845, "crossStreet": "1 Fullerton Road", "country": "Singapore", "distance": 743, "city": "Singapore", "cc": "SG", "address": "#02-06, One Fullerton", "labeledLatLngs": [{"lng": 103.85423721310164, "label": "display", "lat": 1.2864609284617845}]}, "hours": {"isLocalHoliday": false, "isOpen": true, "status": "Open until 10:30 PM"}, "verified": false, "price": {"tier": 2, "currency": "$", "message": "Moderate"}}, "referralId": "e-3-53d23cd7498e173d15a19bff-124", "tips": [{"id": "572f0ca8498e2a890736bf4e", "text": "Here for Sunday brunch and left unimpressed with the food. Basilico's brunch is much better. But u do get a good view with nice interiors. Service is also earnest.", "disagreeCount": 0, "createdAt": 1462701224, "logView": true, "todo": {"count": 0}, "agreeCount": 0, "canonicalUrl": "https://foursquare.com/item/572f0ca8498e2a890736bf4e", "type": "user", "user": {"id": "55390456", "photo": {"prefix": "https://igx.4sqi.net/img/user/", "suffix": "/55390456_xjGWfjYZ_UAMBNliBjCxql6WleMj7JVZzY9y3t2_6WtR-3ecn7WlfLcMpWqn7tIYj_11T_fb-.jpg"}, "firstName": "Ting", "gender": "female"}}]}, {"reasons": {"items": [{"reasonName": "globalInteractionReason", "summary": "This spot is popular", "type": "general"}], "count": 0}, "venue": {"hereNow": {"groups": [], "summary": "Nobody here", "count": 0}, "contact": {}, "photos": {"groups": [], "count": 0}, "rating": 7.0, "name": "Bel Mondo Southern Italian Cuisine", "ratingSignals": 23, "allowMenuUrlEdit": true, "categories": [{"pluralName": "Italian Restaurants", "id": "4bf58dd8d48988d110941735", "primary": true, "icon": {"prefix": "https://ss3.4sqi.net/img/categories_v2/food/italian_", "suffix": ".png"}, "name": "Italian Restaurant", "shortName": "Italian"}], "stats": {"checkinsCount": 291, "usersCount": 238, "tipCount": 13}, "id": "4de8788fb0fbcb7c9ac47837", "beenHere": {"lastCheckinExpiredAt": 0, "count": 0, "marked": false}, "ratingColor": "C5DE35", "location": {"lng": 103.85863653440616, "formattedAddress": ["#01-09/10 Millenia Walk (9 Raffles Blvd.)", "039596", "Singapore"], "postalCode": "039596", "lat": 1.2932094701085188, "crossStreet": "9 Raffles Blvd.", "country": "Singapore", "distance": 674, "city": "Singapore", "cc": "SG", "address": "#01-09/10 Millenia Walk", "labeledLatLngs": [{"lng": 103.85863653440616, "label": "display", "lat": 1.2932094701085188}]}, "hours": {"isLocalHoliday": false, "isOpen": true, "status": "Open until 10:30 PM"}, "verified": false, "price": {"tier": 2, "currency": "$", "message": "Moderate"}}, "referralId": "e-3-4de8788fb0fbcb7c9ac47837-125", "tips": [{"id": "5239cb7211d2bd9f13e938b1", "text": "The gnochhi is light and still has a nice texture - wine selection is small but good - try the truffle raviolis.", "disagreeCount": 0, "logView": true, "createdAt": 1379519346, "likes": {"groups": [], "summary": "1 like", "count": 1}, "todo": {"count": 0}, "agreeCount": 1, "canonicalUrl": "https://foursquare.com/item/5239cb7211d2bd9f13e938b1", "type": "user", "user": {"gender": "male", "id": "65554876", "photo": {"prefix": "https://igx.4sqi.net/img/user/", "suffix": "/S5B1B4QHSTSCIBDR.jpg"}, "firstName": "Bob", "lastName": "Griffin"}}]}, {"reasons": {"items": [{"reasonName": "globalInteractionReason", "summary": "This spot is popular", "type": "general"}], "count": 0}, "venue": {"hereNow": {"groups": [], "summary": "Nobody here", "count": 0}, "contact": {}, "photos": {"groups": [], "count": 0}, "rating": 7.1, "name": "senjyu \u5343\u5bff", "ratingSignals": 8, "allowMenuUrlEdit": true, "categories": [{"pluralName": "Japanese Restaurants", "id": "4bf58dd8d48988d111941735", "primary": true, "icon": {"prefix": "https://ss3.4sqi.net/img/categories_v2/food/japanese_", "suffix": ".png"}, "name": "Japanese Restaurant", "shortName": "Japanese"}], "stats": {"checkinsCount": 164, "usersCount": 136, "tipCount": 2}, "id": "553b798b498e47044763d251", "beenHere": {"lastCheckinExpiredAt": 0, "count": 0, "marked": false}, "url": "http://www.senjyu.com.sg", "ratingColor": "C5DE35", "location": {"formattedAddress": ["Bugis Junction", "Singapore"], "lat": 1.2988235648187374, "lng": 103.85550856590271, "distance": 731, "country": "Singapore", "cc": "SG", "address": "Bugis Junction", "labeledLatLngs": [{"lng": 103.85550856590271, "label": "display", "lat": 1.2988235648187374}]}, "verified": false, "price": {"tier": 2, "currency": "$", "message": "Moderate"}}, "referralId": "e-3-553b798b498e47044763d251-126", "tips": [{"id": "564d5936498e28d8086c41a3", "text": "Service here during weekday lunch is horrible! Probably due I lack of staff.", "disagreeCount": 0, "createdAt": 1447909686, "logView": true, "todo": {"count": 0}, "agreeCount": 0, "canonicalUrl": "https://foursquare.com/item/564d5936498e28d8086c41a3", "type": "user", "user": {"gender": "male", "id": "108030", "photo": {"prefix": "https://igx.4sqi.net/img/user/", "suffix": "/108030-AKBFBUUGH1SQ5N4L"}, "firstName": "Lester", "lastName": "Chan"}}]}, {"reasons": {"items": [{"reasonName": "globalInteractionReason", "summary": "This spot is popular", "type": "general"}], "count": 0}, "venue": {"hereNow": {"groups": [], "summary": "Nobody here", "count": 0}, "contact": {}, "photos": {"groups": [], "count": 0}, "rating": 7.0, "name": "The Tea Party", "ratingSignals": 23, "allowMenuUrlEdit": true, "categories": [{"pluralName": "Caf\u00e9s", "id": "4bf58dd8d48988d16d941735", "primary": true, "icon": {"prefix": "https://ss3.4sqi.net/img/categories_v2/food/cafe_", "suffix": ".png"}, "name": "Caf\u00e9", "shortName": "Caf\u00e9"}], "stats": {"checkinsCount": 857, "usersCount": 256, "tipCount": 14}, "id": "4d74a6b31a8aa35d2b9212a7", "beenHere": {"lastCheckinExpiredAt": 0, "count": 0, "marked": false}, "ratingColor": "C5DE35", "location": {"lng": 103.84880840778351, "formattedAddress": ["#01-75 SMU School of Economics & Social Sciences (90 Stamford Rd)", "Singapore"], "lat": 1.2976705110038496, "crossStreet": "90 Stamford Rd", "country": "Singapore", "distance": 674, "city": "Singapore", "cc": "SG", "address": "#01-75 SMU School of Economics & Social Sciences", "labeledLatLngs": [{"lng": 103.84880840778351, "label": "display", "lat": 1.2976705110038496}]}, "hours": {"isLocalHoliday": false, "isOpen": true, "status": "Likely open"}, "verified": false, "price": {"tier": 1, "currency": "$", "message": "Cheap"}}, "referralId": "e-3-4d74a6b31a8aa35d2b9212a7-127", "tips": [{"id": "5411830b498e3b8f48f5eee9", "text": "Just below $5 and you can get a simple no fuss pasta. Of course, not forgetting the tea which comes with the pasta.", "disagreeCount": 0, "logView": true, "createdAt": 1410433803, "likes": {"groups": [], "summary": "1 like", "count": 1}, "todo": {"count": 0}, "agreeCount": 1, "canonicalUrl": "https://foursquare.com/item/5411830b498e3b8f48f5eee9", "type": "user", "user": {"gender": "male", "id": "17816711", "photo": {"prefix": "https://igx.4sqi.net/img/user/", "suffix": "/17816711-QOS055P3FMC5U4TX.jpg"}, "firstName": "Benjamin", "lastName": "Ngeow"}}]}, {"reasons": {"items": [{"reasonName": "globalInteractionReason", "summary": "This spot is popular", "type": "general"}], "count": 0}, "venue": {"hereNow": {"groups": [], "summary": "Nobody here", "count": 0}, "contact": {}, "photos": {"groups": [], "count": 0}, "rating": 7.1, "name": "Deli Turk Turkish Cuisine", "ratingSignals": 21, "allowMenuUrlEdit": true, "categories": [{"pluralName": "Middle Eastern Restaurants", "id": "4bf58dd8d48988d115941735", "primary": true, "icon": {"prefix": "https://ss3.4sqi.net/img/categories_v2/food/middleeastern_", "suffix": ".png"}, "name": "Middle Eastern Restaurant", "shortName": "Middle Eastern"}], "stats": {"checkinsCount": 312, "usersCount": 242, "tipCount": 17}, "id": "4b936c8ff964a520834334e3", "beenHere": {"lastCheckinExpiredAt": 0, "count": 0, "marked": false}, "ratingColor": "C5DE35", "location": {"formattedAddress": ["Suntec City, 1 Raffles Blvd", "038985", "Singapore"], "postalCode": "038985", "lat": 1.2956404611429375, "lng": 103.85868749262923, "distance": 742, "country": "Singapore", "cc": "SG", "address": "Suntec City, 1 Raffles Blvd", "labeledLatLngs": [{"lng": 103.85868749262923, "label": "display", "lat": 1.2956404611429375}]}, "hours": {"isLocalHoliday": false, "isOpen": true, "status": "Likely open"}, "verified": false, "price": {"tier": 2, "currency": "$", "message": "Moderate"}}, "referralId": "e-3-4b936c8ff964a520834334e3-128", "tips": [{"id": "4cd40c51558a3704e0d8c4a6", "text": "Kunefe is a must try and u will definitely come back for more!!", "disagreeCount": 0, "logView": true, "createdAt": 1288965201, "likes": {"groups": [], "summary": "4 likes", "count": 4}, "todo": {"count": 2}, "agreeCount": 2, "canonicalUrl": "https://foursquare.com/item/4cd40c51558a3704e0d8c4a6", "type": "user", "user": {"gender": "female", "id": "3163328", "photo": {"prefix": "https://igx.4sqi.net/img/user/", "suffix": "/3163328-YKEIIG0RGGNKS4GV.jpg"}, "firstName": "Wendy", "lastName": "Deng"}}]}, {"reasons": {"items": [{"reasonName": "globalInteractionReason", "summary": "This spot is popular", "type": "general"}], "count": 0}, "venue": {"hereNow": {"groups": [], "summary": "Nobody here", "count": 0}, "contact": {"phone": "+6566365448", "formattedPhone": "+65 6636 5448"}, "photos": {"groups": [], "count": 0}, "rating": 7.1, "name": "Yayoiken Japanese Restaurant", "ratingSignals": 67, "allowMenuUrlEdit": true, "categories": [{"pluralName": "Japanese Restaurants", "id": "4bf58dd8d48988d111941735", "primary": true, "icon": {"prefix": "https://ss3.4sqi.net/img/categories_v2/food/japanese_", "suffix": ".png"}, "name": "Japanese Restaurant", "shortName": "Japanese"}], "stats": {"checkinsCount": 1990, "usersCount": 1512, "tipCount": 18}, "id": "4fc9991ce4b0ac8d65d88498", "beenHere": {"lastCheckinExpiredAt": 0, "count": 0, "marked": false}, "url": "http://www.yayoiken.sg", "ratingColor": "C5DE35", "location": {"lng": 103.85402772516004, "formattedAddress": ["#01-08, Bugis+ (201 Victoria St)", "188067", "Singapore"], "postalCode": "188067", "lat": 1.299771428921097, "crossStreet": "201 Victoria St", "country": "Singapore", "distance": 777, "city": "Singapore", "cc": "SG", "address": "#01-08, Bugis+", "labeledLatLngs": [{"lng": 103.85402772516004, "label": "display", "lat": 1.299771428921097}]}, "hours": {"isLocalHoliday": false, "isOpen": true, "status": "Likely open"}, "verified": false, "price": {"tier": 2, "currency": "$", "message": "Moderate"}}, "referralId": "e-3-4fc9991ce4b0ac8d65d88498-129", "tips": [{"logView": true, "photo": {"id": "535cd99a498e1db61fd36268", "visibility": "public", "source": {"name": "Foursquare for iOS", "url": "https://foursquare.com/download/#/iphone"}, "suffix": "/58507681_7WHFajzEoIgxMaTuKIRX9Oi957hKa0bezjf73F6GY-M.jpg", "createdAt": 1398593946, "prefix": "https://igx.4sqi.net/img/general/", "width": 720, "height": 720}, "createdAt": 1398593944, "todo": {"count": 0}, "agreeCount": 2, "likes": {"groups": [], "summary": "2 likes", "count": 2}, "id": "535cd99811d2b8b519d0426b", "text": "Great food with cheap price ~ free flow of rice. Add on $1.90 ~ from Miso to kaijiru, worth it.", "disagreeCount": 0, "user": {"gender": "female", "id": "58507681", "photo": {"prefix": "https://igx.4sqi.net/img/user/", "suffix": "/3B1WIEB42OXUBYPX.jpg"}, "firstName": "Danielle", "lastName": "Song"}, "canonicalUrl": "https://foursquare.com/item/535cd99811d2b8b519d0426b", "type": "user", "photourl": "https://igx.4sqi.net/img/general/original/58507681_7WHFajzEoIgxMaTuKIRX9Oi957hKa0bezjf73F6GY-M.jpg"}]}, {"reasons": {"items": [{"reasonName": "globalInteractionReason", "summary": "This spot is popular", "type": "general"}], "count": 0}, "venue": {"venuePage": {"id": "76988692"}, "hereNow": {"groups": [], "summary": "Nobody here", "count": 0}, "contact": {"facebook": "144329989025", "facebookUsername": "BakeItYourself.SG", "facebookName": "Bake-It-Yourself", "formattedPhone": "+65 6100 2253", "twitter": "bakeityourself8", "phone": "+6561002253"}, "photos": {"groups": [], "count": 0}, "rating": 7.0, "name": "Bake It Yourself", "ratingSignals": 8, "allowMenuUrlEdit": true, "categories": [{"pluralName": "Bakeries", "id": "4bf58dd8d48988d16a941735", "primary": true, "icon": {"prefix": "https://ss3.4sqi.net/img/categories_v2/food/bakery_", "suffix": ".png"}, "name": "Bakery", "shortName": "Bakery"}], "stats": {"checkinsCount": 724, "usersCount": 205, "tipCount": 4}, "id": "4b9a198ff964a520cc9e35e3", "beenHere": {"lastCheckinExpiredAt": 0, "count": 0, "marked": false}, "url": "http://www.b-i-y.com", "ratingColor": "C5DE35", "location": {"lng": 103.84892374277115, "formattedAddress": ["9 Circular Rd. (South Bridge Rd.)", "049365", "Singapore"], "postalCode": "049365", "lat": 1.287746181951126, "crossStreet": "South Bridge Rd.", "country": "Singapore", "distance": 707, "city": "Singapore", "cc": "SG", "address": "9 Circular Rd.", "labeledLatLngs": [{"lng": 103.84892374277115, "label": "display", "lat": 1.287746181951126}]}, "hours": {"isLocalHoliday": false, "isOpen": false, "status": "Closed until 11:00 AM tomorrow"}, "verified": true, "price": {"tier": 1, "currency": "$", "message": "Cheap"}, "storeId": ""}, "referralId": "e-3-4b9a198ff964a520cc9e35e3-130", "tips": [{"id": "4cedce887db3224b3384242e", "text": "Baking needs sold here :)", "disagreeCount": 0, "logView": true, "createdAt": 1290653320, "likes": {"groups": [], "summary": "2 likes", "count": 2}, "todo": {"count": 0}, "agreeCount": 1, "canonicalUrl": "https://foursquare.com/item/4cedce887db3224b3384242e", "type": "user", "user": {"gender": "female", "id": "4618899", "photo": {"prefix": "https://igx.4sqi.net/img/user/", "suffix": "/YPOQZXIY0WQ4E2AO.jpg"}, "firstName": "Lishwen", "lastName": "Ng"}}]}, {"reasons": {"items": [{"reasonName": "globalInteractionReason", "summary": "This spot is popular", "type": "general"}], "count": 0}, "venue": {"contact": {"phone": "+6562388733", "formattedPhone": "+65 6238 8733"}, "photos": {"groups": [], "count": 0}, "rating": 7.0, "name": "Empress", "ratingSignals": 19, "allowMenuUrlEdit": true, "categories": [{"pluralName": "Cantonese Restaurants", "id": "52af3a7c3cf9994f4e043bed", "primary": true, "icon": {"prefix": "https://ss3.4sqi.net/img/categories_v2/food/asian_", "suffix": ".png"}, "name": "Cantonese Restaurant", "shortName": "Cantonese"}], "stats": {"checkinsCount": 215, "usersCount": 163, "tipCount": 7}, "id": "56888626498e3bf4f03ca07f", "beenHere": {"lastCheckinExpiredAt": 0, "count": 0, "marked": false}, "ratingColor": "C5DE35", "location": {"formattedAddress": ["#01-03 Asian Civilisations Museum", "Singapore"], "lat": 1.2871047630418333, "lng": 103.85103831077983, "country": "Singapore", "distance": 671, "city": "Singapore", "cc": "SG", "address": "#01-03 Asian Civilisations Museum", "labeledLatLngs": [{"lng": 103.85103831077983, "label": "display", "lat": 1.2871047630418333}]}, "hours": {"isLocalHoliday": false, "isOpen": true, "status": "Open until 11:00 PM"}, "verified": false, "hereNow": {"groups": [], "summary": "Nobody here", "count": 0}}, "referralId": "e-3-56888626498e3bf4f03ca07f-131", "tips": [{"id": "58f0c88164c8e167ee13e8cf", "text": "Food is great, the service is abysmal though. Understaffed and poorly trained, the wait times are horrendous.", "disagreeCount": 0, "createdAt": 1492174977, "logView": true, "todo": {"count": 0}, "agreeCount": 0, "canonicalUrl": "https://foursquare.com/item/58f0c88164c8e167ee13e8cf", "type": "user", "user": {"gender": "male", "id": "6266886", "photo": {"prefix": "https://igx.4sqi.net/img/user/", "suffix": "/XYPZYZRD5XCRN0P5.jpg"}, "firstName": "Alap", "lastName": "Bharadwaj"}}]}, {"reasons": {"items": [{"reasonName": "globalInteractionReason", "summary": "This spot is popular", "type": "general"}], "count": 0}, "venue": {"hereNow": {"groups": [], "summary": "Nobody here", "count": 0}, "contact": {}, "photos": {"groups": [], "count": 0}, "rating": 7.1, "name": "Fat Boy The Burger Bar", "ratingSignals": 15, "allowMenuUrlEdit": true, "categories": [{"pluralName": "American Restaurants", "id": "4bf58dd8d48988d14e941735", "primary": true, "icon": {"prefix": "https://ss3.4sqi.net/img/categories_v2/food/default_", "suffix": ".png"}, "name": "American Restaurant", "shortName": "American"}], "stats": {"checkinsCount": 119, "usersCount": 89, "tipCount": 3}, "id": "568fa672498e1c47f687267d", "beenHere": {"lastCheckinExpiredAt": 0, "count": 0, "marked": false}, "url": "https://www.fatboys.sg", "ratingColor": "C5DE35", "location": {"formattedAddress": ["Boat Quay", "Singapore"], "lat": 1.286471474422578, "lng": 103.84991729733477, "distance": 778, "country": "Singapore", "cc": "SG", "address": "Boat Quay", "labeledLatLngs": [{"lng": 103.84991729733477, "label": "display", "lat": 1.286471474422578}]}, "verified": false, "price": {"tier": 2, "currency": "$", "message": "Moderate"}}, "referralId": "e-3-568fa672498e1c47f687267d-132", "tips": [{"id": "57341c62cd10fabe94f2c9fb", "text": "Any of the burgers are great, washed down with a Brewdog IPA", "disagreeCount": 0, "createdAt": 1463032930, "logView": true, "todo": {"count": 0}, "agreeCount": 0, "canonicalUrl": "https://foursquare.com/item/57341c62cd10fabe94f2c9fb", "type": "user", "user": {"gender": "male", "id": "13512179", "photo": {"prefix": "https://igx.4sqi.net/img/user/", "suffix": "/KYIGAE4PXV1T04VI.jpg"}, "firstName": "Mike", "lastName": "Anthony"}}]}, {"reasons": {"items": [{"reasonName": "globalInteractionReason", "summary": "This spot is popular", "type": "general"}], "count": 0}, "venue": {"hereNow": {"groups": [], "summary": "Nobody here", "count": 0}, "contact": {"twitter": "fabbakerboy2012", "phone": "+6566948336", "formattedPhone": "+65 6694 8336"}, "photos": {"groups": [], "count": 0}, "rating": 7.0, "name": "The Fabulous Baker Boy", "ratingSignals": 123, "allowMenuUrlEdit": true, "categories": [{"pluralName": "Bakeries", "id": "4bf58dd8d48988d16a941735", "primary": true, "icon": {"prefix": "https://ss3.4sqi.net/img/categories_v2/food/bakery_", "suffix": ".png"}, "name": "Bakery", "shortName": "Bakery"}], "stats": {"checkinsCount": 1639, "usersCount": 1298, "tipCount": 67}, "id": "502f304de4b045d78fc45063", "beenHere": {"lastCheckinExpiredAt": 0, "count": 0, "marked": false}, "url": "http://www.thefabulousbakerboy.com", "ratingColor": "C5DE35", "location": {"lng": 103.84596551561518, "formattedAddress": ["The Foothills, #01-15 (70 River Valley Rd.)", "179037", "Singapore"], "postalCode": "179037", "lat": 1.2919083979255261, "crossStreet": "70 River Valley Rd.", "country": "Singapore", "distance": 745, "city": "Singapore", "cc": "SG", "address": "The Foothills, #01-15", "labeledLatLngs": [{"lng": 103.84596551561518, "label": "display", "lat": 1.2919083979255261}]}, "hours": {"isLocalHoliday": false, "isOpen": false, "status": "Closed until Noon tomorrow"}, "verified": false, "price": {"tier": 1, "currency": "$", "message": "Cheap"}}, "referralId": "e-3-502f304de4b045d78fc45063-133", "tips": [{"logView": true, "photo": {"id": "519ee403498eca59d6491177", "visibility": "public", "source": {"name": "Foursquare for iOS", "url": "https://foursquare.com/download/#/iphone"}, "suffix": "/1618748_siNkYADVMbxBqHqRV0sv0wJgkwhkbyfHrFddydR7xqE.jpg", "createdAt": 1369367555, "prefix": "https://igx.4sqi.net/img/general/", "width": 720, "height": 720}, "createdAt": 1369367552, "todo": {"count": 0}, "agreeCount": 3, "likes": {"groups": [], "summary": "3 likes", "count": 3}, "id": "519ee400498eff428c823c67", "text": "had both red velvet and carrot cake. Not saying the red velvet is no good, just that Im very impressed with the carrot cake. Love it soooo much ;) I'll be back for more", "disagreeCount": 0, "user": {"gender": "female", "id": "1618748", "photo": {"prefix": "https://igx.4sqi.net/img/user/", "suffix": "/3JYLRKP50M3GJGJX.jpg"}, "firstName": "Kylie", "lastName": "N"}, "canonicalUrl": "https://foursquare.com/item/519ee400498eff428c823c67", "type": "user", "photourl": "https://igx.4sqi.net/img/general/original/1618748_siNkYADVMbxBqHqRV0sv0wJgkwhkbyfHrFddydR7xqE.jpg"}]}, {"reasons": {"items": [{"reasonName": "globalInteractionReason", "summary": "This spot is popular", "type": "general"}], "count": 0}, "venue": {"hereNow": {"groups": [], "summary": "Nobody here", "count": 0}, "contact": {"phone": "+6565349082", "formattedPhone": "+65 6534 9082"}, "photos": {"groups": [], "count": 0}, "rating": 7.1, "name": "The Connoisseur Concerto (TCC)", "ratingSignals": 21, "allowMenuUrlEdit": true, "categories": [{"pluralName": "Caf\u00e9s", "id": "4bf58dd8d48988d16d941735", "primary": true, "icon": {"prefix": "https://ss3.4sqi.net/img/categories_v2/food/cafe_", "suffix": ".png"}, "name": "Caf\u00e9", "shortName": "Caf\u00e9"}], "stats": {"checkinsCount": 1143, "usersCount": 893, "tipCount": 12}, "id": "4b8397fcf964a520ba0a31e3", "beenHere": {"lastCheckinExpiredAt": 0, "count": 0, "marked": false}, "ratingColor": "C5DE35", "location": {"lng": 103.84676945043428, "formattedAddress": ["#02-84/85/86, The Central (6 Eu Tong Sen Street)", "059817", "Singapore"], "postalCode": "059817", "lat": 1.2893632672635345, "crossStreet": "6 Eu Tong Sen Street", "country": "Singapore", "distance": 759, "city": "Singapore", "cc": "SG", "address": "#02-84/85/86, The Central", "labeledLatLngs": [{"lng": 103.84676945043428, "label": "display", "lat": 1.2893632672635345}]}, "hours": {"isLocalHoliday": false, "isOpen": true, "status": "Likely open"}, "verified": false, "price": {"tier": 1, "currency": "$", "message": "Cheap"}}, "referralId": "e-3-4b8397fcf964a520ba0a31e3-134", "tips": [{"id": "4dcb69fdb0fbd92b293807c0", "text": "Love the pasta with oyster here! It's delicious!!", "disagreeCount": 0, "logView": true, "createdAt": 1305176573, "likes": {"groups": [], "summary": "1 like", "count": 1}, "todo": {"count": 0}, "agreeCount": 1, "canonicalUrl": "https://foursquare.com/item/4dcb69fdb0fbd92b293807c0", "type": "user", "user": {"gender": "female", "id": "4558312", "photo": {"prefix": "https://igx.4sqi.net/img/user/", "suffix": "/4558312-34OWV1CIVSTXRB1E.jpg"}, "firstName": "Arianna", "lastName": "Tan"}}]}, {"reasons": {"items": [{"reasonName": "globalInteractionReason", "summary": "This spot is popular", "type": "general"}], "count": 0}, "venue": {"hereNow": {"groups": [], "summary": "Nobody here", "count": 0}, "contact": {"phone": "+6562244492", "formattedPhone": "+65 6224 4492"}, "photos": {"groups": [], "count": 0}, "rating": 7.0, "menu": {"mobileUrl": "http://www.realfoodgrocer.com/pdf/REAL_FOOD_CENTRAL_MENU.pdf", "externalUrl": "http://www.realfoodgrocer.com/pdf/REAL_FOOD_CENTRAL_MENU.pdf", "url": "http://www.realfoodgrocer.com/pdf/REAL_FOOD_CENTRAL_MENU.pdf", "anchor": "View Menu", "label": "Menu", "type": "Menu"}, "name": "Real Food", "ratingSignals": 140, "allowMenuUrlEdit": true, "categories": [{"pluralName": "Vegetarian / Vegan Restaurants", "id": "4bf58dd8d48988d1d3941735", "primary": true, "icon": {"prefix": "https://ss3.4sqi.net/img/categories_v2/food/vegetarian_", "suffix": ".png"}, "name": "Vegetarian / Vegan Restaurant", "shortName": "Vegetarian / Vegan"}], "stats": {"checkinsCount": 2089, "usersCount": 1116, "tipCount": 65}, "id": "4b6e5680f964a5200fb92ce3", "beenHere": {"lastCheckinExpiredAt": 0, "count": 0, "marked": false}, "url": "http://www.realfoodgrocer.com", "ratingColor": "C5DE35", "location": {"lng": 103.84681474267833, "formattedAddress": ["#B1-52/53, The Central (6 Eu Tong Sen Street)", "059817", "Singapore"], "postalCode": "059817", "lat": 1.2892075748963747, "crossStreet": "6 Eu Tong Sen Street", "country": "Singapore", "distance": 764, "city": "Singapore", "cc": "SG", "address": "#B1-52/53, The Central", "labeledLatLngs": [{"lng": 103.84681474267833, "label": "display", "lat": 1.2892075748963747}]}, "hours": {"isLocalHoliday": false, "isOpen": true, "status": "Likely open"}, "verified": false, "price": {"tier": 2, "currency": "$", "message": "Moderate"}}, "referralId": "e-3-4b6e5680f964a5200fb92ce3-135", "tips": [{"id": "4de878ae1f6e9b53770e3bb7", "text": "Walnut brownie with non-diary ice-cream!!", "disagreeCount": 0, "logView": true, "createdAt": 1307080878, "likes": {"groups": [], "summary": "5 likes", "count": 5}, "todo": {"count": 0}, "agreeCount": 3, "canonicalUrl": "https://foursquare.com/item/4de878ae1f6e9b53770e3bb7", "type": "user", "user": {"gender": "male", "id": "239570", "photo": {"prefix": "https://igx.4sqi.net/img/user/", "suffix": "/JHFHSQDGF0EZWWG1.jpg"}, "firstName": "Jermyn", "lastName": "Toh"}}]}, {"reasons": {"items": [{"reasonName": "globalInteractionReason", "summary": "This spot is popular", "type": "general"}], "count": 0}, "venue": {"hereNow": {"groups": [], "summary": "Nobody here", "count": 0}, "contact": {"facebook": "1510134105945335", "facebookUsername": "sumiyasuntec", "facebookName": "Sumiya at Suntec City", "phone": "+6562351816", "formattedPhone": "+65 6235 1816"}, "photos": {"groups": [], "count": 0}, "rating": 7.0, "name": "Sumiya Seafood Grill Sake", "ratingSignals": 11, "allowMenuUrlEdit": true, "categories": [{"pluralName": "Japanese Restaurants", "id": "4bf58dd8d48988d111941735", "primary": true, "icon": {"prefix": "https://ss3.4sqi.net/img/categories_v2/food/japanese_", "suffix": ".png"}, "name": "Japanese Restaurant", "shortName": "Japanese"}], "stats": {"checkinsCount": 202, "usersCount": 122, "tipCount": 3}, "id": "55921795498e888b3c1626fb", "beenHere": {"lastCheckinExpiredAt": 0, "count": 0, "marked": false}, "url": "http://www.sumiya.com.sg", "ratingColor": "C5DE35", "location": {"lng": 103.85872712681591, "formattedAddress": ["Suntec City Mall, Sky Garden, North Wing (3 Temasek Boulevard)", "038983", "Singapore"], "postalCode": "038983", "lat": 1.295557877591338, "crossStreet": "3 Temasek Boulevard", "country": "Singapore", "distance": 743, "city": "Singapore", "cc": "SG", "address": "Suntec City Mall, Sky Garden, North Wing", "labeledLatLngs": [{"lng": 103.85872712681591, "label": "display", "lat": 1.295557877591338}]}, "hours": {"isLocalHoliday": false, "isOpen": true, "status": "Open until 10:00 PM"}, "verified": false, "price": {"tier": 2, "currency": "$", "message": "Moderate"}}, "referralId": "e-3-55921795498e888b3c1626fb-136", "tips": [{"logView": true, "photo": {"id": "5869cb1f424f937f62d388a8", "visibility": "public", "source": {"name": "Foursquare for iOS", "url": "https://foursquare.com/download/#/iphone"}, "suffix": "/87799097_ua2YpACHowLJiGayFvPWMYFsuMCfmuGFEcX7_LzYf5M.jpg", "createdAt": 1483328287, "prefix": "https://igx.4sqi.net/img/general/", "width": 1440, "height": 1440}, "createdAt": 1483328285, "agreeCount": 0, "id": "5869cb1df84085303f43688d", "text": "Unagi and tempura don \ud83d\ude0b so good washed down with a happy hour beer", "type": "user", "disagreeCount": 0, "user": {"gender": "none", "id": "87799097", "photo": {"prefix": "https://igx.4sqi.net/img/user/", "default": true, "suffix": "/blank_boy.png"}, "firstName": "Ab", "lastName": "T"}, "canonicalUrl": "https://foursquare.com/item/5869cb1df84085303f43688d", "todo": {"count": 0}, "photourl": "https://igx.4sqi.net/img/general/original/87799097_ua2YpACHowLJiGayFvPWMYFsuMCfmuGFEcX7_LzYf5M.jpg"}]}, {"reasons": {"items": [{"reasonName": "globalInteractionReason", "summary": "This spot is popular", "type": "general"}], "count": 0}, "venue": {"hereNow": {"groups": [], "summary": "Nobody here", "count": 0}, "contact": {"phone": "+6562255532", "formattedPhone": "+65 6225 5532"}, "photos": {"groups": [], "count": 0}, "rating": 7.0, "name": "Bliss House Theme Restaurant", "ratingSignals": 33, "allowMenuUrlEdit": true, "categories": [{"pluralName": "Italian Restaurants", "id": "4bf58dd8d48988d110941735", "primary": true, "icon": {"prefix": "https://ss3.4sqi.net/img/categories_v2/food/italian_", "suffix": ".png"}, "name": "Italian Restaurant", "shortName": "Italian"}], "stats": {"checkinsCount": 785, "usersCount": 693, "tipCount": 15}, "id": "51020e65e4b01e6ed33c8790", "beenHere": {"lastCheckinExpiredAt": 0, "count": 0, "marked": false}, "url": "http://www.blisshouse.com.sg", "ratingColor": "C5DE35", "location": {"lng": 103.84694495796408, "formattedAddress": ["#03-21, The Central (6 Eu Tong Sen St)", "059817", "Singapore"], "postalCode": "059817", "lat": 1.2886353316964432, "crossStreet": "6 Eu Tong Sen St", "country": "Singapore", "distance": 789, "city": "Singapore", "cc": "SG", "address": "#03-21, The Central", "labeledLatLngs": [{"lng": 103.84694495796408, "label": "display", "lat": 1.2886353316964432}]}, "hours": {"isLocalHoliday": false, "isOpen": true, "status": "Open until 11:00 PM"}, "verified": false, "price": {"tier": 2, "currency": "$", "message": "Moderate"}}, "referralId": "e-3-51020e65e4b01e6ed33c8790-137", "tips": [{"id": "5199dd76498e664528a18833", "text": "nice food, nice service... wine pasya muz try! tiramisu not to be missed..", "disagreeCount": 0, "logView": true, "createdAt": 1369038198, "likes": {"groups": [], "summary": "1 like", "count": 1}, "todo": {"count": 0}, "agreeCount": 1, "canonicalUrl": "https://foursquare.com/item/5199dd76498e664528a18833", "type": "user", "user": {"gender": "female", "id": "5262418", "photo": {"prefix": "https://igx.4sqi.net/img/user/", "suffix": "/X0B0SM14VL0AICXA.jpg"}, "firstName": "Lynn", "lastName": "Dolphiny"}}]}, {"reasons": {"items": [{"reasonName": "globalInteractionReason", "summary": "This spot is popular", "type": "general"}], "count": 0}, "venue": {"hereNow": {"groups": [], "summary": "Nobody here", "count": 0}, "contact": {"phone": "+6568831575", "formattedPhone": "+65 6883 1575"}, "photos": {"groups": [], "count": 0}, "rating": 7.0, "name": "Gold Food Thai Chinese Cuisine", "ratingSignals": 78, "allowMenuUrlEdit": true, "categories": [{"pluralName": "Thai Restaurants", "id": "4bf58dd8d48988d149941735", "primary": true, "icon": {"prefix": "https://ss3.4sqi.net/img/categories_v2/food/thai_", "suffix": ".png"}, "name": "Thai Restaurant", "shortName": "Thai"}], "stats": {"checkinsCount": 2284, "usersCount": 1219, "tipCount": 51}, "id": "4bb1dd31f964a52035a73ce3", "beenHere": {"lastCheckinExpiredAt": 0, "count": 0, "marked": false}, "ratingColor": "C5DE35", "location": {"lng": 103.85117419182565, "formattedAddress": ["#01-14 Sunshine Plaza (91 Bencoolen St)", "189652", "Singapore"], "postalCode": "189652", "lat": 1.2999381362627802, "crossStreet": "91 Bencoolen St", "country": "Singapore", "distance": 795, "city": "Singapore", "cc": "SG", "address": "#01-14 Sunshine Plaza", "labeledLatLngs": [{"lng": 103.85117419182565, "label": "display", "lat": 1.2999381362627802}]}, "hours": {"isLocalHoliday": false, "isOpen": true, "status": "Open until 1:00 AM"}, "verified": false, "price": {"tier": 2, "currency": "$", "message": "Moderate"}}, "referralId": "e-3-4bb1dd31f964a52035a73ce3-138", "tips": [{"id": "4d0c6c293bbaa143531736da", "text": "Fresh Coconut is recommended", "disagreeCount": 0, "logView": true, "createdAt": 1292659753, "likes": {"groups": [], "summary": "4 likes", "count": 4}, "todo": {"count": 0}, "agreeCount": 1, "canonicalUrl": "https://foursquare.com/item/4d0c6c293bbaa143531736da", "type": "user", "user": {"gender": "female", "id": "1198425", "photo": {"prefix": "https://igx.4sqi.net/img/user/", "suffix": "/1198425-HQI2FLOLQV41RWGV.jpg"}, "firstName": "LYNZ", "lastName": "bz"}}]}, {"reasons": {"items": [{"reasonName": "globalInteractionReason", "summary": "This spot is popular", "type": "general"}], "count": 0}, "venue": {"contact": {"phone": "+6565365319", "formattedPhone": "+65 6536 5319"}, "photos": {"groups": [], "count": 0}, "rating": 6.9, "name": "Cat Caf\u00e9 Neko no Niwa", "ratingSignals": 74, "allowMenuUrlEdit": true, "categories": [{"pluralName": "Pet Caf\u00e9s", "id": "56aa371be4b08b9a8d573508", "primary": true, "icon": {"prefix": "https://ss3.4sqi.net/img/categories_v2/parks_outdoors/dogrun_", "suffix": ".png"}, "name": "Pet Caf\u00e9", "shortName": "Pet Caf\u00e9"}], "stats": {"checkinsCount": 747, "usersCount": 616, "tipCount": 21}, "id": "5270f932498e3ff3a9e981dc", "beenHere": {"lastCheckinExpiredAt": 0, "count": 0, "marked": false}, "url": "http://www.catcafe.com.sg", "ratingColor": "FFC800", "location": {"formattedAddress": ["2/F 54A Boat Quay", "049843", "Singapore"], "postalCode": "049843", "lat": 1.287164289529153, "lng": 103.84926438331604, "country": "Singapore", "distance": 741, "city": "Singapore", "cc": "SG", "address": "2/F 54A Boat Quay", "labeledLatLngs": [{"lng": 103.84926438331604, "label": "display", "lat": 1.287164289529153}]}, "hours": {"isLocalHoliday": false, "isOpen": true, "status": "Open until 10:00 PM"}, "verified": false, "hereNow": {"groups": [], "summary": "Nobody here", "count": 0}}, "referralId": "e-3-5270f932498e3ff3a9e981dc-139", "tips": [{"id": "52c28228498efde7c90c83ac", "text": "Take note of cafe rules.", "disagreeCount": 0, "logView": true, "createdAt": 1388479016, "likes": {"groups": [], "summary": "4 likes", "count": 4}, "todo": {"count": 0}, "agreeCount": 4, "canonicalUrl": "https://foursquare.com/item/52c28228498efde7c90c83ac", "type": "user", "user": {"gender": "male", "id": "797407", "photo": {"prefix": "https://igx.4sqi.net/img/user/", "suffix": "/GXFRMZ4TS3CCGC1R.jpg"}, "firstName": "Benedict", "lastName": "Tang"}}]}], "name": "recommended", "type": "Recommended Places"}], "query": "food", "headerLocation": "Downtown Core"}}