{"meta": {"code": 200, "requestId": "595a3b12dd57972d4196821e"}, "response": {"suggestedFilters": {"filters": [{"name": "Open now", "key": "openNow"}], "header": "Tap to show:"}, "totalResults": 228, "headerFullLocation": "Financial District, Singapore", "headerLocationGranularity": "neighborhood", "suggestedBounds": {"ne": {"lng": 103.85305257729883, "lat": 1.2837212538930471}, "sw": {"lng": 103.83867588139717, "lat": 1.2693212394930329}}, "groups": [{"items": [{"reasons": {"items": [{"reasonName": "globalInteractionReason", "summary": "This spot is popular", "type": "general"}], "count": 0}, "venue": {"hereNow": {"groups": [], "summary": "Nobody here", "count": 0}, "contact": {"phone": "+6563278378", "formattedPhone": "+65 6327 8378"}, "photos": {"groups": [], "count": 0}, "rating": 7.4, "name": "Oso Ristorante", "ratingSignals": 62, "allowMenuUrlEdit": true, "categories": [{"pluralName": "Italian Restaurants", "id": "4bf58dd8d48988d110941735", "primary": true, "icon": {"prefix": "https://ss3.4sqi.net/img/categories_v2/food/italian_", "suffix": ".png"}, "name": "Italian Restaurant", "shortName": "Italian"}], "stats": {"checkinsCount": 1436, "usersCount": 811, "tipCount": 23}, "id": "4bab5dcff964a520d2a33ae3", "beenHere": {"lastCheckinExpiredAt": 0, "count": 0, "marked": false}, "ratingColor": "C5DE35", "location": {"lng": 103.84049892425537, "formattedAddress": ["46 Bukit Pasoh Rd (Teo Hong Rd)", "089858\u200e", "Singapore"], "postalCode": "089858\u200e", "lat": 1.279693529885134, "crossStreet": "Teo Hong Rd", "country": "Singapore", "distance": 693, "city": "Singapore", "cc": "SG", "address": "46 Bukit Pasoh Rd", "labeledLatLngs": [{"lng": 103.84049892425537, "label": "display", "lat": 1.279693529885134}]}, "hours": {"isLocalHoliday": false, "isOpen": true, "status": "Likely open"}, "verified": false, "price": {"tier": 2, "currency": "$", "message": "Moderate"}}, "referralId": "e-3-4bab5dcff964a520d2a33ae3-200", "tips": [{"id": "50f007c3e4b08e1edb01009d", "text": "Seriously one of the best Italian restaurants in this part of the world.", "disagreeCount": 0, "logView": true, "createdAt": 1357907907, "likes": {"groups": [], "summary": "2 likes", "count": 2}, "todo": {"count": 0}, "agreeCount": 2, "canonicalUrl": "https://foursquare.com/item/50f007c3e4b08e1edb01009d", "type": "user", "user": {"gender": "male", "id": "1601858", "photo": {"prefix": "https://igx.4sqi.net/img/user/", "suffix": "/1601858-UR1TQXY2DDS4UYSN.jpg"}, "firstName": "Greg", "lastName": "K"}}]}, {"reasons": {"items": [{"reasonName": "globalInteractionReason", "summary": "This spot is popular", "type": "general"}], "count": 0}, "venue": {"hereNow": {"groups": [], "summary": "Nobody here", "count": 0}, "contact": {}, "photos": {"groups": [], "count": 0}, "rating": 7.1, "name": "\u957f\u987a Chang Shun (Charcoal) Hong Kong Style Roasted", "ratingSignals": 10, "allowMenuUrlEdit": true, "categories": [{"pluralName": "BBQ Joints", "id": "4bf58dd8d48988d1df931735", "primary": true, "icon": {"prefix": "https://ss3.4sqi.net/img/categories_v2/food/bbqalt_", "suffix": ".png"}, "name": "BBQ Joint", "shortName": "BBQ"}], "stats": {"checkinsCount": 192, "usersCount": 75, "tipCount": 3}, "id": "4c96ff2303413704f33089ef", "beenHere": {"lastCheckinExpiredAt": 0, "count": 0, "marked": false}, "ratingColor": "C5DE35", "location": {"lng": 103.84164690971373, "formattedAddress": ["120-122 Neil Road (Intersection with Keong Siak Road)", "Singapore"], "lat": 1.2789400170238592, "crossStreet": "Intersection with Keong Siak Road", "country": "Singapore", "distance": 541, "city": "Singapore", "cc": "SG", "address": "120-122 Neil Road", "labeledLatLngs": [{"lng": 103.84164690971373, "label": "display", "lat": 1.2789400170238592}]}, "verified": false, "price": {"tier": 2, "currency": "$", "message": "Moderate"}}, "referralId": "e-3-4c96ff2303413704f33089ef-201", "tips": [{"id": "4edda31f5c5c96a2022299b3", "text": "Best \u53c9\u70e7&\u70e7\u8089rice!", "disagreeCount": 0, "logView": true, "createdAt": 1323148063, "likes": {"groups": [], "summary": "1 like", "count": 1}, "todo": {"count": 0}, "agreeCount": 1, "canonicalUrl": "https://foursquare.com/item/4edda31f5c5c96a2022299b3", "type": "user", "user": {"gender": "male", "id": "4356658", "photo": {"prefix": "https://igx.4sqi.net/img/user/", "suffix": "/DONXAVKPUNJSU2ET.jpg"}, "firstName": "Rick", "lastName": "Goh"}}]}, {"reasons": {"items": [{"reasonName": "globalInteractionReason", "summary": "This spot is popular", "type": "general"}], "count": 0}, "venue": {"hereNow": {"groups": [], "summary": "Nobody here", "count": 0}, "contact": {}, "photos": {"groups": [], "count": 0}, "rating": 7.2, "name": "Dal In Korean Restaurant", "ratingSignals": 37, "allowMenuUrlEdit": true, "categories": [{"pluralName": "Korean Restaurants", "id": "4bf58dd8d48988d113941735", "primary": true, "icon": {"prefix": "https://ss3.4sqi.net/img/categories_v2/food/korean_", "suffix": ".png"}, "name": "Korean Restaurant", "shortName": "Korean"}], "stats": {"checkinsCount": 703, "usersCount": 402, "tipCount": 11}, "id": "4d89a9f7bc848cfafa7cc72b", "beenHere": {"lastCheckinExpiredAt": 0, "count": 0, "marked": false}, "ratingColor": "C5DE35", "location": {"formattedAddress": ["17 Boon Tat Street", "Singapore"], "lat": 1.2813630068381314, "lng": 103.84832637998483, "country": "Singapore", "distance": 604, "city": "Singapore", "cc": "SG", "address": "17 Boon Tat Street", "labeledLatLngs": [{"lng": 103.84832637998483, "label": "display", "lat": 1.2813630068381314}]}, "hours": {"isLocalHoliday": false, "isOpen": true, "status": "Likely open"}, "verified": false, "price": {"tier": 2, "currency": "$", "message": "Moderate"}}, "referralId": "e-3-4d89a9f7bc848cfafa7cc72b-202", "tips": [{"logView": true, "photo": {"id": "54020884498e31d60fb2795e", "visibility": "public", "source": {"name": "Foursquare for Android", "url": "https://foursquare.com/download/#/android"}, "suffix": "/1078846_udLre7Q5cKbjJIO-j-GABdPX-zE1ZRDpIBLdTBw3qbA.jpg", "createdAt": 1409419396, "prefix": "https://igx.4sqi.net/img/general/", "width": 2448, "height": 2448}, "createdAt": 1409419390, "todo": {"count": 0}, "agreeCount": 1, "likes": {"groups": [], "summary": "1 like", "count": 1}, "id": "5402087e498e19691d43b7b3", "text": "Must try their beef bulgogi & steamed egg!", "disagreeCount": 0, "user": {"id": "1078846", "photo": {"prefix": "https://igx.4sqi.net/img/user/", "suffix": "/1078846-Q4ODXQKKIHUB3EI2.jpg"}, "firstName": "\uc544\ub860", "gender": "male"}, "canonicalUrl": "https://foursquare.com/item/5402087e498e19691d43b7b3", "type": "user", "photourl": "https://igx.4sqi.net/img/general/original/1078846_udLre7Q5cKbjJIO-j-GABdPX-zE1ZRDpIBLdTBw3qbA.jpg"}]}, {"reasons": {"items": [{"reasonName": "globalInteractionReason", "summary": "This spot is popular", "type": "general"}], "count": 0}, "venue": {"hereNow": {"groups": [], "summary": "Nobody here", "count": 0}, "contact": {"twitter": "mommakongs", "phone": "+6562252722", "formattedPhone": "+65 6225 2722"}, "photos": {"groups": [], "count": 0}, "rating": 7.6, "name": "Momma Kong's", "ratingSignals": 45, "allowMenuUrlEdit": true, "categories": [{"pluralName": "Seafood Restaurants", "id": "4bf58dd8d48988d1ce941735", "primary": true, "icon": {"prefix": "https://ss3.4sqi.net/img/categories_v2/food/seafood_", "suffix": ".png"}, "name": "Seafood Restaurant", "shortName": "Seafood"}], "stats": {"checkinsCount": 567, "usersCount": 332, "tipCount": 15}, "id": "50c08378e4b04dbdcda57074", "beenHere": {"lastCheckinExpiredAt": 0, "count": 0, "marked": false}, "url": "http://www.mommakongs.com", "ratingColor": "C5DE35", "location": {"formattedAddress": ["34 Mosque Street", "Singapore"], "lat": 1.283542033903675, "lng": 103.84520121579762, "country": "Singapore", "distance": 785, "city": "Singapore", "cc": "SG", "address": "34 Mosque Street", "labeledLatLngs": [{"lng": 103.84520121579762, "label": "display", "lat": 1.283542033903675}]}, "hours": {"isLocalHoliday": false, "isOpen": true, "status": "Open until 11:00 PM"}, "verified": false, "price": {"tier": 3, "currency": "$", "message": "Expensive"}}, "referralId": "e-3-50c08378e4b04dbdcda57074-203", "tips": [{"logView": true, "photo": {"id": "510ba644e4b0e2f92d89cf9e", "visibility": "public", "source": {"name": "Foursquare for iOS", "url": "https://foursquare.com/download/#/iphone"}, "suffix": "/3406893_OQ6NTdDFSF3PA_YiMCGJO8C6HSjOE6YtM4MOXhhc1iw.jpg", "createdAt": 1359717956, "prefix": "https://igx.4sqi.net/img/general/", "width": 720, "height": 960}, "createdAt": 1359717954, "todo": {"count": 1}, "agreeCount": 2, "likes": {"groups": [], "summary": "2 likes", "count": 2}, "id": "510ba642e4b0898fa3f8e839", "text": "Happy hours daily till 8pm 25% off!", "disagreeCount": 0, "user": {"gender": "male", "id": "3406893", "photo": {"prefix": "https://igx.4sqi.net/img/user/", "suffix": "/KPH53ROXTK0R0YVM.jpg"}, "firstName": "Stanley", "lastName": "Tay"}, "canonicalUrl": "https://foursquare.com/item/510ba642e4b0898fa3f8e839", "type": "user", "photourl": "https://igx.4sqi.net/img/general/original/3406893_OQ6NTdDFSF3PA_YiMCGJO8C6HSjOE6YtM4MOXhhc1iw.jpg"}]}, {"reasons": {"items": [{"reasonName": "globalInteractionReason", "summary": "This spot is popular", "type": "general"}], "count": 0}, "venue": {"hereNow": {"groups": [], "summary": "Nobody here", "count": 0}, "contact": {"phone": "+6565366258", "formattedPhone": "+65 6536 6258"}, "photos": {"groups": [], "count": 0}, "rating": 7.6, "menu": {"mobileUrl": "http://www.jinfinedining.com.sg/menu/", "externalUrl": "http://www.jinfinedining.com.sg/menu/", "url": "http://www.jinfinedining.com.sg/menu/", "anchor": "View Menu", "label": "Menu", "type": "Menu"}, "name": "Jin Fine Dining", "ratingSignals": 14, "allowMenuUrlEdit": true, "categories": [{"pluralName": "Japanese Restaurants", "id": "4bf58dd8d48988d111941735", "primary": true, "icon": {"prefix": "https://ss3.4sqi.net/img/categories_v2/food/japanese_", "suffix": ".png"}, "name": "Japanese Restaurant", "shortName": "Japanese"}], "stats": {"checkinsCount": 131, "usersCount": 86, "tipCount": 3}, "id": "54119564498e4371f8dce458", "beenHere": {"lastCheckinExpiredAt": 0, "count": 0, "marked": false}, "url": "http://www.jinfinedining.com.sg", "ratingColor": "C5DE35", "location": {"formattedAddress": ["76 Telok Ayer Street", "048464", "Singapore"], "postalCode": "048464", "lat": 1.2830326233714904, "lng": 103.8488076163643, "country": "Singapore", "distance": 795, "city": "Singapore", "cc": "SG", "address": "76 Telok Ayer Street", "labeledLatLngs": [{"lng": 103.8488076163643, "label": "display", "lat": 1.2830326233714904}]}, "hours": {"isLocalHoliday": false, "isOpen": true, "status": "Open until 10:00 PM"}, "verified": false, "price": {"tier": 2, "currency": "$", "message": "Moderate"}}, "referralId": "e-3-54119564498e4371f8dce458-204", "tips": [{"logView": true, "photo": {"id": "55d56cd3498e245234393ecd", "visibility": "friends", "source": {"name": "Instagram", "url": "http://instagram.com"}, "suffix": "/297836_0c4y4G9U2sc082qyKqxuCnPeogqsLhdQZKvPfuIDuJw.jpg", "createdAt": 1440050387, "prefix": "https://igx.4sqi.net/img/general/", "width": 1080, "height": 1080}, "createdAt": 1440050387, "agreeCount": 0, "id": "55d56cd3498e245234393ed5", "text": "One of the better Chirashi Don I've tried. I like the flavoured rice and the Alaskan Crab Stick. \ud83d\udc4d\ud83c\udffb #howtonotbefat #jin", "type": "user", "disagreeCount": 0, "user": {"gender": "male", "id": "297836", "photo": {"prefix": "https://igx.4sqi.net/img/user/", "suffix": "/297836-YZFEMZVFWBMJ22KV.jpg"}, "firstName": "Titus", "lastName": "Phoon"}, "canonicalUrl": "https://foursquare.com/item/55d56cd3498e245234393ed5", "todo": {"count": 0}, "photourl": "https://igx.4sqi.net/img/general/original/297836_0c4y4G9U2sc082qyKqxuCnPeogqsLhdQZKvPfuIDuJw.jpg"}]}, {"reasons": {"items": [{"reasonName": "globalInteractionReason", "summary": "This spot is popular", "type": "general"}], "count": 0}, "venue": {"hereNow": {"groups": [], "summary": "Nobody here", "count": 0}, "contact": {}, "photos": {"groups": [], "count": 0}, "rating": 7.0, "name": "Epiphyte", "ratingSignals": 13, "allowMenuUrlEdit": true, "categories": [{"pluralName": "Restaurants", "id": "4bf58dd8d48988d1c4941735", "primary": true, "icon": {"prefix": "https://ss3.4sqi.net/img/categories_v2/food/default_", "suffix": ".png"}, "name": "Restaurant", "shortName": "Restaurant"}], "stats": {"checkinsCount": 99, "usersCount": 69, "tipCount": 6}, "id": "57f901c0498e1558f4d77b2d", "beenHere": {"lastCheckinExpiredAt": 0, "count": 0, "marked": false}, "ratingColor": "C5DE35", "location": {"formattedAddress": ["47 Neil Road", "Singapore"], "lat": 1.279798, "lng": 103.842719, "distance": 505, "country": "Singapore", "cc": "SG", "address": "47 Neil Road", "labeledLatLngs": [{"lng": 103.842719, "label": "display", "lat": 1.279798}]}, "hours": {"isLocalHoliday": false, "isOpen": true, "status": "Open until 11:00 PM"}, "verified": false, "price": {"tier": 2, "currency": "$", "message": "Moderate"}}, "referralId": "e-3-57f901c0498e1558f4d77b2d-205", "tips": [{"logView": true, "photo": {"id": "5939625b2f97ec2d638a6288", "visibility": "public", "source": {"name": "Swarm for iOS", "url": "https://www.swarmapp.com"}, "suffix": "/231366_M3WvGce2VVFVf_XBqu3SoxU_KEzdmtFl0NdXVnIX4nc.jpg", "createdAt": 1496932955, "prefix": "https://igx.4sqi.net/img/general/", "width": 1440, "height": 1920}, "createdAt": 1497021049, "todo": {"count": 0}, "agreeCount": 1, "lastVoteText": "Upvoted 2 weeks ago", "id": "593aba79112c6c3fc6eb69b3", "text": "Epiphyte Canopies [Bar Upstairs] opens 6pm-midnight (Tue-Thu), 6pm-1am (Fri-Sat). Our favourite cocktail? Comtesse de Fleur, their signature drink of gin with rose notes", "disagreeCount": 0, "lastUpvoteTimestamp": 1497630128, "user": {"gender": "male", "id": "231366", "photo": {"prefix": "https://igx.4sqi.net/img/user/", "suffix": "/231366-Q2ZSAEF50GYUXPDA.jpg"}, "firstName": "Cheen", "lastName": "The Curious"}, "canonicalUrl": "https://foursquare.com/item/593aba79112c6c3fc6eb69b3", "type": "user", "photourl": "https://igx.4sqi.net/img/general/original/231366_M3WvGce2VVFVf_XBqu3SoxU_KEzdmtFl0NdXVnIX4nc.jpg"}]}, {"reasons": {"items": [{"reasonName": "globalInteractionReason", "summary": "This spot is popular", "type": "general"}], "count": 0}, "venue": {"hereNow": {"groups": [], "summary": "Nobody here", "count": 0}, "contact": {}, "photos": {"groups": [], "count": 0}, "rating": 7.4, "name": "Taj Authentic Indian Cuisine", "ratingSignals": 9, "allowMenuUrlEdit": true, "categories": [{"pluralName": "Indian Restaurants", "id": "4bf58dd8d48988d10f941735", "primary": true, "icon": {"prefix": "https://ss3.4sqi.net/img/categories_v2/food/indian_", "suffix": ".png"}, "name": "Indian Restaurant", "shortName": "Indian"}], "stats": {"checkinsCount": 289, "usersCount": 148, "tipCount": 5}, "id": "4bbd71eaf57ba593e226aeb9", "beenHere": {"lastCheckinExpiredAt": 0, "count": 0, "marked": false}, "ratingColor": "C5DE35", "location": {"formattedAddress": ["214 South Bridge Rd.", "Singapore"], "lat": 1.2832137690333338, "lng": 103.84576170190999, "country": "Singapore", "distance": 745, "city": "Singapore", "cc": "SG", "address": "214 South Bridge Rd.", "labeledLatLngs": [{"lng": 103.84576170190999, "label": "display", "lat": 1.2832137690333338}]}, "hours": {"isLocalHoliday": false, "isOpen": true, "status": "Likely open"}, "verified": false, "price": {"tier": 2, "currency": "$", "message": "Moderate"}}, "referralId": "e-3-4bbd71eaf57ba593e226aeb9-206", "tips": [{"id": "4bbf00bb70c603bb053c97b4", "text": "Good Indian food. They have dum biriyani as well.", "disagreeCount": 0, "logView": true, "createdAt": 1270808763, "likes": {"groups": [], "summary": "3 likes", "count": 3}, "todo": {"count": 0}, "agreeCount": 3, "canonicalUrl": "https://foursquare.com/item/4bbf00bb70c603bb053c97b4", "type": "user", "user": {"gender": "male", "id": "699346", "photo": {"prefix": "https://igx.4sqi.net/img/user/", "suffix": "/4UVFEFHA1BX345CB.jpg"}, "firstName": "Simon", "lastName": "Philip"}}]}, {"reasons": {"items": [{"reasonName": "globalInteractionReason", "summary": "This spot is popular", "type": "general"}], "count": 0}, "venue": {"hereNow": {"groups": [], "summary": "Nobody here", "count": 0}, "contact": {"facebook": "1422790767964165", "facebookUsername": "threebuns", "facebookName": "Three Buns", "formattedPhone": "+65 6327 1939", "twitter": "burgersandheads", "phone": "+6563271939"}, "photos": {"groups": [], "count": 0}, "rating": 7.2, "menu": {"mobileUrl": "http://www.threebuns.com/s/3BUNS_SG_TAKE-AWAY-MENU_MAY.pdf", "externalUrl": "http://www.threebuns.com/s/3BUNS_SG_TAKE-AWAY-MENU_MAY.pdf", "url": "http://www.threebuns.com/s/3BUNS_SG_TAKE-AWAY-MENU_MAY.pdf", "anchor": "View Menu", "label": "Menu", "type": "Menu"}, "name": "Three Buns", "ratingSignals": 43, "allowMenuUrlEdit": true, "categories": [{"pluralName": "Burger Joints", "id": "4bf58dd8d48988d16c941735", "primary": true, "icon": {"prefix": "https://ss3.4sqi.net/img/categories_v2/food/burger_", "suffix": ".png"}, "name": "Burger Joint", "shortName": "Burgers"}], "stats": {"checkinsCount": 320, "usersCount": 276, "tipCount": 17}, "id": "535d0a1b498e1b577907c869", "beenHere": {"lastCheckinExpiredAt": 0, "count": 0, "marked": false}, "url": "http://www.threebuns.com", "ratingColor": "C5DE35", "location": {"lng": 103.84168982505798, "formattedAddress": ["Lv 1&2, Potato Head Folks (36 Keong Saik Rd. (Teck Lim Rd.))", "089143", "Singapore"], "postalCode": "089143", "lat": 1.2804443609858032, "crossStreet": "36 Keong Saik Rd. (Teck Lim Rd.)", "country": "Singapore", "distance": 637, "city": "Singapore", "cc": "SG", "address": "Lv 1&2, Potato Head Folks", "labeledLatLngs": [{"lng": 103.84168982505798, "label": "display", "lat": 1.2804443609858032}]}, "hours": {"isLocalHoliday": false, "isOpen": false}, "verified": false, "price": {"tier": 1, "currency": "$", "message": "Cheap"}}, "referralId": "e-3-535d0a1b498e1b577907c869-207", "tips": [{"id": "549c356e498e3522a61b138b", "text": "Naughty Fries are the top 50 things to eat before you die in 2014 (according to I-S), and rightfully so.", "disagreeCount": 0, "logView": true, "createdAt": 1419523438, "likes": {"groups": [], "summary": "1 like", "count": 1}, "todo": {"count": 0}, "agreeCount": 2, "canonicalUrl": "https://foursquare.com/item/549c356e498e3522a61b138b", "type": "user", "user": {"gender": "male", "id": "318615", "photo": {"prefix": "https://igx.4sqi.net/img/user/", "suffix": "/PSQKEV3JMATZNESV.jpg"}, "firstName": "VotreX", "lastName": "Tan"}}]}, {"reasons": {"items": [{"reasonName": "globalInteractionReason", "summary": "This spot is popular", "type": "general"}], "count": 0}, "venue": {"hereNow": {"groups": [], "summary": "Nobody here", "count": 0}, "contact": {"facebook": "855634811224018", "twitter": "foodrebelsg", "facebookName": "Kitchen by Food Rebel", "phone": "+6562247088", "formattedPhone": "+65 6224 7088"}, "photos": {"groups": [], "count": 0}, "rating": 7.2, "menu": {"mobileUrl": "http://www.foodrebelsg.com/kitchen", "externalUrl": "http://www.foodrebelsg.com/kitchen", "url": "http://www.foodrebelsg.com/kitchen", "anchor": "View Menu", "label": "Menu", "type": "Menu"}, "name": "Kitchen by Food Rebel", "ratingSignals": 23, "allowMenuUrlEdit": true, "categories": [{"pluralName": "Vegetarian / Vegan Restaurants", "id": "4bf58dd8d48988d1d3941735", "primary": true, "icon": {"prefix": "https://ss3.4sqi.net/img/categories_v2/food/vegetarian_", "suffix": ".png"}, "name": "Vegetarian / Vegan Restaurant", "shortName": "Vegetarian / Vegan"}], "stats": {"checkinsCount": 109, "usersCount": 62, "tipCount": 5}, "id": "56c3fd78cd10cf13d559aab3", "beenHere": {"lastCheckinExpiredAt": 0, "count": 0, "marked": false}, "url": "http://www.foodrebelssg.com", "ratingColor": "C5DE35", "location": {"formattedAddress": ["28 Stanley Street, Telok Ayer, 068737", "068737", "Singapore"], "postalCode": "068737", "neighborhood": "Fina", "lat": 1.2810450257079975, "lng": 103.84903907775877, "country": "Singapore", "distance": 615, "city": "Singapore", "cc": "SG", "address": "28 Stanley Street, Telok Ayer, 068737", "labeledLatLngs": [{"lng": 103.84903907775877, "label": "display", "lat": 1.2810450257079975}]}, "hours": {"isLocalHoliday": false, "isOpen": false, "status": "Closed until 8:00 AM tomorrow"}, "verified": false, "price": {"tier": 2, "currency": "$", "message": "Moderate"}}, "referralId": "e-3-56c3fd78cd10cf13d559aab3-208", "tips": [{"id": "591ef582e185f31636ded522", "text": "Protein Bowls are nom nom, but pricey.", "disagreeCount": 0, "createdAt": 1495201154, "logView": true, "todo": {"count": 0}, "agreeCount": 0, "canonicalUrl": "https://foursquare.com/item/591ef582e185f31636ded522", "type": "user", "user": {"gender": "female", "id": "40179", "photo": {"prefix": "https://igx.4sqi.net/img/user/", "suffix": "/40179_1253702091181.jpg"}, "firstName": "Emily", "lastName": "Tabak"}}]}, {"reasons": {"items": [{"reasonName": "globalInteractionReason", "summary": "This spot is popular", "type": "general"}], "count": 0}, "venue": {"hereNow": {"groups": [], "summary": "Nobody here", "count": 0}, "contact": {}, "photos": {"groups": [], "count": 0}, "rating": 7.1, "name": "Tandoori Corner @ Boon Tat Street", "ratingSignals": 24, "allowMenuUrlEdit": true, "categories": [{"pluralName": "Indian Restaurants", "id": "4bf58dd8d48988d10f941735", "primary": true, "icon": {"prefix": "https://ss3.4sqi.net/img/categories_v2/food/indian_", "suffix": ".png"}, "name": "Indian Restaurant", "shortName": "Indian"}], "stats": {"checkinsCount": 306, "usersCount": 148, "tipCount": 6}, "id": "4f41d3b4e4b005b5362db142", "beenHere": {"lastCheckinExpiredAt": 0, "count": 0, "marked": false}, "ratingColor": "C5DE35", "location": {"formattedAddress": ["5 Boon Tat St", "Singapore"], "lat": 1.2815809354877243, "lng": 103.84772059073023, "country": "Singapore", "distance": 599, "city": "Singapore", "cc": "SG", "address": "5 Boon Tat St", "labeledLatLngs": [{"lng": 103.84772059073023, "label": "display", "lat": 1.2815809354877243}]}, "hours": {"isLocalHoliday": false, "isOpen": true, "status": "Likely open"}, "verified": false, "price": {"tier": 2, "currency": "$", "message": "Moderate"}}, "referralId": "e-3-4f41d3b4e4b005b5362db142-209", "tips": [{"logView": true, "photo": {"id": "56fad40e498e496737d62713", "visibility": "public", "source": {"name": "Foursquare for iOS", "url": "https://foursquare.com/download/#/iphone"}, "suffix": "/25017101_XsZJhf3fxupoM6YhCKf6x2Xj7IJHY_GmXQHfbI9rdaw.jpg", "createdAt": 1459278862, "prefix": "https://igx.4sqi.net/img/general/", "width": 1919, "height": 1355}, "createdAt": 1459278859, "agreeCount": 0, "id": "56fad40b498e7e5203b04008", "text": "Set lunch meal is value for money !! Love it :)", "type": "user", "disagreeCount": 0, "user": {"id": "25017101", "photo": {"prefix": "https://igx.4sqi.net/img/user/", "suffix": "/25017101-TOVCWONUNZQ5NCJD.jpg"}, "firstName": "yojirok111", "gender": "male"}, "canonicalUrl": "https://foursquare.com/item/56fad40b498e7e5203b04008", "todo": {"count": 0}, "photourl": "https://igx.4sqi.net/img/general/original/25017101_XsZJhf3fxupoM6YhCKf6x2Xj7IJHY_GmXQHfbI9rdaw.jpg"}]}, {"reasons": {"items": [{"reasonName": "globalInteractionReason", "summary": "This spot is popular", "type": "general"}], "count": 0}, "venue": {"venuePage": {"id": "72443931"}, "hereNow": {"groups": [], "summary": "Nobody here", "count": 0}, "contact": {"facebook": "451087588321260", "facebookUsername": "MooseheadKitchenBar", "facebookName": "Moosehead Kitchen - Bar", "phone": "+6566368055", "formattedPhone": "+65 6636 8055"}, "photos": {"groups": [], "count": 0}, "rating": 7.3, "name": "Moosehead Kitchen", "ratingSignals": 89, "allowMenuUrlEdit": true, "categories": [{"pluralName": "Mediterranean Restaurants", "id": "4bf58dd8d48988d1c0941735", "primary": true, "icon": {"prefix": "https://ss3.4sqi.net/img/categories_v2/food/mediterranean_", "suffix": ".png"}, "name": "Mediterranean Restaurant", "shortName": "Mediterranean"}], "stats": {"checkinsCount": 736, "usersCount": 444, "tipCount": 32}, "id": "51e92406498e64318bd8b45e", "beenHere": {"lastCheckinExpiredAt": 0, "count": 0, "marked": false}, "ratingColor": "C5DE35", "location": {"formattedAddress": ["110 Telok Ayer St", "068579", "Singapore"], "postalCode": "068579", "lat": 1.2822122954297004, "lng": 103.8483603495557, "country": "Singapore", "distance": 691, "city": "Singapore", "cc": "SG", "address": "110 Telok Ayer St", "labeledLatLngs": [{"lng": 103.8483603495557, "label": "display", "lat": 1.2822122954297004}]}, "hours": {"isLocalHoliday": false, "isOpen": true, "status": "Open until Midnight"}, "verified": true, "price": {"tier": 2, "currency": "$", "message": "Moderate"}}, "referralId": "e-3-51e92406498e64318bd8b45e-210", "tips": [{"logView": true, "photo": {"id": "528375f011d24bd1f5331216", "visibility": "public", "source": {"name": "Foursquare for iOS", "url": "https://foursquare.com/download/#/iphone"}, "suffix": "/11028871_TJS5KFYpt78-BI3wLaxlbb2w9kKsyfYYYPrt_CIU4oU.jpg", "createdAt": 1384347120, "prefix": "https://igx.4sqi.net/img/general/", "width": 960, "height": 720}, "createdAt": 1384347112, "todo": {"count": 1}, "agreeCount": 4, "likes": {"groups": [], "summary": "4 likes", "count": 4}, "id": "528375e811d26f7fddfc977c", "text": "Yummy chocolate tart:)", "disagreeCount": 0, "user": {"id": "11028871", "photo": {"prefix": "https://igx.4sqi.net/img/user/", "suffix": "/11028871-SBZSMXZ3CUCISAGM.jpg"}, "firstName": "Shelova", "gender": "female"}, "canonicalUrl": "https://foursquare.com/item/528375e811d26f7fddfc977c", "type": "user", "photourl": "https://igx.4sqi.net/img/general/original/11028871_TJS5KFYpt78-BI3wLaxlbb2w9kKsyfYYYPrt_CIU4oU.jpg"}]}, {"reasons": {"items": [{"reasonName": "globalInteractionReason", "summary": "This spot is popular", "type": "general"}], "count": 0}, "venue": {"hereNow": {"groups": [], "summary": "Nobody here", "count": 0}, "contact": {"phone": "+6565364565", "formattedPhone": "+65 6536 4565"}, "photos": {"groups": [], "count": 0}, "rating": 7.4, "name": "Makaan Mumbai", "ratingSignals": 12, "allowMenuUrlEdit": true, "categories": [{"pluralName": "Indian Restaurants", "id": "4bf58dd8d48988d10f941735", "primary": true, "icon": {"prefix": "https://ss3.4sqi.net/img/categories_v2/food/indian_", "suffix": ".png"}, "name": "Indian Restaurant", "shortName": "Indian"}], "stats": {"checkinsCount": 139, "usersCount": 88, "tipCount": 4}, "id": "4b7e6f6af964a520fdec2fe3", "beenHere": {"lastCheckinExpiredAt": 0, "count": 0, "marked": false}, "ratingColor": "C5DE35", "location": {"formattedAddress": ["#01-01, 84 Telok Ayer St.", "048468", "Singapore"], "postalCode": "048468", "lat": 1.2827404442922796, "lng": 103.84870004573158, "country": "Singapore", "distance": 760, "city": "Singapore", "cc": "SG", "address": "#01-01, 84 Telok Ayer St.", "labeledLatLngs": [{"lng": 103.84870004573158, "label": "display", "lat": 1.2827404442922796}]}, "verified": false, "price": {"tier": 2, "currency": "$", "message": "Moderate"}}, "referralId": "e-3-4b7e6f6af964a520fdec2fe3-211", "tips": [{"id": "58fc45134382ab10a7330d94", "text": "Hearts the beef vindaloo and aloo gobi.", "disagreeCount": 0, "createdAt": 1492927763, "logView": true, "todo": {"count": 0}, "agreeCount": 0, "canonicalUrl": "https://foursquare.com/item/58fc45134382ab10a7330d94", "type": "user", "user": {"gender": "male", "id": "318615", "photo": {"prefix": "https://igx.4sqi.net/img/user/", "suffix": "/PSQKEV3JMATZNESV.jpg"}, "firstName": "VotreX", "lastName": "Tan"}}]}, {"reasons": {"items": [{"reasonName": "globalInteractionReason", "summary": "This spot is popular", "type": "general"}], "count": 0}, "venue": {"hereNow": {"groups": [], "summary": "Nobody here", "count": 0}, "contact": {"twitter": "izysingapore", "phone": "+6562203327", "formattedPhone": "+65 6220 3327"}, "photos": {"groups": [], "count": 0}, "rating": 7.3, "name": "Izy Singapore", "ratingSignals": 42, "allowMenuUrlEdit": true, "categories": [{"pluralName": "Japanese Restaurants", "id": "4bf58dd8d48988d111941735", "primary": true, "icon": {"prefix": "https://ss3.4sqi.net/img/categories_v2/food/japanese_", "suffix": ".png"}, "name": "Japanese Restaurant", "shortName": "Japanese"}], "stats": {"checkinsCount": 321, "usersCount": 205, "tipCount": 20}, "id": "51d68b78011cfe1a0ea862e7", "beenHere": {"lastCheckinExpiredAt": 0, "count": 0, "marked": false}, "ratingColor": "C5DE35", "location": {"formattedAddress": ["27 Club Street", "069413", "Singapore"], "postalCode": "069413", "lat": 1.2829404331758076, "lng": 103.84638446696951, "country": "Singapore", "distance": 716, "city": "Singapore", "cc": "SG", "address": "27 Club Street", "labeledLatLngs": [{"lng": 103.84638446696951, "label": "display", "lat": 1.2829404331758076}]}, "hours": {"isLocalHoliday": false, "isOpen": true, "status": "Likely open"}, "verified": false, "price": {"tier": 2, "currency": "$", "message": "Moderate"}}, "referralId": "e-3-51d68b78011cfe1a0ea862e7-212", "tips": [{"id": "54a2ad8a498ea1645fe2a71e", "text": "party of 5 could not finish tomahawk wagyu. brought giant bone home for flintstones cosplay. bam bam! uni pasta = good but karaage and cold truffle potato = average.", "disagreeCount": 0, "logView": true, "createdAt": 1419947402, "likes": {"groups": [], "summary": "2 likes", "count": 2}, "todo": {"count": 0}, "agreeCount": 2, "canonicalUrl": "https://foursquare.com/item/54a2ad8a498ea1645fe2a71e", "type": "user", "user": {"id": "109307456", "photo": {"prefix": "https://igx.4sqi.net/img/user/", "suffix": "/109307456-3MAMI5FUMDIE0C2L.jpg"}, "firstName": "everythingsalty", "gender": "female"}}]}, {"reasons": {"items": [{"reasonName": "globalInteractionReason", "summary": "This spot is popular", "type": "general"}], "count": 0}, "venue": {"venuePage": {"id": "132725683"}, "contact": {"twitter": "curesingapore", "phone": "+6591814066", "formattedPhone": "+65 9181 4066"}, "photos": {"groups": [], "count": 0}, "rating": 7.1, "name": "Cure Restaurant", "ratingSignals": 25, "allowMenuUrlEdit": true, "categories": [{"pluralName": "Modern European Restaurants", "id": "52e81612bcbc57f1066b79f9", "primary": true, "icon": {"prefix": "https://ss3.4sqi.net/img/categories_v2/food/default_", "suffix": ".png"}, "name": "Modern European Restaurant", "shortName": "Modern European"}], "stats": {"checkinsCount": 104, "usersCount": 89, "tipCount": 8}, "id": "558f6bf9498ef8e4037fffa4", "beenHere": {"lastCheckinExpiredAt": 0, "count": 0, "marked": false}, "url": "http://www.curesingapore.com", "ratingColor": "C5DE35", "location": {"lng": 103.84157226573211, "formattedAddress": ["21 Keong Saik Rd (Jiak Chuan Rd)", "089128", "Singapore"], "postalCode": "089128", "lat": 1.2797321332182217, "crossStreet": "Jiak Chuan Rd", "country": "Singapore", "distance": 596, "city": "Singapore", "cc": "SG", "address": "21 Keong Saik Rd", "labeledLatLngs": [{"lng": 103.84157226573211, "label": "display", "lat": 1.2797321332182217}]}, "verified": true, "hereNow": {"groups": [], "summary": "Nobody here", "count": 0}}, "referralId": "e-3-558f6bf9498ef8e4037fffa4-213", "tips": [{"logView": true, "photo": {"id": "579629cf498e62c81b8bf65a", "visibility": "public", "source": {"name": "Foursquare for iOS", "url": "https://foursquare.com/download/#/iphone"}, "suffix": "/50362627_PDVr1g7SF56tYRJW5Ntsm1xE255NZTeWnRlnczGU1W4.jpg", "createdAt": 1469458895, "prefix": "https://igx.4sqi.net/img/general/", "width": 1440, "height": 1440}, "createdAt": 1469458891, "agreeCount": 0, "id": "579629cb498e86a4d1038a0e", "text": "\u20228/10 \u2022Hamachi ceviche \u202272HR short ribs \u2022Cure milk and Honey + Lavender", "type": "user", "disagreeCount": 0, "user": {"gender": "male", "id": "50362627", "photo": {"prefix": "https://igx.4sqi.net/img/user/", "suffix": "/50362627-TPU1GK5SZV5JH5XK.jpg"}, "firstName": "Ian", "lastName": "Lui"}, "canonicalUrl": "https://foursquare.com/item/579629cb498e86a4d1038a0e", "todo": {"count": 0}, "photourl": "https://igx.4sqi.net/img/general/original/50362627_PDVr1g7SF56tYRJW5Ntsm1xE255NZTeWnRlnczGU1W4.jpg"}]}, {"reasons": {"items": [{"reasonName": "globalInteractionReason", "summary": "This spot is popular", "type": "general"}], "count": 0}, "venue": {"hereNow": {"groups": [], "summary": "Nobody here", "count": 0}, "contact": {"phone": "+6562272470", "formattedPhone": "+65 6227 2470"}, "photos": {"groups": [], "count": 0}, "rating": 7.3, "name": "Lian He Ben Ji Clay Pot Rice \u8054\u5408\u672c\u8bb0\u7802\u9505\u996d", "ratingSignals": 29, "allowMenuUrlEdit": true, "categories": [{"pluralName": "Chinese Restaurants", "id": "4bf58dd8d48988d145941735", "primary": true, "icon": {"prefix": "https://ss3.4sqi.net/img/categories_v2/food/asian_", "suffix": ".png"}, "name": "Chinese Restaurant", "shortName": "Chinese"}], "stats": {"checkinsCount": 1089, "usersCount": 692, "tipCount": 13}, "id": "4c82499ed4e23704ce8f6588", "beenHere": {"lastCheckinExpiredAt": 0, "count": 0, "marked": false}, "ratingColor": "C5DE35", "location": {"lng": 103.84249506287142, "formattedAddress": ["#02-197/198/199 Chinatown Complex Food Centre (335 Smith Street)", "050335", "Singapore"], "postalCode": "050335", "lat": 1.2822675754064343, "crossStreet": "335 Smith Street", "country": "Singapore", "distance": 741, "city": "Singapore", "cc": "SG", "address": "#02-197/198/199 Chinatown Complex Food Centre", "labeledLatLngs": [{"lng": 103.84249506287142, "label": "display", "lat": 1.2822675754064343}]}, "hours": {"isLocalHoliday": false, "isOpen": true, "status": "Likely open"}, "verified": false, "price": {"tier": 1, "currency": "$", "message": "Cheap"}}, "referralId": "e-3-4c82499ed4e23704ce8f6588-214", "tips": [{"id": "4d07545ca26854811d15c6bd", "text": "\u597d\u5403 . \u8981\u7b49\u534a\u4e2a\u5c0f\u65f6\u5230\u56db\u5341\u4e94\u5206\u949f - ( \u8054\u5408\u672c\u8bb0\u7172\u996d )  - #02 - 199 - \u6211\u7ed9\u597990% - \ue00e\ue00e\ue00e", "disagreeCount": 0, "logView": true, "createdAt": 1292325980, "likes": {"groups": [], "summary": "3 likes", "count": 3}, "todo": {"count": 1}, "agreeCount": 3, "canonicalUrl": "https://foursquare.com/item/4d07545ca26854811d15c6bd", "type": "user", "user": {"gender": "male", "id": "4533127", "photo": {"prefix": "https://igx.4sqi.net/img/user/", "suffix": "/HIBPRQ4KE42TME0Q.jpg"}, "firstName": "\uc564\ub514 Goh", "lastName": "\u54e5"}}]}, {"reasons": {"items": [{"reasonName": "globalInteractionReason", "summary": "This spot is popular", "type": "general"}], "count": 0}, "venue": {"hereNow": {"groups": [], "summary": "Nobody here", "count": 0}, "contact": {"phone": "+6568449969", "formattedPhone": "+65 6844 9969"}, "photos": {"groups": [], "count": 0}, "rating": 7.0, "name": "Tao Seafood Asia", "ratingSignals": 8, "allowMenuUrlEdit": true, "categories": [{"pluralName": "Chinese Restaurants", "id": "4bf58dd8d48988d145941735", "primary": true, "icon": {"prefix": "https://ss3.4sqi.net/img/categories_v2/food/asian_", "suffix": ".png"}, "name": "Chinese Restaurant", "shortName": "Chinese"}], "stats": {"checkinsCount": 151, "usersCount": 109, "tipCount": 5}, "id": "52c16fb3498e747963cf6a57", "beenHere": {"lastCheckinExpiredAt": 0, "count": 0, "marked": false}, "ratingColor": "C5DE35", "location": {"formattedAddress": ["12 Marina View, Asia Square Tower 2, #02-10", "018961", "Singapore"], "postalCode": "018961", "lat": 1.2784279569992258, "lng": 103.85087412136404, "country": "Singapore", "distance": 596, "city": "Singapore", "cc": "SG", "address": "12 Marina View, Asia Square Tower 2, #02-10", "labeledLatLngs": [{"lng": 103.85087412136404, "label": "display", "lat": 1.2784279569992258}]}, "hours": {"isLocalHoliday": false, "isOpen": true, "status": "Open until 10:00 PM"}, "verified": false, "price": {"tier": 1, "currency": "$", "message": "Cheap"}}, "referralId": "e-3-52c16fb3498e747963cf6a57-215", "tips": [{"logView": true, "photo": {"id": "56094e08498e95f18614fd4c", "visibility": "public", "source": {"name": "Foursquare Web", "url": "https://foursquare.com"}, "suffix": "/114503071_2E5aPXCfFOw3VS9vOsoPcsOZN72Iq-6pcfeeq3KYe20.jpg", "createdAt": 1443450376, "prefix": "https://igx.4sqi.net/img/general/", "width": 336, "height": 298}, "createdAt": 1443449594, "todo": {"count": 1}, "agreeCount": 5, "likes": {"groups": [], "summary": "5 likes", "count": 5}, "id": "56094afa498e13266a9e0779", "text": "\u0417\u0434\u0435\u0441\u044c \u043c\u043e\u0436\u043d\u043e \u043f\u043e\u043f\u0440\u043e\u0431\u043e\u0432\u0430\u0442\u044c \u0430\u043a\u0443\u043b\u044c\u0438 \u043f\u043b\u0430\u0432\u043d\u0438\u043a\u0438, \u043c\u043e\u0440\u0441\u043a\u0438\u0435 \u0443\u0448\u043a\u0438 \u0438 \u0432\u043e\u0437\u0434\u0443\u0448\u043d\u044b\u0435 \u0440\u044b\u0431\u044c\u0438 \u043f\u0443\u0437\u044b\u0440\u0438. \u0422\u0430\u043a \u0436\u0435 \u0442\u0430\u043c \u0433\u043e\u0442\u043e\u0432\u044f\u0442 \u043e\u0442\u043c\u0435\u043d\u043d\u044b\u0439 \u0436\u0430\u0440\u0435\u043d\u043d\u044b\u0439 \u0440\u0438\u0441, \u0445\u043e\u0440\u043e\u0448\u0435\u0433\u043e \u043a\u0440\u0430\u0431\u0430, \u0438 \u0432\u043a\u0443\u0441\u043d\u044b\u0435 \u043a\u0440\u0435\u0432\u0435\u0442\u043a\u0438 \u043f\u043e \u0443\u043c\u0435\u0440\u0435\u043d\u043d\u044b\u043c \u0434\u043b\u044f \u0421\u0438\u043d\u0433\u0430\u043f\u0443\u0440\u0430 \u0446\u0435\u043d\u0430\u043c.", "disagreeCount": 0, "url": "http://www.moscow-restaurants.ru/restaurants/tao_seafood_asia.html", "user": {"id": "114503071", "photo": {"prefix": "https://igx.4sqi.net/img/user/", "suffix": "/114503071-NUBIDW5E0POIZT4I.jpg"}, "firstName": "\u041c\u0438\u0445\u0430\u0438\u043b \u041a\u043e\u0441\u0442\u0438\u043d", "type": "page", "gender": "none"}, "canonicalUrl": "https://foursquare.com/item/56094afa498e13266a9e0779", "type": "user", "photourl": "https://igx.4sqi.net/img/general/original/114503071_2E5aPXCfFOw3VS9vOsoPcsOZN72Iq-6pcfeeq3KYe20.jpg"}]}, {"reasons": {"items": [{"reasonName": "globalInteractionReason", "summary": "This spot is popular", "type": "general"}], "count": 0}, "venue": {"hereNow": {"groups": [], "summary": "Nobody here", "count": 0}, "contact": {}, "photos": {"groups": [], "count": 0}, "rating": 7.1, "name": "Astons Express", "ratingSignals": 10, "allowMenuUrlEdit": true, "categories": [{"pluralName": "American Restaurants", "id": "4bf58dd8d48988d14e941735", "primary": true, "icon": {"prefix": "https://ss3.4sqi.net/img/categories_v2/food/default_", "suffix": ".png"}, "name": "American Restaurant", "shortName": "American"}], "stats": {"checkinsCount": 446, "usersCount": 209, "tipCount": 3}, "id": "4e9faa1d61af1289b7cab942", "beenHere": {"lastCheckinExpiredAt": 0, "count": 0, "marked": false}, "ratingColor": "C5DE35", "location": {"lng": 103.85137235192761, "formattedAddress": ["#02-15 Asia Square Tower 1 Food Garden (8 Marina View)", "018960", "Singapore"], "postalCode": "018960", "lat": 1.2787697669800326, "crossStreet": "8 Marina View", "country": "Singapore", "distance": 662, "city": "Singapore", "cc": "SG", "address": "#02-15 Asia Square Tower 1 Food Garden", "labeledLatLngs": [{"lng": 103.85137235192761, "label": "display", "lat": 1.2787697669800326}]}, "hours": {"isLocalHoliday": false, "isOpen": true, "status": "Likely open"}, "verified": false, "price": {"tier": 2, "currency": "$", "message": "Moderate"}}, "referralId": "e-3-4e9faa1d61af1289b7cab942-216", "tips": [{"id": "50349297e4b098e3f97c7fd6", "text": "Mashed potatoes are ok but the sauce on it is not so good", "disagreeCount": 0, "createdAt": 1345622679, "logView": true, "todo": {"count": 0}, "agreeCount": 0, "canonicalUrl": "https://foursquare.com/item/50349297e4b098e3f97c7fd6", "type": "user", "user": {"gender": "male", "id": "32142958", "photo": {"prefix": "https://igx.4sqi.net/img/user/", "suffix": "/SI1EJ2JHKWQVVRFF.jpg"}, "firstName": "Thierry", "lastName": "Moreau"}}]}, {"reasons": {"items": [{"reasonName": "globalInteractionReason", "summary": "This spot is popular", "type": "general"}], "count": 0}, "venue": {"hereNow": {"groups": [], "summary": "Nobody here", "count": 0}, "contact": {"facebook": "1395491127355394", "facebookUsername": "63Celsius", "facebookName": "63Celsius", "phone": "+6561006363", "formattedPhone": "+65 6100 6363"}, "photos": {"groups": [], "count": 0}, "rating": 7.1, "menu": {"mobileUrl": "http://63celsius.com/menu", "externalUrl": "http://63celsius.com/menu", "url": "http://63celsius.com/menu", "anchor": "View Menu", "label": "Menu", "type": "Menu"}, "name": "63 Celsius", "ratingSignals": 41, "allowMenuUrlEdit": true, "categories": [{"pluralName": "Gastropubs", "id": "4bf58dd8d48988d155941735", "primary": true, "icon": {"prefix": "https://ss3.4sqi.net/img/categories_v2/food/gastropub_", "suffix": ".png"}, "name": "Gastropub", "shortName": "Gastropub"}], "stats": {"checkinsCount": 623, "usersCount": 261, "tipCount": 10}, "id": "52a0159f11d2b5f429addd63", "beenHere": {"lastCheckinExpiredAt": 0, "count": 0, "marked": false}, "url": "http://63celsius.com", "ratingColor": "C5DE35", "location": {"lng": 103.85158183577803, "formattedAddress": ["#01-03, Asia Square Tower 2 (12 Marina View)", "018961", "Singapore"], "postalCode": "018961", "lat": 1.2784170136447572, "crossStreet": "12 Marina View", "country": "Singapore", "distance": 670, "city": "Singapore", "cc": "SG", "address": "#01-03, Asia Square Tower 2", "labeledLatLngs": [{"lng": 103.85158183577803, "label": "display", "lat": 1.2784170136447572}]}, "hours": {"isLocalHoliday": false, "isOpen": true, "status": "Open until 11:00 PM"}, "verified": false, "price": {"tier": 3, "currency": "$", "message": "Expensive"}}, "referralId": "e-3-52a0159f11d2b5f429addd63-217", "tips": [{"id": "55ddc358498e1ae11536a191", "text": "Get their 1-for-1 happy hour for best deal in the AST area - strictly ends at 6pm", "disagreeCount": 0, "logView": true, "createdAt": 1440596824, "likes": {"groups": [], "summary": "1 like", "count": 1}, "todo": {"count": 0}, "agreeCount": 1, "canonicalUrl": "https://foursquare.com/item/55ddc358498e1ae11536a191", "type": "user", "user": {"gender": "female", "id": "78067164", "photo": {"prefix": "https://igx.4sqi.net/img/user/", "suffix": "/78067164-IMWDH0V31H3V0N2N.jpg"}, "firstName": "Mag", "lastName": "TY"}}]}, {"reasons": {"items": [{"reasonName": "globalInteractionReason", "summary": "This spot is popular", "type": "general"}], "count": 0}, "venue": {"hereNow": {"groups": [], "summary": "Nobody here", "count": 0}, "contact": {"phone": "+6562475757", "formattedPhone": "+65 6247 5757"}, "photos": {"groups": [], "count": 0}, "rating": 7.2, "name": "Extra Virgin Pizza", "ratingSignals": 37, "allowMenuUrlEdit": true, "categories": [{"pluralName": "Pizza Places", "id": "4bf58dd8d48988d1ca941735", "primary": true, "icon": {"prefix": "https://ss3.4sqi.net/img/categories_v2/food/pizza_", "suffix": ".png"}, "name": "Pizza Place", "shortName": "Pizza"}], "stats": {"checkinsCount": 856, "usersCount": 471, "tipCount": 16}, "id": "4ecb2e5af5b90c1c330bc7ea", "beenHere": {"lastCheckinExpiredAt": 0, "count": 0, "marked": false}, "url": "http://www.extravirginpizza.com", "ratingColor": "C5DE35", "location": {"lng": 103.85179698169019, "formattedAddress": ["#01-04, Asia Square Tower 1 (8 Marina View)", "018960", "Singapore"], "postalCode": "018960", "lat": 1.2786668887726615, "crossStreet": "8 Marina View", "country": "Singapore", "distance": 702, "city": "Singapore", "cc": "SG", "address": "#01-04, Asia Square Tower 1", "labeledLatLngs": [{"lng": 103.85179698169019, "label": "display", "lat": 1.2786668887726615}]}, "hours": {"isLocalHoliday": false, "isOpen": true, "status": "Likely open"}, "verified": false, "price": {"tier": 1, "currency": "$", "message": "Cheap"}}, "referralId": "e-3-4ecb2e5af5b90c1c330bc7ea-218", "tips": [{"id": "4f41279fe4b0e5bc1319c34d", "text": "Try the spicy pepperoni pizza!", "disagreeCount": 0, "logView": true, "createdAt": 1329670047, "likes": {"groups": [], "summary": "1 like", "count": 1}, "todo": {"count": 1}, "agreeCount": 1, "canonicalUrl": "https://foursquare.com/item/4f41279fe4b0e5bc1319c34d", "type": "user", "user": {"gender": "male", "id": "713438", "photo": {"prefix": "https://igx.4sqi.net/img/user/", "suffix": "/O3RQPELRZN0N25GO.jpg"}, "firstName": "Adam", "lastName": "Click"}}]}, {"reasons": {"items": [{"reasonName": "globalInteractionReason", "summary": "This spot is popular", "type": "general"}], "count": 0}, "venue": {"hereNow": {"groups": [], "summary": "Nobody here", "count": 0}, "contact": {}, "photos": {"groups": [], "count": 0}, "rating": 7.1, "name": "Satay St.", "ratingSignals": 8, "allowMenuUrlEdit": true, "categories": [{"pluralName": "Asian Restaurants", "id": "4bf58dd8d48988d142941735", "primary": true, "icon": {"prefix": "https://ss3.4sqi.net/img/categories_v2/food/asian_", "suffix": ".png"}, "name": "Asian Restaurant", "shortName": "Asian"}], "stats": {"checkinsCount": 98, "usersCount": 73, "tipCount": 2}, "id": "52c54d0411d2a3d73dae49f6", "beenHere": {"lastCheckinExpiredAt": 0, "count": 0, "marked": false}, "ratingColor": "C5DE35", "location": {"formattedAddress": ["Singapore"], "lat": 1.2803435952278368, "lng": 103.85043250943664, "distance": 662, "country": "Singapore", "cc": "SG", "labeledLatLngs": [{"lng": 103.85043250943664, "label": "display", "lat": 1.2803435952278368}]}, "verified": false, "price": {"tier": 2, "currency": "$", "message": "Moderate"}}, "referralId": "e-3-52c54d0411d2a3d73dae49f6-219", "tips": [{"id": "5496641f498ec012602cbb71", "text": "I like Best Satay (stall no.3?)", "disagreeCount": 0, "logView": true, "createdAt": 1419142175, "likes": {"groups": [], "summary": "1 like", "count": 1}, "todo": {"count": 0}, "agreeCount": 1, "canonicalUrl": "https://foursquare.com/item/5496641f498ec012602cbb71", "type": "user", "user": {"gender": "female", "id": "261779", "photo": {"prefix": "https://igx.4sqi.net/img/user/", "suffix": "/261779_42P9RXDn_kszHnn2769y0o3BJDWkaM5ougBte7Jc0lg8xk7IQoAlC5YVB4m0kVhjySgJKHtiZ.jpg"}, "firstName": "Si\u00e2n", "lastName": "Ng"}}]}, {"reasons": {"items": [{"reasonName": "globalInteractionReason", "summary": "This spot is popular", "type": "general"}], "count": 0}, "venue": {"hereNow": {"groups": [], "summary": "Nobody here", "count": 0}, "contact": {"phone": "+6568771123", "formattedPhone": "+65 6877 1123"}, "photos": {"groups": [], "count": 0}, "rating": 7.3, "name": "TungLok Teahouse \u540c\u4e50\u5c0f\u805a", "ratingSignals": 40, "allowMenuUrlEdit": true, "categories": [{"pluralName": "Chinese Restaurants", "id": "4bf58dd8d48988d145941735", "primary": true, "icon": {"prefix": "https://ss3.4sqi.net/img/categories_v2/food/asian_", "suffix": ".png"}, "name": "Chinese Restaurant", "shortName": "Chinese"}], "stats": {"checkinsCount": 503, "usersCount": 374, "tipCount": 9}, "id": "5227174011d2027d727f826a", "beenHere": {"lastCheckinExpiredAt": 0, "count": 0, "marked": false}, "ratingColor": "C5DE35", "location": {"formattedAddress": ["9-13 Amoy Street #01-01 Far East Square", "049949", "Singapore"], "postalCode": "049949", "lat": 1.2831303581275708, "lng": 103.84849622792416, "distance": 791, "country": "Singapore", "cc": "SG", "address": "9-13 Amoy Street #01-01 Far East Square", "labeledLatLngs": [{"lng": 103.84849622792416, "label": "display", "lat": 1.2831303581275708}]}, "hours": {"isLocalHoliday": false, "isOpen": true, "status": "Likely open"}, "verified": false, "price": {"tier": 1, "currency": "$", "message": "Cheap"}}, "referralId": "e-3-5227174011d2027d727f826a-220", "tips": [{"id": "526d1d43498e6c4f72039eb1", "text": "Love the ambience and deco of the restaurant. The food is marvelous too. Shall go back again and again and again. Cheers.", "disagreeCount": 0, "logView": true, "createdAt": 1382882627, "likes": {"groups": [], "summary": "1 like", "count": 1}, "todo": {"count": 0}, "agreeCount": 1, "canonicalUrl": "https://foursquare.com/item/526d1d43498e6c4f72039eb1", "type": "user", "user": {"gender": "male", "id": "1733499", "photo": {"prefix": "https://igx.4sqi.net/img/user/", "suffix": "/3D0XOP4WEOIJWKK3.jpg"}, "firstName": "Bary", "lastName": "John Morier"}}]}, {"reasons": {"items": [{"reasonName": "globalInteractionReason", "summary": "This spot is popular", "type": "general"}], "count": 0}, "venue": {"venuePage": {"id": "161637391"}, "hereNow": {"groups": [], "summary": "Nobody here", "count": 0}, "contact": {"facebook": "459065934118209", "facebookUsername": "TheReadingRoom.com.sg", "facebookName": "The Reading Room", "phone": "+6562209019", "formattedPhone": "+65 6220 9019"}, "photos": {"groups": [], "count": 0}, "rating": 7.0, "name": "The Reading Room", "ratingSignals": 86, "allowMenuUrlEdit": true, "categories": [{"pluralName": "Caf\u00e9s", "id": "4bf58dd8d48988d16d941735", "primary": true, "icon": {"prefix": "https://ss3.4sqi.net/img/categories_v2/food/cafe_", "suffix": ".png"}, "name": "Caf\u00e9", "shortName": "Caf\u00e9"}], "stats": {"checkinsCount": 1018, "usersCount": 727, "tipCount": 26}, "id": "50227ecce4b00d04baba0544", "beenHere": {"lastCheckinExpiredAt": 0, "count": 0, "marked": false}, "url": "http://www.thereadingroom.com.sg", "ratingColor": "C5DE35", "location": {"formattedAddress": ["19 Bukit Pasoh Rd", "089833", "Singapore"], "postalCode": "089833", "lat": 1.2791202119988945, "lng": 103.84068910379216, "country": "Singapore", "distance": 644, "city": "Singapore", "cc": "SG", "address": "19 Bukit Pasoh Rd", "labeledLatLngs": [{"lng": 103.84068910379216, "label": "display", "lat": 1.2791202119988945}]}, "hours": {"isLocalHoliday": false, "isOpen": true, "status": "Open until 11:30 PM"}, "verified": true, "price": {"tier": 1, "currency": "$", "message": "Cheap"}}, "referralId": "e-3-50227ecce4b00d04baba0544-221", "tips": [{"id": "53bf9939498e46d1b3453147", "text": "I would recommend this place for a relaxing escape and chill out with books, laptop or a friend. \ud83d\udc4d", "disagreeCount": 0, "logView": true, "createdAt": 1405065529, "likes": {"groups": [], "summary": "2 likes", "count": 2}, "todo": {"count": 0}, "agreeCount": 2, "canonicalUrl": "https://foursquare.com/item/53bf9939498e46d1b3453147", "type": "user", "user": {"gender": "female", "id": "25657502", "photo": {"prefix": "https://igx.4sqi.net/img/user/", "suffix": "/25657502-FSQD53ETMZFTJAJO.jpg"}, "firstName": "Catherine", "lastName": "Tan"}}]}, {"reasons": {"items": [{"reasonName": "globalInteractionReason", "summary": "This spot is popular", "type": "general"}], "count": 0}, "venue": {"hereNow": {"groups": [], "summary": "Nobody here", "count": 0}, "contact": {"phone": "+6562211911", "formattedPhone": "+65 6221 1911"}, "photos": {"groups": [], "count": 0}, "rating": 6.9, "name": "Cheek By Jowl", "ratingSignals": 21, "allowMenuUrlEdit": true, "categories": [{"pluralName": "Australian Restaurants", "id": "4bf58dd8d48988d169941735", "primary": true, "icon": {"prefix": "https://ss3.4sqi.net/img/categories_v2/food/australian_", "suffix": ".png"}, "name": "Australian Restaurant", "shortName": "Australian"}], "stats": {"checkinsCount": 131, "usersCount": 103, "tipCount": 9}, "id": "56c5ad91cd10c0576881c9f7", "beenHere": {"lastCheckinExpiredAt": 0, "count": 0, "marked": false}, "ratingColor": "FFC800", "location": {"formattedAddress": ["21 Boon Tat Street", "069620", "Singapore"], "postalCode": "069620", "lat": 1.2812155497907205, "lng": 103.84848490472159, "country": "Singapore", "distance": 598, "city": "Singapore", "cc": "SG", "address": "21 Boon Tat Street", "labeledLatLngs": [{"lng": 103.84848490472159, "label": "display", "lat": 1.2812155497907205}]}, "hours": {"isLocalHoliday": false, "isOpen": true, "status": "Open until 10:30 PM"}, "verified": false, "price": {"tier": 2, "currency": "$", "message": "Moderate"}}, "referralId": "e-3-56c5ad91cd10c0576881c9f7-222", "tips": [{"logView": true, "photo": {"id": "587a07aba19e90680c7a97c4", "visibility": "public", "source": {"name": "Foursquare for iOS", "url": "https://foursquare.com/download/#/iphone"}, "suffix": "/194818_Ez59NUWAZ317XaCy7nN-ljMmfE7q26fhEz6UA6Gdf2w.jpg", "createdAt": 1484392363, "prefix": "https://igx.4sqi.net/img/general/", "width": 1440, "height": 1920}, "createdAt": 1484392361, "agreeCount": 0, "id": "587a07a9b792070a519b37ae", "text": "Amazing value on the tasting menu, clever usage of ingredients, intimate ambience, knowledgeable staff.", "type": "user", "disagreeCount": 0, "user": {"gender": "female", "id": "194818", "photo": {"prefix": "https://igx.4sqi.net/img/user/", "suffix": "/194818-LPREZBDOHMWVZVRG.jpg"}, "firstName": "Amy", "lastName": "Pak"}, "canonicalUrl": "https://foursquare.com/item/587a07a9b792070a519b37ae", "todo": {"count": 1}, "photourl": "https://igx.4sqi.net/img/general/original/194818_Ez59NUWAZ317XaCy7nN-ljMmfE7q26fhEz6UA6Gdf2w.jpg"}]}, {"reasons": {"items": [{"reasonName": "globalInteractionReason", "summary": "This spot is popular", "type": "general"}], "count": 0}, "venue": {"hereNow": {"groups": [], "summary": "Nobody here", "count": 0}, "contact": {}, "photos": {"groups": [], "count": 0}, "rating": 7.0, "name": "Jia Ji Mei Shi", "ratingSignals": 8, "allowMenuUrlEdit": true, "categories": [{"pluralName": "Chinese Restaurants", "id": "4bf58dd8d48988d145941735", "primary": true, "icon": {"prefix": "https://ss3.4sqi.net/img/categories_v2/food/asian_", "suffix": ".png"}, "name": "Chinese Restaurant", "shortName": "Chinese"}], "stats": {"checkinsCount": 140, "usersCount": 64, "tipCount": 6}, "id": "4d479c634c9ef04dd4586215", "beenHere": {"lastCheckinExpiredAt": 0, "count": 0, "marked": false}, "ratingColor": "C5DE35", "location": {"lng": 103.84351372718811, "formattedAddress": ["#02-166 Chinatown Complex Market (Blk 335 Smith St)", "Singapore"], "lat": 1.2822678070287072, "crossStreet": "Blk 335 Smith St", "country": "Singapore", "distance": 691, "city": "Singapore", "cc": "SG", "address": "#02-166 Chinatown Complex Market", "labeledLatLngs": [{"lng": 103.84351372718811, "label": "display", "lat": 1.2822678070287072}]}, "verified": false, "price": {"tier": 1, "currency": "$", "message": "Cheap"}}, "referralId": "e-3-4d479c634c9ef04dd4586215-223", "tips": [{"id": "5791e87b498ecfe103659738", "text": "Just order anything.", "disagreeCount": 0, "createdAt": 1469180027, "logView": true, "todo": {"count": 0}, "agreeCount": 0, "canonicalUrl": "https://foursquare.com/item/5791e87b498ecfe103659738", "type": "user", "user": {"gender": "male", "id": "70619391", "photo": {"prefix": "https://igx.4sqi.net/img/user/", "suffix": "/70619391-4AQNFF4N32JLWJYM.jpg"}, "firstName": "Hong Lim", "lastName": "Park"}}]}, {"reasons": {"items": [{"reasonName": "globalInteractionReason", "summary": "This spot is popular", "type": "general"}], "count": 0}, "venue": {"hereNow": {"groups": [], "summary": "Nobody here", "count": 0}, "contact": {}, "photos": {"groups": [], "count": 0}, "rating": 7.1, "name": "Dimbulah", "ratingSignals": 12, "allowMenuUrlEdit": true, "categories": [{"pluralName": "Caf\u00e9s", "id": "4bf58dd8d48988d16d941735", "primary": true, "icon": {"prefix": "https://ss3.4sqi.net/img/categories_v2/food/cafe_", "suffix": ".png"}, "name": "Caf\u00e9", "shortName": "Caf\u00e9"}], "stats": {"checkinsCount": 218, "usersCount": 75, "tipCount": 3}, "id": "565beea3498e983dd13dea64", "beenHere": {"lastCheckinExpiredAt": 0, "count": 0, "marked": false}, "ratingColor": "C5DE35", "location": {"formattedAddress": ["One Raffles Quay", "Singapore"], "lat": 1.2807980373013725, "lng": 103.85125911754825, "country": "Singapore", "distance": 766, "city": "Singapore", "cc": "SG", "address": "One Raffles Quay", "labeledLatLngs": [{"lng": 103.85125911754825, "label": "display", "lat": 1.2807980373013725}]}, "verified": false, "price": {"tier": 1, "currency": "$", "message": "Cheap"}}, "referralId": "e-3-565beea3498e983dd13dea64-224", "tips": [{"id": "5922f53b18d43b1bee80e849", "text": "Great coffee at an affordable price.", "disagreeCount": 0, "createdAt": 1495463227, "logView": true, "todo": {"count": 0}, "agreeCount": 0, "canonicalUrl": "https://foursquare.com/item/5922f53b18d43b1bee80e849", "type": "user", "user": {"gender": "male", "id": "43590376", "photo": {"prefix": "https://igx.4sqi.net/img/user/", "suffix": "/43590376_qHuTJDDM_B-AgC3DPdb0b7JmTis0qGWjtdLQH4NT5lN09sRZs770vprSKLJaxJ1MqI3e2efBA.jpg"}, "firstName": "Lionel", "lastName": "Lim"}}]}, {"reasons": {"items": [{"reasonName": "globalInteractionReason", "summary": "This spot is popular", "type": "general"}], "count": 0}, "venue": {"hereNow": {"groups": [], "summary": "Nobody here", "count": 0}, "contact": {}, "photos": {"groups": [], "count": 0}, "rating": 7.1, "name": "samurice", "ratingSignals": 9, "allowMenuUrlEdit": true, "categories": [{"pluralName": "Japanese Restaurants", "id": "4bf58dd8d48988d111941735", "primary": true, "icon": {"prefix": "https://ss3.4sqi.net/img/categories_v2/food/japanese_", "suffix": ".png"}, "name": "Japanese Restaurant", "shortName": "Japanese"}], "stats": {"checkinsCount": 97, "usersCount": 38, "tipCount": 4}, "id": "53bde139498edde4836e4fdc", "beenHere": {"lastCheckinExpiredAt": 0, "count": 0, "marked": false}, "ratingColor": "C5DE35", "location": {"lat": 1.2827625405254095, "distance": 776, "country": "Singapore", "cc": "SG", "crossStreet": "51 Telok Ayer St", "formattedAddress": ["China Square Foodcourt (51 Telok Ayer St)", "048441", "Singapore"], "neighborhood": "Financial District", "city": "Singapore", "lng": 103.84897180328369, "labeledLatLngs": [{"lng": 103.84897180328369, "label": "display", "lat": 1.2827625405254095}], "address": "China Square Foodcourt", "postalCode": "048441"}, "hours": {"isLocalHoliday": false, "isOpen": false, "status": "Closed until 7:30 AM tomorrow"}, "verified": false, "price": {"tier": 2, "currency": "$", "message": "Moderate"}}, "referralId": "e-3-53bde139498edde4836e4fdc-225", "tips": [{"id": "589c7c4df9edc5111873b78f", "text": "Brown rice onigiri anyday. Favorites include prawn paste chicken karaage and miso mackerel \ud83c\udf58\ud83c\udf59\ud83c\udf64\ud83d\udc1f", "disagreeCount": 0, "createdAt": 1486650445, "logView": true, "todo": {"count": 0}, "agreeCount": 0, "canonicalUrl": "https://foursquare.com/item/589c7c4df9edc5111873b78f", "type": "user", "user": {"id": "727343", "photo": {"prefix": "https://igx.4sqi.net/img/user/", "suffix": "/EVWQFM3AHWJSPXNO.jpg"}, "firstName": "Edd", "gender": "male"}}]}, {"reasons": {"items": [{"reasonName": "globalInteractionReason", "summary": "This spot is popular", "type": "general"}], "count": 0}, "venue": {"hereNow": {"groups": [], "summary": "Nobody here", "count": 0}, "contact": {"twitter": "grandmandarina", "phone": "+6562223355", "formattedPhone": "+65 6222 3355"}, "photos": {"groups": [], "count": 0}, "rating": 7.1, "menu": {"mobileUrl": "http://www.grandmandarina.com.sg/menu", "externalUrl": "http://www.grandmandarina.com.sg/menu", "url": "http://www.grandmandarina.com.sg/menu", "anchor": "View Menu", "label": "Menu", "type": "Menu"}, "name": "Grand Mandarina Restaurant", "ratingSignals": 16, "allowMenuUrlEdit": true, "categories": [{"pluralName": "Chinese Restaurants", "id": "4bf58dd8d48988d145941735", "primary": true, "icon": {"prefix": "https://ss3.4sqi.net/img/categories_v2/food/asian_", "suffix": ".png"}, "name": "Chinese Restaurant", "shortName": "Chinese"}], "stats": {"checkinsCount": 143, "usersCount": 115, "tipCount": 8}, "id": "5321031e498e74bfb75942db", "beenHere": {"lastCheckinExpiredAt": 0, "count": 0, "marked": false}, "url": "http://www.grandmandarina.com.sg", "ratingColor": "C5DE35", "location": {"lng": 103.84066645868975, "formattedAddress": ["#01/02-00 Thye Shan Mansion (325 New Bridge Rd)", "088760", "Singapore"], "postalCode": "088760", "lat": 1.2809618149427096, "crossStreet": "325 New Bridge Rd", "country": "Singapore", "distance": 760, "city": "Singapore", "cc": "SG", "address": "#01/02-00 Thye Shan Mansion", "labeledLatLngs": [{"lng": 103.84066645868975, "label": "display", "lat": 1.2809618149427096}]}, "hours": {"isLocalHoliday": false, "isOpen": true, "status": "Open until 10:00 PM"}, "verified": false, "price": {"tier": 1, "currency": "$", "message": "Cheap"}}, "referralId": "e-3-5321031e498e74bfb75942db-226", "tips": [{"logView": true, "photo": {"id": "53aea3e9498edad4dab6f43b", "visibility": "public", "source": {"name": "Foursquare for BlackBerry 10", "url": "https://foursquare.com/download/#/blackberry"}, "suffix": "/2308074_MxH49XtWBvF0xct-bP51edhsFJhfazontuyRBFHihHU.jpg", "createdAt": 1403954153, "prefix": "https://igx.4sqi.net/img/general/", "width": 640, "height": 640}, "createdAt": 1403954148, "todo": {"count": 0}, "agreeCount": 1, "likes": {"groups": [], "summary": "1 like", "count": 1}, "id": "53aea3e4498ee271dc49833b", "text": "Double boiled sea cucumber in mushroom based clear soup. Teeth won't be necessary for the sea cucumber, it's uber tender like jelly. Light & refeshing", "disagreeCount": 0, "user": {"gender": "male", "id": "2308074", "photo": {"prefix": "https://igx.4sqi.net/img/user/", "suffix": "/DRK11K2KUMH3JAON.jpg"}, "firstName": "alvin-can", "lastName": "tan"}, "canonicalUrl": "https://foursquare.com/item/53aea3e4498ee271dc49833b", "type": "user", "photourl": "https://igx.4sqi.net/img/general/original/2308074_MxH49XtWBvF0xct-bP51edhsFJhfazontuyRBFHihHU.jpg"}]}, {"reasons": {"items": [{"reasonName": "globalInteractionReason", "summary": "This spot is popular", "type": "general"}], "count": 0}, "venue": {"hereNow": {"groups": [], "summary": "Nobody here", "count": 0}, "contact": {"phone": "+6562223911", "formattedPhone": "+65 6222 3911"}, "photos": {"groups": [], "count": 0}, "rating": 7.0, "name": "Tiong Shian Porridge Centre \u9577\u57ce\u7ca5\u54c1 (Tiong Shian Porridge Centre)", "ratingSignals": 181, "allowMenuUrlEdit": true, "categories": [{"pluralName": "Chinese Restaurants", "id": "4bf58dd8d48988d145941735", "primary": true, "icon": {"prefix": "https://ss3.4sqi.net/img/categories_v2/food/asian_", "suffix": ".png"}, "name": "Chinese Restaurant", "shortName": "Chinese"}], "stats": {"checkinsCount": 10107, "usersCount": 5998, "tipCount": 91}, "id": "4b5706a6f964a5205e2328e3", "beenHere": {"lastCheckinExpiredAt": 0, "count": 0, "marked": false}, "ratingColor": "C5DE35", "location": {"lng": 103.84226381778717, "formattedAddress": ["265 New Bridge Rd. (Keong Saik Rd. (Ann Kway Building))", "088745", "Singapore"], "postalCode": "088745", "lat": 1.2826110437856815, "crossStreet": "Keong Saik Rd. (Ann Kway Building)", "country": "Singapore", "distance": 787, "city": "Singapore", "cc": "SG", "address": "265 New Bridge Rd.", "labeledLatLngs": [{"lng": 103.84226381778717, "label": "display", "lat": 1.2826110437856815}]}, "hours": {"isLocalHoliday": false, "isOpen": true, "status": "Likely open"}, "verified": false, "price": {"tier": 1, "currency": "$", "message": "Cheap"}}, "referralId": "e-3-4b5706a6f964a5205e2328e3-227", "tips": [{"id": "4ce2e5b647d5a143c9dc061d", "text": "Those china worker attitude is dam fuck up!", "disagreeCount": 0, "logView": true, "createdAt": 1289938358, "likes": {"groups": [], "summary": "11 likes", "count": 11}, "todo": {"count": 2}, "agreeCount": 3, "canonicalUrl": "https://foursquare.com/item/4ce2e5b647d5a143c9dc061d", "type": "user", "user": {"gender": "female", "id": "3891908", "photo": {"prefix": "https://igx.4sqi.net/img/user/", "suffix": "/AZDQY4CMKFR4FNPN.jpg"}, "firstName": "KristenBunchen", "lastName": "Toh"}}]}], "name": "recommended", "type": "Recommended Places"}], "query": "food", "headerLocation": "Financial District"}}