{"meta": {"code": 200, "requestId": "595a3cad4434b96bc7c0f1f3"}, "response": {"suggestedFilters": {"filters": [{"name": "Open now", "key": "openNow"}], "header": "Tap to show:"}, "totalResults": 166, "headerFullLocation": "Central Region, Singapore", "headerLocationGranularity": "neighborhood", "suggestedBounds": {"ne": {"lng": 103.8463148592142, "lat": 1.2886049853301371}, "sw": {"lng": 103.8319381359538, "lat": 1.2742049709301229}}, "groups": [{"items": [{"reasons": {"items": [{"reasonName": "globalInteractionReason", "summary": "This spot is popular", "type": "general"}], "count": 0}, "venue": {"hereNow": {"groups": [], "summary": "Nobody here", "count": 0}, "contact": {"phone": "+6562210830", "formattedPhone": "+65 6221 0830"}, "photos": {"groups": [], "count": 0}, "rating": 7.0, "name": "Togi Korean Restaurant", "ratingSignals": 74, "allowMenuUrlEdit": true, "categories": [{"pluralName": "Korean Restaurants", "id": "4bf58dd8d48988d113941735", "primary": true, "icon": {"prefix": "https://ss3.4sqi.net/img/categories_v2/food/korean_", "suffix": ".png"}, "name": "Korean Restaurant", "shortName": "Korean"}], "stats": {"checkinsCount": 2600, "usersCount": 1839, "tipCount": 38}, "id": "4b9236b3f964a520aaec33e3", "beenHere": {"lastCheckinExpiredAt": 0, "count": 0, "marked": false}, "ratingColor": "C5DE35", "location": {"lng": 103.84436898310975, "formattedAddress": ["11 Mosque Street (Mosque St)", "059491", "Singapore"], "postalCode": "059491", "lat": 1.2840754575639148, "crossStreet": "Mosque St", "country": "Singapore", "distance": 654, "city": "Singapore", "cc": "SG", "address": "11 Mosque Street", "labeledLatLngs": [{"lng": 103.84436898310975, "label": "display", "lat": 1.2840754575639148}]}, "hours": {"isLocalHoliday": false, "isOpen": true, "status": "Open until 10:00 PM"}, "verified": false, "price": {"tier": 2, "currency": "$", "message": "Moderate"}}, "referralId": "e-3-4b9236b3f964a520aaec33e3-150", "tips": [{"id": "4d782e7db706224b7f3a258d", "text": "muz try their bi-bim-bab!", "disagreeCount": 0, "logView": true, "createdAt": 1299721853, "likes": {"groups": [], "summary": "5 likes", "count": 5}, "todo": {"count": 0}, "agreeCount": 1, "canonicalUrl": "https://foursquare.com/item/4d782e7db706224b7f3a258d", "type": "user", "user": {"gender": "male", "id": "5876241", "photo": {"prefix": "https://igx.4sqi.net/img/user/", "suffix": "/JERVRPUL0DKZXA3C.jpg"}, "firstName": "Jeremy", "lastName": "Koh"}}]}, {"reasons": {"items": [{"reasonName": "globalInteractionReason", "summary": "This spot is popular", "type": "general"}], "count": 0}, "venue": {"venuePage": {"id": "151843340"}, "hereNow": {"groups": [], "summary": "Nobody here", "count": 0}, "contact": {"phone": "+6562216379", "formattedPhone": "+65 6221 6379"}, "photos": {"groups": [], "count": 0}, "rating": 7.1, "name": "Ushidoki Wagyu Kaiseki", "ratingSignals": 9, "allowMenuUrlEdit": true, "categories": [{"pluralName": "Japanese Restaurants", "id": "4bf58dd8d48988d111941735", "primary": true, "icon": {"prefix": "https://ss3.4sqi.net/img/categories_v2/food/japanese_", "suffix": ".png"}, "name": "Japanese Restaurant", "shortName": "Japanese"}], "stats": {"checkinsCount": 21, "usersCount": 20, "tipCount": 4}, "id": "569e49f8498e6d5eb6879895", "beenHere": {"lastCheckinExpiredAt": 0, "count": 0, "marked": false}, "url": "http://www.ushidoki.com", "ratingColor": "C5DE35", "location": {"formattedAddress": ["57 Tras St", "078996", "Singapore"], "postalCode": "078996", "lat": 1.2779431, "lng": 103.84445540000002, "country": "Singapore", "distance": 707, "city": "Singapore", "cc": "SG", "address": "57 Tras St", "labeledLatLngs": [{"lng": 103.84445540000002, "label": "display", "lat": 1.2779431}]}, "hours": {"isLocalHoliday": false, "isOpen": true, "status": "Open until 11:00 PM"}, "verified": true, "price": {"tier": 2, "currency": "$", "message": "Moderate"}}, "referralId": "e-3-569e49f8498e6d5eb6879895-151", "tips": [{"logView": true, "photo": {"id": "58baa3e46cda1c63ec0074c2", "visibility": "public", "source": {"name": "Foursquare for iOS", "url": "https://foursquare.com/download/#/iphone"}, "suffix": "/27078708_reSK9y40vl-0SJxhwV84fz1fkn3eauvpMOhZ87LnKcM.jpg", "createdAt": 1488626660, "prefix": "https://igx.4sqi.net/img/general/", "width": 1920, "height": 1440}, "createdAt": 1488626646, "agreeCount": 0, "id": "58baa3d6a370b93a3b4caa61", "text": "Everything is wonderful. A real beef experience.", "type": "user", "disagreeCount": 0, "user": {"gender": "male", "id": "27078708", "photo": {"prefix": "https://igx.4sqi.net/img/user/", "suffix": "/27078708-SQA1WPHJCK02AHIQ.jpg"}, "firstName": "Eric", "lastName": "Neo"}, "canonicalUrl": "https://foursquare.com/item/58baa3d6a370b93a3b4caa61", "todo": {"count": 0}, "photourl": "https://igx.4sqi.net/img/general/original/27078708_reSK9y40vl-0SJxhwV84fz1fkn3eauvpMOhZ87LnKcM.jpg"}]}, {"reasons": {"items": [{"reasonName": "globalInteractionReason", "summary": "This spot is popular", "type": "general"}], "count": 0}, "venue": {"contact": {}, "photos": {"groups": [], "count": 0}, "rating": 6.9, "name": "LEOPOLD", "ratingSignals": 11, "allowMenuUrlEdit": true, "categories": [{"pluralName": "Austrian Restaurants", "id": "52e81612bcbc57f1066b7a01", "primary": true, "icon": {"prefix": "https://ss3.4sqi.net/img/categories_v2/food/austrian_", "suffix": ".png"}, "name": "Austrian Restaurant", "shortName": "Austrian"}], "stats": {"checkinsCount": 114, "usersCount": 93, "tipCount": 5}, "id": "536b9c3e498ed94e13068da5", "beenHere": {"lastCheckinExpiredAt": 0, "count": 0, "marked": false}, "ratingColor": "FFC800", "location": {"formattedAddress": ["96 tanjong pagar road", "088517", "Singapore"], "postalCode": "088517", "lat": 1.278171173982373, "lng": 103.84373490448486, "country": "Singapore", "distance": 626, "city": "Singapore", "cc": "SG", "address": "96 tanjong pagar road", "labeledLatLngs": [{"lng": 103.84373490448486, "label": "display", "lat": 1.278171173982373}]}, "verified": false, "hereNow": {"groups": [], "summary": "Nobody here", "count": 0}}, "referralId": "e-3-536b9c3e498ed94e13068da5-152", "tips": [{"logView": true, "photo": {"id": "5748315e498e48f7f51ca771", "visibility": "public", "source": {"name": "Foursquare for Android", "url": "https://foursquare.com/download/#/android"}, "suffix": "/11755606_iecpKkB1uuZvRg4oyjooGKrjQo_cbQQGPBBlcp4wxoY.jpg", "createdAt": 1464349022, "prefix": "https://igx.4sqi.net/img/general/", "width": 1520, "height": 2688}, "createdAt": 1464348835, "agreeCount": 0, "id": "574830a3498ec5e417ffbb1f", "text": "Generous portions for 1 person mixed platter. Everything on the plate is very good! Must try !", "type": "user", "disagreeCount": 0, "user": {"gender": "female", "id": "11755606", "photo": {"prefix": "https://igx.4sqi.net/img/user/", "suffix": "/E2DT2XGARVK5VKMM.jpg"}, "firstName": "Stacy", "lastName": "Seah"}, "canonicalUrl": "https://foursquare.com/item/574830a3498ec5e417ffbb1f", "todo": {"count": 0}, "photourl": "https://igx.4sqi.net/img/general/original/11755606_iecpKkB1uuZvRg4oyjooGKrjQo_cbQQGPBBlcp4wxoY.jpg"}]}, {"reasons": {"items": [{"reasonName": "globalInteractionReason", "summary": "This spot is popular", "type": "general"}], "count": 0}, "venue": {"hereNow": {"groups": [], "summary": "Nobody here", "count": 0}, "contact": {"phone": "+6563271733", "formattedPhone": "+65 6327 1733"}, "photos": {"groups": [], "count": 0}, "rating": 6.9, "name": "Sawasdee Thai Food", "ratingSignals": 39, "allowMenuUrlEdit": true, "categories": [{"pluralName": "Thai Restaurants", "id": "4bf58dd8d48988d149941735", "primary": true, "icon": {"prefix": "https://ss3.4sqi.net/img/categories_v2/food/thai_", "suffix": ".png"}, "name": "Thai Restaurant", "shortName": "Thai"}], "stats": {"checkinsCount": 744, "usersCount": 526, "tipCount": 16}, "id": "4dfca4327d8b305080154f06", "beenHere": {"lastCheckinExpiredAt": 0, "count": 0, "marked": false}, "ratingColor": "FFC800", "location": {"formattedAddress": ["32-34 Pagoda Street", "059191", "Singapore"], "postalCode": "059191", "lat": 1.2832611720973224, "lng": 103.84457845616316, "country": "Singapore", "distance": 640, "city": "Singapore", "cc": "SG", "address": "32-34 Pagoda Street", "labeledLatLngs": [{"lng": 103.84457845616316, "label": "display", "lat": 1.2832611720973224}]}, "hours": {"isLocalHoliday": false, "isOpen": true, "status": "Likely open"}, "verified": false, "price": {"tier": 2, "currency": "$", "message": "Moderate"}}, "referralId": "e-3-4dfca4327d8b305080154f06-153", "tips": [{"id": "4f9e8adfe4b087d95eeae133", "text": "This is the best Thai Restaurant in Singapore :)", "disagreeCount": 0, "logView": true, "createdAt": 1335790303, "likes": {"groups": [], "summary": "3 likes", "count": 3}, "todo": {"count": 0}, "agreeCount": 3, "canonicalUrl": "https://foursquare.com/item/4f9e8adfe4b087d95eeae133", "type": "user", "user": {"gender": "male", "id": "4396288", "photo": {"prefix": "https://igx.4sqi.net/img/user/", "suffix": "/TEVTALQNPYLE0YJO.jpg"}, "firstName": "Hatakung", "lastName": "@thai"}}]}, {"reasons": {"items": [{"reasonName": "globalInteractionReason", "summary": "This spot is popular", "type": "general"}], "count": 0}, "venue": {"hereNow": {"groups": [], "summary": "Nobody here", "count": 0}, "contact": {"facebook": "157561850955345", "facebookUsername": "casatartufo", "facebookName": "Casa Tartufo", "phone": "+6568364647", "formattedPhone": "+65 6836 4647"}, "photos": {"groups": [], "count": 0}, "rating": 7.1, "name": "Casa Tartufo", "ratingSignals": 23, "allowMenuUrlEdit": true, "categories": [{"pluralName": "Italian Restaurants", "id": "4bf58dd8d48988d110941735", "primary": true, "icon": {"prefix": "https://ss3.4sqi.net/img/categories_v2/food/italian_", "suffix": ".png"}, "name": "Italian Restaurant", "shortName": "Italian"}], "stats": {"checkinsCount": 245, "usersCount": 183, "tipCount": 10}, "id": "4daea93c93a0096fbaa3e30f", "beenHere": {"lastCheckinExpiredAt": 0, "count": 0, "marked": false}, "url": "http://www.casatartufo.com", "ratingColor": "C5DE35", "location": {"formattedAddress": ["33 Erskine Rd", "069333", "Singapore"], "postalCode": "069333", "lat": 1.2803225039213861, "lng": 103.84554656555297, "country": "Singapore", "distance": 724, "city": "Singapore", "cc": "SG", "address": "33 Erskine Rd", "labeledLatLngs": [{"lng": 103.84554656555297, "label": "display", "lat": 1.2803225039213861}]}, "hours": {"isLocalHoliday": false, "isOpen": false, "status": "Closed until 11:30 AM tomorrow"}, "verified": false, "price": {"tier": 2, "currency": "$", "message": "Moderate"}}, "referralId": "e-3-4daea93c93a0096fbaa3e30f-154", "tips": [{"id": "53959f7111d26ada295e4239", "text": "New Location! 33 Ereskine st. One of best restaurants in Singapore, love the truffle buratta cheese.", "disagreeCount": 0, "logView": true, "createdAt": 1402314609, "likes": {"groups": [], "summary": "1 like", "count": 1}, "todo": {"count": 0}, "agreeCount": 1, "canonicalUrl": "https://foursquare.com/item/53959f7111d26ada295e4239", "type": "user", "user": {"gender": "male", "id": "13443190", "photo": {"prefix": "https://igx.4sqi.net/img/user/", "suffix": "/5CGNBFQZVA3O5J3N.jpg"}, "firstName": "Theo", "lastName": "Valich"}}]}, {"reasons": {"items": [{"reasonName": "globalInteractionReason", "summary": "This spot is popular", "type": "general"}], "count": 0}, "venue": {"hereNow": {"groups": [], "summary": "Nobody here", "count": 0}, "contact": {"phone": "+6562230810", "formattedPhone": "+65 6223 0810"}, "photos": {"groups": [], "count": 0}, "rating": 7.0, "name": "Sin Hoi Sai Seafood Restaurant \u65b0\u6d77\u5c71\u6d77\u9c9c\u9910\u9986", "ratingSignals": 93, "allowMenuUrlEdit": true, "categories": [{"pluralName": "Seafood Restaurants", "id": "4bf58dd8d48988d1ce941735", "primary": true, "icon": {"prefix": "https://ss3.4sqi.net/img/categories_v2/food/seafood_", "suffix": ".png"}, "name": "Seafood Restaurant", "shortName": "Seafood"}], "stats": {"checkinsCount": 3171, "usersCount": 1965, "tipCount": 52}, "id": "4b12701ff964a520e28923e3", "beenHere": {"lastCheckinExpiredAt": 0, "count": 0, "marked": false}, "url": "http://www.sinhoisai.com", "ratingColor": "C5DE35", "location": {"formattedAddress": ["55 Tiong Bahru Rd, #01-59", "160055", "Singapore"], "postalCode": "160055", "lat": 1.284892451923561, "lng": 103.83392404752368, "country": "Singapore", "distance": 697, "city": "Singapore", "cc": "SG", "address": "55 Tiong Bahru Rd, #01-59", "labeledLatLngs": [{"lng": 103.83392404752368, "label": "display", "lat": 1.284892451923561}]}, "hours": {"isLocalHoliday": false, "isOpen": true, "status": "Open until 4:00 AM"}, "verified": false, "price": {"tier": 3, "currency": "$", "message": "Expensive"}}, "referralId": "e-3-4b12701ff964a520e28923e3-155", "tips": [{"id": "4b12709470c603bbe0248fb4", "text": "Try their black pepper crab. It's excellent.", "disagreeCount": 0, "logView": true, "createdAt": 1259499668, "likes": {"groups": [], "summary": "6 likes", "count": 6}, "todo": {"count": 0}, "agreeCount": 0, "canonicalUrl": "https://foursquare.com/item/4b12709470c603bbe0248fb4", "type": "user", "user": {"id": "131203", "photo": {"prefix": "https://igx.4sqi.net/img/user/", "suffix": "/131203_1259477192398.png"}, "firstName": "Wenjie", "gender": "male"}}]}, {"reasons": {"items": [{"reasonName": "globalInteractionReason", "summary": "This spot is popular", "type": "general"}], "count": 0}, "venue": {"contact": {}, "photos": {"groups": [], "count": 0}, "rating": 7.0, "name": "Long Ji Crab Beehoon", "ratingSignals": 12, "allowMenuUrlEdit": true, "categories": [{"pluralName": "Comfort Food Restaurants", "id": "52e81612bcbc57f1066b7a00", "primary": true, "icon": {"prefix": "https://ss3.4sqi.net/img/categories_v2/food/default_", "suffix": ".png"}, "name": "Comfort Food Restaurant", "shortName": "Comfort Food"}], "stats": {"checkinsCount": 97, "usersCount": 72, "tipCount": 2}, "id": "549aad9d498ed550212d4875", "beenHere": {"lastCheckinExpiredAt": 0, "count": 0, "marked": false}, "ratingColor": "C5DE35", "location": {"formattedAddress": ["57 Eng Hoon Street #01-72", "Singapore"], "lat": 1.284550974783745, "lng": 103.83360703224167, "country": "Singapore", "distance": 707, "city": "Singapore", "cc": "SG", "address": "57 Eng Hoon Street #01-72", "labeledLatLngs": [{"lng": 103.83360703224167, "label": "display", "lat": 1.284550974783745}]}, "verified": false, "hereNow": {"groups": [], "summary": "Nobody here", "count": 0}}, "referralId": "e-3-549aad9d498ed550212d4875-156", "tips": [{"id": "56dc3e80498ee853627e1e4e", "text": "The speciality of this place , crab Beehoon  tastes amazing", "disagreeCount": 0, "createdAt": 1457274496, "logView": true, "todo": {"count": 0}, "agreeCount": 0, "canonicalUrl": "https://foursquare.com/item/56dc3e80498ee853627e1e4e", "type": "user", "user": {"gender": "male", "id": "107604885", "photo": {"prefix": "https://igx.4sqi.net/img/user/", "suffix": "/107604885-K0PP242A4B2NDI2M.jpg"}, "firstName": "Tino", "lastName": "Buranasilapin"}}]}, {"reasons": {"items": [{"reasonName": "globalInteractionReason", "summary": "This spot is popular", "type": "general"}], "count": 0}, "venue": {"hereNow": {"groups": [], "summary": "Nobody here", "count": 0}, "contact": {}, "photos": {"groups": [], "count": 0}, "rating": 7.1, "name": "U Top House of Chicken Rice", "ratingSignals": 14, "allowMenuUrlEdit": true, "categories": [{"pluralName": "Chinese Restaurants", "id": "4bf58dd8d48988d145941735", "primary": true, "icon": {"prefix": "https://ss3.4sqi.net/img/categories_v2/food/asian_", "suffix": ".png"}, "name": "Chinese Restaurant", "shortName": "Chinese"}], "stats": {"checkinsCount": 449, "usersCount": 197, "tipCount": 4}, "id": "4b9f176cf964a520491337e3", "beenHere": {"lastCheckinExpiredAt": 0, "count": 0, "marked": false}, "ratingColor": "C5DE35", "location": {"lng": 103.84312347432915, "formattedAddress": ["#02-07, 1 Tanjong Pagar Plaza (Tanjong Pagar Rd.)", "082001", "Singapore"], "postalCode": "082001", "lat": 1.2760129330034997, "crossStreet": "Tanjong Pagar Rd.", "country": "Singapore", "distance": 747, "city": "Singapore", "cc": "SG", "address": "#02-07, 1 Tanjong Pagar Plaza", "labeledLatLngs": [{"lng": 103.84312347432915, "label": "display", "lat": 1.2760129330034997}]}, "hours": {"isLocalHoliday": false, "isOpen": false}, "verified": false, "price": {"tier": 1, "currency": "$", "message": "Cheap"}}, "referralId": "e-3-4b9f176cf964a520491337e3-157", "tips": [{"id": "53f06fa4498ee7c27a3224c7", "text": "Everything is good here ! Please come try !!", "disagreeCount": 0, "logView": true, "createdAt": 1408266148, "likes": {"groups": [], "summary": "1 like", "count": 1}, "todo": {"count": 0}, "agreeCount": 1, "canonicalUrl": "https://foursquare.com/item/53f06fa4498ee7c27a3224c7", "type": "user", "user": {"gender": "male", "id": "92885133", "photo": {"prefix": "https://igx.4sqi.net/img/user/", "suffix": "/92885133-RA5C5J0EYCLNKHIU.jpg"}, "firstName": "Khoo", "lastName": "Leng How"}}]}, {"reasons": {"items": [{"reasonName": "globalInteractionReason", "summary": "This spot is popular", "type": "general"}], "count": 0}, "venue": {"hereNow": {"groups": [], "summary": "Nobody here", "count": 0}, "contact": {}, "photos": {"groups": [], "count": 0}, "rating": 7.0, "name": "homebaked dough", "ratingSignals": 9, "allowMenuUrlEdit": true, "categories": [{"pluralName": "Noodle Houses", "id": "4bf58dd8d48988d1d1941735", "primary": true, "icon": {"prefix": "https://ss3.4sqi.net/img/categories_v2/food/ramen_", "suffix": ".png"}, "name": "Noodle House", "shortName": "Noodles"}], "stats": {"checkinsCount": 89, "usersCount": 40, "tipCount": 8}, "id": "4dcb5da9d22d7ffe9d2d3ea3", "beenHere": {"lastCheckinExpiredAt": 0, "count": 0, "marked": false}, "ratingColor": "C5DE35", "location": {"formattedAddress": ["Tanjong Pagar Plaza #02-04/05 (Teck Kee Coffeeshop)", "Singapore"], "lat": 1.2763698441743385, "lng": 103.84321971778218, "country": "Singapore", "distance": 722, "city": "Singapore", "cc": "SG", "address": "Tanjong Pagar Plaza #02-04/05 (Teck Kee Coffeeshop)", "labeledLatLngs": [{"lng": 103.84321971778218, "label": "display", "lat": 1.2763698441743385}]}, "verified": false, "price": {"tier": 1, "currency": "$", "message": "Cheap"}}, "referralId": "e-3-4dcb5da9d22d7ffe9d2d3ea3-158", "tips": [{"id": "4e2fa9a2483b93c2f2e1f09d", "text": "Spicy ramen at only $5.50. Add an egg for only $0.50! DanielFoodDiary.com", "disagreeCount": 0, "logView": true, "createdAt": 1311746466, "likes": {"groups": [], "summary": "2 likes", "count": 2}, "todo": {"count": 0}, "agreeCount": 0, "canonicalUrl": "https://foursquare.com/item/4e2fa9a2483b93c2f2e1f09d", "type": "user", "user": {"gender": "male", "id": "5503229", "photo": {"prefix": "https://igx.4sqi.net/img/user/", "suffix": "/S122E551N5ROTNSL.jpg"}, "firstName": "Daniel", "lastName": "Ang"}}]}, {"reasons": {"items": [{"reasonName": "globalInteractionReason", "summary": "This spot is popular", "type": "general"}], "count": 0}, "venue": {"hereNow": {"groups": [], "summary": "Nobody here", "count": 0}, "contact": {}, "photos": {"groups": [], "count": 0}, "rating": 7.1, "name": "Chocolat N' Spice", "ratingSignals": 22, "allowMenuUrlEdit": true, "categories": [{"pluralName": "Bakeries", "id": "4bf58dd8d48988d16a941735", "primary": true, "icon": {"prefix": "https://ss3.4sqi.net/img/categories_v2/food/bakery_", "suffix": ".png"}, "name": "Bakery", "shortName": "Bakery"}], "stats": {"checkinsCount": 646, "usersCount": 394, "tipCount": 11}, "id": "4b8f4bd2f964a520b75033e3", "beenHere": {"lastCheckinExpiredAt": 0, "count": 0, "marked": false}, "url": "http://www.chocnspice.com/index.html", "ratingColor": "C5DE35", "location": {"lat": 1.275313, "distance": 786, "country": "Singapore", "cc": "SG", "crossStreet": "opp Amara Hotel", "formattedAddress": ["Blk 1 #01-18 Tanjong Pagar Plaza (opp Amara Hotel)", "082001", "Singapore"], "city": "Tanjong Pagar", "lng": 103.842708, "state": "Singapore", "labeledLatLngs": [{"lng": 103.842708, "label": "display", "lat": 1.275313}], "address": "Blk 1 #01-18 Tanjong Pagar Plaza", "postalCode": "082001"}, "hours": {"isLocalHoliday": false, "isOpen": false, "status": "Closed until 8:30 AM tomorrow"}, "verified": false, "price": {"tier": 1, "currency": "$", "message": "Cheap"}}, "referralId": "e-3-4b8f4bd2f964a520b75033e3-159", "tips": [{"logView": true, "photo": {"id": "5142b7b5e4b09f456a2cc6dd", "visibility": "public", "source": {"name": "Foursquare for Android", "url": "https://foursquare.com/download/#/android"}, "suffix": "/308951_8HPOjKZ9IKzxuWSZREgRU9hWpS94gYLFMNKDut2P4GU.jpg", "createdAt": 1363326901, "prefix": "https://igx.4sqi.net/img/general/", "width": 541, "height": 960}, "createdAt": 1363326896, "todo": {"count": 0}, "agreeCount": 1, "likes": {"groups": [], "summary": "1 like", "count": 1}, "id": "5142b7b0e4b0bab05e42bd47", "text": "This is not an underwear shop", "disagreeCount": 0, "user": {"gender": "male", "id": "308951", "photo": {"prefix": "https://igx.4sqi.net/img/user/", "suffix": "/3UP0AI4WEWFBWG2M.jpg"}, "firstName": "Gabriel", "lastName": "Seah"}, "canonicalUrl": "https://foursquare.com/item/5142b7b0e4b0bab05e42bd47", "type": "user", "photourl": "https://igx.4sqi.net/img/general/original/308951_8HPOjKZ9IKzxuWSZREgRU9hWpS94gYLFMNKDut2P4GU.jpg"}]}, {"reasons": {"items": [{"reasonName": "globalInteractionReason", "summary": "This spot is popular", "type": "general"}], "count": 0}, "venue": {"hereNow": {"groups": [], "summary": "Nobody here", "count": 0}, "contact": {}, "photos": {"groups": [], "count": 0}, "rating": 7.0, "name": "Sushi Kou", "ratingSignals": 39, "allowMenuUrlEdit": true, "categories": [{"pluralName": "Japanese Restaurants", "id": "4bf58dd8d48988d111941735", "primary": true, "icon": {"prefix": "https://ss3.4sqi.net/img/categories_v2/food/japanese_", "suffix": ".png"}, "name": "Japanese Restaurant", "shortName": "Japanese"}], "stats": {"checkinsCount": 455, "usersCount": 329, "tipCount": 17}, "id": "5184f7f4498ed380acccbefa", "beenHere": {"lastCheckinExpiredAt": 0, "count": 0, "marked": false}, "ratingColor": "C5DE35", "location": {"lng": 103.84364998346526, "formattedAddress": ["#01-16 Orchid Hotel (1 Tras Link)", "Singapore"], "lat": 1.2766548675393694, "crossStreet": "1 Tras Link", "country": "Singapore", "distance": 730, "city": "Singapore", "cc": "SG", "address": "#01-16 Orchid Hotel", "labeledLatLngs": [{"lng": 103.84364998346526, "label": "display", "lat": 1.2766548675393694}]}, "hours": {"isLocalHoliday": false, "isOpen": true, "status": "Likely open"}, "verified": false, "price": {"tier": 2, "currency": "$", "message": "Moderate"}}, "referralId": "e-3-5184f7f4498ed380acccbefa-160", "tips": [{"id": "522b3b13498eb0c9ae01c78c", "text": "Wagyu beef and set meals! Sashimis are so fresh! Authentic Japanese! very friendly staff too! This is now officially one of my fave in Tras area.", "disagreeCount": 0, "logView": true, "createdAt": 1378564883, "likes": {"groups": [], "summary": "3 likes", "count": 3}, "todo": {"count": 2}, "agreeCount": 3, "canonicalUrl": "https://foursquare.com/item/522b3b13498eb0c9ae01c78c", "type": "user", "user": {"gender": "female", "id": "8381449", "photo": {"prefix": "https://igx.4sqi.net/img/user/", "suffix": "/8381449-0HOCTFNTQD1BGTXN.jpg"}, "firstName": "Arlene", "lastName": "Aran Amarante"}}]}, {"reasons": {"items": [{"reasonName": "globalInteractionReason", "summary": "This spot is popular", "type": "general"}], "count": 0}, "venue": {"hereNow": {"groups": [], "summary": "Nobody here", "count": 0}, "contact": {}, "photos": {"groups": [], "count": 0}, "rating": 7.0, "name": "\u5170\u5dde\u62c9\u9762 China Town (Singapore)", "ratingSignals": 45, "allowMenuUrlEdit": true, "categories": [{"pluralName": "Noodle Houses", "id": "4bf58dd8d48988d1d1941735", "primary": true, "icon": {"prefix": "https://ss3.4sqi.net/img/categories_v2/food/ramen_", "suffix": ".png"}, "name": "Noodle House", "shortName": "Noodles"}], "stats": {"checkinsCount": 1060, "usersCount": 983, "tipCount": 3}, "id": "4fb39f56e4b02d8458adfca6", "beenHere": {"lastCheckinExpiredAt": 0, "count": 0, "marked": false}, "ratingColor": "C5DE35", "location": {"formattedAddress": ["China Town", "Singapore"], "lat": 1.2832077771803923, "lng": 103.84520121579762, "country": "Singapore", "distance": 705, "city": "Singapore", "cc": "SG", "address": "China Town", "labeledLatLngs": [{"lng": 103.84520121579762, "label": "display", "lat": 1.2832077771803923}]}, "hours": {"isLocalHoliday": false, "isOpen": true, "status": "Likely open"}, "verified": false, "price": {"tier": 1, "currency": "$", "message": "Cheap"}}, "referralId": "e-3-4fb39f56e4b02d8458adfca6-161", "tips": [{"id": "540f07a0498ec95f2767829b", "text": "Good food good price", "disagreeCount": 0, "logView": true, "createdAt": 1410271136, "likes": {"groups": [], "summary": "1 like", "count": 1}, "todo": {"count": 0}, "agreeCount": 1, "canonicalUrl": "https://foursquare.com/item/540f07a0498ec95f2767829b", "type": "user", "user": {"gender": "male", "id": "25420913", "photo": {"prefix": "https://igx.4sqi.net/img/user/", "suffix": "/25420913-CRSVXDZ3PWNFUFCJ.jpg"}, "firstName": "Jhun", "lastName": "Yparraguirre"}}]}, {"reasons": {"items": [{"reasonName": "globalInteractionReason", "summary": "This spot is popular", "type": "general"}], "count": 0}, "venue": {"hereNow": {"groups": [], "summary": "Nobody here", "count": 0}, "contact": {}, "photos": {"groups": [], "count": 0}, "rating": 7.0, "name": "Chiew Kee Chicken Noodle House \u948a\u8bb0\u6cb9\u9e21\u9762\u5bb6", "ratingSignals": 57, "allowMenuUrlEdit": true, "categories": [{"pluralName": "Noodle Houses", "id": "4bf58dd8d48988d1d1941735", "primary": true, "icon": {"prefix": "https://ss3.4sqi.net/img/categories_v2/food/ramen_", "suffix": ".png"}, "name": "Noodle House", "shortName": "Noodles"}], "stats": {"checkinsCount": 1855, "usersCount": 952, "tipCount": 19}, "id": "4cf224fd7bf3b60cc833647f", "beenHere": {"lastCheckinExpiredAt": 0, "count": 0, "marked": false}, "ratingColor": "C5DE35", "location": {"formattedAddress": ["32 Upper Cross Street", "058339", "Singapore"], "postalCode": "058339", "neighborhood": "Chinatown", "lat": 1.283951811926372, "lng": 103.8451337814331, "country": "Singapore", "distance": 726, "city": "Singapore", "cc": "SG", "address": "32 Upper Cross Street", "labeledLatLngs": [{"lng": 103.8451337814331, "label": "display", "lat": 1.283951811926372}]}, "hours": {"isLocalHoliday": false, "isOpen": false}, "verified": false, "price": {"tier": 1, "currency": "$", "message": "Cheap"}}, "referralId": "e-3-4cf224fd7bf3b60cc833647f-162", "tips": [{"id": "4d60a865b19fa143c7b3f8c8", "text": "Best soy sauce chicken in SG! quick service too even during peak hours as long as u dun order Noodles :p", "disagreeCount": 0, "logView": true, "createdAt": 1298180197, "likes": {"groups": [], "summary": "2 likes", "count": 2}, "todo": {"count": 1}, "agreeCount": 2, "canonicalUrl": "https://foursquare.com/item/4d60a865b19fa143c7b3f8c8", "type": "user", "user": {"gender": "male", "id": "1339539", "photo": {"prefix": "https://igx.4sqi.net/img/user/", "suffix": "/1339539-AIRJPNFKHLZSMUDJ.jpg"}, "firstName": "Ian", "lastName": "Thomtori"}}]}, {"reasons": {"items": [{"reasonName": "globalInteractionReason", "summary": "This spot is popular", "type": "general"}], "count": 0}, "venue": {"hereNow": {"groups": [], "summary": "Nobody here", "count": 0}, "contact": {}, "photos": {"groups": [], "count": 0}, "rating": 7.0, "name": "Menya Sanji \u9eba\u5bb6\u4e09\u58eb", "ratingSignals": 58, "allowMenuUrlEdit": true, "categories": [{"pluralName": "Noodle Houses", "id": "4bf58dd8d48988d1d1941735", "primary": true, "icon": {"prefix": "https://ss3.4sqi.net/img/categories_v2/food/ramen_", "suffix": ".png"}, "name": "Noodle House", "shortName": "Noodles"}], "stats": {"checkinsCount": 1319, "usersCount": 612, "tipCount": 21}, "id": "50c7ccbde4b0af5db85be8f2", "beenHere": {"lastCheckinExpiredAt": 0, "count": 0, "marked": false}, "ratingColor": "C5DE35", "location": {"lng": 103.84357638529124, "formattedAddress": ["#01-14 Orchid Hotel (1 Tras Link)", "078867", "Singapore"], "postalCode": "078867", "lat": 1.2767833480429005, "crossStreet": "1 Tras Link", "country": "Singapore", "distance": 714, "city": "Singapore", "cc": "SG", "address": "#01-14 Orchid Hotel", "labeledLatLngs": [{"lng": 103.84357638529124, "label": "display", "lat": 1.2767833480429005}]}, "hours": {"isLocalHoliday": false, "isOpen": true, "status": "Likely open"}, "verified": false, "price": {"tier": 1, "currency": "$", "message": "Cheap"}}, "referralId": "e-3-50c7ccbde4b0af5db85be8f2-163", "tips": [{"logView": true, "photo": {"id": "54056374498ef1f28e33993d", "visibility": "public", "source": {"name": "Foursquare for iOS", "url": "https://foursquare.com/download/#/iphone"}, "suffix": "/1666549_4LjcpSdbbO38ib0qeNHR-6xAhfNRymtkGBClTIs2ed0.jpg", "createdAt": 1409639284, "prefix": "https://igx.4sqi.net/img/general/", "width": 720, "height": 720}, "createdAt": 1409639283, "todo": {"count": 2}, "agreeCount": 2, "likes": {"groups": [], "summary": "2 likes", "count": 2}, "id": "5405637311d246414da121e8", "text": "The Sanji Ramen is surprisingly good, especially the roasted pork shoulder. Its soup base is superb as well.", "disagreeCount": 0, "user": {"gender": "male", "id": "1666549", "photo": {"prefix": "https://igx.4sqi.net/img/user/", "suffix": "/ZQST2FYJVAQMBIK1.jpg"}, "firstName": "Terence", "lastName": "T"}, "canonicalUrl": "https://foursquare.com/item/5405637311d246414da121e8", "type": "user", "photourl": "https://igx.4sqi.net/img/general/original/1666549_4LjcpSdbbO38ib0qeNHR-6xAhfNRymtkGBClTIs2ed0.jpg"}]}, {"reasons": {"items": [{"reasonName": "globalInteractionReason", "summary": "This spot is popular", "type": "general"}], "count": 0}, "venue": {"hereNow": {"groups": [], "summary": "Nobody here", "count": 0}, "contact": {}, "photos": {"groups": [], "count": 0}, "rating": 7.0, "name": "Chew Kee Eating House", "ratingSignals": 56, "allowMenuUrlEdit": true, "categories": [{"pluralName": "Chinese Restaurants", "id": "4bf58dd8d48988d145941735", "primary": true, "icon": {"prefix": "https://ss3.4sqi.net/img/categories_v2/food/asian_", "suffix": ".png"}, "name": "Chinese Restaurant", "shortName": "Chinese"}], "stats": {"checkinsCount": 1510, "usersCount": 820, "tipCount": 22}, "id": "4b3f02b4f964a5208aa325e3", "beenHere": {"lastCheckinExpiredAt": 0, "count": 0, "marked": false}, "ratingColor": "C5DE35", "location": {"lng": 103.8456004858017, "formattedAddress": ["8 Upper Cross Street (near South Bridge Road)", "058327", "Singapore"], "postalCode": "058327", "lat": 1.2837587413574463, "crossStreet": "near South Bridge Road", "country": "Singapore", "distance": 766, "city": "Singapore", "cc": "SG", "address": "8 Upper Cross Street", "labeledLatLngs": [{"lng": 103.8456004858017, "label": "display", "lat": 1.2837587413574463}]}, "hours": {"isLocalHoliday": false, "isOpen": false}, "verified": false, "price": {"tier": 1, "currency": "$", "message": "Cheap"}}, "referralId": "e-3-4b3f02b4f964a5208aa325e3-164", "tips": [{"id": "52d2555411d25021a76eaa06", "text": "Don't order their \u9e21\u5c3e. Is the same price as \u9e21\u817f. $5.00.", "disagreeCount": 0, "logView": true, "createdAt": 1389516116, "likes": {"groups": [], "summary": "5 likes", "count": 5}, "todo": {"count": 0}, "agreeCount": 4, "canonicalUrl": "https://foursquare.com/item/52d2555411d25021a76eaa06", "type": "user", "user": {"gender": "male", "id": "3000929", "photo": {"prefix": "https://igx.4sqi.net/img/user/", "suffix": "/RV2J4LNCHXRKUGPR.jpg"}, "firstName": "yihao", "lastName": "Seow"}}]}, {"reasons": {"items": [{"reasonName": "globalInteractionReason", "summary": "This spot is popular", "type": "general"}], "count": 0}, "venue": {"contact": {}, "photos": {"groups": [], "count": 0}, "rating": 6.8, "name": "The Disgruntled Brasserie At The Club Hotel", "ratingSignals": 9, "allowMenuUrlEdit": true, "categories": [{"pluralName": "Modern European Restaurants", "id": "52e81612bcbc57f1066b79f9", "primary": true, "icon": {"prefix": "https://ss3.4sqi.net/img/categories_v2/food/default_", "suffix": ".png"}, "name": "Modern European Restaurant", "shortName": "Modern European"}], "stats": {"checkinsCount": 108, "usersCount": 87, "tipCount": 3}, "id": "55a5f620498ee51f6b0bc8f2", "beenHere": {"lastCheckinExpiredAt": 0, "count": 0, "marked": false}, "ratingColor": "FFC800", "location": {"formattedAddress": ["28 ANN SIANG HILL", "069708", "Singapore"], "postalCode": "069708", "lat": 1.2806961951986942, "lng": 103.84575037893535, "country": "Singapore", "distance": 741, "city": "Singapore", "cc": "SG", "address": "28 ANN SIANG HILL", "labeledLatLngs": [{"lng": 103.84575037893535, "label": "display", "lat": 1.2806961951986942}]}, "hours": {"isLocalHoliday": false, "isOpen": true, "status": "Open until 10:30 PM"}, "verified": false, "hereNow": {"groups": [], "summary": "Nobody here", "count": 0}}, "referralId": "e-3-55a5f620498ee51f6b0bc8f2-165", "tips": [{"logView": true, "photo": {"id": "58e73347ebf02864e271487e", "visibility": "public", "source": {"name": "Swarm for iOS", "url": "https://www.swarmapp.com"}, "suffix": "/55390456_vQqpdyHNxyhTXLbhOMW1IelrJSlZK5HOGg0di_ERfxY.jpg", "createdAt": 1491546951, "prefix": "https://igx.4sqi.net/img/general/", "width": 1440, "height": 1920}, "createdAt": 1491562729, "agreeCount": 0, "id": "58e770e94f10694d881400b5", "text": "Good looking and tasty 2/3 courses set lunches available @ $28/$32++. Decent portions too.", "type": "user", "disagreeCount": 0, "user": {"id": "55390456", "photo": {"prefix": "https://igx.4sqi.net/img/user/", "suffix": "/55390456_xjGWfjYZ_UAMBNliBjCxql6WleMj7JVZzY9y3t2_6WtR-3ecn7WlfLcMpWqn7tIYj_11T_fb-.jpg"}, "firstName": "Ting", "gender": "female"}, "canonicalUrl": "https://foursquare.com/item/58e770e94f10694d881400b5", "todo": {"count": 0}, "photourl": "https://igx.4sqi.net/img/general/original/55390456_vQqpdyHNxyhTXLbhOMW1IelrJSlZK5HOGg0di_ERfxY.jpg"}]}], "name": "recommended", "type": "Recommended Places"}], "query": "food", "headerLocation": "Central Region"}}