{"meta": {"code": 200, "requestId": "595a3979f594df3c5932342c"}, "response": {"suggestedFilters": {"filters": [{"name": "Open now", "key": "openNow"}], "header": "Tap to show:"}, "totalResults": 76, "headerFullLocation": "Central Region, Singapore", "headerLocationGranularity": "neighborhood", "suggestedBounds": {"ne": {"lng": 103.80549293677238, "lat": 1.3096387425271772}, "sw": {"lng": 103.79111609448562, "lat": 1.295238728127163}}, "groups": [{"items": [{"reasons": {"items": [{"reasonName": "globalInteractionReason", "summary": "This spot is popular", "type": "general"}], "count": 0}, "venue": {"hereNow": {"groups": [], "summary": "Nobody here", "count": 0}, "contact": {}, "photos": {"groups": [], "count": 0}, "rating": 7.6, "name": "Wei Yi Laksa & Prawn Noodle", "ratingSignals": 11, "allowMenuUrlEdit": true, "categories": [{"pluralName": "Chinese Restaurants", "id": "4bf58dd8d48988d145941735", "primary": true, "icon": {"prefix": "https://ss3.4sqi.net/img/categories_v2/food/asian_", "suffix": ".png"}, "name": "Chinese Restaurant", "shortName": "Chinese"}], "stats": {"checkinsCount": 306, "usersCount": 108, "tipCount": 9}, "id": "4d5755861270236ab3af8859", "beenHere": {"lastCheckinExpiredAt": 0, "count": 0, "marked": false}, "ratingColor": "C5DE35", "location": {"lng": 103.79789095650864, "formattedAddress": ["#01-20 Tanglin Halt Market & Food Centre (48A Tanglin Halt Rd)", "Singapore"], "lat": 1.300481624653469, "crossStreet": "48A Tanglin Halt Rd", "country": "Singapore", "distance": 222, "city": "Singapore", "cc": "SG", "address": "#01-20 Tanglin Halt Market & Food Centre", "labeledLatLngs": [{"lng": 103.79789095650864, "label": "display", "lat": 1.300481624653469}]}, "hours": {"isLocalHoliday": false, "isOpen": false, "status": "Closed until 5:30 AM tomorrow"}, "verified": false, "price": {"tier": 1, "currency": "$", "message": "Cheap"}}, "referralId": "e-3-4d5755861270236ab3af8859-0", "tips": [{"id": "54c36013498e6666e0764ac1", "text": "A taste of childhood.", "disagreeCount": 0, "logView": true, "createdAt": 1422090259, "likes": {"groups": [], "summary": "1 like", "count": 1}, "todo": {"count": 0}, "agreeCount": 1, "canonicalUrl": "https://foursquare.com/item/54c36013498e6666e0764ac1", "type": "user", "user": {"gender": "none", "id": "71436488", "photo": {"prefix": "https://igx.4sqi.net/img/user/", "suffix": "/71436488-TVXL25LMAAWKEHCC.jpg"}, "firstName": "Jolly", "lastName": "Shandy"}}]}, {"reasons": {"items": [{"reasonName": "globalInteractionReason", "summary": "This spot is popular", "type": "general"}], "count": 0}, "venue": {"contact": {}, "photos": {"groups": [], "count": 0}, "rating": 7.4, "name": "Tanglin Halt (Commonwealth Drive) Food Centre", "ratingSignals": 91, "allowMenuUrlEdit": true, "categories": [{"pluralName": "Food Courts", "id": "4bf58dd8d48988d120951735", "primary": true, "icon": {"prefix": "https://ss3.4sqi.net/img/categories_v2/shops/food_foodcourt_", "suffix": ".png"}, "name": "Food Court", "shortName": "Food Court"}], "stats": {"checkinsCount": 7353, "usersCount": 1905, "tipCount": 70}, "id": "4b5bb91af964a520441229e3", "beenHere": {"lastCheckinExpiredAt": 0, "count": 0, "marked": false}, "ratingColor": "C5DE35", "location": {"formattedAddress": ["1A/2A/3A Commonwealth Dr.", "141001", "Singapore"], "postalCode": "141001", "lat": 1.2998800834337652, "lng": 103.79801273345947, "country": "Singapore", "distance": 286, "city": "Singapore", "cc": "SG", "address": "1A/2A/3A Commonwealth Dr.", "labeledLatLngs": [{"lng": 103.79801273345947, "label": "display", "lat": 1.2998800834337652}]}, "hours": {"isLocalHoliday": false, "isOpen": true, "status": "Likely open"}, "verified": false, "hereNow": {"groups": [], "summary": "Nobody here", "count": 0}}, "referralId": "e-3-4b5bb91af964a520441229e3-1", "tips": [{"id": "4c8f430aad70a1437414900f", "text": "\u8001\u592b\u5b50 fishball noodle is yummy...", "disagreeCount": 0, "logView": true, "createdAt": 1284457226, "likes": {"groups": [], "summary": "9 likes", "count": 9}, "todo": {"count": 2}, "agreeCount": 1, "canonicalUrl": "https://foursquare.com/item/4c8f430aad70a1437414900f", "type": "user", "user": {"gender": "female", "id": "2865230", "photo": {"prefix": "https://igx.4sqi.net/img/user/", "suffix": "/3IBUDJIQH1T0ANHB.jpg"}, "firstName": "\u3055\u308c\u306a Sarena", "lastName": "Tan"}}]}, {"reasons": {"items": [{"reasonName": "globalInteractionReason", "summary": "This spot is popular", "type": "general"}], "count": 0}, "venue": {"hereNow": {"groups": [], "summary": "Nobody here", "count": 0}, "contact": {}, "photos": {"groups": [], "count": 0}, "rating": 7.9, "name": "Two Chefs Eating Place", "ratingSignals": 199, "allowMenuUrlEdit": true, "categories": [{"pluralName": "Chinese Restaurants", "id": "4bf58dd8d48988d145941735", "primary": true, "icon": {"prefix": "https://ss3.4sqi.net/img/categories_v2/food/asian_", "suffix": ".png"}, "name": "Chinese Restaurant", "shortName": "Chinese"}], "stats": {"checkinsCount": 6067, "usersCount": 3567, "tipCount": 98}, "id": "4b5ae13df964a52083d828e3", "beenHere": {"lastCheckinExpiredAt": 0, "count": 0, "marked": false}, "ratingColor": "C5DE35", "location": {"formattedAddress": ["116 Commonwealth Crescent #01-129", "140116", "Singapore"], "postalCode": "140116", "lat": 1.3073566413763658, "lng": 103.8001377911888, "country": "Singapore", "distance": 584, "city": "Singapore", "cc": "SG", "address": "116 Commonwealth Crescent #01-129", "labeledLatLngs": [{"lng": 103.8001377911888, "label": "display", "lat": 1.3073566413763658}]}, "hours": {"isLocalHoliday": false, "isOpen": true, "status": "Likely open"}, "verified": false, "price": {"tier": 1, "currency": "$", "message": "Cheap"}}, "referralId": "e-3-4b5ae13df964a52083d828e3-2", "tips": [{"id": "4cef36ea7db3224b8d922b2e", "text": "Drunken seaham is Gd!", "disagreeCount": 0, "logView": true, "createdAt": 1290745578, "likes": {"groups": [], "summary": "3 likes", "count": 3}, "todo": {"count": 0}, "agreeCount": 0, "canonicalUrl": "https://foursquare.com/item/4cef36ea7db3224b8d922b2e", "type": "user", "user": {"gender": "male", "id": "4707476", "photo": {"prefix": "https://igx.4sqi.net/img/user/", "suffix": "/MJS4TN2NY5MNZCQ1.jpg"}, "firstName": "Wayne", "lastName": "Tan"}}]}, {"reasons": {"items": [{"reasonName": "globalInteractionReason", "summary": "This spot is popular", "type": "general"}], "count": 0}, "venue": {"hereNow": {"groups": [], "summary": "Nobody here", "count": 0}, "contact": {}, "photos": {"groups": [], "count": 0}, "rating": 8.0, "name": "The Lawn Grill & Salad Cafe", "ratingSignals": 55, "allowMenuUrlEdit": true, "categories": [{"pluralName": "Salad Places", "id": "4bf58dd8d48988d1bd941735", "primary": true, "icon": {"prefix": "https://ss3.4sqi.net/img/categories_v2/food/salad_", "suffix": ".png"}, "name": "Salad Place", "shortName": "Salad"}], "stats": {"checkinsCount": 1062, "usersCount": 434, "tipCount": 20}, "id": "4ed6fd87f5b915cfe1c829a0", "beenHere": {"lastCheckinExpiredAt": 0, "count": 0, "marked": false}, "url": "http://www.thelawn.com.sg", "ratingColor": "73CF42", "location": {"lng": 103.79219770431519, "formattedAddress": ["#01-07, Nanos (31 Biopolis Way)", "Singapore"], "lat": 1.3043528527705404, "crossStreet": "31 Biopolis Way", "country": "Singapore", "distance": 712, "city": "Singapore", "cc": "SG", "address": "#01-07, Nanos", "labeledLatLngs": [{"lng": 103.79219770431519, "label": "display", "lat": 1.3043528527705404}]}, "hours": {"isLocalHoliday": false, "isOpen": true, "status": "Likely open"}, "verified": false, "price": {"tier": 1, "currency": "$", "message": "Cheap"}}, "referralId": "e-3-4ed6fd87f5b915cfe1c829a0-3", "tips": [{"id": "4f5d7c4fe4b03a6a1352b9b3", "text": "Must try their olive rice!", "disagreeCount": 0, "logView": true, "createdAt": 1331526735, "likes": {"groups": [], "summary": "5 likes", "count": 5}, "todo": {"count": 1}, "agreeCount": 5, "canonicalUrl": "https://foursquare.com/item/4f5d7c4fe4b03a6a1352b9b3", "type": "user", "user": {"gender": "female", "id": "17233552", "photo": {"prefix": "https://igx.4sqi.net/img/user/", "suffix": "/5IIV1C4NMSFU3S45.jpg"}, "firstName": "Stephanie", "lastName": "Sng"}}]}, {"reasons": {"items": [{"reasonName": "globalInteractionReason", "summary": "This spot is popular", "type": "general"}], "count": 0}, "venue": {"hereNow": {"groups": [], "summary": "Nobody here", "count": 0}, "contact": {"phone": "+6564789495", "formattedPhone": "+65 6478 9495"}, "photos": {"groups": [], "count": 0}, "rating": 7.9, "name": "Raj Restaurant", "ratingSignals": 29, "allowMenuUrlEdit": true, "categories": [{"pluralName": "Indian Restaurants", "id": "4bf58dd8d48988d10f941735", "primary": true, "icon": {"prefix": "https://ss3.4sqi.net/img/categories_v2/food/indian_", "suffix": ".png"}, "name": "Indian Restaurant", "shortName": "Indian"}], "stats": {"checkinsCount": 508, "usersCount": 233, "tipCount": 9}, "id": "4ba4b1ddf964a520f3ac38e3", "beenHere": {"lastCheckinExpiredAt": 0, "count": 0, "marked": false}, "ratingColor": "C5DE35", "location": {"lng": 103.79171093926051, "formattedAddress": ["#01-03, Centros (20 Biopolis Way)", "Singapore"], "lat": 1.3035757320216332, "crossStreet": "20 Biopolis Way", "country": "Singapore", "distance": 744, "city": "Singapore", "cc": "SG", "address": "#01-03, Centros", "labeledLatLngs": [{"lng": 103.79171093926051, "label": "display", "lat": 1.3035757320216332}]}, "hours": {"isLocalHoliday": false, "isOpen": true, "status": "Likely open"}, "verified": false, "price": {"tier": 2, "currency": "$", "message": "Moderate"}}, "referralId": "e-3-4ba4b1ddf964a520f3ac38e3-4", "tips": [{"id": "57ee62b0498e48734f7f6791", "text": "Indian vegetarian food. They have both North and South Indian dishes, all pretty good.", "disagreeCount": 0, "createdAt": 1475240624, "logView": true, "todo": {"count": 0}, "agreeCount": 0, "canonicalUrl": "https://foursquare.com/item/57ee62b0498e48734f7f6791", "type": "user", "user": {"gender": "none", "id": "106919134", "photo": {"prefix": "https://igx.4sqi.net/img/user/", "default": true, "suffix": "/blank_boy.png"}, "firstName": "safia", "lastName": "r"}}]}, {"reasons": {"items": [{"reasonName": "globalInteractionReason", "summary": "This spot is popular", "type": "general"}], "count": 0}, "venue": {"hereNow": {"groups": [], "summary": "Nobody here", "count": 0}, "contact": {}, "photos": {"groups": [], "count": 0}, "rating": 6.8, "name": "Ru Yi Yuan Vegetarian", "ratingSignals": 8, "allowMenuUrlEdit": true, "categories": [{"pluralName": "Vegetarian / Vegan Restaurants", "id": "4bf58dd8d48988d1d3941735", "primary": true, "icon": {"prefix": "https://ss3.4sqi.net/img/categories_v2/food/vegetarian_", "suffix": ".png"}, "name": "Vegetarian / Vegan Restaurant", "shortName": "Vegetarian / Vegan"}], "stats": {"checkinsCount": 414, "usersCount": 79, "tipCount": 4}, "id": "4dd1ca62c65b9d071f8e64f8", "beenHere": {"lastCheckinExpiredAt": 0, "count": 0, "marked": false}, "ratingColor": "FFC800", "location": {"formattedAddress": ["46-1 Tanglin Halt Road", "148812", "Singapore"], "postalCode": "148812", "lat": 1.2997100466906555, "lng": 103.79835503516578, "country": "Singapore", "distance": 303, "city": "Singapore", "cc": "SG", "address": "46-1 Tanglin Halt Road", "labeledLatLngs": [{"lng": 103.79835503516578, "label": "display", "lat": 1.2997100466906555}]}, "hours": {"isLocalHoliday": false, "isOpen": false, "status": "Closed until 7:30 AM tomorrow"}, "verified": false, "price": {"tier": 2, "currency": "$", "message": "Moderate"}}, "referralId": "e-3-4dd1ca62c65b9d071f8e64f8-5", "tips": [{"id": "51d8e87a498e52d55f5b3a70", "text": "Quote: \"...\u5982\u610f\u56ed\u7d20\u98df Blk 46 Tanglin Halt Road (S)142046 Ben Sin Eating House Opening Hours: 6.30am-11.30am (Closed Alternate Wed)...\"", "disagreeCount": 0, "logView": true, "createdAt": 1373169786, "likes": {"groups": [], "summary": "2 likes", "count": 2}, "todo": {"count": 0}, "agreeCount": 2, "canonicalUrl": "https://foursquare.com/item/51d8e87a498e52d55f5b3a70", "type": "user", "user": {"gender": "male", "id": "44281896", "photo": {"prefix": "https://igx.4sqi.net/img/user/", "suffix": "/BY13F5T2JHUBDMJP.jpg"}, "firstName": "Neu", "lastName": "Tea"}}]}, {"reasons": {"items": [{"reasonName": "globalInteractionReason", "summary": "This spot is popular", "type": "general"}], "count": 0}, "venue": {"hereNow": {"groups": [], "summary": "Nobody here", "count": 0}, "contact": {"facebook": "458316097652109", "facebookUsername": "cooccicontemporaryjap", "facebookName": "Coocci Contemporary Japanese", "phone": "+6584995146", "formattedPhone": "+65 8499 5146"}, "photos": {"groups": [], "count": 0}, "rating": 6.9, "name": "Coocci Contemporary Japanese", "ratingSignals": 15, "allowMenuUrlEdit": true, "categories": [{"pluralName": "Japanese Restaurants", "id": "4bf58dd8d48988d111941735", "primary": true, "icon": {"prefix": "https://ss3.4sqi.net/img/categories_v2/food/japanese_", "suffix": ".png"}, "name": "Japanese Restaurant", "shortName": "Japanese"}], "stats": {"checkinsCount": 115, "usersCount": 80, "tipCount": 5}, "id": "509b3aa9e4b0541c5e2d991b", "beenHere": {"lastCheckinExpiredAt": 0, "count": 0, "marked": false}, "ratingColor": "FFC800", "location": {"formattedAddress": ["117 Commonwealth Crescent", "140117", "Singapore"], "postalCode": "140117", "lat": 1.3069756691983228, "lng": 103.8002283445041, "country": "Singapore", "distance": 548, "city": "Singapore", "cc": "SG", "address": "117 Commonwealth Crescent", "labeledLatLngs": [{"lng": 103.8002283445041, "label": "display", "lat": 1.3069756691983228}]}, "hours": {"isLocalHoliday": false, "isOpen": false, "status": "Closed until Noon tomorrow"}, "verified": false, "price": {"tier": 2, "currency": "$", "message": "Moderate"}}, "referralId": "e-3-509b3aa9e4b0541c5e2d991b-6", "tips": [{"id": "551931a8498e583373827c8c", "text": "Chicken roulade", "disagreeCount": 0, "createdAt": 1427714472, "logView": true, "todo": {"count": 0}, "agreeCount": 0, "canonicalUrl": "https://foursquare.com/item/551931a8498e583373827c8c", "type": "user", "user": {"gender": "none", "id": "113594103", "photo": {"prefix": "https://igx.4sqi.net/img/user/", "default": true, "suffix": "/blank_boy.png"}, "firstName": "allison", "lastName": "kean"}}]}, {"reasons": {"items": [{"reasonName": "globalInteractionReason", "summary": "This spot is popular", "type": "general"}], "count": 0}, "venue": {"hereNow": {"groups": [], "summary": "Nobody here", "count": 0}, "contact": {}, "photos": {"groups": [], "count": 0}, "rating": 6.4, "name": "\u5e7f\u5dde\u9762\u98df Wanton Noodle", "ratingSignals": 11, "allowMenuUrlEdit": true, "categories": [{"pluralName": "Noodle Houses", "id": "4bf58dd8d48988d1d1941735", "primary": true, "icon": {"prefix": "https://ss3.4sqi.net/img/categories_v2/food/ramen_", "suffix": ".png"}, "name": "Noodle House", "shortName": "Noodles"}], "stats": {"checkinsCount": 285, "usersCount": 98, "tipCount": 7}, "id": "4f155aa1e4b0a6ade41e3b9a", "beenHere": {"lastCheckinExpiredAt": 0, "count": 0, "marked": false}, "ratingColor": "FFC800", "location": {"lng": 103.79778342631582, "formattedAddress": ["#01-04 Tanglin Halt Market & Food Centre (48A Tanglin Halt Road)", "148813", "Singapore"], "postalCode": "148813", "lat": 1.3003195823330937, "crossStreet": "48A Tanglin Halt Road", "country": "Singapore", "distance": 242, "city": "Singapore", "cc": "SG", "address": "#01-04 Tanglin Halt Market & Food Centre", "labeledLatLngs": [{"lng": 103.79778342631582, "label": "display", "lat": 1.3003195823330937}]}, "hours": {"isLocalHoliday": false, "isOpen": false, "status": "Closed until 5:00 PM tomorrow"}, "verified": false, "price": {"tier": 1, "currency": "$", "message": "Cheap"}}, "referralId": "e-3-4f155aa1e4b0a6ade41e3b9a-7", "tips": [{"id": "5204ad7e498e3be6c82ae203", "text": "Used to be great. Standards declining precipitously. Disappointing. Open till late (3am) most days.", "disagreeCount": 0, "logView": true, "createdAt": 1376038270, "likes": {"groups": [], "summary": "2 likes", "count": 2}, "todo": {"count": 0}, "agreeCount": 2, "canonicalUrl": "https://foursquare.com/item/5204ad7e498e3be6c82ae203", "type": "user", "user": {"gender": "male", "id": "113201", "photo": {"prefix": "https://igx.4sqi.net/img/user/", "suffix": "/113201_1259743369979.jpg"}, "firstName": "Adrianna", "lastName": "Tan"}}]}, {"reasons": {"items": [{"reasonName": "globalInteractionReason", "summary": "This spot is popular", "type": "general"}], "count": 0}, "venue": {"hereNow": {"groups": [], "summary": "Nobody here", "count": 0}, "contact": {}, "photos": {"groups": [], "count": 0}, "rating": 6.3, "name": "Indulgence Western Food", "ratingSignals": 10, "allowMenuUrlEdit": true, "categories": [{"pluralName": "Fried Chicken Joints", "id": "4d4ae6fc7a7b7dea34424761", "primary": true, "icon": {"prefix": "https://ss3.4sqi.net/img/categories_v2/food/friedchicken_", "suffix": ".png"}, "name": "Fried Chicken Joint", "shortName": "Fried Chicken"}], "stats": {"checkinsCount": 111, "usersCount": 25, "tipCount": 3}, "id": "50852a0ae4b068d89df08a60", "beenHere": {"lastCheckinExpiredAt": 0, "count": 0, "marked": false}, "ratingColor": "FFC800", "location": {"lng": 103.79777776683436, "formattedAddress": ["#01-06 Tanglin Halt Market & Food Centre (48A Tanglin Halt Road)", "148813", "Singapore"], "postalCode": "148813", "lat": 1.300327906752319, "crossStreet": "48A Tanglin Halt Road", "distance": 242, "country": "Singapore", "cc": "SG", "address": "#01-06 Tanglin Halt Market & Food Centre", "labeledLatLngs": [{"lng": 103.79777776683436, "label": "display", "lat": 1.300327906752319}]}, "verified": false, "price": {"tier": 1, "currency": "$", "message": "Cheap"}}, "referralId": "e-3-50852a0ae4b068d89df08a60-8", "tips": [{"id": "50eebc08e4b06c9e661ba519", "text": "$10.50 buys you the best steak you'll ever eat from a coffee shop/hawkers centre stall. Hell, better than some restaurants. However: make sure the fat guy is there. The woman tends to overcook it.", "disagreeCount": 0, "logView": true, "createdAt": 1357822984, "likes": {"groups": [], "summary": "2 likes", "count": 2}, "todo": {"count": 0}, "agreeCount": 2, "canonicalUrl": "https://foursquare.com/item/50eebc08e4b06c9e661ba519", "type": "user", "user": {"gender": "male", "id": "200696", "photo": {"prefix": "https://igx.4sqi.net/img/user/", "suffix": "/0DG0Q0X2KOE4CUPD.jpg"}, "firstName": "Jose", "lastName": "Mella"}}]}, {"reasons": {"items": [{"reasonName": "globalInteractionReason", "summary": "This spot is popular", "type": "general"}], "count": 0}, "venue": {"contact": {"facebook": "1518247191781854", "facebookUsername": "leanbentocom", "facebookName": "LEAN BENTO \u30ea\u30fc\u30f3\u5f01\u5f53", "formattedPhone": "+65 6750 4504", "twitter": "leanbentocom", "phone": "+6567504504"}, "photos": {"groups": [], "count": 0}, "rating": 7.0, "name": "Lean Bento", "ratingSignals": 19, "allowMenuUrlEdit": true, "categories": [{"pluralName": "Bistros", "id": "52e81612bcbc57f1066b79f1", "primary": true, "icon": {"prefix": "https://ss3.4sqi.net/img/categories_v2/food/default_", "suffix": ".png"}, "name": "Bistro", "shortName": "Bistro"}], "stats": {"checkinsCount": 356, "usersCount": 123, "tipCount": 7}, "id": "552ce2f0498e405cd680508f", "beenHere": {"lastCheckinExpiredAt": 0, "count": 0, "marked": false}, "url": "http://leanbento.com", "ratingColor": "C5DE35", "location": {"formattedAddress": ["#01-49 43 Holland Drive", "270043", "Singapore"], "postalCode": "270043", "lat": 1.3071201737046136, "lng": 103.79316329956055, "country": "Singapore", "distance": 773, "city": "Singapore", "cc": "SG", "address": "#01-49 43 Holland Drive", "labeledLatLngs": [{"lng": 103.79316329956055, "label": "display", "lat": 1.3071201737046136}]}, "hours": {"isLocalHoliday": false, "isOpen": false, "status": "Closed until 8:30 AM tomorrow"}, "verified": false, "hereNow": {"groups": [{"items": [], "name": "Other people here", "count": 1, "type": "others"}], "summary": "One other person is here", "count": 1}}, "referralId": "e-3-552ce2f0498e405cd680508f-9", "tips": [{"id": "556ef5db498ecc339894940e", "text": "\ud83d\udc4dTried Shoyu salmon, love it. Also love the egg. \ud83d\udc4eVeggies kind of bland. Coconut water is slightly ex.", "disagreeCount": 0, "logView": true, "createdAt": 1433335259, "likes": {"groups": [], "summary": "1 like", "count": 1}, "todo": {"count": 1}, "agreeCount": 1, "canonicalUrl": "https://foursquare.com/item/556ef5db498ecc339894940e", "type": "user", "user": {"gender": "female", "id": "121302952", "photo": {"prefix": "https://igx.4sqi.net/img/user/", "default": true, "suffix": "/blank_girl.png"}, "firstName": "Lena", "lastName": "Lim"}}]}, {"reasons": {"items": [{"reasonName": "globalInteractionReason", "summary": "This spot is popular", "type": "general"}], "count": 0}, "venue": {"hereNow": {"groups": [], "summary": "Nobody here", "count": 0}, "contact": {}, "photos": {"groups": [], "count": 0}, "rating": 6.2, "name": "Guan Kim Restaurant", "ratingSignals": 13, "allowMenuUrlEdit": true, "categories": [{"pluralName": "Chinese Restaurants", "id": "4bf58dd8d48988d145941735", "primary": true, "icon": {"prefix": "https://ss3.4sqi.net/img/categories_v2/food/asian_", "suffix": ".png"}, "name": "Chinese Restaurant", "shortName": "Chinese"}], "stats": {"checkinsCount": 220, "usersCount": 113, "tipCount": 9}, "id": "4baf4e78f964a520d3f63be3", "beenHere": {"lastCheckinExpiredAt": 0, "count": 0, "marked": false}, "ratingColor": "FFC800", "location": {"formattedAddress": ["Tanglin Halt Road", "Singapore"], "lat": 1.3005087736173506, "lng": 103.79806640069138, "country": "Singapore", "distance": 216, "city": "Singapore", "cc": "SG", "address": "Tanglin Halt Road", "labeledLatLngs": [{"lng": 103.79806640069138, "label": "display", "lat": 1.3005087736173506}]}, "verified": false, "price": {"tier": 1, "currency": "$", "message": "Cheap"}}, "referralId": "e-3-4baf4e78f964a520d3f63be3-10", "tips": [{"id": "4d0b32706aa054810d8be8aa", "text": "Tk e hor fun", "disagreeCount": 0, "logView": true, "createdAt": 1292579440, "likes": {"groups": [], "summary": "1 like", "count": 1}, "todo": {"count": 0}, "agreeCount": 0, "canonicalUrl": "https://foursquare.com/item/4d0b32706aa054810d8be8aa", "type": "user", "user": {"gender": "male", "id": "4450910", "photo": {"prefix": "https://igx.4sqi.net/img/user/", "suffix": "/JINFXALQEHKJMEPN.jpg"}, "firstName": "Ryan", "lastName": "Ong"}}]}, {"reasons": {"items": [{"reasonName": "globalInteractionReason", "summary": "This spot is popular", "type": "general"}], "count": 0}, "venue": {"contact": {}, "photos": {"groups": [], "count": 0}, "rating": 6.6, "name": "Commonwealth Crescent Market & Food Centre", "ratingSignals": 90, "allowMenuUrlEdit": true, "categories": [{"pluralName": "Food Courts", "id": "4bf58dd8d48988d120951735", "primary": true, "icon": {"prefix": "https://ss3.4sqi.net/img/categories_v2/shops/food_foodcourt_", "suffix": ".png"}, "name": "Food Court", "shortName": "Food Court"}], "stats": {"checkinsCount": 3932, "usersCount": 1349, "tipCount": 66}, "id": "4b6bae1af964a5204f152ce3", "beenHere": {"lastCheckinExpiredAt": 0, "count": 0, "marked": false}, "ratingColor": "FFC800", "location": {"formattedAddress": ["31 Commonwealth Crescent", "140000", "Singapore"], "postalCode": "140000", "lat": 1.3068494774408463, "lng": 103.80042077050078, "country": "Singapore", "distance": 544, "city": "Singapore", "cc": "SG", "address": "31 Commonwealth Crescent", "labeledLatLngs": [{"lng": 103.80042077050078, "label": "display", "lat": 1.3068494774408463}]}, "hours": {"isLocalHoliday": false, "isOpen": false}, "verified": false, "hereNow": {"groups": [], "summary": "Nobody here", "count": 0}}, "referralId": "e-3-4b6bae1af964a5204f152ce3-11", "tips": [{"logView": true, "photo": {"id": "5208685e498e23a2f4175263", "visibility": "public", "source": {"name": "Foursquare for iOS", "url": "https://foursquare.com/download/#/iphone"}, "suffix": "/231366_CLZI2x49vBZZlxR65S4AGFT4OjJEYfRx4ievxo3rIlU.jpg", "createdAt": 1376282718, "prefix": "https://igx.4sqi.net/img/general/", "width": 960, "height": 720}, "createdAt": 1376282714, "todo": {"count": 0}, "agreeCount": 8, "likes": {"groups": [], "summary": "7 likes", "count": 7}, "lastVoteText": "Upvoted 5 days ago", "id": "5208685a11d288f740574e3d", "text": "Traditional desserts: Xi Le Ting #02-70 is run by an elderly lady, who prepares & serves ONLY 4 warm items: cheng tng, red bean soup,  green bean soup, & tua bek (white oats). Simple & nostalgic :-)", "disagreeCount": 0, "lastUpvoteTimestamp": 1498606266, "user": {"gender": "male", "id": "231366", "photo": {"prefix": "https://igx.4sqi.net/img/user/", "suffix": "/231366-Q2ZSAEF50GYUXPDA.jpg"}, "firstName": "Cheen", "lastName": "The Curious"}, "canonicalUrl": "https://foursquare.com/item/5208685a11d288f740574e3d", "type": "user", "photourl": "https://igx.4sqi.net/img/general/original/231366_CLZI2x49vBZZlxR65S4AGFT4OjJEYfRx4ievxo3rIlU.jpg"}]}, {"reasons": {"items": [{"reasonName": "globalInteractionReason", "summary": "This spot is popular", "type": "general"}], "count": 0}, "venue": {"hereNow": {"groups": [], "summary": "Nobody here", "count": 0}, "contact": {}, "photos": {"groups": [], "count": 0}, "rating": 6.3, "name": "No 1 Western Food", "ratingSignals": 13, "allowMenuUrlEdit": true, "categories": [{"pluralName": "Diners", "id": "4bf58dd8d48988d147941735", "primary": true, "icon": {"prefix": "https://ss3.4sqi.net/img/categories_v2/food/diner_", "suffix": ".png"}, "name": "Diner", "shortName": "Diner"}], "stats": {"checkinsCount": 221, "usersCount": 87, "tipCount": 10}, "id": "4c629e9586b6be9add6e8c34", "beenHere": {"lastCheckinExpiredAt": 0, "count": 0, "marked": false}, "ratingColor": "FFC800", "location": {"lng": 103.797862, "formattedAddress": ["#01-13, Tanglin Halt (Commonwealth Drive) Food Centre (1A/2A/3A Commonwealth Dr.)", "Singapore"], "lat": 1.2998259659622688, "crossStreet": "1A/2A/3A Commonwealth Dr.", "country": "Singapore", "distance": 294, "city": "Singapore", "cc": "SG", "address": "#01-13, Tanglin Halt (Commonwealth Drive) Food Centre", "labeledLatLngs": [{"lng": 103.797862, "label": "display", "lat": 1.2998259659622688}]}, "verified": false, "price": {"tier": 1, "currency": "$", "message": "Cheap"}}, "referralId": "e-3-4c629e9586b6be9add6e8c34-12", "tips": [{"id": "4c629f68e1621b8ddad02353", "text": "When old man says no. 1 he means no. 1! Been doing this for decades. Excellent chicken chop and other british colonial  standbys done in best hainanese tradition. Don't play play.", "disagreeCount": 0, "createdAt": 1281531752, "logView": true, "todo": {"count": 2}, "agreeCount": 0, "canonicalUrl": "https://foursquare.com/item/4c629f68e1621b8ddad02353", "type": "user", "user": {"gender": "male", "id": "766601", "photo": {"prefix": "https://igx.4sqi.net/img/user/", "suffix": "/GKWKGP1CXMEOY1QT.jpg"}, "firstName": "^_^", "lastName": "Ee"}}]}, {"reasons": {"items": [{"reasonName": "globalInteractionReason", "summary": "This spot is popular", "type": "general"}], "count": 0}, "venue": {"hereNow": {"groups": [], "summary": "Nobody here", "count": 0}, "contact": {}, "photos": {"groups": [], "count": 0}, "rating": 6.5, "name": "\u8363\u8bb0 Eng Kee Chicken Wing (Eng Kee Chicken Wing)", "ratingSignals": 61, "allowMenuUrlEdit": true, "categories": [{"pluralName": "Chinese Restaurants", "id": "4bf58dd8d48988d145941735", "primary": true, "icon": {"prefix": "https://ss3.4sqi.net/img/categories_v2/food/asian_", "suffix": ".png"}, "name": "Chinese Restaurant", "shortName": "Chinese"}], "stats": {"checkinsCount": 1598, "usersCount": 759, "tipCount": 42}, "id": "4bc9bc0b511f95218e1daec7", "beenHere": {"lastCheckinExpiredAt": 0, "count": 0, "marked": false}, "ratingColor": "FFC800", "location": {"lng": 103.79978123810037, "formattedAddress": ["Sin Kee Heong Kopitiam (117 Commonwealth Crescent. #01-711.)", "140117", "Singapore"], "postalCode": "140117", "lat": 1.3066765267275007, "crossStreet": "117 Commonwealth Crescent. #01-711.", "country": "Singapore", "distance": 499, "city": "Singapore", "cc": "SG", "address": "Sin Kee Heong Kopitiam", "labeledLatLngs": [{"lng": 103.79978123810037, "label": "display", "lat": 1.3066765267275007}]}, "hours": {"isLocalHoliday": false, "isOpen": true, "status": "Open until 10:30 PM"}, "verified": false, "price": {"tier": 1, "currency": "$", "message": "Cheap"}}, "referralId": "e-3-4bc9bc0b511f95218e1daec7-13", "tips": [{"id": "4c2b3b2bd1a10f47388ef764", "text": "its CLOSED on SUNDAYS ... operates 11am to 10pm plus", "disagreeCount": 0, "logView": true, "createdAt": 1277901611, "likes": {"groups": [], "summary": "6 likes", "count": 6}, "todo": {"count": 0}, "agreeCount": 0, "canonicalUrl": "https://foursquare.com/item/4c2b3b2bd1a10f47388ef764", "type": "user", "user": {"gender": "male", "id": "1793719", "photo": {"prefix": "https://igx.4sqi.net/img/user/", "suffix": "/IWEOIERLOFRGDMBZ.jpg"}, "firstName": "Robert Wesley", "lastName": "Seng"}}]}, {"reasons": {"items": [{"reasonName": "globalInteractionReason", "summary": "This spot is popular", "type": "general"}], "count": 0}, "venue": {"hereNow": {"groups": [], "summary": "Nobody here", "count": 0}, "contact": {"facebook": "1387957611432869", "facebookUsername": "CurbsideCafeSG", "facebookName": "Curbside Cafe & Wine Bar", "phone": "+6591545115", "formattedPhone": "+65 9154 5115"}, "photos": {"groups": [], "count": 0}, "rating": 6.4, "name": "Curbside Cafe & Wine Bar", "ratingSignals": 21, "allowMenuUrlEdit": true, "categories": [{"pluralName": "Caf\u00e9s", "id": "4bf58dd8d48988d16d941735", "primary": true, "icon": {"prefix": "https://ss3.4sqi.net/img/categories_v2/food/cafe_", "suffix": ".png"}, "name": "Caf\u00e9", "shortName": "Caf\u00e9"}], "stats": {"checkinsCount": 129, "usersCount": 84, "tipCount": 18}, "id": "5349dc91498e5e5f230f5ce9", "beenHere": {"lastCheckinExpiredAt": 0, "count": 0, "marked": false}, "ratingColor": "FFC800", "location": {"lng": 103.79265037418016, "formattedAddress": ["#01-21, Nucleos (21 Biopolis Rd.)", "138567", "Singapore"], "postalCode": "138567", "lat": 1.3015812114593304, "crossStreet": "21 Biopolis Rd.", "country": "Singapore", "distance": 636, "city": "Singapore", "cc": "SG", "address": "#01-21, Nucleos", "labeledLatLngs": [{"lng": 103.79265037418016, "label": "display", "lat": 1.3015812114593304}]}, "hours": {"isLocalHoliday": false, "isOpen": true, "status": "Open until 10:00 PM"}, "verified": false, "price": {"tier": 1, "currency": "$", "message": "Cheap"}}, "referralId": "e-3-5349dc91498e5e5f230f5ce9-14", "tips": [{"id": "53e790d6498e1f3f1a1fab4e", "text": "Nice and quiet on a Sunday afternoon.", "disagreeCount": 0, "logView": true, "createdAt": 1407684822, "likes": {"groups": [], "summary": "2 likes", "count": 2}, "todo": {"count": 0}, "agreeCount": 2, "canonicalUrl": "https://foursquare.com/item/53e790d6498e1f3f1a1fab4e", "type": "user", "user": {"gender": "female", "id": "15568460", "photo": {"prefix": "https://igx.4sqi.net/img/user/", "suffix": "/XRSVJ1T5YGSKSV45.jpg"}, "firstName": "Cailin", "lastName": "Lim"}}]}, {"reasons": {"items": [{"reasonName": "globalInteractionReason", "summary": "This spot is popular", "type": "general"}], "count": 0}, "venue": {"hereNow": {"groups": [], "summary": "Nobody here", "count": 0}, "contact": {"phone": "+6564756102", "formattedPhone": "+65 6475 6102"}, "photos": {"groups": [], "count": 0}, "rating": 6.1, "name": "McDonald's", "ratingSignals": 121, "allowMenuUrlEdit": true, "categories": [{"pluralName": "Fast Food Restaurants", "id": "4bf58dd8d48988d16e941735", "primary": true, "icon": {"prefix": "https://ss3.4sqi.net/img/categories_v2/food/fastfood_", "suffix": ".png"}, "name": "Fast Food Restaurant", "shortName": "Fast Food"}], "stats": {"checkinsCount": 9037, "usersCount": 4419, "tipCount": 42}, "id": "4b0dc77bf964a520fd4f23e3", "beenHere": {"lastCheckinExpiredAt": 0, "count": 0, "marked": false}, "url": "http://www.mcdonalds.com.sg", "ratingColor": "FFC800", "location": {"lng": 103.80184699526208, "formattedAddress": ["Ridout Tea Garden (580 Queensway)", "149066", "Singapore"], "postalCode": "149066", "lat": 1.3042962481281233, "crossStreet": "580 Queensway", "country": "Singapore", "distance": 445, "city": "Singapore", "cc": "SG", "address": "Ridout Tea Garden", "labeledLatLngs": [{"lng": 103.80184699526208, "label": "display", "lat": 1.3042962481281233}]}, "hours": {"isLocalHoliday": false, "isOpen": true, "status": "Open"}, "verified": false, "price": {"tier": 1, "currency": "$", "message": "Cheap"}}, "referralId": "e-3-4b0dc77bf964a520fd4f23e3-15", "tips": [{"id": "4ca34d987f84224b6f92c358", "text": "It's just another macdonalds...really :)", "disagreeCount": 0, "logView": true, "createdAt": 1285770648, "likes": {"groups": [], "summary": "3 likes", "count": 3}, "todo": {"count": 0}, "agreeCount": 0, "canonicalUrl": "https://foursquare.com/item/4ca34d987f84224b6f92c358", "type": "user", "user": {"gender": "male", "id": "3527223", "photo": {"prefix": "https://igx.4sqi.net/img/user/", "suffix": "/VR34BZ1L4ECEGOVR.jpg"}, "firstName": "Jeffrey", "lastName": "Cheng"}}]}, {"reasons": {"items": [{"reasonName": "globalInteractionReason", "summary": "This spot is popular", "type": "general"}], "count": 0}, "venue": {"hereNow": {"groups": [], "summary": "Nobody here", "count": 0}, "contact": {}, "photos": {"groups": [], "count": 0}, "rating": 5.9, "name": "Chef Hainanese Western Food", "ratingSignals": 8, "allowMenuUrlEdit": true, "categories": [{"pluralName": "Asian Restaurants", "id": "4bf58dd8d48988d142941735", "primary": true, "icon": {"prefix": "https://ss3.4sqi.net/img/categories_v2/food/asian_", "suffix": ".png"}, "name": "Asian Restaurant", "shortName": "Asian"}], "stats": {"checkinsCount": 114, "usersCount": 69, "tipCount": 5}, "id": "4c6a8f922c29d13a32060e41", "beenHere": {"lastCheckinExpiredAt": 0, "count": 0, "marked": false}, "ratingColor": "FF9600", "location": {"formattedAddress": ["#01-04 Commonwealth Drive Food Centre", "Singapore"], "lat": 1.2999910854439056, "lng": 103.79801546526, "country": "Singapore", "distance": 274, "city": "Singapore", "cc": "SG", "address": "#01-04 Commonwealth Drive Food Centre", "labeledLatLngs": [{"lng": 103.79801546526, "label": "display", "lat": 1.2999910854439056}]}, "verified": false, "price": {"tier": 2, "currency": "$", "message": "Moderate"}}, "referralId": "e-3-4c6a8f922c29d13a32060e41-16", "tips": [{"id": "559a66e4498e52d5d37946bc", "text": "Uncle's cooking skills is the bomb! Line up and watch him cook! Chicken chop & sirloin steak grill is great value for money!!", "disagreeCount": 0, "createdAt": 1436182244, "logView": true, "todo": {"count": 0}, "agreeCount": 0, "canonicalUrl": "https://foursquare.com/item/559a66e4498e52d5d37946bc", "type": "user", "user": {"gender": "female", "id": "1717142", "photo": {"prefix": "https://igx.4sqi.net/img/user/", "suffix": "/1717142-2ENZZ331OMJNPB3P.jpg"}, "firstName": "Gwen", "lastName": "Tan"}}]}, {"reasons": {"items": [{"reasonName": "globalInteractionReason", "summary": "This spot is popular", "type": "general"}], "count": 0}, "venue": {"hereNow": {"groups": [], "summary": "Nobody here", "count": 0}, "contact": {"phone": "+6564789945", "formattedPhone": "+65 6478 9945"}, "photos": {"groups": [], "count": 0}, "rating": 6.2, "name": "Long Black Cafe", "ratingSignals": 12, "allowMenuUrlEdit": true, "categories": [{"pluralName": "Caf\u00e9s", "id": "4bf58dd8d48988d16d941735", "primary": true, "icon": {"prefix": "https://ss3.4sqi.net/img/categories_v2/food/cafe_", "suffix": ".png"}, "name": "Caf\u00e9", "shortName": "Caf\u00e9"}], "stats": {"checkinsCount": 622, "usersCount": 240, "tipCount": 7}, "id": "4e267c35a809510950d7d5ad", "beenHere": {"lastCheckinExpiredAt": 0, "count": 0, "marked": false}, "ratingColor": "FFC800", "location": {"lng": 103.79208444874592, "formattedAddress": ["#01-02 Centros Biopolis (20 Biopolis Way)", "Singapore"], "lat": 1.3036751917529523, "crossStreet": "20 Biopolis Way", "country": "Singapore", "distance": 705, "city": "Singapore", "cc": "SG", "address": "#01-02 Centros Biopolis", "labeledLatLngs": [{"lng": 103.79208444874592, "label": "display", "lat": 1.3036751917529523}]}, "verified": false, "price": {"tier": 1, "currency": "$", "message": "Cheap"}}, "referralId": "e-3-4e267c35a809510950d7d5ad-17", "tips": [{"id": "50b6b985e4b09224a40bf1be", "text": "They actually have soy milk!", "disagreeCount": 0, "logView": true, "createdAt": 1354152325, "likes": {"groups": [], "summary": "1 like", "count": 1}, "todo": {"count": 0}, "agreeCount": 1, "canonicalUrl": "https://foursquare.com/item/50b6b985e4b09224a40bf1be", "type": "user", "user": {"gender": "female", "id": "3147815", "photo": {"prefix": "https://igx.4sqi.net/img/user/", "suffix": "/3147815-Y2EKQMHNVXEGCWQC.jpg"}, "firstName": "Dinnie", "lastName": "Lim"}}]}, {"reasons": {"items": [{"reasonName": "globalInteractionReason", "summary": "This spot is popular", "type": "general"}], "count": 0}, "venue": {"hereNow": {"groups": [], "summary": "Nobody here", "count": 0}, "contact": {"phone": "+6597829210", "formattedPhone": "+65 9782 9210"}, "photos": {"groups": [], "count": 0}, "rating": 5.7, "name": "Delicious Duck Noodle", "ratingSignals": 9, "allowMenuUrlEdit": true, "categories": [{"pluralName": "Noodle Houses", "id": "4bf58dd8d48988d1d1941735", "primary": true, "icon": {"prefix": "https://ss3.4sqi.net/img/categories_v2/food/ramen_", "suffix": ".png"}, "name": "Noodle House", "shortName": "Noodles"}], "stats": {"checkinsCount": 158, "usersCount": 66, "tipCount": 7}, "id": "4c54d4b6479fc928df15c593", "beenHere": {"lastCheckinExpiredAt": 0, "count": 0, "marked": false}, "ratingColor": "FF9600", "location": {"lng": 103.79788529702266, "formattedAddress": ["#01-23, Tanglin Halt Market (Commonwealth Drive)", "142048", "Singapore"], "postalCode": "142048", "lat": 1.300435714150175, "crossStreet": "Commonwealth Drive", "country": "Singapore", "distance": 227, "city": "Singapore", "cc": "SG", "address": "#01-23, Tanglin Halt Market", "labeledLatLngs": [{"lng": 103.79788529702266, "label": "display", "lat": 1.300435714150175}]}, "hours": {"isLocalHoliday": false, "isOpen": false, "status": "Closed until 4:00 AM tomorrow"}, "verified": false, "price": {"tier": 1, "currency": "$", "message": "Cheap"}}, "referralId": "e-3-4c54d4b6479fc928df15c593-18", "tips": [{"logView": true, "photo": {"id": "51fda139498ebaa7fd9feec5", "visibility": "public", "source": {"name": "Foursquare for iOS", "url": "https://foursquare.com/download/#/iphone"}, "suffix": "/231366_9trRKUU4DaZ9454XUh0Cqr-sBU72pFcpOZsqBpagNMs.jpg", "createdAt": 1375576377, "prefix": "https://igx.4sqi.net/img/general/", "width": 960, "height": 720}, "createdAt": 1375576373, "todo": {"count": 0}, "agreeCount": 1, "likes": {"groups": [], "summary": "1 like", "count": 1}, "id": "51fda135498e875105be2c7f", "text": "Operating hours: Updated timing: 4am(!) to 2pm daily. Closes on Mon & Fri", "disagreeCount": 0, "user": {"gender": "male", "id": "231366", "photo": {"prefix": "https://igx.4sqi.net/img/user/", "suffix": "/231366-Q2ZSAEF50GYUXPDA.jpg"}, "firstName": "Cheen", "lastName": "The Curious"}, "canonicalUrl": "https://foursquare.com/item/51fda135498e875105be2c7f", "type": "user", "photourl": "https://igx.4sqi.net/img/general/original/231366_9trRKUU4DaZ9454XUh0Cqr-sBU72pFcpOZsqBpagNMs.jpg"}]}, {"reasons": {"items": [{"reasonName": "globalInteractionReason", "summary": "This spot is popular", "type": "general"}], "count": 0}, "venue": {"hereNow": {"groups": [], "summary": "Nobody here", "count": 0}, "contact": {}, "photos": {"groups": [], "count": 0}, "rating": 6.1, "name": "Ming Kitchen", "ratingSignals": 9, "allowMenuUrlEdit": true, "categories": [{"pluralName": "Chinese Restaurants", "id": "4bf58dd8d48988d145941735", "primary": true, "icon": {"prefix": "https://ss3.4sqi.net/img/categories_v2/food/asian_", "suffix": ".png"}, "name": "Chinese Restaurant", "shortName": "Chinese"}], "stats": {"checkinsCount": 272, "usersCount": 163, "tipCount": 3}, "id": "4b5334fff964a5204d9227e3", "beenHere": {"lastCheckinExpiredAt": 0, "count": 0, "marked": false}, "ratingColor": "FFC800", "location": {"formattedAddress": ["40 Holland Drive", ", 270040", "Singapore"], "postalCode": ", 270040", "lat": 1.3068289439659808, "lng": 103.79358415633926, "country": "Singapore", "distance": 717, "city": "Singapore", "cc": "SG", "address": "40 Holland Drive", "labeledLatLngs": [{"lng": 103.79358415633926, "label": "display", "lat": 1.3068289439659808}]}, "hours": {"isLocalHoliday": false, "isOpen": true, "status": "Likely open"}, "verified": false, "price": {"tier": 1, "currency": "$", "message": "Cheap"}}, "referralId": "e-3-4b5334fff964a5204d9227e3-19", "tips": [{"logView": true, "photo": {"id": "57458daa498e266a21023f88", "visibility": "public", "source": {"name": "Foursquare for iOS", "url": "https://foursquare.com/download/#/iphone"}, "suffix": "/6887848_MXJ0A9FWUqPYhuIQDP0EBVqDtJyNbNSsYq6o8pEzvKw.jpg", "createdAt": 1464176042, "prefix": "https://igx.4sqi.net/img/general/", "width": 1440, "height": 1920}, "createdAt": 1464176039, "agreeCount": 0, "id": "57458da7498e7a10b1d67542", "text": "Crabs and zichar, awesome!", "type": "user", "disagreeCount": 0, "user": {"gender": "female", "id": "6887848", "photo": {"prefix": "https://igx.4sqi.net/img/user/", "suffix": "/04MP0ZX2X2DWZHXT.jpg"}, "firstName": "Helen", "lastName": "C"}, "canonicalUrl": "https://foursquare.com/item/57458da7498e7a10b1d67542", "todo": {"count": 0}, "photourl": "https://igx.4sqi.net/img/general/original/6887848_MXJ0A9FWUqPYhuIQDP0EBVqDtJyNbNSsYq6o8pEzvKw.jpg"}]}, {"reasons": {"items": [{"reasonName": "globalInteractionReason", "summary": "This spot is popular", "type": "general"}], "count": 0}, "venue": {"hereNow": {"groups": [], "summary": "Nobody here", "count": 0}, "contact": {}, "photos": {"groups": [], "count": 0}, "name": "Sri sun prata paradise", "allowMenuUrlEdit": true, "beenHere": {"lastCheckinExpiredAt": 0, "count": 0, "marked": false}, "stats": {"checkinsCount": 603, "usersCount": 13, "tipCount": 1}, "id": "50d335f2e4b0d3035b984468", "categories": [{"pluralName": "Indian Restaurants", "id": "4bf58dd8d48988d10f941735", "primary": true, "icon": {"prefix": "https://ss3.4sqi.net/img/categories_v2/food/indian_", "suffix": ".png"}, "name": "Indian Restaurant", "shortName": "Indian"}], "location": {"formattedAddress": ["Blk75 Commonwealth Drive", "Singapore"], "lat": 1.3016268556406707, "lng": 103.79676472347738, "distance": 193, "country": "Singapore", "cc": "SG", "address": "Blk75 Commonwealth Drive", "labeledLatLngs": [{"lng": 103.79676472347738, "label": "display", "lat": 1.3016268556406707}]}, "hours": {"isLocalHoliday": false, "isOpen": false}, "verified": false, "price": {"tier": 2, "currency": "$", "message": "Moderate"}}, "referralId": "e-3-50d335f2e4b0d3035b984468-20", "tips": [{"id": "52535b5111d2153dbb2b8aba", "text": "Friendly staff. Of course good pratas n Indian Food..... love the curries", "disagreeCount": 0, "createdAt": 1381194577, "logView": true, "todo": {"count": 0}, "agreeCount": 0, "canonicalUrl": "https://foursquare.com/item/52535b5111d2153dbb2b8aba", "type": "user", "user": {"id": "19945854", "photo": {"prefix": "https://igx.4sqi.net/img/user/", "suffix": "/FUGXWOYNEAHJA3XK.jpg"}, "firstName": "Marga", "gender": "male"}}]}, {"reasons": {"items": [{"reasonName": "globalInteractionReason", "summary": "This spot is popular", "type": "general"}], "count": 0}, "venue": {"hereNow": {"groups": [], "summary": "Nobody here", "count": 0}, "contact": {}, "photos": {"groups": [], "count": 0}, "name": "\u632f\u8208\u9910\u5ba4", "allowMenuUrlEdit": true, "beenHere": {"lastCheckinExpiredAt": 0, "count": 0, "marked": false}, "stats": {"checkinsCount": 574, "usersCount": 15, "tipCount": 0}, "id": "4d65a46be07aa35d94aca08f", "categories": [{"pluralName": "Diners", "id": "4bf58dd8d48988d147941735", "primary": true, "icon": {"prefix": "https://ss3.4sqi.net/img/categories_v2/food/diner_", "suffix": ".png"}, "name": "Diner", "shortName": "Diner"}], "location": {"formattedAddress": ["75 Commonwealth Drive #01-499", "140075", "Singapore"], "postalCode": "140075", "lat": 1.3017267831398167, "lng": 103.79685527452936, "country": "Singapore", "distance": 179, "city": "Singapore", "cc": "SG", "address": "75 Commonwealth Drive #01-499", "labeledLatLngs": [{"lng": 103.79685527452936, "label": "display", "lat": 1.3017267831398167}]}, "hours": {"isLocalHoliday": false, "isOpen": false}, "verified": false, "price": {"tier": 1, "currency": "$", "message": "Cheap"}}, "referralId": "e-3-4d65a46be07aa35d94aca08f-21"}, {"reasons": {"items": [{"reasonName": "globalInteractionReason", "summary": "This spot is popular", "type": "general"}], "count": 0}, "venue": {"hereNow": {"groups": [], "summary": "Nobody here", "count": 0}, "contact": {}, "photos": {"groups": [], "count": 0}, "name": "LJS @Commonwealth", "allowMenuUrlEdit": true, "beenHere": {"lastCheckinExpiredAt": 0, "count": 0, "marked": false}, "stats": {"checkinsCount": 55, "usersCount": 33, "tipCount": 0}, "id": "4cf64b4081cd6dcb76777a0d", "categories": [{"pluralName": "Fast Food Restaurants", "id": "4bf58dd8d48988d16e941735", "primary": true, "icon": {"prefix": "https://ss3.4sqi.net/img/categories_v2/food/fastfood_", "suffix": ".png"}, "name": "Fast Food Restaurant", "shortName": "Fast Food"}], "location": {"formattedAddress": ["Singapore"], "lat": 1.3019019666666667, "lng": 103.798502, "distance": 63, "country": "Singapore", "cc": "SG", "labeledLatLngs": [{"lng": 103.798502, "label": "display", "lat": 1.3019019666666667}]}, "verified": false, "price": {"tier": 1, "currency": "$", "message": "Cheap"}}, "referralId": "e-3-4cf64b4081cd6dcb76777a0d-22"}, {"reasons": {"items": [{"reasonName": "globalInteractionReason", "summary": "This spot is popular", "type": "general"}], "count": 0}, "venue": {"hereNow": {"groups": [], "summary": "Nobody here", "count": 0}, "contact": {}, "photos": {"groups": [], "count": 0}, "name": "Best Bakes", "allowMenuUrlEdit": true, "beenHere": {"lastCheckinExpiredAt": 0, "count": 0, "marked": false}, "stats": {"checkinsCount": 682, "usersCount": 160, "tipCount": 6}, "id": "4bd65ecc29eb9c748e1a95e1", "categories": [{"pluralName": "Bakeries", "id": "4bf58dd8d48988d16a941735", "primary": true, "icon": {"prefix": "https://ss3.4sqi.net/img/categories_v2/food/bakery_", "suffix": ".png"}, "name": "Bakery", "shortName": "Bakery"}], "location": {"lng": 103.79870592496609, "formattedAddress": ["88 Tanglin Halt Rd (opp Commonwealth MRT)", "141088", "Singapore"], "postalCode": "141088", "lat": 1.3022644158370917, "crossStreet": "opp Commonwealth MRT", "country": "Singapore", "distance": 48, "city": "Singapore", "cc": "SG", "address": "88 Tanglin Halt Rd", "labeledLatLngs": [{"lng": 103.79870592496609, "label": "display", "lat": 1.3022644158370917}]}, "hours": {"isLocalHoliday": false, "isOpen": true, "status": "Likely open"}, "verified": false, "price": {"tier": 1, "currency": "$", "message": "Cheap"}}, "referralId": "e-3-4bd65ecc29eb9c748e1a95e1-23", "tips": [{"id": "4fc89137e4b09507a8da3ed2", "text": "Cream cheese bun is soft, fluffy & generously filled xx", "disagreeCount": 0, "createdAt": 1338544439, "logView": true, "todo": {"count": 0}, "agreeCount": 0, "canonicalUrl": "https://foursquare.com/item/4fc89137e4b09507a8da3ed2", "type": "user", "user": {"gender": "female", "id": "16175637", "photo": {"prefix": "https://igx.4sqi.net/img/user/", "suffix": "/WTOOSHYPWYZPJURH.jpg"}, "firstName": "Ng", "lastName": "Huiyi"}}]}, {"reasons": {"items": [{"reasonName": "globalInteractionReason", "summary": "This spot is popular", "type": "general"}], "count": 0}, "venue": {"hereNow": {"groups": [], "summary": "Nobody here", "count": 0}, "contact": {}, "photos": {"groups": [], "count": 0}, "name": "Coffee villa", "allowMenuUrlEdit": true, "beenHere": {"lastCheckinExpiredAt": 0, "count": 0, "marked": false}, "stats": {"checkinsCount": 188, "usersCount": 71, "tipCount": 8}, "id": "4dd5be122271c5d36d12d486", "categories": [{"pluralName": "Bakeries", "id": "4bf58dd8d48988d16a941735", "primary": true, "icon": {"prefix": "https://ss3.4sqi.net/img/categories_v2/food/bakery_", "suffix": ".png"}, "name": "Bakery", "shortName": "Bakery"}], "location": {"formattedAddress": ["#01-01", "Singapore"], "lat": 1.3035636527373813, "lng": 103.79712126859597, "country": "Singapore", "distance": 181, "city": "Singapore", "cc": "SG", "address": "#01-01", "labeledLatLngs": [{"lng": 103.79712126859597, "label": "display", "lat": 1.3035636527373813}]}, "verified": false, "price": {"tier": 1, "currency": "$", "message": "Cheap"}}, "referralId": "e-3-4dd5be122271c5d36d12d486-24", "tips": [{"id": "4fd181e5e4b06145df48ee1c", "text": "The Bak Kut Teh actually taste more like pig organ soup.", "disagreeCount": 0, "createdAt": 1339130341, "logView": true, "todo": {"count": 0}, "agreeCount": 0, "canonicalUrl": "https://foursquare.com/item/4fd181e5e4b06145df48ee1c", "type": "user", "user": {"gender": "male", "id": "3807285", "photo": {"prefix": "https://igx.4sqi.net/img/user/", "suffix": "/B0KUG4QTQD3FBV0W.jpg"}, "firstName": "Alvin", "lastName": "Boo"}}]}, {"reasons": {"items": [{"reasonName": "globalInteractionReason", "summary": "This spot is popular", "type": "general"}], "count": 0}, "venue": {"hereNow": {"groups": [], "summary": "Nobody here", "count": 0}, "contact": {}, "photos": {"groups": [], "count": 0}, "name": "Tian Shui Ji Fan", "allowMenuUrlEdit": true, "beenHere": {"lastCheckinExpiredAt": 0, "count": 0, "marked": false}, "stats": {"checkinsCount": 206, "usersCount": 82, "tipCount": 3}, "id": "4cd8ce9815d8b60cb40e680e", "categories": [{"pluralName": "Asian Restaurants", "id": "4bf58dd8d48988d142941735", "primary": true, "icon": {"prefix": "https://ss3.4sqi.net/img/categories_v2/food/asian_", "suffix": ".png"}, "name": "Asian Restaurant", "shortName": "Asian"}], "location": {"formattedAddress": ["Blk 47 Tanglin Halt Market", "148813", "Singapore"], "postalCode": "148813", "lat": 1.3005179178857438, "lng": 103.79795321086995, "country": "Singapore", "distance": 217, "city": "Singapore", "cc": "SG", "address": "Blk 47 Tanglin Halt Market", "labeledLatLngs": [{"lng": 103.79795321086995, "label": "display", "lat": 1.3005179178857438}]}, "verified": false, "price": {"tier": 2, "currency": "$", "message": "Moderate"}}, "referralId": "e-3-4cd8ce9815d8b60cb40e680e-25", "tips": [{"id": "55b36e98498e9b90bd123aa9", "text": "Affordable chicken rice, rice is steamed with chicken soup base i guess, the chili sauce is good, but quite spicy too. Just dont take too much \ud83d\ude04", "disagreeCount": 0, "createdAt": 1437822616, "logView": true, "todo": {"count": 0}, "agreeCount": 0, "canonicalUrl": "https://foursquare.com/item/55b36e98498e9b90bd123aa9", "type": "user", "user": {"id": "8265279", "photo": {"prefix": "https://igx.4sqi.net/img/user/", "suffix": "/8265279-XU00PSL1YGGECV2M.jpg"}, "firstName": "Sin Wei", "gender": "female"}}]}, {"reasons": {"items": [{"reasonName": "globalInteractionReason", "summary": "This spot is popular", "type": "general"}], "count": 0}, "venue": {"hereNow": {"groups": [], "summary": "Nobody here", "count": 0}, "contact": {}, "photos": {"groups": [], "count": 0}, "name": "\u9e2d\u54e5\u54e5\u8d77\u9aa8\u9e2d\u996d", "allowMenuUrlEdit": true, "beenHere": {"lastCheckinExpiredAt": 0, "count": 0, "marked": false}, "stats": {"checkinsCount": 43, "usersCount": 19, "tipCount": 2}, "id": "4cde76f17e2e236a8e5c7f1b", "categories": [{"pluralName": "Chinese Restaurants", "id": "4bf58dd8d48988d145941735", "primary": true, "icon": {"prefix": "https://ss3.4sqi.net/img/categories_v2/food/asian_", "suffix": ".png"}, "name": "Chinese Restaurant", "shortName": "Chinese"}], "location": {"lng": 103.79787963753694, "formattedAddress": ["#01-07 Tanglin Halt Market (Near Commonwealth MRT)", "Singapore"], "lat": 1.3005188324676613, "crossStreet": "Near Commonwealth MRT", "country": "Singapore", "distance": 218, "city": "Singapore", "cc": "SG", "address": "#01-07 Tanglin Halt Market", "labeledLatLngs": [{"lng": 103.79787963753694, "label": "display", "lat": 1.3005188324676613}]}, "verified": false, "price": {"tier": 1, "currency": "$", "message": "Cheap"}}, "referralId": "e-3-4cde76f17e2e236a8e5c7f1b-26", "tips": [{"id": "4d4398d51911a093ba8bcfd8", "text": "Every time you eat, you will get different taste.", "disagreeCount": 0, "logView": true, "createdAt": 1296275669, "likes": {"groups": [], "summary": "2 likes", "count": 2}, "todo": {"count": 0}, "agreeCount": 0, "canonicalUrl": "https://foursquare.com/item/4d4398d51911a093ba8bcfd8", "type": "user", "user": {"id": "3577750", "photo": {"prefix": "https://igx.4sqi.net/img/user/", "suffix": "/SVTAHGYYBNAIWEC3.jpg"}, "firstName": "HJ", "gender": "male"}}]}, {"reasons": {"items": [{"reasonName": "globalInteractionReason", "summary": "This spot is popular", "type": "general"}], "count": 0}, "venue": {"id": "4b9e0c8df964a5200cc836e3", "hereNow": {"groups": [], "summary": "Nobody here", "count": 0}, "contact": {}, "beenHere": {"lastCheckinExpiredAt": 0, "count": 0, "marked": false}, "photos": {"groups": [], "count": 0}, "name": "Ming Lock Cafe", "location": {"formattedAddress": ["115B Commonwealth Drive", "Singapore"], "lat": 1.304449, "lng": 103.798306, "country": "Singapore", "distance": 223, "city": "Singapore", "cc": "SG", "address": "115B Commonwealth Drive", "labeledLatLngs": [{"lng": 103.798306, "label": "display", "lat": 1.304449}]}, "allowMenuUrlEdit": true, "verified": false, "categories": [{"pluralName": "Food Courts", "id": "4bf58dd8d48988d120951735", "primary": true, "icon": {"prefix": "https://ss3.4sqi.net/img/categories_v2/shops/food_foodcourt_", "suffix": ".png"}, "name": "Food Court", "shortName": "Food Court"}], "stats": {"checkinsCount": 36, "usersCount": 21, "tipCount": 0}}, "referralId": "e-3-4b9e0c8df964a5200cc836e3-27"}, {"reasons": {"items": [{"reasonName": "globalInteractionReason", "summary": "This spot is popular", "type": "general"}], "count": 0}, "venue": {"hereNow": {"groups": [], "summary": "Nobody here", "count": 0}, "contact": {}, "photos": {"groups": [], "count": 0}, "name": "Mei Jia Fried Bee Hoon", "allowMenuUrlEdit": true, "beenHere": {"lastCheckinExpiredAt": 0, "count": 0, "marked": false}, "stats": {"checkinsCount": 138, "usersCount": 23, "tipCount": 1}, "id": "4cf07c98cc61a35de6390f9e", "categories": [{"pluralName": "Noodle Houses", "id": "4bf58dd8d48988d1d1941735", "primary": true, "icon": {"prefix": "https://ss3.4sqi.net/img/categories_v2/food/ramen_", "suffix": ".png"}, "name": "Noodle House", "shortName": "Noodles"}], "location": {"formattedAddress": ["Singapore"], "lat": 1.3004175517908547, "lng": 103.79785134011183, "distance": 230, "country": "Singapore", "cc": "SG", "labeledLatLngs": [{"lng": 103.79785134011183, "label": "display", "lat": 1.3004175517908547}]}, "verified": false, "price": {"tier": 1, "currency": "$", "message": "Cheap"}}, "referralId": "e-3-4cf07c98cc61a35de6390f9e-28", "tips": [{"id": "4cf0db187e0da1cd29128e97", "text": "Breakfast can try fried bee hoon,cheap & nice.:)", "disagreeCount": 0, "createdAt": 1290853144, "logView": true, "todo": {"count": 0}, "agreeCount": 0, "canonicalUrl": "https://foursquare.com/item/4cf0db187e0da1cd29128e97", "type": "user", "user": {"gender": "male", "id": "4752233", "photo": {"prefix": "https://igx.4sqi.net/img/user/", "suffix": "/4N5UUW0A1SJZA0WD.jpg"}, "firstName": "Sincent", "lastName": "Soh"}}]}, {"reasons": {"items": [{"reasonName": "globalInteractionReason", "summary": "This spot is popular", "type": "general"}], "count": 0}, "venue": {"hereNow": {"groups": [], "summary": "Nobody here", "count": 0}, "contact": {}, "photos": {"groups": [], "count": 0}, "name": "Hock Seng YouTiao", "allowMenuUrlEdit": true, "beenHere": {"lastCheckinExpiredAt": 0, "count": 0, "marked": false}, "stats": {"checkinsCount": 39, "usersCount": 13, "tipCount": 1}, "id": "4d5a68f624466ea89455819f", "categories": [{"pluralName": "Dim Sum Restaurants", "id": "4bf58dd8d48988d1f5931735", "primary": true, "icon": {"prefix": "https://ss3.4sqi.net/img/categories_v2/food/dimsum_", "suffix": ".png"}, "name": "Dim Sum Restaurant", "shortName": "Dim Sum"}], "location": {"formattedAddress": ["Blk 3A Tanglin Halt Food Centre", "Singapore"], "lat": 1.3007117110049984, "lng": 103.79961145124645, "country": "Singapore", "distance": 241, "city": "Singapore", "cc": "SG", "address": "Blk 3A Tanglin Halt Food Centre", "labeledLatLngs": [{"lng": 103.79961145124645, "label": "display", "lat": 1.3007117110049984}]}, "verified": false, "price": {"tier": 2, "currency": "$", "message": "Moderate"}}, "referralId": "e-3-4d5a68f624466ea89455819f-29", "tips": [{"id": "4d68774ab6f46dcb204114b2", "text": "Fried Youtiao, butterfly shaped dough, hum chim peng. Priced at 70 cents each (correct as of feb 2011)", "disagreeCount": 0, "logView": true, "createdAt": 1298691914, "likes": {"groups": [], "summary": "1 like", "count": 1}, "todo": {"count": 0}, "agreeCount": 0, "canonicalUrl": "https://foursquare.com/item/4d68774ab6f46dcb204114b2", "type": "user", "user": {"gender": "male", "id": "5985968", "photo": {"prefix": "https://igx.4sqi.net/img/user/", "suffix": "/YM2EHN5DQIZDLJ5N.jpg"}, "firstName": "Joseph", "lastName": "Poh"}}]}, {"reasons": {"items": [{"reasonName": "globalInteractionReason", "summary": "This spot is popular", "type": "general"}], "count": 0}, "venue": {"hereNow": {"groups": [], "summary": "Nobody here", "count": 0}, "contact": {}, "photos": {"groups": [], "count": 0}, "name": "Tanglin Halt Market Wanton Mee", "allowMenuUrlEdit": true, "beenHere": {"lastCheckinExpiredAt": 0, "count": 0, "marked": false}, "stats": {"checkinsCount": 94, "usersCount": 34, "tipCount": 3}, "id": "4cdd557099026dcb2a061981", "categories": [{"pluralName": "Noodle Houses", "id": "4bf58dd8d48988d1d1941735", "primary": true, "icon": {"prefix": "https://ss3.4sqi.net/img/categories_v2/food/ramen_", "suffix": ".png"}, "name": "Noodle House", "shortName": "Noodles"}], "location": {"lng": 103.797582, "formattedAddress": ["Tanglin Halt (Commonwealth Drive) Food Centre (1A/2A/3A Commonwealth Dr.)", "Singapore"], "lat": 1.30038, "crossStreet": "1A/2A/3A Commonwealth Dr.", "country": "Singapore", "distance": 242, "city": "Singapore", "cc": "SG", "address": "Tanglin Halt (Commonwealth Drive) Food Centre", "labeledLatLngs": [{"lng": 103.797582, "label": "display", "lat": 1.30038}]}, "verified": false, "price": {"tier": 1, "currency": "$", "message": "Cheap"}}, "referralId": "e-3-4cdd557099026dcb2a061981-30", "tips": [{"id": "4e42ead4628484fb528fdc99", "text": "Alternate week open in the morning", "disagreeCount": 0, "createdAt": 1313008340, "logView": true, "todo": {"count": 0}, "agreeCount": 0, "canonicalUrl": "https://foursquare.com/item/4e42ead4628484fb528fdc99", "type": "user", "user": {"gender": "male", "id": "5057428", "photo": {"prefix": "https://igx.4sqi.net/img/user/", "suffix": "/TLRD1SXDWDZBTFUG.jpg"}, "firstName": "Ignatius", "lastName": "Tan"}}]}, {"reasons": {"items": [{"reasonName": "globalInteractionReason", "summary": "This spot is popular", "type": "general"}], "count": 0}, "venue": {"hereNow": {"groups": [], "summary": "Nobody here", "count": 0}, "contact": {}, "photos": {"groups": [], "count": 0}, "name": "\u98d8\u9999\u5c0f\u5403", "allowMenuUrlEdit": true, "beenHere": {"lastCheckinExpiredAt": 0, "count": 0, "marked": false}, "stats": {"checkinsCount": 126, "usersCount": 46, "tipCount": 5}, "id": "4ce29ba1ffcf3704c1b52c82", "categories": [{"pluralName": "Chinese Restaurants", "id": "4bf58dd8d48988d145941735", "primary": true, "icon": {"prefix": "https://ss3.4sqi.net/img/categories_v2/food/asian_", "suffix": ".png"}, "name": "Chinese Restaurant", "shortName": "Chinese"}], "location": {"lng": 103.79780040476162, "formattedAddress": ["#01-10 Tanglin Halt Market & Food Centre (48A Tanglin Halt Rd.)", "Singapore"], "lat": 1.3002957441873588, "crossStreet": "48A Tanglin Halt Rd.", "state": "Singapore", "distance": 245, "country": "Singapore", "cc": "SG", "address": "#01-10 Tanglin Halt Market & Food Centre", "labeledLatLngs": [{"lng": 103.79780040476162, "label": "display", "lat": 1.3002957441873588}]}, "verified": false, "price": {"tier": 1, "currency": "$", "message": "Cheap"}}, "referralId": "e-3-4ce29ba1ffcf3704c1b52c82-31", "tips": [{"id": "4d23191c5acaa35d377add35", "text": "Yes!! The hot crispy bean curb skin is a must try! :D", "disagreeCount": 0, "logView": true, "createdAt": 1294145820, "likes": {"groups": [], "summary": "3 likes", "count": 3}, "todo": {"count": 0}, "agreeCount": 0, "canonicalUrl": "https://foursquare.com/item/4d23191c5acaa35d377add35", "type": "user", "user": {"id": "3577750", "photo": {"prefix": "https://igx.4sqi.net/img/user/", "suffix": "/SVTAHGYYBNAIWEC3.jpg"}, "firstName": "HJ", "gender": "male"}}]}, {"reasons": {"items": [{"reasonName": "globalInteractionReason", "summary": "This spot is popular", "type": "general"}], "count": 0}, "venue": {"hereNow": {"groups": [], "summary": "Nobody here", "count": 0}, "contact": {}, "photos": {"groups": [], "count": 0}, "name": "Fredo Galaxy the Pastry Kitchen", "allowMenuUrlEdit": true, "beenHere": {"lastCheckinExpiredAt": 0, "count": 0, "marked": false}, "stats": {"checkinsCount": 53, "usersCount": 36, "tipCount": 5}, "id": "4cb6976764998cfa72bd16a2", "categories": [{"pluralName": "Bakeries", "id": "4bf58dd8d48988d16a941735", "primary": true, "icon": {"prefix": "https://ss3.4sqi.net/img/categories_v2/food/bakery_", "suffix": ".png"}, "name": "Bakery", "shortName": "Bakery"}], "location": {"formattedAddress": ["46-3 Commonwealth Drive #01-388", "Singapore"], "lat": 1.3002822486358654, "lng": 103.79785134011183, "country": "Singapore", "distance": 245, "city": "Singapore", "cc": "SG", "address": "46-3 Commonwealth Drive #01-388", "labeledLatLngs": [{"lng": 103.79785134011183, "label": "display", "lat": 1.3002822486358654}]}, "verified": false, "price": {"tier": 1, "currency": "$", "message": "Cheap"}}, "referralId": "e-3-4cb6976764998cfa72bd16a2-32", "tips": [{"id": "4d676101a800721e1ecd0eb8", "text": "This tart is nice too!!", "disagreeCount": 0, "logView": true, "createdAt": 1298620673, "likes": {"groups": [], "summary": "2 likes", "count": 2}, "todo": {"count": 0}, "agreeCount": 0, "canonicalUrl": "https://foursquare.com/item/4d676101a800721e1ecd0eb8", "type": "user", "user": {"gender": "none", "id": "6774522", "photo": {"prefix": "https://igx.4sqi.net/img/user/", "suffix": "/LX1IPQZTNT42NRP1.jpg"}, "firstName": "Samantha", "lastName": "Low"}}]}, {"reasons": {"items": [{"reasonName": "globalInteractionReason", "summary": "This spot is popular", "type": "general"}], "count": 0}, "venue": {"hereNow": {"groups": [], "summary": "Nobody here", "count": 0}, "contact": {}, "photos": {"groups": [], "count": 0}, "name": "22 \u52a0\u55b1\u996d Curry Rice", "allowMenuUrlEdit": true, "beenHere": {"lastCheckinExpiredAt": 0, "count": 0, "marked": false}, "stats": {"checkinsCount": 49, "usersCount": 24, "tipCount": 0}, "id": "4d5b557f042eb1f79b8b33f4", "categories": [{"pluralName": "Chinese Restaurants", "id": "4bf58dd8d48988d145941735", "primary": true, "icon": {"prefix": "https://ss3.4sqi.net/img/categories_v2/food/asian_", "suffix": ".png"}, "name": "Chinese Restaurant", "shortName": "Chinese"}], "location": {"lng": 103.79777776683436, "formattedAddress": ["#01-22 Tanglin Halt Market & Food Centre (48A Tanglin Halt Road)", "Singapore"], "lat": 1.3002768567173402, "crossStreet": "48A Tanglin Halt Road", "distance": 247, "country": "Singapore", "cc": "SG", "address": "#01-22 Tanglin Halt Market & Food Centre", "labeledLatLngs": [{"lng": 103.79777776683436, "label": "display", "lat": 1.3002768567173402}]}, "verified": false, "price": {"tier": 1, "currency": "$", "message": "Cheap"}}, "referralId": "e-3-4d5b557f042eb1f79b8b33f4-33"}, {"reasons": {"items": [{"reasonName": "globalInteractionReason", "summary": "This spot is popular", "type": "general"}], "count": 0}, "venue": {"hereNow": {"groups": [], "summary": "Nobody here", "count": 0}, "contact": {}, "photos": {"groups": [], "count": 0}, "name": "Tanglin Halt Roti Prata", "allowMenuUrlEdit": true, "beenHere": {"lastCheckinExpiredAt": 0, "count": 0, "marked": false}, "stats": {"checkinsCount": 208, "usersCount": 91, "tipCount": 3}, "id": "4bde2491ffdec92810eee7a1", "categories": [{"pluralName": "Indian Restaurants", "id": "4bf58dd8d48988d10f941735", "primary": true, "icon": {"prefix": "https://ss3.4sqi.net/img/categories_v2/food/indian_", "suffix": ".png"}, "name": "Indian Restaurant", "shortName": "Indian"}], "location": {"formattedAddress": ["49 Tanglin Halt Road, #01-365", "141049", "Singapore"], "postalCode": "141049", "lat": 1.3002451357173541, "lng": 103.79757968513285, "country": "Singapore", "distance": 257, "city": "Singapore", "cc": "SG", "address": "49 Tanglin Halt Road, #01-365", "labeledLatLngs": [{"lng": 103.79757968513285, "label": "display", "lat": 1.3002451357173541}]}, "hours": {"isLocalHoliday": false, "isOpen": false, "status": "Closed until 5:30 AM tomorrow"}, "verified": false, "price": {"tier": 2, "currency": "$", "message": "Moderate"}}, "referralId": "e-3-4bde2491ffdec92810eee7a1-34", "tips": [{"id": "4e2cb0b6227197a112e7238f", "text": "Of course the roti prata the best ever! Try it to blief it\ue00e\ue337\ue337", "disagreeCount": 0, "logView": true, "createdAt": 1311551670, "likes": {"groups": [], "summary": "1 like", "count": 1}, "todo": {"count": 0}, "agreeCount": 1, "canonicalUrl": "https://foursquare.com/item/4e2cb0b6227197a112e7238f", "type": "user", "user": {"gender": "female", "id": "4419512", "photo": {"prefix": "https://igx.4sqi.net/img/user/", "suffix": "/4419512-FIIXROM3UP11E2ZM.jpg"}, "firstName": "Azra", "lastName": "Aziz"}}]}, {"reasons": {"items": [{"reasonName": "globalInteractionReason", "summary": "This spot is popular", "type": "general"}], "count": 0}, "venue": {"hereNow": {"groups": [], "summary": "Nobody here", "count": 0}, "contact": {}, "photos": {"groups": [], "count": 0}, "name": "Peking Room", "allowMenuUrlEdit": true, "beenHere": {"lastCheckinExpiredAt": 0, "count": 0, "marked": false}, "stats": {"checkinsCount": 88, "usersCount": 52, "tipCount": 1}, "id": "4ca923ebd971b1f7fcf51be1", "categories": [{"pluralName": "Chinese Restaurants", "id": "4bf58dd8d48988d145941735", "primary": true, "icon": {"prefix": "https://ss3.4sqi.net/img/categories_v2/food/asian_", "suffix": ".png"}, "name": "Chinese Restaurant", "shortName": "Chinese"}], "location": {"formattedAddress": ["49 Tanglin Halt Road", "Singapore"], "lat": 1.3002410050276396, "lng": 103.79755138777067, "distance": 258, "country": "Singapore", "cc": "SG", "address": "49 Tanglin Halt Road", "labeledLatLngs": [{"lng": 103.79755138777067, "label": "display", "lat": 1.3002410050276396}]}, "verified": false, "price": {"tier": 1, "currency": "$", "message": "Cheap"}}, "referralId": "e-3-4ca923ebd971b1f7fcf51be1-35", "tips": [{"id": "520d778211d2fabd4d5486e7", "text": "This is where fried carrot cake sell. Only $1.50", "disagreeCount": 0, "createdAt": 1376614274, "logView": true, "todo": {"count": 0}, "agreeCount": 0, "canonicalUrl": "https://foursquare.com/item/520d778211d2fabd4d5486e7", "type": "user", "user": {"gender": "male", "id": "578173", "photo": {"prefix": "https://igx.4sqi.net/img/user/", "suffix": "/XIIKQLJCT3OJJDJR.jpg"}, "firstName": "Bobby", "lastName": "Tan"}}]}, {"reasons": {"items": [{"reasonName": "globalInteractionReason", "summary": "This spot is popular", "type": "general"}], "count": 0}, "venue": {"hereNow": {"groups": [], "summary": "Nobody here", "count": 0}, "contact": {}, "photos": {"groups": [], "count": 0}, "name": "Al falah food corner pte ltd", "allowMenuUrlEdit": true, "beenHere": {"lastCheckinExpiredAt": 0, "count": 0, "marked": false}, "stats": {"checkinsCount": 603, "usersCount": 53, "tipCount": 3}, "id": "4b7998f7f964a52062042fe3", "categories": [{"pluralName": "Malay Restaurants", "id": "4bf58dd8d48988d156941735", "primary": true, "icon": {"prefix": "https://ss3.4sqi.net/img/categories_v2/food/malaysian_", "suffix": ".png"}, "name": "Malay Restaurant", "shortName": "Malay"}], "location": {"formattedAddress": ["Blk 77 Commonwealth Dr", "Singapore"], "lat": 1.301418, "lng": 103.796065, "country": "Singapore", "distance": 273, "city": "Singapore", "cc": "SG", "address": "Blk 77 Commonwealth Dr", "labeledLatLngs": [{"lng": 103.796065, "label": "display", "lat": 1.301418}]}, "hours": {"isLocalHoliday": false, "isOpen": false}, "verified": false, "price": {"tier": 2, "currency": "$", "message": "Moderate"}}, "referralId": "e-3-4b7998f7f964a52062042fe3-36", "tips": [{"id": "4cb500feb315a0931d9f9176", "text": "Try the Ayam penyet! Simply delicious.", "disagreeCount": 0, "logView": true, "createdAt": 1286930686, "likes": {"groups": [], "summary": "4 likes", "count": 4}, "todo": {"count": 0}, "agreeCount": 0, "canonicalUrl": "https://foursquare.com/item/4cb500feb315a0931d9f9176", "type": "user", "user": {"gender": "female", "id": "2461051", "photo": {"prefix": "https://igx.4sqi.net/img/user/", "suffix": "/MJDZ0KJTOQDRROH4.jpg"}, "firstName": "Sifah", "lastName": "Abu"}}]}, {"reasons": {"items": [{"reasonName": "globalInteractionReason", "summary": "This spot is popular", "type": "general"}], "count": 0}, "venue": {"hereNow": {"groups": [], "summary": "Nobody here", "count": 0}, "contact": {}, "photos": {"groups": [], "count": 0}, "name": "Wan Tan NooDz @ Tanglin Halt 75", "allowMenuUrlEdit": true, "beenHere": {"lastCheckinExpiredAt": 0, "count": 0, "marked": false}, "stats": {"checkinsCount": 60, "usersCount": 14, "tipCount": 0}, "id": "4cd26077158c54814ac8aee4", "categories": [{"pluralName": "Noodle Houses", "id": "4bf58dd8d48988d1d1941735", "primary": true, "icon": {"prefix": "https://ss3.4sqi.net/img/categories_v2/food/ramen_", "suffix": ".png"}, "name": "Noodle House", "shortName": "Noodles"}], "location": {"formattedAddress": ["Singapore"], "lat": 1.301364, "lng": 103.79603, "distance": 279, "country": "Singapore", "cc": "SG", "labeledLatLngs": [{"lng": 103.79603, "label": "display", "lat": 1.301364}]}, "verified": false, "price": {"tier": 1, "currency": "$", "message": "Cheap"}}, "referralId": "e-3-4cd26077158c54814ac8aee4-37"}, {"reasons": {"items": [{"reasonName": "globalInteractionReason", "summary": "This spot is popular", "type": "general"}], "count": 0}, "venue": {"hereNow": {"groups": [], "summary": "Nobody here", "count": 0}, "contact": {}, "photos": {"groups": [], "count": 0}, "name": "Chin Hing Eating House", "allowMenuUrlEdit": true, "beenHere": {"lastCheckinExpiredAt": 0, "count": 0, "marked": false}, "stats": {"checkinsCount": 749, "usersCount": 101, "tipCount": 5}, "id": "4c97293d94a0236ac8a9a412", "categories": [{"pluralName": "Chinese Restaurants", "id": "4bf58dd8d48988d145941735", "primary": true, "icon": {"prefix": "https://ss3.4sqi.net/img/categories_v2/food/asian_", "suffix": ".png"}, "name": "Chinese Restaurant", "shortName": "Chinese"}], "location": {"formattedAddress": ["75 Commonwealth Drive", "Singapore"], "lat": 1.3013132337110436, "lng": 103.79577432531413, "country": "Singapore", "distance": 308, "city": "Singapore", "cc": "SG", "address": "75 Commonwealth Drive", "labeledLatLngs": [{"lng": 103.79577432531413, "label": "display", "lat": 1.3013132337110436}]}, "verified": false, "price": {"tier": 1, "currency": "$", "message": "Cheap"}}, "referralId": "e-3-4c97293d94a0236ac8a9a412-38", "tips": [{"id": "4d245466cc84721ee39367f6", "text": "Like the yong tau fu here, esp the fried yam roll.", "disagreeCount": 0, "createdAt": 1294226534, "logView": true, "todo": {"count": 0}, "agreeCount": 0, "canonicalUrl": "https://foursquare.com/item/4d245466cc84721ee39367f6", "type": "user", "user": {"id": "1322376", "photo": {"prefix": "https://igx.4sqi.net/img/user/", "suffix": "/JZUX2RGF4I5QOIHO.jpg"}, "firstName": "Angeline", "gender": "female"}}]}, {"reasons": {"items": [{"reasonName": "globalInteractionReason", "summary": "This spot is popular", "type": "general"}], "count": 0}, "venue": {"hereNow": {"groups": [], "summary": "Nobody here", "count": 0}, "contact": {}, "photos": {"groups": [], "count": 0}, "name": "Tong Kee Chicken Rice", "allowMenuUrlEdit": true, "beenHere": {"lastCheckinExpiredAt": 0, "count": 0, "marked": false}, "stats": {"checkinsCount": 222, "usersCount": 65, "tipCount": 3}, "id": "4d6873546297721ebd2abcb5", "categories": [{"pluralName": "Asian Restaurants", "id": "4bf58dd8d48988d142941735", "primary": true, "icon": {"prefix": "https://ss3.4sqi.net/img/categories_v2/food/asian_", "suffix": ".png"}, "name": "Asian Restaurant", "shortName": "Asian"}], "location": {"lng": 103.79795321086995, "formattedAddress": ["#01-25 Tanglin Halt (Commonwealth Drive) Food Centre (1A/2A/3A Commonwealth Dr.)", "Singapore"], "lat": 1.2996138743137, "crossStreet": "1A/2A/3A Commonwealth Dr.", "country": "Singapore", "distance": 316, "city": "Singapore", "cc": "SG", "address": "#01-25 Tanglin Halt (Commonwealth Drive) Food Centre", "labeledLatLngs": [{"lng": 103.79795321086995, "label": "display", "lat": 1.2996138743137}]}, "verified": false, "price": {"tier": 2, "currency": "$", "message": "Moderate"}}, "referralId": "e-3-4d6873546297721ebd2abcb5-39", "tips": [{"id": "4d687390b6f46dcb010614b2", "text": "Very delicious chicken rice with big servings", "disagreeCount": 0, "logView": true, "createdAt": 1298690960, "likes": {"groups": [], "summary": "2 likes", "count": 2}, "todo": {"count": 0}, "agreeCount": 2, "canonicalUrl": "https://foursquare.com/item/4d687390b6f46dcb010614b2", "type": "user", "user": {"gender": "male", "id": "5985968", "photo": {"prefix": "https://igx.4sqi.net/img/user/", "suffix": "/YM2EHN5DQIZDLJ5N.jpg"}, "firstName": "Joseph", "lastName": "Poh"}}]}, {"reasons": {"items": [{"reasonName": "globalInteractionReason", "summary": "This spot is popular", "type": "general"}], "count": 0}, "venue": {"hereNow": {"groups": [], "summary": "Nobody here", "count": 0}, "contact": {}, "photos": {"groups": [], "count": 0}, "name": "Nurul Hudah Nasi Ayam", "allowMenuUrlEdit": true, "beenHere": {"lastCheckinExpiredAt": 0, "count": 0, "marked": false}, "stats": {"checkinsCount": 46, "usersCount": 17, "tipCount": 2}, "id": "4de5b896c65b98fadaebe398", "categories": [{"pluralName": "Malay Restaurants", "id": "4bf58dd8d48988d156941735", "primary": true, "icon": {"prefix": "https://ss3.4sqi.net/img/categories_v2/food/malaysian_", "suffix": ".png"}, "name": "Malay Restaurant", "shortName": "Malay"}], "location": {"formattedAddress": ["Singapore"], "lat": 1.2995662605498712, "lng": 103.79774380995059, "country": "Singapore", "distance": 325, "city": "Singapore", "cc": "SG", "labeledLatLngs": [{"lng": 103.79774380995059, "label": "display", "lat": 1.2995662605498712}]}, "verified": false, "price": {"tier": 2, "currency": "$", "message": "Moderate"}}, "referralId": "e-3-4de5b896c65b98fadaebe398-40", "tips": [{"id": "4e803df4f5b98e5890658dc0", "text": "Aiyah. The whole market closed tdy. Spring cleaning", "disagreeCount": 0, "createdAt": 1317027316, "logView": true, "todo": {"count": 0}, "agreeCount": 0, "canonicalUrl": "https://foursquare.com/item/4e803df4f5b98e5890658dc0", "type": "user", "user": {"gender": "male", "id": "9628054", "photo": {"prefix": "https://igx.4sqi.net/img/user/", "suffix": "/O23Q0UV3DLOK1QGR.jpg"}, "firstName": "Mustafah", "lastName": "M Yusuf"}}]}, {"reasons": {"items": [{"reasonName": "globalInteractionReason", "summary": "This spot is popular", "type": "general"}], "count": 0}, "venue": {"hereNow": {"groups": [], "summary": "Nobody here", "count": 0}, "contact": {"facebook": "785660921515799", "facebookName": "D'life Bistro & Cafe - Vegetarian", "phone": "+6566357282", "formattedPhone": "+65 6635 7282"}, "photos": {"groups": [], "count": 0}, "rating": 5.8, "name": "D'Life Bistro & Cafe", "ratingSignals": 17, "allowMenuUrlEdit": true, "categories": [{"pluralName": "Vegetarian / Vegan Restaurants", "id": "4bf58dd8d48988d1d3941735", "primary": true, "icon": {"prefix": "https://ss3.4sqi.net/img/categories_v2/food/vegetarian_", "suffix": ".png"}, "name": "Vegetarian / Vegan Restaurant", "shortName": "Vegetarian / Vegan"}], "stats": {"checkinsCount": 131, "usersCount": 84, "tipCount": 8}, "id": "54d5fba1498e9cbc5cfd319e", "beenHere": {"lastCheckinExpiredAt": 0, "count": 0, "marked": false}, "ratingColor": "FF9600", "location": {"formattedAddress": ["118 Commonwealth Crescent. #01-28.", "140118", "Singapore"], "postalCode": "140118", "neighborhood": "Central Region", "lat": 1.307009398606861, "lng": 103.80077732527852, "distance": 578, "country": "Singapore", "cc": "SG", "address": "118 Commonwealth Crescent. #01-28.", "labeledLatLngs": [{"lng": 103.80077732527852, "label": "display", "lat": 1.307009398606861}]}, "verified": false, "price": {"tier": 2, "currency": "$", "message": "Moderate"}}, "referralId": "e-3-54d5fba1498e9cbc5cfd319e-41", "tips": [{"id": "583453c9040d53756ba49880", "text": "Yes! You have to try their Assam laksa. KL black Hokkien mee is pretty good too. Def one of the better vegetarian restaurant!", "disagreeCount": 0, "createdAt": 1479824329, "logView": true, "todo": {"count": 0}, "agreeCount": 0, "canonicalUrl": "https://foursquare.com/item/583453c9040d53756ba49880", "type": "user", "user": {"id": "12305570", "photo": {"prefix": "https://igx.4sqi.net/img/user/", "suffix": "/12305570-J3K4UGYLG55R2V4G.jpg"}, "firstName": "Saudade", "gender": "female"}}]}, {"reasons": {"items": [{"reasonName": "globalInteractionReason", "summary": "This spot is popular", "type": "general"}], "count": 0}, "venue": {"hereNow": {"groups": [], "summary": "Nobody here", "count": 0}, "contact": {}, "photos": {"groups": [], "count": 0}, "name": "Carmall Canteen", "allowMenuUrlEdit": true, "beenHere": {"lastCheckinExpiredAt": 0, "count": 0, "marked": false}, "stats": {"checkinsCount": 91, "usersCount": 16, "tipCount": 0}, "id": "4cb7e719a33bb1f784477dfd", "categories": [{"pluralName": "Chinese Restaurants", "id": "4bf58dd8d48988d145941735", "primary": true, "icon": {"prefix": "https://ss3.4sqi.net/img/categories_v2/food/asian_", "suffix": ".png"}, "name": "Chinese Restaurant", "shortName": "Chinese"}], "location": {"formattedAddress": ["Singapore"], "lat": 1.305411, "lng": 103.797014, "distance": 360, "country": "Singapore", "cc": "SG", "labeledLatLngs": [{"lng": 103.797014, "label": "display", "lat": 1.305411}]}, "verified": false, "price": {"tier": 1, "currency": "$", "message": "Cheap"}}, "referralId": "e-3-4cb7e719a33bb1f784477dfd-42"}, {"reasons": {"items": [{"reasonName": "globalInteractionReason", "summary": "This spot is popular", "type": "general"}], "count": 0}, "venue": {"hereNow": {"groups": [], "summary": "Nobody here", "count": 0}, "contact": {}, "photos": {"groups": [], "count": 0}, "name": "Alimah's Kitchen", "allowMenuUrlEdit": true, "beenHere": {"lastCheckinExpiredAt": 0, "count": 0, "marked": false}, "stats": {"checkinsCount": 598, "usersCount": 20, "tipCount": 3}, "id": "4d648a348018548139ee4b68", "categories": [{"pluralName": "Malay Restaurants", "id": "4bf58dd8d48988d156941735", "primary": true, "icon": {"prefix": "https://ss3.4sqi.net/img/categories_v2/food/malaysian_", "suffix": ".png"}, "name": "Malay Restaurant", "shortName": "Malay"}], "location": {"lng": 103.79816827161186, "formattedAddress": ["#01-23 (Tanglin Halt Food Centre)", "Singapore"], "lat": 1.2988530647137235, "crossStreet": "Tanglin Halt Food Centre", "distance": 399, "country": "Singapore", "cc": "SG", "address": "#01-23", "labeledLatLngs": [{"lng": 103.79816827161186, "label": "display", "lat": 1.2988530647137235}]}, "hours": {"isLocalHoliday": false, "isOpen": false}, "verified": false, "price": {"tier": 2, "currency": "$", "message": "Moderate"}}, "referralId": "e-3-4d648a348018548139ee4b68-43", "tips": [{"id": "4f13fccfe4b0456269aa970f", "text": "Lovely home cooked food. Its Lontong Sayur and Nasi Lemak is a must try in the morning. In the evening, the owner's son sells burger ...... Typical Ramly Burger version. Worth The $$$$$", "disagreeCount": 0, "logView": true, "createdAt": 1326709967, "likes": {"groups": [], "summary": "1 like", "count": 1}, "todo": {"count": 0}, "agreeCount": 0, "canonicalUrl": "https://foursquare.com/item/4f13fccfe4b0456269aa970f", "type": "user", "user": {"id": "19945854", "photo": {"prefix": "https://igx.4sqi.net/img/user/", "suffix": "/FUGXWOYNEAHJA3XK.jpg"}, "firstName": "Marga", "gender": "male"}}]}, {"reasons": {"items": [{"reasonName": "globalInteractionReason", "summary": "This spot is popular", "type": "general"}], "count": 0}, "venue": {"hereNow": {"groups": [], "summary": "Nobody here", "count": 0}, "contact": {}, "photos": {"groups": [], "count": 0}, "name": "School Canteen", "allowMenuUrlEdit": true, "beenHere": {"lastCheckinExpiredAt": 0, "count": 0, "marked": false}, "stats": {"checkinsCount": 45, "usersCount": 17, "tipCount": 0}, "id": "4d70455942b0721e57177b67", "categories": [{"pluralName": "Snack Places", "id": "4bf58dd8d48988d1c7941735", "primary": true, "icon": {"prefix": "https://ss3.4sqi.net/img/categories_v2/food/snacks_", "suffix": ".png"}, "name": "Snack Place", "shortName": "Snacks"}], "location": {"formattedAddress": ["Queensway secondary", "Singapore"], "lat": 1.300277075308846, "lng": 103.80124707348683, "distance": 406, "country": "Singapore", "cc": "SG", "address": "Queensway secondary", "labeledLatLngs": [{"lng": 103.80124707348683, "label": "display", "lat": 1.300277075308846}]}, "verified": false, "price": {"tier": 1, "currency": "$", "message": "Cheap"}}, "referralId": "e-3-4d70455942b0721e57177b67-44"}, {"reasons": {"items": [{"reasonName": "globalInteractionReason", "summary": "This spot is popular", "type": "general"}], "count": 0}, "venue": {"hereNow": {"groups": [], "summary": "Nobody here", "count": 0}, "contact": {}, "photos": {"groups": [], "count": 0}, "name": "QSS Canteen", "allowMenuUrlEdit": true, "beenHere": {"lastCheckinExpiredAt": 0, "count": 0, "marked": false}, "stats": {"checkinsCount": 113, "usersCount": 23, "tipCount": 0}, "id": "4d2e5cab90cb236a192b6478", "categories": [{"pluralName": "Breakfast Spots", "id": "4bf58dd8d48988d143941735", "primary": true, "icon": {"prefix": "https://ss3.4sqi.net/img/categories_v2/food/breakfast_", "suffix": ".png"}, "name": "Breakfast Spot", "shortName": "Breakfast"}], "location": {"formattedAddress": ["Singapore"], "lat": 1.3000455091563792, "lng": 103.80121877535574, "distance": 419, "country": "Singapore", "cc": "SG", "labeledLatLngs": [{"lng": 103.80121877535574, "label": "display", "lat": 1.3000455091563792}]}, "verified": false, "price": {"tier": 1, "currency": "$", "message": "Cheap"}}, "referralId": "e-3-4d2e5cab90cb236a192b6478-45"}, {"reasons": {"items": [{"reasonName": "globalInteractionReason", "summary": "This spot is popular", "type": "general"}], "count": 0}, "venue": {"contact": {"facebook": "226583657547741", "facebookUsername": "bodaciousbistro", "facebookName": "Bodacious", "phone": "+6567789585", "formattedPhone": "+65 6778 9585"}, "photos": {"groups": [], "count": 0}, "rating": 5.8, "name": "Bodacious Bar & Bistro", "ratingSignals": 19, "allowMenuUrlEdit": true, "categories": [{"pluralName": "Bistros", "id": "52e81612bcbc57f1066b79f1", "primary": true, "icon": {"prefix": "https://ss3.4sqi.net/img/categories_v2/food/default_", "suffix": ".png"}, "name": "Bistro", "shortName": "Bistro"}], "stats": {"checkinsCount": 184, "usersCount": 121, "tipCount": 5}, "id": "53b0e272498e7b0d795a5bbf", "beenHere": {"lastCheckinExpiredAt": 0, "count": 0, "marked": false}, "ratingColor": "FF9600", "location": {"formattedAddress": ["70 Biopolis Street. #01-05.", "Singapore"], "lat": 1.3036111437539046, "lng": 103.79176753154027, "country": "Singapore", "distance": 739, "city": "Singapore", "cc": "SG", "address": "70 Biopolis Street. #01-05.", "labeledLatLngs": [{"lng": 103.79176753154027, "label": "display", "lat": 1.3036111437539046}]}, "hours": {"isLocalHoliday": false, "isOpen": true, "status": "Open until 10:00 PM"}, "verified": false, "hereNow": {"groups": [], "summary": "Nobody here", "count": 0}}, "referralId": "e-3-53b0e272498e7b0d795a5bbf-46", "tips": [{"id": "57922119498e0eef239f91b9", "text": "Pulled pork burger is delish!", "disagreeCount": 0, "createdAt": 1469194521, "logView": true, "todo": {"count": 0}, "agreeCount": 0, "canonicalUrl": "https://foursquare.com/item/57922119498e0eef239f91b9", "type": "user", "user": {"gender": "female", "id": "7925264", "photo": {"prefix": "https://igx.4sqi.net/img/user/", "suffix": "/BM3XX3NX1PP2OFZQ.jpg"}, "firstName": "Lula", "lastName": "Laine"}}]}, {"reasons": {"items": [{"reasonName": "globalInteractionReason", "summary": "This spot is popular", "type": "general"}], "count": 0}, "venue": {"contact": {"phone": "+6564789789", "formattedPhone": "+65 6478 9789"}, "photos": {"groups": [], "count": 0}, "rating": 5.8, "name": "Mealbox by fusionbistro", "ratingSignals": 15, "allowMenuUrlEdit": true, "categories": [{"pluralName": "Food Courts", "id": "4bf58dd8d48988d120951735", "primary": true, "icon": {"prefix": "https://ss3.4sqi.net/img/categories_v2/shops/food_foodcourt_", "suffix": ".png"}, "name": "Food Court", "shortName": "Food Court"}], "stats": {"checkinsCount": 1354, "usersCount": 217, "tipCount": 7}, "id": "4bf0ff1e3a15d13a831a3f9f", "beenHere": {"lastCheckinExpiredAt": 0, "count": 0, "marked": false}, "ratingColor": "FF9600", "location": {"lng": 103.79216367816372, "formattedAddress": ["#01-01, Matrix (30 Biopolis St.)", "138671", "Singapore"], "postalCode": "138671", "lat": 1.3035358338096428, "crossStreet": "30 Biopolis St.", "country": "Singapore", "distance": 694, "city": "Singapore", "cc": "SG", "address": "#01-01, Matrix", "labeledLatLngs": [{"lng": 103.79216367816372, "label": "display", "lat": 1.3035358338096428}]}, "hours": {"isLocalHoliday": false, "isOpen": false}, "verified": false, "hereNow": {"groups": [], "summary": "Nobody here", "count": 0}}, "referralId": "e-3-4bf0ff1e3a15d13a831a3f9f-47", "tips": [{"logView": true, "photo": {"id": "5213126911d28edd46c5a491", "visibility": "public", "source": {"name": "Foursquare for iOS", "url": "https://foursquare.com/download/#/iphone"}, "suffix": "/44773536_lRzhfda6fU8kGZUNOIWa_Rjic2UdQO3DgLNY4y6tlzs.jpg", "createdAt": 1376981609, "prefix": "https://igx.4sqi.net/img/general/", "width": 720, "height": 720}, "createdAt": 1376981606, "todo": {"count": 0}, "agreeCount": 1, "likes": {"groups": [], "summary": "1 like", "count": 1}, "id": "5213126611d28edd46c595d7", "text": "Japanese food not bad. Prepare to Q during lunch hours.", "disagreeCount": 0, "user": {"gender": "male", "id": "44773536", "photo": {"prefix": "https://igx.4sqi.net/img/user/", "suffix": "/44773536-OV42KO2DM24YECU3.jpg"}, "firstName": "HappyFamily", "lastName": "BenMai"}, "canonicalUrl": "https://foursquare.com/item/5213126611d28edd46c595d7", "type": "user", "photourl": "https://igx.4sqi.net/img/general/original/44773536_lRzhfda6fU8kGZUNOIWa_Rjic2UdQO3DgLNY4y6tlzs.jpg"}]}, {"reasons": {"items": [{"reasonName": "globalInteractionReason", "summary": "This spot is popular", "type": "general"}], "count": 0}, "venue": {"hereNow": {"groups": [], "summary": "Nobody here", "count": 0}, "contact": {}, "photos": {"groups": [], "count": 0}, "name": "BBQ Pit", "allowMenuUrlEdit": true, "beenHere": {"lastCheckinExpiredAt": 0, "count": 0, "marked": false}, "stats": {"checkinsCount": 76, "usersCount": 25, "tipCount": 0}, "id": "4cdad723cea2224bf306824c", "categories": [{"pluralName": "BBQ Joints", "id": "4bf58dd8d48988d1df931735", "primary": true, "icon": {"prefix": "https://ss3.4sqi.net/img/categories_v2/food/bbqalt_", "suffix": ".png"}, "name": "BBQ Joint", "shortName": "BBQ"}], "location": {"formattedAddress": ["Blk 26 Tanglin Halt Road", "Singapore"], "lat": 1.2981631999999999, "lng": 103.799371, "distance": 490, "country": "Singapore", "cc": "SG", "address": "Blk 26 Tanglin Halt Road", "labeledLatLngs": [{"lng": 103.799371, "label": "display", "lat": 1.2981631999999999}]}, "verified": false, "price": {"tier": 2, "currency": "$", "message": "Moderate"}}, "referralId": "e-3-4cdad723cea2224bf306824c-48"}, {"reasons": {"items": [{"reasonName": "globalInteractionReason", "summary": "This spot is popular", "type": "general"}], "count": 0}, "venue": {"id": "5613a009498e7adf5b4e7468", "hereNow": {"groups": [], "summary": "Nobody here", "count": 0}, "contact": {}, "beenHere": {"lastCheckinExpiredAt": 0, "count": 0, "marked": false}, "photos": {"groups": [], "count": 0}, "name": "One Nanyang Food Court", "location": {"formattedAddress": ["Singapore"], "lat": 1.306752, "lng": 103.797068, "distance": 499, "country": "Singapore", "cc": "SG", "labeledLatLngs": [{"lng": 103.797068, "label": "display", "lat": 1.306752}]}, "allowMenuUrlEdit": true, "verified": false, "categories": [{"pluralName": "Food Courts", "id": "4bf58dd8d48988d120951735", "primary": true, "icon": {"prefix": "https://ss3.4sqi.net/img/categories_v2/shops/food_foodcourt_", "suffix": ".png"}, "name": "Food Court", "shortName": "Food Court"}], "stats": {"checkinsCount": 62, "usersCount": 26, "tipCount": 2}}, "referralId": "e-3-5613a009498e7adf5b4e7468-49", "tips": [{"logView": true, "photo": {"id": "5912674018d43b094e264368", "visibility": "public", "source": {"name": "Foursquare for iOS", "url": "https://foursquare.com/download/#/iphone"}, "suffix": "/231366_DnR_Gx7VPL_lcVZuIVNxngsgTJNNYaLGTCKjHYa9HkM.jpg", "createdAt": 1494378304, "prefix": "https://igx.4sqi.net/img/general/", "width": 1920, "height": 1440}, "createdAt": 1494378301, "agreeCount": 0, "id": "5912673d3fcee87633e9affb", "text": "Previously called the First Stop Cafe. Under new management", "type": "user", "disagreeCount": 0, "user": {"gender": "male", "id": "231366", "photo": {"prefix": "https://igx.4sqi.net/img/user/", "suffix": "/231366-Q2ZSAEF50GYUXPDA.jpg"}, "firstName": "Cheen", "lastName": "The Curious"}, "canonicalUrl": "https://foursquare.com/item/5912673d3fcee87633e9affb", "todo": {"count": 0}, "photourl": "https://igx.4sqi.net/img/general/original/231366_DnR_Gx7VPL_lcVZuIVNxngsgTJNNYaLGTCKjHYa9HkM.jpg"}]}], "name": "recommended", "type": "Recommended Places"}], "query": "food", "headerLocation": "Central Region"}}