{"meta": {"code": 200, "requestId": "595a39d4db04f562efe0d376"}, "response": {"suggestedFilters": {"filters": [{"name": "Open now", "key": "openNow"}], "header": "Tap to show:"}, "totalResults": 27, "headerFullLocation": "Central Region, Singapore", "headerLocationGranularity": "neighborhood", "suggestedBounds": {"ne": {"lng": 103.79737996987625, "lat": 1.3143834737473372}, "sw": {"lng": 103.78300310047176, "lat": 1.299983459347323}}, "groups": [{"items": [{"reasons": {"items": [{"reasonName": "globalInteractionReason", "summary": "This spot is popular", "type": "general"}], "count": 0}, "venue": {"hereNow": {"groups": [], "summary": "Nobody here", "count": 0}, "contact": {"phone": "+6565702668", "formattedPhone": "+65 6570 2668"}, "photos": {"groups": [], "count": 0}, "rating": 8.0, "menu": {"mobileUrl": "http://www.yayoi.sg/menu.html", "externalUrl": "http://www.yayoi.sg/menu.html", "url": "http://www.yayoi.sg/menu.html", "anchor": "View Menu", "label": "Menu", "type": "Menu"}, "name": "Yayoi", "ratingSignals": 43, "allowMenuUrlEdit": true, "categories": [{"pluralName": "Japanese Restaurants", "id": "4bf58dd8d48988d111941735", "primary": true, "icon": {"prefix": "https://ss3.4sqi.net/img/categories_v2/food/japanese_", "suffix": ".png"}, "name": "Japanese Restaurant", "shortName": "Japanese"}], "stats": {"checkinsCount": 546, "usersCount": 341, "tipCount": 14}, "id": "53ae5631498e8128513734f8", "beenHere": {"lastCheckinExpiredAt": 0, "count": 0, "marked": false}, "url": "http://www.yayoi.sg", "ratingColor": "73CF42", "location": {"lng": 103.7879023334352, "formattedAddress": ["#02-01/02 The Star Vista (1 Vista Exchange Green)", "138067", "Singapore"], "postalCode": "138067", "lat": 1.306893767389889, "crossStreet": "1 Vista Exchange Green", "country": "Singapore", "distance": 256, "city": "Singapore", "cc": "SG", "address": "#02-01/02 The Star Vista", "labeledLatLngs": [{"lng": 103.7879023334352, "label": "display", "lat": 1.306893767389889}]}, "hours": {"isLocalHoliday": false, "isOpen": true, "status": "Likely open"}, "verified": false, "price": {"tier": 2, "currency": "$", "message": "Moderate"}}, "referralId": "e-3-53ae5631498e8128513734f8-0", "tips": [{"logView": true, "photo": {"id": "53e7387b498ea3709f2bfb82", "visibility": "public", "source": {"name": "Foursquare for iOS", "url": "https://foursquare.com/download/#/iphone"}, "suffix": "/3747038_qgF2giOPY-azWu0N5Q7gx8YkNTSILiVZGhKXlKkRRy4.jpg", "createdAt": 1407662203, "prefix": "https://igx.4sqi.net/img/general/", "width": 720, "height": 720}, "createdAt": 1407662201, "todo": {"count": 1}, "agreeCount": 2, "likes": {"groups": [], "summary": "2 likes", "count": 2}, "id": "53e73879498e1f3f1a1a938c", "text": "I am seriously impressed with this place. Clean and spacious, nice outdoor seating and still very cool coz of ample fans. Polite staff, good food. 5 star food for 3 star pricing. Nice!", "disagreeCount": 0, "user": {"gender": "female", "id": "3747038", "photo": {"prefix": "https://igx.4sqi.net/img/user/", "suffix": "/3747038_reYjiJPg_hqomd7X6pB5m0Mmk55b_XoEREFsPzjEPFm2BCz--G4nwPqqNYdsbfvagQtUn-Tv-.jpg"}, "firstName": "Elise", "lastName": "\u2765"}, "canonicalUrl": "https://foursquare.com/item/53e73879498e1f3f1a1a938c", "type": "user", "photourl": "https://igx.4sqi.net/img/general/original/3747038_qgF2giOPY-azWu0N5Q7gx8YkNTSILiVZGhKXlKkRRy4.jpg"}]}, {"reasons": {"items": [{"reasonName": "globalInteractionReason", "summary": "This spot is popular", "type": "general"}], "count": 0}, "venue": {"hereNow": {"groups": [], "summary": "Nobody here", "count": 0}, "contact": {"phone": "+6565572856", "formattedPhone": "+65 6557 2856"}, "photos": {"groups": [], "count": 0}, "rating": 7.6, "name": "Simply Sandwich", "ratingSignals": 8, "allowMenuUrlEdit": true, "categories": [{"pluralName": "Sandwich Places", "id": "4bf58dd8d48988d1c5941735", "primary": true, "icon": {"prefix": "https://ss3.4sqi.net/img/categories_v2/food/deli_", "suffix": ".png"}, "name": "Sandwich Place", "shortName": "Sandwiches"}], "stats": {"checkinsCount": 118, "usersCount": 43, "tipCount": 1}, "id": "52cb89cf498ebf656500cb3b", "beenHere": {"lastCheckinExpiredAt": 0, "count": 0, "marked": false}, "url": "http://www.simplysandwich.com.sg", "ratingColor": "C5DE35", "location": {"lng": 103.79122424663514, "formattedAddress": ["#01-15, The Metropolis (9 North Buona Vista Dr.)", "138588", "Singapore"], "postalCode": "138588", "lat": 1.3059651658020899, "crossStreet": "9 North Buona Vista Dr.", "country": "Singapore", "distance": 177, "city": "Singapore", "cc": "SG", "address": "#01-15, The Metropolis", "labeledLatLngs": [{"lng": 103.79122424663514, "label": "display", "lat": 1.3059651658020899}]}, "verified": false, "price": {"tier": 1, "currency": "$", "message": "Cheap"}}, "referralId": "e-3-52cb89cf498ebf656500cb3b-1", "tips": [{"id": "58f95fde9b047303ef6c8b5e", "text": "The PBJ is on two slices of brioche. For $1.95, it's massive.", "disagreeCount": 0, "createdAt": 1492738014, "logView": true, "todo": {"count": 0}, "agreeCount": 0, "canonicalUrl": "https://foursquare.com/item/58f95fde9b047303ef6c8b5e", "type": "user", "user": {"gender": "female", "id": "40782858", "photo": {"prefix": "https://igx.4sqi.net/img/user/", "suffix": "/VHS1PUCRXYWGS1IH.jpg"}, "firstName": "Ange", "lastName": "Sim"}}]}, {"reasons": {"items": [{"reasonName": "globalInteractionReason", "summary": "This spot is popular", "type": "general"}], "count": 0}, "venue": {"hereNow": {"groups": [], "summary": "Nobody here", "count": 0}, "contact": {}, "photos": {"groups": [], "count": 0}, "rating": 8.0, "name": "The Lawn Grill & Salad Cafe", "ratingSignals": 55, "allowMenuUrlEdit": true, "categories": [{"pluralName": "Salad Places", "id": "4bf58dd8d48988d1bd941735", "primary": true, "icon": {"prefix": "https://ss3.4sqi.net/img/categories_v2/food/salad_", "suffix": ".png"}, "name": "Salad Place", "shortName": "Salad"}], "stats": {"checkinsCount": 1062, "usersCount": 434, "tipCount": 20}, "id": "4ed6fd87f5b915cfe1c829a0", "beenHere": {"lastCheckinExpiredAt": 0, "count": 0, "marked": false}, "url": "http://www.thelawn.com.sg", "ratingColor": "73CF42", "location": {"lng": 103.79219770431519, "formattedAddress": ["#01-07, Nanos (31 Biopolis Way)", "Singapore"], "lat": 1.3043528527705404, "crossStreet": "31 Biopolis Way", "country": "Singapore", "distance": 386, "city": "Singapore", "cc": "SG", "address": "#01-07, Nanos", "labeledLatLngs": [{"lng": 103.79219770431519, "label": "display", "lat": 1.3043528527705404}]}, "hours": {"isLocalHoliday": false, "isOpen": true, "status": "Likely open"}, "verified": false, "price": {"tier": 1, "currency": "$", "message": "Cheap"}}, "referralId": "e-3-4ed6fd87f5b915cfe1c829a0-2", "tips": [{"id": "4f5d7c4fe4b03a6a1352b9b3", "text": "Must try their olive rice!", "disagreeCount": 0, "logView": true, "createdAt": 1331526735, "likes": {"groups": [], "summary": "5 likes", "count": 5}, "todo": {"count": 1}, "agreeCount": 5, "canonicalUrl": "https://foursquare.com/item/4f5d7c4fe4b03a6a1352b9b3", "type": "user", "user": {"gender": "female", "id": "17233552", "photo": {"prefix": "https://igx.4sqi.net/img/user/", "suffix": "/5IIV1C4NMSFU3S45.jpg"}, "firstName": "Stephanie", "lastName": "Sng"}}]}, {"reasons": {"items": [{"reasonName": "globalInteractionReason", "summary": "This spot is popular", "type": "general"}], "count": 0}, "venue": {"hereNow": {"groups": [], "summary": "Nobody here", "count": 0}, "contact": {"facebook": "800526623316007", "facebookName": "Rollie Olie", "phone": "+6581881525", "formattedPhone": "+65 8188 1525"}, "photos": {"groups": [], "count": 0}, "rating": 7.4, "menu": {"mobileUrl": "https://www.facebook.com/RollieOlieSingapore/menu", "externalUrl": "https://www.facebook.com/RollieOlieSingapore/menu", "url": "https://www.facebook.com/RollieOlieSingapore/menu", "anchor": "View Menu", "label": "Menu", "type": "Menu"}, "name": "Rollie Olie", "ratingSignals": 24, "allowMenuUrlEdit": true, "categories": [{"pluralName": "Japanese Restaurants", "id": "4bf58dd8d48988d111941735", "primary": true, "icon": {"prefix": "https://ss3.4sqi.net/img/categories_v2/food/japanese_", "suffix": ".png"}, "name": "Japanese Restaurant", "shortName": "Japanese"}], "stats": {"checkinsCount": 209, "usersCount": 166, "tipCount": 14}, "id": "55533048498ef2828dd7437c", "beenHere": {"lastCheckinExpiredAt": 0, "count": 0, "marked": false}, "url": "http://www.rollieolie.com", "ratingColor": "C5DE35", "location": {"lng": 103.78863235504068, "formattedAddress": ["#02-05 The Star Vista (1 Vista Exchange Green)", "138617", "Singapore"], "postalCode": "138617", "lat": 1.3070360511211438, "crossStreet": "1 Vista Exchange Green", "country": "Singapore", "distance": 174, "city": "Singapore", "cc": "SG", "address": "#02-05 The Star Vista", "labeledLatLngs": [{"lng": 103.78863235504068, "label": "display", "lat": 1.3070360511211438}]}, "hours": {"isLocalHoliday": false, "isOpen": true, "status": "Open until 10:00 PM"}, "verified": false, "price": {"tier": 2, "currency": "$", "message": "Moderate"}}, "referralId": "e-3-55533048498ef2828dd7437c-3", "tips": [{"logView": true, "photo": {"id": "565f99a5498eb4653b33eab4", "visibility": "public", "source": {"name": "Foursquare for iOS", "url": "https://foursquare.com/download/#/iphone"}, "suffix": "/776718_982-BQcCl6XFB8hoIXejRC9J_i4-oVNDxfGzhKti3Wg.jpg", "createdAt": 1449105829, "prefix": "https://igx.4sqi.net/img/general/", "width": 1440, "height": 1440}, "createdAt": 1449105827, "todo": {"count": 0}, "agreeCount": 1, "likes": {"groups": [], "summary": "1 like", "count": 1}, "id": "565f99a3498eaaf0c19e62b1", "text": "Bollywood - prawns, tamago, avocado, curry mayo, rolled in crispy tempura bits and carefully garnished with a tiny sprig of coriander on top. Awesome flavour and texture!", "disagreeCount": 0, "user": {"gender": "none", "id": "776718", "photo": {"prefix": "https://igx.4sqi.net/img/user/", "suffix": "/776718-HYMKL1JB3S4GHGEB.jpg"}, "firstName": "Yarn", "lastName": "Lam"}, "canonicalUrl": "https://foursquare.com/item/565f99a3498eaaf0c19e62b1", "type": "user", "photourl": "https://igx.4sqi.net/img/general/original/776718_982-BQcCl6XFB8hoIXejRC9J_i4-oVNDxfGzhKti3Wg.jpg"}]}, {"reasons": {"items": [{"reasonName": "globalInteractionReason", "summary": "This spot is popular", "type": "general"}], "count": 0}, "venue": {"contact": {}, "photos": {"groups": [], "count": 0}, "rating": 8.1, "name": "Ghim Moh Market & Food Centre", "ratingSignals": 274, "allowMenuUrlEdit": true, "categories": [{"pluralName": "Food Courts", "id": "4bf58dd8d48988d120951735", "primary": true, "icon": {"prefix": "https://ss3.4sqi.net/img/categories_v2/shops/food_foodcourt_", "suffix": ".png"}, "name": "Food Court", "shortName": "Food Court"}], "stats": {"checkinsCount": 12636, "usersCount": 4116, "tipCount": 164}, "id": "4b5a83c0f964a52026c928e3", "beenHere": {"lastCheckinExpiredAt": 0, "count": 0, "marked": false}, "ratingColor": "73CF42", "location": {"formattedAddress": ["20 Ghim Moh Rd", "270020", "Singapore"], "postalCode": "270020", "lat": 1.3109329104466667, "lng": 103.78816830984127, "country": "Singapore", "distance": 474, "city": "Singapore", "cc": "SG", "address": "20 Ghim Moh Rd", "labeledLatLngs": [{"lng": 103.78816830984127, "label": "display", "lat": 1.3109329104466667}]}, "hours": {"isLocalHoliday": false, "isOpen": false}, "verified": false, "hereNow": {"groups": [], "summary": "Nobody here", "count": 0}}, "referralId": "e-3-4b5a83c0f964a52026c928e3-4", "tips": [{"id": "4bc9377c70c603bbde2198b4", "text": "Roast duck by Jiu Jiang Shao La, Mui fan n hor fun right next door, another super long q at char kway teow stall n excellent dessert options. Why don't I come here more often?", "disagreeCount": 0, "logView": true, "createdAt": 1271478140, "likes": {"groups": [], "summary": "6 likes", "count": 6}, "todo": {"count": 8}, "agreeCount": 6, "canonicalUrl": "https://foursquare.com/item/4bc9377c70c603bbde2198b4", "type": "user", "user": {"gender": "female", "id": "773849", "photo": {"prefix": "https://igx.4sqi.net/img/user/", "suffix": "/2KYRKZGC13ZW4GST.jpg"}, "firstName": "Grace", "lastName": "Tan"}}]}, {"reasons": {"items": [{"reasonName": "globalInteractionReason", "summary": "This spot is popular", "type": "general"}], "count": 0}, "venue": {"hereNow": {"groups": [], "summary": "Nobody here", "count": 0}, "contact": {"phone": "+6564789495", "formattedPhone": "+65 6478 9495"}, "photos": {"groups": [], "count": 0}, "rating": 7.9, "name": "Raj Restaurant", "ratingSignals": 29, "allowMenuUrlEdit": true, "categories": [{"pluralName": "Indian Restaurants", "id": "4bf58dd8d48988d10f941735", "primary": true, "icon": {"prefix": "https://ss3.4sqi.net/img/categories_v2/food/indian_", "suffix": ".png"}, "name": "Indian Restaurant", "shortName": "Indian"}], "stats": {"checkinsCount": 508, "usersCount": 233, "tipCount": 9}, "id": "4ba4b1ddf964a520f3ac38e3", "beenHere": {"lastCheckinExpiredAt": 0, "count": 0, "marked": false}, "ratingColor": "C5DE35", "location": {"lng": 103.79171093926051, "formattedAddress": ["#01-03, Centros (20 Biopolis Way)", "Singapore"], "lat": 1.3035757320216332, "crossStreet": "20 Biopolis Way", "country": "Singapore", "distance": 435, "city": "Singapore", "cc": "SG", "address": "#01-03, Centros", "labeledLatLngs": [{"lng": 103.79171093926051, "label": "display", "lat": 1.3035757320216332}]}, "hours": {"isLocalHoliday": false, "isOpen": true, "status": "Likely open"}, "verified": false, "price": {"tier": 2, "currency": "$", "message": "Moderate"}}, "referralId": "e-3-4ba4b1ddf964a520f3ac38e3-5", "tips": [{"id": "57ee62b0498e48734f7f6791", "text": "Indian vegetarian food. They have both North and South Indian dishes, all pretty good.", "disagreeCount": 0, "createdAt": 1475240624, "logView": true, "todo": {"count": 0}, "agreeCount": 0, "canonicalUrl": "https://foursquare.com/item/57ee62b0498e48734f7f6791", "type": "user", "user": {"gender": "none", "id": "106919134", "photo": {"prefix": "https://igx.4sqi.net/img/user/", "default": true, "suffix": "/blank_boy.png"}, "firstName": "safia", "lastName": "r"}}]}, {"reasons": {"items": [{"reasonName": "globalInteractionReason", "summary": "This spot is popular", "type": "general"}], "count": 0}, "venue": {"hereNow": {"groups": [], "summary": "Nobody here", "count": 0}, "contact": {}, "photos": {"groups": [], "count": 0}, "rating": 7.2, "name": "Salad Stop", "ratingSignals": 10, "allowMenuUrlEdit": true, "categories": [{"pluralName": "Salad Places", "id": "4bf58dd8d48988d1bd941735", "primary": true, "icon": {"prefix": "https://ss3.4sqi.net/img/categories_v2/food/salad_", "suffix": ".png"}, "name": "Salad Place", "shortName": "Salad"}], "stats": {"checkinsCount": 135, "usersCount": 63, "tipCount": 2}, "id": "546c3632498ea3aa5675503a", "beenHere": {"lastCheckinExpiredAt": 0, "count": 0, "marked": false}, "ratingColor": "C5DE35", "location": {"formattedAddress": ["9 North Buona Vista Drive #01-16", "138588", "Singapore"], "postalCode": "138588", "lat": 1.3057173137524758, "lng": 103.79136006765617, "country": "Singapore", "distance": 208, "city": "Singapore", "cc": "SG", "address": "9 North Buona Vista Drive #01-16", "labeledLatLngs": [{"lng": 103.79136006765617, "label": "display", "lat": 1.3057173137524758}]}, "verified": false, "price": {"tier": 1, "currency": "$", "message": "Cheap"}}, "referralId": "e-3-546c3632498ea3aa5675503a-6", "tips": [{"id": "58a147b165be586791b6eba6", "text": "Fast lunch options. Download the app for loyalty stamps.", "disagreeCount": 0, "createdAt": 1486964657, "logView": true, "todo": {"count": 0}, "agreeCount": 0, "canonicalUrl": "https://foursquare.com/item/58a147b165be586791b6eba6", "type": "user", "user": {"gender": "female", "id": "40782858", "photo": {"prefix": "https://igx.4sqi.net/img/user/", "suffix": "/VHS1PUCRXYWGS1IH.jpg"}, "firstName": "Ange", "lastName": "Sim"}}]}, {"reasons": {"items": [{"reasonName": "globalInteractionReason", "summary": "This spot is popular", "type": "general"}], "count": 0}, "venue": {"hereNow": {"groups": [], "summary": "Nobody here", "count": 0}, "contact": {"phone": "+6567745537", "formattedPhone": "+65 6774 5537"}, "photos": {"groups": [], "count": 0}, "rating": 7.8, "name": "Da Paolo Bistro Bar", "ratingSignals": 77, "allowMenuUrlEdit": true, "categories": [{"pluralName": "Italian Restaurants", "id": "4bf58dd8d48988d110941735", "primary": true, "icon": {"prefix": "https://ss3.4sqi.net/img/categories_v2/food/italian_", "suffix": ".png"}, "name": "Italian Restaurant", "shortName": "Italian"}], "stats": {"checkinsCount": 1366, "usersCount": 945, "tipCount": 22}, "id": "4b8ce3a6f964a520f0df32e3", "beenHere": {"lastCheckinExpiredAt": 0, "count": 0, "marked": false}, "ratingColor": "C5DE35", "location": {"formattedAddress": ["3 Rochester Park", "139214", "Singapore"], "postalCode": "139214", "lat": 1.3041718663813928, "lng": 103.78716099771253, "country": "Singapore", "distance": 475, "city": "Singapore", "cc": "SG", "address": "3 Rochester Park", "labeledLatLngs": [{"lng": 103.78716099771253, "label": "display", "lat": 1.3041718663813928}]}, "hours": {"isLocalHoliday": false, "isOpen": true, "status": "Open until 10:30 PM"}, "verified": false, "price": {"tier": 2, "currency": "$", "message": "Moderate"}}, "referralId": "e-3-4b8ce3a6f964a520f0df32e3-7", "tips": [{"logView": true, "photo": {"id": "54c2dc8b498e6111bda5c583", "visibility": "public", "source": {"name": "Foursquare for Android", "url": "https://foursquare.com/download/#/android"}, "suffix": "/1156235_953s1JQVbAMa_yimbsar2VHqzUbEjRhNFqFNL8ewBZs.jpg", "createdAt": 1422056587, "prefix": "https://igx.4sqi.net/img/general/", "width": 1966, "height": 1515}, "createdAt": 1422056583, "todo": {"count": 0}, "agreeCount": 1, "likes": {"groups": [], "summary": "1 like", "count": 1}, "id": "54c2dc87498e46682de2a9f3", "text": "Really nice ambience coupled with good food! Loved the crab pasta dish", "disagreeCount": 0, "user": {"gender": "female", "id": "1156235", "photo": {"prefix": "https://igx.4sqi.net/img/user/", "suffix": "/1156235-YO5AUT0DVEWGWWAX.jpg"}, "firstName": "Jess", "lastName": "C"}, "canonicalUrl": "https://foursquare.com/item/54c2dc87498e46682de2a9f3", "type": "user", "photourl": "https://igx.4sqi.net/img/general/original/1156235_953s1JQVbAMa_yimbsar2VHqzUbEjRhNFqFNL8ewBZs.jpg"}]}, {"reasons": {"items": [{"reasonName": "globalInteractionReason", "summary": "This spot is popular", "type": "general"}], "count": 0}, "venue": {"hereNow": {"groups": [], "summary": "Nobody here", "count": 0}, "contact": {}, "photos": {"groups": [], "count": 0}, "rating": 7.2, "name": "Qiji", "ratingSignals": 8, "allowMenuUrlEdit": true, "categories": [{"pluralName": "Malay Restaurants", "id": "4bf58dd8d48988d156941735", "primary": true, "icon": {"prefix": "https://ss3.4sqi.net/img/categories_v2/food/malaysian_", "suffix": ".png"}, "name": "Malay Restaurant", "shortName": "Malay"}], "stats": {"checkinsCount": 189, "usersCount": 107, "tipCount": 2}, "id": "5487d1a4498e7972156625f9", "beenHere": {"lastCheckinExpiredAt": 0, "count": 0, "marked": false}, "ratingColor": "C5DE35", "location": {"lng": 103.78830412778302, "formattedAddress": ["#01-22, The Star Vista (1 Vista Exchange Green)", "138617", "Singapore"], "postalCode": "138617", "lat": 1.3061051236959407, "crossStreet": "1 Vista Exchange Green", "country": "Singapore", "distance": 241, "city": "Singapore", "cc": "SG", "address": "#01-22, The Star Vista", "labeledLatLngs": [{"lng": 103.78830412778302, "label": "display", "lat": 1.3061051236959407}]}, "verified": false, "price": {"tier": 2, "currency": "$", "message": "Moderate"}}, "referralId": "e-3-5487d1a4498e7972156625f9-8", "tips": [{"logView": true, "photo": {"id": "56254079498e4263a7fdff2c", "visibility": "public", "source": {"name": "Foursquare Web", "url": "https://foursquare.com"}, "suffix": "/6306884_Ol-5J3lAgxH3JzQwCikLAg3-91WhN7uk2qcg0Imq1mI.jpg", "createdAt": 1445281913, "prefix": "https://igx.4sqi.net/img/general/", "width": 640, "height": 640}, "createdAt": 1445281901, "agreeCount": 0, "id": "5625406d498e2e892e95eb67", "text": "Delicious Laksa with good ingredients and thick white bee hoon texture from Qiji food catering as part of the dishes for a birthday party :-9", "type": "user", "disagreeCount": 0, "user": {"gender": "female", "id": "6306884", "photo": {"prefix": "https://igx.4sqi.net/img/user/", "suffix": "/6306884-L21LWV3MMZFIVU5F"}, "firstName": "Jess", "lastName": "Thia"}, "canonicalUrl": "https://foursquare.com/item/5625406d498e2e892e95eb67", "todo": {"count": 0}, "photourl": "https://igx.4sqi.net/img/general/original/6306884_Ol-5J3lAgxH3JzQwCikLAg3-91WhN7uk2qcg0Imq1mI.jpg"}]}, {"reasons": {"items": [{"reasonName": "globalInteractionReason", "summary": "This spot is popular", "type": "general"}], "count": 0}, "venue": {"hereNow": {"groups": [{"items": [], "name": "Other people here", "count": 1, "type": "others"}], "summary": "One other person is here", "count": 1}, "contact": {"phone": "+6564674101", "formattedPhone": "+65 6467 4101"}, "photos": {"groups": [], "count": 0}, "rating": 8.2, "name": "Kinara Contemporary Indian Cuisine", "ratingSignals": 25, "allowMenuUrlEdit": true, "categories": [{"pluralName": "Indian Restaurants", "id": "4bf58dd8d48988d10f941735", "primary": true, "icon": {"prefix": "https://ss3.4sqi.net/img/categories_v2/food/indian_", "suffix": ".png"}, "name": "Indian Restaurant", "shortName": "Indian"}], "stats": {"checkinsCount": 304, "usersCount": 201, "tipCount": 18}, "id": "4d0247b068e38eecac3adfc4", "beenHere": {"lastCheckinExpiredAt": 0, "count": 0, "marked": false}, "ratingColor": "73CF42", "location": {"lng": 103.79480657184689, "formattedAddress": ["24 Lorong Mambong (at Holland Village)", "277683", "Singapore"], "postalCode": "277683", "lat": 1.3114470218682472, "crossStreet": "at Holland Village", "country": "Singapore", "distance": 699, "city": "Singapore", "cc": "SG", "address": "24 Lorong Mambong", "labeledLatLngs": [{"lng": 103.79480657184689, "label": "display", "lat": 1.3114470218682472}]}, "hours": {"isLocalHoliday": false, "isOpen": true, "status": "Likely open"}, "verified": false, "price": {"tier": 2, "currency": "$", "message": "Moderate"}}, "referralId": "e-3-4d0247b068e38eecac3adfc4-9", "tips": [{"id": "515d1f4ce4b09b91a30ccdc0", "text": "50% off for weekday lunch. Great value!", "disagreeCount": 0, "logView": true, "createdAt": 1365057356, "likes": {"groups": [], "summary": "2 likes", "count": 2}, "todo": {"count": 0}, "agreeCount": 2, "canonicalUrl": "https://foursquare.com/item/515d1f4ce4b09b91a30ccdc0", "type": "user", "user": {"gender": "male", "id": "108139", "photo": {"prefix": "https://igx.4sqi.net/img/user/", "suffix": "/108139-XEYHW5IPNQYBOJKS.jpg"}, "firstName": "Altaf", "lastName": "Dhamani"}}]}, {"reasons": {"items": [{"reasonName": "globalInteractionReason", "summary": "This spot is popular", "type": "general"}], "count": 0}, "venue": {"hereNow": {"groups": [], "summary": "Nobody here", "count": 0}, "contact": {}, "photos": {"groups": [], "count": 0}, "rating": 7.0, "name": "Guzman Y Gomez", "ratingSignals": 27, "allowMenuUrlEdit": true, "categories": [{"pluralName": "Mexican Restaurants", "id": "4bf58dd8d48988d1c1941735", "primary": true, "icon": {"prefix": "https://ss3.4sqi.net/img/categories_v2/food/mexican_", "suffix": ".png"}, "name": "Mexican Restaurant", "shortName": "Mexican"}], "stats": {"checkinsCount": 544, "usersCount": 300, "tipCount": 6}, "id": "56345733498e5d42ddc9ab47", "beenHere": {"lastCheckinExpiredAt": 0, "count": 0, "marked": false}, "ratingColor": "C5DE35", "location": {"lng": 103.78907942448794, "formattedAddress": ["#01-32, The Star Vista (1 Vista Exchange Green)", "138617", "Singapore"], "postalCode": "138617", "lat": 1.3061789238287203, "crossStreet": "1 Vista Exchange Green", "country": "Singapore", "distance": 166, "city": "Singapore", "cc": "SG", "address": "#01-32, The Star Vista", "labeledLatLngs": [{"lng": 103.78907942448794, "label": "display", "lat": 1.3061789238287203}]}, "hours": {"isLocalHoliday": false, "isOpen": true, "status": "Likely open"}, "verified": false, "price": {"tier": 1, "currency": "$", "message": "Cheap"}}, "referralId": "e-3-56345733498e5d42ddc9ab47-10", "tips": [{"id": "573965d5498e8b0e68c88b3a", "text": "They sell rice bowls but do no provide spoons! Unbelievable & stunned like vegetable!", "disagreeCount": 0, "logView": true, "createdAt": 1463379413, "likes": {"groups": [], "summary": "1 like", "count": 1}, "todo": {"count": 0}, "agreeCount": 1, "canonicalUrl": "https://foursquare.com/item/573965d5498e8b0e68c88b3a", "type": "user", "user": {"id": "6886342", "photo": {"prefix": "https://igx.4sqi.net/img/user/", "suffix": "/6886342-HQLGSCTZRANW3WLQ.jpg"}, "firstName": "c.s.", "gender": "none"}}]}, {"reasons": {"items": [{"reasonName": "globalInteractionReason", "summary": "This spot is popular", "type": "general"}], "count": 0}, "venue": {"hereNow": {"groups": [{"items": [], "name": "Other people here", "count": 1, "type": "others"}], "summary": "One other person is here", "count": 1}, "contact": {}, "photos": {"groups": [], "count": 0}, "rating": 7.8, "name": "Nakhon Kitchen", "ratingSignals": 77, "allowMenuUrlEdit": true, "categories": [{"pluralName": "Thai Restaurants", "id": "4bf58dd8d48988d149941735", "primary": true, "icon": {"prefix": "https://ss3.4sqi.net/img/categories_v2/food/thai_", "suffix": ".png"}, "name": "Thai Restaurant", "shortName": "Thai"}], "stats": {"checkinsCount": 1218, "usersCount": 814, "tipCount": 18}, "id": "545c6902498eb99d0949fd1c", "beenHere": {"lastCheckinExpiredAt": 0, "count": 0, "marked": false}, "ratingColor": "C5DE35", "location": {"formattedAddress": ["Lorong Liput", "Singapore"], "lat": 1.310438, "lng": 103.795052, "distance": 651, "country": "Singapore", "cc": "SG", "address": "Lorong Liput", "labeledLatLngs": [{"lng": 103.795052, "label": "display", "lat": 1.310438}]}, "hours": {"isLocalHoliday": false, "isOpen": true, "status": "Open until 10:00 PM"}, "verified": false, "price": {"tier": 2, "currency": "$", "message": "Moderate"}}, "referralId": "e-3-545c6902498eb99d0949fd1c-11", "tips": [{"id": "54c2de2c498e4cb7e17b9761", "text": "Cheap and good Thai food! Better than thai express any day", "disagreeCount": 0, "logView": true, "createdAt": 1422057004, "likes": {"groups": [], "summary": "2 likes", "count": 2}, "todo": {"count": 0}, "agreeCount": 2, "canonicalUrl": "https://foursquare.com/item/54c2de2c498e4cb7e17b9761", "type": "user", "user": {"gender": "female", "id": "1156235", "photo": {"prefix": "https://igx.4sqi.net/img/user/", "suffix": "/1156235-YO5AUT0DVEWGWWAX.jpg"}, "firstName": "Jess", "lastName": "C"}}]}, {"reasons": {"items": [{"reasonName": "globalInteractionReason", "summary": "This spot is popular", "type": "general"}], "count": 0}, "venue": {"venuePage": {"id": "90092683"}, "hereNow": {"groups": [], "summary": "Nobody here", "count": 0}, "contact": {"phone": "+6567377411", "formattedPhone": "+65 6737 7411"}, "photos": {"groups": [], "count": 0}, "rating": 7.6, "name": "Min Jiang Chinese Restaurant", "ratingSignals": 50, "allowMenuUrlEdit": true, "categories": [{"pluralName": "Chinese Restaurants", "id": "4bf58dd8d48988d145941735", "primary": true, "icon": {"prefix": "https://ss3.4sqi.net/img/categories_v2/food/asian_", "suffix": ".png"}, "name": "Chinese Restaurant", "shortName": "Chinese"}], "stats": {"checkinsCount": 1447, "usersCount": 651, "tipCount": 15}, "id": "4b875234f964a5206abb31e3", "beenHere": {"lastCheckinExpiredAt": 0, "count": 0, "marked": false}, "url": "http://www.goodwoodparkhotel.com/min-jiang-at-one-north-,dining_viewItem_41-en.html", "ratingColor": "C5DE35", "location": {"lng": 103.7862753868103, "formattedAddress": ["5 Rochester Park (Rochester Park)", "139216\u200e", "Singapore"], "postalCode": "139216\u200e", "lat": 1.3039345365504442, "crossStreet": "Rochester Park", "country": "Singapore", "distance": 566, "city": "Singapore", "cc": "SG", "address": "5 Rochester Park", "labeledLatLngs": [{"lng": 103.7862753868103, "label": "display", "lat": 1.3039345365504442}]}, "hours": {"isLocalHoliday": false, "isOpen": true, "status": "Open until 10:30 PM"}, "verified": true, "price": {"tier": 1, "currency": "$", "message": "Cheap"}}, "referralId": "e-3-4b875234f964a5206abb31e3-12", "tips": [{"id": "506d0139e4b02c3dab5ae571", "text": "Enjoy a table outside and make sure to order the Beijing Duck - Amazing!!!", "disagreeCount": 0, "logView": true, "createdAt": 1349321017, "likes": {"groups": [], "summary": "2 likes", "count": 2}, "todo": {"count": 0}, "agreeCount": 2, "canonicalUrl": "https://foursquare.com/item/506d0139e4b02c3dab5ae571", "type": "user", "user": {"gender": "female", "id": "52844", "photo": {"prefix": "https://igx.4sqi.net/img/user/", "suffix": "/1P2Z44WSPVX3HJYZ.jpg"}, "firstName": "Diana", "lastName": "P"}}]}, {"reasons": {"items": [{"reasonName": "globalInteractionReason", "summary": "This spot is popular", "type": "general"}], "count": 0}, "venue": {"hereNow": {"groups": [], "summary": "Nobody here", "count": 0}, "contact": {"phone": "+6564637277", "formattedPhone": "+65 6463 7277"}, "photos": {"groups": [], "count": 0}, "rating": 8.3, "name": "Sanpoutei Ramen \u4e09\u5b9d\u4ead\u3089\u30fc\u3081\u3093", "ratingSignals": 111, "allowMenuUrlEdit": true, "categories": [{"pluralName": "Ramen Restaurants", "id": "55a59bace4b013909087cb24", "primary": true, "icon": {"prefix": "https://ss3.4sqi.net/img/categories_v2/food/ramen_", "suffix": ".png"}, "name": "Ramen Restaurant", "shortName": "Ramen"}], "stats": {"checkinsCount": 1148, "usersCount": 778, "tipCount": 31}, "id": "53268f4f498ee9558d164565", "beenHere": {"lastCheckinExpiredAt": 0, "count": 0, "marked": false}, "url": "http://www.sanpoutei.sg", "ratingColor": "73CF42", "location": {"lng": 103.79581960050014, "formattedAddress": ["253 Holland Ave #01-01 (Holland Village)", "Singapore"], "neighborhood": "hollan", "lat": 1.3114452680427247, "crossStreet": "Holland Village", "country": "Singapore", "distance": 785, "city": "Singapore", "cc": "SG", "address": "253 Holland Ave #01-01", "labeledLatLngs": [{"lng": 103.79581960050014, "label": "display", "lat": 1.3114452680427247}]}, "hours": {"isLocalHoliday": false, "isOpen": true, "status": "Open until 11:00 PM"}, "verified": false, "price": {"tier": 2, "currency": "$", "message": "Moderate"}}, "referralId": "e-3-53268f4f498ee9558d164565-13", "tips": [{"logView": true, "photo": {"id": "5388011e498eb047da4b19f3", "visibility": "public", "source": {"name": "Foursquare for iOS", "url": "https://foursquare.com/download/#/iphone"}, "suffix": "/33026095_jTNQSSD3Ld2hHr_fNmDhYNPK6aBrYkuiFCwpS4DDvaU.jpg", "createdAt": 1401422110, "prefix": "https://igx.4sqi.net/img/general/", "width": 960, "height": 639}, "createdAt": 1401422108, "todo": {"count": 0}, "agreeCount": 4, "likes": {"groups": [], "summary": "4 likes", "count": 4}, "id": "5388011c11d295de0c73657a", "text": "Specially imported top quality flour from Niigata. Each strand of noodle is crimped instead of straight or wavy and processes a light gold hue. Only 200 portions of ramen noodles are prepared daily!", "disagreeCount": 0, "user": {"id": "33026095", "photo": {"prefix": "https://igx.4sqi.net/img/user/", "suffix": "/33026095-GYGNRJBYJR0WFTZX.jpg"}, "firstName": "Vivienneeluv", "gender": "female"}, "canonicalUrl": "https://foursquare.com/item/5388011c11d295de0c73657a", "type": "user", "photourl": "https://igx.4sqi.net/img/general/original/33026095_jTNQSSD3Ld2hHr_fNmDhYNPK6aBrYkuiFCwpS4DDvaU.jpg"}]}, {"reasons": {"items": [{"reasonName": "globalInteractionReason", "summary": "This spot is popular", "type": "general"}], "count": 0}, "venue": {"venuePage": {"id": "120519793"}, "hereNow": {"groups": [], "summary": "Nobody here", "count": 0}, "contact": {"twitter": "beerfest_sg", "phone": "+6582372138", "formattedPhone": "+65 8237 2138"}, "photos": {"groups": [], "count": 0}, "rating": 7.4, "name": "Beerfest Brewery", "ratingSignals": 52, "allowMenuUrlEdit": true, "categories": [{"pluralName": "German Restaurants", "id": "4bf58dd8d48988d10d941735", "primary": true, "icon": {"prefix": "https://ss3.4sqi.net/img/categories_v2/food/german_", "suffix": ".png"}, "name": "German Restaurant", "shortName": "German"}], "stats": {"checkinsCount": 446, "usersCount": 263, "tipCount": 71}, "id": "5422da3b498e1b6b9c336a5c", "beenHere": {"lastCheckinExpiredAt": 0, "count": 0, "marked": false}, "url": "http://beerfest-sg.com", "ratingColor": "C5DE35", "location": {"formattedAddress": ["4 Rochester Park", "139215", "Singapore"], "postalCode": "139215", "lat": 1.3040739752981945, "lng": 103.78680109977722, "country": "Singapore", "distance": 512, "city": "Singapore", "cc": "SG", "address": "4 Rochester Park", "labeledLatLngs": [{"lng": 103.78680109977722, "label": "display", "lat": 1.3040739752981945}]}, "hours": {"isLocalHoliday": false, "isOpen": true, "status": "Open until 11:00 PM"}, "verified": true, "price": {"tier": 2, "currency": "$", "message": "Moderate"}, "storeId": ""}, "referralId": "e-3-5422da3b498e1b6b9c336a5c-14", "tips": [{"logView": true, "photo": {"id": "55fea827498e8769582309f0", "visibility": "public", "source": {"name": "Foursquare Web", "url": "https://foursquare.com"}, "suffix": "/120519793_osfMqG9o6u17rmcvP1utljzjD9Q3ErRb3EA81IU0SHY.jpg", "createdAt": 1442752551, "prefix": "https://igx.4sqi.net/img/general/", "width": 2904, "height": 1890}, "createdAt": 1442752549, "todo": {"count": 0}, "agreeCount": 1, "likes": {"groups": [], "summary": "1 like", "count": 1}, "id": "55fea825498e481e6b57b35d", "text": "MONDAY - FREE BEER! Buy one get one for FREE! - Applicable on our Craft Beer \"Light Queen Lager, GreenPiece, Dark Warder and Cherry Ruby\". on all sizes, valid from 5pm-8pm", "disagreeCount": 0, "user": {"venue": {"id": "5422da3b498e1b6b9c336a5c"}, "id": "120519793", "photo": {"prefix": "https://igx.4sqi.net/img/user/", "suffix": "/120519793-5YZJBR5Q4FPGIICI.jpg"}, "firstName": "Beerfest Brewery", "type": "venuePage", "gender": "none"}, "canonicalUrl": "https://foursquare.com/item/55fea825498e481e6b57b35d", "type": "user", "photourl": "https://igx.4sqi.net/img/general/original/120519793_osfMqG9o6u17rmcvP1utljzjD9Q3ErRb3EA81IU0SHY.jpg"}]}, {"reasons": {"items": [{"reasonName": "globalInteractionReason", "summary": "This spot is popular", "type": "general"}], "count": 0}, "venue": {"hereNow": {"groups": [], "summary": "Nobody here", "count": 0}, "contact": {"phone": "+6566590048", "formattedPhone": "+65 6659 0048"}, "photos": {"groups": [], "count": 0}, "rating": 6.9, "name": "KAZ Japanese Fusion Sushi", "ratingSignals": 9, "allowMenuUrlEdit": true, "categories": [{"pluralName": "Japanese Restaurants", "id": "4bf58dd8d48988d111941735", "primary": true, "icon": {"prefix": "https://ss3.4sqi.net/img/categories_v2/food/japanese_", "suffix": ".png"}, "name": "Japanese Restaurant", "shortName": "Japanese"}], "stats": {"checkinsCount": 115, "usersCount": 80, "tipCount": 6}, "id": "5035ce4fe4b02f167af42fca", "beenHere": {"lastCheckinExpiredAt": 0, "count": 0, "marked": false}, "ratingColor": "FFC800", "location": {"lng": 103.78893794665436, "formattedAddress": ["#02-12 Rochester Mall (35 Rochester Drv)", "Singapore"], "lat": 1.305250864699236, "crossStreet": "35 Rochester Drv", "country": "Singapore", "distance": 256, "city": "Singapore", "cc": "SG", "address": "#02-12 Rochester Mall", "labeledLatLngs": [{"lng": 103.78893794665436, "label": "display", "lat": 1.305250864699236}]}, "verified": false, "price": {"tier": 2, "currency": "$", "message": "Moderate"}}, "referralId": "e-3-5035ce4fe4b02f167af42fca-15", "tips": [{"logView": true, "photo": {"id": "51d7be98498ebe88340a23d1", "visibility": "public", "source": {"name": "Foursquare for iOS", "url": "https://foursquare.com/download/#/iphone"}, "suffix": "/1381947_D4M3QU88nqOVslIF2rswbCNqinTmFoOZgAYjq6tEFNY.jpg", "createdAt": 1373093528, "prefix": "https://igx.4sqi.net/img/general/", "width": 960, "height": 720}, "createdAt": 1373093525, "todo": {"count": 0}, "agreeCount": 3, "likes": {"groups": [], "summary": "2 likes", "count": 2}, "id": "51d7be95498ed58823add4af", "text": "Was impressed by the rainbow roll", "disagreeCount": 0, "user": {"gender": "male", "id": "1381947", "photo": {"prefix": "https://igx.4sqi.net/img/user/", "suffix": "/1381947-WNKPZXERQQKXFUQG.jpg"}, "firstName": "Daniel", "lastName": "Tay"}, "canonicalUrl": "https://foursquare.com/item/51d7be95498ed58823add4af", "type": "user", "photourl": "https://igx.4sqi.net/img/general/original/1381947_D4M3QU88nqOVslIF2rswbCNqinTmFoOZgAYjq6tEFNY.jpg"}]}, {"reasons": {"items": [{"reasonName": "globalInteractionReason", "summary": "This spot is popular", "type": "general"}], "count": 0}, "venue": {"contact": {"facebook": "1518247191781854", "facebookUsername": "leanbentocom", "facebookName": "LEAN BENTO \u30ea\u30fc\u30f3\u5f01\u5f53", "formattedPhone": "+65 6750 4504", "twitter": "leanbentocom", "phone": "+6567504504"}, "photos": {"groups": [], "count": 0}, "rating": 7.0, "name": "Lean Bento", "ratingSignals": 19, "allowMenuUrlEdit": true, "categories": [{"pluralName": "Bistros", "id": "52e81612bcbc57f1066b79f1", "primary": true, "icon": {"prefix": "https://ss3.4sqi.net/img/categories_v2/food/default_", "suffix": ".png"}, "name": "Bistro", "shortName": "Bistro"}], "stats": {"checkinsCount": 356, "usersCount": 123, "tipCount": 7}, "id": "552ce2f0498e405cd680508f", "beenHere": {"lastCheckinExpiredAt": 0, "count": 0, "marked": false}, "url": "http://leanbento.com", "ratingColor": "C5DE35", "location": {"formattedAddress": ["#01-49 43 Holland Drive", "270043", "Singapore"], "postalCode": "270043", "lat": 1.3071201737046136, "lng": 103.79316329956055, "country": "Singapore", "distance": 330, "city": "Singapore", "cc": "SG", "address": "#01-49 43 Holland Drive", "labeledLatLngs": [{"lng": 103.79316329956055, "label": "display", "lat": 1.3071201737046136}]}, "hours": {"isLocalHoliday": false, "isOpen": false, "status": "Closed until 8:30 AM tomorrow"}, "verified": false, "hereNow": {"groups": [{"items": [], "name": "Other people here", "count": 1, "type": "others"}], "summary": "One other person is here", "count": 1}}, "referralId": "e-3-552ce2f0498e405cd680508f-16", "tips": [{"id": "556ef5db498ecc339894940e", "text": "\ud83d\udc4dTried Shoyu salmon, love it. Also love the egg. \ud83d\udc4eVeggies kind of bland. Coconut water is slightly ex.", "disagreeCount": 0, "logView": true, "createdAt": 1433335259, "likes": {"groups": [], "summary": "1 like", "count": 1}, "todo": {"count": 1}, "agreeCount": 1, "canonicalUrl": "https://foursquare.com/item/556ef5db498ecc339894940e", "type": "user", "user": {"gender": "female", "id": "121302952", "photo": {"prefix": "https://igx.4sqi.net/img/user/", "default": true, "suffix": "/blank_girl.png"}, "firstName": "Lena", "lastName": "Lim"}}]}, {"reasons": {"items": [{"reasonName": "globalInteractionReason", "summary": "This spot is popular", "type": "general"}], "count": 0}, "venue": {"hereNow": {"groups": [], "summary": "Nobody here", "count": 0}, "contact": {}, "photos": {"groups": [], "count": 0}, "rating": 7.2, "name": "Ah Seng Durian", "ratingSignals": 25, "allowMenuUrlEdit": true, "categories": [{"pluralName": "Snack Places", "id": "4bf58dd8d48988d1c7941735", "primary": true, "icon": {"prefix": "https://ss3.4sqi.net/img/categories_v2/food/snacks_", "suffix": ".png"}, "name": "Snack Place", "shortName": "Snacks"}], "stats": {"checkinsCount": 238, "usersCount": 149, "tipCount": 10}, "id": "4fd42640e4b00127ba2bc3e6", "beenHere": {"lastCheckinExpiredAt": 0, "count": 0, "marked": false}, "ratingColor": "C5DE35", "location": {"lng": 103.7883396151301, "formattedAddress": ["Ghim Moh Market (Blk 20 #01-197)", "Singapore"], "lat": 1.310958056627096, "crossStreet": "Blk 20 #01-197", "distance": 468, "country": "Singapore", "cc": "SG", "address": "Ghim Moh Market", "labeledLatLngs": [{"lng": 103.7883396151301, "label": "display", "lat": 1.310958056627096}]}, "verified": false, "price": {"tier": 1, "currency": "$", "message": "Cheap"}}, "referralId": "e-3-4fd42640e4b00127ba2bc3e6-17", "tips": [{"id": "559bc660498e6f89c8b7b250", "text": "Good durians here, but you wait 1 hour in the line. They have moved to the temporary structure at 150A Ghim Moh Road.", "disagreeCount": 0, "logView": true, "createdAt": 1436272224, "likes": {"groups": [], "summary": "1 like", "count": 1}, "todo": {"count": 0}, "agreeCount": 1, "canonicalUrl": "https://foursquare.com/item/559bc660498e6f89c8b7b250", "type": "user", "user": {"id": "6696488", "photo": {"prefix": "https://igx.4sqi.net/img/user/", "suffix": "/-M1HBJIFWTQP5LTP2.gif"}, "firstName": "Jeannie", "gender": "none"}}]}, {"reasons": {"items": [{"reasonName": "globalInteractionReason", "summary": "This spot is popular", "type": "general"}], "count": 0}, "venue": {"hereNow": {"groups": [], "summary": "Nobody here", "count": 0}, "contact": {"phone": "+6564630968", "formattedPhone": "+65 6463 0968"}, "photos": {"groups": [], "count": 0}, "rating": 7.6, "name": "Crystal Jade La Mian Xiao Long Bao", "ratingSignals": 117, "allowMenuUrlEdit": true, "categories": [{"pluralName": "Chinese Restaurants", "id": "4bf58dd8d48988d145941735", "primary": true, "icon": {"prefix": "https://ss3.4sqi.net/img/categories_v2/food/asian_", "suffix": ".png"}, "name": "Chinese Restaurant", "shortName": "Chinese"}], "stats": {"checkinsCount": 8269, "usersCount": 5594, "tipCount": 45}, "id": "4b62ecb7f964a5201f592ae3", "beenHere": {"lastCheckinExpiredAt": 0, "count": 0, "marked": false}, "url": "http://www.crystaljade.com", "ratingColor": "C5DE35", "location": {"lng": 103.79551291465759, "formattedAddress": ["241/241A Holland Ave (Holland Village)", "278975", "Singapore"], "postalCode": "278975", "lat": 1.311217519252508, "crossStreet": "Holland Village", "country": "Singapore", "distance": 743, "city": "Singapore", "cc": "SG", "address": "241/241A Holland Ave", "labeledLatLngs": [{"lng": 103.79551291465759, "label": "display", "lat": 1.311217519252508}]}, "hours": {"isLocalHoliday": false, "isOpen": true, "status": "Open until 10:00 PM"}, "verified": false, "price": {"tier": 1, "currency": "$", "message": "Cheap"}}, "referralId": "e-3-4b62ecb7f964a5201f592ae3-18", "tips": [{"id": "5152b5bbe4b0cffe8c281516", "text": "Called a hundred times for reservation. Still never pickup", "disagreeCount": 0, "logView": true, "createdAt": 1364374971, "likes": {"groups": [], "summary": "3 likes", "count": 3}, "todo": {"count": 0}, "agreeCount": 3, "canonicalUrl": "https://foursquare.com/item/5152b5bbe4b0cffe8c281516", "type": "user", "user": {"gender": "male", "id": "4998202", "photo": {"prefix": "https://igx.4sqi.net/img/user/", "suffix": "/DWY2Y5BXTDAAW5HQ.jpg"}, "firstName": "Benjamin", "lastName": "Low"}}]}, {"reasons": {"items": [{"reasonName": "globalInteractionReason", "summary": "This spot is popular", "type": "general"}], "count": 0}, "venue": {"hereNow": {"groups": [], "summary": "Nobody here", "count": 0}, "contact": {"facebook": "155994234457418", "facebookUsername": "jimmymonkeycafe", "facebookName": "Jimmy Monkey Caf\u00e9 & Bar", "formattedPhone": "+65 6777 8470", "twitter": "jimmymonkeycafe", "phone": "+6567778470"}, "photos": {"groups": [], "count": 0}, "rating": 7.3, "name": "Jimmy Monkey Cafe & Bar", "ratingSignals": 194, "allowMenuUrlEdit": true, "categories": [{"pluralName": "Caf\u00e9s", "id": "4bf58dd8d48988d16d941735", "primary": true, "icon": {"prefix": "https://ss3.4sqi.net/img/categories_v2/food/cafe_", "suffix": ".png"}, "name": "Caf\u00e9", "shortName": "Caf\u00e9"}], "stats": {"checkinsCount": 2443, "usersCount": 1267, "tipCount": 84}, "id": "4d96cd1361a3a1cd3757a542", "beenHere": {"lastCheckinExpiredAt": 0, "count": 0, "marked": false}, "url": "http://www.jimmymonkey.com", "ratingColor": "C5DE35", "location": {"lng": 103.79010558128357, "formattedAddress": ["#01-51 One-North Residences. (9 One North Gateway)", "138643", "Singapore"], "postalCode": "138643", "lat": 1.3018965847406896, "crossStreet": "9 One North Gateway", "country": "Singapore", "distance": 588, "city": "Singapore", "cc": "SG", "address": "#01-51 One-North Residences.", "labeledLatLngs": [{"lng": 103.79010558128357, "label": "display", "lat": 1.3018965847406896}]}, "hours": {"isLocalHoliday": false, "isOpen": false, "status": "Closed until 8:30 AM tomorrow"}, "verified": false, "price": {"tier": 1, "currency": "$", "message": "Cheap"}}, "referralId": "e-3-4d96cd1361a3a1cd3757a542-19", "tips": [{"id": "5250f5fc11d27af62b404479", "text": "The WiFi password is 67778470 which is the phone number of the restaurant. The SSID is JimmyMonkey(Guest)", "disagreeCount": 0, "logView": true, "createdAt": 1381037564, "likes": {"groups": [], "summary": "11 likes", "count": 11}, "todo": {"count": 1}, "agreeCount": 11, "canonicalUrl": "https://foursquare.com/item/5250f5fc11d27af62b404479", "type": "user", "user": {"gender": "male", "id": "484868", "photo": {"prefix": "https://igx.4sqi.net/img/user/", "suffix": "/VAI24PZ02YTGAOHP.jpg"}, "firstName": "Barrie", "lastName": "Ooi"}}]}, {"reasons": {"items": [{"reasonName": "globalInteractionReason", "summary": "This spot is popular", "type": "general"}], "count": 0}, "venue": {"hereNow": {"groups": [], "summary": "Nobody here", "count": 0}, "contact": {}, "photos": {"groups": [], "count": 0}, "rating": 7.3, "name": "Char-Grill Bar @ Holland Village", "ratingSignals": 8, "allowMenuUrlEdit": true, "categories": [{"pluralName": "Gastropubs", "id": "4bf58dd8d48988d155941735", "primary": true, "icon": {"prefix": "https://ss3.4sqi.net/img/categories_v2/food/gastropub_", "suffix": ".png"}, "name": "Gastropub", "shortName": "Gastropub"}], "stats": {"checkinsCount": 448, "usersCount": 204, "tipCount": 3}, "id": "58131df538fadde3c240a549", "beenHere": {"lastCheckinExpiredAt": 0, "count": 0, "marked": false}, "ratingColor": "C5DE35", "location": {"formattedAddress": ["No. 25A Lor Liput", "277735", "Singapore"], "postalCode": "277735", "lat": 1.310305, "lng": 103.794677, "country": "Singapore", "distance": 608, "city": "Singapore", "cc": "SG", "address": "No. 25A Lor Liput", "labeledLatLngs": [{"lng": 103.794677, "label": "display", "lat": 1.310305}]}, "hours": {"isLocalHoliday": false, "isOpen": true, "status": "Likely open"}, "verified": false, "price": {"tier": 3, "currency": "$", "message": "Expensive"}}, "referralId": "e-3-58131df538fadde3c240a549-20", "tips": [{"id": "584bc1d945005e5783c00ecd", "text": "They were previously a stall in the Holland Village Coffeeshop. Political circumstances forced them to move out.", "disagreeCount": 0, "createdAt": 1481359833, "logView": true, "todo": {"count": 0}, "agreeCount": 0, "canonicalUrl": "https://foursquare.com/item/584bc1d945005e5783c00ecd", "type": "user", "user": {"gender": "male", "id": "7672276", "photo": {"prefix": "https://igx.4sqi.net/img/user/", "suffix": "/5AHM5JPEUNW1YZTY.jpg"}, "firstName": "Benjamin", "lastName": "Thomas"}}]}, {"reasons": {"items": [{"reasonName": "globalInteractionReason", "summary": "This spot is popular", "type": "general"}], "count": 0}, "venue": {"hereNow": {"groups": [], "summary": "Nobody here", "count": 0}, "contact": {}, "photos": {"groups": [], "count": 0}, "rating": 7.0, "name": "Master Crab The Crab Specialist \u8783\u87f9\u5e08\u5085", "ratingSignals": 43, "allowMenuUrlEdit": true, "categories": [{"pluralName": "Seafood Restaurants", "id": "4bf58dd8d48988d1ce941735", "primary": true, "icon": {"prefix": "https://ss3.4sqi.net/img/categories_v2/food/seafood_", "suffix": ".png"}, "name": "Seafood Restaurant", "shortName": "Seafood"}], "stats": {"checkinsCount": 1620, "usersCount": 977, "tipCount": 30}, "id": "4b7fd15cf964a5201a3f30e3", "beenHere": {"lastCheckinExpiredAt": 0, "count": 0, "marked": false}, "ratingColor": "C5DE35", "location": {"lng": 103.78882476449442, "formattedAddress": ["Kopitiam (19 Ghim Moh Rd, #01-263)", "Singapore"], "lat": 1.311227582970511, "crossStreet": "19 Ghim Moh Rd, #01-263", "country": "Singapore", "distance": 475, "city": "Singapore", "cc": "SG", "address": "Kopitiam", "labeledLatLngs": [{"lng": 103.78882476449442, "label": "display", "lat": 1.311227582970511}]}, "hours": {"isLocalHoliday": false, "isOpen": true, "status": "Likely open"}, "verified": false, "price": {"tier": 3, "currency": "$", "message": "Expensive"}}, "referralId": "e-3-4b7fd15cf964a5201a3f30e3-21", "tips": [{"id": "4c0513f970c603bb4fea9db4", "text": "Try salted egg crab", "disagreeCount": 0, "logView": true, "createdAt": 1275401209, "likes": {"groups": [], "summary": "7 likes", "count": 7}, "todo": {"count": 3}, "agreeCount": 0, "canonicalUrl": "https://foursquare.com/item/4c0513f970c603bb4fea9db4", "type": "user", "user": {"id": "1465107", "photo": {"prefix": "https://igx.4sqi.net/img/user/", "suffix": "/YQWZWCM0V4GKFS5U.jpg"}, "firstName": "Beibeijo", "gender": "female"}}]}, {"reasons": {"items": [{"reasonName": "globalInteractionReason", "summary": "This spot is popular", "type": "general"}], "count": 0}, "venue": {"hereNow": {"groups": [], "summary": "Nobody here", "count": 0}, "contact": {"phone": "+6564633165", "formattedPhone": "+65 6463 3165"}, "photos": {"groups": [], "count": 0}, "rating": 7.3, "name": "iSTEAKS Diner", "ratingSignals": 37, "allowMenuUrlEdit": true, "categories": [{"pluralName": "Steakhouses", "id": "4bf58dd8d48988d1cc941735", "primary": true, "icon": {"prefix": "https://ss3.4sqi.net/img/categories_v2/food/steakhouse_", "suffix": ".png"}, "name": "Steakhouse", "shortName": "Steakhouse"}], "stats": {"checkinsCount": 931, "usersCount": 446, "tipCount": 10}, "id": "56360adb498ec15f503ab019", "beenHere": {"lastCheckinExpiredAt": 0, "count": 0, "marked": false}, "url": "https://www.isteaksdiner.com", "ratingColor": "C5DE35", "location": {"lng": 103.79507256187405, "formattedAddress": ["17A Lorong Liput (Holland Village)", "277731", "Singapore"], "postalCode": "277731", "lat": 1.3106082840418072, "crossStreet": "Holland Village", "country": "Singapore", "distance": 663, "city": "Singapore", "cc": "SG", "address": "17A Lorong Liput", "labeledLatLngs": [{"lng": 103.79507256187405, "label": "display", "lat": 1.3106082840418072}]}, "hours": {"isLocalHoliday": false, "isOpen": true, "status": "Likely open"}, "verified": false, "price": {"tier": 4, "currency": "$", "message": "Very Expensive"}}, "referralId": "e-3-56360adb498ec15f503ab019-22", "tips": [{"logView": true, "photo": {"id": "5636113c498ea91add9bb9b8", "visibility": "public", "source": {"name": "Foursquare for iOS", "url": "https://foursquare.com/download/#/iphone"}, "suffix": "/234324_VYx752uXCgA4Q3c8qhMVdIXoVgmuV2EvWYXzY_hzn3I.jpg", "createdAt": 1446383932, "prefix": "https://igx.4sqi.net/img/general/", "width": 1440, "height": 1440}, "createdAt": 1446383930, "todo": {"count": 0}, "agreeCount": 2, "likes": {"groups": [], "summary": "2 likes", "count": 2}, "id": "5636113acd102cc8e67fd9bd", "text": "The Country Baked Beans is a notable Complement (side) to your meal. There's bacon and onion bits in there and the barbecue flavour is strong in this one.", "disagreeCount": 0, "user": {"gender": "male", "id": "234324", "photo": {"prefix": "https://igx.4sqi.net/img/user/", "suffix": "/FIH1ERWONCZI4K3D.jpg"}, "firstName": "gerard", "lastName": "t"}, "canonicalUrl": "https://foursquare.com/item/5636113acd102cc8e67fd9bd", "type": "user", "photourl": "https://igx.4sqi.net/img/general/original/234324_VYx752uXCgA4Q3c8qhMVdIXoVgmuV2EvWYXzY_hzn3I.jpg"}]}, {"reasons": {"items": [{"reasonName": "globalInteractionReason", "summary": "This spot is popular", "type": "general"}], "count": 0}, "venue": {"hereNow": {"groups": [], "summary": "Nobody here", "count": 0}, "contact": {}, "photos": {"groups": [], "count": 0}, "rating": 7.4, "name": "Fosters | An English Rose Cafe", "ratingSignals": 63, "allowMenuUrlEdit": true, "categories": [{"pluralName": "Steakhouses", "id": "4bf58dd8d48988d1cc941735", "primary": true, "icon": {"prefix": "https://ss3.4sqi.net/img/categories_v2/food/steakhouse_", "suffix": ".png"}, "name": "Steakhouse", "shortName": "Steakhouse"}], "stats": {"checkinsCount": 1672, "usersCount": 1272, "tipCount": 43}, "id": "4b824321f964a52070ce30e3", "beenHere": {"lastCheckinExpiredAt": 0, "count": 0, "marked": false}, "url": "http://www.fosters-restaurant.com", "ratingColor": "C5DE35", "location": {"lng": 103.7951461336763, "formattedAddress": ["277 Holland Avenue (Holland Village)", "278994", "Singapore"], "postalCode": "278994", "lat": 1.311817082353561, "crossStreet": "Holland Village", "country": "Singapore", "distance": 755, "city": "Singapore", "cc": "SG", "address": "277 Holland Avenue", "labeledLatLngs": [{"lng": 103.7951461336763, "label": "display", "lat": 1.311817082353561}]}, "hours": {"isLocalHoliday": false, "isOpen": true, "status": "Open until 11:00 PM"}, "verified": false, "price": {"tier": 4, "currency": "$", "message": "Very Expensive"}}, "referralId": "e-3-4b824321f964a52070ce30e3-23", "tips": [{"id": "4e9fd76a5c5c8cb41c8551bd", "text": "Mushroom and lobster soups are delicious! Slices of mushroom/lobster in every mouth. Oh, and the all day long beer at $15 for 2 is such a bonus to this beautiful place.", "disagreeCount": 0, "logView": true, "createdAt": 1319098218, "likes": {"groups": [], "summary": "3 likes", "count": 3}, "todo": {"count": 0}, "agreeCount": 3, "canonicalUrl": "https://foursquare.com/item/4e9fd76a5c5c8cb41c8551bd", "type": "user", "user": {"gender": "female", "id": "1384733", "photo": {"prefix": "https://igx.4sqi.net/img/user/", "suffix": "/AYK1X05DL4AEWVF3.jpg"}, "firstName": "Ann", "lastName": "Heng"}}]}, {"reasons": {"items": [{"reasonName": "globalInteractionReason", "summary": "This spot is popular", "type": "general"}], "count": 0}, "venue": {"hereNow": {"groups": [], "summary": "Nobody here", "count": 0}, "contact": {"phone": "+6564622886", "formattedPhone": "+65 6462 2886"}, "photos": {"groups": [], "count": 0}, "rating": 7.1, "name": "Subway", "ratingSignals": 10, "allowMenuUrlEdit": true, "categories": [{"pluralName": "Sandwich Places", "id": "4bf58dd8d48988d1c5941735", "primary": true, "icon": {"prefix": "https://ss3.4sqi.net/img/categories_v2/food/deli_", "suffix": ".png"}, "name": "Sandwich Place", "shortName": "Sandwiches"}], "stats": {"checkinsCount": 1309, "usersCount": 546, "tipCount": 6}, "id": "4c9edf6f19e4236a52455489", "beenHere": {"lastCheckinExpiredAt": 0, "count": 0, "marked": false}, "url": "http://www.subway.com.sg", "ratingColor": "C5DE35", "location": {"lng": 103.79498201201869, "formattedAddress": ["25B Lorong Liput (Holland Village)", "277735", "Singapore"], "postalCode": "277735", "lat": 1.3103618974901734, "crossStreet": "Holland Village", "country": "Singapore", "distance": 639, "city": "Singapore", "cc": "SG", "address": "25B Lorong Liput", "labeledLatLngs": [{"lng": 103.79498201201869, "label": "display", "lat": 1.3103618974901734}]}, "hours": {"isLocalHoliday": false, "isOpen": true, "status": "Likely open"}, "verified": false, "price": {"tier": 1, "currency": "$", "message": "Cheap"}}, "referralId": "e-3-4c9edf6f19e4236a52455489-24", "tips": [{"logView": true, "photo": {"id": "543737b7498ec8a7bb687179", "visibility": "public", "source": {"name": "Foursquare for iOS", "url": "https://foursquare.com/download/#/iphone"}, "suffix": "/432141_D86uMjbYjeOwrtDNnFZUWUis6g8X_9hH6xUTHd9Ynqg.jpg", "createdAt": 1412904887, "prefix": "https://igx.4sqi.net/img/general/", "width": 720, "height": 960}, "createdAt": 1412904884, "agreeCount": 0, "id": "543737b4498e57476f3031a4", "text": "Singapore Subway eaters today is the day to 'Buy One Get One Free 6\" Sub Day.'", "type": "user", "disagreeCount": 0, "user": {"gender": "male", "id": "432141", "photo": {"prefix": "https://igx.4sqi.net/img/user/", "suffix": "/432141_j3qtkupb_mK99LYQR2cDk0nY0zwesnWG2O78mdHKTv75T52cFt4RTxkYvDxFXW2kssMR_bqza"}, "firstName": "Roy", "lastName": "Devlin"}, "canonicalUrl": "https://foursquare.com/item/543737b4498e57476f3031a4", "todo": {"count": 0}, "photourl": "https://igx.4sqi.net/img/general/original/432141_D86uMjbYjeOwrtDNnFZUWUis6g8X_9hH6xUTHd9Ynqg.jpg"}]}, {"reasons": {"items": [{"reasonName": "globalInteractionReason", "summary": "This spot is popular", "type": "general"}], "count": 0}, "venue": {"hereNow": {"groups": [], "summary": "Nobody here", "count": 0}, "contact": {"facebook": "988396787887564", "facebookUsername": "fullofluckclub", "facebookName": "Full of Luck Club", "phone": "+6562086845", "formattedPhone": "+65 6208 6845"}, "photos": {"groups": [], "count": 0}, "rating": 7.2, "menu": {"mobileUrl": "http://fullofluck.club/wp-content/uploads/2016/04/menu.pdf", "externalUrl": "http://fullofluck.club/wp-content/uploads/2016/04/menu.pdf", "url": "http://fullofluck.club/wp-content/uploads/2016/04/menu.pdf", "anchor": "View Menu", "label": "Menu", "type": "Menu"}, "name": "Full of Luck Club", "ratingSignals": 26, "allowMenuUrlEdit": true, "categories": [{"pluralName": "Dim Sum Restaurants", "id": "4bf58dd8d48988d1f5931735", "primary": true, "icon": {"prefix": "https://ss3.4sqi.net/img/categories_v2/food/dimsum_", "suffix": ".png"}, "name": "Dim Sum Restaurant", "shortName": "Dim Sum"}], "stats": {"checkinsCount": 268, "usersCount": 221, "tipCount": 5}, "id": "57469211498e236ce4a2c51a", "beenHere": {"lastCheckinExpiredAt": 0, "count": 0, "marked": false}, "url": "http://fullofluck.club", "ratingColor": "C5DE35", "location": {"formattedAddress": ["243 Holland Ave", "278977", "Singapore"], "postalCode": "278977", "lat": 1.311106, "lng": 103.795819, "country": "Singapore", "distance": 763, "city": "Singapore", "cc": "SG", "address": "243 Holland Ave", "labeledLatLngs": [{"lng": 103.795819, "label": "display", "lat": 1.311106}]}, "hours": {"isLocalHoliday": false, "isOpen": false}, "verified": false, "price": {"tier": 2, "currency": "$", "message": "Moderate"}}, "referralId": "e-3-57469211498e236ce4a2c51a-25", "tips": [{"id": "583ace140acb6a0fb344359a", "text": "The Lychee Oolong tea is very refreshing. The carrot cake is very good. Crispy on the outside and soft on the inside.", "disagreeCount": 0, "createdAt": 1480248852, "logView": true, "todo": {"count": 0}, "agreeCount": 0, "canonicalUrl": "https://foursquare.com/item/583ace140acb6a0fb344359a", "type": "user", "user": {"gender": "female", "id": "152534", "photo": {"prefix": "https://igx.4sqi.net/img/user/", "suffix": "/X5FXZZBXB3IZ0LXB.jpg"}, "firstName": "Estrella", "lastName": "Chua"}}]}, {"reasons": {"items": [{"reasonName": "globalInteractionReason", "summary": "This spot is popular", "type": "general"}], "count": 0}, "venue": {"hereNow": {"groups": [], "summary": "Nobody here", "count": 0}, "contact": {"facebook": "262563900547809", "facebookUsername": "PARKathv", "facebookName": "PARK at Holland Village", "formattedPhone": "+65 9721 3815", "twitter": "parkathv", "phone": "+6597213815"}, "photos": {"groups": [], "count": 0}, "rating": 7.0, "name": "PARK", "ratingSignals": 108, "allowMenuUrlEdit": true, "categories": [{"pluralName": "Gastropubs", "id": "4bf58dd8d48988d155941735", "primary": true, "icon": {"prefix": "https://ss3.4sqi.net/img/categories_v2/food/gastropub_", "suffix": ".png"}, "name": "Gastropub", "shortName": "Gastropub"}], "stats": {"checkinsCount": 1863, "usersCount": 1231, "tipCount": 43}, "id": "51624af2e4b04efab219d8b3", "beenHere": {"lastCheckinExpiredAt": 0, "count": 0, "marked": false}, "url": "http://parkgroup.com.sg", "ratingColor": "C5DE35", "location": {"formattedAddress": ["281 Holland Ave., #01-01", "278996", "Singapore"], "postalCode": "278996", "lat": 1.3117338063977328, "lng": 103.79567245620116, "country": "Singapore", "distance": 792, "city": "Singapore", "cc": "SG", "address": "281 Holland Ave., #01-01", "labeledLatLngs": [{"lng": 103.79567245620116, "label": "display", "lat": 1.3117338063977328}]}, "hours": {"isLocalHoliday": false, "isOpen": false, "status": "Closed until 10:00 AM tomorrow"}, "verified": false, "price": {"tier": 3, "currency": "$", "message": "Expensive"}}, "referralId": "e-3-51624af2e4b04efab219d8b3-26", "tips": [{"logView": true, "photo": {"id": "51efead2498e490d4d2c1e98", "visibility": "public", "source": {"name": "Foursquare for Android", "url": "https://foursquare.com/download/#/android"}, "suffix": "/324434_njg5Un52PnTzmqtUQSFvKPly3gZ7Jd0ZswrRaz8DI7s.jpg", "createdAt": 1374677714, "prefix": "https://igx.4sqi.net/img/general/", "width": 960, "height": 720}, "createdAt": 1374677711, "todo": {"count": 1}, "agreeCount": 4, "likes": {"groups": [], "summary": "4 likes", "count": 4}, "id": "51efeacf498e5ed738c53e2f", "text": "U gotta have the caramelized banana pancakes, vanilla ice cream comes with mintx so mash them UP!", "disagreeCount": 0, "user": {"gender": "male", "id": "324434", "photo": {"prefix": "https://igx.4sqi.net/img/user/", "suffix": "/324434-PUMSIPIEHGR0I05E.jpg"}, "firstName": "Shaun", "lastName": "Chen"}, "canonicalUrl": "https://foursquare.com/item/51efeacf498e5ed738c53e2f", "type": "user", "photourl": "https://igx.4sqi.net/img/general/original/324434_njg5Un52PnTzmqtUQSFvKPly3gZ7Jd0ZswrRaz8DI7s.jpg"}]}], "name": "recommended", "type": "Recommended Places"}], "query": "food", "headerLocation": "Central Region"}}