{"meta": {"code": 200, "requestId": "595a3998f594df3c5933281a"}, "response": {"suggestedFilters": {"filters": [{"name": "Open now", "key": "openNow"}], "header": "Tap to show:"}, "totalResults": 95, "headerFullLocation": "Clementi, Singapore", "headerLocationGranularity": "neighborhood", "suggestedBounds": {"ne": {"lng": 103.77248733134283, "lat": 1.3221544996235972}, "sw": {"lng": 103.75811041731117, "lat": 1.307754485223583}}, "groups": [{"items": [{"reasons": {"items": [{"reasonName": "globalInteractionReason", "summary": "This spot is popular", "type": "general"}], "count": 0}, "venue": {"hereNow": {"groups": [], "summary": "Nobody here", "count": 0}, "contact": {}, "photos": {"groups": [], "count": 0}, "rating": 8.0, "name": "Xin Peng La Mian Xiao Long Bao", "ratingSignals": 11, "allowMenuUrlEdit": true, "categories": [{"pluralName": "Dim Sum Restaurants", "id": "4bf58dd8d48988d1f5931735", "primary": true, "icon": {"prefix": "https://ss3.4sqi.net/img/categories_v2/food/dimsum_", "suffix": ".png"}, "name": "Dim Sum Restaurant", "shortName": "Dim Sum"}], "stats": {"checkinsCount": 94, "usersCount": 46, "tipCount": 4}, "id": "4e338ca91f6efba24118bc58", "beenHere": {"lastCheckinExpiredAt": 0, "count": 0, "marked": false}, "ratingColor": "73CF42", "location": {"lng": 103.76434569931597, "formattedAddress": ["BGAIN442 Eating House (442 Clementi Ave. 3. #01-121.)", "120442", "Singapore"], "postalCode": "120442", "lat": 1.3136480166718656, "crossStreet": "442 Clementi Ave. 3. #01-121.", "country": "Singapore", "distance": 180, "city": "Singapore", "cc": "SG", "address": "BGAIN442 Eating House", "labeledLatLngs": [{"lng": 103.76434569931597, "label": "display", "lat": 1.3136480166718656}]}, "verified": false, "price": {"tier": 2, "currency": "$", "message": "Moderate"}}, "referralId": "e-3-4e338ca91f6efba24118bc58-0", "tips": [{"id": "5847f9156cea3f16ee3d3257", "text": "Try their beef noodles!!", "disagreeCount": 0, "createdAt": 1481111829, "logView": true, "todo": {"count": 0}, "agreeCount": 0, "canonicalUrl": "https://foursquare.com/item/5847f9156cea3f16ee3d3257", "type": "user", "user": {"id": "32211904", "photo": {"prefix": "https://igx.4sqi.net/img/user/", "suffix": "/KEQAVAEGVJ3MCT4Q.jpg"}, "firstName": "cyrandy", "gender": "female"}}]}, {"reasons": {"items": [{"reasonName": "globalInteractionReason", "summary": "This spot is popular", "type": "general"}], "count": 0}, "venue": {"hereNow": {"groups": [], "summary": "Nobody here", "count": 0}, "contact": {"phone": "+6566593688", "formattedPhone": "+65 6659 3688"}, "photos": {"groups": [], "count": 0}, "rating": 7.5, "name": "Soup Restaurant \u4e09\u76c5\u5169\u4ef6", "ratingSignals": 21, "allowMenuUrlEdit": true, "categories": [{"pluralName": "Soup Places", "id": "4bf58dd8d48988d1dd931735", "primary": true, "icon": {"prefix": "https://ss3.4sqi.net/img/categories_v2/food/soup_", "suffix": ".png"}, "name": "Soup Place", "shortName": "Soup"}], "stats": {"checkinsCount": 1251, "usersCount": 843, "tipCount": 7}, "id": "4dc67e67c65b89d3ca88c7c8", "beenHere": {"lastCheckinExpiredAt": 0, "count": 0, "marked": false}, "ratingColor": "C5DE35", "location": {"lng": 103.76504730258497, "formattedAddress": ["#03-62/63, The Clementi Mall (3155 Commonwealth Ave. West)", "129588", "Singapore"], "postalCode": "129588", "lat": 1.315072118312688, "crossStreet": "3155 Commonwealth Ave. West", "country": "Singapore", "distance": 30, "city": "Singapore", "cc": "SG", "address": "#03-62/63, The Clementi Mall", "labeledLatLngs": [{"lng": 103.76504730258497, "label": "display", "lat": 1.315072118312688}]}, "hours": {"isLocalHoliday": false, "isOpen": true, "status": "Likely open"}, "verified": false, "price": {"tier": 1, "currency": "$", "message": "Cheap"}}, "referralId": "e-3-4dc67e67c65b89d3ca88c7c8-1", "tips": [{"id": "4f7d9be1e4b089dfe4bdc1ab", "text": "Wait for long for e chicken to come here. Like a seriously.", "disagreeCount": 0, "logView": true, "createdAt": 1333631969, "likes": {"groups": [], "summary": "1 like", "count": 1}, "todo": {"count": 0}, "agreeCount": 1, "canonicalUrl": "https://foursquare.com/item/4f7d9be1e4b089dfe4bdc1ab", "type": "user", "user": {"gender": "male", "id": "297836", "photo": {"prefix": "https://igx.4sqi.net/img/user/", "suffix": "/297836-YZFEMZVFWBMJ22KV.jpg"}, "firstName": "Titus", "lastName": "Phoon"}}]}, {"reasons": {"items": [{"reasonName": "globalInteractionReason", "summary": "This spot is popular", "type": "general"}], "count": 0}, "venue": {"contact": {}, "photos": {"groups": [], "count": 0}, "rating": 7.1, "name": "Clementi 448 Market & Food Centre \u91d1\u6587\u6cf0\u5df4\u5239\u5c0f\u8ca9\u4e2d\u5fc3", "ratingSignals": 254, "allowMenuUrlEdit": true, "categories": [{"pluralName": "Food Courts", "id": "4bf58dd8d48988d120951735", "primary": true, "icon": {"prefix": "https://ss3.4sqi.net/img/categories_v2/shops/food_foodcourt_", "suffix": ".png"}, "name": "Food Court", "shortName": "Food Court"}], "stats": {"checkinsCount": 18598, "usersCount": 6250, "tipCount": 149}, "id": "4cd0ea641ac7a1cdac751c92", "beenHere": {"lastCheckinExpiredAt": 0, "count": 0, "marked": false}, "ratingColor": "C5DE35", "location": {"formattedAddress": ["448 Clementi Avenue 3", "120448", "Singapore"], "postalCode": "120448", "lat": 1.3135272443596104, "lng": 103.76471913285783, "country": "Singapore", "distance": 171, "city": "Singapore", "cc": "SG", "address": "448 Clementi Avenue 3", "labeledLatLngs": [{"lng": 103.76471913285783, "label": "display", "lat": 1.3135272443596104}]}, "hours": {"isLocalHoliday": false, "isOpen": true, "status": "Likely open"}, "verified": false, "hereNow": {"groups": [], "summary": "Nobody here", "count": 0}}, "referralId": "e-3-4cd0ea641ac7a1cdac751c92-2", "tips": [{"id": "4d10a9ab9302a35d14627c6e", "text": "Must try... Soon Lee porridge & the \u9ebb\u6cb9\u9e21\u3002\ue00e\ue00e\ue00e", "disagreeCount": 0, "logView": true, "createdAt": 1292937643, "likes": {"groups": [], "summary": "8 likes", "count": 8}, "todo": {"count": 0}, "agreeCount": 1, "canonicalUrl": "https://foursquare.com/item/4d10a9ab9302a35d14627c6e", "type": "user", "user": {"gender": "female", "id": "5210351", "photo": {"prefix": "https://igx.4sqi.net/img/user/", "suffix": "/GPQJZZBFZXARNRGI.jpg"}, "firstName": "Tiffy", "lastName": "Tee"}}]}, {"reasons": {"items": [{"reasonName": "globalInteractionReason", "summary": "This spot is popular", "type": "general"}], "count": 0}, "venue": {"hereNow": {"groups": [], "summary": "Nobody here", "count": 0}, "contact": {"phone": "+6567107590", "formattedPhone": "+65 6710 7590"}, "photos": {"groups": [], "count": 0}, "rating": 7.0, "name": "Saizeriya Ristorante E Caffe", "ratingSignals": 10, "allowMenuUrlEdit": true, "categories": [{"pluralName": "Italian Restaurants", "id": "4bf58dd8d48988d110941735", "primary": true, "icon": {"prefix": "https://ss3.4sqi.net/img/categories_v2/food/italian_", "suffix": ".png"}, "name": "Italian Restaurant", "shortName": "Italian"}], "stats": {"checkinsCount": 759, "usersCount": 364, "tipCount": 3}, "id": "55582175498e15772cd5a5da", "beenHere": {"lastCheckinExpiredAt": 0, "count": 0, "marked": false}, "ratingColor": "C5DE35", "location": {"lng": 103.764956772925, "formattedAddress": ["#02-05/06/07, 321 Clementi (321 Clementi Avenue 3)", "129905", "Singapore"], "postalCode": "129905", "lat": 1.3121247656518753, "crossStreet": "321 Clementi Avenue 3", "country": "Singapore", "distance": 317, "city": "Singapore", "cc": "SG", "address": "#02-05/06/07, 321 Clementi", "labeledLatLngs": [{"lng": 103.764956772925, "label": "display", "lat": 1.3121247656518753}]}, "hours": {"isLocalHoliday": false, "isOpen": true, "status": "Likely open"}, "verified": false, "price": {"tier": 2, "currency": "$", "message": "Moderate"}}, "referralId": "e-3-55582175498e15772cd5a5da-3", "tips": [{"id": "591993923fcee876339fa5f1", "text": "Do you like Italian restaurants? Well, Saizeriya is the one! Good food! Try it! You may like it!", "disagreeCount": 0, "createdAt": 1494848402, "logView": true, "todo": {"count": 0}, "agreeCount": 0, "canonicalUrl": "https://foursquare.com/item/591993923fcee876339fa5f1", "type": "user", "user": {"gender": "none", "id": "399372202", "photo": {"prefix": "https://igx.4sqi.net/img/user/", "suffix": "/399372202_RXITTGsZ_Rsls5bQbBu_wQrYFKzCvli296BLZVWkx6qQZBspjpexj-sT45qR44wMnD2fHH_P7.jpg"}, "firstName": "alexis", "lastName": "t"}}]}, {"reasons": {"items": [{"reasonName": "globalInteractionReason", "summary": "This spot is popular", "type": "general"}], "count": 0}, "venue": {"contact": {}, "photos": {"groups": [], "count": 0}, "rating": 6.8, "name": "328 Coffee Shop", "ratingSignals": 23, "allowMenuUrlEdit": true, "categories": [{"pluralName": "Food Courts", "id": "4bf58dd8d48988d120951735", "primary": true, "icon": {"prefix": "https://ss3.4sqi.net/img/categories_v2/shops/food_foodcourt_", "suffix": ".png"}, "name": "Food Court", "shortName": "Food Court"}], "stats": {"checkinsCount": 951, "usersCount": 463, "tipCount": 9}, "id": "4c4ad36dc668e21e572b2ef9", "beenHere": {"lastCheckinExpiredAt": 0, "count": 0, "marked": false}, "ratingColor": "FFC800", "location": {"formattedAddress": ["328 Clementi Ave 2", "120328", "Singapore"], "postalCode": "120328", "lat": 1.3135665179962277, "lng": 103.76684546470642, "country": "Singapore", "distance": 231, "city": "Singapore", "cc": "SG", "address": "328 Clementi Ave 2", "labeledLatLngs": [{"lng": 103.76684546470642, "label": "display", "lat": 1.3135665179962277}]}, "hours": {"isLocalHoliday": false, "isOpen": true, "status": "Likely open"}, "verified": false, "hereNow": {"groups": [], "summary": "Nobody here", "count": 0}}, "referralId": "e-3-4c4ad36dc668e21e572b2ef9-4", "tips": [{"id": "4d2fe96b236aa14306514feb", "text": "The rong kee wan tan mee is the best!!!!", "disagreeCount": 0, "logView": true, "createdAt": 1294985579, "likes": {"groups": [], "summary": "2 likes", "count": 2}, "todo": {"count": 0}, "agreeCount": 2, "canonicalUrl": "https://foursquare.com/item/4d2fe96b236aa14306514feb", "type": "user", "user": {"gender": "female", "id": "3207939", "photo": {"prefix": "https://igx.4sqi.net/img/user/", "suffix": "/1SGQMHTZ02HCEAFV.jpg"}, "firstName": "Mandy", "lastName": "Mok"}}]}, {"reasons": {"items": [{"reasonName": "globalInteractionReason", "summary": "This spot is popular", "type": "general"}], "count": 0}, "venue": {"hereNow": {"groups": [], "summary": "Nobody here", "count": 0}, "contact": {}, "photos": {"groups": [], "count": 0}, "rating": 6.7, "name": "Golden Rooster (Clementi)", "ratingSignals": 15, "allowMenuUrlEdit": true, "categories": [{"pluralName": "Fried Chicken Joints", "id": "4d4ae6fc7a7b7dea34424761", "primary": true, "icon": {"prefix": "https://ss3.4sqi.net/img/categories_v2/food/friedchicken_", "suffix": ".png"}, "name": "Fried Chicken Joint", "shortName": "Fried Chicken"}], "stats": {"checkinsCount": 397, "usersCount": 216, "tipCount": 5}, "id": "4c4a7903bad7a593840e6caa", "beenHere": {"lastCheckinExpiredAt": 0, "count": 0, "marked": false}, "ratingColor": "FFC800", "location": {"lng": 103.76593562810993, "formattedAddress": ["VariNice Eating House (450 Clementi Ave. 3. #01-305.)", "120450", "Singapore"], "postalCode": "120450", "lat": 1.3133554898332396, "crossStreet": "450 Clementi Ave. 3. #01-305.", "country": "Singapore", "distance": 191, "city": "Singapore", "cc": "SG", "address": "VariNice Eating House", "labeledLatLngs": [{"lng": 103.76593562810993, "label": "display", "lat": 1.3133554898332396}]}, "hours": {"isLocalHoliday": false, "isOpen": true, "status": "Likely open"}, "verified": false, "price": {"tier": 1, "currency": "$", "message": "Cheap"}}, "referralId": "e-3-4c4a7903bad7a593840e6caa-5", "tips": [{"id": "5771e60d498e80103d78288d", "text": "Half chicken with rice. Always wish they can give more coleslaw else I'll usually steal from hubby's plate.", "disagreeCount": 0, "createdAt": 1467082253, "logView": true, "todo": {"count": 0}, "agreeCount": 0, "canonicalUrl": "https://foursquare.com/item/5771e60d498e80103d78288d", "type": "user", "user": {"gender": "female", "id": "185465086", "photo": {"prefix": "https://igx.4sqi.net/img/user/", "suffix": "/185465086-LABASEI1QGHA1VIH.png"}, "firstName": "Amber", "lastName": "Tan"}}]}, {"reasons": {"items": [{"reasonName": "globalInteractionReason", "summary": "This spot is popular", "type": "general"}], "count": 0}, "venue": {"hereNow": {"groups": [], "summary": "Nobody here", "count": 0}, "contact": {}, "photos": {"groups": [], "count": 0}, "rating": 6.7, "name": "Sushi Express \u4e89\u9bae\u56de\u8ee2\u5bff\u53f8", "ratingSignals": 9, "allowMenuUrlEdit": true, "categories": [{"pluralName": "Sushi Restaurants", "id": "4bf58dd8d48988d1d2941735", "primary": true, "icon": {"prefix": "https://ss3.4sqi.net/img/categories_v2/food/sushi_", "suffix": ".png"}, "name": "Sushi Restaurant", "shortName": "Sushi"}], "stats": {"checkinsCount": 562, "usersCount": 309, "tipCount": 1}, "id": "551386a5498eee39b5408100", "beenHere": {"lastCheckinExpiredAt": 0, "count": 0, "marked": false}, "ratingColor": "FFC800", "location": {"lng": 103.76482663664567, "formattedAddress": ["The Clementi Mall (3155 Commonwealth Avenue West)", "Singapore"], "lat": 1.315164496642994, "crossStreet": "3155 Commonwealth Avenue West", "country": "Singapore", "distance": 57, "city": "Singapore", "cc": "SG", "address": "The Clementi Mall", "labeledLatLngs": [{"lng": 103.76482663664567, "label": "display", "lat": 1.315164496642994}]}, "hours": {"isLocalHoliday": false, "isOpen": true, "status": "Likely open"}, "verified": false, "price": {"tier": 2, "currency": "$", "message": "Moderate"}}, "referralId": "e-3-551386a5498eee39b5408100-6", "tips": [{"id": "55461438498e6a77d7cf4927", "text": "Found the sushi rice quality to have deteriorated from when I last had it at Suntec area", "disagreeCount": 0, "createdAt": 1430656056, "logView": true, "todo": {"count": 0}, "agreeCount": 0, "canonicalUrl": "https://foursquare.com/item/55461438498e6a77d7cf4927", "type": "user", "user": {"gender": "female", "id": "951387", "photo": {"prefix": "https://igx.4sqi.net/img/user/", "suffix": "/I2YP30PZCNLM5UKH.jpg"}, "firstName": "Pheobe", "lastName": "Tan"}}]}, {"reasons": {"items": [{"reasonName": "globalInteractionReason", "summary": "This spot is popular", "type": "general"}], "count": 0}, "venue": {"hereNow": {"groups": [], "summary": "Nobody here", "count": 0}, "contact": {"phone": "+6567745534", "formattedPhone": "+65 6774 5534"}, "photos": {"groups": [], "count": 0}, "rating": 7.3, "name": "A-Poh Kitchen", "ratingSignals": 31, "allowMenuUrlEdit": true, "categories": [{"pluralName": "Chinese Restaurants", "id": "4bf58dd8d48988d145941735", "primary": true, "icon": {"prefix": "https://ss3.4sqi.net/img/categories_v2/food/asian_", "suffix": ".png"}, "name": "Chinese Restaurant", "shortName": "Chinese"}], "stats": {"checkinsCount": 927, "usersCount": 411, "tipCount": 30}, "id": "4cb59286b315a093624a9576", "beenHere": {"lastCheckinExpiredAt": 0, "count": 0, "marked": false}, "ratingColor": "C5DE35", "location": {"formattedAddress": ["354 Clementi Ave 2, #01-223", "120354", "Singapore"], "postalCode": "120354", "lat": 1.3132122917041422, "lng": 103.7703377355229, "country": "Singapore", "distance": 593, "city": "Clementi", "cc": "SG", "address": "354 Clementi Ave 2, #01-223", "labeledLatLngs": [{"lng": 103.7703377355229, "label": "display", "lat": 1.3132122917041422}]}, "hours": {"isLocalHoliday": false, "isOpen": true, "status": "Likely open"}, "verified": false, "price": {"tier": 1, "currency": "$", "message": "Cheap"}}, "referralId": "e-3-4cb59286b315a093624a9576-7", "tips": [{"id": "5306f5cf11d2caa3ea393bdf", "text": "Famous in curry fish head.", "disagreeCount": 0, "logView": true, "createdAt": 1392965071, "likes": {"groups": [], "summary": "10 likes", "count": 10}, "todo": {"count": 0}, "agreeCount": 8, "canonicalUrl": "https://foursquare.com/item/5306f5cf11d2caa3ea393bdf", "type": "user", "user": {"gender": "female", "id": "1623033", "photo": {"prefix": "https://igx.4sqi.net/img/user/", "suffix": "/1623033-Z44SLQW4HAUD1KAM.jpg"}, "firstName": "iBoBoYEN", "lastName": "\u5f65\u2661((\u2261\u0eb6\u26b2\u035c\u2261\u0eb6))\u266b\u2661"}}]}, {"reasons": {"items": [{"reasonName": "globalInteractionReason", "summary": "This spot is popular", "type": "general"}], "count": 0}, "venue": {"hereNow": {"groups": [], "summary": "Nobody here", "count": 0}, "contact": {}, "photos": {"groups": [], "count": 0}, "rating": 6.7, "name": "Baker Talent", "ratingSignals": 13, "allowMenuUrlEdit": true, "categories": [{"pluralName": "Bakeries", "id": "4bf58dd8d48988d16a941735", "primary": true, "icon": {"prefix": "https://ss3.4sqi.net/img/categories_v2/food/bakery_", "suffix": ".png"}, "name": "Bakery", "shortName": "Bakery"}], "stats": {"checkinsCount": 314, "usersCount": 141, "tipCount": 10}, "id": "5183b77b498ea947829567cc", "beenHere": {"lastCheckinExpiredAt": 0, "count": 0, "marked": false}, "ratingColor": "FFC800", "location": {"lng": 103.76472479094977, "formattedAddress": ["442 Clementi Ave. 3 (Clementi Town Centre)", "Singapore"], "lat": 1.3146617928650552, "crossStreet": "Clementi Town Centre", "country": "Singapore", "distance": 71, "city": "Singapore", "cc": "SG", "address": "442 Clementi Ave. 3", "labeledLatLngs": [{"lng": 103.76472479094977, "label": "display", "lat": 1.3146617928650552}]}, "hours": {"isLocalHoliday": false, "isOpen": true, "status": "Likely open"}, "verified": false, "price": {"tier": 1, "currency": "$", "message": "Cheap"}}, "referralId": "e-3-5183b77b498ea947829567cc-8", "tips": [{"id": "5183b857498e5e7bca409fcc", "text": "Must have the golden sand bun", "disagreeCount": 0, "logView": true, "createdAt": 1367586903, "likes": {"groups": [], "summary": "3 likes", "count": 3}, "todo": {"count": 0}, "agreeCount": 3, "canonicalUrl": "https://foursquare.com/item/5183b857498e5e7bca409fcc", "type": "user", "user": {"gender": "male", "id": "254013", "photo": {"prefix": "https://igx.4sqi.net/img/user/", "suffix": "/GC3ZWEJANMXW2UZV.jpg"}, "firstName": "Leonard", "lastName": "Teo"}}]}, {"reasons": {"items": [{"reasonName": "globalInteractionReason", "summary": "This spot is popular", "type": "general"}], "count": 0}, "venue": {"hereNow": {"groups": [], "summary": "Nobody here", "count": 0}, "contact": {}, "photos": {"groups": [], "count": 0}, "rating": 6.8, "name": "Doi Chaang Coffee", "ratingSignals": 13, "allowMenuUrlEdit": true, "categories": [{"pluralName": "Caf\u00e9s", "id": "4bf58dd8d48988d16d941735", "primary": true, "icon": {"prefix": "https://ss3.4sqi.net/img/categories_v2/food/cafe_", "suffix": ".png"}, "name": "Caf\u00e9", "shortName": "Caf\u00e9"}], "stats": {"checkinsCount": 156, "usersCount": 70, "tipCount": 5}, "id": "5590f934498e0c497002e04a", "beenHere": {"lastCheckinExpiredAt": 0, "count": 0, "marked": false}, "ratingColor": "FFC800", "location": {"lng": 103.76525099454301, "formattedAddress": ["#01-02, 321 Clementi (321 Clementi Avenue 3)", "129905", "Singapore"], "postalCode": "129905", "lat": 1.3120332530143983, "crossStreet": "321 Clementi Avenue 3", "country": "Singapore", "distance": 325, "city": "Singapore", "cc": "SG", "address": "#01-02, 321 Clementi", "labeledLatLngs": [{"lng": 103.76525099454301, "label": "display", "lat": 1.3120332530143983}]}, "hours": {"isLocalHoliday": false, "isOpen": true, "status": "Open until 10:00 PM"}, "verified": false, "price": {"tier": 1, "currency": "$", "message": "Cheap"}}, "referralId": "e-3-5590f934498e0c497002e04a-9", "tips": [{"id": "57b018d1498e89aa2da878e2", "text": "Hub likes the coffee here.", "disagreeCount": 0, "createdAt": 1471158481, "logView": true, "todo": {"count": 0}, "agreeCount": 0, "canonicalUrl": "https://foursquare.com/item/57b018d1498e89aa2da878e2", "type": "user", "user": {"id": "3050409", "photo": {"prefix": "https://igx.4sqi.net/img/user/", "suffix": "/YOI5TJO2NZIO52NB.jpg"}, "firstName": "Diana", "gender": "female"}}]}, {"reasons": {"items": [{"reasonName": "globalInteractionReason", "summary": "This spot is popular", "type": "general"}], "count": 0}, "venue": {"hereNow": {"groups": [], "summary": "Nobody here", "count": 0}, "contact": {}, "photos": {"groups": [], "count": 0}, "rating": 6.7, "name": "Thaksin Beef Noodle", "ratingSignals": 12, "allowMenuUrlEdit": true, "categories": [{"pluralName": "Thai Restaurants", "id": "4bf58dd8d48988d149941735", "primary": true, "icon": {"prefix": "https://ss3.4sqi.net/img/categories_v2/food/thai_", "suffix": ".png"}, "name": "Thai Restaurant", "shortName": "Thai"}], "stats": {"checkinsCount": 564, "usersCount": 328, "tipCount": 4}, "id": "4b72520ff964a520ae772de3", "beenHere": {"lastCheckinExpiredAt": 0, "count": 0, "marked": false}, "ratingColor": "FFC800", "location": {"lng": 103.765013, "formattedAddress": ["See Lam Hern Coffeeshop (449 Clementi Ave. 3. #01-211.)", "120449", "Singapore"], "postalCode": "120449", "lat": 1.3127602, "crossStreet": "449 Clementi Ave. 3. #01-211.", "country": "Singapore", "distance": 246, "city": "Singapore", "cc": "SG", "address": "See Lam Hern Coffeeshop", "labeledLatLngs": [{"lng": 103.765013, "label": "display", "lat": 1.3127602}]}, "hours": {"isLocalHoliday": false, "isOpen": true, "status": "Likely open"}, "verified": false, "price": {"tier": 2, "currency": "$", "message": "Moderate"}}, "referralId": "e-3-4b72520ff964a520ae772de3-10", "tips": [{"logView": true, "createdAt": 1299060903, "agreeCount": 1, "likes": {"groups": [], "summary": "1 like", "count": 1}, "id": "4d6e18a7e277ba7a53f87e87", "text": "Food blogger/DJ Daniel Ang: In case you are wondering, no, it is not opened by the former Prime Minister of Thailand.", "type": "user", "url": "http://blog.omy.sg/danielang/archives/1971", "user": {"id": "427439", "photo": {"prefix": "https://igx.4sqi.net/img/user/", "suffix": "/E5DRFBZ3A0LHZDSH.jpg"}, "firstName": "omysg", "gender": "none"}, "canonicalUrl": "https://foursquare.com/item/4d6e18a7e277ba7a53f87e87", "todo": {"count": 1}, "disagreeCount": 0}]}, {"reasons": {"items": [{"reasonName": "globalInteractionReason", "summary": "This spot is popular", "type": "general"}], "count": 0}, "venue": {"hereNow": {"groups": [], "summary": "Nobody here", "count": 0}, "contact": {}, "photos": {"groups": [], "count": 0}, "rating": 6.6, "name": "Hong Ho Phang Hong Kong Tim Sum \u4e30\u548c\u9999\u9999\u6e2f\u70b9\u5fc3", "ratingSignals": 8, "allowMenuUrlEdit": true, "categories": [{"pluralName": "Dim Sum Restaurants", "id": "4bf58dd8d48988d1f5931735", "primary": true, "icon": {"prefix": "https://ss3.4sqi.net/img/categories_v2/food/dimsum_", "suffix": ".png"}, "name": "Dim Sum Restaurant", "shortName": "Dim Sum"}], "stats": {"checkinsCount": 371, "usersCount": 111, "tipCount": 6}, "id": "4c0f754fc6cf76b0d7448251", "beenHere": {"lastCheckinExpiredAt": 0, "count": 0, "marked": false}, "ratingColor": "FFC800", "location": {"formattedAddress": ["325 Clementi Ave. 5. #01-143.", "120325", "Singapore"], "postalCode": "120325", "lat": 1.314960899767891, "lng": 103.76683473587036, "country": "Singapore", "distance": 170, "city": "Clementi", "cc": "SG", "address": "325 Clementi Ave. 5. #01-143.", "labeledLatLngs": [{"lng": 103.76683473587036, "label": "display", "lat": 1.314960899767891}]}, "verified": false, "price": {"tier": 2, "currency": "$", "message": "Moderate"}}, "referralId": "e-3-4c0f754fc6cf76b0d7448251-11", "tips": [{"id": "54f12524498eb7d56d4e7943", "text": "Skin of their pau is indeed real thin & soft. Siew Mai & char siew pau taste normal, porridge is not very favorable  but chicken pau is good.", "disagreeCount": 0, "createdAt": 1425089828, "logView": true, "todo": {"count": 0}, "agreeCount": 0, "canonicalUrl": "https://foursquare.com/item/54f12524498eb7d56d4e7943", "type": "user", "user": {"gender": "female", "id": "5170139", "photo": {"prefix": "https://igx.4sqi.net/img/user/", "suffix": "/XRIQUY1ZIMUSLUZY.jpg"}, "firstName": "Appie", "lastName": "Tiffie"}}]}, {"reasons": {"items": [{"reasonName": "globalInteractionReason", "summary": "This spot is popular", "type": "general"}], "count": 0}, "venue": {"hereNow": {"groups": [], "summary": "Nobody here", "count": 0}, "contact": {"phone": "+6567773777", "formattedPhone": "+65 6777 3777"}, "photos": {"groups": [], "count": 0}, "rating": 6.7, "name": "McDonald's", "ratingSignals": 29, "allowMenuUrlEdit": true, "categories": [{"pluralName": "Fast Food Restaurants", "id": "4bf58dd8d48988d16e941735", "primary": true, "icon": {"prefix": "https://ss3.4sqi.net/img/categories_v2/food/fastfood_", "suffix": ".png"}, "name": "Fast Food Restaurant", "shortName": "Fast Food"}], "stats": {"checkinsCount": 3779, "usersCount": 1696, "tipCount": 8}, "id": "4b279086f964a5206a8724e3", "beenHere": {"lastCheckinExpiredAt": 0, "count": 0, "marked": false}, "url": "http://www.mcdonalds.com.sg", "ratingColor": "FFC800", "location": {"formattedAddress": ["451 Clementi Ave 3 #01-309", "120451", "Singapore"], "postalCode": "120451", "lat": 1.3125582722303748, "lng": 103.76598715782166, "country": "Singapore", "distance": 277, "city": "Singapore", "cc": "SG", "address": "451 Clementi Ave 3 #01-309", "labeledLatLngs": [{"lng": 103.76598715782166, "label": "display", "lat": 1.3125582722303748}]}, "hours": {"isLocalHoliday": false, "isOpen": true, "status": "Likely open"}, "verified": false, "price": {"tier": 1, "currency": "$", "message": "Cheap"}}, "referralId": "e-3-4b279086f964a5206a8724e3-12", "tips": [{"id": "5502e2dc498e23af7dd92da1", "text": "~ sadly no wifi..", "disagreeCount": 0, "createdAt": 1426252508, "logView": true, "todo": {"count": 0}, "agreeCount": 0, "canonicalUrl": "https://foursquare.com/item/5502e2dc498e23af7dd92da1", "type": "user", "user": {"gender": "male", "id": "1617691", "photo": {"prefix": "https://igx.4sqi.net/img/user/", "suffix": "/1617691_8jUcNoTk_JPWnuAbkrdp98o1tgJGW4cpyO4FTF2JJDg3uZfmOyysLlcsQisicG0j79aSVeRB1.jpg"}, "firstName": "Ezee", "lastName": "M Khir"}}]}, {"reasons": {"items": [{"reasonName": "globalInteractionReason", "summary": "This spot is popular", "type": "general"}], "count": 0}, "venue": {"contact": {}, "photos": {"groups": [], "count": 0}, "rating": 7.2, "name": "Ayer Rajah (West Coast Drive) Market & Food Centre", "ratingSignals": 288, "allowMenuUrlEdit": true, "categories": [{"pluralName": "Food Courts", "id": "4bf58dd8d48988d120951735", "primary": true, "icon": {"prefix": "https://ss3.4sqi.net/img/categories_v2/shops/food_foodcourt_", "suffix": ".png"}, "name": "Food Court", "shortName": "Food Court"}], "stats": {"checkinsCount": 22910, "usersCount": 7639, "tipCount": 198}, "id": "4c5ff63d13791b8d8e5f4eaf", "beenHere": {"lastCheckinExpiredAt": 0, "count": 0, "marked": false}, "ratingColor": "C5DE35", "location": {"formattedAddress": ["503 W Coast Dr.", "120503", "Singapore"], "postalCode": "120503", "lat": 1.311866443783514, "lng": 103.75974833965302, "country": "Singapore", "distance": 706, "city": "Singapore", "cc": "SG", "address": "503 W Coast Dr.", "labeledLatLngs": [{"lng": 103.75974833965302, "label": "display", "lat": 1.311866443783514}]}, "hours": {"isLocalHoliday": false, "isOpen": true, "status": "Likely open"}, "verified": false, "hereNow": {"groups": [], "summary": "Nobody here", "count": 0}}, "referralId": "e-3-4c5ff63d13791b8d8e5f4eaf-13", "tips": [{"logView": true, "photo": {"id": "50e8381ae4b0f0d9df1bf695", "visibility": "public", "source": {"name": "Foursquare for iOS", "url": "https://foursquare.com/download/#/iphone"}, "suffix": "/3622219_SzymkNGKt4TdjsoxRhuwM8n8n0cGBbh1JmWxhfeHg5Q.jpg", "createdAt": 1357395994, "prefix": "https://igx.4sqi.net/img/general/", "width": 720, "height": 960}, "createdAt": 1357395985, "todo": {"count": 2}, "agreeCount": 8, "likes": {"groups": [], "summary": "8 likes", "count": 8}, "id": "50e83811e4b0c4215d72aece", "text": "The halal Hainanese Chicken Rice Stall I've known For now..they have chicken porridge too", "disagreeCount": 0, "user": {"gender": "female", "id": "3622219", "photo": {"prefix": "https://igx.4sqi.net/img/user/", "suffix": "/3622219_BTK3Ytry_GjX1VbAAGrSs8lUFx_fcF1kGq6IHmoUAmHbY_B7Lr3g6fjSxoTDZgPCdME1IGLj-.jpg"}, "firstName": "\ud83d\udc8bJuWieZy\u2122", "lastName": "VoGueZ \ud83c\udf78"}, "canonicalUrl": "https://foursquare.com/item/50e83811e4b0c4215d72aece", "type": "user", "photourl": "https://igx.4sqi.net/img/general/original/3622219_SzymkNGKt4TdjsoxRhuwM8n8n0cGBbh1JmWxhfeHg5Q.jpg"}]}, {"reasons": {"items": [{"reasonName": "globalInteractionReason", "summary": "This spot is popular", "type": "general"}], "count": 0}, "venue": {"hereNow": {"groups": [], "summary": "Nobody here", "count": 0}, "contact": {"phone": "+6567550313", "formattedPhone": "+65 6755 0313"}, "photos": {"groups": [], "count": 0}, "rating": 6.5, "name": "Subway", "ratingSignals": 21, "allowMenuUrlEdit": true, "categories": [{"pluralName": "Sandwich Places", "id": "4bf58dd8d48988d1c5941735", "primary": true, "icon": {"prefix": "https://ss3.4sqi.net/img/categories_v2/food/deli_", "suffix": ".png"}, "name": "Sandwich Place", "shortName": "Sandwiches"}], "stats": {"checkinsCount": 1864, "usersCount": 917, "tipCount": 11}, "id": "4bd56d985631c9b6d504a430", "beenHere": {"lastCheckinExpiredAt": 0, "count": 0, "marked": false}, "ratingColor": "FFC800", "location": {"lng": 103.7649142742157, "formattedAddress": ["#B1-24/25, The Clementi Mall (3155 Commonwealth Ave West)", "129588", "Singapore"], "postalCode": "129588", "lat": 1.314574763355237, "crossStreet": "3155 Commonwealth Ave West", "country": "Singapore", "distance": 60, "city": "Singapore", "cc": "SG", "address": "#B1-24/25, The Clementi Mall", "labeledLatLngs": [{"lng": 103.7649142742157, "label": "display", "lat": 1.314574763355237}]}, "hours": {"isLocalHoliday": false, "isOpen": true, "status": "Likely open"}, "verified": false, "price": {"tier": 1, "currency": "$", "message": "Cheap"}}, "referralId": "e-3-4bd56d985631c9b6d504a430-14", "tips": [{"id": "51df8cbb498e3733d1612bec", "text": "very good customer service... well done... better then the one at City Hall... a Filipino guy is always rude! \"wats ur sause sir u haven't say ur sauce yet\" i will always remember this line...", "disagreeCount": 0, "logView": true, "createdAt": 1373605051, "likes": {"groups": [], "summary": "1 like", "count": 1}, "todo": {"count": 0}, "agreeCount": 1, "canonicalUrl": "https://foursquare.com/item/51df8cbb498e3733d1612bec", "type": "user", "user": {"gender": "male", "id": "5167286", "photo": {"prefix": "https://igx.4sqi.net/img/user/", "suffix": "/XVVSHLHB4H2YO2YC.jpg"}, "firstName": "\ud83d\udc8bAyul", "lastName": "Hamtaro\u2764"}}]}, {"reasons": {"items": [{"reasonName": "globalInteractionReason", "summary": "This spot is popular", "type": "general"}], "count": 0}, "venue": {"hereNow": {"groups": [], "summary": "Nobody here", "count": 0}, "contact": {}, "photos": {"groups": [], "count": 0}, "rating": 6.5, "name": "Jit It Thai San Popiah (Yue Yi Tai Shan Popiah)", "ratingSignals": 12, "allowMenuUrlEdit": true, "categories": [{"pluralName": "Snack Places", "id": "4bf58dd8d48988d1c7941735", "primary": true, "icon": {"prefix": "https://ss3.4sqi.net/img/categories_v2/food/snacks_", "suffix": ".png"}, "name": "Snack Place", "shortName": "Snacks"}], "stats": {"checkinsCount": 126, "usersCount": 92, "tipCount": 7}, "id": "4cde800878ddf04d89e29a98", "beenHere": {"lastCheckinExpiredAt": 0, "count": 0, "marked": false}, "ratingColor": "FFC800", "location": {"lng": 103.7654377124425, "formattedAddress": ["See Lam Hern Coffeeshop (449 Clementi Ave. 3. #01-211.)", "120449", "Singapore"], "postalCode": "120449", "lat": 1.3126257556224605, "crossStreet": "449 Clementi Ave. 3. #01-211.", "country": "Singapore", "distance": 259, "city": "Singapore", "cc": "SG", "address": "See Lam Hern Coffeeshop", "labeledLatLngs": [{"lng": 103.7654377124425, "label": "display", "lat": 1.3126257556224605}]}, "verified": false, "price": {"tier": 1, "currency": "$", "message": "Cheap"}}, "referralId": "e-3-4cde800878ddf04d89e29a98-15", "tips": [{"id": "4e4cc0c2d4c083e9648e3f8c", "text": "Long queue and delcious popiah! (:", "disagreeCount": 0, "logView": true, "createdAt": 1313652930, "likes": {"groups": [], "summary": "4 likes", "count": 4}, "todo": {"count": 0}, "agreeCount": 0, "canonicalUrl": "https://foursquare.com/item/4e4cc0c2d4c083e9648e3f8c", "type": "user", "user": {"gender": "female", "id": "5286058", "photo": {"prefix": "https://igx.4sqi.net/img/user/", "suffix": "/TELW1QK2SFQ1PM3I.jpg"}, "firstName": "Amanda", "lastName": "K."}}]}, {"reasons": {"items": [{"reasonName": "globalInteractionReason", "summary": "This spot is popular", "type": "general"}], "count": 0}, "venue": {"hereNow": {"groups": [], "summary": "Nobody here", "count": 0}, "contact": {}, "photos": {"groups": [], "count": 0}, "rating": 6.4, "name": "Chai Ho Satay \u8d22\u597d\u6c99\u7239", "ratingSignals": 12, "allowMenuUrlEdit": true, "categories": [{"pluralName": "BBQ Joints", "id": "4bf58dd8d48988d1df931735", "primary": true, "icon": {"prefix": "https://ss3.4sqi.net/img/categories_v2/food/bbqalt_", "suffix": ".png"}, "name": "BBQ Joint", "shortName": "BBQ"}], "stats": {"checkinsCount": 329, "usersCount": 169, "tipCount": 7}, "id": "4d931ab3b3273704aa7b9025", "beenHere": {"lastCheckinExpiredAt": 0, "count": 0, "marked": false}, "ratingColor": "FFC800", "location": {"lng": 103.76478702997697, "formattedAddress": ["#01-10, Clementi 448 Market & Food Centre (448 Clementi Ave. 3)", "120448", "Singapore"], "postalCode": "120448", "lat": 1.3134131432089828, "crossStreet": "448 Clementi Ave. 3", "country": "Singapore", "distance": 180, "city": "Singapore", "cc": "SG", "address": "#01-10, Clementi 448 Market & Food Centre", "labeledLatLngs": [{"lng": 103.76478702997697, "label": "display", "lat": 1.3134131432089828}]}, "hours": {"isLocalHoliday": false, "isOpen": false, "status": "Closed until Noon Wednesday"}, "verified": false, "price": {"tier": 2, "currency": "$", "message": "Moderate"}}, "referralId": "e-3-4d931ab3b3273704aa7b9025-16", "tips": [{"id": "5078304ae4b0468863673ca1", "text": "Pork and chi ken satay selling for $0.38 a stick and ketupat at $0.50. Be prepared to queue at least 10 to 15 mins.", "disagreeCount": 0, "logView": true, "createdAt": 1350053962, "likes": {"groups": [], "summary": "2 likes", "count": 2}, "todo": {"count": 0}, "agreeCount": 2, "canonicalUrl": "https://foursquare.com/item/5078304ae4b0468863673ca1", "type": "user", "user": {"id": "13289327", "photo": {"prefix": "https://igx.4sqi.net/img/user/", "suffix": "/EJHF1IAR3KPTUYWC.jpg"}, "firstName": "Daniel", "gender": "male"}}]}, {"reasons": {"items": [{"reasonName": "globalInteractionReason", "summary": "This spot is popular", "type": "general"}], "count": 0}, "venue": {"hereNow": {"groups": [], "summary": "Nobody here", "count": 0}, "contact": {"twitter": "w39bistro", "phone": "+6567797050", "formattedPhone": "+65 6779 7050"}, "photos": {"groups": [], "count": 0}, "rating": 7.2, "name": "W\u202239 Bistro & Bakery", "ratingSignals": 132, "allowMenuUrlEdit": true, "categories": [{"pluralName": "Caf\u00e9s", "id": "4bf58dd8d48988d16d941735", "primary": true, "icon": {"prefix": "https://ss3.4sqi.net/img/categories_v2/food/cafe_", "suffix": ".png"}, "name": "Caf\u00e9", "shortName": "Caf\u00e9"}], "stats": {"checkinsCount": 1649, "usersCount": 1070, "tipCount": 65}, "id": "5173a91ae4b03b46668869b8", "beenHere": {"lastCheckinExpiredAt": 0, "count": 0, "marked": false}, "url": "http://www.w39bistro.com", "ratingColor": "C5DE35", "location": {"formattedAddress": ["39 Jalan Mas Puteh", "128637", "Singapore"], "postalCode": "128637", "lat": 1.308429, "lng": 103.762443, "country": "Singapore", "distance": 792, "city": "Singapore", "cc": "SG", "address": "39 Jalan Mas Puteh", "labeledLatLngs": [{"lng": 103.762443, "label": "display", "lat": 1.308429}]}, "hours": {"isLocalHoliday": false, "isOpen": false, "status": "Closed until 11:00 AM tomorrow"}, "verified": false, "price": {"tier": 1, "currency": "$", "message": "Cheap"}}, "referralId": "e-3-5173a91ae4b03b46668869b8-17", "tips": [{"id": "524eb29c11d200b24ad82c6b", "text": "The food is so good.  Ordered a duck confit and baked lamb ribs and we were blown away. The meat were so delicious qnd tender. Worth the twenty minutes walk here from Clementi mrt. \u2606\u2606\u2606\u2606\u2606", "disagreeCount": 0, "logView": true, "createdAt": 1380889244, "likes": {"groups": [], "summary": "6 likes", "count": 6}, "todo": {"count": 1}, "agreeCount": 6, "canonicalUrl": "https://foursquare.com/item/524eb29c11d200b24ad82c6b", "type": "user", "user": {"gender": "male", "id": "66732655", "photo": {"prefix": "https://igx.4sqi.net/img/user/", "suffix": "/E1SR0HKLKWCC54JN.jpg"}, "firstName": "Roy", "lastName": "Lee"}}]}, {"reasons": {"items": [{"reasonName": "globalInteractionReason", "summary": "This spot is popular", "type": "general"}], "count": 0}, "venue": {"hereNow": {"groups": [], "summary": "Nobody here", "count": 0}, "contact": {"phone": "+6567731008", "formattedPhone": "+65 6773 1008"}, "photos": {"groups": [], "count": 0}, "rating": 6.2, "name": "Kimly Seafood \u5168\u5473\u6e2f\u5f0f\u70e7\u814a", "ratingSignals": 8, "allowMenuUrlEdit": true, "categories": [{"pluralName": "Chinese Restaurants", "id": "4bf58dd8d48988d145941735", "primary": true, "icon": {"prefix": "https://ss3.4sqi.net/img/categories_v2/food/asian_", "suffix": ".png"}, "name": "Chinese Restaurant", "shortName": "Chinese"}], "stats": {"checkinsCount": 626, "usersCount": 233, "tipCount": 6}, "id": "4dd7bbb3d22d38ef42eed67f", "beenHere": {"lastCheckinExpiredAt": 0, "count": 0, "marked": false}, "ratingColor": "FFC800", "location": {"lng": 103.76697673046841, "formattedAddress": ["Clementi 325 Food House (325 Clementi Ave. 5. #01-155)", "120325", "Singapore"], "postalCode": "120325", "lat": 1.3146724232501383, "crossStreet": "325 Clementi Ave. 5. #01-155", "country": "Singapore", "distance": 189, "city": "Singapore", "cc": "SG", "address": "Clementi 325 Food House", "labeledLatLngs": [{"lng": 103.76697673046841, "label": "display", "lat": 1.3146724232501383}]}, "hours": {"isLocalHoliday": false, "isOpen": true, "status": "Likely open"}, "verified": false, "price": {"tier": 1, "currency": "$", "message": "Cheap"}}, "referralId": "e-3-4dd7bbb3d22d38ef42eed67f-18", "tips": [{"id": "546886e811d2467d57394ead", "text": "A great place for big family dinner...", "disagreeCount": 0, "createdAt": 1416136424, "logView": true, "todo": {"count": 0}, "agreeCount": 0, "canonicalUrl": "https://foursquare.com/item/546886e811d2467d57394ead", "type": "user", "user": {"gender": "male", "id": "758302", "photo": {"prefix": "https://igx.4sqi.net/img/user/", "suffix": "/-W5XHWLVMUNNQWAK0.jpg"}, "firstName": "Buck Seng", "lastName": "Ng"}}]}, {"reasons": {"items": [{"reasonName": "globalInteractionReason", "summary": "This spot is popular", "type": "general"}], "count": 0}, "venue": {"hereNow": {"groups": [], "summary": "Nobody here", "count": 0}, "contact": {}, "photos": {"groups": [], "count": 0}, "rating": 6.2, "name": "Boon Kee Wanton Noodle", "ratingSignals": 10, "allowMenuUrlEdit": true, "categories": [{"pluralName": "Noodle Houses", "id": "4bf58dd8d48988d1d1941735", "primary": true, "icon": {"prefix": "https://ss3.4sqi.net/img/categories_v2/food/ramen_", "suffix": ".png"}, "name": "Noodle House", "shortName": "Noodles"}], "stats": {"checkinsCount": 482, "usersCount": 113, "tipCount": 3}, "id": "4d227f658629224b23102487", "beenHere": {"lastCheckinExpiredAt": 0, "count": 0, "marked": false}, "ratingColor": "FFC800", "location": {"lng": 103.76452675787327, "formattedAddress": ["#01-40 Clementi 448 Market & Food Centre (448 Clementi Ave. 3)", "120448", "Singapore"], "postalCode": "120448", "lat": 1.3135105039470756, "crossStreet": "448 Clementi Ave. 3", "country": "Singapore", "distance": 182, "city": "Singapore", "cc": "SG", "address": "#01-40 Clementi 448 Market & Food Centre", "labeledLatLngs": [{"lng": 103.76452675787327, "label": "display", "lat": 1.3135105039470756}]}, "hours": {"isLocalHoliday": false, "isOpen": false}, "verified": false, "price": {"tier": 1, "currency": "$", "message": "Cheap"}}, "referralId": "e-3-4d227f658629224b23102487-19", "tips": [{"id": "51e386cd498e8fc6bbdd58c2", "text": "\u2026wantan ordinary, char siew good, noodles average, not worth the quene", "disagreeCount": 0, "logView": true, "createdAt": 1373865677, "likes": {"groups": [], "summary": "1 like", "count": 1}, "todo": {"count": 0}, "agreeCount": 1, "canonicalUrl": "https://foursquare.com/item/51e386cd498e8fc6bbdd58c2", "type": "user", "user": {"id": "14281646", "photo": {"prefix": "https://igx.4sqi.net/img/user/", "suffix": "/HE35KMP1HF3G20F5.jpg"}, "firstName": "KS", "gender": "male"}}]}, {"reasons": {"items": [{"reasonName": "globalInteractionReason", "summary": "This spot is popular", "type": "general"}], "count": 0}, "venue": {"hereNow": {"groups": [], "summary": "Nobody here", "count": 0}, "contact": {"phone": "+6566591882", "formattedPhone": "+65 6659 1882"}, "photos": {"groups": [], "count": 0}, "rating": 6.2, "name": "Ichiban Sushi", "ratingSignals": 21, "allowMenuUrlEdit": true, "categories": [{"pluralName": "Japanese Restaurants", "id": "4bf58dd8d48988d111941735", "primary": true, "icon": {"prefix": "https://ss3.4sqi.net/img/categories_v2/food/japanese_", "suffix": ".png"}, "name": "Japanese Restaurant", "shortName": "Japanese"}], "stats": {"checkinsCount": 2998, "usersCount": 1611, "tipCount": 14}, "id": "4d9958df647d8cfa3acf053e", "beenHere": {"lastCheckinExpiredAt": 0, "count": 0, "marked": false}, "url": "http://www.ichibansushi.com.sg", "ratingColor": "FFC800", "location": {"lng": 103.76476407051086, "formattedAddress": ["#05-28/30, The Clementi Mall (3155 Commonwealth Ave West)", "129588", "Singapore"], "postalCode": "129588", "lat": 1.315164693961607, "crossStreet": "3155 Commonwealth Ave West", "country": "Singapore", "distance": 63, "city": "Singapore", "cc": "SG", "address": "#05-28/30, The Clementi Mall", "labeledLatLngs": [{"lng": 103.76476407051086, "label": "display", "lat": 1.315164693961607}]}, "hours": {"isLocalHoliday": false, "isOpen": true, "status": "Likely open"}, "verified": false, "price": {"tier": 2, "currency": "$", "message": "Moderate"}}, "referralId": "e-3-4d9958df647d8cfa3acf053e-20", "tips": [{"logView": true, "photo": {"id": "5464dc5e498e06f2ce370bad", "visibility": "public", "source": {"name": "Foursquare Web", "url": "https://foursquare.com"}, "suffix": "/6137066_Aav5rlsg_40x2BCjTYHefQxzMgPt-gLm9gEnzo4Mb7s.jpg", "createdAt": 1415896158, "prefix": "https://igx.4sqi.net/img/general/", "width": 1280, "height": 720}, "createdAt": 1415896155, "agreeCount": 0, "id": "5464dc5b498e04bc6b34cf7f", "text": "Ishiyaki Takana Rice - Garlic rice in hot stone with salmon, anchovies and pickles", "type": "user", "disagreeCount": 0, "user": {"gender": "male", "id": "6137066", "photo": {"prefix": "https://igx.4sqi.net/img/user/", "suffix": "/B1WSMWPWHSCMT5TO.jpg"}, "firstName": "Lee Wei", "lastName": "Yeong"}, "canonicalUrl": "https://foursquare.com/item/5464dc5b498e04bc6b34cf7f", "todo": {"count": 0}, "photourl": "https://igx.4sqi.net/img/general/original/6137066_Aav5rlsg_40x2BCjTYHefQxzMgPt-gLm9gEnzo4Mb7s.jpg"}]}, {"reasons": {"items": [{"reasonName": "globalInteractionReason", "summary": "This spot is popular", "type": "general"}], "count": 0}, "venue": {"hereNow": {"groups": [], "summary": "Nobody here", "count": 0}, "contact": {"phone": "+6567742030", "formattedPhone": "+65 6774 2030"}, "photos": {"groups": [], "count": 0}, "rating": 6.4, "name": "Da Jie Niang Dou Fu \u5927\u59d0\u91c0\u8c46\u8150", "ratingSignals": 28, "allowMenuUrlEdit": true, "categories": [{"pluralName": "Asian Restaurants", "id": "4bf58dd8d48988d142941735", "primary": true, "icon": {"prefix": "https://ss3.4sqi.net/img/categories_v2/food/asian_", "suffix": ".png"}, "name": "Asian Restaurant", "shortName": "Asian"}], "stats": {"checkinsCount": 1095, "usersCount": 476, "tipCount": 14}, "id": "4bfb59cd8f32ef3b091505aa", "beenHere": {"lastCheckinExpiredAt": 0, "count": 0, "marked": false}, "ratingColor": "FFC800", "location": {"lng": 103.76986026763916, "formattedAddress": ["354 Clementi Ave 2 #01-253 (Clementi Central)", "120354", "Singapore"], "postalCode": "120354", "lat": 1.3142958870200538, "crossStreet": "Clementi Central", "country": "Singapore", "distance": 512, "city": "Singapore", "cc": "SG", "address": "354 Clementi Ave 2 #01-253", "labeledLatLngs": [{"lng": 103.76986026763916, "label": "display", "lat": 1.3142958870200538}]}, "hours": {"isLocalHoliday": false, "isOpen": true, "status": "Likely open"}, "verified": false, "price": {"tier": 2, "currency": "$", "message": "Moderate"}}, "referralId": "e-3-4bfb59cd8f32ef3b091505aa-21", "tips": [{"id": "4ceb9a07d99f721ebd8ec173", "text": "price is reasonable. you go off not only w a bulgin tummy, but also as a satisfied customer :))", "disagreeCount": 0, "logView": true, "createdAt": 1290508807, "likes": {"groups": [], "summary": "1 like", "count": 1}, "todo": {"count": 0}, "agreeCount": 1, "canonicalUrl": "https://foursquare.com/item/4ceb9a07d99f721ebd8ec173", "type": "user", "user": {"gender": "female", "id": "3476719", "photo": {"prefix": "https://igx.4sqi.net/img/user/", "suffix": "/BOTEU0SD0EFQPQMT.jpg"}, "firstName": "haziqah", "lastName": "idris"}}]}, {"reasons": {"items": [{"reasonName": "globalInteractionReason", "summary": "This spot is popular", "type": "general"}], "count": 0}, "venue": {"hereNow": {"groups": [], "summary": "Nobody here", "count": 0}, "contact": {}, "photos": {"groups": [], "count": 0}, "rating": 6.1, "name": "Brothers Rojak", "ratingSignals": 17, "allowMenuUrlEdit": true, "categories": [{"pluralName": "Asian Restaurants", "id": "4bf58dd8d48988d142941735", "primary": true, "icon": {"prefix": "https://ss3.4sqi.net/img/categories_v2/food/asian_", "suffix": ".png"}, "name": "Asian Restaurant", "shortName": "Asian"}], "stats": {"checkinsCount": 458, "usersCount": 268, "tipCount": 12}, "id": "4cb9284cc7228cfa7d2d0ece", "beenHere": {"lastCheckinExpiredAt": 0, "count": 0, "marked": false}, "ratingColor": "FFC800", "location": {"lng": 103.7652039527893, "formattedAddress": ["Blk 449 Clementi Ave 3 #01-211 (See Lam Hern Coffeeshop)", "120449", "Singapore"], "postalCode": "120449", "lat": 1.3126548064170502, "crossStreet": "See Lam Hern Coffeeshop", "country": "Singapore", "distance": 256, "city": "Singapore", "cc": "SG", "address": "Blk 449 Clementi Ave 3 #01-211", "labeledLatLngs": [{"lng": 103.7652039527893, "label": "display", "lat": 1.3126548064170502}]}, "hours": {"isLocalHoliday": false, "isOpen": true, "status": "Likely open"}, "verified": false, "price": {"tier": 2, "currency": "$", "message": "Moderate"}}, "referralId": "e-3-4cb9284cc7228cfa7d2d0ece-22", "tips": [{"id": "4c7e32ee10916dcbf97e2b96", "text": "Nice but expensive.", "disagreeCount": 0, "logView": true, "createdAt": 1283338990, "likes": {"groups": [], "summary": "3 likes", "count": 3}, "todo": {"count": 0}, "agreeCount": 0, "canonicalUrl": "https://foursquare.com/item/4c7e32ee10916dcbf97e2b96", "type": "user", "user": {"gender": "male", "id": "2989394", "photo": {"prefix": "https://igx.4sqi.net/img/user/", "suffix": "/SHO1R3UALVQDVTOP.jpg"}, "firstName": "Desmond", "lastName": "tan"}}]}, {"reasons": {"items": [{"reasonName": "globalInteractionReason", "summary": "This spot is popular", "type": "general"}], "count": 0}, "venue": {"hereNow": {"groups": [], "summary": "Nobody here", "count": 0}, "contact": {"phone": "+6566599215", "formattedPhone": "+65 6659 9215"}, "photos": {"groups": [], "count": 0}, "rating": 6.1, "name": "Crystal Jade Kitchen \u7fe1\u7fe0\u5c0f\u53a8", "ratingSignals": 19, "allowMenuUrlEdit": true, "categories": [{"pluralName": "Chinese Restaurants", "id": "4bf58dd8d48988d145941735", "primary": true, "icon": {"prefix": "https://ss3.4sqi.net/img/categories_v2/food/asian_", "suffix": ".png"}, "name": "Chinese Restaurant", "shortName": "Chinese"}], "stats": {"checkinsCount": 1285, "usersCount": 957, "tipCount": 9}, "id": "4db418c36a23c31a03100258", "beenHere": {"lastCheckinExpiredAt": 0, "count": 0, "marked": false}, "ratingColor": "FFC800", "location": {"lng": 103.76478702997697, "formattedAddress": ["#03-54/55, The Clementi Mall (3155 Commonweath Ave. West)", "129588", "Singapore"], "postalCode": "129588", "lat": 1.315461992633947, "crossStreet": "3155 Commonweath Ave. West", "country": "Singapore", "distance": 80, "city": "Singapore", "cc": "SG", "address": "#03-54/55, The Clementi Mall", "labeledLatLngs": [{"lng": 103.76478702997697, "label": "display", "lat": 1.315461992633947}]}, "hours": {"isLocalHoliday": false, "isOpen": true, "status": "Likely open"}, "verified": false, "price": {"tier": 1, "currency": "$", "message": "Cheap"}}, "referralId": "e-3-4db418c36a23c31a03100258-23", "tips": [{"id": "4e883aa46c256f52c5aeae73", "text": "Try the Steamed Hakao", "disagreeCount": 0, "logView": true, "createdAt": 1317550756, "likes": {"groups": [], "summary": "1 like", "count": 1}, "todo": {"count": 1}, "agreeCount": 0, "canonicalUrl": "https://foursquare.com/item/4e883aa46c256f52c5aeae73", "type": "user", "user": {"id": "13749022", "photo": {"prefix": "https://igx.4sqi.net/img/user/", "suffix": "/EFVPYSAXBBZGJDA2.jpg"}, "firstName": "Pinku Neko", "type": "page", "gender": "none"}}]}, {"reasons": {"items": [{"reasonName": "globalInteractionReason", "summary": "This spot is popular", "type": "general"}], "count": 0}, "venue": {"hereNow": {"groups": [], "summary": "Nobody here", "count": 0}, "contact": {"phone": "+6566590527", "formattedPhone": "+65 6659 0527"}, "photos": {"groups": [], "count": 0}, "rating": 6.0, "name": "McDonald's / McCaf\u00e9", "ratingSignals": 121, "allowMenuUrlEdit": true, "categories": [{"pluralName": "Fast Food Restaurants", "id": "4bf58dd8d48988d16e941735", "primary": true, "icon": {"prefix": "https://ss3.4sqi.net/img/categories_v2/food/fastfood_", "suffix": ".png"}, "name": "Fast Food Restaurant", "shortName": "Fast Food"}], "stats": {"checkinsCount": 13485, "usersCount": 4784, "tipCount": 56}, "id": "4d2c2a2a77a2a1cdcd0183b7", "beenHere": {"lastCheckinExpiredAt": 0, "count": 0, "marked": false}, "url": "http://www.mcdonalds.com.sg", "ratingColor": "FFC800", "location": {"lng": 103.76461386680603, "formattedAddress": ["#01-06/07/09, The Clementi Mall (3155 Commonwealth Ave West)", "129588", "Singapore"], "postalCode": "129588", "lat": 1.3155079262502452, "crossStreet": "3155 Commonwealth Ave West", "country": "Singapore", "distance": 98, "city": "Singapore", "cc": "SG", "address": "#01-06/07/09, The Clementi Mall", "labeledLatLngs": [{"lng": 103.76461386680603, "label": "display", "lat": 1.3155079262502452}]}, "hours": {"isLocalHoliday": false, "isOpen": true, "status": "Likely open"}, "verified": false, "price": {"tier": 1, "currency": "$", "message": "Cheap"}}, "referralId": "e-3-4d2c2a2a77a2a1cdcd0183b7-24", "tips": [{"id": "4f9c3ffae4b0b38d2f7a25bf", "text": "The McSpicy NEVER gets old. YUM!", "disagreeCount": 0, "logView": true, "createdAt": 1335640058, "likes": {"groups": [], "summary": "3 likes", "count": 3}, "todo": {"count": 0}, "agreeCount": 3, "canonicalUrl": "https://foursquare.com/item/4f9c3ffae4b0b38d2f7a25bf", "type": "user", "user": {"gender": "female", "id": "11815562", "photo": {"prefix": "https://igx.4sqi.net/img/user/", "suffix": "/Y5FPSEV5VJGQEVJ2.jpg"}, "firstName": "Aqira", "lastName": "Razak"}}]}, {"reasons": {"items": [{"reasonName": "globalInteractionReason", "summary": "This spot is popular", "type": "general"}], "count": 0}, "venue": {"hereNow": {"groups": [], "summary": "Nobody here", "count": 0}, "contact": {}, "photos": {"groups": [], "count": 0}, "rating": 6.0, "name": "Soon Lee \u987a\u5229", "ratingSignals": 19, "allowMenuUrlEdit": true, "categories": [{"pluralName": "Asian Restaurants", "id": "4bf58dd8d48988d142941735", "primary": true, "icon": {"prefix": "https://ss3.4sqi.net/img/categories_v2/food/asian_", "suffix": ".png"}, "name": "Asian Restaurant", "shortName": "Asian"}], "stats": {"checkinsCount": 536, "usersCount": 232, "tipCount": 16}, "id": "4cce570a7c2ff04dfe72a47e", "beenHere": {"lastCheckinExpiredAt": 0, "count": 0, "marked": false}, "ratingColor": "FFC800", "location": {"lng": 103.76464557768413, "formattedAddress": ["#01-50, Clementi 448 Market & Food Centre (448 Clementi Avenue 3)", "120448", "Singapore"], "postalCode": "120448", "lat": 1.3133532021817311, "crossStreet": "448 Clementi Avenue 3", "country": "Singapore", "distance": 192, "city": "Singapore", "cc": "SG", "address": "#01-50, Clementi 448 Market & Food Centre", "labeledLatLngs": [{"lng": 103.76464557768413, "label": "display", "lat": 1.3133532021817311}]}, "hours": {"isLocalHoliday": false, "isOpen": true, "status": "Likely open"}, "verified": false, "price": {"tier": 2, "currency": "$", "message": "Moderate"}}, "referralId": "e-3-4cce570a7c2ff04dfe72a47e-25", "tips": [{"id": "4d26816677a2a1cd0a6b50b7", "text": "What also good. Except for waiting time.", "disagreeCount": 0, "logView": true, "createdAt": 1294369126, "likes": {"groups": [], "summary": "1 like", "count": 1}, "todo": {"count": 0}, "agreeCount": 1, "canonicalUrl": "https://foursquare.com/item/4d26816677a2a1cd0a6b50b7", "type": "user", "user": {"gender": "male", "id": "3167733", "photo": {"prefix": "https://igx.4sqi.net/img/user/", "suffix": "/FXQGR3QPBEPSLX22.jpg"}, "firstName": "Edmund", "lastName": "Lim"}}]}, {"reasons": {"items": [{"reasonName": "globalInteractionReason", "summary": "This spot is popular", "type": "general"}], "count": 0}, "venue": {"hereNow": {"groups": [], "summary": "Nobody here", "count": 0}, "contact": {}, "photos": {"groups": [], "count": 0}, "rating": 6.4, "name": "Evertop Hainanese Chicken Rice", "ratingSignals": 53, "allowMenuUrlEdit": true, "categories": [{"pluralName": "Chinese Restaurants", "id": "4bf58dd8d48988d145941735", "primary": true, "icon": {"prefix": "https://ss3.4sqi.net/img/categories_v2/food/asian_", "suffix": ".png"}, "name": "Chinese Restaurant", "shortName": "Chinese"}], "stats": {"checkinsCount": 2288, "usersCount": 1273, "tipCount": 30}, "id": "4bffa6a4369476b04e108e1f", "beenHere": {"lastCheckinExpiredAt": 0, "count": 0, "marked": false}, "ratingColor": "FFC800", "location": {"formattedAddress": ["354 Clementi Ave 2, #01-259", "120354", "Singapore"], "postalCode": "120354", "lat": 1.3147093140089028, "lng": 103.77006047771663, "country": "Singapore", "distance": 530, "city": "Singapore", "cc": "SG", "address": "354 Clementi Ave 2, #01-259", "labeledLatLngs": [{"lng": 103.77006047771663, "label": "display", "lat": 1.3147093140089028}]}, "hours": {"isLocalHoliday": false, "isOpen": true, "status": "Likely open"}, "verified": false, "price": {"tier": 1, "currency": "$", "message": "Cheap"}}, "referralId": "e-3-4bffa6a4369476b04e108e1f-26", "tips": [{"id": "4c13ae3bf1e0b7132db234bc", "text": "HALAL DUCK! WHO COULDN'T RESIST!!", "disagreeCount": 0, "logView": true, "createdAt": 1276358203, "likes": {"groups": [], "summary": "6 likes", "count": 6}, "todo": {"count": 3}, "agreeCount": 2, "canonicalUrl": "https://foursquare.com/item/4c13ae3bf1e0b7132db234bc", "type": "user", "user": {"gender": "female", "id": "1613805", "photo": {"prefix": "https://igx.4sqi.net/img/user/", "suffix": "/5J3WQLZ215S2WUWH.jpg"}, "firstName": "Wana", "lastName": "Zainal"}}]}, {"reasons": {"items": [{"reasonName": "globalInteractionReason", "summary": "This spot is popular", "type": "general"}], "count": 0}, "venue": {"hereNow": {"groups": [], "summary": "Nobody here", "count": 0}, "contact": {}, "photos": {"groups": [], "count": 0}, "rating": 6.0, "name": "Ootoya Japanese Restaurant \u5927\u6237\u5c4b", "ratingSignals": 39, "allowMenuUrlEdit": true, "categories": [{"pluralName": "Japanese Restaurants", "id": "4bf58dd8d48988d111941735", "primary": true, "icon": {"prefix": "https://ss3.4sqi.net/img/categories_v2/food/japanese_", "suffix": ".png"}, "name": "Japanese Restaurant", "shortName": "Japanese"}], "stats": {"checkinsCount": 1335, "usersCount": 748, "tipCount": 19}, "id": "4db3c7fc0437fa536a1d9dc1", "beenHere": {"lastCheckinExpiredAt": 0, "count": 0, "marked": false}, "ratingColor": "FFC800", "location": {"lng": 103.76479834616684, "formattedAddress": ["#03-53 The Clementi Mall (3155 Commonwealth avenue west)", "129558", "Singapore"], "postalCode": "129558", "lat": 1.315356685417165, "crossStreet": "3155 Commonwealth avenue west", "country": "Singapore", "distance": 71, "city": "Singapore", "cc": "SG", "address": "#03-53 The Clementi Mall", "labeledLatLngs": [{"lng": 103.76479834616684, "label": "display", "lat": 1.315356685417165}]}, "hours": {"isLocalHoliday": false, "isOpen": true, "status": "Likely open"}, "verified": false, "price": {"tier": 2, "currency": "$", "message": "Moderate"}}, "referralId": "e-3-4db3c7fc0437fa536a1d9dc1-27", "tips": [{"id": "5239968c498e74304c6d553f", "text": "Often times the service heres really bad. They even forgot to make my food.", "disagreeCount": 0, "logView": true, "createdAt": 1379505804, "likes": {"groups": [], "summary": "2 likes", "count": 2}, "todo": {"count": 0}, "agreeCount": 2, "canonicalUrl": "https://foursquare.com/item/5239968c498e74304c6d553f", "type": "user", "user": {"gender": "female", "id": "54141444", "photo": {"prefix": "https://igx.4sqi.net/img/user/", "suffix": "/S3YA1R5JWSVSR43G.jpg"}, "firstName": "Muriel", "lastName": "X."}}]}, {"reasons": {"items": [{"reasonName": "globalInteractionReason", "summary": "This spot is popular", "type": "general"}], "count": 0}, "venue": {"contact": {}, "photos": {"groups": [], "count": 0}, "rating": 6.0, "name": "Food Loft @ 431", "ratingSignals": 9, "allowMenuUrlEdit": true, "categories": [{"pluralName": "Food Courts", "id": "4bf58dd8d48988d120951735", "primary": true, "icon": {"prefix": "https://ss3.4sqi.net/img/categories_v2/shops/food_foodcourt_", "suffix": ".png"}, "name": "Food Court", "shortName": "Food Court"}], "stats": {"checkinsCount": 550, "usersCount": 194, "tipCount": 6}, "id": "4bb344434019a59323af37b8", "beenHere": {"lastCheckinExpiredAt": 0, "count": 0, "marked": false}, "ratingColor": "FFC800", "location": {"formattedAddress": ["431 Clementi Ave. 3. #01-296.", "120431", "Singapore"], "postalCode": "120431", "lat": 1.313305584446507, "lng": 103.76345738430543, "country": "Singapore", "distance": 275, "city": "Singapore", "cc": "SG", "address": "431 Clementi Ave. 3. #01-296.", "labeledLatLngs": [{"lng": 103.76345738430543, "label": "display", "lat": 1.313305584446507}]}, "hours": {"isLocalHoliday": false, "isOpen": true, "status": "Likely open"}, "verified": false, "hereNow": {"groups": [], "summary": "Nobody here", "count": 0}}, "referralId": "e-3-4bb344434019a59323af37b8-28", "tips": [{"logView": true, "photo": {"id": "53ca038d498ea99c73ce07b0", "visibility": "public", "source": {"name": "Foursquare for iOS", "url": "https://foursquare.com/download/#/iphone"}, "suffix": "/536955_aCFLz2lbltABcOArQof2q1ZYXYWgji4qQD-oHf2Ycpc.jpg", "createdAt": 1405748109, "prefix": "https://igx.4sqi.net/img/general/", "width": 720, "height": 960}, "createdAt": 1405748107, "agreeCount": 0, "id": "53ca038b498ef560b3b2bb8e", "text": "The laksa and noodle stall is quite good for the price!", "type": "user", "disagreeCount": 0, "user": {"gender": "male", "id": "536955", "photo": {"prefix": "https://igx.4sqi.net/img/user/", "suffix": "/536955-0I3H0I3PWX4OO1AB.jpg"}, "firstName": "Wen", "lastName": "Huang"}, "canonicalUrl": "https://foursquare.com/item/53ca038b498ef560b3b2bb8e", "todo": {"count": 0}, "photourl": "https://igx.4sqi.net/img/general/original/536955_aCFLz2lbltABcOArQof2q1ZYXYWgji4qQD-oHf2Ycpc.jpg"}]}, {"reasons": {"items": [{"reasonName": "globalInteractionReason", "summary": "This spot is popular", "type": "general"}], "count": 0}, "venue": {"contact": {}, "photos": {"groups": [], "count": 0}, "rating": 6.4, "name": "Lei Yuen Delights \u4e50\u56ed\u7f8e\u98df", "ratingSignals": 19, "allowMenuUrlEdit": true, "categories": [{"pluralName": "Food Courts", "id": "4bf58dd8d48988d120951735", "primary": true, "icon": {"prefix": "https://ss3.4sqi.net/img/categories_v2/shops/food_foodcourt_", "suffix": ".png"}, "name": "Food Court", "shortName": "Food Court"}], "stats": {"checkinsCount": 1427, "usersCount": 274, "tipCount": 12}, "id": "4d1f10586e8c3704fd81ed9f", "beenHere": {"lastCheckinExpiredAt": 0, "count": 0, "marked": false}, "ratingColor": "FFC800", "location": {"formattedAddress": ["308 Clementi Ave 4, #01-361", "120308", "Singapore"], "postalCode": "120308", "lat": 1.3210062077853137, "lng": 103.76656934162827, "country": "Singapore", "distance": 688, "city": "Singapore", "cc": "SG", "address": "308 Clementi Ave 4, #01-361", "labeledLatLngs": [{"lng": 103.76656934162827, "label": "display", "lat": 1.3210062077853137}]}, "hours": {"isLocalHoliday": false, "isOpen": true, "status": "Likely open"}, "verified": false, "hereNow": {"groups": [], "summary": "Nobody here", "count": 0}}, "referralId": "e-3-4d1f10586e8c3704fd81ed9f-29", "tips": [{"logView": true, "photo": {"id": "58b44a015d6ec6066283f159", "visibility": "public", "source": {"name": "Foursquare for Android", "url": "https://foursquare.com/download/#/android"}, "suffix": "/135138029_H-RcPoUv7PjHbUEMhzvCLpfNno9OfcEXOJJ6yzj29Ow.jpg", "createdAt": 1488210433, "prefix": "https://igx.4sqi.net/img/general/", "width": 2874, "height": 1739}, "createdAt": 1488210428, "agreeCount": 0, "id": "58b449fc14fb41537b7e39bd", "text": "Green Wrasse Fish Curry in claypot is the best so far and also a claypot pig liver with ginger and spring onions.", "type": "user", "disagreeCount": 0, "user": {"gender": "male", "id": "135138029", "photo": {"prefix": "https://igx.4sqi.net/img/user/", "suffix": "/135138029-INHXEND0KRLNIKDP.jpg"}, "firstName": "Richard", "lastName": "Ho"}, "canonicalUrl": "https://foursquare.com/item/58b449fc14fb41537b7e39bd", "todo": {"count": 0}, "photourl": "https://igx.4sqi.net/img/general/original/135138029_H-RcPoUv7PjHbUEMhzvCLpfNno9OfcEXOJJ6yzj29Ow.jpg"}]}, {"reasons": {"items": [{"reasonName": "globalInteractionReason", "summary": "This spot is popular", "type": "general"}], "count": 0}, "venue": {"hereNow": {"groups": [], "summary": "Nobody here", "count": 0}, "contact": {}, "photos": {"groups": [], "count": 0}, "rating": 5.9, "name": "Thai Express", "ratingSignals": 21, "allowMenuUrlEdit": true, "categories": [{"pluralName": "Thai Restaurants", "id": "4bf58dd8d48988d149941735", "primary": true, "icon": {"prefix": "https://ss3.4sqi.net/img/categories_v2/food/thai_", "suffix": ".png"}, "name": "Thai Restaurant", "shortName": "Thai"}], "stats": {"checkinsCount": 619, "usersCount": 476, "tipCount": 7}, "id": "5017a98de4b02848f719002c", "beenHere": {"lastCheckinExpiredAt": 0, "count": 0, "marked": false}, "ratingColor": "FF9600", "location": {"lng": 103.76492848241877, "formattedAddress": ["#B1-08/09, The Clementi Mall (3155 Commonwealth Ave. West)", "Singapore"], "lat": 1.315076978924475, "crossStreet": "3155 Commonwealth Ave. West", "country": "Singapore", "distance": 43, "city": "Singapore", "cc": "SG", "address": "#B1-08/09, The Clementi Mall", "labeledLatLngs": [{"lng": 103.76492848241877, "label": "display", "lat": 1.315076978924475}]}, "hours": {"isLocalHoliday": false, "isOpen": true, "status": "Likely open"}, "verified": false, "price": {"tier": 2, "currency": "$", "message": "Moderate"}}, "referralId": "e-3-5017a98de4b02848f719002c-30", "tips": [{"id": "50ee4806e4b08198659687e2", "text": "try the clear Tom yum soup, olive rice or pad thai. awesome food.", "disagreeCount": 0, "logView": true, "createdAt": 1357793286, "likes": {"groups": [], "summary": "1 like", "count": 1}, "todo": {"count": 0}, "agreeCount": 1, "canonicalUrl": "https://foursquare.com/item/50ee4806e4b08198659687e2", "type": "user", "user": {"gender": "female", "id": "5085338", "photo": {"prefix": "https://igx.4sqi.net/img/user/", "suffix": "/2U2TEU3SOOXZDLZ5.jpg"}, "firstName": "Grace", "lastName": "Ooi"}}]}, {"reasons": {"items": [{"reasonName": "globalInteractionReason", "summary": "This spot is popular", "type": "general"}], "count": 0}, "venue": {"hereNow": {"groups": [], "summary": "Nobody here", "count": 0}, "contact": {}, "photos": {"groups": [], "count": 0}, "rating": 6.2, "name": "Jack's Place", "ratingSignals": 18, "allowMenuUrlEdit": true, "categories": [{"pluralName": "Steakhouses", "id": "4bf58dd8d48988d1cc941735", "primary": true, "icon": {"prefix": "https://ss3.4sqi.net/img/categories_v2/food/steakhouse_", "suffix": ".png"}, "name": "Steakhouse", "shortName": "Steakhouse"}], "stats": {"checkinsCount": 1248, "usersCount": 841, "tipCount": 7}, "id": "4cbc1e4043ec6dcb15c4ae31", "beenHere": {"lastCheckinExpiredAt": 0, "count": 0, "marked": false}, "ratingColor": "FFC800", "location": {"lng": 103.76441925432543, "formattedAddress": ["#01-04/05/06, West Coast Recreation Centre (12 West Coast Walk)", "Singapore"], "lat": 1.3102035398314331, "crossStreet": "12 West Coast Walk", "country": "Singapore", "distance": 537, "city": "Singapore", "cc": "SG", "address": "#01-04/05/06, West Coast Recreation Centre", "labeledLatLngs": [{"lng": 103.76441925432543, "label": "display", "lat": 1.3102035398314331}]}, "hours": {"isLocalHoliday": false, "isOpen": true, "status": "Likely open"}, "verified": false, "price": {"tier": 4, "currency": "$", "message": "Very Expensive"}}, "referralId": "e-3-4cbc1e4043ec6dcb15c4ae31-31", "tips": [{"id": "5492b5cd498e411b8bd5d02a", "text": "The service was really bad... Waited for almost an hr before the service staff told us tt they ran out of steak & dessert for their x-mas menu during lunch... Gosh!!!", "disagreeCount": 0, "createdAt": 1418900941, "logView": true, "todo": {"count": 0}, "agreeCount": 0, "canonicalUrl": "https://foursquare.com/item/5492b5cd498e411b8bd5d02a", "type": "user", "user": {"gender": "male", "id": "1345390", "photo": {"prefix": "https://igx.4sqi.net/img/user/", "suffix": "/TDSDGW52L5SXMDMV.jpg"}, "firstName": "Shawn", "lastName": "Lim"}}]}, {"reasons": {"items": [{"reasonName": "globalInteractionReason", "summary": "This spot is popular", "type": "general"}], "count": 0}, "venue": {"hereNow": {"groups": [], "summary": "Nobody here", "count": 0}, "contact": {"phone": "+6567795355", "formattedPhone": "+65 6779 5355"}, "photos": {"groups": [], "count": 0}, "rating": 6.2, "name": "Joyden Seafood Restaurant", "ratingSignals": 14, "allowMenuUrlEdit": true, "categories": [{"pluralName": "Chinese Restaurants", "id": "4bf58dd8d48988d145941735", "primary": true, "icon": {"prefix": "https://ss3.4sqi.net/img/categories_v2/food/asian_", "suffix": ".png"}, "name": "Chinese Restaurant", "shortName": "Chinese"}], "stats": {"checkinsCount": 220, "usersCount": 156, "tipCount": 22}, "id": "51d8f2a4498ea6557cbb4177", "beenHere": {"lastCheckinExpiredAt": 0, "count": 0, "marked": false}, "ratingColor": "FFC800", "location": {"lat": 1.3093150047206314, "distance": 650, "country": "Singapore", "cc": "SG", "crossStreet": "12 West Coast Walk", "formattedAddress": ["#01-11 West Coast Recreation Centre (12 West Coast Walk)", "127157", "Singapore"], "neighborhood": "West Region, Singapore", "city": "Singapore", "lng": 103.76375726069028, "labeledLatLngs": [{"lng": 103.76375726069028, "label": "display", "lat": 1.3093150047206314}], "address": "#01-11 West Coast Recreation Centre", "postalCode": "127157"}, "hours": {"isLocalHoliday": false, "isOpen": true, "status": "Open until 10:00 PM"}, "verified": false, "price": {"tier": 1, "currency": "$", "message": "Cheap"}}, "referralId": "e-3-51d8f2a4498ea6557cbb4177-32", "tips": [{"logView": true, "photo": {"id": "589c0415ebf0284fa481c3c9", "visibility": "public", "source": {"name": "Swarm for iOS", "url": "https://www.swarmapp.com"}, "suffix": "/46819999_S5JoD_IeqULICdckhJgFES6zUcJg1w9VJ7s0yS5XDEg.jpg", "createdAt": 1486619669, "prefix": "https://igx.4sqi.net/img/general/", "width": 1280, "height": 1919}, "createdAt": 1486738733, "agreeCount": 0, "id": "589dd52d15fb43552c205133", "text": "Prices were adjusted up! Yesterday was e 1st time having coming here b4 that I felt overpaying for such a simple meal\ud83d\ude22Dim Sum choices scaled down n some prices were almost $10 for e usual 3 pieces !", "type": "user", "disagreeCount": 0, "user": {"gender": "male", "id": "46819999", "photo": {"prefix": "https://igx.4sqi.net/img/user/", "suffix": "/46819999-SSI3RGKO3VGGBRWU.jpg"}, "firstName": "Vincent", "lastName": "Ang"}, "canonicalUrl": "https://foursquare.com/item/589dd52d15fb43552c205133", "todo": {"count": 0}, "photourl": "https://igx.4sqi.net/img/general/original/46819999_S5JoD_IeqULICdckhJgFES6zUcJg1w9VJ7s0yS5XDEg.jpg"}]}, {"reasons": {"items": [{"reasonName": "globalInteractionReason", "summary": "This spot is popular", "type": "general"}], "count": 0}, "venue": {"hereNow": {"groups": [], "summary": "Nobody here", "count": 0}, "contact": {}, "photos": {"groups": [], "count": 0}, "rating": 5.7, "name": "BURGER KING", "ratingSignals": 17, "allowMenuUrlEdit": true, "categories": [{"pluralName": "Fast Food Restaurants", "id": "4bf58dd8d48988d16e941735", "primary": true, "icon": {"prefix": "https://ss3.4sqi.net/img/categories_v2/food/fastfood_", "suffix": ".png"}, "name": "Fast Food Restaurant", "shortName": "Fast Food"}], "stats": {"checkinsCount": 2551, "usersCount": 1410, "tipCount": 12}, "id": "4d286b413c795481f8edcd9b", "beenHere": {"lastCheckinExpiredAt": 0, "count": 0, "marked": false}, "url": "http://www.burgerking.com.sg", "ratingColor": "FF9600", "location": {"lng": 103.76477479934692, "formattedAddress": ["#B1-30/31, The Clementi Mall (3155 Commonwealth Ave West)", "129588", "Singapore"], "postalCode": "129588", "lat": 1.3147678315690254, "crossStreet": "3155 Commonwealth Ave West", "country": "Singapore", "distance": 61, "city": "Singapore", "cc": "SG", "address": "#B1-30/31, The Clementi Mall", "labeledLatLngs": [{"lng": 103.76477479934692, "label": "display", "lat": 1.3147678315690254}]}, "hours": {"isLocalHoliday": false, "isOpen": true, "status": "Likely open"}, "verified": false, "price": {"tier": 1, "currency": "$", "message": "Cheap"}}, "referralId": "e-3-4d286b413c795481f8edcd9b-33", "tips": [{"id": "4e72b7e92271391c7009e714", "text": "I love Burger King.", "disagreeCount": 0, "logView": true, "createdAt": 1316141033, "likes": {"groups": [], "summary": "6 likes", "count": 6}, "todo": {"count": 0}, "agreeCount": 1, "canonicalUrl": "https://foursquare.com/item/4e72b7e92271391c7009e714", "type": "user", "user": {"id": "846184", "photo": {"prefix": "https://igx.4sqi.net/img/user/", "suffix": "/846184-KGPMZ5GENIAFMTPP"}, "firstName": "D\u00f6na\u0142d \u0295 \u2022\u1d25\u2022\u0294", "gender": "male"}}]}, {"reasons": {"items": [{"reasonName": "globalInteractionReason", "summary": "This spot is popular", "type": "general"}], "count": 0}, "venue": {"contact": {}, "photos": {"groups": [], "count": 0}, "rating": 6.1, "name": "Food Loft", "ratingSignals": 37, "allowMenuUrlEdit": true, "categories": [{"pluralName": "Food Courts", "id": "4bf58dd8d48988d120951735", "primary": true, "icon": {"prefix": "https://ss3.4sqi.net/img/categories_v2/shops/food_foodcourt_", "suffix": ".png"}, "name": "Food Court", "shortName": "Food Court"}], "stats": {"checkinsCount": 2523, "usersCount": 689, "tipCount": 32}, "id": "4bb325c8a32876b0235501fe", "beenHere": {"lastCheckinExpiredAt": 0, "count": 0, "marked": false}, "ratingColor": "FFC800", "location": {"formattedAddress": ["308 Clementi Ave. 4. #01-335.", "120308", "Singapore"], "postalCode": "120308", "lat": 1.3206457484424956, "lng": 103.7670672614895, "country": "Singapore", "distance": 663, "city": "Singapore", "cc": "SG", "address": "308 Clementi Ave. 4. #01-335.", "labeledLatLngs": [{"lng": 103.7670672614895, "label": "display", "lat": 1.3206457484424956}]}, "hours": {"isLocalHoliday": false, "isOpen": true, "status": "Likely open"}, "verified": false, "hereNow": {"groups": [], "summary": "Nobody here", "count": 0}}, "referralId": "e-3-4bb325c8a32876b0235501fe-34", "tips": [{"id": "4c927f54d2e1a14342e9ca26", "text": "Western and bbq seafood stall serves yummy food at reasonable price.", "disagreeCount": 0, "logView": true, "createdAt": 1284669268, "likes": {"groups": [], "summary": "2 likes", "count": 2}, "todo": {"count": 2}, "agreeCount": 2, "canonicalUrl": "https://foursquare.com/item/4c927f54d2e1a14342e9ca26", "type": "user", "user": {"gender": "female", "id": "3328627", "photo": {"prefix": "https://igx.4sqi.net/img/user/", "suffix": "/22EDNDL5JTDK05RY.jpg"}, "firstName": "Shanice", "lastName": "Xue-Ting Lim"}}]}, {"reasons": {"items": [{"reasonName": "globalInteractionReason", "summary": "This spot is popular", "type": "general"}], "count": 0}, "venue": {"hereNow": {"groups": [], "summary": "Nobody here", "count": 0}, "contact": {"phone": "+6567730733", "formattedPhone": "+65 6773 0733"}, "photos": {"groups": [], "count": 0}, "rating": 5.6, "name": "Prata Planet Family Restaurant", "ratingSignals": 53, "allowMenuUrlEdit": true, "categories": [{"pluralName": "Indian Restaurants", "id": "4bf58dd8d48988d10f941735", "primary": true, "icon": {"prefix": "https://ss3.4sqi.net/img/categories_v2/food/indian_", "suffix": ".png"}, "name": "Indian Restaurant", "shortName": "Indian"}], "stats": {"checkinsCount": 3112, "usersCount": 1355, "tipCount": 42}, "id": "4b494891f964a5205b6c26e3", "beenHere": {"lastCheckinExpiredAt": 0, "count": 0, "marked": false}, "ratingColor": "FF9600", "location": {"formattedAddress": ["320 Clementi Ave. 4, #01-35", "120320", "Singapore"], "postalCode": "120320", "lat": 1.3169330952539504, "lng": 103.7658507559907, "country": "Singapore", "distance": 228, "city": "Singapore", "cc": "SG", "address": "320 Clementi Ave. 4, #01-35", "labeledLatLngs": [{"lng": 103.7658507559907, "label": "display", "lat": 1.3169330952539504}]}, "hours": {"isLocalHoliday": false, "isOpen": true, "status": "Likely open"}, "verified": false, "price": {"tier": 2, "currency": "$", "message": "Moderate"}}, "referralId": "e-3-4b494891f964a5205b6c26e3-35", "tips": [{"id": "4bb225ac70c603bb003396b4", "text": "the prata is not bad :)", "disagreeCount": 0, "logView": true, "createdAt": 1269966252, "likes": {"groups": [], "summary": "8 likes", "count": 8}, "todo": {"count": 1}, "agreeCount": 0, "canonicalUrl": "https://foursquare.com/item/4bb225ac70c603bb003396b4", "type": "user", "user": {"gender": "female", "id": "739113", "photo": {"prefix": "https://igx.4sqi.net/img/user/", "default": true, "suffix": "/blank_girl.png"}, "firstName": "sharon", "lastName": "Mohyong"}}]}, {"reasons": {"items": [{"reasonName": "globalInteractionReason", "summary": "This spot is popular", "type": "general"}], "count": 0}, "venue": {"hereNow": {"groups": [], "summary": "Nobody here", "count": 0}, "contact": {}, "photos": {"groups": [], "count": 0}, "rating": 5.5, "name": "Swensen's", "ratingSignals": 52, "allowMenuUrlEdit": true, "categories": [{"pluralName": "American Restaurants", "id": "4bf58dd8d48988d14e941735", "primary": true, "icon": {"prefix": "https://ss3.4sqi.net/img/categories_v2/food/default_", "suffix": ".png"}, "name": "American Restaurant", "shortName": "American"}], "stats": {"checkinsCount": 3562, "usersCount": 2346, "tipCount": 29}, "id": "4db16295a86e63d21169719c", "beenHere": {"lastCheckinExpiredAt": 0, "count": 0, "marked": false}, "url": "http://www.swensens.com.sg", "ratingColor": "FF9600", "location": {"lng": 103.76479834616684, "formattedAddress": ["#05-31/33, The Clementi Mall (3155 Commonwealth Ave West)", "129588", "Singapore"], "postalCode": "129588", "lat": 1.315376096434331, "crossStreet": "3155 Commonwealth Ave West", "country": "Singapore", "distance": 72, "city": "Singapore", "cc": "SG", "address": "#05-31/33, The Clementi Mall", "labeledLatLngs": [{"lng": 103.76479834616684, "label": "display", "lat": 1.315376096434331}]}, "hours": {"isLocalHoliday": false, "isOpen": true, "status": "Likely open"}, "verified": false, "price": {"tier": 2, "currency": "$", "message": "Moderate"}}, "referralId": "e-3-4db16295a86e63d21169719c-36", "tips": [{"id": "4dbcd97f815439392fa6eb6d", "text": "Service is really good", "disagreeCount": 0, "logView": true, "createdAt": 1304222079, "likes": {"groups": [], "summary": "1 like", "count": 1}, "todo": {"count": 0}, "agreeCount": 0, "canonicalUrl": "https://foursquare.com/item/4dbcd97f815439392fa6eb6d", "type": "user", "user": {"gender": "male", "id": "324434", "photo": {"prefix": "https://igx.4sqi.net/img/user/", "suffix": "/324434-PUMSIPIEHGR0I05E.jpg"}, "firstName": "Shaun", "lastName": "Chen"}}]}, {"reasons": {"items": [{"reasonName": "globalInteractionReason", "summary": "This spot is popular", "type": "general"}], "count": 0}, "venue": {"contact": {}, "photos": {"groups": [], "count": 0}, "rating": 6.0, "name": "Clementi Avenue 2 Market & Food Centre", "ratingSignals": 55, "allowMenuUrlEdit": true, "categories": [{"pluralName": "Food Courts", "id": "4bf58dd8d48988d120951735", "primary": true, "icon": {"prefix": "https://ss3.4sqi.net/img/categories_v2/shops/food_foodcourt_", "suffix": ".png"}, "name": "Food Court", "shortName": "Food Court"}], "stats": {"checkinsCount": 2696, "usersCount": 968, "tipCount": 31}, "id": "4bcfce73a8b3a5932302635f", "beenHere": {"lastCheckinExpiredAt": 0, "count": 0, "marked": false}, "ratingColor": "FFC800", "location": {"formattedAddress": ["353 Clementi Ave. 2", "120353", "Singapore"], "postalCode": "120353", "lat": 1.3142550987994743, "lng": 103.7707507941316, "country": "Singapore", "distance": 611, "city": "Singapore", "cc": "SG", "address": "353 Clementi Ave. 2", "labeledLatLngs": [{"lng": 103.7707507941316, "label": "display", "lat": 1.3142550987994743}]}, "hours": {"isLocalHoliday": false, "isOpen": true, "status": "Likely open"}, "verified": false, "hereNow": {"groups": [], "summary": "Nobody here", "count": 0}}, "referralId": "e-3-4bcfce73a8b3a5932302635f-37", "tips": [{"logView": true, "photo": {"id": "54570d1b498e005098fbd95a", "visibility": "public", "source": {"name": "Foursquare for iOS", "url": "https://foursquare.com/download/#/iphone"}, "suffix": "/231366_SSwL9UksVwX-rWcq2Me1wiONjHZ-yu34OWF642NGFJE.jpg", "createdAt": 1414991131, "prefix": "https://igx.4sqi.net/img/general/", "width": 960, "height": 720}, "createdAt": 1414991128, "todo": {"count": 0}, "agreeCount": 2, "likes": {"groups": [], "summary": "2 likes", "count": 2}, "id": "54570d18498e084cc5d8795c", "text": "Indian rojak. Mohamadia #01-75 stocks quite interesting items. Price range fr $0.70 for egg & flour-based items, to $2.00+ for prawns, cuttlefish & paru (beef lung)", "disagreeCount": 0, "user": {"gender": "male", "id": "231366", "photo": {"prefix": "https://igx.4sqi.net/img/user/", "suffix": "/231366-Q2ZSAEF50GYUXPDA.jpg"}, "firstName": "Cheen", "lastName": "The Curious"}, "canonicalUrl": "https://foursquare.com/item/54570d18498e084cc5d8795c", "type": "user", "photourl": "https://igx.4sqi.net/img/general/original/231366_SSwL9UksVwX-rWcq2Me1wiONjHZ-yu34OWF642NGFJE.jpg"}]}, {"reasons": {"items": [{"reasonName": "globalInteractionReason", "summary": "This spot is popular", "type": "general"}], "count": 0}, "venue": {"hereNow": {"groups": [], "summary": "Nobody here", "count": 0}, "contact": {}, "photos": {"groups": [], "count": 0}, "name": "Shwe Kant Kaw Myanmar Cuisine", "allowMenuUrlEdit": true, "beenHere": {"lastCheckinExpiredAt": 0, "count": 0, "marked": false}, "stats": {"checkinsCount": 218, "usersCount": 39, "tipCount": 2}, "id": "4cd381f908f48cfa44f5a085", "categories": [{"pluralName": "Asian Restaurants", "id": "4bf58dd8d48988d142941735", "primary": true, "icon": {"prefix": "https://ss3.4sqi.net/img/categories_v2/food/asian_", "suffix": ".png"}, "name": "Asian Restaurant", "shortName": "Asian"}], "location": {"lng": 103.76702765416027, "formattedAddress": ["Clementi 325 Food House (325 Clementi Ave. 5. #01-155.)", "120325", "Singapore"], "postalCode": "120325", "lat": 1.3147311896357907, "crossStreet": "325 Clementi Ave. 5. #01-155.", "country": "Singapore", "distance": 193, "city": "Singapore", "cc": "SG", "address": "Clementi 325 Food House", "labeledLatLngs": [{"lng": 103.76702765416027, "label": "display", "lat": 1.3147311896357907}]}, "verified": false, "price": {"tier": 2, "currency": "$", "message": "Moderate"}}, "referralId": "e-3-4cd381f908f48cfa44f5a085-38", "tips": [{"id": "52496eb811d274d34c24ca02", "text": "I like it so much...", "disagreeCount": 0, "createdAt": 1380544184, "logView": true, "todo": {"count": 0}, "agreeCount": 0, "canonicalUrl": "https://foursquare.com/item/52496eb811d274d34c24ca02", "type": "user", "user": {"gender": "female", "id": "34964375", "photo": {"prefix": "https://igx.4sqi.net/img/user/", "suffix": "/X4GHLJEWA1SWXTFV.jpg"}, "firstName": "\ud83d\udc7c Wityi \ud83d\udc7c", "lastName": "\u2b50\ud83d\udc9d\ud83c\udf38"}}]}, {"reasons": {"items": [{"reasonName": "globalInteractionReason", "summary": "This spot is popular", "type": "general"}], "count": 0}, "venue": {"hereNow": {"groups": [], "summary": "Nobody here", "count": 0}, "contact": {"phone": "+6565705113", "formattedPhone": "+65 6570 5113"}, "photos": {"groups": [], "count": 0}, "name": "Bengawan Solo", "allowMenuUrlEdit": true, "beenHere": {"lastCheckinExpiredAt": 0, "count": 0, "marked": false}, "stats": {"checkinsCount": 148, "usersCount": 96, "tipCount": 2}, "id": "4d2c2af155a8b60ce78aedc0", "categories": [{"pluralName": "Bakeries", "id": "4bf58dd8d48988d16a941735", "primary": true, "icon": {"prefix": "https://ss3.4sqi.net/img/categories_v2/food/bakery_", "suffix": ".png"}, "name": "Bakery", "shortName": "Bakery"}], "url": "http://www.bengawansolo.com.sg/", "location": {"lng": 103.76493979862055, "formattedAddress": ["#B1-26/27, The Clementi Mall (3155 Commonwealth Ave. West)", "129588", "Singapore"], "postalCode": "129588", "lat": 1.3150858414683289, "crossStreet": "3155 Commonwealth Ave. West", "country": "Singapore", "distance": 42, "city": "Singapore", "cc": "SG", "address": "#B1-26/27, The Clementi Mall", "labeledLatLngs": [{"lng": 103.76493979862055, "label": "display", "lat": 1.3150858414683289}]}, "verified": false, "price": {"tier": 1, "currency": "$", "message": "Cheap"}}, "referralId": "e-3-4d2c2af155a8b60ce78aedc0-39", "tips": [{"logView": true, "photo": {"id": "564627e6498e6e18c18c3228", "visibility": "public", "source": {"name": "Foursquare Web", "url": "https://foursquare.com"}, "suffix": "/6306884_HBQzBwD3TfELnjOdm9WHeKFoDqF1qhVaj4M8CsRapoo.jpg", "createdAt": 1447438310, "prefix": "https://igx.4sqi.net/img/general/", "width": 496, "height": 496}, "createdAt": 1447438290, "agreeCount": 0, "id": "564627d2498e5219f17bd390", "text": "Thousand-Layer Cake (Kueh Lapis / Lapis Legit): Don't judge a book by its cover, this plain looking S$55 cake is actually one of the most delicious birthday cake that I've had for my birthday :-9", "type": "user", "disagreeCount": 0, "user": {"gender": "female", "id": "6306884", "photo": {"prefix": "https://igx.4sqi.net/img/user/", "suffix": "/6306884-L21LWV3MMZFIVU5F"}, "firstName": "Jess", "lastName": "Thia"}, "canonicalUrl": "https://foursquare.com/item/564627d2498e5219f17bd390", "todo": {"count": 0}, "photourl": "https://igx.4sqi.net/img/general/original/6306884_HBQzBwD3TfELnjOdm9WHeKFoDqF1qhVaj4M8CsRapoo.jpg"}]}, {"reasons": {"items": [{"reasonName": "globalInteractionReason", "summary": "This spot is popular", "type": "general"}], "count": 0}, "venue": {"hereNow": {"groups": [], "summary": "Nobody here", "count": 0}, "contact": {}, "photos": {"groups": [], "count": 0}, "name": "Kian Seng Lor Mee, Prawn Mee, Laksa", "allowMenuUrlEdit": true, "beenHere": {"lastCheckinExpiredAt": 0, "count": 0, "marked": false}, "stats": {"checkinsCount": 136, "usersCount": 38, "tipCount": 4}, "id": "4cf4758288de3704ec2b852b", "categories": [{"pluralName": "Noodle Houses", "id": "4bf58dd8d48988d1d1941735", "primary": true, "icon": {"prefix": "https://ss3.4sqi.net/img/categories_v2/food/ramen_", "suffix": ".png"}, "name": "Noodle House", "shortName": "Noodles"}], "location": {"lng": 103.76435701546865, "formattedAddress": ["#01-28, Clementi 448 Market & Food Centre (448 Clementi Ave. 3)", "Singapore"], "lat": 1.313616505291839, "crossStreet": "448 Clementi Ave. 3", "country": "Singapore", "distance": 182, "city": "Singapore", "cc": "SG", "address": "#01-28, Clementi 448 Market & Food Centre", "labeledLatLngs": [{"lng": 103.76435701546865, "label": "display", "lat": 1.313616505291839}]}, "verified": false, "price": {"tier": 1, "currency": "$", "message": "Cheap"}}, "referralId": "e-3-4cf4758288de3704ec2b852b-40", "tips": [{"id": "55de4c5e498e907fc4f1528b", "text": "Damn good :)", "disagreeCount": 0, "createdAt": 1440631902, "logView": true, "todo": {"count": 1}, "agreeCount": 0, "canonicalUrl": "https://foursquare.com/item/55de4c5e498e907fc4f1528b", "type": "user", "user": {"gender": "male", "id": "2984387", "photo": {"prefix": "https://igx.4sqi.net/img/user/", "suffix": "/TMEUPAYXRIZ2FNFA.jpg"}, "firstName": "Jerrymar", "lastName": "Boja"}}]}, {"reasons": {"items": [{"reasonName": "globalInteractionReason", "summary": "This spot is popular", "type": "general"}], "count": 0}, "venue": {"id": "4d6630d184f28cfa24156869", "hereNow": {"groups": [], "summary": "Nobody here", "count": 0}, "contact": {}, "beenHere": {"lastCheckinExpiredAt": 0, "count": 0, "marked": false}, "photos": {"groups": [], "count": 0}, "name": "Mahan Nasi Lemak", "location": {"lng": 103.767058, "formattedAddress": ["Clementi 325 Food House (325 Clementi Ave. 5)", "120325", "Singapore"], "postalCode": "120325", "lat": 1.31488, "crossStreet": "325 Clementi Ave. 5", "country": "Singapore", "distance": 195, "city": "Singapore", "cc": "SG", "address": "Clementi 325 Food House", "labeledLatLngs": [{"lng": 103.767058, "label": "display", "lat": 1.31488}]}, "allowMenuUrlEdit": true, "verified": false, "categories": [{"pluralName": "Halal Restaurants", "id": "52e81612bcbc57f1066b79ff", "primary": true, "icon": {"prefix": "https://ss3.4sqi.net/img/categories_v2/food/halal_", "suffix": ".png"}, "name": "Halal Restaurant", "shortName": "Halal"}], "stats": {"checkinsCount": 43, "usersCount": 25, "tipCount": 0}}, "referralId": "e-3-4d6630d184f28cfa24156869-41"}, {"reasons": {"items": [{"reasonName": "globalInteractionReason", "summary": "This spot is popular", "type": "general"}], "count": 0}, "venue": {"hereNow": {"groups": [], "summary": "Nobody here", "count": 0}, "contact": {}, "photos": {"groups": [], "count": 0}, "name": "Gustoso Pasta", "allowMenuUrlEdit": true, "beenHere": {"lastCheckinExpiredAt": 0, "count": 0, "marked": false}, "stats": {"checkinsCount": 70, "usersCount": 38, "tipCount": 2}, "id": "538f1f2d498eecce5c76e951", "categories": [{"pluralName": "Pizza Places", "id": "4bf58dd8d48988d1ca941735", "primary": true, "icon": {"prefix": "https://ss3.4sqi.net/img/categories_v2/food/pizza_", "suffix": ".png"}, "name": "Pizza Place", "shortName": "Pizza"}], "location": {"formattedAddress": ["3151 Commonwealth Ave West", "Singapore"], "lat": 1.3143416825986107, "lng": 103.76540942183499, "distance": 69, "country": "Singapore", "cc": "SG", "address": "3151 Commonwealth Ave West", "labeledLatLngs": [{"lng": 103.76540942183499, "label": "display", "lat": 1.3143416825986107}]}, "hours": {"isLocalHoliday": false, "isOpen": true, "status": "Open"}, "verified": false, "price": {"tier": 1, "currency": "$", "message": "Cheap"}}, "referralId": "e-3-538f1f2d498eecce5c76e951-42", "tips": [{"id": "55c37e88498ef0d26c9e6fbe", "text": "Surprisingly good", "disagreeCount": 0, "createdAt": 1438875272, "logView": true, "todo": {"count": 0}, "agreeCount": 0, "canonicalUrl": "https://foursquare.com/item/55c37e88498ef0d26c9e6fbe", "type": "user", "user": {"gender": "female", "id": "58661053", "photo": {"prefix": "https://igx.4sqi.net/img/user/", "suffix": "/58661053-UYKGHCNT00DRM5EQ.jpg"}, "firstName": "Hoa Mai", "lastName": "Nguy\u1ec5n"}}]}, {"reasons": {"items": [{"reasonName": "globalInteractionReason", "summary": "This spot is popular", "type": "general"}], "count": 0}, "venue": {"hereNow": {"groups": [], "summary": "Nobody here", "count": 0}, "contact": {}, "photos": {"groups": [], "count": 0}, "name": "Emerald Bakery", "allowMenuUrlEdit": true, "beenHere": {"lastCheckinExpiredAt": 0, "count": 0, "marked": false}, "stats": {"checkinsCount": 104, "usersCount": 19, "tipCount": 0}, "id": "4d8a22f81508a14392c51d1e", "categories": [{"pluralName": "Bakeries", "id": "4bf58dd8d48988d16a941735", "primary": true, "icon": {"prefix": "https://ss3.4sqi.net/img/categories_v2/food/bakery_", "suffix": ".png"}, "name": "Bakery", "shortName": "Bakery"}], "location": {"formattedAddress": ["Singapore"], "lat": 1.314954758811829, "lng": 103.76690317405867, "distance": 178, "country": "Singapore", "cc": "SG", "labeledLatLngs": [{"lng": 103.76690317405867, "label": "display", "lat": 1.314954758811829}]}, "verified": false, "price": {"tier": 1, "currency": "$", "message": "Cheap"}}, "referralId": "e-3-4d8a22f81508a14392c51d1e-43"}, {"reasons": {"items": [{"reasonName": "globalInteractionReason", "summary": "This spot is popular", "type": "general"}], "count": 0}, "venue": {"id": "580aeb3838fad048aba89b19", "hereNow": {"groups": [], "summary": "Nobody here", "count": 0}, "contact": {}, "beenHere": {"lastCheckinExpiredAt": 0, "count": 0, "marked": false}, "photos": {"groups": [], "count": 0}, "name": "Mantou & Friends", "location": {"formattedAddress": ["442 Clementi Ave 3 #01-109", "120442", "Singapore"], "postalCode": "120442", "lat": 1.3139235, "lng": 103.764496, "distance": 145, "country": "Singapore", "cc": "SG", "address": "442 Clementi Ave 3 #01-109", "labeledLatLngs": [{"lng": 103.764496, "label": "display", "lat": 1.3139235}]}, "allowMenuUrlEdit": true, "verified": false, "categories": [{"pluralName": "Halal Restaurants", "id": "52e81612bcbc57f1066b79ff", "primary": true, "icon": {"prefix": "https://ss3.4sqi.net/img/categories_v2/food/halal_", "suffix": ".png"}, "name": "Halal Restaurant", "shortName": "Halal"}], "stats": {"checkinsCount": 36, "usersCount": 22, "tipCount": 1}}, "referralId": "e-3-580aeb3838fad048aba89b19-44", "tips": [{"logView": true, "photo": {"id": "580b5c1638fae81e9ca6a516", "visibility": "public", "source": {"name": "Foursquare for Android", "url": "https://foursquare.com/download/#/android"}, "suffix": "/2416267_xdeLETqKpV45nHpXlsvbhdAxIe5xEVDoZnsk7EIaFZk.jpg", "createdAt": 1477139478, "prefix": "https://igx.4sqi.net/img/general/", "width": 720, "height": 960}, "createdAt": 1477139477, "agreeCount": 0, "id": "580b5c1538fa1a21aa248efe", "text": "Offers finger food such as mantou, otah spring roll, seafood wanton etc. Goes very well with their chilli crab sauce. Takeaway only.", "type": "user", "disagreeCount": 0, "user": {"id": "2416267", "photo": {"prefix": "https://igx.4sqi.net/img/user/", "suffix": "/2416267_KucjsQEM_ScdU_2QSQAUHuzKmBVwkJjI1N_g1HGztwHiU1HR99IuZBaOJaUm2PG-HS1b9ZtFJ.jpg"}, "firstName": "Songhua", "gender": "male"}, "canonicalUrl": "https://foursquare.com/item/580b5c1538fa1a21aa248efe", "todo": {"count": 0}, "photourl": "https://igx.4sqi.net/img/general/original/2416267_xdeLETqKpV45nHpXlsvbhdAxIe5xEVDoZnsk7EIaFZk.jpg"}]}, {"reasons": {"items": [{"reasonName": "globalInteractionReason", "summary": "This spot is popular", "type": "general"}], "count": 0}, "venue": {"hereNow": {"groups": [], "summary": "Nobody here", "count": 0}, "contact": {}, "photos": {"groups": [], "count": 0}, "name": "Roti", "allowMenuUrlEdit": true, "beenHere": {"lastCheckinExpiredAt": 0, "count": 0, "marked": false}, "stats": {"checkinsCount": 48, "usersCount": 20, "tipCount": 0}, "id": "53998b17498e718f898ee233", "categories": [{"pluralName": "Bakeries", "id": "4bf58dd8d48988d16a941735", "primary": true, "icon": {"prefix": "https://ss3.4sqi.net/img/categories_v2/food/bakery_", "suffix": ".png"}, "name": "Bakery", "shortName": "Bakery"}], "location": {"formattedAddress": ["442 Clementi Avenue 3, #01-92", "Singapore"], "lat": 1.3145655728179664, "lng": 103.76479268807178, "country": "Singapore", "distance": 71, "city": "Singapore", "cc": "SG", "address": "442 Clementi Avenue 3, #01-92", "labeledLatLngs": [{"lng": 103.76479268807178, "label": "display", "lat": 1.3145655728179664}]}, "verified": false, "price": {"tier": 1, "currency": "$", "message": "Cheap"}}, "referralId": "e-3-53998b17498e718f898ee233-45"}, {"reasons": {"items": [{"reasonName": "globalInteractionReason", "summary": "This spot is popular", "type": "general"}], "count": 0}, "venue": {"hereNow": {"groups": [], "summary": "Nobody here", "count": 0}, "contact": {}, "photos": {"groups": [], "count": 0}, "name": "\u9d3b\u5347\u9b5a\u6e6f Fish Soup", "allowMenuUrlEdit": true, "beenHere": {"lastCheckinExpiredAt": 0, "count": 0, "marked": false}, "stats": {"checkinsCount": 92, "usersCount": 41, "tipCount": 2}, "id": "4f4f74cce4b083dcf294cb83", "categories": [{"pluralName": "Soup Places", "id": "4bf58dd8d48988d1dd931735", "primary": true, "icon": {"prefix": "https://ss3.4sqi.net/img/categories_v2/food/soup_", "suffix": ".png"}, "name": "Soup Place", "shortName": "Soup"}], "location": {"lng": 103.76466821004098, "formattedAddress": ["#01-47, Clementi 448 Market & Food Centre (448 Clementi Ave. 4)", "120448", "Singapore"], "postalCode": "120448", "lat": 1.313373055261429, "crossStreet": "448 Clementi Ave. 4", "country": "Singapore", "distance": 189, "city": "Singapore", "cc": "SG", "address": "#01-47, Clementi 448 Market & Food Centre", "labeledLatLngs": [{"lng": 103.76466821004098, "label": "display", "lat": 1.313373055261429}]}, "verified": false, "price": {"tier": 1, "currency": "$", "message": "Cheap"}}, "referralId": "e-3-4f4f74cce4b083dcf294cb83-46", "tips": [{"id": "517b4ea4e4b0b45d9d15f3a4", "text": "I order the $4.50 for my wife and mom-in-law. The protiion so big they could not finish. So if you are small eater, order the $3.50 is enough!", "disagreeCount": 0, "createdAt": 1367035556, "logView": true, "todo": {"count": 0}, "agreeCount": 0, "canonicalUrl": "https://foursquare.com/item/517b4ea4e4b0b45d9d15f3a4", "type": "user", "user": {"gender": "male", "id": "1279756", "photo": {"prefix": "https://igx.4sqi.net/img/user/", "suffix": "/T4AHVW45IS4TRQLU.jpg"}, "firstName": "Jansen", "lastName": "Ek"}}]}, {"reasons": {"items": [{"reasonName": "globalInteractionReason", "summary": "This spot is popular", "type": "general"}], "count": 0}, "venue": {"hereNow": {"groups": [], "summary": "Nobody here", "count": 0}, "contact": {}, "photos": {"groups": [], "count": 0}, "name": "Bee Cheng Hiang", "allowMenuUrlEdit": true, "beenHere": {"lastCheckinExpiredAt": 0, "count": 0, "marked": false}, "stats": {"checkinsCount": 38, "usersCount": 30, "tipCount": 0}, "id": "4df0a77552b1faff6324d1f9", "categories": [{"pluralName": "BBQ Joints", "id": "4bf58dd8d48988d1df931735", "primary": true, "icon": {"prefix": "https://ss3.4sqi.net/img/categories_v2/food/bbqalt_", "suffix": ".png"}, "name": "BBQ Joint", "shortName": "BBQ"}], "location": {"lng": 103.76503598637414, "formattedAddress": ["B1-20, The Clementi Mall (3155 Commonwealth Ave. West)", "Singapore"], "lat": 1.3154559548458304, "crossStreet": "3155 Commonwealth Ave. West", "country": "Singapore", "distance": 63, "city": "Singapore", "cc": "SG", "address": "B1-20, The Clementi Mall", "labeledLatLngs": [{"lng": 103.76503598637414, "label": "display", "lat": 1.3154559548458304}]}, "verified": false, "price": {"tier": 2, "currency": "$", "message": "Moderate"}}, "referralId": "e-3-4df0a77552b1faff6324d1f9-47"}, {"reasons": {"items": [{"reasonName": "globalInteractionReason", "summary": "This spot is popular", "type": "general"}], "count": 0}, "venue": {"hereNow": {"groups": [], "summary": "Nobody here", "count": 0}, "contact": {}, "photos": {"groups": [], "count": 0}, "name": "Banana Leaf BBQ Seafood", "allowMenuUrlEdit": true, "beenHere": {"lastCheckinExpiredAt": 0, "count": 0, "marked": false}, "stats": {"checkinsCount": 159, "usersCount": 70, "tipCount": 1}, "id": "4b9cd16ff964a520107d36e3", "categories": [{"pluralName": "BBQ Joints", "id": "4bf58dd8d48988d1df931735", "primary": true, "icon": {"prefix": "https://ss3.4sqi.net/img/categories_v2/food/bbqalt_", "suffix": ".png"}, "name": "BBQ Joint", "shortName": "BBQ"}], "location": {"formattedAddress": ["450 Clementi Avenue 3", "120450", "Singapore"], "postalCode": "120450", "lat": 1.313927, "lng": 103.765469, "country": "Singapore", "distance": 115, "city": "Singapore", "cc": "SG", "address": "450 Clementi Avenue 3", "labeledLatLngs": [{"lng": 103.765469, "label": "display", "lat": 1.313927}]}, "verified": false, "price": {"tier": 2, "currency": "$", "message": "Moderate"}}, "referralId": "e-3-4b9cd16ff964a520107d36e3-48", "tips": [{"id": "4cadb96c55238cfa98d8b3fb", "text": "I love the sambal stingray here! spicy and tender. the prawn otah and sambal squid are also really yummy :)", "disagreeCount": 0, "logView": true, "createdAt": 1286453612, "likes": {"groups": [], "summary": "1 like", "count": 1}, "todo": {"count": 0}, "agreeCount": 1, "canonicalUrl": "https://foursquare.com/item/4cadb96c55238cfa98d8b3fb", "type": "user", "user": {"gender": "female", "id": "387976", "photo": {"prefix": "https://igx.4sqi.net/img/user/", "suffix": "/32BFKZP4RY4YHP3O.jpg"}, "firstName": "Michelle", "lastName": "Teo"}}]}, {"reasons": {"items": [{"reasonName": "globalInteractionReason", "summary": "This spot is popular", "type": "general"}], "count": 0}, "venue": {"id": "4dbe245a6e810768bf8773d5", "hereNow": {"groups": [], "summary": "Nobody here", "count": 0}, "contact": {}, "beenHere": {"lastCheckinExpiredAt": 0, "count": 0, "marked": false}, "photos": {"groups": [], "count": 0}, "name": "Fried Carrot Cake \u7092\u83dc\u982d\u7cbf", "location": {"lng": 103.76457202255074, "formattedAddress": ["#01-45, Clementi 448 Market & Food Ctr (448 Clementi Avenue 3)", "120448", "Singapore"], "postalCode": "120448", "lat": 1.3134652382161784, "crossStreet": "448 Clementi Avenue 3", "country": "Singapore", "distance": 184, "city": "Singapore", "cc": "SG", "address": "#01-45, Clementi 448 Market & Food Ctr", "labeledLatLngs": [{"lng": 103.76457202255074, "label": "display", "lat": 1.3134652382161784}]}, "allowMenuUrlEdit": true, "verified": false, "categories": [{"pluralName": "Chinese Breakfast Places", "id": "52af3a903cf9994f4e043bee", "primary": true, "icon": {"prefix": "https://ss3.4sqi.net/img/categories_v2/food/asian_", "suffix": ".png"}, "name": "Chinese Breakfast Place", "shortName": "Chinese Breakfast"}], "stats": {"checkinsCount": 174, "usersCount": 65, "tipCount": 1}}, "referralId": "e-3-4dbe245a6e810768bf8773d5-49", "tips": [{"logView": true, "photo": {"id": "562ae2e6498e4fd591e49534", "visibility": "public", "source": {"name": "Foursquare for iOS", "url": "https://foursquare.com/download/#/iphone"}, "suffix": "/9288923_OY8wyZ9k0icegEnUNVFQ2FtCgPQG5OLW_kR-1gb0y08.jpg", "createdAt": 1445651174, "prefix": "https://igx.4sqi.net/img/general/", "width": 1440, "height": 1920}, "createdAt": 1445651172, "agreeCount": 1, "id": "562ae2e4498ecb6c197a14d8", "text": "A favourite of mine. Long queues (25 long typical) but the stall holder is service oriented and efficient and takes orders from the Q as you are waiting.", "type": "user", "disagreeCount": 0, "user": {"gender": "female", "id": "9288923", "photo": {"prefix": "https://igx.4sqi.net/img/user/", "suffix": "/9288923-ZNNJWOPFL33ZJWJE.jpg"}, "firstName": "Lay Lim", "lastName": "Teo"}, "canonicalUrl": "https://foursquare.com/item/562ae2e4498ecb6c197a14d8", "todo": {"count": 0}, "photourl": "https://igx.4sqi.net/img/general/original/9288923_OY8wyZ9k0icegEnUNVFQ2FtCgPQG5OLW_kR-1gb0y08.jpg"}]}], "name": "recommended", "type": "Recommended Places"}], "query": "food", "headerLocation": "Clementi"}}