{"meta": {"code": 200, "requestId": "595a39b2dd57972d418bee8e"}, "response": {"suggestedFilters": {"filters": [{"name": "Open now", "key": "openNow"}], "header": "Tap to show:"}, "totalResults": 136, "headerFullLocation": "Jurong East, Singapore", "headerLocationGranularity": "neighborhood", "suggestedBounds": {"ne": {"lng": 103.74947505379258, "lat": 1.340352627094067}, "sw": {"lng": 103.73509803421742, "lat": 1.3259526126940528}}, "groups": [{"items": [{"reasons": {"items": [{"reasonName": "globalInteractionReason", "summary": "This spot is popular", "type": "general"}], "count": 0}, "venue": {"hereNow": {"groups": [], "summary": "Nobody here", "count": 0}, "contact": {}, "photos": {"groups": [], "count": 0}, "name": "Paik's Bibim", "allowMenuUrlEdit": true, "beenHere": {"lastCheckinExpiredAt": 0, "count": 0, "marked": false}, "stats": {"checkinsCount": 42, "usersCount": 39, "tipCount": 0}, "id": "55b469f0498e27a28d3c0bdc", "categories": [{"pluralName": "Korean Restaurants", "id": "4bf58dd8d48988d113941735", "primary": true, "icon": {"prefix": "https://ss3.4sqi.net/img/categories_v2/food/korean_", "suffix": ".png"}, "name": "Korean Restaurant", "shortName": "Korean"}], "location": {"formattedAddress": ["Singapore"], "lat": 1.3338522589575703, "lng": 103.7434859940985, "distance": 154, "country": "Singapore", "cc": "SG", "labeledLatLngs": [{"lng": 103.7434859940985, "label": "display", "lat": 1.3338522589575703}]}, "verified": false, "price": {"tier": 2, "currency": "$", "message": "Moderate"}}, "referralId": "e-3-55b469f0498e27a28d3c0bdc-100"}, {"reasons": {"items": [{"reasonName": "globalInteractionReason", "summary": "This spot is popular", "type": "general"}], "count": 0}, "venue": {"hereNow": {"groups": [], "summary": "Nobody here", "count": 0}, "contact": {}, "photos": {"groups": [], "count": 0}, "name": "Drink Tea", "allowMenuUrlEdit": true, "beenHere": {"lastCheckinExpiredAt": 0, "count": 0, "marked": false}, "stats": {"checkinsCount": 82, "usersCount": 23, "tipCount": 0}, "id": "4ecc7e1f490144fb1f1dd6bf", "categories": [{"pluralName": "Caf\u00e9s", "id": "4bf58dd8d48988d16d941735", "primary": true, "icon": {"prefix": "https://ss3.4sqi.net/img/categories_v2/food/cafe_", "suffix": ".png"}, "name": "Caf\u00e9", "shortName": "Caf\u00e9"}], "location": {"formattedAddress": ["10 Jurong East St 12", "Singapore"], "lat": 1.333735535373857, "lng": 103.74159650388957, "distance": 100, "country": "Singapore", "cc": "SG", "address": "10 Jurong East St 12", "labeledLatLngs": [{"lng": 103.74159650388957, "label": "display", "lat": 1.333735535373857}]}, "verified": false, "price": {"tier": 1, "currency": "$", "message": "Cheap"}}, "referralId": "e-3-4ecc7e1f490144fb1f1dd6bf-101"}, {"reasons": {"items": [{"reasonName": "globalInteractionReason", "summary": "This spot is popular", "type": "general"}], "count": 0}, "venue": {"hereNow": {"groups": [], "summary": "Nobody here", "count": 0}, "contact": {}, "photos": {"groups": [], "count": 0}, "name": "Polar Puffs & Cakes", "allowMenuUrlEdit": true, "beenHere": {"lastCheckinExpiredAt": 0, "count": 0, "marked": false}, "stats": {"checkinsCount": 106, "usersCount": 11, "tipCount": 0}, "id": "56010c08498e4df93e77e9b0", "categories": [{"pluralName": "Bakeries", "id": "4bf58dd8d48988d16a941735", "primary": true, "icon": {"prefix": "https://ss3.4sqi.net/img/categories_v2/food/bakery_", "suffix": ".png"}, "name": "Bakery", "shortName": "Bakery"}], "location": {"formattedAddress": ["#B1-31 JEM", "Singapore"], "lat": 1.3332272330049693, "lng": 103.74303341916543, "distance": 83, "country": "Singapore", "cc": "SG", "address": "#B1-31 JEM", "labeledLatLngs": [{"lng": 103.74303341916543, "label": "display", "lat": 1.3332272330049693}]}, "verified": false, "price": {"tier": 1, "currency": "$", "message": "Cheap"}}, "referralId": "e-3-56010c08498e4df93e77e9b0-102"}, {"reasons": {"items": [{"reasonName": "globalInteractionReason", "summary": "This spot is popular", "type": "general"}], "count": 0}, "venue": {"hereNow": {"groups": [], "summary": "Nobody here", "count": 0}, "contact": {}, "photos": {"groups": [], "count": 0}, "name": "Kyo Teppanyaki By Sakae Sushi", "allowMenuUrlEdit": true, "beenHere": {"lastCheckinExpiredAt": 0, "count": 0, "marked": false}, "stats": {"checkinsCount": 177, "usersCount": 135, "tipCount": 2}, "id": "5368688a498ee9b489756c2e", "categories": [{"pluralName": "Japanese Restaurants", "id": "4bf58dd8d48988d111941735", "primary": true, "icon": {"prefix": "https://ss3.4sqi.net/img/categories_v2/food/japanese_", "suffix": ".png"}, "name": "Japanese Restaurant", "shortName": "Japanese"}], "location": {"formattedAddress": ["JCube", "Singapore"], "lat": 1.3335945785725447, "lng": 103.74065176878302, "country": "Singapore", "distance": 188, "city": "Singapore", "cc": "SG", "address": "JCube", "labeledLatLngs": [{"lng": 103.74065176878302, "label": "display", "lat": 1.3335945785725447}]}, "verified": false, "price": {"tier": 2, "currency": "$", "message": "Moderate"}}, "referralId": "e-3-5368688a498ee9b489756c2e-103", "tips": [{"logView": true, "photo": {"id": "539943ab11d2699f1fc38292", "visibility": "public", "source": {"name": "Foursquare for iOS", "url": "https://foursquare.com/download/#/iphone"}, "suffix": "/83608823_G38z7Toij_41cb4OZJL_qMS9GjdNBxHNGsZ5GqjA2q8.jpg", "createdAt": 1402553259, "prefix": "https://igx.4sqi.net/img/general/", "width": 720, "height": 960}, "createdAt": 1402553257, "agreeCount": 0, "id": "539943a911d2b5f1381e785a", "text": "Salmon Mentaiyaki smaller portion than Sushi Tei and son exclaimed, \"some more no lemon!\"", "type": "user", "disagreeCount": 0, "user": {"gender": "female", "id": "83608823", "photo": {"prefix": "https://igx.4sqi.net/img/user/", "suffix": "/83608823-WQJ4KTFAVOHFARLI.jpg"}, "firstName": "Dora", "lastName": "Choo"}, "canonicalUrl": "https://foursquare.com/item/539943a911d2b5f1381e785a", "todo": {"count": 0}, "photourl": "https://igx.4sqi.net/img/general/original/83608823_G38z7Toij_41cb4OZJL_qMS9GjdNBxHNGsZ5GqjA2q8.jpg"}]}, {"reasons": {"items": [{"reasonName": "globalInteractionReason", "summary": "This spot is popular", "type": "general"}], "count": 0}, "venue": {"hereNow": {"groups": [], "summary": "Nobody here", "count": 0}, "contact": {}, "photos": {"groups": [], "count": 0}, "name": "Paik's Bibim", "allowMenuUrlEdit": true, "beenHere": {"lastCheckinExpiredAt": 0, "count": 0, "marked": false}, "stats": {"checkinsCount": 65, "usersCount": 57, "tipCount": 0}, "id": "569f48c1498ebf922ed13479", "categories": [{"pluralName": "Korean Restaurants", "id": "4bf58dd8d48988d113941735", "primary": true, "icon": {"prefix": "https://ss3.4sqi.net/img/categories_v2/food/korean_", "suffix": ".png"}, "name": "Korean Restaurant", "shortName": "Korean"}], "location": {"formattedAddress": ["50 Jurong Gateway Road, #B1-K2/3/4", "Singapore"], "lat": 1.3337322299119323, "lng": 103.74318050585093, "distance": 118, "country": "Singapore", "cc": "SG", "address": "50 Jurong Gateway Road, #B1-K2/3/4", "labeledLatLngs": [{"lng": 103.74318050585093, "label": "display", "lat": 1.3337322299119323}]}, "verified": false, "price": {"tier": 2, "currency": "$", "message": "Moderate"}}, "referralId": "e-3-569f48c1498ebf922ed13479-104"}, {"reasons": {"items": [{"reasonName": "globalInteractionReason", "summary": "This spot is popular", "type": "general"}], "count": 0}, "venue": {"hereNow": {"groups": [], "summary": "Nobody here", "count": 0}, "contact": {}, "photos": {"groups": [], "count": 0}, "name": "Yoshinoya", "allowMenuUrlEdit": true, "beenHere": {"lastCheckinExpiredAt": 0, "count": 0, "marked": false}, "stats": {"checkinsCount": 321, "usersCount": 242, "tipCount": 1}, "id": "51bd4adc498e1ea227fc1bd0", "categories": [{"pluralName": "Japanese Restaurants", "id": "4bf58dd8d48988d111941735", "primary": true, "icon": {"prefix": "https://ss3.4sqi.net/img/categories_v2/food/japanese_", "suffix": ".png"}, "name": "Japanese Restaurant", "shortName": "Japanese"}], "url": "http://www.yoshinoya.com.sg", "location": {"lng": 103.74340113618206, "formattedAddress": ["#B1-39, Jem (50 Jurong Gateway Rd)", "608549", "Singapore"], "postalCode": "608549", "lat": 1.3333821304169544, "crossStreet": "50 Jurong Gateway Rd", "country": "Singapore", "distance": 126, "city": "Singapore", "cc": "SG", "address": "#B1-39, Jem", "labeledLatLngs": [{"lng": 103.74340113618206, "label": "display", "lat": 1.3333821304169544}]}, "hours": {"isLocalHoliday": false, "isOpen": true, "status": "Likely open"}, "verified": false, "price": {"tier": 2, "currency": "$", "message": "Moderate"}}, "referralId": "e-3-51bd4adc498e1ea227fc1bd0-105", "tips": [{"id": "5886e047b792070a5105299c", "text": "Bowl value meal", "disagreeCount": 0, "createdAt": 1485234247, "logView": true, "todo": {"count": 0}, "agreeCount": 0, "canonicalUrl": "https://foursquare.com/item/5886e047b792070a5105299c", "type": "user", "user": {"gender": "male", "id": "10090644", "photo": {"prefix": "https://igx.4sqi.net/img/user/", "suffix": "/10090644-ZJTTAOLIFRF5K0LH.jpg"}, "firstName": "Roland", "lastName": "Danke"}}]}, {"reasons": {"items": [{"reasonName": "globalInteractionReason", "summary": "This spot is popular", "type": "general"}], "count": 0}, "venue": {"hereNow": {"groups": [], "summary": "Nobody here", "count": 0}, "contact": {}, "photos": {"groups": [], "count": 0}, "name": "Old Chang Kee", "allowMenuUrlEdit": true, "beenHere": {"lastCheckinExpiredAt": 0, "count": 0, "marked": false}, "stats": {"checkinsCount": 84, "usersCount": 28, "tipCount": 0}, "id": "525a52e111d280a8b9bf13af", "categories": [{"pluralName": "Snack Places", "id": "4bf58dd8d48988d1c7941735", "primary": true, "icon": {"prefix": "https://ss3.4sqi.net/img/categories_v2/food/snacks_", "suffix": ".png"}, "name": "Snack Place", "shortName": "Snacks"}], "location": {"lng": 103.74319747740196, "formattedAddress": ["Jem (50 Jurong Gateway Rd.)", "Singapore"], "lat": 1.333072548117295, "crossStreet": "50 Jurong Gateway Rd.", "country": "Singapore", "distance": 101, "city": "Singapore", "cc": "SG", "address": "Jem", "labeledLatLngs": [{"lng": 103.74319747740196, "label": "display", "lat": 1.333072548117295}]}, "verified": false, "price": {"tier": 1, "currency": "$", "message": "Cheap"}}, "referralId": "e-3-525a52e111d280a8b9bf13af-106"}, {"reasons": {"items": [{"reasonName": "globalInteractionReason", "summary": "This spot is popular", "type": "general"}], "count": 0}, "venue": {"hereNow": {"groups": [], "summary": "Nobody here", "count": 0}, "contact": {}, "photos": {"groups": [], "count": 0}, "name": "Petit Provence", "allowMenuUrlEdit": true, "beenHere": {"lastCheckinExpiredAt": 0, "count": 0, "marked": false}, "stats": {"checkinsCount": 45, "usersCount": 17, "tipCount": 0}, "id": "52384f9311d289e3f61a524c", "categories": [{"pluralName": "Bakeries", "id": "4bf58dd8d48988d16a941735", "primary": true, "icon": {"prefix": "https://ss3.4sqi.net/img/categories_v2/food/bakery_", "suffix": ".png"}, "name": "Bakery", "shortName": "Bakery"}], "location": {"formattedAddress": ["Singapore"], "lat": 1.3331318213464154, "lng": 103.74315221993731, "distance": 96, "country": "Singapore", "cc": "SG", "labeledLatLngs": [{"lng": 103.74315221993731, "label": "display", "lat": 1.3331318213464154}]}, "verified": false, "price": {"tier": 1, "currency": "$", "message": "Cheap"}}, "referralId": "e-3-52384f9311d289e3f61a524c-107"}, {"reasons": {"items": [{"reasonName": "globalInteractionReason", "summary": "This spot is popular", "type": "general"}], "count": 0}, "venue": {"contact": {}, "photos": {"groups": [], "count": 0}, "venueRatingBlacklisted": true, "name": "JTC Summit Cafeteria", "id": "4cdb7018df986ea8789cca16", "beenHere": {"lastCheckinExpiredAt": 0, "count": 0, "marked": false}, "stats": {"checkinsCount": 307, "usersCount": 57, "tipCount": 2}, "allowMenuUrlEdit": true, "categories": [{"pluralName": "Cafeterias", "id": "4bf58dd8d48988d128941735", "primary": true, "icon": {"prefix": "https://ss3.4sqi.net/img/categories_v2/education/cafeteria_", "suffix": ".png"}, "name": "Cafeteria", "shortName": "Cafeteria"}], "location": {"formattedAddress": ["8 Jurong Town Hall Rd", "609434", "Singapore"], "postalCode": "609434", "lat": 1.3314101793631536, "lng": 103.74172661763006, "country": "Singapore", "distance": 203, "city": "Singapore", "cc": "SG", "address": "8 Jurong Town Hall Rd", "labeledLatLngs": [{"lng": 103.74172661763006, "label": "display", "lat": 1.3314101793631536}]}, "hours": {"isLocalHoliday": false, "isOpen": false}, "verified": false, "hereNow": {"groups": [], "summary": "Nobody here", "count": 0}}, "referralId": "e-3-4cdb7018df986ea8789cca16-108", "tips": [{"id": "4ed71d6a29c216b5c83cb22c", "text": "No food after 2 pm!", "disagreeCount": 0, "createdAt": 1322720618, "logView": true, "todo": {"count": 0}, "agreeCount": 0, "canonicalUrl": "https://foursquare.com/item/4ed71d6a29c216b5c83cb22c", "type": "user", "user": {"id": "15512217", "photo": {"prefix": "https://igx.4sqi.net/img/user/", "suffix": "/WO4CCYGBBPQY11UR.jpg"}, "firstName": "Fransiskus", "gender": "male"}}]}, {"reasons": {"items": [{"reasonName": "globalInteractionReason", "summary": "This spot is popular", "type": "general"}], "count": 0}, "venue": {"hereNow": {"groups": [], "summary": "Nobody here", "count": 0}, "contact": {"phone": "+6568991181", "formattedPhone": "+65 6899 1181"}, "photos": {"groups": [], "count": 0}, "rating": 5.8, "name": "Cafe O", "ratingSignals": 22, "allowMenuUrlEdit": true, "categories": [{"pluralName": "Caf\u00e9s", "id": "4bf58dd8d48988d16d941735", "primary": true, "icon": {"prefix": "https://ss3.4sqi.net/img/categories_v2/food/cafe_", "suffix": ".png"}, "name": "Caf\u00e9", "shortName": "Caf\u00e9"}], "stats": {"checkinsCount": 313, "usersCount": 188, "tipCount": 11}, "id": "511db9afe4b0029571198efa", "beenHere": {"lastCheckinExpiredAt": 0, "count": 0, "marked": false}, "ratingColor": "FF9600", "location": {"lng": 103.74611095886482, "formattedAddress": ["#01-101 IMM Building (2 Jurong East St. 21)", "Singapore"], "lat": 1.3344791412614352, "crossStreet": "2 Jurong East St. 21", "country": "Singapore", "distance": 450, "city": "Singapore", "cc": "SG", "address": "#01-101 IMM Building", "labeledLatLngs": [{"lng": 103.74611095886482, "label": "display", "lat": 1.3344791412614352}]}, "hours": {"isLocalHoliday": false, "isOpen": true, "status": "Likely open"}, "verified": false, "price": {"tier": 1, "currency": "$", "message": "Cheap"}}, "referralId": "e-3-511db9afe4b0029571198efa-109", "tips": [{"id": "57734560498e44d630fa3e2f", "text": "Putu mayam - down memory lane", "disagreeCount": 0, "createdAt": 1467172192, "logView": true, "todo": {"count": 0}, "agreeCount": 0, "canonicalUrl": "https://foursquare.com/item/57734560498e44d630fa3e2f", "type": "user", "user": {"gender": "male", "id": "151573608", "photo": {"prefix": "https://igx.4sqi.net/img/user/", "suffix": "/151573608-Q4NCWXFQ0ZD0M5UY.jpg"}, "firstName": "Robin", "lastName": "Lee"}}]}, {"reasons": {"items": [{"reasonName": "globalInteractionReason", "summary": "This spot is popular", "type": "general"}], "count": 0}, "venue": {"contact": {}, "photos": {"groups": [], "count": 0}, "name": "Rice & Box by Tenderfresh \u53ef\u7231\u9e21", "allowMenuUrlEdit": true, "beenHere": {"lastCheckinExpiredAt": 0, "count": 0, "marked": false}, "stats": {"checkinsCount": 51, "usersCount": 32, "tipCount": 1}, "id": "57f250ea498ea53061b564d2", "categories": [{"pluralName": "Bistros", "id": "52e81612bcbc57f1066b79f1", "primary": true, "icon": {"prefix": "https://ss3.4sqi.net/img/categories_v2/food/default_", "suffix": ".png"}, "name": "Bistro", "shortName": "Bistro"}], "url": "http://www.tenderfresh.com.sg", "location": {"lng": 103.74019, "formattedAddress": ["#02-08 JCube (2 Jurong East Central 1)", "609731", "Singapore"], "postalCode": "609731", "lat": 1.3332926, "crossStreet": "2 Jurong East Central 1", "country": "Singapore", "distance": 233, "city": "Singapore", "cc": "SG", "address": "#02-08 JCube", "labeledLatLngs": [{"lng": 103.74019, "label": "display", "lat": 1.3332926}]}, "hours": {"isLocalHoliday": false, "isOpen": true, "status": "Open until 10:00 PM"}, "verified": false, "hereNow": {"groups": [], "summary": "Nobody here", "count": 0}}, "referralId": "e-3-57f250ea498ea53061b564d2-110", "tips": [{"logView": true, "photo": {"id": "586dce805c1ba20f69179d1a", "visibility": "public", "source": {"name": "Foursquare Web", "url": "https://foursquare.com"}, "suffix": "/385068765_S-qd_3upD-Bc2iAlb9VHdMEDq_uFSKyaPMVR1Zkc6as.jpg", "createdAt": 1483591296, "prefix": "https://igx.4sqi.net/img/general/", "width": 2048, "height": 1536}, "createdAt": 1483591293, "agreeCount": 0, "id": "586dce7d2321c6675b9c6e63", "text": "Had a yummy lunch! The Tom Yam chicken was delicious and affordable-- the meat was juicy and tender, and the rice was flavoured nicely. The egg of course was the icing on the cake-- just divine! :D", "type": "user", "disagreeCount": 0, "user": {"gender": "female", "id": "385068765", "photo": {"prefix": "https://igx.4sqi.net/img/user/", "default": true, "suffix": "/blank_girl.png"}, "firstName": "Jolene", "lastName": "Tan"}, "canonicalUrl": "https://foursquare.com/item/586dce7d2321c6675b9c6e63", "todo": {"count": 0}, "photourl": "https://igx.4sqi.net/img/general/original/385068765_S-qd_3upD-Bc2iAlb9VHdMEDq_uFSKyaPMVR1Zkc6as.jpg"}]}, {"reasons": {"items": [{"reasonName": "globalInteractionReason", "summary": "This spot is popular", "type": "general"}], "count": 0}, "venue": {"contact": {}, "photos": {"groups": [], "count": 0}, "rating": 5.7, "name": "BGAIN130 Eating House", "ratingSignals": 33, "allowMenuUrlEdit": true, "categories": [{"pluralName": "Food Courts", "id": "4bf58dd8d48988d120951735", "primary": true, "icon": {"prefix": "https://ss3.4sqi.net/img/categories_v2/shops/food_foodcourt_", "suffix": ".png"}, "name": "Food Court", "shortName": "Food Court"}], "stats": {"checkinsCount": 2351, "usersCount": 1078, "tipCount": 15}, "id": "4b53dadef964a5204cad27e3", "beenHere": {"lastCheckinExpiredAt": 0, "count": 0, "marked": false}, "ratingColor": "FF9600", "location": {"formattedAddress": ["130 Jurong Gateway Road", "600130", "Singapore"], "postalCode": "600130", "lat": 1.3353785463997507, "lng": 103.73924882116509, "country": "Singapore", "distance": 419, "city": "Singapore", "cc": "SG", "address": "130 Jurong Gateway Road", "labeledLatLngs": [{"lng": 103.73924882116509, "label": "display", "lat": 1.3353785463997507}]}, "hours": {"isLocalHoliday": false, "isOpen": true, "status": "Likely open"}, "verified": false, "hereNow": {"groups": [], "summary": "Nobody here", "count": 0}}, "referralId": "e-3-4b53dadef964a5204cad27e3-111", "tips": [{"id": "4cdbdf5adf986ea82d98cc16", "text": "Sarawak noodles with BBQ chicken wings and a glass of ice lemon tea totally hits the spot.", "disagreeCount": 0, "logView": true, "createdAt": 1289477978, "likes": {"groups": [], "summary": "2 likes", "count": 2}, "todo": {"count": 1}, "agreeCount": 2, "canonicalUrl": "https://foursquare.com/item/4cdbdf5adf986ea82d98cc16", "type": "user", "user": {"gender": "male", "id": "3871138", "photo": {"prefix": "https://igx.4sqi.net/img/user/", "suffix": "/-WY3BE3I35SGM3SFP.png"}, "firstName": "Otaku", "lastName": "Interactive"}}]}, {"reasons": {"items": [{"reasonName": "globalInteractionReason", "summary": "This spot is popular", "type": "general"}], "count": 0}, "venue": {"hereNow": {"groups": [], "summary": "Nobody here", "count": 0}, "contact": {"phone": "+6565619249", "formattedPhone": "+65 6561 9249"}, "photos": {"groups": [], "count": 0}, "rating": 5.9, "name": "BURGER KING", "ratingSignals": 20, "allowMenuUrlEdit": true, "categories": [{"pluralName": "Fast Food Restaurants", "id": "4bf58dd8d48988d16e941735", "primary": true, "icon": {"prefix": "https://ss3.4sqi.net/img/categories_v2/food/fastfood_", "suffix": ".png"}, "name": "Fast Food Restaurant", "shortName": "Fast Food"}], "stats": {"checkinsCount": 2744, "usersCount": 1590, "tipCount": 11}, "id": "4bce5abeb6c49c749d219791", "beenHere": {"lastCheckinExpiredAt": 0, "count": 0, "marked": false}, "url": "http://www.burgerking.com.sg", "ratingColor": "FF9600", "location": {"lng": 103.74768369946172, "formattedAddress": ["#01-51, IMM Building (2 Jurong East St 21)", "609601", "Singapore"], "postalCode": "609601", "lat": 1.3351013130752525, "crossStreet": "2 Jurong East St 21", "country": "Singapore", "distance": 638, "city": "Singapore", "cc": "SG", "address": "#01-51, IMM Building", "labeledLatLngs": [{"lng": 103.74768369946172, "label": "display", "lat": 1.3351013130752525}]}, "hours": {"isLocalHoliday": false, "isOpen": true, "status": "Likely open"}, "verified": false, "price": {"tier": 1, "currency": "$", "message": "Cheap"}}, "referralId": "e-3-4bce5abeb6c49c749d219791-112", "tips": [{"id": "54bb787811d2782de06be3ae", "text": "Their coke/sprite float limited time for $1.50 only! Such a big cup with ice cream! Really worth it! & their fish burger at $2 :) try them wat u waiting for?", "disagreeCount": 0, "logView": true, "createdAt": 1421572216, "likes": {"groups": [], "summary": "1 like", "count": 1}, "todo": {"count": 0}, "agreeCount": 1, "canonicalUrl": "https://foursquare.com/item/54bb787811d2782de06be3ae", "type": "user", "user": {"id": "4582444", "photo": {"prefix": "https://igx.4sqi.net/img/user/", "suffix": "/4582444-BH0Q33JC2QABIJVN.jpg"}, "firstName": "Joean\u52e4", "gender": "female"}}]}, {"reasons": {"items": [{"reasonName": "globalInteractionReason", "summary": "This spot is popular", "type": "general"}], "count": 0}, "venue": {"id": "5663ce9a498ec93dd475e025", "hereNow": {"groups": [], "summary": "Nobody here", "count": 0}, "contact": {}, "beenHere": {"lastCheckinExpiredAt": 0, "count": 0, "marked": false}, "photos": {"groups": [], "count": 0}, "name": "Encik Tan", "location": {"formattedAddress": ["#B1-K05, JCube", "Singapore"], "lat": 1.3327936823079243, "lng": 103.7398371522471, "distance": 275, "country": "Singapore", "cc": "SG", "address": "#B1-K05, JCube", "labeledLatLngs": [{"lng": 103.7398371522471, "label": "display", "lat": 1.3327936823079243}]}, "allowMenuUrlEdit": true, "verified": false, "categories": [{"pluralName": "Halal Restaurants", "id": "52e81612bcbc57f1066b79ff", "primary": true, "icon": {"prefix": "https://ss3.4sqi.net/img/categories_v2/food/halal_", "suffix": ".png"}, "name": "Halal Restaurant", "shortName": "Halal"}], "stats": {"checkinsCount": 141, "usersCount": 62, "tipCount": 0}}, "referralId": "e-3-5663ce9a498ec93dd475e025-113"}, {"reasons": {"items": [{"reasonName": "globalInteractionReason", "summary": "This spot is popular", "type": "general"}], "count": 0}, "venue": {"hereNow": {"groups": [], "summary": "Nobody here", "count": 0}, "contact": {}, "photos": {"groups": [], "count": 0}, "rating": 5.8, "name": "Red Ginger Caf\u00e9", "ratingSignals": 30, "allowMenuUrlEdit": true, "categories": [{"pluralName": "Caf\u00e9s", "id": "4bf58dd8d48988d16d941735", "primary": true, "icon": {"prefix": "https://ss3.4sqi.net/img/categories_v2/food/cafe_", "suffix": ".png"}, "name": "Caf\u00e9", "shortName": "Caf\u00e9"}], "stats": {"checkinsCount": 1174, "usersCount": 574, "tipCount": 29}, "id": "4baf028ff964a520bce63be3", "beenHere": {"lastCheckinExpiredAt": 0, "count": 0, "marked": false}, "ratingColor": "FF9600", "location": {"lng": 103.74659748815665, "formattedAddress": ["#01-46, IMM Building (2 Jurong East St 21)", "609601", "Singapore"], "postalCode": "609601", "lat": 1.3355892803285399, "crossStreet": "2 Jurong East St 21", "country": "Singapore", "distance": 551, "city": "Singapore", "cc": "SG", "address": "#01-46, IMM Building", "labeledLatLngs": [{"lng": 103.74659748815665, "label": "display", "lat": 1.3355892803285399}]}, "hours": {"isLocalHoliday": false, "isOpen": false}, "verified": false, "price": {"tier": 1, "currency": "$", "message": "Cheap"}}, "referralId": "e-3-4baf028ff964a520bce63be3-114", "tips": [{"id": "4cc562a238aaa09342431862", "text": "Nasi Pattaya is awesome!", "disagreeCount": 0, "logView": true, "createdAt": 1288004258, "likes": {"groups": [], "summary": "8 likes", "count": 8}, "todo": {"count": 1}, "agreeCount": 2, "canonicalUrl": "https://foursquare.com/item/4cc562a238aaa09342431862", "type": "user", "user": {"id": "3411689", "photo": {"prefix": "https://igx.4sqi.net/img/user/", "suffix": "/1E5TKTZTVJUNSXIF.jpg"}, "firstName": "Glamchicz", "gender": "female"}}]}, {"reasons": {"items": [{"reasonName": "globalInteractionReason", "summary": "This spot is popular", "type": "general"}], "count": 0}, "venue": {"hereNow": {"groups": [], "summary": "Nobody here", "count": 0}, "contact": {"phone": "+6562501814", "formattedPhone": "+65 6250 1814"}, "photos": {"groups": [], "count": 0}, "name": "LJJ Caf\u00e9", "allowMenuUrlEdit": true, "beenHere": {"lastCheckinExpiredAt": 0, "count": 0, "marked": false}, "stats": {"checkinsCount": 35, "usersCount": 19, "tipCount": 0}, "id": "56972041237c9cba6170aaca", "categories": [{"pluralName": "Caf\u00e9s", "id": "4bf58dd8d48988d16d941735", "primary": true, "icon": {"prefix": "https://ss3.4sqi.net/img/categories_v2/food/cafe_", "suffix": ".png"}, "name": "Caf\u00e9", "shortName": "Caf\u00e9"}], "location": {"lng": 103.745051, "formattedAddress": ["1, Jurong East St 21 (Ng Teng Fong Hospital Tower B #02-02/03)", "Singapore"], "lat": 1.334171, "crossStreet": "Ng Teng Fong Hospital Tower B #02-02/03", "country": "Singapore", "distance": 327, "city": "Singapore", "cc": "SG", "address": "1, Jurong East St 21", "labeledLatLngs": [{"lng": 103.745051, "label": "display", "lat": 1.334171}]}, "verified": false, "price": {"tier": 1, "currency": "$", "message": "Cheap"}}, "referralId": "e-3-56972041237c9cba6170aaca-115"}, {"reasons": {"items": [{"reasonName": "globalInteractionReason", "summary": "This spot is popular", "type": "general"}], "count": 0}, "venue": {"hereNow": {"groups": [], "summary": "Nobody here", "count": 0}, "contact": {}, "photos": {"groups": [], "count": 0}, "name": "Yishun 925 Hainanese Chicken Rice", "allowMenuUrlEdit": true, "beenHere": {"lastCheckinExpiredAt": 0, "count": 0, "marked": false}, "stats": {"checkinsCount": 74, "usersCount": 49, "tipCount": 0}, "id": "4e2f9346d4c058fdbef5a44a", "categories": [{"pluralName": "Chinese Restaurants", "id": "4bf58dd8d48988d145941735", "primary": true, "icon": {"prefix": "https://ss3.4sqi.net/img/categories_v2/food/asian_", "suffix": ".png"}, "name": "Chinese Restaurant", "shortName": "Chinese"}], "location": {"lng": 103.739427, "formattedAddress": ["FoodClique (132 Jurong East St 13. #01-273.)", "Singapore"], "lat": 1.333915, "crossStreet": "132 Jurong East St 13. #01-273.", "country": "Singapore", "distance": 329, "city": "Singapore", "cc": "SG", "address": "FoodClique", "labeledLatLngs": [{"lng": 103.739427, "label": "display", "lat": 1.333915}]}, "verified": false, "price": {"tier": 1, "currency": "$", "message": "Cheap"}}, "referralId": "e-3-4e2f9346d4c058fdbef5a44a-116"}, {"reasons": {"items": [{"reasonName": "globalInteractionReason", "summary": "This spot is popular", "type": "general"}], "count": 0}, "venue": {"hereNow": {"groups": [], "summary": "Nobody here", "count": 0}, "contact": {}, "photos": {"groups": [], "count": 0}, "name": "Bakery Box", "allowMenuUrlEdit": true, "beenHere": {"lastCheckinExpiredAt": 0, "count": 0, "marked": false}, "stats": {"checkinsCount": 66, "usersCount": 21, "tipCount": 0}, "id": "4c78903581bca09352c7fa14", "categories": [{"pluralName": "Bakeries", "id": "4bf58dd8d48988d16a941735", "primary": true, "icon": {"prefix": "https://ss3.4sqi.net/img/categories_v2/food/bakery_", "suffix": ".png"}, "name": "Bakery", "shortName": "Bakery"}], "location": {"formattedAddress": ["132 Jurong East St 13", "600132", "Singapore"], "postalCode": "600132", "lat": 1.334342, "lng": 103.739415, "country": "Singapore", "distance": 345, "city": "Jurong East New Town", "cc": "SG", "address": "132 Jurong East St 13", "labeledLatLngs": [{"lng": 103.739415, "label": "display", "lat": 1.334342}]}, "verified": false, "price": {"tier": 1, "currency": "$", "message": "Cheap"}}, "referralId": "e-3-4c78903581bca09352c7fa14-117"}, {"reasons": {"items": [{"reasonName": "globalInteractionReason", "summary": "This spot is popular", "type": "general"}], "count": 0}, "venue": {"hereNow": {"groups": [], "summary": "Nobody here", "count": 0}, "contact": {}, "photos": {"groups": [], "count": 0}, "rating": 5.6, "name": "Astons Express", "ratingSignals": 8, "allowMenuUrlEdit": true, "categories": [{"pluralName": "Steakhouses", "id": "4bf58dd8d48988d1cc941735", "primary": true, "icon": {"prefix": "https://ss3.4sqi.net/img/categories_v2/food/steakhouse_", "suffix": ".png"}, "name": "Steakhouse", "shortName": "Steakhouse"}], "stats": {"checkinsCount": 1080, "usersCount": 485, "tipCount": 9}, "id": "4b9aea77f964a520c9e235e3", "beenHere": {"lastCheckinExpiredAt": 0, "count": 0, "marked": false}, "ratingColor": "FF9600", "location": {"lng": 103.73903632164001, "formattedAddress": ["#01-309, Jurong Cafe (134 Jurong East St 13)", "600134", "Singapore"], "postalCode": "600134", "lat": 1.3343856290695233, "crossStreet": "134 Jurong East St 13", "country": "Singapore", "distance": 386, "city": "Singapore", "cc": "SG", "address": "#01-309, Jurong Cafe", "labeledLatLngs": [{"lng": 103.73903632164001, "label": "display", "lat": 1.3343856290695233}]}, "hours": {"isLocalHoliday": false, "isOpen": true, "status": "Likely open"}, "verified": false, "price": {"tier": 4, "currency": "$", "message": "Very Expensive"}}, "referralId": "e-3-4b9aea77f964a520c9e235e3-118", "tips": [{"id": "4ce603d29f776ea8c7a04f22", "text": "Astons all over sg", "disagreeCount": 0, "logView": true, "createdAt": 1290142674, "likes": {"groups": [], "summary": "2 likes", "count": 2}, "todo": {"count": 0}, "agreeCount": 0, "canonicalUrl": "https://foursquare.com/item/4ce603d29f776ea8c7a04f22", "type": "user", "user": {"gender": "male", "id": "3570264", "photo": {"prefix": "https://igx.4sqi.net/img/user/", "suffix": "/LVQKO1NC0VCM3Y41.jpg"}, "firstName": "James", "lastName": "Li Zhiwei"}}]}, {"reasons": {"items": [{"reasonName": "globalInteractionReason", "summary": "This spot is popular", "type": "general"}], "count": 0}, "venue": {"id": "56da2c4d498e26499ed4f6d5", "hereNow": {"groups": [], "summary": "Nobody here", "count": 0}, "contact": {}, "beenHere": {"lastCheckinExpiredAt": 0, "count": 0, "marked": false}, "photos": {"groups": [], "count": 0}, "name": "Festive Cafe", "location": {"formattedAddress": ["Genting Hotel Jurong", "Singapore"], "lat": 1.3315395, "lng": 103.73933, "country": "Singapore", "distance": 374, "city": "Jurong West New Town", "cc": "SG", "address": "Genting Hotel Jurong", "labeledLatLngs": [{"lng": 103.73933, "label": "display", "lat": 1.3315395}]}, "allowMenuUrlEdit": true, "verified": false, "categories": [{"pluralName": "Buffets", "id": "52e81612bcbc57f1066b79f4", "primary": true, "icon": {"prefix": "https://ss3.4sqi.net/img/categories_v2/food/default_", "suffix": ".png"}, "name": "Buffet", "shortName": "Buffet"}], "stats": {"checkinsCount": 38, "usersCount": 23, "tipCount": 0}}, "referralId": "e-3-56da2c4d498e26499ed4f6d5-119"}, {"reasons": {"items": [{"reasonName": "globalInteractionReason", "summary": "This spot is popular", "type": "general"}], "count": 0}, "venue": {"hereNow": {"groups": [], "summary": "Nobody here", "count": 0}, "contact": {}, "photos": {"groups": [], "count": 0}, "name": "Xiang Ji Seafood and Steamboat Restaurant", "allowMenuUrlEdit": true, "beenHere": {"lastCheckinExpiredAt": 0, "count": 0, "marked": false}, "stats": {"checkinsCount": 68, "usersCount": 23, "tipCount": 0}, "id": "4fb72ed2e4b07fc43111e478", "categories": [{"pluralName": "Chinese Restaurants", "id": "4bf58dd8d48988d145941735", "primary": true, "icon": {"prefix": "https://ss3.4sqi.net/img/categories_v2/food/asian_", "suffix": ".png"}, "name": "Chinese Restaurant", "shortName": "Chinese"}], "location": {"formattedAddress": ["202 Jurong East St. 21. #01-113", "600202", "Singapore"], "postalCode": "600202", "lat": 1.336477183856219, "lng": 103.74303817749023, "country": "Singapore", "distance": 379, "city": "Singapore", "cc": "SG", "address": "202 Jurong East St. 21. #01-113", "labeledLatLngs": [{"lng": 103.74303817749023, "label": "display", "lat": 1.336477183856219}]}, "verified": false, "price": {"tier": 1, "currency": "$", "message": "Cheap"}}, "referralId": "e-3-4fb72ed2e4b07fc43111e478-120"}, {"reasons": {"items": [{"reasonName": "globalInteractionReason", "summary": "This spot is popular", "type": "general"}], "count": 0}, "venue": {"hereNow": {"groups": [], "summary": "Nobody here", "count": 0}, "contact": {"phone": "+6565650507", "formattedPhone": "+65 6565 0507"}, "photos": {"groups": [], "count": 0}, "rating": 5.6, "name": "Streats Hong Kong Cafe \u8857\u5934\u8336\u9910\u5385", "ratingSignals": 52, "allowMenuUrlEdit": true, "categories": [{"pluralName": "Asian Restaurants", "id": "4bf58dd8d48988d142941735", "primary": true, "icon": {"prefix": "https://ss3.4sqi.net/img/categories_v2/food/asian_", "suffix": ".png"}, "name": "Asian Restaurant", "shortName": "Asian"}], "stats": {"checkinsCount": 2671, "usersCount": 1849, "tipCount": 30}, "id": "4d857ef399b78cfa51fad01f", "beenHere": {"lastCheckinExpiredAt": 0, "count": 0, "marked": false}, "ratingColor": "FF9600", "location": {"lng": 103.74557917305508, "formattedAddress": ["#02-17 IMM Building (2 Jurong East St 21)", "609601", "Singapore"], "postalCode": "609601", "lat": 1.3351814124445904, "crossStreet": "2 Jurong East St 21", "country": "Singapore", "distance": 430, "city": "Singapore", "cc": "SG", "address": "#02-17 IMM Building", "labeledLatLngs": [{"lng": 103.74557917305508, "label": "display", "lat": 1.3351814124445904}]}, "hours": {"isLocalHoliday": false, "isOpen": true, "status": "Likely open"}, "verified": false, "price": {"tier": 2, "currency": "$", "message": "Moderate"}}, "referralId": "e-3-4d857ef399b78cfa51fad01f-121", "tips": [{"id": "4e2ebac2c65b80dfd8392838", "text": "WaWa veg with salted egg sauce nt very nice \ue421", "disagreeCount": 0, "logView": true, "createdAt": 1311685314, "likes": {"groups": [], "summary": "2 likes", "count": 2}, "todo": {"count": 0}, "agreeCount": 0, "canonicalUrl": "https://foursquare.com/item/4e2ebac2c65b80dfd8392838", "type": "user", "user": {"gender": "male", "id": "3965748", "photo": {"prefix": "https://igx.4sqi.net/img/user/", "suffix": "/LLI33DBKCFL3BINF.jpg"}, "firstName": "Ronny", "lastName": "Wenwen"}}]}, {"reasons": {"items": [{"reasonName": "globalInteractionReason", "summary": "This spot is popular", "type": "general"}], "count": 0}, "venue": {"hereNow": {"groups": [], "summary": "Nobody here", "count": 0}, "contact": {}, "photos": {"groups": [], "count": 0}, "rating": 5.6, "name": "Seoul Garden HotPot", "ratingSignals": 12, "allowMenuUrlEdit": true, "categories": [{"pluralName": "Korean Restaurants", "id": "4bf58dd8d48988d113941735", "primary": true, "icon": {"prefix": "https://ss3.4sqi.net/img/categories_v2/food/korean_", "suffix": ".png"}, "name": "Korean Restaurant", "shortName": "Korean"}], "stats": {"checkinsCount": 515, "usersCount": 375, "tipCount": 7}, "id": "5173969a498e64648c58b1b9", "beenHere": {"lastCheckinExpiredAt": 0, "count": 0, "marked": false}, "ratingColor": "FF9600", "location": {"formattedAddress": ["IMM Building", "Singapore"], "lat": 1.3354533903428893, "lng": 103.74557351577056, "distance": 446, "country": "Singapore", "cc": "SG", "address": "IMM Building", "labeledLatLngs": [{"lng": 103.74557351577056, "label": "display", "lat": 1.3354533903428893}]}, "hours": {"isLocalHoliday": false, "isOpen": true, "status": "Likely open"}, "verified": false, "price": {"tier": 2, "currency": "$", "message": "Moderate"}}, "referralId": "e-3-5173969a498e64648c58b1b9-122", "tips": [{"id": "5274dded498e035cc8d65d51", "text": "Thought that the marinated chicken hotplate was not worth the money as the serving was small... Had better Korean hotplate elsewhere..", "disagreeCount": 0, "logView": true, "createdAt": 1383390701, "likes": {"groups": [], "summary": "1 like", "count": 1}, "todo": {"count": 0}, "agreeCount": 1, "canonicalUrl": "https://foursquare.com/item/5274dded498e035cc8d65d51", "type": "user", "user": {"id": "30562435", "photo": {"prefix": "https://igx.4sqi.net/img/user/", "suffix": "/30562435_hUw1KD7B_ShBcKe1imgkwRIttRjSGO9rGggBEWarx0l83VA3x8LWxHTxNyKMDTzJOlCFgvJC1.jpg"}, "firstName": "minzyiii", "gender": "female"}}]}, {"reasons": {"items": [{"reasonName": "globalInteractionReason", "summary": "This spot is popular", "type": "general"}], "count": 0}, "venue": {"contact": {}, "photos": {"groups": [], "count": 0}, "rating": 5.6, "name": "Ah May Foodcourt", "ratingSignals": 40, "allowMenuUrlEdit": true, "categories": [{"pluralName": "Food Courts", "id": "4bf58dd8d48988d120951735", "primary": true, "icon": {"prefix": "https://ss3.4sqi.net/img/categories_v2/shops/food_foodcourt_", "suffix": ".png"}, "name": "Food Court", "shortName": "Food Court"}], "stats": {"checkinsCount": 3706, "usersCount": 2035, "tipCount": 39}, "id": "4b6400dbf964a520cd9a2ae3", "beenHere": {"lastCheckinExpiredAt": 0, "count": 0, "marked": false}, "url": "http://www.banquet.com.sg", "ratingColor": "FF9600", "location": {"lng": 103.74612808227539, "formattedAddress": ["#03-55, IMM Building (2 Jurong East St 21)", "609601", "Singapore"], "postalCode": "609601", "lat": 1.334525066110677, "crossStreet": "2 Jurong East St 21", "country": "Singapore", "distance": 453, "city": "Singapore", "cc": "SG", "address": "#03-55, IMM Building", "labeledLatLngs": [{"lng": 103.74612808227539, "label": "display", "lat": 1.334525066110677}]}, "hours": {"isLocalHoliday": false, "isOpen": true, "status": "Likely open"}, "verified": false, "hereNow": {"groups": [], "summary": "Nobody here", "count": 0}}, "referralId": "e-3-4b6400dbf964a520cd9a2ae3-123", "tips": [{"id": "4b8753f570c603bbb61393b4", "text": "It has the Indonesian Bakmie", "disagreeCount": 0, "logView": true, "createdAt": 1267160053, "likes": {"groups": [], "summary": "9 likes", "count": 9}, "todo": {"count": 3}, "agreeCount": 1, "canonicalUrl": "https://foursquare.com/item/4b8753f570c603bbb61393b4", "type": "user", "user": {"gender": "male", "id": "182852", "photo": {"prefix": "https://igx.4sqi.net/img/user/", "suffix": "/TZAXD0ODYLDS5G1C.jpg"}, "firstName": "Iwan", "lastName": "Tamimi"}}]}, {"reasons": {"items": [{"reasonName": "globalInteractionReason", "summary": "This spot is popular", "type": "general"}], "count": 0}, "venue": {"hereNow": {"groups": [], "summary": "Nobody here", "count": 0}, "contact": {}, "photos": {"groups": [], "count": 0}, "name": "Waroeng Penyet Corner", "allowMenuUrlEdit": true, "beenHere": {"lastCheckinExpiredAt": 0, "count": 0, "marked": false}, "stats": {"checkinsCount": 263, "usersCount": 140, "tipCount": 5}, "id": "4bfa0354b182c9b64fdd795a", "categories": [{"pluralName": "Asian Restaurants", "id": "4bf58dd8d48988d142941735", "primary": true, "icon": {"prefix": "https://ss3.4sqi.net/img/categories_v2/food/asian_", "suffix": ".png"}, "name": "Asian Restaurant", "shortName": "Asian"}], "location": {"lng": 103.73890940056322, "formattedAddress": ["Fu Chan Foodcourt (134 Jurong East Street 13)", "Singapore"], "lat": 1.334455843398121, "crossStreet": "134 Jurong East Street 13", "country": "Singapore", "distance": 402, "city": "Singapore", "cc": "SG", "address": "Fu Chan Foodcourt", "labeledLatLngs": [{"lng": 103.73890940056322, "label": "display", "lat": 1.334455843398121}]}, "hours": {"isLocalHoliday": false, "isOpen": false}, "verified": false, "price": {"tier": 2, "currency": "$", "message": "Moderate"}}, "referralId": "e-3-4bfa0354b182c9b64fdd795a-124", "tips": [{"id": "4ccbb35154f0b1f7a37111ca", "text": "Empal Penyet a must try.. Ask for the most spicy sambal... Fuyoooo... Power!! \ue00e hahahaha", "disagreeCount": 0, "logView": true, "createdAt": 1288418129, "likes": {"groups": [], "summary": "1 like", "count": 1}, "todo": {"count": 0}, "agreeCount": 0, "canonicalUrl": "https://foursquare.com/item/4ccbb35154f0b1f7a37111ca", "type": "user", "user": {"id": "3468068", "photo": {"prefix": "https://igx.4sqi.net/img/user/", "suffix": "/EKZGO52WSHR2DAA0.jpg"}, "firstName": "Suzee", "gender": "female"}}]}, {"reasons": {"items": [{"reasonName": "globalInteractionReason", "summary": "This spot is popular", "type": "general"}], "count": 0}, "venue": {"hereNow": {"groups": [], "summary": "Nobody here", "count": 0}, "contact": {}, "photos": {"groups": [], "count": 0}, "name": "Mr Bean Cafe", "allowMenuUrlEdit": true, "beenHere": {"lastCheckinExpiredAt": 0, "count": 0, "marked": false}, "stats": {"checkinsCount": 284, "usersCount": 105, "tipCount": 4}, "id": "4dcbe5671838cc2cc656af11", "categories": [{"pluralName": "Breakfast Spots", "id": "4bf58dd8d48988d143941735", "primary": true, "icon": {"prefix": "https://ss3.4sqi.net/img/categories_v2/food/breakfast_", "suffix": ".png"}, "name": "Breakfast Spot", "shortName": "Breakfast"}], "location": {"formattedAddress": ["Blk 134 jurong east central", "Singapore"], "lat": 1.3344668007547549, "lng": 103.7387114056096, "country": "Singapore", "distance": 423, "city": "Singapore", "cc": "SG", "address": "Blk 134 jurong east central", "labeledLatLngs": [{"lng": 103.7387114056096, "label": "display", "lat": 1.3344668007547549}]}, "hours": {"isLocalHoliday": false, "isOpen": false}, "verified": false, "price": {"tier": 1, "currency": "$", "message": "Cheap"}}, "referralId": "e-3-4dcbe5671838cc2cc656af11-125", "tips": [{"id": "4ffc1d57e4b064f1d3ac3ed2", "text": "What happened? Renovate? Or close down? :(", "disagreeCount": 0, "createdAt": 1341922647, "logView": true, "todo": {"count": 0}, "agreeCount": 0, "canonicalUrl": "https://foursquare.com/item/4ffc1d57e4b064f1d3ac3ed2", "type": "user", "user": {"gender": "female", "id": "1973749", "photo": {"prefix": "https://igx.4sqi.net/img/user/", "suffix": "/1973749-WB3WNY1TKCHODNIU.jpg"}, "firstName": "Levina", "lastName": "Wong"}}]}, {"reasons": {"items": [{"reasonName": "globalInteractionReason", "summary": "This spot is popular", "type": "general"}], "count": 0}, "venue": {"hereNow": {"groups": [], "summary": "Nobody here", "count": 0}, "contact": {"phone": "+6565645610", "formattedPhone": "+65 6564 5610"}, "photos": {"groups": [], "count": 0}, "rating": 5.5, "name": "Ajisen Ramen", "ratingSignals": 25, "allowMenuUrlEdit": true, "categories": [{"pluralName": "Noodle Houses", "id": "4bf58dd8d48988d1d1941735", "primary": true, "icon": {"prefix": "https://ss3.4sqi.net/img/categories_v2/food/ramen_", "suffix": ".png"}, "name": "Noodle House", "shortName": "Noodles"}], "stats": {"checkinsCount": 2337, "usersCount": 1721, "tipCount": 14}, "id": "4b3c3b24f964a5202e8325e3", "beenHere": {"lastCheckinExpiredAt": 0, "count": 0, "marked": false}, "ratingColor": "FF9600", "location": {"lng": 103.74559048762478, "formattedAddress": ["#01-113 IMM Building (2 Jurong East St 21)", "609601", "Singapore"], "postalCode": "609601", "lat": 1.3353008979562815, "crossStreet": "2 Jurong East St 21", "country": "Singapore", "distance": 438, "city": "Singapore", "cc": "SG", "address": "#01-113 IMM Building", "labeledLatLngs": [{"lng": 103.74559048762478, "label": "display", "lat": 1.3353008979562815}]}, "hours": {"isLocalHoliday": false, "isOpen": true, "status": "Likely open"}, "verified": false, "price": {"tier": 1, "currency": "$", "message": "Cheap"}}, "referralId": "e-3-4b3c3b24f964a5202e8325e3-126", "tips": [{"id": "4cca920c33d3721ea5962a8b", "text": "Matcha parfait is lovessss", "disagreeCount": 0, "logView": true, "createdAt": 1288344076, "likes": {"groups": [], "summary": "13 likes", "count": 13}, "todo": {"count": 2}, "agreeCount": 0, "canonicalUrl": "https://foursquare.com/item/4cca920c33d3721ea5962a8b", "type": "user", "user": {"gender": "female", "id": "2818587", "photo": {"prefix": "https://igx.4sqi.net/img/user/", "suffix": "/HVUTEXD0BL3ENFEK.jpg"}, "firstName": "E", "lastName": "L"}}]}, {"reasons": {"items": [{"reasonName": "globalInteractionReason", "summary": "This spot is popular", "type": "general"}], "count": 0}, "venue": {"contact": {}, "photos": {"groups": [], "count": 0}, "rating": 5.9, "name": "Broadway Kopitiam", "ratingSignals": 33, "allowMenuUrlEdit": true, "categories": [{"pluralName": "Food Courts", "id": "4bf58dd8d48988d120951735", "primary": true, "icon": {"prefix": "https://ss3.4sqi.net/img/categories_v2/shops/food_foodcourt_", "suffix": ".png"}, "name": "Food Court", "shortName": "Food Court"}], "stats": {"checkinsCount": 3845, "usersCount": 778, "tipCount": 32}, "id": "4b2fc29cf964a5204fef24e3", "beenHere": {"lastCheckinExpiredAt": 0, "count": 0, "marked": false}, "ratingColor": "FF9600", "location": {"formattedAddress": ["286E Toh Guan Rd, #01-01", "605286", "Singapore"], "postalCode": "605286", "lat": 1.3393892687074391, "lng": 103.74526977539062, "country": "Singapore", "distance": 769, "city": "Singapore", "cc": "SG", "address": "286E Toh Guan Rd, #01-01", "labeledLatLngs": [{"lng": 103.74526977539062, "label": "display", "lat": 1.3393892687074391}]}, "hours": {"isLocalHoliday": false, "isOpen": true, "status": "Open until 11:30 PM"}, "verified": false, "hereNow": {"groups": [], "summary": "Nobody here", "count": 0}}, "referralId": "e-3-4b2fc29cf964a5204fef24e3-127", "tips": [{"id": "4d19698bcc216ea84a6b7dd3", "text": "The chicken rice is no longer as nice after the renovation.", "disagreeCount": 0, "createdAt": 1293511051, "logView": true, "todo": {"count": 0}, "agreeCount": 0, "canonicalUrl": "https://foursquare.com/item/4d19698bcc216ea84a6b7dd3", "type": "user", "user": {"gender": "female", "id": "3802560", "photo": {"prefix": "https://igx.4sqi.net/img/user/", "suffix": "/UG5QGDLDJKC1V1OX.jpg"}, "firstName": "Jin", "lastName": "."}}]}, {"reasons": {"items": [{"reasonName": "globalInteractionReason", "summary": "This spot is popular", "type": "general"}], "count": 0}, "venue": {"hereNow": {"groups": [], "summary": "Nobody here", "count": 0}, "contact": {}, "photos": {"groups": [], "count": 0}, "name": "Bachmann", "allowMenuUrlEdit": true, "beenHere": {"lastCheckinExpiredAt": 0, "count": 0, "marked": false}, "stats": {"checkinsCount": 40, "usersCount": 36, "tipCount": 2}, "id": "4cdcf0da3f6a8cfafeddf4ea", "categories": [{"pluralName": "Japanese Restaurants", "id": "4bf58dd8d48988d111941735", "primary": true, "icon": {"prefix": "https://ss3.4sqi.net/img/categories_v2/food/japanese_", "suffix": ".png"}, "name": "Japanese Restaurant", "shortName": "Japanese"}], "location": {"lng": 103.74602044198218, "formattedAddress": ["#01-31/32 IMM Building (2 Jurong East St 21)", "609601", "Singapore"], "postalCode": "609601", "lat": 1.3351382208741693, "crossStreet": "2 Jurong East St 21", "country": "Singapore", "distance": 470, "city": "Singapore", "cc": "SG", "address": "#01-31/32 IMM Building", "labeledLatLngs": [{"lng": 103.74602044198218, "label": "display", "lat": 1.3351382208741693}]}, "verified": false, "price": {"tier": 2, "currency": "$", "message": "Moderate"}}, "referralId": "e-3-4cdcf0da3f6a8cfafeddf4ea-128", "tips": [{"id": "4f55edefe4b0e1dd90901695", "text": "The food sux here!! Waste of $$. My hawker lala taste better..", "disagreeCount": 0, "createdAt": 1331031535, "logView": true, "todo": {"count": 0}, "agreeCount": 0, "canonicalUrl": "https://foursquare.com/item/4f55edefe4b0e1dd90901695", "type": "user", "user": {"gender": "male", "id": "8081185", "photo": {"prefix": "https://igx.4sqi.net/img/user/", "suffix": "/DI0BP2RDWEMCTSC0.jpg"}, "firstName": "KEn", "lastName": "Tan"}}]}, {"reasons": {"items": [{"reasonName": "globalInteractionReason", "summary": "This spot is popular", "type": "general"}], "count": 0}, "venue": {"hereNow": {"groups": [], "summary": "Nobody here", "count": 0}, "contact": {}, "photos": {"groups": [], "count": 0}, "name": "\u53f0\u6e7e\u8336\u9910\u5385 Taiwan Tea Room", "allowMenuUrlEdit": true, "beenHere": {"lastCheckinExpiredAt": 0, "count": 0, "marked": false}, "stats": {"checkinsCount": 93, "usersCount": 85, "tipCount": 0}, "id": "4d914663033ba35dd1496d0d", "categories": [{"pluralName": "Asian Restaurants", "id": "4bf58dd8d48988d142941735", "primary": true, "icon": {"prefix": "https://ss3.4sqi.net/img/categories_v2/food/asian_", "suffix": ".png"}, "name": "Asian Restaurant", "shortName": "Asian"}], "location": {"formattedAddress": ["IMM Building", "Singapore"], "lat": 1.3350299518913864, "lng": 103.74734425748308, "country": "Singapore", "distance": 600, "city": "Singapore", "cc": "SG", "address": "IMM Building", "labeledLatLngs": [{"lng": 103.74734425748308, "label": "display", "lat": 1.3350299518913864}]}, "verified": false, "price": {"tier": 2, "currency": "$", "message": "Moderate"}}, "referralId": "e-3-4d914663033ba35dd1496d0d-129"}, {"reasons": {"items": [{"reasonName": "globalInteractionReason", "summary": "This spot is popular", "type": "general"}], "count": 0}, "venue": {"contact": {}, "photos": {"groups": [], "count": 0}, "name": "Modec Offshore Prodution", "id": "4d379a6f6eef5481a6643948", "beenHere": {"lastCheckinExpiredAt": 0, "count": 0, "marked": false}, "stats": {"checkinsCount": 103, "usersCount": 19, "tipCount": 0}, "allowMenuUrlEdit": true, "categories": [{"pluralName": "Cafeterias", "id": "4bf58dd8d48988d128941735", "primary": true, "icon": {"prefix": "https://ss3.4sqi.net/img/categories_v2/education/cafeteria_", "suffix": ".png"}, "name": "Cafeteria", "shortName": "Cafeteria"}], "location": {"formattedAddress": ["2 international business park", "Singapore"], "lat": 1.330304956800538, "lng": 103.7476158109972, "distance": 672, "country": "Singapore", "cc": "SG", "address": "2 international business park", "labeledLatLngs": [{"lng": 103.7476158109972, "label": "display", "lat": 1.330304956800538}]}, "venueRatingBlacklisted": true, "verified": false, "hereNow": {"groups": [], "summary": "Nobody here", "count": 0}}, "referralId": "e-3-4d379a6f6eef5481a6643948-130"}, {"reasons": {"items": [{"reasonName": "globalInteractionReason", "summary": "This spot is popular", "type": "general"}], "count": 0}, "venue": {"id": "5785be22498ef1550351de31", "hereNow": {"groups": [], "summary": "Nobody here", "count": 0}, "contact": {}, "beenHere": {"lastCheckinExpiredAt": 0, "count": 0, "marked": false}, "photos": {"groups": [], "count": 0}, "name": "Billion Food Point", "location": {"lng": 103.746615, "formattedAddress": ["Creative (#01-04/05/06)", "Singapore"], "lat": 1.328408, "crossStreet": "#01-04/05/06", "distance": 714, "country": "Singapore", "cc": "SG", "address": "Creative", "labeledLatLngs": [{"lng": 103.746615, "label": "display", "lat": 1.328408}]}, "allowMenuUrlEdit": true, "verified": false, "categories": [{"pluralName": "Food Courts", "id": "4bf58dd8d48988d120951735", "primary": true, "icon": {"prefix": "https://ss3.4sqi.net/img/categories_v2/shops/food_foodcourt_", "suffix": ".png"}, "name": "Food Court", "shortName": "Food Court"}], "stats": {"checkinsCount": 33, "usersCount": 11, "tipCount": 0}}, "referralId": "e-3-5785be22498ef1550351de31-131"}, {"reasons": {"items": [{"reasonName": "globalInteractionReason", "summary": "This spot is popular", "type": "general"}], "count": 0}, "venue": {"hereNow": {"groups": [], "summary": "Nobody here", "count": 0}, "contact": {}, "photos": {"groups": [], "count": 0}, "name": "Green Banyan Resturant", "allowMenuUrlEdit": true, "beenHere": {"lastCheckinExpiredAt": 0, "count": 0, "marked": false}, "stats": {"checkinsCount": 94, "usersCount": 52, "tipCount": 0}, "id": "4cca4551b878a093f5757b9a", "categories": [{"pluralName": "Restaurants", "id": "4bf58dd8d48988d1c4941735", "primary": true, "icon": {"prefix": "https://ss3.4sqi.net/img/categories_v2/food/default_", "suffix": ".png"}, "name": "Restaurant", "shortName": "Restaurant"}], "location": {"formattedAddress": ["Jurong Country Club", "Singapore"], "lat": 1.3288438982484414, "lng": 103.73744424484215, "country": "Singapore", "distance": 721, "city": "Singapore", "cc": "SG", "address": "Jurong Country Club", "labeledLatLngs": [{"lng": 103.73744424484215, "label": "display", "lat": 1.3288438982484414}]}, "verified": false, "price": {"tier": 2, "currency": "$", "message": "Moderate"}}, "referralId": "e-3-4cca4551b878a093f5757b9a-132"}, {"reasons": {"items": [{"reasonName": "globalInteractionReason", "summary": "This spot is popular", "type": "general"}], "count": 0}, "venue": {"hereNow": {"groups": [], "summary": "Nobody here", "count": 0}, "contact": {}, "photos": {"groups": [], "count": 0}, "name": "Imperial Feast Restaurant", "allowMenuUrlEdit": true, "beenHere": {"lastCheckinExpiredAt": 0, "count": 0, "marked": false}, "stats": {"checkinsCount": 45, "usersCount": 43, "tipCount": 0}, "id": "52536f73498e639f6c164c20", "categories": [{"pluralName": "Chinese Restaurants", "id": "4bf58dd8d48988d145941735", "primary": true, "icon": {"prefix": "https://ss3.4sqi.net/img/categories_v2/food/asian_", "suffix": ".png"}, "name": "Chinese Restaurant", "shortName": "Chinese"}], "location": {"lng": 103.74851533594293, "formattedAddress": ["#03-06, The Chevrons (48 Boon Lay Way)", "Singapore"], "lat": 1.3310703813059948, "crossStreet": "48 Boon Lay Way", "country": "Singapore", "distance": 730, "city": "Singapore", "cc": "SG", "address": "#03-06, The Chevrons", "labeledLatLngs": [{"lng": 103.74851533594293, "label": "display", "lat": 1.3310703813059948}]}, "verified": false, "price": {"tier": 1, "currency": "$", "message": "Cheap"}}, "referralId": "e-3-52536f73498e639f6c164c20-133"}, {"reasons": {"items": [{"reasonName": "globalInteractionReason", "summary": "This spot is popular", "type": "general"}], "count": 0}, "venue": {"hereNow": {"groups": [], "summary": "Nobody here", "count": 0}, "contact": {"phone": "+6567771989", "formattedPhone": "+65 6777 1989"}, "photos": {"groups": [], "count": 0}, "name": "Lijiang Restaurant \u4e3d\u6c5f\u9152\u697c", "allowMenuUrlEdit": true, "beenHere": {"lastCheckinExpiredAt": 0, "count": 0, "marked": false}, "stats": {"checkinsCount": 38, "usersCount": 28, "tipCount": 0}, "id": "551e1e43498ee9d454f9a7f3", "categories": [{"pluralName": "Chinese Restaurants", "id": "4bf58dd8d48988d145941735", "primary": true, "icon": {"prefix": "https://ss3.4sqi.net/img/categories_v2/food/asian_", "suffix": ".png"}, "name": "Chinese Restaurant", "shortName": "Chinese"}], "location": {"lng": 103.735823, "formattedAddress": ["Omni-Theatre (Jurong Town Hall Road)", "Singapore"], "lat": 1.33455, "crossStreet": "Jurong Town Hall Road", "country": "Singapore", "distance": 735, "city": "Singapore", "cc": "SG", "address": "Omni-Theatre", "labeledLatLngs": [{"lng": 103.735823, "label": "display", "lat": 1.33455}]}, "verified": false, "price": {"tier": 1, "currency": "$", "message": "Cheap"}}, "referralId": "e-3-551e1e43498ee9d454f9a7f3-134"}, {"reasons": {"items": [{"reasonName": "globalInteractionReason", "summary": "This spot is popular", "type": "general"}], "count": 0}, "venue": {"id": "4ed8c7e7b8f7fcd03e3bdc70", "hereNow": {"groups": [], "summary": "Nobody here", "count": 0}, "contact": {}, "beenHere": {"lastCheckinExpiredAt": 0, "count": 0, "marked": false}, "photos": {"groups": [], "count": 0}, "name": "Blk 235 Food Centre", "location": {"formattedAddress": ["Singapore"], "lat": 1.3397912463143886, "lng": 103.74241678828054, "distance": 739, "country": "Singapore", "cc": "SG", "labeledLatLngs": [{"lng": 103.74241678828054, "label": "display", "lat": 1.3397912463143886}]}, "allowMenuUrlEdit": true, "verified": false, "categories": [{"pluralName": "Food Courts", "id": "4bf58dd8d48988d120951735", "primary": true, "icon": {"prefix": "https://ss3.4sqi.net/img/categories_v2/shops/food_foodcourt_", "suffix": ".png"}, "name": "Food Court", "shortName": "Food Court"}], "stats": {"checkinsCount": 35, "usersCount": 17, "tipCount": 0}}, "referralId": "e-3-4ed8c7e7b8f7fcd03e3bdc70-135"}], "name": "recommended", "type": "Recommended Places"}], "query": "food", "headerLocation": "Jurong East"}}