{"meta": {"code": 200, "requestId": "595a3a02351e3d64afe2742d"}, "response": {"suggestedFilters": {"filters": [{"name": "Open now", "key": "openNow"}], "header": "Tap to show:"}, "totalResults": 47, "headerFullLocation": "Jurong West, Singapore", "headerLocationGranularity": "neighborhood", "suggestedBounds": {"ne": {"lng": 103.72813781083084, "lat": 1.3514592565946972}, "sw": {"lng": 103.71376072612716, "lat": 1.337059242194683}}, "groups": [{"items": [{"reasons": {"items": [{"reasonName": "globalInteractionReason", "summary": "This spot is popular", "type": "general"}], "count": 0}, "venue": {"hereNow": {"groups": [], "summary": "Nobody here", "count": 0}, "contact": {"phone": "+6565644881", "formattedPhone": "+65 6564 4881"}, "photos": {"groups": [], "count": 0}, "rating": 7.8, "name": "McDonald's", "ratingSignals": 27, "allowMenuUrlEdit": true, "categories": [{"pluralName": "Fast Food Restaurants", "id": "4bf58dd8d48988d16e941735", "primary": true, "icon": {"prefix": "https://ss3.4sqi.net/img/categories_v2/food/fastfood_", "suffix": ".png"}, "name": "Fast Food Restaurant", "shortName": "Fast Food"}], "stats": {"checkinsCount": 4187, "usersCount": 1090, "tipCount": 8}, "id": "4ce73f65f1c6236a8d9158f0", "beenHere": {"lastCheckinExpiredAt": 0, "count": 0, "marked": false}, "url": "http://www.mcdonalds.com.sg", "ratingColor": "C5DE35", "location": {"lng": 103.71834211987311, "formattedAddress": ["#01-05, Jurong Spring Community Centre (8 Jurong West St 52)", "649296", "Singapore"], "postalCode": "649296", "lat": 1.3484949873838026, "crossStreet": "8 Jurong West St 52", "country": "Singapore", "distance": 553, "city": "Singapore", "cc": "SG", "address": "#01-05, Jurong Spring Community Centre", "labeledLatLngs": [{"lng": 103.71834211987311, "label": "display", "lat": 1.3484949873838026}]}, "hours": {"isLocalHoliday": false, "isOpen": true, "status": "Likely open"}, "verified": false, "price": {"tier": 1, "currency": "$", "message": "Cheap"}}, "referralId": "e-3-4ce73f65f1c6236a8d9158f0-0", "tips": [{"id": "4f621553e4b0a9d091a39832", "text": "Do not eat the cup corn here. They won't give you spoon and butter.", "disagreeCount": 0, "logView": true, "createdAt": 1331828051, "likes": {"groups": [], "summary": "1 like", "count": 1}, "todo": {"count": 0}, "agreeCount": 1, "canonicalUrl": "https://foursquare.com/item/4f621553e4b0a9d091a39832", "type": "user", "user": {"gender": "female", "id": "23423436", "photo": {"prefix": "https://igx.4sqi.net/img/user/", "suffix": "/TAKQI1CG2UBBFOQ5.jpg"}, "firstName": "Syaqila", "lastName": "Z"}}]}, {"reasons": {"items": [{"reasonName": "globalInteractionReason", "summary": "This spot is popular", "type": "general"}], "count": 0}, "venue": {"hereNow": {"groups": [{"items": [], "name": "Other people here", "count": 1, "type": "others"}], "summary": "One other person is here", "count": 1}, "contact": {}, "photos": {"groups": [], "count": 0}, "rating": 7.2, "name": "Bangkok Street Mookata", "ratingSignals": 18, "allowMenuUrlEdit": true, "categories": [{"pluralName": "Thai Restaurants", "id": "4bf58dd8d48988d149941735", "primary": true, "icon": {"prefix": "https://ss3.4sqi.net/img/categories_v2/food/thai_", "suffix": ".png"}, "name": "Thai Restaurant", "shortName": "Thai"}], "stats": {"checkinsCount": 3720, "usersCount": 998, "tipCount": 3}, "id": "5479a984498e141c4cce0b3b", "beenHere": {"lastCheckinExpiredAt": 0, "count": 0, "marked": false}, "ratingColor": "C5DE35", "location": {"formattedAddress": ["498 Jurong West Street 41", "640498", "Singapore"], "postalCode": "640498", "lat": 1.3490448950291214, "lng": 103.72386261929638, "country": "Singapore", "distance": 623, "city": "Singapore", "cc": "SG", "address": "498 Jurong West Street 41", "labeledLatLngs": [{"lng": 103.72386261929638, "label": "display", "lat": 1.3490448950291214}]}, "hours": {"isLocalHoliday": false, "isOpen": true, "status": "Likely open"}, "verified": false, "price": {"tier": 2, "currency": "$", "message": "Moderate"}}, "referralId": "e-3-5479a984498e141c4cce0b3b-1", "tips": [{"id": "56b08c48498ef068b9041b8b", "text": "The scallops are big, cheap and affordable meal for one whole family", "disagreeCount": 0, "createdAt": 1454410824, "logView": true, "todo": {"count": 0}, "agreeCount": 0, "canonicalUrl": "https://foursquare.com/item/56b08c48498ef068b9041b8b", "type": "user", "user": {"id": "30562435", "photo": {"prefix": "https://igx.4sqi.net/img/user/", "suffix": "/30562435_hUw1KD7B_ShBcKe1imgkwRIttRjSGO9rGggBEWarx0l83VA3x8LWxHTxNyKMDTzJOlCFgvJC1.jpg"}, "firstName": "minzyiii", "gender": "female"}}]}, {"reasons": {"items": [{"reasonName": "globalInteractionReason", "summary": "This spot is popular", "type": "general"}], "count": 0}, "venue": {"contact": {}, "photos": {"groups": [], "count": 0}, "rating": 7.0, "name": "Ayza's Restaurant", "ratingSignals": 59, "allowMenuUrlEdit": true, "categories": [{"pluralName": "Halal Restaurants", "id": "52e81612bcbc57f1066b79ff", "primary": true, "icon": {"prefix": "https://ss3.4sqi.net/img/categories_v2/food/halal_", "suffix": ".png"}, "name": "Halal Restaurant", "shortName": "Halal"}], "stats": {"checkinsCount": 2369, "usersCount": 674, "tipCount": 21}, "id": "4f5d7b13e4b068aa503f9f87", "beenHere": {"lastCheckinExpiredAt": 0, "count": 0, "marked": false}, "ratingColor": "C5DE35", "location": {"formattedAddress": ["508 Jurong West St. 52, #01-170", "Singapore"], "lat": 1.3485570466178223, "lng": 103.71885117276622, "country": "Singapore", "distance": 532, "city": "Singapore", "cc": "SG", "address": "508 Jurong West St. 52, #01-170", "labeledLatLngs": [{"lng": 103.71885117276622, "label": "display", "lat": 1.3485570466178223}]}, "hours": {"isLocalHoliday": false, "isOpen": true, "status": "Likely open"}, "verified": false, "hereNow": {"groups": [], "summary": "Nobody here", "count": 0}}, "referralId": "e-3-4f5d7b13e4b068aa503f9f87-2", "tips": [{"logView": true, "photo": {"id": "51d033ec498e00f50ebb7367", "visibility": "public", "source": {"name": "Foursquare for iOS", "url": "https://foursquare.com/download/#/iphone"}, "suffix": "/3622219_3VRZ3c2hHxgbi41UdvHOHh__TbvljcskRfBM4GS1LqY.jpg", "createdAt": 1372599276, "prefix": "https://igx.4sqi.net/img/general/", "width": 960, "height": 720}, "createdAt": 1372599242, "todo": {"count": 0}, "agreeCount": 5, "likes": {"groups": [], "summary": "5 likes", "count": 5}, "id": "51d033ca498e603aa5fdfe51", "text": "Fish n chip: must try! Crispy n crunchy..love the fish sauce.it goes with the garlic bread", "disagreeCount": 0, "user": {"gender": "female", "id": "3622219", "photo": {"prefix": "https://igx.4sqi.net/img/user/", "suffix": "/3622219_BTK3Ytry_GjX1VbAAGrSs8lUFx_fcF1kGq6IHmoUAmHbY_B7Lr3g6fjSxoTDZgPCdME1IGLj-.jpg"}, "firstName": "\ud83d\udc8bJuWieZy\u2122", "lastName": "VoGueZ \ud83c\udf78"}, "canonicalUrl": "https://foursquare.com/item/51d033ca498e603aa5fdfe51", "type": "user", "photourl": "https://igx.4sqi.net/img/general/original/3622219_3VRZ3c2hHxgbi41UdvHOHh__TbvljcskRfBM4GS1LqY.jpg"}]}, {"reasons": {"items": [{"reasonName": "globalInteractionReason", "summary": "This spot is popular", "type": "general"}], "count": 0}, "venue": {"hereNow": {"groups": [], "summary": "Nobody here", "count": 0}, "contact": {}, "photos": {"groups": [], "count": 0}, "rating": 6.5, "name": "Latiffa Huri @ Kopitiam", "ratingSignals": 16, "allowMenuUrlEdit": true, "categories": [{"pluralName": "Asian Restaurants", "id": "4bf58dd8d48988d142941735", "primary": true, "icon": {"prefix": "https://ss3.4sqi.net/img/categories_v2/food/asian_", "suffix": ".png"}, "name": "Asian Restaurant", "shortName": "Asian"}], "stats": {"checkinsCount": 390, "usersCount": 193, "tipCount": 13}, "id": "4db8e37393a0f369e864211d", "beenHere": {"lastCheckinExpiredAt": 0, "count": 0, "marked": false}, "ratingColor": "FFC800", "location": {"formattedAddress": ["498 Jurong West Street 41", "640498", "Singapore"], "postalCode": "640498", "lat": 1.3491209163451119, "lng": 103.72383999383301, "country": "Singapore", "distance": 629, "city": "Singapore", "cc": "SG", "address": "498 Jurong West Street 41", "labeledLatLngs": [{"lng": 103.72383999383301, "label": "display", "lat": 1.3491209163451119}]}, "hours": {"isLocalHoliday": false, "isOpen": true, "status": "Likely open"}, "verified": false, "price": {"tier": 2, "currency": "$", "message": "Moderate"}}, "referralId": "e-3-4db8e37393a0f369e864211d-3", "tips": [{"id": "4ee6d16c93adf8e1a9de3a51", "text": "Sizeable queues. Seems like the food are just awesome. I shall feast on it.", "disagreeCount": 0, "logView": true, "createdAt": 1323749740, "likes": {"groups": [], "summary": "2 likes", "count": 2}, "todo": {"count": 1}, "agreeCount": 0, "canonicalUrl": "https://foursquare.com/item/4ee6d16c93adf8e1a9de3a51", "type": "user", "user": {"id": "6934030", "photo": {"prefix": "https://igx.4sqi.net/img/user/", "suffix": "/5GRHOWGX4AJRPEUE.jpg"}, "firstName": "Shafek", "gender": "male"}}]}, {"reasons": {"items": [{"reasonName": "globalInteractionReason", "summary": "This spot is popular", "type": "general"}], "count": 0}, "venue": {"contact": {}, "photos": {"groups": [], "count": 0}, "rating": 6.4, "name": "Chang Cheng Mee Wah", "ratingSignals": 10, "allowMenuUrlEdit": true, "categories": [{"pluralName": "Food Courts", "id": "4bf58dd8d48988d120951735", "primary": true, "icon": {"prefix": "https://ss3.4sqi.net/img/categories_v2/shops/food_foodcourt_", "suffix": ".png"}, "name": "Food Court", "shortName": "Food Court"}], "stats": {"checkinsCount": 1191, "usersCount": 239, "tipCount": 4}, "id": "4e5a45f1fa76d2b00c18342e", "beenHere": {"lastCheckinExpiredAt": 0, "count": 0, "marked": false}, "ratingColor": "FFC800", "location": {"formattedAddress": ["Blk 498 Jurong West Ave 1", "640498", "Singapore"], "postalCode": "640498", "lat": 1.3484213471113538, "lng": 103.72480157940555, "country": "Singapore", "distance": 631, "city": "Singapore", "cc": "SG", "address": "Blk 498 Jurong West Ave 1", "labeledLatLngs": [{"lng": 103.72480157940555, "label": "display", "lat": 1.3484213471113538}]}, "hours": {"isLocalHoliday": false, "isOpen": true, "status": "Likely open"}, "verified": false, "hereNow": {"groups": [], "summary": "Nobody here", "count": 0}}, "referralId": "e-3-4e5a45f1fa76d2b00c18342e-4", "tips": [{"logView": true, "photo": {"id": "56ad71bf498e38413ee21065", "visibility": "public", "source": {"name": "Foursquare for iOS", "url": "https://foursquare.com/download/#/iphone"}, "suffix": "/150269288_o60cXcKoKpdrGBlbvT7NZM9PiP7EZfoxyYtpDDCgQcE.jpg", "createdAt": 1454207423, "prefix": "https://igx.4sqi.net/img/general/", "width": 1920, "height": 1440}, "createdAt": 1454207409, "agreeCount": 0, "id": "56ad71b1498e7d6e4c1f0871", "text": "Good, tasty appam..", "type": "user", "disagreeCount": 0, "user": {"gender": "male", "id": "150269288", "photo": {"prefix": "https://igx.4sqi.net/img/user/", "suffix": "/150269288-SNDULCOOUT4YHTRP.jpg"}, "firstName": "Rajasekaran", "lastName": "Sockalingam"}, "canonicalUrl": "https://foursquare.com/item/56ad71b1498e7d6e4c1f0871", "todo": {"count": 0}, "photourl": "https://igx.4sqi.net/img/general/original/150269288_o60cXcKoKpdrGBlbvT7NZM9PiP7EZfoxyYtpDDCgQcE.jpg"}]}, {"reasons": {"items": [{"reasonName": "globalInteractionReason", "summary": "This spot is popular", "type": "general"}], "count": 0}, "venue": {"contact": {}, "photos": {"groups": [], "count": 0}, "rating": 6.4, "name": "Coffee United", "ratingSignals": 47, "allowMenuUrlEdit": true, "categories": [{"pluralName": "Food Courts", "id": "4bf58dd8d48988d120951735", "primary": true, "icon": {"prefix": "https://ss3.4sqi.net/img/categories_v2/shops/food_foodcourt_", "suffix": ".png"}, "name": "Food Court", "shortName": "Food Court"}], "stats": {"checkinsCount": 6415, "usersCount": 1328, "tipCount": 25}, "id": "4bc98215cc8cd13a18c2bbcf", "beenHere": {"lastCheckinExpiredAt": 0, "count": 0, "marked": false}, "ratingColor": "FFC800", "location": {"formattedAddress": ["496 Jurong West Avenue 1", "640495", "Singapore"], "postalCode": "640495", "lat": 1.3498630921915558, "lng": 103.72389793395996, "country": "Singapore", "distance": 704, "city": "Singapore", "cc": "SG", "address": "496 Jurong West Avenue 1", "labeledLatLngs": [{"lng": 103.72389793395996, "label": "display", "lat": 1.3498630921915558}]}, "hours": {"isLocalHoliday": false, "isOpen": true, "status": "Likely open"}, "verified": false, "hereNow": {"groups": [{"items": [], "name": "Other people here", "count": 2, "type": "others"}], "summary": "2 people are here", "count": 2}}, "referralId": "e-3-4bc98215cc8cd13a18c2bbcf-5", "tips": [{"id": "4d3bf0ea557d6dcb58043644", "text": "The mee hoon kuey is naise with the chilli! Yummy yummy! Its a mush try!", "disagreeCount": 0, "logView": true, "createdAt": 1295773930, "likes": {"groups": [], "summary": "6 likes", "count": 6}, "todo": {"count": 0}, "agreeCount": 6, "canonicalUrl": "https://foursquare.com/item/4d3bf0ea557d6dcb58043644", "type": "user", "user": {"gender": "female", "id": "4224967", "photo": {"prefix": "https://igx.4sqi.net/img/user/", "suffix": "/4224967-PAEOFH3UQ0SWZ4CR.jpg"}, "firstName": "yvonne", "lastName": "yvonne soh"}}]}, {"reasons": {"items": [{"reasonName": "globalInteractionReason", "summary": "This spot is popular", "type": "general"}], "count": 0}, "venue": {"contact": {}, "photos": {"groups": [], "count": 0}, "rating": 6.3, "name": "Mr Teh Tarik Eating House", "ratingSignals": 104, "allowMenuUrlEdit": true, "categories": [{"pluralName": "Food Courts", "id": "4bf58dd8d48988d120951735", "primary": true, "icon": {"prefix": "https://ss3.4sqi.net/img/categories_v2/shops/food_foodcourt_", "suffix": ".png"}, "name": "Food Court", "shortName": "Food Court"}], "stats": {"checkinsCount": 10094, "usersCount": 3581, "tipCount": 80}, "id": "4bde6e50e75c0f47c8e9c703", "beenHere": {"lastCheckinExpiredAt": 0, "count": 0, "marked": false}, "url": "http://www.mrtehtarik.com.sg", "ratingColor": "FFC800", "location": {"formattedAddress": ["456 Jurong West St. 41 #01-750", "640456", "Singapore"], "postalCode": "640456", "lat": 1.350935677821201, "lng": 103.72042179107666, "country": "Singapore", "distance": 745, "city": "Singapore", "cc": "SG", "address": "456 Jurong West St. 41 #01-750", "labeledLatLngs": [{"lng": 103.72042179107666, "label": "display", "lat": 1.350935677821201}]}, "hours": {"isLocalHoliday": false, "isOpen": true, "status": "Open"}, "verified": false, "hereNow": {"groups": [], "summary": "Nobody here", "count": 0}}, "referralId": "e-3-4bde6e50e75c0f47c8e9c703-6", "tips": [{"id": "4c911d1b0c209c743cc62fff", "text": "Laksa, Slice Fish Soup, Slice Fish Fried Rice, Baby Squid", "disagreeCount": 0, "logView": true, "createdAt": 1284578587, "likes": {"groups": [], "summary": "15 likes", "count": 15}, "todo": {"count": 0}, "agreeCount": 0, "canonicalUrl": "https://foursquare.com/item/4c911d1b0c209c743cc62fff", "type": "user", "user": {"gender": "male", "id": "3342336", "photo": {"prefix": "https://igx.4sqi.net/img/user/", "suffix": "/FBMHE3CKAV5BKNUC.jpg"}, "firstName": "Din", "lastName": "Monzter"}}]}, {"reasons": {"items": [{"reasonName": "globalInteractionReason", "summary": "This spot is popular", "type": "general"}], "count": 0}, "venue": {"hereNow": {"groups": [], "summary": "Nobody here", "count": 0}, "contact": {"phone": "+6562654677", "formattedPhone": "+65 6265 4677"}, "photos": {"groups": [], "count": 0}, "name": "Cake History", "allowMenuUrlEdit": true, "beenHere": {"lastCheckinExpiredAt": 0, "count": 0, "marked": false}, "stats": {"checkinsCount": 784, "usersCount": 140, "tipCount": 1}, "id": "4bc45344461576b0f3b67f32", "categories": [{"pluralName": "Bakeries", "id": "4bf58dd8d48988d16a941735", "primary": true, "icon": {"prefix": "https://ss3.4sqi.net/img/categories_v2/food/bakery_", "suffix": ".png"}, "name": "Bakery", "shortName": "Bakery"}], "location": {"lng": 103.72048015506905, "formattedAddress": ["#01-07/08, Lakeside MRT (201 Boon Lay Way)", "649845", "Singapore"], "postalCode": "649845", "lat": 1.3442016146305764, "crossStreet": "201 Boon Lay Way", "country": "Singapore", "distance": 52, "city": "Singapore", "cc": "SG", "address": "#01-07/08, Lakeside MRT", "labeledLatLngs": [{"lng": 103.72048015506905, "label": "display", "lat": 1.3442016146305764}]}, "hours": {"isLocalHoliday": false, "isOpen": true, "status": "Open until 11:00 PM"}, "verified": false, "price": {"tier": 1, "currency": "$", "message": "Cheap"}}, "referralId": "e-3-4bc45344461576b0f3b67f32-7", "tips": [{"id": "4e8e62c8cc21c15fa2b1dcad", "text": "Please consume the breads here at your own risk as they are so ventilated that they are occasionally infested with flies. Otherwise, good price, with frequent $1-per-bread promotion.", "disagreeCount": 0, "logView": true, "createdAt": 1317954248, "likes": {"groups": [], "summary": "1 like", "count": 1}, "todo": {"count": 0}, "agreeCount": 1, "canonicalUrl": "https://foursquare.com/item/4e8e62c8cc21c15fa2b1dcad", "type": "user", "user": {"gender": "male", "id": "2004842", "photo": {"prefix": "https://igx.4sqi.net/img/user/", "suffix": "/2004842-DMLCBCHR43DL3EJJ.jpg"}, "firstName": "Teng", "lastName": "Jeremy"}}]}, {"reasons": {"items": [{"reasonName": "globalInteractionReason", "summary": "This spot is popular", "type": "general"}], "count": 0}, "venue": {"hereNow": {"groups": [], "summary": "Nobody here", "count": 0}, "contact": {"facebook": "194064697405830", "facebookUsername": "MrBeanSingapore", "facebookName": "Mr Bean Singapore"}, "photos": {"groups": [], "count": 0}, "name": "Mr Bean", "allowMenuUrlEdit": true, "beenHere": {"lastCheckinExpiredAt": 0, "count": 0, "marked": false}, "stats": {"checkinsCount": 1211, "usersCount": 233, "tipCount": 3}, "id": "4b8e4321f964a520441d33e3", "categories": [{"pluralName": "Snack Places", "id": "4bf58dd8d48988d1c7941735", "primary": true, "icon": {"prefix": "https://ss3.4sqi.net/img/categories_v2/food/snacks_", "suffix": ".png"}, "name": "Snack Place", "shortName": "Snacks"}], "url": "http://www.mrbean.com.sg", "location": {"lng": 103.72063287317897, "formattedAddress": ["#01-02, Lakeside MRT (201 Boon Lay Way)", "649845", "Singapore"], "postalCode": "649845", "lat": 1.3441640476807826, "crossStreet": "201 Boon Lay Way", "country": "Singapore", "distance": 36, "city": "Singapore", "cc": "SG", "address": "#01-02, Lakeside MRT", "labeledLatLngs": [{"lng": 103.72063287317897, "label": "display", "lat": 1.3441640476807826}]}, "hours": {"isLocalHoliday": false, "isOpen": true, "status": "Open until 10:00 PM"}, "verified": false, "price": {"tier": 1, "currency": "$", "message": "Cheap"}}, "referralId": "e-3-4b8e4321f964a520441d33e3-8", "tips": [{"id": "4c7140a4f52cb7133590b4af", "text": "Try the pineapple biscuit! Only S$1 and so yummy!", "disagreeCount": 0, "logView": true, "createdAt": 1282490532, "likes": {"groups": [], "summary": "1 like", "count": 1}, "todo": {"count": 1}, "agreeCount": 1, "canonicalUrl": "https://foursquare.com/item/4c7140a4f52cb7133590b4af", "type": "user", "user": {"gender": "female", "id": "570109", "photo": {"prefix": "https://igx.4sqi.net/img/user/", "suffix": "/MVTTLSEFZTC44L4M.jpg"}, "firstName": "Jen", "lastName": "Page"}}]}, {"reasons": {"items": [{"reasonName": "globalInteractionReason", "summary": "This spot is popular", "type": "general"}], "count": 0}, "venue": {"hereNow": {"groups": [], "summary": "Nobody here", "count": 0}, "contact": {}, "photos": {"groups": [], "count": 0}, "name": "Caffeine Addiction Society", "allowMenuUrlEdit": true, "beenHere": {"lastCheckinExpiredAt": 0, "count": 0, "marked": false}, "stats": {"checkinsCount": 93, "usersCount": 31, "tipCount": 0}, "id": "4ca1774c79d9b1f7b2e9bf99", "categories": [{"pluralName": "Bagel Shops", "id": "4bf58dd8d48988d179941735", "primary": true, "icon": {"prefix": "https://ss3.4sqi.net/img/categories_v2/food/bagels_", "suffix": ".png"}, "name": "Bagel Shop", "shortName": "Bagels"}], "location": {"formattedAddress": ["Singapore"], "lat": 1.344381632952553, "lng": 103.72035571821976, "distance": 67, "country": "Singapore", "cc": "SG", "labeledLatLngs": [{"lng": 103.72035571821976, "label": "display", "lat": 1.344381632952553}]}, "verified": false, "price": {"tier": 1, "currency": "$", "message": "Cheap"}}, "referralId": "e-3-4ca1774c79d9b1f7b2e9bf99-9"}, {"reasons": {"items": [{"reasonName": "globalInteractionReason", "summary": "This spot is popular", "type": "general"}], "count": 0}, "venue": {"hereNow": {"groups": [], "summary": "Nobody here", "count": 0}, "contact": {}, "photos": {"groups": [], "count": 0}, "name": "Sundel Bolong Satay Stall\u2122", "allowMenuUrlEdit": true, "beenHere": {"lastCheckinExpiredAt": 0, "count": 0, "marked": false}, "stats": {"checkinsCount": 62, "usersCount": 36, "tipCount": 1}, "id": "4ccee72dba0a5481eb864b59", "categories": [{"pluralName": "Food Trucks", "id": "4bf58dd8d48988d1cb941735", "primary": true, "icon": {"prefix": "https://ss3.4sqi.net/img/categories_v2/food/streetfood_", "suffix": ".png"}, "name": "Food Truck", "shortName": "Food Truck"}], "location": {"formattedAddress": ["(Lokasi sebenar di-rahsiakan) \ue11c", "Singapore"], "lat": 1.3443121896682264, "lng": 103.72090437247236, "distance": 7, "country": "Singapore", "cc": "SG", "address": "(Lokasi sebenar di-rahsiakan) \ue11c", "labeledLatLngs": [{"lng": 103.72090437247236, "label": "display", "lat": 1.3443121896682264}]}, "verified": false, "price": {"tier": 1, "currency": "$", "message": "Cheap"}}, "referralId": "e-3-4ccee72dba0a5481eb864b59-10", "tips": [{"id": "4dcb92521f6ea1401d421e95", "text": "Satay mahdi :)", "disagreeCount": 0, "logView": true, "createdAt": 1305186898, "likes": {"groups": [], "summary": "1 like", "count": 1}, "todo": {"count": 0}, "agreeCount": 0, "canonicalUrl": "https://foursquare.com/item/4dcb92521f6ea1401d421e95", "type": "user", "user": {"gender": "male", "id": "3764421", "photo": {"prefix": "https://igx.4sqi.net/img/user/", "suffix": "/R3ZDW4XV5GDSNC3W.jpg"}, "firstName": "Wan", "lastName": "Farel"}}]}, {"reasons": {"items": [{"reasonName": "globalInteractionReason", "summary": "This spot is popular", "type": "general"}], "count": 0}, "venue": {"id": "4d99bcb8b188721e8b714437", "hereNow": {"groups": [], "summary": "Nobody here", "count": 0}, "contact": {}, "beenHere": {"lastCheckinExpiredAt": 0, "count": 0, "marked": false}, "photos": {"groups": [], "count": 0}, "name": "Munch House", "location": {"lng": 103.72063852940863, "formattedAddress": ["Lakeside MRT (201 Boon Lay Way #01-04)", "649845", "Singapore"], "postalCode": "649845", "lat": 1.344364528795913, "crossStreet": "201 Boon Lay Way #01-04", "country": "Singapore", "distance": 36, "city": "Singapore", "cc": "SG", "address": "Lakeside MRT", "labeledLatLngs": [{"lng": 103.72063852940863, "label": "display", "lat": 1.344364528795913}]}, "allowMenuUrlEdit": true, "verified": false, "categories": [{"pluralName": "Food Courts", "id": "4bf58dd8d48988d120951735", "primary": true, "icon": {"prefix": "https://ss3.4sqi.net/img/categories_v2/shops/food_foodcourt_", "suffix": ".png"}, "name": "Food Court", "shortName": "Food Court"}], "stats": {"checkinsCount": 140, "usersCount": 48, "tipCount": 2}}, "referralId": "e-3-4d99bcb8b188721e8b714437-11", "tips": [{"id": "532b26b411d2a11abce6eee3", "text": "Ramli burgers are sooo delicious here!", "disagreeCount": 0, "createdAt": 1395336884, "logView": true, "todo": {"count": 0}, "agreeCount": 0, "canonicalUrl": "https://foursquare.com/item/532b26b411d2a11abce6eee3", "type": "user", "user": {"gender": "female", "id": "16389534", "photo": {"prefix": "https://igx.4sqi.net/img/user/", "suffix": "/BSMNXFD3GXRJDWPV.jpg"}, "firstName": "M", "lastName": "W"}}]}, {"reasons": {"items": [{"reasonName": "globalInteractionReason", "summary": "This spot is popular", "type": "general"}], "count": 0}, "venue": {"hereNow": {"groups": [], "summary": "Nobody here", "count": 0}, "contact": {"facebook": "420662141297203", "facebookUsername": "VegetarianVillas", "facebookName": "\u7d20\u96c5\u8f69 Vegetarian Villas", "phone": "+6568973977", "formattedPhone": "+65 6897 3977"}, "photos": {"groups": [], "count": 0}, "rating": 5.9, "name": "Vegetarian Villas \u7d20\u96c5\u8f69", "ratingSignals": 27, "allowMenuUrlEdit": true, "categories": [{"pluralName": "Vegetarian / Vegan Restaurants", "id": "4bf58dd8d48988d1d3941735", "primary": true, "icon": {"prefix": "https://ss3.4sqi.net/img/categories_v2/food/vegetarian_", "suffix": ".png"}, "name": "Vegetarian / Vegan Restaurant", "shortName": "Vegetarian / Vegan"}], "stats": {"checkinsCount": 1049, "usersCount": 320, "tipCount": 18}, "id": "4c07566a8a81c9b626202790", "beenHere": {"lastCheckinExpiredAt": 0, "count": 0, "marked": false}, "ratingColor": "FF9600", "location": {"formattedAddress": ["479 Jurong West St 41, #01-264", "640479", "Singapore"], "postalCode": "640479", "neighborhood": "Jurong West", "lat": 1.3470953501218448, "lng": 103.72460926173731, "country": "Singapore", "distance": 515, "city": "Jurong West New Town", "cc": "SG", "address": "479 Jurong West St 41, #01-264", "labeledLatLngs": [{"lng": 103.72460926173731, "label": "display", "lat": 1.3470953501218448}]}, "hours": {"isLocalHoliday": false, "isOpen": true, "status": "Open until 8:45 PM"}, "verified": false, "price": {"tier": 2, "currency": "$", "message": "Moderate"}}, "referralId": "e-3-4c07566a8a81c9b626202790-12", "tips": [{"id": "4d5d0c91590b224b9464a76d", "text": "Nice food and fast service.", "disagreeCount": 0, "logView": true, "createdAt": 1297943697, "likes": {"groups": [], "summary": "3 likes", "count": 3}, "todo": {"count": 0}, "agreeCount": 0, "canonicalUrl": "https://foursquare.com/item/4d5d0c91590b224b9464a76d", "type": "user", "user": {"gender": "male", "id": "1258495", "photo": {"prefix": "https://igx.4sqi.net/img/user/", "suffix": "/APSIYGDVMQML4UAW.jpg"}, "firstName": "Kwan", "lastName": "Tuck Soon"}}]}, {"reasons": {"items": [{"reasonName": "globalInteractionReason", "summary": "This spot is popular", "type": "general"}], "count": 0}, "venue": {"hereNow": {"groups": [], "summary": "Nobody here", "count": 0}, "contact": {}, "photos": {"groups": [], "count": 0}, "name": "Lakeside Cafe (Ali)", "allowMenuUrlEdit": true, "beenHere": {"lastCheckinExpiredAt": 0, "count": 0, "marked": false}, "stats": {"checkinsCount": 174, "usersCount": 64, "tipCount": 1}, "id": "4cfc233afeec6dcb67ba4a36", "categories": [{"pluralName": "Asian Restaurants", "id": "4bf58dd8d48988d142941735", "primary": true, "icon": {"prefix": "https://ss3.4sqi.net/img/categories_v2/food/asian_", "suffix": ".png"}, "name": "Asian Restaurant", "shortName": "Asian"}], "location": {"formattedAddress": ["Blk 517 Jurong West St 52", "Singapore"], "lat": 1.3453425600549611, "lng": 103.71920185477747, "distance": 228, "country": "Singapore", "cc": "SG", "address": "Blk 517 Jurong West St 52", "labeledLatLngs": [{"lng": 103.71920185477747, "label": "display", "lat": 1.3453425600549611}]}, "verified": false, "price": {"tier": 2, "currency": "$", "message": "Moderate"}}, "referralId": "e-3-4cfc233afeec6dcb67ba4a36-13", "tips": [{"id": "50402cfbe4b09fb67a15be2a", "text": "Enjoy your meals here.", "disagreeCount": 0, "logView": true, "createdAt": 1346383099, "likes": {"groups": [], "summary": "1 like", "count": 1}, "todo": {"count": 0}, "agreeCount": 1, "canonicalUrl": "https://foursquare.com/item/50402cfbe4b09fb67a15be2a", "type": "user", "user": {"gender": "male", "id": "759498", "photo": {"prefix": "https://igx.4sqi.net/img/user/", "suffix": "/HKHQWZKZ3YSS3S0U.jpg"}, "firstName": "Joe", "lastName": "Metalz"}}]}, {"reasons": {"items": [{"reasonName": "globalInteractionReason", "summary": "This spot is popular", "type": "general"}], "count": 0}, "venue": {"contact": {}, "photos": {"groups": [], "count": 0}, "rating": 5.9, "name": "JW 504 F&B", "ratingSignals": 21, "allowMenuUrlEdit": true, "categories": [{"pluralName": "Food Courts", "id": "4bf58dd8d48988d120951735", "primary": true, "icon": {"prefix": "https://ss3.4sqi.net/img/categories_v2/shops/food_foodcourt_", "suffix": ".png"}, "name": "Food Court", "shortName": "Food Court"}], "stats": {"checkinsCount": 1574, "usersCount": 542, "tipCount": 14}, "id": "4c16ff6c74fb20a1410a5112", "beenHere": {"lastCheckinExpiredAt": 0, "count": 0, "marked": false}, "ratingColor": "FF9600", "location": {"formattedAddress": ["504 Jurong West St 51", "640504", "Singapore"], "postalCode": "640504", "lat": 1.3492531196839839, "lng": 103.71957516244687, "country": "Singapore", "distance": 576, "city": "Singapore", "cc": "SG", "address": "504 Jurong West St 51", "labeledLatLngs": [{"lng": 103.71957516244687, "label": "display", "lat": 1.3492531196839839}]}, "hours": {"isLocalHoliday": false, "isOpen": true, "status": "Likely open"}, "verified": false, "hereNow": {"groups": [{"items": [], "name": "Other people here", "count": 1, "type": "others"}], "summary": "One other person is here", "count": 1}}, "referralId": "e-3-4c16ff6c74fb20a1410a5112-14", "tips": [{"id": "4ce3d7afdc85a14332fd47d2", "text": "Halal seafood stall & western power!!!!", "disagreeCount": 0, "logView": true, "createdAt": 1290000303, "likes": {"groups": [], "summary": "1 like", "count": 1}, "todo": {"count": 1}, "agreeCount": 1, "canonicalUrl": "https://foursquare.com/item/4ce3d7afdc85a14332fd47d2", "type": "user", "user": {"gender": "female", "id": "4511352", "photo": {"prefix": "https://igx.4sqi.net/img/user/", "suffix": "/4511352-J553DHV1FK1CN1AZ.jpg"}, "firstName": "Erda", "lastName": "Suliyana"}}]}, {"reasons": {"items": [{"reasonName": "globalInteractionReason", "summary": "This spot is popular", "type": "general"}], "count": 0}, "venue": {"hereNow": {"groups": [], "summary": "Nobody here", "count": 0}, "contact": {}, "photos": {"groups": [], "count": 0}, "rating": 5.8, "name": "Soh Kee Cooked Food", "ratingSignals": 8, "allowMenuUrlEdit": true, "categories": [{"pluralName": "Asian Restaurants", "id": "4bf58dd8d48988d142941735", "primary": true, "icon": {"prefix": "https://ss3.4sqi.net/img/categories_v2/food/asian_", "suffix": ".png"}, "name": "Asian Restaurant", "shortName": "Asian"}], "stats": {"checkinsCount": 144, "usersCount": 63, "tipCount": 5}, "id": "4cd53f6367adf04da4e72b91", "beenHere": {"lastCheckinExpiredAt": 0, "count": 0, "marked": false}, "ratingColor": "FF9600", "location": {"formattedAddress": ["Singapore"], "lat": 1.3498503253095078, "lng": 103.71837605667226, "distance": 685, "country": "Singapore", "cc": "SG", "labeledLatLngs": [{"lng": 103.71837605667226, "label": "display", "lat": 1.3498503253095078}]}, "hours": {"isLocalHoliday": false, "isOpen": false, "status": "Closed until 9:00 AM tomorrow"}, "verified": false, "price": {"tier": 2, "currency": "$", "message": "Moderate"}}, "referralId": "e-3-4cd53f6367adf04da4e72b91-15", "tips": [{"id": "55a2139e498e22ff6aed1caf", "text": "The chicken is really tender and not overcooked. Pairing with the porridge than your traditional rice is a first and complements it very well.", "disagreeCount": 0, "createdAt": 1436685214, "logView": true, "todo": {"count": 0}, "agreeCount": 0, "canonicalUrl": "https://foursquare.com/item/55a2139e498e22ff6aed1caf", "type": "user", "user": {"gender": "female", "id": "129491502", "photo": {"prefix": "https://igx.4sqi.net/img/user/", "suffix": "/129491502-JUY23AGYKIQJ1USY.jpg"}, "firstName": "Celine", "lastName": "Ong"}}]}, {"reasons": {"items": [{"reasonName": "globalInteractionReason", "summary": "This spot is popular", "type": "general"}], "count": 0}, "venue": {"hereNow": {"groups": [], "summary": "Nobody here", "count": 0}, "contact": {}, "photos": {"groups": [], "count": 0}, "name": "BBQ Pit @ Lakeppint Condo", "allowMenuUrlEdit": true, "beenHere": {"lastCheckinExpiredAt": 0, "count": 0, "marked": false}, "stats": {"checkinsCount": 41, "usersCount": 17, "tipCount": 0}, "id": "4cb012f0562d224b45981388", "categories": [{"pluralName": "BBQ Joints", "id": "4bf58dd8d48988d1df931735", "primary": true, "icon": {"prefix": "https://ss3.4sqi.net/img/categories_v2/food/bbqalt_", "suffix": ".png"}, "name": "BBQ Joint", "shortName": "BBQ"}], "location": {"formattedAddress": ["Singapore"], "lat": 1.3418198164327608, "lng": 103.71792356672648, "distance": 432, "country": "Singapore", "cc": "SG", "labeledLatLngs": [{"lng": 103.71792356672648, "label": "display", "lat": 1.3418198164327608}]}, "verified": false, "price": {"tier": 2, "currency": "$", "message": "Moderate"}}, "referralId": "e-3-4cb012f0562d224b45981388-16"}, {"reasons": {"items": [{"reasonName": "globalInteractionReason", "summary": "This spot is popular", "type": "general"}], "count": 0}, "venue": {"hereNow": {"groups": [], "summary": "Nobody here", "count": 0}, "contact": {}, "photos": {"groups": [], "count": 0}, "name": "70\u5e74\u4ee3\u714c\u6f6e \u6f6e\u5dde\u9762 Teochew Noodle", "allowMenuUrlEdit": true, "beenHere": {"lastCheckinExpiredAt": 0, "count": 0, "marked": false}, "stats": {"checkinsCount": 689, "usersCount": 22, "tipCount": 0}, "id": "4fa0051c7b0ca1287a496ebb", "categories": [{"pluralName": "Noodle Houses", "id": "4bf58dd8d48988d1d1941735", "primary": true, "icon": {"prefix": "https://ss3.4sqi.net/img/categories_v2/food/ramen_", "suffix": ".png"}, "name": "Noodle House", "shortName": "Noodles"}], "location": {"formattedAddress": ["Blk 346A Kang Ching Road, #01-01", "611346", "Singapore"], "postalCode": "611346", "lat": 1.3400389626503455, "lng": 103.72140212261071, "country": "Singapore", "distance": 472, "city": "Singapore", "cc": "SG", "address": "Blk 346A Kang Ching Road, #01-01", "labeledLatLngs": [{"lng": 103.72140212261071, "label": "display", "lat": 1.3400389626503455}]}, "hours": {"isLocalHoliday": false, "isOpen": false}, "verified": false, "price": {"tier": 1, "currency": "$", "message": "Cheap"}}, "referralId": "e-3-4fa0051c7b0ca1287a496ebb-17"}, {"reasons": {"items": [{"reasonName": "globalInteractionReason", "summary": "This spot is popular", "type": "general"}], "count": 0}, "venue": {"id": "4cfcd1a37945224b6c138de7", "hereNow": {"groups": [], "summary": "Nobody here", "count": 0}, "contact": {}, "beenHere": {"lastCheckinExpiredAt": 0, "count": 0, "marked": false}, "photos": {"groups": [], "count": 0}, "name": "Singfood @ Blk 504 Jurong West", "location": {"formattedAddress": ["Jurong West Blk504", "Singapore"], "lat": 1.3490477454013814, "lng": 103.7193036658565, "distance": 563, "country": "Singapore", "cc": "SG", "address": "Jurong West Blk504", "labeledLatLngs": [{"lng": 103.7193036658565, "label": "display", "lat": 1.3490477454013814}]}, "allowMenuUrlEdit": true, "verified": false, "categories": [{"pluralName": "Food Courts", "id": "4bf58dd8d48988d120951735", "primary": true, "icon": {"prefix": "https://ss3.4sqi.net/img/categories_v2/shops/food_foodcourt_", "suffix": ".png"}, "name": "Food Court", "shortName": "Food Court"}], "stats": {"checkinsCount": 52, "usersCount": 40, "tipCount": 0}}, "referralId": "e-3-4cfcd1a37945224b6c138de7-18"}, {"reasons": {"items": [{"reasonName": "globalInteractionReason", "summary": "This spot is popular", "type": "general"}], "count": 0}, "venue": {"hereNow": {"groups": [], "summary": "Nobody here", "count": 0}, "contact": {}, "photos": {"groups": [], "count": 0}, "name": "Sinar Harapan Chinese Muslim Food", "allowMenuUrlEdit": true, "beenHere": {"lastCheckinExpiredAt": 0, "count": 0, "marked": false}, "stats": {"checkinsCount": 323, "usersCount": 134, "tipCount": 5}, "id": "4bc937a40687ef3b2bb6d9cc", "categories": [{"pluralName": "Asian Restaurants", "id": "4bf58dd8d48988d142941735", "primary": true, "icon": {"prefix": "https://ss3.4sqi.net/img/categories_v2/food/asian_", "suffix": ".png"}, "name": "Asian Restaurant", "shortName": "Asian"}], "location": {"lng": 103.7193036658565, "formattedAddress": ["Blk 505 #01-178 (505 Jurong West St. 51)", "Singapore"], "lat": 1.349087851634261, "crossStreet": "505 Jurong West St. 51", "country": "Singapore", "distance": 567, "city": "Singapore", "cc": "SG", "address": "Blk 505 #01-178", "labeledLatLngs": [{"lng": 103.7193036658565, "label": "display", "lat": 1.349087851634261}]}, "hours": {"isLocalHoliday": false, "isOpen": false}, "verified": false, "price": {"tier": 2, "currency": "$", "message": "Moderate"}}, "referralId": "e-3-4bc937a40687ef3b2bb6d9cc-19", "tips": [{"id": "4d5658b39e508cfac7480c9b", "text": "Chicken rice power nak mampos !!", "disagreeCount": 0, "logView": true, "createdAt": 1297504435, "likes": {"groups": [], "summary": "1 like", "count": 1}, "todo": {"count": 1}, "agreeCount": 0, "canonicalUrl": "https://foursquare.com/item/4d5658b39e508cfac7480c9b", "type": "user", "user": {"gender": "male", "id": "6627249", "photo": {"prefix": "https://igx.4sqi.net/img/user/", "suffix": "/PFTSOQ5IUDLLOUWC.jpg"}, "firstName": "Alfie", "lastName": "Compton"}}]}, {"reasons": {"items": [{"reasonName": "globalInteractionReason", "summary": "This spot is popular", "type": "general"}], "count": 0}, "venue": {"hereNow": {"groups": [], "summary": "Nobody here", "count": 0}, "contact": {}, "photos": {"groups": [], "count": 0}, "name": "Cold Rock BubbleTea", "allowMenuUrlEdit": true, "beenHere": {"lastCheckinExpiredAt": 0, "count": 0, "marked": false}, "stats": {"checkinsCount": 43, "usersCount": 18, "tipCount": 0}, "id": "4d26d0bdb818a35db7ba858a", "categories": [{"pluralName": "Caf\u00e9s", "id": "4bf58dd8d48988d16d941735", "primary": true, "icon": {"prefix": "https://ss3.4sqi.net/img/categories_v2/food/cafe_", "suffix": ".png"}, "name": "Caf\u00e9", "shortName": "Caf\u00e9"}], "location": {"formattedAddress": ["Singapore"], "lat": 1.34743, "lng": 103.725139, "distance": 584, "country": "Singapore", "cc": "SG", "labeledLatLngs": [{"lng": 103.725139, "label": "display", "lat": 1.34743}]}, "verified": false, "price": {"tier": 1, "currency": "$", "message": "Cheap"}}, "referralId": "e-3-4d26d0bdb818a35db7ba858a-20"}, {"reasons": {"items": [{"reasonName": "globalInteractionReason", "summary": "This spot is popular", "type": "general"}], "count": 0}, "venue": {"contact": {"phone": "+6567417022", "formattedPhone": "+65 6741 7022"}, "photos": {"groups": [], "count": 0}, "rating": 5.7, "name": "\u5229\u53d1\u5174 (Foodcourt)", "ratingSignals": 14, "allowMenuUrlEdit": true, "categories": [{"pluralName": "Food Courts", "id": "4bf58dd8d48988d120951735", "primary": true, "icon": {"prefix": "https://ss3.4sqi.net/img/categories_v2/shops/food_foodcourt_", "suffix": ".png"}, "name": "Food Court", "shortName": "Food Court"}], "stats": {"checkinsCount": 2785, "usersCount": 673, "tipCount": 12}, "id": "4d030ca037036dcbaea707fb", "beenHere": {"lastCheckinExpiredAt": 0, "count": 0, "marked": false}, "ratingColor": "FF9600", "location": {"formattedAddress": ["496 Jurong West Avenue 1. #01-82.", "640496", "Singapore"], "postalCode": "640496", "lat": 1.3503040919332396, "lng": 103.72395312118817, "country": "Singapore", "distance": 751, "city": "Singapore", "cc": "SG", "address": "496 Jurong West Avenue 1. #01-82.", "labeledLatLngs": [{"lng": 103.72395312118817, "label": "display", "lat": 1.3503040919332396}]}, "hours": {"isLocalHoliday": false, "isOpen": true, "status": "Likely open"}, "verified": false, "hereNow": {"groups": [{"items": [], "name": "Other people here", "count": 1, "type": "others"}], "summary": "One other person is here", "count": 1}}, "referralId": "e-3-4d030ca037036dcbaea707fb-21", "tips": [{"id": "57dfb4ff498ee58f8db0fa94", "text": "Catching on the salted egg trend, the western stall Golden Rooster is now selling 6 pcs salted egg wings for $7.90", "disagreeCount": 0, "createdAt": 1474278655, "logView": true, "todo": {"count": 0}, "agreeCount": 0, "canonicalUrl": "https://foursquare.com/item/57dfb4ff498ee58f8db0fa94", "type": "user", "user": {"id": "2416267", "photo": {"prefix": "https://igx.4sqi.net/img/user/", "suffix": "/2416267_KucjsQEM_ScdU_2QSQAUHuzKmBVwkJjI1N_g1HGztwHiU1HR99IuZBaOJaUm2PG-HS1b9ZtFJ.jpg"}, "firstName": "Songhua", "gender": "male"}}]}, {"reasons": {"items": [{"reasonName": "globalInteractionReason", "summary": "This spot is popular", "type": "general"}], "count": 0}, "venue": {"contact": {}, "photos": {"groups": [], "count": 0}, "rating": 5.6, "name": "Blk 501 24hrs Coffeeshop \u91d1\u5473\u5496\u5561\u5e97", "ratingSignals": 21, "allowMenuUrlEdit": true, "categories": [{"pluralName": "Food Courts", "id": "4bf58dd8d48988d120951735", "primary": true, "icon": {"prefix": "https://ss3.4sqi.net/img/categories_v2/shops/food_foodcourt_", "suffix": ".png"}, "name": "Food Court", "shortName": "Food Court"}], "stats": {"checkinsCount": 3035, "usersCount": 905, "tipCount": 6}, "id": "4cdcdfb899026dcbac4b1681", "beenHere": {"lastCheckinExpiredAt": 0, "count": 0, "marked": false}, "ratingColor": "FF9600", "location": {"lng": 103.7187946112378, "formattedAddress": ["501 Jurong West St. 51, #01-251 (Jurong West Ave 1)", "640501", "Singapore"], "postalCode": "640501", "lat": 1.3505484018804232, "crossStreet": "Jurong West Ave 1", "country": "Singapore", "distance": 740, "city": "Singapore", "cc": "SG", "address": "501 Jurong West St. 51, #01-251", "labeledLatLngs": [{"lng": 103.7187946112378, "label": "display", "lat": 1.3505484018804232}]}, "hours": {"isLocalHoliday": false, "isOpen": true, "status": "Likely open"}, "verified": false, "hereNow": {"groups": [], "summary": "Nobody here", "count": 0}}, "referralId": "e-3-4cdcdfb899026dcbac4b1681-22", "tips": [{"id": "5038ec83e4b0282c9f0ceae7", "text": "I wan to complaint the the mixed food vegatable stall, the food is selling so exp, are they selling in neighbourhood coffee shop or that area is a food court 3 meat with noodle can sell up to $5.90.", "disagreeCount": 0, "logView": true, "createdAt": 1345907843, "likes": {"groups": [], "summary": "3 likes", "count": 3}, "todo": {"count": 0}, "agreeCount": 3, "canonicalUrl": "https://foursquare.com/item/5038ec83e4b0282c9f0ceae7", "type": "user", "user": {"gender": "male", "id": "35752704", "photo": {"prefix": "https://igx.4sqi.net/img/user/", "default": true, "suffix": "/blank_boy.png"}, "firstName": "ivan", "lastName": "peng"}}]}, {"reasons": {"items": [{"reasonName": "globalInteractionReason", "summary": "This spot is popular", "type": "general"}], "count": 0}, "venue": {"hereNow": {"groups": [], "summary": "Nobody here", "count": 0}, "contact": {}, "photos": {"groups": [], "count": 0}, "name": "Kopishop @ Blk 346A", "allowMenuUrlEdit": true, "beenHere": {"lastCheckinExpiredAt": 0, "count": 0, "marked": false}, "stats": {"checkinsCount": 132, "usersCount": 38, "tipCount": 0}, "id": "4d265848f7a9224bc26be19f", "categories": [{"pluralName": "Restaurants", "id": "4bf58dd8d48988d1c4941735", "primary": true, "icon": {"prefix": "https://ss3.4sqi.net/img/categories_v2/food/default_", "suffix": ".png"}, "name": "Restaurant", "shortName": "Restaurant"}], "location": {"formattedAddress": ["Kang Ching Road", "Singapore"], "lat": 1.3386577167870333, "lng": 103.72008422004203, "country": "Singapore", "distance": 630, "city": "Singapore", "cc": "SG", "address": "Kang Ching Road", "labeledLatLngs": [{"lng": 103.72008422004203, "label": "display", "lat": 1.3386577167870333}]}, "verified": false, "price": {"tier": 2, "currency": "$", "message": "Moderate"}}, "referralId": "e-3-4d265848f7a9224bc26be19f-23"}, {"reasons": {"items": [{"reasonName": "globalInteractionReason", "summary": "This spot is popular", "type": "general"}], "count": 0}, "venue": {"hereNow": {"groups": [], "summary": "Nobody here", "count": 0}, "contact": {}, "photos": {"groups": [], "count": 0}, "name": "Rasa Sayang Thai Seafood", "allowMenuUrlEdit": true, "beenHere": {"lastCheckinExpiredAt": 0, "count": 0, "marked": false}, "stats": {"checkinsCount": 37, "usersCount": 15, "tipCount": 1}, "id": "50e01da5e4b0c73e71240cb1", "categories": [{"pluralName": "Diners", "id": "4bf58dd8d48988d147941735", "primary": true, "icon": {"prefix": "https://ss3.4sqi.net/img/categories_v2/food/diner_", "suffix": ".png"}, "name": "Diner", "shortName": "Diner"}], "location": {"formattedAddress": ["Jurong West", "Singapore"], "lat": 1.349033, "lng": 103.723994, "distance": 630, "country": "Singapore", "cc": "SG", "address": "Jurong West", "labeledLatLngs": [{"lng": 103.723994, "label": "display", "lat": 1.349033}]}, "verified": false, "price": {"tier": 1, "currency": "$", "message": "Cheap"}}, "referralId": "e-3-50e01da5e4b0c73e71240cb1-24", "tips": [{"logView": true, "photo": {"id": "522f19c8498e083031699c89", "visibility": "public", "source": {"name": "Foursquare for Android", "url": "https://foursquare.com/download/#/android"}, "suffix": "/5258229_Lq5zZHlnIhN1N-jBpqXITD7gDJaFfyaunTQZSVov2i0.jpg", "createdAt": 1378818504, "prefix": "https://igx.4sqi.net/img/general/", "width": 540, "height": 960}, "createdAt": 1378818501, "agreeCount": 0, "id": "522f19c5498e616d9d431574", "text": "Cereal sotong not crispy or buttery as normal. Batter was tasteless. Really disappointing. 100913", "type": "user", "disagreeCount": 0, "user": {"gender": "none", "id": "5258229", "photo": {"prefix": "https://igx.4sqi.net/img/user/", "suffix": "/LK23XRCJZRPJ4QSZ.jpg"}, "firstName": "Amy", "lastName": "Munawar"}, "canonicalUrl": "https://foursquare.com/item/522f19c5498e616d9d431574", "todo": {"count": 0}, "photourl": "https://igx.4sqi.net/img/general/original/5258229_Lq5zZHlnIhN1N-jBpqXITD7gDJaFfyaunTQZSVov2i0.jpg"}]}, {"reasons": {"items": [{"reasonName": "globalInteractionReason", "summary": "This spot is popular", "type": "general"}], "count": 0}, "venue": {"hereNow": {"groups": [], "summary": "Nobody here", "count": 0}, "contact": {}, "photos": {"groups": [], "count": 0}, "name": "Malay Food", "allowMenuUrlEdit": true, "beenHere": {"lastCheckinExpiredAt": 0, "count": 0, "marked": false}, "stats": {"checkinsCount": 37, "usersCount": 11, "tipCount": 0}, "id": "4f0a257be4b0fcefaa4ddf90", "categories": [{"pluralName": "Asian Restaurants", "id": "4bf58dd8d48988d142941735", "primary": true, "icon": {"prefix": "https://ss3.4sqi.net/img/categories_v2/food/asian_", "suffix": ".png"}, "name": "Asian Restaurant", "shortName": "Asian"}], "location": {"formattedAddress": ["640505", "Singapore"], "postalCode": "640505", "lat": 1.3495858039276871, "lng": 103.71899257669217, "distance": 631, "country": "Singapore", "cc": "SG", "labeledLatLngs": [{"lng": 103.71899257669217, "label": "display", "lat": 1.3495858039276871}]}, "verified": false, "price": {"tier": 2, "currency": "$", "message": "Moderate"}}, "referralId": "e-3-4f0a257be4b0fcefaa4ddf90-25"}, {"reasons": {"items": [{"reasonName": "globalInteractionReason", "summary": "This spot is popular", "type": "general"}], "count": 0}, "venue": {"contact": {}, "photos": {"groups": [], "count": 0}, "name": "Kopitiam", "allowMenuUrlEdit": true, "beenHere": {"lastCheckinExpiredAt": 0, "count": 0, "marked": false}, "stats": {"checkinsCount": 453, "usersCount": 274, "tipCount": 5}, "id": "4cd67945a5b34688791a9450", "categories": [{"pluralName": "Food Courts", "id": "4bf58dd8d48988d120951735", "primary": true, "icon": {"prefix": "https://ss3.4sqi.net/img/categories_v2/shops/food_foodcourt_", "suffix": ".png"}, "name": "Food Court", "shortName": "Food Court"}], "location": {"formattedAddress": ["Blk 498 Jurong West St 41", "Singapore"], "lat": 1.349055250432157, "lng": 103.72400402852924, "country": "Singapore", "distance": 632, "city": "Singapore", "cc": "SG", "address": "Blk 498 Jurong West St 41", "labeledLatLngs": [{"lng": 103.72400402852924, "label": "display", "lat": 1.349055250432157}]}, "hours": {"isLocalHoliday": false, "isOpen": true, "status": "Likely open"}, "verified": false, "hereNow": {"groups": [], "summary": "Nobody here", "count": 0}}, "referralId": "e-3-4cd67945a5b34688791a9450-26", "tips": [{"id": "4f619081e4b02c4ed79f179f", "text": "Gonna have lunch now here with my Sayang...", "disagreeCount": 0, "createdAt": 1331794049, "logView": true, "todo": {"count": 0}, "agreeCount": 0, "canonicalUrl": "https://foursquare.com/item/4f619081e4b02c4ed79f179f", "type": "user", "user": {"gender": "male", "id": "6774970", "photo": {"prefix": "https://igx.4sqi.net/img/user/", "suffix": "/6774970-GYA02FETJULVJAW4.jpg"}, "firstName": "DoriKin", "lastName": "Starr"}}]}, {"reasons": {"items": [{"reasonName": "globalInteractionReason", "summary": "This spot is popular", "type": "general"}], "count": 0}, "venue": {"hereNow": {"groups": [], "summary": "Nobody here", "count": 0}, "contact": {}, "photos": {"groups": [], "count": 0}, "name": "Seafood Park \u6d77\u9c9c\u98df\u9738", "allowMenuUrlEdit": true, "beenHere": {"lastCheckinExpiredAt": 0, "count": 0, "marked": false}, "stats": {"checkinsCount": 39, "usersCount": 29, "tipCount": 0}, "id": "4d11d678b69f224b18787b55", "categories": [{"pluralName": "Seafood Restaurants", "id": "4bf58dd8d48988d1ce941735", "primary": true, "icon": {"prefix": "https://ss3.4sqi.net/img/categories_v2/food/seafood_", "suffix": ".png"}, "name": "Seafood Restaurant", "shortName": "Seafood"}], "location": {"lng": 103.72365333390647, "formattedAddress": ["Coffee United (Food Court) (496 Jurong West Avenue 1)", "Singapore"], "lat": 1.3495422537676456, "crossStreet": "496 Jurong West Avenue 1", "country": "Singapore", "distance": 660, "city": "Singapore", "cc": "SG", "address": "Coffee United (Food Court)", "labeledLatLngs": [{"lng": 103.72365333390647, "label": "display", "lat": 1.3495422537676456}]}, "verified": false, "price": {"tier": 3, "currency": "$", "message": "Expensive"}}, "referralId": "e-3-4d11d678b69f224b18787b55-27"}, {"reasons": {"items": [{"reasonName": "globalInteractionReason", "summary": "This spot is popular", "type": "general"}], "count": 0}, "venue": {"hereNow": {"groups": [], "summary": "Nobody here", "count": 0}, "contact": {}, "photos": {"groups": [], "count": 0}, "name": "Kueh Tutu", "allowMenuUrlEdit": true, "beenHere": {"lastCheckinExpiredAt": 0, "count": 0, "marked": false}, "stats": {"checkinsCount": 43, "usersCount": 21, "tipCount": 1}, "id": "4ec78ade7ee537da7e975786", "categories": [{"pluralName": "Snack Places", "id": "4bf58dd8d48988d1c7941735", "primary": true, "icon": {"prefix": "https://ss3.4sqi.net/img/categories_v2/food/snacks_", "suffix": ".png"}, "name": "Snack Place", "shortName": "Snacks"}], "location": {"lng": 103.718115874766, "formattedAddress": ["#01-11 Jurong West Food Centre (Blk 505 Jurong West St. 52)", "Singapore"], "lat": 1.3495313147413717, "crossStreet": "Blk 505 Jurong West St. 52", "country": "Singapore", "distance": 666, "city": "Singapore", "cc": "SG", "address": "#01-11 Jurong West Food Centre", "labeledLatLngs": [{"lng": 103.718115874766, "label": "display", "lat": 1.3495313147413717}]}, "verified": false, "price": {"tier": 1, "currency": "$", "message": "Cheap"}}, "referralId": "e-3-4ec78ade7ee537da7e975786-28", "tips": [{"id": "50431f6ee4b00a5804f645a1", "text": "Big (1pc) 70 cents........... Small (5pcs) $2.........", "disagreeCount": 0, "createdAt": 1346576238, "logView": true, "todo": {"count": 0}, "agreeCount": 0, "canonicalUrl": "https://foursquare.com/item/50431f6ee4b00a5804f645a1", "type": "user", "user": {"gender": "male", "id": "10584378", "photo": {"prefix": "https://igx.4sqi.net/img/user/", "suffix": "/IPIU55JX4UF3Y1WS.jpg"}, "firstName": "Ryan", "lastName": "Lim"}}]}, {"reasons": {"items": [{"reasonName": "globalInteractionReason", "summary": "This spot is popular", "type": "general"}], "count": 0}, "venue": {"id": "4dc223f2fa7608e86fd3f1ef", "hereNow": {"groups": [], "summary": "Nobody here", "count": 0}, "contact": {}, "beenHere": {"lastCheckinExpiredAt": 0, "count": 0, "marked": false}, "photos": {"groups": [], "count": 0}, "name": "Underground Coffee Shop @ Taman Jurong", "location": {"formattedAddress": ["Singapore"], "lat": 1.3384262173663366, "lng": 103.71941113319085, "country": "Singapore", "distance": 671, "city": "Singapore", "cc": "SG", "labeledLatLngs": [{"lng": 103.71941113319085, "label": "display", "lat": 1.3384262173663366}]}, "allowMenuUrlEdit": true, "verified": false, "categories": [{"pluralName": "Food", "id": "4d4b7105d754a06374d81259", "primary": true, "icon": {"prefix": "https://ss3.4sqi.net/img/categories_v2/food/default_", "suffix": ".png"}, "name": "Food", "shortName": "Food"}], "stats": {"checkinsCount": 33, "usersCount": 14, "tipCount": 0}}, "referralId": "e-3-4dc223f2fa7608e86fd3f1ef-29"}, {"reasons": {"items": [{"reasonName": "globalInteractionReason", "summary": "This spot is popular", "type": "general"}], "count": 0}, "venue": {"id": "4d17d2a1816af04de5ed51c2", "hereNow": {"groups": [], "summary": "Nobody here", "count": 0}, "contact": {}, "beenHere": {"lastCheckinExpiredAt": 0, "count": 0, "marked": false}, "photos": {"groups": [], "count": 0}, "name": "Bukit Timah Fried Carrot Cake @ Jurong West", "location": {"lng": 103.71808, "formattedAddress": ["Jurong West St 52 (#01-10)", "Singapore"], "lat": 1.349575, "crossStreet": "#01-10", "distance": 672, "country": "Singapore", "cc": "SG", "address": "Jurong West St 52", "labeledLatLngs": [{"lng": 103.71808, "label": "display", "lat": 1.349575}]}, "allowMenuUrlEdit": true, "verified": false, "categories": [{"pluralName": "Food Courts", "id": "4bf58dd8d48988d120951735", "primary": true, "icon": {"prefix": "https://ss3.4sqi.net/img/categories_v2/shops/food_foodcourt_", "suffix": ".png"}, "name": "Food Court", "shortName": "Food Court"}], "stats": {"checkinsCount": 31, "usersCount": 22, "tipCount": 0}}, "referralId": "e-3-4d17d2a1816af04de5ed51c2-30"}, {"reasons": {"items": [{"reasonName": "globalInteractionReason", "summary": "This spot is popular", "type": "general"}], "count": 0}, "venue": {"hereNow": {"groups": [], "summary": "Nobody here", "count": 0}, "contact": {}, "photos": {"groups": [], "count": 0}, "name": "Heng Heng Cooked Food", "allowMenuUrlEdit": true, "beenHere": {"lastCheckinExpiredAt": 0, "count": 0, "marked": false}, "stats": {"checkinsCount": 146, "usersCount": 62, "tipCount": 2}, "id": "4ca1725e8afca0934f991b16", "categories": [{"pluralName": "Asian Restaurants", "id": "4bf58dd8d48988d142941735", "primary": true, "icon": {"prefix": "https://ss3.4sqi.net/img/categories_v2/food/asian_", "suffix": ".png"}, "name": "Asian Restaurant", "shortName": "Asian"}], "location": {"lng": 103.718685, "formattedAddress": ["Blk 505 Jurong West St 52 (#01-186)", "Singapore"], "lat": 1.349885, "crossStreet": "#01-186", "country": "Singapore", "distance": 675, "city": "Singapore", "cc": "SG", "address": "Blk 505 Jurong West St 52", "labeledLatLngs": [{"lng": 103.718685, "label": "display", "lat": 1.349885}]}, "verified": false, "price": {"tier": 2, "currency": "$", "message": "Moderate"}}, "referralId": "e-3-4ca1725e8afca0934f991b16-31", "tips": [{"id": "4f092179e4b0c3ff84b6ba37", "text": "Have been eating the prawn mee for 10+yrs", "disagreeCount": 0, "logView": true, "createdAt": 1325998457, "likes": {"groups": [], "summary": "1 like", "count": 1}, "todo": {"count": 0}, "agreeCount": 0, "canonicalUrl": "https://foursquare.com/item/4f092179e4b0c3ff84b6ba37", "type": "user", "user": {"id": "4614953", "photo": {"prefix": "https://igx.4sqi.net/img/user/", "suffix": "/P1SII10ZVOFOM4QT.jpg"}, "firstName": "Wen Hai", "gender": "male"}}]}, {"reasons": {"items": [{"reasonName": "globalInteractionReason", "summary": "This spot is popular", "type": "general"}], "count": 0}, "venue": {"hereNow": {"groups": [], "summary": "Nobody here", "count": 0}, "contact": {}, "photos": {"groups": [], "count": 0}, "name": "Hong Ji David Wanton Mee", "allowMenuUrlEdit": true, "beenHere": {"lastCheckinExpiredAt": 0, "count": 0, "marked": false}, "stats": {"checkinsCount": 64, "usersCount": 28, "tipCount": 1}, "id": "4d50c41e4015b1f7c4c669cf", "categories": [{"pluralName": "Chinese Restaurants", "id": "4bf58dd8d48988d145941735", "primary": true, "icon": {"prefix": "https://ss3.4sqi.net/img/categories_v2/food/asian_", "suffix": ".png"}, "name": "Chinese Restaurant", "shortName": "Chinese"}], "location": {"formattedAddress": ["505 jurong west market", "Singapore"], "lat": 1.3498941981188792, "lng": 103.718692800547, "distance": 675, "country": "Singapore", "cc": "SG", "address": "505 jurong west market", "labeledLatLngs": [{"lng": 103.718692800547, "label": "display", "lat": 1.3498941981188792}]}, "verified": false, "price": {"tier": 1, "currency": "$", "message": "Cheap"}}, "referralId": "e-3-4d50c41e4015b1f7c4c669cf-32", "tips": [{"id": "4e5cc70dae6015fd0da21a29", "text": "Dumpling noodles plus wanton at $3.50! My favourite!", "disagreeCount": 0, "createdAt": 1314703117, "logView": true, "todo": {"count": 0}, "agreeCount": 0, "canonicalUrl": "https://foursquare.com/item/4e5cc70dae6015fd0da21a29", "type": "user", "user": {"gender": "male", "id": "5803900", "photo": {"prefix": "https://igx.4sqi.net/img/user/", "suffix": "/SRLKKDIDFGC3CWWS.jpg"}, "firstName": "Icyflame", "lastName": "Livingdead"}}]}, {"reasons": {"items": [{"reasonName": "globalInteractionReason", "summary": "This spot is popular", "type": "general"}], "count": 0}, "venue": {"hereNow": {"groups": [], "summary": "Nobody here", "count": 0}, "contact": {}, "photos": {"groups": [], "count": 0}, "name": "\u5999\u9999\u7092\u867e\u9762\uff0c\u7092\u7cbf\u6761 Fried Prawn Mee / Fried Kway Tiao", "allowMenuUrlEdit": true, "beenHere": {"lastCheckinExpiredAt": 0, "count": 0, "marked": false}, "stats": {"checkinsCount": 31, "usersCount": 14, "tipCount": 1}, "id": "50040b45e4b025b259566edd", "categories": [{"pluralName": "Chinese Restaurants", "id": "4bf58dd8d48988d145941735", "primary": true, "icon": {"prefix": "https://ss3.4sqi.net/img/categories_v2/food/asian_", "suffix": ".png"}, "name": "Chinese Restaurant", "shortName": "Chinese"}], "location": {"lng": 103.7238117120092, "formattedAddress": ["Coffee United (Food Court) (496 Jurong West Ave 1)", "Singapore"], "lat": 1.349637827640408, "crossStreet": "496 Jurong West Ave 1", "country": "Singapore", "distance": 678, "city": "Singapore", "cc": "SG", "address": "Coffee United (Food Court)", "labeledLatLngs": [{"lng": 103.7238117120092, "label": "display", "lat": 1.349637827640408}]}, "verified": false, "price": {"tier": 1, "currency": "$", "message": "Cheap"}}, "referralId": "e-3-50040b45e4b025b259566edd-33", "tips": [{"id": "4ce5370b834ba35de0a5981a", "text": "Only fried prawn noodle. The man cook is better than the lady. Never try fried kway tiao", "disagreeCount": 0, "createdAt": 1290090251, "logView": true, "todo": {"count": 0}, "agreeCount": 0, "canonicalUrl": "https://foursquare.com/item/4ce5370b834ba35de0a5981a", "type": "user", "user": {"gender": "male", "id": "4535475", "photo": {"prefix": "https://igx.4sqi.net/img/user/", "suffix": "/5A1LI11DNUBNBL1X.jpg"}, "firstName": "kokwei", "lastName": "lee"}}]}, {"reasons": {"items": [{"reasonName": "globalInteractionReason", "summary": "This spot is popular", "type": "general"}], "count": 0}, "venue": {"hereNow": {"groups": [], "summary": "Nobody here", "count": 0}, "contact": {}, "photos": {"groups": [], "count": 0}, "name": "Jurong West Fried Chicken & Western Food", "allowMenuUrlEdit": true, "beenHere": {"lastCheckinExpiredAt": 0, "count": 0, "marked": false}, "stats": {"checkinsCount": 33, "usersCount": 16, "tipCount": 0}, "id": "4ceb8fb38ef78cfa8b4fad9b", "categories": [{"pluralName": "Asian Restaurants", "id": "4bf58dd8d48988d142941735", "primary": true, "icon": {"prefix": "https://ss3.4sqi.net/img/categories_v2/food/asian_", "suffix": ".png"}, "name": "Asian Restaurant", "shortName": "Asian"}], "location": {"formattedAddress": ["442 Jurong West Avenue 1", "640442", "Singapore"], "postalCode": "640442", "lat": 1.3499918024921078, "lng": 103.71883392333983, "country": "Singapore", "distance": 680, "city": "Singapore", "cc": "SG", "address": "442 Jurong West Avenue 1", "labeledLatLngs": [{"lng": 103.71883392333983, "label": "display", "lat": 1.3499918024921078}]}, "verified": false, "price": {"tier": 2, "currency": "$", "message": "Moderate"}}, "referralId": "e-3-4ceb8fb38ef78cfa8b4fad9b-34"}, {"reasons": {"items": [{"reasonName": "globalInteractionReason", "summary": "This spot is popular", "type": "general"}], "count": 0}, "venue": {"hereNow": {"groups": [], "summary": "Nobody here", "count": 0}, "contact": {}, "photos": {"groups": [], "count": 0}, "name": "Hai Nan Hometown Curry Rice", "allowMenuUrlEdit": true, "beenHere": {"lastCheckinExpiredAt": 0, "count": 0, "marked": false}, "stats": {"checkinsCount": 30, "usersCount": 23, "tipCount": 1}, "id": "4ca9afcef47ea14324268121", "categories": [{"pluralName": "Chinese Restaurants", "id": "4bf58dd8d48988d145941735", "primary": true, "icon": {"prefix": "https://ss3.4sqi.net/img/categories_v2/food/asian_", "suffix": ".png"}, "name": "Chinese Restaurant", "shortName": "Chinese"}], "location": {"lng": 103.71856836536371, "formattedAddress": ["#01-41 Jurong West 505 Food Centre (Blk 505 Jurong West St 52)", "Singapore"], "lat": 1.3498796802499013, "crossStreet": "Blk 505 Jurong West St 52", "country": "Singapore", "distance": 679, "city": "Singapore", "cc": "SG", "address": "#01-41 Jurong West 505 Food Centre", "labeledLatLngs": [{"lng": 103.71856836536371, "label": "display", "lat": 1.3498796802499013}]}, "verified": false, "price": {"tier": 1, "currency": "$", "message": "Cheap"}}, "referralId": "e-3-4ca9afcef47ea14324268121-35", "tips": [{"id": "4ca9b8ccb7106dcb09d67ea5", "text": "MUST TRY!! Curry fish. Best curry fish you ever had!", "disagreeCount": 0, "createdAt": 1286191308, "logView": true, "todo": {"count": 0}, "agreeCount": 0, "canonicalUrl": "https://foursquare.com/item/4ca9b8ccb7106dcb09d67ea5", "type": "user", "user": {"gender": "female", "id": "3568061", "photo": {"prefix": "https://igx.4sqi.net/img/user/", "suffix": "/WOS0JZD0VF2QVHL4.jpg"}, "firstName": "Chiuling", "lastName": "Wong"}}]}, {"reasons": {"items": [{"reasonName": "globalInteractionReason", "summary": "This spot is popular", "type": "general"}], "count": 0}, "venue": {"hereNow": {"groups": [], "summary": "Nobody here", "count": 0}, "contact": {}, "photos": {"groups": [], "count": 0}, "name": "Dee Mak Mookata", "allowMenuUrlEdit": true, "beenHere": {"lastCheckinExpiredAt": 0, "count": 0, "marked": false}, "stats": {"checkinsCount": 201, "usersCount": 99, "tipCount": 2}, "id": "55055934498e993caec84869", "categories": [{"pluralName": "Thai Restaurants", "id": "4bf58dd8d48988d149941735", "primary": true, "icon": {"prefix": "https://ss3.4sqi.net/img/categories_v2/food/thai_", "suffix": ".png"}, "name": "Thai Restaurant", "shortName": "Thai"}], "location": {"lng": 103.72471107693896, "formattedAddress": ["\u76f8\u805a\u4e00\u523b Meet Up @ 494 (Blk 494 Jurong west St. 41. #01-138 .)", "640494", "Singapore"], "postalCode": "640494", "lat": 1.3492093086209895, "crossStreet": "Blk 494 Jurong west St. 41. #01-138 .", "country": "Singapore", "distance": 692, "city": "Singapore", "cc": "SG", "address": "\u76f8\u805a\u4e00\u523b Meet Up @ 494", "labeledLatLngs": [{"lng": 103.72471107693896, "label": "display", "lat": 1.3492093086209895}]}, "hours": {"isLocalHoliday": false, "isOpen": true, "status": "Open until Midnight"}, "verified": false, "price": {"tier": 2, "currency": "$", "message": "Moderate"}}, "referralId": "e-3-55055934498e993caec84869-36", "tips": [{"id": "554501e6498eb893770d1bd9", "text": "Very good and fresh Thai BBQ steamboat must try", "disagreeCount": 0, "logView": true, "createdAt": 1430585830, "likes": {"groups": [], "summary": "2 likes", "count": 2}, "todo": {"count": 2}, "agreeCount": 2, "canonicalUrl": "https://foursquare.com/item/554501e6498eb893770d1bd9", "type": "user", "user": {"gender": "male", "id": "8511089", "photo": {"prefix": "https://igx.4sqi.net/img/user/", "default": true, "suffix": "/blank_boy.png"}, "firstName": "Goo", "lastName": "Michael"}}]}, {"reasons": {"items": [{"reasonName": "globalInteractionReason", "summary": "This spot is popular", "type": "general"}], "count": 0}, "venue": {"hereNow": {"groups": [], "summary": "Nobody here", "count": 0}, "contact": {}, "photos": {"groups": [], "count": 0}, "name": "Amin Muslim Stall \ue341\ue341", "allowMenuUrlEdit": true, "beenHere": {"lastCheckinExpiredAt": 0, "count": 0, "marked": false}, "stats": {"checkinsCount": 116, "usersCount": 62, "tipCount": 5}, "id": "4cfafce6c6cca35d4de38932", "categories": [{"pluralName": "Asian Restaurants", "id": "4bf58dd8d48988d142941735", "primary": true, "icon": {"prefix": "https://ss3.4sqi.net/img/categories_v2/food/asian_", "suffix": ".png"}, "name": "Asian Restaurant", "shortName": "Asian"}], "location": {"formattedAddress": ["Blk 498 Jurong West St 41", "Es", "Singapore"], "postalCode": "Es", "lat": 1.3488950832545934, "lng": 103.72512370347977, "country": "Singapore", "distance": 694, "city": "Singapore", "cc": "SG", "address": "Blk 498 Jurong West St 41", "labeledLatLngs": [{"lng": 103.72512370347977, "label": "display", "lat": 1.3488950832545934}]}, "verified": false, "price": {"tier": 2, "currency": "$", "message": "Moderate"}}, "referralId": "e-3-4cfafce6c6cca35d4de38932-37", "tips": [{"id": "4ec213af2c5b252c1aa824e5", "text": "Roti prata is a fried flour-based pancake that is cooked over a flat grill. It is usually served with a vegetable or meat based curry and is sold all over Singapore in food centres.", "disagreeCount": 0, "logView": true, "createdAt": 1321341871, "likes": {"groups": [], "summary": "1 like", "count": 1}, "todo": {"count": 0}, "agreeCount": 1, "canonicalUrl": "https://foursquare.com/item/4ec213af2c5b252c1aa824e5", "type": "user", "user": {"gender": "male", "id": "1719773", "photo": {"prefix": "https://igx.4sqi.net/img/user/", "suffix": "/YLVRXZC3L1N54GH4.jpg"}, "firstName": "Dean", "lastName": "Ali"}}]}, {"reasons": {"items": [{"reasonName": "globalInteractionReason", "summary": "This spot is popular", "type": "general"}], "count": 0}, "venue": {"hereNow": {"groups": [], "summary": "Nobody here", "count": 0}, "contact": {}, "photos": {"groups": [], "count": 0}, "name": "Swee Heng Bakery", "allowMenuUrlEdit": true, "beenHere": {"lastCheckinExpiredAt": 0, "count": 0, "marked": false}, "stats": {"checkinsCount": 35, "usersCount": 14, "tipCount": 0}, "id": "519f2fd2498e0814630ddbce", "categories": [{"pluralName": "Bakeries", "id": "4bf58dd8d48988d16a941735", "primary": true, "icon": {"prefix": "https://ss3.4sqi.net/img/categories_v2/food/bakery_", "suffix": ".png"}, "name": "Bakery", "shortName": "Bakery"}], "location": {"lng": 103.7187493620323, "formattedAddress": ["503 Jurong West Street 52 (#01-243)", "Singapore"], "lat": 1.350105977342077, "crossStreet": "#01-243", "country": "Singapore", "distance": 695, "city": "Singapore", "cc": "SG", "address": "503 Jurong West Street 52", "labeledLatLngs": [{"lng": 103.7187493620323, "label": "display", "lat": 1.350105977342077}]}, "verified": false, "price": {"tier": 1, "currency": "$", "message": "Cheap"}}, "referralId": "e-3-519f2fd2498e0814630ddbce-38"}, {"reasons": {"items": [{"reasonName": "globalInteractionReason", "summary": "This spot is popular", "type": "general"}], "count": 0}, "venue": {"hereNow": {"groups": [], "summary": "Nobody here", "count": 0}, "contact": {}, "photos": {"groups": [], "count": 0}, "name": "Da Po Bak Kut Teh", "allowMenuUrlEdit": true, "beenHere": {"lastCheckinExpiredAt": 0, "count": 0, "marked": false}, "stats": {"checkinsCount": 301, "usersCount": 79, "tipCount": 0}, "id": "4e89b08ed22d2a04bb046501", "categories": [{"pluralName": "Chinese Restaurants", "id": "4bf58dd8d48988d145941735", "primary": true, "icon": {"prefix": "https://ss3.4sqi.net/img/categories_v2/food/asian_", "suffix": ".png"}, "name": "Chinese Restaurant", "shortName": "Chinese"}], "location": {"lng": 103.71826859017123, "formattedAddress": ["#01-45 Jurong West Food Centre (Blk 505 Jurong West St 52)", "Singapore"], "lat": 1.3499061530141963, "crossStreet": "Blk 505 Jurong West St 52", "country": "Singapore", "distance": 695, "city": "Singapore", "cc": "SG", "address": "#01-45 Jurong West Food Centre", "labeledLatLngs": [{"lng": 103.71826859017123, "label": "display", "lat": 1.3499061530141963}]}, "hours": {"isLocalHoliday": false, "isOpen": true, "status": "Open until 9:30 PM"}, "verified": false, "price": {"tier": 1, "currency": "$", "message": "Cheap"}}, "referralId": "e-3-4e89b08ed22d2a04bb046501-39"}, {"reasons": {"items": [{"reasonName": "globalInteractionReason", "summary": "This spot is popular", "type": "general"}], "count": 0}, "venue": {"hereNow": {"groups": [], "summary": "Nobody here", "count": 0}, "contact": {}, "photos": {"groups": [], "count": 0}, "name": "128 fish slice pprridge", "allowMenuUrlEdit": true, "beenHere": {"lastCheckinExpiredAt": 0, "count": 0, "marked": false}, "stats": {"checkinsCount": 242, "usersCount": 47, "tipCount": 3}, "id": "4c82197de602b1f74a05997a", "categories": [{"pluralName": "Chinese Restaurants", "id": "4bf58dd8d48988d145941735", "primary": true, "icon": {"prefix": "https://ss3.4sqi.net/img/categories_v2/food/asian_", "suffix": ".png"}, "name": "Chinese Restaurant", "shortName": "Chinese"}], "location": {"lng": 103.71847786712145, "formattedAddress": ["505 hawker centre (Jurong west st 52)", "Singapore"], "lat": 1.35000961985647, "crossStreet": "Jurong west st 52", "country": "Singapore", "distance": 696, "city": "Singapore", "cc": "SG", "address": "505 hawker centre", "labeledLatLngs": [{"lng": 103.71847786712145, "label": "display", "lat": 1.35000961985647}]}, "verified": false, "price": {"tier": 1, "currency": "$", "message": "Cheap"}}, "referralId": "e-3-4c82197de602b1f74a05997a-40", "tips": [{"id": "4ca45d1b750ca093b6842067", "text": "The slicefish is fresh and nice! Should try it out!", "disagreeCount": 0, "logView": true, "createdAt": 1285840155, "likes": {"groups": [], "summary": "5 likes", "count": 5}, "todo": {"count": 0}, "agreeCount": 1, "canonicalUrl": "https://foursquare.com/item/4ca45d1b750ca093b6842067", "type": "user", "user": {"gender": "female", "id": "3061934", "photo": {"prefix": "https://igx.4sqi.net/img/user/", "suffix": "/YFSBSDQTBJZMRJ03.jpg"}, "firstName": "Demiel", "lastName": "Lim"}}]}, {"reasons": {"items": [{"reasonName": "globalInteractionReason", "summary": "This spot is popular", "type": "general"}], "count": 0}, "venue": {"hereNow": {"groups": [], "summary": "Nobody here", "count": 0}, "contact": {}, "photos": {"groups": [], "count": 0}, "name": "Noorlin Seafood", "allowMenuUrlEdit": true, "beenHere": {"lastCheckinExpiredAt": 0, "count": 0, "marked": false}, "stats": {"checkinsCount": 164, "usersCount": 85, "tipCount": 3}, "id": "4d4b61917a45721eb67bb954", "categories": [{"pluralName": "Asian Restaurants", "id": "4bf58dd8d48988d142941735", "primary": true, "icon": {"prefix": "https://ss3.4sqi.net/img/categories_v2/food/asian_", "suffix": ".png"}, "name": "Asian Restaurant", "shortName": "Asian"}], "location": {"lng": 103.724742, "formattedAddress": ["\u76f8\u805a\u4e00\u523b Meet Up @ 494 (494 Jurong West St. 41)", "460494", "Singapore"], "postalCode": "460494", "lat": 1.349391, "crossStreet": "494 Jurong West St. 41", "country": "Singapore", "distance": 710, "city": "Singapore", "cc": "SG", "address": "\u76f8\u805a\u4e00\u523b Meet Up @ 494", "labeledLatLngs": [{"lng": 103.724742, "label": "display", "lat": 1.349391}]}, "verified": false, "price": {"tier": 2, "currency": "$", "message": "Moderate"}}, "referralId": "e-3-4d4b61917a45721eb67bb954-41", "tips": [{"id": "53334d6d498ecf1f7c1a286c", "text": "Best Nasi Lemak at Jurong West St 41", "disagreeCount": 0, "createdAt": 1395871085, "logView": true, "todo": {"count": 0}, "agreeCount": 0, "canonicalUrl": "https://foursquare.com/item/53334d6d498ecf1f7c1a286c", "type": "user", "user": {"gender": "male", "id": "6774970", "photo": {"prefix": "https://igx.4sqi.net/img/user/", "suffix": "/6774970-GYA02FETJULVJAW4.jpg"}, "firstName": "DoriKin", "lastName": "Starr"}}]}, {"reasons": {"items": [{"reasonName": "globalInteractionReason", "summary": "This spot is popular", "type": "general"}], "count": 0}, "venue": {"hereNow": {"groups": [], "summary": "Nobody here", "count": 0}, "contact": {}, "photos": {"groups": [], "count": 0}, "name": "Jurong west claypot curry fish head", "allowMenuUrlEdit": true, "beenHere": {"lastCheckinExpiredAt": 0, "count": 0, "marked": false}, "stats": {"checkinsCount": 79, "usersCount": 46, "tipCount": 1}, "id": "4c355c513896e21e6a2fed90", "categories": [{"pluralName": "Asian Restaurants", "id": "4bf58dd8d48988d142941735", "primary": true, "icon": {"prefix": "https://ss3.4sqi.net/img/categories_v2/food/asian_", "suffix": ".png"}, "name": "Asian Restaurant", "shortName": "Asian"}], "location": {"formattedAddress": ["Singapore"], "lat": 1.350179, "lng": 103.723843, "distance": 733, "country": "Singapore", "cc": "SG", "labeledLatLngs": [{"lng": 103.723843, "label": "display", "lat": 1.350179}]}, "verified": false, "price": {"tier": 2, "currency": "$", "message": "Moderate"}}, "referralId": "e-3-4c355c513896e21e6a2fed90-42", "tips": [{"id": "4d3c1797557d6dcb086b3744", "text": "Best curry fish head!", "disagreeCount": 0, "createdAt": 1295783831, "logView": true, "todo": {"count": 0}, "agreeCount": 0, "canonicalUrl": "https://foursquare.com/item/4d3c1797557d6dcb086b3744", "type": "user", "user": {"id": "6051062", "photo": {"prefix": "https://igx.4sqi.net/img/user/", "suffix": "/4EABNQAAGK1GP5X0.jpg"}, "firstName": "Blue_sora", "gender": "female"}}]}, {"reasons": {"items": [{"reasonName": "globalInteractionReason", "summary": "This spot is popular", "type": "general"}], "count": 0}, "venue": {"hereNow": {"groups": [], "summary": "Nobody here", "count": 0}, "contact": {"phone": "+6568999225", "formattedPhone": "+65 6899 9225"}, "photos": {"groups": [], "count": 0}, "name": "Botak's Favorites", "allowMenuUrlEdit": true, "beenHere": {"lastCheckinExpiredAt": 0, "count": 0, "marked": false}, "stats": {"checkinsCount": 82, "usersCount": 60, "tipCount": 2}, "id": "4d0cc41aeea9b60c8c315a3f", "categories": [{"pluralName": "American Restaurants", "id": "4bf58dd8d48988d14e941735", "primary": true, "icon": {"prefix": "https://ss3.4sqi.net/img/categories_v2/food/default_", "suffix": ".png"}, "name": "American Restaurant", "shortName": "American"}], "url": "http://www.botakjones.com/", "location": {"lng": 103.71752500534058, "formattedAddress": ["Kopitiam (503 Jurong West Ave. 1)", "640503", "Singapore"], "postalCode": "640503", "lat": 1.3501419645007928, "crossStreet": "503 Jurong West Ave. 1", "country": "Singapore", "distance": 757, "city": "Singapore", "cc": "SG", "address": "Kopitiam", "labeledLatLngs": [{"lng": 103.71752500534058, "label": "display", "lat": 1.3501419645007928}]}, "verified": false, "price": {"tier": 2, "currency": "$", "message": "Moderate"}}, "referralId": "e-3-4d0cc41aeea9b60c8c315a3f-43", "tips": [{"id": "4ef2f51a49010b41f61fcbd7", "text": "Double baked cheese potato as your sides! Awesome.", "disagreeCount": 0, "createdAt": 1324545306, "logView": true, "todo": {"count": 0}, "agreeCount": 0, "canonicalUrl": "https://foursquare.com/item/4ef2f51a49010b41f61fcbd7", "type": "user", "user": {"gender": "male", "id": "7893675", "photo": {"prefix": "https://igx.4sqi.net/img/user/", "suffix": "/5KZCVV3LLTWSG2VX.jpg"}, "firstName": "Hogan", "lastName": "Chang"}}]}, {"reasons": {"items": [{"reasonName": "globalInteractionReason", "summary": "This spot is popular", "type": "general"}], "count": 0}, "venue": {"hereNow": {"groups": [], "summary": "Nobody here", "count": 0}, "contact": {"facebook": "1783061148500615", "facebookName": "Merit Vegetarian \u660e\u5fb7\u7d20\u98df", "phone": "+6590233672", "formattedPhone": "+65 9023 3672"}, "photos": {"groups": [], "count": 0}, "name": "Merit Vegetarian", "allowMenuUrlEdit": true, "beenHere": {"lastCheckinExpiredAt": 0, "count": 0, "marked": false}, "stats": {"checkinsCount": 42, "usersCount": 17, "tipCount": 1}, "id": "5544a433498e55034e5e2a1e", "categories": [{"pluralName": "Vegetarian / Vegan Restaurants", "id": "4bf58dd8d48988d1d3941735", "primary": true, "icon": {"prefix": "https://ss3.4sqi.net/img/categories_v2/food/vegetarian_", "suffix": ".png"}, "name": "Vegetarian / Vegan Restaurant", "shortName": "Vegetarian / Vegan"}], "location": {"formattedAddress": ["#01-149, Blk 491 Jurong West Ave 1", "640491", "Singapore"], "postalCode": "640491", "lat": 1.3492985717839483, "lng": 103.72577448479348, "country": "Singapore", "distance": 776, "city": "Singapore", "cc": "SG", "address": "#01-149, Blk 491 Jurong West Ave 1", "labeledLatLngs": [{"lng": 103.72577448479348, "label": "display", "lat": 1.3492985717839483}]}, "hours": {"isLocalHoliday": false, "isOpen": true, "status": "Open until 8:45 PM"}, "verified": false, "price": {"tier": 2, "currency": "$", "message": "Moderate"}}, "referralId": "e-3-5544a433498e55034e5e2a1e-44", "tips": [{"logView": true, "photo": {"id": "568cb43d498eaebe419fa7ed", "visibility": "public", "source": {"name": "Swarm for iOS", "url": "https://www.swarmapp.com"}, "suffix": "/4582444_Xo_vUI9pd06liNmBtwToUit1tRirzsECm9-DWCrHAMg.jpg", "createdAt": 1452061757, "prefix": "https://igx.4sqi.net/img/general/", "width": 1920, "height": 1440}, "createdAt": 1452061757, "agreeCount": 1, "id": "568cb43d498eaebe419fa7ee", "text": "Its pack during the lunch hour, a nice vegetarian place with good food n affordable price, in the neighbourhood area, their staff are all polite n courteous, food serve is fast too!", "type": "user", "disagreeCount": 0, "user": {"id": "4582444", "photo": {"prefix": "https://igx.4sqi.net/img/user/", "suffix": "/4582444-BH0Q33JC2QABIJVN.jpg"}, "firstName": "Joean\u52e4", "gender": "female"}, "canonicalUrl": "https://foursquare.com/item/568cb43d498eaebe419fa7ee", "todo": {"count": 0}, "photourl": "https://igx.4sqi.net/img/general/original/4582444_Xo_vUI9pd06liNmBtwToUit1tRirzsECm9-DWCrHAMg.jpg"}]}, {"reasons": {"items": [{"reasonName": "globalInteractionReason", "summary": "This spot is popular", "type": "general"}], "count": 0}, "venue": {"hereNow": {"groups": [], "summary": "Nobody here", "count": 0}, "contact": {}, "photos": {"groups": [], "count": 0}, "name": "Golden Rooster", "allowMenuUrlEdit": true, "beenHere": {"lastCheckinExpiredAt": 0, "count": 0, "marked": false}, "stats": {"checkinsCount": 39, "usersCount": 29, "tipCount": 1}, "id": "4f09378ee4b0596c8f885cad", "categories": [{"pluralName": "Fried Chicken Joints", "id": "4d4ae6fc7a7b7dea34424761", "primary": true, "icon": {"prefix": "https://ss3.4sqi.net/img/categories_v2/food/friedchicken_", "suffix": ".png"}, "name": "Fried Chicken Joint", "shortName": "Fried Chicken"}], "location": {"formattedAddress": ["Blk 496 Jurong West Avenue 1", "Singapore"], "lat": 1.3507008467063242, "lng": 103.72388524476357, "distance": 788, "country": "Singapore", "cc": "SG", "address": "Blk 496 Jurong West Avenue 1", "labeledLatLngs": [{"lng": 103.72388524476357, "label": "display", "lat": 1.3507008467063242}]}, "verified": false, "price": {"tier": 1, "currency": "$", "message": "Cheap"}}, "referralId": "e-3-4f09378ee4b0596c8f885cad-45", "tips": [{"logView": true, "photo": {"id": "523ae606498e44c8332bb191", "visibility": "public", "source": {"name": "Foursquare for Android", "url": "https://foursquare.com/download/#/android"}, "suffix": "/6414128_FQF1jEhIOzEoG7DKAm3CXQMGdyDCBNhBQwqhBb6jQN0.jpg", "createdAt": 1379591686, "prefix": "https://igx.4sqi.net/img/general/", "width": 960, "height": 720}, "createdAt": 1379591684, "agreeCount": 0, "id": "523ae60411d27becd18aaf5a", "text": "$6.50! Nice not bad", "type": "user", "disagreeCount": 0, "user": {"id": "6414128", "photo": {"prefix": "https://igx.4sqi.net/img/user/", "suffix": "/6414128_ieR3C3u9_8m8JR1o3cvDUHqPQtcwL2g5JLQGRdgR4-dsDu5YvGFYHzoXRPwOTfekhDKtrcy-G.jpg"}, "firstName": "Joe Lim", "gender": "male"}, "canonicalUrl": "https://foursquare.com/item/523ae60411d27becd18aaf5a", "todo": {"count": 0}, "photourl": "https://igx.4sqi.net/img/general/original/6414128_FQF1jEhIOzEoG7DKAm3CXQMGdyDCBNhBQwqhBb6jQN0.jpg"}]}, {"reasons": {"items": [{"reasonName": "globalInteractionReason", "summary": "This spot is popular", "type": "general"}], "count": 0}, "venue": {"hereNow": {"groups": [], "summary": "Nobody here", "count": 0}, "contact": {"phone": "+6596405225", "formattedPhone": "+65 9640 5225"}, "photos": {"groups": [], "count": 0}, "name": "Roti Maharani", "allowMenuUrlEdit": true, "beenHere": {"lastCheckinExpiredAt": 0, "count": 0, "marked": false}, "stats": {"checkinsCount": 98, "usersCount": 51, "tipCount": 3}, "id": "4cecb4d4ed62721e40e051fd", "categories": [{"pluralName": "Bakeries", "id": "4bf58dd8d48988d16a941735", "primary": true, "icon": {"prefix": "https://ss3.4sqi.net/img/categories_v2/food/bakery_", "suffix": ".png"}, "name": "Bakery", "shortName": "Bakery"}], "location": {"formattedAddress": ["492 Jurong W. St. 41, #01-70", "640492", "Singapore"], "postalCode": "640492", "lat": 1.3503984853027138, "lng": 103.72452441579523, "country": "Singapore", "distance": 790, "city": "Singapore", "cc": "SG", "address": "492 Jurong W. St. 41, #01-70", "labeledLatLngs": [{"lng": 103.72452441579523, "label": "display", "lat": 1.3503984853027138}]}, "verified": false, "price": {"tier": 1, "currency": "$", "message": "Cheap"}}, "referralId": "e-3-4cecb4d4ed62721e40e051fd-46", "tips": [{"id": "4d72f59e3815f04dacb69567", "text": "The BEST Chendol In The West...", "disagreeCount": 0, "logView": true, "createdAt": 1299379614, "likes": {"groups": [], "summary": "2 likes", "count": 2}, "todo": {"count": 2}, "agreeCount": 1, "canonicalUrl": "https://foursquare.com/item/4d72f59e3815f04dacb69567", "type": "user", "user": {"gender": "male", "id": "6162824", "photo": {"prefix": "https://igx.4sqi.net/img/user/", "suffix": "/Z5GAKL15Y112Q0ER.jpg"}, "firstName": "Nordin", "lastName": "Mohtar"}}]}], "name": "recommended", "type": "Recommended Places"}], "query": "food", "headerLocation": "Jurong West"}}