{"meta": {"code": 200, "requestId": "595a39ef6a6071143820c128"}, "response": {"suggestedFilters": {"filters": [{"name": "Open now", "key": "openNow"}], "header": "Tap to show:"}, "totalResults": 94, "headerFullLocation": "Jurong West, Singapore", "headerLocationGranularity": "neighborhood", "suggestedBounds": {"ne": {"lng": 103.71325314833322, "lat": 1.3458040617032772}, "sw": {"lng": 103.69887609685878, "lat": 1.331404047303263}}, "groups": [{"items": [{"reasons": {"items": [{"reasonName": "globalInteractionReason", "summary": "This spot is popular", "type": "general"}], "count": 0}, "venue": {"hereNow": {"groups": [], "summary": "Nobody here", "count": 0}, "contact": {"facebook": "263398980405639", "facebookUsername": "eggsnberries", "facebookName": "Eggs & Berries", "phone": "+6567909195", "formattedPhone": "+65 6790 9195"}, "photos": {"groups": [], "count": 0}, "menu": {"mobileUrl": "http://202.65.242.9/videoplayer/EB_A3Menu190914FA.pdf?ich_u_n_i_t=1&ich_s_t_a_r_t=0&ich_d_i_s_k_i_d=8&ich_u_r_i=6ec93137e857a1aa6e90f8f4a31ecb5b&ich_k_e_y=1445128907750963582476&ich_e_n_d=0&ich_t_y_p_e=1", "externalUrl": "http://202.65.242.9/videoplayer/EB_A3Menu190914FA.pdf?ich_u_n_i_t=1&ich_s_t_a_r_t=0&ich_d_i_s_k_i_d=8&ich_u_r_i=6ec93137e857a1aa6e90f8f4a31ecb5b&ich_k_e_y=1445128907750963582476&ich_e_n_d=0&ich_t_y_p_e=1", "url": "http://202.65.242.9/videoplayer/EB_A3Menu190914FA.pdf?ich_u_n_i_t=1&ich_s_t_a_r_t=0&ich_d_i_s_k_i_d=8&ich_u_r_i=6ec93137e857a1aa6e90f8f4a31ecb5b&ich_k_e_y=1445128907750963582476&ich_e_n_d=0&ich_t_y_p_e=1", "anchor": "View Menu", "label": "Menu", "type": "Menu"}, "name": "Eggs & Berries", "allowMenuUrlEdit": true, "categories": [{"pluralName": "New American Restaurants", "id": "4bf58dd8d48988d157941735", "primary": true, "icon": {"prefix": "https://ss3.4sqi.net/img/categories_v2/food/newamerican_", "suffix": ".png"}, "name": "New American Restaurant", "shortName": "New American"}], "stats": {"checkinsCount": 58, "usersCount": 48, "tipCount": 6}, "id": "542d025a498e6526c4a06a7f", "beenHere": {"lastCheckinExpiredAt": 0, "count": 0, "marked": false}, "url": "http://www.eggsnberries.com", "location": {"formattedAddress": ["1 Jurong West Central 2, #01-32, Jurong Point 1", "648886", "Singapore"], "postalCode": "648886", "lat": 1.3401186682567232, "lng": 103.70671927396909, "country": "Singapore", "distance": 183, "city": "Singapore", "cc": "SG", "address": "1 Jurong West Central 2, #01-32, Jurong Point 1", "labeledLatLngs": [{"lng": 103.70671927396909, "label": "display", "lat": 1.3401186682567232}]}, "verified": false, "price": {"tier": 3, "currency": "$", "message": "Expensive"}}, "referralId": "e-3-542d025a498e6526c4a06a7f-50", "tips": [{"id": "542d0363498e2bbaa6413270", "text": "Newest branch now in Jurong Point. Bright interior, not so bright serving staff. And that's being kind.", "disagreeCount": 0, "logView": true, "createdAt": 1412236131, "likes": {"groups": [], "summary": "1 like", "count": 1}, "todo": {"count": 0}, "agreeCount": 1, "canonicalUrl": "https://foursquare.com/item/542d0363498e2bbaa6413270", "type": "user", "user": {"gender": "male", "id": "6746946", "photo": {"prefix": "https://igx.4sqi.net/img/user/", "suffix": "/R11FHTL5SSYDJNK3.jpg"}, "firstName": "Ashley", "lastName": "Tan"}}]}, {"reasons": {"items": [{"reasonName": "globalInteractionReason", "summary": "This spot is popular", "type": "general"}], "count": 0}, "venue": {"hereNow": {"groups": [], "summary": "Nobody here", "count": 0}, "contact": {}, "photos": {"groups": [], "count": 0}, "name": "Mayson Bakery", "allowMenuUrlEdit": true, "beenHere": {"lastCheckinExpiredAt": 0, "count": 0, "marked": false}, "stats": {"checkinsCount": 412, "usersCount": 114, "tipCount": 2}, "id": "4d38cfb5f8e0a0934e788067", "categories": [{"pluralName": "Sandwich Places", "id": "4bf58dd8d48988d1c5941735", "primary": true, "icon": {"prefix": "https://ss3.4sqi.net/img/categories_v2/food/deli_", "suffix": ".png"}, "name": "Sandwich Place", "shortName": "Sandwiches"}], "location": {"formattedAddress": ["@ Jurong Point", "Singapore"], "lat": 1.3389955858977383, "lng": 103.70602363211617, "country": "Singapore", "distance": 43, "city": "Singapore", "cc": "SG", "address": "@ Jurong Point", "labeledLatLngs": [{"lng": 103.70602363211617, "label": "display", "lat": 1.3389955858977383}]}, "hours": {"isLocalHoliday": false, "isOpen": true, "status": "Likely open"}, "verified": false, "price": {"tier": 1, "currency": "$", "message": "Cheap"}}, "referralId": "e-3-4d38cfb5f8e0a0934e788067-51", "tips": [{"id": "4dd65ddf52b1a5c6443117f7", "text": "Love their polo buns and egg tarts!!!!", "disagreeCount": 0, "createdAt": 1305894367, "logView": true, "todo": {"count": 0}, "agreeCount": 0, "canonicalUrl": "https://foursquare.com/item/4dd65ddf52b1a5c6443117f7", "type": "user", "user": {"gender": "female", "id": "6414929", "photo": {"prefix": "https://igx.4sqi.net/img/user/", "suffix": "/2HUYIYL1JDVEGL53.jpg"}, "firstName": "karen", "lastName": "kong"}}]}, {"reasons": {"items": [{"reasonName": "globalInteractionReason", "summary": "This spot is popular", "type": "general"}], "count": 0}, "venue": {"hereNow": {"groups": [], "summary": "Nobody here", "count": 0}, "contact": {}, "photos": {"groups": [], "count": 0}, "name": "Take 5 @ JP2", "allowMenuUrlEdit": true, "beenHere": {"lastCheckinExpiredAt": 0, "count": 0, "marked": false}, "stats": {"checkinsCount": 150, "usersCount": 54, "tipCount": 2}, "id": "4da641d00437d0a79349e91c", "categories": [{"pluralName": "Fast Food Restaurants", "id": "4bf58dd8d48988d16e941735", "primary": true, "icon": {"prefix": "https://ss3.4sqi.net/img/categories_v2/food/fastfood_", "suffix": ".png"}, "name": "Fast Food Restaurant", "shortName": "Fast Food"}], "location": {"formattedAddress": ["Singapore"], "lat": 1.338886966778291, "lng": 103.7053788941293, "country": "Singapore", "distance": 82, "city": "Singapore", "cc": "SG", "labeledLatLngs": [{"lng": 103.7053788941293, "label": "display", "lat": 1.338886966778291}]}, "verified": false, "price": {"tier": 1, "currency": "$", "message": "Cheap"}}, "referralId": "e-3-4da641d00437d0a79349e91c-52", "tips": [{"id": "4efa7a72e300930672d109d3", "text": "Budjet breakfast. Should be filling", "disagreeCount": 0, "createdAt": 1325038194, "logView": true, "todo": {"count": 0}, "agreeCount": 0, "canonicalUrl": "https://foursquare.com/item/4efa7a72e300930672d109d3", "type": "user", "user": {"gender": "male", "id": "1492763", "photo": {"prefix": "https://igx.4sqi.net/img/user/", "suffix": "/2S4SPIHY2CUY5Z4M.jpg"}, "firstName": "Md Zaini", "lastName": "Rani"}}]}, {"reasons": {"items": [{"reasonName": "globalInteractionReason", "summary": "This spot is popular", "type": "general"}], "count": 0}, "venue": {"hereNow": {"groups": [], "summary": "Nobody here", "count": 0}, "contact": {"phone": "+6567931316", "formattedPhone": "+65 6793 1316"}, "photos": {"groups": [], "count": 0}, "name": "Polar Puffs & Cakes\u2122", "allowMenuUrlEdit": true, "beenHere": {"lastCheckinExpiredAt": 0, "count": 0, "marked": false}, "stats": {"checkinsCount": 104, "usersCount": 64, "tipCount": 0}, "id": "4e1e77af45dd3be9c474beb6", "categories": [{"pluralName": "Bakeries", "id": "4bf58dd8d48988d16a941735", "primary": true, "icon": {"prefix": "https://ss3.4sqi.net/img/categories_v2/food/bakery_", "suffix": ".png"}, "name": "Bakery", "shortName": "Bakery"}], "location": {"lng": 103.70652132673074, "formattedAddress": ["#B1-11, Jurong Point (1 Jurong West Central 2)", "648886", "Singapore"], "postalCode": "648886", "lat": 1.3393982091091685, "crossStreet": "1 Jurong West Central 2", "country": "Singapore", "distance": 101, "city": "Jurong West New Town", "cc": "SG", "address": "#B1-11, Jurong Point", "labeledLatLngs": [{"lng": 103.70652132673074, "label": "display", "lat": 1.3393982091091685}]}, "verified": false, "price": {"tier": 1, "currency": "$", "message": "Cheap"}}, "referralId": "e-3-4e1e77af45dd3be9c474beb6-53"}, {"reasons": {"items": [{"reasonName": "globalInteractionReason", "summary": "This spot is popular", "type": "general"}], "count": 0}, "venue": {"hereNow": {"groups": [], "summary": "Nobody here", "count": 0}, "contact": {}, "photos": {"groups": [], "count": 0}, "name": "Yakitori", "allowMenuUrlEdit": true, "beenHere": {"lastCheckinExpiredAt": 0, "count": 0, "marked": false}, "stats": {"checkinsCount": 48, "usersCount": 41, "tipCount": 0}, "id": "4e7c573dcc21f47fb69c5f0d", "categories": [{"pluralName": "Japanese Restaurants", "id": "4bf58dd8d48988d111941735", "primary": true, "icon": {"prefix": "https://ss3.4sqi.net/img/categories_v2/food/japanese_", "suffix": ".png"}, "name": "Japanese Restaurant", "shortName": "Japanese"}], "location": {"formattedAddress": ["Jurong Point", "Singapore"], "lat": 1.3393867309433893, "lng": 103.70668534013592, "distance": 111, "country": "Singapore", "cc": "SG", "address": "Jurong Point", "labeledLatLngs": [{"lng": 103.70668534013592, "label": "display", "lat": 1.3393867309433893}]}, "verified": false, "price": {"tier": 2, "currency": "$", "message": "Moderate"}}, "referralId": "e-3-4e7c573dcc21f47fb69c5f0d-54"}, {"reasons": {"items": [{"reasonName": "globalInteractionReason", "summary": "This spot is popular", "type": "general"}], "count": 0}, "venue": {"hereNow": {"groups": [], "summary": "Nobody here", "count": 0}, "contact": {}, "photos": {"groups": [], "count": 0}, "name": "Sakura @ jurong point 2", "allowMenuUrlEdit": true, "beenHere": {"lastCheckinExpiredAt": 0, "count": 0, "marked": false}, "stats": {"checkinsCount": 268, "usersCount": 198, "tipCount": 2}, "id": "4c564de26201e21eb52ed96c", "categories": [{"pluralName": "Asian Restaurants", "id": "4bf58dd8d48988d142941735", "primary": true, "icon": {"prefix": "https://ss3.4sqi.net/img/categories_v2/food/asian_", "suffix": ".png"}, "name": "Asian Restaurant", "shortName": "Asian"}], "location": {"formattedAddress": ["Singapore"], "lat": 1.3386713071835112, "lng": 103.70516963773397, "distance": 99, "country": "Singapore", "cc": "SG", "labeledLatLngs": [{"lng": 103.70516963773397, "label": "display", "lat": 1.3386713071835112}]}, "hours": {"isLocalHoliday": false, "isOpen": true, "status": "Likely open"}, "verified": false, "price": {"tier": 2, "currency": "$", "message": "Moderate"}}, "referralId": "e-3-4c564de26201e21eb52ed96c-55", "tips": [{"id": "4d32d7262c76a143b03075c7", "text": "Food not that good and the service totally sucks..", "disagreeCount": 0, "logView": true, "createdAt": 1295177510, "likes": {"groups": [], "summary": "1 like", "count": 1}, "todo": {"count": 0}, "agreeCount": 0, "canonicalUrl": "https://foursquare.com/item/4d32d7262c76a143b03075c7", "type": "user", "user": {"gender": "female", "id": "3633571", "photo": {"prefix": "https://igx.4sqi.net/img/user/", "suffix": "/2JF0BO1ORTX2AJMS.jpg"}, "firstName": "Ella", "lastName": "Naina"}}]}, {"reasons": {"items": [{"reasonName": "globalInteractionReason", "summary": "This spot is popular", "type": "general"}], "count": 0}, "venue": {"hereNow": {"groups": [], "summary": "Nobody here", "count": 0}, "contact": {}, "photos": {"groups": [], "count": 0}, "name": "Seoul Garden @ Jurong Point", "allowMenuUrlEdit": true, "beenHere": {"lastCheckinExpiredAt": 0, "count": 0, "marked": false}, "stats": {"checkinsCount": 41, "usersCount": 37, "tipCount": 0}, "id": "541ea215498e35d270148828", "categories": [{"pluralName": "Korean Restaurants", "id": "4bf58dd8d48988d113941735", "primary": true, "icon": {"prefix": "https://ss3.4sqi.net/img/categories_v2/food/korean_", "suffix": ".png"}, "name": "Korean Restaurant", "shortName": "Korean"}], "location": {"formattedAddress": ["Singapore"], "lat": 1.3387849877197215, "lng": 103.70573519631536, "distance": 41, "country": "Singapore", "cc": "SG", "labeledLatLngs": [{"lng": 103.70573519631536, "label": "display", "lat": 1.3387849877197215}]}, "verified": false, "price": {"tier": 2, "currency": "$", "message": "Moderate"}}, "referralId": "e-3-541ea215498e35d270148828-56"}, {"reasons": {"items": [{"reasonName": "globalInteractionReason", "summary": "This spot is popular", "type": "general"}], "count": 0}, "venue": {"hereNow": {"groups": [], "summary": "Nobody here", "count": 0}, "contact": {}, "photos": {"groups": [], "count": 0}, "name": "OK TEA", "allowMenuUrlEdit": true, "beenHere": {"lastCheckinExpiredAt": 0, "count": 0, "marked": false}, "stats": {"checkinsCount": 377, "usersCount": 135, "tipCount": 0}, "id": "4e4259a818a8627fce4495b9", "categories": [{"pluralName": "Caf\u00e9s", "id": "4bf58dd8d48988d16d941735", "primary": true, "icon": {"prefix": "https://ss3.4sqi.net/img/categories_v2/food/cafe_", "suffix": ".png"}, "name": "Caf\u00e9", "shortName": "Caf\u00e9"}], "location": {"lng": 103.70716041458661, "formattedAddress": ["#B1-09, Jurong Point (JP1) (1 Jurong West Central 2)", "648886", "Singapore"], "postalCode": "648886", "lat": 1.3395484191895901, "crossStreet": "1 Jurong West Central 2", "country": "Singapore", "distance": 161, "city": "Singapore", "cc": "SG", "address": "#B1-09, Jurong Point (JP1)", "labeledLatLngs": [{"lng": 103.70716041458661, "label": "display", "lat": 1.3395484191895901}]}, "hours": {"isLocalHoliday": false, "isOpen": true, "status": "Likely open"}, "verified": false, "price": {"tier": 1, "currency": "$", "message": "Cheap"}}, "referralId": "e-3-4e4259a818a8627fce4495b9-57"}, {"reasons": {"items": [{"reasonName": "globalInteractionReason", "summary": "This spot is popular", "type": "general"}], "count": 0}, "venue": {"hereNow": {"groups": [], "summary": "Nobody here", "count": 0}, "contact": {"phone": "+6567953600", "formattedPhone": "+65 6795 3600"}, "photos": {"groups": [], "count": 0}, "name": "Bengawan Solo", "allowMenuUrlEdit": true, "beenHere": {"lastCheckinExpiredAt": 0, "count": 0, "marked": false}, "stats": {"checkinsCount": 222, "usersCount": 107, "tipCount": 0}, "id": "4e5ce3842271162c8fc5b5e1", "categories": [{"pluralName": "Bakeries", "id": "4bf58dd8d48988d16a941735", "primary": true, "icon": {"prefix": "https://ss3.4sqi.net/img/categories_v2/food/bakery_", "suffix": ".png"}, "name": "Bakery", "shortName": "Bakery"}], "location": {"lng": 103.70682673116448, "formattedAddress": ["#B1-05, Jurong Point (Jurong West Central 2)", "Singapore"], "lat": 1.3396629066467756, "crossStreet": "Jurong West Central 2", "country": "Singapore", "distance": 145, "city": "Singapore", "cc": "SG", "address": "#B1-05, Jurong Point", "labeledLatLngs": [{"lng": 103.70682673116448, "label": "display", "lat": 1.3396629066467756}]}, "verified": false, "price": {"tier": 1, "currency": "$", "message": "Cheap"}}, "referralId": "e-3-4e5ce3842271162c8fc5b5e1-58"}, {"reasons": {"items": [{"reasonName": "globalInteractionReason", "summary": "This spot is popular", "type": "general"}], "count": 0}, "venue": {"id": "4f059bceb634a88a85358afc", "hereNow": {"groups": [], "summary": "Nobody here", "count": 0}, "contact": {"twitter": "evelynsushi"}, "beenHere": {"lastCheckinExpiredAt": 0, "count": 0, "marked": false}, "photos": {"groups": [], "count": 0}, "name": "Sizzling Hotplate @ banquet", "location": {"formattedAddress": ["Jurong Point", "Singapore"], "lat": 1.3398956232174506, "lng": 103.70669665141267, "country": "Singapore", "distance": 160, "city": "Singapore", "cc": "SG", "address": "Jurong Point", "labeledLatLngs": [{"lng": 103.70669665141267, "label": "display", "lat": 1.3398956232174506}]}, "allowMenuUrlEdit": true, "verified": false, "categories": [{"pluralName": "Food Courts", "id": "4bf58dd8d48988d120951735", "primary": true, "icon": {"prefix": "https://ss3.4sqi.net/img/categories_v2/shops/food_foodcourt_", "suffix": ".png"}, "name": "Food Court", "shortName": "Food Court"}], "stats": {"checkinsCount": 32, "usersCount": 21, "tipCount": 0}}, "referralId": "e-3-4f059bceb634a88a85358afc-59"}, {"reasons": {"items": [{"reasonName": "globalInteractionReason", "summary": "This spot is popular", "type": "general"}], "count": 0}, "venue": {"hereNow": {"groups": [], "summary": "Nobody here", "count": 0}, "contact": {}, "photos": {"groups": [], "count": 0}, "name": "Old Chang Kee", "allowMenuUrlEdit": true, "beenHere": {"lastCheckinExpiredAt": 0, "count": 0, "marked": false}, "stats": {"checkinsCount": 778, "usersCount": 330, "tipCount": 3}, "id": "4bc27ed1b492d13af0afa760", "categories": [{"pluralName": "Snack Places", "id": "4bf58dd8d48988d1c7941735", "primary": true, "icon": {"prefix": "https://ss3.4sqi.net/img/categories_v2/food/snacks_", "suffix": ".png"}, "name": "Snack Place", "shortName": "Snacks"}], "location": {"lng": 103.70532799389478, "formattedAddress": ["#01-39, Jurong Point (JP2) (63 Jurong West Central 3)", "648331", "Singapore"], "postalCode": "648331", "lat": 1.3388890900435813, "crossStreet": "63 Jurong West Central 3", "country": "Singapore", "distance": 87, "city": "Singapore", "cc": "SG", "address": "#01-39, Jurong Point (JP2)", "labeledLatLngs": [{"lng": 103.70532799389478, "label": "display", "lat": 1.3388890900435813}]}, "hours": {"isLocalHoliday": false, "isOpen": true, "status": "Likely open"}, "verified": false, "price": {"tier": 1, "currency": "$", "message": "Cheap"}}, "referralId": "e-3-4bc27ed1b492d13af0afa760-60", "tips": [{"id": "5208d782498e0fee55edd7bc", "text": "Yam pie is good", "disagreeCount": 0, "logView": true, "createdAt": 1376311170, "likes": {"groups": [], "summary": "1 like", "count": 1}, "todo": {"count": 0}, "agreeCount": 1, "canonicalUrl": "https://foursquare.com/item/5208d782498e0fee55edd7bc", "type": "user", "user": {"gender": "female", "id": "35145889", "photo": {"prefix": "https://igx.4sqi.net/img/user/", "suffix": "/PNXRGXYDU41JOZLW.jpg"}, "firstName": "Kenix", "lastName": "Ong"}}]}, {"reasons": {"items": [{"reasonName": "globalInteractionReason", "summary": "This spot is popular", "type": "general"}], "count": 0}, "venue": {"contact": {"phone": "+6567959606", "formattedPhone": "+65 6795 9606"}, "photos": {"groups": [], "count": 0}, "name": "Brio", "allowMenuUrlEdit": true, "beenHere": {"lastCheckinExpiredAt": 0, "count": 0, "marked": false}, "stats": {"checkinsCount": 31, "usersCount": 29, "tipCount": 1}, "id": "578cdb7d498e690e88e1747d", "categories": [{"pluralName": "English Restaurants", "id": "52e81612bcbc57f1066b7a05", "primary": true, "icon": {"prefix": "https://ss3.4sqi.net/img/categories_v2/food/default_", "suffix": ".png"}, "name": "English Restaurant", "shortName": "English"}], "location": {"formattedAddress": ["1 Jurong West Central 2 #02-24/K5", "648886", "Singapore"], "postalCode": "648886", "lat": 1.3402578, "lng": 103.70629, "distance": 185, "country": "Singapore", "cc": "SG", "address": "1 Jurong West Central 2 #02-24/K5", "labeledLatLngs": [{"lng": 103.70629, "label": "display", "lat": 1.3402578}]}, "hours": {"isLocalHoliday": false, "isOpen": true, "status": "Open until 9:30 PM"}, "verified": false, "hereNow": {"groups": [], "summary": "Nobody here", "count": 0}}, "referralId": "e-3-578cdb7d498e690e88e1747d-61", "tips": [{"id": "579b2d91498e1628c6c622d1", "text": "Their mussel and clam aglio olio is not bad. Overall okay. But it's quite a price", "disagreeCount": 0, "createdAt": 1469787537, "logView": true, "todo": {"count": 0}, "agreeCount": 0, "canonicalUrl": "https://foursquare.com/item/579b2d91498e1628c6c622d1", "type": "user", "user": {"gender": "none", "id": "5729811", "photo": {"prefix": "https://igx.4sqi.net/img/user/", "suffix": "/5729811-JE2DUF2FZZJ50Q0P.jpg"}, "firstName": "sapp1600", "lastName": "Liew"}}]}, {"reasons": {"items": [{"reasonName": "globalInteractionReason", "summary": "This spot is popular", "type": "general"}], "count": 0}, "venue": {"hereNow": {"groups": [], "summary": "Nobody here", "count": 0}, "contact": {}, "photos": {"groups": [], "count": 0}, "name": "Chocolate Origin", "allowMenuUrlEdit": true, "beenHere": {"lastCheckinExpiredAt": 0, "count": 0, "marked": false}, "stats": {"checkinsCount": 38, "usersCount": 32, "tipCount": 0}, "id": "56b07ca2498e5a82151b80a7", "categories": [{"pluralName": "Caf\u00e9s", "id": "4bf58dd8d48988d16d941735", "primary": true, "icon": {"prefix": "https://ss3.4sqi.net/img/categories_v2/food/cafe_", "suffix": ".png"}, "name": "Caf\u00e9", "shortName": "Caf\u00e9"}], "location": {"formattedAddress": ["Singapore"], "lat": 1.3394819383127476, "lng": 103.70678148601901, "distance": 126, "country": "Singapore", "cc": "SG", "labeledLatLngs": [{"lng": 103.70678148601901, "label": "display", "lat": 1.3394819383127476}]}, "verified": false, "price": {"tier": 1, "currency": "$", "message": "Cheap"}}, "referralId": "e-3-56b07ca2498e5a82151b80a7-62"}, {"reasons": {"items": [{"reasonName": "globalInteractionReason", "summary": "This spot is popular", "type": "general"}], "count": 0}, "venue": {"hereNow": {"groups": [], "summary": "Nobody here", "count": 0}, "contact": {}, "photos": {"groups": [], "count": 0}, "name": "Play Kitchen Asian Pasta", "allowMenuUrlEdit": true, "beenHere": {"lastCheckinExpiredAt": 0, "count": 0, "marked": false}, "stats": {"checkinsCount": 45, "usersCount": 14, "tipCount": 1}, "id": "52033c36498e679b2a93d648", "categories": [{"pluralName": "Noodle Houses", "id": "4bf58dd8d48988d1d1941735", "primary": true, "icon": {"prefix": "https://ss3.4sqi.net/img/categories_v2/food/ramen_", "suffix": ".png"}, "name": "Noodle House", "shortName": "Noodles"}], "location": {"formattedAddress": ["Singapore"], "lat": 1.3401645477936572, "lng": 103.7067249296088, "distance": 188, "country": "Singapore", "cc": "SG", "labeledLatLngs": [{"lng": 103.7067249296088, "label": "display", "lat": 1.3401645477936572}]}, "verified": false, "price": {"tier": 1, "currency": "$", "message": "Cheap"}}, "referralId": "e-3-52033c36498e679b2a93d648-63", "tips": [{"logView": true, "photo": {"id": "5210cbd4498ee02d23c5b89e", "visibility": "public", "source": {"name": "Foursquare for Android", "url": "https://foursquare.com/download/#/android"}, "suffix": "/3220915_KZB2YTdRQuGGlAoxvvUnaclNr6dYSojJFV1Wl52MTuo.jpg", "createdAt": 1376832468, "prefix": "https://igx.4sqi.net/img/general/", "width": 720, "height": 960}, "createdAt": 1376832464, "agreeCount": 0, "id": "5210cbd011d20e875ff00a97", "text": "Try the Bacon Aglio Olio! Very tasty and delicious!  :)", "type": "user", "disagreeCount": 0, "user": {"id": "3220915", "photo": {"prefix": "https://igx.4sqi.net/img/user/", "suffix": "/3220915-YAUB03DVIB1NMABZ.jpg"}, "firstName": "Danny Lee", "gender": "male"}, "canonicalUrl": "https://foursquare.com/item/5210cbd011d20e875ff00a97", "todo": {"count": 0}, "photourl": "https://igx.4sqi.net/img/general/original/3220915_KZB2YTdRQuGGlAoxvvUnaclNr6dYSojJFV1Wl52MTuo.jpg"}]}, {"reasons": {"items": [{"reasonName": "globalInteractionReason", "summary": "This spot is popular", "type": "general"}], "count": 0}, "venue": {"id": "4e768319b0fb968033acef7d", "hereNow": {"groups": [], "summary": "Nobody here", "count": 0}, "contact": {}, "beenHere": {"lastCheckinExpiredAt": 0, "count": 0, "marked": false}, "photos": {"groups": [], "count": 0}, "name": "The Cafe Lobby", "location": {"formattedAddress": ["Jurong Point", "Singapore"], "lat": 1.338923, "lng": 103.705597, "country": "Singapore", "distance": 62, "city": "Singapore", "cc": "SG", "address": "Jurong Point", "labeledLatLngs": [{"lng": 103.705597, "label": "display", "lat": 1.338923}]}, "allowMenuUrlEdit": true, "verified": false, "categories": [{"pluralName": "Food Courts", "id": "4bf58dd8d48988d120951735", "primary": true, "icon": {"prefix": "https://ss3.4sqi.net/img/categories_v2/shops/food_foodcourt_", "suffix": ".png"}, "name": "Food Court", "shortName": "Food Court"}], "stats": {"checkinsCount": 76, "usersCount": 16, "tipCount": 0}}, "referralId": "e-3-4e768319b0fb968033acef7d-64"}, {"reasons": {"items": [{"reasonName": "globalInteractionReason", "summary": "This spot is popular", "type": "general"}], "count": 0}, "venue": {"hereNow": {"groups": [], "summary": "Nobody here", "count": 0}, "contact": {}, "photos": {"groups": [], "count": 0}, "name": "Mr Bean", "allowMenuUrlEdit": true, "beenHere": {"lastCheckinExpiredAt": 0, "count": 0, "marked": false}, "stats": {"checkinsCount": 279, "usersCount": 149, "tipCount": 3}, "id": "4bdf85716198c9b661a917ff", "categories": [{"pluralName": "Snack Places", "id": "4bf58dd8d48988d1c7941735", "primary": true, "icon": {"prefix": "https://ss3.4sqi.net/img/categories_v2/food/snacks_", "suffix": ".png"}, "name": "Snack Place", "shortName": "Snacks"}], "location": {"lng": 103.7056107732215, "formattedAddress": ["Boon Lay MRT Station (Boon Lay Way)", "Singapore"], "lat": 1.3388934458905049, "crossStreet": "Boon Lay Way", "country": "Singapore", "distance": 59, "city": "Singapore", "cc": "SG", "address": "Boon Lay MRT Station", "labeledLatLngs": [{"lng": 103.7056107732215, "label": "display", "lat": 1.3388934458905049}]}, "hours": {"isLocalHoliday": false, "isOpen": true, "status": "Likely open"}, "verified": false, "price": {"tier": 1, "currency": "$", "message": "Cheap"}}, "referralId": "e-3-4bdf85716198c9b661a917ff-65", "tips": [{"id": "4d0ff6e3b765224b2eece732", "text": "Best Soya Bean drink available here.", "disagreeCount": 0, "logView": true, "createdAt": 1292891875, "likes": {"groups": [], "summary": "2 likes", "count": 2}, "todo": {"count": 0}, "agreeCount": 2, "canonicalUrl": "https://foursquare.com/item/4d0ff6e3b765224b2eece732", "type": "user", "user": {"gender": "female", "id": "4388892", "photo": {"prefix": "https://igx.4sqi.net/img/user/", "suffix": "/4388892-FQWPIOHSWROHTCUG.jpg"}, "firstName": "Anna", "lastName": "Gunn"}}]}, {"reasons": {"items": [{"reasonName": "globalInteractionReason", "summary": "This spot is popular", "type": "general"}], "count": 0}, "venue": {"hereNow": {"groups": [], "summary": "Nobody here", "count": 0}, "contact": {"phone": "+6563169045", "formattedPhone": "+65 6316 9045"}, "photos": {"groups": [], "count": 0}, "name": "Awfully Chocolate", "allowMenuUrlEdit": true, "beenHere": {"lastCheckinExpiredAt": 0, "count": 0, "marked": false}, "stats": {"checkinsCount": 401, "usersCount": 232, "tipCount": 3}, "id": "4e6d057652b14562869a030f", "categories": [{"pluralName": "Bakeries", "id": "4bf58dd8d48988d16a941735", "primary": true, "icon": {"prefix": "https://ss3.4sqi.net/img/categories_v2/food/bakery_", "suffix": ".png"}, "name": "Bakery", "shortName": "Bakery"}], "url": "http://www.awfullychocolate.com", "location": {"lng": 103.70660050559079, "formattedAddress": ["#B1-79 Jurong Point (63 Jurong West Central 3)", "648331", "Singapore"], "postalCode": "648331", "lat": 1.339382249448906, "crossStreet": "63 Jurong West Central 3", "country": "Singapore", "distance": 105, "city": "Singapore", "cc": "SG", "address": "#B1-79 Jurong Point", "labeledLatLngs": [{"lng": 103.70660050559079, "label": "display", "lat": 1.339382249448906}]}, "hours": {"isLocalHoliday": false, "isOpen": true, "status": "Open until 10:00 PM"}, "verified": false, "price": {"tier": 1, "currency": "$", "message": "Cheap"}}, "referralId": "e-3-4e6d057652b14562869a030f-66", "tips": [{"logView": true, "photo": {"id": "52284572498e34ccebbd11c2", "visibility": "public", "source": {"name": "Foursquare for iOS", "url": "https://foursquare.com/download/#/iphone"}, "suffix": "/27299737_XHRzvgmIUdYJBaBG7JTXTMHAxb4CMZlrMgjhYwdQJ5Q.jpg", "createdAt": 1378370930, "prefix": "https://igx.4sqi.net/img/general/", "width": 720, "height": 720}, "createdAt": 1378370926, "agreeCount": 0, "id": "5228456e11d21cef7f535e69", "text": "Sinfully heaven! I love sweets!", "type": "user", "disagreeCount": 0, "user": {"gender": "female", "id": "27299737", "photo": {"prefix": "https://igx.4sqi.net/img/user/", "suffix": "/Y0VIRB1E44AFUJJQ.jpg"}, "firstName": "Rosemarie", "lastName": "Casuyon"}, "canonicalUrl": "https://foursquare.com/item/5228456e11d21cef7f535e69", "todo": {"count": 0}, "photourl": "https://igx.4sqi.net/img/general/original/27299737_XHRzvgmIUdYJBaBG7JTXTMHAxb4CMZlrMgjhYwdQJ5Q.jpg"}]}, {"reasons": {"items": [{"reasonName": "globalInteractionReason", "summary": "This spot is popular", "type": "general"}], "count": 0}, "venue": {"hereNow": {"groups": [], "summary": "Nobody here", "count": 0}, "contact": {"phone": "+6567925662", "formattedPhone": "+65 6792 5662"}, "photos": {"groups": [], "count": 0}, "name": "Soup Empire (\u8001\u706b\u6c64\uff09", "allowMenuUrlEdit": true, "beenHere": {"lastCheckinExpiredAt": 0, "count": 0, "marked": false}, "stats": {"checkinsCount": 150, "usersCount": 69, "tipCount": 5}, "id": "4f1f8965e4b00491a607e06d", "categories": [{"pluralName": "Soup Places", "id": "4bf58dd8d48988d1dd931735", "primary": true, "icon": {"prefix": "https://ss3.4sqi.net/img/categories_v2/food/soup_", "suffix": ".png"}, "name": "Soup Place", "shortName": "Soup"}], "location": {"lng": 103.70559380644497, "formattedAddress": ["1 Jurong West Central 2 (Jurong Point Shopping Centre)", "648886", "Singapore"], "postalCode": "648886", "lat": 1.3390765701014744, "crossStreet": "Jurong Point Shopping Centre", "country": "Singapore", "distance": 74, "city": "Singapore", "cc": "SG", "address": "1 Jurong West Central 2", "labeledLatLngs": [{"lng": 103.70559380644497, "label": "display", "lat": 1.3390765701014744}]}, "verified": false, "price": {"tier": 1, "currency": "$", "message": "Cheap"}}, "referralId": "e-3-4f1f8965e4b00491a607e06d-67", "tips": [{"id": "4f2fc076e4b062ad2d633b15", "text": "they have good customer service((: very prompt and efficient.", "disagreeCount": 0, "logView": true, "createdAt": 1328529526, "likes": {"groups": [], "summary": "1 like", "count": 1}, "todo": {"count": 0}, "agreeCount": 0, "canonicalUrl": "https://foursquare.com/item/4f2fc076e4b062ad2d633b15", "type": "user", "user": {"gender": "female", "id": "4185434", "photo": {"prefix": "https://igx.4sqi.net/img/user/", "suffix": "/HNMKLFCOZQTP421Y.jpg"}, "firstName": "Joanna", "lastName": "Seow"}}]}, {"reasons": {"items": [{"reasonName": "globalInteractionReason", "summary": "This spot is popular", "type": "general"}], "count": 0}, "venue": {"hereNow": {"groups": [], "summary": "Nobody here", "count": 0}, "contact": {}, "photos": {"groups": [], "count": 0}, "name": "Java Village Indonesian Cuisine", "allowMenuUrlEdit": true, "beenHere": {"lastCheckinExpiredAt": 0, "count": 0, "marked": false}, "stats": {"checkinsCount": 269, "usersCount": 215, "tipCount": 3}, "id": "4ca8194376d3a0933fd0126b", "categories": [{"pluralName": "Indonesian Restaurants", "id": "4deefc054765f83613cdba6f", "primary": true, "icon": {"prefix": "https://ss3.4sqi.net/img/categories_v2/food/indonesian_", "suffix": ".png"}, "name": "Indonesian Restaurant", "shortName": "Indonesian"}], "location": {"formattedAddress": ["Jurong Point", "Singapore"], "lat": 1.3387234707435254, "lng": 103.70511308200787, "distance": 106, "country": "Singapore", "cc": "SG", "address": "Jurong Point", "labeledLatLngs": [{"lng": 103.70511308200787, "label": "display", "lat": 1.3387234707435254}]}, "hours": {"isLocalHoliday": false, "isOpen": false}, "verified": false, "price": {"tier": 2, "currency": "$", "message": "Moderate"}}, "referralId": "e-3-4ca8194376d3a0933fd0126b-68", "tips": [{"id": "50263808e4b063baa0b57727", "text": "Ayam penyet sini boleh coba.mantaff maknyoooos..", "disagreeCount": 0, "logView": true, "createdAt": 1344681992, "likes": {"groups": [], "summary": "1 like", "count": 1}, "todo": {"count": 0}, "agreeCount": 1, "canonicalUrl": "https://foursquare.com/item/50263808e4b063baa0b57727", "type": "user", "user": {"gender": "male", "id": "6158587", "photo": {"prefix": "https://igx.4sqi.net/img/user/", "suffix": "/EMWZUESADNQOLFUI.jpg"}, "firstName": "GUNTUR", "lastName": "M"}}]}, {"reasons": {"items": [{"reasonName": "globalInteractionReason", "summary": "This spot is popular", "type": "general"}], "count": 0}, "venue": {"hereNow": {"groups": [], "summary": "Nobody here", "count": 0}, "contact": {}, "photos": {"groups": [], "count": 0}, "name": "Mr Bean", "allowMenuUrlEdit": true, "beenHere": {"lastCheckinExpiredAt": 0, "count": 0, "marked": false}, "stats": {"checkinsCount": 186, "usersCount": 86, "tipCount": 0}, "id": "4d834c469324236ab5f6a00e", "categories": [{"pluralName": "Snack Places", "id": "4bf58dd8d48988d1c7941735", "primary": true, "icon": {"prefix": "https://ss3.4sqi.net/img/categories_v2/food/snacks_", "suffix": ".png"}, "name": "Snack Place", "shortName": "Snacks"}], "location": {"lng": 103.7058596195254, "formattedAddress": ["Jurong Point Shopping Centre (JP2), #03-10 (1 Jurong West Central 2)", "648886", "Singapore"], "postalCode": "648886", "lat": 1.3389561224489757, "crossStreet": "1 Jurong West Central 2", "distance": 45, "country": "Singapore", "cc": "SG", "address": "Jurong Point Shopping Centre (JP2), #03-10", "labeledLatLngs": [{"lng": 103.7058596195254, "label": "display", "lat": 1.3389561224489757}]}, "verified": false, "price": {"tier": 1, "currency": "$", "message": "Cheap"}}, "referralId": "e-3-4d834c469324236ab5f6a00e-69"}, {"reasons": {"items": [{"reasonName": "globalInteractionReason", "summary": "This spot is popular", "type": "general"}], "count": 0}, "venue": {"hereNow": {"groups": [], "summary": "Nobody here", "count": 0}, "contact": {}, "photos": {"groups": [], "count": 0}, "name": "Ananas Cafe", "allowMenuUrlEdit": true, "beenHere": {"lastCheckinExpiredAt": 0, "count": 0, "marked": false}, "stats": {"checkinsCount": 274, "usersCount": 159, "tipCount": 3}, "id": "4ca6ecf744a8224bbd460840", "categories": [{"pluralName": "Caf\u00e9s", "id": "4bf58dd8d48988d16d941735", "primary": true, "icon": {"prefix": "https://ss3.4sqi.net/img/categories_v2/food/cafe_", "suffix": ".png"}, "name": "Caf\u00e9", "shortName": "Caf\u00e9"}], "location": {"formattedAddress": ["#01-13, 301 Boon Lay Way", "649846", "Singapore"], "postalCode": "649846", "lat": 1.3387957582205006, "lng": 103.70579740790585, "country": "Singapore", "distance": 36, "city": "Singapore", "cc": "SG", "address": "#01-13, 301 Boon Lay Way", "labeledLatLngs": [{"lng": 103.70579740790585, "label": "display", "lat": 1.3387957582205006}]}, "hours": {"isLocalHoliday": false, "isOpen": true, "status": "Likely open"}, "verified": false, "price": {"tier": 1, "currency": "$", "message": "Cheap"}}, "referralId": "e-3-4ca6ecf744a8224bbd460840-70", "tips": [{"id": "4d812ab37c956dcba149ef7b", "text": "Chicken rice @ $1.50 every time", "disagreeCount": 0, "logView": true, "createdAt": 1300310707, "likes": {"groups": [], "summary": "1 like", "count": 1}, "todo": {"count": 1}, "agreeCount": 1, "canonicalUrl": "https://foursquare.com/item/4d812ab37c956dcba149ef7b", "type": "user", "user": {"gender": "male", "id": "5425790", "photo": {"prefix": "https://igx.4sqi.net/img/user/", "suffix": "/5425790-RNKJRMOD3DPSQ1PZ.jpg"}, "firstName": "Anthony Ngiam", "lastName": "Sze Liang"}}]}, {"reasons": {"items": [{"reasonName": "globalInteractionReason", "summary": "This spot is popular", "type": "general"}], "count": 0}, "venue": {"hereNow": {"groups": [], "summary": "Nobody here", "count": 0}, "contact": {"phone": "+6567917553", "formattedPhone": "+65 6791 7553"}, "photos": {"groups": [], "count": 0}, "name": "Kuriya Japanese Fresh Fish Market", "allowMenuUrlEdit": true, "beenHere": {"lastCheckinExpiredAt": 0, "count": 0, "marked": false}, "stats": {"checkinsCount": 405, "usersCount": 188, "tipCount": 2}, "id": "4cd53c2194848cfa58d8e4b1", "categories": [{"pluralName": "Japanese Restaurants", "id": "4bf58dd8d48988d111941735", "primary": true, "icon": {"prefix": "https://ss3.4sqi.net/img/categories_v2/food/japanese_", "suffix": ".png"}, "name": "Japanese Restaurant", "shortName": "Japanese"}], "url": "http://www.kuriyajapanesemarket.com.sg/en/", "location": {"lng": 103.70652132673074, "formattedAddress": ["B1-77/78, Jurong Point (1 Jurong West Central 2)", "648331", "Singapore"], "postalCode": "648331", "lat": 1.3395519976464973, "crossStreet": "1 Jurong West Central 2", "country": "Singapore", "distance": 117, "city": "Singapore", "cc": "SG", "address": "B1-77/78, Jurong Point", "labeledLatLngs": [{"lng": 103.70652132673074, "label": "display", "lat": 1.3395519976464973}]}, "hours": {"isLocalHoliday": false, "isOpen": true, "status": "Likely open"}, "verified": false, "price": {"tier": 2, "currency": "$", "message": "Moderate"}}, "referralId": "e-3-4cd53c2194848cfa58d8e4b1-71", "tips": [{"id": "4f6dbfc7e4b0e14a3f36cb6e", "text": "30% off sticker price for sushi and sashimi after 8pm?", "disagreeCount": 0, "createdAt": 1332592583, "logView": true, "todo": {"count": 0}, "agreeCount": 0, "canonicalUrl": "https://foursquare.com/item/4f6dbfc7e4b0e14a3f36cb6e", "type": "user", "user": {"gender": "female", "id": "1324949", "photo": {"prefix": "https://igx.4sqi.net/img/user/", "suffix": "/NEA40UIB0LZB5WCJ.jpg"}, "firstName": "Yvonne", "lastName": "Han"}}]}, {"reasons": {"items": [{"reasonName": "globalInteractionReason", "summary": "This spot is popular", "type": "general"}], "count": 0}, "venue": {"hereNow": {"groups": [], "summary": "Nobody here", "count": 0}, "contact": {"phone": "+6567953810", "formattedPhone": "+65 6795 3810"}, "photos": {"groups": [], "count": 0}, "name": "Sakura Halal Thai Chinese Cuisine", "allowMenuUrlEdit": true, "beenHere": {"lastCheckinExpiredAt": 0, "count": 0, "marked": false}, "stats": {"checkinsCount": 85, "usersCount": 62, "tipCount": 1}, "id": "4d1daf4befc6a0908f317e57", "categories": [{"pluralName": "Thai Restaurants", "id": "4bf58dd8d48988d149941735", "primary": true, "icon": {"prefix": "https://ss3.4sqi.net/img/categories_v2/food/thai_", "suffix": ".png"}, "name": "Thai Restaurant", "shortName": "Thai"}], "location": {"lng": 103.7052431602138, "formattedAddress": ["63 Jurong West Central 3 #03-35 (JP2 Jurong Point Shopping Centre)", "648331", "Singapore"], "postalCode": "648331", "lat": 1.3386761108163445, "crossStreet": "JP2 Jurong Point Shopping Centre", "country": "Singapore", "distance": 91, "city": "Singapore", "cc": "SG", "address": "63 Jurong West Central 3 #03-35", "labeledLatLngs": [{"lng": 103.7052431602138, "label": "display", "lat": 1.3386761108163445}]}, "verified": false, "price": {"tier": 2, "currency": "$", "message": "Moderate"}}, "referralId": "e-3-4d1daf4befc6a0908f317e57-72", "tips": [{"id": "4d1db158efc6a09027337e57", "text": "Cosy and convenient!", "disagreeCount": 0, "createdAt": 1293791576, "logView": true, "todo": {"count": 0}, "agreeCount": 0, "canonicalUrl": "https://foursquare.com/item/4d1db158efc6a09027337e57", "type": "user", "user": {"id": "5510984", "photo": {"prefix": "https://igx.4sqi.net/img/user/", "suffix": "/RIYBLPWGBPXFSUWT.jpg"}, "firstName": "shahidahmj", "gender": "female"}}]}, {"reasons": {"items": [{"reasonName": "globalInteractionReason", "summary": "This spot is popular", "type": "general"}], "count": 0}, "venue": {"hereNow": {"groups": [], "summary": "Nobody here", "count": 0}, "contact": {}, "photos": {"groups": [], "count": 0}, "name": "Four Leaves", "allowMenuUrlEdit": true, "beenHere": {"lastCheckinExpiredAt": 0, "count": 0, "marked": false}, "stats": {"checkinsCount": 320, "usersCount": 130, "tipCount": 1}, "id": "4c4440e1f799e21e2a80ada2", "categories": [{"pluralName": "Bakeries", "id": "4bf58dd8d48988d16a941735", "primary": true, "icon": {"prefix": "https://ss3.4sqi.net/img/categories_v2/food/bakery_", "suffix": ".png"}, "name": "Bakery", "shortName": "Bakery"}], "location": {"lng": 103.70527267456055, "formattedAddress": ["Jurong Point Shopping Centre (Jurong West Central)", "608549", "Singapore"], "postalCode": "608549", "lat": 1.3388261586467491, "crossStreet": "Jurong West Central", "country": "Singapore", "distance": 91, "city": "Singapore", "cc": "SG", "address": "Jurong Point Shopping Centre", "labeledLatLngs": [{"lng": 103.70527267456055, "label": "display", "lat": 1.3388261586467491}]}, "hours": {"isLocalHoliday": false, "isOpen": true, "status": "Likely open"}, "verified": false, "price": {"tier": 1, "currency": "$", "message": "Cheap"}}, "referralId": "e-3-4c4440e1f799e21e2a80ada2-73", "tips": [{"id": "4ea0eae9c2eefedd03c3b959", "text": "Good to have the $2.70 wholemeal grained loaf! :) Better than the factory-made ones you usually find in the supermarkets! :)", "disagreeCount": 0, "createdAt": 1319168745, "logView": true, "todo": {"count": 0}, "agreeCount": 0, "canonicalUrl": "https://foursquare.com/item/4ea0eae9c2eefedd03c3b959", "type": "user", "user": {"gender": "female", "id": "2499908", "photo": {"prefix": "https://igx.4sqi.net/img/user/", "suffix": "/YDY2QPGDSIG3F1TA.jpg"}, "firstName": "Juits", "lastName": "H"}}]}, {"reasons": {"items": [{"reasonName": "globalInteractionReason", "summary": "This spot is popular", "type": "general"}], "count": 0}, "venue": {"hereNow": {"groups": [], "summary": "Nobody here", "count": 0}, "contact": {}, "photos": {"groups": [], "count": 0}, "name": "Chef's Noddle (Korbi Grill)", "allowMenuUrlEdit": true, "beenHere": {"lastCheckinExpiredAt": 0, "count": 0, "marked": false}, "stats": {"checkinsCount": 112, "usersCount": 94, "tipCount": 1}, "id": "537b41f9498e86c2173b9fd3", "categories": [{"pluralName": "Korean Restaurants", "id": "4bf58dd8d48988d113941735", "primary": true, "icon": {"prefix": "https://ss3.4sqi.net/img/categories_v2/food/korean_", "suffix": ".png"}, "name": "Korean Restaurant", "shortName": "Korean"}], "location": {"formattedAddress": ["Jurong Point", "Singapore"], "lat": 1.3387998175240907, "lng": 103.7053788941293, "country": "Singapore", "distance": 79, "city": "Singapore", "cc": "SG", "address": "Jurong Point", "labeledLatLngs": [{"lng": 103.7053788941293, "label": "display", "lat": 1.3387998175240907}]}, "verified": false, "price": {"tier": 2, "currency": "$", "message": "Moderate"}}, "referralId": "e-3-537b41f9498e86c2173b9fd3-74", "tips": [{"id": "53944e6b498ecd4383f03590", "text": "Slow ass service. Don't even bother", "disagreeCount": 0, "createdAt": 1402228331, "logView": true, "todo": {"count": 0}, "agreeCount": 0, "canonicalUrl": "https://foursquare.com/item/53944e6b498ecd4383f03590", "type": "user", "user": {"gender": "male", "id": "1042474", "photo": {"prefix": "https://igx.4sqi.net/img/user/", "suffix": "/VF0C3QIOIEYQKLLP.jpg"}, "firstName": "Sebastian", "lastName": "Lee"}}]}, {"reasons": {"items": [{"reasonName": "globalInteractionReason", "summary": "This spot is popular", "type": "general"}], "count": 0}, "venue": {"hereNow": {"groups": [], "summary": "Nobody here", "count": 0}, "contact": {}, "photos": {"groups": [], "count": 0}, "name": "QQ RICE", "allowMenuUrlEdit": true, "beenHere": {"lastCheckinExpiredAt": 0, "count": 0, "marked": false}, "stats": {"checkinsCount": 298, "usersCount": 97, "tipCount": 5}, "id": "4da2c881b3e7236a3a972479", "categories": [{"pluralName": "Snack Places", "id": "4bf58dd8d48988d1c7941735", "primary": true, "icon": {"prefix": "https://ss3.4sqi.net/img/categories_v2/food/snacks_", "suffix": ".png"}, "name": "Snack Place", "shortName": "Snacks"}], "location": {"lng": 103.7051187375794, "formattedAddress": ["#01-32 (Jurong Point 2)", "Singapore"], "lat": 1.3392773966823341, "crossStreet": "Jurong Point 2", "country": "Singapore", "distance": 129, "city": "Singapore", "cc": "SG", "address": "#01-32", "labeledLatLngs": [{"lng": 103.7051187375794, "label": "display", "lat": 1.3392773966823341}]}, "hours": {"isLocalHoliday": false, "isOpen": true, "status": "Likely open"}, "verified": false, "price": {"tier": 1, "currency": "$", "message": "Cheap"}}, "referralId": "e-3-4da2c881b3e7236a3a972479-75", "tips": [{"id": "57585112498eb3d6040c429b", "text": "Purple rice!!!", "disagreeCount": 0, "createdAt": 1465405714, "logView": true, "todo": {"count": 0}, "agreeCount": 0, "canonicalUrl": "https://foursquare.com/item/57585112498eb3d6040c429b", "type": "user", "user": {"id": "30562435", "photo": {"prefix": "https://igx.4sqi.net/img/user/", "suffix": "/30562435_hUw1KD7B_ShBcKe1imgkwRIttRjSGO9rGggBEWarx0l83VA3x8LWxHTxNyKMDTzJOlCFgvJC1.jpg"}, "firstName": "minzyiii", "gender": "female"}}]}, {"reasons": {"items": [{"reasonName": "globalInteractionReason", "summary": "This spot is popular", "type": "general"}], "count": 0}, "venue": {"hereNow": {"groups": [], "summary": "Nobody here", "count": 0}, "contact": {}, "photos": {"groups": [], "count": 0}, "name": "Riverside Indonesian BBQ", "allowMenuUrlEdit": true, "beenHere": {"lastCheckinExpiredAt": 0, "count": 0, "marked": false}, "stats": {"checkinsCount": 44, "usersCount": 22, "tipCount": 1}, "id": "4ca050f154c8a1cd448c9e4b", "categories": [{"pluralName": "Indonesian Restaurants", "id": "4deefc054765f83613cdba6f", "primary": true, "icon": {"prefix": "https://ss3.4sqi.net/img/categories_v2/food/indonesian_", "suffix": ".png"}, "name": "Indonesian Restaurant", "shortName": "Indonesian"}], "location": {"lng": 103.70673624088892, "formattedAddress": ["Jurong Point (Jurong West Central)", "Singapore"], "lat": 1.3402833897317619, "crossStreet": "Jurong West Central", "country": "Singapore", "distance": 201, "city": "Singapore", "cc": "SG", "address": "Jurong Point", "labeledLatLngs": [{"lng": 103.70673624088892, "label": "display", "lat": 1.3402833897317619}]}, "verified": false, "price": {"tier": 2, "currency": "$", "message": "Moderate"}}, "referralId": "e-3-4ca050f154c8a1cd448c9e4b-76", "tips": [{"id": "4fd68c80e4b0b28c8709e6d0", "text": "Grilled fish/chicken is top-level cuisine from heaven. Try it! =)", "disagreeCount": 0, "createdAt": 1339460736, "logView": true, "todo": {"count": 0}, "agreeCount": 0, "canonicalUrl": "https://foursquare.com/item/4fd68c80e4b0b28c8709e6d0", "type": "user", "user": {"gender": "male", "id": "16221718", "photo": {"prefix": "https://igx.4sqi.net/img/user/", "suffix": "/MPE55DTF3G00ZTDY.jpg"}, "firstName": "Andrew", "lastName": "Darwitan"}}]}, {"reasons": {"items": [{"reasonName": "globalInteractionReason", "summary": "This spot is popular", "type": "general"}], "count": 0}, "venue": {"hereNow": {"groups": [], "summary": "Nobody here", "count": 0}, "contact": {"phone": "+6567922866", "formattedPhone": "+65 6792 2866"}, "photos": {"groups": [], "count": 0}, "name": "Prima Deli", "allowMenuUrlEdit": true, "beenHere": {"lastCheckinExpiredAt": 0, "count": 0, "marked": false}, "stats": {"checkinsCount": 644, "usersCount": 265, "tipCount": 1}, "id": "4c1dd1e0b306c928d63366b7", "categories": [{"pluralName": "Bakeries", "id": "4bf58dd8d48988d16a941735", "primary": true, "icon": {"prefix": "https://ss3.4sqi.net/img/categories_v2/food/bakery_", "suffix": ".png"}, "name": "Bakery", "shortName": "Bakery"}], "location": {"lng": 103.70647042605981, "formattedAddress": ["#B1-23, Jurong Point (1 Jurong West Central 2)", "Singapore"], "lat": 1.339181774286339, "crossStreet": "1 Jurong West Central 2", "country": "Singapore", "distance": 78, "city": "Singapore", "cc": "SG", "address": "#B1-23, Jurong Point", "labeledLatLngs": [{"lng": 103.70647042605981, "label": "display", "lat": 1.339181774286339}]}, "hours": {"isLocalHoliday": false, "isOpen": true, "status": "Likely open"}, "verified": false, "price": {"tier": 1, "currency": "$", "message": "Cheap"}}, "referralId": "e-3-4c1dd1e0b306c928d63366b7-77", "tips": [{"id": "4e3b7d1c2271d21e86dc79bc", "text": "They have nice waffles pancakes!", "disagreeCount": 0, "createdAt": 1312521500, "logView": true, "todo": {"count": 0}, "agreeCount": 0, "canonicalUrl": "https://foursquare.com/item/4e3b7d1c2271d21e86dc79bc", "type": "user", "user": {"gender": "male", "id": "3644848", "photo": {"prefix": "https://igx.4sqi.net/img/user/", "suffix": "/TABSYTT01CRQLQYI.jpg"}, "firstName": "Bryan", "lastName": "Liang"}}]}, {"reasons": {"items": [{"reasonName": "globalInteractionReason", "summary": "This spot is popular", "type": "general"}], "count": 0}, "venue": {"id": "57ad522c498ea969ef3acf5a", "hereNow": {"groups": [], "summary": "Nobody here", "count": 0}, "contact": {}, "beenHere": {"lastCheckinExpiredAt": 0, "count": 0, "marked": false}, "photos": {"groups": [], "count": 0}, "name": "Brio European Street Food & Coffee", "location": {"lng": 103.706841, "formattedAddress": ["#02-24/K5, Jurong Point (1 Jurong West Central 2)", "648886", "Singapore"], "postalCode": "648886", "lat": 1.339559, "crossStreet": "1 Jurong West Central 2", "distance": 136, "country": "Singapore", "cc": "SG", "address": "#02-24/K5, Jurong Point", "labeledLatLngs": [{"lng": 103.706841, "label": "display", "lat": 1.339559}]}, "allowMenuUrlEdit": true, "verified": false, "categories": [{"pluralName": "Modern European Restaurants", "id": "52e81612bcbc57f1066b79f9", "primary": true, "icon": {"prefix": "https://ss3.4sqi.net/img/categories_v2/food/default_", "suffix": ".png"}, "name": "Modern European Restaurant", "shortName": "Modern European"}], "stats": {"checkinsCount": 31, "usersCount": 29, "tipCount": 1}}, "referralId": "e-3-57ad522c498ea969ef3acf5a-78", "tips": [{"id": "5958868a4420d87930aa8c49", "text": "Oxtail risotto, pizza, breakfast", "disagreeCount": 0, "createdAt": 1498973834, "logView": true, "todo": {"count": 0}, "agreeCount": 0, "canonicalUrl": "https://foursquare.com/item/5958868a4420d87930aa8c49", "type": "user", "user": {"id": "2781541", "photo": {"prefix": "https://igx.4sqi.net/img/user/", "suffix": "/L4ZVQ1GTATD4LMFS.jpg"}, "firstName": "Michael", "gender": "none"}}]}, {"reasons": {"items": [{"reasonName": "globalInteractionReason", "summary": "This spot is popular", "type": "general"}], "count": 0}, "venue": {"hereNow": {"groups": [], "summary": "Nobody here", "count": 0}, "contact": {}, "photos": {"groups": [], "count": 0}, "name": "The Manhattan Fish Market", "allowMenuUrlEdit": true, "beenHere": {"lastCheckinExpiredAt": 0, "count": 0, "marked": false}, "stats": {"checkinsCount": 273, "usersCount": 210, "tipCount": 0}, "id": "55fbd2c8498ea5a0ffbc0d6d", "categories": [{"pluralName": "Seafood Restaurants", "id": "4bf58dd8d48988d1ce941735", "primary": true, "icon": {"prefix": "https://ss3.4sqi.net/img/categories_v2/food/seafood_", "suffix": ".png"}, "name": "Seafood Restaurant", "shortName": "Seafood"}], "location": {"formattedAddress": ["#01-32 Jurong Point", "648886", "Singapore"], "postalCode": "648886", "lat": 1.3402571134063685, "lng": 103.70657222742109, "distance": 192, "country": "Singapore", "cc": "SG", "address": "#01-32 Jurong Point", "labeledLatLngs": [{"lng": 103.70657222742109, "label": "display", "lat": 1.3402571134063685}]}, "hours": {"isLocalHoliday": false, "isOpen": true, "status": "Open until 10:00 PM"}, "verified": false, "price": {"tier": 3, "currency": "$", "message": "Expensive"}}, "referralId": "e-3-55fbd2c8498ea5a0ffbc0d6d-79"}, {"reasons": {"items": [{"reasonName": "globalInteractionReason", "summary": "This spot is popular", "type": "general"}], "count": 0}, "venue": {"hereNow": {"groups": [{"items": [], "name": "Other people here", "count": 1, "type": "others"}], "summary": "One other person is here", "count": 1}, "contact": {}, "photos": {"groups": [], "count": 0}, "name": "Hot Tomato Pte Ltd", "allowMenuUrlEdit": true, "beenHere": {"lastCheckinExpiredAt": 0, "count": 0, "marked": false}, "stats": {"checkinsCount": 163, "usersCount": 112, "tipCount": 0}, "id": "57b588e9498e17af6b4650bd", "categories": [{"pluralName": "Diners", "id": "4bf58dd8d48988d147941735", "primary": true, "icon": {"prefix": "https://ss3.4sqi.net/img/categories_v2/food/diner_", "suffix": ".png"}, "name": "Diner", "shortName": "Diner"}], "location": {"lng": 103.706877, "formattedAddress": ["#03-06/06A #03-20/20A (Jurong Point)", "648886", "Singapore"], "postalCode": "648886", "lat": 1.33968, "crossStreet": "Jurong Point", "country": "Singapore", "distance": 150, "city": "Singapore", "cc": "SG", "address": "#03-06/06A #03-20/20A", "labeledLatLngs": [{"lng": 103.706877, "label": "display", "lat": 1.33968}]}, "verified": false, "price": {"tier": 1, "currency": "$", "message": "Cheap"}}, "referralId": "e-3-57b588e9498e17af6b4650bd-80"}, {"reasons": {"items": [{"reasonName": "globalInteractionReason", "summary": "This spot is popular", "type": "general"}], "count": 0}, "venue": {"hereNow": {"groups": [], "summary": "Nobody here", "count": 0}, "contact": {}, "photos": {"groups": [], "count": 0}, "name": "Gindaco @ JP", "allowMenuUrlEdit": true, "beenHere": {"lastCheckinExpiredAt": 0, "count": 0, "marked": false}, "stats": {"checkinsCount": 45, "usersCount": 20, "tipCount": 0}, "id": "4d4ce165fe7fb1f7a0335642", "categories": [{"pluralName": "Japanese Restaurants", "id": "4bf58dd8d48988d111941735", "primary": true, "icon": {"prefix": "https://ss3.4sqi.net/img/categories_v2/food/japanese_", "suffix": ".png"}, "name": "Japanese Restaurant", "shortName": "Japanese"}], "location": {"formattedAddress": ["Singapore"], "lat": 1.338332, "lng": 103.705076, "distance": 114, "country": "Singapore", "cc": "SG", "labeledLatLngs": [{"lng": 103.705076, "label": "display", "lat": 1.338332}]}, "verified": false, "price": {"tier": 2, "currency": "$", "message": "Moderate"}}, "referralId": "e-3-4d4ce165fe7fb1f7a0335642-81"}, {"reasons": {"items": [{"reasonName": "globalInteractionReason", "summary": "This spot is popular", "type": "general"}], "count": 0}, "venue": {"hereNow": {"groups": [], "summary": "Nobody here", "count": 0}, "contact": {}, "photos": {"groups": [], "count": 0}, "name": "HOT-STAR Large Fried Chicken \u8c6a\u5927\u5927\u96de\u6392 (Hot-Star Large Fried Chicken)", "allowMenuUrlEdit": true, "beenHere": {"lastCheckinExpiredAt": 0, "count": 0, "marked": false}, "stats": {"checkinsCount": 40, "usersCount": 35, "tipCount": 0}, "id": "53ccf487498ecfa7ac1b9300", "categories": [{"pluralName": "Fried Chicken Joints", "id": "4d4ae6fc7a7b7dea34424761", "primary": true, "icon": {"prefix": "https://ss3.4sqi.net/img/categories_v2/food/friedchicken_", "suffix": ".png"}, "name": "Fried Chicken Joint", "shortName": "Fried Chicken"}], "location": {"lng": 103.70609149945416, "formattedAddress": ["#03-89F Jurong Point (Jurong West Central)", "Singapore"], "lat": 1.340429736429774, "crossStreet": "Jurong West Central", "country": "Singapore", "distance": 203, "city": "Singapore", "cc": "SG", "address": "#03-89F Jurong Point", "labeledLatLngs": [{"lng": 103.70609149945416, "label": "display", "lat": 1.340429736429774}]}, "verified": false, "price": {"tier": 1, "currency": "$", "message": "Cheap"}}, "referralId": "e-3-53ccf487498ecfa7ac1b9300-82"}, {"reasons": {"items": [{"reasonName": "globalInteractionReason", "summary": "This spot is popular", "type": "general"}], "count": 0}, "venue": {"hereNow": {"groups": [], "summary": "Nobody here", "count": 0}, "contact": {}, "photos": {"groups": [], "count": 0}, "name": "Bachmann Japanese Restaurant", "allowMenuUrlEdit": true, "beenHere": {"lastCheckinExpiredAt": 0, "count": 0, "marked": false}, "stats": {"checkinsCount": 43, "usersCount": 38, "tipCount": 1}, "id": "4d1c1422fd7bb60c9f4d9be1", "categories": [{"pluralName": "Noodle Houses", "id": "4bf58dd8d48988d1d1941735", "primary": true, "icon": {"prefix": "https://ss3.4sqi.net/img/categories_v2/food/ramen_", "suffix": ".png"}, "name": "Noodle House", "shortName": "Noodles"}], "location": {"formattedAddress": ["Jurong Point", "Singapore"], "lat": 1.338516741078504, "lng": 103.70423081578906, "distance": 204, "country": "Singapore", "cc": "SG", "address": "Jurong Point", "labeledLatLngs": [{"lng": 103.70423081578906, "label": "display", "lat": 1.338516741078504}]}, "verified": false, "price": {"tier": 1, "currency": "$", "message": "Cheap"}}, "referralId": "e-3-4d1c1422fd7bb60c9f4d9be1-83", "tips": [{"id": "4e572096cc3f7fcbcedc97a3", "text": "Jurong Point in your pocket! Download http://owl.li/6dfZm on your iPhone. App provides info mfor shoppers on Fashion and Lifestyle in an E-style guide.", "entities": [{"indices": [38, 57], "type": "url", "object": {"url": "http://owl.li/6dfZm"}}], "disagreeCount": 0, "createdAt": 1314332822, "logView": true, "todo": {"count": 0}, "agreeCount": 0, "canonicalUrl": "https://foursquare.com/item/4e572096cc3f7fcbcedc97a3", "type": "user", "user": {"gender": "male", "id": "12724460", "photo": {"prefix": "https://igx.4sqi.net/img/user/", "suffix": "/VHEJZCXQDXPWBDYV.jpg"}, "firstName": "Apostrophe", "lastName": "Digital"}}]}, {"reasons": {"items": [{"reasonName": "globalInteractionReason", "summary": "This spot is popular", "type": "general"}], "count": 0}, "venue": {"contact": {}, "photos": {"groups": [], "count": 0}, "venueRatingBlacklisted": true, "name": "Cantine", "id": "527c822d11d2f17cb6ca1b95", "beenHere": {"lastCheckinExpiredAt": 0, "count": 0, "marked": false}, "stats": {"checkinsCount": 956, "usersCount": 425, "tipCount": 11}, "allowMenuUrlEdit": true, "categories": [{"pluralName": "Cafeterias", "id": "4bf58dd8d48988d128941735", "primary": true, "icon": {"prefix": "https://ss3.4sqi.net/img/categories_v2/education/cafeteria_", "suffix": ".png"}, "name": "Cafeteria", "shortName": "Cafeteria"}], "location": {"lng": 103.70696812234303, "formattedAddress": ["Jurong Point (JP1) (1 Jurong West Central 2)", "Singapore"], "lat": 1.3402367661224464, "crossStreet": "1 Jurong West Central 2", "country": "Singapore", "distance": 207, "city": "Singapore", "cc": "SG", "address": "Jurong Point (JP1)", "labeledLatLngs": [{"lng": 103.70696812234303, "label": "display", "lat": 1.3402367661224464}]}, "hours": {"isLocalHoliday": false, "isOpen": true, "status": "Likely open"}, "verified": false, "hereNow": {"groups": [], "summary": "Nobody here", "count": 0}}, "referralId": "e-3-527c822d11d2f17cb6ca1b95-84", "tips": [{"id": "53eb0bb6498e7440c0e8c8b3", "text": "From banquet to cantine, from NS to working place still the same with shiok food.. korea food stall is nice too", "disagreeCount": 0, "logView": true, "createdAt": 1407912886, "likes": {"groups": [], "summary": "1 like", "count": 1}, "todo": {"count": 0}, "agreeCount": 1, "canonicalUrl": "https://foursquare.com/item/53eb0bb6498e7440c0e8c8b3", "type": "user", "user": {"gender": "male", "id": "49176499", "photo": {"prefix": "https://igx.4sqi.net/img/user/", "suffix": "/YZLV3E0UURJHX5EJ.jpg"}, "firstName": "Elthiyat Ali", "lastName": "Banks"}}]}, {"reasons": {"items": [{"reasonName": "globalInteractionReason", "summary": "This spot is popular", "type": "general"}], "count": 0}, "venue": {"hereNow": {"groups": [], "summary": "Nobody here", "count": 0}, "contact": {"phone": "+6567956766", "formattedPhone": "+65 6795 6766"}, "photos": {"groups": [], "count": 0}, "name": "Jia Xiang Mee Village \u5bb6\u9999\u9762", "allowMenuUrlEdit": true, "beenHere": {"lastCheckinExpiredAt": 0, "count": 0, "marked": false}, "stats": {"checkinsCount": 440, "usersCount": 253, "tipCount": 3}, "id": "4c46ead9c047be9a88d02e79", "categories": [{"pluralName": "Asian Restaurants", "id": "4bf58dd8d48988d142941735", "primary": true, "icon": {"prefix": "https://ss3.4sqi.net/img/categories_v2/food/asian_", "suffix": ".png"}, "name": "Asian Restaurant", "shortName": "Asian"}], "location": {"lng": 103.705921831174, "formattedAddress": ["#03-90/95 Jurong Point (JP2) (63 Jurong West Central 3)", "648331", "Singapore"], "postalCode": "648331", "lat": 1.3405586716889755, "crossStreet": "63 Jurong West Central 3", "country": "Singapore", "distance": 218, "city": "Singapore", "cc": "SG", "address": "#03-90/95 Jurong Point (JP2)", "labeledLatLngs": [{"lng": 103.705921831174, "label": "display", "lat": 1.3405586716889755}]}, "hours": {"isLocalHoliday": false, "isOpen": true, "status": "Likely open"}, "verified": false, "price": {"tier": 2, "currency": "$", "message": "Moderate"}}, "referralId": "e-3-4c46ead9c047be9a88d02e79-85", "tips": [{"id": "4cfb19f4fabc2d437e02dcd2", "text": "curry me is nice =)", "disagreeCount": 0, "logView": true, "createdAt": 1291524596, "likes": {"groups": [], "summary": "2 likes", "count": 2}, "todo": {"count": 0}, "agreeCount": 0, "canonicalUrl": "https://foursquare.com/item/4cfb19f4fabc2d437e02dcd2", "type": "user", "user": {"id": "323485", "photo": {"prefix": "https://igx.4sqi.net/img/user/", "suffix": "/LLBT5AYWVRRHHTMS.jpg"}, "firstName": "Vicott", "gender": "male"}}]}, {"reasons": {"items": [{"reasonName": "globalInteractionReason", "summary": "This spot is popular", "type": "general"}], "count": 0}, "venue": {"hereNow": {"groups": [], "summary": "Nobody here", "count": 0}, "contact": {}, "photos": {"groups": [], "count": 0}, "name": "Four Fingers", "allowMenuUrlEdit": true, "beenHere": {"lastCheckinExpiredAt": 0, "count": 0, "marked": false}, "stats": {"checkinsCount": 73, "usersCount": 62, "tipCount": 1}, "id": "564d46a3498e1330c69eaa42", "categories": [{"pluralName": "Fried Chicken Joints", "id": "4d4ae6fc7a7b7dea34424761", "primary": true, "icon": {"prefix": "https://ss3.4sqi.net/img/categories_v2/food/friedchicken_", "suffix": ".png"}, "name": "Fried Chicken Joint", "shortName": "Fried Chicken"}], "location": {"formattedAddress": ["Jurong Point 1, 1 Jurong West central 2 #03-34", "648886", "Singapore"], "postalCode": "648886", "lat": 1.3406607473567809, "lng": 103.70641952540835, "country": "Singapore", "distance": 232, "city": "Singapore", "cc": "SG", "address": "Jurong Point 1, 1 Jurong West central 2 #03-34", "labeledLatLngs": [{"lng": 103.70641952540835, "label": "display", "lat": 1.3406607473567809}]}, "verified": false, "price": {"tier": 1, "currency": "$", "message": "Cheap"}}, "referralId": "e-3-564d46a3498e1330c69eaa42-86", "tips": [{"id": "58d66db080e1af3978129306", "text": "Finger licking goOd...", "disagreeCount": 0, "createdAt": 1490447792, "logView": true, "todo": {"count": 0}, "agreeCount": 0, "canonicalUrl": "https://foursquare.com/item/58d66db080e1af3978129306", "type": "user", "user": {"gender": "male", "id": "2727236", "photo": {"prefix": "https://igx.4sqi.net/img/user/", "suffix": "/2727236_8cf19hti_Ap0fOT7OzZ973DQMx2p4OBotmUMcHqCtXnpmYFgmM8kAn9-lm_4tZStggXR6iVsN.jpg"}, "firstName": "L'eau", "lastName": "Par Kenzo"}}]}, {"reasons": {"items": [{"reasonName": "globalInteractionReason", "summary": "This spot is popular", "type": "general"}], "count": 0}, "venue": {"hereNow": {"groups": [], "summary": "Nobody here", "count": 0}, "contact": {}, "photos": {"groups": [], "count": 0}, "rating": 5.7, "name": "Jack's Place", "ratingSignals": 18, "allowMenuUrlEdit": true, "categories": [{"pluralName": "Steakhouses", "id": "4bf58dd8d48988d1cc941735", "primary": true, "icon": {"prefix": "https://ss3.4sqi.net/img/categories_v2/food/steakhouse_", "suffix": ".png"}, "name": "Steakhouse", "shortName": "Steakhouse"}], "stats": {"checkinsCount": 1350, "usersCount": 908, "tipCount": 9}, "id": "4c25eabea852c928b1a2e56c", "beenHere": {"lastCheckinExpiredAt": 0, "count": 0, "marked": false}, "ratingColor": "FF9600", "location": {"lng": 103.70592748677984, "formattedAddress": ["#2A-01, SAFRA Jurong Club (333 Boon Lay Way)", "Singapore"], "lat": 1.3351656433802597, "crossStreet": "333 Boon Lay Way", "country": "Singapore", "distance": 383, "city": "Singapore", "cc": "SG", "address": "#2A-01, SAFRA Jurong Club", "labeledLatLngs": [{"lng": 103.70592748677984, "label": "display", "lat": 1.3351656433802597}]}, "hours": {"isLocalHoliday": false, "isOpen": true, "status": "Likely open"}, "verified": false, "price": {"tier": 4, "currency": "$", "message": "Very Expensive"}}, "referralId": "e-3-4c25eabea852c928b1a2e56c-87", "tips": [{"id": "4e5b8e3e483b865169f9a5c4", "text": "Kumar (waiter) service is really good.", "disagreeCount": 0, "logView": true, "createdAt": 1314623038, "likes": {"groups": [], "summary": "1 like", "count": 1}, "todo": {"count": 0}, "agreeCount": 1, "canonicalUrl": "https://foursquare.com/item/4e5b8e3e483b865169f9a5c4", "type": "user", "user": {"gender": "female", "id": "6357378", "photo": {"prefix": "https://igx.4sqi.net/img/user/", "suffix": "/4YGQUSXJ2GQCNHWS.jpg"}, "firstName": "Joreen", "lastName": "Pay"}}]}, {"reasons": {"items": [{"reasonName": "globalInteractionReason", "summary": "This spot is popular", "type": "general"}], "count": 0}, "venue": {"hereNow": {"groups": [], "summary": "Nobody here", "count": 0}, "contact": {"phone": "+6567922806", "formattedPhone": "+65 6792 2806"}, "photos": {"groups": [], "count": 0}, "rating": 5.5, "name": "Sakae Sushi", "ratingSignals": 12, "allowMenuUrlEdit": true, "categories": [{"pluralName": "Sushi Restaurants", "id": "4bf58dd8d48988d1d2941735", "primary": true, "icon": {"prefix": "https://ss3.4sqi.net/img/categories_v2/food/sushi_", "suffix": ".png"}, "name": "Sushi Restaurant", "shortName": "Sushi"}], "stats": {"checkinsCount": 1583, "usersCount": 891, "tipCount": 10}, "id": "4b714c00f964a520f23f2de3", "beenHere": {"lastCheckinExpiredAt": 0, "count": 0, "marked": false}, "ratingColor": "FF9600", "location": {"lng": 103.70412901621671, "formattedAddress": ["The Frontier CC, #01-05 (60 Jurong West Central 3)", "648346", "Singapore"], "postalCode": "648346", "lat": 1.3401586829809757, "crossStreet": "60 Jurong West Central 3", "country": "Singapore", "distance": 276, "city": "Singapore", "cc": "SG", "address": "The Frontier CC, #01-05", "labeledLatLngs": [{"lng": 103.70412901621671, "label": "display", "lat": 1.3401586829809757}]}, "hours": {"isLocalHoliday": false, "isOpen": true, "status": "Likely open"}, "verified": false, "price": {"tier": 2, "currency": "$", "message": "Moderate"}}, "referralId": "e-3-4b714c00f964a520f23f2de3-88", "tips": [{"id": "4cd7a564b97060fcbecef27b", "text": "i love sushi !!~", "disagreeCount": 0, "logView": true, "createdAt": 1289200996, "likes": {"groups": [], "summary": "1 like", "count": 1}, "todo": {"count": 0}, "agreeCount": 0, "canonicalUrl": "https://foursquare.com/item/4cd7a564b97060fcbecef27b", "type": "user", "user": {"gender": "male", "id": "3292361", "photo": {"prefix": "https://igx.4sqi.net/img/user/", "suffix": "/OW1GFS0DWGAPIRF3.jpg"}, "firstName": "Goh", "lastName": "Seng how"}}]}, {"reasons": {"items": [{"reasonName": "globalInteractionReason", "summary": "This spot is popular", "type": "general"}], "count": 0}, "venue": {"hereNow": {"groups": [], "summary": "Nobody here", "count": 0}, "contact": {}, "photos": {"groups": [], "count": 0}, "name": "Mr Bean", "allowMenuUrlEdit": true, "beenHere": {"lastCheckinExpiredAt": 0, "count": 0, "marked": false}, "stats": {"checkinsCount": 260, "usersCount": 55, "tipCount": 0}, "id": "4e980c36e5fab92b21a4ca35", "categories": [{"pluralName": "Bagel Shops", "id": "4bf58dd8d48988d179941735", "primary": true, "icon": {"prefix": "https://ss3.4sqi.net/img/categories_v2/food/bagels_", "suffix": ".png"}, "name": "Bagel Shop", "shortName": "Bagels"}], "location": {"lng": 103.70450019836426, "formattedAddress": ["#01-08, Jurong Medical Ctr (60 Jurong West Central 3)", "648346", "Singapore"], "postalCode": "648346", "lat": 1.3405101254907055, "crossStreet": "60 Jurong West Central 3", "country": "Singapore", "distance": 274, "city": "Singapore", "cc": "SG", "address": "#01-08, Jurong Medical Ctr", "labeledLatLngs": [{"lng": 103.70450019836426, "label": "display", "lat": 1.3405101254907055}]}, "hours": {"isLocalHoliday": false, "isOpen": true, "status": "Likely open"}, "verified": false, "price": {"tier": 1, "currency": "$", "message": "Cheap"}}, "referralId": "e-3-4e980c36e5fab92b21a4ca35-89"}, {"reasons": {"items": [{"reasonName": "globalInteractionReason", "summary": "This spot is popular", "type": "general"}], "count": 0}, "venue": {"hereNow": {"groups": [], "summary": "Nobody here", "count": 0}, "contact": {}, "photos": {"groups": [], "count": 0}, "name": "\u661f\u8336\u9910\u5385@Jurong Point", "allowMenuUrlEdit": true, "beenHere": {"lastCheckinExpiredAt": 0, "count": 0, "marked": false}, "stats": {"checkinsCount": 81, "usersCount": 59, "tipCount": 0}, "id": "4d708b997f375481bb4e8ac8", "categories": [{"pluralName": "Asian Restaurants", "id": "4bf58dd8d48988d142941735", "primary": true, "icon": {"prefix": "https://ss3.4sqi.net/img/categories_v2/food/asian_", "suffix": ".png"}, "name": "Asian Restaurant", "shortName": "Asian"}], "location": {"formattedAddress": ["Jurong Point Shopping Centre", "Singapore"], "lat": 1.339703656899126, "lng": 103.70859130381805, "country": "Singapore", "distance": 306, "city": "Singapore", "cc": "SG", "address": "Jurong Point Shopping Centre", "labeledLatLngs": [{"lng": 103.70859130381805, "label": "display", "lat": 1.339703656899126}]}, "verified": false, "price": {"tier": 2, "currency": "$", "message": "Moderate"}}, "referralId": "e-3-4d708b997f375481bb4e8ac8-90"}, {"reasons": {"items": [{"reasonName": "globalInteractionReason", "summary": "This spot is popular", "type": "general"}], "count": 0}, "venue": {"hereNow": {"groups": [], "summary": "Nobody here", "count": 0}, "contact": {}, "photos": {"groups": [], "count": 0}, "name": "BBQ Pits @ Jurong SAFRA", "allowMenuUrlEdit": true, "beenHere": {"lastCheckinExpiredAt": 0, "count": 0, "marked": false}, "stats": {"checkinsCount": 79, "usersCount": 75, "tipCount": 0}, "id": "4d28379d342d6dcbd00af6ca", "categories": [{"pluralName": "BBQ Joints", "id": "4bf58dd8d48988d1df931735", "primary": true, "icon": {"prefix": "https://ss3.4sqi.net/img/categories_v2/food/bbqalt_", "suffix": ".png"}, "name": "BBQ Joint", "shortName": "BBQ"}], "location": {"formattedAddress": ["320 Jalan Boon Lay", "619525", "Singapore"], "postalCode": "619525", "lat": 1.335399426356568, "lng": 103.70738098544294, "distance": 385, "country": "Singapore", "cc": "SG", "address": "320 Jalan Boon Lay", "labeledLatLngs": [{"lng": 103.70738098544294, "label": "display", "lat": 1.335399426356568}]}, "verified": false, "price": {"tier": 2, "currency": "$", "message": "Moderate"}}, "referralId": "e-3-4d28379d342d6dcbd00af6ca-91"}, {"reasons": {"items": [{"reasonName": "globalInteractionReason", "summary": "This spot is popular", "type": "general"}], "count": 0}, "venue": {"hereNow": {"groups": [], "summary": "Nobody here", "count": 0}, "contact": {}, "photos": {"groups": [], "count": 0}, "name": "Old Town White Coffee", "allowMenuUrlEdit": true, "beenHere": {"lastCheckinExpiredAt": 0, "count": 0, "marked": false}, "stats": {"checkinsCount": 34, "usersCount": 10, "tipCount": 0}, "id": "578702a7498e24ddd4313494", "categories": [{"pluralName": "Caf\u00e9s", "id": "4bf58dd8d48988d16d941735", "primary": true, "icon": {"prefix": "https://ss3.4sqi.net/img/categories_v2/food/cafe_", "suffix": ".png"}, "name": "Caf\u00e9", "shortName": "Caf\u00e9"}], "location": {"formattedAddress": ["Singapore"], "lat": 1.33503, "lng": 103.706572, "distance": 401, "country": "Singapore", "cc": "SG", "labeledLatLngs": [{"lng": 103.706572, "label": "display", "lat": 1.33503}]}, "verified": false, "price": {"tier": 1, "currency": "$", "message": "Cheap"}}, "referralId": "e-3-578702a7498e24ddd4313494-92"}, {"reasons": {"items": [{"reasonName": "globalInteractionReason", "summary": "This spot is popular", "type": "general"}], "count": 0}, "venue": {"hereNow": {"groups": [], "summary": "Nobody here", "count": 0}, "contact": {}, "photos": {"groups": [], "count": 0}, "name": "Silver Cafe", "allowMenuUrlEdit": true, "beenHere": {"lastCheckinExpiredAt": 0, "count": 0, "marked": false}, "stats": {"checkinsCount": 56, "usersCount": 26, "tipCount": 0}, "id": "4d2be5498292236ae31e38bb", "categories": [{"pluralName": "Caf\u00e9s", "id": "4bf58dd8d48988d16d941735", "primary": true, "icon": {"prefix": "https://ss3.4sqi.net/img/categories_v2/food/cafe_", "suffix": ".png"}, "name": "Caf\u00e9", "shortName": "Caf\u00e9"}], "location": {"formattedAddress": ["14 Enterprise Rd.", "627698", "Singapore"], "postalCode": "627698", "lat": 1.333435, "lng": 103.702947, "country": "Singapore", "distance": 671, "city": "Singapore", "cc": "SG", "address": "14 Enterprise Rd.", "labeledLatLngs": [{"lng": 103.702947, "label": "display", "lat": 1.333435}]}, "verified": false, "price": {"tier": 1, "currency": "$", "message": "Cheap"}}, "referralId": "e-3-4d2be5498292236ae31e38bb-93"}], "name": "recommended", "type": "Recommended Places"}], "query": "food", "headerLocation": "Jurong West"}}