{"meta": {"code": 200, "requestId": "595a39eef594df3c5935bca9"}, "response": {"suggestedFilters": {"filters": [{"name": "Open now", "key": "openNow"}], "header": "Tap to show:"}, "totalResults": 94, "headerFullLocation": "Jurong West, Singapore", "headerLocationGranularity": "neighborhood", "suggestedBounds": {"ne": {"lng": 103.71325314833322, "lat": 1.3458040617032772}, "sw": {"lng": 103.69887609685878, "lat": 1.331404047303263}}, "groups": [{"items": [{"reasons": {"items": [{"reasonName": "globalInteractionReason", "summary": "This spot is popular", "type": "general"}], "count": 0}, "venue": {"hereNow": {"groups": [], "summary": "Nobody here", "count": 0}, "contact": {"twitter": "gimme4fingers"}, "photos": {"groups": [], "count": 0}, "rating": 7.6, "name": "4Fingers Crispy Chicken", "ratingSignals": 10, "allowMenuUrlEdit": true, "categories": [{"pluralName": "Wings Joints", "id": "4bf58dd8d48988d14c941735", "primary": true, "icon": {"prefix": "https://ss3.4sqi.net/img/categories_v2/food/wings_", "suffix": ".png"}, "name": "Wings Joint", "shortName": "Wings"}], "stats": {"checkinsCount": 448, "usersCount": 291, "tipCount": 2}, "id": "560cca01498e7c713b92aaf9", "beenHere": {"lastCheckinExpiredAt": 0, "count": 0, "marked": false}, "ratingColor": "C5DE35", "location": {"formattedAddress": ["Jurong Point", "Singapore"], "lat": 1.3404624597177621, "lng": 103.70643649229001, "country": "Singapore", "distance": 210, "city": "Singapore", "cc": "SG", "address": "Jurong Point", "labeledLatLngs": [{"lng": 103.70643649229001, "label": "display", "lat": 1.3404624597177621}]}, "hours": {"isLocalHoliday": false, "isOpen": true, "status": "Likely open"}, "verified": false, "price": {"tier": 1, "currency": "$", "message": "Cheap"}}, "referralId": "e-3-560cca01498e7c713b92aaf9-0", "tips": [{"id": "56486c8f498eb3a2f89501b4", "text": "fried chicken of cos!", "disagreeCount": 0, "createdAt": 1447586959, "logView": true, "todo": {"count": 0}, "agreeCount": 0, "canonicalUrl": "https://foursquare.com/item/56486c8f498eb3a2f89501b4", "type": "user", "user": {"gender": "male", "id": "3713090", "photo": {"prefix": "https://igx.4sqi.net/img/user/", "suffix": "/BQXBM1A5XH32NY5N.jpg"}, "firstName": "Terence", "lastName": "Tay"}}]}, {"reasons": {"items": [{"reasonName": "globalInteractionReason", "summary": "This spot is popular", "type": "general"}], "count": 0}, "venue": {"hereNow": {"groups": [], "summary": "Nobody here", "count": 0}, "contact": {"phone": "+6566863127", "formattedPhone": "+65 6686 3127"}, "photos": {"groups": [], "count": 0}, "rating": 7.5, "name": "Carl's Jr", "ratingSignals": 37, "allowMenuUrlEdit": true, "categories": [{"pluralName": "Fast Food Restaurants", "id": "4bf58dd8d48988d16e941735", "primary": true, "icon": {"prefix": "https://ss3.4sqi.net/img/categories_v2/food/fastfood_", "suffix": ".png"}, "name": "Fast Food Restaurant", "shortName": "Fast Food"}], "stats": {"checkinsCount": 3351, "usersCount": 2086, "tipCount": 9}, "id": "4bf92990b182c9b6bf7a785a", "beenHere": {"lastCheckinExpiredAt": 0, "count": 0, "marked": false}, "ratingColor": "C5DE35", "location": {"lng": 103.7063233797864, "formattedAddress": ["#02-42, Jurong Point (JP1) (1 Jurong West Central 2)", "648886", "Singapore"], "postalCode": "648886", "lat": 1.3406057427672013, "crossStreet": "1 Jurong West Central 2", "country": "Singapore", "distance": 224, "city": "Singapore", "cc": "SG", "address": "#02-42, Jurong Point (JP1)", "labeledLatLngs": [{"lng": 103.7063233797864, "label": "display", "lat": 1.3406057427672013}]}, "hours": {"isLocalHoliday": false, "isOpen": true, "status": "Likely open"}, "verified": false, "price": {"tier": 1, "currency": "$", "message": "Cheap"}}, "referralId": "e-3-4bf92990b182c9b6bf7a785a-1", "tips": [{"id": "4d2668c5849f37048bc95e41", "text": "Go for the portobello thick burger . It's the best I could recommend . Anyway , I'm the cook there . :)", "disagreeCount": 0, "logView": true, "createdAt": 1294362821, "likes": {"groups": [], "summary": "6 likes", "count": 6}, "todo": {"count": 2}, "agreeCount": 6, "canonicalUrl": "https://foursquare.com/item/4d2668c5849f37048bc95e41", "type": "user", "user": {"gender": "male", "id": "5699076", "photo": {"prefix": "https://igx.4sqi.net/img/user/", "suffix": "/KPNTBSFRWCYSRZK5.jpg"}, "firstName": "Jun Wei", "lastName": "Bitesyou"}}]}, {"reasons": {"items": [{"reasonName": "globalInteractionReason", "summary": "This spot is popular", "type": "general"}], "count": 0}, "venue": {"hereNow": {"groups": [], "summary": "Nobody here", "count": 0}, "contact": {"phone": "+6567955265", "formattedPhone": "+65 6795 5265"}, "photos": {"groups": [], "count": 0}, "rating": 7.5, "name": "Subway", "ratingSignals": 26, "allowMenuUrlEdit": true, "categories": [{"pluralName": "Sandwich Places", "id": "4bf58dd8d48988d1c5941735", "primary": true, "icon": {"prefix": "https://ss3.4sqi.net/img/categories_v2/food/deli_", "suffix": ".png"}, "name": "Sandwich Place", "shortName": "Sandwiches"}], "stats": {"checkinsCount": 2679, "usersCount": 1274, "tipCount": 11}, "id": "4b99a1b3f964a520a68835e3", "beenHere": {"lastCheckinExpiredAt": 0, "count": 0, "marked": false}, "ratingColor": "C5DE35", "location": {"lng": 103.70659484995636, "formattedAddress": ["#01-32A, Jurong Point (JP1) (1 Jurong West Central 2)", "648886", "Singapore"], "postalCode": "648886", "lat": 1.34014246269606, "crossStreet": "1 Jurong West Central 2", "country": "Singapore", "distance": 181, "city": "Singapore", "cc": "SG", "address": "#01-32A, Jurong Point (JP1)", "labeledLatLngs": [{"lng": 103.70659484995636, "label": "display", "lat": 1.34014246269606}]}, "hours": {"isLocalHoliday": false, "isOpen": true, "status": "Likely open"}, "verified": false, "price": {"tier": 1, "currency": "$", "message": "Cheap"}}, "referralId": "e-3-4b99a1b3f964a520a68835e3-2", "tips": [{"id": "4f473851e4b0dd9bf2dd5a27", "text": "It is good to order set meal. Le value. :D", "disagreeCount": 0, "logView": true, "createdAt": 1330067537, "likes": {"groups": [], "summary": "4 likes", "count": 4}, "todo": {"count": 0}, "agreeCount": 4, "canonicalUrl": "https://foursquare.com/item/4f473851e4b0dd9bf2dd5a27", "type": "user", "user": {"id": "846184", "photo": {"prefix": "https://igx.4sqi.net/img/user/", "suffix": "/846184-KGPMZ5GENIAFMTPP"}, "firstName": "D\u00f6na\u0142d \u0295 \u2022\u1d25\u2022\u0294", "gender": "male"}}]}, {"reasons": {"items": [{"reasonName": "globalInteractionReason", "summary": "This spot is popular", "type": "general"}], "count": 0}, "venue": {"hereNow": {"groups": [], "summary": "Nobody here", "count": 0}, "contact": {"phone": "+6567926268", "formattedPhone": "+65 6792 6268"}, "photos": {"groups": [], "count": 0}, "rating": 7.3, "name": "Dian Xiao Er \u5e97\u5c0f\u4e8c", "ratingSignals": 30, "allowMenuUrlEdit": true, "categories": [{"pluralName": "Chinese Restaurants", "id": "4bf58dd8d48988d145941735", "primary": true, "icon": {"prefix": "https://ss3.4sqi.net/img/categories_v2/food/asian_", "suffix": ".png"}, "name": "Chinese Restaurant", "shortName": "Chinese"}], "stats": {"checkinsCount": 2053, "usersCount": 1362, "tipCount": 17}, "id": "4b827134f964a5204fd330e3", "beenHere": {"lastCheckinExpiredAt": 0, "count": 0, "marked": false}, "ratingColor": "C5DE35", "location": {"lat": 1.3388752621307216, "distance": 63, "country": "Singapore", "cc": "SG", "crossStreet": "63 Jurong West Central 3", "formattedAddress": ["#03-26/27 Jurong Point (JP2) (63 Jurong West Central 3)", "648331", "Singapore"], "neighborhood": "Jurong West", "city": "Singapore", "lng": 103.70556552848888, "labeledLatLngs": [{"lng": 103.70556552848888, "label": "display", "lat": 1.3388752621307216}], "address": "#03-26/27 Jurong Point (JP2)", "postalCode": "648331"}, "hours": {"isLocalHoliday": false, "isOpen": true, "status": "Likely open"}, "verified": false, "price": {"tier": 1, "currency": "$", "message": "Cheap"}}, "referralId": "e-3-4b827134f964a5204fd330e3-3", "tips": [{"id": "4e32a985e4cd6025018e587a", "text": "Seafood fish maw \ue00e\ue00e\ue00e", "disagreeCount": 0, "logView": true, "createdAt": 1311943045, "likes": {"groups": [], "summary": "1 like", "count": 1}, "todo": {"count": 0}, "agreeCount": 0, "canonicalUrl": "https://foursquare.com/item/4e32a985e4cd6025018e587a", "type": "user", "user": {"gender": "female", "id": "1460135", "photo": {"prefix": "https://igx.4sqi.net/img/user/", "suffix": "/YN0AWPMIATNNIB4B.jpg"}, "firstName": "Jolene", "lastName": "Wood"}}]}, {"reasons": {"items": [{"reasonName": "globalInteractionReason", "summary": "This spot is popular", "type": "general"}], "count": 0}, "venue": {"contact": {"facebook": "511452815623019", "facebookUsername": "LegendaryHK", "facebookName": "Legendary Hong Kong", "phone": "+6568441852", "formattedPhone": "+65 6844 1852"}, "photos": {"groups": [], "count": 0}, "rating": 7.2, "menu": {"mobileUrl": "http://lhk.com.sg/LHK-SimpleMenu-A3-v7.jpg", "externalUrl": "http://lhk.com.sg/LHK-SimpleMenu-A3-v7.jpg", "url": "http://lhk.com.sg/LHK-SimpleMenu-A3-v7.jpg", "anchor": "View Menu", "label": "Menu", "type": "Menu"}, "name": "Legendary Hong Kong \u6e2f\u996e\u6e2f\u98df", "ratingSignals": 57, "allowMenuUrlEdit": true, "categories": [{"pluralName": "Hong Kong Restaurants", "id": "52af3add3cf9994f4e043bf5", "primary": true, "icon": {"prefix": "https://ss3.4sqi.net/img/categories_v2/food/asian_", "suffix": ".png"}, "name": "Hong Kong Restaurant", "shortName": "Hong Kong"}], "stats": {"checkinsCount": 1390, "usersCount": 766, "tipCount": 23}, "id": "53d5ff8a498e1ed5df4e9cb4", "beenHere": {"lastCheckinExpiredAt": 0, "count": 0, "marked": false}, "url": "http://lhk.com.sg", "ratingColor": "C5DE35", "location": {"lat": 1.3396735138937634, "distance": 119, "country": "Singapore", "cc": "SG", "crossStreet": "63 Jurong West Central 3", "formattedAddress": ["#03-80, Jurong Point Shopping Centre (63 Jurong West Central 3)", "648331", "Singapore"], "neighborhood": "Jurong West, Singapore", "city": "Singapore", "lng": 103.70598969846013, "labeledLatLngs": [{"lng": 103.70598969846013, "label": "display", "lat": 1.3396735138937634}], "address": "#03-80, Jurong Point Shopping Centre", "postalCode": "648331"}, "hours": {"isLocalHoliday": false, "isOpen": true, "status": "Open until 9:30 PM"}, "verified": false, "hereNow": {"groups": [], "summary": "Nobody here", "count": 0}}, "referralId": "e-3-53d5ff8a498e1ed5df4e9cb4-4", "tips": [{"id": "53e4a096498e6f02ed14d058", "text": "Singapore [F1RST] Legendary Hong Kong \"Char Chan Teng\" (\u8336\u9910\u5385) is now opened on Sunday, 27 July 2014 at JP2 #03-80.", "disagreeCount": 0, "logView": true, "createdAt": 1407492246, "likes": {"groups": [], "summary": "1 like", "count": 1}, "todo": {"count": 0}, "agreeCount": 2, "canonicalUrl": "https://foursquare.com/item/53e4a096498e6f02ed14d058", "type": "user", "user": {"gender": "male", "id": "3954011", "photo": {"prefix": "https://igx.4sqi.net/img/user/", "suffix": "/3954011-YUIMSTRPOPD2ITIN.jpg"}, "firstName": "\u9673\u6770\u502b", "lastName": "(\u30b8\u30a7\u30a4\u30fb\u30c1\u30a7\u30f3)"}}]}, {"reasons": {"items": [{"reasonName": "globalInteractionReason", "summary": "This spot is popular", "type": "general"}], "count": 0}, "venue": {"hereNow": {"groups": [], "summary": "Nobody here", "count": 0}, "contact": {"twitter": "kfc_sg", "phone": "+6567935501", "formattedPhone": "+65 6793 5501"}, "photos": {"groups": [], "count": 0}, "rating": 7.1, "name": "KFC", "ratingSignals": 32, "allowMenuUrlEdit": true, "categories": [{"pluralName": "Fried Chicken Joints", "id": "4d4ae6fc7a7b7dea34424761", "primary": true, "icon": {"prefix": "https://ss3.4sqi.net/img/categories_v2/food/friedchicken_", "suffix": ".png"}, "name": "Fried Chicken Joint", "shortName": "Fried Chicken"}], "stats": {"checkinsCount": 5504, "usersCount": 2817, "tipCount": 20}, "id": "4bbc7606e4529521e4e055a4", "beenHere": {"lastCheckinExpiredAt": 0, "count": 0, "marked": false}, "url": "http://www.kfc.com.sg", "ratingColor": "C5DE35", "location": {"lng": 103.70656657178786, "formattedAddress": ["#01-30 Jurong Point (JP1) (1 Jurong West Central 2)", "648886", "Singapore"], "postalCode": "648886", "lat": 1.3398499696738306, "crossStreet": "1 Jurong West Central 2", "country": "Singapore", "distance": 149, "city": "Singapore", "cc": "SG", "address": "#01-30 Jurong Point (JP1)", "labeledLatLngs": [{"lng": 103.70656657178786, "label": "display", "lat": 1.3398499696738306}]}, "hours": {"isLocalHoliday": false, "isOpen": true, "status": "Likely open"}, "verified": false, "price": {"tier": 1, "currency": "$", "message": "Cheap"}}, "referralId": "e-3-4bbc7606e4529521e4e055a4-5", "tips": [{"logView": true, "photo": {"id": "53fc9064498e3269a9093a98", "visibility": "friends", "source": {"name": "Foursquare for iOS", "url": "https://foursquare.com/download/#/iphone"}, "suffix": "/74210599_UatnktUw3E1G7V5AgFrzFf-Y86YNGKer2F1rN9xA8Pg.jpg", "createdAt": 1409060964, "prefix": "https://igx.4sqi.net/img/general/", "width": 720, "height": 960}, "createdAt": 1409060961, "todo": {"count": 0}, "agreeCount": 1, "likes": {"groups": [], "summary": "1 like", "count": 1}, "id": "53fc9061498e91728cecac07", "text": "rebel lmfao", "disagreeCount": 0, "user": {"id": "74210599", "photo": {"prefix": "https://igx.4sqi.net/img/user/", "suffix": "/74210599_0RBpyRmZ_H-Sr5Vap44XS8aTVP_iGJPzOZV3HUodf9XMUPzEe1JXQyDlc5KrRiq67I8aHKn-3.jpg"}, "firstName": "HuiMin", "gender": "female"}, "canonicalUrl": "https://foursquare.com/item/53fc9061498e91728cecac07", "type": "user", "photourl": "https://igx.4sqi.net/img/general/original/74210599_UatnktUw3E1G7V5AgFrzFf-Y86YNGKer2F1rN9xA8Pg.jpg"}]}, {"reasons": {"items": [{"reasonName": "globalInteractionReason", "summary": "This spot is popular", "type": "general"}], "count": 0}, "venue": {"contact": {}, "photos": {"groups": [], "count": 0}, "rating": 7.0, "name": "Malaysia Boleh!", "ratingSignals": 144, "allowMenuUrlEdit": true, "categories": [{"pluralName": "Food Courts", "id": "4bf58dd8d48988d120951735", "primary": true, "icon": {"prefix": "https://ss3.4sqi.net/img/categories_v2/shops/food_foodcourt_", "suffix": ".png"}, "name": "Food Court", "shortName": "Food Court"}], "stats": {"checkinsCount": 5444, "usersCount": 2783, "tipCount": 66}, "id": "50740940e4b09794da8dd53a", "beenHere": {"lastCheckinExpiredAt": 0, "count": 0, "marked": false}, "ratingColor": "C5DE35", "location": {"lng": 103.7053619273823, "formattedAddress": ["#03-28, Jurong Point Shopping Centre (JP2) (1 Jurong West Central 2)", "648886", "Singapore"], "postalCode": "648886", "lat": 1.338992777218417, "crossStreet": "1 Jurong West Central 2", "country": "Singapore", "distance": 89, "city": "Singapore", "cc": "SG", "address": "#03-28, Jurong Point Shopping Centre (JP2)", "labeledLatLngs": [{"lng": 103.7053619273823, "label": "display", "lat": 1.338992777218417}]}, "hours": {"isLocalHoliday": false, "isOpen": true, "status": "Likely open"}, "verified": false, "hereNow": {"groups": [{"items": [], "name": "Other people here", "count": 1, "type": "others"}], "summary": "One other person is here", "count": 1}}, "referralId": "e-3-50740940e4b09794da8dd53a-6", "tips": [{"logView": true, "photo": {"id": "50c60fa1e4b013fc6c008fc8", "visibility": "public", "source": {"name": "Foursquare for Android", "url": "https://foursquare.com/download/#/android"}, "suffix": "/1158539_ZBe70l69VAUXxoFHr3nhFG8X1aM-kLHetN2Gd_pTziE.jpg", "createdAt": 1355157409, "prefix": "https://igx.4sqi.net/img/general/", "width": 720, "height": 720}, "createdAt": 1355157404, "todo": {"count": 1}, "agreeCount": 7, "likes": {"groups": [], "summary": "7 likes", "count": 7}, "id": "50c60f9ce4b0794e9b928335", "text": "Bak Ku Teh is great! Rich taste for the soup, very soft meat. Comes with mushrooms too. Served in hot claypot.", "disagreeCount": 0, "user": {"gender": "female", "id": "1158539", "photo": {"prefix": "https://igx.4sqi.net/img/user/", "suffix": "/1158539-03T20IMZJRSOYGFI"}, "firstName": "Shermin", "lastName": "Wu"}, "canonicalUrl": "https://foursquare.com/item/50c60f9ce4b0794e9b928335", "type": "user", "photourl": "https://igx.4sqi.net/img/general/original/1158539_ZBe70l69VAUXxoFHr3nhFG8X1aM-kLHetN2Gd_pTziE.jpg"}]}, {"reasons": {"items": [{"reasonName": "globalInteractionReason", "summary": "This spot is popular", "type": "general"}], "count": 0}, "venue": {"hereNow": {"groups": [{"items": [], "name": "Other people here", "count": 1, "type": "others"}], "summary": "One other person is here", "count": 1}, "contact": {"facebook": "229773040373367", "facebookName": "Sushi Express Singapore"}, "photos": {"groups": [], "count": 0}, "rating": 6.9, "name": "Sushi Express \u4e89\u9bae\u56de\u8ee2\u5bff\u53f8", "ratingSignals": 10, "allowMenuUrlEdit": true, "categories": [{"pluralName": "Sushi Restaurants", "id": "4bf58dd8d48988d1d2941735", "primary": true, "icon": {"prefix": "https://ss3.4sqi.net/img/categories_v2/food/sushi_", "suffix": ".png"}, "name": "Sushi Restaurant", "shortName": "Sushi"}], "stats": {"checkinsCount": 497, "usersCount": 242, "tipCount": 0}, "id": "56175099498e1ee7f3f53e72", "beenHere": {"lastCheckinExpiredAt": 0, "count": 0, "marked": false}, "url": "http://www.sushiexpress.com.sg", "ratingColor": "FFC800", "location": {"formattedAddress": ["Jurong Point", "648886", "Singapore"], "postalCode": "648886", "lat": 1.338757357738343, "lng": 103.70539020529516, "country": "Singapore", "distance": 76, "city": "Singapore", "cc": "SG", "address": "Jurong Point", "labeledLatLngs": [{"lng": 103.70539020529516, "label": "display", "lat": 1.338757357738343}]}, "hours": {"isLocalHoliday": false, "isOpen": true, "status": "Open until 10:00 PM"}, "verified": false, "price": {"tier": 2, "currency": "$", "message": "Moderate"}}, "referralId": "e-3-56175099498e1ee7f3f53e72-7"}, {"reasons": {"items": [{"reasonName": "globalInteractionReason", "summary": "This spot is popular", "type": "general"}], "count": 0}, "venue": {"hereNow": {"groups": [], "summary": "Nobody here", "count": 0}, "contact": {"phone": "+6567907797", "formattedPhone": "+65 6790 7797"}, "photos": {"groups": [], "count": 0}, "rating": 6.9, "name": "Soup Restaurant \u4e09\u76c5\u4e24\u4ef6", "ratingSignals": 22, "allowMenuUrlEdit": true, "categories": [{"pluralName": "Chinese Restaurants", "id": "4bf58dd8d48988d145941735", "primary": true, "icon": {"prefix": "https://ss3.4sqi.net/img/categories_v2/food/asian_", "suffix": ".png"}, "name": "Chinese Restaurant", "shortName": "Chinese"}], "stats": {"checkinsCount": 1515, "usersCount": 1056, "tipCount": 7}, "id": "4b50436bf964a520561f27e3", "beenHere": {"lastCheckinExpiredAt": 0, "count": 0, "marked": false}, "url": "http://www.souprestaurant.com.sg", "ratingColor": "FFC800", "location": {"lng": 103.70652698236202, "formattedAddress": ["#02-33, Jurong Point Shopping Centre (1 Jurong West Central 2)", "648886", "Singapore"], "postalCode": "648886", "lat": 1.3403131174089178, "crossStreet": "1 Jurong West Central 2", "country": "Singapore", "distance": 197, "city": "Singapore", "cc": "SG", "address": "#02-33, Jurong Point Shopping Centre", "labeledLatLngs": [{"lng": 103.70652698236202, "label": "display", "lat": 1.3403131174089178}]}, "hours": {"isLocalHoliday": false, "isOpen": true, "status": "Likely open"}, "verified": false, "price": {"tier": 1, "currency": "$", "message": "Cheap"}}, "referralId": "e-3-4b50436bf964a520561f27e3-8", "tips": [{"id": "4d07594654d0236ad1aafdd5", "text": "samsui ginger chicken \ue00e\ue41f", "disagreeCount": 0, "createdAt": 1292327238, "logView": true, "todo": {"count": 0}, "agreeCount": 0, "canonicalUrl": "https://foursquare.com/item/4d07594654d0236ad1aafdd5", "type": "user", "user": {"id": "212095", "photo": {"prefix": "https://igx.4sqi.net/img/user/", "suffix": "/BWQ22VZNEGH5I5Y0.jpg"}, "firstName": "Siew", "gender": "female"}}]}, {"reasons": {"items": [{"reasonName": "globalInteractionReason", "summary": "This spot is popular", "type": "general"}], "count": 0}, "venue": {"hereNow": {"groups": [{"items": [], "name": "Other people here", "count": 1, "type": "others"}], "summary": "One other person is here", "count": 1}, "contact": {"facebook": "216317188388404", "facebookUsername": "dintaifungsg", "facebookName": "Din Tai Fung Singapore", "phone": "+6568611811", "formattedPhone": "+65 6861 1811"}, "photos": {"groups": [], "count": 0}, "rating": 6.8, "name": "Din Tai Fung \u9f0e\u6cf0\u8c50", "ratingSignals": 78, "allowMenuUrlEdit": true, "categories": [{"pluralName": "Dumpling Restaurants", "id": "4bf58dd8d48988d108941735", "primary": true, "icon": {"prefix": "https://ss3.4sqi.net/img/categories_v2/food/dumplings_", "suffix": ".png"}, "name": "Dumpling Restaurant", "shortName": "Dumplings"}], "stats": {"checkinsCount": 6551, "usersCount": 3911, "tipCount": 44}, "id": "4b359d8cf964a520392e25e3", "beenHere": {"lastCheckinExpiredAt": 0, "count": 0, "marked": false}, "url": "http://www.dintaifung.com.sg", "ratingColor": "FFC800", "location": {"lng": 103.70568037033081, "formattedAddress": ["#B1-68/69, Jurong Point (JP2) (63 Jurong West Central 3)", "648331", "Singapore"], "postalCode": "648331", "lat": 1.3389548695291773, "crossStreet": "63 Jurong West Central 3", "country": "Singapore", "distance": 57, "city": "Singapore", "cc": "SG", "address": "#B1-68/69, Jurong Point (JP2)", "labeledLatLngs": [{"lng": 103.70568037033081, "label": "display", "lat": 1.3389548695291773}]}, "hours": {"isLocalHoliday": false, "isOpen": true, "status": "Likely open"}, "verified": false, "price": {"tier": 1, "currency": "$", "message": "Cheap"}}, "referralId": "e-3-4b359d8cf964a520392e25e3-9", "tips": [{"id": "4dc62b5f18387d1bd551f38e", "text": "The fried rice here is the best! Must have!!!", "disagreeCount": 0, "logView": true, "createdAt": 1304832863, "likes": {"groups": [], "summary": "7 likes", "count": 7}, "todo": {"count": 1}, "agreeCount": 0, "canonicalUrl": "https://foursquare.com/item/4dc62b5f18387d1bd551f38e", "type": "user", "user": {"gender": "male", "id": "4860750", "photo": {"prefix": "https://igx.4sqi.net/img/user/", "suffix": "/UUM4VA543UWI512G.jpg"}, "firstName": "Lionel", "lastName": "Maxy"}}]}, {"reasons": {"items": [{"reasonName": "globalInteractionReason", "summary": "This spot is popular", "type": "general"}], "count": 0}, "venue": {"hereNow": {"groups": [], "summary": "Nobody here", "count": 0}, "contact": {"phone": "+6567945125", "formattedPhone": "+65 6794 5125"}, "photos": {"groups": [], "count": 0}, "rating": 6.8, "name": "Men-ichi Japanese Ramen (\u9eba\u3044\u3061)", "ratingSignals": 34, "allowMenuUrlEdit": true, "categories": [{"pluralName": "Japanese Restaurants", "id": "4bf58dd8d48988d111941735", "primary": true, "icon": {"prefix": "https://ss3.4sqi.net/img/categories_v2/food/japanese_", "suffix": ".png"}, "name": "Japanese Restaurant", "shortName": "Japanese"}], "stats": {"checkinsCount": 1709, "usersCount": 1017, "tipCount": 22}, "id": "4bb9dbd653649c744b4e48fb", "beenHere": {"lastCheckinExpiredAt": 0, "count": 0, "marked": false}, "ratingColor": "FFC800", "location": {"lng": 103.70699074494553, "formattedAddress": ["#B1-54 Jurong Point (JP1) (1 Jurong West Central 2)", "648886", "Singapore"], "postalCode": "648886", "lat": 1.3395683435166648, "crossStreet": "1 Jurong West Central 2", "country": "Singapore", "distance": 148, "city": "Singapore", "cc": "SG", "address": "#B1-54 Jurong Point (JP1)", "labeledLatLngs": [{"lng": 103.70699074494553, "label": "display", "lat": 1.3395683435166648}]}, "hours": {"isLocalHoliday": false, "isOpen": true, "status": "Likely open"}, "verified": false, "price": {"tier": 2, "currency": "$", "message": "Moderate"}}, "referralId": "e-3-4bb9dbd653649c744b4e48fb-10", "tips": [{"id": "5341605a498e8dee96aabf14", "text": "Very yummy ramian! Usually I order set meal with either e damn cool egg or the gyoza. What beats the free of charge additional noodles?!", "disagreeCount": 0, "logView": true, "createdAt": 1396793434, "likes": {"groups": [], "summary": "1 like", "count": 1}, "todo": {"count": 0}, "agreeCount": 1, "canonicalUrl": "https://foursquare.com/item/5341605a498e8dee96aabf14", "type": "user", "user": {"gender": "female", "id": "4209359", "photo": {"prefix": "https://igx.4sqi.net/img/user/", "suffix": "/5E0RKYUJQBOICORE.jpg"}, "firstName": "Stephanie", "lastName": "Tan"}}]}, {"reasons": {"items": [{"reasonName": "globalInteractionReason", "summary": "This spot is popular", "type": "general"}], "count": 0}, "venue": {"hereNow": {"groups": [], "summary": "Nobody here", "count": 0}, "contact": {"phone": "+6563169982", "formattedPhone": "+65 6316 9982"}, "photos": {"groups": [], "count": 0}, "rating": 6.7, "name": "Malioboro Soft Bone Chicken", "ratingSignals": 38, "allowMenuUrlEdit": true, "categories": [{"pluralName": "Indonesian Restaurants", "id": "4deefc054765f83613cdba6f", "primary": true, "icon": {"prefix": "https://ss3.4sqi.net/img/categories_v2/food/indonesian_", "suffix": ".png"}, "name": "Indonesian Restaurant", "shortName": "Indonesian"}], "stats": {"checkinsCount": 440, "usersCount": 309, "tipCount": 16}, "id": "50af7402e4b09d9e06e28b15", "beenHere": {"lastCheckinExpiredAt": 0, "count": 0, "marked": false}, "url": "http://www.malioboro.com.sg", "ratingColor": "FFC800", "location": {"lng": 103.70510177086553, "formattedAddress": ["FEAST Foodcourt @ JP2 (1 Jurong West Central 2)", "Singapore"], "lat": 1.3387415900811495, "crossStreet": "1 Jurong West Central 2", "country": "Singapore", "distance": 108, "city": "Singapore", "cc": "SG", "address": "FEAST Foodcourt @ JP2", "labeledLatLngs": [{"lng": 103.70510177086553, "label": "display", "lat": 1.3387415900811495}]}, "hours": {"isLocalHoliday": false, "isOpen": true, "status": "Likely open"}, "verified": false, "price": {"tier": 2, "currency": "$", "message": "Moderate"}}, "referralId": "e-3-50af7402e4b09d9e06e28b15-11", "tips": [{"logView": true, "photo": {"id": "51602a1fe4b09ad3642f28b0", "visibility": "public", "source": {"name": "Foursquare for iOS", "url": "https://foursquare.com/download/#/iphone"}, "suffix": "/7617205_bvYc7TJlMRNXknNM9EtgoIR5rxcwTkJMfQE0_3u52BI.jpg", "createdAt": 1365256735, "prefix": "https://igx.4sqi.net/img/general/", "width": 960, "height": 677}, "createdAt": 1365256731, "todo": {"count": 0}, "agreeCount": 2, "likes": {"groups": [], "summary": "2 likes", "count": 2}, "id": "51602a1be4b0db6204273137", "text": "Must try! Soft Bone Chicken with Salted Egg Sauce! Set @ $8.90.", "disagreeCount": 0, "user": {"gender": "female", "id": "7617205", "photo": {"prefix": "https://igx.4sqi.net/img/user/", "suffix": "/7617205-AA3Q3O0CIUXYNBXM.jpg"}, "firstName": "Evelyn Zo\u00e9", "lastName": "Chong"}, "canonicalUrl": "https://foursquare.com/item/51602a1be4b0db6204273137", "type": "user", "photourl": "https://igx.4sqi.net/img/general/original/7617205_bvYc7TJlMRNXknNM9EtgoIR5rxcwTkJMfQE0_3u52BI.jpg"}]}, {"reasons": {"items": [{"reasonName": "globalInteractionReason", "summary": "This spot is popular", "type": "general"}], "count": 0}, "venue": {"hereNow": {"groups": [], "summary": "Nobody here", "count": 0}, "contact": {"phone": "+6563970435", "formattedPhone": "+65 6397 0435"}, "photos": {"groups": [], "count": 0}, "rating": 6.7, "name": "Kabe no Ana", "ratingSignals": 10, "allowMenuUrlEdit": true, "categories": [{"pluralName": "Japanese Restaurants", "id": "4bf58dd8d48988d111941735", "primary": true, "icon": {"prefix": "https://ss3.4sqi.net/img/categories_v2/food/japanese_", "suffix": ".png"}, "name": "Japanese Restaurant", "shortName": "Japanese"}], "stats": {"checkinsCount": 318, "usersCount": 236, "tipCount": 5}, "id": "54523f88498ef42e7251bf09", "beenHere": {"lastCheckinExpiredAt": 0, "count": 0, "marked": false}, "ratingColor": "FFC800", "location": {"formattedAddress": ["B1-55, Jurong Point Shopping Centre", "648886", "Singapore"], "postalCode": "648886", "lat": 1.3394386069281337, "lng": 103.70700205624821, "country": "Singapore", "distance": 139, "city": "Singapore", "cc": "SG", "address": "B1-55, Jurong Point Shopping Centre", "labeledLatLngs": [{"lng": 103.70700205624821, "label": "display", "lat": 1.3394386069281337}]}, "hours": {"isLocalHoliday": false, "isOpen": false}, "verified": false, "price": {"tier": 2, "currency": "$", "message": "Moderate"}}, "referralId": "e-3-54523f88498ef42e7251bf09-12", "tips": [{"id": "572c8e0bcd10bace104dd439", "text": "waiting for the cheese fondue to heat up since 9644636383 years ago", "disagreeCount": 0, "createdAt": 1462537739, "logView": true, "todo": {"count": 0}, "agreeCount": 0, "canonicalUrl": "https://foursquare.com/item/572c8e0bcd10bace104dd439", "type": "user", "user": {"gender": "male", "id": "89314539", "photo": {"prefix": "https://igx.4sqi.net/img/user/", "suffix": "/89314539-NIEJIRYLQ0BFEAMR.jpg"}, "firstName": "Gary", "lastName": "Liew"}}]}, {"reasons": {"items": [{"reasonName": "globalInteractionReason", "summary": "This spot is popular", "type": "general"}], "count": 0}, "venue": {"hereNow": {"groups": [], "summary": "Nobody here", "count": 0}, "contact": {}, "photos": {"groups": [], "count": 0}, "rating": 6.6, "name": "MOF \u306e My Izakaya/Lenas", "ratingSignals": 36, "allowMenuUrlEdit": true, "categories": [{"pluralName": "Japanese Restaurants", "id": "4bf58dd8d48988d111941735", "primary": true, "icon": {"prefix": "https://ss3.4sqi.net/img/categories_v2/food/japanese_", "suffix": ".png"}, "name": "Japanese Restaurant", "shortName": "Japanese"}], "stats": {"checkinsCount": 1948, "usersCount": 1111, "tipCount": 12}, "id": "4fe582f8e4b0756d127f0a4c", "beenHere": {"lastCheckinExpiredAt": 0, "count": 0, "marked": false}, "ratingColor": "FFC800", "location": {"lng": 103.70549200583116, "formattedAddress": ["Jurong Point #03-42 (JP2) (1 Jurong West Central 2)", "Singapore"], "lat": 1.3389406129738122, "crossStreet": "1 Jurong West Central 2", "country": "Singapore", "distance": 73, "city": "Singapore", "cc": "SG", "address": "Jurong Point #03-42 (JP2)", "labeledLatLngs": [{"lng": 103.70549200583116, "label": "display", "lat": 1.3389406129738122}]}, "hours": {"isLocalHoliday": false, "isOpen": true, "status": "Likely open"}, "verified": false, "price": {"tier": 2, "currency": "$", "message": "Moderate"}}, "referralId": "e-3-4fe582f8e4b0756d127f0a4c-13", "tips": [{"id": "501dbe48e4b04e60b8c2b3c2", "text": "Superb roasted chicken! Must have one", "disagreeCount": 0, "logView": true, "createdAt": 1344126536, "likes": {"groups": [], "summary": "2 likes", "count": 2}, "todo": {"count": 0}, "agreeCount": 2, "canonicalUrl": "https://foursquare.com/item/501dbe48e4b04e60b8c2b3c2", "type": "user", "user": {"gender": "female", "id": "8655017", "photo": {"prefix": "https://igx.4sqi.net/img/user/", "suffix": "/IIULPCDQ1GT41JFQ.jpg"}, "firstName": "Khin Yuya", "lastName": "Thet"}}]}, {"reasons": {"items": [{"reasonName": "globalInteractionReason", "summary": "This spot is popular", "type": "general"}], "count": 0}, "venue": {"hereNow": {"groups": [], "summary": "Nobody here", "count": 0}, "contact": {}, "photos": {"groups": [], "count": 0}, "rating": 6.6, "name": "Shihlin Taiwan Street Snacks \u58eb\u6797\u53f0\u6e7e\u5c0f\u5403", "ratingSignals": 9, "allowMenuUrlEdit": true, "categories": [{"pluralName": "Asian Restaurants", "id": "4bf58dd8d48988d142941735", "primary": true, "icon": {"prefix": "https://ss3.4sqi.net/img/categories_v2/food/asian_", "suffix": ".png"}, "name": "Asian Restaurant", "shortName": "Asian"}], "stats": {"checkinsCount": 870, "usersCount": 376, "tipCount": 6}, "id": "4bd572f56f6495214f076fec", "beenHere": {"lastCheckinExpiredAt": 0, "count": 0, "marked": false}, "ratingColor": "FFC800", "location": {"lng": 103.70522053790799, "formattedAddress": ["#01-34, Jurong Point (1 Jurong West Central)", "649846", "Singapore"], "postalCode": "649846", "lat": 1.339218369394716, "crossStreet": "1 Jurong West Central", "country": "Singapore", "distance": 116, "city": "Singapore", "cc": "SG", "address": "#01-34, Jurong Point", "labeledLatLngs": [{"lng": 103.70522053790799, "label": "display", "lat": 1.339218369394716}]}, "hours": {"isLocalHoliday": false, "isOpen": true, "status": "Likely open"}, "verified": false, "price": {"tier": 2, "currency": "$", "message": "Moderate"}}, "referralId": "e-3-4bd572f56f6495214f076fec-14", "tips": [{"id": "4f33adafe4b00df4827d6422", "text": "Should try the tempura...ask for very spicy...its nice", "disagreeCount": 0, "logView": true, "createdAt": 1328786863, "likes": {"groups": [], "summary": "1 like", "count": 1}, "todo": {"count": 0}, "agreeCount": 2, "canonicalUrl": "https://foursquare.com/item/4f33adafe4b00df4827d6422", "type": "user", "user": {"gender": "male", "id": "2335506", "photo": {"prefix": "https://igx.4sqi.net/img/user/", "suffix": "/2335506-0KE1Q1CF4TG02VIW.jpg"}, "firstName": "Frizz", "lastName": "Ramirez"}}]}, {"reasons": {"items": [{"reasonName": "globalInteractionReason", "summary": "This spot is popular", "type": "general"}], "count": 0}, "venue": {"contact": {}, "photos": {"groups": [], "count": 0}, "rating": 6.5, "name": "Monster Curry", "ratingSignals": 21, "allowMenuUrlEdit": true, "categories": [{"pluralName": "Japanese Curry Restaurants", "id": "55a59bace4b013909087cb30", "primary": true, "icon": {"prefix": "https://ss3.4sqi.net/img/categories_v2/food/default_", "suffix": ".png"}, "name": "Japanese Curry Restaurant", "shortName": "Japanese Curry"}], "stats": {"checkinsCount": 660, "usersCount": 451, "tipCount": 5}, "id": "56139d5d498ed4c504ac3f98", "beenHere": {"lastCheckinExpiredAt": 0, "count": 0, "marked": false}, "url": "http://www.monstercurry.com.sg", "ratingColor": "FFC800", "location": {"formattedAddress": ["Jurong Point 2, #03-57", "648331", "Singapore"], "postalCode": "648331", "lat": 1.338912, "lng": 103.705833, "distance": 42, "country": "Singapore", "cc": "SG", "address": "Jurong Point 2, #03-57", "labeledLatLngs": [{"lng": 103.705833, "label": "display", "lat": 1.338912}]}, "hours": {"isLocalHoliday": false, "isOpen": true, "status": "Open until 10:00 PM"}, "verified": false, "hereNow": {"groups": [], "summary": "Nobody here", "count": 0}}, "referralId": "e-3-56139d5d498ed4c504ac3f98-15", "tips": [{"id": "58c3c11eabc6d6625ea25bb0", "text": "Super duper slow service! Waited for 20mins for food to be served! When asked, was told it was due to one of the ingredients that was finished and need to be prepared! \ud83d\ude11 If never ask, never inform.", "disagreeCount": 0, "createdAt": 1489223966, "logView": true, "todo": {"count": 0}, "agreeCount": 1, "canonicalUrl": "https://foursquare.com/item/58c3c11eabc6d6625ea25bb0", "type": "user", "user": {"id": "12496239", "photo": {"prefix": "https://igx.4sqi.net/img/user/", "suffix": "/12496239-J4YIPUSZF2AKGGY1.jpg"}, "firstName": "Pearlypearl", "gender": "female"}}]}, {"reasons": {"items": [{"reasonName": "globalInteractionReason", "summary": "This spot is popular", "type": "general"}], "count": 0}, "venue": {"hereNow": {"groups": [], "summary": "Nobody here", "count": 0}, "contact": {"phone": "+6567912155", "formattedPhone": "+65 6791 2155"}, "photos": {"groups": [], "count": 0}, "rating": 6.4, "name": "Bakerzin", "ratingSignals": 34, "allowMenuUrlEdit": true, "categories": [{"pluralName": "Caf\u00e9s", "id": "4bf58dd8d48988d16d941735", "primary": true, "icon": {"prefix": "https://ss3.4sqi.net/img/categories_v2/food/cafe_", "suffix": ".png"}, "name": "Caf\u00e9", "shortName": "Caf\u00e9"}], "stats": {"checkinsCount": 2403, "usersCount": 1168, "tipCount": 27}, "id": "4ca832acf47ea1430d087321", "beenHere": {"lastCheckinExpiredAt": 0, "count": 0, "marked": false}, "ratingColor": "FFC800", "location": {"lng": 103.70596707602758, "formattedAddress": ["#03-58/59, Jurong Point (JP2) (63 Jurong West Central 2)", "648886", "Singapore"], "postalCode": "648886", "lat": 1.3389736295506445, "crossStreet": "63 Jurong West Central 2", "country": "Singapore", "distance": 42, "city": "Singapore", "cc": "SG", "address": "#03-58/59, Jurong Point (JP2)", "labeledLatLngs": [{"lng": 103.70596707602758, "label": "display", "lat": 1.3389736295506445}]}, "hours": {"isLocalHoliday": false, "isOpen": true, "status": "Likely open"}, "verified": false, "price": {"tier": 1, "currency": "$", "message": "Cheap"}}, "referralId": "e-3-4ca832acf47ea1430d087321-16", "tips": [{"id": "4d1ed312e56f6ea8c8e7681d", "text": "Tiramisu is a must try dessert!", "disagreeCount": 0, "logView": true, "createdAt": 1293865746, "likes": {"groups": [], "summary": "7 likes", "count": 7}, "todo": {"count": 1}, "agreeCount": 1, "canonicalUrl": "https://foursquare.com/item/4d1ed312e56f6ea8c8e7681d", "type": "user", "user": {"gender": "male", "id": "5260470", "photo": {"prefix": "https://igx.4sqi.net/img/user/", "suffix": "/5260470-PQY1COPZRKZFATCG"}, "firstName": "TeGi", "lastName": "Chua"}}]}, {"reasons": {"items": [{"reasonName": "globalInteractionReason", "summary": "This spot is popular", "type": "general"}], "count": 0}, "venue": {"hereNow": {"groups": [], "summary": "Nobody here", "count": 0}, "contact": {"facebook": "265812522802", "facebookUsername": "PUTIEN.RESTAURANT", "facebookName": "PUTIEN RESTAURANT", "formattedPhone": "+65 6795 2338", "twitter": "putien_sg", "phone": "+6567952338"}, "photos": {"groups": [], "count": 0}, "rating": 6.4, "name": "PUTIEN Restaurant \u8386\u7530\u83dc\u9986", "ratingSignals": 29, "allowMenuUrlEdit": true, "categories": [{"pluralName": "Chinese Restaurants", "id": "4bf58dd8d48988d145941735", "primary": true, "icon": {"prefix": "https://ss3.4sqi.net/img/categories_v2/food/asian_", "suffix": ".png"}, "name": "Chinese Restaurant", "shortName": "Chinese"}], "stats": {"checkinsCount": 1518, "usersCount": 1042, "tipCount": 23}, "id": "4c0bddb84d49ef3bf6fa5b6a", "beenHere": {"lastCheckinExpiredAt": 0, "count": 0, "marked": false}, "url": "http://www.putien.com", "ratingColor": "FFC800", "location": {"lng": 103.70644780354566, "formattedAddress": ["#02-34 Jurong Point (JP1) (1 Jurong West Central 2)", "648886", "Singapore"], "postalCode": "648886", "lat": 1.340339522787505, "crossStreet": "1 Jurong West Central 2", "country": "Singapore", "distance": 197, "city": "Singapore", "cc": "SG", "address": "#02-34 Jurong Point (JP1)", "labeledLatLngs": [{"lng": 103.70644780354566, "label": "display", "lat": 1.340339522787505}]}, "hours": {"isLocalHoliday": false, "isOpen": true, "status": "Likely open"}, "verified": true, "price": {"tier": 1, "currency": "$", "message": "Cheap"}, "storeId": ""}, "referralId": "e-3-4c0bddb84d49ef3bf6fa5b6a-17", "tips": [{"id": "4cfdc81c084f5481972c8d09", "text": "Salted duck sucks.", "disagreeCount": 0, "logView": true, "createdAt": 1291700252, "likes": {"groups": [], "summary": "4 likes", "count": 4}, "todo": {"count": 0}, "agreeCount": 0, "canonicalUrl": "https://foursquare.com/item/4cfdc81c084f5481972c8d09", "type": "user", "user": {"gender": "female", "id": "3395130", "photo": {"prefix": "https://igx.4sqi.net/img/user/", "suffix": "/T41VYQL4HOGRTPPH.jpg"}, "firstName": "Steph", "lastName": "Lee"}}]}, {"reasons": {"items": [{"reasonName": "globalInteractionReason", "summary": "This spot is popular", "type": "general"}], "count": 0}, "venue": {"contact": {"phone": "+6567959606", "formattedPhone": "+65 6795 9606"}, "photos": {"groups": [], "count": 0}, "rating": 6.3, "name": "Ambush", "ratingSignals": 45, "allowMenuUrlEdit": true, "categories": [{"pluralName": "Modern European Restaurants", "id": "52e81612bcbc57f1066b79f9", "primary": true, "icon": {"prefix": "https://ss3.4sqi.net/img/categories_v2/food/default_", "suffix": ".png"}, "name": "Modern European Restaurant", "shortName": "Modern European"}], "stats": {"checkinsCount": 2072, "usersCount": 1338, "tipCount": 46}, "id": "4bc93f87937ca593a49ca592", "beenHere": {"lastCheckinExpiredAt": 0, "count": 0, "marked": false}, "ratingColor": "FFC800", "location": {"lng": 103.7069002545586, "formattedAddress": ["#02-24, Jurong Point (JP1) (1 Jurong Point Central 2)", "648886", "Singapore"], "postalCode": "648886", "lat": 1.339559252025178, "crossStreet": "1 Jurong Point Central 2", "country": "Singapore", "distance": 141, "city": "Singapore", "cc": "SG", "address": "#02-24, Jurong Point (JP1)", "labeledLatLngs": [{"lng": 103.7069002545586, "label": "display", "lat": 1.339559252025178}]}, "hours": {"isLocalHoliday": false, "isOpen": true, "status": "Likely open"}, "verified": false, "hereNow": {"groups": [], "summary": "Nobody here", "count": 0}}, "referralId": "e-3-4bc93f87937ca593a49ca592-18", "tips": [{"id": "4d1e3e178629224bbfc10087", "text": "Who knew you could find decent European grub on the middle of this heartland?? Good bratwursts.", "disagreeCount": 0, "logView": true, "createdAt": 1293827607, "likes": {"groups": [], "summary": "4 likes", "count": 4}, "todo": {"count": 1}, "agreeCount": 3, "canonicalUrl": "https://foursquare.com/item/4d1e3e178629224bbfc10087", "type": "user", "user": {"gender": "female", "id": "4534189", "photo": {"prefix": "https://igx.4sqi.net/img/user/", "suffix": "/TDKJDG5ATC3JEXDV.jpg"}, "firstName": "Sarah", "lastName": "P"}}]}, {"reasons": {"items": [{"reasonName": "globalInteractionReason", "summary": "This spot is popular", "type": "general"}], "count": 0}, "venue": {"hereNow": {"groups": [], "summary": "Nobody here", "count": 0}, "contact": {"phone": "+6567935481", "formattedPhone": "+65 6793 5481"}, "photos": {"groups": [], "count": 0}, "rating": 6.3, "name": "McDonald's / McCaf\u00e9", "ratingSignals": 55, "allowMenuUrlEdit": true, "categories": [{"pluralName": "Fast Food Restaurants", "id": "4bf58dd8d48988d16e941735", "primary": true, "icon": {"prefix": "https://ss3.4sqi.net/img/categories_v2/food/fastfood_", "suffix": ".png"}, "name": "Fast Food Restaurant", "shortName": "Fast Food"}], "stats": {"checkinsCount": 10687, "usersCount": 4639, "tipCount": 14}, "id": "4b4c119af964a520ddad26e3", "beenHere": {"lastCheckinExpiredAt": 0, "count": 0, "marked": false}, "url": "http://www.mcdonalds.com.sg", "ratingColor": "FFC800", "location": {"lng": 103.7065601348877, "formattedAddress": ["#01-31, Jurong Point (JP1) (1 Jurong West Ctrl 2)", "648886", "Singapore"], "postalCode": "648886", "lat": 1.3401239930682607, "crossStreet": "1 Jurong West Ctrl 2", "country": "Singapore", "distance": 177, "city": "Singapore", "cc": "SG", "address": "#01-31, Jurong Point (JP1)", "labeledLatLngs": [{"lng": 103.7065601348877, "label": "display", "lat": 1.3401239930682607}]}, "hours": {"isLocalHoliday": false, "isOpen": true, "status": "Likely open"}, "verified": false, "price": {"tier": 1, "currency": "$", "message": "Cheap"}}, "referralId": "e-3-4b4c119af964a520ddad26e3-19", "tips": [{"id": "4d003cb32685a35d60d3c790", "text": "Value for money ! Mcmuffin burger set, with drink and hashbrown cost only $4.50..=) cheaper than buying other meal sets..", "disagreeCount": 0, "logView": true, "createdAt": 1291861171, "likes": {"groups": [], "summary": "1 like", "count": 1}, "todo": {"count": 0}, "agreeCount": 1, "canonicalUrl": "https://foursquare.com/item/4d003cb32685a35d60d3c790", "type": "user", "user": {"gender": "male", "id": "5124229", "photo": {"prefix": "https://igx.4sqi.net/img/user/", "suffix": "/JMFBSA3DBJVHQLZA.jpg"}, "firstName": "JJ", "lastName": "Enam Bradeks"}}]}, {"reasons": {"items": [{"reasonName": "globalInteractionReason", "summary": "This spot is popular", "type": "general"}], "count": 0}, "venue": {"hereNow": {"groups": [], "summary": "Nobody here", "count": 0}, "contact": {"phone": "+6567902212", "formattedPhone": "+65 6790 2212"}, "photos": {"groups": [], "count": 0}, "rating": 6.3, "name": "Crystal Jade La Mian Xiao Long Bao \u7fe1\u7fe0\u62c9\u9762\u5c0f\u7b3c\u5305", "ratingSignals": 25, "allowMenuUrlEdit": true, "categories": [{"pluralName": "Asian Restaurants", "id": "4bf58dd8d48988d142941735", "primary": true, "icon": {"prefix": "https://ss3.4sqi.net/img/categories_v2/food/asian_", "suffix": ".png"}, "name": "Asian Restaurant", "shortName": "Asian"}], "stats": {"checkinsCount": 2427, "usersCount": 1488, "tipCount": 16}, "id": "4c9b40ad9c663704b9555ffd", "beenHere": {"lastCheckinExpiredAt": 0, "count": 0, "marked": false}, "ratingColor": "FFC800", "location": {"lng": 103.70599535406888, "formattedAddress": ["#03-96 to 104, Jurong Point (1 Jurong West Central 2)", "648886", "Singapore"], "postalCode": "648886", "lat": 1.3403848241198004, "crossStreet": "1 Jurong West Central 2", "country": "Singapore", "distance": 198, "city": "Singapore", "cc": "SG", "address": "#03-96 to 104, Jurong Point", "labeledLatLngs": [{"lng": 103.70599535406888, "label": "display", "lat": 1.3403848241198004}]}, "hours": {"isLocalHoliday": false, "isOpen": true, "status": "Likely open"}, "verified": false, "price": {"tier": 2, "currency": "$", "message": "Moderate"}}, "referralId": "e-3-4c9b40ad9c663704b9555ffd-20", "tips": [{"id": "4bde91ad70c603bb6d1a9ab4", "text": "crystal jade has the nicest xiao long bao\ue328\ue328", "disagreeCount": 0, "logView": true, "createdAt": 1272877485, "likes": {"groups": [], "summary": "4 likes", "count": 4}, "todo": {"count": 1}, "agreeCount": 1, "canonicalUrl": "https://foursquare.com/item/4bde91ad70c603bb6d1a9ab4", "type": "user", "user": {"id": "999782", "photo": {"prefix": "https://igx.4sqi.net/img/user/", "suffix": "/2MLBETOKKKUR3JR1.jpg"}, "firstName": "Sue Anne", "gender": "female"}}]}, {"reasons": {"items": [{"reasonName": "globalInteractionReason", "summary": "This spot is popular", "type": "general"}], "count": 0}, "venue": {"hereNow": {"groups": [{"items": [], "name": "Other people here", "count": 1, "type": "others"}], "summary": "One other person is here", "count": 1}, "contact": {"twitter": "pizzahut_sg", "phone": "+6562353535", "formattedPhone": "+65 6235 3535"}, "photos": {"groups": [], "count": 0}, "rating": 6.3, "name": "Pizza Hut", "ratingSignals": 38, "allowMenuUrlEdit": true, "categories": [{"pluralName": "Pizza Places", "id": "4bf58dd8d48988d1ca941735", "primary": true, "icon": {"prefix": "https://ss3.4sqi.net/img/categories_v2/food/pizza_", "suffix": ".png"}, "name": "Pizza Place", "shortName": "Pizza"}], "stats": {"checkinsCount": 5144, "usersCount": 3136, "tipCount": 19}, "id": "4cba802b7148f04d2434ddab", "beenHere": {"lastCheckinExpiredAt": 0, "count": 0, "marked": false}, "url": "http://www.pizzahut.com.sg", "ratingColor": "FFC800", "location": {"lng": 103.70651721954346, "formattedAddress": ["#01-33, Jurong Point (JP1) (1 Jurong West Central 2)", "648886", "Singapore"], "postalCode": "648886", "lat": 1.340166896673757, "crossStreet": "1 Jurong West Central 2", "country": "Singapore", "distance": 181, "city": "Singapore", "cc": "SG", "address": "#01-33, Jurong Point (JP1)", "labeledLatLngs": [{"lng": 103.70651721954346, "label": "display", "lat": 1.340166896673757}]}, "hours": {"isLocalHoliday": false, "isOpen": true, "status": "Likely open"}, "verified": false, "price": {"tier": 1, "currency": "$", "message": "Cheap"}}, "referralId": "e-3-4cba802b7148f04d2434ddab-21", "tips": [{"id": "4ba9ea6670c603bb6c8495b4", "text": "Loves the criss-cross fries!", "disagreeCount": 0, "logView": true, "createdAt": 1269426790, "likes": {"groups": [], "summary": "7 likes", "count": 7}, "todo": {"count": 0}, "agreeCount": 1, "canonicalUrl": "https://foursquare.com/item/4ba9ea6670c603bb6c8495b4", "type": "user", "user": {"gender": "female", "id": "528857", "photo": {"prefix": "https://igx.4sqi.net/img/user/", "suffix": "/35SVIOFMETDZXBZS.jpg"}, "firstName": "Dinx", "lastName": "Carin"}}]}, {"reasons": {"items": [{"reasonName": "globalInteractionReason", "summary": "This spot is popular", "type": "general"}], "count": 0}, "venue": {"hereNow": {"groups": [], "summary": "Nobody here", "count": 0}, "contact": {}, "photos": {"groups": [], "count": 0}, "rating": 6.2, "name": "Central Hong Kong Cafe \u4e2d\u73af\u9999\u6e2f\u8336\u9910\u5385", "ratingSignals": 18, "allowMenuUrlEdit": true, "categories": [{"pluralName": "Asian Restaurants", "id": "4bf58dd8d48988d142941735", "primary": true, "icon": {"prefix": "https://ss3.4sqi.net/img/categories_v2/food/asian_", "suffix": ".png"}, "name": "Asian Restaurant", "shortName": "Asian"}], "stats": {"checkinsCount": 759, "usersCount": 501, "tipCount": 16}, "id": "4fdd5daee4b0d60dd8d4d337", "beenHere": {"lastCheckinExpiredAt": 0, "count": 0, "marked": false}, "ratingColor": "FFC800", "location": {"lng": 103.70591617556838, "formattedAddress": ["Jurong Point Shopping Centre (JP2) (Jurong West)", "Singapore"], "lat": 1.34046165568032, "crossStreet": "Jurong West", "country": "Singapore", "distance": 207, "city": "Singapore", "cc": "SG", "address": "Jurong Point Shopping Centre (JP2)", "labeledLatLngs": [{"lng": 103.70591617556838, "label": "display", "lat": 1.34046165568032}]}, "hours": {"isLocalHoliday": false, "isOpen": true, "status": "Likely open"}, "verified": false, "price": {"tier": 2, "currency": "$", "message": "Moderate"}}, "referralId": "e-3-4fdd5daee4b0d60dd8d4d337-22", "tips": [{"logView": true, "photo": {"id": "4ff5810ae4b021ccc6e0cb07", "visibility": "public", "source": {"name": "Foursquare for Android", "url": "https://foursquare.com/download/#/android"}, "suffix": "/yx29wcxA8XOsp6peLASSII3Pzt0e76075Hfp1SVPz5U.jpg", "createdAt": 1341489418, "prefix": "https://igx.4sqi.net/img/general/", "width": 668, "height": 517}, "createdAt": 1341489403, "todo": {"count": 0}, "agreeCount": 1, "likes": {"groups": [], "summary": "1 like", "count": 1}, "id": "4ff580fbe4b055f8965a5968", "text": "Salted cod fish baked rice : 7/10", "disagreeCount": 0, "user": {"gender": "female", "id": "4342368", "photo": {"prefix": "https://igx.4sqi.net/img/user/", "suffix": "/4342368-1DVLHEALMSW1KVH4.jpg"}, "firstName": "Chell", "lastName": "Lee"}, "canonicalUrl": "https://foursquare.com/item/4ff580fbe4b055f8965a5968", "type": "user", "photourl": "https://igx.4sqi.net/img/general/original/yx29wcxA8XOsp6peLASSII3Pzt0e76075Hfp1SVPz5U.jpg"}]}, {"reasons": {"items": [{"reasonName": "globalInteractionReason", "summary": "This spot is popular", "type": "general"}], "count": 0}, "venue": {"hereNow": {"groups": [], "summary": "Nobody here", "count": 0}, "contact": {"phone": "+6568610684", "formattedPhone": "+65 6861 0684"}, "photos": {"groups": [], "count": 0}, "rating": 6.3, "name": "McDonald's / McCaf\u00e9", "ratingSignals": 107, "allowMenuUrlEdit": true, "categories": [{"pluralName": "Fast Food Restaurants", "id": "4bf58dd8d48988d16e941735", "primary": true, "icon": {"prefix": "https://ss3.4sqi.net/img/categories_v2/food/fastfood_", "suffix": ".png"}, "name": "Fast Food Restaurant", "shortName": "Fast Food"}], "stats": {"checkinsCount": 10994, "usersCount": 4410, "tipCount": 42}, "id": "4db26cff43a17e743789739f", "beenHere": {"lastCheckinExpiredAt": 0, "count": 0, "marked": false}, "url": "http://www.mcdonalds.com.sg", "ratingColor": "FFC800", "location": {"lng": 103.70870441824643, "formattedAddress": ["291 Boon Lay Way (Jurong Central Park)", "649849", "Singapore"], "postalCode": "649849", "lat": 1.3392192109514338, "crossStreet": "Jurong Central Park", "country": "Singapore", "distance": 301, "city": "Singapore", "cc": "SG", "address": "291 Boon Lay Way", "labeledLatLngs": [{"lng": 103.70870441824643, "label": "display", "lat": 1.3392192109514338}]}, "hours": {"isLocalHoliday": false, "isOpen": true, "status": "Likely open"}, "verified": false, "price": {"tier": 1, "currency": "$", "message": "Cheap"}}, "referralId": "e-3-4db26cff43a17e743789739f-23", "tips": [{"id": "4de90c05b0fbcb7c9ad2ab59", "text": "McCafe staffs soooo slow making beverages...Haaaaiyyyooohhhhh!!!", "disagreeCount": 0, "logView": true, "createdAt": 1307118597, "likes": {"groups": [], "summary": "4 likes", "count": 4}, "todo": {"count": 0}, "agreeCount": 0, "canonicalUrl": "https://foursquare.com/item/4de90c05b0fbcb7c9ad2ab59", "type": "user", "user": {"gender": "male", "id": "3973036", "photo": {"prefix": "https://igx.4sqi.net/img/user/", "suffix": "/LL1FKM3D2UVW50XV.jpg"}, "firstName": "Ezhar", "lastName": "Hendra"}}]}, {"reasons": {"items": [{"reasonName": "globalInteractionReason", "summary": "This spot is popular", "type": "general"}], "count": 0}, "venue": {"hereNow": {"groups": [], "summary": "Nobody here", "count": 0}, "contact": {}, "photos": {"groups": [], "count": 0}, "rating": 6.7, "name": "Foodfare", "ratingSignals": 19, "allowMenuUrlEdit": true, "categories": [{"pluralName": "Chinese Restaurants", "id": "4bf58dd8d48988d145941735", "primary": true, "icon": {"prefix": "https://ss3.4sqi.net/img/categories_v2/food/asian_", "suffix": ".png"}, "name": "Chinese Restaurant", "shortName": "Chinese"}], "stats": {"checkinsCount": 2232, "usersCount": 451, "tipCount": 14}, "id": "4bb166aff964a52018913ce3", "beenHere": {"lastCheckinExpiredAt": 0, "count": 0, "marked": false}, "ratingColor": "FFC800", "location": {"formattedAddress": ["679 Jurong West Central 1", "Singapore"], "lat": 1.3446652441409126, "lng": 103.70666837322257, "country": "Singapore", "distance": 678, "city": "Singapore", "cc": "SG", "address": "679 Jurong West Central 1", "labeledLatLngs": [{"lng": 103.70666837322257, "label": "display", "lat": 1.3446652441409126}]}, "hours": {"isLocalHoliday": false, "isOpen": true, "status": "Likely open"}, "verified": false, "price": {"tier": 1, "currency": "$", "message": "Cheap"}}, "referralId": "e-3-4bb166aff964a52018913ce3-24", "tips": [{"id": "51e8b2bd498eee2f3c8d8445", "text": "Great wonton noodles.", "disagreeCount": 0, "logView": true, "createdAt": 1374204605, "likes": {"groups": [], "summary": "1 like", "count": 1}, "todo": {"count": 1}, "agreeCount": 1, "canonicalUrl": "https://foursquare.com/item/51e8b2bd498eee2f3c8d8445", "type": "user", "user": {"id": "45100108", "photo": {"prefix": "https://igx.4sqi.net/img/user/", "default": true, "suffix": "/blank_boy.png"}, "firstName": "Greg S.", "gender": "male"}}]}, {"reasons": {"items": [{"reasonName": "globalInteractionReason", "summary": "This spot is popular", "type": "general"}], "count": 0}, "venue": {"hereNow": {"groups": [], "summary": "Nobody here", "count": 0}, "contact": {"phone": "+6567928146", "formattedPhone": "+65 6792 8146"}, "photos": {"groups": [], "count": 0}, "rating": 6.1, "name": "Ya Kun Kaya Toast \u4e9e\u5764", "ratingSignals": 30, "allowMenuUrlEdit": true, "categories": [{"pluralName": "Caf\u00e9s", "id": "4bf58dd8d48988d16d941735", "primary": true, "icon": {"prefix": "https://ss3.4sqi.net/img/categories_v2/food/cafe_", "suffix": ".png"}, "name": "Caf\u00e9", "shortName": "Caf\u00e9"}], "stats": {"checkinsCount": 1975, "usersCount": 945, "tipCount": 8}, "id": "4d43c1ade198721e4fbab48b", "beenHere": {"lastCheckinExpiredAt": 0, "count": 0, "marked": false}, "url": "http://www.yakun.com", "ratingColor": "FFC800", "location": {"lng": 103.70671927396909, "formattedAddress": ["#02-K1/K2, Jurong Point (JP1) (1 Jurong West Central 2)", "648886", "Singapore"], "postalCode": "648886", "lat": 1.3399765807253832, "crossStreet": "1 Jurong West Central 2", "country": "Singapore", "distance": 169, "city": "Singapore", "cc": "SG", "address": "#02-K1/K2, Jurong Point (JP1)", "labeledLatLngs": [{"lng": 103.70671927396909, "label": "display", "lat": 1.3399765807253832}]}, "hours": {"isLocalHoliday": false, "isOpen": true, "status": "Likely open"}, "verified": false, "price": {"tier": 1, "currency": "$", "message": "Cheap"}}, "referralId": "e-3-4d43c1ade198721e4fbab48b-25", "tips": [{"id": "4e3e418dc65b4ec275ee23a8", "text": "Kaya bread! Must try!!", "disagreeCount": 0, "logView": true, "createdAt": 1312702861, "likes": {"groups": [], "summary": "1 like", "count": 1}, "todo": {"count": 0}, "agreeCount": 1, "canonicalUrl": "https://foursquare.com/item/4e3e418dc65b4ec275ee23a8", "type": "user", "user": {"gender": "female", "id": "12001349", "photo": {"prefix": "https://igx.4sqi.net/img/user/", "suffix": "/12X32CSRLSUTS2UE.jpg"}, "firstName": "RaiNie", "lastName": "CT"}}]}, {"reasons": {"items": [{"reasonName": "globalInteractionReason", "summary": "This spot is popular", "type": "general"}], "count": 0}, "venue": {"hereNow": {"groups": [{"items": [], "name": "Other people here", "count": 1, "type": "others"}], "summary": "One other person is here", "count": 1}, "contact": {"twitter": "SwensensSG", "phone": "+6567952187", "formattedPhone": "+65 6795 2187"}, "photos": {"groups": [], "count": 0}, "rating": 6.0, "name": "Swensen's", "ratingSignals": 38, "allowMenuUrlEdit": true, "categories": [{"pluralName": "American Restaurants", "id": "4bf58dd8d48988d14e941735", "primary": true, "icon": {"prefix": "https://ss3.4sqi.net/img/categories_v2/food/default_", "suffix": ".png"}, "name": "American Restaurant", "shortName": "American"}], "stats": {"checkinsCount": 4056, "usersCount": 2840, "tipCount": 15}, "id": "4b682410f964a520e0682be3", "beenHere": {"lastCheckinExpiredAt": 0, "count": 0, "marked": false}, "ratingColor": "FFC800", "location": {"lng": 103.70565891265869, "formattedAddress": ["#B1-64, Jurong Point (JP2) (63 Jurong West Central 3)", "648886", "Singapore"], "postalCode": "648886", "lat": 1.3387510772955606, "crossStreet": "63 Jurong West Central 3", "country": "Singapore", "distance": 48, "city": "Singapore", "cc": "SG", "address": "#B1-64, Jurong Point (JP2)", "labeledLatLngs": [{"lng": 103.70565891265869, "label": "display", "lat": 1.3387510772955606}]}, "hours": {"isLocalHoliday": false, "isOpen": true, "status": "Likely open"}, "verified": false, "price": {"tier": 2, "currency": "$", "message": "Moderate"}}, "referralId": "e-3-4b682410f964a520e0682be3-26", "tips": [{"id": "4c4daa50fb742d7fa4fd1b2d", "text": "Sordough 49iners Beef with pure american cheese. olalala~~", "disagreeCount": 0, "logView": true, "createdAt": 1280158288, "likes": {"groups": [], "summary": "6 likes", "count": 6}, "todo": {"count": 7}, "agreeCount": 0, "canonicalUrl": "https://foursquare.com/item/4c4daa50fb742d7fa4fd1b2d", "type": "user", "user": {"gender": "male", "id": "1963751", "photo": {"prefix": "https://igx.4sqi.net/img/user/", "suffix": "/OYXPXF0W2MNG54JA.jpg"}, "firstName": "Asery [LCN]", "lastName": "Senpai"}}]}, {"reasons": {"items": [{"reasonName": "globalInteractionReason", "summary": "This spot is popular", "type": "general"}], "count": 0}, "venue": {"hereNow": {"groups": [], "summary": "Nobody here", "count": 0}, "contact": {"phone": "+6567929286", "formattedPhone": "+65 6792 9286"}, "photos": {"groups": [], "count": 0}, "rating": 6.0, "name": "Kuishin Bo Dining", "ratingSignals": 24, "allowMenuUrlEdit": true, "categories": [{"pluralName": "Japanese Restaurants", "id": "4bf58dd8d48988d111941735", "primary": true, "icon": {"prefix": "https://ss3.4sqi.net/img/categories_v2/food/japanese_", "suffix": ".png"}, "name": "Japanese Restaurant", "shortName": "Japanese"}], "stats": {"checkinsCount": 1990, "usersCount": 1545, "tipCount": 14}, "id": "4ca16e8579d9b1f7f5abbf99", "beenHere": {"lastCheckinExpiredAt": 0, "count": 0, "marked": false}, "url": "http://www.kuishinbo.com.sg", "ratingColor": "FFC800", "location": {"lng": 103.7069794336438, "formattedAddress": ["#B1-47 Jurong Point (JP1) (1 Jurong West Central 2)", "648886", "Singapore"], "postalCode": "648886", "lat": 1.3395423576547236, "crossStreet": "1 Jurong West Central 2", "country": "Singapore", "distance": 145, "city": "Singapore", "cc": "SG", "address": "#B1-47 Jurong Point (JP1)", "labeledLatLngs": [{"lng": 103.7069794336438, "label": "display", "lat": 1.3395423576547236}]}, "hours": {"isLocalHoliday": false, "isOpen": true, "status": "Likely open"}, "verified": false, "price": {"tier": 2, "currency": "$", "message": "Moderate"}}, "referralId": "e-3-4ca16e8579d9b1f7f5abbf99-27", "tips": [{"id": "4e6c684db993061ea8ca180b", "text": "High tea fr 3.30-5! Not bad! (Y)", "disagreeCount": 0, "logView": true, "createdAt": 1315727437, "likes": {"groups": [], "summary": "1 like", "count": 1}, "todo": {"count": 0}, "agreeCount": 0, "canonicalUrl": "https://foursquare.com/item/4e6c684db993061ea8ca180b", "type": "user", "user": {"gender": "female", "id": "8688230", "photo": {"prefix": "https://igx.4sqi.net/img/user/", "suffix": "/MQESF5V0OSS3ZBE1.jpg"}, "firstName": "Kristin", "lastName": "Chai"}}]}, {"reasons": {"items": [{"reasonName": "globalInteractionReason", "summary": "This spot is popular", "type": "general"}], "count": 0}, "venue": {"hereNow": {"groups": [], "summary": "Nobody here", "count": 0}, "contact": {}, "photos": {"groups": [], "count": 0}, "rating": 5.9, "name": "Long John Silver's", "ratingSignals": 38, "allowMenuUrlEdit": true, "categories": [{"pluralName": "Fast Food Restaurants", "id": "4bf58dd8d48988d16e941735", "primary": true, "icon": {"prefix": "https://ss3.4sqi.net/img/categories_v2/food/fastfood_", "suffix": ".png"}, "name": "Fast Food Restaurant", "shortName": "Fast Food"}], "stats": {"checkinsCount": 5386, "usersCount": 2766, "tipCount": 14}, "id": "4b4019b7f964a52094b525e3", "beenHere": {"lastCheckinExpiredAt": 0, "count": 0, "marked": false}, "ratingColor": "FF9600", "location": {"lng": 103.7052940604159, "formattedAddress": ["#B1-56, Jurong Point (JP2) (63 Jurong West Central 2)", "648331", "Singapore"], "postalCode": "648331", "lat": 1.3388120700425181, "crossStreet": "63 Jurong West Central 2", "country": "Singapore", "distance": 88, "city": "Singapore", "cc": "SG", "address": "#B1-56, Jurong Point (JP2)", "labeledLatLngs": [{"lng": 103.7052940604159, "label": "display", "lat": 1.3388120700425181}]}, "hours": {"isLocalHoliday": false, "isOpen": true, "status": "Likely open"}, "verified": false, "price": {"tier": 1, "currency": "$", "message": "Cheap"}}, "referralId": "e-3-4b4019b7f964a52094b525e3-28", "tips": [{"id": "4bd2b8b670c603bb440399b4", "text": "add-on cheese!", "disagreeCount": 0, "logView": true, "createdAt": 1272101046, "likes": {"groups": [], "summary": "11 likes", "count": 11}, "todo": {"count": 2}, "agreeCount": 0, "canonicalUrl": "https://foursquare.com/item/4bd2b8b670c603bb440399b4", "type": "user", "user": {"gender": "female", "id": "874583", "photo": {"prefix": "https://igx.4sqi.net/img/user/", "suffix": "/IPLQJO2YSSX1V4JE.jpg"}, "firstName": "Michelle", "lastName": "Lee"}}]}, {"reasons": {"items": [{"reasonName": "globalInteractionReason", "summary": "This spot is popular", "type": "general"}], "count": 0}, "venue": {"hereNow": {"groups": [], "summary": "Nobody here", "count": 0}, "contact": {}, "photos": {"groups": [], "count": 0}, "rating": 5.9, "name": "EAT. 24 Hrs", "ratingSignals": 18, "allowMenuUrlEdit": true, "categories": [{"pluralName": "Asian Restaurants", "id": "4bf58dd8d48988d142941735", "primary": true, "icon": {"prefix": "https://ss3.4sqi.net/img/categories_v2/food/asian_", "suffix": ".png"}, "name": "Asian Restaurant", "shortName": "Asian"}], "stats": {"checkinsCount": 1681, "usersCount": 780, "tipCount": 10}, "id": "4c0bb1b5340720a1b16f8893", "beenHere": {"lastCheckinExpiredAt": 0, "count": 0, "marked": false}, "ratingColor": "FF9600", "location": {"lng": 103.70595576481276, "formattedAddress": ["Jurong Point Shopping Centre (JP2) (Jurong West Central)", "Singapore"], "lat": 1.3389284279405453, "crossStreet": "Jurong West Central", "country": "Singapore", "distance": 38, "city": "Singapore", "cc": "SG", "address": "Jurong Point Shopping Centre (JP2)", "labeledLatLngs": [{"lng": 103.70595576481276, "label": "display", "lat": 1.3389284279405453}]}, "hours": {"isLocalHoliday": false, "isOpen": true, "status": "Likely open"}, "verified": false, "price": {"tier": 2, "currency": "$", "message": "Moderate"}}, "referralId": "e-3-4c0bb1b5340720a1b16f8893-29", "tips": [{"id": "4e00f0aaae609fa8ede0f702", "text": "Worst fishball noodle. Half-cooked.", "disagreeCount": 0, "logView": true, "createdAt": 1308684458, "likes": {"groups": [], "summary": "2 likes", "count": 2}, "todo": {"count": 0}, "agreeCount": 0, "canonicalUrl": "https://foursquare.com/item/4e00f0aaae609fa8ede0f702", "type": "user", "user": {"id": "2186203", "photo": {"prefix": "https://igx.4sqi.net/img/user/", "suffix": "/BCP0MPTNKKDTNLD1.jpg"}, "firstName": "Josh", "gender": "male"}}]}, {"reasons": {"items": [{"reasonName": "globalInteractionReason", "summary": "This spot is popular", "type": "general"}], "count": 0}, "venue": {"hereNow": {"groups": [], "summary": "Nobody here", "count": 0}, "contact": {"phone": "+6567921283", "formattedPhone": "+65 6792 1283"}, "photos": {"groups": [], "count": 0}, "rating": 5.9, "name": "Wadori", "ratingSignals": 10, "allowMenuUrlEdit": true, "categories": [{"pluralName": "Japanese Restaurants", "id": "4bf58dd8d48988d111941735", "primary": true, "icon": {"prefix": "https://ss3.4sqi.net/img/categories_v2/food/japanese_", "suffix": ".png"}, "name": "Japanese Restaurant", "shortName": "Japanese"}], "stats": {"checkinsCount": 524, "usersCount": 356, "tipCount": 4}, "id": "4e03253645ddd368269842c3", "beenHere": {"lastCheckinExpiredAt": 0, "count": 0, "marked": false}, "ratingColor": "FF9600", "location": {"lng": 103.70689459891146, "formattedAddress": ["#B1-53, Jurong Point (JP1) (1 Jurong West Central 2)", "648886", "Singapore"], "postalCode": "648886", "lat": 1.339838201337989, "crossStreet": "1 Jurong West Central 2", "country": "Singapore", "distance": 165, "city": "Singapore", "cc": "SG", "address": "#B1-53, Jurong Point (JP1)", "labeledLatLngs": [{"lng": 103.70689459891146, "label": "display", "lat": 1.339838201337989}]}, "hours": {"isLocalHoliday": false, "isOpen": true, "status": "Likely open"}, "verified": false, "price": {"tier": 2, "currency": "$", "message": "Moderate"}}, "referralId": "e-3-4e03253645ddd368269842c3-30", "tips": [{"id": "526654c8498effcc09b06444", "text": "Tori-Q is better.", "disagreeCount": 0, "createdAt": 1382438088, "logView": true, "todo": {"count": 0}, "agreeCount": 0, "canonicalUrl": "https://foursquare.com/item/526654c8498effcc09b06444", "type": "user", "user": {"gender": "male", "id": "18671244", "photo": {"prefix": "https://igx.4sqi.net/img/user/", "suffix": "/18671244-M0J4K54WO0ELM2GF.jpg"}, "firstName": "Charles", "lastName": "Ryan Teo"}}]}, {"reasons": {"items": [{"reasonName": "globalInteractionReason", "summary": "This spot is popular", "type": "general"}], "count": 0}, "venue": {"hereNow": {"groups": [], "summary": "Nobody here", "count": 0}, "contact": {}, "photos": {"groups": [], "count": 0}, "rating": 5.8, "name": "Shokutsu TEN Japanese Food Street", "ratingSignals": 8, "allowMenuUrlEdit": true, "categories": [{"pluralName": "Japanese Restaurants", "id": "4bf58dd8d48988d111941735", "primary": true, "icon": {"prefix": "https://ss3.4sqi.net/img/categories_v2/food/japanese_", "suffix": ".png"}, "name": "Japanese Restaurant", "shortName": "Japanese"}], "stats": {"checkinsCount": 368, "usersCount": 221, "tipCount": 2}, "id": "4d4520b50349224b4eca014f", "beenHere": {"lastCheckinExpiredAt": 0, "count": 0, "marked": false}, "ratingColor": "FF9600", "location": {"lng": 103.70681541987666, "formattedAddress": ["B1, Jurong Point (1 Jurong West Central 2)", "648886", "Singapore"], "postalCode": "648886", "lat": 1.3394359628932235, "crossStreet": "1 Jurong West Central 2", "country": "Singapore", "distance": 124, "city": "Singapore", "cc": "SG", "address": "B1, Jurong Point", "labeledLatLngs": [{"lng": 103.70681541987666, "label": "display", "lat": 1.3394359628932235}]}, "hours": {"isLocalHoliday": false, "isOpen": true, "status": "Likely open"}, "verified": false, "price": {"tier": 2, "currency": "$", "message": "Moderate"}}, "referralId": "e-3-4d4520b50349224b4eca014f-31", "tips": [{"id": "56603d2e498e155993573cfe", "text": "A mini japanese market street in West Singapore.", "disagreeCount": 0, "createdAt": 1449147694, "logView": true, "todo": {"count": 0}, "agreeCount": 0, "canonicalUrl": "https://foursquare.com/item/56603d2e498e155993573cfe", "type": "user", "user": {"gender": "female", "id": "42668193", "photo": {"prefix": "https://igx.4sqi.net/img/user/", "suffix": "/TD0GT2403DBIQDT5.jpg"}, "firstName": "Elizabeth", "lastName": "Lee"}}]}, {"reasons": {"items": [{"reasonName": "globalInteractionReason", "summary": "This spot is popular", "type": "general"}], "count": 0}, "venue": {"hereNow": {"groups": [], "summary": "Nobody here", "count": 0}, "contact": {"facebook": "99745899492", "facebookUsername": "coffeebean.sg", "facebookName": "The Coffee Bean & Tea Leaf\u00ae - Singapore", "phone": "+6567913755", "formattedPhone": "+65 6791 3755"}, "photos": {"groups": [], "count": 0}, "rating": 5.8, "menu": {"mobileUrl": "http://www.coffeebean.com.sg/beverage-menu", "externalUrl": "http://www.coffeebean.com.sg/beverage-menu", "url": "http://www.coffeebean.com.sg/beverage-menu", "anchor": "View Menu", "label": "Menu", "type": "Menu"}, "name": "The Coffee Bean & Tea Leaf", "ratingSignals": 54, "allowMenuUrlEdit": true, "categories": [{"pluralName": "Caf\u00e9s", "id": "4bf58dd8d48988d16d941735", "primary": true, "icon": {"prefix": "https://ss3.4sqi.net/img/categories_v2/food/cafe_", "suffix": ".png"}, "name": "Caf\u00e9", "shortName": "Caf\u00e9"}], "stats": {"checkinsCount": 3845, "usersCount": 2060, "tipCount": 23}, "id": "4b45dfc1f964a5207a1126e3", "beenHere": {"lastCheckinExpiredAt": 0, "count": 0, "marked": false}, "url": "http://www.coffeebean.com.sg", "ratingColor": "FF9600", "location": {"lng": 103.70713779195532, "formattedAddress": ["#01-16E, Jurong Point (JP1) (1 Jurong West Central 2)", "648886", "Singapore"], "postalCode": "648886", "lat": 1.3394344155724118, "crossStreet": "1 Jurong West Central 2", "country": "Singapore", "distance": 151, "city": "Singapore", "cc": "SG", "address": "#01-16E, Jurong Point (JP1)", "labeledLatLngs": [{"lng": 103.70713779195532, "label": "display", "lat": 1.3394344155724118}]}, "hours": {"isLocalHoliday": false, "isOpen": true, "status": "Open until 11:00 PM"}, "verified": true, "price": {"tier": 1, "currency": "$", "message": "Cheap"}}, "referralId": "e-3-4b45dfc1f964a5207a1126e3-32", "tips": [{"id": "4c078a30b0a2e0de6f789dba", "text": "Get the coffee card", "disagreeCount": 0, "logView": true, "createdAt": 1275562544, "likes": {"groups": [], "summary": "6 likes", "count": 6}, "todo": {"count": 0}, "agreeCount": 0, "canonicalUrl": "https://foursquare.com/item/4c078a30b0a2e0de6f789dba", "type": "user", "user": {"id": "1467868", "photo": {"prefix": "https://igx.4sqi.net/img/user/", "suffix": "/KZY14DQYVDVJPWAQ.jpg"}, "firstName": "Seowpin", "gender": "male"}}]}, {"reasons": {"items": [{"reasonName": "globalInteractionReason", "summary": "This spot is popular", "type": "general"}], "count": 0}, "venue": {"hereNow": {"groups": [], "summary": "Nobody here", "count": 0}, "contact": {"phone": "+6591259611", "formattedPhone": "+65 9125 9611"}, "photos": {"groups": [], "count": 0}, "rating": 5.7, "name": "A-One Claypot House", "ratingSignals": 16, "allowMenuUrlEdit": true, "categories": [{"pluralName": "Asian Restaurants", "id": "4bf58dd8d48988d142941735", "primary": true, "icon": {"prefix": "https://ss3.4sqi.net/img/categories_v2/food/asian_", "suffix": ".png"}, "name": "Asian Restaurant", "shortName": "Asian"}], "stats": {"checkinsCount": 590, "usersCount": 397, "tipCount": 6}, "id": "510262bce4b0c04fc880d12d", "beenHere": {"lastCheckinExpiredAt": 0, "count": 0, "marked": false}, "ratingColor": "FF9600", "location": {"lng": 103.70703599016203, "formattedAddress": ["Jurong Point #03-09/10/11 (1 Jurong West Central 2)", "648886", "Singapore"], "postalCode": "648886", "lat": 1.3394358339510912, "crossStreet": "1 Jurong West Central 2", "country": "Singapore", "distance": 142, "city": "Singapore", "cc": "SG", "address": "Jurong Point #03-09/10/11", "labeledLatLngs": [{"lng": 103.70703599016203, "label": "display", "lat": 1.3394358339510912}]}, "hours": {"isLocalHoliday": false, "isOpen": true, "status": "Likely open"}, "verified": false, "price": {"tier": 2, "currency": "$", "message": "Moderate"}}, "referralId": "e-3-510262bce4b0c04fc880d12d-33", "tips": [{"id": "56d197ea498e7566bdcdbbbb", "text": "Each porridge is sufficient for one. Tried most of the flavours and so far so good. Tea comes in a pot and sufficient to serve 3 or more.", "disagreeCount": 0, "createdAt": 1456576490, "logView": true, "todo": {"count": 0}, "agreeCount": 0, "canonicalUrl": "https://foursquare.com/item/56d197ea498e7566bdcdbbbb", "type": "user", "user": {"gender": "male", "id": "174952", "photo": {"prefix": "https://igx.4sqi.net/img/user/", "suffix": "/MSRL0FLGFE00NNMG.jpg"}, "firstName": "Felix", "lastName": "Ker"}}]}, {"reasons": {"items": [{"reasonName": "globalInteractionReason", "summary": "This spot is popular", "type": "general"}], "count": 0}, "venue": {"hereNow": {"groups": [], "summary": "Nobody here", "count": 0}, "contact": {}, "photos": {"groups": [], "count": 0}, "rating": 5.7, "name": "Grandma's", "ratingSignals": 11, "allowMenuUrlEdit": true, "categories": [{"pluralName": "Asian Restaurants", "id": "4bf58dd8d48988d142941735", "primary": true, "icon": {"prefix": "https://ss3.4sqi.net/img/categories_v2/food/asian_", "suffix": ".png"}, "name": "Asian Restaurant", "shortName": "Asian"}], "stats": {"checkinsCount": 221, "usersCount": 169, "tipCount": 2}, "id": "52a006b111d2b0aa1bb095ec", "beenHere": {"lastCheckinExpiredAt": 0, "count": 0, "marked": false}, "ratingColor": "FF9600", "location": {"formattedAddress": ["Jurong Point Shopping Centre JP2 #B1-62/63", "648886", "Singapore"], "postalCode": "648886", "lat": 1.3390180874917004, "lng": 103.7055824952618, "country": "Singapore", "distance": 70, "city": "Singapore", "cc": "SG", "address": "Jurong Point Shopping Centre JP2 #B1-62/63", "labeledLatLngs": [{"lng": 103.7055824952618, "label": "display", "lat": 1.3390180874917004}]}, "verified": false, "price": {"tier": 2, "currency": "$", "message": "Moderate"}}, "referralId": "e-3-52a006b111d2b0aa1bb095ec-34", "tips": [{"id": "534936a1498e7b69ab059da2", "text": "Love its honey chicken and dou miao!", "disagreeCount": 0, "createdAt": 1397307041, "logView": true, "todo": {"count": 0}, "agreeCount": 0, "canonicalUrl": "https://foursquare.com/item/534936a1498e7b69ab059da2", "type": "user", "user": {"gender": "female", "id": "7262089", "photo": {"prefix": "https://igx.4sqi.net/img/user/", "suffix": "/32PZTPYNIDVDTRW4.jpg"}, "firstName": "Kolyn", "lastName": "Ho"}}]}, {"reasons": {"items": [{"reasonName": "globalInteractionReason", "summary": "This spot is popular", "type": "general"}], "count": 0}, "venue": {"contact": {}, "photos": {"groups": [], "count": 0}, "rating": 6.3, "name": "Quality Road Food Centre", "ratingSignals": 20, "allowMenuUrlEdit": true, "categories": [{"pluralName": "Food Courts", "id": "4bf58dd8d48988d120951735", "primary": true, "icon": {"prefix": "https://ss3.4sqi.net/img/categories_v2/shops/food_foodcourt_", "suffix": ".png"}, "name": "Food Court", "shortName": "Food Court"}], "stats": {"checkinsCount": 1494, "usersCount": 297, "tipCount": 20}, "id": "4c0f4db27189c928eae3d9b6", "beenHere": {"lastCheckinExpiredAt": 0, "count": 0, "marked": false}, "ratingColor": "FFC800", "location": {"formattedAddress": ["45 Quality Rd.", "618824", "Singapore"], "postalCode": "618824", "lat": 1.3332722950917777, "lng": 103.71050860635283, "country": "Singapore", "distance": 772, "city": "Singapore", "cc": "SG", "address": "45 Quality Rd.", "labeledLatLngs": [{"lng": 103.71050860635283, "label": "display", "lat": 1.3332722950917777}]}, "hours": {"isLocalHoliday": false, "isOpen": false}, "verified": false, "hereNow": {"groups": [], "summary": "Nobody here", "count": 0}}, "referralId": "e-3-4c0f4db27189c928eae3d9b6-35", "tips": [{"id": "4e9e63d84690454516cc6957", "text": "The fishhead curry from Seng Kitchen is one of the best I've ever eaten.", "disagreeCount": 0, "logView": true, "createdAt": 1319003096, "likes": {"groups": [], "summary": "3 likes", "count": 3}, "todo": {"count": 0}, "agreeCount": 3, "canonicalUrl": "https://foursquare.com/item/4e9e63d84690454516cc6957", "type": "user", "user": {"gender": "male", "id": "279800", "photo": {"prefix": "https://igx.4sqi.net/img/user/", "suffix": "/279800-VUOL24IHYN5JCKZM.jpg"}, "firstName": "Alwyn", "lastName": "Sim"}}]}, {"reasons": {"items": [{"reasonName": "globalInteractionReason", "summary": "This spot is popular", "type": "general"}], "count": 0}, "venue": {"hereNow": {"groups": [], "summary": "Nobody here", "count": 0}, "contact": {"phone": "+6568984248", "formattedPhone": "+65 6898 4248"}, "photos": {"groups": [], "count": 0}, "rating": 5.6, "name": "Fish & Co.", "ratingSignals": 45, "allowMenuUrlEdit": true, "categories": [{"pluralName": "Seafood Restaurants", "id": "4bf58dd8d48988d1ce941735", "primary": true, "icon": {"prefix": "https://ss3.4sqi.net/img/categories_v2/food/seafood_", "suffix": ".png"}, "name": "Seafood Restaurant", "shortName": "Seafood"}], "stats": {"checkinsCount": 2355, "usersCount": 1767, "tipCount": 25}, "id": "4bed40766e8c20a1910d7061", "beenHere": {"lastCheckinExpiredAt": 0, "count": 0, "marked": false}, "url": "http://www.fish-co.com", "ratingColor": "FF9600", "location": {"lng": 103.7062668235706, "formattedAddress": ["#02-20E Jurong Point (JP1) (1 Jurong West Ctrl 2)", "648886", "Singapore"], "postalCode": "648886", "lat": 1.3390916951585603, "crossStreet": "1 Jurong West Ctrl 2", "country": "Singapore", "distance": 58, "city": "Singapore", "cc": "SG", "address": "#02-20E Jurong Point (JP1)", "labeledLatLngs": [{"lng": 103.7062668235706, "label": "display", "lat": 1.3390916951585603}]}, "hours": {"isLocalHoliday": false, "isOpen": true, "status": "Likely open"}, "verified": false, "price": {"tier": 3, "currency": "$", "message": "Expensive"}}, "referralId": "e-3-4bed40766e8c20a1910d7061-36", "tips": [{"id": "4d9c220681f6f04d325d83aa", "text": "Service Was'nt to expectation, it takes 4 calls for the order and still no resolution", "disagreeCount": 0, "logView": true, "createdAt": 1302077958, "likes": {"groups": [], "summary": "4 likes", "count": 4}, "todo": {"count": 0}, "agreeCount": 1, "canonicalUrl": "https://foursquare.com/item/4d9c220681f6f04d325d83aa", "type": "user", "user": {"gender": "male", "id": "5057545", "photo": {"prefix": "https://igx.4sqi.net/img/user/", "suffix": "/DORZ04XESIDN5ETZ.jpg"}, "firstName": "Kenneth", "lastName": "Choo"}}]}, {"reasons": {"items": [{"reasonName": "globalInteractionReason", "summary": "This spot is popular", "type": "general"}], "count": 0}, "venue": {"hereNow": {"groups": [], "summary": "Nobody here", "count": 0}, "contact": {}, "photos": {"groups": [], "count": 0}, "rating": 5.6, "name": "Lai Lai Kitchen", "ratingSignals": 24, "allowMenuUrlEdit": true, "categories": [{"pluralName": "Asian Restaurants", "id": "4bf58dd8d48988d142941735", "primary": true, "icon": {"prefix": "https://ss3.4sqi.net/img/categories_v2/food/asian_", "suffix": ".png"}, "name": "Asian Restaurant", "shortName": "Asian"}], "stats": {"checkinsCount": 1491, "usersCount": 841, "tipCount": 13}, "id": "4c70c1299375a09364320837", "beenHere": {"lastCheckinExpiredAt": 0, "count": 0, "marked": false}, "ratingColor": "FF9600", "location": {"lng": 103.70686054229736, "formattedAddress": ["#03-08 Jurong Point (JP1) (1 Jurong West Central 2)", "648886", "Singapore"], "postalCode": "648886", "lat": 1.3395233425123458, "crossStreet": "1 Jurong West Central 2", "country": "Singapore", "distance": 135, "city": "Singapore", "cc": "SG", "address": "#03-08 Jurong Point (JP1)", "labeledLatLngs": [{"lng": 103.70686054229736, "label": "display", "lat": 1.3395233425123458}]}, "hours": {"isLocalHoliday": false, "isOpen": true, "status": "Likely open"}, "verified": false, "price": {"tier": 2, "currency": "$", "message": "Moderate"}}, "referralId": "e-3-4c70c1299375a09364320837-37", "tips": [{"id": "52199edf11d2b8e842e965f0", "text": "Tasteless wanton soup cost $5.. the only good thing about here is no service charge and Gst.. lolxx", "disagreeCount": 0, "logView": true, "createdAt": 1377410783, "likes": {"groups": [], "summary": "3 likes", "count": 3}, "todo": {"count": 0}, "agreeCount": 3, "canonicalUrl": "https://foursquare.com/item/52199edf11d2b8e842e965f0", "type": "user", "user": {"gender": "female", "id": "11630340", "photo": {"prefix": "https://igx.4sqi.net/img/user/", "suffix": "/QDG5DUKNWEO0UCEU.jpg"}, "firstName": "Belle", "lastName": "Isa"}}]}, {"reasons": {"items": [{"reasonName": "globalInteractionReason", "summary": "This spot is popular", "type": "general"}], "count": 0}, "venue": {"hereNow": {"groups": [], "summary": "Nobody here", "count": 0}, "contact": {"phone": "+6567952530", "formattedPhone": "+65 6795 2530"}, "photos": {"groups": [], "count": 0}, "rating": 5.6, "name": "Prata Wala", "ratingSignals": 59, "allowMenuUrlEdit": true, "categories": [{"pluralName": "Indian Restaurants", "id": "4bf58dd8d48988d10f941735", "primary": true, "icon": {"prefix": "https://ss3.4sqi.net/img/categories_v2/food/indian_", "suffix": ".png"}, "name": "Indian Restaurant", "shortName": "Indian"}], "stats": {"checkinsCount": 2400, "usersCount": 1306, "tipCount": 48}, "id": "4b90cd80f964a520d49733e3", "beenHere": {"lastCheckinExpiredAt": 0, "count": 0, "marked": false}, "ratingColor": "FF9600", "location": {"lng": 103.70613674436535, "formattedAddress": ["#01-71/74, Jurong Point (JP2) (63 Jurong West Central 3)", "648331", "Singapore"], "postalCode": "648331", "lat": 1.338972985103782, "crossStreet": "63 Jurong West Central 3", "country": "Singapore", "distance": 41, "city": "Singapore", "cc": "SG", "address": "#01-71/74, Jurong Point (JP2)", "labeledLatLngs": [{"lng": 103.70613674436535, "label": "display", "lat": 1.338972985103782}]}, "hours": {"isLocalHoliday": false, "isOpen": true, "status": "Likely open"}, "verified": false, "price": {"tier": 2, "currency": "$", "message": "Moderate"}}, "referralId": "e-3-4b90cd80f964a520d49733e3-38", "tips": [{"id": "4e770480fa76059701b12e58", "text": "The paper thosai is bigger than your face! Superb", "disagreeCount": 0, "logView": true, "createdAt": 1316422784, "likes": {"groups": [], "summary": "1 like", "count": 1}, "todo": {"count": 0}, "agreeCount": 1, "canonicalUrl": "https://foursquare.com/item/4e770480fa76059701b12e58", "type": "user", "user": {"gender": "male", "id": "2764927", "photo": {"prefix": "https://igx.4sqi.net/img/user/", "suffix": "/WQ3RZAAKFI4OGGO5.jpg"}, "firstName": "Eugene", "lastName": "Goh"}}]}, {"reasons": {"items": [{"reasonName": "globalInteractionReason", "summary": "This spot is popular", "type": "general"}], "count": 0}, "venue": {"hereNow": {"groups": [], "summary": "Nobody here", "count": 0}, "contact": {"phone": "+6567941736", "formattedPhone": "+65 6794 1736"}, "photos": {"groups": [], "count": 0}, "rating": 5.6, "name": "Burger King", "ratingSignals": 37, "allowMenuUrlEdit": true, "categories": [{"pluralName": "Fast Food Restaurants", "id": "4bf58dd8d48988d16e941735", "primary": true, "icon": {"prefix": "https://ss3.4sqi.net/img/categories_v2/food/fastfood_", "suffix": ".png"}, "name": "Fast Food Restaurant", "shortName": "Fast Food"}], "stats": {"checkinsCount": 3488, "usersCount": 2211, "tipCount": 14}, "id": "4b40193df964a5208cb525e3", "beenHere": {"lastCheckinExpiredAt": 0, "count": 0, "marked": false}, "ratingColor": "FF9600", "location": {"lng": 103.70550331700665, "formattedAddress": ["#B1-54/55, Jurong Point (JP2) (63 Jurong West Central 3)", "648331", "Singapore"], "postalCode": "648331", "lat": 1.3388527257455454, "crossStreet": "63 Jurong West Central 3", "country": "Singapore", "distance": 68, "city": "Singapore", "cc": "SG", "address": "#B1-54/55, Jurong Point (JP2)", "labeledLatLngs": [{"lng": 103.70550331700665, "label": "display", "lat": 1.3388527257455454}]}, "hours": {"isLocalHoliday": false, "isOpen": true, "status": "Likely open"}, "verified": false, "price": {"tier": 1, "currency": "$", "message": "Cheap"}}, "referralId": "e-3-4b40193df964a5208cb525e3-39", "tips": [{"id": "4ec77970be7ba4fc6e6b9885", "text": "I love Fish n' Crisp burger!", "disagreeCount": 0, "logView": true, "createdAt": 1321695600, "likes": {"groups": [], "summary": "4 likes", "count": 4}, "todo": {"count": 0}, "agreeCount": 4, "canonicalUrl": "https://foursquare.com/item/4ec77970be7ba4fc6e6b9885", "type": "user", "user": {"id": "846184", "photo": {"prefix": "https://igx.4sqi.net/img/user/", "suffix": "/846184-KGPMZ5GENIAFMTPP"}, "firstName": "D\u00f6na\u0142d \u0295 \u2022\u1d25\u2022\u0294", "gender": "male"}}]}, {"reasons": {"items": [{"reasonName": "globalInteractionReason", "summary": "This spot is popular", "type": "general"}], "count": 0}, "venue": {"hereNow": {"groups": [], "summary": "Nobody here", "count": 0}, "contact": {"phone": "+6567608197", "formattedPhone": "+65 6760 8197"}, "photos": {"groups": [], "count": 0}, "rating": 5.7, "name": "Sakura International Buffet Restaurant", "ratingSignals": 23, "allowMenuUrlEdit": true, "categories": [{"pluralName": "Japanese Restaurants", "id": "4bf58dd8d48988d111941735", "primary": true, "icon": {"prefix": "https://ss3.4sqi.net/img/categories_v2/food/japanese_", "suffix": ".png"}, "name": "Japanese Restaurant", "shortName": "Japanese"}], "stats": {"checkinsCount": 1019, "usersCount": 792, "tipCount": 9}, "id": "4dc7cd9e52b1e8f9f80b78a9", "beenHere": {"lastCheckinExpiredAt": 0, "count": 0, "marked": false}, "ratingColor": "FF9600", "location": {"lng": 103.70639690290284, "formattedAddress": ["#2B-01, SAFRA Jurong Club (333 Boon Lay Way)", "Singapore"], "lat": 1.3353048542883805, "crossStreet": "333 Boon Lay Way", "country": "Singapore", "distance": 369, "city": "Singapore", "cc": "SG", "address": "#2B-01, SAFRA Jurong Club", "labeledLatLngs": [{"lng": 103.70639690290284, "label": "display", "lat": 1.3353048542883805}]}, "hours": {"isLocalHoliday": false, "isOpen": true, "status": "Likely open"}, "verified": false, "price": {"tier": 2, "currency": "$", "message": "Moderate"}}, "referralId": "e-3-4dc7cd9e52b1e8f9f80b78a9-40", "tips": [{"id": "4e81c6c66da1b397483473ae", "text": "Food totally not fresh, nth much. Not worth the money at all", "disagreeCount": 0, "logView": true, "createdAt": 1317127878, "likes": {"groups": [], "summary": "1 like", "count": 1}, "todo": {"count": 0}, "agreeCount": 0, "canonicalUrl": "https://foursquare.com/item/4e81c6c66da1b397483473ae", "type": "user", "user": {"gender": "female", "id": "4823988", "photo": {"prefix": "https://igx.4sqi.net/img/user/", "suffix": "/AX2XUTCYDAFTBO3A.jpg"}, "firstName": "May", "lastName": "Yeo"}}]}, {"reasons": {"items": [{"reasonName": "globalInteractionReason", "summary": "This spot is popular", "type": "general"}], "count": 0}, "venue": {"hereNow": {"groups": [], "summary": "Nobody here", "count": 0}, "contact": {}, "photos": {"groups": [], "count": 0}, "name": "Seoul Garden HotPot", "allowMenuUrlEdit": true, "beenHere": {"lastCheckinExpiredAt": 0, "count": 0, "marked": false}, "stats": {"checkinsCount": 108, "usersCount": 83, "tipCount": 0}, "id": "536f5f48498e9ab8b4cea79a", "categories": [{"pluralName": "Korean Restaurants", "id": "4bf58dd8d48988d113941735", "primary": true, "icon": {"prefix": "https://ss3.4sqi.net/img/categories_v2/food/korean_", "suffix": ".png"}, "name": "Korean Restaurant", "shortName": "Korean"}], "location": {"formattedAddress": ["Singapore"], "lat": 1.3388169703650215, "lng": 103.70534496063746, "distance": 83, "country": "Singapore", "cc": "SG", "labeledLatLngs": [{"lng": 103.70534496063746, "label": "display", "lat": 1.3388169703650215}]}, "verified": false, "price": {"tier": 2, "currency": "$", "message": "Moderate"}}, "referralId": "e-3-536f5f48498e9ab8b4cea79a-41"}, {"reasons": {"items": [{"reasonName": "globalInteractionReason", "summary": "This spot is popular", "type": "general"}], "count": 0}, "venue": {"hereNow": {"groups": [], "summary": "Nobody here", "count": 0}, "contact": {}, "photos": {"groups": [], "count": 0}, "name": "Pezzo", "allowMenuUrlEdit": true, "beenHere": {"lastCheckinExpiredAt": 0, "count": 0, "marked": false}, "stats": {"checkinsCount": 37, "usersCount": 20, "tipCount": 0}, "id": "557c02b5498edc5a0013d82b", "categories": [{"pluralName": "Pizza Places", "id": "4bf58dd8d48988d1ca941735", "primary": true, "icon": {"prefix": "https://ss3.4sqi.net/img/categories_v2/food/pizza_", "suffix": ".png"}, "name": "Pizza Place", "shortName": "Pizza"}], "location": {"formattedAddress": ["Jurong Point", "Singapore"], "lat": 1.3389225287206301, "lng": 103.70545241672458, "distance": 76, "country": "Singapore", "cc": "SG", "address": "Jurong Point", "labeledLatLngs": [{"lng": 103.70545241672458, "label": "display", "lat": 1.3389225287206301}]}, "verified": false, "price": {"tier": 1, "currency": "$", "message": "Cheap"}}, "referralId": "e-3-557c02b5498edc5a0013d82b-42"}, {"reasons": {"items": [{"reasonName": "globalInteractionReason", "summary": "This spot is popular", "type": "general"}], "count": 0}, "venue": {"hereNow": {"groups": [], "summary": "Nobody here", "count": 0}, "contact": {}, "photos": {"groups": [], "count": 0}, "name": "BreadTalk", "allowMenuUrlEdit": true, "beenHere": {"lastCheckinExpiredAt": 0, "count": 0, "marked": false}, "stats": {"checkinsCount": 603, "usersCount": 215, "tipCount": 0}, "id": "4be7f3b69a54a593b4540911", "categories": [{"pluralName": "Bakeries", "id": "4bf58dd8d48988d16a941735", "primary": true, "icon": {"prefix": "https://ss3.4sqi.net/img/categories_v2/food/bakery_", "suffix": ".png"}, "name": "Bakery", "shortName": "Bakery"}], "location": {"lng": 103.70570182800293, "formattedAddress": ["#B1-73 Jurong Point (JP2) (63 Jurong West Central 3)", "648331", "Singapore"], "postalCode": "648331", "lat": 1.3388583363679891, "crossStreet": "63 Jurong West Central 3", "country": "Singapore", "distance": 49, "city": "Singapore", "cc": "SG", "address": "#B1-73 Jurong Point (JP2)", "labeledLatLngs": [{"lng": 103.70570182800293, "label": "display", "lat": 1.3388583363679891}]}, "hours": {"isLocalHoliday": false, "isOpen": true, "status": "Likely open"}, "verified": false, "price": {"tier": 1, "currency": "$", "message": "Cheap"}}, "referralId": "e-3-4be7f3b69a54a593b4540911-43"}, {"reasons": {"items": [{"reasonName": "globalInteractionReason", "summary": "This spot is popular", "type": "general"}], "count": 0}, "venue": {"hereNow": {"groups": [], "summary": "Nobody here", "count": 0}, "contact": {}, "photos": {"groups": [], "count": 0}, "name": "Ya Kun Kaya Toast", "allowMenuUrlEdit": true, "beenHere": {"lastCheckinExpiredAt": 0, "count": 0, "marked": false}, "stats": {"checkinsCount": 318, "usersCount": 217, "tipCount": 6}, "id": "4bb53feb6edc76b07f832f1c", "categories": [{"pluralName": "Breakfast Spots", "id": "4bf58dd8d48988d143941735", "primary": true, "icon": {"prefix": "https://ss3.4sqi.net/img/categories_v2/food/breakfast_", "suffix": ".png"}, "name": "Breakfast Spot", "shortName": "Breakfast"}], "url": "http://www.yakun.com", "location": {"lng": 103.70578609670542, "formattedAddress": ["#01-07/08 Boon Lay MRT Station (301 Boon Lay Way)", "649846", "Singapore"], "postalCode": "649846", "lat": 1.339619026719961, "crossStreet": "301 Boon Lay Way", "country": "Singapore", "distance": 117, "city": "Singapore", "cc": "SG", "address": "#01-07/08 Boon Lay MRT Station", "labeledLatLngs": [{"lng": 103.70578609670542, "label": "display", "lat": 1.339619026719961}]}, "hours": {"isLocalHoliday": false, "isOpen": true, "status": "Likely open"}, "verified": false, "price": {"tier": 1, "currency": "$", "message": "Cheap"}}, "referralId": "e-3-4bb53feb6edc76b07f832f1c-44", "tips": [{"id": "4c0710d970c603bb7c2f9eb4", "text": "Good coffee to perk u up!", "disagreeCount": 0, "logView": true, "createdAt": 1275531481, "likes": {"groups": [], "summary": "4 likes", "count": 4}, "todo": {"count": 2}, "agreeCount": 0, "canonicalUrl": "https://foursquare.com/item/4c0710d970c603bb7c2f9eb4", "type": "user", "user": {"gender": "male", "id": "874005", "photo": {"prefix": "https://igx.4sqi.net/img/user/", "suffix": "/RAQ0U55ANV4JW0X1.jpg"}, "firstName": "Aloysius", "lastName": "Lim"}}]}, {"reasons": {"items": [{"reasonName": "globalInteractionReason", "summary": "This spot is popular", "type": "general"}], "count": 0}, "venue": {"hereNow": {"groups": [], "summary": "Nobody here", "count": 0}, "contact": {}, "photos": {"groups": [], "count": 0}, "name": "Popeye", "allowMenuUrlEdit": true, "beenHere": {"lastCheckinExpiredAt": 0, "count": 0, "marked": false}, "stats": {"checkinsCount": 32, "usersCount": 30, "tipCount": 0}, "id": "52d2368811d2450d0a046237", "categories": [{"pluralName": "Fast Food Restaurants", "id": "4bf58dd8d48988d16e941735", "primary": true, "icon": {"prefix": "https://ss3.4sqi.net/img/categories_v2/food/fastfood_", "suffix": ".png"}, "name": "Fast Food Restaurant", "shortName": "Fast Food"}], "location": {"formattedAddress": ["Jurong Point", "Singapore"], "lat": 1.3395564468441628, "lng": 103.70727918346388, "distance": 171, "country": "Singapore", "cc": "SG", "address": "Jurong Point", "labeledLatLngs": [{"lng": 103.70727918346388, "label": "display", "lat": 1.3395564468441628}]}, "verified": false, "price": {"tier": 1, "currency": "$", "message": "Cheap"}}, "referralId": "e-3-52d2368811d2450d0a046237-45"}, {"reasons": {"items": [{"reasonName": "globalInteractionReason", "summary": "This spot is popular", "type": "general"}], "count": 0}, "venue": {"hereNow": {"groups": [], "summary": "Nobody here", "count": 0}, "contact": {"phone": "+6567920583", "formattedPhone": "+65 6792 0583"}, "photos": {"groups": [], "count": 0}, "name": "Shabu Tontei", "allowMenuUrlEdit": true, "beenHere": {"lastCheckinExpiredAt": 0, "count": 0, "marked": false}, "stats": {"checkinsCount": 127, "usersCount": 92, "tipCount": 2}, "id": "5466e893498ecfc74843989a", "categories": [{"pluralName": "Japanese Restaurants", "id": "4bf58dd8d48988d111941735", "primary": true, "icon": {"prefix": "https://ss3.4sqi.net/img/categories_v2/food/japanese_", "suffix": ".png"}, "name": "Japanese Restaurant", "shortName": "Japanese"}], "url": "http://www.tontei.com.sg", "location": {"lng": 103.70658919432219, "formattedAddress": ["B1-52, Jurong Point (1 Jurong West Central 2)", "648886", "Singapore"], "postalCode": "648886", "lat": 1.3392495464538419, "crossStreet": "1 Jurong West Central 2", "distance": 92, "country": "Singapore", "cc": "SG", "address": "B1-52, Jurong Point", "labeledLatLngs": [{"lng": 103.70658919432219, "label": "display", "lat": 1.3392495464538419}]}, "hours": {"isLocalHoliday": false, "isOpen": true, "status": "Open until 10:00 PM"}, "verified": false, "price": {"tier": 2, "currency": "$", "message": "Moderate"}}, "referralId": "e-3-5466e893498ecfc74843989a-46", "tips": [{"id": "563360cd498e4c3cc96ff220", "text": "Terrible service. Our 4yo waited 45min for his food while we asked at least 3 servers numerous times about his food. No one came back to us. By the time his kid's meal arrived, we were all done.", "disagreeCount": 0, "createdAt": 1446207693, "logView": true, "todo": {"count": 0}, "agreeCount": 0, "canonicalUrl": "https://foursquare.com/item/563360cd498e4c3cc96ff220", "type": "user", "user": {"gender": "female", "id": "774016", "photo": {"prefix": "https://igx.4sqi.net/img/user/", "suffix": "/3EOOBR0EUJQ2PUOQ.jpg"}, "firstName": "Ai Ling", "lastName": "Chia"}}]}, {"reasons": {"items": [{"reasonName": "globalInteractionReason", "summary": "This spot is popular", "type": "general"}], "count": 0}, "venue": {"hereNow": {"groups": [], "summary": "Nobody here", "count": 0}, "contact": {"phone": "+6567956714", "formattedPhone": "+65 6795 6714"}, "photos": {"groups": [], "count": 0}, "name": "Green Pumpkin Japanese Bakery", "allowMenuUrlEdit": true, "beenHere": {"lastCheckinExpiredAt": 0, "count": 0, "marked": false}, "stats": {"checkinsCount": 119, "usersCount": 58, "tipCount": 1}, "id": "4e60e5f081dc804fc8d83b9b", "categories": [{"pluralName": "Bakeries", "id": "4bf58dd8d48988d16a941735", "primary": true, "icon": {"prefix": "https://ss3.4sqi.net/img/categories_v2/food/bakery_", "suffix": ".png"}, "name": "Bakery", "shortName": "Bakery"}], "location": {"lng": 103.70694637298584, "formattedAddress": ["#B1-47 Jurong Point (1 Jurong West Central 2)", "648331", "Singapore"], "postalCode": "648331", "lat": 1.339866571419482, "crossStreet": "1 Jurong West Central 2", "country": "Singapore", "distance": 171, "city": "Singapore", "cc": "SG", "address": "#B1-47 Jurong Point", "labeledLatLngs": [{"lng": 103.70694637298584, "label": "display", "lat": 1.339866571419482}]}, "verified": false, "price": {"tier": 1, "currency": "$", "message": "Cheap"}}, "referralId": "e-3-4e60e5f081dc804fc8d83b9b-47", "tips": [{"logView": true, "photo": {"id": "561c9377498e2b429a442d20", "visibility": "public", "source": {"name": "Foursquare for iOS", "url": "https://foursquare.com/download/#/iphone"}, "suffix": "/54001822_up4XmHK6VfS-pFYs4ovlkerRPoMuX7EZcb6DR5pp2Ig.jpg", "createdAt": 1444713335, "prefix": "https://igx.4sqi.net/img/general/", "width": 1920, "height": 1439}, "createdAt": 1444713333, "agreeCount": 0, "id": "561c9375498edc80f0474a7e", "text": "One of my favorite bakery)) nice coffee-to-go\u2764\ufe0f and awesome croissants\ud83d\udc4c\ud83c\udffc", "type": "user", "disagreeCount": 0, "user": {"gender": "female", "id": "54001822", "photo": {"prefix": "https://igx.4sqi.net/img/user/", "suffix": "/54001822-FSFWQQRTAYM2WXCA.jpg"}, "firstName": "Volha", "lastName": "Bryleva"}, "canonicalUrl": "https://foursquare.com/item/561c9375498edc80f0474a7e", "todo": {"count": 0}, "photourl": "https://igx.4sqi.net/img/general/original/54001822_up4XmHK6VfS-pFYs4ovlkerRPoMuX7EZcb6DR5pp2Ig.jpg"}]}, {"reasons": {"items": [{"reasonName": "globalInteractionReason", "summary": "This spot is popular", "type": "general"}], "count": 0}, "venue": {"hereNow": {"groups": [], "summary": "Nobody here", "count": 0}, "contact": {}, "photos": {"groups": [], "count": 0}, "name": "Boon Tat St Seafood @ Jurong Point", "allowMenuUrlEdit": true, "beenHere": {"lastCheckinExpiredAt": 0, "count": 0, "marked": false}, "stats": {"checkinsCount": 33, "usersCount": 26, "tipCount": 0}, "id": "4d72384ad145a1cda628b1f3", "categories": [{"pluralName": "Restaurants", "id": "4bf58dd8d48988d1c4941735", "primary": true, "icon": {"prefix": "https://ss3.4sqi.net/img/categories_v2/food/default_", "suffix": ".png"}, "name": "Restaurant", "shortName": "Restaurant"}], "location": {"formattedAddress": ["301 Boon Lay Way", "649846", "Singapore"], "postalCode": "649846", "lat": 1.338994, "lng": 103.706565, "distance": 70, "country": "Singapore", "cc": "SG", "address": "301 Boon Lay Way", "labeledLatLngs": [{"lng": 103.706565, "label": "display", "lat": 1.338994}]}, "verified": false, "price": {"tier": 2, "currency": "$", "message": "Moderate"}}, "referralId": "e-3-4d72384ad145a1cda628b1f3-48"}, {"reasons": {"items": [{"reasonName": "globalInteractionReason", "summary": "This spot is popular", "type": "general"}], "count": 0}, "venue": {"hereNow": {"groups": [], "summary": "Nobody here", "count": 0}, "contact": {}, "photos": {"groups": [], "count": 0}, "name": "Seoul Garden", "allowMenuUrlEdit": true, "beenHere": {"lastCheckinExpiredAt": 0, "count": 0, "marked": false}, "stats": {"checkinsCount": 496, "usersCount": 383, "tipCount": 0}, "id": "537de3c5498e13026f93bd02", "categories": [{"pluralName": "Korean Restaurants", "id": "4bf58dd8d48988d113941735", "primary": true, "icon": {"prefix": "https://ss3.4sqi.net/img/categories_v2/food/korean_", "suffix": ".png"}, "name": "Korean Restaurant", "shortName": "Korean"}], "location": {"formattedAddress": ["Jurong Point", "Singapore"], "lat": 1.3389744673229487, "lng": 103.70545807231052, "distance": 79, "country": "Singapore", "cc": "SG", "address": "Jurong Point", "labeledLatLngs": [{"lng": 103.70545807231052, "label": "display", "lat": 1.3389744673229487}]}, "hours": {"isLocalHoliday": false, "isOpen": true, "status": "Likely open"}, "verified": false, "price": {"tier": 2, "currency": "$", "message": "Moderate"}}, "referralId": "e-3-537de3c5498e13026f93bd02-49"}], "name": "recommended", "type": "Recommended Places"}], "query": "food", "headerLocation": "Jurong West"}}