{"meta": {"code": 200, "requestId": "595a39759fb6b77b937a2e50"}, "response": {"suggestedFilters": {"filters": [{"name": "Open now", "key": "openNow"}], "header": "Tap to show:"}, "totalResults": 30, "headerFullLocation": "Jurong West, Singapore", "headerLocationGranularity": "neighborhood", "suggestedBounds": {"ne": {"lng": 103.70451003569227, "lat": 1.3447868894047572}, "sw": {"lng": 103.69013299017973, "lat": 1.330386875004743}}, "groups": [{"items": [{"reasons": {"items": [{"reasonName": "globalInteractionReason", "summary": "This spot is popular", "type": "general"}], "count": 0}, "venue": {"hereNow": {"groups": [], "summary": "Nobody here", "count": 0}, "contact": {"phone": "+6567958902", "formattedPhone": "+65 6795 8902"}, "photos": {"groups": [], "count": 0}, "rating": 7.0, "name": "McDonald's", "ratingSignals": 53, "allowMenuUrlEdit": true, "categories": [{"pluralName": "Fast Food Restaurants", "id": "4bf58dd8d48988d16e941735", "primary": true, "icon": {"prefix": "https://ss3.4sqi.net/img/categories_v2/food/fastfood_", "suffix": ".png"}, "name": "Fast Food Restaurant", "shortName": "Fast Food"}], "stats": {"checkinsCount": 12142, "usersCount": 3340, "tipCount": 26}, "id": "4bcb11ef511f95218ab2b0c7", "beenHere": {"lastCheckinExpiredAt": 0, "count": 0, "marked": false}, "url": "http://www.mcdonalds.com.sg", "ratingColor": "C5DE35", "location": {"lng": 103.69676572019405, "formattedAddress": ["#01-01/02, Pioneer Mall (638 Jurong West St 61)", "640638", "Singapore"], "postalCode": "640638", "lat": 1.3416266501496126, "crossStreet": "638 Jurong West St 61", "country": "Singapore", "distance": 453, "city": "Singapore", "cc": "SG", "address": "#01-01/02, Pioneer Mall", "labeledLatLngs": [{"lng": 103.69676572019405, "label": "display", "lat": 1.3416266501496126}]}, "verified": false, "price": {"tier": 1, "currency": "$", "message": "Cheap"}}, "referralId": "e-3-4bcb11ef511f95218ab2b0c7-0", "tips": [{"id": "4e061c65e4cdefcff6d39b94", "text": "Coke float !", "disagreeCount": 0, "logView": true, "createdAt": 1309023333, "likes": {"groups": [], "summary": "1 like", "count": 1}, "todo": {"count": 0}, "agreeCount": 1, "canonicalUrl": "https://foursquare.com/item/4e061c65e4cdefcff6d39b94", "type": "user", "user": {"gender": "male", "id": "6125545", "photo": {"prefix": "https://igx.4sqi.net/img/user/", "suffix": "/KYOPSPPC4X3IHPXL.jpg"}, "firstName": "Calvin", "lastName": "Goh"}}]}, {"reasons": {"items": [{"reasonName": "globalInteractionReason", "summary": "This spot is popular", "type": "general"}], "count": 0}, "venue": {"hereNow": {"groups": [], "summary": "Nobody here", "count": 0}, "contact": {"phone": "+6563970480", "formattedPhone": "+65 6397 0480"}, "photos": {"groups": [], "count": 0}, "rating": 6.4, "name": "Big Eater Seafood \u5927\u98df\u5bb6\u6d77\u9c9c", "ratingSignals": 28, "allowMenuUrlEdit": true, "categories": [{"pluralName": "Seafood Restaurants", "id": "4bf58dd8d48988d1ce941735", "primary": true, "icon": {"prefix": "https://ss3.4sqi.net/img/categories_v2/food/seafood_", "suffix": ".png"}, "name": "Seafood Restaurant", "shortName": "Seafood"}], "stats": {"checkinsCount": 2067, "usersCount": 930, "tipCount": 20}, "id": "4cd4146f607a6dcb46411354", "beenHere": {"lastCheckinExpiredAt": 0, "count": 0, "marked": false}, "ratingColor": "FFC800", "location": {"formattedAddress": ["964 Jurong West St. 91, #01-342", "640964", "Singapore"], "postalCode": "640964", "lat": 1.3423318474018953, "lng": 103.6928354024981, "country": "Singapore", "distance": 726, "city": "Singapore", "cc": "SG", "address": "964 Jurong West St. 91, #01-342", "labeledLatLngs": [{"lng": 103.6928354024981, "label": "display", "lat": 1.3423318474018953}]}, "hours": {"isLocalHoliday": false, "isOpen": true, "status": "Likely open"}, "verified": false, "price": {"tier": 3, "currency": "$", "message": "Expensive"}}, "referralId": "e-3-4cd4146f607a6dcb46411354-1", "tips": [{"id": "4d529b12c305b60c8c019c1e", "text": "3 dish + 2 homemade ice lemon tea = powerpack!", "disagreeCount": 0, "logView": true, "createdAt": 1297259282, "likes": {"groups": [], "summary": "1 like", "count": 1}, "todo": {"count": 0}, "agreeCount": 1, "canonicalUrl": "https://foursquare.com/item/4d529b12c305b60c8c019c1e", "type": "user", "user": {"gender": "male", "id": "4803120", "photo": {"prefix": "https://igx.4sqi.net/img/user/", "suffix": "/4803120-UJVCNDKICYJSNT45"}, "firstName": "Joshua", "lastName": "Ng"}}]}, {"reasons": {"items": [{"reasonName": "globalInteractionReason", "summary": "This spot is popular", "type": "general"}], "count": 0}, "venue": {"contact": {}, "photos": {"groups": [], "count": 0}, "rating": 5.6, "name": "\u91d1\u5473 24 Hours Coffeeshop", "ratingSignals": 66, "allowMenuUrlEdit": true, "categories": [{"pluralName": "Food Courts", "id": "4bf58dd8d48988d120951735", "primary": true, "icon": {"prefix": "https://ss3.4sqi.net/img/categories_v2/shops/food_foodcourt_", "suffix": ".png"}, "name": "Food Court", "shortName": "Food Court"}], "stats": {"checkinsCount": 11611, "usersCount": 2324, "tipCount": 51}, "id": "4c98847f671db60c29c1b9f6", "beenHere": {"lastCheckinExpiredAt": 0, "count": 0, "marked": false}, "ratingColor": "FF9600", "location": {"lng": 103.69723510402409, "formattedAddress": ["63 Jurong West St 63 (Pioneer MRT Station)", "640651", "Singapore"], "postalCode": "640651", "lat": 1.3374278837123026, "crossStreet": "Pioneer MRT Station", "country": "Singapore", "distance": 20, "city": "Singapore", "cc": "SG", "address": "63 Jurong West St 63", "labeledLatLngs": [{"lng": 103.69723510402409, "label": "display", "lat": 1.3374278837123026}]}, "hours": {"isLocalHoliday": false, "isOpen": true, "status": "Likely open"}, "verified": false, "hereNow": {"groups": [], "summary": "Nobody here", "count": 0}}, "referralId": "e-3-4c98847f671db60c29c1b9f6-2", "tips": [{"id": "4cb1443e1168a093e4333223", "text": "The western food is nice here.", "disagreeCount": 0, "logView": true, "createdAt": 1286685758, "likes": {"groups": [], "summary": "4 likes", "count": 4}, "todo": {"count": 1}, "agreeCount": 4, "canonicalUrl": "https://foursquare.com/item/4cb1443e1168a093e4333223", "type": "user", "user": {"gender": "female", "id": "1706612", "photo": {"prefix": "https://igx.4sqi.net/img/user/", "suffix": "/1706612-DE2BGGMWECP2BQR0.jpg"}, "firstName": "Kristin", "lastName": "Cai"}}]}, {"reasons": {"items": [{"reasonName": "globalInteractionReason", "summary": "This spot is popular", "type": "general"}], "count": 0}, "venue": {"hereNow": {"groups": [], "summary": "Nobody here", "count": 0}, "contact": {}, "photos": {"groups": [], "count": 0}, "name": "Jollibean", "allowMenuUrlEdit": true, "beenHere": {"lastCheckinExpiredAt": 0, "count": 0, "marked": false}, "stats": {"checkinsCount": 525, "usersCount": 128, "tipCount": 2}, "id": "4ca3d1685720b1f75a1035ef", "categories": [{"pluralName": "Snack Places", "id": "4bf58dd8d48988d1c7941735", "primary": true, "icon": {"prefix": "https://ss3.4sqi.net/img/categories_v2/food/snacks_", "suffix": ".png"}, "name": "Snack Place", "shortName": "Snacks"}], "location": {"lng": 103.69772145528098, "formattedAddress": ["31 Jurong West St. 63 (Pioneer MRT)", "648310", "Singapore"], "postalCode": "648310", "lat": 1.338338783950949, "crossStreet": "Pioneer MRT", "country": "Singapore", "distance": 94, "city": "Singapore", "cc": "SG", "address": "31 Jurong West St. 63", "labeledLatLngs": [{"lng": 103.69772145528098, "label": "display", "lat": 1.338338783950949}]}, "verified": false, "price": {"tier": 1, "currency": "$", "message": "Cheap"}}, "referralId": "e-3-4ca3d1685720b1f75a1035ef-3", "tips": [{"id": "4da82e5ecda119a2c8f6d851", "text": "The matcha soy latte is real! In other words, bitter.", "disagreeCount": 0, "createdAt": 1302867550, "logView": true, "todo": {"count": 0}, "agreeCount": 0, "canonicalUrl": "https://foursquare.com/item/4da82e5ecda119a2c8f6d851", "type": "user", "user": {"id": "6450898", "photo": {"prefix": "https://igx.4sqi.net/img/user/", "suffix": "/L4EVJLC5WWZJR3NJ.jpg"}, "firstName": "Nia Nymue", "gender": "female"}}]}, {"reasons": {"items": [{"reasonName": "globalInteractionReason", "summary": "This spot is popular", "type": "general"}], "count": 0}, "venue": {"hereNow": {"groups": [], "summary": "Nobody here", "count": 0}, "contact": {}, "photos": {"groups": [], "count": 0}, "name": "Ananas Cafe", "allowMenuUrlEdit": true, "beenHere": {"lastCheckinExpiredAt": 0, "count": 0, "marked": false}, "stats": {"checkinsCount": 601, "usersCount": 76, "tipCount": 1}, "id": "4ccce31654f0b1f7f18719ca", "categories": [{"pluralName": "Breakfast Spots", "id": "4bf58dd8d48988d143941735", "primary": true, "icon": {"prefix": "https://ss3.4sqi.net/img/categories_v2/food/breakfast_", "suffix": ".png"}, "name": "Breakfast Spot", "shortName": "Breakfast"}], "location": {"lng": 103.69767665863037, "formattedAddress": ["#02-05 Pioneer MRT Station (31 Jurong West St 63)", "648310", "Singapore"], "postalCode": "648310", "lat": 1.337549775363733, "crossStreet": "31 Jurong West St 63", "country": "Singapore", "distance": 39, "city": "Singapore", "cc": "SG", "address": "#02-05 Pioneer MRT Station", "labeledLatLngs": [{"lng": 103.69767665863037, "label": "display", "lat": 1.337549775363733}]}, "hours": {"isLocalHoliday": false, "isOpen": true, "status": "Likely open"}, "verified": false, "price": {"tier": 1, "currency": "$", "message": "Cheap"}}, "referralId": "e-3-4ccce31654f0b1f7f18719ca-4", "tips": [{"id": "55f77bf6498e1c8f3a21f469", "text": "All the food is good and halal for muslims to eat..try it first..u never regret.", "disagreeCount": 0, "createdAt": 1442282486, "logView": true, "todo": {"count": 0}, "agreeCount": 0, "canonicalUrl": "https://foursquare.com/item/55f77bf6498e1c8f3a21f469", "type": "user", "user": {"gender": "male", "id": "126838024", "photo": {"prefix": "https://igx.4sqi.net/img/user/", "suffix": "/126838024-B2JM25PE5CYBDE50.jpg"}, "firstName": "Khairil", "lastName": "Aziz"}}]}, {"reasons": {"items": [{"reasonName": "globalInteractionReason", "summary": "This spot is popular", "type": "general"}], "count": 0}, "venue": {"hereNow": {"groups": [], "summary": "Nobody here", "count": 0}, "contact": {}, "photos": {"groups": [], "count": 0}, "name": "Umi Sushi", "allowMenuUrlEdit": true, "beenHere": {"lastCheckinExpiredAt": 0, "count": 0, "marked": false}, "stats": {"checkinsCount": 551, "usersCount": 108, "tipCount": 0}, "id": "4d59d7527e223704cc39b673", "categories": [{"pluralName": "Japanese Restaurants", "id": "4bf58dd8d48988d111941735", "primary": true, "icon": {"prefix": "https://ss3.4sqi.net/img/categories_v2/food/japanese_", "suffix": ".png"}, "name": "Japanese Restaurant", "shortName": "Japanese"}], "location": {"lng": 103.697429895401, "formattedAddress": ["Pioneer MRT Station (31 Jurong West St. 63)", "Singapore"], "lat": 1.337453242147254, "crossStreet": "31 Jurong West St. 63", "country": "Singapore", "distance": 19, "city": "Singapore", "cc": "SG", "address": "Pioneer MRT Station", "labeledLatLngs": [{"lng": 103.697429895401, "label": "display", "lat": 1.337453242147254}]}, "hours": {"isLocalHoliday": false, "isOpen": true, "status": "Likely open"}, "verified": false, "price": {"tier": 2, "currency": "$", "message": "Moderate"}}, "referralId": "e-3-4d59d7527e223704cc39b673-5"}, {"reasons": {"items": [{"reasonName": "globalInteractionReason", "summary": "This spot is popular", "type": "general"}], "count": 0}, "venue": {"hereNow": {"groups": [], "summary": "Nobody here", "count": 0}, "contact": {}, "photos": {"groups": [], "count": 0}, "name": "Dumplings Galore", "allowMenuUrlEdit": true, "beenHere": {"lastCheckinExpiredAt": 0, "count": 0, "marked": false}, "stats": {"checkinsCount": 250, "usersCount": 16, "tipCount": 0}, "id": "4ce86a37baa6a1cd27eb2d6c", "categories": [{"pluralName": "Dumpling Restaurants", "id": "4bf58dd8d48988d108941735", "primary": true, "icon": {"prefix": "https://ss3.4sqi.net/img/categories_v2/food/dumplings_", "suffix": ".png"}, "name": "Dumpling Restaurant", "shortName": "Dumplings"}], "location": {"formattedAddress": ["Singapore"], "lat": 1.3361976169579253, "lng": 103.69834919034426, "distance": 192, "country": "Singapore", "cc": "SG", "labeledLatLngs": [{"lng": 103.69834919034426, "label": "display", "lat": 1.3361976169579253}]}, "verified": false, "price": {"tier": 1, "currency": "$", "message": "Cheap"}}, "referralId": "e-3-4ce86a37baa6a1cd27eb2d6c-6"}, {"reasons": {"items": [{"reasonName": "globalInteractionReason", "summary": "This spot is popular", "type": "general"}], "count": 0}, "venue": {"hereNow": {"groups": [], "summary": "Nobody here", "count": 0}, "contact": {}, "photos": {"groups": [], "count": 0}, "name": "Kimly Seafood Jurong West St 63", "allowMenuUrlEdit": true, "beenHere": {"lastCheckinExpiredAt": 0, "count": 0, "marked": false}, "stats": {"checkinsCount": 53, "usersCount": 33, "tipCount": 1}, "id": "4d1dc072b69c6dcb92165695", "categories": [{"pluralName": "Asian Restaurants", "id": "4bf58dd8d48988d142941735", "primary": true, "icon": {"prefix": "https://ss3.4sqi.net/img/categories_v2/food/asian_", "suffix": ".png"}, "name": "Asian Restaurant", "shortName": "Asian"}], "location": {"formattedAddress": ["Singapore"], "lat": 1.337361, "lng": 103.69734, "distance": 25, "country": "Singapore", "cc": "SG", "labeledLatLngs": [{"lng": 103.69734, "label": "display", "lat": 1.337361}]}, "verified": false, "price": {"tier": 2, "currency": "$", "message": "Moderate"}}, "referralId": "e-3-4d1dc072b69c6dcb92165695-7", "tips": [{"id": "4d8cc3a73bfef04d88c17086", "text": "Bad bad bad.. Bad attitude. Bad service. Bad food.", "disagreeCount": 0, "createdAt": 1301070759, "logView": true, "todo": {"count": 0}, "agreeCount": 0, "canonicalUrl": "https://foursquare.com/item/4d8cc3a73bfef04d88c17086", "type": "user", "user": {"gender": "female", "id": "1398787", "photo": {"prefix": "https://igx.4sqi.net/img/user/", "suffix": "/1398787-XIJ0FP1QUJJMF0FI.jpg"}, "firstName": "Qiuting", "lastName": "Lim"}}]}, {"reasons": {"items": [{"reasonName": "globalInteractionReason", "summary": "This spot is popular", "type": "general"}], "count": 0}, "venue": {"hereNow": {"groups": [], "summary": "Nobody here", "count": 0}, "contact": {}, "photos": {"groups": [], "count": 0}, "name": "Umisushi", "allowMenuUrlEdit": true, "beenHere": {"lastCheckinExpiredAt": 0, "count": 0, "marked": false}, "stats": {"checkinsCount": 47, "usersCount": 24, "tipCount": 0}, "id": "4eacc702b6343396877d5403", "categories": [{"pluralName": "Sushi Restaurants", "id": "4bf58dd8d48988d1d2941735", "primary": true, "icon": {"prefix": "https://ss3.4sqi.net/img/categories_v2/food/sushi_", "suffix": ".png"}, "name": "Sushi Restaurant", "shortName": "Sushi"}], "location": {"formattedAddress": ["Pioneer MRT Station, 31 Jurong West Street 63", "648310", "Singapore"], "postalCode": "648310", "lat": 1.3375410723152368, "lng": 103.69724075926106, "distance": 10, "country": "Singapore", "cc": "SG", "address": "Pioneer MRT Station, 31 Jurong West Street 63", "labeledLatLngs": [{"lng": 103.69724075926106, "label": "display", "lat": 1.3375410723152368}]}, "verified": false, "price": {"tier": 2, "currency": "$", "message": "Moderate"}}, "referralId": "e-3-4eacc702b6343396877d5403-8"}, {"reasons": {"items": [{"reasonName": "globalInteractionReason", "summary": "This spot is popular", "type": "general"}], "count": 0}, "venue": {"id": "4df2432088772e1f814eef8a", "hereNow": {"groups": [], "summary": "Nobody here", "count": 0}, "contact": {}, "beenHere": {"lastCheckinExpiredAt": 0, "count": 0, "marked": false}, "photos": {"groups": [], "count": 0}, "name": "Western Food Stall", "location": {"formattedAddress": ["Jurong west st 61 24hr coffee shop", "Singapore"], "lat": 1.3373211071063356, "lng": 103.69763662644543, "country": "Singapore", "distance": 45, "city": "Singapore", "cc": "SG", "address": "Jurong west st 61 24hr coffee shop", "labeledLatLngs": [{"lng": 103.69763662644543, "label": "display", "lat": 1.3373211071063356}]}, "allowMenuUrlEdit": true, "verified": false, "categories": [{"pluralName": "Food Courts", "id": "4bf58dd8d48988d120951735", "primary": true, "icon": {"prefix": "https://ss3.4sqi.net/img/categories_v2/shops/food_foodcourt_", "suffix": ".png"}, "name": "Food Court", "shortName": "Food Court"}], "stats": {"checkinsCount": 92, "usersCount": 11, "tipCount": 0}}, "referralId": "e-3-4df2432088772e1f814eef8a-9"}, {"reasons": {"items": [{"reasonName": "globalInteractionReason", "summary": "This spot is popular", "type": "general"}], "count": 0}, "venue": {"hereNow": {"groups": [], "summary": "Nobody here", "count": 0}, "contact": {}, "photos": {"groups": [], "count": 0}, "name": "nature Enterprise", "allowMenuUrlEdit": true, "beenHere": {"lastCheckinExpiredAt": 0, "count": 0, "marked": false}, "stats": {"checkinsCount": 73, "usersCount": 23, "tipCount": 0}, "id": "4f19159ae4b0bb77e610e7cc", "categories": [{"pluralName": "Bakeries", "id": "4bf58dd8d48988d16a941735", "primary": true, "icon": {"prefix": "https://ss3.4sqi.net/img/categories_v2/food/bakery_", "suffix": ".png"}, "name": "Bakery", "shortName": "Bakery"}], "location": {"formattedAddress": ["651 Jurong West Street 61", "640651", "Singapore"], "postalCode": "640651", "lat": 1.3373508799593627, "lng": 103.69700323951561, "country": "Singapore", "distance": 44, "city": "Singapore", "cc": "SG", "address": "651 Jurong West Street 61", "labeledLatLngs": [{"lng": 103.69700323951561, "label": "display", "lat": 1.3373508799593627}]}, "verified": false, "price": {"tier": 1, "currency": "$", "message": "Cheap"}}, "referralId": "e-3-4f19159ae4b0bb77e610e7cc-10"}, {"reasons": {"items": [{"reasonName": "globalInteractionReason", "summary": "This spot is popular", "type": "general"}], "count": 0}, "venue": {"hereNow": {"groups": [], "summary": "Nobody here", "count": 0}, "contact": {}, "photos": {"groups": [], "count": 0}, "name": "Cake History", "allowMenuUrlEdit": true, "beenHere": {"lastCheckinExpiredAt": 0, "count": 0, "marked": false}, "stats": {"checkinsCount": 560, "usersCount": 103, "tipCount": 2}, "id": "4ca06d980313370499727ad5", "categories": [{"pluralName": "Bakeries", "id": "4bf58dd8d48988d16a941735", "primary": true, "icon": {"prefix": "https://ss3.4sqi.net/img/categories_v2/food/bakery_", "suffix": ".png"}, "name": "Bakery", "shortName": "Bakery"}], "location": {"formattedAddress": ["31 Jurong West St 63 Pioneer MRT", "648310", "Singapore"], "postalCode": "648310", "lat": 1.3376502833711261, "lng": 103.69764228169946, "country": "Singapore", "distance": 36, "city": "Pioneer", "cc": "SG", "address": "31 Jurong West St 63 Pioneer MRT", "labeledLatLngs": [{"lng": 103.69764228169946, "label": "display", "lat": 1.3376502833711261}]}, "hours": {"isLocalHoliday": false, "isOpen": false}, "verified": false, "price": {"tier": 1, "currency": "$", "message": "Cheap"}}, "referralId": "e-3-4ca06d980313370499727ad5-11", "tips": [{"id": "4cd49322fb595481d625d950", "text": "The blueberry cheese tart is yummy...! I'm so addicted to it...", "disagreeCount": 0, "logView": true, "createdAt": 1288999714, "likes": {"groups": [], "summary": "1 like", "count": 1}, "todo": {"count": 2}, "agreeCount": 1, "canonicalUrl": "https://foursquare.com/item/4cd49322fb595481d625d950", "type": "user", "user": {"gender": "female", "id": "4395286", "photo": {"prefix": "https://igx.4sqi.net/img/user/", "suffix": "/1CMLWJGXX1QTLJYE.jpg"}, "firstName": "\ue52e", "lastName": "\ue52e"}}]}, {"reasons": {"items": [{"reasonName": "globalInteractionReason", "summary": "This spot is popular", "type": "general"}], "count": 0}, "venue": {"hereNow": {"groups": [], "summary": "Nobody here", "count": 0}, "contact": {}, "photos": {"groups": [], "count": 0}, "name": "Coffee Addiction", "allowMenuUrlEdit": true, "beenHere": {"lastCheckinExpiredAt": 0, "count": 0, "marked": false}, "stats": {"checkinsCount": 118, "usersCount": 15, "tipCount": 1}, "id": "4d510d24e02754813c94a6b6", "categories": [{"pluralName": "Caf\u00e9s", "id": "4bf58dd8d48988d16d941735", "primary": true, "icon": {"prefix": "https://ss3.4sqi.net/img/categories_v2/food/cafe_", "suffix": ".png"}, "name": "Caf\u00e9", "shortName": "Caf\u00e9"}], "location": {"formattedAddress": ["Blk 625 Jurong West Street 61", "640625", "Singapore"], "postalCode": "640625", "lat": 1.341519, "lng": 103.69846, "distance": 455, "country": "Singapore", "cc": "SG", "address": "Blk 625 Jurong West Street 61", "labeledLatLngs": [{"lng": 103.69846, "label": "display", "lat": 1.341519}]}, "verified": false, "price": {"tier": 1, "currency": "$", "message": "Cheap"}}, "referralId": "e-3-4d510d24e02754813c94a6b6-12", "tips": [{"id": "4ede516693ad464d2d173c6f", "text": "This is my cozy corner of my house. :p", "disagreeCount": 0, "createdAt": 1323192678, "logView": true, "todo": {"count": 0}, "agreeCount": 0, "canonicalUrl": "https://foursquare.com/item/4ede516693ad464d2d173c6f", "type": "user", "user": {"gender": "female", "id": "1350216", "photo": {"prefix": "https://igx.4sqi.net/img/user/", "suffix": "/5FMGE1P0NPNXZNOT.jpg"}, "firstName": "Daphne", "lastName": "Lee"}}]}, {"reasons": {"items": [{"reasonName": "globalInteractionReason", "summary": "This spot is popular", "type": "general"}], "count": 0}, "venue": {"hereNow": {"groups": [], "summary": "Nobody here", "count": 0}, "contact": {}, "photos": {"groups": [], "count": 0}, "name": "Juz Bread @ Pioneer Mall", "allowMenuUrlEdit": true, "beenHere": {"lastCheckinExpiredAt": 0, "count": 0, "marked": false}, "stats": {"checkinsCount": 165, "usersCount": 49, "tipCount": 2}, "id": "4cf449be6c29236adc7775a2", "categories": [{"pluralName": "Bakeries", "id": "4bf58dd8d48988d16a941735", "primary": true, "icon": {"prefix": "https://ss3.4sqi.net/img/categories_v2/food/bakery_", "suffix": ".png"}, "name": "Bakery", "shortName": "Bakery"}], "location": {"lng": 103.69644337322138, "formattedAddress": ["638/638A Jurong West Street 61 (#01-08)", "Singapore"], "lat": 1.341753742363355, "crossStreet": "#01-08", "country": "Singapore", "distance": 474, "city": "Singapore", "cc": "SG", "address": "638/638A Jurong West Street 61", "labeledLatLngs": [{"lng": 103.69644337322138, "label": "display", "lat": 1.341753742363355}]}, "verified": false, "price": {"tier": 1, "currency": "$", "message": "Cheap"}}, "referralId": "e-3-4cf449be6c29236adc7775a2-13", "tips": [{"id": "4ee83b9e9a52792fdc50bea2", "text": "Bubble tea!", "disagreeCount": 0, "createdAt": 1323842462, "logView": true, "todo": {"count": 0}, "agreeCount": 0, "canonicalUrl": "https://foursquare.com/item/4ee83b9e9a52792fdc50bea2", "type": "user", "user": {"gender": "male", "id": "11933085", "photo": {"prefix": "https://igx.4sqi.net/img/user/", "suffix": "/HZNXYMVW131Z2HIX.jpg"}, "firstName": "karthik", "lastName": "dolphin"}}]}, {"reasons": {"items": [{"reasonName": "globalInteractionReason", "summary": "This spot is popular", "type": "general"}], "count": 0}, "venue": {"hereNow": {"groups": [], "summary": "Nobody here", "count": 0}, "contact": {}, "photos": {"groups": [], "count": 0}, "name": "McCafe", "allowMenuUrlEdit": true, "beenHere": {"lastCheckinExpiredAt": 0, "count": 0, "marked": false}, "stats": {"checkinsCount": 266, "usersCount": 28, "tipCount": 2}, "id": "4e2d6aae45dd3272c826bd91", "categories": [{"pluralName": "Caf\u00e9s", "id": "4bf58dd8d48988d16d941735", "primary": true, "icon": {"prefix": "https://ss3.4sqi.net/img/categories_v2/food/cafe_", "suffix": ".png"}, "name": "Caf\u00e9", "shortName": "Caf\u00e9"}], "location": {"formattedAddress": ["703 Jurong West St. 71", "640703", "Singapore"], "postalCode": "640703", "lat": 1.3417254794569031, "lng": 103.69565730229854, "country": "Singapore", "distance": 496, "city": "Singapore", "cc": "SG", "address": "703 Jurong West St. 71", "labeledLatLngs": [{"lng": 103.69565730229854, "label": "display", "lat": 1.3417254794569031}]}, "hours": {"isLocalHoliday": false, "isOpen": false}, "verified": false, "price": {"tier": 1, "currency": "$", "message": "Cheap"}}, "referralId": "e-3-4e2d6aae45dd3272c826bd91-14", "tips": [{"id": "4f522b9ee4b0c416040c1f91", "text": "Double chocolate frappe is not that delighting.... But can give a try.", "disagreeCount": 0, "createdAt": 1330785182, "logView": true, "todo": {"count": 0}, "agreeCount": 0, "canonicalUrl": "https://foursquare.com/item/4f522b9ee4b0c416040c1f91", "type": "user", "user": {"gender": "male", "id": "13877359", "photo": {"prefix": "https://igx.4sqi.net/img/user/", "suffix": "/RZRO0BXMPQMUK2RL.jpg"}, "firstName": "Venkatramani", "lastName": "Radhakrishnan"}}]}, {"reasons": {"items": [{"reasonName": "globalInteractionReason", "summary": "This spot is popular", "type": "general"}], "count": 0}, "venue": {"hereNow": {"groups": [], "summary": "Nobody here", "count": 0}, "contact": {}, "photos": {"groups": [], "count": 0}, "name": "Li Li Cheng", "allowMenuUrlEdit": true, "beenHere": {"lastCheckinExpiredAt": 0, "count": 0, "marked": false}, "stats": {"checkinsCount": 276, "usersCount": 11, "tipCount": 0}, "id": "5020e521e4b0cffa2ae09936", "categories": [{"pluralName": "Snack Places", "id": "4bf58dd8d48988d1c7941735", "primary": true, "icon": {"prefix": "https://ss3.4sqi.net/img/categories_v2/food/snacks_", "suffix": ".png"}, "name": "Snack Place", "shortName": "Snacks"}], "location": {"formattedAddress": ["Blk 977 Jurong West", "Singapore"], "lat": 1.3417681392013747, "lng": 103.69557812994502, "distance": 504, "country": "Singapore", "cc": "SG", "address": "Blk 977 Jurong West", "labeledLatLngs": [{"lng": 103.69557812994502, "label": "display", "lat": 1.3417681392013747}]}, "hours": {"isLocalHoliday": false, "isOpen": false}, "verified": false, "price": {"tier": 1, "currency": "$", "message": "Cheap"}}, "referralId": "e-3-5020e521e4b0cffa2ae09936-15"}, {"reasons": {"items": [{"reasonName": "globalInteractionReason", "summary": "This spot is popular", "type": "general"}], "count": 0}, "venue": {"hereNow": {"groups": [], "summary": "Nobody here", "count": 0}, "contact": {}, "photos": {"groups": [], "count": 0}, "name": "Caltex Jurong West (old Chang Kee)", "allowMenuUrlEdit": true, "beenHere": {"lastCheckinExpiredAt": 0, "count": 0, "marked": false}, "stats": {"checkinsCount": 125, "usersCount": 33, "tipCount": 0}, "id": "4d05ece226adb1f7c721da70", "categories": [{"pluralName": "Asian Restaurants", "id": "4bf58dd8d48988d142941735", "primary": true, "icon": {"prefix": "https://ss3.4sqi.net/img/categories_v2/food/asian_", "suffix": ".png"}, "name": "Asian Restaurant", "shortName": "Asian"}], "location": {"formattedAddress": ["Singapore"], "lat": 1.338610953405001, "lng": 103.69288064290454, "distance": 507, "country": "Singapore", "cc": "SG", "labeledLatLngs": [{"lng": 103.69288064290454, "label": "display", "lat": 1.338610953405001}]}, "verified": false, "price": {"tier": 2, "currency": "$", "message": "Moderate"}}, "referralId": "e-3-4d05ece226adb1f7c721da70-16"}, {"reasons": {"items": [{"reasonName": "globalInteractionReason", "summary": "This spot is popular", "type": "general"}], "count": 0}, "venue": {"id": "4dcb0c4bd22d7ffe9d25837a", "hereNow": {"groups": [], "summary": "Nobody here", "count": 0}, "contact": {}, "beenHere": {"lastCheckinExpiredAt": 0, "count": 0, "marked": false}, "photos": {"groups": [], "count": 0}, "name": "Soon Lee \ue34c\ue341\ue33f\ue043Canteen", "location": {"formattedAddress": ["Singapore"], "lat": 1.3325821138515879, "lng": 103.6989656177466, "country": "Singapore", "distance": 586, "city": "Singapore", "cc": "SG", "labeledLatLngs": [{"lng": 103.6989656177466, "label": "display", "lat": 1.3325821138515879}]}, "allowMenuUrlEdit": true, "verified": false, "categories": [{"pluralName": "Food", "id": "4d4b7105d754a06374d81259", "primary": true, "icon": {"prefix": "https://ss3.4sqi.net/img/categories_v2/food/default_", "suffix": ".png"}, "name": "Food", "shortName": "Food"}], "stats": {"checkinsCount": 150, "usersCount": 40, "tipCount": 3}}, "referralId": "e-3-4dcb0c4bd22d7ffe9d25837a-17", "tips": [{"id": "4f670e80e4b0bca4648b380b", "text": "Malay food very nice", "disagreeCount": 0, "logView": true, "createdAt": 1332153984, "likes": {"groups": [], "summary": "1 like", "count": 1}, "todo": {"count": 0}, "agreeCount": 1, "canonicalUrl": "https://foursquare.com/item/4f670e80e4b0bca4648b380b", "type": "user", "user": {"gender": "male", "id": "19561320", "photo": {"prefix": "https://igx.4sqi.net/img/user/", "suffix": "/CKSX1PELYPFMXC55.jpg"}, "firstName": "karthi", "lastName": "Sri"}}]}, {"reasons": {"items": [{"reasonName": "globalInteractionReason", "summary": "This spot is popular", "type": "general"}], "count": 0}, "venue": {"contact": {}, "photos": {"groups": [], "count": 0}, "venueRatingBlacklisted": true, "name": "Food Plus Food Court \u842c\u798f\u98df\u95a3", "id": "4b904e39f964a520f48233e3", "beenHere": {"lastCheckinExpiredAt": 0, "count": 0, "marked": false}, "stats": {"checkinsCount": 974, "usersCount": 316, "tipCount": 16}, "allowMenuUrlEdit": true, "categories": [{"pluralName": "Cafeterias", "id": "4bf58dd8d48988d128941735", "primary": true, "icon": {"prefix": "https://ss3.4sqi.net/img/categories_v2/education/cafeteria_", "suffix": ".png"}, "name": "Cafeteria", "shortName": "Cafeteria"}], "location": {"formattedAddress": ["Soon Lee", "Singapore"], "lat": 1.33251491, "lng": 103.698894, "distance": 591, "country": "Singapore", "cc": "SG", "address": "Soon Lee", "labeledLatLngs": [{"lng": 103.698894, "label": "display", "lat": 1.33251491}]}, "hours": {"isLocalHoliday": false, "isOpen": false}, "verified": false, "hereNow": {"groups": [], "summary": "Nobody here", "count": 0}}, "referralId": "e-3-4b904e39f964a520f48233e3-18", "tips": [{"id": "4c07257170c603bb4a329eb4", "text": "Nice fish soup!!!", "disagreeCount": 0, "logView": true, "createdAt": 1275536753, "likes": {"groups": [], "summary": "2 likes", "count": 2}, "todo": {"count": 1}, "agreeCount": 0, "canonicalUrl": "https://foursquare.com/item/4c07257170c603bb4a329eb4", "type": "user", "user": {"id": "1490789", "photo": {"prefix": "https://igx.4sqi.net/img/user/", "suffix": "/M3SL1TQWJWGGRYAV.jpg"}, "firstName": "Florance", "gender": "female"}}]}, {"reasons": {"items": [{"reasonName": "globalInteractionReason", "summary": "This spot is popular", "type": "general"}], "count": 0}, "venue": {"hereNow": {"groups": [], "summary": "Nobody here", "count": 0}, "contact": {}, "photos": {"groups": [], "count": 0}, "name": "Great Eater Restaurant", "allowMenuUrlEdit": true, "beenHere": {"lastCheckinExpiredAt": 0, "count": 0, "marked": false}, "stats": {"checkinsCount": 48, "usersCount": 15, "tipCount": 2}, "id": "4c9f1245d3c2b60c756fd1bc", "categories": [{"pluralName": "Chinese Restaurants", "id": "4bf58dd8d48988d145941735", "primary": true, "icon": {"prefix": "https://ss3.4sqi.net/img/categories_v2/food/asian_", "suffix": ".png"}, "name": "Chinese Restaurant", "shortName": "Chinese"}], "location": {"formattedAddress": ["Singapore"], "lat": 1.3422029963495699, "lng": 103.69426048269176, "country": "Singapore", "distance": 616, "city": "Singapore", "cc": "SG", "labeledLatLngs": [{"lng": 103.69426048269176, "label": "display", "lat": 1.3422029963495699}]}, "verified": false, "price": {"tier": 1, "currency": "$", "message": "Cheap"}}, "referralId": "e-3-4c9f1245d3c2b60c756fd1bc-19", "tips": [{"id": "4ff81742e4b0208918dbc66b", "text": "Sambal chicken fried rice is nice!!", "disagreeCount": 0, "createdAt": 1341658946, "logView": true, "todo": {"count": 0}, "agreeCount": 0, "canonicalUrl": "https://foursquare.com/item/4ff81742e4b0208918dbc66b", "type": "user", "user": {"gender": "male", "id": "601416", "photo": {"prefix": "https://igx.4sqi.net/img/user/", "suffix": "/ZFF4T5430RQTYY3K.jpg"}, "firstName": "Jaghan", "lastName": "Suppayah"}}]}, {"reasons": {"items": [{"reasonName": "globalInteractionReason", "summary": "This spot is popular", "type": "general"}], "count": 0}, "venue": {"hereNow": {"groups": [], "summary": "Nobody here", "count": 0}, "contact": {}, "photos": {"groups": [], "count": 0}, "name": "Gui Lin Fried Beehoon Mee & Nasi Lemak", "allowMenuUrlEdit": true, "beenHere": {"lastCheckinExpiredAt": 0, "count": 0, "marked": false}, "stats": {"checkinsCount": 98, "usersCount": 18, "tipCount": 1}, "id": "4cadaeb48c48a0936ba56d2c", "categories": [{"pluralName": "Chinese Restaurants", "id": "4bf58dd8d48988d145941735", "primary": true, "icon": {"prefix": "https://ss3.4sqi.net/img/categories_v2/food/asian_", "suffix": ".png"}, "name": "Chinese Restaurant", "shortName": "Chinese"}], "location": {"formattedAddress": ["Blk 964 Jurong West ST 93", "640964", "Singapore"], "postalCode": "640964", "lat": 1.3420723391334701, "lng": 103.69329911739344, "country": "Singapore", "distance": 670, "city": "Singapore", "cc": "SG", "address": "Blk 964 Jurong West ST 93", "labeledLatLngs": [{"lng": 103.69329911739344, "label": "display", "lat": 1.3420723391334701}]}, "verified": false, "price": {"tier": 1, "currency": "$", "message": "Cheap"}}, "referralId": "e-3-4cadaeb48c48a0936ba56d2c-20", "tips": [{"id": "4cb26852562d224b95b42688", "text": "My fav nasi lemak... Chicken wings and the ikan bilis chili MUST TRY!!", "disagreeCount": 0, "logView": true, "createdAt": 1286760530, "likes": {"groups": [], "summary": "2 likes", "count": 2}, "todo": {"count": 0}, "agreeCount": 0, "canonicalUrl": "https://foursquare.com/item/4cb26852562d224b95b42688", "type": "user", "user": {"gender": "male", "id": "3235968", "photo": {"prefix": "https://igx.4sqi.net/img/user/", "suffix": "/Q0KYHR42PFKTBWWI.jpg"}, "firstName": "Derrick", "lastName": "Ang"}}]}, {"reasons": {"items": [{"reasonName": "globalInteractionReason", "summary": "This spot is popular", "type": "general"}], "count": 0}, "venue": {"hereNow": {"groups": [], "summary": "Nobody here", "count": 0}, "contact": {}, "photos": {"groups": [], "count": 0}, "name": "Chester Nom Nom", "allowMenuUrlEdit": true, "beenHere": {"lastCheckinExpiredAt": 0, "count": 0, "marked": false}, "stats": {"checkinsCount": 45, "usersCount": 24, "tipCount": 0}, "id": "4caf070ac5e6a1cd5029c9f6", "categories": [{"pluralName": "American Restaurants", "id": "4bf58dd8d48988d14e941735", "primary": true, "icon": {"prefix": "https://ss3.4sqi.net/img/categories_v2/food/default_", "suffix": ".png"}, "name": "American Restaurant", "shortName": "American"}], "location": {"formattedAddress": ["Pioneer Rd N", "Singapore"], "lat": 1.342087, "lng": 103.693025, "country": "Singapore", "distance": 692, "city": "Singapore", "cc": "SG", "address": "Pioneer Rd N", "labeledLatLngs": [{"lng": 103.693025, "label": "display", "lat": 1.342087}]}, "verified": false, "price": {"tier": 2, "currency": "$", "message": "Moderate"}}, "referralId": "e-3-4caf070ac5e6a1cd5029c9f6-21"}, {"reasons": {"items": [{"reasonName": "globalInteractionReason", "summary": "This spot is popular", "type": "general"}], "count": 0}, "venue": {"hereNow": {"groups": [], "summary": "Nobody here", "count": 0}, "contact": {"twitter": "kfc_sg", "phone": "+6563970126", "formattedPhone": "+65 6397 0126"}, "photos": {"groups": [], "count": 0}, "rating": 5.6, "name": "KFC", "ratingSignals": 13, "allowMenuUrlEdit": true, "categories": [{"pluralName": "Fried Chicken Joints", "id": "4d4ae6fc7a7b7dea34424761", "primary": true, "icon": {"prefix": "https://ss3.4sqi.net/img/categories_v2/food/friedchicken_", "suffix": ".png"}, "name": "Fried Chicken Joint", "shortName": "Fried Chicken"}], "stats": {"checkinsCount": 1269, "usersCount": 657, "tipCount": 5}, "id": "4c0f17ba2466a59304377a21", "beenHere": {"lastCheckinExpiredAt": 0, "count": 0, "marked": false}, "ratingColor": "FF9600", "location": {"lng": 103.69268238544464, "formattedAddress": ["60 Jurong West St 91 (Nanyang CC)", "649040", "Singapore"], "postalCode": "649040", "lat": 1.3423630239758972, "crossStreet": "Nanyang CC", "country": "Singapore", "distance": 741, "city": "Singapore", "cc": "SG", "address": "60 Jurong West St 91", "labeledLatLngs": [{"lng": 103.69268238544464, "label": "display", "lat": 1.3423630239758972}]}, "hours": {"isLocalHoliday": false, "isOpen": true, "status": "Likely open"}, "verified": false, "price": {"tier": 1, "currency": "$", "message": "Cheap"}}, "referralId": "e-3-4c0f17ba2466a59304377a21-22", "tips": [{"id": "4c0f181a98102d7fcdd1e406", "text": "Employer of the Deaf", "disagreeCount": 0, "logView": true, "createdAt": 1276057626, "likes": {"groups": [], "summary": "1 like", "count": 1}, "todo": {"count": 0}, "agreeCount": 1, "canonicalUrl": "https://foursquare.com/item/4c0f181a98102d7fcdd1e406", "type": "user", "user": {"gender": "male", "id": "1565877", "photo": {"prefix": "https://igx.4sqi.net/img/user/", "suffix": "/3AWMW0BBBFEOURDN.jpg"}, "firstName": "Devin", "lastName": "Wong"}}]}, {"reasons": {"items": [{"reasonName": "globalInteractionReason", "summary": "This spot is popular", "type": "general"}], "count": 0}, "venue": {"hereNow": {"groups": [], "summary": "Nobody here", "count": 0}, "contact": {}, "photos": {"groups": [], "count": 0}, "name": "Bengawan Solo @ Pioneer Mall", "allowMenuUrlEdit": true, "beenHere": {"lastCheckinExpiredAt": 0, "count": 0, "marked": false}, "stats": {"checkinsCount": 362, "usersCount": 76, "tipCount": 2}, "id": "4cd3ebd008f48cfa5c0ba385", "categories": [{"pluralName": "Bakeries", "id": "4bf58dd8d48988d16a941735", "primary": true, "icon": {"prefix": "https://ss3.4sqi.net/img/categories_v2/food/bakery_", "suffix": ".png"}, "name": "Bakery", "shortName": "Bakery"}], "location": {"formattedAddress": ["638 jurong west st 61", "640638", "Singapore"], "postalCode": "640638", "lat": 1.3440014419474064, "lng": 103.6971785516677, "country": "Singapore", "distance": 714, "city": "Singapore", "cc": "SG", "address": "638 jurong west st 61", "labeledLatLngs": [{"lng": 103.6971785516677, "label": "display", "lat": 1.3440014419474064}]}, "verified": false, "price": {"tier": 1, "currency": "$", "message": "Cheap"}}, "referralId": "e-3-4cd3ebd008f48cfa5c0ba385-23", "tips": [{"id": "4e23bb1d45dd950bb03caadb", "text": "I juz addicted to the Getuk Ubi lately~ yum yum", "disagreeCount": 0, "createdAt": 1310964509, "logView": true, "todo": {"count": 0}, "agreeCount": 0, "canonicalUrl": "https://foursquare.com/item/4e23bb1d45dd950bb03caadb", "type": "user", "user": {"gender": "female", "id": "11176542", "photo": {"prefix": "https://igx.4sqi.net/img/user/", "suffix": "/11176542-5A2QSD3RKKK44430.jpg"}, "firstName": "Candice", "lastName": "Lim"}}]}, {"reasons": {"items": [{"reasonName": "globalInteractionReason", "summary": "This spot is popular", "type": "general"}], "count": 0}, "venue": {"hereNow": {"groups": [], "summary": "Nobody here", "count": 0}, "contact": {}, "photos": {"groups": [], "count": 0}, "name": "Cake History", "allowMenuUrlEdit": true, "beenHere": {"lastCheckinExpiredAt": 0, "count": 0, "marked": false}, "stats": {"checkinsCount": 401, "usersCount": 76, "tipCount": 3}, "id": "4cc777b7d77af04dce17a999", "categories": [{"pluralName": "Bakeries", "id": "4bf58dd8d48988d16a941735", "primary": true, "icon": {"prefix": "https://ss3.4sqi.net/img/categories_v2/food/bakery_", "suffix": ".png"}, "name": "Bakery", "shortName": "Bakery"}], "location": {"formattedAddress": ["#01-26 Boon Lay MRT Station", "Singapore"], "lat": 1.3406612411002665, "lng": 103.70305446991964, "distance": 724, "country": "Singapore", "cc": "SG", "address": "#01-26 Boon Lay MRT Station", "labeledLatLngs": [{"lng": 103.70305446991964, "label": "display", "lat": 1.3406612411002665}]}, "hours": {"isLocalHoliday": false, "isOpen": true, "status": "Likely open"}, "verified": false, "price": {"tier": 1, "currency": "$", "message": "Cheap"}}, "referralId": "e-3-4cc777b7d77af04dce17a999-24", "tips": [{"id": "4e71d6e9d22dbd626165d08e", "text": "1 dollar bread FTW! Hahhh!", "disagreeCount": 0, "createdAt": 1316083433, "logView": true, "todo": {"count": 0}, "agreeCount": 0, "canonicalUrl": "https://foursquare.com/item/4e71d6e9d22dbd626165d08e", "type": "user", "user": {"gender": "female", "id": "11082266", "photo": {"prefix": "https://igx.4sqi.net/img/user/", "suffix": "/EYHRWJFVHRDG5XWU.jpg"}, "firstName": "Constance", "lastName": "Goh Pan Hui"}}]}, {"reasons": {"items": [{"reasonName": "globalInteractionReason", "summary": "This spot is popular", "type": "general"}], "count": 0}, "venue": {"hereNow": {"groups": [], "summary": "Nobody here", "count": 0}, "contact": {"phone": "+6567954861", "formattedPhone": "+65 6795 4861"}, "photos": {"groups": [], "count": 0}, "name": "Prima D\u00e9li", "allowMenuUrlEdit": true, "beenHere": {"lastCheckinExpiredAt": 0, "count": 0, "marked": false}, "stats": {"checkinsCount": 341, "usersCount": 70, "tipCount": 0}, "id": "4cb7e887035d236a212fc94e", "categories": [{"pluralName": "Bakeries", "id": "4bf58dd8d48988d16a941735", "primary": true, "icon": {"prefix": "https://ss3.4sqi.net/img/categories_v2/food/bakery_", "suffix": ".png"}, "name": "Bakery", "shortName": "Bakery"}], "url": "http://www.primadeli.com", "location": {"formattedAddress": ["Jurong West Street 91 Block 964 #01-336", "640964", "Singapore"], "postalCode": "640964", "lat": 1.3418700378966721, "lng": 103.69219638340097, "country": "Singapore", "distance": 743, "city": "Singapore", "cc": "SG", "address": "Jurong West Street 91 Block 964 #01-336", "labeledLatLngs": [{"lng": 103.69219638340097, "label": "display", "lat": 1.3418700378966721}]}, "hours": {"isLocalHoliday": false, "isOpen": true, "status": "Open until 10:00 PM"}, "verified": false, "price": {"tier": 1, "currency": "$", "message": "Cheap"}}, "referralId": "e-3-4cb7e887035d236a212fc94e-25"}, {"reasons": {"items": [{"reasonName": "globalInteractionReason", "summary": "This spot is popular", "type": "general"}], "count": 0}, "venue": {"hereNow": {"groups": [], "summary": "Nobody here", "count": 0}, "contact": {}, "photos": {"groups": [], "count": 0}, "name": "Jurong Market Area", "allowMenuUrlEdit": true, "beenHere": {"lastCheckinExpiredAt": 0, "count": 0, "marked": false}, "stats": {"checkinsCount": 53, "usersCount": 18, "tipCount": 0}, "id": "4dd79392b0fb8af3808915e2", "categories": [{"pluralName": "Bakeries", "id": "4bf58dd8d48988d16a941735", "primary": true, "icon": {"prefix": "https://ss3.4sqi.net/img/categories_v2/food/bakery_", "suffix": ".png"}, "name": "Bakery", "shortName": "Bakery"}], "location": {"formattedAddress": ["Singapore"], "lat": 1.3422839622470795, "lng": 103.69254699526883, "country": "Singapore", "distance": 745, "city": "Singapore", "cc": "SG", "labeledLatLngs": [{"lng": 103.69254699526883, "label": "display", "lat": 1.3422839622470795}]}, "verified": false, "price": {"tier": 1, "currency": "$", "message": "Cheap"}}, "referralId": "e-3-4dd79392b0fb8af3808915e2-26"}, {"reasons": {"items": [{"reasonName": "globalInteractionReason", "summary": "This spot is popular", "type": "general"}], "count": 0}, "venue": {"hereNow": {"groups": [], "summary": "Nobody here", "count": 0}, "contact": {}, "photos": {"groups": [], "count": 0}, "name": "Subway", "allowMenuUrlEdit": true, "beenHere": {"lastCheckinExpiredAt": 0, "count": 0, "marked": false}, "stats": {"checkinsCount": 143, "usersCount": 76, "tipCount": 0}, "id": "54e0611c498edc3a985d0980", "categories": [{"pluralName": "Fast Food Restaurants", "id": "4bf58dd8d48988d16e941735", "primary": true, "icon": {"prefix": "https://ss3.4sqi.net/img/categories_v2/food/fastfood_", "suffix": ".png"}, "name": "Fast Food Restaurant", "shortName": "Fast Food"}], "url": "http://www.subway.com.sg", "location": {"formattedAddress": ["Nanyang Community Centre", "Singapore"], "lat": 1.3425239123454256, "lng": 103.69256436824797, "distance": 763, "country": "Singapore", "cc": "SG", "address": "Nanyang Community Centre", "labeledLatLngs": [{"lng": 103.69256436824797, "label": "display", "lat": 1.3425239123454256}]}, "hours": {"isLocalHoliday": false, "isOpen": false, "status": "Closed until 9:00 AM tomorrow"}, "verified": false, "price": {"tier": 1, "currency": "$", "message": "Cheap"}}, "referralId": "e-3-54e0611c498edc3a985d0980-27"}, {"reasons": {"items": [{"reasonName": "globalInteractionReason", "summary": "This spot is popular", "type": "general"}], "count": 0}, "venue": {"hereNow": {"groups": [], "summary": "Nobody here", "count": 0}, "contact": {}, "photos": {"groups": [], "count": 0}, "name": "Bachmann Japanese Restaurant", "allowMenuUrlEdit": true, "beenHere": {"lastCheckinExpiredAt": 0, "count": 0, "marked": false}, "stats": {"checkinsCount": 43, "usersCount": 38, "tipCount": 1}, "id": "4d1c1422fd7bb60c9f4d9be1", "categories": [{"pluralName": "Noodle Houses", "id": "4bf58dd8d48988d1d1941735", "primary": true, "icon": {"prefix": "https://ss3.4sqi.net/img/categories_v2/food/ramen_", "suffix": ".png"}, "name": "Noodle House", "shortName": "Noodles"}], "location": {"formattedAddress": ["Jurong Point", "Singapore"], "lat": 1.338516741078504, "lng": 103.70423081578906, "distance": 775, "country": "Singapore", "cc": "SG", "address": "Jurong Point", "labeledLatLngs": [{"lng": 103.70423081578906, "label": "display", "lat": 1.338516741078504}]}, "verified": false, "price": {"tier": 1, "currency": "$", "message": "Cheap"}}, "referralId": "e-3-4d1c1422fd7bb60c9f4d9be1-28", "tips": [{"id": "4e572096cc3f7fcbcedc97a3", "text": "Jurong Point in your pocket! Download http://owl.li/6dfZm on your iPhone. App provides info mfor shoppers on Fashion and Lifestyle in an E-style guide.", "entities": [{"indices": [38, 57], "type": "url", "object": {"url": "http://owl.li/6dfZm"}}], "disagreeCount": 0, "createdAt": 1314332822, "logView": true, "todo": {"count": 0}, "agreeCount": 0, "canonicalUrl": "https://foursquare.com/item/4e572096cc3f7fcbcedc97a3", "type": "user", "user": {"gender": "male", "id": "12724460", "photo": {"prefix": "https://igx.4sqi.net/img/user/", "suffix": "/VHEJZCXQDXPWBDYV.jpg"}, "firstName": "Apostrophe", "lastName": "Digital"}}]}, {"reasons": {"items": [{"reasonName": "globalInteractionReason", "summary": "This spot is popular", "type": "general"}], "count": 0}, "venue": {"hereNow": {"groups": [], "summary": "Nobody here", "count": 0}, "contact": {}, "photos": {"groups": [], "count": 0}, "name": "Silver Cafe", "allowMenuUrlEdit": true, "beenHere": {"lastCheckinExpiredAt": 0, "count": 0, "marked": false}, "stats": {"checkinsCount": 56, "usersCount": 26, "tipCount": 0}, "id": "4d2be5498292236ae31e38bb", "categories": [{"pluralName": "Caf\u00e9s", "id": "4bf58dd8d48988d16d941735", "primary": true, "icon": {"prefix": "https://ss3.4sqi.net/img/categories_v2/food/cafe_", "suffix": ".png"}, "name": "Caf\u00e9", "shortName": "Caf\u00e9"}], "location": {"formattedAddress": ["14 Enterprise Rd.", "627698", "Singapore"], "postalCode": "627698", "lat": 1.333435, "lng": 103.702947, "country": "Singapore", "distance": 778, "city": "Singapore", "cc": "SG", "address": "14 Enterprise Rd.", "labeledLatLngs": [{"lng": 103.702947, "label": "display", "lat": 1.333435}]}, "verified": false, "price": {"tier": 1, "currency": "$", "message": "Cheap"}}, "referralId": "e-3-4d2be5498292236ae31e38bb-29"}], "name": "recommended", "type": "Recommended Places"}], "query": "food", "headerLocation": "Jurong West"}}