{"meta": {"code": 200, "requestId": "595a39ffdd57972d491cd187"}, "response": {"suggestedFilters": {"filters": [{"name": "Open now", "key": "openNow"}], "header": "Tap to show:"}, "totalResults": 20, "headerFullLocation": "Pioneer, Singapore", "headerLocationGranularity": "neighborhood", "suggestedBounds": {"ne": {"lng": 103.6855636368006, "lat": 1.334917180291687}, "sw": {"lng": 103.6711866489014, "lat": 1.3205171658916728}}, "groups": [{"items": [{"reasons": {"items": [{"reasonName": "globalInteractionReason", "summary": "This spot is popular", "type": "general"}], "count": 0}, "venue": {"hereNow": {"groups": [], "summary": "Nobody here", "count": 0}, "contact": {"phone": "+6562626996", "formattedPhone": "+65 6262 6996"}, "photos": {"groups": [], "count": 0}, "rating": 7.4, "name": "Tung Lok Seafood", "ratingSignals": 32, "allowMenuUrlEdit": true, "categories": [{"pluralName": "Seafood Restaurants", "id": "4bf58dd8d48988d1ce941735", "primary": true, "icon": {"prefix": "https://ss3.4sqi.net/img/categories_v2/food/seafood_", "suffix": ".png"}, "name": "Seafood Restaurant", "shortName": "Seafood"}], "stats": {"checkinsCount": 1538, "usersCount": 1173, "tipCount": 12}, "id": "4b769b9bf964a52035542ee3", "beenHere": {"lastCheckinExpiredAt": 0, "count": 0, "marked": false}, "url": "http://www.tunglokseafood.com", "ratingColor": "C5DE35", "location": {"formattedAddress": ["The Arena Country Club, 511 Upper Jurong Rd", "638366", "Singapore"], "postalCode": "638366", "lat": 1.3297730714249696, "lng": 103.68322216531082, "country": "Singapore", "distance": 585, "city": "Singapore", "cc": "SG", "address": "The Arena Country Club, 511 Upper Jurong Rd", "labeledLatLngs": [{"lng": 103.68322216531082, "label": "display", "lat": 1.3297730714249696}]}, "hours": {"isLocalHoliday": false, "isOpen": true, "status": "Likely open"}, "verified": false, "price": {"tier": 3, "currency": "$", "message": "Expensive"}}, "referralId": "e-3-4b769b9bf964a52035542ee3-0", "tips": [{"id": "4c86649977be76b029c4bd76", "text": ":) Fun, Food, Laughters.", "disagreeCount": 0, "logView": true, "createdAt": 1283875993, "likes": {"groups": [], "summary": "4 likes", "count": 4}, "todo": {"count": 0}, "agreeCount": 0, "canonicalUrl": "https://foursquare.com/item/4c86649977be76b029c4bd76", "type": "user", "user": {"gender": "female", "id": "3170291", "photo": {"prefix": "https://igx.4sqi.net/img/user/", "suffix": "/MKDLVQDITKMAL0CT.jpg"}, "firstName": "Jasline", "lastName": "Chua"}}]}, {"reasons": {"items": [{"reasonName": "globalInteractionReason", "summary": "This spot is popular", "type": "general"}], "count": 0}, "venue": {"hereNow": {"groups": [], "summary": "Nobody here", "count": 0}, "contact": {"twitter": "kfc_sg"}, "photos": {"groups": [], "count": 0}, "rating": 6.3, "name": "KFC", "ratingSignals": 2, "allowMenuUrlEdit": true, "categories": [{"pluralName": "Fried Chicken Joints", "id": "4d4ae6fc7a7b7dea34424761", "primary": true, "icon": {"prefix": "https://ss3.4sqi.net/img/categories_v2/food/friedchicken_", "suffix": ".png"}, "name": "Fried Chicken Joint", "shortName": "Fried Chicken"}], "stats": {"checkinsCount": 112, "usersCount": 51, "tipCount": 0}, "id": "549944ad498ef340b2f6ee11", "beenHere": {"lastCheckinExpiredAt": 0, "count": 0, "marked": false}, "url": "http://www.kfc.com.sg", "ratingColor": "FFC800", "location": {"lng": 103.67812177716847, "formattedAddress": ["#01-21, Fairprice Hub (1 Joo Koon Circle)", "629117", "Singapore"], "postalCode": "629117", "lat": 1.3274444785089123, "crossStreet": "1 Joo Koon Circle", "country": "Singapore", "distance": 41, "city": "Singapore", "cc": "SG", "address": "#01-21, Fairprice Hub", "labeledLatLngs": [{"lng": 103.67812177716847, "label": "display", "lat": 1.3274444785089123}]}, "verified": false, "price": {"tier": 1, "currency": "$", "message": "Cheap"}}, "referralId": "e-3-549944ad498ef340b2f6ee11-1"}, {"reasons": {"items": [{"reasonName": "globalInteractionReason", "summary": "This spot is popular", "type": "general"}], "count": 0}, "venue": {"hereNow": {"groups": [], "summary": "Nobody here", "count": 0}, "contact": {}, "photos": {"groups": [], "count": 0}, "rating": 6.1, "name": "Han's Cafe & Bakery", "ratingSignals": 9, "allowMenuUrlEdit": true, "categories": [{"pluralName": "Bakeries", "id": "4bf58dd8d48988d16a941735", "primary": true, "icon": {"prefix": "https://ss3.4sqi.net/img/categories_v2/food/bakery_", "suffix": ".png"}, "name": "Bakery", "shortName": "Bakery"}], "stats": {"checkinsCount": 233, "usersCount": 104, "tipCount": 2}, "id": "54b5e7fd498e46b9ea94fcff", "beenHere": {"lastCheckinExpiredAt": 0, "count": 0, "marked": false}, "ratingColor": "FFC800", "location": {"lng": 103.67883989092161, "formattedAddress": ["Warehouse Club (1 Joo Koon Circle)", "Singapore"], "neighborhood": "Pioneer", "lat": 1.3274144325856247, "crossStreet": "1 Joo Koon Circle", "country": "Singapore", "distance": 61, "city": "Singapore", "cc": "SG", "address": "Warehouse Club", "labeledLatLngs": [{"lng": 103.67883989092161, "label": "display", "lat": 1.3274144325856247}]}, "verified": false, "price": {"tier": 1, "currency": "$", "message": "Cheap"}}, "referralId": "e-3-54b5e7fd498e46b9ea94fcff-2", "tips": [{"id": "5686707a498efc716cdf5007", "text": "Jalan2 dolo yo mah#mywife", "disagreeCount": 0, "createdAt": 1451651194, "logView": true, "todo": {"count": 0}, "agreeCount": 0, "canonicalUrl": "https://foursquare.com/item/5686707a498efc716cdf5007", "type": "user", "user": {"gender": "male", "id": "72289459", "photo": {"prefix": "https://igx.4sqi.net/img/user/", "suffix": "/72289459-C23JVLXMAHKGDCPL.jpg"}, "firstName": "ari bodenk", "lastName": "Aniwijaya"}}]}, {"reasons": {"items": [{"reasonName": "globalInteractionReason", "summary": "This spot is popular", "type": "general"}], "count": 0}, "venue": {"hereNow": {"groups": [], "summary": "Nobody here", "count": 0}, "contact": {}, "photos": {"groups": [], "count": 0}, "rating": 6.1, "name": "Burger King", "ratingSignals": 6, "allowMenuUrlEdit": true, "categories": [{"pluralName": "Fast Food Restaurants", "id": "4bf58dd8d48988d16e941735", "primary": true, "icon": {"prefix": "https://ss3.4sqi.net/img/categories_v2/food/fastfood_", "suffix": ".png"}, "name": "Fast Food Restaurant", "shortName": "Fast Food"}], "stats": {"checkinsCount": 143, "usersCount": 88, "tipCount": 1}, "id": "549e92a4498eafa4225ddffd", "beenHere": {"lastCheckinExpiredAt": 0, "count": 0, "marked": false}, "url": "http://www.burgerking.com.sg", "ratingColor": "FFC800", "location": {"lng": 103.67870983853655, "formattedAddress": ["#01-51, FairPrice Hub (1 Joo Koon Circle)", "629117", "Singapore"], "postalCode": "629117", "lat": 1.3273872550959374, "crossStreet": "1 Joo Koon Circle", "country": "Singapore", "distance": 52, "city": "Singapore", "cc": "SG", "address": "#01-51, FairPrice Hub", "labeledLatLngs": [{"lng": 103.67870983853655, "label": "display", "lat": 1.3273872550959374}]}, "hours": {"isLocalHoliday": false, "isOpen": true, "status": "Open until 10:00 PM"}, "verified": false, "price": {"tier": 1, "currency": "$", "message": "Cheap"}}, "referralId": "e-3-549e92a4498eafa4225ddffd-3", "tips": [{"id": "54a1b647498ec94b65f0d445", "text": "This outlet is facing Popeyes side by side...", "disagreeCount": 0, "createdAt": 1419884103, "logView": true, "todo": {"count": 0}, "agreeCount": 0, "canonicalUrl": "https://foursquare.com/item/54a1b647498ec94b65f0d445", "type": "user", "user": {"gender": "male", "id": "3954011", "photo": {"prefix": "https://igx.4sqi.net/img/user/", "suffix": "/3954011-YUIMSTRPOPD2ITIN.jpg"}, "firstName": "\u9673\u6770\u502b", "lastName": "(\u30b8\u30a7\u30a4\u30fb\u30c1\u30a7\u30f3)"}}]}, {"reasons": {"items": [{"reasonName": "globalInteractionReason", "summary": "This spot is popular", "type": "general"}], "count": 0}, "venue": {"hereNow": {"groups": [], "summary": "Nobody here", "count": 0}, "contact": {}, "photos": {"groups": [], "count": 0}, "name": "Crab Corner", "allowMenuUrlEdit": true, "beenHere": {"lastCheckinExpiredAt": 0, "count": 0, "marked": false}, "stats": {"checkinsCount": 72, "usersCount": 59, "tipCount": 0}, "id": "55a72c96498e0edd06bad82c", "categories": [{"pluralName": "Chinese Restaurants", "id": "4bf58dd8d48988d145941735", "primary": true, "icon": {"prefix": "https://ss3.4sqi.net/img/categories_v2/food/asian_", "suffix": ".png"}, "name": "Chinese Restaurant", "shortName": "Chinese"}], "location": {"lng": 103.67864763961481, "formattedAddress": ["Fairprice Hub (1 Joo Koon Circle)", "Singapore"], "lat": 1.3274246269181997, "crossStreet": "1 Joo Koon Circle", "country": "Singapore", "distance": 44, "city": "Singapore", "cc": "SG", "address": "Fairprice Hub", "labeledLatLngs": [{"lng": 103.67864763961481, "label": "display", "lat": 1.3274246269181997}]}, "verified": false, "price": {"tier": 1, "currency": "$", "message": "Cheap"}}, "referralId": "e-3-55a72c96498e0edd06bad82c-4"}, {"reasons": {"items": [{"reasonName": "globalInteractionReason", "summary": "This spot is popular", "type": "general"}], "count": 0}, "venue": {"contact": {}, "photos": {"groups": [], "count": 0}, "menu": {"mobileUrl": "http://www.xinwang.com.sg/menu/", "externalUrl": "http://www.xinwang.com.sg/menu/", "url": "http://www.xinwang.com.sg/menu/", "anchor": "View Menu", "label": "Menu", "type": "Menu"}, "name": "Xin Wang Hong Kong Caf\u00e9", "allowMenuUrlEdit": true, "beenHere": {"lastCheckinExpiredAt": 0, "count": 0, "marked": false}, "stats": {"checkinsCount": 120, "usersCount": 72, "tipCount": 0}, "id": "54a1c84a498eba71a7501a9d", "categories": [{"pluralName": "Hong Kong Restaurants", "id": "52af3add3cf9994f4e043bf5", "primary": true, "icon": {"prefix": "https://ss3.4sqi.net/img/categories_v2/food/asian_", "suffix": ".png"}, "name": "Hong Kong Restaurant", "shortName": "Hong Kong"}], "url": "http://www.xinwang.com.sg", "location": {"lng": 103.67829140998808, "formattedAddress": ["#01-32, Fairprice Hub (1 Joo Koon Circle)", "629117", "Singapore"], "postalCode": "629117", "lat": 1.3274194880441046, "crossStreet": "1 Joo Koon Circle", "country": "Singapore", "distance": 34, "city": "Singapore", "cc": "SG", "address": "#01-32, Fairprice Hub", "labeledLatLngs": [{"lng": 103.67829140998808, "label": "display", "lat": 1.3274194880441046}]}, "hours": {"isLocalHoliday": false, "isOpen": true, "status": "Open until 9:00 PM"}, "verified": false, "hereNow": {"groups": [], "summary": "Nobody here", "count": 0}}, "referralId": "e-3-54a1c84a498eba71a7501a9d-5"}, {"reasons": {"items": [{"reasonName": "globalInteractionReason", "summary": "This spot is popular", "type": "general"}], "count": 0}, "venue": {"hereNow": {"groups": [], "summary": "Nobody here", "count": 0}, "contact": {}, "photos": {"groups": [], "count": 0}, "name": "Popeyes Louisiana Kitchen", "allowMenuUrlEdit": true, "beenHere": {"lastCheckinExpiredAt": 0, "count": 0, "marked": false}, "stats": {"checkinsCount": 97, "usersCount": 58, "tipCount": 2}, "id": "54a1b8d8498ef2810c3b81e4", "categories": [{"pluralName": "Fried Chicken Joints", "id": "4d4ae6fc7a7b7dea34424761", "primary": true, "icon": {"prefix": "https://ss3.4sqi.net/img/categories_v2/food/friedchicken_", "suffix": ".png"}, "name": "Fried Chicken Joint", "shortName": "Fried Chicken"}], "url": "http://www.popeyes.com.sg", "location": {"lng": 103.67865329406104, "formattedAddress": ["#01-52' Fairprice Hub (1 Joo Koon Circle)", "629117", "Singapore"], "postalCode": "629117", "lat": 1.3273121048208756, "crossStreet": "1 Joo Koon Circle", "country": "Singapore", "distance": 54, "city": "Singapore", "cc": "SG", "address": "#01-52' Fairprice Hub", "labeledLatLngs": [{"lng": 103.67865329406104, "label": "display", "lat": 1.3273121048208756}]}, "verified": false, "price": {"tier": 1, "currency": "$", "message": "Cheap"}}, "referralId": "e-3-54a1b8d8498ef2810c3b81e4-6", "tips": [{"id": "552187fe498e87610a56d27c", "text": "Staff too lazy to clean the trays? Had old sauce stuck onto it and I got a handful! What happened to hygiene? The sauce packets also had sauce stuck onto them!", "disagreeCount": 0, "createdAt": 1428260862, "logView": true, "todo": {"count": 0}, "agreeCount": 0, "canonicalUrl": "https://foursquare.com/item/552187fe498e87610a56d27c", "type": "user", "user": {"gender": "none", "id": "776718", "photo": {"prefix": "https://igx.4sqi.net/img/user/", "suffix": "/776718-HYMKL1JB3S4GHGEB.jpg"}, "firstName": "Yarn", "lastName": "Lam"}}]}, {"reasons": {"items": [{"reasonName": "globalInteractionReason", "summary": "This spot is popular", "type": "general"}], "count": 0}, "venue": {"id": "5510e2b8498efa7d13a5a703", "hereNow": {"groups": [], "summary": "Nobody here", "count": 0}, "contact": {}, "beenHere": {"lastCheckinExpiredAt": 0, "count": 0, "marked": false}, "photos": {"groups": [], "count": 0}, "name": "Toast Box \u571f\u53f8\u5de5\u574a", "location": {"lng": 103.67846104302446, "formattedAddress": ["Fairprice Hub (1 Joo Koon Circle)", "Singapore"], "neighborhood": "Pioneer", "lat": 1.3274105882300409, "crossStreet": "1 Joo Koon Circle", "country": "Singapore", "distance": 35, "city": "Singapore", "cc": "SG", "address": "Fairprice Hub", "labeledLatLngs": [{"lng": 103.67846104302446, "label": "display", "lat": 1.3274105882300409}]}, "allowMenuUrlEdit": true, "verified": false, "categories": [{"pluralName": "Chinese Breakfast Places", "id": "52af3a903cf9994f4e043bee", "primary": true, "icon": {"prefix": "https://ss3.4sqi.net/img/categories_v2/food/asian_", "suffix": ".png"}, "name": "Chinese Breakfast Place", "shortName": "Chinese Breakfast"}], "stats": {"checkinsCount": 61, "usersCount": 26, "tipCount": 0}}, "referralId": "e-3-5510e2b8498efa7d13a5a703-7"}, {"reasons": {"items": [{"reasonName": "globalInteractionReason", "summary": "This spot is popular", "type": "general"}], "count": 0}, "venue": {"hereNow": {"groups": [], "summary": "Nobody here", "count": 0}, "contact": {}, "photos": {"groups": [], "count": 0}, "name": "Subway", "allowMenuUrlEdit": true, "beenHere": {"lastCheckinExpiredAt": 0, "count": 0, "marked": false}, "stats": {"checkinsCount": 99, "usersCount": 44, "tipCount": 0}, "id": "548a38ea498efbecf5b44286", "categories": [{"pluralName": "Fast Food Restaurants", "id": "4bf58dd8d48988d16e941735", "primary": true, "icon": {"prefix": "https://ss3.4sqi.net/img/categories_v2/food/fastfood_", "suffix": ".png"}, "name": "Fast Food Restaurant", "shortName": "Fast Food"}], "location": {"lng": 103.67868722074346, "formattedAddress": ["#01-49 Fairprice Hub (1 Joo Koon Circle)", "629117", "Singapore"], "postalCode": "629117", "lat": 1.3274003179685414, "crossStreet": "1 Joo Koon Circle", "country": "Singapore", "distance": 49, "city": "Singapore", "cc": "SG", "address": "#01-49 Fairprice Hub", "labeledLatLngs": [{"lng": 103.67868722074346, "label": "display", "lat": 1.3274003179685414}]}, "verified": false, "price": {"tier": 1, "currency": "$", "message": "Cheap"}}, "referralId": "e-3-548a38ea498efbecf5b44286-8"}, {"reasons": {"items": [{"reasonName": "globalInteractionReason", "summary": "This spot is popular", "type": "general"}], "count": 0}, "venue": {"hereNow": {"groups": [], "summary": "Nobody here", "count": 0}, "contact": {}, "photos": {"groups": [], "count": 0}, "name": "Mcdonald's / McCaf\u00e9", "allowMenuUrlEdit": true, "beenHere": {"lastCheckinExpiredAt": 0, "count": 0, "marked": false}, "stats": {"checkinsCount": 249, "usersCount": 131, "tipCount": 0}, "id": "54a1becc498e996545d3c3e7", "categories": [{"pluralName": "Fast Food Restaurants", "id": "4bf58dd8d48988d16e941735", "primary": true, "icon": {"prefix": "https://ss3.4sqi.net/img/categories_v2/food/fastfood_", "suffix": ".png"}, "name": "Fast Food Restaurant", "shortName": "Fast Food"}], "url": "http://www.mcdonalds.com.sg", "location": {"lng": 103.67830271885042, "formattedAddress": ["1 Joo Koon Circle, Fairprice Hub (1 Joo Koon Circle)", "629117", "Singapore"], "postalCode": "629117", "lat": 1.3274070625656826, "crossStreet": "1 Joo Koon Circle", "country": "Singapore", "distance": 35, "city": "Singapore", "cc": "SG", "address": "1 Joo Koon Circle, Fairprice Hub", "labeledLatLngs": [{"lng": 103.67830271885042, "label": "display", "lat": 1.3274070625656826}]}, "verified": false, "price": {"tier": 1, "currency": "$", "message": "Cheap"}}, "referralId": "e-3-54a1becc498e996545d3c3e7-9"}, {"reasons": {"items": [{"reasonName": "globalInteractionReason", "summary": "This spot is popular", "type": "general"}], "count": 0}, "venue": {"id": "54a3642f498ea948a3f4d83d", "hereNow": {"groups": [], "summary": "Nobody here", "count": 0}, "contact": {}, "beenHere": {"lastCheckinExpiredAt": 0, "count": 0, "marked": false}, "photos": {"groups": [], "count": 0}, "name": "Foodfare", "location": {"lng": 103.67870418408792, "formattedAddress": ["#03-25, FairPrice Hub (1 Joo Koon Circle)", "629117", "Singapore"], "postalCode": "629117", "lat": 1.3273485717174114, "crossStreet": "1 Joo Koon Circle", "country": "Singapore", "distance": 54, "city": "Singapore", "cc": "SG", "address": "#03-25, FairPrice Hub", "labeledLatLngs": [{"lng": 103.67870418408792, "label": "display", "lat": 1.3273485717174114}]}, "allowMenuUrlEdit": true, "verified": false, "categories": [{"pluralName": "Food Courts", "id": "4bf58dd8d48988d120951735", "primary": true, "icon": {"prefix": "https://ss3.4sqi.net/img/categories_v2/shops/food_foodcourt_", "suffix": ".png"}, "name": "Food Court", "shortName": "Food Court"}], "stats": {"checkinsCount": 233, "usersCount": 111, "tipCount": 3}}, "referralId": "e-3-54a3642f498ea948a3f4d83d-10", "tips": [{"id": "5686227e498e527e11760378", "text": "Halal Japanese & Korean cuisine \ud83d\ude0b", "disagreeCount": 0, "createdAt": 1451631230, "logView": true, "todo": {"count": 0}, "agreeCount": 0, "canonicalUrl": "https://foursquare.com/item/5686227e498e527e11760378", "type": "user", "user": {"gender": "male", "id": "729137", "photo": {"prefix": "https://igx.4sqi.net/img/user/", "suffix": "/051H5RBGHVS3KYEU.jpg"}, "firstName": "H", "lastName": "Masri"}}]}, {"reasons": {"items": [{"reasonName": "globalInteractionReason", "summary": "This spot is popular", "type": "general"}], "count": 0}, "venue": {"hereNow": {"groups": [], "summary": "Nobody here", "count": 0}, "contact": {"phone": "+6563974247", "formattedPhone": "+65 6397 4247"}, "photos": {"groups": [], "count": 0}, "name": "Pastamania", "allowMenuUrlEdit": true, "beenHere": {"lastCheckinExpiredAt": 0, "count": 0, "marked": false}, "stats": {"checkinsCount": 172, "usersCount": 111, "tipCount": 0}, "id": "548970df498e928ab64710a8", "categories": [{"pluralName": "Italian Restaurants", "id": "4bf58dd8d48988d110941735", "primary": true, "icon": {"prefix": "https://ss3.4sqi.net/img/categories_v2/food/italian_", "suffix": ".png"}, "name": "Italian Restaurant", "shortName": "Italian"}], "location": {"lng": 103.67864763961481, "formattedAddress": ["#01-42/47/48, FairPrice Hub (1 Joo Koon Circle)", "Singapore"], "lat": 1.3273363620909135, "crossStreet": "1 Joo Koon Circle", "country": "Singapore", "distance": 52, "city": "Singapore", "cc": "SG", "address": "#01-42/47/48, FairPrice Hub", "labeledLatLngs": [{"lng": 103.67864763961481, "label": "display", "lat": 1.3273363620909135}]}, "verified": false, "price": {"tier": 2, "currency": "$", "message": "Moderate"}}, "referralId": "e-3-548970df498e928ab64710a8-11"}, {"reasons": {"items": [{"reasonName": "globalInteractionReason", "summary": "This spot is popular", "type": "general"}], "count": 0}, "venue": {"hereNow": {"groups": [], "summary": "Nobody here", "count": 0}, "contact": {}, "photos": {"groups": [], "count": 0}, "name": "Thai Express", "allowMenuUrlEdit": true, "beenHere": {"lastCheckinExpiredAt": 0, "count": 0, "marked": false}, "stats": {"checkinsCount": 57, "usersCount": 41, "tipCount": 0}, "id": "54e1703a498e1f5a17e32051", "categories": [{"pluralName": "Thai Restaurants", "id": "4bf58dd8d48988d149941735", "primary": true, "icon": {"prefix": "https://ss3.4sqi.net/img/categories_v2/food/thai_", "suffix": ".png"}, "name": "Thai Restaurant", "shortName": "Thai"}], "location": {"lng": 103.67850627853743, "formattedAddress": ["#01-40, Fairprice Hub (1 Joo Koon Circle)", "629117", "Singapore"], "postalCode": "629117", "lat": 1.3273554046181684, "crossStreet": "1 Joo Koon Circle", "country": "Singapore", "distance": 42, "city": "Singapore", "cc": "SG", "address": "#01-40, Fairprice Hub", "labeledLatLngs": [{"lng": 103.67850627853743, "label": "display", "lat": 1.3273554046181684}]}, "verified": false, "price": {"tier": 2, "currency": "$", "message": "Moderate"}}, "referralId": "e-3-54e1703a498e1f5a17e32051-12"}, {"reasons": {"items": [{"reasonName": "globalInteractionReason", "summary": "This spot is popular", "type": "general"}], "count": 0}, "venue": {"contact": {}, "photos": {"groups": [], "count": 0}, "rating": 5.4, "name": "\u5403\u4e0d\u505c (Eating Hut)", "ratingSignals": 20, "allowMenuUrlEdit": true, "categories": [{"pluralName": "Food Courts", "id": "4bf58dd8d48988d120951735", "primary": true, "icon": {"prefix": "https://ss3.4sqi.net/img/categories_v2/shops/food_foodcourt_", "suffix": ".png"}, "name": "Food Court", "shortName": "Food Court"}], "stats": {"checkinsCount": 1377, "usersCount": 393, "tipCount": 10}, "id": "4cb792b4f50e224b8a2ce0fb", "beenHere": {"lastCheckinExpiredAt": 0, "count": 0, "marked": false}, "ratingColor": "FF9600", "location": {"formattedAddress": ["511 Upper Jurong Road", "629174", "Singapore"], "postalCode": "629174", "lat": 1.3299021710298933, "lng": 103.68097163730346, "country": "Singapore", "distance": 377, "city": "Singapore", "cc": "SG", "address": "511 Upper Jurong Road", "labeledLatLngs": [{"lng": 103.68097163730346, "label": "display", "lat": 1.3299021710298933}]}, "hours": {"isLocalHoliday": false, "isOpen": false}, "verified": false, "hereNow": {"groups": [], "summary": "Nobody here", "count": 0}}, "referralId": "e-3-4cb792b4f50e224b8a2ce0fb-13", "tips": [{"id": "57d8e860498ec357cb691feb", "text": "The prawn noodles is good. Free refills of soup! Feel free to ask.", "disagreeCount": 0, "createdAt": 1473833056, "logView": true, "todo": {"count": 0}, "agreeCount": 0, "canonicalUrl": "https://foursquare.com/item/57d8e860498ec357cb691feb", "type": "user", "user": {"gender": "male", "id": "3258896", "photo": {"prefix": "https://igx.4sqi.net/img/user/", "suffix": "/3258896_fLq6swlw_p0F-1U3fn0ASA68vcE6smoX9dTVWhVQ5gY9D6Que2MF_m9k-9izwisuqfN3k_9Ye.jpg"}, "firstName": "Wesley", "lastName": "Tee"}}]}, {"reasons": {"items": [{"reasonName": "globalInteractionReason", "summary": "This spot is popular", "type": "general"}], "count": 0}, "venue": {"hereNow": {"groups": [], "summary": "Nobody here", "count": 0}, "contact": {}, "photos": {"groups": [], "count": 0}, "name": "Sarpino's Pizzeria", "allowMenuUrlEdit": true, "beenHere": {"lastCheckinExpiredAt": 0, "count": 0, "marked": false}, "stats": {"checkinsCount": 352, "usersCount": 71, "tipCount": 1}, "id": "4cda2004d4ecb1f7c8117248", "categories": [{"pluralName": "Pizza Places", "id": "4bf58dd8d48988d1ca941735", "primary": true, "icon": {"prefix": "https://ss3.4sqi.net/img/categories_v2/food/pizza_", "suffix": ".png"}, "name": "Pizza Place", "shortName": "Pizza"}], "location": {"formattedAddress": ["Blk 429 Jurong West Ave 1, #01-312", "640429", "Singapore"], "postalCode": "640429", "lat": 1.332154, "lng": 103.678443, "country": "Singapore", "distance": 493, "city": "Singapore", "cc": "SG", "address": "Blk 429 Jurong West Ave 1, #01-312", "labeledLatLngs": [{"lng": 103.678443, "label": "display", "lat": 1.332154}]}, "hours": {"isLocalHoliday": false, "isOpen": true, "status": "Open until 10:00 PM"}, "verified": false, "price": {"tier": 1, "currency": "$", "message": "Cheap"}}, "referralId": "e-3-4cda2004d4ecb1f7c8117248-14", "tips": [{"id": "4d2abc413c79548132d0e29b", "text": "The best pizza u'll ever taste!", "disagreeCount": 0, "logView": true, "createdAt": 1294646337, "likes": {"groups": [], "summary": "5 likes", "count": 5}, "todo": {"count": 0}, "agreeCount": 0, "canonicalUrl": "https://foursquare.com/item/4d2abc413c79548132d0e29b", "type": "user", "user": {"gender": "female", "id": "5555797", "photo": {"prefix": "https://igx.4sqi.net/img/user/", "suffix": "/XFGT0YPLGRSWMLRA.jpg"}, "firstName": "tee", "lastName": "mohd"}}]}, {"reasons": {"items": [{"reasonName": "globalInteractionReason", "summary": "This spot is popular", "type": "general"}], "count": 0}, "venue": {"hereNow": {"groups": [], "summary": "Nobody here", "count": 0}, "contact": {}, "photos": {"groups": [], "count": 0}, "name": "Cafe@S'pore Discovery Centre", "allowMenuUrlEdit": true, "beenHere": {"lastCheckinExpiredAt": 0, "count": 0, "marked": false}, "stats": {"checkinsCount": 89, "usersCount": 63, "tipCount": 0}, "id": "4cb52ddab315a09357fd9276", "categories": [{"pluralName": "Caf\u00e9s", "id": "4bf58dd8d48988d16d941735", "primary": true, "icon": {"prefix": "https://ss3.4sqi.net/img/categories_v2/food/cafe_", "suffix": ".png"}, "name": "Caf\u00e9", "shortName": "Caf\u00e9"}], "location": {"formattedAddress": ["S'pore Discovery Centre", "Singapore"], "lat": 1.332407, "lng": 103.67859, "country": "Singapore", "distance": 522, "city": "Singapore", "cc": "SG", "address": "S'pore Discovery Centre", "labeledLatLngs": [{"lng": 103.67859, "label": "display", "lat": 1.332407}]}, "verified": false, "price": {"tier": 1, "currency": "$", "message": "Cheap"}}, "referralId": "e-3-4cb52ddab315a09357fd9276-15"}, {"reasons": {"items": [{"reasonName": "globalInteractionReason", "summary": "This spot is popular", "type": "general"}], "count": 0}, "venue": {"hereNow": {"groups": [], "summary": "Nobody here", "count": 0}, "contact": {}, "photos": {"groups": [], "count": 0}, "name": "Discovery Cafe", "allowMenuUrlEdit": true, "beenHere": {"lastCheckinExpiredAt": 0, "count": 0, "marked": false}, "stats": {"checkinsCount": 225, "usersCount": 115, "tipCount": 1}, "id": "4dcf5744d164679b8d17c3a8", "categories": [{"pluralName": "Caf\u00e9s", "id": "4bf58dd8d48988d16d941735", "primary": true, "icon": {"prefix": "https://ss3.4sqi.net/img/categories_v2/food/cafe_", "suffix": ".png"}, "name": "Caf\u00e9", "shortName": "Caf\u00e9"}], "location": {"formattedAddress": ["Brani Ave.", "Singapore"], "lat": 1.3325424840229807, "lng": 103.67851758741809, "country": "Singapore", "distance": 537, "city": "Singapore", "cc": "SG", "address": "Brani Ave.", "labeledLatLngs": [{"lng": 103.67851758741809, "label": "display", "lat": 1.3325424840229807}]}, "verified": false, "price": {"tier": 1, "currency": "$", "message": "Cheap"}}, "referralId": "e-3-4dcf5744d164679b8d17c3a8-16", "tips": [{"id": "4f5852a4e4b0b14569d0e047", "text": "Having the pizza here...", "disagreeCount": 0, "createdAt": 1331188388, "logView": true, "todo": {"count": 0}, "agreeCount": 0, "canonicalUrl": "https://foursquare.com/item/4f5852a4e4b0b14569d0e047", "type": "user", "user": {"gender": "female", "id": "23014539", "photo": {"prefix": "https://igx.4sqi.net/img/user/", "suffix": "/NJOGQKIJVVD4EKK1.jpg"}, "firstName": "Melissa", "lastName": "Chan"}}]}, {"reasons": {"items": [{"reasonName": "globalInteractionReason", "summary": "This spot is popular", "type": "general"}], "count": 0}, "venue": {"hereNow": {"groups": [], "summary": "Nobody here", "count": 0}, "contact": {}, "photos": {"groups": [], "count": 0}, "name": "Subway", "allowMenuUrlEdit": true, "beenHere": {"lastCheckinExpiredAt": 0, "count": 0, "marked": false}, "stats": {"checkinsCount": 243, "usersCount": 100, "tipCount": 0}, "id": "4f729567e4b0adf5aba13e5d", "categories": [{"pluralName": "Fast Food Restaurants", "id": "4bf58dd8d48988d16e941735", "primary": true, "icon": {"prefix": "https://ss3.4sqi.net/img/categories_v2/food/fastfood_", "suffix": ".png"}, "name": "Fast Food Restaurant", "shortName": "Fast Food"}], "location": {"lng": 103.68274152170495, "formattedAddress": ["Arena Country Club (Upper Jurong Road)", "Singapore"], "lat": 1.3298692653804134, "crossStreet": "Upper Jurong Road", "distance": 541, "country": "Singapore", "cc": "SG", "address": "Arena Country Club", "labeledLatLngs": [{"lng": 103.68274152170495, "label": "display", "lat": 1.3298692653804134}]}, "verified": false, "price": {"tier": 1, "currency": "$", "message": "Cheap"}}, "referralId": "e-3-4f729567e4b0adf5aba13e5d-17"}, {"reasons": {"items": [{"reasonName": "globalInteractionReason", "summary": "This spot is popular", "type": "general"}], "count": 0}, "venue": {"hereNow": {"groups": [], "summary": "Nobody here", "count": 0}, "contact": {}, "photos": {"groups": [], "count": 0}, "name": "PLC Canteen 2", "allowMenuUrlEdit": true, "beenHere": {"lastCheckinExpiredAt": 0, "count": 0, "marked": false}, "stats": {"checkinsCount": 57, "usersCount": 18, "tipCount": 0}, "id": "4f669f78e4b045fbd5c0ad73", "categories": [{"pluralName": "Breakfast Spots", "id": "4bf58dd8d48988d143941735", "primary": true, "icon": {"prefix": "https://ss3.4sqi.net/img/categories_v2/food/breakfast_", "suffix": ".png"}, "name": "Breakfast Spot", "shortName": "Breakfast"}], "location": {"formattedAddress": ["Blk 220", "Singapore"], "lat": 1.3324723560139504, "lng": 103.67365485761012, "distance": 745, "country": "Singapore", "cc": "SG", "address": "Blk 220", "labeledLatLngs": [{"lng": 103.67365485761012, "label": "display", "lat": 1.3324723560139504}]}, "verified": false, "price": {"tier": 1, "currency": "$", "message": "Cheap"}}, "referralId": "e-3-4f669f78e4b045fbd5c0ad73-18"}, {"reasons": {"items": [{"reasonName": "globalInteractionReason", "summary": "This spot is popular", "type": "general"}], "count": 0}, "venue": {"hereNow": {"groups": [], "summary": "Nobody here", "count": 0}, "contact": {}, "photos": {"groups": [], "count": 0}, "name": "1212 WOSPEC Mess", "allowMenuUrlEdit": true, "beenHere": {"lastCheckinExpiredAt": 0, "count": 0, "marked": false}, "stats": {"checkinsCount": 210, "usersCount": 70, "tipCount": 4}, "id": "4cb3d02caef16dcbdd3acb54", "categories": [{"pluralName": "Restaurants", "id": "4bf58dd8d48988d1c4941735", "primary": true, "icon": {"prefix": "https://ss3.4sqi.net/img/categories_v2/food/default_", "suffix": ".png"}, "name": "Restaurant", "shortName": "Restaurant"}], "location": {"formattedAddress": ["Pasir Laba Camp", "Singapore"], "lat": 1.3335168288659116, "lng": 103.67488861083984, "country": "Singapore", "distance": 753, "city": "Singapore", "cc": "SG", "address": "Pasir Laba Camp", "labeledLatLngs": [{"lng": 103.67488861083984, "label": "display", "lat": 1.3335168288659116}]}, "verified": false, "price": {"tier": 2, "currency": "$", "message": "Moderate"}}, "referralId": "e-3-4cb3d02caef16dcbdd3acb54-19", "tips": [{"id": "51d2cef5498ee3acf7673ea2", "text": "Awesome chicken wings! waffles were okay but it's better than nothing!", "disagreeCount": 0, "logView": true, "createdAt": 1372770037, "likes": {"groups": [], "summary": "1 like", "count": 1}, "todo": {"count": 0}, "agreeCount": 1, "canonicalUrl": "https://foursquare.com/item/51d2cef5498ee3acf7673ea2", "type": "user", "user": {"gender": "male", "id": "1155076", "photo": {"prefix": "https://igx.4sqi.net/img/user/", "suffix": "/MX5SSC5O3V2CJITA.jpg"}, "firstName": "Chunyang", "lastName": "\ucd98\uc591"}}]}], "name": "recommended", "type": "Recommended Places"}], "query": "food", "headerLocation": "Pioneer"}}