{"meta": {"code": 200, "requestId": "595a39d04c1f67705a8869c0"}, "response": {"warning": {"text": "There aren't a lot of results near you. Try something more general, reset your filters, or expand the search area."}, "totalResults": 3, "headerFullLocation": "Tuas, Singapore", "headerLocationGranularity": "neighborhood", "suggestedBounds": {"ne": {"lng": 103.6468025565927, "lat": 1.337189096249137}, "sw": {"lng": 103.63242555546928, "lat": 1.3227890818491228}}, "groups": [{"items": [{"reasons": {"items": [{"reasonName": "globalInteractionReason", "summary": "This spot is popular", "type": "general"}], "count": 0}, "venue": {"contact": {}, "photos": {"groups": [], "count": 0}, "rating": 6.5, "name": "Third Place @ Tuas 7", "ratingSignals": 8, "allowMenuUrlEdit": true, "categories": [{"pluralName": "Food Courts", "id": "4bf58dd8d48988d120951735", "primary": true, "icon": {"prefix": "https://ss3.4sqi.net/img/categories_v2/shops/food_foodcourt_", "suffix": ".png"}, "name": "Food Court", "shortName": "Food Court"}], "stats": {"checkinsCount": 155, "usersCount": 51, "tipCount": 2}, "id": "55adca3a498ee06d7b95b80f", "beenHere": {"lastCheckinExpiredAt": 0, "count": 0, "marked": false}, "ratingColor": "FFC800", "location": {"lng": 103.64441438938564, "formattedAddress": ["18 Tuas Avenue 7 (At Tuas Avenue 12)", "Singapore"], "lat": 1.3330596553193954, "crossStreet": "At Tuas Avenue 12", "country": "Singapore", "distance": 634, "city": "Singapore", "cc": "SG", "address": "18 Tuas Avenue 7", "labeledLatLngs": [{"lng": 103.64441438938564, "label": "display", "lat": 1.3330596553193954}]}, "hours": {"isLocalHoliday": false, "isOpen": false, "status": "Closed until 6:00 AM tomorrow"}, "verified": false, "hereNow": {"groups": [], "summary": "Nobody here", "count": 0}}, "referralId": "e-3-55adca3a498ee06d7b95b80f-0", "tips": [{"id": "5628f2de498e6c599345a7b0", "text": "Muslim food a bit expensive", "disagreeCount": 0, "createdAt": 1445524190, "logView": true, "todo": {"count": 0}, "agreeCount": 0, "canonicalUrl": "https://foursquare.com/item/5628f2de498e6c599345a7b0", "type": "user", "user": {"id": "4225452", "photo": {"prefix": "https://igx.4sqi.net/img/user/", "suffix": "/4225452-4SVL45IJ15DLBOFO.jpg"}, "firstName": "KelvinSeah", "gender": "male"}}]}, {"reasons": {"items": [{"reasonName": "globalInteractionReason", "summary": "This spot is popular", "type": "general"}], "count": 0}, "venue": {"contact": {}, "photos": {"groups": [], "count": 0}, "name": "Tuas Av 7 canteen", "allowMenuUrlEdit": true, "beenHere": {"lastCheckinExpiredAt": 0, "count": 0, "marked": false}, "stats": {"checkinsCount": 375, "usersCount": 123, "tipCount": 5}, "id": "4bcbeaa9937ca5931571aa92", "categories": [{"pluralName": "Food Courts", "id": "4bf58dd8d48988d120951735", "primary": true, "icon": {"prefix": "https://ss3.4sqi.net/img/categories_v2/shops/food_foodcourt_", "suffix": ".png"}, "name": "Food Court", "shortName": "Food Court"}], "location": {"formattedAddress": ["Singapore"], "lat": 1.332996, "lng": 103.644583, "distance": 646, "country": "Singapore", "cc": "SG", "labeledLatLngs": [{"lng": 103.644583, "label": "display", "lat": 1.332996}]}, "hours": {"isLocalHoliday": false, "isOpen": false}, "verified": false, "hereNow": {"groups": [], "summary": "Nobody here", "count": 0}}, "referralId": "e-3-4bcbeaa9937ca5931571aa92-1", "tips": [{"id": "4c0877a8340720a1d24a8393", "text": "Good food in the Malay stall.", "disagreeCount": 0, "logView": true, "createdAt": 1275623336, "likes": {"groups": [], "summary": "2 likes", "count": 2}, "todo": {"count": 0}, "agreeCount": 0, "canonicalUrl": "https://foursquare.com/item/4c0877a8340720a1d24a8393", "type": "user", "user": {"id": "1467209", "photo": {"prefix": "https://igx.4sqi.net/img/user/", "suffix": "/31HVWE3PHNVR1GWW.jpg"}, "firstName": "Rudie", "gender": "male"}}]}, {"reasons": {"items": [{"reasonName": "globalInteractionReason", "summary": "This spot is popular", "type": "general"}], "count": 0}, "venue": {"contact": {}, "photos": {"groups": [], "count": 0}, "rating": 5.1, "name": "Sin Hwa Eating House", "ratingSignals": 9, "allowMenuUrlEdit": true, "categories": [{"pluralName": "Food Courts", "id": "4bf58dd8d48988d120951735", "primary": true, "icon": {"prefix": "https://ss3.4sqi.net/img/categories_v2/shops/food_foodcourt_", "suffix": ".png"}, "name": "Food Court", "shortName": "Food Court"}], "stats": {"checkinsCount": 918, "usersCount": 164, "tipCount": 12}, "id": "4b1f29d5f964a520912424e3", "beenHere": {"lastCheckinExpiredAt": 0, "count": 0, "marked": false}, "ratingColor": "FF9600", "location": {"formattedAddress": ["Tuas Avene 7", "Singapore"], "lat": 1.333120390767138, "lng": 103.64449353119711, "country": "Singapore", "distance": 645, "city": "Singapore", "cc": "SG", "address": "Tuas Avene 7", "labeledLatLngs": [{"lng": 103.64449353119711, "label": "display", "lat": 1.333120390767138}]}, "hours": {"isLocalHoliday": false, "isOpen": false}, "verified": false, "hereNow": {"groups": [], "summary": "Nobody here", "count": 0}}, "referralId": "e-3-4b1f29d5f964a520912424e3-2", "tips": [{"id": "4e20d06baeb702639529aa80", "text": "New owner is charging.$1.10 for hot milk tea!!!!!", "disagreeCount": 0, "logView": true, "createdAt": 1310773355, "likes": {"groups": [], "summary": "1 like", "count": 1}, "todo": {"count": 0}, "agreeCount": 0, "canonicalUrl": "https://foursquare.com/item/4e20d06baeb702639529aa80", "type": "user", "user": {"gender": "male", "id": "4464740", "photo": {"prefix": "https://igx.4sqi.net/img/user/", "suffix": "/3TSSN5EPCIQ4BESE.jpg"}, "firstName": "\u9648", "lastName": "Joseph"}}]}], "name": "recommended", "type": "Recommended Places"}], "query": "food", "headerLocation": "Tuas"}}