{"meta": {"code": 200, "requestId": "595a3a071ed21919f98e6794"}, "response": {"suggestedFilters": {"filters": [{"name": "Open now", "key": "openNow"}], "header": "Tap to show:"}, "totalResults": 65, "headerFullLocation": "Bedok, Singapore", "headerLocationGranularity": "neighborhood", "suggestedBounds": {"ne": {"lng": 103.95353495303162, "lat": 1.334387141738357}, "sw": {"lng": 103.93915796821439, "lat": 1.3199871273383428}}, "groups": [{"items": [{"reasons": {"items": [{"reasonName": "globalInteractionReason", "summary": "This spot is popular", "type": "general"}], "count": 0}, "venue": {"id": "4d818d346282721e94f6e14d", "hereNow": {"groups": [], "summary": "Nobody here", "count": 0}, "contact": {}, "beenHere": {"lastCheckinExpiredAt": 0, "count": 0, "marked": false}, "photos": {"groups": [], "count": 0}, "name": "\u52ff\u6d1b\u5357\u9053\u8857\u5e02\u53ca\u719f\u98df\u4e2d\u5fc3", "location": {"formattedAddress": ["Bedok South Road Market & Food Centre", "Singapore"], "lat": 1.324618261713608, "lng": 103.94115714106638, "country": "Singapore", "distance": 644, "city": "Singapore", "cc": "SG", "address": "Bedok South Road Market & Food Centre", "labeledLatLngs": [{"lng": 103.94115714106638, "label": "display", "lat": 1.324618261713608}]}, "allowMenuUrlEdit": true, "verified": false, "categories": [{"pluralName": "Food Courts", "id": "4bf58dd8d48988d120951735", "primary": true, "icon": {"prefix": "https://ss3.4sqi.net/img/categories_v2/shops/food_foodcourt_", "suffix": ".png"}, "name": "Food Court", "shortName": "Food Court"}], "stats": {"checkinsCount": 197, "usersCount": 52, "tipCount": 1}}, "referralId": "e-3-4d818d346282721e94f6e14d-50", "tips": [{"id": "51dbaed2498ebf5aa78fa900", "text": "Nice food and great for marketing\ud83d\ude04\ud83d\udc4d", "disagreeCount": 0, "logView": true, "createdAt": 1373351634, "likes": {"groups": [], "summary": "1 like", "count": 1}, "todo": {"count": 0}, "agreeCount": 1, "canonicalUrl": "https://foursquare.com/item/51dbaed2498ebf5aa78fa900", "type": "user", "user": {"gender": "male", "id": "8626838", "photo": {"prefix": "https://igx.4sqi.net/img/user/", "suffix": "/8626838-OOPJACMZPXTFW211.jpg"}, "firstName": "Larry", "lastName": "Lim"}}]}, {"reasons": {"items": [{"reasonName": "globalInteractionReason", "summary": "This spot is popular", "type": "general"}], "count": 0}, "venue": {"hereNow": {"groups": [], "summary": "Nobody here", "count": 0}, "contact": {}, "photos": {"groups": [], "count": 0}, "name": "New Changi Eating House", "allowMenuUrlEdit": true, "beenHere": {"lastCheckinExpiredAt": 0, "count": 0, "marked": false}, "stats": {"checkinsCount": 1242, "usersCount": 296, "tipCount": 8}, "id": "4b835863f964a520480331e3", "categories": [{"pluralName": "Asian Restaurants", "id": "4bf58dd8d48988d142941735", "primary": true, "icon": {"prefix": "https://ss3.4sqi.net/img/categories_v2/food/asian_", "suffix": ".png"}, "name": "Asian Restaurant", "shortName": "Asian"}], "location": {"formattedAddress": ["57 Bedok South", "Singapore"], "lat": 1.3238657806863314, "lng": 103.94142908239432, "state": "Singapore", "country": "Singapore", "distance": 660, "city": "Bedok New Town", "cc": "SG", "address": "57 Bedok South", "labeledLatLngs": [{"lng": 103.94142908239432, "label": "display", "lat": 1.3238657806863314}]}, "hours": {"isLocalHoliday": false, "isOpen": true, "status": "Likely open"}, "verified": false, "price": {"tier": 2, "currency": "$", "message": "Moderate"}}, "referralId": "e-3-4b835863f964a520480331e3-51", "tips": [{"id": "533f81dd11d2cfa327cb829f", "text": "Nice n tasty ban mian", "disagreeCount": 0, "createdAt": 1396670941, "logView": true, "todo": {"count": 0}, "agreeCount": 0, "canonicalUrl": "https://foursquare.com/item/533f81dd11d2cfa327cb829f", "type": "user", "user": {"gender": "female", "id": "8907910", "photo": {"prefix": "https://igx.4sqi.net/img/user/", "suffix": "/PJUZ3FQI32TCMKY4.jpg"}, "firstName": "Jane", "lastName": "Tok"}}]}, {"reasons": {"items": [{"reasonName": "globalInteractionReason", "summary": "This spot is popular", "type": "general"}], "count": 0}, "venue": {"id": "4e6f971788779c905e0720eb", "hereNow": {"groups": [], "summary": "Nobody here", "count": 0}, "contact": {}, "beenHere": {"lastCheckinExpiredAt": 0, "count": 0, "marked": false}, "photos": {"groups": [], "count": 0}, "name": "\u85e9\u85e9\u9762\u9986@\u5929\u4e00\u9601", "location": {"formattedAddress": ["Blk 56 Upper Changi Road", "Singapore"], "lat": 1.32533943692316, "lng": 103.94062459085546, "country": "Singapore", "distance": 669, "city": "Singapore", "cc": "SG", "address": "Blk 56 Upper Changi Road", "labeledLatLngs": [{"lng": 103.94062459085546, "label": "display", "lat": 1.32533943692316}]}, "allowMenuUrlEdit": true, "verified": false, "categories": [{"pluralName": "Food", "id": "4d4b7105d754a06374d81259", "primary": true, "icon": {"prefix": "https://ss3.4sqi.net/img/categories_v2/food/default_", "suffix": ".png"}, "name": "Food", "shortName": "Food"}], "stats": {"checkinsCount": 103, "usersCount": 11, "tipCount": 0}}, "referralId": "e-3-4e6f971788779c905e0720eb-52"}, {"reasons": {"items": [{"reasonName": "globalInteractionReason", "summary": "This spot is popular", "type": "general"}], "count": 0}, "venue": {"hereNow": {"groups": [], "summary": "Nobody here", "count": 0}, "contact": {}, "photos": {"groups": [], "count": 0}, "name": "Yummy Thai @ \u5929\u4e00\u9601", "allowMenuUrlEdit": true, "beenHere": {"lastCheckinExpiredAt": 0, "count": 0, "marked": false}, "stats": {"checkinsCount": 35, "usersCount": 16, "tipCount": 1}, "id": "50fea4a7e4b0b707e7e1b2c6", "categories": [{"pluralName": "Thai Restaurants", "id": "4bf58dd8d48988d149941735", "primary": true, "icon": {"prefix": "https://ss3.4sqi.net/img/categories_v2/food/thai_", "suffix": ".png"}, "name": "Thai Restaurant", "shortName": "Thai"}], "location": {"formattedAddress": ["Singapore"], "lat": 1.3252880372806466, "lng": 103.9406302562724, "distance": 670, "country": "Singapore", "cc": "SG", "labeledLatLngs": [{"lng": 103.9406302562724, "label": "display", "lat": 1.3252880372806466}]}, "verified": false, "price": {"tier": 2, "currency": "$", "message": "Moderate"}}, "referralId": "e-3-50fea4a7e4b0b707e7e1b2c6-53", "tips": [{"id": "516c64d8e4b025e79a33f1bb", "text": "Must try...Tom yum not bad...love it's chicken wings though...", "disagreeCount": 0, "logView": true, "createdAt": 1366058200, "likes": {"groups": [], "summary": "4 likes", "count": 4}, "todo": {"count": 0}, "agreeCount": 4, "canonicalUrl": "https://foursquare.com/item/516c64d8e4b025e79a33f1bb", "type": "user", "user": {"gender": "male", "id": "8626838", "photo": {"prefix": "https://igx.4sqi.net/img/user/", "suffix": "/8626838-OOPJACMZPXTFW211.jpg"}, "firstName": "Larry", "lastName": "Lim"}}]}, {"reasons": {"items": [{"reasonName": "globalInteractionReason", "summary": "This spot is popular", "type": "general"}], "count": 0}, "venue": {"hereNow": {"groups": [], "summary": "Nobody here", "count": 0}, "contact": {}, "photos": {"groups": [], "count": 0}, "name": "\u91d1\u5473\u6d77\u9c9c", "allowMenuUrlEdit": true, "beenHere": {"lastCheckinExpiredAt": 0, "count": 0, "marked": false}, "stats": {"checkinsCount": 158, "usersCount": 53, "tipCount": 2}, "id": "4d25a354bcc1224b8f6f921b", "categories": [{"pluralName": "Chinese Restaurants", "id": "4bf58dd8d48988d145941735", "primary": true, "icon": {"prefix": "https://ss3.4sqi.net/img/categories_v2/food/asian_", "suffix": ".png"}, "name": "Chinese Restaurant", "shortName": "Chinese"}], "location": {"formattedAddress": ["57 New Upper Changi Road", "Singapore"], "lat": 1.323765, "lng": 103.941346, "distance": 674, "country": "Singapore", "cc": "SG", "address": "57 New Upper Changi Road", "labeledLatLngs": [{"lng": 103.941346, "label": "display", "lat": 1.323765}]}, "verified": false, "price": {"tier": 1, "currency": "$", "message": "Cheap"}}, "referralId": "e-3-4d25a354bcc1224b8f6f921b-54", "tips": [{"id": "4d25a3d3b9796dcb9041aa39", "text": "cheap & nice seafood and chinese food for the neighborhood! \ue418", "disagreeCount": 0, "logView": true, "createdAt": 1294312403, "likes": {"groups": [], "summary": "1 like", "count": 1}, "todo": {"count": 0}, "agreeCount": 0, "canonicalUrl": "https://foursquare.com/item/4d25a3d3b9796dcb9041aa39", "type": "user", "user": {"gender": "male", "id": "1424506", "photo": {"prefix": "https://igx.4sqi.net/img/user/", "suffix": "/QAZBNEP4PT5ABRQN.jpg"}, "firstName": "KangJie", "lastName": "Chia"}}]}, {"reasons": {"items": [{"reasonName": "globalInteractionReason", "summary": "This spot is popular", "type": "general"}], "count": 0}, "venue": {"hereNow": {"groups": [], "summary": "Nobody here", "count": 0}, "contact": {}, "photos": {"groups": [], "count": 0}, "name": "Amy's Laksa", "allowMenuUrlEdit": true, "beenHere": {"lastCheckinExpiredAt": 0, "count": 0, "marked": false}, "stats": {"checkinsCount": 634, "usersCount": 52, "tipCount": 6}, "id": "4dcdfd0a183899ddfac7c6c3", "categories": [{"pluralName": "Noodle Houses", "id": "4bf58dd8d48988d1d1941735", "primary": true, "icon": {"prefix": "https://ss3.4sqi.net/img/categories_v2/food/ramen_", "suffix": ".png"}, "name": "Noodle House", "shortName": "Noodles"}], "location": {"lng": 103.9412137954654, "formattedAddress": ["#01-176, The Marketplace @ 58 (58 New Upper Changi Rd.)", "Singapore"], "lat": 1.3239359851347046, "crossStreet": "58 New Upper Changi Rd.", "country": "Singapore", "distance": 676, "city": "Singapore", "cc": "SG", "address": "#01-176, The Marketplace @ 58", "labeledLatLngs": [{"lng": 103.9412137954654, "label": "display", "lat": 1.3239359851347046}]}, "hours": {"isLocalHoliday": false, "isOpen": false, "status": "Closed until 7:00 AM tomorrow"}, "verified": false, "price": {"tier": 1, "currency": "$", "message": "Cheap"}}, "referralId": "e-3-4dcdfd0a183899ddfac7c6c3-55", "tips": [{"logView": true, "createdAt": 1376804367, "editedAt": 1376804438, "agreeCount": 2, "likes": {"groups": [], "summary": "2 likes", "count": 2}, "id": "52105e0f11d2ca5a53056b44", "text": "Amy's Laksa Blk 58 New Upper Changi Road #01-176 The Marketplace @ 58 Open 7am to 1pm Rest on Mon Laksa & Mee Siam", "type": "user", "disagreeCount": 0, "user": {"gender": "male", "id": "44281896", "photo": {"prefix": "https://igx.4sqi.net/img/user/", "suffix": "/BY13F5T2JHUBDMJP.jpg"}, "firstName": "Neu", "lastName": "Tea"}, "canonicalUrl": "https://foursquare.com/item/52105e0f11d2ca5a53056b44", "todo": {"count": 1}}]}, {"reasons": {"items": [{"reasonName": "globalInteractionReason", "summary": "This spot is popular", "type": "general"}], "count": 0}, "venue": {"id": "4bf4df06e5eba593402c2090", "hereNow": {"groups": [], "summary": "Nobody here", "count": 0}, "contact": {}, "beenHere": {"lastCheckinExpiredAt": 0, "count": 0, "marked": false}, "photos": {"groups": [], "count": 0}, "name": "Lucky Hainanese Chicken Rice", "location": {"formattedAddress": ["58 New Upper Changi Rd #01-190", "Singapore"], "lat": 1.323993, "lng": 103.941156, "country": "Singapore", "distance": 678, "city": "Singapore", "cc": "SG", "address": "58 New Upper Changi Rd #01-190", "labeledLatLngs": [{"lng": 103.941156, "label": "display", "lat": 1.323993}]}, "allowMenuUrlEdit": true, "verified": false, "categories": [{"pluralName": "Food Courts", "id": "4bf58dd8d48988d120951735", "primary": true, "icon": {"prefix": "https://ss3.4sqi.net/img/categories_v2/shops/food_foodcourt_", "suffix": ".png"}, "name": "Food Court", "shortName": "Food Court"}], "stats": {"checkinsCount": 42, "usersCount": 26, "tipCount": 2}}, "referralId": "e-3-4bf4df06e5eba593402c2090-56", "tips": [{"id": "4bf4e10e70c603bbc3369cb4", "text": "Best Chicken Rice in Singapore! Tiny stall doing things the old skool way. Tried and trusted!", "disagreeCount": 0, "logView": true, "createdAt": 1274339598, "likes": {"groups": [], "summary": "4 likes", "count": 4}, "todo": {"count": 0}, "agreeCount": 0, "canonicalUrl": "https://foursquare.com/item/4bf4e10e70c603bbc3369cb4", "type": "user", "user": {"gender": "male", "id": "1220153", "photo": {"prefix": "https://igx.4sqi.net/img/user/", "suffix": "/VVXPIW55VLTBAYD2.jpg"}, "firstName": "Richard", "lastName": "Fitzwell"}}]}, {"reasons": {"items": [{"reasonName": "globalInteractionReason", "summary": "This spot is popular", "type": "general"}], "count": 0}, "venue": {"hereNow": {"groups": [], "summary": "Nobody here", "count": 0}, "contact": {}, "photos": {"groups": [], "count": 0}, "name": "Sweet Hut Bubble Tea", "allowMenuUrlEdit": true, "beenHere": {"lastCheckinExpiredAt": 0, "count": 0, "marked": false}, "stats": {"checkinsCount": 116, "usersCount": 41, "tipCount": 1}, "id": "4e005cbb1495692a4bb5770f", "categories": [{"pluralName": "Caf\u00e9s", "id": "4bf58dd8d48988d16d941735", "primary": true, "icon": {"prefix": "https://ss3.4sqi.net/img/categories_v2/food/cafe_", "suffix": ".png"}, "name": "Caf\u00e9", "shortName": "Caf\u00e9"}], "location": {"formattedAddress": ["59 New Upper Changi Road #01-1278", "461059", "Singapore"], "postalCode": "461059", "lat": 1.32473, "lng": 103.94071598999304, "country": "Singapore", "distance": 683, "city": "Singapore", "cc": "SG", "address": "59 New Upper Changi Road #01-1278", "labeledLatLngs": [{"lng": 103.94071598999304, "label": "display", "lat": 1.32473}]}, "verified": false, "price": {"tier": 1, "currency": "$", "message": "Cheap"}}, "referralId": "e-3-4e005cbb1495692a4bb5770f-57", "tips": [{"id": "4e005d87b0fbdf39a453e64e", "text": "Remember to ask for less syrup if not it'll be TOO sweet!", "disagreeCount": 0, "logView": true, "createdAt": 1308646791, "likes": {"groups": [], "summary": "1 like", "count": 1}, "todo": {"count": 0}, "agreeCount": 0, "canonicalUrl": "https://foursquare.com/item/4e005d87b0fbdf39a453e64e", "type": "user", "user": {"gender": "male", "id": "1424451", "photo": {"prefix": "https://igx.4sqi.net/img/user/", "suffix": "/1424451-AKJ30Y1UQMVLE44C.jpg"}, "firstName": "Eryk", "lastName": "Seah"}}]}, {"reasons": {"items": [{"reasonName": "globalInteractionReason", "summary": "This spot is popular", "type": "general"}], "count": 0}, "venue": {"hereNow": {"groups": [], "summary": "Nobody here", "count": 0}, "contact": {}, "photos": {"groups": [], "count": 0}, "name": "Ocean Curry Fish Head", "allowMenuUrlEdit": true, "beenHere": {"lastCheckinExpiredAt": 0, "count": 0, "marked": false}, "stats": {"checkinsCount": 576, "usersCount": 55, "tipCount": 4}, "id": "4cd3de436be6a1435eed9602", "categories": [{"pluralName": "Asian Restaurants", "id": "4bf58dd8d48988d142941735", "primary": true, "icon": {"prefix": "https://ss3.4sqi.net/img/categories_v2/food/asian_", "suffix": ".png"}, "name": "Asian Restaurant", "shortName": "Asian"}], "location": {"formattedAddress": ["128 Bedok North Road", "460128", "Singapore"], "postalCode": "460128", "lat": 1.3281383319328612, "lng": 103.94023367765033, "state": "Singapore", "distance": 688, "country": "Singapore", "cc": "SG", "address": "128 Bedok North Road", "labeledLatLngs": [{"lng": 103.94023367765033, "label": "display", "lat": 1.3281383319328612}]}, "hours": {"isLocalHoliday": false, "isOpen": false}, "verified": false, "price": {"tier": 2, "currency": "$", "message": "Moderate"}}, "referralId": "e-3-4cd3de436be6a1435eed9602-58", "tips": [{"id": "536e08a0498e6e39869525cf", "text": "Sotong is yummy", "disagreeCount": 0, "logView": true, "createdAt": 1399720096, "likes": {"groups": [], "summary": "1 like", "count": 1}, "todo": {"count": 0}, "agreeCount": 1, "canonicalUrl": "https://foursquare.com/item/536e08a0498e6e39869525cf", "type": "user", "user": {"id": "471191", "photo": {"prefix": "https://igx.4sqi.net/img/user/", "suffix": "/471191-LVGOUBJXIHPGJXX5.jpg"}, "firstName": "Angel", "gender": "female"}}]}, {"reasons": {"items": [{"reasonName": "globalInteractionReason", "summary": "This spot is popular", "type": "general"}], "count": 0}, "venue": {"hereNow": {"groups": [], "summary": "Nobody here", "count": 0}, "contact": {}, "photos": {"groups": [], "count": 0}, "name": "Cake Magic Bakery @ Blk 84 Bedok North Road", "allowMenuUrlEdit": true, "beenHere": {"lastCheckinExpiredAt": 0, "count": 0, "marked": false}, "stats": {"checkinsCount": 65, "usersCount": 11, "tipCount": 0}, "id": "4c0e1a972466a593cc787821", "categories": [{"pluralName": "Bakeries", "id": "4bf58dd8d48988d16a941735", "primary": true, "icon": {"prefix": "https://ss3.4sqi.net/img/categories_v2/food/bakery_", "suffix": ".png"}, "name": "Bakery", "shortName": "Bakery"}], "location": {"formattedAddress": ["Blk 84 Bedok North Road", "Singapore"], "lat": 1.3285594934310971, "lng": 103.94029033166922, "state": "Singapore", "country": "Singapore", "distance": 691, "city": "Bedok New Town", "cc": "SG", "address": "Blk 84 Bedok North Road", "labeledLatLngs": [{"lng": 103.94029033166922, "label": "display", "lat": 1.3285594934310971}]}, "verified": false, "price": {"tier": 1, "currency": "$", "message": "Cheap"}}, "referralId": "e-3-4c0e1a972466a593cc787821-59"}, {"reasons": {"items": [{"reasonName": "globalInteractionReason", "summary": "This spot is popular", "type": "general"}], "count": 0}, "venue": {"hereNow": {"groups": [], "summary": "Nobody here", "count": 0}, "contact": {}, "photos": {"groups": [], "count": 0}, "name": "Bei Chuan Ting Yu Tang", "allowMenuUrlEdit": true, "beenHere": {"lastCheckinExpiredAt": 0, "count": 0, "marked": false}, "stats": {"checkinsCount": 59, "usersCount": 28, "tipCount": 1}, "id": "4c315d13452620a14395200f", "categories": [{"pluralName": "Chinese Restaurants", "id": "4bf58dd8d48988d145941735", "primary": true, "icon": {"prefix": "https://ss3.4sqi.net/img/categories_v2/food/asian_", "suffix": ".png"}, "name": "Chinese Restaurant", "shortName": "Chinese"}], "location": {"formattedAddress": ["Singapore"], "lat": 1.3244212231757635, "lng": 103.94078135490417, "distance": 691, "country": "Singapore", "cc": "SG", "labeledLatLngs": [{"lng": 103.94078135490417, "label": "display", "lat": 1.3244212231757635}]}, "verified": false, "price": {"tier": 1, "currency": "$", "message": "Cheap"}}, "referralId": "e-3-4c315d13452620a14395200f-60", "tips": [{"id": "4c6cd180f2846dcb211164e9", "text": "Black or white fish soup sound interesting the name ( black refer to deep fried) & (white refer to fresh)", "disagreeCount": 0, "createdAt": 1282199936, "logView": true, "todo": {"count": 0}, "agreeCount": 0, "canonicalUrl": "https://foursquare.com/item/4c6cd180f2846dcb211164e9", "type": "user", "user": {"id": "1774745", "photo": {"prefix": "https://igx.4sqi.net/img/user/", "suffix": "/KOS0OOSF142CFFHU.jpg"}, "firstName": "Anton \u5b89\u4e1c", "gender": "male"}}]}, {"reasons": {"items": [{"reasonName": "globalInteractionReason", "summary": "This spot is popular", "type": "general"}], "count": 0}, "venue": {"hereNow": {"groups": [], "summary": "Nobody here", "count": 0}, "contact": {}, "photos": {"groups": [], "count": 0}, "name": "Ba Sheng Bak Kut Teh", "allowMenuUrlEdit": true, "beenHere": {"lastCheckinExpiredAt": 0, "count": 0, "marked": false}, "stats": {"checkinsCount": 61, "usersCount": 45, "tipCount": 4}, "id": "4c41441baf052d7f2d377d79", "categories": [{"pluralName": "Chinese Restaurants", "id": "4bf58dd8d48988d145941735", "primary": true, "icon": {"prefix": "https://ss3.4sqi.net/img/categories_v2/food/asian_", "suffix": ".png"}, "name": "Chinese Restaurant", "shortName": "Chinese"}], "location": {"formattedAddress": ["59 New Upper Changi Road", "Singapore"], "lat": 1.3243455289594448, "lng": 103.94073789923843, "country": "Singapore", "distance": 699, "city": "Singapore", "cc": "SG", "address": "59 New Upper Changi Road", "labeledLatLngs": [{"lng": 103.94073789923843, "label": "display", "lat": 1.3243455289594448}]}, "verified": false, "price": {"tier": 1, "currency": "$", "message": "Cheap"}}, "referralId": "e-3-4c41441baf052d7f2d377d79-61", "tips": [{"id": "54a7862d498e6a3066f1e697", "text": "Balanced flavored bak kut teh. One of the tastiest for me so far.", "disagreeCount": 0, "createdAt": 1420265005, "logView": true, "todo": {"count": 0}, "agreeCount": 0, "canonicalUrl": "https://foursquare.com/item/54a7862d498e6a3066f1e697", "type": "user", "user": {"gender": "male", "id": "99539465", "photo": {"prefix": "https://igx.4sqi.net/img/user/", "suffix": "/99539465-X1OOOUWVHC5VCIQ2.jpg"}, "firstName": "Lee", "lastName": "Soon Guan"}}]}, {"reasons": {"items": [{"reasonName": "globalInteractionReason", "summary": "This spot is popular", "type": "general"}], "count": 0}, "venue": {"id": "4d035f6e8620224b097fa240", "hereNow": {"groups": [], "summary": "Nobody here", "count": 0}, "contact": {}, "beenHere": {"lastCheckinExpiredAt": 0, "count": 0, "marked": false}, "photos": {"groups": [], "count": 0}, "name": "Simpang Bedok Street Court", "location": {"formattedAddress": ["Jalan Pari Burong", "Singapore"], "lat": 1.33348, "lng": 103.947565, "country": "Singapore", "distance": 713, "city": "Singapore", "cc": "SG", "address": "Jalan Pari Burong", "labeledLatLngs": [{"lng": 103.947565, "label": "display", "lat": 1.33348}]}, "allowMenuUrlEdit": true, "verified": false, "categories": [{"pluralName": "Food Courts", "id": "4bf58dd8d48988d120951735", "primary": true, "icon": {"prefix": "https://ss3.4sqi.net/img/categories_v2/shops/food_foodcourt_", "suffix": ".png"}, "name": "Food Court", "shortName": "Food Court"}], "stats": {"checkinsCount": 72, "usersCount": 25, "tipCount": 1}}, "referralId": "e-3-4d035f6e8620224b097fa240-62", "tips": [{"id": "4df358e045dd4e2693402d21", "text": "you can find Nigel De Jong here!", "disagreeCount": 0, "logView": true, "createdAt": 1307793632, "likes": {"groups": [], "summary": "1 like", "count": 1}, "todo": {"count": 0}, "agreeCount": 0, "canonicalUrl": "https://foursquare.com/item/4df358e045dd4e2693402d21", "type": "user", "user": {"id": "3883634", "photo": {"prefix": "https://igx.4sqi.net/img/user/", "suffix": "/2PJTXQF5DAEHZHX4.jpg"}, "firstName": "irfan \ud83d\ude09", "gender": "male"}}]}, {"reasons": {"items": [{"reasonName": "globalInteractionReason", "summary": "This spot is popular", "type": "general"}], "count": 0}, "venue": {"hereNow": {"groups": [], "summary": "Nobody here", "count": 0}, "contact": {}, "photos": {"groups": [], "count": 0}, "name": "Boston Bakery", "allowMenuUrlEdit": true, "beenHere": {"lastCheckinExpiredAt": 0, "count": 0, "marked": false}, "stats": {"checkinsCount": 59, "usersCount": 20, "tipCount": 0}, "id": "4e8edf9f82315acfeb73b932", "categories": [{"pluralName": "Bakeries", "id": "4bf58dd8d48988d16a941735", "primary": true, "icon": {"prefix": "https://ss3.4sqi.net/img/categories_v2/food/bakery_", "suffix": ".png"}, "name": "Bakery", "shortName": "Bakery"}], "location": {"lng": 103.94104949777251, "formattedAddress": ["Blk 59 New Upper Changi Road (Bedok South)", "Singapore"], "lat": 1.3234471392143674, "crossStreet": "Bedok South", "country": "Singapore", "distance": 721, "city": "Singapore", "cc": "SG", "address": "Blk 59 New Upper Changi Road", "labeledLatLngs": [{"lng": 103.94104949777251, "label": "display", "lat": 1.3234471392143674}]}, "verified": false, "price": {"tier": 1, "currency": "$", "message": "Cheap"}}, "referralId": "e-3-4e8edf9f82315acfeb73b932-63"}, {"reasons": {"items": [{"reasonName": "globalInteractionReason", "summary": "This spot is popular", "type": "general"}], "count": 0}, "venue": {"hereNow": {"groups": [], "summary": "Nobody here", "count": 0}, "contact": {}, "photos": {"groups": [], "count": 0}, "name": "\u6765\u8bb0", "allowMenuUrlEdit": true, "beenHere": {"lastCheckinExpiredAt": 0, "count": 0, "marked": false}, "stats": {"checkinsCount": 56, "usersCount": 13, "tipCount": 0}, "id": "4deda9cad164f9a5c67ed8f7", "categories": [{"pluralName": "Dim Sum Restaurants", "id": "4bf58dd8d48988d1f5931735", "primary": true, "icon": {"prefix": "https://ss3.4sqi.net/img/categories_v2/food/dimsum_", "suffix": ".png"}, "name": "Dim Sum Restaurant", "shortName": "Dim Sum"}], "location": {"formattedAddress": ["Singapore"], "lat": 1.321089079627476, "lng": 103.9437236087364, "country": "Singapore", "distance": 738, "city": "Singapore", "cc": "SG", "labeledLatLngs": [{"lng": 103.9437236087364, "label": "display", "lat": 1.321089079627476}]}, "verified": false, "price": {"tier": 2, "currency": "$", "message": "Moderate"}}, "referralId": "e-3-4deda9cad164f9a5c67ed8f7-64"}], "name": "recommended", "type": "Recommended Places"}], "query": "food", "headerLocation": "Bedok"}}