{"meta": {"code": 200, "requestId": "595a395b9fb6b77b93796559"}, "response": {"suggestedFilters": {"filters": [{"name": "Open now", "key": "openNow"}], "header": "Tap to show:"}, "totalResults": 74, "headerFullLocation": "Central Region, Singapore", "headerLocationGranularity": "neighborhood", "suggestedBounds": {"ne": {"lng": 103.9104409376743, "lat": 1.3269789587536371}, "sw": {"lng": 103.89606399580371, "lat": 1.3125789443536229}}, "groups": [{"items": [{"reasons": {"items": [{"reasonName": "globalInteractionReason", "summary": "This spot is popular", "type": "general"}], "count": 0}, "venue": {"hereNow": {"groups": [], "summary": "Nobody here", "count": 0}, "contact": {}, "photos": {"groups": [], "count": 0}, "name": "Geylang Seafood Restaurant", "allowMenuUrlEdit": true, "beenHere": {"lastCheckinExpiredAt": 0, "count": 0, "marked": false}, "stats": {"checkinsCount": 94, "usersCount": 82, "tipCount": 0}, "id": "4c70f70ab5a5236a4bd65152", "categories": [{"pluralName": "Seafood Restaurants", "id": "4bf58dd8d48988d1ce941735", "primary": true, "icon": {"prefix": "https://ss3.4sqi.net/img/categories_v2/food/seafood_", "suffix": ".png"}, "name": "Seafood Restaurant", "shortName": "Seafood"}], "location": {"lng": 103.899631, "formattedAddress": ["Joo Chiat Food Centre @ Joo Chiat Complex (2 Joo Chiat Road. #01-1127.)", "420002", "Singapore"], "postalCode": "420002", "lat": 1.315934, "crossStreet": "2 Joo Chiat Road. #01-1127.", "country": "Singapore", "distance": 587, "city": "Singapore", "cc": "SG", "address": "Joo Chiat Food Centre @ Joo Chiat Complex", "labeledLatLngs": [{"lng": 103.899631, "label": "display", "lat": 1.315934}]}, "verified": false, "price": {"tier": 3, "currency": "$", "message": "Expensive"}}, "referralId": "e-3-4c70f70ab5a5236a4bd65152-50"}, {"reasons": {"items": [{"reasonName": "globalInteractionReason", "summary": "This spot is popular", "type": "general"}], "count": 0}, "venue": {"hereNow": {"groups": [], "summary": "Nobody here", "count": 0}, "contact": {}, "photos": {"groups": [], "count": 0}, "name": "Joo Chiat Cafe", "allowMenuUrlEdit": true, "beenHere": {"lastCheckinExpiredAt": 0, "count": 0, "marked": false}, "stats": {"checkinsCount": 75, "usersCount": 17, "tipCount": 4}, "id": "4ccf9fa57f56a14365cdc8a6", "categories": [{"pluralName": "Asian Restaurants", "id": "4bf58dd8d48988d142941735", "primary": true, "icon": {"prefix": "https://ss3.4sqi.net/img/categories_v2/food/asian_", "suffix": ".png"}, "name": "Asian Restaurant", "shortName": "Asian"}], "location": {"formattedAddress": ["Singapore"], "lat": 1.315939, "lng": 103.899555, "distance": 593, "country": "Singapore", "cc": "SG", "labeledLatLngs": [{"lng": 103.899555, "label": "display", "lat": 1.315939}]}, "verified": false, "price": {"tier": 2, "currency": "$", "message": "Moderate"}}, "referralId": "e-3-4ccf9fa57f56a14365cdc8a6-51", "tips": [{"id": "4d21613816cfb60cfe126161", "text": "Best briyani can be found here. Must try!!!", "disagreeCount": 0, "logView": true, "createdAt": 1294033208, "likes": {"groups": [], "summary": "6 likes", "count": 6}, "todo": {"count": 1}, "agreeCount": 0, "canonicalUrl": "https://foursquare.com/item/4d21613816cfb60cfe126161", "type": "user", "user": {"gender": "female", "id": "788521", "photo": {"prefix": "https://igx.4sqi.net/img/user/", "suffix": "/0M3OVHRGNFQJXR1R.jpg"}, "firstName": "Annisa", "lastName": "Zahra"}}]}, {"reasons": {"items": [{"reasonName": "globalInteractionReason", "summary": "This spot is popular", "type": "general"}], "count": 0}, "venue": {"hereNow": {"groups": [], "summary": "Nobody here", "count": 0}, "contact": {}, "photos": {"groups": [], "count": 0}, "rating": 5.7, "name": "Charisma D'venue", "ratingSignals": 14, "allowMenuUrlEdit": true, "categories": [{"pluralName": "Asian Restaurants", "id": "4bf58dd8d48988d142941735", "primary": true, "icon": {"prefix": "https://ss3.4sqi.net/img/categories_v2/food/asian_", "suffix": ".png"}, "name": "Asian Restaurant", "shortName": "Asian"}], "stats": {"checkinsCount": 207, "usersCount": 173, "tipCount": 5}, "id": "511f29fae4b08f84abdb5ff0", "beenHere": {"lastCheckinExpiredAt": 0, "count": 0, "marked": false}, "ratingColor": "FF9600", "location": {"formattedAddress": ["Singapore"], "lat": 1.313258500608435, "lng": 103.9007061985041, "distance": 779, "country": "Singapore", "cc": "SG", "labeledLatLngs": [{"lng": 103.9007061985041, "label": "display", "lat": 1.313258500608435}]}, "verified": false, "price": {"tier": 2, "currency": "$", "message": "Moderate"}}, "referralId": "e-3-511f29fae4b08f84abdb5ff0-52", "tips": [{"id": "515d84afe4b069f93b267fb0", "text": "The is NOTHING that is NOT nice here... Everything is GOOD!", "disagreeCount": 0, "logView": true, "createdAt": 1365083311, "likes": {"groups": [], "summary": "1 like", "count": 1}, "todo": {"count": 0}, "agreeCount": 1, "canonicalUrl": "https://foursquare.com/item/515d84afe4b069f93b267fb0", "type": "user", "user": {"id": "3270487", "photo": {"prefix": "https://igx.4sqi.net/img/user/", "suffix": "/3270487-1RYMBMCGI2C15EJH.jpg"}, "firstName": "SaniZ", "gender": "male"}}]}, {"reasons": {"items": [{"reasonName": "globalInteractionReason", "summary": "This spot is popular", "type": "general"}], "count": 0}, "venue": {"hereNow": {"groups": [], "summary": "Nobody here", "count": 0}, "contact": {}, "photos": {"groups": [], "count": 0}, "name": "Far East Chicken Rice", "allowMenuUrlEdit": true, "beenHere": {"lastCheckinExpiredAt": 0, "count": 0, "marked": false}, "stats": {"checkinsCount": 170, "usersCount": 42, "tipCount": 3}, "id": "4c94644601dd76b0a5efb648", "categories": [{"pluralName": "Asian Restaurants", "id": "4bf58dd8d48988d142941735", "primary": true, "icon": {"prefix": "https://ss3.4sqi.net/img/categories_v2/food/asian_", "suffix": ".png"}, "name": "Asian Restaurant", "shortName": "Asian"}], "location": {"formattedAddress": ["Blk 350 Ubi Ave 1", "Singapore"], "lat": 1.3256402067644333, "lng": 103.90160107698972, "country": "Singapore", "distance": 677, "city": "Singapore", "cc": "SG", "address": "Blk 350 Ubi Ave 1", "labeledLatLngs": [{"lng": 103.90160107698972, "label": "display", "lat": 1.3256402067644333}]}, "verified": false, "price": {"tier": 2, "currency": "$", "message": "Moderate"}}, "referralId": "e-3-4c94644601dd76b0a5efb648-53", "tips": [{"id": "4f0143f6b6346feaee278567", "text": "Forgot to mention, their Chili  is very nice. Like the taste. :)", "disagreeCount": 0, "createdAt": 1325482998, "logView": true, "todo": {"count": 0}, "agreeCount": 0, "canonicalUrl": "https://foursquare.com/item/4f0143f6b6346feaee278567", "type": "user", "user": {"gender": "female", "id": "6083439", "photo": {"prefix": "https://igx.4sqi.net/img/user/", "suffix": "/OQ2HWIZ33PGCZOKQ.jpg"}, "firstName": "Chiyo", "lastName": "Chan"}}]}, {"reasons": {"items": [{"reasonName": "globalInteractionReason", "summary": "This spot is popular", "type": "general"}], "count": 0}, "venue": {"hereNow": {"groups": [], "summary": "Nobody here", "count": 0}, "contact": {}, "photos": {"groups": [], "count": 0}, "name": "Briyani Express Singapore", "allowMenuUrlEdit": true, "beenHere": {"lastCheckinExpiredAt": 0, "count": 0, "marked": false}, "stats": {"checkinsCount": 38, "usersCount": 25, "tipCount": 1}, "id": "4cda3c2e4006a1439f81d0b2", "categories": [{"pluralName": "Indian Restaurants", "id": "4bf58dd8d48988d10f941735", "primary": true, "icon": {"prefix": "https://ss3.4sqi.net/img/categories_v2/food/indian_", "suffix": ".png"}, "name": "Indian Restaurant", "shortName": "Indian"}], "location": {"formattedAddress": ["Singapore"], "lat": 1.3165324454500156, "lng": 103.89805558010745, "country": "Singapore", "distance": 681, "city": "Singapore", "cc": "SG", "labeledLatLngs": [{"lng": 103.89805558010745, "label": "display", "lat": 1.3165324454500156}]}, "verified": false, "price": {"tier": 2, "currency": "$", "message": "Moderate"}}, "referralId": "e-3-4cda3c2e4006a1439f81d0b2-54", "tips": [{"id": "51009f24e4b0451f427affe0", "text": "Best Briyani Rice here... Though expensive... Worth your money!!!", "disagreeCount": 0, "logView": true, "createdAt": 1358995236, "likes": {"groups": [], "summary": "1 like", "count": 1}, "todo": {"count": 0}, "agreeCount": 1, "canonicalUrl": "https://foursquare.com/item/51009f24e4b0451f427affe0", "type": "user", "user": {"gender": "male", "id": "3806109", "photo": {"prefix": "https://igx.4sqi.net/img/user/", "suffix": "/2JWMBN23TFAOFW1V.jpg"}, "firstName": "Norhidayat", "lastName": "Ali"}}]}, {"reasons": {"items": [{"reasonName": "globalInteractionReason", "summary": "This spot is popular", "type": "general"}], "count": 0}, "venue": {"venuePage": {"id": "94069489"}, "hereNow": {"groups": [], "summary": "Nobody here", "count": 0}, "contact": {"facebook": "602532916445823", "facebookUsername": "cheeseshop.sg", "facebookName": "The Cheese Shop Singapore", "phone": "+6590693471", "formattedPhone": "+65 9069 3471"}, "storeId": "", "photos": {"groups": [], "count": 0}, "name": "The Cheese Shop Singapore", "allowMenuUrlEdit": true, "beenHere": {"lastCheckinExpiredAt": 0, "count": 0, "marked": false}, "stats": {"checkinsCount": 34, "usersCount": 23, "tipCount": 2}, "id": "53e8a033498e08c3d1c557a5", "categories": [{"pluralName": "Delis / Bodegas", "id": "4bf58dd8d48988d146941735", "primary": true, "icon": {"prefix": "https://ss3.4sqi.net/img/categories_v2/food/deli_", "suffix": ".png"}, "name": "Deli / Bodega", "shortName": "Deli / Bodega"}], "location": {"formattedAddress": ["267 Joo Chiat Road", "427801", "Singapore"], "postalCode": "427801", "lat": 1.3136692264486665, "lng": 103.90260357439259, "country": "Singapore", "distance": 683, "city": "Singapore", "cc": "SG", "address": "267 Joo Chiat Road", "labeledLatLngs": [{"lng": 103.90260357439259, "label": "display", "lat": 1.3136692264486665}]}, "hours": {"isLocalHoliday": false, "isOpen": false, "status": "Closed until Noon tomorrow"}, "verified": true, "price": {"tier": 1, "currency": "$", "message": "Cheap"}}, "referralId": "e-3-53e8a033498e08c3d1c557a5-55", "tips": [{"id": "57c7c284498e9ef102d2e79f", "text": "A paradise for Cheese lovers literally! Ask for a piece to try the cheese before buy it!", "disagreeCount": 0, "createdAt": 1472709252, "logView": true, "todo": {"count": 0}, "agreeCount": 0, "canonicalUrl": "https://foursquare.com/item/57c7c284498e9ef102d2e79f", "type": "user", "user": {"gender": "female", "id": "25551149", "photo": {"prefix": "https://igx.4sqi.net/img/user/", "suffix": "/25551149-UVMTRSUWHRBVAJ0F.jpg"}, "firstName": "Martina", "lastName": "Maitan"}}]}, {"reasons": {"items": [{"reasonName": "globalInteractionReason", "summary": "This spot is popular", "type": "general"}], "count": 0}, "venue": {"hereNow": {"groups": [], "summary": "Nobody here", "count": 0}, "contact": {}, "photos": {"groups": [], "count": 0}, "name": "Razack's Kitchen", "allowMenuUrlEdit": true, "beenHere": {"lastCheckinExpiredAt": 0, "count": 0, "marked": false}, "stats": {"checkinsCount": 37, "usersCount": 28, "tipCount": 0}, "id": "4d85cf485e70224bff022a09", "categories": [{"pluralName": "Asian Restaurants", "id": "4bf58dd8d48988d142941735", "primary": true, "icon": {"prefix": "https://ss3.4sqi.net/img/categories_v2/food/asian_", "suffix": ".png"}, "name": "Asian Restaurant", "shortName": "Asian"}], "location": {"formattedAddress": ["324 Changi Road", "Singapore"], "lat": 1.320034802164704, "lng": 103.9094286811402, "country": "Singapore", "distance": 687, "city": "Singapore", "cc": "SG", "address": "324 Changi Road", "labeledLatLngs": [{"lng": 103.9094286811402, "label": "display", "lat": 1.320034802164704}]}, "verified": false, "price": {"tier": 2, "currency": "$", "message": "Moderate"}}, "referralId": "e-3-4d85cf485e70224bff022a09-56"}, {"reasons": {"items": [{"reasonName": "globalInteractionReason", "summary": "This spot is popular", "type": "general"}], "count": 0}, "venue": {"hereNow": {"groups": [], "summary": "Nobody here", "count": 0}, "contact": {}, "photos": {"groups": [], "count": 0}, "name": "Cafe Plus", "allowMenuUrlEdit": true, "beenHere": {"lastCheckinExpiredAt": 0, "count": 0, "marked": false}, "stats": {"checkinsCount": 218, "usersCount": 34, "tipCount": 0}, "id": "4c42f1c1cc410f47697cad61", "categories": [{"pluralName": "Restaurants", "id": "4bf58dd8d48988d1c4941735", "primary": true, "icon": {"prefix": "https://ss3.4sqi.net/img/categories_v2/food/default_", "suffix": ".png"}, "name": "Restaurant", "shortName": "Restaurant"}], "location": {"formattedAddress": ["Joo Chiat Place", "Singapore"], "lat": 1.3144543892377394, "lng": 103.90655133326435, "distance": 697, "country": "Singapore", "cc": "SG", "address": "Joo Chiat Place", "labeledLatLngs": [{"lng": 103.90655133326435, "label": "display", "lat": 1.3144543892377394}]}, "verified": false, "price": {"tier": 2, "currency": "$", "message": "Moderate"}}, "referralId": "e-3-4c42f1c1cc410f47697cad61-57"}, {"reasons": {"items": [{"reasonName": "globalInteractionReason", "summary": "This spot is popular", "type": "general"}], "count": 0}, "venue": {"hereNow": {"groups": [], "summary": "Nobody here", "count": 0}, "contact": {}, "photos": {"groups": [], "count": 0}, "rating": 5.5, "name": "Xu Jun Sheng Teochew Porridge", "ratingSignals": 10, "allowMenuUrlEdit": true, "categories": [{"pluralName": "Chinese Restaurants", "id": "4bf58dd8d48988d145941735", "primary": true, "icon": {"prefix": "https://ss3.4sqi.net/img/categories_v2/food/asian_", "suffix": ".png"}, "name": "Chinese Restaurant", "shortName": "Chinese"}], "stats": {"checkinsCount": 108, "usersCount": 73, "tipCount": 12}, "id": "4b641923f964a520e89e2ae3", "beenHere": {"lastCheckinExpiredAt": 0, "count": 0, "marked": false}, "ratingColor": "FF9600", "location": {"formattedAddress": ["59 joo chiat place", "427768", "Singapore"], "postalCode": "427768", "lat": 1.31356, "lng": 103.901366, "distance": 723, "country": "Singapore", "cc": "SG", "address": "59 joo chiat place", "labeledLatLngs": [{"lng": 103.901366, "label": "display", "lat": 1.31356}]}, "verified": false, "price": {"tier": 1, "currency": "$", "message": "Cheap"}}, "referralId": "e-3-4b641923f964a520e89e2ae3-58", "tips": [{"id": "4d5f9b871939a35da54d17ee", "text": "They have moved. The stall is no longer around", "disagreeCount": 0, "logView": true, "createdAt": 1298111367, "likes": {"groups": [], "summary": "1 like", "count": 1}, "todo": {"count": 0}, "agreeCount": 0, "canonicalUrl": "https://foursquare.com/item/4d5f9b871939a35da54d17ee", "type": "user", "user": {"gender": "male", "id": "5388473", "photo": {"prefix": "https://igx.4sqi.net/img/user/", "suffix": "/TH02HRJW231GTBMK.jpg"}, "firstName": "Junwen", "lastName": "Jian"}}]}, {"reasons": {"items": [{"reasonName": "globalInteractionReason", "summary": "This spot is popular", "type": "general"}], "count": 0}, "venue": {"id": "4c22e1bdfbe5c9b6c1b09a21", "hereNow": {"groups": [], "summary": "Nobody here", "count": 0}, "contact": {}, "beenHere": {"lastCheckinExpiredAt": 0, "count": 0, "marked": false}, "photos": {"groups": [], "count": 0}, "name": "Gerai Nenek Obek", "location": {"formattedAddress": ["Geylang Market", "Singapore"], "lat": 1.316493, "lng": 103.897848, "distance": 703, "country": "Singapore", "cc": "SG", "address": "Geylang Market", "labeledLatLngs": [{"lng": 103.897848, "label": "display", "lat": 1.316493}]}, "allowMenuUrlEdit": true, "verified": false, "categories": [{"pluralName": "Food Courts", "id": "4bf58dd8d48988d120951735", "primary": true, "icon": {"prefix": "https://ss3.4sqi.net/img/categories_v2/shops/food_foodcourt_", "suffix": ".png"}, "name": "Food Court", "shortName": "Food Court"}], "stats": {"checkinsCount": 78, "usersCount": 58, "tipCount": 2}}, "referralId": "e-3-4c22e1bdfbe5c9b6c1b09a21-59", "tips": [{"id": "4c956d9cf7cfa1cd52bbbd15", "text": "It's a long queue everytime.", "disagreeCount": 0, "logView": true, "createdAt": 1284861340, "likes": {"groups": [], "summary": "10 likes", "count": 10}, "todo": {"count": 3}, "agreeCount": 0, "canonicalUrl": "https://foursquare.com/item/4c956d9cf7cfa1cd52bbbd15", "type": "user", "user": {"gender": "female", "id": "1960601", "photo": {"prefix": "https://igx.4sqi.net/img/user/", "suffix": "/D4SRCVXM2RHA45QA.jpg"}, "firstName": "N.", "lastName": "Esmerelda"}}]}, {"reasons": {"items": [{"reasonName": "globalInteractionReason", "summary": "This spot is popular", "type": "general"}], "count": 0}, "venue": {"hereNow": {"groups": [], "summary": "Nobody here", "count": 0}, "contact": {}, "photos": {"groups": [], "count": 0}, "name": "Jln. Tua Kong (Joo Chiat Pl)", "allowMenuUrlEdit": true, "beenHere": {"lastCheckinExpiredAt": 0, "count": 0, "marked": false}, "stats": {"checkinsCount": 334, "usersCount": 92, "tipCount": 1}, "id": "4bdd184a645e0f474de06a19", "categories": [{"pluralName": "Chinese Restaurants", "id": "4bf58dd8d48988d145941735", "primary": true, "icon": {"prefix": "https://ss3.4sqi.net/img/categories_v2/food/asian_", "suffix": ".png"}, "name": "Chinese Restaurant", "shortName": "Chinese"}], "location": {"formattedAddress": ["Singapore"], "lat": 1.314378, "lng": 103.906709, "distance": 713, "country": "Singapore", "cc": "SG", "labeledLatLngs": [{"lng": 103.906709, "label": "display", "lat": 1.314378}]}, "hours": {"isLocalHoliday": false, "isOpen": true, "status": "Likely open"}, "verified": false, "price": {"tier": 1, "currency": "$", "message": "Cheap"}}, "referralId": "e-3-4bdd184a645e0f474de06a19-60", "tips": [{"id": "4cc4ff1c01fb236a474cafba", "text": "Nice Mee Pok, provided the cook is a man in mid forties", "disagreeCount": 0, "createdAt": 1287978780, "logView": true, "todo": {"count": 0}, "agreeCount": 0, "canonicalUrl": "https://foursquare.com/item/4cc4ff1c01fb236a474cafba", "type": "user", "user": {"gender": "male", "id": "3241063", "photo": {"prefix": "https://igx.4sqi.net/img/user/", "suffix": "/ISGMCOX4JSPEOYHI.jpg"}, "firstName": "Fed", "lastName": "Wu"}}]}, {"reasons": {"items": [{"reasonName": "globalInteractionReason", "summary": "This spot is popular", "type": "general"}], "count": 0}, "venue": {"hereNow": {"groups": [], "summary": "Nobody here", "count": 0}, "contact": {}, "photos": {"groups": [], "count": 0}, "name": "Broadway Foodcourt @ Geylang Serai Market", "allowMenuUrlEdit": true, "beenHere": {"lastCheckinExpiredAt": 0, "count": 0, "marked": false}, "stats": {"checkinsCount": 234, "usersCount": 159, "tipCount": 6}, "id": "4c67a06bf7a80f47d1c0a17a", "categories": [{"pluralName": "Asian Restaurants", "id": "4bf58dd8d48988d142941735", "primary": true, "icon": {"prefix": "https://ss3.4sqi.net/img/categories_v2/food/asian_", "suffix": ".png"}, "name": "Asian Restaurant", "shortName": "Asian"}], "location": {"formattedAddress": ["Singapore"], "lat": 1.316404, "lng": 103.897769, "distance": 716, "country": "Singapore", "cc": "SG", "labeledLatLngs": [{"lng": 103.897769, "label": "display", "lat": 1.316404}]}, "verified": false, "price": {"tier": 2, "currency": "$", "message": "Moderate"}}, "referralId": "e-3-4c67a06bf7a80f47d1c0a17a-61", "tips": [{"id": "4d326da85017a093de7a499b", "text": "Yes...very very d deLiCiouS!!!\ue105", "disagreeCount": 0, "logView": true, "createdAt": 1295150504, "likes": {"groups": [], "summary": "3 likes", "count": 3}, "todo": {"count": 1}, "agreeCount": 0, "canonicalUrl": "https://foursquare.com/item/4d326da85017a093de7a499b", "type": "user", "user": {"gender": "female", "id": "4452046", "photo": {"prefix": "https://igx.4sqi.net/img/user/", "suffix": "/G3BK3T4KUD3IRW50.jpg"}, "firstName": "DianaWandi", "lastName": "BoyNana"}}]}, {"reasons": {"items": [{"reasonName": "globalInteractionReason", "summary": "This spot is popular", "type": "general"}], "count": 0}, "venue": {"hereNow": {"groups": [], "summary": "Nobody here", "count": 0}, "contact": {}, "photos": {"groups": [], "count": 0}, "name": "Taste Of Village Kitchen", "allowMenuUrlEdit": true, "beenHere": {"lastCheckinExpiredAt": 0, "count": 0, "marked": false}, "stats": {"checkinsCount": 54, "usersCount": 38, "tipCount": 2}, "id": "4cdf61b7aba88cfa93fc48d7", "categories": [{"pluralName": "Seafood Restaurants", "id": "4bf58dd8d48988d1ce941735", "primary": true, "icon": {"prefix": "https://ss3.4sqi.net/img/categories_v2/food/seafood_", "suffix": ".png"}, "name": "Seafood Restaurant", "shortName": "Seafood"}], "location": {"lng": 103.90960426928555, "formattedAddress": ["Lor Marzuki (East Coast Road)", "419818", "Singapore"], "postalCode": "419818", "lat": 1.3186158981335512, "crossStreet": "East Coast Road", "country": "Singapore", "distance": 718, "city": "Singapore", "cc": "SG", "address": "Lor Marzuki", "labeledLatLngs": [{"lng": 103.90960426928555, "label": "display", "lat": 1.3186158981335512}]}, "verified": false, "price": {"tier": 3, "currency": "$", "message": "Expensive"}}, "referralId": "e-3-4cdf61b7aba88cfa93fc48d7-62", "tips": [{"id": "4f5f39cfe4b0569e052035d4", "text": "Great food and real value for money! Worth checking out the steam fish - wow it's really good!", "disagreeCount": 0, "createdAt": 1331640783, "logView": true, "todo": {"count": 0}, "agreeCount": 0, "canonicalUrl": "https://foursquare.com/item/4f5f39cfe4b0569e052035d4", "type": "user", "user": {"gender": "male", "id": "755938", "photo": {"prefix": "https://igx.4sqi.net/img/user/", "suffix": "/UWU34HJRZZIA0DVC.jpg"}, "firstName": "Logan", "lastName": "Nathan"}}]}, {"reasons": {"items": [{"reasonName": "globalInteractionReason", "summary": "This spot is popular", "type": "general"}], "count": 0}, "venue": {"hereNow": {"groups": [], "summary": "Nobody here", "count": 0}, "contact": {}, "photos": {"groups": [], "count": 0}, "name": "Hajjah Mona Nasi Padang", "allowMenuUrlEdit": true, "beenHere": {"lastCheckinExpiredAt": 0, "count": 0, "marked": false}, "stats": {"checkinsCount": 167, "usersCount": 108, "tipCount": 6}, "id": "4b058812f964a520e4af22e3", "categories": [{"pluralName": "Restaurants", "id": "4bf58dd8d48988d1c4941735", "primary": true, "icon": {"prefix": "https://ss3.4sqi.net/img/categories_v2/food/default_", "suffix": ".png"}, "name": "Restaurant", "shortName": "Restaurant"}], "location": {"formattedAddress": ["Off Jalan Pasar Baru", "Singapore"], "lat": 1.316465, "lng": 103.897689, "country": "Singapore", "distance": 720, "city": "Singapore", "cc": "SG", "address": "Off Jalan Pasar Baru", "labeledLatLngs": [{"lng": 103.897689, "label": "display", "lat": 1.316465}]}, "verified": false, "price": {"tier": 2, "currency": "$", "message": "Moderate"}}, "referralId": "e-3-4b058812f964a520e4af22e3-63", "tips": [{"id": "4dbb52a86e810768bf4214ac", "text": "too pricy...ayam bakar,terung sambal n 5 pc of telur burung n white rice is at S$7.20!!!ridiculous!!!", "disagreeCount": 0, "logView": true, "createdAt": 1304122024, "likes": {"groups": [], "summary": "1 like", "count": 1}, "todo": {"count": 0}, "agreeCount": 1, "canonicalUrl": "https://foursquare.com/item/4dbb52a86e810768bf4214ac", "type": "user", "user": {"id": "5143521", "photo": {"prefix": "https://igx.4sqi.net/img/user/", "suffix": "/5143521-PXRNC4R4URXD21L0.jpg"}, "firstName": "NiZ jEnesiS", "gender": "female"}}]}, {"reasons": {"items": [{"reasonName": "globalInteractionReason", "summary": "This spot is popular", "type": "general"}], "count": 0}, "venue": {"hereNow": {"groups": [], "summary": "Nobody here", "count": 0}, "contact": {}, "photos": {"groups": [], "count": 0}, "name": "Joo Chiat Place Fried Kway Teow", "allowMenuUrlEdit": true, "beenHere": {"lastCheckinExpiredAt": 0, "count": 0, "marked": false}, "stats": {"checkinsCount": 258, "usersCount": 70, "tipCount": 4}, "id": "4c29be86e19720a1f0eaf958", "categories": [{"pluralName": "Asian Restaurants", "id": "4bf58dd8d48988d142941735", "primary": true, "icon": {"prefix": "https://ss3.4sqi.net/img/categories_v2/food/asian_", "suffix": ".png"}, "name": "Asian Restaurant", "shortName": "Asian"}], "location": {"formattedAddress": ["59 Joo Chiat Place", "427800", "Singapore"], "postalCode": "427800", "lat": 1.313492, "lng": 103.90139209, "country": "Singapore", "distance": 729, "city": "Singapore", "cc": "SG", "address": "59 Joo Chiat Place", "labeledLatLngs": [{"lng": 103.90139209, "label": "display", "lat": 1.313492}]}, "hours": {"isLocalHoliday": false, "isOpen": false}, "verified": false, "price": {"tier": 2, "currency": "$", "message": "Moderate"}}, "referralId": "e-3-4c29be86e19720a1f0eaf958-64", "tips": [{"id": "533c0678498e0a9626939a51", "text": "12.00pm to 09.00pm daily.", "disagreeCount": 0, "logView": true, "createdAt": 1396442744, "likes": {"groups": [], "summary": "2 likes", "count": 2}, "todo": {"count": 0}, "agreeCount": 2, "canonicalUrl": "https://foursquare.com/item/533c0678498e0a9626939a51", "type": "user", "user": {"gender": "male", "id": "44281896", "photo": {"prefix": "https://igx.4sqi.net/img/user/", "suffix": "/BY13F5T2JHUBDMJP.jpg"}, "firstName": "Neu", "lastName": "Tea"}}]}, {"reasons": {"items": [{"reasonName": "globalInteractionReason", "summary": "This spot is popular", "type": "general"}], "count": 0}, "venue": {"hereNow": {"groups": [], "summary": "Nobody here", "count": 0}, "contact": {}, "photos": {"groups": [], "count": 0}, "name": "Kg Chai Chee Restaurant", "allowMenuUrlEdit": true, "beenHere": {"lastCheckinExpiredAt": 0, "count": 0, "marked": false}, "stats": {"checkinsCount": 113, "usersCount": 94, "tipCount": 2}, "id": "4ce11801f8a4a1433456e8bc", "categories": [{"pluralName": "Thai Restaurants", "id": "4bf58dd8d48988d149941735", "primary": true, "icon": {"prefix": "https://ss3.4sqi.net/img/categories_v2/food/thai_", "suffix": ".png"}, "name": "Thai Restaurant", "shortName": "Thai"}], "location": {"formattedAddress": ["Singapore"], "lat": 1.3184190109751466, "lng": 103.90967790309088, "distance": 730, "country": "Singapore", "cc": "SG", "labeledLatLngs": [{"lng": 103.90967790309088, "label": "display", "lat": 1.3184190109751466}]}, "verified": false, "price": {"tier": 2, "currency": "$", "message": "Moderate"}}, "referralId": "e-3-4ce11801f8a4a1433456e8bc-65", "tips": [{"id": "4d8b30091508a14356bb341e", "text": "Hmmm..quite pricy indeed....but still sustainable thru out..", "disagreeCount": 0, "createdAt": 1300967433, "logView": true, "todo": {"count": 0}, "agreeCount": 0, "canonicalUrl": "https://foursquare.com/item/4d8b30091508a14356bb341e", "type": "user", "user": {"id": "3632359", "photo": {"prefix": "https://igx.4sqi.net/img/user/", "suffix": "/OV2TCAHR23UOCBT3.jpg"}, "firstName": "Salmannizam", "gender": "male"}}]}, {"reasons": {"items": [{"reasonName": "globalInteractionReason", "summary": "This spot is popular", "type": "general"}], "count": 0}, "venue": {"hereNow": {"groups": [], "summary": "Nobody here", "count": 0}, "contact": {}, "photos": {"groups": [], "count": 0}, "name": "Temptations", "allowMenuUrlEdit": true, "beenHere": {"lastCheckinExpiredAt": 0, "count": 0, "marked": false}, "stats": {"checkinsCount": 62, "usersCount": 29, "tipCount": 0}, "id": "4f65454de4b02cbb7fd88632", "categories": [{"pluralName": "Bakeries", "id": "4bf58dd8d48988d16a941735", "primary": true, "icon": {"prefix": "https://ss3.4sqi.net/img/categories_v2/food/bakery_", "suffix": ".png"}, "name": "Bakery", "shortName": "Bakery"}], "location": {"formattedAddress": ["42 Joo Chiat Pl", "427766", "Singapore"], "postalCode": "427766", "lat": 1.3134930765252424, "lng": 103.90126691282016, "distance": 733, "country": "Singapore", "cc": "SG", "address": "42 Joo Chiat Pl", "labeledLatLngs": [{"lng": 103.90126691282016, "label": "display", "lat": 1.3134930765252424}]}, "verified": false, "price": {"tier": 1, "currency": "$", "message": "Cheap"}}, "referralId": "e-3-4f65454de4b02cbb7fd88632-66"}, {"reasons": {"items": [{"reasonName": "globalInteractionReason", "summary": "This spot is popular", "type": "general"}], "count": 0}, "venue": {"id": "4c95a347f6c8ef3b52cb7dcf", "hereNow": {"groups": [], "summary": "Nobody here", "count": 0}, "contact": {}, "beenHere": {"lastCheckinExpiredAt": 0, "count": 0, "marked": false}, "photos": {"groups": [], "count": 0}, "name": "You Mei Coffeeshop", "location": {"formattedAddress": ["Blk 350 Ubi Ave 1", "Singapore"], "lat": 1.3264177796078211, "lng": 103.90246764211115, "country": "Singapore", "distance": 744, "city": "Singapore", "cc": "SG", "address": "Blk 350 Ubi Ave 1", "labeledLatLngs": [{"lng": 103.90246764211115, "label": "display", "lat": 1.3264177796078211}]}, "allowMenuUrlEdit": true, "verified": false, "categories": [{"pluralName": "Food Courts", "id": "4bf58dd8d48988d120951735", "primary": true, "icon": {"prefix": "https://ss3.4sqi.net/img/categories_v2/shops/food_foodcourt_", "suffix": ".png"}, "name": "Food Court", "shortName": "Food Court"}], "stats": {"checkinsCount": 138, "usersCount": 17, "tipCount": 0}}, "referralId": "e-3-4c95a347f6c8ef3b52cb7dcf-67"}, {"reasons": {"items": [{"reasonName": "globalInteractionReason", "summary": "This spot is popular", "type": "general"}], "count": 0}, "venue": {"hereNow": {"groups": [], "summary": "Nobody here", "count": 0}, "contact": {"phone": "+6563441925", "formattedPhone": "+65 6344 1925"}, "photos": {"groups": [], "count": 0}, "name": "\u53a8\u9053 Chu Dao Chinese Cuisine", "allowMenuUrlEdit": true, "beenHere": {"lastCheckinExpiredAt": 0, "count": 0, "marked": false}, "stats": {"checkinsCount": 126, "usersCount": 96, "tipCount": 2}, "id": "4ee2d962e4b0770c8155a5e3", "categories": [{"pluralName": "Chinese Restaurants", "id": "4bf58dd8d48988d145941735", "primary": true, "icon": {"prefix": "https://ss3.4sqi.net/img/categories_v2/food/asian_", "suffix": ".png"}, "name": "Chinese Restaurant", "shortName": "Chinese"}], "location": {"formattedAddress": ["45 Joo Chiat Place #01-01", "427769", "Singapore"], "postalCode": "427769", "lat": 1.3133589475111938, "lng": 103.90075717243792, "country": "Singapore", "distance": 766, "city": "Singapore", "cc": "SG", "address": "45 Joo Chiat Place #01-01", "labeledLatLngs": [{"lng": 103.90075717243792, "label": "display", "lat": 1.3133589475111938}]}, "verified": false, "price": {"tier": 1, "currency": "$", "message": "Cheap"}}, "referralId": "e-3-4ee2d962e4b0770c8155a5e3-68", "tips": [{"id": "50e29fb0e4b01580b47765a2", "text": "Celebrity Chef with house speciality, peking duck ($38-half), tofu with crab meat ($18), fish- soon hock($72 and above), coffee pork ribs ($18) are yummy, but pricey!", "disagreeCount": 0, "createdAt": 1357029296, "logView": true, "todo": {"count": 0}, "agreeCount": 0, "canonicalUrl": "https://foursquare.com/item/50e29fb0e4b01580b47765a2", "type": "user", "user": {"id": "3487280", "photo": {"prefix": "https://igx.4sqi.net/img/user/", "suffix": "/3487280-CLWMUSNRVBNFUXCE.jpg"}, "firstName": "Shan. XC", "gender": "female"}}]}, {"reasons": {"items": [{"reasonName": "globalInteractionReason", "summary": "This spot is popular", "type": "general"}], "count": 0}, "venue": {"hereNow": {"groups": [], "summary": "Nobody here", "count": 0}, "contact": {}, "photos": {"groups": [], "count": 0}, "name": "Dengdeng House @ Malay Village", "allowMenuUrlEdit": true, "beenHere": {"lastCheckinExpiredAt": 0, "count": 0, "marked": false}, "stats": {"checkinsCount": 36, "usersCount": 32, "tipCount": 0}, "id": "4c7a5602bd346dcb8e24f8ef", "categories": [{"pluralName": "Asian Restaurants", "id": "4bf58dd8d48988d142941735", "primary": true, "icon": {"prefix": "https://ss3.4sqi.net/img/categories_v2/food/asian_", "suffix": ".png"}, "name": "Asian Restaurant", "shortName": "Asian"}], "location": {"formattedAddress": ["Singapore"], "lat": 1.3162994384765625, "lng": 103.89712572097477, "distance": 784, "country": "Singapore", "cc": "SG", "labeledLatLngs": [{"lng": 103.89712572097477, "label": "display", "lat": 1.3162994384765625}]}, "verified": false, "price": {"tier": 2, "currency": "$", "message": "Moderate"}}, "referralId": "e-3-4c7a5602bd346dcb8e24f8ef-69"}, {"reasons": {"items": [{"reasonName": "globalInteractionReason", "summary": "This spot is popular", "type": "general"}], "count": 0}, "venue": {"hereNow": {"groups": [], "summary": "Nobody here", "count": 0}, "contact": {}, "photos": {"groups": [], "count": 0}, "name": "Wang Wang Teochew Rest", "allowMenuUrlEdit": true, "beenHere": {"lastCheckinExpiredAt": 0, "count": 0, "marked": false}, "stats": {"checkinsCount": 92, "usersCount": 32, "tipCount": 1}, "id": "4c2e96643896e21e3e9ae290", "categories": [{"pluralName": "Chinese Restaurants", "id": "4bf58dd8d48988d145941735", "primary": true, "icon": {"prefix": "https://ss3.4sqi.net/img/categories_v2/food/asian_", "suffix": ".png"}, "name": "Chinese Restaurant", "shortName": "Chinese"}], "location": {"formattedAddress": ["Singapore"], "lat": 1.313133, "lng": 103.90081433, "distance": 788, "country": "Singapore", "cc": "SG", "labeledLatLngs": [{"lng": 103.90081433, "label": "display", "lat": 1.313133}]}, "verified": false, "price": {"tier": 1, "currency": "$", "message": "Cheap"}}, "referralId": "e-3-4c2e96643896e21e3e9ae290-70", "tips": [{"id": "4cbd8e027148f04d9f84edab", "text": "The best minced-meat noodles ever!", "disagreeCount": 0, "logView": true, "createdAt": 1287491074, "likes": {"groups": [], "summary": "2 likes", "count": 2}, "todo": {"count": 0}, "agreeCount": 0, "canonicalUrl": "https://foursquare.com/item/4cbd8e027148f04d9f84edab", "type": "user", "user": {"gender": "male", "id": "3184894", "photo": {"prefix": "https://igx.4sqi.net/img/user/", "suffix": "/QIRA1GKH015GPKGO.jpg"}, "firstName": "Carlo", "lastName": "Cuento"}}]}, {"reasons": {"items": [{"reasonName": "globalInteractionReason", "summary": "This spot is popular", "type": "general"}], "count": 0}, "venue": {"hereNow": {"groups": [], "summary": "Nobody here", "count": 0}, "contact": {}, "photos": {"groups": [], "count": 0}, "name": "Opencrumb Cafe", "allowMenuUrlEdit": true, "beenHere": {"lastCheckinExpiredAt": 0, "count": 0, "marked": false}, "stats": {"checkinsCount": 75, "usersCount": 38, "tipCount": 0}, "id": "56179358498e866416a9ac6a", "categories": [{"pluralName": "Caf\u00e9s", "id": "4bf58dd8d48988d16d941735", "primary": true, "icon": {"prefix": "https://ss3.4sqi.net/img/categories_v2/food/cafe_", "suffix": ".png"}, "name": "Caf\u00e9", "shortName": "Caf\u00e9"}], "location": {"formattedAddress": ["Singapore"], "lat": 1.326515567025687, "lng": 103.90103469752172, "distance": 789, "country": "Singapore", "cc": "SG", "labeledLatLngs": [{"lng": 103.90103469752172, "label": "display", "lat": 1.326515567025687}]}, "verified": false, "price": {"tier": 1, "currency": "$", "message": "Cheap"}}, "referralId": "e-3-56179358498e866416a9ac6a-71"}, {"reasons": {"items": [{"reasonName": "globalInteractionReason", "summary": "This spot is popular", "type": "general"}], "count": 0}, "venue": {"hereNow": {"groups": [], "summary": "Nobody here", "count": 0}, "contact": {}, "photos": {"groups": [], "count": 0}, "name": "233 Joo Chiat Vietnamese Restaurant", "allowMenuUrlEdit": true, "beenHere": {"lastCheckinExpiredAt": 0, "count": 0, "marked": false}, "stats": {"checkinsCount": 155, "usersCount": 34, "tipCount": 1}, "id": "4d3848a59784a0934fc5dee8", "categories": [{"pluralName": "Vietnamese Restaurants", "id": "4bf58dd8d48988d14a941735", "primary": true, "icon": {"prefix": "https://ss3.4sqi.net/img/categories_v2/food/vietnamese_", "suffix": ".png"}, "name": "Vietnamese Restaurant", "shortName": "Vietnamese"}], "location": {"formattedAddress": ["233 Joo Chiat", "Singapore"], "lat": 1.3126743959336928, "lng": 103.90425176404335, "distance": 798, "country": "Singapore", "cc": "SG", "address": "233 Joo Chiat", "labeledLatLngs": [{"lng": 103.90425176404335, "label": "display", "lat": 1.3126743959336928}]}, "verified": false, "price": {"tier": 2, "currency": "$", "message": "Moderate"}}, "referralId": "e-3-4d3848a59784a0934fc5dee8-72", "tips": [{"id": "542901cf498e392c845ab765", "text": "Vietnamese drip coffee available here", "disagreeCount": 0, "createdAt": 1411973583, "logView": true, "todo": {"count": 0}, "agreeCount": 0, "canonicalUrl": "https://foursquare.com/item/542901cf498e392c845ab765", "type": "user", "user": {"id": "396429", "photo": {"prefix": "https://igx.4sqi.net/img/user/", "suffix": "/R3D3CMQBKGGCFYED.png"}, "firstName": "nvendr", "gender": "none"}}]}, {"reasons": {"items": [{"reasonName": "globalInteractionReason", "summary": "This spot is popular", "type": "general"}], "count": 0}, "venue": {"hereNow": {"groups": [], "summary": "Nobody here", "count": 0}, "contact": {}, "photos": {"groups": [], "count": 0}, "name": "Sha Zah Confectionery", "allowMenuUrlEdit": true, "beenHere": {"lastCheckinExpiredAt": 0, "count": 0, "marked": false}, "stats": {"checkinsCount": 209, "usersCount": 142, "tipCount": 6}, "id": "4c25bae9f1272d7f295c85c5", "categories": [{"pluralName": "Snack Places", "id": "4bf58dd8d48988d1c7941735", "primary": true, "icon": {"prefix": "https://ss3.4sqi.net/img/categories_v2/food/snacks_", "suffix": ".png"}, "name": "Snack Place", "shortName": "Snacks"}], "location": {"formattedAddress": ["105 Joo Chiat Road", "Singapore"], "neighborhood": "Katong", "lat": 1.313832, "lng": 103.899203, "country": "Singapore", "distance": 800, "city": "Singapore", "cc": "SG", "address": "105 Joo Chiat Road", "labeledLatLngs": [{"lng": 103.899203, "label": "display", "lat": 1.313832}]}, "hours": {"isLocalHoliday": false, "isOpen": false, "status": "Closed until 10:00 AM tomorrow"}, "verified": false, "price": {"tier": 1, "currency": "$", "message": "Cheap"}}, "referralId": "e-3-4c25bae9f1272d7f295c85c5-73", "tips": [{"id": "4cc5075682388cfa1f0f7335", "text": "A very nice confectionery shop that sells marvelous curry puffs around the area.", "disagreeCount": 0, "logView": true, "createdAt": 1287980886, "likes": {"groups": [], "summary": "2 likes", "count": 2}, "todo": {"count": 1}, "agreeCount": 0, "canonicalUrl": "https://foursquare.com/item/4cc5075682388cfa1f0f7335", "type": "user", "user": {"gender": "male", "id": "3199634", "photo": {"prefix": "https://igx.4sqi.net/img/user/", "suffix": "/XS1WTCHXCMFOO4N1.jpg"}, "firstName": "Edward", "lastName": "Yong"}}]}], "name": "recommended", "type": "Recommended Places"}], "query": "food", "headerLocation": "Central Region"}}