{"meta": {"code": 200, "requestId": "595a3b09351e3d64afea59bc"}, "response": {"suggestedFilters": {"filters": [{"name": "Open now", "key": "openNow"}], "header": "Tap to show:"}, "totalResults": 85, "headerFullLocation": "Punggol, Singapore", "headerLocationGranularity": "neighborhood", "suggestedBounds": {"ne": {"lng": 103.90926136223753, "lat": 1.411746734987957}, "sw": {"lng": 103.89488391457648, "lat": 1.3973467205879428}}, "groups": [{"items": [{"reasons": {"items": [{"reasonName": "globalInteractionReason", "summary": "This spot is popular", "type": "general"}], "count": 0}, "venue": {"hereNow": {"groups": [], "summary": "Nobody here", "count": 0}, "contact": {}, "photos": {"groups": [], "count": 0}, "name": "The Soup Spoon Union", "allowMenuUrlEdit": true, "beenHere": {"lastCheckinExpiredAt": 0, "count": 0, "marked": false}, "stats": {"checkinsCount": 251, "usersCount": 143, "tipCount": 0}, "id": "56a06500498e8d62a38beb6a", "categories": [{"pluralName": "Soup Places", "id": "4bf58dd8d48988d1dd931735", "primary": true, "icon": {"prefix": "https://ss3.4sqi.net/img/categories_v2/food/soup_", "suffix": ".png"}, "name": "Soup Place", "shortName": "Soup"}], "location": {"lng": 103.90219577795314, "formattedAddress": ["#B3-12, Waterway Point (83 Punggol Central)", "Singapore"], "lat": 1.4072210515509245, "crossStreet": "83 Punggol Central", "country": "Singapore", "distance": 298, "city": "Singapore", "cc": "SG", "address": "#B3-12, Waterway Point", "labeledLatLngs": [{"lng": 103.90219577795314, "label": "display", "lat": 1.4072210515509245}]}, "hours": {"isLocalHoliday": false, "isOpen": false}, "verified": false, "price": {"tier": 1, "currency": "$", "message": "Cheap"}}, "referralId": "e-3-56a06500498e8d62a38beb6a-50"}, {"reasons": {"items": [{"reasonName": "globalInteractionReason", "summary": "This spot is popular", "type": "general"}], "count": 0}, "venue": {"contact": {}, "photos": {"groups": [], "count": 0}, "rating": 5.5, "name": "NTUC Foodfare", "ratingSignals": 28, "allowMenuUrlEdit": true, "categories": [{"pluralName": "Food Courts", "id": "4bf58dd8d48988d120951735", "primary": true, "icon": {"prefix": "https://ss3.4sqi.net/img/categories_v2/shops/food_foodcourt_", "suffix": ".png"}, "name": "Food Court", "shortName": "Food Court"}], "stats": {"checkinsCount": 1191, "usersCount": 297, "tipCount": 12}, "id": "4fe51e4be4b0657297fa0514", "beenHere": {"lastCheckinExpiredAt": 0, "count": 0, "marked": false}, "url": "http://www.foodfare.com.sg", "ratingColor": "FF9600", "location": {"lng": 103.90100071482817, "formattedAddress": ["273C Punggol Place (Punggol Field)", "823273", "Singapore"], "postalCode": "823273", "lat": 1.402229836100381, "crossStreet": "Punggol Field", "country": "Singapore", "distance": 284, "city": "Singapore", "cc": "SG", "address": "273C Punggol Place", "labeledLatLngs": [{"lng": 103.90100071482817, "label": "display", "lat": 1.402229836100381}]}, "hours": {"isLocalHoliday": false, "isOpen": true, "status": "Likely open"}, "verified": false, "hereNow": {"groups": [], "summary": "Nobody here", "count": 0}}, "referralId": "e-3-4fe51e4be4b0657297fa0514-51", "tips": [{"id": "50b80741e4b0cdd4ba2a86b5", "text": "Indian stall here is from R.K.Eating House.", "disagreeCount": 0, "logView": true, "createdAt": 1354237761, "likes": {"groups": [], "summary": "2 likes", "count": 2}, "todo": {"count": 0}, "agreeCount": 2, "canonicalUrl": "https://foursquare.com/item/50b80741e4b0cdd4ba2a86b5", "type": "user", "user": {"gender": "male", "id": "5188604", "photo": {"prefix": "https://igx.4sqi.net/img/user/", "suffix": "/0AZRBV4KOAEWITKR.jpg"}, "firstName": "Chin Han", "lastName": "Tan"}}]}, {"reasons": {"items": [{"reasonName": "globalInteractionReason", "summary": "This spot is popular", "type": "general"}], "count": 0}, "venue": {"id": "56a0ae2c498e4df2040400fb", "hereNow": {"groups": [], "summary": "Nobody here", "count": 0}, "contact": {}, "beenHere": {"lastCheckinExpiredAt": 0, "count": 0, "marked": false}, "photos": {"groups": [], "count": 0}, "name": "Fruit Tart Shop", "location": {"lng": 103.90374767644285, "formattedAddress": ["Waterway Point (83 Punggol Central #01-65)", "Singapore"], "lat": 1.4017757865478835, "crossStreet": "83 Punggol Central #01-65", "distance": 360, "country": "Singapore", "cc": "SG", "address": "Waterway Point", "labeledLatLngs": [{"lng": 103.90374767644285, "label": "display", "lat": 1.4017757865478835}]}, "allowMenuUrlEdit": true, "verified": false, "categories": [{"pluralName": "Pie Shops", "id": "52e81612bcbc57f1066b7a0a", "primary": true, "icon": {"prefix": "https://ss3.4sqi.net/img/categories_v2/food/pieshop_", "suffix": ".png"}, "name": "Pie Shop", "shortName": "Pie Shop"}], "stats": {"checkinsCount": 30, "usersCount": 15, "tipCount": 2}}, "referralId": "e-3-56a0ae2c498e4df2040400fb-52", "tips": [{"logView": true, "photo": {"hasSticker": true, "id": "579caab8498ef4b25f25852e", "visibility": "friends", "source": {"name": "Swarm for iOS", "url": "https://www.swarmapp.com"}, "suffix": "/131787370_dtQBNxblD-3PIJfCGoHnXH9ddNWIGTMRx8j9PVjyivU.jpg", "createdAt": 1469885112, "prefix": "https://igx.4sqi.net/img/general/", "width": 1440, "height": 1920}, "createdAt": 1469885112, "agreeCount": 0, "id": "579caab8498ef4b25f25852f", "text": "omu rice looks good but cold rice on the inside & chicken taste a lil weird & waitress pls be attentive", "type": "user", "disagreeCount": 0, "user": {"gender": "male", "id": "131787370", "photo": {"prefix": "https://igx.4sqi.net/img/user/", "suffix": "/131787370-ZZNA35D002ZQ1J3U.jpg"}, "firstName": "Gai", "lastName": "Jin"}, "canonicalUrl": "https://foursquare.com/item/579caab8498ef4b25f25852f", "todo": {"count": 0}, "photourl": "https://igx.4sqi.net/img/general/original/131787370_dtQBNxblD-3PIJfCGoHnXH9ddNWIGTMRx8j9PVjyivU.jpg"}]}, {"reasons": {"items": [{"reasonName": "globalInteractionReason", "summary": "This spot is popular", "type": "general"}], "count": 0}, "venue": {"hereNow": {"groups": [], "summary": "Nobody here", "count": 0}, "contact": {}, "photos": {"groups": [], "count": 0}, "name": "Bbq Pit #4 @ 294 Punggol Central", "allowMenuUrlEdit": true, "beenHere": {"lastCheckinExpiredAt": 0, "count": 0, "marked": false}, "stats": {"checkinsCount": 137, "usersCount": 15, "tipCount": 0}, "id": "4ccc0003ee23a143555b1ba8", "categories": [{"pluralName": "BBQ Joints", "id": "4bf58dd8d48988d1df931735", "primary": true, "icon": {"prefix": "https://ss3.4sqi.net/img/categories_v2/food/bbqalt_", "suffix": ".png"}, "name": "BBQ Joint", "shortName": "BBQ"}], "location": {"formattedAddress": ["Singapore"], "lat": 1.402436, "lng": 103.904708, "distance": 375, "country": "Singapore", "cc": "SG", "labeledLatLngs": [{"lng": 103.904708, "label": "display", "lat": 1.402436}]}, "verified": false, "price": {"tier": 2, "currency": "$", "message": "Moderate"}}, "referralId": "e-3-4ccc0003ee23a143555b1ba8-53"}, {"reasons": {"items": [{"reasonName": "globalInteractionReason", "summary": "This spot is popular", "type": "general"}], "count": 0}, "venue": {"hereNow": {"groups": [], "summary": "Nobody here", "count": 0}, "contact": {"facebook": "320126421456905", "twitter": "miammiamsg", "facebookName": "Miam Miam French Japanese Cafe Kitchen", "phone": "+6563858098", "formattedPhone": "+65 6385 8098"}, "photos": {"groups": [], "count": 0}, "rating": 5.3, "name": "Miam Miam", "ratingSignals": 16, "allowMenuUrlEdit": true, "categories": [{"pluralName": "French Restaurants", "id": "4bf58dd8d48988d10c941735", "primary": true, "icon": {"prefix": "https://ss3.4sqi.net/img/categories_v2/food/french_", "suffix": ".png"}, "name": "French Restaurant", "shortName": "French"}], "stats": {"checkinsCount": 288, "usersCount": 223, "tipCount": 4}, "id": "569e27a6498e002cf80c7bd2", "beenHere": {"lastCheckinExpiredAt": 0, "count": 0, "marked": false}, "url": "http://miam.sg", "ratingColor": "FF9600", "location": {"lng": 103.90214480348362, "formattedAddress": ["#01-62 Waterway Point (83 Punggol Central)", "828761", "Singapore"], "postalCode": "828761", "lat": 1.4063604989024592, "crossStreet": "83 Punggol Central", "country": "Singapore", "distance": 202, "city": "Singapore", "cc": "SG", "address": "#01-62 Waterway Point", "labeledLatLngs": [{"lng": 103.90214480348362, "label": "display", "lat": 1.4063604989024592}]}, "hours": {"isLocalHoliday": false, "isOpen": true, "status": "Likely open"}, "verified": false, "price": {"tier": 3, "currency": "$", "message": "Expensive"}}, "referralId": "e-3-569e27a6498e002cf80c7bd2-54", "tips": [{"logView": true, "photo": {"id": "57c2b93a498e4d84a7964238", "visibility": "public", "source": {"name": "Foursquare for iOS", "url": "https://foursquare.com/download/#/iphone"}, "suffix": "/41592274_47nIZzZS4Zv6DRAn0Ikygs-_Gm6EYjp7IvTdXxWSN8Q.jpg", "createdAt": 1472379194, "prefix": "https://igx.4sqi.net/img/general/", "width": 1440, "height": 1440}, "createdAt": 1472379192, "agreeCount": 1, "id": "57c2b938498e0e3001d5782e", "text": "And take note that it's Lobster Bisque SAUCE pasta. Comes with crayfish. Would argue that the name is misleading, and hope tt the others doesn't make the same mistake.", "type": "user", "disagreeCount": 0, "user": {"gender": "female", "id": "41592274", "photo": {"prefix": "https://igx.4sqi.net/img/user/", "suffix": "/41592274-5Y3KXF4YO4FFHLUD.jpg"}, "firstName": "TsuiRen", "lastName": "Clover"}, "canonicalUrl": "https://foursquare.com/item/57c2b938498e0e3001d5782e", "todo": {"count": 0}, "photourl": "https://igx.4sqi.net/img/general/original/41592274_47nIZzZS4Zv6DRAn0Ikygs-_Gm6EYjp7IvTdXxWSN8Q.jpg"}]}, {"reasons": {"items": [{"reasonName": "globalInteractionReason", "summary": "This spot is popular", "type": "general"}], "count": 0}, "venue": {"hereNow": {"groups": [], "summary": "Nobody here", "count": 0}, "contact": {}, "photos": {"groups": [], "count": 0}, "name": "Swee Heng Classic 1989", "allowMenuUrlEdit": true, "beenHere": {"lastCheckinExpiredAt": 0, "count": 0, "marked": false}, "stats": {"checkinsCount": 33, "usersCount": 10, "tipCount": 0}, "id": "56f13e3d498e6f85e7bc8b1e", "categories": [{"pluralName": "Bakeries", "id": "4bf58dd8d48988d16a941735", "primary": true, "icon": {"prefix": "https://ss3.4sqi.net/img/categories_v2/food/bakery_", "suffix": ".png"}, "name": "Bakery", "shortName": "Bakery"}], "location": {"formattedAddress": ["83 Punggol Central Waterway Point West Wing #B1-K4 Singapore 828761", "Singapore"], "lat": 1.402567, "lng": 103.905002, "distance": 393, "country": "Singapore", "cc": "SG", "address": "83 Punggol Central Waterway Point West Wing #B1-K4 Singapore 828761", "labeledLatLngs": [{"lng": 103.905002, "label": "display", "lat": 1.402567}]}, "verified": false, "price": {"tier": 1, "currency": "$", "message": "Cheap"}}, "referralId": "e-3-56f13e3d498e6f85e7bc8b1e-55"}, {"reasons": {"items": [{"reasonName": "globalInteractionReason", "summary": "This spot is popular", "type": "general"}], "count": 0}, "venue": {"hereNow": {"groups": [], "summary": "Nobody here", "count": 0}, "contact": {}, "photos": {"groups": [], "count": 0}, "name": "Waterdrop Teahouse", "allowMenuUrlEdit": true, "beenHere": {"lastCheckinExpiredAt": 0, "count": 0, "marked": false}, "stats": {"checkinsCount": 122, "usersCount": 66, "tipCount": 5}, "id": "4ceb5012f1c6236a1c856ff0", "categories": [{"pluralName": "Vegetarian / Vegan Restaurants", "id": "4bf58dd8d48988d1d3941735", "primary": true, "icon": {"prefix": "https://ss3.4sqi.net/img/categories_v2/food/vegetarian_", "suffix": ".png"}, "name": "Vegetarian / Vegan Restaurant", "shortName": "Vegetarian / Vegan"}], "location": {"lng": 103.90535, "formattedAddress": ["1 Punggol Place (at Fo Guang Shan Buddhist Centre)", "828844", "Singapore"], "postalCode": "828844", "lat": 1.406747, "crossStreet": "at Fo Guang Shan Buddhist Centre", "country": "Singapore", "distance": 439, "city": "Singapore", "cc": "SG", "address": "1 Punggol Place", "labeledLatLngs": [{"lng": 103.90535, "label": "display", "lat": 1.406747}]}, "verified": false, "price": {"tier": 2, "currency": "$", "message": "Moderate"}}, "referralId": "e-3-4ceb5012f1c6236a1c856ff0-56", "tips": [{"id": "4d861f8640a7a35dd7592ebe", "text": "Miso mee sua!! Although very little ingredient it is nice!!!", "disagreeCount": 0, "logView": true, "createdAt": 1300635526, "likes": {"groups": [], "summary": "2 likes", "count": 2}, "todo": {"count": 0}, "agreeCount": 0, "canonicalUrl": "https://foursquare.com/item/4d861f8640a7a35dd7592ebe", "type": "user", "user": {"gender": "female", "id": "5172055", "photo": {"prefix": "https://igx.4sqi.net/img/user/", "suffix": "/E4FID2KNHTDCJ5J4.jpg"}, "firstName": "Valarie", "lastName": "Yeo Ya Ting"}}]}, {"reasons": {"items": [{"reasonName": "globalInteractionReason", "summary": "This spot is popular", "type": "general"}], "count": 0}, "venue": {"hereNow": {"groups": [], "summary": "Nobody here", "count": 0}, "contact": {}, "photos": {"groups": [], "count": 0}, "name": "Juz Bread \u70d8\u57f9\u5de5\u574a", "allowMenuUrlEdit": true, "beenHere": {"lastCheckinExpiredAt": 0, "count": 0, "marked": false}, "stats": {"checkinsCount": 376, "usersCount": 92, "tipCount": 5}, "id": "4cbef4f300d83704b7b1405c", "categories": [{"pluralName": "Bakeries", "id": "4bf58dd8d48988d16a941735", "primary": true, "icon": {"prefix": "https://ss3.4sqi.net/img/categories_v2/food/bakery_", "suffix": ".png"}, "name": "Bakery", "shortName": "Bakery"}], "location": {"formattedAddress": ["Punggol Central #01-04", "Singapore"], "lat": 1.4033028586385798, "lng": 103.90583766971928, "country": "Singapore", "distance": 441, "city": "Singapore", "cc": "SG", "address": "Punggol Central #01-04", "labeledLatLngs": [{"lng": 103.90583766971928, "label": "display", "lat": 1.4033028586385798}]}, "hours": {"isLocalHoliday": false, "isOpen": true, "status": "Likely open"}, "verified": false, "price": {"tier": 1, "currency": "$", "message": "Cheap"}}, "referralId": "e-3-4cbef4f300d83704b7b1405c-57", "tips": [{"id": "50aa010ee4b0d062c694258b", "text": "Even tot now they Haf waffle as their side counter, I still luff their newly Reno shop space. More spacious n brighter lightings ;)", "disagreeCount": 0, "logView": true, "createdAt": 1353318670, "likes": {"groups": [], "summary": "2 likes", "count": 2}, "todo": {"count": 0}, "agreeCount": 2, "canonicalUrl": "https://foursquare.com/item/50aa010ee4b0d062c694258b", "type": "user", "user": {"id": "9575166", "photo": {"prefix": "https://igx.4sqi.net/img/user/", "suffix": "/UMYGI0NWS3KTXIF2.jpg"}, "firstName": "Jorin3", "gender": "female"}}]}, {"reasons": {"items": [{"reasonName": "globalInteractionReason", "summary": "This spot is popular", "type": "general"}], "count": 0}, "venue": {"hereNow": {"groups": [], "summary": "Nobody here", "count": 0}, "contact": {}, "photos": {"groups": [], "count": 0}, "name": "Good News Cafe @ EFSS", "allowMenuUrlEdit": true, "beenHere": {"lastCheckinExpiredAt": 0, "count": 0, "marked": false}, "stats": {"checkinsCount": 36, "usersCount": 12, "tipCount": 0}, "id": "534f7d7f498e406e707520c6", "categories": [{"pluralName": "Caf\u00e9s", "id": "4bf58dd8d48988d16d941735", "primary": true, "icon": {"prefix": "https://ss3.4sqi.net/img/categories_v2/food/cafe_", "suffix": ".png"}, "name": "Caf\u00e9", "shortName": "Caf\u00e9"}], "location": {"formattedAddress": ["36 Punggol Field", "828814", "Singapore"], "postalCode": "828814", "lat": 1.4005440074990145, "lng": 103.90211648434209, "distance": 445, "country": "Singapore", "cc": "SG", "address": "36 Punggol Field", "labeledLatLngs": [{"lng": 103.90211648434209, "label": "display", "lat": 1.4005440074990145}]}, "verified": false, "price": {"tier": 1, "currency": "$", "message": "Cheap"}}, "referralId": "e-3-534f7d7f498e406e707520c6-58"}, {"reasons": {"items": [{"reasonName": "globalInteractionReason", "summary": "This spot is popular", "type": "general"}], "count": 0}, "venue": {"contact": {}, "photos": {"groups": [], "count": 0}, "name": "Huang Hong Ji Porridge", "allowMenuUrlEdit": true, "beenHere": {"lastCheckinExpiredAt": 0, "count": 0, "marked": false}, "stats": {"checkinsCount": 116, "usersCount": 41, "tipCount": 0}, "id": "576e04c5498e3f855247993d", "categories": [{"pluralName": "Cantonese Restaurants", "id": "52af3a7c3cf9994f4e043bed", "primary": true, "icon": {"prefix": "https://ss3.4sqi.net/img/categories_v2/food/asian_", "suffix": ".png"}, "name": "Cantonese Restaurant", "shortName": "Cantonese"}], "location": {"formattedAddress": ["Blk 269A Punggol Field. #01-197.", "Singapore"], "lat": 1.402957, "lng": 103.898399, "country": "Singapore", "distance": 445, "city": "Singapore", "cc": "SG", "address": "Blk 269A Punggol Field. #01-197.", "labeledLatLngs": [{"lng": 103.898399, "label": "display", "lat": 1.402957}]}, "hours": {"isLocalHoliday": false, "isOpen": false, "status": "Closed until 6:45 AM tomorrow"}, "verified": false, "hereNow": {"groups": [], "summary": "Nobody here", "count": 0}}, "referralId": "e-3-576e04c5498e3f855247993d-59"}, {"reasons": {"items": [{"reasonName": "globalInteractionReason", "summary": "This spot is popular", "type": "general"}], "count": 0}, "venue": {"hereNow": {"groups": [], "summary": "Nobody here", "count": 0}, "contact": {}, "photos": {"groups": [], "count": 0}, "name": "Sing Yi Seafood \u65b0\u4e00\u6d77\u9bae\u5712", "allowMenuUrlEdit": true, "beenHere": {"lastCheckinExpiredAt": 0, "count": 0, "marked": false}, "stats": {"checkinsCount": 170, "usersCount": 66, "tipCount": 0}, "id": "4f7d7122e4b0d0d3d0388cb1", "categories": [{"pluralName": "Seafood Restaurants", "id": "4bf58dd8d48988d1ce941735", "primary": true, "icon": {"prefix": "https://ss3.4sqi.net/img/categories_v2/food/seafood_", "suffix": ".png"}, "name": "Seafood Restaurant", "shortName": "Seafood"}], "location": {"formattedAddress": ["301 Punggol Central", "823301", "Singapore"], "postalCode": "823301", "lat": 1.4033604957081591, "lng": 103.9062681329999, "state": "\u65b0\u52a0\u5761", "distance": 485, "country": "Singapore", "cc": "SG", "address": "301 Punggol Central", "labeledLatLngs": [{"lng": 103.9062681329999, "label": "display", "lat": 1.4033604957081591}]}, "verified": false, "price": {"tier": 3, "currency": "$", "message": "Expensive"}}, "referralId": "e-3-4f7d7122e4b0d0d3d0388cb1-60"}, {"reasons": {"items": [{"reasonName": "globalInteractionReason", "summary": "This spot is popular", "type": "general"}], "count": 0}, "venue": {"id": "4f7c10dae4b02e0090644f16", "hereNow": {"groups": [], "summary": "Nobody here", "count": 0}, "contact": {}, "beenHere": {"lastCheckinExpiredAt": 0, "count": 0, "marked": false}, "photos": {"groups": [], "count": 0}, "name": "\u98f2\u6c34\u601d\u6e90", "location": {"lng": 103.90631910900429, "formattedAddress": ["Fu Chan \u5bcc\u57ce\u9910\u5ba4 (301 Punggol Drive)", "823301", "Singapore"], "postalCode": "823301", "lat": 1.4035082034441955, "crossStreet": "301 Punggol Drive", "country": "Singapore", "distance": 486, "city": "Singapore", "cc": "SG", "address": "Fu Chan \u5bcc\u57ce\u9910\u5ba4", "labeledLatLngs": [{"lng": 103.90631910900429, "label": "display", "lat": 1.4035082034441955}]}, "allowMenuUrlEdit": true, "verified": false, "categories": [{"pluralName": "Food Courts", "id": "4bf58dd8d48988d120951735", "primary": true, "icon": {"prefix": "https://ss3.4sqi.net/img/categories_v2/shops/food_foodcourt_", "suffix": ".png"}, "name": "Food Court", "shortName": "Food Court"}], "stats": {"checkinsCount": 156, "usersCount": 24, "tipCount": 2}}, "referralId": "e-3-4f7c10dae4b02e0090644f16-61", "tips": [{"id": "502f22bce4b06e61e1c230da", "text": "\u7279\u88fd\u7684\u6dbc\u8336\u98f2\u6599\u7a2e\u985e\u81f3\u5c11\u6709\u4e94\u7a2e\uff0c\u90fd\u4e0d\u932f\uff01\u8a66\u8a66\u4ed6\u5011\u7684\u7389\u7c73\u6c34\u548c\u7af9\u8517\u6c34\u5427\uff01", "disagreeCount": 0, "createdAt": 1345266364, "logView": true, "todo": {"count": 0}, "agreeCount": 0, "canonicalUrl": "https://foursquare.com/item/502f22bce4b06e61e1c230da", "type": "user", "user": {"gender": "male", "id": "23455879", "photo": {"prefix": "https://igx.4sqi.net/img/user/", "suffix": "/23455879-AZ5I1MLQ3AZVNEYR.jpg"}, "firstName": "rYuK_oP", "lastName": "sG"}}]}, {"reasons": {"items": [{"reasonName": "globalInteractionReason", "summary": "This spot is popular", "type": "general"}], "count": 0}, "venue": {"hereNow": {"groups": [], "summary": "Nobody here", "count": 0}, "contact": {}, "photos": {"groups": [], "count": 0}, "name": "\u65b0\u4e00\u716e\u7092", "allowMenuUrlEdit": true, "beenHere": {"lastCheckinExpiredAt": 0, "count": 0, "marked": false}, "stats": {"checkinsCount": 87, "usersCount": 38, "tipCount": 3}, "id": "4ec1ebb5d3e3700a5c7af6df", "categories": [{"pluralName": "Chinese Restaurants", "id": "4bf58dd8d48988d145941735", "primary": true, "icon": {"prefix": "https://ss3.4sqi.net/img/categories_v2/food/asian_", "suffix": ".png"}, "name": "Chinese Restaurant", "shortName": "Chinese"}], "location": {"formattedAddress": ["301 Punggol Central", "Singapore"], "lat": 1.403378032075484, "lng": 103.90633043700784, "state": "North East Community Development Region", "country": "Singapore", "distance": 491, "city": "Punggol", "cc": "SG", "address": "301 Punggol Central", "labeledLatLngs": [{"lng": 103.90633043700784, "label": "display", "lat": 1.403378032075484}]}, "verified": false, "price": {"tier": 1, "currency": "$", "message": "Cheap"}}, "referralId": "e-3-4ec1ebb5d3e3700a5c7af6df-62", "tips": [{"id": "4b682b2170c603bb845891b4", "text": "The duck & various roast meats are good here.", "disagreeCount": 0, "logView": true, "createdAt": 1265117985, "likes": {"groups": [], "summary": "2 likes", "count": 2}, "todo": {"count": 0}, "agreeCount": 0, "canonicalUrl": "https://foursquare.com/item/4b682b2170c603bb845891b4", "type": "user", "user": {"gender": "male", "id": "172327", "photo": {"prefix": "https://igx.4sqi.net/img/user/", "default": true, "suffix": "/blank_boy.png"}, "firstName": "Eugene", "lastName": "Wong"}}]}, {"reasons": {"items": [{"reasonName": "globalInteractionReason", "summary": "This spot is popular", "type": "general"}], "count": 0}, "venue": {"hereNow": {"groups": [], "summary": "Nobody here", "count": 0}, "contact": {}, "photos": {"groups": [], "count": 0}, "name": "Singyi Seafood Garden", "allowMenuUrlEdit": true, "beenHere": {"lastCheckinExpiredAt": 0, "count": 0, "marked": false}, "stats": {"checkinsCount": 293, "usersCount": 113, "tipCount": 4}, "id": "4ccbfc97c9b846887068b9c3", "categories": [{"pluralName": "Asian Restaurants", "id": "4bf58dd8d48988d142941735", "primary": true, "icon": {"prefix": "https://ss3.4sqi.net/img/categories_v2/food/asian_", "suffix": ".png"}, "name": "Asian Restaurant", "shortName": "Asian"}], "location": {"formattedAddress": ["Singapore"], "lat": 1.403447579023222, "lng": 103.90641539706435, "distance": 498, "country": "Singapore", "cc": "SG", "labeledLatLngs": [{"lng": 103.90641539706435, "label": "display", "lat": 1.403447579023222}]}, "hours": {"isLocalHoliday": false, "isOpen": true, "status": "Likely open"}, "verified": false, "price": {"tier": 2, "currency": "$", "message": "Moderate"}}, "referralId": "e-3-4ccbfc97c9b846887068b9c3-63", "tips": [{"id": "501d5bd5e4b092169b41b2c2", "text": "Simply cannot eat. They just cook for the sake of cooking.. 3/10.", "disagreeCount": 0, "createdAt": 1344101333, "logView": true, "todo": {"count": 0}, "agreeCount": 0, "canonicalUrl": "https://foursquare.com/item/501d5bd5e4b092169b41b2c2", "type": "user", "user": {"id": "33681134", "photo": {"prefix": "https://igx.4sqi.net/img/user/", "suffix": "/BLMFDNFJD4GOZODD.jpg"}, "firstName": "Fedrick", "gender": "none"}}]}, {"reasons": {"items": [{"reasonName": "globalInteractionReason", "summary": "This spot is popular", "type": "general"}], "count": 0}, "venue": {"hereNow": {"groups": [], "summary": "Nobody here", "count": 0}, "contact": {}, "photos": {"groups": [], "count": 0}, "name": "\u5370\u8c61\u6df1\u523b Indian Muslim Food", "allowMenuUrlEdit": true, "beenHere": {"lastCheckinExpiredAt": 0, "count": 0, "marked": false}, "stats": {"checkinsCount": 79, "usersCount": 13, "tipCount": 1}, "id": "4ec6413e9adf9c7bf184cc1a", "categories": [{"pluralName": "Indian Restaurants", "id": "4bf58dd8d48988d10f941735", "primary": true, "icon": {"prefix": "https://ss3.4sqi.net/img/categories_v2/food/indian_", "suffix": ".png"}, "name": "Indian Restaurant", "shortName": "Indian"}], "location": {"formattedAddress": ["301 Punggol Rd", "Singapore"], "lat": 1.4035930206563174, "lng": 103.90656832529884, "state": "Punggol", "country": "Singapore", "distance": 511, "city": "Coralinus", "cc": "SG", "address": "301 Punggol Rd", "labeledLatLngs": [{"lng": 103.90656832529884, "label": "display", "lat": 1.4035930206563174}]}, "verified": false, "price": {"tier": 2, "currency": "$", "message": "Moderate"}}, "referralId": "e-3-4ec6413e9adf9c7bf184cc1a-64", "tips": [{"id": "50fb3bade4b0b707d2ee5b72", "text": "Made with love!", "disagreeCount": 1, "createdAt": 1358642093, "logView": true, "todo": {"count": 0}, "agreeCount": 1, "canonicalUrl": "https://foursquare.com/item/50fb3bade4b0b707d2ee5b72", "type": "user", "user": {"gender": "male", "id": "5406597", "photo": {"prefix": "https://igx.4sqi.net/img/user/", "suffix": "/5406597-OQPKWR5ET4QO5EMC.jpg"}, "firstName": "Aaron", "lastName": "Wong"}}]}, {"reasons": {"items": [{"reasonName": "globalInteractionReason", "summary": "This spot is popular", "type": "general"}], "count": 0}, "venue": {"hereNow": {"groups": [], "summary": "Nobody here", "count": 0}, "contact": {}, "photos": {"groups": [], "count": 0}, "name": "\u8d85\u7231\u9762\u5b50", "allowMenuUrlEdit": true, "beenHere": {"lastCheckinExpiredAt": 0, "count": 0, "marked": false}, "stats": {"checkinsCount": 54, "usersCount": 18, "tipCount": 0}, "id": "4d1c9987341259412de6cb17", "categories": [{"pluralName": "Noodle Houses", "id": "4bf58dd8d48988d1d1941735", "primary": true, "icon": {"prefix": "https://ss3.4sqi.net/img/categories_v2/food/ramen_", "suffix": ".png"}, "name": "Noodle House", "shortName": "Noodles"}], "location": {"formattedAddress": ["301 Punggol Central", "820301", "Singapore"], "postalCode": "820301", "lat": 1.4035199220762182, "lng": 103.90663629345785, "country": "Singapore", "distance": 520, "city": "Singapore", "cc": "SG", "address": "301 Punggol Central", "labeledLatLngs": [{"lng": 103.90663629345785, "label": "display", "lat": 1.4035199220762182}]}, "verified": false, "price": {"tier": 1, "currency": "$", "message": "Cheap"}}, "referralId": "e-3-4d1c9987341259412de6cb17-65"}, {"reasons": {"items": [{"reasonName": "globalInteractionReason", "summary": "This spot is popular", "type": "general"}], "count": 0}, "venue": {"contact": {"phone": "+6563858195", "formattedPhone": "+65 6385 8195"}, "photos": {"groups": [], "count": 0}, "rating": 5.1, "name": "Menya Musashi Kinko", "ratingSignals": 9, "allowMenuUrlEdit": true, "categories": [{"pluralName": "Ramen Restaurants", "id": "55a59bace4b013909087cb24", "primary": true, "icon": {"prefix": "https://ss3.4sqi.net/img/categories_v2/food/ramen_", "suffix": ".png"}, "name": "Ramen Restaurant", "shortName": "Ramen"}], "stats": {"checkinsCount": 272, "usersCount": 221, "tipCount": 1}, "id": "56a22f2c498e621ab9f13ee8", "beenHere": {"lastCheckinExpiredAt": 0, "count": 0, "marked": false}, "ratingColor": "FF9600", "location": {"lng": 103.90221843327903, "formattedAddress": ["Waterway Point (83 Punggol Central)", "Singapore"], "lat": 1.4065196629916261, "crossStreet": "83 Punggol Central", "country": "Singapore", "distance": 220, "city": "Singapore", "cc": "SG", "address": "Waterway Point", "labeledLatLngs": [{"lng": 103.90221843327903, "label": "display", "lat": 1.4065196629916261}]}, "hours": {"isLocalHoliday": false, "isOpen": true, "status": "Likely open"}, "verified": false, "hereNow": {"groups": [], "summary": "Nobody here", "count": 0}}, "referralId": "e-3-56a22f2c498e621ab9f13ee8-66", "tips": [{"id": "56c94db6498e1ca2b1c4e808", "text": "Tasty ramen,  with choice of white, black or red soup, thin or thick noodles.  Red soup is fairly spicy,  but loaded with MSG!", "disagreeCount": 0, "logView": true, "createdAt": 1456033206, "likes": {"groups": [], "summary": "1 like", "count": 1}, "todo": {"count": 0}, "agreeCount": 1, "canonicalUrl": "https://foursquare.com/item/56c94db6498e1ca2b1c4e808", "type": "user", "user": {"id": "10224886", "photo": {"prefix": "https://igx.4sqi.net/img/user/", "suffix": "/WSTGKEHIUX033DCU.jpg"}, "firstName": "MAC", "gender": "none"}}]}, {"reasons": {"items": [{"reasonName": "globalInteractionReason", "summary": "This spot is popular", "type": "general"}], "count": 0}, "venue": {"contact": {}, "photos": {"groups": [], "count": 0}, "rating": 5.2, "name": "Encik Tan", "ratingSignals": 15, "allowMenuUrlEdit": true, "categories": [{"pluralName": "Halal Restaurants", "id": "52e81612bcbc57f1066b79ff", "primary": true, "icon": {"prefix": "https://ss3.4sqi.net/img/categories_v2/food/halal_", "suffix": ".png"}, "name": "Halal Restaurant", "shortName": "Halal"}], "stats": {"checkinsCount": 409, "usersCount": 240, "tipCount": 6}, "id": "569f5912498e377c6e5c94fc", "beenHere": {"lastCheckinExpiredAt": 0, "count": 0, "marked": false}, "url": "http://enciktan.com.sg", "ratingColor": "FF9600", "location": {"lng": 103.90235436531303, "formattedAddress": ["#B2-03 Waterway Point (83 Punggol Central)", "828761", "Singapore"], "postalCode": "828761", "lat": 1.4069368634699286, "crossStreet": "83 Punggol Central", "country": "Singapore", "distance": 267, "city": "Singapore", "cc": "SG", "address": "#B2-03 Waterway Point", "labeledLatLngs": [{"lng": 103.90235436531303, "label": "display", "lat": 1.4069368634699286}]}, "hours": {"isLocalHoliday": false, "isOpen": true, "status": "Open"}, "verified": false, "hereNow": {"groups": [{"items": [], "name": "Other people here", "count": 1, "type": "others"}], "summary": "One other person is here", "count": 1}}, "referralId": "e-3-569f5912498e377c6e5c94fc-67", "tips": [{"id": "5753e3e9cd1074e533c514e9", "text": "Affordable food but staff has an attitude problem. Confusing queue system too", "disagreeCount": 0, "logView": true, "createdAt": 1465115625, "likes": {"groups": [], "summary": "1 like", "count": 1}, "todo": {"count": 0}, "agreeCount": 2, "canonicalUrl": "https://foursquare.com/item/5753e3e9cd1074e533c514e9", "type": "user", "user": {"gender": "female", "id": "519624", "photo": {"prefix": "https://igx.4sqi.net/img/user/", "suffix": "/TWDYADBCZBEFGQ55.jpg"}, "firstName": "Eve", "lastName": "Ng"}}]}, {"reasons": {"items": [{"reasonName": "globalInteractionReason", "summary": "This spot is popular", "type": "general"}], "count": 0}, "venue": {"contact": {}, "photos": {"groups": [], "count": 0}, "rating": 5.7, "name": "Broadway", "ratingSignals": 14, "allowMenuUrlEdit": true, "categories": [{"pluralName": "Food Courts", "id": "4bf58dd8d48988d120951735", "primary": true, "icon": {"prefix": "https://ss3.4sqi.net/img/categories_v2/shops/food_foodcourt_", "suffix": ".png"}, "name": "Food Court", "shortName": "Food Court"}], "stats": {"checkinsCount": 1271, "usersCount": 248, "tipCount": 8}, "id": "503f3848e4b0ab71f2093b48", "beenHere": {"lastCheckinExpiredAt": 0, "count": 0, "marked": false}, "ratingColor": "FF9600", "location": {"lat": 1.4048730824762274, "distance": 761, "country": "Singapore", "cc": "SG", "crossStreet": "Damai Grove", "formattedAddress": ["#01-01, 612 Punggol Dr (Damai Grove)", "820612", "Singapore"], "city": "Damai", "lng": 103.90890758216247, "state": "Punggol", "labeledLatLngs": [{"lng": 103.90890758216247, "label": "display", "lat": 1.4048730824762274}], "address": "#01-01, 612 Punggol Dr", "postalCode": "820612"}, "hours": {"isLocalHoliday": false, "isOpen": true, "status": "Likely open"}, "verified": false, "hereNow": {"groups": [], "summary": "Nobody here", "count": 0}}, "referralId": "e-3-503f3848e4b0ab71f2093b48-68", "tips": [{"id": "5128b0c1e4b04df73bd7aae8", "text": "Zhi char very nice. Would recommend their salted fish fried rice, sweet and sour pork rice, sliced fish rice.", "disagreeCount": 0, "logView": true, "createdAt": 1361621185, "likes": {"groups": [], "summary": "3 likes", "count": 3}, "todo": {"count": 0}, "agreeCount": 3, "canonicalUrl": "https://foursquare.com/item/5128b0c1e4b04df73bd7aae8", "type": "user", "user": {"gender": "male", "id": "45296966", "photo": {"prefix": "https://igx.4sqi.net/img/user/", "suffix": "/XD4TC5FI4VPMP0PH.jpg"}, "firstName": "Edwin", "lastName": "Lau"}}]}, {"reasons": {"items": [{"reasonName": "globalInteractionReason", "summary": "This spot is popular", "type": "general"}], "count": 0}, "venue": {"hereNow": {"groups": [], "summary": "Nobody here", "count": 0}, "contact": {}, "photos": {"groups": [], "count": 0}, "name": "Pandan Gardens Fishball Noodles", "allowMenuUrlEdit": true, "beenHere": {"lastCheckinExpiredAt": 0, "count": 0, "marked": false}, "stats": {"checkinsCount": 31, "usersCount": 13, "tipCount": 3}, "id": "584deda218fd2b05b6e41098", "categories": [{"pluralName": "Noodle Houses", "id": "4bf58dd8d48988d1d1941735", "primary": true, "icon": {"prefix": "https://ss3.4sqi.net/img/categories_v2/food/ramen_", "suffix": ".png"}, "name": "Noodle House", "shortName": "Noodles"}], "location": {"formattedAddress": ["261 Punggol Way", "Singapore"], "lat": 1.40541, "lng": 103.896825, "distance": 591, "country": "Singapore", "cc": "SG", "address": "261 Punggol Way", "labeledLatLngs": [{"lng": 103.896825, "label": "display", "lat": 1.40541}]}, "verified": false, "price": {"tier": 1, "currency": "$", "message": "Cheap"}}, "referralId": "e-3-584deda218fd2b05b6e41098-69", "tips": [{"id": "584df03606f1a30786f3eb97", "text": "Fishballs are chewy but on the salty side. Presumably made at a central kitchen since they have another branch at Pandan Gardens itself", "disagreeCount": 0, "createdAt": 1481502774, "logView": true, "todo": {"count": 0}, "agreeCount": 0, "canonicalUrl": "https://foursquare.com/item/584df03606f1a30786f3eb97", "type": "user", "user": {"gender": "male", "id": "231366", "photo": {"prefix": "https://igx.4sqi.net/img/user/", "suffix": "/231366-Q2ZSAEF50GYUXPDA.jpg"}, "firstName": "Cheen", "lastName": "The Curious"}}]}, {"reasons": {"items": [{"reasonName": "globalInteractionReason", "summary": "This spot is popular", "type": "general"}], "count": 0}, "venue": {"hereNow": {"groups": [], "summary": "Nobody here", "count": 0}, "contact": {}, "photos": {"groups": [], "count": 0}, "name": "\u7092\u601d\u66ae\u60f3", "allowMenuUrlEdit": true, "beenHere": {"lastCheckinExpiredAt": 0, "count": 0, "marked": false}, "stats": {"checkinsCount": 441, "usersCount": 29, "tipCount": 0}, "id": "4ebd102f8b81967ad1beee85", "categories": [{"pluralName": "Food Trucks", "id": "4bf58dd8d48988d1cb941735", "primary": true, "icon": {"prefix": "https://ss3.4sqi.net/img/categories_v2/food/streetfood_", "suffix": ".png"}, "name": "Food Truck", "shortName": "Food Truck"}], "location": {"formattedAddress": ["Singapore"], "lat": 1.4040450281420187, "lng": 103.9074462499482, "country": "Singapore", "distance": 600, "city": "Singapore", "cc": "SG", "labeledLatLngs": [{"lng": 103.9074462499482, "label": "display", "lat": 1.4040450281420187}]}, "hours": {"isLocalHoliday": false, "isOpen": true, "status": "Likely open"}, "verified": false, "price": {"tier": 1, "currency": "$", "message": "Cheap"}}, "referralId": "e-3-4ebd102f8b81967ad1beee85-70"}, {"reasons": {"items": [{"reasonName": "globalInteractionReason", "summary": "This spot is popular", "type": "general"}], "count": 0}, "venue": {"id": "4e587994b9935d203d09de31", "hereNow": {"groups": [], "summary": "Nobody here", "count": 0}, "contact": {}, "beenHere": {"lastCheckinExpiredAt": 0, "count": 0, "marked": false}, "photos": {"groups": [], "count": 0}, "name": "\u6f01\u7fc1\u5f97\u5229", "location": {"lng": 103.9076161714979, "formattedAddress": ["Fu Chan Coffee Shop (301 Punggol Central)", "Singapore"], "lat": 1.4041043481429478, "crossStreet": "301 Punggol Central", "distance": 618, "country": "Singapore", "cc": "SG", "address": "Fu Chan Coffee Shop", "labeledLatLngs": [{"lng": 103.9076161714979, "label": "display", "lat": 1.4041043481429478}]}, "allowMenuUrlEdit": true, "verified": false, "categories": [{"pluralName": "Food", "id": "4d4b7105d754a06374d81259", "primary": true, "icon": {"prefix": "https://ss3.4sqi.net/img/categories_v2/food/default_", "suffix": ".png"}, "name": "Food", "shortName": "Food"}], "stats": {"checkinsCount": 233, "usersCount": 13, "tipCount": 1}}, "referralId": "e-3-4e587994b9935d203d09de31-71", "tips": [{"id": "4fe84c3fe4b010f80f222e1f", "text": "lit. sandpiper and clam war together ; fig. neighbors who can't agree lose out to a third party", "disagreeCount": 0, "createdAt": 1340623935, "logView": true, "todo": {"count": 0}, "agreeCount": 1, "canonicalUrl": "https://foursquare.com/item/4fe84c3fe4b010f80f222e1f", "type": "user", "user": {"gender": "male", "id": "5406597", "photo": {"prefix": "https://igx.4sqi.net/img/user/", "suffix": "/5406597-OQPKWR5ET4QO5EMC.jpg"}, "firstName": "Aaron", "lastName": "Wong"}}]}, {"reasons": {"items": [{"reasonName": "globalInteractionReason", "summary": "This spot is popular", "type": "general"}], "count": 0}, "venue": {"hereNow": {"groups": [], "summary": "Nobody here", "count": 0}, "contact": {}, "photos": {"groups": [], "count": 0}, "name": "Indian Muslim Stall @ Fu Cheng Foodcourt", "allowMenuUrlEdit": true, "beenHere": {"lastCheckinExpiredAt": 0, "count": 0, "marked": false}, "stats": {"checkinsCount": 121, "usersCount": 14, "tipCount": 1}, "id": "4dead6477d8b6c7a534b0b2e", "categories": [{"pluralName": "Indian Restaurants", "id": "4bf58dd8d48988d10f941735", "primary": true, "icon": {"prefix": "https://ss3.4sqi.net/img/categories_v2/food/indian_", "suffix": ".png"}, "name": "Indian Restaurant", "shortName": "Indian"}], "location": {"formattedAddress": ["Coralinus,301 Punggol Central", "Singapore"], "lat": 1.402792, "lng": 103.907392, "country": "Singapore", "distance": 623, "city": "Singapore", "cc": "SG", "address": "Coralinus,301 Punggol Central", "labeledLatLngs": [{"lng": 103.907392, "label": "display", "lat": 1.402792}]}, "verified": false, "price": {"tier": 2, "currency": "$", "message": "Moderate"}}, "referralId": "e-3-4dead6477d8b6c7a534b0b2e-72", "tips": [{"id": "4deadbe022713dd973a01c1d", "text": "One of the best Mee Goreng in the North East! Prata not bad too..", "disagreeCount": 0, "createdAt": 1307237344, "logView": true, "todo": {"count": 0}, "agreeCount": 0, "canonicalUrl": "https://foursquare.com/item/4deadbe022713dd973a01c1d", "type": "user", "user": {"gender": "male", "id": "7389684", "photo": {"prefix": "https://igx.4sqi.net/img/user/", "suffix": "/AFKMBVUTSIY53TAN.jpg"}, "firstName": "Muhamad", "lastName": "Firdaus"}}]}, {"reasons": {"items": [{"reasonName": "globalInteractionReason", "summary": "This spot is popular", "type": "general"}], "count": 0}, "venue": {"hereNow": {"groups": [], "summary": "Nobody here", "count": 0}, "contact": {}, "photos": {"groups": [], "count": 0}, "name": "TasteBud", "allowMenuUrlEdit": true, "beenHere": {"lastCheckinExpiredAt": 0, "count": 0, "marked": false}, "stats": {"checkinsCount": 55, "usersCount": 25, "tipCount": 2}, "id": "585a873b4f1069765d7a1d51", "categories": [{"pluralName": "Asian Restaurants", "id": "4bf58dd8d48988d142941735", "primary": true, "icon": {"prefix": "https://ss3.4sqi.net/img/categories_v2/food/asian_", "suffix": ".png"}, "name": "Asian Restaurant", "shortName": "Asian"}], "location": {"formattedAddress": ["218 Sumang", "820218", "Singapore"], "postalCode": "820218", "lat": 1.4034847, "lng": 103.895775, "country": "Singapore", "distance": 710, "city": "Singapore", "cc": "SG", "address": "218 Sumang", "labeledLatLngs": [{"lng": 103.895775, "label": "display", "lat": 1.4034847}]}, "verified": false, "price": {"tier": 2, "currency": "$", "message": "Moderate"}}, "referralId": "e-3-585a873b4f1069765d7a1d51-73", "tips": [{"id": "58db2c2303e29a04c4720fc0", "text": "Western food", "disagreeCount": 0, "createdAt": 1490758691, "logView": true, "todo": {"count": 0}, "agreeCount": 0, "canonicalUrl": "https://foursquare.com/item/58db2c2303e29a04c4720fc0", "type": "user", "user": {"gender": "male", "id": "6572332", "photo": {"prefix": "https://igx.4sqi.net/img/user/", "suffix": "/PZXHNQ3HHCLWDW4B.jpg"}, "firstName": "Riyan", "lastName": "Rohman"}}]}, {"reasons": {"items": [{"reasonName": "globalInteractionReason", "summary": "This spot is popular", "type": "general"}], "count": 0}, "venue": {"hereNow": {"groups": [], "summary": "Nobody here", "count": 0}, "contact": {"phone": "+6568343238", "formattedPhone": "+65 6834 3238"}, "photos": {"groups": [], "count": 0}, "name": "Creative Delight \u521b\u610f\u6599\u7406", "allowMenuUrlEdit": true, "beenHere": {"lastCheckinExpiredAt": 0, "count": 0, "marked": false}, "stats": {"checkinsCount": 212, "usersCount": 11, "tipCount": 2}, "id": "508a48e7e4b09ddc7d933eaa", "categories": [{"pluralName": "Bakeries", "id": "4bf58dd8d48988d16a941735", "primary": true, "icon": {"prefix": "https://ss3.4sqi.net/img/categories_v2/food/bakery_", "suffix": ".png"}, "name": "Bakery", "shortName": "Bakery"}], "location": {"lat": 1.404945417030532, "distance": 710, "country": "Singapore", "cc": "SG", "crossStreet": "Damai Grove", "formattedAddress": ["#01-02, 612 Punggol Dr (Damai Grove)", "820612", "Singapore"], "city": "Damai", "lng": 103.90844879013768, "state": "Punggol", "labeledLatLngs": [{"lng": 103.90844879013768, "label": "display", "lat": 1.404945417030532}], "address": "#01-02, 612 Punggol Dr", "postalCode": "820612"}, "verified": false, "price": {"tier": 1, "currency": "$", "message": "Cheap"}}, "referralId": "e-3-508a48e7e4b09ddc7d933eaa-74", "tips": [{"id": "52fc0c6611d24ed48213a70d", "text": "Favorite bakery!  They have one at maxwell food centre too. Breads are really soft and fluffy.", "disagreeCount": 0, "logView": true, "createdAt": 1392249958, "likes": {"groups": [], "summary": "1 like", "count": 1}, "todo": {"count": 0}, "agreeCount": 1, "canonicalUrl": "https://foursquare.com/item/52fc0c6611d24ed48213a70d", "type": "user", "user": {"gender": "female", "id": "63056910", "photo": {"prefix": "https://igx.4sqi.net/img/user/", "default": true, "suffix": "/blank_girl.png"}, "firstName": "Grace", "lastName": "Tong"}}]}, {"reasons": {"items": [{"reasonName": "globalInteractionReason", "summary": "This spot is popular", "type": "general"}], "count": 0}, "venue": {"hereNow": {"groups": [], "summary": "Nobody here", "count": 0}, "contact": {}, "photos": {"groups": [], "count": 0}, "name": "Punggol Econ Coffeeshop", "allowMenuUrlEdit": true, "beenHere": {"lastCheckinExpiredAt": 0, "count": 0, "marked": false}, "stats": {"checkinsCount": 35, "usersCount": 23, "tipCount": 0}, "id": "4eefae33b8f7eb2370374084", "categories": [{"pluralName": "Bagel Shops", "id": "4bf58dd8d48988d179941735", "primary": true, "icon": {"prefix": "https://ss3.4sqi.net/img/categories_v2/food/bagels_", "suffix": ".png"}, "name": "Bagel Shop", "shortName": "Bagels"}], "location": {"formattedAddress": ["Punggol", "Singapore"], "lat": 1.3993967874526094, "lng": 103.90615485305804, "distance": 731, "country": "Singapore", "cc": "SG", "address": "Punggol", "labeledLatLngs": [{"lng": 103.90615485305804, "label": "display", "lat": 1.3993967874526094}]}, "verified": false, "price": {"tier": 1, "currency": "$", "message": "Cheap"}}, "referralId": "e-3-4eefae33b8f7eb2370374084-75"}, {"reasons": {"items": [{"reasonName": "globalInteractionReason", "summary": "This spot is popular", "type": "general"}], "count": 0}, "venue": {"hereNow": {"groups": [], "summary": "Nobody here", "count": 0}, "contact": {}, "photos": {"groups": [], "count": 0}, "name": "Pin Si \u54c1\u98df", "allowMenuUrlEdit": true, "beenHere": {"lastCheckinExpiredAt": 0, "count": 0, "marked": false}, "stats": {"checkinsCount": 65, "usersCount": 57, "tipCount": 1}, "id": "5730779a498ea744e66b7883", "categories": [{"pluralName": "Chinese Restaurants", "id": "4bf58dd8d48988d145941735", "primary": true, "icon": {"prefix": "https://ss3.4sqi.net/img/categories_v2/food/asian_", "suffix": ".png"}, "name": "Chinese Restaurant", "shortName": "Chinese"}], "location": {"formattedAddress": ["9 Sentul Crescent", "828654", "Singapore"], "postalCode": "828654", "lat": 1.4100562, "lng": 103.90576, "distance": 737, "country": "Singapore", "cc": "SG", "address": "9 Sentul Crescent", "labeledLatLngs": [{"lng": 103.90576, "label": "display", "lat": 1.4100562}]}, "verified": false, "price": {"tier": 1, "currency": "$", "message": "Cheap"}}, "referralId": "e-3-5730779a498ea744e66b7883-76", "tips": [{"id": "592f56c3f427de1192b3fea6", "text": "Food quality & services are above average level. Ambience good", "disagreeCount": 0, "createdAt": 1496274627, "logView": true, "todo": {"count": 0}, "agreeCount": 0, "canonicalUrl": "https://foursquare.com/item/592f56c3f427de1192b3fea6", "type": "user", "user": {"gender": "male", "id": "425687593", "photo": {"prefix": "https://igx.4sqi.net/img/user/", "suffix": "/425687593_dIo2b6Lq_B0uUumbDzUwPPS0dCQb8RZOygHlQVkKhNUKHlb2_ZoLfrZrEEY6TXRjgSbOAnep9.jpg"}, "firstName": "Wong", "lastName": "Heng Cheong"}}]}, {"reasons": {"items": [{"reasonName": "globalInteractionReason", "summary": "This spot is popular", "type": "general"}], "count": 0}, "venue": {"contact": {"phone": "+6563850409", "formattedPhone": "+65 6385 0409"}, "photos": {"groups": [], "count": 0}, "name": "Nom La La by BAKERZIN", "allowMenuUrlEdit": true, "beenHere": {"lastCheckinExpiredAt": 0, "count": 0, "marked": false}, "stats": {"checkinsCount": 35, "usersCount": 21, "tipCount": 1}, "id": "576e0fc4498e85d8ef7a297a", "categories": [{"pluralName": "Bistros", "id": "52e81612bcbc57f1066b79f1", "primary": true, "icon": {"prefix": "https://ss3.4sqi.net/img/categories_v2/food/default_", "suffix": ".png"}, "name": "Bistro", "shortName": "Bistro"}], "location": {"formattedAddress": ["9 Sentul Crescent #02-04", "828654", "Singapore"], "postalCode": "828654", "lat": 1.4100716, "lng": 103.90573, "country": "Singapore", "distance": 737, "city": "Singapore", "cc": "SG", "address": "9 Sentul Crescent #02-04", "labeledLatLngs": [{"lng": 103.90573, "label": "display", "lat": 1.4100716}]}, "hours": {"isLocalHoliday": false, "isOpen": true, "status": "Open until 9:00 PM"}, "verified": false, "hereNow": {"groups": [], "summary": "Nobody here", "count": 0}}, "referralId": "e-3-576e0fc4498e85d8ef7a297a-77", "tips": [{"id": "57836ed7498edbb88acea098", "text": "Excellent #coffee!", "disagreeCount": 0, "createdAt": 1468231383, "logView": true, "todo": {"count": 0}, "agreeCount": 1, "canonicalUrl": "https://foursquare.com/item/57836ed7498edbb88acea098", "type": "user", "user": {"gender": "male", "id": "5406597", "photo": {"prefix": "https://igx.4sqi.net/img/user/", "suffix": "/5406597-OQPKWR5ET4QO5EMC.jpg"}, "firstName": "Aaron", "lastName": "Wong"}}]}, {"reasons": {"items": [{"reasonName": "globalInteractionReason", "summary": "This spot is popular", "type": "general"}], "count": 0}, "venue": {"hereNow": {"groups": [], "summary": "Nobody here", "count": 0}, "contact": {"phone": "+6585717487", "formattedPhone": "+65 8571 7487"}, "photos": {"groups": [], "count": 0}, "name": "\u767e\u4e50\u6d77\u9c9c", "allowMenuUrlEdit": true, "beenHere": {"lastCheckinExpiredAt": 0, "count": 0, "marked": false}, "stats": {"checkinsCount": 110, "usersCount": 17, "tipCount": 1}, "id": "5049e5d9e4b04f7ab4d9e97b", "categories": [{"pluralName": "Seafood Restaurants", "id": "4bf58dd8d48988d1ce941735", "primary": true, "icon": {"prefix": "https://ss3.4sqi.net/img/categories_v2/food/seafood_", "suffix": ".png"}, "name": "Seafood Restaurant", "shortName": "Seafood"}], "location": {"formattedAddress": ["Blk 612 Punggol Drive", "820612", "Singapore"], "postalCode": "820612", "lat": 1.4049309157154242, "lng": 103.90886226930154, "state": "Punggol", "country": "Singapore", "distance": 756, "city": "Damai", "cc": "SG", "address": "Blk 612 Punggol Drive", "labeledLatLngs": [{"lng": 103.90886226930154, "label": "display", "lat": 1.4049309157154242}]}, "hours": {"isLocalHoliday": false, "isOpen": true, "status": "Open until 10:45 PM"}, "verified": false, "price": {"tier": 3, "currency": "$", "message": "Expensive"}}, "referralId": "e-3-5049e5d9e4b04f7ab4d9e97b-78", "tips": [{"logView": true, "photo": {"id": "50f3ddd4e4b0f04463d3e225", "visibility": "public", "source": {"name": "Foursquare for iOS", "url": "https://foursquare.com/download/#/iphone"}, "suffix": "/5406597_9hHvtxk7eAkgCq4EPOhIa_P-RUzChAR6gf_v57J1FkE.jpg", "createdAt": 1358159316, "prefix": "https://igx.4sqi.net/img/general/", "width": 959, "height": 717}, "createdAt": 1358159312, "agreeCount": 1, "id": "50f3ddd0e4b0694b2b1b3e13", "text": "Assam fish head is apparently awesome.", "type": "user", "disagreeCount": 0, "user": {"gender": "male", "id": "5406597", "photo": {"prefix": "https://igx.4sqi.net/img/user/", "suffix": "/5406597-OQPKWR5ET4QO5EMC.jpg"}, "firstName": "Aaron", "lastName": "Wong"}, "canonicalUrl": "https://foursquare.com/item/50f3ddd0e4b0694b2b1b3e13", "todo": {"count": 0}, "photourl": "https://igx.4sqi.net/img/general/original/5406597_9hHvtxk7eAkgCq4EPOhIa_P-RUzChAR6gf_v57J1FkE.jpg"}]}, {"reasons": {"items": [{"reasonName": "globalInteractionReason", "summary": "This spot is popular", "type": "general"}], "count": 0}, "venue": {"hereNow": {"groups": [], "summary": "Nobody here", "count": 0}, "contact": {"phone": "+6583686458", "formattedPhone": "+65 8368 6458"}, "photos": {"groups": [], "count": 0}, "name": "Tenderfresh Western Food (i chicks \u53ef\u7231\u9e21)", "allowMenuUrlEdit": true, "beenHere": {"lastCheckinExpiredAt": 0, "count": 0, "marked": false}, "stats": {"checkinsCount": 103, "usersCount": 12, "tipCount": 1}, "id": "504ab558e4b0c9f21ecfb31b", "categories": [{"pluralName": "Steakhouses", "id": "4bf58dd8d48988d1cc941735", "primary": true, "icon": {"prefix": "https://ss3.4sqi.net/img/categories_v2/food/steakhouse_", "suffix": ".png"}, "name": "Steakhouse", "shortName": "Steakhouse"}], "location": {"lat": 1.404783375063973, "distance": 761, "country": "Singapore", "cc": "SG", "crossStreet": "#01-01 612 Punggol Dr", "formattedAddress": ["Broadway (#01-01 612 Punggol Dr)", "820612", "Singapore"], "city": "Damai Grove", "lng": 103.90890758216247, "state": "Punggol", "labeledLatLngs": [{"lng": 103.90890758216247, "label": "display", "lat": 1.404783375063973}], "address": "Broadway", "postalCode": "820612"}, "verified": false, "price": {"tier": 4, "currency": "$", "message": "Very Expensive"}}, "referralId": "e-3-504ab558e4b0c9f21ecfb31b-79", "tips": [{"id": "56695469498e60b757aedabc", "text": "Chicken chop \ud83d\udc4d\ud83c\udffb", "disagreeCount": 0, "logView": true, "createdAt": 1449743465, "likes": {"groups": [], "summary": "1 like", "count": 1}, "todo": {"count": 0}, "agreeCount": 1, "canonicalUrl": "https://foursquare.com/item/56695469498e60b757aedabc", "type": "user", "user": {"gender": "male", "id": "3239225", "photo": {"prefix": "https://igx.4sqi.net/img/user/", "suffix": "/3239225_FUOzfHuU_v9MeuyoYFKrOGjgMAenSfU-GkfQR97hH-kzqT3TUfAsWX-NKYaoySWw-f4Dg4Nya.jpg"}, "firstName": "Samuel", "lastName": "T"}}]}, {"reasons": {"items": [{"reasonName": "globalInteractionReason", "summary": "This spot is popular", "type": "general"}], "count": 0}, "venue": {"hereNow": {"groups": [], "summary": "Nobody here", "count": 0}, "contact": {}, "photos": {"groups": [], "count": 0}, "name": "B & K Cafe", "allowMenuUrlEdit": true, "beenHere": {"lastCheckinExpiredAt": 0, "count": 0, "marked": false}, "stats": {"checkinsCount": 240, "usersCount": 35, "tipCount": 1}, "id": "4e6b358618a83989eccc419d", "categories": [{"pluralName": "Caf\u00e9s", "id": "4bf58dd8d48988d16d941735", "primary": true, "icon": {"prefix": "https://ss3.4sqi.net/img/categories_v2/food/cafe_", "suffix": ".png"}, "name": "Caf\u00e9", "shortName": "Caf\u00e9"}], "location": {"formattedAddress": ["Punggol", "Singapore"], "lat": 1.4031571349373937, "lng": 103.90883394877106, "distance": 768, "country": "Singapore", "cc": "SG", "address": "Punggol", "labeledLatLngs": [{"lng": 103.90883394877106, "label": "display", "lat": 1.4031571349373937}]}, "verified": false, "price": {"tier": 1, "currency": "$", "message": "Cheap"}}, "referralId": "e-3-4e6b358618a83989eccc419d-80", "tips": [{"id": "4f7c5617e4b02cc04dd3687c", "text": "Be nice to the chef!", "disagreeCount": 0, "createdAt": 1333548567, "logView": true, "todo": {"count": 0}, "agreeCount": 0, "canonicalUrl": "https://foursquare.com/item/4f7c5617e4b02cc04dd3687c", "type": "user", "user": {"id": "6051062", "photo": {"prefix": "https://igx.4sqi.net/img/user/", "suffix": "/4EABNQAAGK1GP5X0.jpg"}, "firstName": "Blue_sora", "gender": "female"}}]}, {"reasons": {"items": [{"reasonName": "globalInteractionReason", "summary": "This spot is popular", "type": "general"}], "count": 0}, "venue": {"hereNow": {"groups": [], "summary": "Nobody here", "count": 0}, "contact": {}, "photos": {"groups": [], "count": 0}, "name": "Heavenly Wang", "allowMenuUrlEdit": true, "beenHere": {"lastCheckinExpiredAt": 0, "count": 0, "marked": false}, "stats": {"checkinsCount": 61, "usersCount": 49, "tipCount": 0}, "id": "575f680e498e22fa25bed89e", "categories": [{"pluralName": "Caf\u00e9s", "id": "4bf58dd8d48988d16d941735", "primary": true, "icon": {"prefix": "https://ss3.4sqi.net/img/categories_v2/food/cafe_", "suffix": ".png"}, "name": "Caf\u00e9", "shortName": "Caf\u00e9"}], "location": {"formattedAddress": ["10 Sentul Crescent", "828851", "Singapore"], "postalCode": "828851", "lat": 1.410327, "lng": 103.905959, "state": "North East Community Development Region", "country": "Singapore", "distance": 775, "city": "Punggol", "cc": "SG", "address": "10 Sentul Crescent", "labeledLatLngs": [{"lng": 103.905959, "label": "display", "lat": 1.410327}]}, "hours": {"isLocalHoliday": false, "isOpen": true, "status": "Open until 9:30 PM"}, "verified": false, "price": {"tier": 1, "currency": "$", "message": "Cheap"}}, "referralId": "e-3-575f680e498e22fa25bed89e-81"}, {"reasons": {"items": [{"reasonName": "globalInteractionReason", "summary": "This spot is popular", "type": "general"}], "count": 0}, "venue": {"contact": {}, "photos": {"groups": [], "count": 0}, "rating": 4.6, "name": "London Fat Duck", "ratingSignals": 22, "allowMenuUrlEdit": true, "categories": [{"pluralName": "Hong Kong Restaurants", "id": "52af3add3cf9994f4e043bf5", "primary": true, "icon": {"prefix": "https://ss3.4sqi.net/img/categories_v2/food/asian_", "suffix": ".png"}, "name": "Hong Kong Restaurant", "shortName": "Hong Kong"}], "stats": {"checkinsCount": 323, "usersCount": 259, "tipCount": 10}, "id": "56bd9a26498ef768f82c8500", "beenHere": {"lastCheckinExpiredAt": 0, "count": 0, "marked": false}, "ratingColor": "FF6701", "location": {"lng": 103.90208250137998, "formattedAddress": ["Lv 1, Waterway Point (83 Punggol Central)", "828761", "Singapore"], "postalCode": "828761", "lat": 1.4061544498316647, "crossStreet": "83 Punggol Central", "country": "Singapore", "distance": 178, "city": "Singapore", "cc": "SG", "address": "Lv 1, Waterway Point", "labeledLatLngs": [{"lng": 103.90208250137998, "label": "display", "lat": 1.4061544498316647}]}, "hours": {"isLocalHoliday": false, "isOpen": true, "status": "Likely open"}, "verified": false, "hereNow": {"groups": [], "summary": "Nobody here", "count": 0}}, "referralId": "e-3-56bd9a26498ef768f82c8500-82", "tips": [{"id": "56bf1d75498e87321fc8ee08", "text": "Not sure what's good here! Can't even try when their queue management is so lousy!", "disagreeCount": 0, "logView": true, "createdAt": 1455365493, "likes": {"groups": [], "summary": "1 like", "count": 1}, "todo": {"count": 0}, "agreeCount": 1, "canonicalUrl": "https://foursquare.com/item/56bf1d75498e87321fc8ee08", "type": "user", "user": {"gender": "female", "id": "4901603", "photo": {"prefix": "https://igx.4sqi.net/img/user/", "suffix": "/4901603-UZ1SGJWHNFARG5UK.jpg"}, "firstName": "Sherlyn", "lastName": "Lee"}}]}, {"reasons": {"items": [{"reasonName": "globalInteractionReason", "summary": "This spot is popular", "type": "general"}], "count": 0}, "venue": {"hereNow": {"groups": [], "summary": "Nobody here", "count": 0}, "contact": {}, "photos": {"groups": [], "count": 0}, "rating": 5.2, "name": "7 Stars Kopitiam", "ratingSignals": 15, "allowMenuUrlEdit": true, "categories": [{"pluralName": "Diners", "id": "4bf58dd8d48988d147941735", "primary": true, "icon": {"prefix": "https://ss3.4sqi.net/img/categories_v2/food/diner_", "suffix": ".png"}, "name": "Diner", "shortName": "Diner"}], "stats": {"checkinsCount": 310, "usersCount": 104, "tipCount": 2}, "id": "55615e1d498e8dcd9d4ad750", "beenHere": {"lastCheckinExpiredAt": 0, "count": 0, "marked": false}, "ratingColor": "FF9600", "location": {"formattedAddress": ["312A Sumang Link", "821312", "Singapore"], "postalCode": "821312", "lat": 1.410501241195156, "lng": 103.90011716775712, "country": "Singapore", "distance": 697, "city": "Singapore", "cc": "SG", "address": "312A Sumang Link", "labeledLatLngs": [{"lng": 103.90011716775712, "label": "display", "lat": 1.410501241195156}]}, "hours": {"isLocalHoliday": false, "isOpen": true, "status": "Likely open"}, "verified": false, "price": {"tier": 1, "currency": "$", "message": "Cheap"}}, "referralId": "e-3-55615e1d498e8dcd9d4ad750-83", "tips": [{"id": "57bc2d18498ebb675b7b2320", "text": "Haven't been here for the roasted delights for sometime. Everything -(chicken, char siew, roast meat) taste different, food is cold at peak hour (10mins to 7pm). What happened?!", "disagreeCount": 0, "createdAt": 1471950104, "logView": true, "todo": {"count": 0}, "agreeCount": 0, "canonicalUrl": "https://foursquare.com/item/57bc2d18498ebb675b7b2320", "type": "user", "user": {"id": "1222769", "photo": {"prefix": "https://igx.4sqi.net/img/user/", "suffix": "/O0MPHMF2RMHD03MD.jpg"}, "firstName": "Alicia", "gender": "female"}}]}, {"reasons": {"items": [{"reasonName": "globalInteractionReason", "summary": "This spot is popular", "type": "general"}], "count": 0}, "venue": {"contact": {}, "photos": {"groups": [], "count": 0}, "rating": 4.8, "name": "Fu Chan Coffee Shop \u5bcc\u57ce\u9910\u5ba4", "ratingSignals": 45, "allowMenuUrlEdit": true, "categories": [{"pluralName": "Food Courts", "id": "4bf58dd8d48988d120951735", "primary": true, "icon": {"prefix": "https://ss3.4sqi.net/img/categories_v2/shops/food_foodcourt_", "suffix": ".png"}, "name": "Food Court", "shortName": "Food Court"}], "stats": {"checkinsCount": 3221, "usersCount": 824, "tipCount": 42}, "id": "4c0f1df675f99c746097ecc4", "beenHere": {"lastCheckinExpiredAt": 0, "count": 0, "marked": false}, "ratingColor": "FF6701", "location": {"formattedAddress": ["301 Punggol Central", "824301", "Singapore"], "postalCode": "824301", "lat": 1.403461151928656, "lng": 103.90644371709489, "country": "Singapore", "distance": 501, "city": "Singapore", "cc": "SG", "address": "301 Punggol Central", "labeledLatLngs": [{"lng": 103.90644371709489, "label": "display", "lat": 1.403461151928656}]}, "hours": {"isLocalHoliday": false, "isOpen": true, "status": "Likely open"}, "verified": false, "hereNow": {"groups": [], "summary": "Nobody here", "count": 0}}, "referralId": "e-3-4c0f1df675f99c746097ecc4-84", "tips": [{"id": "4e4535d1483b03d090ceb62e", "text": "The prata here is awesome!", "disagreeCount": 0, "logView": true, "createdAt": 1313158609, "likes": {"groups": [], "summary": "3 likes", "count": 3}, "todo": {"count": 0}, "agreeCount": 3, "canonicalUrl": "https://foursquare.com/item/4e4535d1483b03d090ceb62e", "type": "user", "user": {"gender": "none", "id": "3932402", "photo": {"prefix": "https://igx.4sqi.net/img/user/", "suffix": "/VA2Q3NNE5TCM2EWO.jpg"}, "firstName": "Jonathan", "lastName": "Lum"}}]}], "name": "recommended", "type": "Recommended Places"}], "query": "food", "headerLocation": "Punggol"}}