{"meta": {"code": 200, "requestId": "595a3c754434b96be516d86e"}, "response": {"suggestedFilters": {"filters": [{"name": "Open now", "key": "openNow"}], "header": "Tap to show:"}, "totalResults": 51, "headerFullLocation": "Central Region, Singapore", "headerLocationGranularity": "neighborhood", "suggestedBounds": {"ne": {"lng": 103.8688749716977, "lat": 1.326595713223057}, "sw": {"lng": 103.8544980320423, "lat": 1.3121956988230428}}, "groups": [{"items": [{"reasons": {"items": [{"reasonName": "globalInteractionReason", "summary": "This spot is popular", "type": "general"}], "count": 0}, "venue": {"hereNow": {"groups": [], "summary": "Nobody here", "count": 0}, "contact": {"phone": "+6562999880", "formattedPhone": "+65 6299 9880"}, "photos": {"groups": [], "count": 0}, "rating": 8.9, "name": "Boon Tong Kee \u6587\u4e1c\u8bb0", "ratingSignals": 81, "allowMenuUrlEdit": true, "categories": [{"pluralName": "Chinese Restaurants", "id": "4bf58dd8d48988d145941735", "primary": true, "icon": {"prefix": "https://ss3.4sqi.net/img/categories_v2/food/asian_", "suffix": ".png"}, "name": "Chinese Restaurant", "shortName": "Chinese"}], "stats": {"checkinsCount": 4306, "usersCount": 2319, "tipCount": 25}, "id": "4b9b68a5f964a5208a0536e3", "beenHere": {"lastCheckinExpiredAt": 0, "count": 0, "marked": false}, "url": "http://www.boontongkee.com.sg", "ratingColor": "73CF42", "location": {"formattedAddress": ["34 Whampoa West #01-93", "330034", "Singapore"], "postalCode": "330034", "neighborhood": "Kallang", "lat": 1.3199753425850844, "lng": 103.86204511537198, "country": "Singapore", "distance": 75, "city": "Singapore", "cc": "SG", "address": "34 Whampoa West #01-93", "labeledLatLngs": [{"lng": 103.86204511537198, "label": "display", "lat": 1.3199753425850844}]}, "hours": {"isLocalHoliday": false, "isOpen": true, "status": "Open until 10:00 PM"}, "verified": false, "price": {"tier": 2, "currency": "$", "message": "Moderate"}}, "referralId": "e-3-4b9b68a5f964a5208a0536e3-0", "tips": [{"id": "4b9b6f6770c603bb5e4294b4", "text": "Proven the best of Singapore's chicken rice. Boiled chicken is a must try. Order Kang Kong and Crispy beancurd on the side. Remember, this is Singapore. The small portion is enough for 3.", "disagreeCount": 0, "logView": true, "createdAt": 1268477799, "likes": {"groups": [], "summary": "4 likes", "count": 4}, "todo": {"count": 2}, "agreeCount": 4, "canonicalUrl": "https://foursquare.com/item/4b9b6f6770c603bb5e4294b4", "type": "user", "user": {"gender": "male", "id": "286300", "photo": {"prefix": "https://igx.4sqi.net/img/user/", "suffix": "/HSUKRHSQSLNJTJRR.jpg"}, "firstName": "Gambit", "lastName": "Fauri"}}]}, {"reasons": {"items": [{"reasonName": "globalInteractionReason", "summary": "This spot is popular", "type": "general"}], "count": 0}, "venue": {"contact": {}, "photos": {"groups": [], "count": 0}, "rating": 7.6, "name": "Bendemeer Market & Food Centre", "ratingSignals": 221, "allowMenuUrlEdit": true, "categories": [{"pluralName": "Food Courts", "id": "4bf58dd8d48988d120951735", "primary": true, "icon": {"prefix": "https://ss3.4sqi.net/img/categories_v2/shops/food_foodcourt_", "suffix": ".png"}, "name": "Food Court", "shortName": "Food Court"}], "stats": {"checkinsCount": 13160, "usersCount": 2974, "tipCount": 116}, "id": "4b68c57df964a5200f8c2be3", "beenHere": {"lastCheckinExpiredAt": 0, "count": 0, "marked": false}, "ratingColor": "C5DE35", "location": {"formattedAddress": ["29 Bendemeer Rd.", "330029", "Singapore"], "postalCode": "330029", "lat": 1.319001382644118, "lng": 103.86275288790178, "country": "Singapore", "distance": 126, "city": "Singapore", "cc": "SG", "address": "29 Bendemeer Rd.", "labeledLatLngs": [{"lng": 103.86275288790178, "label": "display", "lat": 1.319001382644118}]}, "hours": {"isLocalHoliday": false, "isOpen": true, "status": "Likely open"}, "verified": false, "hereNow": {"groups": [], "summary": "Nobody here", "count": 0}}, "referralId": "e-3-4b68c57df964a5200f8c2be3-1", "tips": [{"id": "4e3dfb00c65b4ec275eafede", "text": "Chee cheong fun (rice rolls): Nan Rong has been selling here 4 as long as I can remember. Order with their yam cake, splash lotsa ti chiao (sweet bean sauce) & chilli, n u r all set 4 bfast", "disagreeCount": 0, "logView": true, "createdAt": 1312684800, "likes": {"groups": [], "summary": "6 likes", "count": 6}, "todo": {"count": 1}, "agreeCount": 6, "canonicalUrl": "https://foursquare.com/item/4e3dfb00c65b4ec275eafede", "type": "user", "user": {"gender": "male", "id": "231366", "photo": {"prefix": "https://igx.4sqi.net/img/user/", "suffix": "/231366-Q2ZSAEF50GYUXPDA.jpg"}, "firstName": "Cheen", "lastName": "The Curious"}}]}, {"reasons": {"items": [{"reasonName": "globalInteractionReason", "summary": "This spot is popular", "type": "general"}], "count": 0}, "venue": {"hereNow": {"groups": [], "summary": "Nobody here", "count": 0}, "contact": {}, "photos": {"groups": [], "count": 0}, "rating": 7.5, "name": "Lam's Abalone Noodles", "ratingSignals": 42, "allowMenuUrlEdit": true, "categories": [{"pluralName": "Noodle Houses", "id": "4bf58dd8d48988d1d1941735", "primary": true, "icon": {"prefix": "https://ss3.4sqi.net/img/categories_v2/food/ramen_", "suffix": ".png"}, "name": "Noodle House", "shortName": "Noodles"}], "stats": {"checkinsCount": 553, "usersCount": 376, "tipCount": 10}, "id": "4c4fc4838edf0f479f1f24ae", "beenHere": {"lastCheckinExpiredAt": 0, "count": 0, "marked": false}, "ratingColor": "C5DE35", "location": {"lng": 103.858388, "formattedAddress": ["460 Race Course Road (At Balestier Road)", "Singapore"], "lat": 1.316448, "crossStreet": "At Balestier Road", "country": "Singapore", "distance": 492, "city": "Singapore", "cc": "SG", "address": "460 Race Course Road", "labeledLatLngs": [{"lng": 103.858388, "label": "display", "lat": 1.316448}]}, "hours": {"isLocalHoliday": false, "isOpen": false, "status": "Closed until 10:30 AM tomorrow"}, "verified": false, "price": {"tier": 1, "currency": "$", "message": "Cheap"}}, "referralId": "e-3-4c4fc4838edf0f479f1f24ae-2", "tips": [{"id": "52c3af1611d28f645090bccf", "text": "Salted chicken is very good, braised tofu excellent , economical price for abalone noodles . Thumbs up", "disagreeCount": 0, "logView": true, "createdAt": 1388556054, "likes": {"groups": [], "summary": "2 likes", "count": 2}, "todo": {"count": 0}, "agreeCount": 2, "canonicalUrl": "https://foursquare.com/item/52c3af1611d28f645090bccf", "type": "user", "user": {"gender": "male", "id": "4622920", "photo": {"prefix": "https://igx.4sqi.net/img/user/", "suffix": "/RGIE1S3X5QUCN40D.jpg"}, "firstName": "Daniel", "lastName": "Yong"}}]}, {"reasons": {"items": [{"reasonName": "globalInteractionReason", "summary": "This spot is popular", "type": "general"}], "count": 0}, "venue": {"hereNow": {"groups": [], "summary": "Nobody here", "count": 0}, "contact": {}, "photos": {"groups": [], "count": 0}, "rating": 7.1, "name": "careshop de cafe", "ratingSignals": 14, "allowMenuUrlEdit": true, "categories": [{"pluralName": "Caf\u00e9s", "id": "4bf58dd8d48988d16d941735", "primary": true, "icon": {"prefix": "https://ss3.4sqi.net/img/categories_v2/food/cafe_", "suffix": ".png"}, "name": "Caf\u00e9", "shortName": "Caf\u00e9"}], "stats": {"checkinsCount": 538, "usersCount": 235, "tipCount": 9}, "id": "4b5995baf964a520978d28e3", "beenHere": {"lastCheckinExpiredAt": 0, "count": 0, "marked": false}, "ratingColor": "C5DE35", "location": {"formattedAddress": ["153 Boon Keng Rd", "339778", "Singapore"], "postalCode": "339778", "lat": 1.3167776401311317, "lng": 103.86302467353092, "distance": 327, "country": "Singapore", "cc": "SG", "address": "153 Boon Keng Rd", "labeledLatLngs": [{"lng": 103.86302467353092, "label": "display", "lat": 1.3167776401311317}]}, "hours": {"isLocalHoliday": false, "isOpen": false}, "verified": false, "price": {"tier": 1, "currency": "$", "message": "Cheap"}}, "referralId": "e-3-4b5995baf964a520978d28e3-3", "tips": [{"id": "4bba159270c603bb09d396b4", "text": "The wings are awesome... Will definitely give another try on 100 degree and onwards", "disagreeCount": 0, "logView": true, "createdAt": 1270486418, "likes": {"groups": [], "summary": "2 likes", "count": 2}, "todo": {"count": 2}, "agreeCount": 0, "canonicalUrl": "https://foursquare.com/item/4bba159270c603bb09d396b4", "type": "user", "user": {"gender": "female", "id": "790203", "photo": {"prefix": "https://igx.4sqi.net/img/user/", "suffix": "/PR25P25YELHYO2CJ.jpg"}, "firstName": "Valerie", "lastName": "Teo"}}]}, {"reasons": {"items": [{"reasonName": "globalInteractionReason", "summary": "This spot is popular", "type": "general"}], "count": 0}, "venue": {"hereNow": {"groups": [], "summary": "Nobody here", "count": 0}, "contact": {}, "photos": {"groups": [], "count": 0}, "rating": 6.9, "name": "Oh My \u5929", "ratingSignals": 15, "allowMenuUrlEdit": true, "categories": [{"pluralName": "Caf\u00e9s", "id": "4bf58dd8d48988d16d941735", "primary": true, "icon": {"prefix": "https://ss3.4sqi.net/img/categories_v2/food/cafe_", "suffix": ".png"}, "name": "Caf\u00e9", "shortName": "Caf\u00e9"}], "stats": {"checkinsCount": 195, "usersCount": 141, "tipCount": 6}, "id": "569b6d28498e49b6b1b34597", "beenHere": {"lastCheckinExpiredAt": 0, "count": 0, "marked": false}, "ratingColor": "FFC800", "location": {"formattedAddress": ["34, Whampoa West, #01-79", "330034", "Singapore"], "postalCode": "330034", "lat": 1.3202206808863874, "lng": 103.86232822394237, "country": "Singapore", "distance": 116, "city": "Singapore", "cc": "SG", "address": "34, Whampoa West, #01-79", "labeledLatLngs": [{"lng": 103.86232822394237, "label": "display", "lat": 1.3202206808863874}]}, "hours": {"isLocalHoliday": false, "isOpen": false, "status": "Closed until Noon tomorrow"}, "verified": false, "price": {"tier": 1, "currency": "$", "message": "Cheap"}}, "referralId": "e-3-569b6d28498e49b6b1b34597-4", "tips": [{"logView": true, "photo": {"id": "56b5e74c498e74a4e67e2528", "visibility": "public", "source": {"name": "Foursquare for iOS", "url": "https://foursquare.com/download/#/iphone"}, "suffix": "/78067164_sjzXTbp2f8ytnh9Ef8i8ZEtOeS3jbJlDrez8CcT2da0.jpg", "createdAt": 1454761804, "prefix": "https://igx.4sqi.net/img/general/", "width": 1440, "height": 1440}, "createdAt": 1454761801, "todo": {"count": 0}, "agreeCount": 1, "likes": {"groups": [], "summary": "1 like", "count": 1}, "id": "56b5e749498e9872794acbad", "text": "oh my \u5929 Waffles", "disagreeCount": 0, "user": {"gender": "female", "id": "78067164", "photo": {"prefix": "https://igx.4sqi.net/img/user/", "suffix": "/78067164-IMWDH0V31H3V0N2N.jpg"}, "firstName": "Mag", "lastName": "TY"}, "canonicalUrl": "https://foursquare.com/item/56b5e749498e9872794acbad", "type": "user", "photourl": "https://igx.4sqi.net/img/general/original/78067164_sjzXTbp2f8ytnh9Ef8i8ZEtOeS3jbJlDrez8CcT2da0.jpg"}]}, {"reasons": {"items": [{"reasonName": "globalInteractionReason", "summary": "This spot is popular", "type": "general"}], "count": 0}, "venue": {"hereNow": {"groups": [], "summary": "Nobody here", "count": 0}, "contact": {}, "photos": {"groups": [], "count": 0}, "rating": 7.1, "name": "YSW Seafood", "ratingSignals": 9, "allowMenuUrlEdit": true, "categories": [{"pluralName": "Seafood Restaurants", "id": "4bf58dd8d48988d1ce941735", "primary": true, "icon": {"prefix": "https://ss3.4sqi.net/img/categories_v2/food/seafood_", "suffix": ".png"}, "name": "Seafood Restaurant", "shortName": "Seafood"}], "stats": {"checkinsCount": 674, "usersCount": 256, "tipCount": 3}, "id": "4c857a6b47cc224b61b1a19f", "beenHere": {"lastCheckinExpiredAt": 0, "count": 0, "marked": false}, "ratingColor": "C5DE35", "location": {"formattedAddress": [":987 Serangoon Rd, Singapore 328147", "Singapore"], "lat": 1.3221580425078618, "lng": 103.86347472667694, "distance": 366, "country": "Singapore", "cc": "SG", "address": ":987 Serangoon Rd, Singapore 328147", "labeledLatLngs": [{"lng": 103.86347472667694, "label": "display", "lat": 1.3221580425078618}]}, "hours": {"isLocalHoliday": false, "isOpen": true, "status": "Likely open"}, "verified": false, "price": {"tier": 3, "currency": "$", "message": "Expensive"}}, "referralId": "e-3-4c857a6b47cc224b61b1a19f-5", "tips": [{"id": "4f0efc7fe4b00ae6bcb15a38", "text": "I love the Chicken Wings Here!", "disagreeCount": 0, "logView": true, "createdAt": 1326382207, "likes": {"groups": [], "summary": "1 like", "count": 1}, "todo": {"count": 0}, "agreeCount": 1, "canonicalUrl": "https://foursquare.com/item/4f0efc7fe4b00ae6bcb15a38", "type": "user", "user": {"gender": "female", "id": "15622597", "photo": {"prefix": "https://igx.4sqi.net/img/user/", "suffix": "/15622597-HNPUSJBWYIKQF20S.jpg"}, "firstName": "DaixyGraxe", "lastName": "\u00dc"}}]}, {"reasons": {"items": [{"reasonName": "globalInteractionReason", "summary": "This spot is popular", "type": "general"}], "count": 0}, "venue": {"hereNow": {"groups": [], "summary": "Nobody here", "count": 0}, "contact": {}, "photos": {"groups": [], "count": 0}, "rating": 7.7, "name": "Original Serangoon Fried Hokkien Mee", "ratingSignals": 30, "allowMenuUrlEdit": true, "categories": [{"pluralName": "Noodle Houses", "id": "4bf58dd8d48988d1d1941735", "primary": true, "icon": {"prefix": "https://ss3.4sqi.net/img/categories_v2/food/ramen_", "suffix": ".png"}, "name": "Noodle House", "shortName": "Noodles"}], "stats": {"checkinsCount": 543, "usersCount": 238, "tipCount": 12}, "id": "4c1b65aeb9f876b0f21b7a46", "beenHere": {"lastCheckinExpiredAt": 0, "count": 0, "marked": false}, "ratingColor": "C5DE35", "location": {"lng": 103.857855, "formattedAddress": ["556 Serangoon Road, Long San Eating House (Beatty Road)", "Singapore"], "lat": 1.314443, "crossStreet": "Beatty Road", "country": "Singapore", "distance": 696, "city": "Singapore", "cc": "SG", "address": "556 Serangoon Road, Long San Eating House", "labeledLatLngs": [{"lng": 103.857855, "label": "display", "lat": 1.314443}]}, "hours": {"isLocalHoliday": false, "isOpen": false, "status": "Closed until 4:30 PM tomorrow"}, "verified": false, "price": {"tier": 1, "currency": "$", "message": "Cheap"}}, "referralId": "e-3-4c1b65aeb9f876b0f21b7a46-6", "tips": [{"id": "4f7315afe4b06e8c1dc3acd6", "text": "Try the otah from across the road. Freshly pengkanged on the spot!", "disagreeCount": 0, "logView": true, "createdAt": 1332942255, "likes": {"groups": [], "summary": "3 likes", "count": 3}, "todo": {"count": 0}, "agreeCount": 4, "canonicalUrl": "https://foursquare.com/item/4f7315afe4b06e8c1dc3acd6", "type": "user", "user": {"gender": "male", "id": "940120", "photo": {"prefix": "https://igx.4sqi.net/img/user/", "suffix": "/940120-OHSANBSMGGTQUZYL.jpg"}, "firstName": "AA", "lastName": "Mak"}}]}, {"reasons": {"items": [{"reasonName": "globalInteractionReason", "summary": "This spot is popular", "type": "general"}], "count": 0}, "venue": {"hereNow": {"groups": [], "summary": "Nobody here", "count": 0}, "contact": {"phone": "+6562975350", "formattedPhone": "+65 6297 5350"}, "photos": {"groups": [], "count": 0}, "rating": 6.8, "name": "Casper Seafood", "ratingSignals": 9, "allowMenuUrlEdit": true, "categories": [{"pluralName": "Chinese Restaurants", "id": "4bf58dd8d48988d145941735", "primary": true, "icon": {"prefix": "https://ss3.4sqi.net/img/categories_v2/food/asian_", "suffix": ".png"}, "name": "Chinese Restaurant", "shortName": "Chinese"}], "stats": {"checkinsCount": 471, "usersCount": 92, "tipCount": 6}, "id": "4e05d73118a8382643a95a0f", "beenHere": {"lastCheckinExpiredAt": 0, "count": 0, "marked": false}, "ratingColor": "FFC800", "location": {"formattedAddress": ["Block34 whampoa west", "330034", "Singapore"], "postalCode": "330034", "lat": 1.3205114938465314, "lng": 103.86251507592132, "country": "Singapore", "distance": 154, "city": "Singapore", "cc": "SG", "address": "Block34 whampoa west", "labeledLatLngs": [{"lng": 103.86251507592132, "label": "display", "lat": 1.3205114938465314}]}, "verified": false, "price": {"tier": 1, "currency": "$", "message": "Cheap"}}, "referralId": "e-3-4e05d73118a8382643a95a0f-7", "tips": [{"id": "4d188e088312236a9daf65ba", "text": "Tom yam fish head - must try!", "disagreeCount": 0, "logView": true, "createdAt": 1293454856, "likes": {"groups": [], "summary": "4 likes", "count": 4}, "todo": {"count": 0}, "agreeCount": 0, "canonicalUrl": "https://foursquare.com/item/4d188e088312236a9daf65ba", "type": "user", "user": {"gender": "male", "id": "4144022", "photo": {"prefix": "https://igx.4sqi.net/img/user/", "suffix": "/E0SH34VGRRERXZNJ.jpg"}, "firstName": "Desmond", "lastName": "Koh"}}]}, {"reasons": {"items": [{"reasonName": "globalInteractionReason", "summary": "This spot is popular", "type": "general"}], "count": 0}, "venue": {"hereNow": {"groups": [], "summary": "Nobody here", "count": 0}, "contact": {}, "photos": {"groups": [], "count": 0}, "rating": 6.9, "name": "Yuan Xing (Guan Hin) Restaurant", "ratingSignals": 13, "allowMenuUrlEdit": true, "categories": [{"pluralName": "Chinese Restaurants", "id": "4bf58dd8d48988d145941735", "primary": true, "icon": {"prefix": "https://ss3.4sqi.net/img/categories_v2/food/asian_", "suffix": ".png"}, "name": "Chinese Restaurant", "shortName": "Chinese"}], "stats": {"checkinsCount": 343, "usersCount": 287, "tipCount": 7}, "id": "4b8a509bf964a5201e6832e3", "beenHere": {"lastCheckinExpiredAt": 0, "count": 0, "marked": false}, "ratingColor": "FFC800", "location": {"lng": 103.86459311369725, "formattedAddress": ["Blk 34 Whampoa West (Bendemeer Road)", "330034", "Singapore"], "postalCode": "330034", "lat": 1.3200339006834614, "crossStreet": "Bendemeer Road", "country": "Singapore", "distance": 331, "city": "Kallang", "cc": "SG", "address": "Blk 34 Whampoa West", "labeledLatLngs": [{"lng": 103.86459311369725, "label": "display", "lat": 1.3200339006834614}]}, "hours": {"isLocalHoliday": false, "isOpen": true, "status": "Likely open"}, "verified": false, "price": {"tier": 1, "currency": "$", "message": "Cheap"}}, "referralId": "e-3-4b8a509bf964a5201e6832e3-8", "tips": [{"id": "4e917dbe8231d8feae65834e", "text": "Teochew food delicious especially goose meat", "disagreeCount": 0, "logView": true, "createdAt": 1318157758, "likes": {"groups": [], "summary": "4 likes", "count": 4}, "todo": {"count": 0}, "agreeCount": 2, "canonicalUrl": "https://foursquare.com/item/4e917dbe8231d8feae65834e", "type": "user", "user": {"gender": "female", "id": "6271773", "photo": {"prefix": "https://igx.4sqi.net/img/user/", "suffix": "/SOFBMDLEA2NE4GS2.jpg"}, "firstName": "Elise", "lastName": "Loveee"}}]}, {"reasons": {"items": [{"reasonName": "globalInteractionReason", "summary": "This spot is popular", "type": "general"}], "count": 0}, "venue": {"hereNow": {"groups": [], "summary": "Nobody here", "count": 0}, "contact": {"phone": "+6568427759", "formattedPhone": "+65 6842 7759"}, "photos": {"groups": [], "count": 0}, "rating": 7.5, "name": "Ch\u53c9r (Char) Casual Dining", "ratingSignals": 122, "allowMenuUrlEdit": true, "categories": [{"pluralName": "BBQ Joints", "id": "4bf58dd8d48988d1df931735", "primary": true, "icon": {"prefix": "https://ss3.4sqi.net/img/categories_v2/food/bbqalt_", "suffix": ".png"}, "name": "BBQ Joint", "shortName": "BBQ"}], "stats": {"checkinsCount": 961, "usersCount": 669, "tipCount": 42}, "id": "52f72dfe498ee5ec7bc9a6bb", "beenHere": {"lastCheckinExpiredAt": 0, "count": 0, "marked": false}, "url": "http://www.char.com.sg", "ratingColor": "C5DE35", "location": {"formattedAddress": ["363 Jalan Besar", "208994", "Singapore"], "postalCode": "208994", "lat": 1.3126263206424003, "lng": 103.85977460593365, "country": "Singapore", "distance": 783, "city": "Singapore", "cc": "SG", "address": "363 Jalan Besar", "labeledLatLngs": [{"lng": 103.85977460593365, "label": "display", "lat": 1.3126263206424003}]}, "hours": {"isLocalHoliday": false, "isOpen": false, "status": "Closed until 11:30 AM tomorrow"}, "verified": false, "price": {"tier": 2, "currency": "$", "message": "Moderate"}}, "referralId": "e-3-52f72dfe498ee5ec7bc9a6bb-9", "tips": [{"id": "538982ae498ef46f58d260af", "text": "wifi password: casualdining. char siew is world class.", "disagreeCount": 0, "logView": true, "createdAt": 1401520814, "likes": {"groups": [], "summary": "5 likes", "count": 5}, "todo": {"count": 1}, "agreeCount": 5, "canonicalUrl": "https://foursquare.com/item/538982ae498ef46f58d260af", "type": "user", "user": {"gender": "female", "id": "7195322", "photo": {"prefix": "https://igx.4sqi.net/img/user/", "suffix": "/7195322_-1QUu4X5_jduB6746lcyswokWOFF9ijtutzlvC1hzDspQIr8xyHpk-g3M-BP94M_0BanZXlfS.jpg"}, "firstName": "Debbie", "lastName": "Ng"}}]}, {"reasons": {"items": [{"reasonName": "globalInteractionReason", "summary": "This spot is popular", "type": "general"}], "count": 0}, "venue": {"hereNow": {"groups": [], "summary": "Nobody here", "count": 0}, "contact": {}, "photos": {"groups": [], "count": 0}, "rating": 6.5, "name": "Bendemeer Prawn Noodle", "ratingSignals": 9, "allowMenuUrlEdit": true, "categories": [{"pluralName": "Noodle Houses", "id": "4bf58dd8d48988d1d1941735", "primary": true, "icon": {"prefix": "https://ss3.4sqi.net/img/categories_v2/food/ramen_", "suffix": ".png"}, "name": "Noodle House", "shortName": "Noodles"}], "stats": {"checkinsCount": 407, "usersCount": 82, "tipCount": 6}, "id": "4d2fe2567791224bda19cc42", "beenHere": {"lastCheckinExpiredAt": 0, "count": 0, "marked": false}, "ratingColor": "FFC800", "location": {"lng": 103.86320020203806, "formattedAddress": ["#01-42, Bendemeer Market & Food Center (29 Bendemeer Rd.)", "330029", "Singapore"], "postalCode": "330029", "lat": 1.3189302868841772, "crossStreet": "29 Bendemeer Rd.", "country": "Singapore", "distance": 176, "city": "Singapore", "cc": "SG", "address": "#01-42, Bendemeer Market & Food Center", "labeledLatLngs": [{"lng": 103.86320020203806, "label": "display", "lat": 1.3189302868841772}]}, "hours": {"isLocalHoliday": false, "isOpen": false}, "verified": false, "price": {"tier": 1, "currency": "$", "message": "Cheap"}}, "referralId": "e-3-4d2fe2567791224bda19cc42-10", "tips": [{"id": "532530d0498e29d9d6bde12c", "text": "Nothing fancy in terms of ingredients. No oversized (and overpriced) prawns and such. But the soup base is rich!", "disagreeCount": 0, "logView": true, "createdAt": 1394946256, "likes": {"groups": [], "summary": "1 like", "count": 1}, "todo": {"count": 0}, "agreeCount": 1, "canonicalUrl": "https://foursquare.com/item/532530d0498e29d9d6bde12c", "type": "user", "user": {"gender": "male", "id": "234324", "photo": {"prefix": "https://igx.4sqi.net/img/user/", "suffix": "/FIH1ERWONCZI4K3D.jpg"}, "firstName": "gerard", "lastName": "t"}}]}, {"reasons": {"items": [{"reasonName": "globalInteractionReason", "summary": "This spot is popular", "type": "general"}], "count": 0}, "venue": {"hereNow": {"groups": [], "summary": "Nobody here", "count": 0}, "contact": {}, "photos": {"groups": [], "count": 0}, "rating": 6.9, "name": "Petite Menu", "ratingSignals": 10, "allowMenuUrlEdit": true, "categories": [{"pluralName": "Caf\u00e9s", "id": "4bf58dd8d48988d16d941735", "primary": true, "icon": {"prefix": "https://ss3.4sqi.net/img/categories_v2/food/cafe_", "suffix": ".png"}, "name": "Caf\u00e9", "shortName": "Caf\u00e9"}], "stats": {"checkinsCount": 113, "usersCount": 85, "tipCount": 8}, "id": "51d614f0498ee56d1d8d2895", "beenHere": {"lastCheckinExpiredAt": 0, "count": 0, "marked": false}, "ratingColor": "FFC800", "location": {"lng": 103.86124675237457, "formattedAddress": ["Aqueen Lavender Hotel (139 Lavender St.)", "338739", "Singapore"], "postalCode": "338739", "lat": 1.3126162739606408, "crossStreet": "139 Lavender St.", "country": "Singapore", "distance": 756, "city": "Singapore", "cc": "SG", "address": "Aqueen Lavender Hotel", "labeledLatLngs": [{"lng": 103.86124675237457, "label": "display", "lat": 1.3126162739606408}]}, "hours": {"isLocalHoliday": false, "isOpen": true, "status": "Open until 11:00 PM"}, "verified": false, "price": {"tier": 1, "currency": "$", "message": "Cheap"}}, "referralId": "e-3-51d614f0498ee56d1d8d2895-11", "tips": [{"logView": true, "photo": {"id": "5257445411d2c9ed463de092", "visibility": "public", "source": {"name": "Foursquare for iOS", "url": "https://foursquare.com/download/#/iphone"}, "suffix": "/339566_c-9izNB1t6g-Y4qvaVS9LYa8gtkhngpDm3HhKxbRXLY.jpg", "createdAt": 1381450836, "prefix": "https://igx.4sqi.net/img/general/", "width": 720, "height": 959}, "createdAt": 1381450827, "todo": {"count": 0}, "agreeCount": 1, "likes": {"groups": [], "summary": "1 like", "count": 1}, "id": "5257444b11d278cf640c356b", "text": "Here for Restaurant Week 2013. Portions were generous, creatively presented, and best of all, tastes good. Prices on their regular menu are surprisingly affordable. HIGHLY RECOMMENDED.", "disagreeCount": 0, "user": {"gender": "male", "id": "339566", "photo": {"prefix": "https://igx.4sqi.net/img/user/", "suffix": "/339566-UXUHDYWBWSRZTE4B.jpg"}, "firstName": "R", "lastName": "Lee"}, "canonicalUrl": "https://foursquare.com/item/5257444b11d278cf640c356b", "type": "user", "photourl": "https://igx.4sqi.net/img/general/original/339566_c-9izNB1t6g-Y4qvaVS9LYa8gtkhngpDm3HhKxbRXLY.jpg"}]}, {"reasons": {"items": [{"reasonName": "globalInteractionReason", "summary": "This spot is popular", "type": "general"}], "count": 0}, "venue": {"hereNow": {"groups": [], "summary": "Nobody here", "count": 0}, "contact": {}, "photos": {"groups": [], "count": 0}, "rating": 6.7, "name": "126 \u6435\u5230\u98df", "ratingSignals": 44, "allowMenuUrlEdit": true, "categories": [{"pluralName": "Dim Sum Restaurants", "id": "4bf58dd8d48988d1f5931735", "primary": true, "icon": {"prefix": "https://ss3.4sqi.net/img/categories_v2/food/dimsum_", "suffix": ".png"}, "name": "Dim Sum Restaurant", "shortName": "Dim Sum"}], "stats": {"checkinsCount": 1358, "usersCount": 800, "tipCount": 16}, "id": "4fca261ce4b026db0294f0e5", "beenHere": {"lastCheckinExpiredAt": 0, "count": 0, "marked": false}, "ratingColor": "FFC800", "location": {"formattedAddress": ["1086 Serangoon Rd", "328187", "Singapore"], "postalCode": "328187", "lat": 1.323816975015691, "lng": 103.86488188984865, "country": "Singapore", "distance": 607, "city": "Singapore", "cc": "SG", "address": "1086 Serangoon Rd", "labeledLatLngs": [{"lng": 103.86488188984865, "label": "display", "lat": 1.323816975015691}]}, "hours": {"isLocalHoliday": false, "isOpen": true, "status": "Likely open"}, "verified": false, "price": {"tier": 2, "currency": "$", "message": "Moderate"}}, "referralId": "e-3-4fca261ce4b026db0294f0e5-12", "tips": [{"id": "52504f26498e8b30ff379342", "text": "Not so fantastic dim sum compared to the geylang main branch.", "disagreeCount": 0, "logView": true, "createdAt": 1380994854, "likes": {"groups": [], "summary": "3 likes", "count": 3}, "todo": {"count": 0}, "agreeCount": 3, "canonicalUrl": "https://foursquare.com/item/52504f26498e8b30ff379342", "type": "user", "user": {"gender": "female", "id": "14684158", "photo": {"prefix": "https://igx.4sqi.net/img/user/", "suffix": "/MBCHNXFL2DJYQLD5.jpg"}, "firstName": "Tan", "lastName": "Kimberley"}}]}, {"reasons": {"items": [{"reasonName": "globalInteractionReason", "summary": "This spot is popular", "type": "general"}], "count": 0}, "venue": {"hereNow": {"groups": [], "summary": "Nobody here", "count": 0}, "contact": {}, "photos": {"groups": [], "count": 0}, "rating": 6.1, "name": "Q Bread", "ratingSignals": 9, "allowMenuUrlEdit": true, "categories": [{"pluralName": "Bakeries", "id": "4bf58dd8d48988d16a941735", "primary": true, "icon": {"prefix": "https://ss3.4sqi.net/img/categories_v2/food/bakery_", "suffix": ".png"}, "name": "Bakery", "shortName": "Bakery"}], "stats": {"checkinsCount": 1106, "usersCount": 163, "tipCount": 4}, "id": "4b965657f964a520d3c634e3", "beenHere": {"lastCheckinExpiredAt": 0, "count": 0, "marked": false}, "ratingColor": "FFC800", "location": {"formattedAddress": ["102 Towner Road #01-244", "322102", "Singapore"], "postalCode": "322102", "lat": 1.32080175887735, "lng": 103.86165442651166, "country": "Singapore", "distance": 156, "city": "Singapore", "cc": "SG", "address": "102 Towner Road #01-244", "labeledLatLngs": [{"lng": 103.86165442651166, "label": "display", "lat": 1.32080175887735}]}, "hours": {"isLocalHoliday": false, "isOpen": true, "status": "Likely open"}, "verified": false, "price": {"tier": 1, "currency": "$", "message": "Cheap"}}, "referralId": "e-3-4b965657f964a520d3c634e3-13", "tips": [{"id": "590f0c27f870fd496521a088", "text": "Tried the original flavor waffles; they're no good. Get better ones at about the same price at other neighborhood bakeries.", "disagreeCount": 0, "createdAt": 1494158375, "logView": true, "todo": {"count": 0}, "agreeCount": 0, "canonicalUrl": "https://foursquare.com/item/590f0c27f870fd496521a088", "type": "user", "user": {"gender": "none", "id": "37296990", "photo": {"prefix": "https://igx.4sqi.net/img/user/", "default": true, "suffix": "/blank_boy.png"}, "firstName": "XY", "lastName": "T"}}]}, {"reasons": {"items": [{"reasonName": "globalInteractionReason", "summary": "This spot is popular", "type": "general"}], "count": 0}, "venue": {"hereNow": {"groups": [], "summary": "Nobody here", "count": 0}, "contact": {"phone": "+6562982250", "formattedPhone": "+65 6298 2250"}, "photos": {"groups": [], "count": 0}, "rating": 6.0, "name": "McDonald's", "ratingSignals": 81, "allowMenuUrlEdit": true, "categories": [{"pluralName": "Fast Food Restaurants", "id": "4bf58dd8d48988d16e941735", "primary": true, "icon": {"prefix": "https://ss3.4sqi.net/img/categories_v2/food/fastfood_", "suffix": ".png"}, "name": "Fast Food Restaurant", "shortName": "Fast Food"}], "stats": {"checkinsCount": 8642, "usersCount": 2816, "tipCount": 27}, "id": "4b2c0d8ff964a52086c024e3", "beenHere": {"lastCheckinExpiredAt": 0, "count": 0, "marked": false}, "url": "http://www.mcdonalds.com.sg", "ratingColor": "FFC800", "location": {"formattedAddress": ["22 Boon Keng Rd #01-01", "330022", "Singapore"], "postalCode": "330022", "lat": 1.3192298483454943, "lng": 103.86157035827637, "country": "Singapore", "distance": 22, "city": "Singapore", "cc": "SG", "address": "22 Boon Keng Rd #01-01", "labeledLatLngs": [{"lng": 103.86157035827637, "label": "display", "lat": 1.3192298483454943}]}, "hours": {"isLocalHoliday": false, "isOpen": true, "status": "Open"}, "verified": false, "price": {"tier": 1, "currency": "$", "message": "Cheap"}}, "referralId": "e-3-4b2c0d8ff964a52086c024e3-14", "tips": [{"id": "4eb042b1be7b409f8c2e6d92", "text": "Supper now omg", "disagreeCount": 0, "logView": true, "createdAt": 1320174257, "likes": {"groups": [], "summary": "8 likes", "count": 8}, "todo": {"count": 0}, "agreeCount": 0, "canonicalUrl": "https://foursquare.com/item/4eb042b1be7b409f8c2e6d92", "type": "user", "user": {"id": "6334404", "photo": {"prefix": "https://igx.4sqi.net/img/user/", "suffix": "/6334404-S2WTUTZROBMXN2BO.jpg"}, "firstName": "Tsy", "gender": "female"}}]}, {"reasons": {"items": [{"reasonName": "globalInteractionReason", "summary": "This spot is popular", "type": "general"}], "count": 0}, "venue": {"hereNow": {"groups": [], "summary": "Nobody here", "count": 0}, "contact": {}, "photos": {"groups": [], "count": 0}, "rating": 6.1, "name": "Liang Kee Teochew Restaurant", "ratingSignals": 11, "allowMenuUrlEdit": true, "categories": [{"pluralName": "Asian Restaurants", "id": "4bf58dd8d48988d142941735", "primary": true, "icon": {"prefix": "https://ss3.4sqi.net/img/categories_v2/food/asian_", "suffix": ".png"}, "name": "Asian Restaurant", "shortName": "Asian"}], "stats": {"checkinsCount": 445, "usersCount": 374, "tipCount": 9}, "id": "4c999a1e78ffa093f37b6575", "beenHere": {"lastCheckinExpiredAt": 0, "count": 0, "marked": false}, "ratingColor": "FFC800", "location": {"formattedAddress": ["34 Whampoa West", "Singapore"], "lat": 1.3208608898692493, "lng": 103.8639079805722, "country": "Singapore", "distance": 296, "city": "Singapore", "cc": "SG", "address": "34 Whampoa West", "labeledLatLngs": [{"lng": 103.8639079805722, "label": "display", "lat": 1.3208608898692493}]}, "hours": {"isLocalHoliday": false, "isOpen": true, "status": "Likely open"}, "verified": false, "price": {"tier": 2, "currency": "$", "message": "Moderate"}}, "referralId": "e-3-4c999a1e78ffa093f37b6575-15", "tips": [{"id": "53774f53498ed9062bfddbad", "text": "Good honest Teochew cooking. Cold crab was deliciously sweet, with firm flesh and bursting with roe. Oyster omelette served with a generous amount of plump oysters. Braised duck had good flavour.", "disagreeCount": 0, "logView": true, "createdAt": 1400328019, "likes": {"groups": [], "summary": "2 likes", "count": 2}, "todo": {"count": 0}, "agreeCount": 2, "canonicalUrl": "https://foursquare.com/item/53774f53498ed9062bfddbad", "type": "user", "user": {"id": "70558295", "photo": {"prefix": "https://igx.4sqi.net/img/user/", "suffix": "/FSWAHSJXWWM0TTDI.jpg"}, "firstName": "Sheralyn", "gender": "female"}}]}, {"reasons": {"items": [{"reasonName": "globalInteractionReason", "summary": "This spot is popular", "type": "general"}], "count": 0}, "venue": {"hereNow": {"groups": [], "summary": "Nobody here", "count": 0}, "contact": {}, "photos": {"groups": [], "count": 0}, "rating": 6.5, "name": "Ponggol Nasi Lemak", "ratingSignals": 33, "allowMenuUrlEdit": true, "categories": [{"pluralName": "Asian Restaurants", "id": "4bf58dd8d48988d142941735", "primary": true, "icon": {"prefix": "https://ss3.4sqi.net/img/categories_v2/food/asian_", "suffix": ".png"}, "name": "Asian Restaurant", "shortName": "Asian"}], "stats": {"checkinsCount": 411, "usersCount": 281, "tipCount": 11}, "id": "5322e34b498e56412bd26d21", "beenHere": {"lastCheckinExpiredAt": 0, "count": 0, "marked": false}, "ratingColor": "FFC800", "location": {"formattedAddress": ["371 Jalan Besar", "208998", "Singapore"], "postalCode": "208998", "lat": 1.3129460638058603, "lng": 103.8598199025098, "country": "Singapore", "distance": 747, "city": "Singapore", "cc": "SG", "address": "371 Jalan Besar", "labeledLatLngs": [{"lng": 103.8598199025098, "label": "display", "lat": 1.3129460638058603}]}, "hours": {"isLocalHoliday": false, "isOpen": true, "status": "Open until 11:00 PM"}, "verified": false, "price": {"tier": 2, "currency": "$", "message": "Moderate"}}, "referralId": "e-3-5322e34b498e56412bd26d21-16", "tips": [{"id": "5690c48e498e0f18f5757267", "text": "Getting expensive nowadays", "disagreeCount": 0, "createdAt": 1452328078, "logView": true, "todo": {"count": 0}, "agreeCount": 0, "canonicalUrl": "https://foursquare.com/item/5690c48e498e0f18f5757267", "type": "user", "user": {"id": "84331901", "photo": {"prefix": "https://igx.4sqi.net/img/user/", "suffix": "/84331901-03W0B0DE5KFOWUJL.jpg"}, "firstName": "Keith", "gender": "male"}}]}, {"reasons": {"items": [{"reasonName": "globalInteractionReason", "summary": "This spot is popular", "type": "general"}], "count": 0}, "venue": {"hereNow": {"groups": [], "summary": "Nobody here", "count": 0}, "contact": {}, "photos": {"groups": [], "count": 0}, "rating": 5.8, "name": "Lau Ah Tee Bak Kut Teh \u8001\u4e9a\u5f1f\u8089\u9aa8\u8336", "ratingSignals": 19, "allowMenuUrlEdit": true, "categories": [{"pluralName": "Soup Places", "id": "4bf58dd8d48988d1dd931735", "primary": true, "icon": {"prefix": "https://ss3.4sqi.net/img/categories_v2/food/soup_", "suffix": ".png"}, "name": "Soup Place", "shortName": "Soup"}], "stats": {"checkinsCount": 1358, "usersCount": 368, "tipCount": 10}, "id": "4ba75f6cf964a520db8e39e3", "beenHere": {"lastCheckinExpiredAt": 0, "count": 0, "marked": false}, "ratingColor": "FF9600", "location": {"formattedAddress": ["Blk 34 Whampoa West. #01-67.", "330034", "Singapore"], "postalCode": "330034", "lat": 1.3208380224480398, "lng": 103.86246977844833, "country": "Singapore", "distance": 182, "city": "Kallang", "cc": "SG", "address": "Blk 34 Whampoa West. #01-67.", "labeledLatLngs": [{"lng": 103.86246977844833, "label": "display", "lat": 1.3208380224480398}]}, "hours": {"isLocalHoliday": false, "isOpen": false}, "verified": false, "price": {"tier": 1, "currency": "$", "message": "Cheap"}}, "referralId": "e-3-4ba75f6cf964a520db8e39e3-17", "tips": [{"id": "4d5c15d15d1537046f386ee7", "text": "\u8766\u9171\u9e21 is teh win", "disagreeCount": 0, "logView": true, "createdAt": 1297880529, "likes": {"groups": [], "summary": "1 like", "count": 1}, "todo": {"count": 0}, "agreeCount": 1, "canonicalUrl": "https://foursquare.com/item/4d5c15d15d1537046f386ee7", "type": "user", "user": {"id": "6841616", "photo": {"prefix": "https://igx.4sqi.net/img/user/", "suffix": "/T1ONDB4CYHPU1GOO.jpg"}, "firstName": "\u8c93", "gender": "male"}}]}, {"reasons": {"items": [{"reasonName": "globalInteractionReason", "summary": "This spot is popular", "type": "general"}], "count": 0}, "venue": {"hereNow": {"groups": [], "summary": "Nobody here", "count": 0}, "contact": {}, "photos": {"groups": [], "count": 0}, "rating": 6.4, "name": "The Yang's Traditional Hainanese Chicken Rice", "ratingSignals": 10, "allowMenuUrlEdit": true, "categories": [{"pluralName": "Asian Restaurants", "id": "4bf58dd8d48988d142941735", "primary": true, "icon": {"prefix": "https://ss3.4sqi.net/img/categories_v2/food/asian_", "suffix": ".png"}, "name": "Asian Restaurant", "shortName": "Asian"}], "stats": {"checkinsCount": 332, "usersCount": 242, "tipCount": 4}, "id": "4dbd4a0ba86e0e98a1f75790", "beenHere": {"lastCheckinExpiredAt": 0, "count": 0, "marked": false}, "ratingColor": "FFC800", "location": {"formattedAddress": ["Serangoon Road", "Singapore"], "lat": 1.314519736158482, "lng": 103.85764568386199, "distance": 704, "country": "Singapore", "cc": "SG", "address": "Serangoon Road", "labeledLatLngs": [{"lng": 103.85764568386199, "label": "display", "lat": 1.314519736158482}]}, "hours": {"isLocalHoliday": false, "isOpen": true, "status": "Likely open"}, "verified": false, "price": {"tier": 2, "currency": "$", "message": "Moderate"}}, "referralId": "e-3-4dbd4a0ba86e0e98a1f75790-18", "tips": [{"id": "50000d6de4b04dd3f9b2561c", "text": "Chix tastes good. Food is quite expensive. Small portion for medium/large. Not worth to dine in.", "disagreeCount": 0, "logView": true, "createdAt": 1342180717, "likes": {"groups": [], "summary": "2 likes", "count": 2}, "todo": {"count": 0}, "agreeCount": 2, "canonicalUrl": "https://foursquare.com/item/50000d6de4b04dd3f9b2561c", "type": "user", "user": {"gender": "female", "id": "4141836", "photo": {"prefix": "https://igx.4sqi.net/img/user/", "suffix": "/3PBU2XAWHLMXLDGN.jpg"}, "firstName": "Angel", "lastName": "Souza"}}]}, {"reasons": {"items": [{"reasonName": "globalInteractionReason", "summary": "This spot is popular", "type": "general"}], "count": 0}, "venue": {"hereNow": {"groups": [], "summary": "Nobody here", "count": 0}, "contact": {}, "photos": {"groups": [], "count": 0}, "rating": 5.9, "name": "Bloomsbury Bakers", "ratingSignals": 13, "allowMenuUrlEdit": true, "categories": [{"pluralName": "Bakeries", "id": "4bf58dd8d48988d16a941735", "primary": true, "icon": {"prefix": "https://ss3.4sqi.net/img/categories_v2/food/bakery_", "suffix": ".png"}, "name": "Bakery", "shortName": "Bakery"}], "stats": {"checkinsCount": 180, "usersCount": 132, "tipCount": 6}, "id": "52b94c2411d2e7fe0d23ceeb", "beenHere": {"lastCheckinExpiredAt": 0, "count": 0, "marked": false}, "url": "http://www.bloomsburybakers.com", "ratingColor": "FF9600", "location": {"formattedAddress": ["Blk 30 Bendemeer Road #01-889", "330030", "Singapore"], "postalCode": "330030", "lat": 1.3190547336020346, "lng": 103.86416844399875, "country": "Singapore", "distance": 278, "city": "Singapore", "cc": "SG", "address": "Blk 30 Bendemeer Road #01-889", "labeledLatLngs": [{"lng": 103.86416844399875, "label": "display", "lat": 1.3190547336020346}]}, "verified": false, "price": {"tier": 1, "currency": "$", "message": "Cheap"}}, "referralId": "e-3-52b94c2411d2e7fe0d23ceeb-19", "tips": [{"id": "544776a9498ebf042cea7d37", "text": "Wifi password: lycheemartini", "disagreeCount": 0, "logView": true, "createdAt": 1413969577, "likes": {"groups": [], "summary": "1 like", "count": 1}, "todo": {"count": 0}, "agreeCount": 1, "canonicalUrl": "https://foursquare.com/item/544776a9498ebf042cea7d37", "type": "user", "user": {"gender": "female", "id": "95845382", "photo": {"prefix": "https://igx.4sqi.net/img/user/", "suffix": "/95845382-CCJBQSTAWBIMLPHU.jpg"}, "firstName": "Truc", "lastName": "Huynh"}}]}, {"reasons": {"items": [{"reasonName": "globalInteractionReason", "summary": "This spot is popular", "type": "general"}], "count": 0}, "venue": {"hereNow": {"groups": [], "summary": "Nobody here", "count": 0}, "contact": {}, "photos": {"groups": [], "count": 0}, "rating": 5.7, "name": "Heng Kee Lor Mee \u8208\u8a18\u9e75\u9eb5", "ratingSignals": 8, "allowMenuUrlEdit": true, "categories": [{"pluralName": "Noodle Houses", "id": "4bf58dd8d48988d1d1941735", "primary": true, "icon": {"prefix": "https://ss3.4sqi.net/img/categories_v2/food/ramen_", "suffix": ".png"}, "name": "Noodle House", "shortName": "Noodles"}], "stats": {"checkinsCount": 137, "usersCount": 31, "tipCount": 5}, "id": "4d6067e51ee8721ea481aa21", "beenHere": {"lastCheckinExpiredAt": 0, "count": 0, "marked": false}, "ratingColor": "FF9600", "location": {"lng": 103.86288878064853, "formattedAddress": ["#01-87, Bendemeer Market & Food Center (29 Bendemeer Rd.)", "330029", "Singapore"], "postalCode": "330029", "lat": 1.3191247954042278, "crossStreet": "29 Bendemeer Rd.", "country": "Singapore", "distance": 137, "city": "Singapore", "cc": "SG", "address": "#01-87, Bendemeer Market & Food Center", "labeledLatLngs": [{"lng": 103.86288878064853, "label": "display", "lat": 1.3191247954042278}]}, "verified": false, "price": {"tier": 1, "currency": "$", "message": "Cheap"}}, "referralId": "e-3-4d6067e51ee8721ea481aa21-20", "tips": [{"id": "4d6dafc203cba35d057e17f5", "text": "This Lor Mee is better than #01-89. The Lor bak is tasty.", "disagreeCount": 0, "logView": true, "createdAt": 1299034050, "likes": {"groups": [], "summary": "2 likes", "count": 2}, "todo": {"count": 0}, "agreeCount": 1, "canonicalUrl": "https://foursquare.com/item/4d6dafc203cba35d057e17f5", "type": "user", "user": {"gender": "female", "id": "5120955", "photo": {"prefix": "https://igx.4sqi.net/img/user/", "suffix": "/U3JQPJRFSTTXH3Z3.jpg"}, "firstName": "Carol", "lastName": "Tan"}}]}, {"reasons": {"items": [{"reasonName": "globalInteractionReason", "summary": "This spot is popular", "type": "general"}], "count": 0}, "venue": {"hereNow": {"groups": [], "summary": "Nobody here", "count": 0}, "contact": {"phone": "+6562540952", "formattedPhone": "+65 6254 0952"}, "photos": {"groups": [], "count": 0}, "rating": 6.3, "name": "Tiong Shian Porridge Centre", "ratingSignals": 9, "allowMenuUrlEdit": true, "categories": [{"pluralName": "Chinese Restaurants", "id": "4bf58dd8d48988d145941735", "primary": true, "icon": {"prefix": "https://ss3.4sqi.net/img/categories_v2/food/asian_", "suffix": ".png"}, "name": "Chinese Restaurant", "shortName": "Chinese"}], "stats": {"checkinsCount": 604, "usersCount": 210, "tipCount": 4}, "id": "4c0264e8cbd876b0f732f143", "beenHere": {"lastCheckinExpiredAt": 0, "count": 0, "marked": false}, "ratingColor": "FFC800", "location": {"formattedAddress": ["82 Whampoa Drive", "327748", "Singapore"], "postalCode": "327748", "neighborhood": "Whapoa", "lat": 1.324094610425324, "lng": 103.85654160175565, "country": "Singapore", "distance": 775, "city": "Singapore", "cc": "SG", "address": "82 Whampoa Drive", "labeledLatLngs": [{"lng": 103.85654160175565, "label": "display", "lat": 1.324094610425324}]}, "hours": {"isLocalHoliday": false, "isOpen": true, "status": "Likely open"}, "verified": false, "price": {"tier": 1, "currency": "$", "message": "Cheap"}}, "referralId": "e-3-4c0264e8cbd876b0f732f143-21", "tips": [{"id": "51839948498e367b484492e5", "text": "Don't bother. Ice cold  \u70b8\u7c89\u80a0. Nonsense", "disagreeCount": 0, "createdAt": 1367578952, "logView": true, "todo": {"count": 0}, "agreeCount": 0, "canonicalUrl": "https://foursquare.com/item/51839948498e367b484492e5", "type": "user", "user": {"gender": "female", "id": "2022825", "photo": {"prefix": "https://igx.4sqi.net/img/user/", "suffix": "/V4K3HTQJ0BGNUUWB.jpg"}, "firstName": "Sabrina", "lastName": "Ng"}}]}, {"reasons": {"items": [{"reasonName": "globalInteractionReason", "summary": "This spot is popular", "type": "general"}], "count": 0}, "venue": {"hereNow": {"groups": [], "summary": "Nobody here", "count": 0}, "contact": {"phone": "+6562955401", "formattedPhone": "+65 6295 5401"}, "photos": {"groups": [], "count": 0}, "rating": 6.1, "name": "Hungry Heroes", "ratingSignals": 41, "allowMenuUrlEdit": true, "categories": [{"pluralName": "American Restaurants", "id": "4bf58dd8d48988d14e941735", "primary": true, "icon": {"prefix": "https://ss3.4sqi.net/img/categories_v2/food/default_", "suffix": ".png"}, "name": "American Restaurant", "shortName": "American"}], "stats": {"checkinsCount": 548, "usersCount": 493, "tipCount": 13}, "id": "545a30fa498ec18f7e2d74f8", "beenHere": {"lastCheckinExpiredAt": 0, "count": 0, "marked": false}, "ratingColor": "FFC800", "location": {"formattedAddress": ["33 Tessensohn Road", "217656", "Singapore"], "postalCode": "217656", "lat": 1.3161909161730154, "lng": 103.85683602277457, "distance": 647, "country": "Singapore", "cc": "SG", "address": "33 Tessensohn Road", "labeledLatLngs": [{"lng": 103.85683602277457, "label": "display", "lat": 1.3161909161730154}]}, "hours": {"isLocalHoliday": false, "isOpen": false, "status": "Closed until 4:00 PM tomorrow"}, "verified": false, "price": {"tier": 2, "currency": "$", "message": "Moderate"}}, "referralId": "e-3-545a30fa498ec18f7e2d74f8-22", "tips": [{"logView": true, "photo": {"id": "57066bd3cd1056f24c2cd61b", "visibility": "public", "source": {"name": "Foursquare for Android", "url": "https://foursquare.com/download/#/android"}, "suffix": "/17375805_uTWUZ8KOI_t1GAfYoT1KtwephzNrtiJJwiH9KG7jpx8.jpg", "createdAt": 1460038611, "prefix": "https://igx.4sqi.net/img/general/", "width": 2976, "height": 2976}, "createdAt": 1460038604, "todo": {"count": 0}, "agreeCount": 2, "likes": {"groups": [], "summary": "2 likes", "count": 2}, "id": "57066bcc498ef5c30eecec66", "text": "Food is good ambience is good. Ribs are very yummy  and tender (especially the bbq sauce). Bacon steak was also very good. Fries came out nice and hot, crispy on the outside and soft on the inside. \ud83d\ude0b", "disagreeCount": 0, "user": {"gender": "female", "id": "17375805", "photo": {"prefix": "https://igx.4sqi.net/img/user/", "suffix": "/17375805-54BZKI1HNZ4VLTDB.jpg"}, "firstName": "Cheris", "lastName": "Hoh"}, "canonicalUrl": "https://foursquare.com/item/57066bcc498ef5c30eecec66", "type": "user", "photourl": "https://igx.4sqi.net/img/general/original/17375805_uTWUZ8KOI_t1GAfYoT1KtwephzNrtiJJwiH9KG7jpx8.jpg"}]}, {"reasons": {"items": [{"reasonName": "globalInteractionReason", "summary": "This spot is popular", "type": "general"}], "count": 0}, "venue": {"hereNow": {"groups": [], "summary": "Nobody here", "count": 0}, "contact": {}, "photos": {"groups": [], "count": 0}, "rating": 6.2, "name": "Sin Bee Keng Restaurant", "ratingSignals": 11, "allowMenuUrlEdit": true, "categories": [{"pluralName": "Chinese Restaurants", "id": "4bf58dd8d48988d145941735", "primary": true, "icon": {"prefix": "https://ss3.4sqi.net/img/categories_v2/food/asian_", "suffix": ".png"}, "name": "Chinese Restaurant", "shortName": "Chinese"}], "stats": {"checkinsCount": 349, "usersCount": 97, "tipCount": 6}, "id": "4b60d209f964a52080fb29e3", "beenHere": {"lastCheckinExpiredAt": 0, "count": 0, "marked": false}, "ratingColor": "FFC800", "location": {"formattedAddress": ["Whampoa Drive", "Singapore"], "lat": 1.324581, "lng": 103.857348, "country": "Singapore", "distance": 752, "city": "Singapore", "cc": "SG", "address": "Whampoa Drive", "labeledLatLngs": [{"lng": 103.857348, "label": "display", "lat": 1.324581}]}, "hours": {"isLocalHoliday": false, "isOpen": true, "status": "Likely open"}, "verified": false, "price": {"tier": 1, "currency": "$", "message": "Cheap"}}, "referralId": "e-3-4b60d209f964a52080fb29e3-23", "tips": [{"id": "556af1cb498e3aa5c7ba24fa", "text": "Try the marmite ribs. Pretty good tze char place overall...", "disagreeCount": 0, "createdAt": 1433072075, "logView": true, "todo": {"count": 0}, "agreeCount": 0, "canonicalUrl": "https://foursquare.com/item/556af1cb498e3aa5c7ba24fa", "type": "user", "user": {"id": "12305570", "photo": {"prefix": "https://igx.4sqi.net/img/user/", "suffix": "/12305570-J3K4UGYLG55R2V4G.jpg"}, "firstName": "Saudade", "gender": "female"}}]}, {"reasons": {"items": [{"reasonName": "globalInteractionReason", "summary": "This spot is popular", "type": "general"}], "count": 0}, "venue": {"hereNow": {"groups": [], "summary": "Nobody here", "count": 0}, "contact": {}, "photos": {"groups": [], "count": 0}, "rating": 5.5, "name": "Xing Hua Family Restaurant", "ratingSignals": 9, "allowMenuUrlEdit": true, "categories": [{"pluralName": "Chinese Restaurants", "id": "4bf58dd8d48988d145941735", "primary": true, "icon": {"prefix": "https://ss3.4sqi.net/img/categories_v2/food/asian_", "suffix": ".png"}, "name": "Chinese Restaurant", "shortName": "Chinese"}], "stats": {"checkinsCount": 375, "usersCount": 247, "tipCount": 10}, "id": "4bd03bf4462cb7134deed707", "beenHere": {"lastCheckinExpiredAt": 0, "count": 0, "marked": false}, "ratingColor": "FF9600", "location": {"formattedAddress": ["102 Towner Rd", "Singapore"], "lat": 1.3207246277142206, "lng": 103.86249808936718, "state": "Singapore", "country": "Singapore", "distance": 173, "city": "Serangoon Road", "cc": "SG", "address": "102 Towner Rd", "labeledLatLngs": [{"lng": 103.86249808936718, "label": "display", "lat": 1.3207246277142206}]}, "verified": false, "price": {"tier": 1, "currency": "$", "message": "Cheap"}}, "referralId": "e-3-4bd03bf4462cb7134deed707-24", "tips": [{"id": "523e84b8498ed1b7bc6cf719", "text": "Gave me middle portion of noodle without asking...", "disagreeCount": 0, "createdAt": 1379828920, "logView": true, "todo": {"count": 0}, "agreeCount": 0, "canonicalUrl": "https://foursquare.com/item/523e84b8498ed1b7bc6cf719", "type": "user", "user": {"gender": "male", "id": "67292681", "photo": {"prefix": "https://igx.4sqi.net/img/user/", "suffix": "/3ECBRLWHVAUEO1Z0.jpg"}, "firstName": "Soo How", "lastName": "Low"}}]}, {"reasons": {"items": [{"reasonName": "globalInteractionReason", "summary": "This spot is popular", "type": "general"}], "count": 0}, "venue": {"hereNow": {"groups": [], "summary": "Nobody here", "count": 0}, "contact": {}, "photos": {"groups": [], "count": 0}, "name": "Healthy Yong Tau Foo", "allowMenuUrlEdit": true, "beenHere": {"lastCheckinExpiredAt": 0, "count": 0, "marked": false}, "stats": {"checkinsCount": 65, "usersCount": 10, "tipCount": 3}, "id": "4d3b9dae36718eecaa99748e", "categories": [{"pluralName": "Chinese Restaurants", "id": "4bf58dd8d48988d145941735", "primary": true, "icon": {"prefix": "https://ss3.4sqi.net/img/categories_v2/food/asian_", "suffix": ".png"}, "name": "Chinese Restaurant", "shortName": "Chinese"}], "location": {"lng": 103.86326248640142, "formattedAddress": ["#01-34 Bendemeer Market & Food Center (29 Bendemeer Rd.)", "330029", "Singapore"], "postalCode": "330029", "lat": 1.319446743871421, "crossStreet": "29 Bendemeer Rd.", "country": "Singapore", "distance": 175, "city": "Singapore", "cc": "SG", "address": "#01-34 Bendemeer Market & Food Center", "labeledLatLngs": [{"lng": 103.86326248640142, "label": "display", "lat": 1.319446743871421}]}, "verified": false, "price": {"tier": 1, "currency": "$", "message": "Cheap"}}, "referralId": "e-3-4d3b9dae36718eecaa99748e-25", "tips": [{"logView": true, "photo": {"id": "52ddb9f5498e16f6c883598d", "visibility": "public", "source": {"name": "Foursquare for iOS", "url": "https://foursquare.com/download/#/iphone"}, "suffix": "/231366_nOBJUI_f-3ljSXPAj7itmM7ju0AcZpPkQAnZU-U7GUQ.jpg", "createdAt": 1390262773, "prefix": "https://igx.4sqi.net/img/general/", "width": 960, "height": 720}, "createdAt": 1390262769, "agreeCount": 0, "id": "52ddb9f1498e8db73757147c", "text": "The famous ikan bilis (dried anchovies) in her soup, as pointed out by fellow 4SQ. They r swimming everywhere! Makes the soup tasty, just like how Mum wd prepare it :-)", "type": "user", "disagreeCount": 0, "user": {"gender": "male", "id": "231366", "photo": {"prefix": "https://igx.4sqi.net/img/user/", "suffix": "/231366-Q2ZSAEF50GYUXPDA.jpg"}, "firstName": "Cheen", "lastName": "The Curious"}, "canonicalUrl": "https://foursquare.com/item/52ddb9f1498e8db73757147c", "todo": {"count": 0}, "photourl": "https://igx.4sqi.net/img/general/original/231366_nOBJUI_f-3ljSXPAj7itmM7ju0AcZpPkQAnZU-U7GUQ.jpg"}]}, {"reasons": {"items": [{"reasonName": "globalInteractionReason", "summary": "This spot is popular", "type": "general"}], "count": 0}, "venue": {"hereNow": {"groups": [], "summary": "Nobody here", "count": 0}, "contact": {}, "photos": {"groups": [], "count": 0}, "name": "Lau Ah Tee Eating House", "allowMenuUrlEdit": true, "beenHere": {"lastCheckinExpiredAt": 0, "count": 0, "marked": false}, "stats": {"checkinsCount": 122, "usersCount": 78, "tipCount": 3}, "id": "4df42c571f6e818dae038cb8", "categories": [{"pluralName": "Chinese Restaurants", "id": "4bf58dd8d48988d145941735", "primary": true, "icon": {"prefix": "https://ss3.4sqi.net/img/categories_v2/food/asian_", "suffix": ".png"}, "name": "Chinese Restaurant", "shortName": "Chinese"}], "location": {"formattedAddress": ["BLK 34 Whampoa Rd. #01-67", "Singapore"], "lat": 1.3204672433279008, "lng": 103.86270759034967, "country": "Singapore", "distance": 164, "city": "Singapore", "cc": "SG", "address": "BLK 34 Whampoa Rd. #01-67", "labeledLatLngs": [{"lng": 103.86270759034967, "label": "display", "lat": 1.3204672433279008}]}, "verified": false, "price": {"tier": 1, "currency": "$", "message": "Cheap"}}, "referralId": "e-3-4df42c571f6e818dae038cb8-26", "tips": [{"id": "523e8523498ec597dfddf5bb", "text": "The cze char stall serves nice and cheap food...", "disagreeCount": 0, "createdAt": 1379829027, "logView": true, "todo": {"count": 0}, "agreeCount": 0, "canonicalUrl": "https://foursquare.com/item/523e8523498ec597dfddf5bb", "type": "user", "user": {"gender": "male", "id": "67292681", "photo": {"prefix": "https://igx.4sqi.net/img/user/", "suffix": "/3ECBRLWHVAUEO1Z0.jpg"}, "firstName": "Soo How", "lastName": "Low"}}]}, {"reasons": {"items": [{"reasonName": "globalInteractionReason", "summary": "This spot is popular", "type": "general"}], "count": 0}, "venue": {"hereNow": {"groups": [], "summary": "Nobody here", "count": 0}, "contact": {"phone": "+6563911963", "formattedPhone": "+65 6391 1963"}, "photos": {"groups": [], "count": 0}, "name": "Bengawan Solo", "allowMenuUrlEdit": true, "beenHere": {"lastCheckinExpiredAt": 0, "count": 0, "marked": false}, "stats": {"checkinsCount": 112, "usersCount": 54, "tipCount": 0}, "id": "4d4533801ed56dcbeaa9b854", "categories": [{"pluralName": "Bakeries", "id": "4bf58dd8d48988d16a941735", "primary": true, "icon": {"prefix": "https://ss3.4sqi.net/img/categories_v2/food/bakery_", "suffix": ".png"}, "name": "Bakery", "shortName": "Bakery"}], "location": {"formattedAddress": ["Blk 25 Bendemeer Rd, #01-585", "330025", "Singapore"], "postalCode": "330025", "lat": 1.3189169927131286, "lng": 103.86310960665126, "country": "Singapore", "distance": 167, "city": "Singapore", "cc": "SG", "address": "Blk 25 Bendemeer Rd, #01-585", "labeledLatLngs": [{"lng": 103.86310960665126, "label": "display", "lat": 1.3189169927131286}]}, "verified": false, "price": {"tier": 1, "currency": "$", "message": "Cheap"}}, "referralId": "e-3-4d4533801ed56dcbeaa9b854-27"}, {"reasons": {"items": [{"reasonName": "globalInteractionReason", "summary": "This spot is popular", "type": "general"}], "count": 0}, "venue": {"hereNow": {"groups": [], "summary": "Nobody here", "count": 0}, "contact": {}, "photos": {"groups": [], "count": 0}, "name": "Baker Talent", "allowMenuUrlEdit": true, "beenHere": {"lastCheckinExpiredAt": 0, "count": 0, "marked": false}, "stats": {"checkinsCount": 151, "usersCount": 26, "tipCount": 1}, "id": "5257f41b11d25cca4275a9f1", "categories": [{"pluralName": "Bakeries", "id": "4bf58dd8d48988d16a941735", "primary": true, "icon": {"prefix": "https://ss3.4sqi.net/img/categories_v2/food/bakery_", "suffix": ".png"}, "name": "Bakery", "shortName": "Bakery"}], "location": {"formattedAddress": ["27 Bendemeer Road Singapore\u00a0330027", "Singapore"], "lat": 1.318982518791627, "lng": 103.8629170916545, "distance": 144, "country": "Singapore", "cc": "SG", "address": "27 Bendemeer Road Singapore\u00a0330027", "labeledLatLngs": [{"lng": 103.8629170916545, "label": "display", "lat": 1.318982518791627}]}, "verified": false, "price": {"tier": 1, "currency": "$", "message": "Cheap"}}, "referralId": "e-3-5257f41b11d25cca4275a9f1-28", "tips": [{"id": "56d44f5b498e8b6594c9fe94", "text": "Really good variety of bread here! Wide selection and best of all, they are yummy and affordable! Must try their charsiew polo bun!", "disagreeCount": 0, "createdAt": 1456754523, "logView": true, "todo": {"count": 0}, "agreeCount": 0, "canonicalUrl": "https://foursquare.com/item/56d44f5b498e8b6594c9fe94", "type": "user", "user": {"id": "1393070", "photo": {"prefix": "https://igx.4sqi.net/img/user/", "suffix": "/LIATISUHMUCF2JL1.jpg"}, "firstName": "Sindy", "gender": "female"}}]}, {"reasons": {"items": [{"reasonName": "globalInteractionReason", "summary": "This spot is popular", "type": "general"}], "count": 0}, "venue": {"hereNow": {"groups": [], "summary": "Nobody here", "count": 0}, "contact": {}, "photos": {"groups": [], "count": 0}, "name": "Chang Long Seafood Zi Cha", "allowMenuUrlEdit": true, "beenHere": {"lastCheckinExpiredAt": 0, "count": 0, "marked": false}, "stats": {"checkinsCount": 659, "usersCount": 132, "tipCount": 1}, "id": "4c9f2f9646978cfa0eaaa87f", "categories": [{"pluralName": "Chinese Restaurants", "id": "4bf58dd8d48988d145941735", "primary": true, "icon": {"prefix": "https://ss3.4sqi.net/img/categories_v2/food/asian_", "suffix": ".png"}, "name": "Chinese Restaurant", "shortName": "Chinese"}], "location": {"formattedAddress": ["boon keng road", "330027", "Singapore"], "postalCode": "330027", "lat": 1.3189256105675249, "lng": 103.86249242718294, "distance": 103, "country": "Singapore", "cc": "SG", "address": "boon keng road", "labeledLatLngs": [{"lng": 103.86249242718294, "label": "display", "lat": 1.3189256105675249}]}, "hours": {"isLocalHoliday": false, "isOpen": true, "status": "Likely open"}, "verified": false, "price": {"tier": 1, "currency": "$", "message": "Cheap"}}, "referralId": "e-3-4c9f2f9646978cfa0eaaa87f-29", "tips": [{"id": "501886f0e4b08e79c5ced819", "text": "\ub620\uc591\uafcd, \ubcf6\uc74c\ubc25 \ub4f1 \ub450\ub8e8 \ub9db\uc788\ub294 \ud604\uc9c0\uc778\ub4e4 \ub3d9\ub124 \ub9db\uc9d1. \uc704\uce58\uc0c1 \uad73\uc774 \ucc3e\uc544\uac08 \uc815\ub3c4\ub294 \uc544\ub2d8.", "disagreeCount": 0, "createdAt": 1343784688, "logView": true, "todo": {"count": 0}, "agreeCount": 0, "canonicalUrl": "https://foursquare.com/item/501886f0e4b08e79c5ced819", "type": "user", "user": {"gender": "female", "id": "1446323", "photo": {"prefix": "https://igx.4sqi.net/img/user/", "suffix": "/RNMJANK1YDWIFGET.jpg"}, "firstName": "epoche", "lastName": "kim"}}]}, {"reasons": {"items": [{"reasonName": "globalInteractionReason", "summary": "This spot is popular", "type": "general"}], "count": 0}, "venue": {"hereNow": {"groups": [], "summary": "Nobody here", "count": 0}, "contact": {}, "photos": {"groups": [], "count": 0}, "name": "Chung Ping Chicken Rice", "allowMenuUrlEdit": true, "beenHere": {"lastCheckinExpiredAt": 0, "count": 0, "marked": false}, "stats": {"checkinsCount": 178, "usersCount": 43, "tipCount": 1}, "id": "4cd29a7a25ee6dcb51de440f", "categories": [{"pluralName": "Asian Restaurants", "id": "4bf58dd8d48988d142941735", "primary": true, "icon": {"prefix": "https://ss3.4sqi.net/img/categories_v2/food/asian_", "suffix": ".png"}, "name": "Asian Restaurant", "shortName": "Asian"}], "location": {"formattedAddress": ["Bendemeer Market & Food Centre", "Singapore"], "lat": 1.3189430342436026, "lng": 103.8630586467727, "distance": 160, "country": "Singapore", "cc": "SG", "address": "Bendemeer Market & Food Centre", "labeledLatLngs": [{"lng": 103.8630586467727, "label": "display", "lat": 1.3189430342436026}]}, "verified": false, "price": {"tier": 2, "currency": "$", "message": "Moderate"}}, "referralId": "e-3-4cd29a7a25ee6dcb51de440f-30", "tips": [{"id": "4cd29acaf4bfb1f75ca6362f", "text": "$2.50 tasty chicken rice. Soup rocks too!", "disagreeCount": 0, "logView": true, "createdAt": 1288870602, "likes": {"groups": [], "summary": "1 like", "count": 1}, "todo": {"count": 0}, "agreeCount": 1, "canonicalUrl": "https://foursquare.com/item/4cd29acaf4bfb1f75ca6362f", "type": "user", "user": {"gender": "male", "id": "4144022", "photo": {"prefix": "https://igx.4sqi.net/img/user/", "suffix": "/E0SH34VGRRERXZNJ.jpg"}, "firstName": "Desmond", "lastName": "Koh"}}]}, {"reasons": {"items": [{"reasonName": "globalInteractionReason", "summary": "This spot is popular", "type": "general"}], "count": 0}, "venue": {"hereNow": {"groups": [], "summary": "Nobody here", "count": 0}, "contact": {}, "photos": {"groups": [], "count": 0}, "rating": 6.1, "name": "968 Popiah", "ratingSignals": 8, "allowMenuUrlEdit": true, "categories": [{"pluralName": "Snack Places", "id": "4bf58dd8d48988d1c7941735", "primary": true, "icon": {"prefix": "https://ss3.4sqi.net/img/categories_v2/food/snacks_", "suffix": ".png"}, "name": "Snack Place", "shortName": "Snacks"}], "stats": {"checkinsCount": 73, "usersCount": 33, "tipCount": 4}, "id": "4c0b2c8dffb8c9b61cf96c61", "beenHere": {"lastCheckinExpiredAt": 0, "count": 0, "marked": false}, "ratingColor": "FFC800", "location": {"lat": 1.323676, "distance": 778, "country": "Singapore", "cc": "SG", "crossStreet": "Whampoa Dr", "formattedAddress": ["Blk 81 #01-893 (Whampoa Dr)", "320081", "Singapore"], "city": "Whampoa", "lng": 103.856156, "state": "Singapore", "labeledLatLngs": [{"lng": 103.856156, "label": "display", "lat": 1.323676}], "address": "Blk 81 #01-893", "postalCode": "320081"}, "verified": false, "price": {"tier": 1, "currency": "$", "message": "Cheap"}}, "referralId": "e-3-4c0b2c8dffb8c9b61cf96c61-31", "tips": [{"logView": true, "photo": {"id": "53b3e535498efe8e6814b7d3", "visibility": "public", "source": {"name": "Windows Phone 8", "url": "http://claritycon.com"}, "suffix": "/165896_PdpeWJwZrCwRf_dH8l8qzq8ecqkfozmXciLHe4X-zis.jpg", "createdAt": 1404298549, "prefix": "https://igx.4sqi.net/img/general/", "width": 960, "height": 960}, "createdAt": 1404298545, "todo": {"count": 0}, "agreeCount": 1, "likes": {"groups": [], "summary": "1 like", "count": 1}, "id": "53b3e531498e271cf95d4937", "text": "Popiah sushi! Delicious.", "disagreeCount": 0, "user": {"gender": "female", "id": "165896", "photo": {"prefix": "https://igx.4sqi.net/img/user/", "suffix": "/165896-SMP0NXZKYGJK2VAI.jpg"}, "firstName": "Kim-Geck", "lastName": "Lim"}, "canonicalUrl": "https://foursquare.com/item/53b3e531498e271cf95d4937", "type": "user", "photourl": "https://igx.4sqi.net/img/general/original/165896_PdpeWJwZrCwRf_dH8l8qzq8ecqkfozmXciLHe4X-zis.jpg"}]}, {"reasons": {"items": [{"reasonName": "globalInteractionReason", "summary": "This spot is popular", "type": "general"}], "count": 0}, "venue": {"hereNow": {"groups": [], "summary": "Nobody here", "count": 0}, "contact": {"phone": "+6562949922", "formattedPhone": "+65 6294 9922"}, "photos": {"groups": [], "count": 0}, "rating": 5.7, "name": "Lai Wah Restaurant", "ratingSignals": 22, "allowMenuUrlEdit": true, "categories": [{"pluralName": "Asian Restaurants", "id": "4bf58dd8d48988d142941735", "primary": true, "icon": {"prefix": "https://ss3.4sqi.net/img/categories_v2/food/asian_", "suffix": ".png"}, "name": "Asian Restaurant", "shortName": "Asian"}], "stats": {"checkinsCount": 606, "usersCount": 462, "tipCount": 11}, "id": "4c8b74221797236af3f36a88", "beenHere": {"lastCheckinExpiredAt": 0, "count": 0, "marked": false}, "ratingColor": "FF9600", "location": {"formattedAddress": ["Blk 44 Bendemeer Rd #01-1436", "Singapore"], "lat": 1.3215224503023586, "lng": 103.86591809166734, "country": "Singapore", "distance": 527, "city": "Singapore", "cc": "SG", "address": "Blk 44 Bendemeer Rd #01-1436", "labeledLatLngs": [{"lng": 103.86591809166734, "label": "display", "lat": 1.3215224503023586}]}, "hours": {"isLocalHoliday": false, "isOpen": true, "status": "Likely open"}, "verified": false, "price": {"tier": 2, "currency": "$", "message": "Moderate"}}, "referralId": "e-3-4c8b74221797236af3f36a88-32", "tips": [{"id": "4cba96e2dd41a35d1f6ee9a0", "text": "Yes the food is good in this retro looking restaurant", "disagreeCount": 0, "logView": true, "createdAt": 1287296738, "likes": {"groups": [], "summary": "1 like", "count": 1}, "todo": {"count": 0}, "agreeCount": 1, "canonicalUrl": "https://foursquare.com/item/4cba96e2dd41a35d1f6ee9a0", "type": "user", "user": {"gender": "male", "id": "4015066", "photo": {"prefix": "https://igx.4sqi.net/img/user/", "suffix": "/Y5GQLKXBC5MGD1PX.jpg"}, "firstName": "Lundy", "lastName": "Wong"}}]}, {"reasons": {"items": [{"reasonName": "globalInteractionReason", "summary": "This spot is popular", "type": "general"}], "count": 0}, "venue": {"hereNow": {"groups": [], "summary": "Nobody here", "count": 0}, "contact": {}, "photos": {"groups": [], "count": 0}, "name": "BG Cafe \u7f8e\u666f\u5c0f\u53a8", "allowMenuUrlEdit": true, "beenHere": {"lastCheckinExpiredAt": 0, "count": 0, "marked": false}, "stats": {"checkinsCount": 42, "usersCount": 24, "tipCount": 1}, "id": "4d79d54bf29ab60c9411f30a", "categories": [{"pluralName": "Asian Restaurants", "id": "4bf58dd8d48988d142941735", "primary": true, "icon": {"prefix": "https://ss3.4sqi.net/img/categories_v2/food/asian_", "suffix": ".png"}, "name": "Asian Restaurant", "shortName": "Asian"}], "location": {"formattedAddress": ["Blk 122, McNair Road, #01-45", "328517", "Singapore"], "postalCode": "328517", "lat": 1.3186531402906203, "lng": 103.85731728927368, "country": "Singapore", "distance": 493, "city": "Singapore", "cc": "SG", "address": "Blk 122, McNair Road, #01-45", "labeledLatLngs": [{"lng": 103.85731728927368, "label": "display", "lat": 1.3186531402906203}]}, "verified": false, "price": {"tier": 2, "currency": "$", "message": "Moderate"}}, "referralId": "e-3-4d79d54bf29ab60c9411f30a-33", "tips": [{"id": "51060072e4b0f8cf251e76d7", "text": "Strange!??? Thought its suppose to be McNair Rd???", "disagreeCount": 0, "createdAt": 1359347826, "logView": true, "todo": {"count": 0}, "agreeCount": 0, "canonicalUrl": "https://foursquare.com/item/51060072e4b0f8cf251e76d7", "type": "user", "user": {"gender": "male", "id": "4861741", "photo": {"prefix": "https://igx.4sqi.net/img/user/", "suffix": "/4861741-2NVUXAT2JV5CR3EB"}, "firstName": "Siang Hwee", "lastName": "Foo"}}]}, {"reasons": {"items": [{"reasonName": "globalInteractionReason", "summary": "This spot is popular", "type": "general"}], "count": 0}, "venue": {"hereNow": {"groups": [], "summary": "Nobody here", "count": 0}, "contact": {}, "photos": {"groups": [], "count": 0}, "name": "568\u5c0f\u53a8", "allowMenuUrlEdit": true, "beenHere": {"lastCheckinExpiredAt": 0, "count": 0, "marked": false}, "stats": {"checkinsCount": 46, "usersCount": 11, "tipCount": 0}, "id": "4d26d35b342d6dcb4a4de7ca", "categories": [{"pluralName": "Chinese Restaurants", "id": "4bf58dd8d48988d145941735", "primary": true, "icon": {"prefix": "https://ss3.4sqi.net/img/categories_v2/food/asian_", "suffix": ".png"}, "name": "Chinese Restaurant", "shortName": "Chinese"}], "location": {"formattedAddress": ["568 Serangoon Road", "Singapore"], "lat": 1.314307, "lng": 103.858086, "distance": 693, "country": "Singapore", "cc": "SG", "address": "568 Serangoon Road", "labeledLatLngs": [{"lng": 103.858086, "label": "display", "lat": 1.314307}]}, "verified": false, "price": {"tier": 1, "currency": "$", "message": "Cheap"}}, "referralId": "e-3-4d26d35b342d6dcb4a4de7ca-34"}, {"reasons": {"items": [{"reasonName": "globalInteractionReason", "summary": "This spot is popular", "type": "general"}], "count": 0}, "venue": {"hereNow": {"groups": [], "summary": "Nobody here", "count": 0}, "contact": {}, "photos": {"groups": [], "count": 0}, "name": "Ju Hao \u805a\u8c6a", "allowMenuUrlEdit": true, "beenHere": {"lastCheckinExpiredAt": 0, "count": 0, "marked": false}, "stats": {"checkinsCount": 51, "usersCount": 38, "tipCount": 3}, "id": "4d158b72b15cb1f7aaeca821", "categories": [{"pluralName": "Noodle Houses", "id": "4bf58dd8d48988d1d1941735", "primary": true, "icon": {"prefix": "https://ss3.4sqi.net/img/categories_v2/food/ramen_", "suffix": ".png"}, "name": "Noodle House", "shortName": "Noodles"}], "location": {"lng": 103.86023323446348, "formattedAddress": ["01-28 Lavender Food Square (380 Jalan Besar)", "Singapore"], "lat": 1.3131535116915496, "crossStreet": "380 Jalan Besar", "country": "Singapore", "distance": 713, "city": "Singapore", "cc": "SG", "address": "01-28 Lavender Food Square", "labeledLatLngs": [{"lng": 103.86023323446348, "label": "display", "lat": 1.3131535116915496}]}, "verified": false, "price": {"tier": 1, "currency": "$", "message": "Cheap"}}, "referralId": "e-3-4d158b72b15cb1f7aaeca821-35", "tips": [{"id": "538aba02498e30551c07c59a", "text": "The xiao long Bao is not juicy. Disappointing.", "disagreeCount": 0, "createdAt": 1401600514, "logView": true, "todo": {"count": 0}, "agreeCount": 0, "canonicalUrl": "https://foursquare.com/item/538aba02498e30551c07c59a", "type": "user", "user": {"id": "55390456", "photo": {"prefix": "https://igx.4sqi.net/img/user/", "suffix": "/55390456_xjGWfjYZ_UAMBNliBjCxql6WleMj7JVZzY9y3t2_6WtR-3ecn7WlfLcMpWqn7tIYj_11T_fb-.jpg"}, "firstName": "Ting", "gender": "female"}}]}, {"reasons": {"items": [{"reasonName": "globalInteractionReason", "summary": "This spot is popular", "type": "general"}], "count": 0}, "venue": {"hereNow": {"groups": [], "summary": "Nobody here", "count": 0}, "contact": {}, "photos": {"groups": [], "count": 0}, "rating": 5.6, "name": "Maru Maru Croquette", "ratingSignals": 15, "allowMenuUrlEdit": true, "categories": [{"pluralName": "Snack Places", "id": "4bf58dd8d48988d1c7941735", "primary": true, "icon": {"prefix": "https://ss3.4sqi.net/img/categories_v2/food/snacks_", "suffix": ".png"}, "name": "Snack Place", "shortName": "Snacks"}], "stats": {"checkinsCount": 153, "usersCount": 59, "tipCount": 9}, "id": "4f2e8751e4b0b0d084f8c80e", "beenHere": {"lastCheckinExpiredAt": 0, "count": 0, "marked": false}, "ratingColor": "FF9600", "location": {"lng": 103.85826284135346, "formattedAddress": ["#B2-K8, City Square Mall (180 Kitchener Rd)", "Singapore"], "lat": 1.3131190856231916, "crossStreet": "180 Kitchener Rd", "distance": 795, "country": "Singapore", "cc": "SG", "address": "#B2-K8, City Square Mall", "labeledLatLngs": [{"lng": 103.85826284135346, "label": "display", "lat": 1.3131190856231916}]}, "verified": false, "price": {"tier": 1, "currency": "$", "message": "Cheap"}}, "referralId": "e-3-4f2e8751e4b0b0d084f8c80e-36", "tips": [{"id": "51c02229498e074899bc9b85", "text": "The croquette are superb", "disagreeCount": 0, "logView": true, "createdAt": 1371546153, "likes": {"groups": [], "summary": "1 like", "count": 1}, "todo": {"count": 0}, "agreeCount": 1, "canonicalUrl": "https://foursquare.com/item/51c02229498e074899bc9b85", "type": "user", "user": {"gender": "male", "id": "4622920", "photo": {"prefix": "https://igx.4sqi.net/img/user/", "suffix": "/RGIE1S3X5QUCN40D.jpg"}, "firstName": "Daniel", "lastName": "Yong"}}]}, {"reasons": {"items": [{"reasonName": "globalInteractionReason", "summary": "This spot is popular", "type": "general"}], "count": 0}, "venue": {"hereNow": {"groups": [], "summary": "Nobody here", "count": 0}, "contact": {}, "photos": {"groups": [], "count": 0}, "name": "Canteen @ 26 Kallang Place", "allowMenuUrlEdit": true, "beenHere": {"lastCheckinExpiredAt": 0, "count": 0, "marked": false}, "stats": {"checkinsCount": 177, "usersCount": 48, "tipCount": 3}, "id": "4c7f50f62042b1f7dca0c2ad", "categories": [{"pluralName": "Restaurants", "id": "4bf58dd8d48988d1c4941735", "primary": true, "icon": {"prefix": "https://ss3.4sqi.net/img/categories_v2/food/default_", "suffix": ".png"}, "name": "Restaurant", "shortName": "Restaurant"}], "location": {"formattedAddress": ["26 Kallang Place", "339157", "Singapore"], "postalCode": "339157", "lat": 1.3157075307681825, "lng": 103.86699960033317, "distance": 719, "country": "Singapore", "cc": "SG", "address": "26 Kallang Place", "labeledLatLngs": [{"lng": 103.86699960033317, "label": "display", "lat": 1.3157075307681825}]}, "verified": false, "price": {"tier": 2, "currency": "$", "message": "Moderate"}}, "referralId": "e-3-4c7f50f62042b1f7dca0c2ad-37", "tips": [{"id": "502e36ade4b07d6b344d2d3d", "text": "AWESOME CHICKEN RICE", "disagreeCount": 0, "createdAt": 1345205933, "logView": true, "todo": {"count": 0}, "agreeCount": 0, "canonicalUrl": "https://foursquare.com/item/502e36ade4b07d6b344d2d3d", "type": "user", "user": {"gender": "female", "id": "22456383", "photo": {"prefix": "https://igx.4sqi.net/img/user/", "suffix": "/22456383-N15NJJ0ULWZKTX0B.jpg"}, "firstName": "Jacelyn", "lastName": "Tsl"}}]}, {"reasons": {"items": [{"reasonName": "globalInteractionReason", "summary": "This spot is popular", "type": "general"}], "count": 0}, "venue": {"hereNow": {"groups": [], "summary": "Nobody here", "count": 0}, "contact": {}, "photos": {"groups": [], "count": 0}, "name": "Pizza Hut HQ", "allowMenuUrlEdit": true, "beenHere": {"lastCheckinExpiredAt": 0, "count": 0, "marked": false}, "stats": {"checkinsCount": 236, "usersCount": 113, "tipCount": 0}, "id": "4c10aa963ce120a1396a081c", "categories": [{"pluralName": "Pizza Places", "id": "4bf58dd8d48988d1ca941735", "primary": true, "icon": {"prefix": "https://ss3.4sqi.net/img/categories_v2/food/pizza_", "suffix": ".png"}, "name": "Pizza Place", "shortName": "Pizza"}], "location": {"formattedAddress": ["17 Kallang Junction", "Singapore"], "lat": 1.3142278999605905, "lng": 103.8656915987933, "state": "Singapore", "distance": 727, "country": "Singapore", "cc": "SG", "address": "17 Kallang Junction", "labeledLatLngs": [{"lng": 103.8656915987933, "label": "display", "lat": 1.3142278999605905}]}, "verified": false, "price": {"tier": 1, "currency": "$", "message": "Cheap"}}, "referralId": "e-3-4c10aa963ce120a1396a081c-38"}, {"reasons": {"items": [{"reasonName": "globalInteractionReason", "summary": "This spot is popular", "type": "general"}], "count": 0}, "venue": {"hereNow": {"groups": [], "summary": "Nobody here", "count": 0}, "contact": {}, "photos": {"groups": [], "count": 0}, "name": "\u8c6a\u4e61", "allowMenuUrlEdit": true, "beenHere": {"lastCheckinExpiredAt": 0, "count": 0, "marked": false}, "stats": {"checkinsCount": 50, "usersCount": 32, "tipCount": 0}, "id": "4ba4c605f964a52091b338e3", "categories": [{"pluralName": "Chinese Restaurants", "id": "4bf58dd8d48988d145941735", "primary": true, "icon": {"prefix": "https://ss3.4sqi.net/img/categories_v2/food/asian_", "suffix": ".png"}, "name": "Chinese Restaurant", "shortName": "Chinese"}], "location": {"formattedAddress": ["Lavender Food Square", "Singapore"], "lat": 1.312989, "lng": 103.860343, "distance": 728, "country": "Singapore", "cc": "SG", "address": "Lavender Food Square", "labeledLatLngs": [{"lng": 103.860343, "label": "display", "lat": 1.312989}]}, "verified": false, "price": {"tier": 1, "currency": "$", "message": "Cheap"}}, "referralId": "e-3-4ba4c605f964a52091b338e3-39"}, {"reasons": {"items": [{"reasonName": "globalInteractionReason", "summary": "This spot is popular", "type": "general"}], "count": 0}, "venue": {"hereNow": {"groups": [], "summary": "Nobody here", "count": 0}, "contact": {"facebook": "1635818956681534", "facebookUsername": "RoyalJsSeafood", "facebookName": "Royal J's Seafood - \u5fa1\u9a6c\u6d77\u9c9c", "phone": "+6593573993", "formattedPhone": "+65 9357 3993"}, "photos": {"groups": [], "count": 0}, "rating": 5.6, "name": "Royal J's Seafood", "ratingSignals": 8, "allowMenuUrlEdit": true, "categories": [{"pluralName": "Seafood Restaurants", "id": "4bf58dd8d48988d1ce941735", "primary": true, "icon": {"prefix": "https://ss3.4sqi.net/img/categories_v2/food/seafood_", "suffix": ".png"}, "name": "Seafood Restaurant", "shortName": "Seafood"}], "stats": {"checkinsCount": 71, "usersCount": 62, "tipCount": 4}, "id": "56d03d11498e02fcfecf3912", "beenHere": {"lastCheckinExpiredAt": 0, "count": 0, "marked": false}, "ratingColor": "FF9600", "location": {"lng": 103.86010866853707, "formattedAddress": ["Fusion Food Dynasty (30 Foch Road)", "Singapore"], "lat": 1.3124825317791193, "crossStreet": "30 Foch Road", "country": "Singapore", "distance": 789, "city": "Singapore", "cc": "SG", "address": "Fusion Food Dynasty", "labeledLatLngs": [{"lng": 103.86010866853707, "label": "display", "lat": 1.3124825317791193}]}, "hours": {"isLocalHoliday": false, "isOpen": true, "status": "Open until 11:00 PM"}, "verified": false, "price": {"tier": 3, "currency": "$", "message": "Expensive"}}, "referralId": "e-3-56d03d11498e02fcfecf3912-40", "tips": [{"logView": true, "photo": {"id": "58d6607a2f91cb026ffc67cb", "visibility": "public", "source": {"name": "Swarm for iOS", "url": "https://www.swarmapp.com"}, "suffix": "/30599435_uUV7FQ1kzdN1w4RQwSUjMySzYlbGC0nkGu16n_b5tUk.jpg", "createdAt": 1490444410, "prefix": "https://igx.4sqi.net/img/general/", "width": 1440, "height": 1440}, "createdAt": 1490457687, "agreeCount": 0, "id": "58d694570acb6a032232c5f5", "text": "Fried porridge is a must! #yummy", "type": "user", "disagreeCount": 0, "user": {"gender": "male", "id": "30599435", "photo": {"prefix": "https://igx.4sqi.net/img/user/", "suffix": "/30599435_VFGwCGkP_KJZtGNkxWuKAloSRzZmkVQ0zaQ22sfzp1GTiHcwkgOeD8Kpzn2YsIzNIAYO3mggB.jpg"}, "firstName": "Jonathan", "lastName": "Lim"}, "canonicalUrl": "https://foursquare.com/item/58d694570acb6a032232c5f5", "todo": {"count": 0}, "photourl": "https://igx.4sqi.net/img/general/original/30599435_uUV7FQ1kzdN1w4RQwSUjMySzYlbGC0nkGu16n_b5tUk.jpg"}]}, {"reasons": {"items": [{"reasonName": "globalInteractionReason", "summary": "This spot is popular", "type": "general"}], "count": 0}, "venue": {"hereNow": {"groups": [], "summary": "Nobody here", "count": 0}, "contact": {}, "photos": {"groups": [], "count": 0}, "name": "Foch Road Eating House", "allowMenuUrlEdit": true, "beenHere": {"lastCheckinExpiredAt": 0, "count": 0, "marked": false}, "stats": {"checkinsCount": 155, "usersCount": 48, "tipCount": 2}, "id": "4d055eb926adb1f7117bd770", "categories": [{"pluralName": "Asian Restaurants", "id": "4bf58dd8d48988d142941735", "primary": true, "icon": {"prefix": "https://ss3.4sqi.net/img/categories_v2/food/asian_", "suffix": ".png"}, "name": "Asian Restaurant", "shortName": "Asian"}], "location": {"formattedAddress": ["52 Foch Rd.", "Singapore"], "lat": 1.312827, "lng": 103.860564, "country": "Singapore", "distance": 741, "city": "Singapore", "cc": "SG", "address": "52 Foch Rd.", "labeledLatLngs": [{"lng": 103.860564, "label": "display", "lat": 1.312827}]}, "verified": false, "price": {"tier": 2, "currency": "$", "message": "Moderate"}}, "referralId": "e-3-4d055eb926adb1f7117bd770-41", "tips": [{"id": "4d080330611ff04d34cd18fb", "text": "Reasonably priced economic rice served by a friendly auntie. It has a certain old school charm as well with the simple decor.", "disagreeCount": 0, "logView": true, "createdAt": 1292370736, "likes": {"groups": [], "summary": "2 likes", "count": 2}, "todo": {"count": 0}, "agreeCount": 0, "canonicalUrl": "https://foursquare.com/item/4d080330611ff04d34cd18fb", "type": "user", "user": {"gender": "female", "id": "976144", "photo": {"prefix": "https://igx.4sqi.net/img/user/", "suffix": "/4YGFGY3B0HNFUK1N.jpg"}, "firstName": "Weishan", "lastName": "Chen"}}]}, {"reasons": {"items": [{"reasonName": "globalInteractionReason", "summary": "This spot is popular", "type": "general"}], "count": 0}, "venue": {"hereNow": {"groups": [], "summary": "Nobody here", "count": 0}, "contact": {"facebook": "1440347236229537", "facebookName": "Yuan Vegetarian Bistro", "phone": "+6596878535", "formattedPhone": "+65 9687 8535"}, "photos": {"groups": [], "count": 0}, "name": "YUAN Vegetarian Bistro", "allowMenuUrlEdit": true, "beenHere": {"lastCheckinExpiredAt": 0, "count": 0, "marked": false}, "stats": {"checkinsCount": 81, "usersCount": 44, "tipCount": 2}, "id": "524a59f011d2033f0e3e2127", "categories": [{"pluralName": "Vegetarian / Vegan Restaurants", "id": "4bf58dd8d48988d1d3941735", "primary": true, "icon": {"prefix": "https://ss3.4sqi.net/img/categories_v2/food/vegetarian_", "suffix": ".png"}, "name": "Vegetarian / Vegan Restaurant", "shortName": "Vegetarian / Vegan"}], "location": {"lat": 1.3126993990851983, "distance": 759, "country": "Singapore", "cc": "SG", "crossStreet": "2 Kallang Avenue", "formattedAddress": ["#01-07 CT Hub (2 Kallang Avenue)", "339407", "Singapore"], "neighborhood": "Kallang", "city": "Singapore", "lng": 103.86300768691319, "labeledLatLngs": [{"lng": 103.86300768691319, "label": "display", "lat": 1.3126993990851983}], "address": "#01-07 CT Hub", "postalCode": "339407"}, "hours": {"isLocalHoliday": false, "isOpen": true, "status": "Open until 9:30 PM"}, "verified": false, "price": {"tier": 2, "currency": "$", "message": "Moderate"}}, "referralId": "e-3-524a59f011d2033f0e3e2127-42", "tips": [{"id": "57623737cd1091c93a47773e", "text": "Nice laksa. Soup not oily. Portion a bit small or am i too hungry.", "disagreeCount": 0, "createdAt": 1466054455, "logView": true, "todo": {"count": 0}, "agreeCount": 0, "canonicalUrl": "https://foursquare.com/item/57623737cd1091c93a47773e", "type": "user", "user": {"gender": "male", "id": "71824", "photo": {"prefix": "https://igx.4sqi.net/img/user/", "suffix": "/71824-LNNUVMNLA0YG3LNF.jpg"}, "firstName": "Einstien", "lastName": "Ng"}}]}, {"reasons": {"items": [{"reasonName": "globalInteractionReason", "summary": "This spot is popular", "type": "general"}], "count": 0}, "venue": {"hereNow": {"groups": [], "summary": "Nobody here", "count": 0}, "contact": {}, "photos": {"groups": [], "count": 0}, "name": "Mika Confectionery", "allowMenuUrlEdit": true, "beenHere": {"lastCheckinExpiredAt": 0, "count": 0, "marked": false}, "stats": {"checkinsCount": 61, "usersCount": 13, "tipCount": 1}, "id": "4d222d2a0901721ed5dda0a5", "categories": [{"pluralName": "Bakeries", "id": "4bf58dd8d48988d16a941735", "primary": true, "icon": {"prefix": "https://ss3.4sqi.net/img/categories_v2/food/bakery_", "suffix": ".png"}, "name": "Bakery", "shortName": "Bakery"}], "location": {"lng": 103.85773061362592, "formattedAddress": ["74 Whampoa Drive (#01-332)", "320074", "Singapore"], "postalCode": "320074", "lat": 1.3251361128099002, "crossStreet": "#01-332", "country": "Singapore", "distance": 775, "city": "Singapore", "cc": "SG", "address": "74 Whampoa Drive", "labeledLatLngs": [{"lng": 103.85773061362592, "label": "display", "lat": 1.3251361128099002}]}, "verified": false, "price": {"tier": 1, "currency": "$", "message": "Cheap"}}, "referralId": "e-3-4d222d2a0901721ed5dda0a5-43", "tips": [{"id": "4f048f1be4b0b2ce6a35781f", "text": "A bit old fashioned, but the breads, cookies & cakes smells & taste good.", "disagreeCount": 0, "logView": true, "createdAt": 1325698843, "likes": {"groups": [], "summary": "1 like", "count": 1}, "todo": {"count": 0}, "agreeCount": 0, "canonicalUrl": "https://foursquare.com/item/4f048f1be4b0b2ce6a35781f", "type": "user", "user": {"id": "16077360", "photo": {"prefix": "https://igx.4sqi.net/img/user/", "suffix": "/16077360-V5PLBHF05FD3HXDF.jpg"}, "firstName": "Jalaluddin bin Aris", "gender": "male"}}]}, {"reasons": {"items": [{"reasonName": "globalInteractionReason", "summary": "This spot is popular", "type": "general"}], "count": 0}, "venue": {"hereNow": {"groups": [], "summary": "Nobody here", "count": 0}, "contact": {}, "photos": {"groups": [], "count": 0}, "name": "\u5927\u98df\u5ba2\u5e73\u4ef7\u7279\u8272\u5c0f\u53a8", "allowMenuUrlEdit": true, "beenHere": {"lastCheckinExpiredAt": 0, "count": 0, "marked": false}, "stats": {"checkinsCount": 35, "usersCount": 23, "tipCount": 1}, "id": "4bfa795c508c0f47af1c4031", "categories": [{"pluralName": "Chinese Restaurants", "id": "4bf58dd8d48988d145941735", "primary": true, "icon": {"prefix": "https://ss3.4sqi.net/img/categories_v2/food/asian_", "suffix": ".png"}, "name": "Chinese Restaurant", "shortName": "Chinese"}], "location": {"lng": 103.8600093126297, "formattedAddress": ["30 Foch Road (Beatty Lane)", "Singapore"], "lat": 1.312608, "crossStreet": "Beatty Lane", "distance": 778, "country": "Singapore", "cc": "SG", "address": "30 Foch Road", "labeledLatLngs": [{"lng": 103.8600093126297, "label": "display", "lat": 1.312608}]}, "verified": false, "price": {"tier": 1, "currency": "$", "message": "Cheap"}}, "referralId": "e-3-4bfa795c508c0f47af1c4031-44", "tips": [{"id": "4bfa8a1270c603bbd9cc9cb4", "text": "The $2.50 \u624b\u6293\u997c (a Chinese & more fragrant & crispy form of roti prata) from Shan Dong, China. My friend who was full, & refused to be impressed on 1st encounter, kept eating it, & he finished it all!", "disagreeCount": 0, "logView": true, "createdAt": 1274710546, "likes": {"groups": [], "summary": "1 like", "count": 1}, "todo": {"count": 2}, "agreeCount": 0, "canonicalUrl": "https://foursquare.com/item/4bfa8a1270c603bbd9cc9cb4", "type": "user", "user": {"gender": "male", "id": "757016", "photo": {"prefix": "https://igx.4sqi.net/img/user/", "suffix": "/757016-TF1WQU51BVINYKTO.jpg"}, "firstName": "Peter", "lastName": "W"}}]}, {"reasons": {"items": [{"reasonName": "globalInteractionReason", "summary": "This spot is popular", "type": "general"}], "count": 0}, "venue": {"hereNow": {"groups": [], "summary": "Nobody here", "count": 0}, "contact": {}, "photos": {"groups": [], "count": 0}, "name": "Aroy Dee Thai Kitchen", "allowMenuUrlEdit": true, "beenHere": {"lastCheckinExpiredAt": 0, "count": 0, "marked": false}, "stats": {"checkinsCount": 202, "usersCount": 125, "tipCount": 9}, "id": "4cf660eb1801a143ad38e9d4", "categories": [{"pluralName": "Thai Restaurants", "id": "4bf58dd8d48988d149941735", "primary": true, "icon": {"prefix": "https://ss3.4sqi.net/img/categories_v2/food/thai_", "suffix": ".png"}, "name": "Thai Restaurant", "shortName": "Thai"}], "location": {"lng": 103.86005204769913, "formattedAddress": ["30 Foch Road (Beatty Lane)", "Singapore"], "lat": 1.3125930027453134, "crossStreet": "Beatty Lane", "country": "Singapore", "distance": 778, "city": "Singapore", "cc": "SG", "address": "30 Foch Road", "labeledLatLngs": [{"lng": 103.86005204769913, "label": "display", "lat": 1.3125930027453134}]}, "verified": false, "price": {"tier": 2, "currency": "$", "message": "Moderate"}}, "referralId": "e-3-4cf660eb1801a143ad38e9d4-45", "tips": [{"id": "4d30065a236aa143de4050eb", "text": "The Tom yam n pineapple rice Is nice", "disagreeCount": 0, "logView": true, "createdAt": 1294992986, "likes": {"groups": [], "summary": "2 likes", "count": 2}, "todo": {"count": 0}, "agreeCount": 0, "canonicalUrl": "https://foursquare.com/item/4d30065a236aa143de4050eb", "type": "user", "user": {"gender": "female", "id": "5763135", "photo": {"prefix": "https://igx.4sqi.net/img/user/", "suffix": "/5763135-RMHPO0QJY3GRDUH5.jpg"}, "firstName": "Frances", "lastName": "Peng"}}]}, {"reasons": {"items": [{"reasonName": "globalInteractionReason", "summary": "This spot is popular", "type": "general"}], "count": 0}, "venue": {"hereNow": {"groups": [], "summary": "Nobody here", "count": 0}, "contact": {"phone": "+6562951155", "formattedPhone": "+65 6295 1155"}, "photos": {"groups": [], "count": 0}, "name": "\u5343\u559c\u697c\uff08\u82b1\u62c9\u516c\u571c\uff09@ Civil Service Club", "allowMenuUrlEdit": true, "beenHere": {"lastCheckinExpiredAt": 0, "count": 0, "marked": false}, "stats": {"checkinsCount": 93, "usersCount": 40, "tipCount": 0}, "id": "4e42723b45dd4a1e0439f369", "categories": [{"pluralName": "Asian Restaurants", "id": "4bf58dd8d48988d142941735", "primary": true, "icon": {"prefix": "https://ss3.4sqi.net/img/categories_v2/food/asian_", "suffix": ".png"}, "name": "Asian Restaurant", "shortName": "Asian"}], "location": {"formattedAddress": ["60 Tessensohn Road", "217664", "Singapore"], "postalCode": "217664", "lat": 1.3150378680247061, "lng": 103.85615659061546, "state": "Singapore", "distance": 783, "country": "Singapore", "cc": "SG", "address": "60 Tessensohn Road", "labeledLatLngs": [{"lng": 103.85615659061546, "label": "display", "lat": 1.3150378680247061}]}, "verified": false, "price": {"tier": 2, "currency": "$", "message": "Moderate"}}, "referralId": "e-3-4e42723b45dd4a1e0439f369-46"}, {"reasons": {"items": [{"reasonName": "globalInteractionReason", "summary": "This spot is popular", "type": "general"}], "count": 0}, "venue": {"hereNow": {"groups": [], "summary": "Nobody here", "count": 0}, "contact": {}, "photos": {"groups": [], "count": 0}, "name": "Old Chang Kee @ City Square Mall", "allowMenuUrlEdit": true, "beenHere": {"lastCheckinExpiredAt": 0, "count": 0, "marked": false}, "stats": {"checkinsCount": 205, "usersCount": 61, "tipCount": 0}, "id": "4bb08ebef964a520ce4b3ce3", "categories": [{"pluralName": "Food Trucks", "id": "4bf58dd8d48988d1cb941735", "primary": true, "icon": {"prefix": "https://ss3.4sqi.net/img/categories_v2/food/streetfood_", "suffix": ".png"}, "name": "Food Truck", "shortName": "Food Truck"}], "location": {"formattedAddress": ["180 Kitchener Road #B1-K5 City Square Mall", "208539", "Singapore"], "postalCode": "208539", "lat": 1.3132056411897963, "lng": 103.85830247541647, "country": "Singapore", "distance": 785, "city": "Singapore", "cc": "SG", "address": "180 Kitchener Road #B1-K5 City Square Mall", "labeledLatLngs": [{"lng": 103.85830247541647, "label": "display", "lat": 1.3132056411897963}]}, "verified": false, "price": {"tier": 1, "currency": "$", "message": "Cheap"}}, "referralId": "e-3-4bb08ebef964a520ce4b3ce3-47"}, {"reasons": {"items": [{"reasonName": "globalInteractionReason", "summary": "This spot is popular", "type": "general"}], "count": 0}, "venue": {"hereNow": {"groups": [], "summary": "Nobody here", "count": 0}, "contact": {}, "photos": {"groups": [], "count": 0}, "name": "\u4f73\u4f73\u6d77\u9c9c\u716e", "allowMenuUrlEdit": true, "beenHere": {"lastCheckinExpiredAt": 0, "count": 0, "marked": false}, "stats": {"checkinsCount": 80, "usersCount": 25, "tipCount": 1}, "id": "4c0b8f2dffb8c9b6e6666d61", "categories": [{"pluralName": "Chinese Restaurants", "id": "4bf58dd8d48988d145941735", "primary": true, "icon": {"prefix": "https://ss3.4sqi.net/img/categories_v2/food/asian_", "suffix": ".png"}, "name": "Chinese Restaurant", "shortName": "Chinese"}], "location": {"formattedAddress": ["82 Whampoa Drive", "Singapore"], "lat": 1.324347, "lng": 103.856638, "country": "Singapore", "distance": 787, "city": "Singapore", "cc": "SG", "address": "82 Whampoa Drive", "labeledLatLngs": [{"lng": 103.856638, "label": "display", "lat": 1.324347}]}, "verified": false, "price": {"tier": 1, "currency": "$", "message": "Cheap"}}, "referralId": "e-3-4c0b8f2dffb8c9b6e6666d61-48", "tips": [{"id": "4e27fb60b0fba988bb66d66a", "text": "The food is nice here. Hor fun n Singapore bee hoon is yummy.", "disagreeCount": 0, "createdAt": 1311243104, "logView": true, "todo": {"count": 0}, "agreeCount": 0, "canonicalUrl": "https://foursquare.com/item/4e27fb60b0fba988bb66d66a", "type": "user", "user": {"gender": "none", "id": "5957096", "photo": {"prefix": "https://igx.4sqi.net/img/user/", "suffix": "/21DIS3UWWEWJXKRP.jpg"}, "firstName": "Ripple", "lastName": "Van"}}]}, {"reasons": {"items": [{"reasonName": "globalInteractionReason", "summary": "This spot is popular", "type": "general"}], "count": 0}, "venue": {"hereNow": {"groups": [], "summary": "Nobody here", "count": 0}, "contact": {}, "photos": {"groups": [], "count": 0}, "name": "Tradtional bread shop", "allowMenuUrlEdit": true, "beenHere": {"lastCheckinExpiredAt": 0, "count": 0, "marked": false}, "stats": {"checkinsCount": 68, "usersCount": 13, "tipCount": 1}, "id": "4cb4ab4d1463a1439dbbbca9", "categories": [{"pluralName": "Bakeries", "id": "4bf58dd8d48988d16a941735", "primary": true, "icon": {"prefix": "https://ss3.4sqi.net/img/categories_v2/food/bakery_", "suffix": ".png"}, "name": "Bakery", "shortName": "Bakery"}], "location": {"formattedAddress": ["l", "Singapore"], "lat": 1.321697, "lng": 103.855002, "distance": 786, "country": "Singapore", "cc": "SG", "address": "l", "labeledLatLngs": [{"lng": 103.855002, "label": "display", "lat": 1.321697}]}, "verified": false, "price": {"tier": 1, "currency": "$", "message": "Cheap"}}, "referralId": "e-3-4cb4ab4d1463a1439dbbbca9-49", "tips": [{"id": "4cb4ac5675ebb60c355ce4ad", "text": "try the tausar bread at 0130am!!!", "disagreeCount": 0, "logView": true, "createdAt": 1286909014, "likes": {"groups": [], "summary": "2 likes", "count": 2}, "todo": {"count": 0}, "agreeCount": 0, "canonicalUrl": "https://foursquare.com/item/4cb4ac5675ebb60c355ce4ad", "type": "user", "user": {"gender": "male", "id": "2526246", "photo": {"prefix": "https://igx.4sqi.net/img/user/", "suffix": "/J5NJX0EBYYK2YXKU.jpg"}, "firstName": "Jan", "lastName": "Loy"}}]}], "name": "recommended", "type": "Recommended Places"}], "query": "food", "headerLocation": "Central Region"}}