{"meta": {"code": 200, "requestId": "595a398f6a6071143dfadb76"}, "response": {"suggestedFilters": {"filters": [{"name": "Open now", "key": "openNow"}], "header": "Tap to show:"}, "totalResults": 47, "headerFullLocation": "Yishun, Singapore", "headerLocationGranularity": "neighborhood", "suggestedBounds": {"ne": {"lng": 103.84219384729383, "lat": 1.4366430880108072}, "sw": {"lng": 103.82781624509616, "lat": 1.422243073610793}}, "groups": [{"items": [{"reasons": {"items": [{"reasonName": "globalInteractionReason", "summary": "This spot is popular", "type": "general"}], "count": 0}, "venue": {"hereNow": {"groups": [], "summary": "Nobody here", "count": 0}, "contact": {}, "photos": {"groups": [], "count": 0}, "rating": 8.4, "name": "928 Yishun Laksa", "ratingSignals": 80, "allowMenuUrlEdit": true, "categories": [{"pluralName": "Noodle Houses", "id": "4bf58dd8d48988d1d1941735", "primary": true, "icon": {"prefix": "https://ss3.4sqi.net/img/categories_v2/food/ramen_", "suffix": ".png"}, "name": "Noodle House", "shortName": "Noodles"}], "stats": {"checkinsCount": 2872, "usersCount": 1412, "tipCount": 33}, "id": "4c81ee7447cc224bba59819f", "beenHere": {"lastCheckinExpiredAt": 0, "count": 0, "marked": false}, "ratingColor": "73CF42", "location": {"formattedAddress": ["Blk 928 Yishun Central 1, #01-155", "Singapore"], "lat": 1.4274177675647273, "lng": 103.83742258680942, "country": "Singapore", "distance": 351, "city": "Singapore", "cc": "SG", "address": "Blk 928 Yishun Central 1, #01-155", "labeledLatLngs": [{"lng": 103.83742258680942, "label": "display", "lat": 1.4274177675647273}]}, "hours": {"isLocalHoliday": false, "isOpen": false, "status": "Closed until 10:30 AM tomorrow"}, "verified": false, "price": {"tier": 1, "currency": "$", "message": "Cheap"}}, "referralId": "e-3-4c81ee7447cc224bba59819f-0", "tips": [{"id": "4d5e122a9be02c0f2123cc74", "text": "$2.50 or $3", "disagreeCount": 0, "logView": true, "createdAt": 1298010666, "likes": {"groups": [], "summary": "3 likes", "count": 3}, "todo": {"count": 0}, "agreeCount": 3, "canonicalUrl": "https://foursquare.com/item/4d5e122a9be02c0f2123cc74", "type": "user", "user": {"id": "396429", "photo": {"prefix": "https://igx.4sqi.net/img/user/", "suffix": "/R3D3CMQBKGGCFYED.png"}, "firstName": "nvendr", "gender": "none"}}]}, {"reasons": {"items": [{"reasonName": "globalInteractionReason", "summary": "This spot is popular", "type": "general"}], "count": 0}, "venue": {"hereNow": {"groups": [], "summary": "Nobody here", "count": 0}, "contact": {}, "photos": {"groups": [], "count": 0}, "rating": 7.5, "name": "Shami Banana Leaf Delights", "ratingSignals": 11, "allowMenuUrlEdit": true, "categories": [{"pluralName": "Indian Restaurants", "id": "4bf58dd8d48988d10f941735", "primary": true, "icon": {"prefix": "https://ss3.4sqi.net/img/categories_v2/food/indian_", "suffix": ".png"}, "name": "Indian Restaurant", "shortName": "Indian"}], "stats": {"checkinsCount": 437, "usersCount": 243, "tipCount": 11}, "id": "4bc1a89b74a9a593ef1fd2f6", "beenHere": {"lastCheckinExpiredAt": 0, "count": 0, "marked": false}, "ratingColor": "C5DE35", "location": {"lng": 103.83599281311035, "formattedAddress": ["#B2-10, Northpoint Shopping Centre (930 Yishun Ave 2)", "769098", "Singapore"], "postalCode": "769098", "lat": 1.4298337532941874, "crossStreet": "930 Yishun Ave 2", "country": "Singapore", "distance": 118, "city": "Singapore", "cc": "SG", "address": "#B2-10, Northpoint Shopping Centre", "labeledLatLngs": [{"lng": 103.83599281311035, "label": "display", "lat": 1.4298337532941874}]}, "hours": {"isLocalHoliday": false, "isOpen": true, "status": "Likely open"}, "verified": false, "price": {"tier": 2, "currency": "$", "message": "Moderate"}}, "referralId": "e-3-4bc1a89b74a9a593ef1fd2f6-1", "tips": [{"id": "4c061c3f70c603bb870d9eb4", "text": "Briyani the bestest", "disagreeCount": 0, "logView": true, "createdAt": 1275468863, "likes": {"groups": [], "summary": "14 likes", "count": 14}, "todo": {"count": 0}, "agreeCount": 1, "canonicalUrl": "https://foursquare.com/item/4c061c3f70c603bb870d9eb4", "type": "user", "user": {"gender": "male", "id": "1086909", "photo": {"prefix": "https://igx.4sqi.net/img/user/", "suffix": "/G3OE5TCXVBORKJ2V.jpg"}, "firstName": "Shahirwan", "lastName": "Gibraltar"}}]}, {"reasons": {"items": [{"reasonName": "globalInteractionReason", "summary": "This spot is popular", "type": "general"}], "count": 0}, "venue": {"hereNow": {"groups": [], "summary": "Nobody here", "count": 0}, "contact": {"phone": "+6567571762", "formattedPhone": "+65 6757 1762"}, "photos": {"groups": [], "count": 0}, "rating": 7.7, "name": "Heng Hua Restaurant \u5174\u5316\u7f8e\u98df", "ratingSignals": 22, "allowMenuUrlEdit": true, "categories": [{"pluralName": "Chinese Restaurants", "id": "4bf58dd8d48988d145941735", "primary": true, "icon": {"prefix": "https://ss3.4sqi.net/img/categories_v2/food/asian_", "suffix": ".png"}, "name": "Chinese Restaurant", "shortName": "Chinese"}], "stats": {"checkinsCount": 742, "usersCount": 278, "tipCount": 22}, "id": "4c1bd2ef624b9c74dbae1204", "beenHere": {"lastCheckinExpiredAt": 0, "count": 0, "marked": false}, "ratingColor": "C5DE35", "location": {"formattedAddress": ["748 Yishun St 72, #01-212", "760748", "Singapore"], "postalCode": "760748", "lat": 1.4270871744196825, "lng": 103.83315415455299, "country": "Singapore", "distance": 333, "city": "Singapore", "cc": "SG", "address": "748 Yishun St 72, #01-212", "labeledLatLngs": [{"lng": 103.83315415455299, "label": "display", "lat": 1.4270871744196825}]}, "hours": {"isLocalHoliday": false, "isOpen": true, "status": "Open until 11:00 PM"}, "verified": false, "price": {"tier": 1, "currency": "$", "message": "Cheap"}}, "referralId": "e-3-4c1bd2ef624b9c74dbae1204-2", "tips": [{"logView": true, "photo": {"id": "53f9f2f4498e0a18c14a6740", "visibility": "public", "source": {"name": "Foursquare for Android", "url": "https://foursquare.com/download/#/android"}, "suffix": "/47180786_50j-PcdW0jHbNLEgjQlg-yNUgyD6iSsq701KW8bxXqg.jpg", "createdAt": 1408889588, "prefix": "https://igx.4sqi.net/img/general/", "width": 1440, "height": 1440}, "createdAt": 1408889585, "todo": {"count": 0}, "agreeCount": 2, "likes": {"groups": [], "summary": "2 likes", "count": 2}, "id": "53f9f2f1498ea6cd3f209851", "text": "Their Butter Cream Prawns are superb!", "disagreeCount": 0, "user": {"gender": "female", "id": "47180786", "photo": {"prefix": "https://igx.4sqi.net/img/user/", "suffix": "/47180786-NBFGU0AN03ZEP24Z.jpg"}, "firstName": "Karen", "lastName": "See"}, "canonicalUrl": "https://foursquare.com/item/53f9f2f1498ea6cd3f209851", "type": "user", "photourl": "https://igx.4sqi.net/img/general/original/47180786_50j-PcdW0jHbNLEgjQlg-yNUgyD6iSsq701KW8bxXqg.jpg"}]}, {"reasons": {"items": [{"reasonName": "globalInteractionReason", "summary": "This spot is popular", "type": "general"}], "count": 0}, "venue": {"hereNow": {"groups": [], "summary": "Nobody here", "count": 0}, "contact": {}, "photos": {"groups": [], "count": 0}, "rating": 7.4, "name": "MOS Burger", "ratingSignals": 11, "allowMenuUrlEdit": true, "categories": [{"pluralName": "Burger Joints", "id": "4bf58dd8d48988d16c941735", "primary": true, "icon": {"prefix": "https://ss3.4sqi.net/img/categories_v2/food/burger_", "suffix": ".png"}, "name": "Burger Joint", "shortName": "Burgers"}], "stats": {"checkinsCount": 447, "usersCount": 292, "tipCount": 4}, "id": "51cd195b498e26f92dd17057", "beenHere": {"lastCheckinExpiredAt": 0, "count": 0, "marked": false}, "url": "http://www.mosburger.com.sg", "ratingColor": "C5DE35", "location": {"lng": 103.83655077408056, "formattedAddress": ["#01-19 NorthPoint (930 Yishun Avenue 2)", "769098", "Singapore"], "postalCode": "769098", "lat": 1.4293081542146167, "crossStreet": "930 Yishun Avenue 2", "country": "Singapore", "distance": 172, "city": "Singapore", "cc": "SG", "address": "#01-19 NorthPoint", "labeledLatLngs": [{"lng": 103.83655077408056, "label": "display", "lat": 1.4293081542146167}]}, "hours": {"isLocalHoliday": false, "isOpen": true, "status": "Likely open"}, "verified": false, "price": {"tier": 1, "currency": "$", "message": "Cheap"}}, "referralId": "e-3-51cd195b498e26f92dd17057-3", "tips": [{"id": "51d2d054498e7c30c53bb6bd", "text": "fast service.. :) great tasting burger.. :)", "disagreeCount": 0, "logView": true, "createdAt": 1372770388, "likes": {"groups": [], "summary": "2 likes", "count": 2}, "todo": {"count": 0}, "agreeCount": 2, "canonicalUrl": "https://foursquare.com/item/51d2d054498e7c30c53bb6bd", "type": "user", "user": {"gender": "female", "id": "4565669", "photo": {"prefix": "https://igx.4sqi.net/img/user/", "suffix": "/BJX3D2HV4X3XIJUH.jpg"}, "firstName": "willai", "lastName": "evora"}}]}, {"reasons": {"items": [{"reasonName": "globalInteractionReason", "summary": "This spot is popular", "type": "general"}], "count": 0}, "venue": {"hereNow": {"groups": [], "summary": "Nobody here", "count": 0}, "contact": {"facebook": "202538986427442", "facebookName": "\u81ea\u5728\u658b ZI ZAI VEGETARIAN", "phone": "+6566403346", "formattedPhone": "+65 6640 3346"}, "photos": {"groups": [], "count": 0}, "rating": 8.4, "name": "Zi Zai Vegetarian \u81ea\u5728\u9f4b", "ratingSignals": 27, "allowMenuUrlEdit": true, "categories": [{"pluralName": "Vegetarian / Vegan Restaurants", "id": "4bf58dd8d48988d1d3941735", "primary": true, "icon": {"prefix": "https://ss3.4sqi.net/img/categories_v2/food/vegetarian_", "suffix": ".png"}, "name": "Vegetarian / Vegan Restaurant", "shortName": "Vegetarian / Vegan"}], "stats": {"checkinsCount": 1053, "usersCount": 341, "tipCount": 19}, "id": "4d37ca6b9784a0935793dae8", "beenHere": {"lastCheckinExpiredAt": 0, "count": 0, "marked": false}, "ratingColor": "73CF42", "location": {"formattedAddress": ["236, Yishun Ring Road, #01-1000", "760236", "Singapore"], "postalCode": "760236", "lat": 1.4340595154053772, "lng": 103.83946061244431, "country": "Singapore", "distance": 714, "city": "Singapore", "cc": "SG", "address": "236, Yishun Ring Road, #01-1000", "labeledLatLngs": [{"lng": 103.83946061244431, "label": "display", "lat": 1.4340595154053772}]}, "hours": {"isLocalHoliday": false, "isOpen": true, "status": "Open until 9:45 PM"}, "verified": false, "price": {"tier": 2, "currency": "$", "message": "Moderate"}}, "referralId": "e-3-4d37ca6b9784a0935793dae8-4", "tips": [{"id": "4d47ec514c9ef04d03496515", "text": "Roti prata is best! Better than some of those non-vegan prata..", "disagreeCount": 0, "logView": true, "createdAt": 1296559185, "likes": {"groups": [], "summary": "3 likes", "count": 3}, "todo": {"count": 0}, "agreeCount": 3, "canonicalUrl": "https://foursquare.com/item/4d47ec514c9ef04d03496515", "type": "user", "user": {"gender": "female", "id": "5110567", "photo": {"prefix": "https://igx.4sqi.net/img/user/", "suffix": "/P11AJH0KQDEGVMVS.jpg"}, "firstName": "Novem", "lastName": "Neo"}}]}, {"reasons": {"items": [{"reasonName": "globalInteractionReason", "summary": "This spot is popular", "type": "general"}], "count": 0}, "venue": {"hereNow": {"groups": [], "summary": "Nobody here", "count": 0}, "contact": {}, "photos": {"groups": [], "count": 0}, "rating": 8.3, "name": "Nakhon Kitchen", "ratingSignals": 29, "allowMenuUrlEdit": true, "categories": [{"pluralName": "Thai Restaurants", "id": "4bf58dd8d48988d149941735", "primary": true, "icon": {"prefix": "https://ss3.4sqi.net/img/categories_v2/food/thai_", "suffix": ".png"}, "name": "Thai Restaurant", "shortName": "Thai"}], "stats": {"checkinsCount": 874, "usersCount": 368, "tipCount": 12}, "id": "551d2f47498e6ba82559a6c1", "beenHere": {"lastCheckinExpiredAt": 0, "count": 0, "marked": false}, "ratingColor": "73CF42", "location": {"formattedAddress": ["Blk 233 Yishun St 21", "Singapore"], "lat": 1.4349243705630699, "lng": 103.8385095300056, "distance": 724, "country": "Singapore", "cc": "SG", "address": "Blk 233 Yishun St 21", "labeledLatLngs": [{"lng": 103.8385095300056, "label": "display", "lat": 1.4349243705630699}]}, "hours": {"isLocalHoliday": false, "isOpen": true, "status": "Likely open"}, "verified": false, "price": {"tier": 2, "currency": "$", "message": "Moderate"}}, "referralId": "e-3-551d2f47498e6ba82559a6c1-5", "tips": [{"id": "581612cf38faff623e0333e7", "text": "Unlike other branches, this place has lesser people so you don't have to queue up.", "disagreeCount": 0, "createdAt": 1477841615, "logView": true, "todo": {"count": 0}, "agreeCount": 0, "canonicalUrl": "https://foursquare.com/item/581612cf38faff623e0333e7", "type": "user", "user": {"gender": "male", "id": "40302355", "photo": {"prefix": "https://igx.4sqi.net/img/user/", "suffix": "/40302355_o-NzIIWU_ucicK8jGX14PfAzJX2wXZ9jFjO1M5aejH5CjDczx-FwhkA5F-pqt3Rnr5_OTKmyd.jpg"}, "firstName": "Jason", "lastName": "Lee"}}]}, {"reasons": {"items": [{"reasonName": "globalInteractionReason", "summary": "This spot is popular", "type": "general"}], "count": 0}, "venue": {"contact": {"phone": "+6596302292", "formattedPhone": "+65 9630 2292"}, "photos": {"groups": [], "count": 0}, "rating": 7.1, "name": "Coba Coba", "ratingSignals": 8, "allowMenuUrlEdit": true, "categories": [{"pluralName": "Halal Restaurants", "id": "52e81612bcbc57f1066b79ff", "primary": true, "icon": {"prefix": "https://ss3.4sqi.net/img/categories_v2/food/halal_", "suffix": ".png"}, "name": "Halal Restaurant", "shortName": "Halal"}], "stats": {"checkinsCount": 52, "usersCount": 38, "tipCount": 0}, "id": "55b07c76498edfb120250806", "beenHere": {"lastCheckinExpiredAt": 0, "count": 0, "marked": false}, "ratingColor": "C5DE35", "location": {"formattedAddress": ["Blk 156 Yishun Street 11 #01-106", "760156", "Singapore"], "postalCode": "760156", "lat": 1.4314835924986646, "lng": 103.83333530544697, "country": "Singapore", "distance": 293, "city": "Singapore", "cc": "SG", "address": "Blk 156 Yishun Street 11 #01-106", "labeledLatLngs": [{"lng": 103.83333530544697, "label": "display", "lat": 1.4314835924986646}]}, "verified": false, "hereNow": {"groups": [], "summary": "Nobody here", "count": 0}}, "referralId": "e-3-55b07c76498edfb120250806-6"}, {"reasons": {"items": [{"reasonName": "globalInteractionReason", "summary": "This spot is popular", "type": "general"}], "count": 0}, "venue": {"hereNow": {"groups": [], "summary": "Nobody here", "count": 0}, "contact": {"phone": "+6567577695", "formattedPhone": "+65 6757 7695"}, "photos": {"groups": [], "count": 0}, "rating": 6.9, "name": "Arnold's Fried Chicken", "ratingSignals": 77, "allowMenuUrlEdit": true, "categories": [{"pluralName": "Fried Chicken Joints", "id": "4d4ae6fc7a7b7dea34424761", "primary": true, "icon": {"prefix": "https://ss3.4sqi.net/img/categories_v2/food/friedchicken_", "suffix": ".png"}, "name": "Fried Chicken Joint", "shortName": "Fried Chicken"}], "stats": {"checkinsCount": 1570, "usersCount": 998, "tipCount": 15}, "id": "52d8cc44498e4d6cd75a79b1", "beenHere": {"lastCheckinExpiredAt": 0, "count": 0, "marked": false}, "url": "http://www.arnoldsfriedchicken.com", "ratingColor": "FFC800", "location": {"lng": 103.83635263560532, "formattedAddress": ["#01-04 Yishun 10 Multiplex (51 Yishun Central 1)", "768794", "Singapore"], "postalCode": "768794", "lat": 1.4302280935161473, "crossStreet": "51 Yishun Central 1", "country": "Singapore", "distance": 173, "city": "Singapore", "cc": "SG", "address": "#01-04 Yishun 10 Multiplex", "labeledLatLngs": [{"lng": 103.83635263560532, "label": "display", "lat": 1.4302280935161473}]}, "hours": {"isLocalHoliday": false, "isOpen": true, "status": "Open until 11:00 PM"}, "verified": false, "price": {"tier": 1, "currency": "$", "message": "Cheap"}}, "referralId": "e-3-52d8cc44498e4d6cd75a79b1-7", "tips": [{"id": "537f383d11d2f8776da23d9f", "text": "Dumb system. Queue 10mins... Place Order... Wait for number 15mins... Make payment... Seated... Wait another 15mins for food.", "disagreeCount": 0, "logView": true, "createdAt": 1400846397, "likes": {"groups": [], "summary": "1 like", "count": 1}, "todo": {"count": 0}, "agreeCount": 1, "canonicalUrl": "https://foursquare.com/item/537f383d11d2f8776da23d9f", "type": "user", "user": {"gender": "female", "id": "80268392", "photo": {"prefix": "https://igx.4sqi.net/img/user/", "suffix": "/80268392-XRE553LLTLDT0WQJ.jpg"}, "firstName": "Melissa", "lastName": "Ooi"}}]}, {"reasons": {"items": [{"reasonName": "globalInteractionReason", "summary": "This spot is popular", "type": "general"}], "count": 0}, "venue": {"hereNow": {"groups": [], "summary": "Nobody here", "count": 0}, "contact": {}, "photos": {"groups": [], "count": 0}, "rating": 7.0, "name": "Seng Heng Niang Dou Fu (\u6210\u5174\u917f\u8c46\u8150)", "ratingSignals": 10, "allowMenuUrlEdit": true, "categories": [{"pluralName": "Chinese Restaurants", "id": "4bf58dd8d48988d145941735", "primary": true, "icon": {"prefix": "https://ss3.4sqi.net/img/categories_v2/food/asian_", "suffix": ".png"}, "name": "Chinese Restaurant", "shortName": "Chinese"}], "stats": {"checkinsCount": 84, "usersCount": 55, "tipCount": 5}, "id": "4fc071dae4b051906846ff3a", "beenHere": {"lastCheckinExpiredAt": 0, "count": 0, "marked": false}, "ratingColor": "C5DE35", "location": {"formattedAddress": ["Blk 925 Yishun Central", "Singapore"], "lat": 1.4274002589583357, "lng": 103.83738861997486, "distance": 349, "country": "Singapore", "cc": "SG", "address": "Blk 925 Yishun Central", "labeledLatLngs": [{"lng": 103.83738861997486, "label": "display", "lat": 1.4274002589583357}]}, "verified": false, "price": {"tier": 1, "currency": "$", "message": "Cheap"}}, "referralId": "e-3-4fc071dae4b051906846ff3a-8", "tips": [{"id": "514bdf95e4b0e880d88a64a1", "text": "6pcs $2.50 portion just nice for small eater. The ingredients all very fresh. Thumbs up", "disagreeCount": 0, "logView": true, "createdAt": 1363926933, "likes": {"groups": [], "summary": "1 like", "count": 1}, "todo": {"count": 0}, "agreeCount": 1, "canonicalUrl": "https://foursquare.com/item/514bdf95e4b0e880d88a64a1", "type": "user", "user": {"gender": "female", "id": "22004151", "photo": {"prefix": "https://igx.4sqi.net/img/user/", "suffix": "/JOM0S5D2RNN5WOF1.jpg"}, "firstName": "Lorraine", "lastName": "Mok"}}]}, {"reasons": {"items": [{"reasonName": "globalInteractionReason", "summary": "This spot is popular", "type": "general"}], "count": 0}, "venue": {"hereNow": {"groups": [], "summary": "Nobody here", "count": 0}, "contact": {}, "photos": {"groups": [], "count": 0}, "rating": 7.4, "name": "Taste of Thailand", "ratingSignals": 68, "allowMenuUrlEdit": true, "categories": [{"pluralName": "Thai Restaurants", "id": "4bf58dd8d48988d149941735", "primary": true, "icon": {"prefix": "https://ss3.4sqi.net/img/categories_v2/food/thai_", "suffix": ".png"}, "name": "Thai Restaurant", "shortName": "Thai"}], "stats": {"checkinsCount": 3323, "usersCount": 1803, "tipCount": 23}, "id": "4b7bda3cf964a520ab702fe3", "beenHere": {"lastCheckinExpiredAt": 0, "count": 0, "marked": false}, "ratingColor": "C5DE35", "location": {"formattedAddress": ["701A Yishun Ave 5, #01-01", "761701", "Singapore"], "postalCode": "761701", "lat": 1.4301045720382848, "lng": 103.8278979063034, "country": "Singapore", "distance": 794, "city": "Singapore", "cc": "SG", "address": "701A Yishun Ave 5, #01-01", "labeledLatLngs": [{"lng": 103.8278979063034, "label": "display", "lat": 1.4301045720382848}]}, "hours": {"isLocalHoliday": false, "isOpen": true, "status": "Likely open"}, "verified": false, "price": {"tier": 2, "currency": "$", "message": "Moderate"}}, "referralId": "e-3-4b7bda3cf964a520ab702fe3-9", "tips": [{"id": "4c70c63fb5fe952173b86811", "text": "pineapple rice is nice here !", "disagreeCount": 0, "logView": true, "createdAt": 1282459199, "likes": {"groups": [], "summary": "9 likes", "count": 9}, "todo": {"count": 2}, "agreeCount": 1, "canonicalUrl": "https://foursquare.com/item/4c70c63fb5fe952173b86811", "type": "user", "user": {"gender": "female", "id": "1615241", "photo": {"prefix": "https://igx.4sqi.net/img/user/", "suffix": "/-TTM2THSK0M33ZAPS.jpg"}, "firstName": "hazeL", "lastName": "lai"}}]}, {"reasons": {"items": [{"reasonName": "globalInteractionReason", "summary": "This spot is popular", "type": "general"}], "count": 0}, "venue": {"contact": {}, "photos": {"groups": [], "count": 0}, "rating": 6.5, "name": "Yishun 925 Hainanese Chicken Rice", "ratingSignals": 53, "allowMenuUrlEdit": true, "categories": [{"pluralName": "Hainan Restaurants", "id": "52af3abe3cf9994f4e043bf2", "primary": true, "icon": {"prefix": "https://ss3.4sqi.net/img/categories_v2/food/asian_", "suffix": ".png"}, "name": "Hainan Restaurant", "shortName": "Hainan"}], "stats": {"checkinsCount": 2295, "usersCount": 1112, "tipCount": 29}, "id": "4d0de65d80105481e8312196", "beenHere": {"lastCheckinExpiredAt": 0, "count": 0, "marked": false}, "ratingColor": "FFC800", "location": {"lng": 103.83742824794935, "formattedAddress": ["Yishun 81 Food Court (925 Yishun Central 1)", "760925", "Singapore"], "postalCode": "760925", "lat": 1.4283067043621902, "crossStreet": "925 Yishun Central 1", "country": "Singapore", "distance": 297, "city": "Singapore", "cc": "SG", "address": "Yishun 81 Food Court", "labeledLatLngs": [{"lng": 103.83742824794935, "label": "display", "lat": 1.4283067043621902}]}, "hours": {"isLocalHoliday": false, "isOpen": false}, "verified": false, "hereNow": {"groups": [], "summary": "Nobody here", "count": 0}}, "referralId": "e-3-4d0de65d80105481e8312196-10", "tips": [{"id": "4f7130f6e4b070bfaab5dc19", "text": "The chicken rice here is extremely good food! :)", "disagreeCount": 0, "logView": true, "createdAt": 1332818166, "likes": {"groups": [], "summary": "2 likes", "count": 2}, "todo": {"count": 1}, "agreeCount": 2, "canonicalUrl": "https://foursquare.com/item/4f7130f6e4b070bfaab5dc19", "type": "user", "user": {"gender": "male", "id": "14224909", "photo": {"prefix": "https://igx.4sqi.net/img/user/", "suffix": "/PO5XKLX0C003ELRK.jpg"}, "firstName": "Tyan", "lastName": "Chwan Rong"}}]}, {"reasons": {"items": [{"reasonName": "globalInteractionReason", "summary": "This spot is popular", "type": "general"}], "count": 0}, "venue": {"hereNow": {"groups": [], "summary": "Nobody here", "count": 0}, "contact": {}, "photos": {"groups": [], "count": 0}, "rating": 7.0, "name": "Huat Kee Kway Chap \u767c\u8a18\u9983\u6c41", "ratingSignals": 13, "allowMenuUrlEdit": true, "categories": [{"pluralName": "Chinese Restaurants", "id": "4bf58dd8d48988d145941735", "primary": true, "icon": {"prefix": "https://ss3.4sqi.net/img/categories_v2/food/asian_", "suffix": ".png"}, "name": "Chinese Restaurant", "shortName": "Chinese"}], "stats": {"checkinsCount": 73, "usersCount": 35, "tipCount": 8}, "id": "4e191890aeb7eb0120d248cb", "beenHere": {"lastCheckinExpiredAt": 0, "count": 0, "marked": false}, "ratingColor": "C5DE35", "location": {"formattedAddress": ["Blk 123 Yishun St. 11.  #01-509.", "Singapore"], "lat": 1.4342063904281306, "lng": 103.83207291518784, "country": "Singapore", "distance": 622, "city": "Singapore", "cc": "SG", "address": "Blk 123 Yishun St. 11.  #01-509.", "labeledLatLngs": [{"lng": 103.83207291518784, "label": "display", "lat": 1.4342063904281306}]}, "hours": {"isLocalHoliday": false, "isOpen": false, "status": "Closed until 6:30 AM tomorrow"}, "verified": false, "price": {"tier": 1, "currency": "$", "message": "Cheap"}}, "referralId": "e-3-4e191890aeb7eb0120d248cb-11", "tips": [{"id": "5222eff2498e569a162635e8", "text": "Savoury chilli and tasty soup with a slight hint of sweetness. The lor bak and tau pok is not too soft. Overall comfort feel is there. Yummy!", "disagreeCount": 0, "logView": true, "createdAt": 1378021362, "likes": {"groups": [], "summary": "1 like", "count": 1}, "todo": {"count": 1}, "agreeCount": 1, "canonicalUrl": "https://foursquare.com/item/5222eff2498e569a162635e8", "type": "user", "user": {"gender": "male", "id": "5336359", "photo": {"prefix": "https://igx.4sqi.net/img/user/", "suffix": "/T5OC0ZZATBKDDHJU.jpg"}, "firstName": "Choon Heng", "lastName": "Lim"}}]}, {"reasons": {"items": [{"reasonName": "globalInteractionReason", "summary": "This spot is popular", "type": "general"}], "count": 0}, "venue": {"hereNow": {"groups": [], "summary": "Nobody here", "count": 0}, "contact": {"phone": "+6567546043", "formattedPhone": "+65 6754 6043"}, "photos": {"groups": [], "count": 0}, "rating": 6.2, "name": "McDonald's / McCafe", "ratingSignals": 85, "allowMenuUrlEdit": true, "categories": [{"pluralName": "Fast Food Restaurants", "id": "4bf58dd8d48988d16e941735", "primary": true, "icon": {"prefix": "https://ss3.4sqi.net/img/categories_v2/food/fastfood_", "suffix": ".png"}, "name": "Fast Food Restaurant", "shortName": "Fast Food"}], "stats": {"checkinsCount": 15730, "usersCount": 5991, "tipCount": 42}, "id": "4b124238f964a5205a8923e3", "beenHere": {"lastCheckinExpiredAt": 0, "count": 0, "marked": false}, "url": "http://www.mcdonalds.com.sg", "ratingColor": "FFC800", "location": {"lng": 103.83534496440986, "formattedAddress": ["#01-12/13, Northpoint Shopping Centre (930 Yishun Avenue 2)", "769098", "Singapore"], "postalCode": "769098", "lat": 1.4296636958260116, "crossStreet": "930 Yishun Avenue 2", "country": "Singapore", "distance": 45, "city": "Singapore", "cc": "SG", "address": "#01-12/13, Northpoint Shopping Centre", "labeledLatLngs": [{"lng": 103.83534496440986, "label": "display", "lat": 1.4296636958260116}]}, "hours": {"isLocalHoliday": false, "isOpen": true, "status": "Open"}, "verified": false, "price": {"tier": 1, "currency": "$", "message": "Cheap"}}, "referralId": "e-3-4b124238f964a5205a8923e3-12", "tips": [{"id": "4f0a3b3be4b0ca3a5e1fea58", "text": "before 9am breakfast 4 bucks with coffee refill free", "disagreeCount": 0, "logView": true, "createdAt": 1326070587, "likes": {"groups": [], "summary": "3 likes", "count": 3}, "todo": {"count": 0}, "agreeCount": 3, "canonicalUrl": "https://foursquare.com/item/4f0a3b3be4b0ca3a5e1fea58", "type": "user", "user": {"gender": "male", "id": "4421839", "photo": {"prefix": "https://igx.4sqi.net/img/user/", "suffix": "/CYWTYM3P0EA4V5C2.jpg"}, "firstName": "Mun Choon", "lastName": "Yuen"}}]}, {"reasons": {"items": [{"reasonName": "globalInteractionReason", "summary": "This spot is popular", "type": "general"}], "count": 0}, "venue": {"hereNow": {"groups": [], "summary": "Nobody here", "count": 0}, "contact": {}, "photos": {"groups": [], "count": 0}, "rating": 6.9, "name": "Hai Xian Zhu Zhou \u6d77\u9c9c\u716e\u7ca5", "ratingSignals": 8, "allowMenuUrlEdit": true, "categories": [{"pluralName": "Asian Restaurants", "id": "4bf58dd8d48988d142941735", "primary": true, "icon": {"prefix": "https://ss3.4sqi.net/img/categories_v2/food/asian_", "suffix": ".png"}, "name": "Asian Restaurant", "shortName": "Asian"}], "stats": {"checkinsCount": 809, "usersCount": 114, "tipCount": 4}, "id": "4cd5ef0b76ab721e7653706a", "beenHere": {"lastCheckinExpiredAt": 0, "count": 0, "marked": false}, "ratingColor": "FFC800", "location": {"formattedAddress": ["Blk 233 Yishun Ring Road", "760233", "Singapore"], "postalCode": "760233", "lat": 1.435274, "lng": 103.838165, "distance": 738, "country": "Singapore", "cc": "SG", "address": "Blk 233 Yishun Ring Road", "labeledLatLngs": [{"lng": 103.838165, "label": "display", "lat": 1.435274}]}, "hours": {"isLocalHoliday": false, "isOpen": false}, "verified": false, "price": {"tier": 2, "currency": "$", "message": "Moderate"}}, "referralId": "e-3-4cd5ef0b76ab721e7653706a-13", "tips": [{"id": "4fcb4cb1e4b035b337f7c173", "text": "Open from 6am-3pm daily. Wednesday closed.", "disagreeCount": 0, "createdAt": 1338723505, "logView": true, "todo": {"count": 0}, "agreeCount": 0, "canonicalUrl": "https://foursquare.com/item/4fcb4cb1e4b035b337f7c173", "type": "user", "user": {"gender": "female", "id": "4831377", "photo": {"prefix": "https://igx.4sqi.net/img/user/", "suffix": "/4831377-Z0SULWALJD1KYHSP.jpg"}, "firstName": "Andorra", "lastName": "Ooi"}}]}, {"reasons": {"items": [{"reasonName": "globalInteractionReason", "summary": "This spot is popular", "type": "general"}], "count": 0}, "venue": {"hereNow": {"groups": [], "summary": "Nobody here", "count": 0}, "contact": {"phone": "+6567550843", "formattedPhone": "+65 6755 0843"}, "photos": {"groups": [], "count": 0}, "rating": 6.2, "name": "PastaMania", "ratingSignals": 48, "allowMenuUrlEdit": true, "categories": [{"pluralName": "Italian Restaurants", "id": "4bf58dd8d48988d110941735", "primary": true, "icon": {"prefix": "https://ss3.4sqi.net/img/categories_v2/food/italian_", "suffix": ".png"}, "name": "Italian Restaurant", "shortName": "Italian"}], "stats": {"checkinsCount": 3867, "usersCount": 2350, "tipCount": 20}, "id": "4ca863fb14c33704fd72d33b", "beenHere": {"lastCheckinExpiredAt": 0, "count": 0, "marked": false}, "url": "http://www.pastamania.com.sg", "ratingColor": "FFC800", "location": {"lng": 103.83562235629563, "formattedAddress": ["#03-01/02, Northpoint Shopping Centre (930 Yishun Ave 2)", "769098", "Singapore"], "postalCode": "769098", "lat": 1.4293697890622152, "crossStreet": "930 Yishun Ave 2", "country": "Singapore", "distance": 69, "city": "Singapore", "cc": "SG", "address": "#03-01/02, Northpoint Shopping Centre", "labeledLatLngs": [{"lng": 103.83562235629563, "label": "display", "lat": 1.4293697890622152}]}, "hours": {"isLocalHoliday": false, "isOpen": true, "status": "Likely open"}, "verified": false, "price": {"tier": 2, "currency": "$", "message": "Moderate"}}, "referralId": "e-3-4ca863fb14c33704fd72d33b-14", "tips": [{"id": "4d1f176b2eb1f04d96c4e5c1", "text": "Meat lover!", "disagreeCount": 0, "createdAt": 1293883243, "logView": true, "todo": {"count": 1}, "agreeCount": 0, "canonicalUrl": "https://foursquare.com/item/4d1f176b2eb1f04d96c4e5c1", "type": "user", "user": {"gender": "male", "id": "1585821", "photo": {"prefix": "https://igx.4sqi.net/img/user/", "suffix": "/R2FHPJRZDYA4TVEH.jpg"}, "firstName": "Benny", "lastName": "Wang"}}]}, {"reasons": {"items": [{"reasonName": "globalInteractionReason", "summary": "This spot is popular", "type": "general"}], "count": 0}, "venue": {"contact": {}, "photos": {"groups": [], "count": 0}, "rating": 6.1, "name": "The French Table", "ratingSignals": 30, "allowMenuUrlEdit": true, "categories": [{"pluralName": "Bistros", "id": "52e81612bcbc57f1066b79f1", "primary": true, "icon": {"prefix": "https://ss3.4sqi.net/img/categories_v2/food/default_", "suffix": ".png"}, "name": "Bistro", "shortName": "Bistro"}], "stats": {"checkinsCount": 464, "usersCount": 298, "tipCount": 13}, "id": "5541e7ed498e34107a47524b", "beenHere": {"lastCheckinExpiredAt": 0, "count": 0, "marked": false}, "ratingColor": "FFC800", "location": {"lng": 103.83683949066254, "formattedAddress": ["#01-44 Northpoint Shopping Centre (930 Yishun Avenue 2)", "769098", "Singapore"], "postalCode": "769098", "lat": 1.4293846165326045, "crossStreet": "930 Yishun Avenue 2", "country": "Singapore", "distance": 204, "city": "Singapore", "cc": "SG", "address": "#01-44 Northpoint Shopping Centre", "labeledLatLngs": [{"lng": 103.83683949066254, "label": "display", "lat": 1.4293846165326045}]}, "hours": {"isLocalHoliday": false, "isOpen": true, "status": "Likely open"}, "verified": false, "hereNow": {"groups": [], "summary": "Nobody here", "count": 0}}, "referralId": "e-3-5541e7ed498e34107a47524b-15", "tips": [{"logView": true, "photo": {"id": "574fb6a9498ee997a0e3626f", "visibility": "public", "source": {"name": "Foursquare for iOS", "url": "https://foursquare.com/download/#/iphone"}, "suffix": "/3747038_uuEWfFCe2IF6KOHzlHCZxWLvAVy2q2W4RofWGHPmzYk.jpg", "createdAt": 1464841897, "prefix": "https://igx.4sqi.net/img/general/", "width": 1440, "height": 1920}, "createdAt": 1464841894, "agreeCount": 0, "id": "574fb6a638fa5cc0b2ca515e", "text": "Latest promo. $12.90 and it includes the drink, soup and dessert as well. Note that when you ask for a drink w/o ice, you get a 3/4 filled cup. Not a big deal, but doesn't look very good.", "type": "user", "disagreeCount": 0, "user": {"gender": "female", "id": "3747038", "photo": {"prefix": "https://igx.4sqi.net/img/user/", "suffix": "/3747038_reYjiJPg_hqomd7X6pB5m0Mmk55b_XoEREFsPzjEPFm2BCz--G4nwPqqNYdsbfvagQtUn-Tv-.jpg"}, "firstName": "Elise", "lastName": "\u2765"}, "canonicalUrl": "https://foursquare.com/item/574fb6a638fa5cc0b2ca515e", "todo": {"count": 0}, "photourl": "https://igx.4sqi.net/img/general/original/3747038_uuEWfFCe2IF6KOHzlHCZxWLvAVy2q2W4RofWGHPmzYk.jpg"}]}, {"reasons": {"items": [{"reasonName": "globalInteractionReason", "summary": "This spot is popular", "type": "general"}], "count": 0}, "venue": {"hereNow": {"groups": [], "summary": "Nobody here", "count": 0}, "contact": {}, "photos": {"groups": [], "count": 0}, "rating": 6.8, "name": "Hup Lee Fried Bee Hoon", "ratingSignals": 12, "allowMenuUrlEdit": true, "categories": [{"pluralName": "Asian Restaurants", "id": "4bf58dd8d48988d142941735", "primary": true, "icon": {"prefix": "https://ss3.4sqi.net/img/categories_v2/food/asian_", "suffix": ".png"}, "name": "Asian Restaurant", "shortName": "Asian"}], "stats": {"checkinsCount": 959, "usersCount": 362, "tipCount": 8}, "id": "4c1d9ef1fcf8c9b6552cac0b", "beenHere": {"lastCheckinExpiredAt": 0, "count": 0, "marked": false}, "ratingColor": "FFC800", "location": {"formattedAddress": ["103 Yishun Avenue 5. #01-03.", "760103", "Singapore"], "postalCode": "760103", "lat": 1.4303854227140493, "lng": 103.82821222510478, "country": "Singapore", "distance": 763, "city": "Singapore", "cc": "SG", "address": "103 Yishun Avenue 5. #01-03.", "labeledLatLngs": [{"lng": 103.82821222510478, "label": "display", "lat": 1.4303854227140493}]}, "hours": {"isLocalHoliday": false, "isOpen": true, "status": "Open"}, "verified": false, "price": {"tier": 2, "currency": "$", "message": "Moderate"}}, "referralId": "e-3-4c1d9ef1fcf8c9b6552cac0b-16", "tips": [{"id": "4e8efaf4f7900fe59466aed7", "text": "Standard drop & the food very oily.\ue421\ue421\ue421", "disagreeCount": 0, "logView": true, "createdAt": 1317993204, "likes": {"groups": [], "summary": "1 like", "count": 1}, "todo": {"count": 0}, "agreeCount": 0, "canonicalUrl": "https://foursquare.com/item/4e8efaf4f7900fe59466aed7", "type": "user", "user": {"id": "5504804", "photo": {"prefix": "https://igx.4sqi.net/img/user/", "suffix": "/NNIVTNK00E40KD54.jpg"}, "firstName": "Ken.L", "gender": "male"}}]}, {"reasons": {"items": [{"reasonName": "globalInteractionReason", "summary": "This spot is popular", "type": "general"}], "count": 0}, "venue": {"hereNow": {"groups": [], "summary": "Nobody here", "count": 0}, "contact": {}, "photos": {"groups": [], "count": 0}, "rating": 6.7, "name": "McDonald's", "ratingSignals": 22, "allowMenuUrlEdit": true, "categories": [{"pluralName": "Fast Food Restaurants", "id": "4bf58dd8d48988d16e941735", "primary": true, "icon": {"prefix": "https://ss3.4sqi.net/img/categories_v2/food/fastfood_", "suffix": ".png"}, "name": "Fast Food Restaurant", "shortName": "Fast Food"}], "stats": {"checkinsCount": 3555, "usersCount": 1244, "tipCount": 5}, "id": "4da5205b93a003e248d3a79b", "beenHere": {"lastCheckinExpiredAt": 0, "count": 0, "marked": false}, "ratingColor": "FFC800", "location": {"formattedAddress": ["293 Yishun St. 22 #01-237", "760293", "Singapore"], "postalCode": "760293", "lat": 1.4356929364067936, "lng": 103.83748485936158, "country": "Singapore", "distance": 748, "city": "Singapore", "cc": "SG", "address": "293 Yishun St. 22 #01-237", "labeledLatLngs": [{"lng": 103.83748485936158, "label": "display", "lat": 1.4356929364067936}]}, "hours": {"isLocalHoliday": false, "isOpen": true, "status": "Likely open"}, "verified": false, "price": {"tier": 1, "currency": "$", "message": "Cheap"}}, "referralId": "e-3-4da5205b93a003e248d3a79b-17", "tips": [{"id": "4c72f3508efc37044c5b147d", "text": "The McDonald opens at irregular timing in the morning on weekdays. Don't plan your breakfast at 6am. They might not be open for business yet!", "disagreeCount": 0, "logView": true, "createdAt": 1282601808, "likes": {"groups": [], "summary": "1 like", "count": 1}, "todo": {"count": 2}, "agreeCount": 1, "canonicalUrl": "https://foursquare.com/item/4c72f3508efc37044c5b147d", "type": "user", "user": {"gender": "male", "id": "1104945", "photo": {"prefix": "https://igx.4sqi.net/img/user/", "suffix": "/1GUBUXZGZHQSRFP4.jpg"}, "firstName": "Joel", "lastName": "Toh"}}]}, {"reasons": {"items": [{"reasonName": "globalInteractionReason", "summary": "This spot is popular", "type": "general"}], "count": 0}, "venue": {"hereNow": {"groups": [], "summary": "Nobody here", "count": 0}, "contact": {}, "photos": {"groups": [], "count": 0}, "rating": 6.0, "name": "Subway", "ratingSignals": 18, "allowMenuUrlEdit": true, "categories": [{"pluralName": "Sandwich Places", "id": "4bf58dd8d48988d1c5941735", "primary": true, "icon": {"prefix": "https://ss3.4sqi.net/img/categories_v2/food/deli_", "suffix": ".png"}, "name": "Sandwich Place", "shortName": "Sandwiches"}], "stats": {"checkinsCount": 1748, "usersCount": 897, "tipCount": 11}, "id": "4b288eaaf964a520ef9324e3", "beenHere": {"lastCheckinExpiredAt": 0, "count": 0, "marked": false}, "ratingColor": "FFC800", "location": {"lng": 103.83537326967833, "formattedAddress": ["#B2-15/16 Northpoint Shopping Centre (930 Yishun Avenue 2)", "Singapore"], "lat": 1.4289024963455321, "crossStreet": "930 Yishun Avenue 2", "country": "Singapore", "distance": 72, "city": "Singapore", "cc": "SG", "address": "#B2-15/16 Northpoint Shopping Centre", "labeledLatLngs": [{"lng": 103.83537326967833, "label": "display", "lat": 1.4289024963455321}]}, "hours": {"isLocalHoliday": false, "isOpen": true, "status": "Likely open"}, "verified": false, "price": {"tier": 1, "currency": "$", "message": "Cheap"}}, "referralId": "e-3-4b288eaaf964a520ef9324e3-18", "tips": [{"id": "4eb26679f790c3b5729e4232", "text": "SHIT SERVICE", "disagreeCount": 0, "logView": true, "createdAt": 1320314489, "likes": {"groups": [], "summary": "3 likes", "count": 3}, "todo": {"count": 0}, "agreeCount": 3, "canonicalUrl": "https://foursquare.com/item/4eb26679f790c3b5729e4232", "type": "user", "user": {"id": "396429", "photo": {"prefix": "https://igx.4sqi.net/img/user/", "suffix": "/R3D3CMQBKGGCFYED.png"}, "firstName": "nvendr", "gender": "none"}}]}, {"reasons": {"items": [{"reasonName": "globalInteractionReason", "summary": "This spot is popular", "type": "general"}], "count": 0}, "venue": {"contact": {}, "photos": {"groups": [], "count": 0}, "rating": 6.3, "name": "Yishun 761 U\u6765 Coffee Shop", "ratingSignals": 14, "allowMenuUrlEdit": true, "categories": [{"pluralName": "Food Courts", "id": "4bf58dd8d48988d120951735", "primary": true, "icon": {"prefix": "https://ss3.4sqi.net/img/categories_v2/shops/food_foodcourt_", "suffix": ".png"}, "name": "Food Court", "shortName": "Food Court"}], "stats": {"checkinsCount": 1370, "usersCount": 280, "tipCount": 12}, "id": "4d2bf9138292236a8eb538bb", "beenHere": {"lastCheckinExpiredAt": 0, "count": 0, "marked": false}, "ratingColor": "FFC800", "location": {"formattedAddress": ["Singapore"], "lat": 1.4258171354175682, "lng": 103.83312018878729, "distance": 454, "country": "Singapore", "cc": "SG", "labeledLatLngs": [{"lng": 103.83312018878729, "label": "display", "lat": 1.4258171354175682}]}, "hours": {"isLocalHoliday": false, "isOpen": true, "status": "Likely open"}, "verified": false, "hereNow": {"groups": [], "summary": "Nobody here", "count": 0}}, "referralId": "e-3-4d2bf9138292236a8eb538bb-19", "tips": [{"id": "4e55f000b0fbb294aaa2148f", "text": "Chicken rice here is cheap!", "disagreeCount": 0, "logView": true, "createdAt": 1314254848, "likes": {"groups": [], "summary": "4 likes", "count": 4}, "todo": {"count": 0}, "agreeCount": 3, "canonicalUrl": "https://foursquare.com/item/4e55f000b0fbb294aaa2148f", "type": "user", "user": {"gender": "female", "id": "6088021", "photo": {"prefix": "https://igx.4sqi.net/img/user/", "suffix": "/0DEXXKKVDLZBKQTR.jpg"}, "firstName": "Joanna", "lastName": "Zuer"}}]}, {"reasons": {"items": [{"reasonName": "globalInteractionReason", "summary": "This spot is popular", "type": "general"}], "count": 0}, "venue": {"contact": {}, "photos": {"groups": [], "count": 0}, "rating": 5.9, "name": "Hiap Hoe Eating House", "ratingSignals": 24, "allowMenuUrlEdit": true, "categories": [{"pluralName": "Food Courts", "id": "4bf58dd8d48988d120951735", "primary": true, "icon": {"prefix": "https://ss3.4sqi.net/img/categories_v2/shops/food_foodcourt_", "suffix": ".png"}, "name": "Food Court", "shortName": "Food Court"}], "stats": {"checkinsCount": 2403, "usersCount": 614, "tipCount": 18}, "id": "4bee8012d355a593dfef0a60", "beenHere": {"lastCheckinExpiredAt": 0, "count": 0, "marked": false}, "ratingColor": "FF9600", "location": {"formattedAddress": ["747 Yishun St 72", "760747", "Singapore"], "postalCode": "760747", "lat": 1.4283871983320333, "lng": 103.83321076418135, "country": "Singapore", "distance": 231, "city": "Singapore", "cc": "SG", "address": "747 Yishun St 72", "labeledLatLngs": [{"lng": 103.83321076418135, "label": "display", "lat": 1.4283871983320333}]}, "verified": false, "hereNow": {"groups": [], "summary": "Nobody here", "count": 0}}, "referralId": "e-3-4bee8012d355a593dfef0a60-20", "tips": [{"id": "523024fe11d296a91ede2c94", "text": "Chicken chop portion ain't big but quite yummy.", "disagreeCount": 0, "createdAt": 1378886910, "logView": true, "todo": {"count": 0}, "agreeCount": 0, "canonicalUrl": "https://foursquare.com/item/523024fe11d296a91ede2c94", "type": "user", "user": {"id": "1222769", "photo": {"prefix": "https://igx.4sqi.net/img/user/", "suffix": "/O0MPHMF2RMHD03MD.jpg"}, "firstName": "Alicia", "gender": "female"}}]}, {"reasons": {"items": [{"reasonName": "globalInteractionReason", "summary": "This spot is popular", "type": "general"}], "count": 0}, "venue": {"contact": {"phone": "+6567546889", "formattedPhone": "+65 6754 6889"}, "photos": {"groups": [], "count": 0}, "rating": 6.3, "name": "123 Eating House", "ratingSignals": 20, "allowMenuUrlEdit": true, "categories": [{"pluralName": "Food Courts", "id": "4bf58dd8d48988d120951735", "primary": true, "icon": {"prefix": "https://ss3.4sqi.net/img/categories_v2/shops/food_foodcourt_", "suffix": ".png"}, "name": "Food Court", "shortName": "Food Court"}], "stats": {"checkinsCount": 1193, "usersCount": 475, "tipCount": 16}, "id": "4bbe9cd9ba9776b0110ffec8", "beenHere": {"lastCheckinExpiredAt": 0, "count": 0, "marked": false}, "ratingColor": "FFC800", "location": {"formattedAddress": ["123 Yishun St 11 #01-509", "760123", "Singapore"], "postalCode": "760123", "lat": 1.434288840333203, "lng": 103.83205593243936, "country": "Singapore", "distance": 631, "city": "Singapore", "cc": "SG", "address": "123 Yishun St 11 #01-509", "labeledLatLngs": [{"lng": 103.83205593243936, "label": "display", "lat": 1.434288840333203}]}, "hours": {"isLocalHoliday": false, "isOpen": true, "status": "Open until Midnight"}, "verified": false, "hereNow": {"groups": [], "summary": "Nobody here", "count": 0}}, "referralId": "e-3-4bbe9cd9ba9776b0110ffec8-21", "tips": [{"id": "4cd4c5d876ab721ec367696a", "text": "Kway Chap here... Must try!", "disagreeCount": 0, "logView": true, "createdAt": 1289012696, "likes": {"groups": [], "summary": "15 likes", "count": 15}, "todo": {"count": 3}, "agreeCount": 3, "canonicalUrl": "https://foursquare.com/item/4cd4c5d876ab721ec367696a", "type": "user", "user": {"gender": "male", "id": "3999170", "photo": {"prefix": "https://igx.4sqi.net/img/user/", "suffix": "/PCWKX53FDPVIPUF3.jpg"}, "firstName": "Thomas", "lastName": "Lim Wei Chiang"}}]}, {"reasons": {"items": [{"reasonName": "globalInteractionReason", "summary": "This spot is popular", "type": "general"}], "count": 0}, "venue": {"hereNow": {"groups": [], "summary": "Nobody here", "count": 0}, "contact": {}, "photos": {"groups": [], "count": 0}, "rating": 6.5, "name": "Bei Sheng Seafood", "ratingSignals": 24, "allowMenuUrlEdit": true, "categories": [{"pluralName": "Thai Restaurants", "id": "4bf58dd8d48988d149941735", "primary": true, "icon": {"prefix": "https://ss3.4sqi.net/img/categories_v2/food/thai_", "suffix": ".png"}, "name": "Thai Restaurant", "shortName": "Thai"}], "stats": {"checkinsCount": 1330, "usersCount": 916, "tipCount": 17}, "id": "4bdbb36863c5c9b679642968", "beenHere": {"lastCheckinExpiredAt": 0, "count": 0, "marked": false}, "ratingColor": "FFC800", "location": {"formattedAddress": ["701A Yishun Avenue 5 #01-01", "761701", "Singapore"], "postalCode": "761701", "lat": 1.4301866289268304, "lng": 103.82790654466486, "country": "Singapore", "distance": 794, "city": "Yishun New Town", "cc": "SG", "address": "701A Yishun Avenue 5 #01-01", "labeledLatLngs": [{"lng": 103.82790654466486, "label": "display", "lat": 1.4301866289268304}]}, "hours": {"isLocalHoliday": false, "isOpen": true, "status": "Likely open"}, "verified": false, "price": {"tier": 2, "currency": "$", "message": "Moderate"}}, "referralId": "e-3-4bdbb36863c5c9b679642968-22", "tips": [{"id": "4cb1b57ceb65b1f763ab76cd", "text": "fried squid is yummy :)", "disagreeCount": 0, "logView": true, "createdAt": 1286714748, "likes": {"groups": [], "summary": "8 likes", "count": 8}, "todo": {"count": 1}, "agreeCount": 0, "canonicalUrl": "https://foursquare.com/item/4cb1b57ceb65b1f763ab76cd", "type": "user", "user": {"gender": "none", "id": "951859", "photo": {"prefix": "https://igx.4sqi.net/img/user/", "suffix": "/951859-2HGWECJOFTRI0JYS.jpg"}, "firstName": "Felicia", "lastName": "Heng"}}]}, {"reasons": {"items": [{"reasonName": "globalInteractionReason", "summary": "This spot is popular", "type": "general"}], "count": 0}, "venue": {"hereNow": {"groups": [], "summary": "Nobody here", "count": 0}, "contact": {"phone": "+6562571080", "formattedPhone": "+65 6257 1080"}, "photos": {"groups": [], "count": 0}, "rating": 6.4, "name": "Bluestar Islamic Banana Leaf Restaurant", "ratingSignals": 31, "allowMenuUrlEdit": true, "categories": [{"pluralName": "Indian Restaurants", "id": "4bf58dd8d48988d10f941735", "primary": true, "icon": {"prefix": "https://ss3.4sqi.net/img/categories_v2/food/indian_", "suffix": ".png"}, "name": "Indian Restaurant", "shortName": "Indian"}], "stats": {"checkinsCount": 2953, "usersCount": 920, "tipCount": 15}, "id": "4c18d9ed834e2d7fd06b2980", "beenHere": {"lastCheckinExpiredAt": 0, "count": 0, "marked": false}, "ratingColor": "FFC800", "location": {"formattedAddress": ["102 Yishun Ave 5, #01-127", "760102", "Singapore"], "postalCode": "760102", "lat": 1.4302695210920933, "lng": 103.82879528415222, "country": "Singapore", "distance": 697, "city": "Singapore", "cc": "SG", "address": "102 Yishun Ave 5, #01-127", "labeledLatLngs": [{"lng": 103.82879528415222, "label": "display", "lat": 1.4302695210920933}]}, "hours": {"isLocalHoliday": false, "isOpen": true, "status": "Likely open"}, "verified": false, "price": {"tier": 2, "currency": "$", "message": "Moderate"}}, "referralId": "e-3-4c18d9ed834e2d7fd06b2980-23", "tips": [{"id": "52f799f711d262c1858cd15d", "text": "Maggi goreng & nescafe ice is nice! :)", "disagreeCount": 0, "logView": true, "createdAt": 1391958519, "likes": {"groups": [], "summary": "2 likes", "count": 2}, "todo": {"count": 1}, "agreeCount": 2, "canonicalUrl": "https://foursquare.com/item/52f799f711d262c1858cd15d", "type": "user", "user": {"gender": "male", "id": "60959856", "photo": {"prefix": "https://igx.4sqi.net/img/user/", "suffix": "/60959856_Fw6oFgys_P0zL0O8fvpXavmXJQf8DBcDoe_H8hh0DMxagk9qLsYKatg6yZJRrBOZ8NphlBeCc.jpg"}, "firstName": "Terry", "lastName": "Tan"}}]}, {"reasons": {"items": [{"reasonName": "globalInteractionReason", "summary": "This spot is popular", "type": "general"}], "count": 0}, "venue": {"hereNow": {"groups": [], "summary": "Nobody here", "count": 0}, "contact": {}, "photos": {"groups": [], "count": 0}, "rating": 6.4, "name": "Best Cafe", "ratingSignals": 29, "allowMenuUrlEdit": true, "categories": [{"pluralName": "Caf\u00e9s", "id": "4bf58dd8d48988d16d941735", "primary": true, "icon": {"prefix": "https://ss3.4sqi.net/img/categories_v2/food/cafe_", "suffix": ".png"}, "name": "Caf\u00e9", "shortName": "Caf\u00e9"}], "stats": {"checkinsCount": 1953, "usersCount": 669, "tipCount": 17}, "id": "4bd24e3c046076b0aecd7371", "beenHere": {"lastCheckinExpiredAt": 0, "count": 0, "marked": false}, "ratingColor": "FFC800", "location": {"formattedAddress": ["290 Yishun St. 22", "760290", "Singapore"], "postalCode": "760290", "lat": 1.4358983723465373, "lng": 103.83631866903863, "country": "Singapore", "distance": 733, "city": "Singapore", "cc": "SG", "address": "290 Yishun St. 22", "labeledLatLngs": [{"lng": 103.83631866903863, "label": "display", "lat": 1.4358983723465373}]}, "hours": {"isLocalHoliday": false, "isOpen": true, "status": "Likely open"}, "verified": false, "price": {"tier": 1, "currency": "$", "message": "Cheap"}}, "referralId": "e-3-4bd24e3c046076b0aecd7371-24", "tips": [{"id": "4cd0e7226200b1f76623d728", "text": "Try Yong Tao Fu", "disagreeCount": 0, "logView": true, "createdAt": 1288759074, "likes": {"groups": [], "summary": "2 likes", "count": 2}, "todo": {"count": 0}, "agreeCount": 0, "canonicalUrl": "https://foursquare.com/item/4cd0e7226200b1f76623d728", "type": "user", "user": {"gender": "male", "id": "4249153", "photo": {"prefix": "https://igx.4sqi.net/img/user/", "suffix": "/I0AT2OYPAPYSCTNT.jpg"}, "firstName": "Jason", "lastName": "Pang"}}]}, {"reasons": {"items": [{"reasonName": "globalInteractionReason", "summary": "This spot is popular", "type": "general"}], "count": 0}, "venue": {"hereNow": {"groups": [], "summary": "Nobody here", "count": 0}, "contact": {"phone": "+6564494179", "formattedPhone": "+65 6449 4179"}, "photos": {"groups": [], "count": 0}, "rating": 6.2, "name": "McDonald's", "ratingSignals": 38, "allowMenuUrlEdit": true, "categories": [{"pluralName": "Fast Food Restaurants", "id": "4bf58dd8d48988d16e941735", "primary": true, "icon": {"prefix": "https://ss3.4sqi.net/img/categories_v2/food/fastfood_", "suffix": ".png"}, "name": "Fast Food Restaurant", "shortName": "Fast Food"}], "stats": {"checkinsCount": 5142, "usersCount": 1953, "tipCount": 17}, "id": "4bb787843db7b713ff1a209a", "beenHere": {"lastCheckinExpiredAt": 0, "count": 0, "marked": false}, "url": "http://www.mcdonalds.com.sg", "ratingColor": "FFC800", "location": {"lng": 103.82918021771367, "formattedAddress": ["#01-01, Chong Pang Community Club (21 Yishun Ring Rd)", "768677", "Singapore"], "postalCode": "768677", "lat": 1.4303645055927614, "crossStreet": "21 Yishun Ring Rd", "country": "Singapore", "distance": 656, "city": "Singapore", "cc": "SG", "address": "#01-01, Chong Pang Community Club", "labeledLatLngs": [{"lng": 103.82918021771367, "label": "display", "lat": 1.4303645055927614}]}, "hours": {"isLocalHoliday": false, "isOpen": true, "status": "Likely open"}, "verified": false, "price": {"tier": 1, "currency": "$", "message": "Cheap"}}, "referralId": "e-3-4bb787843db7b713ff1a209a-25", "tips": [{"id": "4db961386a2334682da661a9", "text": "Beware of the durian store in between 2 coffee shop they might give you those opened n unwanted durian to you! Open ur eyes big they might take from the basket beside them n their service not friendly", "disagreeCount": 0, "logView": true, "createdAt": 1303994680, "likes": {"groups": [], "summary": "20 likes", "count": 20}, "todo": {"count": 15}, "agreeCount": 20, "canonicalUrl": "https://foursquare.com/item/4db961386a2334682da661a9", "type": "user", "user": {"id": "3924222", "photo": {"prefix": "https://igx.4sqi.net/img/user/", "suffix": "/S55XLNKEDZTMKAOE.gif"}, "firstName": "Angel", "gender": "female"}}]}, {"reasons": {"items": [{"reasonName": "globalInteractionReason", "summary": "This spot is popular", "type": "general"}], "count": 0}, "venue": {"hereNow": {"groups": [], "summary": "Nobody here", "count": 0}, "contact": {"phone": "+6562575339", "formattedPhone": "+65 6257 5339"}, "photos": {"groups": [], "count": 0}, "rating": 5.7, "name": "Seoul Garden", "ratingSignals": 22, "allowMenuUrlEdit": true, "categories": [{"pluralName": "Korean Restaurants", "id": "4bf58dd8d48988d113941735", "primary": true, "icon": {"prefix": "https://ss3.4sqi.net/img/categories_v2/food/korean_", "suffix": ".png"}, "name": "Korean Restaurant", "shortName": "Korean"}], "stats": {"checkinsCount": 1427, "usersCount": 1131, "tipCount": 5}, "id": "4ef410466d86fae83523b479", "beenHere": {"lastCheckinExpiredAt": 0, "count": 0, "marked": false}, "ratingColor": "FF9600", "location": {"lng": 103.83578896522522, "formattedAddress": ["#03-03/05, Northpoint Shopping Centre (930 Yishun Ave 2)", "769098", "Singapore"], "postalCode": "769098", "lat": 1.4292545764668996, "crossStreet": "930 Yishun Ave 2", "country": "Singapore", "distance": 89, "city": "Singapore", "cc": "SG", "address": "#03-03/05, Northpoint Shopping Centre", "labeledLatLngs": [{"lng": 103.83578896522522, "label": "display", "lat": 1.4292545764668996}]}, "hours": {"isLocalHoliday": false, "isOpen": true, "status": "Likely open"}, "verified": false, "price": {"tier": 2, "currency": "$", "message": "Moderate"}}, "referralId": "e-3-4ef410466d86fae83523b479-26", "tips": [{"id": "4f560ea9e4b03c26b4c19004", "text": "I hate to say this but the food sux!!!!", "disagreeCount": 0, "logView": true, "createdAt": 1331039913, "likes": {"groups": [], "summary": "1 like", "count": 1}, "todo": {"count": 0}, "agreeCount": 1, "canonicalUrl": "https://foursquare.com/item/4f560ea9e4b03c26b4c19004", "type": "user", "user": {"gender": "male", "id": "11441544", "photo": {"prefix": "https://igx.4sqi.net/img/user/", "suffix": "/J50OWV3G0MHTPCTO.jpg"}, "firstName": "Carlson", "lastName": "Kj"}}]}, {"reasons": {"items": [{"reasonName": "globalInteractionReason", "summary": "This spot is popular", "type": "general"}], "count": 0}, "venue": {"hereNow": {"groups": [], "summary": "Nobody here", "count": 0}, "contact": {"facebook": "357524728809", "facebookUsername": "LongJohnSilvers.Sg", "facebookName": "Long John Silver's Singapore", "phone": "+6567547710", "formattedPhone": "+65 6754 7710"}, "photos": {"groups": [], "count": 0}, "rating": 5.6, "name": "Long John Silver's", "ratingSignals": 28, "allowMenuUrlEdit": true, "categories": [{"pluralName": "Fast Food Restaurants", "id": "4bf58dd8d48988d16e941735", "primary": true, "icon": {"prefix": "https://ss3.4sqi.net/img/categories_v2/food/fastfood_", "suffix": ".png"}, "name": "Fast Food Restaurant", "shortName": "Fast Food"}], "stats": {"checkinsCount": 3510, "usersCount": 2139, "tipCount": 11}, "id": "4b496eedf964a520bc6f26e3", "beenHere": {"lastCheckinExpiredAt": 0, "count": 0, "marked": false}, "url": "http://www.longjohnsilvers.com.sg", "ratingColor": "FF9600", "location": {"lng": 103.8356602191925, "formattedAddress": ["#01-14/15, Northpoint Shopping Centre (930 Yishun Ave 2)", "769098", "Singapore"], "postalCode": "769098", "lat": 1.4301233416530241, "crossStreet": "930 Yishun Ave 2", "country": "Singapore", "distance": 105, "city": "Singapore", "cc": "SG", "address": "#01-14/15, Northpoint Shopping Centre", "labeledLatLngs": [{"lng": 103.8356602191925, "label": "display", "lat": 1.4301233416530241}]}, "hours": {"isLocalHoliday": false, "isOpen": true, "status": "Open until 10:00 PM"}, "verified": false, "price": {"tier": 1, "currency": "$", "message": "Cheap"}}, "referralId": "e-3-4b496eedf964a520bc6f26e3-27", "tips": [{"id": "4fddd7bce4b0b4dd2972769c", "text": "Love the Salmon!", "disagreeCount": 0, "logView": true, "createdAt": 1339938748, "likes": {"groups": [], "summary": "2 likes", "count": 2}, "todo": {"count": 0}, "agreeCount": 2, "canonicalUrl": "https://foursquare.com/item/4fddd7bce4b0b4dd2972769c", "type": "user", "user": {"id": "3687838", "photo": {"prefix": "https://igx.4sqi.net/img/user/", "suffix": "/4VSR1WWWZKNSUM2Q.jpg"}, "firstName": "Khairuddin", "gender": "male"}}]}, {"reasons": {"items": [{"reasonName": "globalInteractionReason", "summary": "This spot is popular", "type": "general"}], "count": 0}, "venue": {"contact": {}, "photos": {"groups": [], "count": 0}, "rating": 5.7, "name": "Yishun 81 Food Court", "ratingSignals": 150, "allowMenuUrlEdit": true, "categories": [{"pluralName": "Food Courts", "id": "4bf58dd8d48988d120951735", "primary": true, "icon": {"prefix": "https://ss3.4sqi.net/img/categories_v2/shops/food_foodcourt_", "suffix": ".png"}, "name": "Food Court", "shortName": "Food Court"}], "stats": {"checkinsCount": 13912, "usersCount": 4563, "tipCount": 128}, "id": "4ccfef693e63721efbcc9acc", "beenHere": {"lastCheckinExpiredAt": 0, "count": 0, "marked": false}, "ratingColor": "FF9600", "location": {"formattedAddress": ["925 Yishun Central 1", "760925", "Singapore"], "postalCode": "760925", "lat": 1.428293677254937, "lng": 103.83757543767025, "country": "Singapore", "distance": 313, "city": "Singapore", "cc": "SG", "address": "925 Yishun Central 1", "labeledLatLngs": [{"lng": 103.83757543767025, "label": "display", "lat": 1.428293677254937}]}, "hours": {"isLocalHoliday": false, "isOpen": true, "status": "Likely open"}, "verified": false, "hereNow": {"groups": [], "summary": "Nobody here", "count": 0}}, "referralId": "e-3-4ccfef693e63721efbcc9acc-28", "tips": [{"id": "4ce3b47cb8df5481cea1af9b", "text": "Must try the chicken rice! Best!", "disagreeCount": 0, "logView": true, "createdAt": 1289991292, "likes": {"groups": [], "summary": "37 likes", "count": 37}, "todo": {"count": 1}, "agreeCount": 2, "canonicalUrl": "https://foursquare.com/item/4ce3b47cb8df5481cea1af9b", "type": "user", "user": {"gender": "female", "id": "2576175", "photo": {"prefix": "https://igx.4sqi.net/img/user/", "suffix": "/2576175-A0VIFUEZ1MCND4WE.jpg"}, "firstName": "Jingru", "lastName": "Tan"}}]}, {"reasons": {"items": [{"reasonName": "globalInteractionReason", "summary": "This spot is popular", "type": "general"}], "count": 0}, "venue": {"hereNow": {"groups": [], "summary": "Nobody here", "count": 0}, "contact": {"twitter": "pinsikitchen"}, "photos": {"groups": [], "count": 0}, "rating": 6.2, "name": "\u54c1\u98df\u4e4b\u5bb6 Pin Si Restaurant", "ratingSignals": 24, "allowMenuUrlEdit": true, "categories": [{"pluralName": "Asian Restaurants", "id": "4bf58dd8d48988d142941735", "primary": true, "icon": {"prefix": "https://ss3.4sqi.net/img/categories_v2/food/asian_", "suffix": ".png"}, "name": "Asian Restaurant", "shortName": "Asian"}], "stats": {"checkinsCount": 1130, "usersCount": 803, "tipCount": 10}, "id": "4d3192168250f04df3c9eae0", "beenHere": {"lastCheckinExpiredAt": 0, "count": 0, "marked": false}, "ratingColor": "FFC800", "location": {"formattedAddress": ["60 Yishun Avenue 4 #02-01", "769027", "Singapore"], "postalCode": "769027", "lat": 1.4247564183114059, "lng": 103.8401456223774, "country": "Singapore", "distance": 774, "city": "Singapore", "cc": "SG", "address": "60 Yishun Avenue 4 #02-01", "labeledLatLngs": [{"lng": 103.8401456223774, "label": "display", "lat": 1.4247564183114059}]}, "hours": {"isLocalHoliday": false, "isOpen": true, "status": "Likely open"}, "verified": false, "price": {"tier": 2, "currency": "$", "message": "Moderate"}}, "referralId": "e-3-4d3192168250f04df3c9eae0-29", "tips": [{"id": "4e19f961b61c8f9ada5ae94c", "text": "I like the stage - dinner place ..it's like a mini r", "disagreeCount": 0, "logView": true, "createdAt": 1310325089, "likes": {"groups": [], "summary": "2 likes", "count": 2}, "todo": {"count": 1}, "agreeCount": 0, "canonicalUrl": "https://foursquare.com/item/4e19f961b61c8f9ada5ae94c", "type": "user", "user": {"gender": "female", "id": "3622219", "photo": {"prefix": "https://igx.4sqi.net/img/user/", "suffix": "/3622219_BTK3Ytry_GjX1VbAAGrSs8lUFx_fcF1kGq6IHmoUAmHbY_B7Lr3g6fjSxoTDZgPCdME1IGLj-.jpg"}, "firstName": "\ud83d\udc8bJuWieZy\u2122", "lastName": "VoGueZ \ud83c\udf78"}}]}, {"reasons": {"items": [{"reasonName": "globalInteractionReason", "summary": "This spot is popular", "type": "general"}], "count": 0}, "venue": {"hereNow": {"groups": [], "summary": "Nobody here", "count": 0}, "contact": {}, "photos": {"groups": [], "count": 0}, "rating": 6.1, "name": "Subway", "ratingSignals": 12, "allowMenuUrlEdit": true, "categories": [{"pluralName": "Sandwich Places", "id": "4bf58dd8d48988d1c5941735", "primary": true, "icon": {"prefix": "https://ss3.4sqi.net/img/categories_v2/food/deli_", "suffix": ".png"}, "name": "Sandwich Place", "shortName": "Sandwiches"}], "stats": {"checkinsCount": 1109, "usersCount": 581, "tipCount": 8}, "id": "4d0af1c1109d6dcb6f628c8d", "beenHere": {"lastCheckinExpiredAt": 0, "count": 0, "marked": false}, "ratingColor": "FFC800", "location": {"formattedAddress": ["#01-01/02 Khoo Teck Puat Hospital (KTPH)", "768828", "Singapore"], "postalCode": "768828", "lat": 1.4242482787939712, "lng": 103.83844725698319, "country": "Singapore", "distance": 693, "city": "Singapore", "cc": "SG", "address": "#01-01/02 Khoo Teck Puat Hospital (KTPH)", "labeledLatLngs": [{"lng": 103.83844725698319, "label": "display", "lat": 1.4242482787939712}]}, "hours": {"isLocalHoliday": false, "isOpen": true, "status": "Likely open"}, "verified": false, "price": {"tier": 1, "currency": "$", "message": "Cheap"}}, "referralId": "e-3-4d0af1c1109d6dcb6f628c8d-30", "tips": [{"id": "51cd17cc498e229fcd04484a", "text": "Get a table by the glass window on the cozy chair with the very affordable chewy biscuits and free-flow drink with old songs blasting in the entire room.  Calm and soothing ambience. Love the place!", "disagreeCount": 0, "createdAt": 1372395468, "logView": true, "todo": {"count": 1}, "agreeCount": 0, "canonicalUrl": "https://foursquare.com/item/51cd17cc498e229fcd04484a", "type": "user", "user": {"id": "46715529", "photo": {"prefix": "https://igx.4sqi.net/img/user/", "default": true, "suffix": "/blank_girl.png"}, "firstName": "Noor Arfa", "gender": "female"}}]}, {"reasons": {"items": [{"reasonName": "globalInteractionReason", "summary": "This spot is popular", "type": "general"}], "count": 0}, "venue": {"hereNow": {"groups": [], "summary": "Nobody here", "count": 0}, "contact": {"phone": "+6564825465", "formattedPhone": "+65 6482 5465"}, "photos": {"groups": [], "count": 0}, "name": "Old Chang Kee", "allowMenuUrlEdit": true, "beenHere": {"lastCheckinExpiredAt": 0, "count": 0, "marked": false}, "stats": {"checkinsCount": 610, "usersCount": 280, "tipCount": 1}, "id": "4bac70bef964a52034f53ae3", "categories": [{"pluralName": "Snack Places", "id": "4bf58dd8d48988d1c7941735", "primary": true, "icon": {"prefix": "https://ss3.4sqi.net/img/categories_v2/food/snacks_", "suffix": ".png"}, "name": "Snack Place", "shortName": "Snacks"}], "location": {"lng": 103.83557140672306, "formattedAddress": ["Northpoint Shopping Centre #01-01 (930 Yishun Ave 2)", "769098", "Singapore"], "postalCode": "769098", "lat": 1.4290307546865229, "crossStreet": "930 Yishun Ave 2", "country": "Singapore", "distance": 77, "city": "Singapore", "cc": "SG", "address": "Northpoint Shopping Centre #01-01", "labeledLatLngs": [{"lng": 103.83557140672306, "label": "display", "lat": 1.4290307546865229}]}, "hours": {"isLocalHoliday": false, "isOpen": true, "status": "Likely open"}, "verified": false, "price": {"tier": 1, "currency": "$", "message": "Cheap"}}, "referralId": "e-3-4bac70bef964a52034f53ae3-31", "tips": [{"id": "4c5224a79d642d7ff49fb6de", "text": "Must try curry puff!", "disagreeCount": 0, "createdAt": 1280451751, "logView": true, "todo": {"count": 1}, "agreeCount": 0, "canonicalUrl": "https://foursquare.com/item/4c5224a79d642d7ff49fb6de", "type": "user", "user": {"gender": "male", "id": "2204410", "photo": {"prefix": "https://igx.4sqi.net/img/user/", "suffix": "/2EXANA2P0MMKRZZW.jpg"}, "firstName": "KeLer", "lastName": "Lee"}}]}, {"reasons": {"items": [{"reasonName": "globalInteractionReason", "summary": "This spot is popular", "type": "general"}], "count": 0}, "venue": {"hereNow": {"groups": [], "summary": "Nobody here", "count": 0}, "contact": {}, "photos": {"groups": [], "count": 0}, "name": "Ishi Mura's Northpoint", "allowMenuUrlEdit": true, "beenHere": {"lastCheckinExpiredAt": 0, "count": 0, "marked": false}, "stats": {"checkinsCount": 79, "usersCount": 66, "tipCount": 1}, "id": "4bbd751907809521d6aada91", "categories": [{"pluralName": "Japanese Restaurants", "id": "4bf58dd8d48988d111941735", "primary": true, "icon": {"prefix": "https://ss3.4sqi.net/img/categories_v2/food/japanese_", "suffix": ".png"}, "name": "Japanese Restaurant", "shortName": "Japanese"}], "location": {"formattedAddress": ["Northpoint", "Singapore"], "lat": 1.4293832824411465, "lng": 103.8358211517334, "country": "Singapore", "distance": 91, "city": "Singapore", "cc": "SG", "address": "Northpoint", "labeledLatLngs": [{"lng": 103.8358211517334, "label": "display", "lat": 1.4293832824411465}]}, "verified": false, "price": {"tier": 2, "currency": "$", "message": "Moderate"}}, "referralId": "e-3-4bbd751907809521d6aada91-32", "tips": [{"id": "4bd9669b70c603bbaba299b4", "text": "Great sushi!", "disagreeCount": 0, "logView": true, "createdAt": 1272538779, "likes": {"groups": [], "summary": "2 likes", "count": 2}, "todo": {"count": 0}, "agreeCount": 0, "canonicalUrl": "https://foursquare.com/item/4bd9669b70c603bbaba299b4", "type": "user", "user": {"gender": "male", "id": "1063341", "photo": {"prefix": "https://igx.4sqi.net/img/user/", "suffix": "/V4MJLL4L40SSIJJ4.jpg"}, "firstName": "Eddie", "lastName": "Lacsa"}}]}, {"reasons": {"items": [{"reasonName": "globalInteractionReason", "summary": "This spot is popular", "type": "general"}], "count": 0}, "venue": {"hereNow": {"groups": [], "summary": "Nobody here", "count": 0}, "contact": {}, "photos": {"groups": [], "count": 0}, "name": "The Food Mall", "allowMenuUrlEdit": true, "beenHere": {"lastCheckinExpiredAt": 0, "count": 0, "marked": false}, "stats": {"checkinsCount": 37, "usersCount": 32, "tipCount": 1}, "id": "4ce4c49bf5f9236a227b8761", "categories": [{"pluralName": "Asian Restaurants", "id": "4bf58dd8d48988d142941735", "primary": true, "icon": {"prefix": "https://ss3.4sqi.net/img/categories_v2/food/asian_", "suffix": ".png"}, "name": "Asian Restaurant", "shortName": "Asian"}], "location": {"formattedAddress": ["Northpoint Shopping Centre", "Singapore"], "lat": 1.4295429702613935, "lng": 103.83556008459843, "country": "Singapore", "distance": 62, "city": "Singapore", "cc": "SG", "address": "Northpoint Shopping Centre", "labeledLatLngs": [{"lng": 103.83556008459843, "label": "display", "lat": 1.4295429702613935}]}, "verified": false, "price": {"tier": 2, "currency": "$", "message": "Moderate"}}, "referralId": "e-3-4ce4c49bf5f9236a227b8761-33", "tips": [{"id": "4d8dd882c1b1721e72512146", "text": "freak hard to find seat!", "disagreeCount": 0, "createdAt": 1301141634, "logView": true, "todo": {"count": 0}, "agreeCount": 0, "canonicalUrl": "https://foursquare.com/item/4d8dd882c1b1721e72512146", "type": "user", "user": {"gender": "male", "id": "5263168", "photo": {"prefix": "https://igx.4sqi.net/img/user/", "suffix": "/DM1CSXEHMIRHEVSQ.jpg"}, "firstName": "Tu", "lastName": "Nguyen"}}]}, {"reasons": {"items": [{"reasonName": "globalInteractionReason", "summary": "This spot is popular", "type": "general"}], "count": 0}, "venue": {"hereNow": {"groups": [], "summary": "Nobody here", "count": 0}, "contact": {"phone": "+6564817951", "formattedPhone": "+65 6481 7951"}, "photos": {"groups": [], "count": 0}, "name": "GioGio Sausages", "allowMenuUrlEdit": true, "beenHere": {"lastCheckinExpiredAt": 0, "count": 0, "marked": false}, "stats": {"checkinsCount": 135, "usersCount": 51, "tipCount": 5}, "id": "4bfa46675317a5930e6b027f", "categories": [{"pluralName": "Food Trucks", "id": "4bf58dd8d48988d1cb941735", "primary": true, "icon": {"prefix": "https://ss3.4sqi.net/img/categories_v2/food/streetfood_", "suffix": ".png"}, "name": "Food Truck", "shortName": "Food Truck"}], "location": {"formattedAddress": ["B1, Northpoint Shopping Centre", "769098", "Singapore"], "postalCode": "769098", "lat": 1.4294222452611922, "lng": 103.83575256084579, "country": "Singapore", "distance": 83, "city": "Singapore", "cc": "SG", "address": "B1, Northpoint Shopping Centre", "labeledLatLngs": [{"lng": 103.83575256084579, "label": "display", "lat": 1.4294222452611922}]}, "verified": false, "price": {"tier": 1, "currency": "$", "message": "Cheap"}}, "referralId": "e-3-4bfa46675317a5930e6b027f-34", "tips": [{"id": "4dfc654aaeb7594e861fed4c", "text": "Go for Giogio Full House! 18pcs chicken sausage balls for only $6.50", "disagreeCount": 0, "logView": true, "createdAt": 1308386634, "likes": {"groups": [], "summary": "4 likes", "count": 4}, "todo": {"count": 0}, "agreeCount": 1, "canonicalUrl": "https://foursquare.com/item/4dfc654aaeb7594e861fed4c", "type": "user", "user": {"gender": "male", "id": "1516814", "photo": {"prefix": "https://igx.4sqi.net/img/user/", "suffix": "/-CFMLQY351R4PSHG0.jpg"}, "firstName": "GoGo", "lastName": "Franks"}}]}, {"reasons": {"items": [{"reasonName": "globalInteractionReason", "summary": "This spot is popular", "type": "general"}], "count": 0}, "venue": {"hereNow": {"groups": [], "summary": "Nobody here", "count": 0}, "contact": {}, "photos": {"groups": [], "count": 0}, "name": "Sushi Tei", "allowMenuUrlEdit": true, "beenHere": {"lastCheckinExpiredAt": 0, "count": 0, "marked": false}, "stats": {"checkinsCount": 83, "usersCount": 72, "tipCount": 3}, "id": "58a03234a19e9063d2721778", "categories": [{"pluralName": "Sushi Restaurants", "id": "4bf58dd8d48988d1d2941735", "primary": true, "icon": {"prefix": "https://ss3.4sqi.net/img/categories_v2/food/sushi_", "suffix": ".png"}, "name": "Sushi Restaurant", "shortName": "Sushi"}], "location": {"formattedAddress": ["#02-13, Northpoint Shopping Centre", "769098", "Singapore"], "postalCode": "769098", "lat": 1.4294667, "lng": 103.83599, "distance": 109, "country": "Singapore", "cc": "SG", "address": "#02-13, Northpoint Shopping Centre", "labeledLatLngs": [{"lng": 103.83599, "label": "display", "lat": 1.4294667}]}, "verified": false, "price": {"tier": 2, "currency": "$", "message": "Moderate"}}, "referralId": "e-3-58a03234a19e9063d2721778-35", "tips": [{"id": "593d35f29ec39928a7c87b81", "text": "if you like Japanese food, aiming for the variety of cooking styles, and balancing value and quality, you really can't go wrong here at Sushi Tei. try the seasonal specials for something different...", "disagreeCount": 0, "createdAt": 1497183730, "logView": true, "todo": {"count": 0}, "agreeCount": 0, "canonicalUrl": "https://foursquare.com/item/593d35f29ec39928a7c87b81", "type": "user", "user": {"gender": "male", "id": "367594", "photo": {"prefix": "https://igx.4sqi.net/img/user/", "suffix": "/367594-VUUGJNVJSSFLCEXP.jpg"}, "firstName": "Calvin", "lastName": "Lim"}}]}, {"reasons": {"items": [{"reasonName": "globalInteractionReason", "summary": "This spot is popular", "type": "general"}], "count": 0}, "venue": {"hereNow": {"groups": [], "summary": "Nobody here", "count": 0}, "contact": {}, "photos": {"groups": [], "count": 0}, "name": "Eng Kee Hainanese Chicken Rice \u82f1\u8bb0\u6d77\u5357\u9e21\u996d", "allowMenuUrlEdit": true, "beenHere": {"lastCheckinExpiredAt": 0, "count": 0, "marked": false}, "stats": {"checkinsCount": 143, "usersCount": 19, "tipCount": 0}, "id": "4ca8505676d3a0931faa146b", "categories": [{"pluralName": "Chinese Restaurants", "id": "4bf58dd8d48988d145941735", "primary": true, "icon": {"prefix": "https://ss3.4sqi.net/img/categories_v2/food/asian_", "suffix": ".png"}, "name": "Chinese Restaurant", "shortName": "Chinese"}], "location": {"lng": 103.83344286390476, "formattedAddress": ["Blk 747 Yishun St 72 (Hiap Hoe Eating House)", "760747", "Singapore"], "postalCode": "760747", "lat": 1.4284759939533678, "crossStreet": "Hiap Hoe Eating House", "country": "Singapore", "distance": 204, "city": "Singapore", "cc": "SG", "address": "Blk 747 Yishun St 72", "labeledLatLngs": [{"lng": 103.83344286390476, "label": "display", "lat": 1.4284759939533678}]}, "verified": false, "price": {"tier": 1, "currency": "$", "message": "Cheap"}}, "referralId": "e-3-4ca8505676d3a0931faa146b-36"}, {"reasons": {"items": [{"reasonName": "globalInteractionReason", "summary": "This spot is popular", "type": "general"}], "count": 0}, "venue": {"hereNow": {"groups": [], "summary": "Nobody here", "count": 0}, "contact": {}, "photos": {"groups": [], "count": 0}, "name": "Wang Local Delight @ 156 Yishun", "allowMenuUrlEdit": true, "beenHere": {"lastCheckinExpiredAt": 0, "count": 0, "marked": false}, "stats": {"checkinsCount": 40, "usersCount": 12, "tipCount": 0}, "id": "4ce5101742f0b1f7fba090ce", "categories": [{"pluralName": "Chinese Restaurants", "id": "4bf58dd8d48988d145941735", "primary": true, "icon": {"prefix": "https://ss3.4sqi.net/img/categories_v2/food/asian_", "suffix": ".png"}, "name": "Chinese Restaurant", "shortName": "Chinese"}], "location": {"formattedAddress": ["Singapore"], "lat": 1.4317259565785256, "lng": 103.83336927126652, "distance": 312, "country": "Singapore", "cc": "SG", "labeledLatLngs": [{"lng": 103.83336927126652, "label": "display", "lat": 1.4317259565785256}]}, "verified": false, "price": {"tier": 1, "currency": "$", "message": "Cheap"}}, "referralId": "e-3-4ce5101742f0b1f7fba090ce-37"}, {"reasons": {"items": [{"reasonName": "globalInteractionReason", "summary": "This spot is popular", "type": "general"}], "count": 0}, "venue": {"hereNow": {"groups": [], "summary": "Nobody here", "count": 0}, "contact": {}, "photos": {"groups": [], "count": 0}, "name": "\u4e49\u987a925\u70e7\u814a\u5364\u9e2d\u996d\u9762\u2022\u7cbf\u6c41", "allowMenuUrlEdit": true, "beenHere": {"lastCheckinExpiredAt": 0, "count": 0, "marked": false}, "stats": {"checkinsCount": 55, "usersCount": 29, "tipCount": 0}, "id": "4d68b369b6f46dcbb9b117b2", "categories": [{"pluralName": "Chinese Restaurants", "id": "4bf58dd8d48988d145941735", "primary": true, "icon": {"prefix": "https://ss3.4sqi.net/img/categories_v2/food/asian_", "suffix": ".png"}, "name": "Chinese Restaurant", "shortName": "Chinese"}], "location": {"lng": 103.83780188370652, "formattedAddress": ["Block 925 (Yishun Ctrl 1)", "Singapore"], "lat": 1.4308403207641698, "crossStreet": "Yishun Ctrl 1", "country": "Singapore", "distance": 347, "city": "Singapore", "cc": "SG", "address": "Block 925", "labeledLatLngs": [{"lng": 103.83780188370652, "label": "display", "lat": 1.4308403207641698}]}, "verified": false, "price": {"tier": 1, "currency": "$", "message": "Cheap"}}, "referralId": "e-3-4d68b369b6f46dcbb9b117b2-38"}, {"reasons": {"items": [{"reasonName": "globalInteractionReason", "summary": "This spot is popular", "type": "general"}], "count": 0}, "venue": {"hereNow": {"groups": [], "summary": "Nobody here", "count": 0}, "contact": {}, "photos": {"groups": [], "count": 0}, "name": "Tiramisu Cafe", "allowMenuUrlEdit": true, "beenHere": {"lastCheckinExpiredAt": 0, "count": 0, "marked": false}, "stats": {"checkinsCount": 127, "usersCount": 21, "tipCount": 3}, "id": "4d5bbba51ef2f04dc4f4eccd", "categories": [{"pluralName": "Italian Restaurants", "id": "4bf58dd8d48988d110941735", "primary": true, "icon": {"prefix": "https://ss3.4sqi.net/img/categories_v2/food/italian_", "suffix": ".png"}, "name": "Italian Restaurant", "shortName": "Italian"}], "location": {"formattedAddress": ["Nee Soon East Community CentreYishun Street 21", "Singapore"], "lat": 1.431188, "lng": 103.837955, "country": "Singapore", "distance": 381, "city": "Singapore", "cc": "SG", "address": "Nee Soon East Community CentreYishun Street 21", "labeledLatLngs": [{"lng": 103.837955, "label": "display", "lat": 1.431188}]}, "verified": false, "price": {"tier": 2, "currency": "$", "message": "Moderate"}}, "referralId": "e-3-4d5bbba51ef2f04dc4f4eccd-39", "tips": [{"id": "4f8e4c4ce4b018d8f62c99cf", "text": "The menu says you get Tiramisu with every order but really - they don't have it because they don't want to make it fresh every day - think about a restaurant not living up to it's namesake!", "disagreeCount": 0, "createdAt": 1334725708, "logView": true, "todo": {"count": 0}, "agreeCount": 0, "canonicalUrl": "https://foursquare.com/item/4f8e4c4ce4b018d8f62c99cf", "type": "user", "user": {"gender": "male", "id": "2348245", "photo": {"prefix": "https://igx.4sqi.net/img/user/", "suffix": "/RZEORHOEMFHCXNFR.jpg"}, "firstName": "Savio", "lastName": "Sebastian"}}]}, {"reasons": {"items": [{"reasonName": "globalInteractionReason", "summary": "This spot is popular", "type": "general"}], "count": 0}, "venue": {"hereNow": {"groups": [], "summary": "Nobody here", "count": 0}, "contact": {"facebook": "155730561152263", "facebookUsername": "SriBistariChangiVillageFamousAyamPenyetYishun", "facebookName": "Sri Bistari Changi Village"}, "photos": {"groups": [], "count": 0}, "rating": 5.8, "name": "Sri Bistari Changi Village", "ratingSignals": 11, "allowMenuUrlEdit": true, "categories": [{"pluralName": "Fried Chicken Joints", "id": "4d4ae6fc7a7b7dea34424761", "primary": true, "icon": {"prefix": "https://ss3.4sqi.net/img/categories_v2/food/friedchicken_", "suffix": ".png"}, "name": "Fried Chicken Joint", "shortName": "Fried Chicken"}], "stats": {"checkinsCount": 632, "usersCount": 315, "tipCount": 7}, "id": "4c04b5baf56c2d7f0da01e66", "beenHere": {"lastCheckinExpiredAt": 0, "count": 0, "marked": false}, "ratingColor": "FF9600", "location": {"lng": 103.82840469092072, "formattedAddress": ["Swee Sian Yuen Eating House (101 Yishun Avenue 5)", "760101", "Singapore"], "postalCode": "760101", "lat": 1.4306878913901433, "crossStreet": "101 Yishun Avenue 5", "country": "Singapore", "distance": 747, "city": "Singapore", "cc": "SG", "address": "Swee Sian Yuen Eating House", "labeledLatLngs": [{"lng": 103.82840469092072, "label": "display", "lat": 1.4306878913901433}]}, "hours": {"isLocalHoliday": false, "isOpen": true, "status": "Likely open"}, "verified": false, "price": {"tier": 1, "currency": "$", "message": "Cheap"}}, "referralId": "e-3-4c04b5baf56c2d7f0da01e66-40", "tips": [{"id": "4ef92b3b6c25c411ecc59835", "text": "Nasi ayam penyet power", "disagreeCount": 0, "logView": true, "createdAt": 1324952379, "likes": {"groups": [], "summary": "1 like", "count": 1}, "todo": {"count": 0}, "agreeCount": 1, "canonicalUrl": "https://foursquare.com/item/4ef92b3b6c25c411ecc59835", "type": "user", "user": {"gender": "none", "id": "4191874", "photo": {"prefix": "https://igx.4sqi.net/img/user/", "suffix": "/0T1HN0O2V4IDLW0M.jpg"}, "firstName": "Dewi", "lastName": "Kintanmanis"}}]}, {"reasons": {"items": [{"reasonName": "globalInteractionReason", "summary": "This spot is popular", "type": "general"}], "count": 0}, "venue": {"hereNow": {"groups": [], "summary": "Nobody here", "count": 0}, "contact": {}, "photos": {"groups": [], "count": 0}, "rating": 5.8, "name": "KFC", "ratingSignals": 21, "allowMenuUrlEdit": true, "categories": [{"pluralName": "Fried Chicken Joints", "id": "4d4ae6fc7a7b7dea34424761", "primary": true, "icon": {"prefix": "https://ss3.4sqi.net/img/categories_v2/food/friedchicken_", "suffix": ".png"}, "name": "Fried Chicken Joint", "shortName": "Fried Chicken"}], "stats": {"checkinsCount": 2077, "usersCount": 816, "tipCount": 9}, "id": "4b9f1265f964a5207e1237e3", "beenHere": {"lastCheckinExpiredAt": 0, "count": 0, "marked": false}, "ratingColor": "FF9600", "location": {"formattedAddress": ["Chong Pang", "768677", "Singapore"], "postalCode": "768677", "lat": 1.4301177695931557, "lng": 103.82821788586018, "country": "Singapore", "distance": 759, "city": "Singapore", "cc": "SG", "address": "Chong Pang", "labeledLatLngs": [{"lng": 103.82821788586018, "label": "display", "lat": 1.4301177695931557}]}, "hours": {"isLocalHoliday": false, "isOpen": true, "status": "Likely open"}, "verified": false, "price": {"tier": 1, "currency": "$", "message": "Cheap"}}, "referralId": "e-3-4b9f1265f964a5207e1237e3-41", "tips": [{"id": "4d565dedba5b224b22c01914", "text": "Much much better than Northpoint outlet", "disagreeCount": 0, "logView": true, "createdAt": 1297505773, "likes": {"groups": [], "summary": "1 like", "count": 1}, "todo": {"count": 1}, "agreeCount": 1, "canonicalUrl": "https://foursquare.com/item/4d565dedba5b224b22c01914", "type": "user", "user": {"id": "5398783", "photo": {"prefix": "https://igx.4sqi.net/img/user/", "suffix": "/QHYEQTV4S3ZMULS3.jpg"}, "firstName": "Shahrina", "gender": "female"}}]}, {"reasons": {"items": [{"reasonName": "globalInteractionReason", "summary": "This spot is popular", "type": "general"}], "count": 0}, "venue": {"hereNow": {"groups": [], "summary": "Nobody here", "count": 0}, "contact": {}, "photos": {"groups": [], "count": 0}, "name": "Mac", "allowMenuUrlEdit": true, "beenHere": {"lastCheckinExpiredAt": 0, "count": 0, "marked": false}, "stats": {"checkinsCount": 67, "usersCount": 21, "tipCount": 0}, "id": "4e57679d52b1748f8066dc59", "categories": [{"pluralName": "Fast Food Restaurants", "id": "4bf58dd8d48988d16e941735", "primary": true, "icon": {"prefix": "https://ss3.4sqi.net/img/categories_v2/food/fastfood_", "suffix": ".png"}, "name": "Fast Food Restaurant", "shortName": "Fast Food"}], "location": {"formattedAddress": ["Singapore"], "lat": 1.432096, "lng": 103.831088, "country": "Singapore", "distance": 526, "city": "Singapore", "cc": "SG", "labeledLatLngs": [{"lng": 103.831088, "label": "display", "lat": 1.432096}]}, "verified": false, "price": {"tier": 1, "currency": "$", "message": "Cheap"}}, "referralId": "e-3-4e57679d52b1748f8066dc59-42"}, {"reasons": {"items": [{"reasonName": "globalInteractionReason", "summary": "This spot is popular", "type": "general"}], "count": 0}, "venue": {"hereNow": {"groups": [], "summary": "Nobody here", "count": 0}, "contact": {}, "photos": {"groups": [], "count": 0}, "rating": 5.6, "name": "Elahe Family Restaurant", "ratingSignals": 13, "allowMenuUrlEdit": true, "categories": [{"pluralName": "Indian Restaurants", "id": "4bf58dd8d48988d10f941735", "primary": true, "icon": {"prefix": "https://ss3.4sqi.net/img/categories_v2/food/indian_", "suffix": ".png"}, "name": "Indian Restaurant", "shortName": "Indian"}], "stats": {"checkinsCount": 456, "usersCount": 170, "tipCount": 12}, "id": "4bf9e4985ec320a1b4068bd3", "beenHere": {"lastCheckinExpiredAt": 0, "count": 0, "marked": false}, "ratingColor": "FF9600", "location": {"formattedAddress": ["Chong Pang Market", "Singapore"], "lat": 1.431964, "lng": 103.829031, "distance": 721, "country": "Singapore", "cc": "SG", "address": "Chong Pang Market", "labeledLatLngs": [{"lng": 103.829031, "label": "display", "lat": 1.431964}]}, "hours": {"isLocalHoliday": false, "isOpen": true, "status": "Likely open"}, "verified": false, "price": {"tier": 2, "currency": "$", "message": "Moderate"}}, "referralId": "e-3-4bf9e4985ec320a1b4068bd3-43", "tips": [{"id": "4cca9f24c4d06dcbe3d16303", "text": "Nice thosai & Love the tea..", "disagreeCount": 0, "logView": true, "createdAt": 1288347428, "likes": {"groups": [], "summary": "5 likes", "count": 5}, "todo": {"count": 1}, "agreeCount": 0, "canonicalUrl": "https://foursquare.com/item/4cca9f24c4d06dcbe3d16303", "type": "user", "user": {"gender": "female", "id": "3854837", "photo": {"prefix": "https://igx.4sqi.net/img/user/", "suffix": "/55GMWRP4XUXOXTEQ.jpg"}, "firstName": "AnnApyz", "lastName": "ELFISHA"}}]}, {"reasons": {"items": [{"reasonName": "globalInteractionReason", "summary": "This spot is popular", "type": "general"}], "count": 0}, "venue": {"hereNow": {"groups": [], "summary": "Nobody here", "count": 0}, "contact": {}, "photos": {"groups": [], "count": 0}, "name": "Mr Bean", "allowMenuUrlEdit": true, "beenHere": {"lastCheckinExpiredAt": 0, "count": 0, "marked": false}, "stats": {"checkinsCount": 505, "usersCount": 202, "tipCount": 0}, "id": "4c591faab8b3c9b63d7c88b6", "categories": [{"pluralName": "Snack Places", "id": "4bf58dd8d48988d1c7941735", "primary": true, "icon": {"prefix": "https://ss3.4sqi.net/img/categories_v2/food/snacks_", "suffix": ".png"}, "name": "Snack Place", "shortName": "Snacks"}], "location": {"lng": 103.83848688526687, "formattedAddress": ["#01-08 Khoo Teck Puat Hospital (90 Yishun Central)", "768828", "Singapore"], "postalCode": "768828", "lat": 1.424282038014269, "crossStreet": "90 Yishun Central", "country": "Singapore", "distance": 692, "city": "Singapore", "cc": "SG", "address": "#01-08 Khoo Teck Puat Hospital", "labeledLatLngs": [{"lng": 103.83848688526687, "label": "display", "lat": 1.424282038014269}]}, "hours": {"isLocalHoliday": false, "isOpen": false}, "verified": false, "price": {"tier": 1, "currency": "$", "message": "Cheap"}}, "referralId": "e-3-4c591faab8b3c9b63d7c88b6-44"}, {"reasons": {"items": [{"reasonName": "globalInteractionReason", "summary": "This spot is popular", "type": "general"}], "count": 0}, "venue": {"contact": {}, "photos": {"groups": [], "count": 0}, "name": "Sin Heng Kee", "allowMenuUrlEdit": true, "beenHere": {"lastCheckinExpiredAt": 0, "count": 0, "marked": false}, "stats": {"checkinsCount": 93, "usersCount": 39, "tipCount": 0}, "id": "57ceae32498e12bbc171cbe7", "categories": [{"pluralName": "Cantonese Restaurants", "id": "52af3a7c3cf9994f4e043bed", "primary": true, "icon": {"prefix": "https://ss3.4sqi.net/img/categories_v2/food/asian_", "suffix": ".png"}, "name": "Cantonese Restaurant", "shortName": "Cantonese"}], "location": {"formattedAddress": ["18 Yishun Avenue 9 #01-33", "768897", "Singapore"], "postalCode": "768897", "lat": 1.431532, "lng": 103.841151, "distance": 722, "country": "Singapore", "cc": "SG", "address": "18 Yishun Avenue 9 #01-33", "labeledLatLngs": [{"lng": 103.841151, "label": "display", "lat": 1.431532}]}, "hours": {"isLocalHoliday": false, "isOpen": true, "status": "Open until 9:00 PM"}, "verified": false, "hereNow": {"groups": [], "summary": "Nobody here", "count": 0}}, "referralId": "e-3-57ceae32498e12bbc171cbe7-45"}, {"reasons": {"items": [{"reasonName": "globalInteractionReason", "summary": "This spot is popular", "type": "general"}], "count": 0}, "venue": {"hereNow": {"groups": [], "summary": "Nobody here", "count": 0}, "contact": {}, "photos": {"groups": [], "count": 0}, "name": "Vegetarian Stall", "allowMenuUrlEdit": true, "beenHere": {"lastCheckinExpiredAt": 0, "count": 0, "marked": false}, "stats": {"checkinsCount": 35, "usersCount": 15, "tipCount": 0}, "id": "4e62cc5ad22d509a39cbe6b9", "categories": [{"pluralName": "Vegetarian / Vegan Restaurants", "id": "4bf58dd8d48988d1d3941735", "primary": true, "icon": {"prefix": "https://ss3.4sqi.net/img/categories_v2/food/vegetarian_", "suffix": ".png"}, "name": "Vegetarian / Vegan Restaurant", "shortName": "Vegetarian / Vegan"}], "location": {"formattedAddress": ["Blk 239 Yishun Ring Rd", "760239", "Singapore"], "postalCode": "760239", "lat": 1.4342847633085343, "lng": 103.83981727007722, "country": "Singapore", "distance": 759, "city": "Singapore", "cc": "SG", "address": "Blk 239 Yishun Ring Rd", "labeledLatLngs": [{"lng": 103.83981727007722, "label": "display", "lat": 1.4342847633085343}]}, "verified": false, "price": {"tier": 2, "currency": "$", "message": "Moderate"}}, "referralId": "e-3-4e62cc5ad22d509a39cbe6b9-46"}], "name": "recommended", "type": "Recommended Places"}], "query": "food", "headerLocation": "Yishun"}}