{"meta": {"code": 200, "requestId": "595a39649fb6b77b77503998"}, "response": {"suggestedFilters": {"filters": [{"name": "Open now", "key": "openNow"}], "header": "Tap to show:"}, "totalResults": 15, "headerFullLocation": "Yishun, Singapore", "headerLocationGranularity": "neighborhood", "suggestedBounds": {"ne": {"lng": 103.84016867123962, "lat": 1.4245833773535472}, "sw": {"lng": 103.82579114423838, "lat": 1.410183362953533}}, "groups": [{"items": [{"reasons": {"items": [{"reasonName": "globalInteractionReason", "summary": "This spot is popular", "type": "general"}], "count": 0}, "venue": {"hereNow": {"groups": [], "summary": "Nobody here", "count": 0}, "contact": {}, "photos": {"groups": [], "count": 0}, "rating": 7.3, "name": "Big Bitez Signature", "ratingSignals": 13, "allowMenuUrlEdit": true, "categories": [{"pluralName": "American Restaurants", "id": "4bf58dd8d48988d14e941735", "primary": true, "icon": {"prefix": "https://ss3.4sqi.net/img/categories_v2/food/default_", "suffix": ".png"}, "name": "American Restaurant", "shortName": "American"}], "stats": {"checkinsCount": 324, "usersCount": 93, "tipCount": 6}, "id": "4d6e3649619a236a807c6f8f", "beenHere": {"lastCheckinExpiredAt": 0, "count": 0, "marked": false}, "ratingColor": "C5DE35", "location": {"formattedAddress": ["848 Yishun Street 81", "760848", "Singapore"], "postalCode": "760848", "lat": 1.416793, "lng": 103.83525, "country": "Singapore", "distance": 261, "city": "Singapore", "cc": "SG", "address": "848 Yishun Street 81", "labeledLatLngs": [{"lng": 103.83525, "label": "display", "lat": 1.416793}]}, "hours": {"isLocalHoliday": false, "isOpen": true, "status": "Likely open"}, "verified": false, "price": {"tier": 2, "currency": "$", "message": "Moderate"}}, "referralId": "e-3-4d6e3649619a236a807c6f8f-0", "tips": [{"id": "4e562c3818a8edeb70dcd83e", "text": "Surprisingly good western food.", "disagreeCount": 0, "logView": true, "createdAt": 1314270264, "likes": {"groups": [], "summary": "3 likes", "count": 3}, "todo": {"count": 0}, "agreeCount": 2, "canonicalUrl": "https://foursquare.com/item/4e562c3818a8edeb70dcd83e", "type": "user", "user": {"gender": "male", "id": "315337", "photo": {"prefix": "https://igx.4sqi.net/img/user/", "suffix": "/54KXRKC0HKPI3CXX.jpg"}, "firstName": "Michael", "lastName": "Sullivan"}}]}, {"reasons": {"items": [{"reasonName": "globalInteractionReason", "summary": "This spot is popular", "type": "general"}], "count": 0}, "venue": {"hereNow": {"groups": [], "summary": "Nobody here", "count": 0}, "contact": {}, "photos": {"groups": [], "count": 0}, "rating": 6.1, "name": "Khatib Foodshop", "ratingSignals": 18, "allowMenuUrlEdit": true, "categories": [{"pluralName": "Food Trucks", "id": "4bf58dd8d48988d1cb941735", "primary": true, "icon": {"prefix": "https://ss3.4sqi.net/img/categories_v2/food/streetfood_", "suffix": ".png"}, "name": "Food Truck", "shortName": "Food Truck"}], "stats": {"checkinsCount": 1046, "usersCount": 220, "tipCount": 7}, "id": "502fcad4e4b01882f8fbeb49", "beenHere": {"lastCheckinExpiredAt": 0, "count": 0, "marked": false}, "ratingColor": "FFC800", "location": {"lat": 1.4162500056546132, "distance": 160, "country": "Singapore", "cc": "SG", "crossStreet": "Khatib MRT", "formattedAddress": ["201 Yishun Ave 2 #01-01 (Khatib MRT)", "769092", "Singapore"], "city": "Yishun New Town", "lng": 103.83208423702133, "state": "Singapore", "labeledLatLngs": [{"lng": 103.83208423702133, "label": "display", "lat": 1.4162500056546132}], "address": "201 Yishun Ave 2 #01-01", "postalCode": "769092"}, "hours": {"isLocalHoliday": false, "isOpen": true, "status": "Likely open"}, "verified": false, "price": {"tier": 1, "currency": "$", "message": "Cheap"}}, "referralId": "e-3-502fcad4e4b01882f8fbeb49-1", "tips": [{"id": "5125f3e7e4b00d2b7ebedf3a", "text": "The chicken rice is only $2 but no soup given!", "disagreeCount": 0, "logView": true, "createdAt": 1361441767, "likes": {"groups": [], "summary": "1 like", "count": 1}, "todo": {"count": 0}, "agreeCount": 1, "canonicalUrl": "https://foursquare.com/item/5125f3e7e4b00d2b7ebedf3a", "type": "user", "user": {"gender": "male", "id": "5878572", "photo": {"prefix": "https://igx.4sqi.net/img/user/", "suffix": "/AD5PFEFE0XUU5GAV.jpg"}, "firstName": "Muhammad", "lastName": "Sazali"}}]}, {"reasons": {"items": [{"reasonName": "globalInteractionReason", "summary": "This spot is popular", "type": "general"}], "count": 0}, "venue": {"contact": {}, "photos": {"groups": [], "count": 0}, "rating": 6.2, "name": "Food Lane Coffee House (\u597d\u98df\u574a)", "ratingSignals": 14, "allowMenuUrlEdit": true, "categories": [{"pluralName": "Food Courts", "id": "4bf58dd8d48988d120951735", "primary": true, "icon": {"prefix": "https://ss3.4sqi.net/img/categories_v2/shops/food_foodcourt_", "suffix": ".png"}, "name": "Food Court", "shortName": "Food Court"}], "stats": {"checkinsCount": 1204, "usersCount": 351, "tipCount": 15}, "id": "4d42593bd39e60fc91ccbfd9", "beenHere": {"lastCheckinExpiredAt": 0, "count": 0, "marked": false}, "ratingColor": "FFC800", "location": {"lng": 103.83541345596313, "formattedAddress": ["Blk 618 Yishun Ring Road #01-3232 (Yishun Street 61)", "760618", "Singapore"], "postalCode": "760618", "lat": 1.4190438795776597, "crossStreet": "Yishun Street 61", "country": "Singapore", "distance": 327, "city": "Singapore", "cc": "SG", "address": "Blk 618 Yishun Ring Road #01-3232", "labeledLatLngs": [{"lng": 103.83541345596313, "label": "display", "lat": 1.4190438795776597}]}, "hours": {"isLocalHoliday": false, "isOpen": true, "status": "Likely open"}, "verified": false, "hereNow": {"groups": [{"items": [], "name": "Other people here", "count": 1, "type": "others"}], "summary": "One other person is here", "count": 1}}, "referralId": "e-3-4d42593bd39e60fc91ccbfd9-2", "tips": [{"logView": true, "photo": {"id": "5026fff0e4b0c75a15b723f5", "visibility": "public", "source": {"name": "Foursquare for Android", "url": "https://foursquare.com/download/#/android"}, "suffix": "/K08afaEjo7p6mYW7QO0bAZ3zS0dnHkP1JdoE3Oj92Us.jpg", "createdAt": 1344733168, "prefix": "https://igx.4sqi.net/img/general/", "width": 540, "height": 720}, "createdAt": 1344733164, "todo": {"count": 0}, "agreeCount": 3, "likes": {"groups": [], "summary": "3 likes", "count": 3}, "id": "5026ffece4b05b9e01e2c006", "text": "nice carrot cake. prepare to wait...", "disagreeCount": 0, "user": {"gender": "male", "id": "5027476", "photo": {"prefix": "https://igx.4sqi.net/img/user/", "default": true, "suffix": "/blank_boy.png"}, "firstName": "Steven", "lastName": "Chow"}, "canonicalUrl": "https://foursquare.com/item/5026ffece4b05b9e01e2c006", "type": "user", "photourl": "https://igx.4sqi.net/img/general/original/K08afaEjo7p6mYW7QO0bAZ3zS0dnHkP1JdoE3Oj92Us.jpg"}]}, {"reasons": {"items": [{"reasonName": "globalInteractionReason", "summary": "This spot is popular", "type": "general"}], "count": 0}, "venue": {"hereNow": {"groups": [], "summary": "Nobody here", "count": 0}, "contact": {"phone": "+6567561271", "formattedPhone": "+65 6756 1271"}, "photos": {"groups": [], "count": 0}, "rating": 5.8, "name": "McDonald's", "ratingSignals": 34, "allowMenuUrlEdit": true, "categories": [{"pluralName": "Fast Food Restaurants", "id": "4bf58dd8d48988d16e941735", "primary": true, "icon": {"prefix": "https://ss3.4sqi.net/img/categories_v2/food/fastfood_", "suffix": ".png"}, "name": "Fast Food Restaurant", "shortName": "Fast Food"}], "stats": {"checkinsCount": 7335, "usersCount": 2615, "tipCount": 20}, "id": "4b24b35ff964a5207e6924e3", "beenHere": {"lastCheckinExpiredAt": 0, "count": 0, "marked": false}, "url": "http://www.mcdonalds.com.sg", "ratingColor": "FF9600", "location": {"lng": 103.83423540253985, "formattedAddress": ["846 Yishun Ring Road, #01-3669 (Khatib Central)", "760846", "Singapore"], "postalCode": "760846", "lat": 1.4167955545561635, "crossStreet": "Khatib Central", "country": "Singapore", "distance": 154, "city": "Singapore", "cc": "SG", "address": "846 Yishun Ring Road, #01-3669", "labeledLatLngs": [{"lng": 103.83423540253985, "label": "display", "lat": 1.4167955545561635}]}, "hours": {"isLocalHoliday": false, "isOpen": true, "status": "Open until 2:00 AM"}, "verified": false, "price": {"tier": 1, "currency": "$", "message": "Cheap"}}, "referralId": "e-3-4b24b35ff964a5207e6924e3-3", "tips": [{"id": "532cf67a498ec4eb8a5f536d", "text": "Service n attitude sux to the MAX!", "disagreeCount": 0, "logView": true, "createdAt": 1395455610, "likes": {"groups": [], "summary": "1 like", "count": 1}, "todo": {"count": 0}, "agreeCount": 1, "canonicalUrl": "https://foursquare.com/item/532cf67a498ec4eb8a5f536d", "type": "user", "user": {"gender": "female", "id": "5528794", "photo": {"prefix": "https://igx.4sqi.net/img/user/", "suffix": "/5528794-WZNSV02WYOB5PK05.jpg"}, "firstName": "Alicia", "lastName": "Toh"}}]}, {"reasons": {"items": [{"reasonName": "globalInteractionReason", "summary": "This spot is popular", "type": "general"}], "count": 0}, "venue": {"hereNow": {"groups": [], "summary": "Nobody here", "count": 0}, "contact": {}, "photos": {"groups": [], "count": 0}, "rating": 6.2, "name": "Orto Mookata", "ratingSignals": 17, "allowMenuUrlEdit": true, "categories": [{"pluralName": "Thai Restaurants", "id": "4bf58dd8d48988d149941735", "primary": true, "icon": {"prefix": "https://ss3.4sqi.net/img/categories_v2/food/thai_", "suffix": ".png"}, "name": "Thai Restaurant", "shortName": "Thai"}], "stats": {"checkinsCount": 480, "usersCount": 332, "tipCount": 4}, "id": "54f31b20498e31ed2e79266f", "beenHere": {"lastCheckinExpiredAt": 0, "count": 0, "marked": false}, "ratingColor": "FFC800", "location": {"formattedAddress": ["Singapore"], "lat": 1.4131200583094947, "lng": 103.82960477805676, "distance": 605, "country": "Singapore", "cc": "SG", "labeledLatLngs": [{"lng": 103.82960477805676, "label": "display", "lat": 1.4131200583094947}]}, "hours": {"isLocalHoliday": false, "isOpen": true, "status": "Likely open"}, "verified": false, "price": {"tier": 2, "currency": "$", "message": "Moderate"}}, "referralId": "e-3-54f31b20498e31ed2e79266f-4", "tips": [{"logView": true, "photo": {"id": "5783b892498e9ca4f6482584", "visibility": "public", "source": {"name": "Foursquare for iOS", "url": "https://foursquare.com/download/#/iphone"}, "suffix": "/214596519_565YARaaibMCo3lbYh556oCTeAzIfdYts5BbDD1-vlc.jpg", "createdAt": 1468250258, "prefix": "https://igx.4sqi.net/img/general/", "width": 1440, "height": 1920}, "createdAt": 1468250255, "agreeCount": 0, "id": "5783b88f498ebfaeb8555bbc", "text": "We ordered set for 4 per person .. $69 Horribly serving for the set , bacon only 5 slices , some other porky also 4-5slices , buffet price @$29++ for 2hours . Only think I like was the lemongrass \ud83d\udc4d", "type": "user", "disagreeCount": 0, "user": {"gender": "female", "id": "214596519", "photo": {"prefix": "https://igx.4sqi.net/img/user/", "suffix": "/214596519-T1U0KV3C4MCROVKF.jpg"}, "firstName": "Grace", "lastName": "Lcm"}, "canonicalUrl": "https://foursquare.com/item/5783b88f498ebfaeb8555bbc", "todo": {"count": 0}, "photourl": "https://igx.4sqi.net/img/general/original/214596519_565YARaaibMCo3lbYh556oCTeAzIfdYts5BbDD1-vlc.jpg"}]}, {"reasons": {"items": [{"reasonName": "globalInteractionReason", "summary": "This spot is popular", "type": "general"}], "count": 0}, "venue": {"hereNow": {"groups": [], "summary": "Nobody here", "count": 0}, "contact": {}, "photos": {"groups": [], "count": 0}, "name": "block 846 Mufiz Food Corner", "allowMenuUrlEdit": true, "beenHere": {"lastCheckinExpiredAt": 0, "count": 0, "marked": false}, "stats": {"checkinsCount": 69, "usersCount": 27, "tipCount": 2}, "id": "4d6c59a47f1c54810e386852", "categories": [{"pluralName": "Asian Restaurants", "id": "4bf58dd8d48988d142941735", "primary": true, "icon": {"prefix": "https://ss3.4sqi.net/img/categories_v2/food/asian_", "suffix": ".png"}, "name": "Asian Restaurant", "shortName": "Asian"}], "location": {"formattedAddress": ["Block 846 Khatib Central", "Singapore"], "lat": 1.416501, "lng": 103.833746, "country": "Singapore", "distance": 130, "city": "Singapore", "cc": "SG", "address": "Block 846 Khatib Central", "labeledLatLngs": [{"lng": 103.833746, "label": "display", "lat": 1.416501}]}, "verified": false, "price": {"tier": 2, "currency": "$", "message": "Moderate"}}, "referralId": "e-3-4d6c59a47f1c54810e386852-5", "tips": [{"id": "4df76f7022717445a0b5a8a7", "text": "Kambing soup. POWER!!!", "disagreeCount": 0, "createdAt": 1308061552, "logView": true, "todo": {"count": 0}, "agreeCount": 0, "canonicalUrl": "https://foursquare.com/item/4df76f7022717445a0b5a8a7", "type": "user", "user": {"gender": "female", "id": "10580820", "photo": {"prefix": "https://igx.4sqi.net/img/user/", "suffix": "/D3YK3CR45WHUKNVX.jpg"}, "firstName": "Bluewee", "lastName": "Pooh"}}]}, {"reasons": {"items": [{"reasonName": "globalInteractionReason", "summary": "This spot is popular", "type": "general"}], "count": 0}, "venue": {"hereNow": {"groups": [], "summary": "Nobody here", "count": 0}, "contact": {}, "photos": {"groups": [], "count": 0}, "rating": 6.0, "name": "SGMY @ ORTO", "ratingSignals": 11, "allowMenuUrlEdit": true, "categories": [{"pluralName": "Asian Restaurants", "id": "4bf58dd8d48988d142941735", "primary": true, "icon": {"prefix": "https://ss3.4sqi.net/img/categories_v2/food/asian_", "suffix": ".png"}, "name": "Asian Restaurant", "shortName": "Asian"}], "stats": {"checkinsCount": 241, "usersCount": 181, "tipCount": 2}, "id": "55ab9f3a498e49f120ce9b52", "beenHere": {"lastCheckinExpiredAt": 0, "count": 0, "marked": false}, "ratingColor": "FFC800", "location": {"formattedAddress": ["81 Lorong Chencharu #01-10", "Singapore"], "lat": 1.4124367290656301, "lng": 103.82969535110209, "distance": 660, "country": "Singapore", "cc": "SG", "address": "81 Lorong Chencharu #01-10", "labeledLatLngs": [{"lng": 103.82969535110209, "label": "display", "lat": 1.4124367290656301}]}, "verified": false, "price": {"tier": 2, "currency": "$", "message": "Moderate"}}, "referralId": "e-3-55ab9f3a498e49f120ce9b52-6", "tips": [{"id": "568f1f07498efc717b89fc45", "text": "Come during the weekday nights and the place is pretty quiet. Bring mozzie repellent though coz they don't have any.", "disagreeCount": 0, "createdAt": 1452220167, "logView": true, "todo": {"count": 0}, "agreeCount": 0, "canonicalUrl": "https://foursquare.com/item/568f1f07498efc717b89fc45", "type": "user", "user": {"gender": "female", "id": "3747038", "photo": {"prefix": "https://igx.4sqi.net/img/user/", "suffix": "/3747038_reYjiJPg_hqomd7X6pB5m0Mmk55b_XoEREFsPzjEPFm2BCz--G4nwPqqNYdsbfvagQtUn-Tv-.jpg"}, "firstName": "Elise", "lastName": "\u2765"}}]}, {"reasons": {"items": [{"reasonName": "globalInteractionReason", "summary": "This spot is popular", "type": "general"}], "count": 0}, "venue": {"hereNow": {"groups": [], "summary": "Nobody here", "count": 0}, "contact": {}, "photos": {"groups": [], "count": 0}, "name": "S24@Blk795A kopitam", "allowMenuUrlEdit": true, "beenHere": {"lastCheckinExpiredAt": 0, "count": 0, "marked": false}, "stats": {"checkinsCount": 38, "usersCount": 18, "tipCount": 0}, "id": "4d92de0c7b5ea1437205bbb8", "categories": [{"pluralName": "Caf\u00e9s", "id": "4bf58dd8d48988d16d941735", "primary": true, "icon": {"prefix": "https://ss3.4sqi.net/img/categories_v2/food/cafe_", "suffix": ".png"}, "name": "Caf\u00e9", "shortName": "Caf\u00e9"}], "location": {"lat": 1.4193308783806673, "distance": 216, "country": "Singapore", "cc": "SG", "crossStreet": "Yishun ring rd", "formattedAddress": ["Yishun ring rd (Yishun ring rd)", "760795a", "Singapore"], "city": "Yishun New Town", "lng": 103.83289941151777, "state": "Yishun", "labeledLatLngs": [{"lng": 103.83289941151777, "label": "display", "lat": 1.4193308783806673}], "address": "Yishun ring rd", "postalCode": "760795a"}, "verified": false, "price": {"tier": 1, "currency": "$", "message": "Cheap"}}, "referralId": "e-3-4d92de0c7b5ea1437205bbb8-7"}, {"reasons": {"items": [{"reasonName": "globalInteractionReason", "summary": "This spot is popular", "type": "general"}], "count": 0}, "venue": {"hereNow": {"groups": [], "summary": "Nobody here", "count": 0}, "contact": {}, "photos": {"groups": [], "count": 0}, "name": "Huang Restaurant", "allowMenuUrlEdit": true, "beenHere": {"lastCheckinExpiredAt": 0, "count": 0, "marked": false}, "stats": {"checkinsCount": 446, "usersCount": 153, "tipCount": 7}, "id": "4bcc2eb40687ef3ba4cddecc", "categories": [{"pluralName": "Chinese Restaurants", "id": "4bf58dd8d48988d145941735", "primary": true, "icon": {"prefix": "https://ss3.4sqi.net/img/categories_v2/food/asian_", "suffix": ".png"}, "name": "Chinese Restaurant", "shortName": "Chinese"}], "location": {"formattedAddress": ["Blk 848, Yishun Street 81, #01-126, Singapore 760848", "760848", "Singapore"], "postalCode": "760848", "neighborhood": "Yishun", "lat": 1.416773, "lng": 103.83492366, "distance": 226, "country": "Singapore", "cc": "SG", "address": "Blk 848, Yishun Street 81, #01-126, Singapore 760848", "labeledLatLngs": [{"lng": 103.83492366, "label": "display", "lat": 1.416773}]}, "hours": {"isLocalHoliday": false, "isOpen": false}, "verified": false, "price": {"tier": 1, "currency": "$", "message": "Cheap"}}, "referralId": "e-3-4bcc2eb40687ef3ba4cddecc-8", "tips": [{"id": "4ce3b6ce1594236a78aef849", "text": "Must try... Fish meat soup... Only evening...", "disagreeCount": 0, "logView": true, "createdAt": 1289991886, "likes": {"groups": [], "summary": "1 like", "count": 1}, "todo": {"count": 0}, "agreeCount": 1, "canonicalUrl": "https://foursquare.com/item/4ce3b6ce1594236a78aef849", "type": "user", "user": {"gender": "male", "id": "489066", "photo": {"prefix": "https://igx.4sqi.net/img/user/", "suffix": "/YRBQA5NI0AU2BR1A.gif"}, "firstName": "Hendy", "lastName": "Shi"}}]}, {"reasons": {"items": [{"reasonName": "globalInteractionReason", "summary": "This spot is popular", "type": "general"}], "count": 0}, "venue": {"hereNow": {"groups": [], "summary": "Nobody here", "count": 0}, "contact": {}, "photos": {"groups": [], "count": 0}, "name": "Curry Yong Tau Foo", "allowMenuUrlEdit": true, "beenHere": {"lastCheckinExpiredAt": 0, "count": 0, "marked": false}, "stats": {"checkinsCount": 114, "usersCount": 14, "tipCount": 0}, "id": "4cd2373a3038236a19b3e40e", "categories": [{"pluralName": "Asian Restaurants", "id": "4bf58dd8d48988d142941735", "primary": true, "icon": {"prefix": "https://ss3.4sqi.net/img/categories_v2/food/asian_", "suffix": ".png"}, "name": "Asian Restaurant", "shortName": "Asian"}], "location": {"formattedAddress": ["Singapore"], "lat": 1.416619904985885, "lng": 103.83524179458618, "distance": 265, "country": "Singapore", "cc": "SG", "labeledLatLngs": [{"lng": 103.83524179458618, "label": "display", "lat": 1.416619904985885}]}, "verified": false, "price": {"tier": 2, "currency": "$", "message": "Moderate"}}, "referralId": "e-3-4cd2373a3038236a19b3e40e-9"}, {"reasons": {"items": [{"reasonName": "globalInteractionReason", "summary": "This spot is popular", "type": "general"}], "count": 0}, "venue": {"hereNow": {"groups": [], "summary": "Nobody here", "count": 0}, "contact": {}, "photos": {"groups": [], "count": 0}, "name": "618 Sim Carrot Cake", "allowMenuUrlEdit": true, "beenHere": {"lastCheckinExpiredAt": 0, "count": 0, "marked": false}, "stats": {"checkinsCount": 71, "usersCount": 20, "tipCount": 1}, "id": "51e22668498e7b1ebc0df60e", "categories": [{"pluralName": "Diners", "id": "4bf58dd8d48988d147941735", "primary": true, "icon": {"prefix": "https://ss3.4sqi.net/img/categories_v2/food/diner_", "suffix": ".png"}, "name": "Diner", "shortName": "Diner"}], "location": {"formattedAddress": ["Singapore"], "lat": 1.418986287152257, "lng": 103.83522042129874, "distance": 306, "country": "Singapore", "cc": "SG", "labeledLatLngs": [{"lng": 103.83522042129874, "label": "display", "lat": 1.418986287152257}]}, "verified": false, "price": {"tier": 1, "currency": "$", "message": "Cheap"}}, "referralId": "e-3-51e22668498e7b1ebc0df60e-10", "tips": [{"logView": true, "photo": {"id": "54d6044d498e13c818613385", "visibility": "public", "source": {"name": "Foursquare for iOS", "url": "https://foursquare.com/download/#/iphone"}, "suffix": "/4405257_QeUubisT-_SYVlBHL3H5UB7O4aluHJMZraQdAxvVPYs.jpg", "createdAt": 1423311949, "prefix": "https://igx.4sqi.net/img/general/", "width": 1440, "height": 1440}, "createdAt": 1423311945, "agreeCount": 1, "id": "54d60449498eb5e77e39df44", "text": "Make sure you get a plate of white carrot cake from the uncle - he's the Master. If by the lady, it's less yummy", "type": "user", "disagreeCount": 0, "user": {"gender": "female", "id": "4405257", "photo": {"prefix": "https://igx.4sqi.net/img/user/", "suffix": "/EGEOHIDRCNTRLVYJ.jpg"}, "firstName": "Pam", "lastName": "Sia"}, "canonicalUrl": "https://foursquare.com/item/54d60449498eb5e77e39df44", "todo": {"count": 0}, "photourl": "https://igx.4sqi.net/img/general/original/4405257_QeUubisT-_SYVlBHL3H5UB7O4aluHJMZraQdAxvVPYs.jpg"}]}, {"reasons": {"items": [{"reasonName": "globalInteractionReason", "summary": "This spot is popular", "type": "general"}], "count": 0}, "venue": {"hereNow": {"groups": [], "summary": "Nobody here", "count": 0}, "contact": {}, "photos": {"groups": [], "count": 0}, "rating": 5.7, "name": "Taste Garden Restaurant (Halal)", "ratingSignals": 8, "allowMenuUrlEdit": true, "categories": [{"pluralName": "Asian Restaurants", "id": "4bf58dd8d48988d142941735", "primary": true, "icon": {"prefix": "https://ss3.4sqi.net/img/categories_v2/food/asian_", "suffix": ".png"}, "name": "Asian Restaurant", "shortName": "Asian"}], "stats": {"checkinsCount": 78, "usersCount": 76, "tipCount": 2}, "id": "55683ff6498e66b2e1d9067f", "beenHere": {"lastCheckinExpiredAt": 0, "count": 0, "marked": false}, "ratingColor": "FF9600", "location": {"formattedAddress": ["Singapore"], "lat": 1.4131858844128429, "lng": 103.82942363214771, "distance": 612, "country": "Singapore", "cc": "SG", "labeledLatLngs": [{"lng": 103.82942363214771, "label": "display", "lat": 1.4131858844128429}]}, "verified": false, "price": {"tier": 2, "currency": "$", "message": "Moderate"}}, "referralId": "e-3-55683ff6498e66b2e1d9067f-11", "tips": [{"id": "565aea29498edbc726084e1e", "text": "First and last time dining here, thanks.", "disagreeCount": 0, "createdAt": 1448798761, "logView": true, "todo": {"count": 0}, "agreeCount": 0, "canonicalUrl": "https://foursquare.com/item/565aea29498edbc726084e1e", "type": "user", "user": {"gender": "male", "id": "336101", "photo": {"prefix": "https://igx.4sqi.net/img/user/", "suffix": "/GA3B141GCWQXGHZR.jpg"}, "firstName": "Selwyn", "lastName": "Joseph"}}]}, {"reasons": {"items": [{"reasonName": "globalInteractionReason", "summary": "This spot is popular", "type": "general"}], "count": 0}, "venue": {"hereNow": {"groups": [], "summary": "Nobody here", "count": 0}, "contact": {}, "photos": {"groups": [], "count": 0}, "name": "\ue147\ue339Grandma's Yummy Kitchen \ue33b\ue120\ue043", "allowMenuUrlEdit": true, "beenHere": {"lastCheckinExpiredAt": 0, "count": 0, "marked": false}, "stats": {"checkinsCount": 182, "usersCount": 10, "tipCount": 0}, "id": "4e47bb0bfa76a07fde6ab564", "categories": [{"pluralName": "Restaurants", "id": "4bf58dd8d48988d1c4941735", "primary": true, "icon": {"prefix": "https://ss3.4sqi.net/img/categories_v2/food/default_", "suffix": ".png"}, "name": "Restaurant", "shortName": "Restaurant"}], "location": {"formattedAddress": ["Singapore"], "lat": 1.4187344572153993, "lng": 103.83810192528668, "distance": 589, "country": "Singapore", "cc": "SG", "labeledLatLngs": [{"lng": 103.83810192528668, "label": "display", "lat": 1.4187344572153993}]}, "verified": false, "price": {"tier": 2, "currency": "$", "message": "Moderate"}}, "referralId": "e-3-4e47bb0bfa76a07fde6ab564-12"}, {"reasons": {"items": [{"reasonName": "globalInteractionReason", "summary": "This spot is popular", "type": "general"}], "count": 0}, "venue": {"hereNow": {"groups": [], "summary": "Nobody here", "count": 0}, "contact": {}, "photos": {"groups": [], "count": 0}, "name": "Food Xchange", "allowMenuUrlEdit": true, "beenHere": {"lastCheckinExpiredAt": 0, "count": 0, "marked": false}, "stats": {"checkinsCount": 54, "usersCount": 11, "tipCount": 1}, "id": "50361518e4b0e6196dd022d5", "categories": [{"pluralName": "Asian Restaurants", "id": "4bf58dd8d48988d142941735", "primary": true, "icon": {"prefix": "https://ss3.4sqi.net/img/categories_v2/food/asian_", "suffix": ".png"}, "name": "Asian Restaurant", "shortName": "Asian"}], "location": {"lng": 103.83952854715928, "formattedAddress": ["Blk 632 (Yishun Street 61)", "Singapore"], "lat": 1.4189031734799926, "crossStreet": "Yishun Street 61", "distance": 748, "country": "Singapore", "cc": "SG", "address": "Blk 632", "labeledLatLngs": [{"lng": 103.83952854715928, "label": "display", "lat": 1.4189031734799926}]}, "verified": false, "price": {"tier": 2, "currency": "$", "message": "Moderate"}}, "referralId": "e-3-50361518e4b0e6196dd022d5-13", "tips": [{"id": "5114fb9ee4b07a07571e2af7", "text": "this is a heartland coffeeshop. managed by food Xchange.", "disagreeCount": 0, "createdAt": 1360329630, "logView": true, "todo": {"count": 0}, "agreeCount": 0, "canonicalUrl": "https://foursquare.com/item/5114fb9ee4b07a07571e2af7", "type": "user", "user": {"gender": "male", "id": "4354208", "photo": {"prefix": "https://igx.4sqi.net/img/user/", "suffix": "/YADER5XXT3WDUGLB.jpg"}, "firstName": "cheekoon", "lastName": "teo"}}]}, {"reasons": {"items": [{"reasonName": "globalInteractionReason", "summary": "This spot is popular", "type": "general"}], "count": 0}, "venue": {"hereNow": {"groups": [], "summary": "Nobody here", "count": 0}, "contact": {}, "photos": {"groups": [], "count": 0}, "name": "Mcdonald's / McCafe", "allowMenuUrlEdit": true, "beenHere": {"lastCheckinExpiredAt": 0, "count": 0, "marked": false}, "stats": {"checkinsCount": 48, "usersCount": 12, "tipCount": 1}, "id": "50bb8f14e4b0ecc0b0a2491a", "categories": [{"pluralName": "Fast Food Restaurants", "id": "4bf58dd8d48988d16e941735", "primary": true, "icon": {"prefix": "https://ss3.4sqi.net/img/categories_v2/food/fastfood_", "suffix": ".png"}, "name": "Fast Food Restaurant", "shortName": "Fast Food"}], "location": {"formattedAddress": ["Yishun Avenue 4", "Singapore"], "lat": 1.4139214400466862, "lng": 103.83879258955852, "country": "Singapore", "distance": 752, "city": "Singapore", "cc": "SG", "address": "Yishun Avenue 4", "labeledLatLngs": [{"lng": 103.83879258955852, "label": "display", "lat": 1.4139214400466862}]}, "verified": false, "price": {"tier": 1, "currency": "$", "message": "Cheap"}}, "referralId": "e-3-50bb8f14e4b0ecc0b0a2491a-14", "tips": [{"id": "50cec60fe4b05a3ba70dec51", "text": "Show your Safra card to enjoy free apple pie. Hurry before promotion ends.", "disagreeCount": 0, "createdAt": 1355728399, "logView": true, "todo": {"count": 0}, "agreeCount": 0, "canonicalUrl": "https://foursquare.com/item/50cec60fe4b05a3ba70dec51", "type": "user", "user": {"id": "10603972", "photo": {"prefix": "https://igx.4sqi.net/img/user/", "suffix": "/10603972-YSQA2MBOFTMQ0QGW.jpg"}, "firstName": "Lemon", "gender": "male"}}]}], "name": "recommended", "type": "Recommended Places"}], "query": "food", "headerLocation": "Yishun"}}