{"meta": {"code": 200, "requestId": "595a3c64351e3d64b06f836f"}, "response": {"suggestedFilters": {"filters": [{"name": "Open now", "key": "openNow"}], "header": "Tap to show:"}, "warning": {"text": "There aren't a lot of results near you. Try something more general, reset your filters, or expand the search area."}, "totalResults": 103, "headerFullLocation": "Toa Payoh, Singapore", "headerLocationGranularity": "neighborhood", "suggestedBounds": {"ne": {"lng": 103.8546902726, "lat": 1.3398289943232071}, "sw": {"lng": 103.84031325608201, "lat": 1.3254289799231929}}, "groups": [{"items": [{"reasons": {"items": [{"reasonName": "globalInteractionReason", "summary": "This spot is popular", "type": "general"}], "count": 0}, "venue": {"hereNow": {"groups": [], "summary": "Nobody here", "count": 0}, "contact": {}, "photos": {"groups": [], "count": 0}, "name": "\u9ec4\u57d4\u5e86, Whampoa Keng", "allowMenuUrlEdit": true, "beenHere": {"lastCheckinExpiredAt": 0, "count": 0, "marked": false}, "stats": {"checkinsCount": 48, "usersCount": 35, "tipCount": 0}, "id": "4df0a9a9227193bb466c0954", "categories": [{"pluralName": "Seafood Restaurants", "id": "4bf58dd8d48988d1ce941735", "primary": true, "icon": {"prefix": "https://ss3.4sqi.net/img/categories_v2/food/seafood_", "suffix": ".png"}, "name": "Seafood Restaurant", "shortName": "Seafood"}], "location": {"formattedAddress": ["balestier road", "Singapore"], "lat": 1.326480455728889, "lng": 103.84492380433504, "distance": 742, "country": "Singapore", "cc": "SG", "address": "balestier road", "labeledLatLngs": [{"lng": 103.84492380433504, "label": "display", "lat": 1.326480455728889}]}, "verified": false, "price": {"tier": 3, "currency": "$", "message": "Expensive"}}, "referralId": "e-3-4df0a9a9227193bb466c0954-100"}, {"reasons": {"items": [{"reasonName": "globalInteractionReason", "summary": "This spot is popular", "type": "general"}], "count": 0}, "venue": {"hereNow": {"groups": [], "summary": "Nobody here", "count": 0}, "contact": {}, "storeId": "", "photos": {"groups": [], "count": 0}, "name": "Savory Fun Singapore", "allowMenuUrlEdit": true, "beenHere": {"lastCheckinExpiredAt": 0, "count": 0, "marked": false}, "stats": {"checkinsCount": 495, "usersCount": 28, "tipCount": 0}, "id": "4e48ba7281dc766f3e3d1725", "categories": [{"pluralName": "Food Trucks", "id": "4bf58dd8d48988d1cb941735", "primary": true, "icon": {"prefix": "https://ss3.4sqi.net/img/categories_v2/food/streetfood_", "suffix": ".png"}, "name": "Food Truck", "shortName": "Food Truck"}], "url": "http://www.savoryfun.com", "location": {"formattedAddress": ["Singapore"], "lat": 1.3292751608717284, "lng": 103.84153263654757, "country": "Singapore", "distance": 762, "city": "Singapore", "cc": "SG", "labeledLatLngs": [{"lng": 103.84153263654757, "label": "display", "lat": 1.3292751608717284}]}, "hours": {"isLocalHoliday": false, "isOpen": true, "status": "Likely open"}, "verified": true, "price": {"tier": 1, "currency": "$", "message": "Cheap"}}, "referralId": "e-3-4e48ba7281dc766f3e3d1725-101"}, {"reasons": {"items": [{"reasonName": "globalInteractionReason", "summary": "This spot is popular", "type": "general"}], "count": 0}, "venue": {"hereNow": {"groups": [], "summary": "Nobody here", "count": 0}, "contact": {"phone": "+6563236653", "formattedPhone": "+65 6323 6653"}, "photos": {"groups": [], "count": 0}, "name": "Chong Pang BBQ Buffet", "allowMenuUrlEdit": true, "beenHere": {"lastCheckinExpiredAt": 0, "count": 0, "marked": false}, "stats": {"checkinsCount": 157, "usersCount": 145, "tipCount": 0}, "id": "4eb27d7c5c5cd1bad42eca6a", "categories": [{"pluralName": "BBQ Joints", "id": "4bf58dd8d48988d1df931735", "primary": true, "icon": {"prefix": "https://ss3.4sqi.net/img/categories_v2/food/bbqalt_", "suffix": ".png"}, "name": "BBQ Joint", "shortName": "BBQ"}], "location": {"formattedAddress": ["411 Balestier Road", "329930", "Singapore"], "postalCode": "329930", "lat": 1.325834940956821, "lng": 103.84906805088038, "country": "Singapore", "distance": 776, "city": "Singapore", "cc": "SG", "address": "411 Balestier Road", "labeledLatLngs": [{"lng": 103.84906805088038, "label": "display", "lat": 1.325834940956821}]}, "verified": false, "price": {"tier": 2, "currency": "$", "message": "Moderate"}}, "referralId": "e-3-4eb27d7c5c5cd1bad42eca6a-102"}], "name": "recommended", "type": "Recommended Places"}], "query": "food", "headerLocation": "Toa Payoh"}}