{"meta": {"code": 200, "requestId": "595a3cbe9fb6b77b776a2fee"}, "response": {"suggestedFilters": {"filters": [{"name": "Open now", "key": "openNow"}], "header": "Tap to show:"}, "totalResults": 20, "headerFullLocation": "Newton, Singapore", "headerLocationGranularity": "neighborhood", "suggestedBounds": {"ne": {"lng": 103.84517374906964, "lat": 1.3195201067556472}, "sw": {"lng": 103.83079685019636, "lat": 1.305120092355633}}, "groups": [{"items": [{"reasons": {"items": [{"reasonName": "globalInteractionReason", "summary": "This spot is popular", "type": "general"}], "count": 0}, "venue": {"contact": {}, "photos": {"groups": [], "count": 0}, "rating": 7.7, "name": "Newton Food Centre", "ratingSignals": 968, "allowMenuUrlEdit": true, "categories": [{"pluralName": "Food Courts", "id": "4bf58dd8d48988d120951735", "primary": true, "icon": {"prefix": "https://ss3.4sqi.net/img/categories_v2/shops/food_foodcourt_", "suffix": ".png"}, "name": "Food Court", "shortName": "Food Court"}], "stats": {"checkinsCount": 43444, "usersCount": 22882, "tipCount": 370}, "id": "4b1e7356f964a5201f1a24e3", "beenHere": {"lastCheckinExpiredAt": 0, "count": 0, "marked": false}, "ratingColor": "C5DE35", "location": {"lng": 103.83954553084332, "formattedAddress": ["500 Clemenceau Ave. (Newton Food Centre)", "229495", "Singapore"], "lat": 1.311926768575626, "crossStreet": "Newton Food Centre", "country": "Singapore", "distance": 179, "city": "Singapore", "cc": "SG", "address": "500 Clemenceau Ave.", "postalCode": "229495"}, "hours": {"isLocalHoliday": false, "isOpen": true, "status": "Likely open"}, "verified": false, "hereNow": {"groups": [], "summary": "Nobody here", "count": 0}}, "referralId": "e-3-4b1e7356f964a5201f1a24e3-0", "tips": [{"id": "5225e5a511d29a391c817012", "text": "A visit to Newton Hawker Centre is the best way to experience local Singaporean dishes. We recommend local favourites chicken rice and chili crab to start.", "disagreeCount": 0, "logView": true, "createdAt": 1378215333, "likes": {"groups": [], "summary": "38 likes", "count": 38}, "todo": {"count": 2}, "agreeCount": 38, "canonicalUrl": "https://foursquare.com/item/5225e5a511d29a391c817012", "type": "user", "user": {"id": "9930647", "photo": {"prefix": "https://igx.4sqi.net/img/user/", "suffix": "/9930647-YM1OXNBEFTL4UZHW.jpg"}, "firstName": "The Ritz-Carlton", "type": "chain", "gender": "none"}}]}, {"reasons": {"items": [{"reasonName": "globalInteractionReason", "summary": "This spot is popular", "type": "general"}], "count": 0}, "venue": {"hereNow": {"groups": [], "summary": "Nobody here", "count": 0}, "contact": {}, "photos": {"groups": [], "count": 0}, "rating": 7.5, "name": "Hai Yan BBQ Seafood", "ratingSignals": 9, "allowMenuUrlEdit": true, "categories": [{"pluralName": "Seafood Restaurants", "id": "4bf58dd8d48988d1ce941735", "primary": true, "icon": {"prefix": "https://ss3.4sqi.net/img/categories_v2/food/seafood_", "suffix": ".png"}, "name": "Seafood Restaurant", "shortName": "Seafood"}], "stats": {"checkinsCount": 361, "usersCount": 143, "tipCount": 5}, "id": "4ba65051f964a520464539e3", "beenHere": {"lastCheckinExpiredAt": 0, "count": 0, "marked": false}, "ratingColor": "C5DE35", "location": {"lng": 103.83959648190825, "formattedAddress": ["#01-11 Newton Food Centre (500 Clemenceau Avenue North)", "Singapore"], "lat": 1.3116643745810557, "crossStreet": "500 Clemenceau Avenue North", "country": "Singapore", "distance": 193, "city": "Singapore", "cc": "SG", "address": "#01-11 Newton Food Centre", "labeledLatLngs": [{"lng": 103.83959648190825, "label": "display", "lat": 1.3116643745810557}]}, "verified": false, "price": {"tier": 3, "currency": "$", "message": "Expensive"}}, "referralId": "e-3-4ba65051f964a520464539e3-1", "tips": [{"id": "4ce6c99af1c6236ad29355f0", "text": "Nice seafood! Super nice boss!", "disagreeCount": 0, "logView": true, "createdAt": 1290193306, "likes": {"groups": [], "summary": "12 likes", "count": 12}, "todo": {"count": 1}, "agreeCount": 0, "canonicalUrl": "https://foursquare.com/item/4ce6c99af1c6236ad29355f0", "type": "user", "user": {"gender": "female", "id": "4740616", "photo": {"prefix": "https://igx.4sqi.net/img/user/", "suffix": "/BZ4YW3MUEITX1ZQW.jpg"}, "firstName": "Esther", "lastName": "Foo"}}]}, {"reasons": {"items": [{"reasonName": "globalInteractionReason", "summary": "This spot is popular", "type": "general"}], "count": 0}, "venue": {"hereNow": {"groups": [], "summary": "Nobody here", "count": 0}, "contact": {"facebook": "257374131039502", "facebookUsername": "KiShosg", "facebookName": "Ki-Sho Japanese Cuisine", "phone": "+6567335251", "formattedPhone": "+65 6733 5251"}, "photos": {"groups": [], "count": 0}, "rating": 8.1, "menu": {"mobileUrl": "http://www.scotts29.com/ki-sho/downloads/Ki-sho_FoodMenu.pdf", "externalUrl": "http://www.scotts29.com/ki-sho/downloads/Ki-sho_FoodMenu.pdf", "url": "http://www.scotts29.com/ki-sho/downloads/Ki-sho_FoodMenu.pdf", "anchor": "View Menu", "label": "Menu", "type": "Menu"}, "name": "Ki-Sho", "ratingSignals": 20, "allowMenuUrlEdit": true, "categories": [{"pluralName": "Japanese Restaurants", "id": "4bf58dd8d48988d111941735", "primary": true, "icon": {"prefix": "https://ss3.4sqi.net/img/categories_v2/food/japanese_", "suffix": ".png"}, "name": "Japanese Restaurant", "shortName": "Japanese"}], "stats": {"checkinsCount": 203, "usersCount": 84, "tipCount": 6}, "id": "5114a961e4b09c3bcfebf674", "beenHere": {"lastCheckinExpiredAt": 0, "count": 0, "marked": false}, "ratingColor": "73CF42", "location": {"formattedAddress": ["29 Scotts Road", "228224", "Singapore"], "postalCode": "228224", "lat": 1.3104274047441047, "lng": 103.83477319925142, "distance": 414, "country": "Singapore", "cc": "SG", "address": "29 Scotts Road", "labeledLatLngs": [{"lng": 103.83477319925142, "label": "display", "lat": 1.3104274047441047}]}, "verified": false, "price": {"tier": 2, "currency": "$", "message": "Moderate"}}, "referralId": "e-3-5114a961e4b09c3bcfebf674-2", "tips": [{"id": "58a5d2c5727ba369113530d8", "text": "Good for business lunches or dinners. Private room available. Parking is easy.", "disagreeCount": 0, "createdAt": 1487262405, "logView": true, "todo": {"count": 0}, "agreeCount": 0, "canonicalUrl": "https://foursquare.com/item/58a5d2c5727ba369113530d8", "type": "user", "user": {"gender": "male", "id": "5077274", "photo": {"prefix": "https://igx.4sqi.net/img/user/", "suffix": "/YICVU4T3PXSD4ZZ1.jpg"}, "firstName": "Max", "lastName": "Ng"}}]}, {"reasons": {"items": [{"reasonName": "globalInteractionReason", "summary": "This spot is popular", "type": "general"}], "count": 0}, "venue": {"hereNow": {"groups": [], "summary": "Nobody here", "count": 0}, "contact": {"phone": "+6567353727", "formattedPhone": "+65 6735 3727"}, "photos": {"groups": [], "count": 0}, "rating": 8.8, "name": "Tatsuya Japanese Restaurant", "ratingSignals": 121, "allowMenuUrlEdit": true, "categories": [{"pluralName": "Japanese Restaurants", "id": "4bf58dd8d48988d111941735", "primary": true, "icon": {"prefix": "https://ss3.4sqi.net/img/categories_v2/food/japanese_", "suffix": ".png"}, "name": "Japanese Restaurant", "shortName": "Japanese"}], "stats": {"checkinsCount": 1534, "usersCount": 902, "tipCount": 64}, "id": "4b6ee15ff964a520c1ce2ce3", "beenHere": {"lastCheckinExpiredAt": 0, "count": 0, "marked": false}, "ratingColor": "73CF42", "location": {"lat": 1.308560681057789, "distance": 648, "country": "Singapore", "cc": "SG", "crossStreet": "22 Scotts Rd.", "formattedAddress": ["Goodwood Park Hotel (22 Scotts Rd.)", "238518", "Singapore"], "neighborhood": "Orchard", "city": "Singapore", "lng": 103.83353343951434, "labeledLatLngs": [{"lng": 103.83353343951434, "label": "display", "lat": 1.308560681057789}], "address": "Goodwood Park Hotel", "postalCode": "238518"}, "hours": {"isLocalHoliday": false, "isOpen": true, "status": "Open until 11:00 PM"}, "verified": false, "price": {"tier": 2, "currency": "$", "message": "Moderate"}}, "referralId": "e-3-4b6ee15ff964a520c1ce2ce3-3", "tips": [{"id": "4d20018dd7b0b1f75158119f", "text": "Bentos during lunch hours are great for everyone to start enjoying great Japanese food here. They also serve lunches on weekends!", "disagreeCount": 0, "logView": true, "createdAt": 1293943181, "likes": {"groups": [], "summary": "6 likes", "count": 6}, "todo": {"count": 1}, "agreeCount": 3, "canonicalUrl": "https://foursquare.com/item/4d20018dd7b0b1f75158119f", "type": "user", "user": {"gender": "male", "id": "142293", "photo": {"prefix": "https://igx.4sqi.net/img/user/", "suffix": "/HV2KFSR3CMDG55PP.jpg"}, "firstName": "Keng Hoe", "lastName": "Toh"}}]}, {"reasons": {"items": [{"reasonName": "globalInteractionReason", "summary": "This spot is popular", "type": "general"}], "count": 0}, "venue": {"hereNow": {"groups": [], "summary": "Nobody here", "count": 0}, "contact": {"facebook": "195971453749964", "facebookUsername": "SheratonTowersSingapore", "facebookName": "Sheraton Towers Singapore", "phone": "+6568395623", "formattedPhone": "+65 6839 5623"}, "photos": {"groups": [], "count": 0}, "rating": 7.2, "name": "Li Bai Cantonese Restaurant", "ratingSignals": 29, "allowMenuUrlEdit": true, "categories": [{"pluralName": "Chinese Restaurants", "id": "4bf58dd8d48988d145941735", "primary": true, "icon": {"prefix": "https://ss3.4sqi.net/img/categories_v2/food/asian_", "suffix": ".png"}, "name": "Chinese Restaurant", "shortName": "Chinese"}], "stats": {"checkinsCount": 1153, "usersCount": 684, "tipCount": 12}, "id": "4b058812f964a520b5af22e3", "beenHere": {"lastCheckinExpiredAt": 0, "count": 0, "marked": false}, "url": "https://www.facebook.com/SheratonTowersSingapore", "ratingColor": "C5DE35", "location": {"lng": 103.83659606291553, "formattedAddress": ["GF, Sheraton Towers (39 Scotts Rd.)", "228230", "Singapore"], "postalCode": "228230", "lat": 1.3115000943566246, "crossStreet": "39 Scotts Rd.", "country": "Singapore", "distance": 179, "city": "Singapore", "cc": "SG", "address": "GF, Sheraton Towers", "labeledLatLngs": [{"lng": 103.83659606291553, "label": "display", "lat": 1.3115000943566246}]}, "hours": {"isLocalHoliday": false, "isOpen": true, "status": "Likely open"}, "verified": true, "price": {"tier": 1, "currency": "$", "message": "Cheap"}}, "referralId": "e-3-4b058812f964a520b5af22e3-4", "tips": [{"id": "4d639a391a83f04df4f3742b", "text": "The fish noodles are fantabulous!!! Yes, noodles made from fish meat!", "disagreeCount": 0, "logView": true, "createdAt": 1298373177, "likes": {"groups": [], "summary": "3 likes", "count": 3}, "todo": {"count": 0}, "agreeCount": 3, "canonicalUrl": "https://foursquare.com/item/4d639a391a83f04df4f3742b", "type": "user", "user": {"gender": "none", "id": "284951", "photo": {"prefix": "https://igx.4sqi.net/img/user/", "suffix": "/3GRT2LAHFAZOQE42.jpg"}, "firstName": "Anch", "lastName": "Lim"}}]}, {"reasons": {"items": [{"reasonName": "globalInteractionReason", "summary": "This spot is popular", "type": "general"}], "count": 0}, "venue": {"hereNow": {"groups": [{"items": [], "name": "Other people here", "count": 1, "type": "others"}], "summary": "One other person is here", "count": 1}, "contact": {"phone": "+6567323637", "formattedPhone": "+65 6732 3637"}, "photos": {"groups": [], "count": 0}, "rating": 7.6, "name": "Chui Huay Lim Teochew Cuisine", "ratingSignals": 116, "allowMenuUrlEdit": true, "categories": [{"pluralName": "Chinese Restaurants", "id": "4bf58dd8d48988d145941735", "primary": true, "icon": {"prefix": "https://ss3.4sqi.net/img/categories_v2/food/asian_", "suffix": ".png"}, "name": "Chinese Restaurant", "shortName": "Chinese"}], "stats": {"checkinsCount": 2683, "usersCount": 1507, "tipCount": 50}, "id": "4e78087c887738167d3360df", "beenHere": {"lastCheckinExpiredAt": 0, "count": 0, "marked": false}, "url": "http://chlteochewcuisine.com", "ratingColor": "C5DE35", "location": {"lng": 103.84152697523645, "formattedAddress": ["#01-02, Chui Huay Lim Club (190 Keng Lee Rd.)", "308409", "Singapore"], "postalCode": "308409", "lat": 1.3139547289678448, "crossStreet": "190 Keng Lee Rd.", "country": "Singapore", "distance": 434, "city": "Singapore", "cc": "SG", "address": "#01-02, Chui Huay Lim Club", "labeledLatLngs": [{"lng": 103.84152697523645, "label": "display", "lat": 1.3139547289678448}]}, "hours": {"isLocalHoliday": false, "isOpen": true, "status": "Open until 11:00 PM"}, "verified": false, "price": {"tier": 1, "currency": "$", "message": "Cheap"}}, "referralId": "e-3-4e78087c887738167d3360df-5", "tips": [{"id": "51e7f2d6498e46da10fe08a9", "text": "Fried oyster omelette: Woweee! Possibly d best I've tasted all my life! There's something xtra special in d egg-flour recipe dat leaves a lingering savoury scent. Amazing!", "disagreeCount": 0, "logView": true, "createdAt": 1374155478, "likes": {"groups": [], "summary": "4 likes", "count": 4}, "todo": {"count": 0}, "agreeCount": 4, "canonicalUrl": "https://foursquare.com/item/51e7f2d6498e46da10fe08a9", "type": "user", "user": {"gender": "male", "id": "231366", "photo": {"prefix": "https://igx.4sqi.net/img/user/", "suffix": "/231366-Q2ZSAEF50GYUXPDA.jpg"}, "firstName": "Cheen", "lastName": "The Curious"}}]}, {"reasons": {"items": [{"reasonName": "globalInteractionReason", "summary": "This spot is popular", "type": "general"}], "count": 0}, "venue": {"hereNow": {"groups": [], "summary": "Nobody here", "count": 0}, "contact": {"phone": "+6567335666", "formattedPhone": "+65 6733 5666"}, "photos": {"groups": [], "count": 0}, "rating": 8.4, "name": "Nanbantei Japanese Restaurant", "ratingSignals": 105, "allowMenuUrlEdit": true, "categories": [{"pluralName": "Japanese Restaurants", "id": "4bf58dd8d48988d111941735", "primary": true, "icon": {"prefix": "https://ss3.4sqi.net/img/categories_v2/food/japanese_", "suffix": ".png"}, "name": "Japanese Restaurant", "shortName": "Japanese"}], "stats": {"checkinsCount": 1553, "usersCount": 974, "tipCount": 40}, "id": "4c079d410ed3c9286abe797d", "beenHere": {"lastCheckinExpiredAt": 0, "count": 0, "marked": false}, "url": "http://www.nanbantei.com.sg", "ratingColor": "73CF42", "location": {"lng": 103.83332964447786, "formattedAddress": ["#05-132, Far East Plaza (14 Scotts Rd.)", "228217", "Singapore"], "postalCode": "228217", "lat": 1.3071199129269335, "crossStreet": "14 Scotts Rd.", "country": "Singapore", "distance": 776, "city": "Singapore", "cc": "SG", "address": "#05-132, Far East Plaza", "labeledLatLngs": [{"lng": 103.83332964447786, "label": "display", "lat": 1.3071199129269335}]}, "hours": {"isLocalHoliday": false, "isOpen": true, "status": "Open until 10:30 PM"}, "verified": false, "price": {"tier": 2, "currency": "$", "message": "Moderate"}}, "referralId": "e-3-4c079d410ed3c9286abe797d-6", "tips": [{"id": "4e017de7a809170434391c61", "text": "Tasty yakitori bento lunch set...", "disagreeCount": 0, "logView": true, "createdAt": 1308720615, "likes": {"groups": [], "summary": "2 likes", "count": 2}, "todo": {"count": 0}, "agreeCount": 1, "canonicalUrl": "https://foursquare.com/item/4e017de7a809170434391c61", "type": "user", "user": {"id": "1323476", "photo": {"prefix": "https://igx.4sqi.net/img/user/", "suffix": "/1323476-B1D5XLFOAJX5JOVB.jpg"}, "firstName": "iPearl", "gender": "female"}}]}, {"reasons": {"items": [{"reasonName": "globalInteractionReason", "summary": "This spot is popular", "type": "general"}], "count": 0}, "venue": {"hereNow": {"groups": [], "summary": "Nobody here", "count": 0}, "contact": {}, "photos": {"groups": [], "count": 0}, "rating": 6.9, "name": "XO Minced Meat Noodle", "ratingSignals": 8, "allowMenuUrlEdit": true, "categories": [{"pluralName": "Noodle Houses", "id": "4bf58dd8d48988d1d1941735", "primary": true, "icon": {"prefix": "https://ss3.4sqi.net/img/categories_v2/food/ramen_", "suffix": ".png"}, "name": "Noodle House", "shortName": "Noodles"}], "stats": {"checkinsCount": 103, "usersCount": 67, "tipCount": 5}, "id": "4efa6a36c512f2277b3abccd", "beenHere": {"lastCheckinExpiredAt": 0, "count": 0, "marked": false}, "ratingColor": "FFC800", "location": {"lng": 103.83950590225051, "formattedAddress": ["#01-10, Newton Hawker Center (500 Clemenceau Avenue North)", "Singapore"], "lat": 1.3118027653596456, "crossStreet": "500 Clemenceau Avenue North", "country": "Singapore", "distance": 178, "city": "Singapore", "cc": "SG", "address": "#01-10, Newton Hawker Center", "labeledLatLngs": [{"lng": 103.83950590225051, "label": "display", "lat": 1.3118027653596456}]}, "verified": false, "price": {"tier": 1, "currency": "$", "message": "Cheap"}}, "referralId": "e-3-4efa6a36c512f2277b3abccd-7", "tips": [{"id": "5232771f11d2f2ca916e1d0e", "text": "Open 24 hours. In a tourist area like Newton Hawker Centre, this store offer tasty food that I'd value for money. My favorite is $4 XO Minced Pork Noodle. Highly recommended.", "disagreeCount": 0, "logView": true, "createdAt": 1379039007, "likes": {"groups": [], "summary": "1 like", "count": 1}, "todo": {"count": 0}, "agreeCount": 1, "canonicalUrl": "https://foursquare.com/item/5232771f11d2f2ca916e1d0e", "type": "user", "user": {"gender": "male", "id": "45750276", "photo": {"prefix": "https://igx.4sqi.net/img/user/", "suffix": "/FBD1LO2PFEI3UQYF.jpg"}, "firstName": "H M", "lastName": "Tan"}}]}, {"reasons": {"items": [{"reasonName": "globalInteractionReason", "summary": "This spot is popular", "type": "general"}], "count": 0}, "venue": {"hereNow": {"groups": [], "summary": "Nobody here", "count": 0}, "contact": {}, "photos": {"groups": [], "count": 0}, "rating": 7.2, "name": "Buona Terra Italian Restaurant", "ratingSignals": 9, "allowMenuUrlEdit": true, "categories": [{"pluralName": "Italian Restaurants", "id": "4bf58dd8d48988d110941735", "primary": true, "icon": {"prefix": "https://ss3.4sqi.net/img/categories_v2/food/italian_", "suffix": ".png"}, "name": "Italian Restaurant", "shortName": "Italian"}], "stats": {"checkinsCount": 100, "usersCount": 77, "tipCount": 3}, "id": "511cc684e4b0b784eff2a06b", "beenHere": {"lastCheckinExpiredAt": 0, "count": 0, "marked": false}, "ratingColor": "C5DE35", "location": {"formattedAddress": ["29 Scotts Rd", "Singapore"], "lat": 1.3105266442416725, "lng": 103.83502794580647, "country": "Singapore", "distance": 384, "city": "Singapore", "cc": "SG", "address": "29 Scotts Rd", "labeledLatLngs": [{"lng": 103.83502794580647, "label": "display", "lat": 1.3105266442416725}]}, "verified": false, "price": {"tier": 2, "currency": "$", "message": "Moderate"}}, "referralId": "e-3-511cc684e4b0b784eff2a06b-8", "tips": [{"id": "522d7367498ea1aa94d70178", "text": "cosy is an understatement for this 20-something seater. friendly sommelier but we wished the staff had more knowledge of the menus. overall food was great; the pappardelle is definitely recommended.", "disagreeCount": 0, "logView": true, "createdAt": 1378710375, "likes": {"groups": [], "summary": "1 like", "count": 1}, "todo": {"count": 0}, "agreeCount": 1, "canonicalUrl": "https://foursquare.com/item/522d7367498ea1aa94d70178", "type": "user", "user": {"gender": "female", "id": "590039", "photo": {"prefix": "https://igx.4sqi.net/img/user/", "suffix": "/GKAPPGYRH1JGIX3D.jpg"}, "firstName": "Vern", "lastName": "Lim"}}]}, {"reasons": {"items": [{"reasonName": "globalInteractionReason", "summary": "This spot is popular", "type": "general"}], "count": 0}, "venue": {"hereNow": {"groups": [], "summary": "Nobody here", "count": 0}, "contact": {"twitter": "grandhyattsing", "phone": "+6567381234", "formattedPhone": "+65 6738 1234"}, "photos": {"groups": [], "count": 0}, "rating": 8.0, "name": "Oasis", "ratingSignals": 8, "allowMenuUrlEdit": true, "categories": [{"pluralName": "Restaurants", "id": "4bf58dd8d48988d1c4941735", "primary": true, "icon": {"prefix": "https://ss3.4sqi.net/img/categories_v2/food/default_", "suffix": ".png"}, "name": "Restaurant", "shortName": "Restaurant"}], "stats": {"checkinsCount": 326, "usersCount": 222, "tipCount": 3}, "id": "4ba062f9f964a5207c6b37e3", "beenHere": {"lastCheckinExpiredAt": 0, "count": 0, "marked": false}, "url": "http://www.singapore.grand.hyattrestaurants.com/oasis/", "ratingColor": "73CF42", "location": {"lng": 103.834034, "formattedAddress": ["5th Level, Terrace Wing, Grand Hyatt Singapore (10 Scotts Road)", "228211", "Singapore"], "postalCode": "228211", "lat": 1.306923, "crossStreet": "10 Scotts Road", "country": "Singapore", "distance": 744, "city": "Singapore", "cc": "SG", "address": "5th Level, Terrace Wing, Grand Hyatt Singapore", "labeledLatLngs": [{"lng": 103.834034, "label": "display", "lat": 1.306923}]}, "hours": {"isLocalHoliday": false, "isOpen": true, "status": "Open until 10:00 PM"}, "verified": false, "price": {"tier": 2, "currency": "$", "message": "Moderate"}}, "referralId": "e-3-4ba062f9f964a5207c6b37e3-9", "tips": [{"id": "4fae5ae3e4b08260e3d9d6ca", "text": "Weekend BBQ buffet with endless flow of prosecco, margaritas, beers, juices and soft drinks! Not to mention the bbq lamb, beef, sausages, prawns n a whole lot more! *BURP*", "disagreeCount": 0, "logView": true, "createdAt": 1336826595, "likes": {"groups": [], "summary": "1 like", "count": 1}, "todo": {"count": 0}, "agreeCount": 1, "canonicalUrl": "https://foursquare.com/item/4fae5ae3e4b08260e3d9d6ca", "type": "user", "user": {"gender": "female", "id": "11301938", "photo": {"prefix": "https://igx.4sqi.net/img/user/", "suffix": "/QXGDS412BVTPDFJ3.jpg"}, "firstName": "Val", "lastName": "C"}}]}, {"reasons": {"items": [{"reasonName": "globalInteractionReason", "summary": "This spot is popular", "type": "general"}], "count": 0}, "venue": {"hereNow": {"groups": [], "summary": "Nobody here", "count": 0}, "contact": {"phone": "+6567361121", "formattedPhone": "+65 6736 1121"}, "photos": {"groups": [], "count": 0}, "rating": 7.9, "name": "Saveur", "ratingSignals": 186, "allowMenuUrlEdit": true, "categories": [{"pluralName": "French Restaurants", "id": "4bf58dd8d48988d10c941735", "primary": true, "icon": {"prefix": "https://ss3.4sqi.net/img/categories_v2/food/french_", "suffix": ".png"}, "name": "French Restaurant", "shortName": "French"}], "stats": {"checkinsCount": 3902, "usersCount": 2617, "tipCount": 63}, "id": "51615879498e18f6918b4970", "beenHere": {"lastCheckinExpiredAt": 0, "count": 0, "marked": false}, "url": "http://www.saveur.sg", "ratingColor": "C5DE35", "location": {"lng": 103.833396, "formattedAddress": ["#01-07B Far East Plaza (14 Scotts Rd.)", "228213", "Singapore"], "postalCode": "228213", "lat": 1.307249, "crossStreet": "14 Scotts Rd.", "country": "Singapore", "distance": 761, "city": "Singapore", "cc": "SG", "address": "#01-07B Far East Plaza", "labeledLatLngs": [{"lng": 103.833396, "label": "display", "lat": 1.307249}]}, "hours": {"isLocalHoliday": false, "isOpen": true, "status": "Open until 9:30 PM"}, "verified": false, "price": {"tier": 3, "currency": "$", "message": "Expensive"}}, "referralId": "e-3-51615879498e18f6918b4970-10", "tips": [{"logView": true, "photo": {"id": "52458db7498e1d7af4b6a1c1", "visibility": "public", "source": {"name": "Foursquare for iOS", "url": "https://foursquare.com/download/#/iphone"}, "suffix": "/55441617_Y_UQegfgvClXalOhVfA7iXCicViCioJLP_hL55OH9Ug.jpg", "createdAt": 1380289975, "prefix": "https://igx.4sqi.net/img/general/", "width": 960, "height": 720}, "createdAt": 1380289970, "todo": {"count": 0}, "agreeCount": 3, "likes": {"groups": [], "summary": "3 likes", "count": 3}, "id": "52458db2498e2b18ee6f17f9", "text": "At the risk of sounding unimaginative- best duck I've eaten in my life", "disagreeCount": 0, "user": {"gender": "female", "id": "55441617", "photo": {"prefix": "https://igx.4sqi.net/img/user/", "suffix": "/55441617-EXENB3J1AE30GPUE.jpg"}, "firstName": "Valerie", "lastName": "Oon"}, "canonicalUrl": "https://foursquare.com/item/52458db2498e2b18ee6f17f9", "type": "user", "photourl": "https://igx.4sqi.net/img/general/original/55441617_Y_UQegfgvClXalOhVfA7iXCicViCioJLP_hL55OH9Ug.jpg"}]}, {"reasons": {"items": [{"reasonName": "globalInteractionReason", "summary": "This spot is popular", "type": "general"}], "count": 0}, "venue": {"hereNow": {"groups": [], "summary": "Nobody here", "count": 0}, "contact": {"phone": "+6567346281", "formattedPhone": "+65 6734 6281"}, "photos": {"groups": [], "count": 0}, "rating": 7.4, "name": "Shima Restaurant", "ratingSignals": 25, "allowMenuUrlEdit": true, "categories": [{"pluralName": "Japanese Restaurants", "id": "4bf58dd8d48988d111941735", "primary": true, "icon": {"prefix": "https://ss3.4sqi.net/img/categories_v2/food/japanese_", "suffix": ".png"}, "name": "Japanese Restaurant", "shortName": "Japanese"}], "stats": {"checkinsCount": 536, "usersCount": 399, "tipCount": 11}, "id": "4bffa192f61ea593ba7fea13", "beenHere": {"lastCheckinExpiredAt": 0, "count": 0, "marked": false}, "url": "http://www.shimagwp.com/", "ratingColor": "C5DE35", "location": {"lng": 103.83389008156514, "formattedAddress": ["Goodwood Park Hotel (22 Scotts Road)", "228221", "Singapore"], "postalCode": "228221", "lat": 1.3092246007046695, "crossStreet": "22 Scotts Road", "country": "Singapore", "distance": 571, "city": "Singapore", "cc": "SG", "address": "Goodwood Park Hotel", "labeledLatLngs": [{"lng": 103.83389008156514, "label": "display", "lat": 1.3092246007046695}]}, "hours": {"isLocalHoliday": false, "isOpen": true, "status": "Likely open"}, "verified": false, "price": {"tier": 2, "currency": "$", "message": "Moderate"}}, "referralId": "e-3-4bffa192f61ea593ba7fea13-11", "tips": [{"id": "520f737711d2ce3681e5a856", "text": "Very Nice restaurant", "disagreeCount": 0, "logView": true, "createdAt": 1376744311, "likes": {"groups": [], "summary": "1 like", "count": 1}, "todo": {"count": 1}, "agreeCount": 1, "canonicalUrl": "https://foursquare.com/item/520f737711d2ce3681e5a856", "type": "user", "user": {"gender": "male", "id": "43827139", "photo": {"prefix": "https://igx.4sqi.net/img/user/", "suffix": "/01SJDXQWUQ3KIOPF.jpg"}, "firstName": "Bruno", "lastName": "VM"}}]}, {"reasons": {"items": [{"reasonName": "globalInteractionReason", "summary": "This spot is popular", "type": "general"}], "count": 0}, "venue": {"hereNow": {"groups": [], "summary": "Nobody here", "count": 0}, "contact": {"phone": "+6567301704", "formattedPhone": "+65 6730 1704"}, "photos": {"groups": [], "count": 0}, "rating": 7.3, "name": "Min Jiang", "ratingSignals": 19, "allowMenuUrlEdit": true, "categories": [{"pluralName": "Chinese Restaurants", "id": "4bf58dd8d48988d145941735", "primary": true, "icon": {"prefix": "https://ss3.4sqi.net/img/categories_v2/food/asian_", "suffix": ".png"}, "name": "Chinese Restaurant", "shortName": "Chinese"}], "stats": {"checkinsCount": 182, "usersCount": 144, "tipCount": 6}, "id": "5413db04498e2ddcc2f1c4b7", "beenHere": {"lastCheckinExpiredAt": 0, "count": 0, "marked": false}, "ratingColor": "C5DE35", "location": {"lng": 103.83451279215635, "formattedAddress": ["Goodwood Park Hotel (22 Scotts Road)", "Singapore"], "lat": 1.3086123664251628, "crossStreet": "22 Scotts Road", "country": "Singapore", "distance": 565, "city": "Singapore", "cc": "SG", "address": "Goodwood Park Hotel", "labeledLatLngs": [{"lng": 103.83451279215635, "label": "display", "lat": 1.3086123664251628}]}, "verified": false, "price": {"tier": 1, "currency": "$", "message": "Cheap"}}, "referralId": "e-3-5413db04498e2ddcc2f1c4b7-12", "tips": [{"logView": true, "photo": {"id": "587daa9b7ff1e421e34d918e", "visibility": "public", "source": {"name": "Swarm for iOS", "url": "https://www.swarmapp.com"}, "suffix": "/4133419_bOPNtV4ut-gh08uG7lTFTMu3zGNIX-ZZ0T_aJr0qZ0k.jpg", "createdAt": 1484630683, "prefix": "https://igx.4sqi.net/img/general/", "width": 1440, "height": 1920}, "createdAt": 1484902374, "agreeCount": 0, "id": "5881cfe6e03e571c1a0bf8de", "text": "Love the dimsum here! A must visit Chinese dim sum restaurant in a hotel that's being registered as monument.", "type": "user", "disagreeCount": 0, "user": {"gender": "female", "id": "4133419", "photo": {"prefix": "https://igx.4sqi.net/img/user/", "suffix": "/4133419-H11L3ZJPDCURXYAA.jpg"}, "firstName": "Nora", "lastName": "Worawan Ongcharit"}, "canonicalUrl": "https://foursquare.com/item/5881cfe6e03e571c1a0bf8de", "todo": {"count": 0}, "photourl": "https://igx.4sqi.net/img/general/original/4133419_bOPNtV4ut-gh08uG7lTFTMu3zGNIX-ZZ0T_aJr0qZ0k.jpg"}]}, {"reasons": {"items": [{"reasonName": "globalInteractionReason", "summary": "This spot is popular", "type": "general"}], "count": 0}, "venue": {"hereNow": {"groups": [], "summary": "Nobody here", "count": 0}, "contact": {"phone": "+6566220432", "formattedPhone": "+65 6622 0432"}, "photos": {"groups": [], "count": 0}, "rating": 7.4, "name": "The Wheelhouse", "ratingSignals": 13, "allowMenuUrlEdit": true, "categories": [{"pluralName": "Diners", "id": "4bf58dd8d48988d147941735", "primary": true, "icon": {"prefix": "https://ss3.4sqi.net/img/categories_v2/food/diner_", "suffix": ".png"}, "name": "Diner", "shortName": "Diner"}], "stats": {"checkinsCount": 1124, "usersCount": 212, "tipCount": 3}, "id": "4c0b20717e3fc928acedf482", "beenHere": {"lastCheckinExpiredAt": 0, "count": 0, "marked": false}, "url": "http://www.tanglinclub.org.sg/food-beverage/the-wheelhouse.html", "ratingColor": "C5DE35", "location": {"lng": 103.83284280201939, "formattedAddress": ["The Tanglin Club (5 Stevens Road)", "257814", "Singapore"], "postalCode": "257814", "lat": 1.3097197143643062, "crossStreet": "5 Stevens Road", "country": "Singapore", "distance": 641, "city": "Singapore", "cc": "SG", "address": "The Tanglin Club", "labeledLatLngs": [{"lng": 103.83284280201939, "label": "display", "lat": 1.3097197143643062}]}, "hours": {"isLocalHoliday": false, "isOpen": true, "status": "Open until 9:30 PM"}, "verified": false, "price": {"tier": 1, "currency": "$", "message": "Cheap"}}, "referralId": "e-3-4c0b20717e3fc928acedf482-13", "tips": [{"id": "520f591511d2a55c86ad590b", "text": "Great Chilli Crab on Saturday", "disagreeCount": 0, "logView": true, "createdAt": 1376737557, "likes": {"groups": [], "summary": "2 likes", "count": 2}, "todo": {"count": 0}, "agreeCount": 2, "canonicalUrl": "https://foursquare.com/item/520f591511d2a55c86ad590b", "type": "user", "user": {"id": "3880417", "photo": {"prefix": "https://igx.4sqi.net/img/user/", "suffix": "/GOYIXEY1LUEKMNSZ.jpg"}, "firstName": "Mollybaby", "gender": "female"}}]}, {"reasons": {"items": [{"reasonName": "globalInteractionReason", "summary": "This spot is popular", "type": "general"}], "count": 0}, "venue": {"hereNow": {"groups": [], "summary": "Nobody here", "count": 0}, "contact": {}, "photos": {"groups": [], "count": 0}, "rating": 7.2, "name": "Pu Dong Restaurant", "ratingSignals": 18, "allowMenuUrlEdit": true, "categories": [{"pluralName": "Chinese Restaurants", "id": "4bf58dd8d48988d145941735", "primary": true, "icon": {"prefix": "https://ss3.4sqi.net/img/categories_v2/food/asian_", "suffix": ".png"}, "name": "Chinese Restaurant", "shortName": "Chinese"}], "stats": {"checkinsCount": 275, "usersCount": 176, "tipCount": 10}, "id": "4c1a15774ff90f47f2d51049", "beenHere": {"lastCheckinExpiredAt": 0, "count": 0, "marked": false}, "ratingColor": "C5DE35", "location": {"lng": 103.83564500055624, "formattedAddress": ["#B1-02 Balmoral Plaza (271 Bukit Timah Rd.)", "259708", "Singapore"], "postalCode": "259708", "lat": 1.3167813611829, "crossStreet": "271 Bukit Timah Rd.", "country": "Singapore", "distance": 560, "city": "Singapore", "cc": "SG", "address": "#B1-02 Balmoral Plaza", "labeledLatLngs": [{"lng": 103.83564500055624, "label": "display", "lat": 1.3167813611829}]}, "hours": {"isLocalHoliday": false, "isOpen": false}, "verified": false, "price": {"tier": 1, "currency": "$", "message": "Cheap"}}, "referralId": "e-3-4c1a15774ff90f47f2d51049-14", "tips": [{"id": "5434db35498e1f9ebbbad5d3", "text": "Good Shanghainese dishes - lionhead meatballs (braised) and \u751f\u714e\u98fd especially", "disagreeCount": 0, "logView": true, "createdAt": 1412750133, "likes": {"groups": [], "summary": "1 like", "count": 1}, "todo": {"count": 0}, "agreeCount": 1, "canonicalUrl": "https://foursquare.com/item/5434db35498e1f9ebbbad5d3", "type": "user", "user": {"gender": "male", "id": "536955", "photo": {"prefix": "https://igx.4sqi.net/img/user/", "suffix": "/536955-0I3H0I3PWX4OO1AB.jpg"}, "firstName": "Wen", "lastName": "Huang"}}]}, {"reasons": {"items": [{"reasonName": "globalInteractionReason", "summary": "This spot is popular", "type": "general"}], "count": 0}, "venue": {"hereNow": {"groups": [], "summary": "Nobody here", "count": 0}, "contact": {"facebook": "375940009149223", "facebookUsername": "thesushibar.sg", "facebookName": "The Sushi Bar"}, "photos": {"groups": [], "count": 0}, "rating": 7.6, "name": "The Sushi Bar", "ratingSignals": 155, "allowMenuUrlEdit": true, "categories": [{"pluralName": "Sushi Restaurants", "id": "4bf58dd8d48988d1d2941735", "primary": true, "icon": {"prefix": "https://ss3.4sqi.net/img/categories_v2/food/sushi_", "suffix": ".png"}, "name": "Sushi Restaurant", "shortName": "Sushi"}], "stats": {"checkinsCount": 2614, "usersCount": 1602, "tipCount": 67}, "id": "50769d42e4b079dfb97fc0c6", "beenHere": {"lastCheckinExpiredAt": 0, "count": 0, "marked": false}, "ratingColor": "C5DE35", "location": {"formattedAddress": ["#04-28 Far East Plaza", "Singapore"], "lat": 1.3070059523697994, "lng": 103.83377686176486, "country": "Singapore", "distance": 754, "city": "Singapore", "cc": "SG", "address": "#04-28 Far East Plaza", "labeledLatLngs": [{"lng": 103.83377686176486, "label": "display", "lat": 1.3070059523697994}]}, "hours": {"isLocalHoliday": false, "isOpen": true, "status": "Open until 9:00 PM"}, "verified": false, "price": {"tier": 3, "currency": "$", "message": "Expensive"}}, "referralId": "e-3-50769d42e4b079dfb97fc0c6-15", "tips": [{"id": "53d91337498ee45dc544d6c2", "text": "Basically you can't go wrong with anything here, except wait times should you choose to do a walk-in. Be sure to reserve a week or more in advance to avoid disappointment. you can SMS 96536464.", "disagreeCount": 0, "logView": true, "createdAt": 1406735159, "likes": {"groups": [], "summary": "4 likes", "count": 4}, "todo": {"count": 2}, "agreeCount": 4, "canonicalUrl": "https://foursquare.com/item/53d91337498ee45dc544d6c2", "type": "user", "user": {"gender": "female", "id": "7195322", "photo": {"prefix": "https://igx.4sqi.net/img/user/", "suffix": "/7195322_-1QUu4X5_jduB6746lcyswokWOFF9ijtutzlvC1hzDspQIr8xyHpk-g3M-BP94M_0BanZXlfS.jpg"}, "firstName": "Debbie", "lastName": "Ng"}}]}, {"reasons": {"items": [{"reasonName": "globalInteractionReason", "summary": "This spot is popular", "type": "general"}], "count": 0}, "venue": {"hereNow": {"groups": [], "summary": "Nobody here", "count": 0}, "contact": {"facebook": "109961549071335", "facebookUsername": "FatboysUpperThomson", "facebookName": "Fatboy's The Burger Bar (Upper Thomson)", "phone": "+6567373315", "formattedPhone": "+65 6737 3315"}, "photos": {"groups": [], "count": 0}, "rating": 7.4, "name": "The Burger Bar", "ratingSignals": 47, "allowMenuUrlEdit": true, "categories": [{"pluralName": "Burger Joints", "id": "4bf58dd8d48988d16c941735", "primary": true, "icon": {"prefix": "https://ss3.4sqi.net/img/categories_v2/food/burger_", "suffix": ".png"}, "name": "Burger Joint", "shortName": "Burgers"}], "stats": {"checkinsCount": 696, "usersCount": 564, "tipCount": 17}, "id": "5125ad12e4b0c83f493ead9d", "beenHere": {"lastCheckinExpiredAt": 0, "count": 0, "marked": false}, "url": "http://www.fatboys.sg", "ratingColor": "C5DE35", "location": {"lng": 103.83315415455299, "formattedAddress": ["#01-07 Far East Plaza (14 Scotts Road)", "228213", "Singapore"], "postalCode": "228213", "lat": 1.3075551967847683, "crossStreet": "14 Scotts Road", "country": "Singapore", "distance": 755, "city": "Singapore", "cc": "SG", "address": "#01-07 Far East Plaza", "labeledLatLngs": [{"lng": 103.83315415455299, "label": "display", "lat": 1.3075551967847683}]}, "hours": {"isLocalHoliday": false, "isOpen": true, "status": "Likely open"}, "verified": true, "price": {"tier": 1, "currency": "$", "message": "Cheap"}, "storeId": ""}, "referralId": "e-3-5125ad12e4b0c83f493ead9d-16", "tips": [{"logView": true, "photo": {"id": "536200a0498e633de6daf9c5", "visibility": "public", "source": {"name": "Foursquare for iOS", "url": "https://foursquare.com/download/#/iphone"}, "suffix": "/4956602_XvJZ9u0vudE19a7oZT5Fi8ZLirRPwu1kKWG2f5GBLPM.jpg", "createdAt": 1398931616, "prefix": "https://igx.4sqi.net/img/general/", "width": 720, "height": 960}, "createdAt": 1398931613, "todo": {"count": 0}, "agreeCount": 3, "likes": {"groups": [], "summary": "3 likes", "count": 3}, "id": "5362009d11d20e4b491232e9", "text": "The grilled chicken burger is very good!", "disagreeCount": 0, "user": {"id": "4956602", "photo": {"prefix": "https://igx.4sqi.net/img/user/", "suffix": "/YFGRNHEU01PQU1ST.jpg"}, "firstName": "Katherine", "gender": "female"}, "canonicalUrl": "https://foursquare.com/item/5362009d11d20e4b491232e9", "type": "user", "photourl": "https://igx.4sqi.net/img/general/original/4956602_XvJZ9u0vudE19a7oZT5Fi8ZLirRPwu1kKWG2f5GBLPM.jpg"}]}, {"reasons": {"items": [{"reasonName": "globalInteractionReason", "summary": "This spot is popular", "type": "general"}], "count": 0}, "venue": {"hereNow": {"groups": [], "summary": "Nobody here", "count": 0}, "contact": {"phone": "+6567342862", "formattedPhone": "+65 6734 2862"}, "photos": {"groups": [], "count": 0}, "rating": 7.4, "name": "New Station Snack Bar", "ratingSignals": 22, "allowMenuUrlEdit": true, "categories": [{"pluralName": "Asian Restaurants", "id": "4bf58dd8d48988d142941735", "primary": true, "icon": {"prefix": "https://ss3.4sqi.net/img/categories_v2/food/asian_", "suffix": ".png"}, "name": "Asian Restaurant", "shortName": "Asian"}], "stats": {"checkinsCount": 1569, "usersCount": 706, "tipCount": 12}, "id": "4dcf708ed164679b8d19f4a6", "beenHere": {"lastCheckinExpiredAt": 0, "count": 0, "marked": false}, "ratingColor": "C5DE35", "location": {"lng": 103.83348815170199, "formattedAddress": ["#05-95, Far East Plaza (14 Scotts Rd)", "228213", "Singapore"], "postalCode": "228213", "lat": 1.307356682538538, "crossStreet": "14 Scotts Rd", "country": "Singapore", "distance": 745, "city": "Singapore", "cc": "SG", "address": "#05-95, Far East Plaza", "labeledLatLngs": [{"lng": 103.83348815170199, "label": "display", "lat": 1.307356682538538}]}, "hours": {"isLocalHoliday": false, "isOpen": false, "status": "Closed until Noon tomorrow"}, "verified": false, "price": {"tier": 2, "currency": "$", "message": "Moderate"}}, "referralId": "e-3-4dcf708ed164679b8d19f4a6-17", "tips": [{"logView": true, "photo": {"id": "573d07bc498ec17ea003e20a", "visibility": "public", "source": {"name": "Foursquare for iOS", "url": "https://foursquare.com/download/#/iphone"}, "suffix": "/190561239_eKwxIgyRxGUMJXWRLM_83MJjTCWDFBbOZQmya9IfrG8.jpg", "createdAt": 1463617468, "prefix": "https://igx.4sqi.net/img/general/", "width": 1440, "height": 1915}, "createdAt": 1463617465, "todo": {"count": 0}, "agreeCount": 1, "lastVoteText": "Upvoted Apr 12", "id": "573d07b9498e94d0562b5019", "text": "Read my full review with more of pictures and detailed recommendations at my blog! Click the link here: http://tomatochen.blogspot.sg/2016/05/new-station-snack-bar_19.html?m=1", "entities": [{"indices": [104, 175], "type": "url", "object": {"url": "http://tomatochen.blogspot.sg/2016/05/new-station-snack-bar_19.html?m=1"}}], "disagreeCount": 0, "lastUpvoteTimestamp": 1491991406, "user": {"gender": "female", "id": "190561239", "photo": {"prefix": "https://igx.4sqi.net/img/user/", "default": true, "suffix": "/blank_girl.png"}, "firstName": "Tomato", "lastName": "Chen"}, "canonicalUrl": "https://foursquare.com/item/573d07b9498e94d0562b5019", "type": "user", "photourl": "https://igx.4sqi.net/img/general/original/190561239_eKwxIgyRxGUMJXWRLM_83MJjTCWDFBbOZQmya9IfrG8.jpg"}]}, {"reasons": {"items": [{"reasonName": "globalInteractionReason", "summary": "This spot is popular", "type": "general"}], "count": 0}, "venue": {"hereNow": {"groups": [], "summary": "Nobody here", "count": 0}, "contact": {}, "photos": {"groups": [], "count": 0}, "rating": 7.3, "name": "Hainanese Delicacy", "ratingSignals": 90, "allowMenuUrlEdit": true, "categories": [{"pluralName": "Chinese Restaurants", "id": "4bf58dd8d48988d145941735", "primary": true, "icon": {"prefix": "https://ss3.4sqi.net/img/categories_v2/food/asian_", "suffix": ".png"}, "name": "Chinese Restaurant", "shortName": "Chinese"}], "stats": {"checkinsCount": 2837, "usersCount": 1715, "tipCount": 39}, "id": "4c1db931b9f876b06d287e46", "beenHere": {"lastCheckinExpiredAt": 0, "count": 0, "marked": false}, "ratingColor": "C5DE35", "location": {"lng": 103.83340323709459, "formattedAddress": ["#05-116, Far East Plaza (14 Scotts Rd.)", "228213", "Singapore"], "postalCode": "228213", "lat": 1.3072777147747991, "crossStreet": "14 Scotts Rd.", "country": "Singapore", "distance": 758, "city": "Singapore", "cc": "SG", "address": "#05-116, Far East Plaza", "labeledLatLngs": [{"lng": 103.83340323709459, "label": "display", "lat": 1.3072777147747991}]}, "hours": {"isLocalHoliday": false, "isOpen": false}, "verified": false, "price": {"tier": 1, "currency": "$", "message": "Cheap"}}, "referralId": "e-3-4c1db931b9f876b06d287e46-18", "tips": [{"id": "4c0b65e7bbc676b03e864bd5", "text": "The picture of the flying carps is just amazing.", "disagreeCount": 0, "logView": true, "createdAt": 1275815399, "likes": {"groups": [], "summary": "4 likes", "count": 4}, "todo": {"count": 0}, "agreeCount": 0, "canonicalUrl": "https://foursquare.com/item/4c0b65e7bbc676b03e864bd5", "type": "user", "user": {"gender": "male", "id": "458000", "photo": {"prefix": "https://igx.4sqi.net/img/user/", "suffix": "/N51ZGL5IFFZQBBTD.jpg"}, "firstName": "Warren", "lastName": "Klass"}}]}, {"reasons": {"items": [{"reasonName": "globalInteractionReason", "summary": "This spot is popular", "type": "general"}], "count": 0}, "venue": {"hereNow": {"groups": [], "summary": "Nobody here", "count": 0}, "contact": {}, "photos": {"groups": [], "count": 0}, "rating": 7.0, "name": "Kushi Japanese Dining Bar", "ratingSignals": 12, "allowMenuUrlEdit": true, "categories": [{"pluralName": "Japanese Restaurants", "id": "4bf58dd8d48988d111941735", "primary": true, "icon": {"prefix": "https://ss3.4sqi.net/img/categories_v2/food/japanese_", "suffix": ".png"}, "name": "Japanese Restaurant", "shortName": "Japanese"}], "stats": {"checkinsCount": 135, "usersCount": 107, "tipCount": 3}, "id": "526cede211d27d207adf4e70", "beenHere": {"lastCheckinExpiredAt": 0, "count": 0, "marked": false}, "ratingColor": "C5DE35", "location": {"lng": 103.84152131392554, "formattedAddress": ["#03-01, Hotel Royal (36 Newton Road)", "307964", "Singapore"], "postalCode": "307964", "lat": 1.3167068507885271, "crossStreet": "36 Newton Road", "country": "Singapore", "distance": 627, "city": "Singapore", "cc": "SG", "address": "#03-01, Hotel Royal", "labeledLatLngs": [{"lng": 103.84152131392554, "label": "display", "lat": 1.3167068507885271}]}, "verified": false, "price": {"tier": 2, "currency": "$", "message": "Moderate"}}, "referralId": "e-3-526cede211d27d207adf4e70-19", "tips": [{"id": "526d09fd11d2fa1208be2c07", "text": "Sashimi and BBQ food are MUST TRY!", "disagreeCount": 0, "logView": true, "createdAt": 1382877693, "likes": {"groups": [], "summary": "1 like", "count": 1}, "todo": {"count": 0}, "agreeCount": 1, "canonicalUrl": "https://foursquare.com/item/526d09fd11d2fa1208be2c07", "type": "user", "user": {"gender": "male", "id": "8107105", "photo": {"prefix": "https://igx.4sqi.net/img/user/", "suffix": "/8107105-KU0SLW433X4GQ2J4.jpg"}, "firstName": "Victor", "lastName": "Tey"}}]}], "name": "recommended", "type": "Recommended Places"}], "query": "food", "headerLocation": "Newton"}}