{"meta": {"code": 200, "requestId": "595a3b32351e3d64afeba816"}, "response": {"suggestedFilters": {"filters": [{"name": "Open now", "key": "openNow"}], "header": "Tap to show:"}, "totalResults": 109, "headerFullLocation": "Orchard Road, Singapore", "headerLocationGranularity": "neighborhood", "suggestedBounds": {"ne": {"lng": 103.84626357727798, "lat": 1.307460062265447}, "sw": {"lng": 103.83188674741002, "lat": 1.2930600478654328}}, "groups": [{"items": [{"reasons": {"items": [{"reasonName": "globalInteractionReason", "summary": "This spot is popular", "type": "general"}], "count": 0}, "venue": {"hereNow": {"groups": [], "summary": "Nobody here", "count": 0}, "contact": {"phone": "+6567356765", "formattedPhone": "+65 6735 6765"}, "photos": {"groups": [], "count": 0}, "rating": 7.0, "name": "PS. Cafe", "ratingSignals": 188, "allowMenuUrlEdit": true, "categories": [{"pluralName": "Caf\u00e9s", "id": "4bf58dd8d48988d16d941735", "primary": true, "icon": {"prefix": "https://ss3.4sqi.net/img/categories_v2/food/cafe_", "suffix": ".png"}, "name": "Caf\u00e9", "shortName": "Caf\u00e9"}], "stats": {"checkinsCount": 4942, "usersCount": 3085, "tipCount": 89}, "id": "4bda5d2563c5c9b61deb2368", "beenHere": {"lastCheckinExpiredAt": 0, "count": 0, "marked": false}, "url": "http://www.pscafe.sg", "ratingColor": "C5DE35", "location": {"lng": 103.83569028908882, "formattedAddress": ["Level 3, Paragon Shopping Centre (290 Orchard Rd)", "238859", "Singapore"], "postalCode": "238859", "lat": 1.3034663967882851, "crossStreet": "290 Orchard Rd", "country": "Singapore", "distance": 518, "city": "Singapore", "cc": "SG", "address": "Level 3, Paragon Shopping Centre", "labeledLatLngs": [{"lng": 103.83569028908882, "label": "display", "lat": 1.3034663967882851}]}, "hours": {"isLocalHoliday": false, "isOpen": true, "status": "Likely open"}, "verified": false, "price": {"tier": 1, "currency": "$", "message": "Cheap"}}, "referralId": "e-3-4bda5d2563c5c9b61deb2368-100", "tips": [{"id": "4c5e8a836147be9ad0269509", "text": "31 sgd for 1 expresso, 1 chocolate, 1 lousy apple pie...god they really don't care about anything else but your money.", "disagreeCount": 0, "logView": true, "createdAt": 1281264259, "likes": {"groups": [], "summary": "7 likes", "count": 7}, "todo": {"count": 0}, "agreeCount": 4, "canonicalUrl": "https://foursquare.com/item/4c5e8a836147be9ad0269509", "type": "user", "user": {"gender": "male", "id": "2446298", "photo": {"prefix": "https://igx.4sqi.net/img/user/", "default": true, "suffix": "/blank_boy.png"}, "firstName": "Vincent", "lastName": "Sochard"}}]}, {"reasons": {"items": [{"reasonName": "globalInteractionReason", "summary": "This spot is popular", "type": "general"}], "count": 0}, "venue": {"hereNow": {"groups": [], "summary": "Nobody here", "count": 0}, "contact": {"phone": "+6567355117", "formattedPhone": "+65 6735 5117"}, "photos": {"groups": [], "count": 0}, "rating": 7.3, "name": "Jollibee", "ratingSignals": 270, "allowMenuUrlEdit": true, "categories": [{"pluralName": "Fast Food Restaurants", "id": "4bf58dd8d48988d16e941735", "primary": true, "icon": {"prefix": "https://ss3.4sqi.net/img/categories_v2/food/fastfood_", "suffix": ".png"}, "name": "Fast Food Restaurant", "shortName": "Fast Food"}], "stats": {"checkinsCount": 7560, "usersCount": 3261, "tipCount": 78}, "id": "5136f75be4b0536562e774e5", "beenHere": {"lastCheckinExpiredAt": 0, "count": 0, "marked": false}, "ratingColor": "C5DE35", "location": {"lng": 103.8339523524956, "formattedAddress": ["#06-48A, Lucky Plaza (304 Orchard Road)", "238863", "Singapore"], "postalCode": "238863", "lat": 1.3043997041882294, "crossStreet": "304 Orchard Road", "country": "Singapore", "distance": 733, "city": "Singapore", "cc": "SG", "address": "#06-48A, Lucky Plaza", "labeledLatLngs": [{"lng": 103.8339523524956, "label": "display", "lat": 1.3043997041882294}]}, "hours": {"isLocalHoliday": false, "isOpen": true, "status": "Likely open"}, "verified": false, "price": {"tier": 1, "currency": "$", "message": "Cheap"}}, "referralId": "e-3-5136f75be4b0536562e774e5-101", "tips": [{"logView": true, "photo": {"id": "51401698e4b062f623303496", "visibility": "public", "source": {"name": "Foursquare for iOS", "url": "https://foursquare.com/download/#/iphone"}, "suffix": "/3118116_wfw-3Cze-6SjfceANQTyMs4xNrc2H2RDnP5JXrRNW4c.jpg", "createdAt": 1363154584, "prefix": "https://igx.4sqi.net/img/general/", "width": 960, "height": 720}, "createdAt": 1363154579, "todo": {"count": 1}, "agreeCount": 10, "likes": {"groups": [], "summary": "10 likes", "count": 10}, "id": "51401693e4b040803dbe711e", "text": "Try the chicken + spaghetti meal! :) We were there during the first opening day!", "disagreeCount": 0, "user": {"gender": "male", "id": "3118116", "photo": {"prefix": "https://igx.4sqi.net/img/user/", "suffix": "/2KCFBYCEDDATBB42.jpg"}, "firstName": "Aldrin", "lastName": "Mercado"}, "canonicalUrl": "https://foursquare.com/item/51401693e4b040803dbe711e", "type": "user", "photourl": "https://igx.4sqi.net/img/general/original/3118116_wfw-3Cze-6SjfceANQTyMs4xNrc2H2RDnP5JXrRNW4c.jpg"}]}, {"reasons": {"items": [{"reasonName": "globalInteractionReason", "summary": "This spot is popular", "type": "general"}], "count": 0}, "venue": {"hereNow": {"groups": [], "summary": "Nobody here", "count": 0}, "contact": {}, "photos": {"groups": [], "count": 0}, "rating": 7.1, "name": "Simply Wrapps", "ratingSignals": 27, "allowMenuUrlEdit": true, "categories": [{"pluralName": "Salad Places", "id": "4bf58dd8d48988d1bd941735", "primary": true, "icon": {"prefix": "https://ss3.4sqi.net/img/categories_v2/food/salad_", "suffix": ".png"}, "name": "Salad Place", "shortName": "Salad"}], "stats": {"checkinsCount": 306, "usersCount": 155, "tipCount": 6}, "id": "55cc4432498e217d1ee7bbfc", "beenHere": {"lastCheckinExpiredAt": 0, "count": 0, "marked": false}, "ratingColor": "C5DE35", "location": {"lng": 103.84464073199811, "formattedAddress": ["#B2-26, Plaza Singapura (68 Orchard Road)", "Singapore"], "lat": 1.2994671077416113, "crossStreet": "68 Orchard Road", "country": "Singapore", "distance": 625, "city": "Singapore", "cc": "SG", "address": "#B2-26, Plaza Singapura", "labeledLatLngs": [{"lng": 103.84464073199811, "label": "display", "lat": 1.2994671077416113}]}, "hours": {"isLocalHoliday": false, "isOpen": true, "status": "Likely open"}, "verified": false, "price": {"tier": 1, "currency": "$", "message": "Cheap"}}, "referralId": "e-3-55cc4432498e217d1ee7bbfc-102", "tips": [{"id": "55cc95e2498e766ce0603082", "text": "Love their iron rich wrap", "disagreeCount": 0, "logView": true, "createdAt": 1439471074, "likes": {"groups": [], "summary": "1 like", "count": 1}, "todo": {"count": 0}, "agreeCount": 1, "canonicalUrl": "https://foursquare.com/item/55cc95e2498e766ce0603082", "type": "user", "user": {"gender": "female", "id": "135517011", "photo": {"prefix": "https://igx.4sqi.net/img/user/", "suffix": "/135517011-RQMZ01PPCT5NV122.jpg"}, "firstName": "Mandy", "lastName": "Govender"}}]}, {"reasons": {"items": [{"reasonName": "globalInteractionReason", "summary": "This spot is popular", "type": "general"}], "count": 0}, "venue": {"hereNow": {"groups": [], "summary": "Nobody here", "count": 0}, "contact": {}, "photos": {"groups": [], "count": 0}, "rating": 7.4, "name": "Lim Chee Guan \u6797\u5fd7\u6e90", "ratingSignals": 20, "allowMenuUrlEdit": true, "categories": [{"pluralName": "BBQ Joints", "id": "4bf58dd8d48988d1df931735", "primary": true, "icon": {"prefix": "https://ss3.4sqi.net/img/categories_v2/food/bbqalt_", "suffix": ".png"}, "name": "BBQ Joint", "shortName": "BBQ"}], "stats": {"checkinsCount": 368, "usersCount": 258, "tipCount": 6}, "id": "4b6d2e01f964a520446a2ce3", "beenHere": {"lastCheckinExpiredAt": 0, "count": 0, "marked": false}, "ratingColor": "C5DE35", "location": {"lng": 103.83329001770078, "formattedAddress": ["#B4-37 ION Orchard (2 Orchard Turn)", "238801", "Singapore"], "postalCode": "238801", "lat": 1.3040746427849566, "crossStreet": "2 Orchard Turn", "country": "Singapore", "distance": 771, "city": "Singapore", "cc": "SG", "address": "#B4-37 ION Orchard", "labeledLatLngs": [{"lng": 103.83329001770078, "label": "display", "lat": 1.3040746427849566}]}, "hours": {"isLocalHoliday": false, "isOpen": false}, "verified": false, "price": {"tier": 2, "currency": "$", "message": "Moderate"}}, "referralId": "e-3-4b6d2e01f964a520446a2ce3-103", "tips": [{"logView": true, "photo": {"id": "5059761de4b09e8b7236486b", "visibility": "public", "source": {"name": "Foursquare for iOS", "url": "https://foursquare.com/download/#/iphone"}, "suffix": "/4292290_4UwMztbB9FBI98nP4MKPZXs6zoaChm8U4uVSKHGFR0E.jpg", "createdAt": 1348040221, "prefix": "https://igx.4sqi.net/img/general/", "width": 720, "height": 540}, "createdAt": 1348040190, "todo": {"count": 0}, "agreeCount": 5, "likes": {"groups": [], "summary": "5 likes", "count": 5}, "id": "505975fee4b0616dc68b4f39", "text": "please try \"signature pork slice\" here it is highly recommended", "disagreeCount": 0, "user": {"id": "4292290", "photo": {"prefix": "https://igx.4sqi.net/img/user/", "suffix": "/4292290_XGRLOSgx_bMSJUARm96Q_b2km1pk1WIs9hhr6mUrkAMO4n-jp6mpUxL7ufQ6aFjTRcTy02I_x.jpg"}, "firstName": "H | E | N | R | Y", "gender": "male"}, "canonicalUrl": "https://foursquare.com/item/505975fee4b0616dc68b4f39", "type": "user", "photourl": "https://igx.4sqi.net/img/general/original/4292290_4UwMztbB9FBI98nP4MKPZXs6zoaChm8U4uVSKHGFR0E.jpg"}]}, {"reasons": {"items": [{"reasonName": "globalInteractionReason", "summary": "This spot is popular", "type": "general"}], "count": 0}, "venue": {"hereNow": {"groups": [], "summary": "Nobody here", "count": 0}, "contact": {"phone": "+6591803805", "formattedPhone": "+65 9180 3805"}, "photos": {"groups": [], "count": 0}, "rating": 7.4, "name": "Koh Grill & Sushi Bar", "ratingSignals": 246, "allowMenuUrlEdit": true, "categories": [{"pluralName": "Japanese Restaurants", "id": "4bf58dd8d48988d111941735", "primary": true, "icon": {"prefix": "https://ss3.4sqi.net/img/categories_v2/food/japanese_", "suffix": ".png"}, "name": "Japanese Restaurant", "shortName": "Japanese"}], "stats": {"checkinsCount": 7422, "usersCount": 4058, "tipCount": 99}, "id": "4bab1a73f964a5202d953ae3", "beenHere": {"lastCheckinExpiredAt": 0, "count": 0, "marked": false}, "ratingColor": "C5DE35", "location": {"lng": 103.83310886686729, "formattedAddress": ["#04-21, Wisma Atria (435 Orchard Rd)", "238877", "Singapore"], "postalCode": "238877", "lat": 1.303814723507029, "crossStreet": "435 Orchard Rd", "country": "Singapore", "distance": 772, "city": "Singapore", "cc": "SG", "address": "#04-21, Wisma Atria", "labeledLatLngs": [{"lng": 103.83310886686729, "label": "display", "lat": 1.303814723507029}]}, "hours": {"isLocalHoliday": false, "isOpen": true, "status": "Likely open"}, "verified": false, "price": {"tier": 2, "currency": "$", "message": "Moderate"}}, "referralId": "e-3-4bab1a73f964a5202d953ae3-104", "tips": [{"id": "512b5a25e4b0d9d00f1bfe6a", "text": "It takes a lot more than extreme patience.", "disagreeCount": 0, "logView": true, "createdAt": 1361795621, "likes": {"groups": [], "summary": "8 likes", "count": 8}, "todo": {"count": 0}, "agreeCount": 8, "canonicalUrl": "https://foursquare.com/item/512b5a25e4b0d9d00f1bfe6a", "type": "user", "user": {"id": "5159714", "photo": {"prefix": "https://igx.4sqi.net/img/user/", "suffix": "/3BFWCA31SQU5LIDZ.jpg"}, "firstName": "JeS", "gender": "none"}}]}, {"reasons": {"items": [{"reasonName": "globalInteractionReason", "summary": "This spot is popular", "type": "general"}], "count": 0}, "venue": {"hereNow": {"groups": [], "summary": "Nobody here", "count": 0}, "contact": {}, "photos": {"groups": [], "count": 0}, "rating": 7.4, "name": "Guan Kitchen Chinese Restaurant \u58ee\u5143\u5e9c\u4f20\u7edf\u7f8e\u98df", "ratingSignals": 36, "allowMenuUrlEdit": true, "categories": [{"pluralName": "Asian Restaurants", "id": "4bf58dd8d48988d142941735", "primary": true, "icon": {"prefix": "https://ss3.4sqi.net/img/categories_v2/food/asian_", "suffix": ".png"}, "name": "Asian Restaurant", "shortName": "Asian"}], "stats": {"checkinsCount": 1296, "usersCount": 387, "tipCount": 16}, "id": "4bab5c81f964a52061a33ae3", "beenHere": {"lastCheckinExpiredAt": 0, "count": 0, "marked": false}, "ratingColor": "C5DE35", "location": {"formattedAddress": ["221 River Valley Rd.", "Singapore"], "lat": 1.2938758169350302, "lng": 103.84239315858477, "country": "Singapore", "distance": 800, "city": "Singapore", "cc": "SG", "address": "221 River Valley Rd.", "labeledLatLngs": [{"lng": 103.84239315858477, "label": "display", "lat": 1.2938758169350302}]}, "hours": {"isLocalHoliday": false, "isOpen": true, "status": "Likely open"}, "verified": false, "price": {"tier": 2, "currency": "$", "message": "Moderate"}}, "referralId": "e-3-4bab5c81f964a52061a33ae3-105", "tips": [{"id": "4c59066467ac0f471c62034c", "text": "Try the beef horfun here!", "disagreeCount": 0, "logView": true, "createdAt": 1280902756, "likes": {"groups": [], "summary": "2 likes", "count": 2}, "todo": {"count": 0}, "agreeCount": 2, "canonicalUrl": "https://foursquare.com/item/4c59066467ac0f471c62034c", "type": "user", "user": {"gender": "female", "id": "1591811", "photo": {"prefix": "https://igx.4sqi.net/img/user/", "suffix": "/L21WYNMFF0H4UDWQ.jpg"}, "firstName": "Nadia", "lastName": "Bennylava"}}]}, {"reasons": {"items": [{"reasonName": "globalInteractionReason", "summary": "This spot is popular", "type": "general"}], "count": 0}, "venue": {"hereNow": {"groups": [], "summary": "Nobody here", "count": 0}, "contact": {"phone": "+6562357385", "formattedPhone": "+65 6235 7385"}, "photos": {"groups": [], "count": 0}, "rating": 7.3, "name": "Ayam Penyet Ria (Level 4)", "ratingSignals": 105, "allowMenuUrlEdit": true, "categories": [{"pluralName": "Indonesian Restaurants", "id": "4deefc054765f83613cdba6f", "primary": true, "icon": {"prefix": "https://ss3.4sqi.net/img/categories_v2/food/indonesian_", "suffix": ".png"}, "name": "Indonesian Restaurant", "shortName": "Indonesian"}], "stats": {"checkinsCount": 8359, "usersCount": 5633, "tipCount": 57}, "id": "4c442bc5dd1f2d7f306d7ff9", "beenHere": {"lastCheckinExpiredAt": 0, "count": 0, "marked": false}, "url": "http://www.ayampenyetria.com", "ratingColor": "C5DE35", "location": {"lng": 103.8338278106633, "formattedAddress": ["#04-25/26, Lucky Plaza (304 Orchard Rd)", "238863", "Singapore"], "postalCode": "238863", "lat": 1.304506348898606, "crossStreet": "304 Orchard Rd", "country": "Singapore", "distance": 751, "city": "Singapore", "cc": "SG", "address": "#04-25/26, Lucky Plaza", "labeledLatLngs": [{"lng": 103.8338278106633, "label": "display", "lat": 1.304506348898606}]}, "hours": {"isLocalHoliday": false, "isOpen": true, "status": "Open until 9:00 PM"}, "verified": false, "price": {"tier": 2, "currency": "$", "message": "Moderate"}}, "referralId": "e-3-4c442bc5dd1f2d7f306d7ff9-106", "tips": [{"id": "4d1867bd6d1037041b983ebd", "text": "Rice too little.. Pls order more rice!", "disagreeCount": 0, "logView": true, "createdAt": 1293445053, "likes": {"groups": [], "summary": "4 likes", "count": 4}, "todo": {"count": 1}, "agreeCount": 0, "canonicalUrl": "https://foursquare.com/item/4d1867bd6d1037041b983ebd", "type": "user", "user": {"gender": "male", "id": "3910276", "photo": {"prefix": "https://igx.4sqi.net/img/user/", "suffix": "/3910276-IXZGUBMZETHTSGSK.jpg"}, "firstName": "Shaf", "lastName": "Russ"}}]}, {"reasons": {"items": [{"reasonName": "globalInteractionReason", "summary": "This spot is popular", "type": "general"}], "count": 0}, "venue": {"hereNow": {"groups": [], "summary": "Nobody here", "count": 0}, "contact": {}, "photos": {"groups": [], "count": 0}, "rating": 7.2, "name": "Lucky Chicken Rice", "ratingSignals": 53, "allowMenuUrlEdit": true, "categories": [{"pluralName": "Asian Restaurants", "id": "4bf58dd8d48988d142941735", "primary": true, "icon": {"prefix": "https://ss3.4sqi.net/img/categories_v2/food/asian_", "suffix": ".png"}, "name": "Asian Restaurant", "shortName": "Asian"}], "stats": {"checkinsCount": 1388, "usersCount": 844, "tipCount": 14}, "id": "4b6e4efaf964a52074b72ce3", "beenHere": {"lastCheckinExpiredAt": 0, "count": 0, "marked": false}, "ratingColor": "C5DE35", "location": {"lng": 103.83438824980938, "formattedAddress": ["#02-110 Lucky Plaza (304 Orchard Road)", "238863", "Singapore"], "postalCode": "238863", "lat": 1.3045898199657788, "crossStreet": "304 Orchard Road", "country": "Singapore", "distance": 710, "city": "Singapore", "cc": "SG", "address": "#02-110 Lucky Plaza", "labeledLatLngs": [{"lng": 103.83438824980938, "label": "display", "lat": 1.3045898199657788}]}, "hours": {"isLocalHoliday": false, "isOpen": false}, "verified": false, "price": {"tier": 2, "currency": "$", "message": "Moderate"}}, "referralId": "e-3-4b6e4efaf964a52074b72ce3-107", "tips": [{"id": "5320e50911d289a2e5f275e7", "text": "I'm so surprised that this restaurant will be closed at 19:30 everyday... Too early for foreigners in my opinion... Take care of this if you want to go !", "disagreeCount": 0, "logView": true, "createdAt": 1394664713, "likes": {"groups": [], "summary": "1 like", "count": 1}, "todo": {"count": 0}, "agreeCount": 1, "canonicalUrl": "https://foursquare.com/item/5320e50911d289a2e5f275e7", "type": "user", "user": {"gender": "male", "id": "5075064", "photo": {"prefix": "https://igx.4sqi.net/img/user/", "suffix": "/XN5LAFTKG1VWOIWZ.jpg"}, "firstName": "Yuki", "lastName": "Takayama"}}]}, {"reasons": {"items": [{"reasonName": "globalInteractionReason", "summary": "This spot is popular", "type": "general"}], "count": 0}, "venue": {"hereNow": {"groups": [], "summary": "Nobody here", "count": 0}, "contact": {}, "photos": {"groups": [], "count": 0}, "rating": 7.2, "name": "Jollibee", "ratingSignals": 9, "allowMenuUrlEdit": true, "categories": [{"pluralName": "Fast Food Restaurants", "id": "4bf58dd8d48988d16e941735", "primary": true, "icon": {"prefix": "https://ss3.4sqi.net/img/categories_v2/food/fastfood_", "suffix": ".png"}, "name": "Fast Food Restaurant", "shortName": "Fast Food"}], "stats": {"checkinsCount": 236, "usersCount": 167, "tipCount": 0}, "id": "53b3f8e1498e80813fad381a", "beenHere": {"lastCheckinExpiredAt": 0, "count": 0, "marked": false}, "ratingColor": "C5DE35", "location": {"formattedAddress": ["Basement 1, Lucky Plaza", "Singapore"], "lat": 1.3045300333447005, "lng": 103.833488151702, "country": "Singapore", "distance": 782, "city": "Singapore", "cc": "SG", "address": "Basement 1, Lucky Plaza", "labeledLatLngs": [{"lng": 103.833488151702, "label": "display", "lat": 1.3045300333447005}]}, "verified": false, "price": {"tier": 1, "currency": "$", "message": "Cheap"}}, "referralId": "e-3-53b3f8e1498e80813fad381a-108"}], "name": "recommended", "type": "Recommended Places"}], "query": "food", "headerLocation": "Orchard Road"}}