{"meta": {"code": 200, "requestId": "595a3bf06a6071143d0d39d5"}, "response": {"totalResults": 6, "headerFullLocation": "Central Region, Singapore", "headerLocationGranularity": "neighborhood", "suggestedBounds": {"ne": {"lng": 103.87004810312412, "lat": 1.2785367185291772}, "sw": {"lng": 103.8556714361519, "lat": 1.264136704129163}}, "groups": [{"items": [{"reasons": {"items": [{"reasonName": "globalInteractionReason", "summary": "This spot is popular", "type": "general"}], "count": 0}, "venue": {"hereNow": {"groups": [], "summary": "Nobody here", "count": 0}, "contact": {}, "photos": {"groups": [], "count": 0}, "rating": 6.8, "name": "Stewards Riverboat", "ratingSignals": 15, "allowMenuUrlEdit": true, "categories": [{"pluralName": "BBQ Joints", "id": "4bf58dd8d48988d1df931735", "primary": true, "icon": {"prefix": "https://ss3.4sqi.net/img/categories_v2/food/bbqalt_", "suffix": ".png"}, "name": "BBQ Joint", "shortName": "BBQ"}], "stats": {"checkinsCount": 634, "usersCount": 439, "tipCount": 9}, "id": "4c9367f7f600236a0521c532", "beenHere": {"lastCheckinExpiredAt": 0, "count": 0, "marked": false}, "ratingColor": "FFC800", "location": {"formattedAddress": ["31 Marina Costal Drive Berth  1, Marina South Pier", "Singapore"], "lat": 1.270638, "lng": 103.86399, "distance": 147, "country": "Singapore", "cc": "SG", "address": "31 Marina Costal Drive Berth  1, Marina South Pier", "labeledLatLngs": [{"lng": 103.86399, "label": "display", "lat": 1.270638}]}, "hours": {"isLocalHoliday": false, "isOpen": false}, "verified": false, "price": {"tier": 2, "currency": "$", "message": "Moderate"}}, "referralId": "e-3-4c9367f7f600236a0521c532-0", "tips": [{"id": "583570940acb6a0fb319684e", "text": "Limited carpark lots. If carpark full, either wait or park somewhere else and take MRT to Marina South Pier MRT. Meanwhile, the walk from International Cruise Centre carpark seem so near yet so far", "disagreeCount": 0, "createdAt": 1479897236, "logView": true, "todo": {"count": 0}, "agreeCount": 0, "canonicalUrl": "https://foursquare.com/item/583570940acb6a0fb319684e", "type": "user", "user": {"gender": "female", "id": "6306884", "photo": {"prefix": "https://igx.4sqi.net/img/user/", "suffix": "/6306884-L21LWV3MMZFIVU5F"}, "firstName": "Jess", "lastName": "Thia"}}]}, {"reasons": {"items": [{"reasonName": "globalInteractionReason", "summary": "This spot is popular", "type": "general"}], "count": 0}, "venue": {"hereNow": {"groups": [], "summary": "Nobody here", "count": 0}, "contact": {}, "photos": {"groups": [], "count": 0}, "rating": 5.8, "name": "Santa Fe", "ratingSignals": 10, "allowMenuUrlEdit": true, "categories": [{"pluralName": "Mexican Restaurants", "id": "4bf58dd8d48988d1c1941735", "primary": true, "icon": {"prefix": "https://ss3.4sqi.net/img/categories_v2/food/mexican_", "suffix": ".png"}, "name": "Mexican Restaurant", "shortName": "Mexican"}], "stats": {"checkinsCount": 342, "usersCount": 224, "tipCount": 12}, "id": "4c14cf7fa5eb76b01742c2b7", "beenHere": {"lastCheckinExpiredAt": 0, "count": 0, "marked": false}, "ratingColor": "FF9600", "location": {"formattedAddress": ["31 Marina Coastal Drive", "018988", "Singapore"], "postalCode": "018988", "lat": 1.2706191823830582, "lng": 103.86401653289795, "country": "Singapore", "distance": 151, "city": "Singapore", "cc": "SG", "address": "31 Marina Coastal Drive", "labeledLatLngs": [{"lng": 103.86401653289795, "label": "display", "lat": 1.2706191823830582}]}, "verified": false, "price": {"tier": 1, "currency": "$", "message": "Cheap"}}, "referralId": "e-3-4c14cf7fa5eb76b01742c2b7-1", "tips": [{"logView": true, "photo": {"id": "5835734a4816f03178c7a5de", "visibility": "public", "source": {"name": "Foursquare Web", "url": "https://foursquare.com"}, "suffix": "/6306884_XZy18vlWZh9YrYyJz_JhCtKCqAUV57Z4vcwkd-HGh7s.jpg", "createdAt": 1479897930, "prefix": "https://igx.4sqi.net/img/general/", "width": 1145, "height": 891}, "createdAt": 1479897928, "agreeCount": 0, "id": "583573483bd4ab5a07581f84", "text": "Pleasant seaside dining place near City; if you don't have seasick. The lower deck is also romantic when the sky is dark, and more food/dessert choices, if you don't mind the oily-smell from kitchen.", "type": "user", "disagreeCount": 0, "user": {"gender": "female", "id": "6306884", "photo": {"prefix": "https://igx.4sqi.net/img/user/", "suffix": "/6306884-L21LWV3MMZFIVU5F"}, "firstName": "Jess", "lastName": "Thia"}, "canonicalUrl": "https://foursquare.com/item/583573483bd4ab5a07581f84", "todo": {"count": 0}, "photourl": "https://igx.4sqi.net/img/general/original/6306884_XZy18vlWZh9YrYyJz_JhCtKCqAUV57Z4vcwkd-HGh7s.jpg"}]}, {"reasons": {"items": [{"reasonName": "globalInteractionReason", "summary": "This spot is popular", "type": "general"}], "count": 0}, "venue": {"hereNow": {"groups": [], "summary": "Nobody here", "count": 0}, "contact": {}, "photos": {"groups": [], "count": 0}, "name": "Wood & Steel Gastrobar", "allowMenuUrlEdit": true, "beenHere": {"lastCheckinExpiredAt": 0, "count": 0, "marked": false}, "stats": {"checkinsCount": 34, "usersCount": 31, "tipCount": 4}, "id": "56767fca498e3b0c1c916e05", "categories": [{"pluralName": "Gastropubs", "id": "4bf58dd8d48988d155941735", "primary": true, "icon": {"prefix": "https://ss3.4sqi.net/img/categories_v2/food/gastropub_", "suffix": ".png"}, "name": "Gastropub", "shortName": "Gastropub"}], "location": {"formattedAddress": ["Singapore"], "lat": 1.2705632546577943, "lng": 103.86411182147233, "distance": 163, "country": "Singapore", "cc": "SG", "labeledLatLngs": [{"lng": 103.86411182147233, "label": "display", "lat": 1.2705632546577943}]}, "verified": false, "price": {"tier": 3, "currency": "$", "message": "Expensive"}}, "referralId": "e-3-56767fca498e3b0c1c916e05-2", "tips": [{"logView": true, "photo": {"id": "583572cd4816f03178c79ed6", "visibility": "public", "source": {"name": "Foursquare Web", "url": "https://foursquare.com"}, "suffix": "/6306884_XZy18vlWZh9YrYyJz_JhCtKCqAUV57Z4vcwkd-HGh7s.jpg", "createdAt": 1479897805, "prefix": "https://igx.4sqi.net/img/general/", "width": 1145, "height": 891}, "createdAt": 1479897802, "agreeCount": 0, "id": "583572cae612f2032c7eaf5e", "text": "Pleasant seaside dining place near City; if you don't have seasick.", "type": "user", "disagreeCount": 0, "user": {"gender": "female", "id": "6306884", "photo": {"prefix": "https://igx.4sqi.net/img/user/", "suffix": "/6306884-L21LWV3MMZFIVU5F"}, "firstName": "Jess", "lastName": "Thia"}, "canonicalUrl": "https://foursquare.com/item/583572cae612f2032c7eaf5e", "todo": {"count": 0}, "photourl": "https://igx.4sqi.net/img/general/original/6306884_XZy18vlWZh9YrYyJz_JhCtKCqAUV57Z4vcwkd-HGh7s.jpg"}]}, {"reasons": {"items": [{"reasonName": "globalInteractionReason", "summary": "This spot is popular", "type": "general"}], "count": 0}, "venue": {"hereNow": {"groups": [], "summary": "Nobody here", "count": 0}, "contact": {}, "photos": {"groups": [], "count": 0}, "name": "Mariners' Cove", "allowMenuUrlEdit": true, "beenHere": {"lastCheckinExpiredAt": 0, "count": 0, "marked": false}, "stats": {"checkinsCount": 33, "usersCount": 13, "tipCount": 0}, "id": "508cd9f7e4b086e59a610cae", "categories": [{"pluralName": "Snack Places", "id": "4bf58dd8d48988d1c7941735", "primary": true, "icon": {"prefix": "https://ss3.4sqi.net/img/categories_v2/food/snacks_", "suffix": ".png"}, "name": "Snack Place", "shortName": "Snacks"}], "location": {"formattedAddress": ["31 Marina Coastal Drive #02-02 Marina South Pier", "018988", "Singapore"], "postalCode": "018988", "lat": 1.2706467271827133, "lng": 103.86313791770317, "country": "Singapore", "distance": 82, "city": "Singapore", "cc": "SG", "address": "31 Marina Coastal Drive #02-02 Marina South Pier", "labeledLatLngs": [{"lng": 103.86313791770317, "label": "display", "lat": 1.2706467271827133}]}, "verified": false, "price": {"tier": 1, "currency": "$", "message": "Cheap"}}, "referralId": "e-3-508cd9f7e4b086e59a610cae-3"}, {"reasons": {"items": [{"reasonName": "globalInteractionReason", "summary": "This spot is popular", "type": "general"}], "count": 0}, "venue": {"hereNow": {"groups": [], "summary": "Nobody here", "count": 0}, "contact": {}, "photos": {"groups": [], "count": 0}, "name": "Marina South Pier Cafe", "allowMenuUrlEdit": true, "beenHere": {"lastCheckinExpiredAt": 0, "count": 0, "marked": false}, "stats": {"checkinsCount": 112, "usersCount": 49, "tipCount": 0}, "id": "4cfd82e8c671721e8e3dce18", "categories": [{"pluralName": "Breakfast Spots", "id": "4bf58dd8d48988d143941735", "primary": true, "icon": {"prefix": "https://ss3.4sqi.net/img/categories_v2/food/breakfast_", "suffix": ".png"}, "name": "Breakfast Spot", "shortName": "Breakfast"}], "location": {"lng": 103.8638117224754, "formattedAddress": ["2nd Floor, Marina South Pier (31 Marina Coastal Dr.)", "018988", "Singapore"], "postalCode": "018988", "lat": 1.2713173894918761, "crossStreet": "31 Marina Coastal Dr.", "country": "Singapore", "distance": 105, "city": "Singapore", "cc": "SG", "address": "2nd Floor, Marina South Pier", "labeledLatLngs": [{"lng": 103.8638117224754, "label": "display", "lat": 1.2713173894918761}]}, "verified": false, "price": {"tier": 1, "currency": "$", "message": "Cheap"}}, "referralId": "e-3-4cfd82e8c671721e8e3dce18-4"}, {"reasons": {"items": [{"reasonName": "globalInteractionReason", "summary": "This spot is popular", "type": "general"}], "count": 0}, "venue": {"hereNow": {"groups": [], "summary": "Nobody here", "count": 0}, "contact": {}, "photos": {"groups": [], "count": 0}, "name": "Famous Crab King Seafood @ Marina Pier", "allowMenuUrlEdit": true, "beenHere": {"lastCheckinExpiredAt": 0, "count": 0, "marked": false}, "stats": {"checkinsCount": 111, "usersCount": 73, "tipCount": 0}, "id": "4cd7e547a423a35d73e1e842", "categories": [{"pluralName": "Seafood Restaurants", "id": "4bf58dd8d48988d1ce941735", "primary": true, "icon": {"prefix": "https://ss3.4sqi.net/img/categories_v2/food/seafood_", "suffix": ".png"}, "name": "Seafood Restaurant", "shortName": "Seafood"}], "location": {"formattedAddress": ["Singapore"], "lat": 1.271027, "lng": 103.86336743831635, "distance": 66, "country": "Singapore", "cc": "SG", "labeledLatLngs": [{"lng": 103.86336743831635, "label": "display", "lat": 1.271027}]}, "verified": false, "price": {"tier": 3, "currency": "$", "message": "Expensive"}}, "referralId": "e-3-4cd7e547a423a35d73e1e842-5"}], "name": "recommended", "type": "Recommended Places"}], "query": "food", "headerLocation": "Central Region"}}