{"meta": {"code": 200, "requestId": "595a39f36a6071143988ffc8"}, "response": {"suggestedFilters": {"filters": [{"name": "Open now", "key": "openNow"}], "header": "Tap to show:"}, "totalResults": 50, "headerFullLocation": "Bukit Batok, Singapore", "headerLocationGranularity": "neighborhood", "suggestedBounds": {"ne": {"lng": 103.75908208736206, "lat": 1.365961864461447}, "sw": {"lng": 103.74470491680194, "lat": 1.3515618500614328}}, "groups": [{"items": [{"reasons": {"items": [{"reasonName": "globalInteractionReason", "summary": "This spot is popular", "type": "general"}], "count": 0}, "venue": {"hereNow": {"groups": [], "summary": "Nobody here", "count": 0}, "contact": {}, "photos": {"groups": [], "count": 0}, "rating": 8.4, "name": "Alif Restaurant Bukit Gombak", "ratingSignals": 23, "allowMenuUrlEdit": true, "categories": [{"pluralName": "Malay Restaurants", "id": "4bf58dd8d48988d156941735", "primary": true, "icon": {"prefix": "https://ss3.4sqi.net/img/categories_v2/food/malaysian_", "suffix": ".png"}, "name": "Malay Restaurant", "shortName": "Malay"}], "stats": {"checkinsCount": 1017, "usersCount": 457, "tipCount": 4}, "id": "554af0af498ed0ef0d3d027d", "beenHere": {"lastCheckinExpiredAt": 0, "count": 0, "marked": false}, "ratingColor": "73CF42", "location": {"lng": 103.7509480437078, "formattedAddress": ["374 Bukit Batok St 31 #01-204 (Bukit Gombak Stadium)", "Singapore"], "lat": 1.3575883806251086, "crossStreet": "Bukit Gombak Stadium", "country": "Singapore", "distance": 167, "city": "Singapore", "cc": "SG", "address": "374 Bukit Batok St 31 #01-204", "labeledLatLngs": [{"lng": 103.7509480437078, "label": "display", "lat": 1.3575883806251086}]}, "hours": {"isLocalHoliday": false, "isOpen": false}, "verified": false, "price": {"tier": 2, "currency": "$", "message": "Moderate"}}, "referralId": "e-3-554af0af498ed0ef0d3d027d-0", "tips": [{"id": "581172aa38fa6b656383d58b", "text": "Love the curry dip for the prata here", "disagreeCount": 0, "createdAt": 1477538474, "logView": true, "todo": {"count": 0}, "agreeCount": 0, "canonicalUrl": "https://foursquare.com/item/581172aa38fa6b656383d58b", "type": "user", "user": {"gender": "male", "id": "187334", "photo": {"prefix": "https://igx.4sqi.net/img/user/", "suffix": "/187334-0EH23LJZV2BIF5ZV.jpg"}, "firstName": "Mark", "lastName": "Ashworth"}}]}, {"reasons": {"items": [{"reasonName": "globalInteractionReason", "summary": "This spot is popular", "type": "general"}], "count": 0}, "venue": {"hereNow": {"groups": [], "summary": "Nobody here", "count": 0}, "contact": {}, "photos": {"groups": [], "count": 0}, "rating": 8.0, "name": "Hwa Jin Vegetarian Family Restaurant", "ratingSignals": 40, "allowMenuUrlEdit": true, "categories": [{"pluralName": "Vegetarian / Vegan Restaurants", "id": "4bf58dd8d48988d1d3941735", "primary": true, "icon": {"prefix": "https://ss3.4sqi.net/img/categories_v2/food/vegetarian_", "suffix": ".png"}, "name": "Vegetarian / Vegan Restaurant", "shortName": "Vegetarian / Vegan"}], "stats": {"checkinsCount": 1530, "usersCount": 356, "tipCount": 20}, "id": "4bee0b6b946c0f47b568a363", "beenHere": {"lastCheckinExpiredAt": 0, "count": 0, "marked": false}, "ratingColor": "73CF42", "location": {"formattedAddress": ["#01-393, Blk 359 Bt Batok St 31", "650359", "Singapore"], "postalCode": "650359", "lat": 1.3613182821835055, "lng": 103.75126719474792, "country": "Singapore", "distance": 292, "city": "Singapore", "cc": "SG", "address": "#01-393, Blk 359 Bt Batok St 31", "labeledLatLngs": [{"lng": 103.75126719474792, "label": "display", "lat": 1.3613182821835055}]}, "hours": {"isLocalHoliday": false, "isOpen": true, "status": "Open until 9:30 PM"}, "verified": false, "price": {"tier": 2, "currency": "$", "message": "Moderate"}}, "referralId": "e-3-4bee0b6b946c0f47b568a363-1", "tips": [{"logView": true, "photo": {"id": "5303727e498eb9860a77cc69", "visibility": "public", "source": {"name": "Foursquare Web", "url": "https://foursquare.com"}, "suffix": "/79116019_a79z0PTunJyGe6QRLby3bT9KSKcsnFFIhSF1QbN3AOg.jpg", "createdAt": 1392734846, "prefix": "https://igx.4sqi.net/img/general/", "width": 2024, "height": 1471}, "createdAt": 1392734843, "todo": {"count": 0}, "agreeCount": 2, "likes": {"groups": [], "summary": "2 likes", "count": 2}, "id": "5303727b498e2b04bcbd2d0d", "text": "Char Siew and Chicken rice is available every Lunar 1st and 15th! They are delicious.", "disagreeCount": 0, "url": "http://www.littlegreenwok.sg/hwa_jin_vegetarian_family_restaurant_lunch_review/", "user": {"id": "79116019", "photo": {"prefix": "https://igx.4sqi.net/img/user/", "suffix": "/-4MMTRVZITTOEDJDK.jpg"}, "firstName": "Little Green Wok", "gender": "none"}, "canonicalUrl": "https://foursquare.com/item/5303727b498e2b04bcbd2d0d", "type": "user", "photourl": "https://igx.4sqi.net/img/general/original/79116019_a79z0PTunJyGe6QRLby3bT9KSKcsnFFIhSF1QbN3AOg.jpg"}]}, {"reasons": {"items": [{"reasonName": "globalInteractionReason", "summary": "This spot is popular", "type": "general"}], "count": 0}, "venue": {"hereNow": {"groups": [], "summary": "Nobody here", "count": 0}, "contact": {}, "photos": {"groups": [], "count": 0}, "rating": 6.3, "name": "Dajie Niang Dou Fu \u5927\u59d0\u917f\u8c46\u8150", "ratingSignals": 17, "allowMenuUrlEdit": true, "categories": [{"pluralName": "Chinese Restaurants", "id": "4bf58dd8d48988d145941735", "primary": true, "icon": {"prefix": "https://ss3.4sqi.net/img/categories_v2/food/asian_", "suffix": ".png"}, "name": "Chinese Restaurant", "shortName": "Chinese"}], "stats": {"checkinsCount": 446, "usersCount": 236, "tipCount": 9}, "id": "4fcaece2e4b0b278fb1340fb", "beenHere": {"lastCheckinExpiredAt": 0, "count": 0, "marked": false}, "ratingColor": "FFC800", "location": {"formattedAddress": ["372 Bukit Batok Street 31", "650372", "Singapore"], "postalCode": "650372", "lat": 1.3587483112673815, "lng": 103.75160431661898, "country": "Singapore", "distance": 32, "city": "Singapore", "cc": "SG", "address": "372 Bukit Batok Street 31", "labeledLatLngs": [{"lng": 103.75160431661898, "label": "display", "lat": 1.3587483112673815}]}, "hours": {"isLocalHoliday": false, "isOpen": true, "status": "Likely open"}, "verified": false, "price": {"tier": 1, "currency": "$", "message": "Cheap"}}, "referralId": "e-3-4fcaece2e4b0b278fb1340fb-2", "tips": [{"logView": true, "createdAt": 1351732285, "type": "user", "agreeCount": 4, "likes": {"groups": [], "summary": "4 likes", "count": 4}, "id": "5091cc3de4b00281a4b65b83", "text": "Check out Da Jie Niang's Dou Fu Facebook Page! => https://www.facebook.com/DaJieNiangDouFuBukitGombak", "entities": [{"indices": [50, 101], "type": "url", "object": {"url": "https://www.facebook.com/DaJieNiangDouFuBukitGombak"}}], "disagreeCount": 0, "user": {"id": "7415720", "photo": {"prefix": "https://igx.4sqi.net/img/user/", "default": true, "suffix": "/blank_boy.png"}, "firstName": "Jerms", "gender": "male"}, "canonicalUrl": "https://foursquare.com/item/5091cc3de4b00281a4b65b83", "todo": {"count": 0}}]}, {"reasons": {"items": [{"reasonName": "globalInteractionReason", "summary": "This spot is popular", "type": "general"}], "count": 0}, "venue": {"hereNow": {"groups": [], "summary": "Nobody here", "count": 0}, "contact": {}, "photos": {"groups": [], "count": 0}, "rating": 6.3, "name": "Subway", "ratingSignals": 3, "allowMenuUrlEdit": true, "categories": [{"pluralName": "Sandwich Places", "id": "4bf58dd8d48988d1c5941735", "primary": true, "icon": {"prefix": "https://ss3.4sqi.net/img/categories_v2/food/deli_", "suffix": ".png"}, "name": "Sandwich Place", "shortName": "Sandwiches"}], "stats": {"checkinsCount": 503, "usersCount": 189, "tipCount": 0}, "id": "4f767cb0e4b058597f973e57", "beenHere": {"lastCheckinExpiredAt": 0, "count": 0, "marked": false}, "ratingColor": "FFC800", "location": {"formattedAddress": ["Bukit Gombak MRT", "Singapore"], "lat": 1.3590630834389215, "lng": 103.75168352218758, "distance": 40, "country": "Singapore", "cc": "SG", "address": "Bukit Gombak MRT", "labeledLatLngs": [{"lng": 103.75168352218758, "label": "display", "lat": 1.3590630834389215}]}, "hours": {"isLocalHoliday": false, "isOpen": true, "status": "Likely open"}, "verified": false, "price": {"tier": 1, "currency": "$", "message": "Cheap"}}, "referralId": "e-3-4f767cb0e4b058597f973e57-3"}, {"reasons": {"items": [{"reasonName": "globalInteractionReason", "summary": "This spot is popular", "type": "general"}], "count": 0}, "venue": {"contact": {}, "photos": {"groups": [], "count": 0}, "rating": 6.2, "name": "Sin Huat Lee Coffee Shop / Restaurant", "ratingSignals": 28, "allowMenuUrlEdit": true, "categories": [{"pluralName": "Food Courts", "id": "4bf58dd8d48988d120951735", "primary": true, "icon": {"prefix": "https://ss3.4sqi.net/img/categories_v2/shops/food_foodcourt_", "suffix": ".png"}, "name": "Food Court", "shortName": "Food Court"}], "stats": {"checkinsCount": 1849, "usersCount": 592, "tipCount": 17}, "id": "4bd19b24b221c9b605c4d5d0", "beenHere": {"lastCheckinExpiredAt": 0, "count": 0, "marked": false}, "ratingColor": "FFC800", "location": {"formattedAddress": ["371 Bukit Batok Street 31", "Singapore"], "lat": 1.3592957881363326, "lng": 103.75043321117249, "country": "Singapore", "distance": 173, "city": "Bukit Batok", "cc": "SG", "address": "371 Bukit Batok Street 31", "labeledLatLngs": [{"lng": 103.75043321117249, "label": "display", "lat": 1.3592957881363326}]}, "hours": {"isLocalHoliday": false, "isOpen": true, "status": "Likely open"}, "verified": false, "hereNow": {"groups": [], "summary": "Nobody here", "count": 0}}, "referralId": "e-3-4bd19b24b221c9b605c4d5d0-4", "tips": [{"id": "4cba9acdc7228cface8e18ce", "text": "Try the chicken rice, very nice!", "disagreeCount": 0, "logView": true, "createdAt": 1287297741, "likes": {"groups": [], "summary": "7 likes", "count": 7}, "todo": {"count": 0}, "agreeCount": 1, "canonicalUrl": "https://foursquare.com/item/4cba9acdc7228cface8e18ce", "type": "user", "user": {"gender": "male", "id": "2608909", "photo": {"prefix": "https://igx.4sqi.net/img/user/", "suffix": "/LTGTCICHDTE22EY5.jpg"}, "firstName": "Benson", "lastName": "Lee \u674e\u6770"}}]}, {"reasons": {"items": [{"reasonName": "globalInteractionReason", "summary": "This spot is popular", "type": "general"}], "count": 0}, "venue": {"hereNow": {"groups": [], "summary": "Nobody here", "count": 0}, "contact": {}, "photos": {"groups": [], "count": 0}, "rating": 6.3, "name": "Char-Grill Bar", "ratingSignals": 14, "allowMenuUrlEdit": true, "categories": [{"pluralName": "Steakhouses", "id": "4bf58dd8d48988d1cc941735", "primary": true, "icon": {"prefix": "https://ss3.4sqi.net/img/categories_v2/food/steakhouse_", "suffix": ".png"}, "name": "Steakhouse", "shortName": "Steakhouse"}], "stats": {"checkinsCount": 1099, "usersCount": 402, "tipCount": 5}, "id": "4d80c54de6d7721e721c1ec7", "beenHere": {"lastCheckinExpiredAt": 0, "count": 0, "marked": false}, "ratingColor": "FFC800", "location": {"formattedAddress": ["Blk 347 Bulit Batok St. 34", "650347", "Singapore"], "postalCode": "650347", "lat": 1.3618272335779984, "lng": 103.75150813849146, "country": "Singapore", "distance": 343, "city": "Singapore", "cc": "SG", "address": "Blk 347 Bulit Batok St. 34", "labeledLatLngs": [{"lng": 103.75150813849146, "label": "display", "lat": 1.3618272335779984}]}, "hours": {"isLocalHoliday": false, "isOpen": true, "status": "Likely open"}, "verified": false, "price": {"tier": 4, "currency": "$", "message": "Very Expensive"}}, "referralId": "e-3-4d80c54de6d7721e721c1ec7-5", "tips": [{"id": "4f559229e4b0b51e1c811815", "text": "Best char grill bar you will ever find in the west!", "disagreeCount": 1, "logView": true, "createdAt": 1331008041, "likes": {"groups": [], "summary": "1 like", "count": 1}, "todo": {"count": 0}, "agreeCount": 1, "canonicalUrl": "https://foursquare.com/item/4f559229e4b0b51e1c811815", "type": "user", "user": {"gender": "male", "id": "5027210", "photo": {"prefix": "https://igx.4sqi.net/img/user/", "suffix": "/MRSUNN5E1NOI5GHF.jpg"}, "firstName": "Samuel", "lastName": "Soh"}}]}, {"reasons": {"items": [{"reasonName": "globalInteractionReason", "summary": "This spot is popular", "type": "general"}], "count": 0}, "venue": {"contact": {}, "photos": {"groups": [], "count": 0}, "rating": 6.1, "name": "Foodclique", "ratingSignals": 43, "allowMenuUrlEdit": true, "categories": [{"pluralName": "Food Courts", "id": "4bf58dd8d48988d120951735", "primary": true, "icon": {"prefix": "https://ss3.4sqi.net/img/categories_v2/shops/food_foodcourt_", "suffix": ".png"}, "name": "Food Court", "shortName": "Food Court"}], "stats": {"checkinsCount": 2975, "usersCount": 758, "tipCount": 19}, "id": "4e7dcc1355031c8db88b3e5d", "beenHere": {"lastCheckinExpiredAt": 0, "count": 0, "marked": false}, "ratingColor": "FFC800", "location": {"formattedAddress": ["347 Bukit Batok Street 34", "650347", "Singapore"], "postalCode": "650347", "lat": 1.362122, "lng": 103.751263, "country": "Singapore", "distance": 380, "city": "Singapore", "cc": "SG", "address": "347 Bukit Batok Street 34", "labeledLatLngs": [{"lng": 103.751263, "label": "display", "lat": 1.362122}]}, "hours": {"isLocalHoliday": false, "isOpen": true, "status": "Likely open"}, "verified": false, "hereNow": {"groups": [], "summary": "Nobody here", "count": 0}}, "referralId": "e-3-4e7dcc1355031c8db88b3e5d-6", "tips": [{"id": "54814ea8498e2f78a88a2019", "text": "DC: \u53c9\u70e7\u9762, \u6c99\u7239\u7c73\u7c89", "disagreeCount": 0, "logView": true, "createdAt": 1417760424, "likes": {"groups": [], "summary": "1 like", "count": 1}, "todo": {"count": 0}, "agreeCount": 1, "canonicalUrl": "https://foursquare.com/item/54814ea8498e2f78a88a2019", "type": "user", "user": {"gender": "male", "id": "44281896", "photo": {"prefix": "https://igx.4sqi.net/img/user/", "suffix": "/BY13F5T2JHUBDMJP.jpg"}, "firstName": "Neu", "lastName": "Tea"}}]}, {"reasons": {"items": [{"reasonName": "globalInteractionReason", "summary": "This spot is popular", "type": "general"}], "count": 0}, "venue": {"contact": {}, "photos": {"groups": [], "count": 0}, "rating": 5.7, "name": "Blk 371 Bukit Batok Coffeeshop", "ratingSignals": 19, "allowMenuUrlEdit": true, "categories": [{"pluralName": "Food Courts", "id": "4bf58dd8d48988d120951735", "primary": true, "icon": {"prefix": "https://ss3.4sqi.net/img/categories_v2/shops/food_foodcourt_", "suffix": ".png"}, "name": "Food Court", "shortName": "Food Court"}], "stats": {"checkinsCount": 1910, "usersCount": 572, "tipCount": 20}, "id": "4c99fa1480958cfa6c9e3ed4", "beenHere": {"lastCheckinExpiredAt": 0, "count": 0, "marked": false}, "ratingColor": "FF9600", "location": {"formattedAddress": ["Blk 371 Bukit Batok St. 31", "Singapore"], "lat": 1.3592602508597758, "lng": 103.75041623870499, "country": "Singapore", "distance": 173, "city": "Singapore", "cc": "SG", "address": "Blk 371 Bukit Batok St. 31", "labeledLatLngs": [{"lng": 103.75041623870499, "label": "display", "lat": 1.3592602508597758}]}, "hours": {"isLocalHoliday": false, "isOpen": true, "status": "Likely open"}, "verified": false, "hereNow": {"groups": [], "summary": "Nobody here", "count": 0}}, "referralId": "e-3-4c99fa1480958cfa6c9e3ed4-7", "tips": [{"id": "4d23fbda2ac6f04d2fbd3145", "text": "Try their chicken rice !", "disagreeCount": 0, "logView": true, "createdAt": 1294203866, "likes": {"groups": [], "summary": "6 likes", "count": 6}, "todo": {"count": 0}, "agreeCount": 0, "canonicalUrl": "https://foursquare.com/item/4d23fbda2ac6f04d2fbd3145", "type": "user", "user": {"gender": "female", "id": "2294735", "photo": {"prefix": "https://igx.4sqi.net/img/user/", "suffix": "/2294735-WFBYOICYQITSNA1I.jpg"}, "firstName": "Celinie", "lastName": "Csp"}}]}, {"reasons": {"items": [{"reasonName": "globalInteractionReason", "summary": "This spot is popular", "type": "general"}], "count": 0}, "venue": {"contact": {}, "photos": {"groups": [], "count": 0}, "rating": 5.7, "name": "Soon Huat Food Center (Coffee Shop)", "ratingSignals": 10, "allowMenuUrlEdit": true, "categories": [{"pluralName": "Food Courts", "id": "4bf58dd8d48988d120951735", "primary": true, "icon": {"prefix": "https://ss3.4sqi.net/img/categories_v2/shops/food_foodcourt_", "suffix": ".png"}, "name": "Food Court", "shortName": "Food Court"}], "stats": {"checkinsCount": 1028, "usersCount": 329, "tipCount": 9}, "id": "4b49c6faf964a5207e7326e3", "beenHere": {"lastCheckinExpiredAt": 0, "count": 0, "marked": false}, "ratingColor": "FF9600", "location": {"formattedAddress": ["Blk 359 Bukit Batok West Ave 5", "Singapore"], "lat": 1.3609977302789624, "lng": 103.75141196043293, "country": "Singapore", "distance": 254, "city": "Singapore", "cc": "SG", "address": "Blk 359 Bukit Batok West Ave 5", "labeledLatLngs": [{"lng": 103.75141196043293, "label": "display", "lat": 1.3609977302789624}]}, "hours": {"isLocalHoliday": false, "isOpen": true, "status": "Likely open"}, "verified": false, "hereNow": {"groups": [], "summary": "Nobody here", "count": 0}}, "referralId": "e-3-4b49c6faf964a5207e7326e3-8", "tips": [{"id": "4e460ee1e4cd9d94fb1db4ae", "text": "Prawn mee \ue00e\ue00e!", "disagreeCount": 0, "logView": true, "createdAt": 1313214177, "likes": {"groups": [], "summary": "1 like", "count": 1}, "todo": {"count": 0}, "agreeCount": 0, "canonicalUrl": "https://foursquare.com/item/4e460ee1e4cd9d94fb1db4ae", "type": "user", "user": {"gender": "male", "id": "3584397", "photo": {"prefix": "https://igx.4sqi.net/img/user/", "suffix": "/3584397-2S3ITVH3RKAFAPMY.jpg"}, "firstName": "yangg", "lastName": "boii"}}]}, {"reasons": {"items": [{"reasonName": "globalInteractionReason", "summary": "This spot is popular", "type": "general"}], "count": 0}, "venue": {"hereNow": {"groups": [], "summary": "Nobody here", "count": 0}, "contact": {"phone": "+6565612830", "formattedPhone": "+65 6561 2830"}, "photos": {"groups": [], "count": 0}, "rating": 5.6, "name": "McDonald's", "ratingSignals": 26, "allowMenuUrlEdit": true, "categories": [{"pluralName": "Fast Food Restaurants", "id": "4bf58dd8d48988d16e941735", "primary": true, "icon": {"prefix": "https://ss3.4sqi.net/img/categories_v2/food/fastfood_", "suffix": ".png"}, "name": "Fast Food Restaurant", "shortName": "Fast Food"}], "stats": {"checkinsCount": 5640, "usersCount": 1965, "tipCount": 11}, "id": "4b851fb2f964a520f24c31e3", "beenHere": {"lastCheckinExpiredAt": 0, "count": 0, "marked": false}, "url": "http://www.mcdonalds.com.sg", "ratingColor": "FF9600", "location": {"formattedAddress": ["374 Bukit Batok St. 31", "650374", "Singapore"], "postalCode": "650374", "lat": 1.3574998915441459, "lng": 103.75076293945312, "country": "Singapore", "distance": 188, "city": "Singapore", "cc": "SG", "address": "374 Bukit Batok St. 31", "labeledLatLngs": [{"lng": 103.75076293945312, "label": "display", "lat": 1.3574998915441459}]}, "hours": {"isLocalHoliday": false, "isOpen": true, "status": "Likely open"}, "verified": false, "price": {"tier": 1, "currency": "$", "message": "Cheap"}}, "referralId": "e-3-4b851fb2f964a520f24c31e3-9", "tips": [{"id": "515aa6d1e4b03c0e29c1962f", "text": "reach for the window seats.", "disagreeCount": 0, "createdAt": 1364895441, "logView": true, "todo": {"count": 0}, "agreeCount": 0, "canonicalUrl": "https://foursquare.com/item/515aa6d1e4b03c0e29c1962f", "type": "user", "user": {"gender": "male", "id": "4074719", "photo": {"prefix": "https://igx.4sqi.net/img/user/", "suffix": "/DRRADUWQWLJYNUIJ.jpg"}, "firstName": "niicholas", "lastName": "zechariah"}}]}, {"reasons": {"items": [{"reasonName": "globalInteractionReason", "summary": "This spot is popular", "type": "general"}], "count": 0}, "venue": {"contact": {"phone": "+6590273666", "formattedPhone": "+65 9027 3666"}, "photos": {"groups": [], "count": 0}, "rating": 5.6, "name": "Air Pasang Nasi Campur & Halal Seafood", "ratingSignals": 27, "allowMenuUrlEdit": true, "categories": [{"pluralName": "Food Courts", "id": "4bf58dd8d48988d120951735", "primary": true, "icon": {"prefix": "https://ss3.4sqi.net/img/categories_v2/shops/food_foodcourt_", "suffix": ".png"}, "name": "Food Court", "shortName": "Food Court"}], "stats": {"checkinsCount": 2103, "usersCount": 845, "tipCount": 24}, "id": "4cb944634c60a0934ef03eca", "beenHere": {"lastCheckinExpiredAt": 0, "count": 0, "marked": false}, "ratingColor": "FF9600", "location": {"formattedAddress": ["374 Bukit Batok St. 31, #01-192", "650374", "Singapore"], "postalCode": "650374", "lat": 1.3576492031326102, "lng": 103.7501220496097, "country": "Singapore", "distance": 232, "city": "Singapore", "cc": "SG", "address": "374 Bukit Batok St. 31, #01-192", "labeledLatLngs": [{"lng": 103.7501220496097, "label": "display", "lat": 1.3576492031326102}]}, "hours": {"isLocalHoliday": false, "isOpen": true, "status": "Likely open"}, "verified": false, "hereNow": {"groups": [], "summary": "Nobody here", "count": 0}}, "referralId": "e-3-4cb944634c60a0934ef03eca-10", "tips": [{"id": "4d08c32c7b30a1cdec4ea1cc", "text": "Nice food!! :D now SENAK!!!", "disagreeCount": 0, "logView": true, "createdAt": 1292419884, "likes": {"groups": [], "summary": "5 likes", "count": 5}, "todo": {"count": 1}, "agreeCount": 0, "canonicalUrl": "https://foursquare.com/item/4d08c32c7b30a1cdec4ea1cc", "type": "user", "user": {"gender": "male", "id": "5060379", "photo": {"prefix": "https://igx.4sqi.net/img/user/", "suffix": "/2LVPQBR30MYW5B0Y.jpg"}, "firstName": "Iman", "lastName": "James"}}]}, {"reasons": {"items": [{"reasonName": "globalInteractionReason", "summary": "This spot is popular", "type": "general"}], "count": 0}, "venue": {"contact": {}, "photos": {"groups": [], "count": 0}, "name": "Thohirah Restaurant", "allowMenuUrlEdit": true, "beenHere": {"lastCheckinExpiredAt": 0, "count": 0, "marked": false}, "stats": {"checkinsCount": 475, "usersCount": 235, "tipCount": 1}, "id": "53c14b70498e4731c13451f3", "categories": [{"pluralName": "Halal Restaurants", "id": "52e81612bcbc57f1066b79ff", "primary": true, "icon": {"prefix": "https://ss3.4sqi.net/img/categories_v2/food/halal_", "suffix": ".png"}, "name": "Halal Restaurant", "shortName": "Halal"}], "location": {"formattedAddress": ["Blk 374 Bukit Gombak St 31", "Singapore"], "lat": 1.3575429475161132, "lng": 103.75091975615453, "country": "Singapore", "distance": 173, "city": "Singapore", "cc": "SG", "address": "Blk 374 Bukit Gombak St 31", "labeledLatLngs": [{"lng": 103.75091975615453, "label": "display", "lat": 1.3575429475161132}]}, "hours": {"isLocalHoliday": false, "isOpen": false}, "verified": false, "hereNow": {"groups": [], "summary": "Nobody here", "count": 0}}, "referralId": "e-3-53c14b70498e4731c13451f3-11", "tips": [{"id": "558e83aa498edc250d2ad63d", "text": "Bee Hoon goreng is a must-try", "disagreeCount": 0, "createdAt": 1435403178, "logView": true, "todo": {"count": 0}, "agreeCount": 0, "canonicalUrl": "https://foursquare.com/item/558e83aa498edc250d2ad63d", "type": "user", "user": {"gender": "male", "id": "10339116", "photo": {"prefix": "https://igx.4sqi.net/img/user/", "suffix": "/5L4EESCU1L4MITW2.jpg"}, "firstName": "TK", "lastName": "S"}}]}, {"reasons": {"items": [{"reasonName": "globalInteractionReason", "summary": "This spot is popular", "type": "general"}], "count": 0}, "venue": {"hereNow": {"groups": [], "summary": "Nobody here", "count": 0}, "contact": {}, "photos": {"groups": [], "count": 0}, "name": "Mr Bean", "allowMenuUrlEdit": true, "beenHere": {"lastCheckinExpiredAt": 0, "count": 0, "marked": false}, "stats": {"checkinsCount": 797, "usersCount": 218, "tipCount": 3}, "id": "4bf9c0675ec320a182cd8ad3", "categories": [{"pluralName": "Restaurants", "id": "4bf58dd8d48988d1c4941735", "primary": true, "icon": {"prefix": "https://ss3.4sqi.net/img/categories_v2/food/default_", "suffix": ".png"}, "name": "Restaurant", "shortName": "Restaurant"}], "location": {"formattedAddress": ["Bukit Gombak MRT", "Singapore"], "lat": 1.3591838259499047, "lng": 103.75166654956179, "distance": 53, "country": "Singapore", "cc": "SG", "address": "Bukit Gombak MRT", "labeledLatLngs": [{"lng": 103.75166654956179, "label": "display", "lat": 1.3591838259499047}]}, "hours": {"isLocalHoliday": false, "isOpen": true, "status": "Likely open"}, "verified": false, "price": {"tier": 2, "currency": "$", "message": "Moderate"}}, "referralId": "e-3-4bf9c0675ec320a182cd8ad3-12", "tips": [{"id": "519708e0498e336c7b993666", "text": "Soyabean ice cream. Healthy and delicious. :)", "disagreeCount": 0, "createdAt": 1368852704, "logView": true, "todo": {"count": 0}, "agreeCount": 0, "canonicalUrl": "https://foursquare.com/item/519708e0498e336c7b993666", "type": "user", "user": {"gender": "male", "id": "8901208", "photo": {"prefix": "https://igx.4sqi.net/img/user/", "suffix": "/1JPIPHMYBGKRNTG0.jpg"}, "firstName": "Farit", "lastName": "Ismeth"}}]}, {"reasons": {"items": [{"reasonName": "globalInteractionReason", "summary": "This spot is popular", "type": "general"}], "count": 0}, "venue": {"hereNow": {"groups": [], "summary": "Nobody here", "count": 0}, "contact": {}, "photos": {"groups": [], "count": 0}, "name": "Jin Yi Vegetarian @ Meng Soon Huat \u9326\u61b6\u7d20\u98df", "allowMenuUrlEdit": true, "beenHere": {"lastCheckinExpiredAt": 0, "count": 0, "marked": false}, "stats": {"checkinsCount": 399, "usersCount": 71, "tipCount": 3}, "id": "4c1a11ba4ff90f47a8cf1049", "categories": [{"pluralName": "Vegetarian / Vegan Restaurants", "id": "4bf58dd8d48988d1d3941735", "primary": true, "icon": {"prefix": "https://ss3.4sqi.net/img/categories_v2/food/vegetarian_", "suffix": ".png"}, "name": "Vegetarian / Vegan Restaurant", "shortName": "Vegetarian / Vegan"}], "location": {"lat": 1.3592981679438534, "distance": 61, "country": "Singapore", "cc": "SG", "crossStreet": "Bukit Batok West Ave 5", "formattedAddress": ["Blk 359 Bukit Batok St 31 (Bukit Batok West Ave 5)", "659082", "Singapore"], "neighborhood": "bukit", "city": "Bukit Batok", "lng": 103.75175707025743, "labeledLatLngs": [{"lng": 103.75175707025743, "label": "display", "lat": 1.3592981679438534}], "address": "Blk 359 Bukit Batok St 31", "postalCode": "659082"}, "hours": {"isLocalHoliday": false, "isOpen": false}, "verified": false, "price": {"tier": 2, "currency": "$", "message": "Moderate"}}, "referralId": "e-3-4c1a11ba4ff90f47a8cf1049-13", "tips": [{"id": "4e2ff717b0fbdc2b65061ece", "text": "And 45mins for this.", "disagreeCount": 0, "logView": true, "createdAt": 1311766295, "likes": {"groups": [], "summary": "3 likes", "count": 3}, "todo": {"count": 1}, "agreeCount": 0, "canonicalUrl": "https://foursquare.com/item/4e2ff717b0fbdc2b65061ece", "type": "user", "user": {"gender": "female", "id": "4688421", "photo": {"prefix": "https://igx.4sqi.net/img/user/", "suffix": "/QWKBSTSECEVAUAXS.jpg"}, "firstName": "Ong", "lastName": "Bs"}}]}, {"reasons": {"items": [{"reasonName": "globalInteractionReason", "summary": "This spot is popular", "type": "general"}], "count": 0}, "venue": {"id": "4c3ee789ca012d7f431130be", "hereNow": {"groups": [], "summary": "Nobody here", "count": 0}, "contact": {}, "beenHere": {"lastCheckinExpiredAt": 0, "count": 0, "marked": false}, "photos": {"groups": [], "count": 0}, "name": "371 Hawker Center", "location": {"formattedAddress": ["Bukit Batok Street 31", "Singapore"], "lat": 1.3588240606180486, "lng": 103.7505972784691, "country": "Singapore", "distance": 144, "city": "Singapore", "cc": "SG", "address": "Bukit Batok Street 31", "labeledLatLngs": [{"lng": 103.7505972784691, "label": "display", "lat": 1.3588240606180486}]}, "allowMenuUrlEdit": true, "verified": false, "categories": [{"pluralName": "Food Courts", "id": "4bf58dd8d48988d120951735", "primary": true, "icon": {"prefix": "https://ss3.4sqi.net/img/categories_v2/shops/food_foodcourt_", "suffix": ".png"}, "name": "Food Court", "shortName": "Food Court"}], "stats": {"checkinsCount": 177, "usersCount": 72, "tipCount": 1}}, "referralId": "e-3-4c3ee789ca012d7f431130be-14", "tips": [{"id": "4c43c7dcfb6eb713c4414e4a", "text": "The hainanese chicken rice is the best chicken rice I've eaten. Try the roasted chicken version.", "disagreeCount": 0, "logView": true, "createdAt": 1279510492, "likes": {"groups": [], "summary": "3 likes", "count": 3}, "todo": {"count": 0}, "agreeCount": 0, "canonicalUrl": "https://foursquare.com/item/4c43c7dcfb6eb713c4414e4a", "type": "user", "user": {"gender": "male", "id": "453309", "photo": {"prefix": "https://igx.4sqi.net/img/user/", "suffix": "/453309-LV5SLIGUDK32CJTX"}, "firstName": "Jingwen", "lastName": "Chen"}}]}, {"reasons": {"items": [{"reasonName": "globalInteractionReason", "summary": "This spot is popular", "type": "general"}], "count": 0}, "venue": {"hereNow": {"groups": [], "summary": "Nobody here", "count": 0}, "contact": {"phone": "+6565637965", "formattedPhone": "+65 6563 7965"}, "photos": {"groups": [], "count": 0}, "name": "Kimly Seafood \u91d1\u5473\u6d77\u9c9c", "allowMenuUrlEdit": true, "beenHere": {"lastCheckinExpiredAt": 0, "count": 0, "marked": false}, "stats": {"checkinsCount": 262, "usersCount": 98, "tipCount": 2}, "id": "4d3ed3313ec9a35d0bc05d81", "categories": [{"pluralName": "Chinese Restaurants", "id": "4bf58dd8d48988d145941735", "primary": true, "icon": {"prefix": "https://ss3.4sqi.net/img/categories_v2/food/asian_", "suffix": ".png"}, "name": "Chinese Restaurant", "shortName": "Chinese"}], "location": {"formattedAddress": ["Blk 371 Bukit Batok St. 31", "Singapore"], "lat": 1.3591847780815416, "lng": 103.75039926623964, "distance": 172, "country": "Singapore", "cc": "SG", "address": "Blk 371 Bukit Batok St. 31", "labeledLatLngs": [{"lng": 103.75039926623964, "label": "display", "lat": 1.3591847780815416}]}, "hours": {"isLocalHoliday": false, "isOpen": true, "status": "Likely open"}, "verified": false, "price": {"tier": 1, "currency": "$", "message": "Cheap"}}, "referralId": "e-3-4d3ed3313ec9a35d0bc05d81-15", "tips": [{"id": "4e9452639a5267bd66ebc558", "text": "One of the girl here is super rude!! I wondering to take order and keep shaking my hand to ask her come over. But she act like didn't see me. Aft tat one Chinese girl come to take order wit me!!", "disagreeCount": 0, "createdAt": 1318343267, "logView": true, "todo": {"count": 0}, "agreeCount": 0, "canonicalUrl": "https://foursquare.com/item/4e9452639a5267bd66ebc558", "type": "user", "user": {"id": "2035005", "photo": {"prefix": "https://igx.4sqi.net/img/user/", "suffix": "/2035005-EVLFJNYAQR3ZLEYW.jpg"}, "firstName": "Oscar de la Hoy", "gender": "male"}}]}, {"reasons": {"items": [{"reasonName": "globalInteractionReason", "summary": "This spot is popular", "type": "general"}], "count": 0}, "venue": {"hereNow": {"groups": [], "summary": "Nobody here", "count": 0}, "contact": {}, "photos": {"groups": [], "count": 0}, "name": "7-Eleven", "allowMenuUrlEdit": true, "beenHere": {"lastCheckinExpiredAt": 0, "count": 0, "marked": false}, "stats": {"checkinsCount": 530, "usersCount": 148, "tipCount": 0}, "id": "4ca57c0244a8224b0781fa3f", "categories": [{"pluralName": "Restaurants", "id": "4bf58dd8d48988d1c4941735", "primary": true, "icon": {"prefix": "https://ss3.4sqi.net/img/categories_v2/food/default_", "suffix": ".png"}, "name": "Restaurant", "shortName": "Restaurant"}], "location": {"formattedAddress": ["Bukit Gombak MRT", "Singapore"], "lat": 1.3590873131050822, "lng": 103.75192165374756, "country": "Singapore", "distance": 36, "city": "Singapore", "cc": "SG", "address": "Bukit Gombak MRT", "labeledLatLngs": [{"lng": 103.75192165374756, "label": "display", "lat": 1.3590873131050822}]}, "hours": {"isLocalHoliday": false, "isOpen": true, "status": "Likely open"}, "verified": false, "price": {"tier": 2, "currency": "$", "message": "Moderate"}}, "referralId": "e-3-4ca57c0244a8224b0781fa3f-16"}, {"reasons": {"items": [{"reasonName": "globalInteractionReason", "summary": "This spot is popular", "type": "general"}], "count": 0}, "venue": {"hereNow": {"groups": [], "summary": "Nobody here", "count": 0}, "contact": {}, "photos": {"groups": [], "count": 0}, "name": "Indulge Patisserie", "allowMenuUrlEdit": true, "beenHere": {"lastCheckinExpiredAt": 0, "count": 0, "marked": false}, "stats": {"checkinsCount": 84, "usersCount": 15, "tipCount": 0}, "id": "4ecf864777c8ea62fafcc3c6", "categories": [{"pluralName": "Bakeries", "id": "4bf58dd8d48988d16a941735", "primary": true, "icon": {"prefix": "https://ss3.4sqi.net/img/categories_v2/food/bakery_", "suffix": ".png"}, "name": "Bakery", "shortName": "Bakery"}], "location": {"formattedAddress": ["Singapore"], "lat": 1.3578343561482538, "lng": 103.751010276346, "distance": 142, "country": "Singapore", "cc": "SG", "labeledLatLngs": [{"lng": 103.751010276346, "label": "display", "lat": 1.3578343561482538}]}, "verified": false, "price": {"tier": 1, "currency": "$", "message": "Cheap"}}, "referralId": "e-3-4ecf864777c8ea62fafcc3c6-17"}, {"reasons": {"items": [{"reasonName": "globalInteractionReason", "summary": "This spot is popular", "type": "general"}], "count": 0}, "venue": {"hereNow": {"groups": [], "summary": "Nobody here", "count": 0}, "contact": {}, "photos": {"groups": [], "count": 0}, "name": "Umisushi", "allowMenuUrlEdit": true, "beenHere": {"lastCheckinExpiredAt": 0, "count": 0, "marked": false}, "stats": {"checkinsCount": 267, "usersCount": 94, "tipCount": 1}, "id": "4e7452fe8998ed82a3eda01e", "categories": [{"pluralName": "Sushi Restaurants", "id": "4bf58dd8d48988d1d2941735", "primary": true, "icon": {"prefix": "https://ss3.4sqi.net/img/categories_v2/food/sushi_", "suffix": ".png"}, "name": "Sushi Restaurant", "shortName": "Sushi"}], "location": {"formattedAddress": ["Bukit Gombak", "Singapore"], "lat": 1.3592832956581706, "lng": 103.75156471385225, "country": "Singapore", "distance": 68, "city": "Singapore", "cc": "SG", "address": "Bukit Gombak", "labeledLatLngs": [{"lng": 103.75156471385225, "label": "display", "lat": 1.3592832956581706}]}, "hours": {"isLocalHoliday": false, "isOpen": true, "status": "Likely open"}, "verified": false, "price": {"tier": 2, "currency": "$", "message": "Moderate"}}, "referralId": "e-3-4e7452fe8998ed82a3eda01e-18", "tips": [{"id": "4ec4688c30f8194514e05c03", "text": "Yummy crispy salmon skin @ $1.50 with mayo included.but sold out by 6pm!", "disagreeCount": 0, "createdAt": 1321494668, "logView": true, "todo": {"count": 0}, "agreeCount": 0, "canonicalUrl": "https://foursquare.com/item/4ec4688c30f8194514e05c03", "type": "user", "user": {"gender": "female", "id": "849959", "photo": {"prefix": "https://igx.4sqi.net/img/user/", "suffix": "/YYKBCKLAQCW4UPFB.jpg"}, "firstName": "D", "lastName": "D"}}]}, {"reasons": {"items": [{"reasonName": "globalInteractionReason", "summary": "This spot is popular", "type": "general"}], "count": 0}, "venue": {"hereNow": {"groups": [], "summary": "Nobody here", "count": 0}, "contact": {}, "photos": {"groups": [], "count": 0}, "name": "Thohirah", "allowMenuUrlEdit": true, "beenHere": {"lastCheckinExpiredAt": 0, "count": 0, "marked": false}, "stats": {"checkinsCount": 56, "usersCount": 30, "tipCount": 0}, "id": "53b023d4498e7b9f40d45909", "categories": [{"pluralName": "Caf\u00e9s", "id": "4bf58dd8d48988d16d941735", "primary": true, "icon": {"prefix": "https://ss3.4sqi.net/img/categories_v2/food/cafe_", "suffix": ".png"}, "name": "Caf\u00e9", "shortName": "Caf\u00e9"}], "location": {"formattedAddress": ["Singapore"], "lat": 1.3576560020446777, "lng": 103.75102996826172, "distance": 156, "country": "Singapore", "cc": "SG", "labeledLatLngs": [{"lng": 103.75102996826172, "label": "display", "lat": 1.3576560020446777}]}, "verified": false, "price": {"tier": 1, "currency": "$", "message": "Cheap"}}, "referralId": "e-3-53b023d4498e7b9f40d45909-19"}, {"reasons": {"items": [{"reasonName": "globalInteractionReason", "summary": "This spot is popular", "type": "general"}], "count": 0}, "venue": {"hereNow": {"groups": [], "summary": "Nobody here", "count": 0}, "contact": {}, "photos": {"groups": [], "count": 0}, "name": "Umi Sushi", "allowMenuUrlEdit": true, "beenHere": {"lastCheckinExpiredAt": 0, "count": 0, "marked": false}, "stats": {"checkinsCount": 170, "usersCount": 96, "tipCount": 1}, "id": "4ed0e030b634dd29920b60f2", "categories": [{"pluralName": "Japanese Restaurants", "id": "4bf58dd8d48988d111941735", "primary": true, "icon": {"prefix": "https://ss3.4sqi.net/img/categories_v2/food/japanese_", "suffix": ".png"}, "name": "Japanese Restaurant", "shortName": "Japanese"}], "location": {"formattedAddress": ["#01-02 Bukit Gombak MRT Station", "Singapore"], "lat": 1.3589724448770455, "lng": 103.75167220710348, "distance": 34, "country": "Singapore", "cc": "SG", "address": "#01-02 Bukit Gombak MRT Station", "labeledLatLngs": [{"lng": 103.75167220710348, "label": "display", "lat": 1.3589724448770455}]}, "verified": false, "price": {"tier": 2, "currency": "$", "message": "Moderate"}}, "referralId": "e-3-4ed0e030b634dd29920b60f2-20", "tips": [{"id": "51ce68bb498ef001f981c9d0", "text": "Try the soft shell crab roll! Super delicious and price ($2) is quite reasonable!", "disagreeCount": 0, "createdAt": 1372481723, "logView": true, "todo": {"count": 0}, "agreeCount": 0, "canonicalUrl": "https://foursquare.com/item/51ce68bb498ef001f981c9d0", "type": "user", "user": {"gender": "female", "id": "55526454", "photo": {"prefix": "https://igx.4sqi.net/img/user/", "suffix": "/55526454-EUQLGEIQD1SBUM5R.jpg"}, "firstName": "Charis", "lastName": "Chan"}}]}, {"reasons": {"items": [{"reasonName": "globalInteractionReason", "summary": "This spot is popular", "type": "general"}], "count": 0}, "venue": {"hereNow": {"groups": [], "summary": "Nobody here", "count": 0}, "contact": {}, "photos": {"groups": [], "count": 0}, "name": "Pasar Bukit Gombak", "allowMenuUrlEdit": true, "beenHere": {"lastCheckinExpiredAt": 0, "count": 0, "marked": false}, "stats": {"checkinsCount": 319, "usersCount": 94, "tipCount": 0}, "id": "4c47af7d1ddec928e9579e32", "categories": [{"pluralName": "Restaurants", "id": "4bf58dd8d48988d1c4941735", "primary": true, "icon": {"prefix": "https://ss3.4sqi.net/img/categories_v2/food/default_", "suffix": ".png"}, "name": "Restaurant", "shortName": "Restaurant"}], "location": {"formattedAddress": ["Singapore"], "lat": 1.3586297516661467, "lng": 103.7509254136647, "distance": 108, "country": "Singapore", "cc": "SG", "labeledLatLngs": [{"lng": 103.7509254136647, "label": "display", "lat": 1.3586297516661467}]}, "hours": {"isLocalHoliday": false, "isOpen": false}, "verified": false, "price": {"tier": 2, "currency": "$", "message": "Moderate"}}, "referralId": "e-3-4c47af7d1ddec928e9579e32-21"}, {"reasons": {"items": [{"reasonName": "globalInteractionReason", "summary": "This spot is popular", "type": "general"}], "count": 0}, "venue": {"contact": {}, "photos": {"groups": [], "count": 0}, "name": "BB 373 Food House", "allowMenuUrlEdit": true, "beenHere": {"lastCheckinExpiredAt": 0, "count": 0, "marked": false}, "stats": {"checkinsCount": 267, "usersCount": 120, "tipCount": 3}, "id": "4ca5726976d3a093e655f86a", "categories": [{"pluralName": "Food Courts", "id": "4bf58dd8d48988d120951735", "primary": true, "icon": {"prefix": "https://ss3.4sqi.net/img/categories_v2/shops/food_foodcourt_", "suffix": ".png"}, "name": "Food Court", "shortName": "Food Court"}], "location": {"formattedAddress": ["373 Bukit Batok Street 31", "Singapore"], "lat": 1.3585238140775773, "lng": 103.75005981738381, "country": "Singapore", "distance": 205, "city": "Singapore", "cc": "SG", "address": "373 Bukit Batok Street 31", "labeledLatLngs": [{"lng": 103.75005981738381, "label": "display", "lat": 1.3585238140775773}]}, "hours": {"isLocalHoliday": false, "isOpen": true, "status": "Likely open"}, "verified": false, "hereNow": {"groups": [], "summary": "Nobody here", "count": 0}}, "referralId": "e-3-4ca5726976d3a093e655f86a-22", "tips": [{"id": "4f5c848fe4b008b1574ac3cc", "text": "Nasi Goreng at the indian muslim stall is the best! Dont forget to try the rojak too!", "disagreeCount": 0, "createdAt": 1331463311, "logView": true, "todo": {"count": 0}, "agreeCount": 0, "canonicalUrl": "https://foursquare.com/item/4f5c848fe4b008b1574ac3cc", "type": "user", "user": {"gender": "male", "id": "6827593", "photo": {"prefix": "https://igx.4sqi.net/img/user/", "suffix": "/55VPO1DLEZRWZQUZ.jpg"}, "firstName": "Syafiq", "lastName": "Asyraf"}}]}, {"reasons": {"items": [{"reasonName": "globalInteractionReason", "summary": "This spot is popular", "type": "general"}], "count": 0}, "venue": {"hereNow": {"groups": [], "summary": "Nobody here", "count": 0}, "contact": {}, "photos": {"groups": [], "count": 0}, "name": "Dragon Palace Vegetarian", "allowMenuUrlEdit": true, "beenHere": {"lastCheckinExpiredAt": 0, "count": 0, "marked": false}, "stats": {"checkinsCount": 31, "usersCount": 18, "tipCount": 0}, "id": "4ff680d2e4b0b8fda9c21bb1", "categories": [{"pluralName": "Vegetarian / Vegan Restaurants", "id": "4bf58dd8d48988d1d3941735", "primary": true, "icon": {"prefix": "https://ss3.4sqi.net/img/categories_v2/food/vegetarian_", "suffix": ".png"}, "name": "Vegetarian / Vegan Restaurant", "shortName": "Vegetarian / Vegan"}], "location": {"formattedAddress": ["376 Bukit Batok St. 31", "650376", "Singapore"], "postalCode": "650376", "lat": 1.3589189335996148, "lng": 103.74989009327822, "distance": 223, "country": "Singapore", "cc": "SG", "address": "376 Bukit Batok St. 31", "labeledLatLngs": [{"lng": 103.74989009327822, "label": "display", "lat": 1.3589189335996148}]}, "verified": false, "price": {"tier": 2, "currency": "$", "message": "Moderate"}}, "referralId": "e-3-4ff680d2e4b0b8fda9c21bb1-23"}, {"reasons": {"items": [{"reasonName": "globalInteractionReason", "summary": "This spot is popular", "type": "general"}], "count": 0}, "venue": {"hereNow": {"groups": [], "summary": "Nobody here", "count": 0}, "contact": {}, "photos": {"groups": [], "count": 0}, "name": "Do & Me Fried Chicken", "allowMenuUrlEdit": true, "beenHere": {"lastCheckinExpiredAt": 0, "count": 0, "marked": false}, "stats": {"checkinsCount": 115, "usersCount": 64, "tipCount": 1}, "id": "4ce26f3469136dcb5927efe6", "categories": [{"pluralName": "American Restaurants", "id": "4bf58dd8d48988d14e941735", "primary": true, "icon": {"prefix": "https://ss3.4sqi.net/img/categories_v2/food/default_", "suffix": ".png"}, "name": "American Restaurant", "shortName": "American"}], "location": {"formattedAddress": ["Blk 374 Bukit Batok Street 31", "Singapore"], "lat": 1.3576209397051593, "lng": 103.75021256926257, "country": "Singapore", "distance": 226, "city": "Singapore", "cc": "SG", "address": "Blk 374 Bukit Batok Street 31", "labeledLatLngs": [{"lng": 103.75021256926257, "label": "display", "lat": 1.3576209397051593}]}, "verified": false, "price": {"tier": 2, "currency": "$", "message": "Moderate"}}, "referralId": "e-3-4ce26f3469136dcb5927efe6-24", "tips": [{"id": "4d3ab5a11fc36dcbed3969f5", "text": "Now ada Q no when collecting food, similar to clinics...", "disagreeCount": 0, "createdAt": 1295693217, "logView": true, "todo": {"count": 1}, "agreeCount": 0, "canonicalUrl": "https://foursquare.com/item/4d3ab5a11fc36dcbed3969f5", "type": "user", "user": {"gender": "female", "id": "3574085", "photo": {"prefix": "https://igx.4sqi.net/img/user/", "suffix": "/J325FW1EDJBPHWJK.jpg"}, "firstName": "Irahz", "lastName": "Sisterz"}}]}, {"reasons": {"items": [{"reasonName": "globalInteractionReason", "summary": "This spot is popular", "type": "general"}], "count": 0}, "venue": {"hereNow": {"groups": [], "summary": "Nobody here", "count": 0}, "contact": {"facebook": "250336088447532", "facebookName": "Gui Pin Vegetarian \u8d35\u54c1\u7d20\u98df\u9986", "phone": "+6590292443", "formattedPhone": "+65 9029 2443"}, "photos": {"groups": [], "count": 0}, "name": "Gui Pin Vegetarian \u8d35\u54c1\u7d20\u98df\u9986", "allowMenuUrlEdit": true, "beenHere": {"lastCheckinExpiredAt": 0, "count": 0, "marked": false}, "stats": {"checkinsCount": 350, "usersCount": 121, "tipCount": 3}, "id": "4c5e9daed25320a17a33c97a", "categories": [{"pluralName": "Vegetarian / Vegan Restaurants", "id": "4bf58dd8d48988d1d3941735", "primary": true, "icon": {"prefix": "https://ss3.4sqi.net/img/categories_v2/food/vegetarian_", "suffix": ".png"}, "name": "Vegetarian / Vegan Restaurant", "shortName": "Vegetarian / Vegan"}], "location": {"formattedAddress": ["#01-126, Blk 376 Bukit Batok St 31", "650376", "Singapore"], "postalCode": "650376", "lat": 1.3589333286968286, "lng": 103.74982220369616, "country": "Singapore", "distance": 231, "city": "Singapore", "cc": "SG", "address": "#01-126, Blk 376 Bukit Batok St 31", "labeledLatLngs": [{"lng": 103.74982220369616, "label": "display", "lat": 1.3589333286968286}]}, "hours": {"isLocalHoliday": false, "isOpen": true, "status": "Open until 9:00 PM"}, "verified": false, "price": {"tier": 2, "currency": "$", "message": "Moderate"}}, "referralId": "e-3-4c5e9daed25320a17a33c97a-25", "tips": [{"id": "526cfa5f11d2c8b32bb2f8a0", "text": "Rename as Gui Pin", "disagreeCount": 0, "createdAt": 1382873695, "logView": true, "todo": {"count": 0}, "agreeCount": 0, "canonicalUrl": "https://foursquare.com/item/526cfa5f11d2c8b32bb2f8a0", "type": "user", "user": {"gender": "male", "id": "5424648", "photo": {"prefix": "https://igx.4sqi.net/img/user/", "suffix": "/5424648-BAFYF4YWVB2JSFO4.jpg"}, "firstName": "Ben", "lastName": "Liu"}}]}, {"reasons": {"items": [{"reasonName": "globalInteractionReason", "summary": "This spot is popular", "type": "general"}], "count": 0}, "venue": {"contact": {}, "photos": {"groups": [], "count": 0}, "name": "376 food centre", "allowMenuUrlEdit": true, "beenHere": {"lastCheckinExpiredAt": 0, "count": 0, "marked": false}, "stats": {"checkinsCount": 314, "usersCount": 141, "tipCount": 3}, "id": "4ca7190ab7106dcbcd5164a5", "categories": [{"pluralName": "Food Courts", "id": "4bf58dd8d48988d120951735", "primary": true, "icon": {"prefix": "https://ss3.4sqi.net/img/categories_v2/shops/food_foodcourt_", "suffix": ".png"}, "name": "Food Court", "shortName": "Food Court"}], "location": {"formattedAddress": ["Blk 376 Bukit batok", "Singapore"], "lat": 1.3588268831315826, "lng": 103.74967510971963, "distance": 246, "country": "Singapore", "cc": "SG", "address": "Blk 376 Bukit batok", "labeledLatLngs": [{"lng": 103.74967510971963, "label": "display", "lat": 1.3588268831315826}]}, "hours": {"isLocalHoliday": false, "isOpen": true, "status": "Likely open"}, "verified": false, "hereNow": {"groups": [], "summary": "Nobody here", "count": 0}}, "referralId": "e-3-4ca7190ab7106dcbcd5164a5-26", "tips": [{"id": "4bc1b57670c603bb5e7a97b4", "text": "Beware of the Hong Kong Street Seafood Kitchen. It is different from the original Zhen Ji. Three mixed is terrible!", "disagreeCount": 0, "logView": true, "createdAt": 1270986102, "likes": {"groups": [], "summary": "1 like", "count": 1}, "todo": {"count": 0}, "agreeCount": 0, "canonicalUrl": "https://foursquare.com/item/4bc1b57670c603bb5e7a97b4", "type": "user", "user": {"gender": "male", "id": "668990", "photo": {"prefix": "https://igx.4sqi.net/img/user/", "suffix": "/EATJVQKPWCXNXQJA.jpg"}, "firstName": "Zachary", "lastName": "Wong"}}]}, {"reasons": {"items": [{"reasonName": "globalInteractionReason", "summary": "This spot is popular", "type": "general"}], "count": 0}, "venue": {"hereNow": {"groups": [], "summary": "Nobody here", "count": 0}, "contact": {}, "photos": {"groups": [], "count": 0}, "name": "Meng Kee Seafood @ Bukit Batok West Avenue 5", "allowMenuUrlEdit": true, "beenHere": {"lastCheckinExpiredAt": 0, "count": 0, "marked": false}, "stats": {"checkinsCount": 35, "usersCount": 24, "tipCount": 0}, "id": "4dc01d0543a147cd6ed0d034", "categories": [{"pluralName": "Asian Restaurants", "id": "4bf58dd8d48988d142941735", "primary": true, "icon": {"prefix": "https://ss3.4sqi.net/img/categories_v2/food/asian_", "suffix": ".png"}, "name": "Asian Restaurant", "shortName": "Asian"}], "location": {"formattedAddress": ["Singapore"], "lat": 1.361051, "lng": 103.751558, "distance": 257, "country": "Singapore", "cc": "SG", "labeledLatLngs": [{"lng": 103.751558, "label": "display", "lat": 1.361051}]}, "verified": false, "price": {"tier": 2, "currency": "$", "message": "Moderate"}}, "referralId": "e-3-4dc01d0543a147cd6ed0d034-27"}, {"reasons": {"items": [{"reasonName": "globalInteractionReason", "summary": "This spot is popular", "type": "general"}], "count": 0}, "venue": {"hereNow": {"groups": [], "summary": "Nobody here", "count": 0}, "contact": {}, "photos": {"groups": [], "count": 0}, "name": "Meng Soon Huat Seafood", "allowMenuUrlEdit": true, "beenHere": {"lastCheckinExpiredAt": 0, "count": 0, "marked": false}, "stats": {"checkinsCount": 108, "usersCount": 16, "tipCount": 0}, "id": "4e884370a17ccac7cf22d622", "categories": [{"pluralName": "Seafood Restaurants", "id": "4bf58dd8d48988d1ce941735", "primary": true, "icon": {"prefix": "https://ss3.4sqi.net/img/categories_v2/food/seafood_", "suffix": ".png"}, "name": "Seafood Restaurant", "shortName": "Seafood"}], "location": {"formattedAddress": ["Blk 359 Bukit Batok St 31", "Singapore"], "lat": 1.3611298529335984, "lng": 103.75153642616887, "country": "Singapore", "distance": 266, "city": "Singapore", "cc": "SG", "address": "Blk 359 Bukit Batok St 31", "labeledLatLngs": [{"lng": 103.75153642616887, "label": "display", "lat": 1.3611298529335984}]}, "verified": false, "price": {"tier": 3, "currency": "$", "message": "Expensive"}}, "referralId": "e-3-4e884370a17ccac7cf22d622-28"}, {"reasons": {"items": [{"reasonName": "globalInteractionReason", "summary": "This spot is popular", "type": "general"}], "count": 0}, "venue": {"contact": {}, "photos": {"groups": [], "count": 0}, "rating": 5.8, "name": "Eight Way Coffee Shop", "ratingSignals": 12, "allowMenuUrlEdit": true, "categories": [{"pluralName": "Food Courts", "id": "4bf58dd8d48988d120951735", "primary": true, "icon": {"prefix": "https://ss3.4sqi.net/img/categories_v2/shops/food_foodcourt_", "suffix": ".png"}, "name": "Food Court", "shortName": "Food Court"}], "stats": {"checkinsCount": 774, "usersCount": 162, "tipCount": 7}, "id": "4c4ad8e1c668e21e725a36f9", "beenHere": {"lastCheckinExpiredAt": 0, "count": 0, "marked": false}, "ratingColor": "FF9600", "location": {"formattedAddress": ["395A Bukit Batok West Ave 5", "650395", "Singapore"], "postalCode": "650395", "lat": 1.364064087445756, "lng": 103.75205039978027, "country": "Singapore", "distance": 590, "city": "Singapore", "cc": "SG", "address": "395A Bukit Batok West Ave 5", "labeledLatLngs": [{"lng": 103.75205039978027, "label": "display", "lat": 1.364064087445756}]}, "hours": {"isLocalHoliday": false, "isOpen": true, "status": "Likely open"}, "verified": false, "hereNow": {"groups": [], "summary": "Nobody here", "count": 0}}, "referralId": "e-3-4c4ad8e1c668e21e725a36f9-29", "tips": [{"id": "5603da46498eed98c6186962", "text": "The fishball noodles from Lim Keep Fish Ball Noodles is horrible! \ud83d\ude20 The noodles is soggy. And the prawn noodles is not using the authentic prawn brew!", "disagreeCount": 0, "createdAt": 1443093062, "logView": true, "todo": {"count": 0}, "agreeCount": 0, "canonicalUrl": "https://foursquare.com/item/5603da46498eed98c6186962", "type": "user", "user": {"gender": "male", "id": "1051318", "photo": {"prefix": "https://igx.4sqi.net/img/user/", "suffix": "/1051318-YSO5IVSRWPMBNF33"}, "firstName": "Francis", "lastName": "Pang"}}]}, {"reasons": {"items": [{"reasonName": "globalInteractionReason", "summary": "This spot is popular", "type": "general"}], "count": 0}, "venue": {"contact": {"phone": "+6565616976", "formattedPhone": "+65 6561 6976"}, "photos": {"groups": [], "count": 0}, "rating": 5.4, "name": "Habib Family Restaurant", "ratingSignals": 28, "allowMenuUrlEdit": true, "categories": [{"pluralName": "Halal Restaurants", "id": "52e81612bcbc57f1066b79ff", "primary": true, "icon": {"prefix": "https://ss3.4sqi.net/img/categories_v2/food/halal_", "suffix": ".png"}, "name": "Halal Restaurant", "shortName": "Halal"}], "stats": {"checkinsCount": 2793, "usersCount": 1010, "tipCount": 24}, "id": "4ca5e1b1b7106dcb4b4558a5", "beenHere": {"lastCheckinExpiredAt": 0, "count": 0, "marked": false}, "ratingColor": "FF9600", "location": {"formattedAddress": ["374 Bukit Batok St 31, #01-194", "650374", "Singapore"], "postalCode": "650374", "lat": 1.3573732264211291, "lng": 103.75041623870499, "country": "Singapore", "distance": 225, "city": "Singapore", "cc": "SG", "address": "374 Bukit Batok St 31, #01-194", "labeledLatLngs": [{"lng": 103.75041623870499, "label": "display", "lat": 1.3573732264211291}]}, "hours": {"isLocalHoliday": false, "isOpen": true, "status": "Likely open"}, "verified": false, "hereNow": {"groups": [], "summary": "Nobody here", "count": 0}}, "referralId": "e-3-4ca5e1b1b7106dcb4b4558a5-30", "tips": [{"id": "4d5a31611d4a8cfaab5795ed", "text": "The beef bak kut teh keep me coming back for more.....!!!!!", "disagreeCount": 0, "logView": true, "createdAt": 1297756513, "likes": {"groups": [], "summary": "1 like", "count": 1}, "todo": {"count": 0}, "agreeCount": 1, "canonicalUrl": "https://foursquare.com/item/4d5a31611d4a8cfaab5795ed", "type": "user", "user": {"gender": "female", "id": "4985884", "photo": {"prefix": "https://igx.4sqi.net/img/user/", "suffix": "/HEKANW42WXJ2VFBP.jpg"}, "firstName": "Jiema", "lastName": "Ishak"}}]}, {"reasons": {"items": [{"reasonName": "globalInteractionReason", "summary": "This spot is popular", "type": "general"}], "count": 0}, "venue": {"hereNow": {"groups": [], "summary": "Nobody here", "count": 0}, "contact": {}, "photos": {"groups": [], "count": 0}, "name": "Rong Kee Pau.Tim Sum", "allowMenuUrlEdit": true, "beenHere": {"lastCheckinExpiredAt": 0, "count": 0, "marked": false}, "stats": {"checkinsCount": 30, "usersCount": 15, "tipCount": 1}, "id": "4d1e88ed6e8c37042807e89f", "categories": [{"pluralName": "Dim Sum Restaurants", "id": "4bf58dd8d48988d1f5931735", "primary": true, "icon": {"prefix": "https://ss3.4sqi.net/img/categories_v2/food/dimsum_", "suffix": ".png"}, "name": "Dim Sum Restaurant", "shortName": "Dim Sum"}], "location": {"formattedAddress": ["Blk 359 Bukit Batok St 31", "Singapore"], "lat": 1.3619863442276945, "lng": 103.75158734400324, "distance": 360, "country": "Singapore", "cc": "SG", "address": "Blk 359 Bukit Batok St 31", "labeledLatLngs": [{"lng": 103.75158734400324, "label": "display", "lat": 1.3619863442276945}]}, "verified": false, "price": {"tier": 2, "currency": "$", "message": "Moderate"}}, "referralId": "e-3-4d1e88ed6e8c37042807e89f-31", "tips": [{"id": "4d97c77f97d06ea87f48250b", "text": "glutinous rice is good", "disagreeCount": 0, "createdAt": 1301792639, "logView": true, "todo": {"count": 0}, "agreeCount": 0, "canonicalUrl": "https://foursquare.com/item/4d97c77f97d06ea87f48250b", "type": "user", "user": {"gender": "male", "id": "4421839", "photo": {"prefix": "https://igx.4sqi.net/img/user/", "suffix": "/CYWTYM3P0EA4V5C2.jpg"}, "firstName": "Mun Choon", "lastName": "Yuen"}}]}, {"reasons": {"items": [{"reasonName": "globalInteractionReason", "summary": "This spot is popular", "type": "general"}], "count": 0}, "venue": {"hereNow": {"groups": [], "summary": "Nobody here", "count": 0}, "contact": {}, "photos": {"groups": [], "count": 0}, "name": "Fragrance Bak Kwa", "allowMenuUrlEdit": true, "beenHere": {"lastCheckinExpiredAt": 0, "count": 0, "marked": false}, "stats": {"checkinsCount": 105, "usersCount": 14, "tipCount": 0}, "id": "4ce4fa37c850721e3a1ac68a", "categories": [{"pluralName": "BBQ Joints", "id": "4bf58dd8d48988d1df931735", "primary": true, "icon": {"prefix": "https://ss3.4sqi.net/img/categories_v2/food/bbqalt_", "suffix": ".png"}, "name": "BBQ Joint", "shortName": "BBQ"}], "location": {"formattedAddress": ["375 Bukit Batok Street 31 #01-144", "Singapore"], "lat": 1.35759, "lng": 103.748733, "country": "Singapore", "distance": 375, "city": "Singapore", "cc": "SG", "address": "375 Bukit Batok Street 31 #01-144", "labeledLatLngs": [{"lng": 103.748733, "label": "display", "lat": 1.35759}]}, "verified": false, "price": {"tier": 2, "currency": "$", "message": "Moderate"}}, "referralId": "e-3-4ce4fa37c850721e3a1ac68a-32"}, {"reasons": {"items": [{"reasonName": "globalInteractionReason", "summary": "This spot is popular", "type": "general"}], "count": 0}, "venue": {"hereNow": {"groups": [], "summary": "Nobody here", "count": 0}, "contact": {}, "photos": {"groups": [], "count": 0}, "rating": 5.2, "name": "Ananas Cafe", "ratingSignals": 9, "allowMenuUrlEdit": true, "categories": [{"pluralName": "Asian Restaurants", "id": "4bf58dd8d48988d142941735", "primary": true, "icon": {"prefix": "https://ss3.4sqi.net/img/categories_v2/food/asian_", "suffix": ".png"}, "name": "Asian Restaurant", "shortName": "Asian"}], "stats": {"checkinsCount": 766, "usersCount": 304, "tipCount": 8}, "id": "4c873fdeb231b60cddf517ec", "beenHere": {"lastCheckinExpiredAt": 0, "count": 0, "marked": false}, "ratingColor": "FF9600", "location": {"lng": 103.7516778646454, "formattedAddress": ["#01-11 Bukit Gombak MRT Station (802 Bukit Batok West Avenue 5)", "659083", "Singapore"], "postalCode": "659083", "lat": 1.3591146730907744, "crossStreet": "802 Bukit Batok West Avenue 5", "country": "Singapore", "distance": 46, "city": "Singapore", "cc": "SG", "address": "#01-11 Bukit Gombak MRT Station", "labeledLatLngs": [{"lng": 103.7516778646454, "label": "display", "lat": 1.3591146730907744}]}, "hours": {"isLocalHoliday": false, "isOpen": false}, "verified": false, "price": {"tier": 2, "currency": "$", "message": "Moderate"}}, "referralId": "e-3-4c873fdeb231b60cddf517ec-33", "tips": [{"id": "4e64a08e45ddda352a80c691", "text": "Malay Lady seems to not like FTs.lol", "disagreeCount": 0, "logView": true, "createdAt": 1315217550, "likes": {"groups": [], "summary": "1 like", "count": 1}, "todo": {"count": 0}, "agreeCount": 1, "canonicalUrl": "https://foursquare.com/item/4e64a08e45ddda352a80c691", "type": "user", "user": {"gender": "male", "id": "4418316", "photo": {"prefix": "https://igx.4sqi.net/img/user/", "suffix": "/OTWXPJJFZFVG2IRI.jpg"}, "firstName": "Diniesh", "lastName": "Angel"}}]}, {"reasons": {"items": [{"reasonName": "globalInteractionReason", "summary": "This spot is popular", "type": "general"}], "count": 0}, "venue": {"hereNow": {"groups": [], "summary": "Nobody here", "count": 0}, "contact": {}, "photos": {"groups": [], "count": 0}, "name": "Bukit Gombak @323 Coffeeshop", "allowMenuUrlEdit": true, "beenHere": {"lastCheckinExpiredAt": 0, "count": 0, "marked": false}, "stats": {"checkinsCount": 47, "usersCount": 19, "tipCount": 0}, "id": "4dc27e621f6ebdce472909ee", "categories": [{"pluralName": "Chinese Restaurants", "id": "4bf58dd8d48988d145941735", "primary": true, "icon": {"prefix": "https://ss3.4sqi.net/img/categories_v2/food/asian_", "suffix": ".png"}, "name": "Chinese Restaurant", "shortName": "Chinese"}], "location": {"formattedAddress": ["Singapore"], "lat": 1.3609883638152973, "lng": 103.74818154925227, "distance": 481, "country": "Singapore", "cc": "SG", "labeledLatLngs": [{"lng": 103.74818154925227, "label": "display", "lat": 1.3609883638152973}]}, "verified": false, "price": {"tier": 1, "currency": "$", "message": "Cheap"}}, "referralId": "e-3-4dc27e621f6ebdce472909ee-34"}, {"reasons": {"items": [{"reasonName": "globalInteractionReason", "summary": "This spot is popular", "type": "general"}], "count": 0}, "venue": {"hereNow": {"groups": [], "summary": "Nobody here", "count": 0}, "contact": {}, "photos": {"groups": [], "count": 0}, "name": "\u6211\u7684\u6d77\u9c9c\u5c0f\u53a8, Blk 323 Bukit Batok", "allowMenuUrlEdit": true, "beenHere": {"lastCheckinExpiredAt": 0, "count": 0, "marked": false}, "stats": {"checkinsCount": 88, "usersCount": 21, "tipCount": 0}, "id": "4de20e7fae60e7f3abe6730b", "categories": [{"pluralName": "Chinese Restaurants", "id": "4bf58dd8d48988d145941735", "primary": true, "icon": {"prefix": "https://ss3.4sqi.net/img/categories_v2/food/asian_", "suffix": ".png"}, "name": "Chinese Restaurant", "shortName": "Chinese"}], "location": {"formattedAddress": ["323 Bukit Batok Street 33", "Singapore"], "lat": 1.3617515554269255, "lng": 103.74855493780885, "country": "Singapore", "distance": 498, "city": "Singapore", "cc": "SG", "address": "323 Bukit Batok Street 33", "labeledLatLngs": [{"lng": 103.74855493780885, "label": "display", "lat": 1.3617515554269255}]}, "verified": false, "price": {"tier": 1, "currency": "$", "message": "Cheap"}}, "referralId": "e-3-4de20e7fae60e7f3abe6730b-35"}, {"reasons": {"items": [{"reasonName": "globalInteractionReason", "summary": "This spot is popular", "type": "general"}], "count": 0}, "venue": {"hereNow": {"groups": [], "summary": "Nobody here", "count": 0}, "contact": {}, "photos": {"groups": [], "count": 0}, "name": "Mufiz Provision shop", "allowMenuUrlEdit": true, "beenHere": {"lastCheckinExpiredAt": 0, "count": 0, "marked": false}, "stats": {"checkinsCount": 72, "usersCount": 19, "tipCount": 0}, "id": "4c8a2ccc1797236a0d0c5f88", "categories": [{"pluralName": "Restaurants", "id": "4bf58dd8d48988d1c4941735", "primary": true, "icon": {"prefix": "https://ss3.4sqi.net/img/categories_v2/food/default_", "suffix": ".png"}, "name": "Restaurant", "shortName": "Restaurant"}], "location": {"formattedAddress": ["Singapore"], "lat": 1.361214, "lng": 103.748092, "distance": 503, "country": "Singapore", "cc": "SG", "labeledLatLngs": [{"lng": 103.748092, "label": "display", "lat": 1.361214}]}, "verified": false, "price": {"tier": 2, "currency": "$", "message": "Moderate"}}, "referralId": "e-3-4c8a2ccc1797236a0d0c5f88-36"}, {"reasons": {"items": [{"reasonName": "globalInteractionReason", "summary": "This spot is popular", "type": "general"}], "count": 0}, "venue": {"hereNow": {"groups": [], "summary": "Nobody here", "count": 0}, "contact": {}, "photos": {"groups": [], "count": 0}, "rating": 5.8, "name": "KFC", "ratingSignals": 0, "allowMenuUrlEdit": true, "categories": [{"pluralName": "Fried Chicken Joints", "id": "4d4ae6fc7a7b7dea34424761", "primary": true, "icon": {"prefix": "https://ss3.4sqi.net/img/categories_v2/food/friedchicken_", "suffix": ".png"}, "name": "Fried Chicken Joint", "shortName": "Fried Chicken"}], "stats": {"checkinsCount": 101, "usersCount": 59, "tipCount": 0}, "id": "55b9b9eb498ec3263b2cfd19", "beenHere": {"lastCheckinExpiredAt": 0, "count": 0, "marked": false}, "ratingColor": "FF9600", "location": {"formattedAddress": ["2 Bukit Batok West Ave 7", "Singapore"], "lat": 1.3656646432671047, "lng": 103.74997495530415, "distance": 797, "country": "Singapore", "cc": "SG", "address": "2 Bukit Batok West Ave 7", "labeledLatLngs": [{"lng": 103.74997495530415, "label": "display", "lat": 1.3656646432671047}]}, "verified": false, "price": {"tier": 1, "currency": "$", "message": "Cheap"}}, "referralId": "e-3-55b9b9eb498ec3263b2cfd19-37"}, {"reasons": {"items": [{"reasonName": "globalInteractionReason", "summary": "This spot is popular", "type": "general"}], "count": 0}, "venue": {"contact": {}, "photos": {"groups": [], "count": 0}, "name": "323 FOODLOFT", "allowMenuUrlEdit": true, "beenHere": {"lastCheckinExpiredAt": 0, "count": 0, "marked": false}, "stats": {"checkinsCount": 896, "usersCount": 293, "tipCount": 7}, "id": "4cde19c669136dcbbd0ad4e6", "categories": [{"pluralName": "Food Courts", "id": "4bf58dd8d48988d120951735", "primary": true, "icon": {"prefix": "https://ss3.4sqi.net/img/categories_v2/shops/food_foodcourt_", "suffix": ".png"}, "name": "Food Court", "shortName": "Food Court"}], "location": {"formattedAddress": ["323 Bukit Batok St. 32", "Singapore"], "lat": 1.3616302660755135, "lng": 103.74826075279857, "distance": 515, "country": "Singapore", "cc": "SG", "address": "323 Bukit Batok St. 32", "labeledLatLngs": [{"lng": 103.74826075279857, "label": "display", "lat": 1.3616302660755135}]}, "hours": {"isLocalHoliday": false, "isOpen": true, "status": "Likely open"}, "verified": false, "hereNow": {"groups": [], "summary": "Nobody here", "count": 0}}, "referralId": "e-3-4cde19c669136dcbbd0ad4e6-38", "tips": [{"id": "4d7b430a136bf04dceed488d", "text": "Vegetarian\u6c99\u62c9\u6392\u9aa8\u996d!", "disagreeCount": 0, "logView": true, "createdAt": 1299923722, "likes": {"groups": [], "summary": "1 like", "count": 1}, "todo": {"count": 0}, "agreeCount": 0, "canonicalUrl": "https://foursquare.com/item/4d7b430a136bf04dceed488d", "type": "user", "user": {"id": "6008730", "photo": {"prefix": "https://igx.4sqi.net/img/user/", "suffix": "/IYCYRV511HE5MZRI.jpg"}, "firstName": "ferlyna", "gender": "female"}}]}, {"reasons": {"items": [{"reasonName": "globalInteractionReason", "summary": "This spot is popular", "type": "general"}], "count": 0}, "venue": {"hereNow": {"groups": [], "summary": "Nobody here", "count": 0}, "contact": {}, "photos": {"groups": [], "count": 0}, "name": "Goodviews Seafood", "allowMenuUrlEdit": true, "beenHere": {"lastCheckinExpiredAt": 0, "count": 0, "marked": false}, "stats": {"checkinsCount": 80, "usersCount": 29, "tipCount": 0}, "id": "4d020c143be26dcb7d1d76e4", "categories": [{"pluralName": "Asian Restaurants", "id": "4bf58dd8d48988d142941735", "primary": true, "icon": {"prefix": "https://ss3.4sqi.net/img/categories_v2/food/asian_", "suffix": ".png"}, "name": "Asian Restaurant", "shortName": "Asian"}], "location": {"formattedAddress": ["395A Bukit Batok West Ave 5", "650395", "Singapore"], "postalCode": "650395", "lat": 1.363829, "lng": 103.752012, "country": "Singapore", "distance": 564, "city": "Singapore", "cc": "SG", "address": "395A Bukit Batok West Ave 5", "labeledLatLngs": [{"lng": 103.752012, "label": "display", "lat": 1.363829}]}, "verified": false, "price": {"tier": 2, "currency": "$", "message": "Moderate"}}, "referralId": "e-3-4d020c143be26dcb7d1d76e4-39"}, {"reasons": {"items": [{"reasonName": "globalInteractionReason", "summary": "This spot is popular", "type": "general"}], "count": 0}, "venue": {"hereNow": {"groups": [], "summary": "Nobody here", "count": 0}, "contact": {}, "photos": {"groups": [], "count": 0}, "name": "Good View Garden Seafood", "allowMenuUrlEdit": true, "beenHere": {"lastCheckinExpiredAt": 0, "count": 0, "marked": false}, "stats": {"checkinsCount": 122, "usersCount": 28, "tipCount": 0}, "id": "4ee33f2c29c220f9708637dd", "categories": [{"pluralName": "Seafood Restaurants", "id": "4bf58dd8d48988d1ce941735", "primary": true, "icon": {"prefix": "https://ss3.4sqi.net/img/categories_v2/food/seafood_", "suffix": ".png"}, "name": "Seafood Restaurant", "shortName": "Seafood"}], "location": {"formattedAddress": ["Blk 395 Bukit Batok West", "Singapore"], "lat": 1.364173501049696, "lng": 103.75194376938518, "distance": 602, "country": "Singapore", "cc": "SG", "address": "Blk 395 Bukit Batok West", "labeledLatLngs": [{"lng": 103.75194376938518, "label": "display", "lat": 1.364173501049696}]}, "verified": false, "price": {"tier": 3, "currency": "$", "message": "Expensive"}}, "referralId": "e-3-4ee33f2c29c220f9708637dd-40"}, {"reasons": {"items": [{"reasonName": "globalInteractionReason", "summary": "This spot is popular", "type": "general"}], "count": 0}, "venue": {"contact": {}, "photos": {"groups": [], "count": 0}, "name": "Sin Keow Coffeeshop", "allowMenuUrlEdit": true, "beenHere": {"lastCheckinExpiredAt": 0, "count": 0, "marked": false}, "stats": {"checkinsCount": 1500, "usersCount": 225, "tipCount": 11}, "id": "4c10ea8a81e976b080d90feb", "categories": [{"pluralName": "Food Courts", "id": "4bf58dd8d48988d120951735", "primary": true, "icon": {"prefix": "https://ss3.4sqi.net/img/categories_v2/shops/food_foodcourt_", "suffix": ".png"}, "name": "Food Court", "shortName": "Food Court"}], "location": {"formattedAddress": ["324 Bukit Batok St. 33", "Singapore"], "lat": 1.361851112000045, "lng": 103.74732728540671, "country": "Singapore", "distance": 613, "city": "Singapore", "cc": "SG", "address": "324 Bukit Batok St. 33", "labeledLatLngs": [{"lng": 103.74732728540671, "label": "display", "lat": 1.361851112000045}]}, "hours": {"isLocalHoliday": false, "isOpen": false}, "verified": false, "hereNow": {"groups": [], "summary": "Nobody here", "count": 0}}, "referralId": "e-3-4c10ea8a81e976b080d90feb-41", "tips": [{"id": "4d9c1bfcf587721e54c0381e", "text": "Fishball noodle stall is the best.", "disagreeCount": 0, "logView": true, "createdAt": 1302076412, "likes": {"groups": [], "summary": "3 likes", "count": 3}, "todo": {"count": 0}, "agreeCount": 0, "canonicalUrl": "https://foursquare.com/item/4d9c1bfcf587721e54c0381e", "type": "user", "user": {"gender": "male", "id": "4781473", "photo": {"prefix": "https://igx.4sqi.net/img/user/", "suffix": "/YSBAXJGOFTARWTSE.jpg"}, "firstName": "Teddy", "lastName": "Juay"}}]}, {"reasons": {"items": [{"reasonName": "globalInteractionReason", "summary": "This spot is popular", "type": "general"}], "count": 0}, "venue": {"hereNow": {"groups": [], "summary": "Nobody here", "count": 0}, "contact": {}, "photos": {"groups": [], "count": 0}, "name": "Hillgrove Sec's Canteen \ue043", "allowMenuUrlEdit": true, "beenHere": {"lastCheckinExpiredAt": 0, "count": 0, "marked": false}, "stats": {"checkinsCount": 1742, "usersCount": 179, "tipCount": 2}, "id": "4d476bb04c9ef04d586c6015", "categories": [{"pluralName": "Asian Restaurants", "id": "4bf58dd8d48988d142941735", "primary": true, "icon": {"prefix": "https://ss3.4sqi.net/img/categories_v2/food/asian_", "suffix": ".png"}, "name": "Asian Restaurant", "shortName": "Asian"}], "location": {"formattedAddress": ["Bukit batok", "Singapore"], "lat": 1.3530080181231785, "lng": 103.75296779043593, "distance": 651, "country": "Singapore", "cc": "SG", "address": "Bukit batok", "labeledLatLngs": [{"lng": 103.75296779043593, "label": "display", "lat": 1.3530080181231785}]}, "hours": {"isLocalHoliday": false, "isOpen": false}, "verified": false, "price": {"tier": 2, "currency": "$", "message": "Moderate"}}, "referralId": "e-3-4d476bb04c9ef04d586c6015-42", "tips": [{"id": "4cb79b514352a1cd32797ff5", "text": "Best place in the whole school. Smoking in re toilet here is the safest!", "disagreeCount": 0, "logView": true, "createdAt": 1287101265, "likes": {"groups": [], "summary": "2 likes", "count": 2}, "todo": {"count": 0}, "agreeCount": 1, "canonicalUrl": "https://foursquare.com/item/4cb79b514352a1cd32797ff5", "type": "user", "user": {"gender": "male", "id": "3552443", "photo": {"prefix": "https://igx.4sqi.net/img/user/", "suffix": "/3U1IPDM2KLKD24R2.jpg"}, "firstName": "Aaron", "lastName": "Poon"}}]}, {"reasons": {"items": [{"reasonName": "globalInteractionReason", "summary": "This spot is popular", "type": "general"}], "count": 0}, "venue": {"hereNow": {"groups": [], "summary": "Nobody here", "count": 0}, "contact": {}, "photos": {"groups": [], "count": 0}, "name": "\u5343\u79a7\u697c @ Club CSC", "allowMenuUrlEdit": true, "beenHere": {"lastCheckinExpiredAt": 0, "count": 0, "marked": false}, "stats": {"checkinsCount": 74, "usersCount": 46, "tipCount": 0}, "id": "4d00cba57c5637049e3bb2f0", "categories": [{"pluralName": "Chinese Restaurants", "id": "4bf58dd8d48988d145941735", "primary": true, "icon": {"prefix": "https://ss3.4sqi.net/img/categories_v2/food/asian_", "suffix": ".png"}, "name": "Chinese Restaurant", "shortName": "Chinese"}], "location": {"formattedAddress": ["Singapore"], "lat": 1.352774, "lng": 103.749244, "distance": 728, "country": "Singapore", "cc": "SG", "labeledLatLngs": [{"lng": 103.749244, "label": "display", "lat": 1.352774}]}, "verified": false, "price": {"tier": 1, "currency": "$", "message": "Cheap"}}, "referralId": "e-3-4d00cba57c5637049e3bb2f0-43"}, {"reasons": {"items": [{"reasonName": "globalInteractionReason", "summary": "This spot is popular", "type": "general"}], "count": 0}, "venue": {"hereNow": {"groups": [], "summary": "Nobody here", "count": 0}, "contact": {"twitter": "aha_dropin", "phone": "+6568972770", "formattedPhone": "+65 6897 2770"}, "photos": {"groups": [], "count": 0}, "name": "AHA! Care.Learn.Cafe", "allowMenuUrlEdit": true, "beenHere": {"lastCheckinExpiredAt": 0, "count": 0, "marked": false}, "stats": {"checkinsCount": 30, "usersCount": 12, "tipCount": 14}, "id": "50d560e18302c8ba2102c376", "categories": [{"pluralName": "Caf\u00e9s", "id": "4bf58dd8d48988d16d941735", "primary": true, "icon": {"prefix": "https://ss3.4sqi.net/img/categories_v2/food/cafe_", "suffix": ".png"}, "name": "Caf\u00e9", "shortName": "Caf\u00e9"}], "location": {"lng": 103.74921798706055, "formattedAddress": ["#03-04, Club CSC @ Bukit Batok (91 Bukit Batok West Ave. 2)", "659206", "Singapore"], "postalCode": "659206", "lat": 1.352608910457822, "crossStreet": "91 Bukit Batok West Ave. 2", "country": "Singapore", "distance": 746, "city": "Singapore", "cc": "SG", "address": "#03-04, Club CSC @ Bukit Batok", "labeledLatLngs": [{"lng": 103.74921798706055, "label": "display", "lat": 1.352608910457822}]}, "verified": false, "price": {"tier": 1, "currency": "$", "message": "Cheap"}}, "referralId": "e-3-50d560e18302c8ba2102c376-44", "tips": [{"id": "50f63986e4b01347e329cef8", "text": "Sweet & Sour Fish With Sunny Side Up & Rice @ $4.90", "disagreeCount": 0, "logView": true, "createdAt": 1358313862, "likes": {"groups": [], "summary": "1 like", "count": 1}, "todo": {"count": 0}, "agreeCount": 1, "canonicalUrl": "https://foursquare.com/item/50f63986e4b01347e329cef8", "type": "user", "user": {"id": "43869498", "photo": {"prefix": "https://igx.4sqi.net/img/user/", "suffix": "/S30V3LCJ5LBX54TT.jpg"}, "firstName": "Aha! Drop-In", "type": "page", "gender": "none"}}]}, {"reasons": {"items": [{"reasonName": "globalInteractionReason", "summary": "This spot is popular", "type": "general"}], "count": 0}, "venue": {"id": "4cada50cd1f8b60c3b3770c6", "hereNow": {"groups": [], "summary": "Nobody here", "count": 0}, "contact": {}, "beenHere": {"lastCheckinExpiredAt": 0, "count": 0, "marked": false}, "photos": {"groups": [], "count": 0}, "name": "\u5929\u4f73\u798f\u5c0f\u98df", "location": {"formattedAddress": ["Bukit batok", "Singapore"], "lat": 1.3630891269271779, "lng": 103.74647302700686, "distance": 771, "country": "Singapore", "cc": "SG", "address": "Bukit batok", "labeledLatLngs": [{"lng": 103.74647302700686, "label": "display", "lat": 1.3630891269271779}]}, "allowMenuUrlEdit": true, "verified": false, "categories": [{"pluralName": "Food Courts", "id": "4bf58dd8d48988d120951735", "primary": true, "icon": {"prefix": "https://ss3.4sqi.net/img/categories_v2/shops/food_foodcourt_", "suffix": ".png"}, "name": "Food Court", "shortName": "Food Court"}], "stats": {"checkinsCount": 122, "usersCount": 46, "tipCount": 3}}, "referralId": "e-3-4cada50cd1f8b60c3b3770c6-45", "tips": [{"id": "4d209a835acaa35d7022c935", "text": "TuMb Up for the foods here, the most favourite kopitam that i like to have my dinner with my Family @@", "disagreeCount": 0, "createdAt": 1293982339, "logView": true, "todo": {"count": 0}, "agreeCount": 0, "canonicalUrl": "https://foursquare.com/item/4d209a835acaa35d7022c935", "type": "user", "user": {"gender": "female", "id": "4649027", "photo": {"prefix": "https://igx.4sqi.net/img/user/", "suffix": "/ASTM5OMVXKUDOS5R.jpg"}, "firstName": "Angel", "lastName": "Foo"}}]}, {"reasons": {"items": [{"reasonName": "globalInteractionReason", "summary": "This spot is popular", "type": "general"}], "count": 0}, "venue": {"hereNow": {"groups": [], "summary": "Nobody here", "count": 0}, "contact": {"phone": "+6563165500", "formattedPhone": "+65 6316 5500"}, "photos": {"groups": [], "count": 0}, "name": "Hilltop Garden Restaurant", "allowMenuUrlEdit": true, "beenHere": {"lastCheckinExpiredAt": 0, "count": 0, "marked": false}, "stats": {"checkinsCount": 882, "usersCount": 645, "tipCount": 3}, "id": "4cea3179fe90a35d1b794c0e", "categories": [{"pluralName": "Asian Restaurants", "id": "4bf58dd8d48988d142941735", "primary": true, "icon": {"prefix": "https://ss3.4sqi.net/img/categories_v2/food/asian_", "suffix": ".png"}, "name": "Asian Restaurant", "shortName": "Asian"}], "location": {"lng": 103.74913765233156, "formattedAddress": ["CSC @ Bukit Batok (91 Bukit Batok West Ave. 2)", "659206", "Singapore"], "postalCode": "659206", "lat": 1.3523312388761035, "crossStreet": "91 Bukit Batok West Ave. 2", "country": "Singapore", "distance": 778, "city": "Singapore", "cc": "SG", "address": "CSC @ Bukit Batok", "labeledLatLngs": [{"lng": 103.74913765233156, "label": "display", "lat": 1.3523312388761035}]}, "hours": {"isLocalHoliday": false, "isOpen": false}, "verified": false, "price": {"tier": 2, "currency": "$", "message": "Moderate"}}, "referralId": "e-3-4cea3179fe90a35d1b794c0e-46", "tips": [{"id": "4deb7c9db0fb8293f7ef83fc", "text": "The food here is not bad.", "disagreeCount": 0, "logView": true, "createdAt": 1307278493, "likes": {"groups": [], "summary": "1 like", "count": 1}, "todo": {"count": 0}, "agreeCount": 2, "canonicalUrl": "https://foursquare.com/item/4deb7c9db0fb8293f7ef83fc", "type": "user", "user": {"gender": "male", "id": "5287511", "photo": {"prefix": "https://igx.4sqi.net/img/user/", "suffix": "/IFE115IHCLEAYCJD.jpg"}, "firstName": "Viosman", "lastName": "Andrew"}}]}, {"reasons": {"items": [{"reasonName": "globalInteractionReason", "summary": "This spot is popular", "type": "general"}], "count": 0}, "venue": {"hereNow": {"groups": [], "summary": "Nobody here", "count": 0}, "contact": {}, "photos": {"groups": [], "count": 0}, "name": "Abundance Eating House", "allowMenuUrlEdit": true, "beenHere": {"lastCheckinExpiredAt": 0, "count": 0, "marked": false}, "stats": {"checkinsCount": 240, "usersCount": 67, "tipCount": 1}, "id": "4ee4509f9911944900f6bda2", "categories": [{"pluralName": "Asian Restaurants", "id": "4bf58dd8d48988d142941735", "primary": true, "icon": {"prefix": "https://ss3.4sqi.net/img/categories_v2/food/asian_", "suffix": ".png"}, "name": "Asian Restaurant", "shortName": "Asian"}], "location": {"formattedAddress": ["Blk 413 Bukit Batok West Ave 4", "Singapore"], "lat": 1.363417934672018, "lng": 103.74663143212666, "distance": 782, "country": "Singapore", "cc": "SG", "address": "Blk 413 Bukit Batok West Ave 4", "labeledLatLngs": [{"lng": 103.74663143212666, "label": "display", "lat": 1.363417934672018}]}, "verified": false, "price": {"tier": 2, "currency": "$", "message": "Moderate"}}, "referralId": "e-3-4ee4509f9911944900f6bda2-47", "tips": [{"logView": true, "createdAt": 1329535082, "agreeCount": 0, "lastVoteText": "Downvoted 2 weeks ago", "id": "4f3f186ae4b08b247187064e", "text": "Dont eat the murtabak chicken..its should be called mustabak onion..chicken so little like not even a chi wing combine..siao", "type": "user", "disagreeCount": 1, "user": {"gender": "male", "id": "5440877", "photo": {"prefix": "https://igx.4sqi.net/img/user/", "suffix": "/WQTYSGAON50BCX54.jpg"}, "firstName": "kira", "lastName": "yamato"}, "canonicalUrl": "https://foursquare.com/item/4f3f186ae4b08b247187064e", "todo": {"count": 0}, "lastDownvoteTimestamp": 1497836067}]}, {"reasons": {"items": [{"reasonName": "globalInteractionReason", "summary": "This spot is popular", "type": "general"}], "count": 0}, "venue": {"hereNow": {"groups": [{"items": [], "name": "Other people here", "count": 1, "type": "others"}], "summary": "One other person is here", "count": 1}, "contact": {"twitter": "milkandhoneysg"}, "photos": {"groups": [], "count": 0}, "name": "Milk & Honey", "allowMenuUrlEdit": true, "beenHere": {"lastCheckinExpiredAt": 0, "count": 0, "marked": false}, "stats": {"checkinsCount": 272, "usersCount": 174, "tipCount": 4}, "id": "549d6a15498e739daaba724f", "categories": [{"pluralName": "Caf\u00e9s", "id": "4bf58dd8d48988d16d941735", "primary": true, "icon": {"prefix": "https://ss3.4sqi.net/img/categories_v2/food/cafe_", "suffix": ".png"}, "name": "Caf\u00e9", "shortName": "Caf\u00e9"}], "location": {"lng": 103.75017296690692, "formattedAddress": ["HometeamNS @ Bukit Batok (2 Bukit Batok West Ave 7)", "659003", "Singapore"], "postalCode": "659003", "lat": 1.3656082613737883, "crossStreet": "2 Bukit Batok West Ave 7", "country": "Singapore", "distance": 785, "city": "Singapore", "cc": "SG", "address": "HometeamNS @ Bukit Batok", "labeledLatLngs": [{"lng": 103.75017296690692, "label": "display", "lat": 1.3656082613737883}]}, "hours": {"isLocalHoliday": false, "isOpen": true, "status": "Likely open"}, "verified": false, "price": {"tier": 1, "currency": "$", "message": "Cheap"}}, "referralId": "e-3-549d6a15498e739daaba724f-48", "tips": [{"id": "58dbda6730ecc65e919d8219", "text": "Milk and honey ice cream", "disagreeCount": 0, "createdAt": 1490803303, "logView": true, "todo": {"count": 0}, "agreeCount": 0, "canonicalUrl": "https://foursquare.com/item/58dbda6730ecc65e919d8219", "type": "user", "user": {"gender": "male", "id": "40033180", "photo": {"prefix": "https://igx.4sqi.net/img/user/", "suffix": "/4GXAHN4F4VGEFGLB.jpg"}, "firstName": "KT", "lastName": "Ling"}}]}, {"reasons": {"items": [{"reasonName": "globalInteractionReason", "summary": "This spot is popular", "type": "general"}], "count": 0}, "venue": {"hereNow": {"groups": [], "summary": "Nobody here", "count": 0}, "contact": {}, "photos": {"groups": [], "count": 0}, "name": "Mooks", "allowMenuUrlEdit": true, "beenHere": {"lastCheckinExpiredAt": 0, "count": 0, "marked": false}, "stats": {"checkinsCount": 241, "usersCount": 121, "tipCount": 2}, "id": "558e747f498ec4e762ba3bc7", "categories": [{"pluralName": "Thai Restaurants", "id": "4bf58dd8d48988d149941735", "primary": true, "icon": {"prefix": "https://ss3.4sqi.net/img/categories_v2/food/thai_", "suffix": ".png"}, "name": "Thai Restaurant", "shortName": "Thai"}], "location": {"formattedAddress": ["Home Team Bukit batok", "Singapore"], "lat": 1.3656290563159776, "lng": 103.74998061277446, "country": "Singapore", "distance": 793, "city": "Singapore", "cc": "SG", "address": "Home Team Bukit batok", "labeledLatLngs": [{"lng": 103.74998061277446, "label": "display", "lat": 1.3656290563159776}]}, "verified": false, "price": {"tier": 2, "currency": "$", "message": "Moderate"}}, "referralId": "e-3-558e747f498ec4e762ba3bc7-49", "tips": [{"id": "572da04b498e1aa2151b974a", "text": "Atmosphere's much better at night", "disagreeCount": 0, "createdAt": 1462607947, "logView": true, "todo": {"count": 0}, "agreeCount": 0, "canonicalUrl": "https://foursquare.com/item/572da04b498e1aa2151b974a", "type": "user", "user": {"gender": "male", "id": "318615", "photo": {"prefix": "https://igx.4sqi.net/img/user/", "suffix": "/PSQKEV3JMATZNESV.jpg"}, "firstName": "VotreX", "lastName": "Tan"}}]}], "name": "recommended", "type": "Recommended Places"}], "query": "food", "headerLocation": "Bukit Batok"}}