{"meta": {"code": 200, "requestId": "595a3971dd57972d4189f531"}, "response": {"suggestedFilters": {"filters": [{"name": "Open now", "key": "openNow"}], "header": "Tap to show:"}, "warning": {"text": "There aren't a lot of results near you. Try something more general, reset your filters, or expand the search area."}, "totalResults": 51, "headerFullLocation": "Choa Chu Kang, Singapore", "headerLocationGranularity": "neighborhood", "suggestedBounds": {"ne": {"lng": 103.75459381645224, "lat": 1.4047350249934172}, "sw": {"lng": 103.74021641182377, "lat": 1.390335010593403}}, "groups": [{"items": [{"reasons": {"items": [{"reasonName": "globalInteractionReason", "summary": "This spot is popular", "type": "general"}], "count": 0}, "venue": {"contact": {"phone": "+6567696744", "formattedPhone": "+65 6769 6744"}, "photos": {"groups": [], "count": 0}, "rating": 5.4, "name": "Yi Jia Food Centre", "ratingSignals": 9, "allowMenuUrlEdit": true, "categories": [{"pluralName": "Food Courts", "id": "4bf58dd8d48988d120951735", "primary": true, "icon": {"prefix": "https://ss3.4sqi.net/img/categories_v2/shops/food_foodcourt_", "suffix": ".png"}, "name": "Food Court", "shortName": "Food Court"}], "stats": {"checkinsCount": 1372, "usersCount": 358, "tipCount": 7}, "id": "4cdd38183f6a8cfa545df6ea", "beenHere": {"lastCheckinExpiredAt": 0, "count": 0, "marked": false}, "ratingColor": "FF9600", "location": {"lng": 103.7429994761071, "formattedAddress": ["#02-03, Limbang Shopping Centre (533 Choa Chu Kang St 51)", "680533", "Singapore"], "postalCode": "680533", "lat": 1.3922691383863368, "crossStreet": "533 Choa Chu Kang St 51", "country": "Singapore", "distance": 764, "city": "Singapore", "cc": "SG", "address": "#02-03, Limbang Shopping Centre", "labeledLatLngs": [{"lng": 103.7429994761071, "label": "display", "lat": 1.3922691383863368}]}, "hours": {"isLocalHoliday": false, "isOpen": true, "status": "Likely open"}, "verified": false, "hereNow": {"groups": [], "summary": "Nobody here", "count": 0}}, "referralId": "e-3-4cdd38183f6a8cfa545df6ea-50", "tips": [{"id": "51d6ab5d498e712df2aa816a", "text": "Half the stores not opened. Is business so bad or the food so bad?", "disagreeCount": 0, "createdAt": 1373023069, "logView": true, "todo": {"count": 0}, "agreeCount": 0, "canonicalUrl": "https://foursquare.com/item/51d6ab5d498e712df2aa816a", "type": "user", "user": {"gender": "male", "id": "6908233", "photo": {"prefix": "https://igx.4sqi.net/img/user/", "suffix": "/W1TYMUTBSQO31CTD.jpg"}, "firstName": "Francis", "lastName": "Chong"}}]}], "name": "recommended", "type": "Recommended Places"}], "query": "food", "headerLocation": "Choa Chu Kang"}}