{"meta": {"code": 200, "requestId": "595a39684434b96bffafc1dc"}, "response": {"totalResults": 6, "headerFullLocation": "North Region, Singapore", "headerLocationGranularity": "neighborhood", "suggestedBounds": {"ne": {"lng": 103.76935419866433, "lat": 1.4323777059704572}, "sw": {"lng": 103.75497662313566, "lat": 1.417977691570443}}, "groups": [{"items": [{"reasons": {"items": [{"reasonName": "globalInteractionReason", "summary": "This spot is popular", "type": "general"}], "count": 0}, "venue": {"hereNow": {"groups": [], "summary": "Nobody here", "count": 0}, "contact": {}, "photos": {"groups": [], "count": 0}, "rating": 5.8, "name": "Ananas Cafe", "ratingSignals": 9, "allowMenuUrlEdit": true, "categories": [{"pluralName": "Caf\u00e9s", "id": "4bf58dd8d48988d16d941735", "primary": true, "icon": {"prefix": "https://ss3.4sqi.net/img/categories_v2/food/cafe_", "suffix": ".png"}, "name": "Caf\u00e9", "shortName": "Caf\u00e9"}], "stats": {"checkinsCount": 691, "usersCount": 282, "tipCount": 7}, "id": "4bbfd679b492d13a2873a360", "beenHere": {"lastCheckinExpiredAt": 0, "count": 0, "marked": false}, "ratingColor": "FF9600", "location": {"formattedAddress": ["#01-06/08, 960 Woodlands Rd", "738702", "Singapore"], "postalCode": "738702", "lat": 1.4254791980158754, "lng": 103.76189947128296, "country": "Singapore", "distance": 44, "city": "Singapore", "cc": "SG", "address": "#01-06/08, 960 Woodlands Rd", "labeledLatLngs": [{"lng": 103.76189947128296, "label": "display", "lat": 1.4254791980158754}]}, "hours": {"isLocalHoliday": false, "isOpen": false}, "verified": false, "price": {"tier": 1, "currency": "$", "message": "Cheap"}}, "referralId": "e-3-4bbfd679b492d13a2873a360-0", "tips": [{"id": "4ef42f40b8f77e0f97b15d14", "text": "Don't eat here if u can't wait. Such a small cafe but owner sells so much food. Should think if spac", "disagreeCount": 0, "logView": true, "createdAt": 1324625728, "likes": {"groups": [], "summary": "3 likes", "count": 3}, "todo": {"count": 1}, "agreeCount": 3, "canonicalUrl": "https://foursquare.com/item/4ef42f40b8f77e0f97b15d14", "type": "user", "user": {"id": "9464935", "photo": {"prefix": "https://igx.4sqi.net/img/user/", "suffix": "/O1Q2WKTUIKCI50RN.jpg"}, "firstName": "N\u00efN\u00e2", "gender": "female"}}]}, {"reasons": {"items": [{"reasonName": "globalInteractionReason", "summary": "This spot is popular", "type": "general"}], "count": 0}, "venue": {"hereNow": {"groups": [], "summary": "Nobody here", "count": 0}, "contact": {}, "photos": {"groups": [], "count": 0}, "name": "Sterrens\u00e4 Mietheuse", "allowMenuUrlEdit": true, "beenHere": {"lastCheckinExpiredAt": 0, "count": 0, "marked": false}, "stats": {"checkinsCount": 44, "usersCount": 23, "tipCount": 0}, "id": "4be7737d88ed2d7ffbdbca1d", "categories": [{"pluralName": "Noodle Houses", "id": "4bf58dd8d48988d1d1941735", "primary": true, "icon": {"prefix": "https://ss3.4sqi.net/img/categories_v2/food/ramen_", "suffix": ".png"}, "name": "Noodle House", "shortName": "Noodles"}], "location": {"formattedAddress": ["Singapore"], "lat": 1.42519, "lng": 103.761744, "distance": 46, "country": "Singapore", "cc": "SG", "labeledLatLngs": [{"lng": 103.761744, "label": "display", "lat": 1.42519}]}, "verified": false, "price": {"tier": 1, "currency": "$", "message": "Cheap"}}, "referralId": "e-3-4be7737d88ed2d7ffbdbca1d-1"}, {"reasons": {"items": [{"reasonName": "globalInteractionReason", "summary": "This spot is popular", "type": "general"}], "count": 0}, "venue": {"id": "523174f111d21843d43d6abf", "hereNow": {"groups": [], "summary": "Nobody here", "count": 0}, "contact": {}, "beenHere": {"lastCheckinExpiredAt": 0, "count": 0, "marked": false}, "photos": {"groups": [], "count": 0}, "name": "Kopitiam", "location": {"lng": 103.76174926757812, "formattedAddress": ["Kranji MRT Station (960 Woodlands Rd.)", "Singapore"], "lat": 1.4245997055552615, "crossStreet": "960 Woodlands Rd.", "distance": 79, "country": "Singapore", "cc": "SG", "address": "Kranji MRT Station", "labeledLatLngs": [{"lng": 103.76174926757812, "label": "display", "lat": 1.4245997055552615}]}, "allowMenuUrlEdit": true, "verified": false, "categories": [{"pluralName": "Food Courts", "id": "4bf58dd8d48988d120951735", "primary": true, "icon": {"prefix": "https://ss3.4sqi.net/img/categories_v2/shops/food_foodcourt_", "suffix": ".png"}, "name": "Food Court", "shortName": "Food Court"}], "stats": {"checkinsCount": 137, "usersCount": 105, "tipCount": 2}}, "referralId": "e-3-523174f111d21843d43d6abf-2", "tips": [{"id": "5301f76311d24ed48234448b", "text": "Big portion of Nasi Lemak cost $3.30. Value for money. Less crowded and easy to find a table.", "disagreeCount": 0, "createdAt": 1392637795, "logView": true, "todo": {"count": 0}, "agreeCount": 0, "canonicalUrl": "https://foursquare.com/item/5301f76311d24ed48234448b", "type": "user", "user": {"gender": "male", "id": "2832533", "photo": {"prefix": "https://igx.4sqi.net/img/user/", "suffix": "/2832533_0BdFoucg_HvaAT_EWq1SneSZFe1-CX0Bu-RFy7fzF5JtCoqU-KouZi9wMCgkkSwDIUnJ_hdYy.jpg"}, "firstName": "Nigel \u0e44\u0e19\u0e40\u0e08\u0e25", "lastName": "Choi"}}]}, {"reasons": {"items": [{"reasonName": "globalInteractionReason", "summary": "This spot is popular", "type": "general"}], "count": 0}, "venue": {"hereNow": {"groups": [], "summary": "Nobody here", "count": 0}, "contact": {}, "photos": {"groups": [], "count": 0}, "name": "Cake History", "allowMenuUrlEdit": true, "beenHere": {"lastCheckinExpiredAt": 0, "count": 0, "marked": false}, "stats": {"checkinsCount": 372, "usersCount": 171, "tipCount": 3}, "id": "4ba45394f964a5202b9638e3", "categories": [{"pluralName": "Bakeries", "id": "4bf58dd8d48988d16a941735", "primary": true, "icon": {"prefix": "https://ss3.4sqi.net/img/categories_v2/food/bakery_", "suffix": ".png"}, "name": "Bakery", "shortName": "Bakery"}], "location": {"formattedAddress": ["Kranji MRT Station", "Singapore"], "lat": 1.425320938103216, "lng": 103.76188445876365, "state": "Singapore", "distance": 35, "country": "Singapore", "cc": "SG", "address": "Kranji MRT Station", "labeledLatLngs": [{"lng": 103.76188445876365, "label": "display", "lat": 1.425320938103216}]}, "hours": {"isLocalHoliday": false, "isOpen": false}, "verified": false, "price": {"tier": 1, "currency": "$", "message": "Cheap"}}, "referralId": "e-3-4ba45394f964a5202b9638e3-3", "tips": [{"id": "51ee2a7b498eb61715b30dae", "text": "It's 2013: still one bread, one dollar.", "disagreeCount": 0, "createdAt": 1374562939, "logView": true, "todo": {"count": 0}, "agreeCount": 0, "canonicalUrl": "https://foursquare.com/item/51ee2a7b498eb61715b30dae", "type": "user", "user": {"gender": "female", "id": "10889001", "photo": {"prefix": "https://igx.4sqi.net/img/user/", "suffix": "/BOKQUQDLQLI5XSZC.png"}, "firstName": "Keilya", "lastName": "Jan"}}]}, {"reasons": {"items": [{"reasonName": "globalInteractionReason", "summary": "This spot is popular", "type": "general"}], "count": 0}, "venue": {"hereNow": {"groups": [], "summary": "Nobody here", "count": 0}, "contact": {}, "photos": {"groups": [], "count": 0}, "name": "Baxter Cafeteria", "allowMenuUrlEdit": true, "beenHere": {"lastCheckinExpiredAt": 0, "count": 0, "marked": false}, "stats": {"checkinsCount": 88, "usersCount": 14, "tipCount": 0}, "id": "4d3a2a3c49cb236af743b747", "categories": [{"pluralName": "Asian Restaurants", "id": "4bf58dd8d48988d142941735", "primary": true, "icon": {"prefix": "https://ss3.4sqi.net/img/categories_v2/food/asian_", "suffix": ".png"}, "name": "Asian Restaurant", "shortName": "Asian"}], "location": {"formattedAddress": ["Singapore"], "lat": 1.429735, "lng": 103.763611, "distance": 532, "country": "Singapore", "cc": "SG", "labeledLatLngs": [{"lng": 103.763611, "label": "display", "lat": 1.429735}]}, "verified": false, "price": {"tier": 2, "currency": "$", "message": "Moderate"}}, "referralId": "e-3-4d3a2a3c49cb236af743b747-4"}, {"reasons": {"items": [{"reasonName": "globalInteractionReason", "summary": "This spot is popular", "type": "general"}], "count": 0}, "venue": {"hereNow": {"groups": [], "summary": "Nobody here", "count": 0}, "contact": {}, "photos": {"groups": [], "count": 0}, "name": "Singapore turf club staff canteen", "allowMenuUrlEdit": true, "beenHere": {"lastCheckinExpiredAt": 0, "count": 0, "marked": false}, "stats": {"checkinsCount": 226, "usersCount": 25, "tipCount": 2}, "id": "4c93e78494a0236a00838712", "categories": [{"pluralName": "Asian Restaurants", "id": "4bf58dd8d48988d142941735", "primary": true, "icon": {"prefix": "https://ss3.4sqi.net/img/categories_v2/food/asian_", "suffix": ".png"}, "name": "Asian Restaurant", "shortName": "Asian"}], "location": {"formattedAddress": ["Singapore"], "lat": 1.4203638177959546, "lng": 103.7625917071773, "distance": 537, "country": "Singapore", "cc": "SG", "labeledLatLngs": [{"lng": 103.7625917071773, "label": "display", "lat": 1.4203638177959546}]}, "verified": false, "price": {"tier": 2, "currency": "$", "message": "Moderate"}}, "referralId": "e-3-4c93e78494a0236a00838712-5", "tips": [{"id": "4cb77f83f50e224b738edffb", "text": "The cashier auntie do thing damn slow!!!!!", "disagreeCount": 0, "logView": true, "createdAt": 1287094147, "likes": {"groups": [], "summary": "6 likes", "count": 6}, "todo": {"count": 0}, "agreeCount": 0, "canonicalUrl": "https://foursquare.com/item/4cb77f83f50e224b738edffb", "type": "user", "user": {"gender": "male", "id": "3188196", "photo": {"prefix": "https://igx.4sqi.net/img/user/", "suffix": "/EGDCMQUVW0MMJUJH.jpg"}, "firstName": "Ng", "lastName": "Kelvin"}}]}], "name": "recommended", "type": "Recommended Places"}], "query": "food", "headerLocation": "North Region"}}