{"meta": {"code": 200, "requestId": "595a39f79fb6b77b937e18f3"}, "response": {"suggestedFilters": {"filters": [{"name": "Open now", "key": "openNow"}], "header": "Tap to show:"}, "totalResults": 32, "headerFullLocation": "Woodlands, Singapore", "headerLocationGranularity": "neighborhood", "suggestedBounds": {"ne": {"lng": 103.78126027198721, "lat": 1.439714427835647}, "sw": {"lng": 103.76688265053679, "lat": 1.4253144134356328}}, "groups": [{"items": [{"reasons": {"items": [{"reasonName": "globalInteractionReason", "summary": "This spot is popular", "type": "general"}], "count": 0}, "venue": {"hereNow": {"groups": [], "summary": "Nobody here", "count": 0}, "contact": {"facebook": "383638534994575", "facebookUsername": "FoodLoft.Sg", "facebookName": "Food Loft"}, "photos": {"groups": [], "count": 0}, "rating": 6.8, "name": "Collin's Grille . Bento", "ratingSignals": 11, "allowMenuUrlEdit": true, "categories": [{"pluralName": "Japanese Restaurants", "id": "4bf58dd8d48988d111941735", "primary": true, "icon": {"prefix": "https://ss3.4sqi.net/img/categories_v2/food/japanese_", "suffix": ".png"}, "name": "Japanese Restaurant", "shortName": "Japanese"}], "stats": {"checkinsCount": 241, "usersCount": 128, "tipCount": 2}, "id": "50e0157ee4b06fa99924bf58", "beenHere": {"lastCheckinExpiredAt": 0, "count": 0, "marked": false}, "url": "http://www.collins.sg", "ratingColor": "FFC800", "location": {"lng": 103.774382, "formattedAddress": ["306 Food Loft (Blk 306 Woodlands St 31 #01-19)", "730306", "Singapore"], "postalCode": "730306", "lat": 1.429792, "crossStreet": "Blk 306 Woodlands St 31 #01-19", "country": "Singapore", "distance": 305, "city": "Singapore", "cc": "SG", "address": "306 Food Loft", "labeledLatLngs": [{"lng": 103.774382, "label": "display", "lat": 1.429792}]}, "verified": false, "price": {"tier": 2, "currency": "$", "message": "Moderate"}}, "referralId": "e-3-50e0157ee4b06fa99924bf58-0", "tips": [{"logView": true, "photo": {"id": "50e01746e4b0b76a2d392bd1", "visibility": "public", "source": {"name": "Foursquare for iOS", "url": "https://foursquare.com/download/#/iphone"}, "suffix": "/41592274_hGcTucZne8FBgw2aX3lWI7kO9QITqo2pYmqI6qQo-_E.jpg", "createdAt": 1356863302, "prefix": "https://igx.4sqi.net/img/general/", "width": 720, "height": 960}, "createdAt": 1356863296, "todo": {"count": 0}, "agreeCount": 1, "likes": {"groups": [], "summary": "1 like", "count": 1}, "id": "50e01740e4b05f2b013fbc20", "text": "The mango salmon fillet is nicely pan-fried to a crispy state. Comes with sides of aglio olio pasta, a small section of corn cob and some salad. Super affordable at only $6.90nett. Will recommend :)", "disagreeCount": 0, "user": {"gender": "female", "id": "41592274", "photo": {"prefix": "https://igx.4sqi.net/img/user/", "suffix": "/41592274-5Y3KXF4YO4FFHLUD.jpg"}, "firstName": "TsuiRen", "lastName": "Clover"}, "canonicalUrl": "https://foursquare.com/item/50e01740e4b05f2b013fbc20", "type": "user", "photourl": "https://igx.4sqi.net/img/general/original/41592274_hGcTucZne8FBgw2aX3lWI7kO9QITqo2pYmqI6qQo-_E.jpg"}]}, {"reasons": {"items": [{"reasonName": "globalInteractionReason", "summary": "This spot is popular", "type": "general"}], "count": 0}, "venue": {"hereNow": {"groups": [], "summary": "Nobody here", "count": 0}, "contact": {"facebook": "353948241409282", "facebookUsername": "Citrusbythepool", "facebookName": "Citrus By The Pool", "phone": "+6565363877", "formattedPhone": "+65 6536 3877"}, "photos": {"groups": [], "count": 0}, "rating": 6.7, "name": "Citrus by the Pool", "ratingSignals": 17, "allowMenuUrlEdit": true, "categories": [{"pluralName": "Caf\u00e9s", "id": "4bf58dd8d48988d16d941735", "primary": true, "icon": {"prefix": "https://ss3.4sqi.net/img/categories_v2/food/cafe_", "suffix": ".png"}, "name": "Caf\u00e9", "shortName": "Caf\u00e9"}], "stats": {"checkinsCount": 344, "usersCount": 248, "tipCount": 5}, "id": "529191f6498eb555e596dbec", "beenHere": {"lastCheckinExpiredAt": 0, "count": 0, "marked": false}, "ratingColor": "FFC800", "location": {"lng": 103.7794819051012, "formattedAddress": ["Woodlands Swimming Pool Complex (3 Woodlands St. 13)", "738600", "Singapore"], "postalCode": "738600", "lat": 1.4344930467969423, "crossStreet": "3 Woodlands St. 13", "country": "Singapore", "distance": 641, "city": "Singapore", "cc": "SG", "address": "Woodlands Swimming Pool Complex", "labeledLatLngs": [{"lng": 103.7794819051012, "label": "display", "lat": 1.4344930467969423}]}, "hours": {"isLocalHoliday": false, "isOpen": true, "status": "Open until 9:00 PM"}, "verified": false, "price": {"tier": 1, "currency": "$", "message": "Cheap"}}, "referralId": "e-3-529191f6498eb555e596dbec-1", "tips": [{"logView": true, "photo": {"id": "55cfd5f3498e511e6874f48f", "visibility": "public", "source": {"name": "Foursquare for iOS", "url": "https://foursquare.com/download/#/iphone"}, "suffix": "/43811887_TEWHkpLiRCC8FqDS4My5AlU8E3w6XktHdqVCXZKtYs4.jpg", "createdAt": 1439684083, "prefix": "https://igx.4sqi.net/img/general/", "width": 1440, "height": 1920}, "createdAt": 1439684081, "agreeCount": 0, "id": "55cfd5f1498e53d4388aba53", "text": "You MUST TRY the homemade mushroom soup. #mushroomsouploverswillunderstand Food are affordable with friendly services. Oh don't forget to order the molten cake. While waiting, look at this pic!", "type": "user", "disagreeCount": 0, "user": {"gender": "female", "id": "43811887", "photo": {"prefix": "https://igx.4sqi.net/img/user/", "suffix": "/43811887-ZYPIW0DS41FSQHE5.jpg"}, "firstName": "Alisa", "lastName": "Abrahman"}, "canonicalUrl": "https://foursquare.com/item/55cfd5f1498e53d4388aba53", "todo": {"count": 0}, "photourl": "https://igx.4sqi.net/img/general/original/43811887_TEWHkpLiRCC8FqDS4My5AlU8E3w6XktHdqVCXZKtYs4.jpg"}]}, {"reasons": {"items": [{"reasonName": "globalInteractionReason", "summary": "This spot is popular", "type": "general"}], "count": 0}, "venue": {"hereNow": {"groups": [], "summary": "Nobody here", "count": 0}, "contact": {"facebook": "398894966773", "facebookUsername": "BurgerKingSG", "facebookName": "Burger King Singapore", "phone": "+6563622609", "formattedPhone": "+65 6362 2609"}, "photos": {"groups": [], "count": 0}, "rating": 6.3, "menu": {"mobileUrl": "http://www.burgerking.com.sg/Menu", "externalUrl": "http://www.burgerking.com.sg/Menu", "url": "http://www.burgerking.com.sg/Menu", "anchor": "View Menu", "label": "Menu", "type": "Menu"}, "name": "Burger King", "ratingSignals": 3, "allowMenuUrlEdit": true, "categories": [{"pluralName": "Fast Food Restaurants", "id": "4bf58dd8d48988d16e941735", "primary": true, "icon": {"prefix": "https://ss3.4sqi.net/img/categories_v2/food/fastfood_", "suffix": ".png"}, "name": "Fast Food Restaurant", "shortName": "Fast Food"}], "stats": {"checkinsCount": 80, "usersCount": 45, "tipCount": 2}, "id": "574ae7dc498edf7f6ced1e10", "beenHere": {"lastCheckinExpiredAt": 0, "count": 0, "marked": false}, "url": "http://www.burgerking.com.sg", "ratingColor": "FFC800", "location": {"lng": 103.775266, "formattedAddress": ["#01-01 Fuchun Community Club (1 Woodlands Street 31)", "738581", "Singapore"], "postalCode": "738581", "lat": 1.429238, "crossStreet": "1 Woodlands Street 31", "country": "Singapore", "distance": 388, "city": "Singapore", "cc": "SG", "address": "#01-01 Fuchun Community Club", "labeledLatLngs": [{"lng": 103.775266, "label": "display", "lat": 1.429238}]}, "verified": false, "price": {"tier": 1, "currency": "$", "message": "Cheap"}}, "referralId": "e-3-574ae7dc498edf7f6ced1e10-2", "tips": [{"id": "586152ea6ad5a10f303f60db", "text": "They got the promo coupons, use it for promo discounts :)", "disagreeCount": 0, "createdAt": 1482773226, "logView": true, "todo": {"count": 0}, "agreeCount": 0, "canonicalUrl": "https://foursquare.com/item/586152ea6ad5a10f303f60db", "type": "user", "user": {"gender": "female", "id": "13786282", "photo": {"prefix": "https://igx.4sqi.net/img/user/", "suffix": "/13786282-BTLUIWY3ZES4NFE1.jpg"}, "firstName": "Julimar", "lastName": "C"}}]}, {"reasons": {"items": [{"reasonName": "globalInteractionReason", "summary": "This spot is popular", "type": "general"}], "count": 0}, "venue": {"hereNow": {"groups": [], "summary": "Nobody here", "count": 0}, "contact": {}, "photos": {"groups": [], "count": 0}, "rating": 6.1, "name": "St 11 Coffee House", "ratingSignals": 32, "allowMenuUrlEdit": true, "categories": [{"pluralName": "Asian Restaurants", "id": "4bf58dd8d48988d142941735", "primary": true, "icon": {"prefix": "https://ss3.4sqi.net/img/categories_v2/food/asian_", "suffix": ".png"}, "name": "Asian Restaurant", "shortName": "Asian"}], "stats": {"checkinsCount": 4420, "usersCount": 952, "tipCount": 26}, "id": "4bd111e441b9ef3b447cfbe5", "beenHere": {"lastCheckinExpiredAt": 0, "count": 0, "marked": false}, "ratingColor": "FFC800", "location": {"formattedAddress": ["167 Woodlands St11", "730167", "Singapore"], "postalCode": "730167", "lat": 1.4333088111869747, "lng": 103.77588987350464, "country": "Singapore", "distance": 220, "city": "Singapore", "cc": "SG", "address": "167 Woodlands St11", "labeledLatLngs": [{"lng": 103.77588987350464, "label": "display", "lat": 1.4333088111869747}]}, "hours": {"isLocalHoliday": false, "isOpen": true, "status": "Likely open"}, "verified": false, "price": {"tier": 2, "currency": "$", "message": "Moderate"}}, "referralId": "e-3-4bd111e441b9ef3b447cfbe5-3", "tips": [{"id": "4d2046bd16cfb60c24ec5761", "text": "Astons express (Y)", "disagreeCount": 0, "logView": true, "createdAt": 1293960893, "likes": {"groups": [], "summary": "7 likes", "count": 7}, "todo": {"count": 0}, "agreeCount": 0, "canonicalUrl": "https://foursquare.com/item/4d2046bd16cfb60c24ec5761", "type": "user", "user": {"gender": "male", "id": "4551308", "photo": {"prefix": "https://igx.4sqi.net/img/user/", "suffix": "/SK0DJOABMAI3Z4HG.jpg"}, "firstName": "Noah", "lastName": "Yap"}}]}, {"reasons": {"items": [{"reasonName": "globalInteractionReason", "summary": "This spot is popular", "type": "general"}], "count": 0}, "venue": {"hereNow": {"groups": [], "summary": "Nobody here", "count": 0}, "contact": {}, "photos": {"groups": [], "count": 0}, "name": "Al Falah Restaurant", "allowMenuUrlEdit": true, "beenHere": {"lastCheckinExpiredAt": 0, "count": 0, "marked": false}, "stats": {"checkinsCount": 36, "usersCount": 15, "tipCount": 0}, "id": "4e15980618384368edd0be4c", "categories": [{"pluralName": "Indian Restaurants", "id": "4bf58dd8d48988d10f941735", "primary": true, "icon": {"prefix": "https://ss3.4sqi.net/img/categories_v2/food/indian_", "suffix": ".png"}, "name": "Indian Restaurant", "shortName": "Indian"}], "location": {"formattedAddress": ["303 Woodlands St 31", "Singapore"], "lat": 1.432009066836144, "lng": 103.77418545389867, "country": "Singapore", "distance": 57, "city": "Singapore", "cc": "SG", "address": "303 Woodlands St 31", "labeledLatLngs": [{"lng": 103.77418545389867, "label": "display", "lat": 1.432009066836144}]}, "verified": false, "price": {"tier": 2, "currency": "$", "message": "Moderate"}}, "referralId": "e-3-4e15980618384368edd0be4c-4"}, {"reasons": {"items": [{"reasonName": "globalInteractionReason", "summary": "This spot is popular", "type": "general"}], "count": 0}, "venue": {"hereNow": {"groups": [], "summary": "Nobody here", "count": 0}, "contact": {}, "photos": {"groups": [], "count": 0}, "name": "Tenderbest", "allowMenuUrlEdit": true, "beenHere": {"lastCheckinExpiredAt": 0, "count": 0, "marked": false}, "stats": {"checkinsCount": 74, "usersCount": 35, "tipCount": 0}, "id": "4dae84f55da3cca6f0aadb49", "categories": [{"pluralName": "Fried Chicken Joints", "id": "4d4ae6fc7a7b7dea34424761", "primary": true, "icon": {"prefix": "https://ss3.4sqi.net/img/categories_v2/food/friedchicken_", "suffix": ".png"}, "name": "Fried Chicken Joint", "shortName": "Fried Chicken"}], "location": {"formattedAddress": ["Woodlands St 31", "Singapore"], "lat": 1.431299, "lng": 103.774283, "distance": 137, "country": "Singapore", "cc": "SG", "address": "Woodlands St 31", "labeledLatLngs": [{"lng": 103.774283, "label": "display", "lat": 1.431299}]}, "verified": false, "price": {"tier": 1, "currency": "$", "message": "Cheap"}}, "referralId": "e-3-4dae84f55da3cca6f0aadb49-5"}, {"reasons": {"items": [{"reasonName": "globalInteractionReason", "summary": "This spot is popular", "type": "general"}], "count": 0}, "venue": {"id": "4d1ffa4c5acaa35d2b2cc435", "hereNow": {"groups": [], "summary": "Nobody here", "count": 0}, "contact": {}, "beenHere": {"lastCheckinExpiredAt": 0, "count": 0, "marked": false}, "photos": {"groups": [], "count": 0}, "name": "S11", "location": {"formattedAddress": ["303 Woodlands St. 31", "Singapore"], "lat": 1.4314026231329442, "lng": 103.77410623505742, "country": "Singapore", "distance": 123, "city": "Singapore", "cc": "SG", "address": "303 Woodlands St. 31", "labeledLatLngs": [{"lng": 103.77410623505742, "label": "display", "lat": 1.4314026231329442}]}, "allowMenuUrlEdit": true, "verified": false, "categories": [{"pluralName": "Food Courts", "id": "4bf58dd8d48988d120951735", "primary": true, "icon": {"prefix": "https://ss3.4sqi.net/img/categories_v2/shops/food_foodcourt_", "suffix": ".png"}, "name": "Food Court", "shortName": "Food Court"}], "stats": {"checkinsCount": 105, "usersCount": 74, "tipCount": 1}}, "referralId": "e-3-4d1ffa4c5acaa35d2b2cc435-6", "tips": [{"id": "586153a8040d535b949cf0fe", "text": "Affordable!", "disagreeCount": 0, "createdAt": 1482773416, "logView": true, "todo": {"count": 0}, "agreeCount": 0, "canonicalUrl": "https://foursquare.com/item/586153a8040d535b949cf0fe", "type": "user", "user": {"gender": "female", "id": "13786282", "photo": {"prefix": "https://igx.4sqi.net/img/user/", "suffix": "/13786282-BTLUIWY3ZES4NFE1.jpg"}, "firstName": "Julimar", "lastName": "C"}}]}, {"reasons": {"items": [{"reasonName": "globalInteractionReason", "summary": "This spot is popular", "type": "general"}], "count": 0}, "venue": {"hereNow": {"groups": [], "summary": "Nobody here", "count": 0}, "contact": {}, "photos": {"groups": [], "count": 0}, "name": "Cake History", "allowMenuUrlEdit": true, "beenHere": {"lastCheckinExpiredAt": 0, "count": 0, "marked": false}, "stats": {"checkinsCount": 936, "usersCount": 164, "tipCount": 4}, "id": "4be4f737d4f7c9b6ecf62420", "categories": [{"pluralName": "Bakeries", "id": "4bf58dd8d48988d16a941735", "primary": true, "icon": {"prefix": "https://ss3.4sqi.net/img/categories_v2/food/bakery_", "suffix": ".png"}, "name": "Bakery", "shortName": "Bakery"}], "location": {"formattedAddress": ["Marsiling MRT station", "Singapore"], "lat": 1.4324315546183124, "lng": 103.7729915177391, "state": "Singapore", "country": "Singapore", "distance": 120, "city": "Woodlands New Town", "cc": "SG", "address": "Marsiling MRT station", "labeledLatLngs": [{"lng": 103.7729915177391, "label": "display", "lat": 1.4324315546183124}]}, "hours": {"isLocalHoliday": false, "isOpen": true, "status": "Likely open"}, "verified": false, "price": {"tier": 1, "currency": "$", "message": "Cheap"}}, "referralId": "e-3-4be4f737d4f7c9b6ecf62420-7", "tips": [{"id": "55672186498ed6a5f1eb27b7", "text": "Most breads are only $1 after 9pm \ud83d\ude0a", "disagreeCount": 0, "createdAt": 1432822150, "logView": true, "todo": {"count": 0}, "agreeCount": 0, "canonicalUrl": "https://foursquare.com/item/55672186498ed6a5f1eb27b7", "type": "user", "user": {"gender": "female", "id": "13786282", "photo": {"prefix": "https://igx.4sqi.net/img/user/", "suffix": "/13786282-BTLUIWY3ZES4NFE1.jpg"}, "firstName": "Julimar", "lastName": "C"}}]}, {"reasons": {"items": [{"reasonName": "globalInteractionReason", "summary": "This spot is popular", "type": "general"}], "count": 0}, "venue": {"hereNow": {"groups": [], "summary": "Nobody here", "count": 0}, "contact": {}, "photos": {"groups": [], "count": 0}, "name": "Char Grill Bar", "allowMenuUrlEdit": true, "beenHere": {"lastCheckinExpiredAt": 0, "count": 0, "marked": false}, "stats": {"checkinsCount": 78, "usersCount": 10, "tipCount": 1}, "id": "56f30219498ecde21b113ae1", "categories": [{"pluralName": "BBQ Joints", "id": "4bf58dd8d48988d1df931735", "primary": true, "icon": {"prefix": "https://ss3.4sqi.net/img/categories_v2/food/bbqalt_", "suffix": ".png"}, "name": "BBQ Joint", "shortName": "BBQ"}], "location": {"lng": 103.77605842723662, "formattedAddress": ["Blk167 (Woodland St 11)", "Singapore"], "lat": 1.4331739163696233, "crossStreet": "Woodland St 11", "country": "Singapore", "distance": 232, "city": "Singapore", "cc": "SG", "address": "Blk167", "labeledLatLngs": [{"lng": 103.77605842723662, "label": "display", "lat": 1.4331739163696233}]}, "verified": false, "price": {"tier": 2, "currency": "$", "message": "Moderate"}}, "referralId": "e-3-56f30219498ecde21b113ae1-8", "tips": [{"logView": true, "photo": {"id": "570e4ced498e636a8eedeb0a", "visibility": "public", "source": {"name": "Foursquare for iOS", "url": "https://foursquare.com/download/#/iphone"}, "suffix": "/30556785_sHVmGvYHHBx7Fj5Zf-mFQPlW_aYPEy_Uwtjyhia37H4.jpg", "createdAt": 1460554989, "prefix": "https://igx.4sqi.net/img/general/", "width": 1440, "height": 1920}, "createdAt": 1460554985, "agreeCount": 0, "id": "570e4ce9498e6533d546aa9f", "text": "Affordable and one of the nice steak I ever ate!", "type": "user", "disagreeCount": 0, "user": {"gender": "male", "id": "30556785", "photo": {"prefix": "https://igx.4sqi.net/img/user/", "suffix": "/30556785-TVOPOLO0NRWE5YY3.jpg"}, "firstName": "Kelvin", "lastName": "Ang"}, "canonicalUrl": "https://foursquare.com/item/570e4ce9498e6533d546aa9f", "todo": {"count": 0}, "photourl": "https://igx.4sqi.net/img/general/original/30556785_sHVmGvYHHBx7Fj5Zf-mFQPlW_aYPEy_Uwtjyhia37H4.jpg"}]}, {"reasons": {"items": [{"reasonName": "globalInteractionReason", "summary": "This spot is popular", "type": "general"}], "count": 0}, "venue": {"hereNow": {"groups": [], "summary": "Nobody here", "count": 0}, "contact": {"phone": "+6562226333", "formattedPhone": "+65 6222 6333"}, "photos": {"groups": [], "count": 0}, "name": "Domino's Pizza", "allowMenuUrlEdit": true, "beenHere": {"lastCheckinExpiredAt": 0, "count": 0, "marked": false}, "stats": {"checkinsCount": 314, "usersCount": 84, "tipCount": 1}, "id": "4fd6c621e4b0228ffd961418", "categories": [{"pluralName": "Pizza Places", "id": "4bf58dd8d48988d1ca941735", "primary": true, "icon": {"prefix": "https://ss3.4sqi.net/img/categories_v2/food/pizza_", "suffix": ".png"}, "name": "Pizza Place", "shortName": "Pizza"}], "location": {"formattedAddress": ["166 Woodlands Street 13 #02-524", "730166", "Singapore"], "postalCode": "730166", "lat": 1.4338599985168587, "lng": 103.77579247475116, "country": "Singapore", "distance": 243, "city": "Singapore", "cc": "SG", "address": "166 Woodlands Street 13 #02-524", "labeledLatLngs": [{"lng": 103.77579247475116, "label": "display", "lat": 1.4338599985168587}]}, "hours": {"isLocalHoliday": false, "isOpen": false}, "verified": false, "price": {"tier": 1, "currency": "$", "message": "Cheap"}}, "referralId": "e-3-4fd6c621e4b0228ffd961418-9", "tips": [{"id": "506ff0d1e4b00875ac3406d4", "text": "No seats! Delivery & take-aways only.", "disagreeCount": 0, "createdAt": 1349513425, "logView": true, "todo": {"count": 0}, "agreeCount": 0, "canonicalUrl": "https://foursquare.com/item/506ff0d1e4b00875ac3406d4", "type": "user", "user": {"gender": "female", "id": "15396978", "photo": {"prefix": "https://igx.4sqi.net/img/user/", "suffix": "/OBSY4PCEVRKHQDPO.jpg"}, "firstName": "Rui", "lastName": "Ling"}}]}, {"reasons": {"items": [{"reasonName": "globalInteractionReason", "summary": "This spot is popular", "type": "general"}], "count": 0}, "venue": {"hereNow": {"groups": [], "summary": "Nobody here", "count": 0}, "contact": {}, "photos": {"groups": [], "count": 0}, "name": "Pizza Hut", "allowMenuUrlEdit": true, "beenHere": {"lastCheckinExpiredAt": 0, "count": 0, "marked": false}, "stats": {"checkinsCount": 100, "usersCount": 36, "tipCount": 0}, "id": "4ed7684a0e0189600b1bc4be", "categories": [{"pluralName": "Pizza Places", "id": "4bf58dd8d48988d1ca941735", "primary": true, "icon": {"prefix": "https://ss3.4sqi.net/img/categories_v2/food/pizza_", "suffix": ".png"}, "name": "Pizza Place", "shortName": "Pizza"}], "location": {"formattedAddress": ["Woodlands Street 31", "Singapore"], "lat": 1.4301935555832037, "lng": 103.77445140320697, "distance": 261, "country": "Singapore", "cc": "SG", "address": "Woodlands Street 31", "labeledLatLngs": [{"lng": 103.77445140320697, "label": "display", "lat": 1.4301935555832037}]}, "verified": false, "price": {"tier": 1, "currency": "$", "message": "Cheap"}}, "referralId": "e-3-4ed7684a0e0189600b1bc4be-10"}, {"reasons": {"items": [{"reasonName": "globalInteractionReason", "summary": "This spot is popular", "type": "general"}], "count": 0}, "venue": {"hereNow": {"groups": [], "summary": "Nobody here", "count": 0}, "contact": {}, "photos": {"groups": [], "count": 0}, "name": "Champion Bread Shop", "allowMenuUrlEdit": true, "beenHere": {"lastCheckinExpiredAt": 0, "count": 0, "marked": false}, "stats": {"checkinsCount": 128, "usersCount": 43, "tipCount": 7}, "id": "4ca554eaa6e08cfa958d7094", "categories": [{"pluralName": "Bakeries", "id": "4bf58dd8d48988d16a941735", "primary": true, "icon": {"prefix": "https://ss3.4sqi.net/img/categories_v2/food/bakery_", "suffix": ".png"}, "name": "Bakery", "shortName": "Bakery"}], "location": {"formattedAddress": ["Singapore"], "lat": 1.4303349744499518, "lng": 103.77497198635378, "country": "Singapore", "distance": 262, "city": "Singapore", "cc": "SG", "labeledLatLngs": [{"lng": 103.77497198635378, "label": "display", "lat": 1.4303349744499518}]}, "verified": false, "price": {"tier": 1, "currency": "$", "message": "Cheap"}}, "referralId": "e-3-4ca554eaa6e08cfa958d7094-11", "tips": [{"id": "4d835eb79324236a33a1a20e", "text": "Nice portuguese egg tarts.. Also wide variety of fine bread loaves. Best thing its halal!", "disagreeCount": 0, "createdAt": 1300455095, "logView": true, "todo": {"count": 0}, "agreeCount": 0, "canonicalUrl": "https://foursquare.com/item/4d835eb79324236a33a1a20e", "type": "user", "user": {"id": "2388931", "photo": {"prefix": "https://igx.4sqi.net/img/user/", "suffix": "/0CKUDNRTL55WDRIR.jpg"}, "firstName": "Shahrum ayum", "gender": "none"}}]}, {"reasons": {"items": [{"reasonName": "globalInteractionReason", "summary": "This spot is popular", "type": "general"}], "count": 0}, "venue": {"hereNow": {"groups": [], "summary": "Nobody here", "count": 0}, "contact": {}, "photos": {"groups": [], "count": 0}, "name": "Mama Shop Ave3", "allowMenuUrlEdit": true, "beenHere": {"lastCheckinExpiredAt": 0, "count": 0, "marked": false}, "stats": {"checkinsCount": 84, "usersCount": 16, "tipCount": 0}, "id": "4d0707d526adb1f746dddf70", "categories": [{"pluralName": "Bakeries", "id": "4bf58dd8d48988d16a941735", "primary": true, "icon": {"prefix": "https://ss3.4sqi.net/img/categories_v2/food/bakery_", "suffix": ".png"}, "name": "Bakery", "shortName": "Bakery"}], "location": {"lng": 103.775559, "formattedAddress": ["Woodland (Ave3)", "Singapore"], "lat": 1.434699, "crossStreet": "Ave3", "distance": 294, "country": "Singapore", "cc": "SG", "address": "Woodland", "labeledLatLngs": [{"lng": 103.775559, "label": "display", "lat": 1.434699}]}, "verified": false, "price": {"tier": 1, "currency": "$", "message": "Cheap"}}, "referralId": "e-3-4d0707d526adb1f746dddf70-12"}, {"reasons": {"items": [{"reasonName": "globalInteractionReason", "summary": "This spot is popular", "type": "general"}], "count": 0}, "venue": {"contact": {}, "photos": {"groups": [], "count": 0}, "name": "Food Loft @ 306", "allowMenuUrlEdit": true, "beenHere": {"lastCheckinExpiredAt": 0, "count": 0, "marked": false}, "stats": {"checkinsCount": 294, "usersCount": 108, "tipCount": 4}, "id": "4f6b1993e4b0803c8a9e0f09", "categories": [{"pluralName": "Food Courts", "id": "4bf58dd8d48988d120951735", "primary": true, "icon": {"prefix": "https://ss3.4sqi.net/img/categories_v2/shops/food_foodcourt_", "suffix": ".png"}, "name": "Food Court", "shortName": "Food Court"}], "location": {"formattedAddress": ["Blk 306 Woodlands Avenue 1", "Singapore"], "lat": 1.4298021739663715, "lng": 103.7746720849471, "country": "Singapore", "distance": 309, "city": "Singapore", "cc": "SG", "address": "Blk 306 Woodlands Avenue 1", "labeledLatLngs": [{"lng": 103.7746720849471, "label": "display", "lat": 1.4298021739663715}]}, "hours": {"isLocalHoliday": false, "isOpen": true, "status": "Likely open"}, "verified": false, "hereNow": {"groups": [], "summary": "Nobody here", "count": 0}}, "referralId": "e-3-4f6b1993e4b0803c8a9e0f09-13", "tips": [{"logView": true, "photo": {"id": "543c864b498e27b8540fad1a", "visibility": "public", "source": {"name": "Foursquare for Android", "url": "https://foursquare.com/download/#/android"}, "suffix": "/41586213_czMXpJ_HbDRoVv3X4EdBX-0RX-_b9kga9AjC2Vj3l0I.jpg", "createdAt": 1413252683, "prefix": "https://igx.4sqi.net/img/general/", "width": 960, "height": 540}, "createdAt": 1413252681, "agreeCount": 0, "id": "543c8649498ea965d86d86aa", "text": "Kian meng kway chap", "type": "user", "disagreeCount": 0, "user": {"gender": "male", "id": "41586213", "photo": {"prefix": "https://igx.4sqi.net/img/user/", "suffix": "/GFRDXUFJI5YFMWJA.jpg"}, "firstName": "Johnny", "lastName": "Tan"}, "canonicalUrl": "https://foursquare.com/item/543c8649498ea965d86d86aa", "todo": {"count": 0}, "photourl": "https://igx.4sqi.net/img/general/original/41586213_czMXpJ_HbDRoVv3X4EdBX-0RX-_b9kga9AjC2Vj3l0I.jpg"}]}, {"reasons": {"items": [{"reasonName": "globalInteractionReason", "summary": "This spot is popular", "type": "general"}], "count": 0}, "venue": {"contact": {}, "photos": {"groups": [], "count": 0}, "name": "Noelle's Signature", "allowMenuUrlEdit": true, "beenHere": {"lastCheckinExpiredAt": 0, "count": 0, "marked": false}, "stats": {"checkinsCount": 285, "usersCount": 110, "tipCount": 5}, "id": "4ebf9a5dc2ee23891e49d69d", "categories": [{"pluralName": "Food Courts", "id": "4bf58dd8d48988d120951735", "primary": true, "icon": {"prefix": "https://ss3.4sqi.net/img/categories_v2/shops/food_foodcourt_", "suffix": ".png"}, "name": "Food Court", "shortName": "Food Court"}], "location": {"formattedAddress": ["Blk 304 Woodlands St 31 #01-125", "Singapore"], "lat": 1.430152735223645, "lng": 103.77256713540169, "country": "Singapore", "distance": 311, "city": "Singapore", "cc": "SG", "address": "Blk 304 Woodlands St 31 #01-125", "labeledLatLngs": [{"lng": 103.77256713540169, "label": "display", "lat": 1.430152735223645}]}, "hours": {"isLocalHoliday": false, "isOpen": true, "status": "Likely open"}, "verified": false, "hereNow": {"groups": [], "summary": "Nobody here", "count": 0}}, "referralId": "e-3-4ebf9a5dc2ee23891e49d69d-14", "tips": [{"id": "50f6826fe4b0f36518d80dc2", "text": "Chargrill chicken is awesome", "disagreeCount": 0, "logView": true, "createdAt": 1358332527, "likes": {"groups": [], "summary": "1 like", "count": 1}, "todo": {"count": 0}, "agreeCount": 1, "canonicalUrl": "https://foursquare.com/item/50f6826fe4b0f36518d80dc2", "type": "user", "user": {"gender": "male", "id": "45296966", "photo": {"prefix": "https://igx.4sqi.net/img/user/", "suffix": "/XD4TC5FI4VPMP0PH.jpg"}, "firstName": "Edwin", "lastName": "Lau"}}]}, {"reasons": {"items": [{"reasonName": "globalInteractionReason", "summary": "This spot is popular", "type": "general"}], "count": 0}, "venue": {"id": "4f6e93a4e4b0e6e002c85aba", "hereNow": {"groups": [], "summary": "Nobody here", "count": 0}, "contact": {}, "beenHere": {"lastCheckinExpiredAt": 0, "count": 0, "marked": false}, "photos": {"groups": [], "count": 0}, "name": "Iron Chef", "location": {"formattedAddress": ["Singapore"], "lat": 1.4296651190444427, "lng": 103.77437784270738, "distance": 319, "country": "Singapore", "cc": "SG", "labeledLatLngs": [{"lng": 103.77437784270738, "label": "display", "lat": 1.4296651190444427}]}, "allowMenuUrlEdit": true, "verified": false, "categories": [{"pluralName": "Food Courts", "id": "4bf58dd8d48988d120951735", "primary": true, "icon": {"prefix": "https://ss3.4sqi.net/img/categories_v2/shops/food_foodcourt_", "suffix": ".png"}, "name": "Food Court", "shortName": "Food Court"}], "stats": {"checkinsCount": 43, "usersCount": 23, "tipCount": 1}}, "referralId": "e-3-4f6e93a4e4b0e6e002c85aba-15", "tips": [{"id": "4ff028b6e4b09f46ba460326", "text": "Pastas start from $5.50 onwards. Japanese cuisine also available. Service is fast as got many kitchen staffs.", "disagreeCount": 0, "createdAt": 1341139126, "logView": true, "todo": {"count": 0}, "agreeCount": 0, "canonicalUrl": "https://foursquare.com/item/4ff028b6e4b09f46ba460326", "type": "user", "user": {"gender": "male", "id": "2637421", "photo": {"prefix": "https://igx.4sqi.net/img/user/", "suffix": "/2637421-BID0O40Y4IOARM2V.jpg"}, "firstName": "Richard", "lastName": "Jang"}}]}, {"reasons": {"items": [{"reasonName": "globalInteractionReason", "summary": "This spot is popular", "type": "general"}], "count": 0}, "venue": {"hereNow": {"groups": [], "summary": "Nobody here", "count": 0}, "contact": {}, "photos": {"groups": [], "count": 0}, "name": "Blk 310 Barbeque Pit (BBQ)", "allowMenuUrlEdit": true, "beenHere": {"lastCheckinExpiredAt": 0, "count": 0, "marked": false}, "stats": {"checkinsCount": 55, "usersCount": 23, "tipCount": 0}, "id": "4d36bd0638f237047a0328b0", "categories": [{"pluralName": "BBQ Joints", "id": "4bf58dd8d48988d1df931735", "primary": true, "icon": {"prefix": "https://ss3.4sqi.net/img/categories_v2/food/bbqalt_", "suffix": ".png"}, "name": "BBQ Joint", "shortName": "BBQ"}], "location": {"formattedAddress": ["310 Woodlands Street 31", "730310", "Singapore"], "postalCode": "730310", "lat": 1.429955, "lng": 103.77559574, "country": "Singapore", "distance": 331, "city": "Singapore", "cc": "SG", "address": "310 Woodlands Street 31", "labeledLatLngs": [{"lng": 103.77559574, "label": "display", "lat": 1.429955}]}, "verified": false, "price": {"tier": 2, "currency": "$", "message": "Moderate"}}, "referralId": "e-3-4d36bd0638f237047a0328b0-16"}, {"reasons": {"items": [{"reasonName": "globalInteractionReason", "summary": "This spot is popular", "type": "general"}], "count": 0}, "venue": {"hereNow": {"groups": [], "summary": "Nobody here", "count": 0}, "contact": {}, "photos": {"groups": [], "count": 0}, "name": "Woodland's Snack House", "allowMenuUrlEdit": true, "beenHere": {"lastCheckinExpiredAt": 0, "count": 0, "marked": false}, "stats": {"checkinsCount": 52, "usersCount": 36, "tipCount": 0}, "id": "4c637726de1b2d7ffc09e570", "categories": [{"pluralName": "Chinese Restaurants", "id": "4bf58dd8d48988d145941735", "primary": true, "icon": {"prefix": "https://ss3.4sqi.net/img/categories_v2/food/asian_", "suffix": ".png"}, "name": "Chinese Restaurant", "shortName": "Chinese"}], "location": {"formattedAddress": ["#01-115", "Singapore"], "lat": 1.4295513939376903, "lng": 103.77333102457331, "distance": 339, "country": "Singapore", "cc": "SG", "address": "#01-115", "labeledLatLngs": [{"lng": 103.77333102457331, "label": "display", "lat": 1.4295513939376903}]}, "verified": false, "price": {"tier": 1, "currency": "$", "message": "Cheap"}}, "referralId": "e-3-4c637726de1b2d7ffc09e570-17"}, {"reasons": {"items": [{"reasonName": "globalInteractionReason", "summary": "This spot is popular", "type": "general"}], "count": 0}, "venue": {"hereNow": {"groups": [], "summary": "Nobody here", "count": 0}, "contact": {}, "photos": {"groups": [], "count": 0}, "name": "\u9999\u6e2f\u8857\u73cd\u8fbe\u8bb0", "allowMenuUrlEdit": true, "beenHere": {"lastCheckinExpiredAt": 0, "count": 0, "marked": false}, "stats": {"checkinsCount": 58, "usersCount": 27, "tipCount": 0}, "id": "4d32dfcc5017a0938c724d9b", "categories": [{"pluralName": "Asian Restaurants", "id": "4bf58dd8d48988d142941735", "primary": true, "icon": {"prefix": "https://ss3.4sqi.net/img/categories_v2/food/asian_", "suffix": ".png"}, "name": "Asian Restaurant", "shortName": "Asian"}], "location": {"formattedAddress": ["Singapore"], "lat": 1.4296170006848794, "lng": 103.77524925428686, "distance": 348, "country": "Singapore", "cc": "SG", "labeledLatLngs": [{"lng": 103.77524925428686, "label": "display", "lat": 1.4296170006848794}]}, "verified": false, "price": {"tier": 2, "currency": "$", "message": "Moderate"}}, "referralId": "e-3-4d32dfcc5017a0938c724d9b-18"}, {"reasons": {"items": [{"reasonName": "globalInteractionReason", "summary": "This spot is popular", "type": "general"}], "count": 0}, "venue": {"hereNow": {"groups": [], "summary": "Nobody here", "count": 0}, "contact": {}, "photos": {"groups": [], "count": 0}, "name": "Sarpino's Pizzeria", "allowMenuUrlEdit": true, "beenHere": {"lastCheckinExpiredAt": 0, "count": 0, "marked": false}, "stats": {"checkinsCount": 44, "usersCount": 14, "tipCount": 0}, "id": "4c417c8d3735be9a348218a4", "categories": [{"pluralName": "Pizza Places", "id": "4bf58dd8d48988d1ca941735", "primary": true, "icon": {"prefix": "https://ss3.4sqi.net/img/categories_v2/food/pizza_", "suffix": ".png"}, "name": "Pizza Place", "shortName": "Pizza"}], "location": {"formattedAddress": ["Blk 326", "Singapore"], "lat": 1.431359, "lng": 103.777078, "distance": 358, "country": "Singapore", "cc": "SG", "address": "Blk 326", "labeledLatLngs": [{"lng": 103.777078, "label": "display", "lat": 1.431359}]}, "verified": false, "price": {"tier": 1, "currency": "$", "message": "Cheap"}}, "referralId": "e-3-4c417c8d3735be9a348218a4-19"}, {"reasons": {"items": [{"reasonName": "globalInteractionReason", "summary": "This spot is popular", "type": "general"}], "count": 0}, "venue": {"hereNow": {"groups": [], "summary": "Nobody here", "count": 0}, "contact": {}, "photos": {"groups": [], "count": 0}, "name": "\u9999\u6e2f\u8857@woodlands Block 306A", "allowMenuUrlEdit": true, "beenHere": {"lastCheckinExpiredAt": 0, "count": 0, "marked": false}, "stats": {"checkinsCount": 221, "usersCount": 72, "tipCount": 1}, "id": "4d2d322cad25224b7bc5fd8f", "categories": [{"pluralName": "Asian Restaurants", "id": "4bf58dd8d48988d142941735", "primary": true, "icon": {"prefix": "https://ss3.4sqi.net/img/categories_v2/food/asian_", "suffix": ".png"}, "name": "Asian Restaurant", "shortName": "Asian"}], "location": {"formattedAddress": ["Singapore"], "lat": 1.4295498427959465, "lng": 103.77545296170392, "distance": 364, "country": "Singapore", "cc": "SG", "labeledLatLngs": [{"lng": 103.77545296170392, "label": "display", "lat": 1.4295498427959465}]}, "verified": false, "price": {"tier": 2, "currency": "$", "message": "Moderate"}}, "referralId": "e-3-4d2d322cad25224b7bc5fd8f-20", "tips": [{"id": "4efd7ff0e300fdc046a4201a", "text": "Fish soup is nice. But nasty helper at the stall. Esp the short hair aunty, attitude problem.", "disagreeCount": 0, "createdAt": 1325236208, "logView": true, "todo": {"count": 0}, "agreeCount": 0, "canonicalUrl": "https://foursquare.com/item/4efd7ff0e300fdc046a4201a", "type": "user", "user": {"gender": "female", "id": "11119176", "photo": {"prefix": "https://igx.4sqi.net/img/user/", "suffix": "/5OKGQ4SHMLM0LC1E.jpg"}, "firstName": "Elaine", "lastName": "L."}}]}, {"reasons": {"items": [{"reasonName": "globalInteractionReason", "summary": "This spot is popular", "type": "general"}], "count": 0}, "venue": {"hereNow": {"groups": [], "summary": "Nobody here", "count": 0}, "contact": {}, "photos": {"groups": [], "count": 0}, "name": "pizza time", "allowMenuUrlEdit": true, "beenHere": {"lastCheckinExpiredAt": 0, "count": 0, "marked": false}, "stats": {"checkinsCount": 52, "usersCount": 21, "tipCount": 0}, "id": "4ceb9e00baa6a1cdb6313f6c", "categories": [{"pluralName": "Pizza Places", "id": "4bf58dd8d48988d1ca941735", "primary": true, "icon": {"prefix": "https://ss3.4sqi.net/img/categories_v2/food/pizza_", "suffix": ".png"}, "name": "Pizza Place", "shortName": "Pizza"}], "location": {"formattedAddress": ["woodlands", "Singapore"], "lat": 1.432571425, "lng": 103.77793311666666, "country": "Singapore", "distance": 429, "city": "Singapore", "cc": "SG", "address": "woodlands", "labeledLatLngs": [{"lng": 103.77793311666666, "label": "display", "lat": 1.432571425}]}, "verified": false, "price": {"tier": 1, "currency": "$", "message": "Cheap"}}, "referralId": "e-3-4ceb9e00baa6a1cdb6313f6c-21"}, {"reasons": {"items": [{"reasonName": "globalInteractionReason", "summary": "This spot is popular", "type": "general"}], "count": 0}, "venue": {"hereNow": {"groups": [], "summary": "Nobody here", "count": 0}, "contact": {}, "photos": {"groups": [], "count": 0}, "name": "Rite Pizza", "allowMenuUrlEdit": true, "beenHere": {"lastCheckinExpiredAt": 0, "count": 0, "marked": false}, "stats": {"checkinsCount": 63, "usersCount": 24, "tipCount": 0}, "id": "4cd52f4a2944b1f7fb705bec", "categories": [{"pluralName": "Pizza Places", "id": "4bf58dd8d48988d1ca941735", "primary": true, "icon": {"prefix": "https://ss3.4sqi.net/img/categories_v2/food/pizza_", "suffix": ".png"}, "name": "Pizza Place", "shortName": "Pizza"}], "location": {"formattedAddress": ["Singapore"], "lat": 1.4295081210651897, "lng": 103.77665257830552, "distance": 441, "country": "Singapore", "cc": "SG", "labeledLatLngs": [{"lng": 103.77665257830552, "label": "display", "lat": 1.4295081210651897}]}, "verified": false, "price": {"tier": 1, "currency": "$", "message": "Cheap"}}, "referralId": "e-3-4cd52f4a2944b1f7fb705bec-22"}, {"reasons": {"items": [{"reasonName": "globalInteractionReason", "summary": "This spot is popular", "type": "general"}], "count": 0}, "venue": {"hereNow": {"groups": [], "summary": "Nobody here", "count": 0}, "contact": {}, "photos": {"groups": [], "count": 0}, "name": "King's Ice Cream Food Truck At Woodlands St 41", "allowMenuUrlEdit": true, "beenHere": {"lastCheckinExpiredAt": 0, "count": 0, "marked": false}, "stats": {"checkinsCount": 83, "usersCount": 15, "tipCount": 0}, "id": "4d985a78daec224b3a9d463e", "categories": [{"pluralName": "Food Trucks", "id": "4bf58dd8d48988d1cb941735", "primary": true, "icon": {"prefix": "https://ss3.4sqi.net/img/categories_v2/food/streetfood_", "suffix": ".png"}, "name": "Food Truck", "shortName": "Food Truck"}], "location": {"formattedAddress": ["Woodlands st 41", "Singapore"], "lat": 1.4272127579799725, "lng": 103.77509647392651, "country": "Singapore", "distance": 601, "city": "Singapore", "cc": "SG", "address": "Woodlands st 41", "labeledLatLngs": [{"lng": 103.77509647392651, "label": "display", "lat": 1.4272127579799725}]}, "verified": false, "price": {"tier": 1, "currency": "$", "message": "Cheap"}}, "referralId": "e-3-4d985a78daec224b3a9d463e-23"}, {"reasons": {"items": [{"reasonName": "globalInteractionReason", "summary": "This spot is popular", "type": "general"}], "count": 0}, "venue": {"hereNow": {"groups": [], "summary": "Nobody here", "count": 0}, "contact": {}, "photos": {"groups": [], "count": 0}, "name": "Rite Pizza", "allowMenuUrlEdit": true, "beenHere": {"lastCheckinExpiredAt": 0, "count": 0, "marked": false}, "stats": {"checkinsCount": 293, "usersCount": 58, "tipCount": 0}, "id": "4c94a3a338dd8cfaeba7ca62", "categories": [{"pluralName": "Pizza Places", "id": "4bf58dd8d48988d1ca941735", "primary": true, "icon": {"prefix": "https://ss3.4sqi.net/img/categories_v2/food/pizza_", "suffix": ".png"}, "name": "Pizza Place", "shortName": "Pizza"}], "location": {"formattedAddress": ["325 Woodlands st 32", "Singapore"], "lat": 1.431264, "lng": 103.779364, "country": "Singapore", "distance": 605, "city": "Singapore", "cc": "SG", "address": "325 Woodlands st 32", "labeledLatLngs": [{"lng": 103.779364, "label": "display", "lat": 1.431264}]}, "verified": false, "price": {"tier": 1, "currency": "$", "message": "Cheap"}}, "referralId": "e-3-4c94a3a338dd8cfaeba7ca62-24"}, {"reasons": {"items": [{"reasonName": "globalInteractionReason", "summary": "This spot is popular", "type": "general"}], "count": 0}, "venue": {"hereNow": {"groups": [], "summary": "Nobody here", "count": 0}, "contact": {}, "photos": {"groups": [], "count": 0}, "name": "Sedap Rasa Indon-Thani Seafood Restaurant", "allowMenuUrlEdit": true, "beenHere": {"lastCheckinExpiredAt": 0, "count": 0, "marked": false}, "stats": {"checkinsCount": 78, "usersCount": 53, "tipCount": 0}, "id": "4cbb0b3b0180721e39479d61", "categories": [{"pluralName": "Asian Restaurants", "id": "4bf58dd8d48988d142941735", "primary": true, "icon": {"prefix": "https://ss3.4sqi.net/img/categories_v2/food/asian_", "suffix": ".png"}, "name": "Asian Restaurant", "shortName": "Asian"}], "location": {"formattedAddress": ["Singapore"], "lat": 1.4373440771510337, "lng": 103.77152033136251, "distance": 607, "country": "Singapore", "cc": "SG", "labeledLatLngs": [{"lng": 103.77152033136251, "label": "display", "lat": 1.4373440771510337}]}, "verified": false, "price": {"tier": 2, "currency": "$", "message": "Moderate"}}, "referralId": "e-3-4cbb0b3b0180721e39479d61-25"}, {"reasons": {"items": [{"reasonName": "globalInteractionReason", "summary": "This spot is popular", "type": "general"}], "count": 0}, "venue": {"hereNow": {"groups": [], "summary": "Nobody here", "count": 0}, "contact": {}, "photos": {"groups": [], "count": 0}, "name": "Pizza Place", "allowMenuUrlEdit": true, "beenHere": {"lastCheckinExpiredAt": 0, "count": 0, "marked": false}, "stats": {"checkinsCount": 67, "usersCount": 31, "tipCount": 0}, "id": "4c122abfb2510f47fd18c498", "categories": [{"pluralName": "Pizza Places", "id": "4bf58dd8d48988d1ca941735", "primary": true, "icon": {"prefix": "https://ss3.4sqi.net/img/categories_v2/food/pizza_", "suffix": ".png"}, "name": "Pizza Place", "shortName": "Pizza"}], "location": {"formattedAddress": ["Singapore"], "lat": 1.431499, "lng": 103.768606, "distance": 618, "country": "Singapore", "cc": "SG", "labeledLatLngs": [{"lng": 103.768606, "label": "display", "lat": 1.431499}]}, "verified": false, "price": {"tier": 1, "currency": "$", "message": "Cheap"}}, "referralId": "e-3-4c122abfb2510f47fd18c498-26"}, {"reasons": {"items": [{"reasonName": "globalInteractionReason", "summary": "This spot is popular", "type": "general"}], "count": 0}, "venue": {"hereNow": {"groups": [], "summary": "Nobody here", "count": 0}, "contact": {}, "photos": {"groups": [], "count": 0}, "name": "Subway Sandwiches @ SAS", "allowMenuUrlEdit": true, "beenHere": {"lastCheckinExpiredAt": 0, "count": 0, "marked": false}, "stats": {"checkinsCount": 63, "usersCount": 20, "tipCount": 0}, "id": "4db4edb2f7b121c29f556bd0", "categories": [{"pluralName": "Sandwich Places", "id": "4bf58dd8d48988d1c5941735", "primary": true, "icon": {"prefix": "https://ss3.4sqi.net/img/categories_v2/food/deli_", "suffix": ".png"}, "name": "Sandwich Place", "shortName": "Sandwiches"}], "location": {"formattedAddress": ["40 Woodland Street 41", "Singapore"], "lat": 1.4269766351104414, "lng": 103.77525491282205, "country": "Singapore", "distance": 630, "city": "Singapore", "cc": "SG", "address": "40 Woodland Street 41", "labeledLatLngs": [{"lng": 103.77525491282205, "label": "display", "lat": 1.4269766351104414}]}, "verified": false, "price": {"tier": 1, "currency": "$", "message": "Cheap"}}, "referralId": "e-3-4db4edb2f7b121c29f556bd0-27"}, {"reasons": {"items": [{"reasonName": "globalInteractionReason", "summary": "This spot is popular", "type": "general"}], "count": 0}, "venue": {"contact": {}, "photos": {"groups": [], "count": 0}, "rating": 4.9, "name": "Chang Cheng Mee Wah", "ratingSignals": 27, "allowMenuUrlEdit": true, "categories": [{"pluralName": "Food Courts", "id": "4bf58dd8d48988d120951735", "primary": true, "icon": {"prefix": "https://ss3.4sqi.net/img/categories_v2/shops/food_foodcourt_", "suffix": ".png"}, "name": "Food Court", "shortName": "Food Court"}], "stats": {"checkinsCount": 3671, "usersCount": 794, "tipCount": 21}, "id": "4bd110d741b9ef3b617afbe5", "beenHere": {"lastCheckinExpiredAt": 0, "count": 0, "marked": false}, "ratingColor": "FF6701", "location": {"formattedAddress": ["Blk 166 Woodlands St.11", "730166", "Singapore"], "postalCode": "730166", "lat": 1.4333186208600108, "lng": 103.77567364508715, "state": "Singapore", "country": "Singapore", "distance": 199, "city": "Woodlands New Town", "cc": "SG", "address": "Blk 166 Woodlands St.11", "labeledLatLngs": [{"lng": 103.77567364508715, "label": "display", "lat": 1.4333186208600108}]}, "hours": {"isLocalHoliday": false, "isOpen": true, "status": "Likely open"}, "verified": false, "hereNow": {"groups": [], "summary": "Nobody here", "count": 0}}, "referralId": "e-3-4bd110d741b9ef3b617afbe5-28", "tips": [{"id": "4cc3aff8c844721e86fee401", "text": "their chicken rice is one of e best I came across. soft, smooth n tender chicken slices wif e right amt of sauce n cucumber slices \ue056", "disagreeCount": 0, "logView": true, "createdAt": 1287892984, "likes": {"groups": [], "summary": "3 likes", "count": 3}, "todo": {"count": 3}, "agreeCount": 3, "canonicalUrl": "https://foursquare.com/item/4cc3aff8c844721e86fee401", "type": "user", "user": {"gender": "female", "id": "2665424", "photo": {"prefix": "https://igx.4sqi.net/img/user/", "suffix": "/2665424-GCEK00JIAINGA1B5.jpg"}, "firstName": "Clarina", "lastName": "Seetho"}}]}, {"reasons": {"items": [{"reasonName": "globalInteractionReason", "summary": "This spot is popular", "type": "general"}], "count": 0}, "venue": {"hereNow": {"groups": [], "summary": "Nobody here", "count": 0}, "contact": {}, "photos": {"groups": [], "count": 0}, "name": "Xiu's Bakery", "allowMenuUrlEdit": true, "beenHere": {"lastCheckinExpiredAt": 0, "count": 0, "marked": false}, "stats": {"checkinsCount": 86, "usersCount": 13, "tipCount": 0}, "id": "4f2149c8e4b053b178ae0d31", "categories": [{"pluralName": "Delis / Bodegas", "id": "4bf58dd8d48988d146941735", "primary": true, "icon": {"prefix": "https://ss3.4sqi.net/img/categories_v2/food/deli_", "suffix": ".png"}, "name": "Deli / Bodega", "shortName": "Deli / Bodega"}], "location": {"formattedAddress": ["Blk 325 Woodlands Street 32 #01-135", "Singapore"], "lat": 1.4307199958116084, "lng": 103.77987235686957, "distance": 675, "country": "Singapore", "cc": "SG", "address": "Blk 325 Woodlands Street 32 #01-135", "labeledLatLngs": [{"lng": 103.77987235686957, "label": "display", "lat": 1.4307199958116084}]}, "verified": false, "price": {"tier": 1, "currency": "$", "message": "Cheap"}}, "referralId": "e-3-4f2149c8e4b053b178ae0d31-29"}, {"reasons": {"items": [{"reasonName": "globalInteractionReason", "summary": "This spot is popular", "type": "general"}], "count": 0}, "venue": {"hereNow": {"groups": [], "summary": "Nobody here", "count": 0}, "contact": {}, "photos": {"groups": [], "count": 0}, "name": "Gf Fab 2 \u9910\u5385", "allowMenuUrlEdit": true, "beenHere": {"lastCheckinExpiredAt": 0, "count": 0, "marked": false}, "stats": {"checkinsCount": 185, "usersCount": 36, "tipCount": 0}, "id": "4d395e67687ca35d7ea57ec4", "categories": [{"pluralName": "Caf\u00e9s", "id": "4bf58dd8d48988d16d941735", "primary": true, "icon": {"prefix": "https://ss3.4sqi.net/img/categories_v2/food/cafe_", "suffix": ".png"}, "name": "Caf\u00e9", "shortName": "Caf\u00e9"}], "location": {"formattedAddress": ["60 woodland ind pk D lvl 3", "Singapore"], "lat": 1.4349556941019121, "lng": 103.76761610711073, "distance": 768, "country": "Singapore", "cc": "SG", "address": "60 woodland ind pk D lvl 3", "labeledLatLngs": [{"lng": 103.76761610711073, "label": "display", "lat": 1.4349556941019121}]}, "verified": false, "price": {"tier": 1, "currency": "$", "message": "Cheap"}}, "referralId": "e-3-4d395e67687ca35d7ea57ec4-30"}, {"reasons": {"items": [{"reasonName": "globalInteractionReason", "summary": "This spot is popular", "type": "general"}], "count": 0}, "venue": {"hereNow": {"groups": [], "summary": "Nobody here", "count": 0}, "contact": {}, "photos": {"groups": [], "count": 0}, "name": "Canteen @ TECH", "allowMenuUrlEdit": true, "beenHere": {"lastCheckinExpiredAt": 0, "count": 0, "marked": false}, "stats": {"checkinsCount": 36, "usersCount": 13, "tipCount": 0}, "id": "4ca092ed8afca093989a1316", "categories": [{"pluralName": "Chinese Restaurants", "id": "4bf58dd8d48988d145941735", "primary": true, "icon": {"prefix": "https://ss3.4sqi.net/img/categories_v2/food/asian_", "suffix": ".png"}, "name": "Chinese Restaurant", "shortName": "Chinese"}], "location": {"formattedAddress": ["Woodlands Avenue 3", "Singapore"], "lat": 1.4312589168548169, "lng": 103.767001, "country": "Singapore", "distance": 799, "city": "Singapore", "cc": "SG", "address": "Woodlands Avenue 3", "labeledLatLngs": [{"lng": 103.767001, "label": "display", "lat": 1.4312589168548169}]}, "verified": false, "price": {"tier": 1, "currency": "$", "message": "Cheap"}}, "referralId": "e-3-4ca092ed8afca093989a1316-31"}], "name": "recommended", "type": "Recommended Places"}], "query": "food", "headerLocation": "Woodlands"}}