{"meta": {"code": 200, "requestId": "595a39c49fb6b77be282d481"}, "response": {"suggestedFilters": {"filters": [{"name": "Open now", "key": "openNow"}], "header": "Tap to show:"}, "totalResults": 72, "headerFullLocation": "Woodlands, Singapore", "headerLocationGranularity": "neighborhood", "suggestedBounds": {"ne": {"lng": 103.79367395933635, "lat": 1.444075135410757}, "sw": {"lng": 103.77929631047967, "lat": 1.4296751210107428}}, "groups": [{"items": [{"reasons": {"items": [{"reasonName": "globalInteractionReason", "summary": "This spot is popular", "type": "general"}], "count": 0}, "venue": {"hereNow": {"groups": [], "summary": "Nobody here", "count": 0}, "contact": {}, "photos": {"groups": [], "count": 0}, "name": "The Icing Room", "allowMenuUrlEdit": true, "beenHere": {"lastCheckinExpiredAt": 0, "count": 0, "marked": false}, "stats": {"checkinsCount": 83, "usersCount": 68, "tipCount": 0}, "id": "4eafc0d7dab4cef363172025", "categories": [{"pluralName": "Bakeries", "id": "4bf58dd8d48988d16a941735", "primary": true, "icon": {"prefix": "https://ss3.4sqi.net/img/categories_v2/food/bakery_", "suffix": ".png"}, "name": "Bakery", "shortName": "Bakery"}], "location": {"formattedAddress": ["Causeway Point", "Singapore"], "lat": 1.4361764115074487, "lng": 103.78606314924967, "distance": 90, "country": "Singapore", "cc": "SG", "address": "Causeway Point", "labeledLatLngs": [{"lng": 103.78606314924967, "label": "display", "lat": 1.4361764115074487}]}, "verified": false, "price": {"tier": 1, "currency": "$", "message": "Cheap"}}, "referralId": "e-3-4eafc0d7dab4cef363172025-50"}, {"reasons": {"items": [{"reasonName": "globalInteractionReason", "summary": "This spot is popular", "type": "general"}], "count": 0}, "venue": {"hereNow": {"groups": [], "summary": "Nobody here", "count": 0}, "contact": {"facebook": "372815599457507", "facebookUsername": "snackzitSG", "facebookName": "SnackzIt \u53ef\u53e3\u5473"}, "photos": {"groups": [], "count": 0}, "name": "Snackz It! @ Causeway Point", "allowMenuUrlEdit": true, "beenHere": {"lastCheckinExpiredAt": 0, "count": 0, "marked": false}, "stats": {"checkinsCount": 36, "usersCount": 20, "tipCount": 0}, "id": "4e1c144f22716126413a7d1a", "categories": [{"pluralName": "Snack Places", "id": "4bf58dd8d48988d1c7941735", "primary": true, "icon": {"prefix": "https://ss3.4sqi.net/img/categories_v2/food/snacks_", "suffix": ".png"}, "name": "Snack Place", "shortName": "Snacks"}], "url": "http://www.snackzit.com", "location": {"lng": 103.78551422837306, "formattedAddress": ["#B1-K09 Causeway Point (1 Woodlands Sq.)", "738099", "Singapore"], "postalCode": "738099", "lat": 1.4367442626891815, "crossStreet": "1 Woodlands Sq.", "country": "Singapore", "distance": 109, "city": "Singapore", "cc": "SG", "address": "#B1-K09 Causeway Point", "labeledLatLngs": [{"lng": 103.78551422837306, "label": "display", "lat": 1.4367442626891815}]}, "verified": false, "price": {"tier": 1, "currency": "$", "message": "Cheap"}}, "referralId": "e-3-4e1c144f22716126413a7d1a-51"}, {"reasons": {"items": [{"reasonName": "globalInteractionReason", "summary": "This spot is popular", "type": "general"}], "count": 0}, "venue": {"hereNow": {"groups": [], "summary": "Nobody here", "count": 0}, "contact": {}, "photos": {"groups": [], "count": 0}, "rating": 5.5, "name": "Hot Tomato Cafe & Grill", "ratingSignals": 59, "allowMenuUrlEdit": true, "categories": [{"pluralName": "American Restaurants", "id": "4bf58dd8d48988d14e941735", "primary": true, "icon": {"prefix": "https://ss3.4sqi.net/img/categories_v2/food/default_", "suffix": ".png"}, "name": "American Restaurant", "shortName": "American"}], "stats": {"checkinsCount": 3317, "usersCount": 2187, "tipCount": 39}, "id": "4e38df2a1f6ecc2de15d6ca0", "beenHere": {"lastCheckinExpiredAt": 0, "count": 0, "marked": false}, "url": "http://www.hottomato.com.sg", "ratingColor": "FF9600", "location": {"lng": 103.78606314924967, "formattedAddress": ["#02-11, Causeway Point (1 Woodlands Square)", "738099", "Singapore"], "postalCode": "738099", "lat": 1.4359291075648004, "crossStreet": "1 Woodlands Square", "country": "Singapore", "distance": 115, "city": "Singapore", "cc": "SG", "address": "#02-11, Causeway Point", "labeledLatLngs": [{"lng": 103.78606314924967, "label": "display", "lat": 1.4359291075648004}]}, "hours": {"isLocalHoliday": false, "isOpen": true, "status": "Likely open"}, "verified": false, "price": {"tier": 2, "currency": "$", "message": "Moderate"}}, "referralId": "e-3-4e38df2a1f6ecc2de15d6ca0-52", "tips": [{"id": "4e5b75ecb99373257a037c54", "text": "Their mushroom soup cmi", "disagreeCount": 0, "logView": true, "createdAt": 1314616812, "likes": {"groups": [], "summary": "4 likes", "count": 4}, "todo": {"count": 0}, "agreeCount": 0, "canonicalUrl": "https://foursquare.com/item/4e5b75ecb99373257a037c54", "type": "user", "user": {"gender": "male", "id": "4706660", "photo": {"prefix": "https://igx.4sqi.net/img/user/", "suffix": "/4D2SP5YSJO14KHOX.jpg"}, "firstName": "Jeremy", "lastName": "IsAlwaysWaiting"}}]}, {"reasons": {"items": [{"reasonName": "globalInteractionReason", "summary": "This spot is popular", "type": "general"}], "count": 0}, "venue": {"hereNow": {"groups": [], "summary": "Nobody here", "count": 0}, "contact": {}, "photos": {"groups": [], "count": 0}, "name": "Ice Cream Truck", "allowMenuUrlEdit": true, "beenHere": {"lastCheckinExpiredAt": 0, "count": 0, "marked": false}, "stats": {"checkinsCount": 32, "usersCount": 25, "tipCount": 0}, "id": "4d148502b15cb1f7fa11a121", "categories": [{"pluralName": "Food Trucks", "id": "4bf58dd8d48988d1cb941735", "primary": true, "icon": {"prefix": "https://ss3.4sqi.net/img/categories_v2/food/streetfood_", "suffix": ".png"}, "name": "Food Truck", "shortName": "Food Truck"}], "location": {"formattedAddress": ["569a champion way", "Singapore"], "lat": 1.4344727315431116, "lng": 103.7883097868669, "distance": 335, "country": "Singapore", "cc": "SG", "address": "569a champion way", "labeledLatLngs": [{"lng": 103.7883097868669, "label": "display", "lat": 1.4344727315431116}]}, "verified": false, "price": {"tier": 1, "currency": "$", "message": "Cheap"}}, "referralId": "e-3-4d148502b15cb1f7fa11a121-53"}, {"reasons": {"items": [{"reasonName": "globalInteractionReason", "summary": "This spot is popular", "type": "general"}], "count": 0}, "venue": {"hereNow": {"groups": [], "summary": "Nobody here", "count": 0}, "contact": {}, "photos": {"groups": [], "count": 0}, "name": "Causeway Kfc", "allowMenuUrlEdit": true, "beenHere": {"lastCheckinExpiredAt": 0, "count": 0, "marked": false}, "stats": {"checkinsCount": 60, "usersCount": 55, "tipCount": 0}, "id": "4f8f9cd6e4b0f6229a2e8005", "categories": [{"pluralName": "Fast Food Restaurants", "id": "4bf58dd8d48988d16e941735", "primary": true, "icon": {"prefix": "https://ss3.4sqi.net/img/categories_v2/food/fastfood_", "suffix": ".png"}, "name": "Fast Food Restaurant", "shortName": "Fast Food"}], "location": {"formattedAddress": ["Singapore"], "lat": 1.4353485495351068, "lng": 103.78910206095509, "country": "Singapore", "distance": 337, "city": "Singapore", "cc": "SG", "labeledLatLngs": [{"lng": 103.78910206095509, "label": "display", "lat": 1.4353485495351068}]}, "verified": false, "price": {"tier": 1, "currency": "$", "message": "Cheap"}}, "referralId": "e-3-4f8f9cd6e4b0f6229a2e8005-54"}, {"reasons": {"items": [{"reasonName": "globalInteractionReason", "summary": "This spot is popular", "type": "general"}], "count": 0}, "venue": {"hereNow": {"groups": [], "summary": "Nobody here", "count": 0}, "contact": {}, "photos": {"groups": [], "count": 0}, "name": "824 Wlds St 81", "allowMenuUrlEdit": true, "beenHere": {"lastCheckinExpiredAt": 0, "count": 0, "marked": false}, "stats": {"checkinsCount": 31, "usersCount": 16, "tipCount": 0}, "id": "4cc0183600d837042206485c", "categories": [{"pluralName": "Diners", "id": "4bf58dd8d48988d147941735", "primary": true, "icon": {"prefix": "https://ss3.4sqi.net/img/categories_v2/food/diner_", "suffix": ".png"}, "name": "Diner", "shortName": "Diner"}], "location": {"formattedAddress": ["Woodlands Avenue 2", "Singapore"], "lat": 1.4389893713740494, "lng": 103.78896058309775, "country": "Singapore", "distance": 362, "city": "Singapore", "cc": "SG", "address": "Woodlands Avenue 2", "labeledLatLngs": [{"lng": 103.78896058309775, "label": "display", "lat": 1.4389893713740494}]}, "verified": false, "price": {"tier": 1, "currency": "$", "message": "Cheap"}}, "referralId": "e-3-4cc0183600d837042206485c-55"}, {"reasons": {"items": [{"reasonName": "globalInteractionReason", "summary": "This spot is popular", "type": "general"}], "count": 0}, "venue": {"id": "4bd4181b462cb71377badf07", "hereNow": {"groups": [], "summary": "Nobody here", "count": 0}, "contact": {}, "beenHere": {"lastCheckinExpiredAt": 0, "count": 0, "marked": false}, "photos": {"groups": [], "count": 0}, "name": "5F Foodcourt, Causeway point", "location": {"formattedAddress": ["Singapore"], "lat": 1.4342935458702333, "lng": 103.78379957241262, "state": "Singapore", "country": "Singapore", "distance": 414, "city": "Woodlands New Town", "cc": "SG", "labeledLatLngs": [{"lng": 103.78379957241262, "label": "display", "lat": 1.4342935458702333}]}, "allowMenuUrlEdit": true, "verified": false, "categories": [{"pluralName": "Food Courts", "id": "4bf58dd8d48988d120951735", "primary": true, "icon": {"prefix": "https://ss3.4sqi.net/img/categories_v2/shops/food_foodcourt_", "suffix": ".png"}, "name": "Food Court", "shortName": "Food Court"}], "stats": {"checkinsCount": 83, "usersCount": 54, "tipCount": 1}}, "referralId": "e-3-4bd4181b462cb71377badf07-56", "tips": [{"id": "4f63f17fe4b08b476ef14b6a", "text": "Close forever....", "disagreeCount": 0, "createdAt": 1331949951, "logView": true, "todo": {"count": 0}, "agreeCount": 0, "canonicalUrl": "https://foursquare.com/item/4f63f17fe4b08b476ef14b6a", "type": "user", "user": {"id": "3856597", "photo": {"prefix": "https://igx.4sqi.net/img/user/", "suffix": "/D4NN1FWHPD5NIWLQ.jpg"}, "firstName": "Lee", "gender": "none"}}]}, {"reasons": {"items": [{"reasonName": "globalInteractionReason", "summary": "This spot is popular", "type": "general"}], "count": 0}, "venue": {"hereNow": {"groups": [], "summary": "Nobody here", "count": 0}, "contact": {}, "photos": {"groups": [], "count": 0}, "name": "8 Tarts N Pastries", "allowMenuUrlEdit": true, "beenHere": {"lastCheckinExpiredAt": 0, "count": 0, "marked": false}, "stats": {"checkinsCount": 85, "usersCount": 18, "tipCount": 0}, "id": "4eba3df8dab495868c3ff8b7", "categories": [{"pluralName": "Bakeries", "id": "4bf58dd8d48988d16a941735", "primary": true, "icon": {"prefix": "https://ss3.4sqi.net/img/categories_v2/food/bakery_", "suffix": ".png"}, "name": "Bakery", "shortName": "Bakery"}], "location": {"formattedAddress": ["Causeway Point B1", "Singapore"], "lat": 1.4405554227545534, "lng": 103.78592733356682, "country": "Singapore", "distance": 414, "city": "Singapore", "cc": "SG", "address": "Causeway Point B1", "labeledLatLngs": [{"lng": 103.78592733356682, "label": "display", "lat": 1.4405554227545534}]}, "verified": false, "price": {"tier": 1, "currency": "$", "message": "Cheap"}}, "referralId": "e-3-4eba3df8dab495868c3ff8b7-57"}, {"reasons": {"items": [{"reasonName": "globalInteractionReason", "summary": "This spot is popular", "type": "general"}], "count": 0}, "venue": {"hereNow": {"groups": [], "summary": "Nobody here", "count": 0}, "contact": {}, "photos": {"groups": [], "count": 0}, "name": "Rice and Beans", "allowMenuUrlEdit": true, "beenHere": {"lastCheckinExpiredAt": 0, "count": 0, "marked": false}, "stats": {"checkinsCount": 137, "usersCount": 11, "tipCount": 0}, "id": "507f602de4b09f0e2ab67228", "categories": [{"pluralName": "Mexican Restaurants", "id": "4bf58dd8d48988d1c1941735", "primary": true, "icon": {"prefix": "https://ss3.4sqi.net/img/categories_v2/food/mexican_", "suffix": ".png"}, "name": "Mexican Restaurant", "shortName": "Mexican"}], "location": {"formattedAddress": ["Singapore"], "lat": 1.4333535682845218, "lng": 103.78800419667763, "distance": 426, "country": "Singapore", "cc": "SG", "labeledLatLngs": [{"lng": 103.78800419667763, "label": "display", "lat": 1.4333535682845218}]}, "verified": false, "price": {"tier": 1, "currency": "$", "message": "Cheap"}}, "referralId": "e-3-507f602de4b09f0e2ab67228-58"}, {"reasons": {"items": [{"reasonName": "globalInteractionReason", "summary": "This spot is popular", "type": "general"}], "count": 0}, "venue": {"hereNow": {"groups": [], "summary": "Nobody here", "count": 0}, "contact": {}, "photos": {"groups": [], "count": 0}, "name": "Seafood People @ Woodlands St 13", "allowMenuUrlEdit": true, "beenHere": {"lastCheckinExpiredAt": 0, "count": 0, "marked": false}, "stats": {"checkinsCount": 63, "usersCount": 23, "tipCount": 0}, "id": "4cee61250acea35d6e4ee9ae", "categories": [{"pluralName": "Chinese Restaurants", "id": "4bf58dd8d48988d145941735", "primary": true, "icon": {"prefix": "https://ss3.4sqi.net/img/categories_v2/food/asian_", "suffix": ".png"}, "name": "Chinese Restaurant", "shortName": "Chinese"}], "location": {"formattedAddress": ["Blk 111, Woodlands St. 13", "Singapore"], "lat": 1.437488, "lng": 103.782371, "distance": 462, "country": "Singapore", "cc": "SG", "address": "Blk 111, Woodlands St. 13", "labeledLatLngs": [{"lng": 103.782371, "label": "display", "lat": 1.437488}]}, "verified": false, "price": {"tier": 1, "currency": "$", "message": "Cheap"}}, "referralId": "e-3-4cee61250acea35d6e4ee9ae-59"}, {"reasons": {"items": [{"reasonName": "globalInteractionReason", "summary": "This spot is popular", "type": "general"}], "count": 0}, "venue": {"hereNow": {"groups": [], "summary": "Nobody here", "count": 0}, "contact": {}, "photos": {"groups": [], "count": 0}, "name": "Ivan's Carbina @ 354 Woodz", "allowMenuUrlEdit": true, "beenHere": {"lastCheckinExpiredAt": 0, "count": 0, "marked": false}, "stats": {"checkinsCount": 123, "usersCount": 41, "tipCount": 3}, "id": "4c331260452620a17df1220f", "categories": [{"pluralName": "New American Restaurants", "id": "4bf58dd8d48988d157941735", "primary": true, "icon": {"prefix": "https://ss3.4sqi.net/img/categories_v2/food/newamerican_", "suffix": ".png"}, "name": "New American Restaurant", "shortName": "New American"}], "location": {"formattedAddress": ["blk 357 woodlands ave 5", "Singapore"], "lat": 1.4328094554944566, "lng": 103.78482949515715, "state": "730357", "country": "Singapore", "distance": 488, "city": "#10-392", "cc": "SG", "address": "blk 357 woodlands ave 5", "labeledLatLngs": [{"lng": 103.78482949515715, "label": "display", "lat": 1.4328094554944566}]}, "verified": false, "price": {"tier": 3, "currency": "$", "message": "Expensive"}}, "referralId": "e-3-4c331260452620a17df1220f-60", "tips": [{"id": "4c7a362793ef236a1905b20f", "text": "Cheap and good! Must try!", "disagreeCount": 0, "logView": true, "createdAt": 1283077671, "likes": {"groups": [], "summary": "2 likes", "count": 2}, "todo": {"count": 0}, "agreeCount": 0, "canonicalUrl": "https://foursquare.com/item/4c7a362793ef236a1905b20f", "type": "user", "user": {"gender": "none", "id": "3012817", "photo": {"prefix": "https://igx.4sqi.net/img/user/", "suffix": "/UOWIE4EB5AYUADUX.jpg"}, "firstName": "Bella", "lastName": "Queck"}}]}, {"reasons": {"items": [{"reasonName": "globalInteractionReason", "summary": "This spot is popular", "type": "general"}], "count": 0}, "venue": {"hereNow": {"groups": [], "summary": "Nobody here", "count": 0}, "contact": {}, "photos": {"groups": [], "count": 0}, "name": "Hong Kong Street @ 354 WooDz", "allowMenuUrlEdit": true, "beenHere": {"lastCheckinExpiredAt": 0, "count": 0, "marked": false}, "stats": {"checkinsCount": 86, "usersCount": 25, "tipCount": 1}, "id": "4c594d01b05c1b8d8656d5b1", "categories": [{"pluralName": "Asian Restaurants", "id": "4bf58dd8d48988d142941735", "primary": true, "icon": {"prefix": "https://ss3.4sqi.net/img/categories_v2/food/asian_", "suffix": ".png"}, "name": "Asian Restaurant", "shortName": "Asian"}], "location": {"formattedAddress": ["Singapore"], "lat": 1.432704, "lng": 103.784824, "distance": 499, "country": "Singapore", "cc": "SG", "labeledLatLngs": [{"lng": 103.784824, "label": "display", "lat": 1.432704}]}, "verified": false, "price": {"tier": 2, "currency": "$", "message": "Moderate"}}, "referralId": "e-3-4c594d01b05c1b8d8656d5b1-61", "tips": [{"id": "4cefa3afd7268cfa3f56d04e", "text": "Salted egg chicken used to be v nice. But today's a disappointment..", "disagreeCount": 0, "logView": true, "createdAt": 1290773423, "likes": {"groups": [], "summary": "2 likes", "count": 2}, "todo": {"count": 0}, "agreeCount": 0, "canonicalUrl": "https://foursquare.com/item/4cefa3afd7268cfa3f56d04e", "type": "user", "user": {"gender": "male", "id": "4797616", "photo": {"prefix": "https://igx.4sqi.net/img/user/", "suffix": "/Q1ABRZQXKW3UZULT.jpg"}, "firstName": "Leo", "lastName": "Cher"}}]}, {"reasons": {"items": [{"reasonName": "globalInteractionReason", "summary": "This spot is popular", "type": "general"}], "count": 0}, "venue": {"hereNow": {"groups": [], "summary": "Nobody here", "count": 0}, "contact": {}, "photos": {"groups": [], "count": 0}, "name": "111 Western Food", "allowMenuUrlEdit": true, "beenHere": {"lastCheckinExpiredAt": 0, "count": 0, "marked": false}, "stats": {"checkinsCount": 42, "usersCount": 16, "tipCount": 0}, "id": "4d46926e0349224b0af30e4f", "categories": [{"pluralName": "Pizza Places", "id": "4bf58dd8d48988d1ca941735", "primary": true, "icon": {"prefix": "https://ss3.4sqi.net/img/categories_v2/food/pizza_", "suffix": ".png"}, "name": "Pizza Place", "shortName": "Pizza"}], "location": {"formattedAddress": ["Singapore"], "lat": 1.437669274217799, "lng": 103.78203400888916, "distance": 503, "country": "Singapore", "cc": "SG", "labeledLatLngs": [{"lng": 103.78203400888916, "label": "display", "lat": 1.437669274217799}]}, "verified": false, "price": {"tier": 1, "currency": "$", "message": "Cheap"}}, "referralId": "e-3-4d46926e0349224b0af30e4f-62"}, {"reasons": {"items": [{"reasonName": "globalInteractionReason", "summary": "This spot is popular", "type": "general"}], "count": 0}, "venue": {"hereNow": {"groups": [], "summary": "Nobody here", "count": 0}, "contact": {}, "photos": {"groups": [], "count": 0}, "name": "Auntie Yin's Noodle @ Fair Inn Place", "allowMenuUrlEdit": true, "beenHere": {"lastCheckinExpiredAt": 0, "count": 0, "marked": false}, "stats": {"checkinsCount": 198, "usersCount": 14, "tipCount": 1}, "id": "4c883324ed0aa1439abfa7f3", "categories": [{"pluralName": "Asian Restaurants", "id": "4bf58dd8d48988d142941735", "primary": true, "icon": {"prefix": "https://ss3.4sqi.net/img/categories_v2/food/asian_", "suffix": ".png"}, "name": "Asian Restaurant", "shortName": "Asian"}], "location": {"formattedAddress": ["Singapore"], "lat": 1.441404, "lng": 103.786959, "distance": 506, "country": "Singapore", "cc": "SG", "labeledLatLngs": [{"lng": 103.786959, "label": "display", "lat": 1.441404}]}, "verified": false, "price": {"tier": 2, "currency": "$", "message": "Moderate"}}, "referralId": "e-3-4c883324ed0aa1439abfa7f3-63", "tips": [{"id": "4c88899c0074199c69561e70", "text": "Prawn noodle every Wed and Sat - delicious", "disagreeCount": 0, "createdAt": 1284016540, "logView": true, "todo": {"count": 0}, "agreeCount": 0, "canonicalUrl": "https://foursquare.com/item/4c88899c0074199c69561e70", "type": "user", "user": {"gender": "female", "id": "2181904", "photo": {"prefix": "https://igx.4sqi.net/img/user/", "suffix": "/JBX2MW3BKWXS5S4Y.jpg"}, "firstName": "Betty", "lastName": "Chu"}}]}, {"reasons": {"items": [{"reasonName": "globalInteractionReason", "summary": "This spot is popular", "type": "general"}], "count": 0}, "venue": {"hereNow": {"groups": [], "summary": "Nobody here", "count": 0}, "contact": {}, "photos": {"groups": [], "count": 0}, "name": "Coffeestall @ Fair Inn Place", "allowMenuUrlEdit": true, "beenHere": {"lastCheckinExpiredAt": 0, "count": 0, "marked": false}, "stats": {"checkinsCount": 252, "usersCount": 41, "tipCount": 0}, "id": "4c9e8d22542b224b6465f59f", "categories": [{"pluralName": "Asian Restaurants", "id": "4bf58dd8d48988d142941735", "primary": true, "icon": {"prefix": "https://ss3.4sqi.net/img/categories_v2/food/asian_", "suffix": ".png"}, "name": "Asian Restaurant", "shortName": "Asian"}], "location": {"formattedAddress": ["Singapore"], "lat": 1.441414, "lng": 103.78698, "distance": 508, "country": "Singapore", "cc": "SG", "labeledLatLngs": [{"lng": 103.78698, "label": "display", "lat": 1.441414}]}, "hours": {"isLocalHoliday": false, "isOpen": false}, "verified": false, "price": {"tier": 2, "currency": "$", "message": "Moderate"}}, "referralId": "e-3-4c9e8d22542b224b6465f59f-64"}, {"reasons": {"items": [{"reasonName": "globalInteractionReason", "summary": "This spot is popular", "type": "general"}], "count": 0}, "venue": {"hereNow": {"groups": [], "summary": "Nobody here", "count": 0}, "contact": {}, "photos": {"groups": [], "count": 0}, "name": "355 Coffeeshop", "allowMenuUrlEdit": true, "beenHere": {"lastCheckinExpiredAt": 0, "count": 0, "marked": false}, "stats": {"checkinsCount": 183, "usersCount": 12, "tipCount": 0}, "id": "4cd555072944b1f79d3e5cec", "categories": [{"pluralName": "Asian Restaurants", "id": "4bf58dd8d48988d142941735", "primary": true, "icon": {"prefix": "https://ss3.4sqi.net/img/categories_v2/food/asian_", "suffix": ".png"}, "name": "Asian Restaurant", "shortName": "Asian"}], "location": {"formattedAddress": ["358A Woodlands Avenue 5", "731358", "Singapore"], "postalCode": "731358", "lat": 1.433775, "lng": 103.782967, "distance": 521, "country": "Singapore", "cc": "SG", "address": "358A Woodlands Avenue 5", "labeledLatLngs": [{"lng": 103.782967, "label": "display", "lat": 1.433775}]}, "verified": false, "price": {"tier": 2, "currency": "$", "message": "Moderate"}}, "referralId": "e-3-4cd555072944b1f79d3e5cec-65"}, {"reasons": {"items": [{"reasonName": "globalInteractionReason", "summary": "This spot is popular", "type": "general"}], "count": 0}, "venue": {"id": "4c33c972452620a18534240f", "hereNow": {"groups": [], "summary": "Nobody here", "count": 0}, "contact": {}, "beenHere": {"lastCheckinExpiredAt": 0, "count": 0, "marked": false}, "photos": {"groups": [], "count": 0}, "name": "Fair Inn Food place", "location": {"formattedAddress": ["806 Woodlands street 81", "Singapore"], "lat": 1.441539, "lng": 103.786921, "country": "Singapore", "distance": 521, "city": "Singapore", "cc": "SG", "address": "806 Woodlands street 81", "labeledLatLngs": [{"lng": 103.786921, "label": "display", "lat": 1.441539}]}, "allowMenuUrlEdit": true, "verified": false, "categories": [{"pluralName": "Food Courts", "id": "4bf58dd8d48988d120951735", "primary": true, "icon": {"prefix": "https://ss3.4sqi.net/img/categories_v2/shops/food_foodcourt_", "suffix": ".png"}, "name": "Food Court", "shortName": "Food Court"}], "stats": {"checkinsCount": 171, "usersCount": 28, "tipCount": 0}}, "referralId": "e-3-4c33c972452620a18534240f-66"}, {"reasons": {"items": [{"reasonName": "globalInteractionReason", "summary": "This spot is popular", "type": "general"}], "count": 0}, "venue": {"id": "4bc70d308b7c9c74f6ad35cf", "hereNow": {"groups": [], "summary": "Nobody here", "count": 0}, "contact": {}, "beenHere": {"lastCheckinExpiredAt": 0, "count": 0, "marked": false}, "photos": {"groups": [], "count": 0}, "name": "KPT kopitiam @ Woodlands Drive 14", "location": {"formattedAddress": ["Singapore"], "lat": 1.43319, "lng": 103.789465, "distance": 527, "country": "Singapore", "cc": "SG", "labeledLatLngs": [{"lng": 103.789465, "label": "display", "lat": 1.43319}]}, "allowMenuUrlEdit": true, "verified": false, "categories": [{"pluralName": "Food Courts", "id": "4bf58dd8d48988d120951735", "primary": true, "icon": {"prefix": "https://ss3.4sqi.net/img/categories_v2/shops/food_foodcourt_", "suffix": ".png"}, "name": "Food Court", "shortName": "Food Court"}], "stats": {"checkinsCount": 273, "usersCount": 70, "tipCount": 2}}, "referralId": "e-3-4bc70d308b7c9c74f6ad35cf-67", "tips": [{"id": "4d3a56b31fc36dcba45f65f5", "text": "The salon next to the kpt has fuck up services..talk in a fierce n demanding manner. Lousy..boo boo", "disagreeCount": 0, "logView": true, "createdAt": 1295668915, "likes": {"groups": [], "summary": "1 like", "count": 1}, "todo": {"count": 0}, "agreeCount": 0, "canonicalUrl": "https://foursquare.com/item/4d3a56b31fc36dcba45f65f5", "type": "user", "user": {"gender": "female", "id": "1284416", "photo": {"prefix": "https://igx.4sqi.net/img/user/", "suffix": "/PAFLPUDWPX2HCPHF.jpg"}, "firstName": "Belle", "lastName": "Belle"}}]}, {"reasons": {"items": [{"reasonName": "globalInteractionReason", "summary": "This spot is popular", "type": "general"}], "count": 0}, "venue": {"hereNow": {"groups": [], "summary": "Nobody here", "count": 0}, "contact": {}, "photos": {"groups": [], "count": 0}, "name": "Cafe Esplanade @ RP", "allowMenuUrlEdit": true, "beenHere": {"lastCheckinExpiredAt": 0, "count": 0, "marked": false}, "stats": {"checkinsCount": 248, "usersCount": 77, "tipCount": 2}, "id": "4ccf7e647b6854817b1cbcf8", "categories": [{"pluralName": "Delis / Bodegas", "id": "4bf58dd8d48988d146941735", "primary": true, "icon": {"prefix": "https://ss3.4sqi.net/img/categories_v2/food/deli_", "suffix": ".png"}, "name": "Deli / Bodega", "shortName": "Deli / Bodega"}], "location": {"formattedAddress": ["738961", "Singapore"], "postalCode": "738961", "lat": 1.443225, "lng": 103.785698, "distance": 712, "country": "Singapore", "cc": "SG", "labeledLatLngs": [{"lng": 103.785698, "label": "display", "lat": 1.443225}]}, "verified": false, "price": {"tier": 1, "currency": "$", "message": "Cheap"}}, "referralId": "e-3-4ccf7e647b6854817b1cbcf8-68", "tips": [{"id": "4d54d0f99e508cfa9480f89a", "text": "Drumlets and samosa! The best!", "disagreeCount": 0, "logView": true, "createdAt": 1297404153, "likes": {"groups": [], "summary": "2 likes", "count": 2}, "todo": {"count": 0}, "agreeCount": 0, "canonicalUrl": "https://foursquare.com/item/4d54d0f99e508cfa9480f89a", "type": "user", "user": {"gender": "female", "id": "1258393", "photo": {"prefix": "https://igx.4sqi.net/img/user/", "suffix": "/GX1QZHMUX1DEGSJP.jpg"}, "firstName": "Sheena", "lastName": "Tan"}}]}, {"reasons": {"items": [{"reasonName": "globalInteractionReason", "summary": "This spot is popular", "type": "general"}], "count": 0}, "venue": {"id": "4cc1212a1da0a1cd0e5e98c6", "hereNow": {"groups": [], "summary": "Nobody here", "count": 0}, "contact": {}, "beenHere": {"lastCheckinExpiredAt": 0, "count": 0, "marked": false}, "photos": {"groups": [], "count": 0}, "name": "Industrial Food Centre", "location": {"formattedAddress": ["Singapore"], "lat": 1.44109, "lng": 103.781247, "distance": 748, "country": "Singapore", "cc": "SG", "labeledLatLngs": [{"lng": 103.781247, "label": "display", "lat": 1.44109}]}, "allowMenuUrlEdit": true, "verified": false, "categories": [{"pluralName": "Food Courts", "id": "4bf58dd8d48988d120951735", "primary": true, "icon": {"prefix": "https://ss3.4sqi.net/img/categories_v2/shops/food_foodcourt_", "suffix": ".png"}, "name": "Food Court", "shortName": "Food Court"}], "stats": {"checkinsCount": 41, "usersCount": 23, "tipCount": 0}}, "referralId": "e-3-4cc1212a1da0a1cd0e5e98c6-69", "tips": [{"id": "51aed556498e6bf34ac9616a", "text": "Lqlingggg kemana menghilnggg", "disagreeCount": 1, "createdAt": 1370412374, "logView": true, "todo": {"count": 0}, "agreeCount": 0, "canonicalUrl": "https://foursquare.com/item/51aed556498e6bf34ac9616a", "type": "user", "user": {"gender": "male", "id": "8507125", "photo": {"prefix": "https://igx.4sqi.net/img/user/", "suffix": "/8507125_lv5c0Ax9_Qpl1HdBhfcDUUxWYq5QGpUvL-snMpnp7f-Hf8Byh9W63ZzvtMlM0MmOhMX69eFiP.jpg"}, "firstName": "\ue50bAken", "lastName": "Arish\u2122"}}]}, {"reasons": {"items": [{"reasonName": "globalInteractionReason", "summary": "This spot is popular", "type": "general"}], "count": 0}, "venue": {"hereNow": {"groups": [], "summary": "Nobody here", "count": 0}, "contact": {}, "photos": {"groups": [], "count": 0}, "name": "Republic E1 Restuarant", "allowMenuUrlEdit": true, "beenHere": {"lastCheckinExpiredAt": 0, "count": 0, "marked": false}, "stats": {"checkinsCount": 111, "usersCount": 10, "tipCount": 0}, "id": "4cb534f255af224b9f1c917e", "categories": [{"pluralName": "French Restaurants", "id": "4bf58dd8d48988d10c941735", "primary": true, "icon": {"prefix": "https://ss3.4sqi.net/img/categories_v2/food/french_", "suffix": ".png"}, "name": "French Restaurant", "shortName": "French"}], "location": {"formattedAddress": ["Singapore"], "lat": 1.4438135919449644, "lng": 103.78598958240445, "distance": 774, "country": "Singapore", "cc": "SG", "labeledLatLngs": [{"lng": 103.78598958240445, "label": "display", "lat": 1.4438135919449644}]}, "verified": false, "price": {"tier": 3, "currency": "$", "message": "Expensive"}}, "referralId": "e-3-4cb534f255af224b9f1c917e-70"}, {"reasons": {"items": [{"reasonName": "globalInteractionReason", "summary": "This spot is popular", "type": "general"}], "count": 0}, "venue": {"hereNow": {"groups": [], "summary": "Nobody here", "count": 0}, "contact": {}, "photos": {"groups": [], "count": 0}, "name": "Oliva Restaurant", "allowMenuUrlEdit": true, "beenHere": {"lastCheckinExpiredAt": 0, "count": 0, "marked": false}, "stats": {"checkinsCount": 299, "usersCount": 117, "tipCount": 0}, "id": "4d2fd546789a8cfa9f3929c6", "categories": [{"pluralName": "Caf\u00e9s", "id": "4bf58dd8d48988d16d941735", "primary": true, "icon": {"prefix": "https://ss3.4sqi.net/img/categories_v2/food/cafe_", "suffix": ".png"}, "name": "Caf\u00e9", "shortName": "Caf\u00e9"}], "location": {"formattedAddress": ["E1L10", "Singapore"], "lat": 1.4437768548929282, "lng": 103.78518104553223, "state": "Woodlands", "country": "Singapore", "distance": 781, "city": "Woodlands New Town", "cc": "SG", "address": "E1L10", "labeledLatLngs": [{"lng": 103.78518104553223, "label": "display", "lat": 1.4437768548929282}]}, "hours": {"isLocalHoliday": false, "isOpen": false}, "verified": false, "price": {"tier": 1, "currency": "$", "message": "Cheap"}}, "referralId": "e-3-4d2fd546789a8cfa9f3929c6-71"}], "name": "recommended", "type": "Recommended Places"}], "query": "food", "headerLocation": "Woodlands"}}