{"meta": {"code": 200, "requestId": "595a39c2351e3d64aea58a9f"}, "response": {"suggestedFilters": {"filters": [{"name": "Open now", "key": "openNow"}], "header": "Tap to show:"}, "totalResults": 72, "headerFullLocation": "Woodlands, Singapore", "headerLocationGranularity": "neighborhood", "suggestedBounds": {"ne": {"lng": 103.79367395933635, "lat": 1.444075135410757}, "sw": {"lng": 103.77929631047967, "lat": 1.4296751210107428}}, "groups": [{"items": [{"reasons": {"items": [{"reasonName": "globalInteractionReason", "summary": "This spot is popular", "type": "general"}], "count": 0}, "venue": {"hereNow": {"groups": [], "summary": "Nobody here", "count": 0}, "contact": {"phone": "+6563651500", "formattedPhone": "+65 6365 1500"}, "photos": {"groups": [], "count": 0}, "rating": 7.4, "name": "Starbucks", "ratingSignals": 67, "allowMenuUrlEdit": true, "categories": [{"pluralName": "Caf\u00e9s", "id": "4bf58dd8d48988d16d941735", "primary": true, "icon": {"prefix": "https://ss3.4sqi.net/img/categories_v2/food/cafe_", "suffix": ".png"}, "name": "Caf\u00e9", "shortName": "Caf\u00e9"}], "stats": {"checkinsCount": 2992, "usersCount": 1282, "tipCount": 18}, "id": "518b1302498e992f4b06bff4", "beenHere": {"lastCheckinExpiredAt": 0, "count": 0, "marked": false}, "url": "http://www.starbucks.com.sg", "ratingColor": "C5DE35", "location": {"lng": 103.78668308258057, "formattedAddress": ["#01-7/8/15, Woodlands Xchange (30 Woodlands Avenue 2)", "738343", "Singapore"], "postalCode": "738343", "lat": 1.4368053147318645, "crossStreet": "30 Woodlands Avenue 2", "state": "Singapore", "distance": 23, "country": "Singapore", "cc": "SG", "address": "#01-7/8/15, Woodlands Xchange", "labeledLatLngs": [{"lng": 103.78668308258057, "label": "display", "lat": 1.4368053147318645}]}, "hours": {"isLocalHoliday": false, "isOpen": true, "status": "Open until 11:00 PM"}, "verified": false, "price": {"tier": 1, "currency": "$", "message": "Cheap"}}, "referralId": "e-3-518b1302498e992f4b06bff4-0", "tips": [{"id": "536c583e11d2b89770c80d9a", "text": "Now has wifi!!", "disagreeCount": 0, "logView": true, "createdAt": 1399609406, "likes": {"groups": [], "summary": "4 likes", "count": 4}, "todo": {"count": 0}, "agreeCount": 4, "canonicalUrl": "https://foursquare.com/item/536c583e11d2b89770c80d9a", "type": "user", "user": {"gender": "male", "id": "19045948", "photo": {"prefix": "https://igx.4sqi.net/img/user/", "suffix": "/19045948-CNYQT5TBYQRPVYWB.jpg"}, "firstName": "Haikel", "lastName": "Waddup"}}]}, {"reasons": {"items": [{"reasonName": "globalInteractionReason", "summary": "This spot is popular", "type": "general"}], "count": 0}, "venue": {"hereNow": {"groups": [], "summary": "Nobody here", "count": 0}, "contact": {"facebook": "212186170934", "facebookUsername": "SubwaySingapore", "facebookName": "Subway Singapore", "phone": "+6568911092", "formattedPhone": "+65 6891 1092"}, "photos": {"groups": [], "count": 0}, "rating": 7.2, "menu": {"mobileUrl": "http://www.subway.com/en-sg/menunutrition", "externalUrl": "http://www.subway.com/en-sg/menunutrition", "url": "http://www.subway.com/en-sg/menunutrition", "anchor": "View Menu", "label": "Menu", "type": "Menu"}, "name": "Subway", "ratingSignals": 6, "allowMenuUrlEdit": true, "categories": [{"pluralName": "Sandwich Places", "id": "4bf58dd8d48988d1c5941735", "primary": true, "icon": {"prefix": "https://ss3.4sqi.net/img/categories_v2/food/deli_", "suffix": ".png"}, "name": "Sandwich Place", "shortName": "Sandwiches"}], "stats": {"checkinsCount": 240, "usersCount": 135, "tipCount": 0}, "id": "54a11e0e498ecbbfdb9d8d22", "beenHere": {"lastCheckinExpiredAt": 0, "count": 0, "marked": false}, "url": "http://www.subway.com.sg", "ratingColor": "C5DE35", "location": {"lat": 1.4362379516337664, "distance": 91, "cc": "SG", "country": "Singapore", "crossStreet": "1 Woodlands Sq.", "formattedAddress": ["#B1-19, Causeway Point (1 Woodlands Sq.)", "738099", "Singapore"], "neighborhood": "woodlands", "city": "Woodlands New Town", "lng": 103.78596694646018, "state": "Woodlands", "labeledLatLngs": [{"lng": 103.78596694646018, "label": "display", "lat": 1.4362379516337664}], "address": "#B1-19, Causeway Point", "postalCode": "738099"}, "hours": {"isLocalHoliday": false, "isOpen": true, "status": "Open until 10:00 PM"}, "verified": false, "price": {"tier": 1, "currency": "$", "message": "Cheap"}}, "referralId": "e-3-54a11e0e498ecbbfdb9d8d22-1"}, {"reasons": {"items": [{"reasonName": "globalInteractionReason", "summary": "This spot is popular", "type": "general"}], "count": 0}, "venue": {"hereNow": {"groups": [], "summary": "Nobody here", "count": 0}, "contact": {}, "photos": {"groups": [], "count": 0}, "rating": 6.6, "name": "Mr Bean", "ratingSignals": 10, "allowMenuUrlEdit": true, "categories": [{"pluralName": "Snack Places", "id": "4bf58dd8d48988d1c7941735", "primary": true, "icon": {"prefix": "https://ss3.4sqi.net/img/categories_v2/food/snacks_", "suffix": ".png"}, "name": "Snack Place", "shortName": "Snacks"}], "stats": {"checkinsCount": 579, "usersCount": 246, "tipCount": 5}, "id": "4e4e36f2ae6051db8db9c254", "beenHere": {"lastCheckinExpiredAt": 0, "count": 0, "marked": false}, "ratingColor": "FFC800", "location": {"lng": 103.78654416422765, "formattedAddress": ["#01-K06, Causeway Point (1 Woodlands Square)", "738099", "Singapore"], "postalCode": "738099", "lat": 1.4365427000638264, "crossStreet": "1 Woodlands Square", "country": "Singapore", "distance": 37, "city": "Singapore", "cc": "SG", "address": "#01-K06, Causeway Point", "labeledLatLngs": [{"lng": 103.78654416422765, "label": "display", "lat": 1.4365427000638264}]}, "hours": {"isLocalHoliday": false, "isOpen": true, "status": "Likely open"}, "verified": false, "price": {"tier": 1, "currency": "$", "message": "Cheap"}}, "referralId": "e-3-4e4e36f2ae6051db8db9c254-2", "tips": [{"id": "508fb743e4b0aaac8b6888d5", "text": "Mouth-watering 3-in-1 rice ball with beancurd", "disagreeCount": 0, "logView": true, "createdAt": 1351595843, "likes": {"groups": [], "summary": "2 likes", "count": 2}, "todo": {"count": 0}, "agreeCount": 2, "canonicalUrl": "https://foursquare.com/item/508fb743e4b0aaac8b6888d5", "type": "user", "user": {"gender": "female", "id": "3782402", "photo": {"prefix": "https://igx.4sqi.net/img/user/", "suffix": "/P1JUIXUDOFWDQPPM.jpg"}, "firstName": "Ziyi", "lastName": "Yen"}}]}, {"reasons": {"items": [{"reasonName": "globalInteractionReason", "summary": "This spot is popular", "type": "general"}], "count": 0}, "venue": {"hereNow": {"groups": [], "summary": "Nobody here", "count": 0}, "contact": {"phone": "+6568911779", "formattedPhone": "+65 6891 1779"}, "photos": {"groups": [], "count": 0}, "rating": 6.5, "name": "Crystal Jade Kitchen \u7fe1\u7fe0\u5c0f\u53a8", "ratingSignals": 44, "allowMenuUrlEdit": true, "categories": [{"pluralName": "Chinese Restaurants", "id": "4bf58dd8d48988d145941735", "primary": true, "icon": {"prefix": "https://ss3.4sqi.net/img/categories_v2/food/asian_", "suffix": ".png"}, "name": "Chinese Restaurant", "shortName": "Chinese"}], "stats": {"checkinsCount": 2318, "usersCount": 1491, "tipCount": 19}, "id": "4b890214f964a520ea1732e3", "beenHere": {"lastCheckinExpiredAt": 0, "count": 0, "marked": false}, "url": "http://www.crystaljade.com", "ratingColor": "FFC800", "location": {"lng": 103.78566136158449, "formattedAddress": ["#05-10, Causeway Point (1 Woodlands Sq.)", "738099", "Singapore"], "postalCode": "738099", "lat": 1.4355698327077815, "crossStreet": "1 Woodlands Sq.", "country": "Singapore", "distance": 171, "city": "Singapore", "cc": "SG", "address": "#05-10, Causeway Point", "labeledLatLngs": [{"lng": 103.78566136158449, "label": "display", "lat": 1.4355698327077815}]}, "hours": {"isLocalHoliday": false, "isOpen": true, "status": "Open until 10:00 PM"}, "verified": false, "price": {"tier": 1, "currency": "$", "message": "Cheap"}}, "referralId": "e-3-4b890214f964a520ea1732e3-3", "tips": [{"id": "4d71f7c3311f6ea8f2b1d4ea", "text": "food standard drops ~ isn't as good as before ~ disappointed", "disagreeCount": 0, "logView": true, "createdAt": 1299314627, "likes": {"groups": [], "summary": "4 likes", "count": 4}, "todo": {"count": 0}, "agreeCount": 0, "canonicalUrl": "https://foursquare.com/item/4d71f7c3311f6ea8f2b1d4ea", "type": "user", "user": {"gender": "female", "id": "1045099", "photo": {"prefix": "https://igx.4sqi.net/img/user/", "suffix": "/23HMUFXM5L3EAWYQ.jpg"}, "firstName": "alicia", "lastName": "\u949f\u4f73\u8f69"}}]}, {"reasons": {"items": [{"reasonName": "globalInteractionReason", "summary": "This spot is popular", "type": "general"}], "count": 0}, "venue": {"contact": {}, "photos": {"groups": [], "count": 0}, "rating": 7.0, "name": "834 Eating House", "ratingSignals": 31, "allowMenuUrlEdit": true, "categories": [{"pluralName": "Food Courts", "id": "4bf58dd8d48988d120951735", "primary": true, "icon": {"prefix": "https://ss3.4sqi.net/img/categories_v2/shops/food_foodcourt_", "suffix": ".png"}, "name": "Food Court", "shortName": "Food Court"}], "stats": {"checkinsCount": 1843, "usersCount": 442, "tipCount": 26}, "id": "4bba79b0cf2fc9b631a0a102", "beenHere": {"lastCheckinExpiredAt": 0, "count": 0, "marked": false}, "ratingColor": "C5DE35", "location": {"formattedAddress": ["Woodlands Ave 4, 730834", "730834", "Singapore"], "postalCode": "730834", "lat": 1.4398320021650577, "lng": 103.79081678439303, "state": "Singapore", "country": "Singapore", "distance": 583, "city": "Woodlands New Town", "cc": "SG", "address": "Woodlands Ave 4, 730834", "labeledLatLngs": [{"lng": 103.79081678439303, "label": "display", "lat": 1.4398320021650577}]}, "hours": {"isLocalHoliday": false, "isOpen": true, "status": "Likely open"}, "verified": false, "hereNow": {"groups": [], "summary": "Nobody here", "count": 0}}, "referralId": "e-3-4bba79b0cf2fc9b631a0a102-4", "tips": [{"id": "4e7f0ae24690deb1cd2e5f80", "text": "I love zi char (hot woks)! :P MUST TRY!", "disagreeCount": 0, "logView": true, "createdAt": 1316948706, "likes": {"groups": [], "summary": "3 likes", "count": 3}, "todo": {"count": 0}, "agreeCount": 3, "canonicalUrl": "https://foursquare.com/item/4e7f0ae24690deb1cd2e5f80", "type": "user", "user": {"id": "846184", "photo": {"prefix": "https://igx.4sqi.net/img/user/", "suffix": "/846184-KGPMZ5GENIAFMTPP"}, "firstName": "D\u00f6na\u0142d \u0295 \u2022\u1d25\u2022\u0294", "gender": "male"}}]}, {"reasons": {"items": [{"reasonName": "globalInteractionReason", "summary": "This spot is popular", "type": "general"}], "count": 0}, "venue": {"hereNow": {"groups": [], "summary": "Nobody here", "count": 0}, "contact": {"facebook": "99745899492", "facebookUsername": "coffeebean.sg", "facebookName": "The Coffee Bean & Tea Leaf\u00ae - Singapore", "phone": "+6568949180", "formattedPhone": "+65 6894 9180"}, "photos": {"groups": [], "count": 0}, "rating": 6.5, "menu": {"mobileUrl": "http://www.coffeebean.com.sg/beverage-menu", "externalUrl": "http://www.coffeebean.com.sg/beverage-menu", "url": "http://www.coffeebean.com.sg/beverage-menu", "anchor": "View Menu", "label": "Menu", "type": "Menu"}, "name": "The Coffee Bean & Tea Leaf", "ratingSignals": 42, "allowMenuUrlEdit": true, "categories": [{"pluralName": "Caf\u00e9s", "id": "4bf58dd8d48988d16d941735", "primary": true, "icon": {"prefix": "https://ss3.4sqi.net/img/categories_v2/food/cafe_", "suffix": ".png"}, "name": "Caf\u00e9", "shortName": "Caf\u00e9"}], "stats": {"checkinsCount": 2839, "usersCount": 1533, "tipCount": 22}, "id": "4e0046f545dd1e4999da44a2", "beenHere": {"lastCheckinExpiredAt": 0, "count": 0, "marked": false}, "url": "http://www.coffeebean.com.sg", "ratingColor": "FFC800", "location": {"lat": 1.435826932282704, "distance": 117, "country": "Singapore", "cc": "SG", "crossStreet": "1 Woodlands Sq.", "formattedAddress": ["#02-33, Causeway Point (1 Woodlands Sq.)", "738099", "Singapore"], "neighborhood": "Woodlands, Singapore", "city": "Singapore", "lng": 103.78638571204523, "labeledLatLngs": [{"lng": 103.78638571204523, "label": "display", "lat": 1.435826932282704}], "address": "#02-33, Causeway Point", "postalCode": "738099"}, "hours": {"isLocalHoliday": false, "isOpen": true, "status": "Open until 11:00 PM"}, "verified": true, "price": {"tier": 1, "currency": "$", "message": "Cheap"}}, "referralId": "e-3-4e0046f545dd1e4999da44a2-5", "tips": [{"id": "4e1cfbac7d8b48531b3bf43b", "text": "Great breakfast sets!", "disagreeCount": 0, "logView": true, "createdAt": 1310522284, "likes": {"groups": [], "summary": "3 likes", "count": 3}, "todo": {"count": 0}, "agreeCount": 0, "canonicalUrl": "https://foursquare.com/item/4e1cfbac7d8b48531b3bf43b", "type": "user", "user": {"gender": "female", "id": "4203003", "photo": {"prefix": "https://igx.4sqi.net/img/user/", "suffix": "/32CCGW3HUMWPMN1V.jpg"}, "firstName": "Pei Wen", "lastName": "Lai"}}]}, {"reasons": {"items": [{"reasonName": "globalInteractionReason", "summary": "This spot is popular", "type": "general"}], "count": 0}, "venue": {"hereNow": {"groups": [], "summary": "Nobody here", "count": 0}, "contact": {"facebook": "439510906064152", "facebookUsername": "balithaisingapore", "facebookName": "BaliThai - Singapore", "phone": "+6568941363", "formattedPhone": "+65 6894 1363"}, "photos": {"groups": [], "count": 0}, "rating": 6.4, "menu": {"mobileUrl": "http://www.balithaidelivery.com.sg", "externalUrl": "http://www.balithaidelivery.com.sg", "url": "http://www.balithaidelivery.com.sg", "anchor": "View Menu", "label": "Menu", "type": "Menu"}, "name": "BALIThai", "ratingSignals": 26, "allowMenuUrlEdit": true, "categories": [{"pluralName": "Asian Restaurants", "id": "4bf58dd8d48988d142941735", "primary": true, "icon": {"prefix": "https://ss3.4sqi.net/img/categories_v2/food/asian_", "suffix": ".png"}, "name": "Asian Restaurant", "shortName": "Asian"}], "stats": {"checkinsCount": 837, "usersCount": 497, "tipCount": 12}, "id": "514bf5c7e4b07ab0bb982912", "beenHere": {"lastCheckinExpiredAt": 0, "count": 0, "marked": false}, "url": "http://www.balithaidelivery.com.sg", "ratingColor": "FFC800", "location": {"lat": 1.4359805432096449, "distance": 101, "country": "Singapore", "cc": "SG", "crossStreet": "1 Woodlands Sq", "formattedAddress": ["#05-05, Causeway Point (1 Woodlands Sq)", "738099", "Singapore"], "neighborhood": "Woodlands", "city": "Singapore", "lng": 103.78630082702416, "labeledLatLngs": [{"lng": 103.78630082702416, "label": "display", "lat": 1.4359805432096449}], "address": "#05-05, Causeway Point", "postalCode": "738099"}, "hours": {"isLocalHoliday": false, "isOpen": true, "status": "Open until 10:00 PM"}, "verified": false, "price": {"tier": 2, "currency": "$", "message": "Moderate"}}, "referralId": "e-3-514bf5c7e4b07ab0bb982912-6", "tips": [{"id": "51f66c67498e60033a4bd79d", "text": "Free flow rice... awesome...", "disagreeCount": 0, "logView": true, "createdAt": 1375104103, "likes": {"groups": [], "summary": "1 like", "count": 1}, "todo": {"count": 0}, "agreeCount": 1, "canonicalUrl": "https://foursquare.com/item/51f66c67498e60033a4bd79d", "type": "user", "user": {"gender": "female", "id": "5608935", "photo": {"prefix": "https://igx.4sqi.net/img/user/", "suffix": "/54B1CPQC14XN3ZSV.jpg"}, "firstName": "Jeichiel", "lastName": "Palomar"}}]}, {"reasons": {"items": [{"reasonName": "globalInteractionReason", "summary": "This spot is popular", "type": "general"}], "count": 0}, "venue": {"hereNow": {"groups": [], "summary": "Nobody here", "count": 0}, "contact": {"facebook": "157162220997026", "facebookUsername": "mcdsg", "facebookName": "McDonald's", "phone": "+6568941461", "formattedPhone": "+65 6894 1461"}, "photos": {"groups": [], "count": 0}, "rating": 6.3, "menu": {"mobileUrl": "https://www.mcdonalds.com.sg/our-food/", "externalUrl": "https://www.mcdonalds.com.sg/our-food/", "url": "https://www.mcdonalds.com.sg/our-food/", "anchor": "View Menu", "label": "Menu", "type": "Menu"}, "name": "McDonald's / McCaf\u00e9", "ratingSignals": 100, "allowMenuUrlEdit": true, "categories": [{"pluralName": "Fast Food Restaurants", "id": "4bf58dd8d48988d16e941735", "primary": true, "icon": {"prefix": "https://ss3.4sqi.net/img/categories_v2/food/fastfood_", "suffix": ".png"}, "name": "Fast Food Restaurant", "shortName": "Fast Food"}], "stats": {"checkinsCount": 13713, "usersCount": 5613, "tipCount": 48}, "id": "4bc00efb74a9a5938ea7cff6", "beenHere": {"lastCheckinExpiredAt": 0, "count": 0, "marked": false}, "url": "http://www.mcdonalds.com.sg", "ratingColor": "FFC800", "location": {"lng": 103.78647625612665, "formattedAddress": ["#01-35, Causeway Point (1 Woodlands Sq)", "738099", "Singapore"], "postalCode": "738099", "lat": 1.4366428719758921, "crossStreet": "1 Woodlands Sq", "country": "Singapore", "distance": 25, "city": "Singapore", "cc": "SG", "address": "#01-35, Causeway Point", "labeledLatLngs": [{"lng": 103.78647625612665, "label": "display", "lat": 1.4366428719758921}]}, "hours": {"isLocalHoliday": false, "isOpen": true, "status": "Open"}, "verified": false, "price": {"tier": 1, "currency": "$", "message": "Cheap"}}, "referralId": "e-3-4bc00efb74a9a5938ea7cff6-7", "tips": [{"id": "4e73cad852b1c8e518b4573d", "text": "Go to McD for the best fast food meals", "disagreeCount": 0, "logView": true, "createdAt": 1316211416, "likes": {"groups": [], "summary": "3 likes", "count": 3}, "todo": {"count": 0}, "agreeCount": 0, "canonicalUrl": "https://foursquare.com/item/4e73cad852b1c8e518b4573d", "type": "user", "user": {"id": "12651766", "photo": {"prefix": "https://igx.4sqi.net/img/user/", "suffix": "/12651766-HFAJJ43N2LDWSQ5Z.jpg"}, "firstName": "Hans\u00e9l", "gender": "male"}}]}, {"reasons": {"items": [{"reasonName": "globalInteractionReason", "summary": "This spot is popular", "type": "general"}], "count": 0}, "venue": {"hereNow": {"groups": [], "summary": "Nobody here", "count": 0}, "contact": {"twitter": "toastboxsg", "phone": "+6568934434", "formattedPhone": "+65 6893 4434"}, "photos": {"groups": [], "count": 0}, "rating": 6.3, "name": "Toast Box \u571f\u53f8\u5de5\u574a", "ratingSignals": 41, "allowMenuUrlEdit": true, "categories": [{"pluralName": "Caf\u00e9s", "id": "4bf58dd8d48988d16d941735", "primary": true, "icon": {"prefix": "https://ss3.4sqi.net/img/categories_v2/food/cafe_", "suffix": ".png"}, "name": "Caf\u00e9", "shortName": "Caf\u00e9"}], "stats": {"checkinsCount": 2895, "usersCount": 1106, "tipCount": 19}, "id": "4b4971f8f964a520e96f26e3", "beenHere": {"lastCheckinExpiredAt": 0, "count": 0, "marked": false}, "url": "http://www.toastbox.com.sg", "ratingColor": "FFC800", "location": {"lng": 103.78639703005207, "formattedAddress": ["#01-38, Causeway Point (1 Woodlands Sq.)", "738099", "Singapore"], "postalCode": "738099", "lat": 1.4366209089660977, "crossStreet": "1 Woodlands Sq.", "country": "Singapore", "distance": 29, "city": "Singapore", "cc": "SG", "address": "#01-38, Causeway Point", "labeledLatLngs": [{"lng": 103.78639703005207, "label": "display", "lat": 1.4366209089660977}]}, "hours": {"isLocalHoliday": false, "isOpen": false}, "verified": false, "price": {"tier": 1, "currency": "$", "message": "Cheap"}}, "referralId": "e-3-4b4971f8f964a520e96f26e3-8", "tips": [{"id": "4ceb3367595cb1f7bc2dd814", "text": "Tea and coffee is ultra thick . Love it . :)", "disagreeCount": 0, "logView": true, "createdAt": 1290482535, "likes": {"groups": [], "summary": "7 likes", "count": 7}, "todo": {"count": 1}, "agreeCount": 0, "canonicalUrl": "https://foursquare.com/item/4ceb3367595cb1f7bc2dd814", "type": "user", "user": {"gender": "male", "id": "4783568", "photo": {"prefix": "https://igx.4sqi.net/img/user/", "suffix": "/NO4Y3ZQCYPRG24MC.jpg"}, "firstName": "Jiasheng", "lastName": "Tan"}}]}, {"reasons": {"items": [{"reasonName": "globalInteractionReason", "summary": "This spot is popular", "type": "general"}], "count": 0}, "venue": {"hereNow": {"groups": [], "summary": "Nobody here", "count": 0}, "contact": {"phone": "+6563681447", "formattedPhone": "+65 6368 1447"}, "photos": {"groups": [], "count": 0}, "rating": 6.9, "name": "Subway", "ratingSignals": 7, "allowMenuUrlEdit": true, "categories": [{"pluralName": "Sandwich Places", "id": "4bf58dd8d48988d1c5941735", "primary": true, "icon": {"prefix": "https://ss3.4sqi.net/img/categories_v2/food/deli_", "suffix": ".png"}, "name": "Sandwich Place", "shortName": "Sandwiches"}], "stats": {"checkinsCount": 1336, "usersCount": 636, "tipCount": 1}, "id": "4bd0116aa8b3a5934a43635f", "beenHere": {"lastCheckinExpiredAt": 0, "count": 0, "marked": false}, "url": "http://www.subway.com.sg/", "ratingColor": "FFC800", "location": {"lng": 103.78527089302989, "formattedAddress": ["Republic Polytechnic (9 Woodlands Ave 9)", "738984", "Singapore"], "postalCode": "738984", "lat": 1.4432290271662798, "crossStreet": "9 Woodlands Ave 9", "country": "Singapore", "distance": 720, "city": "Singapore", "cc": "SG", "address": "Republic Polytechnic", "labeledLatLngs": [{"lng": 103.78527089302989, "label": "display", "lat": 1.4432290271662798}]}, "hours": {"isLocalHoliday": false, "isOpen": false}, "verified": false, "price": {"tier": 1, "currency": "$", "message": "Cheap"}}, "referralId": "e-3-4bd0116aa8b3a5934a43635f-9", "tips": [{"id": "4eb900ec991165b763dea4f2", "text": "Good for grabbing a quick lunch.", "disagreeCount": 0, "createdAt": 1320747244, "logView": true, "todo": {"count": 0}, "agreeCount": 0, "canonicalUrl": "https://foursquare.com/item/4eb900ec991165b763dea4f2", "type": "user", "user": {"gender": "female", "id": "12235727", "photo": {"prefix": "https://igx.4sqi.net/img/user/", "suffix": "/EKEQKW0XJJLFZ2VT.jpg"}, "firstName": "Kai", "lastName": "Li"}}]}, {"reasons": {"items": [{"reasonName": "globalInteractionReason", "summary": "This spot is popular", "type": "general"}], "count": 0}, "venue": {"hereNow": {"groups": [{"items": [], "name": "Other people here", "count": 2, "type": "others"}], "summary": "2 people are here", "count": 2}, "contact": {"phone": "+6568936338", "formattedPhone": "+65 6893 6338"}, "photos": {"groups": [], "count": 0}, "rating": 6.3, "name": "Ichiban Boshi", "ratingSignals": 48, "allowMenuUrlEdit": true, "categories": [{"pluralName": "Japanese Restaurants", "id": "4bf58dd8d48988d111941735", "primary": true, "icon": {"prefix": "https://ss3.4sqi.net/img/categories_v2/food/japanese_", "suffix": ".png"}, "name": "Japanese Restaurant", "shortName": "Japanese"}], "stats": {"checkinsCount": 1763, "usersCount": 993, "tipCount": 14}, "id": "4c345cc766e40f47a659c98b", "beenHere": {"lastCheckinExpiredAt": 0, "count": 0, "marked": false}, "ratingColor": "FFC800", "location": {"lng": 103.78602919531612, "formattedAddress": ["#05-06/07, Causeway Point (1 Woodlands Square)", "738099", "Singapore"], "postalCode": "738099", "lat": 1.43586954071187, "crossStreet": "1 Woodlands Square", "country": "Singapore", "distance": 122, "city": "Singapore", "cc": "SG", "address": "#05-06/07, Causeway Point", "labeledLatLngs": [{"lng": 103.78602919531612, "label": "display", "lat": 1.43586954071187}]}, "hours": {"isLocalHoliday": false, "isOpen": true, "status": "Likely open"}, "verified": false, "price": {"tier": 2, "currency": "$", "message": "Moderate"}}, "referralId": "e-3-4c345cc766e40f47a659c98b-10", "tips": [{"id": "53f08fd2498e99fa6d45e390", "text": "This outlet specialises in seafood. More seafood options available. Try the Ginger pork!", "disagreeCount": 0, "logView": true, "createdAt": 1408274386, "likes": {"groups": [], "summary": "1 like", "count": 1}, "todo": {"count": 0}, "agreeCount": 1, "canonicalUrl": "https://foursquare.com/item/53f08fd2498e99fa6d45e390", "type": "user", "user": {"gender": "male", "id": "174952", "photo": {"prefix": "https://igx.4sqi.net/img/user/", "suffix": "/MSRL0FLGFE00NNMG.jpg"}, "firstName": "Felix", "lastName": "Ker"}}]}, {"reasons": {"items": [{"reasonName": "globalInteractionReason", "summary": "This spot is popular", "type": "general"}], "count": 0}, "venue": {"contact": {}, "photos": {"groups": [], "count": 0}, "rating": 6.6, "name": "Fair Inn Food Place", "ratingSignals": 11, "allowMenuUrlEdit": true, "categories": [{"pluralName": "Food Courts", "id": "4bf58dd8d48988d120951735", "primary": true, "icon": {"prefix": "https://ss3.4sqi.net/img/categories_v2/shops/food_foodcourt_", "suffix": ".png"}, "name": "Food Court", "shortName": "Food Court"}], "stats": {"checkinsCount": 1436, "usersCount": 298, "tipCount": 14}, "id": "4bfcace2bf6576b0cc42acb8", "beenHere": {"lastCheckinExpiredAt": 0, "count": 0, "marked": false}, "ratingColor": "FFC800", "location": {"formattedAddress": ["806 Woodlands St 81", "Singapore"], "lat": 1.4415856914940894, "lng": 103.78696293160685, "country": "Singapore", "distance": 527, "city": "Singapore", "cc": "SG", "address": "806 Woodlands St 81", "labeledLatLngs": [{"lng": 103.78696293160685, "label": "display", "lat": 1.4415856914940894}]}, "hours": {"isLocalHoliday": false, "isOpen": true, "status": "Likely open"}, "verified": false, "hereNow": {"groups": [], "summary": "Nobody here", "count": 0}}, "referralId": "e-3-4bfcace2bf6576b0cc42acb8-11", "tips": [{"id": "52876562498e747b7dccbb80", "text": "Sambal kangkong looks not spicy, but it is and its awesome. Thousand island chicken taste not bad also. Minced pork or chicken egg looks ugly but den taste good also.. must come and try !", "disagreeCount": 0, "logView": true, "createdAt": 1384605026, "likes": {"groups": [], "summary": "1 like", "count": 1}, "todo": {"count": 0}, "agreeCount": 1, "canonicalUrl": "https://foursquare.com/item/52876562498e747b7dccbb80", "type": "user", "user": {"gender": "female", "id": "4038704", "photo": {"prefix": "https://igx.4sqi.net/img/user/", "suffix": "/4038704-MEFJF5VTF1UYVQPS.jpg"}, "firstName": "Natasha", "lastName": "Crystall"}}]}, {"reasons": {"items": [{"reasonName": "globalInteractionReason", "summary": "This spot is popular", "type": "general"}], "count": 0}, "venue": {"hereNow": {"groups": [], "summary": "Nobody here", "count": 0}, "contact": {"phone": "+6568942322", "formattedPhone": "+65 6894 2322"}, "photos": {"groups": [], "count": 0}, "rating": 6.2, "name": "Soup Restaurant \u4e09\u76c5\u5169\u4ef6", "ratingSignals": 20, "allowMenuUrlEdit": true, "categories": [{"pluralName": "Chinese Restaurants", "id": "4bf58dd8d48988d145941735", "primary": true, "icon": {"prefix": "https://ss3.4sqi.net/img/categories_v2/food/asian_", "suffix": ".png"}, "name": "Chinese Restaurant", "shortName": "Chinese"}], "stats": {"checkinsCount": 602, "usersCount": 438, "tipCount": 5}, "id": "50ec0053498e6036f9c5fdb0", "beenHere": {"lastCheckinExpiredAt": 0, "count": 0, "marked": false}, "ratingColor": "FFC800", "location": {"lng": 103.78591601559941, "formattedAddress": ["#05-11, Causeway Point (1 Woodlands Sq.)", "738099", "Singapore"], "postalCode": "738099", "lat": 1.4357967643938254, "crossStreet": "1 Woodlands Sq.", "country": "Singapore", "distance": 135, "city": "Singapore", "cc": "SG", "address": "#05-11, Causeway Point", "labeledLatLngs": [{"lng": 103.78591601559941, "label": "display", "lat": 1.4357967643938254}]}, "hours": {"isLocalHoliday": false, "isOpen": true, "status": "Likely open"}, "verified": false, "price": {"tier": 1, "currency": "$", "message": "Cheap"}}, "referralId": "e-3-50ec0053498e6036f9c5fdb0-12", "tips": [{"id": "5364c40b11d23054e0d2c9c3", "text": "Famous - Samsui Ginger Chicken. .", "disagreeCount": 0, "logView": true, "createdAt": 1399112715, "likes": {"groups": [], "summary": "1 like", "count": 1}, "todo": {"count": 0}, "agreeCount": 1, "canonicalUrl": "https://foursquare.com/item/5364c40b11d23054e0d2c9c3", "type": "user", "user": {"gender": "female", "id": "65031270", "photo": {"prefix": "https://igx.4sqi.net/img/user/", "suffix": "/E3I4JGTYSYKJMRTR.jpg"}, "firstName": "LiChin", "lastName": "Lee"}}]}, {"reasons": {"items": [{"reasonName": "globalInteractionReason", "summary": "This spot is popular", "type": "general"}], "count": 0}, "venue": {"hereNow": {"groups": [], "summary": "Nobody here", "count": 0}, "contact": {}, "photos": {"groups": [], "count": 0}, "rating": 6.1, "name": "Shabu Sai", "ratingSignals": 60, "allowMenuUrlEdit": true, "categories": [{"pluralName": "Japanese Restaurants", "id": "4bf58dd8d48988d111941735", "primary": true, "icon": {"prefix": "https://ss3.4sqi.net/img/categories_v2/food/japanese_", "suffix": ".png"}, "name": "Japanese Restaurant", "shortName": "Japanese"}], "stats": {"checkinsCount": 1802, "usersCount": 994, "tipCount": 19}, "id": "50b35ccbe4b0ea66e928c724", "beenHere": {"lastCheckinExpiredAt": 0, "count": 0, "marked": false}, "ratingColor": "FFC800", "location": {"lng": 103.78610276218298, "formattedAddress": ["#05-14/15 Causeway Point (1 Woodlands Sq.)", "Singapore"], "lat": 1.4360356967520072, "crossStreet": "1 Woodlands Sq.", "country": "Singapore", "distance": 102, "city": "Singapore", "cc": "SG", "address": "#05-14/15 Causeway Point", "labeledLatLngs": [{"lng": 103.78610276218298, "label": "display", "lat": 1.4360356967520072}]}, "hours": {"isLocalHoliday": false, "isOpen": true, "status": "Likely open"}, "verified": false, "price": {"tier": 2, "currency": "$", "message": "Moderate"}}, "referralId": "e-3-50b35ccbe4b0ea66e928c724-13", "tips": [{"id": "545c6d50498e001b32e76697", "text": "Kimchi Soup and Sukiyaki Soup!!! Really Yummy!", "disagreeCount": 0, "logView": true, "createdAt": 1415343440, "likes": {"groups": [], "summary": "2 likes", "count": 2}, "todo": {"count": 0}, "agreeCount": 2, "canonicalUrl": "https://foursquare.com/item/545c6d50498e001b32e76697", "type": "user", "user": {"gender": "female", "id": "45344695", "photo": {"prefix": "https://igx.4sqi.net/img/user/", "suffix": "/45344695_x4c3At3B_tox_8LGXq5Eqo4BPpZNeXFnYTVpZhZYgKk6VXg5PPTqOULM9oU44e3YR1OAU5r3H.jpg"}, "firstName": "Victoria", "lastName": "Chen"}}]}, {"reasons": {"items": [{"reasonName": "globalInteractionReason", "summary": "This spot is popular", "type": "general"}], "count": 0}, "venue": {"hereNow": {"groups": [], "summary": "Nobody here", "count": 0}, "contact": {"facebook": "118622732394", "facebookUsername": "ParadiseGrp", "facebookName": "Paradise Group Holdings", "formattedPhone": "+65 6894 6322", "twitter": "paradisegrpsg", "phone": "+6568946322"}, "photos": {"groups": [], "count": 0}, "rating": 6.1, "name": "Paradise Dynasty \u6a02\u5929\u7687\u671d", "ratingSignals": 33, "allowMenuUrlEdit": true, "categories": [{"pluralName": "Chinese Restaurants", "id": "4bf58dd8d48988d145941735", "primary": true, "icon": {"prefix": "https://ss3.4sqi.net/img/categories_v2/food/asian_", "suffix": ".png"}, "name": "Chinese Restaurant", "shortName": "Chinese"}], "stats": {"checkinsCount": 1698, "usersCount": 1049, "tipCount": 10}, "id": "50c1ef47e4b06538210a88de", "beenHere": {"lastCheckinExpiredAt": 0, "count": 0, "marked": false}, "url": "http://www.paradisegroup.com.sg", "ratingColor": "FFC800", "location": {"lng": 103.78611973915795, "formattedAddress": ["#05-16, Causeway Point (1 Woodlands Square)", "738099", "Singapore"], "postalCode": "738099", "lat": 1.4360027150692007, "crossStreet": "1 Woodlands Square", "country": "Singapore", "distance": 105, "city": "Singapore", "cc": "SG", "address": "#05-16, Causeway Point", "labeledLatLngs": [{"lng": 103.78611973915795, "label": "display", "lat": 1.4360027150692007}]}, "hours": {"isLocalHoliday": false, "isOpen": true, "status": "Open until 10:00 PM"}, "verified": false, "price": {"tier": 1, "currency": "$", "message": "Cheap"}}, "referralId": "e-3-50c1ef47e4b06538210a88de-14", "tips": [{"id": "50cc2d97e4b0ed7c362e63a0", "text": "Food is awesome! In fact better than Ion outlet. But service sucks. Slow. Doesn't remember order.", "disagreeCount": 0, "logView": true, "createdAt": 1355558295, "likes": {"groups": [], "summary": "2 likes", "count": 2}, "todo": {"count": 0}, "agreeCount": 2, "canonicalUrl": "https://foursquare.com/item/50cc2d97e4b0ed7c362e63a0", "type": "user", "user": {"gender": "female", "id": "853510", "photo": {"prefix": "https://igx.4sqi.net/img/user/", "suffix": "/Y33NTB3D5JIHNBBV.jpg"}, "firstName": "Pei En", "lastName": "\ue019The Stupid Fish \ue019"}}]}, {"reasons": {"items": [{"reasonName": "globalInteractionReason", "summary": "This spot is popular", "type": "general"}], "count": 0}, "venue": {"hereNow": {"groups": [], "summary": "Nobody here", "count": 0}, "contact": {}, "photos": {"groups": [], "count": 0}, "rating": 6.1, "name": "Gurney Drive", "ratingSignals": 9, "allowMenuUrlEdit": true, "categories": [{"pluralName": "Malay Restaurants", "id": "4bf58dd8d48988d156941735", "primary": true, "icon": {"prefix": "https://ss3.4sqi.net/img/categories_v2/food/malaysian_", "suffix": ".png"}, "name": "Malay Restaurant", "shortName": "Malay"}], "stats": {"checkinsCount": 216, "usersCount": 168, "tipCount": 5}, "id": "50b325b1e4b0848ab8822609", "beenHere": {"lastCheckinExpiredAt": 0, "count": 0, "marked": false}, "ratingColor": "FFC800", "location": {"lng": 103.78579151802086, "formattedAddress": ["#05-11/12, Causeway Point (1 Woodlands Sq.)", "738099", "Singapore"], "postalCode": "738099", "lat": 1.435905061353349, "crossStreet": "1 Woodlands Sq.", "country": "Singapore", "distance": 132, "city": "Singapore", "cc": "SG", "address": "#05-11/12, Causeway Point", "labeledLatLngs": [{"lng": 103.78579151802086, "label": "display", "lat": 1.435905061353349}]}, "verified": false, "price": {"tier": 2, "currency": "$", "message": "Moderate"}}, "referralId": "e-3-50b325b1e4b0848ab8822609-15", "tips": [{"logView": true, "photo": {"id": "521b1e7011d2c8aba767bb1f", "visibility": "public", "source": {"name": "Foursquare for iOS", "url": "https://foursquare.com/download/#/iphone"}, "suffix": "/4222824_JUFvz9w76fHrWMd0yJkgwgZpt1kaO4vFsROE_EuMD7w.jpg", "createdAt": 1377508976, "prefix": "https://igx.4sqi.net/img/general/", "width": 640, "height": 960}, "createdAt": 1377508974, "agreeCount": 0, "id": "521b1e6e11d2746c24e9dd95", "text": "The prawn mee is awesome!!!", "type": "user", "disagreeCount": 0, "user": {"gender": "female", "id": "4222824", "photo": {"prefix": "https://igx.4sqi.net/img/user/", "suffix": "/0R5XTL5FL15CF5XZ.jpg"}, "firstName": "adeline", "lastName": "ng"}, "canonicalUrl": "https://foursquare.com/item/521b1e6e11d2746c24e9dd95", "todo": {"count": 0}, "photourl": "https://igx.4sqi.net/img/general/original/4222824_JUFvz9w76fHrWMd0yJkgwgZpt1kaO4vFsROE_EuMD7w.jpg"}]}, {"reasons": {"items": [{"reasonName": "globalInteractionReason", "summary": "This spot is popular", "type": "general"}], "count": 0}, "venue": {"hereNow": {"groups": [], "summary": "Nobody here", "count": 0}, "contact": {"twitter": "pizzahut_sg"}, "photos": {"groups": [], "count": 0}, "rating": 6.0, "name": "Pizza Hut", "ratingSignals": 36, "allowMenuUrlEdit": true, "categories": [{"pluralName": "Pizza Places", "id": "4bf58dd8d48988d1ca941735", "primary": true, "icon": {"prefix": "https://ss3.4sqi.net/img/categories_v2/food/pizza_", "suffix": ".png"}, "name": "Pizza Place", "shortName": "Pizza"}], "stats": {"checkinsCount": 2854, "usersCount": 1931, "tipCount": 12}, "id": "4b8254a1f964a52003d030e3", "beenHere": {"lastCheckinExpiredAt": 0, "count": 0, "marked": false}, "url": "http://www.pizzahut.com.sg/", "ratingColor": "FFC800", "location": {"lng": 103.78563872569535, "formattedAddress": ["#B1-25, Causeway Point (1 Woodlands Square)", "738099", "Singapore"], "postalCode": "738099", "lat": 1.4357452320197208, "crossStreet": "1 Woodlands Square", "country": "Singapore", "distance": 157, "city": "Singapore", "cc": "SG", "address": "#B1-25, Causeway Point", "labeledLatLngs": [{"lng": 103.78563872569535, "label": "display", "lat": 1.4357452320197208}]}, "hours": {"isLocalHoliday": false, "isOpen": true, "status": "Likely open"}, "verified": false, "price": {"tier": 1, "currency": "$", "message": "Cheap"}}, "referralId": "e-3-4b8254a1f964a52003d030e3-16", "tips": [{"id": "4fb38d7be4b06ee05afd8c76", "text": "The service here is slow during peak hrs! N if u come in 2 they won't serve u e bigger table! Suck! My hubby is carrying helmet they expect him to put on floor!!!", "disagreeCount": 0, "logView": true, "createdAt": 1337167227, "likes": {"groups": [], "summary": "2 likes", "count": 2}, "todo": {"count": 0}, "agreeCount": 2, "canonicalUrl": "https://foursquare.com/item/4fb38d7be4b06ee05afd8c76", "type": "user", "user": {"id": "5647884", "photo": {"prefix": "https://igx.4sqi.net/img/user/", "suffix": "/T1AVBL4DROUGMLJZ.jpg"}, "firstName": "Babyytears", "gender": "female"}}]}, {"reasons": {"items": [{"reasonName": "globalInteractionReason", "summary": "This spot is popular", "type": "general"}], "count": 0}, "venue": {"hereNow": {"groups": [], "summary": "Nobody here", "count": 0}, "contact": {"phone": "+6568948677", "formattedPhone": "+65 6894 8677"}, "photos": {"groups": [], "count": 0}, "rating": 5.9, "name": "Texas Chicken", "ratingSignals": 33, "allowMenuUrlEdit": true, "categories": [{"pluralName": "Fried Chicken Joints", "id": "4d4ae6fc7a7b7dea34424761", "primary": true, "icon": {"prefix": "https://ss3.4sqi.net/img/categories_v2/food/friedchicken_", "suffix": ".png"}, "name": "Fried Chicken Joint", "shortName": "Fried Chicken"}], "stats": {"checkinsCount": 3165, "usersCount": 2058, "tipCount": 20}, "id": "4e30ef3918a89cd377833c0d", "beenHere": {"lastCheckinExpiredAt": 0, "count": 0, "marked": false}, "url": "http://www.texaschicken.com.sg", "ratingColor": "FF9600", "location": {"lng": 103.78555384114495, "formattedAddress": ["#01-14/15, Causeway Point (1 Woodlands Square)", "738099", "Singapore"], "postalCode": "738099", "lat": 1.4355887386653154, "crossStreet": "1 Woodlands Square", "country": "Singapore", "distance": 176, "city": "Singapore", "cc": "SG", "address": "#01-14/15, Causeway Point", "labeledLatLngs": [{"lng": 103.78555384114495, "label": "display", "lat": 1.4355887386653154}]}, "hours": {"isLocalHoliday": false, "isOpen": true, "status": "Likely open"}, "verified": true, "price": {"tier": 1, "currency": "$", "message": "Cheap"}, "storeId": ""}, "referralId": "e-3-4e30ef3918a89cd377833c0d-17", "tips": [{"id": "4e85430f775bd198c639d0fe", "text": "KFC has lost their standing.", "disagreeCount": 0, "logView": true, "createdAt": 1317356303, "likes": {"groups": [], "summary": "4 likes", "count": 4}, "todo": {"count": 1}, "agreeCount": 0, "canonicalUrl": "https://foursquare.com/item/4e85430f775bd198c639d0fe", "type": "user", "user": {"gender": "male", "id": "12272430", "photo": {"prefix": "https://igx.4sqi.net/img/user/", "suffix": "/12272430-JPO4MHZ2VQDIOHFS.jpg"}, "firstName": "Melvin", "lastName": "Tan"}}]}, {"reasons": {"items": [{"reasonName": "globalInteractionReason", "summary": "This spot is popular", "type": "general"}], "count": 0}, "venue": {"hereNow": {"groups": [], "summary": "Nobody here", "count": 0}, "contact": {"phone": "+6567641700", "formattedPhone": "+65 6764 1700"}, "photos": {"groups": [], "count": 0}, "rating": 5.8, "name": "McDonald's / McCaf\u00e9", "ratingSignals": 41, "allowMenuUrlEdit": true, "categories": [{"pluralName": "Fast Food Restaurants", "id": "4bf58dd8d48988d16e941735", "primary": true, "icon": {"prefix": "https://ss3.4sqi.net/img/categories_v2/food/fastfood_", "suffix": ".png"}, "name": "Fast Food Restaurant", "shortName": "Fast Food"}], "stats": {"checkinsCount": 6628, "usersCount": 3553, "tipCount": 17}, "id": "4b98bbacf964a5205e4d35e3", "beenHere": {"lastCheckinExpiredAt": 0, "count": 0, "marked": false}, "url": "http://www.mcdonalds.com.sg", "ratingColor": "FF9600", "location": {"lng": 103.7866348028183, "formattedAddress": ["#01-01, Woodlands Civic Centre (900 South Woodlands Dr)", "730900", "Singapore"], "postalCode": "730900", "lat": 1.4353198376519631, "crossStreet": "900 South Woodlands Dr", "country": "Singapore", "distance": 173, "city": "Singapore", "cc": "SG", "address": "#01-01, Woodlands Civic Centre", "labeledLatLngs": [{"lng": 103.7866348028183, "label": "display", "lat": 1.4353198376519631}]}, "hours": {"isLocalHoliday": false, "isOpen": true, "status": "Likely open"}, "verified": false, "price": {"tier": 1, "currency": "$", "message": "Cheap"}}, "referralId": "e-3-4b98bbacf964a5205e4d35e3-18", "tips": [{"id": "4dcac46b183817362feafc52", "text": "No powerpoint socket", "disagreeCount": 0, "logView": true, "createdAt": 1305134187, "likes": {"groups": [], "summary": "2 likes", "count": 2}, "todo": {"count": 0}, "agreeCount": 0, "canonicalUrl": "https://foursquare.com/item/4dcac46b183817362feafc52", "type": "user", "user": {"gender": "male", "id": "9382553", "photo": {"prefix": "https://igx.4sqi.net/img/user/", "suffix": "/ROY0WE4Q4FUAJTQ3.jpg"}, "firstName": "Kito", "lastName": "Cine"}}]}, {"reasons": {"items": [{"reasonName": "globalInteractionReason", "summary": "This spot is popular", "type": "general"}], "count": 0}, "venue": {"contact": {}, "photos": {"groups": [], "count": 0}, "rating": 5.8, "name": "BAgus", "ratingSignals": 58, "allowMenuUrlEdit": true, "categories": [{"pluralName": "Food Courts", "id": "4bf58dd8d48988d120951735", "primary": true, "icon": {"prefix": "https://ss3.4sqi.net/img/categories_v2/shops/food_foodcourt_", "suffix": ".png"}, "name": "Food Court", "shortName": "Food Court"}], "stats": {"checkinsCount": 2211, "usersCount": 897, "tipCount": 9}, "id": "50e4116ce4b0eb1f00ccfef7", "beenHere": {"lastCheckinExpiredAt": 0, "count": 0, "marked": false}, "ratingColor": "FF9600", "location": {"lng": 103.78613105714246, "formattedAddress": ["Level 7, Causeway Point (1 Woodlands Square)", "Singapore"], "lat": 1.4360440367374068, "crossStreet": "1 Woodlands Square", "country": "Singapore", "distance": 100, "city": "Singapore", "cc": "SG", "address": "Level 7, Causeway Point", "labeledLatLngs": [{"lng": 103.78613105714246, "label": "display", "lat": 1.4360440367374068}]}, "hours": {"isLocalHoliday": false, "isOpen": true, "status": "Likely open"}, "verified": false, "hereNow": {"groups": [], "summary": "Nobody here", "count": 0}}, "referralId": "e-3-50e4116ce4b0eb1f00ccfef7-19", "tips": [{"logView": true, "photo": {"id": "51712b12498ed86fd231a64e", "visibility": "public", "source": {"name": "Foursquare for Android", "url": "https://foursquare.com/download/#/android"}, "suffix": "/4418832_5MEP781QfH-xYLX7eRrTUWshz2YMGmKgkDBofMzDbhk.jpg", "createdAt": 1366371090, "prefix": "https://igx.4sqi.net/img/general/", "width": 720, "height": 960}, "createdAt": 1366371086, "todo": {"count": 0}, "agreeCount": 3, "likes": {"groups": [], "summary": "3 likes", "count": 3}, "id": "51712b0ee4b002b077b5c3df", "text": "Bagus but use kopitiam card..! same company.? hmm", "disagreeCount": 0, "user": {"gender": "male", "id": "4418832", "photo": {"prefix": "https://igx.4sqi.net/img/user/", "suffix": "/MUSK31CJ0PNKOSUX.jpg"}, "firstName": "Arman", "lastName": "M."}, "canonicalUrl": "https://foursquare.com/item/51712b0ee4b002b077b5c3df", "type": "user", "photourl": "https://igx.4sqi.net/img/general/original/4418832_5MEP781QfH-xYLX7eRrTUWshz2YMGmKgkDBofMzDbhk.jpg"}]}, {"reasons": {"items": [{"reasonName": "globalInteractionReason", "summary": "This spot is popular", "type": "general"}], "count": 0}, "venue": {"hereNow": {"groups": [], "summary": "Nobody here", "count": 0}, "contact": {"facebook": "361765083896082", "facebookName": "Al Ameen", "phone": "+6563661740", "formattedPhone": "+65 6366 1740"}, "photos": {"groups": [], "count": 0}, "rating": 6.1, "name": "Al-Ameen Eating Corner", "ratingSignals": 131, "allowMenuUrlEdit": true, "categories": [{"pluralName": "Indian Restaurants", "id": "4bf58dd8d48988d10f941735", "primary": true, "icon": {"prefix": "https://ss3.4sqi.net/img/categories_v2/food/indian_", "suffix": ".png"}, "name": "Indian Restaurant", "shortName": "Indian"}], "stats": {"checkinsCount": 11395, "usersCount": 4714, "tipCount": 96}, "id": "4c4c8a6dc8b6b71352df8efb", "beenHere": {"lastCheckinExpiredAt": 0, "count": 0, "marked": false}, "url": "http://www.al-ameen.com.sg", "ratingColor": "FFC800", "location": {"formattedAddress": ["#01-11, 35 Marsiling Industrial Estate Road 3", "739257", "Singapore"], "postalCode": "739257", "lat": 1.4392855766558574, "lng": 103.78330618143082, "country": "Singapore", "distance": 444, "city": "Singapore", "cc": "SG", "address": "#01-11, 35 Marsiling Industrial Estate Road 3", "labeledLatLngs": [{"lng": 103.78330618143082, "label": "display", "lat": 1.4392855766558574}]}, "hours": {"isLocalHoliday": false, "isOpen": true, "status": "Likely open"}, "verified": false, "price": {"tier": 2, "currency": "$", "message": "Moderate"}}, "referralId": "e-3-4c4c8a6dc8b6b71352df8efb-20", "tips": [{"id": "4ccecc452dc437048cc4d608", "text": "Butter Naan's great :)", "disagreeCount": 0, "logView": true, "createdAt": 1288621125, "likes": {"groups": [], "summary": "24 likes", "count": 24}, "todo": {"count": 2}, "agreeCount": 0, "canonicalUrl": "https://foursquare.com/item/4ccecc452dc437048cc4d608", "type": "user", "user": {"id": "4199956", "photo": {"prefix": "https://igx.4sqi.net/img/user/", "suffix": "/XLER0LW333PFBEST.jpg"}, "firstName": "burgerdeel", "gender": "male"}}]}, {"reasons": {"items": [{"reasonName": "globalInteractionReason", "summary": "This spot is popular", "type": "general"}], "count": 0}, "venue": {"hereNow": {"groups": [], "summary": "Nobody here", "count": 0}, "contact": {}, "photos": {"groups": [], "count": 0}, "rating": 5.8, "name": "Sakae Sushi", "ratingSignals": 28, "allowMenuUrlEdit": true, "categories": [{"pluralName": "Japanese Restaurants", "id": "4bf58dd8d48988d111941735", "primary": true, "icon": {"prefix": "https://ss3.4sqi.net/img/categories_v2/food/japanese_", "suffix": ".png"}, "name": "Japanese Restaurant", "shortName": "Japanese"}], "stats": {"checkinsCount": 948, "usersCount": 592, "tipCount": 1}, "id": "50c3393be4b0f9a0d79425d1", "beenHere": {"lastCheckinExpiredAt": 0, "count": 0, "marked": false}, "ratingColor": "FF9600", "location": {"lng": 103.78678750187065, "formattedAddress": ["#01-04, Woodlands Civic Centre (900 S Woodlands Dr)", "730900", "Singapore"], "postalCode": "730900", "lat": 1.4355518595976968, "crossStreet": "900 S Woodlands Dr", "country": "Singapore", "distance": 151, "city": "Singapore", "cc": "SG", "address": "#01-04, Woodlands Civic Centre", "labeledLatLngs": [{"lng": 103.78678750187065, "label": "display", "lat": 1.4355518595976968}]}, "hours": {"isLocalHoliday": false, "isOpen": true, "status": "Likely open"}, "verified": false, "price": {"tier": 2, "currency": "$", "message": "Moderate"}}, "referralId": "e-3-50c3393be4b0f9a0d79425d1-21", "tips": [{"id": "550d432b498ecff9fc1407c8", "text": "Food is just OK.. doesn't taste very fresh", "disagreeCount": 0, "createdAt": 1426932523, "logView": true, "todo": {"count": 0}, "agreeCount": 0, "canonicalUrl": "https://foursquare.com/item/550d432b498ecff9fc1407c8", "type": "user", "user": {"gender": "male", "id": "42301067", "photo": {"prefix": "https://igx.4sqi.net/img/user/", "suffix": "/42301067-UA10RPF320JRXSKP.jpg"}, "firstName": "Nijing", "lastName": "Feng"}}]}, {"reasons": {"items": [{"reasonName": "globalInteractionReason", "summary": "This spot is popular", "type": "general"}], "count": 0}, "venue": {"hereNow": {"groups": [], "summary": "Nobody here", "count": 0}, "contact": {"phone": "+6563626137", "formattedPhone": "+65 6362 6137"}, "photos": {"groups": [], "count": 0}, "rating": 5.7, "name": "EAT.", "ratingSignals": 11, "allowMenuUrlEdit": true, "categories": [{"pluralName": "Asian Restaurants", "id": "4bf58dd8d48988d142941735", "primary": true, "icon": {"prefix": "https://ss3.4sqi.net/img/categories_v2/food/asian_", "suffix": ".png"}, "name": "Asian Restaurant", "shortName": "Asian"}], "stats": {"checkinsCount": 315, "usersCount": 164, "tipCount": 1}, "id": "5196cdcf498e9c64efb72de4", "beenHere": {"lastCheckinExpiredAt": 0, "count": 0, "marked": false}, "url": "http://eat.com.sg", "ratingColor": "FF9600", "location": {"lat": 1.4368146909634851, "distance": 37, "country": "Singapore", "cc": "SG", "crossStreet": "30 Woodlands Avenue 2", "formattedAddress": ["#01-09/14, Woodlands Xchange (30 Woodlands Avenue 2)", "738343", "Singapore"], "neighborhood": "woodlands", "city": "Singapore", "lng": 103.78681579697395, "labeledLatLngs": [{"lng": 103.78681579697395, "label": "display", "lat": 1.4368146909634851}], "address": "#01-09/14, Woodlands Xchange", "postalCode": "738343"}, "hours": {"isLocalHoliday": false, "isOpen": true, "status": "Open"}, "verified": false, "price": {"tier": 2, "currency": "$", "message": "Moderate"}}, "referralId": "e-3-5196cdcf498e9c64efb72de4-22", "tips": [{"id": "586a729c964d7878e318324e", "text": "Must eat the laksa here! Its spicy and awesome! Only biggest turn off is the damn air conditioning, which is like non-existent!!", "disagreeCount": 0, "createdAt": 1483371164, "logView": true, "todo": {"count": 0}, "agreeCount": 0, "canonicalUrl": "https://foursquare.com/item/586a729c964d7878e318324e", "type": "user", "user": {"gender": "male", "id": "40651570", "photo": {"prefix": "https://igx.4sqi.net/img/user/", "suffix": "/40651570-DTHEBWNKWJS2JKWF.jpg"}, "firstName": "Ignatius Seth", "lastName": "Tong"}}]}, {"reasons": {"items": [{"reasonName": "globalInteractionReason", "summary": "This spot is popular", "type": "general"}], "count": 0}, "venue": {"hereNow": {"groups": [], "summary": "Nobody here", "count": 0}, "contact": {}, "photos": {"groups": [], "count": 0}, "rating": 5.7, "name": "Yoshinoya", "ratingSignals": 12, "allowMenuUrlEdit": true, "categories": [{"pluralName": "Japanese Restaurants", "id": "4bf58dd8d48988d111941735", "primary": true, "icon": {"prefix": "https://ss3.4sqi.net/img/categories_v2/food/japanese_", "suffix": ".png"}, "name": "Japanese Restaurant", "shortName": "Japanese"}], "stats": {"checkinsCount": 1194, "usersCount": 812, "tipCount": 3}, "id": "4b8cf033f964a5207fe132e3", "beenHere": {"lastCheckinExpiredAt": 0, "count": 0, "marked": false}, "ratingColor": "FF9600", "location": {"lng": 103.78558779495869, "formattedAddress": ["#01-12, Causeway Point (1 Woodlands Sq.)", "738099", "Singapore"], "postalCode": "738099", "lat": 1.4356120233901044, "crossStreet": "1 Woodlands Sq.", "country": "Singapore", "distance": 172, "city": "Singapore", "cc": "SG", "address": "#01-12, Causeway Point", "labeledLatLngs": [{"lng": 103.78558779495869, "label": "display", "lat": 1.4356120233901044}]}, "hours": {"isLocalHoliday": false, "isOpen": true, "status": "Likely open"}, "verified": false, "price": {"tier": 2, "currency": "$", "message": "Moderate"}}, "referralId": "e-3-4b8cf033f964a5207fe132e3-23", "tips": [{"id": "543a263b498ecc2297328ba9", "text": "change the rice to brown rice for healthier choice. \u263a", "disagreeCount": 0, "createdAt": 1413097019, "logView": true, "todo": {"count": 0}, "agreeCount": 0, "canonicalUrl": "https://foursquare.com/item/543a263b498ecc2297328ba9", "type": "user", "user": {"gender": "female", "id": "61564031", "photo": {"prefix": "https://igx.4sqi.net/img/user/", "suffix": "/61564031-ENFXK51C44KKVSXI.jpg"}, "firstName": "Lina", "lastName": "Yippy"}}]}, {"reasons": {"items": [{"reasonName": "globalInteractionReason", "summary": "This spot is popular", "type": "general"}], "count": 0}, "venue": {"hereNow": {"groups": [], "summary": "Nobody here", "count": 0}, "contact": {}, "photos": {"groups": [], "count": 0}, "rating": 5.7, "name": "WATAMI Japanese Casual Restaurant", "ratingSignals": 38, "allowMenuUrlEdit": true, "categories": [{"pluralName": "Japanese Restaurants", "id": "4bf58dd8d48988d111941735", "primary": true, "icon": {"prefix": "https://ss3.4sqi.net/img/categories_v2/food/japanese_", "suffix": ".png"}, "name": "Japanese Restaurant", "shortName": "Japanese"}], "stats": {"checkinsCount": 1191, "usersCount": 815, "tipCount": 8}, "id": "50d5425ae4b0147071cb9a96", "beenHere": {"lastCheckinExpiredAt": 0, "count": 0, "marked": false}, "ratingColor": "FF9600", "location": {"lng": 103.78568399747743, "formattedAddress": ["Causeway Point (1 Woodlands Square)", "738099", "Singapore"], "postalCode": "738099", "lat": 1.4355263177227808, "crossStreet": "1 Woodlands Square", "country": "Singapore", "distance": 174, "city": "Singapore", "cc": "SG", "address": "Causeway Point", "labeledLatLngs": [{"lng": 103.78568399747743, "label": "display", "lat": 1.4355263177227808}]}, "hours": {"isLocalHoliday": false, "isOpen": true, "status": "Likely open"}, "verified": false, "price": {"tier": 2, "currency": "$", "message": "Moderate"}}, "referralId": "e-3-50d5425ae4b0147071cb9a96-24", "tips": [{"id": "563b22a7cd10d1146d51abfd", "text": "Disgusting food ever...", "disagreeCount": 0, "createdAt": 1446716071, "logView": true, "todo": {"count": 0}, "agreeCount": 0, "canonicalUrl": "https://foursquare.com/item/563b22a7cd10d1146d51abfd", "type": "user", "user": {"id": "45805621", "photo": {"prefix": "https://igx.4sqi.net/img/user/", "suffix": "/45805621-BIY5CKOUEZFIO42G.jpg"}, "firstName": "Ryan", "gender": "male"}}]}, {"reasons": {"items": [{"reasonName": "globalInteractionReason", "summary": "This spot is popular", "type": "general"}], "count": 0}, "venue": {"contact": {}, "photos": {"groups": [], "count": 0}, "rating": 6.0, "name": "Blk 515 Kopitiam", "ratingSignals": 37, "allowMenuUrlEdit": true, "categories": [{"pluralName": "Food Courts", "id": "4bf58dd8d48988d120951735", "primary": true, "icon": {"prefix": "https://ss3.4sqi.net/img/categories_v2/shops/food_foodcourt_", "suffix": ".png"}, "name": "Food Court", "shortName": "Food Court"}], "stats": {"checkinsCount": 3606, "usersCount": 1028, "tipCount": 19}, "id": "4b7a65bef964a520ba2b2fe3", "beenHere": {"lastCheckinExpiredAt": 0, "count": 0, "marked": false}, "ratingColor": "FFC800", "location": {"formattedAddress": ["Woodlands Drive 14", "730515", "Singapore"], "postalCode": "730515", "lat": 1.4341748934679008, "lng": 103.78991782665253, "state": "Singapore", "country": "Singapore", "distance": 486, "city": "Woodlands New Town", "cc": "SG", "address": "Woodlands Drive 14", "labeledLatLngs": [{"lng": 103.78991782665253, "label": "display", "lat": 1.4341748934679008}]}, "hours": {"isLocalHoliday": false, "isOpen": true, "status": "Likely open"}, "verified": false, "hereNow": {"groups": [], "summary": "Nobody here", "count": 0}}, "referralId": "e-3-4b7a65bef964a520ba2b2fe3-25", "tips": [{"id": "4cc974af786e4688ca0d9409", "text": "Rojak is the best !!", "disagreeCount": 0, "logView": true, "createdAt": 1288271023, "likes": {"groups": [], "summary": "2 likes", "count": 2}, "todo": {"count": 3}, "agreeCount": 2, "canonicalUrl": "https://foursquare.com/item/4cc974af786e4688ca0d9409", "type": "user", "user": {"id": "4034724", "photo": {"prefix": "https://igx.4sqi.net/img/user/", "suffix": "/MZJOG3BVZZ42BVR2.jpg"}, "firstName": "Pamminie", "gender": "female"}}]}, {"reasons": {"items": [{"reasonName": "globalInteractionReason", "summary": "This spot is popular", "type": "general"}], "count": 0}, "venue": {"hereNow": {"groups": [], "summary": "Nobody here", "count": 0}, "contact": {}, "photos": {"groups": [], "count": 0}, "rating": 5.7, "name": "The Manhattan Fish Market", "ratingSignals": 74, "allowMenuUrlEdit": true, "categories": [{"pluralName": "Seafood Restaurants", "id": "4bf58dd8d48988d1ce941735", "primary": true, "icon": {"prefix": "https://ss3.4sqi.net/img/categories_v2/food/seafood_", "suffix": ".png"}, "name": "Seafood Restaurant", "shortName": "Seafood"}], "stats": {"checkinsCount": 4564, "usersCount": 2857, "tipCount": 30}, "id": "4df86b6e1f6e448ec28f5db1", "beenHere": {"lastCheckinExpiredAt": 0, "count": 0, "marked": false}, "url": "http://www.manhattanfishmarket.com", "ratingColor": "FF9600", "location": {"lng": 103.7862895090254, "formattedAddress": ["#02-34, Causeway Point (1 Woodlands Sq)", "738099", "Singapore"], "postalCode": "738099", "lat": 1.4358963347438354, "crossStreet": "1 Woodlands Sq", "country": "Singapore", "distance": 111, "city": "Singapore", "cc": "SG", "address": "#02-34, Causeway Point", "labeledLatLngs": [{"lng": 103.7862895090254, "label": "display", "lat": 1.4358963347438354}]}, "hours": {"isLocalHoliday": false, "isOpen": true, "status": "Likely open"}, "verified": false, "price": {"tier": 3, "currency": "$", "message": "Expensive"}}, "referralId": "e-3-4df86b6e1f6e448ec28f5db1-26", "tips": [{"id": "4ea3da206da1455cacf3cb92", "text": "Service here is totally crap.", "disagreeCount": 0, "logView": true, "createdAt": 1319361056, "likes": {"groups": [], "summary": "6 likes", "count": 6}, "todo": {"count": 0}, "agreeCount": 2, "canonicalUrl": "https://foursquare.com/item/4ea3da206da1455cacf3cb92", "type": "user", "user": {"id": "917979", "photo": {"prefix": "https://igx.4sqi.net/img/user/", "suffix": "/917979-2ZYILSDRG2QTN2QK.jpg"}, "firstName": "C.", "gender": "female"}}]}, {"reasons": {"items": [{"reasonName": "globalInteractionReason", "summary": "This spot is popular", "type": "general"}], "count": 0}, "venue": {"hereNow": {"groups": [], "summary": "Nobody here", "count": 0}, "contact": {"phone": "+6568947872", "formattedPhone": "+65 6894 7872"}, "photos": {"groups": [], "count": 0}, "rating": 5.7, "name": "Penang Street Buffet", "ratingSignals": 18, "allowMenuUrlEdit": true, "categories": [{"pluralName": "Asian Restaurants", "id": "4bf58dd8d48988d142941735", "primary": true, "icon": {"prefix": "https://ss3.4sqi.net/img/categories_v2/food/asian_", "suffix": ".png"}, "name": "Asian Restaurant", "shortName": "Asian"}], "stats": {"checkinsCount": 309, "usersCount": 274, "tipCount": 5}, "id": "522fe26c11d2ff0ffef7245f", "beenHere": {"lastCheckinExpiredAt": 0, "count": 0, "marked": false}, "ratingColor": "FF9600", "location": {"lng": 103.78589903865011, "formattedAddress": ["#05-12/13, Causeway Point (1 Woodlands Sq.)", "738099", "Singapore"], "postalCode": "738099", "lat": 1.435724934804442, "crossStreet": "1 Woodlands Sq.", "country": "Singapore", "distance": 143, "city": "Singapore", "cc": "SG", "address": "#05-12/13, Causeway Point", "labeledLatLngs": [{"lng": 103.78589903865011, "label": "display", "lat": 1.435724934804442}]}, "hours": {"isLocalHoliday": false, "isOpen": false}, "verified": false, "price": {"tier": 2, "currency": "$", "message": "Moderate"}}, "referralId": "e-3-522fe26c11d2ff0ffef7245f-27", "tips": [{"id": "55d9c1f0498e3841bddbffe4", "text": "Crabs are freshhhhhh :)", "disagreeCount": 0, "createdAt": 1440334320, "logView": true, "todo": {"count": 0}, "agreeCount": 0, "canonicalUrl": "https://foursquare.com/item/55d9c1f0498e3841bddbffe4", "type": "user", "user": {"gender": "female", "id": "5646066", "photo": {"prefix": "https://igx.4sqi.net/img/user/", "suffix": "/HISBI1NJSET4OMX5.jpg"}, "firstName": "Niki", "lastName": "Yapp"}}]}, {"reasons": {"items": [{"reasonName": "globalInteractionReason", "summary": "This spot is popular", "type": "general"}], "count": 0}, "venue": {"contact": {}, "photos": {"groups": [], "count": 0}, "rating": 6.1, "name": "South Foodcourt (Koufu)", "ratingSignals": 11, "allowMenuUrlEdit": true, "categories": [{"pluralName": "Food Courts", "id": "4bf58dd8d48988d120951735", "primary": true, "icon": {"prefix": "https://ss3.4sqi.net/img/categories_v2/shops/food_foodcourt_", "suffix": ".png"}, "name": "Food Court", "shortName": "Food Court"}], "stats": {"checkinsCount": 6417, "usersCount": 1475, "tipCount": 8}, "id": "4cb7cc48dd41a35dfc2ed6a0", "beenHere": {"lastCheckinExpiredAt": 0, "count": 0, "marked": false}, "ratingColor": "FFC800", "location": {"lng": 103.78574058722644, "formattedAddress": ["E1, Republic Polytechnic (9 Woodlands Ave. 9)", "Singapore"], "lat": 1.443301608338098, "crossStreet": "9 Woodlands Ave. 9", "country": "Singapore", "distance": 720, "city": "Singapore", "cc": "SG", "address": "E1, Republic Polytechnic", "labeledLatLngs": [{"lng": 103.78574058722644, "label": "display", "lat": 1.443301608338098}]}, "hours": {"isLocalHoliday": false, "isOpen": false}, "verified": false, "hereNow": {"groups": [], "summary": "Nobody here", "count": 0}}, "referralId": "e-3-4cb7cc48dd41a35dfc2ed6a0-28", "tips": [{"id": "508659eee4b030d347b47de6", "text": "New Korean Cuisine's not bad. Can get bibimbap, kimchi fried rice, teokbokki and so on :)", "disagreeCount": 0, "logView": true, "createdAt": 1350982126, "likes": {"groups": [], "summary": "1 like", "count": 1}, "todo": {"count": 0}, "agreeCount": 1, "canonicalUrl": "https://foursquare.com/item/508659eee4b030d347b47de6", "type": "user", "user": {"gender": "female", "id": "8655017", "photo": {"prefix": "https://igx.4sqi.net/img/user/", "suffix": "/IIULPCDQ1GT41JFQ.jpg"}, "firstName": "Khin Yuya", "lastName": "Thet"}}]}, {"reasons": {"items": [{"reasonName": "globalInteractionReason", "summary": "This spot is popular", "type": "general"}], "count": 0}, "venue": {"hereNow": {"groups": [], "summary": "Nobody here", "count": 0}, "contact": {"phone": "+6564626447", "formattedPhone": "+65 6462 6447"}, "photos": {"groups": [], "count": 0}, "rating": 5.6, "name": "D\u00e9lifrance", "ratingSignals": 8, "allowMenuUrlEdit": true, "categories": [{"pluralName": "Caf\u00e9s", "id": "4bf58dd8d48988d16d941735", "primary": true, "icon": {"prefix": "https://ss3.4sqi.net/img/categories_v2/food/cafe_", "suffix": ".png"}, "name": "Caf\u00e9", "shortName": "Caf\u00e9"}], "stats": {"checkinsCount": 516, "usersCount": 315, "tipCount": 4}, "id": "4eace74c2c5bb67b236ad185", "beenHere": {"lastCheckinExpiredAt": 0, "count": 0, "marked": false}, "ratingColor": "FF9600", "location": {"lat": 1.4358988698715462, "distance": 109, "country": "Singapore", "cc": "SG", "crossStreet": "B1-21 Causeway Point", "formattedAddress": ["1 Woodlands Square (B1-21 Causeway Point)", "738099", "Singapore"], "city": "Woodlands New Town", "lng": 103.78639137104854, "state": "Singapore", "labeledLatLngs": [{"lng": 103.78639137104854, "label": "display", "lat": 1.4358988698715462}], "address": "1 Woodlands Square", "postalCode": "738099"}, "hours": {"isLocalHoliday": false, "isOpen": true, "status": "Open until 10:00 PM"}, "verified": false, "price": {"tier": 1, "currency": "$", "message": "Cheap"}}, "referralId": "e-3-4eace74c2c5bb67b236ad185-29", "tips": [{"id": "4c25c698c11dc9b699d02724", "text": "Scallop aglio olio isn't worth it.. Using instant pasta with cheap, tasteless scallop.. But I love their hot choco!!", "disagreeCount": 0, "logView": true, "createdAt": 1277544088, "likes": {"groups": [], "summary": "1 like", "count": 1}, "todo": {"count": 1}, "agreeCount": 1, "canonicalUrl": "https://foursquare.com/item/4c25c698c11dc9b699d02724", "type": "user", "user": {"gender": "male", "id": "1248126", "photo": {"prefix": "https://igx.4sqi.net/img/user/", "suffix": "/AIO2JYXQNCML5GQ2.jpg"}, "firstName": "Jun Da", "lastName": "Ng"}}]}, {"reasons": {"items": [{"reasonName": "globalInteractionReason", "summary": "This spot is popular", "type": "general"}], "count": 0}, "venue": {"hereNow": {"groups": [], "summary": "Nobody here", "count": 0}, "contact": {"phone": "+6568938123", "formattedPhone": "+65 6893 8123"}, "photos": {"groups": [], "count": 0}, "name": "Crystal Jade My Bread", "allowMenuUrlEdit": true, "beenHere": {"lastCheckinExpiredAt": 0, "count": 0, "marked": false}, "stats": {"checkinsCount": 99, "usersCount": 67, "tipCount": 0}, "id": "4c3e9e6ab8b4be9adc76ccef", "categories": [{"pluralName": "Bakeries", "id": "4bf58dd8d48988d16a941735", "primary": true, "icon": {"prefix": "https://ss3.4sqi.net/img/categories_v2/food/bakery_", "suffix": ".png"}, "name": "Bakery", "shortName": "Bakery"}], "location": {"lat": 1.4356895885959955, "distance": 133, "country": "Singapore", "cc": "SG", "crossStreet": "1 Woodlands Sq.", "formattedAddress": ["#B1-K21, Causeway Point (1 Woodlands Sq.)", "738099", "Singapore"], "city": "Woodlands New Town", "lng": 103.78632346302454, "state": "Singapore", "labeledLatLngs": [{"lng": 103.78632346302454, "label": "display", "lat": 1.4356895885959955}], "address": "#B1-K21, Causeway Point", "postalCode": "738099"}, "verified": false, "price": {"tier": 1, "currency": "$", "message": "Cheap"}}, "referralId": "e-3-4c3e9e6ab8b4be9adc76ccef-30"}, {"reasons": {"items": [{"reasonName": "globalInteractionReason", "summary": "This spot is popular", "type": "general"}], "count": 0}, "venue": {"hereNow": {"groups": [], "summary": "Nobody here", "count": 0}, "contact": {"phone": "+6567671090", "formattedPhone": "+65 6767 1090"}, "photos": {"groups": [], "count": 0}, "name": "Bengawan Solo", "allowMenuUrlEdit": true, "beenHere": {"lastCheckinExpiredAt": 0, "count": 0, "marked": false}, "stats": {"checkinsCount": 71, "usersCount": 55, "tipCount": 1}, "id": "4bd5366d6798ef3b1817638d", "categories": [{"pluralName": "Bakeries", "id": "4bf58dd8d48988d16a941735", "primary": true, "icon": {"prefix": "https://ss3.4sqi.net/img/categories_v2/food/bakery_", "suffix": ".png"}, "name": "Bakery", "shortName": "Bakery"}], "url": "http://www.bengawansolo.com.sg", "location": {"lat": 1.4362008745008217, "distance": 76, "country": "Singapore", "cc": "SG", "crossStreet": "1 Woodlands Sq.", "formattedAddress": ["#B1-33, Causeway Point (1 Woodlands Sq.)", "738099", "Singapore"], "neighborhood": "Woodlands,", "city": "Singapore", "lng": 103.7866120723629, "labeledLatLngs": [{"lng": 103.7866120723629, "label": "display", "lat": 1.4362008745008217}], "address": "#B1-33, Causeway Point", "postalCode": "738099"}, "hours": {"isLocalHoliday": false, "isOpen": true, "status": "Open until 10:00 PM"}, "verified": false, "price": {"tier": 1, "currency": "$", "message": "Cheap"}}, "referralId": "e-3-4bd5366d6798ef3b1817638d-31", "tips": [{"id": "4ce61cd0d99f721e5a2fa273", "text": "Best kuih lapis sagu..:D", "disagreeCount": 0, "createdAt": 1290149072, "logView": true, "todo": {"count": 0}, "agreeCount": 0, "canonicalUrl": "https://foursquare.com/item/4ce61cd0d99f721e5a2fa273", "type": "user", "user": {"id": "3050409", "photo": {"prefix": "https://igx.4sqi.net/img/user/", "suffix": "/YOI5TJO2NZIO52NB.jpg"}, "firstName": "Diana", "gender": "female"}}]}, {"reasons": {"items": [{"reasonName": "globalInteractionReason", "summary": "This spot is popular", "type": "general"}], "count": 0}, "venue": {"hereNow": {"groups": [], "summary": "Nobody here", "count": 0}, "contact": {"phone": "+6568934344", "formattedPhone": "+65 6893 4344"}, "photos": {"groups": [], "count": 0}, "name": "BreadTalk", "allowMenuUrlEdit": true, "beenHere": {"lastCheckinExpiredAt": 0, "count": 0, "marked": false}, "stats": {"checkinsCount": 754, "usersCount": 352, "tipCount": 2}, "id": "4bd536f86798ef3bac17638d", "categories": [{"pluralName": "Bakeries", "id": "4bf58dd8d48988d16a941735", "primary": true, "icon": {"prefix": "https://ss3.4sqi.net/img/categories_v2/food/bakery_", "suffix": ".png"}, "name": "Bakery", "shortName": "Bakery"}], "location": {"lng": 103.78634609902873, "formattedAddress": ["#01-38, Causeway Point (1 Woodlands Square)", "738099", "Singapore"], "postalCode": "738099", "lat": 1.4367120451606683, "crossStreet": "1 Woodlands Square", "country": "Singapore", "distance": 23, "city": "Singapore", "cc": "SG", "address": "#01-38, Causeway Point", "labeledLatLngs": [{"lng": 103.78634609902873, "label": "display", "lat": 1.4367120451606683}]}, "hours": {"isLocalHoliday": false, "isOpen": true, "status": "Likely open"}, "verified": false, "price": {"tier": 1, "currency": "$", "message": "Cheap"}}, "referralId": "e-3-4bd536f86798ef3bac17638d-32", "tips": [{"id": "4e6dd956fa768e6cee3bfd42", "text": "waiting for by and fabian:-)", "disagreeCount": 0, "createdAt": 1315821910, "logView": true, "todo": {"count": 0}, "agreeCount": 0, "canonicalUrl": "https://foursquare.com/item/4e6dd956fa768e6cee3bfd42", "type": "user", "user": {"id": "6699521", "photo": {"prefix": "https://igx.4sqi.net/img/user/", "suffix": "/6699521-4ZCCCGHREKHFB1JX.jpg"}, "firstName": "ZhennYii", "gender": "female"}}]}, {"reasons": {"items": [{"reasonName": "globalInteractionReason", "summary": "This spot is popular", "type": "general"}], "count": 0}, "venue": {"hereNow": {"groups": [], "summary": "Nobody here", "count": 0}, "contact": {}, "photos": {"groups": [], "count": 0}, "name": "Shihlin Taiwan Street Snacks", "allowMenuUrlEdit": true, "beenHere": {"lastCheckinExpiredAt": 0, "count": 0, "marked": false}, "stats": {"checkinsCount": 99, "usersCount": 79, "tipCount": 0}, "id": "51826d4d498ed06e0272e3e5", "categories": [{"pluralName": "Snack Places", "id": "4bf58dd8d48988d1c7941735", "primary": true, "icon": {"prefix": "https://ss3.4sqi.net/img/categories_v2/food/snacks_", "suffix": ".png"}, "name": "Snack Place", "shortName": "Snacks"}], "location": {"formattedAddress": ["Causeway Point", "Singapore"], "lat": 1.4365405900249233, "lng": 103.78641400706414, "distance": 38, "country": "Singapore", "cc": "SG", "address": "Causeway Point", "labeledLatLngs": [{"lng": 103.78641400706414, "label": "display", "lat": 1.4365405900249233}]}, "verified": false, "price": {"tier": 1, "currency": "$", "message": "Cheap"}}, "referralId": "e-3-51826d4d498ed06e0272e3e5-33"}, {"reasons": {"items": [{"reasonName": "globalInteractionReason", "summary": "This spot is popular", "type": "general"}], "count": 0}, "venue": {"hereNow": {"groups": [], "summary": "Nobody here", "count": 0}, "contact": {}, "photos": {"groups": [], "count": 0}, "name": "51 Beancurd", "allowMenuUrlEdit": true, "beenHere": {"lastCheckinExpiredAt": 0, "count": 0, "marked": false}, "stats": {"checkinsCount": 50, "usersCount": 30, "tipCount": 0}, "id": "505aad43e4b049714ffab36a", "categories": [{"pluralName": "Asian Restaurants", "id": "4bf58dd8d48988d142941735", "primary": true, "icon": {"prefix": "https://ss3.4sqi.net/img/categories_v2/food/asian_", "suffix": ".png"}, "name": "Asian Restaurant", "shortName": "Asian"}], "location": {"formattedAddress": ["Causeway Point", "Singapore"], "lat": 1.4370997865455577, "lng": 103.78707611220302, "state": "Singapore", "country": "Singapore", "distance": 70, "city": "Woodlands New Town", "cc": "SG", "address": "Causeway Point", "labeledLatLngs": [{"lng": 103.78707611220302, "label": "display", "lat": 1.4370997865455577}]}, "verified": false, "price": {"tier": 2, "currency": "$", "message": "Moderate"}}, "referralId": "e-3-505aad43e4b049714ffab36a-34"}, {"reasons": {"items": [{"reasonName": "globalInteractionReason", "summary": "This spot is popular", "type": "general"}], "count": 0}, "venue": {"hereNow": {"groups": [], "summary": "Nobody here", "count": 0}, "contact": {}, "photos": {"groups": [], "count": 0}, "name": "24hrs Mac @ Cwp", "allowMenuUrlEdit": true, "beenHere": {"lastCheckinExpiredAt": 0, "count": 0, "marked": false}, "stats": {"checkinsCount": 76, "usersCount": 37, "tipCount": 0}, "id": "4d86222799b78cfa5a8cdd1f", "categories": [{"pluralName": "Fast Food Restaurants", "id": "4bf58dd8d48988d16e941735", "primary": true, "icon": {"prefix": "https://ss3.4sqi.net/img/categories_v2/food/fastfood_", "suffix": ".png"}, "name": "Fast Food Restaurant", "shortName": "Fast Food"}], "location": {"formattedAddress": ["Singapore"], "lat": 1.436667, "lng": 103.786238, "distance": 35, "country": "Singapore", "cc": "SG", "labeledLatLngs": [{"lng": 103.786238, "label": "display", "lat": 1.436667}]}, "verified": false, "price": {"tier": 1, "currency": "$", "message": "Cheap"}}, "referralId": "e-3-4d86222799b78cfa5a8cdd1f-35"}, {"reasons": {"items": [{"reasonName": "globalInteractionReason", "summary": "This spot is popular", "type": "general"}], "count": 0}, "venue": {"hereNow": {"groups": [], "summary": "Nobody here", "count": 0}, "contact": {}, "photos": {"groups": [], "count": 0}, "name": "Pezzo", "allowMenuUrlEdit": true, "beenHere": {"lastCheckinExpiredAt": 0, "count": 0, "marked": false}, "stats": {"checkinsCount": 35, "usersCount": 26, "tipCount": 0}, "id": "527f201111d20c8dbb1cfc38", "categories": [{"pluralName": "Pizza Places", "id": "4bf58dd8d48988d1ca941735", "primary": true, "icon": {"prefix": "https://ss3.4sqi.net/img/categories_v2/food/pizza_", "suffix": ".png"}, "name": "Pizza Place", "shortName": "Pizza"}], "location": {"formattedAddress": ["Causeway Point", "Singapore"], "lat": 1.4365669316443364, "lng": 103.78689502329478, "distance": 57, "country": "Singapore", "cc": "SG", "address": "Causeway Point", "labeledLatLngs": [{"lng": 103.78689502329478, "label": "display", "lat": 1.4365669316443364}]}, "verified": false, "price": {"tier": 1, "currency": "$", "message": "Cheap"}}, "referralId": "e-3-527f201111d20c8dbb1cfc38-36"}, {"reasons": {"items": [{"reasonName": "globalInteractionReason", "summary": "This spot is popular", "type": "general"}], "count": 0}, "venue": {"hereNow": {"groups": [], "summary": "Nobody here", "count": 0}, "contact": {}, "photos": {"groups": [], "count": 0}, "name": "Level 5 Foodcourt", "allowMenuUrlEdit": true, "beenHere": {"lastCheckinExpiredAt": 0, "count": 0, "marked": false}, "stats": {"checkinsCount": 75, "usersCount": 43, "tipCount": 0}, "id": "4d36dfda00946ea8c28284ec", "categories": [{"pluralName": "Restaurants", "id": "4bf58dd8d48988d1c4941735", "primary": true, "icon": {"prefix": "https://ss3.4sqi.net/img/categories_v2/food/default_", "suffix": ".png"}, "name": "Restaurant", "shortName": "Restaurant"}], "location": {"formattedAddress": ["Woodlands Causeway Point", "Singapore"], "lat": 1.435505991383153, "lng": 103.7855390305648, "distance": 185, "country": "Singapore", "cc": "SG", "address": "Woodlands Causeway Point", "labeledLatLngs": [{"lng": 103.7855390305648, "label": "display", "lat": 1.435505991383153}]}, "verified": false, "price": {"tier": 2, "currency": "$", "message": "Moderate"}}, "referralId": "e-3-4d36dfda00946ea8c28284ec-37"}, {"reasons": {"items": [{"reasonName": "globalInteractionReason", "summary": "This spot is popular", "type": "general"}], "count": 0}, "venue": {"hereNow": {"groups": [], "summary": "Nobody here", "count": 0}, "contact": {}, "photos": {"groups": [], "count": 0}, "name": "Khun Thai", "allowMenuUrlEdit": true, "beenHere": {"lastCheckinExpiredAt": 0, "count": 0, "marked": false}, "stats": {"checkinsCount": 120, "usersCount": 79, "tipCount": 1}, "id": "53a4340c498eac9e6415344b", "categories": [{"pluralName": "Caf\u00e9s", "id": "4bf58dd8d48988d16d941735", "primary": true, "icon": {"prefix": "https://ss3.4sqi.net/img/categories_v2/food/cafe_", "suffix": ".png"}, "name": "Caf\u00e9", "shortName": "Caf\u00e9"}], "location": {"lat": 1.4368877081974125, "distance": 64, "country": "Singapore", "cc": "SG", "crossStreet": "30 Woodlands Ave 2", "formattedAddress": ["#01-02, Woodlands Xchange (30 Woodlands Ave 2)", "738343", "Singapore"], "neighborhood": "Woodlands, Singapore", "city": "Singapore", "lng": 103.78706479413913, "labeledLatLngs": [{"lng": 103.78706479413913, "label": "display", "lat": 1.4368877081974125}], "address": "#01-02, Woodlands Xchange", "postalCode": "738343"}, "hours": {"isLocalHoliday": false, "isOpen": true, "status": "Open"}, "verified": false, "price": {"tier": 1, "currency": "$", "message": "Cheap"}}, "referralId": "e-3-53a4340c498eac9e6415344b-38", "tips": [{"todo": {"count": 0}, "id": "5371fa7511d26dd2ea4dc548", "text": "Rude staff and disgusting food. Staff will shout at you for asking a simple question. The egg had an oyster-like thing inside. Don't eat at this place.", "disagreeCount": 0, "createdAt": 1399978613, "logView": true, "editedAt": 1399978677, "agreeCount": 0, "canonicalUrl": "https://foursquare.com/item/5371fa7511d26dd2ea4dc548", "type": "user", "user": {"id": "85821640", "photo": {"prefix": "https://igx.4sqi.net/img/user/", "default": true, "suffix": "/blank_boy.png"}, "firstName": "Jaeger", "gender": "none"}}]}, {"reasons": {"items": [{"reasonName": "globalInteractionReason", "summary": "This spot is popular", "type": "general"}], "count": 0}, "venue": {"hereNow": {"groups": [], "summary": "Nobody here", "count": 0}, "contact": {}, "photos": {"groups": [], "count": 0}, "name": "Woodlands Pasar Malam", "allowMenuUrlEdit": true, "beenHere": {"lastCheckinExpiredAt": 0, "count": 0, "marked": false}, "stats": {"checkinsCount": 413, "usersCount": 191, "tipCount": 2}, "id": "4d282cb7b818a35dd4bc928a", "categories": [{"pluralName": "Snack Places", "id": "4bf58dd8d48988d1c7941735", "primary": true, "icon": {"prefix": "https://ss3.4sqi.net/img/categories_v2/food/snacks_", "suffix": ".png"}, "name": "Snack Place", "shortName": "Snacks"}], "location": {"formattedAddress": ["Singapore"], "lat": 1.4365845507035642, "lng": 103.78686672817484, "distance": 53, "country": "Singapore", "cc": "SG", "labeledLatLngs": [{"lng": 103.78686672817484, "label": "display", "lat": 1.4365845507035642}]}, "hours": {"isLocalHoliday": false, "isOpen": true, "status": "Likely open"}, "verified": false, "price": {"tier": 1, "currency": "$", "message": "Cheap"}}, "referralId": "e-3-4d282cb7b818a35dd4bc928a-39", "tips": [{"id": "54158715498e054cb17c963e", "text": "Lepak after prac", "disagreeCount": 0, "createdAt": 1410696981, "logView": true, "todo": {"count": 0}, "agreeCount": 0, "canonicalUrl": "https://foursquare.com/item/54158715498e054cb17c963e", "type": "user", "user": {"gender": "female", "id": "21871989", "photo": {"prefix": "https://igx.4sqi.net/img/user/", "suffix": "/1ZL2KJGVRLMLVKNZ.jpg"}, "firstName": "Ilah", "lastName": "Nabilah"}}]}, {"reasons": {"items": [{"reasonName": "globalInteractionReason", "summary": "This spot is popular", "type": "general"}], "count": 0}, "venue": {"hereNow": {"groups": [], "summary": "Nobody here", "count": 0}, "contact": {}, "photos": {"groups": [], "count": 0}, "name": "LJS", "allowMenuUrlEdit": true, "beenHere": {"lastCheckinExpiredAt": 0, "count": 0, "marked": false}, "stats": {"checkinsCount": 103, "usersCount": 74, "tipCount": 0}, "id": "4d48bb81b73fb1f7b048a032", "categories": [{"pluralName": "Fast Food Restaurants", "id": "4bf58dd8d48988d16e941735", "primary": true, "icon": {"prefix": "https://ss3.4sqi.net/img/categories_v2/food/fastfood_", "suffix": ".png"}, "name": "Fast Food Restaurant", "shortName": "Fast Food"}], "location": {"formattedAddress": ["@ Causeway Point", "Singapore"], "lat": 1.436244388239246, "lng": 103.78643664308353, "country": "Singapore", "distance": 70, "city": "Singapore", "cc": "SG", "address": "@ Causeway Point", "labeledLatLngs": [{"lng": 103.78643664308353, "label": "display", "lat": 1.436244388239246}]}, "verified": false, "price": {"tier": 1, "currency": "$", "message": "Cheap"}}, "referralId": "e-3-4d48bb81b73fb1f7b048a032-40"}, {"reasons": {"items": [{"reasonName": "globalInteractionReason", "summary": "This spot is popular", "type": "general"}], "count": 0}, "venue": {"hereNow": {"groups": [], "summary": "Nobody here", "count": 0}, "contact": {}, "photos": {"groups": [], "count": 0}, "name": "Shihlin Taiwan Street Snack @Woodlands Xchange", "allowMenuUrlEdit": true, "beenHere": {"lastCheckinExpiredAt": 0, "count": 0, "marked": false}, "stats": {"checkinsCount": 33, "usersCount": 22, "tipCount": 0}, "id": "51a5db51498ece8cbd597032", "categories": [{"pluralName": "Snack Places", "id": "4bf58dd8d48988d1c7941735", "primary": true, "icon": {"prefix": "https://ss3.4sqi.net/img/categories_v2/food/snacks_", "suffix": ".png"}, "name": "Snack Place", "shortName": "Snacks"}], "location": {"formattedAddress": ["Woodlands Xchange", "Singapore"], "lat": 1.4366148597957002, "lng": 103.78634044002732, "distance": 33, "country": "Singapore", "cc": "SG", "address": "Woodlands Xchange", "labeledLatLngs": [{"lng": 103.78634044002732, "label": "display", "lat": 1.4366148597957002}]}, "verified": false, "price": {"tier": 1, "currency": "$", "message": "Cheap"}}, "referralId": "e-3-51a5db51498ece8cbd597032-41"}, {"reasons": {"items": [{"reasonName": "globalInteractionReason", "summary": "This spot is popular", "type": "general"}], "count": 0}, "venue": {"hereNow": {"groups": [], "summary": "Nobody here", "count": 0}, "contact": {}, "photos": {"groups": [], "count": 0}, "name": "Old Chang Kee", "allowMenuUrlEdit": true, "beenHere": {"lastCheckinExpiredAt": 0, "count": 0, "marked": false}, "stats": {"checkinsCount": 587, "usersCount": 226, "tipCount": 0}, "id": "4d32a18598336dcbd40326f0", "categories": [{"pluralName": "Snack Places", "id": "4bf58dd8d48988d1c7941735", "primary": true, "icon": {"prefix": "https://ss3.4sqi.net/img/categories_v2/food/snacks_", "suffix": ".png"}, "name": "Snack Place", "shortName": "Snacks"}], "location": {"lng": 103.78643098407834, "formattedAddress": ["#01-K11 Causeway Point, 1 Woodlands Square (1 Woodlands Sq.)", "Singapore"], "lat": 1.4366732442544323, "crossStreet": "1 Woodlands Sq.", "country": "Singapore", "distance": 23, "city": "Singapore", "cc": "SG", "address": "#01-K11 Causeway Point, 1 Woodlands Square", "labeledLatLngs": [{"lng": 103.78643098407834, "label": "display", "lat": 1.4366732442544323}]}, "hours": {"isLocalHoliday": false, "isOpen": true, "status": "Likely open"}, "verified": false, "price": {"tier": 1, "currency": "$", "message": "Cheap"}}, "referralId": "e-3-4d32a18598336dcbd40326f0-42"}, {"reasons": {"items": [{"reasonName": "globalInteractionReason", "summary": "This spot is popular", "type": "general"}], "count": 0}, "venue": {"hereNow": {"groups": [{"items": [], "name": "Other people here", "count": 1, "type": "others"}], "summary": "One other person is here", "count": 1}, "contact": {}, "photos": {"groups": [], "count": 0}, "name": "Daessikin Korean Grill BBQ Buffet Restaurant", "allowMenuUrlEdit": true, "beenHere": {"lastCheckinExpiredAt": 0, "count": 0, "marked": false}, "stats": {"checkinsCount": 194, "usersCount": 145, "tipCount": 0}, "id": "57170520498eb04561d8947d", "categories": [{"pluralName": "BBQ Joints", "id": "4bf58dd8d48988d1df931735", "primary": true, "icon": {"prefix": "https://ss3.4sqi.net/img/categories_v2/food/bbqalt_", "suffix": ".png"}, "name": "BBQ Joint", "shortName": "BBQ"}], "location": {"formattedAddress": ["1 Woodlands Square #05-11 Causeway Point", "738099", "Singapore"], "postalCode": "738099", "lat": 1.4357764048881776, "lng": 103.78563872569535, "state": "Sungapore", "distance": 154, "country": "Singapore", "cc": "SG", "address": "1 Woodlands Square #05-11 Causeway Point", "labeledLatLngs": [{"lng": 103.78563872569535, "label": "display", "lat": 1.4357764048881776}]}, "verified": false, "price": {"tier": 2, "currency": "$", "message": "Moderate"}}, "referralId": "e-3-57170520498eb04561d8947d-43"}, {"reasons": {"items": [{"reasonName": "globalInteractionReason", "summary": "This spot is popular", "type": "general"}], "count": 0}, "venue": {"hereNow": {"groups": [], "summary": "Nobody here", "count": 0}, "contact": {}, "photos": {"groups": [], "count": 0}, "name": "Kazokutei \u5bb6\u65cf\u4ead", "allowMenuUrlEdit": true, "beenHere": {"lastCheckinExpiredAt": 0, "count": 0, "marked": false}, "stats": {"checkinsCount": 110, "usersCount": 95, "tipCount": 0}, "id": "4eb606979adfc68712aeeb04", "categories": [{"pluralName": "Japanese Restaurants", "id": "4bf58dd8d48988d111941735", "primary": true, "icon": {"prefix": "https://ss3.4sqi.net/img/categories_v2/food/japanese_", "suffix": ".png"}, "name": "Japanese Restaurant", "shortName": "Japanese"}], "location": {"formattedAddress": ["Causeway Point", "Singapore"], "lat": 1.4358863598858755, "lng": 103.78613105714246, "country": "Singapore", "distance": 116, "city": "Singapore", "cc": "SG", "address": "Causeway Point", "labeledLatLngs": [{"lng": 103.78613105714246, "label": "display", "lat": 1.4358863598858755}]}, "verified": false, "price": {"tier": 2, "currency": "$", "message": "Moderate"}}, "referralId": "e-3-4eb606979adfc68712aeeb04-44"}, {"reasons": {"items": [{"reasonName": "globalInteractionReason", "summary": "This spot is popular", "type": "general"}], "count": 0}, "venue": {"hereNow": {"groups": [], "summary": "Nobody here", "count": 0}, "contact": {"phone": "+6563661042", "formattedPhone": "+65 6366 1042"}, "photos": {"groups": [], "count": 0}, "name": "Sushi Take-out", "allowMenuUrlEdit": true, "beenHere": {"lastCheckinExpiredAt": 0, "count": 0, "marked": false}, "stats": {"checkinsCount": 329, "usersCount": 122, "tipCount": 4}, "id": "51750669498e2885f078d645", "categories": [{"pluralName": "Sushi Restaurants", "id": "4bf58dd8d48988d1d2941735", "primary": true, "icon": {"prefix": "https://ss3.4sqi.net/img/categories_v2/food/sushi_", "suffix": ".png"}, "name": "Sushi Restaurant", "shortName": "Sushi"}], "location": {"formattedAddress": ["30 Woodlands Avenue 2 #01-30 Woodlands MRT", "738343", "Singapore"], "postalCode": "738343", "lat": 1.4383077321423887, "lng": 103.78618764707925, "distance": 162, "country": "Singapore", "cc": "SG", "address": "30 Woodlands Avenue 2 #01-30 Woodlands MRT", "labeledLatLngs": [{"lng": 103.78618764707925, "label": "display", "lat": 1.4383077321423887}]}, "hours": {"isLocalHoliday": false, "isOpen": true, "status": "Likely open"}, "verified": false, "price": {"tier": 2, "currency": "$", "message": "Moderate"}}, "referralId": "e-3-51750669498e2885f078d645-45", "tips": [{"logView": true, "photo": {"id": "54040b8f498e24c17598e3e7", "visibility": "public", "source": {"name": "Foursquare for Android", "url": "https://foursquare.com/download/#/android"}, "suffix": "/7340834_Wl8Dt4kwPqOaUD1092-P9-i7_VFXShRYkbhXqKLEvEA.jpg", "createdAt": 1409551247, "prefix": "https://igx.4sqi.net/img/general/", "width": 960, "height": 540}, "createdAt": 1409551246, "agreeCount": 0, "id": "54040b8e498ec4d2abad565b", "text": "Cheap sushi here 6 for only $3.00", "type": "user", "disagreeCount": 0, "user": {"gender": "male", "id": "7340834", "photo": {"prefix": "https://igx.4sqi.net/img/user/", "suffix": "/7340834_95LK2fIA_GpYKfryke2_vzr-sIMQKcuJhQJUFe_l5ysSsiK4XrHWZ8PdZWU2XRnbRR0An48I6.jpg"}, "firstName": "Johnny", "lastName": "@home"}, "canonicalUrl": "https://foursquare.com/item/54040b8e498ec4d2abad565b", "todo": {"count": 0}, "photourl": "https://igx.4sqi.net/img/general/original/7340834_Wl8Dt4kwPqOaUD1092-P9-i7_VFXShRYkbhXqKLEvEA.jpg"}]}, {"reasons": {"items": [{"reasonName": "globalInteractionReason", "summary": "This spot is popular", "type": "general"}], "count": 0}, "venue": {"hereNow": {"groups": [], "summary": "Nobody here", "count": 0}, "contact": {}, "photos": {"groups": [], "count": 0}, "name": "Dip n Go", "allowMenuUrlEdit": true, "beenHere": {"lastCheckinExpiredAt": 0, "count": 0, "marked": false}, "stats": {"checkinsCount": 165, "usersCount": 94, "tipCount": 0}, "id": "517e349de4b08338dc565d79", "categories": [{"pluralName": "Snack Places", "id": "4bf58dd8d48988d1c7941735", "primary": true, "icon": {"prefix": "https://ss3.4sqi.net/img/categories_v2/food/snacks_", "suffix": ".png"}, "name": "Snack Place", "shortName": "Snacks"}], "location": {"lng": 103.78651586918141, "formattedAddress": ["#01-31 Woodlands MRT Station (30 Woodlands Avenue 2)", "738343", "Singapore"], "postalCode": "738343", "lat": 1.4367004625798, "crossStreet": "30 Woodlands Avenue 2", "state": "Singapore", "distance": 19, "country": "Singapore", "cc": "SG", "address": "#01-31 Woodlands MRT Station", "labeledLatLngs": [{"lng": 103.78651586918141, "label": "display", "lat": 1.4367004625798}]}, "verified": false, "price": {"tier": 1, "currency": "$", "message": "Cheap"}}, "referralId": "e-3-517e349de4b08338dc565d79-46"}, {"reasons": {"items": [{"reasonName": "globalInteractionReason", "summary": "This spot is popular", "type": "general"}], "count": 0}, "venue": {"hereNow": {"groups": [], "summary": "Nobody here", "count": 0}, "contact": {}, "photos": {"groups": [], "count": 0}, "name": "Mugiya \u9ea6\u5c4b", "allowMenuUrlEdit": true, "beenHere": {"lastCheckinExpiredAt": 0, "count": 0, "marked": false}, "stats": {"checkinsCount": 62, "usersCount": 22, "tipCount": 1}, "id": "517e8738e4b0c2c02913fcb8", "categories": [{"pluralName": "Bakeries", "id": "4bf58dd8d48988d16a941735", "primary": true, "icon": {"prefix": "https://ss3.4sqi.net/img/categories_v2/food/bakery_", "suffix": ".png"}, "name": "Bakery", "shortName": "Bakery"}], "location": {"formattedAddress": ["1 Woodlands Square (Woodlands MRT)", "Singapore"], "lat": 1.436565754673457, "lng": 103.78676486579229, "distance": 46, "country": "Singapore", "cc": "SG", "address": "1 Woodlands Square (Woodlands MRT)", "labeledLatLngs": [{"lng": 103.78676486579229, "label": "display", "lat": 1.436565754673457}]}, "verified": false, "price": {"tier": 1, "currency": "$", "message": "Cheap"}}, "referralId": "e-3-517e8738e4b0c2c02913fcb8-47", "tips": [{"id": "51a0e019498ef989f4c9f511", "text": "yum..yum..", "disagreeCount": 0, "createdAt": 1369497625, "logView": true, "todo": {"count": 0}, "agreeCount": 0, "canonicalUrl": "https://foursquare.com/item/51a0e019498ef989f4c9f511", "type": "user", "user": {"gender": "female", "id": "53570404", "photo": {"prefix": "https://igx.4sqi.net/img/user/", "suffix": "/4Z0F5EICG5DADFIR.jpg"}, "firstName": "Wilma", "lastName": "Cinco"}}]}, {"reasons": {"items": [{"reasonName": "globalInteractionReason", "summary": "This spot is popular", "type": "general"}], "count": 0}, "venue": {"hereNow": {"groups": [], "summary": "Nobody here", "count": 0}, "contact": {"facebook": "104323209655411", "facebookUsername": "aoneclaypothouse", "facebookName": "A-One Claypot House", "phone": "+6562195117", "formattedPhone": "+65 6219 5117"}, "photos": {"groups": [], "count": 0}, "menu": {"mobileUrl": "http://www.aonegroup.sg/site/menu/", "externalUrl": "http://www.aonegroup.sg/site/menu/", "url": "http://www.aonegroup.sg/site/menu/", "anchor": "View Menu", "label": "Menu", "type": "Menu"}, "name": "A-One Claypot House", "allowMenuUrlEdit": true, "categories": [{"pluralName": "Asian Restaurants", "id": "4bf58dd8d48988d142941735", "primary": true, "icon": {"prefix": "https://ss3.4sqi.net/img/categories_v2/food/asian_", "suffix": ".png"}, "name": "Asian Restaurant", "shortName": "Asian"}], "stats": {"checkinsCount": 52, "usersCount": 49, "tipCount": 2}, "id": "541bc00f498e76f1b4252776", "beenHere": {"lastCheckinExpiredAt": 0, "count": 0, "marked": false}, "url": "http://www.aonegroup.sg", "location": {"lat": 1.4362589160373245, "distance": 70, "country": "Singapore", "cc": "SG", "crossStreet": "1 Woodlands Sq.", "formattedAddress": ["#03-31, Causeway Point (1 Woodlands Sq.)", "738099", "Singapore"], "neighborhood": "Woodlands,", "city": "Singapore", "lng": 103.78633478102617, "labeledLatLngs": [{"lng": 103.78633478102617, "label": "display", "lat": 1.4362589160373245}], "address": "#03-31, Causeway Point", "postalCode": "738099"}, "hours": {"isLocalHoliday": false, "isOpen": true, "status": "Open until 9:30 PM"}, "verified": false, "price": {"tier": 2, "currency": "$", "message": "Moderate"}}, "referralId": "e-3-541bc00f498e76f1b4252776-48", "tips": [{"logView": true, "photo": {"id": "5698fc14498efbeb272510cc", "visibility": "public", "source": {"name": "Foursquare for iOS", "url": "https://foursquare.com/download/#/iphone"}, "suffix": "/95580644_evQgBV7Yt44RL09v0RSlhpNPNn-Mgdp2RxhKqogMVSQ.jpg", "createdAt": 1452866580, "prefix": "https://igx.4sqi.net/img/general/", "width": 1920, "height": 1440}, "createdAt": 1452866574, "agreeCount": 0, "id": "5698fc0e498e3af851344ba2", "text": "Recommended! Delicious salted egg butter pork\ud83d\udc4d", "type": "user", "disagreeCount": 0, "user": {"gender": "female", "id": "95580644", "photo": {"prefix": "https://igx.4sqi.net/img/user/", "suffix": "/95580644-GCEEH5V5CNES3VBH.jpg"}, "firstName": "Jess", "lastName": "Yeap"}, "canonicalUrl": "https://foursquare.com/item/5698fc0e498e3af851344ba2", "todo": {"count": 0}, "photourl": "https://igx.4sqi.net/img/general/original/95580644_evQgBV7Yt44RL09v0RSlhpNPNn-Mgdp2RxhKqogMVSQ.jpg"}]}, {"reasons": {"items": [{"reasonName": "globalInteractionReason", "summary": "This spot is popular", "type": "general"}], "count": 0}, "venue": {"hereNow": {"groups": [], "summary": "Nobody here", "count": 0}, "contact": {"facebook": "104323209655411", "facebookUsername": "aoneclaypothouse", "facebookName": "A-One Claypot House", "phone": "+6562195117", "formattedPhone": "+65 6219 5117"}, "photos": {"groups": [], "count": 0}, "menu": {"mobileUrl": "http://www.aonegroup.sg/site/menu/", "externalUrl": "http://www.aonegroup.sg/site/menu/", "url": "http://www.aonegroup.sg/site/menu/", "anchor": "View Menu", "label": "Menu", "type": "Menu"}, "name": "A-One Claypot house", "allowMenuUrlEdit": true, "categories": [{"pluralName": "Asian Restaurants", "id": "4bf58dd8d48988d142941735", "primary": true, "icon": {"prefix": "https://ss3.4sqi.net/img/categories_v2/food/asian_", "suffix": ".png"}, "name": "Asian Restaurant", "shortName": "Asian"}], "stats": {"checkinsCount": 204, "usersCount": 160, "tipCount": 3}, "id": "540c1179498e05abd2e918aa", "beenHere": {"lastCheckinExpiredAt": 0, "count": 0, "marked": false}, "url": "http://www.aonegroup.sg", "location": {"lat": 1.4358794766987961, "distance": 110, "country": "Singapore", "cc": "SG", "crossStreet": "1 Woodlands Square", "formattedAddress": ["#03-31, Causeway Point (1 Woodlands Square)", "738099", "Singapore"], "neighborhood": "woodla", "city": "Singapore", "lng": 103.7864932331487, "labeledLatLngs": [{"lng": 103.7864932331487, "label": "display", "lat": 1.4358794766987961}], "address": "#03-31, Causeway Point", "postalCode": "738099"}, "hours": {"isLocalHoliday": false, "isOpen": true, "status": "Open until 9:30 AM"}, "verified": false, "price": {"tier": 2, "currency": "$", "message": "Moderate"}}, "referralId": "e-3-540c1179498e05abd2e918aa-49", "tips": [{"id": "57383787498ef6c026a73a60", "text": "Overall we are happy with the foods and services.", "disagreeCount": 0, "createdAt": 1463302023, "logView": true, "todo": {"count": 0}, "agreeCount": 0, "canonicalUrl": "https://foursquare.com/item/57383787498ef6c026a73a60", "type": "user", "user": {"gender": "female", "id": "154841719", "photo": {"prefix": "https://igx.4sqi.net/img/user/", "suffix": "/154841719_Hs4ClEMn_AA9CQSBwyOalAsmPk6oZ5IbWrBxq-6koFIaPVVIiUAgU8Q0RpOpL8WVFA40qXbNs.jpg"}, "firstName": "Kuan", "lastName": "Yeap"}}]}], "name": "recommended", "type": "Recommended Places"}], "query": "food", "headerLocation": "Woodlands"}}