{"meta": {"code": 200, "requestId": "595a3a3fdb04f562f02d68f0"}, "response": {"suggestedFilters": {"filters": [{"name": "Open now", "key": "openNow"}], "header": "Tap to show:"}, "totalResults": 36, "headerFullLocation": "Punggol, Singapore", "headerLocationGranularity": "neighborhood", "suggestedBounds": {"ne": {"lng": 103.92367537056727, "lat": 1.4067848599611172}, "sw": {"lng": 103.90929795338074, "lat": 1.392384845561103}}, "groups": [{"items": [{"reasons": {"items": [{"reasonName": "globalInteractionReason", "summary": "This spot is popular", "type": "general"}], "count": 0}, "venue": {"hereNow": {"groups": [], "summary": "Nobody here", "count": 0}, "contact": {"facebook": "1522804887934299", "facebookUsername": "whiskandpaddlecafe", "facebookName": "Whisk & Paddle", "phone": "+6562424617", "formattedPhone": "+65 6242 4617"}, "photos": {"groups": [], "count": 0}, "rating": 7.1, "name": "Whisk & Paddle", "ratingSignals": 92, "allowMenuUrlEdit": true, "categories": [{"pluralName": "Caf\u00e9s", "id": "4bf58dd8d48988d16d941735", "primary": true, "icon": {"prefix": "https://ss3.4sqi.net/img/categories_v2/food/cafe_", "suffix": ".png"}, "name": "Caf\u00e9", "shortName": "Caf\u00e9"}], "stats": {"checkinsCount": 1551, "usersCount": 1136, "tipCount": 27}, "id": "5454a5a7498ee281f02f63ca", "beenHere": {"lastCheckinExpiredAt": 0, "count": 0, "marked": false}, "url": "http://whiskandpaddle.com.sg", "ratingColor": "C5DE35", "location": {"formattedAddress": ["#01-01, 10 Tebing Lane", "828836", "Singapore"], "postalCode": "828836", "lat": 1.3929357401025393, "lng": 103.91740400828864, "country": "Singapore", "distance": 747, "city": "Singapore", "cc": "SG", "address": "#01-01, 10 Tebing Lane", "labeledLatLngs": [{"lng": 103.91740400828864, "label": "display", "lat": 1.3929357401025393}]}, "hours": {"isLocalHoliday": false, "isOpen": true, "status": "Open until 10:30 PM"}, "verified": false, "price": {"tier": 1, "currency": "$", "message": "Cheap"}}, "referralId": "e-3-5454a5a7498ee281f02f63ca-0", "tips": [{"logView": true, "photo": {"id": "55e5caa6498eadafc6770159", "visibility": "public", "source": {"name": "Foursquare for iOS", "url": "https://foursquare.com/download/#/iphone"}, "suffix": "/133481_hz32LY2VmNwCTHpmj23AM2uhwvJg9vEZQ9ZlZxi9kro.jpg", "createdAt": 1441122982, "prefix": "https://igx.4sqi.net/img/general/", "width": 1440, "height": 1440}, "createdAt": 1441122980, "todo": {"count": 0}, "agreeCount": 2, "likes": {"groups": [], "summary": "2 likes", "count": 2}, "id": "55e5caa4498eba3ed35590cc", "text": "The toffeenut latte is yummy!", "disagreeCount": 0, "user": {"gender": "male", "id": "133481", "photo": {"prefix": "https://igx.4sqi.net/img/user/", "suffix": "/CNMAILZIJBJA0W50.jpg"}, "firstName": "Victor", "lastName": "Tan"}, "canonicalUrl": "https://foursquare.com/item/55e5caa4498eba3ed35590cc", "type": "user", "photourl": "https://igx.4sqi.net/img/general/original/133481_hz32LY2VmNwCTHpmj23AM2uhwvJg9vEZQ9ZlZxi9kro.jpg"}]}, {"reasons": {"items": [{"reasonName": "globalInteractionReason", "summary": "This spot is popular", "type": "general"}], "count": 0}, "venue": {"hereNow": {"groups": [{"items": [], "name": "Other people here", "count": 1, "type": "others"}], "summary": "One other person is here", "count": 1}, "contact": {}, "photos": {"groups": [], "count": 0}, "rating": 7.0, "name": "Container Eateries", "ratingSignals": 20, "allowMenuUrlEdit": true, "categories": [{"pluralName": "Gastropubs", "id": "4bf58dd8d48988d155941735", "primary": true, "icon": {"prefix": "https://ss3.4sqi.net/img/categories_v2/food/gastropub_", "suffix": ".png"}, "name": "Gastropub", "shortName": "Gastropub"}], "stats": {"checkinsCount": 540, "usersCount": 410, "tipCount": 6}, "id": "58984d2c9398ab157a4bc808", "beenHere": {"lastCheckinExpiredAt": 0, "count": 0, "marked": false}, "ratingColor": "C5DE35", "location": {"formattedAddress": ["Tebing Lane", "Singapore"], "lat": 1.39314, "lng": 103.917625, "distance": 728, "country": "Singapore", "cc": "SG", "address": "Tebing Lane", "labeledLatLngs": [{"lng": 103.917625, "label": "display", "lat": 1.39314}]}, "hours": {"isLocalHoliday": false, "isOpen": true, "status": "Likely open"}, "verified": false, "price": {"tier": 3, "currency": "$", "message": "Expensive"}}, "referralId": "e-3-58984d2c9398ab157a4bc808-1", "tips": [{"id": "5923f9c2d7627e17b3305878", "text": "Everyone raving abt the fish & chips but I thought it was just ok. Dessert was awesome though - matcha sorbet from Leung Kee Healthy Dessert", "disagreeCount": 0, "createdAt": 1495529922, "logView": true, "todo": {"count": 0}, "agreeCount": 0, "canonicalUrl": "https://foursquare.com/item/5923f9c2d7627e17b3305878", "type": "user", "user": {"id": "422054516", "photo": {"prefix": "https://igx.4sqi.net/img/user/", "suffix": "/422054516_1XvKtzZs_WMBkq5qhfVM2O1ixnuUnAYxDUrovrG2ZLxMNKZW0HkT-xWrSTDKzPoZN69z4PCFF.jpg"}, "firstName": "Sahara", "gender": "female"}}]}, {"reasons": {"items": [{"reasonName": "globalInteractionReason", "summary": "This spot is popular", "type": "general"}], "count": 0}, "venue": {"hereNow": {"groups": [], "summary": "Nobody here", "count": 0}, "contact": {"twitter": "punggollatest", "phone": "+6563154584", "formattedPhone": "+65 6315 4584"}, "photos": {"groups": [], "count": 0}, "rating": 6.9, "name": "McDonald's", "ratingSignals": 47, "allowMenuUrlEdit": true, "categories": [{"pluralName": "Fast Food Restaurants", "id": "4bf58dd8d48988d16e941735", "primary": true, "icon": {"prefix": "https://ss3.4sqi.net/img/categories_v2/food/fastfood_", "suffix": ".png"}, "name": "Fast Food Restaurant", "shortName": "Fast Food"}], "stats": {"checkinsCount": 6895, "usersCount": 1352, "tipCount": 8}, "id": "4ede2da5be7be2833c2203e8", "beenHere": {"lastCheckinExpiredAt": 0, "count": 0, "marked": false}, "ratingColor": "FFC800", "location": {"lng": 103.9132520222768, "formattedAddress": ["#01-02, Punggol 21 Community Club (80 Punggol Field)", "828815", "Singapore"], "postalCode": "828815", "lat": 1.3934973807317648, "crossStreet": "80 Punggol Field", "country": "Singapore", "distance": 767, "city": "Singapore", "cc": "SG", "address": "#01-02, Punggol 21 Community Club", "labeledLatLngs": [{"lng": 103.9132520222768, "label": "display", "lat": 1.3934973807317648}]}, "hours": {"isLocalHoliday": false, "isOpen": true, "status": "Open until 11:00 PM"}, "verified": false, "price": {"tier": 1, "currency": "$", "message": "Cheap"}}, "referralId": "e-3-4ede2da5be7be2833c2203e8-2", "tips": [{"id": "4fa7ef67e4b017a5e1bd0d5c", "text": "Not 24 hours. Open till 11pm only", "disagreeCount": 0, "logView": true, "createdAt": 1336405863, "likes": {"groups": [], "summary": "2 likes", "count": 2}, "todo": {"count": 0}, "agreeCount": 2, "canonicalUrl": "https://foursquare.com/item/4fa7ef67e4b017a5e1bd0d5c", "type": "user", "user": {"gender": "male", "id": "9556060", "photo": {"prefix": "https://igx.4sqi.net/img/user/", "suffix": "/DLF3MOKEJ5UKWXJ1.jpg"}, "firstName": "Vincent", "lastName": "Chan"}}]}, {"reasons": {"items": [{"reasonName": "globalInteractionReason", "summary": "This spot is popular", "type": "general"}], "count": 0}, "venue": {"hereNow": {"groups": [], "summary": "Nobody here", "count": 0}, "contact": {}, "photos": {"groups": [], "count": 0}, "rating": 6.1, "name": "KFC", "ratingSignals": 33, "allowMenuUrlEdit": true, "categories": [{"pluralName": "Fried Chicken Joints", "id": "4d4ae6fc7a7b7dea34424761", "primary": true, "icon": {"prefix": "https://ss3.4sqi.net/img/categories_v2/food/friedchicken_", "suffix": ".png"}, "name": "Fried Chicken Joint", "shortName": "Fried Chicken"}], "stats": {"checkinsCount": 3650, "usersCount": 801, "tipCount": 9}, "id": "4e93d47b7ee6471a2a63073b", "beenHere": {"lastCheckinExpiredAt": 0, "count": 0, "marked": false}, "url": "http://www.kfc.com.sg", "ratingColor": "FFC800", "location": {"formattedAddress": ["60 Punggol East, #01-09", "828825", "Singapore"], "postalCode": "828825", "lat": 1.3955560787849488, "lng": 103.91732470587783, "country": "Singapore", "distance": 458, "city": "Singapore", "cc": "SG", "address": "60 Punggol East, #01-09", "labeledLatLngs": [{"lng": 103.91732470587783, "label": "display", "lat": 1.3955560787849488}]}, "hours": {"isLocalHoliday": false, "isOpen": true, "status": "Open until 11:00 PM"}, "verified": false, "price": {"tier": 1, "currency": "$", "message": "Cheap"}}, "referralId": "e-3-4e93d47b7ee6471a2a63073b-3", "tips": [{"logView": true, "photo": {"id": "517feb4ce4b0ea9c75456f8c", "visibility": "public", "source": {"name": "Foursquare for Android", "url": "https://foursquare.com/download/#/android"}, "suffix": "/13266900_xsfRpvylKb2rHq5lMbAx_75p3S30rFafFJpcYQjNdoY.jpg", "createdAt": 1367337804, "prefix": "https://igx.4sqi.net/img/general/", "width": 960, "height": 720}, "createdAt": 1367337795, "todo": {"count": 0}, "agreeCount": 6, "likes": {"groups": [], "summary": "6 likes", "count": 6}, "id": "517feb43e4b044560950400d", "text": "Drive thru avaliable here. No queue. Spacious. Lotsa carpark lots for dine in. :)", "disagreeCount": 0, "user": {"gender": "female", "id": "13266900", "photo": {"prefix": "https://igx.4sqi.net/img/user/", "suffix": "/13266900-KBWLEMATMMJKR5AK.jpg"}, "firstName": "Asaliah", "lastName": "\ud83d\udc30"}, "canonicalUrl": "https://foursquare.com/item/517feb43e4b044560950400d", "type": "user", "photourl": "https://igx.4sqi.net/img/general/original/13266900_xsfRpvylKb2rHq5lMbAx_75p3S30rFafFJpcYQjNdoY.jpg"}]}, {"reasons": {"items": [{"reasonName": "globalInteractionReason", "summary": "This spot is popular", "type": "general"}], "count": 0}, "venue": {"hereNow": {"groups": [], "summary": "Nobody here", "count": 0}, "contact": {}, "photos": {"groups": [], "count": 0}, "name": "Bread Junction", "allowMenuUrlEdit": true, "beenHere": {"lastCheckinExpiredAt": 0, "count": 0, "marked": false}, "stats": {"checkinsCount": 922, "usersCount": 74, "tipCount": 1}, "id": "4d2b0243849f3704795b8d41", "categories": [{"pluralName": "Bakeries", "id": "4bf58dd8d48988d16a941735", "primary": true, "icon": {"prefix": "https://ss3.4sqi.net/img/categories_v2/food/bakery_", "suffix": ".png"}, "name": "Bakery", "shortName": "Bakery"}], "location": {"lng": 103.91748331074528, "formattedAddress": ["639 Punggol Dr (Meadows)", "Singapore"], "lat": 1.3986075876790887, "crossStreet": "Meadows", "country": "Singapore", "distance": 155, "city": "Singapore", "cc": "SG", "address": "639 Punggol Dr", "labeledLatLngs": [{"lng": 103.91748331074528, "label": "display", "lat": 1.3986075876790887}]}, "hours": {"isLocalHoliday": false, "isOpen": true, "status": "Likely open"}, "verified": false, "price": {"tier": 1, "currency": "$", "message": "Cheap"}}, "referralId": "e-3-4d2b0243849f3704795b8d41-4", "tips": [{"id": "4e9911bec2eee2a6996fd672", "text": "Since you are in Punngol Meadows, do join our Punggol Meadows Facebook Page http://on.fb.me/pmrcfb", "entities": [{"indices": [76, 98], "type": "url", "object": {"url": "http://on.fb.me/pmrcfb"}}], "disagreeCount": 0, "createdAt": 1318654398, "logView": true, "todo": {"count": 0}, "agreeCount": 0, "canonicalUrl": "https://foursquare.com/item/4e9911bec2eee2a6996fd672", "type": "user", "user": {"gender": "male", "id": "109018", "photo": {"prefix": "https://igx.4sqi.net/img/user/", "suffix": "/EB55P43IJFWA1WYH.jpg"}, "firstName": "Nicholas", "lastName": "Pan"}}]}, {"reasons": {"items": [{"reasonName": "globalInteractionReason", "summary": "This spot is popular", "type": "general"}], "count": 0}, "venue": {"hereNow": {"groups": [], "summary": "Nobody here", "count": 0}, "contact": {"phone": "+6562410309", "formattedPhone": "+65 6241 0309"}, "photos": {"groups": [], "count": 0}, "rating": 6.0, "name": "Ah Dong Teh House", "ratingSignals": 54, "allowMenuUrlEdit": true, "categories": [{"pluralName": "Chinese Restaurants", "id": "4bf58dd8d48988d145941735", "primary": true, "icon": {"prefix": "https://ss3.4sqi.net/img/categories_v2/food/asian_", "suffix": ".png"}, "name": "Chinese Restaurant", "shortName": "Chinese"}], "stats": {"checkinsCount": 1611, "usersCount": 927, "tipCount": 21}, "id": "50a8c19ee4b0ea2d5a71bd18", "beenHere": {"lastCheckinExpiredAt": 0, "count": 0, "marked": false}, "ratingColor": "FFC800", "location": {"lng": 103.91708679892042, "formattedAddress": ["10 Tebing Lane #01-03/04 (@Punggol)", "828836", "Singapore"], "postalCode": "828836", "lat": 1.392975553686724, "crossStreet": "@Punggol", "country": "Singapore", "distance": 738, "city": "Singapore", "cc": "SG", "address": "10 Tebing Lane #01-03/04", "labeledLatLngs": [{"lng": 103.91708679892042, "label": "display", "lat": 1.392975553686724}]}, "hours": {"isLocalHoliday": false, "isOpen": true, "status": "Likely open"}, "verified": false, "price": {"tier": 1, "currency": "$", "message": "Cheap"}}, "referralId": "e-3-50a8c19ee4b0ea2d5a71bd18-5", "tips": [{"id": "51baf1c6498e6d66e0711f0d", "text": "The enthusiasm of the staff here just rubs off you. Seems really warm and genuine, and Clare's a great example of that.", "disagreeCount": 0, "logView": true, "createdAt": 1371206086, "likes": {"groups": [], "summary": "2 likes", "count": 2}, "todo": {"count": 0}, "agreeCount": 3, "canonicalUrl": "https://foursquare.com/item/51baf1c6498e6d66e0711f0d", "type": "user", "user": {"gender": "male", "id": "5406597", "photo": {"prefix": "https://igx.4sqi.net/img/user/", "suffix": "/5406597-OQPKWR5ET4QO5EMC.jpg"}, "firstName": "Aaron", "lastName": "Wong"}}]}, {"reasons": {"items": [{"reasonName": "globalInteractionReason", "summary": "This spot is popular", "type": "general"}], "count": 0}, "venue": {"hereNow": {"groups": [], "summary": "Nobody here", "count": 0}, "contact": {}, "photos": {"groups": [], "count": 0}, "rating": 5.9, "name": "Hungry Jack", "ratingSignals": 15, "allowMenuUrlEdit": true, "categories": [{"pluralName": "Italian Restaurants", "id": "4bf58dd8d48988d110941735", "primary": true, "icon": {"prefix": "https://ss3.4sqi.net/img/categories_v2/food/italian_", "suffix": ".png"}, "name": "Italian Restaurant", "shortName": "Italian"}], "stats": {"checkinsCount": 271, "usersCount": 100, "tipCount": 11}, "id": "4cfdc6af0df3236a8ef105aa", "beenHere": {"lastCheckinExpiredAt": 0, "count": 0, "marked": false}, "ratingColor": "FF9600", "location": {"lng": 103.913347, "formattedAddress": ["Koufu @ Punggol Plaza (Punggol Field)", "Singapore"], "lat": 1.394003, "crossStreet": "Punggol Field", "country": "Singapore", "distance": 712, "city": "Singapore", "cc": "SG", "address": "Koufu @ Punggol Plaza", "labeledLatLngs": [{"lng": 103.913347, "label": "display", "lat": 1.394003}]}, "verified": false, "price": {"tier": 2, "currency": "$", "message": "Moderate"}}, "referralId": "e-3-4cfdc6af0df3236a8ef105aa-6", "tips": [{"id": "56f534c9498e55e2c7ffed06", "text": "Grilled beef with buttercorn rice is a letdown. Overpriced,  underdelivered.", "disagreeCount": 0, "createdAt": 1458910409, "logView": true, "todo": {"count": 0}, "agreeCount": 0, "canonicalUrl": "https://foursquare.com/item/56f534c9498e55e2c7ffed06", "type": "user", "user": {"gender": "male", "id": "11027954", "photo": {"prefix": "https://igx.4sqi.net/img/user/", "suffix": "/F1KEM1E3T3RBAAXZ.jpg"}, "firstName": "Weiwu", "lastName": "Lah"}}]}, {"reasons": {"items": [{"reasonName": "globalInteractionReason", "summary": "This spot is popular", "type": "general"}], "count": 0}, "venue": {"hereNow": {"groups": [], "summary": "Nobody here", "count": 0}, "contact": {}, "photos": {"groups": [], "count": 0}, "name": "Martin's Cafe", "allowMenuUrlEdit": true, "beenHere": {"lastCheckinExpiredAt": 0, "count": 0, "marked": false}, "stats": {"checkinsCount": 152, "usersCount": 14, "tipCount": 0}, "id": "4d9f37cea77d816e323efd08", "categories": [{"pluralName": "Caf\u00e9s", "id": "4bf58dd8d48988d16d941735", "primary": true, "icon": {"prefix": "https://ss3.4sqi.net/img/categories_v2/food/cafe_", "suffix": ".png"}, "name": "Caf\u00e9", "shortName": "Caf\u00e9"}], "location": {"formattedAddress": ["Punggol Garden", "Singapore"], "lat": 1.396739805908348, "lng": 103.9150532777159, "country": "Singapore", "distance": 354, "city": "Singapore", "cc": "SG", "address": "Punggol Garden", "labeledLatLngs": [{"lng": 103.9150532777159, "label": "display", "lat": 1.396739805908348}]}, "verified": false, "price": {"tier": 1, "currency": "$", "message": "Cheap"}}, "referralId": "e-3-4d9f37cea77d816e323efd08-7"}, {"reasons": {"items": [{"reasonName": "globalInteractionReason", "summary": "This spot is popular", "type": "general"}], "count": 0}, "venue": {"hereNow": {"groups": [], "summary": "Nobody here", "count": 0}, "contact": {"phone": "+6564411848", "formattedPhone": "+65 6441 1848"}, "photos": {"groups": [], "count": 0}, "rating": 6.0, "name": "Uncle Leong Seafood \u9f8d\u6d77\u9c9c\u8783\u87f9\u738b", "ratingSignals": 57, "allowMenuUrlEdit": true, "categories": [{"pluralName": "Seafood Restaurants", "id": "4bf58dd8d48988d1ce941735", "primary": true, "icon": {"prefix": "https://ss3.4sqi.net/img/categories_v2/food/seafood_", "suffix": ".png"}, "name": "Seafood Restaurant", "shortName": "Seafood"}], "stats": {"checkinsCount": 3290, "usersCount": 1829, "tipCount": 26}, "id": "4dd4fcbae4cd1c4babc5df78", "beenHere": {"lastCheckinExpiredAt": 0, "count": 0, "marked": false}, "url": "http://www.uncleleongseafood.com", "ratingColor": "FFC800", "location": {"formattedAddress": ["6 Tebing Ln, #01-03", "828835", "Singapore"], "postalCode": "828835", "lat": 1.3925457366493368, "lng": 103.9169735100381, "country": "Singapore", "distance": 785, "city": "Singapore", "cc": "SG", "address": "6 Tebing Ln, #01-03", "labeledLatLngs": [{"lng": 103.9169735100381, "label": "display", "lat": 1.3925457366493368}]}, "hours": {"isLocalHoliday": false, "isOpen": true, "status": "Likely open"}, "verified": false, "price": {"tier": 3, "currency": "$", "message": "Expensive"}}, "referralId": "e-3-4dd4fcbae4cd1c4babc5df78-8", "tips": [{"id": "4e66241b2271573ad92d2de0", "text": "Service's sucks!!", "disagreeCount": 0, "logView": true, "createdAt": 1315316763, "likes": {"groups": [], "summary": "5 likes", "count": 5}, "todo": {"count": 0}, "agreeCount": 2, "canonicalUrl": "https://foursquare.com/item/4e66241b2271573ad92d2de0", "type": "user", "user": {"gender": "female", "id": "5886248", "photo": {"prefix": "https://igx.4sqi.net/img/user/", "suffix": "/JOPNVDQ0SDQ4R5IP.jpg"}, "firstName": "Annysia", "lastName": "Lim"}}]}, {"reasons": {"items": [{"reasonName": "globalInteractionReason", "summary": "This spot is popular", "type": "general"}], "count": 0}, "venue": {"hereNow": {"groups": [], "summary": "Nobody here", "count": 0}, "contact": {}, "photos": {"groups": [], "count": 0}, "name": "Domino's Pizza", "allowMenuUrlEdit": true, "beenHere": {"lastCheckinExpiredAt": 0, "count": 0, "marked": false}, "stats": {"checkinsCount": 131, "usersCount": 68, "tipCount": 0}, "id": "560530f5498ee0fbd26af98c", "categories": [{"pluralName": "Pizza Places", "id": "4bf58dd8d48988d1ca941735", "primary": true, "icon": {"prefix": "https://ss3.4sqi.net/img/categories_v2/food/pizza_", "suffix": ".png"}, "name": "Pizza Place", "shortName": "Pizza"}], "location": {"lng": 103.91936392529195, "formattedAddress": ["60 Punggol East #01-10 (Singapore)", "828825", "Singapore"], "postalCode": "828825", "lat": 1.3972387633104943, "crossStreet": "Singapore", "country": "Singapore", "distance": 413, "city": "Singapore", "cc": "SG", "address": "60 Punggol East #01-10", "labeledLatLngs": [{"lng": 103.91936392529195, "label": "display", "lat": 1.3972387633104943}]}, "verified": false, "price": {"tier": 1, "currency": "$", "message": "Cheap"}}, "referralId": "e-3-560530f5498ee0fbd26af98c-9"}, {"reasons": {"items": [{"reasonName": "globalInteractionReason", "summary": "This spot is popular", "type": "general"}], "count": 0}, "venue": {"hereNow": {"groups": [], "summary": "Nobody here", "count": 0}, "contact": {"phone": "+6563124990", "formattedPhone": "+65 6312 4990"}, "photos": {"groups": [], "count": 0}, "name": "\u9752\u8bb0\u6d77\u9c9c\u6751 (Cheng's Seafood Village)", "allowMenuUrlEdit": true, "beenHere": {"lastCheckinExpiredAt": 0, "count": 0, "marked": false}, "stats": {"checkinsCount": 571, "usersCount": 181, "tipCount": 4}, "id": "4f0ae97de4b08f524b329cd4", "categories": [{"pluralName": "Chinese Restaurants", "id": "4bf58dd8d48988d145941735", "primary": true, "icon": {"prefix": "https://ss3.4sqi.net/img/categories_v2/food/asian_", "suffix": ".png"}, "name": "Chinese Restaurant", "shortName": "Chinese"}], "location": {"formattedAddress": ["60 Punggol E", "Singapore"], "lat": 1.3972112455576116, "lng": 103.91953386161106, "country": "Singapore", "distance": 429, "city": "Singapore", "cc": "SG", "address": "60 Punggol E", "labeledLatLngs": [{"lng": 103.91953386161106, "label": "display", "lat": 1.3972112455576116}]}, "hours": {"isLocalHoliday": false, "isOpen": true, "status": "Likely open"}, "verified": false, "price": {"tier": 1, "currency": "$", "message": "Cheap"}}, "referralId": "e-3-4f0ae97de4b08f524b329cd4-10", "tips": [{"id": "50e42c65e4b0869e763b4072", "text": "The dry mee sua here very salty & the butter fried rice wok smell too much & rice no fragrance...", "disagreeCount": 0, "logView": true, "createdAt": 1357130853, "likes": {"groups": [], "summary": "1 like", "count": 1}, "todo": {"count": 0}, "agreeCount": 1, "canonicalUrl": "https://foursquare.com/item/50e42c65e4b0869e763b4072", "type": "user", "user": {"id": "4582444", "photo": {"prefix": "https://igx.4sqi.net/img/user/", "suffix": "/4582444-BH0Q33JC2QABIJVN.jpg"}, "firstName": "Joean\u52e4", "gender": "female"}}]}, {"reasons": {"items": [{"reasonName": "globalInteractionReason", "summary": "This spot is popular", "type": "general"}], "count": 0}, "venue": {"contact": {}, "photos": {"groups": [], "count": 0}, "rating": 5.2, "name": "Kopitiam", "ratingSignals": 33, "allowMenuUrlEdit": true, "categories": [{"pluralName": "Food Courts", "id": "4bf58dd8d48988d120951735", "primary": true, "icon": {"prefix": "https://ss3.4sqi.net/img/categories_v2/shops/food_foodcourt_", "suffix": ".png"}, "name": "Food Court", "shortName": "Food Court"}], "stats": {"checkinsCount": 2530, "usersCount": 639, "tipCount": 15}, "id": "4c6cca84a437224b39752bb1", "beenHere": {"lastCheckinExpiredAt": 0, "count": 0, "marked": false}, "ratingColor": "FF9600", "location": {"lng": 103.91605138778687, "formattedAddress": ["639 Punggol Drive (The Meadows)", "823639", "Singapore"], "postalCode": "823639", "lat": 1.3995447557253695, "crossStreet": "The Meadows", "country": "Singapore", "distance": 48, "city": "Singapore", "cc": "SG", "address": "639 Punggol Drive", "labeledLatLngs": [{"lng": 103.91605138778687, "label": "display", "lat": 1.3995447557253695}]}, "hours": {"isLocalHoliday": false, "isOpen": true, "status": "Likely open"}, "verified": false, "hereNow": {"groups": [], "summary": "Nobody here", "count": 0}}, "referralId": "e-3-4c6cca84a437224b39752bb1-11", "tips": [{"id": "4cb31945db32f04db6acd44d", "text": "Zi char stall still must pay GST! Food not nice at all!", "disagreeCount": 0, "logView": true, "createdAt": 1286805829, "likes": {"groups": [], "summary": "2 likes", "count": 2}, "todo": {"count": 0}, "agreeCount": 2, "canonicalUrl": "https://foursquare.com/item/4cb31945db32f04db6acd44d", "type": "user", "user": {"gender": "female", "id": "2865281", "photo": {"prefix": "https://igx.4sqi.net/img/user/", "suffix": "/CQ2SRZMKRS01PQS5.jpg"}, "firstName": "Jas.", "lastName": "L."}}]}, {"reasons": {"items": [{"reasonName": "globalInteractionReason", "summary": "This spot is popular", "type": "general"}], "count": 0}, "venue": {"contact": {}, "photos": {"groups": [], "count": 0}, "name": "Greendale Secondary Canteen", "allowMenuUrlEdit": true, "beenHere": {"lastCheckinExpiredAt": 0, "count": 0, "marked": false}, "stats": {"checkinsCount": 2131, "usersCount": 160, "tipCount": 0}, "id": "4f220f99e4b063d4fe143859", "categories": [{"pluralName": "Food Courts", "id": "4bf58dd8d48988d120951735", "primary": true, "icon": {"prefix": "https://ss3.4sqi.net/img/categories_v2/shops/food_foodcourt_", "suffix": ".png"}, "name": "Food Court", "shortName": "Food Court"}], "location": {"formattedAddress": ["51 Edgedale Plains", "Singapore"], "lat": 1.3981098333057853, "lng": 103.91172833725057, "country": "Singapore", "distance": 554, "city": "Singapore", "cc": "SG", "address": "51 Edgedale Plains", "labeledLatLngs": [{"lng": 103.91172833725057, "label": "display", "lat": 1.3981098333057853}]}, "hours": {"isLocalHoliday": false, "isOpen": false}, "verified": false, "hereNow": {"groups": [], "summary": "Nobody here", "count": 0}}, "referralId": "e-3-4f220f99e4b063d4fe143859-12"}, {"reasons": {"items": [{"reasonName": "globalInteractionReason", "summary": "This spot is popular", "type": "general"}], "count": 0}, "venue": {"hereNow": {"groups": [], "summary": "Nobody here", "count": 0}, "contact": {"facebook": "192333954137253", "facebookUsername": "FrienzieSG", "facebookName": "Frienzie Bar & Bistro", "phone": "+6564410966", "formattedPhone": "+65 6441 0966"}, "photos": {"groups": [], "count": 0}, "rating": 5.7, "name": "Frienzie Bar & Bistro", "ratingSignals": 117, "allowMenuUrlEdit": true, "categories": [{"pluralName": "Gastropubs", "id": "4bf58dd8d48988d155941735", "primary": true, "icon": {"prefix": "https://ss3.4sqi.net/img/categories_v2/food/gastropub_", "suffix": ".png"}, "name": "Gastropub", "shortName": "Gastropub"}], "stats": {"checkinsCount": 7538, "usersCount": 3835, "tipCount": 88}, "id": "4d318450eefa8cfa691d2cb3", "beenHere": {"lastCheckinExpiredAt": 0, "count": 0, "marked": false}, "ratingColor": "FF9600", "location": {"lng": 103.91705989837646, "formattedAddress": ["10 Tebing Lane, #01-02 (@Punggol)", "828836", "Singapore"], "postalCode": "828836", "lat": 1.3927661443244606, "crossStreet": "@Punggol", "country": "Singapore", "distance": 761, "city": "Singapore", "cc": "SG", "address": "10 Tebing Lane, #01-02", "labeledLatLngs": [{"lng": 103.91705989837646, "label": "display", "lat": 1.3927661443244606}]}, "hours": {"isLocalHoliday": false, "isOpen": true, "status": "Open until 1:00 AM"}, "verified": false, "price": {"tier": 3, "currency": "$", "message": "Expensive"}}, "referralId": "e-3-4d318450eefa8cfa691d2cb3-13", "tips": [{"id": "4d33df9d329e5481f58dbd1d", "text": "Try the food here. Awesomely nice", "disagreeCount": 0, "logView": true, "createdAt": 1295245213, "likes": {"groups": [], "summary": "8 likes", "count": 8}, "todo": {"count": 0}, "agreeCount": 0, "canonicalUrl": "https://foursquare.com/item/4d33df9d329e5481f58dbd1d", "type": "user", "user": {"gender": "female", "id": "2211589", "photo": {"prefix": "https://igx.4sqi.net/img/user/", "suffix": "/FRLXU1GP1PKFW1WN.jpg"}, "firstName": "Liu", "lastName": "Nellie"}}]}, {"reasons": {"items": [{"reasonName": "globalInteractionReason", "summary": "This spot is popular", "type": "general"}], "count": 0}, "venue": {"hereNow": {"groups": [], "summary": "Nobody here", "count": 0}, "contact": {}, "photos": {"groups": [], "count": 0}, "name": "Tots Milky Cafe", "allowMenuUrlEdit": true, "beenHere": {"lastCheckinExpiredAt": 0, "count": 0, "marked": false}, "stats": {"checkinsCount": 36, "usersCount": 12, "tipCount": 1}, "id": "4d0a1558c370a35d95a60e22", "categories": [{"pluralName": "Caf\u00e9s", "id": "4bf58dd8d48988d16d941735", "primary": true, "icon": {"prefix": "https://ss3.4sqi.net/img/categories_v2/food/cafe_", "suffix": ".png"}, "name": "Caf\u00e9", "shortName": "Caf\u00e9"}], "location": {"formattedAddress": ["The Sundial", "Singapore"], "lat": 1.394461, "lng": 103.914424, "distance": 614, "country": "Singapore", "cc": "SG", "address": "The Sundial", "labeledLatLngs": [{"lng": 103.914424, "label": "display", "lat": 1.394461}]}, "verified": false, "price": {"tier": 1, "currency": "$", "message": "Cheap"}}, "referralId": "e-3-4d0a1558c370a35d95a60e22-14", "tips": [{"id": "4d0c3079903d370434ecbb55", "text": "Milk is the only drink u can find here...", "disagreeCount": 0, "logView": true, "createdAt": 1292644473, "likes": {"groups": [], "summary": "1 like", "count": 1}, "todo": {"count": 1}, "agreeCount": 0, "canonicalUrl": "https://foursquare.com/item/4d0c3079903d370434ecbb55", "type": "user", "user": {"gender": "female", "id": "3975253", "photo": {"prefix": "https://igx.4sqi.net/img/user/", "suffix": "/VDHFUOF11XTNTNMV.jpg"}, "firstName": "Audrey", "lastName": "Seow"}}]}, {"reasons": {"items": [{"reasonName": "globalInteractionReason", "summary": "This spot is popular", "type": "general"}], "count": 0}, "venue": {"hereNow": {"groups": [], "summary": "Nobody here", "count": 0}, "contact": {}, "photos": {"groups": [], "count": 0}, "name": "Nikon Maza @ Punggol Plaza", "allowMenuUrlEdit": true, "beenHere": {"lastCheckinExpiredAt": 0, "count": 0, "marked": false}, "stats": {"checkinsCount": 37, "usersCount": 22, "tipCount": 0}, "id": "4d4be00ea33fb1f7c80ab880", "categories": [{"pluralName": "Japanese Restaurants", "id": "4bf58dd8d48988d111941735", "primary": true, "icon": {"prefix": "https://ss3.4sqi.net/img/categories_v2/food/japanese_", "suffix": ".png"}, "name": "Japanese Restaurant", "shortName": "Japanese"}], "location": {"formattedAddress": ["Punggol Plaza", "Singapore"], "lat": 1.3956294000921006, "lng": 103.91199455609001, "distance": 666, "country": "Singapore", "cc": "SG", "address": "Punggol Plaza", "labeledLatLngs": [{"lng": 103.91199455609001, "label": "display", "lat": 1.3956294000921006}]}, "verified": false, "price": {"tier": 2, "currency": "$", "message": "Moderate"}}, "referralId": "e-3-4d4be00ea33fb1f7c80ab880-15"}, {"reasons": {"items": [{"reasonName": "globalInteractionReason", "summary": "This spot is popular", "type": "general"}], "count": 0}, "venue": {"hereNow": {"groups": [], "summary": "Nobody here", "count": 0}, "contact": {}, "photos": {"groups": [], "count": 0}, "name": "Canadian 2 for 1 Pizza @ Punggol Plaza", "allowMenuUrlEdit": true, "beenHere": {"lastCheckinExpiredAt": 0, "count": 0, "marked": false}, "stats": {"checkinsCount": 129, "usersCount": 56, "tipCount": 1}, "id": "4c82943d74d7b60c16cd81d8", "categories": [{"pluralName": "Pizza Places", "id": "4bf58dd8d48988d1ca941735", "primary": true, "icon": {"prefix": "https://ss3.4sqi.net/img/categories_v2/food/pizza_", "suffix": ".png"}, "name": "Pizza Place", "shortName": "Pizza"}], "location": {"formattedAddress": ["Punggol Plaza", "Singapore"], "lat": 1.3939311459323913, "lng": 103.9137788020799, "distance": 697, "country": "Singapore", "cc": "SG", "address": "Punggol Plaza", "labeledLatLngs": [{"lng": 103.9137788020799, "label": "display", "lat": 1.3939311459323913}]}, "verified": false, "price": {"tier": 1, "currency": "$", "message": "Cheap"}}, "referralId": "e-3-4c82943d74d7b60c16cd81d8-16", "tips": [{"id": "4d28c06c888af04db9cac8af", "text": "Bought some takeaways, ingredients don't seem to taste or smell fresh :(", "disagreeCount": 0, "logView": true, "createdAt": 1294516332, "likes": {"groups": [], "summary": "1 like", "count": 1}, "todo": {"count": 0}, "agreeCount": 0, "canonicalUrl": "https://foursquare.com/item/4d28c06c888af04db9cac8af", "type": "user", "user": {"gender": "none", "id": "915103", "photo": {"prefix": "https://igx.4sqi.net/img/user/", "suffix": "/NKSOQZKIWQ5LSZQ2.jpg"}, "firstName": "Cal", "lastName": "Yeo"}}]}, {"reasons": {"items": [{"reasonName": "globalInteractionReason", "summary": "This spot is popular", "type": "general"}], "count": 0}, "venue": {"hereNow": {"groups": [{"items": [], "name": "Other people here", "count": 1, "type": "others"}], "summary": "One other person is here", "count": 1}, "contact": {}, "photos": {"groups": [], "count": 0}, "name": "Big Fish Small Fish", "allowMenuUrlEdit": true, "beenHere": {"lastCheckinExpiredAt": 0, "count": 0, "marked": false}, "stats": {"checkinsCount": 172, "usersCount": 157, "tipCount": 3}, "id": "589fea0e8d8e9937d260c20d", "categories": [{"pluralName": "Fish & Chips Shops", "id": "4edd64a0c7ddd24ca188df1a", "primary": true, "icon": {"prefix": "https://ss3.4sqi.net/img/categories_v2/food/fishandchips_", "suffix": ".png"}, "name": "Fish & Chips Shop", "shortName": "Fish & Chips"}], "location": {"formattedAddress": ["Tebing Lane", "828826", "Singapore"], "postalCode": "828826", "lat": 1.393413, "lng": 103.917911, "distance": 705, "country": "Singapore", "cc": "SG", "address": "Tebing Lane", "labeledLatLngs": [{"lng": 103.917911, "label": "display", "lat": 1.393413}]}, "verified": false, "price": {"tier": 1, "currency": "$", "message": "Cheap"}}, "referralId": "e-3-589fea0e8d8e9937d260c20d-17", "tips": [{"id": "592a12970881582cdb3d4f04", "text": "Go for the red snapper fish and chips.", "disagreeCount": 0, "createdAt": 1495929495, "logView": true, "todo": {"count": 0}, "agreeCount": 0, "canonicalUrl": "https://foursquare.com/item/592a12970881582cdb3d4f04", "type": "user", "user": {"id": "73513234", "photo": {"prefix": "https://igx.4sqi.net/img/user/", "suffix": "/73513234-X0V4EVYDT3NAFWXN.jpg"}, "firstName": "Rachel", "gender": "female"}}]}, {"reasons": {"items": [{"reasonName": "globalInteractionReason", "summary": "This spot is popular", "type": "general"}], "count": 0}, "venue": {"hereNow": {"groups": [], "summary": "Nobody here", "count": 0}, "contact": {}, "photos": {"groups": [], "count": 0}, "name": "Subway", "allowMenuUrlEdit": true, "beenHere": {"lastCheckinExpiredAt": 0, "count": 0, "marked": false}, "stats": {"checkinsCount": 33, "usersCount": 21, "tipCount": 0}, "id": "577c80f3498eb39e4f93d0fd", "categories": [{"pluralName": "Delis / Bodegas", "id": "4bf58dd8d48988d146941735", "primary": true, "icon": {"prefix": "https://ss3.4sqi.net/img/categories_v2/food/deli_", "suffix": ".png"}, "name": "Deli / Bodega", "shortName": "Deli / Bodega"}], "location": {"formattedAddress": ["168 Punggol Field #01-11/12", "820168", "Singapore"], "postalCode": "820168", "lat": 1.394227, "lng": 103.913025, "state": "Singapore", "country": "Singapore", "distance": 710, "city": "Punggol Plaza", "cc": "SG", "address": "168 Punggol Field #01-11/12", "labeledLatLngs": [{"lng": 103.913025, "label": "display", "lat": 1.394227}]}, "verified": false, "price": {"tier": 1, "currency": "$", "message": "Cheap"}}, "referralId": "e-3-577c80f3498eb39e4f93d0fd-18"}, {"reasons": {"items": [{"reasonName": "globalInteractionReason", "summary": "This spot is popular", "type": "general"}], "count": 0}, "venue": {"contact": {}, "photos": {"groups": [], "count": 0}, "rating": 5.5, "name": "Happy Hawkers \u559c\u591a\u798f", "ratingSignals": 12, "allowMenuUrlEdit": true, "categories": [{"pluralName": "Food Courts", "id": "4bf58dd8d48988d120951735", "primary": true, "icon": {"prefix": "https://ss3.4sqi.net/img/categories_v2/shops/food_foodcourt_", "suffix": ".png"}, "name": "Food Court", "shortName": "Food Court"}], "stats": {"checkinsCount": 691, "usersCount": 158, "tipCount": 3}, "id": "51e54510498e1f838af1c3fe", "beenHere": {"lastCheckinExpiredAt": 0, "count": 0, "marked": false}, "ratingColor": "FF9600", "location": {"formattedAddress": ["622D Punggol Central  #01-01", "824622", "Singapore"], "postalCode": "824622", "lat": 1.4003664304388919, "lng": 103.90994978209943, "country": "Singapore", "distance": 732, "city": "Singapore", "cc": "SG", "address": "622D Punggol Central  #01-01", "labeledLatLngs": [{"lng": 103.90994978209943, "label": "display", "lat": 1.4003664304388919}]}, "hours": {"isLocalHoliday": false, "isOpen": true, "status": "Open until Midnight"}, "verified": false, "hereNow": {"groups": [], "summary": "Nobody here", "count": 0}}, "referralId": "e-3-51e54510498e1f838af1c3fe-19", "tips": [{"id": "51f4888b498e4b932bbe5135", "text": "Nothing special, but it convenience the residents. Beware of raining days.", "disagreeCount": 0, "logView": true, "createdAt": 1374980235, "likes": {"groups": [], "summary": "1 like", "count": 1}, "todo": {"count": 0}, "agreeCount": 1, "canonicalUrl": "https://foursquare.com/item/51f4888b498e4b932bbe5135", "type": "user", "user": {"gender": "male", "id": "5189926", "photo": {"prefix": "https://igx.4sqi.net/img/user/", "suffix": "/5189926-3P1XZ3TOC0QXUDRV.jpg"}, "firstName": "Kelvin", "lastName": "Ong"}}]}, {"reasons": {"items": [{"reasonName": "globalInteractionReason", "summary": "This spot is popular", "type": "general"}], "count": 0}, "venue": {"hereNow": {"groups": [], "summary": "Nobody here", "count": 0}, "contact": {}, "photos": {"groups": [], "count": 0}, "name": "\u8c6a\u9109 Seafood Restaurant", "allowMenuUrlEdit": true, "beenHere": {"lastCheckinExpiredAt": 0, "count": 0, "marked": false}, "stats": {"checkinsCount": 261, "usersCount": 69, "tipCount": 4}, "id": "4bdd7107d33f2d7f23f08a3c", "categories": [{"pluralName": "Seafood Restaurants", "id": "4bf58dd8d48988d1ce941735", "primary": true, "icon": {"prefix": "https://ss3.4sqi.net/img/categories_v2/food/seafood_", "suffix": ".png"}, "name": "Seafood Restaurant", "shortName": "Seafood"}], "location": {"formattedAddress": ["Punggol Plaza", "Singapore"], "lat": 1.393927, "lng": 103.913351, "distance": 720, "country": "Singapore", "cc": "SG", "address": "Punggol Plaza", "labeledLatLngs": [{"lng": 103.913351, "label": "display", "lat": 1.393927}]}, "hours": {"isLocalHoliday": false, "isOpen": true, "status": "Likely open"}, "verified": false, "price": {"tier": 3, "currency": "$", "message": "Expensive"}}, "referralId": "e-3-4bdd7107d33f2d7f23f08a3c-20", "tips": [{"id": "4c61619adb219c74d7c16673", "text": "Hot and spicy soup is nice!", "disagreeCount": 0, "logView": true, "createdAt": 1281450394, "likes": {"groups": [], "summary": "22 likes", "count": 22}, "todo": {"count": 2}, "agreeCount": 0, "canonicalUrl": "https://foursquare.com/item/4c61619adb219c74d7c16673", "type": "user", "user": {"id": "930158", "photo": {"prefix": "https://igx.4sqi.net/img/user/", "suffix": "/RYYCP3K2HWF1E2SR.jpg"}, "firstName": "Samantha", "gender": "female"}}]}, {"reasons": {"items": [{"reasonName": "globalInteractionReason", "summary": "This spot is popular", "type": "general"}], "count": 0}, "venue": {"hereNow": {"groups": [], "summary": "Nobody here", "count": 0}, "contact": {}, "photos": {"groups": [], "count": 0}, "name": "Cake History", "allowMenuUrlEdit": true, "beenHere": {"lastCheckinExpiredAt": 0, "count": 0, "marked": false}, "stats": {"checkinsCount": 689, "usersCount": 100, "tipCount": 7}, "id": "4b585204f964a5208f5228e3", "categories": [{"pluralName": "Bakeries", "id": "4bf58dd8d48988d16a941735", "primary": true, "icon": {"prefix": "https://ss3.4sqi.net/img/categories_v2/food/bakery_", "suffix": ".png"}, "name": "Bakery", "shortName": "Bakery"}], "location": {"lng": 103.91294002532959, "formattedAddress": ["Punggol Plaza (168 Punggol Field)", "820168", "Singapore"], "postalCode": "820168", "lat": 1.3941390292238471, "crossStreet": "168 Punggol Field", "country": "Singapore", "distance": 723, "city": "Singapore", "cc": "SG", "address": "Punggol Plaza", "labeledLatLngs": [{"lng": 103.91294002532959, "label": "display", "lat": 1.3941390292238471}]}, "hours": {"isLocalHoliday": false, "isOpen": true, "status": "Likely open"}, "verified": false, "price": {"tier": 1, "currency": "$", "message": "Cheap"}}, "referralId": "e-3-4b585204f964a5208f5228e3-21", "tips": [{"id": "4f4f2bcae4b05017c8c6e4bd", "text": "Butter Cream Cake Nice...", "disagreeCount": 0, "createdAt": 1330588618, "logView": true, "todo": {"count": 0}, "agreeCount": 0, "canonicalUrl": "https://foursquare.com/item/4f4f2bcae4b05017c8c6e4bd", "type": "user", "user": {"gender": "male", "id": "9995033", "photo": {"prefix": "https://igx.4sqi.net/img/user/", "suffix": "/SRGC33LVSH4U33RT.jpg"}, "firstName": "Michael", "lastName": "Sim"}}]}, {"reasons": {"items": [{"reasonName": "globalInteractionReason", "summary": "This spot is popular", "type": "general"}], "count": 0}, "venue": {"hereNow": {"groups": [], "summary": "Nobody here", "count": 0}, "contact": {}, "photos": {"groups": [], "count": 0}, "name": "Prima Deli@Punggol Plaza", "allowMenuUrlEdit": true, "beenHere": {"lastCheckinExpiredAt": 0, "count": 0, "marked": false}, "stats": {"checkinsCount": 322, "usersCount": 95, "tipCount": 2}, "id": "4cb6938164998cfaf5a116a2", "categories": [{"pluralName": "Bakeries", "id": "4bf58dd8d48988d16a941735", "primary": true, "icon": {"prefix": "https://ss3.4sqi.net/img/categories_v2/food/bakery_", "suffix": ".png"}, "name": "Bakery", "shortName": "Bakery"}], "location": {"formattedAddress": ["Blk 168 punggol field", "Singapore"], "neighborhood": "Punggol", "lat": 1.3941415959348156, "lng": 103.91284419414173, "state": "North East Community Development Region", "country": "Singapore", "distance": 729, "city": "Punggol", "cc": "SG", "address": "Blk 168 punggol field", "labeledLatLngs": [{"lng": 103.91284419414173, "label": "display", "lat": 1.3941415959348156}]}, "hours": {"isLocalHoliday": false, "isOpen": true, "status": "Likely open"}, "verified": false, "price": {"tier": 1, "currency": "$", "message": "Cheap"}}, "referralId": "e-3-4cb6938164998cfaf5a116a2-22", "tips": [{"id": "4e2267001495f18f035902ec", "text": "Generally, their waffles are good. If fact, I do not buy waffles from other confectionaries.", "disagreeCount": 0, "createdAt": 1310877440, "logView": true, "todo": {"count": 0}, "agreeCount": 0, "canonicalUrl": "https://foursquare.com/item/4e2267001495f18f035902ec", "type": "user", "user": {"id": "5033835", "photo": {"prefix": "https://igx.4sqi.net/img/user/", "suffix": "/ASOOV2JPITN4GFFS.jpg"}, "firstName": "Explorer", "gender": "none"}}]}, {"reasons": {"items": [{"reasonName": "globalInteractionReason", "summary": "This spot is popular", "type": "general"}], "count": 0}, "venue": {"hereNow": {"groups": [], "summary": "Nobody here", "count": 0}, "contact": {}, "photos": {"groups": [], "count": 0}, "name": "Pizza Hut", "allowMenuUrlEdit": true, "beenHere": {"lastCheckinExpiredAt": 0, "count": 0, "marked": false}, "stats": {"checkinsCount": 623, "usersCount": 93, "tipCount": 1}, "id": "4d4a76874509721ee14e2eb0", "categories": [{"pluralName": "Pizza Places", "id": "4bf58dd8d48988d1ca941735", "primary": true, "icon": {"prefix": "https://ss3.4sqi.net/img/categories_v2/food/pizza_", "suffix": ".png"}, "name": "Pizza Place", "shortName": "Pizza"}], "location": {"lng": 103.91299712955022, "formattedAddress": ["#B1-04 Punggol Plaza (168 Punggol Field)", "820168", "Singapore"], "postalCode": "820168", "lat": 1.3940320841077145, "crossStreet": "168 Punggol Field", "distance": 729, "country": "Singapore", "cc": "SG", "address": "#B1-04 Punggol Plaza", "labeledLatLngs": [{"lng": 103.91299712955022, "label": "display", "lat": 1.3940320841077145}]}, "verified": false, "price": {"tier": 1, "currency": "$", "message": "Cheap"}}, "referralId": "e-3-4d4a76874509721ee14e2eb0-23", "tips": [{"id": "58ad50f5cc05d126d05209a2", "text": "Unfortunately only for take aways & calls for Delivery", "disagreeCount": 0, "createdAt": 1487753461, "logView": true, "todo": {"count": 0}, "agreeCount": 0, "canonicalUrl": "https://foursquare.com/item/58ad50f5cc05d126d05209a2", "type": "user", "user": {"gender": "male", "id": "9995033", "photo": {"prefix": "https://igx.4sqi.net/img/user/", "suffix": "/SRGC33LVSH4U33RT.jpg"}, "firstName": "Michael", "lastName": "Sim"}}]}, {"reasons": {"items": [{"reasonName": "globalInteractionReason", "summary": "This spot is popular", "type": "general"}], "count": 0}, "venue": {"hereNow": {"groups": [], "summary": "Nobody here", "count": 0}, "contact": {}, "photos": {"groups": [], "count": 0}, "name": "Suki Sushi", "allowMenuUrlEdit": true, "beenHere": {"lastCheckinExpiredAt": 0, "count": 0, "marked": false}, "stats": {"checkinsCount": 773, "usersCount": 249, "tipCount": 5}, "id": "4b3340d7f964a520481825e3", "categories": [{"pluralName": "Japanese Restaurants", "id": "4bf58dd8d48988d111941735", "primary": true, "icon": {"prefix": "https://ss3.4sqi.net/img/categories_v2/food/japanese_", "suffix": ".png"}, "name": "Japanese Restaurant", "shortName": "Japanese"}], "location": {"lng": 103.91300845810578, "formattedAddress": ["168 Punggol Field (Punggol Field)", "Singapore"], "lat": 1.3939914752488385, "crossStreet": "Punggol Field", "country": "Singapore", "distance": 733, "city": "Singapore", "cc": "SG", "address": "168 Punggol Field", "labeledLatLngs": [{"lng": 103.91300845810578, "label": "display", "lat": 1.3939914752488385}]}, "hours": {"isLocalHoliday": false, "isOpen": true, "status": "Likely open"}, "verified": false, "price": {"tier": 2, "currency": "$", "message": "Moderate"}}, "referralId": "e-3-4b3340d7f964a520481825e3-24", "tips": [{"id": "4f0ab508e4b0ef60efd04cfb", "text": "Join e member. I guess it's worth e $ for regulars at their various outlets! Enjoy!", "disagreeCount": 0, "createdAt": 1326101768, "logView": true, "todo": {"count": 0}, "agreeCount": 0, "canonicalUrl": "https://foursquare.com/item/4f0ab508e4b0ef60efd04cfb", "type": "user", "user": {"gender": "male", "id": "9995033", "photo": {"prefix": "https://igx.4sqi.net/img/user/", "suffix": "/SRGC33LVSH4U33RT.jpg"}, "firstName": "Michael", "lastName": "Sim"}}]}, {"reasons": {"items": [{"reasonName": "globalInteractionReason", "summary": "This spot is popular", "type": "general"}], "count": 0}, "venue": {"hereNow": {"groups": [], "summary": "Nobody here", "count": 0}, "contact": {}, "photos": {"groups": [], "count": 0}, "name": "Seoul Good", "allowMenuUrlEdit": true, "beenHere": {"lastCheckinExpiredAt": 0, "count": 0, "marked": false}, "stats": {"checkinsCount": 43, "usersCount": 42, "tipCount": 0}, "id": "5895c943a36ecd4f8599f28c", "categories": [{"pluralName": "Korean Restaurants", "id": "4bf58dd8d48988d113941735", "primary": true, "icon": {"prefix": "https://ss3.4sqi.net/img/categories_v2/food/korean_", "suffix": ".png"}, "name": "Korean Restaurant", "shortName": "Korean"}], "location": {"formattedAddress": ["Singapore"], "lat": 1.393065, "lng": 103.917422, "distance": 733, "country": "Singapore", "cc": "SG", "labeledLatLngs": [{"lng": 103.917422, "label": "display", "lat": 1.393065}]}, "verified": false, "price": {"tier": 2, "currency": "$", "message": "Moderate"}}, "referralId": "e-3-5895c943a36ecd4f8599f28c-25"}, {"reasons": {"items": [{"reasonName": "globalInteractionReason", "summary": "This spot is popular", "type": "general"}], "count": 0}, "venue": {"hereNow": {"groups": [], "summary": "Nobody here", "count": 0}, "contact": {}, "photos": {"groups": [], "count": 0}, "name": "Vegetarian Punggol", "allowMenuUrlEdit": true, "beenHere": {"lastCheckinExpiredAt": 0, "count": 0, "marked": false}, "stats": {"checkinsCount": 195, "usersCount": 12, "tipCount": 3}, "id": "4e3149c21495f249f769bec9", "categories": [{"pluralName": "Vegetarian / Vegan Restaurants", "id": "4bf58dd8d48988d1d3941735", "primary": true, "icon": {"prefix": "https://ss3.4sqi.net/img/categories_v2/food/vegetarian_", "suffix": ".png"}, "name": "Vegetarian / Vegan Restaurant", "shortName": "Vegetarian / Vegan"}], "location": {"formattedAddress": ["Singapore"], "lat": 1.3940778876226052, "lng": 103.91287251550081, "distance": 733, "country": "Singapore", "cc": "SG", "labeledLatLngs": [{"lng": 103.91287251550081, "label": "display", "lat": 1.3940778876226052}]}, "verified": false, "price": {"tier": 2, "currency": "$", "message": "Moderate"}}, "referralId": "e-3-4e3149c21495f249f769bec9-26", "tips": [{"id": "4e47849c14959d51c172259a", "text": "A local lady is back at the stall. Part time perhaps. So do buy more when she is in. ;)", "disagreeCount": 0, "logView": true, "createdAt": 1313309852, "likes": {"groups": [], "summary": "1 like", "count": 1}, "todo": {"count": 0}, "agreeCount": 0, "canonicalUrl": "https://foursquare.com/item/4e47849c14959d51c172259a", "type": "user", "user": {"gender": "male", "id": "9995033", "photo": {"prefix": "https://igx.4sqi.net/img/user/", "suffix": "/SRGC33LVSH4U33RT.jpg"}, "firstName": "Michael", "lastName": "Sim"}}]}, {"reasons": {"items": [{"reasonName": "globalInteractionReason", "summary": "This spot is popular", "type": "general"}], "count": 0}, "venue": {"hereNow": {"groups": [], "summary": "Nobody here", "count": 0}, "contact": {}, "photos": {"groups": [], "count": 0}, "name": "Singyi Seafood Garden", "allowMenuUrlEdit": true, "beenHere": {"lastCheckinExpiredAt": 0, "count": 0, "marked": false}, "stats": {"checkinsCount": 97, "usersCount": 85, "tipCount": 2}, "id": "4fbe3381e4b096c17b88de33", "categories": [{"pluralName": "Seafood Restaurants", "id": "4bf58dd8d48988d1ce941735", "primary": true, "icon": {"prefix": "https://ss3.4sqi.net/img/categories_v2/food/seafood_", "suffix": ".png"}, "name": "Seafood Restaurant", "shortName": "Seafood"}], "location": {"lng": 103.91740967274832, "formattedAddress": ["@Punggol (10 Tebing Ln.)", "Singapore"], "lat": 1.3929780871658042, "crossStreet": "10 Tebing Ln.", "country": "Singapore", "distance": 742, "city": "Singapore", "cc": "SG", "address": "@Punggol", "labeledLatLngs": [{"lng": 103.91740967274832, "label": "display", "lat": 1.3929780871658042}]}, "verified": false, "price": {"tier": 3, "currency": "$", "message": "Expensive"}}, "referralId": "e-3-4fbe3381e4b096c17b88de33-27", "tips": [{"id": "50e9650be4b004b1aa3ce72d", "text": "lime juice is very good! they should add in a salted plum for added flavour though.", "disagreeCount": 0, "createdAt": 1357473035, "logView": true, "todo": {"count": 0}, "agreeCount": 0, "canonicalUrl": "https://foursquare.com/item/50e9650be4b004b1aa3ce72d", "type": "user", "user": {"gender": "female", "id": "1719787", "photo": {"prefix": "https://igx.4sqi.net/img/user/", "suffix": "/HBP5WRF1FTTCAEGD.jpg"}, "firstName": "Tiffany", "lastName": "Yoong"}}]}, {"reasons": {"items": [{"reasonName": "globalInteractionReason", "summary": "This spot is popular", "type": "general"}], "count": 0}, "venue": {"hereNow": {"groups": [], "summary": "Nobody here", "count": 0}, "contact": {"facebook": "122862274455715", "facebookUsername": "PopeyesSGP", "twitter": "popeyessg", "facebookName": "Popeyes Singapore"}, "photos": {"groups": [], "count": 0}, "rating": 5.5, "name": "Popeyes Louisiana Kitchen", "ratingSignals": 92, "allowMenuUrlEdit": true, "categories": [{"pluralName": "Fried Chicken Joints", "id": "4d4ae6fc7a7b7dea34424761", "primary": true, "icon": {"prefix": "https://ss3.4sqi.net/img/categories_v2/food/friedchicken_", "suffix": ".png"}, "name": "Fried Chicken Joint", "shortName": "Fried Chicken"}], "stats": {"checkinsCount": 7827, "usersCount": 4365, "tipCount": 70}, "id": "4d12cdb3d0fda0937dd2ae57", "beenHere": {"lastCheckinExpiredAt": 0, "count": 0, "marked": false}, "ratingColor": "FF9600", "location": {"lng": 103.91697406768799, "formattedAddress": ["#01-05, Punggol East (10 Tebing Ln)", "828834", "Singapore"], "postalCode": "828834", "lat": 1.3930235603040406, "crossStreet": "10 Tebing Ln", "country": "Singapore", "distance": 732, "city": "Singapore", "cc": "SG", "address": "#01-05, Punggol East", "labeledLatLngs": [{"lng": 103.91697406768799, "label": "display", "lat": 1.3930235603040406}]}, "hours": {"isLocalHoliday": false, "isOpen": true, "status": "Likely open"}, "verified": false, "price": {"tier": 1, "currency": "$", "message": "Cheap"}}, "referralId": "e-3-4d12cdb3d0fda0937dd2ae57-28", "tips": [{"id": "4d196ba685fc6dcbbd78bd4e", "text": "There's a Popeyes in Punggol?! Awesome! Mash potato and soft biscuits here I come!!", "disagreeCount": 0, "logView": true, "createdAt": 1293511590, "likes": {"groups": [], "summary": "7 likes", "count": 7}, "todo": {"count": 0}, "agreeCount": 0, "canonicalUrl": "https://foursquare.com/item/4d196ba685fc6dcbbd78bd4e", "type": "user", "user": {"gender": "male", "id": "1116221", "photo": {"prefix": "https://igx.4sqi.net/img/user/", "suffix": "/4EUUXFCPJIJ3MZH4.jpg"}, "firstName": "Syamim", "lastName": "Greenboy"}}]}, {"reasons": {"items": [{"reasonName": "globalInteractionReason", "summary": "This spot is popular", "type": "general"}], "count": 0}, "venue": {"hereNow": {"groups": [], "summary": "Nobody here", "count": 0}, "contact": {}, "photos": {"groups": [], "count": 0}, "name": "Cravings", "allowMenuUrlEdit": true, "beenHere": {"lastCheckinExpiredAt": 0, "count": 0, "marked": false}, "stats": {"checkinsCount": 126, "usersCount": 85, "tipCount": 4}, "id": "54a671e2498e2286f9925bcf", "categories": [{"pluralName": "Caf\u00e9s", "id": "4bf58dd8d48988d16d941735", "primary": true, "icon": {"prefix": "https://ss3.4sqi.net/img/categories_v2/food/cafe_", "suffix": ".png"}, "name": "Caf\u00e9", "shortName": "Caf\u00e9"}], "location": {"formattedAddress": ["6 Tebing Lane #01-05", "828835", "Singapore"], "postalCode": "828835", "lat": 1.3924943214463106, "lng": 103.91646937564623, "country": "Singapore", "distance": 789, "city": "Singapore", "cc": "SG", "address": "6 Tebing Lane #01-05", "labeledLatLngs": [{"lng": 103.91646937564623, "label": "display", "lat": 1.3924943214463106}]}, "hours": {"isLocalHoliday": false, "isOpen": false, "status": "Closed until 4:00 PM Wednesday"}, "verified": false, "price": {"tier": 1, "currency": "$", "message": "Cheap"}}, "referralId": "e-3-54a671e2498e2286f9925bcf-29", "tips": [{"id": "54d74d47498e000e0ad719fb", "text": "Take note of the opening hours: Wednesdays - Sundays, 4pm to 1am.", "disagreeCount": 0, "logView": true, "createdAt": 1423396167, "likes": {"groups": [], "summary": "1 like", "count": 1}, "todo": {"count": 0}, "agreeCount": 1, "canonicalUrl": "https://foursquare.com/item/54d74d47498e000e0ad719fb", "type": "user", "user": {"id": "2416267", "photo": {"prefix": "https://igx.4sqi.net/img/user/", "suffix": "/2416267_KucjsQEM_ScdU_2QSQAUHuzKmBVwkJjI1N_g1HGztwHiU1HR99IuZBaOJaUm2PG-HS1b9ZtFJ.jpg"}, "firstName": "Songhua", "gender": "male"}}]}, {"reasons": {"items": [{"reasonName": "globalInteractionReason", "summary": "This spot is popular", "type": "general"}], "count": 0}, "venue": {"hereNow": {"groups": [], "summary": "Nobody here", "count": 0}, "contact": {"phone": "+6563878192", "formattedPhone": "+65 6387 8192"}, "photos": {"groups": [], "count": 0}, "rating": 5.4, "name": "Nihon Mura \u65e5\u672c\u6751", "ratingSignals": 26, "allowMenuUrlEdit": true, "categories": [{"pluralName": "Japanese Restaurants", "id": "4bf58dd8d48988d111941735", "primary": true, "icon": {"prefix": "https://ss3.4sqi.net/img/categories_v2/food/japanese_", "suffix": ".png"}, "name": "Japanese Restaurant", "shortName": "Japanese"}], "stats": {"checkinsCount": 2237, "usersCount": 894, "tipCount": 15}, "id": "4cc1639e43646dcb55fc448c", "beenHere": {"lastCheckinExpiredAt": 0, "count": 0, "marked": false}, "ratingColor": "FF9600", "location": {"lng": 103.91308775802094, "formattedAddress": ["#B1-05, Punggol Plaza (168 Punggol Field)", "820168", "Singapore"], "postalCode": "820168", "lat": 1.3937868955810944, "crossStreet": "168 Punggol Field", "country": "Singapore", "distance": 748, "city": "Singapore", "cc": "SG", "address": "#B1-05, Punggol Plaza", "labeledLatLngs": [{"lng": 103.91308775802094, "label": "display", "lat": 1.3937868955810944}]}, "hours": {"isLocalHoliday": false, "isOpen": true, "status": "Likely open"}, "verified": false, "price": {"tier": 2, "currency": "$", "message": "Moderate"}}, "referralId": "e-3-4cc1639e43646dcb55fc448c-30", "tips": [{"id": "4d00d68a8da26a31111e960c", "text": "This japanese restuarant's sushi is considerably cheap. The food is also nice too. They have nice decos and ambience too. If you guys crave for japanese food and do not want to spend so much, this is", "disagreeCount": 0, "logView": true, "createdAt": 1291900554, "likes": {"groups": [], "summary": "2 likes", "count": 2}, "todo": {"count": 3}, "agreeCount": 2, "canonicalUrl": "https://foursquare.com/item/4d00d68a8da26a31111e960c", "type": "user", "user": {"id": "3677242", "photo": {"prefix": "https://igx.4sqi.net/img/user/", "suffix": "/3677242-VALLGDQHMG0MJRE3.jpg"}, "firstName": "Stanley \u8f89", "gender": "male"}}]}, {"reasons": {"items": [{"reasonName": "globalInteractionReason", "summary": "This spot is popular", "type": "general"}], "count": 0}, "venue": {"hereNow": {"groups": [], "summary": "Nobody here", "count": 0}, "contact": {}, "photos": {"groups": [], "count": 0}, "rating": 5.3, "name": "Hao Xiang (Punggol) Seafood Garden", "ratingSignals": 12, "allowMenuUrlEdit": true, "categories": [{"pluralName": "Seafood Restaurants", "id": "4bf58dd8d48988d1ce941735", "primary": true, "icon": {"prefix": "https://ss3.4sqi.net/img/categories_v2/food/seafood_", "suffix": ".png"}, "name": "Seafood Restaurant", "shortName": "Seafood"}], "stats": {"checkinsCount": 691, "usersCount": 239, "tipCount": 7}, "id": "4cfccc5a0df3236a71a800aa", "beenHere": {"lastCheckinExpiredAt": 0, "count": 0, "marked": false}, "ratingColor": "FF9600", "location": {"lng": 103.91321803655254, "formattedAddress": ["#01-01 Punggol Plaza (168 Punggol Field)", "Singapore"], "lat": 1.3939392410114093, "crossStreet": "168 Punggol Field", "country": "Singapore", "distance": 726, "city": "Singapore", "cc": "SG", "address": "#01-01 Punggol Plaza", "labeledLatLngs": [{"lng": 103.91321803655254, "label": "display", "lat": 1.3939392410114093}]}, "hours": {"isLocalHoliday": false, "isOpen": true, "status": "Likely open"}, "verified": false, "price": {"tier": 3, "currency": "$", "message": "Expensive"}}, "referralId": "e-3-4cfccc5a0df3236a71a800aa-31", "tips": [{"id": "50473d9ee4b03314a44337a5", "text": "Try the fried rice here, it's not bad!", "disagreeCount": 0, "logView": true, "createdAt": 1346846110, "likes": {"groups": [], "summary": "1 like", "count": 1}, "todo": {"count": 0}, "agreeCount": 1, "canonicalUrl": "https://foursquare.com/item/50473d9ee4b03314a44337a5", "type": "user", "user": {"gender": "female", "id": "26506394", "photo": {"prefix": "https://igx.4sqi.net/img/user/", "suffix": "/I5WUXEXUWYDEVCQX.jpg"}, "firstName": "K", "lastName": "Alto"}}]}, {"reasons": {"items": [{"reasonName": "globalInteractionReason", "summary": "This spot is popular", "type": "general"}], "count": 0}, "venue": {"hereNow": {"groups": [], "summary": "Nobody here", "count": 0}, "contact": {"phone": "+6568757292", "formattedPhone": "+65 6875 7292"}, "photos": {"groups": [], "count": 0}, "rating": 5.1, "name": "KFC", "ratingSignals": 25, "allowMenuUrlEdit": true, "categories": [{"pluralName": "Fried Chicken Joints", "id": "4d4ae6fc7a7b7dea34424761", "primary": true, "icon": {"prefix": "https://ss3.4sqi.net/img/categories_v2/food/friedchicken_", "suffix": ".png"}, "name": "Fried Chicken Joint", "shortName": "Fried Chicken"}], "stats": {"checkinsCount": 2163, "usersCount": 894, "tipCount": 13}, "id": "4b8dce6cf964a520780e33e3", "beenHere": {"lastCheckinExpiredAt": 0, "count": 0, "marked": false}, "ratingColor": "FF9600", "location": {"lng": 103.91319751739502, "formattedAddress": ["#B1-02/03 Punggol Plaza (168 Punggol Field)", "820169", "Singapore"], "postalCode": "820169", "lat": 1.3937958080740456, "crossStreet": "168 Punggol Field", "country": "Singapore", "distance": 741, "city": "Singapore", "cc": "SG", "address": "#B1-02/03 Punggol Plaza", "labeledLatLngs": [{"lng": 103.91319751739502, "label": "display", "lat": 1.3937958080740456}]}, "hours": {"isLocalHoliday": false, "isOpen": true, "status": "Likely open"}, "verified": false, "price": {"tier": 1, "currency": "$", "message": "Cheap"}}, "referralId": "e-3-4b8dce6cf964a520780e33e3-32", "tips": [{"id": "4cd6336889eb6dcb083f2e1e", "text": "The staff named Wendy has a super bad attitude!!!!!!!!!!!!!", "disagreeCount": 0, "logView": true, "createdAt": 1289106280, "likes": {"groups": [], "summary": "2 likes", "count": 2}, "todo": {"count": 0}, "agreeCount": 2, "canonicalUrl": "https://foursquare.com/item/4cd6336889eb6dcb083f2e1e", "type": "user", "user": {"gender": "female", "id": "3228243", "photo": {"prefix": "https://igx.4sqi.net/img/user/", "suffix": "/AASY0S0LQE2V2KZF.jpg"}, "firstName": "Cheryl", "lastName": "Gay"}}]}, {"reasons": {"items": [{"reasonName": "globalInteractionReason", "summary": "This spot is popular", "type": "general"}], "count": 0}, "venue": {"hereNow": {"groups": [], "summary": "Nobody here", "count": 0}, "contact": {"phone": "+6564410838", "formattedPhone": "+65 6441 0838"}, "photos": {"groups": [], "count": 0}, "rating": 4.8, "name": "Xian Seafood Restaurant", "ratingSignals": 22, "allowMenuUrlEdit": true, "categories": [{"pluralName": "Seafood Restaurants", "id": "4bf58dd8d48988d1ce941735", "primary": true, "icon": {"prefix": "https://ss3.4sqi.net/img/categories_v2/food/seafood_", "suffix": ".png"}, "name": "Seafood Restaurant", "shortName": "Seafood"}], "stats": {"checkinsCount": 812, "usersCount": 442, "tipCount": 23}, "id": "4d2c4700342d6dcb98a71dcb", "beenHere": {"lastCheckinExpiredAt": 0, "count": 0, "marked": false}, "ratingColor": "FF6701", "location": {"formattedAddress": ["10 Tebing Lane #01-01", "828836", "Singapore"], "postalCode": "828836", "lat": 1.3944168573990077, "lng": 103.9161748260725, "country": "Singapore", "distance": 576, "city": "Singapore", "cc": "SG", "address": "10 Tebing Lane #01-01", "labeledLatLngs": [{"lng": 103.9161748260725, "label": "display", "lat": 1.3944168573990077}]}, "hours": {"isLocalHoliday": false, "isOpen": true, "status": "Likely open"}, "verified": false, "price": {"tier": 3, "currency": "$", "message": "Expensive"}}, "referralId": "e-3-4d2c4700342d6dcb98a71dcb-33", "tips": [{"id": "4d551cb496ed5481a4cc0470", "text": "lousy service", "disagreeCount": 0, "logView": true, "createdAt": 1297423540, "likes": {"groups": [], "summary": "4 likes", "count": 4}, "todo": {"count": 0}, "agreeCount": 0, "canonicalUrl": "https://foursquare.com/item/4d551cb496ed5481a4cc0470", "type": "user", "user": {"id": "5877467", "photo": {"prefix": "https://igx.4sqi.net/img/user/", "suffix": "/AYKWYWN1SAVIJHLQ.jpg"}, "firstName": "jam", "gender": "female"}}]}, {"reasons": {"items": [{"reasonName": "globalInteractionReason", "summary": "This spot is popular", "type": "general"}], "count": 0}, "venue": {"hereNow": {"groups": [], "summary": "Nobody here", "count": 0}, "contact": {}, "photos": {"groups": [], "count": 0}, "rating": 4.9, "name": "Pitstop 24/7", "ratingSignals": 40, "allowMenuUrlEdit": true, "categories": [{"pluralName": "Caf\u00e9s", "id": "4bf58dd8d48988d16d941735", "primary": true, "icon": {"prefix": "https://ss3.4sqi.net/img/categories_v2/food/cafe_", "suffix": ".png"}, "name": "Caf\u00e9", "shortName": "Caf\u00e9"}], "stats": {"checkinsCount": 716, "usersCount": 425, "tipCount": 15}, "id": "51efe64e498ecbc1c057e609", "beenHere": {"lastCheckinExpiredAt": 0, "count": 0, "marked": false}, "ratingColor": "FF6701", "location": {"formattedAddress": ["Singapore"], "lat": 1.392992850999854, "lng": 103.91741533720821, "distance": 741, "country": "Singapore", "cc": "SG", "labeledLatLngs": [{"lng": 103.91741533720821, "label": "display", "lat": 1.392992850999854}]}, "verified": false, "price": {"tier": 1, "currency": "$", "message": "Cheap"}}, "referralId": "e-3-51efe64e498ecbc1c057e609-34", "tips": [{"id": "52ee3be1498e5d367111dc0d", "text": "Be sure to sit outside to experience the cool breeze! However, service here is bad.", "disagreeCount": 0, "logView": true, "createdAt": 1391344609, "likes": {"groups": [], "summary": "2 likes", "count": 2}, "todo": {"count": 0}, "agreeCount": 2, "canonicalUrl": "https://foursquare.com/item/52ee3be1498e5d367111dc0d", "type": "user", "user": {"gender": "female", "id": "37705617", "photo": {"prefix": "https://igx.4sqi.net/img/user/", "suffix": "/37705617-KYJG3MOADYZOOPAQ.jpg"}, "firstName": "Maliah", "lastName": "Lising"}}]}, {"reasons": {"items": [{"reasonName": "globalInteractionReason", "summary": "This spot is popular", "type": "general"}], "count": 0}, "venue": {"contact": {}, "photos": {"groups": [], "count": 0}, "rating": 4.5, "name": "Koufu \u53e3\u798f", "ratingSignals": 76, "allowMenuUrlEdit": true, "categories": [{"pluralName": "Food Courts", "id": "4bf58dd8d48988d120951735", "primary": true, "icon": {"prefix": "https://ss3.4sqi.net/img/categories_v2/shops/food_foodcourt_", "suffix": ".png"}, "name": "Food Court", "shortName": "Food Court"}], "stats": {"checkinsCount": 8938, "usersCount": 1727, "tipCount": 71}, "id": "4b7e8814f964a52043f12fe3", "beenHere": {"lastCheckinExpiredAt": 0, "count": 0, "marked": false}, "ratingColor": "FF6701", "location": {"lng": 103.91343894391076, "formattedAddress": ["168 Punggol Field #01-01 (Punggol Plaza)", "820168", "Singapore"], "postalCode": "820168", "lat": 1.394023196422618, "crossStreet": "Punggol Plaza", "country": "Singapore", "distance": 705, "city": "Singapore", "cc": "SG", "address": "168 Punggol Field #01-01", "labeledLatLngs": [{"lng": 103.91343894391076, "label": "display", "lat": 1.394023196422618}]}, "hours": {"isLocalHoliday": false, "isOpen": true, "status": "Likely open"}, "verified": false, "hereNow": {"groups": [], "summary": "Nobody here", "count": 0}}, "referralId": "e-3-4b7e8814f964a52043f12fe3-35", "tips": [{"id": "4df57c4e52b100c2d80183cf", "text": "Western food @ Hungry Jack is very nice. Must Try!", "disagreeCount": 0, "logView": true, "createdAt": 1307933774, "likes": {"groups": [], "summary": "2 likes", "count": 2}, "todo": {"count": 0}, "agreeCount": 2, "canonicalUrl": "https://foursquare.com/item/4df57c4e52b100c2d80183cf", "type": "user", "user": {"gender": "female", "id": "9331621", "photo": {"prefix": "https://igx.4sqi.net/img/user/", "suffix": "/4XVDCD0G54YZOI33.jpg"}, "firstName": "Jasmin", "lastName": "Quek"}}]}], "name": "recommended", "type": "Recommended Places"}], "query": "food", "headerLocation": "Punggol"}}