{"meta": {"code": 200, "requestId": "595a3a9c1ed21919fac46635"}, "response": {"suggestedFilters": {"filters": [{"name": "Open now", "key": "openNow"}], "header": "Tap to show:"}, "totalResults": 36, "headerFullLocation": "Punggol, Singapore", "headerLocationGranularity": "neighborhood", "suggestedBounds": {"ne": {"lng": 103.91376637190673, "lat": 1.419970901063547}, "sw": {"lng": 103.89938887349727, "lat": 1.4055708866635328}}, "groups": [{"items": [{"reasons": {"items": [{"reasonName": "globalInteractionReason", "summary": "This spot is popular", "type": "general"}], "count": 0}, "venue": {"hereNow": {"groups": [], "summary": "Nobody here", "count": 0}, "contact": {"phone": "+6563856275", "formattedPhone": "+65 6385 6275"}, "photos": {"groups": [], "count": 0}, "rating": 6.4, "name": "McDonald's", "ratingSignals": 7, "allowMenuUrlEdit": true, "categories": [{"pluralName": "Fast Food Restaurants", "id": "4bf58dd8d48988d16e941735", "primary": true, "icon": {"prefix": "https://ss3.4sqi.net/img/categories_v2/food/fastfood_", "suffix": ".png"}, "name": "Fast Food Restaurant", "shortName": "Fast Food"}], "stats": {"checkinsCount": 394, "usersCount": 200, "tipCount": 3}, "id": "57369448498e45f1decf154c", "beenHere": {"lastCheckinExpiredAt": 0, "count": 0, "marked": false}, "ratingColor": "FFC800", "location": {"lng": 103.906063, "formattedAddress": ["#03-05, SAFRA Punggol (9 Sentul Crescent)", "828654", "Singapore"], "postalCode": "828654", "lat": 1.410171, "crossStreet": "9 Sentul Crescent", "country": "Singapore", "distance": 295, "city": "Singapore", "cc": "SG", "address": "#03-05, SAFRA Punggol", "labeledLatLngs": [{"lng": 103.906063, "label": "display", "lat": 1.410171}]}, "verified": false, "price": {"tier": 1, "currency": "$", "message": "Cheap"}}, "referralId": "e-3-57369448498e45f1decf154c-0", "tips": [{"id": "57821cec498e8229b19269ab", "text": "Quiet and few customers. Safra members ordering through the kiosk get specials such as free apple pies", "disagreeCount": 0, "createdAt": 1468144876, "logView": true, "todo": {"count": 0}, "agreeCount": 0, "canonicalUrl": "https://foursquare.com/item/57821cec498e8229b19269ab", "type": "user", "user": {"gender": "none", "id": "4077008", "photo": {"prefix": "https://igx.4sqi.net/img/user/", "suffix": "/1F5LS2APNG03Y3KD.jpg"}, "firstName": "Tian-An", "lastName": "Tan"}}]}, {"reasons": {"items": [{"reasonName": "globalInteractionReason", "summary": "This spot is popular", "type": "general"}], "count": 0}, "venue": {"hereNow": {"groups": [], "summary": "Nobody here", "count": 0}, "contact": {}, "photos": {"groups": [], "count": 0}, "rating": 6.4, "name": "The R\u00f6sti Farm", "ratingSignals": 11, "allowMenuUrlEdit": true, "categories": [{"pluralName": "Swiss Restaurants", "id": "4bf58dd8d48988d158941735", "primary": true, "icon": {"prefix": "https://ss3.4sqi.net/img/categories_v2/food/swiss_", "suffix": ".png"}, "name": "Swiss Restaurant", "shortName": "Swiss"}], "stats": {"checkinsCount": 190, "usersCount": 114, "tipCount": 4}, "id": "56a0a2bc498e1651fd0c864a", "beenHere": {"lastCheckinExpiredAt": 0, "count": 0, "marked": false}, "ratingColor": "FFC800", "location": {"lng": 103.90243932290282, "formattedAddress": ["Waterway Point (83 Punggol Central)", "Singapore"], "lat": 1.406972142999176, "crossStreet": "83 Punggol Central", "country": "Singapore", "distance": 792, "city": "Singapore", "cc": "SG", "address": "Waterway Point", "labeledLatLngs": [{"lng": 103.90243932290282, "label": "display", "lat": 1.406972142999176}]}, "verified": false, "price": {"tier": 3, "currency": "$", "message": "Expensive"}}, "referralId": "e-3-56a0a2bc498e1651fd0c864a-1", "tips": [{"logView": true, "photo": {"id": "57131ca7498e21b5d0c0214c", "visibility": "public", "source": {"name": "Foursquare for Android", "url": "https://foursquare.com/download/#/android"}, "suffix": "/48012231_frf96kwRlka6eFsgWPqb_cycfIylTrudAGC-f1i-feY.jpg", "createdAt": 1460870311, "prefix": "https://igx.4sqi.net/img/general/", "width": 5312, "height": 2988}, "createdAt": 1460870306, "todo": {"count": 0}, "agreeCount": 1, "likes": {"groups": [], "summary": "1 like", "count": 1}, "id": "57131ca2498ecfc33f67d5dd", "text": "You already served pork, but Why have you need to served TURKEY BACON? use Pork Bacon please...", "disagreeCount": 0, "user": {"gender": "male", "id": "48012231", "photo": {"prefix": "https://igx.4sqi.net/img/user/", "suffix": "/ZTAJX3XO2ME0FDTL.jpg"}, "firstName": "Wesley", "lastName": "Tam"}, "canonicalUrl": "https://foursquare.com/item/57131ca2498ecfc33f67d5dd", "type": "user", "photourl": "https://igx.4sqi.net/img/general/original/48012231_frf96kwRlka6eFsgWPqb_cycfIylTrudAGC-f1i-feY.jpg"}]}, {"reasons": {"items": [{"reasonName": "globalInteractionReason", "summary": "This spot is popular", "type": "general"}], "count": 0}, "venue": {"hereNow": {"groups": [], "summary": "Nobody here", "count": 0}, "contact": {}, "photos": {"groups": [], "count": 0}, "rating": 6.3, "name": "Subway", "ratingSignals": 0, "allowMenuUrlEdit": true, "categories": [{"pluralName": "Sandwich Places", "id": "4bf58dd8d48988d1c5941735", "primary": true, "icon": {"prefix": "https://ss3.4sqi.net/img/categories_v2/food/deli_", "suffix": ".png"}, "name": "Sandwich Place", "shortName": "Sandwiches"}], "stats": {"checkinsCount": 59, "usersCount": 40, "tipCount": 0}, "id": "56a2f460498e17284dfdeea7", "beenHere": {"lastCheckinExpiredAt": 0, "count": 0, "marked": false}, "ratingColor": "FFC800", "location": {"lng": 103.90239967602103, "formattedAddress": ["Waterway Point (83 Punggol Central)", "Singapore"], "lat": 1.4069857857559616, "crossStreet": "83 Punggol Central", "country": "Singapore", "distance": 794, "city": "Singapore", "cc": "SG", "address": "Waterway Point", "labeledLatLngs": [{"lng": 103.90239967602103, "label": "display", "lat": 1.4069857857559616}]}, "verified": false, "price": {"tier": 1, "currency": "$", "message": "Cheap"}}, "referralId": "e-3-56a2f460498e17284dfdeea7-2"}, {"reasons": {"items": [{"reasonName": "globalInteractionReason", "summary": "This spot is popular", "type": "general"}], "count": 0}, "venue": {"hereNow": {"groups": [], "summary": "Nobody here", "count": 0}, "contact": {"phone": "+6563857853", "formattedPhone": "+65 6385 7853"}, "photos": {"groups": [], "count": 0}, "rating": 6.2, "name": "McDonald's / McCafe", "ratingSignals": 16, "allowMenuUrlEdit": true, "categories": [{"pluralName": "Fast Food Restaurants", "id": "4bf58dd8d48988d16e941735", "primary": true, "icon": {"prefix": "https://ss3.4sqi.net/img/categories_v2/food/fastfood_", "suffix": ".png"}, "name": "Fast Food Restaurant", "shortName": "Fast Food"}], "stats": {"checkinsCount": 920, "usersCount": 367, "tipCount": 5}, "id": "569c5b32498e2d32d7192dd4", "beenHere": {"lastCheckinExpiredAt": 0, "count": 0, "marked": false}, "url": "https://www.mcdonalds.com.sg", "ratingColor": "FFC800", "location": {"lng": 103.90225241627488, "formattedAddress": ["#B2-07, Waterway Point (83 Punggol Central)", "828761", "Singapore"], "postalCode": "828761", "lat": 1.4070894855021672, "crossStreet": "83 Punggol Central", "country": "Singapore", "distance": 794, "city": "Singapore", "cc": "SG", "address": "#B2-07, Waterway Point", "labeledLatLngs": [{"lng": 103.90225241627488, "label": "display", "lat": 1.4070894855021672}]}, "hours": {"isLocalHoliday": false, "isOpen": true, "status": "Likely open"}, "verified": false, "price": {"tier": 1, "currency": "$", "message": "Cheap"}}, "referralId": "e-3-569c5b32498e2d32d7192dd4-3", "tips": [{"id": "5774c9b3498edacb84e00d9c", "text": "The salted egg yolk chicken burger promises all taste but no mess. The generous curry leaves are complemented by the flavorful salt-pepper crab fries, banishing the pseudo-truffle debacle forever.", "disagreeCount": 0, "createdAt": 1467271603, "logView": true, "todo": {"count": 0}, "agreeCount": 1, "canonicalUrl": "https://foursquare.com/item/5774c9b3498edacb84e00d9c", "type": "user", "user": {"gender": "male", "id": "5406597", "photo": {"prefix": "https://igx.4sqi.net/img/user/", "suffix": "/5406597-OQPKWR5ET4QO5EMC.jpg"}, "firstName": "Aaron", "lastName": "Wong"}}]}, {"reasons": {"items": [{"reasonName": "globalInteractionReason", "summary": "This spot is popular", "type": "general"}], "count": 0}, "venue": {"hereNow": {"groups": [], "summary": "Nobody here", "count": 0}, "contact": {}, "photos": {"groups": [], "count": 0}, "rating": 6.2, "name": "So Pho", "ratingSignals": 9, "allowMenuUrlEdit": true, "categories": [{"pluralName": "Vietnamese Restaurants", "id": "4bf58dd8d48988d14a941735", "primary": true, "icon": {"prefix": "https://ss3.4sqi.net/img/categories_v2/food/vietnamese_", "suffix": ".png"}, "name": "Vietnamese Restaurant", "shortName": "Vietnamese"}], "stats": {"checkinsCount": 184, "usersCount": 136, "tipCount": 2}, "id": "56a1fec5498ed9b2aff85a87", "beenHere": {"lastCheckinExpiredAt": 0, "count": 0, "marked": false}, "ratingColor": "FFC800", "location": {"lng": 103.90237702066517, "formattedAddress": ["Waterway Point (83 Punggol Central)", "Singapore"], "lat": 1.4070504155769126, "crossStreet": "83 Punggol Central", "country": "Singapore", "distance": 789, "city": "Singapore", "cc": "SG", "address": "Waterway Point", "labeledLatLngs": [{"lng": 103.90237702066517, "label": "display", "lat": 1.4070504155769126}]}, "verified": false, "price": {"tier": 2, "currency": "$", "message": "Moderate"}}, "referralId": "e-3-56a1fec5498ed9b2aff85a87-4", "tips": [{"logView": true, "photo": {"id": "573c675c498e3dd6421e7245", "visibility": "public", "source": {"name": "Foursquare for iOS", "url": "https://foursquare.com/download/#/iphone"}, "suffix": "/41592274_ScWT21AZJgDjh77kHFNBOim3Kd2YbGZ_P5C-uLRLEn0.jpg", "createdAt": 1463576412, "prefix": "https://igx.4sqi.net/img/general/", "width": 1920, "height": 1440}, "createdAt": 1463576409, "agreeCount": 0, "id": "573c6759498e6ee312515aa9", "text": "Servers are all very polite. Food comes fast and worth the money. Floor to ceiling windows so can see the view outside and won't feel so claustrophobia here :D", "type": "user", "disagreeCount": 0, "user": {"gender": "female", "id": "41592274", "photo": {"prefix": "https://igx.4sqi.net/img/user/", "suffix": "/41592274-5Y3KXF4YO4FFHLUD.jpg"}, "firstName": "TsuiRen", "lastName": "Clover"}, "canonicalUrl": "https://foursquare.com/item/573c6759498e6ee312515aa9", "todo": {"count": 0}, "photourl": "https://igx.4sqi.net/img/general/original/41592274_ScWT21AZJgDjh77kHFNBOim3Kd2YbGZ_P5C-uLRLEn0.jpg"}]}, {"reasons": {"items": [{"reasonName": "globalInteractionReason", "summary": "This spot is popular", "type": "general"}], "count": 0}, "venue": {"hereNow": {"groups": [], "summary": "Nobody here", "count": 0}, "contact": {}, "photos": {"groups": [], "count": 0}, "name": "Jack's Place", "allowMenuUrlEdit": true, "beenHere": {"lastCheckinExpiredAt": 0, "count": 0, "marked": false}, "stats": {"checkinsCount": 76, "usersCount": 62, "tipCount": 2}, "id": "572dc3bb498eb629807775eb", "categories": [{"pluralName": "Steakhouses", "id": "4bf58dd8d48988d1cc941735", "primary": true, "icon": {"prefix": "https://ss3.4sqi.net/img/categories_v2/food/steakhouse_", "suffix": ".png"}, "name": "Steakhouse", "shortName": "Steakhouse"}], "location": {"lng": 103.906363, "formattedAddress": ["SAFRA Punggol (10 Sentul Crescent)", "Singapore"], "lat": 1.410821, "crossStreet": "10 Sentul Crescent", "state": "North East Community Development Region", "country": "Singapore", "distance": 218, "city": "Punggol", "cc": "SG", "address": "SAFRA Punggol", "labeledLatLngs": [{"lng": 103.906363, "label": "display", "lat": 1.410821}]}, "verified": false, "price": {"tier": 4, "currency": "$", "message": "Very Expensive"}}, "referralId": "e-3-572dc3bb498eb629807775eb-5", "tips": [{"id": "572dcdc2498e94f4c3c48ef9", "text": "Very generous serving of #garlic #bread with the #soup of the day. A little stale though.", "disagreeCount": 0, "createdAt": 1462619586, "logView": true, "todo": {"count": 0}, "agreeCount": 1, "canonicalUrl": "https://foursquare.com/item/572dcdc2498e94f4c3c48ef9", "type": "user", "user": {"gender": "male", "id": "5406597", "photo": {"prefix": "https://igx.4sqi.net/img/user/", "suffix": "/5406597-OQPKWR5ET4QO5EMC.jpg"}, "firstName": "Aaron", "lastName": "Wong"}}]}, {"reasons": {"items": [{"reasonName": "globalInteractionReason", "summary": "This spot is popular", "type": "general"}], "count": 0}, "venue": {"hereNow": {"groups": [], "summary": "Nobody here", "count": 0}, "contact": {}, "photos": {"groups": [], "count": 0}, "name": "Siam Thai Tuckshop", "allowMenuUrlEdit": true, "beenHere": {"lastCheckinExpiredAt": 0, "count": 0, "marked": false}, "stats": {"checkinsCount": 40, "usersCount": 35, "tipCount": 2}, "id": "571b0b78498e5b41250a5eb5", "categories": [{"pluralName": "Thai Restaurants", "id": "4bf58dd8d48988d149941735", "primary": true, "icon": {"prefix": "https://ss3.4sqi.net/img/categories_v2/food/thai_", "suffix": ".png"}, "name": "Thai Restaurant", "shortName": "Thai"}], "location": {"lat": 1.4104953330589183, "distance": 253, "country": "Singapore", "cc": "SG", "crossStreet": "9 Sentul Crescent", "formattedAddress": ["#02-05 SAFRA Punggol Club (9 Sentul Crescent)", "828654", "Singapore"], "city": "Punggol", "lng": 103.90644371709489, "state": "North East Community Development Region", "labeledLatLngs": [{"lng": 103.90644371709489, "label": "display", "lat": 1.4104953330589183}], "address": "#02-05 SAFRA Punggol Club", "postalCode": "828654"}, "verified": false, "price": {"tier": 2, "currency": "$", "message": "Moderate"}}, "referralId": "e-3-571b0b78498e5b41250a5eb5-6", "tips": [{"id": "5933f1fc75a6ea7ca8813181", "text": "Family friendly. Aircon is not too cold. Staff is friendly", "disagreeCount": 0, "createdAt": 1496576508, "logView": true, "todo": {"count": 0}, "agreeCount": 0, "canonicalUrl": "https://foursquare.com/item/5933f1fc75a6ea7ca8813181", "type": "user", "user": {"id": "21284359", "photo": {"prefix": "https://igx.4sqi.net/img/user/", "suffix": "/CSGKAQLY1WCO2OE4.jpg"}, "firstName": "Miico", "gender": "none"}}]}, {"reasons": {"items": [{"reasonName": "globalInteractionReason", "summary": "This spot is popular", "type": "general"}], "count": 0}, "venue": {"hereNow": {"groups": [], "summary": "Nobody here", "count": 0}, "contact": {}, "photos": {"groups": [], "count": 0}, "name": "issho family restaurant", "allowMenuUrlEdit": true, "beenHere": {"lastCheckinExpiredAt": 0, "count": 0, "marked": false}, "stats": {"checkinsCount": 37, "usersCount": 33, "tipCount": 1}, "id": "57a47293498e9c810306a3e7", "categories": [{"pluralName": "Japanese Restaurants", "id": "4bf58dd8d48988d111941735", "primary": true, "icon": {"prefix": "https://ss3.4sqi.net/img/categories_v2/food/japanese_", "suffix": ".png"}, "name": "Japanese Restaurant", "shortName": "Japanese"}], "location": {"formattedAddress": ["Singapore"], "lat": 1.410518, "lng": 103.906189, "state": "North East Community Development Region", "country": "Singapore", "distance": 254, "city": "Punggol", "cc": "SG", "labeledLatLngs": [{"lng": 103.906189, "label": "display", "lat": 1.410518}]}, "verified": false, "price": {"tier": 2, "currency": "$", "message": "Moderate"}}, "referralId": "e-3-57a47293498e9c810306a3e7-7", "tips": [{"id": "583d748d2e9fde4e36e9c1a5", "text": "Wtf! If we request for additional glass cup for the pot of green tea, they will charge additional $2.50! The amt of tea is still the same wat!? \u4e58\u706b\u6253\u52ab", "disagreeCount": 0, "createdAt": 1480422541, "logView": true, "todo": {"count": 0}, "agreeCount": 0, "canonicalUrl": "https://foursquare.com/item/583d748d2e9fde4e36e9c1a5", "type": "user", "user": {"gender": "male", "id": "4861741", "photo": {"prefix": "https://igx.4sqi.net/img/user/", "suffix": "/4861741-2NVUXAT2JV5CR3EB"}, "firstName": "Siang Hwee", "lastName": "Foo"}}]}, {"reasons": {"items": [{"reasonName": "globalInteractionReason", "summary": "This spot is popular", "type": "general"}], "count": 0}, "venue": {"hereNow": {"groups": [], "summary": "Nobody here", "count": 0}, "contact": {}, "photos": {"groups": [], "count": 0}, "name": "Heavenly Wang", "allowMenuUrlEdit": true, "beenHere": {"lastCheckinExpiredAt": 0, "count": 0, "marked": false}, "stats": {"checkinsCount": 61, "usersCount": 49, "tipCount": 0}, "id": "575f680e498e22fa25bed89e", "categories": [{"pluralName": "Caf\u00e9s", "id": "4bf58dd8d48988d16d941735", "primary": true, "icon": {"prefix": "https://ss3.4sqi.net/img/categories_v2/food/cafe_", "suffix": ".png"}, "name": "Caf\u00e9", "shortName": "Caf\u00e9"}], "location": {"formattedAddress": ["10 Sentul Crescent", "828851", "Singapore"], "postalCode": "828851", "lat": 1.410327, "lng": 103.905959, "state": "North East Community Development Region", "country": "Singapore", "distance": 280, "city": "Punggol", "cc": "SG", "address": "10 Sentul Crescent", "labeledLatLngs": [{"lng": 103.905959, "label": "display", "lat": 1.410327}]}, "hours": {"isLocalHoliday": false, "isOpen": true, "status": "Open until 9:30 PM"}, "verified": false, "price": {"tier": 1, "currency": "$", "message": "Cheap"}}, "referralId": "e-3-575f680e498e22fa25bed89e-8"}, {"reasons": {"items": [{"reasonName": "globalInteractionReason", "summary": "This spot is popular", "type": "general"}], "count": 0}, "venue": {"contact": {"phone": "+6563850409", "formattedPhone": "+65 6385 0409"}, "photos": {"groups": [], "count": 0}, "name": "Nom La La by BAKERZIN", "allowMenuUrlEdit": true, "beenHere": {"lastCheckinExpiredAt": 0, "count": 0, "marked": false}, "stats": {"checkinsCount": 35, "usersCount": 21, "tipCount": 1}, "id": "576e0fc4498e85d8ef7a297a", "categories": [{"pluralName": "Bistros", "id": "52e81612bcbc57f1066b79f1", "primary": true, "icon": {"prefix": "https://ss3.4sqi.net/img/categories_v2/food/default_", "suffix": ".png"}, "name": "Bistro", "shortName": "Bistro"}], "location": {"formattedAddress": ["9 Sentul Crescent #02-04", "828654", "Singapore"], "postalCode": "828654", "lat": 1.4100716, "lng": 103.90573, "country": "Singapore", "distance": 314, "city": "Singapore", "cc": "SG", "address": "9 Sentul Crescent #02-04", "labeledLatLngs": [{"lng": 103.90573, "label": "display", "lat": 1.4100716}]}, "hours": {"isLocalHoliday": false, "isOpen": true, "status": "Open until 9:00 PM"}, "verified": false, "hereNow": {"groups": [], "summary": "Nobody here", "count": 0}}, "referralId": "e-3-576e0fc4498e85d8ef7a297a-9", "tips": [{"id": "57836ed7498edbb88acea098", "text": "Excellent #coffee!", "disagreeCount": 0, "createdAt": 1468231383, "logView": true, "todo": {"count": 0}, "agreeCount": 1, "canonicalUrl": "https://foursquare.com/item/57836ed7498edbb88acea098", "type": "user", "user": {"gender": "male", "id": "5406597", "photo": {"prefix": "https://igx.4sqi.net/img/user/", "suffix": "/5406597-OQPKWR5ET4QO5EMC.jpg"}, "firstName": "Aaron", "lastName": "Wong"}}]}, {"reasons": {"items": [{"reasonName": "globalInteractionReason", "summary": "This spot is popular", "type": "general"}], "count": 0}, "venue": {"hereNow": {"groups": [], "summary": "Nobody here", "count": 0}, "contact": {}, "photos": {"groups": [], "count": 0}, "name": "Pin Si \u54c1\u98df", "allowMenuUrlEdit": true, "beenHere": {"lastCheckinExpiredAt": 0, "count": 0, "marked": false}, "stats": {"checkinsCount": 65, "usersCount": 57, "tipCount": 1}, "id": "5730779a498ea744e66b7883", "categories": [{"pluralName": "Chinese Restaurants", "id": "4bf58dd8d48988d145941735", "primary": true, "icon": {"prefix": "https://ss3.4sqi.net/img/categories_v2/food/asian_", "suffix": ".png"}, "name": "Chinese Restaurant", "shortName": "Chinese"}], "location": {"formattedAddress": ["9 Sentul Crescent", "828654", "Singapore"], "postalCode": "828654", "lat": 1.4100562, "lng": 103.90576, "distance": 315, "country": "Singapore", "cc": "SG", "address": "9 Sentul Crescent", "labeledLatLngs": [{"lng": 103.90576, "label": "display", "lat": 1.4100562}]}, "verified": false, "price": {"tier": 1, "currency": "$", "message": "Cheap"}}, "referralId": "e-3-5730779a498ea744e66b7883-10", "tips": [{"id": "592f56c3f427de1192b3fea6", "text": "Food quality & services are above average level. Ambience good", "disagreeCount": 0, "createdAt": 1496274627, "logView": true, "todo": {"count": 0}, "agreeCount": 0, "canonicalUrl": "https://foursquare.com/item/592f56c3f427de1192b3fea6", "type": "user", "user": {"gender": "male", "id": "425687593", "photo": {"prefix": "https://igx.4sqi.net/img/user/", "suffix": "/425687593_dIo2b6Lq_B0uUumbDzUwPPS0dCQb8RZOygHlQVkKhNUKHlb2_ZoLfrZrEEY6TXRjgSbOAnep9.jpg"}, "firstName": "Wong", "lastName": "Heng Cheong"}}]}, {"reasons": {"items": [{"reasonName": "globalInteractionReason", "summary": "This spot is popular", "type": "general"}], "count": 0}, "venue": {"hereNow": {"groups": [], "summary": "Nobody here", "count": 0}, "contact": {}, "photos": {"groups": [], "count": 0}, "rating": 6.0, "name": "Toast Box \u571f\u53f8\u5de5\u574a", "ratingSignals": 8, "allowMenuUrlEdit": true, "categories": [{"pluralName": "Breakfast Spots", "id": "4bf58dd8d48988d143941735", "primary": true, "icon": {"prefix": "https://ss3.4sqi.net/img/categories_v2/food/breakfast_", "suffix": ".png"}, "name": "Breakfast Spot", "shortName": "Breakfast"}], "stats": {"checkinsCount": 183, "usersCount": 105, "tipCount": 3}, "id": "56a58323498e66937eafbfa9", "beenHere": {"lastCheckinExpiredAt": 0, "count": 0, "marked": false}, "ratingColor": "FFC800", "location": {"lng": 103.90239967602103, "formattedAddress": ["Waterway Point (83 Punggol Central)", "Singapore"], "lat": 1.4071373705553476, "crossStreet": "83 Punggol Central", "country": "Singapore", "distance": 780, "city": "Singapore", "cc": "SG", "address": "Waterway Point", "labeledLatLngs": [{"lng": 103.90239967602103, "label": "display", "lat": 1.4071373705553476}]}, "verified": false, "price": {"tier": 1, "currency": "$", "message": "Cheap"}}, "referralId": "e-3-56a58323498e66937eafbfa9-11", "tips": [{"id": "580040f1498e47aa82de9552", "text": "The uncle here is very prompt and helpful!!! Always ready to serve and he's got good initiative! Thumbs up!", "disagreeCount": 0, "createdAt": 1476411633, "logView": true, "todo": {"count": 0}, "agreeCount": 0, "canonicalUrl": "https://foursquare.com/item/580040f1498e47aa82de9552", "type": "user", "user": {"gender": "male", "id": "4861741", "photo": {"prefix": "https://igx.4sqi.net/img/user/", "suffix": "/4861741-2NVUXAT2JV5CR3EB"}, "firstName": "Siang Hwee", "lastName": "Foo"}}]}, {"reasons": {"items": [{"reasonName": "globalInteractionReason", "summary": "This spot is popular", "type": "general"}], "count": 0}, "venue": {"hereNow": {"groups": [], "summary": "Nobody here", "count": 0}, "contact": {}, "photos": {"groups": [], "count": 0}, "rating": 6.0, "name": "KFC", "ratingSignals": 5, "allowMenuUrlEdit": true, "categories": [{"pluralName": "Fried Chicken Joints", "id": "4d4ae6fc7a7b7dea34424761", "primary": true, "icon": {"prefix": "https://ss3.4sqi.net/img/categories_v2/food/friedchicken_", "suffix": ".png"}, "name": "Fried Chicken Joint", "shortName": "Fried Chicken"}], "stats": {"checkinsCount": 342, "usersCount": 200, "tipCount": 2}, "id": "56ab3672498eb95ba219ac9a", "beenHere": {"lastCheckinExpiredAt": 0, "count": 0, "marked": false}, "ratingColor": "FFC800", "location": {"lng": 103.90259791054484, "formattedAddress": ["Waterway Point (83 Punggol Central)", "Singapore"], "lat": 1.4069757614515632, "crossStreet": "83 Punggol Central", "country": "Singapore", "distance": 782, "city": "Singapore", "cc": "SG", "address": "Waterway Point", "labeledLatLngs": [{"lng": 103.90259791054484, "label": "display", "lat": 1.4069757614515632}]}, "hours": {"isLocalHoliday": false, "isOpen": true, "status": "Likely open"}, "verified": false, "price": {"tier": 1, "currency": "$", "message": "Cheap"}}, "referralId": "e-3-56ab3672498eb95ba219ac9a-12", "tips": [{"logView": true, "photo": {"id": "58fa0e12da2e0057239dce2d", "visibility": "public", "source": {"name": "Swarm for iOS", "url": "https://www.swarmapp.com"}, "suffix": "/5406597_qPE2NVzxvGxZLSDEaQLLPdZb8w8cAFe1hzsgHQTP-lA.jpg", "createdAt": 1492782610, "prefix": "https://igx.4sqi.net/img/general/", "width": 1440, "height": 1830}, "createdAt": 1492782764, "agreeCount": 0, "id": "58fa0eac9ba3e578f93859e5", "text": "Gotta try! #rendang #ricebucket #KFC", "type": "user", "disagreeCount": 0, "user": {"gender": "male", "id": "5406597", "photo": {"prefix": "https://igx.4sqi.net/img/user/", "suffix": "/5406597-OQPKWR5ET4QO5EMC.jpg"}, "firstName": "Aaron", "lastName": "Wong"}, "canonicalUrl": "https://foursquare.com/item/58fa0eac9ba3e578f93859e5", "todo": {"count": 0}, "photourl": "https://igx.4sqi.net/img/general/original/5406597_qPE2NVzxvGxZLSDEaQLLPdZb8w8cAFe1hzsgHQTP-lA.jpg"}]}, {"reasons": {"items": [{"reasonName": "globalInteractionReason", "summary": "This spot is popular", "type": "general"}], "count": 0}, "venue": {"hereNow": {"groups": [], "summary": "Nobody here", "count": 0}, "contact": {}, "photos": {"groups": [], "count": 0}, "rating": 5.9, "name": "The Coffee House", "ratingSignals": 10, "allowMenuUrlEdit": true, "categories": [{"pluralName": "Soup Places", "id": "4bf58dd8d48988d1dd931735", "primary": true, "icon": {"prefix": "https://ss3.4sqi.net/img/categories_v2/food/soup_", "suffix": ".png"}, "name": "Soup Place", "shortName": "Soup"}], "stats": {"checkinsCount": 109, "usersCount": 84, "tipCount": 5}, "id": "56d272e5cd10ad699dac4ca9", "beenHere": {"lastCheckinExpiredAt": 0, "count": 0, "marked": false}, "ratingColor": "FF9600", "location": {"lng": 103.902368, "formattedAddress": ["Waterway Point (83 Punggol Central)", "Singapore"], "lat": 1.407035, "crossStreet": "83 Punggol Central", "country": "Singapore", "distance": 791, "city": "Singapore", "cc": "SG", "address": "Waterway Point", "labeledLatLngs": [{"lng": 103.902368, "label": "display", "lat": 1.407035}]}, "verified": false, "price": {"tier": 1, "currency": "$", "message": "Cheap"}}, "referralId": "e-3-56d272e5cd10ad699dac4ca9-13", "tips": [{"id": "5912fa7ca306193db46704c2", "text": "Ordered hokkien mee (they have the audacity to say it's best in Singapore, goodness gracious me). Restaurant price but not even half of good hawker food's quality. Waitress sulky face as well.", "disagreeCount": 0, "createdAt": 1494415996, "logView": true, "todo": {"count": 0}, "agreeCount": 0, "canonicalUrl": "https://foursquare.com/item/5912fa7ca306193db46704c2", "type": "user", "user": {"gender": "male", "id": "11027954", "photo": {"prefix": "https://igx.4sqi.net/img/user/", "suffix": "/F1KEM1E3T3RBAAXZ.jpg"}, "firstName": "Weiwu", "lastName": "Lah"}}]}, {"reasons": {"items": [{"reasonName": "globalInteractionReason", "summary": "This spot is popular", "type": "general"}], "count": 0}, "venue": {"hereNow": {"groups": [], "summary": "Nobody here", "count": 0}, "contact": {}, "photos": {"groups": [], "count": 0}, "rating": 5.9, "name": "The Coffee Bean & Tea Leaf", "ratingSignals": 11, "allowMenuUrlEdit": true, "categories": [{"pluralName": "Caf\u00e9s", "id": "4bf58dd8d48988d16d941735", "primary": true, "icon": {"prefix": "https://ss3.4sqi.net/img/categories_v2/food/cafe_", "suffix": ".png"}, "name": "Caf\u00e9", "shortName": "Caf\u00e9"}], "stats": {"checkinsCount": 352, "usersCount": 128, "tipCount": 4}, "id": "56ac4f26498ef3afc40664e2", "beenHere": {"lastCheckinExpiredAt": 0, "count": 0, "marked": false}, "ratingColor": "FF9600", "location": {"lng": 103.90245065058545, "formattedAddress": ["#01-27, Waterway Point (83 Punggol Central)", "828761", "Singapore"], "postalCode": "828761", "lat": 1.4069812381700966, "crossStreet": "83 Punggol Central", "country": "Singapore", "distance": 791, "city": "Singapore", "cc": "SG", "address": "#01-27, Waterway Point", "labeledLatLngs": [{"lng": 103.90245065058545, "label": "display", "lat": 1.4069812381700966}]}, "hours": {"isLocalHoliday": false, "isOpen": true, "status": "Likely open"}, "verified": false, "price": {"tier": 1, "currency": "$", "message": "Cheap"}}, "referralId": "e-3-56ac4f26498ef3afc40664e2-14", "tips": [{"id": "56be008c498e87321ec48967", "text": "Cosy place overlooking the waterway", "disagreeCount": 0, "logView": true, "createdAt": 1455292556, "likes": {"groups": [], "summary": "1 like", "count": 1}, "todo": {"count": 0}, "agreeCount": 1, "canonicalUrl": "https://foursquare.com/item/56be008c498e87321ec48967", "type": "user", "user": {"gender": "female", "id": "4901603", "photo": {"prefix": "https://igx.4sqi.net/img/user/", "suffix": "/4901603-UZ1SGJWHNFARG5UK.jpg"}, "firstName": "Sherlyn", "lastName": "Lee"}}]}, {"reasons": {"items": [{"reasonName": "globalInteractionReason", "summary": "This spot is popular", "type": "general"}], "count": 0}, "venue": {"hereNow": {"groups": [], "summary": "Nobody here", "count": 0}, "contact": {}, "photos": {"groups": [], "count": 0}, "rating": 5.8, "name": "PappaRich", "ratingSignals": 9, "allowMenuUrlEdit": true, "categories": [{"pluralName": "Asian Restaurants", "id": "4bf58dd8d48988d142941735", "primary": true, "icon": {"prefix": "https://ss3.4sqi.net/img/categories_v2/food/asian_", "suffix": ".png"}, "name": "Asian Restaurant", "shortName": "Asian"}], "stats": {"checkinsCount": 130, "usersCount": 91, "tipCount": 4}, "id": "56aef6b0498e7cbb2bb7458a", "beenHere": {"lastCheckinExpiredAt": 0, "count": 0, "marked": false}, "ratingColor": "FF9600", "location": {"lng": 103.90243365906187, "formattedAddress": ["Waterway Point (83 Punggol Central)", "Singapore"], "lat": 1.406949198608136, "crossStreet": "83 Punggol Central", "country": "Singapore", "distance": 795, "city": "Singapore", "cc": "SG", "address": "Waterway Point", "labeledLatLngs": [{"lng": 103.90243365906187, "label": "display", "lat": 1.406949198608136}]}, "verified": false, "price": {"tier": 2, "currency": "$", "message": "Moderate"}}, "referralId": "e-3-56aef6b0498e7cbb2bb7458a-15", "tips": [{"logView": true, "photo": {"id": "590d5f3ae96d0c61de7206e0", "visibility": "public", "source": {"name": "Swarm for iOS", "url": "https://www.swarmapp.com"}, "suffix": "/46819999_574W25e12Tyqs5d5i4lPWPugYGRBWpSHGErCxrH8kX4.jpg", "createdAt": 1494048570, "prefix": "https://igx.4sqi.net/img/general/", "width": 1440, "height": 1920}, "createdAt": 1495351546, "agreeCount": 0, "id": "592140faf96b2c6eb28c28a4", "text": "Nasi Lemak wasn't bad at all ... the chendol dessert in a glass was nice \ud83d\ude02", "type": "user", "disagreeCount": 0, "user": {"gender": "male", "id": "46819999", "photo": {"prefix": "https://igx.4sqi.net/img/user/", "suffix": "/46819999-SSI3RGKO3VGGBRWU.jpg"}, "firstName": "Vincent", "lastName": "Ang"}, "canonicalUrl": "https://foursquare.com/item/592140faf96b2c6eb28c28a4", "todo": {"count": 0}, "photourl": "https://igx.4sqi.net/img/general/original/46819999_574W25e12Tyqs5d5i4lPWPugYGRBWpSHGErCxrH8kX4.jpg"}]}, {"reasons": {"items": [{"reasonName": "globalInteractionReason", "summary": "This spot is popular", "type": "general"}], "count": 0}, "venue": {"hereNow": {"groups": [], "summary": "Nobody here", "count": 0}, "contact": {}, "photos": {"groups": [], "count": 0}, "name": "Waterdrop Teahouse", "allowMenuUrlEdit": true, "beenHere": {"lastCheckinExpiredAt": 0, "count": 0, "marked": false}, "stats": {"checkinsCount": 122, "usersCount": 66, "tipCount": 5}, "id": "4ceb5012f1c6236a1c856ff0", "categories": [{"pluralName": "Vegetarian / Vegan Restaurants", "id": "4bf58dd8d48988d1d3941735", "primary": true, "icon": {"prefix": "https://ss3.4sqi.net/img/categories_v2/food/vegetarian_", "suffix": ".png"}, "name": "Vegetarian / Vegan Restaurant", "shortName": "Vegetarian / Vegan"}], "location": {"lng": 103.90535, "formattedAddress": ["1 Punggol Place (at Fo Guang Shan Buddhist Centre)", "828844", "Singapore"], "postalCode": "828844", "lat": 1.406747, "crossStreet": "at Fo Guang Shan Buddhist Centre", "country": "Singapore", "distance": 684, "city": "Singapore", "cc": "SG", "address": "1 Punggol Place", "labeledLatLngs": [{"lng": 103.90535, "label": "display", "lat": 1.406747}]}, "verified": false, "price": {"tier": 2, "currency": "$", "message": "Moderate"}}, "referralId": "e-3-4ceb5012f1c6236a1c856ff0-16", "tips": [{"id": "4d861f8640a7a35dd7592ebe", "text": "Miso mee sua!! Although very little ingredient it is nice!!!", "disagreeCount": 0, "logView": true, "createdAt": 1300635526, "likes": {"groups": [], "summary": "2 likes", "count": 2}, "todo": {"count": 0}, "agreeCount": 0, "canonicalUrl": "https://foursquare.com/item/4d861f8640a7a35dd7592ebe", "type": "user", "user": {"gender": "female", "id": "5172055", "photo": {"prefix": "https://igx.4sqi.net/img/user/", "suffix": "/E4FID2KNHTDCJ5J4.jpg"}, "firstName": "Valarie", "lastName": "Yeo Ya Ting"}}]}, {"reasons": {"items": [{"reasonName": "globalInteractionReason", "summary": "This spot is popular", "type": "general"}], "count": 0}, "venue": {"hereNow": {"groups": [], "summary": "Nobody here", "count": 0}, "contact": {}, "photos": {"groups": [], "count": 0}, "name": "Dian Xiao Er \u5e97\u5c0f\u4e8c", "allowMenuUrlEdit": true, "beenHere": {"lastCheckinExpiredAt": 0, "count": 0, "marked": false}, "stats": {"checkinsCount": 145, "usersCount": 110, "tipCount": 0}, "id": "569dbf40498ec37b32b8cf04", "categories": [{"pluralName": "Chinese Restaurants", "id": "4bf58dd8d48988d145941735", "primary": true, "icon": {"prefix": "https://ss3.4sqi.net/img/categories_v2/food/asian_", "suffix": ".png"}, "name": "Chinese Restaurant", "shortName": "Chinese"}], "location": {"lng": 103.90276782607941, "formattedAddress": ["83 Punggol Central (Waterway Point)", "828761", "Singapore"], "postalCode": "828761", "lat": 1.406989507437542, "crossStreet": "Waterway Point", "country": "Singapore", "distance": 770, "city": "Singapore", "cc": "SG", "address": "83 Punggol Central", "labeledLatLngs": [{"lng": 103.90276782607941, "label": "display", "lat": 1.406989507437542}]}, "verified": false, "price": {"tier": 1, "currency": "$", "message": "Cheap"}}, "referralId": "e-3-569dbf40498ec37b32b8cf04-17"}, {"reasons": {"items": [{"reasonName": "globalInteractionReason", "summary": "This spot is popular", "type": "general"}], "count": 0}, "venue": {"id": "569e2b0f498ecac37599800c", "hereNow": {"groups": [], "summary": "Nobody here", "count": 0}, "contact": {}, "beenHere": {"lastCheckinExpiredAt": 0, "count": 0, "marked": false}, "photos": {"groups": [], "count": 0}, "name": "Daessiksin Korean Grill BBQ Buffet Restaurant", "location": {"formattedAddress": ["83 Punggol Central", "828761", "Singapore"], "postalCode": "828761", "lat": 1.4070250277599405, "lng": 103.90266021288303, "state": "Singapore", "distance": 774, "country": "Singapore", "cc": "SG", "address": "83 Punggol Central", "labeledLatLngs": [{"lng": 103.90266021288303, "label": "display", "lat": 1.4070250277599405}]}, "allowMenuUrlEdit": true, "verified": false, "categories": [{"pluralName": "Buffets", "id": "52e81612bcbc57f1066b79f4", "primary": true, "icon": {"prefix": "https://ss3.4sqi.net/img/categories_v2/food/default_", "suffix": ".png"}, "name": "Buffet", "shortName": "Buffet"}], "stats": {"checkinsCount": 246, "usersCount": 204, "tipCount": 0}}, "referralId": "e-3-569e2b0f498ecac37599800c-18"}, {"reasons": {"items": [{"reasonName": "globalInteractionReason", "summary": "This spot is popular", "type": "general"}], "count": 0}, "venue": {"hereNow": {"groups": [], "summary": "Nobody here", "count": 0}, "contact": {"phone": "+6563588765", "formattedPhone": "+65 6358 8765"}, "photos": {"groups": [], "count": 0}, "name": "Rong Hua Bak Kut Teh", "allowMenuUrlEdit": true, "beenHere": {"lastCheckinExpiredAt": 0, "count": 0, "marked": false}, "stats": {"checkinsCount": 208, "usersCount": 154, "tipCount": 0}, "id": "569f1324498e620828940b83", "categories": [{"pluralName": "Chinese Restaurants", "id": "4bf58dd8d48988d145941735", "primary": true, "icon": {"prefix": "https://ss3.4sqi.net/img/categories_v2/food/asian_", "suffix": ".png"}, "name": "Chinese Restaurant", "shortName": "Chinese"}], "location": {"lng": 103.90250162516885, "formattedAddress": ["#B1-23 Waterway Point (83 Punggol Central)", "828761", "Singapore"], "postalCode": "828761", "lat": 1.4070962700878706, "crossStreet": "83 Punggol Central", "country": "Singapore", "distance": 777, "city": "Singapore", "cc": "SG", "address": "#B1-23 Waterway Point", "labeledLatLngs": [{"lng": 103.90250162516885, "label": "display", "lat": 1.4070962700878706}]}, "verified": false, "price": {"tier": 1, "currency": "$", "message": "Cheap"}}, "referralId": "e-3-569f1324498e620828940b83-19"}, {"reasons": {"items": [{"reasonName": "globalInteractionReason", "summary": "This spot is popular", "type": "general"}], "count": 0}, "venue": {"hereNow": {"groups": [], "summary": "Nobody here", "count": 0}, "contact": {}, "photos": {"groups": [], "count": 0}, "name": "\u4e00\u54e5\u8001\u706b\u6c64", "allowMenuUrlEdit": true, "beenHere": {"lastCheckinExpiredAt": 0, "count": 0, "marked": false}, "stats": {"checkinsCount": 47, "usersCount": 35, "tipCount": 2}, "id": "56bf1e36cd10624fa51578d9", "categories": [{"pluralName": "Chinese Restaurants", "id": "4bf58dd8d48988d145941735", "primary": true, "icon": {"prefix": "https://ss3.4sqi.net/img/categories_v2/food/asian_", "suffix": ".png"}, "name": "Chinese Restaurant", "shortName": "Chinese"}], "location": {"lng": 103.902463, "formattedAddress": ["Waterway Point B1-22 (83 Punggol Central)", "828761", "Singapore"], "postalCode": "828761", "lat": 1.407106, "crossStreet": "83 Punggol Central", "country": "Singapore", "distance": 779, "city": "Singapore", "cc": "SG", "address": "Waterway Point B1-22", "labeledLatLngs": [{"lng": 103.902463, "label": "display", "lat": 1.407106}]}, "verified": false, "price": {"tier": 1, "currency": "$", "message": "Cheap"}}, "referralId": "e-3-56bf1e36cd10624fa51578d9-20", "tips": [{"logView": true, "photo": {"id": "57fa0971498e09f46f3703e4", "visibility": "public", "source": {"name": "Foursquare for iOS", "url": "https://foursquare.com/download/#/iphone"}, "suffix": "/1908362_eEHOl-vId8Z9IEBvBWKHhVaPR7fy_W0b74dPxx7DPNU.jpg", "createdAt": 1476004209, "prefix": "https://igx.4sqi.net/img/general/", "width": 1440, "height": 1920}, "createdAt": 1476004205, "agreeCount": 0, "id": "57fa096d498ea38319fdf66b", "text": "Nice food and Chinese tea (hot or cold) can refill.", "type": "user", "disagreeCount": 0, "user": {"id": "1908362", "photo": {"prefix": "https://igx.4sqi.net/img/user/", "suffix": "/1908362-MATCRTMWXMC3130P.jpg"}, "firstName": "Q", "gender": "male"}, "canonicalUrl": "https://foursquare.com/item/57fa096d498ea38319fdf66b", "todo": {"count": 0}, "photourl": "https://igx.4sqi.net/img/general/original/1908362_eEHOl-vId8Z9IEBvBWKHhVaPR7fy_W0b74dPxx7DPNU.jpg"}]}, {"reasons": {"items": [{"reasonName": "globalInteractionReason", "summary": "This spot is popular", "type": "general"}], "count": 0}, "venue": {"hereNow": {"groups": [], "summary": "Nobody here", "count": 0}, "contact": {}, "photos": {"groups": [], "count": 0}, "name": "BreadTalk / Toastbox", "allowMenuUrlEdit": true, "beenHere": {"lastCheckinExpiredAt": 0, "count": 0, "marked": false}, "stats": {"checkinsCount": 35, "usersCount": 27, "tipCount": 0}, "id": "56e94ad5498e65dc33614b4e", "categories": [{"pluralName": "Bakeries", "id": "4bf58dd8d48988d16a941735", "primary": true, "icon": {"prefix": "https://ss3.4sqi.net/img/categories_v2/food/bakery_", "suffix": ".png"}, "name": "Bakery", "shortName": "Bakery"}], "location": {"lng": 103.90246764211115, "formattedAddress": ["#B1-15 Waterway Point (83 Punggol Central)", "Singapore"], "lat": 1.407088344980722, "crossStreet": "83 Punggol Central", "country": "Singapore", "distance": 780, "city": "Singapore", "cc": "SG", "address": "#B1-15 Waterway Point", "labeledLatLngs": [{"lng": 103.90246764211115, "label": "display", "lat": 1.407088344980722}]}, "verified": false, "price": {"tier": 1, "currency": "$", "message": "Cheap"}}, "referralId": "e-3-56e94ad5498e65dc33614b4e-21"}, {"reasons": {"items": [{"reasonName": "globalInteractionReason", "summary": "This spot is popular", "type": "general"}], "count": 0}, "venue": {"contact": {"facebook": "159362231076786", "facebookUsername": "CRAVEnasilemak", "facebookName": "CRAVE Nasi Lemak & Teh Tarik"}, "photos": {"groups": [], "count": 0}, "name": "CRAVE The Original Adam Rd Nasi Lemak By Selera Rasa", "allowMenuUrlEdit": true, "beenHere": {"lastCheckinExpiredAt": 0, "count": 0, "marked": false}, "stats": {"checkinsCount": 37, "usersCount": 26, "tipCount": 1}, "id": "5704775a498e7f01eeb64e2a", "categories": [{"pluralName": "Halal Restaurants", "id": "52e81612bcbc57f1066b79ff", "primary": true, "icon": {"prefix": "https://ss3.4sqi.net/img/categories_v2/food/halal_", "suffix": ".png"}, "name": "Halal Restaurant", "shortName": "Halal"}], "location": {"lng": 103.90243365906187, "formattedAddress": ["Waterway Point (83 Punggol Central)", "Singapore"], "lat": 1.4070729814748941, "crossStreet": "83 Punggol Central", "country": "Singapore", "distance": 784, "city": "Singapore", "cc": "SG", "address": "Waterway Point", "labeledLatLngs": [{"lng": 103.90243365906187, "label": "display", "lat": 1.4070729814748941}]}, "hours": {"isLocalHoliday": false, "isOpen": true, "status": "Open until 9:30 PM"}, "verified": false, "hereNow": {"groups": [], "summary": "Nobody here", "count": 0}}, "referralId": "e-3-5704775a498e7f01eeb64e2a-22", "tips": [{"id": "57e66edb498e4f84679869c0", "text": "Pricey. Rice not Lemak enough. But Chili is nice. All other ingredients not memorable at all.", "disagreeCount": 0, "createdAt": 1474719451, "logView": true, "todo": {"count": 0}, "agreeCount": 1, "canonicalUrl": "https://foursquare.com/item/57e66edb498e4f84679869c0", "type": "user", "user": {"gender": "female", "id": "344030633", "photo": {"prefix": "https://igx.4sqi.net/img/user/", "suffix": "/344030633-LR3YWDKTRKIKYYHB.jpg"}, "firstName": "Hazel", "lastName": "Ratcliffe"}}]}, {"reasons": {"items": [{"reasonName": "globalInteractionReason", "summary": "This spot is popular", "type": "general"}], "count": 0}, "venue": {"hereNow": {"groups": [], "summary": "Nobody here", "count": 0}, "contact": {}, "photos": {"groups": [], "count": 0}, "name": "Kuriya Japanese Market", "allowMenuUrlEdit": true, "beenHere": {"lastCheckinExpiredAt": 0, "count": 0, "marked": false}, "stats": {"checkinsCount": 129, "usersCount": 97, "tipCount": 1}, "id": "56a606d0498ebb9cd0809aaf", "categories": [{"pluralName": "Japanese Restaurants", "id": "4bf58dd8d48988d111941735", "primary": true, "icon": {"prefix": "https://ss3.4sqi.net/img/categories_v2/food/japanese_", "suffix": ".png"}, "name": "Japanese Restaurant", "shortName": "Japanese"}], "location": {"lng": 103.90242233138065, "formattedAddress": ["B1-20, Waterway Point (83 Punggol Central)", "828761", "Singapore"], "postalCode": "828761", "lat": 1.4070547222729666, "crossStreet": "83 Punggol Central", "country": "Singapore", "distance": 786, "city": "Singapore", "cc": "SG", "address": "B1-20, Waterway Point", "labeledLatLngs": [{"lng": 103.90242233138065, "label": "display", "lat": 1.4070547222729666}]}, "hours": {"isLocalHoliday": false, "isOpen": true, "status": "Open until 9:00 PM"}, "verified": false, "price": {"tier": 2, "currency": "$", "message": "Moderate"}}, "referralId": "e-3-56a606d0498ebb9cd0809aaf-23", "tips": [{"id": "58de7b494988da60709a37e3", "text": "Sushi sets are fresh and offers a good variety", "disagreeCount": 0, "createdAt": 1490975561, "logView": true, "todo": {"count": 0}, "agreeCount": 0, "canonicalUrl": "https://foursquare.com/item/58de7b494988da60709a37e3", "type": "user", "user": {"gender": "male", "id": "6049312", "photo": {"prefix": "https://igx.4sqi.net/img/user/", "suffix": "/WCSLG0RHJ0W541E3.jpg"}, "firstName": "Shiang yee", "lastName": "Wong"}}]}, {"reasons": {"items": [{"reasonName": "globalInteractionReason", "summary": "This spot is popular", "type": "general"}], "count": 0}, "venue": {"hereNow": {"groups": [], "summary": "Nobody here", "count": 0}, "contact": {}, "photos": {"groups": [], "count": 0}, "name": "The French Table", "allowMenuUrlEdit": true, "beenHere": {"lastCheckinExpiredAt": 0, "count": 0, "marked": false}, "stats": {"checkinsCount": 122, "usersCount": 98, "tipCount": 1}, "id": "56a0b82e498eb598de2ddd1d", "categories": [{"pluralName": "French Restaurants", "id": "4bf58dd8d48988d10c941735", "primary": true, "icon": {"prefix": "https://ss3.4sqi.net/img/categories_v2/food/french_", "suffix": ".png"}, "name": "French Restaurant", "shortName": "French"}], "location": {"formattedAddress": ["Singapore"], "lat": 1.406809502442729, "lng": 103.90277348993419, "distance": 787, "country": "Singapore", "cc": "SG", "labeledLatLngs": [{"lng": 103.90277348993419, "label": "display", "lat": 1.406809502442729}]}, "verified": false, "price": {"tier": 3, "currency": "$", "message": "Expensive"}}, "referralId": "e-3-56a0b82e498eb598de2ddd1d-24", "tips": [{"logView": true, "photo": {"id": "56acce73498ec8e203712bd7", "visibility": "public", "source": {"name": "Foursquare for iOS", "url": "https://foursquare.com/download/#/iphone"}, "suffix": "/468816_Qtis5KzLdS5cx8YAerC-3T3HqM-tDpBuAjlh0YAkaio.jpg", "createdAt": 1454165619, "prefix": "https://igx.4sqi.net/img/general/", "width": 1440, "height": 1440}, "createdAt": 1454165617, "agreeCount": 0, "id": "56acce71498ec487fd884059", "text": "Duck confit was dry. Ribeye was salty. Crab pasta can be made without chili but overall tasted dry. Chicken pasta was worthwhile but too much chicken. Mushroom soup was tasty.", "type": "user", "disagreeCount": 0, "user": {"gender": "male", "id": "468816", "photo": {"prefix": "https://igx.4sqi.net/img/user/", "suffix": "/OFXTOB4LXB4BDDVD.jpg"}, "firstName": "Leo", "lastName": "Goh"}, "canonicalUrl": "https://foursquare.com/item/56acce71498ec487fd884059", "todo": {"count": 0}, "photourl": "https://igx.4sqi.net/img/general/original/468816_Qtis5KzLdS5cx8YAerC-3T3HqM-tDpBuAjlh0YAkaio.jpg"}]}, {"reasons": {"items": [{"reasonName": "globalInteractionReason", "summary": "This spot is popular", "type": "general"}], "count": 0}, "venue": {"hereNow": {"groups": [], "summary": "Nobody here", "count": 0}, "contact": {}, "photos": {"groups": [], "count": 0}, "name": "The Soup Spoon Union", "allowMenuUrlEdit": true, "beenHere": {"lastCheckinExpiredAt": 0, "count": 0, "marked": false}, "stats": {"checkinsCount": 251, "usersCount": 143, "tipCount": 0}, "id": "56a06500498e8d62a38beb6a", "categories": [{"pluralName": "Soup Places", "id": "4bf58dd8d48988d1dd931735", "primary": true, "icon": {"prefix": "https://ss3.4sqi.net/img/categories_v2/food/soup_", "suffix": ".png"}, "name": "Soup Place", "shortName": "Soup"}], "location": {"lng": 103.90219577795314, "formattedAddress": ["#B3-12, Waterway Point (83 Punggol Central)", "Singapore"], "lat": 1.4072210515509245, "crossStreet": "83 Punggol Central", "country": "Singapore", "distance": 787, "city": "Singapore", "cc": "SG", "address": "#B3-12, Waterway Point", "labeledLatLngs": [{"lng": 103.90219577795314, "label": "display", "lat": 1.4072210515509245}]}, "hours": {"isLocalHoliday": false, "isOpen": false}, "verified": false, "price": {"tier": 1, "currency": "$", "message": "Cheap"}}, "referralId": "e-3-56a06500498e8d62a38beb6a-25"}, {"reasons": {"items": [{"reasonName": "globalInteractionReason", "summary": "This spot is popular", "type": "general"}], "count": 0}, "venue": {"hereNow": {"groups": [], "summary": "Nobody here", "count": 0}, "contact": {}, "photos": {"groups": [], "count": 0}, "name": "Country Brot by Four Leaves", "allowMenuUrlEdit": true, "beenHere": {"lastCheckinExpiredAt": 0, "count": 0, "marked": false}, "stats": {"checkinsCount": 82, "usersCount": 34, "tipCount": 0}, "id": "56c04b9fcd1043d2f39560de", "categories": [{"pluralName": "Bakeries", "id": "4bf58dd8d48988d16a941735", "primary": true, "icon": {"prefix": "https://ss3.4sqi.net/img/categories_v2/food/bakery_", "suffix": ".png"}, "name": "Bakery", "shortName": "Bakery"}], "location": {"lng": 103.90237702066517, "formattedAddress": ["Waterway Point (83 Punggol Central)", "Singapore"], "lat": 1.4070687436092537, "crossStreet": "83 Punggol Central", "country": "Singapore", "distance": 788, "city": "Singapore", "cc": "SG", "address": "Waterway Point", "labeledLatLngs": [{"lng": 103.90237702066517, "label": "display", "lat": 1.4070687436092537}]}, "verified": false, "price": {"tier": 1, "currency": "$", "message": "Cheap"}}, "referralId": "e-3-56c04b9fcd1043d2f39560de-26"}, {"reasons": {"items": [{"reasonName": "globalInteractionReason", "summary": "This spot is popular", "type": "general"}], "count": 0}, "venue": {"hereNow": {"groups": [], "summary": "Nobody here", "count": 0}, "contact": {}, "photos": {"groups": [], "count": 0}, "name": "Umi Sushi", "allowMenuUrlEdit": true, "beenHere": {"lastCheckinExpiredAt": 0, "count": 0, "marked": false}, "stats": {"checkinsCount": 234, "usersCount": 148, "tipCount": 1}, "id": "569cda4a498e336a7f4b2fd5", "categories": [{"pluralName": "Sushi Restaurants", "id": "4bf58dd8d48988d1d2941735", "primary": true, "icon": {"prefix": "https://ss3.4sqi.net/img/categories_v2/food/sushi_", "suffix": ".png"}, "name": "Sushi Restaurant", "shortName": "Sushi"}], "location": {"lng": 103.90243365906187, "formattedAddress": ["#B2-02,l Waterway Point (83 Punggol Central)", "Singapore"], "lat": 1.4070181694749473, "crossStreet": "83 Punggol Central", "country": "Singapore", "distance": 789, "city": "Singapore", "cc": "SG", "address": "#B2-02,l Waterway Point", "labeledLatLngs": [{"lng": 103.90243365906187, "label": "display", "lat": 1.4070181694749473}]}, "verified": false, "price": {"tier": 2, "currency": "$", "message": "Moderate"}}, "referralId": "e-3-569cda4a498e336a7f4b2fd5-27", "tips": [{"id": "5906f29864c8e168fe2c0d8f", "text": "I dunno about their takeaway sushi, but the bento sets are overpriced and depressing.", "disagreeCount": 0, "createdAt": 1493627544, "logView": true, "todo": {"count": 0}, "agreeCount": 0, "canonicalUrl": "https://foursquare.com/item/5906f29864c8e168fe2c0d8f", "type": "user", "user": {"gender": "male", "id": "8826344", "photo": {"prefix": "https://igx.4sqi.net/img/user/", "suffix": "/8826344-Q3LNVPPRY1VBNEIB.jpg"}, "firstName": "Ming Siu", "lastName": "Goh"}}]}, {"reasons": {"items": [{"reasonName": "globalInteractionReason", "summary": "This spot is popular", "type": "general"}], "count": 0}, "venue": {"contact": {}, "photos": {"groups": [], "count": 0}, "name": "Tenderfresh Classic", "allowMenuUrlEdit": true, "beenHere": {"lastCheckinExpiredAt": 0, "count": 0, "marked": false}, "stats": {"checkinsCount": 321, "usersCount": 232, "tipCount": 2}, "id": "56a22b24498e1e86ca17a3fd", "categories": [{"pluralName": "Comfort Food Restaurants", "id": "52e81612bcbc57f1066b7a00", "primary": true, "icon": {"prefix": "https://ss3.4sqi.net/img/categories_v2/food/default_", "suffix": ".png"}, "name": "Comfort Food Restaurant", "shortName": "Comfort Food"}], "location": {"lng": 103.90236569298862, "formattedAddress": ["Waterway Point #B2-04 (83 Punggol Central)", "828761", "Singapore"], "postalCode": "828761", "lat": 1.407050484404354, "crossStreet": "83 Punggol Central", "country": "Singapore", "distance": 790, "city": "Singapore", "cc": "SG", "address": "Waterway Point #B2-04", "labeledLatLngs": [{"lng": 103.90236569298862, "label": "display", "lat": 1.407050484404354}]}, "hours": {"isLocalHoliday": false, "isOpen": true, "status": "Likely open"}, "verified": false, "hereNow": {"groups": [], "summary": "Nobody here", "count": 0}}, "referralId": "e-3-56a22b24498e1e86ca17a3fd-28", "tips": [{"id": "56b30b91498e48f85d793d7b", "text": "The fries with meat sauce & egg is as interesting as it sounds. Had to mix in the egg and let it cook. The serving is a little too generous to be a side, so it's best shared, or could even be a main.", "disagreeCount": 0, "logView": true, "createdAt": 1454574481, "likes": {"groups": [], "summary": "1 like", "count": 1}, "todo": {"count": 0}, "agreeCount": 2, "canonicalUrl": "https://foursquare.com/item/56b30b91498e48f85d793d7b", "type": "user", "user": {"gender": "male", "id": "5406597", "photo": {"prefix": "https://igx.4sqi.net/img/user/", "suffix": "/5406597-OQPKWR5ET4QO5EMC.jpg"}, "firstName": "Aaron", "lastName": "Wong"}}]}, {"reasons": {"items": [{"reasonName": "globalInteractionReason", "summary": "This spot is popular", "type": "general"}], "count": 0}, "venue": {"id": "56adf476498e8dd1cc6d7589", "hereNow": {"groups": [], "summary": "Nobody here", "count": 0}, "contact": {}, "beenHere": {"lastCheckinExpiredAt": 0, "count": 0, "marked": false}, "photos": {"groups": [], "count": 0}, "name": "Shihlin Taiwan Steet Snacks", "location": {"lng": 103.90234303763837, "formattedAddress": ["Waterway Point (83 Punggol Central)", "Singapore"], "lat": 1.4070411827367397, "crossStreet": "83 Punggol Central", "country": "Singapore", "distance": 793, "city": "Singapore", "cc": "SG", "address": "Waterway Point", "labeledLatLngs": [{"lng": 103.90234303763837, "label": "display", "lat": 1.4070411827367397}]}, "allowMenuUrlEdit": true, "verified": false, "categories": [{"pluralName": "Food Stands", "id": "56aa371be4b08b9a8d57350b", "primary": true, "icon": {"prefix": "https://ss3.4sqi.net/img/categories_v2/travel/movingtarget_", "suffix": ".png"}, "name": "Food Stand", "shortName": "Food Stand"}], "stats": {"checkinsCount": 56, "usersCount": 36, "tipCount": 0}}, "referralId": "e-3-56adf476498e8dd1cc6d7589-29"}, {"reasons": {"items": [{"reasonName": "globalInteractionReason", "summary": "This spot is popular", "type": "general"}], "count": 0}, "venue": {"hereNow": {"groups": [], "summary": "Nobody here", "count": 0}, "contact": {}, "photos": {"groups": [], "count": 0}, "name": "Social Square", "allowMenuUrlEdit": true, "beenHere": {"lastCheckinExpiredAt": 0, "count": 0, "marked": false}, "stats": {"checkinsCount": 245, "usersCount": 171, "tipCount": 2}, "id": "569ddba5498e3013ce57dde4", "categories": [{"pluralName": "Japanese Restaurants", "id": "4bf58dd8d48988d111941735", "primary": true, "icon": {"prefix": "https://ss3.4sqi.net/img/categories_v2/food/japanese_", "suffix": ".png"}, "name": "Japanese Restaurant", "shortName": "Japanese"}], "location": {"lng": 103.90243932290282, "formattedAddress": ["#01-26, Waterway Point (83 Punggol Central)", "828761", "Singapore"], "postalCode": "828761", "lat": 1.406965186545919, "crossStreet": "83 Punggol Central", "country": "Singapore", "distance": 793, "city": "Singapore", "cc": "SG", "address": "#01-26, Waterway Point", "labeledLatLngs": [{"lng": 103.90243932290282, "label": "display", "lat": 1.406965186545919}]}, "verified": false, "price": {"tier": 2, "currency": "$", "message": "Moderate"}}, "referralId": "e-3-569ddba5498e3013ce57dde4-30", "tips": [{"id": "58e0f238d6fe9045090a8ea8", "text": "Awesome foodies!", "disagreeCount": 0, "createdAt": 1491137080, "logView": true, "todo": {"count": 0}, "agreeCount": 0, "canonicalUrl": "https://foursquare.com/item/58e0f238d6fe9045090a8ea8", "type": "user", "user": {"gender": "male", "id": "5189926", "photo": {"prefix": "https://igx.4sqi.net/img/user/", "suffix": "/5189926-3P1XZ3TOC0QXUDRV.jpg"}, "firstName": "Kelvin", "lastName": "Ong"}}]}, {"reasons": {"items": [{"reasonName": "globalInteractionReason", "summary": "This spot is popular", "type": "general"}], "count": 0}, "venue": {"id": "56ebad36498e7f6f725ec0c4", "hereNow": {"groups": [], "summary": "Nobody here", "count": 0}, "contact": {}, "beenHere": {"lastCheckinExpiredAt": 0, "count": 0, "marked": false}, "photos": {"groups": [], "count": 0}, "name": "MOF @ My Izakaya", "location": {"lng": 103.902423, "formattedAddress": ["Waterway Point (83 Punggol Central)", "Singapore"], "lat": 1.406961, "crossStreet": "83 Punggol Central", "country": "Singapore", "distance": 795, "city": "Singapore", "cc": "SG", "address": "Waterway Point", "labeledLatLngs": [{"lng": 103.902423, "label": "display", "lat": 1.406961}]}, "allowMenuUrlEdit": true, "verified": false, "categories": [{"pluralName": "Comfort Food Restaurants", "id": "52e81612bcbc57f1066b7a00", "primary": true, "icon": {"prefix": "https://ss3.4sqi.net/img/categories_v2/food/default_", "suffix": ".png"}, "name": "Comfort Food Restaurant", "shortName": "Comfort Food"}], "stats": {"checkinsCount": 30, "usersCount": 25, "tipCount": 0}}, "referralId": "e-3-56ebad36498e7f6f725ec0c4-31"}, {"reasons": {"items": [{"reasonName": "globalInteractionReason", "summary": "This spot is popular", "type": "general"}], "count": 0}, "venue": {"hereNow": {"groups": [], "summary": "Nobody here", "count": 0}, "contact": {}, "photos": {"groups": [], "count": 0}, "name": "Osaka Ohsho", "allowMenuUrlEdit": true, "beenHere": {"lastCheckinExpiredAt": 0, "count": 0, "marked": false}, "stats": {"checkinsCount": 115, "usersCount": 88, "tipCount": 2}, "id": "569f7845498e32bcfb364ab0", "categories": [{"pluralName": "Japanese Restaurants", "id": "4bf58dd8d48988d111941735", "primary": true, "icon": {"prefix": "https://ss3.4sqi.net/img/categories_v2/food/japanese_", "suffix": ".png"}, "name": "Japanese Restaurant", "shortName": "Japanese"}], "location": {"lng": 103.90224675244164, "formattedAddress": ["Waterway Point (83 Punggol Central)", "Singapore"], "lat": 1.4070510006082309, "crossStreet": "83 Punggol Central", "country": "Singapore", "distance": 798, "city": "Singapore", "cc": "SG", "address": "Waterway Point", "labeledLatLngs": [{"lng": 103.90224675244164, "label": "display", "lat": 1.4070510006082309}]}, "verified": false, "price": {"tier": 2, "currency": "$", "message": "Moderate"}}, "referralId": "e-3-569f7845498e32bcfb364ab0-32", "tips": [{"id": "5906f25d64c8e168fe2be543", "text": "Ugh. You call this ramen?", "disagreeCount": 0, "createdAt": 1493627485, "logView": true, "todo": {"count": 0}, "agreeCount": 0, "canonicalUrl": "https://foursquare.com/item/5906f25d64c8e168fe2be543", "type": "user", "user": {"gender": "male", "id": "8826344", "photo": {"prefix": "https://igx.4sqi.net/img/user/", "suffix": "/8826344-Q3LNVPPRY1VBNEIB.jpg"}, "firstName": "Ming Siu", "lastName": "Goh"}}]}, {"reasons": {"items": [{"reasonName": "globalInteractionReason", "summary": "This spot is popular", "type": "general"}], "count": 0}, "venue": {"hereNow": {"groups": [], "summary": "Nobody here", "count": 0}, "contact": {}, "photos": {"groups": [], "count": 0}, "name": "zakka modern thai", "allowMenuUrlEdit": true, "beenHere": {"lastCheckinExpiredAt": 0, "count": 0, "marked": false}, "stats": {"checkinsCount": 133, "usersCount": 121, "tipCount": 1}, "id": "569cc85e38fa14282d9edaba", "categories": [{"pluralName": "Restaurants", "id": "4bf58dd8d48988d1c4941735", "primary": true, "icon": {"prefix": "https://ss3.4sqi.net/img/categories_v2/food/default_", "suffix": ".png"}, "name": "Restaurant", "shortName": "Restaurant"}], "location": {"formattedAddress": ["Waterway Point", "Singapore"], "lat": 1.4068560447990157, "lng": 103.90251295285664, "distance": 798, "country": "Singapore", "cc": "SG", "address": "Waterway Point", "labeledLatLngs": [{"lng": 103.90251295285664, "label": "display", "lat": 1.4068560447990157}]}, "verified": false, "price": {"tier": 2, "currency": "$", "message": "Moderate"}}, "referralId": "e-3-569cc85e38fa14282d9edaba-33", "tips": [{"id": "56ce9289498e9455df99b61d", "text": "The food is edible, albeit salty, and the presentation is good. If only the cost were slashed in half. S$17++ for a chicken massaman curry is overpriced for Thai food. Sincere staff.", "disagreeCount": 0, "logView": true, "createdAt": 1456378505, "likes": {"groups": [], "summary": "1 like", "count": 1}, "todo": {"count": 0}, "agreeCount": 1, "canonicalUrl": "https://foursquare.com/item/56ce9289498e9455df99b61d", "type": "user", "user": {"id": "718123", "photo": {"prefix": "https://igx.4sqi.net/img/user/", "suffix": "/CTOS3YPWGE3BK3YM.jpg"}, "firstName": "kisacake", "gender": "female"}}]}, {"reasons": {"items": [{"reasonName": "globalInteractionReason", "summary": "This spot is popular", "type": "general"}], "count": 0}, "venue": {"hereNow": {"groups": [{"items": [], "name": "Other people here", "count": 1, "type": "others"}], "summary": "One other person is here", "count": 1}, "contact": {"phone": "+6563859061", "formattedPhone": "+65 6385 9061"}, "photos": {"groups": [], "count": 0}, "name": "Fish & Co.", "allowMenuUrlEdit": true, "beenHere": {"lastCheckinExpiredAt": 0, "count": 0, "marked": false}, "stats": {"checkinsCount": 193, "usersCount": 143, "tipCount": 0}, "id": "56a614b8498e0e513ea1f508", "categories": [{"pluralName": "Seafood Restaurants", "id": "4bf58dd8d48988d1ce941735", "primary": true, "icon": {"prefix": "https://ss3.4sqi.net/img/categories_v2/food/seafood_", "suffix": ".png"}, "name": "Seafood Restaurant", "shortName": "Seafood"}], "location": {"lng": 103.90242799522115, "formattedAddress": ["#B1-18, Waterway Point (83 Punggol Central)", "828761", "Singapore"], "postalCode": "828761", "lat": 1.406889632722155, "crossStreet": "83 Punggol Central", "country": "Singapore", "distance": 801, "city": "Singapore", "cc": "SG", "address": "#B1-18, Waterway Point", "labeledLatLngs": [{"lng": 103.90242799522115, "label": "display", "lat": 1.406889632722155}]}, "verified": false, "price": {"tier": 3, "currency": "$", "message": "Expensive"}}, "referralId": "e-3-56a614b8498e0e513ea1f508-34"}, {"reasons": {"items": [{"reasonName": "globalInteractionReason", "summary": "This spot is popular", "type": "general"}], "count": 0}, "venue": {"hereNow": {"groups": [], "summary": "Nobody here", "count": 0}, "contact": {}, "photos": {"groups": [], "count": 0}, "rating": 5.2, "name": "7 Stars Kopitiam", "ratingSignals": 15, "allowMenuUrlEdit": true, "categories": [{"pluralName": "Diners", "id": "4bf58dd8d48988d147941735", "primary": true, "icon": {"prefix": "https://ss3.4sqi.net/img/categories_v2/food/diner_", "suffix": ".png"}, "name": "Diner", "shortName": "Diner"}], "stats": {"checkinsCount": 310, "usersCount": 104, "tipCount": 2}, "id": "55615e1d498e8dcd9d4ad750", "beenHere": {"lastCheckinExpiredAt": 0, "count": 0, "marked": false}, "ratingColor": "FF9600", "location": {"formattedAddress": ["312A Sumang Link", "821312", "Singapore"], "postalCode": "821312", "lat": 1.410501241195156, "lng": 103.90011716775712, "country": "Singapore", "distance": 762, "city": "Singapore", "cc": "SG", "address": "312A Sumang Link", "labeledLatLngs": [{"lng": 103.90011716775712, "label": "display", "lat": 1.410501241195156}]}, "hours": {"isLocalHoliday": false, "isOpen": true, "status": "Likely open"}, "verified": false, "price": {"tier": 1, "currency": "$", "message": "Cheap"}}, "referralId": "e-3-55615e1d498e8dcd9d4ad750-35", "tips": [{"id": "57bc2d18498ebb675b7b2320", "text": "Haven't been here for the roasted delights for sometime. Everything -(chicken, char siew, roast meat) taste different, food is cold at peak hour (10mins to 7pm). What happened?!", "disagreeCount": 0, "createdAt": 1471950104, "logView": true, "todo": {"count": 0}, "agreeCount": 0, "canonicalUrl": "https://foursquare.com/item/57bc2d18498ebb675b7b2320", "type": "user", "user": {"id": "1222769", "photo": {"prefix": "https://igx.4sqi.net/img/user/", "suffix": "/O0MPHMF2RMHD03MD.jpg"}, "firstName": "Alicia", "gender": "female"}}]}], "name": "recommended", "type": "Recommended Places"}], "query": "food", "headerLocation": "Punggol"}}