{"meta": {"code": 200, "requestId": "595a3a88f594df3c593a59f9"}, "response": {"suggestedFilters": {"filters": [{"name": "Open now", "key": "openNow"}], "header": "Tap to show:"}, "totalResults": 21, "headerFullLocation": "Punggol, Singapore", "headerLocationGranularity": "neighborhood", "suggestedBounds": {"ne": {"lng": 103.91383955230651, "lat": 1.424048527695767}, "sw": {"lng": 103.89946202862549, "lat": 1.4096485132957528}}, "groups": [{"items": [{"reasons": {"items": [{"reasonName": "globalInteractionReason", "summary": "This spot is popular", "type": "general"}], "count": 0}, "venue": {"hereNow": {"groups": [], "summary": "Nobody here", "count": 0}, "contact": {}, "photos": {"groups": [], "count": 0}, "rating": 8.0, "name": "House of Seafood \u8783\u87f9\u4e4b\u5bb6", "ratingSignals": 85, "allowMenuUrlEdit": true, "categories": [{"pluralName": "Seafood Restaurants", "id": "4bf58dd8d48988d1ce941735", "primary": true, "icon": {"prefix": "https://ss3.4sqi.net/img/categories_v2/food/seafood_", "suffix": ".png"}, "name": "Seafood Restaurant", "shortName": "Seafood"}], "stats": {"checkinsCount": 763, "usersCount": 652, "tipCount": 63}, "id": "53522c29498e29540c2edbab", "beenHere": {"lastCheckinExpiredAt": 0, "count": 0, "marked": false}, "ratingColor": "73CF42", "location": {"lng": 103.91177365105906, "formattedAddress": ["#01-01/02, The Punggol Settlement (3 Punggol Point Rd.)", "Singapore"], "lat": 1.4209976529540471, "crossStreet": "3 Punggol Point Rd.", "country": "Singapore", "distance": 733, "city": "Singapore", "cc": "SG", "address": "#01-01/02, The Punggol Settlement", "labeledLatLngs": [{"lng": 103.91177365105906, "label": "display", "lat": 1.4209976529540471}]}, "hours": {"isLocalHoliday": false, "isOpen": true, "status": "Likely open"}, "verified": false, "price": {"tier": 3, "currency": "$", "message": "Expensive"}}, "referralId": "e-3-53522c29498e29540c2edbab-0", "tips": [{"logView": true, "photo": {"id": "57caac23498edb271e7dc822", "visibility": "public", "source": {"name": "Foursquare for Android", "url": "https://foursquare.com/download/#/android"}, "suffix": "/27156595_rCo_2RhANO9BVAzxAT9JWDIJtfLsORXtJprJshk2qEQ.jpg", "createdAt": 1472900131, "prefix": "https://igx.4sqi.net/img/general/", "width": 5312, "height": 2988}, "createdAt": 1472900125, "agreeCount": 0, "id": "57caac1d498e9d761819a05c", "text": "Delicious and it was great", "type": "user", "disagreeCount": 0, "user": {"gender": "male", "id": "27156595", "photo": {"prefix": "https://igx.4sqi.net/img/user/", "default": true, "suffix": "/blank_boy.png"}, "firstName": "Tan", "lastName": "Kheng Hock"}, "canonicalUrl": "https://foursquare.com/item/57caac1d498e9d761819a05c", "todo": {"count": 0}, "photourl": "https://igx.4sqi.net/img/general/original/27156595_rCo_2RhANO9BVAzxAT9JWDIJtfLsORXtJprJshk2qEQ.jpg"}]}, {"reasons": {"items": [{"reasonName": "globalInteractionReason", "summary": "This spot is popular", "type": "general"}], "count": 0}, "venue": {"hereNow": {"groups": [], "summary": "Nobody here", "count": 0}, "contact": {}, "photos": {"groups": [], "count": 0}, "rating": 7.1, "name": "White Restaurant (The Original Sembawang White Bee Hoon)", "ratingSignals": 71, "allowMenuUrlEdit": true, "categories": [{"pluralName": "Chinese Restaurants", "id": "4bf58dd8d48988d145941735", "primary": true, "icon": {"prefix": "https://ss3.4sqi.net/img/categories_v2/food/asian_", "suffix": ".png"}, "name": "Chinese Restaurant", "shortName": "Chinese"}], "stats": {"checkinsCount": 1141, "usersCount": 775, "tipCount": 17}, "id": "54a37635498e72e47a3f4075", "beenHere": {"lastCheckinExpiredAt": 0, "count": 0, "marked": false}, "ratingColor": "C5DE35", "location": {"lng": 103.91247601700618, "formattedAddress": ["#01-10, The Punggol Settlement (3 Punggol Point Road)", "Singapore"], "lat": 1.4205019148445615, "crossStreet": "3 Punggol Point Road", "country": "Singapore", "distance": 765, "city": "Singapore", "cc": "SG", "address": "#01-10, The Punggol Settlement", "labeledLatLngs": [{"lng": 103.91247601700618, "label": "display", "lat": 1.4205019148445615}]}, "hours": {"isLocalHoliday": false, "isOpen": true, "status": "Open until 10:00 PM"}, "verified": false, "price": {"tier": 1, "currency": "$", "message": "Cheap"}}, "referralId": "e-3-54a37635498e72e47a3f4075-1", "tips": [{"logView": true, "photo": {"id": "54b236f6498efc6a980a13e5", "visibility": "public", "source": {"name": "Foursquare Web", "url": "https://foursquare.com"}, "suffix": "/6306884_2Gx3ysGTX-7vqXHT-3oJBsjj5IRb0G5OX9n3bIufxdI.jpg", "createdAt": 1420965622, "prefix": "https://igx.4sqi.net/img/general/", "width": 906, "height": 792}, "createdAt": 1420965619, "todo": {"count": 0}, "agreeCount": 2, "likes": {"groups": [], "summary": "2 likes", "count": 2}, "id": "54b236f3498eba2fbd3ac46b", "text": "Popular Sembawang White Bee Hoon (\u767d\u7c73\u7c89) 2nd outlet @ The Punggol Settlement. Delicious comfort food & other Zi Char dishes by the seaside  The most crowded eatery at this venue since 5.30pm.", "disagreeCount": 0, "user": {"gender": "female", "id": "6306884", "photo": {"prefix": "https://igx.4sqi.net/img/user/", "suffix": "/6306884-L21LWV3MMZFIVU5F"}, "firstName": "Jess", "lastName": "Thia"}, "canonicalUrl": "https://foursquare.com/item/54b236f3498eba2fbd3ac46b", "type": "user", "photourl": "https://igx.4sqi.net/img/general/original/6306884_2Gx3ysGTX-7vqXHT-3oJBsjj5IRb0G5OX9n3bIufxdI.jpg"}]}, {"reasons": {"items": [{"reasonName": "globalInteractionReason", "summary": "This spot is popular", "type": "general"}], "count": 0}, "venue": {"hereNow": {"groups": [], "summary": "Nobody here", "count": 0}, "contact": {"phone": "+6567022855", "formattedPhone": "+65 6702 2855"}, "photos": {"groups": [], "count": 0}, "rating": 6.5, "name": "Horizon Bistronomy", "ratingSignals": 9, "allowMenuUrlEdit": true, "categories": [{"pluralName": "French Restaurants", "id": "4bf58dd8d48988d10c941735", "primary": true, "icon": {"prefix": "https://ss3.4sqi.net/img/categories_v2/food/french_", "suffix": ".png"}, "name": "French Restaurant", "shortName": "French"}], "stats": {"checkinsCount": 86, "usersCount": 76, "tipCount": 4}, "id": "549aacc7498ed095cd0354db", "beenHere": {"lastCheckinExpiredAt": 0, "count": 0, "marked": false}, "ratingColor": "FFC800", "location": {"formattedAddress": ["3 Punggol Point Road, #02-04, The Punggol Settlement", "828694", "Singapore"], "postalCode": "828694", "lat": 1.420954489653679, "lng": 103.91197756338269, "distance": 748, "country": "Singapore", "cc": "SG", "address": "3 Punggol Point Road, #02-04, The Punggol Settlement", "labeledLatLngs": [{"lng": 103.91197756338269, "label": "display", "lat": 1.420954489653679}]}, "verified": false, "price": {"tier": 3, "currency": "$", "message": "Expensive"}}, "referralId": "e-3-549aacc7498ed095cd0354db-2", "tips": [{"logView": true, "photo": {"id": "56f8afcd498e8164e811f2c4", "visibility": "public", "source": {"name": "Foursquare for iOS", "url": "https://foursquare.com/download/#/iphone"}, "suffix": "/8113751_lf8AaMhsRjb2iugrq8dkEVyf6wVzIaGD4DoJ5WoJAo4.jpg", "createdAt": 1459138509, "prefix": "https://igx.4sqi.net/img/general/", "width": 1920, "height": 1439}, "createdAt": 1459138503, "todo": {"count": 0}, "agreeCount": 1, "likes": {"groups": [], "summary": "1 like", "count": 1}, "id": "56f8afc7498ea59edfe15ece", "text": "Recommend Garden by the Bay for dessert. Deconstructed tiramisu that's not too sweet.", "disagreeCount": 0, "user": {"gender": "female", "id": "8113751", "photo": {"prefix": "https://igx.4sqi.net/img/user/", "suffix": "/G2AT01MDXJV1ORZ4.jpg"}, "firstName": "Rachel", "lastName": "Lam"}, "canonicalUrl": "https://foursquare.com/item/56f8afc7498ea59edfe15ece", "type": "user", "photourl": "https://igx.4sqi.net/img/general/original/8113751_lf8AaMhsRjb2iugrq8dkEVyf6wVzIaGD4DoJ5WoJAo4.jpg"}]}, {"reasons": {"items": [{"reasonName": "globalInteractionReason", "summary": "This spot is popular", "type": "general"}], "count": 0}, "venue": {"hereNow": {"groups": [], "summary": "Nobody here", "count": 0}, "contact": {"phone": "+6563856275", "formattedPhone": "+65 6385 6275"}, "photos": {"groups": [], "count": 0}, "rating": 6.4, "name": "McDonald's", "ratingSignals": 7, "allowMenuUrlEdit": true, "categories": [{"pluralName": "Fast Food Restaurants", "id": "4bf58dd8d48988d16e941735", "primary": true, "icon": {"prefix": "https://ss3.4sqi.net/img/categories_v2/food/fastfood_", "suffix": ".png"}, "name": "Fast Food Restaurant", "shortName": "Fast Food"}], "stats": {"checkinsCount": 394, "usersCount": 200, "tipCount": 3}, "id": "57369448498e45f1decf154c", "beenHere": {"lastCheckinExpiredAt": 0, "count": 0, "marked": false}, "ratingColor": "FFC800", "location": {"lng": 103.906063, "formattedAddress": ["#03-05, SAFRA Punggol (9 Sentul Crescent)", "828654", "Singapore"], "postalCode": "828654", "lat": 1.410171, "crossStreet": "9 Sentul Crescent", "country": "Singapore", "distance": 746, "city": "Singapore", "cc": "SG", "address": "#03-05, SAFRA Punggol", "labeledLatLngs": [{"lng": 103.906063, "label": "display", "lat": 1.410171}]}, "verified": false, "price": {"tier": 1, "currency": "$", "message": "Cheap"}}, "referralId": "e-3-57369448498e45f1decf154c-3", "tips": [{"id": "57821cec498e8229b19269ab", "text": "Quiet and few customers. Safra members ordering through the kiosk get specials such as free apple pies", "disagreeCount": 0, "createdAt": 1468144876, "logView": true, "todo": {"count": 0}, "agreeCount": 0, "canonicalUrl": "https://foursquare.com/item/57821cec498e8229b19269ab", "type": "user", "user": {"gender": "none", "id": "4077008", "photo": {"prefix": "https://igx.4sqi.net/img/user/", "suffix": "/1F5LS2APNG03Y3KD.jpg"}, "firstName": "Tian-An", "lastName": "Tan"}}]}, {"reasons": {"items": [{"reasonName": "globalInteractionReason", "summary": "This spot is popular", "type": "general"}], "count": 0}, "venue": {"hereNow": {"groups": [], "summary": "Nobody here", "count": 0}, "contact": {"phone": "+6563841132", "formattedPhone": "+65 6384 1132"}, "photos": {"groups": [], "count": 0}, "rating": 6.3, "name": "Izakaya 95", "ratingSignals": 9, "allowMenuUrlEdit": true, "categories": [{"pluralName": "Japanese Restaurants", "id": "4bf58dd8d48988d111941735", "primary": true, "icon": {"prefix": "https://ss3.4sqi.net/img/categories_v2/food/japanese_", "suffix": ".png"}, "name": "Japanese Restaurant", "shortName": "Japanese"}], "stats": {"checkinsCount": 88, "usersCount": 75, "tipCount": 7}, "id": "5565998d498efc5210c3c310", "beenHere": {"lastCheckinExpiredAt": 0, "count": 0, "marked": false}, "ratingColor": "FFC800", "location": {"lng": 103.912179, "formattedAddress": ["3 Punggol Point Road #02-05 (Punggol Settlement)", "828694", "Singapore"], "postalCode": "828694", "lat": 1.420906, "crossStreet": "Punggol Settlement", "country": "Singapore", "distance": 763, "city": "Singapore", "cc": "SG", "address": "3 Punggol Point Road #02-05", "labeledLatLngs": [{"lng": 103.912179, "label": "display", "lat": 1.420906}]}, "verified": false, "price": {"tier": 2, "currency": "$", "message": "Moderate"}}, "referralId": "e-3-5565998d498efc5210c3c310-4", "tips": [{"id": "569a63e3498e7fa0d313ab59", "text": "Yakitori. They are open until late", "disagreeCount": 0, "createdAt": 1452958691, "logView": true, "todo": {"count": 0}, "agreeCount": 0, "canonicalUrl": "https://foursquare.com/item/569a63e3498e7fa0d313ab59", "type": "user", "user": {"id": "3677448", "photo": {"prefix": "https://igx.4sqi.net/img/user/", "suffix": "/3677448-S0WQODRN3Z21IKNM.jpg"}, "firstName": "@--@", "gender": "male"}}]}, {"reasons": {"items": [{"reasonName": "globalInteractionReason", "summary": "This spot is popular", "type": "general"}], "count": 0}, "venue": {"hereNow": {"groups": [], "summary": "Nobody here", "count": 0}, "contact": {}, "photos": {"groups": [], "count": 0}, "rating": 6.0, "name": "Ponggol Seafood", "ratingSignals": 17, "allowMenuUrlEdit": true, "categories": [{"pluralName": "Seafood Restaurants", "id": "4bf58dd8d48988d1ce941735", "primary": true, "icon": {"prefix": "https://ss3.4sqi.net/img/categories_v2/food/seafood_", "suffix": ".png"}, "name": "Seafood Restaurant", "shortName": "Seafood"}], "stats": {"checkinsCount": 221, "usersCount": 199, "tipCount": 5}, "id": "53c2892c498ee8145274eb01", "beenHere": {"lastCheckinExpiredAt": 0, "count": 0, "marked": false}, "ratingColor": "FFC800", "location": {"lng": 103.91236839618406, "formattedAddress": ["#01-08/09, The Punggol Settlement (3 Punggol Point Rd.)", "828694", "Singapore"], "postalCode": "828694", "lat": 1.4206657734939563, "crossStreet": "3 Punggol Point Rd.", "country": "Singapore", "distance": 765, "city": "Singapore", "cc": "SG", "address": "#01-08/09, The Punggol Settlement", "labeledLatLngs": [{"lng": 103.91236839618406, "label": "display", "lat": 1.4206657734939563}]}, "verified": false, "price": {"tier": 3, "currency": "$", "message": "Expensive"}}, "referralId": "e-3-53c2892c498ee8145274eb01-5", "tips": [{"logView": true, "photo": {"id": "57c2f56a498e192397a5ac66", "visibility": "public", "source": {"name": "Foursquare for iOS", "url": "https://foursquare.com/download/#/iphone"}, "suffix": "/30599435_lSmVIMUT-0TE8uOhX6W9JHWoSna217_e_p4PD8Z8FNc.jpg", "createdAt": 1472394602, "prefix": "https://igx.4sqi.net/img/general/", "width": 1440, "height": 1920}, "createdAt": 1472394596, "agreeCount": 0, "id": "57c2f564498ef563a244f1dd", "text": "The black pepper la la bee hoon is damn shiok!", "type": "user", "disagreeCount": 0, "user": {"gender": "male", "id": "30599435", "photo": {"prefix": "https://igx.4sqi.net/img/user/", "suffix": "/30599435_VFGwCGkP_KJZtGNkxWuKAloSRzZmkVQ0zaQ22sfzp1GTiHcwkgOeD8Kpzn2YsIzNIAYO3mggB.jpg"}, "firstName": "Jonathan", "lastName": "Lim"}, "canonicalUrl": "https://foursquare.com/item/57c2f564498ef563a244f1dd", "todo": {"count": 0}, "photourl": "https://igx.4sqi.net/img/general/original/30599435_lSmVIMUT-0TE8uOhX6W9JHWoSna217_e_p4PD8Z8FNc.jpg"}]}, {"reasons": {"items": [{"reasonName": "globalInteractionReason", "summary": "This spot is popular", "type": "general"}], "count": 0}, "venue": {"venuePage": {"id": "88954306"}, "contact": {"facebook": "1459787737596458", "facebookUsername": "GeorgesBTB", "facebookName": "Georges By the Bay", "phone": "+6567026186", "formattedPhone": "+65 6702 6186"}, "photos": {"groups": [], "count": 0}, "rating": 5.9, "name": "Georges By The Bay", "ratingSignals": 20, "allowMenuUrlEdit": true, "categories": [{"pluralName": "Bistros", "id": "52e81612bcbc57f1066b79f1", "primary": true, "icon": {"prefix": "https://ss3.4sqi.net/img/categories_v2/food/default_", "suffix": ".png"}, "name": "Bistro", "shortName": "Bistro"}], "stats": {"checkinsCount": 392, "usersCount": 286, "tipCount": 8}, "id": "53aa62c0498e8a01e3e315b3", "beenHere": {"lastCheckinExpiredAt": 0, "count": 0, "marked": false}, "url": "http://www.georges.com.sg", "ratingColor": "FF9600", "location": {"lng": 103.91265727331859, "formattedAddress": ["The Punggol Settlement (3 Punggol Point Road)", "828694", "Singapore"], "postalCode": "828694", "lat": 1.4204154232543516, "crossStreet": "3 Punggol Point Road", "country": "Singapore", "distance": 777, "city": "Singapore", "cc": "SG", "address": "The Punggol Settlement", "labeledLatLngs": [{"lng": 103.91265727331859, "label": "display", "lat": 1.4204154232543516}]}, "hours": {"isLocalHoliday": false, "isOpen": true, "status": "Open until 1:00 AM"}, "verified": true, "hereNow": {"groups": [], "summary": "Nobody here", "count": 0}, "storeId": ""}, "referralId": "e-3-53aa62c0498e8a01e3e315b3-6", "tips": [{"id": "5454cbbf498e06ec8455551a", "text": "Everything", "disagreeCount": 0, "logView": true, "createdAt": 1414843327, "likes": {"groups": [], "summary": "1 like", "count": 1}, "todo": {"count": 0}, "agreeCount": 1, "canonicalUrl": "https://foursquare.com/item/5454cbbf498e06ec8455551a", "type": "user", "user": {"id": "273911", "photo": {"prefix": "https://igx.4sqi.net/img/user/", "suffix": "/JSXLLVDNRPX4GMHY.jpg"}, "firstName": "Jeffrey Yeo", "gender": "male"}}]}, {"reasons": {"items": [{"reasonName": "globalInteractionReason", "summary": "This spot is popular", "type": "general"}], "count": 0}, "venue": {"hereNow": {"groups": [], "summary": "Nobody here", "count": 0}, "contact": {}, "photos": {"groups": [], "count": 0}, "rating": 5.6, "name": "Curry Gardenn", "ratingSignals": 14, "allowMenuUrlEdit": true, "categories": [{"pluralName": "Indian Restaurants", "id": "4bf58dd8d48988d10f941735", "primary": true, "icon": {"prefix": "https://ss3.4sqi.net/img/categories_v2/food/indian_", "suffix": ".png"}, "name": "Indian Restaurant", "shortName": "Indian"}], "stats": {"checkinsCount": 133, "usersCount": 97, "tipCount": 7}, "id": "51bc6632498ecc5701a38151", "beenHere": {"lastCheckinExpiredAt": 0, "count": 0, "marked": false}, "ratingColor": "FF9600", "location": {"lng": 103.91083339260197, "formattedAddress": ["Punggol Rd. (Punggol End)", "Singapore"], "lat": 1.4200174177712848, "crossStreet": "Punggol End", "country": "Singapore", "distance": 584, "city": "Singapore", "cc": "SG", "address": "Punggol Rd.", "labeledLatLngs": [{"lng": 103.91083339260197, "label": "display", "lat": 1.4200174177712848}]}, "verified": false, "price": {"tier": 2, "currency": "$", "message": "Moderate"}}, "referralId": "e-3-51bc6632498ecc5701a38151-7", "tips": [{"id": "51d02e8d498e6282240acd8b", "text": "Decent Indian food", "disagreeCount": 0, "logView": true, "createdAt": 1372597901, "likes": {"groups": [], "summary": "2 likes", "count": 2}, "todo": {"count": 0}, "agreeCount": 2, "canonicalUrl": "https://foursquare.com/item/51d02e8d498e6282240acd8b", "type": "user", "user": {"gender": "male", "id": "18588058", "photo": {"prefix": "https://igx.4sqi.net/img/user/", "suffix": "/18588058-ZOP52B3OZVS0FJUT.jpg"}, "firstName": "Rahul", "lastName": "Thayyalamkandy"}}]}, {"reasons": {"items": [{"reasonName": "globalInteractionReason", "summary": "This spot is popular", "type": "general"}], "count": 0}, "venue": {"hereNow": {"groups": [], "summary": "Nobody here", "count": 0}, "contact": {}, "photos": {"groups": [], "count": 0}, "name": "Jack's Place", "allowMenuUrlEdit": true, "beenHere": {"lastCheckinExpiredAt": 0, "count": 0, "marked": false}, "stats": {"checkinsCount": 76, "usersCount": 62, "tipCount": 2}, "id": "572dc3bb498eb629807775eb", "categories": [{"pluralName": "Steakhouses", "id": "4bf58dd8d48988d1cc941735", "primary": true, "icon": {"prefix": "https://ss3.4sqi.net/img/categories_v2/food/steakhouse_", "suffix": ".png"}, "name": "Steakhouse", "shortName": "Steakhouse"}], "location": {"lng": 103.906363, "formattedAddress": ["SAFRA Punggol (10 Sentul Crescent)", "Singapore"], "lat": 1.410821, "crossStreet": "10 Sentul Crescent", "state": "North East Community Development Region", "country": "Singapore", "distance": 671, "city": "Punggol", "cc": "SG", "address": "SAFRA Punggol", "labeledLatLngs": [{"lng": 103.906363, "label": "display", "lat": 1.410821}]}, "verified": false, "price": {"tier": 4, "currency": "$", "message": "Very Expensive"}}, "referralId": "e-3-572dc3bb498eb629807775eb-8", "tips": [{"id": "572dcdc2498e94f4c3c48ef9", "text": "Very generous serving of #garlic #bread with the #soup of the day. A little stale though.", "disagreeCount": 0, "createdAt": 1462619586, "logView": true, "todo": {"count": 0}, "agreeCount": 1, "canonicalUrl": "https://foursquare.com/item/572dcdc2498e94f4c3c48ef9", "type": "user", "user": {"gender": "male", "id": "5406597", "photo": {"prefix": "https://igx.4sqi.net/img/user/", "suffix": "/5406597-OQPKWR5ET4QO5EMC.jpg"}, "firstName": "Aaron", "lastName": "Wong"}}]}, {"reasons": {"items": [{"reasonName": "globalInteractionReason", "summary": "This spot is popular", "type": "general"}], "count": 0}, "venue": {"hereNow": {"groups": [], "summary": "Nobody here", "count": 0}, "contact": {}, "photos": {"groups": [], "count": 0}, "name": "issho family restaurant", "allowMenuUrlEdit": true, "beenHere": {"lastCheckinExpiredAt": 0, "count": 0, "marked": false}, "stats": {"checkinsCount": 37, "usersCount": 33, "tipCount": 1}, "id": "57a47293498e9c810306a3e7", "categories": [{"pluralName": "Japanese Restaurants", "id": "4bf58dd8d48988d111941735", "primary": true, "icon": {"prefix": "https://ss3.4sqi.net/img/categories_v2/food/japanese_", "suffix": ".png"}, "name": "Japanese Restaurant", "shortName": "Japanese"}], "location": {"formattedAddress": ["Singapore"], "lat": 1.410518, "lng": 103.906189, "state": "North East Community Development Region", "country": "Singapore", "distance": 706, "city": "Punggol", "cc": "SG", "labeledLatLngs": [{"lng": 103.906189, "label": "display", "lat": 1.410518}]}, "verified": false, "price": {"tier": 2, "currency": "$", "message": "Moderate"}}, "referralId": "e-3-57a47293498e9c810306a3e7-9", "tips": [{"id": "583d748d2e9fde4e36e9c1a5", "text": "Wtf! If we request for additional glass cup for the pot of green tea, they will charge additional $2.50! The amt of tea is still the same wat!? \u4e58\u706b\u6253\u52ab", "disagreeCount": 0, "createdAt": 1480422541, "logView": true, "todo": {"count": 0}, "agreeCount": 0, "canonicalUrl": "https://foursquare.com/item/583d748d2e9fde4e36e9c1a5", "type": "user", "user": {"gender": "male", "id": "4861741", "photo": {"prefix": "https://igx.4sqi.net/img/user/", "suffix": "/4861741-2NVUXAT2JV5CR3EB"}, "firstName": "Siang Hwee", "lastName": "Foo"}}]}, {"reasons": {"items": [{"reasonName": "globalInteractionReason", "summary": "This spot is popular", "type": "general"}], "count": 0}, "venue": {"hereNow": {"groups": [], "summary": "Nobody here", "count": 0}, "contact": {}, "photos": {"groups": [], "count": 0}, "name": "Siam Thai Tuckshop", "allowMenuUrlEdit": true, "beenHere": {"lastCheckinExpiredAt": 0, "count": 0, "marked": false}, "stats": {"checkinsCount": 40, "usersCount": 35, "tipCount": 2}, "id": "571b0b78498e5b41250a5eb5", "categories": [{"pluralName": "Thai Restaurants", "id": "4bf58dd8d48988d149941735", "primary": true, "icon": {"prefix": "https://ss3.4sqi.net/img/categories_v2/food/thai_", "suffix": ".png"}, "name": "Thai Restaurant", "shortName": "Thai"}], "location": {"lat": 1.4104953330589183, "distance": 707, "country": "Singapore", "cc": "SG", "crossStreet": "9 Sentul Crescent", "formattedAddress": ["#02-05 SAFRA Punggol Club (9 Sentul Crescent)", "828654", "Singapore"], "city": "Punggol", "lng": 103.90644371709489, "state": "North East Community Development Region", "labeledLatLngs": [{"lng": 103.90644371709489, "label": "display", "lat": 1.4104953330589183}], "address": "#02-05 SAFRA Punggol Club", "postalCode": "828654"}, "verified": false, "price": {"tier": 2, "currency": "$", "message": "Moderate"}}, "referralId": "e-3-571b0b78498e5b41250a5eb5-10", "tips": [{"id": "5933f1fc75a6ea7ca8813181", "text": "Family friendly. Aircon is not too cold. Staff is friendly", "disagreeCount": 0, "createdAt": 1496576508, "logView": true, "todo": {"count": 0}, "agreeCount": 0, "canonicalUrl": "https://foursquare.com/item/5933f1fc75a6ea7ca8813181", "type": "user", "user": {"id": "21284359", "photo": {"prefix": "https://igx.4sqi.net/img/user/", "suffix": "/CSGKAQLY1WCO2OE4.jpg"}, "firstName": "Miico", "gender": "none"}}]}, {"reasons": {"items": [{"reasonName": "globalInteractionReason", "summary": "This spot is popular", "type": "general"}], "count": 0}, "venue": {"hereNow": {"groups": [], "summary": "Nobody here", "count": 0}, "contact": {}, "photos": {"groups": [], "count": 0}, "name": "Heavenly Wang", "allowMenuUrlEdit": true, "beenHere": {"lastCheckinExpiredAt": 0, "count": 0, "marked": false}, "stats": {"checkinsCount": 61, "usersCount": 49, "tipCount": 0}, "id": "575f680e498e22fa25bed89e", "categories": [{"pluralName": "Caf\u00e9s", "id": "4bf58dd8d48988d16d941735", "primary": true, "icon": {"prefix": "https://ss3.4sqi.net/img/categories_v2/food/cafe_", "suffix": ".png"}, "name": "Caf\u00e9", "shortName": "Caf\u00e9"}], "location": {"formattedAddress": ["10 Sentul Crescent", "828851", "Singapore"], "postalCode": "828851", "lat": 1.410327, "lng": 103.905959, "state": "North East Community Development Region", "country": "Singapore", "distance": 730, "city": "Punggol", "cc": "SG", "address": "10 Sentul Crescent", "labeledLatLngs": [{"lng": 103.905959, "label": "display", "lat": 1.410327}]}, "hours": {"isLocalHoliday": false, "isOpen": true, "status": "Open until 9:30 PM"}, "verified": false, "price": {"tier": 1, "currency": "$", "message": "Cheap"}}, "referralId": "e-3-575f680e498e22fa25bed89e-11"}, {"reasons": {"items": [{"reasonName": "globalInteractionReason", "summary": "This spot is popular", "type": "general"}], "count": 0}, "venue": {"hereNow": {"groups": [], "summary": "Nobody here", "count": 0}, "contact": {}, "photos": {"groups": [], "count": 0}, "name": "Simply Peranakan \u571f\u751f\u574a", "allowMenuUrlEdit": true, "beenHere": {"lastCheckinExpiredAt": 0, "count": 0, "marked": false}, "stats": {"checkinsCount": 36, "usersCount": 36, "tipCount": 1}, "id": "545a2c7d498e6536259c65a7", "categories": [{"pluralName": "Chinese Restaurants", "id": "4bf58dd8d48988d145941735", "primary": true, "icon": {"prefix": "https://ss3.4sqi.net/img/categories_v2/food/asian_", "suffix": ".png"}, "name": "Chinese Restaurant", "shortName": "Chinese"}], "location": {"lng": 103.91175665837913, "formattedAddress": ["#02-01, The Punggol Settlement (3 Punggol Point Rd.)", "Singapore"], "lat": 1.4210757443175384, "crossStreet": "3 Punggol Point Rd.", "country": "Singapore", "distance": 737, "city": "Singapore", "cc": "SG", "address": "#02-01, The Punggol Settlement", "labeledLatLngs": [{"lng": 103.91175665837913, "label": "display", "lat": 1.4210757443175384}]}, "verified": false, "price": {"tier": 1, "currency": "$", "message": "Cheap"}}, "referralId": "e-3-545a2c7d498e6536259c65a7-12", "tips": [{"id": "55a8ec0b498e7a4e17e0766c", "text": "#assamfishhead is awesome!", "disagreeCount": 0, "createdAt": 1437133835, "logView": true, "todo": {"count": 0}, "agreeCount": 1, "canonicalUrl": "https://foursquare.com/item/55a8ec0b498e7a4e17e0766c", "type": "user", "user": {"gender": "male", "id": "5406597", "photo": {"prefix": "https://igx.4sqi.net/img/user/", "suffix": "/5406597-OQPKWR5ET4QO5EMC.jpg"}, "firstName": "Aaron", "lastName": "Wong"}}]}, {"reasons": {"items": [{"reasonName": "globalInteractionReason", "summary": "This spot is popular", "type": "general"}], "count": 0}, "venue": {"contact": {}, "photos": {"groups": [], "count": 0}, "name": "Kampong Chai Chee Restaurant", "allowMenuUrlEdit": true, "beenHere": {"lastCheckinExpiredAt": 0, "count": 0, "marked": false}, "stats": {"checkinsCount": 30, "usersCount": 25, "tipCount": 1}, "id": "56b74e6c498ecd02516fd835", "categories": [{"pluralName": "Halal Restaurants", "id": "52e81612bcbc57f1066b79ff", "primary": true, "icon": {"prefix": "https://ss3.4sqi.net/img/categories_v2/food/halal_", "suffix": ".png"}, "name": "Halal Restaurant", "shortName": "Halal"}], "location": {"lng": 103.91188127141429, "formattedAddress": ["#02-02, Punggol Settlement (3 Punggol Point Road)", "828694", "Singapore"], "postalCode": "828694", "lat": 1.4210933126126297, "crossStreet": "3 Punggol Point Road", "country": "Singapore", "distance": 749, "city": "Singapore", "cc": "SG", "address": "#02-02, Punggol Settlement", "labeledLatLngs": [{"lng": 103.91188127141429, "label": "display", "lat": 1.4210933126126297}]}, "hours": {"isLocalHoliday": false, "isOpen": false, "status": "Closed until 1:00 PM tomorrow"}, "verified": false, "hereNow": {"groups": [], "summary": "Nobody here", "count": 0}}, "referralId": "e-3-56b74e6c498ecd02516fd835-13", "tips": [{"id": "58d9bc6b0acb6a0322e7c70e", "text": "Halal and try the durian chendol.", "disagreeCount": 0, "createdAt": 1490664555, "logView": true, "todo": {"count": 0}, "agreeCount": 0, "canonicalUrl": "https://foursquare.com/item/58d9bc6b0acb6a0322e7c70e", "type": "user", "user": {"gender": "male", "id": "70619391", "photo": {"prefix": "https://igx.4sqi.net/img/user/", "suffix": "/70619391-4AQNFF4N32JLWJYM.jpg"}, "firstName": "Hong Lim", "lastName": "Park"}}]}, {"reasons": {"items": [{"reasonName": "globalInteractionReason", "summary": "This spot is popular", "type": "general"}], "count": 0}, "venue": {"contact": {"phone": "+6563850409", "formattedPhone": "+65 6385 0409"}, "photos": {"groups": [], "count": 0}, "name": "Nom La La by BAKERZIN", "allowMenuUrlEdit": true, "beenHere": {"lastCheckinExpiredAt": 0, "count": 0, "marked": false}, "stats": {"checkinsCount": 35, "usersCount": 21, "tipCount": 1}, "id": "576e0fc4498e85d8ef7a297a", "categories": [{"pluralName": "Bistros", "id": "52e81612bcbc57f1066b79f1", "primary": true, "icon": {"prefix": "https://ss3.4sqi.net/img/categories_v2/food/default_", "suffix": ".png"}, "name": "Bistro", "shortName": "Bistro"}], "location": {"formattedAddress": ["9 Sentul Crescent #02-04", "828654", "Singapore"], "postalCode": "828654", "lat": 1.4100716, "lng": 103.90573, "country": "Singapore", "distance": 761, "city": "Singapore", "cc": "SG", "address": "9 Sentul Crescent #02-04", "labeledLatLngs": [{"lng": 103.90573, "label": "display", "lat": 1.4100716}]}, "hours": {"isLocalHoliday": false, "isOpen": true, "status": "Open until 9:00 PM"}, "verified": false, "hereNow": {"groups": [], "summary": "Nobody here", "count": 0}}, "referralId": "e-3-576e0fc4498e85d8ef7a297a-14", "tips": [{"id": "57836ed7498edbb88acea098", "text": "Excellent #coffee!", "disagreeCount": 0, "createdAt": 1468231383, "logView": true, "todo": {"count": 0}, "agreeCount": 1, "canonicalUrl": "https://foursquare.com/item/57836ed7498edbb88acea098", "type": "user", "user": {"gender": "male", "id": "5406597", "photo": {"prefix": "https://igx.4sqi.net/img/user/", "suffix": "/5406597-OQPKWR5ET4QO5EMC.jpg"}, "firstName": "Aaron", "lastName": "Wong"}}]}, {"reasons": {"items": [{"reasonName": "globalInteractionReason", "summary": "This spot is popular", "type": "general"}], "count": 0}, "venue": {"hereNow": {"groups": [], "summary": "Nobody here", "count": 0}, "contact": {}, "photos": {"groups": [], "count": 0}, "name": "Pin Si \u54c1\u98df", "allowMenuUrlEdit": true, "beenHere": {"lastCheckinExpiredAt": 0, "count": 0, "marked": false}, "stats": {"checkinsCount": 65, "usersCount": 57, "tipCount": 1}, "id": "5730779a498ea744e66b7883", "categories": [{"pluralName": "Chinese Restaurants", "id": "4bf58dd8d48988d145941735", "primary": true, "icon": {"prefix": "https://ss3.4sqi.net/img/categories_v2/food/asian_", "suffix": ".png"}, "name": "Chinese Restaurant", "shortName": "Chinese"}], "location": {"formattedAddress": ["9 Sentul Crescent", "828654", "Singapore"], "postalCode": "828654", "lat": 1.4100562, "lng": 103.90576, "distance": 762, "country": "Singapore", "cc": "SG", "address": "9 Sentul Crescent", "labeledLatLngs": [{"lng": 103.90576, "label": "display", "lat": 1.4100562}]}, "verified": false, "price": {"tier": 1, "currency": "$", "message": "Cheap"}}, "referralId": "e-3-5730779a498ea744e66b7883-15", "tips": [{"id": "592f56c3f427de1192b3fea6", "text": "Food quality & services are above average level. Ambience good", "disagreeCount": 0, "createdAt": 1496274627, "logView": true, "todo": {"count": 0}, "agreeCount": 0, "canonicalUrl": "https://foursquare.com/item/592f56c3f427de1192b3fea6", "type": "user", "user": {"gender": "male", "id": "425687593", "photo": {"prefix": "https://igx.4sqi.net/img/user/", "suffix": "/425687593_dIo2b6Lq_B0uUumbDzUwPPS0dCQb8RZOygHlQVkKhNUKHlb2_ZoLfrZrEEY6TXRjgSbOAnep9.jpg"}, "firstName": "Wong", "lastName": "Heng Cheong"}}]}, {"reasons": {"items": [{"reasonName": "globalInteractionReason", "summary": "This spot is popular", "type": "general"}], "count": 0}, "venue": {"hereNow": {"groups": [{"items": [], "name": "Other people here", "count": 1, "type": "others"}], "summary": "One other person is here", "count": 1}, "contact": {"phone": "+6567027072", "formattedPhone": "+65 6702 7072"}, "photos": {"groups": [], "count": 0}, "name": "Trunk at Bay", "allowMenuUrlEdit": true, "beenHere": {"lastCheckinExpiredAt": 0, "count": 0, "marked": false}, "stats": {"checkinsCount": 182, "usersCount": 134, "tipCount": 6}, "id": "53f09cc3498e9da930879cc9", "categories": [{"pluralName": "Thai Restaurants", "id": "4bf58dd8d48988d149941735", "primary": true, "icon": {"prefix": "https://ss3.4sqi.net/img/categories_v2/food/thai_", "suffix": ".png"}, "name": "Thai Restaurant", "shortName": "Thai"}], "location": {"lng": 103.91226077544644, "formattedAddress": ["#02-06, The Punggol Settlement (3 Punggol Point Rd.)", "828694", "Singapore"], "postalCode": "828694", "lat": 1.420871015355846, "crossStreet": "3 Punggol Point Rd.", "country": "Singapore", "distance": 768, "city": "Singapore", "cc": "SG", "address": "#02-06, The Punggol Settlement", "labeledLatLngs": [{"lng": 103.91226077544644, "label": "display", "lat": 1.420871015355846}]}, "verified": false, "price": {"tier": 2, "currency": "$", "message": "Moderate"}}, "referralId": "e-3-53f09cc3498e9da930879cc9-16", "tips": [{"id": "56dd78d9498e9c62d662b18d", "text": "Food is passable. Small portions for the price though. Thai iced tea is diluted. Green curry is diluted. Basil beef can afford to have more meat for the price. Ambience is nice though.", "disagreeCount": 0, "createdAt": 1457354969, "logView": true, "todo": {"count": 0}, "agreeCount": 0, "canonicalUrl": "https://foursquare.com/item/56dd78d9498e9c62d662b18d", "type": "user", "user": {"gender": "male", "id": "1919121", "photo": {"prefix": "https://igx.4sqi.net/img/user/", "suffix": "/SNZ12JZRBSIXRJHH.jpg"}, "firstName": "shawn", "lastName": "chin"}}]}, {"reasons": {"items": [{"reasonName": "globalInteractionReason", "summary": "This spot is popular", "type": "general"}], "count": 0}, "venue": {"hereNow": {"groups": [], "summary": "Nobody here", "count": 0}, "contact": {}, "photos": {"groups": [], "count": 0}, "name": "Leong Ji Signatures", "allowMenuUrlEdit": true, "beenHere": {"lastCheckinExpiredAt": 0, "count": 0, "marked": false}, "stats": {"checkinsCount": 81, "usersCount": 63, "tipCount": 0}, "id": "55476550498eb2d80b108e40", "categories": [{"pluralName": "Chinese Restaurants", "id": "4bf58dd8d48988d145941735", "primary": true, "icon": {"prefix": "https://ss3.4sqi.net/img/categories_v2/food/asian_", "suffix": ".png"}, "name": "Chinese Restaurant", "shortName": "Chinese"}], "location": {"formattedAddress": ["3 Punggol Point Rd, #02-10, The Punggol Settlement", "828694", "Singapore"], "postalCode": "828694", "lat": 1.4206769153601704, "lng": 103.91251566680404, "state": "Singapore", "distance": 779, "country": "Singapore", "cc": "SG", "address": "3 Punggol Point Rd, #02-10, The Punggol Settlement", "labeledLatLngs": [{"lng": 103.91251566680404, "label": "display", "lat": 1.4206769153601704}]}, "verified": false, "price": {"tier": 1, "currency": "$", "message": "Cheap"}}, "referralId": "e-3-55476550498eb2d80b108e40-17"}, {"reasons": {"items": [{"reasonName": "globalInteractionReason", "summary": "This spot is popular", "type": "general"}], "count": 0}, "venue": {"id": "5814548f38fa8201ac978df4", "hereNow": {"groups": [], "summary": "Nobody here", "count": 0}, "contact": {}, "beenHere": {"lastCheckinExpiredAt": 0, "count": 0, "marked": false}, "photos": {"groups": [], "count": 0}, "name": "Fusion Mookata @ Punggol", "location": {"formattedAddress": ["3 Punggol Point Rd", "Singapore"], "lat": 1.420652, "lng": 103.912666, "distance": 792, "country": "Singapore", "cc": "SG", "address": "3 Punggol Point Rd", "labeledLatLngs": [{"lng": 103.912666, "label": "display", "lat": 1.420652}]}, "allowMenuUrlEdit": true, "verified": false, "categories": [{"pluralName": "Bistros", "id": "52e81612bcbc57f1066b79f1", "primary": true, "icon": {"prefix": "https://ss3.4sqi.net/img/categories_v2/food/default_", "suffix": ".png"}, "name": "Bistro", "shortName": "Bistro"}], "stats": {"checkinsCount": 46, "usersCount": 38, "tipCount": 1}}, "referralId": "e-3-5814548f38fa8201ac978df4-18", "tips": [{"id": "584d4c9e7220e6426a98f006", "text": "Wagyu beef is a must try!!!", "disagreeCount": 0, "createdAt": 1481460894, "logView": true, "todo": {"count": 0}, "agreeCount": 0, "canonicalUrl": "https://foursquare.com/item/584d4c9e7220e6426a98f006", "type": "user", "user": {"gender": "female", "id": "2759134", "photo": {"prefix": "https://igx.4sqi.net/img/user/", "suffix": "/RIOJZC1TARUG1TIT.jpg"}, "firstName": "Liping", "lastName": "Lim"}}]}, {"reasons": {"items": [{"reasonName": "globalInteractionReason", "summary": "This spot is popular", "type": "general"}], "count": 0}, "venue": {"contact": {"phone": "+6567027370", "formattedPhone": "+65 6702 7370"}, "photos": {"groups": [], "count": 0}, "rating": 5.4, "name": "Just The Place European Bistro", "ratingSignals": 13, "allowMenuUrlEdit": true, "categories": [{"pluralName": "Modern European Restaurants", "id": "52e81612bcbc57f1066b79f9", "primary": true, "icon": {"prefix": "https://ss3.4sqi.net/img/categories_v2/food/default_", "suffix": ".png"}, "name": "Modern European Restaurant", "shortName": "Modern European"}], "stats": {"checkinsCount": 161, "usersCount": 137, "tipCount": 5}, "id": "548c24a3498e7b9f35d3980d", "beenHere": {"lastCheckinExpiredAt": 0, "count": 0, "marked": false}, "ratingColor": "FF9600", "location": {"formattedAddress": ["3 Punggol Point Rd #02-07/08", "828694", "Singapore"], "postalCode": "828694", "lat": 1.4207737913072231, "lng": 103.91239105319222, "country": "Singapore", "distance": 773, "city": "Singapore", "cc": "SG", "address": "3 Punggol Point Rd #02-07/08", "labeledLatLngs": [{"lng": 103.91239105319222, "label": "display", "lat": 1.4207737913072231}]}, "hours": {"isLocalHoliday": false, "isOpen": false, "status": "Closed until 5:00 PM tomorrow"}, "verified": false, "hereNow": {"groups": [], "summary": "Nobody here", "count": 0}}, "referralId": "e-3-548c24a3498e7b9f35d3980d-19", "tips": [{"id": "57a9c062498ed9a9c5abb704", "text": "NOT the place to eat. We came on Natl Day and the food would take a while. After 20 min, no drinks served n the soup ran out. Tables after us got their food first too. Drink had fly on the lemon.", "disagreeCount": 0, "createdAt": 1470742626, "logView": true, "todo": {"count": 0}, "agreeCount": 0, "canonicalUrl": "https://foursquare.com/item/57a9c062498ed9a9c5abb704", "type": "user", "user": {"id": "5718691", "photo": {"prefix": "https://igx.4sqi.net/img/user/", "suffix": "/5718691-TSMBACA0YCKWULNH.jpg"}, "firstName": "TheDebbieJude", "gender": "female"}}]}, {"reasons": {"items": [{"reasonName": "globalInteractionReason", "summary": "This spot is popular", "type": "general"}], "count": 0}, "venue": {"hereNow": {"groups": [], "summary": "Nobody here", "count": 0}, "contact": {}, "photos": {"groups": [], "count": 0}, "rating": 4.9, "name": "\u91d1\u9686 Jing Long Seafood Restaurant (Punggol Settlement)", "ratingSignals": 18, "allowMenuUrlEdit": true, "categories": [{"pluralName": "Seafood Restaurants", "id": "4bf58dd8d48988d1ce941735", "primary": true, "icon": {"prefix": "https://ss3.4sqi.net/img/categories_v2/food/seafood_", "suffix": ".png"}, "name": "Seafood Restaurant", "shortName": "Seafood"}], "stats": {"checkinsCount": 272, "usersCount": 238, "tipCount": 12}, "id": "53ca5fb2498e5dff6166e00c", "beenHere": {"lastCheckinExpiredAt": 0, "count": 0, "marked": false}, "ratingColor": "FF6701", "location": {"lng": 103.91207951965823, "formattedAddress": ["#01-03/04/05, The Punggol Settlement (3 Punggol Point Rd.)", "Singapore"], "lat": 1.420805457342542, "crossStreet": "3 Punggol Point Rd.", "country": "Singapore", "distance": 747, "city": "Singapore", "cc": "SG", "address": "#01-03/04/05, The Punggol Settlement", "labeledLatLngs": [{"lng": 103.91207951965823, "label": "display", "lat": 1.420805457342542}]}, "hours": {"isLocalHoliday": false, "isOpen": true, "status": "Likely open"}, "verified": false, "price": {"tier": 3, "currency": "$", "message": "Expensive"}}, "referralId": "e-3-53ca5fb2498e5dff6166e00c-20", "tips": [{"id": "53d62b5d498ef403038c5b5f", "text": "Lobster porridge, cooked in claypot with a rich-flavored broth. \ud83d\udc4d", "disagreeCount": 0, "logView": true, "createdAt": 1406544733, "likes": {"groups": [], "summary": "1 like", "count": 1}, "todo": {"count": 0}, "agreeCount": 1, "canonicalUrl": "https://foursquare.com/item/53d62b5d498ef403038c5b5f", "type": "user", "user": {"gender": "male", "id": "1626016", "photo": {"prefix": "https://igx.4sqi.net/img/user/", "suffix": "/MYN5XG30AFXLSVKA.jpg"}, "firstName": "Alfred", "lastName": "Tay"}}]}], "name": "recommended", "type": "Recommended Places"}], "query": "food", "headerLocation": "Punggol"}}