{"meta": {"code": 200, "requestId": "595a3a35351e3d64b428d396"}, "response": {"suggestedFilters": {"filters": [{"name": "Open now", "key": "openNow"}], "header": "Tap to show:"}, "totalResults": 64, "headerFullLocation": "Punggol, Singapore", "headerLocationGranularity": "neighborhood", "suggestedBounds": {"ne": {"lng": 103.90750256409235, "lat": 1.4190704656532271}, "sw": {"lng": 103.89312507125364, "lat": 1.4046704512532129}}, "groups": [{"items": [{"reasons": {"items": [{"reasonName": "globalInteractionReason", "summary": "This spot is popular", "type": "general"}], "count": 0}, "venue": {"contact": {"phone": "+6563860602", "formattedPhone": "+65 6386 0602"}, "photos": {"groups": [], "count": 0}, "rating": 7.2, "name": "SAKANA", "ratingSignals": 8, "allowMenuUrlEdit": true, "categories": [{"pluralName": "Japanese Curry Restaurants", "id": "55a59bace4b013909087cb30", "primary": true, "icon": {"prefix": "https://ss3.4sqi.net/img/categories_v2/food/default_", "suffix": ".png"}, "name": "Japanese Curry Restaurant", "shortName": "Japanese Curry"}], "stats": {"checkinsCount": 165, "usersCount": 141, "tipCount": 3}, "id": "56e163c6cd10a026f3cfe26f", "beenHere": {"lastCheckinExpiredAt": 0, "count": 0, "marked": false}, "ratingColor": "C5DE35", "location": {"lat": 1.4065609693698418, "distance": 629, "country": "Singapore", "cc": "SG", "crossStreet": "82 Punggol Ctrl", "formattedAddress": ["Waterway Point (82 Punggol Ctrl)", "828761", "Singapore"], "city": "Punggol", "lng": 103.90226940777596, "state": "North East Community Development Region", "labeledLatLngs": [{"lng": 103.90226940777596, "label": "display", "lat": 1.4065609693698418}], "address": "Waterway Point", "postalCode": "828761"}, "verified": false, "hereNow": {"groups": [], "summary": "Nobody here", "count": 0}}, "referralId": "e-3-56e163c6cd10a026f3cfe26f-0", "tips": [{"id": "56ff8e5f498ea0ecc0704569", "text": "Love the waffles", "disagreeCount": 0, "logView": true, "createdAt": 1459588703, "likes": {"groups": [], "summary": "1 like", "count": 1}, "todo": {"count": 0}, "agreeCount": 1, "canonicalUrl": "https://foursquare.com/item/56ff8e5f498ea0ecc0704569", "type": "user", "user": {"gender": "male", "id": "4728408", "photo": {"prefix": "https://igx.4sqi.net/img/user/", "suffix": "/MB2KXL403VTN0ZDF.jpg"}, "firstName": "Donald", "lastName": "Kee"}}]}, {"reasons": {"items": [{"reasonName": "globalInteractionReason", "summary": "This spot is popular", "type": "general"}], "count": 0}, "venue": {"hereNow": {"groups": [], "summary": "Nobody here", "count": 0}, "contact": {"phone": "+6563847767", "formattedPhone": "+65 6384 7767"}, "photos": {"groups": [], "count": 0}, "rating": 6.9, "name": "Din Tai Fung \u9f0e\u6cf0\u8c50", "ratingSignals": 12, "allowMenuUrlEdit": true, "categories": [{"pluralName": "Chinese Restaurants", "id": "4bf58dd8d48988d145941735", "primary": true, "icon": {"prefix": "https://ss3.4sqi.net/img/categories_v2/food/asian_", "suffix": ".png"}, "name": "Chinese Restaurant", "shortName": "Chinese"}], "stats": {"checkinsCount": 567, "usersCount": 386, "tipCount": 3}, "id": "56ab4d10498e6a94992b4cfc", "beenHere": {"lastCheckinExpiredAt": 0, "count": 0, "marked": false}, "ratingColor": "FFC800", "location": {"lng": 103.90200887165769, "formattedAddress": ["Waterway Point (83 Punggol Central)", "828761", "Singapore"], "postalCode": "828761", "lat": 1.406329044469132, "crossStreet": "83 Punggol Central", "country": "Singapore", "distance": 645, "city": "Singapore", "cc": "SG", "address": "Waterway Point", "labeledLatLngs": [{"lng": 103.90200887165769, "label": "display", "lat": 1.406329044469132}]}, "hours": {"isLocalHoliday": false, "isOpen": true, "status": "Likely open"}, "verified": false, "price": {"tier": 1, "currency": "$", "message": "Cheap"}}, "referralId": "e-3-56ab4d10498e6a94992b4cfc-1", "tips": [{"id": "59200a08f79faa1845cff4cb", "text": "Consistently good quality across the different outlets!", "disagreeCount": 0, "createdAt": 1495271944, "logView": true, "todo": {"count": 0}, "agreeCount": 0, "canonicalUrl": "https://foursquare.com/item/59200a08f79faa1845cff4cb", "type": "user", "user": {"gender": "male", "id": "60488898", "photo": {"prefix": "https://igx.4sqi.net/img/user/", "suffix": "/QF5C4VI3UEXY1RZE.jpg"}, "firstName": "Kenny", "lastName": "Low"}}]}, {"reasons": {"items": [{"reasonName": "globalInteractionReason", "summary": "This spot is popular", "type": "general"}], "count": 0}, "venue": {"hereNow": {"groups": [], "summary": "Nobody here", "count": 0}, "contact": {}, "photos": {"groups": [], "count": 0}, "rating": 6.9, "name": "Genki Sushi", "ratingSignals": 8, "allowMenuUrlEdit": true, "categories": [{"pluralName": "Sushi Restaurants", "id": "4bf58dd8d48988d1d2941735", "primary": true, "icon": {"prefix": "https://ss3.4sqi.net/img/categories_v2/food/sushi_", "suffix": ".png"}, "name": "Sushi Restaurant", "shortName": "Sushi"}], "stats": {"checkinsCount": 684, "usersCount": 399, "tipCount": 4}, "id": "56f52fd3498efedacf8872a7", "beenHere": {"lastCheckinExpiredAt": 0, "count": 0, "marked": false}, "ratingColor": "FFC800", "location": {"formattedAddress": ["#02-23 Waterway Point (West wing)", "828761", "Singapore"], "postalCode": "828761", "lat": 1.4061714018279825, "lng": 103.90208250137998, "distance": 664, "country": "Singapore", "cc": "SG", "address": "#02-23 Waterway Point (West wing)", "labeledLatLngs": [{"lng": 103.90208250137998, "label": "display", "lat": 1.4061714018279825}]}, "hours": {"isLocalHoliday": false, "isOpen": true, "status": "Likely open"}, "verified": false, "price": {"tier": 2, "currency": "$", "message": "Moderate"}}, "referralId": "e-3-56f52fd3498efedacf8872a7-2", "tips": [{"id": "57c2c0ec498ea5a18c44c214", "text": "Queues on a Sunday evening are quite long!", "disagreeCount": 0, "createdAt": 1472381164, "logView": true, "todo": {"count": 0}, "agreeCount": 0, "canonicalUrl": "https://foursquare.com/item/57c2c0ec498ea5a18c44c214", "type": "user", "user": {"gender": "male", "id": "57919540", "photo": {"prefix": "https://igx.4sqi.net/img/user/", "suffix": "/1C0DEHMH0TXDZEYT.jpg"}, "firstName": "Thomas", "lastName": "Bridge"}}]}, {"reasons": {"items": [{"reasonName": "globalInteractionReason", "summary": "This spot is popular", "type": "general"}], "count": 0}, "venue": {"contact": {}, "photos": {"groups": [], "count": 0}, "rating": 6.5, "name": "Cookhouse by Koufu", "ratingSignals": 18, "allowMenuUrlEdit": true, "categories": [{"pluralName": "Food Courts", "id": "4bf58dd8d48988d120951735", "primary": true, "icon": {"prefix": "https://ss3.4sqi.net/img/categories_v2/shops/food_foodcourt_", "suffix": ".png"}, "name": "Food Court", "shortName": "Food Court"}], "stats": {"checkinsCount": 886, "usersCount": 307, "tipCount": 5}, "id": "56a07f70498e2c0eaa62d60f", "beenHere": {"lastCheckinExpiredAt": 0, "count": 0, "marked": false}, "ratingColor": "FFC800", "location": {"lng": 103.90188426760248, "formattedAddress": ["#02-20, Waterway Point (83 Punggol Central)", "828761", "Singapore"], "postalCode": "828761", "lat": 1.4071401237795227, "crossStreet": "83 Punggol Central", "country": "Singapore", "distance": 554, "city": "Singapore", "cc": "SG", "address": "#02-20, Waterway Point", "labeledLatLngs": [{"lng": 103.90188426760248, "label": "display", "lat": 1.4071401237795227}]}, "hours": {"isLocalHoliday": false, "isOpen": true, "status": "Likely open"}, "verified": false, "hereNow": {"groups": [], "summary": "Nobody here", "count": 0}}, "referralId": "e-3-56a07f70498e2c0eaa62d60f-3", "tips": [{"id": "593aacfae57ca65bb66006f7", "text": "Food was inexpensive for a mall. Nice views near the windows. Crowded though!", "disagreeCount": 0, "createdAt": 1497017594, "logView": true, "todo": {"count": 0}, "agreeCount": 0, "canonicalUrl": "https://foursquare.com/item/593aacfae57ca65bb66006f7", "type": "user", "user": {"gender": "male", "id": "60488898", "photo": {"prefix": "https://igx.4sqi.net/img/user/", "suffix": "/QF5C4VI3UEXY1RZE.jpg"}, "firstName": "Kenny", "lastName": "Low"}}]}, {"reasons": {"items": [{"reasonName": "globalInteractionReason", "summary": "This spot is popular", "type": "general"}], "count": 0}, "venue": {"hereNow": {"groups": [], "summary": "Nobody here", "count": 0}, "contact": {}, "photos": {"groups": [], "count": 0}, "rating": 6.4, "name": "The R\u00f6sti Farm", "ratingSignals": 11, "allowMenuUrlEdit": true, "categories": [{"pluralName": "Swiss Restaurants", "id": "4bf58dd8d48988d158941735", "primary": true, "icon": {"prefix": "https://ss3.4sqi.net/img/categories_v2/food/swiss_", "suffix": ".png"}, "name": "Swiss Restaurant", "shortName": "Swiss"}], "stats": {"checkinsCount": 190, "usersCount": 114, "tipCount": 4}, "id": "56a0a2bc498e1651fd0c864a", "beenHere": {"lastCheckinExpiredAt": 0, "count": 0, "marked": false}, "ratingColor": "FFC800", "location": {"lng": 103.90243932290282, "formattedAddress": ["Waterway Point (83 Punggol Central)", "Singapore"], "lat": 1.406972142999176, "crossStreet": "83 Punggol Central", "country": "Singapore", "distance": 594, "city": "Singapore", "cc": "SG", "address": "Waterway Point", "labeledLatLngs": [{"lng": 103.90243932290282, "label": "display", "lat": 1.406972142999176}]}, "verified": false, "price": {"tier": 3, "currency": "$", "message": "Expensive"}}, "referralId": "e-3-56a0a2bc498e1651fd0c864a-4", "tips": [{"logView": true, "photo": {"id": "57131ca7498e21b5d0c0214c", "visibility": "public", "source": {"name": "Foursquare for Android", "url": "https://foursquare.com/download/#/android"}, "suffix": "/48012231_frf96kwRlka6eFsgWPqb_cycfIylTrudAGC-f1i-feY.jpg", "createdAt": 1460870311, "prefix": "https://igx.4sqi.net/img/general/", "width": 5312, "height": 2988}, "createdAt": 1460870306, "todo": {"count": 0}, "agreeCount": 1, "likes": {"groups": [], "summary": "1 like", "count": 1}, "id": "57131ca2498ecfc33f67d5dd", "text": "You already served pork, but Why have you need to served TURKEY BACON? use Pork Bacon please...", "disagreeCount": 0, "user": {"gender": "male", "id": "48012231", "photo": {"prefix": "https://igx.4sqi.net/img/user/", "suffix": "/ZTAJX3XO2ME0FDTL.jpg"}, "firstName": "Wesley", "lastName": "Tam"}, "canonicalUrl": "https://foursquare.com/item/57131ca2498ecfc33f67d5dd", "type": "user", "photourl": "https://igx.4sqi.net/img/general/original/48012231_frf96kwRlka6eFsgWPqb_cycfIylTrudAGC-f1i-feY.jpg"}]}, {"reasons": {"items": [{"reasonName": "globalInteractionReason", "summary": "This spot is popular", "type": "general"}], "count": 0}, "venue": {"hereNow": {"groups": [], "summary": "Nobody here", "count": 0}, "contact": {}, "photos": {"groups": [], "count": 0}, "rating": 6.3, "name": "Subway", "ratingSignals": 0, "allowMenuUrlEdit": true, "categories": [{"pluralName": "Sandwich Places", "id": "4bf58dd8d48988d1c5941735", "primary": true, "icon": {"prefix": "https://ss3.4sqi.net/img/categories_v2/food/deli_", "suffix": ".png"}, "name": "Sandwich Place", "shortName": "Sandwiches"}], "stats": {"checkinsCount": 59, "usersCount": 40, "tipCount": 0}, "id": "56a2f460498e17284dfdeea7", "beenHere": {"lastCheckinExpiredAt": 0, "count": 0, "marked": false}, "ratingColor": "FFC800", "location": {"lng": 103.90239967602103, "formattedAddress": ["Waterway Point (83 Punggol Central)", "Singapore"], "lat": 1.4069857857559616, "crossStreet": "83 Punggol Central", "country": "Singapore", "distance": 591, "city": "Singapore", "cc": "SG", "address": "Waterway Point", "labeledLatLngs": [{"lng": 103.90239967602103, "label": "display", "lat": 1.4069857857559616}]}, "verified": false, "price": {"tier": 1, "currency": "$", "message": "Cheap"}}, "referralId": "e-3-56a2f460498e17284dfdeea7-5"}, {"reasons": {"items": [{"reasonName": "globalInteractionReason", "summary": "This spot is popular", "type": "general"}], "count": 0}, "venue": {"hereNow": {"groups": [], "summary": "Nobody here", "count": 0}, "contact": {}, "photos": {"groups": [], "count": 0}, "rating": 6.3, "name": "Burger Up", "ratingSignals": 10, "allowMenuUrlEdit": true, "categories": [{"pluralName": "Burger Joints", "id": "4bf58dd8d48988d16c941735", "primary": true, "icon": {"prefix": "https://ss3.4sqi.net/img/categories_v2/food/burger_", "suffix": ".png"}, "name": "Burger Joint", "shortName": "Burgers"}], "stats": {"checkinsCount": 508, "usersCount": 291, "tipCount": 1}, "id": "569cd292498e49ebb3e60f5b", "beenHere": {"lastCheckinExpiredAt": 0, "count": 0, "marked": false}, "ratingColor": "FFC800", "location": {"lng": 103.90236569298862, "formattedAddress": ["Waterway Point (83 Punggol Central)", "Singapore"], "lat": 1.4069267015714597, "crossStreet": "83 Punggol Central", "country": "Singapore", "distance": 595, "city": "Singapore", "cc": "SG", "address": "Waterway Point", "labeledLatLngs": [{"lng": 103.90236569298862, "label": "display", "lat": 1.4069267015714597}]}, "hours": {"isLocalHoliday": false, "isOpen": true, "status": "Open until Midnight"}, "verified": false, "price": {"tier": 1, "currency": "$", "message": "Cheap"}}, "referralId": "e-3-569cd292498e49ebb3e60f5b-6", "tips": [{"id": "58ec422b9411f2385e6ac344", "text": "Singaporean brand. Wanted to try. Was a little disappointed compared to Burger King and Carl's Jr", "disagreeCount": 0, "createdAt": 1491878443, "logView": true, "todo": {"count": 0}, "agreeCount": 0, "canonicalUrl": "https://foursquare.com/item/58ec422b9411f2385e6ac344", "type": "user", "user": {"gender": "male", "id": "11300790", "photo": {"prefix": "https://igx.4sqi.net/img/user/", "suffix": "/Q0KN41XVEDK5YUWM.jpg"}, "firstName": "Deepak", "lastName": "Chander"}}]}, {"reasons": {"items": [{"reasonName": "globalInteractionReason", "summary": "This spot is popular", "type": "general"}], "count": 0}, "venue": {"hereNow": {"groups": [], "summary": "Nobody here", "count": 0}, "contact": {"phone": "+6563856275", "formattedPhone": "+65 6385 6275"}, "photos": {"groups": [], "count": 0}, "rating": 6.4, "name": "McDonald's", "ratingSignals": 7, "allowMenuUrlEdit": true, "categories": [{"pluralName": "Fast Food Restaurants", "id": "4bf58dd8d48988d16e941735", "primary": true, "icon": {"prefix": "https://ss3.4sqi.net/img/categories_v2/food/fastfood_", "suffix": ".png"}, "name": "Fast Food Restaurant", "shortName": "Fast Food"}], "stats": {"checkinsCount": 394, "usersCount": 200, "tipCount": 3}, "id": "57369448498e45f1decf154c", "beenHere": {"lastCheckinExpiredAt": 0, "count": 0, "marked": false}, "ratingColor": "FFC800", "location": {"lng": 103.906063, "formattedAddress": ["#03-05, SAFRA Punggol (9 Sentul Crescent)", "828654", "Singapore"], "postalCode": "828654", "lat": 1.410171, "crossStreet": "9 Sentul Crescent", "country": "Singapore", "distance": 667, "city": "Singapore", "cc": "SG", "address": "#03-05, SAFRA Punggol", "labeledLatLngs": [{"lng": 103.906063, "label": "display", "lat": 1.410171}]}, "verified": false, "price": {"tier": 1, "currency": "$", "message": "Cheap"}}, "referralId": "e-3-57369448498e45f1decf154c-7", "tips": [{"id": "57821cec498e8229b19269ab", "text": "Quiet and few customers. Safra members ordering through the kiosk get specials such as free apple pies", "disagreeCount": 0, "createdAt": 1468144876, "logView": true, "todo": {"count": 0}, "agreeCount": 0, "canonicalUrl": "https://foursquare.com/item/57821cec498e8229b19269ab", "type": "user", "user": {"gender": "none", "id": "4077008", "photo": {"prefix": "https://igx.4sqi.net/img/user/", "suffix": "/1F5LS2APNG03Y3KD.jpg"}, "firstName": "Tian-An", "lastName": "Tan"}}]}, {"reasons": {"items": [{"reasonName": "globalInteractionReason", "summary": "This spot is popular", "type": "general"}], "count": 0}, "venue": {"hereNow": {"groups": [], "summary": "Nobody here", "count": 0}, "contact": {"phone": "+6563857853", "formattedPhone": "+65 6385 7853"}, "photos": {"groups": [], "count": 0}, "rating": 6.2, "name": "McDonald's / McCafe", "ratingSignals": 16, "allowMenuUrlEdit": true, "categories": [{"pluralName": "Fast Food Restaurants", "id": "4bf58dd8d48988d16e941735", "primary": true, "icon": {"prefix": "https://ss3.4sqi.net/img/categories_v2/food/fastfood_", "suffix": ".png"}, "name": "Fast Food Restaurant", "shortName": "Fast Food"}], "stats": {"checkinsCount": 920, "usersCount": 367, "tipCount": 5}, "id": "569c5b32498e2d32d7192dd4", "beenHere": {"lastCheckinExpiredAt": 0, "count": 0, "marked": false}, "url": "https://www.mcdonalds.com.sg", "ratingColor": "FFC800", "location": {"lng": 103.90225241627488, "formattedAddress": ["#B2-07, Waterway Point (83 Punggol Central)", "828761", "Singapore"], "postalCode": "828761", "lat": 1.4070894855021672, "crossStreet": "83 Punggol Central", "country": "Singapore", "distance": 574, "city": "Singapore", "cc": "SG", "address": "#B2-07, Waterway Point", "labeledLatLngs": [{"lng": 103.90225241627488, "label": "display", "lat": 1.4070894855021672}]}, "hours": {"isLocalHoliday": false, "isOpen": true, "status": "Likely open"}, "verified": false, "price": {"tier": 1, "currency": "$", "message": "Cheap"}}, "referralId": "e-3-569c5b32498e2d32d7192dd4-8", "tips": [{"id": "5774c9b3498edacb84e00d9c", "text": "The salted egg yolk chicken burger promises all taste but no mess. The generous curry leaves are complemented by the flavorful salt-pepper crab fries, banishing the pseudo-truffle debacle forever.", "disagreeCount": 0, "createdAt": 1467271603, "logView": true, "todo": {"count": 0}, "agreeCount": 1, "canonicalUrl": "https://foursquare.com/item/5774c9b3498edacb84e00d9c", "type": "user", "user": {"gender": "male", "id": "5406597", "photo": {"prefix": "https://igx.4sqi.net/img/user/", "suffix": "/5406597-OQPKWR5ET4QO5EMC.jpg"}, "firstName": "Aaron", "lastName": "Wong"}}]}, {"reasons": {"items": [{"reasonName": "globalInteractionReason", "summary": "This spot is popular", "type": "general"}], "count": 0}, "venue": {"hereNow": {"groups": [], "summary": "Nobody here", "count": 0}, "contact": {}, "photos": {"groups": [], "count": 0}, "rating": 6.2, "name": "So Pho", "ratingSignals": 9, "allowMenuUrlEdit": true, "categories": [{"pluralName": "Vietnamese Restaurants", "id": "4bf58dd8d48988d14a941735", "primary": true, "icon": {"prefix": "https://ss3.4sqi.net/img/categories_v2/food/vietnamese_", "suffix": ".png"}, "name": "Vietnamese Restaurant", "shortName": "Vietnamese"}], "stats": {"checkinsCount": 184, "usersCount": 136, "tipCount": 2}, "id": "56a1fec5498ed9b2aff85a87", "beenHere": {"lastCheckinExpiredAt": 0, "count": 0, "marked": false}, "ratingColor": "FFC800", "location": {"lng": 103.90237702066517, "formattedAddress": ["Waterway Point (83 Punggol Central)", "Singapore"], "lat": 1.4070504155769126, "crossStreet": "83 Punggol Central", "country": "Singapore", "distance": 583, "city": "Singapore", "cc": "SG", "address": "Waterway Point", "labeledLatLngs": [{"lng": 103.90237702066517, "label": "display", "lat": 1.4070504155769126}]}, "verified": false, "price": {"tier": 2, "currency": "$", "message": "Moderate"}}, "referralId": "e-3-56a1fec5498ed9b2aff85a87-9", "tips": [{"logView": true, "photo": {"id": "573c675c498e3dd6421e7245", "visibility": "public", "source": {"name": "Foursquare for iOS", "url": "https://foursquare.com/download/#/iphone"}, "suffix": "/41592274_ScWT21AZJgDjh77kHFNBOim3Kd2YbGZ_P5C-uLRLEn0.jpg", "createdAt": 1463576412, "prefix": "https://igx.4sqi.net/img/general/", "width": 1920, "height": 1440}, "createdAt": 1463576409, "agreeCount": 0, "id": "573c6759498e6ee312515aa9", "text": "Servers are all very polite. Food comes fast and worth the money. Floor to ceiling windows so can see the view outside and won't feel so claustrophobia here :D", "type": "user", "disagreeCount": 0, "user": {"gender": "female", "id": "41592274", "photo": {"prefix": "https://igx.4sqi.net/img/user/", "suffix": "/41592274-5Y3KXF4YO4FFHLUD.jpg"}, "firstName": "TsuiRen", "lastName": "Clover"}, "canonicalUrl": "https://foursquare.com/item/573c6759498e6ee312515aa9", "todo": {"count": 0}, "photourl": "https://igx.4sqi.net/img/general/original/41592274_ScWT21AZJgDjh77kHFNBOim3Kd2YbGZ_P5C-uLRLEn0.jpg"}]}, {"reasons": {"items": [{"reasonName": "globalInteractionReason", "summary": "This spot is popular", "type": "general"}], "count": 0}, "venue": {"hereNow": {"groups": [], "summary": "Nobody here", "count": 0}, "contact": {"facebook": "985590261532798", "facebookName": "Buddy Hoagies Waterway Point", "phone": "+6563858328", "formattedPhone": "+65 6385 8328"}, "photos": {"groups": [], "count": 0}, "rating": 6.1, "name": "Buddy Hoagies Caf\u00e9 & Grill", "ratingSignals": 11, "allowMenuUrlEdit": true, "categories": [{"pluralName": "American Restaurants", "id": "4bf58dd8d48988d14e941735", "primary": true, "icon": {"prefix": "https://ss3.4sqi.net/img/categories_v2/food/default_", "suffix": ".png"}, "name": "American Restaurant", "shortName": "American"}], "stats": {"checkinsCount": 449, "usersCount": 212, "tipCount": 2}, "id": "56a30e1d498e0d995f0ec5ef", "beenHere": {"lastCheckinExpiredAt": 0, "count": 0, "marked": false}, "url": "http://www.buddyhoagies.com.sg", "ratingColor": "FFC800", "location": {"lng": 103.90211648434209, "formattedAddress": ["#02-22, Waterway Point (83 Punggol Central)", "828761", "Singapore"], "postalCode": "828761", "lat": 1.4064405245376388, "crossStreet": "83 Punggol Central", "country": "Singapore", "distance": 636, "city": "Singapore", "cc": "SG", "address": "#02-22, Waterway Point", "labeledLatLngs": [{"lng": 103.90211648434209, "label": "display", "lat": 1.4064405245376388}]}, "hours": {"isLocalHoliday": false, "isOpen": true, "status": "Likely open"}, "verified": false, "price": {"tier": 2, "currency": "$", "message": "Moderate"}}, "referralId": "e-3-56a30e1d498e0d995f0ec5ef-10", "tips": [{"logView": true, "photo": {"id": "581ec94d6d88112e2c85bd46", "visibility": "public", "source": {"name": "Foursquare for iOS", "url": "https://foursquare.com/download/#/iphone"}, "suffix": "/1312029__Vnwqx7L_yDbmJZm5gQj8Qtk-oxYNO90F4mngIo_KRI.jpg", "createdAt": 1478412621, "prefix": "https://igx.4sqi.net/img/general/", "width": 1920, "height": 1440}, "createdAt": 1478412617, "agreeCount": 0, "id": "581ec94938fa07f18e23b344", "text": "meats were good... but the sides need a lot, i really mean a LOT, of improvements... to much pepper of a mushroom soup, baked potato with just butter?, almost raw garlic on broccoli..", "type": "user", "disagreeCount": 0, "user": {"id": "1312029", "photo": {"prefix": "https://igx.4sqi.net/img/user/", "suffix": "/NWI5OVCWNSZ3L0MS.jpg"}, "firstName": "donn", "gender": "male"}, "canonicalUrl": "https://foursquare.com/item/581ec94938fa07f18e23b344", "todo": {"count": 0}, "photourl": "https://igx.4sqi.net/img/general/original/1312029__Vnwqx7L_yDbmJZm5gQj8Qtk-oxYNO90F4mngIo_KRI.jpg"}]}, {"reasons": {"items": [{"reasonName": "globalInteractionReason", "summary": "This spot is popular", "type": "general"}], "count": 0}, "venue": {"hereNow": {"groups": [], "summary": "Nobody here", "count": 0}, "contact": {}, "photos": {"groups": [], "count": 0}, "rating": 6.0, "name": "Toast Box \u571f\u53f8\u5de5\u574a", "ratingSignals": 8, "allowMenuUrlEdit": true, "categories": [{"pluralName": "Breakfast Spots", "id": "4bf58dd8d48988d143941735", "primary": true, "icon": {"prefix": "https://ss3.4sqi.net/img/categories_v2/food/breakfast_", "suffix": ".png"}, "name": "Breakfast Spot", "shortName": "Breakfast"}], "stats": {"checkinsCount": 183, "usersCount": 105, "tipCount": 3}, "id": "56a58323498e66937eafbfa9", "beenHere": {"lastCheckinExpiredAt": 0, "count": 0, "marked": false}, "ratingColor": "FFC800", "location": {"lng": 103.90239967602103, "formattedAddress": ["Waterway Point (83 Punggol Central)", "Singapore"], "lat": 1.4071373705553476, "crossStreet": "83 Punggol Central", "country": "Singapore", "distance": 575, "city": "Singapore", "cc": "SG", "address": "Waterway Point", "labeledLatLngs": [{"lng": 103.90239967602103, "label": "display", "lat": 1.4071373705553476}]}, "verified": false, "price": {"tier": 1, "currency": "$", "message": "Cheap"}}, "referralId": "e-3-56a58323498e66937eafbfa9-11", "tips": [{"id": "580040f1498e47aa82de9552", "text": "The uncle here is very prompt and helpful!!! Always ready to serve and he's got good initiative! Thumbs up!", "disagreeCount": 0, "createdAt": 1476411633, "logView": true, "todo": {"count": 0}, "agreeCount": 0, "canonicalUrl": "https://foursquare.com/item/580040f1498e47aa82de9552", "type": "user", "user": {"gender": "male", "id": "4861741", "photo": {"prefix": "https://igx.4sqi.net/img/user/", "suffix": "/4861741-2NVUXAT2JV5CR3EB"}, "firstName": "Siang Hwee", "lastName": "Foo"}}]}, {"reasons": {"items": [{"reasonName": "globalInteractionReason", "summary": "This spot is popular", "type": "general"}], "count": 0}, "venue": {"hereNow": {"groups": [], "summary": "Nobody here", "count": 0}, "contact": {}, "photos": {"groups": [], "count": 0}, "rating": 6.0, "name": "KFC", "ratingSignals": 5, "allowMenuUrlEdit": true, "categories": [{"pluralName": "Fried Chicken Joints", "id": "4d4ae6fc7a7b7dea34424761", "primary": true, "icon": {"prefix": "https://ss3.4sqi.net/img/categories_v2/food/friedchicken_", "suffix": ".png"}, "name": "Fried Chicken Joint", "shortName": "Fried Chicken"}], "stats": {"checkinsCount": 342, "usersCount": 200, "tipCount": 2}, "id": "56ab3672498eb95ba219ac9a", "beenHere": {"lastCheckinExpiredAt": 0, "count": 0, "marked": false}, "ratingColor": "FFC800", "location": {"lng": 103.90259791054484, "formattedAddress": ["Waterway Point (83 Punggol Central)", "Singapore"], "lat": 1.4069757614515632, "crossStreet": "83 Punggol Central", "country": "Singapore", "distance": 601, "city": "Singapore", "cc": "SG", "address": "Waterway Point", "labeledLatLngs": [{"lng": 103.90259791054484, "label": "display", "lat": 1.4069757614515632}]}, "hours": {"isLocalHoliday": false, "isOpen": true, "status": "Likely open"}, "verified": false, "price": {"tier": 1, "currency": "$", "message": "Cheap"}}, "referralId": "e-3-56ab3672498eb95ba219ac9a-12", "tips": [{"logView": true, "photo": {"id": "58fa0e12da2e0057239dce2d", "visibility": "public", "source": {"name": "Swarm for iOS", "url": "https://www.swarmapp.com"}, "suffix": "/5406597_qPE2NVzxvGxZLSDEaQLLPdZb8w8cAFe1hzsgHQTP-lA.jpg", "createdAt": 1492782610, "prefix": "https://igx.4sqi.net/img/general/", "width": 1440, "height": 1830}, "createdAt": 1492782764, "agreeCount": 0, "id": "58fa0eac9ba3e578f93859e5", "text": "Gotta try! #rendang #ricebucket #KFC", "type": "user", "disagreeCount": 0, "user": {"gender": "male", "id": "5406597", "photo": {"prefix": "https://igx.4sqi.net/img/user/", "suffix": "/5406597-OQPKWR5ET4QO5EMC.jpg"}, "firstName": "Aaron", "lastName": "Wong"}, "canonicalUrl": "https://foursquare.com/item/58fa0eac9ba3e578f93859e5", "todo": {"count": 0}, "photourl": "https://igx.4sqi.net/img/general/original/5406597_qPE2NVzxvGxZLSDEaQLLPdZb8w8cAFe1hzsgHQTP-lA.jpg"}]}, {"reasons": {"items": [{"reasonName": "globalInteractionReason", "summary": "This spot is popular", "type": "general"}], "count": 0}, "venue": {"hereNow": {"groups": [], "summary": "Nobody here", "count": 0}, "contact": {}, "photos": {"groups": [], "count": 0}, "rating": 5.9, "name": "The Coffee House", "ratingSignals": 10, "allowMenuUrlEdit": true, "categories": [{"pluralName": "Soup Places", "id": "4bf58dd8d48988d1dd931735", "primary": true, "icon": {"prefix": "https://ss3.4sqi.net/img/categories_v2/food/soup_", "suffix": ".png"}, "name": "Soup Place", "shortName": "Soup"}], "stats": {"checkinsCount": 109, "usersCount": 84, "tipCount": 5}, "id": "56d272e5cd10ad699dac4ca9", "beenHere": {"lastCheckinExpiredAt": 0, "count": 0, "marked": false}, "ratingColor": "FF9600", "location": {"lng": 103.902368, "formattedAddress": ["Waterway Point (83 Punggol Central)", "Singapore"], "lat": 1.407035, "crossStreet": "83 Punggol Central", "country": "Singapore", "distance": 584, "city": "Singapore", "cc": "SG", "address": "Waterway Point", "labeledLatLngs": [{"lng": 103.902368, "label": "display", "lat": 1.407035}]}, "verified": false, "price": {"tier": 1, "currency": "$", "message": "Cheap"}}, "referralId": "e-3-56d272e5cd10ad699dac4ca9-13", "tips": [{"id": "5912fa7ca306193db46704c2", "text": "Ordered hokkien mee (they have the audacity to say it's best in Singapore, goodness gracious me). Restaurant price but not even half of good hawker food's quality. Waitress sulky face as well.", "disagreeCount": 0, "createdAt": 1494415996, "logView": true, "todo": {"count": 0}, "agreeCount": 0, "canonicalUrl": "https://foursquare.com/item/5912fa7ca306193db46704c2", "type": "user", "user": {"gender": "male", "id": "11027954", "photo": {"prefix": "https://igx.4sqi.net/img/user/", "suffix": "/F1KEM1E3T3RBAAXZ.jpg"}, "firstName": "Weiwu", "lastName": "Lah"}}]}, {"reasons": {"items": [{"reasonName": "globalInteractionReason", "summary": "This spot is popular", "type": "general"}], "count": 0}, "venue": {"hereNow": {"groups": [], "summary": "Nobody here", "count": 0}, "contact": {"phone": "+6563857961", "formattedPhone": "+65 6385 7961"}, "photos": {"groups": [], "count": 0}, "rating": 6.0, "name": "Cedele", "ratingSignals": 8, "allowMenuUrlEdit": true, "categories": [{"pluralName": "Caf\u00e9s", "id": "4bf58dd8d48988d16d941735", "primary": true, "icon": {"prefix": "https://ss3.4sqi.net/img/categories_v2/food/cafe_", "suffix": ".png"}, "name": "Caf\u00e9", "shortName": "Caf\u00e9"}], "stats": {"checkinsCount": 146, "usersCount": 91, "tipCount": 1}, "id": "56a489a2498e4ab3024522c9", "beenHere": {"lastCheckinExpiredAt": 0, "count": 0, "marked": false}, "ratingColor": "FFC800", "location": {"lng": 103.90200887165769, "formattedAddress": ["#01-66, Waterway Point (83 Punggol Central)", "828761", "Singapore"], "postalCode": "828761", "lat": 1.406263143347469, "crossStreet": "83 Punggol Central", "country": "Singapore", "distance": 652, "city": "Singapore", "cc": "SG", "address": "#01-66, Waterway Point", "labeledLatLngs": [{"lng": 103.90200887165769, "label": "display", "lat": 1.406263143347469}]}, "verified": false, "price": {"tier": 1, "currency": "$", "message": "Cheap"}}, "referralId": "e-3-56a489a2498e4ab3024522c9-14", "tips": [{"logView": true, "photo": {"id": "5711ed7d498ecf6b8e1f099d", "visibility": "public", "source": {"name": "Foursquare for iOS", "url": "https://foursquare.com/download/#/iphone"}, "suffix": "/776718_mjEWMo1vkdlSLAxiRxEl5e7fzoi_u_fBVa7e4m7Pfk0.jpg", "createdAt": 1460792701, "prefix": "https://igx.4sqi.net/img/general/", "width": 1920, "height": 1280}, "createdAt": 1460792698, "agreeCount": 0, "id": "5711ed7a498ee16f5cbab483", "text": "All day breakfast served here!", "type": "user", "disagreeCount": 0, "user": {"gender": "none", "id": "776718", "photo": {"prefix": "https://igx.4sqi.net/img/user/", "suffix": "/776718-HYMKL1JB3S4GHGEB.jpg"}, "firstName": "Yarn", "lastName": "Lam"}, "canonicalUrl": "https://foursquare.com/item/5711ed7a498ee16f5cbab483", "todo": {"count": 0}, "photourl": "https://igx.4sqi.net/img/general/original/776718_mjEWMo1vkdlSLAxiRxEl5e7fzoi_u_fBVa7e4m7Pfk0.jpg"}]}, {"reasons": {"items": [{"reasonName": "globalInteractionReason", "summary": "This spot is popular", "type": "general"}], "count": 0}, "venue": {"hereNow": {"groups": [], "summary": "Nobody here", "count": 0}, "contact": {}, "photos": {"groups": [], "count": 0}, "rating": 5.9, "name": "The Coffee Bean & Tea Leaf", "ratingSignals": 11, "allowMenuUrlEdit": true, "categories": [{"pluralName": "Caf\u00e9s", "id": "4bf58dd8d48988d16d941735", "primary": true, "icon": {"prefix": "https://ss3.4sqi.net/img/categories_v2/food/cafe_", "suffix": ".png"}, "name": "Caf\u00e9", "shortName": "Caf\u00e9"}], "stats": {"checkinsCount": 352, "usersCount": 128, "tipCount": 4}, "id": "56ac4f26498ef3afc40664e2", "beenHere": {"lastCheckinExpiredAt": 0, "count": 0, "marked": false}, "ratingColor": "FF9600", "location": {"lng": 103.90245065058545, "formattedAddress": ["#01-27, Waterway Point (83 Punggol Central)", "828761", "Singapore"], "postalCode": "828761", "lat": 1.4069812381700966, "crossStreet": "83 Punggol Central", "country": "Singapore", "distance": 593, "city": "Singapore", "cc": "SG", "address": "#01-27, Waterway Point", "labeledLatLngs": [{"lng": 103.90245065058545, "label": "display", "lat": 1.4069812381700966}]}, "hours": {"isLocalHoliday": false, "isOpen": true, "status": "Likely open"}, "verified": false, "price": {"tier": 1, "currency": "$", "message": "Cheap"}}, "referralId": "e-3-56ac4f26498ef3afc40664e2-15", "tips": [{"id": "56be008c498e87321ec48967", "text": "Cosy place overlooking the waterway", "disagreeCount": 0, "logView": true, "createdAt": 1455292556, "likes": {"groups": [], "summary": "1 like", "count": 1}, "todo": {"count": 0}, "agreeCount": 1, "canonicalUrl": "https://foursquare.com/item/56be008c498e87321ec48967", "type": "user", "user": {"gender": "female", "id": "4901603", "photo": {"prefix": "https://igx.4sqi.net/img/user/", "suffix": "/4901603-UZ1SGJWHNFARG5UK.jpg"}, "firstName": "Sherlyn", "lastName": "Lee"}}]}, {"reasons": {"items": [{"reasonName": "globalInteractionReason", "summary": "This spot is popular", "type": "general"}], "count": 0}, "venue": {"hereNow": {"groups": [], "summary": "Nobody here", "count": 0}, "contact": {}, "photos": {"groups": [], "count": 0}, "rating": 5.8, "name": "PappaRich", "ratingSignals": 9, "allowMenuUrlEdit": true, "categories": [{"pluralName": "Asian Restaurants", "id": "4bf58dd8d48988d142941735", "primary": true, "icon": {"prefix": "https://ss3.4sqi.net/img/categories_v2/food/asian_", "suffix": ".png"}, "name": "Asian Restaurant", "shortName": "Asian"}], "stats": {"checkinsCount": 130, "usersCount": 91, "tipCount": 4}, "id": "56aef6b0498e7cbb2bb7458a", "beenHere": {"lastCheckinExpiredAt": 0, "count": 0, "marked": false}, "ratingColor": "FF9600", "location": {"lng": 103.90243365906187, "formattedAddress": ["Waterway Point (83 Punggol Central)", "Singapore"], "lat": 1.406949198608136, "crossStreet": "83 Punggol Central", "country": "Singapore", "distance": 596, "city": "Singapore", "cc": "SG", "address": "Waterway Point", "labeledLatLngs": [{"lng": 103.90243365906187, "label": "display", "lat": 1.406949198608136}]}, "verified": false, "price": {"tier": 2, "currency": "$", "message": "Moderate"}}, "referralId": "e-3-56aef6b0498e7cbb2bb7458a-16", "tips": [{"logView": true, "photo": {"id": "590d5f3ae96d0c61de7206e0", "visibility": "public", "source": {"name": "Swarm for iOS", "url": "https://www.swarmapp.com"}, "suffix": "/46819999_574W25e12Tyqs5d5i4lPWPugYGRBWpSHGErCxrH8kX4.jpg", "createdAt": 1494048570, "prefix": "https://igx.4sqi.net/img/general/", "width": 1440, "height": 1920}, "createdAt": 1495351546, "agreeCount": 0, "id": "592140faf96b2c6eb28c28a4", "text": "Nasi Lemak wasn't bad at all ... the chendol dessert in a glass was nice \ud83d\ude02", "type": "user", "disagreeCount": 0, "user": {"gender": "male", "id": "46819999", "photo": {"prefix": "https://igx.4sqi.net/img/user/", "suffix": "/46819999-SSI3RGKO3VGGBRWU.jpg"}, "firstName": "Vincent", "lastName": "Ang"}, "canonicalUrl": "https://foursquare.com/item/592140faf96b2c6eb28c28a4", "todo": {"count": 0}, "photourl": "https://igx.4sqi.net/img/general/original/46819999_574W25e12Tyqs5d5i4lPWPugYGRBWpSHGErCxrH8kX4.jpg"}]}, {"reasons": {"items": [{"reasonName": "globalInteractionReason", "summary": "This spot is popular", "type": "general"}], "count": 0}, "venue": {"hereNow": {"groups": [], "summary": "Nobody here", "count": 0}, "contact": {}, "photos": {"groups": [], "count": 0}, "name": "The Boaters Cafe", "allowMenuUrlEdit": true, "beenHere": {"lastCheckinExpiredAt": 0, "count": 0, "marked": false}, "stats": {"checkinsCount": 46, "usersCount": 40, "tipCount": 1}, "id": "522856be11d219378c9ff39d", "categories": [{"pluralName": "Diners", "id": "4bf58dd8d48988d147941735", "primary": true, "icon": {"prefix": "https://ss3.4sqi.net/img/categories_v2/food/diner_", "suffix": ".png"}, "name": "Diner", "shortName": "Diner"}], "location": {"formattedAddress": ["600 Punggol 17th Avenue", "Singapore"], "lat": 1.4156697964518432, "lng": 103.89871256620643, "distance": 458, "country": "Singapore", "cc": "SG", "address": "600 Punggol 17th Avenue", "labeledLatLngs": [{"lng": 103.89871256620643, "label": "display", "lat": 1.4156697964518432}]}, "verified": false, "price": {"tier": 1, "currency": "$", "message": "Cheap"}}, "referralId": "e-3-522856be11d219378c9ff39d-17", "tips": [{"id": "53549d68498ea2a728ebc20f", "text": "It doesn't seem like it was a cafe that knows how to manage dinner service at all. That being said, the food wasnt bad, recommend IPA chicken, not a big portion & definitely not worth the 50 min wait.", "disagreeCount": 0, "createdAt": 1398054248, "logView": true, "todo": {"count": 0}, "agreeCount": 0, "canonicalUrl": "https://foursquare.com/item/53549d68498ea2a728ebc20f", "type": "user", "user": {"gender": "male", "id": "13933572", "photo": {"prefix": "https://igx.4sqi.net/img/user/", "suffix": "/RHOTX1JI5TOSE2EB.jpg"}, "firstName": "David", "lastName": "Ko"}}]}, {"reasons": {"items": [{"reasonName": "globalInteractionReason", "summary": "This spot is popular", "type": "general"}], "count": 0}, "venue": {"contact": {"phone": "+6596612111", "formattedPhone": "+65 9661 2111"}, "photos": {"groups": [], "count": 0}, "name": "Obar", "allowMenuUrlEdit": true, "beenHere": {"lastCheckinExpiredAt": 0, "count": 0, "marked": false}, "stats": {"checkinsCount": 328, "usersCount": 180, "tipCount": 1}, "id": "558bc05e498e60433adb0b00", "categories": [{"pluralName": "Comfort Food Restaurants", "id": "52e81612bcbc57f1066b7a00", "primary": true, "icon": {"prefix": "https://ss3.4sqi.net/img/categories_v2/food/default_", "suffix": ".png"}, "name": "Comfort Food Restaurant", "shortName": "Comfort Food"}], "location": {"formattedAddress": ["600 Ponggol 17 Ave #1D", "829734", "Singapore"], "postalCode": "829734", "lat": 1.4157916346129125, "lng": 103.89902973303836, "country": "Singapore", "distance": 459, "city": "Singapore", "cc": "SG", "address": "600 Ponggol 17 Ave #1D", "labeledLatLngs": [{"lng": 103.89902973303836, "label": "display", "lat": 1.4157916346129125}]}, "hours": {"isLocalHoliday": false, "isOpen": true, "status": "Likely open"}, "verified": false, "hereNow": {"groups": [], "summary": "Nobody here", "count": 0}}, "referralId": "e-3-558bc05e498e60433adb0b00-18", "tips": [{"id": "559a8fbf498e8fba08a94c55", "text": "Truffle toast was to die for!!!", "disagreeCount": 0, "createdAt": 1436192703, "logView": true, "todo": {"count": 0}, "agreeCount": 0, "canonicalUrl": "https://foursquare.com/item/559a8fbf498e8fba08a94c55", "type": "user", "user": {"gender": "female", "id": "4470431", "photo": {"prefix": "https://igx.4sqi.net/img/user/", "suffix": "/OQC0AEFTUTYSVHZ3.jpg"}, "firstName": "Jeraldine", "lastName": "Foo"}}]}, {"reasons": {"items": [{"reasonName": "globalInteractionReason", "summary": "This spot is popular", "type": "general"}], "count": 0}, "venue": {"hereNow": {"groups": [], "summary": "Nobody here", "count": 0}, "contact": {}, "photos": {"groups": [], "count": 0}, "rating": 5.2, "name": "7 Stars Kopitiam", "ratingSignals": 15, "allowMenuUrlEdit": true, "categories": [{"pluralName": "Diners", "id": "4bf58dd8d48988d147941735", "primary": true, "icon": {"prefix": "https://ss3.4sqi.net/img/categories_v2/food/diner_", "suffix": ".png"}, "name": "Diner", "shortName": "Diner"}], "stats": {"checkinsCount": 310, "usersCount": 104, "tipCount": 2}, "id": "55615e1d498e8dcd9d4ad750", "beenHere": {"lastCheckinExpiredAt": 0, "count": 0, "marked": false}, "ratingColor": "FF9600", "location": {"formattedAddress": ["312A Sumang Link", "821312", "Singapore"], "postalCode": "821312", "lat": 1.410501241195156, "lng": 103.90011716775712, "country": "Singapore", "distance": 153, "city": "Singapore", "cc": "SG", "address": "312A Sumang Link", "labeledLatLngs": [{"lng": 103.90011716775712, "label": "display", "lat": 1.410501241195156}]}, "hours": {"isLocalHoliday": false, "isOpen": true, "status": "Likely open"}, "verified": false, "price": {"tier": 1, "currency": "$", "message": "Cheap"}}, "referralId": "e-3-55615e1d498e8dcd9d4ad750-19", "tips": [{"id": "57bc2d18498ebb675b7b2320", "text": "Haven't been here for the roasted delights for sometime. Everything -(chicken, char siew, roast meat) taste different, food is cold at peak hour (10mins to 7pm). What happened?!", "disagreeCount": 0, "createdAt": 1471950104, "logView": true, "todo": {"count": 0}, "agreeCount": 0, "canonicalUrl": "https://foursquare.com/item/57bc2d18498ebb675b7b2320", "type": "user", "user": {"id": "1222769", "photo": {"prefix": "https://igx.4sqi.net/img/user/", "suffix": "/O0MPHMF2RMHD03MD.jpg"}, "firstName": "Alicia", "gender": "female"}}]}, {"reasons": {"items": [{"reasonName": "globalInteractionReason", "summary": "This spot is popular", "type": "general"}], "count": 0}, "venue": {"hereNow": {"groups": [], "summary": "Nobody here", "count": 0}, "contact": {}, "photos": {"groups": [], "count": 0}, "name": "Channel Sam", "allowMenuUrlEdit": true, "beenHere": {"lastCheckinExpiredAt": 0, "count": 0, "marked": false}, "stats": {"checkinsCount": 276, "usersCount": 117, "tipCount": 3}, "id": "4d53c49a65586ea89dd96ec8", "categories": [{"pluralName": "Steakhouses", "id": "4bf58dd8d48988d1cc941735", "primary": true, "icon": {"prefix": "https://ss3.4sqi.net/img/categories_v2/food/steakhouse_", "suffix": ".png"}, "name": "Steakhouse", "shortName": "Steakhouse"}], "location": {"formattedAddress": ["Singapore"], "lat": 1.416047, "lng": 103.898793, "distance": 494, "country": "Singapore", "cc": "SG", "labeledLatLngs": [{"lng": 103.898793, "label": "display", "lat": 1.416047}]}, "hours": {"isLocalHoliday": false, "isOpen": true, "status": "Likely open"}, "verified": false, "price": {"tier": 4, "currency": "$", "message": "Very Expensive"}}, "referralId": "e-3-4d53c49a65586ea89dd96ec8-20", "tips": [{"id": "5084031de4b0d5064bdf0553", "text": "Come down and have a drink one bkt cose u $33.00 for 6btl", "disagreeCount": 0, "createdAt": 1350828829, "logView": true, "todo": {"count": 0}, "agreeCount": 0, "canonicalUrl": "https://foursquare.com/item/5084031de4b0d5064bdf0553", "type": "user", "user": {"id": "34211814", "photo": {"prefix": "https://igx.4sqi.net/img/user/", "suffix": "/AY5OZBI0IM3TB5C2.jpg"}, "firstName": "Khai", "gender": "male"}}]}, {"reasons": {"items": [{"reasonName": "globalInteractionReason", "summary": "This spot is popular", "type": "general"}], "count": 0}, "venue": {"hereNow": {"groups": [], "summary": "Nobody here", "count": 0}, "contact": {}, "photos": {"groups": [], "count": 0}, "name": "Pizza Hut", "allowMenuUrlEdit": true, "beenHere": {"lastCheckinExpiredAt": 0, "count": 0, "marked": false}, "stats": {"checkinsCount": 256, "usersCount": 185, "tipCount": 0}, "id": "569cc73f498e3013cc3dad48", "categories": [{"pluralName": "Pizza Places", "id": "4bf58dd8d48988d1ca941735", "primary": true, "icon": {"prefix": "https://ss3.4sqi.net/img/categories_v2/food/pizza_", "suffix": ".png"}, "name": "Pizza Place", "shortName": "Pizza"}], "location": {"lng": 103.90202586312856, "formattedAddress": ["Waterway Point (83 Punggol Central)", "828761", "Singapore"], "postalCode": "828761", "lat": 1.4071748527017314, "crossStreet": "83 Punggol Central", "country": "Singapore", "distance": 556, "city": "Singapore", "cc": "SG", "address": "Waterway Point", "labeledLatLngs": [{"lng": 103.90202586312856, "label": "display", "lat": 1.4071748527017314}]}, "hours": {"isLocalHoliday": false, "isOpen": true, "status": "Likely open"}, "verified": false, "price": {"tier": 1, "currency": "$", "message": "Cheap"}}, "referralId": "e-3-569cc73f498e3013cc3dad48-21"}, {"reasons": {"items": [{"reasonName": "globalInteractionReason", "summary": "This spot is popular", "type": "general"}], "count": 0}, "venue": {"hereNow": {"groups": [], "summary": "Nobody here", "count": 0}, "contact": {}, "photos": {"groups": [], "count": 0}, "name": "The Soup Spoon Union", "allowMenuUrlEdit": true, "beenHere": {"lastCheckinExpiredAt": 0, "count": 0, "marked": false}, "stats": {"checkinsCount": 251, "usersCount": 143, "tipCount": 0}, "id": "56a06500498e8d62a38beb6a", "categories": [{"pluralName": "Soup Places", "id": "4bf58dd8d48988d1dd931735", "primary": true, "icon": {"prefix": "https://ss3.4sqi.net/img/categories_v2/food/soup_", "suffix": ".png"}, "name": "Soup Place", "shortName": "Soup"}], "location": {"lng": 103.90219577795314, "formattedAddress": ["#B3-12, Waterway Point (83 Punggol Central)", "Singapore"], "lat": 1.4072210515509245, "crossStreet": "83 Punggol Central", "country": "Singapore", "distance": 558, "city": "Singapore", "cc": "SG", "address": "#B3-12, Waterway Point", "labeledLatLngs": [{"lng": 103.90219577795314, "label": "display", "lat": 1.4072210515509245}]}, "hours": {"isLocalHoliday": false, "isOpen": false}, "verified": false, "price": {"tier": 1, "currency": "$", "message": "Cheap"}}, "referralId": "e-3-56a06500498e8d62a38beb6a-22"}, {"reasons": {"items": [{"reasonName": "globalInteractionReason", "summary": "This spot is popular", "type": "general"}], "count": 0}, "venue": {"hereNow": {"groups": [], "summary": "Nobody here", "count": 0}, "contact": {}, "photos": {"groups": [], "count": 0}, "name": "Lam's Signature", "allowMenuUrlEdit": true, "beenHere": {"lastCheckinExpiredAt": 0, "count": 0, "marked": false}, "stats": {"checkinsCount": 57, "usersCount": 28, "tipCount": 0}, "id": "56ab29be498ede47744ec172", "categories": [{"pluralName": "Noodle Houses", "id": "4bf58dd8d48988d1d1941735", "primary": true, "icon": {"prefix": "https://ss3.4sqi.net/img/categories_v2/food/ramen_", "suffix": ".png"}, "name": "Noodle House", "shortName": "Noodles"}], "location": {"lng": 103.90190125905788, "formattedAddress": ["Cookhouse by Koufu, #02-20, Waterway Point (83 Punggol Central)", "828761", "Singapore"], "postalCode": "828761", "lat": 1.4070867913353087, "crossStreet": "83 Punggol Central", "country": "Singapore", "distance": 561, "city": "Singapore", "cc": "SG", "address": "Cookhouse by Koufu, #02-20, Waterway Point", "labeledLatLngs": [{"lng": 103.90190125905788, "label": "display", "lat": 1.4070867913353087}]}, "verified": false, "price": {"tier": 1, "currency": "$", "message": "Cheap"}}, "referralId": "e-3-56ab29be498ede47744ec172-23"}, {"reasons": {"items": [{"reasonName": "globalInteractionReason", "summary": "This spot is popular", "type": "general"}], "count": 0}, "venue": {"id": "56b34a19498ef1bb00ee2a56", "hereNow": {"groups": [], "summary": "Nobody here", "count": 0}, "contact": {}, "beenHere": {"lastCheckinExpiredAt": 0, "count": 0, "marked": false}, "photos": {"groups": [], "count": 0}, "name": "Ajisen Ramen", "location": {"lng": 103.90219577795314, "formattedAddress": ["Waterway Point (83 Punggol Central)", "Singapore"], "lat": 1.4070468315588143, "crossStreet": "83 Punggol Central", "country": "Singapore", "distance": 576, "city": "Singapore", "cc": "SG", "address": "Waterway Point", "labeledLatLngs": [{"lng": 103.90219577795314, "label": "display", "lat": 1.4070468315588143}]}, "allowMenuUrlEdit": true, "verified": false, "categories": [{"pluralName": "Ramen Restaurants", "id": "55a59bace4b013909087cb24", "primary": true, "icon": {"prefix": "https://ss3.4sqi.net/img/categories_v2/food/ramen_", "suffix": ".png"}, "name": "Ramen Restaurant", "shortName": "Ramen"}], "stats": {"checkinsCount": 158, "usersCount": 112, "tipCount": 1}}, "referralId": "e-3-56b34a19498ef1bb00ee2a56-24", "tips": [{"id": "56ea129d498e296ade1083f8", "text": "the service was kinda bad like they even served us the wrong food ugh and the hygiene wasn't quite up to standard too", "disagreeCount": 0, "createdAt": 1458180765, "logView": true, "todo": {"count": 0}, "agreeCount": 0, "canonicalUrl": "https://foursquare.com/item/56ea129d498e296ade1083f8", "type": "user", "user": {"gender": "female", "id": "147268724", "photo": {"prefix": "https://igx.4sqi.net/img/user/", "suffix": "/147268724-APPPNSLV1VRKZHJW.jpg"}, "firstName": "sim", "lastName": "see min"}}]}, {"reasons": {"items": [{"reasonName": "globalInteractionReason", "summary": "This spot is popular", "type": "general"}], "count": 0}, "venue": {"hereNow": {"groups": [], "summary": "Nobody here", "count": 0}, "contact": {}, "photos": {"groups": [], "count": 0}, "name": "Osaka Ohsho", "allowMenuUrlEdit": true, "beenHere": {"lastCheckinExpiredAt": 0, "count": 0, "marked": false}, "stats": {"checkinsCount": 115, "usersCount": 88, "tipCount": 2}, "id": "569f7845498e32bcfb364ab0", "categories": [{"pluralName": "Japanese Restaurants", "id": "4bf58dd8d48988d111941735", "primary": true, "icon": {"prefix": "https://ss3.4sqi.net/img/categories_v2/food/japanese_", "suffix": ".png"}, "name": "Japanese Restaurant", "shortName": "Japanese"}], "location": {"lng": 103.90224675244164, "formattedAddress": ["Waterway Point (83 Punggol Central)", "Singapore"], "lat": 1.4070510006082309, "crossStreet": "83 Punggol Central", "country": "Singapore", "distance": 578, "city": "Singapore", "cc": "SG", "address": "Waterway Point", "labeledLatLngs": [{"lng": 103.90224675244164, "label": "display", "lat": 1.4070510006082309}]}, "verified": false, "price": {"tier": 2, "currency": "$", "message": "Moderate"}}, "referralId": "e-3-569f7845498e32bcfb364ab0-25", "tips": [{"id": "5906f25d64c8e168fe2be543", "text": "Ugh. You call this ramen?", "disagreeCount": 0, "createdAt": 1493627485, "logView": true, "todo": {"count": 0}, "agreeCount": 0, "canonicalUrl": "https://foursquare.com/item/5906f25d64c8e168fe2be543", "type": "user", "user": {"gender": "male", "id": "8826344", "photo": {"prefix": "https://igx.4sqi.net/img/user/", "suffix": "/8826344-Q3LNVPPRY1VBNEIB.jpg"}, "firstName": "Ming Siu", "lastName": "Goh"}}]}, {"reasons": {"items": [{"reasonName": "globalInteractionReason", "summary": "This spot is popular", "type": "general"}], "count": 0}, "venue": {"hereNow": {"groups": [], "summary": "Nobody here", "count": 0}, "contact": {}, "photos": {"groups": [], "count": 0}, "name": "Uncle Leong Signatures", "allowMenuUrlEdit": true, "beenHere": {"lastCheckinExpiredAt": 0, "count": 0, "marked": false}, "stats": {"checkinsCount": 78, "usersCount": 66, "tipCount": 2}, "id": "56adf2b7498e3b4bd3925531", "categories": [{"pluralName": "Seafood Restaurants", "id": "4bf58dd8d48988d1ce941735", "primary": true, "icon": {"prefix": "https://ss3.4sqi.net/img/categories_v2/food/seafood_", "suffix": ".png"}, "name": "Seafood Restaurant", "shortName": "Seafood"}], "location": {"lng": 103.90215613114188, "formattedAddress": ["Waterway Point (83 Punggol Central)", "Singapore"], "lat": 1.4070091087084122, "crossStreet": "83 Punggol Central", "country": "Singapore", "distance": 578, "city": "Singapore", "cc": "SG", "address": "Waterway Point", "labeledLatLngs": [{"lng": 103.90215613114188, "label": "display", "lat": 1.4070091087084122}]}, "verified": false, "price": {"tier": 3, "currency": "$", "message": "Expensive"}}, "referralId": "e-3-56adf2b7498e3b4bd3925531-26", "tips": [{"id": "56b6eb9638fa3273c3661762", "text": "Must try the signature hor fun!", "disagreeCount": 0, "logView": true, "createdAt": 1454828438, "likes": {"groups": [], "summary": "1 like", "count": 1}, "todo": {"count": 0}, "agreeCount": 1, "canonicalUrl": "https://foursquare.com/item/56b6eb9638fa3273c3661762", "type": "user", "user": {"gender": "female", "id": "826032", "photo": {"prefix": "https://igx.4sqi.net/img/user/", "suffix": "/RZXJA0FXJSUEWSMI.jpg"}, "firstName": "Rachel", "lastName": "Lee"}}]}, {"reasons": {"items": [{"reasonName": "globalInteractionReason", "summary": "This spot is popular", "type": "general"}], "count": 0}, "venue": {"hereNow": {"groups": [], "summary": "Nobody here", "count": 0}, "contact": {}, "photos": {"groups": [], "count": 0}, "name": "Country Brot by Four Leaves", "allowMenuUrlEdit": true, "beenHere": {"lastCheckinExpiredAt": 0, "count": 0, "marked": false}, "stats": {"checkinsCount": 82, "usersCount": 34, "tipCount": 0}, "id": "56c04b9fcd1043d2f39560de", "categories": [{"pluralName": "Bakeries", "id": "4bf58dd8d48988d16a941735", "primary": true, "icon": {"prefix": "https://ss3.4sqi.net/img/categories_v2/food/bakery_", "suffix": ".png"}, "name": "Bakery", "shortName": "Bakery"}], "location": {"lng": 103.90237702066517, "formattedAddress": ["Waterway Point (83 Punggol Central)", "Singapore"], "lat": 1.4070687436092537, "crossStreet": "83 Punggol Central", "country": "Singapore", "distance": 581, "city": "Singapore", "cc": "SG", "address": "Waterway Point", "labeledLatLngs": [{"lng": 103.90237702066517, "label": "display", "lat": 1.4070687436092537}]}, "verified": false, "price": {"tier": 1, "currency": "$", "message": "Cheap"}}, "referralId": "e-3-56c04b9fcd1043d2f39560de-27"}, {"reasons": {"items": [{"reasonName": "globalInteractionReason", "summary": "This spot is popular", "type": "general"}], "count": 0}, "venue": {"hereNow": {"groups": [], "summary": "Nobody here", "count": 0}, "contact": {}, "photos": {"groups": [], "count": 0}, "name": "\u4e00\u54e5\u8001\u706b\u6c64", "allowMenuUrlEdit": true, "beenHere": {"lastCheckinExpiredAt": 0, "count": 0, "marked": false}, "stats": {"checkinsCount": 47, "usersCount": 35, "tipCount": 2}, "id": "56bf1e36cd10624fa51578d9", "categories": [{"pluralName": "Chinese Restaurants", "id": "4bf58dd8d48988d145941735", "primary": true, "icon": {"prefix": "https://ss3.4sqi.net/img/categories_v2/food/asian_", "suffix": ".png"}, "name": "Chinese Restaurant", "shortName": "Chinese"}], "location": {"lng": 103.902463, "formattedAddress": ["Waterway Point B1-22 (83 Punggol Central)", "828761", "Singapore"], "postalCode": "828761", "lat": 1.407106, "crossStreet": "83 Punggol Central", "country": "Singapore", "distance": 581, "city": "Singapore", "cc": "SG", "address": "Waterway Point B1-22", "labeledLatLngs": [{"lng": 103.902463, "label": "display", "lat": 1.407106}]}, "verified": false, "price": {"tier": 1, "currency": "$", "message": "Cheap"}}, "referralId": "e-3-56bf1e36cd10624fa51578d9-28", "tips": [{"logView": true, "photo": {"id": "57fa0971498e09f46f3703e4", "visibility": "public", "source": {"name": "Foursquare for iOS", "url": "https://foursquare.com/download/#/iphone"}, "suffix": "/1908362_eEHOl-vId8Z9IEBvBWKHhVaPR7fy_W0b74dPxx7DPNU.jpg", "createdAt": 1476004209, "prefix": "https://igx.4sqi.net/img/general/", "width": 1440, "height": 1920}, "createdAt": 1476004205, "agreeCount": 0, "id": "57fa096d498ea38319fdf66b", "text": "Nice food and Chinese tea (hot or cold) can refill.", "type": "user", "disagreeCount": 0, "user": {"id": "1908362", "photo": {"prefix": "https://igx.4sqi.net/img/user/", "suffix": "/1908362-MATCRTMWXMC3130P.jpg"}, "firstName": "Q", "gender": "male"}, "canonicalUrl": "https://foursquare.com/item/57fa096d498ea38319fdf66b", "todo": {"count": 0}, "photourl": "https://igx.4sqi.net/img/general/original/1908362_eEHOl-vId8Z9IEBvBWKHhVaPR7fy_W0b74dPxx7DPNU.jpg"}]}, {"reasons": {"items": [{"reasonName": "globalInteractionReason", "summary": "This spot is popular", "type": "general"}], "count": 0}, "venue": {"hereNow": {"groups": [], "summary": "Nobody here", "count": 0}, "contact": {"instagram": "stuffedsg", "facebookUsername": "stuffedsg", "facebookName": "Stuff'd", "facebook": "309448099217274"}, "photos": {"groups": [], "count": 0}, "menu": {"mobileUrl": "http://stuffed.com.sg/#food", "externalUrl": "http://stuffed.com.sg/#food", "url": "http://stuffed.com.sg/#food", "anchor": "View Menu", "label": "Menu", "type": "Menu"}, "name": "Stuff'd", "allowMenuUrlEdit": true, "categories": [{"pluralName": "Mediterranean Restaurants", "id": "4bf58dd8d48988d1c0941735", "primary": true, "icon": {"prefix": "https://ss3.4sqi.net/img/categories_v2/food/mediterranean_", "suffix": ".png"}, "name": "Mediterranean Restaurant", "shortName": "Mediterranean"}], "stats": {"checkinsCount": 78, "usersCount": 34, "tipCount": 1}, "id": "56d66418498ed4b92b39f8df", "beenHere": {"lastCheckinExpiredAt": 0, "count": 0, "marked": false}, "url": "http://stuffed.com.sg", "location": {"formattedAddress": ["83 Punggol Central, Waterway Point West Wing, #B2-K1", "828761", "Singapore"], "postalCode": "828761", "lat": 1.4070089366444303, "lng": 103.90225241627488, "distance": 582, "country": "Singapore", "cc": "SG", "address": "83 Punggol Central, Waterway Point West Wing, #B2-K1", "labeledLatLngs": [{"lng": 103.90225241627488, "label": "display", "lat": 1.4070089366444303}]}, "hours": {"isLocalHoliday": false, "isOpen": true, "status": "Open until 10:00 PM"}, "verified": false, "price": {"tier": 2, "currency": "$", "message": "Moderate"}}, "referralId": "e-3-56d66418498ed4b92b39f8df-29", "tips": [{"id": "57b98dbecd10826488a72fa3", "text": "Burritos! Customised burritos", "disagreeCount": 0, "createdAt": 1471778238, "logView": true, "todo": {"count": 0}, "agreeCount": 0, "canonicalUrl": "https://foursquare.com/item/57b98dbecd10826488a72fa3", "type": "user", "user": {"gender": "female", "id": "74500063", "photo": {"prefix": "https://igx.4sqi.net/img/user/", "suffix": "/74500063-AQEWKBDQ4ZFYL5L1.jpg"}, "firstName": "Ann", "lastName": "Fernandez"}}]}, {"reasons": {"items": [{"reasonName": "globalInteractionReason", "summary": "This spot is popular", "type": "general"}], "count": 0}, "venue": {"contact": {"facebook": "159362231076786", "facebookUsername": "CRAVEnasilemak", "facebookName": "CRAVE Nasi Lemak & Teh Tarik"}, "photos": {"groups": [], "count": 0}, "name": "CRAVE The Original Adam Rd Nasi Lemak By Selera Rasa", "allowMenuUrlEdit": true, "beenHere": {"lastCheckinExpiredAt": 0, "count": 0, "marked": false}, "stats": {"checkinsCount": 37, "usersCount": 26, "tipCount": 1}, "id": "5704775a498e7f01eeb64e2a", "categories": [{"pluralName": "Halal Restaurants", "id": "52e81612bcbc57f1066b79ff", "primary": true, "icon": {"prefix": "https://ss3.4sqi.net/img/categories_v2/food/halal_", "suffix": ".png"}, "name": "Halal Restaurant", "shortName": "Halal"}], "location": {"lng": 103.90243365906187, "formattedAddress": ["Waterway Point (83 Punggol Central)", "Singapore"], "lat": 1.4070729814748941, "crossStreet": "83 Punggol Central", "country": "Singapore", "distance": 583, "city": "Singapore", "cc": "SG", "address": "Waterway Point", "labeledLatLngs": [{"lng": 103.90243365906187, "label": "display", "lat": 1.4070729814748941}]}, "hours": {"isLocalHoliday": false, "isOpen": true, "status": "Open until 9:30 PM"}, "verified": false, "hereNow": {"groups": [], "summary": "Nobody here", "count": 0}}, "referralId": "e-3-5704775a498e7f01eeb64e2a-30", "tips": [{"id": "57e66edb498e4f84679869c0", "text": "Pricey. Rice not Lemak enough. But Chili is nice. All other ingredients not memorable at all.", "disagreeCount": 0, "createdAt": 1474719451, "logView": true, "todo": {"count": 0}, "agreeCount": 1, "canonicalUrl": "https://foursquare.com/item/57e66edb498e4f84679869c0", "type": "user", "user": {"gender": "female", "id": "344030633", "photo": {"prefix": "https://igx.4sqi.net/img/user/", "suffix": "/344030633-LR3YWDKTRKIKYYHB.jpg"}, "firstName": "Hazel", "lastName": "Ratcliffe"}}]}, {"reasons": {"items": [{"reasonName": "globalInteractionReason", "summary": "This spot is popular", "type": "general"}], "count": 0}, "venue": {"id": "56adf476498e8dd1cc6d7589", "hereNow": {"groups": [], "summary": "Nobody here", "count": 0}, "contact": {}, "beenHere": {"lastCheckinExpiredAt": 0, "count": 0, "marked": false}, "photos": {"groups": [], "count": 0}, "name": "Shihlin Taiwan Steet Snacks", "location": {"lng": 103.90234303763837, "formattedAddress": ["Waterway Point (83 Punggol Central)", "Singapore"], "lat": 1.4070411827367397, "crossStreet": "83 Punggol Central", "country": "Singapore", "distance": 583, "city": "Singapore", "cc": "SG", "address": "Waterway Point", "labeledLatLngs": [{"lng": 103.90234303763837, "label": "display", "lat": 1.4070411827367397}]}, "allowMenuUrlEdit": true, "verified": false, "categories": [{"pluralName": "Food Stands", "id": "56aa371be4b08b9a8d57350b", "primary": true, "icon": {"prefix": "https://ss3.4sqi.net/img/categories_v2/travel/movingtarget_", "suffix": ".png"}, "name": "Food Stand", "shortName": "Food Stand"}], "stats": {"checkinsCount": 56, "usersCount": 36, "tipCount": 0}}, "referralId": "e-3-56adf476498e8dd1cc6d7589-31"}, {"reasons": {"items": [{"reasonName": "globalInteractionReason", "summary": "This spot is popular", "type": "general"}], "count": 0}, "venue": {"hereNow": {"groups": [], "summary": "Nobody here", "count": 0}, "contact": {}, "photos": {"groups": [], "count": 0}, "name": "BreadTalk / Toastbox", "allowMenuUrlEdit": true, "beenHere": {"lastCheckinExpiredAt": 0, "count": 0, "marked": false}, "stats": {"checkinsCount": 35, "usersCount": 27, "tipCount": 0}, "id": "56e94ad5498e65dc33614b4e", "categories": [{"pluralName": "Bakeries", "id": "4bf58dd8d48988d16a941735", "primary": true, "icon": {"prefix": "https://ss3.4sqi.net/img/categories_v2/food/bakery_", "suffix": ".png"}, "name": "Bakery", "shortName": "Bakery"}], "location": {"lng": 103.90246764211115, "formattedAddress": ["#B1-15 Waterway Point (83 Punggol Central)", "Singapore"], "lat": 1.407088344980722, "crossStreet": "83 Punggol Central", "country": "Singapore", "distance": 583, "city": "Singapore", "cc": "SG", "address": "#B1-15 Waterway Point", "labeledLatLngs": [{"lng": 103.90246764211115, "label": "display", "lat": 1.407088344980722}]}, "verified": false, "price": {"tier": 1, "currency": "$", "message": "Cheap"}}, "referralId": "e-3-56e94ad5498e65dc33614b4e-32"}, {"reasons": {"items": [{"reasonName": "globalInteractionReason", "summary": "This spot is popular", "type": "general"}], "count": 0}, "venue": {"contact": {}, "photos": {"groups": [], "count": 0}, "name": "Tenderfresh Classic", "allowMenuUrlEdit": true, "beenHere": {"lastCheckinExpiredAt": 0, "count": 0, "marked": false}, "stats": {"checkinsCount": 321, "usersCount": 232, "tipCount": 2}, "id": "56a22b24498e1e86ca17a3fd", "categories": [{"pluralName": "Comfort Food Restaurants", "id": "52e81612bcbc57f1066b7a00", "primary": true, "icon": {"prefix": "https://ss3.4sqi.net/img/categories_v2/food/default_", "suffix": ".png"}, "name": "Comfort Food Restaurant", "shortName": "Comfort Food"}], "location": {"lng": 103.90236569298862, "formattedAddress": ["Waterway Point #B2-04 (83 Punggol Central)", "828761", "Singapore"], "postalCode": "828761", "lat": 1.407050484404354, "crossStreet": "83 Punggol Central", "country": "Singapore", "distance": 583, "city": "Singapore", "cc": "SG", "address": "Waterway Point #B2-04", "labeledLatLngs": [{"lng": 103.90236569298862, "label": "display", "lat": 1.407050484404354}]}, "hours": {"isLocalHoliday": false, "isOpen": true, "status": "Likely open"}, "verified": false, "hereNow": {"groups": [], "summary": "Nobody here", "count": 0}}, "referralId": "e-3-56a22b24498e1e86ca17a3fd-33", "tips": [{"id": "56b30b91498e48f85d793d7b", "text": "The fries with meat sauce & egg is as interesting as it sounds. Had to mix in the egg and let it cook. The serving is a little too generous to be a side, so it's best shared, or could even be a main.", "disagreeCount": 0, "logView": true, "createdAt": 1454574481, "likes": {"groups": [], "summary": "1 like", "count": 1}, "todo": {"count": 0}, "agreeCount": 2, "canonicalUrl": "https://foursquare.com/item/56b30b91498e48f85d793d7b", "type": "user", "user": {"gender": "male", "id": "5406597", "photo": {"prefix": "https://igx.4sqi.net/img/user/", "suffix": "/5406597-OQPKWR5ET4QO5EMC.jpg"}, "firstName": "Aaron", "lastName": "Wong"}}]}, {"reasons": {"items": [{"reasonName": "globalInteractionReason", "summary": "This spot is popular", "type": "general"}], "count": 0}, "venue": {"hereNow": {"groups": [], "summary": "Nobody here", "count": 0}, "contact": {"phone": "+6563588765", "formattedPhone": "+65 6358 8765"}, "photos": {"groups": [], "count": 0}, "name": "Rong Hua Bak Kut Teh", "allowMenuUrlEdit": true, "beenHere": {"lastCheckinExpiredAt": 0, "count": 0, "marked": false}, "stats": {"checkinsCount": 208, "usersCount": 154, "tipCount": 0}, "id": "569f1324498e620828940b83", "categories": [{"pluralName": "Chinese Restaurants", "id": "4bf58dd8d48988d145941735", "primary": true, "icon": {"prefix": "https://ss3.4sqi.net/img/categories_v2/food/asian_", "suffix": ".png"}, "name": "Chinese Restaurant", "shortName": "Chinese"}], "location": {"lng": 103.90250162516885, "formattedAddress": ["#B1-23 Waterway Point (83 Punggol Central)", "828761", "Singapore"], "postalCode": "828761", "lat": 1.4070962700878706, "crossStreet": "83 Punggol Central", "country": "Singapore", "distance": 584, "city": "Singapore", "cc": "SG", "address": "#B1-23 Waterway Point", "labeledLatLngs": [{"lng": 103.90250162516885, "label": "display", "lat": 1.4070962700878706}]}, "verified": false, "price": {"tier": 1, "currency": "$", "message": "Cheap"}}, "referralId": "e-3-569f1324498e620828940b83-34"}, {"reasons": {"items": [{"reasonName": "globalInteractionReason", "summary": "This spot is popular", "type": "general"}], "count": 0}, "venue": {"hereNow": {"groups": [], "summary": "Nobody here", "count": 0}, "contact": {}, "photos": {"groups": [], "count": 0}, "name": "Kuriya Japanese Market", "allowMenuUrlEdit": true, "beenHere": {"lastCheckinExpiredAt": 0, "count": 0, "marked": false}, "stats": {"checkinsCount": 129, "usersCount": 97, "tipCount": 1}, "id": "56a606d0498ebb9cd0809aaf", "categories": [{"pluralName": "Japanese Restaurants", "id": "4bf58dd8d48988d111941735", "primary": true, "icon": {"prefix": "https://ss3.4sqi.net/img/categories_v2/food/japanese_", "suffix": ".png"}, "name": "Japanese Restaurant", "shortName": "Japanese"}], "location": {"lng": 103.90242233138065, "formattedAddress": ["B1-20, Waterway Point (83 Punggol Central)", "828761", "Singapore"], "postalCode": "828761", "lat": 1.4070547222729666, "crossStreet": "83 Punggol Central", "country": "Singapore", "distance": 585, "city": "Singapore", "cc": "SG", "address": "B1-20, Waterway Point", "labeledLatLngs": [{"lng": 103.90242233138065, "label": "display", "lat": 1.4070547222729666}]}, "hours": {"isLocalHoliday": false, "isOpen": true, "status": "Open until 9:00 PM"}, "verified": false, "price": {"tier": 2, "currency": "$", "message": "Moderate"}}, "referralId": "e-3-56a606d0498ebb9cd0809aaf-35", "tips": [{"id": "58de7b494988da60709a37e3", "text": "Sushi sets are fresh and offers a good variety", "disagreeCount": 0, "createdAt": 1490975561, "logView": true, "todo": {"count": 0}, "agreeCount": 0, "canonicalUrl": "https://foursquare.com/item/58de7b494988da60709a37e3", "type": "user", "user": {"gender": "male", "id": "6049312", "photo": {"prefix": "https://igx.4sqi.net/img/user/", "suffix": "/WCSLG0RHJ0W541E3.jpg"}, "firstName": "Shiang yee", "lastName": "Wong"}}]}, {"reasons": {"items": [{"reasonName": "globalInteractionReason", "summary": "This spot is popular", "type": "general"}], "count": 0}, "venue": {"hereNow": {"groups": [], "summary": "Nobody here", "count": 0}, "contact": {}, "photos": {"groups": [], "count": 0}, "name": "Umi Sushi", "allowMenuUrlEdit": true, "beenHere": {"lastCheckinExpiredAt": 0, "count": 0, "marked": false}, "stats": {"checkinsCount": 234, "usersCount": 148, "tipCount": 1}, "id": "569cda4a498e336a7f4b2fd5", "categories": [{"pluralName": "Sushi Restaurants", "id": "4bf58dd8d48988d1d2941735", "primary": true, "icon": {"prefix": "https://ss3.4sqi.net/img/categories_v2/food/sushi_", "suffix": ".png"}, "name": "Sushi Restaurant", "shortName": "Sushi"}], "location": {"lng": 103.90243365906187, "formattedAddress": ["#B2-02,l Waterway Point (83 Punggol Central)", "Singapore"], "lat": 1.4070181694749473, "crossStreet": "83 Punggol Central", "country": "Singapore", "distance": 589, "city": "Singapore", "cc": "SG", "address": "#B2-02,l Waterway Point", "labeledLatLngs": [{"lng": 103.90243365906187, "label": "display", "lat": 1.4070181694749473}]}, "verified": false, "price": {"tier": 2, "currency": "$", "message": "Moderate"}}, "referralId": "e-3-569cda4a498e336a7f4b2fd5-36", "tips": [{"id": "5906f29864c8e168fe2c0d8f", "text": "I dunno about their takeaway sushi, but the bento sets are overpriced and depressing.", "disagreeCount": 0, "createdAt": 1493627544, "logView": true, "todo": {"count": 0}, "agreeCount": 0, "canonicalUrl": "https://foursquare.com/item/5906f29864c8e168fe2c0d8f", "type": "user", "user": {"gender": "male", "id": "8826344", "photo": {"prefix": "https://igx.4sqi.net/img/user/", "suffix": "/8826344-Q3LNVPPRY1VBNEIB.jpg"}, "firstName": "Ming Siu", "lastName": "Goh"}}]}, {"reasons": {"items": [{"reasonName": "globalInteractionReason", "summary": "This spot is popular", "type": "general"}], "count": 0}, "venue": {"hereNow": {"groups": [], "summary": "Nobody here", "count": 0}, "contact": {}, "photos": {"groups": [], "count": 0}, "name": "I Love Taimei \u6211\u611b\u53f0\u59b9", "allowMenuUrlEdit": true, "beenHere": {"lastCheckinExpiredAt": 0, "count": 0, "marked": false}, "stats": {"checkinsCount": 93, "usersCount": 40, "tipCount": 0}, "id": "56d2c160cd105fe2c73626db", "categories": [{"pluralName": "Snack Places", "id": "4bf58dd8d48988d1c7941735", "primary": true, "icon": {"prefix": "https://ss3.4sqi.net/img/categories_v2/food/snacks_", "suffix": ".png"}, "name": "Snack Place", "shortName": "Snacks"}], "location": {"formattedAddress": ["Waterway Point, West Wing #B1-K5", "Singapore"], "lat": 1.406929007055156, "lng": 103.90229206311403, "distance": 592, "country": "Singapore", "cc": "SG", "address": "Waterway Point, West Wing #B1-K5", "labeledLatLngs": [{"lng": 103.90229206311403, "label": "display", "lat": 1.406929007055156}]}, "verified": false, "price": {"tier": 1, "currency": "$", "message": "Cheap"}}, "referralId": "e-3-56d2c160cd105fe2c73626db-37"}, {"reasons": {"items": [{"reasonName": "globalInteractionReason", "summary": "This spot is popular", "type": "general"}], "count": 0}, "venue": {"id": "56ebad36498e7f6f725ec0c4", "hereNow": {"groups": [], "summary": "Nobody here", "count": 0}, "contact": {}, "beenHere": {"lastCheckinExpiredAt": 0, "count": 0, "marked": false}, "photos": {"groups": [], "count": 0}, "name": "MOF @ My Izakaya", "location": {"lng": 103.902423, "formattedAddress": ["Waterway Point (83 Punggol Central)", "Singapore"], "lat": 1.406961, "crossStreet": "83 Punggol Central", "country": "Singapore", "distance": 594, "city": "Singapore", "cc": "SG", "address": "Waterway Point", "labeledLatLngs": [{"lng": 103.902423, "label": "display", "lat": 1.406961}]}, "allowMenuUrlEdit": true, "verified": false, "categories": [{"pluralName": "Comfort Food Restaurants", "id": "52e81612bcbc57f1066b7a00", "primary": true, "icon": {"prefix": "https://ss3.4sqi.net/img/categories_v2/food/default_", "suffix": ".png"}, "name": "Comfort Food Restaurant", "shortName": "Comfort Food"}], "stats": {"checkinsCount": 30, "usersCount": 25, "tipCount": 0}}, "referralId": "e-3-56ebad36498e7f6f725ec0c4-38"}, {"reasons": {"items": [{"reasonName": "globalInteractionReason", "summary": "This spot is popular", "type": "general"}], "count": 0}, "venue": {"hereNow": {"groups": [], "summary": "Nobody here", "count": 0}, "contact": {}, "photos": {"groups": [], "count": 0}, "name": "Social Square", "allowMenuUrlEdit": true, "beenHere": {"lastCheckinExpiredAt": 0, "count": 0, "marked": false}, "stats": {"checkinsCount": 245, "usersCount": 171, "tipCount": 2}, "id": "569ddba5498e3013ce57dde4", "categories": [{"pluralName": "Japanese Restaurants", "id": "4bf58dd8d48988d111941735", "primary": true, "icon": {"prefix": "https://ss3.4sqi.net/img/categories_v2/food/japanese_", "suffix": ".png"}, "name": "Japanese Restaurant", "shortName": "Japanese"}], "location": {"lng": 103.90243932290282, "formattedAddress": ["#01-26, Waterway Point (83 Punggol Central)", "828761", "Singapore"], "postalCode": "828761", "lat": 1.406965186545919, "crossStreet": "83 Punggol Central", "country": "Singapore", "distance": 595, "city": "Singapore", "cc": "SG", "address": "#01-26, Waterway Point", "labeledLatLngs": [{"lng": 103.90243932290282, "label": "display", "lat": 1.406965186545919}]}, "verified": false, "price": {"tier": 2, "currency": "$", "message": "Moderate"}}, "referralId": "e-3-569ddba5498e3013ce57dde4-39", "tips": [{"id": "58e0f238d6fe9045090a8ea8", "text": "Awesome foodies!", "disagreeCount": 0, "createdAt": 1491137080, "logView": true, "todo": {"count": 0}, "agreeCount": 0, "canonicalUrl": "https://foursquare.com/item/58e0f238d6fe9045090a8ea8", "type": "user", "user": {"gender": "male", "id": "5189926", "photo": {"prefix": "https://igx.4sqi.net/img/user/", "suffix": "/5189926-3P1XZ3TOC0QXUDRV.jpg"}, "firstName": "Kelvin", "lastName": "Ong"}}]}, {"reasons": {"items": [{"reasonName": "globalInteractionReason", "summary": "This spot is popular", "type": "general"}], "count": 0}, "venue": {"contact": {"facebook": "439510906064152", "facebookUsername": "balithaisingapore", "facebookName": "BaliThai - Singapore", "phone": "+6563853630", "formattedPhone": "+65 6385 3630"}, "photos": {"groups": [], "count": 0}, "menu": {"mobileUrl": "http://www.balithaidelivery.com.sg", "externalUrl": "http://www.balithaidelivery.com.sg", "url": "http://www.balithaidelivery.com.sg", "anchor": "View Menu", "label": "Menu", "type": "Menu"}, "name": "Bali Thai", "allowMenuUrlEdit": true, "beenHere": {"lastCheckinExpiredAt": 0, "count": 0, "marked": false}, "stats": {"checkinsCount": 114, "usersCount": 102, "tipCount": 0}, "id": "56a08e36498e48eadb839331", "categories": [{"pluralName": "Halal Restaurants", "id": "52e81612bcbc57f1066b79ff", "primary": true, "icon": {"prefix": "https://ss3.4sqi.net/img/categories_v2/food/halal_", "suffix": ".png"}, "name": "Halal Restaurant", "shortName": "Halal"}], "url": "http://www.balithai.com.sg", "location": {"lng": 103.90216745880107, "formattedAddress": ["#B1-13, Waterway Point (83 Punggol Central)", "878761", "Singapore"], "postalCode": "878761", "lat": 1.4068292009631724, "crossStreet": "83 Punggol Central", "country": "Singapore", "distance": 597, "city": "Singapore", "cc": "SG", "address": "#B1-13, Waterway Point", "labeledLatLngs": [{"lng": 103.90216745880107, "label": "display", "lat": 1.4068292009631724}]}, "hours": {"isLocalHoliday": false, "isOpen": true, "status": "Open until 10:00 PM"}, "verified": false, "hereNow": {"groups": [], "summary": "Nobody here", "count": 0}}, "referralId": "e-3-56a08e36498e48eadb839331-40"}, {"reasons": {"items": [{"reasonName": "globalInteractionReason", "summary": "This spot is popular", "type": "general"}], "count": 0}, "venue": {"id": "569e2b0f498ecac37599800c", "hereNow": {"groups": [], "summary": "Nobody here", "count": 0}, "contact": {}, "beenHere": {"lastCheckinExpiredAt": 0, "count": 0, "marked": false}, "photos": {"groups": [], "count": 0}, "name": "Daessiksin Korean Grill BBQ Buffet Restaurant", "location": {"formattedAddress": ["83 Punggol Central", "828761", "Singapore"], "postalCode": "828761", "lat": 1.4070250277599405, "lng": 103.90266021288303, "state": "Singapore", "distance": 599, "country": "Singapore", "cc": "SG", "address": "83 Punggol Central", "labeledLatLngs": [{"lng": 103.90266021288303, "label": "display", "lat": 1.4070250277599405}]}, "allowMenuUrlEdit": true, "verified": false, "categories": [{"pluralName": "Buffets", "id": "52e81612bcbc57f1066b79f4", "primary": true, "icon": {"prefix": "https://ss3.4sqi.net/img/categories_v2/food/default_", "suffix": ".png"}, "name": "Buffet", "shortName": "Buffet"}], "stats": {"checkinsCount": 246, "usersCount": 204, "tipCount": 0}}, "referralId": "e-3-569e2b0f498ecac37599800c-41"}, {"reasons": {"items": [{"reasonName": "globalInteractionReason", "summary": "This spot is popular", "type": "general"}], "count": 0}, "venue": {"hereNow": {"groups": [], "summary": "Nobody here", "count": 0}, "contact": {}, "photos": {"groups": [], "count": 0}, "name": "Ya Kun Kaya Toast \u4e9e\u5764", "allowMenuUrlEdit": true, "beenHere": {"lastCheckinExpiredAt": 0, "count": 0, "marked": false}, "stats": {"checkinsCount": 182, "usersCount": 93, "tipCount": 0}, "id": "569c3e8938fa42c9cecc1572", "categories": [{"pluralName": "Breakfast Spots", "id": "4bf58dd8d48988d143941735", "primary": true, "icon": {"prefix": "https://ss3.4sqi.net/img/categories_v2/food/breakfast_", "suffix": ".png"}, "name": "Breakfast Spot", "shortName": "Breakfast"}], "location": {"lng": 103.90242799522115, "formattedAddress": ["Waterway Point (83 Punggol Central)", "Singapore"], "lat": 1.4068851539640779, "crossStreet": "83 Punggol Central", "country": "Singapore", "distance": 602, "city": "Singapore", "cc": "SG", "address": "Waterway Point", "labeledLatLngs": [{"lng": 103.90242799522115, "label": "display", "lat": 1.4068851539640779}]}, "hours": {"isLocalHoliday": false, "isOpen": true, "status": "Open until 10:00 PM"}, "verified": false, "price": {"tier": 1, "currency": "$", "message": "Cheap"}}, "referralId": "e-3-569c3e8938fa42c9cecc1572-42"}, {"reasons": {"items": [{"reasonName": "globalInteractionReason", "summary": "This spot is popular", "type": "general"}], "count": 0}, "venue": {"hereNow": {"groups": [{"items": [], "name": "Other people here", "count": 1, "type": "others"}], "summary": "One other person is here", "count": 1}, "contact": {"phone": "+6563859061", "formattedPhone": "+65 6385 9061"}, "photos": {"groups": [], "count": 0}, "name": "Fish & Co.", "allowMenuUrlEdit": true, "beenHere": {"lastCheckinExpiredAt": 0, "count": 0, "marked": false}, "stats": {"checkinsCount": 193, "usersCount": 143, "tipCount": 0}, "id": "56a614b8498e0e513ea1f508", "categories": [{"pluralName": "Seafood Restaurants", "id": "4bf58dd8d48988d1ce941735", "primary": true, "icon": {"prefix": "https://ss3.4sqi.net/img/categories_v2/food/seafood_", "suffix": ".png"}, "name": "Seafood Restaurant", "shortName": "Seafood"}], "location": {"lng": 103.90242799522115, "formattedAddress": ["#B1-18, Waterway Point (83 Punggol Central)", "828761", "Singapore"], "postalCode": "828761", "lat": 1.406889632722155, "crossStreet": "83 Punggol Central", "country": "Singapore", "distance": 602, "city": "Singapore", "cc": "SG", "address": "#B1-18, Waterway Point", "labeledLatLngs": [{"lng": 103.90242799522115, "label": "display", "lat": 1.406889632722155}]}, "verified": false, "price": {"tier": 3, "currency": "$", "message": "Expensive"}}, "referralId": "e-3-56a614b8498e0e513ea1f508-43"}, {"reasons": {"items": [{"reasonName": "globalInteractionReason", "summary": "This spot is popular", "type": "general"}], "count": 0}, "venue": {"hereNow": {"groups": [], "summary": "Nobody here", "count": 0}, "contact": {}, "photos": {"groups": [], "count": 0}, "name": "Dian Xiao Er \u5e97\u5c0f\u4e8c", "allowMenuUrlEdit": true, "beenHere": {"lastCheckinExpiredAt": 0, "count": 0, "marked": false}, "stats": {"checkinsCount": 145, "usersCount": 110, "tipCount": 0}, "id": "569dbf40498ec37b32b8cf04", "categories": [{"pluralName": "Chinese Restaurants", "id": "4bf58dd8d48988d145941735", "primary": true, "icon": {"prefix": "https://ss3.4sqi.net/img/categories_v2/food/asian_", "suffix": ".png"}, "name": "Chinese Restaurant", "shortName": "Chinese"}], "location": {"lng": 103.90276782607941, "formattedAddress": ["83 Punggol Central (Waterway Point)", "828761", "Singapore"], "postalCode": "828761", "lat": 1.406989507437542, "crossStreet": "Waterway Point", "country": "Singapore", "distance": 608, "city": "Singapore", "cc": "SG", "address": "83 Punggol Central", "labeledLatLngs": [{"lng": 103.90276782607941, "label": "display", "lat": 1.406989507437542}]}, "verified": false, "price": {"tier": 1, "currency": "$", "message": "Cheap"}}, "referralId": "e-3-569dbf40498ec37b32b8cf04-44"}, {"reasons": {"items": [{"reasonName": "globalInteractionReason", "summary": "This spot is popular", "type": "general"}], "count": 0}, "venue": {"hereNow": {"groups": [{"items": [], "name": "Other people here", "count": 1, "type": "others"}], "summary": "One other person is here", "count": 1}, "contact": {}, "photos": {"groups": [], "count": 0}, "name": "ichiban boshi", "allowMenuUrlEdit": true, "beenHere": {"lastCheckinExpiredAt": 0, "count": 0, "marked": false}, "stats": {"checkinsCount": 339, "usersCount": 237, "tipCount": 0}, "id": "569e0677498ec64f4cfe0384", "categories": [{"pluralName": "Japanese Restaurants", "id": "4bf58dd8d48988d111941735", "primary": true, "icon": {"prefix": "https://ss3.4sqi.net/img/categories_v2/food/japanese_", "suffix": ".png"}, "name": "Japanese Restaurant", "shortName": "Japanese"}], "location": {"lng": 103.90243932290282, "formattedAddress": ["Waterway Point (83 Punggol Central)", "Singapore"], "lat": 1.4068348209467787, "crossStreet": "83 Punggol Central", "country": "Singapore", "distance": 608, "city": "Singapore", "cc": "SG", "address": "Waterway Point", "labeledLatLngs": [{"lng": 103.90243932290282, "label": "display", "lat": 1.4068348209467787}]}, "hours": {"isLocalHoliday": false, "isOpen": true, "status": "Likely open"}, "verified": false, "price": {"tier": 2, "currency": "$", "message": "Moderate"}}, "referralId": "e-3-569e0677498ec64f4cfe0384-45"}, {"reasons": {"items": [{"reasonName": "globalInteractionReason", "summary": "This spot is popular", "type": "general"}], "count": 0}, "venue": {"hereNow": {"groups": [], "summary": "Nobody here", "count": 0}, "contact": {}, "photos": {"groups": [], "count": 0}, "name": "zakka modern thai", "allowMenuUrlEdit": true, "beenHere": {"lastCheckinExpiredAt": 0, "count": 0, "marked": false}, "stats": {"checkinsCount": 133, "usersCount": 121, "tipCount": 1}, "id": "569cc85e38fa14282d9edaba", "categories": [{"pluralName": "Restaurants", "id": "4bf58dd8d48988d1c4941735", "primary": true, "icon": {"prefix": "https://ss3.4sqi.net/img/categories_v2/food/default_", "suffix": ".png"}, "name": "Restaurant", "shortName": "Restaurant"}], "location": {"formattedAddress": ["Waterway Point", "Singapore"], "lat": 1.4068560447990157, "lng": 103.90251295285664, "distance": 609, "country": "Singapore", "cc": "SG", "address": "Waterway Point", "labeledLatLngs": [{"lng": 103.90251295285664, "label": "display", "lat": 1.4068560447990157}]}, "verified": false, "price": {"tier": 2, "currency": "$", "message": "Moderate"}}, "referralId": "e-3-569cc85e38fa14282d9edaba-46", "tips": [{"id": "56ce9289498e9455df99b61d", "text": "The food is edible, albeit salty, and the presentation is good. If only the cost were slashed in half. S$17++ for a chicken massaman curry is overpriced for Thai food. Sincere staff.", "disagreeCount": 0, "logView": true, "createdAt": 1456378505, "likes": {"groups": [], "summary": "1 like", "count": 1}, "todo": {"count": 0}, "agreeCount": 1, "canonicalUrl": "https://foursquare.com/item/56ce9289498e9455df99b61d", "type": "user", "user": {"id": "718123", "photo": {"prefix": "https://igx.4sqi.net/img/user/", "suffix": "/CTOS3YPWGE3BK3YM.jpg"}, "firstName": "kisacake", "gender": "female"}}]}, {"reasons": {"items": [{"reasonName": "globalInteractionReason", "summary": "This spot is popular", "type": "general"}], "count": 0}, "venue": {"hereNow": {"groups": [], "summary": "Nobody here", "count": 0}, "contact": {}, "photos": {"groups": [], "count": 0}, "name": "The French Table", "allowMenuUrlEdit": true, "beenHere": {"lastCheckinExpiredAt": 0, "count": 0, "marked": false}, "stats": {"checkinsCount": 122, "usersCount": 98, "tipCount": 1}, "id": "56a0b82e498eb598de2ddd1d", "categories": [{"pluralName": "French Restaurants", "id": "4bf58dd8d48988d10c941735", "primary": true, "icon": {"prefix": "https://ss3.4sqi.net/img/categories_v2/food/french_", "suffix": ".png"}, "name": "French Restaurant", "shortName": "French"}], "location": {"formattedAddress": ["Singapore"], "lat": 1.406809502442729, "lng": 103.90277348993419, "distance": 626, "country": "Singapore", "cc": "SG", "labeledLatLngs": [{"lng": 103.90277348993419, "label": "display", "lat": 1.406809502442729}]}, "verified": false, "price": {"tier": 3, "currency": "$", "message": "Expensive"}}, "referralId": "e-3-56a0b82e498eb598de2ddd1d-47", "tips": [{"logView": true, "photo": {"id": "56acce73498ec8e203712bd7", "visibility": "public", "source": {"name": "Foursquare for iOS", "url": "https://foursquare.com/download/#/iphone"}, "suffix": "/468816_Qtis5KzLdS5cx8YAerC-3T3HqM-tDpBuAjlh0YAkaio.jpg", "createdAt": 1454165619, "prefix": "https://igx.4sqi.net/img/general/", "width": 1440, "height": 1440}, "createdAt": 1454165617, "agreeCount": 0, "id": "56acce71498ec487fd884059", "text": "Duck confit was dry. Ribeye was salty. Crab pasta can be made without chili but overall tasted dry. Chicken pasta was worthwhile but too much chicken. Mushroom soup was tasty.", "type": "user", "disagreeCount": 0, "user": {"gender": "male", "id": "468816", "photo": {"prefix": "https://igx.4sqi.net/img/user/", "suffix": "/OFXTOB4LXB4BDDVD.jpg"}, "firstName": "Leo", "lastName": "Goh"}, "canonicalUrl": "https://foursquare.com/item/56acce71498ec487fd884059", "todo": {"count": 0}, "photourl": "https://igx.4sqi.net/img/general/original/468816_Qtis5KzLdS5cx8YAerC-3T3HqM-tDpBuAjlh0YAkaio.jpg"}]}, {"reasons": {"items": [{"reasonName": "globalInteractionReason", "summary": "This spot is popular", "type": "general"}], "count": 0}, "venue": {"contact": {"phone": "+6563850409", "formattedPhone": "+65 6385 0409"}, "photos": {"groups": [], "count": 0}, "name": "Nom La La by BAKERZIN", "allowMenuUrlEdit": true, "beenHere": {"lastCheckinExpiredAt": 0, "count": 0, "marked": false}, "stats": {"checkinsCount": 35, "usersCount": 21, "tipCount": 1}, "id": "576e0fc4498e85d8ef7a297a", "categories": [{"pluralName": "Bistros", "id": "52e81612bcbc57f1066b79f1", "primary": true, "icon": {"prefix": "https://ss3.4sqi.net/img/categories_v2/food/default_", "suffix": ".png"}, "name": "Bistro", "shortName": "Bistro"}], "location": {"formattedAddress": ["9 Sentul Crescent #02-04", "828654", "Singapore"], "postalCode": "828654", "lat": 1.4100716, "lng": 103.90573, "country": "Singapore", "distance": 635, "city": "Singapore", "cc": "SG", "address": "9 Sentul Crescent #02-04", "labeledLatLngs": [{"lng": 103.90573, "label": "display", "lat": 1.4100716}]}, "hours": {"isLocalHoliday": false, "isOpen": true, "status": "Open until 9:00 PM"}, "verified": false, "hereNow": {"groups": [], "summary": "Nobody here", "count": 0}}, "referralId": "e-3-576e0fc4498e85d8ef7a297a-48", "tips": [{"id": "57836ed7498edbb88acea098", "text": "Excellent #coffee!", "disagreeCount": 0, "createdAt": 1468231383, "logView": true, "todo": {"count": 0}, "agreeCount": 1, "canonicalUrl": "https://foursquare.com/item/57836ed7498edbb88acea098", "type": "user", "user": {"gender": "male", "id": "5406597", "photo": {"prefix": "https://igx.4sqi.net/img/user/", "suffix": "/5406597-OQPKWR5ET4QO5EMC.jpg"}, "firstName": "Aaron", "lastName": "Wong"}}]}, {"reasons": {"items": [{"reasonName": "globalInteractionReason", "summary": "This spot is popular", "type": "general"}], "count": 0}, "venue": {"hereNow": {"groups": [], "summary": "Nobody here", "count": 0}, "contact": {}, "photos": {"groups": [], "count": 0}, "name": "Pin Si \u54c1\u98df", "allowMenuUrlEdit": true, "beenHere": {"lastCheckinExpiredAt": 0, "count": 0, "marked": false}, "stats": {"checkinsCount": 65, "usersCount": 57, "tipCount": 1}, "id": "5730779a498ea744e66b7883", "categories": [{"pluralName": "Chinese Restaurants", "id": "4bf58dd8d48988d145941735", "primary": true, "icon": {"prefix": "https://ss3.4sqi.net/img/categories_v2/food/asian_", "suffix": ".png"}, "name": "Chinese Restaurant", "shortName": "Chinese"}], "location": {"formattedAddress": ["9 Sentul Crescent", "828654", "Singapore"], "postalCode": "828654", "lat": 1.4100562, "lng": 103.90576, "distance": 638, "country": "Singapore", "cc": "SG", "address": "9 Sentul Crescent", "labeledLatLngs": [{"lng": 103.90576, "label": "display", "lat": 1.4100562}]}, "verified": false, "price": {"tier": 1, "currency": "$", "message": "Cheap"}}, "referralId": "e-3-5730779a498ea744e66b7883-49", "tips": [{"id": "592f56c3f427de1192b3fea6", "text": "Food quality & services are above average level. Ambience good", "disagreeCount": 0, "createdAt": 1496274627, "logView": true, "todo": {"count": 0}, "agreeCount": 0, "canonicalUrl": "https://foursquare.com/item/592f56c3f427de1192b3fea6", "type": "user", "user": {"gender": "male", "id": "425687593", "photo": {"prefix": "https://igx.4sqi.net/img/user/", "suffix": "/425687593_dIo2b6Lq_B0uUumbDzUwPPS0dCQb8RZOygHlQVkKhNUKHlb2_ZoLfrZrEEY6TXRjgSbOAnep9.jpg"}, "firstName": "Wong", "lastName": "Heng Cheong"}}]}], "name": "recommended", "type": "Recommended Places"}], "query": "food", "headerLocation": "Punggol"}}