{"meta": {"code": 200, "requestId": "595a3a364c1f67709e483bbe"}, "response": {"suggestedFilters": {"filters": [{"name": "Open now", "key": "openNow"}], "header": "Tap to show:"}, "totalResults": 64, "headerFullLocation": "Punggol, Singapore", "headerLocationGranularity": "neighborhood", "suggestedBounds": {"ne": {"lng": 103.90750256409235, "lat": 1.4190704656532271}, "sw": {"lng": 103.89312507125364, "lat": 1.4046704512532129}}, "groups": [{"items": [{"reasons": {"items": [{"reasonName": "globalInteractionReason", "summary": "This spot is popular", "type": "general"}], "count": 0}, "venue": {"hereNow": {"groups": [], "summary": "Nobody here", "count": 0}, "contact": {}, "photos": {"groups": [], "count": 0}, "name": "Dunkin' Donuts", "allowMenuUrlEdit": true, "beenHere": {"lastCheckinExpiredAt": 0, "count": 0, "marked": false}, "stats": {"checkinsCount": 38, "usersCount": 24, "tipCount": 0}, "id": "56d57238498ebee118db4cfc", "categories": [{"pluralName": "Donut Shops", "id": "4bf58dd8d48988d148941735", "primary": true, "icon": {"prefix": "https://ss3.4sqi.net/img/categories_v2/food/donuts_", "suffix": ".png"}, "name": "Donut Shop", "shortName": "Donuts"}], "location": {"lat": 1.4063824798804239, "distance": 646, "country": "Singapore", "cc": "SG", "crossStreet": "83 Punggol Central", "formattedAddress": ["Waterway Point, West B1 (83 Punggol Central)", "828761", "Singapore"], "city": "Punggol", "lng": 103.90220710561562, "state": "North East Community Development Region", "labeledLatLngs": [{"lng": 103.90220710561562, "label": "display", "lat": 1.4063824798804239}], "address": "Waterway Point, West B1", "postalCode": "828761"}, "verified": false, "price": {"tier": 1, "currency": "$", "message": "Cheap"}}, "referralId": "e-3-56d57238498ebee118db4cfc-50"}, {"reasons": {"items": [{"reasonName": "globalInteractionReason", "summary": "This spot is popular", "type": "general"}], "count": 0}, "venue": {"hereNow": {"groups": [], "summary": "Nobody here", "count": 0}, "contact": {}, "photos": {"groups": [], "count": 0}, "name": "Heavenly Wang", "allowMenuUrlEdit": true, "beenHere": {"lastCheckinExpiredAt": 0, "count": 0, "marked": false}, "stats": {"checkinsCount": 61, "usersCount": 49, "tipCount": 0}, "id": "575f680e498e22fa25bed89e", "categories": [{"pluralName": "Caf\u00e9s", "id": "4bf58dd8d48988d16d941735", "primary": true, "icon": {"prefix": "https://ss3.4sqi.net/img/categories_v2/food/cafe_", "suffix": ".png"}, "name": "Caf\u00e9", "shortName": "Caf\u00e9"}], "location": {"formattedAddress": ["10 Sentul Crescent", "828851", "Singapore"], "postalCode": "828851", "lat": 1.410327, "lng": 103.905959, "state": "North East Community Development Region", "country": "Singapore", "distance": 651, "city": "Punggol", "cc": "SG", "address": "10 Sentul Crescent", "labeledLatLngs": [{"lng": 103.905959, "label": "display", "lat": 1.410327}]}, "hours": {"isLocalHoliday": false, "isOpen": true, "status": "Open until 9:30 PM"}, "verified": false, "price": {"tier": 1, "currency": "$", "message": "Cheap"}}, "referralId": "e-3-575f680e498e22fa25bed89e-51"}, {"reasons": {"items": [{"reasonName": "globalInteractionReason", "summary": "This spot is popular", "type": "general"}], "count": 0}, "venue": {"hereNow": {"groups": [], "summary": "Nobody here", "count": 0}, "contact": {"facebook": "1654986284754339", "facebookName": "GroVe \u4e00\u7d20"}, "photos": {"groups": [], "count": 0}, "menu": {"mobileUrl": "https://lookaside.fbsbx.com/file/GroVe%20Menu.pdf?token=AWzz3DFXAUKNev5vdgGDFGcglHie8v9sdPRach1hTwgxrTmbnLA601JQ9kx2Hk-bY-Avi6znW3NZPf_uyZ_iaPifQQFHDhcnIAMNsa7sJFmEmnnrP-sWcKTF6IySbZVApkuZimFflz2FOztJPN9WNpZW", "externalUrl": "https://lookaside.fbsbx.com/file/GroVe%20Menu.pdf?token=AWzz3DFXAUKNev5vdgGDFGcglHie8v9sdPRach1hTwgxrTmbnLA601JQ9kx2Hk-bY-Avi6znW3NZPf_uyZ_iaPifQQFHDhcnIAMNsa7sJFmEmnnrP-sWcKTF6IySbZVApkuZimFflz2FOztJPN9WNpZW", "url": "https://lookaside.fbsbx.com/file/GroVe%20Menu.pdf?token=AWzz3DFXAUKNev5vdgGDFGcglHie8v9sdPRach1hTwgxrTmbnLA601JQ9kx2Hk-bY-Avi6znW3NZPf_uyZ_iaPifQQFHDhcnIAMNsa7sJFmEmnnrP-sWcKTF6IySbZVApkuZimFflz2FOztJPN9WNpZW", "anchor": "View Menu", "label": "Menu", "type": "Menu"}, "name": "GroVe \u7d20", "allowMenuUrlEdit": true, "beenHere": {"lastCheckinExpiredAt": 0, "count": 0, "marked": false}, "stats": {"checkinsCount": 62, "usersCount": 46, "tipCount": 1}, "id": "56e02e63498e6047a9a9ba69", "categories": [{"pluralName": "Vegetarian / Vegan Restaurants", "id": "4bf58dd8d48988d1d3941735", "primary": true, "icon": {"prefix": "https://ss3.4sqi.net/img/categories_v2/food/vegetarian_", "suffix": ".png"}, "name": "Vegetarian / Vegan Restaurant", "shortName": "Vegetarian / Vegan"}], "location": {"lng": 103.90181630180199, "formattedAddress": ["83 Punggol Central #02-20/21 Waterway Point West Wing Singapore 828761 (83 Punggol Central)", "828761", "Singapore"], "postalCode": "828761", "lat": 1.4061328470875707, "crossStreet": "83 Punggol Central", "country": "Singapore", "distance": 660, "city": "Singapore", "cc": "SG", "address": "83 Punggol Central #02-20/21 Waterway Point West Wing Singapore 828761", "labeledLatLngs": [{"lng": 103.90181630180199, "label": "display", "lat": 1.4061328470875707}]}, "hours": {"isLocalHoliday": false, "isOpen": true, "status": "Open until 10:00 PM"}, "verified": false, "price": {"tier": 2, "currency": "$", "message": "Moderate"}}, "referralId": "e-3-56e02e63498e6047a9a9ba69-52", "tips": [{"logView": true, "photo": {"id": "57748caa498e206063108d1c", "visibility": "public", "source": {"name": "Foursquare Web", "url": "https://foursquare.com"}, "suffix": "/13783646_XtIRTTwWhRLNhVYK1XcWS_m6NF9-xmHAgO_QoR0wJ2g.jpg", "createdAt": 1467255978, "prefix": "https://igx.4sqi.net/img/general/", "width": 1242, "height": 1174}, "createdAt": 1467255976, "agreeCount": 0, "id": "57748ca8498e0548dc5ae4a1", "text": "Food taste great, improved a lot! All their western food items are non-vegan as they contain cheese. The staff can't confirm which dish contains egg...", "type": "user", "disagreeCount": 0, "user": {"gender": "female", "id": "13783646", "photo": {"prefix": "https://igx.4sqi.net/img/user/", "suffix": "/13783646-GWWYTWC121DFAH4D.jpg"}, "firstName": "Cheryl", "lastName": "Quincy"}, "canonicalUrl": "https://foursquare.com/item/57748ca8498e0548dc5ae4a1", "todo": {"count": 0}, "photourl": "https://igx.4sqi.net/img/general/original/13783646_XtIRTTwWhRLNhVYK1XcWS_m6NF9-xmHAgO_QoR0wJ2g.jpg"}]}, {"reasons": {"items": [{"reasonName": "globalInteractionReason", "summary": "This spot is popular", "type": "general"}], "count": 0}, "venue": {"hereNow": {"groups": [], "summary": "Nobody here", "count": 0}, "contact": {}, "photos": {"groups": [], "count": 0}, "name": "issho family restaurant", "allowMenuUrlEdit": true, "beenHere": {"lastCheckinExpiredAt": 0, "count": 0, "marked": false}, "stats": {"checkinsCount": 37, "usersCount": 33, "tipCount": 1}, "id": "57a47293498e9c810306a3e7", "categories": [{"pluralName": "Japanese Restaurants", "id": "4bf58dd8d48988d111941735", "primary": true, "icon": {"prefix": "https://ss3.4sqi.net/img/categories_v2/food/japanese_", "suffix": ".png"}, "name": "Japanese Restaurant", "shortName": "Japanese"}], "location": {"formattedAddress": ["Singapore"], "lat": 1.410518, "lng": 103.906189, "state": "North East Community Development Region", "country": "Singapore", "distance": 670, "city": "Punggol", "cc": "SG", "labeledLatLngs": [{"lng": 103.906189, "label": "display", "lat": 1.410518}]}, "verified": false, "price": {"tier": 2, "currency": "$", "message": "Moderate"}}, "referralId": "e-3-57a47293498e9c810306a3e7-53", "tips": [{"id": "583d748d2e9fde4e36e9c1a5", "text": "Wtf! If we request for additional glass cup for the pot of green tea, they will charge additional $2.50! The amt of tea is still the same wat!? \u4e58\u706b\u6253\u52ab", "disagreeCount": 0, "createdAt": 1480422541, "logView": true, "todo": {"count": 0}, "agreeCount": 0, "canonicalUrl": "https://foursquare.com/item/583d748d2e9fde4e36e9c1a5", "type": "user", "user": {"gender": "male", "id": "4861741", "photo": {"prefix": "https://igx.4sqi.net/img/user/", "suffix": "/4861741-2NVUXAT2JV5CR3EB"}, "firstName": "Siang Hwee", "lastName": "Foo"}}]}, {"reasons": {"items": [{"reasonName": "globalInteractionReason", "summary": "This spot is popular", "type": "general"}], "count": 0}, "venue": {"hereNow": {"groups": [], "summary": "Nobody here", "count": 0}, "contact": {}, "photos": {"groups": [], "count": 0}, "name": "Jack's Place", "allowMenuUrlEdit": true, "beenHere": {"lastCheckinExpiredAt": 0, "count": 0, "marked": false}, "stats": {"checkinsCount": 76, "usersCount": 62, "tipCount": 2}, "id": "572dc3bb498eb629807775eb", "categories": [{"pluralName": "Steakhouses", "id": "4bf58dd8d48988d1cc941735", "primary": true, "icon": {"prefix": "https://ss3.4sqi.net/img/categories_v2/food/steakhouse_", "suffix": ".png"}, "name": "Steakhouse", "shortName": "Steakhouse"}], "location": {"lng": 103.906363, "formattedAddress": ["SAFRA Punggol (10 Sentul Crescent)", "Singapore"], "lat": 1.410821, "crossStreet": "10 Sentul Crescent", "state": "North East Community Development Region", "country": "Singapore", "distance": 683, "city": "Punggol", "cc": "SG", "address": "SAFRA Punggol", "labeledLatLngs": [{"lng": 103.906363, "label": "display", "lat": 1.410821}]}, "verified": false, "price": {"tier": 4, "currency": "$", "message": "Very Expensive"}}, "referralId": "e-3-572dc3bb498eb629807775eb-54", "tips": [{"id": "572dcdc2498e94f4c3c48ef9", "text": "Very generous serving of #garlic #bread with the #soup of the day. A little stale though.", "disagreeCount": 0, "createdAt": 1462619586, "logView": true, "todo": {"count": 0}, "agreeCount": 1, "canonicalUrl": "https://foursquare.com/item/572dcdc2498e94f4c3c48ef9", "type": "user", "user": {"gender": "male", "id": "5406597", "photo": {"prefix": "https://igx.4sqi.net/img/user/", "suffix": "/5406597-OQPKWR5ET4QO5EMC.jpg"}, "firstName": "Aaron", "lastName": "Wong"}}]}, {"reasons": {"items": [{"reasonName": "globalInteractionReason", "summary": "This spot is popular", "type": "general"}], "count": 0}, "venue": {"hereNow": {"groups": [], "summary": "Nobody here", "count": 0}, "contact": {}, "photos": {"groups": [], "count": 0}, "name": "Siam Thai Tuckshop", "allowMenuUrlEdit": true, "beenHere": {"lastCheckinExpiredAt": 0, "count": 0, "marked": false}, "stats": {"checkinsCount": 40, "usersCount": 35, "tipCount": 2}, "id": "571b0b78498e5b41250a5eb5", "categories": [{"pluralName": "Thai Restaurants", "id": "4bf58dd8d48988d149941735", "primary": true, "icon": {"prefix": "https://ss3.4sqi.net/img/categories_v2/food/thai_", "suffix": ".png"}, "name": "Thai Restaurant", "shortName": "Thai"}], "location": {"lat": 1.4104953330589183, "distance": 699, "country": "Singapore", "cc": "SG", "crossStreet": "9 Sentul Crescent", "formattedAddress": ["#02-05 SAFRA Punggol Club (9 Sentul Crescent)", "828654", "Singapore"], "city": "Punggol", "lng": 103.90644371709489, "state": "North East Community Development Region", "labeledLatLngs": [{"lng": 103.90644371709489, "label": "display", "lat": 1.4104953330589183}], "address": "#02-05 SAFRA Punggol Club", "postalCode": "828654"}, "verified": false, "price": {"tier": 2, "currency": "$", "message": "Moderate"}}, "referralId": "e-3-571b0b78498e5b41250a5eb5-55", "tips": [{"id": "5933f1fc75a6ea7ca8813181", "text": "Family friendly. Aircon is not too cold. Staff is friendly", "disagreeCount": 0, "createdAt": 1496576508, "logView": true, "todo": {"count": 0}, "agreeCount": 0, "canonicalUrl": "https://foursquare.com/item/5933f1fc75a6ea7ca8813181", "type": "user", "user": {"id": "21284359", "photo": {"prefix": "https://igx.4sqi.net/img/user/", "suffix": "/CSGKAQLY1WCO2OE4.jpg"}, "firstName": "Miico", "gender": "none"}}]}, {"reasons": {"items": [{"reasonName": "globalInteractionReason", "summary": "This spot is popular", "type": "general"}], "count": 0}, "venue": {"hereNow": {"groups": [], "summary": "Nobody here", "count": 0}, "contact": {}, "photos": {"groups": [], "count": 0}, "name": "Tuk Tuk Cha", "allowMenuUrlEdit": true, "beenHere": {"lastCheckinExpiredAt": 0, "count": 0, "marked": false}, "stats": {"checkinsCount": 71, "usersCount": 41, "tipCount": 0}, "id": "58393fc1d6fe900bdcca2460", "categories": [{"pluralName": "Snack Places", "id": "4bf58dd8d48988d1c7941735", "primary": true, "icon": {"prefix": "https://ss3.4sqi.net/img/categories_v2/food/snacks_", "suffix": ".png"}, "name": "Snack Place", "shortName": "Snacks"}], "location": {"lng": 103.902505, "formattedAddress": ["#B1-K8, Waterway Point (83 Punggol Point)", "828761", "Singapore"], "postalCode": "828761", "lat": 1.405874, "crossStreet": "83 Punggol Point", "country": "Singapore", "distance": 710, "city": "Singapore", "cc": "SG", "address": "#B1-K8, Waterway Point", "labeledLatLngs": [{"lng": 103.902505, "label": "display", "lat": 1.405874}]}, "verified": false, "price": {"tier": 1, "currency": "$", "message": "Cheap"}}, "referralId": "e-3-58393fc1d6fe900bdcca2460-56"}, {"reasons": {"items": [{"reasonName": "globalInteractionReason", "summary": "This spot is popular", "type": "general"}], "count": 0}, "venue": {"hereNow": {"groups": [], "summary": "Nobody here", "count": 0}, "contact": {}, "photos": {"groups": [], "count": 0}, "name": "DANRO Japanese Hotpot", "allowMenuUrlEdit": true, "beenHere": {"lastCheckinExpiredAt": 0, "count": 0, "marked": false}, "stats": {"checkinsCount": 106, "usersCount": 69, "tipCount": 2}, "id": "5770d1d7498e0917b1a78a5d", "categories": [{"pluralName": "Restaurants", "id": "4bf58dd8d48988d1c4941735", "primary": true, "icon": {"prefix": "https://ss3.4sqi.net/img/categories_v2/food/default_", "suffix": ".png"}, "name": "Restaurant", "shortName": "Restaurant"}], "location": {"lng": 103.901694, "formattedAddress": ["Waterway Point (#01)", "Singapore"], "lat": 1.405508, "crossStreet": "#01", "distance": 724, "country": "Singapore", "cc": "SG", "address": "Waterway Point", "labeledLatLngs": [{"lng": 103.901694, "label": "display", "lat": 1.405508}]}, "verified": false, "price": {"tier": 2, "currency": "$", "message": "Moderate"}}, "referralId": "e-3-5770d1d7498e0917b1a78a5d-57", "tips": [{"id": "585fa8ea2321c6675b64cfd2", "text": "They are \u201dreminding\" ppl on how much time they left while customer are still eating  . \"Great \" customer service .", "disagreeCount": 0, "createdAt": 1482664170, "logView": true, "todo": {"count": 0}, "agreeCount": 0, "canonicalUrl": "https://foursquare.com/item/585fa8ea2321c6675b64cfd2", "type": "user", "user": {"gender": "male", "id": "206867212", "photo": {"prefix": "https://igx.4sqi.net/img/user/", "suffix": "/206867212-W4ODY43RL5VCIRSD.jpg"}, "firstName": "You Qiang", "lastName": "Tew"}}]}, {"reasons": {"items": [{"reasonName": "globalInteractionReason", "summary": "This spot is popular", "type": "general"}], "count": 0}, "venue": {"hereNow": {"groups": [], "summary": "Nobody here", "count": 0}, "contact": {}, "photos": {"groups": [], "count": 0}, "name": "Mr Bean", "allowMenuUrlEdit": true, "beenHere": {"lastCheckinExpiredAt": 0, "count": 0, "marked": false}, "stats": {"checkinsCount": 30, "usersCount": 22, "tipCount": 0}, "id": "56da192c498e60abd9bde0f1", "categories": [{"pluralName": "Snack Places", "id": "4bf58dd8d48988d1c7941735", "primary": true, "icon": {"prefix": "https://ss3.4sqi.net/img/categories_v2/food/snacks_", "suffix": ".png"}, "name": "Snack Place", "shortName": "Snacks"}], "location": {"lat": 1.4056665007358422, "distance": 728, "country": "Singapore", "cc": "SG", "crossStreet": "83 Punggol Central", "formattedAddress": ["Waterway Point, Boardwalk #01-K1 (83 Punggol Central)", "828761", "Singapore"], "city": "Punggol", "lng": 103.9024053398606, "state": "North East Community Development Region", "labeledLatLngs": [{"lng": 103.9024053398606, "label": "display", "lat": 1.4056665007358422}], "address": "Waterway Point, Boardwalk #01-K1", "postalCode": "828761"}, "verified": false, "price": {"tier": 1, "currency": "$", "message": "Cheap"}}, "referralId": "e-3-56da192c498e60abd9bde0f1-58"}, {"reasons": {"items": [{"reasonName": "globalInteractionReason", "summary": "This spot is popular", "type": "general"}], "count": 0}, "venue": {"hereNow": {"groups": [], "summary": "Nobody here", "count": 0}, "contact": {}, "photos": {"groups": [], "count": 0}, "name": "Waterdrop Teahouse", "allowMenuUrlEdit": true, "beenHere": {"lastCheckinExpiredAt": 0, "count": 0, "marked": false}, "stats": {"checkinsCount": 122, "usersCount": 66, "tipCount": 5}, "id": "4ceb5012f1c6236a1c856ff0", "categories": [{"pluralName": "Vegetarian / Vegan Restaurants", "id": "4bf58dd8d48988d1d3941735", "primary": true, "icon": {"prefix": "https://ss3.4sqi.net/img/categories_v2/food/vegetarian_", "suffix": ".png"}, "name": "Vegetarian / Vegan Restaurant", "shortName": "Vegetarian / Vegan"}], "location": {"lng": 103.90535, "formattedAddress": ["1 Punggol Place (at Fo Guang Shan Buddhist Centre)", "828844", "Singapore"], "postalCode": "828844", "lat": 1.406747, "crossStreet": "at Fo Guang Shan Buddhist Centre", "country": "Singapore", "distance": 799, "city": "Singapore", "cc": "SG", "address": "1 Punggol Place", "labeledLatLngs": [{"lng": 103.90535, "label": "display", "lat": 1.406747}]}, "verified": false, "price": {"tier": 2, "currency": "$", "message": "Moderate"}}, "referralId": "e-3-4ceb5012f1c6236a1c856ff0-59", "tips": [{"id": "4d861f8640a7a35dd7592ebe", "text": "Miso mee sua!! Although very little ingredient it is nice!!!", "disagreeCount": 0, "logView": true, "createdAt": 1300635526, "likes": {"groups": [], "summary": "2 likes", "count": 2}, "todo": {"count": 0}, "agreeCount": 0, "canonicalUrl": "https://foursquare.com/item/4d861f8640a7a35dd7592ebe", "type": "user", "user": {"gender": "female", "id": "5172055", "photo": {"prefix": "https://igx.4sqi.net/img/user/", "suffix": "/E4FID2KNHTDCJ5J4.jpg"}, "firstName": "Valarie", "lastName": "Yeo Ya Ting"}}]}, {"reasons": {"items": [{"reasonName": "globalInteractionReason", "summary": "This spot is popular", "type": "general"}], "count": 0}, "venue": {"hereNow": {"groups": [], "summary": "Nobody here", "count": 0}, "contact": {"facebook": "320126421456905", "twitter": "miammiamsg", "facebookName": "Miam Miam French Japanese Cafe Kitchen", "phone": "+6563858098", "formattedPhone": "+65 6385 8098"}, "photos": {"groups": [], "count": 0}, "rating": 5.3, "name": "Miam Miam", "ratingSignals": 16, "allowMenuUrlEdit": true, "categories": [{"pluralName": "French Restaurants", "id": "4bf58dd8d48988d10c941735", "primary": true, "icon": {"prefix": "https://ss3.4sqi.net/img/categories_v2/food/french_", "suffix": ".png"}, "name": "French Restaurant", "shortName": "French"}], "stats": {"checkinsCount": 288, "usersCount": 223, "tipCount": 4}, "id": "569e27a6498e002cf80c7bd2", "beenHere": {"lastCheckinExpiredAt": 0, "count": 0, "marked": false}, "url": "http://miam.sg", "ratingColor": "FF9600", "location": {"lng": 103.90214480348362, "formattedAddress": ["#01-62 Waterway Point (83 Punggol Central)", "828761", "Singapore"], "postalCode": "828761", "lat": 1.4063604989024592, "crossStreet": "83 Punggol Central", "country": "Singapore", "distance": 646, "city": "Singapore", "cc": "SG", "address": "#01-62 Waterway Point", "labeledLatLngs": [{"lng": 103.90214480348362, "label": "display", "lat": 1.4063604989024592}]}, "hours": {"isLocalHoliday": false, "isOpen": true, "status": "Likely open"}, "verified": false, "price": {"tier": 3, "currency": "$", "message": "Expensive"}}, "referralId": "e-3-569e27a6498e002cf80c7bd2-60", "tips": [{"logView": true, "photo": {"id": "57c2b93a498e4d84a7964238", "visibility": "public", "source": {"name": "Foursquare for iOS", "url": "https://foursquare.com/download/#/iphone"}, "suffix": "/41592274_47nIZzZS4Zv6DRAn0Ikygs-_Gm6EYjp7IvTdXxWSN8Q.jpg", "createdAt": 1472379194, "prefix": "https://igx.4sqi.net/img/general/", "width": 1440, "height": 1440}, "createdAt": 1472379192, "agreeCount": 1, "id": "57c2b938498e0e3001d5782e", "text": "And take note that it's Lobster Bisque SAUCE pasta. Comes with crayfish. Would argue that the name is misleading, and hope tt the others doesn't make the same mistake.", "type": "user", "disagreeCount": 0, "user": {"gender": "female", "id": "41592274", "photo": {"prefix": "https://igx.4sqi.net/img/user/", "suffix": "/41592274-5Y3KXF4YO4FFHLUD.jpg"}, "firstName": "TsuiRen", "lastName": "Clover"}, "canonicalUrl": "https://foursquare.com/item/57c2b938498e0e3001d5782e", "todo": {"count": 0}, "photourl": "https://igx.4sqi.net/img/general/original/41592274_47nIZzZS4Zv6DRAn0Ikygs-_Gm6EYjp7IvTdXxWSN8Q.jpg"}]}, {"reasons": {"items": [{"reasonName": "globalInteractionReason", "summary": "This spot is popular", "type": "general"}], "count": 0}, "venue": {"contact": {}, "photos": {"groups": [], "count": 0}, "rating": 5.2, "name": "Encik Tan", "ratingSignals": 15, "allowMenuUrlEdit": true, "categories": [{"pluralName": "Halal Restaurants", "id": "52e81612bcbc57f1066b79ff", "primary": true, "icon": {"prefix": "https://ss3.4sqi.net/img/categories_v2/food/halal_", "suffix": ".png"}, "name": "Halal Restaurant", "shortName": "Halal"}], "stats": {"checkinsCount": 409, "usersCount": 240, "tipCount": 6}, "id": "569f5912498e377c6e5c94fc", "beenHere": {"lastCheckinExpiredAt": 0, "count": 0, "marked": false}, "url": "http://enciktan.com.sg", "ratingColor": "FF9600", "location": {"lng": 103.90235436531303, "formattedAddress": ["#B2-03 Waterway Point (83 Punggol Central)", "828761", "Singapore"], "postalCode": "828761", "lat": 1.4069368634699286, "crossStreet": "83 Punggol Central", "country": "Singapore", "distance": 594, "city": "Singapore", "cc": "SG", "address": "#B2-03 Waterway Point", "labeledLatLngs": [{"lng": 103.90235436531303, "label": "display", "lat": 1.4069368634699286}]}, "hours": {"isLocalHoliday": false, "isOpen": true, "status": "Open"}, "verified": false, "hereNow": {"groups": [{"items": [], "name": "Other people here", "count": 1, "type": "others"}], "summary": "One other person is here", "count": 1}}, "referralId": "e-3-569f5912498e377c6e5c94fc-61", "tips": [{"id": "5753e3e9cd1074e533c514e9", "text": "Affordable food but staff has an attitude problem. Confusing queue system too", "disagreeCount": 0, "logView": true, "createdAt": 1465115625, "likes": {"groups": [], "summary": "1 like", "count": 1}, "todo": {"count": 0}, "agreeCount": 2, "canonicalUrl": "https://foursquare.com/item/5753e3e9cd1074e533c514e9", "type": "user", "user": {"gender": "female", "id": "519624", "photo": {"prefix": "https://igx.4sqi.net/img/user/", "suffix": "/TWDYADBCZBEFGQ55.jpg"}, "firstName": "Eve", "lastName": "Ng"}}]}, {"reasons": {"items": [{"reasonName": "globalInteractionReason", "summary": "This spot is popular", "type": "general"}], "count": 0}, "venue": {"contact": {"phone": "+6563858195", "formattedPhone": "+65 6385 8195"}, "photos": {"groups": [], "count": 0}, "rating": 5.1, "name": "Menya Musashi Kinko", "ratingSignals": 9, "allowMenuUrlEdit": true, "categories": [{"pluralName": "Ramen Restaurants", "id": "55a59bace4b013909087cb24", "primary": true, "icon": {"prefix": "https://ss3.4sqi.net/img/categories_v2/food/ramen_", "suffix": ".png"}, "name": "Ramen Restaurant", "shortName": "Ramen"}], "stats": {"checkinsCount": 272, "usersCount": 221, "tipCount": 1}, "id": "56a22f2c498e621ab9f13ee8", "beenHere": {"lastCheckinExpiredAt": 0, "count": 0, "marked": false}, "ratingColor": "FF9600", "location": {"lng": 103.90221843327903, "formattedAddress": ["Waterway Point (83 Punggol Central)", "Singapore"], "lat": 1.4065196629916261, "crossStreet": "83 Punggol Central", "country": "Singapore", "distance": 632, "city": "Singapore", "cc": "SG", "address": "Waterway Point", "labeledLatLngs": [{"lng": 103.90221843327903, "label": "display", "lat": 1.4065196629916261}]}, "hours": {"isLocalHoliday": false, "isOpen": true, "status": "Likely open"}, "verified": false, "hereNow": {"groups": [], "summary": "Nobody here", "count": 0}}, "referralId": "e-3-56a22f2c498e621ab9f13ee8-62", "tips": [{"id": "56c94db6498e1ca2b1c4e808", "text": "Tasty ramen,  with choice of white, black or red soup, thin or thick noodles.  Red soup is fairly spicy,  but loaded with MSG!", "disagreeCount": 0, "logView": true, "createdAt": 1456033206, "likes": {"groups": [], "summary": "1 like", "count": 1}, "todo": {"count": 0}, "agreeCount": 1, "canonicalUrl": "https://foursquare.com/item/56c94db6498e1ca2b1c4e808", "type": "user", "user": {"id": "10224886", "photo": {"prefix": "https://igx.4sqi.net/img/user/", "suffix": "/WSTGKEHIUX033DCU.jpg"}, "firstName": "MAC", "gender": "none"}}]}, {"reasons": {"items": [{"reasonName": "globalInteractionReason", "summary": "This spot is popular", "type": "general"}], "count": 0}, "venue": {"contact": {}, "photos": {"groups": [], "count": 0}, "rating": 4.6, "name": "London Fat Duck", "ratingSignals": 22, "allowMenuUrlEdit": true, "categories": [{"pluralName": "Hong Kong Restaurants", "id": "52af3add3cf9994f4e043bf5", "primary": true, "icon": {"prefix": "https://ss3.4sqi.net/img/categories_v2/food/asian_", "suffix": ".png"}, "name": "Hong Kong Restaurant", "shortName": "Hong Kong"}], "stats": {"checkinsCount": 323, "usersCount": 259, "tipCount": 10}, "id": "56bd9a26498ef768f82c8500", "beenHere": {"lastCheckinExpiredAt": 0, "count": 0, "marked": false}, "ratingColor": "FF6701", "location": {"lng": 103.90208250137998, "formattedAddress": ["Lv 1, Waterway Point (83 Punggol Central)", "828761", "Singapore"], "postalCode": "828761", "lat": 1.4061544498316647, "crossStreet": "83 Punggol Central", "country": "Singapore", "distance": 666, "city": "Singapore", "cc": "SG", "address": "Lv 1, Waterway Point", "labeledLatLngs": [{"lng": 103.90208250137998, "label": "display", "lat": 1.4061544498316647}]}, "hours": {"isLocalHoliday": false, "isOpen": true, "status": "Likely open"}, "verified": false, "hereNow": {"groups": [], "summary": "Nobody here", "count": 0}}, "referralId": "e-3-56bd9a26498ef768f82c8500-63", "tips": [{"id": "56bf1d75498e87321fc8ee08", "text": "Not sure what's good here! Can't even try when their queue management is so lousy!", "disagreeCount": 0, "logView": true, "createdAt": 1455365493, "likes": {"groups": [], "summary": "1 like", "count": 1}, "todo": {"count": 0}, "agreeCount": 1, "canonicalUrl": "https://foursquare.com/item/56bf1d75498e87321fc8ee08", "type": "user", "user": {"gender": "female", "id": "4901603", "photo": {"prefix": "https://igx.4sqi.net/img/user/", "suffix": "/4901603-UZ1SGJWHNFARG5UK.jpg"}, "firstName": "Sherlyn", "lastName": "Lee"}}]}], "name": "recommended", "type": "Recommended Places"}], "query": "food", "headerLocation": "Punggol"}}