{"meta": {"code": 200, "requestId": "595a3aa8dd57972d2ddce8b3"}, "response": {"suggestedFilters": {"filters": [{"name": "Open now", "key": "openNow"}], "header": "Tap to show:"}, "totalResults": 27, "headerFullLocation": "Sengkang, Singapore", "headerLocationGranularity": "neighborhood", "suggestedBounds": {"ne": {"lng": 103.91316227909635, "lat": 1.3986685040385571}, "sw": {"lng": 103.89878491152564, "lat": 1.3842684896385429}}, "groups": [{"items": [{"reasons": {"items": [{"reasonName": "globalInteractionReason", "summary": "This spot is popular", "type": "general"}], "count": 0}, "venue": {"hereNow": {"groups": [], "summary": "Nobody here", "count": 0}, "contact": {"twitter": "kfc_sg"}, "photos": {"groups": [], "count": 0}, "rating": 6.4, "name": "KFC", "ratingSignals": 11, "allowMenuUrlEdit": true, "categories": [{"pluralName": "Fried Chicken Joints", "id": "4d4ae6fc7a7b7dea34424761", "primary": true, "icon": {"prefix": "https://ss3.4sqi.net/img/categories_v2/food/friedchicken_", "suffix": ".png"}, "name": "Fried Chicken Joint", "shortName": "Fried Chicken"}], "stats": {"checkinsCount": 1312, "usersCount": 558, "tipCount": 6}, "id": "4c49883c1b430f473e9ea7c3", "beenHere": {"lastCheckinExpiredAt": 0, "count": 0, "marked": false}, "url": "http://www.kfc.com.sg", "ratingColor": "FFC800", "location": {"lng": 103.90476718137369, "formattedAddress": ["#01-36, Rivervale Mall (11 Rivervale Crescent)", "545082", "Singapore"], "postalCode": "545082", "lat": 1.392353715357758, "crossStreet": "11 Rivervale Crescent", "country": "Singapore", "distance": 166, "city": "Singapore", "cc": "SG", "address": "#01-36, Rivervale Mall", "labeledLatLngs": [{"lng": 103.90476718137369, "label": "display", "lat": 1.392353715357758}]}, "hours": {"isLocalHoliday": false, "isOpen": true, "status": "Likely open"}, "verified": false, "price": {"tier": 1, "currency": "$", "message": "Cheap"}}, "referralId": "e-3-4c49883c1b430f473e9ea7c3-0", "tips": [{"id": "4ff51908e4b0d615834224cd", "text": "Service counter staff was kind enough to offer help and delivered my tray of food seeing how I was with an infant and bag. Kudos!", "disagreeCount": 0, "createdAt": 1341462792, "logView": true, "todo": {"count": 0}, "agreeCount": 0, "canonicalUrl": "https://foursquare.com/item/4ff51908e4b0d615834224cd", "type": "user", "user": {"id": "1906309", "photo": {"prefix": "https://igx.4sqi.net/img/user/", "suffix": "/C3DYM43Y33HYK03Q.jpg"}, "firstName": "belle tamang yayah", "gender": "female"}}]}, {"reasons": {"items": [{"reasonName": "globalInteractionReason", "summary": "This spot is popular", "type": "general"}], "count": 0}, "venue": {"hereNow": {"groups": [], "summary": "Nobody here", "count": 0}, "contact": {"phone": "+6563120289", "formattedPhone": "+65 6312 0289"}, "photos": {"groups": [], "count": 0}, "rating": 6.4, "name": "Subway", "ratingSignals": 11, "allowMenuUrlEdit": true, "categories": [{"pluralName": "Sandwich Places", "id": "4bf58dd8d48988d1c5941735", "primary": true, "icon": {"prefix": "https://ss3.4sqi.net/img/categories_v2/food/deli_", "suffix": ".png"}, "name": "Sandwich Place", "shortName": "Sandwiches"}], "stats": {"checkinsCount": 1276, "usersCount": 489, "tipCount": 6}, "id": "4cce5a19ee23a1431d992ba8", "beenHere": {"lastCheckinExpiredAt": 0, "count": 0, "marked": false}, "ratingColor": "FFC800", "location": {"lng": 103.90461425515021, "formattedAddress": ["#01-31, 11 Rivervale Cres. (Rivervale Mall)", "545082", "Singapore"], "postalCode": "545082", "lat": 1.3913655833561134, "crossStreet": "Rivervale Mall", "country": "Singapore", "distance": 151, "city": "Singapore", "cc": "SG", "address": "#01-31, 11 Rivervale Cres.", "labeledLatLngs": [{"lng": 103.90461425515021, "label": "display", "lat": 1.3913655833561134}]}, "hours": {"isLocalHoliday": false, "isOpen": true, "status": "Likely open"}, "verified": false, "price": {"tier": 1, "currency": "$", "message": "Cheap"}}, "referralId": "e-3-4cce5a19ee23a1431d992ba8-1", "tips": [{"id": "4d2070166e8c37041a67f99f", "text": "12.90 for buddy meal. very worth it. stamps for Junction 8, City Square mall, Ngee Ann Poly", "disagreeCount": 0, "createdAt": 1293971478, "logView": true, "todo": {"count": 0}, "agreeCount": 0, "canonicalUrl": "https://foursquare.com/item/4d2070166e8c37041a67f99f", "type": "user", "user": {"gender": "male", "id": "856636", "photo": {"prefix": "https://igx.4sqi.net/img/user/", "suffix": "/JBJUSFZ10BOQXRUZ.jpg"}, "firstName": "Wei Jian", "lastName": "Tan"}}]}, {"reasons": {"items": [{"reasonName": "globalInteractionReason", "summary": "This spot is popular", "type": "general"}], "count": 0}, "venue": {"hereNow": {"groups": [], "summary": "Nobody here", "count": 0}, "contact": {}, "photos": {"groups": [], "count": 0}, "rating": 6.1, "name": "Nihon Mura Express", "ratingSignals": 9, "allowMenuUrlEdit": true, "categories": [{"pluralName": "Japanese Restaurants", "id": "4bf58dd8d48988d111941735", "primary": true, "icon": {"prefix": "https://ss3.4sqi.net/img/categories_v2/food/japanese_", "suffix": ".png"}, "name": "Japanese Restaurant", "shortName": "Japanese"}], "stats": {"checkinsCount": 673, "usersCount": 289, "tipCount": 1}, "id": "539ae415498e79c6745f377f", "beenHere": {"lastCheckinExpiredAt": 0, "count": 0, "marked": false}, "ratingColor": "FFC800", "location": {"formattedAddress": ["Rivervale Mall", "Singapore"], "lat": 1.3920870516817387, "lng": 103.90506170643339, "distance": 122, "country": "Singapore", "cc": "SG", "address": "Rivervale Mall", "labeledLatLngs": [{"lng": 103.90506170643339, "label": "display", "lat": 1.3920870516817387}]}, "hours": {"isLocalHoliday": false, "isOpen": true, "status": "Likely open"}, "verified": false, "price": {"tier": 2, "currency": "$", "message": "Moderate"}}, "referralId": "e-3-539ae415498e79c6745f377f-2", "tips": [{"logView": true, "photo": {"id": "54020f2c498e817ae3c723cb", "visibility": "public", "source": {"name": "Foursquare for Android", "url": "https://foursquare.com/download/#/android"}, "suffix": "/5013310_ZIVqaYr5ToFOKE8n_46HuU0uP39_h_KoX7BxzEJ9u10.jpg", "createdAt": 1409421100, "prefix": "https://igx.4sqi.net/img/general/", "width": 720, "height": 720}, "createdAt": 1409421092, "todo": {"count": 0}, "agreeCount": 1, "likes": {"groups": [], "summary": "1 like", "count": 1}, "id": "54020f24498e9a4a5d889a3a", "text": "edible lah. can't be too particular for that price ($1.60++ per plate)", "disagreeCount": 0, "user": {"id": "5013310", "photo": {"prefix": "https://igx.4sqi.net/img/user/", "suffix": "/5013310-FAKFWKKSO5XNS5H3.jpg"}, "firstName": "FireIce", "gender": "female"}, "canonicalUrl": "https://foursquare.com/item/54020f24498e9a4a5d889a3a", "type": "user", "photourl": "https://igx.4sqi.net/img/general/original/5013310_ZIVqaYr5ToFOKE8n_46HuU0uP39_h_KoX7BxzEJ9u10.jpg"}]}, {"reasons": {"items": [{"reasonName": "globalInteractionReason", "summary": "This spot is popular", "type": "general"}], "count": 0}, "venue": {"hereNow": {"groups": [], "summary": "Nobody here", "count": 0}, "contact": {"phone": "+6567773777", "formattedPhone": "+65 6777 3777"}, "photos": {"groups": [], "count": 0}, "rating": 5.7, "name": "McDonald's", "ratingSignals": 22, "allowMenuUrlEdit": true, "categories": [{"pluralName": "Burger Joints", "id": "4bf58dd8d48988d16c941735", "primary": true, "icon": {"prefix": "https://ss3.4sqi.net/img/categories_v2/food/burger_", "suffix": ".png"}, "name": "Burger Joint", "shortName": "Burgers"}], "stats": {"checkinsCount": 4116, "usersCount": 1352, "tipCount": 5}, "id": "4b8cafb4f964a52077da32e3", "beenHere": {"lastCheckinExpiredAt": 0, "count": 0, "marked": false}, "ratingColor": "FF9600", "location": {"lng": 103.90491485595703, "formattedAddress": ["#01-27 Rivervale Mall (11 Rivervale Cres.)", "545082", "Singapore"], "postalCode": "545082", "lat": 1.3922942149555384, "crossStreet": "11 Rivervale Cres.", "country": "Singapore", "distance": 149, "city": "Singapore", "cc": "SG", "address": "#01-27 Rivervale Mall", "labeledLatLngs": [{"lng": 103.90491485595703, "label": "display", "lat": 1.3922942149555384}]}, "hours": {"isLocalHoliday": false, "isOpen": true, "status": "Likely open"}, "verified": false, "price": {"tier": 1, "currency": "$", "message": "Cheap"}}, "referralId": "e-3-4b8cafb4f964a52077da32e3-3", "tips": [{"id": "51165d46e4b00037714c326f", "text": "I love the prosperity twister fries", "disagreeCount": 0, "logView": true, "createdAt": 1360420166, "likes": {"groups": [], "summary": "1 like", "count": 1}, "todo": {"count": 0}, "agreeCount": 1, "canonicalUrl": "https://foursquare.com/item/51165d46e4b00037714c326f", "type": "user", "user": {"gender": "male", "id": "25455494", "photo": {"prefix": "https://igx.4sqi.net/img/user/", "suffix": "/25455494-IBFJEKOGPCMRIPTS.jpg"}, "firstName": "Maxwell", "lastName": "Francis"}}]}, {"reasons": {"items": [{"reasonName": "globalInteractionReason", "summary": "This spot is popular", "type": "general"}], "count": 0}, "venue": {"hereNow": {"groups": [], "summary": "Nobody here", "count": 0}, "contact": {"phone": "+6563120348", "formattedPhone": "+65 6312 0348"}, "photos": {"groups": [], "count": 0}, "name": "Jollibean", "allowMenuUrlEdit": true, "beenHere": {"lastCheckinExpiredAt": 0, "count": 0, "marked": false}, "stats": {"checkinsCount": 83, "usersCount": 29, "tipCount": 0}, "id": "4cda3dd7d54954817f2735b2", "categories": [{"pluralName": "Snack Places", "id": "4bf58dd8d48988d1c7941735", "primary": true, "icon": {"prefix": "https://ss3.4sqi.net/img/categories_v2/food/snacks_", "suffix": ".png"}, "name": "Snack Place", "shortName": "Snacks"}], "location": {"lat": 1.3916427651771917, "distance": 123, "country": "Singapore", "cc": "SG", "crossStreet": "11 Rivervale Cres.", "formattedAddress": ["#01-K8, Rivervale Mall (11 Rivervale Cres.)", "545082", "Singapore"], "city": "Sengkang", "lng": 103.90487479622591, "state": "North East Community Development Region", "labeledLatLngs": [{"lng": 103.90487479622591, "label": "display", "lat": 1.3916427651771917}], "address": "#01-K8, Rivervale Mall", "postalCode": "545082"}, "verified": false, "price": {"tier": 1, "currency": "$", "message": "Cheap"}}, "referralId": "e-3-4cda3dd7d54954817f2735b2-4"}, {"reasons": {"items": [{"reasonName": "globalInteractionReason", "summary": "This spot is popular", "type": "general"}], "count": 0}, "venue": {"hereNow": {"groups": [], "summary": "Nobody here", "count": 0}, "contact": {"phone": "+6567550300", "formattedPhone": "+65 6755 0300"}, "photos": {"groups": [], "count": 0}, "name": "BreadTalk Transit", "allowMenuUrlEdit": true, "beenHere": {"lastCheckinExpiredAt": 0, "count": 0, "marked": false}, "stats": {"checkinsCount": 282, "usersCount": 53, "tipCount": 1}, "id": "4ef91e7002d5abdcbcd83dfa", "categories": [{"pluralName": "Bakeries", "id": "4bf58dd8d48988d16a941735", "primary": true, "icon": {"prefix": "https://ss3.4sqi.net/img/categories_v2/food/bakery_", "suffix": ".png"}, "name": "Bakery", "shortName": "Bakery"}], "location": {"lng": 103.90533357628141, "formattedAddress": ["#01-15 Rivervale Mall (11 Rivervale Cres.)", "545082", "Singapore"], "postalCode": "545082", "lat": 1.3910989302513492, "crossStreet": "11 Rivervale Cres.", "country": "Singapore", "distance": 82, "city": "Singapore", "cc": "SG", "address": "#01-15 Rivervale Mall", "labeledLatLngs": [{"lng": 103.90533357628141, "label": "display", "lat": 1.3910989302513492}]}, "hours": {"isLocalHoliday": false, "isOpen": true, "status": "Likely open"}, "verified": false, "price": {"tier": 1, "currency": "$", "message": "Cheap"}}, "referralId": "e-3-4ef91e7002d5abdcbcd83dfa-5", "tips": [{"id": "4f7144ffe4b0c719b23d58e7", "text": "no more swee  heng already become bread talk express \uf620", "disagreeCount": 0, "createdAt": 1332823295, "logView": true, "todo": {"count": 0}, "agreeCount": 0, "canonicalUrl": "https://foursquare.com/item/4f7144ffe4b0c719b23d58e7", "type": "user", "user": {"gender": "none", "id": "12319216", "photo": {"prefix": "https://igx.4sqi.net/img/user/", "suffix": "/CYYMYKWIZKMD2NTG.jpg"}, "firstName": "\ud83d\udc93\u30b8\u30e3", "lastName": "\u30b9\u30df\u30f3\ud83d\udc93"}}]}, {"reasons": {"items": [{"reasonName": "globalInteractionReason", "summary": "This spot is popular", "type": "general"}], "count": 0}, "venue": {"contact": {}, "photos": {"groups": [], "count": 0}, "name": "Lee Wee Brothers", "id": "5548a53b498e6999a3e793c5", "beenHere": {"lastCheckinExpiredAt": 0, "count": 0, "marked": false}, "stats": {"checkinsCount": 87, "usersCount": 51, "tipCount": 0}, "allowMenuUrlEdit": true, "categories": [{"pluralName": "Cafeterias", "id": "4bf58dd8d48988d128941735", "primary": true, "icon": {"prefix": "https://ss3.4sqi.net/img/categories_v2/education/cafeteria_", "suffix": ".png"}, "name": "Cafeteria", "shortName": "Cafeteria"}], "location": {"formattedAddress": ["Rivervale Mall #01-14", "545082", "Singapore"], "postalCode": "545082", "lat": 1.3922502397652528, "lng": 103.90506170643339, "country": "Singapore", "distance": 133, "city": "Singapore", "cc": "SG", "address": "Rivervale Mall #01-14", "labeledLatLngs": [{"lng": 103.90506170643339, "label": "display", "lat": 1.3922502397652528}]}, "venueRatingBlacklisted": true, "verified": false, "hereNow": {"groups": [], "summary": "Nobody here", "count": 0}}, "referralId": "e-3-5548a53b498e6999a3e793c5-6"}, {"reasons": {"items": [{"reasonName": "globalInteractionReason", "summary": "This spot is popular", "type": "general"}], "count": 0}, "venue": {"hereNow": {"groups": [], "summary": "Nobody here", "count": 0}, "contact": {"phone": "+6564890578", "formattedPhone": "+65 6489 0578"}, "photos": {"groups": [], "count": 0}, "name": "Old Chang Kee", "allowMenuUrlEdit": true, "beenHere": {"lastCheckinExpiredAt": 0, "count": 0, "marked": false}, "stats": {"checkinsCount": 266, "usersCount": 57, "tipCount": 1}, "id": "4d36e5ec0a0b721e7cc5959b", "categories": [{"pluralName": "Snack Places", "id": "4bf58dd8d48988d1c7941735", "primary": true, "icon": {"prefix": "https://ss3.4sqi.net/img/categories_v2/food/snacks_", "suffix": ".png"}, "name": "Snack Place", "shortName": "Snacks"}], "location": {"lat": 1.3912220506585178, "distance": 117, "country": "Singapore", "cc": "SG", "crossStreet": "11 Rivervale Cres.", "formattedAddress": ["#01-K4, Rivervale Mall (11 Rivervale Cres.)", "545082", "Singapore"], "city": "Sengkang", "lng": 103.90494276354457, "state": "North East Community Development Region", "labeledLatLngs": [{"lng": 103.90494276354457, "label": "display", "lat": 1.3912220506585178}], "address": "#01-K4, Rivervale Mall", "postalCode": "545082"}, "hours": {"isLocalHoliday": false, "isOpen": true, "status": "Likely open"}, "verified": false, "price": {"tier": 1, "currency": "$", "message": "Cheap"}}, "referralId": "e-3-4d36e5ec0a0b721e7cc5959b-7", "tips": [{"id": "5434fef7498eda15265cec42", "text": "Snacks 1st....", "disagreeCount": 0, "createdAt": 1412759287, "logView": true, "todo": {"count": 0}, "agreeCount": 0, "canonicalUrl": "https://foursquare.com/item/5434fef7498eda15265cec42", "type": "user", "user": {"id": "5517131", "photo": {"prefix": "https://igx.4sqi.net/img/user/", "suffix": "/3UIXHSKRC5TBHMYY.jpg"}, "firstName": "\u00aeMummy Noi\ud83d\udc9eArman\u00ae", "gender": "female"}}]}, {"reasons": {"items": [{"reasonName": "globalInteractionReason", "summary": "This spot is popular", "type": "general"}], "count": 0}, "venue": {"hereNow": {"groups": [], "summary": "Nobody here", "count": 0}, "contact": {}, "photos": {"groups": [], "count": 0}, "name": "Saizeriya Ristorante E Caffe", "allowMenuUrlEdit": true, "beenHere": {"lastCheckinExpiredAt": 0, "count": 0, "marked": false}, "stats": {"checkinsCount": 84, "usersCount": 54, "tipCount": 0}, "id": "585ce44dac13690a1b1e650d", "categories": [{"pluralName": "Italian Restaurants", "id": "4bf58dd8d48988d110941735", "primary": true, "icon": {"prefix": "https://ss3.4sqi.net/img/categories_v2/food/italian_", "suffix": ".png"}, "name": "Italian Restaurant", "shortName": "Italian"}], "location": {"formattedAddress": ["Rivervale Mall", "Singapore"], "lat": 1.392092, "lng": 103.904412, "country": "Singapore", "distance": 187, "city": "Singapore", "cc": "SG", "address": "Rivervale Mall", "labeledLatLngs": [{"lng": 103.904412, "label": "display", "lat": 1.392092}]}, "verified": false, "price": {"tier": 2, "currency": "$", "message": "Moderate"}}, "referralId": "e-3-585ce44dac13690a1b1e650d-8"}, {"reasons": {"items": [{"reasonName": "globalInteractionReason", "summary": "This spot is popular", "type": "general"}], "count": 0}, "venue": {"hereNow": {"groups": [], "summary": "Nobody here", "count": 0}, "contact": {}, "photos": {"groups": [], "count": 0}, "name": "Sarpino's Pizza", "allowMenuUrlEdit": true, "beenHere": {"lastCheckinExpiredAt": 0, "count": 0, "marked": false}, "stats": {"checkinsCount": 159, "usersCount": 50, "tipCount": 2}, "id": "4dba993d6e815ab0de5553d0", "categories": [{"pluralName": "Pizza Places", "id": "4bf58dd8d48988d1ca941735", "primary": true, "icon": {"prefix": "https://ss3.4sqi.net/img/categories_v2/food/pizza_", "suffix": ".png"}, "name": "Pizza Place", "shortName": "Pizza"}], "url": "http://www.sarpinos.com.sg", "location": {"lng": 103.90525428085333, "formattedAddress": ["Rivervale Mall (11 Rivervale Crescent)", "545082", "Singapore"], "postalCode": "545082", "lat": 1.3912869412764008, "crossStreet": "11 Rivervale Crescent", "country": "Singapore", "distance": 82, "city": "Singapore", "cc": "SG", "address": "Rivervale Mall", "labeledLatLngs": [{"lng": 103.90525428085333, "label": "display", "lat": 1.3912869412764008}]}, "verified": false, "price": {"tier": 1, "currency": "$", "message": "Cheap"}}, "referralId": "e-3-4dba993d6e815ab0de5553d0-9", "tips": [{"id": "53621fa111d20e4b491761fd", "text": "Unit is closed", "disagreeCount": 0, "createdAt": 1398939553, "logView": true, "todo": {"count": 0}, "agreeCount": 0, "canonicalUrl": "https://foursquare.com/item/53621fa111d20e4b491761fd", "type": "user", "user": {"gender": "male", "id": "84945013", "photo": {"prefix": "https://igx.4sqi.net/img/user/", "default": true, "suffix": "/blank_boy.png"}, "firstName": "KwongWing", "lastName": "Cheng"}}]}, {"reasons": {"items": [{"reasonName": "globalInteractionReason", "summary": "This spot is popular", "type": "general"}], "count": 0}, "venue": {"hereNow": {"groups": [], "summary": "Nobody here", "count": 0}, "contact": {}, "photos": {"groups": [], "count": 0}, "rating": 5.3, "name": "Long John Silver's", "ratingSignals": 12, "allowMenuUrlEdit": true, "categories": [{"pluralName": "Fast Food Restaurants", "id": "4bf58dd8d48988d16e941735", "primary": true, "icon": {"prefix": "https://ss3.4sqi.net/img/categories_v2/food/fastfood_", "suffix": ".png"}, "name": "Fast Food Restaurant", "shortName": "Fast Food"}], "stats": {"checkinsCount": 1301, "usersCount": 643, "tipCount": 5}, "id": "4cbdb9787148f04d7b9ceeab", "beenHere": {"lastCheckinExpiredAt": 0, "count": 0, "marked": false}, "ratingColor": "FF9600", "location": {"lng": 103.90504360198975, "formattedAddress": ["11 Rivervale Crescent #01-28A (Rivervale Mall)", "545082", "Singapore"], "postalCode": "545082", "lat": 1.391779382808942, "crossStreet": "Rivervale Mall", "country": "Singapore", "distance": 109, "city": "Singapore", "cc": "SG", "address": "11 Rivervale Crescent #01-28A", "labeledLatLngs": [{"lng": 103.90504360198975, "label": "display", "lat": 1.391779382808942}]}, "hours": {"isLocalHoliday": false, "isOpen": true, "status": "Likely open"}, "verified": false, "price": {"tier": 1, "currency": "$", "message": "Cheap"}}, "referralId": "e-3-4cbdb9787148f04d7b9ceeab-10", "tips": [{"id": "4dc4dcb2e4cd169dc63e99a2", "text": "Can't they have more staff to open counter on a sat noon? Everyone is just queuing up for food n to wait for their food!", "disagreeCount": 0, "logView": true, "createdAt": 1304747186, "likes": {"groups": [], "summary": "3 likes", "count": 3}, "todo": {"count": 0}, "agreeCount": 3, "canonicalUrl": "https://foursquare.com/item/4dc4dcb2e4cd169dc63e99a2", "type": "user", "user": {"gender": "female", "id": "1672648", "photo": {"prefix": "https://igx.4sqi.net/img/user/", "suffix": "/GTJKVYQXTN5ZHFOP.jpg"}, "firstName": "Rebekah", "lastName": "Lee"}}]}, {"reasons": {"items": [{"reasonName": "globalInteractionReason", "summary": "This spot is popular", "type": "general"}], "count": 0}, "venue": {"id": "4f082ddde4b05f830d350ac7", "hereNow": {"groups": [], "summary": "Nobody here", "count": 0}, "contact": {}, "beenHere": {"lastCheckinExpiredAt": 0, "count": 0, "marked": false}, "photos": {"groups": [], "count": 0}, "name": "St Anne's Church Canteen", "location": {"formattedAddress": ["Sengkang East Way", "Singapore"], "lat": 1.39189813211798, "lng": 103.90227507161013, "distance": 414, "country": "Singapore", "cc": "SG", "address": "Sengkang East Way", "labeledLatLngs": [{"lng": 103.90227507161013, "label": "display", "lat": 1.39189813211798}]}, "allowMenuUrlEdit": true, "verified": false, "categories": [{"pluralName": "Food Courts", "id": "4bf58dd8d48988d120951735", "primary": true, "icon": {"prefix": "https://ss3.4sqi.net/img/categories_v2/shops/food_foodcourt_", "suffix": ".png"}, "name": "Food Court", "shortName": "Food Court"}], "stats": {"checkinsCount": 55, "usersCount": 22, "tipCount": 0}}, "referralId": "e-3-4f082ddde4b05f830d350ac7-11"}, {"reasons": {"items": [{"reasonName": "globalInteractionReason", "summary": "This spot is popular", "type": "general"}], "count": 0}, "venue": {"hereNow": {"groups": [], "summary": "Nobody here", "count": 0}, "contact": {"phone": "+6564258079", "formattedPhone": "+65 6425 8079"}, "photos": {"groups": [], "count": 0}, "rating": 5.7, "name": "Master Crab @ Kopitiam", "ratingSignals": 10, "allowMenuUrlEdit": true, "categories": [{"pluralName": "Chinese Restaurants", "id": "4bf58dd8d48988d145941735", "primary": true, "icon": {"prefix": "https://ss3.4sqi.net/img/categories_v2/food/asian_", "suffix": ".png"}, "name": "Chinese Restaurant", "shortName": "Chinese"}], "stats": {"checkinsCount": 229, "usersCount": 124, "tipCount": 8}, "id": "4b7557faf964a5205c072ee3", "beenHere": {"lastCheckinExpiredAt": 0, "count": 0, "marked": false}, "ratingColor": "FF9600", "location": {"formattedAddress": ["Blk 108, Punggol Field, #01-01, Singapore 820108", "821108", "Singapore"], "postalCode": "821108", "lat": 1.39669882308173, "lng": 103.90860738473796, "distance": 651, "country": "Singapore", "cc": "SG", "address": "Blk 108, Punggol Field, #01-01, Singapore 820108", "labeledLatLngs": [{"lng": 103.90860738473796, "label": "display", "lat": 1.39669882308173}]}, "verified": false, "price": {"tier": 1, "currency": "$", "message": "Cheap"}}, "referralId": "e-3-4b7557faf964a5205c072ee3-12", "tips": [{"id": "4e3ceb5fd22d102e853b1573", "text": "Salted eggs crab! Best ever!", "disagreeCount": 0, "createdAt": 1312615263, "logView": true, "todo": {"count": 0}, "agreeCount": 0, "canonicalUrl": "https://foursquare.com/item/4e3ceb5fd22d102e853b1573", "type": "user", "user": {"gender": "male", "id": "12275905", "photo": {"prefix": "https://igx.4sqi.net/img/user/", "suffix": "/3KRMF10JEPQC2BJM.jpg"}, "firstName": "Alvin", "lastName": "Loh"}}]}, {"reasons": {"items": [{"reasonName": "globalInteractionReason", "summary": "This spot is popular", "type": "general"}], "count": 0}, "venue": {"hereNow": {"groups": [], "summary": "Nobody here", "count": 0}, "contact": {}, "photos": {"groups": [], "count": 0}, "name": "Bread Spread", "allowMenuUrlEdit": true, "beenHere": {"lastCheckinExpiredAt": 0, "count": 0, "marked": false}, "stats": {"checkinsCount": 87, "usersCount": 21, "tipCount": 0}, "id": "4d2d9ea7feaaa1cd5205ea90", "categories": [{"pluralName": "Bagel Shops", "id": "4bf58dd8d48988d179941735", "primary": true, "icon": {"prefix": "https://ss3.4sqi.net/img/categories_v2/food/bagels_", "suffix": ".png"}, "name": "Bagel Shop", "shortName": "Bagels"}], "location": {"formattedAddress": ["Rivervale plaza", "Singapore"], "lat": 1.3945515455188373, "lng": 103.90275649837054, "distance": 495, "country": "Singapore", "cc": "SG", "address": "Rivervale plaza", "labeledLatLngs": [{"lng": 103.90275649837054, "label": "display", "lat": 1.3945515455188373}]}, "verified": false, "price": {"tier": 1, "currency": "$", "message": "Cheap"}}, "referralId": "e-3-4d2d9ea7feaaa1cd5205ea90-13"}, {"reasons": {"items": [{"reasonName": "globalInteractionReason", "summary": "This spot is popular", "type": "general"}], "count": 0}, "venue": {"hereNow": {"groups": [], "summary": "Nobody here", "count": 0}, "contact": {}, "photos": {"groups": [], "count": 0}, "name": "P Pizza", "allowMenuUrlEdit": true, "beenHere": {"lastCheckinExpiredAt": 0, "count": 0, "marked": false}, "stats": {"checkinsCount": 70, "usersCount": 20, "tipCount": 1}, "id": "4c1b8f90b4e62d7f7f89d993", "categories": [{"pluralName": "Pizza Places", "id": "4bf58dd8d48988d1ca941735", "primary": true, "icon": {"prefix": "https://ss3.4sqi.net/img/categories_v2/food/pizza_", "suffix": ".png"}, "name": "Pizza Place", "shortName": "Pizza"}], "location": {"formattedAddress": ["Singapore"], "lat": 1.3947101422665928, "lng": 103.90207683755379, "distance": 564, "country": "Singapore", "cc": "SG", "labeledLatLngs": [{"lng": 103.90207683755379, "label": "display", "lat": 1.3947101422665928}]}, "verified": false, "price": {"tier": 1, "currency": "$", "message": "Cheap"}}, "referralId": "e-3-4c1b8f90b4e62d7f7f89d993-14", "tips": [{"id": "4cbd7800985db7139e4a4d19", "text": "test 1 2 3 4 5 6 7 8 9 10", "disagreeCount": 0, "createdAt": 1287485440, "logView": true, "todo": {"count": 0}, "agreeCount": 0, "canonicalUrl": "https://foursquare.com/item/4cbd7800985db7139e4a4d19", "type": "user", "user": {"gender": "male", "id": "4050974", "photo": {"prefix": "https://igx.4sqi.net/img/user/", "suffix": "/MV0KQQIVVIFW0Y2H.jpg"}, "firstName": "rahmad", "lastName": "sby"}}]}, {"reasons": {"items": [{"reasonName": "globalInteractionReason", "summary": "This spot is popular", "type": "general"}], "count": 0}, "venue": {"hereNow": {"groups": [], "summary": "Nobody here", "count": 0}, "contact": {}, "photos": {"groups": [], "count": 0}, "name": "Noodle Stall @ 108 Kopitiam", "allowMenuUrlEdit": true, "beenHere": {"lastCheckinExpiredAt": 0, "count": 0, "marked": false}, "stats": {"checkinsCount": 37, "usersCount": 14, "tipCount": 1}, "id": "4d35afd2329e5481321bcd1d", "categories": [{"pluralName": "Diners", "id": "4bf58dd8d48988d147941735", "primary": true, "icon": {"prefix": "https://ss3.4sqi.net/img/categories_v2/food/diner_", "suffix": ".png"}, "name": "Diner", "shortName": "Diner"}], "location": {"formattedAddress": ["108 Punggol Field", "Singapore"], "lat": 1.3968172045434633, "lng": 103.90865269751461, "country": "Singapore", "distance": 665, "city": "Singapore", "cc": "SG", "address": "108 Punggol Field", "labeledLatLngs": [{"lng": 103.90865269751461, "label": "display", "lat": 1.3968172045434633}]}, "verified": false, "price": {"tier": 1, "currency": "$", "message": "Cheap"}}, "referralId": "e-3-4d35afd2329e5481321bcd1d-15", "tips": [{"id": "4d5d63f60f352d43e0cc05ed", "text": "Fishball soup. Nice.", "disagreeCount": 0, "createdAt": 1297966070, "logView": true, "todo": {"count": 0}, "agreeCount": 0, "canonicalUrl": "https://foursquare.com/item/4d5d63f60f352d43e0cc05ed", "type": "user", "user": {"gender": "male", "id": "1663811", "photo": {"prefix": "https://igx.4sqi.net/img/user/", "suffix": "/-JC4LISCRGP2D5NLL.jpg"}, "firstName": "tony.teokk@gmail.com", "lastName": "BBM PIN 74418D84"}}]}, {"reasons": {"items": [{"reasonName": "globalInteractionReason", "summary": "This spot is popular", "type": "general"}], "count": 0}, "venue": {"contact": {"facebook": "201436183199791", "facebookUsername": "Foodfare", "facebookName": "Foodfare", "phone": "+6568812495", "formattedPhone": "+65 6881 2495"}, "photos": {"groups": [], "count": 0}, "rating": 4.9, "name": "NTUC FoodFare", "ratingSignals": 46, "allowMenuUrlEdit": true, "categories": [{"pluralName": "Food Courts", "id": "4bf58dd8d48988d120951735", "primary": true, "icon": {"prefix": "https://ss3.4sqi.net/img/categories_v2/shops/food_foodcourt_", "suffix": ".png"}, "name": "Food Court", "shortName": "Food Court"}], "stats": {"checkinsCount": 4869, "usersCount": 921, "tipCount": 43}, "id": "4c73b5a58efc3704c829167d", "beenHere": {"lastCheckinExpiredAt": 0, "count": 0, "marked": false}, "url": "http://www.foodfare.com.sg", "ratingColor": "FF6701", "location": {"lng": 103.90454062406647, "formattedAddress": ["#01-01/02/03 Rivervale Mall, 11 Rivervale Cres. (Rivervale Dr.)", "545082", "Singapore"], "postalCode": "545082", "lat": 1.3926522718675127, "crossStreet": "Rivervale Dr.", "country": "Singapore", "distance": 206, "city": "Singapore", "cc": "SG", "address": "#01-01/02/03 Rivervale Mall, 11 Rivervale Cres.", "labeledLatLngs": [{"lng": 103.90454062406647, "label": "display", "lat": 1.3926522718675127}]}, "hours": {"isLocalHoliday": false, "isOpen": true, "status": "Likely open"}, "verified": false, "hereNow": {"groups": [], "summary": "Nobody here", "count": 0}}, "referralId": "e-3-4c73b5a58efc3704c829167d-16", "tips": [{"id": "50a9d08ae4b0b2e8c0a399b2", "text": "Wonton noodles store has been consistently serving good food over the years. Dumpling noodles/ wonton noodles. Must have!", "disagreeCount": 0, "logView": true, "createdAt": 1353306250, "likes": {"groups": [], "summary": "3 likes", "count": 3}, "todo": {"count": 0}, "agreeCount": 3, "canonicalUrl": "https://foursquare.com/item/50a9d08ae4b0b2e8c0a399b2", "type": "user", "user": {"gender": "female", "id": "2529502", "photo": {"prefix": "https://igx.4sqi.net/img/user/", "suffix": "/WDFVHKB1S23LFUVP.jpg"}, "firstName": "Eileen", "lastName": "Low"}}]}, {"reasons": {"items": [{"reasonName": "globalInteractionReason", "summary": "This spot is popular", "type": "general"}], "count": 0}, "venue": {"hereNow": {"groups": [], "summary": "Nobody here", "count": 0}, "contact": {"phone": "+6563889289", "formattedPhone": "+65 6388 9289"}, "photos": {"groups": [], "count": 0}, "name": "Umi Sushi", "allowMenuUrlEdit": true, "beenHere": {"lastCheckinExpiredAt": 0, "count": 0, "marked": false}, "stats": {"checkinsCount": 313, "usersCount": 46, "tipCount": 1}, "id": "524bede711d2a439a97c3439", "categories": [{"pluralName": "Sushi Restaurants", "id": "4bf58dd8d48988d1d2941735", "primary": true, "icon": {"prefix": "https://ss3.4sqi.net/img/categories_v2/food/sushi_", "suffix": ".png"}, "name": "Sushi Restaurant", "shortName": "Sushi"}], "location": {"lng": 103.90168603411203, "formattedAddress": ["118, Rivervale Drive, #01-K20/K21 (Rivervale Plaza)", "540118", "Singapore"], "postalCode": "540118", "lat": 1.3872006761172475, "crossStreet": "Rivervale Plaza", "country": "Singapore", "distance": 673, "city": "Singapore", "cc": "SG", "address": "118, Rivervale Drive, #01-K20/K21", "labeledLatLngs": [{"lng": 103.90168603411203, "label": "display", "lat": 1.3872006761172475}]}, "verified": false, "price": {"tier": 2, "currency": "$", "message": "Moderate"}}, "referralId": "e-3-524bede711d2a439a97c3439-17", "tips": [{"logView": true, "photo": {"id": "524c317111d2d874c9d0b65c", "visibility": "public", "source": {"name": "Foursquare for Android", "url": "https://foursquare.com/download/#/android"}, "suffix": "/17429139_pCQaobV2Z18NY5g2ZAaEhfyUa1DkpB-u3xSw-49iofA.jpg", "createdAt": 1380725105, "prefix": "https://igx.4sqi.net/img/general/", "width": 640, "height": 640}, "createdAt": 1380725102, "todo": {"count": 0}, "agreeCount": 1, "likes": {"groups": [], "summary": "1 like", "count": 1}, "id": "524c316e11d2e74440f411c7", "text": "Thumbs up!", "disagreeCount": 0, "user": {"id": "17429139", "photo": {"prefix": "https://igx.4sqi.net/img/user/", "suffix": "/17429139-ASRY5GWEHE15KSBR.jpg"}, "firstName": "JessCHM", "gender": "female"}, "canonicalUrl": "https://foursquare.com/item/524c316e11d2e74440f411c7", "type": "user", "photourl": "https://igx.4sqi.net/img/general/original/17429139_pCQaobV2Z18NY5g2ZAaEhfyUa1DkpB-u3xSw-49iofA.jpg"}]}, {"reasons": {"items": [{"reasonName": "globalInteractionReason", "summary": "This spot is popular", "type": "general"}], "count": 0}, "venue": {"hereNow": {"groups": [], "summary": "Nobody here", "count": 0}, "contact": {}, "photos": {"groups": [], "count": 0}, "name": "MacDonold Punggol", "allowMenuUrlEdit": true, "beenHere": {"lastCheckinExpiredAt": 0, "count": 0, "marked": false}, "stats": {"checkinsCount": 75, "usersCount": 43, "tipCount": 0}, "id": "52aa728311d2797dd47eab6d", "categories": [{"pluralName": "Fast Food Restaurants", "id": "4bf58dd8d48988d16e941735", "primary": true, "icon": {"prefix": "https://ss3.4sqi.net/img/categories_v2/food/fastfood_", "suffix": ".png"}, "name": "Fast Food Restaurant", "shortName": "Fast Food"}], "location": {"formattedAddress": ["Singapore"], "lat": 1.397135080655085, "lng": 103.90891324627115, "distance": 710, "country": "Singapore", "cc": "SG", "labeledLatLngs": [{"lng": 103.90891324627115, "label": "display", "lat": 1.397135080655085}]}, "verified": false, "price": {"tier": 1, "currency": "$", "message": "Cheap"}}, "referralId": "e-3-52aa728311d2797dd47eab6d-18"}, {"reasons": {"items": [{"reasonName": "globalInteractionReason", "summary": "This spot is popular", "type": "general"}], "count": 0}, "venue": {"contact": {}, "photos": {"groups": [], "count": 0}, "rating": 5.4, "name": "Kopitiam", "ratingSignals": 21, "allowMenuUrlEdit": true, "categories": [{"pluralName": "Food Courts", "id": "4bf58dd8d48988d120951735", "primary": true, "icon": {"prefix": "https://ss3.4sqi.net/img/categories_v2/shops/food_foodcourt_", "suffix": ".png"}, "name": "Food Court", "shortName": "Food Court"}], "stats": {"checkinsCount": 3582, "usersCount": 762, "tipCount": 10}, "id": "4d88299ce60c2c0fbbf8b03a", "beenHere": {"lastCheckinExpiredAt": 0, "count": 0, "marked": false}, "url": "http://www.kopitiam.biz", "ratingColor": "FF9600", "location": {"formattedAddress": ["Blk 108, Punggol Field, #01-01, Singapore 820108", "821108", "Singapore"], "postalCode": "821108", "lat": 1.3967194367122593, "lng": 103.90871500260698, "country": "Singapore", "distance": 659, "city": "Singapore", "cc": "SG", "address": "Blk 108, Punggol Field, #01-01, Singapore 820108", "labeledLatLngs": [{"lng": 103.90871500260698, "label": "display", "lat": 1.3967194367122593}]}, "hours": {"isLocalHoliday": false, "isOpen": true, "status": "Likely open"}, "verified": false, "hereNow": {"groups": [], "summary": "Nobody here", "count": 0}}, "referralId": "e-3-4d88299ce60c2c0fbbf8b03a-19", "tips": [{"id": "4ffe639de4b05418cb31bf09", "text": "The fish soup and local delights stalls have closed down. But now, there's a soup master(chinatown) stall to take over the Claypot stall.", "disagreeCount": 0, "logView": true, "createdAt": 1342071709, "likes": {"groups": [], "summary": "2 likes", "count": 2}, "todo": {"count": 0}, "agreeCount": 2, "canonicalUrl": "https://foursquare.com/item/4ffe639de4b05418cb31bf09", "type": "user", "user": {"gender": "female", "id": "29440722", "photo": {"prefix": "https://igx.4sqi.net/img/user/", "suffix": "/29440722-NR0IRS31UIUJG24Q.jpg"}, "firstName": "Leticia", "lastName": "Koh"}}]}, {"reasons": {"items": [{"reasonName": "globalInteractionReason", "summary": "This spot is popular", "type": "general"}], "count": 0}, "venue": {"hereNow": {"groups": [], "summary": "Nobody here", "count": 0}, "contact": {"phone": "+6563885797", "formattedPhone": "+65 6388 5797"}, "photos": {"groups": [], "count": 0}, "name": "Baker's Oven Patisseries", "allowMenuUrlEdit": true, "beenHere": {"lastCheckinExpiredAt": 0, "count": 0, "marked": false}, "stats": {"checkinsCount": 54, "usersCount": 15, "tipCount": 0}, "id": "4fb33a5fe4b076d9e99868b2", "categories": [{"pluralName": "Bakeries", "id": "4bf58dd8d48988d16a941735", "primary": true, "icon": {"prefix": "https://ss3.4sqi.net/img/categories_v2/food/bakery_", "suffix": ".png"}, "name": "Bakery", "shortName": "Bakery"}], "location": {"formattedAddress": ["91 Seng Kang East Way", "Singapore"], "lat": 1.3909386787443863, "lng": 103.89935822803211, "country": "Singapore", "distance": 738, "city": "Singapore", "cc": "SG", "address": "91 Seng Kang East Way", "labeledLatLngs": [{"lng": 103.89935822803211, "label": "display", "lat": 1.3909386787443863}]}, "verified": false, "price": {"tier": 1, "currency": "$", "message": "Cheap"}}, "referralId": "e-3-4fb33a5fe4b076d9e99868b2-20"}, {"reasons": {"items": [{"reasonName": "globalInteractionReason", "summary": "This spot is popular", "type": "general"}], "count": 0}, "venue": {"hereNow": {"groups": [], "summary": "Nobody here", "count": 0}, "contact": {}, "photos": {"groups": [], "count": 0}, "name": "Tenderfresh Xpress", "allowMenuUrlEdit": true, "beenHere": {"lastCheckinExpiredAt": 0, "count": 0, "marked": false}, "stats": {"checkinsCount": 31, "usersCount": 18, "tipCount": 0}, "id": "525f707611d2dc5d5fde864e", "categories": [{"pluralName": "BBQ Joints", "id": "4bf58dd8d48988d1df931735", "primary": true, "icon": {"prefix": "https://ss3.4sqi.net/img/categories_v2/food/bbqalt_", "suffix": ".png"}, "name": "BBQ Joint", "shortName": "BBQ"}], "location": {"lng": 103.90231471845584, "formattedAddress": ["#01-K18 Rivervale Plaza (118 Rivervale Drive)", "540118", "Singapore"], "postalCode": "540118", "lat": 1.3855667698694967, "crossStreet": "118 Rivervale Drive", "country": "Singapore", "distance": 772, "city": "Singapore", "cc": "SG", "address": "#01-K18 Rivervale Plaza", "labeledLatLngs": [{"lng": 103.90231471845584, "label": "display", "lat": 1.3855667698694967}]}, "verified": false, "price": {"tier": 2, "currency": "$", "message": "Moderate"}}, "referralId": "e-3-525f707611d2dc5d5fde864e-21"}, {"reasons": {"items": [{"reasonName": "globalInteractionReason", "summary": "This spot is popular", "type": "general"}], "count": 0}, "venue": {"hereNow": {"groups": [], "summary": "Nobody here", "count": 0}, "contact": {}, "photos": {"groups": [], "count": 0}, "name": "Sushi Deli", "allowMenuUrlEdit": true, "beenHere": {"lastCheckinExpiredAt": 0, "count": 0, "marked": false}, "stats": {"checkinsCount": 58, "usersCount": 27, "tipCount": 0}, "id": "4e006c80d1647696f1201385", "categories": [{"pluralName": "Sushi Restaurants", "id": "4bf58dd8d48988d1d2941735", "primary": true, "icon": {"prefix": "https://ss3.4sqi.net/img/categories_v2/food/sushi_", "suffix": ".png"}, "name": "Sushi Restaurant", "shortName": "Sushi"}], "location": {"formattedAddress": ["Rivervale Mall", "Singapore"], "lat": 1.3930096578380635, "lng": 103.89915999820015, "country": "Singapore", "distance": 777, "city": "Singapore", "cc": "SG", "address": "Rivervale Mall", "labeledLatLngs": [{"lng": 103.89915999820015, "label": "display", "lat": 1.3930096578380635}]}, "verified": false, "price": {"tier": 2, "currency": "$", "message": "Moderate"}}, "referralId": "e-3-4e006c80d1647696f1201385-22"}, {"reasons": {"items": [{"reasonName": "globalInteractionReason", "summary": "This spot is popular", "type": "general"}], "count": 0}, "venue": {"hereNow": {"groups": [], "summary": "Nobody here", "count": 0}, "contact": {}, "photos": {"groups": [], "count": 0}, "name": "\u5927\u6811\u4e0b", "allowMenuUrlEdit": true, "beenHere": {"lastCheckinExpiredAt": 0, "count": 0, "marked": false}, "stats": {"checkinsCount": 55, "usersCount": 40, "tipCount": 0}, "id": "54ffe69c498eb16bd083e5ec", "categories": [{"pluralName": "Chinese Restaurants", "id": "4bf58dd8d48988d145941735", "primary": true, "icon": {"prefix": "https://ss3.4sqi.net/img/categories_v2/food/asian_", "suffix": ".png"}, "name": "Chinese Restaurant", "shortName": "Chinese"}], "location": {"formattedAddress": ["Rivervale Plaza", "Singapore"], "lat": 1.38588, "lng": 103.901579, "distance": 791, "country": "Singapore", "cc": "SG", "address": "Rivervale Plaza", "labeledLatLngs": [{"lng": 103.901579, "label": "display", "lat": 1.38588}]}, "verified": false, "price": {"tier": 1, "currency": "$", "message": "Cheap"}}, "referralId": "e-3-54ffe69c498eb16bd083e5ec-23"}, {"reasons": {"items": [{"reasonName": "globalInteractionReason", "summary": "This spot is popular", "type": "general"}], "count": 0}, "venue": {"hereNow": {"groups": [], "summary": "Nobody here", "count": 0}, "contact": {}, "photos": {"groups": [], "count": 0}, "name": "Gurney Drive", "allowMenuUrlEdit": true, "beenHere": {"lastCheckinExpiredAt": 0, "count": 0, "marked": false}, "stats": {"checkinsCount": 55, "usersCount": 46, "tipCount": 0}, "id": "57de4efb498ed5ed8b50b4bc", "categories": [{"pluralName": "Asian Restaurants", "id": "4bf58dd8d48988d142941735", "primary": true, "icon": {"prefix": "https://ss3.4sqi.net/img/categories_v2/food/asian_", "suffix": ".png"}, "name": "Asian Restaurant", "shortName": "Asian"}], "location": {"lng": 103.898942, "formattedAddress": ["1 Sengkang Square (Compass One)", "Singapore"], "neighborhood": "Sengkang", "lat": 1.392593, "crossStreet": "Compass One", "country": "Singapore", "distance": 792, "city": "Singapore", "cc": "SG", "address": "1 Sengkang Square", "labeledLatLngs": [{"lng": 103.898942, "label": "display", "lat": 1.392593}]}, "verified": false, "price": {"tier": 2, "currency": "$", "message": "Moderate"}}, "referralId": "e-3-57de4efb498ed5ed8b50b4bc-24"}, {"reasons": {"items": [{"reasonName": "globalInteractionReason", "summary": "This spot is popular", "type": "general"}], "count": 0}, "venue": {"hereNow": {"groups": [], "summary": "Nobody here", "count": 0}, "contact": {"phone": "+6567959949", "formattedPhone": "+65 6795 9949"}, "photos": {"groups": [], "count": 0}, "name": "Swee Heng", "allowMenuUrlEdit": true, "beenHere": {"lastCheckinExpiredAt": 0, "count": 0, "marked": false}, "stats": {"checkinsCount": 207, "usersCount": 67, "tipCount": 3}, "id": "4d3d2806719460fc2ed77220", "categories": [{"pluralName": "Bakeries", "id": "4bf58dd8d48988d16a941735", "primary": true, "icon": {"prefix": "https://ss3.4sqi.net/img/categories_v2/food/bakery_", "suffix": ".png"}, "name": "Bakery", "shortName": "Bakery"}], "location": {"formattedAddress": ["118 Rivervale Drive #01-17 Rivervale Plaza", "540118", "Singapore"], "postalCode": "540118", "lat": 1.3858259410507114, "lng": 103.90160674079624, "country": "Singapore", "distance": 794, "city": "Singapore", "cc": "SG", "address": "118 Rivervale Drive #01-17 Rivervale Plaza", "labeledLatLngs": [{"lng": 103.90160674079624, "label": "display", "lat": 1.3858259410507114}]}, "verified": false, "price": {"tier": 1, "currency": "$", "message": "Cheap"}}, "referralId": "e-3-4d3d2806719460fc2ed77220-25", "tips": [{"id": "5410e109498e2ae6d7fe8389", "text": "The best things over here is HALAL", "disagreeCount": 0, "logView": true, "createdAt": 1410392329, "likes": {"groups": [], "summary": "1 like", "count": 1}, "todo": {"count": 0}, "agreeCount": 1, "canonicalUrl": "https://foursquare.com/item/5410e109498e2ae6d7fe8389", "type": "user", "user": {"gender": "female", "id": "85043891", "photo": {"prefix": "https://igx.4sqi.net/img/user/", "suffix": "/85043891-O4VBDJQPEID5ZBEC.jpg"}, "firstName": "Maylizza", "lastName": "DanieLs"}}]}, {"reasons": {"items": [{"reasonName": "globalInteractionReason", "summary": "This spot is popular", "type": "general"}], "count": 0}, "venue": {"id": "4d3f872689616dcbd152fbb4", "hereNow": {"groups": [], "summary": "Nobody here", "count": 0}, "contact": {}, "beenHere": {"lastCheckinExpiredAt": 0, "count": 0, "marked": false}, "photos": {"groups": [], "count": 0}, "name": "Canteen @ Sengkang Sec", "location": {"formattedAddress": ["Singapore"], "lat": 1.386645198059195, "lng": 103.9007061985041, "distance": 794, "country": "Singapore", "cc": "SG", "labeledLatLngs": [{"lng": 103.9007061985041, "label": "display", "lat": 1.386645198059195}]}, "allowMenuUrlEdit": true, "verified": false, "categories": [{"pluralName": "Food Courts", "id": "4bf58dd8d48988d120951735", "primary": true, "icon": {"prefix": "https://ss3.4sqi.net/img/categories_v2/shops/food_foodcourt_", "suffix": ".png"}, "name": "Food Court", "shortName": "Food Court"}], "stats": {"checkinsCount": 121, "usersCount": 19, "tipCount": 0}}, "referralId": "e-3-4d3f872689616dcbd152fbb4-26"}], "name": "recommended", "type": "Recommended Places"}], "query": "food", "headerLocation": "Sengkang"}}