{"meta": {"code": 200, "requestId": "595a3a479fb6b77b76c9d333"}, "response": {"suggestedFilters": {"filters": [{"name": "Open now", "key": "openNow"}], "header": "Tap to show:"}, "totalResults": 53, "headerFullLocation": "Sengkang, Singapore", "headerLocationGranularity": "neighborhood", "suggestedBounds": {"ne": {"lng": 103.88282385810649, "lat": 1.4045181621952272}, "sw": {"lng": 103.86844645480551, "lat": 1.390118147795213}}, "groups": [{"items": [{"reasons": {"items": [{"reasonName": "globalInteractionReason", "summary": "This spot is popular", "type": "general"}], "count": 0}, "venue": {"hereNow": {"groups": [], "summary": "Nobody here", "count": 0}, "contact": {}, "photos": {"groups": [], "count": 0}, "rating": 6.9, "name": "Hiang Soon (Otar) Catering", "ratingSignals": 12, "allowMenuUrlEdit": true, "categories": [{"pluralName": "Asian Restaurants", "id": "4bf58dd8d48988d142941735", "primary": true, "icon": {"prefix": "https://ss3.4sqi.net/img/categories_v2/food/asian_", "suffix": ".png"}, "name": "Asian Restaurant", "shortName": "Asian"}], "stats": {"checkinsCount": 282, "usersCount": 141, "tipCount": 7}, "id": "4c6f44e39375a0931baa0337", "beenHere": {"lastCheckinExpiredAt": 0, "count": 0, "marked": false}, "ratingColor": "FFC800", "location": {"formattedAddress": ["261 Jalan Kayu", "Singapore"], "lat": 1.396927492752571, "lng": 103.87304148467358, "country": "Singapore", "distance": 291, "city": "Singapore", "cc": "SG", "address": "261 Jalan Kayu", "labeledLatLngs": [{"lng": 103.87304148467358, "label": "display", "lat": 1.396927492752571}]}, "hours": {"isLocalHoliday": false, "isOpen": false}, "verified": false, "price": {"tier": 2, "currency": "$", "message": "Moderate"}}, "referralId": "e-3-4c6f44e39375a0931baa0337-0", "tips": [{"id": "4ca6f5f1b7106dcb114863a5", "text": "Nice otar:) must try!!!", "disagreeCount": 0, "logView": true, "createdAt": 1286010353, "likes": {"groups": [], "summary": "2 likes", "count": 2}, "todo": {"count": 0}, "agreeCount": 0, "canonicalUrl": "https://foursquare.com/item/4ca6f5f1b7106dcb114863a5", "type": "user", "user": {"gender": "female", "id": "2748068", "photo": {"prefix": "https://igx.4sqi.net/img/user/", "suffix": "/2O4WLBPHWX5ERETZ.jpg"}, "firstName": "BaBa", "lastName": "QM"}}]}, {"reasons": {"items": [{"reasonName": "globalInteractionReason", "summary": "This spot is popular", "type": "general"}], "count": 0}, "venue": {"hereNow": {"groups": [], "summary": "Nobody here", "count": 0}, "contact": {"phone": "+6564840151", "formattedPhone": "+65 6484 0151"}, "photos": {"groups": [], "count": 0}, "rating": 6.9, "name": "Jerry's BBQ & Grill", "ratingSignals": 54, "allowMenuUrlEdit": true, "categories": [{"pluralName": "BBQ Joints", "id": "4bf58dd8d48988d1df931735", "primary": true, "icon": {"prefix": "https://ss3.4sqi.net/img/categories_v2/food/bbqalt_", "suffix": ".png"}, "name": "BBQ Joint", "shortName": "BBQ"}], "stats": {"checkinsCount": 1833, "usersCount": 1248, "tipCount": 34}, "id": "4b058812f964a520e3af22e3", "beenHere": {"lastCheckinExpiredAt": 0, "count": 0, "marked": false}, "url": "http://www.jerrybbq.com", "ratingColor": "FFC800", "location": {"formattedAddress": ["277 Jln Kayu", "799451", "Singapore"], "postalCode": "799451", "lat": 1.397420167922933, "lng": 103.873054, "country": "Singapore", "distance": 287, "city": "Singapore", "cc": "SG", "address": "277 Jln Kayu", "labeledLatLngs": [{"lng": 103.873054, "label": "display", "lat": 1.397420167922933}]}, "hours": {"isLocalHoliday": false, "isOpen": true, "status": "Likely open"}, "verified": false, "price": {"tier": 2, "currency": "$", "message": "Moderate"}}, "referralId": "e-3-4b058812f964a520e3af22e3-1", "tips": [{"id": "4cdd3c7d930af04d75cb9497", "text": "Fried Seafood platter seems normal. But at least the serving size is gd. If you don't want wait too long for your foods. Order them upon seated", "disagreeCount": 0, "logView": true, "createdAt": 1289567357, "likes": {"groups": [], "summary": "4 likes", "count": 4}, "todo": {"count": 0}, "agreeCount": 1, "canonicalUrl": "https://foursquare.com/item/4cdd3c7d930af04d75cb9497", "type": "user", "user": {"gender": "male", "id": "4483040", "photo": {"prefix": "https://igx.4sqi.net/img/user/", "suffix": "/MBV3EQ4DCDTKH3YC.jpg"}, "firstName": "Low", "lastName": "Pei Wei"}}]}, {"reasons": {"items": [{"reasonName": "globalInteractionReason", "summary": "This spot is popular", "type": "general"}], "count": 0}, "venue": {"hereNow": {"groups": [], "summary": "Nobody here", "count": 0}, "contact": {"phone": "+6565563588", "formattedPhone": "+65 6556 3588"}, "photos": {"groups": [], "count": 0}, "rating": 6.9, "name": "Le Steak by Chef Amri", "ratingSignals": 42, "allowMenuUrlEdit": true, "categories": [{"pluralName": "Steakhouses", "id": "4bf58dd8d48988d1cc941735", "primary": true, "icon": {"prefix": "https://ss3.4sqi.net/img/categories_v2/food/steakhouse_", "suffix": ".png"}, "name": "Steakhouse", "shortName": "Steakhouse"}], "stats": {"checkinsCount": 703, "usersCount": 553, "tipCount": 18}, "id": "516bf846e4b0f78dcee9190b", "beenHere": {"lastCheckinExpiredAt": 0, "count": 0, "marked": false}, "ratingColor": "FFC800", "location": {"formattedAddress": ["248 Jalan Kayu", "Singapore"], "lat": 1.397902941889736, "lng": 103.87318871293894, "country": "Singapore", "distance": 279, "city": "Singapore", "cc": "SG", "address": "248 Jalan Kayu", "labeledLatLngs": [{"lng": 103.87318871293894, "label": "display", "lat": 1.397902941889736}]}, "hours": {"isLocalHoliday": false, "isOpen": true, "status": "Likely open"}, "verified": false, "price": {"tier": 4, "currency": "$", "message": "Very Expensive"}}, "referralId": "e-3-516bf846e4b0f78dcee9190b-2", "tips": [{"todo": {"count": 2}, "logView": true, "photo": {"id": "5447823e498e9f2008081ff8", "visibility": "public", "source": {"name": "Foursquare for iOS", "url": "https://foursquare.com/download/#/iphone"}, "suffix": "/30599435_BXhdDcdoYCksuLpgZK6wPH88qMaYE1r4-A7-vLAWTto.jpg", "createdAt": 1413972542, "prefix": "https://igx.4sqi.net/img/general/", "width": 960, "height": 720}, "createdAt": 1413972538, "editedAt": 1413972992, "agreeCount": 1, "likes": {"groups": [], "summary": "1 like", "count": 1}, "id": "5447823a498e2e952d92d12d", "text": "Ribeye steak is affordable & good. They do not have gst & service charge here too.", "disagreeCount": 0, "user": {"gender": "male", "id": "30599435", "photo": {"prefix": "https://igx.4sqi.net/img/user/", "suffix": "/30599435_VFGwCGkP_KJZtGNkxWuKAloSRzZmkVQ0zaQ22sfzp1GTiHcwkgOeD8Kpzn2YsIzNIAYO3mggB.jpg"}, "firstName": "Jonathan", "lastName": "Lim"}, "canonicalUrl": "https://foursquare.com/item/5447823a498e2e952d92d12d", "type": "user", "photourl": "https://igx.4sqi.net/img/general/original/30599435_BXhdDcdoYCksuLpgZK6wPH88qMaYE1r4-A7-vLAWTto.jpg"}]}, {"reasons": {"items": [{"reasonName": "globalInteractionReason", "summary": "This spot is popular", "type": "general"}], "count": 0}, "venue": {"contact": {}, "photos": {"groups": [], "count": 0}, "rating": 6.8, "name": "Tang Tea House Hong Kong Cafe", "ratingSignals": 65, "allowMenuUrlEdit": true, "categories": [{"pluralName": "Hong Kong Restaurants", "id": "52af3add3cf9994f4e043bf5", "primary": true, "icon": {"prefix": "https://ss3.4sqi.net/img/categories_v2/food/asian_", "suffix": ".png"}, "name": "Hong Kong Restaurant", "shortName": "Hong Kong"}], "stats": {"checkinsCount": 1373, "usersCount": 617, "tipCount": 14}, "id": "51d6bfaf498efe8496ef585c", "beenHere": {"lastCheckinExpiredAt": 0, "count": 0, "marked": false}, "ratingColor": "FFC800", "location": {"lng": 103.87318871293894, "formattedAddress": ["Jalan Kayu (Jalan Kayu)", "Singapore"], "lat": 1.3976831304878496, "crossStreet": "Jalan Kayu", "distance": 275, "country": "Singapore", "cc": "SG", "address": "Jalan Kayu", "labeledLatLngs": [{"lng": 103.87318871293894, "label": "display", "lat": 1.3976831304878496}]}, "hours": {"isLocalHoliday": false, "isOpen": true, "status": "Likely open"}, "verified": false, "hereNow": {"groups": [], "summary": "Nobody here", "count": 0}}, "referralId": "e-3-51d6bfaf498efe8496ef585c-3", "tips": [{"id": "591437d360255e5086c8f25d", "text": "Halal Dim Sum here. Spoilt with choices of food here.", "disagreeCount": 0, "createdAt": 1494497235, "logView": true, "todo": {"count": 0}, "agreeCount": 0, "canonicalUrl": "https://foursquare.com/item/591437d360255e5086c8f25d", "type": "user", "user": {"gender": "male", "id": "5888350", "photo": {"prefix": "https://igx.4sqi.net/img/user/", "suffix": "/5888350-N4J5ZR3P1WQQC3G2.jpg"}, "firstName": "Fuad", "lastName": "Huat"}}]}, {"reasons": {"items": [{"reasonName": "globalInteractionReason", "summary": "This spot is popular", "type": "general"}], "count": 0}, "venue": {"hereNow": {"groups": [], "summary": "Nobody here", "count": 0}, "contact": {}, "photos": {"groups": [], "count": 0}, "rating": 6.6, "name": "Spizza", "ratingSignals": 25, "allowMenuUrlEdit": true, "categories": [{"pluralName": "Pizza Places", "id": "4bf58dd8d48988d1ca941735", "primary": true, "icon": {"prefix": "https://ss3.4sqi.net/img/categories_v2/food/pizza_", "suffix": ".png"}, "name": "Pizza Place", "shortName": "Pizza"}], "stats": {"checkinsCount": 889, "usersCount": 553, "tipCount": 14}, "id": "4b740321f964a520c3c32de3", "beenHere": {"lastCheckinExpiredAt": 0, "count": 0, "marked": false}, "ratingColor": "FFC800", "location": {"formattedAddress": ["269 Jalan Kayu", "799497", "Singapore"], "postalCode": "799497", "lat": 1.3971352943756261, "lng": 103.87303582205115, "country": "Singapore", "distance": 289, "city": "Singapore", "cc": "SG", "address": "269 Jalan Kayu", "labeledLatLngs": [{"lng": 103.87303582205115, "label": "display", "lat": 1.3971352943756261}]}, "hours": {"isLocalHoliday": false, "isOpen": true, "status": "Likely open"}, "verified": false, "price": {"tier": 1, "currency": "$", "message": "Cheap"}}, "referralId": "e-3-4b740321f964a520c3c32de3-4", "tips": [{"id": "4ccc22e9c0378cfa31e68348", "text": "Katerina is always always i mean ALWAYS good.", "disagreeCount": 0, "logView": true, "createdAt": 1288446697, "likes": {"groups": [], "summary": "2 likes", "count": 2}, "todo": {"count": 0}, "agreeCount": 0, "canonicalUrl": "https://foursquare.com/item/4ccc22e9c0378cfa31e68348", "type": "user", "user": {"gender": "female", "id": "3228846", "photo": {"prefix": "https://igx.4sqi.net/img/user/", "suffix": "/MR5SLQQFPGNEY5CL.jpg"}, "firstName": "Agnetta", "lastName": "Lew"}}]}, {"reasons": {"items": [{"reasonName": "globalInteractionReason", "summary": "This spot is popular", "type": "general"}], "count": 0}, "venue": {"hereNow": {"groups": [], "summary": "Nobody here", "count": 0}, "contact": {"twitter": "thecoffeebean", "phone": "+6567023181", "formattedPhone": "+65 6702 3181"}, "photos": {"groups": [], "count": 0}, "rating": 7.0, "name": "The Coffee Bean & Tea Leaf", "ratingSignals": 8, "allowMenuUrlEdit": true, "categories": [{"pluralName": "Caf\u00e9s", "id": "4bf58dd8d48988d16d941735", "primary": true, "icon": {"prefix": "https://ss3.4sqi.net/img/categories_v2/food/cafe_", "suffix": ".png"}, "name": "Caf\u00e9", "shortName": "Caf\u00e9"}], "stats": {"checkinsCount": 314, "usersCount": 124, "tipCount": 2}, "id": "547959f1498ed14f0cc480de", "beenHere": {"lastCheckinExpiredAt": 0, "count": 0, "marked": false}, "url": "http://www.coffeebean.com.sg", "ratingColor": "C5DE35", "location": {"lng": 103.87615029988038, "formattedAddress": ["#01-34/35/36 The Seletar Mall (33 Sengkang West Avenue)", "797653", "Singapore"], "postalCode": "797653", "lat": 1.3920763175393385, "crossStreet": "33 Sengkang West Avenue", "country": "Singapore", "distance": 586, "city": "Singapore", "cc": "SG", "address": "#01-34/35/36 The Seletar Mall", "labeledLatLngs": [{"lng": 103.87615029988038, "label": "display", "lat": 1.3920763175393385}]}, "hours": {"isLocalHoliday": false, "isOpen": true, "status": "Open until 11:00 PM"}, "verified": false, "price": {"tier": 1, "currency": "$", "message": "Cheap"}}, "referralId": "e-3-547959f1498ed14f0cc480de-5", "tips": [{"id": "5466e647498ee0cee96e7130", "text": "Finally a Coffee Bean outlet within walking distance from my house!", "disagreeCount": 0, "logView": true, "createdAt": 1416029767, "likes": {"groups": [], "summary": "1 like", "count": 1}, "todo": {"count": 0}, "agreeCount": 1, "canonicalUrl": "https://foursquare.com/item/5466e647498ee0cee96e7130", "type": "user", "user": {"id": "1168325", "photo": {"prefix": "https://igx.4sqi.net/img/user/", "suffix": "/1168325_UDwMc-py_0bNC6z4cEufkXRkf-uG2ArrRMIu-Kg5ndZW6NMexdG3orNwaZFFjuXsvfgdpGDdK.jpg"}, "firstName": "Dreamer", "gender": "male"}}]}, {"reasons": {"items": [{"reasonName": "globalInteractionReason", "summary": "This spot is popular", "type": "general"}], "count": 0}, "venue": {"hereNow": {"groups": [], "summary": "Nobody here", "count": 0}, "contact": {"phone": "+6568534426", "formattedPhone": "+65 6853 4426"}, "photos": {"groups": [], "count": 0}, "rating": 6.3, "name": "Blanco Prawn Noodle House (\u6708\u5170\u4ead)", "ratingSignals": 33, "allowMenuUrlEdit": true, "categories": [{"pluralName": "Noodle Houses", "id": "4bf58dd8d48988d1d1941735", "primary": true, "icon": {"prefix": "https://ss3.4sqi.net/img/categories_v2/food/ramen_", "suffix": ".png"}, "name": "Noodle House", "shortName": "Noodles"}], "stats": {"checkinsCount": 1598, "usersCount": 686, "tipCount": 12}, "id": "4b88a49af964a5205d0632e3", "beenHere": {"lastCheckinExpiredAt": 0, "count": 0, "marked": false}, "ratingColor": "FFC800", "location": {"formattedAddress": ["235 Jalan Kayu", "799459", "Singapore"], "postalCode": "799459", "lat": 1.3961077636403083, "lng": 103.87304148467358, "state": "None", "country": "Singapore", "distance": 318, "city": "Singapore", "cc": "SG", "address": "235 Jalan Kayu", "labeledLatLngs": [{"lng": 103.87304148467358, "label": "display", "lat": 1.3961077636403083}]}, "hours": {"isLocalHoliday": false, "isOpen": false}, "verified": false, "price": {"tier": 1, "currency": "$", "message": "Cheap"}}, "referralId": "e-3-4b88a49af964a5205d0632e3-6", "tips": [{"logView": true, "photo": {"id": "523420bc11d2e0a6e2bed2fb", "visibility": "public", "source": {"name": "Foursquare for Android", "url": "https://foursquare.com/download/#/android"}, "suffix": "/6057930_iwXBjdvcyK0ndjaKUzeIOo8YeklP7uPgE6LMw_H1Lh4.jpg", "createdAt": 1379147964, "prefix": "https://igx.4sqi.net/img/general/", "width": 612, "height": 612}, "createdAt": 1379147962, "todo": {"count": 1}, "agreeCount": 7, "likes": {"groups": [], "summary": "7 likes", "count": 7}, "id": "523420ba11d201dc62c05b96", "text": "So so good.. please go for 3in1 noodles... Money back guarantee taste!!", "disagreeCount": 0, "user": {"gender": "female", "id": "6057930", "photo": {"prefix": "https://igx.4sqi.net/img/user/", "suffix": "/DQNOVGZCMM522R5H.jpg"}, "firstName": "Carol", "lastName": "Chan"}, "canonicalUrl": "https://foursquare.com/item/523420ba11d201dc62c05b96", "type": "user", "photourl": "https://igx.4sqi.net/img/general/original/6057930_iwXBjdvcyK0ndjaKUzeIOo8YeklP7uPgE6LMw_H1Lh4.jpg"}]}, {"reasons": {"items": [{"reasonName": "globalInteractionReason", "summary": "This spot is popular", "type": "general"}], "count": 0}, "venue": {"hereNow": {"groups": [], "summary": "Nobody here", "count": 0}, "contact": {}, "photos": {"groups": [], "count": 0}, "rating": 6.3, "name": "Savoury", "ratingSignals": 8, "allowMenuUrlEdit": true, "categories": [{"pluralName": "Caf\u00e9s", "id": "4bf58dd8d48988d16d941735", "primary": true, "icon": {"prefix": "https://ss3.4sqi.net/img/categories_v2/food/cafe_", "suffix": ".png"}, "name": "Caf\u00e9", "shortName": "Caf\u00e9"}], "stats": {"checkinsCount": 230, "usersCount": 168, "tipCount": 2}, "id": "55585630498e975fc3827fc3", "beenHere": {"lastCheckinExpiredAt": 0, "count": 0, "marked": false}, "ratingColor": "FFC800", "location": {"formattedAddress": ["Singapore"], "lat": 1.3978433135969914, "lng": 103.87318305031042, "distance": 279, "country": "Singapore", "cc": "SG", "labeledLatLngs": [{"lng": 103.87318305031042, "label": "display", "lat": 1.3978433135969914}]}, "verified": false, "price": {"tier": 1, "currency": "$", "message": "Cheap"}}, "referralId": "e-3-55585630498e975fc3827fc3-7", "tips": [{"logView": true, "photo": {"id": "58625af24bc2f1753b0a5cb6", "visibility": "public", "source": {"name": "Foursquare for iOS", "url": "https://foursquare.com/download/#/iphone"}, "suffix": "/7009657_QcEJ_25bXdT64X1oSW0NkeHhJA8zV5EO6GFRWMSy9JQ.jpg", "createdAt": 1482840818, "prefix": "https://igx.4sqi.net/img/general/", "width": 1440, "height": 1920}, "createdAt": 1482840814, "agreeCount": 0, "id": "58625aeef84085303fa41e25", "text": "Environment and the foods are good! Price is reasonable too.", "type": "user", "disagreeCount": 0, "user": {"gender": "male", "id": "7009657", "photo": {"prefix": "https://igx.4sqi.net/img/user/", "suffix": "/7009657-ID1ATVXB3OAIMECM.jpg"}, "firstName": "Jia Xun", "lastName": "Ngoo"}, "canonicalUrl": "https://foursquare.com/item/58625aeef84085303fa41e25", "todo": {"count": 0}, "photourl": "https://igx.4sqi.net/img/general/original/7009657_QcEJ_25bXdT64X1oSW0NkeHhJA8zV5EO6GFRWMSy9JQ.jpg"}]}, {"reasons": {"items": [{"reasonName": "globalInteractionReason", "summary": "This spot is popular", "type": "general"}], "count": 0}, "venue": {"hereNow": {"groups": [], "summary": "Nobody here", "count": 0}, "contact": {"facebook": "157162220997026", "facebookUsername": "mcdsg", "facebookName": "McDonald's"}, "photos": {"groups": [], "count": 0}, "rating": 6.6, "menu": {"mobileUrl": "https://www.mcdonalds.com.sg/our-food/menu/food-menu/", "externalUrl": "https://www.mcdonalds.com.sg/our-food/menu/food-menu/", "url": "https://www.mcdonalds.com.sg/our-food/menu/food-menu/", "anchor": "View Menu", "label": "Menu", "type": "Menu"}, "name": "McDonald's", "ratingSignals": 13, "allowMenuUrlEdit": true, "categories": [{"pluralName": "Fast Food Restaurants", "id": "4bf58dd8d48988d16e941735", "primary": true, "icon": {"prefix": "https://ss3.4sqi.net/img/categories_v2/food/fastfood_", "suffix": ".png"}, "name": "Fast Food Restaurant", "shortName": "Fast Food"}], "stats": {"checkinsCount": 1193, "usersCount": 356, "tipCount": 3}, "id": "53fde086498ee8e8185a741a", "beenHere": {"lastCheckinExpiredAt": 0, "count": 0, "marked": false}, "url": "https://www.mcdonalds.com.sg", "ratingColor": "FFC800", "location": {"lng": 103.87615029988038, "formattedAddress": ["#01-04/05/06, The Seletar Mall (33 Sengkang West Ave.)", "797653", "Singapore"], "postalCode": "797653", "lat": 1.3910273174493066, "crossStreet": "33 Sengkang West Ave.", "country": "Singapore", "distance": 702, "city": "Singapore", "cc": "SG", "address": "#01-04/05/06, The Seletar Mall", "labeledLatLngs": [{"lng": 103.87615029988038, "label": "display", "lat": 1.3910273174493066}]}, "hours": {"isLocalHoliday": false, "isOpen": true, "status": "Open until 11:00 PM"}, "verified": false, "price": {"tier": 1, "currency": "$", "message": "Cheap"}}, "referralId": "e-3-53fde086498ee8e8185a741a-8", "tips": [{"id": "54fe7e3f498e3b2edc617c8c", "text": "S.L.O.W food restaurant. Do not ever patronize in hopes of getting a quick meal. Both the McCafe & the regular MacDonalds counters are super slow. Be prepared to wait at least 15-30min.", "disagreeCount": 0, "createdAt": 1425964607, "logView": true, "todo": {"count": 0}, "agreeCount": 0, "canonicalUrl": "https://foursquare.com/item/54fe7e3f498e3b2edc617c8c", "type": "user", "user": {"gender": "female", "id": "62655922", "photo": {"prefix": "https://igx.4sqi.net/img/user/", "suffix": "/3FUOWR4ZERTHZPI1.jpg"}, "firstName": "Joey", "lastName": "Weini"}}]}, {"reasons": {"items": [{"reasonName": "globalInteractionReason", "summary": "This spot is popular", "type": "general"}], "count": 0}, "venue": {"hereNow": {"groups": [], "summary": "Nobody here", "count": 0}, "contact": {}, "photos": {"groups": [], "count": 0}, "rating": 6.4, "menu": {"mobileUrl": "http://www.subway.com.sg/layouts/page_menu_hot_subway_melt.html", "externalUrl": "http://www.subway.com.sg/layouts/page_menu_hot_subway_melt.html", "url": "http://www.subway.com.sg/layouts/page_menu_hot_subway_melt.html", "anchor": "View Menu", "label": "Menu", "type": "Menu"}, "name": "Subway", "ratingSignals": 1, "allowMenuUrlEdit": true, "categories": [{"pluralName": "Sandwich Places", "id": "4bf58dd8d48988d1c5941735", "primary": true, "icon": {"prefix": "https://ss3.4sqi.net/img/categories_v2/food/deli_", "suffix": ".png"}, "name": "Sandwich Place", "shortName": "Sandwiches"}], "stats": {"checkinsCount": 122, "usersCount": 69, "tipCount": 0}, "id": "5466cb54498ebcd5abf59f92", "beenHere": {"lastCheckinExpiredAt": 0, "count": 0, "marked": false}, "url": "http://www.subway.com.sg", "ratingColor": "FFC800", "location": {"lng": 103.87628054322975, "formattedAddress": ["#B1-08, The Seletar Mall (33 Sengkang West Ave.)", "797653", "Singapore"], "postalCode": "797653", "lat": 1.3917920344062393, "crossStreet": "33 Sengkang West Ave.", "country": "Singapore", "distance": 619, "city": "Singapore", "cc": "SG", "address": "#B1-08, The Seletar Mall", "labeledLatLngs": [{"lng": 103.87628054322975, "label": "display", "lat": 1.3917920344062393}]}, "verified": false, "price": {"tier": 1, "currency": "$", "message": "Cheap"}}, "referralId": "e-3-5466cb54498ebcd5abf59f92-9"}, {"reasons": {"items": [{"reasonName": "globalInteractionReason", "summary": "This spot is popular", "type": "general"}], "count": 0}, "venue": {"hereNow": {"groups": [], "summary": "Nobody here", "count": 0}, "contact": {"phone": "+6567027688", "formattedPhone": "+65 6702 7688"}, "photos": {"groups": [], "count": 0}, "rating": 6.3, "menu": {"mobileUrl": "http://www.songfa.com.sg/menu.html", "externalUrl": "http://www.songfa.com.sg/menu.html", "url": "http://www.songfa.com.sg/menu.html", "anchor": "View Menu", "label": "Menu", "type": "Menu"}, "name": "Song Fa Bak Kut Teh \u677e\u53d1\u8089\u9aa8\u8336", "ratingSignals": 33, "allowMenuUrlEdit": true, "categories": [{"pluralName": "Soup Places", "id": "4bf58dd8d48988d1dd931735", "primary": true, "icon": {"prefix": "https://ss3.4sqi.net/img/categories_v2/food/soup_", "suffix": ".png"}, "name": "Soup Place", "shortName": "Soup"}], "stats": {"checkinsCount": 921, "usersCount": 537, "tipCount": 10}, "id": "5466d9b9498ed060c4577cad", "beenHere": {"lastCheckinExpiredAt": 0, "count": 0, "marked": false}, "url": "http://www.songfa.com.sg", "ratingColor": "FFC800", "location": {"lng": 103.8761106606248, "formattedAddress": ["#01-39/40/41, The Seletar Mall (33 Sengkang West Ave.)", "797653", "Singapore"], "postalCode": "797653", "lat": 1.391865837007048, "crossStreet": "33 Sengkang West Ave.", "country": "Singapore", "distance": 609, "city": "Singapore", "cc": "SG", "address": "#01-39/40/41, The Seletar Mall", "labeledLatLngs": [{"lng": 103.8761106606248, "label": "display", "lat": 1.391865837007048}]}, "hours": {"isLocalHoliday": false, "isOpen": true, "status": "Likely open"}, "verified": false, "price": {"tier": 1, "currency": "$", "message": "Cheap"}}, "referralId": "e-3-5466d9b9498ed060c4577cad-10", "tips": [{"id": "558552fb498e68c356839d69", "text": "Distinctly average, priced on the high side but not over the top.", "disagreeCount": 0, "createdAt": 1434800891, "logView": true, "todo": {"count": 0}, "agreeCount": 0, "canonicalUrl": "https://foursquare.com/item/558552fb498e68c356839d69", "type": "user", "user": {"gender": "male", "id": "79017880", "photo": {"prefix": "https://igx.4sqi.net/img/user/", "default": true, "suffix": "/blank_boy.png"}, "firstName": "Z", "lastName": "Ong"}}]}, {"reasons": {"items": [{"reasonName": "globalInteractionReason", "summary": "This spot is popular", "type": "general"}], "count": 0}, "venue": {"hereNow": {"groups": [], "summary": "Nobody here", "count": 0}, "contact": {}, "photos": {"groups": [], "count": 0}, "rating": 6.2, "name": "My Briyani House", "ratingSignals": 11, "allowMenuUrlEdit": true, "categories": [{"pluralName": "Indian Restaurants", "id": "4bf58dd8d48988d10f941735", "primary": true, "icon": {"prefix": "https://ss3.4sqi.net/img/categories_v2/food/indian_", "suffix": ".png"}, "name": "Indian Restaurant", "shortName": "Indian"}], "stats": {"checkinsCount": 725, "usersCount": 259, "tipCount": 4}, "id": "5474a685498e895b6331ea23", "beenHere": {"lastCheckinExpiredAt": 0, "count": 0, "marked": false}, "ratingColor": "FFC800", "location": {"lng": 103.875891, "formattedAddress": ["#01-31/32/33, The Seletar Mall (33 Sengkang West Ave.)", "797653", "Singapore"], "postalCode": "797653", "lat": 1.39222, "crossStreet": "33 Sengkang West Ave.", "country": "Singapore", "distance": 568, "city": "Singapore", "cc": "SG", "address": "#01-31/32/33, The Seletar Mall", "labeledLatLngs": [{"lng": 103.875891, "label": "display", "lat": 1.39222}]}, "hours": {"isLocalHoliday": false, "isOpen": true, "status": "Likely open"}, "verified": false, "price": {"tier": 2, "currency": "$", "message": "Moderate"}}, "referralId": "e-3-5474a685498e895b6331ea23-11", "tips": [{"id": "572f3779498e234ab26e616a", "text": "Recommended", "disagreeCount": 0, "createdAt": 1462712185, "logView": true, "todo": {"count": 0}, "agreeCount": 0, "canonicalUrl": "https://foursquare.com/item/572f3779498e234ab26e616a", "type": "user", "user": {"id": "80769251", "photo": {"prefix": "https://igx.4sqi.net/img/user/", "suffix": "/80769251-20CATOJI1PJRNLEY.jpg"}, "firstName": "hhKang", "gender": "male"}}]}, {"reasons": {"items": [{"reasonName": "globalInteractionReason", "summary": "This spot is popular", "type": "general"}], "count": 0}, "venue": {"hereNow": {"groups": [], "summary": "Nobody here", "count": 0}, "contact": {"phone": "+6564843224", "formattedPhone": "+65 6484 3224"}, "photos": {"groups": [], "count": 0}, "rating": 5.7, "name": "New Soon Huat Bak Kut Teh \u65b0\u987a\u53d1\u8089\u9aa8\u8336", "ratingSignals": 42, "allowMenuUrlEdit": true, "categories": [{"pluralName": "Chinese Restaurants", "id": "4bf58dd8d48988d145941735", "primary": true, "icon": {"prefix": "https://ss3.4sqi.net/img/categories_v2/food/asian_", "suffix": ".png"}, "name": "Chinese Restaurant", "shortName": "Chinese"}], "stats": {"checkinsCount": 1228, "usersCount": 837, "tipCount": 30}, "id": "4d8dcd575091a1cd70d17f01", "beenHere": {"lastCheckinExpiredAt": 0, "count": 0, "marked": false}, "ratingColor": "FF9600", "location": {"formattedAddress": ["257 Jalan Kayu", "Singapore"], "lat": 1.396781466277435, "lng": 103.87304714729623, "country": "Singapore", "distance": 294, "city": "Singapore", "cc": "SG", "address": "257 Jalan Kayu", "labeledLatLngs": [{"lng": 103.87304714729623, "label": "display", "lat": 1.396781466277435}]}, "hours": {"isLocalHoliday": false, "isOpen": true, "status": "Likely open"}, "verified": false, "price": {"tier": 1, "currency": "$", "message": "Cheap"}}, "referralId": "e-3-4d8dcd575091a1cd70d17f01-12", "tips": [{"id": "4f65d35ee4b06b30898c2305", "text": "This is a \"one time\" dining place for me. Food not fantastic. Service is bad, environment is warm and noisy. We were being served more bones than meat. Maybe just that I can't appreciate.", "disagreeCount": 0, "logView": true, "createdAt": 1332073310, "likes": {"groups": [], "summary": "2 likes", "count": 2}, "todo": {"count": 0}, "agreeCount": 2, "canonicalUrl": "https://foursquare.com/item/4f65d35ee4b06b30898c2305", "type": "user", "user": {"gender": "male", "id": "19120256", "photo": {"prefix": "https://igx.4sqi.net/img/user/", "suffix": "/2HU3YRVZ22VNVTBV.jpg"}, "firstName": "Travis", "lastName": "Tan"}}]}, {"reasons": {"items": [{"reasonName": "globalInteractionReason", "summary": "This spot is popular", "type": "general"}], "count": 0}, "venue": {"hereNow": {"groups": [], "summary": "Nobody here", "count": 0}, "contact": {"facebook": "216317188388404", "facebookUsername": "dintaifungsg", "facebookName": "Din Tai Fung Singapore"}, "photos": {"groups": [], "count": 0}, "rating": 6.1, "menu": {"mobileUrl": "http://www.dintaifung.com.sg/signatures-appetisers.php", "externalUrl": "http://www.dintaifung.com.sg/signatures-appetisers.php", "url": "http://www.dintaifung.com.sg/signatures-appetisers.php", "anchor": "View Menu", "label": "Menu", "type": "Menu"}, "name": "Din Tai Fung \u9f0e\u6cf0\u8c50", "ratingSignals": 14, "allowMenuUrlEdit": true, "categories": [{"pluralName": "Asian Restaurants", "id": "4bf58dd8d48988d142941735", "primary": true, "icon": {"prefix": "https://ss3.4sqi.net/img/categories_v2/food/asian_", "suffix": ".png"}, "name": "Asian Restaurant", "shortName": "Asian"}], "stats": {"checkinsCount": 750, "usersCount": 462, "tipCount": 6}, "id": "53fddec4498ec403f81318b9", "beenHere": {"lastCheckinExpiredAt": 0, "count": 0, "marked": false}, "url": "http://www.dintaifung.com.sg", "ratingColor": "FFC800", "location": {"lng": 103.87611865997314, "formattedAddress": ["#02-07/08/09/10, The Seletar Mall (33 Sengkang West Ave.)", "797653", "Singapore"], "postalCode": "797653", "lat": 1.3912216478566444, "crossStreet": "33 Sengkang West Ave.", "country": "Singapore", "distance": 680, "city": "Singapore", "cc": "SG", "address": "#02-07/08/09/10, The Seletar Mall", "labeledLatLngs": [{"lng": 103.87611865997314, "label": "display", "lat": 1.3912216478566444}]}, "hours": {"isLocalHoliday": false, "isOpen": true, "status": "Likely open"}, "verified": false, "price": {"tier": 2, "currency": "$", "message": "Moderate"}}, "referralId": "e-3-53fddec4498ec403f81318b9-13", "tips": [{"id": "577f3216498e6a4c8f2424b4", "text": "I live the xiao long bao here", "disagreeCount": 0, "createdAt": 1467953686, "logView": true, "todo": {"count": 0}, "agreeCount": 0, "canonicalUrl": "https://foursquare.com/item/577f3216498e6a4c8f2424b4", "type": "user", "user": {"gender": "female", "id": "84588931", "photo": {"prefix": "https://igx.4sqi.net/img/user/", "suffix": "/84588931-FAMNIBR2OF50UTX5.jpg"}, "firstName": "Leong", "lastName": "Yoke"}}]}, {"reasons": {"items": [{"reasonName": "globalInteractionReason", "summary": "This spot is popular", "type": "general"}], "count": 0}, "venue": {"hereNow": {"groups": [], "summary": "Nobody here", "count": 0}, "contact": {}, "photos": {"groups": [], "count": 0}, "rating": 6.0, "name": "Sushi Express", "ratingSignals": 15, "allowMenuUrlEdit": true, "categories": [{"pluralName": "Sushi Restaurants", "id": "4bf58dd8d48988d1d2941735", "primary": true, "icon": {"prefix": "https://ss3.4sqi.net/img/categories_v2/food/sushi_", "suffix": ".png"}, "name": "Sushi Restaurant", "shortName": "Sushi"}], "stats": {"checkinsCount": 765, "usersCount": 393, "tipCount": 8}, "id": "5466cf96498e96205f4a3b34", "beenHere": {"lastCheckinExpiredAt": 0, "count": 0, "marked": false}, "ratingColor": "FFC800", "location": {"lng": 103.87624740600586, "formattedAddress": ["#02-K4/K5, The Seletar Mall (33 Sengkang West Ave.)", "797653", "Singapore"], "postalCode": "797653", "lat": 1.3913503559342686, "crossStreet": "33 Sengkang West Ave.", "country": "Singapore", "distance": 667, "city": "Singapore", "cc": "SG", "address": "#02-K4/K5, The Seletar Mall", "labeledLatLngs": [{"lng": 103.87624740600586, "label": "display", "lat": 1.3913503559342686}]}, "hours": {"isLocalHoliday": false, "isOpen": true, "status": "Likely open"}, "verified": false, "price": {"tier": 2, "currency": "$", "message": "Moderate"}}, "referralId": "e-3-5466cf96498e96205f4a3b34-14", "tips": [{"id": "58ecd5bceb645b5fed83f894", "text": "Dreadful food. Stay away. If you must eat here, avoid the raw dishes.", "disagreeCount": 0, "createdAt": 1491916220, "logView": true, "todo": {"count": 0}, "agreeCount": 0, "canonicalUrl": "https://foursquare.com/item/58ecd5bceb645b5fed83f894", "type": "user", "user": {"gender": "male", "id": "19447869", "photo": {"prefix": "https://igx.4sqi.net/img/user/", "suffix": "/EQCSMLHSOGILPIBS.jpg"}, "firstName": "Kenny", "lastName": "Yu"}}]}, {"reasons": {"items": [{"reasonName": "globalInteractionReason", "summary": "This spot is popular", "type": "general"}], "count": 0}, "venue": {"hereNow": {"groups": [], "summary": "Nobody here", "count": 0}, "contact": {}, "photos": {"groups": [], "count": 0}, "rating": 6.0, "name": "NeNe Chicken", "ratingSignals": 11, "allowMenuUrlEdit": true, "categories": [{"pluralName": "Fried Chicken Joints", "id": "4d4ae6fc7a7b7dea34424761", "primary": true, "icon": {"prefix": "https://ss3.4sqi.net/img/categories_v2/food/friedchicken_", "suffix": ".png"}, "name": "Fried Chicken Joint", "shortName": "Fried Chicken"}], "stats": {"checkinsCount": 272, "usersCount": 188, "tipCount": 2}, "id": "5474a804498e4a60bdf4bb8a", "beenHere": {"lastCheckinExpiredAt": 0, "count": 0, "marked": false}, "url": "http://english.nenechicken.com/Company_01.html", "ratingColor": "FFC800", "location": {"lng": 103.87611865997314, "formattedAddress": ["#B2-10/11, The Seletar Mall (33 Sengkang West Ave.)", "797653", "Singapore"], "postalCode": "797653", "lat": 1.3913074532425074, "crossStreet": "33 Sengkang West Ave.", "country": "Singapore", "distance": 671, "city": "Singapore", "cc": "SG", "address": "#B2-10/11, The Seletar Mall", "labeledLatLngs": [{"lng": 103.87611865997314, "label": "display", "lat": 1.3913074532425074}]}, "hours": {"isLocalHoliday": false, "isOpen": true, "status": "Likely open"}, "verified": false, "price": {"tier": 1, "currency": "$", "message": "Cheap"}}, "referralId": "e-3-5474a804498e4a60bdf4bb8a-15", "tips": [{"id": "54e679be498ef73093b1d547", "text": "Very cramp place with only a few tables available for dine in. Waiting for a table takes longer than waiting for the chicken to be served.", "disagreeCount": 0, "createdAt": 1424390590, "logView": true, "todo": {"count": 0}, "agreeCount": 0, "canonicalUrl": "https://foursquare.com/item/54e679be498ef73093b1d547", "type": "user", "user": {"gender": "male", "id": "7961954", "photo": {"prefix": "https://igx.4sqi.net/img/user/", "suffix": "/7961954-0S1ZFTBEJ1JRFHJD.jpg"}, "firstName": "Ice", "lastName": "Lee"}}]}, {"reasons": {"items": [{"reasonName": "globalInteractionReason", "summary": "This spot is popular", "type": "general"}], "count": 0}, "venue": {"hereNow": {"groups": [], "summary": "Nobody here", "count": 0}, "contact": {}, "photos": {"groups": [], "count": 0}, "name": "267 \u6d77\u9c9c\u5c0f\u5403", "allowMenuUrlEdit": true, "beenHere": {"lastCheckinExpiredAt": 0, "count": 0, "marked": false}, "stats": {"checkinsCount": 172, "usersCount": 92, "tipCount": 2}, "id": "4e47b1fb52b1bac0d9873ceb", "categories": [{"pluralName": "Asian Restaurants", "id": "4bf58dd8d48988d142941735", "primary": true, "icon": {"prefix": "https://ss3.4sqi.net/img/categories_v2/food/asian_", "suffix": ".png"}, "name": "Asian Restaurant", "shortName": "Asian"}], "location": {"formattedAddress": ["267 Jalan Kayu", "Singapore"], "lat": 1.397010061028601, "lng": 103.87309811091068, "distance": 284, "country": "Singapore", "cc": "SG", "address": "267 Jalan Kayu", "labeledLatLngs": [{"lng": 103.87309811091068, "label": "display", "lat": 1.397010061028601}]}, "verified": false, "price": {"tier": 2, "currency": "$", "message": "Moderate"}}, "referralId": "e-3-4e47b1fb52b1bac0d9873ceb-16", "tips": [{"logView": true, "photo": {"id": "5555d449498eda98811e9021", "visibility": "public", "source": {"name": "Foursquare for Android", "url": "https://foursquare.com/download/#/android"}, "suffix": "/16293643_fnrFRnNdfbId9dBOWYDpQDxU7KLVaZh_z8IlWCYdin0.jpg", "createdAt": 1431688265, "prefix": "https://igx.4sqi.net/img/general/", "width": 5312, "height": 2988}, "createdAt": 1431688256, "agreeCount": 0, "id": "5555d440498e8078d4d4671e", "text": "Love their curry fish head, salted egg yolk chicken, cereal pork and prawn paste chicken.", "type": "user", "disagreeCount": 0, "user": {"gender": "female", "id": "16293643", "photo": {"prefix": "https://igx.4sqi.net/img/user/", "suffix": "/16293643-AWW2SLZLTQKSHPPZ.jpg"}, "firstName": "Joey", "lastName": "Lim"}, "canonicalUrl": "https://foursquare.com/item/5555d440498e8078d4d4671e", "todo": {"count": 0}, "photourl": "https://igx.4sqi.net/img/general/original/16293643_fnrFRnNdfbId9dBOWYDpQDxU7KLVaZh_z8IlWCYdin0.jpg"}]}, {"reasons": {"items": [{"reasonName": "globalInteractionReason", "summary": "This spot is popular", "type": "general"}], "count": 0}, "venue": {"hereNow": {"groups": [], "summary": "Nobody here", "count": 0}, "contact": {"facebook": "169448717756", "facebookUsername": "ShokudoSG", "facebookName": "Shokudo Concepts - Singapore"}, "photos": {"groups": [], "count": 0}, "rating": 6.0, "menu": {"mobileUrl": "http://shokudoconcepts.com.sg/menu/", "externalUrl": "http://shokudoconcepts.com.sg/menu/", "url": "http://shokudoconcepts.com.sg/menu/", "anchor": "View Menu", "label": "Menu", "type": "Menu"}, "name": "Shokudo", "ratingSignals": 10, "allowMenuUrlEdit": true, "categories": [{"pluralName": "Japanese Restaurants", "id": "4bf58dd8d48988d111941735", "primary": true, "icon": {"prefix": "https://ss3.4sqi.net/img/categories_v2/food/japanese_", "suffix": ".png"}, "name": "Japanese Restaurant", "shortName": "Japanese"}], "stats": {"checkinsCount": 126, "usersCount": 110, "tipCount": 6}, "id": "5466dd77498e676b5e35ba34", "beenHere": {"lastCheckinExpiredAt": 0, "count": 0, "marked": false}, "url": "http://shokudoconcepts.com.sg", "ratingColor": "FFC800", "location": {"lng": 103.87616157531738, "formattedAddress": ["#02-K1/K2/K3, The Seletar Mall (33 Sengkang West Ave.)", "797653", "Singapore"], "postalCode": "797653", "lat": 1.3912645505499703, "crossStreet": "33 Sengkang West Ave.", "country": "Singapore", "distance": 676, "city": "Singapore", "cc": "SG", "address": "#02-K1/K2/K3, The Seletar Mall", "labeledLatLngs": [{"lng": 103.87616157531738, "label": "display", "lat": 1.3912645505499703}]}, "verified": false, "price": {"tier": 2, "currency": "$", "message": "Moderate"}}, "referralId": "e-3-5466dd77498e676b5e35ba34-17", "tips": [{"logView": true, "photo": {"id": "56b9ba28498e91a7b1d58df3", "visibility": "public", "source": {"name": "Foursquare for iOS", "url": "https://foursquare.com/download/#/iphone"}, "suffix": "/1158539_q6d_shBXtwUNWIWZQFzccFPi4rE2l3Vw8kfdTSvxm0w.jpg", "createdAt": 1455012392, "prefix": "https://igx.4sqi.net/img/general/", "width": 1440, "height": 1920}, "createdAt": 1455012389, "agreeCount": 0, "id": "56b9ba25498e35d99d93a59f", "text": "I ordered a matcha latte and felt like I was drinking powder with every mouth. Just look at the stains on the cup. Horrible!", "type": "user", "disagreeCount": 0, "user": {"gender": "female", "id": "1158539", "photo": {"prefix": "https://igx.4sqi.net/img/user/", "suffix": "/1158539-03T20IMZJRSOYGFI"}, "firstName": "Shermin", "lastName": "Wu"}, "canonicalUrl": "https://foursquare.com/item/56b9ba25498e35d99d93a59f", "todo": {"count": 0}, "photourl": "https://igx.4sqi.net/img/general/original/1158539_q6d_shBXtwUNWIWZQFzccFPi4rE2l3Vw8kfdTSvxm0w.jpg"}]}, {"reasons": {"items": [{"reasonName": "globalInteractionReason", "summary": "This spot is popular", "type": "general"}], "count": 0}, "venue": {"hereNow": {"groups": [], "summary": "Nobody here", "count": 0}, "contact": {}, "photos": {"groups": [], "count": 0}, "name": "Canadian Pizza", "allowMenuUrlEdit": true, "beenHere": {"lastCheckinExpiredAt": 0, "count": 0, "marked": false}, "stats": {"checkinsCount": 167, "usersCount": 130, "tipCount": 3}, "id": "4ea2b04ef5b9efc00186892f", "categories": [{"pluralName": "Pizza Places", "id": "4bf58dd8d48988d1ca941735", "primary": true, "icon": {"prefix": "https://ss3.4sqi.net/img/categories_v2/food/pizza_", "suffix": ".png"}, "name": "Pizza Place", "shortName": "Pizza"}], "location": {"formattedAddress": ["Jalan Kayu", "Singapore"], "lat": 1.397956, "lng": 103.873117, "distance": 289, "country": "Singapore", "cc": "SG", "address": "Jalan Kayu", "labeledLatLngs": [{"lng": 103.873117, "label": "display", "lat": 1.397956}]}, "verified": false, "price": {"tier": 1, "currency": "$", "message": "Cheap"}}, "referralId": "e-3-4ea2b04ef5b9efc00186892f-18", "tips": [{"id": "4fafb321e4b09f9a2ac98217", "text": "Don't bother to try! Service damn bloody slow. We had to wait for more than an hour for our food. Not like they're bloody busy!", "disagreeCount": 0, "logView": true, "createdAt": 1336914721, "likes": {"groups": [], "summary": "1 like", "count": 1}, "todo": {"count": 0}, "agreeCount": 1, "canonicalUrl": "https://foursquare.com/item/4fafb321e4b09f9a2ac98217", "type": "user", "user": {"gender": "female", "id": "3393488", "photo": {"prefix": "https://igx.4sqi.net/img/user/", "suffix": "/FI4WPYABYYQ3Y0FW.jpg"}, "firstName": "Aida", "lastName": "Kassem-Yusoff"}}]}, {"reasons": {"items": [{"reasonName": "globalInteractionReason", "summary": "This spot is popular", "type": "general"}], "count": 0}, "venue": {"hereNow": {"groups": [], "summary": "Nobody here", "count": 0}, "contact": {}, "photos": {"groups": [], "count": 0}, "name": "He Ji Noodle", "allowMenuUrlEdit": true, "beenHere": {"lastCheckinExpiredAt": 0, "count": 0, "marked": false}, "stats": {"checkinsCount": 76, "usersCount": 55, "tipCount": 4}, "id": "4be54d2f5254d13a6d8260e1", "categories": [{"pluralName": "Chinese Restaurants", "id": "4bf58dd8d48988d145941735", "primary": true, "icon": {"prefix": "https://ss3.4sqi.net/img/categories_v2/food/asian_", "suffix": ".png"}, "name": "Chinese Restaurant", "shortName": "Chinese"}], "location": {"formattedAddress": ["273 Jalan Kayu", "Singapore"], "lat": 1.397348, "lng": 103.872998, "country": "Singapore", "distance": 293, "city": "Singapore", "cc": "SG", "address": "273 Jalan Kayu", "labeledLatLngs": [{"lng": 103.872998, "label": "display", "lat": 1.397348}]}, "verified": false, "price": {"tier": 1, "currency": "$", "message": "Cheap"}}, "referralId": "e-3-4be54d2f5254d13a6d8260e1-19", "tips": [{"id": "4d36c844db5ba35dcb7c3dc7", "text": "Best Chicken Cutlet noodle.", "disagreeCount": 0, "logView": true, "createdAt": 1295435844, "likes": {"groups": [], "summary": "1 like", "count": 1}, "todo": {"count": 0}, "agreeCount": 0, "canonicalUrl": "https://foursquare.com/item/4d36c844db5ba35dcb7c3dc7", "type": "user", "user": {"gender": "male", "id": "5658687", "photo": {"prefix": "https://igx.4sqi.net/img/user/", "suffix": "/HDPZ512ZENRDO5DV.jpg"}, "firstName": "Jesser", "lastName": "Bayot"}}]}, {"reasons": {"items": [{"reasonName": "globalInteractionReason", "summary": "This spot is popular", "type": "general"}], "count": 0}, "venue": {"hereNow": {"groups": [], "summary": "Nobody here", "count": 0}, "contact": {}, "photos": {"groups": [], "count": 0}, "name": "Flamingo Thai Seafood", "allowMenuUrlEdit": true, "beenHere": {"lastCheckinExpiredAt": 0, "count": 0, "marked": false}, "stats": {"checkinsCount": 108, "usersCount": 91, "tipCount": 4}, "id": "4b7d21c9f964a520a7af2fe3", "categories": [{"pluralName": "Thai Restaurants", "id": "4bf58dd8d48988d149941735", "primary": true, "icon": {"prefix": "https://ss3.4sqi.net/img/categories_v2/food/thai_", "suffix": ".png"}, "name": "Thai Restaurant", "shortName": "Thai"}], "location": {"formattedAddress": ["259 Jalan Kayu", "Singapore"], "lat": 1.396892, "lng": 103.873027, "distance": 294, "country": "Singapore", "cc": "SG", "address": "259 Jalan Kayu", "labeledLatLngs": [{"lng": 103.873027, "label": "display", "lat": 1.396892}]}, "verified": false, "price": {"tier": 2, "currency": "$", "message": "Moderate"}}, "referralId": "e-3-4b7d21c9f964a520a7af2fe3-20", "tips": [{"id": "4d7377b05838a093149719db", "text": "Don't ever come here if u r hungry or in a rush. It's not crowded n the food is already taking forever...", "disagreeCount": 0, "logView": true, "createdAt": 1299412912, "likes": {"groups": [], "summary": "1 like", "count": 1}, "todo": {"count": 0}, "agreeCount": 0, "canonicalUrl": "https://foursquare.com/item/4d7377b05838a093149719db", "type": "user", "user": {"gender": "female", "id": "955214", "photo": {"prefix": "https://igx.4sqi.net/img/user/", "suffix": "/EZZCOLKKXI0RVML3.jpg"}, "firstName": "Angeline", "lastName": "Soh"}}]}, {"reasons": {"items": [{"reasonName": "globalInteractionReason", "summary": "This spot is popular", "type": "general"}], "count": 0}, "venue": {"hereNow": {"groups": [], "summary": "Nobody here", "count": 0}, "contact": {"facebook": "303321370009833", "facebookName": "SHU Vegetarian", "phone": "+6564937265", "formattedPhone": "+65 6493 7265"}, "photos": {"groups": [], "count": 0}, "name": "SHU Vegetarian", "allowMenuUrlEdit": true, "beenHere": {"lastCheckinExpiredAt": 0, "count": 0, "marked": false}, "stats": {"checkinsCount": 31, "usersCount": 18, "tipCount": 0}, "id": "57c8c7bf498edd9b88ef3e61", "categories": [{"pluralName": "Vegetarian / Vegan Restaurants", "id": "4bf58dd8d48988d1d3941735", "primary": true, "icon": {"prefix": "https://ss3.4sqi.net/img/categories_v2/food/vegetarian_", "suffix": ".png"}, "name": "Vegetarian / Vegan Restaurant", "shortName": "Vegetarian / Vegan"}], "location": {"formattedAddress": ["259 Jalan Kayu", "799488", "Singapore"], "postalCode": "799488", "lat": 1.397313822486047, "lng": 103.87287855148315, "country": "Singapore", "distance": 306, "city": "Singapore", "cc": "SG", "address": "259 Jalan Kayu", "labeledLatLngs": [{"lng": 103.87287855148315, "label": "display", "lat": 1.397313822486047}]}, "hours": {"isLocalHoliday": false, "isOpen": true, "status": "Open until 10:00 PM"}, "verified": false, "price": {"tier": 2, "currency": "$", "message": "Moderate"}}, "referralId": "e-3-57c8c7bf498edd9b88ef3e61-21"}, {"reasons": {"items": [{"reasonName": "globalInteractionReason", "summary": "This spot is popular", "type": "general"}], "count": 0}, "venue": {"hereNow": {"groups": [], "summary": "Nobody here", "count": 0}, "contact": {}, "photos": {"groups": [], "count": 0}, "name": "Meat Haven Restaurant & Bar", "allowMenuUrlEdit": true, "beenHere": {"lastCheckinExpiredAt": 0, "count": 0, "marked": false}, "stats": {"checkinsCount": 32, "usersCount": 23, "tipCount": 1}, "id": "4e78bd0ec65b8073f59da9f1", "categories": [{"pluralName": "Restaurants", "id": "4bf58dd8d48988d1c4941735", "primary": true, "icon": {"prefix": "https://ss3.4sqi.net/img/categories_v2/food/default_", "suffix": ".png"}, "name": "Restaurant", "shortName": "Restaurant"}], "location": {"formattedAddress": ["259 Jalan Kayu", "799488", "Singapore"], "postalCode": "799488", "lat": 1.3968608502107558, "lng": 103.872877268719, "distance": 311, "country": "Singapore", "cc": "SG", "address": "259 Jalan Kayu", "labeledLatLngs": [{"lng": 103.872877268719, "label": "display", "lat": 1.3968608502107558}]}, "verified": false, "price": {"tier": 2, "currency": "$", "message": "Moderate"}}, "referralId": "e-3-4e78bd0ec65b8073f59da9f1-22", "tips": [{"id": "4e78bdf37d8b90e44236c24f", "text": "The steak is damn tender, and Durian Fondant is surprisingly good too!", "disagreeCount": 0, "createdAt": 1316535795, "logView": true, "todo": {"count": 0}, "agreeCount": 0, "canonicalUrl": "https://foursquare.com/item/4e78bdf37d8b90e44236c24f", "type": "user", "user": {"gender": "female", "id": "942463", "photo": {"prefix": "https://igx.4sqi.net/img/user/", "suffix": "/AD1DLEMH12G4HNTM.jpg"}, "firstName": "Paige", "lastName": "Soh"}}]}, {"reasons": {"items": [{"reasonName": "globalInteractionReason", "summary": "This spot is popular", "type": "general"}], "count": 0}, "venue": {"hereNow": {"groups": [], "summary": "Nobody here", "count": 0}, "contact": {"phone": "+6568162537", "formattedPhone": "+65 6816 2537"}, "photos": {"groups": [], "count": 0}, "name": "NAOWarat", "allowMenuUrlEdit": true, "beenHere": {"lastCheckinExpiredAt": 0, "count": 0, "marked": false}, "stats": {"checkinsCount": 285, "usersCount": 34, "tipCount": 1}, "id": "56bb234a498e2b0c47790260", "categories": [{"pluralName": "Thai Restaurants", "id": "4bf58dd8d48988d149941735", "primary": true, "icon": {"prefix": "https://ss3.4sqi.net/img/categories_v2/food/thai_", "suffix": ".png"}, "name": "Thai Restaurant", "shortName": "Thai"}], "location": {"formattedAddress": ["243 Jalan Kayu", "799467", "Singapore"], "postalCode": "799467", "lat": 1.3962952, "lng": 103.872955, "country": "Singapore", "distance": 319, "city": "Singapore", "cc": "SG", "address": "243 Jalan Kayu", "labeledLatLngs": [{"lng": 103.872955, "label": "display", "lat": 1.3962952}]}, "hours": {"isLocalHoliday": false, "isOpen": false, "status": "Closed until 11:30 AM tomorrow"}, "verified": false, "price": {"tier": 2, "currency": "$", "message": "Moderate"}}, "referralId": "e-3-56bb234a498e2b0c47790260-23", "tips": [{"id": "57bbd2d7498e5cf744729934", "text": "Pad siew kai is delicious", "disagreeCount": 0, "createdAt": 1471926999, "logView": true, "todo": {"count": 0}, "agreeCount": 0, "canonicalUrl": "https://foursquare.com/item/57bbd2d7498e5cf744729934", "type": "user", "user": {"gender": "male", "id": "5885384", "photo": {"prefix": "https://igx.4sqi.net/img/user/", "suffix": "/M3WS25XRCNXBI31I.jpg"}, "firstName": "Deswin", "lastName": "Lim"}}]}, {"reasons": {"items": [{"reasonName": "globalInteractionReason", "summary": "This spot is popular", "type": "general"}], "count": 0}, "venue": {"hereNow": {"groups": [], "summary": "Nobody here", "count": 0}, "contact": {"phone": "+6567559673", "formattedPhone": "+65 6755 9673"}, "photos": {"groups": [], "count": 0}, "name": "JE Crab Specialist", "allowMenuUrlEdit": true, "beenHere": {"lastCheckinExpiredAt": 0, "count": 0, "marked": false}, "stats": {"checkinsCount": 9, "usersCount": 6, "tipCount": 0}, "id": "51dbcd468bbddde81ed1f921", "categories": [{"pluralName": "Chinese Restaurants", "id": "4bf58dd8d48988d145941735", "primary": true, "icon": {"prefix": "https://ss3.4sqi.net/img/categories_v2/food/asian_", "suffix": ".png"}, "name": "Chinese Restaurant", "shortName": "Chinese"}], "location": {"formattedAddress": ["243 Jalan Kayu", "799467", "Singapore"], "postalCode": "799467", "lat": 1.3963780097149847, "lng": 103.87283563613892, "country": "Singapore", "distance": 328, "city": "Singapore", "cc": "SG", "address": "243 Jalan Kayu", "labeledLatLngs": [{"lng": 103.87283563613892, "label": "display", "lat": 1.3963780097149847}]}, "verified": true, "price": {"tier": 1, "currency": "$", "message": "Cheap"}}, "referralId": "e-3-51dbcd468bbddde81ed1f921-24"}, {"reasons": {"items": [{"reasonName": "globalInteractionReason", "summary": "This spot is popular", "type": "general"}], "count": 0}, "venue": {"contact": {}, "photos": {"groups": [], "count": 0}, "rating": 5.8, "name": "Let's EAT", "ratingSignals": 10, "allowMenuUrlEdit": true, "categories": [{"pluralName": "Food Courts", "id": "4bf58dd8d48988d120951735", "primary": true, "icon": {"prefix": "https://ss3.4sqi.net/img/categories_v2/shops/food_foodcourt_", "suffix": ".png"}, "name": "Food Court", "shortName": "Food Court"}], "stats": {"checkinsCount": 224, "usersCount": 85, "tipCount": 3}, "id": "5474a5cc498ebe44a5e5a755", "beenHere": {"lastCheckinExpiredAt": 0, "count": 0, "marked": false}, "ratingColor": "FF9600", "location": {"lat": 1.392146253397725, "distance": 590, "country": "Singapore", "cc": "SG", "crossStreet": "33 Sengkang West Ave.", "formattedAddress": ["#B2-05/06, The Seletar Mall (33 Sengkang West Ave.)", "797653", "Singapore"], "city": "Singapore", "lng": 103.8768128434286, "state": "Sporre", "labeledLatLngs": [{"lng": 103.8768128434286, "label": "display", "lat": 1.392146253397725}], "address": "#B2-05/06, The Seletar Mall", "postalCode": "797653"}, "verified": false, "hereNow": {"groups": [], "summary": "Nobody here", "count": 0}}, "referralId": "e-3-5474a5cc498ebe44a5e5a755-25", "tips": [{"id": "579c6ce5498e56109bc1ba8e", "text": "Pork chop curry rice is da bomb!", "disagreeCount": 0, "createdAt": 1469869285, "logView": true, "todo": {"count": 0}, "agreeCount": 0, "canonicalUrl": "https://foursquare.com/item/579c6ce5498e56109bc1ba8e", "type": "user", "user": {"gender": "male", "id": "60488898", "photo": {"prefix": "https://igx.4sqi.net/img/user/", "suffix": "/QF5C4VI3UEXY1RZE.jpg"}, "firstName": "Kenny", "lastName": "Low"}}]}, {"reasons": {"items": [{"reasonName": "globalInteractionReason", "summary": "This spot is popular", "type": "general"}], "count": 0}, "venue": {"contact": {}, "photos": {"groups": [], "count": 0}, "rating": 5.7, "name": "Kopitiam", "ratingSignals": 13, "allowMenuUrlEdit": true, "categories": [{"pluralName": "Food Courts", "id": "4bf58dd8d48988d120951735", "primary": true, "icon": {"prefix": "https://ss3.4sqi.net/img/categories_v2/shops/food_foodcourt_", "suffix": ".png"}, "name": "Food Court", "shortName": "Food Court"}], "stats": {"checkinsCount": 1787, "usersCount": 364, "tipCount": 6}, "id": "4e3e45711850e991efcb90d9", "beenHere": {"lastCheckinExpiredAt": 0, "count": 0, "marked": false}, "ratingColor": "FF9600", "location": {"formattedAddress": ["Block 437  (MSCP), Fernvale Rd #01-01", "790437", "Singapore"], "postalCode": "790437", "lat": 1.3923520526413125, "lng": 103.87601439390926, "country": "Singapore", "distance": 554, "city": "Singapore", "cc": "SG", "address": "Block 437  (MSCP), Fernvale Rd #01-01", "labeledLatLngs": [{"lng": 103.87601439390926, "label": "display", "lat": 1.3923520526413125}]}, "hours": {"isLocalHoliday": false, "isOpen": true, "status": "Open until Midnight"}, "verified": false, "hereNow": {"groups": [], "summary": "Nobody here", "count": 0}}, "referralId": "e-3-4e3e45711850e991efcb90d9-26", "tips": [{"id": "4e6c9889b0fba3f50e5e4180", "text": "\u540d\u53a8is good!", "disagreeCount": 0, "logView": true, "createdAt": 1315739785, "likes": {"groups": [], "summary": "1 like", "count": 1}, "todo": {"count": 0}, "agreeCount": 1, "canonicalUrl": "https://foursquare.com/item/4e6c9889b0fba3f50e5e4180", "type": "user", "user": {"gender": "male", "id": "3548007", "photo": {"prefix": "https://igx.4sqi.net/img/user/", "suffix": "/TXGZ2CKBS0TC5FG3.jpg"}, "firstName": "Jimmy", "lastName": "Seah"}}]}, {"reasons": {"items": [{"reasonName": "globalInteractionReason", "summary": "This spot is popular", "type": "general"}], "count": 0}, "venue": {"hereNow": {"groups": [], "summary": "Nobody here", "count": 0}, "contact": {"phone": "+6564812009", "formattedPhone": "+65 6481 2009"}, "photos": {"groups": [], "count": 0}, "rating": 5.4, "name": "Thohirah Cafeela Restaurant", "ratingSignals": 405, "allowMenuUrlEdit": true, "categories": [{"pluralName": "Indian Restaurants", "id": "4bf58dd8d48988d10f941735", "primary": true, "icon": {"prefix": "https://ss3.4sqi.net/img/categories_v2/food/indian_", "suffix": ".png"}, "name": "Indian Restaurant", "shortName": "Indian"}], "stats": {"checkinsCount": 27126, "usersCount": 13361, "tipCount": 263}, "id": "4b605023f964a52011df29e3", "beenHere": {"lastCheckinExpiredAt": 0, "count": 0, "marked": false}, "ratingColor": "FF9600", "location": {"formattedAddress": ["254, 256-258 Jalan Kayu", "799487", "Singapore"], "postalCode": "799487", "lat": 1.398160328111778, "lng": 103.87310377353568, "country": "Singapore", "distance": 296, "city": "Singapore", "cc": "SG", "address": "254, 256-258 Jalan Kayu", "labeledLatLngs": [{"lng": 103.87310377353568, "label": "display", "lat": 1.398160328111778}]}, "hours": {"isLocalHoliday": false, "isOpen": true, "status": "Likely open"}, "verified": false, "price": {"tier": 2, "currency": "$", "message": "Moderate"}}, "referralId": "e-3-4b605023f964a52011df29e3-27", "tips": [{"id": "4c7d201d5af8b60cb88c8e10", "text": "Only 1 sentence to describe the service.. \"Really FUCKING bad\"", "disagreeCount": 0, "logView": true, "createdAt": 1283268637, "likes": {"groups": [], "summary": "54 likes", "count": 54}, "todo": {"count": 0}, "agreeCount": 14, "canonicalUrl": "https://foursquare.com/item/4c7d201d5af8b60cb88c8e10", "type": "user", "user": {"gender": "male", "id": "1072966", "photo": {"prefix": "https://igx.4sqi.net/img/user/", "suffix": "/DICUPSC12YSN44WE.jpg"}, "firstName": "Wei", "lastName": "Leong"}}]}, {"reasons": {"items": [{"reasonName": "globalInteractionReason", "summary": "This spot is popular", "type": "general"}], "count": 0}, "venue": {"hereNow": {"groups": [], "summary": "Nobody here", "count": 0}, "contact": {"phone": "+6564820244", "formattedPhone": "+65 6482 0244"}, "photos": {"groups": [], "count": 0}, "rating": 5.3, "name": "Sunset Grill & Pub", "ratingSignals": 26, "allowMenuUrlEdit": true, "categories": [{"pluralName": "BBQ Joints", "id": "4bf58dd8d48988d1df931735", "primary": true, "icon": {"prefix": "https://ss3.4sqi.net/img/categories_v2/food/bbqalt_", "suffix": ".png"}, "name": "BBQ Joint", "shortName": "BBQ"}], "stats": {"checkinsCount": 904, "usersCount": 768, "tipCount": 13}, "id": "4fb77ed9e4b0c9187fa27d8c", "beenHere": {"lastCheckinExpiredAt": 0, "count": 0, "marked": false}, "url": "http://www.sunsetgrillandpub.com", "ratingColor": "FF9600", "location": {"formattedAddress": ["259 Jln Kayu", "Singapore"], "lat": 1.396836988738588, "lng": 103.87302449680703, "country": "Singapore", "distance": 295, "city": "Singapore", "cc": "SG", "address": "259 Jln Kayu", "labeledLatLngs": [{"lng": 103.87302449680703, "label": "display", "lat": 1.396836988738588}]}, "hours": {"isLocalHoliday": false, "isOpen": true, "status": "Open until 9:30 PM"}, "verified": false, "price": {"tier": 2, "currency": "$", "message": "Moderate"}}, "referralId": "e-3-4fb77ed9e4b0c9187fa27d8c-28", "tips": [{"id": "50153dbde4b0e259d39c258d", "text": "Fried mushrooms and grilled sausages are hideously overpriced. Food is expensive in general. Not worth coming again.", "disagreeCount": 0, "logView": true, "createdAt": 1343569341, "likes": {"groups": [], "summary": "1 like", "count": 1}, "todo": {"count": 0}, "agreeCount": 1, "canonicalUrl": "https://foursquare.com/item/50153dbde4b0e259d39c258d", "type": "user", "user": {"gender": "male", "id": "5617783", "photo": {"prefix": "https://igx.4sqi.net/img/user/", "suffix": "/G1NPLEH5BY1NTQU5.jpg"}, "firstName": "Gerald", "lastName": "Tan"}}]}, {"reasons": {"items": [{"reasonName": "globalInteractionReason", "summary": "This spot is popular", "type": "general"}], "count": 0}, "venue": {"hereNow": {"groups": [], "summary": "Nobody here", "count": 0}, "contact": {"phone": "+6564479744", "formattedPhone": "+65 6447 9744"}, "photos": {"groups": [], "count": 0}, "name": "Just Greens Vegetarian", "allowMenuUrlEdit": true, "beenHere": {"lastCheckinExpiredAt": 0, "count": 0, "marked": false}, "stats": {"checkinsCount": 356, "usersCount": 10, "tipCount": 1}, "id": "50ab5455e4b09bb9202c292d", "categories": [{"pluralName": "Vegetarian / Vegan Restaurants", "id": "4bf58dd8d48988d1d3941735", "primary": true, "icon": {"prefix": "https://ss3.4sqi.net/img/categories_v2/food/vegetarian_", "suffix": ".png"}, "name": "Vegetarian / Vegan Restaurant", "shortName": "Vegetarian / Vegan"}], "location": {"formattedAddress": ["Block 437, Fernvale Road", "790437", "Singapore"], "postalCode": "790437", "lat": 1.3922620379496689, "lng": 103.87636542320251, "country": "Singapore", "distance": 568, "city": "Singapore", "cc": "SG", "address": "Block 437, Fernvale Road", "labeledLatLngs": [{"lng": 103.87636542320251, "label": "display", "lat": 1.3922620379496689}]}, "hours": {"isLocalHoliday": false, "isOpen": false}, "verified": false, "price": {"tier": 2, "currency": "$", "message": "Moderate"}}, "referralId": "e-3-50ab5455e4b09bb9202c292d-29", "tips": [{"id": "50ab551ae4b00f8f08983d17", "text": "They sell nice vegetarian food.", "disagreeCount": 0, "logView": true, "createdAt": 1353405722, "likes": {"groups": [], "summary": "1 like", "count": 1}, "todo": {"count": 0}, "agreeCount": 1, "canonicalUrl": "https://foursquare.com/item/50ab551ae4b00f8f08983d17", "type": "user", "user": {"id": "1168325", "photo": {"prefix": "https://igx.4sqi.net/img/user/", "suffix": "/1168325_UDwMc-py_0bNC6z4cEufkXRkf-uG2ArrRMIu-Kg5ndZW6NMexdG3orNwaZFFjuXsvfgdpGDdK.jpg"}, "firstName": "Dreamer", "gender": "male"}}]}, {"reasons": {"items": [{"reasonName": "globalInteractionReason", "summary": "This spot is popular", "type": "general"}], "count": 0}, "venue": {"contact": {"facebook": "82113411377", "facebookUsername": "xinwanghkcafe", "facebookName": "Xin Wang Hong Kong Caf\u00e9", "phone": "+6567023206", "formattedPhone": "+65 6702 3206"}, "photos": {"groups": [], "count": 0}, "menu": {"mobileUrl": "http://www.xinwang.com.sg/menu/", "externalUrl": "http://www.xinwang.com.sg/menu/", "url": "http://www.xinwang.com.sg/menu/", "anchor": "View Menu", "label": "Menu", "type": "Menu"}, "name": "Xin Wang Hong Kong Caf\u00e9", "allowMenuUrlEdit": true, "beenHere": {"lastCheckinExpiredAt": 0, "count": 0, "marked": false}, "stats": {"checkinsCount": 227, "usersCount": 156, "tipCount": 2}, "id": "5466d45e498ee896a481b75b", "categories": [{"pluralName": "Hong Kong Restaurants", "id": "52af3add3cf9994f4e043bf5", "primary": true, "icon": {"prefix": "https://ss3.4sqi.net/img/categories_v2/food/asian_", "suffix": ".png"}, "name": "Hong Kong Restaurant", "shortName": "Hong Kong"}], "url": "http://www.xinwang.com.sg", "location": {"formattedAddress": ["33 Sengkang West Ave, The Seletar Mall #01-28/29/30", "797653", "Singapore"], "postalCode": "797653", "lat": 1.391994847611935, "lng": 103.87595776646126, "country": "Singapore", "distance": 593, "city": "Singapore", "cc": "SG", "address": "33 Sengkang West Ave, The Seletar Mall #01-28/29/30", "labeledLatLngs": [{"lng": 103.87595776646126, "label": "display", "lat": 1.391994847611935}]}, "hours": {"isLocalHoliday": false, "isOpen": true, "status": "Open until 10:00 PM"}, "verified": false, "hereNow": {"groups": [], "summary": "Nobody here", "count": 0}}, "referralId": "e-3-5466d45e498ee896a481b75b-30", "tips": [{"id": "55a4e66f498ea1c7a4a8c3cf", "text": "Dim Sum not delicious", "disagreeCount": 0, "createdAt": 1436870255, "logView": true, "todo": {"count": 0}, "agreeCount": 0, "canonicalUrl": "https://foursquare.com/item/55a4e66f498ea1c7a4a8c3cf", "type": "user", "user": {"id": "80769251", "photo": {"prefix": "https://igx.4sqi.net/img/user/", "suffix": "/80769251-20CATOJI1PJRNLEY.jpg"}, "firstName": "hhKang", "gender": "male"}}]}, {"reasons": {"items": [{"reasonName": "globalInteractionReason", "summary": "This spot is popular", "type": "general"}], "count": 0}, "venue": {"hereNow": {"groups": [], "summary": "Nobody here", "count": 0}, "contact": {"facebook": "122459147800562", "facebookUsername": "primadeli", "facebookName": "PrimaDeli"}, "photos": {"groups": [], "count": 0}, "menu": {"mobileUrl": "http://www.primadeli.com/index.php/cake/listing", "externalUrl": "http://www.primadeli.com/index.php/cake/listing", "url": "http://www.primadeli.com/index.php/cake/listing", "anchor": "View Menu", "label": "Menu", "type": "Menu"}, "name": "Prima Deli", "allowMenuUrlEdit": true, "categories": [{"pluralName": "Bakeries", "id": "4bf58dd8d48988d16a941735", "primary": true, "icon": {"prefix": "https://ss3.4sqi.net/img/categories_v2/food/bakery_", "suffix": ".png"}, "name": "Bakery", "shortName": "Bakery"}], "stats": {"checkinsCount": 32, "usersCount": 26, "tipCount": 0}, "id": "5466e32d498e2881f81be309", "beenHere": {"lastCheckinExpiredAt": 0, "count": 0, "marked": false}, "url": "http://www.primadeli.com/index.php", "location": {"lng": 103.87609933512533, "formattedAddress": ["#01-37/38, The Seletar Mall (33 Sengkang West Ave.)", "797653", "Singapore"], "postalCode": "797653", "lat": 1.3919167696055548, "crossStreet": "33 Sengkang West Ave.", "country": "Singapore", "distance": 603, "city": "Singapore", "cc": "SG", "address": "#01-37/38, The Seletar Mall", "labeledLatLngs": [{"lng": 103.87609933512533, "label": "display", "lat": 1.3919167696055548}]}, "verified": false, "price": {"tier": 1, "currency": "$", "message": "Cheap"}}, "referralId": "e-3-5466e32d498e2881f81be309-31"}, {"reasons": {"items": [{"reasonName": "globalInteractionReason", "summary": "This spot is popular", "type": "general"}], "count": 0}, "venue": {"hereNow": {"groups": [], "summary": "Nobody here", "count": 0}, "contact": {}, "photos": {"groups": [], "count": 0}, "name": "Han's", "allowMenuUrlEdit": true, "beenHere": {"lastCheckinExpiredAt": 0, "count": 0, "marked": false}, "stats": {"checkinsCount": 437, "usersCount": 117, "tipCount": 0}, "id": "5474a1e6498e7ee5fafb1cb8", "categories": [{"pluralName": "Diners", "id": "4bf58dd8d48988d147941735", "primary": true, "icon": {"prefix": "https://ss3.4sqi.net/img/categories_v2/food/diner_", "suffix": ".png"}, "name": "Diner", "shortName": "Diner"}], "location": {"lng": 103.87617295088872, "formattedAddress": ["#B2-03/04, The Seletar Mall (33 Sengkang West Ave.)", "797653", "Singapore"], "postalCode": "797653", "lat": 1.3918244397879251, "crossStreet": "33 Sengkang West Ave.", "country": "Singapore", "distance": 614, "city": "Singapore", "cc": "SG", "address": "#B2-03/04, The Seletar Mall", "labeledLatLngs": [{"lng": 103.87617295088872, "label": "display", "lat": 1.3918244397879251}]}, "hours": {"isLocalHoliday": false, "isOpen": false}, "verified": false, "price": {"tier": 1, "currency": "$", "message": "Cheap"}}, "referralId": "e-3-5474a1e6498e7ee5fafb1cb8-32"}, {"reasons": {"items": [{"reasonName": "globalInteractionReason", "summary": "This spot is popular", "type": "general"}], "count": 0}, "venue": {"hereNow": {"groups": [], "summary": "Nobody here", "count": 0}, "contact": {}, "photos": {"groups": [], "count": 0}, "menu": {"mobileUrl": "http://www.texaschicken.com.sg/menu.html", "externalUrl": "http://www.texaschicken.com.sg/menu.html", "url": "http://www.texaschicken.com.sg/menu.html", "anchor": "View Menu", "label": "Menu", "type": "Menu"}, "name": "Texas Chicken", "allowMenuUrlEdit": true, "categories": [{"pluralName": "Fried Chicken Joints", "id": "4d4ae6fc7a7b7dea34424761", "primary": true, "icon": {"prefix": "https://ss3.4sqi.net/img/categories_v2/food/friedchicken_", "suffix": ".png"}, "name": "Fried Chicken Joint", "shortName": "Fried Chicken"}], "stats": {"checkinsCount": 242, "usersCount": 131, "tipCount": 2}, "id": "5466cd40498edc6b88a7b9fd", "beenHere": {"lastCheckinExpiredAt": 0, "count": 0, "marked": false}, "url": "http://www.texaschicken.com.sg", "location": {"lng": 103.8761163233749, "formattedAddress": ["#B1-06/07, The Seletar Mall (33 Sengkang West Ave.)", "797653", "Singapore"], "postalCode": "797653", "lat": 1.3917971926684474, "crossStreet": "33 Sengkang West Ave.", "country": "Singapore", "distance": 616, "city": "Singapore", "cc": "SG", "address": "#B1-06/07, The Seletar Mall", "labeledLatLngs": [{"lng": 103.8761163233749, "label": "display", "lat": 1.3917971926684474}]}, "verified": false, "price": {"tier": 1, "currency": "$", "message": "Cheap"}}, "referralId": "e-3-5466cd40498edc6b88a7b9fd-33", "tips": [{"logView": true, "photo": {"id": "56755b44498eafd102d62a6f", "visibility": "public", "source": {"name": "Foursquare for iOS", "url": "https://foursquare.com/download/#/iphone"}, "suffix": "/149282835_7yeou418oc2XAN8DDyRYV2B4eLgA9yT6aSPFj1gQKGU.jpg", "createdAt": 1450531652, "prefix": "https://igx.4sqi.net/img/general/", "width": 1920, "height": 1440}, "createdAt": 1450531649, "todo": {"count": 0}, "agreeCount": 1, "likes": {"groups": [], "summary": "1 like", "count": 1}, "id": "56755b41498ece352debd923", "text": "Good way of slimming down. I lost my appetite after I unwrap my burger", "disagreeCount": 0, "user": {"gender": "male", "id": "149282835", "photo": {"prefix": "https://igx.4sqi.net/img/user/", "suffix": "/149282835-SGQM4W1VPR0V2YEE.jpg"}, "firstName": "Domiance", "lastName": "Toh"}, "canonicalUrl": "https://foursquare.com/item/56755b41498ece352debd923", "type": "user", "photourl": "https://igx.4sqi.net/img/general/original/149282835_7yeou418oc2XAN8DDyRYV2B4eLgA9yT6aSPFj1gQKGU.jpg"}]}, {"reasons": {"items": [{"reasonName": "globalInteractionReason", "summary": "This spot is popular", "type": "general"}], "count": 0}, "venue": {"hereNow": {"groups": [], "summary": "Nobody here", "count": 0}, "contact": {}, "photos": {"groups": [], "count": 0}, "name": "Umisushi", "allowMenuUrlEdit": true, "beenHere": {"lastCheckinExpiredAt": 0, "count": 0, "marked": false}, "stats": {"checkinsCount": 204, "usersCount": 88, "tipCount": 0}, "id": "5466d6aa498e676b5e356491", "categories": [{"pluralName": "Sushi Restaurants", "id": "4bf58dd8d48988d1d2941735", "primary": true, "icon": {"prefix": "https://ss3.4sqi.net/img/categories_v2/food/sushi_", "suffix": ".png"}, "name": "Sushi Restaurant", "shortName": "Sushi"}], "location": {"lng": 103.87619560190085, "formattedAddress": ["#B1-09, The Seletar Mall (33 Sengkang West Ave.)", "797653", "Singapore"], "postalCode": "797653", "lat": 1.3917740168655288, "crossStreet": "33 Sengkang West Ave.", "country": "Singapore", "distance": 620, "city": "Singapore", "cc": "SG", "address": "#B1-09, The Seletar Mall", "labeledLatLngs": [{"lng": 103.87619560190085, "label": "display", "lat": 1.3917740168655288}]}, "verified": false, "price": {"tier": 2, "currency": "$", "message": "Moderate"}}, "referralId": "e-3-5466d6aa498e676b5e356491-34"}, {"reasons": {"items": [{"reasonName": "globalInteractionReason", "summary": "This spot is popular", "type": "general"}], "count": 0}, "venue": {"hereNow": {"groups": [], "summary": "Nobody here", "count": 0}, "contact": {"phone": "+6564659925", "formattedPhone": "+65 6465 9925"}, "photos": {"groups": [], "count": 0}, "name": "Pho Street", "allowMenuUrlEdit": true, "beenHere": {"lastCheckinExpiredAt": 0, "count": 0, "marked": false}, "stats": {"checkinsCount": 45, "usersCount": 31, "tipCount": 0}, "id": "573c5120498eaffebb8b6146", "categories": [{"pluralName": "Vietnamese Restaurants", "id": "4bf58dd8d48988d14a941735", "primary": true, "icon": {"prefix": "https://ss3.4sqi.net/img/categories_v2/food/vietnamese_", "suffix": ".png"}, "name": "Vietnamese Restaurant", "shortName": "Vietnamese"}], "location": {"formattedAddress": ["Seletar Mall, 33 Sengkang West Avenue #B2-07", "797653", "Singapore"], "postalCode": "797653", "lat": 1.3916836106229542, "lng": 103.87590265632298, "country": "Singapore", "distance": 627, "city": "Singapore", "cc": "SG", "address": "Seletar Mall, 33 Sengkang West Avenue #B2-07", "labeledLatLngs": [{"lng": 103.87590265632298, "label": "display", "lat": 1.3916836106229542}]}, "verified": false, "price": {"tier": 2, "currency": "$", "message": "Moderate"}}, "referralId": "e-3-573c5120498eaffebb8b6146-35"}, {"reasons": {"items": [{"reasonName": "globalInteractionReason", "summary": "This spot is popular", "type": "general"}], "count": 0}, "venue": {"hereNow": {"groups": [], "summary": "Nobody here", "count": 0}, "contact": {}, "photos": {"groups": [], "count": 0}, "name": "Fish & Co", "allowMenuUrlEdit": true, "beenHere": {"lastCheckinExpiredAt": 0, "count": 0, "marked": false}, "stats": {"checkinsCount": 218, "usersCount": 159, "tipCount": 0}, "id": "547ada7b498e1ceac911f0d9", "categories": [{"pluralName": "Fish & Chips Shops", "id": "4edd64a0c7ddd24ca188df1a", "primary": true, "icon": {"prefix": "https://ss3.4sqi.net/img/categories_v2/food/fishandchips_", "suffix": ".png"}, "name": "Fish & Chips Shop", "shortName": "Fish & Chips"}], "location": {"formattedAddress": ["Seletar Mall", "Singapore"], "lat": 1.3914672734542362, "lng": 103.87621825291671, "distance": 654, "country": "Singapore", "cc": "SG", "address": "Seletar Mall", "labeledLatLngs": [{"lng": 103.87621825291671, "label": "display", "lat": 1.3914672734542362}]}, "verified": false, "price": {"tier": 1, "currency": "$", "message": "Cheap"}}, "referralId": "e-3-547ada7b498e1ceac911f0d9-36"}, {"reasons": {"items": [{"reasonName": "globalInteractionReason", "summary": "This spot is popular", "type": "general"}], "count": 0}, "venue": {"hereNow": {"groups": [], "summary": "Nobody here", "count": 0}, "contact": {"facebook": "183710975009767", "facebookUsername": "toastboxsingapore", "twitter": "toastboxsg", "facebookName": "Toast Box Singapore"}, "photos": {"groups": [], "count": 0}, "name": "Toast Box \u571f\u53f8\u5de5\u574a / Breadtalk", "allowMenuUrlEdit": true, "beenHere": {"lastCheckinExpiredAt": 0, "count": 0, "marked": false}, "stats": {"checkinsCount": 207, "usersCount": 81, "tipCount": 1}, "id": "5466d788498e40bd82d53365", "categories": [{"pluralName": "Bakeries", "id": "4bf58dd8d48988d16a941735", "primary": true, "icon": {"prefix": "https://ss3.4sqi.net/img/categories_v2/food/bakery_", "suffix": ".png"}, "name": "Bakery", "shortName": "Bakery"}], "url": "http://www.toastbox.com.sg/index.html", "location": {"lng": 103.87616157531738, "formattedAddress": ["#01-07/08, The Seletar Mall (33 Sengkang West Ave.)", "797653", "Singapore"], "postalCode": "797653", "lat": 1.3913932586252535, "crossStreet": "33 Sengkang West Ave.", "country": "Singapore", "distance": 662, "city": "Singapore", "cc": "SG", "address": "#01-07/08, The Seletar Mall", "labeledLatLngs": [{"lng": 103.87616157531738, "label": "display", "lat": 1.3913932586252535}]}, "verified": false, "price": {"tier": 1, "currency": "$", "message": "Cheap"}}, "referralId": "e-3-5466d788498e40bd82d53365-37", "tips": [{"id": "571cc46f498ebd2f2085167c", "text": "Curry is tasty but disappointed that they use middle part of chicken wing.", "disagreeCount": 0, "createdAt": 1461503087, "logView": true, "todo": {"count": 0}, "agreeCount": 0, "canonicalUrl": "https://foursquare.com/item/571cc46f498ebd2f2085167c", "type": "user", "user": {"id": "80769251", "photo": {"prefix": "https://igx.4sqi.net/img/user/", "suffix": "/80769251-20CATOJI1PJRNLEY.jpg"}, "firstName": "hhKang", "gender": "male"}}]}, {"reasons": {"items": [{"reasonName": "globalInteractionReason", "summary": "This spot is popular", "type": "general"}], "count": 0}, "venue": {"id": "4c25798ea852c9282f12e56c", "hereNow": {"groups": [], "summary": "Nobody here", "count": 0}, "contact": {}, "beenHere": {"lastCheckinExpiredAt": 0, "count": 0, "marked": false}, "photos": {"groups": [], "count": 0}, "name": "Fernvale Point Neighbourhood Centre", "location": {"formattedAddress": ["Fernvale Road", "Singapore"], "lat": 1.3914950258330927, "lng": 103.87688079679495, "country": "Singapore", "distance": 662, "city": "Singapore", "cc": "SG", "address": "Fernvale Road", "labeledLatLngs": [{"lng": 103.87688079679495, "label": "display", "lat": 1.3914950258330927}]}, "allowMenuUrlEdit": true, "verified": false, "categories": [{"pluralName": "Food Courts", "id": "4bf58dd8d48988d120951735", "primary": true, "icon": {"prefix": "https://ss3.4sqi.net/img/categories_v2/shops/food_foodcourt_", "suffix": ".png"}, "name": "Food Court", "shortName": "Food Court"}], "stats": {"checkinsCount": 228, "usersCount": 55, "tipCount": 0}}, "referralId": "e-3-4c25798ea852c9282f12e56c-38"}, {"reasons": {"items": [{"reasonName": "globalInteractionReason", "summary": "This spot is popular", "type": "general"}], "count": 0}, "venue": {"hereNow": {"groups": [], "summary": "Nobody here", "count": 0}, "contact": {}, "photos": {"groups": [], "count": 0}, "name": "A-One Claypot House", "allowMenuUrlEdit": true, "beenHere": {"lastCheckinExpiredAt": 0, "count": 0, "marked": false}, "stats": {"checkinsCount": 224, "usersCount": 170, "tipCount": 1}, "id": "53fdd9fb498e491b20b99022", "categories": [{"pluralName": "Asian Restaurants", "id": "4bf58dd8d48988d142941735", "primary": true, "icon": {"prefix": "https://ss3.4sqi.net/img/categories_v2/food/asian_", "suffix": ".png"}, "name": "Asian Restaurant", "shortName": "Asian"}], "location": {"lng": 103.87616157531738, "formattedAddress": ["#02-14/15/16, The Seletar Mall (33 Sengkang West Ave.)", "797653", "Singapore"], "postalCode": "797653", "lat": 1.3913503559342686, "crossStreet": "33 Sengkang West Ave.", "country": "Singapore", "distance": 666, "city": "Singapore", "cc": "SG", "address": "#02-14/15/16, The Seletar Mall", "labeledLatLngs": [{"lng": 103.87616157531738, "label": "display", "lat": 1.3913503559342686}]}, "verified": false, "price": {"tier": 2, "currency": "$", "message": "Moderate"}}, "referralId": "e-3-53fdd9fb498e491b20b99022-39", "tips": [{"id": "54dd88b9498ed9e9010f9818", "text": "love the porridge with cuttlefish and seafood", "disagreeCount": 0, "createdAt": 1423804601, "logView": true, "todo": {"count": 0}, "agreeCount": 0, "canonicalUrl": "https://foursquare.com/item/54dd88b9498ed9e9010f9818", "type": "user", "user": {"gender": "female", "id": "24173228", "photo": {"prefix": "https://igx.4sqi.net/img/user/", "suffix": "/24173228-PG3SLRTMTHD01TPS.jpg"}, "firstName": "Aura", "lastName": "Alturas"}}]}, {"reasons": {"items": [{"reasonName": "globalInteractionReason", "summary": "This spot is popular", "type": "general"}], "count": 0}, "venue": {"hereNow": {"groups": [], "summary": "Nobody here", "count": 0}, "contact": {"facebook": "1447295642171170", "facebookUsername": "DelifranceSingapore", "facebookName": "Delifrance Singapore"}, "photos": {"groups": [], "count": 0}, "menu": {"mobileUrl": "http://www.delifrance.com.sg/menu", "externalUrl": "http://www.delifrance.com.sg/menu", "url": "http://www.delifrance.com.sg/menu", "anchor": "View Menu", "label": "Menu", "type": "Menu"}, "name": "Delifrance", "allowMenuUrlEdit": true, "categories": [{"pluralName": "Sandwich Places", "id": "4bf58dd8d48988d1c5941735", "primary": true, "icon": {"prefix": "https://ss3.4sqi.net/img/categories_v2/food/deli_", "suffix": ".png"}, "name": "Sandwich Place", "shortName": "Sandwiches"}], "stats": {"checkinsCount": 109, "usersCount": 55, "tipCount": 1}, "id": "53fddd8e498ea15f71f5ef0f", "beenHere": {"lastCheckinExpiredAt": 0, "count": 0, "marked": false}, "url": "http://www.delifrance.com.sg", "location": {"lng": 103.87611865997314, "formattedAddress": ["#02-K6, The Seletar Mall (33 Sengkang West Ave.)", "797653", "Singapore"], "postalCode": "797653", "lat": 1.3913503559342686, "crossStreet": "33 Sengkang West Ave.", "country": "Singapore", "distance": 666, "city": "Singapore", "cc": "SG", "address": "#02-K6, The Seletar Mall", "labeledLatLngs": [{"lng": 103.87611865997314, "label": "display", "lat": 1.3913503559342686}]}, "verified": false, "price": {"tier": 1, "currency": "$", "message": "Cheap"}}, "referralId": "e-3-53fddd8e498ea15f71f5ef0f-40", "tips": [{"id": "57890347498ecc4a28b47ef8", "text": "never crowded.", "disagreeCount": 0, "createdAt": 1468597063, "logView": true, "todo": {"count": 0}, "agreeCount": 0, "canonicalUrl": "https://foursquare.com/item/57890347498ecc4a28b47ef8", "type": "user", "user": {"id": "5013310", "photo": {"prefix": "https://igx.4sqi.net/img/user/", "suffix": "/5013310-FAKFWKKSO5XNS5H3.jpg"}, "firstName": "FireIce", "gender": "female"}}]}, {"reasons": {"items": [{"reasonName": "globalInteractionReason", "summary": "This spot is popular", "type": "general"}], "count": 0}, "venue": {"hereNow": {"groups": [], "summary": "Nobody here", "count": 0}, "contact": {}, "photos": {"groups": [], "count": 0}, "name": "PEZZO", "allowMenuUrlEdit": true, "beenHere": {"lastCheckinExpiredAt": 0, "count": 0, "marked": false}, "stats": {"checkinsCount": 57, "usersCount": 21, "tipCount": 0}, "id": "5474a998498e3ffb7181e01a", "categories": [{"pluralName": "Pizza Places", "id": "4bf58dd8d48988d1ca941735", "primary": true, "icon": {"prefix": "https://ss3.4sqi.net/img/categories_v2/food/pizza_", "suffix": ".png"}, "name": "Pizza Place", "shortName": "Pizza"}], "location": {"lng": 103.8760757446289, "formattedAddress": ["#B2-K5/K6, The Seletar Mall (33 Sengkang West Ave.)", "797653", "Singapore"], "postalCode": "797653", "lat": 1.3913074532425074, "crossStreet": "33 Sengkang West Ave.", "country": "Singapore", "distance": 670, "city": "Singapore", "cc": "SG", "address": "#B2-K5/K6, The Seletar Mall", "labeledLatLngs": [{"lng": 103.8760757446289, "label": "display", "lat": 1.3913074532425074}]}, "verified": false, "price": {"tier": 1, "currency": "$", "message": "Cheap"}}, "referralId": "e-3-5474a998498e3ffb7181e01a-41"}, {"reasons": {"items": [{"reasonName": "globalInteractionReason", "summary": "This spot is popular", "type": "general"}], "count": 0}, "venue": {"hereNow": {"groups": [], "summary": "Nobody here", "count": 0}, "contact": {}, "photos": {"groups": [], "count": 0}, "name": "Paradise Inn", "allowMenuUrlEdit": true, "beenHere": {"lastCheckinExpiredAt": 0, "count": 0, "marked": false}, "stats": {"checkinsCount": 163, "usersCount": 124, "tipCount": 1}, "id": "5474a92f498ec37aeb62d6ba", "categories": [{"pluralName": "Chinese Restaurants", "id": "4bf58dd8d48988d145941735", "primary": true, "icon": {"prefix": "https://ss3.4sqi.net/img/categories_v2/food/asian_", "suffix": ".png"}, "name": "Chinese Restaurant", "shortName": "Chinese"}], "location": {"lng": 103.87616157531738, "formattedAddress": ["#03-10/11/12, The Seletar Mall (33 Sengkang West Ave.)", "797653", "Singapore"], "postalCode": "797653", "lat": 1.3913074532425074, "crossStreet": "33 Sengkang West Ave.", "country": "Singapore", "distance": 671, "city": "Singapore", "cc": "SG", "address": "#03-10/11/12, The Seletar Mall", "labeledLatLngs": [{"lng": 103.87616157531738, "label": "display", "lat": 1.3913074532425074}]}, "verified": false, "price": {"tier": 1, "currency": "$", "message": "Cheap"}}, "referralId": "e-3-5474a92f498ec37aeb62d6ba-42", "tips": [{"logView": true, "photo": {"id": "54f16e31498ef299414c6598", "visibility": "public", "source": {"name": "Foursquare for iOS", "url": "https://foursquare.com/download/#/iphone"}, "suffix": "/3726996_-AreIejgm8deqpOU8ryOhPU3LHaHjTqWfldF2mpm51Y.jpg", "createdAt": 1425108529, "prefix": "https://igx.4sqi.net/img/general/", "width": 1440, "height": 1920}, "createdAt": 1425108522, "agreeCount": 0, "id": "54f16e2a498e60009282e315", "text": "Properly equipped for the Loh  Hei", "type": "user", "disagreeCount": 0, "user": {"gender": "female", "id": "3726996", "photo": {"prefix": "https://igx.4sqi.net/img/user/", "suffix": "/3726996_zgSdm-Xz_8yGEAClGHvjBreJRQg35guCj9yK_1SyEk9soXSsn8k_QDrnetMvL4WW0clUQWJYs.jpg"}, "firstName": "Bianca", "lastName": "Bueno"}, "canonicalUrl": "https://foursquare.com/item/54f16e2a498e60009282e315", "todo": {"count": 0}, "photourl": "https://igx.4sqi.net/img/general/original/3726996_-AreIejgm8deqpOU8ryOhPU3LHaHjTqWfldF2mpm51Y.jpg"}]}, {"reasons": {"items": [{"reasonName": "globalInteractionReason", "summary": "This spot is popular", "type": "general"}], "count": 0}, "venue": {"hereNow": {"groups": [], "summary": "Nobody here", "count": 0}, "contact": {"facebook": "179752278887713", "facebookUsername": "prooferlicious", "facebookName": "Proofer Bakery and Pizzeria"}, "photos": {"groups": [], "count": 0}, "name": "Proofer Boulangerie", "allowMenuUrlEdit": true, "beenHere": {"lastCheckinExpiredAt": 0, "count": 0, "marked": false}, "stats": {"checkinsCount": 79, "usersCount": 35, "tipCount": 0}, "id": "5466e14a498e6ff6e98a4398", "categories": [{"pluralName": "Bakeries", "id": "4bf58dd8d48988d16a941735", "primary": true, "icon": {"prefix": "https://ss3.4sqi.net/img/categories_v2/food/bakery_", "suffix": ".png"}, "name": "Bakery", "shortName": "Bakery"}], "url": "http://proofer.com.sg/boulangerie", "location": {"lng": 103.87616157531738, "formattedAddress": ["#01-37/38, The Seletar Mall (33 Sengkang West Ave.)", "797653", "Singapore"], "postalCode": "797653", "lat": 1.3913074532425074, "crossStreet": "33 Sengkang West Ave.", "country": "Singapore", "distance": 671, "city": "Singapore", "cc": "SG", "address": "#01-37/38, The Seletar Mall", "labeledLatLngs": [{"lng": 103.87616157531738, "label": "display", "lat": 1.3913074532425074}]}, "verified": false, "price": {"tier": 1, "currency": "$", "message": "Cheap"}}, "referralId": "e-3-5466e14a498e6ff6e98a4398-43"}, {"reasons": {"items": [{"reasonName": "globalInteractionReason", "summary": "This spot is popular", "type": "general"}], "count": 0}, "venue": {"hereNow": {"groups": [], "summary": "Nobody here", "count": 0}, "contact": {}, "photos": {"groups": [], "count": 0}, "rating": 5.5, "name": "Three by Table Concepts", "ratingSignals": 11, "allowMenuUrlEdit": true, "categories": [{"pluralName": "Asian Restaurants", "id": "4bf58dd8d48988d142941735", "primary": true, "icon": {"prefix": "https://ss3.4sqi.net/img/categories_v2/food/asian_", "suffix": ".png"}, "name": "Asian Restaurant", "shortName": "Asian"}], "stats": {"checkinsCount": 190, "usersCount": 150, "tipCount": 3}, "id": "548ed90e498ea6aa0ec420f0", "beenHere": {"lastCheckinExpiredAt": 0, "count": 0, "marked": false}, "ratingColor": "FF9600", "location": {"formattedAddress": ["Seletar Mall", "Singapore"], "lat": 1.3914755180924827, "lng": 103.87619560190085, "distance": 653, "country": "Singapore", "cc": "SG", "address": "Seletar Mall", "labeledLatLngs": [{"lng": 103.87619560190085, "label": "display", "lat": 1.3914755180924827}]}, "verified": false, "price": {"tier": 2, "currency": "$", "message": "Moderate"}}, "referralId": "e-3-548ed90e498ea6aa0ec420f0-44", "tips": [{"id": "563c7082cd102555e72363f4", "text": "Open Space, Nice view.", "disagreeCount": 0, "createdAt": 1446801538, "logView": true, "todo": {"count": 0}, "agreeCount": 0, "canonicalUrl": "https://foursquare.com/item/563c7082cd102555e72363f4", "type": "user", "user": {"gender": "female", "id": "27364010", "photo": {"prefix": "https://igx.4sqi.net/img/user/", "suffix": "/27364010-BZ40YCVYO4HSJ0JZ.jpg"}, "firstName": "Patriciab", "lastName": "Chan"}}]}, {"reasons": {"items": [{"reasonName": "globalInteractionReason", "summary": "This spot is popular", "type": "general"}], "count": 0}, "venue": {"hereNow": {"groups": [], "summary": "Nobody here", "count": 0}, "contact": {}, "photos": {"groups": [], "count": 0}, "menu": {"mobileUrl": "http://sweeheng.sg/cakes-menu.html", "externalUrl": "http://sweeheng.sg/cakes-menu.html", "url": "http://sweeheng.sg/cakes-menu.html", "anchor": "View Menu", "label": "Menu", "type": "Menu"}, "name": "Swee Heng Classic 1989", "allowMenuUrlEdit": true, "categories": [{"pluralName": "Bakeries", "id": "4bf58dd8d48988d16a941735", "primary": true, "icon": {"prefix": "https://ss3.4sqi.net/img/categories_v2/food/bakery_", "suffix": ".png"}, "name": "Bakery", "shortName": "Bakery"}], "stats": {"checkinsCount": 52, "usersCount": 26, "tipCount": 2}, "id": "5466d885498eb1342cd694ef", "beenHere": {"lastCheckinExpiredAt": 0, "count": 0, "marked": false}, "url": "http://sweeheng.sg", "location": {"lng": 103.87609720230103, "formattedAddress": ["#B1-K7/K8/K9, The Seletar Mall (33 Sengkang West Ave.)", "797653", "Singapore"], "postalCode": "797653", "lat": 1.3912645505499703, "crossStreet": "33 Sengkang West Ave.", "country": "Singapore", "distance": 675, "city": "Singapore", "cc": "SG", "address": "#B1-K7/K8/K9, The Seletar Mall", "labeledLatLngs": [{"lng": 103.87609720230103, "label": "display", "lat": 1.3912645505499703}]}, "verified": false, "price": {"tier": 1, "currency": "$", "message": "Cheap"}}, "referralId": "e-3-5466d885498eb1342cd694ef-45", "tips": [{"logView": true, "photo": {"id": "55699645498ec02717274aa2", "visibility": "public", "source": {"name": "Swarm for iOS", "url": "https://www.swarmapp.com"}, "suffix": "/3677448_FfZvdruSJbkWk-JQrbvBCv0iixCrkFcaR7YAG0e71_g.jpg", "createdAt": 1432983109, "prefix": "https://igx.4sqi.net/img/general/", "width": 1920, "height": 1440}, "createdAt": 1432983109, "agreeCount": 0, "id": "55699645498ec02717274aa3", "text": "Variety and choice", "type": "user", "disagreeCount": 0, "user": {"id": "3677448", "photo": {"prefix": "https://igx.4sqi.net/img/user/", "suffix": "/3677448-S0WQODRN3Z21IKNM.jpg"}, "firstName": "@--@", "gender": "male"}, "canonicalUrl": "https://foursquare.com/item/55699645498ec02717274aa3", "todo": {"count": 0}, "photourl": "https://igx.4sqi.net/img/general/original/3677448_FfZvdruSJbkWk-JQrbvBCv0iixCrkFcaR7YAG0e71_g.jpg"}]}, {"reasons": {"items": [{"reasonName": "globalInteractionReason", "summary": "This spot is popular", "type": "general"}], "count": 0}, "venue": {"hereNow": {"groups": [], "summary": "Nobody here", "count": 0}, "contact": {}, "photos": {"groups": [], "count": 0}, "name": "ST Bakery", "allowMenuUrlEdit": true, "beenHere": {"lastCheckinExpiredAt": 0, "count": 0, "marked": false}, "stats": {"checkinsCount": 178, "usersCount": 30, "tipCount": 0}, "id": "55c4265d498e5e8306f02e01", "categories": [{"pluralName": "Bakeries", "id": "4bf58dd8d48988d16a941735", "primary": true, "icon": {"prefix": "https://ss3.4sqi.net/img/categories_v2/food/bakery_", "suffix": ".png"}, "name": "Bakery", "shortName": "Bakery"}], "location": {"formattedAddress": ["Anchorvale", "Singapore"], "lat": 1.3962578139061164, "lng": 103.88164894249726, "distance": 679, "country": "Singapore", "cc": "SG", "address": "Anchorvale", "labeledLatLngs": [{"lng": 103.88164894249726, "label": "display", "lat": 1.3962578139061164}]}, "verified": false, "price": {"tier": 1, "currency": "$", "message": "Cheap"}}, "referralId": "e-3-55c4265d498e5e8306f02e01-46"}, {"reasons": {"items": [{"reasonName": "globalInteractionReason", "summary": "This spot is popular", "type": "general"}], "count": 0}, "venue": {"hereNow": {"groups": [], "summary": "Nobody here", "count": 0}, "contact": {"facebook": "439510906064152", "facebookUsername": "balithaisingapore", "facebookName": "BaliThai - Singapore", "phone": "+6563416048", "formattedPhone": "+65 6341 6048"}, "photos": {"groups": [], "count": 0}, "menu": {"mobileUrl": "http://www.balithaidelivery.com.sg", "externalUrl": "http://www.balithaidelivery.com.sg", "url": "http://www.balithaidelivery.com.sg", "anchor": "View Menu", "label": "Menu", "type": "Menu"}, "name": "BALIThai", "allowMenuUrlEdit": true, "categories": [{"pluralName": "Thai Restaurants", "id": "4bf58dd8d48988d149941735", "primary": true, "icon": {"prefix": "https://ss3.4sqi.net/img/categories_v2/food/thai_", "suffix": ".png"}, "name": "Thai Restaurant", "shortName": "Thai"}], "stats": {"checkinsCount": 232, "usersCount": 147, "tipCount": 3}, "id": "53fddb3e498e8b37594a775b", "beenHere": {"lastCheckinExpiredAt": 0, "count": 0, "marked": false}, "url": "http://www.balithai.com.sg", "location": {"lng": 103.87637114737224, "formattedAddress": ["#02-01/02, The Seletar Mall (33 Sengkang West Ave.)", "797653", "Singapore"], "postalCode": "797653", "lat": 1.391219810341202, "crossStreet": "33 Sengkang West Ave.", "country": "Singapore", "distance": 683, "city": "Singapore", "cc": "SG", "address": "#02-01/02, The Seletar Mall", "labeledLatLngs": [{"lng": 103.87637114737224, "label": "display", "lat": 1.391219810341202}]}, "hours": {"isLocalHoliday": false, "isOpen": true, "status": "Open until 10:00 PM"}, "verified": false, "price": {"tier": 2, "currency": "$", "message": "Moderate"}}, "referralId": "e-3-53fddb3e498e8b37594a775b-47", "tips": [{"id": "59181dad0e5da82e070b8af6", "text": "Thai and Indonesian dishes available. Nice place. Good service.", "disagreeCount": 0, "createdAt": 1494752685, "logView": true, "todo": {"count": 0}, "agreeCount": 0, "canonicalUrl": "https://foursquare.com/item/59181dad0e5da82e070b8af6", "type": "user", "user": {"gender": "male", "id": "5734152", "photo": {"prefix": "https://igx.4sqi.net/img/user/", "suffix": "/5734152_9P9QnS6i_-WJVU0VWinQuh5PUvPIBNj5Mp9bW2rGZovlzl4s5Rj7IJSpXJ2TM1XdmLy01n2WC.jpg"}, "firstName": "Pushkar", "lastName": "Dandekar"}}]}, {"reasons": {"items": [{"reasonName": "globalInteractionReason", "summary": "This spot is popular", "type": "general"}], "count": 0}, "venue": {"hereNow": {"groups": [], "summary": "Nobody here", "count": 0}, "contact": {"phone": "+6564811537", "formattedPhone": "+65 6481 1537"}, "photos": {"groups": [], "count": 0}, "rating": 5.0, "name": "Thasevi Food", "ratingSignals": 134, "allowMenuUrlEdit": true, "categories": [{"pluralName": "Indian Restaurants", "id": "4bf58dd8d48988d10f941735", "primary": true, "icon": {"prefix": "https://ss3.4sqi.net/img/categories_v2/food/indian_", "suffix": ".png"}, "name": "Indian Restaurant", "shortName": "Indian"}], "stats": {"checkinsCount": 7892, "usersCount": 4945, "tipCount": 102}, "id": "4b0bc801f964a520983323e3", "beenHere": {"lastCheckinExpiredAt": 0, "count": 0, "marked": false}, "ratingColor": "FF9600", "location": {"formattedAddress": ["237 Jalan Kayu", "799461", "Singapore"], "postalCode": "799461", "lat": 1.3961902280381544, "lng": 103.87308678566137, "country": "Singapore", "distance": 310, "city": "Singapore", "cc": "SG", "address": "237 Jalan Kayu", "labeledLatLngs": [{"lng": 103.87308678566137, "label": "display", "lat": 1.3961902280381544}]}, "hours": {"isLocalHoliday": false, "isOpen": true, "status": "Likely open"}, "verified": false, "price": {"tier": 2, "currency": "$", "message": "Moderate"}}, "referralId": "e-3-4b0bc801f964a520983323e3-48", "tips": [{"id": "4b64e33570c603bb2e2e91b4", "text": "Check out the table tag grammar error!", "disagreeCount": 0, "logView": true, "createdAt": 1264902965, "likes": {"groups": [], "summary": "15 likes", "count": 15}, "todo": {"count": 0}, "agreeCount": 1, "canonicalUrl": "https://foursquare.com/item/4b64e33570c603bb2e2e91b4", "type": "user", "user": {"gender": "male", "id": "251144", "photo": {"prefix": "https://igx.4sqi.net/img/user/", "suffix": "/251144-XGYR5Y4UN4RNSPHK.jpg"}, "firstName": "Shaun", "lastName": "Quek"}}]}, {"reasons": {"items": [{"reasonName": "globalInteractionReason", "summary": "This spot is popular", "type": "general"}], "count": 0}, "venue": {"id": "4dae7a26cda1ea0bb03f2bc0", "hereNow": {"groups": [], "summary": "Nobody here", "count": 0}, "contact": {}, "beenHere": {"lastCheckinExpiredAt": 0, "count": 0, "marked": false}, "photos": {"groups": [], "count": 0}, "name": "Peihwa School Canteen", "location": {"formattedAddress": ["Singapore"], "lat": 1.3909466871434533, "lng": 103.87885145914268, "country": "Singapore", "distance": 794, "city": "Singapore", "cc": "SG", "labeledLatLngs": [{"lng": 103.87885145914268, "label": "display", "lat": 1.3909466871434533}]}, "allowMenuUrlEdit": true, "verified": false, "categories": [{"pluralName": "Food Courts", "id": "4bf58dd8d48988d120951735", "primary": true, "icon": {"prefix": "https://ss3.4sqi.net/img/categories_v2/shops/food_foodcourt_", "suffix": ".png"}, "name": "Food Court", "shortName": "Food Court"}], "stats": {"checkinsCount": 220, "usersCount": 34, "tipCount": 1}}, "referralId": "e-3-4dae7a26cda1ea0bb03f2bc0-49", "tips": [{"id": "4bd8eb7970c603bbdd9899b4", "text": "Freaking crowded", "disagreeCount": 0, "logView": true, "createdAt": 1272507257, "likes": {"groups": [], "summary": "1 like", "count": 1}, "todo": {"count": 0}, "agreeCount": 0, "canonicalUrl": "https://foursquare.com/item/4bd8eb7970c603bbdd9899b4", "type": "user", "user": {"gender": "male", "id": "1040555", "photo": {"prefix": "https://igx.4sqi.net/img/user/", "suffix": "/1040555-NBY1MJ4VKXYNX33M.jpg"}, "firstName": "Porntep", "lastName": "Chaimaethakul"}}]}], "name": "recommended", "type": "Recommended Places"}], "query": "food", "headerLocation": "Sengkang"}}