{"meta": {"code": 200, "requestId": "595a3a489fb6b77bc73ad0c9"}, "response": {"suggestedFilters": {"filters": [{"name": "Open now", "key": "openNow"}], "header": "Tap to show:"}, "warning": {"text": "There aren't a lot of results near you. Try something more general, reset your filters, or expand the search area."}, "totalResults": 53, "headerFullLocation": "Sengkang, Singapore", "headerLocationGranularity": "neighborhood", "suggestedBounds": {"ne": {"lng": 103.88282385810649, "lat": 1.4045181621952272}, "sw": {"lng": 103.86844645480551, "lat": 1.390118147795213}}, "groups": [{"items": [{"reasons": {"items": [{"reasonName": "globalInteractionReason", "summary": "This spot is popular", "type": "general"}], "count": 0}, "venue": {"hereNow": {"groups": [], "summary": "Nobody here", "count": 0}, "contact": {}, "photos": {"groups": [], "count": 0}, "name": "Bread Junction@Fernvale Point", "allowMenuUrlEdit": true, "beenHere": {"lastCheckinExpiredAt": 0, "count": 0, "marked": false}, "stats": {"checkinsCount": 460, "usersCount": 42, "tipCount": 0}, "id": "4e262c6ac65bb6120fc9ba58", "categories": [{"pluralName": "Bakeries", "id": "4bf58dd8d48988d16a941735", "primary": true, "icon": {"prefix": "https://ss3.4sqi.net/img/categories_v2/food/bakery_", "suffix": ".png"}, "name": "Bakery", "shortName": "Bakery"}], "location": {"formattedAddress": ["Sengkang West Avenue", "Singapore"], "lat": 1.3902080539671078, "lng": 103.87676187842602, "country": "Singapore", "distance": 801, "city": "Singapore", "cc": "SG", "address": "Sengkang West Avenue", "labeledLatLngs": [{"lng": 103.87676187842602, "label": "display", "lat": 1.3902080539671078}]}, "hours": {"isLocalHoliday": false, "isOpen": true, "status": "Likely open"}, "verified": false, "price": {"tier": 1, "currency": "$", "message": "Cheap"}}, "referralId": "e-3-4e262c6ac65bb6120fc9ba58-50"}, {"reasons": {"items": [{"reasonName": "globalInteractionReason", "summary": "This spot is popular", "type": "general"}], "count": 0}, "venue": {"contact": {}, "photos": {"groups": [], "count": 0}, "rating": 5.3, "name": "NTUC Foodfare", "ratingSignals": 28, "allowMenuUrlEdit": true, "categories": [{"pluralName": "Food Courts", "id": "4bf58dd8d48988d120951735", "primary": true, "icon": {"prefix": "https://ss3.4sqi.net/img/categories_v2/shops/food_foodcourt_", "suffix": ".png"}, "name": "Food Court", "shortName": "Food Court"}], "stats": {"checkinsCount": 811, "usersCount": 216, "tipCount": 11}, "id": "5469ec0c498e6ff6e9c6b250", "beenHere": {"lastCheckinExpiredAt": 0, "count": 0, "marked": false}, "url": "http://www.foodfare.com.sg", "ratingColor": "FF9600", "location": {"lat": 1.3913074532425074, "distance": 671, "country": "Singapore", "cc": "SG", "crossStreet": "33 Sengkang West Ave.", "formattedAddress": ["#03-22 & #03-K1/K2/K3, The Seletar Mall (33 Sengkang West Ave.)", "797653", "Singapore"], "city": "Singapore s", "lng": 103.87611865997314, "state": "Singapore", "labeledLatLngs": [{"lng": 103.87611865997314, "label": "display", "lat": 1.3913074532425074}], "address": "#03-22 & #03-K1/K2/K3, The Seletar Mall", "postalCode": "797653"}, "hours": {"isLocalHoliday": false, "isOpen": true, "status": "Likely open"}, "verified": false, "hereNow": {"groups": [], "summary": "Nobody here", "count": 0}}, "referralId": "e-3-5469ec0c498e6ff6e9c6b250-51", "tips": [{"id": "54f2dac2498ef87902346cd2", "text": "The Spanish paella here at $6.90 is superb as good or better than pasarbella @turfcity.  From same stall, chicken croqueta is good, Spanish omelette nice though it's cold, skip churros others nicer.", "disagreeCount": 0, "logView": true, "createdAt": 1425201858, "likes": {"groups": [], "summary": "1 like", "count": 1}, "todo": {"count": 0}, "agreeCount": 1, "canonicalUrl": "https://foursquare.com/item/54f2dac2498ef87902346cd2", "type": "user", "user": {"gender": "male", "id": "68937407", "photo": {"prefix": "https://igx.4sqi.net/img/user/", "default": true, "suffix": "/blank_boy.png"}, "firstName": "Michael", "lastName": "Wee"}}]}, {"reasons": {"items": [{"reasonName": "globalInteractionReason", "summary": "This spot is popular", "type": "general"}], "count": 0}, "venue": {"hereNow": {"groups": [], "summary": "Nobody here", "count": 0}, "contact": {}, "photos": {"groups": [], "count": 0}, "rating": 5.2, "name": "Pizza Hut", "ratingSignals": 11, "allowMenuUrlEdit": true, "categories": [{"pluralName": "Pizza Places", "id": "4bf58dd8d48988d1ca941735", "primary": true, "icon": {"prefix": "https://ss3.4sqi.net/img/categories_v2/food/pizza_", "suffix": ".png"}, "name": "Pizza Place", "shortName": "Pizza"}], "stats": {"checkinsCount": 282, "usersCount": 167, "tipCount": 2}, "id": "5474aa16498ebe44a5e5fc11", "beenHere": {"lastCheckinExpiredAt": 0, "count": 0, "marked": false}, "ratingColor": "FF9600", "location": {"lng": 103.87607102138077, "formattedAddress": ["#01-09/10/11/12/13/14, The Seletar Mall (33 Sengkang West Ave.)", "797653", "Singapore"], "postalCode": "797653", "lat": 1.3910270458578624, "crossStreet": "33 Sengkang West Ave.", "country": "Singapore", "distance": 701, "city": "Singapore", "cc": "SG", "address": "#01-09/10/11/12/13/14, The Seletar Mall", "labeledLatLngs": [{"lng": 103.87607102138077, "label": "display", "lat": 1.3910270458578624}]}, "hours": {"isLocalHoliday": false, "isOpen": true, "status": "Likely open"}, "verified": false, "price": {"tier": 1, "currency": "$", "message": "Cheap"}}, "referralId": "e-3-5474aa16498ebe44a5e5fc11-52", "tips": [{"id": "57847e07498e07033562ef3a", "text": "Prawn Aglio Olio bland. No taste \ud83d\ude12", "disagreeCount": 0, "createdAt": 1468300807, "logView": true, "todo": {"count": 0}, "agreeCount": 0, "canonicalUrl": "https://foursquare.com/item/57847e07498e07033562ef3a", "type": "user", "user": {"gender": "female", "id": "13481196", "photo": {"prefix": "https://igx.4sqi.net/img/user/", "suffix": "/13481196-NTOQSAROLRMQ5Z5J.jpg"}, "firstName": "Amalina", "lastName": "Rosli"}}]}], "name": "recommended", "type": "Recommended Places"}], "query": "food", "headerLocation": "Sengkang"}}