{"meta": {"code": 200, "requestId": "595a3c85351e3d64b1b9fa01"}, "response": {"suggestedFilters": {"filters": [{"name": "Open now", "key": "openNow"}], "header": "Tap to show:"}, "totalResults": 68, "headerFullLocation": "Woodlands, Singapore", "headerLocationGranularity": "neighborhood", "suggestedBounds": {"ne": {"lng": 103.79511962894466, "lat": 1.443266988492877}, "sw": {"lng": 103.78074198517334, "lat": 1.4288669740928628}}, "groups": [{"items": [{"reasons": {"items": [{"reasonName": "globalInteractionReason", "summary": "This spot is popular", "type": "general"}], "count": 0}, "venue": {"hereNow": {"groups": [], "summary": "Nobody here", "count": 0}, "contact": {"facebook": "372815599457507", "facebookUsername": "snackzitSG", "facebookName": "SnackzIt \u53ef\u53e3\u5473"}, "photos": {"groups": [], "count": 0}, "name": "Snackz It! @ Causeway Point", "allowMenuUrlEdit": true, "beenHere": {"lastCheckinExpiredAt": 0, "count": 0, "marked": false}, "stats": {"checkinsCount": 36, "usersCount": 20, "tipCount": 0}, "id": "4e1c144f22716126413a7d1a", "categories": [{"pluralName": "Snack Places", "id": "4bf58dd8d48988d1c7941735", "primary": true, "icon": {"prefix": "https://ss3.4sqi.net/img/categories_v2/food/snacks_", "suffix": ".png"}, "name": "Snack Place", "shortName": "Snacks"}], "url": "http://www.snackzit.com", "location": {"lng": 103.78551422837306, "formattedAddress": ["#B1-K09 Causeway Point (1 Woodlands Sq.)", "738099", "Singapore"], "postalCode": "738099", "lat": 1.4367442626891815, "crossStreet": "1 Woodlands Sq.", "country": "Singapore", "distance": 279, "city": "Singapore", "cc": "SG", "address": "#B1-K09 Causeway Point", "labeledLatLngs": [{"lng": 103.78551422837306, "label": "display", "lat": 1.4367442626891815}]}, "verified": false, "price": {"tier": 1, "currency": "$", "message": "Cheap"}}, "referralId": "e-3-4e1c144f22716126413a7d1a-50"}, {"reasons": {"items": [{"reasonName": "globalInteractionReason", "summary": "This spot is popular", "type": "general"}], "count": 0}, "venue": {"hereNow": {"groups": [], "summary": "Nobody here", "count": 0}, "contact": {}, "photos": {"groups": [], "count": 0}, "name": "Rice and Beans", "allowMenuUrlEdit": true, "beenHere": {"lastCheckinExpiredAt": 0, "count": 0, "marked": false}, "stats": {"checkinsCount": 137, "usersCount": 11, "tipCount": 0}, "id": "507f602de4b09f0e2ab67228", "categories": [{"pluralName": "Mexican Restaurants", "id": "4bf58dd8d48988d1c1941735", "primary": true, "icon": {"prefix": "https://ss3.4sqi.net/img/categories_v2/food/mexican_", "suffix": ".png"}, "name": "Mexican Restaurant", "shortName": "Mexican"}], "location": {"formattedAddress": ["Singapore"], "lat": 1.4333535682845218, "lng": 103.78800419667763, "distance": 302, "country": "Singapore", "cc": "SG", "labeledLatLngs": [{"lng": 103.78800419667763, "label": "display", "lat": 1.4333535682845218}]}, "verified": false, "price": {"tier": 1, "currency": "$", "message": "Cheap"}}, "referralId": "e-3-507f602de4b09f0e2ab67228-51"}, {"reasons": {"items": [{"reasonName": "globalInteractionReason", "summary": "This spot is popular", "type": "general"}], "count": 0}, "venue": {"hereNow": {"groups": [], "summary": "Nobody here", "count": 0}, "contact": {"phone": "+6563661042", "formattedPhone": "+65 6366 1042"}, "photos": {"groups": [], "count": 0}, "name": "Sushi Take-out", "allowMenuUrlEdit": true, "beenHere": {"lastCheckinExpiredAt": 0, "count": 0, "marked": false}, "stats": {"checkinsCount": 329, "usersCount": 122, "tipCount": 4}, "id": "51750669498e2885f078d645", "categories": [{"pluralName": "Sushi Restaurants", "id": "4bf58dd8d48988d1d2941735", "primary": true, "icon": {"prefix": "https://ss3.4sqi.net/img/categories_v2/food/sushi_", "suffix": ".png"}, "name": "Sushi Restaurant", "shortName": "Sushi"}], "location": {"formattedAddress": ["30 Woodlands Avenue 2 #01-30 Woodlands MRT", "738343", "Singapore"], "postalCode": "738343", "lat": 1.4383077321423887, "lng": 103.78618764707925, "distance": 315, "country": "Singapore", "cc": "SG", "address": "30 Woodlands Avenue 2 #01-30 Woodlands MRT", "labeledLatLngs": [{"lng": 103.78618764707925, "label": "display", "lat": 1.4383077321423887}]}, "hours": {"isLocalHoliday": false, "isOpen": true, "status": "Likely open"}, "verified": false, "price": {"tier": 2, "currency": "$", "message": "Moderate"}}, "referralId": "e-3-51750669498e2885f078d645-52", "tips": [{"logView": true, "photo": {"id": "54040b8f498e24c17598e3e7", "visibility": "public", "source": {"name": "Foursquare for Android", "url": "https://foursquare.com/download/#/android"}, "suffix": "/7340834_Wl8Dt4kwPqOaUD1092-P9-i7_VFXShRYkbhXqKLEvEA.jpg", "createdAt": 1409551247, "prefix": "https://igx.4sqi.net/img/general/", "width": 960, "height": 540}, "createdAt": 1409551246, "agreeCount": 0, "id": "54040b8e498ec4d2abad565b", "text": "Cheap sushi here 6 for only $3.00", "type": "user", "disagreeCount": 0, "user": {"gender": "male", "id": "7340834", "photo": {"prefix": "https://igx.4sqi.net/img/user/", "suffix": "/7340834_95LK2fIA_GpYKfryke2_vzr-sIMQKcuJhQJUFe_l5ysSsiK4XrHWZ8PdZWU2XRnbRR0An48I6.jpg"}, "firstName": "Johnny", "lastName": "@home"}, "canonicalUrl": "https://foursquare.com/item/54040b8e498ec4d2abad565b", "todo": {"count": 0}, "photourl": "https://igx.4sqi.net/img/general/original/7340834_Wl8Dt4kwPqOaUD1092-P9-i7_VFXShRYkbhXqKLEvEA.jpg"}]}, {"reasons": {"items": [{"reasonName": "globalInteractionReason", "summary": "This spot is popular", "type": "general"}], "count": 0}, "venue": {"hereNow": {"groups": [], "summary": "Nobody here", "count": 0}, "contact": {}, "photos": {"groups": [], "count": 0}, "name": "824 Wlds St 81", "allowMenuUrlEdit": true, "beenHere": {"lastCheckinExpiredAt": 0, "count": 0, "marked": false}, "stats": {"checkinsCount": 31, "usersCount": 16, "tipCount": 0}, "id": "4cc0183600d837042206485c", "categories": [{"pluralName": "Diners", "id": "4bf58dd8d48988d147941735", "primary": true, "icon": {"prefix": "https://ss3.4sqi.net/img/categories_v2/food/diner_", "suffix": ".png"}, "name": "Diner", "shortName": "Diner"}], "location": {"formattedAddress": ["Woodlands Avenue 2", "Singapore"], "lat": 1.4389893713740494, "lng": 103.78896058309775, "country": "Singapore", "distance": 344, "city": "Singapore", "cc": "SG", "address": "Woodlands Avenue 2", "labeledLatLngs": [{"lng": 103.78896058309775, "label": "display", "lat": 1.4389893713740494}]}, "verified": false, "price": {"tier": 1, "currency": "$", "message": "Cheap"}}, "referralId": "e-3-4cc0183600d837042206485c-53"}, {"reasons": {"items": [{"reasonName": "globalInteractionReason", "summary": "This spot is popular", "type": "general"}], "count": 0}, "venue": {"hereNow": {"groups": [], "summary": "Nobody here", "count": 0}, "contact": {}, "photos": {"groups": [], "count": 0}, "rating": 5.8, "name": "570A Eating House", "ratingSignals": 12, "allowMenuUrlEdit": true, "categories": [{"pluralName": "Asian Restaurants", "id": "4bf58dd8d48988d142941735", "primary": true, "icon": {"prefix": "https://ss3.4sqi.net/img/categories_v2/food/asian_", "suffix": ".png"}, "name": "Asian Restaurant", "shortName": "Asian"}], "stats": {"checkinsCount": 678, "usersCount": 68, "tipCount": 3}, "id": "51ff8a88498ed92f2cec676c", "beenHere": {"lastCheckinExpiredAt": 0, "count": 0, "marked": false}, "ratingColor": "FF9600", "location": {"formattedAddress": ["Blk 570A Woodlands Ave 1", "732570", "Singapore"], "postalCode": "732570", "lat": 1.430101398561207, "lng": 103.79002450022561, "distance": 703, "country": "Singapore", "cc": "SG", "address": "Blk 570A Woodlands Ave 1", "labeledLatLngs": [{"lng": 103.79002450022561, "label": "display", "lat": 1.430101398561207}]}, "hours": {"isLocalHoliday": false, "isOpen": true, "status": "Likely open"}, "verified": false, "price": {"tier": 2, "currency": "$", "message": "Moderate"}}, "referralId": "e-3-51ff8a88498ed92f2cec676c-54", "tips": [{"id": "52f6f05c498eb13ce1aeb7ce", "text": "Prata and tosei will finish by 10.30am. Come early as these are made fresh, and they taste smackly good. Dhall curry is delish. I'll have seconds. \ud83d\ude0b", "disagreeCount": 0, "createdAt": 1391915100, "logView": true, "todo": {"count": 0}, "agreeCount": 0, "canonicalUrl": "https://foursquare.com/item/52f6f05c498eb13ce1aeb7ce", "type": "user", "user": {"id": "481216", "photo": {"prefix": "https://igx.4sqi.net/img/user/", "suffix": "/481216_G0gmPQVX_vNedai3z08bXcs2Uq8z2hA7lxteyjwGnurbMn1KgjyhrIY0sCbVVLP7_bmxL1iyI.jpg"}, "firstName": "A A L I Y A H", "gender": "female"}}]}, {"reasons": {"items": [{"reasonName": "globalInteractionReason", "summary": "This spot is popular", "type": "general"}], "count": 0}, "venue": {"id": "4bd4181b462cb71377badf07", "hereNow": {"groups": [], "summary": "Nobody here", "count": 0}, "contact": {}, "beenHere": {"lastCheckinExpiredAt": 0, "count": 0, "marked": false}, "photos": {"groups": [], "count": 0}, "name": "5F Foodcourt, Causeway point", "location": {"formattedAddress": ["Singapore"], "lat": 1.4342935458702333, "lng": 103.78379957241262, "state": "Singapore", "country": "Singapore", "distance": 500, "city": "Woodlands New Town", "cc": "SG", "labeledLatLngs": [{"lng": 103.78379957241262, "label": "display", "lat": 1.4342935458702333}]}, "allowMenuUrlEdit": true, "verified": false, "categories": [{"pluralName": "Food Courts", "id": "4bf58dd8d48988d120951735", "primary": true, "icon": {"prefix": "https://ss3.4sqi.net/img/categories_v2/shops/food_foodcourt_", "suffix": ".png"}, "name": "Food Court", "shortName": "Food Court"}], "stats": {"checkinsCount": 83, "usersCount": 54, "tipCount": 1}}, "referralId": "e-3-4bd4181b462cb71377badf07-55", "tips": [{"id": "4f63f17fe4b08b476ef14b6a", "text": "Close forever....", "disagreeCount": 0, "createdAt": 1331949951, "logView": true, "todo": {"count": 0}, "agreeCount": 0, "canonicalUrl": "https://foursquare.com/item/4f63f17fe4b08b476ef14b6a", "type": "user", "user": {"id": "3856597", "photo": {"prefix": "https://igx.4sqi.net/img/user/", "suffix": "/D4NN1FWHPD5NIWLQ.jpg"}, "firstName": "Lee", "gender": "none"}}]}, {"reasons": {"items": [{"reasonName": "globalInteractionReason", "summary": "This spot is popular", "type": "general"}], "count": 0}, "venue": {"hereNow": {"groups": [], "summary": "Nobody here", "count": 0}, "contact": {}, "photos": {"groups": [], "count": 0}, "name": "Ivan's Carbina @ 354 Woodz", "allowMenuUrlEdit": true, "beenHere": {"lastCheckinExpiredAt": 0, "count": 0, "marked": false}, "stats": {"checkinsCount": 123, "usersCount": 41, "tipCount": 3}, "id": "4c331260452620a17df1220f", "categories": [{"pluralName": "New American Restaurants", "id": "4bf58dd8d48988d157941735", "primary": true, "icon": {"prefix": "https://ss3.4sqi.net/img/categories_v2/food/newamerican_", "suffix": ".png"}, "name": "New American Restaurant", "shortName": "New American"}], "location": {"formattedAddress": ["blk 357 woodlands ave 5", "Singapore"], "lat": 1.4328094554944566, "lng": 103.78482949515715, "state": "730357", "country": "Singapore", "distance": 500, "city": "#10-392", "cc": "SG", "address": "blk 357 woodlands ave 5", "labeledLatLngs": [{"lng": 103.78482949515715, "label": "display", "lat": 1.4328094554944566}]}, "verified": false, "price": {"tier": 3, "currency": "$", "message": "Expensive"}}, "referralId": "e-3-4c331260452620a17df1220f-56", "tips": [{"id": "4c7a362793ef236a1905b20f", "text": "Cheap and good! Must try!", "disagreeCount": 0, "logView": true, "createdAt": 1283077671, "likes": {"groups": [], "summary": "2 likes", "count": 2}, "todo": {"count": 0}, "agreeCount": 0, "canonicalUrl": "https://foursquare.com/item/4c7a362793ef236a1905b20f", "type": "user", "user": {"gender": "none", "id": "3012817", "photo": {"prefix": "https://igx.4sqi.net/img/user/", "suffix": "/UOWIE4EB5AYUADUX.jpg"}, "firstName": "Bella", "lastName": "Queck"}}]}, {"reasons": {"items": [{"reasonName": "globalInteractionReason", "summary": "This spot is popular", "type": "general"}], "count": 0}, "venue": {"hereNow": {"groups": [], "summary": "Nobody here", "count": 0}, "contact": {}, "photos": {"groups": [], "count": 0}, "name": "Hong Kong Street @ 354 WooDz", "allowMenuUrlEdit": true, "beenHere": {"lastCheckinExpiredAt": 0, "count": 0, "marked": false}, "stats": {"checkinsCount": 86, "usersCount": 25, "tipCount": 1}, "id": "4c594d01b05c1b8d8656d5b1", "categories": [{"pluralName": "Asian Restaurants", "id": "4bf58dd8d48988d142941735", "primary": true, "icon": {"prefix": "https://ss3.4sqi.net/img/categories_v2/food/asian_", "suffix": ".png"}, "name": "Asian Restaurant", "shortName": "Asian"}], "location": {"formattedAddress": ["Singapore"], "lat": 1.432704, "lng": 103.784824, "distance": 509, "country": "Singapore", "cc": "SG", "labeledLatLngs": [{"lng": 103.784824, "label": "display", "lat": 1.432704}]}, "verified": false, "price": {"tier": 2, "currency": "$", "message": "Moderate"}}, "referralId": "e-3-4c594d01b05c1b8d8656d5b1-57", "tips": [{"id": "4cefa3afd7268cfa3f56d04e", "text": "Salted egg chicken used to be v nice. But today's a disappointment..", "disagreeCount": 0, "logView": true, "createdAt": 1290773423, "likes": {"groups": [], "summary": "2 likes", "count": 2}, "todo": {"count": 0}, "agreeCount": 0, "canonicalUrl": "https://foursquare.com/item/4cefa3afd7268cfa3f56d04e", "type": "user", "user": {"gender": "male", "id": "4797616", "photo": {"prefix": "https://igx.4sqi.net/img/user/", "suffix": "/Q1ABRZQXKW3UZULT.jpg"}, "firstName": "Leo", "lastName": "Cher"}}]}, {"reasons": {"items": [{"reasonName": "globalInteractionReason", "summary": "This spot is popular", "type": "general"}], "count": 0}, "venue": {"hereNow": {"groups": [], "summary": "Nobody here", "count": 0}, "contact": {}, "photos": {"groups": [], "count": 0}, "name": "8 Tarts N Pastries", "allowMenuUrlEdit": true, "beenHere": {"lastCheckinExpiredAt": 0, "count": 0, "marked": false}, "stats": {"checkinsCount": 85, "usersCount": 18, "tipCount": 0}, "id": "4eba3df8dab495868c3ff8b7", "categories": [{"pluralName": "Bakeries", "id": "4bf58dd8d48988d16a941735", "primary": true, "icon": {"prefix": "https://ss3.4sqi.net/img/categories_v2/food/bakery_", "suffix": ".png"}, "name": "Bakery", "shortName": "Bakery"}], "location": {"formattedAddress": ["Causeway Point B1", "Singapore"], "lat": 1.4405554227545534, "lng": 103.78592733356682, "country": "Singapore", "distance": 547, "city": "Singapore", "cc": "SG", "address": "Causeway Point B1", "labeledLatLngs": [{"lng": 103.78592733356682, "label": "display", "lat": 1.4405554227545534}]}, "verified": false, "price": {"tier": 1, "currency": "$", "message": "Cheap"}}, "referralId": "e-3-4eba3df8dab495868c3ff8b7-58"}, {"reasons": {"items": [{"reasonName": "globalInteractionReason", "summary": "This spot is popular", "type": "general"}], "count": 0}, "venue": {"hereNow": {"groups": [], "summary": "Nobody here", "count": 0}, "contact": {}, "photos": {"groups": [], "count": 0}, "name": "Auntie Yin's Noodle @ Fair Inn Place", "allowMenuUrlEdit": true, "beenHere": {"lastCheckinExpiredAt": 0, "count": 0, "marked": false}, "stats": {"checkinsCount": 198, "usersCount": 14, "tipCount": 1}, "id": "4c883324ed0aa1439abfa7f3", "categories": [{"pluralName": "Asian Restaurants", "id": "4bf58dd8d48988d142941735", "primary": true, "icon": {"prefix": "https://ss3.4sqi.net/img/categories_v2/food/asian_", "suffix": ".png"}, "name": "Asian Restaurant", "shortName": "Asian"}], "location": {"formattedAddress": ["Singapore"], "lat": 1.441404, "lng": 103.786959, "distance": 603, "country": "Singapore", "cc": "SG", "labeledLatLngs": [{"lng": 103.786959, "label": "display", "lat": 1.441404}]}, "verified": false, "price": {"tier": 2, "currency": "$", "message": "Moderate"}}, "referralId": "e-3-4c883324ed0aa1439abfa7f3-59", "tips": [{"id": "4c88899c0074199c69561e70", "text": "Prawn noodle every Wed and Sat - delicious", "disagreeCount": 0, "createdAt": 1284016540, "logView": true, "todo": {"count": 0}, "agreeCount": 0, "canonicalUrl": "https://foursquare.com/item/4c88899c0074199c69561e70", "type": "user", "user": {"gender": "female", "id": "2181904", "photo": {"prefix": "https://igx.4sqi.net/img/user/", "suffix": "/JBX2MW3BKWXS5S4Y.jpg"}, "firstName": "Betty", "lastName": "Chu"}}]}, {"reasons": {"items": [{"reasonName": "globalInteractionReason", "summary": "This spot is popular", "type": "general"}], "count": 0}, "venue": {"hereNow": {"groups": [], "summary": "Nobody here", "count": 0}, "contact": {}, "photos": {"groups": [], "count": 0}, "name": "Coffeestall @ Fair Inn Place", "allowMenuUrlEdit": true, "beenHere": {"lastCheckinExpiredAt": 0, "count": 0, "marked": false}, "stats": {"checkinsCount": 252, "usersCount": 41, "tipCount": 0}, "id": "4c9e8d22542b224b6465f59f", "categories": [{"pluralName": "Asian Restaurants", "id": "4bf58dd8d48988d142941735", "primary": true, "icon": {"prefix": "https://ss3.4sqi.net/img/categories_v2/food/asian_", "suffix": ".png"}, "name": "Asian Restaurant", "shortName": "Asian"}], "location": {"formattedAddress": ["Singapore"], "lat": 1.441414, "lng": 103.78698, "distance": 604, "country": "Singapore", "cc": "SG", "labeledLatLngs": [{"lng": 103.78698, "label": "display", "lat": 1.441414}]}, "hours": {"isLocalHoliday": false, "isOpen": false}, "verified": false, "price": {"tier": 2, "currency": "$", "message": "Moderate"}}, "referralId": "e-3-4c9e8d22542b224b6465f59f-60"}, {"reasons": {"items": [{"reasonName": "globalInteractionReason", "summary": "This spot is popular", "type": "general"}], "count": 0}, "venue": {"hereNow": {"groups": [], "summary": "Nobody here", "count": 0}, "contact": {}, "photos": {"groups": [], "count": 0}, "name": "355 Coffeeshop", "allowMenuUrlEdit": true, "beenHere": {"lastCheckinExpiredAt": 0, "count": 0, "marked": false}, "stats": {"checkinsCount": 183, "usersCount": 12, "tipCount": 0}, "id": "4cd555072944b1f79d3e5cec", "categories": [{"pluralName": "Asian Restaurants", "id": "4bf58dd8d48988d142941735", "primary": true, "icon": {"prefix": "https://ss3.4sqi.net/img/categories_v2/food/asian_", "suffix": ".png"}, "name": "Asian Restaurant", "shortName": "Asian"}], "location": {"formattedAddress": ["358A Woodlands Avenue 5", "731358", "Singapore"], "postalCode": "731358", "lat": 1.433775, "lng": 103.782967, "distance": 608, "country": "Singapore", "cc": "SG", "address": "358A Woodlands Avenue 5", "labeledLatLngs": [{"lng": 103.782967, "label": "display", "lat": 1.433775}]}, "verified": false, "price": {"tier": 2, "currency": "$", "message": "Moderate"}}, "referralId": "e-3-4cd555072944b1f79d3e5cec-61"}, {"reasons": {"items": [{"reasonName": "globalInteractionReason", "summary": "This spot is popular", "type": "general"}], "count": 0}, "venue": {"id": "4c33c972452620a18534240f", "hereNow": {"groups": [], "summary": "Nobody here", "count": 0}, "contact": {}, "beenHere": {"lastCheckinExpiredAt": 0, "count": 0, "marked": false}, "photos": {"groups": [], "count": 0}, "name": "Fair Inn Food place", "location": {"formattedAddress": ["806 Woodlands street 81", "Singapore"], "lat": 1.441539, "lng": 103.786921, "country": "Singapore", "distance": 619, "city": "Singapore", "cc": "SG", "address": "806 Woodlands street 81", "labeledLatLngs": [{"lng": 103.786921, "label": "display", "lat": 1.441539}]}, "allowMenuUrlEdit": true, "verified": false, "categories": [{"pluralName": "Food Courts", "id": "4bf58dd8d48988d120951735", "primary": true, "icon": {"prefix": "https://ss3.4sqi.net/img/categories_v2/shops/food_foodcourt_", "suffix": ".png"}, "name": "Food Court", "shortName": "Food Court"}], "stats": {"checkinsCount": 171, "usersCount": 28, "tipCount": 0}}, "referralId": "e-3-4c33c972452620a18534240f-62"}, {"reasons": {"items": [{"reasonName": "globalInteractionReason", "summary": "This spot is popular", "type": "general"}], "count": 0}, "venue": {"hereNow": {"groups": [], "summary": "Nobody here", "count": 0}, "contact": {}, "photos": {"groups": [], "count": 0}, "name": "Seafood People @ Woodlands St 13", "allowMenuUrlEdit": true, "beenHere": {"lastCheckinExpiredAt": 0, "count": 0, "marked": false}, "stats": {"checkinsCount": 63, "usersCount": 23, "tipCount": 0}, "id": "4cee61250acea35d6e4ee9ae", "categories": [{"pluralName": "Chinese Restaurants", "id": "4bf58dd8d48988d145941735", "primary": true, "icon": {"prefix": "https://ss3.4sqi.net/img/categories_v2/food/asian_", "suffix": ".png"}, "name": "Chinese Restaurant", "shortName": "Chinese"}], "location": {"formattedAddress": ["Blk 111, Woodlands St. 13", "Singapore"], "lat": 1.437488, "lng": 103.782371, "distance": 638, "country": "Singapore", "cc": "SG", "address": "Blk 111, Woodlands St. 13", "labeledLatLngs": [{"lng": 103.782371, "label": "display", "lat": 1.437488}]}, "verified": false, "price": {"tier": 1, "currency": "$", "message": "Cheap"}}, "referralId": "e-3-4cee61250acea35d6e4ee9ae-63"}, {"reasons": {"items": [{"reasonName": "globalInteractionReason", "summary": "This spot is popular", "type": "general"}], "count": 0}, "venue": {"hereNow": {"groups": [], "summary": "Nobody here", "count": 0}, "contact": {}, "photos": {"groups": [], "count": 0}, "name": "111 Western Food", "allowMenuUrlEdit": true, "beenHere": {"lastCheckinExpiredAt": 0, "count": 0, "marked": false}, "stats": {"checkinsCount": 42, "usersCount": 16, "tipCount": 0}, "id": "4d46926e0349224b0af30e4f", "categories": [{"pluralName": "Pizza Places", "id": "4bf58dd8d48988d1ca941735", "primary": true, "icon": {"prefix": "https://ss3.4sqi.net/img/categories_v2/food/pizza_", "suffix": ".png"}, "name": "Pizza Place", "shortName": "Pizza"}], "location": {"formattedAddress": ["Singapore"], "lat": 1.437669274217799, "lng": 103.78203400888916, "distance": 680, "country": "Singapore", "cc": "SG", "labeledLatLngs": [{"lng": 103.78203400888916, "label": "display", "lat": 1.437669274217799}]}, "verified": false, "price": {"tier": 1, "currency": "$", "message": "Cheap"}}, "referralId": "e-3-4d46926e0349224b0af30e4f-64"}, {"reasons": {"items": [{"reasonName": "globalInteractionReason", "summary": "This spot is popular", "type": "general"}], "count": 0}, "venue": {"hereNow": {"groups": [], "summary": "Nobody here", "count": 0}, "contact": {"phone": "+6563698596", "formattedPhone": "+65 6369 8596"}, "photos": {"groups": [], "count": 0}, "name": "Ming Kitchen Seafood Restaurant", "allowMenuUrlEdit": true, "beenHere": {"lastCheckinExpiredAt": 0, "count": 0, "marked": false}, "stats": {"checkinsCount": 35, "usersCount": 18, "tipCount": 0}, "id": "4dd3a5171f6e5374d6ddc19b", "categories": [{"pluralName": "Asian Restaurants", "id": "4bf58dd8d48988d142941735", "primary": true, "icon": {"prefix": "https://ss3.4sqi.net/img/categories_v2/food/asian_", "suffix": ".png"}, "name": "Asian Restaurant", "shortName": "Asian"}], "url": "http://www.mingkitchen.net", "location": {"lat": 1.4311574734836923, "distance": 723, "country": "Singapore", "cc": "SG", "crossStreet": "Woodlands St 13", "formattedAddress": ["Blk 166, #01-553 (Woodlands St 13)", "730166", "Singapore"], "neighborhood": "Woodlands, Singapore", "city": "Singapore", "lng": 103.79219197439565, "labeledLatLngs": [{"lng": 103.79219197439565, "label": "display", "lat": 1.4311574734836923}], "address": "Blk 166, #01-553", "postalCode": "730166"}, "verified": false, "price": {"tier": 2, "currency": "$", "message": "Moderate"}}, "referralId": "e-3-4dd3a5171f6e5374d6ddc19b-65"}, {"reasons": {"items": [{"reasonName": "globalInteractionReason", "summary": "This spot is popular", "type": "general"}], "count": 0}, "venue": {"hereNow": {"groups": [], "summary": "Nobody here", "count": 0}, "contact": {}, "photos": {"groups": [], "count": 0}, "name": "Rosewood Suites BBQ Pit", "allowMenuUrlEdit": true, "beenHere": {"lastCheckinExpiredAt": 0, "count": 0, "marked": false}, "stats": {"checkinsCount": 78, "usersCount": 22, "tipCount": 0}, "id": "4fd470b4e4b008dc3658d2ef", "categories": [{"pluralName": "BBQ Joints", "id": "4bf58dd8d48988d1df931735", "primary": true, "icon": {"prefix": "https://ss3.4sqi.net/img/categories_v2/food/bbqalt_", "suffix": ".png"}, "name": "BBQ Joint", "shortName": "BBQ"}], "location": {"formattedAddress": ["Rosewood Suites", "Singapore"], "lat": 1.4293207027124635, "lng": 103.78633478102617, "distance": 771, "country": "Singapore", "cc": "SG", "address": "Rosewood Suites", "labeledLatLngs": [{"lng": 103.78633478102617, "label": "display", "lat": 1.4293207027124635}]}, "verified": false, "price": {"tier": 2, "currency": "$", "message": "Moderate"}}, "referralId": "e-3-4fd470b4e4b008dc3658d2ef-66"}, {"reasons": {"items": [{"reasonName": "globalInteractionReason", "summary": "This spot is popular", "type": "general"}], "count": 0}, "venue": {"contact": {}, "photos": {"groups": [], "count": 0}, "name": "KERK'S KOPITIAM", "allowMenuUrlEdit": true, "beenHere": {"lastCheckinExpiredAt": 0, "count": 0, "marked": false}, "stats": {"checkinsCount": 185, "usersCount": 36, "tipCount": 1}, "id": "4e90356b0aafb4070bd5abf6", "categories": [{"pluralName": "Food Courts", "id": "4bf58dd8d48988d120951735", "primary": true, "icon": {"prefix": "https://ss3.4sqi.net/img/categories_v2/shops/food_foodcourt_", "suffix": ".png"}, "name": "Food Court", "shortName": "Food Court"}], "location": {"lat": 1.4425554759880967, "distance": 799, "country": "Singapore", "cc": "SG", "crossStreet": "Woodlands St. 82", "formattedAddress": ["Blk 883, #02-472 (Woodlands St. 82)", "730883", "Singapore"], "neighborhood": "Woodlands, Singapore", "city": "Singapore", "lng": 103.79100353776779, "labeledLatLngs": [{"lng": 103.79100353776779, "label": "display", "lat": 1.4425554759880967}], "address": "Blk 883, #02-472", "postalCode": "730883"}, "hours": {"isLocalHoliday": false, "isOpen": true, "status": "Open until 9:00 PM"}, "verified": false, "hereNow": {"groups": [], "summary": "Nobody here", "count": 0}}, "referralId": "e-3-4e90356b0aafb4070bd5abf6-67", "tips": [{"id": "577bfe01498e18b2c02d70ae", "text": "No air conditioning in this kopitiam. The vegetarian stall here is terrible - oily and expensive", "disagreeCount": 0, "createdAt": 1467743745, "logView": true, "todo": {"count": 0}, "agreeCount": 0, "canonicalUrl": "https://foursquare.com/item/577bfe01498e18b2c02d70ae", "type": "user", "user": {"gender": "female", "id": "13783646", "photo": {"prefix": "https://igx.4sqi.net/img/user/", "suffix": "/13783646-GWWYTWC121DFAH4D.jpg"}, "firstName": "Cheryl", "lastName": "Quincy"}}]}], "name": "recommended", "type": "Recommended Places"}], "query": "food", "headerLocation": "Woodlands"}}