{"notifications": [{"type": "notificationTray", "item": {"unreadCount": 0}}], "meta": {"requestId": "5966fb7f6a607115d51621e5", "code": 200}, "response": {"friends": {"count": 66, "items": [{"id": "511817", "photo": {"prefix": "https://igx.4sqi.net/img/user/", "suffix": "/S5WBBAUM2WSIOGTU.jpg"}, "homeCity": "San Francisco, CA", "contact": {}, "firstName": "Andrew", "tips": {"count": 17}, "gender": "male", "lastName": "Strickman", "lists": {"groups": [{"count": 2, "type": "created", "items": []}]}, "bio": ""}, {"id": "18968303", "photo": {"prefix": "https://igx.4sqi.net/img/user/", "suffix": "/18968303-SNLAIRR2AE4RX2N3.jpg"}, "homeCity": "Boston, MA", "contact": {"facebook": "531941231"}, "firstName": "Marcy", "tips": {"count": 0}, "gender": "female", "lastName": "Beckerman", "lists": {"groups": [{"count": 2, "type": "created", "items": []}]}, "bio": ""}, {"id": "7822505", "photo": {"prefix": "https://igx.4sqi.net/img/user/", "suffix": "/0BU3ML5CSZBRXNIP.jpg"}, "homeCity": "New York, NY", "contact": {"twitter": "richcity"}, "firstName": "Richard", "tips": {"count": 2}, "gender": "male", "lastName": "Renzulli", "lists": {"groups": [{"count": 2, "type": "created", "items": []}]}, "bio": ""}, {"id": "1195525", "photo": {"prefix": "https://igx.4sqi.net/img/user/", "suffix": "/WXYIQDJP2WJG2ADB.gif"}, "homeCity": "New Orleans, LA", "contact": {"facebook": "2806666"}, "firstName": "Dave", "tips": {"count": 5}, "gender": "male", "lastName": "Cariello", "lists": {"groups": [{"count": 2, "type": "created", "items": []}]}, "bio": ""}, {"id": "408822", "photo": {"prefix": "https://igx.4sqi.net/img/user/", "default": true, "suffix": "/blank_boy.png"}, "homeCity": "King of Prussia, PA", "contact": {"facebook": "2002486", "twitter": "bradabramson"}, "firstName": "Brad", "tips": {"count": 0}, "gender": "male", "lastName": "Abramson", "lists": {"groups": [{"count": 2, "type": "created", "items": []}]}, "bio": ""}, {"id": "11102967", "photo": {"prefix": "https://igx.4sqi.net/img/user/", "suffix": "/T1M2XPAC3F5IMA01.jpg"}, "homeCity": "Morristown, NJ", "contact": {"facebook": "543018113"}, "firstName": "Laura", "tips": {"count": 0}, "gender": "female", "lastName": "Neill", "lists": {"groups": [{"count": 2, "type": "created", "items": []}]}, "bio": ""}, {"id": "17264580", "photo": {"prefix": "https://igx.4sqi.net/img/user/", "default": true, "suffix": "/blank_boy.png"}, "homeCity": "NY", "contact": {"facebook": "402599"}, "firstName": "Rich", "tips": {"count": 0}, "gender": "male", "lastName": "Chomko", "lists": {"groups": [{"count": 2, "type": "created", "items": []}]}, "bio": ""}, {"id": "7855927", "photo": {"prefix": "https://igx.4sqi.net/img/user/", "default": true, "suffix": "/blank_boy.png"}, "homeCity": "New York, NY", "contact": {}, "firstName": "Alex", "tips": {"count": 0}, "gender": "male", "lastName": "Robles", "lists": {"groups": [{"count": 2, "type": "created", "items": []}]}, "bio": ""}, {"id": "1426872", "photo": {"prefix": "https://igx.4sqi.net/img/user/", "suffix": "/Z0W2FILKF4XBZDBS.jpg"}, "homeCity": "New York, NY", "contact": {"twitter": "geodon7"}, "firstName": "Geoff", "tips": {"count": 0}, "gender": "male", "lastName": "Gordon", "lists": {"groups": [{"count": 2, "type": "created", "items": []}]}, "bio": ""}, {"id": "10843599", "photo": {"prefix": "https://igx.4sqi.net/img/user/", "suffix": "/GXIAYFFO3WKWW3DI.jpg"}, "homeCity": "Wood Ridge, NJ", "contact": {"facebook": "1443407437", "twitter": "stephlova31"}, "firstName": "Stephanie", "tips": {"count": 2}, "gender": "female", "lastName": "Tuttle", "lists": {"groups": [{"count": 2, "type": "created", "items": []}]}, "bio": ""}, {"id": "1175494", "photo": {"prefix": "https://igx.4sqi.net/img/user/", "suffix": "/ZSFNIGEYHGFYH0HY.jpg"}, "homeCity": "Brooklyn, NY", "contact": {"facebook": "100002512629777", "twitter": "marksbirch"}, "firstName": "Mark", "tips": {"count": 59}, "gender": "male", "lastName": "Birch", "lists": {"groups": [{"count": 9, "type": "created", "items": []}]}, "bio": "NYC tech investor & entrepreneur; author Strong Opinions blog; heavy metal acoustic guitarist; road cyclist; renegade commodities trader"}, {"id": "186055", "photo": {"prefix": "https://igx.4sqi.net/img/user/", "suffix": "/MNCWEUOQZXLT5KQG.jpg"}, "homeCity": "New York, NY", "contact": {"facebook": "645667432", "twitter": "in_vino_nyc"}, "firstName": "Keith", "tips": {"count": 1}, "gender": "male", "lastName": "Beavers", "lists": {"groups": [{"count": 2, "type": "created", "items": []}]}, "bio": "Owner of In Vino in the East Village of Manhattan"}, {"id": "7601791", "photo": {"prefix": "https://igx.4sqi.net/img/user/", "suffix": "/HW03E4PEI0CPHPVD.jpg"}, "homeCity": "New Jersey", "contact": {"facebook": "640779364", "twitter": "japandudegirl"}, "firstName": "Charles", "tips": {"count": 3}, "gender": "male", "lastName": "Francis", "lists": {"groups": [{"count": 2, "type": "created", "items": []}]}, "bio": ""}, {"id": "72193689", "photo": {"prefix": "https://igx.4sqi.net/img/user/", "suffix": "/72193689-TK51XOWG1RKQZWBK.jpg"}, "homeCity": "New York, NY", "contact": {"facebook": "689325621", "twitter": "mediamallrat"}, "firstName": "Ashley", "tips": {"count": 14}, "gender": "female", "lastName": "Lyons", "lists": {"groups": [{"count": 2, "type": "created", "items": []}]}, "bio": "And now, your highness, we will discuss the location of your hidden rebel base...."}, {"id": "31823", "photo": {"prefix": "https://igx.4sqi.net/img/user/", "suffix": "/31823-UVSCIBMYSSLXWW4A.jpg"}, "homeCity": "Brooklyn, NY", "contact": {"facebook": "1187751976", "twitter": "bhschaffer"}, "firstName": "Brian", "tips": {"count": 2}, "gender": "male", "lastName": "Schaffer", "lists": {"groups": [{"count": 2, "type": "created", "items": []}]}, "bio": ""}, {"id": "136", "photo": {"prefix": "https://igx.4sqi.net/img/user/", "suffix": "/4a40156b99a30.jpg"}, "homeCity": "New York, NY", "contact": {"facebook": "9801402", "twitter": "innonate"}, "firstName": "Nate", "tips": {"count": 43}, "superuser": 2, "gender": "male", "lastName": "Westheimer", "lists": {"groups": [{"count": 7, "type": "created", "items": []}]}, "bio": "@Picturelife CEO & Co-founder \u2022 @nytm President \u2022 Engaged to @jdodd"}, {"id": "718717", "photo": {"prefix": "https://igx.4sqi.net/img/user/", "suffix": "/NFVPMEJ51JL1CBRZ.jpg"}, "homeCity": "San Diego, CA", "contact": {"facebook": "500118701"}, "firstName": "Ashley", "tips": {"count": 0}, "gender": "female", "lastName": "Huck", "lists": {"groups": [{"count": 3, "type": "created", "items": []}]}, "bio": ""}, {"id": "1070227", "photo": {"prefix": "https://igx.4sqi.net/img/user/", "suffix": "/XT155ZMVKIYJS4LM.jpg"}, "homeCity": "New York, NY", "contact": {"facebook": "2807295"}, "firstName": "Nabil", "tips": {"count": 0}, "gender": "male", "lastName": "Bennouna", "lists": {"groups": [{"count": 2, "type": "created", "items": []}]}, "bio": ""}, {"id": "2506580", "photo": {"prefix": "https://igx.4sqi.net/img/user/", "suffix": "/P15YAF2RWKNV4SMR.jpg"}, "homeCity": "New Jersey - United States ", "contact": {"facebook": "33702213", "twitter": "michaelturco"}, "firstName": "Michael", "tips": {"count": 1}, "gender": "male", "lastName": "Turco", "lists": {"groups": [{"count": 2, "type": "created", "items": []}]}, "bio": "MAGICIAN~ILLUSIONIST, CREATOR OF MAGIC & MAYHEM IN LAS VEGAS. APPEARED ON #NBC AMERICAS GOT TALENT #AGT, #JERSEY NATIVE"}, {"id": "22018950", "photo": {"prefix": "https://igx.4sqi.net/img/user/", "suffix": "/22018950-ZY0WICA53GBU1I1I.jpg"}, "homeCity": "Allentown, PA", "contact": {"facebook": "100001987770031"}, "firstName": "Gregg", "tips": {"count": 3}, "gender": "male", "lastName": "Baranski", "lists": {"groups": [{"count": 2, "type": "created", "items": []}]}, "bio": ""}, {"id": "146278467", "photo": {"prefix": "https://igx.4sqi.net/img/user/", "suffix": "/146278467-QSRM2NJCBCDH4VSN.jpg"}, "homeCity": "Providence, RI", "contact": {"facebook": "10101280249795954", "twitter": "canthardywait"}, "firstName": "Alex", "tips": {"count": 0}, "gender": "male", "lastName": "Hardy", "lists": {"groups": [{"count": 2, "type": "created", "items": []}]}, "bio": ""}, {"id": "6787747", "photo": {"prefix": "https://igx.4sqi.net/img/user/", "default": true, "suffix": "/blank_boy.png"}, "homeCity": "New Orleans, LA", "contact": {}, "firstName": "Marc", "tips": {"count": 0}, "gender": "male", "lastName": "Elichman", "lists": {"groups": [{"count": 2, "type": "created", "items": []}]}, "bio": ""}, {"id": "36331836", "photo": {"prefix": "https://igx.4sqi.net/img/user/", "suffix": "/SUAFQ5GJEH4SJIC2.jpg"}, "homeCity": "Philadelphia, PA", "contact": {"facebook": "1812282"}, "firstName": "Priscilla", "tips": {"count": 0}, "gender": "female", "lastName": "Sarmiento", "lists": {"groups": [{"count": 2, "type": "created", "items": []}]}, "bio": ""}, {"id": "25217846", "photo": {"prefix": "https://igx.4sqi.net/img/user/", "suffix": "/JN0XLCR4PDRLSMHH.jpg"}, "homeCity": "Ny, ny", "contact": {"facebook": "711580657"}, "firstName": "Kristen", "tips": {"count": 0}, "gender": "female", "lastName": "Renzulli", "lists": {"groups": [{"count": 2, "type": "created", "items": []}]}, "bio": ""}, {"id": "17455519", "photo": {"prefix": "https://igx.4sqi.net/img/user/", "suffix": "/RIZTCOAZGNHSA4OV.jpg"}, "homeCity": "Boston, MA", "contact": {"facebook": "5511922", "twitter": "the90tothe33"}, "firstName": "Tim", "tips": {"count": 3}, "gender": "male", "lastName": "Sweeney", "lists": {"groups": [{"count": 19, "type": "created", "items": []}]}, "bio": ""}, {"id": "16071429", "photo": {"prefix": "https://igx.4sqi.net/img/user/", "suffix": "/OPHPRB3DSFVD54SZ.jpg"}, "homeCity": "Brooklyn, NY", "contact": {"facebook": "932535", "twitter": "mathiasgutu"}, "firstName": "Mathias", "tips": {"count": 0}, "gender": "male", "lastName": "Guttu", "lists": {"groups": [{"count": 5, "type": "created", "items": []}]}, "bio": ""}, {"id": "49549262", "photo": {"prefix": "https://igx.4sqi.net/img/user/", "suffix": "/NOPYDE5B5IWL5I0O.jpg"}, "homeCity": "New York, NY", "contact": {"facebook": "1154646489", "twitter": "shotz018"}, "firstName": "Matthew", "tips": {"count": 17}, "gender": "male", "lastName": "Lifshotz", "lists": {"groups": [{"count": 4, "type": "created", "items": []}]}, "bio": ""}, {"id": "301753", "photo": {"prefix": "https://igx.4sqi.net/img/user/", "suffix": "/1KQYT0CPDBGQ0CYI.jpg"}, "homeCity": "New York, NY", "contact": {}, "firstName": "theresa", "tips": {"count": 2}, "gender": "female", "lastName": "young", "lists": {"groups": [{"count": 2, "type": "created", "items": []}]}, "bio": ""}, {"id": "40603", "photo": {"prefix": "https://igx.4sqi.net/img/user/", "suffix": "/HUKOQHGWRRLO1BUL.jpg"}, "homeCity": "New York, NY", "contact": {"facebook": "596382061", "twitter": "trevorsumner"}, "firstName": "Trevor", "tips": {"count": 39}, "gender": "male", "lastName": "Sumner", "lists": {"groups": [{"count": 2, "type": "created", "items": []}]}, "bio": ""}, {"id": "381", "photo": {"prefix": "https://igx.4sqi.net/img/user/", "suffix": "/381-LAYNRU0L0BM01A5E.jpg"}, "homeCity": "New York, NY", "contact": {"facebook": "13800904", "twitter": "ohhleary"}, "firstName": "Chris", "tips": {"count": 72}, "superuser": 3, "gender": "male", "lastName": "OLeary", "lists": {"groups": [{"count": 42, "type": "created", "items": []}]}, "bio": "Lover of beer, traveling, transit, and other assorted geekery."}, {"id": "1273734", "photo": {"prefix": "https://igx.4sqi.net/img/user/", "default": true, "suffix": "/blank_boy.png"}, "homeCity": "New York, NY", "contact": {"facebook": "711675031"}, "firstName": "Conrad", "tips": {"count": 0}, "gender": "male", "lastName": "Oakey", "lists": {"groups": [{"count": 2, "type": "created", "items": []}]}, "bio": ""}, {"id": "2655849", "photo": {"prefix": "https://igx.4sqi.net/img/user/", "suffix": "/2655849_3g4ec3cz_Gh2S9cBCWly0u4IiUcaquhzEsWTKuM0N-6gBFksynlNVvRW5yUSNTW1X3ls8I9ii.jpg"}, "homeCity": "NYC", "contact": {}, "firstName": "Ashley", "tips": {"count": 0}, "gender": "female", "lists": {"groups": [{"count": 2, "type": "created", "items": []}]}, "bio": ""}, {"id": "11833724", "photo": {"prefix": "https://igx.4sqi.net/img/user/", "suffix": "/ZJNWRRYX4WLAOTZ0.jpg"}, "homeCity": "Brooklyn, NY", "contact": {"facebook": "1594280815"}, "firstName": "Blake", "tips": {"count": 0}, "gender": "male", "lastName": "Thompson", "lists": {"groups": [{"count": 2, "type": "created", "items": []}]}, "bio": ""}, {"id": "27955316", "photo": {"prefix": "https://igx.4sqi.net/img/user/", "suffix": "/27955316-FRIPEXUROOFEI0T0.jpg"}, "homeCity": "New York, NY", "contact": {}, "firstName": "Lindsay", "tips": {"count": 0}, "gender": "female", "lastName": "Restle", "lists": {"groups": [{"count": 2, "type": "created", "items": []}]}, "bio": ""}, {"id": "57716758", "photo": {"prefix": "https://igx.4sqi.net/img/user/", "suffix": "/57716758-SDBWQEX3KGYMO1US.jpg"}, "homeCity": "Florida", "contact": {"facebook": "503057040", "twitter": "gmggonzalez"}, "firstName": "Gabriel", "tips": {"count": 0}, "gender": "male", "lastName": "Gonzalez", "lists": {"groups": [{"count": 2, "type": "created", "items": []}]}, "bio": ""}, {"id": "41524", "photo": {"prefix": "https://igx.4sqi.net/img/user/", "suffix": "/4aa7c95f8a2de.jpg"}, "homeCity": "New York, NY", "contact": {"facebook": "646521614", "twitter": "sztul"}, "firstName": "Henry", "tips": {"count": 2}, "gender": "male", "lastName": "Sztul", "lists": {"groups": [{"count": 11, "type": "created", "items": []}]}, "bio": ""}, {"id": "516", "photo": {"prefix": "https://igx.4sqi.net/img/user/", "suffix": "/516_1236353684.jpg"}, "homeCity": "New York", "contact": {"facebook": "700295563", "twitter": "rachelsklar"}, "firstName": "Rachel", "tips": {"count": 46}, "superuser": 2, "gender": "female", "lastName": "Sklar", "lists": {"groups": [{"count": 2, "type": "created", "items": []}]}, "bio": ""}, {"id": "1628591", "photo": {"prefix": "https://igx.4sqi.net/img/user/", "suffix": "/M0DQL4FT0TKWXBKQ.jpg"}, "homeCity": "Boston, MA", "contact": {}, "firstName": "JP", "tips": {"count": 4}, "gender": "male", "lastName": "Gier", "lists": {"groups": [{"count": 2, "type": "created", "items": []}]}, "bio": ""}, {"id": "5775547", "photo": {"prefix": "https://igx.4sqi.net/img/user/", "suffix": "/COFZJME4LL32F00R.jpg"}, "homeCity": "New York, NY", "contact": {"facebook": "1150989628", "twitter": "nickdipaolo"}, "firstName": "Nick", "tips": {"count": 0}, "gender": "male", "lastName": "DiPaolo", "lists": {"groups": [{"count": 2, "type": "created", "items": []}]}, "bio": ""}, {"id": "28703052", "photo": {"prefix": "https://igx.4sqi.net/img/user/", "suffix": "/AST1QGZR2JCRRXFD.jpg"}, "homeCity": "Chicago", "contact": {"facebook": "707914561"}, "firstName": "Katie", "tips": {"count": 4}, "gender": "female", "lastName": "Amoruso", "lists": {"groups": [{"count": 2, "type": "created", "items": []}]}, "bio": ""}, {"id": "43803", "photo": {"prefix": "https://igx.4sqi.net/img/user/", "suffix": "/43803_1253221597129.jpg"}, "homeCity": "New York, NY", "contact": {"facebook": "1066897035", "twitter": "nolatonyc"}, "firstName": "Joshua", "tips": {"count": 6}, "superuser": 1, "gender": "male", "lastName": "Goldstein", "lists": {"groups": [{"count": 2, "type": "created", "items": []}]}, "bio": ""}, {"id": "1174", "photo": {"prefix": "https://igx.4sqi.net/img/user/", "suffix": "/NGRS0X5XO5MX4PQC.jpg"}, "homeCity": "NY, NY", "contact": {"facebook": "570882468", "twitter": "sloane"}, "firstName": "@sloane", "tips": {"count": 287}, "gender": "female", "superuser": 1, "lists": {"groups": [{"count": 12, "type": "created", "items": []}]}, "bio": "Motto: She was never bored because she was never boring."}, {"id": "2088992", "photo": {"prefix": "https://igx.4sqi.net/img/user/", "suffix": "/O351XM3I30BSRMIU.jpg"}, "homeCity": "New York, NY", "contact": {"facebook": "10154040812629641", "twitter": "yvahn"}, "firstName": "Yvahn", "tips": {"count": 5}, "gender": "female", "lists": {"groups": [{"count": 2, "type": "created", "items": []}]}, "bio": ""}, {"id": "6090813", "photo": {"prefix": "https://igx.4sqi.net/img/user/", "suffix": "/Y1DZABMEDFHIKYNM.jpg"}, "homeCity": "Los Angeles, CA", "contact": {"facebook": "605187171", "twitter": "jkthreethousand"}, "firstName": "Jonathan", "tips": {"count": 1}, "gender": "male", "lastName": "Kalter", "lists": {"groups": [{"count": 2, "type": "created", "items": []}]}, "bio": ""}, {"id": "694644", "photo": {"prefix": "https://igx.4sqi.net/img/user/", "suffix": "/VUC25WXAXXK13513.jpg"}, "homeCity": "Fairfield, NJ", "contact": {"facebook": "1102873186"}, "firstName": "Jeff", "tips": {"count": 1}, "gender": "male", "lastName": "Singer", "lists": {"groups": [{"count": 2, "type": "created", "items": []}]}, "bio": ""}, {"id": "2286", "photo": {"prefix": "https://igx.4sqi.net/img/user/", "suffix": "/4a41911a7ed70.jpg"}, "homeCity": "Manhattan, NY", "contact": {"facebook": "534306380", "twitter": "mlarosa"}, "firstName": "Mark", "tips": {"count": 0}, "gender": "male", "lastName": "LaRosa", "lists": {"groups": [{"count": 3, "type": "created", "items": []}]}, "bio": ""}, {"id": "2417783", "photo": {"prefix": "https://igx.4sqi.net/img/user/", "suffix": "/PNSXZZ1R2YQVHRJ1.jpg"}, "homeCity": "San Diego, CA", "contact": {}, "firstName": "Alyssa", "tips": {"count": 0}, "gender": "female", "lastName": "Wilcox", "lists": {"groups": [{"count": 2, "type": "created", "items": []}]}, "bio": ""}, {"id": "698488", "photo": {"prefix": "https://igx.4sqi.net/img/user/", "suffix": "/GGBI1MKBYKD1Q5M3.jpg"}, "homeCity": "New York, NY", "contact": {}, "firstName": "Megan", "tips": {"count": 6}, "gender": "female", "lastName": "Kennedy", "lists": {"groups": [{"count": 2, "type": "created", "items": []}]}, "bio": ""}, {"id": "2986", "photo": {"prefix": "https://igx.4sqi.net/img/user/", "suffix": "/4a7846c13bca6.jpg"}, "homeCity": "New York, NY", "contact": {"facebook": "7965610", "twitter": "ripkin"}, "firstName": "Ryan", "tips": {"count": 4}, "gender": "male", "lastName": "Pipkin", "lists": {"groups": [{"count": 2, "type": "created", "items": []}]}, "bio": ""}, {"id": "3228779", "photo": {"prefix": "https://igx.4sqi.net/img/user/", "suffix": "/BFPRKI5O22FUBIQF.jpg"}, "homeCity": "Wayne, NJ", "contact": {"facebook": "100000431416984", "twitter": "valerieinspires"}, "firstName": "Valerie", "tips": {"count": 8}, "gender": "female", "lastName": "Krsulic", "lists": {"groups": [{"count": 2, "type": "created", "items": []}]}, "bio": ""}, {"id": "73822371", "photo": {"prefix": "https://igx.4sqi.net/img/user/", "suffix": "/73822371-BSHL24EQEGGB0V42.jpg"}, "homeCity": "Clifton, NJ", "contact": {"facebook": "804284418"}, "firstName": "Abigail", "tips": {"count": 0}, "gender": "female", "lastName": "Young", "lists": {"groups": [{"count": 2, "type": "created", "items": []}]}, "bio": "Life should be a never ending party!"}, {"id": "5966", "photo": {"prefix": "https://igx.4sqi.net/img/user/", "suffix": "/5966_1255741255125.jpg"}, "homeCity": "Metairie, LA", "contact": {"facebook": "690997250", "twitter": "cschultz"}, "firstName": "Chris", "tips": {"count": 2}, "gender": "male", "lastName": "Schultz", "lists": {"groups": [{"count": 2, "type": "created", "items": []}]}, "bio": ""}, {"id": "3424293", "photo": {"prefix": "https://igx.4sqi.net/img/user/", "default": true, "suffix": "/blank_girl.png"}, "homeCity": "Hoboken, NJ", "contact": {}, "firstName": "Meghan", "tips": {"count": 0}, "gender": "female", "lastName": "McGavin", "lists": {"groups": [{"count": 3, "type": "created", "items": []}]}, "bio": ""}, {"id": "6473", "photo": {"prefix": "https://igx.4sqi.net/img/user/", "suffix": "/HTQGMYOLJ0KUF5RL.jpg"}, "homeCity": "New York, NY", "contact": {}, "firstName": "Jay", "tips": {"count": 0}, "gender": "male", "lastName": "Levy", "lists": {"groups": [{"count": 2, "type": "created", "items": []}]}, "bio": ""}, {"id": "7432561", "photo": {"prefix": "https://igx.4sqi.net/img/user/", "default": true, "suffix": "/blank_boy.png"}, "homeCity": "North Jersey", "contact": {}, "firstName": "Daryl", "tips": {"count": 0}, "gender": "male", "lastName": "Ferrara", "lists": {"groups": [{"count": 2, "type": "created", "items": []}]}, "bio": ""}, {"id": "11645", "photo": {"prefix": "https://igx.4sqi.net/img/user/", "suffix": "/11645-C3UNXVNJJW5UBHCH.jpg"}, "homeCity": "New York, NY", "contact": {"facebook": "13802072", "twitter": "evillmatt"}, "firstName": "Matt", "tips": {"count": 9}, "superuser": 1, "gender": "male", "lastName": "Wiener", "lists": {"groups": [{"count": 8, "type": "created", "items": []}]}, "bio": ""}, {"id": "31362957", "photo": {"prefix": "https://igx.4sqi.net/img/user/", "suffix": "/31362957-PSKLGRK0OZS1YLCJ.jpg"}, "homeCity": "NY", "contact": {"twitter": "dmgarofalo"}, "firstName": "Danielle", "tips": {"count": 5}, "gender": "female", "lastName": "Garofalo", "lists": {"groups": [{"count": 2, "type": "created", "items": []}]}, "bio": ""}, {"id": "11711", "photo": {"prefix": "https://igx.4sqi.net/img/user/", "suffix": "/ZW1KZ1BJYJTCXMPN.jpg"}, "homeCity": "Montclair, NJ", "contact": {}, "firstName": "Dara", "tips": {"count": 4}, "superuser": 1, "gender": "female", "lastName": "Raffa", "lists": {"groups": [{"count": 2, "type": "created", "items": []}]}, "bio": ""}, {"id": "11932", "photo": {"prefix": "https://igx.4sqi.net/img/user/", "suffix": "/PQP0BQIM0YF3BGKR.jpg"}, "homeCity": "New York, NY", "contact": {"twitter": "barryfrish"}, "firstName": "Barry", "tips": {"count": 0}, "gender": "male", "lastName": "Frish", "lists": {"groups": [{"count": 2, "type": "created", "items": []}]}, "bio": ""}, {"id": "26001", "photo": {"prefix": "https://igx.4sqi.net/img/user/", "suffix": "/VMSIMJH0DAL5EZYZ.jpg"}, "homeCity": "New York, NY", "contact": {"facebook": "519223155", "twitter": "davidsrose"}, "firstName": "David S.", "tips": {"count": 5}, "gender": "male", "lastName": "Rose", "lists": {"groups": [{"count": 2, "type": "created", "items": []}]}, "bio": ""}, {"id": "26073", "photo": {"prefix": "https://igx.4sqi.net/img/user/", "suffix": "/W24AZ1Z0WXFOR40A.jpg"}, "homeCity": "New York, NY", "contact": {}, "firstName": "Bronson", "tips": {"count": 0}, "gender": "male", "lastName": "Lingamfelter", "lists": {"groups": [{"count": 2, "type": "created", "items": []}]}, "bio": ""}, {"id": "48612", "photo": {"prefix": "https://igx.4sqi.net/img/user/", "suffix": "/4aba8017bbb6d.jpg"}, "homeCity": "New York, NY", "contact": {"facebook": "2224961", "twitter": "jeremyabelson"}, "firstName": "Jeremy", "tips": {"count": 3}, "gender": "male", "lastName": "Abelson", "lists": {"groups": [{"count": 2, "type": "created", "items": []}]}, "bio": ""}, {"id": "54304", "photo": {"prefix": "https://igx.4sqi.net/img/user/", "suffix": "/NRGGA4MWI02N54LM.jpg"}, "homeCity": "London, England", "contact": {"facebook": "1043818002", "twitter": "chrisavello"}, "firstName": "Chris", "tips": {"count": 8}, "gender": "male", "lastName": "Avello", "lists": {"groups": [{"count": 2, "type": "created", "items": []}]}, "bio": "Human being who enjoys good music, cool technology,  delicious food, and great cities."}, {"id": "69089", "photo": {"prefix": "https://igx.4sqi.net/img/user/", "suffix": "/69089-4CBTQBKZ2F4BALFK.jpg"}, "homeCity": "New York, NY", "contact": {"twitter": "rdweekend"}, "firstName": "RDW", "tips": {"count": 102}, "gender": "male", "lists": {"groups": [{"count": 5, "type": "created", "items": []}]}, "bio": "If you keep it in your family long enough, any tomato, can be an heirloom tomato"}, {"id": "1735586", "photo": {"prefix": "https://igx.4sqi.net/img/user/", "suffix": "/ZMOT0FNEIAITN525.jpg"}, "homeCity": "Morristown, New Jersey", "contact": {"twitter": "peterdieduardo"}, "firstName": "Peter", "tips": {"count": 4}, "gender": "male", "lastName": "Di Eduardo", "lists": {"groups": [{"count": 2, "type": "created", "items": []}]}, "bio": ""}, {"id": "1960296", "photo": {"prefix": "https://igx.4sqi.net/img/user/", "suffix": "/TI2GOHUO00SZBQDO.jpg"}, "homeCity": "NJ-NYC", "contact": {"facebook": "506657349", "twitter": "brianreinke"}, "firstName": "Brian", "tips": {"count": 1}, "gender": "male", "lastName": "Reinke", "lists": {"groups": [{"count": 2, "type": "created", "items": []}]}, "bio": ""}]}, "checksum": "0277ce6c171f2ed9c0dec759a8e7e079dfdc8dc1"}}