{"notifications": [{"type": "notificationTray", "item": {"unreadCount": 0}}], "response": {"friends": {"items": [{"tips": {"count": 1}, "contact": {"facebook": "794217695"}, "firstName": "No'man", "gender": "male", "lastName": "Marsuni", "id": "501841", "bio": "", "photo": {"prefix": "https://igx.4sqi.net/img/user/", "suffix": "/AMNX0YSOLQ303Q4P.jpg"}, "homeCity": "Singapore", "lists": {"groups": [{"items": [], "count": 2, "type": "created"}]}}, {"tips": {"count": 0}, "contact": {"facebook": "100002394303009"}, "firstName": "nasir", "gender": "male", "lastName": "wahab", "id": "11034225", "bio": "", "photo": {"prefix": "https://igx.4sqi.net/img/user/", "suffix": "/11034225-DQLCVJQKLOVMRLAR.jpg"}, "homeCity": "melaka world heritage city", "lists": {"groups": [{"items": [], "count": 2, "type": "created"}]}}, {"tips": {"count": 2}, "contact": {}, "firstName": "Farizah", "gender": "female", "id": "4645720", "bio": "", "photo": {"prefix": "https://igx.4sqi.net/img/user/", "suffix": "/LLP32OEGHCY3RJEY.jpg"}, "homeCity": "New York, NY", "lists": {"groups": [{"items": [], "count": 2, "type": "created"}]}}, {"tips": {"count": 1}, "contact": {}, "firstName": "Serene", "gender": "female", "lastName": "Chan", "id": "7229856", "bio": "", "photo": {"prefix": "https://igx.4sqi.net/img/user/", "suffix": "/blank_girl.png", "default": true}, "homeCity": "Singapore", "lists": {"groups": [{"items": [], "count": 2, "type": "created"}]}}, {"tips": {"count": 12}, "contact": {"facebook": "1330302044"}, "firstName": "Deny", "gender": "male", "lastName": "Sr.4 cupu", "id": "3513252", "bio": "", "photo": {"prefix": "https://igx.4sqi.net/img/user/", "suffix": "/VMLUJ2B2IGMHQ1IE.jpg"}, "homeCity": "Jakarta, Indonesia", "lists": {"groups": [{"items": [], "count": 2, "type": "created"}]}}, {"tips": {"count": 0}, "contact": {}, "firstName": "Johannes", "gender": "male", "lastName": "Jani", "id": "6619018", "bio": "", "photo": {"prefix": "https://igx.4sqi.net/img/user/", "suffix": "/GUV3D0F2AVPNB2SE.jpg"}, "homeCity": "Singapore", "lists": {"groups": [{"items": [], "count": 2, "type": "created"}]}}, {"tips": {"count": 0}, "contact": {"twitter": "suenarty", "facebook": "617142346"}, "firstName": "Sue", "gender": "female", "id": "4294597", "bio": "", "photo": {"prefix": "https://igx.4sqi.net/img/user/", "suffix": "/CO3QJQGYG2SFADRG.jpg"}, "homeCity": "Singapore", "lists": {"groups": [{"items": [], "count": 2, "type": "created"}]}}, {"tips": {"count": 0}, "contact": {"twitter": "switberi", "facebook": "1040876198"}, "firstName": "switberi", "gender": "female", "id": "4419492", "bio": "", "photo": {"prefix": "https://igx.4sqi.net/img/user/", "suffix": "/0QBUK3VFOV1UWWSO.jpg"}, "homeCity": "Singapore", "lists": {"groups": [{"items": [], "count": 2, "type": "created"}]}}, {"tips": {"count": 1}, "contact": {"facebook": "679602882"}, "firstName": "Julie", "gender": "female", "lastName": "Hj Jumaat", "id": "1374213", "bio": "", "photo": {"prefix": "https://igx.4sqi.net/img/user/", "suffix": "/3QFTLI2OM5KE0N2D.jpg"}, "homeCity": "Singapore", "lists": {"groups": [{"items": [], "count": 2, "type": "created"}]}}, {"tips": {"count": 15}, "contact": {"twitter": "dellyan", "facebook": "1587319041"}, "firstName": "Dellyan", "gender": "male", "lastName": "Zulkarnain", "id": "1435674", "bio": "", "photo": {"prefix": "https://igx.4sqi.net/img/user/", "suffix": "/4DL2UDY5NK1YW4VQ.jpg"}, "homeCity": "Jakarta", "lists": {"groups": [{"items": [], "count": 2, "type": "created"}]}}, {"tips": {"count": 0}, "contact": {}, "firstName": "Radyatunisah", "gender": "female", "lastName": "A Rahman", "id": "5480018", "bio": "", "photo": {"prefix": "https://igx.4sqi.net/img/user/", "suffix": "/ET5VFZSOFHCGX1LC.jpg"}, "homeCity": "Singapore", "lists": {"groups": [{"items": [], "count": 2, "type": "created"}]}}, {"tips": {"count": 2}, "contact": {"facebook": "748949819"}, "firstName": "Junainah", "gender": "female", "lastName": "Jakaria", "id": "2463929", "bio": "", "photo": {"prefix": "https://igx.4sqi.net/img/user/", "suffix": "/2463929-GO0CV1KUGNDOZQZO.jpg"}, "homeCity": "Singapore", "lists": {"groups": [{"items": [], "count": 2, "type": "created"}]}}, {"tips": {"count": 0}, "contact": {"facebook": "584343343"}, "firstName": "Haider", "gender": "male", "lastName": "Sahle", "id": "1584040", "bio": "", "photo": {"prefix": "https://igx.4sqi.net/img/user/", "suffix": "/1OSF1F0DJOVZYOAF.jpg"}, "homeCity": "Singapore", "lists": {"groups": [{"items": [], "count": 2, "type": "created"}]}}, {"tips": {"count": 0}, "contact": {}, "firstName": "riz", "gender": "male", "lastName": "spieral", "id": "1612378", "bio": "", "photo": {"prefix": "https://igx.4sqi.net/img/user/", "suffix": "/0LPOWU2IFJLHQLV3.jpg"}, "homeCity": "Malaysia", "lists": {"groups": [{"items": [], "count": 2, "type": "created"}]}}, {"tips": {"count": 0}, "contact": {"twitter": "azriaziz86", "facebook": "1127870227"}, "firstName": "AzriAziz", "gender": "male", "lastName": "\u2122", "id": "3453248", "bio": "just call me QoBe\u2122", "photo": {"prefix": "https://igx.4sqi.net/img/user/", "suffix": "/E2BF40UQZFFLDQAB.jpg"}, "homeCity": "Singapore", "lists": {"groups": [{"items": [], "count": 2, "type": "created"}]}}, {"tips": {"count": 1}, "contact": {"facebook": "1263300194"}, "firstName": "Syima", "gender": "female", "lastName": "Shala", "id": "3332937", "bio": "", "photo": {"prefix": "https://igx.4sqi.net/img/user/", "suffix": "/NJ4IDNF1KAMM5OQB.jpg"}, "homeCity": "Singapore", "lists": {"groups": [{"items": [], "count": 2, "type": "created"}]}}, {"tips": {"count": 0}, "contact": {}, "firstName": "Man dhopper", "gender": "none", "lastName": "Man dhopper", "id": "1734938", "bio": "", "photo": {"prefix": "https://igx.4sqi.net/img/user/", "suffix": "/WBKLPAISX2QT5ZIQ.jpg"}, "homeCity": "Singapore", "lists": {"groups": [{"items": [], "count": 2, "type": "created"}]}}, {"tips": {"count": 7}, "contact": {"twitter": "websoftweb", "facebook": "10155335834435576"}, "firstName": "Ebenezer", "gender": "male", "lastName": "Jolaoso", "id": "825773", "bio": "", "photo": {"prefix": "https://igx.4sqi.net/img/user/", "suffix": "/G0PLQFDJKAM3VTU1.jpg"}, "homeCity": "Singapore, 534832", "lists": {"groups": [{"items": [], "count": 3, "type": "created"}]}}, {"tips": {"count": 4}, "contact": {}, "firstName": "Felicia", "gender": "female", "lastName": "Ashley", "id": "1415419", "bio": "", "photo": {"prefix": "https://igx.4sqi.net/img/user/", "suffix": "/BM42ZUZ0GB53ANSN.jpg"}, "homeCity": "Singapore", "lists": {"groups": [{"items": [], "count": 2, "type": "created"}]}}, {"tips": {"count": 0}, "contact": {"facebook": "100000772213232"}, "firstName": "Mohamed", "gender": "male", "lastName": "Ejaaz", "id": "3320021", "bio": "", "photo": {"prefix": "https://igx.4sqi.net/img/user/", "suffix": "/AENFNBWIBUWDBIPJ.jpg"}, "homeCity": "Singapore", "lists": {"groups": [{"items": [], "count": 2, "type": "created"}]}}, {"tips": {"count": 2}, "contact": {"facebook": "100000621036544"}, "firstName": "Farid MjM", "gender": "male", "lastName": "Profit4you", "id": "8338153", "bio": "", "photo": {"prefix": "https://igx.4sqi.net/img/user/", "suffix": "/8338153-EKDDN0T5DRTXCRBR.jpg"}, "homeCity": "Singapore", "lists": {"groups": [{"items": [], "count": 2, "type": "created"}]}}, {"tips": {"count": 0}, "contact": {"facebook": "785273825"}, "firstName": "Julia", "gender": "female", "lastName": "Kuah", "id": "24703092", "bio": "", "photo": {"prefix": "https://igx.4sqi.net/img/user/", "suffix": "/XOZSOJT05PFWEAZ1.jpg"}, "homeCity": "New York, NY", "lists": {"groups": [{"items": [], "count": 2, "type": "created"}]}}, {"tips": {"count": 0}, "contact": {"facebook": "100000244385813"}, "firstName": "Erykah", "gender": "female", "lastName": "Titania", "id": "11574323", "bio": "", "photo": {"prefix": "https://igx.4sqi.net/img/user/", "suffix": "/2WU2YZKYTVTWCTT2.jpg"}, "homeCity": "NY", "lists": {"groups": [{"items": [], "count": 2, "type": "created"}]}}, {"tips": {"count": 0}, "contact": {"facebook": "750039964"}, "firstName": "Sarifah", "gender": "female", "lastName": "Md Safi'ee", "id": "4884667", "bio": "", "photo": {"prefix": "https://igx.4sqi.net/img/user/", "suffix": "/blank_girl.png", "default": true}, "homeCity": "Singapore", "lists": {"groups": [{"items": [], "count": 2, "type": "created"}]}}, {"tips": {"count": 0}, "contact": {"twitter": "congnghegiay"}, "firstName": "Zeus", "gender": "male", "lastName": "N", "id": "14321828", "bio": "http://sunday.b1u.org\r\nhttp://youtube.com/sundaychessTV\r\nhttp://facebook.com/sundaychess", "photo": {"prefix": "https://igx.4sqi.net/img/user/", "suffix": "/14321828-ZYRE3U4B150AUG4Y"}, "homeCity": "Singapore", "lists": {"groups": [{"items": [], "count": 10, "type": "created"}]}}, {"tips": {"count": 0}, "contact": {}, "firstName": "Henry", "gender": "none", "lastName": "Choo", "id": "4388418", "bio": "", "photo": {"prefix": "https://igx.4sqi.net/img/user/", "suffix": "/ZOBHPPVNRFIWWLY3.jpg"}, "homeCity": "\u5927\u5802, \u6fb3\u9580", "lists": {"groups": [{"items": [], "count": 2, "type": "created"}]}}, {"tips": {"count": 0}, "contact": {}, "firstName": "Yatie", "gender": "female", "lastName": "Gorgeouz", "id": "9273815", "bio": "", "photo": {"prefix": "https://igx.4sqi.net/img/user/", "suffix": "/RYS2CPMB4HN1QMBL.jpg"}, "homeCity": "Singapore", "lists": {"groups": [{"items": [], "count": 2, "type": "created"}]}}, {"tips": {"count": 0}, "contact": {"facebook": "592214557"}, "firstName": "Siti", "gender": "female", "lastName": "Hirda", "id": "11472135", "bio": "", "photo": {"prefix": "https://igx.4sqi.net/img/user/", "suffix": "/ZMZFKPC3RLT1ZMVP.jpg"}, "homeCity": "Singapore", "lists": {"groups": [{"items": [], "count": 2, "type": "created"}]}}, {"tips": {"count": 0}, "contact": {"facebook": "625881865"}, "firstName": "Radyatunisah", "gender": "female", "lastName": "A Rahman", "id": "5501542", "bio": "", "photo": {"prefix": "https://igx.4sqi.net/img/user/", "suffix": "/blank_girl.png", "default": true}, "homeCity": "Singapore", "lists": {"groups": [{"items": [], "count": 2, "type": "created"}]}}, {"tips": {"count": 2}, "contact": {}, "firstName": "Faridah", "gender": "female", "lastName": "A", "id": "3651020", "bio": "", "photo": {"prefix": "https://igx.4sqi.net/img/user/", "suffix": "/3QIR0CNFH15SBJQR.jpg"}, "homeCity": "Singapore", "lists": {"groups": [{"items": [], "count": 2, "type": "created"}]}}, {"tips": {"count": 1}, "contact": {"facebook": "100000620112008"}, "firstName": "Shamsuri", "gender": "male", "lastName": "\u0634\u0645\u0633\u0648\u0631\u064a", "id": "4022712", "bio": "", "photo": {"prefix": "https://igx.4sqi.net/img/user/", "suffix": "/OIQ5GBEDXAAVZAML.jpg"}, "homeCity": "Singapore", "lists": {"groups": [{"items": [], "count": 2, "type": "created"}]}}, {"tips": {"count": 3}, "contact": {"twitter": "moollyadee", "facebook": "657139957"}, "firstName": "Mulyadi", "gender": "male", "lastName": "Rahmat", "id": "2565830", "bio": "", "photo": {"prefix": "https://igx.4sqi.net/img/user/", "suffix": "/2565830-PEPOY51300FCA0OD.jpg"}, "homeCity": "Singapore", "lists": {"groups": [{"items": [], "count": 2, "type": "created"}]}}, {"tips": {"count": 1}, "contact": {}, "firstName": "Mohamednoor", "gender": "male", "lastName": "Nooradel", "id": "5041246", "bio": "", "photo": {"prefix": "https://igx.4sqi.net/img/user/", "suffix": "/ILERY3UV2KP4L5QS.jpg"}, "homeCity": "New York, NY", "lists": {"groups": [{"items": [], "count": 2, "type": "created"}]}}, {"tips": {"count": 7}, "contact": {"facebook": "612982498"}, "firstName": "Johnson", "gender": "male", "id": "3336685", "bio": "", "photo": {"prefix": "https://igx.4sqi.net/img/user/", "suffix": "/GWH2Z2ZAOPYYC5HL.jpg"}, "homeCity": "Singapore", "lists": {"groups": [{"items": [], "count": 2, "type": "created"}]}}, {"tips": {"count": 0}, "contact": {"facebook": "1279310097"}, "firstName": "muzzimran", "gender": "none", "lastName": "3dz", "id": "3546591", "bio": "", "photo": {"prefix": "https://igx.4sqi.net/img/user/", "suffix": "/HWF25DWVTGJNJ2HS.jpg"}, "homeCity": "Singapore", "lists": {"groups": [{"items": [], "count": 2, "type": "created"}]}}, {"tips": {"count": 8}, "contact": {"twitter": "marcusradley", "facebook": "579733805"}, "firstName": "Marcus Radley", "gender": "male", "lastName": "Chng", "id": "1754583", "bio": "", "photo": {"prefix": "https://igx.4sqi.net/img/user/", "suffix": "/-IVDMKKCJEGDEUZRS.jpg"}, "homeCity": "Singapore", "lists": {"groups": [{"items": [], "count": 2, "type": "created"}]}}, {"tips": {"count": 8}, "contact": {"facebook": "1844125433"}, "firstName": "Poppy", "gender": "female", "lastName": "Love", "id": "1882924", "bio": "", "photo": {"prefix": "https://igx.4sqi.net/img/user/", "suffix": "/TDCQBMDJUEAVGOSN.jpg"}, "homeCity": "Singapore", "lists": {"groups": [{"items": [], "count": 2, "type": "created"}]}}, {"tips": {"count": 8}, "contact": {"facebook": "748096210"}, "firstName": "Chan", "gender": "female", "lastName": "Samantha", "id": "3437379", "bio": "", "photo": {"prefix": "https://igx.4sqi.net/img/user/", "suffix": "/EGA0BOZL42IGNRRT.jpg"}, "homeCity": "Singapore", "lists": {"groups": [{"items": [], "count": 2, "type": "created"}]}}, {"tips": {"count": 0}, "contact": {"twitter": "tromba", "facebook": "561790783"}, "firstName": "Freddy", "gender": "male", "lastName": "Wong", "id": "5196986", "bio": "", "photo": {"prefix": "https://igx.4sqi.net/img/user/", "suffix": "/blank_boy.png", "default": true}, "homeCity": "Singapore", "lists": {"groups": [{"items": [], "count": 2, "type": "created"}]}}, {"tips": {"count": 0}, "contact": {"facebook": "100002142433177"}, "firstName": "Danish", "gender": "male", "lastName": "Zia", "id": "22146565", "bio": "", "photo": {"prefix": "https://igx.4sqi.net/img/user/", "suffix": "/YHQYTO5UV3UUZJBZ.jpg"}, "homeCity": "New York, NY", "lists": {"groups": [{"items": [], "count": 2, "type": "created"}]}}, {"tips": {"count": 0}, "contact": {}, "firstName": "Irniza", "gender": "female", "lastName": "Zainal", "id": "4864245", "bio": "", "photo": {"prefix": "https://igx.4sqi.net/img/user/", "suffix": "/blank_girl.png", "default": true}, "homeCity": "Singapore", "lists": {"groups": [{"items": [], "count": 2, "type": "created"}]}}, {"tips": {"count": 19}, "contact": {"facebook": "10153217812587225"}, "firstName": "Renee", "gender": "none", "lastName": "Goh", "id": "9911798", "bio": "", "photo": {"prefix": "https://igx.4sqi.net/img/user/", "suffix": "/PYYOTBN5FZK40QMI.jpg"}, "homeCity": "\u5317\u4eac\u5e02, \u4e2d\u56fd", "lists": {"groups": [{"items": [], "count": 2, "type": "created"}]}}, {"tips": {"count": 7}, "contact": {"twitter": "christopherchaw", "facebook": "10153225468281698"}, "firstName": "Christopher", "gender": "male", "lastName": "Chaw", "id": "5690710", "bio": "I am an aspiring entrepreneur and internet marketer and christian saved by grace who loves God.", "photo": {"prefix": "https://igx.4sqi.net/img/user/", "suffix": "/5690710-ESJI2TLAJSL53T04.jpg"}, "homeCity": "Singapore", "lists": {"groups": [{"items": [], "count": 2, "type": "created"}]}}, {"tips": {"count": 0}, "contact": {"facebook": "816877592"}, "firstName": "Rustam", "gender": "male", "lastName": "Effendy", "id": "3958086", "bio": "", "photo": {"prefix": "https://igx.4sqi.net/img/user/", "suffix": "/WA4005QXH4SOZOMN.jpg"}, "homeCity": "Shah Alam, Malaysia", "lists": {"groups": [{"items": [], "count": 2, "type": "created"}]}}, {"tips": {"count": 33}, "contact": {}, "firstName": "Azhar", "gender": "male", "lastName": "Ismon", "id": "4022788", "bio": "", "photo": {"prefix": "https://igx.4sqi.net/img/user/", "suffix": "/5I3WQEJDBTAE33UP.jpg"}, "homeCity": "Singapore", "lists": {"groups": [{"items": [], "count": 2, "type": "created"}]}}, {"tips": {"count": 2}, "contact": {"twitter": "m3rni3", "facebook": "637389160"}, "firstName": "m3rni3", "gender": "female", "lastName": ".", "id": "2912541", "bio": "", "photo": {"prefix": "https://igx.4sqi.net/img/user/", "suffix": "/WUEGY2MGER2XVV4C.jpg"}, "homeCity": "Singapore", "lists": {"groups": [{"items": [], "count": 2, "type": "created"}]}}, {"tips": {"count": 0}, "contact": {}, "firstName": "Shala", "gender": "male", "id": "6596302", "bio": "", "photo": {"prefix": "https://igx.4sqi.net/img/user/", "suffix": "/VHCA3CGKZKLYVBHI.jpg"}, "homeCity": "Singapore", "lists": {"groups": [{"items": [], "count": 2, "type": "created"}]}}, {"tips": {"count": 0}, "contact": {}, "firstName": "Zarina", "gender": "female", "lastName": "Yahya", "id": "3788634", "bio": "", "photo": {"prefix": "https://igx.4sqi.net/img/user/", "suffix": "/ZGUPYRFEA3PX2ZX2.jpg"}, "homeCity": "Singapore", "lists": {"groups": [{"items": [], "count": 2, "type": "created"}]}}, {"tips": {"count": 0}, "contact": {"facebook": "665954200"}, "firstName": "Firda", "gender": "female", "id": "4148868", "bio": "", "photo": {"prefix": "https://igx.4sqi.net/img/user/", "suffix": "/YOB2SBZCAZCXS2CI.jpg"}, "homeCity": "Singapore", "lists": {"groups": [{"items": [], "count": 2, "type": "created"}]}}, {"tips": {"count": 0}, "contact": {"facebook": "691525785"}, "firstName": "Hasri", "gender": "male", "lastName": "Hansen", "id": "4210593", "bio": "", "photo": {"prefix": "https://igx.4sqi.net/img/user/", "suffix": "/MVV3UWHOS0J4TB4B.jpg"}, "homeCity": "Singapore", "lists": {"groups": [{"items": [], "count": 2, "type": "created"}]}}, {"tips": {"count": 1}, "contact": {"facebook": "607089447"}, "firstName": "Eddei", "gender": "male", "lastName": "Rahmat", "id": "2040745", "bio": "", "photo": {"prefix": "https://igx.4sqi.net/img/user/", "suffix": "/5XJ51YLZBWBFM0IN.jpg"}, "homeCity": "Singapore", "lists": {"groups": [{"items": [], "count": 2, "type": "created"}]}}, {"tips": {"count": 1}, "contact": {"facebook": "826977998"}, "firstName": "Chervene", "gender": "female", "lastName": "Sabrina", "id": "3697826", "bio": "", "photo": {"prefix": "https://igx.4sqi.net/img/user/", "suffix": "/BDPFUEEI4OGFULWD.jpg"}, "homeCity": "Singapore", "lists": {"groups": [{"items": [], "count": 2, "type": "created"}]}}, {"tips": {"count": 0}, "contact": {"twitter": "master_dee11", "facebook": "1246496877"}, "firstName": "Rafiuddin", "gender": "male", "lastName": "Mislan", "id": "6184071", "bio": "", "photo": {"prefix": "https://igx.4sqi.net/img/user/", "suffix": "/EQFGARLQ2PAVDAIX.jpg"}, "homeCity": "Singapore", "lists": {"groups": [{"items": [], "count": 2, "type": "created"}]}}, {"tips": {"count": 3}, "contact": {"facebook": "1498440113"}, "firstName": "Stirah", "gender": "female", "lastName": "Sweetylicious", "id": "6567385", "bio": "", "photo": {"prefix": "https://igx.4sqi.net/img/user/", "suffix": "/H0DY2PMVCZ0RMA3M.jpg"}, "homeCity": "Singapore", "lists": {"groups": [{"items": [], "count": 2, "type": "created"}]}}, {"tips": {"count": 0}, "contact": {}, "firstName": "Eiyra", "gender": "female", "lastName": "Aryie", "id": "5726605", "bio": "", "photo": {"prefix": "https://igx.4sqi.net/img/user/", "suffix": "/3JIELIFOFQPHEUPW.jpg"}, "homeCity": "Singapore", "lists": {"groups": [{"items": [], "count": 2, "type": "created"}]}}, {"tips": {"count": 9}, "contact": {"twitter": "andy_goh63", "facebook": "543213951"}, "firstName": "\uc564\ub514 Goh", "gender": "male", "lastName": "\u54e5", "id": "4533127", "bio": "", "photo": {"prefix": "https://igx.4sqi.net/img/user/", "suffix": "/HIBPRQ4KE42TME0Q.jpg"}, "homeCity": "Singapore", "lists": {"groups": [{"items": [], "count": 2, "type": "created"}]}}, {"tips": {"count": 0}, "contact": {"facebook": "1551858805"}, "firstName": "Sahri", "gender": "male", "lastName": "Smadi", "id": "5179903", "bio": "", "photo": {"prefix": "https://igx.4sqi.net/img/user/", "suffix": "/SDJ0EKMGKFVN4W0U.jpg"}, "homeCity": "Singapore", "lists": {"groups": [{"items": [], "count": 2, "type": "created"}]}}, {"tips": {"count": 198}, "contact": {}, "firstName": "\ue10e Constantine \ue11c\u2122", "gender": "none", "id": "2914234", "bio": "", "photo": {"prefix": "https://igx.4sqi.net/img/user/", "suffix": "/GZR4FTUBFDZWUTPX.jpg"}, "homeCity": "Singapore", "lists": {"groups": [{"items": [], "count": 2, "type": "created"}]}}, {"tips": {"count": 216}, "contact": {"facebook": "503063002"}, "firstName": "Absolute", "gender": "male", "lastName": "Puppy", "id": "5106812", "bio": "", "photo": {"prefix": "https://igx.4sqi.net/img/user/", "suffix": "/5106812-PWHD44WOOXJ5SSHK.jpg"}, "homeCity": "Helsinki, Finland", "lists": {"groups": [{"items": [], "count": 27, "type": "created"}]}}, {"tips": {"count": 0}, "contact": {}, "firstName": "Ahmad", "gender": "male", "lastName": "Sujaie", "id": "4402499", "bio": "", "photo": {"prefix": "https://igx.4sqi.net/img/user/", "suffix": "/blank_boy.png", "default": true}, "homeCity": "Singapore", "lists": {"groups": [{"items": [], "count": 2, "type": "created"}]}}, {"tips": {"count": 0}, "contact": {"facebook": "514732541"}, "firstName": "Jasmin", "gender": "male", "lastName": "Rohani", "id": "2221931", "bio": "", "photo": {"prefix": "https://igx.4sqi.net/img/user/", "suffix": "/RYOMBZHAEHBJ5C4L.jpg"}, "homeCity": "Bukit Merah, Singapore", "lists": {"groups": [{"items": [], "count": 2, "type": "created"}]}}, {"tips": {"count": 0}, "contact": {"facebook": "523653025"}, "firstName": "Hazlynda", "gender": "female", "lastName": "Abdul Latiff", "id": "4493567", "bio": "", "photo": {"prefix": "https://igx.4sqi.net/img/user/", "suffix": "/FHJKHSUVAOGCODME.jpg"}, "homeCity": "Singapore", "lists": {"groups": [{"items": [], "count": 2, "type": "created"}]}}, {"tips": {"count": 6}, "contact": {"facebook": "1466045352"}, "firstName": "Chris", "gender": "male", "lastName": "Wenck", "id": "10318369", "bio": "MD at Thebestof Gold Coast, love music, surfing, the beach, family and the mighty Saint Kilda Football Club", "photo": {"prefix": "https://igx.4sqi.net/img/user/", "suffix": "/YJLKMEDYNC2ZBIM3.jpg"}, "homeCity": "Gold Coast, Australia", "lists": {"groups": [{"items": [], "count": 2, "type": "created"}]}}, {"tips": {"count": 0}, "contact": {"facebook": "1308205914"}, "firstName": "Capt. Kenneth Marthen", "gender": "male", "lastName": "Panie, S.Sos., M.Mar., MNI, DPO", "id": "18175290", "bio": "", "photo": {"prefix": "https://igx.4sqi.net/img/user/", "suffix": "/S1P1XPNX01ZMA2JR.jpg"}, "homeCity": "\u5b81\u6ce2\u5e02, \u4e2d\u56fd", "lists": {"groups": [{"items": [], "count": 2, "type": "created"}]}}, {"tips": {"count": 0}, "contact": {"facebook": "620044784"}, "firstName": "Naim", "gender": "male", "lastName": "Sudirman", "id": "5736853", "bio": "", "photo": {"prefix": "https://igx.4sqi.net/img/user/", "suffix": "/blank_boy.png", "default": true}, "homeCity": "Singapore", "lists": {"groups": [{"items": [], "count": 2, "type": "created"}]}}, {"tips": {"count": 0}, "contact": {}, "firstName": "khairulazmas", "gender": "male", "id": "5052279", "bio": "", "photo": {"prefix": "https://igx.4sqi.net/img/user/", "suffix": "/5052279-O2SLK0TV1XE1R500"}, "homeCity": "Singapore", "lists": {"groups": [{"items": [], "count": 2, "type": "created"}]}}, {"tips": {"count": 0}, "contact": {}, "firstName": "Mikha Afiq", "gender": "female", "id": "5179916", "bio": "", "photo": {"prefix": "https://igx.4sqi.net/img/user/", "suffix": "/KSOWKCEF0ZSXRMT5.jpg"}, "homeCity": "Singapore", "lists": {"groups": [{"items": [], "count": 2, "type": "created"}]}}, {"tips": {"count": 0}, "contact": {}, "firstName": "Leena", "gender": "female", "lastName": "Arellano", "id": "3747497", "bio": "", "photo": {"prefix": "https://igx.4sqi.net/img/user/", "suffix": "/RRKZWTZVTJWM3QMG.jpg"}, "homeCity": "Singapore", "lists": {"groups": [{"items": [], "count": 2, "type": "created"}]}}, {"tips": {"count": 0}, "contact": {}, "firstName": "Sexy", "gender": "female", "lastName": "Lady", "id": "4859737", "bio": "", "photo": {"prefix": "https://igx.4sqi.net/img/user/", "suffix": "/VXX0WX1KZE3CIA3S.jpg"}, "homeCity": "Singapore", "lists": {"groups": [{"items": [], "count": 2, "type": "created"}]}}, {"tips": {"count": 0}, "contact": {"twitter": "suryakenchana", "facebook": "227700570"}, "firstName": "Suryakenchana", "gender": "male", "lastName": "Omar", "id": "2474367", "bio": "", "photo": {"prefix": "https://igx.4sqi.net/img/user/", "suffix": "/QKQEXO0DPFQV1T30.jpg"}, "homeCity": "Singapore", "lists": {"groups": [{"items": [], "count": 2, "type": "created"}]}}, {"tips": {"count": 1}, "contact": {"facebook": "765849247"}, "firstName": "Oya", "gender": "female", "lastName": "Oyea", "id": "4614857", "bio": "", "photo": {"prefix": "https://igx.4sqi.net/img/user/", "suffix": "/SBA0J2PIGZ5ZRLWP.jpg"}, "homeCity": "Singapore", "lists": {"groups": [{"items": [], "count": 2, "type": "created"}]}}, {"tips": {"count": 0}, "contact": {}, "firstName": "samiqin", "gender": "male", "lastName": "nuradin", "id": "5834256", "bio": "", "photo": {"prefix": "https://igx.4sqi.net/img/user/", "suffix": "/XPUF523H0OYNVXYX.jpg"}, "homeCity": "Singapore", "lists": {"groups": [{"items": [], "count": 2, "type": "created"}]}}, {"tips": {"count": 2}, "contact": {"twitter": "natalie_natida", "facebook": "100002300453482"}, "firstName": "Nat", "gender": "female", "lastName": "Ida", "id": "5113645", "bio": "", "photo": {"prefix": "https://igx.4sqi.net/img/user/", "suffix": "/2DAX0ODBDGFPIHJM.jpg"}, "homeCity": "Singapore", "lists": {"groups": [{"items": [], "count": 2, "type": "created"}]}}, {"tips": {"count": 0}, "contact": {"facebook": "607423542"}, "firstName": "Norizah", "gender": "female", "lastName": "Atan", "id": "3752606", "bio": "", "photo": {"prefix": "https://igx.4sqi.net/img/user/", "suffix": "/BGUTAVISJHXBWUBJ.jpg"}, "homeCity": "Singapore", "lists": {"groups": [{"items": [], "count": 2, "type": "created"}]}}, {"tips": {"count": 0}, "contact": {}, "firstName": "Tuty Kesuma", "gender": "female", "lastName": "Kassuan", "id": "9060542", "bio": "", "photo": {"prefix": "https://igx.4sqi.net/img/user/", "suffix": "/MO4WPQFVX3SDFV1S.jpg"}, "homeCity": "Singapore", "lists": {"groups": [{"items": [], "count": 2, "type": "created"}]}}, {"tips": {"count": 2}, "contact": {"facebook": "506467257"}, "firstName": "Wee", "gender": "male", "lastName": "Benedict Gerald", "id": "2977487", "bio": "", "photo": {"prefix": "https://igx.4sqi.net/img/user/", "suffix": "/4P0OWZUH5KCQC4IT.jpg"}, "homeCity": "Singapore", "lists": {"groups": [{"items": [], "count": 2, "type": "created"}]}}, {"tips": {"count": 0}, "contact": {"facebook": "100001386124244"}, "firstName": "Siti Aisyah Firda", "gender": "female", "lastName": "Mohd Zaini", "id": "4750896", "bio": "", "photo": {"prefix": "https://igx.4sqi.net/img/user/", "suffix": "/EA05VLAZJLW51NUE.jpg"}, "homeCity": "Singapore", "lists": {"groups": [{"items": [], "count": 2, "type": "created"}]}}, {"tips": {"count": 0}, "contact": {"facebook": "1448084232"}, "firstName": "Muhammad Hazwan", "gender": "male", "lastName": "Miswan", "id": "5970929", "bio": "", "photo": {"prefix": "https://igx.4sqi.net/img/user/", "suffix": "/VWB5DPVPZPYPC2Z3.jpg"}, "homeCity": "Singapore", "lists": {"groups": [{"items": [], "count": 2, "type": "created"}]}}, {"tips": {"count": 0}, "contact": {}, "firstName": "Mok", "gender": "female", "lastName": "Norfizrah", "id": "5317582", "bio": "", "photo": {"prefix": "https://igx.4sqi.net/img/user/", "suffix": "/O1CFWVTA3JTUMOMP.jpg"}, "homeCity": "Singapore", "lists": {"groups": [{"items": [], "count": 2, "type": "created"}]}}, {"tips": {"count": 0}, "contact": {}, "firstName": "Hana", "gender": "female", "lastName": "Hafiz", "id": "3901582", "bio": "", "photo": {"prefix": "https://igx.4sqi.net/img/user/", "suffix": "/BM4Q3WFU51U1NVUU.jpg"}, "homeCity": "Singapore", "lists": {"groups": [{"items": [], "count": 2, "type": "created"}]}}, {"tips": {"count": 2}, "contact": {"facebook": "595858571"}, "firstName": "Candy", "gender": "female", "lastName": "Poon", "id": "3002213", "bio": "", "photo": {"prefix": "https://igx.4sqi.net/img/user/", "suffix": "/15UPOGI4FRUDIJ43.jpg"}, "homeCity": "Singapore", "lists": {"groups": [{"items": [], "count": 2, "type": "created"}]}}, {"tips": {"count": 1}, "contact": {"facebook": "732422724"}, "firstName": "Raihana", "gender": "female", "lastName": "Md Diyah", "id": "5220460", "bio": "", "photo": {"prefix": "https://igx.4sqi.net/img/user/", "suffix": "/blank_girl.png", "default": true}, "homeCity": "Singapore", "lists": {"groups": [{"items": [], "count": 2, "type": "created"}]}}, {"tips": {"count": 0}, "contact": {"facebook": "1075862453"}, "firstName": "adin", "gender": "female", "lastName": "latif", "id": "6026693", "bio": "", "photo": {"prefix": "https://igx.4sqi.net/img/user/", "suffix": "/DN111IQHIUV0YV3Z.jpg"}, "homeCity": "Singapore", "lists": {"groups": [{"items": [], "count": 2, "type": "created"}]}}, {"tips": {"count": 0}, "contact": {"twitter": "ezza0410", "facebook": "548328251"}, "firstName": "Ezza", "gender": "female", "lastName": "Musalla", "id": "8965625", "bio": "", "photo": {"prefix": "https://igx.4sqi.net/img/user/", "suffix": "/XB2K3ABMVNJC5BV2.jpg"}, "homeCity": "Singapore", "lists": {"groups": [{"items": [], "count": 2, "type": "created"}]}}, {"tips": {"count": 0}, "contact": {}, "firstName": "Prince", "gender": "male", "lastName": "Lord", "id": "3914712", "bio": "", "photo": {"prefix": "https://igx.4sqi.net/img/user/", "suffix": "/2HIR04ZFQ4UGKA1Y.jpg"}, "homeCity": "Bronx, NY", "lists": {"groups": [{"items": [], "count": 2, "type": "created"}]}}, {"tips": {"count": 1}, "contact": {}, "firstName": "Oya", "gender": "female", "lastName": "Oyea", "id": "3186430", "bio": "", "photo": {"prefix": "https://igx.4sqi.net/img/user/", "suffix": "/QM0TMHV4W032LQL4.jpg"}, "homeCity": "Singapore", "lists": {"groups": [{"items": [], "count": 2, "type": "created"}]}}, {"tips": {"count": 4}, "contact": {}, "firstName": "Izhar", "gender": "male", "lastName": "46", "id": "6095259", "bio": "", "photo": {"prefix": "https://igx.4sqi.net/img/user/", "suffix": "/AMDKETC4F10E3PGN.jpg"}, "homeCity": "Singapore", "lists": {"groups": [{"items": [], "count": 3, "type": "created"}]}}, {"tips": {"count": 1}, "contact": {}, "firstName": "Hadri", "gender": "male", "lastName": "Mubarak", "id": "7735985", "bio": "", "photo": {"prefix": "https://igx.4sqi.net/img/user/", "suffix": "/IXPOHEPLUV0YZI4T.jpg"}, "homeCity": "Singapore", "lists": {"groups": [{"items": [], "count": 2, "type": "created"}]}}, {"tips": {"count": 0}, "contact": {"facebook": "549429847"}, "firstName": "Nurul", "gender": "female", "lastName": "Selamat", "id": "10416046", "bio": "", "photo": {"prefix": "https://igx.4sqi.net/img/user/", "suffix": "/NUN0YUTYH4T2XJFG.jpg"}, "homeCity": "Singapore", "lists": {"groups": [{"items": [], "count": 2, "type": "created"}]}}, {"tips": {"count": 0}, "contact": {"twitter": "fatkikkeh", "facebook": "582243815"}, "firstName": "Hong", "gender": "female", "lastName": "Yingwei", "id": "3922180", "bio": "", "photo": {"prefix": "https://igx.4sqi.net/img/user/", "suffix": "/P2ZYXUZ5JBCVPT0F.jpg"}, "homeCity": "Singapore", "lists": {"groups": [{"items": [], "count": 2, "type": "created"}]}}, {"tips": {"count": 1}, "contact": {"facebook": "621993897"}, "firstName": "Mohamad Iskandar", "gender": "male", "lastName": "Bin Maksod", "id": "3373317", "bio": "", "photo": {"prefix": "https://igx.4sqi.net/img/user/", "suffix": "/Y2LUDC13XHEQPGB4.jpg"}, "homeCity": "Singapore", "lists": {"groups": [{"items": [], "count": 2, "type": "created"}]}}, {"tips": {"count": 0}, "contact": {"facebook": "1046603703"}, "firstName": "Dzu", "gender": "female", "lastName": "Litha", "id": "13693976", "bio": "", "photo": {"prefix": "https://igx.4sqi.net/img/user/", "suffix": "/E0Q14RZPIZ2G5PMR.jpg"}, "homeCity": "NY", "lists": {"groups": [{"items": [], "count": 2, "type": "created"}]}}, {"tips": {"count": 1}, "contact": {"facebook": "594078589"}, "firstName": "EL", "gender": "male", "lastName": "Lee", "id": "11997933", "bio": "", "photo": {"prefix": "https://igx.4sqi.net/img/user/", "suffix": "/BBQLGDQCKB0BH3YN.jpg"}, "homeCity": "Petaling Jaya, Malaysia", "lists": {"groups": [{"items": [], "count": 2, "type": "created"}]}}, {"tips": {"count": 0}, "contact": {"facebook": "1560902376"}, "firstName": "Hizan", "gender": "female", "lastName": "Muhd", "id": "4511220", "bio": "", "photo": {"prefix": "https://igx.4sqi.net/img/user/", "suffix": "/DZMXWVIY2REA0PCT.jpg"}, "homeCity": "Singapore", "lists": {"groups": [{"items": [], "count": 2, "type": "created"}]}}, {"tips": {"count": 0}, "contact": {"facebook": "1151104005"}, "firstName": "Zaidah", "gender": "female", "lastName": "Ahmad", "id": "3411209", "bio": "", "photo": {"prefix": "https://igx.4sqi.net/img/user/", "suffix": "/B4SP4SVUA1UZNG4P.jpg"}, "homeCity": "Singapore", "lists": {"groups": [{"items": [], "count": 2, "type": "created"}]}}, {"tips": {"count": 2}, "contact": {}, "firstName": "SiewYee", "gender": "female", "lastName": "Choo", "id": "13693994", "bio": "", "photo": {"prefix": "https://igx.4sqi.net/img/user/", "suffix": "/P0UAEMJDWOOUHYN2.jpg"}, "homeCity": "Singapore", "lists": {"groups": [{"items": [], "count": 2, "type": "created"}]}}, {"tips": {"count": 0}, "contact": {}, "firstName": "Herman", "gender": "male", "lastName": "Hidayatullah", "id": "4516462", "bio": "", "photo": {"prefix": "https://igx.4sqi.net/img/user/", "suffix": "/blank_boy.png", "default": true}, "homeCity": "Bintulu, Malaysia", "lists": {"groups": [{"items": [], "count": 2, "type": "created"}]}}, {"tips": {"count": 0}, "contact": {}, "firstName": "Rustam", "gender": "male", "lastName": "Effendy", "id": "3617773", "bio": "", "photo": {"prefix": "https://igx.4sqi.net/img/user/", "suffix": "/I4YN10V2E3VRNQLY.jpg"}, "homeCity": "Shah Alam", "lists": {"groups": [{"items": [], "count": 2, "type": "created"}]}}, {"tips": {"count": 0}, "contact": {"facebook": "649933615"}, "firstName": "Afidah", "gender": "female", "lastName": "Affandi", "id": "5090193", "bio": "", "photo": {"prefix": "https://igx.4sqi.net/img/user/", "suffix": "/WFXGWUBWR4N3BLEC.jpg"}, "homeCity": "New York, NY", "lists": {"groups": [{"items": [], "count": 2, "type": "created"}]}}, {"tips": {"count": 0}, "contact": {}, "firstName": "Nur", "gender": "female", "id": "3683568", "bio": "", "photo": {"prefix": "https://igx.4sqi.net/img/user/", "suffix": "/TFVOYKL1EQNG31UL.jpg"}, "homeCity": "Singapore", "lists": {"groups": [{"items": [], "count": 2, "type": "created"}]}}, {"tips": {"count": 0}, "contact": {"facebook": "100000358621447"}, "firstName": "Hashim", "gender": "male", "lastName": "Jaafar", "id": "5863799", "bio": "", "photo": {"prefix": "https://igx.4sqi.net/img/user/", "suffix": "/YE3EFRPC3BM3M4EJ.jpg"}, "homeCity": "Singapore", "lists": {"groups": [{"items": [], "count": 2, "type": "created"}]}}, {"tips": {"count": 5}, "contact": {"twitter": "alphieya", "facebook": "740184073"}, "firstName": "Alphia", "gender": "female", "lastName": "AllyAnn", "id": "3818082", "bio": "", "photo": {"prefix": "https://igx.4sqi.net/img/user/", "suffix": "/MQVVRCSA2U0XJHC1.jpg"}, "homeCity": "Singapore", "lists": {"groups": [{"items": [], "count": 4, "type": "created"}]}}, {"tips": {"count": 1}, "contact": {"facebook": "100000239418523"}, "firstName": "Siti Kesuma", "gender": "female", "lastName": "Kassuan", "id": "3828191", "bio": "", "photo": {"prefix": "https://igx.4sqi.net/img/user/", "suffix": "/QUGCSSSRCBLNGUAE.jpg"}, "homeCity": "Woodlands, NH", "lists": {"groups": [{"items": [], "count": 2, "type": "created"}]}}, {"tips": {"count": 1}, "contact": {}, "firstName": "fAiLuRe", "gender": "male", "id": "3974775", "bio": "", "photo": {"prefix": "https://igx.4sqi.net/img/user/", "suffix": "/5FW1LU2LP3VQ3YU0.jpg"}, "homeCity": "Singapore", "lists": {"groups": [{"items": [], "count": 2, "type": "created"}]}}, {"tips": {"count": 0}, "contact": {"facebook": "617827900"}, "firstName": "Fir", "gender": "male", "lastName": "Fiasco", "id": "3984527", "bio": "", "photo": {"prefix": "https://igx.4sqi.net/img/user/", "suffix": "/E4QIBKAGMAIWSFXT.jpg"}, "homeCity": "Singapore", "lists": {"groups": [{"items": [], "count": 2, "type": "created"}]}}, {"tips": {"count": 5}, "contact": {"facebook": "527216769"}, "firstName": "Howard", "gender": "male", "lastName": "Toh", "id": "3999890", "bio": "", "photo": {"prefix": "https://igx.4sqi.net/img/user/", "suffix": "/BPUOEZVR4JPEJNRT.jpg"}, "homeCity": "Singapore", "lists": {"groups": [{"items": [], "count": 2, "type": "created"}]}}, {"tips": {"count": 0}, "contact": {}, "firstName": "Ivan", "gender": "male", "lastName": "Ho", "id": "4077366", "bio": "", "photo": {"prefix": "https://igx.4sqi.net/img/user/", "suffix": "/AU2152QOXJMJEHBV.jpg"}, "homeCity": "Singapore", "lists": {"groups": [{"items": [], "count": 2, "type": "created"}]}}, {"tips": {"count": 13}, "contact": {"twitter": "na5hie", "facebook": "733611402"}, "firstName": "Nashie", "gender": "male", "lastName": "D Nash", "id": "4164577", "bio": "", "photo": {"prefix": "https://igx.4sqi.net/img/user/", "suffix": "/YLLT2Q5ECS2VY0KG.jpg"}, "homeCity": "Amsterdam, Nederland", "lists": {"groups": [{"items": [], "count": 2, "type": "created"}]}}, {"tips": {"count": 0}, "contact": {"facebook": "1370236984"}, "firstName": "Layla", "gender": "female", "lastName": "Elena", "id": "4599687", "bio": "", "photo": {"prefix": "https://igx.4sqi.net/img/user/", "suffix": "/SV5PYGAJPZTIGF1N.jpg"}, "homeCity": "Singapore", "lists": {"groups": [{"items": [], "count": 2, "type": "created"}]}}, {"tips": {"count": 0}, "contact": {}, "firstName": "Fish", "gender": "female", "lastName": "Face", "id": "5011549", "bio": "", "photo": {"prefix": "https://igx.4sqi.net/img/user/", "suffix": "/0RNHEVEI3AI3A4JI.jpg"}, "homeCity": "Singapore", "lists": {"groups": [{"items": [], "count": 2, "type": "created"}]}}, {"tips": {"count": 1}, "contact": {"twitter": "rrraihan", "facebook": "622099334"}, "firstName": "Raihan", "gender": "female", "lastName": "Roslan", "id": "5240744", "bio": "A citizen of the world like any other. Home is behind me. The world is ahead. It is mine and I am half-way there.", "photo": {"prefix": "https://igx.4sqi.net/img/user/", "suffix": "/5240744-15HV5JFTVY4GP1FV.jpg"}, "homeCity": "Singapore", "lists": {"groups": [{"items": [], "count": 2, "type": "created"}]}}, {"tips": {"count": 0}, "contact": {"facebook": "100000593548455"}, "firstName": "Muzz", "gender": "female", "lastName": "Banding", "id": "5602094", "bio": "", "photo": {"prefix": "https://igx.4sqi.net/img/user/", "suffix": "/XWAOAJ12DMJKLXZK.jpg"}, "homeCity": "Singapore", "lists": {"groups": [{"items": [], "count": 2, "type": "created"}]}}, {"tips": {"count": 1}, "contact": {"facebook": "1305781808"}, "firstName": "Latifa De Silva", "gender": "female", "id": "5740809", "bio": "", "photo": {"prefix": "https://igx.4sqi.net/img/user/", "suffix": "/UIYLN0TFR0H0EP3Z.jpg"}, "homeCity": "Singapore", "lists": {"groups": [{"items": [], "count": 2, "type": "created"}]}}, {"tips": {"count": 4}, "contact": {"twitter": "ghazgheze", "facebook": "651787677"}, "firstName": "Muhammad", "gender": "male", "lastName": "Ghazali", "id": "5741688", "bio": "", "photo": {"prefix": "https://igx.4sqi.net/img/user/", "suffix": "/YQXHK5HXGY0RIYTP.jpg"}, "homeCity": "Singapore", "lists": {"groups": [{"items": [], "count": 2, "type": "created"}]}}, {"tips": {"count": 0}, "contact": {}, "firstName": "amir fazlina", "gender": "none", "id": "5907741", "bio": "", "photo": {"prefix": "https://igx.4sqi.net/img/user/", "suffix": "/UMLK42MJDDFC00IU.jpg"}, "homeCity": "Spore", "lists": {"groups": [{"items": [], "count": 2, "type": "created"}]}}, {"tips": {"count": 11}, "contact": {"facebook": "100002063558245"}, "firstName": "Joe", "gender": "male", "lastName": "A", "id": "5910769", "bio": "", "photo": {"prefix": "https://igx.4sqi.net/img/user/", "suffix": "/FD3AMQFE4Q1RE21R.jpg"}, "homeCity": "Singapore", "lists": {"groups": [{"items": [], "count": 2, "type": "created"}]}}, {"tips": {"count": 0}, "contact": {}, "firstName": "lothfi78", "gender": "male", "lastName": "salam", "id": "8701864", "bio": "", "photo": {"prefix": "https://igx.4sqi.net/img/user/", "suffix": "/3LDE4FZGUFQZ1CDS.jpg"}, "homeCity": "Malaysia", "lists": {"groups": [{"items": [], "count": 2, "type": "created"}]}}, {"tips": {"count": 0}, "contact": {"facebook": "100000413564364"}, "firstName": "Azran", "gender": "male", "lastName": "Chan", "id": "13537035", "bio": "", "photo": {"prefix": "https://igx.4sqi.net/img/user/", "suffix": "/CHMFLBPB1YHFC4PS.jpg"}, "homeCity": "Pulau Pinang, Malaysia", "lists": {"groups": [{"items": [], "count": 2, "type": "created"}]}}], "count": 118}, "checksum": "2491634aaea384658faeaa306f69fd5894197832"}, "meta": {"requestId": "5965cce86a6071143d80894f", "code": 200}}