{"notifications": [{"type": "notificationTray", "item": {"unreadCount": 0}}], "response": {"friends": {"items": [{"tips": {"count": 14}, "contact": {"twitter": "areshaonline", "facebook": "529071170"}, "firstName": "Aresha", "gender": "female", "id": "252299", "bio": "", "photo": {"prefix": "https://igx.4sqi.net/img/user/", "suffix": "/NGLODS0MQYNH5IDD.jpg"}, "homeCity": "London, UK", "lists": {"groups": [{"items": [], "count": 2, "type": "created"}]}}, {"tips": {"count": 7}, "contact": {"twitter": "skybe077", "facebook": "712695831"}, "firstName": "Edwin", "gender": "male", "lastName": "Tam", "id": "195103", "bio": "", "photo": {"prefix": "https://igx.4sqi.net/img/user/", "suffix": "/KO3PU1U35W3GA42K.jpg"}, "homeCity": "City, Singapore", "lists": {"groups": [{"items": [], "count": 2, "type": "created"}]}}, {"tips": {"count": 3}, "contact": {"twitter": "daphne_61", "facebook": "516610427"}, "firstName": "daph", "gender": "female", "lastName": "daph", "id": "320656", "bio": "", "photo": {"prefix": "https://igx.4sqi.net/img/user/", "suffix": "/320656-QA5SVL1ZQPOCSWW3.jpg"}, "homeCity": "Singapore", "lists": {"groups": [{"items": [], "count": 2, "type": "created"}]}}, {"tips": {"count": 74}, "contact": {"twitter": "traazil", "facebook": "675035424"}, "firstName": "Leon", "gender": "male", "lastName": "Traazil", "id": "139284", "bio": "", "photo": {"prefix": "https://igx.4sqi.net/img/user/", "suffix": "/139284-YRRPXNPPOJSWBUWJ.jpg"}, "homeCity": "Singapore", "lists": {"groups": [{"items": [], "count": 2, "type": "created"}]}}, {"tips": {"count": 4}, "contact": {"twitter": "maninder", "facebook": "581355651"}, "firstName": "Maninder", "gender": "female", "lastName": "Kaur", "id": "362922", "bio": "", "photo": {"prefix": "https://igx.4sqi.net/img/user/", "suffix": "/SJ1LMRLZKRDPFMPT.jpg"}, "homeCity": "Singapore", "lists": {"groups": [{"items": [], "count": 2, "type": "created"}]}}, {"tips": {"count": 0}, "contact": {"twitter": "9ballpool", "facebook": "676022337"}, "firstName": "Andy", "gender": "male", "lastName": "Tay", "id": "333966", "bio": "", "photo": {"prefix": "https://igx.4sqi.net/img/user/", "suffix": "/5JRJ15S1TP5A3DGH.jpg"}, "homeCity": "Singapore", "lists": {"groups": [{"items": [], "count": 2, "type": "created"}]}}], "count": 106}, "checksum": "e7f3bf01f18986ecce8d79764c6407c4963f2d8b"}, "meta": {"requestId": "5965f0bef594df3c59a0107e", "code": 200}}