{"notifications": [{"type": "notificationTray", "item": {"unreadCount": 0}}], "response": {"friends": {"items": [{"superuser": 2, "tips": {"count": 34}, "contact": {"twitter": "curious2119", "facebook": "1304010844"}, "firstName": "Tim", "gender": "male", "lastName": "Landis", "id": "109808", "bio": "", "photo": {"prefix": "https://igx.4sqi.net/img/user/", "suffix": "/DLR4RU1P5ZQDCOQ5.jpg"}, "homeCity": "Siloam Springs, AR", "lists": {"groups": [{"items": [], "count": 2, "type": "created"}]}}, {"tips": {"count": 28}, "contact": {}, "firstName": "Callum", "gender": "male", "id": "1089484", "bio": "", "photo": {"prefix": "https://igx.4sqi.net/img/user/", "suffix": "/1089484-5JLCGG22KHSSRXDK.jpg"}, "homeCity": "Jakarta Capital Region, Indonesia", "lists": {"groups": [{"items": [], "count": 5, "type": "created"}]}}, {"tips": {"count": 27}, "contact": {}, "firstName": "Mamio", "gender": "female", "id": "4312009", "bio": "Mother of 2 lovely boys", "photo": {"prefix": "https://igx.4sqi.net/img/user/", "suffix": "/QXTIUO30JBSXQNHI.jpg"}, "homeCity": "Tangerang, Banten", "lists": {"groups": [{"items": [], "count": 2, "type": "created"}]}}, {"tips": {"count": 2}, "contact": {"twitter": "honeybeesva"}, "firstName": "Bernadeta", "gender": "female", "lastName": "Cherlie", "id": "1198489", "bio": "", "photo": {"prefix": "https://igx.4sqi.net/img/user/", "suffix": "/QCQKXDAVBTS4NR2V.jpg"}, "homeCity": "Jakarta, Indonesia", "lists": {"groups": [{"items": [], "count": 2, "type": "created"}]}}, {"tips": {"count": 12}, "contact": {"twitter": "cokzack", "facebook": "733634418"}, "firstName": "coky", "gender": "male", "lastName": "zackie", "id": "1246033", "bio": "Carpe Diem Jumper", "photo": {"prefix": "https://igx.4sqi.net/img/user/", "suffix": "/4Z0YDVVLK21TCNZY.jpg"}, "homeCity": "Jakarta, Indonesia", "lists": {"groups": [{"items": [], "count": 2, "type": "created"}]}}, {"tips": {"count": 0}, "contact": {"twitter": "peniasih", "facebook": "818867365"}, "firstName": "Peni", "gender": "female", "lastName": "Rahadjeng", "id": "4246054", "bio": "", "photo": {"prefix": "https://igx.4sqi.net/img/user/", "suffix": "/G1YAC32W3TZHAXVD.jpg"}, "homeCity": "New York, NY", "lists": {"groups": [{"items": [], "count": 2, "type": "created"}]}}, {"tips": {"count": 1}, "contact": {"facebook": "1543446608"}, "firstName": "Hizry", "gender": "female", "lastName": "Stevany", "id": "1347878", "bio": "", "photo": {"prefix": "https://igx.4sqi.net/img/user/", "suffix": "/0JEWIRMPBUVAFKJB.jpg"}, "homeCity": "Depok, West Java", "lists": {"groups": [{"items": [], "count": 2, "type": "created"}]}}, {"tips": {"count": 88}, "contact": {}, "firstName": "ArdyS", "gender": "male", "id": "535751", "bio": "Love to see 4sq tidy, neat and organized.", "photo": {"prefix": "https://igx.4sqi.net/img/user/", "suffix": "/535751-0CRWM1UQWKTZ2FAM.jpg"}, "homeCity": "Jakarta, Indonesia", "lists": {"groups": [{"items": [], "count": 5, "type": "created"}]}}, {"tips": {"count": 5}, "contact": {"twitter": "sellyfitria"}, "firstName": "Selly", "gender": "female", "lastName": "Fitria", "id": "1429385", "bio": "", "photo": {"prefix": "https://igx.4sqi.net/img/user/", "suffix": "/M5VSBPDWFQY4KDSL.jpg"}, "homeCity": "Bandung, Jawa Barat", "lists": {"groups": [{"items": [], "count": 2, "type": "created"}]}}, {"tips": {"count": 1}, "contact": {"twitter": "yanidamay", "facebook": "1168134525"}, "firstName": "Yani", "gender": "female", "lastName": "Damayanti", "id": "8476612", "bio": "", "photo": {"prefix": "https://igx.4sqi.net/img/user/", "suffix": "/KBW01VZEGEJCPJAV.jpg"}, "homeCity": "NY", "lists": {"groups": [{"items": [], "count": 2, "type": "created"}]}}, {"tips": {"count": 0}, "contact": {"twitter": "febrianaiva", "facebook": "606088317"}, "firstName": "Iva", "gender": "female", "lastName": "Febriana", "id": "1995969", "bio": "", "photo": {"prefix": "https://igx.4sqi.net/img/user/", "suffix": "/U3YLJJB23RIB3MKP.jpg"}, "homeCity": "Jakarta, Indonesia", "lists": {"groups": [{"items": [], "count": 2, "type": "created"}]}}, {"tips": {"count": 4}, "contact": {"twitter": "cupid_pipiet"}, "firstName": "Dian", "gender": "female", "lastName": "Novita", "id": "1162801", "bio": "", "photo": {"prefix": "https://igx.4sqi.net/img/user/", "suffix": "/5XEBT0HKFYT0B35C.jpg"}, "homeCity": "Jakarta Barat", "lists": {"groups": [{"items": [], "count": 2, "type": "created"}]}}, {"tips": {"count": 3}, "contact": {"twitter": "uchautami", "facebook": "1531065719"}, "firstName": "ucha", "gender": "female", "lastName": "utami", "id": "444258", "bio": "", "photo": {"prefix": "https://igx.4sqi.net/img/user/", "suffix": "/CHTNI5A5RLDBS1RK.jpg"}, "homeCity": "Jakarta Selatan, Jakarta Capital Regi", "lists": {"groups": [{"items": [], "count": 2, "type": "created"}]}}, {"tips": {"count": 60}, "contact": {"twitter": "tonysaja"}, "firstName": "To", "gender": "male", "lastName": "NY", "id": "997700", "bio": "", "photo": {"prefix": "https://igx.4sqi.net/img/user/", "suffix": "/WEGW4VADJ3J5MRPU.jpg"}, "homeCity": "Earth", "lists": {"groups": [{"items": [], "count": 3, "type": "created"}]}}, {"tips": {"count": 0}, "contact": {"twitter": "endahwid"}, "firstName": "endahwid", "gender": "female", "id": "696051", "bio": "", "photo": {"prefix": "https://igx.4sqi.net/img/user/", "suffix": "/SELWDJIKQ5CBDNKY.jpg"}, "homeCity": "Kediri, East Java", "lists": {"groups": [{"items": [], "count": 2, "type": "created"}]}}, {"tips": {"count": 11}, "contact": {"twitter": "ngiderngiler"}, "firstName": "NGIDERNGILER.com", "gender": "none", "id": "1057544", "bio": "", "photo": {"prefix": "https://igx.4sqi.net/img/user/", "suffix": "/1VVTMHMQWHY3F2PX.jpg"}, "homeCity": "Jakarta, Indonesia", "lists": {"groups": [{"items": [], "count": 2, "type": "created"}]}}, {"tips": {"count": 5}, "contact": {}, "firstName": "ANGIE", "gender": "female", "id": "720061", "bio": "", "photo": {"prefix": "https://igx.4sqi.net/img/user/", "suffix": "/4GYH5FYHEK4S01CD.jpg"}, "homeCity": "Jakarta Capital Region, Jakarta Selatan", "lists": {"groups": [{"items": [], "count": 2, "type": "created"}]}}, {"tips": {"count": 7}, "contact": {"twitter": "reviesylviana"}, "firstName": "Revie", "gender": "female", "lastName": "Sylviana", "id": "850598", "bio": "", "photo": {"prefix": "https://igx.4sqi.net/img/user/", "suffix": "/OVVJNFAUFAKVLG2B.jpg"}, "homeCity": "Jakarta Capital Region, Jakarta Capital Regi", "lists": {"groups": [{"items": [], "count": 2, "type": "created"}]}}, {"tips": {"count": 3}, "contact": {"facebook": "1576954058"}, "firstName": "Yocca", "gender": "female", "lastName": "Hendrayani", "id": "2387065", "bio": "", "photo": {"prefix": "https://igx.4sqi.net/img/user/", "suffix": "/QUOS1AFWFA3YH0H1.jpg"}, "homeCity": "Jakarta, Indonesia", "lists": {"groups": [{"items": [], "count": 2, "type": "created"}]}}, {"tips": {"count": 1}, "contact": {"twitter": "harrsat"}, "firstName": "Harrsat", "gender": "none", "lastName": "..", "id": "906214", "bio": "", "photo": {"prefix": "https://igx.4sqi.net/img/user/", "suffix": "/CYFZITFSM1OLFHT5.jpg"}, "homeCity": "Bogor, Jawa Barat", "lists": {"groups": [{"items": [], "count": 2, "type": "created"}]}}, {"tips": {"count": 0}, "contact": {"twitter": "seerasafira"}, "firstName": "Seera", "gender": "female", "lastName": "Safira", "id": "1118326", "bio": "", "photo": {"prefix": "https://igx.4sqi.net/img/user/", "suffix": "/YTHODKPVV14UYHZ5.jpg"}, "homeCity": "Jakarta", "lists": {"groups": [{"items": [], "count": 2, "type": "created"}]}}, {"tips": {"count": 23}, "contact": {"twitter": "agaderiana", "facebook": "1074880407"}, "firstName": "Agathonica", "gender": "female", "id": "1295275", "bio": "\ud83d\udc98\ud83d\udc98\ud83d\udc98", "photo": {"prefix": "https://igx.4sqi.net/img/user/", "suffix": "/1295275-BWK1NBVRSJDH1XAC.jpg"}, "homeCity": "Jakarta, DKI Jakarta", "lists": {"groups": [{"items": [], "count": 4, "type": "created"}]}}, {"tips": {"count": 2}, "contact": {}, "firstName": "Fresty Intani", "gender": "female", "lastName": "Aditya", "id": "1098633", "bio": "PISCES ~ HAPPY\r\nVanilla ~ Purple ~ Love Fashion!", "photo": {"prefix": "https://igx.4sqi.net/img/user/", "suffix": "/5RW4BZWBVUSMX13X.jpg"}, "homeCity": "Jakarta Capital Region, Jakarta Capital Regi", "lists": {"groups": [{"items": [], "count": 2, "type": "created"}]}}, {"tips": {"count": 4}, "contact": {"facebook": "1691103590"}, "firstName": "Mila", "gender": "female", "lastName": "Mila", "id": "12566763", "bio": "", "photo": {"prefix": "https://igx.4sqi.net/img/user/", "suffix": "/Z2IU4OTRNGU21VQK.jpg"}, "homeCity": "New York, NY", "lists": {"groups": [{"items": [], "count": 2, "type": "created"}]}}, {"tips": {"count": 45}, "contact": {}, "firstName": "Bestari", "gender": "female", "lastName": "Susanto", "id": "1592337", "bio": "Sweet charming person ^\u2022^...", "photo": {"prefix": "https://igx.4sqi.net/img/user/", "suffix": "/SOMOL4OMQFPW0U4Q.jpg"}, "homeCity": "Jakarta, Indonesia", "lists": {"groups": [{"items": [], "count": 5, "type": "created"}]}}, {"tips": {"count": 27}, "contact": {"twitter": "dithaleonard", "facebook": "685553550"}, "firstName": "Aninditha", "gender": "female", "lastName": "Leonard", "id": "1247271", "bio": "", "photo": {"prefix": "https://igx.4sqi.net/img/user/", "suffix": "/NYQDXQDWZIOMA2IH.jpg"}, "homeCity": "New York, NY", "lists": {"groups": [{"items": [], "count": 2, "type": "created"}]}}, {"tips": {"count": 0}, "contact": {}, "firstName": "Jasper", "gender": "male", "lastName": "SBJ", "id": "4291701", "bio": "", "photo": {"prefix": "https://igx.4sqi.net/img/user/", "suffix": "/2KOAERMEKQIJWTSX.jpg"}, "homeCity": "Washington, DC", "lists": {"groups": [{"items": [], "count": 2, "type": "created"}]}}, {"tips": {"count": 6}, "contact": {}, "firstName": "Winnie", "gender": "female", "lastName": "Finita", "id": "1378925", "bio": "", "photo": {"prefix": "https://igx.4sqi.net/img/user/", "suffix": "/DDJI2FVFPLZTZIEL.jpg"}, "homeCity": "Jakarta, Indonesia", "lists": {"groups": [{"items": [], "count": 2, "type": "created"}]}}, {"tips": {"count": 500}, "contact": {"twitter": "hellosamyoo", "facebook": "100001007018146"}, "firstName": "hellosamyoo", "gender": "male", "id": "1437287", "bio": "Golf,PSP\uac8c\uc784, \uc800\uc790-9\uad8c(Essay,MS/PhD\ub17c\ubb38,eBOOK,\ud398\uc774\uc2a4\ubd81,\uc18c\uc15c\ucee4\uba38\uc2a4,\ud3ec\uc2a4\ud018\uc5b4), \uacbd\ub825: \uc0bc\uc131\uc804\uc790(Senior Mgr), Xircom(CM),SonicWALL(CM)- http://bit.ly/Bkorea - \ub300\ud55c\ubbfc\uad6d \ud3ec\uc2a4\ud018\uc5b41\ub4f1 \ud314\ub85c\uc6cc, \ubd80\ub3d9\uc0b0\ud22c\uc790\ubd84\uc11d\uac00", "photo": {"prefix": "https://igx.4sqi.net/img/user/", "suffix": "/1437287-VZVLPAPP20VWMHJ0.jpg"}, "homeCity": "Seoul, KOREA", "lists": {"groups": [{"items": [], "count": 6, "type": "created"}]}}, {"tips": {"count": 11}, "contact": {}, "firstName": "\u200b\u200b \u200e\u200b\u200b", "gender": "male", "id": "2193419", "bio": "\u200b\u200b \u200e\u200b\u200b\u2588\u2551\u258c\u2551\u258c\u2502\u2588\u2502\u2588\u2551\u258c\u2551Jump3r K0pl4k", "photo": {"prefix": "https://igx.4sqi.net/img/user/", "suffix": "/DMLMUX3TN0THHYA2.png"}, "homeCity": "Indonesia", "lists": {"groups": [{"items": [], "count": 4, "type": "created"}]}}, {"tips": {"count": 0}, "contact": {}, "firstName": "iaDewi", "gender": "female", "id": "1165004", "bio": "", "photo": {"prefix": "https://igx.4sqi.net/img/user/", "suffix": "/1165004-Y5LSCU3W0Z5DNTDJ.jpg"}, "homeCity": "New York", "lists": {"groups": [{"items": [], "count": 2, "type": "created"}]}}, {"tips": {"count": 21}, "contact": {}, "firstName": "mbak", "gender": "female", "lastName": "pipiet", "id": "461616", "bio": "", "photo": {"prefix": "https://igx.4sqi.net/img/user/", "suffix": "/X3GCPIEXWOAGMLQ0.jpg"}, "homeCity": "Jakarta, Indonesia", "lists": {"groups": [{"items": [], "count": 2, "type": "created"}]}}, {"tips": {"count": 1}, "contact": {}, "firstName": "Meita", "gender": "female", "lastName": "Fitriani", "id": "1088337", "bio": "", "photo": {"prefix": "https://igx.4sqi.net/img/user/", "suffix": "/J3N5OR0HJYI5MM4N.jpg"}, "homeCity": "Jakarta Timur, DKI Jakarta", "lists": {"groups": [{"items": [], "count": 2, "type": "created"}]}}, {"tips": {"count": 9}, "contact": {}, "firstName": "putrimpi yuda", "gender": "female", "id": "712178", "bio": "", "photo": {"prefix": "https://igx.4sqi.net/img/user/", "suffix": "/CZBWPRC4EGETMDMZ.jpg"}, "homeCity": "Jakarta, Indonesia", "lists": {"groups": [{"items": [], "count": 2, "type": "created"}]}}, {"tips": {"count": 35}, "contact": {}, "firstName": "Natalia", "gender": "female", "lastName": "Turangan", "id": "836938", "bio": "Somewhat blogger, @TEDxJakarta volunteer, part of XMGravity family, also member of KopdarJakarta. A lover in disguise.", "photo": {"prefix": "https://igx.4sqi.net/img/user/", "suffix": "/EBTXWLZL3XMYK0I2.jpg"}, "homeCity": "Jakarta, DKI Jakarta", "lists": {"groups": [{"items": [], "count": 5, "type": "created"}]}}, {"tips": {"count": 4}, "contact": {"twitter": "sizy", "facebook": "770643069"}, "firstName": "Aziza", "gender": "female", "lastName": "Hediastuti", "id": "860731", "bio": "", "photo": {"prefix": "https://igx.4sqi.net/img/user/", "suffix": "/DRIETQBFEWIMOFRN.jpg"}, "homeCity": "Jakarta, Indonesia", "lists": {"groups": [{"items": [], "count": 2, "type": "created"}]}}, {"tips": {"count": 11}, "contact": {"twitter": "januar82", "facebook": "10204705129521076"}, "firstName": "maRio Ant", "gender": "male", "lastName": "|\u266b.\u215b \u20a7\u2026\u2122", "id": "3437016", "bio": "|\u2022A collector for Foursquare badges\u2022||\u2022tv\"taG stickers\u2022||\u2022Untappd badges\u2022|etc\u2122\u2026\u2026", "photo": {"prefix": "https://igx.4sqi.net/img/user/", "suffix": "/-TFBCXHCH4BASE4M2.jpg"}, "homeCity": "Bogor, west java \u2605Indonesia\u2605, -6.584225,106.861937", "lists": {"groups": [{"items": [], "count": 6, "type": "created"}]}}, {"tips": {"count": 2}, "contact": {"twitter": "_thatha_", "facebook": "657638531"}, "firstName": "Thatha", "gender": "female", "lastName": "Martha Maghdalena", "id": "909851", "bio": "i'm more than lucky. i'm blessed. \u01a0\u0361\u0334\u0334\u0334\u0334\u0334\u0334.\u032e\u01a0\u0361\u0334\u0334", "photo": {"prefix": "https://igx.4sqi.net/img/user/", "suffix": "/WWBHDXQJXGX1JVXG.jpg"}, "homeCity": "New York", "lists": {"groups": [{"items": [], "count": 2, "type": "created"}]}}, {"tips": {"count": 4}, "contact": {"twitter": "neztha", "facebook": "788178634"}, "firstName": "Neztha", "gender": "female", "lastName": "Permata", "id": "1487686", "bio": "", "photo": {"prefix": "https://igx.4sqi.net/img/user/", "suffix": "/IPYFM4T3BFE5OQ5Z.jpg"}, "homeCity": "Bekasi, West Java", "lists": {"groups": [{"items": [], "count": 2, "type": "created"}]}}, {"tips": {"count": 3}, "contact": {}, "firstName": "yudi wicaksono", "gender": "male", "id": "1602666", "bio": "Instagram/EyeEm (at) yodedesign", "photo": {"prefix": "https://igx.4sqi.net/img/user/", "suffix": "/1602666-T5K1VRS05G0GKS0H.jpg"}, "homeCity": "WORLD", "lists": {"groups": [{"items": [], "count": 2, "type": "created"}]}}, {"tips": {"count": 32}, "contact": {"twitter": "missgetha", "facebook": "684418077"}, "firstName": "Agnes", "gender": "female", "lastName": "Cristie", "id": "1247831", "bio": "Bittersweet and Sassy | You Jump, I Jump | Alice in Digitaland | a Leo | Messy Hair | lebah pekerja @idvirtual", "photo": {"prefix": "https://igx.4sqi.net/img/user/", "suffix": "/4Q2GRO3TLXNOU0XV.jpg"}, "homeCity": "London, UK", "lists": {"groups": [{"items": [], "count": 3, "type": "created"}]}}, {"tips": {"count": 0}, "contact": {"twitter": "brigitasalim", "facebook": "1186355709"}, "firstName": "Briggita", "gender": "female", "lastName": "salim", "id": "4667896", "bio": "", "photo": {"prefix": "https://igx.4sqi.net/img/user/", "suffix": "/EPKSM0NSKZT3CQQJ.jpg"}, "homeCity": "New York, NY", "lists": {"groups": [{"items": [], "count": 2, "type": "created"}]}}, {"tips": {"count": 0}, "contact": {"twitter": "iansyachenco", "facebook": "1535390821"}, "firstName": "Andrian", "gender": "male", "lastName": "Syach", "id": "1389647", "bio": "", "photo": {"prefix": "https://igx.4sqi.net/img/user/", "suffix": "/4DHT5VOY20WAVMVO.jpg"}, "homeCity": "South Jakarta, Jakarta/Indonesia", "lists": {"groups": [{"items": [], "count": 2, "type": "created"}]}}, {"tips": {"count": 0}, "contact": {"twitter": "inanov18", "facebook": "1008379265"}, "firstName": "Ina", "gender": "female", "lastName": "Novitasari", "id": "2282174", "bio": "", "photo": {"prefix": "https://igx.4sqi.net/img/user/", "suffix": "/QV12ZOSW1QQ1NZWZ.jpg"}, "homeCity": "Jakarta Capital Region, Jakarta Capital Regi", "lists": {"groups": [{"items": [], "count": 2, "type": "created"}]}}, {"tips": {"count": 5}, "contact": {"twitter": "dienamilashovic"}, "firstName": "Diena", "gender": "female", "lastName": "Milashovic", "id": "1167298", "bio": "", "photo": {"prefix": "https://igx.4sqi.net/img/user/", "suffix": "/TABUDWDQS2AZKZQV.jpg"}, "homeCity": "Jakarta", "lists": {"groups": [{"items": [], "count": 2, "type": "created"}]}}, {"tips": {"count": 8}, "contact": {"twitter": "get2retha", "facebook": "1601667432"}, "firstName": "Margareth", "gender": "female", "lastName": "Renyvianne", "id": "1232558", "bio": "", "photo": {"prefix": "https://igx.4sqi.net/img/user/", "suffix": "/L2ZWJCS44BMAQGZG.jpg"}, "homeCity": "Jakarta, Indonesia", "lists": {"groups": [{"items": [], "count": 2, "type": "created"}]}}, {"tips": {"count": 2}, "contact": {"twitter": "rastafara_82", "facebook": "1588823736"}, "firstName": "MARiO.\u00bb", "gender": "male", "lastName": "\u215e \u266a\u2551iOS.7.1\u2026\u266b \u20a7\u2122", "id": "4951135", "bio": "|Enjoy your Life, #KeepOnGoing & #NeverGiveUp\r\n|\u2665Foursquare\u2665|\u2665tv'taG \u2665|\u2665Untappd\u2665|\u2665Yotomo\u2665|", "photo": {"prefix": "https://igx.4sqi.net/img/user/", "suffix": "/GN3XWK1FZEGHOOD2.jpg"}, "homeCity": "-6.584159,106.862055", "lists": {"groups": [{"items": [], "count": 2, "type": "created"}]}}, {"tips": {"count": 15}, "contact": {}, "firstName": "Maya", "gender": "female", "lastName": "Sari", "id": "7556740", "bio": "", "photo": {"prefix": "https://igx.4sqi.net/img/user/", "suffix": "/MT4DHPOCEI13QLKQ.jpg"}, "homeCity": "Jakarta, Indonesia", "lists": {"groups": [{"items": [], "count": 3, "type": "created"}]}}, {"tips": {"count": 33}, "contact": {"twitter": "sagittaauree"}, "firstName": "Sagita", "gender": "female", "lastName": "Aurea", "id": "887239", "bio": "", "photo": {"prefix": "https://igx.4sqi.net/img/user/", "suffix": "/887239-2B0FVYG44WIMJ5XW.jpg"}, "homeCity": "Bali Indonesia", "lists": {"groups": [{"items": [], "count": 2, "type": "created"}]}}, {"tips": {"count": 42}, "contact": {}, "firstName": "cuma", "gender": "male", "lastName": "Tony", "id": "2100858", "bio": "", "photo": {"prefix": "https://igx.4sqi.net/img/user/", "suffix": "/CQ2UNFJJRMPMOUA2.jpg"}, "homeCity": "Jakarta", "lists": {"groups": [{"items": [], "count": 6, "type": "created"}]}}, {"tips": {"count": 2}, "contact": {"twitter": "deekallista", "facebook": "791554523"}, "firstName": "Dee", "gender": "female", "lastName": "Kallista", "id": "2165730", "bio": "", "photo": {"prefix": "https://igx.4sqi.net/img/user/", "suffix": "/0YBV3EPV220M32VT.jpg"}, "homeCity": "Jakarta Capital Region, Jakarta Capital Regi", "lists": {"groups": [{"items": [], "count": 2, "type": "created"}]}}, {"tips": {"count": 0}, "contact": {"facebook": "1268454999"}, "firstName": "yorien", "gender": "female", "lastName": "hallatu", "id": "1248546", "bio": "Instagram and twitter : olineyorien", "photo": {"prefix": "https://igx.4sqi.net/img/user/", "suffix": "/DRUGUE3MB14CXWQQ.jpg"}, "homeCity": "Jakarta Capital Region, Jakarta Capital Regi", "lists": {"groups": [{"items": [], "count": 2, "type": "created"}]}}, {"tips": {"count": 6}, "contact": {}, "firstName": "Bianca", "gender": "female", "lastName": "Hutagalung", "id": "6704743", "bio": "", "photo": {"prefix": "https://igx.4sqi.net/img/user/", "suffix": "/GQONBCAOPWVM2IOG.jpg"}, "homeCity": "Earth", "lists": {"groups": [{"items": [], "count": 2, "type": "created"}]}}, {"tips": {"count": 172}, "contact": {}, "firstName": "C21", "gender": "male", "id": "2285768", "bio": "", "photo": {"prefix": "https://igx.4sqi.net/img/user/", "suffix": "/O1FBVN1BP5W5S3A4.jpg"}, "homeCity": "tokyo,Japan", "lists": {"groups": [{"items": [], "count": 4, "type": "created"}]}}, {"tips": {"count": 2}, "contact": {"twitter": "viviveuveu", "facebook": "100000754336421"}, "firstName": "Amalia", "gender": "female", "lastName": "Agni Sari", "id": "4577646", "bio": "", "photo": {"prefix": "https://igx.4sqi.net/img/user/", "suffix": "/L3TPEKVTIBXBBN2I.jpg"}, "homeCity": "Bandung, Indonesia", "lists": {"groups": [{"items": [], "count": 2, "type": "created"}]}}, {"tips": {"count": 2}, "contact": {"twitter": "renny_oktaviani", "facebook": "1347581956"}, "firstName": "Renny", "gender": "female", "lastName": "Oktaviani", "id": "1235635", "bio": "", "photo": {"prefix": "https://igx.4sqi.net/img/user/", "suffix": "/AK3FFALEKTGEUOMS.jpg"}, "homeCity": "jakarta", "lists": {"groups": [{"items": [], "count": 2, "type": "created"}]}}, {"tips": {"count": 0}, "contact": {"twitter": "patriaria"}, "firstName": "ria", "gender": "female", "lastName": "patria", "id": "916328", "bio": "", "photo": {"prefix": "https://igx.4sqi.net/img/user/", "suffix": "/0CMA0UMKINU0F0IE.jpg"}, "homeCity": "Jakarta, Indonesia", "lists": {"groups": [{"items": [], "count": 2, "type": "created"}]}}, {"tips": {"count": 0}, "contact": {}, "firstName": "Sisca", "gender": "female", "lastName": "Irianty", "id": "2165862", "bio": "", "photo": {"prefix": "https://igx.4sqi.net/img/user/", "suffix": "/2165862-Z5XWFLPBP23P5GVX.jpg"}, "homeCity": "Jakarta, Indonesia", "lists": {"groups": [{"items": [], "count": 2, "type": "created"}]}}, {"tips": {"count": 15}, "contact": {"twitter": "eny_naa", "facebook": "1307689543"}, "firstName": "Eny", "gender": "female", "lastName": "Jasmine", "id": "2349400", "bio": "", "photo": {"prefix": "https://igx.4sqi.net/img/user/", "suffix": "/12LHM1A4BXSQSEH2.jpg"}, "homeCity": "Jakarta Capital Region, Jakarta Capital Regi", "lists": {"groups": [{"items": [], "count": 2, "type": "created"}]}}, {"tips": {"count": 3}, "contact": {"twitter": "dhianasastro", "facebook": "100000028635799"}, "firstName": "Dhianna", "gender": "female", "lastName": "Sastrowidjoyo", "id": "5378073", "bio": "", "photo": {"prefix": "https://igx.4sqi.net/img/user/", "suffix": "/PN3OTRIQ354RS02H.jpg"}, "homeCity": "Jakarta, Indonesia", "lists": {"groups": [{"items": [], "count": 2, "type": "created"}]}}, {"tips": {"count": 3}, "contact": {"facebook": "575716911"}, "firstName": "Dini&Michelle", "gender": "female", "id": "2385520", "bio": "", "photo": {"prefix": "https://igx.4sqi.net/img/user/", "suffix": "/SVBR3VN4BNYPLHN5.jpg"}, "homeCity": "Jakarta, Indonesia", "lists": {"groups": [{"items": [], "count": 3, "type": "created"}]}}, {"tips": {"count": 17}, "contact": {"twitter": "achillz"}, "firstName": "achill", "gender": "female", "id": "1020381", "bio": "", "photo": {"prefix": "https://igx.4sqi.net/img/user/", "suffix": "/ESXYUYX0ZFZD33TQ.jpg"}, "homeCity": "Bintaro Jaya, Tangerang", "lists": {"groups": [{"items": [], "count": 2, "type": "created"}]}}, {"tips": {"count": 4}, "contact": {"facebook": "723924859"}, "firstName": "Firsti", "gender": "female", "lastName": "Wong", "id": "3589394", "bio": "", "photo": {"prefix": "https://igx.4sqi.net/img/user/", "suffix": "/BYEYNUFT35HKVRZS.jpg"}, "homeCity": "Jakarta, Indonesia", "lists": {"groups": [{"items": [], "count": 2, "type": "created"}]}}, {"tips": {"count": 2}, "contact": {"twitter": "widsoe", "facebook": "100000573194117"}, "firstName": "Wid", "gender": "female", "lastName": "S", "id": "2563125", "bio": "", "photo": {"prefix": "https://igx.4sqi.net/img/user/", "suffix": "/MR3530KAF1RVLXN4.jpg"}, "homeCity": "Indonesia", "lists": {"groups": [{"items": [], "count": 2, "type": "created"}]}}, {"tips": {"count": 3}, "contact": {"twitter": "jackrio14"}, "firstName": "Jack Rio", "gender": "male", "id": "1064216", "bio": "", "photo": {"prefix": "https://igx.4sqi.net/img/user/", "suffix": "/MLDM41KGWDFZLMS4.jpg"}, "homeCity": "New York", "lists": {"groups": [{"items": [], "count": 2, "type": "created"}]}}, {"tips": {"count": 17}, "contact": {"twitter": "brizamei", "facebook": "1091617649"}, "firstName": "Briza", "gender": "female", "lastName": "Sunarto", "id": "3594118", "bio": "", "photo": {"prefix": "https://igx.4sqi.net/img/user/", "suffix": "/3AKXJIVQW05LPUCW.jpg"}, "homeCity": "Jakarta, Indonesia", "lists": {"groups": [{"items": [], "count": 3, "type": "created"}]}}, {"tips": {"count": 15}, "contact": {}, "firstName": "Ms.Lee", "gender": "female", "lastName": "Bali", "id": "2564300", "bio": "follow me: @SamBeautyJasper or Like my FBpage: Sam Beauty Jasper Samoyed", "photo": {"prefix": "https://igx.4sqi.net/img/user/", "suffix": "/3VLMMFNEIAFZF1CI.jpg"}, "homeCity": "New York, NY", "lists": {"groups": [{"items": [], "count": 2, "type": "created"}]}}, {"tips": {"count": 19}, "contact": {"twitter": "the_unz", "facebook": "572340993"}, "firstName": "Chrysdian", "gender": "female", "lastName": "Kurnianingsih", "id": "1071223", "bio": "", "photo": {"prefix": "https://igx.4sqi.net/img/user/", "suffix": "/DQOGHRCUMOZ5CANF.jpg"}, "homeCity": "Depok, Banten", "lists": {"groups": [{"items": [], "count": 2, "type": "created"}]}}, {"tips": {"count": 2}, "contact": {"twitter": "kekethluv", "facebook": "1485441716"}, "firstName": "Keketh", "gender": "female", "id": "3599043", "bio": "", "photo": {"prefix": "https://igx.4sqi.net/img/user/", "suffix": "/3599043-GDLED5PZRH45JGSI.jpg"}, "homeCity": "jakarta", "lists": {"groups": [{"items": [], "count": 2, "type": "created"}]}}, {"tips": {"count": 14}, "contact": {"twitter": "momcik", "facebook": "840774343"}, "firstName": "Siska", "gender": "female", "lastName": "Momcik", "id": "2891456", "bio": "ayosehat.usana.com  check it out!", "photo": {"prefix": "https://igx.4sqi.net/img/user/", "suffix": "/2891456-EXJB53HTV5JS1PFS.jpg"}, "homeCity": "", "lists": {"groups": [{"items": [], "count": 2, "type": "created"}]}}, {"tips": {"count": 20}, "contact": {"twitter": "rhenyberry", "facebook": "1517540185"}, "firstName": "Rhenyberry", "gender": "female", "id": "1115231", "bio": "", "photo": {"prefix": "https://igx.4sqi.net/img/user/", "suffix": "/1115231-R2DPJQHNOZZQVOBI.jpg"}, "homeCity": "Jakarta Capital Region, Jakarta Capital Regi", "lists": {"groups": [{"items": [], "count": 2, "type": "created"}]}}, {"tips": {"count": 3}, "contact": {}, "firstName": "\u2022CKS DOS\u2022", "gender": "male", "id": "4654802", "bio": "", "photo": {"prefix": "https://igx.4sqi.net/img/user/", "suffix": "/SCMYYCJYQOMBTO5F.jpg"}, "homeCity": "Queens, NY", "lists": {"groups": [{"items": [], "count": 2, "type": "created"}]}}, {"tips": {"count": 1}, "contact": {}, "firstName": "Pande", "gender": "male", "lastName": "Putra", "id": "3063874", "bio": "", "photo": {"prefix": "https://igx.4sqi.net/img/user/", "suffix": "/ZQXRV3OSKJSTQZM1.jpg"}, "homeCity": "New York, NY", "lists": {"groups": [{"items": [], "count": 2, "type": "created"}]}}, {"tips": {"count": 47}, "contact": {"twitter": "_kelly78"}, "firstName": "Kelly", "gender": "male", "lastName": "Oktavian", "id": "1155158", "bio": "Follow me on twitter: @KellyOktavian", "photo": {"prefix": "https://igx.4sqi.net/img/user/", "suffix": "/YRMZVAODWNUKUHOH.jpg"}, "homeCity": "Jakarta, Indonesia", "lists": {"groups": [{"items": [], "count": 2, "type": "created"}]}}, {"tips": {"count": 23}, "contact": {"twitter": "asp_ady", "facebook": "1430889941"}, "firstName": "A D Y", "gender": "male", "id": "3896970", "bio": "Twitter : @asp_ady", "photo": {"prefix": "https://igx.4sqi.net/img/user/", "suffix": "/IS3OQILQFO1X0RDU.jpg"}, "homeCity": "BOGOR", "lists": {"groups": [{"items": [], "count": 2, "type": "created"}]}}, {"tips": {"count": 10}, "contact": {"twitter": "maisyaagatha"}, "firstName": "Maisya", "gender": "female", "lastName": "Agatha", "id": "1155230", "bio": "", "photo": {"prefix": "https://igx.4sqi.net/img/user/", "suffix": "/54IOFQB24XZ1OVP1.jpg"}, "homeCity": "", "lists": {"groups": [{"items": [], "count": 2, "type": "created"}]}}, {"tips": {"count": 17}, "contact": {"twitter": "sashih"}, "firstName": "Asih", "gender": "female", "lastName": "S", "id": "4511528", "bio": "", "photo": {"prefix": "https://igx.4sqi.net/img/user/", "suffix": "/33220AVZZUILCBY2.jpg"}, "homeCity": "Kuta, Indonesia", "lists": {"groups": [{"items": [], "count": 2, "type": "created"}]}}, {"tips": {"count": 0}, "contact": {"twitter": "christyjusung83", "facebook": "1071647227"}, "firstName": "Christy", "gender": "female", "lastName": "Jusung", "id": "1156784", "bio": "", "photo": {"prefix": "https://igx.4sqi.net/img/user/", "suffix": "/40IGH01F4DCW4INC.jpg"}, "homeCity": "Jakarta Barat, Jakarta Capital Regi", "lists": {"groups": [{"items": [], "count": 2, "type": "created"}]}}, {"tips": {"count": 7}, "contact": {}, "firstName": "Susi Arief", "gender": "female", "id": "1177887", "bio": "", "photo": {"prefix": "https://igx.4sqi.net/img/user/", "suffix": "/RSIUVCJME4MC4D4B.jpg"}, "homeCity": "Jakarta, Indonesia", "lists": {"groups": [{"items": [], "count": 2, "type": "created"}]}}, {"tips": {"count": 5}, "contact": {"twitter": "apet23"}, "firstName": "Alfred", "gender": "male", "lastName": "Bailon", "id": "1184646", "bio": "", "photo": {"prefix": "https://igx.4sqi.net/img/user/", "suffix": "/5C2NQBX0ABHJCK1I.jpg"}, "homeCity": "Pasuruan, Indonesia", "lists": {"groups": [{"items": [], "count": 2, "type": "created"}]}}, {"tips": {"count": 1}, "contact": {}, "firstName": "Sherly", "gender": "female", "lastName": "Tanjung", "id": "1208492", "bio": "", "photo": {"prefix": "https://igx.4sqi.net/img/user/", "suffix": "/0W0PN12SJ0SLWAWO.jpg"}, "homeCity": "Indonesia, Jakarta Timur", "lists": {"groups": [{"items": [], "count": 2, "type": "created"}]}}, {"tips": {"count": 14}, "contact": {"twitter": "nadyaputriani"}, "firstName": "Nadya", "gender": "female", "lastName": "Putriani", "id": "1250875", "bio": "", "photo": {"prefix": "https://igx.4sqi.net/img/user/", "suffix": "/CBJDQTQ340DOFLIH.jpg"}, "homeCity": "Vancouver, BC", "lists": {"groups": [{"items": [], "count": 2, "type": "created"}]}}, {"tips": {"count": 0}, "contact": {}, "firstName": "della", "gender": "female", "lastName": "dartyan", "id": "1259635", "bio": "", "photo": {"prefix": "https://igx.4sqi.net/img/user/", "suffix": "/4RH032ZWDVXVNLH1.jpg"}, "homeCity": "Jakarta, Indonesia", "lists": {"groups": [{"items": [], "count": 2, "type": "created"}]}}, {"tips": {"count": 0}, "contact": {"twitter": "adityamarsetya", "facebook": "1449129946"}, "firstName": "Aditya", "gender": "male", "lastName": "Marsetya", "id": "1405309", "bio": "", "photo": {"prefix": "https://igx.4sqi.net/img/user/", "suffix": "/I0SSQULSFJNTPK32.jpg"}, "homeCity": "Jakarta, Indonesia", "lists": {"groups": [{"items": [], "count": 2, "type": "created"}]}}, {"tips": {"count": 13}, "contact": {"twitter": "wenyapriyanti", "facebook": "1032543892"}, "firstName": "Weny", "gender": "female", "lastName": "Apriyanti", "id": "1413846", "bio": "", "photo": {"prefix": "https://igx.4sqi.net/img/user/", "suffix": "/ZGFLVBHZYURCSTCQ.jpg"}, "homeCity": "Jakarta Capital Region, Jakarta Capital Regi", "lists": {"groups": [{"items": [], "count": 2, "type": "created"}]}}, {"tips": {"count": 0}, "contact": {"twitter": "shierly_ei", "facebook": "100002204976072"}, "firstName": "Shierly", "gender": "female", "lastName": "Christiane", "id": "1445699", "bio": "", "photo": {"prefix": "https://igx.4sqi.net/img/user/", "suffix": "/XCLJZ03UMLBNWPRA.jpg"}, "homeCity": "Bogor, West Java", "lists": {"groups": [{"items": [], "count": 2, "type": "created"}]}}, {"tips": {"count": 2}, "contact": {"twitter": "lola_alicia", "facebook": "746994192"}, "firstName": "@Lola_", "gender": "female", "lastName": "alicia", "id": "1449830", "bio": "", "photo": {"prefix": "https://igx.4sqi.net/img/user/", "suffix": "/ZQZIVVFF0BMOIIX5.jpg"}, "homeCity": "Jakarta Capital Region, Jakarta Capital Regi", "lists": {"groups": [{"items": [], "count": 2, "type": "created"}]}}, {"tips": {"count": 3}, "contact": {"twitter": "be_bubz", "facebook": "1440950556"}, "firstName": "Irna", "gender": "female", "lastName": "May", "id": "1510766", "bio": "", "photo": {"prefix": "https://igx.4sqi.net/img/user/", "suffix": "/HMAM1KXWSHFE1EAI.jpg"}, "homeCity": "Citeureup, West Java", "lists": {"groups": [{"items": [], "count": 2, "type": "created"}]}}, {"tips": {"count": 1}, "contact": {"twitter": "t7andra", "facebook": "1301584256"}, "firstName": "((( TJANDRA )))", "gender": "male", "id": "1531319", "bio": "I LOVE TO LOVE", "photo": {"prefix": "https://igx.4sqi.net/img/user/", "suffix": "/4TNRUSRQ4YAJVJU0.jpg"}, "homeCity": "Portland, OR", "lists": {"groups": [{"items": [], "count": 3, "type": "created"}]}}, {"tips": {"count": 2}, "contact": {"twitter": "shintasyria", "facebook": "1083948971"}, "firstName": "Shinta", "gender": "female", "lastName": "Syria", "id": "1661021", "bio": "", "photo": {"prefix": "https://igx.4sqi.net/img/user/", "suffix": "/ZA1X0RMTZ25IMXRH.jpg"}, "homeCity": "Surabaya, East Java", "lists": {"groups": [{"items": [], "count": 2, "type": "created"}]}}, {"tips": {"count": 112}, "contact": {"twitter": "shoptracyburton", "facebook": "100000486604672"}, "firstName": "ShopTRACY", "gender": "female", "lastName": "BURTON", "id": "1692970", "bio": "collector + dealer + firecracker www.VandM.com/TRACYBURTON", "photo": {"prefix": "https://igx.4sqi.net/img/user/", "suffix": "/blank_girl.png", "default": true}, "homeCity": "Chicago, Illinois", "lists": {"groups": [{"items": [], "count": 2, "type": "created"}]}}, {"tips": {"count": 9}, "contact": {"twitter": "reggie_looch"}, "firstName": "Reggie", "gender": "female", "lastName": "Looch", "id": "1707896", "bio": "", "photo": {"prefix": "https://igx.4sqi.net/img/user/", "suffix": "/J1TVR3S4HNJ2EOTZ.jpg"}, "homeCity": "Jakarta, Indonesia", "lists": {"groups": [{"items": [], "count": 2, "type": "created"}]}}, {"tips": {"count": 4}, "contact": {"twitter": "_vinda_", "facebook": "100001120507920"}, "firstName": "_vinda_", "gender": "female", "id": "1820548", "bio": "Travel addict, nature and wild animal lover.", "photo": {"prefix": "https://igx.4sqi.net/img/user/", "suffix": "/CMSZH3JJFVWX2R0J.jpg"}, "homeCity": "New York City", "lists": {"groups": [{"items": [], "count": 2, "type": "created"}]}}, {"tips": {"count": 19}, "contact": {"twitter": "yaraaoi", "facebook": "100006851106312"}, "firstName": "Mutiara", "gender": "female", "lastName": "Anggraeni", "id": "1824894", "bio": "Traditional Dancer & Amateur Photographer", "photo": {"prefix": "https://igx.4sqi.net/img/user/", "suffix": "/12LLWYRA31CBCO2I.jpg"}, "homeCity": "Jakarta", "lists": {"groups": [{"items": [], "count": 3, "type": "created"}]}}, {"tips": {"count": 2}, "contact": {"twitter": "astread", "facebook": "1216359876"}, "firstName": "Astread", "gender": "female", "lastName": "Mey", "id": "2586721", "bio": "Fb , Twitter , Line : Astread\r\nInstagram , Path : Astread Mey\r\nSkype : AstreadMey", "photo": {"prefix": "https://igx.4sqi.net/img/user/", "suffix": "/ZM0UCNTY0NNFEZRU.jpg"}, "homeCity": "Jakarta, Indonesia", "lists": {"groups": [{"items": [], "count": 2, "type": "created"}]}}, {"tips": {"count": 0}, "contact": {"twitter": "dedyisnainii"}, "firstName": "Dedy", "gender": "male", "lastName": "Isnaini", "id": "2726720", "bio": "", "photo": {"prefix": "https://igx.4sqi.net/img/user/", "suffix": "/0U0QN2SAD30CAJKE.jpg"}, "homeCity": "Medan", "lists": {"groups": [{"items": [], "count": 2, "type": "created"}]}}, {"tips": {"count": 9}, "contact": {"twitter": "nukelucia", "facebook": "100000048867820"}, "firstName": "NUKE", "gender": "female", "lastName": "LUCIA", "id": "2972973", "bio": "I am who the one Blessed person!!!\ud83d\ude07\ud83d\ude07\ud83d\ude07", "photo": {"prefix": "https://igx.4sqi.net/img/user/", "suffix": "/R0R0ZMLS0AJWHYAN.jpg"}, "homeCity": "Jakarta, Indonesia", "lists": {"groups": [{"items": [], "count": 2, "type": "created"}]}}, {"tips": {"count": 0}, "contact": {"twitter": "ricolasuzanne", "facebook": "100003196995437"}, "firstName": "Suzanne", "gender": "female", "lastName": "Esa", "id": "3101784", "bio": "", "photo": {"prefix": "https://igx.4sqi.net/img/user/", "suffix": "/NLQ12IGWRDYTJ25O.jpg"}, "homeCity": "Jakarta, Indonesia", "lists": {"groups": [{"items": [], "count": 2, "type": "created"}]}}, {"tips": {"count": 0}, "contact": {}, "firstName": "samsul", "gender": "female", "lastName": "Hadi", "id": "10917088", "bio": "", "photo": {"prefix": "https://igx.4sqi.net/img/user/", "suffix": "/1ZD2SQPHO0K3CQIH.jpg"}, "homeCity": "Gunung Putri, Indonesia", "lists": {"groups": [{"items": [], "count": 2, "type": "created"}]}}], "count": 299}, "checksum": "d9fedafddc868b3555f24d714c4a5ceef2805922"}, "meta": {"requestId": "5965b6ee351e3d64b065689f", "code": 200}}