{"notifications": [{"type": "notificationTray", "item": {"unreadCount": 0}}], "response": {"friends": {"items": [{"tips": {"count": 35}, "contact": {"twitter": "yjsoon", "facebook": "207017"}, "firstName": "yjsoon", "gender": "male", "superuser": 2, "id": "109897", "bio": "", "photo": {"prefix": "https://igx.4sqi.net/img/user/", "suffix": "/1AGEFZ5053DJLMIQ.jpg"}, "homeCity": "Singapore", "lists": {"groups": [{"items": [], "count": 8, "type": "created"}]}}, {"tips": {"count": 1}, "contact": {}, "firstName": "Jeremy", "gender": "none", "lastName": "\u4ec1\u5091", "id": "4356398", "bio": "", "photo": {"prefix": "https://igx.4sqi.net/img/user/", "suffix": "/4356398_nmjDtvrr_Gq9NyzVnKcFowSV6dJBoNOJG5bOJ4AZLwsp30fE7ggu2NYkN-hYpzmN7cONkVhI4"}, "homeCity": "Singapore", "lists": {"groups": [{"items": [], "count": 2, "type": "created"}]}}, {"superuser": 1, "tips": {"count": 5}, "contact": {"twitter": "geraldang"}, "firstName": "Gerald", "gender": "none", "lastName": "Ang", "id": "274445", "bio": "", "photo": {"prefix": "https://igx.4sqi.net/img/user/", "suffix": "/274445-TGJ4XU5NHNFTZHEA.jpg"}, "homeCity": "", "lists": {"groups": [{"items": [], "count": 6, "type": "created"}]}}, {"tips": {"count": 10}, "contact": {}, "firstName": "Gflying", "gender": "female", "lastName": "F", "id": "349879", "bio": "", "photo": {"prefix": "https://igx.4sqi.net/img/user/", "suffix": "/3VD4MEIVPBZAMSL3.jpg"}, "homeCity": "Singapore", "lists": {"groups": [{"items": [], "count": 2, "type": "created"}]}}, {"tips": {"count": 2}, "contact": {"facebook": "636113168"}, "firstName": "Gail", "gender": "female", "lastName": "Q", "id": "16912053", "bio": "", "photo": {"prefix": "https://igx.4sqi.net/img/user/", "suffix": "/EI44SNJI3XX4OHJD.jpg"}, "homeCity": "Singapore", "lists": {"groups": [{"items": [], "count": 2, "type": "created"}]}}, {"tips": {"count": 31}, "contact": {"twitter": "sprilite", "facebook": "784425712"}, "firstName": "LH", "gender": "male", "lastName": "Sim", "id": "241442", "bio": "", "photo": {"prefix": "https://igx.4sqi.net/img/user/", "suffix": "/241442-PFB2QR3YPC3FX25V.jpg"}, "homeCity": "Singapore", "lists": {"groups": [{"items": [], "count": 2, "type": "created"}]}}, {"tips": {"count": 0}, "contact": {"twitter": "pujanggamalam", "facebook": "739654224"}, "firstName": "Pujangga", "gender": "male", "lastName": "Malam", "id": "5502982", "bio": "", "photo": {"prefix": "https://igx.4sqi.net/img/user/", "suffix": "/RBGQUFNAA04L1TZQ.jpg"}, "homeCity": "Singapore", "lists": {"groups": [{"items": [], "count": 2, "type": "created"}]}}, {"tips": {"count": 0}, "contact": {"facebook": "625910586"}, "firstName": "Dean", "gender": "male", "lastName": "Baey", "id": "2000258", "bio": "", "photo": {"prefix": "https://igx.4sqi.net/img/user/", "suffix": "/blank_boy.png", "default": true}, "homeCity": "Singapore, ", "lists": {"groups": [{"items": [], "count": 2, "type": "created"}]}}, {"tips": {"count": 1}, "contact": {}, "firstName": "Chris", "gender": "male", "lastName": "Khoo", "id": "1168825", "bio": "", "photo": {"prefix": "https://igx.4sqi.net/img/user/", "suffix": "/D45GT1YRLOPOLNS0.jpg"}, "homeCity": "Singapore", "lists": {"groups": [{"items": [], "count": 2, "type": "created"}]}}, {"tips": {"count": 0}, "contact": {"facebook": "683946930"}, "firstName": "Eric", "gender": "male", "lastName": "Yong", "id": "3056159", "bio": "", "photo": {"prefix": "https://igx.4sqi.net/img/user/", "suffix": "/CU5W4HIXSX0WG54L.jpg"}, "homeCity": "Singapore", "lists": {"groups": [{"items": [], "count": 2, "type": "created"}]}}, {"tips": {"count": 2}, "contact": {"facebook": "557505757"}, "firstName": "John", "gender": "male", "lastName": "See", "id": "4184367", "bio": "", "photo": {"prefix": "https://igx.4sqi.net/img/user/", "suffix": "/OMHVIX3RDV2LZND0.jpg"}, "homeCity": "Singapore", "lists": {"groups": [{"items": [], "count": 2, "type": "created"}]}}, {"tips": {"count": 12}, "contact": {}, "firstName": "Ethan", "gender": "male", "lastName": "Ong", "id": "985499", "bio": "", "photo": {"prefix": "https://igx.4sqi.net/img/user/", "suffix": "/GDK4FNBKI0R23HI2.jpg"}, "homeCity": "", "lists": {"groups": [{"items": [], "count": 9, "type": "created"}]}}, {"tips": {"count": 0}, "contact": {}, "firstName": "Xh", "gender": "female", "lastName": "Guo", "id": "2939899", "bio": "", "photo": {"prefix": "https://igx.4sqi.net/img/user/", "suffix": "/LCFZY12P5NOYHBSE.jpg"}, "homeCity": "Singapore", "lists": {"groups": [{"items": [], "count": 2, "type": "created"}]}}, {"tips": {"count": 0}, "contact": {"twitter": "becksandgiggsy", "facebook": "734616448"}, "firstName": "Choon Seng", "gender": "male", "lastName": "Peh", "id": "4224971", "bio": "", "photo": {"prefix": "https://igx.4sqi.net/img/user/", "suffix": "/N4ZLZVQQLUICJGY1.jpg"}, "homeCity": "Singapore", "lists": {"groups": [{"items": [], "count": 2, "type": "created"}]}}, {"tips": {"count": 15}, "contact": {"twitter": "thefallez", "facebook": "721916703258"}, "firstName": "Nipuna", "gender": "male", "lastName": "Perera", "id": "886466", "bio": "", "photo": {"prefix": "https://igx.4sqi.net/img/user/", "suffix": "/CFEKFH3O03YHIJEM.jpg"}, "homeCity": "Clementi, Singapore", "lists": {"groups": [{"items": [], "count": 2, "type": "created"}]}}, {"tips": {"count": 4}, "contact": {"twitter": "krisandro", "facebook": "725058326"}, "firstName": "Krisandro", "gender": "male", "lastName": "McBecks", "id": "217242", "bio": "", "photo": {"prefix": "https://igx.4sqi.net/img/user/", "suffix": "/4EBDCP4W0KQJI4GX.jpg"}, "homeCity": "Singapore", "lists": {"groups": [{"items": [], "count": 2, "type": "created"}]}}, {"tips": {"count": 5}, "contact": {}, "firstName": "Elliot", "gender": "male", "lastName": "Lee", "id": "178537", "bio": "", "photo": {"prefix": "https://igx.4sqi.net/img/user/", "suffix": "/NAL2SGQUWVW203UF.jpg"}, "homeCity": "Singapore", "lists": {"groups": [{"items": [], "count": 2, "type": "created"}]}}, {"tips": {"count": 3}, "contact": {"twitter": "eugene_fu", "facebook": "10152775662498737"}, "firstName": "Eugene", "gender": "male", "lastName": "Fu", "id": "4780603", "bio": "", "photo": {"prefix": "https://igx.4sqi.net/img/user/", "suffix": "/DPDOLT3WQFNG4F3U.jpg"}, "homeCity": "Singapore", "lists": {"groups": [{"items": [], "count": 2, "type": "created"}]}}, {"tips": {"count": 0}, "contact": {"facebook": "557195235"}, "firstName": "Ivan", "gender": "male", "lastName": "Zeng", "id": "1198083", "bio": "", "photo": {"prefix": "https://igx.4sqi.net/img/user/", "suffix": "/blank_boy.png", "default": true}, "homeCity": "Singapore", "lists": {"groups": [{"items": [], "count": 2, "type": "created"}]}}, {"tips": {"count": 2}, "contact": {"facebook": "10153473653559188"}, "firstName": "Marc", "gender": "male", "lastName": "Chang", "id": "11420069", "bio": "", "photo": {"prefix": "https://igx.4sqi.net/img/user/", "suffix": "/0CDMLZISCKE34KVO.jpg"}, "homeCity": "Japan", "lists": {"groups": [{"items": [], "count": 2, "type": "created"}]}}, {"tips": {"count": 0}, "contact": {"facebook": "684126592"}, "firstName": "Tan", "gender": "male", "lastName": "Hteen", "id": "5511566", "bio": "", "photo": {"prefix": "https://igx.4sqi.net/img/user/", "suffix": "/blank_boy.png", "default": true}, "homeCity": "\u8c4a\u5cf6\u533a, \u65e5\u672c", "lists": {"groups": [{"items": [], "count": 2, "type": "created"}]}}, {"tips": {"count": 0}, "contact": {"facebook": "620471084"}, "firstName": "Shiwei", "gender": "male", "lastName": "Tiang", "id": "3597839", "bio": "", "photo": {"prefix": "https://igx.4sqi.net/img/user/", "suffix": "/AVS5Z1HMGQMDFJKL.jpg"}, "homeCity": "Singapore", "lists": {"groups": [{"items": [], "count": 2, "type": "created"}]}}, {"tips": {"count": 9}, "contact": {"facebook": "729141270"}, "firstName": "Joshua", "gender": "male", "lastName": "Ng", "id": "11510508", "bio": "", "photo": {"prefix": "https://igx.4sqi.net/img/user/", "suffix": "/1VNW3GQQMEX25OKR.jpg"}, "homeCity": "Singapore", "lists": {"groups": [{"items": [], "count": 2, "type": "created"}]}}, {"tips": {"count": 0}, "contact": {}, "firstName": "Nick", "gender": "male", "lastName": "Chan", "id": "2942218", "bio": "", "photo": {"prefix": "https://igx.4sqi.net/img/user/", "suffix": "/NP5OEBSMCO2YCWFV.jpg"}, "homeCity": "Hackney, UK", "lists": {"groups": [{"items": [], "count": 2, "type": "created"}]}}, {"tips": {"count": 0}, "contact": {}, "firstName": "Tracy", "gender": "female", "lastName": "Lee", "id": "1155786", "bio": "", "photo": {"prefix": "https://igx.4sqi.net/img/user/", "suffix": "/blank_girl.png", "default": true}, "homeCity": "Singapore", "lists": {"groups": [{"items": [], "count": 2, "type": "created"}]}}, {"tips": {"count": 0}, "contact": {}, "firstName": "Soon Cheong", "gender": "male", "lastName": "Kwek", "id": "3281123", "bio": "", "photo": {"prefix": "https://igx.4sqi.net/img/user/", "suffix": "/blank_boy.png", "default": true}, "homeCity": "Singapore", "lists": {"groups": [{"items": [], "count": 2, "type": "created"}]}}, {"tips": {"count": 0}, "contact": {}, "firstName": "Joe", "gender": "male", "lastName": "Chung", "id": "4882282", "bio": "", "photo": {"prefix": "https://igx.4sqi.net/img/user/", "suffix": "/blank_boy.png", "default": true}, "homeCity": "Singapore", "lists": {"groups": [{"items": [], "count": 2, "type": "created"}]}}, {"tips": {"count": 3}, "contact": {"twitter": "kane1khztone", "facebook": "100000161378496"}, "firstName": "Kane", "gender": "male", "lastName": "Chew", "id": "1589578", "bio": "", "photo": {"prefix": "https://igx.4sqi.net/img/user/", "suffix": "/VLHEYUHL3Y3ZF0EC.jpg"}, "homeCity": "Singapore, Singapore", "lists": {"groups": [{"items": [], "count": 3, "type": "created"}]}}, {"tips": {"count": 0}, "contact": {"facebook": "518714194"}, "firstName": "John", "gender": "male", "lastName": "Yong", "id": "25389213", "bio": "", "photo": {"prefix": "https://igx.4sqi.net/img/user/", "suffix": "/blank_boy.png", "default": true}, "homeCity": "New York, NY", "lists": {"groups": [{"items": [], "count": 2, "type": "created"}]}}, {"tips": {"count": 0}, "contact": {}, "firstName": "Benny", "gender": "none", "id": "3953256", "bio": "", "photo": {"prefix": "https://igx.4sqi.net/img/user/", "suffix": "/53FH4VYDCB3KHBBO.jpg"}, "homeCity": "Singapore", "lists": {"groups": [{"items": [], "count": 2, "type": "created"}]}}, {"tips": {"count": 0}, "contact": {"facebook": "1207945202"}, "firstName": "Woonsiew", "gender": "male", "lastName": "Tan", "id": "3552943", "bio": "", "photo": {"prefix": "https://igx.4sqi.net/img/user/", "suffix": "/blank_boy.png", "default": true}, "homeCity": "Singapore", "lists": {"groups": [{"items": [], "count": 2, "type": "created"}]}}, {"tips": {"count": 1}, "contact": {}, "firstName": "Jaesson", "gender": "male", "lastName": "Yeo", "id": "1316326", "bio": "", "photo": {"prefix": "https://igx.4sqi.net/img/user/", "suffix": "/SEYKOFW2SFMZYO2E.jpg"}, "homeCity": "Singapore", "lists": {"groups": [{"items": [], "count": 2, "type": "created"}]}}, {"tips": {"count": 0}, "contact": {}, "firstName": "YT", "gender": "none", "id": "6904966", "bio": "", "photo": {"prefix": "https://igx.4sqi.net/img/user/", "suffix": "/V2ZRW32XRZRQCWGA.jpg"}, "homeCity": "Singapore", "lists": {"groups": [{"items": [], "count": 2, "type": "created"}]}}, {"tips": {"count": 5}, "contact": {}, "firstName": "Jeanne", "gender": "female", "lastName": "Tai", "id": "7002457", "bio": "", "photo": {"prefix": "https://igx.4sqi.net/img/user/", "suffix": "/WUURNASOJEF0WHG3.jpg"}, "homeCity": "Singapore", "lists": {"groups": [{"items": [], "count": 2, "type": "created"}]}}, {"tips": {"count": 1}, "contact": {}, "firstName": "Stefen", "gender": "male", "lastName": "Chow", "id": "7337591", "bio": "", "photo": {"prefix": "https://igx.4sqi.net/img/user/", "suffix": "/SZFCLHU1G3KRITAT.jpg"}, "homeCity": "Singapore", "lists": {"groups": [{"items": [], "count": 2, "type": "created"}]}}, {"tips": {"count": 0}, "contact": {"facebook": "727398202"}, "firstName": "Rayvin", "gender": "male", "lastName": "Hsu", "id": "2080114", "bio": "", "photo": {"prefix": "https://igx.4sqi.net/img/user/", "suffix": "/ZAWMBSUHI3GROA1X.jpg"}, "homeCity": "Singapore", "lists": {"groups": [{"items": [], "count": 2, "type": "created"}]}}, {"tips": {"count": 1}, "contact": {"twitter": "mindyminday", "facebook": "1261918474"}, "firstName": "Mindy", "gender": "female", "lastName": "Tumewu", "id": "7268893", "bio": "", "photo": {"prefix": "https://igx.4sqi.net/img/user/", "suffix": "/MHRRL4UAYDDUBL4P.jpg"}, "homeCity": "Singapore", "lists": {"groups": [{"items": [], "count": 2, "type": "created"}]}}, {"tips": {"count": 0}, "contact": {"facebook": "773970695"}, "firstName": "Bein Shu", "gender": "male", "id": "11390776", "bio": "", "photo": {"prefix": "https://igx.4sqi.net/img/user/", "suffix": "/3ID1SBRFB2DJCBBE.jpg"}, "homeCity": "Singapore", "lists": {"groups": [{"items": [], "count": 2, "type": "created"}]}}, {"tips": {"count": 0}, "contact": {"facebook": "227700422"}, "firstName": "Genevieve", "gender": "female", "lastName": "Seah", "id": "16075230", "bio": "", "photo": {"prefix": "https://igx.4sqi.net/img/user/", "suffix": "/16075230-R0UMALCJFGYEX04S"}, "homeCity": "Tokyo", "lists": {"groups": [{"items": [], "count": 2, "type": "created"}]}}, {"tips": {"count": 10}, "contact": {"facebook": "10152797492289983"}, "firstName": "Chikai", "gender": "male", "lastName": "Huang", "id": "3485633", "bio": "", "photo": {"prefix": "https://igx.4sqi.net/img/user/", "suffix": "/OF1LIEEW0VB55OY1.jpg"}, "homeCity": "Singapore", "lists": {"groups": [{"items": [], "count": 5, "type": "created"}]}}, {"tips": {"count": 1}, "contact": {"twitter": "ndru1", "facebook": "672556943"}, "firstName": "Andrew", "gender": "male", "lastName": "Wan", "id": "43280757", "bio": "", "photo": {"prefix": "https://igx.4sqi.net/img/user/", "suffix": "/XOXJG5JJEPSK502K.jpg"}, "homeCity": "Taipei", "lists": {"groups": [{"items": [], "count": 2, "type": "created"}]}}, {"tips": {"count": 2}, "contact": {}, "firstName": "Philip", "gender": "male", "lastName": "Tan", "id": "5339563", "bio": "", "photo": {"prefix": "https://igx.4sqi.net/img/user/", "suffix": "/3DPEZIJ0U04USC1L.jpg"}, "homeCity": "Singapore", "lists": {"groups": [{"items": [], "count": 2, "type": "created"}]}}, {"tips": {"count": 0}, "contact": {}, "firstName": "Jeremy", "gender": "none", "lastName": "Chan", "id": "5741724", "bio": "", "photo": {"prefix": "https://igx.4sqi.net/img/user/", "suffix": "/blank_boy.png", "default": true}, "homeCity": "Singapore", "lists": {"groups": [{"items": [], "count": 2, "type": "created"}]}}], "count": 43}, "checksum": "025e1376b5dd9ff9cb8de3f430af9d955e5be7f9"}, "meta": {"requestId": "5965f3f4f594df3c3ffdac64", "code": 200}}