{"notifications": [{"type": "notificationTray", "item": {"unreadCount": 0}}], "response": {"friends": {"items": [{"superuser": 1, "tips": {"count": 26}, "contact": {"twitter": "acatinatree", "facebook": "640705670"}, "firstName": "Cathie", "gender": "female", "lastName": "McGinn", "id": "105321", "bio": "", "photo": {"prefix": "https://igx.4sqi.net/img/user/", "suffix": "/105321_1258677851349.jpg"}, "homeCity": "Surry Hills, Australia", "lists": {"groups": [{"items": [], "count": 2, "type": "created"}]}}, {"tips": {"count": 10}, "contact": {"twitter": "hungryeatwhat"}, "firstName": "HungryEatWhat", "gender": "male", "id": "9529612", "bio": "", "photo": {"prefix": "https://igx.4sqi.net/img/user/", "suffix": "/Z0LVP31YNSNHWRQM.png"}, "homeCity": "Singapore", "lists": {"groups": [{"items": [], "count": 7, "type": "created"}]}}, {"tips": {"count": 1}, "contact": {"twitter": "1inuxoid", "facebook": "810005050"}, "firstName": "Dmytro", "gender": "male", "lastName": "Yurchenko", "id": "6757410", "bio": "", "photo": {"prefix": "https://igx.4sqi.net/img/user/", "suffix": "/OA4AXPV4GX1PSEAN.jpg"}, "homeCity": "\u041a\u0438\u0457\u0432, Ukraine", "lists": {"groups": [{"items": [], "count": 2, "type": "created"}]}}, {"tips": {"count": 0}, "contact": {"facebook": "622071882"}, "firstName": "Ralf", "gender": "male", "lastName": "Jeffery", "id": "12917654", "bio": "", "photo": {"prefix": "https://igx.4sqi.net/img/user/", "suffix": "/KICWICCIE1PIFH3I.jpg"}, "homeCity": "Marlow, UK", "lists": {"groups": [{"items": [], "count": 2, "type": "created"}]}}, {"tips": {"count": 14}, "contact": {"twitter": "craiglegrice", "facebook": "100000131413025"}, "firstName": "Craig Le Grice", "gender": "male", "id": "521297", "bio": "Strategy, innovation, tech, data, fintech, retail, marketing, growth, change. Travel, food, wine, art, design, airports, hotels, spin, gym.", "photo": {"prefix": "https://igx.4sqi.net/img/user/", "suffix": "/521297-RTLXHI2IYEUOMONE.jpg"}, "homeCity": "London", "lists": {"groups": [{"items": [], "count": 2, "type": "created"}]}}, {"tips": {"count": 0}, "contact": {"twitter": "chinatownkl", "facebook": "100003143869071"}, "firstName": "Chinatown Boutique", "gender": "male", "lastName": "Hotel", "id": "20491532", "bio": "", "photo": {"prefix": "https://igx.4sqi.net/img/user/", "suffix": "/blank_boy.png", "default": true}, "homeCity": "Kuala Lumpur", "lists": {"groups": [{"items": [], "count": 2, "type": "created"}]}}, {"tips": {"count": 5}, "contact": {}, "firstName": "Kavita", "gender": "none", "lastName": "Kapoor", "id": "4237833", "bio": "", "photo": {"prefix": "https://igx.4sqi.net/img/user/", "suffix": "/4237833-P1BGMAP42KCR4YN3.jpg"}, "homeCity": "New York, NY", "lists": {"groups": [{"items": [], "count": 3, "type": "created"}]}}, {"tips": {"count": 2}, "contact": {}, "firstName": "Michelle", "gender": "female", "lastName": "Watson", "id": "292910", "bio": "", "photo": {"prefix": "https://igx.4sqi.net/img/user/", "suffix": "/Q4PCR3RYX1230RFU.jpg"}, "homeCity": "Camden Town, Greater London", "lists": {"groups": [{"items": [], "count": 2, "type": "created"}]}}, {"tips": {"count": 14}, "contact": {"twitter": "craggieobie", "facebook": "538179975"}, "firstName": "Craig", "gender": "male", "lastName": "O'Brien", "id": "614564", "bio": "", "photo": {"prefix": "https://igx.4sqi.net/img/user/", "suffix": "/LPKARDR2S1Z3P0M5.jpg"}, "homeCity": "Islington, Greater London", "lists": {"groups": [{"items": [], "count": 3, "type": "created"}]}}, {"tips": {"count": 1}, "contact": {}, "firstName": "Greg", "gender": "male", "lastName": "M", "id": "325707", "bio": "", "photo": {"prefix": "https://igx.4sqi.net/img/user/", "suffix": "/XXRE14SQSHWNSJLL.jpg"}, "homeCity": "Chester, Cheshire", "lists": {"groups": [{"items": [], "count": 2, "type": "created"}]}}, {"tips": {"count": 0}, "contact": {"facebook": "713527062"}, "firstName": "Andrew", "gender": "male", "lastName": "Hill", "id": "797780", "bio": "", "photo": {"prefix": "https://igx.4sqi.net/img/user/", "suffix": "/blank_boy.png", "default": true}, "homeCity": "London, UK", "lists": {"groups": [{"items": [], "count": 2, "type": "created"}]}}, {"superuser": 2, "tips": {"count": 125}, "contact": {"twitter": "track45right", "facebook": "534821570"}, "firstName": "Toby", "gender": "male", "lastName": "Barnes", "id": "22641", "bio": "Techno", "photo": {"prefix": "https://igx.4sqi.net/img/user/", "suffix": "/VPDN5OM4S5FPASQM.jpg"}, "homeCity": "Portland", "lists": {"groups": [{"items": [], "count": 31, "type": "created"}]}}, {"tips": {"count": 12}, "contact": {}, "firstName": "Mistress", "gender": "female", "lastName": "Aaliyah", "id": "4405404", "bio": "", "photo": {"prefix": "https://igx.4sqi.net/img/user/", "suffix": "/NKAV4F5FY3KBA0RT.jpg"}, "homeCity": "Watching you!!!", "lists": {"groups": [{"items": [], "count": 2, "type": "created"}]}}, {"tips": {"count": 23}, "contact": {}, "firstName": "Fame", "gender": "male", "lastName": "Razak", "id": "856751", "bio": "", "photo": {"prefix": "https://igx.4sqi.net/img/user/", "suffix": "/H1PQ4YCQJ3D0ERYS.jpg"}, "homeCity": "London, UK", "lists": {"groups": [{"items": [], "count": 3, "type": "created"}]}}, {"tips": {"count": 3}, "contact": {"twitter": "adonisthemist", "facebook": "10156832988785203"}, "firstName": "Adonis", "gender": "male", "lastName": "Themistokleous", "id": "2596046", "bio": "", "photo": {"prefix": "https://igx.4sqi.net/img/user/", "suffix": "/2596046-5SAPOYSO54Y0DMD1.jpg"}, "homeCity": "London, UK", "lists": {"groups": [{"items": [], "count": 2, "type": "created"}]}}, {"tips": {"count": 0}, "contact": {"twitter": "stamanfar", "facebook": "100003168114105"}, "firstName": "Sam", "gender": "female", "lastName": "Villis", "id": "33459477", "bio": "", "photo": {"prefix": "https://igx.4sqi.net/img/user/", "suffix": "/DR1NMKR1GVFZVHCU.jpg"}, "homeCity": "New York, NY", "lists": {"groups": [{"items": [], "count": 2, "type": "created"}]}}, {"tips": {"count": 32}, "contact": {"twitter": "katzy", "facebook": "725035654"}, "firstName": "Katz", "gender": "female", "lastName": "Kiely", "id": "27346869", "bio": "Creative disruptor, digital innovator, change-maker, writer, story-teller, speaker, collaborator. Into open innovation, AR, 3D printing, transmedia", "photo": {"prefix": "https://igx.4sqi.net/img/user/", "suffix": "/04RMY4GI0VV2PBWH.jpg"}, "homeCity": "London", "lists": {"groups": [{"items": [], "count": 4, "type": "created"}]}}, {"tips": {"count": 3}, "contact": {"facebook": "586520588"}, "firstName": "Ed", "gender": "male", "lastName": "Beard", "id": "10892055", "bio": "", "photo": {"prefix": "https://igx.4sqi.net/img/user/", "suffix": "/NB04PL5QODFAQXBM.jpg"}, "homeCity": "Poplar, UK", "lists": {"groups": [{"items": [], "count": 2, "type": "created"}]}}, {"tips": {"count": 0}, "contact": {"facebook": "556392994"}, "firstName": "michaela", "gender": "female", "id": "7087629", "bio": "", "photo": {"prefix": "https://igx.4sqi.net/img/user/", "suffix": "/VXGT4TLBM4BQCSR3.jpg"}, "homeCity": "Washington, DC", "lists": {"groups": [{"items": [], "count": 2, "type": "created"}]}}, {"tips": {"count": 0}, "contact": {"twitter": "justinhewelt", "facebook": "632517216"}, "firstName": "Justin", "gender": "male", "lastName": "Hewelt", "id": "13228508", "bio": "", "photo": {"prefix": "https://igx.4sqi.net/img/user/", "suffix": "/R04BV4M0LSHXKSTQ.jpg"}, "homeCity": "Constanta, Romania", "lists": {"groups": [{"items": [], "count": 2, "type": "created"}]}}, {"tips": {"count": 10}, "contact": {"twitter": "getbrandid"}, "firstName": "Brandid", "gender": "male", "id": "993107", "bio": "", "photo": {"prefix": "https://igx.4sqi.net/img/user/", "suffix": "/BYYGJDYDHETRJMWB.jpg"}, "homeCity": "London, UK", "lists": {"groups": [{"items": [], "count": 2, "type": "created"}]}}, {"tips": {"count": 8}, "contact": {"twitter": "dhrubo", "facebook": "100004577742769"}, "firstName": "dhrubo", "gender": "male", "lastName": "paul", "id": "56666", "bio": "", "photo": {"prefix": "https://igx.4sqi.net/img/user/", "suffix": "/56666_1255984559727.jpg"}, "homeCity": "Paddington, Greater London", "lists": {"groups": [{"items": [], "count": 2, "type": "created"}]}}, {"tips": {"count": 0}, "contact": {"facebook": "657746015"}, "firstName": "AARON", "gender": "male", "lastName": "SHIELDS", "id": "1010961", "bio": "", "photo": {"prefix": "https://igx.4sqi.net/img/user/", "suffix": "/blank_boy.png", "default": true}, "homeCity": "Croydon, Greater London", "lists": {"groups": [{"items": [], "count": 2, "type": "created"}]}}, {"tips": {"count": 14}, "contact": {"twitter": "ctaguma", "facebook": "7307770"}, "firstName": "Cheryl", "gender": "female", "lastName": "Taguma", "id": "2750284", "bio": "fun-sized with a healthy dose of crazy <3", "photo": {"prefix": "https://igx.4sqi.net/img/user/", "suffix": "/X2HWCYZBK4MH1WN5.jpg"}, "homeCity": "Los Angeles, CA", "lists": {"groups": [{"items": [], "count": 6, "type": "created"}]}}, {"tips": {"count": 41}, "contact": {}, "firstName": "Theo", "gender": "male", "lastName": "D", "id": "11024410", "bio": "", "photo": {"prefix": "https://igx.4sqi.net/img/user/", "suffix": "/34EDGT5ABF1JJXXK.jpg"}, "homeCity": "Toronto, Canada", "lists": {"groups": [{"items": [], "count": 5, "type": "created"}]}}, {"tips": {"count": 0}, "contact": {"facebook": "671041765"}, "firstName": "David", "gender": "male", "lastName": "Baker", "id": "11335559", "bio": "", "photo": {"prefix": "https://igx.4sqi.net/img/user/", "suffix": "/CYDIT5NAF1CGRN3Y.jpg"}, "homeCity": "London, UK", "lists": {"groups": [{"items": [], "count": 3, "type": "created"}]}}, {"tips": {"count": 0}, "contact": {"facebook": "708276486"}, "firstName": "Kiran", "gender": "male", "lastName": "Chauhan", "id": "27992823", "bio": "", "photo": {"prefix": "https://igx.4sqi.net/img/user/", "suffix": "/LWWPIZUCQ3RKVJJA.jpg"}, "homeCity": "Islington", "lists": {"groups": [{"items": [], "count": 2, "type": "created"}]}}, {"tips": {"count": 1}, "contact": {"twitter": "adamkcooper", "facebook": "531228064"}, "firstName": "Adam", "gender": "male", "lastName": "Cooper", "id": "1511790", "bio": "", "photo": {"prefix": "https://igx.4sqi.net/img/user/", "suffix": "/1YUV3PTH0JWJWEBB.jpg"}, "homeCity": "Empingham, Rutland", "lists": {"groups": [{"items": [], "count": 2, "type": "created"}]}}, {"superuser": 1, "tips": {"count": 13}, "contact": {"twitter": "scaryredhair", "facebook": "708826628"}, "firstName": "Richard", "gender": "male", "lastName": "Ayers", "id": "57922", "bio": "", "photo": {"prefix": "https://igx.4sqi.net/img/user/", "suffix": "/-1_1255077667010.jpg"}, "homeCity": "London, UK", "lists": {"groups": [{"items": [], "count": 2, "type": "created"}]}}, {"tips": {"count": 0}, "contact": {"facebook": "660087773"}, "firstName": "Tom", "gender": "male", "lastName": "Jordan", "id": "1212737", "bio": "", "photo": {"prefix": "https://igx.4sqi.net/img/user/", "suffix": "/blank_boy.png", "default": true}, "homeCity": "London, UK", "lists": {"groups": [{"items": [], "count": 2, "type": "created"}]}}, {"tips": {"count": 0}, "contact": {"facebook": "603320350"}, "firstName": "Tanya", "gender": "female", "lastName": "Lawler", "id": "3042012", "bio": "", "photo": {"prefix": "https://igx.4sqi.net/img/user/", "suffix": "/FIY3VW3QHHKLMUVB.jpg"}, "homeCity": "London, UK", "lists": {"groups": [{"items": [], "count": 2, "type": "created"}]}}, {"tips": {"count": 5}, "contact": {"facebook": "610751629"}, "firstName": "The", "gender": "male", "lastName": "Mayor", "id": "20567020", "bio": "", "photo": {"prefix": "https://igx.4sqi.net/img/user/", "suffix": "/AIRFRP5EIZCTU3MW.jpg"}, "homeCity": "Bognor Regis", "lists": {"groups": [{"items": [], "count": 2, "type": "created"}]}}, {"tips": {"count": 0}, "contact": {"facebook": "624187713"}, "firstName": "Neil", "gender": "male", "lastName": "Hayward", "id": "11756493", "bio": "", "photo": {"prefix": "https://igx.4sqi.net/img/user/", "suffix": "/QLBQVIQ3JLIEYHA4.jpg"}, "homeCity": "Camden Town, UK", "lists": {"groups": [{"items": [], "count": 2, "type": "created"}]}}, {"superuser": 1, "tips": {"count": 3}, "contact": {"twitter": "mdaw", "facebook": "732946528"}, "firstName": "Mark", "gender": "male", "lastName": "Daw", "id": "61816", "bio": "", "photo": {"prefix": "https://igx.4sqi.net/img/user/", "suffix": "/2JEPQAGBRPBHBA1A.jpg"}, "homeCity": "London, UK", "lists": {"groups": [{"items": [], "count": 2, "type": "created"}]}}, {"tips": {"count": 10}, "contact": {"twitter": "paoletta_p"}, "firstName": "Paola", "gender": "female", "lastName": "Pisacane", "id": "2431672", "bio": "", "photo": {"prefix": "https://igx.4sqi.net/img/user/", "suffix": "/2431672_00iQeY30_BzjBvrAi7IHpu9G07EGMMc88iE2Jw4jnCvVsHrWhQPbvOnO1e6Qowvp16qkinq5n.jpg"}, "homeCity": "London, UK", "lists": {"groups": [{"items": [], "count": 6, "type": "created"}]}}, {"tips": {"count": 0}, "contact": {}, "firstName": "Dayne", "gender": "male", "lastName": "Cowan", "id": "3284739", "bio": "", "photo": {"prefix": "https://igx.4sqi.net/img/user/", "suffix": "/blank_boy.png", "default": true}, "homeCity": "London, UK", "lists": {"groups": [{"items": [], "count": 2, "type": "created"}]}}, {"tips": {"count": 1}, "contact": {"facebook": "668336182"}, "firstName": "Tom", "gender": "male", "lastName": "White", "id": "34818620", "bio": "", "photo": {"prefix": "https://igx.4sqi.net/img/user/", "suffix": "/I1NGPY51NHCDCVSB.jpg"}, "homeCity": "Grantham", "lists": {"groups": [{"items": [], "count": 2, "type": "created"}]}}, {"tips": {"count": 3}, "contact": {}, "firstName": "Adam", "gender": "male", "lastName": "Buxton", "id": "483100", "bio": "", "photo": {"prefix": "https://igx.4sqi.net/img/user/", "suffix": "/CMHMEJEPZD0VWFBR.jpg"}, "homeCity": "London, UK", "lists": {"groups": [{"items": [], "count": 2, "type": "created"}]}}, {"tips": {"count": 0}, "contact": {"facebook": "679640493"}, "firstName": "Pete", "gender": "male", "lastName": "Wallace", "id": "3229610", "bio": "", "photo": {"prefix": "https://igx.4sqi.net/img/user/", "suffix": "/JCIJCBZ5JA4EAHLQ.jpg"}, "homeCity": "Canterbury, UK", "lists": {"groups": [{"items": [], "count": 2, "type": "created"}]}}, {"tips": {"count": 0}, "contact": {"twitter": "hardhoneybuzz", "facebook": "549488889"}, "firstName": "Graham", "gender": "male", "lastName": "Honeywill", "id": "5071774", "bio": "", "photo": {"prefix": "https://igx.4sqi.net/img/user/", "suffix": "/UEYBMIBUI2YRY3NJ.jpg"}, "homeCity": "Helsinki, Suomi", "lists": {"groups": [{"items": [], "count": 2, "type": "created"}]}}, {"tips": {"count": 0}, "contact": {"twitter": "peterhenshaw", "facebook": "727481413"}, "firstName": "Peter", "gender": "male", "lastName": "Henshaw", "id": "4425929", "bio": "Creative Director at The Partners", "photo": {"prefix": "https://igx.4sqi.net/img/user/", "suffix": "/CAQKZD0KRWJCSHHI.jpg"}, "homeCity": "London ", "lists": {"groups": [{"items": [], "count": 2, "type": "created"}]}}, {"tips": {"count": 0}, "contact": {"twitter": "dickyadams", "facebook": "556735803"}, "firstName": "Dicky", "gender": "none", "lastName": "Adams", "id": "5413767", "bio": "", "photo": {"prefix": "https://igx.4sqi.net/img/user/", "suffix": "/5413767-QXP2LSBV3FTQ4KPC.jpg"}, "homeCity": "Weybridge, UK", "lists": {"groups": [{"items": [], "count": 2, "type": "created"}]}}, {"tips": {"count": 0}, "contact": {"facebook": "546355867"}, "firstName": "Ebba", "gender": "female", "lastName": "Bazeley", "id": "4742399", "bio": "", "photo": {"prefix": "https://igx.4sqi.net/img/user/", "suffix": "/blank_girl.png", "default": true}, "homeCity": "London, UK", "lists": {"groups": [{"items": [], "count": 2, "type": "created"}]}}], "count": 43}, "checksum": "907531208c499c6445885170b45e23e42758d205"}, "meta": {"requestId": "596614451ed21919fbeae52a", "code": 200}}