{"notifications": [{"type": "notificationTray", "item": {"unreadCount": 0}}], "response": {"friends": {"items": [{"tips": {"count": 2}, "contact": {"twitter": "joyous", "facebook": "588810446"}, "firstName": "Joy", "gender": "female", "lastName": "Yap", "id": "449251", "bio": "", "photo": {"prefix": "https://igx.4sqi.net/img/user/", "suffix": "/HS5QE3C1NCEZ3AWB.jpg"}, "homeCity": "Singapore", "lists": {"groups": [{"items": [], "count": 2, "type": "created"}]}}, {"tips": {"count": 3}, "contact": {"twitter": "dxsibo", "facebook": "626741458"}, "firstName": "Eric", "gender": "male", "lastName": "Ho", "id": "747976", "bio": "", "photo": {"prefix": "https://igx.4sqi.net/img/user/", "suffix": "/O1ML5IMA5N0ZFPPA.jpg"}, "homeCity": "sbw, singapore", "lists": {"groups": [{"items": [], "count": 2, "type": "created"}]}}, {"tips": {"count": 4}, "contact": {"facebook": "1240457330"}, "firstName": "KaReN", "gender": "female", "lastName": "Ho", "id": "864762", "bio": "", "photo": {"prefix": "https://igx.4sqi.net/img/user/", "suffix": "/0RPXOH2II3B5XODQ.jpg"}, "homeCity": "Singapore", "lists": {"groups": [{"items": [], "count": 2, "type": "created"}]}}, {"tips": {"count": 17}, "contact": {"twitter": "jasonlingx", "facebook": "645726958"}, "firstName": "Jason", "gender": "male", "lastName": "Ling", "id": "212775", "bio": "", "photo": {"prefix": "https://igx.4sqi.net/img/user/", "suffix": "/CAE3ITGEYI1WXJVO.jpg"}, "homeCity": "Singapore", "lists": {"groups": [{"items": [], "count": 2, "type": "created"}]}}, {"tips": {"count": 6}, "contact": {"twitter": "evo3shini", "facebook": "514772042"}, "firstName": "Aaron", "gender": "male", "lastName": "Advan", "id": "912447", "bio": "", "photo": {"prefix": "https://igx.4sqi.net/img/user/", "suffix": "/EOQGOQMR0RILERRG.jpg"}, "homeCity": "Singapore", "lists": {"groups": [{"items": [], "count": 3, "type": "created"}]}}, {"tips": {"count": 1}, "contact": {"facebook": "697876299"}, "firstName": "kenneth", "gender": "male", "lastName": "seah", "id": "1200676", "bio": "", "photo": {"prefix": "https://igx.4sqi.net/img/user/", "suffix": "/LQZAKITYGXGZJ0AE.jpg"}, "homeCity": "Singapore", "lists": {"groups": [{"items": [], "count": 2, "type": "created"}]}}, {"tips": {"count": 3}, "contact": {"facebook": "663554421"}, "firstName": "Thomas", "gender": "male", "lastName": "Lee", "id": "1233297", "bio": "", "photo": {"prefix": "https://igx.4sqi.net/img/user/", "suffix": "/W4MCW40NPB0E2KWX.jpg"}, "homeCity": "Singapore", "lists": {"groups": [{"items": [], "count": 2, "type": "created"}]}}, {"tips": {"count": 38}, "contact": {"twitter": "ryangoh84", "facebook": "617632315"}, "firstName": "Ryan", "gender": "male", "lastName": "Goh", "id": "760085", "bio": "", "photo": {"prefix": "https://igx.4sqi.net/img/user/", "suffix": "/CJK1EQIYYNYTIGRO.jpg"}, "homeCity": "Singapore", "lists": {"groups": [{"items": [], "count": 2, "type": "created"}]}}, {"tips": {"count": 0}, "contact": {}, "firstName": "Ryan", "gender": "male", "lastName": "Teo", "id": "1153620", "bio": "", "photo": {"prefix": "https://igx.4sqi.net/img/user/", "suffix": "/blank_boy.png", "default": true}, "homeCity": "Singapore", "lists": {"groups": [{"items": [], "count": 2, "type": "created"}]}}, {"tips": {"count": 3}, "contact": {"twitter": "aaronssi", "facebook": "100000470313415"}, "firstName": "Aaron", "gender": "male", "lastName": "Chng", "id": "1206670", "bio": "", "photo": {"prefix": "https://igx.4sqi.net/img/user/", "suffix": "/VY4UT5MY3W0LGGNQ.jpg"}, "homeCity": "Singapore", "lists": {"groups": [{"items": [], "count": 2, "type": "created"}]}}, {"tips": {"count": 6}, "contact": {"twitter": "eagereagle81", "facebook": "519050270"}, "firstName": "Sebastian", "gender": "male", "lastName": "Cheong", "id": "1321728", "bio": "", "photo": {"prefix": "https://igx.4sqi.net/img/user/", "suffix": "/EHPMPUNT1A5IGHBU.jpg"}, "homeCity": "Singapore", "lists": {"groups": [{"items": [], "count": 2, "type": "created"}]}}], "count": 111}, "checksum": "a92936d9e904f927e5aca9edb7fe89a6684aac54"}, "meta": {"requestId": "5965c2c21ed21919fbc1a5da", "code": 200}}