{"notifications": [{"type": "notificationTray", "item": {"unreadCount": 0}}], "response": {"friends": {"items": [{"tips": {"count": 2}, "contact": {"facebook": "628361780"}, "firstName": "Gavin", "gender": "male", "lastName": "Ng", "id": "4643176", "bio": "", "photo": {"prefix": "https://igx.4sqi.net/img/user/", "suffix": "/0VZOK0PGZKTU355W.jpg"}, "homeCity": "Singapore", "lists": {"groups": [{"items": [], "count": 2, "type": "created"}]}}, {"tips": {"count": 1}, "contact": {"facebook": "697876299"}, "firstName": "kenneth", "gender": "male", "lastName": "seah", "id": "1200676", "bio": "", "photo": {"prefix": "https://igx.4sqi.net/img/user/", "suffix": "/LQZAKITYGXGZJ0AE.jpg"}, "homeCity": "Singapore", "lists": {"groups": [{"items": [], "count": 2, "type": "created"}]}}, {"tips": {"count": 1}, "contact": {"facebook": "515321433"}, "firstName": "Silk", "gender": "female", "lastName": "Soon", "id": "6434443", "bio": "", "photo": {"prefix": "https://igx.4sqi.net/img/user/", "suffix": "/GKKD3IWWJVMLJONU.jpg"}, "homeCity": "Singapore", "lists": {"groups": [{"items": [], "count": 2, "type": "created"}]}}, {"tips": {"count": 0}, "contact": {"facebook": "618655309"}, "firstName": "Darren", "gender": "male", "lastName": "Sng", "id": "6622209", "bio": "", "photo": {"prefix": "https://igx.4sqi.net/img/user/", "suffix": "/N1OGQHE3GGTL0RDE.jpg"}, "homeCity": "Singapore", "lists": {"groups": [{"items": [], "count": 2, "type": "created"}]}}, {"tips": {"count": 0}, "contact": {"facebook": "719326624"}, "firstName": "Jose", "gender": "male", "lastName": "Gandara", "id": "4383584", "bio": "", "photo": {"prefix": "https://igx.4sqi.net/img/user/", "suffix": "/blank_boy.png", "default": true}, "homeCity": "Can\u00f3vanas, Puerto Rico", "lists": {"groups": [{"items": [], "count": 2, "type": "created"}]}}, {"tips": {"count": 0}, "contact": {"facebook": "512929281"}, "firstName": "Bel", "gender": "female", "id": "4278635", "bio": "", "photo": {"prefix": "https://igx.4sqi.net/img/user/", "suffix": "/IQ4HJEQWSCH5XIJK.jpg"}, "homeCity": "Singapore", "lists": {"groups": [{"items": [], "count": 2, "type": "created"}]}}, {"tips": {"count": 5}, "contact": {"twitter": "speedknight", "facebook": "599269066"}, "firstName": "han siang 'Speedknight'", "gender": "male", "lastName": "Wong", "id": "1391528", "bio": "", "photo": {"prefix": "https://igx.4sqi.net/img/user/", "suffix": "/QVZ03RHJQ3WKAVVP.jpg"}, "homeCity": "Singapore", "lists": {"groups": [{"items": [], "count": 3, "type": "created"}]}}, {"tips": {"count": 2}, "contact": {"facebook": "1102042876"}, "firstName": "Rashid", "gender": "male", "lastName": "Basri", "id": "1420261", "bio": "", "photo": {"prefix": "https://igx.4sqi.net/img/user/", "suffix": "/KYSVSMRQOR1WMTI2.jpg"}, "homeCity": "Singapore", "lists": {"groups": [{"items": [], "count": 2, "type": "created"}]}}, {"tips": {"count": 0}, "contact": {}, "firstName": "Aaron", "gender": "male", "lastName": "Choo", "id": "5589097", "bio": "", "photo": {"prefix": "https://igx.4sqi.net/img/user/", "suffix": "/VDIV2PIHGKJS41SM.jpg"}, "homeCity": "Unnamed Location", "lists": {"groups": [{"items": [], "count": 2, "type": "created"}]}}, {"tips": {"count": 2}, "contact": {}, "firstName": "Amanda", "gender": "female", "lastName": "Chen", "id": "2777541", "bio": "", "photo": {"prefix": "https://igx.4sqi.net/img/user/", "suffix": "/U5EV0EOD2GR33EPZ.jpg"}, "homeCity": "Singapore", "lists": {"groups": [{"items": [], "count": 2, "type": "created"}]}}, {"tips": {"count": 0}, "contact": {}, "firstName": "Izzy", "gender": "female", "lastName": "Tan", "id": "4580173", "bio": "", "photo": {"prefix": "https://igx.4sqi.net/img/user/", "suffix": "/blank_girl.png", "default": true}, "homeCity": "Singapore", "lists": {"groups": [{"items": [], "count": 2, "type": "created"}]}}, {"tips": {"count": 2}, "contact": {"twitter": "joyous", "facebook": "588810446"}, "firstName": "Joy", "gender": "female", "lastName": "Yap", "id": "449251", "bio": "", "photo": {"prefix": "https://igx.4sqi.net/img/user/", "suffix": "/HS5QE3C1NCEZ3AWB.jpg"}, "homeCity": "Singapore", "lists": {"groups": [{"items": [], "count": 2, "type": "created"}]}}, {"tips": {"count": 82}, "contact": {"twitter": "kokkkiri", "facebook": "633177382"}, "firstName": "Nickie", "gender": "female", "lastName": "Hwang", "id": "638391", "bio": "Finding good food is my passion :-)", "photo": {"prefix": "https://igx.4sqi.net/img/user/", "suffix": "/638391-4OVS0URPPHWLPPY1.jpg"}, "homeCity": "Nowhere", "lists": {"groups": [{"items": [], "count": 16, "type": "created"}]}}, {"tips": {"count": 43}, "contact": {}, "firstName": "The R", "gender": "male", "id": "1078948", "bio": "", "photo": {"prefix": "https://igx.4sqi.net/img/user/", "suffix": "/LSJHFI2B3Y5C4A44.jpg"}, "homeCity": "Singapore", "lists": {"groups": [{"items": [], "count": 2, "type": "created"}]}}, {"tips": {"count": 1}, "contact": {"facebook": "1049826629"}, "firstName": "Peh", "gender": "male", "lastName": "WanLiang", "id": "74540472", "bio": "", "photo": {"prefix": "https://igx.4sqi.net/img/user/", "suffix": "/74540472-LEWFQYTNCCHRCW1I.jpg"}, "homeCity": "Singapore", "lists": {"groups": [{"items": [], "count": 2, "type": "created"}]}}, {"tips": {"count": 0}, "contact": {"facebook": "100000453093652"}, "firstName": "Shi Wei", "gender": "male", "lastName": "Loh", "id": "121519", "bio": "", "photo": {"prefix": "https://igx.4sqi.net/img/user/", "suffix": "/blank_boy.png", "default": true}, "homeCity": "Singapore", "lists": {"groups": [{"items": [], "count": 2, "type": "created"}]}}, {"tips": {"count": 0}, "contact": {"facebook": "553449832"}, "firstName": "Jeannette", "gender": "female", "lastName": "Lim", "id": "724985", "bio": "", "photo": {"prefix": "https://igx.4sqi.net/img/user/", "suffix": "/O4Q2BENXHSEVHS4H.jpg"}, "homeCity": "singapore", "lists": {"groups": [{"items": [], "count": 2, "type": "created"}]}}, {"tips": {"count": 4}, "contact": {"facebook": "1240457330"}, "firstName": "KaReN", "gender": "female", "lastName": "Ho", "id": "864762", "bio": "", "photo": {"prefix": "https://igx.4sqi.net/img/user/", "suffix": "/0RPXOH2II3B5XODQ.jpg"}, "homeCity": "Singapore", "lists": {"groups": [{"items": [], "count": 2, "type": "created"}]}}, {"tips": {"count": 17}, "contact": {"twitter": "jasonlingx", "facebook": "645726958"}, "firstName": "Jason", "gender": "male", "lastName": "Ling", "id": "212775", "bio": "", "photo": {"prefix": "https://igx.4sqi.net/img/user/", "suffix": "/CAE3ITGEYI1WXJVO.jpg"}, "homeCity": "Singapore", "lists": {"groups": [{"items": [], "count": 2, "type": "created"}]}}, {"tips": {"count": 6}, "contact": {"twitter": "evo3shini", "facebook": "514772042"}, "firstName": "Aaron", "gender": "male", "lastName": "Advan", "id": "912447", "bio": "", "photo": {"prefix": "https://igx.4sqi.net/img/user/", "suffix": "/EOQGOQMR0RILERRG.jpg"}, "homeCity": "Singapore", "lists": {"groups": [{"items": [], "count": 3, "type": "created"}]}}, {"tips": {"count": 5}, "contact": {}, "firstName": "Sox", "gender": "female", "lastName": "Ski", "id": "4970316", "bio": "", "photo": {"prefix": "https://igx.4sqi.net/img/user/", "suffix": "/LHGTNAXGCKCXOBO3.jpg"}, "homeCity": "Singapore", "lists": {"groups": [{"items": [], "count": 2, "type": "created"}]}}, {"tips": {"count": 0}, "contact": {}, "firstName": "Sam", "gender": "male", "lastName": "Lim", "id": "4844617", "bio": "", "photo": {"prefix": "https://igx.4sqi.net/img/user/", "suffix": "/blank_boy.png", "default": true}, "homeCity": "Singapore", "lists": {"groups": [{"items": [], "count": 2, "type": "created"}]}}, {"tips": {"count": 0}, "contact": {"facebook": "626294498"}, "firstName": "Weijie", "gender": "male", "lastName": "Tan", "id": "5146829", "bio": "", "photo": {"prefix": "https://igx.4sqi.net/img/user/", "suffix": "/J4E2Y1BDBTTBTOOM.jpg"}, "homeCity": "Singapore", "lists": {"groups": [{"items": [], "count": 2, "type": "created"}]}}, {"tips": {"count": 0}, "contact": {"twitter": "vveivvei", "facebook": "503135972"}, "firstName": "Aww", "gender": "female", "lastName": "Wei Wei", "id": "10464067", "bio": "", "photo": {"prefix": "https://igx.4sqi.net/img/user/", "suffix": "/WFS1ZQZRDMAJA4CH.jpg"}, "homeCity": "Singapore", "lists": {"groups": [{"items": [], "count": 2, "type": "created"}]}}, {"tips": {"count": 5}, "contact": {}, "firstName": "\u5434", "gender": "male", "lastName": "Andrew", "id": "6629034", "bio": "", "photo": {"prefix": "https://igx.4sqi.net/img/user/", "suffix": "/54LZEJMQ50IICWUM.jpg"}, "homeCity": "New York, NY", "lists": {"groups": [{"items": [], "count": 2, "type": "created"}]}}, {"tips": {"count": 2}, "contact": {"twitter": "twittybird89"}, "firstName": "Estella", "gender": "female", "lastName": "Ng", "id": "4665902", "bio": "", "photo": {"prefix": "https://igx.4sqi.net/img/user/", "suffix": "/ELP4OKPHGH4L40NU.jpg"}, "homeCity": "Singapore", "lists": {"groups": [{"items": [], "count": 2, "type": "created"}]}}, {"tips": {"count": 0}, "contact": {"twitter": "sashimi1013", "facebook": "725448272"}, "firstName": "Jolyn", "gender": "female", "lastName": "Fong", "id": "6672169", "bio": "", "photo": {"prefix": "https://igx.4sqi.net/img/user/", "suffix": "/NFFMVM3S4OGQNGRU.jpg"}, "homeCity": "Las vegas", "lists": {"groups": [{"items": [], "count": 2, "type": "created"}]}}, {"tips": {"count": 0}, "contact": {"facebook": "855304974539158"}, "firstName": "Fariz", "gender": "male", "lastName": "Samad", "id": "134077331", "bio": "", "photo": {"prefix": "https://igx.4sqi.net/img/user/", "suffix": "/134077331-FTHZCQFTJD1E2ZJB.jpg"}, "homeCity": "Singapore", "lists": {"groups": [{"items": [], "count": 2, "type": "created"}]}}, {"tips": {"count": 0}, "contact": {"facebook": "744729821"}, "firstName": "Valarie", "gender": "none", "lastName": "bb", "id": "5897581", "bio": "", "photo": {"prefix": "https://igx.4sqi.net/img/user/", "suffix": "/Q25V3ZZOIXDGAVMN.jpg"}, "homeCity": "Singapore", "lists": {"groups": [{"items": [], "count": 2, "type": "created"}]}}, {"tips": {"count": 0}, "contact": {"facebook": "661747946"}, "firstName": "Celine", "gender": "female", "lastName": "Lew", "id": "2835038", "bio": "", "photo": {"prefix": "https://igx.4sqi.net/img/user/", "suffix": "/PEBFKOM2NJOV1QRT.jpg"}, "homeCity": "Singapore", "lists": {"groups": [{"items": [], "count": 2, "type": "created"}]}}, {"tips": {"count": 0}, "contact": {}, "firstName": "Nena", "gender": "female", "lastName": "Chua", "id": "6691923", "bio": "", "photo": {"prefix": "https://igx.4sqi.net/img/user/", "suffix": "/XVOEG2EH1CYMZPCU.jpg"}, "homeCity": "Singapore", "lists": {"groups": [{"items": [], "count": 2, "type": "created"}]}}, {"tips": {"count": 3}, "contact": {"facebook": "663554421"}, "firstName": "Thomas", "gender": "male", "lastName": "Lee", "id": "1233297", "bio": "", "photo": {"prefix": "https://igx.4sqi.net/img/user/", "suffix": "/W4MCW40NPB0E2KWX.jpg"}, "homeCity": "Singapore", "lists": {"groups": [{"items": [], "count": 2, "type": "created"}]}}, {"tips": {"count": 3}, "contact": {"twitter": "dxsibo", "facebook": "626741458"}, "firstName": "Eric", "gender": "male", "lastName": "Ho", "id": "747976", "bio": "", "photo": {"prefix": "https://igx.4sqi.net/img/user/", "suffix": "/O1ML5IMA5N0ZFPPA.jpg"}, "homeCity": "sbw, singapore", "lists": {"groups": [{"items": [], "count": 2, "type": "created"}]}}, {"tips": {"count": 0}, "contact": {"facebook": "664500778"}, "firstName": "samuel", "gender": "male", "lastName": "loke", "id": "3791597", "bio": "", "photo": {"prefix": "https://igx.4sqi.net/img/user/", "suffix": "/XN3D4AGFMA44VXT0.jpg"}, "homeCity": "Singapore", "lists": {"groups": [{"items": [], "count": 2, "type": "created"}]}}, {"tips": {"count": 0}, "contact": {}, "firstName": "Angie", "gender": "female", "lastName": "Teo", "id": "5087084", "bio": "", "photo": {"prefix": "https://igx.4sqi.net/img/user/", "suffix": "/MF22HFLZOYUCBY1Z.jpg"}, "homeCity": "Singapore", "lists": {"groups": [{"items": [], "count": 2, "type": "created"}]}}, {"tips": {"count": 0}, "contact": {"facebook": "717512940"}, "firstName": "Kelvyn", "gender": "male", "lastName": "Ng", "id": "1757621", "bio": "", "photo": {"prefix": "https://igx.4sqi.net/img/user/", "suffix": "/CYMXM5MJB13S5USI.jpg"}, "homeCity": "Jalan Bukit Merah, Singapore", "lists": {"groups": [{"items": [], "count": 2, "type": "created"}]}}, {"tips": {"count": 0}, "contact": {}, "firstName": "Ryan", "gender": "male", "lastName": "Teo", "id": "1153620", "bio": "", "photo": {"prefix": "https://igx.4sqi.net/img/user/", "suffix": "/blank_boy.png", "default": true}, "homeCity": "Singapore", "lists": {"groups": [{"items": [], "count": 2, "type": "created"}]}}, {"tips": {"count": 8}, "contact": {"facebook": "656891380"}, "firstName": "Adrian", "gender": "male", "lastName": "Soh", "id": "2595190", "bio": "", "photo": {"prefix": "https://igx.4sqi.net/img/user/", "suffix": "/2595190-VWJHWT5NAHGWUKD4.jpg"}, "homeCity": "Singapore", "lists": {"groups": [{"items": [], "count": 2, "type": "created"}]}}, {"tips": {"count": 0}, "contact": {"facebook": "544360904"}, "firstName": "Jermaine", "gender": "male", "id": "31849788", "bio": "", "photo": {"prefix": "https://igx.4sqi.net/img/user/", "suffix": "/HGC0QKFXMMDXIIDZ.jpg"}, "homeCity": "Singapore", "lists": {"groups": [{"items": [], "count": 2, "type": "created"}]}}, {"tips": {"count": 0}, "contact": {"facebook": "630575974"}, "firstName": "Miao", "gender": "female", "lastName": "Lim", "id": "16606593", "bio": "", "photo": {"prefix": "https://igx.4sqi.net/img/user/", "suffix": "/ODYHFKMFWJM4UQDH.jpg"}, "homeCity": "Singapore", "lists": {"groups": [{"items": [], "count": 2, "type": "created"}]}}, {"tips": {"count": 0}, "contact": {"facebook": "727548431"}, "firstName": "wei", "gender": "male", "lastName": "lun", "id": "6187502", "bio": "", "photo": {"prefix": "https://igx.4sqi.net/img/user/", "suffix": "/CS4AWUIEPOLNUFVN.jpg"}, "homeCity": "Singapore", "lists": {"groups": [{"items": [], "count": 2, "type": "created"}]}}, {"tips": {"count": 0}, "contact": {}, "firstName": "He hansen", "gender": "male", "lastName": "Jason", "id": "7008878", "bio": "", "photo": {"prefix": "https://igx.4sqi.net/img/user/", "suffix": "/GHNB4YXKOHZTXJXA.jpg"}, "homeCity": "Singapore", "lists": {"groups": [{"items": [], "count": 2, "type": "created"}]}}, {"tips": {"count": 0}, "contact": {"facebook": "711536152"}, "firstName": "Marcus", "gender": "male", "lastName": "Goh", "id": "11083956", "bio": "", "photo": {"prefix": "https://igx.4sqi.net/img/user/", "suffix": "/3IMYKFA2HGRPKXCD.jpg"}, "homeCity": "Singapore", "lists": {"groups": [{"items": [], "count": 2, "type": "created"}]}}, {"tips": {"count": 0}, "contact": {"facebook": "730284271"}, "firstName": "Edmund", "gender": "male", "lastName": "Leck", "id": "25534505", "bio": "", "photo": {"prefix": "https://igx.4sqi.net/img/user/", "suffix": "/DU1ZT5YEIACUZBKC.jpg"}, "homeCity": "New York, NY", "lists": {"groups": [{"items": [], "count": 2, "type": "created"}]}}, {"tips": {"count": 3}, "contact": {"facebook": "746705712"}, "firstName": "Sivabalan", "gender": "male", "lastName": "Ganesanathan", "id": "10752019", "bio": "", "photo": {"prefix": "https://igx.4sqi.net/img/user/", "suffix": "/10752019-HJJPYMS2HDJPRYUM.jpg"}, "homeCity": "Kuala Lumpur, Malaysia", "lists": {"groups": [{"items": [], "count": 4, "type": "created"}]}}, {"tips": {"count": 0}, "contact": {"facebook": "503012858"}, "firstName": "Amanda", "gender": "female", "lastName": "Chen", "id": "24074117", "bio": "", "photo": {"prefix": "https://igx.4sqi.net/img/user/", "suffix": "/TJH15ZHDQWN0QSWA.jpg"}, "homeCity": "Singapore ", "lists": {"groups": [{"items": [], "count": 3, "type": "created"}]}}, {"tips": {"count": 1}, "contact": {"facebook": "785653419"}, "firstName": "Sincere Lam", "gender": "female", "id": "6154757", "bio": "", "photo": {"prefix": "https://igx.4sqi.net/img/user/", "suffix": "/2O0QUKPUPO4ZGKEO.jpg"}, "homeCity": "Singapore", "lists": {"groups": [{"items": [], "count": 2, "type": "created"}]}}, {"tips": {"count": 0}, "contact": {"facebook": "1245000467"}, "firstName": "Muhammad Azhar", "gender": "male", "lastName": "Osman", "id": "2958962", "bio": "", "photo": {"prefix": "https://igx.4sqi.net/img/user/", "suffix": "/2HLJDOESA424JDJW.jpg"}, "homeCity": "Singapore", "lists": {"groups": [{"items": [], "count": 2, "type": "created"}]}}, {"tips": {"count": 7}, "contact": {"twitter": "alessiangelis", "facebook": "10153184110336991"}, "firstName": "Alexa", "gender": "female", "lastName": "L.", "id": "22623787", "bio": "", "photo": {"prefix": "https://igx.4sqi.net/img/user/", "suffix": "/MUIDV3JHZJ4CNVS2.jpg"}, "homeCity": "Paris, France", "lists": {"groups": [{"items": [], "count": 2, "type": "created"}]}}, {"tips": {"count": 0}, "contact": {"facebook": "100000170194084"}, "firstName": "Maxis", "gender": "male", "id": "2886469", "bio": "", "photo": {"prefix": "https://igx.4sqi.net/img/user/", "suffix": "/FPK0KNYR2PLIHI0K.jpg"}, "homeCity": "Singapore", "lists": {"groups": [{"items": [], "count": 2, "type": "created"}]}}, {"tips": {"count": 38}, "contact": {"twitter": "ryangoh84", "facebook": "617632315"}, "firstName": "Ryan", "gender": "male", "lastName": "Goh", "id": "760085", "bio": "", "photo": {"prefix": "https://igx.4sqi.net/img/user/", "suffix": "/CJK1EQIYYNYTIGRO.jpg"}, "homeCity": "Singapore", "lists": {"groups": [{"items": [], "count": 2, "type": "created"}]}}, {"tips": {"count": 0}, "contact": {"facebook": "755817838"}, "firstName": "Najib", "gender": "male", "lastName": "Ariola", "id": "8322619", "bio": "", "photo": {"prefix": "https://igx.4sqi.net/img/user/", "suffix": "/QK24FGIJCXIMTRTC.jpg"}, "homeCity": "Singapore", "lists": {"groups": [{"items": [], "count": 2, "type": "created"}]}}, {"tips": {"count": 3}, "contact": {"twitter": "aaronssi", "facebook": "100000470313415"}, "firstName": "Aaron", "gender": "male", "lastName": "Chng", "id": "1206670", "bio": "", "photo": {"prefix": "https://igx.4sqi.net/img/user/", "suffix": "/VY4UT5MY3W0LGGNQ.jpg"}, "homeCity": "Singapore", "lists": {"groups": [{"items": [], "count": 2, "type": "created"}]}}, {"tips": {"count": 0}, "contact": {"facebook": "714897912"}, "firstName": "Malcolm", "gender": "male", "lastName": "Pang", "id": "2692253", "bio": "", "photo": {"prefix": "https://igx.4sqi.net/img/user/", "suffix": "/PBFBNEARHC2OPI3J.jpg"}, "homeCity": "Singapore", "lists": {"groups": [{"items": [], "count": 2, "type": "created"}]}}, {"tips": {"count": 0}, "contact": {"facebook": "635126071"}, "firstName": "Max", "gender": "male", "lastName": "Penzel", "id": "33262980", "bio": "", "photo": {"prefix": "https://igx.4sqi.net/img/user/", "suffix": "/EO4F14TCR2FRJ0JV.jpg"}, "homeCity": "Berlin, Germany", "lists": {"groups": [{"items": [], "count": 2, "type": "created"}]}}, {"tips": {"count": 0}, "contact": {"facebook": "569378205"}, "firstName": "WeiYin", "gender": "female", "lastName": "Lim", "id": "12433971", "bio": "", "photo": {"prefix": "https://igx.4sqi.net/img/user/", "suffix": "/1LUICKGQMNCCAXWM.jpg"}, "homeCity": "Singapore", "lists": {"groups": [{"items": [], "count": 2, "type": "created"}]}}, {"tips": {"count": 3}, "contact": {"facebook": "1065940623"}, "firstName": "Emily", "gender": "female", "lastName": "Ang", "id": "10686810", "bio": "", "photo": {"prefix": "https://igx.4sqi.net/img/user/", "suffix": "/YEFBZISM5CLGYDYP.jpg"}, "homeCity": "Singapore", "lists": {"groups": [{"items": [], "count": 2, "type": "created"}]}}, {"tips": {"count": 0}, "contact": {"facebook": "733090256"}, "firstName": "Mingzhi", "gender": "female", "lastName": "Hong", "id": "18097654", "bio": "", "photo": {"prefix": "https://igx.4sqi.net/img/user/", "suffix": "/01IDR3C4QTHW4MGV.jpg"}, "homeCity": "Singapore", "lists": {"groups": [{"items": [], "count": 2, "type": "created"}]}}, {"tips": {"count": 0}, "contact": {"twitter": "dillee", "facebook": "580757914"}, "firstName": "Keirsten", "gender": "female", "lastName": "Clark", "id": "7476868", "bio": "", "photo": {"prefix": "https://igx.4sqi.net/img/user/", "suffix": "/VQIHOF5AD14R1EEV.jpg"}, "homeCity": "Kuala Lumpur, Malaysia", "lists": {"groups": [{"items": [], "count": 2, "type": "created"}]}}, {"tips": {"count": 0}, "contact": {"facebook": "752967507"}, "firstName": "Veron", "gender": "female", "lastName": "Chua", "id": "3583494", "bio": "", "photo": {"prefix": "https://igx.4sqi.net/img/user/", "suffix": "/5AVZA01RJFB2HPA0.jpg"}, "homeCity": "Singapore", "lists": {"groups": [{"items": [], "count": 2, "type": "created"}]}}, {"tips": {"count": 0}, "contact": {"facebook": "653267332"}, "firstName": "Darren", "gender": "male", "lastName": "Zhu Baolong", "id": "2931586", "bio": "", "photo": {"prefix": "https://igx.4sqi.net/img/user/", "suffix": "/VR5HK0V13XGAPJ2C.jpg"}, "homeCity": "Singapore", "lists": {"groups": [{"items": [], "count": 2, "type": "created"}]}}, {"tips": {"count": 0}, "contact": {"twitter": "quithatlove", "facebook": "1027849084"}, "firstName": "Red", "gender": "female", "id": "5033301", "bio": "", "photo": {"prefix": "https://igx.4sqi.net/img/user/", "suffix": "/5033301-W4ZH1IH44RMSRMKV.jpg"}, "homeCity": "Singapore", "lists": {"groups": [{"items": [], "count": 2, "type": "created"}]}}, {"tips": {"count": 0}, "contact": {}, "firstName": "Kaia", "gender": "female", "lastName": "Bowe", "id": "80543837", "bio": "", "photo": {"prefix": "https://igx.4sqi.net/img/user/", "suffix": "/80543837-MEU5RF11QHQRGEJU.jpg"}, "homeCity": "", "lists": {"groups": [{"items": [], "count": 2, "type": "created"}]}}, {"tips": {"count": 6}, "contact": {"twitter": "eagereagle81", "facebook": "519050270"}, "firstName": "Sebastian", "gender": "male", "lastName": "Cheong", "id": "1321728", "bio": "", "photo": {"prefix": "https://igx.4sqi.net/img/user/", "suffix": "/EHPMPUNT1A5IGHBU.jpg"}, "homeCity": "Singapore", "lists": {"groups": [{"items": [], "count": 2, "type": "created"}]}}, {"tips": {"count": 1}, "contact": {"twitter": "lennardchan", "facebook": "100001352706908"}, "firstName": "Lennard", "gender": "male", "lastName": "Chan", "id": "2871376", "bio": "", "photo": {"prefix": "https://igx.4sqi.net/img/user/", "suffix": "/2871376-MMDNSSC41YEEEFGS.jpg"}, "homeCity": "Singapore", "lists": {"groups": [{"items": [], "count": 2, "type": "created"}]}}, {"tips": {"count": 0}, "contact": {"facebook": "1375053267"}, "firstName": "Dennis", "gender": "male", "lastName": "Tan", "id": "33451921", "bio": "", "photo": {"prefix": "https://igx.4sqi.net/img/user/", "suffix": "/ZPXQKSYAZXGKEZR5.jpg"}, "homeCity": "New York, NY", "lists": {"groups": [{"items": [], "count": 2, "type": "created"}]}}, {"tips": {"count": 0}, "contact": {"facebook": "582816578"}, "firstName": "Eric", "gender": "male", "lastName": "Toh", "id": "24600803", "bio": "", "photo": {"prefix": "https://igx.4sqi.net/img/user/", "suffix": "/blank_boy.png", "default": true}, "homeCity": "New York, NY", "lists": {"groups": [{"items": [], "count": 2, "type": "created"}]}}, {"tips": {"count": 0}, "contact": {"facebook": "747911258"}, "firstName": "Gary", "gender": "male", "lastName": "Yeo", "id": "19210754", "bio": "", "photo": {"prefix": "https://igx.4sqi.net/img/user/", "suffix": "/DX0T343OZ2TRFA0G.jpg"}, "homeCity": "Singapore", "lists": {"groups": [{"items": [], "count": 2, "type": "created"}]}}, {"tips": {"count": 0}, "contact": {"facebook": "504880766"}, "firstName": "Patrick", "gender": "male", "lastName": "Hertel", "id": "45016311", "bio": "", "photo": {"prefix": "https://igx.4sqi.net/img/user/", "suffix": "/VJC00VEG5ZJE1JUC.jpg"}, "homeCity": "Elgin, IL", "lists": {"groups": [{"items": [], "count": 2, "type": "created"}]}}, {"tips": {"count": 0}, "contact": {"facebook": "1098575627"}, "firstName": "Mata", "gender": "male", "lastName": "Merah", "id": "3744328", "bio": "", "photo": {"prefix": "https://igx.4sqi.net/img/user/", "suffix": "/PIENJE2MU2XVJKMS.jpg"}, "homeCity": "Singapore", "lists": {"groups": [{"items": [], "count": 2, "type": "created"}]}}, {"tips": {"count": 0}, "contact": {"facebook": "544125097"}, "firstName": "Jaslyn", "gender": "female", "lastName": "Koh", "id": "2931751", "bio": "", "photo": {"prefix": "https://igx.4sqi.net/img/user/", "suffix": "/HM1FZ1FIWI2MVWIC.jpg"}, "homeCity": "Singapore", "lists": {"groups": [{"items": [], "count": 2, "type": "created"}]}}, {"tips": {"count": 0}, "contact": {"facebook": "697716008"}, "firstName": "Annabel", "gender": "female", "lastName": "Meifang", "id": "6600354", "bio": "", "photo": {"prefix": "https://igx.4sqi.net/img/user/", "suffix": "/O23MZY5X5NUSLQGU.jpg"}, "homeCity": "Singapore", "lists": {"groups": [{"items": [], "count": 2, "type": "created"}]}}, {"tips": {"count": 0}, "contact": {"facebook": "662342221"}, "firstName": "Tasmaishree", "gender": "male", "lastName": "Naidu", "id": "1393078", "bio": "", "photo": {"prefix": "https://igx.4sqi.net/img/user/", "suffix": "/4BP24SKT443MIZIS.jpg"}, "homeCity": "Singapore", "lists": {"groups": [{"items": [], "count": 2, "type": "created"}]}}, {"tips": {"count": 5}, "contact": {}, "firstName": "Kim Hang", "gender": "male", "lastName": "Chan", "id": "3508359", "bio": "", "photo": {"prefix": "https://igx.4sqi.net/img/user/", "suffix": "/FD0HIPMZREUVPKKC.jpg"}, "homeCity": "Singapore", "lists": {"groups": [{"items": [], "count": 2, "type": "created"}]}}, {"tips": {"count": 0}, "contact": {"facebook": "100000291431524"}, "firstName": "Faizan", "gender": "male", "id": "33689149", "bio": "Let's Go Diving.", "photo": {"prefix": "https://igx.4sqi.net/img/user/", "suffix": "/JMZD2MKVFVUFMSA3.jpg"}, "homeCity": "Kuala Terengganu", "lists": {"groups": [{"items": [], "count": 2, "type": "created"}]}}, {"tips": {"count": 0}, "contact": {"facebook": "100000482915407"}, "firstName": "Roszainy", "gender": "male", "id": "46187075", "bio": "", "photo": {"prefix": "https://igx.4sqi.net/img/user/", "suffix": "/1GTR33CM21L00FE4.jpg"}, "homeCity": "Singapore", "lists": {"groups": [{"items": [], "count": 2, "type": "created"}]}}, {"tips": {"count": 0}, "contact": {"facebook": "708197454"}, "firstName": "Nurelle", "gender": "female", "lastName": "Tahar", "id": "3951423", "bio": "", "photo": {"prefix": "https://igx.4sqi.net/img/user/", "suffix": "/EAUJWZAZBDQYXUED.jpg"}, "homeCity": "Singapore", "lists": {"groups": [{"items": [], "count": 2, "type": "created"}]}}, {"tips": {"count": 2}, "contact": {"facebook": "575446576"}, "firstName": "Mah", "gender": "male", "lastName": "Mark", "id": "4796580", "bio": "", "photo": {"prefix": "https://igx.4sqi.net/img/user/", "suffix": "/JK3U2QHDWPYAQIIA.jpg"}, "homeCity": "Singapore", "lists": {"groups": [{"items": [], "count": 2, "type": "created"}]}}, {"tips": {"count": 0}, "contact": {"facebook": "617947389"}, "firstName": "Jimmy CK", "gender": "male", "lastName": "Lau", "id": "7585996", "bio": "", "photo": {"prefix": "https://igx.4sqi.net/img/user/", "suffix": "/HUNPFOEKORRNIYSK.jpg"}, "homeCity": "Singapore", "lists": {"groups": [{"items": [], "count": 2, "type": "created"}]}}, {"tips": {"count": 1}, "contact": {}, "firstName": "Syed Afiq", "gender": "male", "lastName": "Syed Ismail", "id": "1408211", "bio": "", "photo": {"prefix": "https://igx.4sqi.net/img/user/", "suffix": "/PSBFVHIQEO1QYL23.jpg"}, "homeCity": "Jurong West, Singapore", "lists": {"groups": [{"items": [], "count": 2, "type": "created"}]}}, {"tips": {"count": 0}, "contact": {}, "firstName": "He Hansen", "gender": "male", "lastName": "Jason", "id": "3851418", "bio": "", "photo": {"prefix": "https://igx.4sqi.net/img/user/", "suffix": "/2FD43ZT2LFED5DJE.jpg"}, "homeCity": "Singapore", "lists": {"groups": [{"items": [], "count": 2, "type": "created"}]}}, {"tips": {"count": 1}, "contact": {"twitter": "clarencezzz", "facebook": "753632687"}, "firstName": "Clarence", "gender": "male", "lastName": "Tan", "id": "3951993", "bio": "", "photo": {"prefix": "https://igx.4sqi.net/img/user/", "suffix": "/3951993-R1ELOE5NUQ2NOISC.jpg"}, "homeCity": "Singapore", "lists": {"groups": [{"items": [], "count": 2, "type": "created"}]}}, {"tips": {"count": 0}, "contact": {}, "firstName": "Han Lin", "gender": "male", "lastName": "Teh", "id": "1843044", "bio": "", "photo": {"prefix": "https://igx.4sqi.net/img/user/", "suffix": "/2EDFW2NOQ2PFADDP.jpg"}, "homeCity": "Serangoon, Singapore", "lists": {"groups": [{"items": [], "count": 2, "type": "created"}]}}, {"tips": {"count": 0}, "contact": {"twitter": "jinpinglynn", "facebook": "691982241"}, "firstName": "jinping", "gender": "female", "lastName": "lynn", "id": "4442848", "bio": "", "photo": {"prefix": "https://igx.4sqi.net/img/user/", "suffix": "/HG2E2GFTWM1PIKRX.jpg"}, "homeCity": "Singapore", "lists": {"groups": [{"items": [], "count": 2, "type": "created"}]}}, {"tips": {"count": 2}, "contact": {"facebook": "1279425168"}, "firstName": "Gary", "gender": "male", "lastName": "Tan", "id": "4659950", "bio": "", "photo": {"prefix": "https://igx.4sqi.net/img/user/", "suffix": "/ALNVLB2CXPRUNPCS.jpg"}, "homeCity": "Singapore", "lists": {"groups": [{"items": [], "count": 2, "type": "created"}]}}, {"tips": {"count": 2}, "contact": {}, "firstName": "Joe", "gender": "male", "lastName": "Soon", "id": "2015234", "bio": "", "photo": {"prefix": "https://igx.4sqi.net/img/user/", "suffix": "/JODY1AHOZPBQ2NO1.jpg"}, "homeCity": "Sengkang, Singapore", "lists": {"groups": [{"items": [], "count": 2, "type": "created"}]}}, {"tips": {"count": 6}, "contact": {"facebook": "671892840"}, "firstName": "Aaron", "gender": "male", "lastName": "Liew", "id": "4495401", "bio": "", "photo": {"prefix": "https://igx.4sqi.net/img/user/", "suffix": "/ICXGNUSCCCD4BUII.jpg"}, "homeCity": "Singapore", "lists": {"groups": [{"items": [], "count": 2, "type": "created"}]}}, {"tips": {"count": 0}, "contact": {}, "firstName": "Adeline", "gender": "none", "lastName": "Sia", "id": "5325082", "bio": "", "photo": {"prefix": "https://igx.4sqi.net/img/user/", "suffix": "/blank_boy.png", "default": true}, "homeCity": "Singapore", "lists": {"groups": [{"items": [], "count": 2, "type": "created"}]}}, {"tips": {"count": 2}, "contact": {"facebook": "589291956"}, "firstName": "Yu Sern", "gender": "male", "lastName": "Ong", "id": "2037942", "bio": "", "photo": {"prefix": "https://igx.4sqi.net/img/user/", "suffix": "/ZLY105XIKA0K00CV.jpg"}, "homeCity": "Singapore", "lists": {"groups": [{"items": [], "count": 2, "type": "created"}]}}, {"tips": {"count": 3}, "contact": {"facebook": "677078574"}, "firstName": "Elvin", "gender": "male", "lastName": "Ang", "id": "4749453", "bio": "", "photo": {"prefix": "https://igx.4sqi.net/img/user/", "suffix": "/K5FF535MGOODPSQE.jpg"}, "homeCity": "Singapore", "lists": {"groups": [{"items": [], "count": 2, "type": "created"}]}}, {"tips": {"count": 9}, "contact": {"facebook": "626683459"}, "firstName": "Muhammed", "gender": "male", "lastName": "Syafiee", "id": "2064415", "bio": "", "photo": {"prefix": "https://igx.4sqi.net/img/user/", "suffix": "/PK2EJQVAMQZFTBXB.jpg"}, "homeCity": "Singapore, -", "lists": {"groups": [{"items": [], "count": 2, "type": "created"}]}}, {"tips": {"count": 0}, "contact": {"facebook": "526664388"}, "firstName": "Dave", "gender": "male", "lastName": "Ng", "id": "5796385", "bio": "", "photo": {"prefix": "https://igx.4sqi.net/img/user/", "suffix": "/N23KEQSAPJZZZRFZ.jpg"}, "homeCity": "Singapore", "lists": {"groups": [{"items": [], "count": 2, "type": "created"}]}}, {"tips": {"count": 4}, "contact": {}, "firstName": "Rune", "gender": "male", "lastName": "Tan", "id": "2089241", "bio": "", "photo": {"prefix": "https://igx.4sqi.net/img/user/", "suffix": "/5AZLDTBPGBISE0GM.jpg"}, "homeCity": "Singapore", "lists": {"groups": [{"items": [], "count": 2, "type": "created"}]}}, {"tips": {"count": 5}, "contact": {"facebook": "577611858"}, "firstName": "Almy", "gender": "female", "lastName": "Goh", "id": "6098081", "bio": "", "photo": {"prefix": "https://igx.4sqi.net/img/user/", "suffix": "/SGW25TDBPN4CH0MO.jpg"}, "homeCity": "Singapore", "lists": {"groups": [{"items": [], "count": 2, "type": "created"}]}}, {"tips": {"count": 2}, "contact": {"facebook": "1433258661"}, "firstName": "Don", "gender": "male", "lastName": "Loh", "id": "2172923", "bio": "", "photo": {"prefix": "https://igx.4sqi.net/img/user/", "suffix": "/WH1B5BRIMLD1VRF2.jpg"}, "homeCity": "Kuala Lumpur, Malaysia", "lists": {"groups": [{"items": [], "count": 2, "type": "created"}]}}, {"tips": {"count": 1}, "contact": {"facebook": "1745753547"}, "firstName": "Sharon", "gender": "female", "lastName": "Soon", "id": "6151655", "bio": "", "photo": {"prefix": "https://igx.4sqi.net/img/user/", "suffix": "/R4FXGJ2SOBPGG4E2.jpg"}, "homeCity": "Singapore", "lists": {"groups": [{"items": [], "count": 2, "type": "created"}]}}, {"tips": {"count": 0}, "contact": {}, "firstName": "Reen", "gender": "female", "lastName": "Tan", "id": "2173869", "bio": "", "photo": {"prefix": "https://igx.4sqi.net/img/user/", "suffix": "/NWIQPLLDLWVZYWVO.jpg"}, "homeCity": "Singapore", "lists": {"groups": [{"items": [], "count": 2, "type": "created"}]}}, {"tips": {"count": 0}, "contact": {"facebook": "769767805"}, "firstName": "Mavis", "gender": "female", "lastName": "Chan", "id": "2270188", "bio": "", "photo": {"prefix": "https://igx.4sqi.net/img/user/", "suffix": "/AOSJCWWQBMS4GHC1.jpg"}, "homeCity": "Singapore", "lists": {"groups": [{"items": [], "count": 2, "type": "created"}]}}, {"tips": {"count": 0}, "contact": {"facebook": "1026017067"}, "firstName": "Azman", "gender": "male", "lastName": "Dahlan", "id": "2420066", "bio": "", "photo": {"prefix": "https://igx.4sqi.net/img/user/", "suffix": "/HNQWZK33BHCPNQ1Z.jpg"}, "homeCity": "North Lakes, Australia", "lists": {"groups": [{"items": [], "count": 2, "type": "created"}]}}, {"tips": {"count": 0}, "contact": {}, "firstName": "Alan", "gender": "male", "lastName": "Lee", "id": "2482392", "bio": "", "photo": {"prefix": "https://igx.4sqi.net/img/user/", "suffix": "/K2PR121HAFSL0YIN.jpg"}, "homeCity": "Singapore", "lists": {"groups": [{"items": [], "count": 2, "type": "created"}]}}, {"tips": {"count": 0}, "contact": {"twitter": "nita_chandra", "facebook": "773595477"}, "firstName": "Anita", "gender": "female", "lastName": "Chandra", "id": "2640760", "bio": "", "photo": {"prefix": "https://igx.4sqi.net/img/user/", "suffix": "/FNQ04QTPSWF0WND2.jpg"}, "homeCity": "Singapore", "lists": {"groups": [{"items": [], "count": 3, "type": "created"}]}}, {"tips": {"count": 2}, "contact": {}, "firstName": "Eric", "gender": "male", "lastName": "Toh", "id": "3147060", "bio": "", "photo": {"prefix": "https://igx.4sqi.net/img/user/", "suffix": "/blank_boy.png", "default": true}, "homeCity": "Singapore", "lists": {"groups": [{"items": [], "count": 2, "type": "created"}]}}, {"tips": {"count": 0}, "contact": {"facebook": "590826813"}, "firstName": "Tham", "gender": "male", "lastName": "Gary", "id": "4074096", "bio": "", "photo": {"prefix": "https://igx.4sqi.net/img/user/", "suffix": "/N0UCPU1BJU0LI5ZM.jpg"}, "homeCity": "Singapore", "lists": {"groups": [{"items": [], "count": 2, "type": "created"}]}}, {"tips": {"count": 0}, "contact": {"facebook": "619535685"}, "firstName": "Yuen", "gender": "male", "lastName": "JiaJun", "id": "4161659", "bio": "", "photo": {"prefix": "https://igx.4sqi.net/img/user/", "suffix": "/YSUJ5LD4U2X2HYAM.jpg"}, "homeCity": "Singapore", "lists": {"groups": [{"items": [], "count": 2, "type": "created"}]}}, {"tips": {"count": 0}, "contact": {}, "firstName": "Yus", "gender": "male", "lastName": "BoGSter", "id": "4166312", "bio": "", "photo": {"prefix": "https://igx.4sqi.net/img/user/", "suffix": "/G3ZV430VTGXEQZ1M.jpg"}, "homeCity": "Singapore", "lists": {"groups": [{"items": [], "count": 2, "type": "created"}]}}, {"tips": {"count": 7}, "contact": {"twitter": "poohthehero", "facebook": "533088122"}, "firstName": "Kaiser", "gender": "female", "lastName": "Lee", "id": "5132038", "bio": "", "photo": {"prefix": "https://igx.4sqi.net/img/user/", "suffix": "/ZAXMVVNI1UBFPKEB.jpg"}, "homeCity": "Singapore", "lists": {"groups": [{"items": [], "count": 2, "type": "created"}]}}, {"tips": {"count": 0}, "contact": {"twitter": "crazygeniuslim", "facebook": "660905292"}, "firstName": "CraZYGeniusLim", "gender": "male", "id": "5900050", "bio": "", "photo": {"prefix": "https://igx.4sqi.net/img/user/", "suffix": "/RCQB2LTJ3141A3PC.jpg"}, "homeCity": "Singapore", "lists": {"groups": [{"items": [], "count": 2, "type": "created"}]}}, {"tips": {"count": 0}, "contact": {}, "firstName": "Li", "gender": "female", "lastName": "Ming", "id": "6012401", "bio": "", "photo": {"prefix": "https://igx.4sqi.net/img/user/", "suffix": "/blank_girl.png", "default": true}, "homeCity": "Singapore", "lists": {"groups": [{"items": [], "count": 2, "type": "created"}]}}, {"tips": {"count": 0}, "contact": {"facebook": "707764905"}, "firstName": "Robbie", "gender": "male", "lastName": "Alif", "id": "6016165", "bio": "", "photo": {"prefix": "https://igx.4sqi.net/img/user/", "suffix": "/OAL4RERXSESG5JTG.jpg"}, "homeCity": "Singapore", "lists": {"groups": [{"items": [], "count": 2, "type": "created"}]}}, {"tips": {"count": 1}, "contact": {"twitter": "tazlife", "facebook": "1001528545"}, "firstName": "Dawn", "gender": "female", "lastName": "Chew", "id": "31202433", "bio": "i wish u ll be there...", "photo": {"prefix": "https://igx.4sqi.net/img/user/", "suffix": "/31202433-LE1BMTQSBIJNWX3K.jpg"}, "homeCity": "Singapore", "lists": {"groups": [{"items": [], "count": 2, "type": "created"}]}}, {"tips": {"count": 0}, "contact": {"facebook": "519436996"}, "firstName": "Joe", "gender": "male", "lastName": "Ang", "id": "83542538", "bio": "", "photo": {"prefix": "https://igx.4sqi.net/img/user/", "suffix": "/blank_boy.png", "default": true}, "homeCity": "Phuket", "lists": {"groups": [{"items": [], "count": 2, "type": "created"}]}}], "count": 111}, "checksum": "d939a90dc62f6531fced3c3b59f1cd9d5d7e6c5f"}, "meta": {"requestId": "5965c2c2dd57972d41d70b86", "code": 200}}