{"notifications": [{"type": "notificationTray", "item": {"unreadCount": 0}}], "response": {"friends": {"items": [{"tips": {"count": 0}, "contact": {}, "firstName": "Aries", "gender": "male", "lastName": "Leonardo", "id": "4529867", "bio": "", "photo": {"prefix": "https://igx.4sqi.net/img/user/", "suffix": "/1QQIW50GOFZA1IM1.jpg"}, "homeCity": "Singapore", "lists": {"groups": [{"items": [], "count": 2, "type": "created"}]}}, {"tips": {"count": 46}, "contact": {"twitter": "rezywezy", "facebook": "599554829"}, "firstName": "Rezza", "gender": "female", "lastName": "Custodio-Soriano", "id": "414240", "bio": "", "photo": {"prefix": "https://igx.4sqi.net/img/user/", "suffix": "/VUDNPDSI4KR4V0XF.jpg"}, "homeCity": "Makati, Philippines", "lists": {"groups": [{"items": [], "count": 3, "type": "created"}]}}, {"tips": {"count": 13}, "contact": {"twitter": "iandmac", "facebook": "555439651"}, "firstName": "Ian", "gender": "male", "lastName": "Darric", "id": "351685", "bio": "", "photo": {"prefix": "https://igx.4sqi.net/img/user/", "suffix": "/1FM5SOUGAUSRFGI1.jpg"}, "homeCity": "Singapore", "lists": {"groups": [{"items": [], "count": 2, "type": "created"}]}}, {"tips": {"count": 0}, "contact": {"twitter": "_princerain_", "facebook": "584984778"}, "firstName": "Rainier", "gender": "none", "lastName": "Mateos", "id": "4670160", "bio": "", "photo": {"prefix": "https://igx.4sqi.net/img/user/", "suffix": "/EOEM4NFMUJN4KOF5.jpg"}, "homeCity": "Muntinlupa City, Philippines", "lists": {"groups": [{"items": [], "count": 2, "type": "created"}]}}, {"tips": {"count": 2}, "contact": {"twitter": "leslaysolamo", "facebook": "10209816910997461"}, "firstName": "Leslie", "gender": "female", "lastName": "Solamo", "id": "1380494", "bio": "", "photo": {"prefix": "https://igx.4sqi.net/img/user/", "suffix": "/VBBE401QJF40Q2TO.jpg"}, "homeCity": "Davao City, Davao Region", "lists": {"groups": [{"items": [], "count": 2, "type": "created"}]}}, {"tips": {"count": 6}, "contact": {"twitter": "ayzeerina", "facebook": "607918416"}, "firstName": "Ayzee", "gender": "female", "lastName": "Casimiro", "id": "5636393", "bio": "", "photo": {"prefix": "https://igx.4sqi.net/img/user/", "suffix": "/UBU14OLHZV3JQEQA.jpg"}, "homeCity": "Manila, Philippines", "lists": {"groups": [{"items": [], "count": 2, "type": "created"}]}}, {"tips": {"count": 4}, "contact": {"twitter": "faisalgiggsy", "facebook": "668581613"}, "firstName": "Faisal", "gender": "male", "lastName": "Giggsy", "id": "1999193", "bio": "", "photo": {"prefix": "https://igx.4sqi.net/img/user/", "suffix": "/N1JS3IMPGVXHBDG2.jpg"}, "homeCity": "470629, Singapore", "lists": {"groups": [{"items": [], "count": 2, "type": "created"}]}}, {"tips": {"count": 2}, "contact": {"twitter": "applebernardino", "facebook": "600013680"}, "firstName": "Apple Jane", "gender": "female", "lastName": "Bernardino-Enriquez", "id": "2885830", "bio": "", "photo": {"prefix": "https://igx.4sqi.net/img/user/", "suffix": "/43RDQBHKSUITSQMU.jpg"}, "homeCity": "Meycauayan City, Bulacan, Philippines", "lists": {"groups": [{"items": [], "count": 2, "type": "created"}]}}, {"tips": {"count": 2}, "contact": {"twitter": "iamdreyd", "facebook": "621604793"}, "firstName": "Drey", "gender": "female", "lastName": "David", "id": "1078041", "bio": "", "photo": {"prefix": "https://igx.4sqi.net/img/user/", "suffix": "/E2CRLHSAUXH5UXBN.jpg"}, "homeCity": "", "lists": {"groups": [{"items": [], "count": 2, "type": "created"}]}}, {"tips": {"count": 0}, "contact": {"twitter": "happypilldel", "facebook": "685364055"}, "firstName": "Dalla", "gender": "female", "lastName": "Sucgang", "id": "1462397", "bio": "", "photo": {"prefix": "https://igx.4sqi.net/img/user/", "suffix": "/ZNU4H2WEGYATXZ5I.jpg"}, "homeCity": "Manila, Philippines", "lists": {"groups": [{"items": [], "count": 2, "type": "created"}]}}, {"tips": {"count": 17}, "contact": {"twitter": "chewychua", "facebook": "679603942"}, "firstName": "Chewy", "gender": "male", "lastName": "Chua", "id": "721174", "bio": "", "photo": {"prefix": "https://igx.4sqi.net/img/user/", "suffix": "/LZPWF3EQG3CFF0LG.jpg"}, "homeCity": "Quezon City, NCR", "lists": {"groups": [{"items": [], "count": 2, "type": "created"}]}}, {"tips": {"count": 0}, "contact": {"facebook": "1053197830"}, "firstName": "Randy", "gender": "male", "lastName": "Tiempo", "id": "784726", "bio": "", "photo": {"prefix": "https://igx.4sqi.net/img/user/", "suffix": "/784726-A55EEYA04EPUWXAL.jpg"}, "homeCity": "Las Pinas City", "lists": {"groups": [{"items": [], "count": 2, "type": "created"}]}}, {"tips": {"count": 3}, "contact": {"twitter": "nix_santos", "facebook": "811193507"}, "firstName": "Nikki", "gender": "female", "lastName": "Santos", "id": "3078391", "bio": "", "photo": {"prefix": "https://igx.4sqi.net/img/user/", "suffix": "/D2YZKXKGUQF1KSQ2.jpg"}, "homeCity": "Makati City, Philippines", "lists": {"groups": [{"items": [], "count": 2, "type": "created"}]}}, {"tips": {"count": 2}, "contact": {"twitter": "verywasabi", "facebook": "1016812912"}, "firstName": "Maik", "gender": "male", "id": "1032325", "bio": "", "photo": {"prefix": "https://igx.4sqi.net/img/user/", "suffix": "/1032325-VNEQTQAE0APEIDUT.jpg"}, "homeCity": "Alabang ", "lists": {"groups": [{"items": [], "count": 2, "type": "created"}]}}, {"tips": {"count": 11}, "contact": {"twitter": "clayman79"}, "firstName": "Angelo", "gender": "male", "lastName": "Morales", "id": "4864879", "bio": "", "photo": {"prefix": "https://igx.4sqi.net/img/user/", "suffix": "/PKFVO4MYSNCDW24V.jpg"}, "homeCity": "Singapore", "lists": {"groups": [{"items": [], "count": 2, "type": "created"}]}}, {"tips": {"count": 3}, "contact": {"twitter": "gabenovicio", "facebook": "688425699"}, "firstName": "Gabriel", "gender": "male", "lastName": "Novicio", "id": "5661104", "bio": "", "photo": {"prefix": "https://igx.4sqi.net/img/user/", "suffix": "/RX2CURSR32E1AUYD.jpg"}, "homeCity": "Las Pinas, City", "lists": {"groups": [{"items": [], "count": 2, "type": "created"}]}}, {"tips": {"count": 3}, "contact": {"twitter": "cardenas_mon"}, "firstName": "Mon", "gender": "male", "lastName": "Cardenas", "id": "2364533", "bio": "", "photo": {"prefix": "https://igx.4sqi.net/img/user/", "suffix": "/05LJP50ILKZKRMKD.jpg"}, "homeCity": "Singapore", "lists": {"groups": [{"items": [], "count": 2, "type": "created"}]}}, {"tips": {"count": 0}, "contact": {"twitter": "crazytakeshi", "facebook": "730645113"}, "firstName": "Takeshi", "gender": "male", "lastName": "Nakagawa", "id": "2897526", "bio": "", "photo": {"prefix": "https://igx.4sqi.net/img/user/", "suffix": "/SQDQZQYEP4XQCJXK.jpg"}, "homeCity": "Makati City, Philippines", "lists": {"groups": [{"items": [], "count": 2, "type": "created"}]}}, {"tips": {"count": 0}, "contact": {"twitter": "heymikee", "facebook": "551811891"}, "firstName": "Miguel", "gender": "male", "id": "1085969", "bio": "", "photo": {"prefix": "https://igx.4sqi.net/img/user/", "suffix": "/JZ1IYFCY1GXVSQVF.jpg"}, "homeCity": "Manila", "lists": {"groups": [{"items": [], "count": 2, "type": "created"}]}}, {"tips": {"count": 0}, "contact": {"facebook": "1312939926"}, "firstName": "Lloyd", "gender": "male", "lastName": "Beltran", "id": "5068550", "bio": "", "photo": {"prefix": "https://igx.4sqi.net/img/user/", "suffix": "/IWYNX5EDTT1WCUTB.jpg"}, "homeCity": "Makati City, Philippines", "lists": {"groups": [{"items": [], "count": 2, "type": "created"}]}}, {"tips": {"count": 1}, "contact": {}, "firstName": "Kimberly", "gender": "female", "lastName": "Pelayo", "id": "4211396", "bio": "", "photo": {"prefix": "https://igx.4sqi.net/img/user/", "suffix": "/RHISQUB5AWQ0ZT1A.jpg"}, "homeCity": "Singapore", "lists": {"groups": [{"items": [], "count": 2, "type": "created"}]}}, {"tips": {"count": 16}, "contact": {"twitter": "angelbyyourside"}, "firstName": "Angela", "gender": "female", "lastName": "Tiempo", "id": "786478", "bio": "", "photo": {"prefix": "https://igx.4sqi.net/img/user/", "suffix": "/PWI3CZ2JAT5RJR04.jpg"}, "homeCity": "Las Pi\u00f1as, Philippines", "lists": {"groups": [{"items": [], "count": 2, "type": "created"}]}}, {"tips": {"count": 0}, "contact": {"twitter": "kai_ventosa", "facebook": "1411400345"}, "firstName": "Karen", "gender": "female", "lastName": "Ventosa", "id": "3298377", "bio": "", "photo": {"prefix": "https://igx.4sqi.net/img/user/", "suffix": "/3298377_-eQd6r7y_Xz5uYV5c6GWNDcdEgEsj4tef6utVVl6Vs26Uor4lKXdFhMtCTJuwIYVtmirKidVt.jpg"}, "homeCity": "Makati City, Philippines", "lists": {"groups": [{"items": [], "count": 2, "type": "created"}]}}, {"tips": {"count": 9}, "contact": {}, "firstName": "Unica Hija", "gender": "female", "lastName": "Gutierrez", "id": "2809834", "bio": "", "photo": {"prefix": "https://igx.4sqi.net/img/user/", "suffix": "/BUHNKV05WWWTTGGP.jpg"}, "homeCity": "Quezon City, Philippines", "lists": {"groups": [{"items": [], "count": 2, "type": "created"}]}}, {"tips": {"count": 9}, "contact": {"twitter": "mrcarlskitchen", "facebook": "1318800785"}, "firstName": "Greg Carlo", "gender": "male", "lastName": "Sumogat", "id": "3843233", "bio": "I am a Chef, Businessman, Politician, Traveler, Son, Brother, Lover, Friend and a believer of God.", "photo": {"prefix": "https://igx.4sqi.net/img/user/", "suffix": "/3843233-N2QGQGYSATYJYZGT.jpg"}, "homeCity": "Bacolod City, Negros Occidental", "lists": {"groups": [{"items": [], "count": 4, "type": "created"}]}}, {"tips": {"count": 214}, "contact": {"twitter": "carabaopower", "facebook": "586927211"}, "firstName": "Carlos", "gender": "male", "lastName": "Primicias", "id": "1286264", "bio": "Checking in since 2010.", "photo": {"prefix": "https://igx.4sqi.net/img/user/", "suffix": "/HQ1JPEKRI4WVQP5P.jpg"}, "homeCity": "Bacolod City, Philippines", "lists": {"groups": [{"items": [], "count": 4, "type": "created"}]}}, {"tips": {"count": 21}, "contact": {"twitter": "kstride27", "facebook": "575761692"}, "firstName": "Karla", "gender": "female", "lastName": "Reynolds", "id": "3694851", "bio": "", "photo": {"prefix": "https://igx.4sqi.net/img/user/", "suffix": "/TO1C0322GND13Q51.jpg"}, "homeCity": "England, United Kingdom", "lists": {"groups": [{"items": [], "count": 3, "type": "created"}]}}, {"tips": {"count": 11}, "contact": {"twitter": "telayrobles", "facebook": "100005227838040"}, "firstName": "Telay", "gender": "female", "lastName": "Robles", "id": "3359794", "bio": "", "photo": {"prefix": "https://igx.4sqi.net/img/user/", "suffix": "/MEYGBIS511QE3EPS.jpg"}, "homeCity": "Pasig City, Philippines", "lists": {"groups": [{"items": [], "count": 2, "type": "created"}]}}, {"tips": {"count": 0}, "contact": {"twitter": "alengsamson", "facebook": "1384218729"}, "firstName": "Aleng", "gender": "female", "lastName": "Samson", "id": "3931415", "bio": "", "photo": {"prefix": "https://igx.4sqi.net/img/user/", "suffix": "/BOOGCWYTRQ23EDNU.jpg"}, "homeCity": "Singapore", "lists": {"groups": [{"items": [], "count": 2, "type": "created"}]}}, {"tips": {"count": 1}, "contact": {"twitter": "heymigs", "facebook": "1076628832"}, "firstName": "Miguel", "gender": "male", "lastName": "Santos", "id": "1320699", "bio": "", "photo": {"prefix": "https://igx.4sqi.net/img/user/", "suffix": "/32S2DV5A4CNDTG5J.jpg"}, "homeCity": "Davao City, Philippines", "lists": {"groups": [{"items": [], "count": 2, "type": "created"}]}}, {"tips": {"count": 3}, "contact": {"twitter": "ibrybautista", "facebook": "1028086727"}, "firstName": "Bryan", "gender": "male", "lastName": "Bautista", "id": "4020520", "bio": "", "photo": {"prefix": "https://igx.4sqi.net/img/user/", "suffix": "/4020520-QYA1PUEBEBO1FBXM.jpg"}, "homeCity": "Betis, Pampanga, Philippines", "lists": {"groups": [{"items": [], "count": 2, "type": "created"}]}}, {"tips": {"count": 0}, "contact": {"twitter": "annuhh_", "facebook": "608707964"}, "firstName": "Anna", "gender": "female", "lastName": "Talens", "id": "5246824", "bio": "", "photo": {"prefix": "https://igx.4sqi.net/img/user/", "suffix": "/SA5BNC50VBVSDFFK.jpg"}, "homeCity": "Makati City, Philippines", "lists": {"groups": [{"items": [], "count": 2, "type": "created"}]}}, {"tips": {"count": 4}, "contact": {"twitter": "sophiavalerie", "facebook": "519451746"}, "firstName": "Sophia Valerie", "gender": "female", "lastName": "Caldejon - Manga", "id": "1651599", "bio": "", "photo": {"prefix": "https://igx.4sqi.net/img/user/", "suffix": "/1651599-0H5X4CKAPUKJN1RN.jpg"}, "homeCity": "Quezon City, Philippines", "lists": {"groups": [{"items": [], "count": 2, "type": "created"}]}}, {"tips": {"count": 0}, "contact": {}, "firstName": "Biggie", "gender": "male", "lastName": "Estrella", "id": "4607091", "bio": "", "photo": {"prefix": "https://igx.4sqi.net/img/user/", "suffix": "/L2ZPNFIYERK0241R.jpg"}, "homeCity": "Singapore", "lists": {"groups": [{"items": [], "count": 2, "type": "created"}]}}, {"tips": {"count": 0}, "contact": {"twitter": "hykudesesto", "facebook": "546108260"}, "firstName": "hyku", "gender": "female", "lastName": "desesto", "id": "5858945", "bio": "", "photo": {"prefix": "https://igx.4sqi.net/img/user/", "suffix": "/KR55HPLEZH4E3WPY.jpg"}, "homeCity": "Dubai, United Arab Emirates", "lists": {"groups": [{"items": [], "count": 2, "type": "created"}]}}, {"tips": {"count": 24}, "contact": {"twitter": "bryramirez", "facebook": "660784401"}, "firstName": "Brendarna", "gender": "female", "id": "1707762", "bio": "", "photo": {"prefix": "https://igx.4sqi.net/img/user/", "suffix": "/LBQLALBMHQ10WYVO.jpg"}, "homeCity": "Paranaque City", "lists": {"groups": [{"items": [], "count": 3, "type": "created"}]}}, {"tips": {"count": 4}, "contact": {}, "firstName": "agel", "gender": "female", "lastName": "espejo", "id": "2079997", "bio": "", "photo": {"prefix": "https://igx.4sqi.net/img/user/", "suffix": "/OLRXDDW2RYLORIDC.png"}, "homeCity": "Makati City, Philippines", "lists": {"groups": [{"items": [], "count": 2, "type": "created"}]}}, {"tips": {"count": 1}, "contact": {"twitter": "iamprincedizon", "facebook": "1575850922"}, "firstName": "Diz", "gender": "none", "lastName": "Dizon", "id": "2783246", "bio": "", "photo": {"prefix": "https://igx.4sqi.net/img/user/", "suffix": "/QX2GY4U1LIAKWCEN.jpg"}, "homeCity": "Makati City, Philippines", "lists": {"groups": [{"items": [], "count": 2, "type": "created"}]}}, {"tips": {"count": 3}, "contact": {"twitter": "rycevicencio", "facebook": "554458115"}, "firstName": "Ryce", "gender": "male", "lastName": "Vicencio", "id": "2788782", "bio": "", "photo": {"prefix": "https://igx.4sqi.net/img/user/", "suffix": "/TVCEUD15HUHJPFSX.jpg"}, "homeCity": "RP", "lists": {"groups": [{"items": [], "count": 2, "type": "created"}]}}, {"tips": {"count": 1}, "contact": {"facebook": "100000372592613"}, "firstName": "macky", "gender": "male", "lastName": "moya", "id": "3219372", "bio": "", "photo": {"prefix": "https://igx.4sqi.net/img/user/", "suffix": "/1AMMZTFTP0EWW4AD.jpg"}, "homeCity": "Makati City, Philippines", "lists": {"groups": [{"items": [], "count": 2, "type": "created"}]}}, {"tips": {"count": 30}, "contact": {"twitter": "dowhatcanbedon", "facebook": "788519537"}, "firstName": "Addison", "gender": "male", "id": "3223007", "bio": "", "photo": {"prefix": "https://igx.4sqi.net/img/user/", "suffix": "/3223007-SVYXHBF0GLYHUPWI.jpg"}, "homeCity": "", "lists": {"groups": [{"items": [], "count": 2, "type": "created"}]}}, {"tips": {"count": 0}, "contact": {"twitter": "emsudario", "facebook": "10204351487649025"}, "firstName": "em", "gender": "female", "lastName": "sudario", "id": "3638904", "bio": "", "photo": {"prefix": "https://igx.4sqi.net/img/user/", "suffix": "/GBK3I2Y445IRTR5E.jpg"}, "homeCity": "philippines", "lists": {"groups": [{"items": [], "count": 2, "type": "created"}]}}, {"tips": {"count": 3}, "contact": {"twitter": "idesidavid", "facebook": "703868298"}, "firstName": "Desi", "gender": "male", "lastName": "David", "id": "4083521", "bio": "", "photo": {"prefix": "https://igx.4sqi.net/img/user/", "suffix": "/4083521-PVBYY2UFFWBSIBFK.jpg"}, "homeCity": "Quezon City", "lists": {"groups": [{"items": [], "count": 2, "type": "created"}]}}], "count": 143}, "checksum": "7e73ca47f96c8359c56c39e144745c41b062862a"}, "meta": {"requestId": "59662ee0f594df3c3fc37d52", "code": 200}}