{"notifications": [{"type": "notificationTray", "item": {"unreadCount": 0}}], "response": {"friends": {"items": [{"tips": {"count": 1}, "contact": {"twitter": "putrafp"}, "firstName": "putra fajar", "gender": "male", "lastName": "pratama", "id": "1097176", "bio": "", "photo": {"prefix": "https://igx.4sqi.net/img/user/", "suffix": "/O4UBJ1DP1PT3B24R.jpg"}, "homeCity": "Bogor, Jawa Barat", "lists": {"groups": [{"items": [], "count": 2, "type": "created"}]}}, {"tips": {"count": 1}, "contact": {"twitter": "romasophiaan", "facebook": "541635339"}, "firstName": "Roma", "gender": "male", "lastName": "Sophiaan", "id": "1245588", "bio": "", "photo": {"prefix": "https://igx.4sqi.net/img/user/", "suffix": "/EO2SV3OX31DHTM4L.jpg"}, "homeCity": "Jakarta, Indonesia", "lists": {"groups": [{"items": [], "count": 2, "type": "created"}]}}, {"tips": {"count": 2}, "contact": {"twitter": "uddyz"}, "firstName": "Yuddi", "gender": "male", "lastName": "Yustian", "id": "1335800", "bio": "", "photo": {"prefix": "https://igx.4sqi.net/img/user/", "suffix": "/A35NELM15LB1UJWB.jpg"}, "homeCity": "Palopo, Sulawesi Selatan", "lists": {"groups": [{"items": [], "count": 2, "type": "created"}]}}, {"tips": {"count": 0}, "contact": {"twitter": "nzeane"}, "firstName": "Nadya", "gender": "female", "lastName": "Zeane", "id": "1380255", "bio": "", "photo": {"prefix": "https://igx.4sqi.net/img/user/", "suffix": "/ZU5WXLRN3V3OWA5V.jpg"}, "homeCity": "Indonesia", "lists": {"groups": [{"items": [], "count": 2, "type": "created"}]}}, {"tips": {"count": 4}, "contact": {"twitter": "lawyera", "facebook": "564667092"}, "firstName": "Lawyera", "gender": "female", "lastName": "Samudera", "id": "258071", "bio": "", "photo": {"prefix": "https://igx.4sqi.net/img/user/", "suffix": "/1Z3LTRYILGZOGVIF.jpg"}, "homeCity": "singapore", "lists": {"groups": [{"items": [], "count": 2, "type": "created"}]}}, {"tips": {"count": 0}, "contact": {}, "firstName": "reth", "gender": "male", "lastName": "dozy", "id": "2248490", "bio": "", "photo": {"prefix": "https://igx.4sqi.net/img/user/", "suffix": "/AHETTT2RLBOIPXZF.jpg"}, "homeCity": "Malang, Jawatimur", "lists": {"groups": [{"items": [], "count": 2, "type": "created"}]}}, {"tips": {"count": 1}, "contact": {"twitter": "yundawitaradya", "facebook": "1121133112"}, "firstName": "YuNda", "gender": "female", "lastName": "WitaRadya", "id": "654889", "bio": "", "photo": {"prefix": "https://igx.4sqi.net/img/user/", "suffix": "/NLDPRBNTA02FFKGO.jpg"}, "homeCity": "Jakarta, Indonesia", "lists": {"groups": [{"items": [], "count": 2, "type": "created"}]}}, {"tips": {"count": 1}, "contact": {}, "firstName": "Samuel", "gender": "male", "lastName": "Marpaung", "id": "1610462", "bio": "", "photo": {"prefix": "https://igx.4sqi.net/img/user/", "suffix": "/blank_boy.png", "default": true}, "homeCity": "Jakarta Pusat, Indonesia", "lists": {"groups": [{"items": [], "count": 2, "type": "created"}]}}, {"tips": {"count": 1}, "contact": {"twitter": "kikiiki", "facebook": "684336714"}, "firstName": "kikiiki", "gender": "female", "id": "607658", "bio": "", "photo": {"prefix": "https://igx.4sqi.net/img/user/", "suffix": "/1DUVVSIRP2YYK4YS.jpg"}, "homeCity": "Bangkok, Thailand", "lists": {"groups": [{"items": [], "count": 3, "type": "created"}]}}, {"tips": {"count": 18}, "contact": {"twitter": "tguhh", "facebook": "683537566"}, "firstName": "Teguh", "gender": "male", "lastName": "Aditya", "id": "338596", "bio": "Geekiness in clumsiness.", "photo": {"prefix": "https://igx.4sqi.net/img/user/", "suffix": "/5XHAL12C2KODFBND.jpg"}, "homeCity": "Jakarta Capital Region, Jakarta Capital Regi", "lists": {"groups": [{"items": [], "count": 6, "type": "created"}]}}, {"tips": {"count": 10}, "contact": {"twitter": "kanjengmasjaink"}, "firstName": "Reiza", "gender": "male", "lastName": "Jaink", "id": "1463374", "bio": "", "photo": {"prefix": "https://igx.4sqi.net/img/user/", "suffix": "/CYPXOEKAD2PEOHDC.jpg"}, "homeCity": "Legok, Banten", "lists": {"groups": [{"items": [], "count": 2, "type": "created"}]}}, {"tips": {"count": 0}, "contact": {"twitter": "vtucce"}, "firstName": "Virna", "gender": "female", "lastName": "Aryanita", "id": "2144089", "bio": "", "photo": {"prefix": "https://igx.4sqi.net/img/user/", "suffix": "/GOCYMFAQGRDPCNTW.jpg"}, "homeCity": "New York, NY", "lists": {"groups": [{"items": [], "count": 2, "type": "created"}]}}, {"tips": {"count": 0}, "contact": {"twitter": "djukshavin", "facebook": "669873824"}, "firstName": "Shinta", "gender": "female", "lastName": "Djuks", "id": "1115262", "bio": "", "photo": {"prefix": "https://igx.4sqi.net/img/user/", "suffix": "/K2OV2SS43UDFXQNI.jpg"}, "homeCity": "New York, NY", "lists": {"groups": [{"items": [], "count": 2, "type": "created"}]}}, {"tips": {"count": 0}, "contact": {"twitter": "jesiera"}, "firstName": "jesiera", "gender": "female", "lastName": "s", "id": "2387461", "bio": "", "photo": {"prefix": "https://igx.4sqi.net/img/user/", "suffix": "/blank_girl.png", "default": true}, "homeCity": "Palembang, Indonesia", "lists": {"groups": [{"items": [], "count": 2, "type": "created"}]}}, {"tips": {"count": 5}, "contact": {"twitter": "yunie_dwi", "facebook": "790684056"}, "firstName": "Yunie", "gender": "female", "lastName": "Dwi Yuliani", "id": "1481127", "bio": "A negative from Abinaya's positive pole. Student of Economic Management, Jumper & 4square Abuser, a Day Dreamer, Daddy's Daughter and Love Letter Writer.", "photo": {"prefix": "https://igx.4sqi.net/img/user/", "suffix": "/GIM31SVX2JJPZ3LK.jpg"}, "homeCity": "Bogor, West Java", "lists": {"groups": [{"items": [], "count": 2, "type": "created"}]}}, {"tips": {"count": 0}, "contact": {"twitter": "nandanaduta", "facebook": "633508077"}, "firstName": "Nandana", "gender": "male", "lastName": "Widagdho", "id": "1359388", "bio": "", "photo": {"prefix": "https://igx.4sqi.net/img/user/", "suffix": "/LZ3XKBLDJFBMD5A1.jpg"}, "homeCity": "Jakarta Capital Region, Jakarta Capital Regi", "lists": {"groups": [{"items": [], "count": 2, "type": "created"}]}}, {"tips": {"count": 0}, "contact": {"twitter": "gita_agiet", "facebook": "1666191045"}, "firstName": "Agiet", "gender": "female", "lastName": "Kresna", "id": "1247860", "bio": "", "photo": {"prefix": "https://igx.4sqi.net/img/user/", "suffix": "/SDXG1HLLXNUBTPIJ.jpg"}, "homeCity": "Bandung Regency, West Java", "lists": {"groups": [{"items": [], "count": 2, "type": "created"}]}}, {"tips": {"count": 0}, "contact": {"twitter": "cissy_9", "facebook": "1345550422"}, "firstName": "Chrissy", "gender": "female", "lastName": "Natasya", "id": "1339241", "bio": "", "photo": {"prefix": "https://igx.4sqi.net/img/user/", "suffix": "/PZFIQVPP4VBMS1JJ.jpg"}, "homeCity": "Bogor, West Java", "lists": {"groups": [{"items": [], "count": 2, "type": "created"}]}}, {"tips": {"count": 2}, "contact": {"twitter": "suaracahaya", "facebook": "1137397253"}, "firstName": "Nur", "gender": "female", "id": "1435812", "bio": "", "photo": {"prefix": "https://igx.4sqi.net/img/user/", "suffix": "/UNGKES5VOFVWMSBG.jpg"}, "homeCity": "\u3064\u304f\u3070\u5e02, \u65e5\u672c", "lists": {"groups": [{"items": [], "count": 3, "type": "created"}]}}, {"tips": {"count": 4}, "contact": {"twitter": "iyoo", "facebook": "761116208"}, "firstName": "Wisnu", "gender": "male", "lastName": "Aryo Setio", "id": "1176930", "bio": "", "photo": {"prefix": "https://igx.4sqi.net/img/user/", "suffix": "/JGLPJKB3ID3VNZUV.jpg"}, "homeCity": "Bandung, Indonesia", "lists": {"groups": [{"items": [], "count": 2, "type": "created"}]}}, {"tips": {"count": 20}, "contact": {"twitter": "locilicious", "facebook": "1457944622"}, "firstName": "Laura", "gender": "female", "lastName": "Pinta Uli", "id": "2215038", "bio": "", "photo": {"prefix": "https://igx.4sqi.net/img/user/", "suffix": "/0D314X5CESS0MIJM.jpg"}, "homeCity": "Jakarta", "lists": {"groups": [{"items": [], "count": 2, "type": "created"}]}}, {"tips": {"count": 0}, "contact": {"twitter": "nsnadya", "facebook": "1071762558"}, "firstName": "Nadya", "gender": "female", "lastName": "Swadani", "id": "635025", "bio": "", "photo": {"prefix": "https://igx.4sqi.net/img/user/", "suffix": "/CQJCB3B2VSYC2Y3D.jpg"}, "homeCity": "Gunung Sindur, West Java", "lists": {"groups": [{"items": [], "count": 2, "type": "created"}]}}, {"tips": {"count": 11}, "contact": {"twitter": "jakartatoday"}, "firstName": "Syam AG", "gender": "male", "id": "339508", "bio": "", "photo": {"prefix": "https://igx.4sqi.net/img/user/", "suffix": "/YMFE2553BH23J2QP.jpg"}, "homeCity": "Jakarta, Jakarta Selatan", "lists": {"groups": [{"items": [], "count": 2, "type": "created"}]}}, {"tips": {"count": 2}, "contact": {"twitter": "nenomustika", "facebook": "1519956534"}, "firstName": "neno", "gender": "female", "lastName": "mustika", "id": "1733933", "bio": "", "photo": {"prefix": "https://igx.4sqi.net/img/user/", "suffix": "/FDGUUFGJ0XXK3IJ3.jpg"}, "homeCity": "Bogor, Indonesia", "lists": {"groups": [{"items": [], "count": 2, "type": "created"}]}}, {"tips": {"count": 1}, "contact": {"twitter": "fefang", "facebook": "728797747"}, "firstName": "Fe", "gender": "female", "id": "1145042", "bio": "Just an ordinary woman living an extra ordinary life", "photo": {"prefix": "https://igx.4sqi.net/img/user/", "suffix": "/1145042-12POTZF1DBDTQ3IW.jpg"}, "homeCity": "Surabaya ", "lists": {"groups": [{"items": [], "count": 2, "type": "created"}]}}, {"tips": {"count": 1}, "contact": {"twitter": "sitips_owe", "facebook": "1248608523"}, "firstName": "Siti", "gender": "female", "lastName": "Puspitasari", "id": "2391391", "bio": "little, supel,original, simple", "photo": {"prefix": "https://igx.4sqi.net/img/user/", "suffix": "/P4NEVVKH1N1YKUV0.jpg"}, "homeCity": "Jakarta, Indonesia", "lists": {"groups": [{"items": [], "count": 2, "type": "created"}]}}, {"tips": {"count": 0}, "contact": {"twitter": "ariehesty"}, "firstName": "arie", "gender": "female", "lastName": "hestiningdaru", "id": "1497988", "bio": "", "photo": {"prefix": "https://igx.4sqi.net/img/user/", "suffix": "/4H21EBRSSUICB4Q3.jpg"}, "homeCity": "Jakarta, Indonesia", "lists": {"groups": [{"items": [], "count": 2, "type": "created"}]}}, {"tips": {"count": 9}, "contact": {"twitter": "ydmbull", "facebook": "1272516515"}, "firstName": "Yodie", "gender": "male", "lastName": "Mirawan", "id": "1585469", "bio": "", "photo": {"prefix": "https://igx.4sqi.net/img/user/", "suffix": "/4JWITC14MTQET1PS.jpg"}, "homeCity": "Jakarta, Indonesia", "lists": {"groups": [{"items": [], "count": 2, "type": "created"}]}}, {"tips": {"count": 1}, "contact": {"twitter": "_eros_"}, "firstName": "Eros", "gender": "male", "lastName": "Firdian", "id": "621690", "bio": "", "photo": {"prefix": "https://igx.4sqi.net/img/user/", "suffix": "/JXFPPM1FGMR54ZFX.jpg"}, "homeCity": "Jakarta, Indonesia", "lists": {"groups": [{"items": [], "count": 2, "type": "created"}]}}, {"tips": {"count": 0}, "contact": {"twitter": "adistyanggraini", "facebook": "597194266"}, "firstName": "adisty", "gender": "female", "lastName": "anggraini", "id": "1178741", "bio": "", "photo": {"prefix": "https://igx.4sqi.net/img/user/", "suffix": "/1AVR3OF3N24DIRWB.jpg"}, "homeCity": "Dubai, United Arab Emirates", "lists": {"groups": [{"items": [], "count": 2, "type": "created"}]}}, {"tips": {"count": 5}, "contact": {}, "firstName": "Hetty", "gender": "female", "lastName": "Oktafiany", "id": "2509525", "bio": "Libra", "photo": {"prefix": "https://igx.4sqi.net/img/user/", "suffix": "/2509525-V3V1LTOYZM4TOPCR.jpg"}, "homeCity": "Bogor, Indonesia", "lists": {"groups": [{"items": [], "count": 2, "type": "created"}]}}, {"tips": {"count": 0}, "contact": {"twitter": "nugrahaarief"}, "firstName": "nugraha", "gender": "male", "lastName": "arief", "id": "1500312", "bio": "", "photo": {"prefix": "https://igx.4sqi.net/img/user/", "suffix": "/blank_boy.png", "default": true}, "homeCity": "Kalimantan Barat", "lists": {"groups": [{"items": [], "count": 2, "type": "created"}]}}, {"tips": {"count": 6}, "contact": {"twitter": "booyyyyyy", "facebook": "1384414907"}, "firstName": "abang", "gender": "male", "lastName": "boy", "id": "1077254", "bio": "", "photo": {"prefix": "https://igx.4sqi.net/img/user/", "suffix": "/BDMHQ2QVZZNJGHB2.jpg"}, "homeCity": "Jakarta", "lists": {"groups": [{"items": [], "count": 2, "type": "created"}]}}, {"tips": {"count": 29}, "contact": {"twitter": "rruchdiani", "facebook": "1770780316"}, "firstName": "Ruchdianingsih", "gender": "female", "lastName": "Hideki", "id": "1186016", "bio": "", "photo": {"prefix": "https://igx.4sqi.net/img/user/", "suffix": "/L12J2TIPV0CJYWDQ.jpg"}, "homeCity": "Jakarta, Indonesia", "lists": {"groups": [{"items": [], "count": 2, "type": "created"}]}}, {"tips": {"count": 0}, "contact": {"twitter": "anjelikass", "facebook": "720484372"}, "firstName": "Putri", "gender": "female", "lastName": "Anjelika", "id": "2149320", "bio": "", "photo": {"prefix": "https://igx.4sqi.net/img/user/", "suffix": "/LJNZ2DPURTYMMHW1.jpg"}, "homeCity": "Bogor, Indonesia", "lists": {"groups": [{"items": [], "count": 2, "type": "created"}]}}, {"tips": {"count": 9}, "contact": {"twitter": "oeboer", "facebook": "593108901"}, "firstName": "Wisnu", "gender": "male", "lastName": "Oeboer", "id": "1522183", "bio": "Vespa Junkie", "photo": {"prefix": "https://igx.4sqi.net/img/user/", "suffix": "/0RLXUDQWMBMXIB5R.jpg"}, "homeCity": "Jakarta", "lists": {"groups": [{"items": [], "count": 2, "type": "created"}]}}, {"tips": {"count": 0}, "contact": {}, "firstName": "Firman", "gender": "male", "lastName": "Hidayat", "id": "1207805", "bio": "", "photo": {"prefix": "https://igx.4sqi.net/img/user/", "suffix": "/ZBHVOQTH3BMTKLZL.jpg"}, "homeCity": "Jakarta Capital Region, Jakarta Capital Regi", "lists": {"groups": [{"items": [], "count": 2, "type": "created"}]}}, {"tips": {"count": 1}, "contact": {"twitter": "ikerahmawati", "facebook": "1057962898"}, "firstName": "Ike", "gender": "female", "lastName": "Rahmawati", "id": "1696535", "bio": "", "photo": {"prefix": "https://igx.4sqi.net/img/user/", "suffix": "/XHACUXVGK4GNR4NY.jpg"}, "homeCity": "Jakarta Capital Region, Jakarta Capital Regi", "lists": {"groups": [{"items": [], "count": 2, "type": "created"}]}}, {"tips": {"count": 2}, "contact": {"twitter": "fesythiaa", "facebook": "10210809146844158"}, "firstName": "fesythiaa", "gender": "female", "id": "1260948", "bio": "", "photo": {"prefix": "https://igx.4sqi.net/img/user/", "suffix": "/UV1I3BUZUSVNUF5O.jpg"}, "homeCity": "Serpong, Tangerang Selatan, Banten", "lists": {"groups": [{"items": [], "count": 2, "type": "created"}]}}, {"tips": {"count": 0}, "contact": {"twitter": "muhajier", "facebook": "1697071526"}, "firstName": "muha", "gender": "male", "lastName": "jier", "id": "1697794", "bio": "", "photo": {"prefix": "https://igx.4sqi.net/img/user/", "suffix": "/WBLACXE0HAVSDUXH.jpg"}, "homeCity": "Bogor, Jawa Barat", "lists": {"groups": [{"items": [], "count": 2, "type": "created"}]}}, {"tips": {"count": 8}, "contact": {}, "firstName": "Valentina", "gender": "female", "lastName": "Diana", "id": "1269767", "bio": "", "photo": {"prefix": "https://igx.4sqi.net/img/user/", "suffix": "/SJFIN4CQEU34S3LL.jpg"}, "homeCity": "Jakarta Capital Region, Jakarta Capital Regi", "lists": {"groups": [{"items": [], "count": 4, "type": "created"}]}}, {"tips": {"count": 0}, "contact": {"twitter": "kartikaputri"}, "firstName": "Nurul", "gender": "female", "lastName": "kartika", "id": "1284193", "bio": "", "photo": {"prefix": "https://igx.4sqi.net/img/user/", "suffix": "/MWXS3C33NJCOOGYH.jpg"}, "homeCity": "Jakarta Capital Region, Jakarta Capital Regi", "lists": {"groups": [{"items": [], "count": 2, "type": "created"}]}}, {"tips": {"count": 0}, "contact": {"twitter": "bun7972", "facebook": "1776879969"}, "firstName": "Bimbim", "gender": "female", "lastName": "Tato", "id": "1293453", "bio": "", "photo": {"prefix": "https://igx.4sqi.net/img/user/", "suffix": "/F0XEYR3XFELHBFES.jpg"}, "homeCity": "Jakarta Pusat", "lists": {"groups": [{"items": [], "count": 2, "type": "created"}]}}, {"tips": {"count": 0}, "contact": {}, "firstName": "Daddy", "gender": "male", "lastName": "Ibenk", "id": "1311117", "bio": "", "photo": {"prefix": "https://igx.4sqi.net/img/user/", "suffix": "/FCYP1VZHLZLLVT42.jpg"}, "homeCity": "Bogor, West Java", "lists": {"groups": [{"items": [], "count": 2, "type": "created"}]}}, {"tips": {"count": 12}, "contact": {"twitter": "p1n1"}, "firstName": "p1n1", "gender": "female", "id": "1414620", "bio": "", "photo": {"prefix": "https://igx.4sqi.net/img/user/", "suffix": "/DFTMHS1L1S0NJGEQ.jpg"}, "homeCity": "Wageningen, Netherland", "lists": {"groups": [{"items": [], "count": 2, "type": "created"}]}}, {"tips": {"count": 0}, "contact": {"twitter": "yulitarp", "facebook": "1065609225"}, "firstName": "Yulita Riani", "gender": "female", "lastName": "Putri", "id": "1417954", "bio": "", "photo": {"prefix": "https://igx.4sqi.net/img/user/", "suffix": "/VHFUSZI1WOXVRGPJ.jpg"}, "homeCity": "Jakarta Capital Region, Jakarta Capital Regi", "lists": {"groups": [{"items": [], "count": 2, "type": "created"}]}}, {"tips": {"count": 0}, "contact": {"twitter": "elitonkchii", "facebook": "1200446421"}, "firstName": "elita", "gender": "female", "lastName": "virda", "id": "1450074", "bio": "", "photo": {"prefix": "https://igx.4sqi.net/img/user/", "suffix": "/RKU4BNNLMWCKXGK3.jpg"}, "homeCity": "Bekasi, West Java", "lists": {"groups": [{"items": [], "count": 2, "type": "created"}]}}, {"tips": {"count": 0}, "contact": {"twitter": "idha_idul", "facebook": "1485122114"}, "firstName": "Zho", "gender": "female", "lastName": "Idha", "id": "1454627", "bio": "", "photo": {"prefix": "https://igx.4sqi.net/img/user/", "suffix": "/BPGXLSDWLX0TWPMF.jpg"}, "homeCity": "Jakarta, Indonesia", "lists": {"groups": [{"items": [], "count": 2, "type": "created"}]}}, {"tips": {"count": 1}, "contact": {}, "firstName": "mutia", "gender": "female", "id": "1508239", "bio": "", "photo": {"prefix": "https://igx.4sqi.net/img/user/", "suffix": "/OK5TIMSI3C0VQJCU.jpg"}, "homeCity": "Bogor, Indonesia", "lists": {"groups": [{"items": [], "count": 2, "type": "created"}]}}, {"tips": {"count": 0}, "contact": {"twitter": "hardhytm", "facebook": "1172378100"}, "firstName": "Hardhy", "gender": "male", "lastName": "Mukti", "id": "1529431", "bio": "", "photo": {"prefix": "https://igx.4sqi.net/img/user/", "suffix": "/XYRDOMKOUPTJVPEW.jpg"}, "homeCity": "Jakarta Capital Region, Jakarta Capital Regi", "lists": {"groups": [{"items": [], "count": 2, "type": "created"}]}}, {"tips": {"count": 13}, "contact": {"twitter": "richardnikolas", "facebook": "1022558326"}, "firstName": "Richard", "gender": "male", "lastName": "Nikolas", "id": "1711912", "bio": "", "photo": {"prefix": "https://igx.4sqi.net/img/user/", "suffix": "/4IK0PS34VTQP4D5A.jpg"}, "homeCity": "Jakarta Pusat, Indonesia", "lists": {"groups": [{"items": [], "count": 2, "type": "created"}]}}, {"tips": {"count": 0}, "contact": {"facebook": "1105208267"}, "firstName": "Dey", "gender": "female", "lastName": "rY", "id": "1721570", "bio": "", "photo": {"prefix": "https://igx.4sqi.net/img/user/", "suffix": "/F1EH05XMSKHCZA2C.jpg"}, "homeCity": "Bogor, West Java", "lists": {"groups": [{"items": [], "count": 2, "type": "created"}]}}, {"tips": {"count": 0}, "contact": {"facebook": "1460723369"}, "firstName": "Herlida", "gender": "female", "lastName": "Majid", "id": "1818537", "bio": "", "photo": {"prefix": "https://igx.4sqi.net/img/user/", "suffix": "/3LHOIGMNTTBGD32D.jpg"}, "homeCity": "Surabaya, ", "lists": {"groups": [{"items": [], "count": 2, "type": "created"}]}}, {"tips": {"count": 1}, "contact": {"twitter": "tiararvianto", "facebook": "1434995739"}, "firstName": "Diar", "gender": "female", "lastName": "Gustiara", "id": "1828455", "bio": "", "photo": {"prefix": "https://igx.4sqi.net/img/user/", "suffix": "/EKQJKUSFND13OYD5.jpg"}, "homeCity": "Bogor, West Java", "lists": {"groups": [{"items": [], "count": 2, "type": "created"}]}}, {"tips": {"count": 4}, "contact": {"facebook": "1227912275"}, "firstName": "Aldhy", "gender": "male", "lastName": "Armansyah", "id": "1832655", "bio": "", "photo": {"prefix": "https://igx.4sqi.net/img/user/", "suffix": "/SALEZQN0UGY22SBO.jpg"}, "homeCity": "Bogor, West Java", "lists": {"groups": [{"items": [], "count": 2, "type": "created"}]}}, {"tips": {"count": 0}, "contact": {"twitter": "ayiebudi"}, "firstName": "ayi", "gender": "female", "lastName": "indah", "id": "1877983", "bio": "", "photo": {"prefix": "https://igx.4sqi.net/img/user/", "suffix": "/0BOKHX0RFFJZWMZU.jpg"}, "homeCity": "Bogor, Jawa Barat", "lists": {"groups": [{"items": [], "count": 2, "type": "created"}]}}, {"tips": {"count": 1}, "contact": {"twitter": "astradoc"}, "firstName": "Straw", "gender": "female", "lastName": "Chandra", "id": "2030575", "bio": "", "photo": {"prefix": "https://igx.4sqi.net/img/user/", "suffix": "/AONYWZFH5MVDB4W3.jpg"}, "homeCity": "Cileungsi, West Java", "lists": {"groups": [{"items": [], "count": 2, "type": "created"}]}}, {"tips": {"count": 5}, "contact": {"twitter": "fajarabimanyu", "facebook": "1317282616"}, "firstName": "Fajar", "gender": "male", "lastName": "Abimanyu", "id": "2089568", "bio": "", "photo": {"prefix": "https://igx.4sqi.net/img/user/", "suffix": "/J20YKL34V1IRGH2I.jpg"}, "homeCity": "Bogor, West Java", "lists": {"groups": [{"items": [], "count": 2, "type": "created"}]}}, {"tips": {"count": 0}, "contact": {"twitter": "ekapuspita"}, "firstName": "eka", "gender": "female", "lastName": "puspitasari", "id": "2227418", "bio": "", "photo": {"prefix": "https://igx.4sqi.net/img/user/", "suffix": "/DKXAREAVTGCTCV5L.jpg"}, "homeCity": "Jakarta, Indonesia", "lists": {"groups": [{"items": [], "count": 2, "type": "created"}]}}, {"tips": {"count": 0}, "contact": {}, "firstName": "Isnaeni Tri", "gender": "female", "lastName": "Rosiani", "id": "2272928", "bio": "", "photo": {"prefix": "https://igx.4sqi.net/img/user/", "suffix": "/PFOOTXRINFO44V2G.jpg"}, "homeCity": "Jakarta, Indonesia", "lists": {"groups": [{"items": [], "count": 2, "type": "created"}]}}, {"tips": {"count": 0}, "contact": {}, "firstName": "Deden", "gender": "male", "lastName": "Suhendar", "id": "2422783", "bio": "", "photo": {"prefix": "https://igx.4sqi.net/img/user/", "suffix": "/blank_boy.png", "default": true}, "homeCity": "Bogor, Indonesia", "lists": {"groups": [{"items": [], "count": 2, "type": "created"}]}}], "count": 261}, "checksum": "2b9a1d1c18bc2b721643e2c13785f215f8f72839"}, "meta": {"requestId": "5965c4ff6a607114387593d3", "code": 200}}