{"notifications": [{"type": "notificationTray", "item": {"unreadCount": 0}}], "response": {"friends": {"items": [{"tips": {"count": 5}, "contact": {"twitter": "yunie_dwi", "facebook": "790684056"}, "firstName": "Yunie", "gender": "female", "lastName": "Dwi Yuliani", "id": "1481127", "bio": "A negative from Abinaya's positive pole. Student of Economic Management, Jumper & 4square Abuser, a Day Dreamer, Daddy's Daughter and Love Letter Writer.", "photo": {"prefix": "https://igx.4sqi.net/img/user/", "suffix": "/GIM31SVX2JJPZ3LK.jpg"}, "homeCity": "Bogor, West Java", "lists": {"groups": [{"items": [], "count": 2, "type": "created"}]}}, {"tips": {"count": 1}, "contact": {"twitter": "putrafp"}, "firstName": "putra fajar", "gender": "male", "lastName": "pratama", "id": "1097176", "bio": "", "photo": {"prefix": "https://igx.4sqi.net/img/user/", "suffix": "/O4UBJ1DP1PT3B24R.jpg"}, "homeCity": "Bogor, Jawa Barat", "lists": {"groups": [{"items": [], "count": 2, "type": "created"}]}}, {"tips": {"count": 3}, "contact": {"facebook": "620219468"}, "firstName": "Muhammad", "gender": "male", "lastName": "AliY", "id": "4352078", "bio": "", "photo": {"prefix": "https://igx.4sqi.net/img/user/", "suffix": "/4352078-YFQEHQZODTBZ3GTB.jpg"}, "homeCity": "Jakarta, Indonesia", "lists": {"groups": [{"items": [], "count": 4, "type": "created"}]}}, {"tips": {"count": 21}, "contact": {"twitter": "mempelam", "facebook": "602057115"}, "firstName": "Nania", "gender": "female", "lastName": "Azmi", "id": "7010574", "bio": "CuEk\u2b50\ufe0f", "photo": {"prefix": "https://igx.4sqi.net/img/user/", "suffix": "/7010574-K1NJ5K24SRNBJEQ1.jpg"}, "homeCity": "Kuala Lumpur", "lists": {"groups": [{"items": [], "count": 4, "type": "created"}]}}, {"tips": {"count": 9}, "contact": {"twitter": "ardhya_pr", "facebook": "1299134420"}, "firstName": "Ardhya", "gender": "male", "lastName": "Pratama", "id": "6435952", "bio": "", "photo": {"prefix": "https://igx.4sqi.net/img/user/", "suffix": "/Q4II3VKOZ0ESB3XI.jpg"}, "homeCity": "Ciawi, Indonesia", "lists": {"groups": [{"items": [], "count": 4, "type": "created"}]}}, {"tips": {"count": 1}, "contact": {"twitter": "romasophiaan", "facebook": "541635339"}, "firstName": "Roma", "gender": "male", "lastName": "Sophiaan", "id": "1245588", "bio": "", "photo": {"prefix": "https://igx.4sqi.net/img/user/", "suffix": "/EO2SV3OX31DHTM4L.jpg"}, "homeCity": "Jakarta, Indonesia", "lists": {"groups": [{"items": [], "count": 2, "type": "created"}]}}, {"tips": {"count": 1}, "contact": {"twitter": "irvanind", "facebook": "1627962458"}, "firstName": "Irvan", "gender": "male", "lastName": "Indrayana", "id": "3771785", "bio": "", "photo": {"prefix": "https://igx.4sqi.net/img/user/", "suffix": "/3771785-VR435E5WQD1XKRWK.jpg"}, "homeCity": "Bogor, Indonesia", "lists": {"groups": [{"items": [], "count": 2, "type": "created"}]}}, {"tips": {"count": 2}, "contact": {"twitter": "uddyz"}, "firstName": "Yuddi", "gender": "male", "lastName": "Yustian", "id": "1335800", "bio": "", "photo": {"prefix": "https://igx.4sqi.net/img/user/", "suffix": "/A35NELM15LB1UJWB.jpg"}, "homeCity": "Palopo, Sulawesi Selatan", "lists": {"groups": [{"items": [], "count": 2, "type": "created"}]}}, {"tips": {"count": 0}, "contact": {"twitter": "nzeane"}, "firstName": "Nadya", "gender": "female", "lastName": "Zeane", "id": "1380255", "bio": "", "photo": {"prefix": "https://igx.4sqi.net/img/user/", "suffix": "/ZU5WXLRN3V3OWA5V.jpg"}, "homeCity": "Indonesia", "lists": {"groups": [{"items": [], "count": 2, "type": "created"}]}}, {"tips": {"count": 4}, "contact": {"twitter": "lawyera", "facebook": "564667092"}, "firstName": "Lawyera", "gender": "female", "lastName": "Samudera", "id": "258071", "bio": "", "photo": {"prefix": "https://igx.4sqi.net/img/user/", "suffix": "/1Z3LTRYILGZOGVIF.jpg"}, "homeCity": "singapore", "lists": {"groups": [{"items": [], "count": 2, "type": "created"}]}}, {"tips": {"count": 8}, "contact": {"twitter": "riche90210", "facebook": "513122778"}, "firstName": "Roger", "gender": "male", "lastName": "Seepersad", "id": "5448882", "bio": "I'm a guy who gets around.", "photo": {"prefix": "https://igx.4sqi.net/img/user/", "suffix": "/BQF3LJXR3XR23ECD.jpg"}, "homeCity": "Trinidad & Tobago", "lists": {"groups": [{"items": [], "count": 2, "type": "created"}]}}, {"tips": {"count": 0}, "contact": {}, "firstName": "reth", "gender": "male", "lastName": "dozy", "id": "2248490", "bio": "", "photo": {"prefix": "https://igx.4sqi.net/img/user/", "suffix": "/AHETTT2RLBOIPXZF.jpg"}, "homeCity": "Malang, Jawatimur", "lists": {"groups": [{"items": [], "count": 2, "type": "created"}]}}, {"tips": {"count": 1}, "contact": {"twitter": "yundawitaradya", "facebook": "1121133112"}, "firstName": "YuNda", "gender": "female", "lastName": "WitaRadya", "id": "654889", "bio": "", "photo": {"prefix": "https://igx.4sqi.net/img/user/", "suffix": "/NLDPRBNTA02FFKGO.jpg"}, "homeCity": "Jakarta, Indonesia", "lists": {"groups": [{"items": [], "count": 2, "type": "created"}]}}, {"tips": {"count": 1}, "contact": {}, "firstName": "Samuel", "gender": "male", "lastName": "Marpaung", "id": "1610462", "bio": "", "photo": {"prefix": "https://igx.4sqi.net/img/user/", "suffix": "/blank_boy.png", "default": true}, "homeCity": "Jakarta Pusat, Indonesia", "lists": {"groups": [{"items": [], "count": 2, "type": "created"}]}}, {"tips": {"count": 1}, "contact": {"twitter": "kikiiki", "facebook": "684336714"}, "firstName": "kikiiki", "gender": "female", "id": "607658", "bio": "", "photo": {"prefix": "https://igx.4sqi.net/img/user/", "suffix": "/1DUVVSIRP2YYK4YS.jpg"}, "homeCity": "Bangkok, Thailand", "lists": {"groups": [{"items": [], "count": 3, "type": "created"}]}}, {"tips": {"count": 18}, "contact": {"twitter": "tguhh", "facebook": "683537566"}, "firstName": "Teguh", "gender": "male", "lastName": "Aditya", "id": "338596", "bio": "Geekiness in clumsiness.", "photo": {"prefix": "https://igx.4sqi.net/img/user/", "suffix": "/5XHAL12C2KODFBND.jpg"}, "homeCity": "Jakarta Capital Region, Jakarta Capital Regi", "lists": {"groups": [{"items": [], "count": 6, "type": "created"}]}}, {"tips": {"count": 1}, "contact": {"twitter": "lushe_mine", "facebook": "1706192247"}, "firstName": "Lucyana", "gender": "female", "lastName": "Hastika", "id": "14007799", "bio": "", "photo": {"prefix": "https://igx.4sqi.net/img/user/", "suffix": "/SOF4RRE4KQQGZVTT.jpg"}, "homeCity": "Bogor, Indonesia", "lists": {"groups": [{"items": [], "count": 2, "type": "created"}]}}, {"tips": {"count": 10}, "contact": {"twitter": "kanjengmasjaink"}, "firstName": "Reiza", "gender": "male", "lastName": "Jaink", "id": "1463374", "bio": "", "photo": {"prefix": "https://igx.4sqi.net/img/user/", "suffix": "/CYPXOEKAD2PEOHDC.jpg"}, "homeCity": "Legok, Banten", "lists": {"groups": [{"items": [], "count": 2, "type": "created"}]}}, {"tips": {"count": 0}, "contact": {"twitter": "vtucce"}, "firstName": "Virna", "gender": "female", "lastName": "Aryanita", "id": "2144089", "bio": "", "photo": {"prefix": "https://igx.4sqi.net/img/user/", "suffix": "/GOCYMFAQGRDPCNTW.jpg"}, "homeCity": "New York, NY", "lists": {"groups": [{"items": [], "count": 2, "type": "created"}]}}, {"tips": {"count": 0}, "contact": {"twitter": "djukshavin", "facebook": "669873824"}, "firstName": "Shinta", "gender": "female", "lastName": "Djuks", "id": "1115262", "bio": "", "photo": {"prefix": "https://igx.4sqi.net/img/user/", "suffix": "/K2OV2SS43UDFXQNI.jpg"}, "homeCity": "New York, NY", "lists": {"groups": [{"items": [], "count": 2, "type": "created"}]}}, {"tips": {"count": 0}, "contact": {"twitter": "jesiera"}, "firstName": "jesiera", "gender": "female", "lastName": "s", "id": "2387461", "bio": "", "photo": {"prefix": "https://igx.4sqi.net/img/user/", "suffix": "/blank_girl.png", "default": true}, "homeCity": "Palembang, Indonesia", "lists": {"groups": [{"items": [], "count": 2, "type": "created"}]}}, {"tips": {"count": 0}, "contact": {"twitter": "irvan_saragih", "facebook": "1547281600"}, "firstName": "Muhammad", "gender": "male", "lastName": "Saragih", "id": "1123627", "bio": "", "photo": {"prefix": "https://igx.4sqi.net/img/user/", "suffix": "/JGDVDNX2GTY11PAV.jpg"}, "homeCity": "Depok, Indonesia", "lists": {"groups": [{"items": [], "count": 2, "type": "created"}]}}, {"tips": {"count": 0}, "contact": {"twitter": "ariehesty"}, "firstName": "arie", "gender": "female", "lastName": "hestiningdaru", "id": "1497988", "bio": "", "photo": {"prefix": "https://igx.4sqi.net/img/user/", "suffix": "/4H21EBRSSUICB4Q3.jpg"}, "homeCity": "Jakarta, Indonesia", "lists": {"groups": [{"items": [], "count": 2, "type": "created"}]}}, {"tips": {"count": 0}, "contact": {"twitter": "nandanaduta", "facebook": "633508077"}, "firstName": "Nandana", "gender": "male", "lastName": "Widagdho", "id": "1359388", "bio": "", "photo": {"prefix": "https://igx.4sqi.net/img/user/", "suffix": "/LZ3XKBLDJFBMD5A1.jpg"}, "homeCity": "Jakarta Capital Region, Jakarta Capital Regi", "lists": {"groups": [{"items": [], "count": 2, "type": "created"}]}}, {"tips": {"count": 5}, "contact": {"twitter": "famzfrenzy", "facebook": "100000653914360"}, "firstName": "Fachmi M", "gender": "male", "lastName": "Rizki", "id": "4897712", "bio": "", "photo": {"prefix": "https://igx.4sqi.net/img/user/", "suffix": "/VOTZ3GUM4ABOKUDW.jpg"}, "homeCity": "Bogor", "lists": {"groups": [{"items": [], "count": 2, "type": "created"}]}}, {"tips": {"count": 12}, "contact": {"twitter": "nurismaya", "facebook": "1074521059"}, "firstName": "Nurismaya", "gender": "female", "lastName": "Septianingsih", "id": "7195104", "bio": "", "photo": {"prefix": "https://igx.4sqi.net/img/user/", "suffix": "/X10FI0PUFVEDXCAM.jpg"}, "homeCity": "jakarta,indonesia", "lists": {"groups": [{"items": [], "count": 2, "type": "created"}]}}, {"tips": {"count": 11}, "contact": {"twitter": "cafechurreria"}, "firstName": "Churreria", "gender": "none", "lastName": "Spanish Chocolateria", "id": "10462421", "bio": "", "photo": {"prefix": "https://igx.4sqi.net/img/user/", "suffix": "/EWS5YUVQQTJ5NYWN.jpg"}, "homeCity": "Jakarta, Indonesia", "lists": {"groups": [{"items": [], "count": 2, "type": "created"}]}}, {"tips": {"count": 0}, "contact": {"twitter": "gita_agiet", "facebook": "1666191045"}, "firstName": "Agiet", "gender": "female", "lastName": "Kresna", "id": "1247860", "bio": "", "photo": {"prefix": "https://igx.4sqi.net/img/user/", "suffix": "/SDXG1HLLXNUBTPIJ.jpg"}, "homeCity": "Bandung Regency, West Java", "lists": {"groups": [{"items": [], "count": 2, "type": "created"}]}}, {"tips": {"count": 0}, "contact": {"facebook": "1369148585"}, "firstName": "Sandha", "gender": "male", "lastName": "Kumaradjaya", "id": "7952632", "bio": "", "photo": {"prefix": "https://igx.4sqi.net/img/user/", "suffix": "/AKNBG2DPHQR1CBG2.jpg"}, "homeCity": "Jakarta, Indonesia", "lists": {"groups": [{"items": [], "count": 2, "type": "created"}]}}, {"tips": {"count": 0}, "contact": {"twitter": "cissy_9", "facebook": "1345550422"}, "firstName": "Chrissy", "gender": "female", "lastName": "Natasya", "id": "1339241", "bio": "", "photo": {"prefix": "https://igx.4sqi.net/img/user/", "suffix": "/PZFIQVPP4VBMS1JJ.jpg"}, "homeCity": "Bogor, West Java", "lists": {"groups": [{"items": [], "count": 2, "type": "created"}]}}, {"tips": {"count": 2}, "contact": {"twitter": "annelip", "facebook": "1448432918"}, "firstName": "Ellyane", "gender": "female", "lastName": "Jatining", "id": "4287067", "bio": "Mahasiswa | Quiz Hunter | Pecinta anjing | Kekke | Lassie | Lady | Lolly", "photo": {"prefix": "https://igx.4sqi.net/img/user/", "suffix": "/4287067-O5ZVHHYO3QECZI0W.jpg"}, "homeCity": "Solo", "lists": {"groups": [{"items": [], "count": 2, "type": "created"}]}}, {"tips": {"count": 1}, "contact": {"twitter": "dherii", "facebook": "1421268954"}, "firstName": "Dheri", "gender": "male", "lastName": "Wiriadirama", "id": "1421502", "bio": "", "photo": {"prefix": "https://igx.4sqi.net/img/user/", "suffix": "/JD1FR4QAMN0CAGMH.jpg"}, "homeCity": "Bogor, Indonesia", "lists": {"groups": [{"items": [], "count": 2, "type": "created"}]}}, {"tips": {"count": 6}, "contact": {"twitter": "kartikaahapsari", "facebook": "591577359"}, "firstName": "kartika ayu", "gender": "female", "lastName": "hapsari", "id": "5631582", "bio": "", "photo": {"prefix": "https://igx.4sqi.net/img/user/", "suffix": "/HG3LPREELNDAYADL.jpg"}, "homeCity": "Balikpapan, Indonesia", "lists": {"groups": [{"items": [], "count": 2, "type": "created"}]}}, {"tips": {"count": 8}, "contact": {"twitter": "ichaa1803", "facebook": "1304991511"}, "firstName": "Riecha", "gender": "female", "lastName": "Santiecha", "id": "2360852", "bio": "", "photo": {"prefix": "https://igx.4sqi.net/img/user/", "suffix": "/2360852-Y3GBZSE1BBX2A4O2.jpg"}, "homeCity": "Jakarta, Indonesia", "lists": {"groups": [{"items": [], "count": 2, "type": "created"}]}}, {"tips": {"count": 4}, "contact": {"twitter": "iyoo", "facebook": "761116208"}, "firstName": "Wisnu", "gender": "male", "lastName": "Aryo Setio", "id": "1176930", "bio": "", "photo": {"prefix": "https://igx.4sqi.net/img/user/", "suffix": "/JGLPJKB3ID3VNZUV.jpg"}, "homeCity": "Bandung, Indonesia", "lists": {"groups": [{"items": [], "count": 2, "type": "created"}]}}, {"tips": {"count": 20}, "contact": {"twitter": "locilicious", "facebook": "1457944622"}, "firstName": "Laura", "gender": "female", "lastName": "Pinta Uli", "id": "2215038", "bio": "", "photo": {"prefix": "https://igx.4sqi.net/img/user/", "suffix": "/0D314X5CESS0MIJM.jpg"}, "homeCity": "Jakarta", "lists": {"groups": [{"items": [], "count": 2, "type": "created"}]}}, {"tips": {"count": 0}, "contact": {"twitter": "nsnadya", "facebook": "1071762558"}, "firstName": "Nadya", "gender": "female", "lastName": "Swadani", "id": "635025", "bio": "", "photo": {"prefix": "https://igx.4sqi.net/img/user/", "suffix": "/CQJCB3B2VSYC2Y3D.jpg"}, "homeCity": "Gunung Sindur, West Java", "lists": {"groups": [{"items": [], "count": 2, "type": "created"}]}}, {"tips": {"count": 11}, "contact": {"twitter": "jakartatoday"}, "firstName": "Syam AG", "gender": "male", "id": "339508", "bio": "", "photo": {"prefix": "https://igx.4sqi.net/img/user/", "suffix": "/YMFE2553BH23J2QP.jpg"}, "homeCity": "Jakarta, Jakarta Selatan", "lists": {"groups": [{"items": [], "count": 2, "type": "created"}]}}, {"tips": {"count": 0}, "contact": {"twitter": "engkaaa", "facebook": "1249348244"}, "firstName": "Eka", "gender": "female", "lastName": "Darawati", "id": "1558226", "bio": "", "photo": {"prefix": "https://igx.4sqi.net/img/user/", "suffix": "/3YMMG1SHRVB5HX1H.jpg"}, "homeCity": "Malahide, Ireland", "lists": {"groups": [{"items": [], "count": 2, "type": "created"}]}}, {"tips": {"count": 1}, "contact": {"twitter": "fefang", "facebook": "728797747"}, "firstName": "Fe", "gender": "female", "id": "1145042", "bio": "Just an ordinary woman living an extra ordinary life", "photo": {"prefix": "https://igx.4sqi.net/img/user/", "suffix": "/1145042-12POTZF1DBDTQ3IW.jpg"}, "homeCity": "Surabaya ", "lists": {"groups": [{"items": [], "count": 2, "type": "created"}]}}, {"tips": {"count": 1}, "contact": {"twitter": "sitips_owe", "facebook": "1248608523"}, "firstName": "Siti", "gender": "female", "lastName": "Puspitasari", "id": "2391391", "bio": "little, supel,original, simple", "photo": {"prefix": "https://igx.4sqi.net/img/user/", "suffix": "/P4NEVVKH1N1YKUV0.jpg"}, "homeCity": "Jakarta, Indonesia", "lists": {"groups": [{"items": [], "count": 2, "type": "created"}]}}, {"tips": {"count": 0}, "contact": {"twitter": "nugrahaarief"}, "firstName": "nugraha", "gender": "male", "lastName": "arief", "id": "1500312", "bio": "", "photo": {"prefix": "https://igx.4sqi.net/img/user/", "suffix": "/blank_boy.png", "default": true}, "homeCity": "Kalimantan Barat", "lists": {"groups": [{"items": [], "count": 2, "type": "created"}]}}, {"tips": {"count": 0}, "contact": {"twitter": "doddytri", "facebook": "1561404792"}, "firstName": "Doddy", "gender": "male", "lastName": "Tri Hardiyanto", "id": "11030021", "bio": "", "photo": {"prefix": "https://igx.4sqi.net/img/user/", "suffix": "/NYOCCNW4HI5CJEWE.jpg"}, "homeCity": "Jakarta, Indonesia", "lists": {"groups": [{"items": [], "count": 2, "type": "created"}]}}, {"tips": {"count": 13}, "contact": {"twitter": "dimaz_bnyubiru", "facebook": "100000269610019"}, "firstName": "Dimaz", "gender": "male", "id": "6243793", "bio": "I'M YOUNG  I'M RICH  I'M SMART  I'M HEALTH  AND  I'M HAPPY!", "photo": {"prefix": "https://igx.4sqi.net/img/user/", "suffix": "/VFYSDI5TS401N3YA.jpg"}, "homeCity": "Jakarta Capital Region, Indonesia", "lists": {"groups": [{"items": [], "count": 2, "type": "created"}]}}, {"tips": {"count": 0}, "contact": {"twitter": "sagiaris", "facebook": "1429914071"}, "firstName": "Arisman", "gender": "male", "lastName": "Tanjung", "id": "10255999", "bio": "", "photo": {"prefix": "https://igx.4sqi.net/img/user/", "suffix": "/blank_boy.png", "default": true}, "homeCity": "Jakarta, Indonesia", "lists": {"groups": [{"items": [], "count": 2, "type": "created"}]}}, {"tips": {"count": 0}, "contact": {"facebook": "740393330"}, "firstName": "Deasy", "gender": "female", "lastName": "Acie", "id": "11090873", "bio": "", "photo": {"prefix": "https://igx.4sqi.net/img/user/", "suffix": "/TDHOODOL0QQSKPJF.jpg"}, "homeCity": "Jakarta, Indonesia", "lists": {"groups": [{"items": [], "count": 2, "type": "created"}]}}, {"tips": {"count": 0}, "contact": {"twitter": "vidyamahesi"}, "firstName": "Vidya", "gender": "female", "lastName": "Mahesi", "id": "12171172", "bio": "", "photo": {"prefix": "https://igx.4sqi.net/img/user/", "suffix": "/FEVST2U01DMQDOEK.jpg"}, "homeCity": "Betara, Indonesia", "lists": {"groups": [{"items": [], "count": 3, "type": "created"}]}}, {"tips": {"count": 0}, "contact": {"facebook": "1583112116"}, "firstName": "Evrin", "gender": "male", "lastName": "Ferdinand", "id": "5623290", "bio": "", "photo": {"prefix": "https://igx.4sqi.net/img/user/", "suffix": "/DQKWA0JX0HCFKQ0S.jpg"}, "homeCity": "Jakarta, Indonesia", "lists": {"groups": [{"items": [], "count": 2, "type": "created"}]}}, {"tips": {"count": 0}, "contact": {}, "firstName": "Rifa", "gender": "female", "lastName": "Nadira", "id": "13297670", "bio": "", "photo": {"prefix": "https://igx.4sqi.net/img/user/", "suffix": "/13297670-CP0IIMT52JVDKYOT.jpg"}, "homeCity": "Indonesia", "lists": {"groups": [{"items": [], "count": 5, "type": "created"}]}}, {"tips": {"count": 2}, "contact": {"twitter": "suaracahaya", "facebook": "1137397253"}, "firstName": "Nur", "gender": "female", "id": "1435812", "bio": "", "photo": {"prefix": "https://igx.4sqi.net/img/user/", "suffix": "/UNGKES5VOFVWMSBG.jpg"}, "homeCity": "\u3064\u304f\u3070\u5e02, \u65e5\u672c", "lists": {"groups": [{"items": [], "count": 3, "type": "created"}]}}, {"tips": {"count": 16}, "contact": {"twitter": "anggiacullen", "facebook": "728897705"}, "firstName": "Anggia", "gender": "female", "lastName": "Maryorie", "id": "5821192", "bio": "Love to travel, food lover, beach junkie, art-film-concert festival, street photography", "photo": {"prefix": "https://igx.4sqi.net/img/user/", "suffix": "/TK0H4QFEKVJY3QGJ.jpg"}, "homeCity": "Jakarta", "lists": {"groups": [{"items": [], "count": 2, "type": "created"}]}}, {"tips": {"count": 0}, "contact": {}, "firstName": "Fati", "gender": "female", "lastName": "Nasution", "id": "2736501", "bio": "", "photo": {"prefix": "https://igx.4sqi.net/img/user/", "suffix": "/ABQCM232JNOKAHTA.jpg"}, "homeCity": "Jakarta, Indonesia", "lists": {"groups": [{"items": [], "count": 2, "type": "created"}]}}, {"tips": {"count": 9}, "contact": {"twitter": "ydmbull", "facebook": "1272516515"}, "firstName": "Yodie", "gender": "male", "lastName": "Mirawan", "id": "1585469", "bio": "", "photo": {"prefix": "https://igx.4sqi.net/img/user/", "suffix": "/4JWITC14MTQET1PS.jpg"}, "homeCity": "Jakarta, Indonesia", "lists": {"groups": [{"items": [], "count": 2, "type": "created"}]}}, {"tips": {"count": 3}, "contact": {"twitter": "its_one_tea", "facebook": "1509982697"}, "firstName": "Iswanti Noor", "gender": "female", "lastName": "Rustiana", "id": "2382887", "bio": "", "photo": {"prefix": "https://igx.4sqi.net/img/user/", "suffix": "/NGMOV2G21YDUITG4.jpg"}, "homeCity": "Jakarta", "lists": {"groups": [{"items": [], "count": 2, "type": "created"}]}}, {"tips": {"count": 7}, "contact": {"twitter": "bobbysavero", "facebook": "1613151084"}, "firstName": "Bobby", "gender": "male", "lastName": "Savero", "id": "3448604", "bio": "", "photo": {"prefix": "https://igx.4sqi.net/img/user/", "suffix": "/ZBR5JOBYPGAK1IMW.jpg"}, "homeCity": "Bogor, Indonesia", "lists": {"groups": [{"items": [], "count": 2, "type": "created"}]}}, {"tips": {"count": 1}, "contact": {"twitter": "_eros_"}, "firstName": "Eros", "gender": "male", "lastName": "Firdian", "id": "621690", "bio": "", "photo": {"prefix": "https://igx.4sqi.net/img/user/", "suffix": "/JXFPPM1FGMR54ZFX.jpg"}, "homeCity": "Jakarta, Indonesia", "lists": {"groups": [{"items": [], "count": 2, "type": "created"}]}}, {"tips": {"count": 2}, "contact": {"twitter": "nenomustika", "facebook": "1519956534"}, "firstName": "neno", "gender": "female", "lastName": "mustika", "id": "1733933", "bio": "", "photo": {"prefix": "https://igx.4sqi.net/img/user/", "suffix": "/FDGUUFGJ0XXK3IJ3.jpg"}, "homeCity": "Bogor, Indonesia", "lists": {"groups": [{"items": [], "count": 2, "type": "created"}]}}, {"tips": {"count": 0}, "contact": {"twitter": "adistyanggraini", "facebook": "597194266"}, "firstName": "adisty", "gender": "female", "lastName": "anggraini", "id": "1178741", "bio": "", "photo": {"prefix": "https://igx.4sqi.net/img/user/", "suffix": "/1AVR3OF3N24DIRWB.jpg"}, "homeCity": "Dubai, United Arab Emirates", "lists": {"groups": [{"items": [], "count": 2, "type": "created"}]}}, {"tips": {"count": 0}, "contact": {"twitter": "liana_veronz", "facebook": "1564359494"}, "firstName": "Liana", "gender": "female", "lastName": "Veronz Panjaitan", "id": "2440620", "bio": "", "photo": {"prefix": "https://igx.4sqi.net/img/user/", "suffix": "/2440620-DI0ANT3QLCNMVAMX.jpg"}, "homeCity": "Jakarta, Indonesia", "lists": {"groups": [{"items": [], "count": 2, "type": "created"}]}}, {"tips": {"count": 0}, "contact": {"twitter": "anjelikass", "facebook": "720484372"}, "firstName": "Putri", "gender": "female", "lastName": "Anjelika", "id": "2149320", "bio": "", "photo": {"prefix": "https://igx.4sqi.net/img/user/", "suffix": "/LJNZ2DPURTYMMHW1.jpg"}, "homeCity": "Bogor, Indonesia", "lists": {"groups": [{"items": [], "count": 2, "type": "created"}]}}, {"tips": {"count": 0}, "contact": {"facebook": "1166532550"}, "firstName": "Putra", "gender": "male", "lastName": "Pratama", "id": "11930453", "bio": "", "photo": {"prefix": "https://igx.4sqi.net/img/user/", "suffix": "/WJY20N3M5WBRTHFW.jpg"}, "homeCity": "Bogor, Indonesia", "lists": {"groups": [{"items": [], "count": 2, "type": "created"}]}}, {"tips": {"count": 13}, "contact": {}, "firstName": "Wisma Pakuan Bogor", "gender": "none", "id": "6515726", "bio": "Our modest family-feel hotel has 12 spacious bedrooms, which are all equally spacious and comfortable and are intended to create a most friendly atmosphere.", "photo": {"prefix": "https://igx.4sqi.net/img/user/", "suffix": "/OVFGWWBHWAMLBZYF.jpg"}, "homeCity": "Jalan Pakuan No. 12, Bogor, West Java", "lists": {"groups": [{"items": [], "count": 3, "type": "created"}]}}, {"tips": {"count": 0}, "contact": {"twitter": "linkarla", "facebook": "100001267976223"}, "firstName": "Lin", "gender": "female", "lastName": "Karmila", "id": "14307734", "bio": "", "photo": {"prefix": "https://igx.4sqi.net/img/user/", "suffix": "/2AX1BKEUREDZ2GLW.jpg"}, "homeCity": "Jakarta, Indonesia", "lists": {"groups": [{"items": [], "count": 2, "type": "created"}]}}, {"tips": {"count": 0}, "contact": {"twitter": "dikapam", "facebook": "1062971489"}, "firstName": "Andika", "gender": "male", "lastName": "Pambudi", "id": "8073859", "bio": "", "photo": {"prefix": "https://igx.4sqi.net/img/user/", "suffix": "/RXFE4VAET5SQV21X.jpg"}, "homeCity": "Bogor, West Java - Indonesia", "lists": {"groups": [{"items": [], "count": 2, "type": "created"}]}}, {"tips": {"count": 0}, "contact": {"twitter": "lennyjs", "facebook": "1028173959"}, "firstName": "Lenny Juliana", "gender": "female", "lastName": "Sinaga", "id": "5826105", "bio": "", "photo": {"prefix": "https://igx.4sqi.net/img/user/", "suffix": "/K4EGLZLGJLHRHUDW.jpg"}, "homeCity": "Jakarta, Indonesia", "lists": {"groups": [{"items": [], "count": 2, "type": "created"}]}}, {"tips": {"count": 2}, "contact": {"facebook": "1494823016"}, "firstName": "Fatur", "gender": "male", "lastName": "Rohman", "id": "2837869", "bio": "", "photo": {"prefix": "https://igx.4sqi.net/img/user/", "suffix": "/YENKA1AXABTMYBEV.jpg"}, "homeCity": "surabaya", "lists": {"groups": [{"items": [], "count": 2, "type": "created"}]}}, {"tips": {"count": 1}, "contact": {"twitter": "ryusnia"}, "firstName": "renny", "gender": "female", "lastName": "yusniati", "id": "2569118", "bio": "", "photo": {"prefix": "https://igx.4sqi.net/img/user/", "suffix": "/RAJ1CH3NSWGFTDKO.jpg"}, "homeCity": "Bogor, Indonesia", "lists": {"groups": [{"items": [], "count": 2, "type": "created"}]}}, {"tips": {"count": 0}, "contact": {"twitter": "scitautami"}, "firstName": "Cita", "gender": "female", "lastName": "Utami", "id": "4185871", "bio": "", "photo": {"prefix": "https://igx.4sqi.net/img/user/", "suffix": "/4185871-EWPLHR20OLSVJB4I.jpg"}, "homeCity": "Jakarta, Indonesia", "lists": {"groups": [{"items": [], "count": 2, "type": "created"}]}}, {"tips": {"count": 6}, "contact": {"twitter": "booyyyyyy", "facebook": "1384414907"}, "firstName": "abang", "gender": "male", "lastName": "boy", "id": "1077254", "bio": "", "photo": {"prefix": "https://igx.4sqi.net/img/user/", "suffix": "/BDMHQ2QVZZNJGHB2.jpg"}, "homeCity": "Jakarta", "lists": {"groups": [{"items": [], "count": 2, "type": "created"}]}}, {"tips": {"count": 0}, "contact": {"twitter": "fitriatikah", "facebook": "1479954132"}, "firstName": "Fitri", "gender": "female", "lastName": "Atikah", "id": "3549548", "bio": "", "photo": {"prefix": "https://igx.4sqi.net/img/user/", "suffix": "/4UOBL50ZIOUDATD5.jpg"}, "homeCity": "New York, NY", "lists": {"groups": [{"items": [], "count": 2, "type": "created"}]}}, {"tips": {"count": 29}, "contact": {"twitter": "rruchdiani", "facebook": "1770780316"}, "firstName": "Ruchdianingsih", "gender": "female", "lastName": "Hideki", "id": "1186016", "bio": "", "photo": {"prefix": "https://igx.4sqi.net/img/user/", "suffix": "/L12J2TIPV0CJYWDQ.jpg"}, "homeCity": "Jakarta, Indonesia", "lists": {"groups": [{"items": [], "count": 2, "type": "created"}]}}, {"tips": {"count": 5}, "contact": {}, "firstName": "Hetty", "gender": "female", "lastName": "Oktafiany", "id": "2509525", "bio": "Libra", "photo": {"prefix": "https://igx.4sqi.net/img/user/", "suffix": "/2509525-V3V1LTOYZM4TOPCR.jpg"}, "homeCity": "Bogor, Indonesia", "lists": {"groups": [{"items": [], "count": 2, "type": "created"}]}}, {"tips": {"count": 0}, "contact": {"facebook": "1031899598"}, "firstName": "Hendy", "gender": "male", "lastName": "Aji", "id": "13201057", "bio": "", "photo": {"prefix": "https://igx.4sqi.net/img/user/", "suffix": "/H04QMNEMAILJ50F3.jpg"}, "homeCity": "INA", "lists": {"groups": [{"items": [], "count": 2, "type": "created"}]}}, {"tips": {"count": 0}, "contact": {"twitter": "ehrse", "facebook": "1102189081"}, "firstName": "ehrse", "gender": "male", "id": "6962061", "bio": "", "photo": {"prefix": "https://igx.4sqi.net/img/user/", "suffix": "/3D3J2PPF05J2BWWP.jpg"}, "homeCity": "Jakarta, Indonesia", "lists": {"groups": [{"items": [], "count": 2, "type": "created"}]}}, {"tips": {"count": 0}, "contact": {"facebook": "100001173710102"}, "firstName": "Lukman", "gender": "male", "lastName": "Zie", "id": "14648231", "bio": "", "photo": {"prefix": "https://igx.4sqi.net/img/user/", "suffix": "/T5ZCA1VKW4VMSI21.jpg"}, "homeCity": "Palembang, Indonesia", "lists": {"groups": [{"items": [], "count": 2, "type": "created"}]}}, {"tips": {"count": 0}, "contact": {"facebook": "1433911045"}, "firstName": "Riri", "gender": "female", "lastName": "Octaviani", "id": "9180104", "bio": "", "photo": {"prefix": "https://igx.4sqi.net/img/user/", "suffix": "/blank_girl.png", "default": true}, "homeCity": "Bekasi, Indonesia", "lists": {"groups": [{"items": [], "count": 2, "type": "created"}]}}, {"tips": {"count": 0}, "contact": {"facebook": "1227314141"}, "firstName": "Fandi Agam", "gender": "male", "lastName": "Razak", "id": "13401443", "bio": "", "photo": {"prefix": "https://igx.4sqi.net/img/user/", "suffix": "/TEEDTH2IWJZ3W3SM.jpg"}, "homeCity": "Jakarta, Indonesia", "lists": {"groups": [{"items": [], "count": 2, "type": "created"}]}}, {"tips": {"count": 2}, "contact": {"twitter": "dani1441", "facebook": "633028963"}, "firstName": "Dani", "gender": "male", "lastName": "Kurniawan", "id": "3353175", "bio": "", "photo": {"prefix": "https://igx.4sqi.net/img/user/", "suffix": "/TFQKO1EN4MCYUNUF.jpg"}, "homeCity": "Mojokerto, Indonesia", "lists": {"groups": [{"items": [], "count": 2, "type": "created"}]}}, {"tips": {"count": 0}, "contact": {"twitter": "p_r_i_m_z", "facebook": "1569927848"}, "firstName": "prima", "gender": "male", "lastName": "'coffee' rock", "id": "2574496", "bio": "", "photo": {"prefix": "https://igx.4sqi.net/img/user/", "suffix": "/OWT205EHSYH53KDW.jpg"}, "homeCity": "Indonesia", "lists": {"groups": [{"items": [], "count": 2, "type": "created"}]}}, {"tips": {"count": 3}, "contact": {"twitter": "nengquu", "facebook": "1572227469"}, "firstName": "Dyah 'Neng'", "gender": "female", "lastName": "Pitaloka", "id": "5352027", "bio": "", "photo": {"prefix": "https://igx.4sqi.net/img/user/", "suffix": "/5352027-1ZQKHHBZV4U1TT15.jpg"}, "homeCity": "Indonesia", "lists": {"groups": [{"items": [], "count": 2, "type": "created"}]}}, {"tips": {"count": 9}, "contact": {"twitter": "oeboer", "facebook": "593108901"}, "firstName": "Wisnu", "gender": "male", "lastName": "Oeboer", "id": "1522183", "bio": "Vespa Junkie", "photo": {"prefix": "https://igx.4sqi.net/img/user/", "suffix": "/0RLXUDQWMBMXIB5R.jpg"}, "homeCity": "Jakarta", "lists": {"groups": [{"items": [], "count": 2, "type": "created"}]}}, {"tips": {"count": 1}, "contact": {"twitter": "mayanggoober", "facebook": "1171973424"}, "firstName": "Dewi", "gender": "female", "lastName": "Pertiwi", "id": "4714004", "bio": "", "photo": {"prefix": "https://igx.4sqi.net/img/user/", "suffix": "/E0L2IVBLYRU40UZY.jpg"}, "homeCity": "Bogor - Tangerang, Indonesia", "lists": {"groups": [{"items": [], "count": 2, "type": "created"}]}}, {"tips": {"count": 0}, "contact": {}, "firstName": "Firman", "gender": "male", "lastName": "Hidayat", "id": "1207805", "bio": "", "photo": {"prefix": "https://igx.4sqi.net/img/user/", "suffix": "/ZBHVOQTH3BMTKLZL.jpg"}, "homeCity": "Jakarta Capital Region, Jakarta Capital Regi", "lists": {"groups": [{"items": [], "count": 2, "type": "created"}]}}, {"tips": {"count": 4}, "contact": {"twitter": "eve_vha", "facebook": "1506864046"}, "firstName": "eva", "gender": "female", "lastName": "ardyantha", "id": "2666845", "bio": "Me love everything new", "photo": {"prefix": "https://igx.4sqi.net/img/user/", "suffix": "/PKJSTUJZTQYXNHGT.jpg"}, "homeCity": "jakarta", "lists": {"groups": [{"items": [], "count": 2, "type": "created"}]}}, {"tips": {"count": 1}, "contact": {"facebook": "1006206705"}, "firstName": "Jimz", "gender": "male", "lastName": "Christz", "id": "12637780", "bio": "", "photo": {"prefix": "https://igx.4sqi.net/img/user/", "suffix": "/XTSCLQVR5NLPG1SB.jpg"}, "homeCity": "Jakarta, Indonesia", "lists": {"groups": [{"items": [], "count": 2, "type": "created"}]}}, {"tips": {"count": 0}, "contact": {"facebook": "100000258495795"}, "firstName": "Jason", "gender": "male", "lastName": "Fadli", "id": "15715566", "bio": "", "photo": {"prefix": "https://igx.4sqi.net/img/user/", "suffix": "/KPYCCIDIWHNQANFU.jpg"}, "homeCity": "Indonesia", "lists": {"groups": [{"items": [], "count": 3, "type": "created"}]}}, {"tips": {"count": 0}, "contact": {"twitter": "aleoninadia"}, "firstName": "Aleoni", "gender": "female", "lastName": "Nadia", "id": "14084965", "bio": "", "photo": {"prefix": "https://igx.4sqi.net/img/user/", "suffix": "/VGM2L3JPCHDSR3AA.jpg"}, "homeCity": "Bandung, Indonesia", "lists": {"groups": [{"items": [], "count": 2, "type": "created"}]}}, {"tips": {"count": 0}, "contact": {"twitter": "nie_ennie", "facebook": "1464514241"}, "firstName": "ennie", "gender": "female", "lastName": "nurul", "id": "3354824", "bio": "", "photo": {"prefix": "https://igx.4sqi.net/img/user/", "suffix": "/1B1Q10ULQGNUCZG0.jpg"}, "homeCity": "Bekasi, Indonesia", "lists": {"groups": [{"items": [], "count": 2, "type": "created"}]}}, {"tips": {"count": 1}, "contact": {"twitter": "donihadian", "facebook": "1226650375"}, "firstName": "Doni", "gender": "male", "lastName": "Hadianto", "id": "2897665", "bio": "", "photo": {"prefix": "https://igx.4sqi.net/img/user/", "suffix": "/PWIQAIXDBW3Z45JN.jpg"}, "homeCity": "Bogor, Indonesia", "lists": {"groups": [{"items": [], "count": 2, "type": "created"}]}}, {"tips": {"count": 1}, "contact": {"twitter": "ikerahmawati", "facebook": "1057962898"}, "firstName": "Ike", "gender": "female", "lastName": "Rahmawati", "id": "1696535", "bio": "", "photo": {"prefix": "https://igx.4sqi.net/img/user/", "suffix": "/XHACUXVGK4GNR4NY.jpg"}, "homeCity": "Jakarta Capital Region, Jakarta Capital Regi", "lists": {"groups": [{"items": [], "count": 2, "type": "created"}]}}, {"tips": {"count": 0}, "contact": {"twitter": "sprihadiaji", "facebook": "1331570802"}, "firstName": "Singgih", "gender": "male", "lastName": "Prihadi Aji", "id": "15103085", "bio": "", "photo": {"prefix": "https://igx.4sqi.net/img/user/", "suffix": "/2YFWSGHENOKD0ZTB.jpg"}, "homeCity": "Jakarta, Indonesia", "lists": {"groups": [{"items": [], "count": 2, "type": "created"}]}}, {"tips": {"count": 2}, "contact": {"twitter": "fesythiaa", "facebook": "10210809146844158"}, "firstName": "fesythiaa", "gender": "female", "id": "1260948", "bio": "", "photo": {"prefix": "https://igx.4sqi.net/img/user/", "suffix": "/UV1I3BUZUSVNUF5O.jpg"}, "homeCity": "Serpong, Tangerang Selatan, Banten", "lists": {"groups": [{"items": [], "count": 2, "type": "created"}]}}, {"tips": {"count": 5}, "contact": {"twitter": "syl_jenq", "facebook": "524983208"}, "firstName": "sylvia", "gender": "female", "lastName": "mulyawati", "id": "2669754", "bio": "", "photo": {"prefix": "https://igx.4sqi.net/img/user/", "suffix": "/N0L222Y1XYS1W21Y.jpg"}, "homeCity": "Bogor, Indonesia", "lists": {"groups": [{"items": [], "count": 2, "type": "created"}]}}, {"tips": {"count": 2}, "contact": {"twitter": "uchie_alan", "facebook": "100002046252649"}, "firstName": "Uchee", "gender": "female", "lastName": "Haras", "id": "12653669", "bio": "", "photo": {"prefix": "https://igx.4sqi.net/img/user/", "suffix": "/1XEENPVGIQYWPGNC.jpg"}, "homeCity": "Tamalate, Indonesia", "lists": {"groups": [{"items": [], "count": 4, "type": "created"}]}}, {"tips": {"count": 1}, "contact": {"twitter": "itharrison", "facebook": "1642462525"}, "firstName": "Krishta", "gender": "female", "lastName": "Paramita", "id": "16359175", "bio": "Think for urself...", "photo": {"prefix": "https://igx.4sqi.net/img/user/", "suffix": "/5QNOYLV1ADNH0JNG.jpg"}, "homeCity": "Bogor - Jakarta,  Indonesia", "lists": {"groups": [{"items": [], "count": 3, "type": "created"}]}}, {"tips": {"count": 0}, "contact": {"twitter": "fajrifirmawan", "facebook": "1387851636"}, "firstName": "Fajri", "gender": "male", "lastName": "Firmawan", "id": "3356627", "bio": "", "photo": {"prefix": "https://igx.4sqi.net/img/user/", "suffix": "/IQEFSWDKHMFT0HEO.jpg"}, "homeCity": "Jakarta, Indonesia", "lists": {"groups": [{"items": [], "count": 2, "type": "created"}]}}, {"tips": {"count": 0}, "contact": {"twitter": "meiswita"}, "firstName": "Meiswita", "gender": "female", "lastName": "Permata Hardy", "id": "3839314", "bio": "", "photo": {"prefix": "https://igx.4sqi.net/img/user/", "suffix": "/HDT2Y130JQS4QQU0.jpg"}, "homeCity": "Bogor, Indonesia", "lists": {"groups": [{"items": [], "count": 2, "type": "created"}]}}, {"tips": {"count": 0}, "contact": {"twitter": "muhajier", "facebook": "1697071526"}, "firstName": "muha", "gender": "male", "lastName": "jier", "id": "1697794", "bio": "", "photo": {"prefix": "https://igx.4sqi.net/img/user/", "suffix": "/WBLACXE0HAVSDUXH.jpg"}, "homeCity": "Bogor, Jawa Barat", "lists": {"groups": [{"items": [], "count": 2, "type": "created"}]}}, {"tips": {"count": 8}, "contact": {}, "firstName": "Valentina", "gender": "female", "lastName": "Diana", "id": "1269767", "bio": "", "photo": {"prefix": "https://igx.4sqi.net/img/user/", "suffix": "/SJFIN4CQEU34S3LL.jpg"}, "homeCity": "Jakarta Capital Region, Jakarta Capital Regi", "lists": {"groups": [{"items": [], "count": 4, "type": "created"}]}}, {"tips": {"count": 2}, "contact": {}, "firstName": "Iko", "gender": "male", "lastName": "Wisananda", "id": "2862774", "bio": "", "photo": {"prefix": "https://igx.4sqi.net/img/user/", "suffix": "/HJGP4DUVXVEB5BFO.jpg"}, "homeCity": "Bogor, Indonesia", "lists": {"groups": [{"items": [], "count": 2, "type": "created"}]}}, {"tips": {"count": 0}, "contact": {}, "firstName": "Ristouch", "gender": "male", "lastName": "Photowork", "id": "3356922", "bio": "", "photo": {"prefix": "https://igx.4sqi.net/img/user/", "suffix": "/PQKMZWMXYIUIB1YB.jpg"}, "homeCity": "Bogor, Indonesia", "lists": {"groups": [{"items": [], "count": 2, "type": "created"}]}}, {"tips": {"count": 0}, "contact": {"facebook": "1358835100"}, "firstName": "Elok", "gender": "female", "lastName": "Wahyuni", "id": "14583426", "bio": "", "photo": {"prefix": "https://igx.4sqi.net/img/user/", "suffix": "/RCTGK1Q0N405BWEN.jpg"}, "homeCity": "Jakarta, Indonesia", "lists": {"groups": [{"items": [], "count": 2, "type": "created"}]}}, {"tips": {"count": 0}, "contact": {}, "firstName": "Bella", "gender": "female", "lastName": "Lorenza", "id": "3126524", "bio": "", "photo": {"prefix": "https://igx.4sqi.net/img/user/", "suffix": "/5O42VMOJJ24051VA.jpg"}, "homeCity": "Jakarta, Indonesia", "lists": {"groups": [{"items": [], "count": 2, "type": "created"}]}}, {"tips": {"count": 0}, "contact": {"twitter": "kartikaputri"}, "firstName": "Nurul", "gender": "female", "lastName": "kartika", "id": "1284193", "bio": "", "photo": {"prefix": "https://igx.4sqi.net/img/user/", "suffix": "/MWXS3C33NJCOOGYH.jpg"}, "homeCity": "Jakarta Capital Region, Jakarta Capital Regi", "lists": {"groups": [{"items": [], "count": 2, "type": "created"}]}}, {"tips": {"count": 3}, "contact": {"twitter": "ninishfajrina"}, "firstName": "Fajrina Nissa", "gender": "female", "lastName": "Utami", "id": "3034365", "bio": "", "photo": {"prefix": "https://igx.4sqi.net/img/user/", "suffix": "/1E4M5XYSWQJ45YWS.jpg"}, "homeCity": "Bogor, Indonesia", "lists": {"groups": [{"items": [], "count": 2, "type": "created"}]}}, {"tips": {"count": 0}, "contact": {"twitter": "delsop", "facebook": "1435986748"}, "firstName": "Deli", "gender": "male", "lastName": "Sopian", "id": "3363669", "bio": "", "photo": {"prefix": "https://igx.4sqi.net/img/user/", "suffix": "/SAPJKETKNP2TIWXO.jpg"}, "homeCity": "Jakarta, Indonesia", "lists": {"groups": [{"items": [], "count": 2, "type": "created"}]}}, {"tips": {"count": 0}, "contact": {"twitter": "nanna_alone", "facebook": "1305610941"}, "firstName": "ratna", "gender": "female", "lastName": "triseptyanti", "id": "3338602", "bio": "", "photo": {"prefix": "https://igx.4sqi.net/img/user/", "suffix": "/ZVATIG5ISHBQMI3G.jpg"}, "homeCity": "Bogor, Indonesia", "lists": {"groups": [{"items": [], "count": 2, "type": "created"}]}}, {"tips": {"count": 0}, "contact": {"twitter": "bun7972", "facebook": "1776879969"}, "firstName": "Bimbim", "gender": "female", "lastName": "Tato", "id": "1293453", "bio": "", "photo": {"prefix": "https://igx.4sqi.net/img/user/", "suffix": "/F0XEYR3XFELHBFES.jpg"}, "homeCity": "Jakarta Pusat", "lists": {"groups": [{"items": [], "count": 2, "type": "created"}]}}, {"tips": {"count": 0}, "contact": {"twitter": "nanavika"}, "firstName": "Khrisna", "gender": "male", "lastName": "Pratama", "id": "3275047", "bio": "", "photo": {"prefix": "https://igx.4sqi.net/img/user/", "suffix": "/VQD5D4XC4ZUBUE5K.jpg"}, "homeCity": "Tahuna, Indonesia", "lists": {"groups": [{"items": [], "count": 2, "type": "created"}]}}, {"tips": {"count": 1}, "contact": {"facebook": "1377181956"}, "firstName": "Gratia", "gender": "female", "lastName": "Hendra", "id": "3655709", "bio": "", "photo": {"prefix": "https://igx.4sqi.net/img/user/", "suffix": "/2H2NEOFX0HBPPC03.jpg"}, "homeCity": "Jakarta, Indonesia", "lists": {"groups": [{"items": [], "count": 2, "type": "created"}]}}, {"tips": {"count": 1}, "contact": {"twitter": "gerrygusta", "facebook": "1492923561"}, "firstName": "Gerry", "gender": "male", "lastName": "Gusta Baskara", "id": "3786610", "bio": "", "photo": {"prefix": "https://igx.4sqi.net/img/user/", "suffix": "/E2TBSAAT2XBZKHKK.jpg"}, "homeCity": "Jakarta, Indonesia", "lists": {"groups": [{"items": [], "count": 2, "type": "created"}]}}, {"tips": {"count": 0}, "contact": {}, "firstName": "Daddy", "gender": "male", "lastName": "Ibenk", "id": "1311117", "bio": "", "photo": {"prefix": "https://igx.4sqi.net/img/user/", "suffix": "/FCYP1VZHLZLLVT42.jpg"}, "homeCity": "Bogor, West Java", "lists": {"groups": [{"items": [], "count": 2, "type": "created"}]}}, {"tips": {"count": 0}, "contact": {"twitter": "nikenatria"}, "firstName": "Niken", "gender": "female", "lastName": "Atria", "id": "3319138", "bio": "", "photo": {"prefix": "https://igx.4sqi.net/img/user/", "suffix": "/4OYPLIK0IFBZN3WY.jpg"}, "homeCity": "Bogor, Indonesia", "lists": {"groups": [{"items": [], "count": 2, "type": "created"}]}}, {"tips": {"count": 0}, "contact": {"twitter": "mia_ariesanti", "facebook": "1392325183"}, "firstName": "mia", "gender": "female", "lastName": "ariesanti", "id": "5318268", "bio": "", "photo": {"prefix": "https://igx.4sqi.net/img/user/", "suffix": "/CCYA3UJFLH3V1QCC.jpg"}, "homeCity": "Makassar, Indonesia", "lists": {"groups": [{"items": [], "count": 2, "type": "created"}]}}, {"tips": {"count": 0}, "contact": {}, "firstName": "Olga", "gender": "female", "lastName": "Dachlan", "id": "4621587", "bio": "", "photo": {"prefix": "https://igx.4sqi.net/img/user/", "suffix": "/blank_girl.png", "default": true}, "homeCity": "Bogor, Indonesia", "lists": {"groups": [{"items": [], "count": 2, "type": "created"}]}}, {"tips": {"count": 12}, "contact": {"twitter": "p1n1"}, "firstName": "p1n1", "gender": "female", "id": "1414620", "bio": "", "photo": {"prefix": "https://igx.4sqi.net/img/user/", "suffix": "/DFTMHS1L1S0NJGEQ.jpg"}, "homeCity": "Wageningen, Netherland", "lists": {"groups": [{"items": [], "count": 2, "type": "created"}]}}, {"tips": {"count": 18}, "contact": {}, "firstName": "Marsya", "gender": "female", "lastName": "Paramita", "id": "3857103", "bio": "", "photo": {"prefix": "https://igx.4sqi.net/img/user/", "suffix": "/D4WCN0M3A4ZOD0QR.jpg"}, "homeCity": "Semarang, Indonesia", "lists": {"groups": [{"items": [], "count": 3, "type": "created"}]}}, {"tips": {"count": 0}, "contact": {}, "firstName": "Yudhi Apriyadi", "gender": "male", "lastName": "Sukirmam", "id": "4625604", "bio": "", "photo": {"prefix": "https://igx.4sqi.net/img/user/", "suffix": "/blank_boy.png", "default": true}, "homeCity": "Medan, Indonesia", "lists": {"groups": [{"items": [], "count": 2, "type": "created"}]}}, {"tips": {"count": 0}, "contact": {"twitter": "yulitarp", "facebook": "1065609225"}, "firstName": "Yulita Riani", "gender": "female", "lastName": "Putri", "id": "1417954", "bio": "", "photo": {"prefix": "https://igx.4sqi.net/img/user/", "suffix": "/VHFUSZI1WOXVRGPJ.jpg"}, "homeCity": "Jakarta Capital Region, Jakarta Capital Regi", "lists": {"groups": [{"items": [], "count": 2, "type": "created"}]}}, {"tips": {"count": 0}, "contact": {"twitter": "notiemimi", "facebook": "631938768"}, "firstName": "notie", "gender": "female", "lastName": "mimi", "id": "3878429", "bio": "", "photo": {"prefix": "https://igx.4sqi.net/img/user/", "suffix": "/3878429-KOQTD2MGHVQ54TXV.jpg"}, "homeCity": "Bogor, Indonesia", "lists": {"groups": [{"items": [], "count": 2, "type": "created"}]}}, {"tips": {"count": 0}, "contact": {"twitter": "elitonkchii", "facebook": "1200446421"}, "firstName": "elita", "gender": "female", "lastName": "virda", "id": "1450074", "bio": "", "photo": {"prefix": "https://igx.4sqi.net/img/user/", "suffix": "/RKU4BNNLMWCKXGK3.jpg"}, "homeCity": "Bekasi, West Java", "lists": {"groups": [{"items": [], "count": 2, "type": "created"}]}}, {"tips": {"count": 0}, "contact": {"twitter": "krishnapadja", "facebook": "621454787"}, "firstName": "Krishna", "gender": "male", "lastName": "Kurniawan", "id": "4020023", "bio": "", "photo": {"prefix": "https://igx.4sqi.net/img/user/", "suffix": "/YBL5MZVGW1ATDFER.jpg"}, "homeCity": "Kebomas, Indonesia", "lists": {"groups": [{"items": [], "count": 2, "type": "created"}]}}, {"tips": {"count": 0}, "contact": {"twitter": "idha_idul", "facebook": "1485122114"}, "firstName": "Zho", "gender": "female", "lastName": "Idha", "id": "1454627", "bio": "", "photo": {"prefix": "https://igx.4sqi.net/img/user/", "suffix": "/BPGXLSDWLX0TWPMF.jpg"}, "homeCity": "Jakarta, Indonesia", "lists": {"groups": [{"items": [], "count": 2, "type": "created"}]}}, {"tips": {"count": 0}, "contact": {}, "firstName": "Muhammad Rifqi", "gender": "male", "lastName": "Syauqi", "id": "4045985", "bio": "", "photo": {"prefix": "https://igx.4sqi.net/img/user/", "suffix": "/FHUCM2Q2IEHJSW1P.jpg"}, "homeCity": "Jakarta, Indonesia", "lists": {"groups": [{"items": [], "count": 2, "type": "created"}]}}, {"tips": {"count": 1}, "contact": {}, "firstName": "mutia", "gender": "female", "id": "1508239", "bio": "", "photo": {"prefix": "https://igx.4sqi.net/img/user/", "suffix": "/OK5TIMSI3C0VQJCU.jpg"}, "homeCity": "Bogor, Indonesia", "lists": {"groups": [{"items": [], "count": 2, "type": "created"}]}}, {"tips": {"count": 0}, "contact": {"twitter": "pisep"}, "firstName": "Pipih", "gender": "male", "lastName": "Septina", "id": "4692097", "bio": "", "photo": {"prefix": "https://igx.4sqi.net/img/user/", "suffix": "/BHX302RI540Q2L2Z.jpg"}, "homeCity": "Bandung, Indonesia", "lists": {"groups": [{"items": [], "count": 2, "type": "created"}]}}, {"tips": {"count": 0}, "contact": {"twitter": "hardhytm", "facebook": "1172378100"}, "firstName": "Hardhy", "gender": "male", "lastName": "Mukti", "id": "1529431", "bio": "", "photo": {"prefix": "https://igx.4sqi.net/img/user/", "suffix": "/XYRDOMKOUPTJVPEW.jpg"}, "homeCity": "Jakarta Capital Region, Jakarta Capital Regi", "lists": {"groups": [{"items": [], "count": 2, "type": "created"}]}}, {"tips": {"count": 0}, "contact": {"twitter": "siamoyy"}, "firstName": "Hamdan", "gender": "male", "lastName": "Faris", "id": "13138630", "bio": "", "photo": {"prefix": "https://igx.4sqi.net/img/user/", "suffix": "/BZLKUNO2K3NOJYRB.jpg"}, "homeCity": "Bogor, Indonesia", "lists": {"groups": [{"items": [], "count": 2, "type": "created"}]}}, {"tips": {"count": 0}, "contact": {"twitter": "ikathrey", "facebook": "1418177932"}, "firstName": "ika", "gender": "female", "lastName": "threyfenna", "id": "1707383", "bio": "", "photo": {"prefix": "https://igx.4sqi.net/img/user/", "suffix": "/2TSFTYOR450SIVJV.jpg"}, "homeCity": "Indonesia", "lists": {"groups": [{"items": [], "count": 2, "type": "created"}]}}, {"tips": {"count": 13}, "contact": {"twitter": "richardnikolas", "facebook": "1022558326"}, "firstName": "Richard", "gender": "male", "lastName": "Nikolas", "id": "1711912", "bio": "", "photo": {"prefix": "https://igx.4sqi.net/img/user/", "suffix": "/4IK0PS34VTQP4D5A.jpg"}, "homeCity": "Jakarta Pusat, Indonesia", "lists": {"groups": [{"items": [], "count": 2, "type": "created"}]}}, {"tips": {"count": 0}, "contact": {"facebook": "1105208267"}, "firstName": "Dey", "gender": "female", "lastName": "rY", "id": "1721570", "bio": "", "photo": {"prefix": "https://igx.4sqi.net/img/user/", "suffix": "/F1EH05XMSKHCZA2C.jpg"}, "homeCity": "Bogor, West Java", "lists": {"groups": [{"items": [], "count": 2, "type": "created"}]}}, {"tips": {"count": 0}, "contact": {"facebook": "1460723369"}, "firstName": "Herlida", "gender": "female", "lastName": "Majid", "id": "1818537", "bio": "", "photo": {"prefix": "https://igx.4sqi.net/img/user/", "suffix": "/3LHOIGMNTTBGD32D.jpg"}, "homeCity": "Surabaya, ", "lists": {"groups": [{"items": [], "count": 2, "type": "created"}]}}, {"tips": {"count": 1}, "contact": {"twitter": "tiararvianto", "facebook": "1434995739"}, "firstName": "Diar", "gender": "female", "lastName": "Gustiara", "id": "1828455", "bio": "", "photo": {"prefix": "https://igx.4sqi.net/img/user/", "suffix": "/EKQJKUSFND13OYD5.jpg"}, "homeCity": "Bogor, West Java", "lists": {"groups": [{"items": [], "count": 2, "type": "created"}]}}, {"tips": {"count": 4}, "contact": {"facebook": "1227912275"}, "firstName": "Aldhy", "gender": "male", "lastName": "Armansyah", "id": "1832655", "bio": "", "photo": {"prefix": "https://igx.4sqi.net/img/user/", "suffix": "/SALEZQN0UGY22SBO.jpg"}, "homeCity": "Bogor, West Java", "lists": {"groups": [{"items": [], "count": 2, "type": "created"}]}}, {"tips": {"count": 0}, "contact": {"twitter": "ayiebudi"}, "firstName": "ayi", "gender": "female", "lastName": "indah", "id": "1877983", "bio": "", "photo": {"prefix": "https://igx.4sqi.net/img/user/", "suffix": "/0BOKHX0RFFJZWMZU.jpg"}, "homeCity": "Bogor, Jawa Barat", "lists": {"groups": [{"items": [], "count": 2, "type": "created"}]}}, {"tips": {"count": 1}, "contact": {"twitter": "astradoc"}, "firstName": "Straw", "gender": "female", "lastName": "Chandra", "id": "2030575", "bio": "", "photo": {"prefix": "https://igx.4sqi.net/img/user/", "suffix": "/AONYWZFH5MVDB4W3.jpg"}, "homeCity": "Cileungsi, West Java", "lists": {"groups": [{"items": [], "count": 2, "type": "created"}]}}, {"tips": {"count": 0}, "contact": {"twitter": "humsyourlife"}, "firstName": "Xavier", "gender": "male", "lastName": "Ong", "id": "2044594", "bio": "", "photo": {"prefix": "https://igx.4sqi.net/img/user/", "suffix": "/QDGCPWLKFHNVEXJM.jpg"}, "homeCity": "Singapore", "lists": {"groups": [{"items": [], "count": 2, "type": "created"}]}}, {"tips": {"count": 1}, "contact": {"twitter": "siskayunita", "facebook": "1209520528"}, "firstName": "Siska", "gender": "female", "lastName": "Yunita", "id": "2083101", "bio": "", "photo": {"prefix": "https://igx.4sqi.net/img/user/", "suffix": "/EFK5Q0UINRUPUU5K.jpg"}, "homeCity": "Serpong, Bantam", "lists": {"groups": [{"items": [], "count": 2, "type": "created"}]}}, {"tips": {"count": 5}, "contact": {"twitter": "fajarabimanyu", "facebook": "1317282616"}, "firstName": "Fajar", "gender": "male", "lastName": "Abimanyu", "id": "2089568", "bio": "", "photo": {"prefix": "https://igx.4sqi.net/img/user/", "suffix": "/J20YKL34V1IRGH2I.jpg"}, "homeCity": "Bogor, West Java", "lists": {"groups": [{"items": [], "count": 2, "type": "created"}]}}, {"tips": {"count": 0}, "contact": {"twitter": "ekapuspita"}, "firstName": "eka", "gender": "female", "lastName": "puspitasari", "id": "2227418", "bio": "", "photo": {"prefix": "https://igx.4sqi.net/img/user/", "suffix": "/DKXAREAVTGCTCV5L.jpg"}, "homeCity": "Jakarta, Indonesia", "lists": {"groups": [{"items": [], "count": 2, "type": "created"}]}}, {"tips": {"count": 0}, "contact": {}, "firstName": "Isnaeni Tri", "gender": "female", "lastName": "Rosiani", "id": "2272928", "bio": "", "photo": {"prefix": "https://igx.4sqi.net/img/user/", "suffix": "/PFOOTXRINFO44V2G.jpg"}, "homeCity": "Jakarta, Indonesia", "lists": {"groups": [{"items": [], "count": 2, "type": "created"}]}}, {"tips": {"count": 0}, "contact": {"twitter": "yanti_marty", "facebook": "1188164235"}, "firstName": "Martyanti", "gender": "female", "lastName": "Sianturi", "id": "2405330", "bio": "", "photo": {"prefix": "https://igx.4sqi.net/img/user/", "suffix": "/WG3NTAVNFNYRQNOK.jpg"}, "homeCity": "Jakarta", "lists": {"groups": [{"items": [], "count": 2, "type": "created"}]}}, {"tips": {"count": 0}, "contact": {}, "firstName": "Deden", "gender": "male", "lastName": "Suhendar", "id": "2422783", "bio": "", "photo": {"prefix": "https://igx.4sqi.net/img/user/", "suffix": "/blank_boy.png", "default": true}, "homeCity": "Bogor, Indonesia", "lists": {"groups": [{"items": [], "count": 2, "type": "created"}]}}, {"tips": {"count": 3}, "contact": {"twitter": "r14n23", "facebook": "1032125122"}, "firstName": "Rian", "gender": "male", "lastName": "Pranidiya", "id": "2424970", "bio": "", "photo": {"prefix": "https://igx.4sqi.net/img/user/", "suffix": "/ALTGWLPIXOS3EACL.jpg"}, "homeCity": "bogor,indonesia", "lists": {"groups": [{"items": [], "count": 2, "type": "created"}]}}, {"tips": {"count": 1}, "contact": {"twitter": "caliscahardiana"}, "firstName": "Calisca", "gender": "female", "lastName": "Hardiana", "id": "2644349", "bio": "", "photo": {"prefix": "https://igx.4sqi.net/img/user/", "suffix": "/KTBDG2R0LOKOMYJR.jpg"}, "homeCity": "Unnamed Location", "lists": {"groups": [{"items": [], "count": 2, "type": "created"}]}}, {"tips": {"count": 1}, "contact": {"twitter": "lovely_rimz", "facebook": "1372566293"}, "firstName": "Rima", "gender": "female", "lastName": "Juanda", "id": "2729866", "bio": "", "photo": {"prefix": "https://igx.4sqi.net/img/user/", "suffix": "/YEMCAAVFNLBEOAZN.jpg"}, "homeCity": "New York, NY", "lists": {"groups": [{"items": [], "count": 2, "type": "created"}]}}, {"tips": {"count": 0}, "contact": {"facebook": "1682191476"}, "firstName": "Rangga", "gender": "male", "lastName": "Skripsiana", "id": "2782344", "bio": "", "photo": {"prefix": "https://igx.4sqi.net/img/user/", "suffix": "/A1XSBQ42QQVMZAAP.jpg"}, "homeCity": "Bogor, Indonesia", "lists": {"groups": [{"items": [], "count": 2, "type": "created"}]}}, {"tips": {"count": 4}, "contact": {"twitter": "mrostania", "facebook": "1286118977"}, "firstName": "Meli", "gender": "female", "lastName": "Rostania", "id": "2971769", "bio": "", "photo": {"prefix": "https://igx.4sqi.net/img/user/", "suffix": "/HKKESHTNBJNB0IPP.jpg"}, "homeCity": "Tangerang, Indonesia", "lists": {"groups": [{"items": [], "count": 2, "type": "created"}]}}, {"tips": {"count": 0}, "contact": {"twitter": "rannau"}, "firstName": "Rani", "gender": "female", "lastName": "Permata", "id": "2977265", "bio": "", "photo": {"prefix": "https://igx.4sqi.net/img/user/", "suffix": "/W3CKJ5GQRJ1AJ00Z.jpg"}, "homeCity": "Surabaya, Indonesia", "lists": {"groups": [{"items": [], "count": 2, "type": "created"}]}}, {"tips": {"count": 1}, "contact": {"twitter": "andrabenazir", "facebook": "1524717390"}, "firstName": "Andra Devi", "gender": "female", "lastName": "Benazir", "id": "2982608", "bio": "", "photo": {"prefix": "https://igx.4sqi.net/img/user/", "suffix": "/5B2LL2JSXE4ATTTQ.jpg"}, "homeCity": "Bogor, Indonesia", "lists": {"groups": [{"items": [], "count": 2, "type": "created"}]}}, {"tips": {"count": 0}, "contact": {}, "firstName": "fidya", "gender": "female", "lastName": "wisnu putri", "id": "3108449", "bio": "", "photo": {"prefix": "https://igx.4sqi.net/img/user/", "suffix": "/LOVLAXFG1MFOOJ5R.jpg"}, "homeCity": "Pontianak", "lists": {"groups": [{"items": [], "count": 2, "type": "created"}]}}, {"tips": {"count": 2}, "contact": {"twitter": "inaluad", "facebook": "562844131"}, "firstName": "Daulani", "gender": "male", "lastName": "Muhammad", "id": "3145598", "bio": "", "photo": {"prefix": "https://igx.4sqi.net/img/user/", "suffix": "/SENJ002T0WK1W1BA.jpg"}, "homeCity": "Jakarta, Indonesia", "lists": {"groups": [{"items": [], "count": 2, "type": "created"}]}}, {"tips": {"count": 0}, "contact": {"twitter": "fritaaaa", "facebook": "1422228916"}, "firstName": "fritaaaa", "gender": "female", "lastName": ":)", "id": "3186071", "bio": "", "photo": {"prefix": "https://igx.4sqi.net/img/user/", "suffix": "/DPU02RWS133U5PQ1.jpg"}, "homeCity": "Bogor, Indonesia", "lists": {"groups": [{"items": [], "count": 2, "type": "created"}]}}, {"tips": {"count": 0}, "contact": {"facebook": "1137852787"}, "firstName": "Kamto", "gender": "male", "lastName": "Triwibowo", "id": "3188743", "bio": "", "photo": {"prefix": "https://igx.4sqi.net/img/user/", "suffix": "/EELVU1RQAB2VXARZ.jpg"}, "homeCity": "New York, NY", "lists": {"groups": [{"items": [], "count": 2, "type": "created"}]}}, {"tips": {"count": 0}, "contact": {"twitter": "osha18", "facebook": "1576681939"}, "firstName": "Osha", "gender": "female", "lastName": "Mayestika", "id": "3216890", "bio": "", "photo": {"prefix": "https://igx.4sqi.net/img/user/", "suffix": "/3PHHJGHC5NFCTU0T.jpg"}, "homeCity": "Bogor, Indonesia", "lists": {"groups": [{"items": [], "count": 2, "type": "created"}]}}, {"tips": {"count": 1}, "contact": {"twitter": "ariwibowo_bram", "facebook": "1035429493"}, "firstName": "Bramasto", "gender": "male", "lastName": "Ariwibowo", "id": "3380028", "bio": "", "photo": {"prefix": "https://igx.4sqi.net/img/user/", "suffix": "/5IXMQH4CKU4SGEDA.jpg"}, "homeCity": "Bogor, Indonesia", "lists": {"groups": [{"items": [], "count": 2, "type": "created"}]}}, {"tips": {"count": 0}, "contact": {"twitter": "afni_mamieq"}, "firstName": "kammala", "gender": "female", "lastName": "afni", "id": "3417556", "bio": "", "photo": {"prefix": "https://igx.4sqi.net/img/user/", "suffix": "/KUT3JGMR2CHF13AX.jpg"}, "homeCity": "Jakarta, Indonesia", "lists": {"groups": [{"items": [], "count": 2, "type": "created"}]}}, {"tips": {"count": 0}, "contact": {"facebook": "699369753"}, "firstName": "Made", "gender": "male", "lastName": "Dimas", "id": "4427707", "bio": "", "photo": {"prefix": "https://igx.4sqi.net/img/user/", "suffix": "/GSXYF1QW13VKLX35.jpg"}, "homeCity": "Jakarta, Indonesia", "lists": {"groups": [{"items": [], "count": 2, "type": "created"}]}}, {"tips": {"count": 0}, "contact": {"twitter": "hnuee"}, "firstName": "Hana", "gender": "female", "lastName": "Afrina", "id": "6020854", "bio": "", "photo": {"prefix": "https://igx.4sqi.net/img/user/", "suffix": "/NTPNJTKILFSUQK0X.jpg"}, "homeCity": "Unnamed Location", "lists": {"groups": [{"items": [], "count": 2, "type": "created"}]}}, {"tips": {"count": 0}, "contact": {"twitter": "nur_atikah"}, "firstName": "Nur", "gender": "female", "lastName": "Atikah", "id": "7430053", "bio": "", "photo": {"prefix": "https://igx.4sqi.net/img/user/", "suffix": "/MOBTXW1IJ03ZCXIM.jpg"}, "homeCity": "New York, NY", "lists": {"groups": [{"items": [], "count": 2, "type": "created"}]}}, {"tips": {"count": 0}, "contact": {}, "firstName": "Fajar", "gender": "male", "lastName": "Firdaus", "id": "13510743", "bio": "", "photo": {"prefix": "https://igx.4sqi.net/img/user/", "suffix": "/ZY5IGHYDIRBG0XMQ.jpg"}, "homeCity": "Kalimantan Timur, Indonesia", "lists": {"groups": [{"items": [], "count": 2, "type": "created"}]}}], "count": 261}, "checksum": "72127806bddb9961d24d5e60eebb89f72bfdef83"}, "meta": {"requestId": "5965c4ff1ed2191a00fe76a6", "code": 200}}