{"notifications": [{"type": "notificationTray", "item": {"unreadCount": 0}}], "meta": {"requestId": "5966eded9fb6b770db3916be", "code": 200}, "response": {"friends": {"count": 102, "items": [{"id": "16126302", "photo": {"prefix": "https://igx.4sqi.net/img/user/", "suffix": "/33KUEP1HW3XQAYJQ.jpg"}, "homeCity": "Quezon City, Philippines", "contact": {"facebook": "686769477", "twitter": "ellahahaziah"}, "firstName": "Ellaine Ruth", "tips": {"count": 0}, "gender": "female", "lastName": "Reyes", "lists": {"groups": [{"count": 2, "type": "created", "items": []}]}, "bio": ""}, {"id": "60274175", "photo": {"prefix": "https://igx.4sqi.net/img/user/", "suffix": "/WMQ5PLVJ0CGTPXKB.jpg"}, "homeCity": "Marikina City", "contact": {"facebook": "521435865", "twitter": "radasheila"}, "firstName": "Sheila", "tips": {"count": 6}, "gender": "female", "lastName": "Rada", "lists": {"groups": [{"count": 2, "type": "created", "items": []}]}, "bio": ""}, {"id": "4459150", "photo": {"prefix": "https://igx.4sqi.net/img/user/", "suffix": "/BFI2DCJK4THGKVLQ.jpg"}, "homeCity": "Manila, Philippines", "contact": {"facebook": "100000157961297", "twitter": "joshinken"}, "firstName": "JC", "tips": {"count": 0}, "gender": "female", "lastName": "Resultay", "lists": {"groups": [{"count": 2, "type": "created", "items": []}]}, "bio": ""}, {"id": "4546573", "photo": {"prefix": "https://igx.4sqi.net/img/user/", "suffix": "/ZZHZAVKARYH452WU.png"}, "homeCity": "Las Pi\u00f1as, Philippines", "contact": {"twitter": "angelmetatron"}, "firstName": "Patrick Henry", "tips": {"count": 0}, "gender": "male", "lastName": "de Dios", "lists": {"groups": [{"count": 2, "type": "created", "items": []}]}, "bio": ""}, {"id": "1196487", "photo": {"prefix": "https://igx.4sqi.net/img/user/", "suffix": "/CR1BTFTIUUH5CSJS.jpg"}, "homeCity": "Singapore", "contact": {}, "firstName": "Jennifer", "tips": {"count": 13}, "gender": "female", "lists": {"groups": [{"count": 5, "type": "created", "items": []}]}, "bio": ""}, {"id": "11082346", "photo": {"prefix": "https://igx.4sqi.net/img/user/", "suffix": "/TMI0A0PYQ2LDVQ01.jpg"}, "homeCity": "Manila, Philippines", "contact": {"facebook": "558885512"}, "firstName": "Adi", "tips": {"count": 6}, "gender": "female", "lastName": "Yapyuco", "lists": {"groups": [{"count": 3, "type": "created", "items": []}]}, "bio": ""}, {"id": "30721143", "photo": {"prefix": "https://igx.4sqi.net/img/user/", "suffix": "/30721143-WYEVY1R2NVTN1D3L.jpg"}, "homeCity": "Las Pinas", "contact": {}, "firstName": "Ann-che", "tips": {"count": 2}, "gender": "female", "lists": {"groups": [{"count": 2, "type": "created", "items": []}]}, "bio": ""}, {"id": "7489755", "photo": {"prefix": "https://igx.4sqi.net/img/user/", "suffix": "/YS51XJICEFY4CFHO.png"}, "homeCity": "Gold Coast, Australia", "contact": {}, "firstName": "Sam", "tips": {"count": 0}, "gender": "male", "lastName": "Worboys", "lists": {"groups": [{"count": 2, "type": "created", "items": []}]}, "bio": ""}, {"id": "6674052", "photo": {"prefix": "https://igx.4sqi.net/img/user/", "suffix": "/MPHH0JWSSGQIH2EG.jpg"}, "homeCity": "Bacoor, Cavite, Philippines", "contact": {"facebook": "10154493411963340", "twitter": "lornadahlrymple"}, "firstName": "Lornadahl", "tips": {"count": 33}, "gender": "female", "lastName": "Campilan-Pan", "lists": {"groups": [{"count": 2, "type": "created", "items": []}]}, "bio": ""}, {"id": "13285582", "photo": {"prefix": "https://igx.4sqi.net/img/user/", "suffix": "/SORYT203HJHCKBAN.jpg"}, "homeCity": "New York, NY", "contact": {"facebook": "622283801", "twitter": "supernunik"}, "firstName": "mario", "tips": {"count": 0}, "gender": "male", "lastName": "sales", "lists": {"groups": [{"count": 2, "type": "created", "items": []}]}, "bio": ""}, {"id": "59357732", "photo": {"prefix": "https://igx.4sqi.net/img/user/", "suffix": "/GUUFXZN0BYIFJXUY.jpg"}, "homeCity": "Batuan, Masbate", "contact": {"facebook": "577803919", "twitter": "tajdeluria"}, "firstName": "Taj", "tips": {"count": 29}, "gender": "male", "lastName": "Deluria", "lists": {"groups": [{"count": 3, "type": "created", "items": []}]}, "bio": "Half Fremen, Half Farmer"}, {"id": "5693963", "photo": {"prefix": "https://igx.4sqi.net/img/user/", "suffix": "/G2CB31TSH35ULGSM.jpg"}, "homeCity": "Singapore", "contact": {}, "firstName": "Glenn", "tips": {"count": 0}, "gender": "male", "lastName": "Wong", "lists": {"groups": [{"count": 2, "type": "created", "items": []}]}, "bio": ""}, {"id": "5057411", "photo": {"prefix": "https://igx.4sqi.net/img/user/", "suffix": "/EAEB2KA1HHFTKXKT.jpg"}, "homeCity": "Mandaluyong City, Philippines", "contact": {"facebook": "1450815905"}, "firstName": "Jayson", "tips": {"count": 0}, "gender": "male", "lastName": "Biadog", "lists": {"groups": [{"count": 2, "type": "created", "items": []}]}, "bio": ""}, {"id": "4916601", "photo": {"prefix": "https://igx.4sqi.net/img/user/", "suffix": "/2TSYJLOUKVHK3YP0.jpg"}, "homeCity": "Paranaque City, Philippines", "contact": {"twitter": "iambryandy"}, "firstName": "Bryan", "tips": {"count": 0}, "gender": "male", "lastName": "Dy", "lists": {"groups": [{"count": 2, "type": "created", "items": []}]}, "bio": "Manlalaro"}, {"id": "2875741", "photo": {"prefix": "https://igx.4sqi.net/img/user/", "suffix": "/IAPHGEH5UE0SCKCZ.jpg"}, "homeCity": "Singapore", "contact": {"facebook": "695576326"}, "firstName": "Danielle Hrin", "tips": {"count": 9}, "gender": "female", "lastName": "Kuek", "lists": {"groups": [{"count": 2, "type": "created", "items": []}]}, "bio": ""}, {"id": "5034310", "photo": {"prefix": "https://igx.4sqi.net/img/user/", "suffix": "/EQJWJGWH2B25EAOD.jpg"}, "homeCity": "Paranaque the most happening city in the Phillipines", "contact": {"facebook": "522414310", "twitter": "tulume"}, "firstName": "Nico", "tips": {"count": 11}, "gender": "male", "lastName": "Chiong", "lists": {"groups": [{"count": 4, "type": "created", "items": []}]}, "bio": "Geek, Gamer, Sweet Lover"}, {"id": "23178261", "photo": {"prefix": "https://igx.4sqi.net/img/user/", "suffix": "/VM0WIGMRSRONFELS.jpg"}, "homeCity": "Quezon City", "contact": {"facebook": "619575244"}, "firstName": "Jep", "tips": {"count": 1}, "gender": "male", "lastName": "Peralta", "lists": {"groups": [{"count": 2, "type": "created", "items": []}]}, "bio": ""}, {"id": "701325", "photo": {"prefix": "https://igx.4sqi.net/img/user/", "suffix": "/NLJ4MF4ZB2LTZ31Y.jpg"}, "homeCity": "Changi, Singapore", "contact": {"facebook": "524783150", "twitter": "kingkongjon"}, "firstName": "Jonathon", "tips": {"count": 10}, "gender": "male", "lastName": "Sze", "lists": {"groups": [{"count": 3, "type": "created", "items": []}]}, "bio": ""}, {"id": "79383906", "photo": {"prefix": "https://igx.4sqi.net/img/user/", "suffix": "/79383906-FDF4SD02FIY4ITBX.jpg"}, "homeCity": "Agoo, Ilocos", "contact": {"facebook": "521436401"}, "firstName": "R E", "tips": {"count": 0}, "gender": "male", "lastName": "de Leon", "lists": {"groups": [{"count": 2, "type": "created", "items": []}]}, "bio": ""}, {"id": "975370", "photo": {"prefix": "https://igx.4sqi.net/img/user/", "suffix": "/EQ25LB4FZISPJGML.jpg"}, "homeCity": "Makati City, NCR", "contact": {"facebook": "699540467", "twitter": "melovillareal"}, "firstName": "Melo", "tips": {"count": 26}, "gender": "male", "lastName": "Villareal", "lists": {"groups": [{"count": 2, "type": "created", "items": []}]}, "bio": ""}, {"id": "3046471", "photo": {"prefix": "https://igx.4sqi.net/img/user/", "suffix": "/W4ZRLHLCUD54E02G.jpg"}, "homeCity": "Quezon City, Philippines", "contact": {"facebook": "1469305546", "twitter": "chiibitsu"}, "firstName": "Angeline", "tips": {"count": 3}, "gender": "female", "lastName": "Viray", "lists": {"groups": [{"count": 2, "type": "created", "items": []}]}, "bio": ""}, {"id": "21222928", "photo": {"prefix": "https://igx.4sqi.net/img/user/", "suffix": "/21222928-OB2S4KJVT2IISLZ5.jpg"}, "homeCity": "Cavite", "contact": {"facebook": "571736533"}, "firstName": "Angela", "tips": {"count": 7}, "gender": "female", "lastName": "Ramos-Vinoya", "lists": {"groups": [{"count": 2, "type": "created", "items": []}]}, "bio": ""}, {"id": "29428543", "photo": {"prefix": "https://igx.4sqi.net/img/user/", "suffix": "/HIDGYLHEZB0MFVZ5.jpg"}, "homeCity": "Metropolitan Manila", "contact": {"facebook": "632082705"}, "firstName": "Jae", "tips": {"count": 0}, "gender": "female", "lastName": "Icaonapo", "lists": {"groups": [{"count": 2, "type": "created", "items": []}]}, "bio": ""}, {"id": "77607238", "photo": {"prefix": "https://igx.4sqi.net/img/user/", "suffix": "/77607238-LJETAPSTIX5IT1AP.jpg"}, "homeCity": "Makati City, NCR", "contact": {"facebook": "623374419"}, "firstName": "Shane", "tips": {"count": 3}, "gender": "female", "lastName": "Emperador", "lists": {"groups": [{"count": 2, "type": "created", "items": []}]}, "bio": ""}, {"id": "9413888", "photo": {"prefix": "https://igx.4sqi.net/img/user/", "suffix": "/4XHIG3APBD2DFOO4.jpg"}, "homeCity": "Manila, Philippines", "contact": {"facebook": "1404690808"}, "firstName": "Lalaine", "tips": {"count": 0}, "gender": "female", "lastName": "Ortega", "lists": {"groups": [{"count": 2, "type": "created", "items": []}]}, "bio": ""}, {"id": "6236500", "photo": {"prefix": "https://igx.4sqi.net/img/user/", "suffix": "/V11HM40VDWXLGRSW.jpg"}, "homeCity": "Manila, Philippines", "contact": {}, "firstName": "Cheena", "tips": {"count": 14}, "gender": "female", "lastName": "Cat", "lists": {"groups": [{"count": 7, "type": "created", "items": []}]}, "bio": "whatevs"}, {"id": "6805465", "photo": {"prefix": "https://igx.4sqi.net/img/user/", "suffix": "/BVUXPUSBHPPF2SPK.jpg"}, "homeCity": "Singapore", "contact": {"facebook": "573598777"}, "firstName": "Desmond Ho", "tips": {"count": 1}, "gender": "male", "lists": {"groups": [{"count": 2, "type": "created", "items": []}]}, "bio": ""}, {"id": "25167415", "photo": {"prefix": "https://igx.4sqi.net/img/user/", "suffix": "/25167415-J5NWJLY5VJK5PT1E.jpg"}, "homeCity": "Makati", "contact": {"facebook": "1042507795766447", "twitter": "mattnicolaig"}, "firstName": "Matt Nicolai", "tips": {"count": 0}, "gender": "male", "lastName": "Guillermo", "lists": {"groups": [{"count": 2, "type": "created", "items": []}]}, "bio": ""}, {"id": "38527373", "photo": {"prefix": "https://igx.4sqi.net/img/user/", "suffix": "/31IQZMJOTHXI0ORI.jpg"}, "homeCity": "New York, NY", "contact": {"facebook": "100000408126149"}, "firstName": "Christine Tishie", "tips": {"count": 0}, "gender": "female", "lastName": "Cabaltera", "lists": {"groups": [{"count": 2, "type": "created", "items": []}]}, "bio": ""}, {"id": "12272525", "photo": {"prefix": "https://igx.4sqi.net/img/user/", "suffix": "/QZM5A50434UKVAC1.jpg"}, "homeCity": "NY", "contact": {"facebook": "1225212282"}, "firstName": "Joey Gregorio", "tips": {"count": 0}, "gender": "male", "lastName": "Ayo", "lists": {"groups": [{"count": 2, "type": "created", "items": []}]}, "bio": ""}, {"id": "8495595", "photo": {"prefix": "https://igx.4sqi.net/img/user/", "suffix": "/0JLANYVJENFNFDUD.jpg"}, "homeCity": "Caloocan City, Philippines", "contact": {}, "firstName": "Kristine", "tips": {"count": 0}, "gender": "female", "lastName": "Chong", "lists": {"groups": [{"count": 2, "type": "created", "items": []}]}, "bio": ""}, {"id": "57273990", "photo": {"prefix": "https://igx.4sqi.net/img/user/", "suffix": "/57273990-GSWLAPYODNPM2UAB.jpg"}, "homeCity": "Makati, D9", "contact": {"facebook": "854514241", "twitter": "romester_88"}, "firstName": "Jerome", "tips": {"count": 33}, "gender": "male", "lastName": "Valencia", "lists": {"groups": [{"count": 2, "type": "created", "items": []}]}, "bio": ""}, {"id": "60003383", "photo": {"prefix": "https://igx.4sqi.net/img/user/", "suffix": "/INAONAE3MW2EI24D.jpg"}, "homeCity": "Makati City, NCR", "contact": {"facebook": "572421470"}, "firstName": "Aleezya", "tips": {"count": 0}, "gender": "none", "lists": {"groups": [{"count": 2, "type": "created", "items": []}]}, "bio": ""}, {"id": "6035886", "photo": {"prefix": "https://igx.4sqi.net/img/user/", "suffix": "/Z1IBODXTKOLPM2EW.jpg"}, "homeCity": "Daly City, CA", "contact": {"facebook": "583570081", "twitter": "gossipscouture"}, "firstName": "Margaret", "tips": {"count": 0}, "gender": "female", "lastName": "Zapanta", "lists": {"groups": [{"count": 2, "type": "created", "items": []}]}, "bio": ""}, {"id": "7412347", "photo": {"prefix": "https://igx.4sqi.net/img/user/", "default": true, "suffix": "/blank_girl.png"}, "homeCity": "Quezon City, Philippines", "contact": {"facebook": "572236961"}, "firstName": "Aaron Julius", "tips": {"count": 0}, "gender": "female", "lastName": "Chua", "lists": {"groups": [{"count": 2, "type": "created", "items": []}]}, "bio": ""}, {"id": "8899575", "photo": {"prefix": "https://igx.4sqi.net/img/user/", "suffix": "/8899575-TPS15PHCPYVMXZS4.jpg"}, "homeCity": "Manila", "contact": {"facebook": "791078287"}, "firstName": "Jerome", "tips": {"count": 0}, "gender": "male", "lastName": "Tan", "lists": {"groups": [{"count": 2, "type": "created", "items": []}]}, "bio": ""}, {"id": "7373796", "photo": {"prefix": "https://igx.4sqi.net/img/user/", "suffix": "/FARH5IOTEKRC4RI5.jpg"}, "homeCity": "Bayan Lepas, Malaysia", "contact": {"facebook": "583830051", "twitter": "annaisefragante"}, "firstName": "Annaise", "tips": {"count": 33}, "gender": "female", "lastName": "Fragante", "lists": {"groups": [{"count": 3, "type": "created", "items": []}]}, "bio": "Coffee addict, dessert maniac and bookstore lurker."}, {"id": "5362278", "photo": {"prefix": "https://igx.4sqi.net/img/user/", "suffix": "/5362278-RKAYAN142IMQCRAY.jpg"}, "homeCity": "Pasig City, Philippines", "contact": {"facebook": "100003343626797", "twitter": "superricko"}, "firstName": "SuperRicko", "tips": {"count": 13}, "gender": "male", "lists": {"groups": [{"count": 5, "type": "created", "items": []}]}, "bio": ""}, {"id": "62223854", "photo": {"prefix": "https://igx.4sqi.net/img/user/", "suffix": "/62223854-5G0ZGEZ3JFPKLVL5.jpg"}, "homeCity": "Muntinlupa, 40", "contact": {"facebook": "730215000"}, "firstName": "Sheila", "tips": {"count": 7}, "gender": "female", "lastName": "Buenaventura", "lists": {"groups": [{"count": 2, "type": "created", "items": []}]}, "bio": ""}, {"id": "4956844", "photo": {"prefix": "https://igx.4sqi.net/img/user/", "suffix": "/F42NJOMZKT5H3E2F.jpg"}, "homeCity": "Pasig City, Philippines", "contact": {"facebook": "572165881", "twitter": "hazelvelas"}, "firstName": "Hazel", "tips": {"count": 0}, "gender": "female", "lastName": "Velas", "lists": {"groups": [{"count": 2, "type": "created", "items": []}]}, "bio": ""}, {"id": "1155890", "photo": {"prefix": "https://igx.4sqi.net/img/user/", "default": true, "suffix": "/blank_girl.png"}, "homeCity": "Baguio City, Philippines", "contact": {}, "firstName": "Yvie", "tips": {"count": 0}, "gender": "female", "lastName": "Marquez", "lists": {"groups": [{"count": 2, "type": "created", "items": []}]}, "bio": ""}, {"id": "4491977", "photo": {"prefix": "https://igx.4sqi.net/img/user/", "suffix": "/BTCE41IWTTEBN1FP.jpg"}, "homeCity": "Quezon City, Philippines", "contact": {"facebook": "1140352784", "twitter": "dotcrosse"}, "firstName": "Alexander", "tips": {"count": 6}, "gender": "male", "lastName": "Neri", "lists": {"groups": [{"count": 3, "type": "created", "items": []}]}, "bio": ""}, {"id": "31652305", "photo": {"prefix": "https://igx.4sqi.net/img/user/", "suffix": "/1EBUDXDFIAFJIYQ1.jpg"}, "homeCity": "Valenzuela City", "contact": {}, "firstName": "Kriselda", "tips": {"count": 5}, "gender": "female", "lists": {"groups": [{"count": 2, "type": "created", "items": []}]}, "bio": ""}, {"id": "6244622", "photo": {"prefix": "https://igx.4sqi.net/img/user/", "suffix": "/WDL3VSWHKAHAKSNR.jpg"}, "homeCity": "Quezon City, Ph", "contact": {}, "firstName": "Joule", "tips": {"count": 0}, "gender": "male", "lastName": "Realubit", "lists": {"groups": [{"count": 2, "type": "created", "items": []}]}, "bio": ""}, {"id": "7102023", "photo": {"prefix": "https://igx.4sqi.net/img/user/", "suffix": "/3D4YFSQ1AZA1UX4R.jpg"}, "homeCity": "Makati City, Philippines", "contact": {"facebook": "541667200", "twitter": "gilbertcamero"}, "firstName": "Gbert", "tips": {"count": 2}, "gender": "male", "lastName": "Camero", "lists": {"groups": [{"count": 3, "type": "created", "items": []}]}, "bio": ""}, {"id": "35895129", "photo": {"prefix": "https://igx.4sqi.net/img/user/", "suffix": "/D1BVWT0VYRUEOVAG.jpg"}, "homeCity": "Metropolitan Manila", "contact": {"facebook": "1788395781"}, "firstName": "Jane Hazel Marie", "tips": {"count": 0}, "gender": "female", "lastName": "Garcia", "lists": {"groups": [{"count": 2, "type": "created", "items": []}]}, "bio": ""}, {"id": "12274027", "photo": {"prefix": "https://igx.4sqi.net/img/user/", "suffix": "/V321TJ2L1I0FWFJ0.jpg"}, "homeCity": "Quezon City, Philippines", "contact": {"facebook": "664216795", "twitter": "cvhaoson"}, "firstName": "Vincent", "tips": {"count": 0}, "gender": "male", "lastName": "Haoson", "lists": {"groups": [{"count": 2, "type": "created", "items": []}]}, "bio": ""}, {"id": "10876339", "photo": {"prefix": "https://igx.4sqi.net/img/user/", "suffix": "/UJOZEGOKXOSGH2SA.jpg"}, "homeCity": "Mandaluyong City, Philippines", "contact": {"facebook": "723602679", "twitter": "markiumxi"}, "firstName": "Mark", "tips": {"count": 0}, "gender": "male", "lastName": "Mendoza", "lists": {"groups": [{"count": 2, "type": "created", "items": []}]}, "bio": ""}, {"id": "58159266", "photo": {"prefix": "https://igx.4sqi.net/img/user/", "suffix": "/58159266_1ftC18is_lKxWSi8bbuQRLN98-hjplDgCEyE0pE7qeERmzjGwxhnvJBrFjhwTinTp40jaaDok.jpg"}, "homeCity": "Manila, NCR", "contact": {"facebook": "100000658984607", "twitter": "edricksuarez"}, "firstName": "Edrick Ronald", "tips": {"count": 0}, "gender": "male", "lastName": "Suarez", "lists": {"groups": [{"count": 2, "type": "created", "items": []}]}, "bio": ""}, {"id": "6131128", "photo": {"prefix": "https://igx.4sqi.net/img/user/", "suffix": "/KD5G4PIVYXWIXT20.jpg"}, "homeCity": "Makati City, Philippines", "contact": {"facebook": "558573814", "twitter": "ligayadiwata"}, "firstName": "Jocelyn", "tips": {"count": 22}, "gender": "female", "lastName": "Bordador", "lists": {"groups": [{"count": 4, "type": "created", "items": []}]}, "bio": "Hard-working executive by day. B*tch Queen Magical Fighter by night. \u263a\u2665\u2600\u265b\u266b\u2605"}, {"id": "29835246", "photo": {"prefix": "https://igx.4sqi.net/img/user/", "suffix": "/PTYVKNIDWG4HKVHJ.jpg"}, "homeCity": "Marikina", "contact": {}, "firstName": "Kat", "tips": {"count": 16}, "gender": "female", "lists": {"groups": [{"count": 14, "type": "created", "items": []}]}, "bio": "I'm still trying to figure out what's next."}, {"id": "11512103", "photo": {"prefix": "https://igx.4sqi.net/img/user/", "suffix": "/D4R1QUUVSULSVQFP.jpg"}, "homeCity": "Nagasaki", "contact": {"twitter": "kooriyuki"}, "firstName": "Eri", "tips": {"count": 2}, "gender": "female", "lastName": "Chua", "lists": {"groups": [{"count": 2, "type": "created", "items": []}]}, "bio": ""}, {"id": "13053439", "photo": {"prefix": "https://igx.4sqi.net/img/user/", "suffix": "/NLMQGFO4Y25HIS03.jpg"}, "homeCity": "Pasig City, Philippines", "contact": {"facebook": "723277451"}, "firstName": "Pamela", "tips": {"count": 2}, "gender": "female", "lastName": "Magbanua Oma\u00f1a", "lists": {"groups": [{"count": 4, "type": "created", "items": []}]}, "bio": ""}, {"id": "7796509", "photo": {"prefix": "https://igx.4sqi.net/img/user/", "default": true, "suffix": "/blank_boy.png"}, "homeCity": "Philippines", "contact": {"facebook": "1043610752"}, "firstName": "Art", "tips": {"count": 0}, "gender": "male", "lastName": "Belleza", "lists": {"groups": [{"count": 2, "type": "created", "items": []}]}, "bio": ""}, {"id": "73875152", "photo": {"prefix": "https://igx.4sqi.net/img/user/", "suffix": "/73875152-WAMIUSCSNZU1T5OO.jpg"}, "homeCity": "Tandang Sora, Quezon City", "contact": {"facebook": "794158188"}, "firstName": "Jonette", "tips": {"count": 2}, "gender": "female", "lastName": "Valenciano", "lists": {"groups": [{"count": 2, "type": "created", "items": []}]}, "bio": ""}, {"id": "2018169", "photo": {"prefix": "https://igx.4sqi.net/img/user/", "suffix": "/2018169-JPYCIPETLPMZC30E.jpg"}, "homeCity": "\ud83c\uddee\ud83c\uddf9 Florence, Italy    \ud83d\ude80", "contact": {}, "firstName": "@Amodio\ue04aDuccio", "tips": {"count": 15}, "gender": "male", "lastName": "Dell'Omo", "lists": {"groups": [{"count": 2, "type": "created", "items": []}]}, "bio": "Kik me => duccio8"}, {"id": "4605160", "photo": {"prefix": "https://igx.4sqi.net/img/user/", "suffix": "/4605160-DMR1DS2LMMQJWHF1.jpg"}, "homeCity": "Manila, PH", "contact": {"facebook": "10203789396964328", "twitter": "maudreizehn"}, "firstName": "Mau", "tips": {"count": 3}, "superuser": 4, "gender": "male", "lastName": "Duque", "lists": {"groups": [{"count": 3, "type": "created", "items": []}]}, "bio": "ISTJ | Scorpio | Type B personality | Blood Type: AB+ | True Neutral"}, {"id": "7291914", "photo": {"prefix": "https://igx.4sqi.net/img/user/", "default": true, "suffix": "/blank_girl.png"}, "homeCity": "New York, NY", "contact": {}, "firstName": "Cristina", "tips": {"count": 0}, "gender": "female", "lastName": "Libunao", "lists": {"groups": [{"count": 2, "type": "created", "items": []}]}, "bio": ""}, {"id": "10255022", "photo": {"prefix": "https://igx.4sqi.net/img/user/", "suffix": "/NAF3P24CZFWZ2DW3.png"}, "homeCity": "Manila, Philippines", "contact": {"facebook": "10203677789129860", "twitter": "iamvsvalentine"}, "firstName": "Rovin Vincent", "tips": {"count": 1}, "gender": "male", "lastName": "Asadon", "lists": {"groups": [{"count": 2, "type": "created", "items": []}]}, "bio": ""}, {"id": "36009549", "photo": {"prefix": "https://igx.4sqi.net/img/user/", "suffix": "/UR2CHDMXXHB4RTTU.jpg"}, "homeCity": "Metropolitan Manila", "contact": {"facebook": "1832282026", "twitter": "jonathanblaza"}, "firstName": "Jonathan", "tips": {"count": 0}, "gender": "male", "lastName": "Blaza", "lists": {"groups": [{"count": 3, "type": "created", "items": []}]}, "bio": ""}, {"id": "13081780", "photo": {"prefix": "https://igx.4sqi.net/img/user/", "suffix": "/13081780-QIYLQLXHWWACD223.jpg"}, "homeCity": "Caloocan City, Philippines", "contact": {"facebook": "100000163831048", "twitter": "armand028"}, "firstName": "Armando Jr.", "tips": {"count": 11}, "gender": "male", "lists": {"groups": [{"count": 3, "type": "created", "items": []}]}, "bio": ""}, {"id": "20060795", "photo": {"prefix": "https://igx.4sqi.net/img/user/", "suffix": "/1WXJFHV1NX4MIXW0.jpg"}, "homeCity": "\u65e5\u672c", "contact": {"facebook": "790809013", "twitter": "guudisu"}, "firstName": "Gladys", "tips": {"count": 0}, "gender": "female", "lists": {"groups": [{"count": 2, "type": "created", "items": []}]}, "bio": ""}, {"id": "11175366", "photo": {"prefix": "https://igx.4sqi.net/img/user/", "suffix": "/W0XCUUKA4LXP5355.jpg"}, "homeCity": "Makati City, Philippines", "contact": {"facebook": "100000298944597"}, "firstName": "Mary Christ", "tips": {"count": 0}, "gender": "female", "lastName": "Fagela", "lists": {"groups": [{"count": 2, "type": "created", "items": []}]}, "bio": ""}, {"id": "35100956", "photo": {"prefix": "https://igx.4sqi.net/img/user/", "suffix": "/BZ42KJ3ZOCIO3D3T.jpg"}, "homeCity": "Metropolitan Manila", "contact": {"facebook": "600211710", "twitter": "sunrize_88"}, "firstName": "Sonriza", "tips": {"count": 0}, "gender": "female", "lastName": "Sunga", "lists": {"groups": [{"count": 2, "type": "created", "items": []}]}, "bio": ""}, {"id": "14974234", "photo": {"prefix": "https://igx.4sqi.net/img/user/", "suffix": "/DUWG5OPDZ2VNGIP4.jpg"}, "homeCity": "Mandaluyong City, Philippines", "contact": {"facebook": "573317820"}, "firstName": "Adz", "tips": {"count": 0}, "gender": "male", "lastName": "Sison", "lists": {"groups": [{"count": 2, "type": "created", "items": []}]}, "bio": ""}, {"id": "16965793", "photo": {"prefix": "https://igx.4sqi.net/img/user/", "suffix": "/CWBKR0HCO2IIBKTN.jpg"}, "homeCity": "Makati City, Philippines", "contact": {"facebook": "641276636"}, "firstName": "Maricar", "tips": {"count": 0}, "gender": "female", "lastName": "Bolido", "lists": {"groups": [{"count": 2, "type": "created", "items": []}]}, "bio": ""}, {"id": "9587130", "photo": {"prefix": "https://igx.4sqi.net/img/user/", "suffix": "/VMPVMJ23CNPOK03B.jpg"}, "homeCity": "Muntinlupa City, Philippines", "contact": {"facebook": "599944420", "twitter": "mxserva"}, "firstName": "Mech", "tips": {"count": 1}, "gender": "male", "lastName": "Serva", "lists": {"groups": [{"count": 3, "type": "created", "items": []}]}, "bio": ""}, {"id": "75032250", "photo": {"prefix": "https://igx.4sqi.net/img/user/", "suffix": "/75032250-B4AQEEFOJTCRDMSA.jpg"}, "homeCity": "Pasig", "contact": {"facebook": "663422824"}, "firstName": "Ina", "tips": {"count": 0}, "gender": "female", "lastName": "Cosio", "lists": {"groups": [{"count": 2, "type": "created", "items": []}]}, "bio": ""}, {"id": "2030351", "photo": {"prefix": "https://igx.4sqi.net/img/user/", "suffix": "/2030351-HYKXGSEEIYHG2OJB.jpg"}, "homeCity": "NCR, Philippines", "contact": {"twitter": "sirnicolay"}, "firstName": "James", "tips": {"count": 103}, "gender": "male", "lastName": "Nicolay", "lists": {"groups": [{"count": 2, "type": "created", "items": []}]}, "bio": ""}, {"id": "5764516", "photo": {"prefix": "https://igx.4sqi.net/img/user/", "suffix": "/B0W2CUDIZIUZTUNX.jpg"}, "homeCity": "Quezon City, Philippines", "contact": {"facebook": "1226996406", "twitter": "i_am_cza"}, "firstName": "Czarina", "tips": {"count": 2}, "gender": "female", "lastName": "Lucero", "lists": {"groups": [{"count": 2, "type": "created", "items": []}]}, "bio": ""}, {"id": "12800382", "photo": {"prefix": "https://igx.4sqi.net/img/user/", "default": true, "suffix": "/blank_boy.png"}, "homeCity": "Philippines", "contact": {"facebook": "100002794159006", "twitter": "p0rsh"}, "firstName": "porsh", "tips": {"count": 0}, "gender": "none", "lastName": "wtf", "lists": {"groups": [{"count": 2, "type": "created", "items": []}]}, "bio": ""}, {"id": "17444998", "photo": {"prefix": "https://igx.4sqi.net/img/user/", "suffix": "/XWML0JXQS5NCSUQ5.jpg"}, "homeCity": "NY", "contact": {"facebook": "683813901"}, "firstName": "Sarahbeth", "tips": {"count": 1}, "gender": "female", "lastName": "Carolino-Yusi", "lists": {"groups": [{"count": 3, "type": "created", "items": []}]}, "bio": ""}, {"id": "39494793", "photo": {"prefix": "https://igx.4sqi.net/img/user/", "suffix": "/V5JTBCDX0LGSHMGJ.jpg"}, "homeCity": "Cavite", "contact": {"facebook": "779264274"}, "firstName": "'Raquel", "tips": {"count": 0}, "gender": "female", "lastName": "Soriano", "lists": {"groups": [{"count": 2, "type": "created", "items": []}]}, "bio": ""}, {"id": "11182549", "photo": {"prefix": "https://igx.4sqi.net/img/user/", "suffix": "/CJXOKQBFZVMPIBW1.jpg"}, "homeCity": "Taytay, Philippines", "contact": {"facebook": "607428381"}, "firstName": "Toni", "tips": {"count": 0}, "gender": "female", "lastName": "Guevara", "lists": {"groups": [{"count": 2, "type": "created", "items": []}]}, "bio": ""}, {"id": "42723495", "photo": {"prefix": "https://igx.4sqi.net/img/user/", "suffix": "/X2KYDANBVXL0DXFW.jpg"}, "homeCity": "Mandaluyong City", "contact": {"facebook": "552351304", "twitter": "emceerious"}, "firstName": "Emcee", "tips": {"count": 2}, "gender": "female", "lastName": "Isidro", "lists": {"groups": [{"count": 2, "type": "created", "items": []}]}, "bio": ""}, {"id": "38715750", "photo": {"prefix": "https://igx.4sqi.net/img/user/", "suffix": "/BAWZZNXZIGJO0C4R.jpg"}, "homeCity": "Rizal", "contact": {"facebook": "10153409119206614", "twitter": "tinamats"}, "firstName": "Tina", "tips": {"count": 3}, "gender": "female", "lastName": "M", "lists": {"groups": [{"count": 2, "type": "created", "items": []}]}, "bio": "Sunflower-loving solar-powered star girl. \u2b50"}, {"id": "31063906", "photo": {"prefix": "https://igx.4sqi.net/img/user/", "suffix": "/3NJYIVWLOHUNC4HL.jpg"}, "homeCity": "Misamis Oriental", "contact": {"facebook": "1451243963", "twitter": "denver_nilo"}, "firstName": "Denver", "tips": {"count": 7}, "gender": "male", "lastName": "Nilo", "lists": {"groups": [{"count": 2, "type": "created", "items": []}]}, "bio": ""}, {"id": "62726387", "photo": {"prefix": "https://igx.4sqi.net/img/user/", "suffix": "/UPN5FWKOH5GQSGZ2.jpg"}, "homeCity": "Pasig City, NCR", "contact": {"facebook": "833565298"}, "firstName": "Kit", "tips": {"count": 0}, "gender": "female", "lastName": "DeDios", "lists": {"groups": [{"count": 2, "type": "created", "items": []}]}, "bio": ""}, {"id": "3765543", "photo": {"prefix": "https://igx.4sqi.net/img/user/", "suffix": "/AUOZAJSBYEHWTG5K.jpg"}, "homeCity": "Manila, Philippines", "contact": {"facebook": "575277245", "twitter": "donjocson"}, "firstName": "Don", "tips": {"count": 20}, "gender": "male", "lastName": "Jocson", "lists": {"groups": [{"count": 2, "type": "created", "items": []}]}, "bio": ""}, {"id": "6322597", "photo": {"prefix": "https://igx.4sqi.net/img/user/", "suffix": "/SOOMQVKWSYUYH2FR.jpg"}, "homeCity": "Mandaluyong City, Philippines", "contact": {"facebook": "788522914"}, "firstName": "Charmaine", "tips": {"count": 30}, "gender": "female", "lastName": "Chua", "lists": {"groups": [{"count": 2, "type": "created", "items": []}]}, "bio": ""}, {"id": "16340559", "photo": {"prefix": "https://igx.4sqi.net/img/user/", "suffix": "/4VH4HBNNO1KJINBI.jpg"}, "homeCity": "Makati City, Philippines", "contact": {"facebook": "841639429", "twitter": "huntcarrie0111"}, "firstName": "Carrie", "tips": {"count": 0}, "gender": "female", "lastName": "Ofrasio-Hunt", "lists": {"groups": [{"count": 2, "type": "created", "items": []}]}, "bio": ""}, {"id": "17825700", "photo": {"prefix": "https://igx.4sqi.net/img/user/", "suffix": "/H5NFM3IXCMMB4HDK.jpg"}, "homeCity": "Pasig City, Philippines", "contact": {"facebook": "621726127"}, "firstName": "Francis Norman", "tips": {"count": 0}, "gender": "male", "lastName": "Lucas", "lists": {"groups": [{"count": 2, "type": "created", "items": []}]}, "bio": ""}, {"id": "25095035", "photo": {"prefix": "https://igx.4sqi.net/img/user/", "suffix": "/H32C41ORVNUYATCB.jpg"}, "homeCity": "Metropolitan Manila", "contact": {"twitter": "lenlopezz"}, "firstName": "Len", "tips": {"count": 0}, "gender": "female", "lastName": "Lopez", "lists": {"groups": [{"count": 2, "type": "created", "items": []}]}, "bio": ""}, {"id": "43090439", "photo": {"prefix": "https://igx.4sqi.net/img/user/", "suffix": "/IBM3AA0I2YH3OJH0.jpg"}, "homeCity": "Makati City, Ph", "contact": {"facebook": "662474907"}, "firstName": "JM", "tips": {"count": 6}, "gender": "male", "lastName": "Chua", "lists": {"groups": [{"count": 2, "type": "created", "items": []}]}, "bio": "A-one and-a-two and-potato!"}, {"id": "46994508", "photo": {"prefix": "https://igx.4sqi.net/img/user/", "suffix": "/01SS5AJ2ZHIUOWYX.jpg"}, "homeCity": "Metropolitan Manila", "contact": {"facebook": "1292365637"}, "firstName": "Matthew", "tips": {"count": 0}, "gender": "male", "lastName": "Macaso", "lists": {"groups": [{"count": 4, "type": "created", "items": []}]}, "bio": ""}, {"id": "4111979", "photo": {"prefix": "https://igx.4sqi.net/img/user/", "suffix": "/0CPXECVZQPAXLVQF.jpg"}, "homeCity": "Philippines", "contact": {"facebook": "557353341"}, "firstName": "Paul", "tips": {"count": 5}, "gender": "male", "lastName": "Mendoza", "lists": {"groups": [{"count": 2, "type": "created", "items": []}]}, "bio": ""}, {"id": "6652446", "photo": {"prefix": "https://igx.4sqi.net/img/user/", "suffix": "/6652446-YO5Y0OYMAHEDP3DC.jpg"}, "homeCity": "Makati City, Metro Manila", "contact": {"facebook": "759950337493738", "twitter": "_ericgo_"}, "firstName": "Eric", "tips": {"count": 12}, "gender": "male", "lastName": "Go", "lists": {"groups": [{"count": 2, "type": "created", "items": []}]}, "bio": "12 years in the TV Media Industry, Exec Producer/Channel Manager/Creatives and Program Concepts. Is also into Corporate Marketing: Branding / Marketing Research"}, {"id": "22114012", "photo": {"prefix": "https://igx.4sqi.net/img/user/", "suffix": "/22114012-EJL4NJXGA4FAT2TY.jpg"}, "homeCity": "Quezon City, Philippines", "contact": {}, "firstName": "Elbert", "tips": {"count": 43}, "gender": "male", "lastName": "Or", "lists": {"groups": [{"count": 3, "type": "created", "items": []}]}, "bio": "Illustrator, designer, storyteller, problem solver. \r\n\r\n@elbertor on Instagram and Twitter."}, {"id": "18013179", "photo": {"prefix": "https://igx.4sqi.net/img/user/", "suffix": "/I0VBMTZ30TZSGJ0U.jpg"}, "homeCity": "Cainta, Philippines", "contact": {"facebook": "1250375399", "twitter": "lancemalvien"}, "firstName": "Lei", "tips": {"count": 10}, "gender": "female", "lastName": "De Guzman", "lists": {"groups": [{"count": 2, "type": "created", "items": []}]}, "bio": ""}, {"id": "38650345", "photo": {"prefix": "https://igx.4sqi.net/img/user/", "suffix": "/GPYFCFEL1GNXWSFU.jpg"}, "homeCity": "Metropolitan Manila", "contact": {"facebook": "691835387", "twitter": "riza_olaguer"}, "firstName": "Riza", "tips": {"count": 55}, "gender": "female", "lastName": "Olaguer", "lists": {"groups": [{"count": 3, "type": "created", "items": []}]}, "bio": ""}, {"id": "51729119", "photo": {"prefix": "https://igx.4sqi.net/img/user/", "suffix": "/SHDE32NN1PQD31EZ.jpg"}, "homeCity": "Manila, NCR", "contact": {"facebook": "1309606045", "twitter": "cherparedes"}, "firstName": "Cher", "tips": {"count": 1}, "gender": "female", "lastName": "Lim", "lists": {"groups": [{"count": 2, "type": "created", "items": []}]}, "bio": ""}, {"id": "8824648", "photo": {"prefix": "https://igx.4sqi.net/img/user/", "suffix": "/8824648-NIKZTC5J3I2WUIIN"}, "homeCity": "Cainta, Calabarzon", "contact": {"facebook": "782317663", "twitter": "mhakhernandez"}, "firstName": "Mhakkie", "tips": {"count": 0}, "gender": "female", "lastName": "Hernandez", "lists": {"groups": [{"count": 3, "type": "created", "items": []}]}, "bio": ""}, {"id": "8775734", "photo": {"prefix": "https://igx.4sqi.net/img/user/", "suffix": "/8775734-H5N1WYA3SZLCXHLF.jpg"}, "homeCity": "NY", "contact": {"facebook": "1639097698"}, "firstName": "Abet", "tips": {"count": 0}, "gender": "male", "lastName": "Uson", "lists": {"groups": [{"count": 2, "type": "created", "items": []}]}, "bio": ""}, {"id": "34793017", "photo": {"prefix": "https://igx.4sqi.net/img/user/", "suffix": "/QMZG1L1HLXH3TAMX.jpg"}, "homeCity": "Metropolitan Manila", "contact": {"facebook": "558160933"}, "firstName": "Aileen", "tips": {"count": 0}, "gender": "female", "lastName": "Tuason", "lists": {"groups": [{"count": 2, "type": "created", "items": []}]}, "bio": ""}, {"id": "18150231", "photo": {"prefix": "https://igx.4sqi.net/img/user/", "suffix": "/18150231-VZQZIDR10VDTRUXQ.jpg"}, "homeCity": "Pasig City, Philippines", "contact": {"facebook": "10205549963495747", "twitter": "darrick07"}, "firstName": "Dar", "tips": {"count": 18}, "gender": "male", "lastName": "R", "lists": {"groups": [{"count": 5, "type": "created", "items": []}]}, "bio": ""}, {"id": "53294695", "photo": {"prefix": "https://igx.4sqi.net/img/user/", "suffix": "/ZTDFGHF4YJZQGCQF.jpg"}, "homeCity": "", "contact": {"facebook": "1022610910"}, "firstName": "Juancho", "tips": {"count": 4}, "gender": "male", "lastName": "Nepomuceno", "lists": {"groups": [{"count": 2, "type": "created", "items": []}]}, "bio": ""}, {"id": "31262489", "photo": {"prefix": "https://igx.4sqi.net/img/user/", "suffix": "/RDM5WUYVYJHAS44M.jpg"}, "homeCity": "SINGAPORE", "contact": {"facebook": "100000873496143", "twitter": "misszyra_d"}, "firstName": "Zai", "tips": {"count": 2}, "gender": "female", "lastName": "Ching", "lists": {"groups": [{"count": 2, "type": "created", "items": []}]}, "bio": ""}, {"id": "15545729", "photo": {"prefix": "https://igx.4sqi.net/img/user/", "suffix": "/NBLXOEWPWZAYADT4.jpg"}, "homeCity": "", "contact": {"facebook": "678025438", "twitter": "chanchan_miroy"}, "firstName": "Chanchan", "tips": {"count": 1}, "gender": "male", "lastName": "Miroy", "lists": {"groups": [{"count": 2, "type": "created", "items": []}]}, "bio": "Team Lead (AccenturePhilippines). MBA Student (Ateneo Graduate School of Business). Registered Medical Technologist. Instagram @misterchanchan10"}, {"id": "58498734", "photo": {"prefix": "https://igx.4sqi.net/img/user/", "suffix": "/D11WGFYHXTZVPQNQ.jpg"}, "homeCity": "Taguig", "contact": {"facebook": "655519002", "twitter": "siapy"}, "firstName": "Siapy", "tips": {"count": 0}, "gender": "female", "lastName": "Siapno", "lists": {"groups": [{"count": 2, "type": "created", "items": []}]}, "bio": ""}, {"id": "57286886", "photo": {"prefix": "https://igx.4sqi.net/img/user/", "default": true, "suffix": "/blank_boy.png"}, "homeCity": "Imus, 20", "contact": {"facebook": "560163517"}, "firstName": "Jefferson", "tips": {"count": 0}, "gender": "male", "lastName": "Sy", "lists": {"groups": [{"count": 2, "type": "created", "items": []}]}, "bio": ""}, {"id": "55366274", "photo": {"prefix": "https://igx.4sqi.net/img/user/", "suffix": "/IZDNVYKI0H33JWIK.jpg"}, "homeCity": "", "contact": {"facebook": "1234847295"}, "firstName": "Pitka", "tips": {"count": 0}, "gender": "male", "lastName": "Grazaz", "lists": {"groups": [{"count": 2, "type": "created", "items": []}]}, "bio": ""}, {"id": "22777836", "photo": {"prefix": "https://igx.4sqi.net/img/user/", "suffix": "/22777836-01C3RSR0DEEHN1EW.jpg"}, "homeCity": "Quezon City", "contact": {"facebook": "1386655605"}, "firstName": "Michael", "tips": {"count": 1}, "gender": "male", "lastName": "Moreto", "lists": {"groups": [{"count": 2, "type": "created", "items": []}]}, "bio": ""}]}, "checksum": "cce284244de4db994e94f63ce1f92b7f42079fc5"}}