{"notifications": [{"type": "notificationTray", "item": {"unreadCount": 0}}], "response": {"friends": {"items": [{"tips": {"count": 13}, "contact": {"twitter": "starrfire7", "facebook": "2318235"}, "firstName": "Serena", "gender": "female", "lastName": "Loh", "id": "3686840", "bio": "", "photo": {"prefix": "https://igx.4sqi.net/img/user/", "suffix": "/2NVPEREEQC0ZZPVY.png"}, "homeCity": "Singapore", "lists": {"groups": [{"items": [], "count": 2, "type": "created"}]}}, {"tips": {"count": 0}, "contact": {}, "firstName": "PL", "gender": "male", "id": "4442750", "bio": "", "photo": {"prefix": "https://igx.4sqi.net/img/user/", "suffix": "/WFQ3WLAX4OAB4CYQ.jpg"}, "homeCity": "Singapore", "lists": {"groups": [{"items": [], "count": 2, "type": "created"}]}}, {"tips": {"count": 13}, "contact": {"facebook": "831924075"}, "firstName": "Mark", "gender": "male", "lastName": "Lim", "id": "4886155", "bio": "", "photo": {"prefix": "https://igx.4sqi.net/img/user/", "suffix": "/CNE33AF35GAE0AXF.jpg"}, "homeCity": "Singapore", "lists": {"groups": [{"items": [], "count": 2, "type": "created"}]}}], "count": 3}, "checksum": "87e718bea0f4af90eb14a76aa77a2cac668ed8a4"}, "meta": {"requestId": "5965d0c94c1f67703a0249e6", "code": 200}}