{"notifications": [{"type": "notificationTray", "item": {"unreadCount": 0}}], "response": {"friends": {"items": [{"tips": {"count": 9}, "contact": {}, "firstName": "Fazil Musa", "gender": "male", "lastName": "Bin Yusof", "id": "563293", "bio": "", "photo": {"prefix": "https://igx.4sqi.net/img/user/", "suffix": "/OYMXLEMMGVOYZC0X.jpg"}, "homeCity": "SIngapore, Singapore", "lists": {"groups": [{"items": [], "count": 2, "type": "created"}]}}, {"tips": {"count": 6}, "contact": {"twitter": "iancraft", "facebook": "10153238549236123"}, "firstName": "Sufian", "gender": "male", "lastName": "\ue201", "id": "12272020", "bio": "", "photo": {"prefix": "https://igx.4sqi.net/img/user/", "suffix": "/12272020_2VZn7eDL_7OfT_Gq03X7P872wNhxOKOPFG7Xfk7kJZ1jVcbK0fOcf9ffzJtqQ96A3b_PkDDdR.jpg"}, "homeCity": "Singapore", "lists": {"groups": [{"items": [], "count": 2, "type": "created"}]}}, {"tips": {"count": 5}, "contact": {"facebook": "676279693"}, "firstName": "Carl", "gender": "male", "lastName": "English", "id": "520272", "bio": "", "photo": {"prefix": "https://igx.4sqi.net/img/user/", "suffix": "/I2ILF1HRHAB1R4BT.jpg"}, "homeCity": "Las Vegas, NV", "lists": {"groups": [{"items": [], "count": 2, "type": "created"}]}}, {"tips": {"count": 5}, "contact": {"twitter": "rezajohannes"}, "firstName": "Reza", "gender": "male", "lastName": "Johannes", "id": "1807255", "bio": "", "photo": {"prefix": "https://igx.4sqi.net/img/user/", "suffix": "/LAOL3Q52WMCXKQRB.jpg"}, "homeCity": "Singapore", "lists": {"groups": [{"items": [], "count": 2, "type": "created"}]}}, {"tips": {"count": 0}, "contact": {"facebook": "783195391"}, "firstName": "Stamford", "gender": "male", "lastName": "Loh", "id": "5386231", "bio": "", "photo": {"prefix": "https://igx.4sqi.net/img/user/", "suffix": "/LEEVLD5CJPMASSH2.jpg"}, "homeCity": "Singapore", "lists": {"groups": [{"items": [], "count": 2, "type": "created"}]}}, {"tips": {"count": 0}, "contact": {"twitter": "prisco"}, "firstName": "Brian", "gender": "male", "lastName": "Prisco", "id": "639972", "bio": "", "photo": {"prefix": "https://igx.4sqi.net/img/user/", "suffix": "/1TAOX2P4AIQSWTCG.jpg"}, "homeCity": "North Hollywood, CA", "lists": {"groups": [{"items": [], "count": 2, "type": "created"}]}}, {"tips": {"count": 1}, "contact": {"facebook": "758750581"}, "firstName": "Jiaxin", "gender": "female", "lastName": "Seetoh", "id": "4824903", "bio": "", "photo": {"prefix": "https://igx.4sqi.net/img/user/", "suffix": "/H0NGWVKEJOYTCZXC.jpg"}, "homeCity": "New York, NY", "lists": {"groups": [{"items": [], "count": 2, "type": "created"}]}}, {"tips": {"count": 1}, "contact": {"twitter": "angryblacklady", "facebook": "614087165"}, "firstName": "Imani", "gender": "female", "lastName": "Gandy", "id": "707911", "bio": "ABL. BOOM.", "photo": {"prefix": "https://igx.4sqi.net/img/user/", "suffix": "/BHXRTKFLSVBNADHC.jpg"}, "homeCity": "Los Angeles, CA", "lists": {"groups": [{"items": [], "count": 2, "type": "created"}]}}, {"tips": {"count": 5}, "contact": {"twitter": "gtg007w", "facebook": "12802353"}, "firstName": "Walid", "gender": "male", "lastName": "Neaz", "id": "113926", "bio": "", "photo": {"prefix": "https://igx.4sqi.net/img/user/", "suffix": "/MO1BOPBE2IQOQ1PY.jpg"}, "homeCity": "Atlanta, GA", "lists": {"groups": [{"items": [], "count": 2, "type": "created"}]}}, {"tips": {"count": 41}, "contact": {"twitter": "sameersadhu", "facebook": "160201133"}, "firstName": "Sameer", "gender": "male", "lastName": "Sadhu", "id": "4410631", "bio": "26. Clear eyes, full hearts, can't lose. @sameersadhu", "photo": {"prefix": "https://igx.4sqi.net/img/user/", "suffix": "/4410631-S04YSQMZTI3ZSOAJ.jpg"}, "homeCity": "Atlanta, GA", "lists": {"groups": [{"items": [], "count": 4, "type": "created"}]}}, {"tips": {"count": 7}, "contact": {"facebook": "672520814"}, "firstName": "Razak", "gender": "male", "id": "1154587", "bio": "", "photo": {"prefix": "https://igx.4sqi.net/img/user/", "suffix": "/PYS2QR4CUEMICZSK.jpg"}, "homeCity": "Singapore", "lists": {"groups": [{"items": [], "count": 2, "type": "created"}]}}, {"tips": {"count": 6}, "contact": {"twitter": "serenemonster", "facebook": "1638840053"}, "firstName": "Serene", "gender": "female", "lastName": "Tan", "id": "208119", "bio": "", "photo": {"prefix": "https://igx.4sqi.net/img/user/", "suffix": "/FFZYLKTPBOTM0QQI.jpg"}, "homeCity": "Singapore", "lists": {"groups": [{"items": [], "count": 2, "type": "created"}]}}, {"tips": {"count": 16}, "contact": {"twitter": "vlorein"}, "firstName": "Vanessa", "gender": "female", "lastName": "Lorein", "id": "1124095", "bio": "", "photo": {"prefix": "https://igx.4sqi.net/img/user/", "suffix": "/GHCK4DK0ZTGG0XM0.jpg"}, "homeCity": "Jakarta, Indonesia", "lists": {"groups": [{"items": [], "count": 2, "type": "created"}]}}, {"tips": {"count": 102}, "contact": {"twitter": "laadeelaa", "facebook": "694824738"}, "firstName": "Laura", "gender": "female", "lastName": "Lee", "id": "19354904", "bio": "", "photo": {"prefix": "https://igx.4sqi.net/img/user/", "suffix": "/XWNWYJVPPWROX0G5.jpg"}, "homeCity": "Perth // Singapore ", "lists": {"groups": [{"items": [], "count": 2, "type": "created"}]}}, {"tips": {"count": 8}, "contact": {"twitter": "pinuppikachu"}, "firstName": "Natalie", "gender": "female", "id": "748560", "bio": "", "photo": {"prefix": "https://igx.4sqi.net/img/user/", "suffix": "/5I5KVPTJE0VAUNLR.jpg"}, "homeCity": "Melbourne, Australia.", "lists": {"groups": [{"items": [], "count": 2, "type": "created"}]}}, {"tips": {"count": 1}, "contact": {"twitter": "gordonkhoo", "facebook": "506224438"}, "firstName": "Gordon", "gender": "male", "lastName": "Khoo", "id": "1550144", "bio": "", "photo": {"prefix": "https://igx.4sqi.net/img/user/", "suffix": "/VRUWPGDI2TQC1D4X.jpg"}, "homeCity": "Mt Lawley, Western Australia", "lists": {"groups": [{"items": [], "count": 4, "type": "created"}]}}, {"tips": {"count": 0}, "contact": {}, "firstName": "Suzanne", "gender": "female", "lastName": "Sim", "id": "1320044", "bio": "", "photo": {"prefix": "https://igx.4sqi.net/img/user/", "suffix": "/RHWFXZRBDOFC2L3X.jpg"}, "homeCity": "Singapore", "lists": {"groups": [{"items": [], "count": 2, "type": "created"}]}}, {"tips": {"count": 34}, "contact": {"twitter": "chubbimimi", "facebook": "510614733"}, "firstName": "Shawna", "gender": "female", "lastName": "Liu", "id": "4759090", "bio": "random ramblings of an animal lover and fashionista wannabe.", "photo": {"prefix": "https://igx.4sqi.net/img/user/", "suffix": "/PKFPJ3L4MD12RZW0.jpg"}, "homeCity": "", "lists": {"groups": [{"items": [], "count": 2, "type": "created"}]}}, {"tips": {"count": 0}, "contact": {"facebook": "578140602"}, "firstName": "Taufan", "gender": "male", "lastName": "Johannes", "id": "4191609", "bio": "", "photo": {"prefix": "https://igx.4sqi.net/img/user/", "suffix": "/R40W4MD2HJU5DGFZ.jpg"}, "homeCity": "Singapore", "lists": {"groups": [{"items": [], "count": 2, "type": "created"}]}}, {"tips": {"count": 0}, "contact": {"twitter": "j0el0h", "facebook": "817970365"}, "firstName": "Joel", "gender": "male", "lastName": "Loh", "id": "2729502", "bio": "", "photo": {"prefix": "https://igx.4sqi.net/img/user/", "suffix": "/SWOG1GZTEXM5KQPB.jpg"}, "homeCity": "Singapore", "lists": {"groups": [{"items": [], "count": 2, "type": "created"}]}}, {"tips": {"count": 0}, "contact": {}, "firstName": "Khai", "gender": "male", "id": "3080505", "bio": "", "photo": {"prefix": "https://igx.4sqi.net/img/user/", "suffix": "/M2NSVNR0C2KH03A5.jpg"}, "homeCity": "Singapore", "lists": {"groups": [{"items": [], "count": 2, "type": "created"}]}}, {"tips": {"count": 0}, "contact": {"facebook": "1032696186"}, "firstName": "Sofie", "gender": "female", "lastName": "Sunny", "id": "3083472", "bio": "", "photo": {"prefix": "https://igx.4sqi.net/img/user/", "suffix": "/F0H5BLRJXNTTNHMT.jpg"}, "homeCity": "Singapore", "lists": {"groups": [{"items": [], "count": 2, "type": "created"}]}}], "count": 22}, "checksum": "c5d4ac9f09e440c2cfcaa3691499e26e791ca5cd"}, "meta": {"requestId": "596626fe4434b96c191bccc3", "code": 200}}