{"notifications": [{"type": "notificationTray", "item": {"unreadCount": 0}}], "response": {"friends": {"items": [{"tips": {"count": 5}, "contact": {"twitter": "stanzt", "facebook": "679534523"}, "firstName": "Stanley", "gender": "male", "lastName": "Tung", "id": "1030915", "bio": "", "photo": {"prefix": "https://igx.4sqi.net/img/user/", "suffix": "/0O1CDTD1PO4AP23N.jpg"}, "homeCity": "Singapore", "lists": {"groups": [{"items": [], "count": 2, "type": "created"}]}}, {"tips": {"count": 0}, "contact": {}, "firstName": "Chua", "gender": "female", "lastName": "Lisha", "id": "6176690", "bio": "", "photo": {"prefix": "https://igx.4sqi.net/img/user/", "suffix": "/V4WAFPDSK3SRTM15.jpg"}, "homeCity": "Singapore", "lists": {"groups": [{"items": [], "count": 2, "type": "created"}]}}, {"tips": {"count": 2}, "contact": {"facebook": "565339359"}, "firstName": "David", "gender": "male", "lastName": "Wu", "id": "3509936", "bio": "", "photo": {"prefix": "https://igx.4sqi.net/img/user/", "suffix": "/PJPVVJJKLU0KROI3.jpg"}, "homeCity": "Singapore", "lists": {"groups": [{"items": [], "count": 3, "type": "created"}]}}, {"tips": {"count": 21}, "contact": {"facebook": "10153867444658734"}, "firstName": "James", "gender": "male", "lastName": "Lim", "id": "4863790", "bio": "", "photo": {"prefix": "https://igx.4sqi.net/img/user/", "suffix": "/4863790-VWRPI2GDNNEKCJA2.jpg"}, "homeCity": "Singapore", "lists": {"groups": [{"items": [], "count": 2, "type": "created"}]}}, {"tips": {"count": 0}, "contact": {}, "firstName": "Jon", "gender": "male", "lastName": "Green", "id": "4280555", "bio": "", "photo": {"prefix": "https://igx.4sqi.net/img/user/", "suffix": "/T2T3HV23MBSBS11G.jpg"}, "homeCity": "Herts, UK", "lists": {"groups": [{"items": [], "count": 4, "type": "created"}]}}, {"tips": {"count": 0}, "contact": {"twitter": "hyperger", "facebook": "521738448"}, "firstName": "Stephanie", "gender": "female", "lastName": "Teo", "id": "5438239", "bio": "", "photo": {"prefix": "https://igx.4sqi.net/img/user/", "suffix": "/NUQTZARQH5EIWUVX.jpg"}, "homeCity": "Singapore", "lists": {"groups": [{"items": [], "count": 2, "type": "created"}]}}, {"tips": {"count": 0}, "contact": {"facebook": "582067155"}, "firstName": "Adrianto", "gender": "male", "lastName": "Wirawan", "id": "50249669", "bio": "", "photo": {"prefix": "https://igx.4sqi.net/img/user/", "suffix": "/WF2PYDVKYLTPSQBY.jpg"}, "homeCity": "Mainz, Germany", "lists": {"groups": [{"items": [], "count": 2, "type": "created"}]}}, {"tips": {"count": 0}, "contact": {"facebook": "871160105"}, "firstName": "Adrick", "gender": "male", "lastName": "Ho", "id": "55057142", "bio": "", "photo": {"prefix": "https://igx.4sqi.net/img/user/", "suffix": "/CCV4EFDFD45AJD5U.jpg"}, "homeCity": "Singapore, 00", "lists": {"groups": [{"items": [], "count": 2, "type": "created"}]}}, {"tips": {"count": 2}, "contact": {"twitter": "ian_mckee", "facebook": "655497745"}, "firstName": "Ian", "gender": "male", "lastName": "McKee", "id": "447627", "bio": "", "photo": {"prefix": "https://igx.4sqi.net/img/user/", "suffix": "/X5SVDKTX1VU4AAUK.jpg"}, "homeCity": "Singapore", "lists": {"groups": [{"items": [], "count": 2, "type": "created"}]}}, {"tips": {"count": 0}, "contact": {}, "firstName": "Dol", "gender": "male", "lastName": "Mat", "id": "330287", "bio": "", "photo": {"prefix": "https://igx.4sqi.net/img/user/", "suffix": "/blank_boy.png", "default": true}, "homeCity": "Singapore", "lists": {"groups": [{"items": [], "count": 2, "type": "created"}]}}, {"tips": {"count": 99}, "contact": {"twitter": "bentang", "facebook": "587149155"}, "firstName": "Benedict", "gender": "male", "lastName": "Tang", "id": "797407", "bio": "", "photo": {"prefix": "https://igx.4sqi.net/img/user/", "suffix": "/GXFRMZ4TS3CCGC1R.jpg"}, "homeCity": "Singapore", "lists": {"groups": [{"items": [], "count": 5, "type": "created"}]}}, {"tips": {"count": 0}, "contact": {"twitter": "winstongoh"}, "firstName": "Winston", "gender": "male", "lastName": "Goh", "id": "679839", "bio": "", "photo": {"prefix": "https://igx.4sqi.net/img/user/", "suffix": "/A3QTPXOCLKFTMWWT.jpg"}, "homeCity": "Singapore", "lists": {"groups": [{"items": [], "count": 2, "type": "created"}]}}, {"tips": {"count": 8}, "contact": {"twitter": "mrfyz", "facebook": "574680261"}, "firstName": "MrFyz", "gender": "male", "id": "1979331", "bio": "", "photo": {"prefix": "https://igx.4sqi.net/img/user/", "suffix": "/PI43WET24EWOFTL3.jpg"}, "homeCity": "Singapore", "lists": {"groups": [{"items": [], "count": 3, "type": "created"}]}}, {"tips": {"count": 0}, "contact": {"twitter": "charlenewimala", "facebook": "608064866"}, "firstName": "Charlene", "gender": "female", "lastName": "Wimala", "id": "1624805", "bio": "", "photo": {"prefix": "https://igx.4sqi.net/img/user/", "suffix": "/3UNK5CXAZBIIANAX.jpg"}, "homeCity": "Singapore", "lists": {"groups": [{"items": [], "count": 2, "type": "created"}]}}, {"tips": {"count": 0}, "contact": {}, "firstName": "Vernette", "gender": "female", "lastName": "Seah", "id": "4136162", "bio": "", "photo": {"prefix": "https://igx.4sqi.net/img/user/", "suffix": "/2EDN2DTJEECDTNUD.jpg"}, "homeCity": "Singapore", "lists": {"groups": [{"items": [], "count": 2, "type": "created"}]}}, {"tips": {"count": 15}, "contact": {"twitter": "veggeloo", "facebook": "691161954"}, "firstName": "T Derrick", "gender": "male", "lastName": "Loo", "id": "1126401", "bio": "", "photo": {"prefix": "https://igx.4sqi.net/img/user/", "suffix": "/35JPJSSPBPTLOCBI.jpg"}, "homeCity": "Singapore", "lists": {"groups": [{"items": [], "count": 2, "type": "created"}]}}, {"tips": {"count": 2}, "contact": {"facebook": "100000055204701"}, "firstName": "Boss", "gender": "male", "lastName": "Lee", "id": "1033251", "bio": "", "photo": {"prefix": "https://igx.4sqi.net/img/user/", "suffix": "/T503DVHXB14S0HY1.jpg"}, "homeCity": "Singapore", "lists": {"groups": [{"items": [], "count": 2, "type": "created"}]}}, {"tips": {"count": 0}, "contact": {"facebook": "722187285"}, "firstName": "Kelvinsohez", "gender": "none", "id": "59042273", "bio": "", "photo": {"prefix": "https://igx.4sqi.net/img/user/", "suffix": "/XO5LL1VPAQGVCADA.jpg"}, "homeCity": "Singapore", "lists": {"groups": [{"items": [], "count": 2, "type": "created"}]}}, {"tips": {"count": 0}, "contact": {"facebook": "501120722"}, "firstName": "Sheane", "gender": "female", "lastName": "Kitagawa", "id": "6430577", "bio": "", "photo": {"prefix": "https://igx.4sqi.net/img/user/", "suffix": "/PYXHM4L4TB4UH2TW.jpg"}, "homeCity": "Singapore", "lists": {"groups": [{"items": [], "count": 2, "type": "created"}]}}, {"tips": {"count": 0}, "contact": {"facebook": "529240288"}, "firstName": "KaiTong", "gender": "male", "lastName": "Lim", "id": "5610055", "bio": "", "photo": {"prefix": "https://igx.4sqi.net/img/user/", "suffix": "/FIBGZEVYADQ21F1Y.jpg"}, "homeCity": "Singapore", "lists": {"groups": [{"items": [], "count": 2, "type": "created"}]}}, {"tips": {"count": 0}, "contact": {"facebook": "1512938722"}, "firstName": "Chew", "gender": "female", "lastName": "Karin", "id": "2912697", "bio": "", "photo": {"prefix": "https://igx.4sqi.net/img/user/", "suffix": "/1FZ2XIAMQ2PTDINQ.jpg"}, "homeCity": "Singapore", "lists": {"groups": [{"items": [], "count": 2, "type": "created"}]}}, {"tips": {"count": 0}, "contact": {}, "firstName": "KT", "gender": "male", "lastName": "Tan", "id": "391495", "bio": "", "photo": {"prefix": "https://igx.4sqi.net/img/user/", "suffix": "/blank_boy.png", "default": true}, "homeCity": "Singapore", "lists": {"groups": [{"items": [], "count": 2, "type": "created"}]}}, {"tips": {"count": 8}, "contact": {"twitter": "shortboy777", "facebook": "702081002"}, "firstName": "Brian", "gender": "male", "lastName": "Chee", "id": "1766716", "bio": "Constantly hungry, slightly midgety and totally confused.", "photo": {"prefix": "https://igx.4sqi.net/img/user/", "suffix": "/1766716-VZLFHRRIZLIPC2FM.jpg"}, "homeCity": "Sydney, NSW", "lists": {"groups": [{"items": [], "count": 2, "type": "created"}]}}, {"tips": {"count": 3}, "contact": {}, "firstName": "Fione", "gender": "female", "lastName": "Lee", "id": "4228587", "bio": "", "photo": {"prefix": "https://igx.4sqi.net/img/user/", "suffix": "/TH3HORQFV4XCZ0KG.jpg"}, "homeCity": "Kuala Lumpur, Malaysia", "lists": {"groups": [{"items": [], "count": 2, "type": "created"}]}}, {"tips": {"count": 0}, "contact": {"twitter": "nocturnal_ash", "facebook": "562969076"}, "firstName": "Ashley", "gender": "female", "lastName": "Aw", "id": "1974349", "bio": "", "photo": {"prefix": "https://igx.4sqi.net/img/user/", "suffix": "/AK11L5A5CUDV4VVA.jpg"}, "homeCity": "Singapore", "lists": {"groups": [{"items": [], "count": 2, "type": "created"}]}}, {"tips": {"count": 17}, "contact": {"facebook": "1516977674"}, "firstName": "Wai Mun", "gender": "male", "lastName": "Kok", "id": "4766873", "bio": "", "photo": {"prefix": "https://igx.4sqi.net/img/user/", "suffix": "/1SL10WCN1QWVWEOM.jpg"}, "homeCity": "Singapore", "lists": {"groups": [{"items": [], "count": 2, "type": "created"}]}}, {"tips": {"count": 1}, "contact": {"twitter": "lightzly", "facebook": "736112004"}, "firstName": "Steven", "gender": "male", "lastName": "Yeo", "id": "1042591", "bio": "", "photo": {"prefix": "https://igx.4sqi.net/img/user/", "suffix": "/AOUHQ3XZI0M3XRBC.jpg"}, "homeCity": "Singapore", "lists": {"groups": [{"items": [], "count": 2, "type": "created"}]}}, {"tips": {"count": 0}, "contact": {"facebook": "1526836557"}, "firstName": "Giles", "gender": "male", "lastName": "Han-Loong", "id": "83770884", "bio": "", "photo": {"prefix": "https://igx.4sqi.net/img/user/", "suffix": "/83770884-HHEBPES0303QO5H3.jpg"}, "homeCity": "Kuala Lumpur, KUL", "lists": {"groups": [{"items": [], "count": 2, "type": "created"}]}}, {"tips": {"count": 19}, "contact": {}, "firstName": "Ah Soon", "gender": "male", "lastName": "Sim", "id": "5668369", "bio": "", "photo": {"prefix": "https://igx.4sqi.net/img/user/", "suffix": "/BJKGWOWFSJCSQQIO.jpg"}, "homeCity": "Singapore", "lists": {"groups": [{"items": [], "count": 2, "type": "created"}]}}, {"tips": {"count": 16}, "contact": {}, "firstName": "iRyNee", "gender": "none", "id": "3632332", "bio": "", "photo": {"prefix": "https://igx.4sqi.net/img/user/", "suffix": "/3NU0JETX42WTYMJA.jpg"}, "homeCity": "Singapore", "lists": {"groups": [{"items": [], "count": 2, "type": "created"}]}}, {"tips": {"count": 6}, "contact": {"twitter": "meowmrow", "facebook": "711115135"}, "firstName": "Jean", "gender": "female", "id": "3789697", "bio": "", "photo": {"prefix": "https://igx.4sqi.net/img/user/", "suffix": "/3789697-YHPWAO4XWLWHSKKB.jpg"}, "homeCity": "Singapore", "lists": {"groups": [{"items": [], "count": 2, "type": "created"}]}}, {"tips": {"count": 3}, "contact": {"twitter": "off5pring", "facebook": "562928760"}, "firstName": "Jimmy", "gender": "none", "lastName": "Sng", "id": "1902894", "bio": "", "photo": {"prefix": "https://igx.4sqi.net/img/user/", "suffix": "/1902894-YQA4WXAEY2O2LNC5.jpg"}, "homeCity": "Singapore", "lists": {"groups": [{"items": [], "count": 2, "type": "created"}]}}, {"tips": {"count": 0}, "contact": {}, "firstName": "Eelin", "gender": "female", "lastName": "Tan", "id": "86081365", "bio": "", "photo": {"prefix": "https://igx.4sqi.net/img/user/", "suffix": "/86081365-DV3DDQP35UIDE3SW.jpg"}, "homeCity": "Sydney, NSW", "lists": {"groups": [{"items": [], "count": 2, "type": "created"}]}}, {"tips": {"count": 0}, "contact": {"twitter": "lorinna", "facebook": "753948480"}, "firstName": "Lorinna", "gender": "female", "lastName": "Loh", "id": "2405725", "bio": "", "photo": {"prefix": "https://igx.4sqi.net/img/user/", "suffix": "/QMA3DGZAWGOGTMUJ.jpg"}, "homeCity": "Singapore", "lists": {"groups": [{"items": [], "count": 2, "type": "created"}]}}, {"tips": {"count": 4}, "contact": {"twitter": "zekmohd"}, "firstName": "Zek", "gender": "male", "lastName": "Mohd", "id": "4481297", "bio": "", "photo": {"prefix": "https://igx.4sqi.net/img/user/", "suffix": "/4481297-EXWN4B4DSUZW5NGO.jpg"}, "homeCity": "Singapore", "lists": {"groups": [{"items": [], "count": 6, "type": "created"}]}}], "count": 35}, "checksum": "86841117c7f7361eeda9414de7b75812547d3411"}, "meta": {"requestId": "596618c44434b96be59c0fd7", "code": 200}}