{"notifications": [{"type": "notificationTray", "item": {"unreadCount": 0}}], "response": {"friends": {"items": [{"tips": {"count": 1}, "contact": {"facebook": "805590216"}, "firstName": "Manolo", "gender": "male", "lastName": "Martinez", "id": "11572425", "bio": "", "photo": {"prefix": "https://igx.4sqi.net/img/user/", "suffix": "/EKCZK32ZSVBALSAR.jpg"}, "homeCity": "Singapore", "lists": {"groups": [{"items": [], "count": 2, "type": "created"}]}}, {"tips": {"count": 1}, "contact": {}, "firstName": "Roger", "gender": "male", "lastName": "Sim Ming Yang", "id": "4649569", "bio": "", "photo": {"prefix": "https://igx.4sqi.net/img/user/", "suffix": "/1O4ZMO225OB53IY2.jpg"}, "homeCity": "Singapore", "lists": {"groups": [{"items": [], "count": 2, "type": "created"}]}}, {"tips": {"count": 3}, "contact": {"twitter": "chadiouschamp", "facebook": "1601885715"}, "firstName": "chadiouschamp", "gender": "male", "id": "2106557", "bio": "", "photo": {"prefix": "https://igx.4sqi.net/img/user/", "suffix": "/1UEVXXTK0MCVUR5Y.jpg"}, "homeCity": "bangkok, Thailand", "lists": {"groups": [{"items": [], "count": 2, "type": "created"}]}}, {"tips": {"count": 0}, "contact": {}, "firstName": "Nigel", "gender": "male", "lastName": "Ho", "id": "1429399", "bio": "", "photo": {"prefix": "https://igx.4sqi.net/img/user/", "suffix": "/SYTIRNNLIOVGFSYE.jpg"}, "homeCity": "Singapore", "lists": {"groups": [{"items": [], "count": 2, "type": "created"}]}}, {"tips": {"count": 0}, "contact": {"facebook": "1424973641"}, "firstName": "Keisuke", "gender": "male", "lastName": "Sakurai", "id": "8510562", "bio": "", "photo": {"prefix": "https://igx.4sqi.net/img/user/", "suffix": "/Y2BVHKJWQO0QT1EH.jpg"}, "homeCity": "Singapore", "lists": {"groups": [{"items": [], "count": 2, "type": "created"}]}}, {"tips": {"count": 0}, "contact": {"twitter": "isaaclimdc", "facebook": "100002448015520"}, "firstName": "Isaac", "gender": "male", "lastName": "Lim", "id": "1806235", "bio": "iOS Developer, Carnegie Mellon Computer Science Student, \uf8ff Mac Enthusiast and Techie.", "photo": {"prefix": "https://igx.4sqi.net/img/user/", "suffix": "/1806235-SBAJBVKSCTPRSH1K"}, "homeCity": "San Francisco, CA", "lists": {"groups": [{"items": [], "count": 2, "type": "created"}]}}, {"tips": {"count": 0}, "contact": {}, "firstName": "Simon", "gender": "male", "lastName": "Ang", "id": "4575204", "bio": "", "photo": {"prefix": "https://igx.4sqi.net/img/user/", "suffix": "/YVDLGM4G2SL1Q2RF.jpg"}, "homeCity": "Singapore", "lists": {"groups": [{"items": [], "count": 2, "type": "created"}]}}, {"tips": {"count": 5}, "contact": {}, "firstName": "Kamran", "gender": "male", "lastName": "Sathar", "id": "3902465", "bio": "", "photo": {"prefix": "https://igx.4sqi.net/img/user/", "suffix": "/4PCKNOQB0IXCL03U.jpg"}, "homeCity": "Singapore", "lists": {"groups": [{"items": [], "count": 2, "type": "created"}]}}, {"superuser": 2, "tips": {"count": 64}, "contact": {"twitter": "shaunchen3", "facebook": "100000558641575"}, "firstName": "Shaun", "gender": "male", "lastName": "Chen", "id": "324434", "bio": "Like fun and funny", "photo": {"prefix": "https://igx.4sqi.net/img/user/", "suffix": "/324434-PUMSIPIEHGR0I05E.jpg"}, "homeCity": "Singapore", "lists": {"groups": [{"items": [], "count": 7, "type": "created"}]}}, {"tips": {"count": 6}, "contact": {"twitter": "sidneyreuben", "facebook": "611630984"}, "firstName": "Siddy", "gender": "male", "lastName": "Lim", "id": "591054", "bio": "Columbia College Chicago Public Relations Major and PRSSA National Liaison, Magic: The Gathering amateur player, SWTOR Dark Jedi Sentinel, Photographer.", "photo": {"prefix": "https://igx.4sqi.net/img/user/", "suffix": "/QHCY2C3B02NWDHBO.jpg"}, "homeCity": "Singapore", "lists": {"groups": [{"items": [], "count": 4, "type": "created"}]}}, {"tips": {"count": 19}, "contact": {"twitter": "mervynchan", "facebook": "1004287301"}, "firstName": "Mervyn", "gender": "male", "lastName": "Chan", "id": "71257", "bio": "", "photo": {"prefix": "https://igx.4sqi.net/img/user/", "suffix": "/VWJEXS0KW3BEQCZK.jpg"}, "homeCity": "Singapore", "lists": {"groups": [{"items": [], "count": 2, "type": "created"}]}}, {"tips": {"count": 3}, "contact": {"twitter": "benjayy90", "facebook": "530566992"}, "firstName": "Ben", "gender": "male", "lastName": "Chow", "id": "9203377", "bio": "", "photo": {"prefix": "https://igx.4sqi.net/img/user/", "suffix": "/4DANVMDJ3TK3HFRU.jpg"}, "homeCity": "Perth", "lists": {"groups": [{"items": [], "count": 2, "type": "created"}]}}, {"tips": {"count": 0}, "contact": {}, "firstName": "David", "gender": "male", "lastName": "Sim", "id": "1147170", "bio": "", "photo": {"prefix": "https://igx.4sqi.net/img/user/", "suffix": "/JZ5L0LR14FXVYEGH.jpg"}, "homeCity": "New York, NY", "lists": {"groups": [{"items": [], "count": 2, "type": "created"}]}}, {"tips": {"count": 2}, "contact": {}, "firstName": "Peter", "gender": "male", "lastName": "Liao", "id": "2555778", "bio": "", "photo": {"prefix": "https://igx.4sqi.net/img/user/", "suffix": "/NX1WVQLXY2AREUFV.jpg"}, "homeCity": "Singapore", "lists": {"groups": [{"items": [], "count": 2, "type": "created"}]}}, {"tips": {"count": 3}, "contact": {"twitter": "davidhokl"}, "firstName": "David", "gender": "male", "lastName": "Ho", "id": "1297237", "bio": "", "photo": {"prefix": "https://igx.4sqi.net/img/user/", "suffix": "/blank_boy.png", "default": true}, "homeCity": "Tampines, Singapore", "lists": {"groups": [{"items": [], "count": 2, "type": "created"}]}}, {"tips": {"count": 2}, "contact": {"facebook": "615350052"}, "firstName": "Lawerence", "gender": "male", "lastName": "Peh", "id": "4783348", "bio": "", "photo": {"prefix": "https://igx.4sqi.net/img/user/", "suffix": "/R4EUNXCXSCD3HAP0.jpg"}, "homeCity": "Singapore", "lists": {"groups": [{"items": [], "count": 2, "type": "created"}]}}, {"tips": {"count": 0}, "contact": {}, "firstName": "Keisuke", "gender": "male", "lastName": "Sakurai", "id": "6800651", "bio": "", "photo": {"prefix": "https://igx.4sqi.net/img/user/", "suffix": "/blank_boy.png", "default": true}, "homeCity": "Singapore", "lists": {"groups": [{"items": [], "count": 2, "type": "created"}]}}, {"tips": {"count": 0}, "contact": {}, "firstName": "Sho", "gender": "male", "lastName": "Takiguchi", "id": "9006300", "bio": "", "photo": {"prefix": "https://igx.4sqi.net/img/user/", "suffix": "/blank_boy.png", "default": true}, "homeCity": "\u0e2a\u0e27\u0e19\u0e2b\u0e25\u0e27\u0e07, \u0e1b\u0e23\u0e30\u0e40\u0e17\u0e28\u0e44\u0e17\u0e22", "lists": {"groups": [{"items": [], "count": 2, "type": "created"}]}}, {"tips": {"count": 0}, "contact": {}, "firstName": "Ben", "gender": "male", "lastName": "Teo", "id": "2768493", "bio": "", "photo": {"prefix": "https://igx.4sqi.net/img/user/", "suffix": "/HAL2GPWJ3YP1ZUAI.jpg"}, "homeCity": "Singapore", "lists": {"groups": [{"items": [], "count": 2, "type": "created"}]}}, {"tips": {"count": 0}, "contact": {}, "firstName": "Muhammad", "gender": "male", "lastName": "Sufyan", "id": "5186855", "bio": "", "photo": {"prefix": "https://igx.4sqi.net/img/user/", "suffix": "/B4DXRGA5BB3MQZKM.jpg"}, "homeCity": "New York, NY", "lists": {"groups": [{"items": [], "count": 2, "type": "created"}]}}, {"tips": {"count": 9}, "contact": {"facebook": "1260304548"}, "firstName": "Rahu", "gender": "male", "lastName": "Wilson", "id": "13041143", "bio": "", "photo": {"prefix": "https://igx.4sqi.net/img/user/", "suffix": "/VOJHYS3L23WJRGM0.jpg"}, "homeCity": "Singapore", "lists": {"groups": [{"items": [], "count": 2, "type": "created"}]}}, {"tips": {"count": 0}, "contact": {}, "firstName": "Ho", "gender": "male", "lastName": "Jonathan", "id": "4626141", "bio": "", "photo": {"prefix": "https://igx.4sqi.net/img/user/", "suffix": "/PVBFKQJXHLOOU2PR.jpg"}, "homeCity": "Singapore", "lists": {"groups": [{"items": [], "count": 2, "type": "created"}]}}, {"tips": {"count": 0}, "contact": {}, "firstName": "Dahlia", "gender": "female", "lastName": "S", "id": "1638443", "bio": "", "photo": {"prefix": "https://igx.4sqi.net/img/user/", "suffix": "/4P5SZWIHV4FRZZMN.jpg"}, "homeCity": "Singapore", "lists": {"groups": [{"items": [], "count": 2, "type": "created"}]}}, {"tips": {"count": 5}, "contact": {}, "firstName": "Pangkie", "gender": "male", "lastName": "Pangpang", "id": "3049271", "bio": "", "photo": {"prefix": "https://igx.4sqi.net/img/user/", "suffix": "/5ZULVTFC2R5KHUOB.jpg"}, "homeCity": "Bedok, Singapore", "lists": {"groups": [{"items": [], "count": 2, "type": "created"}]}}, {"tips": {"count": 1}, "contact": {}, "firstName": "Yong sin", "gender": "male", "lastName": "Sam", "id": "6861347", "bio": "", "photo": {"prefix": "https://igx.4sqi.net/img/user/", "suffix": "/blank_boy.png", "default": true}, "homeCity": "Bentley, Australia", "lists": {"groups": [{"items": [], "count": 2, "type": "created"}]}}, {"tips": {"count": 1}, "contact": {}, "firstName": "Patrick", "gender": "male", "lastName": "Thng", "id": "4539695", "bio": "", "photo": {"prefix": "https://igx.4sqi.net/img/user/", "suffix": "/FPT12ILBKNAKHWWY.jpg"}, "homeCity": "Singapore", "lists": {"groups": [{"items": [], "count": 2, "type": "created"}]}}, {"tips": {"count": 0}, "contact": {"facebook": "593837304"}, "firstName": "Kelvin", "gender": "male", "lastName": "Kang", "id": "4686042", "bio": "", "photo": {"prefix": "https://igx.4sqi.net/img/user/", "suffix": "/CM1EOB54WEG2HGEI.jpg"}, "homeCity": "Unnamed Location", "lists": {"groups": [{"items": [], "count": 2, "type": "created"}]}}, {"tips": {"count": 0}, "contact": {}, "firstName": "Liu", "gender": "male", "lastName": "Haowei", "id": "5347848", "bio": "", "photo": {"prefix": "https://igx.4sqi.net/img/user/", "suffix": "/3BNVWE32NJWDJD3O.jpg"}, "homeCity": "Singapore", "lists": {"groups": [{"items": [], "count": 2, "type": "created"}]}}, {"tips": {"count": 0}, "contact": {}, "firstName": "Alan", "gender": "male", "lastName": "Seah", "id": "4139440", "bio": "", "photo": {"prefix": "https://igx.4sqi.net/img/user/", "suffix": "/blank_boy.png", "default": true}, "homeCity": "New York, NY", "lists": {"groups": [{"items": [], "count": 2, "type": "created"}]}}, {"tips": {"count": 0}, "contact": {}, "firstName": "Rita", "gender": "female", "lastName": "Sng", "id": "7008031", "bio": "", "photo": {"prefix": "https://igx.4sqi.net/img/user/", "suffix": "/blank_girl.png", "default": true}, "homeCity": "New York, NY", "lists": {"groups": [{"items": [], "count": 2, "type": "created"}]}}, {"tips": {"count": 0}, "contact": {"twitter": "syednazri10"}, "firstName": "Syed", "gender": "male", "lastName": "Nazri", "id": "4901819", "bio": "", "photo": {"prefix": "https://igx.4sqi.net/img/user/", "suffix": "/ARSPSOBVVWI5SSGA.jpg"}, "homeCity": "Singapore", "lists": {"groups": [{"items": [], "count": 2, "type": "created"}]}}, {"tips": {"count": 0}, "contact": {"facebook": "1184666231"}, "firstName": "Ben", "gender": "male", "lastName": "Teo", "id": "6061325", "bio": "", "photo": {"prefix": "https://igx.4sqi.net/img/user/", "suffix": "/VCDETUZIQOKWRYCG.jpg"}, "homeCity": "Singapore, sg", "lists": {"groups": [{"items": [], "count": 2, "type": "created"}]}}, {"superuser": 2, "tips": {"count": 46}, "contact": {"twitter": "paumaq", "facebook": "10152961862794773"}, "firstName": "Paulina", "gender": "female", "lastName": "Maq", "id": "6331780", "bio": "", "photo": {"prefix": "https://igx.4sqi.net/img/user/", "suffix": "/UYI2AYZ52U5J3ZM0.jpg"}, "homeCity": "M\u00e9xico D.F., Mexico", "lists": {"groups": [{"items": [], "count": 4, "type": "created"}]}}, {"tips": {"count": 1}, "contact": {"twitter": "xpionaj"}, "firstName": "Vasily", "gender": "male", "lastName": "Chuply", "id": "6333582", "bio": "", "photo": {"prefix": "https://igx.4sqi.net/img/user/", "suffix": "/HHV33FII21DY4S0X.jpg"}, "homeCity": "Singapore", "lists": {"groups": [{"items": [], "count": 2, "type": "created"}]}}, {"tips": {"count": 1}, "contact": {}, "firstName": "Tan", "gender": "male", "lastName": "Kian ann", "id": "8532178", "bio": "", "photo": {"prefix": "https://igx.4sqi.net/img/user/", "suffix": "/AS3QKS054T5FOV5P.jpg"}, "homeCity": "NY", "lists": {"groups": [{"items": [], "count": 2, "type": "created"}]}}], "count": 35}, "checksum": "6f8b3e9f3bf3f3fb83612ab46375c2c2973dee11"}, "meta": {"requestId": "5965f0584c1f67703ad01043", "code": 200}}