{"notifications": [{"type": "notificationTray", "item": {"unreadCount": 0}}], "response": {"friends": {"items": [{"tips": {"count": 2}, "contact": {"twitter": "clem_maq", "facebook": "888325654"}, "firstName": "Clementine", "gender": "female", "lastName": "Maquin", "id": "9443948", "bio": "", "photo": {"prefix": "https://igx.4sqi.net/img/user/", "suffix": "/5AZCPVPZH2IR4TXC.jpg"}, "homeCity": "Paris", "lists": {"groups": [{"items": [], "count": 2, "type": "created"}]}}, {"tips": {"count": 13}, "contact": {"twitter": "lesliehaggege", "facebook": "693466900"}, "firstName": "Leslie", "gender": "female", "lastName": "H", "id": "4637114", "bio": "", "photo": {"prefix": "https://igx.4sqi.net/img/user/", "suffix": "/4637114-5OP0QEYPDDI4OVIP.jpg"}, "homeCity": "Paris, France", "lists": {"groups": [{"items": [], "count": 2, "type": "created"}]}}, {"tips": {"count": 16}, "contact": {"twitter": "arthurmonnet", "facebook": "1121778650"}, "firstName": "Arthur", "gender": "male", "lastName": "Monnet", "id": "263504", "bio": "", "photo": {"prefix": "https://igx.4sqi.net/img/user/", "suffix": "/263504-45LYIPDOGGUIUWYQ.jpg"}, "homeCity": "Paris", "lists": {"groups": [{"items": [], "count": 4, "type": "created"}]}}, {"tips": {"count": 8}, "contact": {"twitter": "nicolasdavid", "facebook": "100000296339020"}, "firstName": "Nicolas", "gender": "male", "lastName": "DAVID", "id": "418938", "bio": "Responsable Commercial pour la F\u00e9d\u00e9ration Fran\u00e7aise de Tennis, en charge des op\u00e9rations de Relations-Publiques, pour les tournois de ROLAND GARROS et Bercy.", "photo": {"prefix": "https://igx.4sqi.net/img/user/", "suffix": "/418938-WM1FNXDA5OEA0ZGM.jpg"}, "homeCity": "Paris - Dreux", "lists": {"groups": [{"items": [], "count": 2, "type": "created"}]}}, {"tips": {"count": 5}, "contact": {"twitter": "chuyan09", "facebook": "652886038"}, "firstName": "Isabelle", "gender": "female", "lastName": "LE", "id": "21505451", "bio": "", "photo": {"prefix": "https://igx.4sqi.net/img/user/", "suffix": "/BBPTUBTBIKCNZ3OR.jpg"}, "homeCity": "\u00cele-de-France", "lists": {"groups": [{"items": [], "count": 2, "type": "created"}]}}, {"tips": {"count": 65}, "contact": {"twitter": "thepinkyeah", "facebook": "100002297075841"}, "firstName": "Pinkyeah", "gender": "none", "lastName": "Christophe", "id": "7725040", "bio": "Chasseur de Licornes en agence - Geek socialement int\u00e9gr\u00e9, j'aime caresser des ours, les lolcats, le marketing & la communication (surtout sur le net)", "photo": {"prefix": "https://igx.4sqi.net/img/user/", "suffix": "/7725040-3FGIHYX5EHPZIXMS.jpg"}, "homeCity": "Paris, France", "lists": {"groups": [{"items": [], "count": 4, "type": "created"}]}}, {"tips": {"count": 0}, "contact": {"twitter": "parischeri"}, "firstName": "Louise", "gender": "female", "lastName": "M.", "id": "19892281", "bio": "", "photo": {"prefix": "https://igx.4sqi.net/img/user/", "suffix": "/4RPEOXRR32TJTIW1.jpg"}, "homeCity": "Malakoff, France", "lists": {"groups": [{"items": [], "count": 2, "type": "created"}]}}, {"tips": {"count": 14}, "contact": {"twitter": "kanthos", "facebook": "646641977"}, "firstName": "Anthony \"Kanthos\"", "gender": "male", "id": "249499", "bio": "", "photo": {"prefix": "https://igx.4sqi.net/img/user/", "suffix": "/LTRVWLL3YCLKUXIR.jpg"}, "homeCity": "Paris", "lists": {"groups": [{"items": [], "count": 3, "type": "created"}]}}, {"tips": {"count": 59}, "contact": {"twitter": "klaragora", "facebook": "681889758"}, "firstName": "KlarAgora", "gender": "none", "lastName": "Klara", "id": "9668397", "bio": "Ne me suivez pas, je suis perdue | Fille de l'univers des #medias et de la #conversation, j'oscille entre l'appel du vide et l'horreur du vide", "photo": {"prefix": "https://igx.4sqi.net/img/user/", "suffix": "/MWKWKY0SK0G3V4K1.jpg"}, "homeCity": "Paris", "lists": {"groups": [{"items": [], "count": 2, "type": "created"}]}}, {"tips": {"count": 44}, "contact": {"twitter": "jeytan", "facebook": "509988593"}, "firstName": "Julien", "gender": "male", "lastName": "TAN", "id": "11141603", "bio": "", "photo": {"prefix": "https://igx.4sqi.net/img/user/", "suffix": "/11141603-TT5OWTNB3YQU4EKV.jpg"}, "homeCity": "Neuilly-sur-Seine, France", "lists": {"groups": [{"items": [], "count": 2, "type": "created"}]}}, {"tips": {"count": 0}, "contact": {}, "firstName": "Ali", "gender": "female", "id": "13765440", "bio": "", "photo": {"prefix": "https://igx.4sqi.net/img/user/", "suffix": "/13765440-4KXX3FGXA5KBCVJV"}, "homeCity": "Paris, France", "lists": {"groups": [{"items": [], "count": 16, "type": "created"}]}}, {"superuser": 1, "tips": {"count": 25}, "contact": {"twitter": "mathieuflex", "facebook": "1033985600"}, "firstName": "Mathieu", "gender": "male", "lastName": "Publigeekaire", "id": "199823", "bio": "", "photo": {"prefix": "https://igx.4sqi.net/img/user/", "suffix": "/199823-OFZW1CZ0WJTV0R5Q.jpg"}, "homeCity": "Paris", "lists": {"groups": [{"items": [], "count": 3, "type": "created"}]}}, {"tips": {"count": 4}, "contact": {"twitter": "osmany", "facebook": "655703664"}, "firstName": "Osmany", "gender": "male", "lastName": "Tavares", "id": "5938632", "bio": "", "photo": {"prefix": "https://igx.4sqi.net/img/user/", "suffix": "/V1DQ4DQZJJVMNDJD.jpg"}, "homeCity": "Boulogne-Billancourt, France", "lists": {"groups": [{"items": [], "count": 2, "type": "created"}]}}, {"tips": {"count": 12}, "contact": {"twitter": "thibaut_octave", "facebook": "807701305"}, "firstName": "Thibaut", "gender": "male", "lastName": "Octave", "id": "403275", "bio": "Sleep the sleep of the wicked", "photo": {"prefix": "https://igx.4sqi.net/img/user/", "suffix": "/403275-EGF2ZLCHX3YBPIQX.jpg"}, "homeCity": "Paris, Ile-de-France", "lists": {"groups": [{"items": [], "count": 3, "type": "created"}]}}, {"tips": {"count": 0}, "contact": {"twitter": "antoinebmb", "facebook": "1144621164"}, "firstName": "Antoine", "gender": "male", "lastName": "BMB", "id": "1044390", "bio": "www.burnmebaby.fr", "photo": {"prefix": "https://igx.4sqi.net/img/user/", "suffix": "/1044390-GKXTW1FNW52VE4VE.jpg"}, "homeCity": "Paris", "lists": {"groups": [{"items": [], "count": 3, "type": "created"}]}}, {"tips": {"count": 7}, "contact": {"twitter": "soraya_paris", "facebook": "761655005"}, "firstName": "Soraya", "gender": "female", "lastName": "Khireddine", "id": "959584", "bio": "", "photo": {"prefix": "https://igx.4sqi.net/img/user/", "suffix": "/959584_YE22tpuu_OfQTbe4-W17OVyxMw9DGlgNC3AmHO69fblMqcFX-Og9IqQ_axXjtdiWirNdX6A23.jpg"}, "homeCity": "Gentilly, Ile-de-France", "lists": {"groups": [{"items": [], "count": 2, "type": "created"}]}}, {"superuser": 2, "tips": {"count": 3}, "contact": {"twitter": "zapp", "facebook": "10153371677981681"}, "firstName": "Olivier", "gender": "male", "lastName": "Sedille", "id": "217357", "bio": "", "photo": {"prefix": "https://igx.4sqi.net/img/user/", "suffix": "/24PYCBLXYMRM4POJ.jpg"}, "homeCity": "Paris, Ile-de-France", "lists": {"groups": [{"items": [], "count": 2, "type": "created"}]}}, {"tips": {"count": 2}, "contact": {}, "firstName": "Mat", "gender": "male", "id": "907059", "bio": "", "photo": {"prefix": "https://igx.4sqi.net/img/user/", "suffix": "/907059-QTE5XMHTMCBPL50S.jpg"}, "homeCity": "Paris, France", "lists": {"groups": [{"items": [], "count": 2, "type": "created"}]}}, {"tips": {"count": 3}, "contact": {"twitter": "bixente", "facebook": "10153526357531973"}, "firstName": "Bixente", "gender": "male", "lastName": "Barnetche", "id": "572064", "bio": "", "photo": {"prefix": "https://igx.4sqi.net/img/user/", "suffix": "/TCTRBX34R1GQHWKG.jpg"}, "homeCity": "Paris, France", "lists": {"groups": [{"items": [], "count": 5, "type": "created"}]}}, {"tips": {"count": 3}, "contact": {"twitter": "audreydepommier", "facebook": "10206269985618782"}, "firstName": "Audrey", "gender": "female", "lastName": "DEPOMMIER", "id": "9470368", "bio": "@audreydepommier CM @ddbparis", "photo": {"prefix": "https://igx.4sqi.net/img/user/", "suffix": "/CWRGHHMUDVSOAHNA.jpg"}, "homeCity": "Paris, France", "lists": {"groups": [{"items": [], "count": 2, "type": "created"}]}}, {"tips": {"count": 21}, "contact": {"twitter": "clementfalchier", "facebook": "552207050"}, "firstName": "Clement", "gender": "male", "lastName": "Falchier", "id": "10320414", "bio": "Fais semblant de bosser dans le web chez Clint Agency", "photo": {"prefix": "https://igx.4sqi.net/img/user/", "suffix": "/10320414-QIDEX2XUVKFEBXHF"}, "homeCity": "Paris", "lists": {"groups": [{"items": [], "count": 2, "type": "created"}]}}, {"tips": {"count": 6}, "contact": {"facebook": "533102483"}, "firstName": "Cl\u00e9ment", "gender": "male", "lastName": "Roc", "id": "19174608", "bio": "", "photo": {"prefix": "https://igx.4sqi.net/img/user/", "suffix": "/19174608-KIM4T2UDAFSQWUMC.jpg"}, "homeCity": "Levallois-Perret, France", "lists": {"groups": [{"items": [], "count": 2, "type": "created"}]}}, {"tips": {"count": 1}, "contact": {}, "firstName": "Thomas", "gender": "male", "lastName": "PASQUET", "id": "11177248", "bio": "http://wwww.soundcloud.com/fakko", "photo": {"prefix": "https://igx.4sqi.net/img/user/", "suffix": "/11177248-EJSSGZSF30WSH4BG.jpg"}, "homeCity": "Paris, France", "lists": {"groups": [{"items": [], "count": 3, "type": "created"}]}}, {"tips": {"count": 1}, "contact": {"twitter": "lilypthx", "facebook": "100002436309830"}, "firstName": "Lily", "gender": "female", "lastName": "Ponthieux", "id": "15778356", "bio": "Responsable de la communication @RAPP_France", "photo": {"prefix": "https://igx.4sqi.net/img/user/", "suffix": "/KXIMX1FYIDKWRZHE.jpg"}, "homeCity": "Paris, France", "lists": {"groups": [{"items": [], "count": 2, "type": "created"}]}}, {"superuser": 4, "tips": {"count": 62}, "contact": {"twitter": "isabellespanu", "facebook": "1417390646"}, "firstName": "Isabelle", "gender": "female", "lastName": "Spanu", "id": "13268767", "bio": "#SocialReporter passionn\u00e9e et Blogueuse lifestyle #av\u00e9laccent sur monparisjoli.com", "photo": {"prefix": "https://igx.4sqi.net/img/user/", "suffix": "/C5420HKPVXNXXKSP.jpg"}, "homeCity": "Paris, France", "lists": {"groups": [{"items": [], "count": 52, "type": "created"}]}}, {"tips": {"count": 0}, "contact": {"twitter": "maximesd", "facebook": "10152665861560889"}, "firstName": "Maxime", "gender": "male", "lastName": "Dickson", "id": "1899802", "bio": "", "photo": {"prefix": "https://igx.4sqi.net/img/user/", "suffix": "/1899802-GI3XN2ZCC4AUSAYR.jpg"}, "homeCity": "France", "lists": {"groups": [{"items": [], "count": 3, "type": "created"}]}}, {"tips": {"count": 9}, "contact": {"facebook": "100001423967039"}, "firstName": "Le Consolant", "gender": "male", "id": "1156100", "bio": "www.LeConsolant.tumblr.com", "photo": {"prefix": "https://igx.4sqi.net/img/user/", "suffix": "/1156100-0WR1P1UCR1KYRBT0.jpg"}, "homeCity": "", "lists": {"groups": [{"items": [], "count": 3, "type": "created"}]}}, {"tips": {"count": 0}, "contact": {"twitter": "romaincolin"}, "firstName": "Romain", "gender": "male", "lastName": "Colin", "id": "220209", "bio": "Founder of Fubiz", "photo": {"prefix": "https://igx.4sqi.net/img/user/", "suffix": "/220209-ZBRYDWWWZ2HY4NBE.jpg"}, "homeCity": "Paris", "lists": {"groups": [{"items": [], "count": 2, "type": "created"}]}}, {"tips": {"count": 13}, "contact": {"twitter": "gouvn", "facebook": "10155692673950403"}, "firstName": "Gouvn", "gender": "male", "id": "12522924", "bio": "@Gouvn", "photo": {"prefix": "https://igx.4sqi.net/img/user/", "suffix": "/12522924-AXIJFOBL3ECWAUDZ.jpg"}, "homeCity": "Loin. ", "lists": {"groups": [{"items": [], "count": 4, "type": "created"}]}}, {"tips": {"count": 2}, "contact": {"facebook": "706413034"}, "firstName": "Jessica", "gender": "female", "lastName": "T", "id": "21097675", "bio": "", "photo": {"prefix": "https://igx.4sqi.net/img/user/", "suffix": "/NOIPUFEHVXJFHGDD.jpg"}, "homeCity": "\u00cele-de-France", "lists": {"groups": [{"items": [], "count": 4, "type": "created"}]}}, {"tips": {"count": 3}, "contact": {}, "firstName": "Audrey", "gender": "female", "lastName": "Absil", "id": "2328636", "bio": "", "photo": {"prefix": "https://igx.4sqi.net/img/user/", "suffix": "/KHZH4VRH4T1NSYHT.jpg"}, "homeCity": "Paris, France", "lists": {"groups": [{"items": [], "count": 2, "type": "created"}]}}], "count": 131}, "checksum": "922d7b8585c684efb82f64c1a7f7322416cf3002"}, "meta": {"requestId": "59661918351e3d64b0f88338", "code": 200}}