{"notifications": [{"type": "notificationTray", "item": {"unreadCount": 0}}], "response": {"friends": {"items": [{"tips": {"count": 1}, "contact": {}, "firstName": "Andrew", "gender": "male", "lastName": "Chau", "id": "1307358", "bio": "", "photo": {"prefix": "https://igx.4sqi.net/img/user/", "suffix": "/K4LMTVUN31550YQG.jpg"}, "homeCity": "Jakarta Capital Region, Jakarta Capital Regi", "lists": {"groups": [{"items": [], "count": 2, "type": "created"}]}}, {"tips": {"count": 0}, "contact": {"facebook": "1221014274"}, "firstName": "Stephenson", "gender": "male", "lastName": "Christopheel", "id": "16281489", "bio": "", "photo": {"prefix": "https://igx.4sqi.net/img/user/", "suffix": "/YLHRZKTIUYHFXSIK.jpg"}, "homeCity": "Denpasar, Indonesia", "lists": {"groups": [{"items": [], "count": 4, "type": "created"}]}}, {"tips": {"count": 2}, "contact": {"twitter": "ellin_yap", "facebook": "10202943274903173"}, "firstName": "Ellin", "gender": "female", "lastName": "Yap", "id": "6935075", "bio": "", "photo": {"prefix": "https://igx.4sqi.net/img/user/", "suffix": "/6935075-2ML3ONOU2WBLEE4S.jpg"}, "homeCity": "Medan, Indonesia", "lists": {"groups": [{"items": [], "count": 2, "type": "created"}]}}, {"tips": {"count": 44}, "contact": {"twitter": "devie_chen", "facebook": "1591410914420536"}, "firstName": "Devie_Chen", "gender": "female", "id": "5147079", "bio": "", "photo": {"prefix": "https://igx.4sqi.net/img/user/", "suffix": "/5147079-XGNCTPU2FKE3EWUI.jpg"}, "homeCity": "Medan, Indonesia", "lists": {"groups": [{"items": [], "count": 2, "type": "created"}]}}, {"tips": {"count": 0}, "contact": {"twitter": "yin_lawtama", "facebook": "100000278375756"}, "firstName": "Ayinlawtama", "gender": "female", "lastName": "Lawtama", "id": "28349354", "bio": "", "photo": {"prefix": "https://igx.4sqi.net/img/user/", "suffix": "/JWARGTPLXLIVC1KL.jpg"}, "homeCity": "Sumatera Utara", "lists": {"groups": [{"items": [], "count": 2, "type": "created"}]}}, {"tips": {"count": 2}, "contact": {"facebook": "1155635964"}, "firstName": "Bang", "gender": "none", "lastName": "Pei", "id": "1249181", "bio": "", "photo": {"prefix": "https://igx.4sqi.net/img/user/", "suffix": "/AMFESM5BRXWOXYMJ.jpg"}, "homeCity": "Cipete - Utara, Jakarta", "lists": {"groups": [{"items": [], "count": 2, "type": "created"}]}}, {"tips": {"count": 0}, "contact": {"twitter": "ellyana_lay", "facebook": "544925319"}, "firstName": "Ellyana", "gender": "female", "lastName": "Lay", "id": "12062722", "bio": "", "photo": {"prefix": "https://igx.4sqi.net/img/user/", "suffix": "/12062722-JS11GZWZ04G1VG5B.jpg"}, "homeCity": "Surabaya, Indonesia", "lists": {"groups": [{"items": [], "count": 2, "type": "created"}]}}, {"tips": {"count": 0}, "contact": {"twitter": "suii16"}, "firstName": "AnNa", "gender": "female", "lastName": "Suii", "id": "4566093", "bio": "", "photo": {"prefix": "https://igx.4sqi.net/img/user/", "suffix": "/VUUTSQXFKENMZK54.jpg"}, "homeCity": "\u0e08\u0e15\u0e38\u0e08\u0e31\u0e01\u0e23, \u0e1b\u0e23\u0e30\u0e40\u0e17\u0e28\u0e44\u0e17\u0e22", "lists": {"groups": [{"items": [], "count": 2, "type": "created"}]}}, {"tips": {"count": 0}, "contact": {"twitter": "shella_mc", "facebook": "100004044001462"}, "firstName": "Shella", "gender": "female", "lastName": "Monica", "id": "70111356", "bio": "", "photo": {"prefix": "https://igx.4sqi.net/img/user/", "suffix": "/ZISKVBB32R5I3S3Z.jpg"}, "homeCity": "Medan, 26", "lists": {"groups": [{"items": [], "count": 2, "type": "created"}]}}, {"tips": {"count": 9}, "contact": {"twitter": "silviapramithaw", "facebook": "1394961958"}, "firstName": "Silvia Pramitha Winata", "gender": "female", "id": "11005684", "bio": "Cinnamorrol \u2765\r\nIG, Twitter, Line, Whatsapp, KakaoTalk, WeChat, Path : @silviapramithaw \u2763", "photo": {"prefix": "https://igx.4sqi.net/img/user/", "suffix": "/11005684-SKE4TUMNA0NO4HUB.jpg"}, "homeCity": "Medan, Indonesia", "lists": {"groups": [{"items": [], "count": 4, "type": "created"}]}}, {"tips": {"count": 4}, "contact": {"twitter": "carlozarmino", "facebook": "1207345534"}, "firstName": "Charles", "gender": "male", "lastName": "Armin", "id": "5712933", "bio": "", "photo": {"prefix": "https://igx.4sqi.net/img/user/", "suffix": "/2P040TWB0J5SAZD3.jpg"}, "homeCity": "Medan, Indonesia", "lists": {"groups": [{"items": [], "count": 2, "type": "created"}]}}, {"tips": {"count": 13}, "contact": {"twitter": "tomychen", "facebook": "1168454750"}, "firstName": "Tomy", "gender": "male", "lastName": "Tanzil", "id": "1850075", "bio": "", "photo": {"prefix": "https://igx.4sqi.net/img/user/", "suffix": "/ZTFEXUWFMJKD50TI.jpg"}, "homeCity": "Medan, North Sumatra", "lists": {"groups": [{"items": [], "count": 2, "type": "created"}]}}, {"tips": {"count": 0}, "contact": {"facebook": "646559007"}, "firstName": "Debbie", "gender": "female", "lastName": "Chiu", "id": "4022873", "bio": "", "photo": {"prefix": "https://igx.4sqi.net/img/user/", "suffix": "/JU42NSEJEPAAJDQ4.jpg"}, "homeCity": "Medan, Indonesia", "lists": {"groups": [{"items": [], "count": 2, "type": "created"}]}}, {"tips": {"count": 7}, "contact": {"twitter": "mayang_balkis", "facebook": "100000456135524"}, "firstName": "mayang balkis", "gender": "female", "lastName": "febrianty", "id": "2372901", "bio": "", "photo": {"prefix": "https://igx.4sqi.net/img/user/", "suffix": "/XDX210FO3BE1T4XZ.jpg"}, "homeCity": "Jakarta, Indonesia", "lists": {"groups": [{"items": [], "count": 3, "type": "created"}]}}, {"tips": {"count": 0}, "contact": {"twitter": "paula_tan", "facebook": "740225780"}, "firstName": "Paula", "gender": "female", "lastName": "Tan", "id": "3450467", "bio": "", "photo": {"prefix": "https://igx.4sqi.net/img/user/", "suffix": "/3REDKQ0ILPWKS1H1.jpg"}, "homeCity": "Medan, Indonesia", "lists": {"groups": [{"items": [], "count": 2, "type": "created"}]}}, {"tips": {"count": 3}, "contact": {"twitter": "dudelung", "facebook": "630734201"}, "firstName": "Jerry", "gender": "male", "lastName": "Lung", "id": "990805", "bio": "", "photo": {"prefix": "https://igx.4sqi.net/img/user/", "suffix": "/XCP1EPGRL1UQYFKZ.jpg"}, "homeCity": "MEDAN", "lists": {"groups": [{"items": [], "count": 2, "type": "created"}]}}, {"tips": {"count": 0}, "contact": {"twitter": "thec0rina"}, "firstName": "jenny", "gender": "female", "lastName": "corina", "id": "1781005", "bio": "", "photo": {"prefix": "https://igx.4sqi.net/img/user/", "suffix": "/5TPXOCZO3RJ5YY45.jpg"}, "homeCity": "Medan, North Sumatra", "lists": {"groups": [{"items": [], "count": 2, "type": "created"}]}}, {"tips": {"count": 21}, "contact": {"twitter": "adhi_f"}, "firstName": "adhi_f", "gender": "male", "id": "1055507", "bio": "", "photo": {"prefix": "https://igx.4sqi.net/img/user/", "suffix": "/LVO0S03EFUG5OM5G.jpg"}, "homeCity": "Medan, Indonesia", "lists": {"groups": [{"items": [], "count": 2, "type": "created"}]}}, {"tips": {"count": 0}, "contact": {}, "firstName": "ratna", "gender": "female", "lastName": "wulan", "id": "4411476", "bio": "", "photo": {"prefix": "https://igx.4sqi.net/img/user/", "suffix": "/XYS1EWTS0HLDS3SF.jpg"}, "homeCity": "Ciputat, Indonesia", "lists": {"groups": [{"items": [], "count": 2, "type": "created"}]}}, {"tips": {"count": 4}, "contact": {}, "firstName": "eva", "gender": "female", "id": "1293595", "bio": "", "photo": {"prefix": "https://igx.4sqi.net/img/user/", "suffix": "/1293595-STA53YBVBTT1QTIJ.jpg"}, "homeCity": "\u5e7f\u5dde\u5e02", "lists": {"groups": [{"items": [], "count": 2, "type": "created"}]}}, {"tips": {"count": 80}, "contact": {"twitter": "gilchan66", "facebook": "556357376"}, "firstName": "Gilda", "gender": "female", "lastName": "Chandra", "id": "2589562", "bio": "", "photo": {"prefix": "https://igx.4sqi.net/img/user/", "suffix": "/2589562-DV5TFGDEZFADFOMT.jpg"}, "homeCity": "Medan, Indonesia", "lists": {"groups": [{"items": [], "count": 9, "type": "created"}]}}, {"tips": {"count": 5}, "contact": {"twitter": "lidya_prisilya", "facebook": "100002280915958"}, "firstName": "Lidya", "gender": "female", "lastName": "Tampi", "id": "15569482", "bio": "", "photo": {"prefix": "https://igx.4sqi.net/img/user/", "suffix": "/EERFXDUDFTM2LTRG.jpg"}, "homeCity": "Makassar", "lists": {"groups": [{"items": [], "count": 2, "type": "created"}]}}, {"tips": {"count": 0}, "contact": {}, "firstName": "JANICE", "gender": "female", "lastName": "HOU", "id": "29435776", "bio": "", "photo": {"prefix": "https://igx.4sqi.net/img/user/", "suffix": "/S3S0YBW5W4PSZIK0.jpg"}, "homeCity": "medan", "lists": {"groups": [{"items": [], "count": 2, "type": "created"}]}}, {"tips": {"count": 0}, "contact": {"facebook": "1780775156"}, "firstName": "Lichell", "gender": "female", "lastName": "Wu", "id": "75828843", "bio": "", "photo": {"prefix": "https://igx.4sqi.net/img/user/", "suffix": "/75828843-VLDZR5CZNUEQQK0Q.jpg"}, "homeCity": "Medan, North Sumatra", "lists": {"groups": [{"items": [], "count": 2, "type": "created"}]}}, {"tips": {"count": 0}, "contact": {"facebook": "100001324411525"}, "firstName": "Suwarman", "gender": "male", "lastName": "Tandana", "id": "52827966", "bio": "", "photo": {"prefix": "https://igx.4sqi.net/img/user/", "suffix": "/BS1M1ETRZOEEI0IA.jpg"}, "homeCity": "", "lists": {"groups": [{"items": [], "count": 2, "type": "created"}]}}, {"tips": {"count": 0}, "contact": {}, "firstName": "MerryLee", "gender": "female", "lastName": "\u674e\u51ac\u87a2", "id": "6938719", "bio": "Facebook : Bbcute Lee\r\nLine & WeChat & Instagram & Skype & Twitter : Merry_ldy", "photo": {"prefix": "https://igx.4sqi.net/img/user/", "suffix": "/6938719-ZVMLGIQ05LOHRXZ1.jpg"}, "homeCity": "\u5e7f\u4e1c\uff0d\u5e7f\u5dde\uff08\u4e2d\u56fd\uff09", "lists": {"groups": [{"items": [], "count": 2, "type": "created"}]}}, {"tips": {"count": 1}, "contact": {"twitter": "billlyng"}, "firstName": "Billy", "gender": "male", "lastName": "Ng", "id": "6724885", "bio": "", "photo": {"prefix": "https://igx.4sqi.net/img/user/", "suffix": "/WA5WLFUYKKKITQLW.jpg"}, "homeCity": "Indonesia", "lists": {"groups": [{"items": [], "count": 2, "type": "created"}]}}, {"tips": {"count": 53}, "contact": {"twitter": "margo_basket", "facebook": "1434301005"}, "firstName": "Anton", "gender": "male", "lastName": "Lois Fikal", "id": "28632861", "bio": "Go Adventure Tour & Travel \r\nSt. Makmur 88 Nn, Cemara Asri-Residence\r\nOffice ; +6261-6645899\r\ntour.goadventure@yahoo.com\r\nwww.goadventure.co.id", "photo": {"prefix": "https://igx.4sqi.net/img/user/", "suffix": "/28632861-JV2WJCG3RHBLUHMK.jpg"}, "homeCity": "North Sumatra", "lists": {"groups": [{"items": [], "count": 7, "type": "created"}]}}, {"tips": {"count": 3}, "contact": {"twitter": "nestelia", "facebook": "100000915973746"}, "firstName": "Nestelia", "gender": "female", "lastName": "Liawis", "id": "10602345", "bio": "", "photo": {"prefix": "https://igx.4sqi.net/img/user/", "suffix": "/U4DDRFBAS3BSDT4T.jpg"}, "homeCity": "Jakarta, indonesia", "lists": {"groups": [{"items": [], "count": 2, "type": "created"}]}}, {"tips": {"count": 0}, "contact": {"twitter": "d_poohgirl", "facebook": "1413562972"}, "firstName": "Yin", "gender": "female", "lastName": "yin", "id": "12071214", "bio": "", "photo": {"prefix": "https://igx.4sqi.net/img/user/", "suffix": "/12071214-ETEA1XJ1Q2US2B5L.jpg"}, "homeCity": "Medan, Indonesia", "lists": {"groups": [{"items": [], "count": 2, "type": "created"}]}}, {"tips": {"count": 1}, "contact": {"facebook": "703342811"}, "firstName": "Philip", "gender": "male", "lastName": "Chandra", "id": "5271271", "bio": "", "photo": {"prefix": "https://igx.4sqi.net/img/user/", "suffix": "/Y052HKGLUR5HUCIE.jpg"}, "homeCity": "Medan, North Sumatra", "lists": {"groups": [{"items": [], "count": 2, "type": "created"}]}}, {"tips": {"count": 0}, "contact": {}, "firstName": "Irma", "gender": "female", "lastName": "Oviani", "id": "13821459", "bio": "", "photo": {"prefix": "https://igx.4sqi.net/img/user/", "suffix": "/SGZO2PMNQSKCNC4S.jpg"}, "homeCity": "Depok, Indonesia", "lists": {"groups": [{"items": [], "count": 2, "type": "created"}]}}, {"tips": {"count": 0}, "contact": {}, "firstName": "Morina", "gender": "female", "lastName": "Lee", "id": "5718087", "bio": "", "photo": {"prefix": "https://igx.4sqi.net/img/user/", "suffix": "/5718087-1PKVPYFHP2QPL1LO.jpg"}, "homeCity": "Medan, Indonesia", "lists": {"groups": [{"items": [], "count": 2, "type": "created"}]}}, {"tips": {"count": 1}, "contact": {"twitter": "eugeniatan"}, "firstName": "Eugenia", "gender": "female", "lastName": "Tan", "id": "2831178", "bio": "", "photo": {"prefix": "https://igx.4sqi.net/img/user/", "suffix": "/W0M3M2WGXRDFJFUO.jpg"}, "homeCity": "Medan, Indonesia", "lists": {"groups": [{"items": [], "count": 2, "type": "created"}]}}, {"tips": {"count": 0}, "contact": {"facebook": "1771777079"}, "firstName": "Amelia", "gender": "none", "lastName": "Syahfitri", "id": "47299110", "bio": "", "photo": {"prefix": "https://igx.4sqi.net/img/user/", "suffix": "/47299110-OZC0VITZOSJ23VFZ.jpg"}, "homeCity": "New York, NY", "lists": {"groups": [{"items": [], "count": 2, "type": "created"}]}}, {"tips": {"count": 1}, "contact": {"twitter": "chatrineow", "facebook": "100002275190144"}, "firstName": "chatrine", "gender": "female", "lastName": "ow", "id": "3876686", "bio": "", "photo": {"prefix": "https://igx.4sqi.net/img/user/", "suffix": "/3876686-FZ4IO5541G3LYCQJ.jpg"}, "homeCity": "Jakarta, Indonesia", "lists": {"groups": [{"items": [], "count": 2, "type": "created"}]}}, {"tips": {"count": 25}, "contact": {}, "firstName": "IHWS\u2655", "gender": "female", "id": "3473583", "bio": "", "photo": {"prefix": "https://igx.4sqi.net/img/user/", "suffix": "/3473583-VPJ4GRMVMG3QVCRV.jpg"}, "homeCity": "Singapore", "lists": {"groups": [{"items": [], "count": 2, "type": "created"}]}}, {"tips": {"count": 0}, "contact": {"twitter": "coryvalenia"}, "firstName": "Cory", "gender": "female", "lastName": "Valenia", "id": "3782757", "bio": ":)", "photo": {"prefix": "https://igx.4sqi.net/img/user/", "suffix": "/VWPMP1ROCRDO2L2D.jpg"}, "homeCity": "Medan, Indonesia", "lists": {"groups": [{"items": [], "count": 2, "type": "created"}]}}, {"tips": {"count": 0}, "contact": {}, "firstName": "Fera", "gender": "female", "lastName": "Herlina", "id": "10510430", "bio": "", "photo": {"prefix": "https://igx.4sqi.net/img/user/", "suffix": "/OZOHZT1LVIGQEEYV.jpg"}, "homeCity": "Guang Zhou, China", "lists": {"groups": [{"items": [], "count": 2, "type": "created"}]}}, {"tips": {"count": 2}, "contact": {"twitter": "paulinetan7", "facebook": "1454674394"}, "firstName": "pauline", "gender": "female", "lastName": "tan", "id": "1892064", "bio": "", "photo": {"prefix": "https://igx.4sqi.net/img/user/", "suffix": "/TISWIYID2IS00NDA.jpg"}, "homeCity": "Medan, North Sumatra", "lists": {"groups": [{"items": [], "count": 2, "type": "created"}]}}, {"tips": {"count": 0}, "contact": {"twitter": "fillisya"}, "firstName": "Fillisya", "gender": "female", "lastName": "Chiunardy", "id": "1392686", "bio": "", "photo": {"prefix": "https://igx.4sqi.net/img/user/", "suffix": "/WMKZVWF2S14AJAAR.jpg"}, "homeCity": "Medan, Sumatera Utara", "lists": {"groups": [{"items": [], "count": 2, "type": "created"}]}}, {"tips": {"count": 0}, "contact": {"twitter": "willysgauw", "facebook": "10206047860988872"}, "firstName": "Willys", "gender": "male", "lastName": "Gauw", "id": "2664837", "bio": "", "photo": {"prefix": "https://igx.4sqi.net/img/user/", "suffix": "/AZ22SWY2UDDTK30E.jpg"}, "homeCity": "Medan, Indonesia", "lists": {"groups": [{"items": [], "count": 2, "type": "created"}]}}, {"tips": {"count": 0}, "contact": {"twitter": "christinechenn"}, "firstName": "Christine", "gender": "female", "id": "32138465", "bio": "", "photo": {"prefix": "https://igx.4sqi.net/img/user/", "suffix": "/32138465-PMFCIAO3QX4CT0TV.jpg"}, "homeCity": "Sumatera Utara", "lists": {"groups": [{"items": [], "count": 2, "type": "created"}]}}, {"tips": {"count": 0}, "contact": {"facebook": "100000280829506"}, "firstName": "Powerofnumbers", "gender": "male", "lastName": "Medan", "id": "52830644", "bio": "", "photo": {"prefix": "https://igx.4sqi.net/img/user/", "suffix": "/GAKCSSG5P4E3KVI1.jpg"}, "homeCity": "Jakarta, 04", "lists": {"groups": [{"items": [], "count": 2, "type": "created"}]}}, {"tips": {"count": 0}, "contact": {"twitter": "babyymonicaa", "facebook": "100002840080773"}, "firstName": "Baby", "gender": "female", "lastName": "Monica", "id": "10318552", "bio": "", "photo": {"prefix": "https://igx.4sqi.net/img/user/", "suffix": "/10318552-F3KZY0JY0KVTI2GO.jpg"}, "homeCity": "Medan, Indonesia", "lists": {"groups": [{"items": [], "count": 2, "type": "created"}]}}, {"tips": {"count": 2}, "contact": {"twitter": "efendyveronica", "facebook": "1817070664"}, "firstName": "veronica", "gender": "female", "lastName": "lianto", "id": "8877222", "bio": "", "photo": {"prefix": "https://igx.4sqi.net/img/user/", "suffix": "/8877222-E1DB3X5DOBTZJXS1.jpg"}, "homeCity": "Medan, Indonesia", "lists": {"groups": [{"items": [], "count": 2, "type": "created"}]}}, {"tips": {"count": 0}, "contact": {}, "firstName": "Alex chai", "gender": "male", "id": "36098067", "bio": "", "photo": {"prefix": "https://igx.4sqi.net/img/user/", "suffix": "/36098067-5SMLMGQW3XPTOAWL.jpg"}, "homeCity": "J town", "lists": {"groups": [{"items": [], "count": 2, "type": "created"}]}}, {"tips": {"count": 0}, "contact": {"facebook": "100002616536724"}, "firstName": "Angeline", "gender": "female", "lastName": "\u6c88 JejeL", "id": "12239824", "bio": "", "photo": {"prefix": "https://igx.4sqi.net/img/user/", "suffix": "/01FSOMCB5ANJ3N0Q.jpg"}, "homeCity": "Medan, Indonesia", "lists": {"groups": [{"items": [], "count": 2, "type": "created"}]}}, {"tips": {"count": 1}, "contact": {"twitter": "viaasim", "facebook": "100000008936339"}, "firstName": "Novia", "gender": "female", "lastName": "Sim", "id": "12149332", "bio": "Laugh often. Smile much. Love always\ud83d\udc9c", "photo": {"prefix": "https://igx.4sqi.net/img/user/", "suffix": "/12149332-BIDD2Y42OVHGOH2H.jpg"}, "homeCity": "Medan,Indonesia", "lists": {"groups": [{"items": [], "count": 2, "type": "created"}]}}, {"tips": {"count": 0}, "contact": {}, "firstName": "decy", "gender": "female", "lastName": "keyzia", "id": "11448722", "bio": "", "photo": {"prefix": "https://igx.4sqi.net/img/user/", "suffix": "/P4XDNNQ0CM50YZIP.jpg"}, "homeCity": "Indonesia", "lists": {"groups": [{"items": [], "count": 2, "type": "created"}]}}, {"tips": {"count": 0}, "contact": {"twitter": "phei_tan", "facebook": "678164570"}, "firstName": "Phei", "gender": "female", "lastName": "Tan", "id": "5757766", "bio": "", "photo": {"prefix": "https://igx.4sqi.net/img/user/", "suffix": "/5757766-ILN4W5DGSEZYCWU3.jpg"}, "homeCity": "Indonesia", "lists": {"groups": [{"items": [], "count": 2, "type": "created"}]}}, {"tips": {"count": 3}, "contact": {"twitter": "gie_richie", "facebook": "100000151419296"}, "firstName": "Sisca Richie", "gender": "female", "id": "4976218", "bio": "instagram; gierichie89", "photo": {"prefix": "https://igx.4sqi.net/img/user/", "suffix": "/4976218-QV2QJODUVAHT5LOW.jpg"}, "homeCity": "Jakarta, Indonesia", "lists": {"groups": [{"items": [], "count": 2, "type": "created"}]}}, {"tips": {"count": 0}, "contact": {"twitter": "cdyb6", "facebook": "100000526994214"}, "firstName": "Chynthia", "gender": "female", "lastName": "Devi", "id": "7385313", "bio": "\ud83d\udc91", "photo": {"prefix": "https://igx.4sqi.net/img/user/", "suffix": "/7385313-PRWHIPXPKA4V1GWN.jpg"}, "homeCity": "Sumatera Utara, Indonesia", "lists": {"groups": [{"items": [], "count": 2, "type": "created"}]}}, {"tips": {"count": 0}, "contact": {"facebook": "1456473064"}, "firstName": "LynD", "gender": "female", "id": "15153094", "bio": "", "photo": {"prefix": "https://igx.4sqi.net/img/user/", "suffix": "/AZPFXLT2WJHFNKB2.jpg"}, "homeCity": "Jakarta, Indonesia", "lists": {"groups": [{"items": [], "count": 2, "type": "created"}]}}, {"tips": {"count": 12}, "contact": {}, "firstName": "Hanna", "gender": "female", "lastName": "Deseasari", "id": "3798253", "bio": "", "photo": {"prefix": "https://igx.4sqi.net/img/user/", "suffix": "/KNGOCUD3JXKEYL3R.jpg"}, "homeCity": "Bengkulu, Indonesia", "lists": {"groups": [{"items": [], "count": 2, "type": "created"}]}}, {"tips": {"count": 2}, "contact": {}, "firstName": "\u8d56", "gender": "female", "lastName": "\u4f18\u5a23", "id": "13900356", "bio": "Where there is great LOVE, there are great MIRACLES", "photo": {"prefix": "https://igx.4sqi.net/img/user/", "suffix": "/13900356-Y1MM0BTOWKZ2B45K.jpg"}, "homeCity": "", "lists": {"groups": [{"items": [], "count": 2, "type": "created"}]}}, {"tips": {"count": 0}, "contact": {}, "firstName": "Sydni", "gender": "female", "lastName": "Mcelyea", "id": "81686499", "bio": "", "photo": {"prefix": "https://igx.4sqi.net/img/user/", "suffix": "/81686499-GTWX20JWBFVT2FGX.jpg"}, "homeCity": "", "lists": {"groups": [{"items": [], "count": 2, "type": "created"}]}}, {"tips": {"count": 23}, "contact": {}, "firstName": "si_ct", "gender": "female", "id": "1410922", "bio": "", "photo": {"prefix": "https://igx.4sqi.net/img/user/", "suffix": "/NOMDKSTK21TL4NN3.jpg"}, "homeCity": "Medan, North Sumatra", "lists": {"groups": [{"items": [], "count": 2, "type": "created"}]}}, {"tips": {"count": 2}, "contact": {"facebook": "1368434470"}, "firstName": "Raisa", "gender": "female", "lastName": "Amanda", "id": "2670364", "bio": "lover of Jonathan G Evans.", "photo": {"prefix": "https://igx.4sqi.net/img/user/", "suffix": "/L1PKLG5QO3WSMFAN.jpg"}, "homeCity": "Jakarta, Indonesia", "lists": {"groups": [{"items": [], "count": 2, "type": "created"}]}}, {"tips": {"count": 0}, "contact": {"twitter": "verayanik"}, "firstName": "Verayani", "gender": "female", "lastName": "K", "id": "32540240", "bio": "", "photo": {"prefix": "https://igx.4sqi.net/img/user/", "suffix": "/32540240-IVKJTQW2EIRYQFMG.jpg"}, "homeCity": "MEDAN , IND", "lists": {"groups": [{"items": [], "count": 2, "type": "created"}]}}, {"tips": {"count": 1}, "contact": {"twitter": "angelkusumaa"}, "firstName": "Angel", "gender": "female", "lastName": "San", "id": "12382047", "bio": "", "photo": {"prefix": "https://igx.4sqi.net/img/user/", "suffix": "/4VHMRY4YY4ZGL0HY.jpg"}, "homeCity": "Binjai, Indonesia", "lists": {"groups": [{"items": [], "count": 2, "type": "created"}]}}, {"tips": {"count": 0}, "contact": {"facebook": "1330131375"}, "firstName": "TINTIN", "gender": "male", "lastName": "LEE", "id": "11817690", "bio": "", "photo": {"prefix": "https://igx.4sqi.net/img/user/", "suffix": "/ACI5R4FDFWX2MAJI.jpg"}, "homeCity": "Jakarta - Indonesia", "lists": {"groups": [{"items": [], "count": 2, "type": "created"}]}}, {"tips": {"count": 5}, "contact": {"twitter": "medradobeta", "facebook": "100006021484843"}, "firstName": "renildo", "gender": "male", "lastName": "medrado beta", "id": "51270317", "bio": "", "photo": {"prefix": "https://igx.4sqi.net/img/user/", "suffix": "/blank_boy.png", "default": true}, "homeCity": "santa maria da boa vista", "lists": {"groups": [{"items": [], "count": 2, "type": "created"}]}}, {"tips": {"count": 5}, "contact": {"facebook": "1071232507"}, "firstName": "Ruki", "gender": "female", "lastName": "C", "id": "26071160", "bio": "", "photo": {"prefix": "https://igx.4sqi.net/img/user/", "suffix": "/KZKQGTY3ISEUH0FK.jpg"}, "homeCity": "Shanghai", "lists": {"groups": [{"items": [], "count": 2, "type": "created"}]}}, {"tips": {"count": 0}, "contact": {"facebook": "604930969"}, "firstName": "Censelia", "gender": "female", "lastName": "Cen", "id": "12149397", "bio": "", "photo": {"prefix": "https://igx.4sqi.net/img/user/", "suffix": "/E3EYJ2IOLKYZGDSQ.jpg"}, "homeCity": "Medan, Indonesia", "lists": {"groups": [{"items": [], "count": 2, "type": "created"}]}}, {"tips": {"count": 0}, "contact": {"twitter": "ciaciaang"}, "firstName": "Rosdiana", "gender": "female", "lastName": "Ang", "id": "12916337", "bio": "", "photo": {"prefix": "https://igx.4sqi.net/img/user/", "suffix": "/ZP0ZHOOXI2BGZEX4.jpg"}, "homeCity": "Indonesia", "lists": {"groups": [{"items": [], "count": 2, "type": "created"}]}}, {"tips": {"count": 1}, "contact": {"twitter": "raysaraysa"}, "firstName": "Icha", "gender": "female", "lastName": "Raysa", "id": "6025180", "bio": "", "photo": {"prefix": "https://igx.4sqi.net/img/user/", "suffix": "/Y41ZQ11U43DRAPQA.jpg"}, "homeCity": "Medan, Indonesia", "lists": {"groups": [{"items": [], "count": 2, "type": "created"}]}}, {"tips": {"count": 0}, "contact": {"twitter": "priskilaeva", "facebook": "100000370599409"}, "firstName": "Stefanie", "gender": "female", "lastName": "Eva", "id": "16809082", "bio": "I Believe in GOD ...BB : 32875009 , FB  : S Eva Wahyuni", "photo": {"prefix": "https://igx.4sqi.net/img/user/", "suffix": "/-VHB14CNUJHNWIC1Q.jpg"}, "homeCity": "Jakarta, 10630", "lists": {"groups": [{"items": [], "count": 2, "type": "created"}]}}, {"tips": {"count": 19}, "contact": {"twitter": "dollyprasetio", "facebook": "616843210"}, "firstName": "Dolly", "gender": "female", "lastName": "Prasetio", "id": "13253524", "bio": "Coffee Connoisseur | Food Enthusiast | Photo Phunia | Travel Mania | Life Lover! Check out my Instagram ID : dollytio", "photo": {"prefix": "https://igx.4sqi.net/img/user/", "suffix": "/13253524-OJKWZCQH1QRT225C.jpg"}, "homeCity": "Indonesia", "lists": {"groups": [{"items": [], "count": 2, "type": "created"}]}}, {"tips": {"count": 26}, "contact": {"twitter": "wenbinproject", "facebook": "788804693"}, "firstName": "Harry", "gender": "male", "lastName": "Yip", "id": "4825290", "bio": "", "photo": {"prefix": "https://igx.4sqi.net/img/user/", "suffix": "/4825290-2VRTKTD2RXKXZXVR.jpg"}, "homeCity": "Medan, Indonesia", "lists": {"groups": [{"items": [], "count": 2, "type": "created"}]}}, {"tips": {"count": 26}, "contact": {"twitter": "denissahady", "facebook": "805522297"}, "firstName": "Denissa", "gender": "female", "lastName": "Hady", "id": "1411238", "bio": "", "photo": {"prefix": "https://igx.4sqi.net/img/user/", "suffix": "/24A5SG3QMLHJTJPF.jpg"}, "homeCity": "Singapore", "lists": {"groups": [{"items": [], "count": 2, "type": "created"}]}}, {"tips": {"count": 0}, "contact": {"twitter": "verodaviez", "facebook": "1616375454"}, "firstName": "Veronica", "gender": "female", "lastName": "Daviez", "id": "2867311", "bio": "", "photo": {"prefix": "https://igx.4sqi.net/img/user/", "suffix": "/2867311-EXSJXG404TQCU0GT.jpg"}, "homeCity": "Medan, Indonesia", "lists": {"groups": [{"items": [], "count": 2, "type": "created"}]}}, {"tips": {"count": 7}, "contact": {"twitter": "pearlykittybaby", "facebook": "100004884608679"}, "firstName": "Moodie", "gender": "female", "lastName": "Kat", "id": "33670895", "bio": "", "photo": {"prefix": "https://igx.4sqi.net/img/user/", "suffix": "/O1TNANFXJQN5V40I.jpg"}, "homeCity": "Gretna, LA", "lists": {"groups": [{"items": [], "count": 3, "type": "created"}]}}, {"tips": {"count": 0}, "contact": {"twitter": "meiiliicious", "facebook": "100006551642356"}, "firstName": "amelinda", "gender": "female", "lastName": "tan", "id": "12384186", "bio": "", "photo": {"prefix": "https://igx.4sqi.net/img/user/", "suffix": "/12384186-MJO35BPSN3CVQWQP.jpg"}, "homeCity": "Indonesia", "lists": {"groups": [{"items": [], "count": 2, "type": "created"}]}}, {"tips": {"count": 0}, "contact": {"facebook": "1287867997"}, "firstName": "Calliope", "gender": "female", "id": "24949822", "bio": "", "photo": {"prefix": "https://igx.4sqi.net/img/user/", "suffix": "/VZUDQXJCIXB33D3J.jpg"}, "homeCity": "Sumatera Utara", "lists": {"groups": [{"items": [], "count": 2, "type": "created"}]}}, {"tips": {"count": 1}, "contact": {"twitter": "annakylaashril", "facebook": "100001300298478"}, "firstName": "Anna", "gender": "female", "lastName": "Mamu", "id": "83716880", "bio": "", "photo": {"prefix": "https://igx.4sqi.net/img/user/", "suffix": "/83716880-AYNA5EJZ1AUADQGO.jpg"}, "homeCity": "Tangerang, Banten", "lists": {"groups": [{"items": [], "count": 2, "type": "created"}]}}, {"tips": {"count": 0}, "contact": {"twitter": "angelinegelgel", "facebook": "100001701564802"}, "firstName": "Angelinegelgel", "gender": "female", "id": "13083246", "bio": "Hello !", "photo": {"prefix": "https://igx.4sqi.net/img/user/", "suffix": "/13083246-5MWXDGFJYXMJCPJ4.jpg"}, "homeCity": "medan indonesia", "lists": {"groups": [{"items": [], "count": 2, "type": "created"}]}}, {"tips": {"count": 1}, "contact": {"twitter": "jumper_medan"}, "firstName": "Jumper Anak Medan", "gender": "none", "id": "13741260", "bio": "Official Account of Jumper Anak Medan #JAM .  We Jump, We get the Badges and We love it. More info : Jumpermedan@yahoo.com / @Jumper_medan", "photo": {"prefix": "https://igx.4sqi.net/img/user/", "suffix": "/EGEFRMRNRI01JM01.png"}, "homeCity": "All Over The World", "lists": {"groups": [{"items": [], "count": 2, "type": "created"}]}}, {"tips": {"count": 7}, "contact": {}, "firstName": "Philip", "gender": "male", "lastName": "Huang", "id": "12835748", "bio": "Pure life", "photo": {"prefix": "https://igx.4sqi.net/img/user/", "suffix": "/12835748-DKCLMHC54ZJMGYOU.jpg"}, "homeCity": "Surabaya,Indonesia", "lists": {"groups": [{"items": [], "count": 2, "type": "created"}]}}, {"tips": {"count": 2}, "contact": {"twitter": "fannyhimawann"}, "firstName": "Fanny", "gender": "female", "lastName": "Himawan", "id": "20894980", "bio": "", "photo": {"prefix": "https://igx.4sqi.net/img/user/", "suffix": "/20894980-C2NUIUOFWGXLGBRA.jpg"}, "homeCity": "Sumatera Utara", "lists": {"groups": [{"items": [], "count": 2, "type": "created"}]}}, {"tips": {"count": 0}, "contact": {"twitter": "xiawryaa", "facebook": "100002580894171"}, "firstName": "xiao", "gender": "female", "lastName": "hui", "id": "53575586", "bio": "", "photo": {"prefix": "https://igx.4sqi.net/img/user/", "suffix": "/IMTM2KNJFKZSK0ZD.jpg"}, "homeCity": "", "lists": {"groups": [{"items": [], "count": 2, "type": "created"}]}}, {"tips": {"count": 3}, "contact": {"twitter": "agustinatjiam", "facebook": "1683470870"}, "firstName": "agustina", "gender": "female", "lastName": "Theresia", "id": "23178497", "bio": "", "photo": {"prefix": "https://igx.4sqi.net/img/user/", "suffix": "/23178497-HPSBUDIS5H2P1XLP.jpg"}, "homeCity": "Taipei", "lists": {"groups": [{"items": [], "count": 2, "type": "created"}]}}, {"tips": {"count": 11}, "contact": {"twitter": "angelatjonadi", "facebook": "568347506"}, "firstName": "Angela", "gender": "female", "lastName": "Tjonadi", "id": "1661446", "bio": "Dont add me if u dont know me....", "photo": {"prefix": "https://igx.4sqi.net/img/user/", "suffix": "/QCN2VGM54BYHD2ZK.jpg"}, "homeCity": "medan", "lists": {"groups": [{"items": [], "count": 2, "type": "created"}]}}, {"tips": {"count": 1}, "contact": {"facebook": "100000089322207"}, "firstName": "Erick", "gender": "male", "lastName": "Kosasih", "id": "3261224", "bio": "", "photo": {"prefix": "https://igx.4sqi.net/img/user/", "suffix": "/VFGKCPH13R4SVGFJ.jpg"}, "homeCity": "Medan, Indonesia", "lists": {"groups": [{"items": [], "count": 2, "type": "created"}]}}, {"tips": {"count": 18}, "contact": {"facebook": "1282975719"}, "firstName": "Sarfina Dimyadi", "gender": "female", "id": "33877361", "bio": "Old Time Kopithua", "photo": {"prefix": "https://igx.4sqi.net/img/user/", "suffix": "/BIZIIVPTR1MT3K4L.jpg"}, "homeCity": "Sumatera Utara", "lists": {"groups": [{"items": [], "count": 3, "type": "created"}]}}, {"tips": {"count": 0}, "contact": {"twitter": "richa_514", "facebook": "1563169018"}, "firstName": "Richa", "gender": "female", "lastName": "Cha", "id": "12521287", "bio": "", "photo": {"prefix": "https://igx.4sqi.net/img/user/", "suffix": "/SKRIPQSS3UISNYNB.jpg"}, "homeCity": "Medan, Indonesia", "lists": {"groups": [{"items": [], "count": 2, "type": "created"}]}}, {"tips": {"count": 0}, "contact": {}, "firstName": "\u029e\u0e40\u0e53\u0e23\u0287\u0454\u025fnn\u028e", "gender": "none", "lastName": "\u028e\u0e04\u00b2t", "id": "17166394", "bio": "", "photo": {"prefix": "https://igx.4sqi.net/img/user/", "suffix": "/E5TJMRMUIX2H2CQG.jpg"}, "homeCity": "", "lists": {"groups": [{"items": [], "count": 2, "type": "created"}]}}, {"tips": {"count": 5}, "contact": {}, "firstName": "zishu", "gender": "male", "lastName": "wang", "id": "16483155", "bio": "fuzhou,\u559c\u6b22\u770b\u522b\u4eba\u5728\u5e72\u4ec0\u4e48", "photo": {"prefix": "https://igx.4sqi.net/img/user/", "suffix": "/1QVKG4DBSWZG1MMJ.jpg"}, "homeCity": "fuzhou", "lists": {"groups": [{"items": [], "count": 2, "type": "created"}]}}, {"tips": {"count": 0}, "contact": {"twitter": "angelalouiss"}, "firstName": "Angela", "gender": "female", "lastName": "Louiss", "id": "13912786", "bio": "", "photo": {"prefix": "https://igx.4sqi.net/img/user/", "suffix": "/45XFXVCU1M1XAXPT.jpg"}, "homeCity": "Medan, Indonesia", "lists": {"groups": [{"items": [], "count": 2, "type": "created"}]}}, {"tips": {"count": 0}, "contact": {"facebook": "100000210020757"}, "firstName": "Yenny", "gender": "female", "lastName": "Khuang", "id": "43262934", "bio": "", "photo": {"prefix": "https://igx.4sqi.net/img/user/", "suffix": "/KPG0EKH00KMVIDPM.jpg"}, "homeCity": "Medan Sumatera Utara ", "lists": {"groups": [{"items": [], "count": 2, "type": "created"}]}}, {"tips": {"count": 4}, "contact": {"twitter": "irwantorasad", "facebook": "10153182800168426"}, "firstName": "Irwanto", "gender": "male", "lastName": "Rasad", "id": "84271192", "bio": "", "photo": {"prefix": "https://igx.4sqi.net/img/user/", "suffix": "/84271192-EBHHLGBN5ZBOAMEE.jpg"}, "homeCity": "Jakarta, Daerah Khusus Ibukota Jakarta", "lists": {"groups": [{"items": [], "count": 2, "type": "created"}]}}, {"tips": {"count": 0}, "contact": {"twitter": "ameliagandaria", "facebook": "1498475851"}, "firstName": "Amelia", "gender": "female", "lastName": "Gani", "id": "30627339", "bio": "Love fashion !", "photo": {"prefix": "https://igx.4sqi.net/img/user/", "suffix": "/30627339-OTFF0MRYO3LWJ0I4.jpg"}, "homeCity": "Medan, Indonesia", "lists": {"groups": [{"items": [], "count": 3, "type": "created"}]}}, {"tips": {"count": 15}, "contact": {"twitter": "xelvinny", "facebook": "719624960"}, "firstName": "Xelvinny", "gender": "female", "id": "2034891", "bio": "", "photo": {"prefix": "https://igx.4sqi.net/img/user/", "suffix": "/UE4YJDKPCDLE0GJW.jpg"}, "homeCity": "Medan, Indonesia", "lists": {"groups": [{"items": [], "count": 2, "type": "created"}]}}, {"tips": {"count": 2}, "contact": {"twitter": "xiaoyan8", "facebook": "545163896"}, "firstName": "Xiao yan", "gender": "female", "id": "3280448", "bio": "Line: xiaoyan8", "photo": {"prefix": "https://igx.4sqi.net/img/user/", "suffix": "/3280448-ABEWO0FV1TSGQAHH.jpg"}, "homeCity": "Medan, Indonesia", "lists": {"groups": [{"items": [], "count": 3, "type": "created"}]}}, {"tips": {"count": 0}, "contact": {"twitter": "lululacious", "facebook": "1260151722"}, "firstName": "Lulu", "gender": "female", "lastName": "Tantono", "id": "22943573", "bio": "", "photo": {"prefix": "https://igx.4sqi.net/img/user/", "suffix": "/GCIJPHFGBKL11ZZ4.jpg"}, "homeCity": "Sumatera Utara", "lists": {"groups": [{"items": [], "count": 2, "type": "created"}]}}, {"tips": {"count": 1}, "contact": {"facebook": "1308729473"}, "firstName": "Dora", "gender": "female", "lastName": "Hong", "id": "17383133", "bio": "", "photo": {"prefix": "https://igx.4sqi.net/img/user/", "suffix": "/17383133-L4HPYFFLMWUHNKJL.jpg"}, "homeCity": "Binjai, Indonesia", "lists": {"groups": [{"items": [], "count": 3, "type": "created"}]}}, {"tips": {"count": 0}, "contact": {}, "firstName": "Hui", "gender": "female", "lastName": "Ing", "id": "19869855", "bio": "", "photo": {"prefix": "https://igx.4sqi.net/img/user/", "suffix": "/AZJE2BSERDGAWXP2.jpg"}, "homeCity": "Medan, Indonesia", "lists": {"groups": [{"items": [], "count": 2, "type": "created"}]}}, {"tips": {"count": 6}, "contact": {"twitter": "risvak", "facebook": "100002469021564"}, "firstName": "Risva", "gender": "female", "lastName": "Kaawoan", "id": "14091340", "bio": "", "photo": {"prefix": "https://igx.4sqi.net/img/user/", "suffix": "/45EFU50WPENMB0JD.jpg"}, "homeCity": "Gunung Sindur, Indonesia", "lists": {"groups": [{"items": [], "count": 2, "type": "created"}]}}, {"tips": {"count": 0}, "contact": {"twitter": "sumijan_43318"}, "firstName": "sumijan", "gender": "male", "lastName": "spd", "id": "96270383", "bio": "PNS Kota Kediri", "photo": {"prefix": "https://igx.4sqi.net/img/user/", "suffix": "/96270383-FURLY4N2FI0C5HQP.jpg"}, "homeCity": "Kediri, East Java", "lists": {"groups": [{"items": [], "count": 2, "type": "created"}]}}, {"tips": {"count": 7}, "contact": {"facebook": "1050591332"}, "firstName": "Sumiati", "gender": "female", "lastName": "Tjuaca", "id": "82603178", "bio": "", "photo": {"prefix": "https://igx.4sqi.net/img/user/", "suffix": "/82603178-H2JJV1QQPLAPENKT.jpg"}, "homeCity": "Medan, North Sumatra", "lists": {"groups": [{"items": [], "count": 2, "type": "created"}]}}, {"tips": {"count": 1}, "contact": {"twitter": "lidyafayrus", "facebook": "1205437890"}, "firstName": "Lidya", "gender": "female", "lastName": "Fayrus", "id": "2040933", "bio": "", "photo": {"prefix": "https://igx.4sqi.net/img/user/", "suffix": "/2040933-RAHZ5QVFLMLOTEBO.jpg"}, "homeCity": "Medan, Sumatra Utara", "lists": {"groups": [{"items": [], "count": 2, "type": "created"}]}}, {"tips": {"count": 8}, "contact": {"twitter": "rickyts3", "facebook": "1790481347"}, "firstName": "Ricky", "gender": "male", "lastName": "Tse", "id": "3389906", "bio": "Wechat Rickyts3,\r\nPin bb 5CFA5867\nLine r1ckyts3\r\nPath Ricky tse\r\nIG Rickyts3\nFacebook Ricky Tse;Bossini3899@yahoo.com\r\nWhatsapp 081291267296", "photo": {"prefix": "https://igx.4sqi.net/img/user/", "suffix": "/3389906_KvHy5tMe_9y3CgN1GzTcDQvWxhwlQG057k7SZkjlwY3LrVNNjuQywx7iVphvO_zCjJfgTInwp.jpg"}, "homeCity": "Jakarta, Indonesia", "lists": {"groups": [{"items": [], "count": 4, "type": "created"}]}}, {"tips": {"count": 0}, "contact": {}, "firstName": "Angel", "gender": "female", "lastName": "Lo", "id": "40380917", "bio": "", "photo": {"prefix": "https://igx.4sqi.net/img/user/", "suffix": "/RLOGP051PKFJP2ZE.jpg"}, "homeCity": "Sumatera Utara", "lists": {"groups": [{"items": [], "count": 2, "type": "created"}]}}, {"tips": {"count": 0}, "contact": {"twitter": "choimjjeje", "facebook": "100000209326799"}, "firstName": "Ade", "gender": "female", "lastName": "Puspita", "id": "17919811", "bio": "", "photo": {"prefix": "https://igx.4sqi.net/img/user/", "suffix": "/Q2UC1QLDJ2GZOYR4.jpg"}, "homeCity": "Medan, Indonesia", "lists": {"groups": [{"items": [], "count": 2, "type": "created"}]}}, {"tips": {"count": 0}, "contact": {}, "firstName": "Jayandra", "gender": "male", "lastName": "Chakrevarti", "id": "20209297", "bio": "", "photo": {"prefix": "https://igx.4sqi.net/img/user/", "suffix": "/UWJC5GO1FGXOTLXC.jpg"}, "homeCity": "New York, NY", "lists": {"groups": [{"items": [], "count": 2, "type": "created"}]}}, {"tips": {"count": 2}, "contact": {"facebook": "833765542"}, "firstName": "Philander", "gender": "male", "lastName": "Jong", "id": "14097326", "bio": "", "photo": {"prefix": "https://igx.4sqi.net/img/user/", "suffix": "/14097326-UIQLEMIO5VZVOZVD.jpg"}, "homeCity": "Medan, Indonesia", "lists": {"groups": [{"items": [], "count": 3, "type": "created"}]}}, {"tips": {"count": 8}, "contact": {"twitter": "yanlaw", "facebook": "1494005602"}, "firstName": "Yanti", "gender": "female", "lastName": "Law", "id": "2058207", "bio": "", "photo": {"prefix": "https://igx.4sqi.net/img/user/", "suffix": "/AEBIYANZMF5K33DV.jpg"}, "homeCity": "Medan, North Sumatra", "lists": {"groups": [{"items": [], "count": 3, "type": "created"}]}}, {"tips": {"count": 0}, "contact": {}, "firstName": "Yocy", "gender": "female", "lastName": "Rosi", "id": "3858340", "bio": "", "photo": {"prefix": "https://igx.4sqi.net/img/user/", "suffix": "/ESGPN5PZYW5FTTOD.jpg"}, "homeCity": "New York, NY", "lists": {"groups": [{"items": [], "count": 2, "type": "created"}]}}, {"tips": {"count": 0}, "contact": {"twitter": "sianamemey", "facebook": "100000091632631"}, "firstName": "A N A", "gender": "female", "lastName": "D Y L A N", "id": "18291763", "bio": "Pin BB D49D209F", "photo": {"prefix": "https://igx.4sqi.net/img/user/", "suffix": "/18291763_wHdeU6sx_cO1iWmGegdMjZdLFqG0HfP0_tV1Q3lkfHTITueNCPTsOyHZhSCLfRN3rtRFDkOBc.jpg"}, "homeCity": "Jakarta, Indonesia", "lists": {"groups": [{"items": [], "count": 2, "type": "created"}]}}, {"tips": {"count": 9}, "contact": {}, "firstName": "Kuliner", "gender": "male", "lastName": "Medan", "id": "23535889", "bio": "Follow kita di twitter @kulinermedan fb kulinermedan. Web www.kulinermedan.com", "photo": {"prefix": "https://igx.4sqi.net/img/user/", "suffix": "/HMFVHX0AD4IIFI1B.jpg"}, "homeCity": "Sumatera Utara", "lists": {"groups": [{"items": [], "count": 4, "type": "created"}]}}, {"tips": {"count": 6}, "contact": {}, "firstName": "ndy", "gender": "male", "lastName": "tan", "id": "2226460", "bio": "", "photo": {"prefix": "https://igx.4sqi.net/img/user/", "suffix": "/2226460-GL2HD2NTCLIWBMIR.jpg"}, "homeCity": "Indonesia", "lists": {"groups": [{"items": [], "count": 4, "type": "created"}]}}, {"tips": {"count": 1}, "contact": {}, "firstName": "zozo", "gender": "female", "lastName": "josephine", "id": "3885213", "bio": "", "photo": {"prefix": "https://igx.4sqi.net/img/user/", "suffix": "/2Y15OWOHQWTQHGLH.jpg"}, "homeCity": "Medan, Indonesia", "lists": {"groups": [{"items": [], "count": 2, "type": "created"}]}}, {"tips": {"count": 0}, "contact": {"facebook": "100000951268111"}, "firstName": "Fifi", "gender": "female", "lastName": "Ong", "id": "28210141", "bio": "", "photo": {"prefix": "https://igx.4sqi.net/img/user/", "suffix": "/28210141-5YTQRWU354MCAVQ5.jpg"}, "homeCity": "Sumatera Utara", "lists": {"groups": [{"items": [], "count": 2, "type": "created"}]}}, {"tips": {"count": 0}, "contact": {}, "firstName": "Gerrie", "gender": "male", "lastName": "Tjang \u5f20\u6069\u5ead", "id": "24305103", "bio": "IOS 7629878B", "photo": {"prefix": "https://igx.4sqi.net/img/user/", "suffix": "/24305103-SHR4XUOH1INJHPUE.jpg"}, "homeCity": "jakarta", "lists": {"groups": [{"items": [], "count": 3, "type": "created"}]}}, {"tips": {"count": 1}, "contact": {"twitter": "ryarosse", "facebook": "100002448064803"}, "firstName": "rya", "gender": "female", "lastName": "rosse", "id": "2230182", "bio": "Twitter : RyaRosse\r\nInstgram : RyaRosse", "photo": {"prefix": "https://igx.4sqi.net/img/user/", "suffix": "/HT1SFDQ3QWYHCSPO.jpg"}, "homeCity": "Medan, North Sumatra", "lists": {"groups": [{"items": [], "count": 2, "type": "created"}]}}, {"tips": {"count": 0}, "contact": {}, "firstName": "Hendrik", "gender": "male", "lastName": "Tan", "id": "4012754", "bio": "", "photo": {"prefix": "https://igx.4sqi.net/img/user/", "suffix": "/PCMX1LL3DW4T3DYE.jpg"}, "homeCity": "Sunggal, Indonesia", "lists": {"groups": [{"items": [], "count": 2, "type": "created"}]}}, {"tips": {"count": 4}, "contact": {"facebook": "100004471023931"}, "firstName": "Cindy Pai \u767d\u73cd\u51e4", "gender": "female", "id": "45794743", "bio": "LeoClub Medan Spirit (District  307-A2)\r\nUNPRI Psychology\r\n-Line : cindypai1993\r\n- instagram : cindypai\r\n-wechat: cindypai1993", "photo": {"prefix": "https://igx.4sqi.net/img/user/", "suffix": "/45794743-WNLSP2002A42OUOC.jpg"}, "homeCity": "Sumatera Utara", "lists": {"groups": [{"items": [], "count": 3, "type": "created"}]}}, {"tips": {"count": 3}, "contact": {}, "firstName": "Yunita", "gender": "female", "lastName": "Fransisca", "id": "2722953", "bio": "", "photo": {"prefix": "https://igx.4sqi.net/img/user/", "suffix": "/2722953-CMMC0CFNESHX5TPM.jpg"}, "homeCity": "Jakarta, Indonesia", "lists": {"groups": [{"items": [], "count": 3, "type": "created"}]}}, {"tips": {"count": 0}, "contact": {}, "firstName": "Dendy", "gender": "male", "lastName": "Wijaya", "id": "4769895", "bio": "", "photo": {"prefix": "https://igx.4sqi.net/img/user/", "suffix": "/G51USAPR2APM31BB.jpg"}, "homeCity": "Jakarta, Indonesia", "lists": {"groups": [{"items": [], "count": 2, "type": "created"}]}}, {"tips": {"count": 20}, "contact": {}, "firstName": "Kelly", "gender": "female", "lastName": "Angel", "id": "3018365", "bio": "Be real be happy and be humble ^^~", "photo": {"prefix": "https://igx.4sqi.net/img/user/", "suffix": "/NEBNMZU0FK0RWCR2.jpg"}, "homeCity": "Medan, Indonesia", "lists": {"groups": [{"items": [], "count": 2, "type": "created"}]}}, {"tips": {"count": 1}, "contact": {}, "firstName": "Juliet", "gender": "female", "lastName": "Academie de Danse", "id": "8656826", "bio": "Jl. RA. Kartini.  No. 22 , Medan.\nPh. (061-4553625)", "photo": {"prefix": "https://igx.4sqi.net/img/user/", "suffix": "/8656826-5VZLADLEPJ1HH10K.jpg"}, "homeCity": "Indonesia", "lists": {"groups": [{"items": [], "count": 3, "type": "created"}]}}, {"tips": {"count": 10}, "contact": {"twitter": "karenleonardo", "facebook": "1246426061"}, "firstName": "Karen", "gender": "female", "lastName": "Leonardo", "id": "3237949", "bio": "", "photo": {"prefix": "https://igx.4sqi.net/img/user/", "suffix": "/YZ3AVALNOQBFS4OJ.jpg"}, "homeCity": "Medan, Indonesia", "lists": {"groups": [{"items": [], "count": 3, "type": "created"}]}}, {"tips": {"count": 3}, "contact": {"twitter": "aixaahh", "facebook": "624162635"}, "firstName": "Karina", "gender": "female", "lastName": "Soria o", "id": "3987051", "bio": "", "photo": {"prefix": "https://igx.4sqi.net/img/user/", "suffix": "/IFSA4CEUN3HFF1XO.jpg"}, "homeCity": "New York, NY", "lists": {"groups": [{"items": [], "count": 2, "type": "created"}]}}, {"tips": {"count": 0}, "contact": {"twitter": "nadiraadiraa"}, "firstName": "Nadhira", "gender": "female", "lastName": "Syarifah", "id": "3998333", "bio": "", "photo": {"prefix": "https://igx.4sqi.net/img/user/", "suffix": "/4GL5XCFQRQMX0OOO.jpg"}, "homeCity": "Medan, Indonesia", "lists": {"groups": [{"items": [], "count": 2, "type": "created"}]}}, {"tips": {"count": 2}, "contact": {"twitter": "alisantoso_arya", "facebook": "100000047555618"}, "firstName": "Ali", "gender": "male", "lastName": "Santoso", "id": "4086066", "bio": "", "photo": {"prefix": "https://igx.4sqi.net/img/user/", "suffix": "/JYC2OTLXZKLKXX25.png"}, "homeCity": "Medan, Indonesia", "lists": {"groups": [{"items": [], "count": 2, "type": "created"}]}}, {"tips": {"count": 1}, "contact": {"twitter": "sutejohong", "facebook": "541084923"}, "firstName": "sutejo", "gender": "male", "lastName": "hong", "id": "4424825", "bio": "", "photo": {"prefix": "https://igx.4sqi.net/img/user/", "suffix": "/OGG5OO0KBSQ2HYDP.jpg"}, "homeCity": "Medan, Indonesia", "lists": {"groups": [{"items": [], "count": 2, "type": "created"}]}}, {"tips": {"count": 0}, "contact": {"facebook": "1118912454"}, "firstName": "Hermawan", "gender": "male", "lastName": "Diah", "id": "4731727", "bio": "", "photo": {"prefix": "https://igx.4sqi.net/img/user/", "suffix": "/IYPYVAAVULHVJD4M.jpg"}, "homeCity": "Jakarta, Indonesia", "lists": {"groups": [{"items": [], "count": 2, "type": "created"}]}}, {"tips": {"count": 1}, "contact": {"facebook": "1399422606"}, "firstName": "Priscilia", "gender": "female", "lastName": "winata", "id": "5967059", "bio": "", "photo": {"prefix": "https://igx.4sqi.net/img/user/", "suffix": "/52CQIJPYJDIHYVQT.jpg"}, "homeCity": "Medan, Indonesia", "lists": {"groups": [{"items": [], "count": 2, "type": "created"}]}}, {"tips": {"count": 0}, "contact": {}, "firstName": "Loock", "gender": "male", "lastName": "Bagus", "id": "6407571", "bio": "", "photo": {"prefix": "https://igx.4sqi.net/img/user/", "suffix": "/5XU4DL3RCXJWHQ20.jpg"}, "homeCity": "Bekasi, Indonesia", "lists": {"groups": [{"items": [], "count": 2, "type": "created"}]}}, {"tips": {"count": 4}, "contact": {"twitter": "adibink"}, "firstName": "Adi", "gender": "male", "id": "10910213", "bio": "", "photo": {"prefix": "https://igx.4sqi.net/img/user/", "suffix": "/MLPTLFQOMD4LDWNY.jpg"}, "homeCity": "Jakarta, Indonesia", "lists": {"groups": [{"items": [], "count": 2, "type": "created"}]}}, {"tips": {"count": 0}, "contact": {"twitter": "septiniacaniago", "facebook": "100000596940366"}, "firstName": "septinia", "gender": "female", "lastName": "caniago", "id": "13634935", "bio": "", "photo": {"prefix": "https://igx.4sqi.net/img/user/", "suffix": "/5X1UVRGDB1GTIAY3.jpg"}, "homeCity": "Medan, Indonesia", "lists": {"groups": [{"items": [], "count": 2, "type": "created"}]}}, {"tips": {"count": 0}, "contact": {}, "firstName": "Liana", "gender": "female", "lastName": "Wong", "id": "24648087", "bio": "", "photo": {"prefix": "https://igx.4sqi.net/img/user/", "suffix": "/24648087-B5XTSGQRW214NDU2.jpg"}, "homeCity": "Sumatera Utara", "lists": {"groups": [{"items": [], "count": 2, "type": "created"}]}}], "count": 132}, "checksum": "d502956b5830d976a263c321195bfa8546264eb2"}, "meta": {"requestId": "5965b7564434b96be50eab4f", "code": 200}}