{"notifications": [{"type": "notificationTray", "item": {"unreadCount": 0}}], "response": {"friends": {"items": [{"tips": {"count": 3}, "contact": {"twitter": "timetoflynow", "facebook": "572631555"}, "firstName": "Michelle", "gender": "female", "id": "1040949", "bio": "", "photo": {"prefix": "https://igx.4sqi.net/img/user/", "suffix": "/1040949-CJTJ5QHWQ2IIV5SB.jpg"}, "homeCity": "", "lists": {"groups": [{"items": [], "count": 2, "type": "created"}]}}, {"tips": {"count": 4}, "contact": {"twitter": "stephensolice", "facebook": "1218293668"}, "firstName": "Stephen", "gender": "male", "lastName": "Solice", "id": "4960714", "bio": "", "photo": {"prefix": "https://igx.4sqi.net/img/user/", "suffix": "/YER1CM0JJR3405Z1.jpg"}, "homeCity": "Houston, TX", "lists": {"groups": [{"items": [], "count": 2, "type": "created"}]}}, {"tips": {"count": 140}, "contact": {}, "firstName": "Houston Press Street Team", "gender": "female", "lastName": "Manager", "id": "12675883", "bio": "", "photo": {"prefix": "https://igx.4sqi.net/img/user/", "suffix": "/2WBPHCOA2WRBTOSG.jpg"}, "homeCity": "Houston, Texas", "lists": {"groups": [{"items": [], "count": 4, "type": "created"}]}}, {"tips": {"count": 1}, "contact": {"twitter": "tarikw", "facebook": "701654"}, "firstName": "Tarik", "gender": "male", "lastName": "Ward", "id": "277993", "bio": "", "photo": {"prefix": "https://igx.4sqi.net/img/user/", "suffix": "/HX2WY5WQQ2BOT5Q5.jpg"}, "homeCity": "Houston, TX", "lists": {"groups": [{"items": [], "count": 4, "type": "created"}]}}, {"tips": {"count": 0}, "contact": {"twitter": "lesann87"}, "firstName": "Leslie", "gender": "female", "lastName": "Sprague", "id": "422305", "bio": "", "photo": {"prefix": "https://igx.4sqi.net/img/user/", "suffix": "/F2C34NMP3FO3W1MF.jpg"}, "homeCity": "Houston, TX", "lists": {"groups": [{"items": [], "count": 2, "type": "created"}]}}, {"tips": {"count": 0}, "contact": {}, "firstName": "Patty", "gender": "female", "lastName": "Stillwell", "id": "371871", "bio": "", "photo": {"prefix": "https://igx.4sqi.net/img/user/", "suffix": "/blank_girl.png", "default": true}, "homeCity": "Roseville, MN", "lists": {"groups": [{"items": [], "count": 2, "type": "created"}]}}, {"tips": {"count": 0}, "contact": {"twitter": "emily30075"}, "firstName": "Emily", "gender": "female", "lastName": "Leahy", "id": "4291096", "bio": "", "photo": {"prefix": "https://igx.4sqi.net/img/user/", "suffix": "/blank_girl.png", "default": true}, "homeCity": "College Park, GA", "lists": {"groups": [{"items": [], "count": 2, "type": "created"}]}}, {"tips": {"count": 2}, "contact": {}, "firstName": "Cherelle", "gender": "female", "lastName": "Walls", "id": "10784690", "bio": "", "photo": {"prefix": "https://igx.4sqi.net/img/user/", "suffix": "/R505HBVJC1PSONUW.jpg"}, "homeCity": "Cambridge, MA", "lists": {"groups": [{"items": [], "count": 2, "type": "created"}]}}, {"tips": {"count": 0}, "contact": {"twitter": "bitemeaustin", "facebook": "502966267"}, "firstName": "Mike", "gender": "male", "lastName": "Cortez", "id": "516819", "bio": "", "photo": {"prefix": "https://igx.4sqi.net/img/user/", "suffix": "/CQXSDLCRHYZF5IFT.jpg"}, "homeCity": "Houston, TX", "lists": {"groups": [{"items": [], "count": 2, "type": "created"}]}}, {"tips": {"count": 0}, "contact": {"facebook": "542869645"}, "firstName": "LeeAnn", "gender": "female", "lastName": "Bush", "id": "11017396", "bio": "", "photo": {"prefix": "https://igx.4sqi.net/img/user/", "suffix": "/T3TUZ01CC4NASQ5P.jpg"}, "homeCity": "Unnamed Location", "lists": {"groups": [{"items": [], "count": 2, "type": "created"}]}}, {"tips": {"count": 31}, "contact": {"twitter": "1911sierrahotel"}, "firstName": "Marlon", "gender": "male", "lastName": "C.", "id": "13178536", "bio": "", "photo": {"prefix": "https://igx.4sqi.net/img/user/", "suffix": "/13178536-GTG0C5UHDKSYC1GY.jpg"}, "homeCity": "Lawrenceville, GA", "lists": {"groups": [{"items": [], "count": 12, "type": "created"}]}}, {"tips": {"count": 7}, "contact": {}, "firstName": "YihShyue", "gender": "male", "lastName": "Liu", "id": "1929423", "bio": "", "photo": {"prefix": "https://igx.4sqi.net/img/user/", "suffix": "/XIFMAPSJVJOAKZNZ.jpg"}, "homeCity": "Garland, TX", "lists": {"groups": [{"items": [], "count": 2, "type": "created"}]}}, {"tips": {"count": 2}, "contact": {"facebook": "1298464879"}, "firstName": "timothy", "gender": "male", "lastName": "elkins", "id": "5704211", "bio": "", "photo": {"prefix": "https://igx.4sqi.net/img/user/", "suffix": "/LW43DWFNO1PK3MHL.jpg"}, "homeCity": "Houston, TX", "lists": {"groups": [{"items": [], "count": 2, "type": "created"}]}}, {"tips": {"count": 7}, "contact": {}, "firstName": "Mili", "gender": "female", "lastName": "Henriquez", "id": "8276255", "bio": "", "photo": {"prefix": "https://igx.4sqi.net/img/user/", "suffix": "/8276255_ATLyPljk_tCKxJ8wjzbEJjKs62e1ZmNKQzZoKyD6qERR7XjTov3qkZdi22K0idT-61e16K39q.jpg"}, "homeCity": "Houston, TX", "lists": {"groups": [{"items": [], "count": 2, "type": "created"}]}}, {"tips": {"count": 0}, "contact": {"twitter": "ebase", "facebook": "530675947"}, "firstName": "Nigel", "gender": "male", "lastName": "Paine", "id": "316714", "bio": "", "photo": {"prefix": "https://igx.4sqi.net/img/user/", "suffix": "/YJUUUWZM5QB0TEWQ.jpg"}, "homeCity": "London, United Kingdom", "lists": {"groups": [{"items": [], "count": 2, "type": "created"}]}}, {"tips": {"count": 50}, "contact": {}, "firstName": "Gina", "gender": "female", "lastName": "Schreck", "id": "605274", "bio": "", "photo": {"prefix": "https://igx.4sqi.net/img/user/", "suffix": "/M1R2OHB2YYUVEVLC.jpg"}, "homeCity": "San Francisco, CA", "lists": {"groups": [{"items": [], "count": 8, "type": "created"}]}}, {"tips": {"count": 30}, "contact": {}, "firstName": "Michelle", "gender": "female", "lastName": "L.", "id": "92974", "bio": "", "photo": {"prefix": "https://igx.4sqi.net/img/user/", "suffix": "/VDEAZD3F31OYXMX4.png"}, "homeCity": "Atlanta, GA", "lists": {"groups": [{"items": [], "count": 2, "type": "created"}]}}, {"tips": {"count": 8}, "contact": {"twitter": "bschlenker", "facebook": "500010562"}, "firstName": "Brent", "gender": "male", "lastName": "Schlenker", "id": "38852", "bio": "", "photo": {"prefix": "https://igx.4sqi.net/img/user/", "suffix": "/NJA5MSCNVUWGBOJ0.jpg"}, "homeCity": "Phoenix, AZ", "lists": {"groups": [{"items": [], "count": 3, "type": "created"}]}}, {"tips": {"count": 9}, "contact": {"twitter": "_pius", "facebook": "700017"}, "firstName": "Pius", "gender": "male", "lastName": "Uzamere", "id": "1154", "bio": "", "photo": {"prefix": "https://igx.4sqi.net/img/user/", "suffix": "/1154-FAZG5EUSE04THIRX.jpg"}, "homeCity": "San Francisco, CA", "lists": {"groups": [{"items": [], "count": 3, "type": "created"}]}}, {"tips": {"count": 0}, "contact": {"twitter": "charisseiscool", "facebook": "3436178"}, "firstName": "Charisse", "gender": "female", "lastName": "L'Pree", "id": "150901", "bio": "charisseiscool.com", "photo": {"prefix": "https://igx.4sqi.net/img/user/", "suffix": "/GJQRVZDUK4S4VDOH.jpg"}, "homeCity": "Los Angeles, CA", "lists": {"groups": [{"items": [], "count": 2, "type": "created"}]}}, {"tips": {"count": 18}, "contact": {"twitter": "gminks", "facebook": "500666162"}, "firstName": "Gina", "gender": "female", "lastName": "Minks", "id": "890670", "bio": "", "photo": {"prefix": "https://igx.4sqi.net/img/user/", "suffix": "/V1GL0K4PSAD1XVBO.jpg"}, "homeCity": "Austin", "lists": {"groups": [{"items": [], "count": 2, "type": "created"}]}}, {"tips": {"count": 32}, "contact": {"twitter": "brandonwcarson", "facebook": "696846462"}, "firstName": "Brandon", "gender": "male", "lastName": "Carson", "id": "213508", "bio": "", "photo": {"prefix": "https://igx.4sqi.net/img/user/", "suffix": "/P4CDFCWHI5VK0OQZ.jpg"}, "homeCity": "Atlanta, GA", "lists": {"groups": [{"items": [], "count": 7, "type": "created"}]}}, {"tips": {"count": 2}, "contact": {"twitter": "jwillensky", "facebook": "604578800"}, "firstName": "Jason", "gender": "male", "lastName": "Willensky", "id": "910222", "bio": "", "photo": {"prefix": "https://igx.4sqi.net/img/user/", "suffix": "/ZBGADFQZUDD1T1RL.jpg"}, "homeCity": "Scottsdale, Arizona", "lists": {"groups": [{"items": [], "count": 2, "type": "created"}]}}, {"tips": {"count": 53}, "contact": {"twitter": "madpmusic"}, "firstName": "Sophia", "gender": "female", "lastName": "Matthews", "id": "177397", "bio": "Marketing Director for Clear Sky Images, Real Estate junkie", "photo": {"prefix": "https://igx.4sqi.net/img/user/", "suffix": "/UXMJKB4YCUAZKTZU.jpg"}, "homeCity": "Charlotte, NC", "lists": {"groups": [{"items": [], "count": 4, "type": "created"}]}}, {"tips": {"count": 0}, "contact": {"facebook": "1281908068"}, "firstName": "Lauren", "gender": "female", "lastName": "Miller", "id": "27761959", "bio": "", "photo": {"prefix": "https://igx.4sqi.net/img/user/", "suffix": "/EAEP1E5ZEGNLG4SZ.jpg"}, "homeCity": "New York, NY", "lists": {"groups": [{"items": [], "count": 2, "type": "created"}]}}, {"tips": {"count": 11}, "contact": {}, "firstName": "K", "gender": "female", "lastName": "B", "id": "11589198", "bio": "", "photo": {"prefix": "https://igx.4sqi.net/img/user/", "suffix": "/HT1IQOTFIHA0AVRC.jpg"}, "homeCity": "Ottawa, Canada", "lists": {"groups": [{"items": [], "count": 2, "type": "created"}]}}, {"tips": {"count": 0}, "contact": {"facebook": "545608371"}, "firstName": "Alan", "gender": "male", "lastName": "Henson", "id": "83264261", "bio": "", "photo": {"prefix": "https://igx.4sqi.net/img/user/", "suffix": "/blank_boy.png", "default": true}, "homeCity": "Cedar Park, TX", "lists": {"groups": [{"items": [], "count": 2, "type": "created"}]}}, {"tips": {"count": 5}, "contact": {"twitter": "jclarey", "facebook": "731997068"}, "firstName": "Janet", "gender": "female", "lastName": "Clarey", "id": "1602132", "bio": "", "photo": {"prefix": "https://igx.4sqi.net/img/user/", "suffix": "/V44EXL3KHV3EJPJK.jpg"}, "homeCity": "Clinton, NY", "lists": {"groups": [{"items": [], "count": 2, "type": "created"}]}}, {"tips": {"count": 58}, "contact": {"twitter": "eatcypress", "facebook": "1119399440"}, "firstName": "EatCypress", "gender": "female", "id": "431042", "bio": "", "photo": {"prefix": "https://igx.4sqi.net/img/user/", "suffix": "/B0MPRA2Z0RVAV5YZ.jpg"}, "homeCity": "Houston, TX", "lists": {"groups": [{"items": [], "count": 3, "type": "created"}]}}, {"tips": {"count": 0}, "contact": {"facebook": "821490426"}, "firstName": "Brandon", "gender": "male", "lastName": "Stroman", "id": "26043968", "bio": "", "photo": {"prefix": "https://igx.4sqi.net/img/user/", "suffix": "/ZU2ZPDN4AFNZN5WW.jpg"}, "homeCity": "Olney, MD", "lists": {"groups": [{"items": [], "count": 2, "type": "created"}]}}, {"tips": {"count": 1}, "contact": {"twitter": "neillasher", "facebook": "818799585"}, "firstName": "Neil", "gender": "male", "lastName": "Lasher", "id": "7956353", "bio": "", "photo": {"prefix": "https://igx.4sqi.net/img/user/", "suffix": "/RAKVQ3ZX2AZTVH2I.jpg"}, "homeCity": "London, UK", "lists": {"groups": [{"items": [], "count": 2, "type": "created"}]}}, {"tips": {"count": 1}, "contact": {"facebook": "507942264"}, "firstName": "Shannan", "gender": "female", "lastName": "Kelly", "id": "22554641", "bio": "", "photo": {"prefix": "https://igx.4sqi.net/img/user/", "suffix": "/HW2TVORPS4TGDY3P.jpg"}, "homeCity": "Long Beach, CA", "lists": {"groups": [{"items": [], "count": 3, "type": "created"}]}}, {"tips": {"count": 0}, "contact": {"twitter": "hisbettyboo", "facebook": "820230281"}, "firstName": "Brittany", "gender": "female", "id": "30417603", "bio": "", "photo": {"prefix": "https://igx.4sqi.net/img/user/", "suffix": "/3QPZ5H3QHWETJNOK.jpg"}, "homeCity": "Olney, MD", "lists": {"groups": [{"items": [], "count": 2, "type": "created"}]}}, {"tips": {"count": 10}, "contact": {"twitter": "craigshappyhour", "facebook": "100001203071589"}, "firstName": "Craigs's Happy Hour", "gender": "male", "id": "2191709", "bio": "", "photo": {"prefix": "https://igx.4sqi.net/img/user/", "suffix": "/1NXDSOKOHYNQ2TEG.jpg"}, "homeCity": "Houston, TX", "lists": {"groups": [{"items": [], "count": 3, "type": "created"}]}}, {"tips": {"count": 0}, "contact": {}, "firstName": "Leslie", "gender": "female", "lastName": "Fitzsimmons", "id": "24809292", "bio": "", "photo": {"prefix": "https://igx.4sqi.net/img/user/", "suffix": "/blank_girl.png", "default": true}, "homeCity": "Tampa, FL", "lists": {"groups": [{"items": [], "count": 2, "type": "created"}]}}, {"tips": {"count": 30}, "contact": {"twitter": "beerbrotha", "facebook": "566440279"}, "firstName": "Don", "gender": "male", "lastName": "Taylor", "id": "84264894", "bio": "", "photo": {"prefix": "https://igx.4sqi.net/img/user/", "suffix": "/84264894-YLXIT5CUMWLPK2Y3.jpg"}, "homeCity": "Baku, Azerbaijan ", "lists": {"groups": [{"items": [], "count": 4, "type": "created"}]}}, {"tips": {"count": 1}, "contact": {"twitter": "jkunrein", "facebook": "632320083"}, "firstName": "Judy", "gender": "female", "lastName": "Unrein", "id": "6591631", "bio": "", "photo": {"prefix": "https://igx.4sqi.net/img/user/", "suffix": "/GJ4OPRBDNAOYSLV1.jpg"}, "homeCity": "Redmond, OR", "lists": {"groups": [{"items": [], "count": 2, "type": "created"}]}}, {"tips": {"count": 18}, "contact": {"twitter": "bellinissima"}, "firstName": "Bellinissima", "gender": "female", "id": "333988", "bio": "", "photo": {"prefix": "https://igx.4sqi.net/img/user/", "suffix": "/333988-R0ZTTGPQDD0SP3I3.jpg"}, "homeCity": "Alief, TX", "lists": {"groups": [{"items": [], "count": 46, "type": "created"}]}}, {"tips": {"count": 1}, "contact": {"twitter": "stephaniearagon", "facebook": "1185158907"}, "firstName": "Stephanie", "gender": "female", "lastName": "A", "id": "74944068", "bio": "", "photo": {"prefix": "https://igx.4sqi.net/img/user/", "suffix": "/74944068-G4G4FX14R13OKCT0.jpg"}, "homeCity": "Boston, MA", "lists": {"groups": [{"items": [], "count": 3, "type": "created"}]}}, {"superuser": 1, "tips": {"count": 1}, "contact": {"twitter": "timesync", "facebook": "10153941784530516"}, "firstName": "Kurt", "gender": "male", "lastName": "Collins", "id": "4518", "bio": "I'm either in Paris, New York or somewhere completely unexpected.", "photo": {"prefix": "https://igx.4sqi.net/img/user/", "suffix": "/4518_1237249312.jpg"}, "homeCity": "Paris, France", "lists": {"groups": [{"items": [], "count": 2, "type": "created"}]}}, {"tips": {"count": 2}, "contact": {"facebook": "10152994357242984"}, "firstName": "Femi", "gender": "male", "lastName": "Olubunmi", "id": "155688", "bio": "", "photo": {"prefix": "https://igx.4sqi.net/img/user/", "suffix": "/155688-0TOMPJ5J4GPZVRLM.jpg"}, "homeCity": "Houston, Texas", "lists": {"groups": [{"items": [], "count": 2, "type": "created"}]}}, {"tips": {"count": 63}, "contact": {"twitter": "jenngriff"}, "firstName": "\u0279\u01dd\u025f\u0131uu\u01dd\u017f", "gender": "female", "id": "930920", "bio": "", "photo": {"prefix": "https://igx.4sqi.net/img/user/", "suffix": "/PMMO4OS5PLGFH1IO.jpg"}, "homeCity": "Reston, VA", "lists": {"groups": [{"items": [], "count": 3, "type": "created"}]}}, {"tips": {"count": 5}, "contact": {"facebook": "1342848977"}, "firstName": "gratifi kitchen + bar", "gender": "none", "id": "2657508", "bio": "American Bistro. All Texas craft beer. Houston's first dog friendly patio. Dogs on a leash are welcome!", "photo": {"prefix": "https://igx.4sqi.net/img/user/", "suffix": "/N1XWV2XZ0EAHR52Z.jpg"}, "homeCity": "Houston, TX", "lists": {"groups": [{"items": [], "count": 2, "type": "created"}]}}, {"tips": {"count": 2}, "contact": {"twitter": "ourblokrewards", "facebook": "100003875947657"}, "firstName": "OurBlok", "gender": "male", "id": "32887994", "bio": "OurBlok Rewards is a loyalty rewards concept rolled out to empower consumers, support local causes and encourage consumer patronage to small-to-medium sized bus", "photo": {"prefix": "https://igx.4sqi.net/img/user/", "suffix": "/PUUCDLPYY30I3N12.png"}, "homeCity": "Houston, TX", "lists": {"groups": [{"items": [], "count": 2, "type": "created"}]}}, {"tips": {"count": 130}, "contact": {"twitter": "corelife4u", "facebook": "1666661788"}, "firstName": "Dr. Anissa", "gender": "female", "lastName": "Hunter", "id": "21263259", "bio": "Loss Wgt, Stop Smoking, Sports Performance... Hypnosis for Quality of Life. REAL Healing, REAL Transformation = REAL Results!!!\r\nwww.CoreLife4u.com", "photo": {"prefix": "https://igx.4sqi.net/img/user/", "suffix": "/21263259-WECCWU541R5YSCW3"}, "homeCity": "Spring, TX", "lists": {"groups": [{"items": [], "count": 5, "type": "created"}]}}, {"tips": {"count": 2}, "contact": {"facebook": "1360286825"}, "firstName": "Gunel", "gender": "female", "lastName": "Akhundlu", "id": "61658400", "bio": "", "photo": {"prefix": "https://igx.4sqi.net/img/user/", "suffix": "/61658400-CTXAMBBNMQSNGZRD.jpg"}, "homeCity": "Baku, Azerbaijan", "lists": {"groups": [{"items": [], "count": 2, "type": "created"}]}}, {"tips": {"count": 7}, "contact": {"twitter": "curlyfry66", "facebook": "636467050"}, "firstName": "Eric", "gender": "male", "lastName": "S", "id": "52248689", "bio": "", "photo": {"prefix": "https://igx.4sqi.net/img/user/", "suffix": "/HNJFNWZ350N13UVB.jpg"}, "homeCity": "Houston, Texas", "lists": {"groups": [{"items": [], "count": 5, "type": "created"}]}}, {"tips": {"count": 2}, "contact": {"twitter": "dishhouston"}, "firstName": "DISH", "gender": "female", "lastName": "Houston", "id": "7101390", "bio": "", "photo": {"prefix": "https://igx.4sqi.net/img/user/", "suffix": "/BZ54H50IKZ3VRJ44.jpg"}, "homeCity": "Houston, TX", "lists": {"groups": [{"items": [], "count": 2, "type": "created"}]}}, {"tips": {"count": 0}, "contact": {"facebook": "100000316141992"}, "firstName": "Sherronti", "gender": "female", "lastName": "Flowers", "id": "9856126", "bio": "", "photo": {"prefix": "https://igx.4sqi.net/img/user/", "suffix": "/FMWO0BBST1NJJI3T.jpg"}, "homeCity": "Orlando, FL", "lists": {"groups": [{"items": [], "count": 2, "type": "created"}]}}, {"tips": {"count": 4}, "contact": {"twitter": "brendamontreal", "facebook": "586419713"}, "firstName": "Brenda", "gender": "female", "lastName": "Sanderson", "id": "26180182", "bio": "Design nerd. Brunch addict. Music omnivore. Runner.", "photo": {"prefix": "https://igx.4sqi.net/img/user/", "suffix": "/26180182-WECBCGRHLKNNB5JY.jpg"}, "homeCity": "Montreal, Quebec", "lists": {"groups": [{"items": [], "count": 4, "type": "created"}]}}, {"tips": {"count": 0}, "contact": {"twitter": "houstongf"}, "firstName": "Houston Girl Friday", "gender": "female", "id": "10275882", "bio": "www.HoustonGF.com", "photo": {"prefix": "https://igx.4sqi.net/img/user/", "suffix": "/-GB0NZU1P1XB15NCZ.jpg"}, "homeCity": "Houston, TX", "lists": {"groups": [{"items": [], "count": 2, "type": "created"}]}}, {"tips": {"count": 6}, "contact": {"twitter": "mjmiranda001"}, "firstName": "Manuel", "gender": "male", "lastName": "Miranda", "id": "23685658", "bio": "", "photo": {"prefix": "https://igx.4sqi.net/img/user/", "suffix": "/23685658-4PNUMECFAFZVOBAK.jpg"}, "homeCity": "Texas", "lists": {"groups": [{"items": [], "count": 6, "type": "created"}]}}, {"tips": {"count": 2}, "contact": {"twitter": "hoppybrewing", "facebook": "578410880"}, "firstName": "Hoppy", "gender": "female", "lastName": "Brewing", "id": "2280282", "bio": "Great Food \u2022 Awesome Beer \u2022 Cool People!!!", "photo": {"prefix": "https://igx.4sqi.net/img/user/", "suffix": "/OQ2VHKS2S5LHRZNC.jpg"}, "homeCity": "Sacramento, CA", "lists": {"groups": [{"items": [], "count": 2, "type": "created"}]}}, {"tips": {"count": 2}, "contact": {"twitter": "mojotillett", "facebook": "1021353007"}, "firstName": "Mojotillett", "gender": "male", "lastName": "Tillett", "id": "24810703", "bio": "", "photo": {"prefix": "https://igx.4sqi.net/img/user/", "suffix": "/ML4J44R1MV5OEU4Q.jpg"}, "homeCity": "Seattle, WA", "lists": {"groups": [{"items": [], "count": 2, "type": "created"}]}}, {"tips": {"count": 8}, "contact": {"twitter": "cuteymomo1"}, "firstName": "Monique", "gender": "female", "lastName": "Jones", "id": "19636787", "bio": "", "photo": {"prefix": "https://igx.4sqi.net/img/user/", "suffix": "/NNUDJC5CX0ZPP2GW.jpg"}, "homeCity": "Washington, DC", "lists": {"groups": [{"items": [], "count": 3, "type": "created"}]}}, {"tips": {"count": 1}, "contact": {"twitter": "luckieishappy"}, "firstName": "luckie", "gender": "female", "lastName": "daniels", "id": "1517545", "bio": "", "photo": {"prefix": "https://igx.4sqi.net/img/user/", "suffix": "/JVO0DAW04PI05LKB.jpg"}, "homeCity": "Atlanta, GA", "lists": {"groups": [{"items": [], "count": 4, "type": "created"}]}}, {"tips": {"count": 46}, "contact": {"twitter": "chefdons", "facebook": "10204816163938812"}, "firstName": "Don", "gender": "male", "lastName": "Schoenburg", "id": "16622", "bio": "I am avaid fisherman, hunter & Chef. I love spending time with my family and doing anything outdoors. I love scuba diving, boating and riding my harley", "photo": {"prefix": "https://igx.4sqi.net/img/user/", "suffix": "/PDVYKFX2R4PMIKBC.jpg"}, "homeCity": "Houston, Texas ", "lists": {"groups": [{"items": [], "count": 7, "type": "created"}]}}, {"tips": {"count": 7}, "contact": {"twitter": "britz", "facebook": "1311391698"}, "firstName": "Mark", "gender": "male", "lastName": "Britz", "id": "1749314", "bio": "", "photo": {"prefix": "https://igx.4sqi.net/img/user/", "suffix": "/1749314-SBL4JVXRCAC1ZHSF.jpg"}, "homeCity": "Syracuse, NY", "lists": {"groups": [{"items": [], "count": 2, "type": "created"}]}}, {"tips": {"count": 14}, "contact": {"twitter": "politicalsphinx", "facebook": "707903"}, "firstName": "Jonathan", "gender": "male", "lastName": "White", "id": "1181680", "bio": "", "photo": {"prefix": "https://igx.4sqi.net/img/user/", "suffix": "/SXXKUEYZ3CB5GC1E.jpg"}, "homeCity": "Boston, MA", "lists": {"groups": [{"items": [], "count": 2, "type": "created"}]}}, {"tips": {"count": 0}, "contact": {"facebook": "651411117"}, "firstName": "Christopher", "gender": "male", "lastName": "Lierle", "id": "3171740", "bio": "", "photo": {"prefix": "https://igx.4sqi.net/img/user/", "suffix": "/NKCYLSY5UWRN2CMS.jpg"}, "homeCity": "Houston, TX", "lists": {"groups": [{"items": [], "count": 2, "type": "created"}]}}, {"tips": {"count": 0}, "contact": {}, "firstName": "onur", "gender": "male", "id": "156627578", "bio": "", "photo": {"prefix": "https://igx.4sqi.net/img/user/", "suffix": "/156627578-3VDZKUWXG5MHUGMQ.jpg"}, "homeCity": "ankara", "lists": {"groups": [{"items": [], "count": 2, "type": "created"}]}}, {"tips": {"count": 1}, "contact": {"facebook": "100000184132130"}, "firstName": "Kavonnah", "gender": "female", "lastName": "Means", "id": "56555348", "bio": "", "photo": {"prefix": "https://igx.4sqi.net/img/user/", "suffix": "/251B5YIFZYIM2KEQ.jpg"}, "homeCity": "Tampa, FL", "lists": {"groups": [{"items": [], "count": 2, "type": "created"}]}}, {"tips": {"count": 1}, "contact": {}, "firstName": "Cheap Eats", "gender": "none", "lastName": "In Houston", "id": "11642859", "bio": "", "photo": {"prefix": "https://igx.4sqi.net/img/user/", "suffix": "/blank_boy.png", "default": true}, "homeCity": "Houston, TX", "lists": {"groups": [{"items": [], "count": 2, "type": "created"}]}}, {"tips": {"count": 0}, "contact": {}, "firstName": "MsDanibaby", "gender": "female", "id": "10706889", "bio": "", "photo": {"prefix": "https://igx.4sqi.net/img/user/", "suffix": "/V3DWBJD0ULHST3N0.jpg"}, "homeCity": "Overland Park, KS", "lists": {"groups": [{"items": [], "count": 2, "type": "created"}]}}, {"tips": {"count": 4}, "contact": {"twitter": "collinsmetu", "facebook": "37504881"}, "firstName": "Collins", "gender": "male", "lastName": "Metu", "id": "26286244", "bio": "", "photo": {"prefix": "https://igx.4sqi.net/img/user/", "suffix": "/5BPHNDFXRB1AE5DR.jpg"}, "homeCity": "Houston, TX", "lists": {"groups": [{"items": [], "count": 2, "type": "created"}]}}, {"tips": {"count": 0}, "contact": {"facebook": "1322175252"}, "firstName": "Ginger", "gender": "female", "lastName": "Coffey", "id": "13072107", "bio": "", "photo": {"prefix": "https://igx.4sqi.net/img/user/", "suffix": "/UF1X5QUB2K5FCMVV.jpg"}, "homeCity": "Houston, TX", "lists": {"groups": [{"items": [], "count": 2, "type": "created"}]}}, {"tips": {"count": 0}, "contact": {"facebook": "589453357"}, "firstName": "Karolina", "gender": "female", "lastName": "O'Connor", "id": "23987893", "bio": "", "photo": {"prefix": "https://igx.4sqi.net/img/user/", "suffix": "/blank_girl.png", "default": true}, "homeCity": "Severn, MD", "lists": {"groups": [{"items": [], "count": 2, "type": "created"}]}}, {"tips": {"count": 4}, "contact": {"facebook": "1410057743"}, "firstName": "Jason", "gender": "male", "lastName": "Haag", "id": "2832118", "bio": "", "photo": {"prefix": "https://igx.4sqi.net/img/user/", "suffix": "/RNBWH1SBHT23J51N.jpg"}, "homeCity": "Pensacola, FL", "lists": {"groups": [{"items": [], "count": 4, "type": "created"}]}}, {"tips": {"count": 0}, "contact": {"facebook": "580186892"}, "firstName": "Judith", "gender": "female", "lastName": "Menendez", "id": "52605765", "bio": "", "photo": {"prefix": "https://igx.4sqi.net/img/user/", "suffix": "/blank_girl.png", "default": true}, "homeCity": "Pearland, TX", "lists": {"groups": [{"items": [], "count": 2, "type": "created"}]}}, {"tips": {"count": 13}, "contact": {}, "firstName": "Lgenius2001", "gender": "female", "lastName": "K", "id": "4815658", "bio": "", "photo": {"prefix": "https://igx.4sqi.net/img/user/", "suffix": "/DESRJBW2VQ3D12LH.jpg"}, "homeCity": "Houston, TX", "lists": {"groups": [{"items": [], "count": 2, "type": "created"}]}}, {"tips": {"count": 31}, "contact": {"twitter": "aaronesilvers", "facebook": "507127908"}, "firstName": "Aaron", "gender": "male", "lastName": "Silvers", "id": "22969", "bio": "", "photo": {"prefix": "https://igx.4sqi.net/img/user/", "suffix": "/NTZ52SWTQQVVT2IP.jpg"}, "homeCity": "Waukegan, IL", "lists": {"groups": [{"items": [], "count": 2, "type": "created"}]}}, {"tips": {"count": 182}, "contact": {"twitter": "henryshungryhou", "facebook": "743311406"}, "firstName": "Henry's Hungry Houston", "gender": "male", "id": "2137530", "bio": "", "photo": {"prefix": "https://igx.4sqi.net/img/user/", "suffix": "/5ISD4BQF43UOBZNF.jpg"}, "homeCity": "Sugar Land, TX", "lists": {"groups": [{"items": [], "count": 2, "type": "created"}]}}, {"tips": {"count": 1}, "contact": {"twitter": "wheresmuffy", "facebook": "1133108244"}, "firstName": "Kelly", "gender": "female", "lastName": "Bishop", "id": "1264333", "bio": "", "photo": {"prefix": "https://igx.4sqi.net/img/user/", "suffix": "/YAWU4BDSKZYVGM4Q.jpg"}, "homeCity": "Houston, TX", "lists": {"groups": [{"items": [], "count": 2, "type": "created"}]}}, {"tips": {"count": 5}, "contact": {"twitter": "kobiesports", "facebook": "100000478834352"}, "firstName": "kobie", "gender": "male", "lastName": "stroman", "id": "3963391", "bio": "", "photo": {"prefix": "https://igx.4sqi.net/img/user/", "suffix": "/0V1AWOSXKEDNZ1MP.jpg"}, "homeCity": "Washington D.C.", "lists": {"groups": [{"items": [], "count": 3, "type": "created"}]}}, {"tips": {"count": 10}, "contact": {}, "firstName": "Star", "gender": "none", "lastName": "Pizza Houston", "id": "22128794", "bio": "Star Pizza is a family-owned restaurant that has served Houston's best pizza since 1976. We have two locations and a party room. http://starpizza.net/", "photo": {"prefix": "https://igx.4sqi.net/img/user/", "suffix": "/H4IVOVVVNNMHUWTP.jpg"}, "homeCity": "Houston", "lists": {"groups": [{"items": [], "count": 2, "type": "created"}]}}, {"tips": {"count": 0}, "contact": {"twitter": "boomshooka", "facebook": "1443446333"}, "firstName": "Aisha", "gender": "female", "lastName": "Mitchell", "id": "37937441", "bio": "", "photo": {"prefix": "https://igx.4sqi.net/img/user/", "suffix": "/YOB4JS5FTMDVNPSL.jpg"}, "homeCity": "Clarksburg, MD", "lists": {"groups": [{"items": [], "count": 2, "type": "created"}]}}, {"tips": {"count": 0}, "contact": {"twitter": "kiranshouston", "facebook": "629341259"}, "firstName": "Chef Kiran", "gender": "female", "lastName": "Verma", "id": "26318716", "bio": "Kiran's - Chef Kiran Verma is passionate about Kiran's Restaurant! Traditional Indian Fine Dining with a Modern Chef", "photo": {"prefix": "https://igx.4sqi.net/img/user/", "suffix": "/SURWGTHORW1FSIPG.jpg"}, "homeCity": "Houston, Texas", "lists": {"groups": [{"items": [], "count": 2, "type": "created"}]}}, {"tips": {"count": 0}, "contact": {}, "firstName": "Johnelka", "gender": "female", "lastName": "Stafford", "id": "16574982", "bio": "", "photo": {"prefix": "https://igx.4sqi.net/img/user/", "suffix": "/K5K0VUMAFXGFFFKB.jpg"}, "homeCity": "Suffolk, VA", "lists": {"groups": [{"items": [], "count": 2, "type": "created"}]}}, {"tips": {"count": 0}, "contact": {"twitter": "reubentozman", "facebook": "897460021"}, "firstName": "Reuben", "gender": "male", "lastName": "Tozman", "id": "24356269", "bio": "", "photo": {"prefix": "https://igx.4sqi.net/img/user/", "suffix": "/NBVKMABTUEEGD5WA.jpg"}, "homeCity": "Florida", "lists": {"groups": [{"items": [], "count": 2, "type": "created"}]}}, {"tips": {"count": 7}, "contact": {"twitter": "thehoustonwave", "facebook": "100000437612317"}, "firstName": "The Houston Wave", "gender": "female", "id": "7343834", "bio": "Houston's jitney shuttle service. We connect people with the places they want to go. Call/email us for all your transportation needs. 713-863-WAVE (9283)", "photo": {"prefix": "https://igx.4sqi.net/img/user/", "suffix": "/PTCR414KH1XWJUZS.jpg"}, "homeCity": "Houston, TX", "lists": {"groups": [{"items": [], "count": 3, "type": "created"}]}}, {"tips": {"count": 0}, "contact": {"twitter": "gogators09", "facebook": "1004150749"}, "firstName": "Cyrus", "gender": "male", "lastName": "Stroman", "id": "88851696", "bio": "", "photo": {"prefix": "https://igx.4sqi.net/img/user/", "suffix": "/88851696-CZNXDAL2B40YUTD2.jpg"}, "homeCity": "West Virginia", "lists": {"groups": [{"items": [], "count": 2, "type": "created"}]}}, {"tips": {"count": 1}, "contact": {}, "firstName": "Zanzibar", "gender": "female", "lastName": "Houston", "id": "4815949", "bio": "", "photo": {"prefix": "https://igx.4sqi.net/img/user/", "suffix": "/ZAI015ZHOMJ1G4LF.png"}, "homeCity": "Houston, TX", "lists": {"groups": [{"items": [], "count": 2, "type": "created"}]}}, {"tips": {"count": 6}, "contact": {"facebook": "725639108"}, "firstName": "Stephen", "gender": "male", "lastName": "Martin", "id": "48984", "bio": "", "photo": {"prefix": "https://igx.4sqi.net/img/user/", "suffix": "/VJJB5TFYPSKW3PRF.jpg"}, "homeCity": "Washington, DC", "lists": {"groups": [{"items": [], "count": 2, "type": "created"}]}}, {"tips": {"count": 0}, "contact": {"facebook": "1108422105"}, "firstName": "Carla", "gender": "female", "lastName": "Salley", "id": "52207747", "bio": "", "photo": {"prefix": "https://igx.4sqi.net/img/user/", "suffix": "/ZTS2TTXVY4E4THAP.jpg"}, "homeCity": "Charleston, SC", "lists": {"groups": [{"items": [], "count": 2, "type": "created"}]}}, {"tips": {"count": 0}, "contact": {"facebook": "700101"}, "firstName": "Sharlina", "gender": "female", "lastName": "Hussain", "id": "1418311", "bio": "", "photo": {"prefix": "https://igx.4sqi.net/img/user/", "suffix": "/blank_girl.png", "default": true}, "homeCity": "Washington, DC", "lists": {"groups": [{"items": [], "count": 2, "type": "created"}]}}, {"tips": {"count": 0}, "contact": {"twitter": "robynischeesus", "facebook": "707371833"}, "firstName": "Robyn", "gender": "male", "lastName": "MacAdams", "id": "61792875", "bio": "Beer enthusiast, songwriter, cheese professional, music theory and stringed instrument teacher, associate team leader, semi-pro poker player", "photo": {"prefix": "https://igx.4sqi.net/img/user/", "suffix": "/1EHRXKSUTJKDDVRC.jpg"}, "homeCity": "Webster, TX", "lists": {"groups": [{"items": [], "count": 2, "type": "created"}]}}, {"tips": {"count": 0}, "contact": {"facebook": "705944"}, "firstName": "Adrian", "gender": "male", "lastName": "Townsend", "id": "47412503", "bio": "", "photo": {"prefix": "https://igx.4sqi.net/img/user/", "suffix": "/CARPUCY4T3VKQ0N0.jpg"}, "homeCity": "Oakland, CA", "lists": {"groups": [{"items": [], "count": 2, "type": "created"}]}}, {"tips": {"count": 0}, "contact": {"facebook": "1208158397"}, "firstName": "John", "gender": "male", "lastName": "Sewer", "id": "26981144", "bio": "", "photo": {"prefix": "https://igx.4sqi.net/img/user/", "suffix": "/blank_boy.png", "default": true}, "homeCity": "San Francisco, CA", "lists": {"groups": [{"items": [], "count": 2, "type": "created"}]}}, {"tips": {"count": 69}, "contact": {"twitter": "b_alrefai77", "facebook": "612467970"}, "firstName": "Bandder", "gender": "male", "lastName": "AlRefai", "id": "17202397", "bio": "More action less drama \ud83c\udfa9\nAnonymous & proud \ud83d\ude45\r\nLine ID# b_alrefai77\nhttp://www.eyeem.com/u/4075329", "photo": {"prefix": "https://igx.4sqi.net/img/user/", "suffix": "/17202397_0r35jKF9_qJ8nV-iukfXF1H5M-zYM0he4dm2UTQ86nw0RgK5hIjNVXfE5fh8UocgNcaoDnZlA.jpg"}, "homeCity": "Jeddah is my heart & my body are anywhere else, Saudi Arabia", "lists": {"groups": [{"items": [], "count": 5, "type": "created"}]}}, {"tips": {"count": 24}, "contact": {"twitter": "houst_on", "facebook": "896232680396343"}, "firstName": "Juanma", "gender": "male", "lastName": "Cantos", "id": "70078524", "bio": "Back in town", "photo": {"prefix": "https://igx.4sqi.net/img/user/", "suffix": "/-3LYTFD2STT5JVWQG.jpg"}, "homeCity": "Madrid, Spain", "lists": {"groups": [{"items": [], "count": 6, "type": "created"}]}}, {"tips": {"count": 0}, "contact": {"twitter": "tenartemis", "facebook": "525935351"}, "firstName": "Ten", "gender": "female", "lastName": "Anderson", "id": "8179014", "bio": "", "photo": {"prefix": "https://igx.4sqi.net/img/user/", "suffix": "/IW0ERL1H4D4WPJSR.jpg"}, "homeCity": "Orlando, FL", "lists": {"groups": [{"items": [], "count": 2, "type": "created"}]}}, {"tips": {"count": 0}, "contact": {"facebook": "692838493"}, "firstName": "Aleatha", "gender": "female", "lastName": "Pautz", "id": "92051811", "bio": "", "photo": {"prefix": "https://igx.4sqi.net/img/user/", "suffix": "/92051811-XUBYIATROZBYHUF5.jpg"}, "homeCity": "Georgia", "lists": {"groups": [{"items": [], "count": 2, "type": "created"}]}}, {"tips": {"count": 0}, "contact": {"facebook": "1102833057"}, "firstName": "Jennifer", "gender": "female", "lastName": "Roberts", "id": "65444160", "bio": "", "photo": {"prefix": "https://igx.4sqi.net/img/user/", "suffix": "/PICVQWSXDGLRG0YE.jpg"}, "homeCity": "Rocky Hill, CT", "lists": {"groups": [{"items": [], "count": 2, "type": "created"}]}}, {"tips": {"count": 8}, "contact": {"twitter": "stevier"}, "firstName": "Stevie", "gender": "female", "superuser": 1, "id": "121891", "bio": "", "photo": {"prefix": "https://igx.4sqi.net/img/user/", "suffix": "/-1_1259066637021.jpg"}, "homeCity": "State College, PA", "lists": {"groups": [{"items": [], "count": 2, "type": "created"}]}}, {"tips": {"count": 0}, "contact": {}, "firstName": "Kris", "gender": "male", "lastName": "Rockwell", "id": "1566681", "bio": "", "photo": {"prefix": "https://igx.4sqi.net/img/user/", "suffix": "/V51M4FG10QSTEZZR.jpg"}, "homeCity": "Pittsburgh, PA", "lists": {"groups": [{"items": [], "count": 2, "type": "created"}]}}, {"tips": {"count": 0}, "contact": {"facebook": "100000276663047"}, "firstName": "Barry", "gender": "male", "lastName": "Thomas", "id": "17843425", "bio": "", "photo": {"prefix": "https://igx.4sqi.net/img/user/", "suffix": "/ODSTVBKSFM0NKYU1.jpg"}, "homeCity": "Houston, TX", "lists": {"groups": [{"items": [], "count": 2, "type": "created"}]}}, {"tips": {"count": 0}, "contact": {"twitter": "sherlockology"}, "firstName": "Sherlockology", "gender": "none", "id": "10420823", "bio": "The ultimate guide for any BBC #Sherlock fan! Packed with News and Info on Characters, Cast, Crew, Locations, Episodes, Props, Wardrobe, Downloads and more!", "photo": {"prefix": "https://igx.4sqi.net/img/user/", "suffix": "/AWX25CVY54VAMWN3.jpg"}, "homeCity": "London, UK", "lists": {"groups": [{"items": [], "count": 2, "type": "created"}]}}, {"tips": {"count": 0}, "contact": {"facebook": "10153319172989472"}, "firstName": "Nicky", "gender": "female", "lastName": "Bennison", "id": "145976915", "bio": "", "photo": {"prefix": "https://igx.4sqi.net/img/user/", "suffix": "/145976915-R1AFQ0LABCYZRNKG.jpg"}, "homeCity": "Baku, Azerbaijan", "lists": {"groups": [{"items": [], "count": 2, "type": "created"}]}}, {"tips": {"count": 0}, "contact": {"twitter": "lcarter16", "facebook": "8358950"}, "firstName": "Lionel", "gender": "male", "lastName": "Carter", "id": "134072", "bio": "", "photo": {"prefix": "https://igx.4sqi.net/img/user/", "suffix": "/blank_boy.png", "default": true}, "homeCity": "Sienna Plantation, TX", "lists": {"groups": [{"items": [], "count": 2, "type": "created"}]}}, {"tips": {"count": 1}, "contact": {"facebook": "809300602"}, "firstName": "Dominique", "gender": "male", "lastName": "Nelson", "id": "1629217", "bio": "", "photo": {"prefix": "https://igx.4sqi.net/img/user/", "suffix": "/FQEHHLRE3Y1QQVAW.jpg"}, "homeCity": "Houston, TX", "lists": {"groups": [{"items": [], "count": 2, "type": "created"}]}}, {"tips": {"count": 2}, "contact": {"facebook": "5745585"}, "firstName": "Miesha", "gender": "female", "lastName": "Suber", "id": "27940852", "bio": "", "photo": {"prefix": "https://igx.4sqi.net/img/user/", "suffix": "/YL3F3FCHFCJUNGLQ.jpg"}, "homeCity": "Jersey City, NJ", "lists": {"groups": [{"items": [], "count": 4, "type": "created"}]}}, {"tips": {"count": 2}, "contact": {"twitter": "briandusablon", "facebook": "504067476"}, "firstName": "Brian", "gender": "male", "lastName": "Dusablon", "id": "10825222", "bio": "", "photo": {"prefix": "https://igx.4sqi.net/img/user/", "suffix": "/KTNDNOWEOW1JBUI3.jpg"}, "homeCity": "Kingwood, TX", "lists": {"groups": [{"items": [], "count": 2, "type": "created"}]}}, {"tips": {"count": 0}, "contact": {}, "firstName": "Alicia", "gender": "female", "lastName": "Sanchez", "id": "1060772", "bio": "", "photo": {"prefix": "https://igx.4sqi.net/img/user/", "suffix": "/blank_girl.png", "default": true}, "homeCity": "Longwood, FL", "lists": {"groups": [{"items": [], "count": 2, "type": "created"}]}}, {"tips": {"count": 0}, "contact": {"facebook": "3703553"}, "firstName": "Cassandra", "gender": "female", "lastName": "Reynolds", "id": "1712065", "bio": "", "photo": {"prefix": "https://igx.4sqi.net/img/user/", "suffix": "/blank_girl.png", "default": true}, "homeCity": "Bowie, Maryland", "lists": {"groups": [{"items": [], "count": 2, "type": "created"}]}}, {"tips": {"count": 0}, "contact": {"facebook": "714908"}, "firstName": "Barika", "gender": "female", "lastName": "Poole", "id": "28779021", "bio": "", "photo": {"prefix": "https://igx.4sqi.net/img/user/", "suffix": "/44XNKM4E3YPYAVYL.jpg"}, "homeCity": "Apopka, FL", "lists": {"groups": [{"items": [], "count": 3, "type": "created"}]}}, {"tips": {"count": 0}, "contact": {}, "firstName": "Mary", "gender": "female", "lastName": "Klein", "id": "61581916", "bio": "Amateur cook but a veteran foodie...  Just started cooking classes!", "photo": {"prefix": "https://igx.4sqi.net/img/user/", "suffix": "/YMXPPDQ5PWYJQVRH"}, "homeCity": "London", "lists": {"groups": [{"items": [], "count": 2, "type": "created"}]}}, {"tips": {"count": 0}, "contact": {"twitter": "will_reynolds", "facebook": "500044171"}, "firstName": "William", "gender": "male", "lastName": "Reynolds", "id": "1556517", "bio": "", "photo": {"prefix": "https://igx.4sqi.net/img/user/", "suffix": "/blank_boy.png", "default": true}, "homeCity": "Chevy Chase, MD", "lists": {"groups": [{"items": [], "count": 2, "type": "created"}]}}, {"tips": {"count": 6}, "contact": {"twitter": "shantuan", "facebook": "8334670"}, "firstName": "Shantuan", "gender": "female", "id": "2982015", "bio": "", "photo": {"prefix": "https://igx.4sqi.net/img/user/", "suffix": "/AKAXUKP0K5ASRYNY.jpg"}, "homeCity": "Houston, TX", "lists": {"groups": [{"items": [], "count": 7, "type": "created"}]}}, {"tips": {"count": 0}, "contact": {"twitter": "liquor_lady", "facebook": "1530611848"}, "firstName": "Liquor", "gender": "female", "lastName": "Lady", "id": "1769432", "bio": "Drinker. Marketer. Speaker. Blogger.\r\nwww.liquorlady.com", "photo": {"prefix": "https://igx.4sqi.net/img/user/", "suffix": "/1769432-5PGLWTCLYXNYVTDQ.jpg"}, "homeCity": "", "lists": {"groups": [{"items": [], "count": 2, "type": "created"}]}}, {"tips": {"count": 6}, "contact": {"twitter": "tracy_parish"}, "firstName": "Tracy", "gender": "female", "lastName": "Parish", "id": "3085247", "bio": "", "photo": {"prefix": "https://igx.4sqi.net/img/user/", "suffix": "/SUJKIZ5SBDV23AQ2.jpg"}, "homeCity": "Newmarket, Canada", "lists": {"groups": [{"items": [], "count": 2, "type": "created"}]}}, {"tips": {"count": 81}, "contact": {}, "firstName": "@kdeamat", "gender": "female", "lastName": "\u2122", "id": "1775524", "bio": "Founder & Pres. www.sobecommunications.com Million $ Marketing designed for Small Business Budgets! #startups #startup #digitalmarketing #webdesign #logodesign", "photo": {"prefix": "https://igx.4sqi.net/img/user/", "suffix": "/1775524-2D351JFUGIBNUZ3C.jpg"}, "homeCity": "Miami & Houston", "lists": {"groups": [{"items": [], "count": 2, "type": "created"}]}}, {"tips": {"count": 12}, "contact": {"twitter": "erraticflow", "facebook": "10205045544915885"}, "firstName": "S", "gender": "female", "lastName": "Williams", "id": "6060030", "bio": "", "photo": {"prefix": "https://igx.4sqi.net/img/user/", "suffix": "/6060030_wn82Mc7e_xKzaKjnq_WEMfSpgCiuG9dwWE5I1lmzuT8GloBSYLy35RjcgwiA37yOmbv6spO0n.jpg"}, "homeCity": "Houston, TX", "lists": {"groups": [{"items": [], "count": 2, "type": "created"}]}}, {"tips": {"count": 4}, "contact": {"facebook": "654045583"}, "firstName": "Drea", "gender": "female", "lastName": "P", "id": "1955468", "bio": "", "photo": {"prefix": "https://igx.4sqi.net/img/user/", "suffix": "/SGA30DN1MXOJ3EF0.jpg"}, "homeCity": "Houston, TX", "lists": {"groups": [{"items": [], "count": 2, "type": "created"}]}}, {"tips": {"count": 21}, "contact": {"twitter": "carusored", "facebook": "1614785245"}, "firstName": "Frank", "gender": "male", "lastName": "Caruso", "id": "8730826", "bio": "A unique company with a focus on business, lifestyle, food, wine and travel", "photo": {"prefix": "https://igx.4sqi.net/img/user/", "suffix": "/ASOZYQZXALLGWMR5.jpg"}, "homeCity": "Galveston, tx", "lists": {"groups": [{"items": [], "count": 2, "type": "created"}]}}, {"tips": {"count": 33}, "contact": {"twitter": "solvingtomorrow", "facebook": "1493679912"}, "firstName": "David", "gender": "male", "lastName": "Luff", "id": "5410077", "bio": "", "photo": {"prefix": "https://igx.4sqi.net/img/user/", "suffix": "/SGIDUVIJAVK5VRBB.jpg"}, "homeCity": "Ciudad de M\u00e9xico, DF", "lists": {"groups": [{"items": [], "count": 6, "type": "created"}]}}, {"tips": {"count": 0}, "contact": {}, "firstName": "Leslie", "gender": "female", "lastName": "Vic", "id": "14932946", "bio": "", "photo": {"prefix": "https://igx.4sqi.net/img/user/", "suffix": "/blank_girl.png", "default": true}, "homeCity": "Secaucus, NJ", "lists": {"groups": [{"items": [], "count": 2, "type": "created"}]}}, {"tips": {"count": 11}, "contact": {}, "firstName": "Ismail", "gender": "male", "lastName": "G\u00fcm\u00fc\u015f", "id": "35305856", "bio": "", "photo": {"prefix": "https://igx.4sqi.net/img/user/", "suffix": "/35305856-2HFHU42AY0LM34TJ.jpg"}, "homeCity": "Bursa", "lists": {"groups": [{"items": [], "count": 2, "type": "created"}]}}, {"tips": {"count": 2}, "contact": {"facebook": "819835390"}, "firstName": "Nickie", "gender": "female", "lastName": "EmbracingtheProcess", "id": "16618267", "bio": "", "photo": {"prefix": "https://igx.4sqi.net/img/user/", "suffix": "/1G3LJF4IURL31243.jpg"}, "homeCity": "Olney, MD", "lists": {"groups": [{"items": [], "count": 2, "type": "created"}]}}], "count": 118}, "checksum": "8e7d796bfdf22e46a9eb39264b0b41d4dc254029"}, "meta": {"requestId": "596622124434b96bcac5318c", "code": 200}}