{"notifications": [{"type": "notificationTray", "item": {"unreadCount": 0}}], "response": {"friends": {"items": [{"tips": {"count": 1}, "contact": {"facebook": "561153519"}, "firstName": "k", "gender": "female", "lastName": "lim", "id": "1359758", "bio": "", "photo": {"prefix": "https://igx.4sqi.net/img/user/", "suffix": "/11KXUCE4EPKUZEDE.jpg"}, "homeCity": "Singapore", "lists": {"groups": [{"items": [], "count": 2, "type": "created"}]}}, {"tips": {"count": 27}, "contact": {"facebook": "721544107"}, "firstName": "Jason", "gender": "male", "lastName": "Leow", "id": "8377739", "bio": "", "photo": {"prefix": "https://igx.4sqi.net/img/user/", "suffix": "/4WUBJMUV1XU1KBLS.jpg"}, "homeCity": "Singapore", "lists": {"groups": [{"items": [], "count": 2, "type": "created"}]}}, {"tips": {"count": 0}, "contact": {"facebook": "737057105"}, "firstName": "Shannin", "gender": "female", "lastName": "Teoh", "id": "1600985", "bio": "", "photo": {"prefix": "https://igx.4sqi.net/img/user/", "suffix": "/R1USQBQ1LELJ5UH0.jpg"}, "homeCity": "Singapore", "lists": {"groups": [{"items": [], "count": 2, "type": "created"}]}}, {"tips": {"count": 0}, "contact": {"twitter": "shenbolun", "facebook": "683473315"}, "firstName": "Brent", "gender": "male", "lastName": "Shen", "id": "369946", "bio": "You see who I want you to see.", "photo": {"prefix": "https://igx.4sqi.net/img/user/", "suffix": "/blank_boy.png", "default": true}, "homeCity": "Beijing, China", "lists": {"groups": [{"items": [], "count": 2, "type": "created"}]}}, {"tips": {"count": 0}, "contact": {"facebook": "669165784"}, "firstName": "Wee Keng", "gender": "male", "lastName": "Goh", "id": "18689047", "bio": "", "photo": {"prefix": "https://igx.4sqi.net/img/user/", "suffix": "/blank_boy.png", "default": true}, "homeCity": "Qu\u1eadn 1, Vietnam", "lists": {"groups": [{"items": [], "count": 2, "type": "created"}]}}, {"tips": {"count": 18}, "contact": {"twitter": "elizabeth_chen", "facebook": "713783855"}, "firstName": "Elizabeth", "gender": "female", "lastName": "Chen", "id": "7865950", "bio": "Communication Professional #Text100, Paranoid, #Social Networking and #Tech Enthusiast, #Chef in Making, soon 2 own a humble 7X4 sized eatery", "photo": {"prefix": "https://igx.4sqi.net/img/user/", "suffix": "/7865950-21WDT3Q4SZQ4NXHS.jpg"}, "homeCity": "India", "lists": {"groups": [{"items": [], "count": 2, "type": "created"}]}}, {"tips": {"count": 5}, "contact": {"twitter": "spunk107"}, "firstName": "Adrian", "gender": "male", "id": "513381", "bio": "", "photo": {"prefix": "https://igx.4sqi.net/img/user/", "suffix": "/513381-K5ESJ00GJSSOSM5L.jpg"}, "homeCity": "Singapore", "lists": {"groups": [{"items": [], "count": 2, "type": "created"}]}}, {"tips": {"count": 2}, "contact": {"twitter": "cherylhan", "facebook": "586296901"}, "firstName": "Cheryl", "gender": "female", "lastName": "Han", "id": "245338", "bio": "", "photo": {"prefix": "https://igx.4sqi.net/img/user/", "suffix": "/BDTDI523PLGGL0BV.jpg"}, "homeCity": "Singapore", "lists": {"groups": [{"items": [], "count": 2, "type": "created"}]}}, {"tips": {"count": 10}, "contact": {"facebook": "501554741"}, "firstName": "Royce", "gender": "male", "lastName": "Heng", "id": "5581820", "bio": "", "photo": {"prefix": "https://igx.4sqi.net/img/user/", "suffix": "/5AEYFW4R5UQHT4B3.jpg"}, "homeCity": "Bangkok, Thailand", "lists": {"groups": [{"items": [], "count": 2, "type": "created"}]}}, {"tips": {"count": 5}, "contact": {"facebook": "815902504"}, "firstName": "Sabrina", "gender": "female", "lastName": "Chong", "id": "1912258", "bio": "", "photo": {"prefix": "https://igx.4sqi.net/img/user/", "suffix": "/D4G2WJMEJ5HHN2OS.jpg"}, "homeCity": "Singapore", "lists": {"groups": [{"items": [], "count": 8, "type": "created"}]}}, {"tips": {"count": 2}, "contact": {"twitter": "joyous", "facebook": "588810446"}, "firstName": "Joy", "gender": "female", "lastName": "Yap", "id": "449251", "bio": "", "photo": {"prefix": "https://igx.4sqi.net/img/user/", "suffix": "/HS5QE3C1NCEZ3AWB.jpg"}, "homeCity": "Singapore", "lists": {"groups": [{"items": [], "count": 2, "type": "created"}]}}, {"tips": {"count": 7}, "contact": {"twitter": "skybe077", "facebook": "712695831"}, "firstName": "Edwin", "gender": "male", "lastName": "Tam", "id": "195103", "bio": "", "photo": {"prefix": "https://igx.4sqi.net/img/user/", "suffix": "/KO3PU1U35W3GA42K.jpg"}, "homeCity": "City, Singapore", "lists": {"groups": [{"items": [], "count": 2, "type": "created"}]}}, {"tips": {"count": 0}, "contact": {"twitter": "glitterwall", "facebook": "722948831"}, "firstName": "Krishna", "gender": "female", "lastName": "Vilasini", "id": "1075829", "bio": "", "photo": {"prefix": "https://igx.4sqi.net/img/user/", "suffix": "/YSYN4AIP2VMJI5MR.jpg"}, "homeCity": "Mumbai, Maharashtra", "lists": {"groups": [{"items": [], "count": 2, "type": "created"}]}}, {"tips": {"count": 0}, "contact": {"twitter": "lennel"}, "firstName": "lennel", "gender": "male", "lastName": "tan", "id": "121742", "bio": "", "photo": {"prefix": "https://igx.4sqi.net/img/user/", "suffix": "/121742-ST0M4QCHEBLOLUD5.jpg"}, "homeCity": "Singapore", "lists": {"groups": [{"items": [], "count": 2, "type": "created"}]}}, {"tips": {"count": 0}, "contact": {}, "firstName": "Sabrina", "gender": "female", "lastName": "Tan", "id": "729773", "bio": "", "photo": {"prefix": "https://igx.4sqi.net/img/user/", "suffix": "/550SYQHI4TPOJQZA.jpg"}, "homeCity": "Singapore", "lists": {"groups": [{"items": [], "count": 2, "type": "created"}]}}, {"tips": {"count": 122}, "contact": {"twitter": "waynema", "facebook": "1907998"}, "firstName": "Wayne", "gender": "male", "lastName": "Ma", "id": "1028297", "bio": "", "photo": {"prefix": "https://igx.4sqi.net/img/user/", "suffix": "/2KPPS4UQRELQG5BK.jpg"}, "homeCity": "Hong Kong ", "lists": {"groups": [{"items": [], "count": 4, "type": "created"}]}}, {"tips": {"count": 1}, "contact": {}, "firstName": "Ghim", "gender": "female", "id": "2588645", "bio": "Hi, I only add people I know well personally. Cheers.", "photo": {"prefix": "https://igx.4sqi.net/img/user/", "suffix": "/UKMNMQNYXCRUQV5H.jpg"}, "homeCity": "Washington, DC", "lists": {"groups": [{"items": [], "count": 7, "type": "created"}]}}, {"tips": {"count": 0}, "contact": {"facebook": "1225263"}, "firstName": "Angela", "gender": "female", "lastName": "Ni", "id": "33026165", "bio": "", "photo": {"prefix": "https://igx.4sqi.net/img/user/", "suffix": "/PXPNR0SYI0WZDKZQ.jpg"}, "homeCity": "\u9999\u6e2f, Hong Kong", "lists": {"groups": [{"items": [], "count": 2, "type": "created"}]}}, {"tips": {"count": 153}, "contact": {"twitter": "totemx"}, "firstName": "Daniel", "gender": "male", "lastName": "Chong", "id": "170624", "bio": "Misadventures\nwww.totemx.net", "photo": {"prefix": "https://igx.4sqi.net/img/user/", "suffix": "/4SQ4G5WHXNVTGXVB.jpg"}, "homeCity": "Marine Parade, Singapore", "lists": {"groups": [{"items": [], "count": 11, "type": "created"}]}}, {"tips": {"count": 0}, "contact": {"facebook": "100001940456823"}, "firstName": "Fei", "gender": "female", "lastName": "Tang", "id": "97099264", "bio": "", "photo": {"prefix": "https://igx.4sqi.net/img/user/", "suffix": "/97099264-E2PCQF4QYYOJJ5YS.jpg"}, "homeCity": "", "lists": {"groups": [{"items": [], "count": 2, "type": "created"}]}}, {"tips": {"count": 32}, "contact": {"facebook": "1046004185"}, "firstName": "Jorge", "gender": "male", "lastName": "Tobar", "id": "12472482", "bio": "", "photo": {"prefix": "https://igx.4sqi.net/img/user/", "suffix": "/12472482-VZDL23TJUARPC15Y.jpg"}, "homeCity": "\u00d1u\u00f1oa, Chile", "lists": {"groups": [{"items": [], "count": 2, "type": "created"}]}}, {"tips": {"count": 0}, "contact": {"facebook": "538665899"}, "firstName": "Sheila", "gender": "female", "lastName": "Wee", "id": "10244309", "bio": "", "photo": {"prefix": "https://igx.4sqi.net/img/user/", "suffix": "/EAR23Z4A4DIZ544O.jpg"}, "homeCity": "Singapore", "lists": {"groups": [{"items": [], "count": 2, "type": "created"}]}}, {"tips": {"count": 18}, "contact": {"facebook": "22904343"}, "firstName": "Tom", "gender": "male", "id": "2004132", "bio": "", "photo": {"prefix": "https://igx.4sqi.net/img/user/", "suffix": "/DXUBMRSRZFBA3KTM.jpg"}, "homeCity": "Carol Stream, IL", "lists": {"groups": [{"items": [], "count": 2, "type": "created"}]}}, {"tips": {"count": 24}, "contact": {"facebook": "518377041"}, "firstName": "Lynette", "gender": "female", "lastName": "Chua", "id": "1223470", "bio": "", "photo": {"prefix": "https://igx.4sqi.net/img/user/", "suffix": "/1223470-JBCLFZDYNVE22BRZ.jpg"}, "homeCity": "Singapore", "lists": {"groups": [{"items": [], "count": 2, "type": "created"}]}}, {"tips": {"count": 8}, "contact": {"twitter": "thelittlebowl"}, "firstName": "Lisa", "gender": "female", "lastName": "Tan", "id": "289789", "bio": "", "photo": {"prefix": "https://igx.4sqi.net/img/user/", "suffix": "/E1TUWJGLQLTKBKNN.jpg"}, "homeCity": "Singapore", "lists": {"groups": [{"items": [], "count": 2, "type": "created"}]}}, {"tips": {"count": 8}, "contact": {"twitter": "iamrahim", "facebook": "605615027"}, "firstName": "Abdul Rahim", "gender": "male", "lastName": "Anwar", "id": "1083607", "bio": "", "photo": {"prefix": "https://igx.4sqi.net/img/user/", "suffix": "/H3GUM4SKE5YZEMIK.jpg"}, "homeCity": "Singapore", "lists": {"groups": [{"items": [], "count": 2, "type": "created"}]}}, {"superuser": 1, "tips": {"count": 16}, "contact": {"twitter": "desireekoh13", "facebook": "567848416"}, "firstName": "Desiree", "gender": "female", "lastName": "Koh", "id": "122077", "bio": "Cubs fou. Springsteen wife. Working writer. Beer baroness. Pizza president. Brawling ballplayer. Runnerd. Half-Irondork. Himalayan yak. Kilimanjaro climber.", "photo": {"prefix": "https://igx.4sqi.net/img/user/", "suffix": "/IRZZDKQZOV15SH00.jpg"}, "homeCity": "Singapore", "lists": {"groups": [{"items": [], "count": 2, "type": "created"}]}}, {"tips": {"count": 21}, "contact": {"twitter": "jiayi_chen", "facebook": "507624739"}, "firstName": "Jiayi", "gender": "female", "lastName": "Chen", "id": "1269485", "bio": "", "photo": {"prefix": "https://igx.4sqi.net/img/user/", "suffix": "/0CUA40WOKUWQAG0C.jpg"}, "homeCity": "Singapore", "lists": {"groups": [{"items": [], "count": 2, "type": "created"}]}}, {"tips": {"count": 0}, "contact": {"facebook": "645345769"}, "firstName": "Jaymee", "gender": "female", "lastName": "Gam", "id": "3300734", "bio": "", "photo": {"prefix": "https://igx.4sqi.net/img/user/", "suffix": "/XC2ZZR3VFOBVFCNI.jpg"}, "homeCity": "Singapore", "lists": {"groups": [{"items": [], "count": 2, "type": "created"}]}}, {"tips": {"count": 19}, "contact": {}, "firstName": "Wolfgang", "gender": "male", "lastName": "Amadeus", "id": "1123120", "bio": "", "photo": {"prefix": "https://igx.4sqi.net/img/user/", "suffix": "/STBQSU1UVB1VOX2P.jpg"}, "homeCity": "Bukit Merah, Singapore", "lists": {"groups": [{"items": [], "count": 2, "type": "created"}]}}, {"tips": {"count": 3}, "contact": {"facebook": "708917418"}, "firstName": "Rebecca", "gender": "female", "id": "1612433", "bio": "", "photo": {"prefix": "https://igx.4sqi.net/img/user/", "suffix": "/JYQ1T2LHGI4IFUY1.jpg"}, "homeCity": "Singapore", "lists": {"groups": [{"items": [], "count": 2, "type": "created"}]}}, {"tips": {"count": 85}, "contact": {"twitter": "silkcharm", "facebook": "711375739"}, "firstName": "SilkCharm", "gender": "female", "id": "124454", "bio": "Online Community Manager and Social Media Lecturer", "photo": {"prefix": "https://igx.4sqi.net/img/user/", "suffix": "/-1_1259150235547.jpg"}, "homeCity": "Sydney Domestic Airport, NSW", "lists": {"groups": [{"items": [], "count": 9, "type": "created"}]}}, {"tips": {"count": 0}, "contact": {}, "firstName": "Suzanne", "gender": "none", "lastName": "Ho", "id": "1269632", "bio": "", "photo": {"prefix": "https://igx.4sqi.net/img/user/", "suffix": "/1V0K0WI1552GH2CX.jpg"}, "homeCity": "Singapore", "lists": {"groups": [{"items": [], "count": 2, "type": "created"}]}}, {"tips": {"count": 10}, "contact": {}, "firstName": "Carrie", "gender": "female", "lastName": "Ang", "id": "4491056", "bio": "", "photo": {"prefix": "https://igx.4sqi.net/img/user/", "suffix": "/G2BR1QR5JSD1MKVC.jpg"}, "homeCity": "Singapore", "lists": {"groups": [{"items": [], "count": 2, "type": "created"}]}}, {"tips": {"count": 0}, "contact": {"twitter": "gwen_ng"}, "firstName": "Gwen", "gender": "female", "lastName": "Ng", "id": "2518320", "bio": "", "photo": {"prefix": "https://igx.4sqi.net/img/user/", "suffix": "/KC1WKHBREVQJJOK5.jpg"}, "homeCity": "Singapore", "lists": {"groups": [{"items": [], "count": 2, "type": "created"}]}}, {"tips": {"count": 3}, "contact": {"facebook": "567131772"}, "firstName": "Sleepy Jes", "gender": "female", "id": "1053130", "bio": "", "photo": {"prefix": "https://igx.4sqi.net/img/user/", "suffix": "/SW1HI4M0DSGVRWFK.jpg"}, "homeCity": "Singapore", "lists": {"groups": [{"items": [], "count": 2, "type": "created"}]}}, {"tips": {"count": 19}, "contact": {}, "firstName": "Leonard", "gender": "male", "lastName": "C", "id": "1418969", "bio": "", "photo": {"prefix": "https://igx.4sqi.net/img/user/", "suffix": "/0RQLX5JBENJIS205.jpg"}, "homeCity": "Singapore", "lists": {"groups": [{"items": [], "count": 2, "type": "created"}]}}, {"tips": {"count": 6}, "contact": {"twitter": "misspearlking"}, "firstName": "Minah", "gender": "female", "lastName": "Muthurajah", "id": "42000307", "bio": "", "photo": {"prefix": "https://igx.4sqi.net/img/user/", "suffix": "/YEA102XLQ1K5MUIJ.jpg"}, "homeCity": "East Finchley", "lists": {"groups": [{"items": [], "count": 3, "type": "created"}]}}, {"tips": {"count": 0}, "contact": {"facebook": "10155343393790576"}, "firstName": "Jeremy", "gender": "male", "lastName": "Bek", "id": "3061151", "bio": "", "photo": {"prefix": "https://igx.4sqi.net/img/user/", "suffix": "/3061151-TM1VWMIFVL5LWU1W.jpg"}, "homeCity": "Singapore", "lists": {"groups": [{"items": [], "count": 2, "type": "created"}]}}, {"tips": {"count": 0}, "contact": {"facebook": "555431576"}, "firstName": "Rachel", "gender": "female", "lastName": "Yim", "id": "1959330", "bio": "", "photo": {"prefix": "https://igx.4sqi.net/img/user/", "suffix": "/1959330-YLJPXIIZ0PQRTDTF.jpg"}, "homeCity": "Allen, TX", "lists": {"groups": [{"items": [], "count": 2, "type": "created"}]}}, {"tips": {"count": 0}, "contact": {"twitter": "celineng"}, "firstName": "Celine", "gender": "female", "lastName": "Ng", "id": "1708397", "bio": "", "photo": {"prefix": "https://igx.4sqi.net/img/user/", "suffix": "/GSSOIDT4SHJAHXA3.jpg"}, "homeCity": "Singapore", "lists": {"groups": [{"items": [], "count": 2, "type": "created"}]}}, {"tips": {"count": 6}, "contact": {"facebook": "624900026"}, "firstName": "Lynette", "gender": "female", "lastName": "Foo", "id": "5246630", "bio": "", "photo": {"prefix": "https://igx.4sqi.net/img/user/", "suffix": "/LAXFFQMZXCOXOR4T.jpg"}, "homeCity": "Singapore", "lists": {"groups": [{"items": [], "count": 2, "type": "created"}]}}, {"tips": {"count": 0}, "contact": {"facebook": "613392278"}, "firstName": "Cain", "gender": "male", "lastName": "Lim", "id": "4719647", "bio": "", "photo": {"prefix": "https://igx.4sqi.net/img/user/", "suffix": "/ZVGX1NW40H455FE2.jpg"}, "homeCity": "Singapore", "lists": {"groups": [{"items": [], "count": 2, "type": "created"}]}}, {"tips": {"count": 0}, "contact": {"twitter": "kormmandos", "facebook": "632752684"}, "firstName": "Shu Yen", "gender": "male", "lastName": "Kor", "id": "2038398", "bio": "", "photo": {"prefix": "https://igx.4sqi.net/img/user/", "suffix": "/blank_boy.png", "default": true}, "homeCity": "Singapore", "lists": {"groups": [{"items": [], "count": 2, "type": "created"}]}}, {"tips": {"count": 6}, "contact": {"twitter": "joicie_lee", "facebook": "770275293"}, "firstName": "Joyce", "gender": "female", "lastName": "Lee", "id": "4930356", "bio": "", "photo": {"prefix": "https://igx.4sqi.net/img/user/", "suffix": "/P4QHLXQHXIW35QCO.jpg"}, "homeCity": "Singapore", "lists": {"groups": [{"items": [], "count": 2, "type": "created"}]}}, {"tips": {"count": 0}, "contact": {"twitter": "yuutsu", "facebook": "523377700"}, "firstName": "Juan", "gender": "female", "lastName": "Yu", "id": "2083745", "bio": "", "photo": {"prefix": "https://igx.4sqi.net/img/user/", "suffix": "/JXY0E2DY2WJJVL5C.jpg"}, "homeCity": "Singapore", "lists": {"groups": [{"items": [], "count": 2, "type": "created"}]}}, {"tips": {"count": 36}, "contact": {"twitter": "drumzfreak", "facebook": "560734041"}, "firstName": "Keith", "gender": "male", "lastName": "Tan", "id": "2449612", "bio": "www.tankprojects.co", "photo": {"prefix": "https://igx.4sqi.net/img/user/", "suffix": "/AC2E2BFLROSR52YM.jpg"}, "homeCity": "New York, NY", "lists": {"groups": [{"items": [], "count": 20, "type": "created"}]}}, {"tips": {"count": 0}, "contact": {"twitter": "lollipopsundays"}, "firstName": "Lisa", "gender": "female", "lastName": "Tan", "id": "3568393", "bio": "", "photo": {"prefix": "https://igx.4sqi.net/img/user/", "suffix": "/PO4YA5G4VPGVVQNY.jpg"}, "homeCity": "Singapore", "lists": {"groups": [{"items": [], "count": 2, "type": "created"}]}}, {"tips": {"count": 0}, "contact": {}, "firstName": "Janice", "gender": "female", "id": "5654593", "bio": "", "photo": {"prefix": "https://igx.4sqi.net/img/user/", "suffix": "/OASQCCTRBE0YP3GT.jpg"}, "homeCity": "Singapore", "lists": {"groups": [{"items": [], "count": 2, "type": "created"}]}}], "count": 49}, "checksum": "ecf32238653f769dc61dae23a3977dbef0756a1d"}, "meta": {"requestId": "5965bd96351e3d64b088ecab", "code": 200}}