{"notifications": [{"type": "notificationTray", "item": {"unreadCount": 0}}], "response": {"friends": {"items": [{"tips": {"count": 14}, "contact": {"facebook": "672322153"}, "firstName": "Barry", "gender": "male", "lastName": "Sum", "id": "1361231", "bio": "", "photo": {"prefix": "https://igx.4sqi.net/img/user/", "suffix": "/LEHKUFEPCN2VXZA4.jpg"}, "homeCity": "Hong Kong", "lists": {"groups": [{"items": [], "count": 2, "type": "created"}]}}, {"tips": {"count": 18}, "contact": {"twitter": "jimenian", "facebook": "100004295910005"}, "firstName": "Jimen", "gender": "male", "lastName": "Ian", "id": "68601081", "bio": "", "photo": {"prefix": "https://igx.4sqi.net/img/user/", "suffix": "/C42RCEXLTJXW0URJ.jpg"}, "homeCity": "Singapore", "lists": {"groups": [{"items": [], "count": 2, "type": "created"}]}}, {"tips": {"count": 6}, "contact": {"facebook": "1201641788"}, "firstName": "Mark", "gender": "male", "lastName": "\u6797\u5d0d\u8aa0", "id": "4844580", "bio": "", "photo": {"prefix": "https://igx.4sqi.net/img/user/", "suffix": "/4844580_0wywW1qZ_igmJjKpbKQxugvC8PRu3g52wUR8BbV4F4VnaZ6YW18DKhZKb_c0uHgMLIYTu6PWx.jpg"}, "homeCity": "Singapore", "lists": {"groups": [{"items": [], "count": 3, "type": "created"}]}}, {"tips": {"count": 7}, "contact": {"facebook": "600914644"}, "firstName": "Olivier", "gender": "male", "lastName": "Longuet knoepfel", "id": "278937", "bio": "", "photo": {"prefix": "https://igx.4sqi.net/img/user/", "suffix": "/SYOUKDTCSPOF4KMY.jpg"}, "homeCity": "Bangkok", "lists": {"groups": [{"items": [], "count": 2, "type": "created"}]}}, {"tips": {"count": 0}, "contact": {"twitter": "mickyiglesiass", "facebook": "1754363086"}, "firstName": "iglesias", "gender": "male", "lastName": "micky", "id": "3512829", "bio": "", "photo": {"prefix": "https://igx.4sqi.net/img/user/", "suffix": "/RZIWWUNEN5FDLMRR.jpg"}, "homeCity": "Thailand", "lists": {"groups": [{"items": [], "count": 2, "type": "created"}]}}, {"tips": {"count": 38}, "contact": {"twitter": "keyzjasmine"}, "firstName": "Mika", "gender": "male", "lastName": "Jasmine", "id": "1333484", "bio": "ASN | ASN Strategic, Development and Controller | Straight Forward | Brotherhood | Gym | Movie Freak | Anime | Tokatsu | Hang Out", "photo": {"prefix": "https://igx.4sqi.net/img/user/", "suffix": "/NLZDNYF1SWBVFY0D.jpg"}, "homeCity": "DKI Jakarta,Indonesia", "lists": {"groups": [{"items": [], "count": 2, "type": "created"}]}}, {"tips": {"count": 1}, "contact": {"facebook": "1095577322"}, "firstName": "Joseph Eduard III", "gender": "male", "lastName": "Larano", "id": "4275011", "bio": "", "photo": {"prefix": "https://igx.4sqi.net/img/user/", "suffix": "/P5MHF5H0C3BDH3XB.jpg"}, "homeCity": "Philippines", "lists": {"groups": [{"items": [], "count": 2, "type": "created"}]}}, {"tips": {"count": 0}, "contact": {"facebook": "817467887"}, "firstName": "Edwin", "gender": "male", "lastName": "Loa", "id": "13242141", "bio": "", "photo": {"prefix": "https://igx.4sqi.net/img/user/", "suffix": "/13242141-AF5S2ZDNQ0XTCW0U.jpg"}, "homeCity": "Indonesia-medan", "lists": {"groups": [{"items": [], "count": 2, "type": "created"}]}}, {"tips": {"count": 3}, "contact": {"facebook": "632645213"}, "firstName": "Todd", "gender": "male", "lastName": "JM", "id": "13508756", "bio": "", "photo": {"prefix": "https://igx.4sqi.net/img/user/", "suffix": "/PLCMOZ25BXEXTGV2.jpg"}, "homeCity": "Vancouver, Canada", "lists": {"groups": [{"items": [], "count": 2, "type": "created"}]}}, {"tips": {"count": 1}, "contact": {"twitter": "ketabkk", "facebook": "643759581"}, "firstName": "Keta", "gender": "male", "lastName": "Mongkhon", "id": "1170319", "bio": "", "photo": {"prefix": "https://igx.4sqi.net/img/user/", "suffix": "/AUUAYSBHFYX1GMEO.jpg"}, "homeCity": "Bangkok, Thailand", "lists": {"groups": [{"items": [], "count": 2, "type": "created"}]}}, {"tips": {"count": 1}, "contact": {"facebook": "642766138"}, "firstName": "Leon", "gender": "male", "lastName": "Koh", "id": "437720", "bio": "", "photo": {"prefix": "https://igx.4sqi.net/img/user/", "suffix": "/OKTHPDGRH0HWUSMF.jpg"}, "homeCity": "singapore", "lists": {"groups": [{"items": [], "count": 2, "type": "created"}]}}, {"tips": {"count": 1}, "contact": {"facebook": "1031443959"}, "firstName": "Craphone", "gender": "male", "lastName": "Liu", "id": "5394169", "bio": "", "photo": {"prefix": "https://igx.4sqi.net/img/user/", "suffix": "/YB1AKB5DKCVICLLW.jpg"}, "homeCity": "\u53f0\u5317\u5e02, Taiwan", "lists": {"groups": [{"items": [], "count": 2, "type": "created"}]}}, {"tips": {"count": 0}, "contact": {"facebook": "619376332"}, "firstName": "Elwyn", "gender": "male", "lastName": "Foo", "id": "4620591", "bio": "", "photo": {"prefix": "https://igx.4sqi.net/img/user/", "suffix": "/XIMED0PPFIADVCM1.jpg"}, "homeCity": "Shah Alam, Malaysia", "lists": {"groups": [{"items": [], "count": 2, "type": "created"}]}}, {"tips": {"count": 0}, "contact": {"twitter": "donnytantb", "facebook": "614651930"}, "firstName": "Donny", "gender": "male", "lastName": "Tan", "id": "5428313", "bio": "", "photo": {"prefix": "https://igx.4sqi.net/img/user/", "suffix": "/3SB4TRHGLHGHJAGA.gif"}, "homeCity": "Singapore", "lists": {"groups": [{"items": [], "count": 2, "type": "created"}]}}, {"tips": {"count": 4}, "contact": {"twitter": "immychoo", "facebook": "655933126"}, "firstName": "Immy", "gender": "male", "lastName": "Choo", "id": "830762", "bio": "", "photo": {"prefix": "https://igx.4sqi.net/img/user/", "suffix": "/RS50GESHGYT03KL1.jpg"}, "homeCity": "Bangkok, Thailand", "lists": {"groups": [{"items": [], "count": 2, "type": "created"}]}}, {"tips": {"count": 33}, "contact": {"twitter": "extranatt", "facebook": "779604328"}, "firstName": "Sukhumnanda", "gender": "male", "lastName": "Sukudom", "id": "940548", "bio": "Pro Sales - Hotel.", "photo": {"prefix": "https://igx.4sqi.net/img/user/", "suffix": "/940548-TLCNGR20Q0MCAQKB.jpg"}, "homeCity": "Pattaya", "lists": {"groups": [{"items": [], "count": 5, "type": "created"}]}}, {"tips": {"count": 9}, "contact": {"twitter": "maxsonfang", "facebook": "100001023007591"}, "firstName": "Maxson", "gender": "male", "lastName": "Fang", "id": "2763686", "bio": "", "photo": {"prefix": "https://igx.4sqi.net/img/user/", "suffix": "/I3UFBELNM1YZYI00.jpg"}, "homeCity": "Petaling Jaya, Malaysia", "lists": {"groups": [{"items": [], "count": 2, "type": "created"}]}}, {"tips": {"count": 7}, "contact": {"twitter": "cooltrekkerkoo", "facebook": "725629864"}, "firstName": "David", "gender": "male", "lastName": "Koo", "id": "561300", "bio": "", "photo": {"prefix": "https://igx.4sqi.net/img/user/", "suffix": "/UOK52NLH423EO24A.jpg"}, "homeCity": "Bangkok, Thailand", "lists": {"groups": [{"items": [], "count": 2, "type": "created"}]}}, {"tips": {"count": 0}, "contact": {"facebook": "1134977651"}, "firstName": "Laura", "gender": "female", "lastName": "Tian", "id": "81929910", "bio": "", "photo": {"prefix": "https://igx.4sqi.net/img/user/", "suffix": "/81929910-PKZVQSMH01IO4RLR.jpg"}, "homeCity": "Singapore, Singapore", "lists": {"groups": [{"items": [], "count": 2, "type": "created"}]}}, {"tips": {"count": 0}, "contact": {"facebook": "100000643779016"}, "firstName": "Jason", "gender": "male", "lastName": "Choo", "id": "6923763", "bio": "", "photo": {"prefix": "https://igx.4sqi.net/img/user/", "suffix": "/RWY3ROEFWPZCJX1B.jpg"}, "homeCity": " Malaysia", "lists": {"groups": [{"items": [], "count": 2, "type": "created"}]}}, {"tips": {"count": 0}, "contact": {"facebook": "1797041202"}, "firstName": "Kveron", "gender": "male", "lastName": "Leong", "id": "6747144", "bio": "", "photo": {"prefix": "https://igx.4sqi.net/img/user/", "suffix": "/TFOT1HRMMNHL102K.jpg"}, "homeCity": "Puchong, Malaysia", "lists": {"groups": [{"items": [], "count": 2, "type": "created"}]}}, {"tips": {"count": 0}, "contact": {"facebook": "864110105"}, "firstName": "Qris", "gender": "male", "lastName": "Trotje", "id": "36313705", "bio": "", "photo": {"prefix": "https://igx.4sqi.net/img/user/", "suffix": "/J50ZX2RM2ERCKC1O.jpg"}, "homeCity": "Bangkok, Thailand ", "lists": {"groups": [{"items": [], "count": 2, "type": "created"}]}}, {"tips": {"count": 50}, "contact": {}, "firstName": "n", "gender": "male", "lastName": ".", "id": "4874579", "bio": "chinese", "photo": {"prefix": "https://igx.4sqi.net/img/user/", "suffix": "/4874579-BN4GT2YZJVMDVJAS.jpg"}, "homeCity": "Ipoh", "lists": {"groups": [{"items": [], "count": 2, "type": "created"}]}}, {"tips": {"count": 1}, "contact": {"twitter": "black_guy2015", "facebook": "100002470067358"}, "firstName": "Black", "gender": "male", "lastName": "Guy", "id": "5276903", "bio": "IG:detchana\r\nFacebook:", "photo": {"prefix": "https://igx.4sqi.net/img/user/", "suffix": "/5276903-ZX4OU2HYJOJNA4LN.jpg"}, "homeCity": "Bangkok, Thailand", "lists": {"groups": [{"items": [], "count": 3, "type": "created"}]}}, {"tips": {"count": 0}, "contact": {"facebook": "520085927"}, "firstName": "Gary", "gender": "male", "id": "30361348", "bio": "", "photo": {"prefix": "https://igx.4sqi.net/img/user/", "suffix": "/XMXU1HHCZFFDVAD4.jpg"}, "homeCity": "New York, NY", "lists": {"groups": [{"items": [], "count": 2, "type": "created"}]}}, {"tips": {"count": 0}, "contact": {"facebook": "100000501605354"}, "firstName": "Khor", "gender": "male", "lastName": "Sunny", "id": "14147908", "bio": "", "photo": {"prefix": "https://igx.4sqi.net/img/user/", "suffix": "/0PHJZD3EK22T43RK.jpg"}, "homeCity": "Bukit Mertajam, Malaysia", "lists": {"groups": [{"items": [], "count": 2, "type": "created"}]}}, {"tips": {"count": 0}, "contact": {}, "firstName": "Rick", "gender": "male", "lastName": "Ray", "id": "46930409", "bio": "", "photo": {"prefix": "https://igx.4sqi.net/img/user/", "suffix": "/HSA5PAAEQ33HJHFS.jpg"}, "homeCity": "New York, NY", "lists": {"groups": [{"items": [], "count": 2, "type": "created"}]}}, {"tips": {"count": 0}, "contact": {"facebook": "1827429338"}, "firstName": "JUA", "gender": "male", "lastName": "BKK", "id": "2892946", "bio": "", "photo": {"prefix": "https://igx.4sqi.net/img/user/", "suffix": "/2892946-JV1O0SO2ORGFWLGF.jpg"}, "homeCity": "\u0e2a\u0e38\u0e23\u0e34\u0e22\u0e27\u0e07\u0e28\u0e4c, \u0e1b\u0e23\u0e30\u0e40\u0e17\u0e28\u0e44\u0e17\u0e22", "lists": {"groups": [{"items": [], "count": 2, "type": "created"}]}}, {"tips": {"count": 24}, "contact": {}, "firstName": "Aum", "gender": "male", "lastName": "Korakrit \ue011", "id": "9596756", "bio": "", "photo": {"prefix": "https://igx.4sqi.net/img/user/", "suffix": "/X5Q5DG4FI3V0AP5K.jpg"}, "homeCity": "Khon Kaen, Thailand", "lists": {"groups": [{"items": [], "count": 2, "type": "created"}]}}, {"tips": {"count": 0}, "contact": {"facebook": "100002514643694"}, "firstName": "\ud83d\ude1dYui Yui...\ud83d\ude1d", "gender": "female", "lastName": "\u0e41\u0e01\u0e49\u0e21\u0e22\u0e38\u0e49\u0e22", "id": "23234363", "bio": "", "photo": {"prefix": "https://igx.4sqi.net/img/user/", "suffix": "/23234363-LCREZFRSQYWBK30U.jpg"}, "homeCity": "Chon Buri ,Thailand", "lists": {"groups": [{"items": [], "count": 2, "type": "created"}]}}, {"tips": {"count": 0}, "contact": {"facebook": "100000370326534"}, "firstName": "Mike", "gender": "male", "lastName": "Wong", "id": "87921844", "bio": "", "photo": {"prefix": "https://igx.4sqi.net/img/user/", "suffix": "/87921844-NBMGXCZ5W0JE3WUI.jpg"}, "homeCity": "Kent, WA", "lists": {"groups": [{"items": [], "count": 2, "type": "created"}]}}, {"tips": {"count": 20}, "contact": {"facebook": "715112490"}, "firstName": "Alex", "gender": "male", "lastName": "Lau", "id": "951918", "bio": "", "photo": {"prefix": "https://igx.4sqi.net/img/user/", "suffix": "/951918-VWBEGKRXHLYKNYQU.jpg"}, "homeCity": "Penang", "lists": {"groups": [{"items": [], "count": 2, "type": "created"}]}}, {"tips": {"count": 8}, "contact": {"facebook": "542944446"}, "firstName": "Basti", "gender": "male", "id": "3292421", "bio": "", "photo": {"prefix": "https://igx.4sqi.net/img/user/", "suffix": "/3292421-5S044UGVJ1I0K3MU.jpg"}, "homeCity": "Manila, Philippines", "lists": {"groups": [{"items": [], "count": 3, "type": "created"}]}}, {"tips": {"count": 0}, "contact": {"facebook": "100001035837088"}, "firstName": "Prajna", "gender": "male", "lastName": "Vira", "id": "16545449", "bio": "", "photo": {"prefix": "https://igx.4sqi.net/img/user/", "suffix": "/16545449-WZVTNXJ3XZG1JSUI.jpg"}, "homeCity": "Jambi, Indonesia", "lists": {"groups": [{"items": [], "count": 2, "type": "created"}]}}, {"tips": {"count": 0}, "contact": {"facebook": "100000580003271"}, "firstName": "you", "gender": "male", "lastName": "li", "id": "7834906", "bio": "", "photo": {"prefix": "https://igx.4sqi.net/img/user/", "suffix": "/HRTCG15O14P1XQTB.jpg"}, "homeCity": "Kuala Pilah, Malaysia", "lists": {"groups": [{"items": [], "count": 2, "type": "created"}]}}, {"tips": {"count": 0}, "contact": {"facebook": "617475095"}, "firstName": "Leo", "gender": "male", "lastName": "Wong", "id": "17132213", "bio": "", "photo": {"prefix": "https://igx.4sqi.net/img/user/", "suffix": "/32AA25SFFTNJNCNU.jpg"}, "homeCity": "Shah Alam, Malaysia", "lists": {"groups": [{"items": [], "count": 2, "type": "created"}]}}, {"tips": {"count": 24}, "contact": {}, "firstName": "Chin", "gender": "male", "lastName": "\ue207\u2122 \u3046\u3043\u3093\u3061\u3083\u3093", "id": "8075229", "bio": "", "photo": {"prefix": "https://igx.4sqi.net/img/user/", "suffix": "/8075229-IVJQLUS15MFSE0QV.jpg"}, "homeCity": "Phra Nakorn, Bangkok,THAILAND", "lists": {"groups": [{"items": [], "count": 2, "type": "created"}]}}, {"tips": {"count": 0}, "contact": {"facebook": "100006916565624"}, "firstName": "Dennis", "gender": "male", "lastName": "Fam", "id": "91312915", "bio": "", "photo": {"prefix": "https://igx.4sqi.net/img/user/", "suffix": "/91312915-E0XJX5E3NBXMOFYY.jpg"}, "homeCity": "Kuala Lumpur, KUL", "lists": {"groups": [{"items": [], "count": 2, "type": "created"}]}}, {"tips": {"count": 35}, "contact": {}, "firstName": "Sam", "gender": "male", "lastName": "Lee", "id": "3872594", "bio": "", "photo": {"prefix": "https://igx.4sqi.net/img/user/", "suffix": "/3872594-OK4I5VRHWAO5YPIU.jpg"}, "homeCity": "Cheras, Malaysia", "lists": {"groups": [{"items": [], "count": 3, "type": "created"}]}}, {"tips": {"count": 15}, "contact": {"twitter": "akosimund69", "facebook": "526922189"}, "firstName": "Reymund", "gender": "male", "lastName": "Navarro", "id": "1658219", "bio": "", "photo": {"prefix": "https://igx.4sqi.net/img/user/", "suffix": "/EFXAUVCWPXOCRYJN.jpg"}, "homeCity": "Geylang, Singapore", "lists": {"groups": [{"items": [], "count": 2, "type": "created"}]}}, {"tips": {"count": 8}, "contact": {"twitter": "bampanaspong", "facebook": "1063232437"}, "firstName": "Panaspong", "gender": "male", "lastName": "PloyAmporn", "id": "4499009", "bio": "", "photo": {"prefix": "https://igx.4sqi.net/img/user/", "suffix": "/EFW4HRYVAJASOTY4.jpg"}, "homeCity": "Bangkok, Thailand", "lists": {"groups": [{"items": [], "count": 2, "type": "created"}]}}, {"tips": {"count": 6}, "contact": {"twitter": "to_2533", "facebook": "100001804818668"}, "firstName": "ToRoSang\uf8ff", "gender": "male", "id": "18031889", "bio": "\u0e15\u0e31\u0e27\u0e15\u0e19\u0e04\u0e19\u0e2a\u0e38\u0e23\u0e32\u0e29 \u0e41\u0e15\u0e48\u0e14\u0e31\u0e19\u0e21\u0e32\u0e2d\u0e22\u0e39\u0e48\u0e42\u0e04\u0e23\u0e32\u0e0a \u0e01\u0e47\u0e17\u0e33\u0e44\u0e07\u0e44\u0e14\u0e49 \u0e01\u0e47\u0e1c\u0e21\u0e21\u0e31\u0e19\u0e40\u0e14\u0e47\u0e01\u0e1e\u0e25\u0e31\u0e14\u0e16\u0e34\u0e48\u0e19. \ud83d\ude0ainstagram:torosang", "photo": {"prefix": "https://igx.4sqi.net/img/user/", "suffix": "/18031889-PYZKR0EOXT33NO2X.jpg"}, "homeCity": "NY", "lists": {"groups": [{"items": [], "count": 3, "type": "created"}]}}, {"tips": {"count": 0}, "contact": {"facebook": "10208558676631745"}, "firstName": "Tun", "gender": "male", "lastName": "Fakhrul", "id": "8996059", "bio": "", "photo": {"prefix": "https://igx.4sqi.net/img/user/", "suffix": "/8996059-50XO231XAR445EZO.jpg"}, "homeCity": "Johor Bahru, Malaysia", "lists": {"groups": [{"items": [], "count": 2, "type": "created"}]}}, {"tips": {"count": 1}, "contact": {"facebook": "786905954"}, "firstName": "PreAdri", "gender": "none", "lastName": "Rayes", "id": "3873404", "bio": "", "photo": {"prefix": "https://igx.4sqi.net/img/user/", "suffix": "/GJK22GRWL0DG3UYI.jpg"}, "homeCity": "Singapore", "lists": {"groups": [{"items": [], "count": 2, "type": "created"}]}}, {"tips": {"count": 1}, "contact": {"facebook": "617891016"}, "firstName": "Jason", "gender": "male", "lastName": "Cheong", "id": "2326646", "bio": "", "photo": {"prefix": "https://igx.4sqi.net/img/user/", "suffix": "/VCLTIPVI1CFPKXVM.jpg"}, "homeCity": "Singapore", "lists": {"groups": [{"items": [], "count": 2, "type": "created"}]}}, {"tips": {"count": 2}, "contact": {"facebook": "882700521773195"}, "firstName": "Alex", "gender": "male", "lastName": "Choo", "id": "4758566", "bio": "", "photo": {"prefix": "https://igx.4sqi.net/img/user/", "suffix": "/4758566-ES1KB3WZ1FXFTD4A.jpg"}, "homeCity": "Cheras ", "lists": {"groups": [{"items": [], "count": 3, "type": "created"}]}}, {"tips": {"count": 0}, "contact": {"facebook": "100002626434274"}, "firstName": "Lucas", "gender": "none", "lastName": "Juan", "id": "12208744", "bio": "", "photo": {"prefix": "https://igx.4sqi.net/img/user/", "suffix": "/CUWUB0UVNMXKRLTO.jpg"}, "homeCity": "\u8606\u7af9\u9109, Taiwan", "lists": {"groups": [{"items": [], "count": 2, "type": "created"}]}}, {"tips": {"count": 0}, "contact": {"facebook": "634293378"}, "firstName": "Khairel daniel", "gender": "male", "lastName": "Ahmad", "id": "4513509", "bio": "", "photo": {"prefix": "https://igx.4sqi.net/img/user/", "suffix": "/E2BQQW5LWLMHLKKB.jpg"}, "homeCity": "Penampang, Malaysia", "lists": {"groups": [{"items": [], "count": 2, "type": "created"}]}}, {"tips": {"count": 4}, "contact": {"facebook": "1031435912"}, "firstName": "Mio Nino", "gender": "male", "lastName": "Marquex", "id": "3142295", "bio": "", "photo": {"prefix": "https://igx.4sqi.net/img/user/", "suffix": "/TOQFJ4TPWQ4ELKJ2.jpg"}, "homeCity": "Singapore", "lists": {"groups": [{"items": [], "count": 2, "type": "created"}]}}, {"tips": {"count": 0}, "contact": {}, "firstName": "Muhammad", "gender": "male", "lastName": "Raffee", "id": "4760722", "bio": "", "photo": {"prefix": "https://igx.4sqi.net/img/user/", "suffix": "/2MLAKXSMSX2VJV1P.jpg"}, "homeCity": "Unnamed Location", "lists": {"groups": [{"items": [], "count": 2, "type": "created"}]}}, {"tips": {"count": 0}, "contact": {"facebook": "629642815"}, "firstName": "Ryan", "gender": "male", "lastName": "Liu", "id": "23652255", "bio": "", "photo": {"prefix": "https://igx.4sqi.net/img/user/", "suffix": "/2EUTJ0C155IKKHKL.jpg"}, "homeCity": "Taipei", "lists": {"groups": [{"items": [], "count": 2, "type": "created"}]}}, {"tips": {"count": 1}, "contact": {"twitter": "yongzongxian", "facebook": "1130082475"}, "firstName": "Zong-xian", "gender": "male", "lastName": "Yong", "id": "9773177", "bio": "", "photo": {"prefix": "https://igx.4sqi.net/img/user/", "suffix": "/9773177-1AEXE0HKXYZGL33L.jpg"}, "homeCity": "Kuala Pilah, Malaysia", "lists": {"groups": [{"items": [], "count": 2, "type": "created"}]}}, {"tips": {"count": 16}, "contact": {"facebook": "100000785632971"}, "firstName": "Happy", "gender": "male", "lastName": "Shayne", "id": "4735035", "bio": "", "photo": {"prefix": "https://igx.4sqi.net/img/user/", "suffix": "/YTM4FHK2TIPKAOMY.jpg"}, "homeCity": "Bangkok Thailand", "lists": {"groups": [{"items": [], "count": 2, "type": "created"}]}}, {"tips": {"count": 4}, "contact": {"facebook": "543646522"}, "firstName": "Manfred", "gender": "male", "lastName": "Khoo", "id": "5769272", "bio": "", "photo": {"prefix": "https://igx.4sqi.net/img/user/", "suffix": "/5769272-MXR5RO0BEX4RUDRR.jpg"}, "homeCity": "Pulau Pinang, Malaysia", "lists": {"groups": [{"items": [], "count": 2, "type": "created"}]}}, {"tips": {"count": 0}, "contact": {"facebook": "100001614358395"}, "firstName": "Tan", "gender": "male", "lastName": "Rayson", "id": "24303688", "bio": "", "photo": {"prefix": "https://igx.4sqi.net/img/user/", "suffix": "/SHZ22SPFUKGB1XVT.jpg"}, "homeCity": "Selangor", "lists": {"groups": [{"items": [], "count": 2, "type": "created"}]}}, {"tips": {"count": 0}, "contact": {"facebook": "1124787006"}, "firstName": "Marcus kam", "gender": "male", "lastName": "Mun hoe", "id": "9893625", "bio": "", "photo": {"prefix": "https://igx.4sqi.net/img/user/", "suffix": "/ZYWKAYBBOUEO0S3Q.jpg"}, "homeCity": "Ipoh, Malaysia", "lists": {"groups": [{"items": [], "count": 2, "type": "created"}]}}, {"tips": {"count": 0}, "contact": {"twitter": "kveron1212", "facebook": "100002321576810"}, "firstName": "K'veron", "gender": "male", "lastName": "KN\u2122", "id": "8650601", "bio": "Don't get stuck on it, I believe I can do it.", "photo": {"prefix": "https://igx.4sqi.net/img/user/", "suffix": "/8650601-BF0R13ASN5GA3TEZ.jpg"}, "homeCity": "Kuala Lumpur, Malaysia", "lists": {"groups": [{"items": [], "count": 2, "type": "created"}]}}, {"tips": {"count": 0}, "contact": {"facebook": "602350259"}, "firstName": "Justin", "gender": "male", "lastName": "Tan", "id": "5798208", "bio": "", "photo": {"prefix": "https://igx.4sqi.net/img/user/", "suffix": "/DVVGA01HBFWXGWEK.jpg"}, "homeCity": "Kuala Lumpur, Malaysia", "lists": {"groups": [{"items": [], "count": 2, "type": "created"}]}}, {"tips": {"count": 0}, "contact": {"facebook": "1395282060"}, "firstName": "Julian", "gender": "male", "lastName": "Ong", "id": "10447169", "bio": "", "photo": {"prefix": "https://igx.4sqi.net/img/user/", "suffix": "/YQBCCLVLYM5FD421.jpg"}, "homeCity": "Kuala Lumpur, Malaysia", "lists": {"groups": [{"items": [], "count": 2, "type": "created"}]}}], "count": 59}, "checksum": "2a4fa354956b08f3ebaa324c9970345813d684db"}, "meta": {"requestId": "596634b3351e3d64b2bd4468", "code": 200}}