{"notifications": [{"type": "notificationTray", "item": {"unreadCount": 0}}], "meta": {"requestId": "5966e45c4434b95524876028", "code": 200}, "response": {"friends": {"count": 120, "items": [{"id": "1198652", "photo": {"prefix": "https://igx.4sqi.net/img/user/", "suffix": "/OEG2XT2S3VC5ZAOP.jpg"}, "homeCity": "Petaling Jaya, Malaysia", "contact": {}, "firstName": "Ezra", "tips": {"count": 8}, "gender": "male", "lastName": "Foo", "lists": {"groups": [{"count": 2, "type": "created", "items": []}]}, "bio": ""}, {"id": "1248618", "photo": {"prefix": "https://igx.4sqi.net/img/user/", "suffix": "/KJQF0KEIEORZ0XUG.jpg"}, "homeCity": "Kuala Lumpur", "contact": {}, "firstName": "Brian", "tips": {"count": 3}, "gender": "male", "lastName": "Leong", "lists": {"groups": [{"count": 2, "type": "created", "items": []}]}, "bio": ""}, {"id": "311044", "photo": {"prefix": "https://igx.4sqi.net/img/user/", "suffix": "/2SYF1JMSMWFZEMGJ.jpg"}, "homeCity": "Singapore", "contact": {"facebook": "597695799", "twitter": "gary_goh"}, "firstName": "Gary", "tips": {"count": 17}, "gender": "male", "lastName": "Goh", "lists": {"groups": [{"count": 2, "type": "created", "items": []}]}, "bio": ""}, {"id": "609606", "photo": {"prefix": "https://igx.4sqi.net/img/user/", "suffix": "/3WOVSYNGNKTQUA4K.jpg"}, "homeCity": "Singapore", "contact": {"facebook": "635361630", "twitter": "strawberryroses"}, "firstName": "Christabel", "tips": {"count": 1}, "gender": "female", "lastName": "Fernandes", "lists": {"groups": [{"count": 2, "type": "created", "items": []}]}, "bio": ""}, {"id": "320185", "photo": {"prefix": "https://igx.4sqi.net/img/user/", "suffix": "/320185-D1G54SZK0TVSYAQK.jpg"}, "homeCity": "SG", "contact": {}, "firstName": "myk", "tips": {"count": 70}, "gender": "male", "lastName": "cheng", "lists": {"groups": [{"count": 12, "type": "created", "items": []}]}, "bio": ""}, {"id": "128661", "photo": {"prefix": "https://igx.4sqi.net/img/user/", "suffix": "/ROIOSPMWDBICR0OD.jpg"}, "homeCity": "Kuala Lumpur, Malaysia", "contact": {"twitter": "sochews"}, "firstName": "Jon", "tips": {"count": 8}, "gender": "male", "lastName": "Chew", "lists": {"groups": [{"count": 2, "type": "created", "items": []}]}, "bio": ""}, {"id": "788954", "photo": {"prefix": "https://igx.4sqi.net/img/user/", "suffix": "/788954-ELVEPDIZBK4T31P0.jpg"}, "homeCity": "Shah Alam, Selangor", "contact": {"facebook": "764548676", "twitter": "jeffrey_kumar"}, "firstName": "Jeff", "tips": {"count": 14}, "gender": "male", "lastName": "rey", "lists": {"groups": [{"count": 2, "type": "created", "items": []}]}, "bio": ""}, {"id": "201097", "photo": {"prefix": "https://igx.4sqi.net/img/user/", "suffix": "/KLUQYSMS422FVFXA.jpg"}, "homeCity": "Kuala Lumpur", "contact": {"twitter": "ling_chan"}, "firstName": "Ling", "tips": {"count": 0}, "gender": "female", "lastName": "Chan", "lists": {"groups": [{"count": 2, "type": "created", "items": []}]}, "bio": ""}, {"id": "1031629", "photo": {"prefix": "https://igx.4sqi.net/img/user/", "suffix": "/P11JG40WKRD3Q5LV.jpg"}, "homeCity": "Petaling Jaya, Selangor", "contact": {"facebook": "640694277"}, "firstName": "Kerry", "tips": {"count": 3}, "gender": "male", "lastName": "Khoo", "lists": {"groups": [{"count": 2, "type": "created", "items": []}]}, "bio": ""}, {"id": "338588", "photo": {"prefix": "https://igx.4sqi.net/img/user/", "suffix": "/C0HXLC0NJAGUSDPH.jpg"}, "homeCity": "Singapore", "contact": {"facebook": "617245227", "twitter": "celestar"}, "firstName": "Joel", "tips": {"count": 3}, "gender": "male", "lastName": "Yap", "lists": {"groups": [{"count": 2, "type": "created", "items": []}]}, "bio": ""}, {"id": "538774", "photo": {"prefix": "https://igx.4sqi.net/img/user/", "default": true, "suffix": "/blank_boy.png"}, "homeCity": "Kuala Lumpur", "contact": {"facebook": "573174198", "twitter": "lookcheeheng"}, "firstName": "Chee Heng", "tips": {"count": 2}, "gender": "male", "lastName": "Look", "lists": {"groups": [{"count": 6, "type": "created", "items": []}]}, "bio": ""}, {"id": "1021356", "photo": {"prefix": "https://igx.4sqi.net/img/user/", "suffix": "/1MAUCTNZWWX3YQ3N.jpg"}, "homeCity": "Kuala Lumpur", "contact": {"facebook": "563853379"}, "firstName": "Evon", "tips": {"count": 0}, "gender": "female", "lastName": "Tan", "lists": {"groups": [{"count": 2, "type": "created", "items": []}]}, "bio": ""}, {"id": "392164", "photo": {"prefix": "https://igx.4sqi.net/img/user/", "suffix": "/UL4JN2NVFGNHQG53.jpg"}, "homeCity": "Kuala Lumpur, Malaysia", "contact": {"facebook": "10152666228907101", "twitter": "deswsj"}, "firstName": "Desmond", "tips": {"count": 8}, "gender": "none", "lastName": "Wong", "lists": {"groups": [{"count": 2, "type": "created", "items": []}]}, "bio": ""}, {"id": "669156", "photo": {"prefix": "https://igx.4sqi.net/img/user/", "suffix": "/UR225GNEQK4PBPAQ.jpg"}, "homeCity": "Malaysia", "contact": {}, "firstName": "earthkid", "tips": {"count": 23}, "gender": "female", "lastName": "jr.", "lists": {"groups": [{"count": 4, "type": "created", "items": []}]}, "bio": ""}, {"id": "1155935", "photo": {"prefix": "https://igx.4sqi.net/img/user/", "suffix": "/W1XA51YIARYGS02Y.jpg"}, "homeCity": "Batu 9 Cheras, Selangor", "contact": {}, "firstName": "David", "tips": {"count": 2}, "gender": "male", "lastName": "Soo", "lists": {"groups": [{"count": 2, "type": "created", "items": []}]}, "bio": ""}, {"id": "624682", "photo": {"prefix": "https://igx.4sqi.net/img/user/", "suffix": "/FC2WJNLQJBZIXHQ5.jpg"}, "homeCity": "Petaling Jaya, Selangor", "contact": {"facebook": "653351617", "twitter": "timothy112"}, "firstName": "tim", "tips": {"count": 0}, "gender": "male", "lastName": "chan", "lists": {"groups": [{"count": 2, "type": "created", "items": []}]}, "bio": ""}, {"id": "813711", "photo": {"prefix": "https://igx.4sqi.net/img/user/", "suffix": "/Y3HGFRF5VZ33MUPF.jpg"}, "homeCity": "Subang Jaya", "contact": {}, "firstName": "justine", "tips": {"count": 125}, "gender": "female", "lists": {"groups": [{"count": 2, "type": "created", "items": []}]}, "bio": ""}, {"id": "998652", "photo": {"prefix": "https://igx.4sqi.net/img/user/", "suffix": "/2SV5S42N3U5PM15H.jpg"}, "homeCity": "Petaling Jaya, Selangor", "contact": {"facebook": "505072836", "twitter": "khairulnz"}, "firstName": "Khairul Nizam", "tips": {"count": 0}, "gender": "male", "lastName": "Lamin", "lists": {"groups": [{"count": 2, "type": "created", "items": []}]}, "bio": ""}, {"id": "1053392", "photo": {"prefix": "https://igx.4sqi.net/img/user/", "suffix": "/I4ZSJ5OM2SZKFCY5.jpg"}, "homeCity": "Kuala Lumpur, Malaysia", "contact": {"facebook": "617181272"}, "firstName": "Karen", "tips": {"count": 0}, "gender": "female", "lastName": "Koay", "lists": {"groups": [{"count": 2, "type": "created", "items": []}]}, "bio": ""}, {"id": "1073714", "photo": {"prefix": "https://igx.4sqi.net/img/user/", "suffix": "/1073714-OO3M5SWGSJ33XU3G.jpg"}, "homeCity": "Kuala Lumpur, Malaysia", "contact": {}, "firstName": "crappybooze", "tips": {"count": 77}, "gender": "male", "lists": {"groups": [{"count": 26, "type": "created", "items": []}]}, "bio": ""}]}, "checksum": "eeaff2d3ca0e23da2c4492ebc3302488e422560c"}}