{"notifications": [{"type": "notificationTray", "item": {"unreadCount": 0}}], "response": {"friends": {"items": [{"tips": {"count": 0}, "contact": {}, "firstName": "Shuping", "gender": "female", "lastName": "Zheng", "id": "1384692", "bio": "", "photo": {"prefix": "https://igx.4sqi.net/img/user/", "suffix": "/NPCIB3ZYHOFNRMW1.jpg"}, "homeCity": "Thomson, Singapore", "lists": {"groups": [{"items": [], "count": 2, "type": "created"}]}}, {"tips": {"count": 5}, "contact": {"twitter": "ravenizer", "facebook": "744119772"}, "firstName": "Kapilan", "gender": "male", "lastName": "Naidu", "id": "444804", "bio": "", "photo": {"prefix": "https://igx.4sqi.net/img/user/", "suffix": "/A2LATDAKCJY5CEBM.jpg"}, "homeCity": "Singapore", "lists": {"groups": [{"items": [], "count": 2, "type": "created"}]}}, {"tips": {"count": 11}, "contact": {"twitter": "omgitsjosie", "facebook": "637816148"}, "firstName": "Josie", "gender": "female", "lastName": "Melati", "id": "195016", "bio": "", "photo": {"prefix": "https://igx.4sqi.net/img/user/", "suffix": "/LUHWFEGG3GF5KF50.jpg"}, "homeCity": "Singapore", "lists": {"groups": [{"items": [], "count": 2, "type": "created"}]}}, {"tips": {"count": 0}, "contact": {"twitter": "mingminggg", "facebook": "742858763"}, "firstName": "Ming Shan", "gender": "female", "lastName": "Goh", "id": "401388", "bio": "", "photo": {"prefix": "https://igx.4sqi.net/img/user/", "suffix": "/QTPMLZSOV12DP1UG.jpg"}, "homeCity": "Singapore", "lists": {"groups": [{"items": [], "count": 2, "type": "created"}]}}, {"tips": {"count": 3}, "contact": {"twitter": "insaint", "facebook": "739203176"}, "firstName": "DW", "gender": "male", "lastName": "Lin", "id": "476518", "bio": "", "photo": {"prefix": "https://igx.4sqi.net/img/user/", "suffix": "/ZJ3EW3OKETCZV3C5.jpg"}, "homeCity": "Singapore", "lists": {"groups": [{"items": [], "count": 2, "type": "created"}]}}, {"tips": {"count": 2}, "contact": {}, "firstName": "ann", "gender": "female", "lastName": "ling", "id": "894604", "bio": "", "photo": {"prefix": "https://igx.4sqi.net/img/user/", "suffix": "/L1FRIUSJDLX2OCQ4.jpg"}, "homeCity": "Singapore", "lists": {"groups": [{"items": [], "count": 2, "type": "created"}]}}, {"superuser": 2, "tips": {"count": 6}, "contact": {"twitter": "_joyjoy", "facebook": "542657390"}, "firstName": "Joy", "gender": "female", "lastName": "Lee", "id": "107788", "bio": "", "photo": {"prefix": "https://igx.4sqi.net/img/user/", "suffix": "/GA0KKEOBQXAMUCSL.jpg"}, "homeCity": "Singapore", "lists": {"groups": [{"items": [], "count": 2, "type": "created"}]}}, {"tips": {"count": 1}, "contact": {"facebook": "568594788"}, "firstName": "Sridhar", "gender": "male", "lastName": "Gopalan", "id": "484064", "bio": "", "photo": {"prefix": "https://igx.4sqi.net/img/user/", "suffix": "/WFYJIU1DEOF2EUIX.jpg"}, "homeCity": "Singapore", "lists": {"groups": [{"items": [], "count": 2, "type": "created"}]}}, {"tips": {"count": 1}, "contact": {"facebook": "602775700"}, "firstName": "Wei Ling", "gender": "female", "lastName": "Hoong", "id": "1063111", "bio": "", "photo": {"prefix": "https://igx.4sqi.net/img/user/", "suffix": "/blank_girl.png", "default": true}, "homeCity": "Singapore", "lists": {"groups": [{"items": [], "count": 2, "type": "created"}]}}, {"superuser": 1, "tips": {"count": 3}, "contact": {"twitter": "bythewei", "facebook": "599181655"}, "firstName": "Chen", "gender": "male", "lastName": "Li", "id": "107810", "bio": "", "photo": {"prefix": "https://igx.4sqi.net/img/user/", "suffix": "/-1_1258702682145.png"}, "homeCity": "Singapore", "lists": {"groups": [{"items": [], "count": 2, "type": "created"}]}}, {"tips": {"count": 1}, "contact": {"twitter": "gordonkhoo", "facebook": "506224438"}, "firstName": "Gordon", "gender": "male", "lastName": "Khoo", "id": "1550144", "bio": "", "photo": {"prefix": "https://igx.4sqi.net/img/user/", "suffix": "/VRUWPGDI2TQC1D4X.jpg"}, "homeCity": "Mt Lawley, Western Australia", "lists": {"groups": [{"items": [], "count": 4, "type": "created"}]}}, {"tips": {"count": 11}, "contact": {"twitter": "mizamura", "facebook": "732617605"}, "firstName": "Shunsuke", "gender": "male", "lastName": "Mizamura", "id": "1141668", "bio": "", "photo": {"prefix": "https://igx.4sqi.net/img/user/", "suffix": "/1141668-H1ZIFJH3JHTQJN1F.jpg"}, "homeCity": "Singapore", "lists": {"groups": [{"items": [], "count": 2, "type": "created"}]}}, {"tips": {"count": 3}, "contact": {}, "firstName": "Jasmine", "gender": "female", "lastName": "Sim", "id": "1031837", "bio": "", "photo": {"prefix": "https://igx.4sqi.net/img/user/", "suffix": "/FVXUCAGWURYQM3UY.jpg"}, "homeCity": "Singapore", "lists": {"groups": [{"items": [], "count": 2, "type": "created"}]}}, {"tips": {"count": 0}, "contact": {}, "firstName": "Vichimaru", "gender": "male", "lastName": "Goh", "id": "1259307", "bio": "", "photo": {"prefix": "https://igx.4sqi.net/img/user/", "suffix": "/blank_boy.png", "default": true}, "homeCity": "Singapore", "lists": {"groups": [{"items": [], "count": 2, "type": "created"}]}}, {"tips": {"count": 0}, "contact": {}, "firstName": "Vijay", "gender": "male", "lastName": "D", "id": "1278846", "bio": "", "photo": {"prefix": "https://igx.4sqi.net/img/user/", "suffix": "/blank_boy.png", "default": true}, "homeCity": "Singapore", "lists": {"groups": [{"items": [], "count": 2, "type": "created"}]}}, {"tips": {"count": 2}, "contact": {"twitter": "goddessfreja", "facebook": "610325645"}, "firstName": "Sabreena", "gender": "female", "lastName": "Serafina", "id": "1295078", "bio": "", "photo": {"prefix": "https://igx.4sqi.net/img/user/", "suffix": "/D1VO0ZLNWMIVAHEL.jpg"}, "homeCity": "Singapore", "lists": {"groups": [{"items": [], "count": 2, "type": "created"}]}}, {"tips": {"count": 3}, "contact": {}, "firstName": "H", "gender": "female", "lastName": "Bing", "id": "1443080", "bio": "", "photo": {"prefix": "https://igx.4sqi.net/img/user/", "suffix": "/D3FL1LTU3DIZFFDE.jpg"}, "homeCity": "Singapore", "lists": {"groups": [{"items": [], "count": 2, "type": "created"}]}}, {"tips": {"count": 0}, "contact": {}, "firstName": "Mel", "gender": "female", "lastName": "Tan", "id": "1831672", "bio": "", "photo": {"prefix": "https://igx.4sqi.net/img/user/", "suffix": "/blank_girl.png", "default": true}, "homeCity": "Singapore", "lists": {"groups": [{"items": [], "count": 2, "type": "created"}]}}], "count": 18}, "checksum": "f7318d20b0760b0eed1b8ea6eefc0a4644a1bb26"}, "meta": {"requestId": "5965c6794c1f67703ac48b1c", "code": 200}}