{"notifications": [{"type": "notificationTray", "item": {"unreadCount": 0}}], "response": {"friends": {"items": [{"tips": {"count": 4}, "contact": {"twitter": "shamkassim", "facebook": "1765655213"}, "firstName": "Norhisham", "gender": "male", "lastName": "Kassim", "id": "2308495", "bio": "", "photo": {"prefix": "https://igx.4sqi.net/img/user/", "suffix": "/L02HZHUIQ5KO52IZ.jpg"}, "homeCity": "Hougang, Singapore", "lists": {"groups": [{"items": [], "count": 2, "type": "created"}]}}, {"tips": {"count": 0}, "contact": {}, "firstName": "Patricia", "gender": "female", "lastName": "Leung", "id": "4365083", "bio": "", "photo": {"prefix": "https://igx.4sqi.net/img/user/", "suffix": "/MKRWE14NTLJQJLO3.jpg"}, "homeCity": "Singapore", "lists": {"groups": [{"items": [], "count": 2, "type": "created"}]}}, {"tips": {"count": 0}, "contact": {"facebook": "549824594"}, "firstName": "Des", "gender": "male", "lastName": "Pek", "id": "6731111", "bio": "", "photo": {"prefix": "https://igx.4sqi.net/img/user/", "suffix": "/0OJWJJGFC0UP0FTX.jpg"}, "homeCity": "Singapore", "lists": {"groups": [{"items": [], "count": 2, "type": "created"}]}}, {"tips": {"count": 9}, "contact": {"twitter": "jeremysoh"}, "firstName": "Jeremy", "gender": "male", "lastName": "Soh", "id": "374547", "bio": "", "photo": {"prefix": "https://igx.4sqi.net/img/user/", "suffix": "/PMTJQRVVKGG5MFZC.jpg"}, "homeCity": "Singapore", "lists": {"groups": [{"items": [], "count": 2, "type": "created"}]}}, {"tips": {"count": 19}, "contact": {"twitter": "eugeniechua", "facebook": "10153028562487088"}, "firstName": "Eugeniechua", "gender": "female", "lastName": "Xiaoxiao", "id": "1423719", "bio": "", "photo": {"prefix": "https://igx.4sqi.net/img/user/", "suffix": "/1423719-FAJNUTEIFXAQ3XS2.jpg"}, "homeCity": "Kajang, Malaysia", "lists": {"groups": [{"items": [], "count": 2, "type": "created"}]}}, {"tips": {"count": 0}, "contact": {}, "firstName": "Sp", "gender": "female", "lastName": "Foo", "id": "5848138", "bio": "", "photo": {"prefix": "https://igx.4sqi.net/img/user/", "suffix": "/blank_girl.png", "default": true}, "homeCity": "Singapore", "lists": {"groups": [{"items": [], "count": 2, "type": "created"}]}}, {"tips": {"count": 1}, "contact": {"facebook": "552241156"}, "firstName": "Lee", "gender": "male", "lastName": "Zhiqiang", "id": "1803765", "bio": "", "photo": {"prefix": "https://igx.4sqi.net/img/user/", "suffix": "/CDEQV1TEKJ3HV0VA.jpg"}, "homeCity": "Taoyuan County, Taiwan", "lists": {"groups": [{"items": [], "count": 2, "type": "created"}]}}, {"tips": {"count": 3}, "contact": {"facebook": "564838072"}, "firstName": "Irene", "gender": "female", "lastName": "Chin", "id": "463239", "bio": "", "photo": {"prefix": "https://igx.4sqi.net/img/user/", "suffix": "/Y3IGOSA1TKAC0ZKY.jpg"}, "homeCity": "Singapore", "lists": {"groups": [{"items": [], "count": 2, "type": "created"}]}}, {"tips": {"count": 0}, "contact": {"facebook": "549499001"}, "firstName": "Caz", "gender": "female", "lastName": "Fu", "id": "4192033", "bio": "", "photo": {"prefix": "https://igx.4sqi.net/img/user/", "suffix": "/5PT2D4VTNBZWYRO4.jpg"}, "homeCity": "Singapore", "lists": {"groups": [{"items": [], "count": 2, "type": "created"}]}}, {"tips": {"count": 0}, "contact": {}, "firstName": "Xalyn", "gender": "female", "lastName": "Yong", "id": "3791196", "bio": "", "photo": {"prefix": "https://igx.4sqi.net/img/user/", "suffix": "/DKFNT0LM3DJ5STKL.jpg"}, "homeCity": "Singapore", "lists": {"groups": [{"items": [], "count": 2, "type": "created"}]}}, {"tips": {"count": 0}, "contact": {}, "firstName": "Tan", "gender": "female", "lastName": "Regina", "id": "468565", "bio": "", "photo": {"prefix": "https://igx.4sqi.net/img/user/", "suffix": "/PATUUSIYWUZVNFX5.jpg"}, "homeCity": "", "lists": {"groups": [{"items": [], "count": 2, "type": "created"}]}}, {"superuser": 2, "tips": {"count": 6}, "contact": {"twitter": "patrickpang"}, "firstName": "Patrick", "gender": "male", "lastName": "Pang", "id": "154208", "bio": "Father of 3. Husband. A Singapore blogger who embraces social media. Manages @punggollatest and Punggol 21 fanpage. http://www.patrickpang.com", "photo": {"prefix": "https://igx.4sqi.net/img/user/", "suffix": "/154208-FDGQFNFKVZEJRMFM.jpg"}, "homeCity": "Singapore", "lists": {"groups": [{"items": [], "count": 2, "type": "created"}]}}, {"tips": {"count": 0}, "contact": {"facebook": "719252696"}, "firstName": "Candy", "gender": "female", "lastName": "Goh", "id": "865992", "bio": "", "photo": {"prefix": "https://igx.4sqi.net/img/user/", "suffix": "/2MX2BI5UNGP0FULN.jpg"}, "homeCity": "Singapore", "lists": {"groups": [{"items": [], "count": 2, "type": "created"}]}}, {"tips": {"count": 2}, "contact": {"twitter": "nicholastjh", "facebook": "10153187658621385"}, "firstName": "Nicholas", "gender": "male", "lastName": "Tan", "id": "3381703", "bio": "", "photo": {"prefix": "https://igx.4sqi.net/img/user/", "suffix": "/QBKNHW1O0NYASU3C.jpg"}, "homeCity": "Singapore", "lists": {"groups": [{"items": [], "count": 2, "type": "created"}]}}, {"tips": {"count": 2}, "contact": {"facebook": "100000055204701"}, "firstName": "Boss", "gender": "male", "lastName": "Lee", "id": "1033251", "bio": "", "photo": {"prefix": "https://igx.4sqi.net/img/user/", "suffix": "/T503DVHXB14S0HY1.jpg"}, "homeCity": "Singapore", "lists": {"groups": [{"items": [], "count": 2, "type": "created"}]}}, {"tips": {"count": 0}, "contact": {"facebook": "787353884"}, "firstName": "desiree", "gender": "female", "id": "4467205", "bio": "", "photo": {"prefix": "https://igx.4sqi.net/img/user/", "suffix": "/2KE0RPO0QDTV4EAG.jpg"}, "homeCity": "Singapore", "lists": {"groups": [{"items": [], "count": 2, "type": "created"}]}}, {"tips": {"count": 0}, "contact": {}, "firstName": "Winnie", "gender": "female", "lastName": "Ang", "id": "6036793", "bio": "", "photo": {"prefix": "https://igx.4sqi.net/img/user/", "suffix": "/blank_girl.png", "default": true}, "homeCity": "New York, NY", "lists": {"groups": [{"items": [], "count": 2, "type": "created"}]}}, {"tips": {"count": 0}, "contact": {"twitter": "kelvintanbh", "facebook": "594625352"}, "firstName": "Kelvin", "gender": "male", "lastName": "Tan", "id": "2704486", "bio": "", "photo": {"prefix": "https://igx.4sqi.net/img/user/", "suffix": "/RMJ5Y0QSWN3MJKP4.jpg"}, "homeCity": "Singapore", "lists": {"groups": [{"items": [], "count": 2, "type": "created"}]}}, {"tips": {"count": 0}, "contact": {"facebook": "100000216701488"}, "firstName": "Khalizah", "gender": "female", "lastName": "Kadir", "id": "2369101", "bio": "", "photo": {"prefix": "https://igx.4sqi.net/img/user/", "suffix": "/XHDO1HHZVILVR5PB.jpg"}, "homeCity": "Singapore", "lists": {"groups": [{"items": [], "count": 2, "type": "created"}]}}, {"tips": {"count": 6}, "contact": {"twitter": "larry_lmf", "facebook": "631380280"}, "firstName": "Larry", "gender": "male", "lastName": "LMF", "id": "5360033", "bio": "", "photo": {"prefix": "https://igx.4sqi.net/img/user/", "suffix": "/B1UGQCOBWCRXQ32R.jpg"}, "homeCity": "Singapore", "lists": {"groups": [{"items": [], "count": 2, "type": "created"}]}}, {"tips": {"count": 1}, "contact": {}, "firstName": "Sergina", "gender": "female", "id": "4621444", "bio": "", "photo": {"prefix": "https://igx.4sqi.net/img/user/", "suffix": "/D23TZLL0WQYJXNFD.jpg"}, "homeCity": "Singapore", "lists": {"groups": [{"items": [], "count": 2, "type": "created"}]}}, {"tips": {"count": 3}, "contact": {"facebook": "757112534"}, "firstName": "Hafiz", "gender": "male", "lastName": "Arifin", "id": "1548838", "bio": "", "photo": {"prefix": "https://igx.4sqi.net/img/user/", "suffix": "/G1NI4A5KRCJ5BCSL.jpg"}, "homeCity": "Pasir Ris, Singapore", "lists": {"groups": [{"items": [], "count": 3, "type": "created"}]}}, {"tips": {"count": 9}, "contact": {"twitter": "wongsukyee"}, "firstName": "Steph", "gender": "female", "lastName": "Wong", "id": "921782", "bio": "", "photo": {"prefix": "https://igx.4sqi.net/img/user/", "suffix": "/BUYZXB0MHMXTVMUL.jpg"}, "homeCity": "Singapore", "lists": {"groups": [{"items": [], "count": 5, "type": "created"}]}}, {"tips": {"count": 0}, "contact": {"facebook": "10207893288444618"}, "firstName": "Hazel", "gender": "female", "lastName": "Chiang", "id": "3878742", "bio": "", "photo": {"prefix": "https://igx.4sqi.net/img/user/", "suffix": "/3878742-AMFUOTYUGQ0NP5RF.jpg"}, "homeCity": "Singapore", "lists": {"groups": [{"items": [], "count": 2, "type": "created"}]}}, {"tips": {"count": 0}, "contact": {"facebook": "789963018"}, "firstName": "Cat", "gender": "female", "lastName": "Estabillo", "id": "4885046", "bio": "", "photo": {"prefix": "https://igx.4sqi.net/img/user/", "suffix": "/blank_girl.png", "default": true}, "homeCity": "Singapore", "lists": {"groups": [{"items": [], "count": 2, "type": "created"}]}}, {"tips": {"count": 0}, "contact": {}, "firstName": "Pinpin", "gender": "female", "lastName": "Lee", "id": "6130922", "bio": "", "photo": {"prefix": "https://igx.4sqi.net/img/user/", "suffix": "/blank_girl.png", "default": true}, "homeCity": "Singapore", "lists": {"groups": [{"items": [], "count": 2, "type": "created"}]}}, {"tips": {"count": 0}, "contact": {"facebook": "604466042"}, "firstName": "Lawrence", "gender": "male", "lastName": "Lian", "id": "3655293", "bio": "", "photo": {"prefix": "https://igx.4sqi.net/img/user/", "suffix": "/3655293-5I1ERWU11GWBOPAS.jpg"}, "homeCity": "Singapore", "lists": {"groups": [{"items": [], "count": 2, "type": "created"}]}}, {"tips": {"count": 16}, "contact": {}, "firstName": "iRyNee", "gender": "none", "id": "3632332", "bio": "", "photo": {"prefix": "https://igx.4sqi.net/img/user/", "suffix": "/3NU0JETX42WTYMJA.jpg"}, "homeCity": "Singapore", "lists": {"groups": [{"items": [], "count": 2, "type": "created"}]}}, {"tips": {"count": 1}, "contact": {"twitter": "hailthygoddess"}, "firstName": "Joey", "gender": "female", "lastName": "Teo", "id": "4682998", "bio": "", "photo": {"prefix": "https://igx.4sqi.net/img/user/", "suffix": "/OAUPBNHWZIX4CTQQ.jpg"}, "homeCity": "Singapore", "lists": {"groups": [{"items": [], "count": 2, "type": "created"}]}}, {"tips": {"count": 1}, "contact": {"facebook": "548921850"}, "firstName": "Christine", "gender": "female", "lastName": "Wee", "id": "5075209", "bio": "", "photo": {"prefix": "https://igx.4sqi.net/img/user/", "suffix": "/LZDZ2N2LOD2Q5DMV.jpg"}, "homeCity": "Singapore", "lists": {"groups": [{"items": [], "count": 2, "type": "created"}]}}, {"tips": {"count": 1}, "contact": {}, "firstName": "John", "gender": "male", "lastName": "Michaels", "id": "1021060", "bio": "", "photo": {"prefix": "https://igx.4sqi.net/img/user/", "suffix": "/SQRSPJFSTJY3NVMY.jpg"}, "homeCity": "Singapore, Singapore", "lists": {"groups": [{"items": [], "count": 2, "type": "created"}]}}, {"tips": {"count": 0}, "contact": {"facebook": "720062518"}, "firstName": "Deror", "gender": "male", "lastName": "Wong", "id": "4439385", "bio": "", "photo": {"prefix": "https://igx.4sqi.net/img/user/", "suffix": "/blank_boy.png", "default": true}, "homeCity": "Singapore", "lists": {"groups": [{"items": [], "count": 2, "type": "created"}]}}, {"tips": {"count": 0}, "contact": {}, "firstName": "Chua", "gender": "female", "lastName": "Lisha", "id": "6176690", "bio": "", "photo": {"prefix": "https://igx.4sqi.net/img/user/", "suffix": "/V4WAFPDSK3SRTM15.jpg"}, "homeCity": "Singapore", "lists": {"groups": [{"items": [], "count": 2, "type": "created"}]}}, {"tips": {"count": 0}, "contact": {"facebook": "1841092712"}, "firstName": "kit", "gender": "female", "lastName": "kitty", "id": "3656435", "bio": "", "photo": {"prefix": "https://igx.4sqi.net/img/user/", "suffix": "/D5J2VG5LN4RVFOQS.jpg"}, "homeCity": "Muar, Malaysia", "lists": {"groups": [{"items": [], "count": 2, "type": "created"}]}}, {"tips": {"count": 0}, "contact": {"facebook": "609376254"}, "firstName": "Jasmine", "gender": "female", "lastName": "Xu", "id": "3921154", "bio": "", "photo": {"prefix": "https://igx.4sqi.net/img/user/", "suffix": "/JBQXDNZWLY5IYROI.jpg"}, "homeCity": "Unnamed Location", "lists": {"groups": [{"items": [], "count": 2, "type": "created"}]}}, {"tips": {"count": 5}, "contact": {"twitter": "ting_janet", "facebook": "1273283095"}, "firstName": "ting", "gender": "female", "lastName": "janet", "id": "1062345", "bio": "", "photo": {"prefix": "https://igx.4sqi.net/img/user/", "suffix": "/BBLEM335FYUTIPH3.jpg"}, "homeCity": "Singapore", "lists": {"groups": [{"items": [], "count": 2, "type": "created"}]}}, {"tips": {"count": 1}, "contact": {"facebook": "1070904064"}, "firstName": "Casey", "gender": "male", "lastName": "Ng", "id": "4489734", "bio": "", "photo": {"prefix": "https://igx.4sqi.net/img/user/", "suffix": "/20SRQQ4UPWHDURNA.jpg"}, "homeCity": "Singapore", "lists": {"groups": [{"items": [], "count": 2, "type": "created"}]}}, {"tips": {"count": 0}, "contact": {}, "firstName": "Joey", "gender": "female", "lastName": "Ng", "id": "6893173", "bio": "", "photo": {"prefix": "https://igx.4sqi.net/img/user/", "suffix": "/blank_girl.png", "default": true}, "homeCity": "\u30b7\u30f3\u30ac\u30dd\u30fc\u30eb, Singapore", "lists": {"groups": [{"items": [], "count": 2, "type": "created"}]}}, {"tips": {"count": 0}, "contact": {}, "firstName": "Jasmine", "gender": "female", "lastName": "Xu", "id": "3737466", "bio": "", "photo": {"prefix": "https://igx.4sqi.net/img/user/", "suffix": "/ASCCE4UVNCN5PA0B.jpg"}, "homeCity": "Singapore", "lists": {"groups": [{"items": [], "count": 2, "type": "created"}]}}, {"tips": {"count": 0}, "contact": {}, "firstName": "Wenjing", "gender": "female", "lastName": "Liao", "id": "7374109", "bio": "", "photo": {"prefix": "https://igx.4sqi.net/img/user/", "suffix": "/blank_girl.png", "default": true}, "homeCity": "Singapore", "lists": {"groups": [{"items": [], "count": 2, "type": "created"}]}}, {"tips": {"count": 2}, "contact": {}, "firstName": "AWS", "gender": "male", "lastName": "A.", "id": "1072204", "bio": "", "photo": {"prefix": "https://igx.4sqi.net/img/user/", "suffix": "/I4342KOIHTVH5CSD.jpg"}, "homeCity": "Singapore", "lists": {"groups": [{"items": [], "count": 2, "type": "created"}]}}, {"tips": {"count": 0}, "contact": {"facebook": "777113000"}, "firstName": "Shirley", "gender": "female", "lastName": "Pek", "id": "4692423", "bio": "", "photo": {"prefix": "https://igx.4sqi.net/img/user/", "suffix": "/JMJADL4BEJXGWN3R.jpg"}, "homeCity": "Singapore", "lists": {"groups": [{"items": [], "count": 2, "type": "created"}]}}, {"tips": {"count": 1}, "contact": {"facebook": "542414999"}, "firstName": "Robin", "gender": "male", "lastName": "Lau", "id": "4910457", "bio": "", "photo": {"prefix": "https://igx.4sqi.net/img/user/", "suffix": "/YFMVN4RCB02IOMSL.jpg"}, "homeCity": "Singapore", "lists": {"groups": [{"items": [], "count": 2, "type": "created"}]}}, {"tips": {"count": 0}, "contact": {}, "firstName": "Eugene", "gender": "male", "lastName": "Cheong", "id": "1500845", "bio": "", "photo": {"prefix": "https://igx.4sqi.net/img/user/", "suffix": "/GDIKSKVGSXVTDQRD.jpg"}, "homeCity": "Singapore", "lists": {"groups": [{"items": [], "count": 2, "type": "created"}]}}, {"tips": {"count": 0}, "contact": {}, "firstName": "annabelle", "gender": "female", "lastName": "bautista", "id": "5534066", "bio": "", "photo": {"prefix": "https://igx.4sqi.net/img/user/", "suffix": "/blank_girl.png", "default": true}, "homeCity": "New York, NY", "lists": {"groups": [{"items": [], "count": 2, "type": "created"}]}}, {"tips": {"count": 14}, "contact": {"twitter": "daryltsr", "facebook": "644543833"}, "firstName": "Tan", "gender": "male", "lastName": "Daryl", "id": "1628331", "bio": "", "photo": {"prefix": "https://igx.4sqi.net/img/user/", "suffix": "/NNBD30ICJ0FV2G2Q.jpg"}, "homeCity": "Singapore", "lists": {"groups": [{"items": [], "count": 2, "type": "created"}]}}, {"tips": {"count": 6}, "contact": {}, "firstName": "Maverick", "gender": "male", "lastName": "RB", "id": "6045057", "bio": "", "photo": {"prefix": "https://igx.4sqi.net/img/user/", "suffix": "/A15JHPTLXIPMYHQR.jpg"}, "homeCity": "Singapore", "lists": {"groups": [{"items": [], "count": 2, "type": "created"}]}}, {"tips": {"count": 5}, "contact": {}, "firstName": "lyn", "gender": "female", "lastName": "Huang", "id": "2422703", "bio": "", "photo": {"prefix": "https://igx.4sqi.net/img/user/", "suffix": "/WSYCO0VTOPCCIEWX.jpg"}, "homeCity": "Singapore", "lists": {"groups": [{"items": [], "count": 2, "type": "created"}]}}, {"tips": {"count": 8}, "contact": {"facebook": "625880268"}, "firstName": "Wendy", "gender": "female", "lastName": "Winefred", "id": "3112119", "bio": "", "photo": {"prefix": "https://igx.4sqi.net/img/user/", "suffix": "/VDXBZ42ZHXJOWJY0.jpg"}, "homeCity": "Singapore", "lists": {"groups": [{"items": [], "count": 2, "type": "created"}]}}, {"tips": {"count": 0}, "contact": {"facebook": "584446292"}, "firstName": "Kelvin", "gender": "male", "lastName": "Chua", "id": "3604627", "bio": "", "photo": {"prefix": "https://igx.4sqi.net/img/user/", "suffix": "/SHNSDZUJCQY2Q1SB.jpg"}, "homeCity": "Singapore", "lists": {"groups": [{"items": [], "count": 2, "type": "created"}]}}, {"tips": {"count": 0}, "contact": {"facebook": "647863421"}, "firstName": "Esther", "gender": "female", "lastName": "Chia", "id": "3709882", "bio": "", "photo": {"prefix": "https://igx.4sqi.net/img/user/", "suffix": "/blank_girl.png", "default": true}, "homeCity": "Singapore", "lists": {"groups": [{"items": [], "count": 2, "type": "created"}]}}, {"tips": {"count": 0}, "contact": {}, "firstName": "EVon", "gender": "female", "lastName": "Chan", "id": "4592685", "bio": "", "photo": {"prefix": "https://igx.4sqi.net/img/user/", "suffix": "/blank_girl.png", "default": true}, "homeCity": "New York, NY", "lists": {"groups": [{"items": [], "count": 2, "type": "created"}]}}, {"tips": {"count": 0}, "contact": {"facebook": "1202847542"}, "firstName": "sheila", "gender": "female", "lastName": "ann", "id": "5739251", "bio": "", "photo": {"prefix": "https://igx.4sqi.net/img/user/", "suffix": "/ZK30FNHTYQXNQRRW.jpg"}, "homeCity": "singapore, singapore", "lists": {"groups": [{"items": [], "count": 2, "type": "created"}]}}], "count": 53}, "checksum": "dceb43ab8497a1f9129c33ea0fc3c2f25f90b18a"}, "meta": {"requestId": "5965d924351e3d64b175fac7", "code": 200}}