{"notifications": [{"type": "notificationTray", "item": {"unreadCount": 0}}], "meta": {"requestId": "5966d5286a607115ce4e5947", "code": 200}, "response": {"friends": {"count": 87, "items": [{"id": "4305956", "photo": {"prefix": "https://igx.4sqi.net/img/user/", "suffix": "/4305956-TJPQW0OXMITN1SLH.jpg"}, "homeCity": "Singapore", "contact": {"facebook": "540268235", "twitter": "reminiscec"}, "firstName": "Cherie", "tips": {"count": 0}, "gender": "female", "lastName": "Reminisce \u221e", "lists": {"groups": [{"count": 2, "type": "created", "items": []}]}, "bio": "Following the map that leads to you."}, {"id": "7166874", "photo": {"prefix": "https://igx.4sqi.net/img/user/", "default": true, "suffix": "/blank_boy.png"}, "homeCity": "Singapore", "contact": {"facebook": "631577423"}, "firstName": "Louis", "tips": {"count": 0}, "gender": "male", "lastName": "Chang", "lists": {"groups": [{"count": 2, "type": "created", "items": []}]}, "bio": ""}, {"id": "25175930", "photo": {"prefix": "https://igx.4sqi.net/img/user/", "suffix": "/25175930-0PBIXQUVT3OVS0D0.jpg"}, "homeCity": "Pulau Pinang", "contact": {"facebook": "100000162678726"}, "firstName": "Nell", "tips": {"count": 0}, "gender": "male", "lastName": "Tang", "lists": {"groups": [{"count": 2, "type": "created", "items": []}]}, "bio": ""}, {"id": "25781934", "photo": {"prefix": "https://igx.4sqi.net/img/user/", "suffix": "/25781934-0EFF3CO04KLJISLU.jpg"}, "homeCity": "Selangor", "contact": {"facebook": "100000047625229"}, "firstName": "Aiisaka", "tips": {"count": 3}, "gender": "female", "lastName": "Miharu", "lists": {"groups": [{"count": 2, "type": "created", "items": []}]}, "bio": ""}, {"id": "3767406", "photo": {"prefix": "https://igx.4sqi.net/img/user/", "suffix": "/AH4U32XJNXKVKPTR.jpg"}, "homeCity": "Singapore", "contact": {"facebook": "740697803", "twitter": "dallaskhl"}, "firstName": "Dallas", "tips": {"count": 0}, "gender": "male", "lastName": "Khoo", "lists": {"groups": [{"count": 2, "type": "created", "items": []}]}, "bio": ""}, {"id": "1335629", "photo": {"prefix": "https://igx.4sqi.net/img/user/", "suffix": "/BHAD2M3GNDV34QKI.jpg"}, "homeCity": ", Singapore", "contact": {"facebook": "514607614"}, "firstName": "Raymond", "tips": {"count": 0}, "gender": "male", "lastName": "Lim", "lists": {"groups": [{"count": 2, "type": "created", "items": []}]}, "bio": ""}, {"id": "1432894", "photo": {"prefix": "https://igx.4sqi.net/img/user/", "suffix": "/4XP3P20UIG5Z2PUT.jpg"}, "homeCity": "Singapore", "contact": {}, "firstName": "Darren", "tips": {"count": 0}, "gender": "male", "lists": {"groups": [{"count": 2, "type": "created", "items": []}]}, "bio": ""}, {"id": "5585309", "photo": {"prefix": "https://igx.4sqi.net/img/user/", "suffix": "/EZIY1SOFCJGTEZEU.jpg"}, "homeCity": "Singapore", "contact": {"facebook": "584912667", "twitter": "anythingloh"}, "firstName": "Darren", "tips": {"count": 3}, "gender": "male", "lastName": "C", "lists": {"groups": [{"count": 2, "type": "created", "items": []}]}, "bio": ""}, {"id": "2464937", "photo": {"prefix": "https://igx.4sqi.net/img/user/", "default": true, "suffix": "/blank_boy.png"}, "homeCity": "Singapore", "contact": {"facebook": "515487718", "twitter": "johnyangwx"}, "firstName": "John", "tips": {"count": 0}, "gender": "male", "lastName": "Yang", "lists": {"groups": [{"count": 2, "type": "created", "items": []}]}, "bio": ""}, {"id": "6695367", "photo": {"prefix": "https://igx.4sqi.net/img/user/", "suffix": "/Y3VOMS4CSBGPCNV3.jpg"}, "homeCity": "New York, NY", "contact": {"facebook": "532285409", "twitter": "extremeugene"}, "firstName": "Eugene", "tips": {"count": 0}, "gender": "male", "lists": {"groups": [{"count": 2, "type": "created", "items": []}]}, "bio": ""}, {"id": "2381519", "photo": {"prefix": "https://igx.4sqi.net/img/user/", "suffix": "/ZFLISGCZZWX2QDNW.jpg"}, "homeCity": "Singapore", "contact": {"facebook": "620083037"}, "firstName": "Garrick", "tips": {"count": 0}, "gender": "male", "lastName": "Lin", "lists": {"groups": [{"count": 2, "type": "created", "items": []}]}, "bio": ""}, {"id": "2295969", "photo": {"prefix": "https://igx.4sqi.net/img/user/", "suffix": "/KUDEO1SSR5Z434WZ.jpg"}, "homeCity": "Singapore", "contact": {"facebook": "100000160091875", "twitter": "larhfy"}, "firstName": "Rafy", "tips": {"count": 4}, "gender": "male", "lastName": "La Sey", "lists": {"groups": [{"count": 2, "type": "created", "items": []}]}, "bio": ""}, {"id": "4099784", "photo": {"prefix": "https://igx.4sqi.net/img/user/", "suffix": "/WDGY0LTBV0HINQYN.jpg"}, "homeCity": "Singapore", "contact": {"twitter": "adanatyeo"}, "firstName": "Ada", "tips": {"count": 8}, "gender": "female", "lastName": "Nat", "lists": {"groups": [{"count": 2, "type": "created", "items": []}]}, "bio": ""}, {"id": "998328", "photo": {"prefix": "https://igx.4sqi.net/img/user/", "suffix": "/SEWEYYLHNVQ3EVOT.jpg"}, "homeCity": "Clementi, Singapore", "contact": {"facebook": "514738953", "twitter": "crusnik24"}, "firstName": "Bryan", "tips": {"count": 0}, "gender": "male", "lastName": "Quek", "lists": {"groups": [{"count": 2, "type": "created", "items": []}]}, "bio": ""}, {"id": "708480", "photo": {"prefix": "https://igx.4sqi.net/img/user/", "suffix": "/Z0UWOM05E05U3T2H.jpg"}, "homeCity": "Southbank, VIC", "contact": {"facebook": "614560567"}, "firstName": "Brian", "tips": {"count": 1}, "gender": "male", "lastName": "Wong", "lists": {"groups": [{"count": 2, "type": "created", "items": []}]}, "bio": ""}, {"id": "7554136", "photo": {"prefix": "https://igx.4sqi.net/img/user/", "suffix": "/HU0AJIA3SV2K5QDP.jpg"}, "homeCity": "Singapore", "contact": {}, "firstName": "Adele", "tips": {"count": 0}, "gender": "female", "lastName": "Wonka", "lists": {"groups": [{"count": 2, "type": "created", "items": []}]}, "bio": ""}, {"id": "846184", "photo": {"prefix": "https://igx.4sqi.net/img/user/", "suffix": "/846184-KGPMZ5GENIAFMTPP"}, "homeCity": "ForeverAlone", "contact": {"twitter": "donaldducky"}, "firstName": "D\u00f6na\u0142d \u0295 \u2022\u1d25\u2022\u0294", "tips": {"count": 360}, "gender": "male", "lists": {"groups": [{"count": 4, "type": "created", "items": []}]}, "bio": "#foreveralone with foursquare."}, {"id": "2442889", "photo": {"prefix": "https://igx.4sqi.net/img/user/", "suffix": "/JVNTPGPFOPJXAWC2.jpg"}, "homeCity": "Singapore", "contact": {"facebook": "515174530", "twitter": "supremefalfen"}, "firstName": "Falfen", "tips": {"count": 0}, "gender": "male", "lastName": "Fernadez", "lists": {"groups": [{"count": 2, "type": "created", "items": []}]}, "bio": ""}, {"id": "912447", "photo": {"prefix": "https://igx.4sqi.net/img/user/", "suffix": "/EOQGOQMR0RILERRG.jpg"}, "homeCity": "Singapore", "contact": {"facebook": "514772042", "twitter": "evo3shini"}, "firstName": "Aaron", "tips": {"count": 6}, "gender": "male", "lastName": "Advan", "lists": {"groups": [{"count": 3, "type": "created", "items": []}]}, "bio": ""}, {"id": "15803859", "photo": {"prefix": "https://igx.4sqi.net/img/user/", "suffix": "/XTNNHNG1ECX5CEBJ.jpg"}, "homeCity": "Singapore", "contact": {"facebook": "571695508", "twitter": "denardd"}, "firstName": "Denard", "tips": {"count": 3}, "gender": "male", "lastName": "Kuok", "lists": {"groups": [{"count": 2, "type": "created", "items": []}]}, "bio": ""}, {"id": "4372626", "photo": {"prefix": "https://igx.4sqi.net/img/user/", "suffix": "/4372626-TCOKESXEPXZQUUAF.jpg"}, "homeCity": "Singapore", "contact": {"facebook": "100000247876110", "twitter": "quiksheenee"}, "firstName": "Sheen Ee", "tips": {"count": 0}, "gender": "female", "lists": {"groups": [{"count": 2, "type": "created", "items": []}]}, "bio": ""}, {"id": "7402255", "photo": {"prefix": "https://igx.4sqi.net/img/user/", "suffix": "/0FP5VZ4IH10AG5AB.jpg"}, "homeCity": "Kuala Lumpur, Malaysia", "contact": {"facebook": "618555166"}, "firstName": "Joey", "tips": {"count": 0}, "gender": "male", "lastName": "Koo", "lists": {"groups": [{"count": 2, "type": "created", "items": []}]}, "bio": ""}, {"id": "3774911", "photo": {"prefix": "https://igx.4sqi.net/img/user/", "suffix": "/WNN3ED3QCV52ICOH.jpg"}, "homeCity": "Singapore", "contact": {"facebook": "605795774", "twitter": "purplishbelle"}, "firstName": "Rosabelle", "tips": {"count": 0}, "gender": "female", "lastName": "Ang", "lists": {"groups": [{"count": 2, "type": "created", "items": []}]}, "bio": ""}, {"id": "4176003", "photo": {"prefix": "https://igx.4sqi.net/img/user/", "suffix": "/POBVFDPZUJDJRTWQ.jpg"}, "homeCity": "Singapore", "contact": {"facebook": "595852464"}, "firstName": "Junizawaty", "tips": {"count": 0}, "gender": "female", "lastName": "Jumani", "lists": {"groups": [{"count": 2, "type": "created", "items": []}]}, "bio": ""}, {"id": "5660602", "photo": {"prefix": "https://igx.4sqi.net/img/user/", "suffix": "/5E1USFCFH3EEMX20.jpg"}, "homeCity": "Singapore", "contact": {"facebook": "1220174258"}, "firstName": "Cassy", "tips": {"count": 0}, "gender": "female", "lastName": "k", "lists": {"groups": [{"count": 2, "type": "created", "items": []}]}, "bio": ""}, {"id": "2836974", "photo": {"prefix": "https://igx.4sqi.net/img/user/", "suffix": "/4TFESR3KNGDTQ4LU.jpg"}, "homeCity": "Singapore (Bedok)", "contact": {"facebook": "100004616942699", "twitter": "grandsoulska"}, "firstName": "Sharudy", "tips": {"count": 2}, "gender": "male", "lastName": "Ultraman", "lists": {"groups": [{"count": 6, "type": "created", "items": []}]}, "bio": ""}, {"id": "13720012", "photo": {"prefix": "https://igx.4sqi.net/img/user/", "suffix": "/JFQHROY0DZTHJ1NC.jpg"}, "homeCity": "Singapore", "contact": {"twitter": "yvettehuili"}, "firstName": "Huili", "tips": {"count": 0}, "gender": "female", "lastName": "Lim", "lists": {"groups": [{"count": 2, "type": "created", "items": []}]}, "bio": ""}, {"id": "2921529", "photo": {"prefix": "https://igx.4sqi.net/img/user/", "suffix": "/JYPKY4YXVBC41W3T.jpg"}, "homeCity": "Singapore", "contact": {"facebook": "1248489635"}, "firstName": "karen", "tips": {"count": 1}, "gender": "female", "lastName": "lai", "lists": {"groups": [{"count": 2, "type": "created", "items": []}]}, "bio": ""}, {"id": "5034484", "photo": {"prefix": "https://igx.4sqi.net/img/user/", "suffix": "/HUWQN3EY4WFIFSXQ.jpg"}, "homeCity": "Singapore", "contact": {}, "firstName": "Sing Dai", "tips": {"count": 1}, "gender": "male", "lastName": "Tan", "lists": {"groups": [{"count": 2, "type": "created", "items": []}]}, "bio": ""}, {"id": "2996967", "photo": {"prefix": "https://igx.4sqi.net/img/user/", "suffix": "/K4WPHDABY4AQKPSI.jpg"}, "homeCity": "Singapore", "contact": {"facebook": "645878352", "twitter": "cesc_zai"}, "firstName": "muhammad", "tips": {"count": 1}, "gender": "male", "lastName": "huzaifah", "lists": {"groups": [{"count": 2, "type": "created", "items": []}]}, "bio": ""}, {"id": "3811204", "photo": {"prefix": "https://igx.4sqi.net/img/user/", "default": true, "suffix": "/blank_boy.png"}, "homeCity": "Singapore", "contact": {}, "firstName": "Ashwiin", "tips": {"count": 1}, "gender": "male", "lastName": "Nedun", "lists": {"groups": [{"count": 2, "type": "created", "items": []}]}, "bio": ""}, {"id": "9214090", "photo": {"prefix": "https://igx.4sqi.net/img/user/", "suffix": "/LHW52H4P4UGKCTOO.jpg"}, "homeCity": "Singapore", "contact": {"facebook": "1263267673", "twitter": "chnglizzie"}, "firstName": "Liz", "tips": {"count": 0}, "gender": "female", "lastName": "Chng", "lists": {"groups": [{"count": 2, "type": "created", "items": []}]}, "bio": ""}, {"id": "942223", "photo": {"prefix": "https://igx.4sqi.net/img/user/", "suffix": "/IFHKOKKSKSK3GPGV.jpg"}, "homeCity": "Singapore", "contact": {"facebook": "614980824", "twitter": "leonardsiew"}, "firstName": "Leonard", "tips": {"count": 3}, "gender": "male", "lastName": "Siew", "lists": {"groups": [{"count": 3, "type": "created", "items": []}]}, "bio": ""}, {"id": "2690272", "photo": {"prefix": "https://igx.4sqi.net/img/user/", "suffix": "/5E4HOW4MAOWSM3GR.jpg"}, "homeCity": "Singapore", "contact": {}, "firstName": "Rurul", "tips": {"count": 0}, "gender": "male", "lastName": "Ramdhan", "lists": {"groups": [{"count": 2, "type": "created", "items": []}]}, "bio": ""}, {"id": "20289767", "photo": {"prefix": "https://igx.4sqi.net/img/user/", "suffix": "/JUAE4TTPQM3NMRK4.jpg"}, "homeCity": "Selangor", "contact": {"facebook": "100000476984718"}, "firstName": "Nasrul", "tips": {"count": 3}, "gender": "male", "lastName": "Farhan", "lists": {"groups": [{"count": 3, "type": "created", "items": []}]}, "bio": ""}, {"id": "5198198", "photo": {"prefix": "https://igx.4sqi.net/img/user/", "suffix": "/BW54R1PI3AXK4NBQ.jpg"}, "homeCity": "Singapore", "contact": {}, "firstName": "Sharleen", "tips": {"count": 1}, "gender": "female", "lastName": "Kunmantonggoh", "lists": {"groups": [{"count": 2, "type": "created", "items": []}]}, "bio": ""}, {"id": "20427640", "photo": {"prefix": "https://igx.4sqi.net/img/user/", "suffix": "/ABFC33TN5QJ3BUXR.jpg"}, "homeCity": "Singapore ", "contact": {}, "firstName": "Ameki", "tips": {"count": 0}, "gender": "female", "lastName": "Kyuue", "lists": {"groups": [{"count": 2, "type": "created", "items": []}]}, "bio": ""}, {"id": "7654039", "photo": {"prefix": "https://igx.4sqi.net/img/user/", "suffix": "/DN3WVX0FF1Y3AHSD.jpg"}, "homeCity": "Singapore", "contact": {"facebook": "514898202", "twitter": "budonglaoshi"}, "firstName": "Fok", "tips": {"count": 0}, "gender": "male", "lastName": "Tong Lam", "lists": {"groups": [{"count": 2, "type": "created", "items": []}]}, "bio": ""}, {"id": "4421383", "photo": {"prefix": "https://igx.4sqi.net/img/user/", "suffix": "/GJU2LSVKQT3DRZWZ.jpg"}, "homeCity": "Singapore", "contact": {"facebook": "689139347"}, "firstName": "Andre", "tips": {"count": 3}, "gender": "male", "lastName": "Norad", "lists": {"groups": [{"count": 2, "type": "created", "items": []}]}, "bio": ""}, {"id": "8433532", "photo": {"prefix": "https://igx.4sqi.net/img/user/", "suffix": "/DV0QWOBNHRI0TYXD.jpg"}, "homeCity": "Singapore", "contact": {"facebook": "755329841"}, "firstName": "Rabbani", "tips": {"count": 0}, "gender": "male", "lastName": "Rabz", "lists": {"groups": [{"count": 2, "type": "created", "items": []}]}, "bio": ""}, {"id": "3577169", "photo": {"prefix": "https://igx.4sqi.net/img/user/", "suffix": "/IRCXV1YMU1UH2SVW.jpg"}, "homeCity": "Singapore", "contact": {}, "firstName": "Jeremy", "tips": {"count": 0}, "gender": "male", "lastName": "Ng", "lists": {"groups": [{"count": 2, "type": "created", "items": []}]}, "bio": ""}, {"id": "3167762", "photo": {"prefix": "https://igx.4sqi.net/img/user/", "suffix": "/3VPOASVIJ0IJILPO.jpg"}, "homeCity": "Singapore", "contact": {"facebook": "740164211"}, "firstName": "Gordon", "tips": {"count": 0}, "gender": "male", "lastName": "Teo", "lists": {"groups": [{"count": 2, "type": "created", "items": []}]}, "bio": ""}, {"id": "5101630", "photo": {"prefix": "https://igx.4sqi.net/img/user/", "suffix": "/GESCTXINBNHUIT01.jpg"}, "homeCity": "Singapore", "contact": {}, "firstName": "Jeanie", "tips": {"count": 0}, "gender": "female", "lastName": "Shuyan", "lists": {"groups": [{"count": 2, "type": "created", "items": []}]}, "bio": ""}, {"id": "1270008", "photo": {"prefix": "https://igx.4sqi.net/img/user/", "suffix": "/2JBBHUFYXJ5MDTLV.jpg"}, "homeCity": "Singapore", "contact": {"facebook": "668705684", "twitter": "kengguan"}, "firstName": "Tan", "tips": {"count": 0}, "gender": "male", "lastName": "Keng Guan", "lists": {"groups": [{"count": 2, "type": "created", "items": []}]}, "bio": ""}, {"id": "2862847", "photo": {"prefix": "https://igx.4sqi.net/img/user/", "suffix": "/0CKHQ0NHQDYP3AH3.jpg"}, "homeCity": "Singapore", "contact": {"facebook": "10153640322544934", "twitter": "desmond_07"}, "firstName": "Desmond", "tips": {"count": 0}, "gender": "male", "lastName": "Tan", "lists": {"groups": [{"count": 2, "type": "created", "items": []}]}, "bio": ""}, {"id": "6291070", "photo": {"prefix": "https://igx.4sqi.net/img/user/", "suffix": "/ROGQICI0CAXC5KLO.jpg"}, "homeCity": "Kuala Lumpur, Malaysia", "contact": {"facebook": "1685650840"}, "firstName": "Yoshino", "tips": {"count": 2}, "gender": "male", "lastName": "Kyoro", "lists": {"groups": [{"count": 2, "type": "created", "items": []}]}, "bio": "=w=/\r\nhttp://instagram.com/yoshino_kyoro"}, {"id": "20672617", "photo": {"prefix": "https://igx.4sqi.net/img/user/", "suffix": "/QBWFM4UDKYUII4SB.jpg"}, "homeCity": "Selangor", "contact": {"facebook": "100001033098470"}, "firstName": "Brian", "tips": {"count": 0}, "gender": "male", "lastName": "Tan", "lists": {"groups": [{"count": 2, "type": "created", "items": []}]}, "bio": ""}, {"id": "17583630", "photo": {"prefix": "https://igx.4sqi.net/img/user/", "suffix": "/GCB45RZUOT0Q31GM.jpg"}, "homeCity": "Singapore", "contact": {"facebook": "718308678", "twitter": "dannieoy"}, "firstName": "Dannie", "tips": {"count": 0}, "gender": "male", "lastName": "Yong", "lists": {"groups": [{"count": 2, "type": "created", "items": []}]}, "bio": ""}, {"id": "8081943", "photo": {"prefix": "https://igx.4sqi.net/img/user/", "suffix": "/CH35DY4SXERW4AQ1.jpg"}, "homeCity": "Singapore", "contact": {"twitter": "nhsaa"}, "firstName": "NHSAA", "tips": {"count": 0}, "gender": "female", "lists": {"groups": [{"count": 2, "type": "created", "items": []}]}, "bio": ""}, {"id": "3584967", "photo": {"prefix": "https://igx.4sqi.net/img/user/", "suffix": "/RECSIDVNRSZXBD2J.jpg"}, "homeCity": "Singapore", "contact": {"facebook": "100001589833914"}, "firstName": "Rainy", "tips": {"count": 0}, "gender": "female", "lastName": "Koi no ame", "lists": {"groups": [{"count": 2, "type": "created", "items": []}]}, "bio": ""}, {"id": "3536464", "photo": {"prefix": "https://igx.4sqi.net/img/user/", "suffix": "/15U0HFHAQT13QN4L.jpg"}, "homeCity": "Singapore", "contact": {"facebook": "721424951", "twitter": "methehatred"}, "firstName": "Lee", "tips": {"count": 1}, "gender": "male", "lastName": "Bao Chai", "lists": {"groups": [{"count": 2, "type": "created", "items": []}]}, "bio": ""}, {"id": "9624862", "photo": {"prefix": "https://igx.4sqi.net/img/user/", "suffix": "/4FMPPKWS0B4P4PWH.jpg"}, "homeCity": "pls fuck off from my mayor", "contact": {}, "firstName": "Rye", "tips": {"count": 35}, "gender": "male", "lastName": "Cain", "lists": {"groups": [{"count": 2, "type": "created", "items": []}]}, "bio": ""}, {"id": "1509027", "photo": {"prefix": "https://igx.4sqi.net/img/user/", "suffix": "/EN3PVWMO5T5SN0Y4.jpg"}, "homeCity": "Singapore", "contact": {"facebook": "100000097814801"}, "firstName": "Rainy", "tips": {"count": 0}, "gender": "female", "lastName": "Wei Zou Qin", "lists": {"groups": [{"count": 2, "type": "created", "items": []}]}, "bio": ""}, {"id": "3303714", "photo": {"prefix": "https://igx.4sqi.net/img/user/", "suffix": "/GK1J1FG1EWXIQZO0.jpg"}, "homeCity": "Singapore", "contact": {"facebook": "647902930"}, "firstName": "Zhen wei", "tips": {"count": 0}, "gender": "male", "lists": {"groups": [{"count": 2, "type": "created", "items": []}]}, "bio": ""}, {"id": "9068516", "photo": {"prefix": "https://igx.4sqi.net/img/user/", "suffix": "/KHOWTWJFR1KNOJME.jpg"}, "homeCity": "NY", "contact": {"facebook": "634162301"}, "firstName": "Syukor", "tips": {"count": 0}, "gender": "male", "lastName": "Ibrahim", "lists": {"groups": [{"count": 2, "type": "created", "items": []}]}, "bio": ""}, {"id": "23940947", "photo": {"prefix": "https://igx.4sqi.net/img/user/", "suffix": "/313QURO2T3J2F5WI.jpg"}, "homeCity": "Jawa Barat", "contact": {"facebook": "1284566616", "twitter": "randyalee"}, "firstName": "Randy", "tips": {"count": 1}, "gender": "male", "lastName": "A. Lee", "lists": {"groups": [{"count": 2, "type": "created", "items": []}]}, "bio": ""}, {"id": "3654340", "photo": {"prefix": "https://igx.4sqi.net/img/user/", "suffix": "/4NKFXAM4N5FAZECV.jpg"}, "homeCity": "Singapore", "contact": {}, "firstName": "Soon", "tips": {"count": 0}, "gender": "male", "lastName": "Ronnie", "lists": {"groups": [{"count": 2, "type": "created", "items": []}]}, "bio": ""}, {"id": "3751470", "photo": {"prefix": "https://igx.4sqi.net/img/user/", "suffix": "/LOWCU1FDSTY3MAI3.jpg"}, "homeCity": "Singapore", "contact": {"facebook": "514887269"}, "firstName": "Wan", "tips": {"count": 0}, "gender": "female", "lastName": "Ling", "lists": {"groups": [{"count": 2, "type": "created", "items": []}]}, "bio": ""}, {"id": "1639758", "photo": {"prefix": "https://igx.4sqi.net/img/user/", "suffix": "/WSXYM5UXSZG2KU2A.jpg"}, "homeCity": "Singapore", "contact": {"facebook": "684644064"}, "firstName": "desiree", "tips": {"count": 11}, "gender": "female", "lastName": "liew", "lists": {"groups": [{"count": 2, "type": "created", "items": []}]}, "bio": ""}, {"id": "3310802", "photo": {"prefix": "https://igx.4sqi.net/img/user/", "suffix": "/IAIK5VZMCATQTHK4.jpg"}, "homeCity": "Singapore", "contact": {"facebook": "760794397", "twitter": "alexsoh93"}, "firstName": "Alex", "tips": {"count": 0}, "gender": "male", "lastName": "Soh", "lists": {"groups": [{"count": 2, "type": "created", "items": []}]}, "bio": ""}, {"id": "4997858", "photo": {"prefix": "https://igx.4sqi.net/img/user/", "suffix": "/LPAGFNIN11ZORQXW.jpg"}, "homeCity": "Singapore", "contact": {"facebook": "504805748", "twitter": "juneeeyyy"}, "firstName": "June", "tips": {"count": 2}, "gender": "female", "lastName": "Chanelyn", "lists": {"groups": [{"count": 2, "type": "created", "items": []}]}, "bio": ""}, {"id": "3902742", "photo": {"prefix": "https://igx.4sqi.net/img/user/", "suffix": "/IOYY0N0B1X02H1WI.jpg"}, "homeCity": "Singapore", "contact": {"facebook": "523657828"}, "firstName": "ohmygod_yui", "tips": {"count": 0}, "gender": "female", "lists": {"groups": [{"count": 2, "type": "created", "items": []}]}, "bio": ""}, {"id": "2026297", "photo": {"prefix": "https://igx.4sqi.net/img/user/", "suffix": "/2026297-T0SN4N0Z4OKACLQE.jpg"}, "homeCity": "Singapore", "contact": {"facebook": "559609388", "twitter": "mistermaung"}, "firstName": "Ferreira", "tips": {"count": 0}, "gender": "male", "lastName": "Josh", "lists": {"groups": [{"count": 2, "type": "created", "items": []}]}, "bio": ""}, {"id": "3318828", "photo": {"prefix": "https://igx.4sqi.net/img/user/", "suffix": "/DVKCRXLFCYJV0MSG.jpg"}, "homeCity": "Singapore", "contact": {}, "firstName": "Alex", "tips": {"count": 0}, "gender": "male", "lastName": "Thng", "lists": {"groups": [{"count": 2, "type": "created", "items": []}]}, "bio": ""}, {"id": "5013495", "photo": {"prefix": "https://igx.4sqi.net/img/user/", "suffix": "/PW1OLYRVRGA14ZXI.jpg"}, "homeCity": "Singapore", "contact": {"facebook": "100000962043212", "twitter": "henrychongyufu"}, "firstName": "Chong", "tips": {"count": 0}, "gender": "male", "lastName": "Yu Fu", "lists": {"groups": [{"count": 2, "type": "created", "items": []}]}, "bio": ""}, {"id": "5383160", "photo": {"prefix": "https://igx.4sqi.net/img/user/", "suffix": "/35KVZLLM1ALY0ZFK.jpg"}, "homeCity": "Singapore", "contact": {"facebook": "1357056459"}, "firstName": "Hui ling", "tips": {"count": 0}, "gender": "female", "lastName": "Tan", "lists": {"groups": [{"count": 2, "type": "created", "items": []}]}, "bio": ""}, {"id": "2272039", "photo": {"prefix": "https://igx.4sqi.net/img/user/", "suffix": "/EUIYFH0CT33EVMM0.jpg"}, "homeCity": "Singapore", "contact": {}, "firstName": "Susumu", "tips": {"count": 1}, "gender": "male", "lastName": "Shigekawa", "lists": {"groups": [{"count": 2, "type": "created", "items": []}]}, "bio": ""}, {"id": "4493496", "photo": {"prefix": "https://igx.4sqi.net/img/user/", "suffix": "/4493496-OGSWNLEF2BIX3RQS.jpg"}, "homeCity": "Unnamed Location", "contact": {"facebook": "749645184"}, "firstName": "Teo", "tips": {"count": 0}, "gender": "male", "lastName": "Victor", "lists": {"groups": [{"count": 2, "type": "created", "items": []}]}, "bio": ""}, {"id": "5025601", "photo": {"prefix": "https://igx.4sqi.net/img/user/", "default": true, "suffix": "/blank_boy.png"}, "homeCity": "Singapore", "contact": {}, "firstName": "Tan", "tips": {"count": 0}, "gender": "male", "lastName": "Lian ji", "lists": {"groups": [{"count": 2, "type": "created", "items": []}]}, "bio": ""}, {"id": "8257352", "photo": {"prefix": "https://igx.4sqi.net/img/user/", "suffix": "/10305BDXBGMQCRBX.jpg"}, "homeCity": "Singapore", "contact": {"facebook": "1380664954"}, "firstName": "San", "tips": {"count": 10}, "gender": "male", "lastName": "Trey", "lists": {"groups": [{"count": 2, "type": "created", "items": []}]}, "bio": ""}, {"id": "2980991", "photo": {"prefix": "https://igx.4sqi.net/img/user/", "suffix": "/TR2TWWJPBDEUXMDY.jpg"}, "homeCity": "Singapore", "contact": {"facebook": "599607268"}, "firstName": "Roger", "tips": {"count": 0}, "gender": "male", "lastName": "Chee", "lists": {"groups": [{"count": 2, "type": "created", "items": []}]}, "bio": ""}, {"id": "5774431", "photo": {"prefix": "https://igx.4sqi.net/img/user/", "suffix": "/KKCM4WDTYH1RKNFG.jpg"}, "homeCity": "Singapore", "contact": {"facebook": "816954250", "twitter": "leej88"}, "firstName": "Jyun", "tips": {"count": 1}, "gender": "male", "lastName": "Lee", "lists": {"groups": [{"count": 2, "type": "created", "items": []}]}, "bio": ""}, {"id": "10836049", "photo": {"prefix": "https://igx.4sqi.net/img/user/", "suffix": "/CZSLBALNOFMR2DK2.jpg"}, "homeCity": "Singapore", "contact": {"facebook": "514678220"}, "firstName": "Zhisheng", "tips": {"count": 0}, "gender": "male", "lastName": "Lin", "lists": {"groups": [{"count": 2, "type": "created", "items": []}]}, "bio": ""}, {"id": "9571197", "photo": {"prefix": "https://igx.4sqi.net/img/user/", "suffix": "/3PITCFLHKKDJKFNM.jpg"}, "homeCity": "Singapore", "contact": {}, "firstName": "Marilyn", "tips": {"count": 0}, "gender": "female", "lastName": "Chan", "lists": {"groups": [{"count": 2, "type": "created", "items": []}]}, "bio": ""}, {"id": "3015735", "photo": {"prefix": "https://igx.4sqi.net/img/user/", "suffix": "/ET3I14VWUWZHFXFD.jpg"}, "homeCity": "Singapore", "contact": {"facebook": "100000411234885"}, "firstName": "Jonathan", "tips": {"count": 0}, "gender": "male", "lastName": "Chua", "lists": {"groups": [{"count": 2, "type": "created", "items": []}]}, "bio": ""}, {"id": "8795403", "photo": {"prefix": "https://igx.4sqi.net/img/user/", "suffix": "/PAPP1TS3NLDHROEM.jpg"}, "homeCity": "Singapore", "contact": {"facebook": "1519632661"}, "firstName": "Leon", "tips": {"count": 7}, "gender": "male", "lastName": "Khoo", "lists": {"groups": [{"count": 2, "type": "created", "items": []}]}, "bio": ""}, {"id": "3084498", "photo": {"prefix": "https://igx.4sqi.net/img/user/", "suffix": "/QSEBRPIESKPNMBDF.jpg"}, "homeCity": "Singapore", "contact": {"facebook": "100000084811763"}, "firstName": "Dilon", "tips": {"count": 0}, "gender": "male", "lastName": "Ng", "lists": {"groups": [{"count": 2, "type": "created", "items": []}]}, "bio": ""}, {"id": "42008528", "photo": {"prefix": "https://igx.4sqi.net/img/user/", "suffix": "/GX0Y4H1PNW21GLKN.jpg"}, "homeCity": "Singapore", "contact": {}, "firstName": "Muhd", "tips": {"count": 0}, "gender": "male", "lastName": "Farreel", "lists": {"groups": [{"count": 5, "type": "created", "items": []}]}, "bio": ""}, {"id": "3244871", "photo": {"prefix": "https://igx.4sqi.net/img/user/", "suffix": "/SCGVSMHQ3NI413Y5.jpg"}, "homeCity": "Jakarta, Indonesia", "contact": {"facebook": "696713321", "twitter": "frans126"}, "firstName": "Frans", "tips": {"count": 0}, "gender": "male", "lastName": "Christian", "lists": {"groups": [{"count": 2, "type": "created", "items": []}]}, "bio": ""}, {"id": "3247616", "photo": {"prefix": "https://igx.4sqi.net/img/user/", "suffix": "/3LKM0NOLMFAU3DDK.jpg"}, "homeCity": "Singapore", "contact": {"facebook": "1828441342"}, "firstName": "Jufri", "tips": {"count": 2}, "gender": "male", "lastName": "Jupz", "lists": {"groups": [{"count": 2, "type": "created", "items": []}]}, "bio": ""}, {"id": "3416067", "photo": {"prefix": "https://igx.4sqi.net/img/user/", "suffix": "/XLV0WMMULYVVZ0AX.jpg"}, "homeCity": "Singapore", "contact": {"facebook": "100000037012323", "twitter": "hsinlei"}, "firstName": "Hsinlei", "tips": {"count": 0}, "gender": "female", "lastName": "Angel", "lists": {"groups": [{"count": 2, "type": "created", "items": []}]}, "bio": ""}, {"id": "3759637", "photo": {"prefix": "https://igx.4sqi.net/img/user/", "suffix": "/AONCBVKLBRC1CBLB.jpg"}, "homeCity": "Singapore", "contact": {"facebook": "581536165", "twitter": "_h4yden"}, "firstName": "afiq", "tips": {"count": 27}, "gender": "male", "lastName": "sixsixone", "lists": {"groups": [{"count": 2, "type": "created", "items": []}]}, "bio": ""}, {"id": "3981282", "photo": {"prefix": "https://igx.4sqi.net/img/user/", "suffix": "/HJTTHRPT4JH3W2R1.jpg"}, "homeCity": "Singapore", "contact": {"facebook": "10152911191164039", "twitter": "cursedwithrain"}, "firstName": "Jayson", "tips": {"count": 0}, "gender": "male", "lastName": "Lim", "lists": {"groups": [{"count": 2, "type": "created", "items": []}]}, "bio": ""}, {"id": "4092304", "photo": {"prefix": "https://igx.4sqi.net/img/user/", "suffix": "/R3VWEP3N20FWY3ZC.jpg"}, "homeCity": "Unnamed Location", "contact": {"facebook": "545197875"}, "firstName": "Imah", "tips": {"count": 0}, "gender": "female", "lists": {"groups": [{"count": 2, "type": "created", "items": []}]}, "bio": ""}, {"id": "4200063", "photo": {"prefix": "https://igx.4sqi.net/img/user/", "suffix": "/4200063-5EOXK10DBB5YWRKJ.jpg"}, "homeCity": "Singapore", "contact": {}, "firstName": "Aaron", "tips": {"count": 9}, "gender": "male", "lastName": "Thomas Burke", "lists": {"groups": [{"count": 2, "type": "created", "items": []}]}, "bio": "Skype: aaron.thomasburke"}, {"id": "6011661", "photo": {"prefix": "https://igx.4sqi.net/img/user/", "suffix": "/QX4X5AMUY4LPCDGR.jpg"}, "homeCity": "Singapore", "contact": {"facebook": "1453267340"}, "firstName": "Sumo", "tips": {"count": 0}, "gender": "male", "lastName": "Shigekawa", "lists": {"groups": [{"count": 2, "type": "created", "items": []}]}, "bio": ""}, {"id": "10910961", "photo": {"prefix": "https://igx.4sqi.net/img/user/", "suffix": "/AMQZ0YX03TBAJGMW.jpg"}, "homeCity": "Singapore", "contact": {"facebook": "521603686", "twitter": "yerneeeeee"}, "firstName": "yernEEEEEEEE", "tips": {"count": 0}, "gender": "female", "lastName": "Lee", "lists": {"groups": [{"count": 2, "type": "created", "items": []}]}, "bio": ""}]}, "checksum": "3552ce612381c2989cdf6145615a7748e3d8b84f"}}