{"notifications": [{"type": "notificationTray", "item": {"unreadCount": 0}}], "response": {"friends": {"items": [{"tips": {"count": 8}, "contact": {"twitter": "zong76", "facebook": "679192684"}, "firstName": "Zong", "gender": "male", "lastName": "Ong Runner", "id": "1807562", "bio": "", "photo": {"prefix": "https://igx.4sqi.net/img/user/", "suffix": "/UW5XAJ0KOFVEVFEM.jpg"}, "homeCity": "Singapore", "lists": {"groups": [{"items": [], "count": 2, "type": "created"}]}}, {"tips": {"count": 0}, "contact": {}, "firstName": "Fadhillah", "gender": "female", "lastName": "Harith", "id": "2913680", "bio": "", "photo": {"prefix": "https://igx.4sqi.net/img/user/", "suffix": "/RUP5VAKOX21GEAAD.jpg"}, "homeCity": "Singapore", "lists": {"groups": [{"items": [], "count": 2, "type": "created"}]}}, {"tips": {"count": 1}, "contact": {"twitter": "egomy", "facebook": "554725861"}, "firstName": "Zhuang", "gender": "male", "lastName": "Weiliang", "id": "1053197", "bio": "", "photo": {"prefix": "https://igx.4sqi.net/img/user/", "suffix": "/DMHIO1PNVCZNLINS.jpg"}, "homeCity": "Singapore", "lists": {"groups": [{"items": [], "count": 2, "type": "created"}]}}, {"tips": {"count": 1}, "contact": {"facebook": "1070996338"}, "firstName": "Navin Raj", "gender": "male", "lastName": "Rajendran", "id": "2228811", "bio": "", "photo": {"prefix": "https://igx.4sqi.net/img/user/", "suffix": "/0EOWLQTYL40JKTT5.jpg"}, "homeCity": "Singapore", "lists": {"groups": [{"items": [], "count": 2, "type": "created"}]}}, {"tips": {"count": 4}, "contact": {"twitter": "xlaoblur", "facebook": "588137188"}, "firstName": "Liping", "gender": "female", "lastName": "Lim", "id": "2759134", "bio": "", "photo": {"prefix": "https://igx.4sqi.net/img/user/", "suffix": "/RIOJZC1TARUG1TIT.jpg"}, "homeCity": "Singapore", "lists": {"groups": [{"items": [], "count": 2, "type": "created"}]}}, {"tips": {"count": 0}, "contact": {}, "firstName": "Hetti", "gender": "female", "lastName": "Sulasteri", "id": "3514004", "bio": "", "photo": {"prefix": "https://igx.4sqi.net/img/user/", "suffix": "/DCMY4J2NY2RYX3DY.jpg"}, "homeCity": "Singapore", "lists": {"groups": [{"items": [], "count": 2, "type": "created"}]}}, {"tips": {"count": 1}, "contact": {"twitter": "shawty2hotty", "facebook": "1198432824"}, "firstName": "Lilly", "gender": "female", "lastName": "Laquisha", "id": "2187797", "bio": "", "photo": {"prefix": "https://igx.4sqi.net/img/user/", "suffix": "/VCFDRZUCDXXLFE0T.jpg"}, "homeCity": ", Singapore", "lists": {"groups": [{"items": [], "count": 2, "type": "created"}]}}, {"tips": {"count": 0}, "contact": {}, "firstName": "Joanna", "gender": "female", "lastName": "Foo", "id": "3157091", "bio": "", "photo": {"prefix": "https://igx.4sqi.net/img/user/", "suffix": "/SIXWV4IERGBVJAXY.jpg"}, "homeCity": "Singapore", "lists": {"groups": [{"items": [], "count": 2, "type": "created"}]}}, {"tips": {"count": 0}, "contact": {"facebook": "713506662"}, "firstName": "Ica", "gender": "female", "lastName": "Irritz", "id": "1770043", "bio": "", "photo": {"prefix": "https://igx.4sqi.net/img/user/", "suffix": "/HVJAQITQXM1IP2T5.jpg"}, "homeCity": "Jurong West", "lists": {"groups": [{"items": [], "count": 2, "type": "created"}]}}, {"tips": {"count": 0}, "contact": {}, "firstName": "Yanti", "gender": "female", "lastName": "Mora", "id": "3015125", "bio": "", "photo": {"prefix": "https://igx.4sqi.net/img/user/", "suffix": "/DDP0LV0RW45STL4T.jpg"}, "homeCity": "New York, NY", "lists": {"groups": [{"items": [], "count": 2, "type": "created"}]}}, {"tips": {"count": 18}, "contact": {}, "firstName": "Ben", "gender": "male", "lastName": "Malthus", "id": "2858266", "bio": "", "photo": {"prefix": "https://igx.4sqi.net/img/user/", "suffix": "/2858266_Ty4QGbz5_TURStR0s0PALFR6mMzF2SETY-cjaiY8sEDja2fn3rsYi9FwbgrzNy61OqX1ao5Lx.jpg"}, "homeCity": "New York", "lists": {"groups": [{"items": [], "count": 6, "type": "created"}]}}, {"tips": {"count": 3}, "contact": {"facebook": "534138391"}, "firstName": "Jess", "gender": "female", "lastName": "Lee", "id": "2628699", "bio": "", "photo": {"prefix": "https://igx.4sqi.net/img/user/", "suffix": "/WMTLDSNDSNLDW3KF.jpg"}, "homeCity": "Singapore", "lists": {"groups": [{"items": [], "count": 2, "type": "created"}]}}, {"tips": {"count": 0}, "contact": {}, "firstName": "Aik Liang", "gender": "male", "lastName": "Lee", "id": "3843336", "bio": "", "photo": {"prefix": "https://igx.4sqi.net/img/user/", "suffix": "/KTICFWMMIIGRVQTQ.jpg"}, "homeCity": "Singapore", "lists": {"groups": [{"items": [], "count": 2, "type": "created"}]}}, {"tips": {"count": 3}, "contact": {"twitter": "missyqiqi", "facebook": "671260452"}, "firstName": "Qiqi", "gender": "female", "id": "3347528", "bio": "Www.missyqiqi.com", "photo": {"prefix": "https://igx.4sqi.net/img/user/", "suffix": "/3347528-0EQQSRL4GSKC4LWM.jpg"}, "homeCity": "Singapore", "lists": {"groups": [{"items": [], "count": 2, "type": "created"}]}}, {"tips": {"count": 0}, "contact": {}, "firstName": "Mohamed", "gender": "male", "lastName": "Faizal", "id": "3083279", "bio": "", "photo": {"prefix": "https://igx.4sqi.net/img/user/", "suffix": "/KJVZCFN0LEHMXRQQ.jpg"}, "homeCity": "Singapore", "lists": {"groups": [{"items": [], "count": 2, "type": "created"}]}}, {"tips": {"count": 2}, "contact": {"twitter": "hermanmusa", "facebook": "100001685045134"}, "firstName": "Herman", "gender": "none", "lastName": "Afidah", "id": "2864816", "bio": "", "photo": {"prefix": "https://igx.4sqi.net/img/user/", "suffix": "/DMEZCIPQXADS2LBX.jpg"}, "homeCity": "Singapore", "lists": {"groups": [{"items": [], "count": 2, "type": "created"}]}}, {"tips": {"count": 0}, "contact": {"facebook": "710562349"}, "firstName": "Jermyn", "gender": "male", "lastName": "Wee", "id": "3358250", "bio": "", "photo": {"prefix": "https://igx.4sqi.net/img/user/", "suffix": "/blank_boy.png", "default": true}, "homeCity": "Singapore", "lists": {"groups": [{"items": [], "count": 2, "type": "created"}]}}, {"tips": {"count": 0}, "contact": {"facebook": "572998625"}, "firstName": "Nissa", "gender": "female", "lastName": "Rashid", "id": "3145313", "bio": "", "photo": {"prefix": "https://igx.4sqi.net/img/user/", "suffix": "/MA5QETZAJC0W1IWG.jpg"}, "homeCity": "Singapore", "lists": {"groups": [{"items": [], "count": 2, "type": "created"}]}}, {"tips": {"count": 0}, "contact": {"twitter": "tyler_wu"}, "firstName": "Tylar", "gender": "male", "lastName": "Wu", "id": "3264852", "bio": "", "photo": {"prefix": "https://igx.4sqi.net/img/user/", "suffix": "/3264852-1OEIUR2IBVESHYDO.jpg"}, "homeCity": "Singapore", "lists": {"groups": [{"items": [], "count": 2, "type": "created"}]}}, {"tips": {"count": 1}, "contact": {}, "firstName": "Rica", "gender": "female", "lastName": "Mansor", "id": "3586391", "bio": "", "photo": {"prefix": "https://igx.4sqi.net/img/user/", "suffix": "/ITZCIZWXUUGR5GTT.jpg"}, "homeCity": "Singapore", "lists": {"groups": [{"items": [], "count": 2, "type": "created"}]}}, {"tips": {"count": 4}, "contact": {"twitter": "shaarmika", "facebook": "746961669"}, "firstName": "Tamilchevan", "gender": "female", "lastName": "Parameswari", "id": "3198899", "bio": "", "photo": {"prefix": "https://igx.4sqi.net/img/user/", "suffix": "/EGREWVHFNEA3KACB.jpg"}, "homeCity": "Singapore", "lists": {"groups": [{"items": [], "count": 2, "type": "created"}]}}, {"tips": {"count": 0}, "contact": {"facebook": "585194065"}, "firstName": "Jiwen", "gender": "male", "lastName": "Li", "id": "3555596", "bio": "", "photo": {"prefix": "https://igx.4sqi.net/img/user/", "suffix": "/MXHXCQ5YSXKY3WPB.jpg"}, "homeCity": "Singapore", "lists": {"groups": [{"items": [], "count": 2, "type": "created"}]}}], "count": 122}, "checksum": "bc50ab65d97b3b155daab29419cf30ab5d639e4b"}, "meta": {"requestId": "5965c2174c1f67709e8a9284", "code": 200}}