{"notifications": [{"type": "notificationTray", "item": {"unreadCount": 0}}], "meta": {"requestId": "5966cefe9fb6b770f9bc6237", "code": 200}, "response": {"friends": {"count": 5, "items": [{"id": "254001", "photo": {"prefix": "https://igx.4sqi.net/img/user/", "suffix": "/2BAZLA511WF0KUCU.jpg"}, "homeCity": "Singapore", "contact": {"facebook": "10153071124408437", "twitter": "spinandhita"}, "firstName": "Satria", "tips": {"count": 16}, "gender": "male", "lastName": "Pinandhita", "lists": {"groups": [{"count": 2, "type": "created", "items": []}]}, "bio": ""}, {"id": "1996765", "photo": {"prefix": "https://igx.4sqi.net/img/user/", "suffix": "/HFUCK0B3UVDIJ1RU.jpg"}, "homeCity": "Jakarta", "contact": {}, "firstName": "Reni", "tips": {"count": 0}, "gender": "female", "lastName": "Raekgita", "lists": {"groups": [{"count": 2, "type": "created", "items": []}]}, "bio": ""}, {"id": "2271605", "photo": {"prefix": "https://igx.4sqi.net/img/user/", "default": true, "suffix": "/blank_girl.png"}, "homeCity": "Jakarta Capital Region, Jakarta Capital Regi", "contact": {}, "firstName": "Ciliani", "tips": {"count": 0}, "gender": "female", "lastName": "Tio", "lists": {"groups": [{"count": 2, "type": "created", "items": []}]}, "bio": ""}, {"id": "1189759", "photo": {"prefix": "https://igx.4sqi.net/img/user/", "suffix": "/1189759-DNUZ3Y2NEZJW3WJF.jpg"}, "homeCity": "", "contact": {"facebook": "687561767"}, "firstName": "Ari", "tips": {"count": 5}, "gender": "male", "lastName": "Rusli", "lists": {"groups": [{"count": 2, "type": "created", "items": []}]}, "bio": ""}, {"id": "1423801", "photo": {"prefix": "https://igx.4sqi.net/img/user/", "suffix": "/FZUIBIFXM1FOABI3.jpg"}, "homeCity": "Jakarta Selatan, ", "contact": {"facebook": "798970636"}, "firstName": "Muljadi", "tips": {"count": 0}, "gender": "male", "lastName": "Irawan", "lists": {"groups": [{"count": 2, "type": "created", "items": []}]}, "bio": ""}]}, "checksum": "a31147f92ebd8e61012207ec1b482180175f6555"}}