{"notifications": [{"type": "notificationTray", "item": {"unreadCount": 0}}], "response": {"friends": {"items": [{"tips": {"count": 7}, "contact": {"twitter": "alamandas"}, "firstName": "Alamanda", "gender": "female", "lastName": "Shantika", "id": "1032083", "bio": "", "photo": {"prefix": "https://igx.4sqi.net/img/user/", "suffix": "/WJQYM2IEETXCVI5V.jpg"}, "homeCity": "Jakarta", "lists": {"groups": [{"items": [], "count": 2, "type": "created"}]}}, {"tips": {"count": 0}, "contact": {}, "firstName": "Akbar", "gender": "male", "lastName": "Rais", "id": "1371365", "bio": "", "photo": {"prefix": "https://igx.4sqi.net/img/user/", "suffix": "/blank_boy.png", "default": true}, "homeCity": "Jakarta Barat, Jakarta Capital Regi", "lists": {"groups": [{"items": [], "count": 2, "type": "created"}]}}, {"tips": {"count": 0}, "contact": {"twitter": "djivva"}, "firstName": "sisi", "gender": "female", "lastName": "djiwa", "id": "1244462", "bio": "", "photo": {"prefix": "https://igx.4sqi.net/img/user/", "suffix": "/VSM2YKXRCK5YLCD1.jpg"}, "homeCity": "bandung", "lists": {"groups": [{"items": [], "count": 2, "type": "created"}]}}, {"tips": {"count": 3}, "contact": {"twitter": "andiihihi"}, "firstName": "Andi", "gender": "male", "lastName": "Rahman", "id": "1346512", "bio": "", "photo": {"prefix": "https://igx.4sqi.net/img/user/", "suffix": "/RNOL1VI5OTCM2XRB.jpg"}, "homeCity": "Bandung", "lists": {"groups": [{"items": [], "count": 2, "type": "created"}]}}, {"tips": {"count": 8}, "contact": {"twitter": "chooeeh", "facebook": "1013691566"}, "firstName": "Chooee", "gender": "male", "lastName": "Hwang", "id": "530736", "bio": "", "photo": {"prefix": "https://igx.4sqi.net/img/user/", "suffix": "/L2SAZDLHJC42WCOT.jpg"}, "homeCity": "Batu Caves, Selangor", "lists": {"groups": [{"items": [], "count": 2, "type": "created"}]}}, {"tips": {"count": 1}, "contact": {"twitter": "prapt"}, "firstName": "Ato", "gender": "male", "lastName": "Suprapto", "id": "1432812", "bio": "", "photo": {"prefix": "https://igx.4sqi.net/img/user/", "suffix": "/JF3N1TS4KAVGUCD5.jpg"}, "homeCity": "Jakarta Capital Region, Jakarta Capital Regi", "lists": {"groups": [{"items": [], "count": 2, "type": "created"}]}}, {"tips": {"count": 2}, "contact": {"twitter": "destiwow"}, "firstName": "nurlita", "gender": "female", "lastName": "destiana", "id": "1177160", "bio": "", "photo": {"prefix": "https://igx.4sqi.net/img/user/", "suffix": "/FKS5H40J4HOCOUU4.jpg"}, "homeCity": "Jakarta Selatan, Indonesia", "lists": {"groups": [{"items": [], "count": 2, "type": "created"}]}}, {"tips": {"count": 0}, "contact": {"twitter": "dieva_ipeh", "facebook": "531749668"}, "firstName": "nandadieva", "gender": "female", "lastName": "shahannaz", "id": "444700", "bio": "", "photo": {"prefix": "https://igx.4sqi.net/img/user/", "suffix": "/EEVNFCBOT25JLUZS.jpg"}, "homeCity": "San Diego, CA", "lists": {"groups": [{"items": [], "count": 2, "type": "created"}]}}, {"tips": {"count": 0}, "contact": {}, "firstName": "Anggie", "gender": "female", "lastName": "Nasution", "id": "1676542", "bio": "", "photo": {"prefix": "https://igx.4sqi.net/img/user/", "suffix": "/blank_girl.png", "default": true}, "homeCity": "Semarang, Jawa Tengah", "lists": {"groups": [{"items": [], "count": 2, "type": "created"}]}}, {"tips": {"count": 2}, "contact": {}, "firstName": "Anisa", "gender": "female", "lastName": "Basuki", "id": "323957", "bio": "", "photo": {"prefix": "https://igx.4sqi.net/img/user/", "suffix": "/VEVISJXNDSXYAWCO.jpg"}, "homeCity": "Jakarta Capital Region, Jakarta Capital Regi", "lists": {"groups": [{"items": [], "count": 2, "type": "created"}]}}, {"tips": {"count": 5}, "contact": {"twitter": "rizkimeetspop"}, "firstName": "Rizki", "gender": "male", "lastName": "Mohamad", "id": "697203", "bio": "", "photo": {"prefix": "https://igx.4sqi.net/img/user/", "suffix": "/SE2GNTNMCTFO4DLF.jpg"}, "homeCity": "Bandung, West Java", "lists": {"groups": [{"items": [], "count": 2, "type": "created"}]}}, {"tips": {"count": 2}, "contact": {"twitter": "icha_hadju"}, "firstName": "Icha", "gender": "female", "lastName": "Hadju", "id": "467687", "bio": "", "photo": {"prefix": "https://igx.4sqi.net/img/user/", "suffix": "/NLW2GQE30F3YEUPN.png"}, "homeCity": "Jakarta, DKI Jakarta", "lists": {"groups": [{"items": [], "count": 2, "type": "created"}]}}, {"tips": {"count": 3}, "contact": {"twitter": "dnds", "facebook": "645342467"}, "firstName": "Dnda", "gender": "female", "lastName": "Natasya", "id": "851203", "bio": "", "photo": {"prefix": "https://igx.4sqi.net/img/user/", "suffix": "/0VATNZODG4KSAWQI.jpg"}, "homeCity": "Jakarta Capital Region, Jakarta Capital Regi", "lists": {"groups": [{"items": [], "count": 2, "type": "created"}]}}, {"tips": {"count": 3}, "contact": {"twitter": "deekavu"}, "firstName": "Andhika", "gender": "male", "lastName": "Basuki", "id": "905039", "bio": "", "photo": {"prefix": "https://igx.4sqi.net/img/user/", "suffix": "/E1JSFTE5HHZMENX4.jpg"}, "homeCity": "Jakarta", "lists": {"groups": [{"items": [], "count": 2, "type": "created"}]}}, {"tips": {"count": 1}, "contact": {"twitter": "semarangbandit"}, "firstName": "polos", "gender": "male", "lastName": "mamun", "id": "1124043", "bio": "", "photo": {"prefix": "https://igx.4sqi.net/img/user/", "suffix": "/HUC2YGZ10RDGS1F3.jpg"}, "homeCity": "Jakarta", "lists": {"groups": [{"items": [], "count": 2, "type": "created"}]}}, {"tips": {"count": 0}, "contact": {"facebook": "545512584"}, "firstName": "Rigera", "gender": "male", "lastName": "Bonito", "id": "1043561", "bio": "", "photo": {"prefix": "https://igx.4sqi.net/img/user/", "suffix": "/PCNSP51QTU3BLSX5.jpg"}, "homeCity": "Jakarta Capital Region, Jakarta Capital Regi", "lists": {"groups": [{"items": [], "count": 2, "type": "created"}]}}, {"tips": {"count": 1}, "contact": {"twitter": "romasophiaan", "facebook": "541635339"}, "firstName": "Roma", "gender": "male", "lastName": "Sophiaan", "id": "1245588", "bio": "", "photo": {"prefix": "https://igx.4sqi.net/img/user/", "suffix": "/EO2SV3OX31DHTM4L.jpg"}, "homeCity": "Jakarta, Indonesia", "lists": {"groups": [{"items": [], "count": 2, "type": "created"}]}}, {"tips": {"count": 16}, "contact": {"twitter": "luxiferre999", "facebook": "788388879"}, "firstName": "Rama", "gender": "male", "lastName": "Ganesha", "id": "1347721", "bio": "Line : ramaganeshas\nInstagram : @ramaganeshas", "photo": {"prefix": "https://igx.4sqi.net/img/user/", "suffix": "/1347721-DJXZ2F1Q1IALDVXO.jpg"}, "homeCity": "Jakarta Capital Region, Jakarta Capital Regi", "lists": {"groups": [{"items": [], "count": 4, "type": "created"}]}}, {"tips": {"count": 1}, "contact": {"twitter": "iheartdhcn"}, "firstName": "Dhany", "gender": "male", "lastName": "Gunawan", "id": "1374631", "bio": "", "photo": {"prefix": "https://igx.4sqi.net/img/user/", "suffix": "/TVZW5ZERFBLSZTE3.jpg"}, "homeCity": "Singapore", "lists": {"groups": [{"items": [], "count": 2, "type": "created"}]}}, {"tips": {"count": 3}, "contact": {"twitter": "daahills"}, "firstName": "Hilda", "gender": "female", "lastName": "Martina", "id": "1437458", "bio": "", "photo": {"prefix": "https://igx.4sqi.net/img/user/", "suffix": "/JUQ1KMKC0XWXKXIW.jpg"}, "homeCity": "San Diego, California", "lists": {"groups": [{"items": [], "count": 2, "type": "created"}]}}, {"tips": {"count": 9}, "contact": {"twitter": "picka10", "facebook": "537048058"}, "firstName": "Fika", "gender": "female", "lastName": "Pratiwi", "id": "451906", "bio": "", "photo": {"prefix": "https://igx.4sqi.net/img/user/", "suffix": "/VUKYXFEHAACZD5ZC.jpg"}, "homeCity": "jakarta selatan, selatan", "lists": {"groups": [{"items": [], "count": 2, "type": "created"}]}}, {"tips": {"count": 2}, "contact": {"twitter": "indynesia"}, "firstName": "indira", "gender": "female", "lastName": "saraswaty", "id": "335991", "bio": "", "photo": {"prefix": "https://igx.4sqi.net/img/user/", "suffix": "/Z4I4KHZNQK5Q2ATW.jpg"}, "homeCity": "Jakarta Selatan, Indonesia", "lists": {"groups": [{"items": [], "count": 2, "type": "created"}]}}, {"tips": {"count": 1}, "contact": {"twitter": "l0c0b0y"}, "firstName": "L0C0B0Y", "gender": "male", "lastName": "Zeemboyoyo", "id": "1788386", "bio": "", "photo": {"prefix": "https://igx.4sqi.net/img/user/", "suffix": "/ZPUR0XF5QVSWT3VR.jpg"}, "homeCity": "Jakarta, Indonesia", "lists": {"groups": [{"items": [], "count": 2, "type": "created"}]}}, {"tips": {"count": 0}, "contact": {"twitter": "andrenoore"}, "firstName": "Andre", "gender": "male", "lastName": "Noore", "id": "480099", "bio": "", "photo": {"prefix": "https://igx.4sqi.net/img/user/", "suffix": "/IKSTKZCML4M0LKZP.jpg"}, "homeCity": "Bintaro", "lists": {"groups": [{"items": [], "count": 2, "type": "created"}]}}, {"tips": {"count": 4}, "contact": {"twitter": "sizy", "facebook": "770643069"}, "firstName": "Aziza", "gender": "female", "lastName": "Hediastuti", "id": "860731", "bio": "", "photo": {"prefix": "https://igx.4sqi.net/img/user/", "suffix": "/DRIETQBFEWIMOFRN.jpg"}, "homeCity": "Jakarta, Indonesia", "lists": {"groups": [{"items": [], "count": 2, "type": "created"}]}}, {"tips": {"count": 6}, "contact": {"twitter": "avisoo"}, "firstName": "Hafis", "gender": "male", "lastName": "Tamim", "id": "905276", "bio": "", "photo": {"prefix": "https://igx.4sqi.net/img/user/", "suffix": "/OLVLIB45L0Z3PYF5.jpg"}, "homeCity": "Jakarta Selatan, Indonesia", "lists": {"groups": [{"items": [], "count": 2, "type": "created"}]}}, {"tips": {"count": 2}, "contact": {"twitter": "adila_putri"}, "firstName": "Adila", "gender": "female", "lastName": "Putri", "id": "1492236", "bio": "", "photo": {"prefix": "https://igx.4sqi.net/img/user/", "suffix": "/DT04SOSJE52WSB52.jpg"}, "homeCity": "Shah Alam, Selangor", "lists": {"groups": [{"items": [], "count": 2, "type": "created"}]}}, {"tips": {"count": 3}, "contact": {"twitter": "hen2pmp"}, "firstName": "Hendry", "gender": "male", "lastName": "Sasmitapura", "id": "1247617", "bio": "", "photo": {"prefix": "https://igx.4sqi.net/img/user/", "suffix": "/TVR45QA21MSAUHIU.jpg"}, "homeCity": "Bandung, West Java", "lists": {"groups": [{"items": [], "count": 2, "type": "created"}]}}, {"tips": {"count": 4}, "contact": {"twitter": "akbarrais"}, "firstName": "akbar", "gender": "male", "lastName": "rais", "id": "1386077", "bio": "", "photo": {"prefix": "https://igx.4sqi.net/img/user/", "suffix": "/DKENHNM4OUMO4LGC.jpg"}, "homeCity": "Jakarta", "lists": {"groups": [{"items": [], "count": 2, "type": "created"}]}}, {"tips": {"count": 0}, "contact": {"twitter": "panjalumurti"}, "firstName": "panjalumurti", "gender": "male", "id": "1233971", "bio": "", "photo": {"prefix": "https://igx.4sqi.net/img/user/", "suffix": "/XGTFEYIJ1LGC5RD2.jpg"}, "homeCity": "Jakarta, Indonesia", "lists": {"groups": [{"items": [], "count": 2, "type": "created"}]}}, {"tips": {"count": 20}, "contact": {"twitter": "mimi_ami"}, "firstName": "Ami", "gender": "female", "id": "345863", "bio": "", "photo": {"prefix": "https://igx.4sqi.net/img/user/", "suffix": "/4242QARPDULLONPV.jpg"}, "homeCity": "Jakarta, Indonesia", "lists": {"groups": [{"items": [], "count": 2, "type": "created"}]}}, {"tips": {"count": 23}, "contact": {}, "firstName": "nareen", "gender": "male", "lastName": "kameshwara", "id": "552196", "bio": "", "photo": {"prefix": "https://igx.4sqi.net/img/user/", "suffix": "/DJ4QPJIRNHNNJIB5.jpg"}, "homeCity": "Batam, Kepri", "lists": {"groups": [{"items": [], "count": 2, "type": "created"}]}}, {"tips": {"count": 18}, "contact": {"twitter": "nikilaut", "facebook": "584577394"}, "firstName": "Niki", "gender": "male", "lastName": "Kurniawan", "id": "877123", "bio": "Love good coffee, any spicy food are welcome, travel when available, in deep with nature and outdoor", "photo": {"prefix": "https://igx.4sqi.net/img/user/", "suffix": "/OTF5CD25S5IYOGGY.jpg"}, "homeCity": "Denpasar, Bali", "lists": {"groups": [{"items": [], "count": 6, "type": "created"}]}}, {"tips": {"count": 1}, "contact": {"twitter": "b3akins"}, "firstName": "Bea Nabilla", "gender": "female", "id": "1389978", "bio": "", "photo": {"prefix": "https://igx.4sqi.net/img/user/", "suffix": "/ANU5KWFASL0FWZUA.jpg"}, "homeCity": "Jakarta Capital Region, Indonesia", "lists": {"groups": [{"items": [], "count": 2, "type": "created"}]}}, {"tips": {"count": 0}, "contact": {"twitter": "bambimboom", "facebook": "566216791"}, "firstName": "Bimara", "gender": "male", "lastName": "Aryanoraga", "id": "689649", "bio": "", "photo": {"prefix": "https://igx.4sqi.net/img/user/", "suffix": "/IMLWYSKGUCBUELMB.jpg"}, "homeCity": "Pasuruan, East Java", "lists": {"groups": [{"items": [], "count": 2, "type": "created"}]}}, {"tips": {"count": 0}, "contact": {"twitter": "kinyobundar"}, "firstName": "Kinyo", "gender": "male", "lastName": "Bundar", "id": "676399", "bio": "", "photo": {"prefix": "https://igx.4sqi.net/img/user/", "suffix": "/ZVF3NQFOF3TJOJ35.jpg"}, "homeCity": "Jakarta Capital Region", "lists": {"groups": [{"items": [], "count": 2, "type": "created"}]}}, {"tips": {"count": 6}, "contact": {"twitter": "andilegob", "facebook": "633383514"}, "firstName": "andilegob", "gender": "male", "lastName": "andia", "id": "879031", "bio": "Nobigdeal tattoo studio & supply co", "photo": {"prefix": "https://igx.4sqi.net/img/user/", "suffix": "/SJI2TDWO4CR42TGT.jpg"}, "homeCity": "Jakarta", "lists": {"groups": [{"items": [], "count": 2, "type": "created"}]}}, {"tips": {"count": 1}, "contact": {}, "firstName": "Kevin", "gender": "male", "lastName": "Skematic", "id": "1391595", "bio": "", "photo": {"prefix": "https://igx.4sqi.net/img/user/", "suffix": "/K12WIDHW5WD55EHL.jpg"}, "homeCity": "Tangerang, Banten", "lists": {"groups": [{"items": [], "count": 2, "type": "created"}]}}, {"tips": {"count": 15}, "contact": {}, "firstName": "Teguh", "gender": "male", "lastName": "Prasetya", "id": "738047", "bio": "", "photo": {"prefix": "https://igx.4sqi.net/img/user/", "suffix": "/2UVOKEY0T5SJL3NE.jpg"}, "homeCity": "Jakarta, Indonesia", "lists": {"groups": [{"items": [], "count": 2, "type": "created"}]}}, {"tips": {"count": 0}, "contact": {"twitter": "alinesonia"}, "firstName": "sonia alini", "gender": "female", "lastName": "asmarani", "id": "1044572", "bio": "", "photo": {"prefix": "https://igx.4sqi.net/img/user/", "suffix": "/WW5DY3H4KXQNQJJZ.jpg"}, "homeCity": "Bandung, Indonesia", "lists": {"groups": [{"items": [], "count": 2, "type": "created"}]}}, {"tips": {"count": 3}, "contact": {}, "firstName": "Arthanti", "gender": "female", "lastName": "Wulandari", "id": "917850", "bio": "", "photo": {"prefix": "https://igx.4sqi.net/img/user/", "suffix": "/LKWXNBPJAI2JYYCM.jpg"}, "homeCity": "Surakarta, Central Java", "lists": {"groups": [{"items": [], "count": 2, "type": "created"}]}}, {"tips": {"count": 68}, "contact": {"twitter": "tatalwin", "facebook": "10154170613669541"}, "firstName": "Alwin D", "gender": "male", "lastName": "Rastra", "id": "739627", "bio": "Traveller, Foodlover", "photo": {"prefix": "https://igx.4sqi.net/img/user/", "suffix": "/VC1HI2BDO5O0T3GZ.jpg"}, "homeCity": "Jakarta", "lists": {"groups": [{"items": [], "count": 4, "type": "created"}]}}, {"tips": {"count": 5}, "contact": {"twitter": "ajieabdulkadir"}, "firstName": "Ajie", "gender": "male", "lastName": "Abdulkadir", "id": "1560259", "bio": "", "photo": {"prefix": "https://igx.4sqi.net/img/user/", "suffix": "/JMVPWOI3YS4OQRLQ.jpg"}, "homeCity": "Jakarta, Indonesia", "lists": {"groups": [{"items": [], "count": 2, "type": "created"}]}}, {"tips": {"count": 15}, "contact": {"twitter": "resyakirana", "facebook": "739328379"}, "firstName": "resya", "gender": "female", "lastName": "indraswari", "id": "977788", "bio": "", "photo": {"prefix": "https://igx.4sqi.net/img/user/", "suffix": "/NK3KLTGJNK5GVWHJ.jpg"}, "homeCity": "Jimbaran, Bali", "lists": {"groups": [{"items": [], "count": 2, "type": "created"}]}}, {"tips": {"count": 3}, "contact": {"twitter": "tyaraputri"}, "firstName": "Tyara", "gender": "female", "lastName": "Putri", "id": "775672", "bio": "", "photo": {"prefix": "https://igx.4sqi.net/img/user/", "suffix": "/K1BVFVQ41TQDGUC0.jpg"}, "homeCity": "Bintaro Permai, Jakarta", "lists": {"groups": [{"items": [], "count": 2, "type": "created"}]}}, {"tips": {"count": 1}, "contact": {"twitter": "aditundead"}, "firstName": "Adit", "gender": "male", "lastName": "UNDEAD", "id": "1562072", "bio": "", "photo": {"prefix": "https://igx.4sqi.net/img/user/", "suffix": "/SUJGLFDCVHA0NEZN.jpg"}, "homeCity": "Bandung, West Java", "lists": {"groups": [{"items": [], "count": 2, "type": "created"}]}}, {"tips": {"count": 5}, "contact": {"twitter": "rizkyrais"}, "firstName": "rizky", "gender": "male", "lastName": "rais", "id": "1063260", "bio": "", "photo": {"prefix": "https://igx.4sqi.net/img/user/", "suffix": "/C4EIRY53NNXEZ1GU.jpg"}, "homeCity": "Jakarta Capital Region, Jakarta Capital Regi", "lists": {"groups": [{"items": [], "count": 2, "type": "created"}]}}, {"tips": {"count": 3}, "contact": {"twitter": "artkelso"}, "firstName": "Ritchie", "gender": "male", "lastName": "Ned Hansel", "id": "779194", "bio": "", "photo": {"prefix": "https://igx.4sqi.net/img/user/", "suffix": "/GRHJHEU2ROCVWA00.jpg"}, "homeCity": "Jakarta Selatan", "lists": {"groups": [{"items": [], "count": 2, "type": "created"}]}}, {"tips": {"count": 0}, "contact": {"twitter": "sketchyketzii"}, "firstName": "Ardi", "gender": "male", "lastName": "Manoe", "id": "1064265", "bio": "", "photo": {"prefix": "https://igx.4sqi.net/img/user/", "suffix": "/CTAND2SPOO333XFQ.jpg"}, "homeCity": "Jakarta", "lists": {"groups": [{"items": [], "count": 2, "type": "created"}]}}, {"tips": {"count": 0}, "contact": {"twitter": "indrach_", "facebook": "623514893"}, "firstName": "Indra", "gender": "male", "lastName": "Rachmanto", "id": "987230", "bio": "", "photo": {"prefix": "https://igx.4sqi.net/img/user/", "suffix": "/987230-XNYM2ECLTLT025O2.jpg"}, "homeCity": "Jakarta, Indonesia", "lists": {"groups": [{"items": [], "count": 2, "type": "created"}]}}, {"tips": {"count": 0}, "contact": {"twitter": "alinekarlina"}, "firstName": "Aline", "gender": "female", "lastName": "K.", "id": "1107050", "bio": "", "photo": {"prefix": "https://igx.4sqi.net/img/user/", "suffix": "/G1K4NTOWZ3B5OGQG.jpg"}, "homeCity": "Jakarta Capital Region, Jakarta Capital Regi", "lists": {"groups": [{"items": [], "count": 2, "type": "created"}]}}, {"tips": {"count": 6}, "contact": {"twitter": "sirdikie"}, "firstName": "dikie", "gender": "male", "id": "987284", "bio": "", "photo": {"prefix": "https://igx.4sqi.net/img/user/", "suffix": "/OKA5K32AR0HYIIY5.jpg"}, "homeCity": "Vancouver, British Columbia", "lists": {"groups": [{"items": [], "count": 2, "type": "created"}]}}, {"tips": {"count": 0}, "contact": {"twitter": "madamelito"}, "firstName": "Melisa", "gender": "female", "lastName": "Andriyanto", "id": "1115917", "bio": "", "photo": {"prefix": "https://igx.4sqi.net/img/user/", "suffix": "/5T1QGYRA4MXKCQOM.jpg"}, "homeCity": "semarang", "lists": {"groups": [{"items": [], "count": 2, "type": "created"}]}}, {"tips": {"count": 2}, "contact": {"twitter": "kitschkay"}, "firstName": "Kay", "gender": "female", "lastName": "Tadjoedin", "id": "998750", "bio": "", "photo": {"prefix": "https://igx.4sqi.net/img/user/", "suffix": "/QD1QOD4NBD5DWXXH.jpg"}, "homeCity": "Jakarta, Indonesia", "lists": {"groups": [{"items": [], "count": 2, "type": "created"}]}}, {"tips": {"count": 4}, "contact": {"twitter": "qucay"}, "firstName": "andi darmadji", "gender": "male", "lastName": "qucay", "id": "1134760", "bio": "", "photo": {"prefix": "https://igx.4sqi.net/img/user/", "suffix": "/NAIP5DNCOE21JUY3.jpg"}, "homeCity": "West Jakarta, Jakarta Capital Regi", "lists": {"groups": [{"items": [], "count": 2, "type": "created"}]}}, {"tips": {"count": 2}, "contact": {"facebook": "1072246075"}, "firstName": "ami", "gender": "female", "lastName": "chipon", "id": "1177547", "bio": "", "photo": {"prefix": "https://igx.4sqi.net/img/user/", "suffix": "/DSYIFIJERC4EYV0P.jpg"}, "homeCity": "Jakarta", "lists": {"groups": [{"items": [], "count": 2, "type": "created"}]}}, {"tips": {"count": 0}, "contact": {"twitter": "g_blz"}, "firstName": "Gerry BLAZE", "gender": "male", "id": "1177577", "bio": "", "photo": {"prefix": "https://igx.4sqi.net/img/user/", "suffix": "/21MEHJUJ0PKUOTK2.jpg"}, "homeCity": "Jakarta, Indonesia", "lists": {"groups": [{"items": [], "count": 2, "type": "created"}]}}, {"tips": {"count": 3}, "contact": {"twitter": "rude_billy"}, "firstName": "rude", "gender": "male", "lastName": "billy", "id": "1181993", "bio": "", "photo": {"prefix": "https://igx.4sqi.net/img/user/", "suffix": "/1PVT0NBV5VBXFP4U.jpg"}, "homeCity": "bandung, west java", "lists": {"groups": [{"items": [], "count": 2, "type": "created"}]}}, {"tips": {"count": 10}, "contact": {"twitter": "luzicul", "facebook": "10204633115908275"}, "firstName": "Luzi", "gender": "female", "lastName": "Icul", "id": "1188282", "bio": "", "photo": {"prefix": "https://igx.4sqi.net/img/user/", "suffix": "/1RWOXFI0XPUVZ0GI.jpg"}, "homeCity": "Badung, Bali", "lists": {"groups": [{"items": [], "count": 2, "type": "created"}]}}, {"tips": {"count": 1}, "contact": {}, "firstName": "andi", "gender": "male", "lastName": "ardimas", "id": "1188589", "bio": "", "photo": {"prefix": "https://igx.4sqi.net/img/user/", "suffix": "/1IW3FOPWKJ5L45UM.jpg"}, "homeCity": "melbourne, burwood", "lists": {"groups": [{"items": [], "count": 2, "type": "created"}]}}, {"tips": {"count": 8}, "contact": {"twitter": "notariza", "facebook": "503693457"}, "firstName": "Notariza", "gender": "male", "lastName": "Taher", "id": "1253676", "bio": "", "photo": {"prefix": "https://igx.4sqi.net/img/user/", "suffix": "/ES1ZLVNULXGI2T4B.jpg"}, "homeCity": "DKI Jakarta", "lists": {"groups": [{"items": [], "count": 2, "type": "created"}]}}, {"tips": {"count": 2}, "contact": {"twitter": "mahameetspop"}, "firstName": "mahameetspop", "gender": "male", "id": "1267222", "bio": "", "photo": {"prefix": "https://igx.4sqi.net/img/user/", "suffix": "/YDHYT0PUNJ1ENPTP.jpg"}, "homeCity": "Bandung, West Java", "lists": {"groups": [{"items": [], "count": 2, "type": "created"}]}}, {"tips": {"count": 2}, "contact": {"twitter": "josephsudiro"}, "firstName": "joseph", "gender": "male", "lastName": "sudiro", "id": "1281771", "bio": "", "photo": {"prefix": "https://igx.4sqi.net/img/user/", "suffix": "/YGK2BIDRJYJBY4K4.jpg"}, "homeCity": "Surabaya, Jawa Timur", "lists": {"groups": [{"items": [], "count": 2, "type": "created"}]}}, {"tips": {"count": 41}, "contact": {"twitter": "ichajepunk"}, "firstName": "Maridsa", "gender": "female", "lastName": "Puspitasari", "id": "1287596", "bio": "", "photo": {"prefix": "https://igx.4sqi.net/img/user/", "suffix": "/JG0QTP1VRIYWQC1I.jpg"}, "homeCity": "Semarang", "lists": {"groups": [{"items": [], "count": 2, "type": "created"}]}}, {"tips": {"count": 5}, "contact": {"twitter": "barry_aw"}, "firstName": "Barry", "gender": "male", "lastName": "Arief Wijaya", "id": "1311112", "bio": "", "photo": {"prefix": "https://igx.4sqi.net/img/user/", "suffix": "/EX3SD2BKJAYZW3ZX.jpg"}, "homeCity": "Bandung Regency, West Java", "lists": {"groups": [{"items": [], "count": 2, "type": "created"}]}}, {"tips": {"count": 7}, "contact": {"twitter": "onniedrahman", "facebook": "714536425"}, "firstName": "onnie", "gender": "female", "lastName": "rahman", "id": "1399728", "bio": "Wanted by many..taken by none..\r\nLooking at some...waiting for one", "photo": {"prefix": "https://igx.4sqi.net/img/user/", "suffix": "/1399728-UCTUTOVCYTHC5MTE.jpg"}, "homeCity": "Bukit Bintang", "lists": {"groups": [{"items": [], "count": 2, "type": "created"}]}}, {"tips": {"count": 1}, "contact": {"twitter": "putishasty"}, "firstName": "Puti", "gender": "female", "lastName": "Shasty", "id": "1454820", "bio": "", "photo": {"prefix": "https://igx.4sqi.net/img/user/", "suffix": "/NWSNPU2GEQBWWVWK.jpg"}, "homeCity": "Bandung, West Java", "lists": {"groups": [{"items": [], "count": 2, "type": "created"}]}}, {"tips": {"count": 0}, "contact": {"twitter": "aksaraa", "facebook": "688408070"}, "firstName": "aksara", "gender": "female", "lastName": "sophiaan", "id": "1574740", "bio": "", "photo": {"prefix": "https://igx.4sqi.net/img/user/", "suffix": "/I1RLIRDLWPCO00RE.jpg"}, "homeCity": "South Jakarta, Jakarta", "lists": {"groups": [{"items": [], "count": 2, "type": "created"}]}}, {"tips": {"count": 0}, "contact": {"twitter": "reasophiaan", "facebook": "578858795"}, "firstName": "Rea", "gender": "female", "lastName": "Sophiaan", "id": "1575641", "bio": "", "photo": {"prefix": "https://igx.4sqi.net/img/user/", "suffix": "/MSWTQB5KPCWHVDIS.jpg"}, "homeCity": "Jakarta, Indonesia", "lists": {"groups": [{"items": [], "count": 2, "type": "created"}]}}, {"tips": {"count": 13}, "contact": {}, "firstName": "CZA", "gender": "male", "id": "1710568", "bio": "", "photo": {"prefix": "https://igx.4sqi.net/img/user/", "suffix": "/EXDD0NSJZKQAE0QX.jpg"}, "homeCity": "kuala lumpur", "lists": {"groups": [{"items": [], "count": 2, "type": "created"}]}}], "count": 170}, "checksum": "8181ef0736c88f0f916d0ecb5467bcb938eea8b1"}, "meta": {"requestId": "5966299bf594df3c735cbdee", "code": 200}}