{"notifications": [{"type": "notificationTray", "item": {"unreadCount": 0}}], "response": {"friends": {"items": [{"tips": {"count": 15}, "contact": {"twitter": "thekarliehustle", "facebook": "1182414379"}, "firstName": "Karlie", "gender": "female", "lastName": "Hustle", "id": "111191", "bio": "", "photo": {"prefix": "https://igx.4sqi.net/img/user/", "suffix": "/Q2BAYLAA40YPTRPM.jpg"}, "homeCity": "Brooklyn, NY", "lists": {"groups": [{"items": [], "count": 2, "type": "created"}]}}, {"tips": {"count": 3}, "contact": {"twitter": "alxandar", "facebook": "1184234073"}, "firstName": "Alexandar", "gender": "male", "lastName": "Brankovic", "id": "75640001", "bio": "TURNTABLIST", "photo": {"prefix": "https://igx.4sqi.net/img/user/", "suffix": "/75640001-BETM5J00PVYASR44.jpg"}, "homeCity": "Dubai, United Arab Emirates", "lists": {"groups": [{"items": [], "count": 2, "type": "created"}]}}, {"tips": {"count": 0}, "contact": {"twitter": "mashedreport"}, "firstName": "Mashed Report", "gender": "male", "id": "1367753", "bio": "", "photo": {"prefix": "https://igx.4sqi.net/img/user/", "suffix": "/DEJQ501CJZVEPA5N.jpg"}, "homeCity": "USA", "lists": {"groups": [{"items": [], "count": 2, "type": "created"}]}}, {"tips": {"count": 1}, "contact": {"facebook": "576771937"}, "firstName": "Tara", "gender": "female", "lastName": "Pekarski", "id": "4639576", "bio": "", "photo": {"prefix": "https://igx.4sqi.net/img/user/", "suffix": "/CZV5HIHI4KLQJLDN.jpg"}, "homeCity": "Cheektowaga, NY", "lists": {"groups": [{"items": [], "count": 2, "type": "created"}]}}, {"tips": {"count": 0}, "contact": {"twitter": "yourguide2green", "facebook": "1018035626"}, "firstName": "Greg", "gender": "male", "lastName": "Peterson", "id": "1596702", "bio": "", "photo": {"prefix": "https://igx.4sqi.net/img/user/", "suffix": "/blank_boy.png", "default": true}, "homeCity": "Phoenix, AZ", "lists": {"groups": [{"items": [], "count": 2, "type": "created"}]}}, {"tips": {"count": 0}, "contact": {"facebook": "100002384543193"}, "firstName": "ristorante", "gender": "female", "lastName": "lbn", "id": "12827026", "bio": "", "photo": {"prefix": "https://igx.4sqi.net/img/user/", "suffix": "/54UBSD2C05YSJKT0.jpg"}, "homeCity": "Glendale, AZ", "lists": {"groups": [{"items": [], "count": 2, "type": "created"}]}}, {"tips": {"count": 3}, "contact": {"facebook": "100006621856054"}, "firstName": "Carmela Joy", "gender": "female", "lastName": "Diaz", "id": "26728101", "bio": "", "photo": {"prefix": "https://igx.4sqi.net/img/user/", "suffix": "/26728101-GIL4B41Y2LUCRMTR.jpg"}, "homeCity": "Dubay", "lists": {"groups": [{"items": [], "count": 2, "type": "created"}]}}, {"tips": {"count": 2}, "contact": {"twitter": "tannisninja", "facebook": "769310463"}, "firstName": "Tannis-Ninja", "gender": "female", "lastName": "Smith", "id": "8122989", "bio": "Born at a very young age.Making the Snuggie look good since '09.Trying to elevate small talk to medium talk.Papercut survivor.Where am I, and how did I get here", "photo": {"prefix": "https://igx.4sqi.net/img/user/", "suffix": "/SXFHLUVT3ISLALIE.jpg"}, "homeCity": "Vancouver, Canada", "lists": {"groups": [{"items": [], "count": 2, "type": "created"}]}}, {"tips": {"count": 0}, "contact": {"facebook": "1456311141"}, "firstName": "Sandy", "gender": "female", "lastName": "Rolfes", "id": "9256472", "bio": "", "photo": {"prefix": "https://igx.4sqi.net/img/user/", "suffix": "/VQJJOMAOFEZZBEX5.jpg"}, "homeCity": "Cave Creek, AZ", "lists": {"groups": [{"items": [], "count": 2, "type": "created"}]}}, {"tips": {"count": 0}, "contact": {"twitter": "cdcihak", "facebook": "581761919"}, "firstName": "Diana", "gender": "female", "lastName": "Cihak", "id": "524678", "bio": "", "photo": {"prefix": "https://igx.4sqi.net/img/user/", "suffix": "/32I1IFWNFI2K1WUC.jpg"}, "homeCity": "buffalo, New York", "lists": {"groups": [{"items": [], "count": 2, "type": "created"}]}}, {"tips": {"count": 9}, "contact": {}, "firstName": "Brian", "gender": "male", "lastName": "McCrady", "id": "231058", "bio": "", "photo": {"prefix": "https://igx.4sqi.net/img/user/", "suffix": "/OFF5XV5JHSKGKH0C.jpg"}, "homeCity": "Buffalo, NY", "lists": {"groups": [{"items": [], "count": 3, "type": "created"}]}}, {"tips": {"count": 6}, "contact": {"facebook": "1386890516"}, "firstName": "Jennifer", "gender": "female", "lastName": "Gunz", "id": "5854736", "bio": "", "photo": {"prefix": "https://igx.4sqi.net/img/user/", "suffix": "/PXUPZ45Z5ER4MCWD.jpg"}, "homeCity": "Scottsdale, AZ", "lists": {"groups": [{"items": [], "count": 2, "type": "created"}]}}, {"tips": {"count": 0}, "contact": {"twitter": "nypatriots4life", "facebook": "507404060"}, "firstName": "Carl", "gender": "male", "lastName": "Gottstein", "id": "1850455", "bio": "", "photo": {"prefix": "https://igx.4sqi.net/img/user/", "suffix": "/UMV5Z1M15DKBMX4O.jpg"}, "homeCity": "Rensselaer, NY", "lists": {"groups": [{"items": [], "count": 2, "type": "created"}]}}, {"tips": {"count": 5}, "contact": {"twitter": "prettyprchick", "facebook": "753030090"}, "firstName": "Brandi", "gender": "female", "lastName": "Haynes", "id": "4024097", "bio": "", "photo": {"prefix": "https://igx.4sqi.net/img/user/", "suffix": "/0LUP3ZV0M125ZCCN.jpg"}, "homeCity": "Queens, NY", "lists": {"groups": [{"items": [], "count": 2, "type": "created"}]}}, {"tips": {"count": 16}, "contact": {"facebook": "100004025566518"}, "firstName": "Alfonzo", "gender": "male", "lastName": "Chavez", "id": "1607984", "bio": "", "photo": {"prefix": "https://igx.4sqi.net/img/user/", "suffix": "/R1SB2ZHBCODCR2ZI.jpg"}, "homeCity": "Laveen, AZ", "lists": {"groups": [{"items": [], "count": 2, "type": "created"}]}}, {"tips": {"count": 1}, "contact": {"twitter": "aliyaleigh", "facebook": "1584225906"}, "firstName": "Aliya", "gender": "female", "lastName": "Leigh", "id": "289873", "bio": "", "photo": {"prefix": "https://igx.4sqi.net/img/user/", "suffix": "/S4YZ50WMHDTWL45C.jpg"}, "homeCity": "Scottsdale, Arizona", "lists": {"groups": [{"items": [], "count": 2, "type": "created"}]}}, {"tips": {"count": 1}, "contact": {"twitter": "marcodien", "facebook": "683426135"}, "firstName": "Marc", "gender": "male", "lastName": "Odien", "id": "757247", "bio": "", "photo": {"prefix": "https://igx.4sqi.net/img/user/", "suffix": "/ZI5IAUB1ZEZZL5IL.jpg"}, "homeCity": "Buffalo, NY", "lists": {"groups": [{"items": [], "count": 2, "type": "created"}]}}, {"tips": {"count": 67}, "contact": {"twitter": "buffalopundit", "facebook": "538430095"}, "firstName": "Alan", "gender": "male", "lastName": "Bedenko", "id": "379942", "bio": "Husband, father, lawyer, blogger, traveler.  Clarence resident. Reasonable Sounder of Alarms. buffalopundit@gmail.com", "photo": {"prefix": "https://igx.4sqi.net/img/user/", "suffix": "/JEFB2W3HMEP13RF1.jpg"}, "homeCity": "Clarence, NY", "lists": {"groups": [{"items": [], "count": 7, "type": "created"}]}}, {"tips": {"count": 41}, "contact": {"twitter": "buffalofilmfest", "facebook": "1793425609"}, "firstName": "Biff", "gender": "none", "lastName": "Buffalo", "id": "587630", "bio": "Official mascot of BxNF: The Buffalo International Film Festival.  Really happy to be your friend on Foursquare or anywhere else!", "photo": {"prefix": "https://igx.4sqi.net/img/user/", "suffix": "/ZTE3MO3EYOISAYOK.jpg"}, "homeCity": "New York, NY", "lists": {"groups": [{"items": [], "count": 14, "type": "created"}]}}, {"tips": {"count": 0}, "contact": {"facebook": "832024475"}, "firstName": "Bigie", "gender": "male", "lastName": "Meanmugg", "id": "1732104", "bio": "", "photo": {"prefix": "https://igx.4sqi.net/img/user/", "suffix": "/41E0U1SZKYOLPT00.jpg"}, "homeCity": "Phoenix, Az", "lists": {"groups": [{"items": [], "count": 2, "type": "created"}]}}, {"tips": {"count": 28}, "contact": {"twitter": "maadler", "facebook": "10102326852431028"}, "firstName": "Marc", "gender": "male", "lastName": "Adler", "id": "729863", "bio": "", "photo": {"prefix": "https://igx.4sqi.net/img/user/", "suffix": "/729863-E51QEQ3H0D1VWUNB.jpg"}, "homeCity": "Amherst, NY", "lists": {"groups": [{"items": [], "count": 5, "type": "created"}]}}, {"tips": {"count": 7}, "contact": {"twitter": "adriandayton", "facebook": "655621342"}, "firstName": "Adrian", "gender": "male", "lastName": "Dayton", "id": "844674", "bio": "", "photo": {"prefix": "https://igx.4sqi.net/img/user/", "suffix": "/QXYBKPOA0AYVQGUK.jpg"}, "homeCity": "Buffalo, New York", "lists": {"groups": [{"items": [], "count": 2, "type": "created"}]}}, {"tips": {"count": 0}, "contact": {"twitter": "bethcochran", "facebook": "564329570"}, "firstName": "beth", "gender": "female", "id": "204858", "bio": "", "photo": {"prefix": "https://igx.4sqi.net/img/user/", "suffix": "/4OHW5ZC0EW0DQUYQ.jpg"}, "homeCity": "Phoenix, AZ", "lists": {"groups": [{"items": [], "count": 2, "type": "created"}]}}, {"tips": {"count": 0}, "contact": {"twitter": "supersoon12", "facebook": "697990452"}, "firstName": "Soonie", "gender": "male", "lastName": "Marin", "id": "913000", "bio": "", "photo": {"prefix": "https://igx.4sqi.net/img/user/", "suffix": "/blank_boy.png", "default": true}, "homeCity": "Phoenix, AZ", "lists": {"groups": [{"items": [], "count": 2, "type": "created"}]}}, {"superuser": 1, "tips": {"count": 7}, "contact": {"twitter": "debs1", "facebook": "801253274"}, "firstName": "Deborah", "gender": "female", "lastName": "Szajngarten", "id": "171248", "bio": "", "photo": {"prefix": "https://igx.4sqi.net/img/user/", "suffix": "/0CEC2R5I14VXM1ZB.jpg"}, "homeCity": "New York, NY", "lists": {"groups": [{"items": [], "count": 2, "type": "created"}]}}, {"tips": {"count": 49}, "contact": {"twitter": "culturalsponge", "facebook": "1394054368"}, "firstName": "Heather", "gender": "female", "lastName": "Brown", "id": "1034590", "bio": "", "photo": {"prefix": "https://igx.4sqi.net/img/user/", "suffix": "/0XSWC4UWLLY1FBMG.jpg"}, "homeCity": "Maricopa, AZ", "lists": {"groups": [{"items": [], "count": 2, "type": "created"}]}}, {"tips": {"count": 5}, "contact": {"twitter": "chrisflaaparker", "facebook": "735546371"}, "firstName": "Chris", "gender": "male", "lastName": "Parker", "id": "9505335", "bio": "", "photo": {"prefix": "https://igx.4sqi.net/img/user/", "suffix": "/OHQLPAJBE1BTHEN3.jpg"}, "homeCity": "Paradise Valley, AZ", "lists": {"groups": [{"items": [], "count": 2, "type": "created"}]}}, {"tips": {"count": 0}, "contact": {"facebook": "1021056561"}, "firstName": "Lawrence", "gender": "male", "lastName": "Haneberg", "id": "4893099", "bio": "", "photo": {"prefix": "https://igx.4sqi.net/img/user/", "suffix": "/OJX52Z54REK24NVB.jpg"}, "homeCity": "Buffalo, NY", "lists": {"groups": [{"items": [], "count": 2, "type": "created"}]}}, {"tips": {"count": 39}, "contact": {"twitter": "djsterling22"}, "firstName": "Sterling", "gender": "male", "lastName": "DJ", "id": "1599563", "bio": "", "photo": {"prefix": "https://igx.4sqi.net/img/user/", "suffix": "/XBIBI5MSWC21NEE4.jpg"}, "homeCity": "Scottsdale, AZ", "lists": {"groups": [{"items": [], "count": 2, "type": "created"}]}}, {"tips": {"count": 11}, "contact": {"twitter": "aarkos", "facebook": "614421886"}, "firstName": "Aaron", "gender": "male", "lastName": "Koscielniak", "id": "17164033", "bio": "", "photo": {"prefix": "https://igx.4sqi.net/img/user/", "suffix": "/PXEMLR23MGMQQCNC.jpg"}, "homeCity": "Buffalo, NY", "lists": {"groups": [{"items": [], "count": 2, "type": "created"}]}}, {"tips": {"count": 0}, "contact": {"twitter": "hkphoto", "facebook": "1607115204"}, "firstName": "Howard", "gender": "male", "lastName": "Kuflik", "id": "23777650", "bio": "", "photo": {"prefix": "https://igx.4sqi.net/img/user/", "suffix": "/LNSKBSG3SN4IOX2C.jpg"}, "homeCity": "Glendale, Arizona", "lists": {"groups": [{"items": [], "count": 2, "type": "created"}]}}, {"tips": {"count": 4}, "contact": {"twitter": "djsix4", "facebook": "1789012947"}, "firstName": "Scott (DJ Six 4)", "gender": "male", "lastName": "Lane", "id": "1376549", "bio": "", "photo": {"prefix": "https://igx.4sqi.net/img/user/", "suffix": "/BDCYLSVNLN2P32US.jpg"}, "homeCity": "Scottsdale, AZ", "lists": {"groups": [{"items": [], "count": 2, "type": "created"}]}}, {"tips": {"count": 20}, "contact": {"twitter": "davidcroskey", "facebook": "1452203400"}, "firstName": "David@MusicPlayce", "gender": "male", "lastName": "\u266b", "id": "249006", "bio": "", "photo": {"prefix": "https://igx.4sqi.net/img/user/", "suffix": "/WCN1UNE3RPHA2EFL.png"}, "homeCity": "Phoenix, AZ", "lists": {"groups": [{"items": [], "count": 2, "type": "created"}]}}, {"tips": {"count": 5}, "contact": {"facebook": "100001702595379"}, "firstName": "David", "gender": "male", "lastName": "Taylor", "id": "5898479", "bio": "I have been designing Web pages since 1995, and now I own a Web design company. I work with nearly every Web technology including my favorites like XML, HTML, P", "photo": {"prefix": "https://igx.4sqi.net/img/user/", "suffix": "/OLAHEPVZ5T2JGPZS.png"}, "homeCity": "Phoenix, AZ", "lists": {"groups": [{"items": [], "count": 3, "type": "created"}]}}, {"tips": {"count": 0}, "contact": {"twitter": "djsoloman", "facebook": "500741732"}, "firstName": "Soloman", "gender": "male", "lastName": "DeeJay", "id": "1858101", "bio": "", "photo": {"prefix": "https://igx.4sqi.net/img/user/", "suffix": "/BSEQIRSYQDIWM3P2.jpg"}, "homeCity": "Scottsdale, AZ", "lists": {"groups": [{"items": [], "count": 2, "type": "created"}]}}, {"tips": {"count": 0}, "contact": {"twitter": "hdisposition", "facebook": "1425974653"}, "firstName": "Lauren", "gender": "female", "lastName": "Hoogervorst (HD)\u2122", "id": "4570758", "bio": "", "photo": {"prefix": "https://igx.4sqi.net/img/user/", "suffix": "/SC5WGTGV4QDDE5WC.jpg"}, "homeCity": "Scottsdale, AZ", "lists": {"groups": [{"items": [], "count": 2, "type": "created"}]}}, {"tips": {"count": 4}, "contact": {"twitter": "aaronwineguru", "facebook": "1057327621"}, "firstName": "Aaron", "gender": "male", "lastName": "Leeming", "id": "2558646", "bio": "I travel...  I drink wine...  I sing karaoke...  I cook like a madman...  I live my life vicariously thru myself...", "photo": {"prefix": "https://igx.4sqi.net/img/user/", "suffix": "/PPSSDUNCHL4AXLPP.jpg"}, "homeCity": "Phoenix, AZ", "lists": {"groups": [{"items": [], "count": 2, "type": "created"}]}}, {"tips": {"count": 36}, "contact": {"twitter": "mariotromero", "facebook": "1295898462"}, "firstName": "Mario Trejo", "gender": "male", "lastName": "Romero", "id": "293745", "bio": "Lover of all things Phoenix, friend to puppies and kitties and REALTOR w/ The Romero Team - The Melcher Agency  602-252-4191 - from condos to castles", "photo": {"prefix": "https://igx.4sqi.net/img/user/", "suffix": "/IEBQK2WNIYNPBPDY.jpg"}, "homeCity": "Phoenix, AZ 85007", "lists": {"groups": [{"items": [], "count": 2, "type": "created"}]}}, {"tips": {"count": 0}, "contact": {"facebook": "100000184118223"}, "firstName": "Christian", "gender": "male", "lastName": "James", "id": "1671201", "bio": "", "photo": {"prefix": "https://igx.4sqi.net/img/user/", "suffix": "/blank_boy.png", "default": true}, "homeCity": "Phoenix, Arizona", "lists": {"groups": [{"items": [], "count": 2, "type": "created"}]}}, {"tips": {"count": 18}, "contact": {"twitter": "arathena2", "facebook": "576990438"}, "firstName": "Arathena", "gender": "female", "lastName": "Sprankle", "id": "388871", "bio": "Innovation Research & Development Team @ Wells Fargo Bank", "photo": {"prefix": "https://igx.4sqi.net/img/user/", "suffix": "/388871_bIBcRG-l_iqxkggiSVGkLelkv7rJplJOHKSw7iT9WviNGixAQaxfr8QrheQ0IgkccUFrcb7HM.jpg"}, "homeCity": "Chandler, AZ", "lists": {"groups": [{"items": [], "count": 2, "type": "created"}]}}, {"tips": {"count": 0}, "contact": {"twitter": "jasonbakeraz"}, "firstName": "Jason", "gender": "male", "lastName": "Baker", "id": "3807961", "bio": "", "photo": {"prefix": "https://igx.4sqi.net/img/user/", "suffix": "/3PKQXJKX10PN3E1O.jpg"}, "homeCity": "Chandler, AZ", "lists": {"groups": [{"items": [], "count": 2, "type": "created"}]}}, {"tips": {"count": 1}, "contact": {"twitter": "resultsfitness", "facebook": "1372093459"}, "firstName": "Tammi", "gender": "female", "lastName": "Jacobs", "id": "2941186", "bio": "", "photo": {"prefix": "https://igx.4sqi.net/img/user/", "suffix": "/N1BJXNKM4KBVM5CT.jpg"}, "homeCity": "Chandler, AZ", "lists": {"groups": [{"items": [], "count": 2, "type": "created"}]}}, {"tips": {"count": 6}, "contact": {"facebook": "1060029152"}, "firstName": "Aaron", "gender": "male", "lastName": "Craig", "id": "822407", "bio": "", "photo": {"prefix": "https://igx.4sqi.net/img/user/", "suffix": "/CQDR1YDBL54FE2O1.jpg"}, "homeCity": "TEMPE, AZ", "lists": {"groups": [{"items": [], "count": 2, "type": "created"}]}}, {"tips": {"count": 1}, "contact": {"twitter": "elydelaney", "facebook": "1306927957"}, "firstName": "Ely", "gender": "male", "lastName": "Delaney", "id": "948947", "bio": "", "photo": {"prefix": "https://igx.4sqi.net/img/user/", "suffix": "/IT3FRIOXHOGGTSTU.jpg"}, "homeCity": "Peoria, AZ", "lists": {"groups": [{"items": [], "count": 2, "type": "created"}]}}, {"tips": {"count": 0}, "contact": {"twitter": "anbphotos", "facebook": "10154289563836311"}, "firstName": "BYRON", "gender": "male", "lastName": "Alcid", "id": "208413", "bio": "", "photo": {"prefix": "https://igx.4sqi.net/img/user/", "suffix": "/blank_boy.png", "default": true}, "homeCity": "Chandler, AZ", "lists": {"groups": [{"items": [], "count": 2, "type": "created"}]}}, {"tips": {"count": 0}, "contact": {"facebook": "1135371574"}, "firstName": "Jasmine", "gender": "female", "lastName": "Mullan", "id": "14827654", "bio": "", "photo": {"prefix": "https://igx.4sqi.net/img/user/", "suffix": "/H1CHITI44H4STSIV.jpg"}, "homeCity": "Scottsdale, AZ", "lists": {"groups": [{"items": [], "count": 2, "type": "created"}]}}, {"tips": {"count": 37}, "contact": {"twitter": "wk4coffee", "facebook": "1002344630"}, "firstName": "Barbara", "gender": "female", "lastName": "Daniels", "id": "1118542", "bio": "Certified Social Media Consultant, Coffee Enthusiast, Espresso Connoisseur, Mountain Biking Addict | Basically, I 'WORK FOR COFFEE' c[_] :)", "photo": {"prefix": "https://igx.4sqi.net/img/user/", "suffix": "/F02LFWWLOELYL3DU.jpg"}, "homeCity": "Mesa, AZ | USA", "lists": {"groups": [{"items": [], "count": 8, "type": "created"}]}}, {"tips": {"count": 0}, "contact": {"twitter": "stickyric", "facebook": "751629087"}, "firstName": "rick", "gender": "male", "lastName": "criden", "id": "2154507", "bio": "", "photo": {"prefix": "https://igx.4sqi.net/img/user/", "suffix": "/KWJVTT5ZXD0GKSNC.jpg"}, "homeCity": "Buffalo, NY", "lists": {"groups": [{"items": [], "count": 2, "type": "created"}]}}, {"tips": {"count": 18}, "contact": {"twitter": "brennansb", "facebook": "100000196379061"}, "firstName": "Brennan's", "gender": "male", "lastName": "Bowery", "id": "9535722", "bio": "Brennan's Bowery Bar's eating & drinking Man about Town; and fun loving good guy in general.  Alway's feel free to join me or send me a message about the Bowery", "photo": {"prefix": "https://igx.4sqi.net/img/user/", "suffix": "/RI2RVLTO0EPCKJDP.jpg"}, "homeCity": "Williamsville, NY", "lists": {"groups": [{"items": [], "count": 4, "type": "created"}]}}, {"tips": {"count": 0}, "contact": {}, "firstName": "Ann Eila", "gender": "female", "lastName": "Cabillas", "id": "6193941", "bio": "", "photo": {"prefix": "https://igx.4sqi.net/img/user/", "suffix": "/5WC3OVTQFK130C5J.jpg"}, "homeCity": "Unnamed Location", "lists": {"groups": [{"items": [], "count": 2, "type": "created"}]}}, {"tips": {"count": 23}, "contact": {"twitter": "wetextdog"}, "firstName": "Wetextdog", "gender": "female", "id": "6784152", "bio": "", "photo": {"prefix": "https://igx.4sqi.net/img/user/", "suffix": "/FWT1YGCUBKRYTDCH.jpg"}, "homeCity": "Scottsdale, AZ", "lists": {"groups": [{"items": [], "count": 2, "type": "created"}]}}, {"tips": {"count": 3}, "contact": {"twitter": "baseballburger", "facebook": "1759750194"}, "firstName": "Bryce", "gender": "male", "lastName": "Burger", "id": "23969539", "bio": "", "photo": {"prefix": "https://igx.4sqi.net/img/user/", "suffix": "/LBIVNIIVWBOYNKBC.jpg"}, "homeCity": "Colorado", "lists": {"groups": [{"items": [], "count": 2, "type": "created"}]}}, {"tips": {"count": 30}, "contact": {"twitter": "startuphive", "facebook": "1449455471"}, "firstName": "Stephen G.", "gender": "male", "lastName": "Barr", "id": "256003", "bio": "#Strategic_Alliance, #Catalyst, #Content_Curator, #PR_man, #Advocate, #Philanthropist, #Mentor, #Author, #Angel. #Publisher, #Producer, #Crowdfunding, #Startups", "photo": {"prefix": "https://igx.4sqi.net/img/user/", "suffix": "/-JOZ1MQ2XVPY1E3AS.jpg"}, "homeCity": "Las Vegas, NV", "lists": {"groups": [{"items": [], "count": 3, "type": "created"}]}}, {"tips": {"count": 1}, "contact": {"facebook": "100000484394473"}, "firstName": "Jeab", "gender": "female", "lastName": "Wanida", "id": "5941780", "bio": "", "photo": {"prefix": "https://igx.4sqi.net/img/user/", "suffix": "/5941780-IJBC1JZENCI155MF.jpg"}, "homeCity": "\u0e1a\u0e32\u0e07\u0e1b\u0e30\u0e01\u0e07, \u0e1b\u0e23\u0e30\u0e40\u0e17\u0e28\u0e44\u0e17\u0e22", "lists": {"groups": [{"items": [], "count": 2, "type": "created"}]}}, {"tips": {"count": 4}, "contact": {"facebook": "10006781"}, "firstName": "Becky", "gender": "female", "lastName": "Armendariz", "id": "1858859", "bio": "", "photo": {"prefix": "https://igx.4sqi.net/img/user/", "suffix": "/KRUIL20KLB0YJCFN.jpg"}, "homeCity": "Scottsdale, AZ", "lists": {"groups": [{"items": [], "count": 2, "type": "created"}]}}, {"tips": {"count": 0}, "contact": {}, "firstName": "Jenny", "gender": "female", "lastName": "Kendrick", "id": "8225988", "bio": "", "photo": {"prefix": "https://igx.4sqi.net/img/user/", "suffix": "/KPOH40IBB1BYAGDR.jpg"}, "homeCity": "Phoenix, AZ", "lists": {"groups": [{"items": [], "count": 2, "type": "created"}]}}, {"tips": {"count": 0}, "contact": {"twitter": "eightymgb", "facebook": "10155775838980713"}, "firstName": "Greg", "gender": "male", "lastName": "Ensell", "id": "2570889", "bio": "", "photo": {"prefix": "https://igx.4sqi.net/img/user/", "suffix": "/HA2ISNF5SBZ1KLIP.jpg"}, "homeCity": "Steubenville, OH", "lists": {"groups": [{"items": [], "count": 2, "type": "created"}]}}, {"tips": {"count": 0}, "contact": {"twitter": "mariacordova", "facebook": "100000508540460"}, "firstName": "Maria", "gender": "female", "lastName": "Cordova", "id": "1679087", "bio": "", "photo": {"prefix": "https://igx.4sqi.net/img/user/", "suffix": "/VH2QJ3Z5IKJUI3Y2.jpg"}, "homeCity": "Scottsdale, AZ", "lists": {"groups": [{"items": [], "count": 2, "type": "created"}]}}, {"tips": {"count": 2}, "contact": {}, "firstName": "MC", "gender": "male", "id": "742510", "bio": "", "photo": {"prefix": "https://igx.4sqi.net/img/user/", "suffix": "/DJP13EQNKTEXZ0AA.jpg"}, "homeCity": "Youngtown, Arizona", "lists": {"groups": [{"items": [], "count": 2, "type": "created"}]}}, {"tips": {"count": 0}, "contact": {"twitter": "ccsmokehouse", "facebook": "100001626255596"}, "firstName": "Cave Creek", "gender": "female", "lastName": "Smokehouse", "id": "21834323", "bio": "", "photo": {"prefix": "https://igx.4sqi.net/img/user/", "suffix": "/21834323-FH453DYSBTVX1CNG.jpg"}, "homeCity": "Cave Creek, Arizona", "lists": {"groups": [{"items": [], "count": 2, "type": "created"}]}}, {"tips": {"count": 2}, "contact": {}, "firstName": "Lexi", "gender": "female", "lastName": "Carter", "id": "5070309", "bio": "", "photo": {"prefix": "https://igx.4sqi.net/img/user/", "suffix": "/-RRHXYVFSXTON4JDF.png"}, "homeCity": "Glendale, AZ", "lists": {"groups": [{"items": [], "count": 2, "type": "created"}]}}, {"tips": {"count": 4}, "contact": {"twitter": "midmoviemama79", "facebook": "653050985"}, "firstName": "Andrea", "gender": "female", "lastName": "Canales", "id": "828759", "bio": "Kiwi in the desert. Mum & Film Programmer @TheFilmBarPHX. I heart my dogs, bizarre cinema, exotica music, 70s Euro disco & chocolate.", "photo": {"prefix": "https://igx.4sqi.net/img/user/", "suffix": "/828759-B02B00HQR0WQS1Y3.jpg"}, "homeCity": "Phoenix, AZ", "lists": {"groups": [{"items": [], "count": 2, "type": "created"}]}}, {"tips": {"count": 0}, "contact": {"twitter": "randallling", "facebook": "100000208033955"}, "firstName": "Randall", "gender": "male", "lastName": "Ling", "id": "972753", "bio": "", "photo": {"prefix": "https://igx.4sqi.net/img/user/", "suffix": "/X5RWKPQFUNXUVEP2.jpg"}, "homeCity": "Phoenix, AZ", "lists": {"groups": [{"items": [], "count": 2, "type": "created"}]}}, {"tips": {"count": 5}, "contact": {"twitter": "amyshaisley"}, "firstName": "AMY", "gender": "female", "lastName": "HAISLEY", "id": "2670809", "bio": "", "photo": {"prefix": "https://igx.4sqi.net/img/user/", "suffix": "/NPPBTKNI5PPQ55KU.jpg"}, "homeCity": "Goodyear", "lists": {"groups": [{"items": [], "count": 5, "type": "created"}]}}, {"tips": {"count": 0}, "contact": {"facebook": "628686079"}, "firstName": "Amy", "gender": "female", "lastName": "Schwenn", "id": "31786067", "bio": "", "photo": {"prefix": "https://igx.4sqi.net/img/user/", "suffix": "/TGEXMCRV3SDLGNBT.jpg"}, "homeCity": "New York, NY", "lists": {"groups": [{"items": [], "count": 2, "type": "created"}]}}, {"tips": {"count": 4}, "contact": {"facebook": "612302527"}, "firstName": "Nicole", "gender": "female", "lastName": "Noelle", "id": "16103606", "bio": "", "photo": {"prefix": "https://igx.4sqi.net/img/user/", "suffix": "/MEQWHQZR0EYJQALT.jpg"}, "homeCity": "NY", "lists": {"groups": [{"items": [], "count": 2, "type": "created"}]}}, {"tips": {"count": 15}, "contact": {"twitter": "luciolucianob", "facebook": "100001440268836"}, "firstName": "Lucio Luciano", "gender": "male", "lastName": "Cavalli Club & Cirque Le Soir Dubai", "id": "6200884", "bio": "Watch this and see who they are\r\nhttp://www.facebook.com/pages/Lucio-Luciano-Fan-Club/265852293454646\r\nhttp://www.myspace.com/LucioLUCIANObello\r\nyoutube Lucio L", "photo": {"prefix": "https://igx.4sqi.net/img/user/", "suffix": "/6200884-JLA4TWSVH22R3GFS.jpg"}, "homeCity": "Dubai, United Arab Emirates", "lists": {"groups": [{"items": [], "count": 2, "type": "created"}]}}, {"tips": {"count": 1}, "contact": {"twitter": "karkar0313", "facebook": "549964647"}, "firstName": "Karli \ue314", "gender": "female", "lastName": "Strauss", "id": "11708900", "bio": "", "photo": {"prefix": "https://igx.4sqi.net/img/user/", "suffix": "/YQ1NR12IDKUX140K.jpg"}, "homeCity": "North tonawanda ny", "lists": {"groups": [{"items": [], "count": 2, "type": "created"}]}}, {"tips": {"count": 3}, "contact": {"facebook": "1574751978"}, "firstName": "Buck", "gender": "male", "lastName": "Kaber", "id": "69564897", "bio": "", "photo": {"prefix": "https://igx.4sqi.net/img/user/", "suffix": "/3N3221OYYX2LV1OH.jpg"}, "homeCity": "Kenner, LA", "lists": {"groups": [{"items": [], "count": 2, "type": "created"}]}}, {"tips": {"count": 6}, "contact": {"twitter": "bob_ezzat", "facebook": "542611070"}, "firstName": "Bob", "gender": "male", "lastName": "Ezzat", "id": "5997921", "bio": "", "photo": {"prefix": "https://igx.4sqi.net/img/user/", "suffix": "/5997921-YT0D1N5ENEH3U0E4.jpg"}, "homeCity": "Dubai, United Arab Emirates", "lists": {"groups": [{"items": [], "count": 2, "type": "created"}]}}, {"tips": {"count": 0}, "contact": {"twitter": "dosscottsdale", "facebook": "100000107052330"}, "firstName": "Dos Gringos Scottsdale", "gender": "male", "id": "2354114", "bio": "", "photo": {"prefix": "https://igx.4sqi.net/img/user/", "suffix": "/J2ZI2JPE3YQUBU0Q.jpg"}, "homeCity": "Scottsdale, AZ", "lists": {"groups": [{"items": [], "count": 2, "type": "created"}]}}, {"tips": {"count": 0}, "contact": {"facebook": "1089107464"}, "firstName": "Debra", "gender": "female", "lastName": "Rackley", "id": "8376655", "bio": "", "photo": {"prefix": "https://igx.4sqi.net/img/user/", "suffix": "/OZ2UC43OLGLA3SKY.jpg"}, "homeCity": "Mesa, AZ", "lists": {"groups": [{"items": [], "count": 2, "type": "created"}]}}, {"tips": {"count": 0}, "contact": {"facebook": "578044369"}, "firstName": "Ashley", "gender": "female", "lastName": "Marsh", "id": "2914302", "bio": "", "photo": {"prefix": "https://igx.4sqi.net/img/user/", "suffix": "/XXQHEAK4OLW2VUYL.jpg"}, "homeCity": "Scottsdale, AZ", "lists": {"groups": [{"items": [], "count": 2, "type": "created"}]}}, {"tips": {"count": 5}, "contact": {"twitter": "tmpdistrict", "facebook": "1621991651"}, "firstName": "Tempe Marketplace", "gender": "female", "id": "4106525", "bio": "", "photo": {"prefix": "https://igx.4sqi.net/img/user/", "suffix": "/W4J1KRWOSKGR4B3T.jpg"}, "homeCity": "Tempe, AZ", "lists": {"groups": [{"items": [], "count": 2, "type": "created"}]}}, {"tips": {"count": 4}, "contact": {"twitter": "drewludwig", "facebook": "501821889"}, "firstName": "Drew", "gender": "male", "lastName": "Ludwig", "id": "768512", "bio": "", "photo": {"prefix": "https://igx.4sqi.net/img/user/", "suffix": "/GMQIOR10V4VNEGM4.jpg"}, "homeCity": "Buffalo, NY", "lists": {"groups": [{"items": [], "count": 2, "type": "created"}]}}, {"tips": {"count": 16}, "contact": {"twitter": "tony_fly_radio", "facebook": "10206682579519266"}, "firstName": "Tony", "gender": "male", "lastName": "Fly", "id": "22901887", "bio": "", "photo": {"prefix": "https://igx.4sqi.net/img/user/", "suffix": "/IKLXHDCR1H33O0ZV.jpg"}, "homeCity": "Phoenix, Arizona", "lists": {"groups": [{"items": [], "count": 2, "type": "created"}]}}, {"tips": {"count": 41}, "contact": {"facebook": "10006767"}, "firstName": "Brandon", "gender": "male", "lastName": "Casey", "id": "1763440", "bio": "", "photo": {"prefix": "https://igx.4sqi.net/img/user/", "suffix": "/ELIHUCADUS5UNUI5.jpg"}, "homeCity": "Tempe, AZ", "lists": {"groups": [{"items": [], "count": 3, "type": "created"}]}}, {"tips": {"count": 57}, "contact": {"twitter": "janabeauty", "facebook": "1642006709"}, "firstName": "Jana", "gender": "female", "lastName": "Marcelino", "id": "1006331", "bio": "", "photo": {"prefix": "https://igx.4sqi.net/img/user/", "suffix": "/K0Z1G53P1P5SMECB.jpg"}, "homeCity": "Phoenix, AZ", "lists": {"groups": [{"items": [], "count": 5, "type": "created"}]}}, {"tips": {"count": 2}, "contact": {"twitter": "flyingbison", "facebook": "1435115026"}, "firstName": "Flying", "gender": "male", "lastName": "Bison", "id": "3049255", "bio": "We brew \"Real beer born in Bufalo\". \r\n#DrinkLocal\r\nI'm not Tim but I work for him.", "photo": {"prefix": "https://igx.4sqi.net/img/user/", "suffix": "/C1AZAZEEC5MVPDS1.jpg"}, "homeCity": "Buffalo, NY", "lists": {"groups": [{"items": [], "count": 2, "type": "created"}]}}, {"tips": {"count": 0}, "contact": {"twitter": "4kink", "facebook": "100000632961289"}, "firstName": "MC", "gender": "male", "lastName": "Gallant", "id": "32519140", "bio": "", "photo": {"prefix": "https://igx.4sqi.net/img/user/", "suffix": "/SV4PR1ZSR5XYHWUK.jpg"}, "homeCity": "Tempe, AZ", "lists": {"groups": [{"items": [], "count": 3, "type": "created"}]}}, {"tips": {"count": 0}, "contact": {"facebook": "1528231525"}, "firstName": "Larry", "gender": "male", "lastName": "Steckler", "id": "19683540", "bio": "", "photo": {"prefix": "https://igx.4sqi.net/img/user/", "suffix": "/N5XTCS23J5CGXK0M.jpg"}, "homeCity": "Marana, AZ", "lists": {"groups": [{"items": [], "count": 2, "type": "created"}]}}, {"tips": {"count": 0}, "contact": {"twitter": "phxcoco", "facebook": "27221728"}, "firstName": "Socorro", "gender": "female", "lastName": "Draganov", "id": "6899022", "bio": "", "photo": {"prefix": "https://igx.4sqi.net/img/user/", "suffix": "/TONT4PWS1YGG4PAN.jpg"}, "homeCity": "San Diego, CA", "lists": {"groups": [{"items": [], "count": 2, "type": "created"}]}}, {"tips": {"count": 0}, "contact": {"twitter": "cathysrumderful", "facebook": "1784142114"}, "firstName": "Cathy", "gender": "female", "lastName": "Bua", "id": "11748434", "bio": "", "photo": {"prefix": "https://igx.4sqi.net/img/user/", "suffix": "/SJ0ZONHAXXZ5SPKT.jpg"}, "homeCity": "Chandler, AZ", "lists": {"groups": [{"items": [], "count": 2, "type": "created"}]}}, {"tips": {"count": 5}, "contact": {"facebook": "516764575"}, "firstName": "Robert", "gender": "male", "lastName": "Nehin", "id": "44883415", "bio": "", "photo": {"prefix": "https://igx.4sqi.net/img/user/", "suffix": "/HREZHPT4DDSL4CWQ.jpg"}, "homeCity": "Buffalo, NY", "lists": {"groups": [{"items": [], "count": 4, "type": "created"}]}}, {"tips": {"count": 0}, "contact": {"twitter": "keepthendinmind", "facebook": "1284496763"}, "firstName": "Elaine", "gender": "female", "lastName": "Sullivan", "id": "2634885", "bio": "", "photo": {"prefix": "https://igx.4sqi.net/img/user/", "suffix": "/T1MXJ4L1DTYG1DFJ.jpg"}, "homeCity": "Phoenix, AZ", "lists": {"groups": [{"items": [], "count": 2, "type": "created"}]}}, {"tips": {"count": 2}, "contact": {"facebook": "100003274930830"}, "firstName": "Jordan", "gender": "male", "lastName": "Sorenson", "id": "3750797", "bio": "", "photo": {"prefix": "https://igx.4sqi.net/img/user/", "suffix": "/BAUGPSXIQHRVVTF0.jpg"}, "homeCity": "Phoenix, AZ", "lists": {"groups": [{"items": [], "count": 2, "type": "created"}]}}, {"tips": {"count": 12}, "contact": {"twitter": "mokkaluv"}, "firstName": "Monika", "gender": "female", "lastName": "Avalos", "id": "55512646", "bio": "One half of @Ntuit. Singer, Songwriter, Creator! Lover of Life!  <3", "photo": {"prefix": "https://igx.4sqi.net/img/user/", "suffix": "/KO51RJZKXBGFL54U.jpg"}, "homeCity": "Phoenix, AZ", "lists": {"groups": [{"items": [], "count": 2, "type": "created"}]}}, {"tips": {"count": 1}, "contact": {"twitter": "the1souza", "facebook": "10056517"}, "firstName": "Sara", "gender": "female", "lastName": "Souza", "id": "3796702", "bio": "", "photo": {"prefix": "https://igx.4sqi.net/img/user/", "suffix": "/0Y10M5XINBSMMQDN.jpg"}, "homeCity": "Casa Grande, AZ", "lists": {"groups": [{"items": [], "count": 2, "type": "created"}]}}, {"tips": {"count": 7}, "contact": {"twitter": "aladdinstint", "facebook": "500918224"}, "firstName": "Danny", "gender": "male", "lastName": "M", "id": "51884277", "bio": "Owner/operator of Aladdins Window Tinting.", "photo": {"prefix": "https://igx.4sqi.net/img/user/", "suffix": "/3YJ5S4YDXG1VC5OS.jpg"}, "homeCity": "Peoria, AZ", "lists": {"groups": [{"items": [], "count": 2, "type": "created"}]}}, {"tips": {"count": 3}, "contact": {"twitter": "shopdesertridge", "facebook": "1510150365"}, "firstName": "Desert Ridge", "gender": "female", "lastName": "Marketplace", "id": "1147514", "bio": "From apparel and appliances to food and furniture, Desert Ridge Marketplace has everything you\u2019re looking for!  Loop 101 on Tatum.", "photo": {"prefix": "https://igx.4sqi.net/img/user/", "suffix": "/WINHG1TC1ZNBPDLJ.gif"}, "homeCity": "Phoenix, AZ", "lists": {"groups": [{"items": [], "count": 4, "type": "created"}]}}, {"tips": {"count": 0}, "contact": {"facebook": "1238810424"}, "firstName": "Chronic", "gender": "female", "lastName": "Tempe", "id": "3204361", "bio": "", "photo": {"prefix": "https://igx.4sqi.net/img/user/", "suffix": "/F0RWP2WKZCWC2X0L.png"}, "homeCity": "Tempe, AZ", "lists": {"groups": [{"items": [], "count": 2, "type": "created"}]}}, {"tips": {"count": 0}, "contact": {"facebook": "100001140981269"}, "firstName": "Sunkissed", "gender": "female", "lastName": "Angels", "id": "32774099", "bio": "", "photo": {"prefix": "https://igx.4sqi.net/img/user/", "suffix": "/LBR4I4TIT3IIJURJ.jpg"}, "homeCity": "Scottsdale, AZ", "lists": {"groups": [{"items": [], "count": 2, "type": "created"}]}}, {"tips": {"count": 0}, "contact": {"facebook": "1244984980"}, "firstName": "Tracy", "gender": "female", "lastName": "Diina", "id": "9936280", "bio": "Tracy Diina Communications offers non-profit development, communications, public relations,  fundraising, and grant writing services.", "photo": {"prefix": "https://igx.4sqi.net/img/user/", "suffix": "/EKH0WBYQKQBF5SVU.jpg"}, "homeCity": "Buffalo, NY", "lists": {"groups": [{"items": [], "count": 2, "type": "created"}]}}, {"tips": {"count": 2}, "contact": {"twitter": "jopetecaga", "facebook": "1090676744279879"}, "firstName": "Jopete", "gender": "none", "lastName": "Caga", "id": "14309888", "bio": "", "photo": {"prefix": "https://igx.4sqi.net/img/user/", "suffix": "/XENY2WSCBCNFBWJ3.jpg"}, "homeCity": "Dubai, UAE", "lists": {"groups": [{"items": [], "count": 2, "type": "created"}]}}, {"tips": {"count": 15}, "contact": {"twitter": "kesavank7117", "facebook": "785770496"}, "firstName": "Kesavan", "gender": "male", "lastName": "VBK", "id": "3737824", "bio": "", "photo": {"prefix": "https://igx.4sqi.net/img/user/", "suffix": "/FWWUC5CPZDD5R2D4.jpg"}, "homeCity": "Singapore", "lists": {"groups": [{"items": [], "count": 6, "type": "created"}]}}, {"tips": {"count": 64}, "contact": {"facebook": "631134578"}, "firstName": "Steve", "gender": "male", "lastName": "Mouzon", "id": "3934180", "bio": "", "photo": {"prefix": "https://igx.4sqi.net/img/user/", "suffix": "/ECPEVKG2KJ5ADSV3.jpg"}, "homeCity": "Miami Beach, FL", "lists": {"groups": [{"items": [], "count": 4, "type": "created"}]}}, {"tips": {"count": 2}, "contact": {}, "firstName": "Green", "gender": "female", "lastName": "Textbooks", "id": "4684604", "bio": "", "photo": {"prefix": "https://igx.4sqi.net/img/user/", "suffix": "/KHC0P0FB4RST0KHV.jpg"}, "homeCity": "Sandy, UT", "lists": {"groups": [{"items": [], "count": 2, "type": "created"}]}}, {"tips": {"count": 0}, "contact": {}, "firstName": "Nathalie", "gender": "female", "lastName": "Masters", "id": "81686367", "bio": "", "photo": {"prefix": "https://igx.4sqi.net/img/user/", "suffix": "/81686367-0YJF5K1RV4ABREX5.jpg"}, "homeCity": "", "lists": {"groups": [{"items": [], "count": 2, "type": "created"}]}}, {"tips": {"count": 15}, "contact": {"twitter": "pompay", "facebook": "10152671174645959"}, "firstName": "\ud83c\udfe0 Sheresa \ud83c\udfe0", "gender": "female", "id": "1278006", "bio": "", "photo": {"prefix": "https://igx.4sqi.net/img/user/", "suffix": "/BJTRR1VAF1ENBWOH.jpg"}, "homeCity": "Tempe, AZ", "lists": {"groups": [{"items": [], "count": 2, "type": "created"}]}}, {"tips": {"count": 5}, "contact": {"facebook": "1733693220"}, "firstName": "Jenny", "gender": "female", "lastName": "Kendrick", "id": "3698847", "bio": "", "photo": {"prefix": "https://igx.4sqi.net/img/user/", "suffix": "/EYDHMA1L4YSHDZKL.jpg"}, "homeCity": "Phoenix, AZ", "lists": {"groups": [{"items": [], "count": 2, "type": "created"}]}}, {"tips": {"count": 6}, "contact": {"facebook": "724255392"}, "firstName": "Eve", "gender": "female", "lastName": "Moore", "id": "32837146", "bio": "", "photo": {"prefix": "https://igx.4sqi.net/img/user/", "suffix": "/PGQSACG0VWQ30RKX.jpg"}, "homeCity": "Phoenix, Arizona", "lists": {"groups": [{"items": [], "count": 2, "type": "created"}]}}, {"tips": {"count": 0}, "contact": {"facebook": "1458805481"}, "firstName": "Denise", "gender": "female", "lastName": "Saia Goller", "id": "10072558", "bio": "", "photo": {"prefix": "https://igx.4sqi.net/img/user/", "suffix": "/OBB4JXOPR1BUWR3Y.jpg"}, "homeCity": "Buffalo, NY", "lists": {"groups": [{"items": [], "count": 2, "type": "created"}]}}, {"tips": {"count": 0}, "contact": {"twitter": "goldenappleskin", "facebook": "100000262498604"}, "firstName": "Golden", "gender": "female", "lastName": "Apple", "id": "9024762", "bio": "", "photo": {"prefix": "https://igx.4sqi.net/img/user/", "suffix": "/UEJ5VWOUFEYGMNBW.jpg"}, "homeCity": "Goodyear, AZ", "lists": {"groups": [{"items": [], "count": 2, "type": "created"}]}}, {"tips": {"count": 0}, "contact": {}, "firstName": "Tara", "gender": "female", "lastName": "Clark", "id": "5098029", "bio": "", "photo": {"prefix": "https://igx.4sqi.net/img/user/", "suffix": "/RBYZH0FUAORLGWAE.jpg"}, "homeCity": "Chandler, AZ", "lists": {"groups": [{"items": [], "count": 2, "type": "created"}]}}, {"tips": {"count": 0}, "contact": {}, "firstName": "Shelly", "gender": "female", "lastName": "Childers", "id": "9121086", "bio": "", "photo": {"prefix": "https://igx.4sqi.net/img/user/", "suffix": "/00GVYADTYEIZUSU0.jpg"}, "homeCity": "Scottsdale, AZ", "lists": {"groups": [{"items": [], "count": 2, "type": "created"}]}}, {"tips": {"count": 4}, "contact": {"twitter": "nightshiftuniv", "facebook": "100000730522535"}, "firstName": "legalalcohol", "gender": "female", "lastName": "education", "id": "1635928", "bio": "", "photo": {"prefix": "https://igx.4sqi.net/img/user/", "suffix": "/RQLC53QDNRAFOME3.jpg"}, "homeCity": "Scottsdale, AZ", "lists": {"groups": [{"items": [], "count": 2, "type": "created"}]}}, {"tips": {"count": 4}, "contact": {}, "firstName": "NATIVE", "gender": "male", "lastName": "TUROK", "id": "4124611", "bio": "Blessed", "photo": {"prefix": "https://igx.4sqi.net/img/user/", "suffix": "/4124611-XFDXZTJCGFEX3GWP.jpg"}, "homeCity": "Phoenix,az", "lists": {"groups": [{"items": [], "count": 2, "type": "created"}]}}, {"tips": {"count": 0}, "contact": {"twitter": "trendingbuffalo"}, "firstName": "Trending", "gender": "female", "lastName": "Buffalo", "id": "33151484", "bio": "Buffalo sports, life, and commentary.", "photo": {"prefix": "https://igx.4sqi.net/img/user/", "suffix": "/IR1Z422CB25FD4AG.png"}, "homeCity": "Buffalo", "lists": {"groups": [{"items": [], "count": 2, "type": "created"}]}}, {"tips": {"count": 13}, "contact": {"twitter": "jmunoz_phx", "facebook": "1343230469"}, "firstName": "Jimmie", "gender": "male", "lastName": "Munoz Jr", "id": "10942575", "bio": "", "photo": {"prefix": "https://igx.4sqi.net/img/user/", "suffix": "/4CVPT2ZU1N024NTY.jpg"}, "homeCity": "Phoenix, AZ", "lists": {"groups": [{"items": [], "count": 4, "type": "created"}]}}, {"tips": {"count": 0}, "contact": {}, "firstName": "Denise", "gender": "female", "lastName": "Saia Goller", "id": "9877021", "bio": "", "photo": {"prefix": "https://igx.4sqi.net/img/user/", "suffix": "/FEFEWOQ4V3JRAROF.jpg"}, "homeCity": "Buffalo, NY", "lists": {"groups": [{"items": [], "count": 2, "type": "created"}]}}, {"tips": {"count": 1}, "contact": {"twitter": "melisafuentes", "facebook": "635877735"}, "firstName": "Melisa", "gender": "female", "lastName": "Fuentes", "id": "11519455", "bio": "", "photo": {"prefix": "https://igx.4sqi.net/img/user/", "suffix": "/LXLHLSLSB1FDS4OP.jpg"}, "homeCity": "Phoenix, AZ", "lists": {"groups": [{"items": [], "count": 2, "type": "created"}]}}, {"tips": {"count": 3}, "contact": {"facebook": "1442182454"}, "firstName": "Jason", "gender": "male", "lastName": "Falbo", "id": "13763198", "bio": "", "photo": {"prefix": "https://igx.4sqi.net/img/user/", "suffix": "/4ARF32ORPEKN4TVM.jpg"}, "homeCity": "The Woodlands, TX", "lists": {"groups": [{"items": [], "count": 2, "type": "created"}]}}, {"tips": {"count": 12}, "contact": {"facebook": "1553228439"}, "firstName": "Elza", "gender": "male", "lastName": "Gennicks", "id": "1689663", "bio": "", "photo": {"prefix": "https://igx.4sqi.net/img/user/", "suffix": "/BPR1HJAWRIU0OMIR.jpg"}, "homeCity": "Mesa, AZ", "lists": {"groups": [{"items": [], "count": 4, "type": "created"}]}}, {"tips": {"count": 13}, "contact": {}, "firstName": "Bonnie", "gender": "none", "lastName": "Moertl", "id": "6387279", "bio": "I may live in AZ\ud83c\udf35but my heart & soul are in Daytona Beach, FL\ud83c\udfdd\nCome find me: bonnie_moertl and bmoertl on IG", "photo": {"prefix": "https://igx.4sqi.net/img/user/", "suffix": "/6387279_F2vRyUn4_fcsvPpT4UYyoVsz2rw0im_uSsrQJB7PUDL3Gq5LaANbKq9qBXdPuFjeyEmVjPBYr.jpg"}, "homeCity": "Queen Creek, AZ", "lists": {"groups": [{"items": [], "count": 6, "type": "created"}]}}, {"tips": {"count": 5}, "contact": {"twitter": "k_vela21", "facebook": "100001469061059"}, "firstName": "K", "gender": "female", "lastName": "Vela", "id": "33782389", "bio": "", "photo": {"prefix": "https://igx.4sqi.net/img/user/", "suffix": "/H0NOO4HSPD3VEDMC.jpg"}, "homeCity": "Tucson, Az", "lists": {"groups": [{"items": [], "count": 2, "type": "created"}]}}, {"tips": {"count": 2}, "contact": {"facebook": "10154595601759530"}, "firstName": "Kyriakos", "gender": "male", "lastName": "Unravel", "id": "11040846", "bio": "", "photo": {"prefix": "https://igx.4sqi.net/img/user/", "suffix": "/JKZNO2L24ZSWJB1V.jpg"}, "homeCity": "Dubai", "lists": {"groups": [{"items": [], "count": 2, "type": "created"}]}}, {"tips": {"count": 1}, "contact": {"facebook": "100000204715750"}, "firstName": "Virgel", "gender": "male", "lastName": "Fout", "id": "11493018", "bio": "", "photo": {"prefix": "https://igx.4sqi.net/img/user/", "suffix": "/VBETQBRZTJOR3JLE.jpg"}, "homeCity": "Paradise Valley, AZ", "lists": {"groups": [{"items": [], "count": 2, "type": "created"}]}}, {"tips": {"count": 4}, "contact": {}, "firstName": "bethany", "gender": "female", "id": "13892416", "bio": "", "photo": {"prefix": "https://igx.4sqi.net/img/user/", "suffix": "/blank_girl.png", "default": true}, "homeCity": "Glendale, AZ", "lists": {"groups": [{"items": [], "count": 2, "type": "created"}]}}, {"tips": {"count": 4}, "contact": {"facebook": "680134307"}, "firstName": "Angel", "gender": "female", "lastName": "DelCarpio", "id": "1825521", "bio": "", "photo": {"prefix": "https://igx.4sqi.net/img/user/", "suffix": "/44VSNUSEZ2WMKRDE.jpg"}, "homeCity": "Fort Lauderdale, FL", "lists": {"groups": [{"items": [], "count": 2, "type": "created"}]}}, {"tips": {"count": 0}, "contact": {}, "firstName": "Gabriela", "gender": "female", "lastName": "Ochoa", "id": "7878637", "bio": "", "photo": {"prefix": "https://igx.4sqi.net/img/user/", "suffix": "/CDQTKJ3BRQJVKUK5.jpg"}, "homeCity": "Quer\u00e9taro, Mexico", "lists": {"groups": [{"items": [], "count": 2, "type": "created"}]}}, {"tips": {"count": 2}, "contact": {"facebook": "10208402516837674"}, "firstName": "Amanda", "gender": "female", "lastName": "Spry", "id": "50914216", "bio": "Tattooist at Aces High Tattoo Studio Hull Hu5 2nd 01482 343296", "photo": {"prefix": "https://igx.4sqi.net/img/user/", "suffix": "/G4UWVWXH5O2G2GEK.jpg"}, "homeCity": "Kingston upon Hull, ENG", "lists": {"groups": [{"items": [], "count": 3, "type": "created"}]}}, {"tips": {"count": 0}, "contact": {"facebook": "100002295116396"}, "firstName": "Tiffany", "gender": "female", "lastName": "Green", "id": "11045878", "bio": "", "photo": {"prefix": "https://igx.4sqi.net/img/user/", "suffix": "/0X3ARV53AT4KYDAS.jpg"}, "homeCity": "Scottsdale, AZ", "lists": {"groups": [{"items": [], "count": 2, "type": "created"}]}}, {"tips": {"count": 14}, "contact": {}, "firstName": "Bethany", "gender": "female", "lastName": "5538", "id": "14753399", "bio": "", "photo": {"prefix": "https://igx.4sqi.net/img/user/", "suffix": "/14753399-YATUFG0SQSOBXI5O.jpg"}, "homeCity": "Phoenix, AZ", "lists": {"groups": [{"items": [], "count": 4, "type": "created"}]}}, {"tips": {"count": 25}, "contact": {"twitter": "ipayu2shop", "facebook": "1493083767"}, "firstName": "Steven", "gender": "male", "lastName": "Colucci", "id": "20521962", "bio": "", "photo": {"prefix": "https://igx.4sqi.net/img/user/", "suffix": "/WJYURKCJKRY3I0YR.jpg"}, "homeCity": "Del Mar, CA", "lists": {"groups": [{"items": [], "count": 4, "type": "created"}]}}, {"tips": {"count": 11}, "contact": {"facebook": "1125944343"}, "firstName": "Anastacia", "gender": "female", "lastName": "Novikova", "id": "2125225", "bio": "Building a Sales School", "photo": {"prefix": "https://igx.4sqi.net/img/user/", "suffix": "/2125225-O5ISKZGDOLAIOI42.jpg"}, "homeCity": "Kharkiv", "lists": {"groups": [{"items": [], "count": 2, "type": "created"}]}}, {"tips": {"count": 171}, "contact": {"twitter": "nickialanoche", "facebook": "27700035"}, "firstName": "Nicki", "gender": "female", "lastName": "Escudero", "id": "24737750", "bio": "Editor of www.phxpeople.com. Please check it out, and let me know what you think!", "photo": {"prefix": "https://igx.4sqi.net/img/user/", "suffix": "/-MHAEUDRIXQDCI0MD.png"}, "homeCity": "Scottsdale", "lists": {"groups": [{"items": [], "count": 3, "type": "created"}]}}, {"tips": {"count": 1}, "contact": {"twitter": "tiltlady", "facebook": "1542482931"}, "firstName": "Dolores", "gender": "female", "lastName": "Harrell", "id": "66387329", "bio": "(formerly Dolores McKay) \r\nExperience Champion & Transformation Agent", "photo": {"prefix": "https://igx.4sqi.net/img/user/", "suffix": "/UMTELQWXNEFAIMTY.png"}, "homeCity": "San Diego, CA", "lists": {"groups": [{"items": [], "count": 2, "type": "created"}]}}, {"tips": {"count": 0}, "contact": {"twitter": "leontopiltzin", "facebook": "10206264714152971"}, "firstName": "Le\u00f3n", "gender": "male", "lastName": "Topiltzin", "id": "53716793", "bio": "", "photo": {"prefix": "https://igx.4sqi.net/img/user/", "suffix": "/0FUHEY5NPBAFPQWD.jpg"}, "homeCity": "Mesa, AZ", "lists": {"groups": [{"items": [], "count": 2, "type": "created"}]}}, {"tips": {"count": 33}, "contact": {"facebook": "10155907579405145"}, "firstName": "Brian", "gender": "male", "lastName": "Luke", "id": "2172315", "bio": "", "photo": {"prefix": "https://igx.4sqi.net/img/user/", "suffix": "/LZL3Q1WG5F5IZ3IO.jpg"}, "homeCity": "Buffalo, NY", "lists": {"groups": [{"items": [], "count": 5, "type": "created"}]}}, {"tips": {"count": 0}, "contact": {"facebook": "752185501"}, "firstName": "Gianluca", "gender": "male", "lastName": "Guinzoni", "id": "55306101", "bio": "", "photo": {"prefix": "https://igx.4sqi.net/img/user/", "suffix": "/NLL0C5EIKPZEVX3K.jpg"}, "homeCity": "Dubai, United Arab Emirates", "lists": {"groups": [{"items": [], "count": 2, "type": "created"}]}}, {"tips": {"count": 0}, "contact": {"twitter": "mariprop", "facebook": "100001031610176"}, "firstName": "Maricopaf", "gender": "female", "id": "2233850", "bio": "", "photo": {"prefix": "https://igx.4sqi.net/img/user/", "suffix": "/3PKVUUKREH0UEEWL.jpg"}, "homeCity": "Phoenix, AZ", "lists": {"groups": [{"items": [], "count": 2, "type": "created"}]}}, {"tips": {"count": 1}, "contact": {"facebook": "869455220"}, "firstName": "Jorge", "gender": "male", "lastName": "Suarez", "id": "2235135", "bio": "", "photo": {"prefix": "https://igx.4sqi.net/img/user/", "suffix": "/HGYUC4Z3AWRJDA3T.jpg"}, "homeCity": "Phoenix, AZ", "lists": {"groups": [{"items": [], "count": 2, "type": "created"}]}}, {"tips": {"count": 0}, "contact": {"facebook": "100000208114278"}, "firstName": "Taft", "gender": "male", "lastName": "Prentice", "id": "2265807", "bio": "", "photo": {"prefix": "https://igx.4sqi.net/img/user/", "suffix": "/IKJ32IQH32M30BMY.jpg"}, "homeCity": "Scottsdale, AZ", "lists": {"groups": [{"items": [], "count": 2, "type": "created"}]}}, {"tips": {"count": 3}, "contact": {"twitter": "jscordatosalon", "facebook": "1247272457"}, "firstName": "jacqueline", "gender": "female", "lastName": "scordato", "id": "2638688", "bio": "", "photo": {"prefix": "https://igx.4sqi.net/img/user/", "suffix": "/UAAF2GF35HBO0SBI.jpg"}, "homeCity": "Tucson, AZ", "lists": {"groups": [{"items": [], "count": 2, "type": "created"}]}}, {"tips": {"count": 1}, "contact": {"twitter": "total_financial", "facebook": "100000561961475"}, "firstName": "TFN", "gender": "male", "id": "2717429", "bio": "", "photo": {"prefix": "https://igx.4sqi.net/img/user/", "suffix": "/RGBIDBYQG5BGDTDM.png"}, "homeCity": "Mesa, AZ", "lists": {"groups": [{"items": [], "count": 2, "type": "created"}]}}, {"tips": {"count": 1}, "contact": {}, "firstName": "Susan", "gender": "female", "lastName": "Holtzman", "id": "3463166", "bio": "", "photo": {"prefix": "https://igx.4sqi.net/img/user/", "suffix": "/GPQDMAZJKP4NEMJB.jpg"}, "homeCity": "Scottsdale, Arizona ", "lists": {"groups": [{"items": [], "count": 2, "type": "created"}]}}, {"tips": {"count": 3}, "contact": {}, "firstName": "Peter", "gender": "male", "id": "3821731", "bio": "", "photo": {"prefix": "https://igx.4sqi.net/img/user/", "suffix": "/UBFDGH3T42RCNQCJ.jpg"}, "homeCity": "Orange County, CA", "lists": {"groups": [{"items": [], "count": 2, "type": "created"}]}}, {"tips": {"count": 0}, "contact": {"twitter": "purplechessca", "facebook": "708511639272034"}, "firstName": "Janness", "gender": "female", "lastName": "Kurtz", "id": "3995517", "bio": "", "photo": {"prefix": "https://igx.4sqi.net/img/user/", "suffix": "/V0H1ZRK00GKOMSKQ.jpg"}, "homeCity": "Singapore", "lists": {"groups": [{"items": [], "count": 2, "type": "created"}]}}, {"tips": {"count": 0}, "contact": {"facebook": "1019580192"}, "firstName": "Claren", "gender": "female", "lastName": "C.", "id": "5009549", "bio": "", "photo": {"prefix": "https://igx.4sqi.net/img/user/", "suffix": "/3UM2R4Z5FG40PX42.jpg"}, "homeCity": "Scottsdale, AZ", "lists": {"groups": [{"items": [], "count": 2, "type": "created"}]}}, {"tips": {"count": 0}, "contact": {"twitter": "laurenicon", "facebook": "808825087"}, "firstName": "Lauren", "gender": "female", "lastName": "Ortiz", "id": "5592079", "bio": "", "photo": {"prefix": "https://igx.4sqi.net/img/user/", "suffix": "/EIYWKJIKSXZWS2PJ.jpg"}, "homeCity": "New York, NY", "lists": {"groups": [{"items": [], "count": 2, "type": "created"}]}}, {"tips": {"count": 0}, "contact": {"facebook": "1457347338"}, "firstName": "Melissa", "gender": "female", "lastName": "Schubert", "id": "6477443", "bio": "", "photo": {"prefix": "https://igx.4sqi.net/img/user/", "suffix": "/blank_girl.png", "default": true}, "homeCity": "Scottsdale, AZ", "lists": {"groups": [{"items": [], "count": 2, "type": "created"}]}}, {"tips": {"count": 0}, "contact": {"facebook": "1537097325"}, "firstName": "Andrew", "gender": "male", "lastName": "Bloom", "id": "8649755", "bio": "", "photo": {"prefix": "https://igx.4sqi.net/img/user/", "suffix": "/T1DAE0EDUDKICKGO.jpg"}, "homeCity": "Scottsdale, AZ", "lists": {"groups": [{"items": [], "count": 2, "type": "created"}]}}, {"tips": {"count": 0}, "contact": {"twitter": "richardchasse", "facebook": "100001574872399"}, "firstName": "Dick", "gender": "male", "lastName": "Chasse", "id": "8756448", "bio": "Microbiologist -> to Entrepreneur -> Online Marketing Specialist -> Real Estate Professional. 5 + years consulting in the fastest growing trends for marketing", "photo": {"prefix": "https://igx.4sqi.net/img/user/", "suffix": "/X5KAVTR1XB5IRUTR.jpg"}, "homeCity": "Surprise, AZ", "lists": {"groups": [{"items": [], "count": 2, "type": "created"}]}}, {"tips": {"count": 121}, "contact": {"facebook": "1042164816"}, "firstName": "I17Auto", "gender": "male", "lastName": "Recyclers", "id": "16616761", "bio": "22242 North 24th ave, Phx, Az 85027. We sell new and used quality auto parts worldwide!", "photo": {"prefix": "https://igx.4sqi.net/img/user/", "suffix": "/4D2ILJY5CL4ZUAHV.jpg"}, "homeCity": "Phoenix, AZ", "lists": {"groups": [{"items": [], "count": 3, "type": "created"}]}}, {"tips": {"count": 0}, "contact": {"facebook": "1442342327"}, "firstName": "Marlene", "gender": "female", "lastName": "Razonable", "id": "22756700", "bio": "", "photo": {"prefix": "https://igx.4sqi.net/img/user/", "suffix": "/BRTHOQUFGVR52KR5.jpg"}, "homeCity": "Abu Dhabi", "lists": {"groups": [{"items": [], "count": 2, "type": "created"}]}}], "count": 145}, "checksum": "fe46399a6415fbcb79605f3ac4eaa5cd1b54b606"}, "meta": {"requestId": "59662d506a6071143cb3b39b", "code": 200}}