{"notifications": [{"type": "notificationTray", "item": {"unreadCount": 0}}], "response": {"friends": {"items": [{"tips": {"count": 49}, "contact": {"twitter": "culturalsponge", "facebook": "1394054368"}, "firstName": "Heather", "gender": "female", "lastName": "Brown", "id": "1034590", "bio": "", "photo": {"prefix": "https://igx.4sqi.net/img/user/", "suffix": "/0XSWC4UWLLY1FBMG.jpg"}, "homeCity": "Maricopa, AZ", "lists": {"groups": [{"items": [], "count": 2, "type": "created"}]}}, {"tips": {"count": 0}, "contact": {"twitter": "mashedreport"}, "firstName": "Mashed Report", "gender": "male", "id": "1367753", "bio": "", "photo": {"prefix": "https://igx.4sqi.net/img/user/", "suffix": "/DEJQ501CJZVEPA5N.jpg"}, "homeCity": "USA", "lists": {"groups": [{"items": [], "count": 2, "type": "created"}]}}, {"tips": {"count": 0}, "contact": {"twitter": "yourguide2green", "facebook": "1018035626"}, "firstName": "Greg", "gender": "male", "lastName": "Peterson", "id": "1596702", "bio": "", "photo": {"prefix": "https://igx.4sqi.net/img/user/", "suffix": "/blank_boy.png", "default": true}, "homeCity": "Phoenix, AZ", "lists": {"groups": [{"items": [], "count": 2, "type": "created"}]}}, {"tips": {"count": 0}, "contact": {"twitter": "cdcihak", "facebook": "581761919"}, "firstName": "Diana", "gender": "female", "lastName": "Cihak", "id": "524678", "bio": "", "photo": {"prefix": "https://igx.4sqi.net/img/user/", "suffix": "/32I1IFWNFI2K1WUC.jpg"}, "homeCity": "buffalo, New York", "lists": {"groups": [{"items": [], "count": 2, "type": "created"}]}}, {"tips": {"count": 20}, "contact": {"twitter": "davidcroskey", "facebook": "1452203400"}, "firstName": "David@MusicPlayce", "gender": "male", "lastName": "\u266b", "id": "249006", "bio": "", "photo": {"prefix": "https://igx.4sqi.net/img/user/", "suffix": "/WCN1UNE3RPHA2EFL.png"}, "homeCity": "Phoenix, AZ", "lists": {"groups": [{"items": [], "count": 2, "type": "created"}]}}, {"tips": {"count": 0}, "contact": {"twitter": "djsoloman", "facebook": "500741732"}, "firstName": "Soloman", "gender": "male", "lastName": "DeeJay", "id": "1858101", "bio": "", "photo": {"prefix": "https://igx.4sqi.net/img/user/", "suffix": "/BSEQIRSYQDIWM3P2.jpg"}, "homeCity": "Scottsdale, AZ", "lists": {"groups": [{"items": [], "count": 2, "type": "created"}]}}, {"tips": {"count": 16}, "contact": {"facebook": "100004025566518"}, "firstName": "Alfonzo", "gender": "male", "lastName": "Chavez", "id": "1607984", "bio": "", "photo": {"prefix": "https://igx.4sqi.net/img/user/", "suffix": "/R1SB2ZHBCODCR2ZI.jpg"}, "homeCity": "Laveen, AZ", "lists": {"groups": [{"items": [], "count": 2, "type": "created"}]}}, {"tips": {"count": 1}, "contact": {"twitter": "aliyaleigh", "facebook": "1584225906"}, "firstName": "Aliya", "gender": "female", "lastName": "Leigh", "id": "289873", "bio": "", "photo": {"prefix": "https://igx.4sqi.net/img/user/", "suffix": "/S4YZ50WMHDTWL45C.jpg"}, "homeCity": "Scottsdale, Arizona", "lists": {"groups": [{"items": [], "count": 2, "type": "created"}]}}, {"tips": {"count": 1}, "contact": {"twitter": "marcodien", "facebook": "683426135"}, "firstName": "Marc", "gender": "male", "lastName": "Odien", "id": "757247", "bio": "", "photo": {"prefix": "https://igx.4sqi.net/img/user/", "suffix": "/ZI5IAUB1ZEZZL5IL.jpg"}, "homeCity": "Buffalo, NY", "lists": {"groups": [{"items": [], "count": 2, "type": "created"}]}}, {"tips": {"count": 67}, "contact": {"twitter": "buffalopundit", "facebook": "538430095"}, "firstName": "Alan", "gender": "male", "lastName": "Bedenko", "id": "379942", "bio": "Husband, father, lawyer, blogger, traveler.  Clarence resident. Reasonable Sounder of Alarms. buffalopundit@gmail.com", "photo": {"prefix": "https://igx.4sqi.net/img/user/", "suffix": "/JEFB2W3HMEP13RF1.jpg"}, "homeCity": "Clarence, NY", "lists": {"groups": [{"items": [], "count": 7, "type": "created"}]}}, {"tips": {"count": 41}, "contact": {"twitter": "buffalofilmfest", "facebook": "1793425609"}, "firstName": "Biff", "gender": "none", "lastName": "Buffalo", "id": "587630", "bio": "Official mascot of BxNF: The Buffalo International Film Festival.  Really happy to be your friend on Foursquare or anywhere else!", "photo": {"prefix": "https://igx.4sqi.net/img/user/", "suffix": "/ZTE3MO3EYOISAYOK.jpg"}, "homeCity": "New York, NY", "lists": {"groups": [{"items": [], "count": 14, "type": "created"}]}}, {"tips": {"count": 0}, "contact": {"facebook": "832024475"}, "firstName": "Bigie", "gender": "male", "lastName": "Meanmugg", "id": "1732104", "bio": "", "photo": {"prefix": "https://igx.4sqi.net/img/user/", "suffix": "/41E0U1SZKYOLPT00.jpg"}, "homeCity": "Phoenix, Az", "lists": {"groups": [{"items": [], "count": 2, "type": "created"}]}}, {"tips": {"count": 28}, "contact": {"twitter": "maadler", "facebook": "10102326852431028"}, "firstName": "Marc", "gender": "male", "lastName": "Adler", "id": "729863", "bio": "", "photo": {"prefix": "https://igx.4sqi.net/img/user/", "suffix": "/729863-E51QEQ3H0D1VWUNB.jpg"}, "homeCity": "Amherst, NY", "lists": {"groups": [{"items": [], "count": 5, "type": "created"}]}}, {"tips": {"count": 7}, "contact": {"twitter": "adriandayton", "facebook": "655621342"}, "firstName": "Adrian", "gender": "male", "lastName": "Dayton", "id": "844674", "bio": "", "photo": {"prefix": "https://igx.4sqi.net/img/user/", "suffix": "/QXYBKPOA0AYVQGUK.jpg"}, "homeCity": "Buffalo, New York", "lists": {"groups": [{"items": [], "count": 2, "type": "created"}]}}, {"tips": {"count": 0}, "contact": {"twitter": "bethcochran", "facebook": "564329570"}, "firstName": "beth", "gender": "female", "id": "204858", "bio": "", "photo": {"prefix": "https://igx.4sqi.net/img/user/", "suffix": "/4OHW5ZC0EW0DQUYQ.jpg"}, "homeCity": "Phoenix, AZ", "lists": {"groups": [{"items": [], "count": 2, "type": "created"}]}}, {"tips": {"count": 37}, "contact": {"twitter": "wk4coffee", "facebook": "1002344630"}, "firstName": "Barbara", "gender": "female", "lastName": "Daniels", "id": "1118542", "bio": "Certified Social Media Consultant, Coffee Enthusiast, Espresso Connoisseur, Mountain Biking Addict | Basically, I 'WORK FOR COFFEE' c[_] :)", "photo": {"prefix": "https://igx.4sqi.net/img/user/", "suffix": "/F02LFWWLOELYL3DU.jpg"}, "homeCity": "Mesa, AZ | USA", "lists": {"groups": [{"items": [], "count": 8, "type": "created"}]}}, {"tips": {"count": 0}, "contact": {"twitter": "stickyric", "facebook": "751629087"}, "firstName": "rick", "gender": "male", "lastName": "criden", "id": "2154507", "bio": "", "photo": {"prefix": "https://igx.4sqi.net/img/user/", "suffix": "/KWJVTT5ZXD0GKSNC.jpg"}, "homeCity": "Buffalo, NY", "lists": {"groups": [{"items": [], "count": 2, "type": "created"}]}}, {"tips": {"count": 39}, "contact": {"twitter": "djsterling22"}, "firstName": "Sterling", "gender": "male", "lastName": "DJ", "id": "1599563", "bio": "", "photo": {"prefix": "https://igx.4sqi.net/img/user/", "suffix": "/XBIBI5MSWC21NEE4.jpg"}, "homeCity": "Scottsdale, AZ", "lists": {"groups": [{"items": [], "count": 2, "type": "created"}]}}, {"tips": {"count": 30}, "contact": {"twitter": "startuphive", "facebook": "1449455471"}, "firstName": "Stephen G.", "gender": "male", "lastName": "Barr", "id": "256003", "bio": "#Strategic_Alliance, #Catalyst, #Content_Curator, #PR_man, #Advocate, #Philanthropist, #Mentor, #Author, #Angel. #Publisher, #Producer, #Crowdfunding, #Startups", "photo": {"prefix": "https://igx.4sqi.net/img/user/", "suffix": "/-JOZ1MQ2XVPY1E3AS.jpg"}, "homeCity": "Las Vegas, NV", "lists": {"groups": [{"items": [], "count": 3, "type": "created"}]}}, {"tips": {"count": 4}, "contact": {"facebook": "10006781"}, "firstName": "Becky", "gender": "female", "lastName": "Armendariz", "id": "1858859", "bio": "", "photo": {"prefix": "https://igx.4sqi.net/img/user/", "suffix": "/KRUIL20KLB0YJCFN.jpg"}, "homeCity": "Scottsdale, AZ", "lists": {"groups": [{"items": [], "count": 2, "type": "created"}]}}, {"tips": {"count": 4}, "contact": {"twitter": "aaronwineguru", "facebook": "1057327621"}, "firstName": "Aaron", "gender": "male", "lastName": "Leeming", "id": "2558646", "bio": "I travel...  I drink wine...  I sing karaoke...  I cook like a madman...  I live my life vicariously thru myself...", "photo": {"prefix": "https://igx.4sqi.net/img/user/", "suffix": "/PPSSDUNCHL4AXLPP.jpg"}, "homeCity": "Phoenix, AZ", "lists": {"groups": [{"items": [], "count": 2, "type": "created"}]}}, {"tips": {"count": 36}, "contact": {"twitter": "mariotromero", "facebook": "1295898462"}, "firstName": "Mario Trejo", "gender": "male", "lastName": "Romero", "id": "293745", "bio": "Lover of all things Phoenix, friend to puppies and kitties and REALTOR w/ The Romero Team - The Melcher Agency  602-252-4191 - from condos to castles", "photo": {"prefix": "https://igx.4sqi.net/img/user/", "suffix": "/IEBQK2WNIYNPBPDY.jpg"}, "homeCity": "Phoenix, AZ 85007", "lists": {"groups": [{"items": [], "count": 2, "type": "created"}]}}, {"tips": {"count": 0}, "contact": {"twitter": "mariacordova", "facebook": "100000508540460"}, "firstName": "Maria", "gender": "female", "lastName": "Cordova", "id": "1679087", "bio": "", "photo": {"prefix": "https://igx.4sqi.net/img/user/", "suffix": "/VH2QJ3Z5IKJUI3Y2.jpg"}, "homeCity": "Scottsdale, AZ", "lists": {"groups": [{"items": [], "count": 2, "type": "created"}]}}, {"tips": {"count": 18}, "contact": {"twitter": "arathena2", "facebook": "576990438"}, "firstName": "Arathena", "gender": "female", "lastName": "Sprankle", "id": "388871", "bio": "Innovation Research & Development Team @ Wells Fargo Bank", "photo": {"prefix": "https://igx.4sqi.net/img/user/", "suffix": "/388871_bIBcRG-l_iqxkggiSVGkLelkv7rJplJOHKSw7iT9WviNGixAQaxfr8QrheQ0IgkccUFrcb7HM.jpg"}, "homeCity": "Chandler, AZ", "lists": {"groups": [{"items": [], "count": 2, "type": "created"}]}}, {"tips": {"count": 1}, "contact": {"twitter": "resultsfitness", "facebook": "1372093459"}, "firstName": "Tammi", "gender": "female", "lastName": "Jacobs", "id": "2941186", "bio": "", "photo": {"prefix": "https://igx.4sqi.net/img/user/", "suffix": "/N1BJXNKM4KBVM5CT.jpg"}, "homeCity": "Chandler, AZ", "lists": {"groups": [{"items": [], "count": 2, "type": "created"}]}}, {"tips": {"count": 4}, "contact": {"twitter": "midmoviemama79", "facebook": "653050985"}, "firstName": "Andrea", "gender": "female", "lastName": "Canales", "id": "828759", "bio": "Kiwi in the desert. Mum & Film Programmer @TheFilmBarPHX. I heart my dogs, bizarre cinema, exotica music, 70s Euro disco & chocolate.", "photo": {"prefix": "https://igx.4sqi.net/img/user/", "suffix": "/828759-B02B00HQR0WQS1Y3.jpg"}, "homeCity": "Phoenix, AZ", "lists": {"groups": [{"items": [], "count": 2, "type": "created"}]}}, {"tips": {"count": 0}, "contact": {"twitter": "randallling", "facebook": "100000208033955"}, "firstName": "Randall", "gender": "male", "lastName": "Ling", "id": "972753", "bio": "", "photo": {"prefix": "https://igx.4sqi.net/img/user/", "suffix": "/X5RWKPQFUNXUVEP2.jpg"}, "homeCity": "Phoenix, AZ", "lists": {"groups": [{"items": [], "count": 2, "type": "created"}]}}, {"tips": {"count": 0}, "contact": {"twitter": "anbphotos", "facebook": "10154289563836311"}, "firstName": "BYRON", "gender": "male", "lastName": "Alcid", "id": "208413", "bio": "", "photo": {"prefix": "https://igx.4sqi.net/img/user/", "suffix": "/blank_boy.png", "default": true}, "homeCity": "Chandler, AZ", "lists": {"groups": [{"items": [], "count": 2, "type": "created"}]}}, {"tips": {"count": 0}, "contact": {"twitter": "dosscottsdale", "facebook": "100000107052330"}, "firstName": "Dos Gringos Scottsdale", "gender": "male", "id": "2354114", "bio": "", "photo": {"prefix": "https://igx.4sqi.net/img/user/", "suffix": "/J2ZI2JPE3YQUBU0Q.jpg"}, "homeCity": "Scottsdale, AZ", "lists": {"groups": [{"items": [], "count": 2, "type": "created"}]}}, {"tips": {"count": 0}, "contact": {"twitter": "eightymgb", "facebook": "10155775838980713"}, "firstName": "Greg", "gender": "male", "lastName": "Ensell", "id": "2570889", "bio": "", "photo": {"prefix": "https://igx.4sqi.net/img/user/", "suffix": "/HA2ISNF5SBZ1KLIP.jpg"}, "homeCity": "Steubenville, OH", "lists": {"groups": [{"items": [], "count": 2, "type": "created"}]}}, {"tips": {"count": 2}, "contact": {}, "firstName": "MC", "gender": "male", "id": "742510", "bio": "", "photo": {"prefix": "https://igx.4sqi.net/img/user/", "suffix": "/DJP13EQNKTEXZ0AA.jpg"}, "homeCity": "Youngtown, Arizona", "lists": {"groups": [{"items": [], "count": 2, "type": "created"}]}}, {"tips": {"count": 41}, "contact": {"facebook": "10006767"}, "firstName": "Brandon", "gender": "male", "lastName": "Casey", "id": "1763440", "bio": "", "photo": {"prefix": "https://igx.4sqi.net/img/user/", "suffix": "/ELIHUCADUS5UNUI5.jpg"}, "homeCity": "Tempe, AZ", "lists": {"groups": [{"items": [], "count": 3, "type": "created"}]}}, {"tips": {"count": 57}, "contact": {"twitter": "janabeauty", "facebook": "1642006709"}, "firstName": "Jana", "gender": "female", "lastName": "Marcelino", "id": "1006331", "bio": "", "photo": {"prefix": "https://igx.4sqi.net/img/user/", "suffix": "/K0Z1G53P1P5SMECB.jpg"}, "homeCity": "Phoenix, AZ", "lists": {"groups": [{"items": [], "count": 5, "type": "created"}]}}, {"tips": {"count": 0}, "contact": {"facebook": "1238810424"}, "firstName": "Chronic", "gender": "female", "lastName": "Tempe", "id": "3204361", "bio": "", "photo": {"prefix": "https://igx.4sqi.net/img/user/", "suffix": "/F0RWP2WKZCWC2X0L.png"}, "homeCity": "Tempe, AZ", "lists": {"groups": [{"items": [], "count": 2, "type": "created"}]}}, {"tips": {"count": 0}, "contact": {"twitter": "keepthendinmind", "facebook": "1284496763"}, "firstName": "Elaine", "gender": "female", "lastName": "Sullivan", "id": "2634885", "bio": "", "photo": {"prefix": "https://igx.4sqi.net/img/user/", "suffix": "/T1MXJ4L1DTYG1DFJ.jpg"}, "homeCity": "Phoenix, AZ", "lists": {"groups": [{"items": [], "count": 2, "type": "created"}]}}, {"tips": {"count": 4}, "contact": {"twitter": "drewludwig", "facebook": "501821889"}, "firstName": "Drew", "gender": "male", "lastName": "Ludwig", "id": "768512", "bio": "", "photo": {"prefix": "https://igx.4sqi.net/img/user/", "suffix": "/GMQIOR10V4VNEGM4.jpg"}, "homeCity": "Buffalo, NY", "lists": {"groups": [{"items": [], "count": 2, "type": "created"}]}}, {"tips": {"count": 15}, "contact": {"twitter": "pompay", "facebook": "10152671174645959"}, "firstName": "\ud83c\udfe0 Sheresa \ud83c\udfe0", "gender": "female", "id": "1278006", "bio": "", "photo": {"prefix": "https://igx.4sqi.net/img/user/", "suffix": "/BJTRR1VAF1ENBWOH.jpg"}, "homeCity": "Tempe, AZ", "lists": {"groups": [{"items": [], "count": 2, "type": "created"}]}}, {"tips": {"count": 4}, "contact": {"twitter": "nightshiftuniv", "facebook": "100000730522535"}, "firstName": "legalalcohol", "gender": "female", "lastName": "education", "id": "1635928", "bio": "", "photo": {"prefix": "https://igx.4sqi.net/img/user/", "suffix": "/RQLC53QDNRAFOME3.jpg"}, "homeCity": "Scottsdale, AZ", "lists": {"groups": [{"items": [], "count": 2, "type": "created"}]}}, {"tips": {"count": 11}, "contact": {"facebook": "1125944343"}, "firstName": "Anastacia", "gender": "female", "lastName": "Novikova", "id": "2125225", "bio": "Building a Sales School", "photo": {"prefix": "https://igx.4sqi.net/img/user/", "suffix": "/2125225-O5ISKZGDOLAIOI42.jpg"}, "homeCity": "Kharkiv", "lists": {"groups": [{"items": [], "count": 2, "type": "created"}]}}, {"tips": {"count": 33}, "contact": {"facebook": "10155907579405145"}, "firstName": "Brian", "gender": "male", "lastName": "Luke", "id": "2172315", "bio": "", "photo": {"prefix": "https://igx.4sqi.net/img/user/", "suffix": "/LZL3Q1WG5F5IZ3IO.jpg"}, "homeCity": "Buffalo, NY", "lists": {"groups": [{"items": [], "count": 5, "type": "created"}]}}, {"tips": {"count": 0}, "contact": {"twitter": "mariprop", "facebook": "100001031610176"}, "firstName": "Maricopaf", "gender": "female", "id": "2233850", "bio": "", "photo": {"prefix": "https://igx.4sqi.net/img/user/", "suffix": "/3PKVUUKREH0UEEWL.jpg"}, "homeCity": "Phoenix, AZ", "lists": {"groups": [{"items": [], "count": 2, "type": "created"}]}}, {"tips": {"count": 1}, "contact": {"facebook": "869455220"}, "firstName": "Jorge", "gender": "male", "lastName": "Suarez", "id": "2235135", "bio": "", "photo": {"prefix": "https://igx.4sqi.net/img/user/", "suffix": "/HGYUC4Z3AWRJDA3T.jpg"}, "homeCity": "Phoenix, AZ", "lists": {"groups": [{"items": [], "count": 2, "type": "created"}]}}, {"tips": {"count": 0}, "contact": {"facebook": "100000208114278"}, "firstName": "Taft", "gender": "male", "lastName": "Prentice", "id": "2265807", "bio": "", "photo": {"prefix": "https://igx.4sqi.net/img/user/", "suffix": "/IKJ32IQH32M30BMY.jpg"}, "homeCity": "Scottsdale, AZ", "lists": {"groups": [{"items": [], "count": 2, "type": "created"}]}}, {"tips": {"count": 3}, "contact": {"twitter": "jscordatosalon", "facebook": "1247272457"}, "firstName": "jacqueline", "gender": "female", "lastName": "scordato", "id": "2638688", "bio": "", "photo": {"prefix": "https://igx.4sqi.net/img/user/", "suffix": "/UAAF2GF35HBO0SBI.jpg"}, "homeCity": "Tucson, AZ", "lists": {"groups": [{"items": [], "count": 2, "type": "created"}]}}, {"tips": {"count": 1}, "contact": {"twitter": "total_financial", "facebook": "100000561961475"}, "firstName": "TFN", "gender": "male", "id": "2717429", "bio": "", "photo": {"prefix": "https://igx.4sqi.net/img/user/", "suffix": "/RGBIDBYQG5BGDTDM.png"}, "homeCity": "Mesa, AZ", "lists": {"groups": [{"items": [], "count": 2, "type": "created"}]}}], "count": 145}, "checksum": "00c75889ca456dad084423d8c20e1c65b22cabab"}, "meta": {"requestId": "59662d514434b96bca1fd65c", "code": 200}}