{"notifications": [{"type": "notificationTray", "item": {"unreadCount": 0}}], "meta": {"requestId": "5966fdbedd579712e785effa", "code": 200}, "response": {"friends": {"count": 288, "items": [{"id": "508095", "photo": {"prefix": "https://igx.4sqi.net/img/user/", "suffix": "/508095-5UTJXBU2LNVUIFSG.jpg"}, "homeCity": "Kerala, India", "contact": {"facebook": "721611734", "twitter": "vineethjose"}, "firstName": "Vineeth", "tips": {"count": 5}, "gender": "male", "lastName": "Jose", "lists": {"groups": [{"count": 2, "type": "created", "items": []}]}, "bio": "Multimedia Developer | IT geek | Entrepreneur"}, {"id": "1089997", "photo": {"prefix": "https://igx.4sqi.net/img/user/", "suffix": "/02UC3FHKPCMKFXVL.jpg"}, "homeCity": "Chennai, Tamil Nadu", "contact": {"facebook": "626640971", "twitter": "vasanthg"}, "firstName": "Vasanth", "tips": {"count": 259}, "gender": "male", "lastName": "Govind", "lists": {"groups": [{"count": 30, "type": "created", "items": []}]}, "bio": "Random Roamer!\r\nhttp://about.me/vasanthg"}, {"id": "4651134", "photo": {"prefix": "https://igx.4sqi.net/img/user/", "suffix": "/UTULXTYQZMX4QLGE.jpg"}, "homeCity": "Bengaluru, India", "contact": {}, "firstName": "krishnaprasad", "tips": {"count": 0}, "gender": "male", "lastName": "balakrishnan", "lists": {"groups": [{"count": 2, "type": "created", "items": []}]}, "bio": ""}, {"id": "280093", "photo": {"prefix": "https://igx.4sqi.net/img/user/", "suffix": "/280093-BQTVYYQM3HYSHD0A.jpg"}, "homeCity": "Bengaluru, Karnataka", "contact": {"facebook": "609785814", "twitter": "dhempe"}, "firstName": "Hrish Dhempe", "tips": {"count": 51}, "superuser": 2, "gender": "male", "lastName": "Thota", "lists": {"groups": [{"count": 4, "type": "created", "items": []}]}, "bio": "Filmmaker, Traveler, tweep"}, {"id": "415535", "photo": {"prefix": "https://igx.4sqi.net/img/user/", "suffix": "/W2VD1JFGDHR1XZU3.jpg"}, "homeCity": "Chennai, India", "contact": {"facebook": "712327440", "twitter": "krishashok"}, "firstName": "Krish", "tips": {"count": 0}, "gender": "male", "lastName": "Ashok", "lists": {"groups": [{"count": 2, "type": "created", "items": []}]}, "bio": ""}, {"id": "7927369", "photo": {"prefix": "https://igx.4sqi.net/img/user/", "suffix": "/0GXH4TVDWFGHERU5.jpg"}, "homeCity": "Chennai, Tamil Nadu", "contact": {"facebook": "639290251", "twitter": "mojok91"}, "firstName": "Manoj", "tips": {"count": 2}, "gender": "male", "lastName": "Krishnan", "lists": {"groups": [{"count": 2, "type": "created", "items": []}]}, "bio": ""}, {"id": "4268377", "photo": {"prefix": "https://igx.4sqi.net/img/user/", "suffix": "/AY5ZPDFVNJHACCY1.jpg"}, "homeCity": "Mumbai, India", "contact": {"facebook": "741146473", "twitter": "srreram"}, "firstName": "Srreram", "tips": {"count": 1}, "gender": "male", "lastName": "Athray", "lists": {"groups": [{"count": 2, "type": "created", "items": []}]}, "bio": ""}, {"id": "6705647", "photo": {"prefix": "https://igx.4sqi.net/img/user/", "suffix": "/MAVHKUY4OT0ONPBO.jpg"}, "homeCity": "Bengaluru, India", "contact": {"facebook": "731121259"}, "firstName": "Nimisha", "tips": {"count": 3}, "gender": "female", "lastName": "Saha", "lists": {"groups": [{"count": 2, "type": "created", "items": []}]}, "bio": ""}, {"id": "244815", "photo": {"prefix": "https://igx.4sqi.net/img/user/", "suffix": "/244815-TODKKGIQG3NV1YNV.jpg"}, "homeCity": "Bengaluru, Karnataka", "contact": {"facebook": "500952543", "twitter": "bhatnaturally"}, "firstName": "Lakshmipathy", "tips": {"count": 0}, "gender": "male", "lastName": "Bhat", "lists": {"groups": [{"count": 3, "type": "created", "items": []}]}, "bio": ""}, {"id": "5470508", "photo": {"prefix": "https://igx.4sqi.net/img/user/", "suffix": "/CNGOM12EW2DBTNCX.jpg"}, "homeCity": "Thiruvallur, India", "contact": {"facebook": "1548927754"}, "firstName": "Junaid", "tips": {"count": 1}, "gender": "male", "lastName": "Habeeb", "lists": {"groups": [{"count": 2, "type": "created", "items": []}]}, "bio": ""}, {"id": "1802936", "photo": {"prefix": "https://igx.4sqi.net/img/user/", "suffix": "/HVORWE4KGTEPHOLZ.jpg"}, "homeCity": "bangalore", "contact": {"facebook": "10206687085322748", "twitter": "preethamshankar"}, "firstName": "Preetham", "tips": {"count": 8}, "gender": "male", "lastName": "Shankar", "lists": {"groups": [{"count": 2, "type": "created", "items": []}]}, "bio": ""}, {"id": "6694492", "photo": {"prefix": "https://igx.4sqi.net/img/user/", "suffix": "/CGC2QQB5TSLWBQKC.jpg"}, "homeCity": "Kuala Lumpur, Malaysia", "contact": {"facebook": "607937059"}, "firstName": "Shymala", "tips": {"count": 1}, "gender": "female", "lastName": "Ratha", "lists": {"groups": [{"count": 2, "type": "created", "items": []}]}, "bio": ""}, {"id": "1234994", "photo": {"prefix": "https://igx.4sqi.net/img/user/", "suffix": "/AVUAVM51ERJWYDQW.jpg"}, "homeCity": "Mijas, Espa\u00f1a", "contact": {"facebook": "529993563", "twitter": "mirajosemaria"}, "firstName": "Jose Mar\u00eca", "tips": {"count": 11}, "gender": "male", "lastName": "Mira", "lists": {"groups": [{"count": 3, "type": "created", "items": []}]}, "bio": "Relax .."}, {"id": "197236", "photo": {"prefix": "https://igx.4sqi.net/img/user/", "suffix": "/197236-YDIWNWVFD5M1MTDV.jpg"}, "homeCity": "Chennai, Tamil Nadu", "contact": {"facebook": "694991287", "twitter": "far1983"}, "firstName": "Aloysius", "tips": {"count": 13}, "gender": "male", "lastName": "Raj", "lists": {"groups": [{"count": 5, "type": "created", "items": []}]}, "bio": ""}, {"id": "632926", "photo": {"prefix": "https://igx.4sqi.net/img/user/", "suffix": "/QXTZTVZEBMHUSSRQ.jpg"}, "homeCity": "Mumbai, Maharashtra", "contact": {"facebook": "672131956", "twitter": "dharamv"}, "firstName": "Dharam", "tips": {"count": 0}, "gender": "male", "lastName": "Valia", "lists": {"groups": [{"count": 2, "type": "created", "items": []}]}, "bio": ""}, {"id": "94847", "photo": {"prefix": "https://igx.4sqi.net/img/user/", "suffix": "/KGXLEPMDXYT2HQSG.jpg"}, "homeCity": "Chennai, Tamil Nadu", "contact": {"facebook": "533948782", "twitter": "osthamba"}, "firstName": "Balachandar", "tips": {"count": 3}, "gender": "male", "lastName": "Natarajan", "lists": {"groups": [{"count": 2, "type": "created", "items": []}]}, "bio": ""}, {"id": "25902", "photo": {"prefix": "https://igx.4sqi.net/img/user/", "suffix": "/4a6e253bc6c17.jpg"}, "homeCity": "New York, NY", "contact": {"facebook": "559552496", "twitter": "michaelhb"}, "firstName": "MHB", "tips": {"count": 0}, "gender": "male", "lastName": ".", "lists": {"groups": [{"count": 2, "type": "created", "items": []}]}, "bio": ""}, {"id": "147423", "photo": {"prefix": "https://igx.4sqi.net/img/user/", "suffix": "/147423-AK4P03NKDKOQEU3W.jpg"}, "homeCity": "Mumbai, Maharastra", "contact": {}, "firstName": "Santosh", "tips": {"count": 9}, "gender": "male", "lastName": "SB", "lists": {"groups": [{"count": 2, "type": "created", "items": []}]}, "bio": "simple, stubborn, assertive, passionate, webaholic."}, {"id": "1000109", "photo": {"prefix": "https://igx.4sqi.net/img/user/", "suffix": "/1000109_BnPMGDTz_Np_txaLpKy5dFbiAjaUPu00cc54pIv4RhoOwiecroNMe0vFaYhl7owFmu1NrQVHJ.jpg"}, "homeCity": "Mumbai, India", "contact": {"facebook": "10154161413581746", "twitter": "kapilb"}, "firstName": "Kapil", "tips": {"count": 27}, "gender": "male", "lists": {"groups": [{"count": 2, "type": "created", "items": []}]}, "bio": "About.me/kapilb"}, {"id": "223684", "photo": {"prefix": "https://igx.4sqi.net/img/user/", "suffix": "/HHJEOS4OWX3XUWAB.jpg"}, "homeCity": "Chennai, India", "contact": {"facebook": "699280075", "twitter": "ideasmaverick"}, "firstName": "Preetham", "tips": {"count": 39}, "superuser": 2, "gender": "male", "lastName": "Venkky", "lists": {"groups": [{"count": 2, "type": "created", "items": []}]}, "bio": ""}, {"id": "1125381", "photo": {"prefix": "https://igx.4sqi.net/img/user/", "default": true, "suffix": "/blank_boy.png"}, "homeCity": "Chennai, India", "contact": {}, "firstName": "hari", "tips": {"count": 1}, "gender": "male", "lastName": "ganesh", "lists": {"groups": [{"count": 2, "type": "created", "items": []}]}, "bio": ""}, {"id": "564916", "photo": {"prefix": "https://igx.4sqi.net/img/user/", "suffix": "/MCRFQOT4O3SQ0LEP.jpg"}, "homeCity": "Milford, CT", "contact": {"facebook": "535901470", "twitter": "zinkwazi"}, "firstName": "Kevin", "tips": {"count": 13}, "gender": "male", "lastName": "Swanepoel", "lists": {"groups": [{"count": 10, "type": "created", "items": []}]}, "bio": ""}, {"id": "1363452", "photo": {"prefix": "https://igx.4sqi.net/img/user/", "suffix": "/TZMKB2WZZRJRRFR0.jpg"}, "homeCity": "Chennai", "contact": {"facebook": "905790330", "twitter": "susheel_c"}, "firstName": "Susheel", "tips": {"count": 6}, "gender": "male", "lastName": "Chandradhas", "lists": {"groups": [{"count": 3, "type": "created", "items": []}]}, "bio": ""}, {"id": "6237272", "photo": {"prefix": "https://igx.4sqi.net/img/user/", "suffix": "/KTDGMWYMFNSRF5WU.jpg"}, "homeCity": "Coimbatore, India", "contact": {"twitter": "email2kiru"}, "firstName": "Kiruba", "tips": {"count": 0}, "gender": "male", "lastName": "Kar", "lists": {"groups": [{"count": 2, "type": "created", "items": []}]}, "bio": ""}, {"id": "1198665", "photo": {"prefix": "https://igx.4sqi.net/img/user/", "suffix": "/4MOEANU3T2FZ3ESU.jpg"}, "homeCity": "Chennai, Tamil Nadu", "contact": {"facebook": "705327451", "twitter": "sudhamshu"}, "firstName": "Sudhamshu", "tips": {"count": 0}, "gender": "male", "lastName": "Hebbar", "lists": {"groups": [{"count": 2, "type": "created", "items": []}]}, "bio": ""}, {"id": "422941", "photo": {"prefix": "https://igx.4sqi.net/img/user/", "suffix": "/422941-PPT20SRXCFM2OE0Z.jpg"}, "homeCity": "Mumbai", "contact": {"facebook": "223705356", "twitter": "pmenonb"}, "firstName": "Bala", "tips": {"count": 17}, "gender": "male", "lastName": "Menon", "lists": {"groups": [{"count": 7, "type": "created", "items": []}]}, "bio": "Authentic. Hippie-hearted. Product guy."}, {"id": "7958783", "photo": {"prefix": "https://igx.4sqi.net/img/user/", "default": true, "suffix": "/blank_boy.png"}, "homeCity": "Chennai, India", "contact": {}, "firstName": "Kapil", "tips": {"count": 0}, "gender": "male", "lastName": "Ranka", "lists": {"groups": [{"count": 2, "type": "created", "items": []}]}, "bio": ""}, {"id": "6571308", "photo": {"prefix": "https://igx.4sqi.net/img/user/", "suffix": "/INEKNK40KN1TP1XM.jpg"}, "homeCity": "Chennai, India", "contact": {}, "firstName": "Sreekumar", "tips": {"count": 2}, "gender": "male", "lastName": "Nair", "lists": {"groups": [{"count": 2, "type": "created", "items": []}]}, "bio": ""}, {"id": "1439808", "photo": {"prefix": "https://igx.4sqi.net/img/user/", "suffix": "/AVXOKPCGVOSM0LIX.jpg"}, "homeCity": "Chennai, Tamil Nadu", "contact": {"facebook": "578410559", "twitter": "nishantrastogik"}, "firstName": "nishant", "tips": {"count": 1}, "gender": "male", "lastName": "rastogi", "lists": {"groups": [{"count": 2, "type": "created", "items": []}]}, "bio": ""}, {"id": "6001292", "photo": {"prefix": "https://igx.4sqi.net/img/user/", "suffix": "/U0YUKNVIMTFHTQZY.jpg"}, "homeCity": "Chennai, India", "contact": {"facebook": "702500814", "twitter": "sajan14"}, "firstName": "Sajan", "tips": {"count": 27}, "gender": "male", "lastName": "Prathap Singh", "lists": {"groups": [{"count": 3, "type": "created", "items": []}]}, "bio": ""}, {"id": "1996043", "photo": {"prefix": "https://igx.4sqi.net/img/user/", "suffix": "/4DHVWRCYX24KWLMV.jpg"}, "homeCity": "Bangalore, India", "contact": {"facebook": "727283055", "twitter": "rohithn"}, "firstName": "Rohith", "tips": {"count": 10}, "gender": "male", "lastName": "Nandakumar", "lists": {"groups": [{"count": 2, "type": "created", "items": []}]}, "bio": ""}, {"id": "2934930", "photo": {"prefix": "https://igx.4sqi.net/img/user/", "suffix": "/TM514JXY0I4L313H.jpg"}, "homeCity": "Chennai, India", "contact": {}, "firstName": "manivasagam", "tips": {"count": 6}, "gender": "male", "lastName": "manikandan", "lists": {"groups": [{"count": 3, "type": "created", "items": []}]}, "bio": ""}, {"id": "297551", "photo": {"prefix": "https://igx.4sqi.net/img/user/", "suffix": "/297551-BU3UINT0SX211DYZ.jpg"}, "homeCity": "Worldwide", "contact": {"facebook": "517837685", "twitter": "dheirajkapoor"}, "firstName": "Dheiraj", "tips": {"count": 0}, "gender": "male", "lastName": "Kapoor", "lists": {"groups": [{"count": 2, "type": "created", "items": []}]}, "bio": "Official Dheiraj Kapoor\r\n(Humanist, Global Citizen, Yogi, Entrepreneur, Startup, Brand Marketer, Actor, Director & Producer)\r\nhttp://www.dheirajkapoor.com"}, {"id": "747084", "photo": {"prefix": "https://igx.4sqi.net/img/user/", "suffix": "/1020LU2SAK0ZMLON.jpg"}, "homeCity": "Singapore", "contact": {"facebook": "10152533937586174", "twitter": "jamshedwadia"}, "firstName": "Jamshed", "tips": {"count": 20}, "gender": "male", "lastName": "Wadia", "lists": {"groups": [{"count": 2, "type": "created", "items": []}]}, "bio": "Head of Social Media @Intel Asia Pacific, Passionate about stories, Egalitarian, God Chaser, BTW you can call me Jam :)"}, {"id": "379343", "photo": {"prefix": "https://igx.4sqi.net/img/user/", "suffix": "/FDXO3Z0BUPXXK4D3.jpg"}, "homeCity": "Mumbai, India", "contact": {"twitter": "gyaanzz"}, "firstName": "Anita", "tips": {"count": 5}, "gender": "female", "lastName": "Varma", "lists": {"groups": [{"count": 2, "type": "created", "items": []}]}, "bio": ""}, {"id": "51638", "photo": {"prefix": "https://igx.4sqi.net/img/user/", "suffix": "/51638-BKD1QON3K4UQKEYS.jpg"}, "homeCity": "Bangalore", "contact": {"facebook": "10152824781395248", "twitter": "karthikc"}, "firstName": "Karthik", "tips": {"count": 7}, "gender": "male", "lastName": "Chandrasekariah", "lists": {"groups": [{"count": 3, "type": "created", "items": []}]}, "bio": ""}, {"id": "153690", "photo": {"prefix": "https://igx.4sqi.net/img/user/", "suffix": "/153690-LG4BKBO4RIFKL4U2.jpg"}, "homeCity": "Chennai, Tamil nadu", "contact": {"facebook": "804977415"}, "firstName": "Shanmuga", "tips": {"count": 28}, "gender": "male", "lastName": "Raja", "lists": {"groups": [{"count": 3, "type": "created", "items": []}]}, "bio": ""}, {"id": "1009009", "photo": {"prefix": "https://igx.4sqi.net/img/user/", "suffix": "/SDIHXPSVOP0R350E.jpg"}, "homeCity": "Chennai, India", "contact": {"facebook": "513802844"}, "firstName": "Kiruba", "tips": {"count": 1}, "gender": "male", "lastName": "Shankar", "lists": {"groups": [{"count": 2, "type": "created", "items": []}]}, "bio": ""}, {"id": "4038250", "photo": {"prefix": "https://igx.4sqi.net/img/user/", "suffix": "/MMHNHZPKD1G4WOUQ.jpg"}, "homeCity": "Chennai, India", "contact": {}, "firstName": "sarath", "tips": {"count": 0}, "gender": "male", "lastName": "kumar", "lists": {"groups": [{"count": 2, "type": "created", "items": []}]}, "bio": ""}, {"id": "1303608", "photo": {"prefix": "https://igx.4sqi.net/img/user/", "suffix": "/VQWRUPQM3KJL42BL.jpg"}, "homeCity": "Chennai, Tamil Nadu", "contact": {"facebook": "94800003", "twitter": "gautami"}, "firstName": "Gautami", "tips": {"count": 3}, "gender": "female", "lastName": "Ramachandhran", "lists": {"groups": [{"count": 2, "type": "created", "items": []}]}, "bio": ""}, {"id": "4969790", "photo": {"prefix": "https://igx.4sqi.net/img/user/", "suffix": "/HEG0IBEDAI2WTCBT.jpg"}, "homeCity": "Mumbai, India", "contact": {"facebook": "556241952", "twitter": "debupurkayastha"}, "firstName": "debu", "tips": {"count": 38}, "gender": "male", "lastName": "purkayastha", "lists": {"groups": [{"count": 2, "type": "created", "items": []}]}, "bio": ""}, {"id": "10931264", "photo": {"prefix": "https://igx.4sqi.net/img/user/", "suffix": "/2PKKQ02FENKCIG2J.jpg"}, "homeCity": "Chennai, India", "contact": {"twitter": "mrsyntax"}, "firstName": "abdullah", "tips": {"count": 0}, "gender": "male", "lastName": "sak", "lists": {"groups": [{"count": 2, "type": "created", "items": []}]}, "bio": ""}, {"id": "7135036", "photo": {"prefix": "https://igx.4sqi.net/img/user/", "suffix": "/OVFKD4Q0YJ14U0J2.jpg"}, "homeCity": "Bangalore", "contact": {}, "firstName": "Vinay", "tips": {"count": 1}, "gender": "male", "lastName": "D.V", "lists": {"groups": [{"count": 2, "type": "created", "items": []}]}, "bio": ""}, {"id": "7970368", "photo": {"prefix": "https://igx.4sqi.net/img/user/", "suffix": "/2FURYXQA0HWGZK2V.jpg"}, "homeCity": "Mumbai, India", "contact": {"facebook": "504343451"}, "firstName": "Khyati", "tips": {"count": 0}, "gender": "female", "lastName": "S", "lists": {"groups": [{"count": 2, "type": "created", "items": []}]}, "bio": ""}, {"id": "11008143", "photo": {"prefix": "https://igx.4sqi.net/img/user/", "suffix": "/G2ZJZFYLUAWXGBIH.jpg"}, "homeCity": "Bengaluru, India", "contact": {"facebook": "517812720", "twitter": "swaroopkanchi"}, "firstName": "Swaroop", "tips": {"count": 1}, "gender": "male", "lastName": "Kanchi", "lists": {"groups": [{"count": 2, "type": "created", "items": []}]}, "bio": ""}, {"id": "2284557", "photo": {"prefix": "https://igx.4sqi.net/img/user/", "suffix": "/AS4Z5JLUYLQVGYRK.jpg"}, "homeCity": "Chennai, India", "contact": {"facebook": "742105611", "twitter": "kunaldaswani"}, "firstName": "Kunal", "tips": {"count": 0}, "gender": "male", "lastName": "Daswani", "lists": {"groups": [{"count": 2, "type": "created", "items": []}]}, "bio": ""}, {"id": "2935227", "photo": {"prefix": "https://igx.4sqi.net/img/user/", "suffix": "/X1IBIGDHJA0XEU0N.jpg"}, "homeCity": "Chennai, India", "contact": {}, "firstName": "vadivelan", "tips": {"count": 0}, "gender": "male", "lastName": "vadivelan", "lists": {"groups": [{"count": 2, "type": "created", "items": []}]}, "bio": ""}, {"id": "307520", "photo": {"prefix": "https://igx.4sqi.net/img/user/", "suffix": "/WM5YGFPLWMCSHT0O.jpg"}, "homeCity": "Santiago, Chile", "contact": {"facebook": "10205254739544598", "twitter": "kbsun"}, "firstName": "Javier", "tips": {"count": 12}, "gender": "male", "lastName": "Z\u00e1rate", "lists": {"groups": [{"count": 4, "type": "created", "items": []}]}, "bio": ""}, {"id": "759299", "photo": {"prefix": "https://igx.4sqi.net/img/user/", "suffix": "/PWQZOPSHJ3NFJPFA.jpg"}, "homeCity": "London, Ontario, Canada", "contact": {"facebook": "504331431", "twitter": "iraszl"}, "firstName": "Ivan", "tips": {"count": 13}, "gender": "male", "lastName": "Raszl", "lists": {"groups": [{"count": 2, "type": "created", "items": []}]}, "bio": "Business Consultant"}, {"id": "631002", "photo": {"prefix": "https://igx.4sqi.net/img/user/", "suffix": "/43PFTWC2JPRC2EQF.jpg"}, "homeCity": "Mumbai, Maharashtra", "contact": {"facebook": "530750494", "twitter": "rodinhood"}, "firstName": "Alok", "tips": {"count": 1}, "gender": "male", "lastName": "Kejriwal", "lists": {"groups": [{"count": 2, "type": "created", "items": []}]}, "bio": "Entreprenuer"}, {"id": "116069", "photo": {"prefix": "https://igx.4sqi.net/img/user/", "suffix": "/116069_1258914996625.jpg"}, "homeCity": "Mumbai, India", "contact": {"twitter": "maheshmurthy"}, "firstName": "Mahesh", "tips": {"count": 5}, "gender": "male", "lastName": "Murthy", "lists": {"groups": [{"count": 2, "type": "created", "items": []}]}, "bio": "Brand builder @Pinstorm Company builder @Seedfund Occasional columnist and avid traveler"}, {"id": "10649611", "photo": {"prefix": "https://igx.4sqi.net/img/user/", "suffix": "/04YZLVUUVWPHSO05.jpg"}, "homeCity": "Chennai, India", "contact": {"facebook": "727816290", "twitter": "shutterdragon"}, "firstName": "Prathap", "tips": {"count": 0}, "gender": "male", "lastName": "RaviShankar", "lists": {"groups": [{"count": 2, "type": "created", "items": []}]}, "bio": ""}, {"id": "1009989", "photo": {"prefix": "https://igx.4sqi.net/img/user/", "suffix": "/0MJKWRX0NCCUB2QQ.jpg"}, "homeCity": "Chennai, India", "contact": {"facebook": "716941469", "twitter": "sandeepvarma"}, "firstName": "sandeep", "tips": {"count": 0}, "gender": "male", "lastName": "varma", "lists": {"groups": [{"count": 2, "type": "created", "items": []}]}, "bio": ""}, {"id": "4137595", "photo": {"prefix": "https://igx.4sqi.net/img/user/", "suffix": "/ALLIEUKYWPROOAG3.jpg"}, "homeCity": "Mumbai, India", "contact": {"facebook": "674872131"}, "firstName": "Neha", "tips": {"count": 0}, "gender": "female", "lastName": "Kulkarni", "lists": {"groups": [{"count": 2, "type": "created", "items": []}]}, "bio": ""}, {"id": "4971636", "photo": {"prefix": "https://igx.4sqi.net/img/user/", "suffix": "/J5AGHIRCFSKVHV1E.jpg"}, "homeCity": "Chennai, India", "contact": {"facebook": "632471494"}, "firstName": "Siva", "tips": {"count": 0}, "gender": "male", "lastName": "Nesan", "lists": {"groups": [{"count": 2, "type": "created", "items": []}]}, "bio": ""}, {"id": "7840945", "photo": {"prefix": "https://igx.4sqi.net/img/user/", "suffix": "/EEU5RYWQU13ZUT3Q.jpg"}, "homeCity": "India", "contact": {"facebook": "100002376678486", "twitter": "stvn52594"}, "firstName": "Stephen", "tips": {"count": 0}, "gender": "female", "lastName": "Sajja", "lists": {"groups": [{"count": 2, "type": "created", "items": []}]}, "bio": ""}, {"id": "12076549", "photo": {"prefix": "https://igx.4sqi.net/img/user/", "suffix": "/-1CDK5C4UZQZGKIN5.jpg"}, "homeCity": "Bangalore, India", "contact": {}, "firstName": "phalgun", "tips": {"count": 0}, "gender": "male", "lastName": "guduthur", "lists": {"groups": [{"count": 2, "type": "created", "items": []}]}, "bio": ""}, {"id": "2775725", "photo": {"prefix": "https://igx.4sqi.net/img/user/", "default": true, "suffix": "/blank_boy.png"}, "homeCity": "Jersey City, NJ", "contact": {}, "firstName": "Bharadwaj", "tips": {"count": 0}, "gender": "male", "lastName": "Subramanian", "lists": {"groups": [{"count": 2, "type": "created", "items": []}]}, "bio": ""}, {"id": "4058473", "photo": {"prefix": "https://igx.4sqi.net/img/user/", "suffix": "/ABMEQUOR45PEALR4.jpg"}, "homeCity": "Mumbai, India", "contact": {"facebook": "10156291096800541", "twitter": "nandananair"}, "firstName": "Nandana", "tips": {"count": 25}, "gender": "female", "lastName": "Nair", "lists": {"groups": [{"count": 2, "type": "created", "items": []}]}, "bio": "Devours books. TV nerd. Gets mesmerized with rough seas and suffers from wanderlust. It's contagious, deal with it."}, {"id": "3475318", "photo": {"prefix": "https://igx.4sqi.net/img/user/", "suffix": "/5MURHI3XFJ0HWURJ.jpg"}, "homeCity": "Delhi, India", "contact": {}, "firstName": "Nitin", "tips": {"count": 2}, "gender": "male", "lastName": "Mahesh", "lists": {"groups": [{"count": 2, "type": "created", "items": []}]}, "bio": ""}, {"id": "1695205", "photo": {"prefix": "https://igx.4sqi.net/img/user/", "default": true, "suffix": "/blank_girl.png"}, "homeCity": "New Delhi, Delhi", "contact": {}, "firstName": "amita", "tips": {"count": 0}, "gender": "female", "lastName": "malhotra", "lists": {"groups": [{"count": 2, "type": "created", "items": []}]}, "bio": ""}, {"id": "130230", "photo": {"prefix": "https://igx.4sqi.net/img/user/", "suffix": "/4UIATX0WG3SD1Z2P.png"}, "homeCity": "Toronto, Canada", "contact": {"twitter": "dertmobile"}, "firstName": "Andrew", "tips": {"count": 0}, "gender": "male", "lastName": "Dertinger", "lists": {"groups": [{"count": 2, "type": "created", "items": []}]}, "bio": ""}, {"id": "1294975", "photo": {"prefix": "https://igx.4sqi.net/img/user/", "default": true, "suffix": "/blank_boy.png"}, "homeCity": "Chennai, India", "contact": {}, "firstName": "Prashanth", "tips": {"count": 1}, "gender": "male", "lastName": "Krishnaswami", "lists": {"groups": [{"count": 2, "type": "created", "items": []}]}, "bio": ""}, {"id": "4752268", "photo": {"prefix": "https://igx.4sqi.net/img/user/", "suffix": "/CFYVRB24CJ4CIO13.jpg"}, "homeCity": "Mumbai, India", "contact": {"facebook": "600762208", "twitter": "ifictitious"}, "firstName": "Apoorva", "tips": {"count": 30}, "gender": "male", "lastName": "Dixit", "lists": {"groups": [{"count": 2, "type": "created", "items": []}]}, "bio": ""}, {"id": "9371916", "photo": {"prefix": "https://igx.4sqi.net/img/user/", "suffix": "/S3JWKVDG1RXSQWKH.jpg"}, "homeCity": "Bengaluru, India", "contact": {}, "firstName": "Sharatchandra", "tips": {"count": 0}, "gender": "male", "lastName": "Aithal", "lists": {"groups": [{"count": 2, "type": "created", "items": []}]}, "bio": ""}, {"id": "11884541", "photo": {"prefix": "https://igx.4sqi.net/img/user/", "suffix": "/2IQOP5N51JC4S52V.jpg"}, "homeCity": "Chennai, India", "contact": {"facebook": "731485735"}, "firstName": "Gautham", "tips": {"count": 0}, "gender": "male", "lastName": "GangaDharan", "lists": {"groups": [{"count": 2, "type": "created", "items": []}]}, "bio": ""}, {"id": "2806844", "photo": {"prefix": "https://igx.4sqi.net/img/user/", "suffix": "/F15XGEPKCEHQDHQG.jpg"}, "homeCity": "Gurgaon, India", "contact": {"twitter": "thesatbir"}, "firstName": "Satbir", "tips": {"count": 4}, "gender": "male", "lastName": "Singh", "lists": {"groups": [{"count": 2, "type": "created", "items": []}]}, "bio": ""}, {"id": "8460457", "photo": {"prefix": "https://igx.4sqi.net/img/user/", "suffix": "/VKOPKCWY53PM2QOJ.jpg"}, "homeCity": "Chennai, India", "contact": {}, "firstName": "Frederick", "tips": {"count": 0}, "gender": "male", "lastName": "Xavier", "lists": {"groups": [{"count": 2, "type": "created", "items": []}]}, "bio": ""}, {"id": "146480", "photo": {"prefix": "https://igx.4sqi.net/img/user/", "suffix": "/DMU5OLRA34CMIZH2.jpg"}, "homeCity": "Himachal Pradesh", "contact": {"facebook": "611849562", "twitter": "rohanbabu"}, "firstName": "Rohan", "tips": {"count": 11}, "gender": "male", "lastName": "Babu", "lists": {"groups": [{"count": 2, "type": "created", "items": []}]}, "bio": ""}, {"id": "1320893", "photo": {"prefix": "https://igx.4sqi.net/img/user/", "suffix": "/DKLGSVQ51PRYBSSD.png"}, "homeCity": "Bengaluru, Karnataka", "contact": {}, "firstName": "Shrinidhi", "tips": {"count": 4}, "gender": "male", "lastName": "Hande", "lists": {"groups": [{"count": 2, "type": "created", "items": []}]}, "bio": ""}, {"id": "6047988", "photo": {"prefix": "https://igx.4sqi.net/img/user/", "suffix": "/Q1HFGDSYYVJJGI4Y.jpg"}, "homeCity": "Chennai, India", "contact": {}, "firstName": "Roshan", "tips": {"count": 0}, "gender": "male", "lastName": "V", "lists": {"groups": [{"count": 2, "type": "created", "items": []}]}, "bio": ""}, {"id": "9777351", "photo": {"prefix": "https://igx.4sqi.net/img/user/", "suffix": "/GUNUGRE5THNHEJC0.jpg"}, "homeCity": "Dubai, United Arab Emirates", "contact": {"facebook": "731051134", "twitter": "sameerketkar"}, "firstName": "Sameer", "tips": {"count": 49}, "gender": "male", "lastName": "Ketkar", "lists": {"groups": [{"count": 2, "type": "created", "items": []}]}, "bio": ""}, {"id": "666671", "photo": {"prefix": "https://igx.4sqi.net/img/user/", "suffix": "/P513WOJUVQSSMKB5.png"}, "homeCity": "New Delhi", "contact": {"facebook": "649904032", "twitter": "joedelhi"}, "firstName": "ajay", "tips": {"count": 165}, "gender": "male", "lastName": "joshi", "lists": {"groups": [{"count": 2, "type": "created", "items": []}]}, "bio": ""}, {"id": "1321114", "photo": {"prefix": "https://igx.4sqi.net/img/user/", "suffix": "/EYXQOBB3RA0IGA1D.jpg"}, "homeCity": "Bangalore, India", "contact": {"facebook": "672227254", "twitter": "arunchaxx"}, "firstName": "arun chakkravarthy", "tips": {"count": 0}, "gender": "male", "lastName": "guptha", "lists": {"groups": [{"count": 2, "type": "created", "items": []}]}, "bio": ""}, {"id": "6419686", "photo": {"prefix": "https://igx.4sqi.net/img/user/", "suffix": "/6419686-MTFIPOLMDW24XBES.jpg"}, "homeCity": "Sydney, NSW, Australia", "contact": {}, "firstName": "Freddie", "tips": {"count": 29}, "gender": "male", "lists": {"groups": [{"count": 3, "type": "created", "items": []}]}, "bio": ""}, {"id": "668597", "photo": {"prefix": "https://igx.4sqi.net/img/user/", "suffix": "/HKFRDAYULNPZFFHL.jpg"}, "homeCity": "Mumbai, India", "contact": {"twitter": "wanderblah"}, "firstName": "Shirley", "tips": {"count": 16}, "gender": "female", "lastName": "D/ wanderblah", "lists": {"groups": [{"count": 2, "type": "created", "items": []}]}, "bio": ""}, {"id": "1535580", "photo": {"prefix": "https://igx.4sqi.net/img/user/", "suffix": "/Y3ZHDPQT5OBZ3AON.jpg"}, "homeCity": "Tai Hang, Hong Kong", "contact": {"facebook": "518421269"}, "firstName": "Alvin", "tips": {"count": 2}, "gender": "male", "lastName": "Lim", "lists": {"groups": [{"count": 2, "type": "created", "items": []}]}, "bio": ""}, {"id": "6494140", "photo": {"prefix": "https://igx.4sqi.net/img/user/", "suffix": "/3CYYZS4UGHPRM52C.jpg"}, "homeCity": "Chennai, India", "contact": {"facebook": "586531372", "twitter": "devarya"}, "firstName": "Devanshu", "tips": {"count": 222}, "gender": "male", "lastName": "Arya", "lists": {"groups": [{"count": 2, "type": "created", "items": []}]}, "bio": ""}, {"id": "1735058", "photo": {"prefix": "https://igx.4sqi.net/img/user/", "suffix": "/1735058-0KA1KI512WQG3JWJ.jpg"}, "homeCity": "Chennai, Tamil Nadu", "contact": {"facebook": "535708189", "twitter": "sharmatweeting"}, "firstName": "Rahul", "tips": {"count": 4}, "gender": "male", "lastName": "Sharma", "lists": {"groups": [{"count": 2, "type": "created", "items": []}]}, "bio": ""}, {"id": "1648673", "photo": {"prefix": "https://igx.4sqi.net/img/user/", "suffix": "/1648673-BEEP1JPLI0ASC0CI.jpg"}, "homeCity": "Chennai, Tamil Nadu", "contact": {}, "firstName": "Bala", "tips": {"count": 3}, "gender": "male", "lastName": "SN", "lists": {"groups": [{"count": 2, "type": "created", "items": []}]}, "bio": ""}, {"id": "8772205", "photo": {"prefix": "https://igx.4sqi.net/img/user/", "suffix": "/WISMPV4VGLTEXDGU.jpg"}, "homeCity": "Chennai, India", "contact": {}, "firstName": "Krishnan", "tips": {"count": 0}, "gender": "male", "lastName": "Jayaraj", "lists": {"groups": [{"count": 2, "type": "created", "items": []}]}, "bio": ""}, {"id": "3099935", "photo": {"prefix": "https://igx.4sqi.net/img/user/", "suffix": "/TM4IQNHHYZNY3T0Q.jpg"}, "homeCity": "Chennai, India", "contact": {"twitter": "msnarain"}, "firstName": "Sathyanarain", "tips": {"count": 2}, "gender": "male", "lastName": "Muralidharan", "lists": {"groups": [{"count": 2, "type": "created", "items": []}]}, "bio": ""}, {"id": "3372579", "photo": {"prefix": "https://igx.4sqi.net/img/user/", "suffix": "/0QMYXAUURYOXJJ1D.jpg"}, "homeCity": "Bombay, India", "contact": {"facebook": "654432246"}, "firstName": "Arnab", "tips": {"count": 1}, "gender": "male", "lastName": "Biswas", "lists": {"groups": [{"count": 2, "type": "created", "items": []}]}, "bio": ""}, {"id": "3619044", "photo": {"prefix": "https://igx.4sqi.net/img/user/", "suffix": "/4SUPFN5J5KF1WAJO.png"}, "homeCity": "Bangalore, India", "contact": {"facebook": "1563002446", "twitter": "kingfisherworld"}, "firstName": "Kingfisher", "tips": {"count": 0}, "gender": "none", "lastName": "World", "lists": {"groups": [{"count": 2, "type": "created", "items": []}]}, "bio": ""}, {"id": "3996490", "photo": {"prefix": "https://igx.4sqi.net/img/user/", "default": true, "suffix": "/blank_boy.png"}, "homeCity": "Chennai, India", "contact": {}, "firstName": "syed", "tips": {"count": 0}, "gender": "male", "lastName": "muheeb", "lists": {"groups": [{"count": 2, "type": "created", "items": []}]}, "bio": ""}, {"id": "4116274", "photo": {"prefix": "https://igx.4sqi.net/img/user/", "default": true, "suffix": "/blank_boy.png"}, "homeCity": "Bengaluru, India", "contact": {"facebook": "603033524"}, "firstName": "adarsh", "tips": {"count": 0}, "gender": "male", "lastName": "hegde", "lists": {"groups": [{"count": 2, "type": "created", "items": []}]}, "bio": ""}, {"id": "6127186", "photo": {"prefix": "https://igx.4sqi.net/img/user/", "suffix": "/WR4I00W3NOM3CUGN.jpg"}, "homeCity": "Chennai, India", "contact": {"facebook": "800710625"}, "firstName": "Terese", "tips": {"count": 1}, "gender": "female", "lastName": "Devasahayam", "lists": {"groups": [{"count": 2, "type": "created", "items": []}]}, "bio": ""}, {"id": "10911490", "photo": {"prefix": "https://igx.4sqi.net/img/user/", "suffix": "/10911490-SSAQHX2YTU5NTHWI.jpg"}, "homeCity": "SF", "contact": {"facebook": "588155885", "twitter": "vaish"}, "firstName": "Vaishnavi", "tips": {"count": 23}, "gender": "female", "lastName": "Srinivasan", "lists": {"groups": [{"count": 4, "type": "created", "items": []}]}, "bio": ""}]}, "checksum": "a5f12703d9cc6818298fe7763a4b71b2402c4e94"}}