{"notifications": [{"type": "notificationTray", "item": {"unreadCount": 0}}], "meta": {"requestId": "5966fdbe6a607115d08647f4", "code": 200}, "response": {"friends": {"count": 288, "items": [{"id": "508095", "photo": {"prefix": "https://igx.4sqi.net/img/user/", "suffix": "/508095-5UTJXBU2LNVUIFSG.jpg"}, "homeCity": "Kerala, India", "contact": {"facebook": "721611734", "twitter": "vineethjose"}, "firstName": "Vineeth", "tips": {"count": 5}, "gender": "male", "lastName": "Jose", "lists": {"groups": [{"count": 2, "type": "created", "items": []}]}, "bio": "Multimedia Developer | IT geek | Entrepreneur"}, {"id": "1089997", "photo": {"prefix": "https://igx.4sqi.net/img/user/", "suffix": "/02UC3FHKPCMKFXVL.jpg"}, "homeCity": "Chennai, Tamil Nadu", "contact": {"facebook": "626640971", "twitter": "vasanthg"}, "firstName": "Vasanth", "tips": {"count": 259}, "gender": "male", "lastName": "Govind", "lists": {"groups": [{"count": 30, "type": "created", "items": []}]}, "bio": "Random Roamer!\r\nhttp://about.me/vasanthg"}, {"id": "28740951", "photo": {"prefix": "https://igx.4sqi.net/img/user/", "default": true, "suffix": "/blank_girl.png"}, "homeCity": "chennai", "contact": {}, "firstName": "prashanti", "tips": {"count": 0}, "gender": "female", "lastName": "ganesh", "lists": {"groups": [{"count": 2, "type": "created", "items": []}]}, "bio": ""}, {"id": "4546721", "photo": {"prefix": "https://igx.4sqi.net/img/user/", "suffix": "/T4EJLGYFUVSIEQUP.jpg"}, "homeCity": "Bengaluru, India", "contact": {"facebook": "100002337272425", "twitter": "saikirankannan"}, "firstName": "saikiran", "tips": {"count": 0}, "gender": "male", "lastName": "kannan", "lists": {"groups": [{"count": 2, "type": "created", "items": []}]}, "bio": ""}, {"id": "280093", "photo": {"prefix": "https://igx.4sqi.net/img/user/", "suffix": "/280093-BQTVYYQM3HYSHD0A.jpg"}, "homeCity": "Bengaluru, Karnataka", "contact": {"facebook": "609785814", "twitter": "dhempe"}, "firstName": "Hrish Dhempe", "tips": {"count": 51}, "superuser": 2, "gender": "male", "lastName": "Thota", "lists": {"groups": [{"count": 4, "type": "created", "items": []}]}, "bio": "Filmmaker, Traveler, tweep"}, {"id": "415535", "photo": {"prefix": "https://igx.4sqi.net/img/user/", "suffix": "/W2VD1JFGDHR1XZU3.jpg"}, "homeCity": "Chennai, India", "contact": {"facebook": "712327440", "twitter": "krishashok"}, "firstName": "Krish", "tips": {"count": 0}, "gender": "male", "lastName": "Ashok", "lists": {"groups": [{"count": 2, "type": "created", "items": []}]}, "bio": ""}, {"id": "367800", "photo": {"prefix": "https://igx.4sqi.net/img/user/", "suffix": "/367800-M5HEETYJYMVLXDIE.jpg"}, "homeCity": "Hyderabad", "contact": {"facebook": "100000993712323", "twitter": "bassyc"}, "firstName": "Bastab", "tips": {"count": 26}, "gender": "male", "lastName": "C", "lists": {"groups": [{"count": 4, "type": "created", "items": []}]}, "bio": "Geek, bibliophile. Has a day job. Turns to batman at night. Wears cowboy hats. Coffee addict. Thumb fighting ninja."}, {"id": "4255023", "photo": {"prefix": "https://igx.4sqi.net/img/user/", "suffix": "/RS0D1USLP10IUA0Q.jpg"}, "homeCity": "Chennai", "contact": {"facebook": "100000175330540", "twitter": "ashvinashvita"}, "firstName": "Ashvita", "tips": {"count": 3}, "gender": "male", "lastName": "Fine Living", "lists": {"groups": [{"count": 2, "type": "created", "items": []}]}, "bio": ""}, {"id": "4268377", "photo": {"prefix": "https://igx.4sqi.net/img/user/", "suffix": "/AY5ZPDFVNJHACCY1.jpg"}, "homeCity": "Mumbai, India", "contact": {"facebook": "741146473", "twitter": "srreram"}, "firstName": "Srreram", "tips": {"count": 1}, "gender": "male", "lastName": "Athray", "lists": {"groups": [{"count": 2, "type": "created", "items": []}]}, "bio": ""}, {"id": "6705647", "photo": {"prefix": "https://igx.4sqi.net/img/user/", "suffix": "/MAVHKUY4OT0ONPBO.jpg"}, "homeCity": "Bengaluru, India", "contact": {"facebook": "731121259"}, "firstName": "Nimisha", "tips": {"count": 3}, "gender": "female", "lastName": "Saha", "lists": {"groups": [{"count": 2, "type": "created", "items": []}]}, "bio": ""}, {"id": "244815", "photo": {"prefix": "https://igx.4sqi.net/img/user/", "suffix": "/244815-TODKKGIQG3NV1YNV.jpg"}, "homeCity": "Bengaluru, Karnataka", "contact": {"facebook": "500952543", "twitter": "bhatnaturally"}, "firstName": "Lakshmipathy", "tips": {"count": 0}, "gender": "male", "lastName": "Bhat", "lists": {"groups": [{"count": 3, "type": "created", "items": []}]}, "bio": ""}, {"id": "5470508", "photo": {"prefix": "https://igx.4sqi.net/img/user/", "suffix": "/CNGOM12EW2DBTNCX.jpg"}, "homeCity": "Thiruvallur, India", "contact": {"facebook": "1548927754"}, "firstName": "Junaid", "tips": {"count": 1}, "gender": "male", "lastName": "Habeeb", "lists": {"groups": [{"count": 2, "type": "created", "items": []}]}, "bio": ""}, {"id": "1802936", "photo": {"prefix": "https://igx.4sqi.net/img/user/", "suffix": "/HVORWE4KGTEPHOLZ.jpg"}, "homeCity": "bangalore", "contact": {"facebook": "10206687085322748", "twitter": "preethamshankar"}, "firstName": "Preetham", "tips": {"count": 8}, "gender": "male", "lastName": "Shankar", "lists": {"groups": [{"count": 2, "type": "created", "items": []}]}, "bio": ""}, {"id": "1166220", "photo": {"prefix": "https://igx.4sqi.net/img/user/", "suffix": "/UCK4151GD3GYJPHP.jpg"}, "homeCity": "bangalore", "contact": {"facebook": "1221692982", "twitter": "rajneeshthekan"}, "firstName": "Rajneesh", "tips": {"count": 6}, "gender": "male", "lastName": "Thekan", "lists": {"groups": [{"count": 2, "type": "created", "items": []}]}, "bio": ""}, {"id": "1234994", "photo": {"prefix": "https://igx.4sqi.net/img/user/", "suffix": "/AVUAVM51ERJWYDQW.jpg"}, "homeCity": "Mijas, Espa\u00f1a", "contact": {"facebook": "529993563", "twitter": "mirajosemaria"}, "firstName": "Jose Mar\u00eca", "tips": {"count": 11}, "gender": "male", "lastName": "Mira", "lists": {"groups": [{"count": 3, "type": "created", "items": []}]}, "bio": "Relax .."}, {"id": "187260", "photo": {"prefix": "https://igx.4sqi.net/img/user/", "suffix": "/IKKFPD4VXRUXCQPK.png"}, "homeCity": "Chennai, Tamil nadu", "contact": {"facebook": "1134413125", "twitter": "arpitnj"}, "firstName": "Arpit", "tips": {"count": 7}, "gender": "male", "lastName": "Jacob", "lists": {"groups": [{"count": 2, "type": "created", "items": []}]}, "bio": ""}, {"id": "632926", "photo": {"prefix": "https://igx.4sqi.net/img/user/", "suffix": "/QXTZTVZEBMHUSSRQ.jpg"}, "homeCity": "Mumbai, Maharashtra", "contact": {"facebook": "672131956", "twitter": "dharamv"}, "firstName": "Dharam", "tips": {"count": 0}, "gender": "male", "lastName": "Valia", "lists": {"groups": [{"count": 2, "type": "created", "items": []}]}, "bio": ""}, {"id": "94847", "photo": {"prefix": "https://igx.4sqi.net/img/user/", "suffix": "/KGXLEPMDXYT2HQSG.jpg"}, "homeCity": "Chennai, Tamil Nadu", "contact": {"facebook": "533948782", "twitter": "osthamba"}, "firstName": "Balachandar", "tips": {"count": 3}, "gender": "male", "lastName": "Natarajan", "lists": {"groups": [{"count": 2, "type": "created", "items": []}]}, "bio": ""}, {"id": "25902", "photo": {"prefix": "https://igx.4sqi.net/img/user/", "suffix": "/4a6e253bc6c17.jpg"}, "homeCity": "New York, NY", "contact": {"facebook": "559552496", "twitter": "michaelhb"}, "firstName": "MHB", "tips": {"count": 0}, "gender": "male", "lastName": ".", "lists": {"groups": [{"count": 2, "type": "created", "items": []}]}, "bio": ""}, {"id": "147423", "photo": {"prefix": "https://igx.4sqi.net/img/user/", "suffix": "/147423-AK4P03NKDKOQEU3W.jpg"}, "homeCity": "Mumbai, Maharastra", "contact": {}, "firstName": "Santosh", "tips": {"count": 9}, "gender": "male", "lastName": "SB", "lists": {"groups": [{"count": 2, "type": "created", "items": []}]}, "bio": "simple, stubborn, assertive, passionate, webaholic."}, {"id": "876682", "photo": {"prefix": "https://igx.4sqi.net/img/user/", "suffix": "/YYVPH4J12SH2NUSF.jpg"}, "homeCity": "Chennai, Tamilnadu", "contact": {}, "firstName": "Hemanth", "tips": {"count": 3}, "gender": "male", "lastName": "Singh", "lists": {"groups": [{"count": 2, "type": "created", "items": []}]}, "bio": ""}, {"id": "223684", "photo": {"prefix": "https://igx.4sqi.net/img/user/", "suffix": "/HHJEOS4OWX3XUWAB.jpg"}, "homeCity": "Chennai, India", "contact": {"facebook": "699280075", "twitter": "ideasmaverick"}, "firstName": "Preetham", "tips": {"count": 39}, "superuser": 2, "gender": "male", "lastName": "Venkky", "lists": {"groups": [{"count": 2, "type": "created", "items": []}]}, "bio": ""}, {"id": "31803662", "photo": {"prefix": "https://igx.4sqi.net/img/user/", "default": true, "suffix": "/blank_boy.png"}, "homeCity": "Tamil Nadu", "contact": {}, "firstName": "Vikash", "tips": {"count": 0}, "gender": "male", "lastName": "Pitaliyaa", "lists": {"groups": [{"count": 2, "type": "created", "items": []}]}, "bio": ""}, {"id": "1125381", "photo": {"prefix": "https://igx.4sqi.net/img/user/", "default": true, "suffix": "/blank_boy.png"}, "homeCity": "Chennai, India", "contact": {}, "firstName": "hari", "tips": {"count": 1}, "gender": "male", "lastName": "ganesh", "lists": {"groups": [{"count": 2, "type": "created", "items": []}]}, "bio": ""}, {"id": "564916", "photo": {"prefix": "https://igx.4sqi.net/img/user/", "suffix": "/MCRFQOT4O3SQ0LEP.jpg"}, "homeCity": "Milford, CT", "contact": {"facebook": "535901470", "twitter": "zinkwazi"}, "firstName": "Kevin", "tips": {"count": 13}, "gender": "male", "lastName": "Swanepoel", "lists": {"groups": [{"count": 10, "type": "created", "items": []}]}, "bio": ""}, {"id": "1363452", "photo": {"prefix": "https://igx.4sqi.net/img/user/", "suffix": "/TZMKB2WZZRJRRFR0.jpg"}, "homeCity": "Chennai", "contact": {"facebook": "905790330", "twitter": "susheel_c"}, "firstName": "Susheel", "tips": {"count": 6}, "gender": "male", "lastName": "Chandradhas", "lists": {"groups": [{"count": 3, "type": "created", "items": []}]}, "bio": ""}, {"id": "28912019", "photo": {"prefix": "https://igx.4sqi.net/img/user/", "suffix": "/N0AEOXU542TFRII3.jpg"}, "homeCity": "Salem, Tamil Nadu", "contact": {"facebook": "100002836864575", "twitter": "rameshkru"}, "firstName": "Ramesh", "tips": {"count": 0}, "gender": "male", "lastName": "Kru", "lists": {"groups": [{"count": 2, "type": "created", "items": []}]}, "bio": "Certified Engineer, Blogger"}, {"id": "4651134", "photo": {"prefix": "https://igx.4sqi.net/img/user/", "suffix": "/UTULXTYQZMX4QLGE.jpg"}, "homeCity": "Bengaluru, India", "contact": {}, "firstName": "krishnaprasad", "tips": {"count": 0}, "gender": "male", "lastName": "balakrishnan", "lists": {"groups": [{"count": 2, "type": "created", "items": []}]}, "bio": ""}, {"id": "1198665", "photo": {"prefix": "https://igx.4sqi.net/img/user/", "suffix": "/4MOEANU3T2FZ3ESU.jpg"}, "homeCity": "Chennai, Tamil Nadu", "contact": {"facebook": "705327451", "twitter": "sudhamshu"}, "firstName": "Sudhamshu", "tips": {"count": 0}, "gender": "male", "lastName": "Hebbar", "lists": {"groups": [{"count": 2, "type": "created", "items": []}]}, "bio": ""}, {"id": "422941", "photo": {"prefix": "https://igx.4sqi.net/img/user/", "suffix": "/422941-PPT20SRXCFM2OE0Z.jpg"}, "homeCity": "Mumbai", "contact": {"facebook": "223705356", "twitter": "pmenonb"}, "firstName": "Bala", "tips": {"count": 17}, "gender": "male", "lastName": "Menon", "lists": {"groups": [{"count": 7, "type": "created", "items": []}]}, "bio": "Authentic. Hippie-hearted. Product guy."}, {"id": "26344569", "photo": {"prefix": "https://igx.4sqi.net/img/user/", "suffix": "/2R45NHWWJ1V4C1WX.jpg"}, "homeCity": "Tamil Nadu", "contact": {"facebook": "617170282", "twitter": "cricprabhu"}, "firstName": "Prabhu", "tips": {"count": 0}, "gender": "male", "lastName": "Damodharan", "lists": {"groups": [{"count": 2, "type": "created", "items": []}]}, "bio": ""}, {"id": "7705074", "photo": {"prefix": "https://igx.4sqi.net/img/user/", "suffix": "/DWXC4QDCVMZRS413.jpg"}, "homeCity": "Noida, India", "contact": {}, "firstName": "Amol", "tips": {"count": 3}, "gender": "male", "lastName": "kejriwal", "lists": {"groups": [{"count": 2, "type": "created", "items": []}]}, "bio": ""}, {"id": "6571308", "photo": {"prefix": "https://igx.4sqi.net/img/user/", "suffix": "/INEKNK40KN1TP1XM.jpg"}, "homeCity": "Chennai, India", "contact": {}, "firstName": "Sreekumar", "tips": {"count": 2}, "gender": "male", "lastName": "Nair", "lists": {"groups": [{"count": 2, "type": "created", "items": []}]}, "bio": ""}, {"id": "19436073", "photo": {"prefix": "https://igx.4sqi.net/img/user/", "suffix": "/Z24TIBFRK4QWAUWI.jpg"}, "homeCity": "Chennai, India", "contact": {"facebook": "798020514"}, "firstName": "Padmanabhan", "tips": {"count": 0}, "gender": "male", "lastName": "Kailasam", "lists": {"groups": [{"count": 2, "type": "created", "items": []}]}, "bio": ""}, {"id": "1439808", "photo": {"prefix": "https://igx.4sqi.net/img/user/", "suffix": "/AVXOKPCGVOSM0LIX.jpg"}, "homeCity": "Chennai, Tamil Nadu", "contact": {"facebook": "578410559", "twitter": "nishantrastogik"}, "firstName": "nishant", "tips": {"count": 1}, "gender": "male", "lastName": "rastogi", "lists": {"groups": [{"count": 2, "type": "created", "items": []}]}, "bio": ""}, {"id": "5584973", "photo": {"prefix": "https://igx.4sqi.net/img/user/", "suffix": "/PZ1Y40YLDSSGAXHQ.jpg"}, "homeCity": "chennai", "contact": {"twitter": "vaguevixen"}, "firstName": "chutney", "tips": {"count": 2}, "gender": "female", "lastName": "spears", "lists": {"groups": [{"count": 3, "type": "created", "items": []}]}, "bio": ""}, {"id": "1996043", "photo": {"prefix": "https://igx.4sqi.net/img/user/", "suffix": "/4DHVWRCYX24KWLMV.jpg"}, "homeCity": "Bangalore, India", "contact": {"facebook": "727283055", "twitter": "rohithn"}, "firstName": "Rohith", "tips": {"count": 10}, "gender": "male", "lastName": "Nandakumar", "lists": {"groups": [{"count": 2, "type": "created", "items": []}]}, "bio": ""}, {"id": "6694492", "photo": {"prefix": "https://igx.4sqi.net/img/user/", "suffix": "/CGC2QQB5TSLWBQKC.jpg"}, "homeCity": "Kuala Lumpur, Malaysia", "contact": {"facebook": "607937059"}, "firstName": "Shymala", "tips": {"count": 1}, "gender": "female", "lastName": "Ratha", "lists": {"groups": [{"count": 2, "type": "created", "items": []}]}, "bio": ""}, {"id": "1613911", "photo": {"prefix": "https://igx.4sqi.net/img/user/", "suffix": "/2DEZOGVU1GCSFSLY.jpg"}, "homeCity": "Chennai, Tamil Nadu", "contact": {"facebook": "554530156", "twitter": "vasuvenkat"}, "firstName": "Vasuvenkat", "tips": {"count": 6}, "gender": "male", "lastName": "Krishnamachari", "lists": {"groups": [{"count": 2, "type": "created", "items": []}]}, "bio": ""}, {"id": "197236", "photo": {"prefix": "https://igx.4sqi.net/img/user/", "suffix": "/197236-YDIWNWVFD5M1MTDV.jpg"}, "homeCity": "Chennai, Tamil Nadu", "contact": {"facebook": "694991287", "twitter": "far1983"}, "firstName": "Aloysius", "tips": {"count": 13}, "gender": "male", "lastName": "Raj", "lists": {"groups": [{"count": 5, "type": "created", "items": []}]}, "bio": ""}, {"id": "649472", "photo": {"prefix": "https://igx.4sqi.net/img/user/", "suffix": "/VN4MQPIOVB1HM32S.jpg"}, "homeCity": "Bangalore, Karnataka", "contact": {"facebook": "660520485", "twitter": "mustafaquilon"}, "firstName": "Mustafa", "tips": {"count": 1}, "gender": "male", "lastName": "Quilon", "lists": {"groups": [{"count": 2, "type": "created", "items": []}]}, "bio": ""}, {"id": "334633", "photo": {"prefix": "https://igx.4sqi.net/img/user/", "suffix": "/-L0QY0BHBVFU4ZUMJ.jpg"}, "homeCity": "Chennai, India", "contact": {"facebook": "100004947031259", "twitter": "vijayanands"}, "firstName": "Vijay", "tips": {"count": 4}, "gender": "male", "lastName": "Anand", "lists": {"groups": [{"count": 2, "type": "created", "items": []}]}, "bio": ""}, {"id": "51638", "photo": {"prefix": "https://igx.4sqi.net/img/user/", "suffix": "/51638-BKD1QON3K4UQKEYS.jpg"}, "homeCity": "Bangalore", "contact": {"facebook": "10152824781395248", "twitter": "karthikc"}, "firstName": "Karthik", "tips": {"count": 7}, "gender": "male", "lastName": "Chandrasekariah", "lists": {"groups": [{"count": 3, "type": "created", "items": []}]}, "bio": ""}, {"id": "153690", "photo": {"prefix": "https://igx.4sqi.net/img/user/", "suffix": "/153690-LG4BKBO4RIFKL4U2.jpg"}, "homeCity": "Chennai, Tamil nadu", "contact": {"facebook": "804977415"}, "firstName": "Shanmuga", "tips": {"count": 28}, "gender": "male", "lastName": "Raja", "lists": {"groups": [{"count": 3, "type": "created", "items": []}]}, "bio": ""}, {"id": "1000109", "photo": {"prefix": "https://igx.4sqi.net/img/user/", "suffix": "/1000109_BnPMGDTz_Np_txaLpKy5dFbiAjaUPu00cc54pIv4RhoOwiecroNMe0vFaYhl7owFmu1NrQVHJ.jpg"}, "homeCity": "Mumbai, India", "contact": {"facebook": "10154161413581746", "twitter": "kapilb"}, "firstName": "Kapil", "tips": {"count": 27}, "gender": "male", "lists": {"groups": [{"count": 2, "type": "created", "items": []}]}, "bio": "About.me/kapilb"}, {"id": "3390248", "photo": {"prefix": "https://igx.4sqi.net/img/user/", "suffix": "/3390248-ZJRW2GHQULJZS1UY.jpg"}, "homeCity": "Bangalore, India", "contact": {"twitter": "missuskc"}, "firstName": "seemal", "tips": {"count": 169}, "gender": "female", "lists": {"groups": [{"count": 11, "type": "created", "items": []}]}, "bio": "Coffee will be nice!"}, {"id": "22476851", "photo": {"prefix": "https://igx.4sqi.net/img/user/", "default": true, "suffix": "/blank_boy.png"}, "homeCity": "Chennai", "contact": {"twitter": "yuaregreat"}, "firstName": "sakthivel", "tips": {"count": 0}, "gender": "male", "lastName": "venkat", "lists": {"groups": [{"count": 2, "type": "created", "items": []}]}, "bio": ""}, {"id": "1303608", "photo": {"prefix": "https://igx.4sqi.net/img/user/", "suffix": "/VQWRUPQM3KJL42BL.jpg"}, "homeCity": "Chennai, Tamil Nadu", "contact": {"facebook": "94800003", "twitter": "gautami"}, "firstName": "Gautami", "tips": {"count": 3}, "gender": "female", "lastName": "Ramachandhran", "lists": {"groups": [{"count": 2, "type": "created", "items": []}]}, "bio": ""}, {"id": "4969790", "photo": {"prefix": "https://igx.4sqi.net/img/user/", "suffix": "/HEG0IBEDAI2WTCBT.jpg"}, "homeCity": "Mumbai, India", "contact": {"facebook": "556241952", "twitter": "debupurkayastha"}, "firstName": "debu", "tips": {"count": 38}, "gender": "male", "lastName": "purkayastha", "lists": {"groups": [{"count": 2, "type": "created", "items": []}]}, "bio": ""}, {"id": "6193264", "photo": {"prefix": "https://igx.4sqi.net/img/user/", "suffix": "/F0GBV4GBDE1NSHNS.jpg"}, "homeCity": "Chennai, India", "contact": {"facebook": "608352430", "twitter": "anand_arun"}, "firstName": "Anand", "tips": {"count": 0}, "gender": "male", "lastName": "Arun", "lists": {"groups": [{"count": 2, "type": "created", "items": []}]}, "bio": ""}, {"id": "1199335", "photo": {"prefix": "https://igx.4sqi.net/img/user/", "suffix": "/AT05APIAB4Y4PGAQ.jpg"}, "homeCity": "Sydney, Australia", "contact": {"facebook": "1636855753", "twitter": "fashion_noble"}, "firstName": "Bhakti", "tips": {"count": 77}, "gender": "female", "lastName": "Talreja", "lists": {"groups": [{"count": 10, "type": "created", "items": []}]}, "bio": "@fashion_noble"}, {"id": "26941861", "photo": {"prefix": "https://igx.4sqi.net/img/user/", "suffix": "/MEOWWRV4ADHU4NWW.jpg"}, "homeCity": "India", "contact": {"twitter": "a_n_uu"}, "firstName": "Anu", "tips": {"count": 0}, "gender": "female", "lastName": "VidyaShree", "lists": {"groups": [{"count": 2, "type": "created", "items": []}]}, "bio": ""}, {"id": "7927369", "photo": {"prefix": "https://igx.4sqi.net/img/user/", "suffix": "/0GXH4TVDWFGHERU5.jpg"}, "homeCity": "Chennai, Tamil Nadu", "contact": {"facebook": "639290251", "twitter": "mojok91"}, "firstName": "Manoj", "tips": {"count": 2}, "gender": "male", "lastName": "Krishnan", "lists": {"groups": [{"count": 2, "type": "created", "items": []}]}, "bio": ""}, {"id": "9924688", "photo": {"prefix": "https://igx.4sqi.net/img/user/", "suffix": "/VNMDJSN1CRPRVX4Z.jpg"}, "homeCity": "Chennai, India", "contact": {"facebook": "1491190051"}, "firstName": "Vinoth", "tips": {"count": 3}, "gender": "male", "lastName": "Shankaran", "lists": {"groups": [{"count": 3, "type": "created", "items": []}]}, "bio": ""}, {"id": "11008143", "photo": {"prefix": "https://igx.4sqi.net/img/user/", "suffix": "/G2ZJZFYLUAWXGBIH.jpg"}, "homeCity": "Bengaluru, India", "contact": {"facebook": "517812720", "twitter": "swaroopkanchi"}, "firstName": "Swaroop", "tips": {"count": 1}, "gender": "male", "lastName": "Kanchi", "lists": {"groups": [{"count": 2, "type": "created", "items": []}]}, "bio": ""}, {"id": "5632488", "photo": {"prefix": "https://igx.4sqi.net/img/user/", "suffix": "/ILX0QWHIEEPCQQIR.jpg"}, "homeCity": "lille ", "contact": {"twitter": "rahul_ashok14"}, "firstName": "Rahul", "tips": {"count": 16}, "gender": "male", "lastName": "Ashok", "lists": {"groups": [{"count": 2, "type": "created", "items": []}]}, "bio": ""}, {"id": "2284557", "photo": {"prefix": "https://igx.4sqi.net/img/user/", "suffix": "/AS4Z5JLUYLQVGYRK.jpg"}, "homeCity": "Chennai, India", "contact": {"facebook": "742105611", "twitter": "kunaldaswani"}, "firstName": "Kunal", "tips": {"count": 0}, "gender": "male", "lastName": "Daswani", "lists": {"groups": [{"count": 2, "type": "created", "items": []}]}, "bio": ""}, {"id": "14574734", "photo": {"prefix": "https://igx.4sqi.net/img/user/", "suffix": "/ISMEQE3RUSIHIO0E.jpg"}, "homeCity": "Lima, Peru", "contact": {"facebook": "578776876", "twitter": "franche90s"}, "firstName": "Rosa", "tips": {"count": 2}, "gender": "female", "lastName": "Gallo Chacon", "lists": {"groups": [{"count": 2, "type": "created", "items": []}]}, "bio": ""}, {"id": "2498404", "photo": {"prefix": "https://igx.4sqi.net/img/user/", "suffix": "/2498404-0BOAJGW4Z0RJIS0B.jpg"}, "homeCity": "Chennai, India", "contact": {"facebook": "1326561365", "twitter": "kishoremraj"}, "firstName": "kishore", "tips": {"count": 4}, "gender": "male", "lastName": "mraj", "lists": {"groups": [{"count": 3, "type": "created", "items": []}]}, "bio": "am down to earth, a little kiddish, a little brat (at times).. simple,,,\r\nwat else to be said if u r my friend ull find out more about me,,,"}, {"id": "297551", "photo": {"prefix": "https://igx.4sqi.net/img/user/", "suffix": "/297551-BU3UINT0SX211DYZ.jpg"}, "homeCity": "Worldwide", "contact": {"facebook": "517837685", "twitter": "dheirajkapoor"}, "firstName": "Dheiraj", "tips": {"count": 0}, "gender": "male", "lastName": "Kapoor", "lists": {"groups": [{"count": 2, "type": "created", "items": []}]}, "bio": "Official Dheiraj Kapoor\r\n(Humanist, Global Citizen, Yogi, Entrepreneur, Startup, Brand Marketer, Actor, Director & Producer)\r\nhttp://www.dheirajkapoor.com"}, {"id": "747084", "photo": {"prefix": "https://igx.4sqi.net/img/user/", "suffix": "/1020LU2SAK0ZMLON.jpg"}, "homeCity": "Singapore", "contact": {"facebook": "10152533937586174", "twitter": "jamshedwadia"}, "firstName": "Jamshed", "tips": {"count": 20}, "gender": "male", "lastName": "Wadia", "lists": {"groups": [{"count": 2, "type": "created", "items": []}]}, "bio": "Head of Social Media @Intel Asia Pacific, Passionate about stories, Egalitarian, God Chaser, BTW you can call me Jam :)"}, {"id": "338368", "photo": {"prefix": "https://igx.4sqi.net/img/user/", "suffix": "/3IGRIM23S00YBKAM.jpg"}, "homeCity": "Australia", "contact": {}, "firstName": "Aishwarya", "tips": {"count": 3}, "gender": "female", "lastName": "Rao", "lists": {"groups": [{"count": 2, "type": "created", "items": []}]}, "bio": ""}, {"id": "116069", "photo": {"prefix": "https://igx.4sqi.net/img/user/", "suffix": "/116069_1258914996625.jpg"}, "homeCity": "Mumbai, India", "contact": {"twitter": "maheshmurthy"}, "firstName": "Mahesh", "tips": {"count": 5}, "gender": "male", "lastName": "Murthy", "lists": {"groups": [{"count": 2, "type": "created", "items": []}]}, "bio": "Brand builder @Pinstorm Company builder @Seedfund Occasional columnist and avid traveler"}, {"id": "10649611", "photo": {"prefix": "https://igx.4sqi.net/img/user/", "suffix": "/04YZLVUUVWPHSO05.jpg"}, "homeCity": "Chennai, India", "contact": {"facebook": "727816290", "twitter": "shutterdragon"}, "firstName": "Prathap", "tips": {"count": 0}, "gender": "male", "lastName": "RaviShankar", "lists": {"groups": [{"count": 2, "type": "created", "items": []}]}, "bio": ""}, {"id": "1009009", "photo": {"prefix": "https://igx.4sqi.net/img/user/", "suffix": "/SDIHXPSVOP0R350E.jpg"}, "homeCity": "Chennai, India", "contact": {"facebook": "513802844"}, "firstName": "Kiruba", "tips": {"count": 1}, "gender": "male", "lastName": "Shankar", "lists": {"groups": [{"count": 2, "type": "created", "items": []}]}, "bio": ""}, {"id": "4038250", "photo": {"prefix": "https://igx.4sqi.net/img/user/", "suffix": "/MMHNHZPKD1G4WOUQ.jpg"}, "homeCity": "Chennai, India", "contact": {}, "firstName": "sarath", "tips": {"count": 0}, "gender": "male", "lastName": "kumar", "lists": {"groups": [{"count": 2, "type": "created", "items": []}]}, "bio": ""}, {"id": "28288223", "photo": {"prefix": "https://igx.4sqi.net/img/user/", "suffix": "/YQWXXQN0BERED4UH.jpg"}, "homeCity": "Chennai, Tamil Nadu", "contact": {"facebook": "741242971"}, "firstName": "Krithika", "tips": {"count": 0}, "gender": "female", "lastName": "Nelson", "lists": {"groups": [{"count": 2, "type": "created", "items": []}]}, "bio": ""}, {"id": "16208993", "photo": {"prefix": "https://igx.4sqi.net/img/user/", "default": true, "suffix": "/blank_girl.png"}, "homeCity": "Minneapolis, MN", "contact": {}, "firstName": "Bhargavi", "tips": {"count": 0}, "gender": "female", "lastName": "Srinivasan", "lists": {"groups": [{"count": 2, "type": "created", "items": []}]}, "bio": ""}, {"id": "4971636", "photo": {"prefix": "https://igx.4sqi.net/img/user/", "suffix": "/J5AGHIRCFSKVHV1E.jpg"}, "homeCity": "Chennai, India", "contact": {"facebook": "632471494"}, "firstName": "Siva", "tips": {"count": 0}, "gender": "male", "lastName": "Nesan", "lists": {"groups": [{"count": 2, "type": "created", "items": []}]}, "bio": ""}, {"id": "6237272", "photo": {"prefix": "https://igx.4sqi.net/img/user/", "suffix": "/KTDGMWYMFNSRF5WU.jpg"}, "homeCity": "Coimbatore, India", "contact": {"twitter": "email2kiru"}, "firstName": "Kiruba", "tips": {"count": 0}, "gender": "male", "lastName": "Kar", "lists": {"groups": [{"count": 2, "type": "created", "items": []}]}, "bio": ""}, {"id": "7080599", "photo": {"prefix": "https://igx.4sqi.net/img/user/", "suffix": "/LEOJW3RK1KNKONIO.jpg"}, "homeCity": "chennai,india", "contact": {"facebook": "700072216", "twitter": "dks"}, "firstName": "Dinakaran", "tips": {"count": 23}, "gender": "male", "lastName": "Sankaranarayan", "lists": {"groups": [{"count": 2, "type": "created", "items": []}]}, "bio": ""}, {"id": "27048915", "photo": {"prefix": "https://igx.4sqi.net/img/user/", "suffix": "/BVWFMKS30VGC0AJK.jpg"}, "homeCity": "Tamil Nadu", "contact": {"facebook": "100002185689024"}, "firstName": "Vnodh", "tips": {"count": 1}, "gender": "male", "lastName": "Jd", "lists": {"groups": [{"count": 2, "type": "created", "items": []}]}, "bio": ""}, {"id": "7958783", "photo": {"prefix": "https://igx.4sqi.net/img/user/", "default": true, "suffix": "/blank_boy.png"}, "homeCity": "Chennai, India", "contact": {}, "firstName": "Kapil", "tips": {"count": 0}, "gender": "male", "lastName": "Ranka", "lists": {"groups": [{"count": 2, "type": "created", "items": []}]}, "bio": ""}, {"id": "12919083", "photo": {"prefix": "https://igx.4sqi.net/img/user/", "suffix": "/UHUDXWM2VKRNV3T5.jpg"}, "homeCity": "Aluva, India", "contact": {"facebook": "653709298"}, "firstName": "Sajan", "tips": {"count": 0}, "gender": "male", "lastName": "Jose", "lists": {"groups": [{"count": 2, "type": "created", "items": []}]}, "bio": ""}, {"id": "24860283", "photo": {"prefix": "https://igx.4sqi.net/img/user/", "suffix": "/XPDROEQT5TIBHPQ4.jpg"}, "homeCity": "Madras", "contact": {"facebook": "708486872"}, "firstName": "Arvind", "tips": {"count": 0}, "gender": "female", "lastName": "Ramalingam", "lists": {"groups": [{"count": 2, "type": "created", "items": []}]}, "bio": ""}, {"id": "6001292", "photo": {"prefix": "https://igx.4sqi.net/img/user/", "suffix": "/U0YUKNVIMTFHTQZY.jpg"}, "homeCity": "Chennai, India", "contact": {"facebook": "702500814", "twitter": "sajan14"}, "firstName": "Sajan", "tips": {"count": 27}, "gender": "male", "lastName": "Prathap Singh", "lists": {"groups": [{"count": 3, "type": "created", "items": []}]}, "bio": ""}, {"id": "2348129", "photo": {"prefix": "https://igx.4sqi.net/img/user/", "suffix": "/0KW3VD4YMKIEIU53.jpg"}, "homeCity": "Mumbai, India ", "contact": {"facebook": "573543166", "twitter": "addepalli"}, "firstName": "Srinivasa", "tips": {"count": 10}, "gender": "male", "lists": {"groups": [{"count": 2, "type": "created", "items": []}]}, "bio": ""}, {"id": "2934930", "photo": {"prefix": "https://igx.4sqi.net/img/user/", "suffix": "/TM514JXY0I4L313H.jpg"}, "homeCity": "Chennai, India", "contact": {}, "firstName": "manivasagam", "tips": {"count": 6}, "gender": "male", "lastName": "manikandan", "lists": {"groups": [{"count": 3, "type": "created", "items": []}]}, "bio": ""}, {"id": "307520", "photo": {"prefix": "https://igx.4sqi.net/img/user/", "suffix": "/WM5YGFPLWMCSHT0O.jpg"}, "homeCity": "Santiago, Chile", "contact": {"facebook": "10205254739544598", "twitter": "kbsun"}, "firstName": "Javier", "tips": {"count": 12}, "gender": "male", "lastName": "Z\u00e1rate", "lists": {"groups": [{"count": 4, "type": "created", "items": []}]}, "bio": ""}, {"id": "759299", "photo": {"prefix": "https://igx.4sqi.net/img/user/", "suffix": "/PWQZOPSHJ3NFJPFA.jpg"}, "homeCity": "London, Ontario, Canada", "contact": {"facebook": "504331431", "twitter": "iraszl"}, "firstName": "Ivan", "tips": {"count": 13}, "gender": "male", "lastName": "Raszl", "lists": {"groups": [{"count": 2, "type": "created", "items": []}]}, "bio": "Business Consultant"}, {"id": "379343", "photo": {"prefix": "https://igx.4sqi.net/img/user/", "suffix": "/FDXO3Z0BUPXXK4D3.jpg"}, "homeCity": "Mumbai, India", "contact": {"twitter": "gyaanzz"}, "firstName": "Anita", "tips": {"count": 5}, "gender": "female", "lastName": "Varma", "lists": {"groups": [{"count": 2, "type": "created", "items": []}]}, "bio": ""}, {"id": "130230", "photo": {"prefix": "https://igx.4sqi.net/img/user/", "suffix": "/4UIATX0WG3SD1Z2P.png"}, "homeCity": "Toronto, Canada", "contact": {"twitter": "dertmobile"}, "firstName": "Andrew", "tips": {"count": 0}, "gender": "male", "lastName": "Dertinger", "lists": {"groups": [{"count": 2, "type": "created", "items": []}]}, "bio": ""}, {"id": "21137327", "photo": {"prefix": "https://igx.4sqi.net/img/user/", "suffix": "/21137327-M0XP5N3A5BZIZCGU.jpg"}, "homeCity": "Coimbatore, Tamil Nadu", "contact": {"facebook": "10153013954699961", "twitter": "cbekarim74"}, "firstName": "AbdulKarim", "tips": {"count": 23}, "gender": "male", "lastName": "Chisthi", "lists": {"groups": [{"count": 2, "type": "created", "items": []}]}, "bio": "a simple human"}, {"id": "1009989", "photo": {"prefix": "https://igx.4sqi.net/img/user/", "suffix": "/0MJKWRX0NCCUB2QQ.jpg"}, "homeCity": "Chennai, India", "contact": {"facebook": "716941469", "twitter": "sandeepvarma"}, "firstName": "sandeep", "tips": {"count": 0}, "gender": "male", "lastName": "varma", "lists": {"groups": [{"count": 2, "type": "created", "items": []}]}, "bio": ""}, {"id": "4137595", "photo": {"prefix": "https://igx.4sqi.net/img/user/", "suffix": "/ALLIEUKYWPROOAG3.jpg"}, "homeCity": "Mumbai, India", "contact": {"facebook": "674872131"}, "firstName": "Neha", "tips": {"count": 0}, "gender": "female", "lastName": "Kulkarni", "lists": {"groups": [{"count": 2, "type": "created", "items": []}]}, "bio": ""}, {"id": "18387537", "photo": {"prefix": "https://igx.4sqi.net/img/user/", "suffix": "/XY3NUXBNWB02GBPC.jpg"}, "homeCity": "Gij\u00f3n, Espa\u00f1a", "contact": {"facebook": "1569523415"}, "firstName": "Jose Luis", "tips": {"count": 0}, "gender": "male", "lastName": "Perez Sorribas", "lists": {"groups": [{"count": 2, "type": "created", "items": []}]}, "bio": ""}, {"id": "9371916", "photo": {"prefix": "https://igx.4sqi.net/img/user/", "suffix": "/S3JWKVDG1RXSQWKH.jpg"}, "homeCity": "Bengaluru, India", "contact": {}, "firstName": "Sharatchandra", "tips": {"count": 0}, "gender": "male", "lastName": "Aithal", "lists": {"groups": [{"count": 2, "type": "created", "items": []}]}, "bio": ""}, {"id": "6646332", "photo": {"prefix": "https://igx.4sqi.net/img/user/", "suffix": "/6646332-FZWFUJOROYJYC2GM.jpg"}, "homeCity": "Kolkata, India", "contact": {"facebook": "1108269057", "twitter": "simtechnos"}, "firstName": "Aditya", "tips": {"count": 108}, "gender": "male", "lastName": "Bhimrajka", "lists": {"groups": [{"count": 5, "type": "created", "items": []}]}, "bio": "Web Solutions, IT Consulting, Mobile Apps, DB Solutions, SEO .\r\nContact us : info@simtechnos.in | Skype: deadlyheart4u | Call : +919007068799"}, {"id": "7106183", "photo": {"prefix": "https://igx.4sqi.net/img/user/", "default": true, "suffix": "/blank_boy.png"}, "homeCity": "Chennai, India", "contact": {"facebook": "548030201"}, "firstName": "Gokul Ram", "tips": {"count": 1}, "gender": "male", "lastName": "G R", "lists": {"groups": [{"count": 2, "type": "created", "items": []}]}, "bio": ""}, {"id": "27115303", "photo": {"prefix": "https://igx.4sqi.net/img/user/", "suffix": "/27115303-3B2FCWF1GZFPJDNP.jpg"}, "homeCity": "Tampa, FL", "contact": {"facebook": "10153407745866133"}, "firstName": "Rosalie", "tips": {"count": 20}, "gender": "female", "lastName": "De Canaga", "lists": {"groups": [{"count": 2, "type": "created", "items": []}]}, "bio": ""}, {"id": "7970368", "photo": {"prefix": "https://igx.4sqi.net/img/user/", "suffix": "/2FURYXQA0HWGZK2V.jpg"}, "homeCity": "Mumbai, India", "contact": {"facebook": "504343451"}, "firstName": "Khyati", "tips": {"count": 0}, "gender": "female", "lastName": "S", "lists": {"groups": [{"count": 2, "type": "created", "items": []}]}, "bio": ""}, {"id": "13015618", "photo": {"prefix": "https://igx.4sqi.net/img/user/", "suffix": "/13015618-X52O05VVUXANZCHX.jpg"}, "homeCity": "Chennai, India", "contact": {"facebook": "685431085", "twitter": "swathirishi"}, "firstName": "Swathi", "tips": {"count": 11}, "gender": "female", "lastName": "Rishi", "lists": {"groups": [{"count": 2, "type": "created", "items": []}]}, "bio": ""}, {"id": "13406384", "photo": {"prefix": "https://igx.4sqi.net/img/user/", "suffix": "/13406384-EABPMQLEP4JAAQHT.jpg"}, "homeCity": "Chennai, India", "contact": {"facebook": "766604688"}, "firstName": "Ashwyn", "tips": {"count": 3}, "gender": "male", "lastName": "Fernandes", "lists": {"groups": [{"count": 2, "type": "created", "items": []}]}, "bio": ""}, {"id": "2764624", "photo": {"prefix": "https://igx.4sqi.net/img/user/", "suffix": "/VHZTKUROGSJF440W.jpg"}, "homeCity": "Bangalore, India", "contact": {"twitter": "subbuu"}, "firstName": "Subbu", "tips": {"count": 0}, "gender": "male", "lastName": "V", "lists": {"groups": [{"count": 2, "type": "created", "items": []}]}, "bio": ""}, {"id": "2935227", "photo": {"prefix": "https://igx.4sqi.net/img/user/", "suffix": "/X1IBIGDHJA0XEU0N.jpg"}, "homeCity": "Chennai, India", "contact": {}, "firstName": "vadivelan", "tips": {"count": 0}, "gender": "male", "lastName": "vadivelan", "lists": {"groups": [{"count": 2, "type": "created", "items": []}]}, "bio": ""}, {"id": "3473496", "photo": {"prefix": "https://igx.4sqi.net/img/user/", "suffix": "/3473496-DP0I1304YJJXIX4Q"}, "homeCity": "Bangalore , India", "contact": {"facebook": "10152999891808490", "twitter": "r3dsm0k3"}, "firstName": "Ajith", "tips": {"count": 1}, "gender": "male", "lastName": "Chandran", "lists": {"groups": [{"count": 2, "type": "created", "items": []}]}, "bio": ""}, {"id": "393383", "photo": {"prefix": "https://igx.4sqi.net/img/user/", "suffix": "/50JZDHUQBUAG3VVT.jpg"}, "homeCity": "Chennai, India", "contact": {"facebook": "705082634", "twitter": "tweeraj"}, "firstName": "Suraj", "tips": {"count": 12}, "gender": "male", "lastName": "Seetharaman", "lists": {"groups": [{"count": 2, "type": "created", "items": []}]}, "bio": ""}, {"id": "146480", "photo": {"prefix": "https://igx.4sqi.net/img/user/", "suffix": "/DMU5OLRA34CMIZH2.jpg"}, "homeCity": "Himachal Pradesh", "contact": {"facebook": "611849562", "twitter": "rohanbabu"}, "firstName": "Rohan", "tips": {"count": 11}, "gender": "male", "lastName": "Babu", "lists": {"groups": [{"count": 2, "type": "created", "items": []}]}, "bio": ""}, {"id": "1210577", "photo": {"prefix": "https://igx.4sqi.net/img/user/", "suffix": "/1210577-PYNYVQXSAZ2AWI0I.jpg"}, "homeCity": "Chennai, India", "contact": {"facebook": "1449190574", "twitter": "muraliraja"}, "firstName": "Muraliraja", "tips": {"count": 12}, "gender": "male", "lastName": "B", "lists": {"groups": [{"count": 2, "type": "created", "items": []}]}, "bio": ""}, {"id": "4752268", "photo": {"prefix": "https://igx.4sqi.net/img/user/", "suffix": "/CFYVRB24CJ4CIO13.jpg"}, "homeCity": "Mumbai, India", "contact": {"facebook": "600762208", "twitter": "ifictitious"}, "firstName": "Apoorva", "tips": {"count": 30}, "gender": "male", "lastName": "Dixit", "lists": {"groups": [{"count": 2, "type": "created", "items": []}]}, "bio": ""}, {"id": "18467451", "photo": {"prefix": "https://igx.4sqi.net/img/user/", "suffix": "/D5EMG5PIGJVWXS5Y.jpg"}, "homeCity": "Chennai, India", "contact": {"facebook": "100001083546629", "twitter": "ganeshabari"}, "firstName": "Ganesh", "tips": {"count": 0}, "gender": "male", "lastName": "Shabari", "lists": {"groups": [{"count": 2, "type": "created", "items": []}]}, "bio": ""}, {"id": "15834732", "photo": {"prefix": "https://igx.4sqi.net/img/user/", "suffix": "/OOFUYPU2ZAHFAENG.jpg"}, "homeCity": "Chennai", "contact": {"facebook": "688920228", "twitter": "ronaksurana"}, "firstName": "Ronak", "tips": {"count": 5}, "gender": "male", "lastName": "Surana", "lists": {"groups": [{"count": 2, "type": "created", "items": []}]}, "bio": ""}, {"id": "8575024", "photo": {"prefix": "https://igx.4sqi.net/img/user/", "suffix": "/NIVMGAFMA4IJNF4A.jpg"}, "homeCity": "Kochi, India", "contact": {"facebook": "100000384791918"}, "firstName": "Jithin", "tips": {"count": 15}, "gender": "male", "lastName": "Redsmoke", "lists": {"groups": [{"count": 6, "type": "created", "items": []}]}, "bio": ""}, {"id": "7135036", "photo": {"prefix": "https://igx.4sqi.net/img/user/", "suffix": "/OVFKD4Q0YJ14U0J2.jpg"}, "homeCity": "Bangalore", "contact": {}, "firstName": "Vinay", "tips": {"count": 1}, "gender": "male", "lastName": "D.V", "lists": {"groups": [{"count": 2, "type": "created", "items": []}]}, "bio": ""}, {"id": "27135185", "photo": {"prefix": "https://igx.4sqi.net/img/user/", "default": true, "suffix": "/blank_boy.png"}, "homeCity": "Karnataka", "contact": {"facebook": "695871103"}, "firstName": "Pavithran", "tips": {"count": 0}, "gender": "male", "lastName": "Madathil", "lists": {"groups": [{"count": 2, "type": "created", "items": []}]}, "bio": ""}, {"id": "12076549", "photo": {"prefix": "https://igx.4sqi.net/img/user/", "suffix": "/-1CDK5C4UZQZGKIN5.jpg"}, "homeCity": "Bangalore, India", "contact": {}, "firstName": "phalgun", "tips": {"count": 0}, "gender": "male", "lastName": "guduthur", "lists": {"groups": [{"count": 2, "type": "created", "items": []}]}, "bio": ""}, {"id": "14731263", "photo": {"prefix": "https://igx.4sqi.net/img/user/", "suffix": "/14731263-WR0M3ULPWUPRXS3R.jpg"}, "homeCity": "Bangalore , India", "contact": {"facebook": "10153138823583552"}, "firstName": "Sandeep", "tips": {"count": 7}, "gender": "male", "lastName": "Narayanan", "lists": {"groups": [{"count": 2, "type": "created", "items": []}]}, "bio": ""}, {"id": "15462203", "photo": {"prefix": "https://igx.4sqi.net/img/user/", "suffix": "/BO4V5PHQIHS0C3ZP.jpg"}, "homeCity": "Chennai, India", "contact": {"facebook": "100000199347314"}, "firstName": "Murali", "tips": {"count": 4}, "gender": "male", "lastName": "Dharan", "lists": {"groups": [{"count": 2, "type": "created", "items": []}]}, "bio": ""}, {"id": "2775725", "photo": {"prefix": "https://igx.4sqi.net/img/user/", "default": true, "suffix": "/blank_boy.png"}, "homeCity": "Jersey City, NJ", "contact": {}, "firstName": "Bharadwaj", "tips": {"count": 0}, "gender": "male", "lastName": "Subramanian", "lists": {"groups": [{"count": 2, "type": "created", "items": []}]}, "bio": ""}, {"id": "2935954", "photo": {"prefix": "https://igx.4sqi.net/img/user/", "suffix": "/LWHIX2LT0HCNGLVI.jpg"}, "homeCity": "India", "contact": {"facebook": "100000851845998", "twitter": "rajlandbank"}, "firstName": "Vijay", "tips": {"count": 0}, "gender": "male", "lastName": "Jain", "lists": {"groups": [{"count": 3, "type": "created", "items": []}]}, "bio": ""}, {"id": "3475318", "photo": {"prefix": "https://igx.4sqi.net/img/user/", "suffix": "/5MURHI3XFJ0HWURJ.jpg"}, "homeCity": "Delhi, India", "contact": {}, "firstName": "Nitin", "tips": {"count": 2}, "gender": "male", "lastName": "Mahesh", "lists": {"groups": [{"count": 2, "type": "created", "items": []}]}, "bio": ""}, {"id": "631002", "photo": {"prefix": "https://igx.4sqi.net/img/user/", "suffix": "/43PFTWC2JPRC2EQF.jpg"}, "homeCity": "Mumbai, Maharashtra", "contact": {"facebook": "530750494", "twitter": "rodinhood"}, "firstName": "Alok", "tips": {"count": 1}, "gender": "male", "lastName": "Kejriwal", "lists": {"groups": [{"count": 2, "type": "created", "items": []}]}, "bio": "Entreprenuer"}, {"id": "666671", "photo": {"prefix": "https://igx.4sqi.net/img/user/", "suffix": "/P513WOJUVQSSMKB5.png"}, "homeCity": "New Delhi", "contact": {"facebook": "649904032", "twitter": "joedelhi"}, "firstName": "ajay", "tips": {"count": 165}, "gender": "male", "lastName": "joshi", "lists": {"groups": [{"count": 2, "type": "created", "items": []}]}, "bio": ""}, {"id": "1270529", "photo": {"prefix": "https://igx.4sqi.net/img/user/", "suffix": "/-KDDFT5UNJUKFIPUS.jpg"}, "homeCity": "Chennai, India", "contact": {"facebook": "555162603", "twitter": "girishchandran"}, "firstName": "Girish", "tips": {"count": 37}, "gender": "male", "lastName": "Chandran", "lists": {"groups": [{"count": 2, "type": "created", "items": []}]}, "bio": "At dinner I could be the nicest guy in the world, but then I could blow you away for dessert."}, {"id": "5876758", "photo": {"prefix": "https://igx.4sqi.net/img/user/", "suffix": "/X0S4L5Z2FJ10GWUB.jpg"}, "homeCity": "Madras ", "contact": {"facebook": "10206055939018401", "twitter": "rushiness"}, "firstName": "Rushita", "tips": {"count": 6}, "gender": "female", "lastName": "S'vedam", "lists": {"groups": [{"count": 3, "type": "created", "items": []}]}, "bio": ""}, {"id": "34614510", "photo": {"prefix": "https://igx.4sqi.net/img/user/", "suffix": "/34614510-5IM4QWRUINORLUEL.jpg"}, "homeCity": "Karnataka", "contact": {"facebook": "615416042", "twitter": "aparazzi"}, "firstName": "Aparna", "tips": {"count": 1}, "gender": "female", "lists": {"groups": [{"count": 5, "type": "created", "items": []}]}, "bio": ""}, {"id": "16501284", "photo": {"prefix": "https://igx.4sqi.net/img/user/", "suffix": "/4VZATTDMVYMCIGP1.jpg"}, "homeCity": "Furtwangen im Schwarzwald, Deutschland", "contact": {"facebook": "669650276", "twitter": "aish_y"}, "firstName": "Aishwarya", "tips": {"count": 0}, "gender": "female", "lastName": "Soundrapandian", "lists": {"groups": [{"count": 3, "type": "created", "items": []}]}, "bio": ""}, {"id": "10931264", "photo": {"prefix": "https://igx.4sqi.net/img/user/", "suffix": "/2PKKQ02FENKCIG2J.jpg"}, "homeCity": "Chennai, India", "contact": {"twitter": "mrsyntax"}, "firstName": "abdullah", "tips": {"count": 0}, "gender": "male", "lastName": "sak", "lists": {"groups": [{"count": 2, "type": "created", "items": []}]}, "bio": ""}, {"id": "7210087", "photo": {"prefix": "https://igx.4sqi.net/img/user/", "suffix": "/7210087-LXH2XYSO3DR2SL32.jpg"}, "homeCity": "namakkal, India", "contact": {"facebook": "1201427090", "twitter": "madhesh"}, "firstName": "Madhesh", "tips": {"count": 0}, "gender": "male", "lastName": "Waran", "lists": {"groups": [{"count": 2, "type": "created", "items": []}]}, "bio": ""}, {"id": "12096894", "photo": {"prefix": "https://igx.4sqi.net/img/user/", "suffix": "/5FCABLBEN3IQ1004.jpg"}, "homeCity": "Greenwich, UK", "contact": {"facebook": "517943829"}, "firstName": "Sangeetha", "tips": {"count": 7}, "gender": "female", "lastName": "Menon", "lists": {"groups": [{"count": 3, "type": "created", "items": []}]}, "bio": ""}, {"id": "16923297", "photo": {"prefix": "https://igx.4sqi.net/img/user/", "suffix": "/5KHLSB3IURRMPBWQ.jpg"}, "homeCity": "Chennai, India", "contact": {"facebook": "663821256", "twitter": "rajais"}, "firstName": "Raja", "tips": {"count": 5}, "gender": "male", "lastName": "Pattabiraman", "lists": {"groups": [{"count": 2, "type": "created", "items": []}]}, "bio": ""}, {"id": "19495181", "photo": {"prefix": "https://igx.4sqi.net/img/user/", "suffix": "/SID4E5NRJ5YWQ1CL.jpg"}, "homeCity": "Mumbai suburban, India", "contact": {}, "firstName": "Oberoy", "tips": {"count": 0}, "gender": "male", "lastName": "Pinto", "lists": {"groups": [{"count": 2, "type": "created", "items": []}]}, "bio": ""}, {"id": "2806844", "photo": {"prefix": "https://igx.4sqi.net/img/user/", "suffix": "/F15XGEPKCEHQDHQG.jpg"}, "homeCity": "Gurgaon, India", "contact": {"twitter": "thesatbir"}, "firstName": "Satbir", "tips": {"count": 4}, "gender": "male", "lastName": "Singh", "lists": {"groups": [{"count": 2, "type": "created", "items": []}]}, "bio": ""}, {"id": "4058473", "photo": {"prefix": "https://igx.4sqi.net/img/user/", "suffix": "/ABMEQUOR45PEALR4.jpg"}, "homeCity": "Mumbai, India", "contact": {"facebook": "10156291096800541", "twitter": "nandananair"}, "firstName": "Nandana", "tips": {"count": 25}, "gender": "female", "lastName": "Nair", "lists": {"groups": [{"count": 2, "type": "created", "items": []}]}, "bio": "Devours books. TV nerd. Gets mesmerized with rough seas and suffers from wanderlust. It's contagious, deal with it."}, {"id": "21013831", "photo": {"prefix": "https://igx.4sqi.net/img/user/", "suffix": "/QXNJLY3QZIQETN4G.jpg"}, "homeCity": "Tamil Nadu", "contact": {"facebook": "100001365496526", "twitter": "the4amfriend"}, "firstName": "Shiva", "tips": {"count": 5}, "gender": "male", "lastName": "Subramanian", "lists": {"groups": [{"count": 3, "type": "created", "items": []}]}, "bio": "With hot chai in our hands, and some old Rahman track on the radio, I'll be that 4 AM friend of yours."}, {"id": "987055", "photo": {"prefix": "https://igx.4sqi.net/img/user/", "suffix": "/X0BHU4LVJZNHXTRF.jpg"}, "homeCity": "Chennai, India", "contact": {"facebook": "696235950", "twitter": "soravjain"}, "firstName": "Sorav", "tips": {"count": 35}, "gender": "male", "lastName": "Jain", "lists": {"groups": [{"count": 2, "type": "created", "items": []}]}, "bio": ""}, {"id": "668597", "photo": {"prefix": "https://igx.4sqi.net/img/user/", "suffix": "/HKFRDAYULNPZFFHL.jpg"}, "homeCity": "Mumbai, India", "contact": {"twitter": "wanderblah"}, "firstName": "Shirley", "tips": {"count": 16}, "gender": "female", "lastName": "D/ wanderblah", "lists": {"groups": [{"count": 2, "type": "created", "items": []}]}, "bio": ""}, {"id": "1294975", "photo": {"prefix": "https://igx.4sqi.net/img/user/", "default": true, "suffix": "/blank_boy.png"}, "homeCity": "Chennai, India", "contact": {}, "firstName": "Prashanth", "tips": {"count": 1}, "gender": "male", "lastName": "Krishnaswami", "lists": {"groups": [{"count": 2, "type": "created", "items": []}]}, "bio": ""}, {"id": "6047988", "photo": {"prefix": "https://igx.4sqi.net/img/user/", "suffix": "/Q1HFGDSYYVJJGI4Y.jpg"}, "homeCity": "Chennai, India", "contact": {}, "firstName": "Roshan", "tips": {"count": 0}, "gender": "male", "lastName": "V", "lists": {"groups": [{"count": 2, "type": "created", "items": []}]}, "bio": ""}, {"id": "16601744", "photo": {"prefix": "https://igx.4sqi.net/img/user/", "suffix": "/WRLYANYG341W33RD.jpg"}, "homeCity": "Bangalore", "contact": {"facebook": "634799663"}, "firstName": "Kalpana", "tips": {"count": 38}, "gender": "female", "lastName": "Chetty", "lists": {"groups": [{"count": 3, "type": "created", "items": []}]}, "bio": ""}, {"id": "12329780", "photo": {"prefix": "https://igx.4sqi.net/img/user/", "suffix": "/JRXA5DIH1QPE5011.jpg"}, "homeCity": "Chennai, India", "contact": {"facebook": "100001661215254"}, "firstName": "Spa", "tips": {"count": 0}, "gender": "female", "lastName": "Senza", "lists": {"groups": [{"count": 2, "type": "created", "items": []}]}, "bio": ""}, {"id": "7840945", "photo": {"prefix": "https://igx.4sqi.net/img/user/", "suffix": "/EEU5RYWQU13ZUT3Q.jpg"}, "homeCity": "India", "contact": {"facebook": "100002376678486", "twitter": "stvn52594"}, "firstName": "Stephen", "tips": {"count": 0}, "gender": "female", "lastName": "Sajja", "lists": {"groups": [{"count": 2, "type": "created", "items": []}]}, "bio": ""}, {"id": "13549153", "photo": {"prefix": "https://igx.4sqi.net/img/user/", "suffix": "/HNE01JPPDCX5DCYJ.jpg"}, "homeCity": "Dubai", "contact": {"facebook": "512331118"}, "firstName": "Sharanya", "tips": {"count": 1}, "gender": "female", "lastName": "Mohan Bala", "lists": {"groups": [{"count": 2, "type": "created", "items": []}]}, "bio": ""}, {"id": "22564453", "photo": {"prefix": "https://igx.4sqi.net/img/user/", "suffix": "/BYB1RCYMPGRJRMZC.jpg"}, "homeCity": "Karnataka", "contact": {"facebook": "506087602"}, "firstName": "Bassam", "tips": {"count": 2}, "gender": "male", "lastName": "Osman", "lists": {"groups": [{"count": 2, "type": "created", "items": []}]}, "bio": ""}, {"id": "10825582", "photo": {"prefix": "https://igx.4sqi.net/img/user/", "suffix": "/J5FUFE5R3KNQZVLN.jpg"}, "homeCity": "London, UK", "contact": {"facebook": "517580108", "twitter": "arshya"}, "firstName": "Arshya", "tips": {"count": 3}, "gender": "female", "lastName": "Lakshman", "lists": {"groups": [{"count": 2, "type": "created", "items": []}]}, "bio": ""}, {"id": "8460457", "photo": {"prefix": "https://igx.4sqi.net/img/user/", "suffix": "/VKOPKCWY53PM2QOJ.jpg"}, "homeCity": "Chennai, India", "contact": {}, "firstName": "Frederick", "tips": {"count": 0}, "gender": "male", "lastName": "Xavier", "lists": {"groups": [{"count": 2, "type": "created", "items": []}]}, "bio": ""}, {"id": "21015234", "photo": {"prefix": "https://igx.4sqi.net/img/user/", "suffix": "/JX5UW1UZSJY2ANAY.jpg"}, "homeCity": "Tuticorin", "contact": {"facebook": "100000092175311", "twitter": "sankar2910"}, "firstName": "Sankar", "tips": {"count": 6}, "gender": "male", "lastName": "Narayanan", "lists": {"groups": [{"count": 2, "type": "created", "items": []}]}, "bio": ""}, {"id": "1695205", "photo": {"prefix": "https://igx.4sqi.net/img/user/", "default": true, "suffix": "/blank_girl.png"}, "homeCity": "New Delhi, Delhi", "contact": {}, "firstName": "amita", "tips": {"count": 0}, "gender": "female", "lastName": "malhotra", "lists": {"groups": [{"count": 2, "type": "created", "items": []}]}, "bio": ""}, {"id": "1465697", "photo": {"prefix": "https://igx.4sqi.net/img/user/", "suffix": "/DAWMIW00WJI420FL.jpg"}, "homeCity": "Hyderabad,India", "contact": {}, "firstName": "Abhilash", "tips": {"count": 11}, "gender": "male", "lastName": "Sidd", "lists": {"groups": [{"count": 2, "type": "created", "items": []}]}, "bio": ""}, {"id": "1320893", "photo": {"prefix": "https://igx.4sqi.net/img/user/", "suffix": "/DKLGSVQ51PRYBSSD.png"}, "homeCity": "Bengaluru, Karnataka", "contact": {}, "firstName": "Shrinidhi", "tips": {"count": 4}, "gender": "male", "lastName": "Hande", "lists": {"groups": [{"count": 2, "type": "created", "items": []}]}, "bio": ""}, {"id": "6419686", "photo": {"prefix": "https://igx.4sqi.net/img/user/", "suffix": "/6419686-MTFIPOLMDW24XBES.jpg"}, "homeCity": "Sydney, NSW, Australia", "contact": {}, "firstName": "Freddie", "tips": {"count": 29}, "gender": "male", "lists": {"groups": [{"count": 3, "type": "created", "items": []}]}, "bio": ""}, {"id": "27613786", "photo": {"prefix": "https://igx.4sqi.net/img/user/", "suffix": "/NYA0AXMNUSA01XRI.jpg"}, "homeCity": "Karnataka", "contact": {"facebook": "572667941"}, "firstName": "Vivi", "tips": {"count": 1}, "gender": "female", "lastName": "M", "lists": {"groups": [{"count": 2, "type": "created", "items": []}]}, "bio": ""}, {"id": "8396823", "photo": {"prefix": "https://igx.4sqi.net/img/user/", "suffix": "/UBQZLJTRFMBJTXDS.jpg"}, "homeCity": "Chennai, India", "contact": {"facebook": "551585234", "twitter": "chingucha"}, "firstName": "Mohammed", "tips": {"count": 10}, "gender": "male", "lastName": "Shahin", "lists": {"groups": [{"count": 2, "type": "created", "items": []}]}, "bio": ""}, {"id": "17287040", "photo": {"prefix": "https://igx.4sqi.net/img/user/", "suffix": "/RLXDKYZMFSNO3V24.jpg"}, "homeCity": "Mumbai, India", "contact": {"facebook": "694730669"}, "firstName": "Jude", "tips": {"count": 0}, "gender": "male", "lastName": "Fonseca", "lists": {"groups": [{"count": 2, "type": "created", "items": []}]}, "bio": ""}, {"id": "27986609", "photo": {"prefix": "https://igx.4sqi.net/img/user/", "default": true, "suffix": "/blank_girl.png"}, "homeCity": "Tamil Nadu", "contact": {}, "firstName": "Madhulika", "tips": {"count": 0}, "gender": "female", "lastName": "Injeti", "lists": {"groups": [{"count": 2, "type": "created", "items": []}]}, "bio": ""}, {"id": "29823853", "photo": {"prefix": "https://igx.4sqi.net/img/user/", "suffix": "/RIRRCVHRW43CUN0E.jpg"}, "homeCity": "Tamil Nadu", "contact": {"facebook": "100001457441476", "twitter": "vinothcarlo"}, "firstName": "Vinoth Carlos", "tips": {"count": 4}, "gender": "male", "lastName": "Srm", "lists": {"groups": [{"count": 2, "type": "created", "items": []}]}, "bio": "<3 riding bikes"}, {"id": "9777351", "photo": {"prefix": "https://igx.4sqi.net/img/user/", "suffix": "/GUNUGRE5THNHEJC0.jpg"}, "homeCity": "Dubai, United Arab Emirates", "contact": {"facebook": "731051134", "twitter": "sameerketkar"}, "firstName": "Sameer", "tips": {"count": 49}, "gender": "male", "lastName": "Ketkar", "lists": {"groups": [{"count": 2, "type": "created", "items": []}]}, "bio": ""}, {"id": "21021267", "photo": {"prefix": "https://igx.4sqi.net/img/user/", "suffix": "/2CBLL5R3Y1P2TN1K.jpg"}, "homeCity": "Karnataka", "contact": {"facebook": "649419764", "twitter": "vinaidv"}, "firstName": "Vinay", "tips": {"count": 0}, "gender": "male", "lastName": "DV", "lists": {"groups": [{"count": 2, "type": "created", "items": []}]}, "bio": "www.vinaydv.com"}, {"id": "24928939", "photo": {"prefix": "https://igx.4sqi.net/img/user/", "suffix": "/TLQH3YKPBNVCIXCH.jpg"}, "homeCity": "Tamil Nadu", "contact": {"facebook": "100001848781937"}, "firstName": "Senthil", "tips": {"count": 2}, "gender": "male", "lastName": "Vel", "lists": {"groups": [{"count": 2, "type": "created", "items": []}]}, "bio": ""}, {"id": "1549274", "photo": {"prefix": "https://igx.4sqi.net/img/user/", "suffix": "/USCCMKU1D2VAEEGG.jpg"}, "homeCity": "Chennai, India", "contact": {"twitter": "lavsmohan"}, "firstName": "Lavanya", "tips": {"count": 0}, "gender": "female", "lastName": "Mohan", "lists": {"groups": [{"count": 2, "type": "created", "items": []}]}, "bio": ""}, {"id": "1321114", "photo": {"prefix": "https://igx.4sqi.net/img/user/", "suffix": "/EYXQOBB3RA0IGA1D.jpg"}, "homeCity": "Bangalore, India", "contact": {"facebook": "672227254", "twitter": "arunchaxx"}, "firstName": "arun chakkravarthy", "tips": {"count": 0}, "gender": "male", "lastName": "guptha", "lists": {"groups": [{"count": 2, "type": "created", "items": []}]}, "bio": ""}, {"id": "6494140", "photo": {"prefix": "https://igx.4sqi.net/img/user/", "suffix": "/3CYYZS4UGHPRM52C.jpg"}, "homeCity": "Chennai, India", "contact": {"facebook": "586531372", "twitter": "devarya"}, "firstName": "Devanshu", "tips": {"count": 222}, "gender": "male", "lastName": "Arya", "lists": {"groups": [{"count": 2, "type": "created", "items": []}]}, "bio": ""}, {"id": "11341410", "photo": {"prefix": "https://igx.4sqi.net/img/user/", "suffix": "/RBN43NE5U1JFQYPI.jpg"}, "homeCity": "Bengaluru, India", "contact": {"facebook": "100002413539011"}, "firstName": "Anirudh", "tips": {"count": 5}, "gender": "male", "lastName": "Shrinivas", "lists": {"groups": [{"count": 2, "type": "created", "items": []}]}, "bio": "Gadget freak, ever-inquisitive and curious. Animal lover, ambivert and a to be CSE grad!"}, {"id": "17624860", "photo": {"prefix": "https://igx.4sqi.net/img/user/", "default": true, "suffix": "/blank_boy.png"}, "homeCity": "Mumbai, India", "contact": {"facebook": "582886101"}, "firstName": "Paramveer", "tips": {"count": 0}, "gender": "male", "lastName": "Singh", "lists": {"groups": [{"count": 3, "type": "created", "items": []}]}, "bio": ""}, {"id": "13886993", "photo": {"prefix": "https://igx.4sqi.net/img/user/", "suffix": "/2HIA5EXCTIHLE5TS.jpg"}, "homeCity": "Ernakulam, India", "contact": {"facebook": "694966261"}, "firstName": "Leena", "tips": {"count": 0}, "gender": "female", "lastName": "Uthup", "lists": {"groups": [{"count": 2, "type": "created", "items": []}]}, "bio": ""}, {"id": "1735058", "photo": {"prefix": "https://igx.4sqi.net/img/user/", "suffix": "/1735058-0KA1KI512WQG3JWJ.jpg"}, "homeCity": "Chennai, Tamil Nadu", "contact": {"facebook": "535708189", "twitter": "sharmatweeting"}, "firstName": "Rahul", "tips": {"count": 4}, "gender": "male", "lastName": "Sharma", "lists": {"groups": [{"count": 2, "type": "created", "items": []}]}, "bio": ""}, {"id": "1535580", "photo": {"prefix": "https://igx.4sqi.net/img/user/", "suffix": "/Y3ZHDPQT5OBZ3AON.jpg"}, "homeCity": "Tai Hang, Hong Kong", "contact": {"facebook": "518421269"}, "firstName": "Alvin", "tips": {"count": 2}, "gender": "male", "lastName": "Lim", "lists": {"groups": [{"count": 2, "type": "created", "items": []}]}, "bio": ""}, {"id": "8615557", "photo": {"prefix": "https://igx.4sqi.net/img/user/", "suffix": "/E3PPS25QDMODHSPO.jpg"}, "homeCity": "Chennai, India", "contact": {}, "firstName": "Danny", "tips": {"count": 5}, "gender": "female", "lastName": "K Daniel", "lists": {"groups": [{"count": 2, "type": "created", "items": []}]}, "bio": ""}, {"id": "11872657", "photo": {"prefix": "https://igx.4sqi.net/img/user/", "default": true, "suffix": "/blank_girl.png"}, "homeCity": "Bombay", "contact": {"facebook": "605795719"}, "firstName": "Devyani", "tips": {"count": 0}, "gender": "female", "lastName": "D", "lists": {"groups": [{"count": 2, "type": "created", "items": []}]}, "bio": ""}, {"id": "17725300", "photo": {"prefix": "https://igx.4sqi.net/img/user/", "suffix": "/IB5EJHKHBMRSR3EL.jpg"}, "homeCity": "Chennai, India", "contact": {"facebook": "100001242085088", "twitter": "ramakrishnan4u"}, "firstName": "Rama", "tips": {"count": 0}, "gender": "male", "lastName": "Krishnan", "lists": {"groups": [{"count": 2, "type": "created", "items": []}]}, "bio": ""}, {"id": "30892129", "photo": {"prefix": "https://igx.4sqi.net/img/user/", "suffix": "/RNE1NCKHXF02R4LG.jpg"}, "homeCity": "Karnataka", "contact": {"facebook": "608090738"}, "firstName": "Nitin", "tips": {"count": 0}, "gender": "male", "lastName": "Kumar", "lists": {"groups": [{"count": 2, "type": "created", "items": []}]}, "bio": ""}, {"id": "14216026", "photo": {"prefix": "https://igx.4sqi.net/img/user/", "suffix": "/0GQVB0OZOBAOXFUK.jpg"}, "homeCity": "Chennai, India", "contact": {"facebook": "609587497", "twitter": "javeeth"}, "firstName": "Javeeth", "tips": {"count": 9}, "gender": "male", "lastName": "Ahamed", "lists": {"groups": [{"count": 2, "type": "created", "items": []}]}, "bio": ""}, {"id": "1639431", "photo": {"prefix": "https://igx.4sqi.net/img/user/", "suffix": "/XXKKHGPTUDFUW0XN.jpg"}, "homeCity": "Kummudippoondi, India", "contact": {"twitter": "blogeswari"}, "firstName": "Blogeswari", "tips": {"count": 10}, "gender": "female", "lists": {"groups": [{"count": 2, "type": "created", "items": []}]}, "bio": ""}, {"id": "8724877", "photo": {"prefix": "https://igx.4sqi.net/img/user/", "suffix": "/RHMG4XKTC3TVSALG.jpg"}, "homeCity": "Chennai, India", "contact": {"facebook": "634416873", "twitter": "manjith_pm"}, "firstName": "Manjith", "tips": {"count": 0}, "gender": "male", "lastName": "Mothiram", "lists": {"groups": [{"count": 2, "type": "created", "items": []}]}, "bio": ""}, {"id": "11882337", "photo": {"prefix": "https://igx.4sqi.net/img/user/", "suffix": "/M5AVCAYHDMYVRSSI.jpg"}, "homeCity": "Chennai, India", "contact": {"facebook": "605283106"}, "firstName": "Aruna", "tips": {"count": 0}, "gender": "female", "lastName": "Devanandan", "lists": {"groups": [{"count": 3, "type": "created", "items": []}]}, "bio": ""}, {"id": "18061709", "photo": {"prefix": "https://igx.4sqi.net/img/user/", "suffix": "/D55GEJ1J1QPQKFYT.jpg"}, "homeCity": "Chennai, India", "contact": {"facebook": "669937291", "twitter": "anandbalagopal"}, "firstName": "Anand", "tips": {"count": 17}, "gender": "male", "lastName": "Balagopal", "lists": {"groups": [{"count": 2, "type": "created", "items": []}]}, "bio": ""}, {"id": "34496607", "photo": {"prefix": "https://igx.4sqi.net/img/user/", "suffix": "/V3FB3J115PNWOHJX.jpg"}, "homeCity": "Tamil Nadu", "contact": {"facebook": "521592984", "twitter": "oxymoron93"}, "firstName": "Praveen", "tips": {"count": 9}, "gender": "male", "lastName": "V", "lists": {"groups": [{"count": 2, "type": "created", "items": []}]}, "bio": ""}, {"id": "15080257", "photo": {"prefix": "https://igx.4sqi.net/img/user/", "suffix": "/43EXSJCVIIWWAIJ1.jpg"}, "homeCity": "Chennai, India", "contact": {"twitter": "rantingtornado"}, "firstName": "Aruna", "tips": {"count": 2}, "gender": "female", "lastName": "Sharma", "lists": {"groups": [{"count": 2, "type": "created", "items": []}]}, "bio": ""}, {"id": "1648673", "photo": {"prefix": "https://igx.4sqi.net/img/user/", "suffix": "/1648673-BEEP1JPLI0ASC0CI.jpg"}, "homeCity": "Chennai, Tamil Nadu", "contact": {}, "firstName": "Bala", "tips": {"count": 3}, "gender": "male", "lastName": "SN", "lists": {"groups": [{"count": 2, "type": "created", "items": []}]}, "bio": ""}, {"id": "8772205", "photo": {"prefix": "https://igx.4sqi.net/img/user/", "suffix": "/WISMPV4VGLTEXDGU.jpg"}, "homeCity": "Chennai, India", "contact": {}, "firstName": "Krishnan", "tips": {"count": 0}, "gender": "male", "lastName": "Jayaraj", "lists": {"groups": [{"count": 2, "type": "created", "items": []}]}, "bio": ""}, {"id": "11884541", "photo": {"prefix": "https://igx.4sqi.net/img/user/", "suffix": "/2IQOP5N51JC4S52V.jpg"}, "homeCity": "Chennai, India", "contact": {"facebook": "731485735"}, "firstName": "Gautham", "tips": {"count": 0}, "gender": "male", "lastName": "GangaDharan", "lists": {"groups": [{"count": 2, "type": "created", "items": []}]}, "bio": ""}, {"id": "18113991", "photo": {"prefix": "https://igx.4sqi.net/img/user/", "suffix": "/18113991-AQGS0VFAXW1JU004.jpg"}, "homeCity": "Coimbatore, India", "contact": {"facebook": "1089785826", "twitter": "anthonyajay"}, "firstName": "Ajay", "tips": {"count": 7}, "gender": "male", "lastName": "Antony", "lists": {"groups": [{"count": 2, "type": "created", "items": []}]}, "bio": ""}, {"id": "20698130", "photo": {"prefix": "https://igx.4sqi.net/img/user/", "suffix": "/Q4TICIDQEK5ZLFR2.jpg"}, "homeCity": "Chennai, IND", "contact": {"facebook": "1628226747", "twitter": "jagandit"}, "firstName": "Jagan", "tips": {"count": 3}, "gender": "male", "lastName": "Kumar", "lists": {"groups": [{"count": 2, "type": "created", "items": []}]}, "bio": ""}, {"id": "2425291", "photo": {"prefix": "https://igx.4sqi.net/img/user/", "suffix": "/JSSVOP3IOSUT1K3J.jpg"}, "homeCity": "Chennai, India", "contact": {"facebook": "676249417", "twitter": "murugz"}, "firstName": "murugananth", "tips": {"count": 60}, "gender": "male", "lastName": "R", "lists": {"groups": [{"count": 2, "type": "created", "items": []}]}, "bio": ""}, {"id": "22762892", "photo": {"prefix": "https://igx.4sqi.net/img/user/", "suffix": "/R2Q5C333XFU22PX5.jpg"}, "homeCity": "Madurai, India", "contact": {"facebook": "718992113", "twitter": "ronakhshah"}, "firstName": "Ronak", "tips": {"count": 0}, "gender": "male", "lastName": "Shah", "lists": {"groups": [{"count": 4, "type": "created", "items": []}]}, "bio": ""}, {"id": "14309675", "photo": {"prefix": "https://igx.4sqi.net/img/user/", "suffix": "/14309675-ZQECFWPUWMB4LMEJ.jpg"}, "homeCity": "Chennai, India", "contact": {"facebook": "543243230", "twitter": "rajthilak_87"}, "firstName": "Raj thilak", "tips": {"count": 1}, "gender": "male", "lastName": "Elango", "lists": {"groups": [{"count": 3, "type": "created", "items": []}]}, "bio": ""}, {"id": "18245411", "photo": {"prefix": "https://igx.4sqi.net/img/user/", "suffix": "/D2PBNUUHO3SS2ITV.jpg"}, "homeCity": "Bengaluru, India", "contact": {"facebook": "1434771431"}, "firstName": "Yuva", "tips": {"count": 0}, "gender": "male", "lastName": "Raj", "lists": {"groups": [{"count": 2, "type": "created", "items": []}]}, "bio": ""}, {"id": "2578080", "photo": {"prefix": "https://igx.4sqi.net/img/user/", "suffix": "/YIYD5QTFPSUIFMNE.jpg"}, "homeCity": "Roma, Italia", "contact": {"facebook": "10153343045538336", "twitter": "federicorusso"}, "firstName": "Federico", "tips": {"count": 8}, "gender": "male", "lastName": "Russo", "lists": {"groups": [{"count": 3, "type": "created", "items": []}]}, "bio": ""}, {"id": "15711057", "photo": {"prefix": "https://igx.4sqi.net/img/user/", "suffix": "/I0AOLB1BINMXPXQR.jpg"}, "homeCity": "Chennai, India", "contact": {"facebook": "693896559"}, "firstName": "Sanjeev", "tips": {"count": 0}, "gender": "male", "lastName": "Kumar", "lists": {"groups": [{"count": 4, "type": "created", "items": []}]}, "bio": ""}, {"id": "3099935", "photo": {"prefix": "https://igx.4sqi.net/img/user/", "suffix": "/TM4IQNHHYZNY3T0Q.jpg"}, "homeCity": "Chennai, India", "contact": {"twitter": "msnarain"}, "firstName": "Sathyanarain", "tips": {"count": 2}, "gender": "male", "lastName": "Muralidharan", "lists": {"groups": [{"count": 2, "type": "created", "items": []}]}, "bio": ""}, {"id": "20660604", "photo": {"prefix": "https://igx.4sqi.net/img/user/", "suffix": "/VD41V5T5M1VJF2MF.jpg"}, "homeCity": "Tamil Nadu", "contact": {"facebook": "1262538466"}, "firstName": "Melvin", "tips": {"count": 1}, "gender": "male", "lastName": "Fernando", "lists": {"groups": [{"count": 3, "type": "created", "items": []}]}, "bio": ""}, {"id": "3372579", "photo": {"prefix": "https://igx.4sqi.net/img/user/", "suffix": "/0QMYXAUURYOXJJ1D.jpg"}, "homeCity": "Bombay, India", "contact": {"facebook": "654432246"}, "firstName": "Arnab", "tips": {"count": 1}, "gender": "male", "lastName": "Biswas", "lists": {"groups": [{"count": 2, "type": "created", "items": []}]}, "bio": ""}, {"id": "3619044", "photo": {"prefix": "https://igx.4sqi.net/img/user/", "suffix": "/4SUPFN5J5KF1WAJO.png"}, "homeCity": "Bangalore, India", "contact": {"facebook": "1563002446", "twitter": "kingfisherworld"}, "firstName": "Kingfisher", "tips": {"count": 0}, "gender": "none", "lastName": "World", "lists": {"groups": [{"count": 2, "type": "created", "items": []}]}, "bio": ""}, {"id": "3996490", "photo": {"prefix": "https://igx.4sqi.net/img/user/", "default": true, "suffix": "/blank_boy.png"}, "homeCity": "Chennai, India", "contact": {}, "firstName": "syed", "tips": {"count": 0}, "gender": "male", "lastName": "muheeb", "lists": {"groups": [{"count": 2, "type": "created", "items": []}]}, "bio": ""}, {"id": "4116274", "photo": {"prefix": "https://igx.4sqi.net/img/user/", "default": true, "suffix": "/blank_boy.png"}, "homeCity": "Bengaluru, India", "contact": {"facebook": "603033524"}, "firstName": "adarsh", "tips": {"count": 0}, "gender": "male", "lastName": "hegde", "lists": {"groups": [{"count": 2, "type": "created", "items": []}]}, "bio": ""}, {"id": "5233311", "photo": {"prefix": "https://igx.4sqi.net/img/user/", "suffix": "/E5X0PTUIVYRG0JCB.jpg"}, "homeCity": "Mumbai, India", "contact": {"facebook": "600936114", "twitter": "phatlionfish"}, "firstName": "Shweta", "tips": {"count": 0}, "gender": "female", "lastName": "Iyer", "lists": {"groups": [{"count": 2, "type": "created", "items": []}]}, "bio": "Wide-eyed & perpetually bemused| Love to believe in things that don't exist| A laughing buddha with a disease to shop incessantly."}, {"id": "6127186", "photo": {"prefix": "https://igx.4sqi.net/img/user/", "suffix": "/WR4I00W3NOM3CUGN.jpg"}, "homeCity": "Chennai, India", "contact": {"facebook": "800710625"}, "firstName": "Terese", "tips": {"count": 1}, "gender": "female", "lastName": "Devasahayam", "lists": {"groups": [{"count": 2, "type": "created", "items": []}]}, "bio": ""}, {"id": "10911490", "photo": {"prefix": "https://igx.4sqi.net/img/user/", "suffix": "/10911490-SSAQHX2YTU5NTHWI.jpg"}, "homeCity": "SF", "contact": {"facebook": "588155885", "twitter": "vaish"}, "firstName": "Vaishnavi", "tips": {"count": 23}, "gender": "female", "lastName": "Srinivasan", "lists": {"groups": [{"count": 4, "type": "created", "items": []}]}, "bio": ""}]}, "checksum": "073e16d0650cc2557588a9098df192bb9cc8be18"}}