{"notifications": [{"type": "notificationTray", "item": {"unreadCount": 0}}], "response": {"friends": {"items": [{"tips": {"count": 0}, "contact": {"facebook": "1738538960"}, "firstName": "Maria", "gender": "female", "lastName": "Rashid", "id": "4448185", "bio": "", "photo": {"prefix": "https://igx.4sqi.net/img/user/", "suffix": "/4448185-IQGU1VHEFT4QTUMO.jpg"}, "homeCity": "Petaling Jaya, Malaysia", "lists": {"groups": [{"items": [], "count": 2, "type": "created"}]}}, {"tips": {"count": 13}, "contact": {"twitter": "chgomatt82", "facebook": "905385636"}, "firstName": "Matthew", "gender": "male", "lastName": "Gore", "id": "258824", "bio": "", "photo": {"prefix": "https://igx.4sqi.net/img/user/", "suffix": "/14PU52KPDRZQ00YK.jpg"}, "homeCity": "Brooklyn, NY", "lists": {"groups": [{"items": [], "count": 2, "type": "created"}]}}, {"tips": {"count": 0}, "contact": {"facebook": "523648361"}, "firstName": "Michael", "gender": "none", "lastName": "Chia", "id": "1325713", "bio": "", "photo": {"prefix": "https://igx.4sqi.net/img/user/", "suffix": "/22ATQ3WNDEI0DQTH.jpg"}, "homeCity": "Singapore", "lists": {"groups": [{"items": [], "count": 2, "type": "created"}]}}, {"tips": {"count": 0}, "contact": {}, "firstName": "Deva", "gender": "male", "id": "1337756", "bio": "", "photo": {"prefix": "https://igx.4sqi.net/img/user/", "suffix": "/blank_boy.png", "default": true}, "homeCity": "Serangoon, Singapore", "lists": {"groups": [{"items": [], "count": 2, "type": "created"}]}}, {"tips": {"count": 35}, "contact": {"facebook": "1601101022"}, "firstName": "Frank", "gender": "male", "lastName": "G\u00e4rtner", "id": "2808576", "bio": "", "photo": {"prefix": "https://igx.4sqi.net/img/user/", "suffix": "/ARXNF2355YJTAE5L.jpg"}, "homeCity": "Stuttgart, Bundesrepublik Deutschland", "lists": {"groups": [{"items": [], "count": 3, "type": "created"}]}}, {"tips": {"count": 1}, "contact": {}, "firstName": "Mazako", "gender": "female", "lastName": "Nagai", "id": "660646", "bio": "", "photo": {"prefix": "https://igx.4sqi.net/img/user/", "suffix": "/blank_girl.png", "default": true}, "homeCity": "Toronto Division, ON", "lists": {"groups": [{"items": [], "count": 2, "type": "created"}]}}, {"tips": {"count": 0}, "contact": {"facebook": "734083288"}, "firstName": "Anuraj", "gender": "male", "lastName": "Toppo", "id": "9682003", "bio": "", "photo": {"prefix": "https://igx.4sqi.net/img/user/", "suffix": "/PKM2BLKSKPZICHTG.jpg"}, "homeCity": "New Delhi, India", "lists": {"groups": [{"items": [], "count": 2, "type": "created"}]}}, {"tips": {"count": 5}, "contact": {"twitter": "chrishalaguena", "facebook": "1065802852"}, "firstName": "Chris", "gender": "male", "lastName": "H", "id": "989294", "bio": "A seasoned marketing strategist and digital practitioner, my goal is to keep a steady stream of marketing challenges in front of me.", "photo": {"prefix": "https://igx.4sqi.net/img/user/", "suffix": "/-5SVOJZZRKOYKCYMU.jpg"}, "homeCity": "Liverpool, NSW", "lists": {"groups": [{"items": [], "count": 4, "type": "created"}]}}, {"tips": {"count": 1}, "contact": {"twitter": "elecdesignnews", "facebook": "718015733"}, "firstName": "Ian", "gender": "male", "lastName": "Baxter", "id": "680421", "bio": "", "photo": {"prefix": "https://igx.4sqi.net/img/user/", "suffix": "/JEL55AIRL0MXQBYM.jpg"}, "homeCity": "Leeds, W.Yorks", "lists": {"groups": [{"items": [], "count": 2, "type": "created"}]}}, {"superuser": 1, "tips": {"count": 6}, "contact": {}, "firstName": "Amelia", "gender": "none", "lastName": "Chen", "id": "156161", "bio": "", "photo": {"prefix": "https://igx.4sqi.net/img/user/", "suffix": "/42V3ILFK3MJKGBI3.jpg"}, "homeCity": "Singapore", "lists": {"groups": [{"items": [], "count": 17, "type": "created"}]}}, {"tips": {"count": 7}, "contact": {"facebook": "560156971"}, "firstName": "Aditya", "gender": "male", "lastName": "Moorthy", "id": "1017946", "bio": "", "photo": {"prefix": "https://igx.4sqi.net/img/user/", "suffix": "/XUILSDBPWUMPH5TO.jpg"}, "homeCity": "\u5357\u9b5a\u6cbc\u90e1, \u65b0\u6f5f\u770c", "lists": {"groups": [{"items": [], "count": 2, "type": "created"}]}}, {"tips": {"count": 12}, "contact": {}, "firstName": "Spring", "gender": "female", "lastName": "Y", "id": "3848888", "bio": "", "photo": {"prefix": "https://igx.4sqi.net/img/user/", "suffix": "/C2Z0LYNIPRWXFOI0.jpg"}, "homeCity": "Singapore", "lists": {"groups": [{"items": [], "count": 2, "type": "created"}]}}, {"tips": {"count": 0}, "contact": {}, "firstName": "Nat", "gender": "male", "id": "1032277", "bio": "", "photo": {"prefix": "https://igx.4sqi.net/img/user/", "suffix": "/blank_boy.png", "default": true}, "homeCity": "Kent Ridge, Singapore", "lists": {"groups": [{"items": [], "count": 2, "type": "created"}]}}, {"superuser": 3, "tips": {"count": 85}, "contact": {"twitter": "dj_ling", "facebook": "1091664410861691"}, "firstName": "Egor", "gender": "male", "lastName": "Belikov", "id": "274334", "bio": "\u041c\u044f\u0443!\r\n==\r\nMeow!\r\n\r\nabout.me/begor\r\ntwitter.com/dj_ling", "photo": {"prefix": "https://igx.4sqi.net/img/user/", "suffix": "/274334-ZIB2EJKBYJVQERSS.jpg"}, "homeCity": "\u0433\u043e\u0440\u043e\u0434 \u041c\u043e\u0441\u043a\u0432\u0430, \u0420\u043e\u0441\u0441\u0438\u044f", "lists": {"groups": [{"items": [], "count": 7, "type": "created"}]}}, {"tips": {"count": 0}, "contact": {"facebook": "725868172"}, "firstName": "Devaraj", "gender": "male", "id": "1169961", "bio": "", "photo": {"prefix": "https://igx.4sqi.net/img/user/", "suffix": "/blank_boy.png", "default": true}, "homeCity": "Serangoon, Singapore", "lists": {"groups": [{"items": [], "count": 2, "type": "created"}]}}, {"tips": {"count": 2}, "contact": {"twitter": "goofyg28", "facebook": "505026698"}, "firstName": "Gary", "gender": "male", "lastName": "Leung", "id": "1697775", "bio": "", "photo": {"prefix": "https://igx.4sqi.net/img/user/", "suffix": "/R53ZSZUOG24DRVMR.jpg"}, "homeCity": "Goofyg28@gmail.com", "lists": {"groups": [{"items": [], "count": 2, "type": "created"}]}}, {"tips": {"count": 1}, "contact": {"facebook": "606269041"}, "firstName": "Jasmine", "gender": "female", "lastName": "Sin", "id": "5083793", "bio": "", "photo": {"prefix": "https://igx.4sqi.net/img/user/", "suffix": "/3OG3ISMUTAIJU3HI.jpg"}, "homeCity": "Singapore", "lists": {"groups": [{"items": [], "count": 2, "type": "created"}]}}, {"tips": {"count": 6}, "contact": {"twitter": "arungv", "facebook": "702562784"}, "firstName": "Arun", "gender": "male", "lastName": "G V", "id": "21131240", "bio": "a family person with passion for driving, eating, cooking, automobiles, aviation, photography and talking. I wish to give something back to the society.", "photo": {"prefix": "https://igx.4sqi.net/img/user/", "suffix": "/E1RZH1W13VSXKTMU.jpg"}, "homeCity": "Mumbai", "lists": {"groups": [{"items": [], "count": 3, "type": "created"}]}}, {"tips": {"count": 4}, "contact": {"facebook": "561424714"}, "firstName": "Pradeepkumar", "gender": "male", "lastName": "R", "id": "1029879", "bio": "", "photo": {"prefix": "https://igx.4sqi.net/img/user/", "suffix": "/YWCSNDRTZ31R1HE1.jpg"}, "homeCity": "Singapore", "lists": {"groups": [{"items": [], "count": 2, "type": "created"}]}}, {"tips": {"count": 0}, "contact": {}, "firstName": "Gwen", "gender": "female", "lastName": "Zenovka", "id": "4753521", "bio": "", "photo": {"prefix": "https://igx.4sqi.net/img/user/", "suffix": "/CT3IOFAYRXJ5NH3X.jpg"}, "homeCity": "Singapore", "lists": {"groups": [{"items": [], "count": 2, "type": "created"}]}}, {"tips": {"count": 0}, "contact": {}, "firstName": "Janna", "gender": "female", "lastName": "Retzler", "id": "1482388", "bio": "", "photo": {"prefix": "https://igx.4sqi.net/img/user/", "suffix": "/MAQ5MQQB3V55ZCRK.jpg"}, "homeCity": "Palatine, Illinois", "lists": {"groups": [{"items": [], "count": 2, "type": "created"}]}}, {"tips": {"count": 0}, "contact": {"facebook": "646669950"}, "firstName": "Joseph", "gender": "male", "lastName": "Yeo", "id": "1710960", "bio": "", "photo": {"prefix": "https://igx.4sqi.net/img/user/", "suffix": "/04FILQM32VG1FG02.jpg"}, "homeCity": "Riverside, Singapore", "lists": {"groups": [{"items": [], "count": 2, "type": "created"}]}}, {"tips": {"count": 1}, "contact": {"twitter": "gwenzenovka", "facebook": "1062561565"}, "firstName": "Gwen", "gender": "female", "lastName": "Z", "id": "4757892", "bio": "", "photo": {"prefix": "https://igx.4sqi.net/img/user/", "suffix": "/Q31UQIC4JKX51SRZ.jpg"}, "homeCity": "Singapore", "lists": {"groups": [{"items": [], "count": 2, "type": "created"}]}}, {"tips": {"count": 1}, "contact": {"twitter": "grigorov", "facebook": "668454459"}, "firstName": "Alexander", "gender": "male", "lastName": "Grigorov", "id": "3611874", "bio": "", "photo": {"prefix": "https://igx.4sqi.net/img/user/", "suffix": "/4VNKJ3KHM1WFU0MQ.jpg"}, "homeCity": "\u0421\u043e\u0444\u0438\u044f, \u0411\u044a\u043b\u0433\u0430\u0440\u0438\u044f", "lists": {"groups": [{"items": [], "count": 2, "type": "created"}]}}, {"tips": {"count": 0}, "contact": {}, "firstName": "Simon", "gender": "male", "lastName": "Baxter", "id": "6486086", "bio": "", "photo": {"prefix": "https://igx.4sqi.net/img/user/", "suffix": "/ZRMPDA141A1IPSZG.jpg"}, "homeCity": "Singapore", "lists": {"groups": [{"items": [], "count": 2, "type": "created"}]}}, {"tips": {"count": 0}, "contact": {"facebook": "1280590455"}, "firstName": "Kevin", "gender": "male", "lastName": "Khua", "id": "3998470", "bio": "", "photo": {"prefix": "https://igx.4sqi.net/img/user/", "suffix": "/blank_boy.png", "default": true}, "homeCity": "Singapore", "lists": {"groups": [{"items": [], "count": 2, "type": "created"}]}}, {"tips": {"count": 1}, "contact": {"facebook": "863725173"}, "firstName": "Marc", "gender": "male", "lastName": "Grange", "id": "6124250", "bio": "", "photo": {"prefix": "https://igx.4sqi.net/img/user/", "suffix": "/045D0VO0ZXMRHCHY.jpg"}, "homeCity": "Singapore", "lists": {"groups": [{"items": [], "count": 2, "type": "created"}]}}], "count": 27}, "checksum": "4d2098c84dec556e9fa082f8d75eb1d0f794e457"}, "meta": {"requestId": "5965b7d7351e3d64b06a1445", "code": 200}}