{"notifications": [{"type": "notificationTray", "item": {"unreadCount": 0}}], "meta": {"requestId": "5966f266f594df221bdc2a68", "code": 200}, "response": {"friends": {"count": 126, "items": [{"id": "275984", "photo": {"prefix": "https://igx.4sqi.net/img/user/", "suffix": "/P4MJNZI2S0NKG1AP.jpg"}, "homeCity": "Dubai", "contact": {"facebook": "623577591", "twitter": "vascellari"}, "firstName": "Andrea", "tips": {"count": 25}, "gender": "male", "lastName": "Vascellari", "lists": {"groups": [{"count": 3, "type": "created", "items": []}]}, "bio": "http://andreavascellari.com/"}, {"id": "369683", "photo": {"prefix": "https://igx.4sqi.net/img/user/", "suffix": "/TK3I32DCJT1FUX2T.jpg"}, "homeCity": "Croydon Hills, VIC", "contact": {"twitter": "lukemccormack"}, "firstName": "Luke", "tips": {"count": 27}, "gender": "male", "lastName": "McCormack", "lists": {"groups": [{"count": 2, "type": "created", "items": []}]}, "bio": ""}, {"id": "1382827", "photo": {"prefix": "https://igx.4sqi.net/img/user/", "suffix": "/BXTB3AYGRGL3AFP0.jpg"}, "homeCity": "Brunswick East, VIC", "contact": {}, "firstName": "Kate", "tips": {"count": 0}, "gender": "female", "lastName": "Goodwin", "lists": {"groups": [{"count": 2, "type": "created", "items": []}]}, "bio": ""}, {"id": "2280594", "photo": {"prefix": "https://igx.4sqi.net/img/user/", "suffix": "/2OCU4IKWVYRVXHMC.jpg"}, "homeCity": "Tampa, FL", "contact": {"facebook": "502752253"}, "firstName": "Jimmy", "tips": {"count": 2}, "gender": "male", "lastName": "Wales", "lists": {"groups": [{"count": 2, "type": "created", "items": []}]}, "bio": ""}, {"id": "86522", "photo": {"prefix": "https://igx.4sqi.net/img/user/", "suffix": "/86522_1258678185228.jpg"}, "homeCity": "New York, NY", "contact": {}, "firstName": "Matt", "tips": {"count": 2}, "gender": "male", "lastName": "Connors", "lists": {"groups": [{"count": 2, "type": "created", "items": []}]}, "bio": ""}, {"id": "8466", "photo": {"prefix": "https://igx.4sqi.net/img/user/", "suffix": "/8466-00BVZO2GQDAONLBM.jpg"}, "homeCity": "Melbourne", "contact": {"twitter": "rosshill"}, "firstName": "Ross", "tips": {"count": 182}, "superuser": 2, "gender": "male", "lastName": "Hill", "lists": {"groups": [{"count": 14, "type": "created", "items": []}]}, "bio": ""}, {"id": "961949", "photo": {"prefix": "https://igx.4sqi.net/img/user/", "suffix": "/TG5SAOM3NOJ2MKLY.jpg"}, "homeCity": "\u5317\u4eac\u5e02, \u4e2d\u56fd", "contact": {}, "firstName": "Mark", "tips": {"count": 0}, "gender": "male", "lastName": "Di Stefano", "lists": {"groups": [{"count": 2, "type": "created", "items": []}]}, "bio": ""}, {"id": "219595", "photo": {"prefix": "https://igx.4sqi.net/img/user/", "suffix": "/OY1FAAMVP1DXFLTJ.jpg"}, "homeCity": "Dunsborough, WA", "contact": {"facebook": "733213719", "twitter": "bodieczeladka"}, "firstName": "Bodie", "tips": {"count": 1}, "gender": "male", "lastName": "Czeladka", "lists": {"groups": [{"count": 2, "type": "created", "items": []}]}, "bio": ""}, {"id": "103275", "photo": {"prefix": "https://igx.4sqi.net/img/user/", "suffix": "/-1_1258665068864.jpg"}, "homeCity": "Melbourne, Australia", "contact": {}, "firstName": "Ned", "tips": {"count": 2}, "superuser": 1, "gender": "male", "lastName": "Dwyer", "lists": {"groups": [{"count": 2, "type": "created", "items": []}]}, "bio": ""}, {"id": "277234", "photo": {"prefix": "https://igx.4sqi.net/img/user/", "suffix": "/GX3HIWRKHNZXWSNO.jpg"}, "homeCity": "Sydney, Australia", "contact": {}, "firstName": "jamie", "tips": {"count": 31}, "gender": "male", "lastName": "andrei", "lists": {"groups": [{"count": 2, "type": "created", "items": []}]}, "bio": ""}, {"id": "1246555", "photo": {"prefix": "https://igx.4sqi.net/img/user/", "suffix": "/12MBIOS31NOWRPEK.jpg"}, "homeCity": "M\u00fcnster, NRW", "contact": {"facebook": "744003525"}, "firstName": "Jan", "tips": {"count": 0}, "gender": "male", "lastName": "Beckers", "lists": {"groups": [{"count": 2, "type": "created", "items": []}]}, "bio": ""}, {"id": "95233", "photo": {"prefix": "https://igx.4sqi.net/img/user/", "suffix": "/WQWCKSOAPINN0ZI2.jpg"}, "homeCity": "Richmond, Australia", "contact": {"twitter": "fennb"}, "firstName": "Fenn", "tips": {"count": 1}, "gender": "male", "lastName": "Bailey", "lists": {"groups": [{"count": 2, "type": "created", "items": []}]}, "bio": ""}, {"id": "55466", "photo": {"prefix": "https://igx.4sqi.net/img/user/", "suffix": "/W5S0OSVEBJTJDE3E.jpg"}, "homeCity": "New York, NY", "contact": {"facebook": "7105664", "twitter": "jmnathanson"}, "firstName": "Judah", "tips": {"count": 5}, "gender": "male", "lastName": "Nathanson", "lists": {"groups": [{"count": 2, "type": "created", "items": []}]}, "bio": ""}, {"id": "1152233", "photo": {"prefix": "https://igx.4sqi.net/img/user/", "suffix": "/1HPQYX5GFHFDAWXH.jpg"}, "homeCity": "Auckland", "contact": {"twitter": "nickliveshere"}, "firstName": "Nick", "tips": {"count": 157}, "gender": "male", "lastName": "Hodgson", "lists": {"groups": [{"count": 2, "type": "created", "items": []}]}, "bio": ""}, {"id": "2664441", "photo": {"prefix": "https://igx.4sqi.net/img/user/", "suffix": "/5GOF3YRYLVEB5AFV.jpg"}, "homeCity": "Caulfield North, Australia", "contact": {}, "firstName": "Eric", "tips": {"count": 0}, "gender": "male", "lastName": "Tang", "lists": {"groups": [{"count": 2, "type": "created", "items": []}]}, "bio": ""}, {"id": "105163", "photo": {"prefix": "https://igx.4sqi.net/img/user/", "suffix": "/ZFPUCT14WJVZMGCD.jpg"}, "homeCity": "Berlin, Germany", "contact": {"facebook": "583286302", "twitter": "nicolesimon"}, "firstName": "Nicole", "tips": {"count": 7}, "gender": "female", "lastName": "Simon", "lists": {"groups": [{"count": 6, "type": "created", "items": []}]}, "bio": "I specialize in tactics and digital craftsmanship + provide cruel to be kind feedback, working with companies and startups, in Berlin and Europe."}, {"id": "1248773", "photo": {"prefix": "https://igx.4sqi.net/img/user/", "default": true, "suffix": "/blank_boy.png"}, "homeCity": "Vienna, Austria", "contact": {"facebook": "740180742", "twitter": "elcano"}, "firstName": "Sebastian", "tips": {"count": 0}, "gender": "none", "lastName": "Heinzel", "lists": {"groups": [{"count": 2, "type": "created", "items": []}]}, "bio": ""}, {"id": "95324", "photo": {"prefix": "https://igx.4sqi.net/img/user/", "suffix": "/95324_1258666768446.png"}, "homeCity": "Richmond, Australia", "contact": {"facebook": "594131406", "twitter": "tomhoward"}, "firstName": "Tom", "tips": {"count": 0}, "gender": "male", "lastName": "Howard", "lists": {"groups": [{"count": 2, "type": "created", "items": []}]}, "bio": ""}, {"id": "56277", "photo": {"prefix": "https://igx.4sqi.net/img/user/", "suffix": "/-A5XTXL3IION5Y42U.jpg"}, "homeCity": "London, UK", "contact": {"facebook": "685486040", "twitter": "mikebutcher"}, "firstName": "Mike", "tips": {"count": 26}, "gender": "male", "lastName": "Butcher", "lists": {"groups": [{"count": 5, "type": "created", "items": []}]}, "bio": "Twitter: @mikebutcher"}, {"id": "1832972", "photo": {"prefix": "https://igx.4sqi.net/img/user/", "suffix": "/3LI4NRLOUT0LCTU1.jpg"}, "homeCity": "Doncaster, VIC", "contact": {"facebook": "590345554", "twitter": "rezntoumos"}, "firstName": "Rez", "tips": {"count": 2}, "gender": "male", "lastName": "Ntoumos", "lists": {"groups": [{"count": 4, "type": "created", "items": []}]}, "bio": ""}, {"id": "106076", "photo": {"prefix": "https://igx.4sqi.net/img/user/", "suffix": "/106076_1259136626995.jpg"}, "homeCity": "Melbourne, Australia", "contact": {}, "firstName": "Pieter", "tips": {"count": 14}, "superuser": 1, "gender": "male", "lastName": "Peach", "lists": {"groups": [{"count": 8, "type": "created", "items": []}]}, "bio": ""}, {"id": "56327", "photo": {"prefix": "https://igx.4sqi.net/img/user/", "suffix": "/JWYAB3SA51THGQKY.jpg"}, "homeCity": "Italy", "contact": {"twitter": "tojulius"}, "firstName": "Julius", "tips": {"count": 11}, "gender": "male", "lastName": "Solaris", "lists": {"groups": [{"count": 5, "type": "created", "items": []}]}, "bio": "Coffe Lover, Events Geek, Blogger"}, {"id": "122918", "photo": {"prefix": "https://igx.4sqi.net/img/user/", "suffix": "/122918-G0TS4HIBQDVUIJ3S.jpg"}, "homeCity": "Wellington, New Zealand", "contact": {"facebook": "770212391", "twitter": "pauljacobs4real"}, "firstName": "Paul", "tips": {"count": 1}, "gender": "male", "lastName": "Jacobs", "lists": {"groups": [{"count": 2, "type": "created", "items": []}]}, "bio": ""}, {"id": "125198", "photo": {"prefix": "https://igx.4sqi.net/img/user/", "suffix": "/33YW1W0NZYFP3HQX.jpg"}, "homeCity": "Auckland, New Zealand", "contact": {"facebook": "574695753", "twitter": "simonyoung"}, "firstName": "Simon", "tips": {"count": 20}, "gender": "male", "lastName": "Young", "lists": {"groups": [{"count": 2, "type": "created", "items": []}]}, "bio": "Partner and Principal at syENGAGE, coauthor Social Media MBA, sinophile, \u6211\u5b66\u4e60\u4e2d\u6587"}, {"id": "130587", "photo": {"prefix": "https://igx.4sqi.net/img/user/", "suffix": "/130587-T5ARX2P1FMKMALG2.jpg"}, "homeCity": "San Francisco, California ", "contact": {"facebook": "534256920", "twitter": "katekendall"}, "firstName": "Kate", "tips": {"count": 20}, "superuser": 1, "gender": "female", "lastName": "Kendall", "lists": {"groups": [{"count": 20, "type": "created", "items": []}]}, "bio": "Founder and CEO at CloudPeeps. Created The Fetch and freelancefriday.co. Writer. Love building communities, companies and remote teams. Chai tea enthusiast."}, {"id": "475795", "photo": {"prefix": "https://igx.4sqi.net/img/user/", "suffix": "/YQAG0QOOJU3PF0TT.jpg"}, "homeCity": "Sydney, NSW", "contact": {"facebook": "694651962", "twitter": "digitalgodess"}, "firstName": "Stephenie", "tips": {"count": 47}, "gender": "female", "lastName": "Rodriguez", "lists": {"groups": [{"count": 6, "type": "created", "items": []}]}, "bio": "Digital Problem solver, frequent flyer, foodie, and travel pundit. #foursquare lover and #iphone user."}]}, "checksum": "3249568648f0af37782df4c5155e820ac3e797a9"}}