{"notifications": [{"type": "notificationTray", "item": {"unreadCount": 0}}], "meta": {"requestId": "5966e36d4434b9555806ae08", "code": 200}, "response": {"friends": {"count": 561, "items": [{"id": "504755", "photo": {"prefix": "https://igx.4sqi.net/img/user/", "suffix": "/R2IUWM55GGVWYTJL.jpg"}, "homeCity": "Chong Nonsi, Bangkok", "contact": {}, "firstName": "Oui68", "tips": {"count": 15}, "gender": "male", "lists": {"groups": [{"count": 2, "type": "created", "items": []}]}, "bio": ""}, {"id": "1358726", "photo": {"prefix": "https://igx.4sqi.net/img/user/", "suffix": "/JHROBQBAOX2GZMNF.jpg"}, "homeCity": "Bang Rak Noi, Nonthaburi", "contact": {}, "firstName": "fluke", "tips": {"count": 5}, "gender": "male", "lastName": "fluke", "lists": {"groups": [{"count": 2, "type": "created", "items": []}]}, "bio": ""}, {"id": "273591", "photo": {"prefix": "https://igx.4sqi.net/img/user/", "suffix": "/ANOWB3X2TLFU1QC2.jpg"}, "homeCity": "Saphan Sung, Bangkok", "contact": {"facebook": "609122714", "twitter": "chavalit_ad"}, "firstName": "Chavalit", "tips": {"count": 16}, "gender": "male", "lastName": "A", "lists": {"groups": [{"count": 2, "type": "created", "items": []}]}, "bio": ""}, {"id": "405950", "photo": {"prefix": "https://igx.4sqi.net/img/user/", "suffix": "/405950_ZY2v2GFU_s5OQBhmeN5yUmcuvb_28ct4xju0iGWra0Lamo7RwjO8EZ8prin5ibvb7nD0E3fLC.jpg"}, "homeCity": "Bangkok, Thailand", "contact": {}, "firstName": "Suthisak", "tips": {"count": 109}, "gender": "male", "lists": {"groups": [{"count": 4, "type": "created", "items": []}]}, "bio": ""}, {"id": "350583", "photo": {"prefix": "https://igx.4sqi.net/img/user/", "suffix": "/KQP0D44CWIMBQTPA.jpg"}, "homeCity": "Khlong Kum, Bangkok", "contact": {}, "firstName": "Seksit", "tips": {"count": 0}, "gender": "male", "lastName": "U-Thit", "lists": {"groups": [{"count": 2, "type": "created", "items": []}]}, "bio": ""}, {"id": "517334", "photo": {"prefix": "https://igx.4sqi.net/img/user/", "suffix": "/0BJ5YO0QVVQ034HR.jpg"}, "homeCity": "Philadelphia, Pennsylvania", "contact": {"twitter": "scotteweinberg"}, "firstName": "Scott", "tips": {"count": 2}, "gender": "male", "lastName": "Weinberg", "lists": {"groups": [{"count": 2, "type": "created", "items": []}]}, "bio": ""}, {"id": "231987", "photo": {"prefix": "https://igx.4sqi.net/img/user/", "suffix": "/RJOOXSFBDZ4XPPM5.jpg"}, "homeCity": "Bangkok, Thailand", "contact": {"facebook": "508837336", "twitter": "chayanin"}, "firstName": "Chayanin", "tips": {"count": 0}, "gender": "male", "lastName": "Wipusanawan", "lists": {"groups": [{"count": 2, "type": "created", "items": []}]}, "bio": ""}, {"id": "656520", "photo": {"prefix": "https://igx.4sqi.net/img/user/", "suffix": "/POK0OZHJN01D4CZZ.jpg"}, "homeCity": "Tustin, CA", "contact": {"twitter": "barcaloco"}, "firstName": "Barcaloco", "tips": {"count": 1}, "gender": "male", "lists": {"groups": [{"count": 2, "type": "created", "items": []}]}, "bio": ""}, {"id": "447939", "photo": {"prefix": "https://igx.4sqi.net/img/user/", "suffix": "/2VKKL2BBJR3QHE0X.jpg"}, "homeCity": "\u0e1a\u0e32\u0e07\u0e01\u0e30\u0e1b\u0e34, \u0e01\u0e23\u0e38\u0e07\u0e40\u0e17\u0e1e\u0e21\u0e2b\u0e32\u0e19\u0e04\u0e23", "contact": {"facebook": "522893398", "twitter": "ningunchisa"}, "firstName": "anchisa", "tips": {"count": 0}, "gender": "female", "lastName": "tangmujarin", "lists": {"groups": [{"count": 2, "type": "created", "items": []}]}, "bio": ""}, {"id": "187098", "photo": {"prefix": "https://igx.4sqi.net/img/user/", "suffix": "/T1WNB51T0D0WBOIN.jpg"}, "homeCity": "Pak kret, Nonthaburi", "contact": {"facebook": "590153344", "twitter": "tozt"}, "firstName": "kittinon", "tips": {"count": 44}, "gender": "male", "lastName": "o.", "lists": {"groups": [{"count": 2, "type": "created", "items": []}]}, "bio": ""}, {"id": "612975", "photo": {"prefix": "https://igx.4sqi.net/img/user/", "suffix": "/XHHWIDAEX4W4OZIE.jpg"}, "homeCity": "Thailand", "contact": {"twitter": "sashaguide"}, "firstName": "SashaGuide", "tips": {"count": 4}, "gender": "male", "lists": {"groups": [{"count": 2, "type": "created", "items": []}]}, "bio": ""}, {"id": "323594", "photo": {"prefix": "https://igx.4sqi.net/img/user/", "suffix": "/UWRWU5NHW4V5YHKZ.png"}, "homeCity": "San Francisco, CA", "contact": {"facebook": "754851039", "twitter": "polthorn"}, "firstName": "Polthorn", "tips": {"count": 0}, "gender": "male", "lastName": "Vajrasthira", "lists": {"groups": [{"count": 2, "type": "created", "items": []}]}, "bio": ""}, {"id": "38390", "photo": {"prefix": "https://igx.4sqi.net/img/user/", "suffix": "/QZV0OABSMJ3PIMM5.png"}, "homeCity": "Bear, DE", "contact": {"facebook": "10152728449129107", "twitter": "searchsuccess"}, "firstName": "Ken", "tips": {"count": 3}, "gender": "male", "lastName": "Bode", "lists": {"groups": [{"count": 2, "type": "created", "items": []}]}, "bio": "Consultative Staffing Expert, loving husband, proud father and pursuer of excellence"}, {"id": "139345", "photo": {"prefix": "https://igx.4sqi.net/img/user/", "suffix": "/2MLLUS4LEV553OWD.jpg"}, "homeCity": "Bangkok, Bangkhen", "contact": {"facebook": "1161560219", "twitter": "boydchan"}, "firstName": "Chanchai", "tips": {"count": 40}, "superuser": 1, "gender": "male", "lastName": "Pongsanan", "lists": {"groups": [{"count": 9, "type": "created", "items": []}]}, "bio": ""}, {"id": "150713", "photo": {"prefix": "https://igx.4sqi.net/img/user/", "suffix": "/-RZDP0AGWNYZWGKNN.jpg"}, "homeCity": "Bangkok, Thailand", "contact": {"facebook": "664360867", "twitter": "jakrapong"}, "firstName": "Jakrapong", "tips": {"count": 27}, "gender": "male", "lastName": "Kongmalai", "lists": {"groups": [{"count": 2, "type": "created", "items": []}]}, "bio": ""}, {"id": "786907", "photo": {"prefix": "https://igx.4sqi.net/img/user/", "suffix": "/2ZKFE2V0UEFEMY1L.jpg"}, "homeCity": "Bangkok, Thailand", "contact": {"twitter": "kengweddingisme"}, "firstName": "Setthawut", "tips": {"count": 20}, "gender": "male", "lastName": "Naruemityarn", "lists": {"groups": [{"count": 2, "type": "created", "items": []}]}, "bio": ""}, {"id": "202568", "photo": {"prefix": "https://igx.4sqi.net/img/user/", "suffix": "/SHUM2KLOQP320QGX.jpg"}, "homeCity": "Bangkok, Thailand", "contact": {"facebook": "577200317", "twitter": "linching2"}, "firstName": "Maetavee", "tips": {"count": 12}, "gender": "female", "lastName": "Peechapat", "lists": {"groups": [{"count": 2, "type": "created", "items": []}]}, "bio": ""}, {"id": "1125033", "photo": {"prefix": "https://igx.4sqi.net/img/user/", "suffix": "/L1RII3EWNV55LJ4Q.jpg"}, "homeCity": "Bang Phong Phang, Bangkok", "contact": {"facebook": "100000286334220", "twitter": "lamud_pungpung"}, "firstName": "Lamud", "tips": {"count": 0}, "gender": "female", "lastName": "Ck", "lists": {"groups": [{"count": 2, "type": "created", "items": []}]}, "bio": ""}, {"id": "274215", "photo": {"prefix": "https://igx.4sqi.net/img/user/", "suffix": "/SFHUKL3WM40A332T.jpg"}, "homeCity": "Bangrak, Bangkok", "contact": {}, "firstName": "Inattt", "tips": {"count": 1}, "gender": "male", "lastName": "Ihearband", "lists": {"groups": [{"count": 2, "type": "created", "items": []}]}, "bio": ""}, {"id": "406274", "photo": {"prefix": "https://igx.4sqi.net/img/user/", "suffix": "/MGYRUHGGUQZAV541.jpg"}, "homeCity": "\u0e1a\u0e32\u0e07\u0e01\u0e2d\u0e01, \u0e2a\u0e22\u0e32\u0e21\u0e1b\u0e23\u0e30\u0e40\u0e17\u0e28", "contact": {"facebook": "100001221755440", "twitter": "blckzheep"}, "firstName": "BlckZheeP", "tips": {"count": 14}, "gender": "male", "lists": {"groups": [{"count": 2, "type": "created", "items": []}]}, "bio": ""}, {"id": "369372", "photo": {"prefix": "https://igx.4sqi.net/img/user/", "suffix": "/U5K45HAIE04VBUWQ.jpg"}, "homeCity": "182Rajadumri ", "contact": {"twitter": "jiwonmin"}, "firstName": "Park Won Min", "tips": {"count": 3}, "gender": "male", "lists": {"groups": [{"count": 2, "type": "created", "items": []}]}, "bio": "\u0e40\u0e1b\u0e47\u0e19\u0e40\u0e01\u0e49\u0e25\u0e39\u0e01\u0e2b\u0e21\u0e35\u0e41\u0e2d\u0e4a\u0e1a\u0e1a\u0e2d\u0e22 \u0e17\u0e27\u0e34\u0e15\u0e41\u0e23\u0e07\u0e46\u0e40\u0e01\u0e23\u0e4b\u0e46\u0e40\u0e01\u0e23\u0e35\u0e22\u0e19\u0e46 \u0e44\u0e21\u0e48\u0e42\u0e25\u0e01\u0e2a\u0e27\u0e22 \u0e01\u0e39\u0e44\u0e21\u0e48\u0e43\u0e14\u0e49\u0e40\u0e1b\u0e47\u0e19\u0e04\u0e19\u0e14\u0e35\u0e2d\u0e30\u0e44\u0e23\u0e19\u0e31\u0e01 \u0e2d\u0e22\u0e32\u0e01\u0e44\u0e14\u0e49\u0e04\u0e19\u0e14\u0e35\u0e44\u0e1b\u0e1f\u0e2d\u0e42\u0e25\u0e27\u0e4c\u0e40\u0e17\u0e27\u0e14\u0e32\u0e40\u0e2b\u0e2d\u0e30\u0e2b\u0e27\u0e48\u0e30||\u0e23\u0e31\u0e01\u0e40\u0e04\u0e23\u0e37\u0e48\u0e2d\u0e07\u0e1a\u0e34\u0e19 \u0e2d\u0e34\u0e19\u0e41\u0e1f\u0e0a\u0e31\u0e48\u0e19 \u0e40\u0e2a\u0e1e\u0e15\u0e34\u0e14\u0e22\u0e34\u0e21 \u0e0a\u0e2d\u0e1a\u0e01\u0e34\u0e19\u0e1b\u0e39\u0e4b"}, {"id": "531127", "photo": {"prefix": "https://igx.4sqi.net/img/user/", "suffix": "/V33VB3LHIL534UQ2.jpg"}, "homeCity": "Chiangmai, Thailand", "contact": {"facebook": "100000206251525", "twitter": "ajbomb"}, "firstName": "Chanut", "tips": {"count": 28}, "gender": "male", "lastName": "Kerdpradub", "lists": {"groups": [{"count": 2, "type": "created", "items": []}]}, "bio": ""}, {"id": "235650", "photo": {"prefix": "https://igx.4sqi.net/img/user/", "suffix": "/GC5W3IMCAFG0YTZS.jpg"}, "homeCity": "\u0e08\u0e15\u0e38\u0e08\u0e31\u0e01\u0e23, \u0e01\u0e23\u0e38\u0e07\u0e40\u0e17\u0e1e", "contact": {"facebook": "581116862"}, "firstName": "thunyawat", "tips": {"count": 7}, "gender": "male", "lastName": "chaitrakulchai", "lists": {"groups": [{"count": 2, "type": "created", "items": []}]}, "bio": "\u0e18\u0e31\u0e19\u0e22\u0e27\u0e31\u0e0a\u0e23\u0e4c \u0e44\u0e0a\u0e22\u0e15\u0e23\u0e30\u0e01\u0e39\u0e25\u0e0a\u0e31\u0e22   \u0e01\u0e23\u0e23\u0e21\u0e01\u0e32\u0e23\u0e23\u0e32\u0e22\u0e01\u0e32\u0e23 SME \u0e15\u0e35\u0e41\u0e15\u0e01(\u0e02\u0e32\u0e42\u0e2b\u0e14\u0e04\u0e23\u0e31\u0e1a\u0e1e\u0e35\u0e48\u0e19\u0e49\u0e2d\u0e07) \u0e41\u0e15\u0e48\u0e2b\u0e25\u0e31\u0e07\u0e01.\u0e1e.\u0e08\u0e30\u0e40\u0e1b\u0e47\u0e19\u0e23\u0e32\u0e22\u0e01\u0e32\u0e23\u0e17\u0e35\u0e48\u0e2d\u0e22\u0e39\u0e48\u0e43\u0e19\u0e04\u0e27\u0e32\u0e21\u0e17\u0e23\u0e07\u0e08\u0e33 \u0e40\u0e0a\u0e35\u0e22\u0e23\u0e4c\u0e19\u0e34\u0e27\u0e2a\u0e34\u0e07\u0e2b\u0e4c\u0e40\u0e23\u0e37\u0e2d\u0e07\u0e39\u0e40\u0e2a\u0e37\u0e2d\u0e23\u0e32\u0e0a\u0e31\u0e19\u0e17\u0e4c"}, {"id": "452806", "photo": {"prefix": "https://igx.4sqi.net/img/user/", "suffix": "/HPVQHKZJWDUGI1FV.png"}, "homeCity": "Bangkok, Thailand", "contact": {"facebook": "1747725059", "twitter": "kafaak"}, "firstName": "Kafaak", "tips": {"count": 83}, "gender": "male", "lists": {"groups": [{"count": 2, "type": "created", "items": []}]}, "bio": ""}, {"id": "191922", "photo": {"prefix": "https://igx.4sqi.net/img/user/", "suffix": "/4VVUHRVJAADF3IFQ.jpg"}, "homeCity": "Samrong Nua, Samut Prakan", "contact": {"facebook": "1524822261", "twitter": "zas5799"}, "firstName": "Chart", "tips": {"count": 138}, "gender": "male", "lastName": "Suksu", "lists": {"groups": [{"count": 4, "type": "created", "items": []}]}, "bio": "\u0e1a\u0e32\u0e07\u0e27\u0e31\u0e19\u0e01\u0e47\u0e40\u0e1b\u0e47\u0e19\u0e40\u0e08\u0e49\u0e32\u0e02\u0e2d\u0e07 \u0e1a\u0e32\u0e07\u0e27\u0e31\u0e19\u0e01\u0e47\u0e40\u0e1b\u0e47\u0e19\u0e25\u0e39\u0e01\u0e08\u0e49\u0e32\u0e07 \u0e1a\u0e32\u0e07\u0e27\u0e31\u0e19\u0e01\u0e47\u0e43\u0e0a\u0e49\u0e2a\u0e21\u0e2d\u0e07 \u0e1a\u0e32\u0e07\u0e27\u0e31\u0e19\u0e01\u0e47\u0e43\u0e0a\u0e49\u0e41\u0e23\u0e07\u0e07\u0e32\u0e19"}, {"id": "747499", "photo": {"prefix": "https://igx.4sqi.net/img/user/", "suffix": "/ZC4F4PFYGUZ0YCMW.jpg"}, "homeCity": "Bangkok", "contact": {"facebook": "100002071731045", "twitter": "princessfangy"}, "firstName": "Princess", "tips": {"count": 16}, "gender": "female", "lastName": "Fangy", "lists": {"groups": [{"count": 2, "type": "created", "items": []}]}, "bio": ""}, {"id": "335735", "photo": {"prefix": "https://igx.4sqi.net/img/user/", "suffix": "/335735-5UK1GTDEDSWK3QCG.jpg"}, "homeCity": "Bangkok, Thailand", "contact": {"facebook": "10205133970001704", "twitter": "kasemsakk"}, "firstName": "kasemsakk", "tips": {"count": 6}, "gender": "male", "lists": {"groups": [{"count": 2, "type": "created", "items": []}]}, "bio": ""}, {"id": "481807", "photo": {"prefix": "https://igx.4sqi.net/img/user/", "suffix": "/A1C1KFXNUWSWJYJO.jpg"}, "homeCity": "Bang Khen, Nonthaburi", "contact": {"facebook": "791392504", "twitter": "birthtanont"}, "firstName": "tanont", "tips": {"count": 4}, "gender": "male", "lastName": "sumangklawong", "lists": {"groups": [{"count": 2, "type": "created", "items": []}]}, "bio": ""}, {"id": "153173", "photo": {"prefix": "https://igx.4sqi.net/img/user/", "suffix": "/ZJT2OBVIQBDP43AQ.png"}, "homeCity": "\u0e2a\u0e27\u0e19\u0e2b\u0e25\u0e27\u0e07, Bangkok", "contact": {"twitter": "ripmilla"}, "firstName": "Supadej", "tips": {"count": 12}, "superuser": 1, "gender": "male", "lastName": "Sutthiphongkanasai", "lists": {"groups": [{"count": 2, "type": "created", "items": []}]}, "bio": ""}, {"id": "930221", "photo": {"prefix": "https://igx.4sqi.net/img/user/", "suffix": "/0HZNEAJ0FFKQC3SX.jpg"}, "homeCity": "Pak Prieo, Saraburi", "contact": {"facebook": "539964009", "twitter": "dulte"}, "firstName": "Dulte", "tips": {"count": 2}, "gender": "male", "lists": {"groups": [{"count": 2, "type": "created", "items": []}]}, "bio": ""}, {"id": "202870", "photo": {"prefix": "https://igx.4sqi.net/img/user/", "suffix": "/202870-31N5NFVQUBCUG2QQ.jpg"}, "homeCity": "Bangkok, Thailand", "contact": {"facebook": "10153654101865872", "twitter": "nok77"}, "firstName": "Surin", "tips": {"count": 1}, "gender": "male", "lastName": "Jittjang", "lists": {"groups": [{"count": 2, "type": "created", "items": []}]}, "bio": ""}, {"id": "1127520", "photo": {"prefix": "https://igx.4sqi.net/img/user/", "suffix": "/YWR1RUGWOKUDXLJ3.jpg"}, "homeCity": "\u0e2a\u0e27\u0e19\u0e2b\u0e25\u0e27\u0e07, \u0e01\u0e23\u0e38\u0e07\u0e40\u0e17\u0e1e\u0e21\u0e2b\u0e32\u0e19\u0e04\u0e23", "contact": {"twitter": "waroonkarn"}, "firstName": "A", "tips": {"count": 48}, "gender": "female", "lastName": "Waroon", "lists": {"groups": [{"count": 2, "type": "created", "items": []}]}, "bio": ""}, {"id": "274985", "photo": {"prefix": "https://igx.4sqi.net/img/user/", "suffix": "/NCUJNBB3PP4MDSF3.jpg"}, "homeCity": "Khanna Yao, Bangkok", "contact": {"facebook": "100000844276636", "twitter": "nouarkom"}, "firstName": "Arkom", "tips": {"count": 49}, "gender": "male", "lastName": "Noo-Wong", "lists": {"groups": [{"count": 6, "type": "created", "items": []}]}, "bio": ""}, {"id": "237457", "photo": {"prefix": "https://igx.4sqi.net/img/user/", "suffix": "/SDZOGS1O1NRFNEFR.jpg"}, "homeCity": "Bangrak, Bangkok", "contact": {"facebook": "543371383", "twitter": "pongprach"}, "firstName": "Pat", "tips": {"count": 24}, "gender": "female", "lastName": "R", "lists": {"groups": [{"count": 2, "type": "created", "items": []}]}, "bio": ""}, {"id": "192087", "photo": {"prefix": "https://igx.4sqi.net/img/user/", "suffix": "/4RZBQ3YE2HWHA2E2.jpg"}, "homeCity": "Rayong, Thailand", "contact": {}, "firstName": "Yongyuth", "tips": {"count": 5}, "gender": "male", "lastName": "Buranatepaporn", "lists": {"groups": [{"count": 2, "type": "created", "items": []}]}, "bio": ""}, {"id": "336360", "photo": {"prefix": "https://igx.4sqi.net/img/user/", "suffix": "/336360-F1AC4DEAEGFSHJUA.jpg"}, "homeCity": "Wichit, Phuket", "contact": {"facebook": "1295384855", "twitter": "ibankstory"}, "firstName": "iBankstory", "tips": {"count": 5}, "gender": "male", "lastName": "Kaewtong", "lists": {"groups": [{"count": 2, "type": "created", "items": []}]}, "bio": ""}, {"id": "542778", "photo": {"prefix": "https://igx.4sqi.net/img/user/", "suffix": "/UG13AY5HJ5DC2QTX.jpg"}, "homeCity": "Bangkok, Thailand", "contact": {"facebook": "100000214050415"}, "firstName": "Ong", "tips": {"count": 2}, "gender": "male", "lastName": "Wattanabe", "lists": {"groups": [{"count": 2, "type": "created", "items": []}]}, "bio": ""}, {"id": "965918", "photo": {"prefix": "https://igx.4sqi.net/img/user/", "suffix": "/5RQO4AELH4DKNP5J.jpg"}, "homeCity": "\u0e25\u0e32\u0e14\u0e1e\u0e23\u0e49\u0e32\u0e27, \u0e01\u0e23\u0e38\u0e07\u0e40\u0e17\u0e1e\u0e21\u0e2b\u0e32\u0e19\u0e04\u0e23", "contact": {"facebook": "100000186348818", "twitter": "lofttravel"}, "firstName": "Anne", "tips": {"count": 7}, "gender": "female", "lastName": "Loft", "lists": {"groups": [{"count": 2, "type": "created", "items": []}]}, "bio": ""}, {"id": "205790", "photo": {"prefix": "https://igx.4sqi.net/img/user/", "suffix": "/1LZSUMFVJKDYIK5O.png"}, "homeCity": "Bangkok \u66fc\u8c37", "contact": {"facebook": "577436985", "twitter": "korn_hs9nrv"}, "firstName": "Cyber Explorer", "tips": {"count": 21}, "gender": "male", "lastName": "\u5434\u6c38\u6cf0", "lists": {"groups": [{"count": 2, "type": "created", "items": []}]}, "bio": ""}, {"id": "245870", "photo": {"prefix": "https://igx.4sqi.net/img/user/", "suffix": "/KIBYBYHK3NNM1XJB.gif"}, "homeCity": "Bangkok, Thailand", "contact": {"twitter": "gthchannel"}, "firstName": "gthchannel", "tips": {"count": 0}, "gender": "none", "lists": {"groups": [{"count": 2, "type": "created", "items": []}]}, "bio": ""}, {"id": "194567", "photo": {"prefix": "https://igx.4sqi.net/img/user/", "suffix": "/194567-HTAPMTFVZJQDNO5K.jpg"}, "homeCity": "Bangkok, Thailand", "contact": {"facebook": "10152926729291678", "twitter": "iwhale"}, "firstName": "Poramate", "tips": {"count": 44}, "gender": "male", "lastName": "Minsiri", "lists": {"groups": [{"count": 8, "type": "created", "items": []}]}, "bio": ""}, {"id": "345154", "photo": {"prefix": "https://igx.4sqi.net/img/user/", "suffix": "/JYDHVI5OYITMZLPD.jpg"}, "homeCity": "Khlong Chan, Thailand", "contact": {"facebook": "1004352291", "twitter": "noocandy"}, "firstName": "noocandy", "tips": {"count": 2}, "gender": "female", "lists": {"groups": [{"count": 2, "type": "created", "items": []}]}, "bio": ""}, {"id": "1046780", "photo": {"prefix": "https://igx.4sqi.net/img/user/", "suffix": "/HPWPFG1TM4EDH4T1.jpg"}, "homeCity": "Singapore ", "contact": {"facebook": "10153801379028615", "twitter": "asawinant"}, "firstName": "Asawin Ant", "tips": {"count": 59}, "gender": "male", "lists": {"groups": [{"count": 2, "type": "created", "items": []}]}, "bio": ""}, {"id": "1013311", "photo": {"prefix": "https://igx.4sqi.net/img/user/", "suffix": "/1013311-V0CC4BAE5DW0Z3QO.jpg"}, "homeCity": "Bang Kapi, Bangkok", "contact": {}, "firstName": "MekZa", "tips": {"count": 44}, "gender": "male", "lists": {"groups": [{"count": 3, "type": "created", "items": []}]}, "bio": ""}, {"id": "208747", "photo": {"prefix": "https://igx.4sqi.net/img/user/", "suffix": "/208747-ZL5BUPVYDAF2JZWF.jpg"}, "homeCity": "Nong Bon, Bangkok", "contact": {"facebook": "1781001853", "twitter": "l77"}, "firstName": "L77", "tips": {"count": 6}, "gender": "male", "lastName": "BLINK7", "lists": {"groups": [{"count": 2, "type": "created", "items": []}]}, "bio": ""}, {"id": "195288", "photo": {"prefix": "https://igx.4sqi.net/img/user/", "suffix": "/195288-RRUJTTJZ15GNYM4I.jpg"}, "homeCity": "Bangkok", "contact": {"facebook": "100006161169218"}, "firstName": "Dhanis", "tips": {"count": 149}, "gender": "none", "lastName": "Bhee", "lists": {"groups": [{"count": 2, "type": "created", "items": []}]}, "bio": "Beauty & Lifestyle blogger. My blogs are catmint.in.th and dhanis.net"}, {"id": "397086", "photo": {"prefix": "https://igx.4sqi.net/img/user/", "suffix": "/GMSL1R4IZS2ZLSSW.jpg"}, "homeCity": "Khlong Chan, Bangkok", "contact": {"facebook": "1177183104", "twitter": "wattayos"}, "firstName": "Wattayos", "tips": {"count": 1}, "gender": "male", "lastName": "Petchsuwan", "lists": {"groups": [{"count": 2, "type": "created", "items": []}]}, "bio": ""}, {"id": "1024646", "photo": {"prefix": "https://igx.4sqi.net/img/user/", "suffix": "/2XT1HVQ2WYZHZB1B.jpg"}, "homeCity": "Bangkok", "contact": {"facebook": "660570718", "twitter": "ponddekd"}, "firstName": "@ponddekd", "tips": {"count": 1}, "gender": "male", "lastName": "Santisoonthonkul", "lists": {"groups": [{"count": 2, "type": "created", "items": []}]}, "bio": ""}, {"id": "212320", "photo": {"prefix": "https://igx.4sqi.net/img/user/", "suffix": "/ELIMRKLB5GZ1NCUU.jpg"}, "homeCity": "Ban Chang, Rayong", "contact": {"facebook": "10154190411114126", "twitter": "availa_ble"}, "firstName": "Sama", "tips": {"count": 7}, "gender": "male", "lastName": "Jantha", "lists": {"groups": [{"count": 2, "type": "created", "items": []}]}, "bio": ""}, {"id": "196983", "photo": {"prefix": "https://igx.4sqi.net/img/user/", "suffix": "/0P1WEJM4ILSGWAGQ.jpg"}, "homeCity": "New York", "contact": {"facebook": "576826961", "twitter": "yokekung"}, "firstName": "Yokekung", "tips": {"count": 29}, "gender": "male", "lastName": "World", "lists": {"groups": [{"count": 2, "type": "created", "items": []}]}, "bio": ""}, {"id": "622706", "photo": {"prefix": "https://igx.4sqi.net/img/user/", "default": true, "suffix": "/blank_boy.png"}, "homeCity": "Mueang, Chon Buri", "contact": {"facebook": "691606959", "twitter": "pitchakorn"}, "firstName": "alexypich", "tips": {"count": 0}, "gender": "none", "lastName": "Toson", "lists": {"groups": [{"count": 2, "type": "created", "items": []}]}, "bio": ""}, {"id": "1108305", "photo": {"prefix": "https://igx.4sqi.net/img/user/", "suffix": "/YHEDCX0DUPZKFOMG.jpg"}, "homeCity": "Bo Phong, Phra Nakhon Si Ayutt", "contact": {"facebook": "1350874046", "twitter": "dorae_mon"}, "firstName": "Dorae_mon", "tips": {"count": 2}, "gender": "male", "lastName": "nat", "lists": {"groups": [{"count": 2, "type": "created", "items": []}]}, "bio": ""}, {"id": "217349", "photo": {"prefix": "https://igx.4sqi.net/img/user/", "suffix": "/4UHNPFSM1WA2PP32.jpg"}, "homeCity": "Bang Kapi, Bangkok", "contact": {"facebook": "733869682", "twitter": "dr_mana"}, "firstName": "Mana", "tips": {"count": 15}, "gender": "male", "lastName": "Treelayapewat", "lists": {"groups": [{"count": 2, "type": "created", "items": []}]}, "bio": ""}, {"id": "197460", "photo": {"prefix": "https://igx.4sqi.net/img/user/", "suffix": "/0PSBAJEME34S351Q.jpg"}, "homeCity": "Khlong Toei Nuea, Bangkok", "contact": {"facebook": "680031562", "twitter": "pdpfortyfour"}, "firstName": "Poon", "tips": {"count": 51}, "gender": "male", "lastName": "Panichewa", "lists": {"groups": [{"count": 3, "type": "created", "items": []}]}, "bio": ""}, {"id": "688374", "photo": {"prefix": "https://igx.4sqi.net/img/user/", "suffix": "/SQJGW1RZADY2QXX0.jpg"}, "homeCity": "Bangkok, Thailand", "contact": {"facebook": "23921968", "twitter": "ibankc"}, "firstName": "Bank", "tips": {"count": 22}, "gender": "male", "lastName": "@iBanKc", "lists": {"groups": [{"count": 2, "type": "created", "items": []}]}, "bio": "an ordinary guy who love music"}, {"id": "228071", "photo": {"prefix": "https://igx.4sqi.net/img/user/", "suffix": "/CUUCNDENGE0BNZQO.jpg"}, "homeCity": "Bangkok, Thailand", "contact": {"facebook": "802020105", "twitter": "michelewaagaard"}, "firstName": "Tambourine Queen", "tips": {"count": 15}, "gender": "female", "lists": {"groups": [{"count": 2, "type": "created", "items": []}]}, "bio": ""}, {"id": "198369", "photo": {"prefix": "https://igx.4sqi.net/img/user/", "suffix": "/GPQNLVNR1ZNECNBR.jpg"}, "homeCity": "Bangkok, Thailand", "contact": {}, "firstName": "lekasina", "tips": {"count": 0}, "gender": "female", "lists": {"groups": [{"count": 2, "type": "created", "items": []}]}, "bio": ""}, {"id": "228583", "photo": {"prefix": "https://igx.4sqi.net/img/user/", "suffix": "/OTVB44U1JVTHAAZK.jpg"}, "homeCity": "Thailand", "contact": {"facebook": "100000336475812", "twitter": "udomtech"}, "firstName": "udomtech", "tips": {"count": 2}, "gender": "male", "lists": {"groups": [{"count": 2, "type": "created", "items": []}]}, "bio": ""}, {"id": "198730", "photo": {"prefix": "https://igx.4sqi.net/img/user/", "suffix": "/DG4M22IARGODJJIN.jpg"}, "homeCity": "Kratip, Nakhon Pathom", "contact": {"facebook": "532603332", "twitter": "tongkatsu"}, "firstName": "Kittipong", "tips": {"count": 65}, "gender": "male", "lastName": "Teekaput", "lists": {"groups": [{"count": 2, "type": "created", "items": []}]}, "bio": ""}, {"id": "287864", "photo": {"prefix": "https://igx.4sqi.net/img/user/", "suffix": "/ZB14POOUJSZPKZPX.jpg"}, "homeCity": "Nakhon Ratchasima, Thailand", "contact": {"twitter": "kumphee"}, "firstName": "kumphee", "tips": {"count": 0}, "gender": "male", "lastName": "thanachot", "lists": {"groups": [{"count": 2, "type": "created", "items": []}]}, "bio": ""}, {"id": "288304", "photo": {"prefix": "https://igx.4sqi.net/img/user/", "suffix": "/288304-1VVEGCRZHVA53U0P.jpg"}, "homeCity": "Wat Ket, Chiang Mai", "contact": {"twitter": "pi50000"}, "firstName": "Piyapong", "tips": {"count": 17}, "gender": "male", "lastName": "Sudhasawin", "lists": {"groups": [{"count": 2, "type": "created", "items": []}]}, "bio": ""}]}, "checksum": "7f85c31bc6cc813a98b2ac6fdae75b19a057e160"}}