{"notifications": [{"type": "notificationTray", "item": {"unreadCount": 0}}], "response": {"friends": {"items": [{"tips": {"count": 7}, "contact": {"twitter": "cheeaun", "facebook": "744426293"}, "firstName": "Chee Aun", "gender": "male", "lastName": "Lim", "id": "105964", "bio": "Solo traveller.", "photo": {"prefix": "https://igx.4sqi.net/img/user/", "suffix": "/105964-MRLCK2IHMGD5ETXI.jpg"}, "homeCity": "Singapore", "lists": {"groups": [{"items": [], "count": 7, "type": "created"}]}}, {"tips": {"count": 0}, "contact": {"facebook": "100000228366586"}, "firstName": "Lizao", "gender": "male", "lastName": "Guo", "id": "15837117", "bio": "", "photo": {"prefix": "https://igx.4sqi.net/img/user/", "suffix": "/IE4KNGPE3L5LQUQB.jpg"}, "homeCity": "NY", "lists": {"groups": [{"items": [], "count": 2, "type": "created"}]}}, {"tips": {"count": 79}, "contact": {}, "firstName": "c.s.", "gender": "none", "id": "6886342", "bio": "", "photo": {"prefix": "https://igx.4sqi.net/img/user/", "suffix": "/6886342-HQLGSCTZRANW3WLQ.jpg"}, "homeCity": "Singapore", "lists": {"groups": [{"items": [], "count": 2, "type": "created"}]}}, {"tips": {"count": 0}, "contact": {"facebook": "801708959"}, "firstName": "Lin Rosalyn", "gender": "female", "lastName": "Feng", "id": "27464303", "bio": "", "photo": {"prefix": "https://igx.4sqi.net/img/user/", "suffix": "/1T3BW4A0TKSZZMEQ.jpg"}, "homeCity": "Singapore, Singapore", "lists": {"groups": [{"items": [], "count": 2, "type": "created"}]}}, {"tips": {"count": 0}, "contact": {"facebook": "10153014776775658"}, "firstName": "Julian", "gender": "male", "lastName": "Ee", "id": "9866439", "bio": "", "photo": {"prefix": "https://igx.4sqi.net/img/user/", "suffix": "/blank_boy.png", "default": true}, "homeCity": "Singapore", "lists": {"groups": [{"items": [], "count": 2, "type": "created"}]}}, {"tips": {"count": 9}, "contact": {"twitter": "andrewabogado", "facebook": "693875823"}, "firstName": "Andrew", "gender": "male", "lastName": "Abogado", "id": "8114729", "bio": "Checking in anywhere I want.", "photo": {"prefix": "https://igx.4sqi.net/img/user/", "suffix": "/8114729-3ZQDFIUCJDNUOWQQ.jpg"}, "homeCity": "Singapore", "lists": {"groups": [{"items": [], "count": 9, "type": "created"}]}}, {"tips": {"count": 0}, "contact": {"facebook": "1495158589"}, "firstName": "Huang", "gender": "male", "lastName": "Guozhu", "id": "24262732", "bio": "", "photo": {"prefix": "https://igx.4sqi.net/img/user/", "suffix": "/OGDFXEECDVASLWTP.jpg"}, "homeCity": "Singapore, Singapore", "lists": {"groups": [{"items": [], "count": 2, "type": "created"}]}}, {"tips": {"count": 0}, "contact": {"facebook": "1400022251"}, "firstName": "allenlsy", "gender": "male", "id": "5694342", "bio": "", "photo": {"prefix": "https://igx.4sqi.net/img/user/", "suffix": "/ZYMY0RH20VXCODYU.jpg"}, "homeCity": "Singapore", "lists": {"groups": [{"items": [], "count": 2, "type": "created"}]}}, {"tips": {"count": 0}, "contact": {"twitter": "choongchingteo"}, "firstName": "choongching", "gender": "male", "lastName": "teo", "id": "1932098", "bio": "Troll check in wherever I want.", "photo": {"prefix": "https://igx.4sqi.net/img/user/", "suffix": "/1932098-GZ55U5OMM4QX1ULY.jpg"}, "homeCity": "Kuala Lumpur, Malaysia", "lists": {"groups": [{"items": [], "count": 2, "type": "created"}]}}, {"tips": {"count": 41}, "contact": {"facebook": "596787672"}, "firstName": "Gaurav", "gender": "male", "lastName": "Agarwal", "id": "5373968", "bio": "Coffee connoisseur", "photo": {"prefix": "https://igx.4sqi.net/img/user/", "suffix": "/5373968-KQ2NVBCVUAQP3FNY.jpg"}, "homeCity": "California", "lists": {"groups": [{"items": [], "count": 9, "type": "created"}]}}, {"tips": {"count": 0}, "contact": {}, "firstName": "Long", "gender": "male", "lastName": "Cheng", "id": "20948424", "bio": "", "photo": {"prefix": "https://igx.4sqi.net/img/user/", "suffix": "/WPZ45GGQEV3DUVMP.jpg"}, "homeCity": "Singapore, Singapore", "lists": {"groups": [{"items": [], "count": 2, "type": "created"}]}}, {"tips": {"count": 3}, "contact": {"twitter": "llun", "facebook": "696331706"}, "firstName": "Maythee", "gender": "male", "lastName": "A.", "id": "604361", "bio": "", "photo": {"prefix": "https://igx.4sqi.net/img/user/", "suffix": "/HSC2IA03LITRLUBQ.jpg"}, "homeCity": "Bangkok, Thailand", "lists": {"groups": [{"items": [], "count": 3, "type": "created"}]}}, {"tips": {"count": 1}, "contact": {"twitter": "neeravkumar", "facebook": "591446731"}, "firstName": "Neerav", "gender": "male", "lastName": "Kumar", "id": "3333863", "bio": "", "photo": {"prefix": "https://igx.4sqi.net/img/user/", "suffix": "/blank_boy.png", "default": true}, "homeCity": "Bombay, India", "lists": {"groups": [{"items": [], "count": 2, "type": "created"}]}}, {"tips": {"count": 0}, "contact": {"twitter": "7heaven11", "facebook": "746670851"}, "firstName": "Hari", "gender": "male", "lastName": "Haran", "id": "1786606", "bio": "", "photo": {"prefix": "https://igx.4sqi.net/img/user/", "suffix": "/blank_boy.png", "default": true}, "homeCity": "Singapore", "lists": {"groups": [{"items": [], "count": 2, "type": "created"}]}}, {"superuser": 1, "tips": {"count": 8}, "contact": {"twitter": "coderkungfu", "facebook": "503517228"}, "firstName": "Michael", "gender": "male", "lastName": "Cheng", "id": "121729", "bio": "", "photo": {"prefix": "https://igx.4sqi.net/img/user/", "suffix": "/121729-1450YYZ2QCKCRWMC.jpg"}, "homeCity": "Singapore", "lists": {"groups": [{"items": [], "count": 4, "type": "created"}]}}, {"tips": {"count": 0}, "contact": {"twitter": "henry_bai", "facebook": "227701035"}, "firstName": "Henry", "gender": "male", "lastName": "Bai", "id": "149028", "bio": "", "photo": {"prefix": "https://igx.4sqi.net/img/user/", "suffix": "/blank_boy.png", "default": true}, "homeCity": "Singapore", "lists": {"groups": [{"items": [], "count": 2, "type": "created"}]}}, {"tips": {"count": 0}, "contact": {}, "firstName": "George", "gender": "male", "lastName": "Moh", "id": "2232115", "bio": "", "photo": {"prefix": "https://igx.4sqi.net/img/user/", "suffix": "/2232115-DYWCC5Y444RXWAMU.jpg"}, "homeCity": "Singapore", "lists": {"groups": [{"items": [], "count": 2, "type": "created"}]}}, {"tips": {"count": 0}, "contact": {"twitter": "winfieldhsu", "facebook": "1058808241"}, "firstName": "Winfield", "gender": "male", "lastName": "X", "id": "4047660", "bio": "", "photo": {"prefix": "https://igx.4sqi.net/img/user/", "suffix": "/4047660-ECAMV0DCK0ONAB4T.jpg"}, "homeCity": "Singapore", "lists": {"groups": [{"items": [], "count": 2, "type": "created"}]}}, {"superuser": 1, "tips": {"count": 2}, "contact": {"twitter": "ayulin"}, "firstName": "Jerome", "gender": "male", "lastName": "Cheng", "id": "32544596", "bio": "", "photo": {"prefix": "https://igx.4sqi.net/img/user/", "suffix": "/-O02QK1BWKPY4K0JW.jpg"}, "homeCity": "Singapore", "lists": {"groups": [{"items": [], "count": 3, "type": "created"}]}}, {"tips": {"count": 0}, "contact": {"facebook": "801376381"}, "firstName": "Yingchun Jacqueline", "gender": "female", "lastName": "Xu", "id": "83906420", "bio": "", "photo": {"prefix": "https://igx.4sqi.net/img/user/", "suffix": "/blank_girl.png", "default": true}, "homeCity": "Singapore", "lists": {"groups": [{"items": [], "count": 3, "type": "created"}]}}, {"tips": {"count": 10}, "contact": {"twitter": "altf", "facebook": "505105458"}, "firstName": "Altaf", "gender": "male", "lastName": "Dhamani", "id": "108139", "bio": "", "photo": {"prefix": "https://igx.4sqi.net/img/user/", "suffix": "/108139-XEYHW5IPNQYBOJKS.jpg"}, "homeCity": "Marina Bay, Singapore", "lists": {"groups": [{"items": [], "count": 3, "type": "created"}]}}, {"tips": {"count": 0}, "contact": {"facebook": "785134168"}, "firstName": "Jiaxing", "gender": "male", "lastName": "Du", "id": "68988815", "bio": "", "photo": {"prefix": "https://igx.4sqi.net/img/user/", "suffix": "/BXB3GD2L2QXHNFDF.jpg"}, "homeCity": "Phnom Penh, 22", "lists": {"groups": [{"items": [], "count": 2, "type": "created"}]}}, {"tips": {"count": 0}, "contact": {"facebook": "1549324055"}, "firstName": "chang", "gender": "male", "lastName": "yao", "id": "13725093", "bio": "", "photo": {"prefix": "https://igx.4sqi.net/img/user/", "suffix": "/0RA3JJHVCEJPMXDG.png"}, "homeCity": "Singapore", "lists": {"groups": [{"items": [], "count": 2, "type": "created"}]}}, {"tips": {"count": 1}, "contact": {"facebook": "721445947"}, "firstName": "Malcolm", "gender": "male", "lastName": "Low", "id": "2351195", "bio": "", "photo": {"prefix": "https://igx.4sqi.net/img/user/", "suffix": "/2351195-4YODEJCCLFEA4OHG.jpg"}, "homeCity": "Singapore", "lists": {"groups": [{"items": [], "count": 2, "type": "created"}]}}, {"tips": {"count": 0}, "contact": {"facebook": "10153777185078879"}, "firstName": "Kim", "gender": "male", "lastName": "Teo", "id": "71962257", "bio": "", "photo": {"prefix": "https://igx.4sqi.net/img/user/", "suffix": "/blank_boy.png", "default": true}, "homeCity": "London, ENG", "lists": {"groups": [{"items": [], "count": 2, "type": "created"}]}}, {"tips": {"count": 0}, "contact": {"facebook": "622168731"}, "firstName": "Xiaopeng", "gender": "male", "lastName": "Li", "id": "65254905", "bio": "", "photo": {"prefix": "https://igx.4sqi.net/img/user/", "suffix": "/L34YK2LJ0EYPOVF1.jpg"}, "homeCity": "Singapore", "lists": {"groups": [{"items": [], "count": 2, "type": "created"}]}}, {"tips": {"count": 0}, "contact": {"facebook": "1013335258723206"}, "firstName": "Zhe", "gender": "male", "lastName": "Wang", "id": "74783563", "bio": "", "photo": {"prefix": "https://igx.4sqi.net/img/user/", "suffix": "/blank_boy.png", "default": true}, "homeCity": "Singapore", "lists": {"groups": [{"items": [], "count": 2, "type": "created"}]}}, {"tips": {"count": 1}, "contact": {}, "firstName": "Andy", "gender": "male", "lastName": "Meng", "id": "15226533", "bio": "", "photo": {"prefix": "https://igx.4sqi.net/img/user/", "suffix": "/SH5UV4VYVOI2Z4KO.jpg"}, "homeCity": "Singapore", "lists": {"groups": [{"items": [], "count": 2, "type": "created"}]}}, {"tips": {"count": 2}, "contact": {}, "firstName": "Chin Yong", "gender": "male", "lastName": "Tang", "id": "2585461", "bio": "", "photo": {"prefix": "https://igx.4sqi.net/img/user/", "suffix": "/RIXHTNP2BKR5AJKH.jpg"}, "homeCity": "Melaka, Malaysia", "lists": {"groups": [{"items": [], "count": 2, "type": "created"}]}}, {"tips": {"count": 17}, "contact": {"twitter": "hlungx", "facebook": "656086926"}, "firstName": "Thongchai", "gender": "male", "lastName": "K", "id": "570317", "bio": "", "photo": {"prefix": "https://igx.4sqi.net/img/user/", "suffix": "/AZH2V0ZWFNFLK1GG.jpg"}, "homeCity": "Bangkok", "lists": {"groups": [{"items": [], "count": 4, "type": "created"}]}}, {"tips": {"count": 0}, "contact": {"facebook": "1214626213"}, "firstName": "Xiang", "gender": "male", "lastName": "Li", "id": "41189510", "bio": "", "photo": {"prefix": "https://igx.4sqi.net/img/user/", "suffix": "/AXAW55WLNF5CRFGW.jpg"}, "homeCity": "New York, NY", "lists": {"groups": [{"items": [], "count": 2, "type": "created"}]}}, {"tips": {"count": 14}, "contact": {"facebook": "727896419"}, "firstName": "Kush", "gender": "male", "id": "3683248", "bio": "", "photo": {"prefix": "https://igx.4sqi.net/img/user/", "suffix": "/HLD3YQAD1JHENSSG.jpg"}, "homeCity": "Singapore ", "lists": {"groups": [{"items": [], "count": 2, "type": "created"}]}}, {"tips": {"count": 17}, "contact": {"twitter": "ryannguyentt", "facebook": "1405760906"}, "firstName": "Ryan", "gender": "male", "lastName": "Nguyen", "id": "23382672", "bio": "cat and garden lover", "photo": {"prefix": "https://igx.4sqi.net/img/user/", "suffix": "/UEZQTW2NDI54QQGN.jpg"}, "homeCity": "Singapore, Singapore", "lists": {"groups": [{"items": [], "count": 24, "type": "created"}]}}, {"tips": {"count": 7}, "contact": {"twitter": "borryshasian", "facebook": "669228256"}, "firstName": "Borrys", "gender": "male", "lastName": "Hasian", "id": "4200311", "bio": "The first Indonesian to be a Google Expert in UX/UI. A Google Launchpad Global Mentor for UX/UI. CEO & Founder of Circle UX.", "photo": {"prefix": "https://igx.4sqi.net/img/user/", "suffix": "/4200311-YJ1IYIHSRPLDATIV.jpg"}, "homeCity": "Singapore", "lists": {"groups": [{"items": [], "count": 2, "type": "created"}]}}, {"tips": {"count": 0}, "contact": {"twitter": "k_1_s_s_e_s", "facebook": "622578422"}, "firstName": "Lara", "gender": "female", "lastName": "Samaniego-Fernandez", "id": "5967471", "bio": "", "photo": {"prefix": "https://igx.4sqi.net/img/user/", "suffix": "/5967471-CIKFPK1TLBXJPZYX.jpg"}, "homeCity": "Singapore", "lists": {"groups": [{"items": [], "count": 2, "type": "created"}]}}], "count": 35}, "checksum": "14f50a410f598a3a246ae94c7985719dfcdc04da"}, "meta": {"requestId": "59662b05f594df3c3fa3f8a7", "code": 200}}