{"notifications": [{"type": "notificationTray", "item": {"unreadCount": 0}}], "meta": {"requestId": "5966f13e4c1f675776ab2086", "code": 200}, "response": {"friends": {"count": 71, "items": [{"id": "60567803", "photo": {"prefix": "https://igx.4sqi.net/img/user/", "default": true, "suffix": "/blank_girl.png"}, "homeCity": "Indang, Cavite", "contact": {"facebook": "1081938878502193", "twitter": "joyz_margaret"}, "firstName": "Joyz Margaret", "tips": {"count": 0}, "gender": "female", "lastName": "Tepora", "lists": {"groups": [{"count": 2, "type": "created", "items": []}]}, "bio": ""}, {"id": "9508919", "photo": {"prefix": "https://igx.4sqi.net/img/user/", "suffix": "/ZWJWD1GIXQRRXB0I.jpg"}, "homeCity": "Dubai, United Arab Emirates", "contact": {"facebook": "625143335", "twitter": "sonny_orange"}, "firstName": "Sonny", "tips": {"count": 0}, "gender": "none", "lastName": "Guzman", "lists": {"groups": [{"count": 2, "type": "created", "items": []}]}, "bio": ""}, {"id": "6265756", "photo": {"prefix": "https://igx.4sqi.net/img/user/", "suffix": "/4LZYWFI0XAZZR5MN.jpg"}, "homeCity": "", "contact": {"facebook": "546592171", "twitter": "aspenphilips"}, "firstName": "Lizette", "tips": {"count": 3}, "gender": "female", "lists": {"groups": [{"count": 2, "type": "created", "items": []}]}, "bio": ""}, {"id": "6826977", "photo": {"prefix": "https://igx.4sqi.net/img/user/", "suffix": "/GJMU0UAJL0WXGDZD.jpg"}, "homeCity": "Quezon City, Philippines", "contact": {}, "firstName": "Anne", "tips": {"count": 2}, "gender": "female", "lastName": "D", "lists": {"groups": [{"count": 2, "type": "created", "items": []}]}, "bio": ""}, {"id": "35636742", "photo": {"prefix": "https://igx.4sqi.net/img/user/", "suffix": "/NUUQXWAOYOXWZ1FI.jpg"}, "homeCity": "British Columbia", "contact": {"facebook": "514767111"}, "firstName": "Tintin", "tips": {"count": 0}, "gender": "female", "lastName": "Romero-Mi\u00f1oza", "lists": {"groups": [{"count": 2, "type": "created", "items": []}]}, "bio": ""}, {"id": "25702738", "photo": {"prefix": "https://igx.4sqi.net/img/user/", "suffix": "/LTQA2HQNYUKNRUQW.jpg"}, "homeCity": "New York, NY", "contact": {"facebook": "524421165", "twitter": "jonijimenez"}, "firstName": "Joni James", "tips": {"count": 0}, "gender": "male", "lastName": "Jimenez", "lists": {"groups": [{"count": 2, "type": "created", "items": []}]}, "bio": ""}, {"id": "4877072", "photo": {"prefix": "https://igx.4sqi.net/img/user/", "default": true, "suffix": "/blank_boy.png"}, "homeCity": "Calamba City, Philippines", "contact": {"facebook": "1833875968"}, "firstName": "Ronald", "tips": {"count": 0}, "gender": "male", "lastName": "Reyes", "lists": {"groups": [{"count": 2, "type": "created", "items": []}]}, "bio": ""}, {"id": "5814122", "photo": {"prefix": "https://igx.4sqi.net/img/user/", "suffix": "/K1ZMYWXPQUJPLAWN.jpg"}, "homeCity": "Quezon City, Philippines", "contact": {"facebook": "887630654"}, "firstName": "Neil", "tips": {"count": 1}, "gender": "male", "lastName": "Manuel", "lists": {"groups": [{"count": 2, "type": "created", "items": []}]}, "bio": ""}, {"id": "4280620", "photo": {"prefix": "https://igx.4sqi.net/img/user/", "suffix": "/DSS2PJ3WAE1Z1J55.jpg"}, "homeCity": "Manila, Philippines", "contact": {"facebook": "1536893204", "twitter": "candymuret"}, "firstName": "Candy", "tips": {"count": 0}, "gender": "female", "lastName": "Alcantara", "lists": {"groups": [{"count": 2, "type": "created", "items": []}]}, "bio": ""}, {"id": "1422508", "photo": {"prefix": "https://igx.4sqi.net/img/user/", "suffix": "/EVAOZSOKG3MBOZUX.jpg"}, "homeCity": "Philippines", "contact": {"facebook": "731272746", "twitter": "docohm"}, "firstName": "Jerome", "tips": {"count": 9}, "gender": "male", "lastName": "de la Trinidad", "lists": {"groups": [{"count": 2, "type": "created", "items": []}]}, "bio": ""}, {"id": "5510433", "photo": {"prefix": "https://igx.4sqi.net/img/user/", "suffix": "/BHYJEHMKLTU1N5ZF.jpg"}, "homeCity": "Manila, Philippines", "contact": {"facebook": "582788306"}, "firstName": "Aldous", "tips": {"count": 4}, "gender": "male", "lists": {"groups": [{"count": 2, "type": "created", "items": []}]}, "bio": ""}, {"id": "5310382", "photo": {"prefix": "https://igx.4sqi.net/img/user/", "suffix": "/Z15CW4ZHBWWZ4TBE.jpg"}, "homeCity": "Singapore", "contact": {"facebook": "707410473", "twitter": "weanieroast"}, "firstName": "Winnie", "tips": {"count": 1}, "gender": "female", "lastName": "Rose", "lists": {"groups": [{"count": 2, "type": "created", "items": []}]}, "bio": ""}, {"id": "19565537", "photo": {"prefix": "https://igx.4sqi.net/img/user/", "suffix": "/UEONJQXHFYWPUPWY.jpg"}, "homeCity": "Iloilo city philippines", "contact": {}, "firstName": "George", "tips": {"count": 0}, "gender": "male", "lastName": "Santos", "lists": {"groups": [{"count": 2, "type": "created", "items": []}]}, "bio": ""}, {"id": "1223117", "photo": {"prefix": "https://igx.4sqi.net/img/user/", "suffix": "/XADAINRUPVP5VKES.jpg"}, "homeCity": "Quezon City", "contact": {"facebook": "1264200218"}, "firstName": "Mavick", "tips": {"count": 2}, "gender": "female", "lastName": "Dominguez-Gabriel", "lists": {"groups": [{"count": 2, "type": "created", "items": []}]}, "bio": ""}, {"id": "2305253", "photo": {"prefix": "https://igx.4sqi.net/img/user/", "default": true, "suffix": "/blank_boy.png"}, "homeCity": "Richmond, MO", "contact": {"facebook": "553901023"}, "firstName": "Pius", "tips": {"count": 0}, "gender": "male", "lastName": "Orji", "lists": {"groups": [{"count": 2, "type": "created", "items": []}]}, "bio": ""}, {"id": "48830921", "photo": {"prefix": "https://igx.4sqi.net/img/user/", "suffix": "/0EEGG0MU5VMAHOM4.jpg"}, "homeCity": "Metropolitan Manila", "contact": {"facebook": "720606300", "twitter": "rusty_old_jeep"}, "firstName": "Joseph", "tips": {"count": 4}, "gender": "male", "lastName": "Syjuco", "lists": {"groups": [{"count": 2, "type": "created", "items": []}]}, "bio": ""}, {"id": "11933896", "photo": {"prefix": "https://igx.4sqi.net/img/user/", "suffix": "/3OTSYZ1X00OWY3KN.jpg"}, "homeCity": "Quezon City, Philippines", "contact": {"facebook": "631627307"}, "firstName": "Michael", "tips": {"count": 0}, "gender": "male", "lastName": "Albano", "lists": {"groups": [{"count": 2, "type": "created", "items": []}]}, "bio": ""}, {"id": "816833", "photo": {"prefix": "https://igx.4sqi.net/img/user/", "suffix": "/YYUBJVVJA4SVMABG.jpg"}, "homeCity": "Makati City, Philippines", "contact": {"facebook": "721926333"}, "firstName": "Jed", "tips": {"count": 4}, "gender": "female", "lastName": "Quiambao", "lists": {"groups": [{"count": 2, "type": "created", "items": []}]}, "bio": ""}, {"id": "1187731", "photo": {"prefix": "https://igx.4sqi.net/img/user/", "suffix": "/QE5RAPYKZ00M0G3D.jpg"}, "homeCity": "Laguna, Philippines", "contact": {"facebook": "706833185", "twitter": "jeromelmd"}, "firstName": "Jeromel", "tips": {"count": 24}, "gender": "male", "lastName": "Lapitan", "lists": {"groups": [{"count": 6, "type": "created", "items": []}]}, "bio": ""}, {"id": "3041418", "photo": {"prefix": "https://igx.4sqi.net/img/user/", "suffix": "/Y0YX2YHNUPMJEUMO.jpg"}, "homeCity": "Quezon City, Philippines", "contact": {"facebook": "529618724", "twitter": "yegirl13"}, "firstName": "Yegirl", "tips": {"count": 1}, "gender": "female", "lists": {"groups": [{"count": 2, "type": "created", "items": []}]}, "bio": ""}, {"id": "579976", "photo": {"prefix": "https://igx.4sqi.net/img/user/", "suffix": "/ZLHMS3RQTXEPZHR4.jpg"}, "homeCity": "Para\u00f1aque City, Metro Manila", "contact": {"facebook": "581320811", "twitter": "jcreyes"}, "firstName": "Jeremiah", "tips": {"count": 7}, "gender": "male", "lastName": "Reyes", "lists": {"groups": [{"count": 2, "type": "created", "items": []}]}, "bio": ""}, {"id": "16986242", "photo": {"prefix": "https://igx.4sqi.net/img/user/", "suffix": "/Y5PIBOTWW2QRSF2C.jpg"}, "homeCity": "Quezon City, Philippines", "contact": {"facebook": "1628080336", "twitter": "jepsdaman"}, "firstName": "Dennis", "tips": {"count": 2}, "gender": "male", "lastName": "Salaysay", "lists": {"groups": [{"count": 2, "type": "created", "items": []}]}, "bio": ""}, {"id": "10352475", "photo": {"prefix": "https://igx.4sqi.net/img/user/", "suffix": "/10352475-C2BM4AXA2U53ABJ5.jpg"}, "homeCity": "Antipolo City Philippines", "contact": {"facebook": "639364803", "twitter": "prettyausome"}, "firstName": "Au", "tips": {"count": 0}, "gender": "female", "lists": {"groups": [{"count": 2, "type": "created", "items": []}]}, "bio": ""}, {"id": "6315418", "photo": {"prefix": "https://igx.4sqi.net/img/user/", "suffix": "/KJ0QOBAVLUXM0I4G.jpg"}, "homeCity": "Brussels, Belgium", "contact": {"facebook": "610438472", "twitter": "illoydski"}, "firstName": "Lloyd Anthony", "tips": {"count": 3}, "gender": "male", "lastName": "Ng", "lists": {"groups": [{"count": 2, "type": "created", "items": []}]}, "bio": "Here, there and everywhere.. jack of all trades, master of none."}, {"id": "6854139", "photo": {"prefix": "https://igx.4sqi.net/img/user/", "suffix": "/CB11EI0KKJYHMZQH.jpg"}, "homeCity": "San Juan, Philippines", "contact": {}, "firstName": "Abigail", "tips": {"count": 0}, "gender": "female", "lastName": "Te", "lists": {"groups": [{"count": 2, "type": "created", "items": []}]}, "bio": ""}, {"id": "35799856", "photo": {"prefix": "https://igx.4sqi.net/img/user/", "suffix": "/IS0BBIJATTY4A3BB.jpg"}, "homeCity": "Metropolitan Manila", "contact": {"twitter": "yummyiamie"}, "firstName": "Iam", "tips": {"count": 1}, "gender": "female", "lastName": "Quindipan", "lists": {"groups": [{"count": 2, "type": "created", "items": []}]}, "bio": ""}, {"id": "27040286", "photo": {"prefix": "https://igx.4sqi.net/img/user/", "suffix": "/LQ2ZYWJQYRFQVEQ4.jpg"}, "homeCity": "Metropolitan Manila", "contact": {"facebook": "748724375"}, "firstName": "Stelson", "tips": {"count": 5}, "gender": "male", "lastName": "Sia", "lists": {"groups": [{"count": 2, "type": "created", "items": []}]}, "bio": ""}, {"id": "6552309", "photo": {"prefix": "https://igx.4sqi.net/img/user/", "suffix": "/M0LWQUZJFXMMOAXP.jpg"}, "homeCity": "Malabon City, Philippines", "contact": {"facebook": "1269016305"}, "firstName": "Mark", "tips": {"count": 0}, "gender": "none", "lists": {"groups": [{"count": 2, "type": "created", "items": []}]}, "bio": ""}, {"id": "19956531", "photo": {"prefix": "https://igx.4sqi.net/img/user/", "suffix": "/BYTTBZPOJI43D1XD.jpg"}, "homeCity": "Quezon City, Philippines", "contact": {"facebook": "1540986973", "twitter": "ayshcube"}, "firstName": "Ishim", "tips": {"count": 2}, "gender": "male", "lastName": "Palaganas", "lists": {"groups": [{"count": 2, "type": "created", "items": []}]}, "bio": ""}, {"id": "11478705", "photo": {"prefix": "https://igx.4sqi.net/img/user/", "suffix": "/ZKZ0L22ONR5Z1BU4.jpg"}, "homeCity": "", "contact": {"facebook": "708301152", "twitter": "perkypeter"}, "firstName": "Peter", "tips": {"count": 6}, "gender": "male", "lastName": "Santos", "lists": {"groups": [{"count": 2, "type": "created", "items": []}]}, "bio": ""}, {"id": "6158293", "photo": {"prefix": "https://igx.4sqi.net/img/user/", "suffix": "/A15T4LVMZES1SB1H.jpg"}, "homeCity": "Marikina City, Philippines", "contact": {"facebook": "560752882"}, "firstName": "Sarah", "tips": {"count": 0}, "gender": "female", "lastName": "Alsol", "lists": {"groups": [{"count": 2, "type": "created", "items": []}]}, "bio": ""}, {"id": "7419622", "photo": {"prefix": "https://igx.4sqi.net/img/user/", "suffix": "/MGKVOUB4ECEN3DSC.jpg"}, "homeCity": "Cainta, Philippines", "contact": {"facebook": "1050194825"}, "firstName": "christopher brian", "tips": {"count": 0}, "gender": "male", "lists": {"groups": [{"count": 2, "type": "created", "items": []}]}, "bio": ""}, {"id": "2894950", "photo": {"prefix": "https://igx.4sqi.net/img/user/", "suffix": "/M4BAEPZR5J5NMYZR.jpg"}, "homeCity": "Kalookan City, Philippines", "contact": {"facebook": "1168724936524016", "twitter": "geraldo3"}, "firstName": "Gerald", "tips": {"count": 0}, "gender": "male", "lastName": "Senolos", "lists": {"groups": [{"count": 2, "type": "created", "items": []}]}, "bio": ""}, {"id": "70337529", "photo": {"prefix": "https://igx.4sqi.net/img/user/", "suffix": "/CYZI2D1I11EWHDBC.jpg"}, "homeCity": "Cupang, 40", "contact": {"facebook": "611395995"}, "firstName": "Carl", "tips": {"count": 1}, "gender": "female", "lastName": "Aquino-Biolena", "lists": {"groups": [{"count": 2, "type": "created", "items": []}]}, "bio": ""}, {"id": "21785713", "photo": {"prefix": "https://igx.4sqi.net/img/user/", "suffix": "/XTFD2OWKRE3XKQ4O.jpg"}, "homeCity": "Metropolitan Manila", "contact": {"facebook": "1060260627"}, "firstName": "isha", "tips": {"count": 0}, "gender": "female", "lastName": "Sambilay", "lists": {"groups": [{"count": 2, "type": "created", "items": []}]}, "bio": ""}, {"id": "1047369", "photo": {"prefix": "https://igx.4sqi.net/img/user/", "suffix": "/1047369-YDSYSUAEBFBMIK5Z.jpg"}, "homeCity": "Spain, Barcelona", "contact": {}, "firstName": "Ogie Abastillas", "tips": {"count": 3}, "gender": "male", "lists": {"groups": [{"count": 2, "type": "created", "items": []}]}, "bio": ""}, {"id": "1206606", "photo": {"prefix": "https://igx.4sqi.net/img/user/", "suffix": "/1PKOFGOHNEKRQN13.png"}, "homeCity": "Angeles City, Philippines", "contact": {}, "firstName": "Chito", "tips": {"count": 22}, "gender": "male", "lastName": "Reyes", "lists": {"groups": [{"count": 2, "type": "created", "items": []}]}, "bio": ""}, {"id": "3879152", "photo": {"prefix": "https://igx.4sqi.net/img/user/", "suffix": "/3879152-QTXO3EAKHG5K5SOK.jpg"}, "homeCity": "Meycauayan, Bulacan, Philippines", "contact": {"facebook": "709267586", "twitter": "latcruzmd"}, "firstName": "Liza", "tips": {"count": 4}, "gender": "female", "lastName": "Tarca-Cruz", "lists": {"groups": [{"count": 2, "type": "created", "items": []}]}, "bio": ""}, {"id": "11304762", "photo": {"prefix": "https://igx.4sqi.net/img/user/", "suffix": "/BB4VIJC243NF1EII.jpg"}, "homeCity": "Manila, Philippines", "contact": {"facebook": "623401158"}, "firstName": "Jay", "tips": {"count": 0}, "gender": "male", "lastName": "Echaluse", "lists": {"groups": [{"count": 2, "type": "created", "items": []}]}, "bio": ""}, {"id": "23371119", "photo": {"prefix": "https://igx.4sqi.net/img/user/", "suffix": "/IYGKUG2KYMNIWEAO.jpg"}, "homeCity": "Marikina", "contact": {"facebook": "547624192"}, "firstName": "Ian", "tips": {"count": 0}, "gender": "female", "lastName": "Magno", "lists": {"groups": [{"count": 2, "type": "created", "items": []}]}, "bio": ""}, {"id": "6317468", "photo": {"prefix": "https://igx.4sqi.net/img/user/", "default": true, "suffix": "/blank_boy.png"}, "homeCity": "Bacoor, Philippines", "contact": {}, "firstName": "Roy", "tips": {"count": 0}, "gender": "none", "lastName": "Santos", "lists": {"groups": [{"count": 2, "type": "created", "items": []}]}, "bio": ""}, {"id": "8641642", "photo": {"prefix": "https://igx.4sqi.net/img/user/", "suffix": "/MRF4GROVRQOFRVHL.jpg"}, "homeCity": "Cainta, Philippines", "contact": {"facebook": "602071359", "twitter": "rtitong"}, "firstName": "Romeo", "tips": {"count": 0}, "gender": "male", "lastName": "Titong", "lists": {"groups": [{"count": 2, "type": "created", "items": []}]}, "bio": ""}, {"id": "36975998", "photo": {"prefix": "https://igx.4sqi.net/img/user/", "suffix": "/MY2JLZRPMF4TAQYO.jpg"}, "homeCity": "Los Angeles", "contact": {"facebook": "534788812", "twitter": "toddyvelasco"}, "firstName": "Toddy", "tips": {"count": 0}, "gender": "male", "lastName": "Velasco", "lists": {"groups": [{"count": 2, "type": "created", "items": []}]}, "bio": ""}, {"id": "49895964", "photo": {"prefix": "https://igx.4sqi.net/img/user/", "suffix": "/NQH4V2R1YJB4NRGP.jpg"}, "homeCity": "Quezon City, Philippines", "contact": {"facebook": "812384698"}, "firstName": "Kim", "tips": {"count": 0}, "gender": "female", "lastName": "Albano", "lists": {"groups": [{"count": 2, "type": "created", "items": []}]}, "bio": ""}, {"id": "7953872", "photo": {"prefix": "https://igx.4sqi.net/img/user/", "suffix": "/EKKVMTKYDCGGW13H.jpg"}, "homeCity": "New York, NY", "contact": {}, "firstName": "ryan", "tips": {"count": 0}, "gender": "male", "lastName": "tipon", "lists": {"groups": [{"count": 2, "type": "created", "items": []}]}, "bio": ""}, {"id": "34983699", "photo": {"prefix": "https://igx.4sqi.net/img/user/", "suffix": "/34983699-NRBSNHOTC2RTWRGC.jpg"}, "homeCity": "Marikina, Philippines", "contact": {"twitter": "jerbau"}, "firstName": "Jerome", "tips": {"count": 8}, "gender": "male", "lastName": "Bautista", "lists": {"groups": [{"count": 10, "type": "created", "items": []}]}, "bio": ""}, {"id": "43839323", "photo": {"prefix": "https://igx.4sqi.net/img/user/", "suffix": "/LT1LUKLS5VSLMQVP.jpg"}, "homeCity": "Las Pi\u00f1as", "contact": {"facebook": "1506856378", "twitter": "jems4evah"}, "firstName": "Evah", "tips": {"count": 6}, "gender": "female", "lastName": "Recinto", "lists": {"groups": [{"count": 2, "type": "created", "items": []}]}, "bio": ""}, {"id": "8259855", "photo": {"prefix": "https://igx.4sqi.net/img/user/", "suffix": "/0MOWXY52OLUHIVKW.jpg"}, "homeCity": "Mandaluyong City, Philippines", "contact": {"facebook": "100000168815601"}, "firstName": "George", "tips": {"count": 1}, "gender": "male", "lastName": "Lapuz", "lists": {"groups": [{"count": 2, "type": "created", "items": []}]}, "bio": ""}, {"id": "1562924", "photo": {"prefix": "https://igx.4sqi.net/img/user/", "suffix": "/1562924-QYA1ADRXIWHECWVP.jpg"}, "homeCity": "Mandaluyong, ", "contact": {"twitter": "chebellosevilla"}, "firstName": "Che", "tips": {"count": 0}, "gender": "female", "lastName": "Bello-Sevilla", "lists": {"groups": [{"count": 2, "type": "created", "items": []}]}, "bio": ""}, {"id": "1649343", "photo": {"prefix": "https://igx.4sqi.net/img/user/", "suffix": "/I2L51CW5BZAIW45I.jpg"}, "homeCity": "Quezon City, Philippines", "contact": {"facebook": "546977023", "twitter": "nineydepmd"}, "firstName": "Nine", "tips": {"count": 1}, "gender": "female", "lastName": "CD", "lists": {"groups": [{"count": 2, "type": "created", "items": []}]}, "bio": ""}, {"id": "6054272", "photo": {"prefix": "https://igx.4sqi.net/img/user/", "suffix": "/6054272-0DMLXDWUJEM4P1Z2.jpg"}, "homeCity": "Pasig City, Philippines", "contact": {}, "firstName": "Marvin", "tips": {"count": 1}, "gender": "male", "lastName": "Reyes", "lists": {"groups": [{"count": 2, "type": "created", "items": []}]}, "bio": ""}, {"id": "31926983", "photo": {"prefix": "https://igx.4sqi.net/img/user/", "suffix": "/31926983-HA4TRBXAVZULGJIU.jpg"}, "homeCity": "Rizal", "contact": {}, "firstName": "Jonathan", "tips": {"count": 0}, "gender": "male", "lastName": "Sernande", "lists": {"groups": [{"count": 2, "type": "created", "items": []}]}, "bio": "Physician.ERMed.DPCOM.boss ko si @alphadara"}, {"id": "69734444", "photo": {"prefix": "https://igx.4sqi.net/img/user/", "suffix": "/69734444-AD3Q1CADFGJ2LF5M.jpg"}, "homeCity": "Quezon City, NCR", "contact": {"facebook": "100001496745796"}, "firstName": "Doc", "tips": {"count": 4}, "gender": "male", "lastName": "Red", "lists": {"groups": [{"count": 2, "type": "created", "items": []}]}, "bio": ""}, {"id": "7288190", "photo": {"prefix": "https://igx.4sqi.net/img/user/", "suffix": "/41WW1LZAIDTYMBT5.jpg"}, "homeCity": "Quezon City, Philippines", "contact": {}, "firstName": "Jo-Anne", "tips": {"count": 0}, "gender": "female", "lastName": "Bisnar", "lists": {"groups": [{"count": 2, "type": "created", "items": []}]}, "bio": ""}, {"id": "7965778", "photo": {"prefix": "https://igx.4sqi.net/img/user/", "suffix": "/2RLHRIXULDO05N5Q.jpg"}, "homeCity": "Quezon City, Philippines", "contact": {}, "firstName": "Jonathan", "tips": {"count": 1}, "gender": "male", "lastName": "Lee", "lists": {"groups": [{"count": 2, "type": "created", "items": []}]}, "bio": ""}, {"id": "50513016", "photo": {"prefix": "https://igx.4sqi.net/img/user/", "suffix": "/JX3UHONYP13QXEVO.jpg"}, "homeCity": "Quezon City, Philippines", "contact": {"facebook": "589471792", "twitter": "tintoy_ako"}, "firstName": "Kristine", "tips": {"count": 0}, "gender": "female", "lastName": "Hernandez", "lists": {"groups": [{"count": 2, "type": "created", "items": []}]}, "bio": ""}, {"id": "9763274", "photo": {"prefix": "https://igx.4sqi.net/img/user/", "suffix": "/4Z2TB4JY0EHBHMUR.jpg"}, "homeCity": "New York, NY", "contact": {}, "firstName": "Darlynn", "tips": {"count": 0}, "gender": "female", "lastName": "de Ramos", "lists": {"groups": [{"count": 2, "type": "created", "items": []}]}, "bio": ""}, {"id": "3019349", "photo": {"prefix": "https://igx.4sqi.net/img/user/", "suffix": "/UXWMMWFWC2DAQJOJ.jpg"}, "homeCity": "Manila, Philippines", "contact": {"facebook": "557267461"}, "firstName": "Jorge", "tips": {"count": 12}, "gender": "male", "lastName": "Dollisen", "lists": {"groups": [{"count": 3, "type": "created", "items": []}]}, "bio": ""}, {"id": "6329485", "photo": {"prefix": "https://igx.4sqi.net/img/user/", "suffix": "/10YB0HXFMY42C3CA.jpg"}, "homeCity": "Pasig City, Philippines", "contact": {"facebook": "10153024710852635"}, "firstName": "Angel", "tips": {"count": 16}, "gender": "male", "lastName": "Acid Blues", "lists": {"groups": [{"count": 2, "type": "created", "items": []}]}, "bio": ""}, {"id": "12431166", "photo": {"prefix": "https://igx.4sqi.net/img/user/", "suffix": "/GYVXZLK1VFW3NQXB.jpg"}, "homeCity": "Pasig City, Philippines", "contact": {"facebook": "624867052"}, "firstName": "Maki", "tips": {"count": 1}, "gender": "none", "lastName": "Tot", "lists": {"groups": [{"count": 2, "type": "created", "items": []}]}, "bio": ""}, {"id": "10051387", "photo": {"prefix": "https://igx.4sqi.net/img/user/", "suffix": "/10051387-XXLZJTZURFYPLJUU.jpg"}, "homeCity": "NCR, Philippines", "contact": {"facebook": "563847198", "twitter": "sher_co"}, "firstName": "sherlyn", "tips": {"count": 15}, "gender": "female", "lastName": "co", "lists": {"groups": [{"count": 2, "type": "created", "items": []}]}, "bio": ""}, {"id": "11217648", "photo": {"prefix": "https://igx.4sqi.net/img/user/", "suffix": "/01RD4ANEMTPUNHP4.jpg"}, "homeCity": "Manila, philippines", "contact": {"facebook": "1072777131"}, "firstName": "Jeng", "tips": {"count": 0}, "gender": "female", "lastName": "Serrano", "lists": {"groups": [{"count": 2, "type": "created", "items": []}]}, "bio": ""}, {"id": "4433871", "photo": {"prefix": "https://igx.4sqi.net/img/user/", "suffix": "/3XVLUITPXA4WKQIF.jpg"}, "homeCity": "Webster, TX", "contact": {}, "firstName": "Erika", "tips": {"count": 3}, "gender": "female", "lastName": "Garcia", "lists": {"groups": [{"count": 2, "type": "created", "items": []}]}, "bio": "The best things in life are truly FREE.... but that won't stop me from hoping to win some #MegaMillions :P"}, {"id": "6650545", "photo": {"prefix": "https://igx.4sqi.net/img/user/", "suffix": "/YU310UGENOONN3A4.gif"}, "homeCity": "Pampanga, Philippines", "contact": {"facebook": "1517298134"}, "firstName": "Joel", "tips": {"count": 0}, "gender": "male", "lastName": "Castro", "lists": {"groups": [{"count": 2, "type": "created", "items": []}]}, "bio": ""}, {"id": "12667023", "photo": {"prefix": "https://igx.4sqi.net/img/user/", "suffix": "/LON0IBNVWUKXOTME.jpg"}, "homeCity": "Metro Manila, Philippines", "contact": {"facebook": "100000174413359"}, "firstName": "Michelle", "tips": {"count": 0}, "gender": "female", "lastName": "Moreno-Maliwat", "lists": {"groups": [{"count": 2, "type": "created", "items": []}]}, "bio": ""}, {"id": "12265736", "photo": {"prefix": "https://igx.4sqi.net/img/user/", "suffix": "/XASKD4EI24DZD3BR.jpg"}, "homeCity": "London, England, United Kingdom", "contact": {"facebook": "1251649030", "twitter": "franckaye"}, "firstName": "Karen", "tips": {"count": 0}, "gender": "female", "lastName": "Franco", "lists": {"groups": [{"count": 2, "type": "created", "items": []}]}, "bio": ""}, {"id": "48198678", "photo": {"prefix": "https://igx.4sqi.net/img/user/", "suffix": "/ZT4OEIFKJXUCH2YW.jpg"}, "homeCity": "Quezon City", "contact": {"facebook": "630276965"}, "firstName": "Ramona Andrea", "tips": {"count": 0}, "gender": "female", "lastName": "Sia-Santocildes", "lists": {"groups": [{"count": 2, "type": "created", "items": []}]}, "bio": ""}, {"id": "30637497", "photo": {"prefix": "https://igx.4sqi.net/img/user/", "suffix": "/4I2NDCBUUQL1BAY5.jpg"}, "homeCity": "Muscat", "contact": {"facebook": "1510931040", "twitter": "kcnada"}, "firstName": "Kirkus", "tips": {"count": 4}, "gender": "male", "lastName": "Review", "lists": {"groups": [{"count": 2, "type": "created", "items": []}]}, "bio": ""}, {"id": "8749682", "photo": {"prefix": "https://igx.4sqi.net/img/user/", "suffix": "/5HKTPF3LYXY2XV5O.jpg"}, "homeCity": "NY", "contact": {}, "firstName": "Kiko", "tips": {"count": 0}, "gender": "male", "lastName": "Javier", "lists": {"groups": [{"count": 2, "type": "created", "items": []}]}, "bio": ""}, {"id": "12805010", "photo": {"prefix": "https://igx.4sqi.net/img/user/", "suffix": "/S2NQEW4QL0SMXGGM.jpg"}, "homeCity": "Mandaluyong City, Philippines", "contact": {"facebook": "1079911358"}, "firstName": "Kate", "tips": {"count": 0}, "gender": "female", "lastName": "Siozon", "lists": {"groups": [{"count": 2, "type": "created", "items": []}]}, "bio": ""}, {"id": "13137973", "photo": {"prefix": "https://igx.4sqi.net/img/user/", "suffix": "/HWPUJ3FBJEOPMNVC.jpg"}, "homeCity": "Quezon City, Philippines", "contact": {"facebook": "598895256", "twitter": "bechai_babi"}, "firstName": "Betsy", "tips": {"count": 0}, "gender": "female", "lastName": "Babilonia", "lists": {"groups": [{"count": 2, "type": "created", "items": []}]}, "bio": ""}]}, "checksum": "bb31284d301f8e88948f99903927850edd4d3df4"}}