{"notifications": [{"type": "notificationTray", "item": {"unreadCount": 0}}], "response": {"friends": {"items": [{"tips": {"count": 3}, "contact": {"twitter": "shyna_m", "facebook": "539135989"}, "firstName": "Shyna", "gender": "female", "lastName": "M", "id": "506491", "bio": "", "photo": {"prefix": "https://igx.4sqi.net/img/user/", "suffix": "/RITHLMW5BUTMLKJI.jpg"}, "homeCity": "Singapore", "lists": {"groups": [{"items": [], "count": 2, "type": "created"}]}}, {"tips": {"count": 0}, "contact": {"twitter": "nrsyirah", "facebook": "1018709771"}, "firstName": "noor", "gender": "female", "lastName": "syahirah", "id": "11028891", "bio": "", "photo": {"prefix": "https://igx.4sqi.net/img/user/", "suffix": "/ID4RXBJ25RMDRLMQ.jpg"}, "homeCity": "Singapore", "lists": {"groups": [{"items": [], "count": 2, "type": "created"}]}}, {"tips": {"count": 10}, "contact": {"twitter": "koreenhong", "facebook": "1052254628"}, "firstName": "Koreen", "gender": "female", "lastName": "Hong", "id": "4331639", "bio": "", "photo": {"prefix": "https://igx.4sqi.net/img/user/", "suffix": "/4VXRY5XVHDGCB2ZS.jpg"}, "homeCity": "Singapore", "lists": {"groups": [{"items": [], "count": 2, "type": "created"}]}}, {"tips": {"count": 0}, "contact": {}, "firstName": "Jimmy", "gender": "male", "lastName": "Khoo", "id": "1195319", "bio": "", "photo": {"prefix": "https://igx.4sqi.net/img/user/", "suffix": "/0EM2NOP1R2XMP4N4.jpg"}, "homeCity": "Singapore", "lists": {"groups": [{"items": [], "count": 2, "type": "created"}]}}, {"tips": {"count": 1}, "contact": {"twitter": "coolguneet", "facebook": "686690489"}, "firstName": "Guneet", "gender": "male", "lastName": "Bawa", "id": "10272235", "bio": "", "photo": {"prefix": "https://igx.4sqi.net/img/user/", "suffix": "/OUECHIGMPNKQ55VQ.jpg"}, "homeCity": "New Delhi, India", "lists": {"groups": [{"items": [], "count": 2, "type": "created"}]}}, {"tips": {"count": 4}, "contact": {}, "firstName": "Niki", "gender": "female", "id": "6502662", "bio": "", "photo": {"prefix": "https://igx.4sqi.net/img/user/", "suffix": "/ELTR53BXUYYYHXKS.jpg"}, "homeCity": "Toronto, Canada", "lists": {"groups": [{"items": [], "count": 2, "type": "created"}]}}, {"tips": {"count": 3}, "contact": {"twitter": "solitude81", "facebook": "10153026300101780"}, "firstName": "Sri Thiba", "gender": "female", "lastName": "Santhira Seakaran", "id": "3774964", "bio": "", "photo": {"prefix": "https://igx.4sqi.net/img/user/", "suffix": "/CKGNJYPOJDCZYROL.jpg"}, "homeCity": "Singapore", "lists": {"groups": [{"items": [], "count": 3, "type": "created"}]}}, {"tips": {"count": 0}, "contact": {}, "firstName": "Preyaz", "gender": "female", "lastName": "K", "id": "5626710", "bio": "", "photo": {"prefix": "https://igx.4sqi.net/img/user/", "suffix": "/EYSIBYIKVBWCVE5M.jpg"}, "homeCity": "Singapore", "lists": {"groups": [{"items": [], "count": 2, "type": "created"}]}}, {"tips": {"count": 2}, "contact": {"facebook": "679140951"}, "firstName": "Linisha", "gender": "female", "lastName": "Raj", "id": "4279808", "bio": "", "photo": {"prefix": "https://igx.4sqi.net/img/user/", "suffix": "/UZ30BYQAXOMCAF4I.jpg"}, "homeCity": "Singapore", "lists": {"groups": [{"items": [], "count": 2, "type": "created"}]}}, {"tips": {"count": 14}, "contact": {"twitter": "areshaonline", "facebook": "529071170"}, "firstName": "Aresha", "gender": "female", "id": "252299", "bio": "", "photo": {"prefix": "https://igx.4sqi.net/img/user/", "suffix": "/NGLODS0MQYNH5IDD.jpg"}, "homeCity": "London, UK", "lists": {"groups": [{"items": [], "count": 2, "type": "created"}]}}, {"tips": {"count": 0}, "contact": {"facebook": "100000192356238"}, "firstName": "Suriah", "gender": "female", "lastName": "Sulaiman", "id": "5578388", "bio": "", "photo": {"prefix": "https://igx.4sqi.net/img/user/", "suffix": "/222G30VSIHKVKNL2.jpg"}, "homeCity": "Singapore", "lists": {"groups": [{"items": [], "count": 2, "type": "created"}]}}, {"tips": {"count": 0}, "contact": {"twitter": "praaabhuuu", "facebook": "100000003430341"}, "firstName": "Prabhu", "gender": "male", "lastName": "Krishnamurthy", "id": "1867946", "bio": "", "photo": {"prefix": "https://igx.4sqi.net/img/user/", "suffix": "/UEM3FYZJHZHUPPVS.jpg"}, "homeCity": "Yishun, Singapore", "lists": {"groups": [{"items": [], "count": 2, "type": "created"}]}}, {"tips": {"count": 7}, "contact": {"twitter": "uhqayshuhdy", "facebook": "1153931991"}, "firstName": "Uhqayshuhdy", "gender": "female", "lastName": "dydi", "id": "4034433", "bio": "", "photo": {"prefix": "https://igx.4sqi.net/img/user/", "suffix": "/XWCU1NI3UQDP5QKT.jpg"}, "homeCity": "Singapore", "lists": {"groups": [{"items": [], "count": 2, "type": "created"}]}}, {"tips": {"count": 20}, "contact": {"facebook": "788911084"}, "firstName": "Suhaila", "gender": "female", "lastName": "RaeLynn", "id": "1611980", "bio": "", "photo": {"prefix": "https://igx.4sqi.net/img/user/", "suffix": "/1611980-RSANMSGYIP1D3WHZ.jpg"}, "homeCity": "Woodlands, Singapore", "lists": {"groups": [{"items": [], "count": 2, "type": "created"}]}}, {"superuser": 2, "tips": {"count": 21}, "contact": {"twitter": "jeremyjoshua", "facebook": "551661851"}, "firstName": "Jeremy", "gender": "male", "lastName": "Chua", "id": "194087", "bio": "", "photo": {"prefix": "https://igx.4sqi.net/img/user/", "suffix": "/194087-32LYZUK0G2TJNBNJ.jpg"}, "homeCity": "Singapore, Singapore", "lists": {"groups": [{"items": [], "count": 2, "type": "created"}]}}, {"tips": {"count": 9}, "contact": {"facebook": "1828386089"}, "firstName": "Lawrence", "gender": "male", "lastName": "Chan", "id": "643995", "bio": "www.water-movement.com will change your life", "photo": {"prefix": "https://igx.4sqi.net/img/user/", "suffix": "/Y1PSSJGRJ3JZK5JZ.jpg"}, "homeCity": "Singapore", "lists": {"groups": [{"items": [], "count": 3, "type": "created"}]}}, {"tips": {"count": 5}, "contact": {"twitter": "shyanne", "facebook": "530011753"}, "firstName": "Shyanne", "gender": "female", "lastName": "Soraya", "id": "385495", "bio": "", "photo": {"prefix": "https://igx.4sqi.net/img/user/", "suffix": "/XKRQ23BJBOYA1LEB.jpg"}, "homeCity": "Singapore", "lists": {"groups": [{"items": [], "count": 2, "type": "created"}]}}, {"tips": {"count": 1}, "contact": {"twitter": "shaheenaman", "facebook": "548931534"}, "firstName": "shaheen", "gender": "female", "lastName": "Aman", "id": "1781314", "bio": "", "photo": {"prefix": "https://igx.4sqi.net/img/user/", "suffix": "/KZ2ERAOOLVVGAE2R.jpg"}, "homeCity": "Singapore", "lists": {"groups": [{"items": [], "count": 2, "type": "created"}]}}, {"tips": {"count": 8}, "contact": {"twitter": "euniqyou", "facebook": "544195053"}, "firstName": "Eun", "gender": "female", "lastName": "T", "id": "121794", "bio": "", "photo": {"prefix": "https://igx.4sqi.net/img/user/", "suffix": "/M1T1HXKU5SCO1PKQ.jpg"}, "homeCity": "Singapore", "lists": {"groups": [{"items": [], "count": 2, "type": "created"}]}}, {"tips": {"count": 1}, "contact": {}, "firstName": "Alastair", "gender": "male", "lastName": "Ong", "id": "725670", "bio": "", "photo": {"prefix": "https://igx.4sqi.net/img/user/", "suffix": "/blank_boy.png", "default": true}, "homeCity": "New York, NY", "lists": {"groups": [{"items": [], "count": 2, "type": "created"}]}}, {"tips": {"count": 0}, "contact": {"twitter": "aishaisha"}, "firstName": "Aisha", "gender": "female", "lastName": "C", "id": "897381", "bio": "", "photo": {"prefix": "https://igx.4sqi.net/img/user/", "suffix": "/2EK1HF10I4Q5CJ2C.jpg"}, "homeCity": "Singapore", "lists": {"groups": [{"items": [], "count": 2, "type": "created"}]}}, {"tips": {"count": 63}, "contact": {}, "firstName": "Skywalker", "gender": "male", "id": "2390040", "bio": "", "photo": {"prefix": "https://igx.4sqi.net/img/user/", "suffix": "/K42BYYTAB0NPCKR3.jpg"}, "homeCity": "Singapore", "lists": {"groups": [{"items": [], "count": 3, "type": "created"}]}}, {"tips": {"count": 0}, "contact": {}, "firstName": "Griselda", "gender": "female", "lastName": "Vargas", "id": "1123529", "bio": "", "photo": {"prefix": "https://igx.4sqi.net/img/user/", "suffix": "/NCC5OYKUQO43ODLK.jpg"}, "homeCity": "Vista, CA", "lists": {"groups": [{"items": [], "count": 2, "type": "created"}]}}, {"tips": {"count": 0}, "contact": {"twitter": "unscriptedrants", "facebook": "613244784"}, "firstName": "Wanie", "gender": "female", "lastName": "Masnam", "id": "1492508", "bio": "", "photo": {"prefix": "https://igx.4sqi.net/img/user/", "suffix": "/5RQ3XPAXIMLTRNEJ.jpg"}, "homeCity": "Singapore, SG", "lists": {"groups": [{"items": [], "count": 2, "type": "created"}]}}, {"tips": {"count": 1}, "contact": {"twitter": "hanaoctavia", "facebook": "1626252444"}, "firstName": "Hana", "gender": "female", "lastName": "Octavia", "id": "4842513", "bio": "", "photo": {"prefix": "https://igx.4sqi.net/img/user/", "suffix": "/4842513-4IADYMULPRO5CQHH.jpg"}, "homeCity": "Singapore", "lists": {"groups": [{"items": [], "count": 2, "type": "created"}]}}, {"tips": {"count": 13}, "contact": {"twitter": "nadnut", "facebook": "654935374"}, "firstName": "Nadia", "gender": "female", "lastName": "Bennylava", "id": "1591811", "bio": "", "photo": {"prefix": "https://igx.4sqi.net/img/user/", "suffix": "/L21WYNMFF0H4UDWQ.jpg"}, "homeCity": "Pa Tong, Phuket", "lists": {"groups": [{"items": [], "count": 2, "type": "created"}]}}, {"tips": {"count": 5}, "contact": {"twitter": "iamkuhan", "facebook": "1127071057"}, "firstName": "Kuhan", "gender": "male", "lastName": "Ramachandra", "id": "11088114", "bio": "", "photo": {"prefix": "https://igx.4sqi.net/img/user/", "suffix": "/11088114-4G1FMUEZTMSNM4KP"}, "homeCity": "Sydney, Australia", "lists": {"groups": [{"items": [], "count": 2, "type": "created"}]}}, {"tips": {"count": 8}, "contact": {"facebook": "1153534364"}, "firstName": "Adam", "gender": "male", "lastName": "Rossie", "id": "19314020", "bio": "", "photo": {"prefix": "https://igx.4sqi.net/img/user/", "suffix": "/RFABO2VYJ31OZ0A2.jpg"}, "homeCity": "Hanceville, AL", "lists": {"groups": [{"items": [], "count": 2, "type": "created"}]}}, {"tips": {"count": 1}, "contact": {"twitter": "theyounghunt", "facebook": "100001598295769"}, "firstName": "Ivan", "gender": "male", "lastName": "Beaulieu", "id": "4257206", "bio": "", "photo": {"prefix": "https://igx.4sqi.net/img/user/", "suffix": "/K5L0EFYTWRBD2BGO.jpg"}, "homeCity": "Smithfield, NC", "lists": {"groups": [{"items": [], "count": 2, "type": "created"}]}}, {"tips": {"count": 66}, "contact": {}, "firstName": "Azhar", "gender": "male", "lastName": "Ahmad", "id": "5812356", "bio": "Life-long YNWA fan. Go you REDS!", "photo": {"prefix": "https://igx.4sqi.net/img/user/", "suffix": "/5812356-HWNXUDSL3WL2X5SY.jpg"}, "homeCity": "Ara Damansara, PJ, Malaysia", "lists": {"groups": [{"items": [], "count": 2, "type": "created"}]}}, {"tips": {"count": 5}, "contact": {"twitter": "nareshnaresh", "facebook": "560948884"}, "firstName": "Naresh", "gender": "male", "lastName": "Kumar", "id": "257846", "bio": "", "photo": {"prefix": "https://igx.4sqi.net/img/user/", "suffix": "/ABEFTAGP4US035A5.jpg"}, "homeCity": "Singapore", "lists": {"groups": [{"items": [], "count": 2, "type": "created"}]}}, {"tips": {"count": 0}, "contact": {"facebook": "100000415153761"}, "firstName": "Shoba", "gender": "female", "lastName": "Krishnan", "id": "5585558", "bio": "", "photo": {"prefix": "https://igx.4sqi.net/img/user/", "suffix": "/A5AQ00PBQACZVTN3.jpg"}, "homeCity": "Singapore", "lists": {"groups": [{"items": [], "count": 2, "type": "created"}]}}, {"tips": {"count": 1}, "contact": {"twitter": "ededdeddd"}, "firstName": "Edwina", "gender": "female", "lastName": "Paglar", "id": "1920305", "bio": "", "photo": {"prefix": "https://igx.4sqi.net/img/user/", "suffix": "/53SA1NNTNXWNL2P3.jpg"}, "homeCity": "Singapore", "lists": {"groups": [{"items": [], "count": 2, "type": "created"}]}}, {"tips": {"count": 0}, "contact": {"twitter": "sandra_lai", "facebook": "10154324494743443"}, "firstName": "Sandra", "gender": "female", "lastName": "Lai", "id": "4917354", "bio": "In love with make-up, cosmetics, beauty stuffs and manicure. \ue31d i'd love to travel round the earth one day. \ue01d food is my another alternative to cure boredom. \ue043 l", "photo": {"prefix": "https://igx.4sqi.net/img/user/", "suffix": "/4917354_f4JlIfnP_pbjnusbnBPGzW48BiEDlvyC0lV0MCoxzWkFkRHOysyB5-E5lI-HDmdtb5DjMLWVH.jpg"}, "homeCity": "Singapore", "lists": {"groups": [{"items": [], "count": 2, "type": "created"}]}}, {"tips": {"count": 3}, "contact": {}, "firstName": "Marilyn", "gender": "female", "lastName": "Pang", "id": "2887846", "bio": "", "photo": {"prefix": "https://igx.4sqi.net/img/user/", "suffix": "/M2UYBIHGY3WQCX4S.jpg"}, "homeCity": "Singapore", "lists": {"groups": [{"items": [], "count": 2, "type": "created"}]}}, {"tips": {"count": 0}, "contact": {"twitter": "syimzgermaine"}, "firstName": "Syimz", "gender": "female", "lastName": "Germaine", "id": "2304927", "bio": "", "photo": {"prefix": "https://igx.4sqi.net/img/user/", "suffix": "/ZDRF1YE3R33DYOSU.jpg"}, "homeCity": "Singapore", "lists": {"groups": [{"items": [], "count": 2, "type": "created"}]}}, {"tips": {"count": 5}, "contact": {"twitter": "babymsha", "facebook": "100001029514085"}, "firstName": "Sharmila", "gender": "female", "lastName": "Naidu", "id": "1675092", "bio": "", "photo": {"prefix": "https://igx.4sqi.net/img/user/", "suffix": "/ZBX51YIZAFOOGHVK.jpg"}, "homeCity": "Medan, Sumatera Utara", "lists": {"groups": [{"items": [], "count": 2, "type": "created"}]}}, {"tips": {"count": 1}, "contact": {"facebook": "1074964705"}, "firstName": "Veronika", "gender": "female", "lastName": "Kardashian", "id": "627425", "bio": "", "photo": {"prefix": "https://igx.4sqi.net/img/user/", "suffix": "/SNNNKNQA1WJCW2NN.jpg"}, "homeCity": "Yishun, Singapore", "lists": {"groups": [{"items": [], "count": 2, "type": "created"}]}}, {"tips": {"count": 5}, "contact": {"twitter": "idjmarc", "facebook": "1249260795"}, "firstName": "DJMarc", "gender": "male", "id": "21821296", "bio": "Techno | Progressive | Electro \r\nMusic Is The Answer\r\nhttp://m.soundcloud.com/dj-marc-fuck-a-duck", "photo": {"prefix": "https://igx.4sqi.net/img/user/", "suffix": "/21821296-UXL2IEHCCAADGEP4.jpg"}, "homeCity": "Karnataka", "lists": {"groups": [{"items": [], "count": 8, "type": "created"}]}}, {"tips": {"count": 2}, "contact": {"twitter": "jfxberns", "facebook": "507611788"}, "firstName": "John", "gender": "male", "lastName": "Berns", "id": "135074", "bio": "Solutions Architect for MapR APAC.  Co-founder BigData.SG and Hadoop.SG.  Beer drinker.", "photo": {"prefix": "https://igx.4sqi.net/img/user/", "suffix": "/T5PONJMAYLRZNCOC.jpg"}, "homeCity": "Singapore", "lists": {"groups": [{"items": [], "count": 2, "type": "created"}]}}, {"tips": {"count": 3}, "contact": {"twitter": "imchaudhry"}, "firstName": "Imran", "gender": "male", "lastName": "Chaudhry", "id": "730784", "bio": "", "photo": {"prefix": "https://igx.4sqi.net/img/user/", "suffix": "/R2YU5DUHQ0M1DMPC.jpg"}, "homeCity": "Singapore", "lists": {"groups": [{"items": [], "count": 2, "type": "created"}]}}, {"tips": {"count": 0}, "contact": {"twitter": "takashi5226", "facebook": "100000047555683"}, "firstName": "ANDY", "gender": "male", "lastName": "LIN", "id": "931288", "bio": "", "photo": {"prefix": "https://igx.4sqi.net/img/user/", "suffix": "/0JMI3EEEB0ZKMQ4C.jpg"}, "homeCity": "Singapore", "lists": {"groups": [{"items": [], "count": 2, "type": "created"}]}}, {"tips": {"count": 1}, "contact": {}, "firstName": "Iffah", "gender": "female", "lastName": "Nadzirah", "id": "2499192", "bio": "", "photo": {"prefix": "https://igx.4sqi.net/img/user/", "suffix": "/0XLOUC51RPOY5I5F.jpg"}, "homeCity": "Singapore", "lists": {"groups": [{"items": [], "count": 2, "type": "created"}]}}, {"tips": {"count": 0}, "contact": {"twitter": "ridwan2906", "facebook": "1683588729"}, "firstName": "Ridwan", "gender": "male", "lastName": "Revanzya Reyza", "id": "1124208", "bio": "", "photo": {"prefix": "https://igx.4sqi.net/img/user/", "suffix": "/51SPWR0LF4MYS5A0.jpg"}, "homeCity": "Indonesia", "lists": {"groups": [{"items": [], "count": 2, "type": "created"}]}}, {"tips": {"count": 2}, "contact": {"twitter": "primadonnalove", "facebook": "644046561"}, "firstName": "Aisha", "gender": "female", "lastName": "Ambrosio", "id": "2149486", "bio": "", "photo": {"prefix": "https://igx.4sqi.net/img/user/", "suffix": "/1QJ0IVBE3C3NI2MG.jpg"}, "homeCity": "Singapore", "lists": {"groups": [{"items": [], "count": 2, "type": "created"}]}}, {"tips": {"count": 0}, "contact": {"facebook": "1043662099"}, "firstName": "Calista", "gender": "female", "lastName": "Ariana", "id": "5201840", "bio": "", "photo": {"prefix": "https://igx.4sqi.net/img/user/", "suffix": "/F3WUWTZ5OO5ELD1C.jpg"}, "homeCity": "Irving, TX", "lists": {"groups": [{"items": [], "count": 2, "type": "created"}]}}, {"tips": {"count": 0}, "contact": {}, "firstName": "Jessica", "gender": "female", "lastName": "Gabriel", "id": "4528203", "bio": "", "photo": {"prefix": "https://igx.4sqi.net/img/user/", "suffix": "/I1LNBCYWV1KBR1DW.jpg"}, "homeCity": "New York, NY", "lists": {"groups": [{"items": [], "count": 2, "type": "created"}]}}, {"tips": {"count": 1}, "contact": {"facebook": "1230017692"}, "firstName": "banish", "gender": "male", "lastName": "kumar", "id": "19266956", "bio": "", "photo": {"prefix": "https://igx.4sqi.net/img/user/", "suffix": "/4EPKOZC1BYJSJSUP.jpg"}, "homeCity": "Mavelikkara, India", "lists": {"groups": [{"items": [], "count": 2, "type": "created"}]}}, {"tips": {"count": 2}, "contact": {}, "firstName": "Reena", "gender": "female", "id": "4263857", "bio": "", "photo": {"prefix": "https://igx.4sqi.net/img/user/", "suffix": "/IXRQBSQPE2LRM3E5.jpg"}, "homeCity": "Kuala Lumpur,Malaysia", "lists": {"groups": [{"items": [], "count": 2, "type": "created"}]}}, {"tips": {"count": 0}, "contact": {"twitter": "vijaysheri", "facebook": "590100639"}, "firstName": "Vijay", "gender": "male", "lastName": "Sheri", "id": "8052404", "bio": "", "photo": {"prefix": "https://igx.4sqi.net/img/user/", "suffix": "/EEQMLQHOOZPHLCAD.jpg"}, "homeCity": "Malaysia", "lists": {"groups": [{"items": [], "count": 2, "type": "created"}]}}, {"tips": {"count": 0}, "contact": {}, "firstName": "Shavonne", "gender": "female", "lastName": "Wong", "id": "1422368", "bio": "", "photo": {"prefix": "https://igx.4sqi.net/img/user/", "suffix": "/Z2OVVTLT0OOJTDFA.jpg"}, "homeCity": "Singapore", "lists": {"groups": [{"items": [], "count": 2, "type": "created"}]}}, {"tips": {"count": 2}, "contact": {"twitter": "purpurbutterfly"}, "firstName": "Purple", "gender": "female", "lastName": "Butterfly", "id": "5694449", "bio": "", "photo": {"prefix": "https://igx.4sqi.net/img/user/", "suffix": "/QWBTPIFZGMGCCNIJ.jpg"}, "homeCity": "Singapore", "lists": {"groups": [{"items": [], "count": 2, "type": "created"}]}}, {"tips": {"count": 7}, "contact": {"twitter": "nanagoldies", "facebook": "775050117"}, "firstName": "Nana Goldies", "gender": "female", "id": "1996067", "bio": "", "photo": {"prefix": "https://igx.4sqi.net/img/user/", "suffix": "/G3FQLLZSP03HQS15.jpg"}, "homeCity": "Tanglin Halt, Singapore", "lists": {"groups": [{"items": [], "count": 2, "type": "created"}]}}, {"tips": {"count": 3}, "contact": {"twitter": "tunithareku", "facebook": "662268077"}, "firstName": "Tunitha", "gender": "female", "lastName": "Reku", "id": "5180768", "bio": "", "photo": {"prefix": "https://igx.4sqi.net/img/user/", "suffix": "/FAA2IMOMXQE3NSK2.jpg"}, "homeCity": "Singapore till Apr!", "lists": {"groups": [{"items": [], "count": 2, "type": "created"}]}}, {"tips": {"count": 0}, "contact": {"facebook": "1844019192"}, "firstName": "Mademoiselle", "gender": "female", "lastName": "IanMeowh", "id": "2912570", "bio": "", "photo": {"prefix": "https://igx.4sqi.net/img/user/", "suffix": "/EDAR0R3DSNLWGBZ5.jpg"}, "homeCity": "Singapore", "lists": {"groups": [{"items": [], "count": 2, "type": "created"}]}}, {"tips": {"count": 0}, "contact": {"twitter": "rosecamilia"}, "firstName": "rose camilia", "gender": "female", "id": "4184525", "bio": "", "photo": {"prefix": "https://igx.4sqi.net/img/user/", "suffix": "/RZ2ZX1X32LSCPCLI.jpg"}, "homeCity": "Singapore", "lists": {"groups": [{"items": [], "count": 2, "type": "created"}]}}, {"tips": {"count": 0}, "contact": {"twitter": "pearlinsiow", "facebook": "665216253"}, "firstName": "Pearlin", "gender": "female", "lastName": "Siow", "id": "767346", "bio": "", "photo": {"prefix": "https://igx.4sqi.net/img/user/", "suffix": "/3QTXLRD4DM4JT1JJ.jpg"}, "homeCity": "Singapore", "lists": {"groups": [{"items": [], "count": 2, "type": "created"}]}}, {"tips": {"count": 6}, "contact": {"twitter": "ramanjpbt", "facebook": "543820711"}, "firstName": "Sidhu", "gender": "male", "lastName": "Ramanpreet", "id": "540436", "bio": "", "photo": {"prefix": "https://igx.4sqi.net/img/user/", "suffix": "/K2JICKCVDD4YWUKL.jpg"}, "homeCity": "Yishun, Singapore", "lists": {"groups": [{"items": [], "count": 2, "type": "created"}]}}, {"tips": {"count": 0}, "contact": {}, "firstName": "Jasmine", "gender": "female", "id": "4212276", "bio": "", "photo": {"prefix": "https://igx.4sqi.net/img/user/", "suffix": "/JZQZCZC2VA2QXUQ5.jpg"}, "homeCity": "Singapore", "lists": {"groups": [{"items": [], "count": 2, "type": "created"}]}}, {"tips": {"count": 0}, "contact": {"twitter": "c0rde"}, "firstName": "Cordelia", "gender": "female", "lastName": "Low", "id": "1072267", "bio": "", "photo": {"prefix": "https://igx.4sqi.net/img/user/", "suffix": "/VDFYCPTRLFORGLGI.jpg"}, "homeCity": "Rochor, Singapore", "lists": {"groups": [{"items": [], "count": 2, "type": "created"}]}}, {"tips": {"count": 0}, "contact": {}, "firstName": "Callie", "gender": "female", "lastName": "Kaur", "id": "2675919", "bio": "", "photo": {"prefix": "https://igx.4sqi.net/img/user/", "suffix": "/IPMZBFCJ1BBH1ESR.jpg"}, "homeCity": "Singapore", "lists": {"groups": [{"items": [], "count": 2, "type": "created"}]}}, {"tips": {"count": 0}, "contact": {"facebook": "100001567061991"}, "firstName": "Thawfeek", "gender": "male", "lastName": "Mohammed", "id": "22812343", "bio": "", "photo": {"prefix": "https://igx.4sqi.net/img/user/", "suffix": "/XVDGDDXFNN5TOYMO.jpg"}, "homeCity": "Tamil Nadu", "lists": {"groups": [{"items": [], "count": 2, "type": "created"}]}}, {"tips": {"count": 0}, "contact": {}, "firstName": "Jan", "gender": "female", "lastName": "Nair", "id": "16888237", "bio": "", "photo": {"prefix": "https://igx.4sqi.net/img/user/", "suffix": "/16888237-2MHBO3XO4S34ULDV.jpg"}, "homeCity": "London, UK", "lists": {"groups": [{"items": [], "count": 2, "type": "created"}]}}, {"tips": {"count": 0}, "contact": {"twitter": "shadowzgeet", "facebook": "634882508"}, "firstName": "Geeta", "gender": "female", "lastName": "Pillai", "id": "5204243", "bio": "", "photo": {"prefix": "https://igx.4sqi.net/img/user/", "suffix": "/E3SERZBCFZSRLDIN.jpg"}, "homeCity": "Singapore", "lists": {"groups": [{"items": [], "count": 2, "type": "created"}]}}, {"tips": {"count": 0}, "contact": {}, "firstName": "Samantha", "gender": "female", "lastName": "Gay", "id": "6769658", "bio": "", "photo": {"prefix": "https://igx.4sqi.net/img/user/", "suffix": "/H1I2BO5YIZHAR5NX.jpg"}, "homeCity": "New York, NY", "lists": {"groups": [{"items": [], "count": 2, "type": "created"}]}}, {"tips": {"count": 24}, "contact": {}, "firstName": "Kit", "gender": "female", "lastName": "Yan", "id": "4863654", "bio": "", "photo": {"prefix": "https://igx.4sqi.net/img/user/", "suffix": "/RWENCFPMSWKZUY2I.jpg"}, "homeCity": "Singapore", "lists": {"groups": [{"items": [], "count": 5, "type": "created"}]}}, {"tips": {"count": 2}, "contact": {"facebook": "747402420"}, "firstName": "Melissa", "gender": "female", "lastName": "Chin", "id": "8607749", "bio": "", "photo": {"prefix": "https://igx.4sqi.net/img/user/", "suffix": "/XCNSY20QYZ3PBZWD.jpg"}, "homeCity": "Johor Bahru, Malaysia", "lists": {"groups": [{"items": [], "count": 2, "type": "created"}]}}, {"tips": {"count": 0}, "contact": {"twitter": "brideblogette", "facebook": "674908655"}, "firstName": "Dyan", "gender": "female", "lastName": "Razali", "id": "1431776", "bio": "", "photo": {"prefix": "https://igx.4sqi.net/img/user/", "suffix": "/5CAOC3U2ICCG1GXG.jpg"}, "homeCity": "Jurong East, Singapore", "lists": {"groups": [{"items": [], "count": 2, "type": "created"}]}}, {"tips": {"count": 5}, "contact": {"facebook": "100001571441082"}, "firstName": "YAS", "gender": "male", "id": "5784544", "bio": "", "photo": {"prefix": "https://igx.4sqi.net/img/user/", "suffix": "/DCVSTDX4JBD0JEDW.jpg"}, "homeCity": "Singapore", "lists": {"groups": [{"items": [], "count": 2, "type": "created"}]}}, {"tips": {"count": 5}, "contact": {"facebook": "2358602"}, "firstName": "Yan", "gender": "male", "lastName": "Gao", "id": "2282797", "bio": "", "photo": {"prefix": "https://igx.4sqi.net/img/user/", "suffix": "/RVZ445AP2JATNDOI.jpg"}, "homeCity": "Punggol Drive, Singapore", "lists": {"groups": [{"items": [], "count": 2, "type": "created"}]}}, {"tips": {"count": 106}, "contact": {"twitter": "pulsarjune", "facebook": "100000820614568"}, "firstName": "Arjun", "gender": "male", "lastName": "Nair", "id": "6695250", "bio": "", "photo": {"prefix": "https://igx.4sqi.net/img/user/", "suffix": "/HTZUZKHPPQXFVVFK.jpg"}, "homeCity": "Trivandrum, India", "lists": {"groups": [{"items": [], "count": 3, "type": "created"}]}}, {"tips": {"count": 198}, "contact": {}, "firstName": "\ue10e Constantine \ue11c\u2122", "gender": "none", "id": "2914234", "bio": "", "photo": {"prefix": "https://igx.4sqi.net/img/user/", "suffix": "/GZR4FTUBFDZWUTPX.jpg"}, "homeCity": "Singapore", "lists": {"groups": [{"items": [], "count": 2, "type": "created"}]}}, {"tips": {"count": 2}, "contact": {"twitter": "gektong", "facebook": "723588299"}, "firstName": "Gektong", "gender": "male", "lastName": "Muthafucka", "id": "5359225", "bio": "", "photo": {"prefix": "https://igx.4sqi.net/img/user/", "suffix": "/YDTI1T3GRJP0QV32.jpg"}, "homeCity": "Johor, Malaysia", "lists": {"groups": [{"items": [], "count": 2, "type": "created"}]}}, {"tips": {"count": 30}, "contact": {"twitter": "sapta_marha", "facebook": "1211574244"}, "firstName": "Sapta", "gender": "male", "lastName": "Marhaendra", "id": "1511596", "bio": "", "photo": {"prefix": "https://igx.4sqi.net/img/user/", "suffix": "/1511596-GIZRIAGHFYNY3STN.jpg"}, "homeCity": "", "lists": {"groups": [{"items": [], "count": 2, "type": "created"}]}}, {"tips": {"count": 0}, "contact": {"facebook": "663058382"}, "firstName": "Dj-Victor", "gender": "male", "lastName": "Shaqur", "id": "815634", "bio": "", "photo": {"prefix": "https://igx.4sqi.net/img/user/", "suffix": "/ZQTQ1YJJR2Z1TSGL.jpg"}, "homeCity": "Singapore", "lists": {"groups": [{"items": [], "count": 2, "type": "created"}]}}, {"tips": {"count": 4}, "contact": {"twitter": "bellybeybehh", "facebook": "845879083"}, "firstName": "Bella", "gender": "female", "lastName": "Nabila", "id": "4223798", "bio": "", "photo": {"prefix": "https://igx.4sqi.net/img/user/", "suffix": "/3LAVNRMV4VJGRU44.jpg"}, "homeCity": "Singapore", "lists": {"groups": [{"items": [], "count": 2, "type": "created"}]}}, {"tips": {"count": 10}, "contact": {"twitter": "kmreed", "facebook": "749122221"}, "firstName": "Kevin Michael", "gender": "male", "lastName": "Reed", "id": "1178238", "bio": "", "photo": {"prefix": "https://igx.4sqi.net/img/user/", "suffix": "/EVV5QXPHKC3XAJPS.jpg"}, "homeCity": "New York, NY", "lists": {"groups": [{"items": [], "count": 5, "type": "created"}]}}, {"tips": {"count": 16}, "contact": {"facebook": "608842570"}, "firstName": "Lynrose", "gender": "female", "lastName": "Irwan", "id": "2816335", "bio": "", "photo": {"prefix": "https://igx.4sqi.net/img/user/", "suffix": "/2816335-231AOCEABQE1XR5L.jpg"}, "homeCity": "Singapore", "lists": {"groups": [{"items": [], "count": 2, "type": "created"}]}}, {"tips": {"count": 0}, "contact": {}, "firstName": "Chan", "gender": "male", "lastName": "Dial", "id": "23325282", "bio": "", "photo": {"prefix": "https://igx.4sqi.net/img/user/", "suffix": "/XKEHHNIQQ4BESGP2.jpg"}, "homeCity": "Ohio", "lists": {"groups": [{"items": [], "count": 2, "type": "created"}]}}, {"tips": {"count": 0}, "contact": {}, "firstName": "muhammad", "gender": "male", "lastName": "danial", "id": "6189609", "bio": "", "photo": {"prefix": "https://igx.4sqi.net/img/user/", "suffix": "/FEJ0E5AJAJCKM42Y.jpg"}, "homeCity": "Singapore", "lists": {"groups": [{"items": [], "count": 2, "type": "created"}]}}, {"tips": {"count": 0}, "contact": {}, "firstName": "Ngian", "gender": "male", "lastName": "Jin Shun", "id": "6998059", "bio": "", "photo": {"prefix": "https://igx.4sqi.net/img/user/", "suffix": "/blank_boy.png", "default": true}, "homeCity": "Singapore", "lists": {"groups": [{"items": [], "count": 2, "type": "created"}]}}, {"tips": {"count": 0}, "contact": {}, "firstName": "Hydaia", "gender": "female", "lastName": "Mohamad", "id": "10857261", "bio": "", "photo": {"prefix": "https://igx.4sqi.net/img/user/", "suffix": "/VBPZROWJCTOHS4GS.jpg"}, "homeCity": "Singapore", "lists": {"groups": [{"items": [], "count": 2, "type": "created"}]}}, {"tips": {"count": 3}, "contact": {"twitter": "harvinder_dulku", "facebook": "527906761"}, "firstName": "Harvinder", "gender": "male", "lastName": "Dulku", "id": "12206727", "bio": "", "photo": {"prefix": "https://igx.4sqi.net/img/user/", "suffix": "/BJ24WWDXIWZ5YJYA.jpg"}, "homeCity": "Brisbane, Australia", "lists": {"groups": [{"items": [], "count": 2, "type": "created"}]}}, {"tips": {"count": 0}, "contact": {"twitter": "almassal", "facebook": "100002164352516"}, "firstName": "\u2767\u0e04l\u0e53\u0e04\u0e23\u0e23\u2767", "gender": "female", "lastName": "\u2767", "id": "19484270", "bio": "", "photo": {"prefix": "https://igx.4sqi.net/img/user/", "suffix": "/DPUHV4XLWKKIQNHN.jpg"}, "homeCity": "\u062c\u062f\u0629, \u0627\u0644\u0633\u0639\u0648\u062f\u064a\u0629", "lists": {"groups": [{"items": [], "count": 2, "type": "created"}]}}, {"tips": {"count": 0}, "contact": {"twitter": "rashpreetish", "facebook": "100002321941962"}, "firstName": "-N[i]kK[u]-", "gender": "female", "id": "5832132", "bio": "", "photo": {"prefix": "https://igx.4sqi.net/img/user/", "suffix": "/2XVN34QUG1ORMJKZ.jpg"}, "homeCity": "", "lists": {"groups": [{"items": [], "count": 2, "type": "created"}]}}, {"tips": {"count": 2}, "contact": {"twitter": "theperinder", "facebook": "719423788"}, "firstName": "Perin", "gender": "female", "lastName": "Sidhu", "id": "2285900", "bio": "", "photo": {"prefix": "https://igx.4sqi.net/img/user/", "suffix": "/4EWLYKUDQMZO5T3L.jpg"}, "homeCity": "Woodlands, Singapore", "lists": {"groups": [{"items": [], "count": 2, "type": "created"}]}}, {"tips": {"count": 0}, "contact": {}, "firstName": "Shakeila", "gender": "female", "lastName": "Amran", "id": "8231529", "bio": "", "photo": {"prefix": "https://igx.4sqi.net/img/user/", "suffix": "/blank_girl.png", "default": true}, "homeCity": "Singapore", "lists": {"groups": [{"items": [], "count": 2, "type": "created"}]}}, {"tips": {"count": 5}, "contact": {"facebook": "1033025198"}, "firstName": "James", "gender": "male", "lastName": "Nazerth", "id": "3157964", "bio": "", "photo": {"prefix": "https://igx.4sqi.net/img/user/", "suffix": "/YKNZTMRJB5U3TTWA.jpg"}, "homeCity": "Sydney, Australia ", "lists": {"groups": [{"items": [], "count": 2, "type": "created"}]}}, {"tips": {"count": 0}, "contact": {}, "firstName": "Vanishree", "gender": "none", "lastName": "Ganesh", "id": "5399460", "bio": "", "photo": {"prefix": "https://igx.4sqi.net/img/user/", "suffix": "/blank_boy.png", "default": true}, "homeCity": "Singapore", "lists": {"groups": [{"items": [], "count": 2, "type": "created"}]}}, {"tips": {"count": 0}, "contact": {"twitter": "wanisunhee", "facebook": "729897963"}, "firstName": "Wani", "gender": "female", "lastName": "A. Hamid", "id": "3132965", "bio": "", "photo": {"prefix": "https://igx.4sqi.net/img/user/", "suffix": "/QPJSO45E5HIHSYLV.jpg"}, "homeCity": "Singapore", "lists": {"groups": [{"items": [], "count": 2, "type": "created"}]}}, {"tips": {"count": 0}, "contact": {}, "firstName": "Leslie", "gender": "male", "lastName": "Ezra", "id": "1054298", "bio": "", "photo": {"prefix": "https://igx.4sqi.net/img/user/", "suffix": "/blank_boy.png", "default": true}, "homeCity": "Singapore", "lists": {"groups": [{"items": [], "count": 2, "type": "created"}]}}, {"tips": {"count": 34}, "contact": {}, "firstName": "SWATCH", "gender": "male", "id": "4226554", "bio": "\u2022\u2022\u2022mencari damai dihati ...", "photo": {"prefix": "https://igx.4sqi.net/img/user/", "suffix": "/4226554_YlCRxzA0_vnuaBTGv0e6WMD4Zz_AAgcaywbIK9ofnZkUQwKdEagapzjBPWqUp48GUhoQPuBxa.jpg"}, "homeCity": "Subang Jaya, Malaysia", "lists": {"groups": [{"items": [], "count": 2, "type": "created"}]}}, {"tips": {"count": 0}, "contact": {"twitter": "eedahchic", "facebook": "674987896"}, "firstName": "Syaheedah", "gender": "female", "lastName": "Aziz", "id": "1209824", "bio": "", "photo": {"prefix": "https://igx.4sqi.net/img/user/", "suffix": "/OI05HO1XRKJFNNH2.jpg"}, "homeCity": "Singapore", "lists": {"groups": [{"items": [], "count": 2, "type": "created"}]}}, {"tips": {"count": 2}, "contact": {}, "firstName": "Suresh", "gender": "male", "id": "3292942", "bio": "", "photo": {"prefix": "https://igx.4sqi.net/img/user/", "suffix": "/3GAPLIBRQG3Q3IK1.jpg"}, "homeCity": "Singapore", "lists": {"groups": [{"items": [], "count": 2, "type": "created"}]}}, {"tips": {"count": 2}, "contact": {"twitter": "imranaziz22", "facebook": "1002571617"}, "firstName": "Imran", "gender": "male", "lastName": "Aziz", "id": "6225081", "bio": "", "photo": {"prefix": "https://igx.4sqi.net/img/user/", "suffix": "/1EIBUWLX3F4GTELB.jpg"}, "homeCity": "Johannesburg,South Africa", "lists": {"groups": [{"items": [], "count": 2, "type": "created"}]}}, {"tips": {"count": 0}, "contact": {"facebook": "1438722862"}, "firstName": "Deejay", "gender": "male", "lastName": "Kumar", "id": "7019550", "bio": "", "photo": {"prefix": "https://igx.4sqi.net/img/user/", "suffix": "/NRT31SVOKH3NAN44.jpg"}, "homeCity": "Singapore", "lists": {"groups": [{"items": [], "count": 2, "type": "created"}]}}, {"tips": {"count": 2}, "contact": {"facebook": "100000680502060"}, "firstName": "Jaya", "gender": "male", "lastName": "Nesh", "id": "12108439", "bio": "", "photo": {"prefix": "https://igx.4sqi.net/img/user/", "suffix": "/HOYHYPAJ2UHK1PNL.jpg"}, "homeCity": "Singapore", "lists": {"groups": [{"items": [], "count": 2, "type": "created"}]}}, {"tips": {"count": 4}, "contact": {"twitter": "shereenahreen", "facebook": "687258207"}, "firstName": "Shereen", "gender": "female", "lastName": "Goh", "id": "13744709", "bio": "", "photo": {"prefix": "https://igx.4sqi.net/img/user/", "suffix": "/I2K1HS1KCQK41244.jpg"}, "homeCity": "Singapore", "lists": {"groups": [{"items": [], "count": 2, "type": "created"}]}}, {"tips": {"count": 0}, "contact": {"twitter": "vinnfred"}, "firstName": "Vinn", "gender": "male", "lastName": "Fred", "id": "20993778", "bio": "", "photo": {"prefix": "https://igx.4sqi.net/img/user/", "suffix": "/ZYTV0OCT2XDWXV5O.jpg"}, "homeCity": "singapore ", "lists": {"groups": [{"items": [], "count": 2, "type": "created"}]}}, {"tips": {"count": 3}, "contact": {}, "firstName": "Asheta", "gender": "female", "id": "6024119", "bio": "", "photo": {"prefix": "https://igx.4sqi.net/img/user/", "suffix": "/4VXKGAM23E31MIUM.jpg"}, "homeCity": "Singapore", "lists": {"groups": [{"items": [], "count": 2, "type": "created"}]}}, {"tips": {"count": 0}, "contact": {"twitter": "milakute", "facebook": "596245404"}, "firstName": "Mila", "gender": "female", "lastName": "Valencia", "id": "2347651", "bio": "", "photo": {"prefix": "https://igx.4sqi.net/img/user/", "suffix": "/UXUOFLL5AZVHT5QJ.jpg"}, "homeCity": "River Valley, Singapore", "lists": {"groups": [{"items": [], "count": 2, "type": "created"}]}}, {"tips": {"count": 2}, "contact": {"facebook": "636785361"}, "firstName": "Saranya", "gender": "female", "lastName": "Varshine", "id": "3836219", "bio": "", "photo": {"prefix": "https://igx.4sqi.net/img/user/", "suffix": "/NRBA41IEHFPQIBQZ.jpg"}, "homeCity": "Singapore", "lists": {"groups": [{"items": [], "count": 2, "type": "created"}]}}, {"tips": {"count": 1}, "contact": {"twitter": "earwan77"}, "firstName": "Brader", "gender": "male", "lastName": "Rock", "id": "5406554", "bio": "Looking for religious soul searching in life.", "photo": {"prefix": "https://igx.4sqi.net/img/user/", "suffix": "/TVDRDS4VBIXDPTAI.jpg"}, "homeCity": "Singapore", "lists": {"groups": [{"items": [], "count": 2, "type": "created"}]}}, {"tips": {"count": 0}, "contact": {}, "firstName": "Nazeerah Niza", "gender": "female", "lastName": "Ahamed", "id": "3788239", "bio": "", "photo": {"prefix": "https://igx.4sqi.net/img/user/", "suffix": "/RMRVDWECEWM1BSYG.jpg"}, "homeCity": "New York, NY", "lists": {"groups": [{"items": [], "count": 2, "type": "created"}]}}, {"tips": {"count": 1}, "contact": {"twitter": "dianazacq", "facebook": "726814345"}, "firstName": "Diana", "gender": "female", "lastName": "Cakez", "id": "1477907", "bio": "", "photo": {"prefix": "https://igx.4sqi.net/img/user/", "suffix": "/U0LCLAVFXMH0ZYEJ.jpg"}, "homeCity": "Bukit Panjang Ring Road", "lists": {"groups": [{"items": [], "count": 2, "type": "created"}]}}, {"tips": {"count": 5}, "contact": {"facebook": "100001864442074"}, "firstName": "Zaminna", "gender": "female", "lastName": "Deen", "id": "4395557", "bio": "", "photo": {"prefix": "https://igx.4sqi.net/img/user/", "suffix": "/4395557-GNHRVRZKQ3WOMTNL.jpg"}, "homeCity": "Singapore", "lists": {"groups": [{"items": [], "count": 2, "type": "created"}]}}, {"tips": {"count": 2}, "contact": {"twitter": "narcissusss"}, "firstName": "NiC", "gender": "male", "lastName": "\u9ec4\u7d44\u767c \ud669\uc870\ubc1c", "id": "1283873", "bio": "Young teenager boy that working on making all his wishes come true . Fighting \u314b\u314b\u314b", "photo": {"prefix": "https://igx.4sqi.net/img/user/", "suffix": "/IIVWUYQ1Y3JIBEF2.jpg"}, "homeCity": "Singapore", "lists": {"groups": [{"items": [], "count": 2, "type": "created"}]}}, {"tips": {"count": 4}, "contact": {}, "firstName": "alexis", "gender": "female", "lastName": "roxanne", "id": "3320382", "bio": "", "photo": {"prefix": "https://igx.4sqi.net/img/user/", "suffix": "/LH1LAN5TUP2W2GKJ.jpg"}, "homeCity": "Singapore", "lists": {"groups": [{"items": [], "count": 2, "type": "created"}]}}, {"tips": {"count": 1}, "contact": {"facebook": "100001057883075"}, "firstName": "TheFashionChick", "gender": "none", "id": "6231856", "bio": "fashionably social in the Inland Empire and Orange County. a daily dose of all things fashion, retail and style in the I.E. & the O.C.", "photo": {"prefix": "https://igx.4sqi.net/img/user/", "suffix": "/UKER2QDVHQM0XZRV.jpg"}, "homeCity": "Southern California, CA", "lists": {"groups": [{"items": [], "count": 2, "type": "created"}]}}, {"tips": {"count": 0}, "contact": {"twitter": "adrianjay", "facebook": "1049566129"}, "firstName": "Adrian Joseph", "gender": "male", "lastName": "Daniel", "id": "7103241", "bio": "", "photo": {"prefix": "https://igx.4sqi.net/img/user/", "suffix": "/blank_boy.png", "default": true}, "homeCity": "Singapore", "lists": {"groups": [{"items": [], "count": 2, "type": "created"}]}}, {"tips": {"count": 2}, "contact": {"facebook": "100000754075409"}, "firstName": "nana", "gender": "female", "lastName": "satou", "id": "17027565", "bio": "", "photo": {"prefix": "https://igx.4sqi.net/img/user/", "suffix": "/WKMW2MLKPK4CRGIE.jpg"}, "homeCity": "\u6e0b\u8c37\u533a, \u65e5\u672c", "lists": {"groups": [{"items": [], "count": 2, "type": "created"}]}}, {"tips": {"count": 0}, "contact": {"facebook": "100001912309406"}, "firstName": "benny", "gender": "male", "lastName": "Ibrahim", "id": "13848845", "bio": "", "photo": {"prefix": "https://igx.4sqi.net/img/user/", "suffix": "/OLB0A2JP5QNMDCX4.jpg"}, "homeCity": "Jakarta, Indonesia", "lists": {"groups": [{"items": [], "count": 3, "type": "created"}]}}, {"tips": {"count": 0}, "contact": {"facebook": "100001359540418"}, "firstName": "Anup kumar", "gender": "male", "lastName": "kumar", "id": "21363445", "bio": "", "photo": {"prefix": "https://igx.4sqi.net/img/user/", "suffix": "/2YLBMZRIBXHSTUXR.jpg"}, "homeCity": "Tamil Nadu", "lists": {"groups": [{"items": [], "count": 2, "type": "created"}]}}, {"tips": {"count": 0}, "contact": {"twitter": "ikakusterbeck"}, "firstName": "Nur atiqa", "gender": "female", "lastName": "Harun", "id": "7480559", "bio": "", "photo": {"prefix": "https://igx.4sqi.net/img/user/", "suffix": "/GRFERQY3TJ0NZLAS.jpg"}, "homeCity": "Singapore", "lists": {"groups": [{"items": [], "count": 2, "type": "created"}]}}, {"tips": {"count": 8}, "contact": {"twitter": "aszdiesz", "facebook": "1592391473"}, "firstName": "Adie", "gender": "male", "lastName": "Sheikh", "id": "2359210", "bio": "", "photo": {"prefix": "https://igx.4sqi.net/img/user/", "suffix": "/WCUDYXYQAHK3W0MM.jpg"}, "homeCity": "Puchong, Selangor", "lists": {"groups": [{"items": [], "count": 2, "type": "created"}]}}, {"tips": {"count": 1}, "contact": {}, "firstName": "Eugene", "gender": "male", "lastName": "Lim", "id": "3839293", "bio": "", "photo": {"prefix": "https://igx.4sqi.net/img/user/", "suffix": "/P31RRDYGFIH4OXYF.jpg"}, "homeCity": "Singapore", "lists": {"groups": [{"items": [], "count": 2, "type": "created"}]}}, {"tips": {"count": 17}, "contact": {"facebook": "610376220"}, "firstName": "Suzanna", "gender": "female", "lastName": "Shantini", "id": "5928699", "bio": "", "photo": {"prefix": "https://igx.4sqi.net/img/user/", "suffix": "/2GNURS544R52WFXK.jpg"}, "homeCity": "Singapore", "lists": {"groups": [{"items": [], "count": 2, "type": "created"}]}}, {"tips": {"count": 0}, "contact": {"twitter": "littlespooky", "facebook": "674928114"}, "firstName": "Erin", "gender": "female", "lastName": "Marie", "id": "10180412", "bio": "", "photo": {"prefix": "https://igx.4sqi.net/img/user/", "suffix": "/PM5ODQIYOBG0OPXG.jpg"}, "homeCity": "Singapore", "lists": {"groups": [{"items": [], "count": 2, "type": "created"}]}}, {"tips": {"count": 0}, "contact": {}, "firstName": "Nicholas", "gender": "male", "lastName": "Gabriel", "id": "1890941", "bio": "", "photo": {"prefix": "https://igx.4sqi.net/img/user/", "suffix": "/LE5ON5F0AGVDPRZM.jpg"}, "homeCity": "Singapore", "lists": {"groups": [{"items": [], "count": 2, "type": "created"}]}}, {"tips": {"count": 0}, "contact": {"facebook": "573630305"}, "firstName": "Simmy", "gender": "female", "lastName": "Kaur", "id": "21131586", "bio": "", "photo": {"prefix": "https://igx.4sqi.net/img/user/", "suffix": "/1KVA3PVMNW5LUWAT.jpg"}, "homeCity": "Singapore", "lists": {"groups": [{"items": [], "count": 2, "type": "created"}]}}, {"tips": {"count": 2}, "contact": {"twitter": "goddessfreja", "facebook": "610325645"}, "firstName": "Sabreena", "gender": "female", "lastName": "Serafina", "id": "1295078", "bio": "", "photo": {"prefix": "https://igx.4sqi.net/img/user/", "suffix": "/D1VO0ZLNWMIVAHEL.jpg"}, "homeCity": "Singapore", "lists": {"groups": [{"items": [], "count": 2, "type": "created"}]}}, {"tips": {"count": 3}, "contact": {"twitter": "madame_siti"}, "firstName": "\u2763 \u043c\u03b1\u2202\u03b1\u043c\u025b \u01a8\u03b9\u0442\u03b9 \u2763\u2122", "gender": "female", "id": "3435243", "bio": "\u0454m\u0432r\u03b1c\u00edng ord\u03b9nary m\u03c3m\u0454nt\u0455 \u03c3f m\u03c3th\u0454rh\u03c3\u03c3d | an \u03b9n\u0442rover\u0442 | \u03b1lw\u03b1\u0447\u0455 c\u03b1ff\u0454\u00edn\u03b1t\u0454d", "photo": {"prefix": "https://igx.4sqi.net/img/user/", "suffix": "/3435243-3EWA1JEGASNKO34N.jpg"}, "homeCity": "Singapore", "lists": {"groups": [{"items": [], "count": 3, "type": "created"}]}}, {"tips": {"count": 0}, "contact": {"twitter": "melaniereena", "facebook": "100000308350282"}, "firstName": "Reena Melanie", "gender": "female", "lastName": "Mohan", "id": "6243987", "bio": "", "photo": {"prefix": "https://igx.4sqi.net/img/user/", "suffix": "/NZJ0KKP1IIXMDE03.jpg"}, "homeCity": "Singapore", "lists": {"groups": [{"items": [], "count": 2, "type": "created"}]}}, {"tips": {"count": 0}, "contact": {}, "firstName": "Shirley", "gender": "female", "lastName": "N", "id": "10386375", "bio": "", "photo": {"prefix": "https://igx.4sqi.net/img/user/", "suffix": "/4YFBNLM5TPQ3512C.jpg"}, "homeCity": "Singapore", "lists": {"groups": [{"items": [], "count": 2, "type": "created"}]}}, {"tips": {"count": 0}, "contact": {}, "firstName": "Ahmed basil", "gender": "male", "lastName": "Shan", "id": "17222600", "bio": "", "photo": {"prefix": "https://igx.4sqi.net/img/user/", "suffix": "/17222600-VQ53ADYSBIIZLS3V.jpg"}, "homeCity": "Kollam, India", "lists": {"groups": [{"items": [], "count": 2, "type": "created"}]}}, {"tips": {"count": 0}, "contact": {}, "firstName": "Dainze", "gender": "male", "lastName": "John", "id": "24186890", "bio": "", "photo": {"prefix": "https://igx.4sqi.net/img/user/", "suffix": "/blank_boy.png", "default": true}, "homeCity": "Kerala", "lists": {"groups": [{"items": [], "count": 2, "type": "created"}]}}, {"tips": {"count": 0}, "contact": {}, "firstName": "ImmaPink", "gender": "female", "id": "8479089", "bio": "", "photo": {"prefix": "https://igx.4sqi.net/img/user/", "suffix": "/LBQE1JPDO1XOWTYS.jpg"}, "homeCity": "Singapore", "lists": {"groups": [{"items": [], "count": 2, "type": "created"}]}}, {"tips": {"count": 0}, "contact": {"twitter": "fidelistoh", "facebook": "607416524"}, "firstName": "Fidelis", "gender": "female", "lastName": "Toh", "id": "2626834", "bio": "", "photo": {"prefix": "https://igx.4sqi.net/img/user/", "suffix": "/IGGSRFD45CPZ4ZZU.jpg"}, "homeCity": "Singapore", "lists": {"groups": [{"items": [], "count": 2, "type": "created"}]}}, {"tips": {"count": 8}, "contact": {"twitter": "enchantzphoto", "facebook": "100000254721138"}, "firstName": "Enchanted", "gender": "female", "lastName": "Snaps", "id": "3865087", "bio": "", "photo": {"prefix": "https://igx.4sqi.net/img/user/", "suffix": "/XXJLJO0XXU22ZWQW.png"}, "homeCity": "Singapore", "lists": {"groups": [{"items": [], "count": 2, "type": "created"}]}}, {"tips": {"count": 10}, "contact": {"facebook": "10154410863673146"}, "firstName": "Amanda", "gender": "female", "lastName": "D", "id": "4927059", "bio": "CEO \r\n\r\nMaison By Amanda Dyer\r \r\nLiving 360 Magazine\nMompreneur 360 Magazine\r\n\r\n\r\nW:www.theliving360.com\nW: www.mompreneur360.com", "photo": {"prefix": "https://igx.4sqi.net/img/user/", "suffix": "/-L4YHG2ZTZDFOTFXI.jpg"}, "homeCity": "Singapore", "lists": {"groups": [{"items": [], "count": 2, "type": "created"}]}}, {"tips": {"count": 34}, "contact": {"twitter": "muttaqinzairul"}, "firstName": "MZ", "gender": "male", "id": "1446807", "bio": "", "photo": {"prefix": "https://igx.4sqi.net/img/user/", "suffix": "/B4NG05MYBWB5ZIAQ.jpg"}, "homeCity": "Selangor Darul Ehsan", "lists": {"groups": [{"items": [], "count": 2, "type": "created"}]}}, {"tips": {"count": 0}, "contact": {"facebook": "712008477"}, "firstName": "Amarjit", "gender": "female", "lastName": "Kaur", "id": "3672980", "bio": "", "photo": {"prefix": "https://igx.4sqi.net/img/user/", "suffix": "/MC0A5FUO4ZW5NX5J.jpg"}, "homeCity": "Singapore", "lists": {"groups": [{"items": [], "count": 2, "type": "created"}]}}, {"tips": {"count": 3}, "contact": {"twitter": "roseannetangrs", "facebook": "1622160042"}, "firstName": "Roseanne", "gender": "female", "lastName": "Tang", "id": "6260243", "bio": "", "photo": {"prefix": "https://igx.4sqi.net/img/user/", "suffix": "/Q01D1Z0XVNSXV2YS.jpg"}, "homeCity": "Singapore", "lists": {"groups": [{"items": [], "count": 2, "type": "created"}]}}, {"tips": {"count": 0}, "contact": {"twitter": "catangel82"}, "firstName": "Linda", "gender": "female", "lastName": "Fong", "id": "11814243", "bio": "", "photo": {"prefix": "https://igx.4sqi.net/img/user/", "suffix": "/1BGSKEWL4HONT3L5.jpg"}, "homeCity": "Singapore", "lists": {"groups": [{"items": [], "count": 2, "type": "created"}]}}, {"tips": {"count": 0}, "contact": {}, "firstName": "Liang Keng", "gender": "male", "lastName": "Ee", "id": "17340009", "bio": "", "photo": {"prefix": "https://igx.4sqi.net/img/user/", "suffix": "/blank_boy.png", "default": true}, "homeCity": "NY", "lists": {"groups": [{"items": [], "count": 2, "type": "created"}]}}, {"tips": {"count": 1}, "contact": {"twitter": "pirabaharan", "facebook": "100001493591316"}, "firstName": "Pirabaharan", "gender": "male", "lastName": "Suppramaniam", "id": "9541443", "bio": "", "photo": {"prefix": "https://igx.4sqi.net/img/user/", "suffix": "/AW5JCTE22JZLKT3N.jpg"}, "homeCity": "Bukit Mertajam, Pulau Pinang, Malaysia", "lists": {"groups": [{"items": [], "count": 2, "type": "created"}]}}, {"tips": {"count": 4}, "contact": {"twitter": "kristenweaver", "facebook": "720231281"}, "firstName": "Kristen", "gender": "female", "lastName": "Weaver", "id": "2804957", "bio": "", "photo": {"prefix": "https://igx.4sqi.net/img/user/", "suffix": "/QYTAWCXERO2RV5TQ.jpg"}, "homeCity": "Orlando, FL", "lists": {"groups": [{"items": [], "count": 3, "type": "created"}]}}, {"tips": {"count": 7}, "contact": {"twitter": "farrahdiba", "facebook": "585815337"}, "firstName": "Farrah", "gender": "female", "lastName": "Tahar", "id": "3930171", "bio": "", "photo": {"prefix": "https://igx.4sqi.net/img/user/", "suffix": "/L5DSNG01RCM41M2L.jpg"}, "homeCity": "Singapore", "lists": {"groups": [{"items": [], "count": 2, "type": "created"}]}}, {"tips": {"count": 0}, "contact": {"twitter": "haneyaynie"}, "firstName": "Aynie", "gender": "female", "lastName": "J.", "id": "1510797", "bio": "", "photo": {"prefix": "https://igx.4sqi.net/img/user/", "suffix": "/3TQKWYR3KLTF2U2T.jpg"}, "homeCity": "Singapore", "lists": {"groups": [{"items": [], "count": 2, "type": "created"}]}}, {"tips": {"count": 0}, "contact": {}, "firstName": "kamal", "gender": "male", "lastName": "N", "id": "3849015", "bio": "", "photo": {"prefix": "https://igx.4sqi.net/img/user/", "suffix": "/YZ3KA5RZYQ44VSNQ.jpg"}, "homeCity": "Singapore", "lists": {"groups": [{"items": [], "count": 2, "type": "created"}]}}, {"tips": {"count": 1}, "contact": {"facebook": "1829131265"}, "firstName": "Kelvin", "gender": "male", "lastName": "Siva", "id": "6283145", "bio": "", "photo": {"prefix": "https://igx.4sqi.net/img/user/", "suffix": "/2ZHFD3III4WZT2R0.jpg"}, "homeCity": "Johor Bahru, Malaysia", "lists": {"groups": [{"items": [], "count": 2, "type": "created"}]}}, {"tips": {"count": 9}, "contact": {}, "firstName": "Sandy", "gender": "male", "lastName": "Vasu", "id": "11905579", "bio": "", "photo": {"prefix": "https://igx.4sqi.net/img/user/", "suffix": "/1NTAE4DTAQ5GUD55.jpg"}, "homeCity": "Karaikal, India", "lists": {"groups": [{"items": [], "count": 2, "type": "created"}]}}, {"tips": {"count": 1}, "contact": {"facebook": "1381062113"}, "firstName": "Afzal", "gender": "male", "lastName": "Hussain", "id": "17497563", "bio": "", "photo": {"prefix": "https://igx.4sqi.net/img/user/", "suffix": "/GNAGIXVKFCMONZDK.jpg"}, "homeCity": "\u062c\u062f\u0629, Saudi Arabia", "lists": {"groups": [{"items": [], "count": 2, "type": "created"}]}}, {"tips": {"count": 22}, "contact": {}, "firstName": "Sundar", "gender": "male", "id": "13178940", "bio": "", "photo": {"prefix": "https://igx.4sqi.net/img/user/", "suffix": "/UO543PU0E3JJ232G.jpg"}, "homeCity": "India", "lists": {"groups": [{"items": [], "count": 3, "type": "created"}]}}, {"tips": {"count": 0}, "contact": {"twitter": "sharifahrashida", "facebook": "1317824407"}, "firstName": "\ue303 Sharifah", "gender": "female", "lastName": "Rashida", "id": "2833920", "bio": "", "photo": {"prefix": "https://igx.4sqi.net/img/user/", "suffix": "/0SV35EKX3VYMKZZ5.jpg"}, "homeCity": "Singapore", "lists": {"groups": [{"items": [], "count": 2, "type": "created"}]}}, {"tips": {"count": 0}, "contact": {}, "firstName": "Sindhu", "gender": "female", "id": "3931605", "bio": "", "photo": {"prefix": "https://igx.4sqi.net/img/user/", "suffix": "/FTNGVSI2E01MWJKZ.jpg"}, "homeCity": "Singapore", "lists": {"groups": [{"items": [], "count": 2, "type": "created"}]}}, {"tips": {"count": 3}, "contact": {"twitter": "jackylilong", "facebook": "10205944598794029"}, "firstName": "Jacky", "gender": "male", "lastName": "Li Long", "id": "1546794", "bio": "", "photo": {"prefix": "https://igx.4sqi.net/img/user/", "suffix": "/AXX1KE1T4FBDJIC4.jpg"}, "homeCity": "Singapore", "lists": {"groups": [{"items": [], "count": 2, "type": "created"}]}}, {"tips": {"count": 12}, "contact": {}, "firstName": "\u24e1\u24d4\u24e3\u24e1\u24de", "gender": "male", "id": "4043605", "bio": "", "photo": {"prefix": "https://igx.4sqi.net/img/user/", "suffix": "/MSQOU2MUMB0H2YAJ.jpg"}, "homeCity": "Singapore", "lists": {"groups": [{"items": [], "count": 2, "type": "created"}]}}, {"tips": {"count": 0}, "contact": {}, "firstName": "Jerlaine", "gender": "none", "lastName": "Seow", "id": "6443608", "bio": "", "photo": {"prefix": "https://igx.4sqi.net/img/user/", "suffix": "/ZMH2YYGSQ2ZY02V2.jpg"}, "homeCity": "Singapore", "lists": {"groups": [{"items": [], "count": 2, "type": "created"}]}}, {"tips": {"count": 0}, "contact": {"twitter": "aghils", "facebook": "1652352588"}, "firstName": "Aghil", "gender": "male", "lastName": "Ravindran", "id": "15712833", "bio": "", "photo": {"prefix": "https://igx.4sqi.net/img/user/", "suffix": "/MUIUFS0U0JO1F2FH.jpg"}, "homeCity": "Trivandrum ", "lists": {"groups": [{"items": [], "count": 2, "type": "created"}]}}, {"tips": {"count": 0}, "contact": {"facebook": "100001948960771"}, "firstName": "Krishnadas", "gender": "male", "lastName": "Rahulan", "id": "18680952", "bio": "", "photo": {"prefix": "https://igx.4sqi.net/img/user/", "suffix": "/2RIUOKSHH0R5JIOG.jpg"}, "homeCity": "Mavelikkara, India", "lists": {"groups": [{"items": [], "count": 2, "type": "created"}]}}, {"tips": {"count": 0}, "contact": {"twitter": "ms_tammyy", "facebook": "624916610"}, "firstName": "Miiz Tammy", "gender": "female", "id": "14054833", "bio": "", "photo": {"prefix": "https://igx.4sqi.net/img/user/", "suffix": "/EQDQTN12OFRAI3ZS.jpg"}, "homeCity": "Singapore", "lists": {"groups": [{"items": [], "count": 2, "type": "created"}]}}, {"tips": {"count": 15}, "contact": {"twitter": "kesavank7117", "facebook": "785770496"}, "firstName": "Kesavan", "gender": "male", "lastName": "VBK", "id": "3737824", "bio": "", "photo": {"prefix": "https://igx.4sqi.net/img/user/", "suffix": "/FWWUC5CPZDD5R2D4.jpg"}, "homeCity": "Singapore", "lists": {"groups": [{"items": [], "count": 6, "type": "created"}]}}, {"tips": {"count": 1}, "contact": {}, "firstName": "\ue252PRAKASH\ue252", "gender": "male", "id": "9743210", "bio": "", "photo": {"prefix": "https://igx.4sqi.net/img/user/", "suffix": "/ZPPHFXZA1UPRCUQY.jpg"}, "homeCity": "Singapore", "lists": {"groups": [{"items": [], "count": 2, "type": "created"}]}}, {"tips": {"count": 1}, "contact": {"twitter": "amyrawrrs", "facebook": "666735388"}, "firstName": "Vanessa", "gender": "female", "lastName": "Rex", "id": "1688654", "bio": "", "photo": {"prefix": "https://igx.4sqi.net/img/user/", "suffix": "/1688654-ZPZ2LIN1A3AQ3BN2.jpg"}, "homeCity": "Sengkang, Singapore", "lists": {"groups": [{"items": [], "count": 2, "type": "created"}]}}, {"tips": {"count": 2}, "contact": {"twitter": "faizalegon", "facebook": "100000606608772"}, "firstName": "Mohamad", "gender": "male", "lastName": "Faizal", "id": "6085610", "bio": "", "photo": {"prefix": "https://igx.4sqi.net/img/user/", "suffix": "/JMXZ5OSF0TULVAUH.jpg"}, "homeCity": "Singapore", "lists": {"groups": [{"items": [], "count": 2, "type": "created"}]}}, {"tips": {"count": 0}, "contact": {}, "firstName": "Shenaz", "gender": "female", "lastName": "Salim", "id": "6516059", "bio": "", "photo": {"prefix": "https://igx.4sqi.net/img/user/", "suffix": "/V1QJBTVN2MTNCCEQ.jpg"}, "homeCity": "Singapore", "lists": {"groups": [{"items": [], "count": 2, "type": "created"}]}}, {"tips": {"count": 7}, "contact": {"facebook": "1530461225"}, "firstName": "Jayadevan", "gender": "male", "lastName": "Unni", "id": "18936107", "bio": "", "photo": {"prefix": "https://igx.4sqi.net/img/user/", "suffix": "/QLOTJFWX2EJRS4TD.jpg"}, "homeCity": "Ernakulam, India", "lists": {"groups": [{"items": [], "count": 2, "type": "created"}]}}, {"tips": {"count": 0}, "contact": {}, "firstName": "Rasheds", "gender": "male", "lastName": "Shaikh", "id": "8967669", "bio": "", "photo": {"prefix": "https://igx.4sqi.net/img/user/", "suffix": "/blank_boy.png", "default": true}, "homeCity": "Mumbai suburban, India", "lists": {"groups": [{"items": [], "count": 2, "type": "created"}]}}, {"tips": {"count": 2}, "contact": {"facebook": "100002311629548"}, "firstName": "Zulkarnain", "gender": "male", "lastName": "Abdul Rahman", "id": "9896890", "bio": "", "photo": {"prefix": "https://igx.4sqi.net/img/user/", "suffix": "/GNPVAXG0GIWZFJLR.jpg"}, "homeCity": "Kuala Lumpur, Malaysia", "lists": {"groups": [{"items": [], "count": 2, "type": "created"}]}}, {"tips": {"count": 1}, "contact": {}, "firstName": "Al", "gender": "male", "id": "2049933", "bio": "", "photo": {"prefix": "https://igx.4sqi.net/img/user/", "suffix": "/UQQPY2DBWP1OVVPN.jpg"}, "homeCity": "Ruston, WA", "lists": {"groups": [{"items": [], "count": 2, "type": "created"}]}}, {"tips": {"count": 0}, "contact": {}, "firstName": "Shannen", "gender": "female", "lastName": "Kaur", "id": "6423942", "bio": "", "photo": {"prefix": "https://igx.4sqi.net/img/user/", "suffix": "/Q2ZAGRKVHASQX5MA.jpg"}, "homeCity": "Singapore", "lists": {"groups": [{"items": [], "count": 2, "type": "created"}]}}, {"tips": {"count": 0}, "contact": {"facebook": "610325247"}, "firstName": "Azmie", "gender": "male", "lastName": "Sulami", "id": "6647279", "bio": "", "photo": {"prefix": "https://igx.4sqi.net/img/user/", "suffix": "/CJHD1Z5XFVH35BYI.jpg"}, "homeCity": "Singapore", "lists": {"groups": [{"items": [], "count": 2, "type": "created"}]}}, {"tips": {"count": 0}, "contact": {"facebook": "1324932358"}, "firstName": "Dharmesh", "gender": "male", "lastName": "Kumar", "id": "14740428", "bio": "", "photo": {"prefix": "https://igx.4sqi.net/img/user/", "suffix": "/YY1LSZJOEQ35DFHB.jpg"}, "homeCity": "Singapore", "lists": {"groups": [{"items": [], "count": 2, "type": "created"}]}}, {"tips": {"count": 0}, "contact": {"facebook": "749848600"}, "firstName": "Sri", "gender": "male", "lastName": "Jeeva", "id": "13999711", "bio": "", "photo": {"prefix": "https://igx.4sqi.net/img/user/", "suffix": "/blank_boy.png", "default": true}, "homeCity": "Singapore", "lists": {"groups": [{"items": [], "count": 2, "type": "created"}]}}, {"tips": {"count": 0}, "contact": {"twitter": "karthigakarthi", "facebook": "696776213"}, "firstName": "Karthiga", "gender": "female", "lastName": "Supperamaniam", "id": "2083692", "bio": "", "photo": {"prefix": "https://igx.4sqi.net/img/user/", "suffix": "/PEIP0W50KNTN1GB2.jpg"}, "homeCity": "Singapore", "lists": {"groups": [{"items": [], "count": 2, "type": "created"}]}}, {"tips": {"count": 0}, "contact": {}, "firstName": "Aakarshana", "gender": "female", "lastName": "Premsagar", "id": "6428193", "bio": "", "photo": {"prefix": "https://igx.4sqi.net/img/user/", "suffix": "/ZNGOCP2HA010SLFJ.jpg"}, "homeCity": "Singapore", "lists": {"groups": [{"items": [], "count": 2, "type": "created"}]}}, {"tips": {"count": 0}, "contact": {"twitter": "auliyayu"}, "firstName": "Auliya'", "gender": "female", "lastName": "Ayu'", "id": "8576121", "bio": "", "photo": {"prefix": "https://igx.4sqi.net/img/user/", "suffix": "/JAB0EN5SGWVCYSTZ.jpg"}, "homeCity": "Malang, Indonesia", "lists": {"groups": [{"items": [], "count": 2, "type": "created"}]}}, {"tips": {"count": 1}, "contact": {}, "firstName": "Donny", "gender": "male", "lastName": "Kurniawan", "id": "2326080", "bio": "", "photo": {"prefix": "https://igx.4sqi.net/img/user/", "suffix": "/KFUFIXGOK1EECX13.jpg"}, "homeCity": "Breckenridge, CO", "lists": {"groups": [{"items": [], "count": 2, "type": "created"}]}}, {"tips": {"count": 4}, "contact": {"twitter": "keonbphoto", "facebook": "1219824034"}, "firstName": "Keon", "gender": "male", "lastName": "Blackwell", "id": "6658321", "bio": "Photographer. Gamer. Lover of randomness.", "photo": {"prefix": "https://igx.4sqi.net/img/user/", "suffix": "/6658321-LA5DO10Y4MQY0ETN.jpg"}, "homeCity": "Atlanta, GA", "lists": {"groups": [{"items": [], "count": 2, "type": "created"}]}}, {"tips": {"count": 0}, "contact": {}, "firstName": "Paperdoll", "gender": "female", "id": "9069652", "bio": "", "photo": {"prefix": "https://igx.4sqi.net/img/user/", "suffix": "/9069652-KE0SW0AUUI5Y4RDS"}, "homeCity": "Singapore", "lists": {"groups": [{"items": [], "count": 2, "type": "created"}]}}, {"tips": {"count": 17}, "contact": {}, "firstName": "Julyen", "gender": "none", "lastName": "Z L", "id": "2425405", "bio": "NARSissist Lead Artist / Trainer  \r\nMad Makeup Maven.", "photo": {"prefix": "https://igx.4sqi.net/img/user/", "suffix": "/2425405-5M2UAWZ4HD2VHP1P.jpg"}, "homeCity": "Singapore ", "lists": {"groups": [{"items": [], "count": 2, "type": "created"}]}}, {"tips": {"count": 10}, "contact": {"twitter": "sundrom", "facebook": "100001381896649"}, "firstName": "\ud83d\udc98 Ram \ud83d\udc98", "gender": "male", "lastName": "Browny", "id": "8657254", "bio": "\ud83c\udf39 no STOP Line \ud83c\udf39", "photo": {"prefix": "https://igx.4sqi.net/img/user/", "suffix": "/EFOQ5D4J2GHMSOBN.jpg"}, "homeCity": "Greatest City", "lists": {"groups": [{"items": [], "count": 2, "type": "created"}]}}, {"tips": {"count": 8}, "contact": {"twitter": "corokethon", "facebook": "1742871354"}, "firstName": "Gunawan", "gender": "male", "lastName": "Sistriono", "id": "10081243", "bio": "", "photo": {"prefix": "https://igx.4sqi.net/img/user/", "suffix": "/10081243-YXDCP0EZBJR4KBOT.jpg"}, "homeCity": "Jakarta, Indonesia", "lists": {"groups": [{"items": [], "count": 2, "type": "created"}]}}, {"tips": {"count": 13}, "contact": {"twitter": "vignesk"}, "firstName": "Vig", "gender": "male", "lastName": "NesK", "id": "2454281", "bio": "", "photo": {"prefix": "https://igx.4sqi.net/img/user/", "suffix": "/Z4SRPUS2A334ZNR0.jpg"}, "homeCity": "Singapore", "lists": {"groups": [{"items": [], "count": 2, "type": "created"}]}}, {"tips": {"count": 1}, "contact": {"twitter": "klnithin", "facebook": "100001090733910"}, "firstName": "Nithin", "gender": "male", "lastName": "K Lenin", "id": "8693485", "bio": "My tweets are my running commentary of thoughts and excerpts of what I read/absorb. More info, less bakwas.", "photo": {"prefix": "https://igx.4sqi.net/img/user/", "suffix": "/8693485_ssZIMRE2_VKWFqc9tLQvnrom6oIep8tLo9gVLOvoLsuFJJ_UWkhpoj2Ilwwo-I69M-FksAJgK.jpg"}, "homeCity": "Ernakulam, India", "lists": {"groups": [{"items": [], "count": 2, "type": "created"}]}}, {"tips": {"count": 0}, "contact": {}, "firstName": "Godson", "gender": "male", "lastName": "Mohamed", "id": "12509020", "bio": "", "photo": {"prefix": "https://igx.4sqi.net/img/user/", "suffix": "/R3MCZ2UPGU5SPRIH.jpg"}, "homeCity": "Singapore", "lists": {"groups": [{"items": [], "count": 2, "type": "created"}]}}, {"tips": {"count": 3}, "contact": {"facebook": "770790634"}, "firstName": "Kishore", "gender": "male", "lastName": "Ananth", "id": "2532849", "bio": "", "photo": {"prefix": "https://igx.4sqi.net/img/user/", "suffix": "/A2G50RKFE4WMSY3B.jpg"}, "homeCity": "Singapore", "lists": {"groups": [{"items": [], "count": 2, "type": "created"}]}}, {"tips": {"count": 0}, "contact": {"twitter": "larzenheimer", "facebook": "1444544087"}, "firstName": "Lauren", "gender": "female", "lastName": "Coker", "id": "8719910", "bio": "", "photo": {"prefix": "https://igx.4sqi.net/img/user/", "suffix": "/FH5KFC4SO2KOBGUE.jpg"}, "homeCity": "Brooklyn, NY ", "lists": {"groups": [{"items": [], "count": 3, "type": "created"}]}}, {"tips": {"count": 0}, "contact": {"facebook": "100001254213650"}, "firstName": "John", "gender": "male", "lastName": "Wehc", "id": "12531630", "bio": "", "photo": {"prefix": "https://igx.4sqi.net/img/user/", "suffix": "/VGVCGT2OWG3NO4CI.jpg"}, "homeCity": "Singapore", "lists": {"groups": [{"items": [], "count": 2, "type": "created"}]}}, {"tips": {"count": 3}, "contact": {"twitter": "absolutelyoung", "facebook": "662831603"}, "firstName": "maj", "gender": "female", "lastName": "sunny", "id": "2638960", "bio": "", "photo": {"prefix": "https://igx.4sqi.net/img/user/", "suffix": "/X5AZOJX1GSWJ4WJB.jpg"}, "homeCity": "Singapore", "lists": {"groups": [{"items": [], "count": 2, "type": "created"}]}}, {"tips": {"count": 0}, "contact": {"facebook": "1475310803"}, "firstName": "Kassim", "gender": "male", "lastName": "Shariff", "id": "21959438", "bio": "", "photo": {"prefix": "https://igx.4sqi.net/img/user/", "suffix": "/DFGVKAFE0LTXIGK4.jpg"}, "homeCity": "Makkah", "lists": {"groups": [{"items": [], "count": 2, "type": "created"}]}}, {"tips": {"count": 16}, "contact": {}, "firstName": "Sajeev", "gender": "male", "id": "12739488", "bio": "", "photo": {"prefix": "https://igx.4sqi.net/img/user/", "suffix": "/4UPNE5SBQZY5PLFP.jpg"}, "homeCity": "Kerala, India", "lists": {"groups": [{"items": [], "count": 2, "type": "created"}]}}, {"tips": {"count": 0}, "contact": {"facebook": "1004669873"}, "firstName": "Lena", "gender": "female", "lastName": "Chloe", "id": "2727710", "bio": "", "photo": {"prefix": "https://igx.4sqi.net/img/user/", "suffix": "/2EAGEVTEYZ1GRN3T.jpg"}, "homeCity": "Singapore", "lists": {"groups": [{"items": [], "count": 2, "type": "created"}]}}, {"tips": {"count": 0}, "contact": {"twitter": "syaheedbedsty", "facebook": "100000082314183"}, "firstName": "Syaheed", "gender": "male", "lastName": "www.bedsty.com", "id": "3191394", "bio": "Entrepreneur & Music Strategist @ The Bedsty Group", "photo": {"prefix": "https://igx.4sqi.net/img/user/", "suffix": "/VXFXK5UCEHT3VJW0.jpg"}, "homeCity": "New York, NY", "lists": {"groups": [{"items": [], "count": 3, "type": "created"}]}}, {"tips": {"count": 2}, "contact": {"facebook": "725891250"}, "firstName": "Jaswin", "gender": "female", "lastName": "Rani", "id": "3221857", "bio": "", "photo": {"prefix": "https://igx.4sqi.net/img/user/", "suffix": "/DHLZSB5Q0KCF4ON1.jpg"}, "homeCity": "Singapore", "lists": {"groups": [{"items": [], "count": 2, "type": "created"}]}}, {"tips": {"count": 1}, "contact": {}, "firstName": "Vikkesh", "gender": "male", "lastName": "Nair", "id": "3415650", "bio": "", "photo": {"prefix": "https://igx.4sqi.net/img/user/", "suffix": "/3415650-GTEJMZRTGGVDYXQP.jpg"}, "homeCity": "Singapore", "lists": {"groups": [{"items": [], "count": 2, "type": "created"}]}}, {"tips": {"count": 0}, "contact": {}, "firstName": "Junry", "gender": "female", "lastName": "Lim", "id": "3711949", "bio": "", "photo": {"prefix": "https://igx.4sqi.net/img/user/", "suffix": "/N3TMNKHGHKLVIIAY.jpg"}, "homeCity": "Singapore", "lists": {"groups": [{"items": [], "count": 2, "type": "created"}]}}, {"tips": {"count": 1}, "contact": {"facebook": "1457265843"}, "firstName": "Shasi", "gender": "female", "lastName": "Kala", "id": "5240626", "bio": "", "photo": {"prefix": "https://igx.4sqi.net/img/user/", "suffix": "/0SW4SALUS3IFSD30.jpg"}, "homeCity": "Singapore ", "lists": {"groups": [{"items": [], "count": 2, "type": "created"}]}}, {"tips": {"count": 26}, "contact": {"twitter": "iloveelipgloss", "facebook": "555442832"}, "firstName": "Ana", "gender": "female", "lastName": "Mendoza", "id": "5241754", "bio": "Twitter: @iloveelipgloss\r\nInstagram: anamendoza", "photo": {"prefix": "https://igx.4sqi.net/img/user/", "suffix": "/MLHHCN05KQ1GSDNR.jpg"}, "homeCity": "Singapore", "lists": {"groups": [{"items": [], "count": 2, "type": "created"}]}}, {"tips": {"count": 1}, "contact": {"twitter": "sheenamiller"}, "firstName": "Sheena", "gender": "female", "lastName": "Ramsey", "id": "5654501", "bio": "", "photo": {"prefix": "https://igx.4sqi.net/img/user/", "suffix": "/WXPFBRNJYY5KAFAX.jpg"}, "homeCity": "Singapore", "lists": {"groups": [{"items": [], "count": 2, "type": "created"}]}}], "count": 291}, "checksum": "e70d28a6feca74f8ea67d63a09ec6f7f218ba716"}, "meta": {"requestId": "5965c5299fb6b77b761bb034", "code": 200}}