{"notifications": [{"type": "notificationTray", "item": {"unreadCount": 0}}], "meta": {"requestId": "5966e2159fb6b771482ebd33", "code": 200}, "response": {"friends": {"count": 55, "items": [{"id": "4377438", "photo": {"prefix": "https://igx.4sqi.net/img/user/", "suffix": "/VRCKXYSUJQFEU4SI.jpg"}, "homeCity": "Bangkok, Thailand", "contact": {"facebook": "1298527817"}, "firstName": "Tatee", "tips": {"count": 0}, "gender": "male", "lastName": "Tanchanpongs", "lists": {"groups": [{"count": 2, "type": "created", "items": []}]}, "bio": ""}, {"id": "7197137", "photo": {"prefix": "https://igx.4sqi.net/img/user/", "default": true, "suffix": "/blank_boy.png"}, "homeCity": "San Jose, CA", "contact": {}, "firstName": "Kee", "tips": {"count": 0}, "gender": "male", "lastName": "Ong", "lists": {"groups": [{"count": 2, "type": "created", "items": []}]}, "bio": ""}, {"id": "4247742", "photo": {"prefix": "https://igx.4sqi.net/img/user/", "suffix": "/T0FZBBPMDVLETFDG.jpg"}, "homeCity": "Kuala Lumpur, Malaysia", "contact": {"facebook": "1389521739"}, "firstName": "Moses", "tips": {"count": 0}, "gender": "male", "lastName": "Hee", "lists": {"groups": [{"count": 2, "type": "created", "items": []}]}, "bio": ""}, {"id": "7661121", "photo": {"prefix": "https://igx.4sqi.net/img/user/", "default": true, "suffix": "/blank_boy.png"}, "homeCity": "Singapore", "contact": {}, "firstName": "Zi Yong", "tips": {"count": 0}, "gender": "male", "lastName": "Chua", "lists": {"groups": [{"count": 2, "type": "created", "items": []}]}, "bio": ""}, {"id": "6073807", "photo": {"prefix": "https://igx.4sqi.net/img/user/", "default": true, "suffix": "/blank_boy.png"}, "homeCity": "Malaysia", "contact": {"facebook": "633284176", "twitter": "mysterious_man"}, "firstName": "Tan", "tips": {"count": 0}, "gender": "none", "lastName": "Teck", "lists": {"groups": [{"count": 2, "type": "created", "items": []}]}, "bio": ""}, {"id": "1793660", "photo": {"prefix": "https://igx.4sqi.net/img/user/", "suffix": "/B4ER3FDLWUSECNZP.jpg"}, "homeCity": "Singapore, ", "contact": {}, "firstName": "Alan", "tips": {"count": 2}, "gender": "male", "lastName": "Siow", "lists": {"groups": [{"count": 2, "type": "created", "items": []}]}, "bio": ""}, {"id": "3834384", "photo": {"prefix": "https://igx.4sqi.net/img/user/", "suffix": "/EL3UVDVR4MHNFKQC.jpg"}, "homeCity": "Petaling Jaya, Malaysia", "contact": {"facebook": "652238226"}, "firstName": "Alex", "tips": {"count": 3}, "gender": "male", "lastName": "Choong", "lists": {"groups": [{"count": 2, "type": "created", "items": []}]}, "bio": ""}, {"id": "646771", "photo": {"prefix": "https://igx.4sqi.net/img/user/", "suffix": "/2TIQUPXN4VDMPBCG.jpg"}, "homeCity": "\u6df1\u5733\u5e02, \u4e2d\u56fd", "contact": {}, "firstName": "Gavenraj", "tips": {"count": 5}, "gender": "male", "lastName": "Sodhi", "lists": {"groups": [{"count": 2, "type": "created", "items": []}]}, "bio": ""}, {"id": "3122943", "photo": {"prefix": "https://igx.4sqi.net/img/user/", "suffix": "/CONVTEATJMYKKD4H.jpg"}, "homeCity": "South Cambridgeshire, UK", "contact": {}, "firstName": "Irene", "tips": {"count": 12}, "gender": "female", "lastName": "Ng", "lists": {"groups": [{"count": 3, "type": "created", "items": []}]}, "bio": ""}, {"id": "21019", "photo": {"prefix": "https://igx.4sqi.net/img/user/", "suffix": "/JAOXMQV14JRUBTTL.jpg"}, "homeCity": "Singapore", "contact": {"facebook": "655083123"}, "firstName": "Khan", "tips": {"count": 0}, "gender": "male", "lastName": "Yow", "lists": {"groups": [{"count": 2, "type": "created", "items": []}]}, "bio": ""}, {"id": "150744", "photo": {"prefix": "https://igx.4sqi.net/img/user/", "suffix": "/NSMMNEZUMMDVJPDR.jpg"}, "homeCity": "Singapore", "contact": {"facebook": "201562", "twitter": "jiinjoo"}, "firstName": "Jiin Joo", "tips": {"count": 26}, "superuser": 1, "gender": "male", "lastName": "Ong", "lists": {"groups": [{"count": 2, "type": "created", "items": []}]}, "bio": ""}, {"id": "954555", "photo": {"prefix": "https://igx.4sqi.net/img/user/", "suffix": "/TT1QJL3H4KVYEHGS.jpg"}, "homeCity": "Sembawang, Singapore", "contact": {"facebook": "521135232", "twitter": "jeremywoo"}, "firstName": "Jeremy", "tips": {"count": 4}, "gender": "male", "lastName": "Woo", "lists": {"groups": [{"count": 2, "type": "created", "items": []}]}, "bio": ""}, {"id": "3974042", "photo": {"prefix": "https://igx.4sqi.net/img/user/", "suffix": "/PNVTLBY15DNKI0L4.jpg"}, "homeCity": "Christchurch, New Zealand", "contact": {}, "firstName": "Mervyn", "tips": {"count": 0}, "gender": "male", "lastName": "Tan", "lists": {"groups": [{"count": 2, "type": "created", "items": []}]}, "bio": ""}, {"id": "99548", "photo": {"prefix": "https://igx.4sqi.net/img/user/", "suffix": "/-1_1258434298233.jpg"}, "homeCity": "Singapore", "contact": {}, "firstName": "Bernard", "tips": {"count": 24}, "superuser": 2, "gender": "male", "lastName": "Leong", "lists": {"groups": [{"count": 2, "type": "created", "items": []}]}, "bio": ""}, {"id": "4838563", "photo": {"prefix": "https://igx.4sqi.net/img/user/", "suffix": "/ACNX0H4IWQ3ZD04Z.jpg"}, "homeCity": "New York, NY", "contact": {"facebook": "1652928704"}, "firstName": "Nicholas", "tips": {"count": 0}, "gender": "none", "lastName": "Fong", "lists": {"groups": [{"count": 2, "type": "created", "items": []}]}, "bio": ""}, {"id": "11817891", "photo": {"prefix": "https://igx.4sqi.net/img/user/", "suffix": "/Q0CZXYBLJMPWI5D3.jpg"}, "homeCity": "Singapore", "contact": {"facebook": "778879493"}, "firstName": "Andy", "tips": {"count": 2}, "gender": "male", "lastName": "Quak", "lists": {"groups": [{"count": 2, "type": "created", "items": []}]}, "bio": ""}, {"id": "12041885", "photo": {"prefix": "https://igx.4sqi.net/img/user/", "suffix": "/GJVYO2XHEIOZEALW.jpg"}, "homeCity": "Singapore", "contact": {"facebook": "686338006", "twitter": "srmehta65"}, "firstName": "Sanjay", "tips": {"count": 2}, "gender": "male", "lastName": "Mehta", "lists": {"groups": [{"count": 2, "type": "created", "items": []}]}, "bio": ""}, {"id": "13465746", "photo": {"prefix": "https://igx.4sqi.net/img/user/", "suffix": "/LLVXSR30CNXLNMI0.jpg"}, "homeCity": "Singapore", "contact": {"facebook": "1044481615"}, "firstName": "Eddy", "tips": {"count": 11}, "gender": "male", "lastName": "Leow", "lists": {"groups": [{"count": 3, "type": "created", "items": []}]}, "bio": ""}, {"id": "6128161", "photo": {"prefix": "https://igx.4sqi.net/img/user/", "suffix": "/FTZZXYLY0PPZLDUA.jpg"}, "homeCity": "Singapore", "contact": {"facebook": "571917156"}, "firstName": "Jason", "tips": {"count": 0}, "gender": "male", "lastName": "Chua", "lists": {"groups": [{"count": 2, "type": "created", "items": []}]}, "bio": ""}, {"id": "7720785", "photo": {"prefix": "https://igx.4sqi.net/img/user/", "suffix": "/GCX0GFWIOYQAPKDR.jpg"}, "homeCity": "Singapore", "contact": {"facebook": "581752839"}, "firstName": "Allan", "tips": {"count": 1}, "gender": "male", "lastName": "Goh", "lists": {"groups": [{"count": 2, "type": "created", "items": []}]}, "bio": ""}, {"id": "5026967", "photo": {"prefix": "https://igx.4sqi.net/img/user/", "suffix": "/M1UXM5U5GLFUBJ2Z.jpg"}, "homeCity": "Singapore", "contact": {}, "firstName": "Dan", "tips": {"count": 0}, "gender": "male", "lastName": "Toh", "lists": {"groups": [{"count": 2, "type": "created", "items": []}]}, "bio": ""}, {"id": "50252", "photo": {"prefix": "https://igx.4sqi.net/img/user/", "suffix": "/50252_1259979403368.jpg"}, "homeCity": "Singapore", "contact": {"facebook": "10153225028235312", "twitter": "geekonomics"}, "firstName": "Nicholas Aaron", "tips": {"count": 26}, "superuser": 1, "gender": "male", "lastName": "Khoo", "lists": {"groups": [{"count": 5, "type": "created", "items": []}]}, "bio": ""}, {"id": "160682", "photo": {"prefix": "https://igx.4sqi.net/img/user/", "suffix": "/160682-PGS5QFSP2IFYF4AI.jpg"}, "homeCity": "Singapore", "contact": {"facebook": "855199359", "twitter": "choozm"}, "firstName": "Zhi Min", "tips": {"count": 47}, "gender": "male", "lastName": "Choo", "lists": {"groups": [{"count": 2, "type": "created", "items": []}]}, "bio": "Last member of GenX and a passive investor. UX, Python, Agile."}, {"id": "2033254", "photo": {"prefix": "https://igx.4sqi.net/img/user/", "suffix": "/D4YS5WKWY1NQE0RL.jpg"}, "homeCity": "Singapore", "contact": {"twitter": "tanalvin"}, "firstName": "Alvin", "tips": {"count": 6}, "gender": "male", "lastName": "Tan", "lists": {"groups": [{"count": 2, "type": "created", "items": []}]}, "bio": "Curious"}, {"id": "4130743", "photo": {"prefix": "https://igx.4sqi.net/img/user/", "suffix": "/JR3TXWO2QSFHNM13.jpg"}, "homeCity": "Singapore", "contact": {"facebook": "547453504"}, "firstName": "Ronnie", "tips": {"count": 6}, "gender": "male", "lastName": "Wee", "lists": {"groups": [{"count": 2, "type": "created", "items": []}]}, "bio": ""}, {"id": "107560", "photo": {"prefix": "https://igx.4sqi.net/img/user/", "suffix": "/107560-52Q0Y5PGJYD3LVOY.jpg"}, "homeCity": "Changi, Singapore", "contact": {"facebook": "217458", "twitter": "m0t0chan"}, "firstName": "James", "tips": {"count": 7}, "superuser": 1, "gender": "male", "lastName": "Chan", "lists": {"groups": [{"count": 2, "type": "created", "items": []}]}, "bio": ""}, {"id": "7831727", "photo": {"prefix": "https://igx.4sqi.net/img/user/", "suffix": "/TUSQL3QEW4SDEJAM.jpg"}, "homeCity": "Singapore", "contact": {}, "firstName": "Howie", "tips": {"count": 0}, "gender": "male", "lastName": "Lau", "lists": {"groups": [{"count": 2, "type": "created", "items": []}]}, "bio": ""}, {"id": "12283744", "photo": {"prefix": "https://igx.4sqi.net/img/user/", "default": true, "suffix": "/blank_boy.png"}, "homeCity": "Singapore", "contact": {"facebook": "1226829619"}, "firstName": "Mufaddal", "tips": {"count": 0}, "gender": "male", "lastName": "Kagda", "lists": {"groups": [{"count": 2, "type": "created", "items": []}]}, "bio": ""}, {"id": "10012080", "photo": {"prefix": "https://igx.4sqi.net/img/user/", "default": true, "suffix": "/blank_boy.png"}, "homeCity": "Singapore", "contact": {}, "firstName": "Darren", "tips": {"count": 0}, "gender": "male", "lastName": "Chak", "lists": {"groups": [{"count": 2, "type": "created", "items": []}]}, "bio": ""}, {"id": "52240", "photo": {"prefix": "https://igx.4sqi.net/img/user/", "default": true, "suffix": "/blank_boy.png"}, "homeCity": "Singapore", "contact": {"facebook": "10104732716135755", "twitter": "jpaine"}, "firstName": "Jeffrey", "tips": {"count": 10}, "gender": "male", "lastName": "Paine", "lists": {"groups": [{"count": 3, "type": "created", "items": []}]}, "bio": ""}, {"id": "9198589", "photo": {"prefix": "https://igx.4sqi.net/img/user/", "default": true, "suffix": "/blank_boy.png"}, "homeCity": "Singapore", "contact": {}, "firstName": "Gerald", "tips": {"count": 0}, "gender": "male", "lastName": "Chak", "lists": {"groups": [{"count": 2, "type": "created", "items": []}]}, "bio": ""}, {"id": "2228525", "photo": {"prefix": "https://igx.4sqi.net/img/user/", "suffix": "/NFA2I0MYSLFFSMXR.jpg"}, "homeCity": "Singapore", "contact": {"twitter": "sgpkop"}, "firstName": "Mike", "tips": {"count": 7}, "gender": "male", "lastName": "Ang", "lists": {"groups": [{"count": 2, "type": "created", "items": []}]}, "bio": ""}, {"id": "6537156", "photo": {"prefix": "https://igx.4sqi.net/img/user/", "suffix": "/5Q1FQTLFKU3OJQTU.jpg"}, "homeCity": "Singapore", "contact": {}, "firstName": "Kelvin", "tips": {"count": 0}, "gender": "none", "lastName": "Hui", "lists": {"groups": [{"count": 2, "type": "created", "items": []}]}, "bio": ""}, {"id": "1030904", "photo": {"prefix": "https://igx.4sqi.net/img/user/", "default": true, "suffix": "/blank_boy.png"}, "homeCity": "Singapore", "contact": {}, "firstName": "Allen", "tips": {"count": 0}, "gender": "male", "lastName": "Loh", "lists": {"groups": [{"count": 2, "type": "created", "items": []}]}, "bio": ""}, {"id": "8103105", "photo": {"prefix": "https://igx.4sqi.net/img/user/", "suffix": "/NH2CUZTZYFS45MGY.jpg"}, "homeCity": "Singapore", "contact": {"facebook": "558766181", "twitter": "jojomattt"}, "firstName": "Josiah", "tips": {"count": 0}, "gender": "male", "lastName": "Yang", "lists": {"groups": [{"count": 2, "type": "created", "items": []}]}, "bio": ""}, {"id": "30430375", "photo": {"prefix": "https://igx.4sqi.net/img/user/", "suffix": "/KHXXMB2AZYKSKQHT.jpg"}, "homeCity": "New York, NY", "contact": {"facebook": "1023324239"}, "firstName": "Faisal", "tips": {"count": 0}, "gender": "male", "lastName": "Alsagoff", "lists": {"groups": [{"count": 2, "type": "created", "items": []}]}, "bio": ""}, {"id": "69743", "photo": {"prefix": "https://igx.4sqi.net/img/user/", "suffix": "/69743_1258700968688.jpg"}, "homeCity": "Singapore", "contact": {"facebook": "783581336", "twitter": "chrisyeo"}, "firstName": "Christopher", "tips": {"count": 14}, "superuser": 2, "gender": "male", "lastName": "Yeo", "lists": {"groups": [{"count": 3, "type": "created", "items": []}]}, "bio": ""}, {"id": "3239404", "photo": {"prefix": "https://igx.4sqi.net/img/user/", "suffix": "/2U52J4LQV3RWAC5X.jpg"}, "homeCity": "Singapore", "contact": {"facebook": "542692334"}, "firstName": "KL", "tips": {"count": 0}, "gender": "male", "lastName": "Ho", "lists": {"groups": [{"count": 2, "type": "created", "items": []}]}, "bio": ""}, {"id": "41381050", "photo": {"prefix": "https://igx.4sqi.net/img/user/", "suffix": "/MY4EWS0AROAU5O1M.jpg"}, "homeCity": "New York, NY", "contact": {"facebook": "1009689404"}, "firstName": "Aravinth \u0b85\u0bb0\u0bb5\u0bbf\u0ba8\u0bcd\u0ba4\u0bcd", "tips": {"count": 0}, "gender": "male", "lastName": "Kumarasamy \u0b95\u0bc1\u0bae\u0bbe\u0bb0\u0b9a\u0bbe\u0bae\u0bbf", "lists": {"groups": [{"count": 2, "type": "created", "items": []}]}, "bio": ""}, {"id": "12545602", "photo": {"prefix": "https://igx.4sqi.net/img/user/", "suffix": "/1EGUON2Q2FMZOHXW.jpg"}, "homeCity": "Bangkok, Thailand", "contact": {"facebook": "612837090"}, "firstName": "Hani", "tips": {"count": 0}, "gender": "male", "lastName": "Massoud", "lists": {"groups": [{"count": 2, "type": "created", "items": []}]}, "bio": ""}, {"id": "134804", "photo": {"prefix": "https://igx.4sqi.net/img/user/", "suffix": "/TYWJBWPDTABHM31F.jpg"}, "homeCity": "Singapore", "contact": {"facebook": "698721109", "twitter": "chinclow"}, "firstName": "Chin Chau", "tips": {"count": 2}, "gender": "male", "lastName": "Low", "lists": {"groups": [{"count": 2, "type": "created", "items": []}]}, "bio": ""}, {"id": "3374086", "photo": {"prefix": "https://igx.4sqi.net/img/user/", "suffix": "/0ANJDNFZX4YTDAEW.jpg"}, "homeCity": "Singapore", "contact": {"facebook": "655177989"}, "firstName": "Carol", "tips": {"count": 4}, "gender": "female", "lastName": "Kuok", "lists": {"groups": [{"count": 2, "type": "created", "items": []}]}, "bio": ""}, {"id": "18743670", "photo": {"prefix": "https://igx.4sqi.net/img/user/", "suffix": "/42XH5THUEQF1SEH3.jpg"}, "homeCity": "Singapore", "contact": {"facebook": "546897105"}, "firstName": "Tejinder", "tips": {"count": 0}, "gender": "male", "lastName": "Sekhon", "lists": {"groups": [{"count": 2, "type": "created", "items": []}]}, "bio": ""}, {"id": "138124", "photo": {"prefix": "https://igx.4sqi.net/img/user/", "suffix": "/IYJPFJWF5WNC0QLL.jpg"}, "homeCity": "Downtown Raleigh, NC", "contact": {"facebook": "704929201", "twitter": "nanoserwich"}, "firstName": "Nano", "tips": {"count": 15}, "gender": "female", "lastName": "Serwich", "lists": {"groups": [{"count": 3, "type": "created", "items": []}]}, "bio": ""}, {"id": "3564617", "photo": {"prefix": "https://igx.4sqi.net/img/user/", "suffix": "/YX5TLZTMJZRCWYMA.jpg"}, "homeCity": "Singapore", "contact": {"facebook": "613761359", "twitter": "terhan"}, "firstName": "Terry", "tips": {"count": 2}, "gender": "male", "lastName": "Ng", "lists": {"groups": [{"count": 2, "type": "created", "items": []}]}, "bio": ""}, {"id": "491356", "photo": {"prefix": "https://igx.4sqi.net/img/user/", "suffix": "/LYQZPPY2U2LSGNA5.jpg"}, "homeCity": "Singapore", "contact": {}, "firstName": "yingyan", "tips": {"count": 0}, "gender": "female", "lastName": "woo", "lists": {"groups": [{"count": 2, "type": "created", "items": []}]}, "bio": ""}, {"id": "4205214", "photo": {"prefix": "https://igx.4sqi.net/img/user/", "suffix": "/0S5GQ2BZMYUQL4RT.jpg"}, "homeCity": "Singapore", "contact": {}, "firstName": "Richard", "tips": {"count": 0}, "gender": "male", "lastName": "Armstrong", "lists": {"groups": [{"count": 2, "type": "created", "items": []}]}, "bio": ""}, {"id": "1051205", "photo": {"prefix": "https://igx.4sqi.net/img/user/", "suffix": "/XUDJQLTRJPMRYQ4S.jpg"}, "homeCity": "Singapore", "contact": {"facebook": "693844169"}, "firstName": "WengHim", "tips": {"count": 2}, "gender": "male", "lastName": "K", "lists": {"groups": [{"count": 2, "type": "created", "items": []}]}, "bio": ""}, {"id": "4595718", "photo": {"prefix": "https://igx.4sqi.net/img/user/", "default": true, "suffix": "/blank_boy.png"}, "homeCity": "Singapore", "contact": {"facebook": "670102894"}, "firstName": "Richard Damian", "tips": {"count": 0}, "gender": "male", "lastName": "Armstrong", "lists": {"groups": [{"count": 2, "type": "created", "items": []}]}, "bio": ""}, {"id": "3342344", "photo": {"prefix": "https://igx.4sqi.net/img/user/", "suffix": "/3342344-OVQTPHONGCAPHBFX.jpg"}, "homeCity": "Magrathea, Betelgeuse", "contact": {"twitter": "gaires2359"}, "firstName": "Elle", "tips": {"count": 485}, "gender": "female", "lastName": "T.", "lists": {"groups": [{"count": 5, "type": "created", "items": []}]}, "bio": "Do u know where your towel is?"}, {"id": "4602145", "photo": {"prefix": "https://igx.4sqi.net/img/user/", "suffix": "/UJKFSUMCFVCKQZTG.jpg"}, "homeCity": "Singapore", "contact": {"facebook": "520585816", "twitter": "jslyong"}, "firstName": "James", "tips": {"count": 24}, "gender": "male", "lastName": "Yong", "lists": {"groups": [{"count": 2, "type": "created", "items": []}]}, "bio": ""}, {"id": "5418638", "photo": {"prefix": "https://igx.4sqi.net/img/user/", "suffix": "/OFICEZVV1JWYOCEE.jpg"}, "homeCity": "\u0e25\u0e38\u0e21\u0e1e\u0e34\u0e19\u0e35, \u0e1b\u0e23\u0e30\u0e40\u0e17\u0e28\u0e44\u0e17\u0e22", "contact": {}, "firstName": "Krittapas", "tips": {"count": 2}, "gender": "male", "lastName": "Sintavanarong", "lists": {"groups": [{"count": 2, "type": "created", "items": []}]}, "bio": ""}, {"id": "5965009", "photo": {"prefix": "https://igx.4sqi.net/img/user/", "suffix": "/LRZKDPTUTUTPSHJA.jpg"}, "homeCity": "Singapore", "contact": {"facebook": "627853761", "twitter": "teikpiew_"}, "firstName": "teikpiew", "tips": {"count": 2}, "gender": "male", "lastName": "ng", "lists": {"groups": [{"count": 2, "type": "created", "items": []}]}, "bio": ""}, {"id": "8316474", "photo": {"prefix": "https://igx.4sqi.net/img/user/", "suffix": "/RQB03IFPNBIHOEJ3.jpg"}, "homeCity": "Doha, Qatar", "contact": {"facebook": "755353311"}, "firstName": "Suzanne", "tips": {"count": 0}, "gender": "female", "lastName": "Choong", "lists": {"groups": [{"count": 2, "type": "created", "items": []}]}, "bio": ""}, {"id": "41675787", "photo": {"prefix": "https://igx.4sqi.net/img/user/", "suffix": "/SMZZJKNTTMUIBHRB.jpg"}, "homeCity": "Singapore ", "contact": {"facebook": "708641048", "twitter": "ngnayak"}, "firstName": "Giridhar", "tips": {"count": 0}, "gender": "male", "lastName": "Nayak", "lists": {"groups": [{"count": 2, "type": "created", "items": []}]}, "bio": ""}]}, "checksum": "834bc0d4f8d348dc1aa7d029bcb17c0a933b5f01"}}