{"notifications": [{"type": "notificationTray", "item": {"unreadCount": 0}}], "response": {"friends": {"items": [{"tips": {"count": 5}, "contact": {"facebook": "597103454"}, "firstName": "Kai Wei", "gender": "male", "lastName": "Kedison", "id": "1036087", "bio": "", "photo": {"prefix": "https://igx.4sqi.net/img/user/", "suffix": "/F5JJWFIFYUAGBNJB.jpg"}, "homeCity": "Singapore", "lists": {"groups": [{"items": [], "count": 2, "type": "created"}]}}, {"tips": {"count": 0}, "contact": {"twitter": "ayexmei"}, "firstName": "Mavis", "gender": "female", "lastName": "K. Xmei", "id": "1097879", "bio": "", "photo": {"prefix": "https://igx.4sqi.net/img/user/", "suffix": "/RMODBVIPTIB1VH2F.jpg"}, "homeCity": "Singapore", "lists": {"groups": [{"items": [], "count": 2, "type": "created"}]}}, {"tips": {"count": 0}, "contact": {"twitter": "lhqtotheq"}, "firstName": "LHQ", "gender": "female", "lastName": "Totheq", "id": "4311206", "bio": "", "photo": {"prefix": "https://igx.4sqi.net/img/user/", "suffix": "/JVM3CW5XXOANWW2H.jpg"}, "homeCity": "Singapore", "lists": {"groups": [{"items": [], "count": 2, "type": "created"}]}}, {"superuser": 3, "tips": {"count": 61}, "contact": {"twitter": "abcdefglynis", "facebook": "873490272"}, "firstName": "Glynis", "gender": "female", "lastName": "Tan", "id": "274634", "bio": "I plan weddings for a living.", "photo": {"prefix": "https://igx.4sqi.net/img/user/", "suffix": "/274634-CZZYVAZVOQFZGTYI.jpg"}, "homeCity": "Singapore", "lists": {"groups": [{"items": [], "count": 16, "type": "created"}]}}, {"tips": {"count": 0}, "contact": {"twitter": "leehongsp", "facebook": "1524004233"}, "firstName": "Lei", "gender": "female", "lastName": "Ng", "id": "9233359", "bio": "", "photo": {"prefix": "https://igx.4sqi.net/img/user/", "suffix": "/RIEGXTPGI025F0HD.jpg"}, "homeCity": "Singapore", "lists": {"groups": [{"items": [], "count": 2, "type": "created"}]}}, {"tips": {"count": 0}, "contact": {"twitter": "bernice__", "facebook": "674678094"}, "firstName": "Bernice", "gender": "female", "lastName": "Teo", "id": "25600979", "bio": "Hihihihihi", "photo": {"prefix": "https://igx.4sqi.net/img/user/", "suffix": "/GI0GGJ40JVGIKSM4.jpg"}, "homeCity": "Singapore", "lists": {"groups": [{"items": [], "count": 2, "type": "created"}]}}, {"tips": {"count": 0}, "contact": {"twitter": "thedrunkfairy", "facebook": "617117862"}, "firstName": "Jiaqi", "gender": "female", "lastName": "Koh", "id": "4378821", "bio": "", "photo": {"prefix": "https://igx.4sqi.net/img/user/", "suffix": "/UPXWAIOSPBZIAV5T.jpg"}, "homeCity": "Singapore", "lists": {"groups": [{"items": [], "count": 2, "type": "created"}]}}, {"tips": {"count": 0}, "contact": {}, "firstName": "Anna", "gender": "female", "lastName": "Kay", "id": "4269828", "bio": "", "photo": {"prefix": "https://igx.4sqi.net/img/user/", "suffix": "/YZM0HR3YEHF2TCLO.jpg"}, "homeCity": "Singapore", "lists": {"groups": [{"items": [], "count": 2, "type": "created"}]}}, {"tips": {"count": 0}, "contact": {"facebook": "712549006"}, "firstName": "Chris", "gender": "male", "lastName": "Lim", "id": "6163696", "bio": "", "photo": {"prefix": "https://igx.4sqi.net/img/user/", "suffix": "/OWM0MLZO2OVVELVC.jpg"}, "homeCity": "Singapore", "lists": {"groups": [{"items": [], "count": 2, "type": "created"}]}}, {"tips": {"count": 0}, "contact": {"twitter": "imfrankiejacob", "facebook": "636047729"}, "firstName": "Frankie", "gender": "male", "lastName": "Jacob", "id": "2624074", "bio": "", "photo": {"prefix": "https://igx.4sqi.net/img/user/", "suffix": "/RL1ZKJTODZBRV4XI.jpg"}, "homeCity": "Bedok, Singapore", "lists": {"groups": [{"items": [], "count": 2, "type": "created"}]}}, {"tips": {"count": 1}, "contact": {"twitter": "babybluejas", "facebook": "537073620"}, "firstName": "Jasmine", "gender": "female", "lastName": "Ee", "id": "4916119", "bio": "", "photo": {"prefix": "https://igx.4sqi.net/img/user/", "suffix": "/I2DIMCF4S0EALJSH.jpg"}, "homeCity": "Singapore", "lists": {"groups": [{"items": [], "count": 4, "type": "created"}]}}, {"tips": {"count": 29}, "contact": {}, "firstName": "Jasmine", "gender": "female", "lastName": "Chua", "id": "447257", "bio": "", "photo": {"prefix": "https://igx.4sqi.net/img/user/", "suffix": "/X0DOHKJOUBLUOQ11.jpg"}, "homeCity": "Singapore", "lists": {"groups": [{"items": [], "count": 2, "type": "created"}]}}, {"tips": {"count": 17}, "contact": {"twitter": "mscarmen87"}, "firstName": "Carmen", "gender": "female", "lastName": "Lum", "id": "5110754", "bio": "", "photo": {"prefix": "https://igx.4sqi.net/img/user/", "suffix": "/BBXI0H14ON1WW1MJ.jpg"}, "homeCity": "Singapore", "lists": {"groups": [{"items": [], "count": 2, "type": "created"}]}}, {"tips": {"count": 2}, "contact": {"twitter": "eelenlim", "facebook": "752891927"}, "firstName": "Eelen", "gender": "female", "lastName": "Lim", "id": "3810088", "bio": "", "photo": {"prefix": "https://igx.4sqi.net/img/user/", "suffix": "/F4CAXMHN2VA3HESF.jpg"}, "homeCity": "Singapore", "lists": {"groups": [{"items": [], "count": 2, "type": "created"}]}}, {"tips": {"count": 0}, "contact": {"twitter": "rainbowbag", "facebook": "728439147"}, "firstName": "Gazelle", "gender": "female", "lastName": "Gan", "id": "676021", "bio": "", "photo": {"prefix": "https://igx.4sqi.net/img/user/", "suffix": "/3N1E3TVHZW0ZR2PK.jpg"}, "homeCity": "Singapore", "lists": {"groups": [{"items": [], "count": 2, "type": "created"}]}}, {"tips": {"count": 11}, "contact": {"twitter": "lynn_y", "facebook": "884300112"}, "firstName": "yeoh", "gender": "female", "lastName": "lynn", "id": "2145469", "bio": "", "photo": {"prefix": "https://igx.4sqi.net/img/user/", "suffix": "/02TUDSG4DL0NF0QI.jpg"}, "homeCity": "Singapore", "lists": {"groups": [{"items": [], "count": 2, "type": "created"}]}}, {"tips": {"count": 0}, "contact": {}, "firstName": "Brenda", "gender": "female", "lastName": "Tan", "id": "917324", "bio": "", "photo": {"prefix": "https://igx.4sqi.net/img/user/", "suffix": "/JOTN01NHEW2LENGB.jpg"}, "homeCity": "Singapore", "lists": {"groups": [{"items": [], "count": 2, "type": "created"}]}}, {"tips": {"count": 0}, "contact": {"twitter": "evanteo_o", "facebook": "609176493"}, "firstName": "Evan", "gender": "female", "lastName": "Teo", "id": "2395252", "bio": "", "photo": {"prefix": "https://igx.4sqi.net/img/user/", "suffix": "/CMT20VVUBIKKKA1K.jpg"}, "homeCity": "Woodlands, Singapore", "lists": {"groups": [{"items": [], "count": 2, "type": "created"}]}}, {"tips": {"count": 2}, "contact": {"twitter": "shirzteh"}, "firstName": "Shirlee", "gender": "female", "id": "15597919", "bio": "", "photo": {"prefix": "https://igx.4sqi.net/img/user/", "suffix": "/3OA1HI3UJJKEL0Z5.jpg"}, "homeCity": "Singapore", "lists": {"groups": [{"items": [], "count": 2, "type": "created"}]}}, {"superuser": 2, "tips": {"count": 255}, "contact": {"twitter": "felixker", "facebook": "100004109267079"}, "firstName": "Felix", "gender": "male", "lastName": "Ker", "id": "174952", "bio": "I'm a fun loving tech-enthusiast, blogger, LoveXpert, photographer, hacker & owner of Pink Pong (dog). I creatively direct Modish Media.", "photo": {"prefix": "https://igx.4sqi.net/img/user/", "suffix": "/MSRL0FLGFE00NNMG.jpg"}, "homeCity": "Singapore", "lists": {"groups": [{"items": [], "count": 10, "type": "created"}]}}, {"tips": {"count": 1}, "contact": {"twitter": "aweikiat", "facebook": "628844185"}, "firstName": "Wei Kiat", "gender": "male", "lastName": "Ang", "id": "15806262", "bio": "", "photo": {"prefix": "https://igx.4sqi.net/img/user/", "suffix": "/QA55LTH2W1FTRFAV.jpg"}, "homeCity": "Singapore", "lists": {"groups": [{"items": [], "count": 2, "type": "created"}]}}, {"tips": {"count": 0}, "contact": {"twitter": "juleslism", "facebook": "10155414560859424"}, "firstName": "Ju Li", "gender": "female", "lastName": "Chai", "id": "14111096", "bio": "", "photo": {"prefix": "https://igx.4sqi.net/img/user/", "suffix": "/35D2HM31TLQ3ILTR.jpg"}, "homeCity": "Ampang, Malaysia", "lists": {"groups": [{"items": [], "count": 2, "type": "created"}]}}, {"tips": {"count": 1}, "contact": {"twitter": "esteelew", "facebook": "577382684"}, "firstName": "Estee", "gender": "female", "lastName": "Lew", "id": "4335771", "bio": "", "photo": {"prefix": "https://igx.4sqi.net/img/user/", "suffix": "/PEQ1SZDYY1S0KP5H.jpg"}, "homeCity": "Singapore", "lists": {"groups": [{"items": [], "count": 2, "type": "created"}]}}, {"tips": {"count": 0}, "contact": {"facebook": "604715143"}, "firstName": "Agnes", "gender": "female", "lastName": "Fu", "id": "1600866", "bio": "", "photo": {"prefix": "https://igx.4sqi.net/img/user/", "suffix": "/3ICUP5PMKC41XNXY.png"}, "homeCity": "Singapore", "lists": {"groups": [{"items": [], "count": 2, "type": "created"}]}}, {"tips": {"count": 1}, "contact": {"twitter": "meehanjess", "facebook": "628902521"}, "firstName": "Jessica", "gender": "female", "lastName": "Meehan", "id": "37937873", "bio": "", "photo": {"prefix": "https://igx.4sqi.net/img/user/", "suffix": "/YZUQC2UZCGK15ZG5.jpg"}, "homeCity": "Singapore", "lists": {"groups": [{"items": [], "count": 2, "type": "created"}]}}, {"tips": {"count": 0}, "contact": {"twitter": "sng_yiling"}, "firstName": "Yi ling", "gender": "female", "id": "26493859", "bio": "", "photo": {"prefix": "https://igx.4sqi.net/img/user/", "suffix": "/3KQEJJOLH0J4KYOP.jpg"}, "homeCity": "Singapore", "lists": {"groups": [{"items": [], "count": 2, "type": "created"}]}}, {"tips": {"count": 0}, "contact": {"twitter": "kaiwei27", "facebook": "564501246"}, "firstName": "Kaiwei", "gender": "female", "lastName": "Tay", "id": "17334415", "bio": "", "photo": {"prefix": "https://igx.4sqi.net/img/user/", "suffix": "/XKFKMZ3GHZUU4ZRQ.jpg"}, "homeCity": "Singapore", "lists": {"groups": [{"items": [], "count": 2, "type": "created"}]}}, {"tips": {"count": 1}, "contact": {"twitter": "jamesquek", "facebook": "1449528012"}, "firstName": "James", "gender": "male", "lastName": "Quek", "id": "8017994", "bio": "", "photo": {"prefix": "https://igx.4sqi.net/img/user/", "suffix": "/4BSK4VKPXH2IXWOS.jpg"}, "homeCity": "Singapore", "lists": {"groups": [{"items": [], "count": 2, "type": "created"}]}}, {"tips": {"count": 0}, "contact": {}, "firstName": "Gillian", "gender": "female", "lastName": "Ng", "id": "13929073", "bio": "", "photo": {"prefix": "https://igx.4sqi.net/img/user/", "suffix": "/13929073_sgtC1eJP_iQ23Gyjb3jriB6LpqMWqf2LsGCgaxNpZf82VaEtuZm771oDvUZpcEjEu6hUAG6XO.jpg"}, "homeCity": "Singapore", "lists": {"groups": [{"items": [], "count": 2, "type": "created"}]}}, {"tips": {"count": 7}, "contact": {"twitter": "bunnyzxc", "facebook": "1205100599"}, "firstName": "Cynthia", "gender": "none", "lastName": "Goh", "id": "3354820", "bio": "", "photo": {"prefix": "https://igx.4sqi.net/img/user/", "suffix": "/YWQRQDR1U10J1TKA.jpg"}, "homeCity": "Singapore", "lists": {"groups": [{"items": [], "count": 2, "type": "created"}]}}, {"tips": {"count": 2}, "contact": {"twitter": "meisyhey"}, "firstName": "Meisy", "gender": "female", "lastName": "Wong", "id": "2381812", "bio": "", "photo": {"prefix": "https://igx.4sqi.net/img/user/", "suffix": "/2381812-AY2TLR1400HJXPPE.jpg"}, "homeCity": "Singapore", "lists": {"groups": [{"items": [], "count": 2, "type": "created"}]}}, {"tips": {"count": 3}, "contact": {"facebook": "715029108"}, "firstName": "Jackie", "gender": "male", "lastName": "Wong", "id": "5058009", "bio": "", "photo": {"prefix": "https://igx.4sqi.net/img/user/", "suffix": "/OEG1T5EUEA43BXG2.jpg"}, "homeCity": "Singapore", "lists": {"groups": [{"items": [], "count": 2, "type": "created"}]}}, {"tips": {"count": 5}, "contact": {"twitter": "zacgoh"}, "firstName": "Zac", "gender": "male", "lastName": "Goh", "id": "941213", "bio": "", "photo": {"prefix": "https://igx.4sqi.net/img/user/", "suffix": "/J4JNLY3QZ3KQ2PV2.jpg"}, "homeCity": "Singapore, ", "lists": {"groups": [{"items": [], "count": 2, "type": "created"}]}}, {"tips": {"count": 0}, "contact": {"twitter": "karentongg"}, "firstName": "Karen", "gender": "female", "lastName": "Tong", "id": "2685555", "bio": "", "photo": {"prefix": "https://igx.4sqi.net/img/user/", "suffix": "/41N0MYY03GV4BRF4.jpg"}, "homeCity": "Singapore", "lists": {"groups": [{"items": [], "count": 2, "type": "created"}]}}, {"tips": {"count": 0}, "contact": {"twitter": "alvislim", "facebook": "709057687"}, "firstName": "Alvis", "gender": "male", "lastName": "Lim", "id": "29446175", "bio": "", "photo": {"prefix": "https://igx.4sqi.net/img/user/", "suffix": "/R13GQNAEJ2MX45DT.jpg"}, "homeCity": "Singapore", "lists": {"groups": [{"items": [], "count": 2, "type": "created"}]}}, {"tips": {"count": 0}, "contact": {}, "firstName": "Ivy", "gender": "female", "lastName": "Ho", "id": "5154165", "bio": "", "photo": {"prefix": "https://igx.4sqi.net/img/user/", "suffix": "/blank_girl.png", "default": true}, "homeCity": "Unnamed Location", "lists": {"groups": [{"items": [], "count": 2, "type": "created"}]}}, {"tips": {"count": 3}, "contact": {"twitter": "gunman47", "facebook": "695800325"}, "firstName": "Dickson", "gender": "male", "lastName": "Phua", "id": "6802372", "bio": "", "photo": {"prefix": "https://igx.4sqi.net/img/user/", "suffix": "/CTS5ZJYVHCDVQUBH.jpg"}, "homeCity": "Singapore", "lists": {"groups": [{"items": [], "count": 2, "type": "created"}]}}, {"tips": {"count": 0}, "contact": {"twitter": "chelxh"}, "firstName": "Rachel", "gender": "female", "lastName": "T", "id": "17336747", "bio": "", "photo": {"prefix": "https://igx.4sqi.net/img/user/", "suffix": "/0TXQHRAAUF5XYS5Z.jpg"}, "homeCity": "Singapore", "lists": {"groups": [{"items": [], "count": 2, "type": "created"}]}}, {"tips": {"count": 1}, "contact": {"twitter": "chicktoohotforu"}, "firstName": "Jessie", "gender": "female", "lastName": "Lai", "id": "8021062", "bio": "", "photo": {"prefix": "https://igx.4sqi.net/img/user/", "suffix": "/PFL1XJZCIQSFBQKM.jpg"}, "homeCity": "Singapore", "lists": {"groups": [{"items": [], "count": 2, "type": "created"}]}}, {"tips": {"count": 0}, "contact": {}, "firstName": "Wenyan", "gender": "female", "id": "3596625", "bio": "", "photo": {"prefix": "https://igx.4sqi.net/img/user/", "suffix": "/Q0XPP3XF3P0FLB4R.jpg"}, "homeCity": "Singapore", "lists": {"groups": [{"items": [], "count": 2, "type": "created"}]}}, {"tips": {"count": 1}, "contact": {"twitter": "minminsss", "facebook": "688915181"}, "firstName": "Shaomin", "gender": "female", "id": "3162604", "bio": "", "photo": {"prefix": "https://igx.4sqi.net/img/user/", "suffix": "/VOMMVTU2GG5HM1F1.jpg"}, "homeCity": "Singapore", "lists": {"groups": [{"items": [], "count": 2, "type": "created"}]}}, {"tips": {"count": 0}, "contact": {"twitter": "raxsiel", "facebook": "567156694"}, "firstName": "Vanessa", "gender": "female", "lastName": "Hee", "id": "5409363", "bio": "", "photo": {"prefix": "https://igx.4sqi.net/img/user/", "suffix": "/CMRMGAERI1KCXBYL.jpg"}, "homeCity": "Singapore", "lists": {"groups": [{"items": [], "count": 2, "type": "created"}]}}, {"superuser": 2, "tips": {"count": 2}, "contact": {"twitter": "iamannaker", "facebook": "695407842"}, "firstName": "Anna", "gender": "female", "lastName": "Ker", "id": "974940", "bio": "", "photo": {"prefix": "https://igx.4sqi.net/img/user/", "suffix": "/Y2TNWPRWXJ4UO4OG.jpg"}, "homeCity": "Johor Bahru, Johor", "lists": {"groups": [{"items": [], "count": 2, "type": "created"}]}}, {"tips": {"count": 3}, "contact": {"twitter": "davidlimjd", "facebook": "745808135"}, "firstName": "David", "gender": "male", "lastName": "Lim", "id": "2866692", "bio": "", "photo": {"prefix": "https://igx.4sqi.net/img/user/", "suffix": "/4WUJEWLCFEYLKULH.jpg"}, "homeCity": "Singapore", "lists": {"groups": [{"items": [], "count": 2, "type": "created"}]}}, {"tips": {"count": 0}, "contact": {}, "firstName": "Evonn", "gender": "female", "lastName": "Guo", "id": "6175920", "bio": "", "photo": {"prefix": "https://igx.4sqi.net/img/user/", "suffix": "/CWTQS5GZZHC4C0GC.jpg"}, "homeCity": "New York, NY", "lists": {"groups": [{"items": [], "count": 2, "type": "created"}]}}, {"tips": {"count": 0}, "contact": {"twitter": "grxcepower"}, "firstName": "Grace", "gender": "female", "lastName": "Lim", "id": "11813633", "bio": "", "photo": {"prefix": "https://igx.4sqi.net/img/user/", "suffix": "/LOI3PCKBPBVZNCRN.jpg"}, "homeCity": "Singapore", "lists": {"groups": [{"items": [], "count": 2, "type": "created"}]}}, {"tips": {"count": 0}, "contact": {}, "firstName": "Ivan", "gender": "male", "lastName": "Tia", "id": "18200451", "bio": "", "photo": {"prefix": "https://igx.4sqi.net/img/user/", "suffix": "/Z240LCLFM5YZPBBC.jpg"}, "homeCity": "Singapore", "lists": {"groups": [{"items": [], "count": 3, "type": "created"}]}}, {"tips": {"count": 1}, "contact": {"twitter": "yanzhangjayy", "facebook": "10154375198889249"}, "firstName": "Jayy \uc81c\uc774", "gender": "male", "id": "9177076", "bio": "fun-loving", "photo": {"prefix": "https://igx.4sqi.net/img/user/", "suffix": "/GEFDKNHTN4NPW3OU.jpg"}, "homeCity": "Seoul, South Korea", "lists": {"groups": [{"items": [], "count": 4, "type": "created"}]}}, {"tips": {"count": 0}, "contact": {"twitter": "adoresreiko", "facebook": "1744501069"}, "firstName": "Reiko", "gender": "female", "lastName": "Lee", "id": "38681500", "bio": "", "photo": {"prefix": "https://igx.4sqi.net/img/user/", "suffix": "/T4S0YOKWOQUK1ZVM.jpg"}, "homeCity": "Singapore", "lists": {"groups": [{"items": [], "count": 2, "type": "created"}]}}, {"tips": {"count": 1}, "contact": {"twitter": "yinyin_", "facebook": "763559304"}, "firstName": "Yin", "gender": "female", "lastName": "Yin", "id": "3164887", "bio": "", "photo": {"prefix": "https://igx.4sqi.net/img/user/", "suffix": "/WPID3JRNKNJIILN3.jpg"}, "homeCity": "Singapore", "lists": {"groups": [{"items": [], "count": 2, "type": "created"}]}}, {"tips": {"count": 0}, "contact": {"twitter": "hernshung", "facebook": "516487769"}, "firstName": "HernShung", "gender": "male", "lastName": "Ang", "id": "23229849", "bio": "", "photo": {"prefix": "https://igx.4sqi.net/img/user/", "suffix": "/50ZNB3X4WIVTY2IK.jpg"}, "homeCity": "New York, NY", "lists": {"groups": [{"items": [], "count": 2, "type": "created"}]}}, {"tips": {"count": 1}, "contact": {"twitter": "shufat", "facebook": "637082035"}, "firstName": "Shu", "gender": "female", "lastName": "Pig", "id": "1105146", "bio": "", "photo": {"prefix": "https://igx.4sqi.net/img/user/", "suffix": "/CMD2V2Y534DC3ZXK.jpg"}, "homeCity": "Singapore, ", "lists": {"groups": [{"items": [], "count": 2, "type": "created"}]}}, {"tips": {"count": 3}, "contact": {"twitter": "dexhoe", "facebook": "652864061"}, "firstName": "Dex", "gender": "male", "id": "3280773", "bio": "", "photo": {"prefix": "https://igx.4sqi.net/img/user/", "suffix": "/OOIUPF4OSKGRWIPD.jpg"}, "homeCity": "Singapore", "lists": {"groups": [{"items": [], "count": 2, "type": "created"}]}}, {"tips": {"count": 1}, "contact": {"facebook": "541960882"}, "firstName": "Andy", "gender": "male", "lastName": "Koh", "id": "6880422", "bio": "", "photo": {"prefix": "https://igx.4sqi.net/img/user/", "suffix": "/M2HE1UEC223EACN3.jpg"}, "homeCity": "Johor Bahru, Malaysia", "lists": {"groups": [{"items": [], "count": 2, "type": "created"}]}}, {"tips": {"count": 0}, "contact": {"twitter": "daffyoo"}, "firstName": "Daphne", "gender": "female", "lastName": "Ling", "id": "19910073", "bio": "", "photo": {"prefix": "https://igx.4sqi.net/img/user/", "suffix": "/J3QSRJDFKL15NMJN.jpg"}, "homeCity": "New York, NY", "lists": {"groups": [{"items": [], "count": 2, "type": "created"}]}}, {"tips": {"count": 4}, "contact": {"twitter": "mabelisqueen", "facebook": "1417279048"}, "firstName": "Mabel", "gender": "female", "lastName": "Tay", "id": "3866020", "bio": "", "photo": {"prefix": "https://igx.4sqi.net/img/user/", "suffix": "/GOYP504S3EVYWF2M.jpg"}, "homeCity": "Singapore", "lists": {"groups": [{"items": [], "count": 2, "type": "created"}]}}, {"tips": {"count": 92}, "contact": {"twitter": "talking28", "facebook": "1795852747"}, "firstName": "Ralph", "gender": "male", "lastName": "Wong", "id": "1321023", "bio": "\u6b63\u5728\u6b65\u9032\u4e16\u754c\u5730\u5716\u5b8c\u6210\u5ea6\u3002", "photo": {"prefix": "https://igx.4sqi.net/img/user/", "suffix": "/A2STR0B5I1RW4G32.jpg"}, "homeCity": "\u6df1\u5733\u5e02, \u4e2d\u56fd", "lists": {"groups": [{"items": [], "count": 8, "type": "created"}]}}, {"tips": {"count": 0}, "contact": {}, "firstName": "Shane", "gender": "male", "lastName": "Wong", "id": "3395997", "bio": "", "photo": {"prefix": "https://igx.4sqi.net/img/user/", "suffix": "/1PF0G1OYSW5WWYMZ.jpg"}, "homeCity": "Singapore", "lists": {"groups": [{"items": [], "count": 2, "type": "created"}]}}, {"tips": {"count": 0}, "contact": {"twitter": "thmpsnwng", "facebook": "536358311"}, "firstName": "oo", "gender": "male", "lastName": "ryry", "id": "6963738", "bio": "", "photo": {"prefix": "https://igx.4sqi.net/img/user/", "suffix": "/UC3YU3DD1WCTBTHH.jpg"}, "homeCity": "Singapore", "lists": {"groups": [{"items": [], "count": 2, "type": "created"}]}}, {"tips": {"count": 3}, "contact": {}, "firstName": "Zhuxi", "gender": "male", "lastName": "Lee", "id": "4515379", "bio": "", "photo": {"prefix": "https://igx.4sqi.net/img/user/", "suffix": "/R3IPPBRSN545E0Z1.jpg"}, "homeCity": "Singapore", "lists": {"groups": [{"items": [], "count": 2, "type": "created"}]}}, {"tips": {"count": 4}, "contact": {"twitter": "shengk"}, "firstName": "Sheng", "gender": "male", "lastName": "Kang", "id": "1409420", "bio": "", "photo": {"prefix": "https://igx.4sqi.net/img/user/", "suffix": "/DJS3BS033Q2VCA1A.jpg"}, "homeCity": "Singapore", "lists": {"groups": [{"items": [], "count": 2, "type": "created"}]}}, {"tips": {"count": 1}, "contact": {"facebook": "1210105655"}, "firstName": "Merry", "gender": "female", "lastName": "Lie", "id": "3429045", "bio": "", "photo": {"prefix": "https://igx.4sqi.net/img/user/", "suffix": "/YOUB0YR4LHCYFASV.jpg"}, "homeCity": "Taipei, Taiwan", "lists": {"groups": [{"items": [], "count": 3, "type": "created"}]}}, {"tips": {"count": 9}, "contact": {}, "firstName": "Audrey", "gender": "female", "lastName": "Lim", "id": "8559933", "bio": "", "photo": {"prefix": "https://igx.4sqi.net/img/user/", "suffix": "/8559933-RLVL4GYUW3GZ3IDU.jpg"}, "homeCity": "Singapore", "lists": {"groups": [{"items": [], "count": 8, "type": "created"}]}}, {"tips": {"count": 0}, "contact": {"twitter": "leyjinaminshi"}, "firstName": "Regina", "gender": "female", "lastName": "Chew", "id": "5329555", "bio": "", "photo": {"prefix": "https://igx.4sqi.net/img/user/", "suffix": "/E0FDCLCDJ1BLVFDY.jpg"}, "homeCity": "Singapore", "lists": {"groups": [{"items": [], "count": 2, "type": "created"}]}}, {"tips": {"count": 0}, "contact": {}, "firstName": "Des", "gender": "female", "lastName": "Ng", "id": "2036713", "bio": "", "photo": {"prefix": "https://igx.4sqi.net/img/user/", "suffix": "/XRY3D0P0MQ525DGR.jpg"}, "homeCity": "Woodlands, Singapore", "lists": {"groups": [{"items": [], "count": 2, "type": "created"}]}}, {"tips": {"count": 0}, "contact": {}, "firstName": "Diven", "gender": "male", "lastName": "Cheong", "id": "3700575", "bio": "", "photo": {"prefix": "https://igx.4sqi.net/img/user/", "suffix": "/GZC2NHOUGEX3F4YE.jpg"}, "homeCity": "Singapore", "lists": {"groups": [{"items": [], "count": 2, "type": "created"}]}}, {"tips": {"count": 12}, "contact": {"twitter": "liu_jie_sheng", "facebook": "100000766352978"}, "firstName": "Jason", "gender": "male", "lastName": "Hendekillion", "id": "16942613", "bio": "", "photo": {"prefix": "https://igx.4sqi.net/img/user/", "suffix": "/16942613-YXAFIUVBT0SLNZZX.jpg"}, "homeCity": "JB", "lists": {"groups": [{"items": [], "count": 4, "type": "created"}]}}, {"tips": {"count": 15}, "contact": {"twitter": "chrissooyoungg", "facebook": "1055529097"}, "firstName": "Christopher", "gender": "male", "lastName": "Sun", "id": "3254593", "bio": "", "photo": {"prefix": "https://igx.4sqi.net/img/user/", "suffix": "/R1JBGWNIVOS0LZGI.jpg"}, "homeCity": "Singapore", "lists": {"groups": [{"items": [], "count": 2, "type": "created"}]}}, {"tips": {"count": 34}, "contact": {"twitter": "queenho", "facebook": "663703751"}, "firstName": "Queen", "gender": "female", "lastName": "Ho", "id": "3962204", "bio": "", "photo": {"prefix": "https://igx.4sqi.net/img/user/", "suffix": "/D545WDX1KFDPAZJU.jpg"}, "homeCity": "DG\uff0cGD\uff0cCHINA", "lists": {"groups": [{"items": [], "count": 2, "type": "created"}]}}, {"tips": {"count": 1}, "contact": {"twitter": "iamnotranden"}, "firstName": "Randen", "gender": "male", "lastName": "Lim", "id": "3370146", "bio": "", "photo": {"prefix": "https://igx.4sqi.net/img/user/", "suffix": "/22SB5VLPLJSFPHOA.jpg"}, "homeCity": "Singapore", "lists": {"groups": [{"items": [], "count": 2, "type": "created"}]}}, {"tips": {"count": 0}, "contact": {"twitter": "eileennwrites", "facebook": "724773802"}, "firstName": "Eileen", "gender": "female", "lastName": "Ang", "id": "4120258", "bio": "", "photo": {"prefix": "https://igx.4sqi.net/img/user/", "suffix": "/T0XGOF32EOMRLFJK.jpg"}, "homeCity": "Singapore", "lists": {"groups": [{"items": [], "count": 2, "type": "created"}]}}, {"tips": {"count": 0}, "contact": {}, "firstName": "Alanna", "gender": "female", "lastName": "Yew", "id": "3568132", "bio": "", "photo": {"prefix": "https://igx.4sqi.net/img/user/", "suffix": "/HRIRBWKS2PQY3IDH.jpg"}, "homeCity": "Singapore", "lists": {"groups": [{"items": [], "count": 2, "type": "created"}]}}, {"tips": {"count": 18}, "contact": {"twitter": "hernameischanel"}, "firstName": "Chanel", "gender": "female", "id": "4605093", "bio": "", "photo": {"prefix": "https://igx.4sqi.net/img/user/", "suffix": "/4605093-M3OFR5REMSKGV5YD.jpg"}, "homeCity": "Singapore", "lists": {"groups": [{"items": [], "count": 2, "type": "created"}]}}, {"tips": {"count": 1}, "contact": {"twitter": "nicholashoeyin", "facebook": "535176146"}, "firstName": "Nicholas", "gender": "male", "lastName": "Ho Hoe Yin", "id": "3638941", "bio": "", "photo": {"prefix": "https://igx.4sqi.net/img/user/", "suffix": "/3RPJMX0AOMYIDSDM.jpg"}, "homeCity": "Singapore", "lists": {"groups": [{"items": [], "count": 2, "type": "created"}]}}, {"tips": {"count": 1}, "contact": {"twitter": "jannah_hair", "facebook": "539200178"}, "firstName": "Jannah", "gender": "female", "lastName": "Hair", "id": "6087867", "bio": "", "photo": {"prefix": "https://igx.4sqi.net/img/user/", "suffix": "/5WWPHX4T4H1SK00F.jpg"}, "homeCity": "Singapore", "lists": {"groups": [{"items": [], "count": 2, "type": "created"}]}}, {"tips": {"count": 40}, "contact": {"facebook": "1215646394"}, "firstName": "Stanley", "gender": "male", "lastName": "Liu", "id": "3997604", "bio": "", "photo": {"prefix": "https://igx.4sqi.net/img/user/", "suffix": "/3997604-NPU0NJTLLN2NO2FI.jpg"}, "homeCity": "Singapore", "lists": {"groups": [{"items": [], "count": 2, "type": "created"}]}}, {"tips": {"count": 2}, "contact": {"twitter": "_reinayap"}, "firstName": "Reina", "gender": "female", "lastName": "Yap", "id": "6382407", "bio": "", "photo": {"prefix": "https://igx.4sqi.net/img/user/", "suffix": "/XNG2YRJB0EZ2VBCJ.jpg"}, "homeCity": "Kuala Lumpur, Malaysia", "lists": {"groups": [{"items": [], "count": 2, "type": "created"}]}}, {"tips": {"count": 88}, "contact": {}, "firstName": "Ras", "gender": "female", "id": "4000189", "bio": "", "photo": {"prefix": "https://igx.4sqi.net/img/user/", "suffix": "/J0WV4KU0PDQUQZ5L.jpg"}, "homeCity": "All Around D World", "lists": {"groups": [{"items": [], "count": 2, "type": "created"}]}}, {"tips": {"count": 1}, "contact": {"twitter": "ttherene", "facebook": "614137548"}, "firstName": "Tang", "gender": "female", "lastName": "Therene", "id": "6385947", "bio": "", "photo": {"prefix": "https://igx.4sqi.net/img/user/", "suffix": "/OFBJMVGIHHGKKSN2.jpg"}, "homeCity": "Singapore", "lists": {"groups": [{"items": [], "count": 2, "type": "created"}]}}, {"tips": {"count": 2}, "contact": {}, "firstName": "heme", "gender": "none", "id": "4161771", "bio": "", "photo": {"prefix": "https://igx.4sqi.net/img/user/", "suffix": "/FZZYHEBQDNQQTY3N.jpg"}, "homeCity": "Singapore", "lists": {"groups": [{"items": [], "count": 2, "type": "created"}]}}, {"tips": {"count": 0}, "contact": {"twitter": "desnglw"}, "firstName": "Des", "gender": "female", "lastName": "Ng", "id": "8768139", "bio": "", "photo": {"prefix": "https://igx.4sqi.net/img/user/", "suffix": "/blank_girl.png", "default": true}, "homeCity": "Singapore", "lists": {"groups": [{"items": [], "count": 2, "type": "created"}]}}, {"tips": {"count": 0}, "contact": {}, "firstName": "Eis", "gender": "female", "lastName": "Song", "id": "4161823", "bio": "", "photo": {"prefix": "https://igx.4sqi.net/img/user/", "suffix": "/AH2P0LZGN2BHJZ20.jpg"}, "homeCity": "Clementi West - Singapore", "lists": {"groups": [{"items": [], "count": 2, "type": "created"}]}}, {"tips": {"count": 2}, "contact": {"twitter": "lilhui"}, "firstName": "Lihui", "gender": "female", "lastName": "Lee", "id": "4481091", "bio": "", "photo": {"prefix": "https://igx.4sqi.net/img/user/", "suffix": "/0T4P0MUPAM2EK2KJ.jpg"}, "homeCity": "", "lists": {"groups": [{"items": [], "count": 2, "type": "created"}]}}, {"tips": {"count": 0}, "contact": {"twitter": "noellemikazuki"}, "firstName": "Noelle", "gender": "female", "lastName": "Mikazuki", "id": "5266314", "bio": "", "photo": {"prefix": "https://igx.4sqi.net/img/user/", "suffix": "/CXAFVIPJ1YHW2E3S.jpg"}, "homeCity": "Singapore", "lists": {"groups": [{"items": [], "count": 2, "type": "created"}]}}, {"tips": {"count": 6}, "contact": {"twitter": "beldachen", "facebook": "715706912"}, "firstName": "Belda", "gender": "female", "lastName": "Chen", "id": "5748714", "bio": "", "photo": {"prefix": "https://igx.4sqi.net/img/user/", "suffix": "/E4HKFP54I3AOPBVI.jpg"}, "homeCity": "Singapore", "lists": {"groups": [{"items": [], "count": 2, "type": "created"}]}}, {"tips": {"count": 0}, "contact": {}, "firstName": "Dani", "gender": "female", "lastName": "Kirtonia", "id": "6020365", "bio": "", "photo": {"prefix": "https://igx.4sqi.net/img/user/", "suffix": "/blank_girl.png", "default": true}, "homeCity": "New York, NY", "lists": {"groups": [{"items": [], "count": 2, "type": "created"}]}}, {"tips": {"count": 0}, "contact": {}, "firstName": "Grace", "gender": "female", "lastName": "Shak", "id": "8648969", "bio": "", "photo": {"prefix": "https://igx.4sqi.net/img/user/", "suffix": "/JF10V1AF2D31MWOE.jpg"}, "homeCity": "Singapore", "lists": {"groups": [{"items": [], "count": 2, "type": "created"}]}}], "count": 87}, "checksum": "a681fb3211f6bb71b7d65ed23da2d4f32721f2b7"}, "meta": {"requestId": "5965c40cf594df3c0bde2bcf", "code": 200}}