{"notifications": [{"type": "notificationTray", "item": {"unreadCount": 0}}], "response": {"friends": {"items": [{"tips": {"count": 0}, "contact": {"twitter": "florianpop", "facebook": "1037336505"}, "firstName": "Florian", "gender": "male", "lastName": "Pop", "id": "6755560", "bio": "", "photo": {"prefix": "https://igx.4sqi.net/img/user/", "suffix": "/DICJCALFM3GNVKEW.jpg"}, "homeCity": "M\u00fcnchen, Deutschland", "lists": {"groups": [{"items": [], "count": 2, "type": "created"}]}}, {"tips": {"count": 0}, "contact": {"facebook": "609375598"}, "firstName": "Anton", "gender": "male", "lastName": "Rummel", "id": "1247549", "bio": "", "photo": {"prefix": "https://igx.4sqi.net/img/user/", "suffix": "/1247549-RLPLK0ZVLEPSNO0F.jpg"}, "homeCity": "London, UK", "lists": {"groups": [{"items": [], "count": 3, "type": "created"}]}}, {"tips": {"count": 16}, "contact": {"twitter": "superpaper", "facebook": "10206995123174098"}, "firstName": "hubertus", "gender": "male", "lastName": "becker", "id": "6697730", "bio": "", "photo": {"prefix": "https://igx.4sqi.net/img/user/", "suffix": "/KXGQLKUOI44QWXUA.jpg"}, "homeCity": "M\u00fcnchen, Deutschland", "lists": {"groups": [{"items": [], "count": 2, "type": "created"}]}}, {"tips": {"count": 2}, "contact": {"facebook": "716230555"}, "firstName": "Reese", "gender": "female", "lastName": "Herrick", "id": "2623127", "bio": "", "photo": {"prefix": "https://igx.4sqi.net/img/user/", "suffix": "/L4CNIZF1YPIO433P.jpg"}, "homeCity": "San Francisco, CA", "lists": {"groups": [{"items": [], "count": 2, "type": "created"}]}}, {"tips": {"count": 3}, "contact": {}, "firstName": "Ele \ud83d\ude0e\ud83d\udc36\ud83d\udca3", "gender": "female", "id": "5096860", "bio": "", "photo": {"prefix": "https://igx.4sqi.net/img/user/", "suffix": "/5096860-AVQ40JKVQLF4ZPLR.jpg"}, "homeCity": "Milano, Italia", "lists": {"groups": [{"items": [], "count": 2, "type": "created"}]}}, {"tips": {"count": 4}, "contact": {"twitter": "fabiendeserres", "facebook": "1390510781011568"}, "firstName": "Fabien", "gender": "male", "lastName": "de Serres", "id": "379504", "bio": "", "photo": {"prefix": "https://igx.4sqi.net/img/user/", "suffix": "/379504_EwkedpWK_Zr90RGq4DgU_mtLU2RDP_7GjDVy8pPi0f3j5aU8HcZnetQmE_6FjD-V0b3_zLgW6.jpg"}, "homeCity": "Paris", "lists": {"groups": [{"items": [], "count": 3, "type": "created"}]}}, {"tips": {"count": 0}, "contact": {"twitter": "neil0025", "facebook": "676746399"}, "firstName": "Neil", "gender": "male", "lastName": "Anderson", "id": "902449", "bio": "", "photo": {"prefix": "https://igx.4sqi.net/img/user/", "suffix": "/blank_boy.png", "default": true}, "homeCity": "New York, NY", "lists": {"groups": [{"items": [], "count": 2, "type": "created"}]}}, {"tips": {"count": 97}, "contact": {}, "firstName": "Valeria", "gender": "female", "lastName": "Kholostenko", "id": "211114", "bio": "Brand. Experience. Design.", "photo": {"prefix": "https://igx.4sqi.net/img/user/", "suffix": "/EMGZKG4C4HWAO1XR.jpg"}, "homeCity": "San Francisco, CA", "lists": {"groups": [{"items": [], "count": 8, "type": "created"}]}}, {"tips": {"count": 0}, "contact": {"twitter": "benhopper", "facebook": "862105200"}, "firstName": "Ben", "gender": "male", "lastName": "Hopper", "id": "501572", "bio": "", "photo": {"prefix": "https://igx.4sqi.net/img/user/", "suffix": "/DL1THW3KP4HE3ZZ4.jpg"}, "homeCity": "London, UK", "lists": {"groups": [{"items": [], "count": 2, "type": "created"}]}}, {"tips": {"count": 4}, "contact": {"facebook": "1154661784"}, "firstName": "Federico", "gender": "male", "lastName": "Lecce", "id": "7019007", "bio": "", "photo": {"prefix": "https://igx.4sqi.net/img/user/", "suffix": "/7019007-NBJAVKHR1SQF2ORP.jpg"}, "homeCity": "Milano, Italia", "lists": {"groups": [{"items": [], "count": 2, "type": "created"}]}}, {"tips": {"count": 0}, "contact": {}, "firstName": "Moritz", "gender": "male", "lastName": "Ahlborn", "id": "1024427", "bio": "", "photo": {"prefix": "https://igx.4sqi.net/img/user/", "suffix": "/blank_boy.png", "default": true}, "homeCity": "M\u00fcnchen, Bayern", "lists": {"groups": [{"items": [], "count": 2, "type": "created"}]}}, {"tips": {"count": 8}, "contact": {}, "firstName": "Row", "gender": "male", "lastName": "Weber", "id": "3499754", "bio": "", "photo": {"prefix": "https://igx.4sqi.net/img/user/", "suffix": "/0SV4R3T000Z012LG.jpg"}, "homeCity": "M\u00fcnchen, Deutschland", "lists": {"groups": [{"items": [], "count": 2, "type": "created"}]}}], "count": 12}, "checksum": "39b7cb240dc2f20b22f04fb13c9f670bd38001a1"}, "meta": {"requestId": "5965d546351e3d64b014150a", "code": 200}}