{"notifications": [{"type": "notificationTray", "item": {"unreadCount": 0}}], "response": {"friends": {"items": [{"tips": {"count": 0}, "contact": {"facebook": "715374103"}, "firstName": "Meilin", "gender": "female", "lastName": "Lim", "id": "2324702", "bio": "", "photo": {"prefix": "https://igx.4sqi.net/img/user/", "suffix": "/X3HJCLAI4CKE3O0I.jpg"}, "homeCity": "Singapore", "lists": {"groups": [{"items": [], "count": 2, "type": "created"}]}}, {"tips": {"count": 2}, "contact": {}, "firstName": "Acky", "gender": "male", "lastName": "Acko", "id": "363354", "bio": "", "photo": {"prefix": "https://igx.4sqi.net/img/user/", "suffix": "/PGP0WZFQGYOQ400U.jpg"}, "homeCity": "Singapore", "lists": {"groups": [{"items": [], "count": 2, "type": "created"}]}}, {"tips": {"count": 1}, "contact": {}, "firstName": "Russell", "gender": "male", "lastName": "Chung", "id": "1325958", "bio": "", "photo": {"prefix": "https://igx.4sqi.net/img/user/", "suffix": "/ZMQLT3J4PBBW0K4W.jpg"}, "homeCity": "Guangzhou, Guangdong", "lists": {"groups": [{"items": [], "count": 2, "type": "created"}]}}, {"tips": {"count": 1}, "contact": {"twitter": "chrix77", "facebook": "722298665"}, "firstName": "Chrix", "gender": "male", "lastName": "Yong", "id": "1379116", "bio": "", "photo": {"prefix": "https://igx.4sqi.net/img/user/", "suffix": "/BNID5CHG1HMJWF3T.jpg"}, "homeCity": "Singapore", "lists": {"groups": [{"items": [], "count": 2, "type": "created"}]}}, {"tips": {"count": 9}, "contact": {"twitter": "shaunquek", "facebook": "721602089"}, "firstName": "Shaun", "gender": "male", "lastName": "Quek", "id": "251144", "bio": "", "photo": {"prefix": "https://igx.4sqi.net/img/user/", "suffix": "/251144-XGYR5Y4UN4RNSPHK.jpg"}, "homeCity": "Singapore", "lists": {"groups": [{"items": [], "count": 2, "type": "created"}]}}, {"tips": {"count": 4}, "contact": {"facebook": "557007785"}, "firstName": "Robert Wesley", "gender": "male", "lastName": "Seng", "id": "1793719", "bio": "", "photo": {"prefix": "https://igx.4sqi.net/img/user/", "suffix": "/IWEOIERLOFRGDMBZ.jpg"}, "homeCity": "Woodlands, Singapore", "lists": {"groups": [{"items": [], "count": 2, "type": "created"}]}}, {"tips": {"count": 0}, "contact": {}, "firstName": "Sukaimi", "gender": "male", "lastName": "Sukri", "id": "2896810", "bio": "", "photo": {"prefix": "https://igx.4sqi.net/img/user/", "suffix": "/O2U5FB3UMYFPC31X.jpg"}, "homeCity": "Singapore", "lists": {"groups": [{"items": [], "count": 2, "type": "created"}]}}, {"tips": {"count": 4}, "contact": {"twitter": "woosheryl", "facebook": "580003208"}, "firstName": "Sheryl", "gender": "female", "lastName": "Woo", "id": "291816", "bio": "", "photo": {"prefix": "https://igx.4sqi.net/img/user/", "suffix": "/291816-1LZO0KIMKT52XWS1.jpg"}, "homeCity": "Singapore", "lists": {"groups": [{"items": [], "count": 2, "type": "created"}]}}, {"tips": {"count": 0}, "contact": {}, "firstName": "sandylowsy", "gender": "female", "id": "747902", "bio": "", "photo": {"prefix": "https://igx.4sqi.net/img/user/", "suffix": "/MBQOSIVW0Z0V3K4C.jpg"}, "homeCity": "Singapore", "lists": {"groups": [{"items": [], "count": 2, "type": "created"}]}}, {"tips": {"count": 3}, "contact": {"twitter": "celestar", "facebook": "617245227"}, "firstName": "Joel", "gender": "male", "lastName": "Yap", "id": "338588", "bio": "", "photo": {"prefix": "https://igx.4sqi.net/img/user/", "suffix": "/C0HXLC0NJAGUSDPH.jpg"}, "homeCity": "Singapore", "lists": {"groups": [{"items": [], "count": 2, "type": "created"}]}}, {"tips": {"count": 1}, "contact": {"twitter": "mfckd", "facebook": "526606794"}, "firstName": "Zach", "gender": "male", "lastName": "Wong", "id": "594366", "bio": "", "photo": {"prefix": "https://igx.4sqi.net/img/user/", "suffix": "/IKULLQR3FO2HXVYZ.jpg"}, "homeCity": "Singapore", "lists": {"groups": [{"items": [], "count": 2, "type": "created"}]}}, {"tips": {"count": 24}, "contact": {"twitter": "yangonthu", "facebook": "10153571079329676"}, "firstName": "Moe Moe", "gender": "female", "id": "24602", "bio": "", "photo": {"prefix": "https://igx.4sqi.net/img/user/", "suffix": "/PGKZOMIAGCRPHFRQ.jpg"}, "homeCity": "Singapore", "lists": {"groups": [{"items": [], "count": 2, "type": "created"}]}}, {"tips": {"count": 6}, "contact": {"twitter": "kissaguramii"}, "firstName": "kissaguramii", "gender": "female", "id": "154898", "bio": "", "photo": {"prefix": "https://igx.4sqi.net/img/user/", "suffix": "/LLTZFJBY2SLHAYBU.jpg"}, "homeCity": "Hong Kong", "lists": {"groups": [{"items": [], "count": 6, "type": "created"}]}}, {"tips": {"count": 2}, "contact": {"twitter": "tracy7777", "facebook": "754163011"}, "firstName": "Tracy", "gender": "female", "lastName": "Chua", "id": "791192", "bio": "", "photo": {"prefix": "https://igx.4sqi.net/img/user/", "suffix": "/1JHHUFK5TI4R3EUU.jpg"}, "homeCity": "Singapore", "lists": {"groups": [{"items": [], "count": 2, "type": "created"}]}}, {"tips": {"count": 31}, "contact": {"twitter": "carolloo", "facebook": "602758108"}, "firstName": "Carol", "gender": "female", "lastName": "Loo", "id": "2548134", "bio": "", "photo": {"prefix": "https://igx.4sqi.net/img/user/", "suffix": "/2AUOXUBS2EGHFA4O.jpg"}, "homeCity": "\u4e0a\u6d77\u5e02, \u4e2d\u56fd", "lists": {"groups": [{"items": [], "count": 2, "type": "created"}]}}, {"tips": {"count": 0}, "contact": {"facebook": "517083057"}, "firstName": "glenn", "gender": "male", "lastName": "heng", "id": "569450", "bio": "", "photo": {"prefix": "https://igx.4sqi.net/img/user/", "suffix": "/blank_boy.png", "default": true}, "homeCity": "Singapore", "lists": {"groups": [{"items": [], "count": 2, "type": "created"}]}}, {"tips": {"count": 1}, "contact": {"facebook": "530437679"}, "firstName": "Jia", "gender": "female", "id": "1248139", "bio": "", "photo": {"prefix": "https://igx.4sqi.net/img/user/", "suffix": "/PP35VX00E0BSK0KJ.jpg"}, "homeCity": "Singapore", "lists": {"groups": [{"items": [], "count": 2, "type": "created"}]}}, {"tips": {"count": 29}, "contact": {"twitter": "onesweetwhirl", "facebook": "675510900"}, "firstName": "Yix", "gender": "female", "lastName": "Quek", "id": "1331255", "bio": "", "photo": {"prefix": "https://igx.4sqi.net/img/user/", "suffix": "/WQI4UP3U0DGTUHU3.jpg"}, "homeCity": "Singapore", "lists": {"groups": [{"items": [], "count": 2, "type": "created"}]}}, {"tips": {"count": 45}, "contact": {"twitter": "vijaysingh", "facebook": "745181188"}, "firstName": "Vijay", "gender": "male", "lastName": "Singh", "id": "1389922", "bio": "", "photo": {"prefix": "https://igx.4sqi.net/img/user/", "suffix": "/GXZL3ORILWUDLINM.jpg"}, "homeCity": "New Delhi, India", "lists": {"groups": [{"items": [], "count": 2, "type": "created"}]}}, {"tips": {"count": 156}, "contact": {}, "firstName": "Matthew", "gender": "male", "lastName": "Mark Aloysious", "id": "1860260", "bio": "Fun loving, meeting new people, enjoy foods and exchanging conversations with all walks of life.", "photo": {"prefix": "https://igx.4sqi.net/img/user/", "suffix": "/1860260-UE5J2G2EQ5FSZIVH.jpg"}, "homeCity": "Singapore", "lists": {"groups": [{"items": [], "count": 6, "type": "created"}]}}, {"tips": {"count": 17}, "contact": {"twitter": "gary_goh", "facebook": "597695799"}, "firstName": "Gary", "gender": "male", "lastName": "Goh", "id": "311044", "bio": "", "photo": {"prefix": "https://igx.4sqi.net/img/user/", "suffix": "/2SYF1JMSMWFZEMGJ.jpg"}, "homeCity": "Singapore", "lists": {"groups": [{"items": [], "count": 2, "type": "created"}]}}, {"tips": {"count": 3}, "contact": {}, "firstName": "Cheryl", "gender": "female", "lastName": "Ong", "id": "4097037", "bio": "", "photo": {"prefix": "https://igx.4sqi.net/img/user/", "suffix": "/YYFI04W524HLIMBI.jpg"}, "homeCity": "Singapore", "lists": {"groups": [{"items": [], "count": 2, "type": "created"}]}}, {"tips": {"count": 0}, "contact": {}, "firstName": "Andy", "gender": "male", "lastName": "Loo", "id": "986256", "bio": "", "photo": {"prefix": "https://igx.4sqi.net/img/user/", "suffix": "/986256-FVA3HM1XSZNCMQT4.jpg"}, "homeCity": "Singapore", "lists": {"groups": [{"items": [], "count": 6, "type": "created"}]}}, {"tips": {"count": 1}, "contact": {"twitter": "douglasnyr", "facebook": "573872296"}, "firstName": "Douglas", "gender": "male", "lastName": "Ng", "id": "4952240", "bio": "", "photo": {"prefix": "https://igx.4sqi.net/img/user/", "suffix": "/KCGFX5QNIC40AQXD.jpg"}, "homeCity": "Singapore", "lists": {"groups": [{"items": [], "count": 2, "type": "created"}]}}, {"tips": {"count": 19}, "contact": {"twitter": "mervynchan", "facebook": "1004287301"}, "firstName": "Mervyn", "gender": "male", "lastName": "Chan", "id": "71257", "bio": "", "photo": {"prefix": "https://igx.4sqi.net/img/user/", "suffix": "/VWJEXS0KW3BEQCZK.jpg"}, "homeCity": "Singapore", "lists": {"groups": [{"items": [], "count": 2, "type": "created"}]}}, {"tips": {"count": 1}, "contact": {}, "firstName": "Joseph", "gender": "male", "lastName": "Wong", "id": "1979737", "bio": "", "photo": {"prefix": "https://igx.4sqi.net/img/user/", "suffix": "/23SCENN0SFQ44NH5.jpg"}, "homeCity": "Sembawang Close, Singapore", "lists": {"groups": [{"items": [], "count": 2, "type": "created"}]}}, {"tips": {"count": 0}, "contact": {"twitter": "jetstar7", "facebook": "702747266"}, "firstName": "Jet", "gender": "male", "lastName": "Aw", "id": "853087", "bio": "", "photo": {"prefix": "https://igx.4sqi.net/img/user/", "suffix": "/VKFYHI1TLJ3ZJBDR.jpg"}, "homeCity": "Singapore", "lists": {"groups": [{"items": [], "count": 2, "type": "created"}]}}, {"tips": {"count": 6}, "contact": {"twitter": "mambo71", "facebook": "669356991"}, "firstName": "Winston", "gender": "male", "lastName": "T", "id": "4262317", "bio": "", "photo": {"prefix": "https://igx.4sqi.net/img/user/", "suffix": "/EOKZHWDYZ0MRDPMT.jpg"}, "homeCity": "Singapore", "lists": {"groups": [{"items": [], "count": 2, "type": "created"}]}}, {"tips": {"count": 198}, "contact": {}, "firstName": "Fare", "gender": "male", "id": "1075369", "bio": "", "photo": {"prefix": "https://igx.4sqi.net/img/user/", "suffix": "/CAS3XWN3DICAKYWO.jpg"}, "homeCity": "Singapore", "lists": {"groups": [{"items": [], "count": 2, "type": "created"}]}}, {"tips": {"count": 1}, "contact": {"twitter": "hillarychan", "facebook": "730118464"}, "firstName": "Hillary", "gender": "female", "lastName": "Chan", "id": "128196", "bio": "", "photo": {"prefix": "https://igx.4sqi.net/img/user/", "suffix": "/YBQU5QHZCWYPQGYT.jpg"}, "homeCity": "Singapore", "lists": {"groups": [{"items": [], "count": 2, "type": "created"}]}}, {"tips": {"count": 214}, "contact": {"facebook": "576982686"}, "firstName": "Mei", "gender": "female", "lastName": "Leong", "id": "1028360", "bio": "", "photo": {"prefix": "https://igx.4sqi.net/img/user/", "suffix": "/KI2GFWOJ2GOYBNDV.jpg"}, "homeCity": "Singapore", "lists": {"groups": [{"items": [], "count": 3, "type": "created"}]}}, {"tips": {"count": 1}, "contact": {"twitter": "kenoid", "facebook": "545198478"}, "firstName": "Ken", "gender": "male", "lastName": "Choo", "id": "4292831", "bio": "", "photo": {"prefix": "https://igx.4sqi.net/img/user/", "suffix": "/JIA5XVETVVFAPW1X.jpg"}, "homeCity": "Singapore", "lists": {"groups": [{"items": [], "count": 3, "type": "created"}]}}, {"tips": {"count": 32}, "contact": {"twitter": "squeeeegeeee", "facebook": "643633700"}, "firstName": "Shahirwan", "gender": "male", "lastName": "Gibraltar", "id": "1086909", "bio": "", "photo": {"prefix": "https://igx.4sqi.net/img/user/", "suffix": "/G3OE5TCXVBORKJ2V.jpg"}, "homeCity": "Singapore", "lists": {"groups": [{"items": [], "count": 2, "type": "created"}]}}, {"tips": {"count": 74}, "contact": {"twitter": "traazil", "facebook": "675035424"}, "firstName": "Leon", "gender": "male", "lastName": "Traazil", "id": "139284", "bio": "", "photo": {"prefix": "https://igx.4sqi.net/img/user/", "suffix": "/139284-YRRPXNPPOJSWBUWJ.jpg"}, "homeCity": "Singapore", "lists": {"groups": [{"items": [], "count": 2, "type": "created"}]}}, {"tips": {"count": 0}, "contact": {}, "firstName": "Daniel", "gender": "male", "lastName": "Wee", "id": "1177586", "bio": "", "photo": {"prefix": "https://igx.4sqi.net/img/user/", "suffix": "/VAQLHGJYAP41AFZJ.jpg"}, "homeCity": "Singapore", "lists": {"groups": [{"items": [], "count": 2, "type": "created"}]}}, {"tips": {"count": 5}, "contact": {"twitter": "weewu", "facebook": "501998710"}, "firstName": "Wee Wu", "gender": "male", "lastName": "Neo", "id": "4670097", "bio": "", "photo": {"prefix": "https://igx.4sqi.net/img/user/", "suffix": "/XAJ1HAP22UEK5GOQ.jpg"}, "homeCity": "Singapore", "lists": {"groups": [{"items": [], "count": 2, "type": "created"}]}}, {"tips": {"count": 1}, "contact": {"facebook": "672081987"}, "firstName": "Doris", "gender": "female", "lastName": "Leow", "id": "3130925", "bio": "", "photo": {"prefix": "https://igx.4sqi.net/img/user/", "suffix": "/2TCFPHDO0IJDPBS5.jpg"}, "homeCity": "Singapore", "lists": {"groups": [{"items": [], "count": 2, "type": "created"}]}}, {"tips": {"count": 0}, "contact": {}, "firstName": "Phyllis", "gender": "female", "lastName": "Goh", "id": "487742", "bio": "", "photo": {"prefix": "https://igx.4sqi.net/img/user/", "suffix": "/KLJTG0UF2WNJBS50.jpg"}, "homeCity": "Novena, Singapore", "lists": {"groups": [{"items": [], "count": 2, "type": "created"}]}}, {"tips": {"count": 0}, "contact": {"twitter": "selfisk"}, "firstName": "selfisk", "gender": "male", "id": "1286486", "bio": "", "photo": {"prefix": "https://igx.4sqi.net/img/user/", "suffix": "/1286486-E5OG5FMQV2DNELXH"}, "homeCity": "Singapore, Singapore", "lists": {"groups": [{"items": [], "count": 2, "type": "created"}]}}, {"tips": {"count": 0}, "contact": {"facebook": "559116914"}, "firstName": "Sandy", "gender": "female", "lastName": "Lee", "id": "1449908", "bio": "", "photo": {"prefix": "https://igx.4sqi.net/img/user/", "suffix": "/ZIJAI5S0F0UO4K1T.jpg"}, "homeCity": "Bedok, Singapore", "lists": {"groups": [{"items": [], "count": 2, "type": "created"}]}}, {"tips": {"count": 0}, "contact": {"facebook": "637920718"}, "firstName": "Joseph", "gender": "male", "lastName": "Chua", "id": "1532432", "bio": "", "photo": {"prefix": "https://igx.4sqi.net/img/user/", "suffix": "/3MFJ3LNOFRHUEABH.jpg"}, "homeCity": "Orchard, Singapore", "lists": {"groups": [{"items": [], "count": 2, "type": "created"}]}}, {"tips": {"count": 4}, "contact": {}, "firstName": "Gracie", "gender": "female", "id": "1575483", "bio": "", "photo": {"prefix": "https://igx.4sqi.net/img/user/", "suffix": "/1575483-D52XGGS0FTD5OYAP.jpg"}, "homeCity": "Singapore ", "lists": {"groups": [{"items": [], "count": 3, "type": "created"}]}}, {"tips": {"count": 12}, "contact": {"facebook": "728021582"}, "firstName": "sf", "gender": "male", "lastName": "shen", "id": "1651295", "bio": "", "photo": {"prefix": "https://igx.4sqi.net/img/user/", "suffix": "/1651295-4RFON2XINJXYV1FE.jpg"}, "homeCity": "Yishun, Singapore", "lists": {"groups": [{"items": [], "count": 2, "type": "created"}]}}, {"tips": {"count": 4}, "contact": {}, "firstName": "Steve", "gender": "male", "lastName": "L", "id": "2057060", "bio": "", "photo": {"prefix": "https://igx.4sqi.net/img/user/", "suffix": "/DQRQOAC0JTYHFYWX.jpg"}, "homeCity": "Singapore", "lists": {"groups": [{"items": [], "count": 2, "type": "created"}]}}, {"tips": {"count": 0}, "contact": {}, "firstName": "Esther", "gender": "female", "id": "2265454", "bio": "", "photo": {"prefix": "https://igx.4sqi.net/img/user/", "suffix": "/4M1HHSXS4JAFPIIG.jpg"}, "homeCity": "Singapore", "lists": {"groups": [{"items": [], "count": 2, "type": "created"}]}}, {"tips": {"count": 0}, "contact": {}, "firstName": "Ariel", "gender": "none", "lastName": "Chew", "id": "2576078", "bio": "", "photo": {"prefix": "https://igx.4sqi.net/img/user/", "suffix": "/blank_boy.png", "default": true}, "homeCity": "Singapore", "lists": {"groups": [{"items": [], "count": 2, "type": "created"}]}}, {"tips": {"count": 1}, "contact": {"twitter": "askura512", "facebook": "555140337"}, "firstName": "Andrinna", "gender": "female", "lastName": "Kang", "id": "3564545", "bio": "", "photo": {"prefix": "https://igx.4sqi.net/img/user/", "suffix": "/DCYP1C3YFFHQIDJC.jpg"}, "homeCity": "Singapore", "lists": {"groups": [{"items": [], "count": 2, "type": "created"}]}}, {"tips": {"count": 12}, "contact": {"facebook": "686067326"}, "firstName": "J\u00f3lyn", "gender": "female", "id": "3645029", "bio": "", "photo": {"prefix": "https://igx.4sqi.net/img/user/", "suffix": "/BEYIZKMPAD5KWXJA.jpg"}, "homeCity": "Singapore", "lists": {"groups": [{"items": [], "count": 2, "type": "created"}]}}, {"tips": {"count": 1}, "contact": {}, "firstName": "Aki", "gender": "male", "lastName": "Valmores", "id": "3711677", "bio": "", "photo": {"prefix": "https://igx.4sqi.net/img/user/", "suffix": "/MIBKCJRSY354FXFP.jpg"}, "homeCity": "\u9999\u6e2f", "lists": {"groups": [{"items": [], "count": 2, "type": "created"}]}}, {"tips": {"count": 3}, "contact": {"facebook": "587188084"}, "firstName": "Calvin", "gender": "male", "lastName": "Cheng", "id": "3831837", "bio": "", "photo": {"prefix": "https://igx.4sqi.net/img/user/", "suffix": "/3831837_tB091qEF_Vhe62QSpVfgWPdt_AIWWYOMDgG4eH2cBToJTIriui6uIpABkziHvVeMHuOhogXuR.jpg"}, "homeCity": "Singapore", "lists": {"groups": [{"items": [], "count": 11, "type": "created"}]}}, {"tips": {"count": 22}, "contact": {"twitter": "aniceholiday"}, "firstName": "A Nice Holiday", "gender": "none", "id": "5343462", "bio": "", "photo": {"prefix": "https://igx.4sqi.net/img/user/", "suffix": "/LN5NF2KMVBJSVTS5.png"}, "homeCity": "Singapore", "lists": {"groups": [{"items": [], "count": 15, "type": "created"}]}}], "count": 51}, "checksum": "d44f00d9d67b0b5b012c5c8305ff976e8075199c"}, "meta": {"requestId": "596633976a60711439f9f8f8", "code": 200}}