{"notifications": [{"type": "notificationTray", "item": {"unreadCount": 0}}], "response": {"friends": {"items": [{"tips": {"count": 0}, "contact": {"facebook": "530910420"}, "firstName": "Jessica", "gender": "female", "lastName": "Wau", "id": "2109711", "bio": "", "photo": {"prefix": "https://igx.4sqi.net/img/user/", "suffix": "/RMJNWIZCYBS1O5A2.jpg"}, "homeCity": "Changi, Singapore", "lists": {"groups": [{"items": [], "count": 2, "type": "created"}]}}, {"tips": {"count": 0}, "contact": {}, "firstName": "Sarah", "gender": "none", "id": "6438177", "bio": "", "photo": {"prefix": "https://igx.4sqi.net/img/user/", "suffix": "/blank_boy.png", "default": true}, "homeCity": "Singapore", "lists": {"groups": [{"items": [], "count": 2, "type": "created"}]}}, {"tips": {"count": 0}, "contact": {"twitter": "faryerfly"}, "firstName": "Fariza", "gender": "female", "lastName": "Razif", "id": "1245241", "bio": "", "photo": {"prefix": "https://igx.4sqi.net/img/user/", "suffix": "/SUGXQZGCSLTTVC4T.jpg"}, "homeCity": "Singapore", "lists": {"groups": [{"items": [], "count": 2, "type": "created"}]}}, {"tips": {"count": 0}, "contact": {"twitter": "pakmuk"}, "firstName": "Ho", "gender": "male", "lastName": "Akmal Hussain", "id": "1432823", "bio": "", "photo": {"prefix": "https://igx.4sqi.net/img/user/", "suffix": "/XP4DZESXMW2R5VLR.jpg"}, "homeCity": "MacPherson, Singapore", "lists": {"groups": [{"items": [], "count": 2, "type": "created"}]}}, {"tips": {"count": 0}, "contact": {"twitter": "yannisumarno"}, "firstName": "Yanni", "gender": "female", "lastName": "Sumarno", "id": "5452004", "bio": "", "photo": {"prefix": "https://igx.4sqi.net/img/user/", "suffix": "/AXUD2RNNWBG03MTR.jpg"}, "homeCity": "Singapore", "lists": {"groups": [{"items": [], "count": 2, "type": "created"}]}}, {"tips": {"count": 3}, "contact": {"facebook": "771920362"}, "firstName": "Lyd", "gender": "female", "lastName": "ia", "id": "1790784", "bio": "Exploring junkie", "photo": {"prefix": "https://igx.4sqi.net/img/user/", "suffix": "/4BJ2ERMYCAXU2GUW.jpg"}, "homeCity": "Singapore", "lists": {"groups": [{"items": [], "count": 3, "type": "created"}]}}, {"tips": {"count": 1}, "contact": {"twitter": "nessizle"}, "firstName": "Vanessa", "gender": "female", "lastName": "Paul", "id": "1168629", "bio": "", "photo": {"prefix": "https://igx.4sqi.net/img/user/", "suffix": "/GN31BJ3U1JABDBTN.jpg"}, "homeCity": "Singapore", "lists": {"groups": [{"items": [], "count": 2, "type": "created"}]}}, {"tips": {"count": 1}, "contact": {}, "firstName": "Anna", "gender": "female", "lastName": "B", "id": "2570838", "bio": "", "photo": {"prefix": "https://igx.4sqi.net/img/user/", "suffix": "/UFUQ5SBWNTHHHQZO.jpg"}, "homeCity": "Singapore", "lists": {"groups": [{"items": [], "count": 2, "type": "created"}]}}, {"tips": {"count": 1}, "contact": {}, "firstName": "khairunnisa", "gender": "female", "id": "3458805", "bio": "", "photo": {"prefix": "https://igx.4sqi.net/img/user/", "suffix": "/blank_girl.png", "default": true}, "homeCity": "Singapore", "lists": {"groups": [{"items": [], "count": 2, "type": "created"}]}}, {"tips": {"count": 0}, "contact": {"facebook": "100000878880739"}, "firstName": "Firdaus", "gender": "male", "lastName": "Nooka", "id": "4821415", "bio": "", "photo": {"prefix": "https://igx.4sqi.net/img/user/", "suffix": "/FAR1ERNOK4H3OR4X.jpg"}, "homeCity": "Singapore", "lists": {"groups": [{"items": [], "count": 2, "type": "created"}]}}, {"tips": {"count": 19}, "contact": {"twitter": "si_ashwin", "facebook": "10158011281155261"}, "firstName": "Si", "gender": "male", "lastName": "Ashwin", "id": "701170", "bio": "", "photo": {"prefix": "https://igx.4sqi.net/img/user/", "suffix": "/701170-ELZLWMKRFEUX5AZ2.jpg"}, "homeCity": "Dubai", "lists": {"groups": [{"items": [], "count": 6, "type": "created"}]}}, {"tips": {"count": 0}, "contact": {"twitter": "_kccc", "facebook": "515351511"}, "firstName": "Kenneth", "gender": "male", "lastName": "Chew", "id": "812451", "bio": "", "photo": {"prefix": "https://igx.4sqi.net/img/user/", "suffix": "/3RE1ZKD5P0ACUO3U.jpg"}, "homeCity": "Toa Payoh, Singapore", "lists": {"groups": [{"items": [], "count": 2, "type": "created"}]}}, {"tips": {"count": 0}, "contact": {}, "firstName": "Esther", "gender": "female", "lastName": "Ng", "id": "2133030", "bio": "", "photo": {"prefix": "https://igx.4sqi.net/img/user/", "suffix": "/NF0XHA2NSCTTBCOG.jpg"}, "homeCity": "Singapore", "lists": {"groups": [{"items": [], "count": 2, "type": "created"}]}}, {"tips": {"count": 30}, "contact": {"twitter": "ferdyqwerty", "facebook": "508651174"}, "firstName": "ferdy", "gender": "none", "lastName": "qwerty", "id": "788704", "bio": "", "photo": {"prefix": "https://igx.4sqi.net/img/user/", "suffix": "/QYDMCTFLBMF5JTL5.gif"}, "homeCity": "Totoroland", "lists": {"groups": [{"items": [], "count": 2, "type": "created"}]}}, {"tips": {"count": 0}, "contact": {"facebook": "701733682"}, "firstName": "Ahhashaz", "gender": "male", "id": "3278892", "bio": "", "photo": {"prefix": "https://igx.4sqi.net/img/user/", "suffix": "/SIBUFO4WVGWPBFCS.jpg"}, "homeCity": "Singapore", "lists": {"groups": [{"items": [], "count": 2, "type": "created"}]}}, {"tips": {"count": 0}, "contact": {}, "firstName": "Siti", "gender": "female", "lastName": "Sahuria", "id": "7286325", "bio": "", "photo": {"prefix": "https://igx.4sqi.net/img/user/", "suffix": "/RACJI1DNZOAZOAFQ.jpg"}, "homeCity": "Singapore", "lists": {"groups": [{"items": [], "count": 2, "type": "created"}]}}, {"tips": {"count": 0}, "contact": {"facebook": "1180508076"}, "firstName": "yogi", "gender": "male", "id": "7007779", "bio": "", "photo": {"prefix": "https://igx.4sqi.net/img/user/", "suffix": "/blank_boy.png", "default": true}, "homeCity": "Singapore", "lists": {"groups": [{"items": [], "count": 2, "type": "created"}]}}, {"tips": {"count": 156}, "contact": {}, "firstName": "Matthew", "gender": "male", "lastName": "Mark Aloysious", "id": "1860260", "bio": "Fun loving, meeting new people, enjoy foods and exchanging conversations with all walks of life.", "photo": {"prefix": "https://igx.4sqi.net/img/user/", "suffix": "/1860260-UE5J2G2EQ5FSZIVH.jpg"}, "homeCity": "Singapore", "lists": {"groups": [{"items": [], "count": 6, "type": "created"}]}}, {"tips": {"count": 1}, "contact": {}, "firstName": "Janice", "gender": "female", "lastName": "Tan", "id": "1576896", "bio": "", "photo": {"prefix": "https://igx.4sqi.net/img/user/", "suffix": "/OFKJV3RPXT5LK0UL.jpg"}, "homeCity": "Singapore", "lists": {"groups": [{"items": [], "count": 2, "type": "created"}]}}, {"tips": {"count": 4}, "contact": {"twitter": "nadyadarla", "facebook": "1311690115"}, "firstName": "Nadya", "gender": "female", "lastName": "Darla", "id": "3061070", "bio": "", "photo": {"prefix": "https://igx.4sqi.net/img/user/", "suffix": "/SAFR4PRQQ1RGNQC4.jpg"}, "homeCity": "Singapore", "lists": {"groups": [{"items": [], "count": 3, "type": "created"}]}}, {"tips": {"count": 0}, "contact": {"facebook": "797510467"}, "firstName": "Siti", "gender": "female", "lastName": "Hamimah", "id": "3478622", "bio": "", "photo": {"prefix": "https://igx.4sqi.net/img/user/", "suffix": "/0PYQ5LKFDWPKFNRA.jpg"}, "homeCity": "Woodlands, Singapore", "lists": {"groups": [{"items": [], "count": 2, "type": "created"}]}}, {"tips": {"count": 2}, "contact": {}, "firstName": "Mr", "gender": "none", "lastName": "Abishegenaden", "id": "6609818", "bio": "", "photo": {"prefix": "https://igx.4sqi.net/img/user/", "suffix": "/FJVFIF1D1BY41TX1.jpg"}, "homeCity": "Singapore", "lists": {"groups": [{"items": [], "count": 2, "type": "created"}]}}, {"tips": {"count": 0}, "contact": {"twitter": "dreamsandsuch"}, "firstName": "rachel", "gender": "female", "lastName": "chng", "id": "1953085", "bio": "", "photo": {"prefix": "https://igx.4sqi.net/img/user/", "suffix": "/52RJNMNXKTG23EQC.jpg"}, "homeCity": "Singapore", "lists": {"groups": [{"items": [], "count": 2, "type": "created"}]}}, {"tips": {"count": 0}, "contact": {"facebook": "100000267070288"}, "firstName": "Vincent", "gender": "male", "lastName": "Tan", "id": "2137856", "bio": "", "photo": {"prefix": "https://igx.4sqi.net/img/user/", "suffix": "/LM3WDSCB0F0TYOEG.jpg"}, "homeCity": "Singapore", "lists": {"groups": [{"items": [], "count": 2, "type": "created"}]}}, {"tips": {"count": 0}, "contact": {"twitter": "stooffi"}, "firstName": "Stephanie", "gender": "female", "id": "851958", "bio": "", "photo": {"prefix": "https://igx.4sqi.net/img/user/", "suffix": "/851958-K1UZ4FKIDDJEVYBO.jpg"}, "homeCity": "Singapore", "lists": {"groups": [{"items": [], "count": 2, "type": "created"}]}}, {"tips": {"count": 0}, "contact": {}, "firstName": "ummairah", "gender": "female", "lastName": "mahmood", "id": "3321116", "bio": "", "photo": {"prefix": "https://igx.4sqi.net/img/user/", "suffix": "/QVX4R5ZY5HUZ4YPR.jpg"}, "homeCity": "Singapore", "lists": {"groups": [{"items": [], "count": 2, "type": "created"}]}}, {"tips": {"count": 0}, "contact": {}, "firstName": "Hafiz", "gender": "male", "lastName": "Euroking", "id": "1996324", "bio": "", "photo": {"prefix": "https://igx.4sqi.net/img/user/", "suffix": "/31VGG2ZWRBMWSGPN.jpg"}, "homeCity": "Singapore", "lists": {"groups": [{"items": [], "count": 2, "type": "created"}]}}, {"tips": {"count": 0}, "contact": {"twitter": "ruiqibabylee", "facebook": "698102054"}, "firstName": "Ruiqi", "gender": "female", "lastName": "Lee", "id": "4577910", "bio": "", "photo": {"prefix": "https://igx.4sqi.net/img/user/", "suffix": "/3LXB2OIAJOBN4AWK.jpg"}, "homeCity": "Singapore", "lists": {"groups": [{"items": [], "count": 2, "type": "created"}]}}, {"tips": {"count": 3}, "contact": {}, "firstName": "Sarah", "gender": "female", "lastName": "Y", "id": "5932204", "bio": "", "photo": {"prefix": "https://igx.4sqi.net/img/user/", "suffix": "/AZFCN1QGLM02YLIL.jpg"}, "homeCity": "Singapore", "lists": {"groups": [{"items": [], "count": 2, "type": "created"}]}}, {"tips": {"count": 0}, "contact": {}, "firstName": "Welyon", "gender": "male", "lastName": "Sutjipto", "id": "5087534", "bio": "", "photo": {"prefix": "https://igx.4sqi.net/img/user/", "suffix": "/blank_boy.png", "default": true}, "homeCity": "Singapore", "lists": {"groups": [{"items": [], "count": 2, "type": "created"}]}}, {"tips": {"count": 2}, "contact": {}, "firstName": "Shaun", "gender": "male", "lastName": "Khiu", "id": "917601", "bio": "", "photo": {"prefix": "https://igx.4sqi.net/img/user/", "suffix": "/AT5E0ZV5QXSY231Y.jpg"}, "homeCity": "Singapore", "lists": {"groups": [{"items": [], "count": 2, "type": "created"}]}}, {"tips": {"count": 0}, "contact": {"facebook": "527282120"}, "firstName": "Siti", "gender": "female", "lastName": "Hajjar", "id": "3389930", "bio": "", "photo": {"prefix": "https://igx.4sqi.net/img/user/", "suffix": "/K2YXXWNRQ2RC1QIE.jpg"}, "homeCity": "Singapore", "lists": {"groups": [{"items": [], "count": 2, "type": "created"}]}}, {"tips": {"count": 4}, "contact": {"twitter": "faisalgiggsy", "facebook": "668581613"}, "firstName": "Faisal", "gender": "male", "lastName": "Giggsy", "id": "1999193", "bio": "", "photo": {"prefix": "https://igx.4sqi.net/img/user/", "suffix": "/N1JS3IMPGVXHBDG2.jpg"}, "homeCity": "470629, Singapore", "lists": {"groups": [{"items": [], "count": 2, "type": "created"}]}}, {"tips": {"count": 7}, "contact": {}, "firstName": "Lynd", "gender": "female", "lastName": "Long", "id": "961806", "bio": "", "photo": {"prefix": "https://igx.4sqi.net/img/user/", "suffix": "/961806-T5IN1QXG0RPZCC0D.jpg"}, "homeCity": "Singapore", "lists": {"groups": [{"items": [], "count": 2, "type": "created"}]}}, {"tips": {"count": 20}, "contact": {"facebook": "1656314540"}, "firstName": "Muhammad", "gender": "male", "lastName": "Khalid", "id": "3390637", "bio": "", "photo": {"prefix": "https://igx.4sqi.net/img/user/", "suffix": "/CLRA2YOC3RRPU1Q4.jpg"}, "homeCity": "Singapore", "lists": {"groups": [{"items": [], "count": 2, "type": "created"}]}}, {"tips": {"count": 0}, "contact": {"facebook": "1780758687"}, "firstName": "recommendby.com", "gender": "none", "id": "1154292", "bio": "", "photo": {"prefix": "https://igx.4sqi.net/img/user/", "suffix": "/B3DLRGSFKNYHQ33D.jpg"}, "homeCity": "Singapore", "lists": {"groups": [{"items": [], "count": 2, "type": "created"}]}}, {"tips": {"count": 3}, "contact": {"twitter": "sinicker", "facebook": "609181090"}, "firstName": "Izuan", "gender": "male", "lastName": "Bagarib", "id": "3699016", "bio": "", "photo": {"prefix": "https://igx.4sqi.net/img/user/", "suffix": "/OLJT3GMGOCT40QLN.jpg"}, "homeCity": "Tampines, Singapore", "lists": {"groups": [{"items": [], "count": 2, "type": "created"}]}}, {"tips": {"count": 0}, "contact": {"twitter": "wordillusion"}, "firstName": "Nurasyikin", "gender": "female", "lastName": "Ishak", "id": "1268442", "bio": "", "photo": {"prefix": "https://igx.4sqi.net/img/user/", "suffix": "/R42DXFCC5K2IHKR5.jpg"}, "homeCity": "Singapore", "lists": {"groups": [{"items": [], "count": 2, "type": "created"}]}}, {"tips": {"count": 0}, "contact": {"twitter": "farhamsha"}, "firstName": "Farhana", "gender": "female", "lastName": "Hamid", "id": "4020073", "bio": "", "photo": {"prefix": "https://igx.4sqi.net/img/user/", "suffix": "/YWUMNCY5AU0AC52Z.jpg"}, "homeCity": "Singapore", "lists": {"groups": [{"items": [], "count": 2, "type": "created"}]}}, {"tips": {"count": 0}, "contact": {}, "firstName": "Mano", "gender": "male", "lastName": "Marzat", "id": "1401099", "bio": "", "photo": {"prefix": "https://igx.4sqi.net/img/user/", "suffix": "/NFMRWZMEYMPSS5IN.jpg"}, "homeCity": "Singapore", "lists": {"groups": [{"items": [], "count": 2, "type": "created"}]}}, {"tips": {"count": 0}, "contact": {"twitter": "vanessahng"}, "firstName": "Vanessa", "gender": "female", "lastName": "Hng", "id": "4143796", "bio": "", "photo": {"prefix": "https://igx.4sqi.net/img/user/", "suffix": "/M2TD2RR3URMJQDGS.jpg"}, "homeCity": "Singapore", "lists": {"groups": [{"items": [], "count": 2, "type": "created"}]}}, {"tips": {"count": 0}, "contact": {"twitter": "acoustiksamurai", "facebook": "706991345"}, "firstName": "Adam", "gender": "male", "lastName": "Abdul Rahim", "id": "1529547", "bio": "", "photo": {"prefix": "https://igx.4sqi.net/img/user/", "suffix": "/JGVRPN10HITIMFJR.jpg"}, "homeCity": "Kensington, NSW", "lists": {"groups": [{"items": [], "count": 2, "type": "created"}]}}, {"tips": {"count": 0}, "contact": {"twitter": "taufiqmachado", "facebook": "691357571"}, "firstName": "taufiq", "gender": "male", "lastName": "machado", "id": "6323732", "bio": "", "photo": {"prefix": "https://igx.4sqi.net/img/user/", "suffix": "/XK40YOBLKBKJICNX.jpg"}, "homeCity": "Singapore", "lists": {"groups": [{"items": [], "count": 2, "type": "created"}]}}, {"tips": {"count": 2}, "contact": {"twitter": "claretron", "facebook": "598052112"}, "firstName": "Clare", "gender": "female", "lastName": "Tan", "id": "2038659", "bio": "", "photo": {"prefix": "https://igx.4sqi.net/img/user/", "suffix": "/KBEID32OMO35NBAG.jpg"}, "homeCity": "Singapore", "lists": {"groups": [{"items": [], "count": 2, "type": "created"}]}}, {"superuser": 2, "tips": {"count": 16}, "contact": {}, "firstName": "Oliver", "gender": "male", "lastName": "Woods", "id": "2267559", "bio": "Kiwi passport. Nomad.", "photo": {"prefix": "https://igx.4sqi.net/img/user/", "suffix": "/TLJMT52JYQ3NCAHT.jpg"}, "homeCity": "Ho Chi Minh City, Vietnam", "lists": {"groups": [{"items": [], "count": 9, "type": "created"}]}}, {"tips": {"count": 1}, "contact": {}, "firstName": "Danny", "gender": "male", "lastName": "Boy", "id": "2420068", "bio": "", "photo": {"prefix": "https://igx.4sqi.net/img/user/", "suffix": "/T1OLIC4NIH5UB4JU.jpg"}, "homeCity": "Singapore", "lists": {"groups": [{"items": [], "count": 2, "type": "created"}]}}, {"tips": {"count": 2}, "contact": {}, "firstName": "Farhana Malek", "gender": "female", "id": "2645416", "bio": "", "photo": {"prefix": "https://igx.4sqi.net/img/user/", "suffix": "/4Z5E2W2X2NDUY34V.jpg"}, "homeCity": "Singapore", "lists": {"groups": [{"items": [], "count": 2, "type": "created"}]}}, {"tips": {"count": 0}, "contact": {}, "firstName": "Firdaua", "gender": "male", "lastName": "Roslan", "id": "2779873", "bio": "", "photo": {"prefix": "https://igx.4sqi.net/img/user/", "suffix": "/blank_boy.png", "default": true}, "homeCity": "Singapore", "lists": {"groups": [{"items": [], "count": 2, "type": "created"}]}}, {"tips": {"count": 0}, "contact": {"facebook": "100000176250852"}, "firstName": "Dee", "gender": "female", "id": "3143837", "bio": "", "photo": {"prefix": "https://igx.4sqi.net/img/user/", "suffix": "/3CKMTP4FQ1SSYZFQ.jpg"}, "homeCity": "Singapore", "lists": {"groups": [{"items": [], "count": 2, "type": "created"}]}}, {"tips": {"count": 1}, "contact": {"twitter": "syafiqrahman", "facebook": "534993053"}, "firstName": "Syafiq", "gender": "male", "lastName": "Rahman", "id": "3404853", "bio": "", "photo": {"prefix": "https://igx.4sqi.net/img/user/", "suffix": "/HBLCA4CD43LGZSIB.jpg"}, "homeCity": "Singapore", "lists": {"groups": [{"items": [], "count": 2, "type": "created"}]}}, {"tips": {"count": 1}, "contact": {"twitter": "reyrockin", "facebook": "753273516"}, "firstName": "Raimi", "gender": "male", "lastName": "Juraimi", "id": "3609253", "bio": "", "photo": {"prefix": "https://igx.4sqi.net/img/user/", "suffix": "/K1MFD0VFMIFTXARB.jpg"}, "homeCity": "Singapore", "lists": {"groups": [{"items": [], "count": 2, "type": "created"}]}}, {"tips": {"count": 5}, "contact": {"twitter": "syukkies", "facebook": "711241517"}, "firstName": "Syukk", "gender": "male", "lastName": "-", "id": "3641110", "bio": "", "photo": {"prefix": "https://igx.4sqi.net/img/user/", "suffix": "/C1PYOYWMKYNNULKP.jpg"}, "homeCity": "Singapore", "lists": {"groups": [{"items": [], "count": 2, "type": "created"}]}}, {"tips": {"count": 0}, "contact": {}, "firstName": "Naes", "gender": "male", "lastName": "Lin", "id": "3816813", "bio": "", "photo": {"prefix": "https://igx.4sqi.net/img/user/", "suffix": "/FWBGMGWPMRHWHP4I.jpg"}, "homeCity": "Singapore", "lists": {"groups": [{"items": [], "count": 2, "type": "created"}]}}, {"tips": {"count": 1}, "contact": {"facebook": "1627994596"}, "firstName": "Arif", "gender": "male", "lastName": "Muhammed", "id": "3984070", "bio": "", "photo": {"prefix": "https://igx.4sqi.net/img/user/", "suffix": "/BXN5X0WFMALHOOZP.jpg"}, "homeCity": "Singapore", "lists": {"groups": [{"items": [], "count": 2, "type": "created"}]}}, {"tips": {"count": 0}, "contact": {}, "firstName": "pangeran", "gender": "male", "lastName": "agung", "id": "4435747", "bio": "", "photo": {"prefix": "https://igx.4sqi.net/img/user/", "suffix": "/N1AL4BUCY1LA4NQT.jpg"}, "homeCity": "majapahit", "lists": {"groups": [{"items": [], "count": 2, "type": "created"}]}}, {"tips": {"count": 0}, "contact": {"twitter": "behindthebasics"}, "firstName": "J", "gender": "female", "id": "5243919", "bio": "", "photo": {"prefix": "https://igx.4sqi.net/img/user/", "suffix": "/LLX1N0URWRJNQPL1.jpg"}, "homeCity": "Singapore", "lists": {"groups": [{"items": [], "count": 2, "type": "created"}]}}, {"tips": {"count": 0}, "contact": {"twitter": "mylalaloves"}, "firstName": "Ifa", "gender": "female", "lastName": "Mylalaloves", "id": "7311658", "bio": "", "photo": {"prefix": "https://igx.4sqi.net/img/user/", "suffix": "/E23SAS3UY3Y0GBEV.jpg"}, "homeCity": "Singapore", "lists": {"groups": [{"items": [], "count": 2, "type": "created"}]}}], "count": 57}, "checksum": "7dba184e97123e989ae1c1f7db7eb98932788489"}, "meta": {"requestId": "596616c36a60711438a94001", "code": 200}}