{"notifications": [{"type": "notificationTray", "item": {"unreadCount": 0}}], "response": {"friends": {"items": [{"tips": {"count": 0}, "contact": {"facebook": "506842959"}, "firstName": "Chase", "gender": "male", "lastName": "Ho", "id": "9495614", "bio": "", "photo": {"prefix": "https://igx.4sqi.net/img/user/", "suffix": "/1SFRWXNOE54YPTD1.jpg"}, "homeCity": "San Francisco, CA", "lists": {"groups": [{"items": [], "count": 2, "type": "created"}]}}, {"tips": {"count": 0}, "contact": {"twitter": "whatsnewalan", "facebook": "1658642372"}, "firstName": "Alan", "gender": "male", "lastName": "Arguelles", "id": "6638310", "bio": "", "photo": {"prefix": "https://igx.4sqi.net/img/user/", "suffix": "/VOZYPJXMIV4IAU5E.jpg"}, "homeCity": "San Francisco, CA", "lists": {"groups": [{"items": [], "count": 2, "type": "created"}]}}, {"tips": {"count": 0}, "contact": {"twitter": "reneezalles", "facebook": "1147629777"}, "firstName": "Renee", "gender": "female", "lastName": "Zalles", "id": "1597428", "bio": "", "photo": {"prefix": "https://igx.4sqi.net/img/user/", "suffix": "/ZDV3GGU2HIEPGUC4.jpg"}, "homeCity": "San Francisco, CA", "lists": {"groups": [{"items": [], "count": 2, "type": "created"}]}}, {"tips": {"count": 62}, "contact": {}, "firstName": "Cassie", "gender": "female", "lastName": "Davis", "id": "7496315", "bio": "", "photo": {"prefix": "https://igx.4sqi.net/img/user/", "suffix": "/NJW2BESEHP5EKKG0.jpg"}, "homeCity": "New York, NY", "lists": {"groups": [{"items": [], "count": 2, "type": "created"}]}}, {"tips": {"count": 0}, "contact": {}, "firstName": "SSENSE", "gender": "none", "id": "5275041", "bio": "", "photo": {"prefix": "https://igx.4sqi.net/img/user/", "suffix": "/ZAI11GRJJHYIPGLU.gif"}, "homeCity": "Montr\u00e9al, Canada", "lists": {"groups": [{"items": [], "count": 2, "type": "created"}]}}, {"tips": {"count": 0}, "contact": {"facebook": "591350375"}, "firstName": "Sylvia", "gender": "female", "lastName": "Saw", "id": "13292111", "bio": "", "photo": {"prefix": "https://igx.4sqi.net/img/user/", "suffix": "/4IP4YUNXPONHT0LE.jpg"}, "homeCity": "Ashburton, Australia", "lists": {"groups": [{"items": [], "count": 2, "type": "created"}]}}, {"tips": {"count": 0}, "contact": {"facebook": "10153411869762744"}, "firstName": "Andrew", "gender": "male", "lastName": "Lee", "id": "21595915", "bio": "", "photo": {"prefix": "https://igx.4sqi.net/img/user/", "suffix": "/blank_boy.png", "default": true}, "homeCity": "Fremont, CA", "lists": {"groups": [{"items": [], "count": 4, "type": "created"}]}}, {"tips": {"count": 0}, "contact": {}, "firstName": "Heather", "gender": "female", "lastName": "Gellert", "id": "7718329", "bio": "", "photo": {"prefix": "https://igx.4sqi.net/img/user/", "suffix": "/CMN4GNLADA3MKM4T.jpg"}, "homeCity": "San Francisco, CA", "lists": {"groups": [{"items": [], "count": 2, "type": "created"}]}}, {"tips": {"count": 8}, "contact": {"twitter": "andrewmixo", "facebook": "559192643"}, "firstName": "Andrew", "gender": "male", "lastName": "Mixo", "id": "2558325", "bio": "Mixologist", "photo": {"prefix": "https://igx.4sqi.net/img/user/", "suffix": "/2558325-00RLVPHMNEGYATIH.jpg"}, "homeCity": "Jurong West, Singapore", "lists": {"groups": [{"items": [], "count": 2, "type": "created"}]}}, {"tips": {"count": 2}, "contact": {"twitter": "cupcakekitty", "facebook": "502449340"}, "firstName": "KAThleen", "gender": "female", "lastName": "KERRY", "id": "2305839", "bio": "", "photo": {"prefix": "https://igx.4sqi.net/img/user/", "suffix": "/J43JSFKX0YTMGS3C.jpg"}, "homeCity": "San Francisco, CA", "lists": {"groups": [{"items": [], "count": 2, "type": "created"}]}}, {"tips": {"count": 0}, "contact": {"twitter": "josie_ng", "facebook": "28005117"}, "firstName": "Josie", "gender": "female", "lastName": "Ng", "id": "759785", "bio": "", "photo": {"prefix": "https://igx.4sqi.net/img/user/", "suffix": "/759785-AJ1OHO4LNPHCIJGI.jpg"}, "homeCity": "New York", "lists": {"groups": [{"items": [], "count": 2, "type": "created"}]}}, {"tips": {"count": 16}, "contact": {"twitter": "shimmershone", "facebook": "518063900"}, "firstName": "Eunice", "gender": "female", "lastName": "Ng", "id": "319207", "bio": "", "photo": {"prefix": "https://igx.4sqi.net/img/user/", "suffix": "/ANCAPVD2TDMPMSO0.jpg"}, "homeCity": "Singapore", "lists": {"groups": [{"items": [], "count": 7, "type": "created"}]}}, {"tips": {"count": 1}, "contact": {"facebook": "521582311"}, "firstName": "Erlina", "gender": "female", "lastName": "Othman", "id": "10522274", "bio": "", "photo": {"prefix": "https://igx.4sqi.net/img/user/", "suffix": "/ARBMWQVX5RFHO2GP.jpg"}, "homeCity": "San Francisco, CA", "lists": {"groups": [{"items": [], "count": 2, "type": "created"}]}}, {"superuser": 2, "tips": {"count": 75}, "contact": {"twitter": "elrolio", "facebook": "19402458"}, "firstName": "Matthew", "gender": "male", "lastName": "Scott", "id": "27327", "bio": "", "photo": {"prefix": "https://igx.4sqi.net/img/user/", "suffix": "/4a718a551cebc.png"}, "homeCity": "San Francisco", "lists": {"groups": [{"items": [], "count": 16, "type": "created"}]}}, {"tips": {"count": 0}, "contact": {"twitter": "noahsays", "facebook": "620640659"}, "firstName": "Noah", "gender": "male", "lastName": "Simon", "id": "1748262", "bio": "", "photo": {"prefix": "https://igx.4sqi.net/img/user/", "suffix": "/YQYYKHIZKS3X304X.jpg"}, "homeCity": "San Francisco, CA", "lists": {"groups": [{"items": [], "count": 2, "type": "created"}]}}, {"tips": {"count": 11}, "contact": {"facebook": "19909274"}, "firstName": "Christian", "gender": "male", "lastName": "Rongavilla", "id": "897367", "bio": "", "photo": {"prefix": "https://igx.4sqi.net/img/user/", "suffix": "/S34TD5PVXATKNDGL.jpg"}, "homeCity": "San Francisco, CA", "lists": {"groups": [{"items": [], "count": 2, "type": "created"}]}}, {"tips": {"count": 19}, "contact": {"twitter": "rabiazshah", "facebook": "692685984"}, "firstName": "Rabia", "gender": "female", "lastName": "Shah", "id": "2500125", "bio": "", "photo": {"prefix": "https://igx.4sqi.net/img/user/", "suffix": "/WDT0IW30KPQM4HEL.jpg"}, "homeCity": "San Francisco, CA", "lists": {"groups": [{"items": [], "count": 4, "type": "created"}]}}, {"tips": {"count": 7}, "contact": {"twitter": "themalama", "facebook": "10101765919999233"}, "firstName": "Janelle", "gender": "female", "lastName": "Malama", "id": "581198", "bio": "", "photo": {"prefix": "https://igx.4sqi.net/img/user/", "suffix": "/581198-2WL1GNGL1XKDVISN.jpg"}, "homeCity": "San Francisco, CA", "lists": {"groups": [{"items": [], "count": 2, "type": "created"}]}}, {"tips": {"count": 2}, "contact": {"facebook": "11711133"}, "firstName": "Jeff", "gender": "male", "lastName": "L", "id": "1301982", "bio": "", "photo": {"prefix": "https://igx.4sqi.net/img/user/", "suffix": "/B2NNGQA2NO4MMRXG.jpg"}, "homeCity": "Millbrae, CA", "lists": {"groups": [{"items": [], "count": 2, "type": "created"}]}}, {"tips": {"count": 0}, "contact": {"facebook": "502175226"}, "firstName": "Sean", "gender": "male", "lastName": "Murray", "id": "13200162", "bio": "", "photo": {"prefix": "https://igx.4sqi.net/img/user/", "suffix": "/IHHXYH0DZIBUTLYW.jpg"}, "homeCity": "San Francisco, CA", "lists": {"groups": [{"items": [], "count": 2, "type": "created"}]}}, {"tips": {"count": 0}, "contact": {"facebook": "514766326"}, "firstName": "Yolanda", "gender": "female", "lastName": "Ma", "id": "9945456", "bio": "", "photo": {"prefix": "https://igx.4sqi.net/img/user/", "suffix": "/COP1L4OCRETLVN2E.jpg"}, "homeCity": "San Francisco, CA", "lists": {"groups": [{"items": [], "count": 2, "type": "created"}]}}, {"tips": {"count": 0}, "contact": {"facebook": "712550397"}, "firstName": "Calista", "gender": "female", "lastName": "Ho", "id": "6749861", "bio": "", "photo": {"prefix": "https://igx.4sqi.net/img/user/", "suffix": "/blank_girl.png", "default": true}, "homeCity": "Perth, Australia", "lists": {"groups": [{"items": [], "count": 2, "type": "created"}]}}, {"tips": {"count": 0}, "contact": {"facebook": "100002479677249"}, "firstName": "AJ", "gender": "male", "lastName": "Ahn", "id": "18915632", "bio": "", "photo": {"prefix": "https://igx.4sqi.net/img/user/", "suffix": "/4SG0M5TV2KSEAMB2.jpg"}, "homeCity": "Unnamed Location", "lists": {"groups": [{"items": [], "count": 2, "type": "created"}]}}, {"tips": {"count": 12}, "contact": {"twitter": "phaedragoh", "facebook": "708085579"}, "firstName": "Phaedra", "gender": "female", "lastName": "Goh", "id": "8496922", "bio": "", "photo": {"prefix": "https://igx.4sqi.net/img/user/", "suffix": "/KMD54EEUKCJQIZ0E.jpg"}, "homeCity": "Sydney, NSW", "lists": {"groups": [{"items": [], "count": 2, "type": "created"}]}}, {"tips": {"count": 0}, "contact": {}, "firstName": "Patty", "gender": "female", "lastName": "Castaneda", "id": "7895832", "bio": "Designer Extraordinaire\r\npattycreates.com", "photo": {"prefix": "https://igx.4sqi.net/img/user/", "suffix": "/HMAFIBXWBFDACXZB.jpg"}, "homeCity": "San Francisco, CA", "lists": {"groups": [{"items": [], "count": 2, "type": "created"}]}}, {"tips": {"count": 0}, "contact": {}, "firstName": "Hunter", "gender": "female", "lastName": "Charoensombut", "id": "8098185", "bio": "", "photo": {"prefix": "https://igx.4sqi.net/img/user/", "suffix": "/blank_girl.png", "default": true}, "homeCity": "New York, NY", "lists": {"groups": [{"items": [], "count": 2, "type": "created"}]}}, {"tips": {"count": 0}, "contact": {"twitter": "mireyasayswhat", "facebook": "561236205"}, "firstName": "Mireya", "gender": "female", "lastName": "Peralez", "id": "1678319", "bio": "", "photo": {"prefix": "https://igx.4sqi.net/img/user/", "suffix": "/IRL3JOMZXH15QG4Q.jpg"}, "homeCity": "San Francisco, CA", "lists": {"groups": [{"items": [], "count": 2, "type": "created"}]}}, {"tips": {"count": 2}, "contact": {}, "firstName": "Chayanee", "gender": "female", "lastName": "N.", "id": "621295", "bio": "", "photo": {"prefix": "https://igx.4sqi.net/img/user/", "suffix": "/621295-ECJW2OAWNBQ2IY4U.jpg"}, "homeCity": "San Francisco, CA", "lists": {"groups": [{"items": [], "count": 4, "type": "created"}]}}, {"tips": {"count": 0}, "contact": {"facebook": "843295006"}, "firstName": "Warissara", "gender": "female", "lastName": "Muangsaen", "id": "73613251", "bio": "", "photo": {"prefix": "https://igx.4sqi.net/img/user/", "suffix": "/73613251-0XJCS35GYOOE3YX2.jpg"}, "homeCity": "New York, New York", "lists": {"groups": [{"items": [], "count": 2, "type": "created"}]}}, {"superuser": 1, "tips": {"count": 3}, "contact": {}, "firstName": "Evgenia", "gender": "female", "lastName": "Valieva", "id": "28110", "bio": "", "photo": {"prefix": "https://igx.4sqi.net/img/user/", "suffix": "/TNSK2NKO3EXHPWCW.jpg"}, "homeCity": "San Francisco, CA", "lists": {"groups": [{"items": [], "count": 5, "type": "created"}]}}, {"tips": {"count": 7}, "contact": {"twitter": "kyulo", "facebook": "10153350004248465"}, "firstName": "K", "gender": "female", "lastName": "Yulo", "id": "959844", "bio": "", "photo": {"prefix": "https://igx.4sqi.net/img/user/", "suffix": "/959844_CVVZYi-I_56PXF4Y3b4uQdhMIL4L7tf0JaAFP8dXNxP8maQGfBXKo1ldDW4ew7j5ClOFuGobA.jpg"}, "homeCity": "San Francisco, CA", "lists": {"groups": [{"items": [], "count": 2, "type": "created"}]}}, {"tips": {"count": 11}, "contact": {"facebook": "590610696"}, "firstName": "nisara", "gender": "female", "lastName": "k", "id": "2512641", "bio": "", "photo": {"prefix": "https://igx.4sqi.net/img/user/", "suffix": "/GJSSSFUN1ZBHUDXV.jpg"}, "homeCity": "San Francisco, CA", "lists": {"groups": [{"items": [], "count": 2, "type": "created"}]}}, {"tips": {"count": 0}, "contact": {}, "firstName": "Grace", "gender": "female", "id": "33992328", "bio": "", "photo": {"prefix": "https://igx.4sqi.net/img/user/", "suffix": "/4K1ALKEGZYTW0FJ1.jpg"}, "homeCity": "New York, NY", "lists": {"groups": [{"items": [], "count": 2, "type": "created"}]}}, {"tips": {"count": 0}, "contact": {}, "firstName": "Aj", "gender": "male", "lastName": "Ahn", "id": "10989436", "bio": "", "photo": {"prefix": "https://igx.4sqi.net/img/user/", "suffix": "/KU3431BLQMTLRN20.jpg"}, "homeCity": "San francisco, CA", "lists": {"groups": [{"items": [], "count": 2, "type": "created"}]}}, {"tips": {"count": 0}, "contact": {"twitter": "pattycreates", "facebook": "1039470013"}, "firstName": "Patty", "gender": "female", "lastName": "Castaneda", "id": "40383390", "bio": "", "photo": {"prefix": "https://igx.4sqi.net/img/user/", "suffix": "/1SQSW3KPIW0GVM1K.jpg"}, "homeCity": "San Francisco, CA", "lists": {"groups": [{"items": [], "count": 2, "type": "created"}]}}, {"tips": {"count": 0}, "contact": {"facebook": "672217316"}, "firstName": "Ivy", "gender": "female", "lastName": "Mazza", "id": "7032262", "bio": "", "photo": {"prefix": "https://igx.4sqi.net/img/user/", "suffix": "/ZJDXHJW3PKYUZ2KM.jpg"}, "homeCity": "Oakland, CA ", "lists": {"groups": [{"items": [], "count": 2, "type": "created"}]}}, {"tips": {"count": 0}, "contact": {}, "firstName": "Amanda", "gender": "female", "lastName": "Chan", "id": "9276642", "bio": "", "photo": {"prefix": "https://igx.4sqi.net/img/user/", "suffix": "/RVOYCRAWRI1B00NS.jpg"}, "homeCity": "Singapore", "lists": {"groups": [{"items": [], "count": 2, "type": "created"}]}}, {"tips": {"count": 0}, "contact": {"facebook": "629705289"}, "firstName": "Jocelyn", "gender": "female", "lastName": "Chua", "id": "8457240", "bio": "", "photo": {"prefix": "https://igx.4sqi.net/img/user/", "suffix": "/DWPTWYOJRG3JTDMZ.jpg"}, "homeCity": "Singapore", "lists": {"groups": [{"items": [], "count": 2, "type": "created"}]}}, {"tips": {"count": 0}, "contact": {"facebook": "571181306"}, "firstName": "Linyu", "gender": "female", "lastName": "Foo", "id": "54245648", "bio": "", "photo": {"prefix": "https://igx.4sqi.net/img/user/", "suffix": "/FJLDFKV4PQEI3YAH.jpg"}, "homeCity": "Manchester, ENG", "lists": {"groups": [{"items": [], "count": 2, "type": "created"}]}}, {"tips": {"count": 715}, "contact": {"twitter": "cmrnmddx", "facebook": "681232008"}, "firstName": "Cameron", "gender": "male", "lastName": "Maddux", "id": "65490", "bio": "www.cameronmaddux.com", "photo": {"prefix": "https://igx.4sqi.net/img/user/", "suffix": "/65490-J0MIDRKGQHSTRHL2"}, "homeCity": "San Francisco, CA", "lists": {"groups": [{"items": [], "count": 11, "type": "created"}]}}, {"tips": {"count": 0}, "contact": {"twitter": "muttyeah", "facebook": "132501545"}, "firstName": "Derek", "gender": "male", "lastName": "Lui", "id": "4159647", "bio": "", "photo": {"prefix": "https://igx.4sqi.net/img/user/", "suffix": "/DOARKZHGZJ5HJIIC.jpg"}, "homeCity": "San Francisco, CA", "lists": {"groups": [{"items": [], "count": 2, "type": "created"}]}}, {"tips": {"count": 10}, "contact": {}, "firstName": "Steph", "gender": "none", "id": "2549494", "bio": "", "photo": {"prefix": "https://igx.4sqi.net/img/user/", "suffix": "/RKLS0DANB1W5DZAE.jpg"}, "homeCity": "Seattle, WA", "lists": {"groups": [{"items": [], "count": 2, "type": "created"}]}}, {"tips": {"count": 0}, "contact": {"facebook": "6026882"}, "firstName": "David", "gender": "male", "lastName": "Lumb", "id": "39559056", "bio": "", "photo": {"prefix": "https://igx.4sqi.net/img/user/", "suffix": "/IGGW1R4DYMY5VHPF.jpg"}, "homeCity": "Brooklyn, NY", "lists": {"groups": [{"items": [], "count": 2, "type": "created"}]}}, {"tips": {"count": 2}, "contact": {"twitter": "gabylinda", "facebook": "517575227"}, "firstName": "Gaby", "gender": "female", "lastName": "Escobar", "id": "465988", "bio": "", "photo": {"prefix": "https://igx.4sqi.net/img/user/", "suffix": "/B3YPICNTDMTO11RU.jpg"}, "homeCity": "San Francisco, CA", "lists": {"groups": [{"items": [], "count": 2, "type": "created"}]}}, {"tips": {"count": 12}, "contact": {"twitter": "astyrred", "facebook": "661552326"}, "firstName": "Shihui", "gender": "female", "lastName": "Pang", "id": "4737967", "bio": "", "photo": {"prefix": "https://igx.4sqi.net/img/user/", "suffix": "/4737967-3KTED5H424K4R0LK.jpg"}, "homeCity": "Singapore", "lists": {"groups": [{"items": [], "count": 2, "type": "created"}]}}, {"tips": {"count": 3}, "contact": {"twitter": "whiptie", "facebook": "6226016"}, "firstName": "Pie", "gender": "female", "lastName": "Charoensombut-amorn", "id": "3280499", "bio": "", "photo": {"prefix": "https://igx.4sqi.net/img/user/", "suffix": "/2KJTDB52TAL1AVVB.jpg"}, "homeCity": "Blacksburg, VA", "lists": {"groups": [{"items": [], "count": 2, "type": "created"}]}}, {"tips": {"count": 2}, "contact": {"twitter": "esteeee", "facebook": "23711244"}, "firstName": "Este", "gender": "female", "lastName": "Serrano", "id": "678867", "bio": "", "photo": {"prefix": "https://igx.4sqi.net/img/user/", "suffix": "/K1P1HSLJDA3G4ZHB.jpg"}, "homeCity": "San Francisco, CA", "lists": {"groups": [{"items": [], "count": 2, "type": "created"}]}}, {"tips": {"count": 709}, "contact": {"twitter": "beedifly", "facebook": "10155204704817074"}, "firstName": "Dora", "gender": "female", "lastName": "Choo", "id": "83608823", "bio": "", "photo": {"prefix": "https://igx.4sqi.net/img/user/", "suffix": "/83608823-WQJ4KTFAVOHFARLI.jpg"}, "homeCity": "", "lists": {"groups": [{"items": [], "count": 2, "type": "created"}]}}, {"tips": {"count": 2}, "contact": {}, "firstName": "Fanny", "gender": "female", "lastName": "Reutersw\u00e4rd", "id": "3384204", "bio": "", "photo": {"prefix": "https://igx.4sqi.net/img/user/", "suffix": "/PNUWTX0P4BPGGAGR.jpg"}, "homeCity": "San Francisco, CA", "lists": {"groups": [{"items": [], "count": 2, "type": "created"}]}}, {"tips": {"count": 2}, "contact": {}, "firstName": "David", "gender": "male", "lastName": "Carney", "id": "1962909", "bio": "", "photo": {"prefix": "https://igx.4sqi.net/img/user/", "suffix": "/JN0JHA0OW4BWM5KT.jpg"}, "homeCity": "San Francisco, CA", "lists": {"groups": [{"items": [], "count": 2, "type": "created"}]}}], "count": 50}, "checksum": "e41d872173a5e89fec065c0c22559ca1dc4460da"}, "meta": {"requestId": "5965bb0d4c1f67702077204c", "code": 200}}