{"notifications": [{"type": "notificationTray", "item": {"unreadCount": 0}}], "meta": {"requestId": "5966f18a6a607115d051eaa1", "code": 200}, "response": {"friends": {"count": 24, "items": [{"id": "7159959", "photo": {"prefix": "https://igx.4sqi.net/img/user/", "default": true, "suffix": "/blank_boy.png"}, "homeCity": "Singapore", "contact": {}, "firstName": "Kelvin", "tips": {"count": 0}, "gender": "male", "lastName": "Yeo", "lists": {"groups": [{"count": 2, "type": "created", "items": []}]}, "bio": ""}, {"id": "11091272", "photo": {"prefix": "https://igx.4sqi.net/img/user/", "suffix": "/H50Q4LTBRL2VTVO0.jpg"}, "homeCity": "Singapore", "contact": {"facebook": "10153405507599927"}, "firstName": "Santi", "tips": {"count": 0}, "gender": "female", "lastName": "Su", "lists": {"groups": [{"count": 3, "type": "created", "items": []}]}, "bio": ""}, {"id": "12141397", "photo": {"prefix": "https://igx.4sqi.net/img/user/", "suffix": "/TLAS05PI0HS0B5MW.jpg"}, "homeCity": "Bandar Lampung, Indonesia", "contact": {"facebook": "1458609294", "twitter": "andryfahrial"}, "firstName": "Andry", "tips": {"count": 0}, "gender": "male", "lastName": "Fahrial", "lists": {"groups": [{"count": 2, "type": "created", "items": []}]}, "bio": ""}, {"id": "1791856", "photo": {"prefix": "https://igx.4sqi.net/img/user/", "suffix": "/DHB22AS0NKSEGAEX.png"}, "homeCity": "Singapore", "contact": {"facebook": "733990439", "twitter": "entropicity"}, "firstName": "Jake", "tips": {"count": 11}, "gender": "male", "lists": {"groups": [{"count": 2, "type": "created", "items": []}]}, "bio": ""}, {"id": "4915739", "photo": {"prefix": "https://igx.4sqi.net/img/user/", "suffix": "/W5GXN5WYXSAIZ1OJ.jpg"}, "homeCity": "Singapore", "contact": {"facebook": "1059495182"}, "firstName": "Daniel", "tips": {"count": 0}, "gender": "male", "lastName": "Tay", "lists": {"groups": [{"count": 2, "type": "created", "items": []}]}, "bio": ""}, {"id": "2494036", "photo": {"prefix": "https://igx.4sqi.net/img/user/", "suffix": "/BVTALZ5QI0443JFT.jpg"}, "homeCity": "Singapore", "contact": {}, "firstName": "Shane", "tips": {"count": 36}, "gender": "female", "lastName": "Goh", "lists": {"groups": [{"count": 2, "type": "created", "items": []}]}, "bio": ""}, {"id": "62653670", "photo": {"prefix": "https://igx.4sqi.net/img/user/", "default": true, "suffix": "/blank_boy.png"}, "homeCity": "Singapore", "contact": {"facebook": "614058011"}, "firstName": "Yu Ming", "tips": {"count": 0}, "gender": "male", "lastName": "Chang", "lists": {"groups": [{"count": 2, "type": "created", "items": []}]}, "bio": ""}, {"id": "999028", "photo": {"prefix": "https://igx.4sqi.net/img/user/", "suffix": "/3TKWRDIVNB5TPQMQ.jpg"}, "homeCity": "Singapore", "contact": {"facebook": "579685324", "twitter": "emenzee"}, "firstName": "Nizam", "tips": {"count": 10}, "gender": "male", "lastName": "Mohd", "lists": {"groups": [{"count": 2, "type": "created", "items": []}]}, "bio": "Spreading the love of gaming through social media..."}, {"id": "49510352", "photo": {"prefix": "https://igx.4sqi.net/img/user/", "suffix": "/TIKTW2WU1LRTXOWH.jpg"}, "homeCity": "Singapore", "contact": {"facebook": "627393882"}, "firstName": "Albee", "tips": {"count": 0}, "gender": "female", "lastName": "Chan", "lists": {"groups": [{"count": 2, "type": "created", "items": []}]}, "bio": ""}, {"id": "7552575", "photo": {"prefix": "https://igx.4sqi.net/img/user/", "suffix": "/4YJ3ONFNZ4GLOC35.jpg"}, "homeCity": "Singapore", "contact": {}, "firstName": "Charlton Hubert", "tips": {"count": 0}, "gender": "male", "lastName": "Ty", "lists": {"groups": [{"count": 2, "type": "created", "items": []}]}, "bio": ""}, {"id": "2043789", "photo": {"prefix": "https://igx.4sqi.net/img/user/", "suffix": "/U0CJRHKTSO053C4R.jpg"}, "homeCity": "Singapore", "contact": {"facebook": "522191626"}, "firstName": "Zedy", "tips": {"count": 0}, "gender": "male", "lastName": "Ng", "lists": {"groups": [{"count": 3, "type": "created", "items": []}]}, "bio": ""}, {"id": "3312653", "photo": {"prefix": "https://igx.4sqi.net/img/user/", "suffix": "/3TXCJ2VJS0MNRXP0.jpg"}, "homeCity": "Singapore", "contact": {}, "firstName": "Wei Jian", "tips": {"count": 0}, "gender": "male", "lastName": "Ng", "lists": {"groups": [{"count": 2, "type": "created", "items": []}]}, "bio": ""}, {"id": "4323307", "photo": {"prefix": "https://igx.4sqi.net/img/user/", "default": true, "suffix": "/blank_boy.png"}, "homeCity": "Singapore", "contact": {}, "firstName": "Wawan", "tips": {"count": 0}, "gender": "male", "lastName": "Saputra", "lists": {"groups": [{"count": 2, "type": "created", "items": []}]}, "bio": ""}, {"id": "2745274", "photo": {"prefix": "https://igx.4sqi.net/img/user/", "suffix": "/NLYUTYURMVBAH3GZ.jpg"}, "homeCity": "Singapore", "contact": {}, "firstName": "Ying Min", "tips": {"count": 29}, "gender": "female", "lists": {"groups": [{"count": 6, "type": "created", "items": []}]}, "bio": ""}, {"id": "5706277", "photo": {"prefix": "https://igx.4sqi.net/img/user/", "suffix": "/IYUPTHF00KMJ14R5.jpg"}, "homeCity": "Seattle", "contact": {"facebook": "13752676"}, "firstName": "Wenvi", "tips": {"count": 5}, "gender": "female", "lastName": "H", "lists": {"groups": [{"count": 5, "type": "created", "items": []}]}, "bio": ""}, {"id": "4819682", "photo": {"prefix": "https://igx.4sqi.net/img/user/", "default": true, "suffix": "/blank_girl.png"}, "homeCity": "Singapore", "contact": {"facebook": "531900115"}, "firstName": "Lim", "tips": {"count": 0}, "gender": "female", "lastName": "Si Ru", "lists": {"groups": [{"count": 2, "type": "created", "items": []}]}, "bio": ""}, {"id": "3373380", "photo": {"prefix": "https://igx.4sqi.net/img/user/", "default": true, "suffix": "/blank_girl.png"}, "homeCity": "Singapore", "contact": {}, "firstName": "Cindy", "tips": {"count": 0}, "gender": "female", "lastName": "Chan", "lists": {"groups": [{"count": 2, "type": "created", "items": []}]}, "bio": ""}, {"id": "3316945", "photo": {"prefix": "https://igx.4sqi.net/img/user/", "suffix": "/N5OGDZ5OQM0SQSXD.jpg"}, "homeCity": "Singapore", "contact": {"facebook": "636083745", "twitter": "rongfang"}, "firstName": "RongFang", "tips": {"count": 0}, "gender": "female", "lastName": "Tan", "lists": {"groups": [{"count": 2, "type": "created", "items": []}]}, "bio": ""}, {"id": "4327599", "photo": {"prefix": "https://igx.4sqi.net/img/user/", "default": true, "suffix": "/blank_boy.png"}, "homeCity": "Singapore", "contact": {"facebook": "746002835"}, "firstName": "Keiko Wayne", "tips": {"count": 0}, "gender": "male", "lastName": "\u5f3a\u5f3a", "lists": {"groups": [{"count": 2, "type": "created", "items": []}]}, "bio": ""}, {"id": "4662667", "photo": {"prefix": "https://igx.4sqi.net/img/user/", "suffix": "/4662667-PLPHAAWCB2JJY0RD"}, "homeCity": "Singapore", "contact": {"facebook": "1345621198", "twitter": "spgradsguild"}, "firstName": "SPGG", "tips": {"count": 0}, "gender": "none", "lists": {"groups": [{"count": 2, "type": "created", "items": []}]}, "bio": "A welcoming environment to unwind, have fun, dine or hold conferences, meetings and celebrations.\r\n\r\nwww.spgg.org.sg"}, {"id": "3643531", "photo": {"prefix": "https://igx.4sqi.net/img/user/", "suffix": "/MQFWEYKQWOWA5CEF.jpg"}, "homeCity": "Singapore", "contact": {}, "firstName": "Mohd wahidin", "tips": {"count": 0}, "gender": "male", "lists": {"groups": [{"count": 2, "type": "created", "items": []}]}, "bio": ""}, {"id": "4696614", "photo": {"prefix": "https://igx.4sqi.net/img/user/", "suffix": "/PXA2CK3U1TW2WCCZ.jpg"}, "homeCity": "Ujungpandang, Indonesia", "contact": {}, "firstName": "Likke", "tips": {"count": 0}, "gender": "none", "lastName": "Tansil", "lists": {"groups": [{"count": 2, "type": "created", "items": []}]}, "bio": ""}, {"id": "3830205", "photo": {"prefix": "https://igx.4sqi.net/img/user/", "default": true, "suffix": "/blank_boy.png"}, "homeCity": "Singapore", "contact": {}, "firstName": "Kelvin", "tips": {"count": 0}, "gender": "male", "lastName": "Seah", "lists": {"groups": [{"count": 2, "type": "created", "items": []}]}, "bio": ""}, {"id": "31247425", "photo": {"prefix": "https://igx.4sqi.net/img/user/", "suffix": "/31247425-RQW3VX1OL0FHJC0J.jpg"}, "homeCity": "Singapore ", "contact": {"facebook": "1778936206"}, "firstName": "James", "tips": {"count": 7}, "gender": "male", "lists": {"groups": [{"count": 2, "type": "created", "items": []}]}, "bio": ""}]}, "checksum": "9590b20c8a25622595166144703b99fb2494db0c"}}