{"notifications": [{"type": "notificationTray", "item": {"unreadCount": 0}}], "response": {"friends": {"items": [{"tips": {"count": 0}, "contact": {"twitter": "bronst", "facebook": "10153844652651672"}, "firstName": "Bronwyn", "gender": "female", "lastName": "Stuckey", "id": "332660", "bio": "", "photo": {"prefix": "https://igx.4sqi.net/img/user/", "suffix": "/MWIACUZMRFCX1KZ2.jpg"}, "homeCity": "Barden Ridge, NSW", "lists": {"groups": [{"items": [], "count": 2, "type": "created"}]}}, {"superuser": 1, "tips": {"count": 1}, "contact": {}, "firstName": "Victor", "gender": "male", "lastName": "Chen", "id": "118759", "bio": "", "photo": {"prefix": "https://igx.4sqi.net/img/user/", "suffix": "/118759_1258985158204.jpg"}, "homeCity": "Singapore, Singapore", "lists": {"groups": [{"items": [], "count": 2, "type": "created"}]}}, {"tips": {"count": 10}, "contact": {"twitter": "zeight17", "facebook": "717818090"}, "firstName": "Zeight", "gender": "male", "lastName": "17", "id": "3409255", "bio": "", "photo": {"prefix": "https://igx.4sqi.net/img/user/", "suffix": "/3409255-WJFGV30ETMY3J3GW.jpg"}, "homeCity": "Singapore", "lists": {"groups": [{"items": [], "count": 2, "type": "created"}]}}, {"tips": {"count": 0}, "contact": {"facebook": "584223699"}, "firstName": "Sarah", "gender": "female", "lastName": "Davis", "id": "259235", "bio": "", "photo": {"prefix": "https://igx.4sqi.net/img/user/", "suffix": "/RA4APFK1JWY0435T.jpg"}, "homeCity": "Singapore", "lists": {"groups": [{"items": [], "count": 2, "type": "created"}]}}], "count": 4}, "checksum": "b1922e6b4bedcad19c0f045ffde1dccc3dd52216"}, "meta": {"requestId": "5965be0edd57972d29b66c4f", "code": 200}}