{"notifications": [{"type": "notificationTray", "item": {"unreadCount": 0}}], "meta": {"requestId": "59670b62db04f528b467cb3f", "code": 200}, "response": {"friends": {"count": 149, "items": [{"id": "1489944", "photo": {"prefix": "https://igx.4sqi.net/img/user/", "default": true, "suffix": "/blank_boy.png"}, "homeCity": "Dover, NH", "contact": {"facebook": "1318341"}, "firstName": "Shaun", "tips": {"count": 0}, "gender": "male", "lastName": "Pack", "lists": {"groups": [{"count": 2, "type": "created", "items": []}]}, "bio": ""}, {"id": "1361813", "photo": {"prefix": "https://igx.4sqi.net/img/user/", "suffix": "/5KTHA30Y43R4EWRE.jpg"}, "homeCity": "Kirkwood, Missouri", "contact": {"facebook": "7403040"}, "firstName": "Garrett", "tips": {"count": 2}, "gender": "male", "lastName": "Moewe", "lists": {"groups": [{"count": 2, "type": "created", "items": []}]}, "bio": ""}, {"id": "281757", "photo": {"prefix": "https://igx.4sqi.net/img/user/", "suffix": "/H41WCKO4HKOCBRSM.jpg"}, "homeCity": "Brooklyn, NY", "contact": {"facebook": "1701068", "twitter": "screensnspokes"}, "firstName": "Sam", "tips": {"count": 8}, "gender": "male", "lastName": "Verrill", "lists": {"groups": [{"count": 12, "type": "created", "items": []}]}, "bio": ""}, {"id": "431331", "photo": {"prefix": "https://igx.4sqi.net/img/user/", "suffix": "/JTUPYZOMWSAYPHOX.jpg"}, "homeCity": "New York, NY", "contact": {"facebook": "2615128"}, "firstName": "Hari Nathan", "tips": {"count": 0}, "gender": "male", "lastName": "Kalyan", "lists": {"groups": [{"count": 2, "type": "created", "items": []}]}, "bio": ""}, {"id": "355752", "photo": {"prefix": "https://igx.4sqi.net/img/user/", "suffix": "/5EM1US0H3QCEDW3P.jpg"}, "homeCity": "Newark, NJ", "contact": {"facebook": "608975730", "twitter": "bphelminski"}, "firstName": "Brian", "tips": {"count": 0}, "gender": "male", "lastName": "Helminski", "lists": {"groups": [{"count": 2, "type": "created", "items": []}]}, "bio": ""}, {"id": "1345478", "photo": {"prefix": "https://igx.4sqi.net/img/user/", "suffix": "/1345478-ECMO0QGNHUUJ4GGY.jpg"}, "homeCity": "Chesapeake Bay", "contact": {"facebook": "700547072"}, "firstName": "Capt Bacon", "tips": {"count": 27}, "gender": "male", "lists": {"groups": [{"count": 3, "type": "created", "items": []}]}, "bio": ""}, {"id": "513096", "photo": {"prefix": "https://igx.4sqi.net/img/user/", "suffix": "/OZF2XBF5NQ4QHXYE.jpg"}, "homeCity": "New York, NY", "contact": {}, "firstName": "Casey", "tips": {"count": 1}, "gender": "female", "lastName": "D", "lists": {"groups": [{"count": 2, "type": "created", "items": []}]}, "bio": ""}, {"id": "1438870", "photo": {"prefix": "https://igx.4sqi.net/img/user/", "default": true, "suffix": "/blank_girl.png"}, "homeCity": "Santa Clara, CA", "contact": {"facebook": "804325"}, "firstName": "Joan", "tips": {"count": 0}, "gender": "female", "lastName": "Marrache", "lists": {"groups": [{"count": 2, "type": "created", "items": []}]}, "bio": ""}, {"id": "2703456", "photo": {"prefix": "https://igx.4sqi.net/img/user/", "suffix": "/NSRQ3Z4C32Q10EHF.jpg"}, "homeCity": "St Louis, MO", "contact": {}, "firstName": "Paul", "tips": {"count": 0}, "gender": "male", "lastName": "Lux", "lists": {"groups": [{"count": 2, "type": "created", "items": []}]}, "bio": ""}, {"id": "1226951", "photo": {"prefix": "https://igx.4sqi.net/img/user/", "suffix": "/JNNE3SKVDID5MMPR.jpg"}, "homeCity": "New York, NY", "contact": {}, "firstName": "Michael", "tips": {"count": 0}, "gender": "male", "lastName": "Kaminowitz", "lists": {"groups": [{"count": 2, "type": "created", "items": []}]}, "bio": ""}, {"id": "196087", "photo": {"prefix": "https://igx.4sqi.net/img/user/", "suffix": "/196087-NZLYS5WNNS5ZZKKK.jpg"}, "homeCity": "Chicago, IL", "contact": {}, "firstName": "Meredith", "tips": {"count": 3}, "gender": "female", "lastName": "Levin", "lists": {"groups": [{"count": 2, "type": "created", "items": []}]}, "bio": ""}, {"id": "1671460", "photo": {"prefix": "https://igx.4sqi.net/img/user/", "suffix": "/BW2GN012TPJ1HY35.jpg"}, "homeCity": "New York, NY", "contact": {"facebook": "404694", "twitter": "ameeshah83"}, "firstName": "Amee", "tips": {"count": 10}, "gender": "female", "lastName": "Shah", "lists": {"groups": [{"count": 2, "type": "created", "items": []}]}, "bio": ""}, {"id": "387452", "photo": {"prefix": "https://igx.4sqi.net/img/user/", "suffix": "/1JTLKQSMR2GVP5SH.jpg"}, "homeCity": "New York, NY", "contact": {"facebook": "10603543"}, "firstName": "peter", "tips": {"count": 3}, "gender": "male", "lastName": "jacobs", "lists": {"groups": [{"count": 2, "type": "created", "items": []}]}, "bio": ""}, {"id": "1780692", "photo": {"prefix": "https://igx.4sqi.net/img/user/", "default": true, "suffix": "/blank_girl.png"}, "homeCity": "New York, NY", "contact": {}, "firstName": "Amanda", "tips": {"count": 0}, "gender": "female", "lastName": "Knauer", "lists": {"groups": [{"count": 2, "type": "created", "items": []}]}, "bio": ""}, {"id": "5414", "photo": {"prefix": "https://igx.4sqi.net/img/user/", "suffix": "/SDSB3U2FFVNI1BQ4.jpg"}, "homeCity": "Williamsburg, Brooklyn, NY", "contact": {"facebook": "2802943", "twitter": "stjohnond"}, "firstName": "St.John", "tips": {"count": 2}, "gender": "male", "lastName": "Dunne", "lists": {"groups": [{"count": 2, "type": "created", "items": []}]}, "bio": ""}, {"id": "731371", "photo": {"prefix": "https://igx.4sqi.net/img/user/", "suffix": "/JIUSG13BHOVKJ4BW.jpg"}, "homeCity": "Somerville, MA", "contact": {}, "firstName": "Patrick", "tips": {"count": 0}, "gender": "male", "lastName": "Hewlett", "lists": {"groups": [{"count": 2, "type": "created", "items": []}]}, "bio": ""}, {"id": "847977", "photo": {"prefix": "https://igx.4sqi.net/img/user/", "suffix": "/RTGBC0PTNEMJJQDH.jpg"}, "homeCity": "New York, NY", "contact": {"facebook": "10101458345625473"}, "firstName": "Blaire", "tips": {"count": 3}, "gender": "female", "lastName": "Fraser", "lists": {"groups": [{"count": 5, "type": "created", "items": []}]}, "bio": ""}, {"id": "221414", "photo": {"prefix": "https://igx.4sqi.net/img/user/", "suffix": "/1S5N1WTX0DUPXGTS.jpg"}, "homeCity": "New York, NY", "contact": {"facebook": "615267"}, "firstName": "Brian", "tips": {"count": 5}, "gender": "male", "lastName": "Laker", "lists": {"groups": [{"count": 2, "type": "created", "items": []}]}, "bio": ""}, {"id": "166288", "photo": {"prefix": "https://igx.4sqi.net/img/user/", "suffix": "/0PD4I2PUH33WPPX4.jpg"}, "homeCity": "Philadelphia, PA", "contact": {"facebook": "29200845", "twitter": "brian_k"}, "firstName": "Brian", "tips": {"count": 0}, "gender": "male", "lists": {"groups": [{"count": 3, "type": "created", "items": []}]}, "bio": ""}, {"id": "2160112", "photo": {"prefix": "https://igx.4sqi.net/img/user/", "default": true, "suffix": "/blank_girl.png"}, "homeCity": "Plano, Texas", "contact": {"facebook": "1010969"}, "firstName": "Liza", "tips": {"count": 0}, "gender": "female", "lastName": "Darnell", "lists": {"groups": [{"count": 2, "type": "created", "items": []}]}, "bio": ""}, {"id": "1439679", "photo": {"prefix": "https://igx.4sqi.net/img/user/", "suffix": "/S03LDDVRG0TX2JQ1.jpg"}, "homeCity": "Atlanta, GA", "contact": {"facebook": "1509748"}, "firstName": "Daniel", "tips": {"count": 2}, "gender": "male", "lists": {"groups": [{"count": 2, "type": "created", "items": []}]}, "bio": ""}, {"id": "2711616", "photo": {"prefix": "https://igx.4sqi.net/img/user/", "suffix": "/2711616-RIEGPF4QJJ3VZFFQ.jpg"}, "homeCity": "New York, NY", "contact": {}, "firstName": "Kristen", "tips": {"count": 0}, "gender": "female", "lastName": "Goodman", "lists": {"groups": [{"count": 2, "type": "created", "items": []}]}, "bio": ""}, {"id": "1611256", "photo": {"prefix": "https://igx.4sqi.net/img/user/", "suffix": "/SPE3F5VBIJQ1WJ0J.jpg"}, "homeCity": "New York, NY", "contact": {}, "firstName": "Brooke", "tips": {"count": 0}, "gender": "none", "lastName": "H", "lists": {"groups": [{"count": 2, "type": "created", "items": []}]}, "bio": ""}, {"id": "1740586", "photo": {"prefix": "https://igx.4sqi.net/img/user/", "suffix": "/P1ECQXDCQUD4IVPO.png"}, "homeCity": "California", "contact": {"facebook": "740969836"}, "firstName": "Joseph Michael", "tips": {"count": 40}, "gender": "male", "lastName": "Scott", "lists": {"groups": [{"count": 21, "type": "created", "items": []}]}, "bio": "Principle Integrated Marketing360. We develop marketing strategies and creative campaigns that leverage the strengths of traditional and non-traditional media."}, {"id": "12008", "photo": {"prefix": "https://igx.4sqi.net/img/user/", "suffix": "/12008_1240924900.jpg"}, "homeCity": "Durham, NC", "contact": {}, "firstName": "Laura", "tips": {"count": 0}, "gender": "female", "lastName": "Brown", "lists": {"groups": [{"count": 2, "type": "created", "items": []}]}, "bio": ""}, {"id": "899832", "photo": {"prefix": "https://igx.4sqi.net/img/user/", "suffix": "/KVSG52N42O4O0ETD.jpg"}, "homeCity": "New York, NY", "contact": {"facebook": "500046934"}, "firstName": "Sean", "tips": {"count": 8}, "gender": "male", "lastName": "L.", "lists": {"groups": [{"count": 2, "type": "created", "items": []}]}, "bio": ""}, {"id": "2603948", "photo": {"prefix": "https://igx.4sqi.net/img/user/", "suffix": "/ENIHHC3502U1T3MU.jpg"}, "homeCity": "Oceanside, NY", "contact": {}, "firstName": "BIZKIT", "tips": {"count": 0}, "gender": "male", "lists": {"groups": [{"count": 2, "type": "created", "items": []}]}, "bio": ""}, {"id": "180915", "photo": {"prefix": "https://igx.4sqi.net/img/user/", "default": true, "suffix": "/blank_girl.png"}, "homeCity": "New York, NY", "contact": {}, "firstName": "Katie", "tips": {"count": 0}, "gender": "female", "lastName": "Smithson", "lists": {"groups": [{"count": 2, "type": "created", "items": []}]}, "bio": ""}, {"id": "2771430", "photo": {"prefix": "https://igx.4sqi.net/img/user/", "suffix": "/ZPN1VXW0LN1ZM13Q.jpg"}, "homeCity": "Texas ", "contact": {"facebook": "1315775124", "twitter": "sarahleetexan"}, "firstName": "Sarah", "tips": {"count": 2}, "gender": "female", "lastName": "Broyles", "lists": {"groups": [{"count": 2, "type": "created", "items": []}]}, "bio": ""}, {"id": "2212632", "photo": {"prefix": "https://igx.4sqi.net/img/user/", "default": true, "suffix": "/blank_girl.png"}, "homeCity": "L.A., CA", "contact": {}, "firstName": "Sara", "tips": {"count": 0}, "gender": "female", "lastName": "Godwin", "lists": {"groups": [{"count": 2, "type": "created", "items": []}]}, "bio": ""}, {"id": "18215", "photo": {"prefix": "https://igx.4sqi.net/img/user/", "suffix": "/18215-WI2UNRBFOKR3NLC0.jpg"}, "homeCity": "London", "contact": {"facebook": "10100827973027239", "twitter": "justonwestern"}, "firstName": "Juston", "tips": {"count": 3}, "gender": "male", "lastName": "Western", "lists": {"groups": [{"count": 3, "type": "created", "items": []}]}, "bio": ""}, {"id": "924794", "photo": {"prefix": "https://igx.4sqi.net/img/user/", "suffix": "/EMLFGD5053QYNA5Z.jpg"}, "homeCity": "daedalusmc@gmail.com", "contact": {"facebook": "2802159"}, "firstName": "Michael", "tips": {"count": 5}, "gender": "male", "lastName": "C", "lists": {"groups": [{"count": 2, "type": "created", "items": []}]}, "bio": ""}, {"id": "2756757", "photo": {"prefix": "https://igx.4sqi.net/img/user/", "suffix": "/BORKCG0PMEGBDXMQ.jpg"}, "homeCity": "Brookline, MA", "contact": {}, "firstName": "Ali", "tips": {"count": 7}, "gender": "female", "lastName": "Blauer", "lists": {"groups": [{"count": 2, "type": "created", "items": []}]}, "bio": ""}, {"id": "1120662", "photo": {"prefix": "https://igx.4sqi.net/img/user/", "suffix": "/VGMDET4H1N2POTKE.jpg"}, "homeCity": "Washington, DC", "contact": {}, "firstName": "Chris", "tips": {"count": 11}, "gender": "male", "lastName": "Tessone", "lists": {"groups": [{"count": 2, "type": "created", "items": []}]}, "bio": ""}, {"id": "2214803", "photo": {"prefix": "https://igx.4sqi.net/img/user/", "default": true, "suffix": "/blank_boy.png"}, "homeCity": "Morrisville, NC", "contact": {"facebook": "500066098"}, "firstName": "Ravi", "tips": {"count": 0}, "gender": "male", "lastName": "Nagar", "lists": {"groups": [{"count": 2, "type": "created", "items": []}]}, "bio": ""}, {"id": "51267", "photo": {"prefix": "https://igx.4sqi.net/img/user/", "suffix": "/PLFLOB5QMK2TIIAK.jpg"}, "homeCity": "Portland, OR", "contact": {}, "firstName": "Abby", "tips": {"count": 0}, "gender": "female", "lastName": "Smith", "lists": {"groups": [{"count": 2, "type": "created", "items": []}]}, "bio": ""}, {"id": "1012580", "photo": {"prefix": "https://igx.4sqi.net/img/user/", "suffix": "/R2AEVZPSRTGSAYHX.jpg"}, "homeCity": "Taguig, PH", "contact": {"twitter": "ongchuaphoto"}, "firstName": "ONGCHUA photography", "tips": {"count": 5}, "gender": "none", "lists": {"groups": [{"count": 2, "type": "created", "items": []}]}, "bio": ""}, {"id": "2824600", "photo": {"prefix": "https://igx.4sqi.net/img/user/", "suffix": "/G3OYUNGSI0HZQSC4.jpg"}, "homeCity": "Miami, FL", "contact": {"facebook": "1327593518", "twitter": "davecosio"}, "firstName": "Dave", "tips": {"count": 9}, "gender": "male", "lastName": "Cosio", "lists": {"groups": [{"count": 2, "type": "created", "items": []}]}, "bio": ""}, {"id": "471430", "photo": {"prefix": "https://igx.4sqi.net/img/user/", "suffix": "/1U0HSRCHAGK0JFFR.jpg"}, "homeCity": "Austin, TX", "contact": {"facebook": "604619", "twitter": "loladailydot"}, "firstName": "Titilola", "tips": {"count": 4}, "gender": "female", "lastName": "Bakare", "lists": {"groups": [{"count": 2, "type": "created", "items": []}]}, "bio": ""}, {"id": "1541751", "photo": {"prefix": "https://igx.4sqi.net/img/user/", "suffix": "/2OIQ0WEELMNJ3VON.jpg"}, "homeCity": "New York, NY", "contact": {"facebook": "682183664"}, "firstName": "Jeff", "tips": {"count": 2}, "gender": "male", "lastName": "Chwast", "lists": {"groups": [{"count": 2, "type": "created", "items": []}]}, "bio": ""}, {"id": "1060009", "photo": {"prefix": "https://igx.4sqi.net/img/user/", "suffix": "/ZVFT5UJND5CKWIBU.jpg"}, "homeCity": "New York, NY", "contact": {"facebook": "2800875", "twitter": "cjammet"}, "firstName": "Christophe", "tips": {"count": 91}, "gender": "male", "lastName": "Jammet", "lists": {"groups": [{"count": 14, "type": "created", "items": []}]}, "bio": "Director of Social @DDGInc, founder of @sparkifycorp, food blogger @rdlteathvy, cyclist, bike racer + promoter @statencx. Loves motorcycles/whiskey/pork/coffee."}, {"id": "1810628", "photo": {"prefix": "https://igx.4sqi.net/img/user/", "suffix": "/BX3IYIVBAGOZQQQI.jpg"}, "homeCity": "Oceanside, New York", "contact": {}, "firstName": "Eric", "tips": {"count": 2}, "gender": "male", "lastName": "Feibusch", "lists": {"groups": [{"count": 2, "type": "created", "items": []}]}, "bio": ""}, {"id": "1469928", "photo": {"prefix": "https://igx.4sqi.net/img/user/", "suffix": "/5NHBEP0UQZJC5MOQ.jpg"}, "homeCity": "New York, NY", "contact": {"facebook": "1300702"}, "firstName": "Joshua", "tips": {"count": 1}, "gender": "male", "lastName": "Makaron", "lists": {"groups": [{"count": 2, "type": "created", "items": []}]}, "bio": ""}, {"id": "1828451", "photo": {"prefix": "https://igx.4sqi.net/img/user/", "suffix": "/54NM3DPZENVKPZPO.jpg"}, "homeCity": "Queens, New York", "contact": {}, "firstName": "Jeffrey", "tips": {"count": 2}, "gender": "male", "lastName": "Chassen", "lists": {"groups": [{"count": 2, "type": "created", "items": []}]}, "bio": ""}, {"id": "1551381", "photo": {"prefix": "https://igx.4sqi.net/img/user/", "suffix": "/1MTQ0SX0C054VA3E.jpg"}, "homeCity": "Ocean City, Maryland", "contact": {"facebook": "653743491"}, "firstName": "Michelle", "tips": {"count": 0}, "gender": "female", "lastName": "Feibusch", "lists": {"groups": [{"count": 2, "type": "created", "items": []}]}, "bio": ""}, {"id": "1977485", "photo": {"prefix": "https://igx.4sqi.net/img/user/", "suffix": "/RDIRCVUBF4HYPQL0.jpg"}, "homeCity": "37064", "contact": {}, "firstName": "Joel", "tips": {"count": 3}, "gender": "male", "lastName": "Barone", "lists": {"groups": [{"count": 2, "type": "created", "items": []}]}, "bio": ""}, {"id": "1564188", "photo": {"prefix": "https://igx.4sqi.net/img/user/", "suffix": "/H1SUWSNI5FKNPSWZ.jpg"}, "homeCity": "London, UK", "contact": {"facebook": "2804224", "twitter": "martinmignot"}, "firstName": "Martin", "tips": {"count": 11}, "gender": "male", "lastName": "Mignot", "lists": {"groups": [{"count": 20, "type": "created", "items": []}]}, "bio": ""}, {"id": "2416530", "photo": {"prefix": "https://igx.4sqi.net/img/user/", "default": true, "suffix": "/blank_boy.png"}, "homeCity": "Durham, NC", "contact": {}, "firstName": "Rishabh", "tips": {"count": 0}, "gender": "male", "lastName": "Jain", "lists": {"groups": [{"count": 2, "type": "created", "items": []}]}, "bio": ""}, {"id": "2428642", "photo": {"prefix": "https://igx.4sqi.net/img/user/", "suffix": "/M1L4ZYJLIANSI2BV.jpg"}, "homeCity": "Cincinnati, OH", "contact": {}, "firstName": "Sean", "tips": {"count": 0}, "gender": "none", "lastName": "Parker", "lists": {"groups": [{"count": 2, "type": "created", "items": []}]}, "bio": ""}]}, "checksum": "b93c827edbc20a850b3d9a2b6bcc900a8892705e"}}