{"notifications": [{"type": "notificationTray", "item": {"unreadCount": 0}}], "meta": {"requestId": "59670b61351e3d47986b870b", "code": 200}, "response": {"friends": {"count": 149, "items": [{"id": "1489944", "photo": {"prefix": "https://igx.4sqi.net/img/user/", "default": true, "suffix": "/blank_boy.png"}, "homeCity": "Dover, NH", "contact": {"facebook": "1318341"}, "firstName": "Shaun", "tips": {"count": 0}, "gender": "male", "lastName": "Pack", "lists": {"groups": [{"count": 2, "type": "created", "items": []}]}, "bio": ""}, {"id": "1361813", "photo": {"prefix": "https://igx.4sqi.net/img/user/", "suffix": "/5KTHA30Y43R4EWRE.jpg"}, "homeCity": "Kirkwood, Missouri", "contact": {"facebook": "7403040"}, "firstName": "Garrett", "tips": {"count": 2}, "gender": "male", "lastName": "Moewe", "lists": {"groups": [{"count": 2, "type": "created", "items": []}]}, "bio": ""}, {"id": "97120192", "photo": {"prefix": "https://igx.4sqi.net/img/user/", "suffix": "/97120192-C5VMEPCQ3DOJ1SZ5.jpg"}, "homeCity": "New York, New York", "contact": {}, "firstName": "Carly", "tips": {"count": 0}, "gender": "female", "lastName": "Maughan", "lists": {"groups": [{"count": 2, "type": "created", "items": []}]}, "bio": ""}, {"id": "6292348", "photo": {"prefix": "https://igx.4sqi.net/img/user/", "suffix": "/QMSHRP5KNHVRQO51.jpg"}, "homeCity": "Los Angeles, CA", "contact": {"facebook": "1054183354"}, "firstName": "stacy", "tips": {"count": 0}, "gender": "female", "lastName": "cox", "lists": {"groups": [{"count": 2, "type": "created", "items": []}]}, "bio": ""}, {"id": "270449", "photo": {"prefix": "https://igx.4sqi.net/img/user/", "suffix": "/SZROFQEEEEGUGOJ1.jpg"}, "homeCity": "Brooklyn, NY", "contact": {"facebook": "573490241", "twitter": "lukehaseloff"}, "firstName": "Luke", "tips": {"count": 56}, "gender": "male", "lastName": "Haseloff", "lists": {"groups": [{"count": 14, "type": "created", "items": []}]}, "bio": ""}, {"id": "431331", "photo": {"prefix": "https://igx.4sqi.net/img/user/", "suffix": "/JTUPYZOMWSAYPHOX.jpg"}, "homeCity": "New York, NY", "contact": {"facebook": "2615128"}, "firstName": "Hari Nathan", "tips": {"count": 0}, "gender": "male", "lastName": "Kalyan", "lists": {"groups": [{"count": 2, "type": "created", "items": []}]}, "bio": ""}, {"id": "355752", "photo": {"prefix": "https://igx.4sqi.net/img/user/", "suffix": "/5EM1US0H3QCEDW3P.jpg"}, "homeCity": "Newark, NJ", "contact": {"facebook": "608975730", "twitter": "bphelminski"}, "firstName": "Brian", "tips": {"count": 0}, "gender": "male", "lastName": "Helminski", "lists": {"groups": [{"count": 2, "type": "created", "items": []}]}, "bio": ""}, {"id": "1328496", "photo": {"prefix": "https://igx.4sqi.net/img/user/", "suffix": "/3DKNAYHRKI1BT3YB.png"}, "homeCity": "Plano, TX", "contact": {}, "firstName": "Brenden", "tips": {"count": 34}, "gender": "male", "lastName": "S", "lists": {"groups": [{"count": 2, "type": "created", "items": []}]}, "bio": ""}, {"id": "1345478", "photo": {"prefix": "https://igx.4sqi.net/img/user/", "suffix": "/1345478-ECMO0QGNHUUJ4GGY.jpg"}, "homeCity": "Chesapeake Bay", "contact": {"facebook": "700547072"}, "firstName": "Capt Bacon", "tips": {"count": 27}, "gender": "male", "lists": {"groups": [{"count": 3, "type": "created", "items": []}]}, "bio": ""}, {"id": "513096", "photo": {"prefix": "https://igx.4sqi.net/img/user/", "suffix": "/OZF2XBF5NQ4QHXYE.jpg"}, "homeCity": "New York, NY", "contact": {}, "firstName": "Casey", "tips": {"count": 1}, "gender": "female", "lastName": "D", "lists": {"groups": [{"count": 2, "type": "created", "items": []}]}, "bio": ""}, {"id": "243397", "photo": {"prefix": "https://igx.4sqi.net/img/user/", "suffix": "/WUUMSI3XJ3WTM2NX.jpg"}, "homeCity": "Seaford, NY", "contact": {"facebook": "1178276723", "twitter": "jselss"}, "firstName": "Jason", "tips": {"count": 28}, "superuser": 4, "gender": "male", "lastName": "Selss", "lists": {"groups": [{"count": 2, "type": "created", "items": []}]}, "bio": ""}, {"id": "7468948", "photo": {"prefix": "https://igx.4sqi.net/img/user/", "suffix": "/B5CEHZH4ND4HKFPB.jpg"}, "homeCity": "Durham, NC", "contact": {"facebook": "697832848"}, "firstName": "Evan", "tips": {"count": 0}, "gender": "male", "lastName": "McCormick", "lists": {"groups": [{"count": 2, "type": "created", "items": []}]}, "bio": ""}, {"id": "2259822", "photo": {"prefix": "https://igx.4sqi.net/img/user/", "suffix": "/D1CDT13FDRWL2RGJ.jpg"}, "homeCity": "New York, NY", "contact": {"twitter": "laurencap56"}, "firstName": "Lauren", "tips": {"count": 0}, "gender": "female", "lastName": "\"LC\"", "lists": {"groups": [{"count": 2, "type": "created", "items": []}]}, "bio": ""}, {"id": "1226951", "photo": {"prefix": "https://igx.4sqi.net/img/user/", "suffix": "/JNNE3SKVDID5MMPR.jpg"}, "homeCity": "New York, NY", "contact": {}, "firstName": "Michael", "tips": {"count": 0}, "gender": "male", "lastName": "Kaminowitz", "lists": {"groups": [{"count": 2, "type": "created", "items": []}]}, "bio": ""}, {"id": "196087", "photo": {"prefix": "https://igx.4sqi.net/img/user/", "suffix": "/196087-NZLYS5WNNS5ZZKKK.jpg"}, "homeCity": "Chicago, IL", "contact": {}, "firstName": "Meredith", "tips": {"count": 3}, "gender": "female", "lastName": "Levin", "lists": {"groups": [{"count": 2, "type": "created", "items": []}]}, "bio": ""}, {"id": "1671460", "photo": {"prefix": "https://igx.4sqi.net/img/user/", "suffix": "/BW2GN012TPJ1HY35.jpg"}, "homeCity": "New York, NY", "contact": {"facebook": "404694", "twitter": "ameeshah83"}, "firstName": "Amee", "tips": {"count": 10}, "gender": "female", "lastName": "Shah", "lists": {"groups": [{"count": 2, "type": "created", "items": []}]}, "bio": ""}, {"id": "95488", "photo": {"prefix": "https://igx.4sqi.net/img/user/", "suffix": "/95488-NQS3PNAQLYIFTSJ0.jpg"}, "homeCity": "New york, Ny", "contact": {"facebook": "5709025", "twitter": "amysho"}, "firstName": "Amy", "tips": {"count": 25}, "gender": "female", "lists": {"groups": [{"count": 2, "type": "created", "items": []}]}, "bio": ""}, {"id": "35638", "photo": {"prefix": "https://igx.4sqi.net/img/user/", "suffix": "/ER103IXQ5U0AXH0N.jpg"}, "homeCity": "New York city", "contact": {"facebook": "1001908364", "twitter": "bmarkweaver"}, "firstName": "Brandon", "tips": {"count": 0}, "gender": "male", "lastName": "Weaver", "lists": {"groups": [{"count": 2, "type": "created", "items": []}]}, "bio": "DIAGEO"}, {"id": "5414", "photo": {"prefix": "https://igx.4sqi.net/img/user/", "suffix": "/SDSB3U2FFVNI1BQ4.jpg"}, "homeCity": "Williamsburg, Brooklyn, NY", "contact": {"facebook": "2802943", "twitter": "stjohnond"}, "firstName": "St.John", "tips": {"count": 2}, "gender": "male", "lastName": "Dunne", "lists": {"groups": [{"count": 2, "type": "created", "items": []}]}, "bio": ""}, {"id": "151092", "photo": {"prefix": "https://igx.4sqi.net/img/user/", "suffix": "/AOWXTTCOENZODY03.jpg"}, "homeCity": "New York, New York", "contact": {"facebook": "507108922", "twitter": "andyinator"}, "firstName": "Andy", "tips": {"count": 8}, "gender": "male", "lastName": "Braunston", "lists": {"groups": [{"count": 3, "type": "created", "items": []}]}, "bio": ""}, {"id": "847977", "photo": {"prefix": "https://igx.4sqi.net/img/user/", "suffix": "/RTGBC0PTNEMJJQDH.jpg"}, "homeCity": "New York, NY", "contact": {"facebook": "10101458345625473"}, "firstName": "Blaire", "tips": {"count": 3}, "gender": "female", "lastName": "Fraser", "lists": {"groups": [{"count": 5, "type": "created", "items": []}]}, "bio": ""}, {"id": "221414", "photo": {"prefix": "https://igx.4sqi.net/img/user/", "suffix": "/1S5N1WTX0DUPXGTS.jpg"}, "homeCity": "New York, NY", "contact": {"facebook": "615267"}, "firstName": "Brian", "tips": {"count": 5}, "gender": "male", "lastName": "Laker", "lists": {"groups": [{"count": 2, "type": "created", "items": []}]}, "bio": ""}, {"id": "32407957", "photo": {"prefix": "https://igx.4sqi.net/img/user/", "default": true, "suffix": "/blank_boy.png"}, "homeCity": "El Paso, TX", "contact": {"facebook": "504882319", "twitter": "ratonduhalt"}, "firstName": "Miguel", "tips": {"count": 0}, "gender": "male", "lists": {"groups": [{"count": 2, "type": "created", "items": []}]}, "bio": ""}, {"id": "166288", "photo": {"prefix": "https://igx.4sqi.net/img/user/", "suffix": "/0PD4I2PUH33WPPX4.jpg"}, "homeCity": "Philadelphia, PA", "contact": {"facebook": "29200845", "twitter": "brian_k"}, "firstName": "Brian", "tips": {"count": 0}, "gender": "male", "lists": {"groups": [{"count": 3, "type": "created", "items": []}]}, "bio": ""}, {"id": "2160112", "photo": {"prefix": "https://igx.4sqi.net/img/user/", "default": true, "suffix": "/blank_girl.png"}, "homeCity": "Plano, Texas", "contact": {"facebook": "1010969"}, "firstName": "Liza", "tips": {"count": 0}, "gender": "female", "lastName": "Darnell", "lists": {"groups": [{"count": 2, "type": "created", "items": []}]}, "bio": ""}, {"id": "16266645", "photo": {"prefix": "https://igx.4sqi.net/img/user/", "default": true, "suffix": "/blank_boy.png"}, "homeCity": "VA", "contact": {}, "firstName": "Firoozeh", "tips": {"count": 0}, "gender": "none", "lastName": "Mofakhami", "lists": {"groups": [{"count": 2, "type": "created", "items": []}]}, "bio": ""}, {"id": "6901924", "photo": {"prefix": "https://igx.4sqi.net/img/user/", "suffix": "/IZMQUA1B02PRS4MT.jpg"}, "homeCity": "Howell, NJ", "contact": {"facebook": "1429099474", "twitter": "david_albertson"}, "firstName": "Dave", "tips": {"count": 18}, "gender": "male", "lastName": "Albertson", "lists": {"groups": [{"count": 2, "type": "created", "items": []}]}, "bio": ""}, {"id": "281757", "photo": {"prefix": "https://igx.4sqi.net/img/user/", "suffix": "/H41WCKO4HKOCBRSM.jpg"}, "homeCity": "Brooklyn, NY", "contact": {"facebook": "1701068", "twitter": "screensnspokes"}, "firstName": "Sam", "tips": {"count": 8}, "gender": "male", "lastName": "Verrill", "lists": {"groups": [{"count": 12, "type": "created", "items": []}]}, "bio": ""}, {"id": "35565629", "photo": {"prefix": "https://igx.4sqi.net/img/user/", "suffix": "/D0MZGJO1PYFP0B1K.jpg"}, "homeCity": "Lima Province", "contact": {"facebook": "2811507"}, "firstName": "Fernando", "tips": {"count": 0}, "gender": "male", "lastName": "Hurtado", "lists": {"groups": [{"count": 2, "type": "created", "items": []}]}, "bio": ""}, {"id": "6618588", "photo": {"prefix": "https://igx.4sqi.net/img/user/", "suffix": "/NP3Y4JRSYR2PPVAS.jpg"}, "homeCity": "Delray Beach, FL", "contact": {}, "firstName": "Feverish", "tips": {"count": 2}, "gender": "female", "lastName": "Ice Cream", "lists": {"groups": [{"count": 2, "type": "created", "items": []}]}, "bio": ""}, {"id": "7987851", "photo": {"prefix": "https://igx.4sqi.net/img/user/", "suffix": "/BE5INRURCEBXLPL5.jpg"}, "homeCity": "New York, NY", "contact": {"facebook": "602080576", "twitter": "ms_productions"}, "firstName": "MS", "tips": {"count": 0}, "gender": "male", "lastName": "PRODUCTIONS", "lists": {"groups": [{"count": 4, "type": "created", "items": []}]}, "bio": "Events & free birthday parties @ Body Lounge, Club Allure, Mamajuana Cafe Queens & UWS, Crimson, Ventanas Lounge - Managed by Manny | www.MSproductions.com"}, {"id": "8039941", "photo": {"prefix": "https://igx.4sqi.net/img/user/", "suffix": "/HVHYCZ1RSAAT4MOH.jpg"}, "homeCity": "New York, NY", "contact": {"facebook": "8101407", "twitter": "jennasigman"}, "firstName": "Jenna", "tips": {"count": 0}, "gender": "female", "lastName": "Sigman", "lists": {"groups": [{"count": 2, "type": "created", "items": []}]}, "bio": ""}, {"id": "11477714", "photo": {"prefix": "https://igx.4sqi.net/img/user/", "suffix": "/XXAAXL3SMS0SP1E2.jpg"}, "homeCity": "NY", "contact": {}, "firstName": "Matthew", "tips": {"count": 0}, "gender": "male", "lastName": "Walsh", "lists": {"groups": [{"count": 2, "type": "created", "items": []}]}, "bio": ""}, {"id": "1438870", "photo": {"prefix": "https://igx.4sqi.net/img/user/", "default": true, "suffix": "/blank_girl.png"}, "homeCity": "Santa Clara, CA", "contact": {"facebook": "804325"}, "firstName": "Joan", "tips": {"count": 0}, "gender": "female", "lastName": "Marrache", "lists": {"groups": [{"count": 2, "type": "created", "items": []}]}, "bio": ""}, {"id": "25079469", "photo": {"prefix": "https://igx.4sqi.net/img/user/", "default": true, "suffix": "/blank_girl.png"}, "homeCity": "New York, NY", "contact": {"facebook": "512904641"}, "firstName": "Mili", "tips": {"count": 0}, "gender": "female", "lastName": "Doshi", "lists": {"groups": [{"count": 2, "type": "created", "items": []}]}, "bio": ""}, {"id": "2294089", "photo": {"prefix": "https://igx.4sqi.net/img/user/", "suffix": "/2294089-JVE0BHUALSCKWBIX.jpg"}, "homeCity": "Dallas, TX", "contact": {}, "firstName": "Syreeta", "tips": {"count": 12}, "gender": "female", "lastName": "Thomas", "lists": {"groups": [{"count": 2, "type": "created", "items": []}]}, "bio": ""}, {"id": "1611256", "photo": {"prefix": "https://igx.4sqi.net/img/user/", "suffix": "/SPE3F5VBIJQ1WJ0J.jpg"}, "homeCity": "New York, NY", "contact": {}, "firstName": "Brooke", "tips": {"count": 0}, "gender": "none", "lastName": "H", "lists": {"groups": [{"count": 2, "type": "created", "items": []}]}, "bio": ""}, {"id": "1740586", "photo": {"prefix": "https://igx.4sqi.net/img/user/", "suffix": "/P1ECQXDCQUD4IVPO.png"}, "homeCity": "California", "contact": {"facebook": "740969836"}, "firstName": "Joseph Michael", "tips": {"count": 40}, "gender": "male", "lastName": "Scott", "lists": {"groups": [{"count": 21, "type": "created", "items": []}]}, "bio": "Principle Integrated Marketing360. We develop marketing strategies and creative campaigns that leverage the strengths of traditional and non-traditional media."}, {"id": "387452", "photo": {"prefix": "https://igx.4sqi.net/img/user/", "suffix": "/1JTLKQSMR2GVP5SH.jpg"}, "homeCity": "New York, NY", "contact": {"facebook": "10603543"}, "firstName": "peter", "tips": {"count": 3}, "gender": "male", "lastName": "jacobs", "lists": {"groups": [{"count": 2, "type": "created", "items": []}]}, "bio": ""}, {"id": "803018", "photo": {"prefix": "https://igx.4sqi.net/img/user/", "suffix": "/GM3PRQPPB2LMFD0U.jpg"}, "homeCity": "Norwalk, Connecticut", "contact": {"facebook": "579292213", "twitter": "mkraft"}, "firstName": "Matthew", "tips": {"count": 1}, "gender": "male", "lastName": "Kraft", "lists": {"groups": [{"count": 2, "type": "created", "items": []}]}, "bio": ""}, {"id": "12008", "photo": {"prefix": "https://igx.4sqi.net/img/user/", "suffix": "/12008_1240924900.jpg"}, "homeCity": "Durham, NC", "contact": {}, "firstName": "Laura", "tips": {"count": 0}, "gender": "female", "lastName": "Brown", "lists": {"groups": [{"count": 2, "type": "created", "items": []}]}, "bio": ""}, {"id": "716567", "photo": {"prefix": "https://igx.4sqi.net/img/user/", "suffix": "/TPHT1BI20DNWWULX.jpg"}, "homeCity": "New York, NY", "contact": {"facebook": "675195867", "twitter": "aribgold"}, "firstName": "Ari", "tips": {"count": 2}, "gender": "male", "lastName": "Goldstein", "lists": {"groups": [{"count": 3, "type": "created", "items": []}]}, "bio": "Pay it Forward\r\n\u201cBe the change you want to see in the world.\u201d"}, {"id": "857544", "photo": {"prefix": "https://igx.4sqi.net/img/user/", "suffix": "/857544-FZFOODPYQUWWVQPO.jpg"}, "homeCity": "NJ/NY", "contact": {}, "firstName": "Madhubabu", "tips": {"count": 1}, "gender": "male", "lastName": "G.", "lists": {"groups": [{"count": 3, "type": "created", "items": []}]}, "bio": ""}, {"id": "2603948", "photo": {"prefix": "https://igx.4sqi.net/img/user/", "suffix": "/ENIHHC3502U1T3MU.jpg"}, "homeCity": "Oceanside, NY", "contact": {}, "firstName": "BIZKIT", "tips": {"count": 0}, "gender": "male", "lists": {"groups": [{"count": 2, "type": "created", "items": []}]}, "bio": ""}, {"id": "60164235", "photo": {"prefix": "https://igx.4sqi.net/img/user/", "suffix": "/PRFHMXELQ5QD4PR3.jpg"}, "homeCity": "Santa Monica, CA", "contact": {"facebook": "10102195057978092", "twitter": "dcohen927"}, "firstName": "Dan", "tips": {"count": 1}, "gender": "male", "lastName": "Cohen", "lists": {"groups": [{"count": 2, "type": "created", "items": []}]}, "bio": ""}, {"id": "167113", "photo": {"prefix": "https://igx.4sqi.net/img/user/", "suffix": "/HHTJHH1RJONVVIZP.gif"}, "homeCity": "Raleigh-Durham, NC", "contact": {"facebook": "5703054"}, "firstName": "Jake", "tips": {"count": 5}, "gender": "male", "lastName": "Kiser", "lists": {"groups": [{"count": 2, "type": "created", "items": []}]}, "bio": ""}, {"id": "6946178", "photo": {"prefix": "https://igx.4sqi.net/img/user/", "suffix": "/BBBHS1F0GB30NLQS.jpg"}, "homeCity": "Cheltenham", "contact": {"facebook": "1024979200849028", "twitter": "salsadelsol"}, "firstName": "DJ Thomas", "tips": {"count": 50}, "gender": "male", "lastName": "Melendez", "lists": {"groups": [{"count": 18, "type": "created", "items": []}]}, "bio": "Wedding Entertainment for your special day\r\nWeekly Salsa Classes Cheltenham Gloucestershire\r\nhttp://salsadelsol.co.uk/salsa-lessons"}, {"id": "6844699", "photo": {"prefix": "https://igx.4sqi.net/img/user/", "suffix": "/ALBL2YNUA4U43E4Y.jpg"}, "homeCity": "Durham, NC", "contact": {}, "firstName": "Sidewalk", "tips": {"count": 2}, "gender": "none", "lists": {"groups": [{"count": 2, "type": "created", "items": []}]}, "bio": ""}, {"id": "36453064", "photo": {"prefix": "https://igx.4sqi.net/img/user/", "suffix": "/XLZA4P4PEMKDE3QZ.jpg"}, "homeCity": "New York", "contact": {"facebook": "575439034"}, "firstName": "Andrea", "tips": {"count": 2}, "gender": "female", "lastName": "Arden", "lists": {"groups": [{"count": 4, "type": "created", "items": []}]}, "bio": "Director of Andrea Arden Dog Training in NYC, Author, Animal Planet Pet Expert."}, {"id": "11101582", "photo": {"prefix": "https://igx.4sqi.net/img/user/", "default": true, "suffix": "/blank_girl.png"}, "homeCity": "NYC", "contact": {"facebook": "7200042", "twitter": "jflisek"}, "firstName": "Jessica", "tips": {"count": 0}, "gender": "female", "lastName": "Flisek", "lists": {"groups": [{"count": 2, "type": "created", "items": []}]}, "bio": ""}, {"id": "10036269", "photo": {"prefix": "https://igx.4sqi.net/img/user/", "suffix": "/FYDF02F4LFVFQ5ND.jpg"}, "homeCity": "i be where i at", "contact": {"facebook": "9802515"}, "firstName": "Daniel", "tips": {"count": 1}, "gender": "male", "lastName": "Stern", "lists": {"groups": [{"count": 2, "type": "created", "items": []}]}, "bio": ""}, {"id": "10787582", "photo": {"prefix": "https://igx.4sqi.net/img/user/", "suffix": "/10787582-MBXVKCHSPOM1VVZ1"}, "homeCity": "Worldwide \u2708", "contact": {"facebook": "100002494865871", "twitter": "bonnovanderputt"}, "firstName": "Bonno", "tips": {"count": 3}, "gender": "male", "lastName": "van der Putten", "lists": {"groups": [{"count": 2, "type": "created", "items": []}]}, "bio": "Bonno van der Putten is one of the founding Partners of Monarch Capital and chairs the Investment and Management Committees of the firm."}, {"id": "120963640", "photo": {"prefix": "https://igx.4sqi.net/img/user/", "suffix": "/120963640-Q4LBAJXVNUCMLSB5.jpg"}, "homeCity": "London, United Kingdom", "contact": {}, "firstName": "Adam", "tips": {"count": 0}, "gender": "male", "lastName": "Mirels", "lists": {"groups": [{"count": 6, "type": "created", "items": []}]}, "bio": ""}, {"id": "1439679", "photo": {"prefix": "https://igx.4sqi.net/img/user/", "suffix": "/S03LDDVRG0TX2JQ1.jpg"}, "homeCity": "Atlanta, GA", "contact": {"facebook": "1509748"}, "firstName": "Daniel", "tips": {"count": 2}, "gender": "male", "lists": {"groups": [{"count": 2, "type": "created", "items": []}]}, "bio": ""}, {"id": "2351018", "photo": {"prefix": "https://igx.4sqi.net/img/user/", "suffix": "/1LYMPLM5LN12PNSZ.jpg"}, "homeCity": "New York, NY", "contact": {"facebook": "6101911", "twitter": "mattybills"}, "firstName": "Matthew", "tips": {"count": 0}, "gender": "male", "lastName": "Billias", "lists": {"groups": [{"count": 2, "type": "created", "items": []}]}, "bio": ""}, {"id": "2212632", "photo": {"prefix": "https://igx.4sqi.net/img/user/", "default": true, "suffix": "/blank_girl.png"}, "homeCity": "L.A., CA", "contact": {}, "firstName": "Sara", "tips": {"count": 0}, "gender": "female", "lastName": "Godwin", "lists": {"groups": [{"count": 2, "type": "created", "items": []}]}, "bio": ""}, {"id": "55676225", "photo": {"prefix": "https://igx.4sqi.net/img/user/", "default": true, "suffix": "/blank_girl.png"}, "homeCity": "New York", "contact": {}, "firstName": "Rebecca", "tips": {"count": 0}, "gender": "female", "lastName": "Thompson", "lists": {"groups": [{"count": 2, "type": "created", "items": []}]}, "bio": "Who am I to judge me? :P"}, {"id": "4789316", "photo": {"prefix": "https://igx.4sqi.net/img/user/", "suffix": "/PAI13TM21XRCKRSV.jpg"}, "homeCity": "Durham, NC", "contact": {"facebook": "1000561", "twitter": "asharpin"}, "firstName": "Andrew", "tips": {"count": 0}, "gender": "male", "lastName": "Sharpin", "lists": {"groups": [{"count": 2, "type": "created", "items": []}]}, "bio": ""}, {"id": "1780692", "photo": {"prefix": "https://igx.4sqi.net/img/user/", "default": true, "suffix": "/blank_girl.png"}, "homeCity": "New York, NY", "contact": {}, "firstName": "Amanda", "tips": {"count": 0}, "gender": "female", "lastName": "Knauer", "lists": {"groups": [{"count": 2, "type": "created", "items": []}]}, "bio": ""}, {"id": "13889", "photo": {"prefix": "https://igx.4sqi.net/img/user/", "suffix": "/DTAQYEVUSEUPKL0I.jpg"}, "homeCity": "New York, NY", "contact": {}, "firstName": "Brendan", "tips": {"count": 0}, "gender": "male", "lastName": "Heegan", "lists": {"groups": [{"count": 2, "type": "created", "items": []}]}, "bio": ""}, {"id": "728313", "photo": {"prefix": "https://igx.4sqi.net/img/user/", "suffix": "/0QO1CHCHYEWYQ0IB.jpg"}, "homeCity": "New York, NY", "contact": {"facebook": "539142600", "twitter": "grantter"}, "firstName": "Grant", "tips": {"count": 0}, "gender": "male", "lastName": "Bleecher", "lists": {"groups": [{"count": 2, "type": "created", "items": []}]}, "bio": ""}, {"id": "899832", "photo": {"prefix": "https://igx.4sqi.net/img/user/", "suffix": "/KVSG52N42O4O0ETD.jpg"}, "homeCity": "New York, NY", "contact": {"facebook": "500046934"}, "firstName": "Sean", "tips": {"count": 8}, "gender": "male", "lastName": "L.", "lists": {"groups": [{"count": 2, "type": "created", "items": []}]}, "bio": ""}, {"id": "2756757", "photo": {"prefix": "https://igx.4sqi.net/img/user/", "suffix": "/BORKCG0PMEGBDXMQ.jpg"}, "homeCity": "Brookline, MA", "contact": {}, "firstName": "Ali", "tips": {"count": 7}, "gender": "female", "lastName": "Blauer", "lists": {"groups": [{"count": 2, "type": "created", "items": []}]}, "bio": ""}, {"id": "180915", "photo": {"prefix": "https://igx.4sqi.net/img/user/", "default": true, "suffix": "/blank_girl.png"}, "homeCity": "New York, NY", "contact": {}, "firstName": "Katie", "tips": {"count": 0}, "gender": "female", "lastName": "Smithson", "lists": {"groups": [{"count": 2, "type": "created", "items": []}]}, "bio": ""}, {"id": "6951168", "photo": {"prefix": "https://igx.4sqi.net/img/user/", "suffix": "/VDH5WKL3HMEXCXOR.jpg"}, "homeCity": "NY, NY", "contact": {"facebook": "657284560"}, "firstName": "Belinda", "tips": {"count": 5}, "gender": "female", "lastName": "Martin", "lists": {"groups": [{"count": 2, "type": "created", "items": []}]}, "bio": ""}, {"id": "7032466", "photo": {"prefix": "https://igx.4sqi.net/img/user/", "suffix": "/3GHJK4UY4WMNDMOG.jpg"}, "homeCity": "Los Angeles, CA", "contact": {"facebook": "10153141855733413"}, "firstName": "KayDotNicole", "tips": {"count": 2}, "gender": "female", "lists": {"groups": [{"count": 2, "type": "created", "items": []}]}, "bio": ""}, {"id": "38061490", "photo": {"prefix": "https://igx.4sqi.net/img/user/", "suffix": "/5ES34QFHURPI45IJ.jpg"}, "homeCity": "New York, NY", "contact": {}, "firstName": "Michael", "tips": {"count": 2}, "gender": "male", "lists": {"groups": [{"count": 2, "type": "created", "items": []}]}, "bio": ""}, {"id": "58472088", "photo": {"prefix": "https://igx.4sqi.net/img/user/", "default": true, "suffix": "/blank_boy.png"}, "homeCity": "New Orleans, LA", "contact": {"facebook": "2806093", "twitter": "iambigjon"}, "firstName": "Jonathan", "tips": {"count": 0}, "gender": "male", "lastName": "Jefferson", "lists": {"groups": [{"count": 2, "type": "created", "items": []}]}, "bio": ""}, {"id": "11245092", "photo": {"prefix": "https://igx.4sqi.net/img/user/", "suffix": "/3HWIFWSNMFWV11N2.jpg"}, "homeCity": "Durham, NC", "contact": {"facebook": "816490172"}, "firstName": "Emily", "tips": {"count": 0}, "gender": "female", "lastName": "Stey", "lists": {"groups": [{"count": 2, "type": "created", "items": []}]}, "bio": ""}, {"id": "24344063", "photo": {"prefix": "https://igx.4sqi.net/img/user/", "suffix": "/DFQF1TYXFS3JYEM2.jpg"}, "homeCity": "New York", "contact": {"twitter": "jimsias"}, "firstName": "Jim", "tips": {"count": 1}, "gender": "male", "lastName": "Sias", "lists": {"groups": [{"count": 2, "type": "created", "items": []}]}, "bio": ""}, {"id": "24869455", "photo": {"prefix": "https://igx.4sqi.net/img/user/", "suffix": "/BW54TAGVY2S1UKXJ.jpg"}, "homeCity": "Oceanside, NY", "contact": {"facebook": "100000110430033"}, "firstName": "Michael", "tips": {"count": 1}, "gender": "male", "lastName": "Mitchell", "lists": {"groups": [{"count": 2, "type": "created", "items": []}]}, "bio": ""}, {"id": "2703456", "photo": {"prefix": "https://igx.4sqi.net/img/user/", "suffix": "/NSRQ3Z4C32Q10EHF.jpg"}, "homeCity": "St Louis, MO", "contact": {}, "firstName": "Paul", "tips": {"count": 0}, "gender": "male", "lastName": "Lux", "lists": {"groups": [{"count": 2, "type": "created", "items": []}]}, "bio": ""}, {"id": "2214803", "photo": {"prefix": "https://igx.4sqi.net/img/user/", "default": true, "suffix": "/blank_boy.png"}, "homeCity": "Morrisville, NC", "contact": {"facebook": "500066098"}, "firstName": "Ravi", "tips": {"count": 0}, "gender": "male", "lastName": "Nagar", "lists": {"groups": [{"count": 2, "type": "created", "items": []}]}, "bio": ""}, {"id": "18215", "photo": {"prefix": "https://igx.4sqi.net/img/user/", "suffix": "/18215-WI2UNRBFOKR3NLC0.jpg"}, "homeCity": "London", "contact": {"facebook": "10100827973027239", "twitter": "justonwestern"}, "firstName": "Juston", "tips": {"count": 3}, "gender": "male", "lastName": "Western", "lists": {"groups": [{"count": 3, "type": "created", "items": []}]}, "bio": ""}, {"id": "731371", "photo": {"prefix": "https://igx.4sqi.net/img/user/", "suffix": "/JIUSG13BHOVKJ4BW.jpg"}, "homeCity": "Somerville, MA", "contact": {}, "firstName": "Patrick", "tips": {"count": 0}, "gender": "male", "lastName": "Hewlett", "lists": {"groups": [{"count": 2, "type": "created", "items": []}]}, "bio": ""}, {"id": "924794", "photo": {"prefix": "https://igx.4sqi.net/img/user/", "suffix": "/EMLFGD5053QYNA5Z.jpg"}, "homeCity": "daedalusmc@gmail.com", "contact": {"facebook": "2802159"}, "firstName": "Michael", "tips": {"count": 5}, "gender": "male", "lastName": "C", "lists": {"groups": [{"count": 2, "type": "created", "items": []}]}, "bio": ""}, {"id": "2814824", "photo": {"prefix": "https://igx.4sqi.net/img/user/", "suffix": "/2814824-WWPCVWAXHFN43UON.jpg"}, "homeCity": " QUEENS BIDGE NY .", "contact": {}, "firstName": "DONJJQF", "tips": {"count": 2}, "gender": "male", "lastName": "DONJJQF", "lists": {"groups": [{"count": 2, "type": "created", "items": []}]}, "bio": ""}, {"id": "1120662", "photo": {"prefix": "https://igx.4sqi.net/img/user/", "suffix": "/VGMDET4H1N2POTKE.jpg"}, "homeCity": "Washington, DC", "contact": {}, "firstName": "Chris", "tips": {"count": 11}, "gender": "male", "lastName": "Tessone", "lists": {"groups": [{"count": 2, "type": "created", "items": []}]}, "bio": ""}, {"id": "6980464", "photo": {"prefix": "https://igx.4sqi.net/img/user/", "suffix": "/6980464-VZBXLQHXMMIS4Q4Q.jpg"}, "homeCity": "New York ,ny", "contact": {"facebook": "10153699631206702"}, "firstName": "Neil", "tips": {"count": 0}, "gender": "male", "lastName": "Advani", "lists": {"groups": [{"count": 7, "type": "created", "items": []}]}, "bio": ""}, {"id": "7061826", "photo": {"prefix": "https://igx.4sqi.net/img/user/", "suffix": "/V5BLMSO1WZPJZARC.jpg"}, "homeCity": "\u5343\u8449\u5e02\u7f8e\u6d5c\u533a, \u65e5\u672c", "contact": {"facebook": "100001956918371"}, "firstName": "Hideo", "tips": {"count": 3}, "gender": "male", "lastName": "F.", "lists": {"groups": [{"count": 3, "type": "created", "items": []}]}, "bio": ""}, {"id": "38491175", "photo": {"prefix": "https://igx.4sqi.net/img/user/", "suffix": "/RIHOYGVHOYNW4WTP.jpg"}, "homeCity": "East Granby, CT", "contact": {"facebook": "550891982"}, "firstName": "Darren", "tips": {"count": 0}, "gender": "male", "lastName": "Buskirk", "lists": {"groups": [{"count": 2, "type": "created", "items": []}]}, "bio": ""}, {"id": "12289551", "photo": {"prefix": "https://igx.4sqi.net/img/user/", "default": true, "suffix": "/blank_girl.png"}, "homeCity": "New York, NY", "contact": {"facebook": "620180261"}, "firstName": "Ahna", "tips": {"count": 0}, "gender": "female", "lastName": "Blessing-Moore", "lists": {"groups": [{"count": 2, "type": "created", "items": []}]}, "bio": ""}, {"id": "2711616", "photo": {"prefix": "https://igx.4sqi.net/img/user/", "suffix": "/2711616-RIEGPF4QJJ3VZFFQ.jpg"}, "homeCity": "New York, NY", "contact": {}, "firstName": "Kristen", "tips": {"count": 0}, "gender": "female", "lastName": "Goodman", "lists": {"groups": [{"count": 2, "type": "created", "items": []}]}, "bio": ""}, {"id": "4503834", "photo": {"prefix": "https://igx.4sqi.net/img/user/", "suffix": "/0Q0GM4EJIYHSXSQ0.jpg"}, "homeCity": "New York, NY", "contact": {"facebook": "9302716", "twitter": "tinanyc"}, "firstName": "Tina", "tips": {"count": 0}, "gender": "female", "lastName": "Clabbers", "lists": {"groups": [{"count": 2, "type": "created", "items": []}]}, "bio": ""}, {"id": "20090", "photo": {"prefix": "https://igx.4sqi.net/img/user/", "suffix": "/20090-M3NBTLZMPSOJGK4Z.jpg"}, "homeCity": "Winston-Salem, NC", "contact": {"facebook": "2712251", "twitter": "jeffmarkman"}, "firstName": "Jeff", "tips": {"count": 7}, "superuser": 1, "gender": "male", "lastName": "Markman", "lists": {"groups": [{"count": 2, "type": "created", "items": []}]}, "bio": ""}, {"id": "7562821", "photo": {"prefix": "https://igx.4sqi.net/img/user/", "suffix": "/5T51A2XZ5HJDEVID.jpg"}, "homeCity": "Washington D.C., DC", "contact": {"facebook": "753220943"}, "firstName": "Courtney", "tips": {"count": 0}, "gender": "female", "lastName": "Herbold", "lists": {"groups": [{"count": 3, "type": "created", "items": []}]}, "bio": ""}, {"id": "1012580", "photo": {"prefix": "https://igx.4sqi.net/img/user/", "suffix": "/R2AEVZPSRTGSAYHX.jpg"}, "homeCity": "Taguig, PH", "contact": {"twitter": "ongchuaphoto"}, "firstName": "ONGCHUA photography", "tips": {"count": 5}, "gender": "none", "lists": {"groups": [{"count": 2, "type": "created", "items": []}]}, "bio": ""}, {"id": "2824600", "photo": {"prefix": "https://igx.4sqi.net/img/user/", "suffix": "/G3OYUNGSI0HZQSC4.jpg"}, "homeCity": "Miami, FL", "contact": {"facebook": "1327593518", "twitter": "davecosio"}, "firstName": "Dave", "tips": {"count": 9}, "gender": "male", "lastName": "Cosio", "lists": {"groups": [{"count": 2, "type": "created", "items": []}]}, "bio": ""}, {"id": "29347501", "photo": {"prefix": "https://igx.4sqi.net/img/user/", "suffix": "/5UR3PZCFM0UYI013.jpg"}, "homeCity": "Des Plaines, IL", "contact": {"facebook": "540573026"}, "firstName": "Allison", "tips": {"count": 0}, "gender": "female", "lastName": "Markham", "lists": {"groups": [{"count": 2, "type": "created", "items": []}]}, "bio": ""}, {"id": "11381145", "photo": {"prefix": "https://igx.4sqi.net/img/user/", "suffix": "/EWNIFCYUOTA3FIWI.jpg"}, "homeCity": "Houston, TX", "contact": {"facebook": "10106132510746180"}, "firstName": "sadia", "tips": {"count": 0}, "gender": "female", "lists": {"groups": [{"count": 2, "type": "created", "items": []}]}, "bio": ""}, {"id": "7154200", "photo": {"prefix": "https://igx.4sqi.net/img/user/", "default": true, "suffix": "/blank_boy.png"}, "homeCity": "Miami Beach, FL", "contact": {}, "firstName": "Brandon", "tips": {"count": 0}, "gender": "male", "lastName": "Kaplan", "lists": {"groups": [{"count": 2, "type": "created", "items": []}]}, "bio": ""}, {"id": "17277580", "photo": {"prefix": "https://igx.4sqi.net/img/user/", "suffix": "/DCVB3TKR31VCPI2Q.jpg"}, "homeCity": "Eugene, OR", "contact": {"facebook": "11507450", "twitter": "ethanholub"}, "firstName": "Ethan", "tips": {"count": 545}, "gender": "male", "lastName": "Holub", "lists": {"groups": [{"count": 2, "type": "created", "items": []}]}, "bio": ""}, {"id": "2771430", "photo": {"prefix": "https://igx.4sqi.net/img/user/", "suffix": "/ZPN1VXW0LN1ZM13Q.jpg"}, "homeCity": "Texas ", "contact": {"facebook": "1315775124", "twitter": "sarahleetexan"}, "firstName": "Sarah", "tips": {"count": 2}, "gender": "female", "lastName": "Broyles", "lists": {"groups": [{"count": 2, "type": "created", "items": []}]}, "bio": ""}, {"id": "14134750", "photo": {"prefix": "https://igx.4sqi.net/img/user/", "default": true, "suffix": "/blank_boy.png"}, "homeCity": "Durham, NC", "contact": {}, "firstName": "Steve", "tips": {"count": 0}, "gender": "male", "lastName": "Callahan", "lists": {"groups": [{"count": 2, "type": "created", "items": []}]}, "bio": ""}, {"id": "51267", "photo": {"prefix": "https://igx.4sqi.net/img/user/", "suffix": "/PLFLOB5QMK2TIIAK.jpg"}, "homeCity": "Portland, OR", "contact": {}, "firstName": "Abby", "tips": {"count": 0}, "gender": "female", "lastName": "Smith", "lists": {"groups": [{"count": 2, "type": "created", "items": []}]}, "bio": ""}, {"id": "86139496", "photo": {"prefix": "https://igx.4sqi.net/img/user/", "suffix": "/86139496-1YW3HFJ2Q3YMQSX4.jpg"}, "homeCity": "New York", "contact": {"facebook": "15700037", "twitter": "meredithjill"}, "firstName": "Meredith", "tips": {"count": 0}, "gender": "female", "lastName": "McAssey", "lists": {"groups": [{"count": 2, "type": "created", "items": []}]}, "bio": ""}, {"id": "1398453", "photo": {"prefix": "https://igx.4sqi.net/img/user/", "suffix": "/1XBXIM3UV0FSFOKL.jpg"}, "homeCity": "New York, NY", "contact": {"facebook": "810867865691141", "twitter": "appetiteforgood"}, "firstName": "Appetite for Good", "tips": {"count": 34}, "gender": "none", "lists": {"groups": [{"count": 2, "type": "created", "items": []}]}, "bio": ""}, {"id": "6376784", "photo": {"prefix": "https://igx.4sqi.net/img/user/", "suffix": "/3HI1REHXIXS2WNAU.jpg"}, "homeCity": "Atlanta, GA", "contact": {"facebook": "667716377"}, "firstName": "Thomas", "tips": {"count": 0}, "gender": "male", "lastName": "Day", "lists": {"groups": [{"count": 2, "type": "created", "items": []}]}, "bio": ""}, {"id": "59544539", "photo": {"prefix": "https://igx.4sqi.net/img/user/", "default": true, "suffix": "/blank_boy.png"}, "homeCity": "New Orleans, LA", "contact": {"facebook": "2805488"}, "firstName": "Joe", "tips": {"count": 1}, "gender": "male", "lastName": "Seremet", "lists": {"groups": [{"count": 2, "type": "created", "items": []}]}, "bio": ""}, {"id": "12493406", "photo": {"prefix": "https://igx.4sqi.net/img/user/", "suffix": "/LOYJOKUXWJEFGWN4.jpg"}, "homeCity": "Madrid, Espa\u00f1a", "contact": {"facebook": "2801687", "twitter": "patitoduke"}, "firstName": "Hilary", "tips": {"count": 2}, "gender": "female", "lastName": "Ryan", "lists": {"groups": [{"count": 2, "type": "created", "items": []}]}, "bio": ""}, {"id": "8639177", "photo": {"prefix": "https://igx.4sqi.net/img/user/", "suffix": "/DSQLJSVWGBU55U2N.jpg"}, "homeCity": "NY", "contact": {"facebook": "601111"}, "firstName": "Lisa", "tips": {"count": 0}, "gender": "none", "lastName": "Chang", "lists": {"groups": [{"count": 2, "type": "created", "items": []}]}, "bio": ""}, {"id": "17383100", "photo": {"prefix": "https://igx.4sqi.net/img/user/", "default": true, "suffix": "/blank_boy.png"}, "homeCity": "Houston, TX", "contact": {"facebook": "1099252880"}, "firstName": "Preston", "tips": {"count": 0}, "gender": "male", "lastName": "Ochsner", "lists": {"groups": [{"count": 2, "type": "created", "items": []}]}, "bio": ""}, {"id": "3603771", "photo": {"prefix": "https://igx.4sqi.net/img/user/", "suffix": "/OLNTYUVLBLK35E4J.jpg"}, "homeCity": "New York, NY", "contact": {"facebook": "2801520"}, "firstName": "Marisa", "tips": {"count": 16}, "gender": "female", "lastName": "Moss", "lists": {"groups": [{"count": 2, "type": "created", "items": []}]}, "bio": ""}, {"id": "72628", "photo": {"prefix": "https://igx.4sqi.net/img/user/", "suffix": "/72628-UUKO1E1VOICNBBS2.jpg"}, "homeCity": "New York, NY", "contact": {"facebook": "547260093", "twitter": "davidsrayner"}, "firstName": "David", "tips": {"count": 32}, "gender": "male", "lastName": "Rayner", "lists": {"groups": [{"count": 2, "type": "created", "items": []}]}, "bio": ""}, {"id": "87506029", "photo": {"prefix": "https://igx.4sqi.net/img/user/", "suffix": "/87506029-RSDG2KC5WKKPNVAA.jpg"}, "homeCity": "Islip, NY", "contact": {"facebook": "8102268"}, "firstName": "John", "tips": {"count": 0}, "gender": "male", "lastName": "Fellin", "lists": {"groups": [{"count": 2, "type": "created", "items": []}]}, "bio": ""}, {"id": "1541751", "photo": {"prefix": "https://igx.4sqi.net/img/user/", "suffix": "/2OIQ0WEELMNJ3VON.jpg"}, "homeCity": "New York, NY", "contact": {"facebook": "682183664"}, "firstName": "Jeff", "tips": {"count": 2}, "gender": "male", "lastName": "Chwast", "lists": {"groups": [{"count": 2, "type": "created", "items": []}]}, "bio": ""}, {"id": "20614159", "photo": {"prefix": "https://igx.4sqi.net/img/user/", "suffix": "/24LCSLUUMAOD23E3.jpg"}, "homeCity": "New York, NY", "contact": {"facebook": "8701119"}, "firstName": "Katie", "tips": {"count": 0}, "gender": "female", "lastName": "Grace", "lists": {"groups": [{"count": 2, "type": "created", "items": []}]}, "bio": ""}, {"id": "84015819", "photo": {"prefix": "https://igx.4sqi.net/img/user/", "suffix": "/84015819-RFGNEMKLELHXADWO.jpg"}, "homeCity": "New York, NY", "contact": {}, "firstName": "Anuj", "tips": {"count": 0}, "gender": "male", "lastName": "Patel", "lists": {"groups": [{"count": 2, "type": "created", "items": []}]}, "bio": ""}, {"id": "34793180", "photo": {"prefix": "https://igx.4sqi.net/img/user/", "suffix": "/34793180-QYQKOL3QWY3IPMM0.jpg"}, "homeCity": "New York, NY", "contact": {}, "firstName": "Elissa", "tips": {"count": 19}, "gender": "female", "lastName": "Burnell", "lists": {"groups": [{"count": 2, "type": "created", "items": []}]}, "bio": ""}, {"id": "10245028", "photo": {"prefix": "https://igx.4sqi.net/img/user/", "suffix": "/10245028-JAFI20PHEU4UTLGC.jpg"}, "homeCity": "Arlington, MA", "contact": {"facebook": "10100811582868249", "twitter": "mcalisterdrive"}, "firstName": "Christoph", "tips": {"count": 2}, "gender": "male", "lastName": "Krey", "lists": {"groups": [{"count": 2, "type": "created", "items": []}]}, "bio": ""}, {"id": "17699363", "photo": {"prefix": "https://igx.4sqi.net/img/user/", "suffix": "/NTJHZM2OCO1WE3N3.jpg"}, "homeCity": "Chicago, IL", "contact": {"facebook": "5608863", "twitter": "irishbk84"}, "firstName": "brendan", "tips": {"count": 0}, "gender": "male", "lastName": "k", "lists": {"groups": [{"count": 2, "type": "created", "items": []}]}, "bio": ""}, {"id": "9886592", "photo": {"prefix": "https://igx.4sqi.net/img/user/", "default": true, "suffix": "/blank_girl.png"}, "homeCity": "Boston, MA", "contact": {}, "firstName": "Cait", "tips": {"count": 1}, "gender": "female", "lastName": "Kennedy", "lists": {"groups": [{"count": 5, "type": "created", "items": []}]}, "bio": ""}, {"id": "73499", "photo": {"prefix": "https://igx.4sqi.net/img/user/", "suffix": "/73499-JJFDFMQLU2O3HKLZ.jpg"}, "homeCity": "Brooklyn, NY", "contact": {"facebook": "649720000", "twitter": "joncronin"}, "firstName": "Jon", "tips": {"count": 54}, "superuser": 1, "gender": "male", "lastName": "Cronin", "lists": {"groups": [{"count": 16, "type": "created", "items": []}]}, "bio": "Brooklyn Life."}, {"id": "1810628", "photo": {"prefix": "https://igx.4sqi.net/img/user/", "suffix": "/BX3IYIVBAGOZQQQI.jpg"}, "homeCity": "Oceanside, New York", "contact": {}, "firstName": "Eric", "tips": {"count": 2}, "gender": "male", "lastName": "Feibusch", "lists": {"groups": [{"count": 2, "type": "created", "items": []}]}, "bio": ""}, {"id": "39045705", "photo": {"prefix": "https://igx.4sqi.net/img/user/", "suffix": "/GHOYCWN0DZLSI0FU.jpg"}, "homeCity": "Hartford, CT", "contact": {"facebook": "4000278"}, "firstName": "Alexis", "tips": {"count": 0}, "gender": "female", "lastName": "Johnston", "lists": {"groups": [{"count": 2, "type": "created", "items": []}]}, "bio": ""}, {"id": "11867448", "photo": {"prefix": "https://igx.4sqi.net/img/user/", "suffix": "/OI5IU1YOAN5EXHOP.jpg"}, "homeCity": "Chicago, IL", "contact": {"facebook": "592358610"}, "firstName": "Susannah", "tips": {"count": 1}, "gender": "female", "lastName": "Filbert", "lists": {"groups": [{"count": 2, "type": "created", "items": []}]}, "bio": ""}, {"id": "31562149", "photo": {"prefix": "https://igx.4sqi.net/img/user/", "suffix": "/XRWWRRTL0VBMUWKC.png"}, "homeCity": "New York, NY", "contact": {"facebook": "2804902", "twitter": "ruffclubnyc"}, "firstName": "Ruff Club", "tips": {"count": 1}, "gender": "none", "lists": {"groups": [{"count": 2, "type": "created", "items": []}]}, "bio": "Dog-friendly social club // www.RuffClub.com"}, {"id": "14173688", "photo": {"prefix": "https://igx.4sqi.net/img/user/", "suffix": "/2XPLOAK3FTAEOFUG.jpg"}, "homeCity": "NY", "contact": {"facebook": "1042315718"}, "firstName": "Frankie", "tips": {"count": 0}, "gender": "male", "lastName": "LaBella", "lists": {"groups": [{"count": 2, "type": "created", "items": []}]}, "bio": ""}, {"id": "113993", "photo": {"prefix": "https://igx.4sqi.net/img/user/", "suffix": "/GN1P3IS0XYGMSEKW.gif"}, "homeCity": "Chicago, Illinois", "contact": {}, "firstName": "thatat", "tips": {"count": 0}, "gender": "none", "lastName": "I", "lists": {"groups": [{"count": 2, "type": "created", "items": []}]}, "bio": ""}, {"id": "1828451", "photo": {"prefix": "https://igx.4sqi.net/img/user/", "suffix": "/54NM3DPZENVKPZPO.jpg"}, "homeCity": "Queens, New York", "contact": {}, "firstName": "Jeffrey", "tips": {"count": 2}, "gender": "male", "lastName": "Chassen", "lists": {"groups": [{"count": 2, "type": "created", "items": []}]}, "bio": ""}, {"id": "14646068", "photo": {"prefix": "https://igx.4sqi.net/img/user/", "suffix": "/41RZDPGJ0YJ1D4QY.jpg"}, "homeCity": "Helsinki, Finland", "contact": {}, "firstName": "Dirk", "tips": {"count": 7}, "gender": "male", "lastName": "S", "lists": {"groups": [{"count": 2, "type": "created", "items": []}]}, "bio": ""}, {"id": "55315965", "photo": {"prefix": "https://igx.4sqi.net/img/user/", "suffix": "/KRZH5YRHBNPR0MVC.jpg"}, "homeCity": "Brooklyn, NY", "contact": {"facebook": "1566661549", "twitter": "kidglyde"}, "firstName": "Victor", "tips": {"count": 3}, "gender": "male", "lastName": "Alicea", "lists": {"groups": [{"count": 2, "type": "created", "items": []}]}, "bio": ""}, {"id": "43377288", "photo": {"prefix": "https://igx.4sqi.net/img/user/", "default": true, "suffix": "/blank_girl.png"}, "homeCity": "Cincinnati, OH", "contact": {}, "firstName": "Carolyn", "tips": {"count": 0}, "gender": "female", "lastName": "Heller", "lists": {"groups": [{"count": 2, "type": "created", "items": []}]}, "bio": ""}, {"id": "143316", "photo": {"prefix": "https://igx.4sqi.net/img/user/", "suffix": "/VG0G5IEFO2MJMSFS.jpg"}, "homeCity": "Atlanta, GA, United States", "contact": {"facebook": "10153015255892116", "twitter": "saintteresa"}, "firstName": "Teresa", "tips": {"count": 53}, "gender": "female", "lastName": "Greenlees", "lists": {"groups": [{"count": 4, "type": "created", "items": []}]}, "bio": ""}, {"id": "1872709", "photo": {"prefix": "https://igx.4sqi.net/img/user/", "suffix": "/BGRBT3NDIMHFGEYB.jpg"}, "homeCity": "White Plains, NY", "contact": {"facebook": "1497007342", "twitter": "inkling72"}, "firstName": "Derrick", "tips": {"count": 21}, "gender": "male", "lastName": "Ruprecht", "lists": {"groups": [{"count": 4, "type": "created", "items": []}]}, "bio": ""}, {"id": "56133904", "photo": {"prefix": "https://igx.4sqi.net/img/user/", "suffix": "/V0GW5Z152ARLRJCY.jpg"}, "homeCity": "Massapequa, New York", "contact": {"facebook": "882415194", "twitter": "brianzeidman"}, "firstName": "Brian", "tips": {"count": 2}, "gender": "male", "lastName": "Zeidman", "lists": {"groups": [{"count": 2, "type": "created", "items": []}]}, "bio": ""}, {"id": "471430", "photo": {"prefix": "https://igx.4sqi.net/img/user/", "suffix": "/1U0HSRCHAGK0JFFR.jpg"}, "homeCity": "Austin, TX", "contact": {"facebook": "604619", "twitter": "loladailydot"}, "firstName": "Titilola", "tips": {"count": 4}, "gender": "female", "lastName": "Bakare", "lists": {"groups": [{"count": 2, "type": "created", "items": []}]}, "bio": ""}, {"id": "1977485", "photo": {"prefix": "https://igx.4sqi.net/img/user/", "suffix": "/RDIRCVUBF4HYPQL0.jpg"}, "homeCity": "37064", "contact": {}, "firstName": "Joel", "tips": {"count": 3}, "gender": "male", "lastName": "Barone", "lists": {"groups": [{"count": 2, "type": "created", "items": []}]}, "bio": ""}, {"id": "479800", "photo": {"prefix": "https://igx.4sqi.net/img/user/", "suffix": "/PO11FEPTICHLJEWW.jpg"}, "homeCity": "Clearwater, FL", "contact": {"twitter": "sack_u"}, "firstName": "JP", "tips": {"count": 20}, "gender": "male", "lastName": "M.", "lists": {"groups": [{"count": 2, "type": "created", "items": []}]}, "bio": ""}, {"id": "2183551", "photo": {"prefix": "https://igx.4sqi.net/img/user/", "suffix": "/5PPU5ESCAQTYMKJU.jpg"}, "homeCity": "New York, NY", "contact": {"facebook": "608238"}, "firstName": "Christine", "tips": {"count": 0}, "gender": "female", "lastName": "Z", "lists": {"groups": [{"count": 2, "type": "created", "items": []}]}, "bio": ""}, {"id": "545595", "photo": {"prefix": "https://igx.4sqi.net/img/user/", "suffix": "/N0LI54GL0T0V3GZV.jpg"}, "homeCity": "Pittsburgh, PA", "contact": {"facebook": "907708", "twitter": "jessicaaryan"}, "firstName": "Jess", "tips": {"count": 4}, "gender": "female", "lastName": "Ryan", "lists": {"groups": [{"count": 2, "type": "created", "items": []}]}, "bio": ""}, {"id": "2401140", "photo": {"prefix": "https://igx.4sqi.net/img/user/", "suffix": "/2401140-SOQ2AXJNEPJCMTQ3.jpg"}, "homeCity": "Long beach", "contact": {}, "firstName": "Eric", "tips": {"count": 3}, "gender": "male", "lists": {"groups": [{"count": 2, "type": "created", "items": []}]}, "bio": ""}, {"id": "1060009", "photo": {"prefix": "https://igx.4sqi.net/img/user/", "suffix": "/ZVFT5UJND5CKWIBU.jpg"}, "homeCity": "New York, NY", "contact": {"facebook": "2800875", "twitter": "cjammet"}, "firstName": "Christophe", "tips": {"count": 91}, "gender": "male", "lastName": "Jammet", "lists": {"groups": [{"count": 14, "type": "created", "items": []}]}, "bio": "Director of Social @DDGInc, founder of @sparkifycorp, food blogger @rdlteathvy, cyclist, bike racer + promoter @statencx. Loves motorcycles/whiskey/pork/coffee."}, {"id": "2416530", "photo": {"prefix": "https://igx.4sqi.net/img/user/", "default": true, "suffix": "/blank_boy.png"}, "homeCity": "Durham, NC", "contact": {}, "firstName": "Rishabh", "tips": {"count": 0}, "gender": "male", "lastName": "Jain", "lists": {"groups": [{"count": 2, "type": "created", "items": []}]}, "bio": ""}, {"id": "1469928", "photo": {"prefix": "https://igx.4sqi.net/img/user/", "suffix": "/5NHBEP0UQZJC5MOQ.jpg"}, "homeCity": "New York, NY", "contact": {"facebook": "1300702"}, "firstName": "Joshua", "tips": {"count": 1}, "gender": "male", "lastName": "Makaron", "lists": {"groups": [{"count": 2, "type": "created", "items": []}]}, "bio": ""}, {"id": "2416596", "photo": {"prefix": "https://igx.4sqi.net/img/user/", "suffix": "/2416596-U1QCOVWY2ZAU24A0.jpg"}, "homeCity": "New York, NY", "contact": {}, "firstName": "Steve", "tips": {"count": 22}, "gender": "male", "lastName": "Maybo", "lists": {"groups": [{"count": 33, "type": "created", "items": []}]}, "bio": ""}, {"id": "1551381", "photo": {"prefix": "https://igx.4sqi.net/img/user/", "suffix": "/1MTQ0SX0C054VA3E.jpg"}, "homeCity": "Ocean City, Maryland", "contact": {"facebook": "653743491"}, "firstName": "Michelle", "tips": {"count": 0}, "gender": "female", "lastName": "Feibusch", "lists": {"groups": [{"count": 2, "type": "created", "items": []}]}, "bio": ""}, {"id": "2428642", "photo": {"prefix": "https://igx.4sqi.net/img/user/", "suffix": "/M1L4ZYJLIANSI2BV.jpg"}, "homeCity": "Cincinnati, OH", "contact": {}, "firstName": "Sean", "tips": {"count": 0}, "gender": "none", "lastName": "Parker", "lists": {"groups": [{"count": 2, "type": "created", "items": []}]}, "bio": ""}, {"id": "1564188", "photo": {"prefix": "https://igx.4sqi.net/img/user/", "suffix": "/H1SUWSNI5FKNPSWZ.jpg"}, "homeCity": "London, UK", "contact": {"facebook": "2804224", "twitter": "martinmignot"}, "firstName": "Martin", "tips": {"count": 11}, "gender": "male", "lastName": "Mignot", "lists": {"groups": [{"count": 20, "type": "created", "items": []}]}, "bio": ""}, {"id": "3217673", "photo": {"prefix": "https://igx.4sqi.net/img/user/", "suffix": "/04YDXJ0FDR52JU33.png"}, "homeCity": "New York, NY", "contact": {"facebook": "10022229"}, "firstName": "Ricardo", "tips": {"count": 3}, "gender": "male", "lastName": "Vasquez", "lists": {"groups": [{"count": 7, "type": "created", "items": []}]}, "bio": ""}, {"id": "1769657", "photo": {"prefix": "https://igx.4sqi.net/img/user/", "suffix": "/VYAQTGCDY13IX42Z.jpg"}, "homeCity": "New York, NY", "contact": {"facebook": "6302552", "twitter": "adamarkon"}, "firstName": "Adam", "tips": {"count": 3}, "gender": "male", "lastName": "Khan", "lists": {"groups": [{"count": 2, "type": "created", "items": []}]}, "bio": ""}, {"id": "3229719", "photo": {"prefix": "https://igx.4sqi.net/img/user/", "suffix": "/TTJ5N0KDT5DYCVNL.jpg"}, "homeCity": "Ithaca, NY", "contact": {"facebook": "2803831"}, "firstName": "Adam", "tips": {"count": 6}, "gender": "male", "lastName": "Burke", "lists": {"groups": [{"count": 2, "type": "created", "items": []}]}, "bio": ""}, {"id": "7776469", "photo": {"prefix": "https://igx.4sqi.net/img/user/", "suffix": "/XE5F3NZM545I4ZGX.jpg"}, "homeCity": "Bloomingdale, IL", "contact": {"facebook": "1026678480", "twitter": "fredmcmurray"}, "firstName": "Fred", "tips": {"count": 2}, "gender": "male", "lastName": "McMurray", "lists": {"groups": [{"count": 2, "type": "created", "items": []}]}, "bio": "Connector of People, CTO of Mediavine Marketing, CTO of LinkedLocalNetwork.com, B2B & Not For Profit Social Media Strategist"}, {"id": "3686163", "photo": {"prefix": "https://igx.4sqi.net/img/user/", "suffix": "/133PWLWUQ5BGAG1S.jpg"}, "homeCity": "New York, NY", "contact": {"facebook": "15703121"}, "firstName": "Joshua", "tips": {"count": 8}, "gender": "male", "lastName": "Seff", "lists": {"groups": [{"count": 3, "type": "created", "items": []}]}, "bio": ""}, {"id": "8548630", "photo": {"prefix": "https://igx.4sqi.net/img/user/", "suffix": "/NCDFKJ1PVBV44VCE.jpg"}, "homeCity": "Jacksonville, FL", "contact": {}, "firstName": "Anthony", "tips": {"count": 0}, "gender": "male", "lastName": "P", "lists": {"groups": [{"count": 3, "type": "created", "items": []}]}, "bio": ""}, {"id": "3817555", "photo": {"prefix": "https://igx.4sqi.net/img/user/", "suffix": "/1BXLNVPLJDYFQUD1.jpg"}, "homeCity": "New York, NY", "contact": {"facebook": "18906476", "twitter": "giannucciny"}, "firstName": "Giuseppe", "tips": {"count": 0}, "gender": "male", "lastName": "Iannucci", "lists": {"groups": [{"count": 2, "type": "created", "items": []}]}, "bio": ""}, {"id": "16428981", "photo": {"prefix": "https://igx.4sqi.net/img/user/", "default": true, "suffix": "/blank_girl.png"}, "homeCity": "NY", "contact": {}, "firstName": "Julie", "tips": {"count": 1}, "gender": "female", "lastName": "Smekodub", "lists": {"groups": [{"count": 2, "type": "created", "items": []}]}, "bio": ""}, {"id": "3823186", "photo": {"prefix": "https://igx.4sqi.net/img/user/", "suffix": "/3823186-LVG0IEJO4VFXMMYN.jpg"}, "homeCity": "Brooklyn, NY", "contact": {"facebook": "125659", "twitter": "anthonyfuria"}, "firstName": "Anthony", "tips": {"count": 0}, "gender": "male", "lastName": "F.", "lists": {"groups": [{"count": 2, "type": "created", "items": []}]}, "bio": "Always Living life w/ relentless and unwavering optimism! Sports are MY LIFE!!! #Metitude, #Jetitude, Rangers, Cyclones ALL DAY!  No sleep 'til Brooklyn! LML!!!"}, {"id": "10909052", "photo": {"prefix": "https://igx.4sqi.net/img/user/", "suffix": "/5EGP2X3CGBTWCI4F.jpg"}, "homeCity": "Chicago, IL", "contact": {"facebook": "7400819"}, "firstName": "Mark", "tips": {"count": 4}, "gender": "male", "lastName": "Stern", "lists": {"groups": [{"count": 2, "type": "created", "items": []}]}, "bio": ""}]}, "checksum": "14bb8df7a3782b0d6db94805e9a5f731a67d3120"}}