{"notifications": [{"type": "notificationTray", "item": {"unreadCount": 0}}], "response": {"friends": {"items": [{"tips": {"count": 2}, "contact": {"facebook": "695840479"}, "firstName": "Gary", "gender": "male", "lastName": "Savins", "id": "4839749", "bio": "", "photo": {"prefix": "https://igx.4sqi.net/img/user/", "suffix": "/C5FESL0TAYEITRNN.jpg"}, "homeCity": "Singapore", "lists": {"groups": [{"items": [], "count": 2, "type": "created"}]}}, {"tips": {"count": 247}, "contact": {"twitter": "sparklette", "facebook": "598180568"}, "firstName": "Veron @ Sparklette.net", "gender": "female", "id": "286427", "bio": "", "photo": {"prefix": "https://igx.4sqi.net/img/user/", "suffix": "/BQODELOYU34CMCTJ.jpg"}, "homeCity": "Singapore", "lists": {"groups": [{"items": [], "count": 2, "type": "created"}]}}, {"tips": {"count": 3}, "contact": {}, "firstName": "Thijs", "gender": "male", "lastName": "Biersteker", "id": "4673053", "bio": "", "photo": {"prefix": "https://igx.4sqi.net/img/user/", "suffix": "/PPFDG1ZCVWFJXMT3.jpg"}, "homeCity": "Amsterdam, Nederland", "lists": {"groups": [{"items": [], "count": 2, "type": "created"}]}}, {"tips": {"count": 39}, "contact": {}, "firstName": "Maggie", "gender": "female", "lastName": "L", "id": "25141637", "bio": "", "photo": {"prefix": "https://igx.4sqi.net/img/user/", "suffix": "/25141637_1cvk7mIe_pDv1oWXrAKNa93TD5FZFIstbHBeFchnRKSFwaWCVXhECflefQK0LWbei6HrApXP-.jpg"}, "homeCity": "San Francisco, CA", "lists": {"groups": [{"items": [], "count": 2, "type": "created"}]}}, {"tips": {"count": 24}, "contact": {"twitter": "missdeety", "facebook": "586857473"}, "firstName": "Daryl Dee", "gender": "female", "id": "231716", "bio": "", "photo": {"prefix": "https://igx.4sqi.net/img/user/", "suffix": "/231716-ZE5QK4MRHZOM4XCU.jpg"}, "homeCity": "Bedok, Singapore", "lists": {"groups": [{"items": [], "count": 3, "type": "created"}]}}, {"tips": {"count": 40}, "contact": {"facebook": "690108083"}, "firstName": "Marijn", "gender": "male", "lastName": "De Vries Hoogerwerff", "id": "5891324", "bio": "", "photo": {"prefix": "https://igx.4sqi.net/img/user/", "suffix": "/3Z0IIYWU2RXUNBN1.jpg"}, "homeCity": "Amsterdam, Nederland", "lists": {"groups": [{"items": [], "count": 18, "type": "created"}]}}, {"tips": {"count": 0}, "contact": {"facebook": "738394233"}, "firstName": "Vincent", "gender": "male", "lastName": "Verpoort", "id": "1925661", "bio": "", "photo": {"prefix": "https://igx.4sqi.net/img/user/", "suffix": "/blank_boy.png", "default": true}, "homeCity": "Haarlemmermeer, Nederland", "lists": {"groups": [{"items": [], "count": 2, "type": "created"}]}}, {"tips": {"count": 0}, "contact": {}, "firstName": "Jonie", "gender": "female", "lastName": "Kang", "id": "2206857", "bio": "", "photo": {"prefix": "https://igx.4sqi.net/img/user/", "suffix": "/KXPZ41TDYXVXRKYB.jpg"}, "homeCity": "Singapore", "lists": {"groups": [{"items": [], "count": 2, "type": "created"}]}}, {"tips": {"count": 0}, "contact": {}, "firstName": "Jere", "gender": "female", "lastName": "Au", "id": "777090", "bio": "", "photo": {"prefix": "https://igx.4sqi.net/img/user/", "suffix": "/22M424RETPRU3HQT.jpg"}, "homeCity": "Singapore", "lists": {"groups": [{"items": [], "count": 2, "type": "created"}]}}, {"superuser": 1, "tips": {"count": 2}, "contact": {"twitter": "gumbah", "facebook": "100000023392947"}, "firstName": "Joost", "gender": "male", "lastName": "Ruyter", "id": "28176", "bio": "", "photo": {"prefix": "https://igx.4sqi.net/img/user/", "suffix": "/4a7fdb262092b.jpg"}, "homeCity": "Amsterdam, Netherlands", "lists": {"groups": [{"items": [], "count": 2, "type": "created"}]}}, {"tips": {"count": 2}, "contact": {"twitter": "terry_lee_m", "facebook": "572668889"}, "firstName": "Terry", "gender": "male", "lastName": "Lee", "id": "1449858", "bio": "", "photo": {"prefix": "https://igx.4sqi.net/img/user/", "suffix": "/F3YZE0VPCJZ4DLO5.jpg"}, "homeCity": "Singapore", "lists": {"groups": [{"items": [], "count": 2, "type": "created"}]}}, {"tips": {"count": 1}, "contact": {}, "firstName": "Mahogany", "gender": "female", "id": "227853", "bio": "", "photo": {"prefix": "https://igx.4sqi.net/img/user/", "suffix": "/UHBHTMMZXBBGODP2.png"}, "homeCity": "Singapore", "lists": {"groups": [{"items": [], "count": 2, "type": "created"}]}}, {"tips": {"count": 15}, "contact": {"twitter": "rose_karon", "facebook": "669157784"}, "firstName": "Rose", "gender": "female", "lastName": "Karo\u00f1", "id": "1118116", "bio": "", "photo": {"prefix": "https://igx.4sqi.net/img/user/", "suffix": "/O2MOCLVDCSCUSZGT.jpg"}, "homeCity": "Singapore", "lists": {"groups": [{"items": [], "count": 2, "type": "created"}]}}, {"tips": {"count": 0}, "contact": {"facebook": "625991305"}, "firstName": "Joan", "gender": "female", "lastName": "Heng", "id": "4847980", "bio": "", "photo": {"prefix": "https://igx.4sqi.net/img/user/", "suffix": "/REUBV4I3HA411CRC.jpg"}, "homeCity": "Singapore", "lists": {"groups": [{"items": [], "count": 2, "type": "created"}]}}, {"tips": {"count": 1}, "contact": {"twitter": "regalona", "facebook": "605851408"}, "firstName": "Daniela", "gender": "female", "lastName": "Llanos", "id": "2346855", "bio": "", "photo": {"prefix": "https://igx.4sqi.net/img/user/", "suffix": "/SYKYAP5051RUC520.jpg"}, "homeCity": "Amsterdam, The Netherlands", "lists": {"groups": [{"items": [], "count": 2, "type": "created"}]}}, {"tips": {"count": 0}, "contact": {}, "firstName": "Kelineng", "gender": "female", "lastName": "bebe", "id": "3529654", "bio": "", "photo": {"prefix": "https://igx.4sqi.net/img/user/", "suffix": "/3529654-R5XTN54UFMRTQQ1U.jpg"}, "homeCity": "Singapore", "lists": {"groups": [{"items": [], "count": 2, "type": "created"}]}}, {"tips": {"count": 0}, "contact": {}, "firstName": "Jonathan", "gender": "male", "lastName": "Heng", "id": "1088115", "bio": "", "photo": {"prefix": "https://igx.4sqi.net/img/user/", "suffix": "/blank_boy.png", "default": true}, "homeCity": "Singapore", "lists": {"groups": [{"items": [], "count": 2, "type": "created"}]}}, {"tips": {"count": 0}, "contact": {}, "firstName": "Dan", "gender": "male", "lastName": "Bunting", "id": "121358", "bio": "", "photo": {"prefix": "https://igx.4sqi.net/img/user/", "suffix": "/blank_boy.png", "default": true}, "homeCity": "Singapore, Singapore", "lists": {"groups": [{"items": [], "count": 2, "type": "created"}]}}, {"tips": {"count": 3}, "contact": {"facebook": "586473353"}, "firstName": "Louis Von", "gender": "male", "lastName": "Spencer IV", "id": "3222278", "bio": "", "photo": {"prefix": "https://igx.4sqi.net/img/user/", "suffix": "/KN355QEXCLB3YTZ1.jpg"}, "homeCity": "Barcelona", "lists": {"groups": [{"items": [], "count": 2, "type": "created"}]}}, {"tips": {"count": 0}, "contact": {"facebook": "1079370610"}, "firstName": "Yazid", "gender": "male", "lastName": "Ismail", "id": "3850492", "bio": "", "photo": {"prefix": "https://igx.4sqi.net/img/user/", "suffix": "/5PHGAWBM2NGDJBGX.jpg"}, "homeCity": "Singapore", "lists": {"groups": [{"items": [], "count": 2, "type": "created"}]}}, {"tips": {"count": 0}, "contact": {"facebook": "529375464"}, "firstName": "Paul", "gender": "male", "lastName": "Nash", "id": "481623", "bio": "", "photo": {"prefix": "https://igx.4sqi.net/img/user/", "suffix": "/TH2BQEACZZ5YRDYD.jpg"}, "homeCity": "Singapore", "lists": {"groups": [{"items": [], "count": 2, "type": "created"}]}}, {"tips": {"count": 0}, "contact": {}, "firstName": "Eileen", "gender": "female", "lastName": "Chua", "id": "5133411", "bio": "", "photo": {"prefix": "https://igx.4sqi.net/img/user/", "suffix": "/HHL200IULOAUS02F.jpg"}, "homeCity": "Singapore", "lists": {"groups": [{"items": [], "count": 2, "type": "created"}]}}, {"tips": {"count": 2}, "contact": {"twitter": "ryszard99", "facebook": "750649660"}, "firstName": "ryszard99", "gender": "male", "id": "668332", "bio": "", "photo": {"prefix": "https://igx.4sqi.net/img/user/", "suffix": "/DIFA4IXTW3TG3PNE.jpg"}, "homeCity": "Sydney, Australia", "lists": {"groups": [{"items": [], "count": 2, "type": "created"}]}}, {"tips": {"count": 19}, "contact": {}, "firstName": "Johannes", "gender": "male", "lastName": "P", "id": "5647110", "bio": "", "photo": {"prefix": "https://igx.4sqi.net/img/user/", "suffix": "/-TOXK12XBKIXLREY1.jpg"}, "homeCity": "Helsinki, Suomi", "lists": {"groups": [{"items": [], "count": 8, "type": "created"}]}}], "count": 24}, "checksum": "a36c7268081bceceb77255f22485aa13d23558cc"}, "meta": {"requestId": "5965b7bb1ed21919fa86b296", "code": 200}}