{"notifications": [{"type": "notificationTray", "item": {"unreadCount": 0}}], "response": {"friends": {"items": [{"superuser": 2, "tips": {"count": 24}, "contact": {}, "firstName": "Bernard", "gender": "male", "lastName": "Leong", "id": "99548", "bio": "", "photo": {"prefix": "https://igx.4sqi.net/img/user/", "suffix": "/-1_1258434298233.jpg"}, "homeCity": "Singapore", "lists": {"groups": [{"items": [], "count": 2, "type": "created"}]}}, {"tips": {"count": 4}, "contact": {"twitter": "robertsky_", "facebook": "711713493"}, "firstName": "Robert", "gender": "male", "lastName": "Sim", "id": "1356502", "bio": "", "photo": {"prefix": "https://igx.4sqi.net/img/user/", "suffix": "/CXLFML4HCZN01GJ2.jpg"}, "homeCity": "Singapore", "lists": {"groups": [{"items": [], "count": 2, "type": "created"}]}}, {"tips": {"count": 2}, "contact": {}, "firstName": "Y", "gender": "none", "lastName": "C", "id": "59703095", "bio": "", "photo": {"prefix": "https://igx.4sqi.net/img/user/", "suffix": "/XYJQFA2ABUZ5JXKZ.jpg"}, "homeCity": "", "lists": {"groups": [{"items": [], "count": 2, "type": "created"}]}}, {"tips": {"count": 3}, "contact": {"twitter": "sweemeng", "facebook": "10153808714609319"}, "firstName": "Ng", "gender": "male", "lastName": "Meng", "id": "6293648", "bio": "", "photo": {"prefix": "https://igx.4sqi.net/img/user/", "suffix": "/GYVKENNDXSVYJUMG.jpg"}, "homeCity": "Kuala Lumpur, Malaysia", "lists": {"groups": [{"items": [], "count": 2, "type": "created"}]}}, {"tips": {"count": 15}, "contact": {}, "firstName": "Patrick", "gender": "male", "lastName": "C.", "id": "4531314", "bio": "", "photo": {"prefix": "https://igx.4sqi.net/img/user/", "suffix": "/4531314-TYBBCUJKT2DG0C4X.jpg"}, "homeCity": "Butterworth, Malaysia", "lists": {"groups": [{"items": [], "count": 2, "type": "created"}]}}, {"tips": {"count": 12}, "contact": {"twitter": "baliomega", "facebook": "535604739"}, "firstName": "Nurul Izwan", "gender": "male", "lastName": "Dahlan", "id": "408485", "bio": "", "photo": {"prefix": "https://igx.4sqi.net/img/user/", "suffix": "/QPOJ4SCP2QVAXWBY.jpg"}, "homeCity": "Kajang, Malaysia", "lists": {"groups": [{"items": [], "count": 4, "type": "created"}]}}, {"tips": {"count": 13}, "contact": {"twitter": "iandmac", "facebook": "555439651"}, "firstName": "Ian", "gender": "male", "lastName": "Darric", "id": "351685", "bio": "", "photo": {"prefix": "https://igx.4sqi.net/img/user/", "suffix": "/1FM5SOUGAUSRFGI1.jpg"}, "homeCity": "Singapore", "lists": {"groups": [{"items": [], "count": 2, "type": "created"}]}}, {"tips": {"count": 0}, "contact": {"twitter": "lorniecheery", "facebook": "669084627"}, "firstName": "Lorna", "gender": "female", "lastName": "Yeo", "id": "7690208", "bio": "", "photo": {"prefix": "https://igx.4sqi.net/img/user/", "suffix": "/CKJ451N1DHCSBCEX.jpg"}, "homeCity": "Singapore", "lists": {"groups": [{"items": [], "count": 2, "type": "created"}]}}, {"tips": {"count": 5}, "contact": {"twitter": "soonx", "facebook": "643348723"}, "firstName": "IZack", "gender": "male", "lastName": "Chin", "id": "519828", "bio": "", "photo": {"prefix": "https://igx.4sqi.net/img/user/", "suffix": "/5HS5GQOSJXSRCFDJ.jpg"}, "homeCity": "Kuala Lumpur, Malaysia", "lists": {"groups": [{"items": [], "count": 3, "type": "created"}]}}, {"tips": {"count": 6}, "contact": {"twitter": "sausheong", "facebook": "559348574"}, "firstName": "Sau Sheong", "gender": "male", "lastName": "Chang", "id": "230684", "bio": "", "photo": {"prefix": "https://igx.4sqi.net/img/user/", "suffix": "/AT4LG5BMCWUZVWGO.jpg"}, "homeCity": "Singapore", "lists": {"groups": [{"items": [], "count": 2, "type": "created"}]}}, {"tips": {"count": 0}, "contact": {"twitter": "exabytesbuddies"}, "firstName": "The Gang of Exabytes", "gender": "none", "id": "5504021", "bio": "", "photo": {"prefix": "https://igx.4sqi.net/img/user/", "suffix": "/AVJKZAD44WLK42NR.jpg"}, "homeCity": "Pulau Pinang, Malaysia", "lists": {"groups": [{"items": [], "count": 2, "type": "created"}]}}, {"tips": {"count": 182}, "contact": {"twitter": "shaolintiger", "facebook": "10152965878581914"}, "firstName": "ShaolinTiger", "gender": "male", "id": "1854648", "bio": "Loves travel, food, beer and single malt whisky!", "photo": {"prefix": "https://igx.4sqi.net/img/user/", "suffix": "/RUNJFMILVPWSCYEK.jpg"}, "homeCity": "Kuala Lumpur, Wilayah Persekutuan", "lists": {"groups": [{"items": [], "count": 18, "type": "created"}]}}, {"tips": {"count": 0}, "contact": {"facebook": "10153777185078879"}, "firstName": "Kim", "gender": "male", "lastName": "Teo", "id": "71962257", "bio": "", "photo": {"prefix": "https://igx.4sqi.net/img/user/", "suffix": "/blank_boy.png", "default": true}, "homeCity": "London, ENG", "lists": {"groups": [{"items": [], "count": 2, "type": "created"}]}}, {"tips": {"count": 16}, "contact": {"twitter": "umekoumeda", "facebook": "100000034416818"}, "firstName": "Takashi", "gender": "male", "lastName": "Umeda", "id": "453519", "bio": "", "photo": {"prefix": "https://igx.4sqi.net/img/user/", "suffix": "/APIVAHX0I4XGN3CR.jpg"}, "homeCity": "\u6771\u4eac\u90fd, \u65e5\u672c", "lists": {"groups": [{"items": [], "count": 2, "type": "created"}]}}, {"tips": {"count": 25}, "contact": {"twitter": "mhisham", "facebook": "734974026"}, "firstName": "hisham", "gender": "male", "lastName": "mohd", "id": "182057", "bio": "", "photo": {"prefix": "https://igx.4sqi.net/img/user/", "suffix": "/USW3X2UE0JZBZHKH.jpg"}, "homeCity": "Singapore", "lists": {"groups": [{"items": [], "count": 2, "type": "created"}]}}, {"tips": {"count": 3}, "contact": {"twitter": "llun", "facebook": "696331706"}, "firstName": "Maythee", "gender": "male", "lastName": "A.", "id": "604361", "bio": "", "photo": {"prefix": "https://igx.4sqi.net/img/user/", "suffix": "/HSC2IA03LITRLUBQ.jpg"}, "homeCity": "Bangkok, Thailand", "lists": {"groups": [{"items": [], "count": 3, "type": "created"}]}}, {"superuser": 2, "tips": {"count": 70}, "contact": {}, "firstName": "Carolyn", "gender": "female", "lastName": "Chan\u2122", "id": "84696", "bio": "Gamer at large.", "photo": {"prefix": "https://igx.4sqi.net/img/user/", "suffix": "/84696-XKB4YHT5ONFEXPGQ.jpg"}, "homeCity": "Singapore", "lists": {"groups": [{"items": [], "count": 5, "type": "created"}]}}, {"superuser": 3, "tips": {"count": 60}, "contact": {"twitter": "burnflare", "facebook": "227701303"}, "firstName": "Vishnu", "gender": "male", "lastName": "Prem", "id": "34032", "bio": "", "photo": {"prefix": "https://igx.4sqi.net/img/user/", "suffix": "/34032-T2KRHUMOZJZ52GQU.jpg"}, "homeCity": "Singapore", "lists": {"groups": [{"items": [], "count": 12, "type": "created"}]}}, {"tips": {"count": 7}, "contact": {}, "firstName": "Teng Siong", "gender": "male", "lastName": "Ong", "id": "944", "bio": "", "photo": {"prefix": "https://igx.4sqi.net/img/user/", "suffix": "/OLTYZNSP2GRXYQWY.jpg"}, "homeCity": "San Francisco, CA", "lists": {"groups": [{"items": [], "count": 19, "type": "created"}]}}, {"tips": {"count": 1}, "contact": {"twitter": "nanyate", "facebook": "28104170"}, "firstName": "Ivy", "gender": "female", "lastName": "Tan", "id": "147422", "bio": "", "photo": {"prefix": "https://igx.4sqi.net/img/user/", "suffix": "/YHGF5WQK3Z10QE32.jpg"}, "homeCity": "Singapore", "lists": {"groups": [{"items": [], "count": 2, "type": "created"}]}}, {"tips": {"count": 2}, "contact": {"twitter": "nazroll"}, "firstName": "Nazrul", "gender": "male", "lastName": "Kamaruddin", "id": "846103", "bio": "", "photo": {"prefix": "https://igx.4sqi.net/img/user/", "suffix": "/45OGXPYE0LZGX4KB.jpg"}, "homeCity": "Subang Jaya, Malaysia", "lists": {"groups": [{"items": [], "count": 2, "type": "created"}]}}, {"tips": {"count": 8}, "contact": {"twitter": "crynobone", "facebook": "665130476"}, "firstName": "Mior Muhammad Zaki", "gender": "male", "lastName": "Mior Khairuddin", "id": "201253", "bio": "", "photo": {"prefix": "https://igx.4sqi.net/img/user/", "suffix": "/XGC01TEFZISH0WY3.jpg"}, "homeCity": "Kuala Lumpur, Malaysia", "lists": {"groups": [{"items": [], "count": 2, "type": "created"}]}}, {"tips": {"count": 0}, "contact": {"twitter": "seagatesoft", "facebook": "1561220169"}, "firstName": "Sigit", "gender": "male", "lastName": "Dewanto", "id": "32520350", "bio": "", "photo": {"prefix": "https://igx.4sqi.net/img/user/", "suffix": "/blank_boy.png", "default": true}, "homeCity": "Jakarta", "lists": {"groups": [{"items": [], "count": 2, "type": "created"}]}}, {"tips": {"count": 6}, "contact": {}, "firstName": "Sayanee", "gender": "female", "lastName": "Basu", "id": "167102", "bio": "", "photo": {"prefix": "https://igx.4sqi.net/img/user/", "suffix": "/H5S0YSRA2KDQODJO.jpg"}, "homeCity": "Singapore", "lists": {"groups": [{"items": [], "count": 5, "type": "created"}]}}, {"superuser": 1, "tips": {"count": 15}, "contact": {"twitter": "iamjohnlai", "facebook": "1232008250"}, "firstName": "John", "gender": "male", "lastName": "Lai", "id": "102817", "bio": "", "photo": {"prefix": "https://igx.4sqi.net/img/user/", "suffix": "/4ZTBPQMV5IOM3BCK.jpg"}, "homeCity": "Auckland", "lists": {"groups": [{"items": [], "count": 2, "type": "created"}]}}, {"tips": {"count": 4}, "contact": {"twitter": "shareight8"}, "firstName": "Sharvesh", "gender": "male", "id": "11909100", "bio": "", "photo": {"prefix": "https://igx.4sqi.net/img/user/", "suffix": "/UWCEMESCX3ADCCGI.jpg"}, "homeCity": "pulau pinang", "lists": {"groups": [{"items": [], "count": 3, "type": "created"}]}}, {"tips": {"count": 0}, "contact": {"twitter": "alaricesoh", "facebook": "755058923"}, "firstName": "Alarice", "gender": "female", "lastName": "Soh", "id": "69847361", "bio": "", "photo": {"prefix": "https://igx.4sqi.net/img/user/", "suffix": "/69847361-RRUJXXIB1IKLU1TI.jpg"}, "homeCity": "Singapore", "lists": {"groups": [{"items": [], "count": 2, "type": "created"}]}}, {"tips": {"count": 15}, "contact": {"facebook": "535631130"}, "firstName": "Eric", "gender": "male", "lastName": "Boo", "id": "6889885", "bio": "", "photo": {"prefix": "https://igx.4sqi.net/img/user/", "suffix": "/6889885-5SQDXAVMYPDSFEIF.jpg"}, "homeCity": "Penang, Malaysia", "lists": {"groups": [{"items": [], "count": 2, "type": "created"}]}}, {"tips": {"count": 5}, "contact": {"twitter": "adrixtacy", "facebook": "750477856"}, "firstName": "Adrian", "gender": "male", "lastName": "Stephen", "id": "7008756", "bio": "", "photo": {"prefix": "https://igx.4sqi.net/img/user/", "suffix": "/AWAV21EOBQOJ2AVK.jpg"}, "homeCity": "Butterworth, Malaysia", "lists": {"groups": [{"items": [], "count": 5, "type": "created"}]}}, {"tips": {"count": 18}, "contact": {"twitter": "joshuatly", "facebook": "1360684792"}, "firstName": "Tee", "gender": "male", "lastName": "Joshuatly", "id": "413526", "bio": "", "photo": {"prefix": "https://igx.4sqi.net/img/user/", "suffix": "/413526-W1B2KZ3SFD12YALJ.jpg"}, "homeCity": "Kuala Lumpur, Malaysia", "lists": {"groups": [{"items": [], "count": 4, "type": "created"}]}}, {"tips": {"count": 7}, "contact": {"twitter": "raingrove", "facebook": "227700058"}, "firstName": "Pete", "gender": "male", "lastName": "Kim", "id": "364104", "bio": "Co-founder, Nitrous.IO", "photo": {"prefix": "https://igx.4sqi.net/img/user/", "suffix": "/3PF1KTRLMIS4JDWI.jpg"}, "homeCity": "Mountain View, CA", "lists": {"groups": [{"items": [], "count": 2, "type": "created"}]}}, {"tips": {"count": 9}, "contact": {"twitter": "andrewabogado", "facebook": "693875823"}, "firstName": "Andrew", "gender": "male", "lastName": "Abogado", "id": "8114729", "bio": "Checking in anywhere I want.", "photo": {"prefix": "https://igx.4sqi.net/img/user/", "suffix": "/8114729-3ZQDFIUCJDNUOWQQ.jpg"}, "homeCity": "Singapore", "lists": {"groups": [{"items": [], "count": 9, "type": "created"}]}}, {"tips": {"count": 0}, "contact": {}, "firstName": "Heryandi", "gender": "male", "lastName": "Dai", "id": "120632482", "bio": "", "photo": {"prefix": "https://igx.4sqi.net/img/user/", "suffix": "/blank_boy.png", "default": true}, "homeCity": "California, United States", "lists": {"groups": [{"items": [], "count": 2, "type": "created"}]}}, {"tips": {"count": 48}, "contact": {"twitter": "dannyfoo", "facebook": "714304539"}, "firstName": "Danny", "gender": "male", "lastName": "Foo", "id": "240106", "bio": "Spaced out creative guy.", "photo": {"prefix": "https://igx.4sqi.net/img/user/", "suffix": "/ZFEQRCC2GBGC2FNB.jpg"}, "homeCity": "Petaling Jaya, Selangor", "lists": {"groups": [{"items": [], "count": 10, "type": "created"}]}}, {"tips": {"count": 9}, "contact": {"facebook": "767520362"}, "firstName": "zilch", "gender": "male", "id": "5555244", "bio": "", "photo": {"prefix": "https://igx.4sqi.net/img/user/", "suffix": "/BQZV3MSKYZVHTLKD.jpg"}, "homeCity": "Petaling Jaya, Malaysia", "lists": {"groups": [{"items": [], "count": 2, "type": "created"}]}}, {"tips": {"count": 16}, "contact": {"twitter": "seraphine"}, "firstName": "Kevin", "gender": "male", "lastName": "Francis", "id": "1910851", "bio": "", "photo": {"prefix": "https://igx.4sqi.net/img/user/", "suffix": "/CRPP01SIVU3GIFYM.jpg"}, "homeCity": "Petaling Jaya, Malaysia", "lists": {"groups": [{"items": [], "count": 4, "type": "created"}]}}, {"tips": {"count": 1}, "contact": {"twitter": "zibin"}, "firstName": "zibin", "gender": "male", "id": "463549", "bio": "", "photo": {"prefix": "https://igx.4sqi.net/img/user/", "suffix": "/CWYASWZPR4JLKSBK.png"}, "homeCity": "Oslo, Norway", "lists": {"groups": [{"items": [], "count": 2, "type": "created"}]}}, {"superuser": 1, "tips": {"count": 1}, "contact": {"twitter": "howiec", "facebook": "10153320759350901"}, "firstName": "Howie", "gender": "male", "lastName": "Chang", "id": "187142", "bio": "Passionate in all things digital and enjoys designing stuff that are attractive, thoughtful, and enjoyable to use.", "photo": {"prefix": "https://igx.4sqi.net/img/user/", "suffix": "/187142_onBKoo2x_N9kz2Zr7wgFCc9Shqv7_0Da_kw1-SweHoaiGmHDsxWF2CQD3UJNdeGD0rqvGs8nJ.jpg"}, "homeCity": "Singapore", "lists": {"groups": [{"items": [], "count": 2, "type": "created"}]}}, {"tips": {"count": 0}, "contact": {"facebook": "502949673"}, "firstName": "Kenny", "gender": "male", "lastName": "Lee", "id": "60283683", "bio": "", "photo": {"prefix": "https://igx.4sqi.net/img/user/", "suffix": "/LKMDZODRBDDEQV1A.jpg"}, "homeCity": "Kulim, 02", "lists": {"groups": [{"items": [], "count": 2, "type": "created"}]}}, {"superuser": 1, "tips": {"count": 1}, "contact": {"twitter": "garrickcheung", "facebook": "509113736"}, "firstName": "Garrick", "gender": "male", "lastName": "Cheung", "id": "85140", "bio": "", "photo": {"prefix": "https://igx.4sqi.net/img/user/", "suffix": "/85140-GD1MKR4GARA3GZ0V.jpg"}, "homeCity": "San Francisco, CA", "lists": {"groups": [{"items": [], "count": 2, "type": "created"}]}}, {"tips": {"count": 72}, "contact": {"twitter": "espen_antonsen"}, "firstName": "Espen", "gender": "male", "lastName": "Antonsen", "id": "595541", "bio": "I travel to eat.", "photo": {"prefix": "https://igx.4sqi.net/img/user/", "suffix": "/-RRKOCN1C05EAIWHV.png"}, "homeCity": "", "lists": {"groups": [{"items": [], "count": 25, "type": "created"}]}}, {"tips": {"count": 10}, "contact": {"twitter": "jpaine", "facebook": "10104732716135755"}, "firstName": "Jeffrey", "gender": "male", "lastName": "Paine", "id": "52240", "bio": "", "photo": {"prefix": "https://igx.4sqi.net/img/user/", "suffix": "/blank_boy.png", "default": true}, "homeCity": "Singapore", "lists": {"groups": [{"items": [], "count": 3, "type": "created"}]}}, {"tips": {"count": 4}, "contact": {"twitter": "meiwin", "facebook": "661536431"}, "firstName": "Meiwin", "gender": "male", "lastName": "Fu", "id": "152816", "bio": "", "photo": {"prefix": "https://igx.4sqi.net/img/user/", "suffix": "/152816-Y5BLF2D5WPO4OVQ5.jpg"}, "homeCity": "Singapore", "lists": {"groups": [{"items": [], "count": 4, "type": "created"}]}}, {"tips": {"count": 32}, "contact": {"twitter": "angelinemiss", "facebook": "789164815"}, "firstName": "Angeline", "gender": "female", "lastName": "Tan", "id": "930245", "bio": "", "photo": {"prefix": "https://igx.4sqi.net/img/user/", "suffix": "/YBMIXSE3XBEY10OA.jpg"}, "homeCity": "Butterworth, Malaysia", "lists": {"groups": [{"items": [], "count": 2, "type": "created"}]}}, {"superuser": 3, "tips": {"count": 20}, "contact": {"twitter": "anildigital", "facebook": "659905106"}, "firstName": "Anil", "gender": "male", "lastName": "Wadghule", "id": "203278", "bio": "yolo", "photo": {"prefix": "https://igx.4sqi.net/img/user/", "suffix": "/PFZ2ZZOUILSGDKNZ.jpg"}, "homeCity": "Pune, Maharashtra", "lists": {"groups": [{"items": [], "count": 7, "type": "created"}]}}, {"tips": {"count": 22}, "contact": {"twitter": "emaconline", "facebook": "521272825"}, "firstName": "Efren", "gender": "male", "lastName": "Macasaet", "id": "169291", "bio": "", "photo": {"prefix": "https://igx.4sqi.net/img/user/", "suffix": "/UANE3E02OL02UQQK.jpg"}, "homeCity": "Hong Kong", "lists": {"groups": [{"items": [], "count": 2, "type": "created"}]}}, {"tips": {"count": 13}, "contact": {"twitter": "marvinlee"}, "firstName": "Marvin", "gender": "male", "lastName": "Lee", "id": "105504", "bio": "", "photo": {"prefix": "https://igx.4sqi.net/img/user/", "suffix": "/105504_1258689646696.jpg"}, "homeCity": "Petaling Jaya, Malaysia", "lists": {"groups": [{"items": [], "count": 2, "type": "created"}]}}, {"tips": {"count": 4}, "contact": {"facebook": "10155160698014167"}, "firstName": "Joey", "gender": "female", "lastName": "Cheah", "id": "19013878", "bio": "", "photo": {"prefix": "https://igx.4sqi.net/img/user/", "suffix": "/CMX4Y2H4RS14VG0Z.jpg"}, "homeCity": "Perai, Malaysia", "lists": {"groups": [{"items": [], "count": 2, "type": "created"}]}}, {"tips": {"count": 0}, "contact": {"twitter": "melvintay85"}, "firstName": "Melvin", "gender": "male", "lastName": "Tay", "id": "10314325", "bio": "", "photo": {"prefix": "https://igx.4sqi.net/img/user/", "suffix": "/FKNBB4EL203FH1LB.jpg"}, "homeCity": "Kuala Lumpur, Malaysia", "lists": {"groups": [{"items": [], "count": 3, "type": "created"}]}}, {"tips": {"count": 0}, "contact": {"twitter": "angadsg", "facebook": "10153057025943226"}, "firstName": "Angad", "gender": "male", "lastName": "Singh", "id": "7075885", "bio": "", "photo": {"prefix": "https://igx.4sqi.net/img/user/", "suffix": "/blank_boy.png", "default": true}, "homeCity": "Singapore", "lists": {"groups": [{"items": [], "count": 2, "type": "created"}]}}, {"tips": {"count": 1}, "contact": {"facebook": "713926018"}, "firstName": "Kee Seng", "gender": "male", "lastName": "Heng", "id": "35457025", "bio": "", "photo": {"prefix": "https://igx.4sqi.net/img/user/", "suffix": "/35457025-NKUKNSIQP0MGCZCT.jpg"}, "homeCity": "Pulau Pinang", "lists": {"groups": [{"items": [], "count": 2, "type": "created"}]}}, {"tips": {"count": 2}, "contact": {"facebook": "1367047016"}, "firstName": "Paolo", "gender": "male", "lastName": "Ibarra", "id": "17674370", "bio": "", "photo": {"prefix": "https://igx.4sqi.net/img/user/", "suffix": "/17674370_-HYuqTOA_zkXcRcsYBBPDEH9nkTFlc3nV-TeyceFzp092glhgX-8Uva4IbTtJIhINrtOYd7Nv.jpg"}, "homeCity": "Singapore", "lists": {"groups": [{"items": [], "count": 2, "type": "created"}]}}, {"tips": {"count": 0}, "contact": {"facebook": "626187874"}, "firstName": "Raphael", "gender": "none", "lastName": "Ong", "id": "1431324", "bio": "", "photo": {"prefix": "https://igx.4sqi.net/img/user/", "suffix": "/blank_boy.png", "default": true}, "homeCity": "Singapore", "lists": {"groups": [{"items": [], "count": 2, "type": "created"}]}}, {"tips": {"count": 7}, "contact": {"twitter": "charleneott", "facebook": "791489991"}, "firstName": "TingTing", "gender": "female", "lastName": "(T.T)", "id": "5658409", "bio": "", "photo": {"prefix": "https://igx.4sqi.net/img/user/", "suffix": "/IZR443JLOXZZS1F3.jpg"}, "homeCity": "Pulau Pinang, Malaysia", "lists": {"groups": [{"items": [], "count": 2, "type": "created"}]}}, {"tips": {"count": 0}, "contact": {"twitter": "choongchingteo"}, "firstName": "choongching", "gender": "male", "lastName": "teo", "id": "1932098", "bio": "Troll check in wherever I want.", "photo": {"prefix": "https://igx.4sqi.net/img/user/", "suffix": "/1932098-GZ55U5OMM4QX1ULY.jpg"}, "homeCity": "Kuala Lumpur, Malaysia", "lists": {"groups": [{"items": [], "count": 2, "type": "created"}]}}, {"tips": {"count": 1}, "contact": {"twitter": "ryanpham", "facebook": "675434492"}, "firstName": "Ryan", "gender": "male", "lastName": "P", "id": "1232072", "bio": "", "photo": {"prefix": "https://igx.4sqi.net/img/user/", "suffix": "/JHBIXUXIX0STFPSV.jpg"}, "homeCity": "Singapore", "lists": {"groups": [{"items": [], "count": 2, "type": "created"}]}}, {"tips": {"count": 22}, "contact": {"facebook": "785657976"}, "firstName": "Joel", "gender": "male", "lastName": "Pan", "id": "194517", "bio": "", "photo": {"prefix": "https://igx.4sqi.net/img/user/", "suffix": "/QOGVFMRHNRHMQV5A.png"}, "homeCity": "Singapore", "lists": {"groups": [{"items": [], "count": 2, "type": "created"}]}}, {"tips": {"count": 0}, "contact": {"facebook": "585263577"}, "firstName": "Tye", "gender": "male", "lastName": "Gee Keinn", "id": "60292561", "bio": "", "photo": {"prefix": "https://igx.4sqi.net/img/user/", "suffix": "/JVPPPRTGMEJFL4LJ.jpg"}, "homeCity": "Perai, PNG", "lists": {"groups": [{"items": [], "count": 2, "type": "created"}]}}, {"tips": {"count": 12}, "contact": {}, "firstName": "Mathias", "gender": "male", "lastName": "Bynens", "id": "89593", "bio": "", "photo": {"prefix": "https://igx.4sqi.net/img/user/", "suffix": "/YT5E0YYYZFNDKHT3.jpg"}, "homeCity": "Brussels, Belgium", "lists": {"groups": [{"items": [], "count": 2, "type": "created"}]}}, {"tips": {"count": 0}, "contact": {"twitter": "marcfowler", "facebook": "509370817"}, "firstName": "Marc", "gender": "male", "lastName": "Fowler", "id": "705353", "bio": "", "photo": {"prefix": "https://igx.4sqi.net/img/user/", "suffix": "/blank_boy.png", "default": true}, "homeCity": "Ipswich, UK", "lists": {"groups": [{"items": [], "count": 2, "type": "created"}]}}, {"superuser": 2, "tips": {"count": 34}, "contact": {"twitter": "imknight", "facebook": "572927944"}, "firstName": "knight", "gender": "none", "lastName": "tan", "id": "52537", "bio": "", "photo": {"prefix": "https://igx.4sqi.net/img/user/", "suffix": "/W2BIO4CF3VGBNDD1.jpg"}, "homeCity": "Singapore", "lists": {"groups": [{"items": [], "count": 7, "type": "created"}]}}, {"superuser": 1, "tips": {"count": 31}, "contact": {"twitter": "blogjunkie", "facebook": "700291804"}, "firstName": "David", "gender": "male", "lastName": "Wang", "id": "152979", "bio": "I help busy bloggers and small business owners be awesome with WordPress. Learn how I can help at http://clickwp.com/wordpress-support", "photo": {"prefix": "https://igx.4sqi.net/img/user/", "suffix": "/5XDWTJL0R23VKV1U.jpg"}, "homeCity": "Kuala Lumpur", "lists": {"groups": [{"items": [], "count": 4, "type": "created"}]}}, {"tips": {"count": 10}, "contact": {"twitter": "lankapo", "facebook": "803150106"}, "firstName": "Azlan", "gender": "male", "lastName": "A Raof", "id": "964124", "bio": "Ubunturian", "photo": {"prefix": "https://igx.4sqi.net/img/user/", "suffix": "/F030O51BDX5MQLXQ.jpg"}, "homeCity": "Putrajaya", "lists": {"groups": [{"items": [], "count": 5, "type": "created"}]}}, {"tips": {"count": 18}, "contact": {"twitter": "jacki3lene", "facebook": "736763289"}, "firstName": "Jackie", "gender": "female", "lastName": "Camomot", "id": "2389227", "bio": "I love trying out new foods. Definitely live to eat.", "photo": {"prefix": "https://igx.4sqi.net/img/user/", "suffix": "/2389227-GY4VRJUA3AWBRH2V.jpg"}, "homeCity": "Melbourne, VIC", "lists": {"groups": [{"items": [], "count": 9, "type": "created"}]}}, {"tips": {"count": 1}, "contact": {"twitter": "ufong", "facebook": "673275041"}, "firstName": "U-Fong", "gender": "male", "lastName": "Chua", "id": "174011", "bio": "", "photo": {"prefix": "https://igx.4sqi.net/img/user/", "suffix": "/JH1LLNTMW5P1G2SK.jpg"}, "homeCity": "Singapore", "lists": {"groups": [{"items": [], "count": 2, "type": "created"}]}}, {"superuser": 1, "tips": {"count": 21}, "contact": {"twitter": "kamal", "facebook": "508258787"}, "firstName": "Kamal", "gender": "male", "lastName": "Fariz", "id": "105706", "bio": "", "photo": {"prefix": "https://igx.4sqi.net/img/user/", "suffix": "/105706_1258679937361.png"}, "homeCity": "Namyangju-si, Gyeonggi-do", "lists": {"groups": [{"items": [], "count": 2, "type": "created"}]}}, {"tips": {"count": 0}, "contact": {"facebook": "793018598"}, "firstName": "Rajesh", "gender": "male", "lastName": "Kanna", "id": "75688496", "bio": "", "photo": {"prefix": "https://igx.4sqi.net/img/user/", "suffix": "/75688496-TXZRPQQLDYZ5NBNH.jpg"}, "homeCity": "Bangalore, India", "lists": {"groups": [{"items": [], "count": 2, "type": "created"}]}}, {"tips": {"count": 0}, "contact": {}, "firstName": "Wilson", "gender": "male", "lastName": "Alcantara", "id": "16023082", "bio": "", "photo": {"prefix": "https://igx.4sqi.net/img/user/", "suffix": "/JE3RRS11K1UOID0S.jpg"}, "homeCity": "Singapore", "lists": {"groups": [{"items": [], "count": 2, "type": "created"}]}}, {"tips": {"count": 10}, "contact": {"twitter": "developersteve", "facebook": "688248102"}, "firstName": "Steven", "gender": "male", "lastName": "Cooper", "id": "7181689", "bio": "@Sniip CTO. Payments Evangelist. @unicornincxyz founder. @KingdomHackAU cofounder. International Speaker/MC/Hackathon Mentor/Judge. Prev @XeroAPI @PayPalDev", "photo": {"prefix": "https://igx.4sqi.net/img/user/", "suffix": "/7181689-MD5XBZL5DPAD3Y4H.jpg"}, "homeCity": "Earth (for now)", "lists": {"groups": [{"items": [], "count": 2, "type": "created"}]}}, {"tips": {"count": 4}, "contact": {"twitter": "frostier", "facebook": "690075984"}, "firstName": "Dale", "gender": "male", "lastName": "Tan", "id": "57157946", "bio": "The Usual Me", "photo": {"prefix": "https://igx.4sqi.net/img/user/", "suffix": "/2I51DRLJEG4DWPV1.jpg"}, "homeCity": "Hong Kong", "lists": {"groups": [{"items": [], "count": 11, "type": "created"}]}}, {"tips": {"count": 0}, "contact": {"facebook": "100000798643037"}, "firstName": "Sunjin", "gender": "male", "lastName": "Lee", "id": "20360437", "bio": "", "photo": {"prefix": "https://igx.4sqi.net/img/user/", "suffix": "/blank_boy.png", "default": true}, "homeCity": "Seoul", "lists": {"groups": [{"items": [], "count": 3, "type": "created"}]}}, {"tips": {"count": 0}, "contact": {"facebook": "1400022251"}, "firstName": "allenlsy", "gender": "male", "id": "5694342", "bio": "", "photo": {"prefix": "https://igx.4sqi.net/img/user/", "suffix": "/ZYMY0RH20VXCODYU.jpg"}, "homeCity": "Singapore", "lists": {"groups": [{"items": [], "count": 2, "type": "created"}]}}, {"tips": {"count": 2}, "contact": {"facebook": "500147172"}, "firstName": "Timothy", "gender": "male", "lastName": "S", "id": "2771026", "bio": "", "photo": {"prefix": "https://igx.4sqi.net/img/user/", "suffix": "/FXRI1FSKQR0TV3IT.jpg"}, "homeCity": "Singapore", "lists": {"groups": [{"items": [], "count": 13, "type": "created"}]}}, {"tips": {"count": 39}, "contact": {"twitter": "bady_qb", "facebook": "10153182104819710"}, "firstName": "bady", "gender": "male", "lastName": "qb", "id": "3155475", "bio": "", "photo": {"prefix": "https://igx.4sqi.net/img/user/", "suffix": "/HVUL2LXGCEC5LATY.jpg"}, "homeCity": "Bandung, Indonesia", "lists": {"groups": [{"items": [], "count": 12, "type": "created"}]}}, {"superuser": 3, "tips": {"count": 263}, "contact": {"twitter": "liewcf", "facebook": "517211934"}, "firstName": "Cheon Fong", "gender": "male", "lastName": "Liew", "id": "198264", "bio": "http://www.liewcf.com", "photo": {"prefix": "https://igx.4sqi.net/img/user/", "suffix": "/XU25DZDJSC4MF3A1.jpg"}, "homeCity": "Kluang, Johor, Malaysia", "lists": {"groups": [{"items": [], "count": 4, "type": "created"}]}}, {"tips": {"count": 0}, "contact": {"facebook": "10153171694557556"}, "firstName": "Stacey", "gender": "male", "lastName": "Tay", "id": "122584624", "bio": "", "photo": {"prefix": "https://igx.4sqi.net/img/user/", "suffix": "/122584624-LE0FRNQQIPSUX5FP.jpg"}, "homeCity": "Singapore", "lists": {"groups": [{"items": [], "count": 2, "type": "created"}]}}, {"tips": {"count": 1}, "contact": {"twitter": "aen", "facebook": "570211067"}, "firstName": "Aen", "gender": "male", "lastName": "Tan", "id": "92944", "bio": "", "photo": {"prefix": "https://igx.4sqi.net/img/user/", "suffix": "/DE5FUODT0H2BRCXX.jpg"}, "homeCity": "Singapore", "lists": {"groups": [{"items": [], "count": 2, "type": "created"}]}}, {"tips": {"count": 4}, "contact": {"twitter": "faizmokh", "facebook": "100002189217769"}, "firstName": "Faiz", "gender": "male", "lastName": "Mokhtar", "id": "73115956", "bio": "", "photo": {"prefix": "https://igx.4sqi.net/img/user/", "suffix": "/73115956-N01WBUDV4AI13J2C.jpg"}, "homeCity": "Kajang, SGR", "lists": {"groups": [{"items": [], "count": 2, "type": "created"}]}}, {"superuser": 2, "tips": {"count": 8}, "contact": {"twitter": "jark", "facebook": "500092142"}, "firstName": "Scott (\u3059\u3053\u3063\u3068)", "gender": "male", "lastName": "Jarkoff", "id": "112815", "bio": "\u6e0b\u8c37\u6771\u4eac\u65e5\u672c, Tokyo, JP\r\nAddicted to internets & eat miso soup every day. One day I'll own an Empire resembling the Death Star but w/o the single, fatal design flaw.", "photo": {"prefix": "https://igx.4sqi.net/img/user/", "suffix": "/112815_XSTtvILd_IpqIGtB-GTdFK6lC2_O9YK9ebmT_ugbLmabPnHsswX9pSJLHRT4fGMFgcqXVrF9s.jpg"}, "homeCity": "\u6e0b\u8c37, \u6771\u4eac\u90fd, Tokyo, T\u014dky\u014d, Japan", "lists": {"groups": [{"items": [], "count": 2, "type": "created"}]}}, {"superuser": 1, "tips": {"count": 21}, "contact": {"twitter": "cedric_chee", "facebook": "560718690"}, "firstName": "Cedric", "gender": "male", "lastName": "Chee", "id": "156483", "bio": "Foodie. Travel junkie. Nature lover.", "photo": {"prefix": "https://igx.4sqi.net/img/user/", "suffix": "/D45WWM4XFZCPEIGI.jpg"}, "homeCity": "Singapore", "lists": {"groups": [{"items": [], "count": 7, "type": "created"}]}}, {"tips": {"count": 29}, "contact": {"twitter": "jasonli"}, "firstName": "Jason", "gender": "male", "lastName": "Li", "id": "976331", "bio": "", "photo": {"prefix": "https://igx.4sqi.net/img/user/", "suffix": "/-VSL4SL3VWESQVNDQ.png"}, "homeCity": "Hong Kong", "lists": {"groups": [{"items": [], "count": 3, "type": "created"}]}}, {"tips": {"count": 51}, "contact": {"twitter": "laurenceputra"}, "firstName": "Laurence", "gender": "male", "id": "2507864", "bio": "A geek who just wants to make the world a better place.", "photo": {"prefix": "https://igx.4sqi.net/img/user/", "suffix": "/JSZ04QSHO55GF3GM.jpg"}, "homeCity": "Jakarta, Indonesia", "lists": {"groups": [{"items": [], "count": 9, "type": "created"}]}}, {"superuser": 2, "tips": {"count": 78}, "contact": {"twitter": "hadramie", "facebook": "1001891387"}, "firstName": "Syed Idrus", "gender": "male", "lastName": "Al-Haddad", "id": "174170", "bio": "", "photo": {"prefix": "https://igx.4sqi.net/img/user/", "suffix": "/G1M0WG04P5EIRUTT.png"}, "homeCity": "Petaling Jaya, Selangor", "lists": {"groups": [{"items": [], "count": 9, "type": "created"}]}}, {"superuser": 1, "tips": {"count": 5}, "contact": {"twitter": "derekw", "facebook": "522793941"}, "firstName": "Derek", "gender": "male", "lastName": "Wong", "id": "105994", "bio": "", "photo": {"prefix": "https://igx.4sqi.net/img/user/", "suffix": "/105994_1258682536251.jpg"}, "homeCity": "Kuala Lumpur, Malaysia", "lists": {"groups": [{"items": [], "count": 2, "type": "created"}]}}, {"tips": {"count": 0}, "contact": {"facebook": "1371245572"}, "firstName": "Wong", "gender": "male", "lastName": "Kin Weng", "id": "77978319", "bio": "", "photo": {"prefix": "https://igx.4sqi.net/img/user/", "suffix": "/77978319-VV1FFLFASR5JNNVG.jpg"}, "homeCity": "Johor Bahru, JHR", "lists": {"groups": [{"items": [], "count": 2, "type": "created"}]}}, {"tips": {"count": 9}, "contact": {}, "firstName": "Redha", "gender": "male", "lastName": "E", "id": "7191603", "bio": "", "photo": {"prefix": "https://igx.4sqi.net/img/user/", "suffix": "/K0HVGZRYTUXC3R0H.jpg"}, "homeCity": "Singapore", "lists": {"groups": [{"items": [], "count": 5, "type": "created"}]}}, {"tips": {"count": 4}, "contact": {"twitter": "alvinsj"}, "firstName": "Alvin", "gender": "none", "lastName": "N", "id": "95742158", "bio": "", "photo": {"prefix": "https://igx.4sqi.net/img/user/", "suffix": "/95742158-2A3C420IHITFZGZJ.jpg"}, "homeCity": "Chiang Mai, Chiang Mai", "lists": {"groups": [{"items": [], "count": 2, "type": "created"}]}}, {"tips": {"count": 23}, "contact": {"twitter": "nzieber", "facebook": "10101967675319796"}, "firstName": "Nick", "gender": "male", "lastName": "Zieber", "id": "5716215", "bio": "Learn by going and have a healthy disregard for the impossible.", "photo": {"prefix": "https://igx.4sqi.net/img/user/", "suffix": "/5716215-UGG5CE0ESZIH3EBS.jpg"}, "homeCity": "Hong Kong", "lists": {"groups": [{"items": [], "count": 3, "type": "created"}]}}, {"superuser": 6, "tips": {"count": 188}, "contact": {"twitter": "nrturner", "facebook": "834645440"}, "firstName": "Neil", "gender": "male", "lastName": "Turner", "id": "3359816", "bio": "Mac user, Foursquare SU2, Yorkshireman and all-round geek.", "photo": {"prefix": "https://igx.4sqi.net/img/user/", "suffix": "/3359816_4UH3YG99_dkANBZIzIMEMd3akrLhhHz70eQDobxo3PUY6tMqR8J9acWiNNUDDAZnUIREw-A-s.jpg"}, "homeCity": "Bradford, UK", "lists": {"groups": [{"items": [], "count": 16, "type": "created"}]}}, {"tips": {"count": 0}, "contact": {}, "firstName": "TS", "gender": "male", "lastName": "Lim", "id": "3533629", "bio": "www.clipsoflogic.com", "photo": {"prefix": "https://igx.4sqi.net/img/user/", "suffix": "/0N2NMNCGMA2N5C1U.jpg"}, "homeCity": "Penampang, Malaysia", "lists": {"groups": [{"items": [], "count": 2, "type": "created"}]}}, {"tips": {"count": 0}, "contact": {"twitter": "skyfish81", "facebook": "10206747482220216"}, "firstName": "Ryan", "gender": "male", "lastName": "Tan", "id": "318354", "bio": "", "photo": {"prefix": "https://igx.4sqi.net/img/user/", "suffix": "/1B2HYEUKCP2JXZTJ.jpg"}, "homeCity": "Queenstown, Singapore", "lists": {"groups": [{"items": [], "count": 3, "type": "created"}]}}, {"tips": {"count": 6}, "contact": {"twitter": "fionaj_"}, "firstName": "FJ", "gender": "none", "lastName": "J", "id": "73702695", "bio": "", "photo": {"prefix": "https://igx.4sqi.net/img/user/", "suffix": "/73702695-UO0OTBO51NMXXNBS.jpg"}, "homeCity": "Singapore", "lists": {"groups": [{"items": [], "count": 4, "type": "created"}]}}, {"superuser": 2, "tips": {"count": 236}, "contact": {"twitter": "bytebot", "facebook": "10153611298382621"}, "firstName": "Colin", "gender": "male", "lastName": "Charles", "id": "113161", "bio": "Businessman. Technologist. World Traveler. Am @bytebot on Twitter/Instagram", "photo": {"prefix": "https://igx.4sqi.net/img/user/", "suffix": "/-1_1258790748092.jpg"}, "homeCity": "Kuala Lumpur, Malaysia", "lists": {"groups": [{"items": [], "count": 23, "type": "created"}]}}, {"tips": {"count": 6}, "contact": {"twitter": "jerryong", "facebook": "1457102307"}, "firstName": "ONG", "gender": "male", "lastName": "Mr", "id": "156743", "bio": "", "photo": {"prefix": "https://igx.4sqi.net/img/user/", "suffix": "/KGHT1EJK0T5CCC2P.jpg"}, "homeCity": "Petaling Jaya, Selangor", "lists": {"groups": [{"items": [], "count": 2, "type": "created"}]}}, {"tips": {"count": 2}, "contact": {"twitter": "chernjie", "facebook": "511067128"}, "firstName": "ChernJie", "gender": "male", "id": "1154160", "bio": "", "photo": {"prefix": "https://igx.4sqi.net/img/user/", "suffix": "/OOJVPR1BEA2F2RW2.jpg"}, "homeCity": "Kunming, Yunnan", "lists": {"groups": [{"items": [], "count": 2, "type": "created"}]}}, {"tips": {"count": 28}, "contact": {"facebook": "597200844"}, "firstName": "Kien", "gender": "male", "lastName": "Pang", "id": "2758201", "bio": "", "photo": {"prefix": "https://igx.4sqi.net/img/user/", "suffix": "/2758201-OIFEOLJHTPEE23TS.jpg"}, "homeCity": "Singapore", "lists": {"groups": [{"items": [], "count": 14, "type": "created"}]}}, {"tips": {"count": 12}, "contact": {}, "firstName": "Chinmay", "gender": "male", "lastName": "Pendharkar", "id": "174249", "bio": "Geek. Podcaster. Acoustician.", "photo": {"prefix": "https://igx.4sqi.net/img/user/", "suffix": "/-J2SLWCJJH53RB0DM.jpg"}, "homeCity": "Singapore", "lists": {"groups": [{"items": [], "count": 4, "type": "created"}]}}, {"tips": {"count": 70}, "contact": {}, "firstName": "Valentine", "gender": "none", "id": "106085", "bio": "", "photo": {"prefix": "https://igx.4sqi.net/img/user/", "suffix": "/106085_1258685741291.png"}, "homeCity": "", "lists": {"groups": [{"items": [], "count": 14, "type": "created"}]}}, {"tips": {"count": 0}, "contact": {"twitter": "mysterious_man", "facebook": "633284176"}, "firstName": "Tan", "gender": "none", "lastName": "Teck", "id": "6073807", "bio": "", "photo": {"prefix": "https://igx.4sqi.net/img/user/", "suffix": "/blank_boy.png", "default": true}, "homeCity": "Malaysia", "lists": {"groups": [{"items": [], "count": 2, "type": "created"}]}}, {"tips": {"count": 6}, "contact": {"twitter": "kjy112", "facebook": "1196582522"}, "firstName": "Kj", "gender": "male", "lastName": "Ye", "id": "5324345", "bio": "", "photo": {"prefix": "https://igx.4sqi.net/img/user/", "suffix": "/XSN35CTRSC2C5KWD.jpg"}, "homeCity": "Lawrenceville, GA", "lists": {"groups": [{"items": [], "count": 2, "type": "created"}]}}, {"tips": {"count": 85}, "contact": {"twitter": "tiensoon"}, "firstName": "Tiensoon", "gender": "male", "id": "4055168", "bio": "", "photo": {"prefix": "https://igx.4sqi.net/img/user/", "suffix": "/NSH1EBL2DVQ1K0LW.jpg"}, "homeCity": "Klang Valley", "lists": {"groups": [{"items": [], "count": 5, "type": "created"}]}}, {"tips": {"count": 14}, "contact": {}, "firstName": "Leon", "gender": "male", "lastName": "Bacud", "id": "332736", "bio": "", "photo": {"prefix": "https://igx.4sqi.net/img/user/", "suffix": "/WXLIYDPNAJBNABPT.jpg"}, "homeCity": "Vallejo, CA", "lists": {"groups": [{"items": [], "count": 2, "type": "created"}]}}, {"tips": {"count": 0}, "contact": {"facebook": "542598762"}, "firstName": "Parvina", "gender": "female", "lastName": "Amurthalingam", "id": "73927222", "bio": "", "photo": {"prefix": "https://igx.4sqi.net/img/user/", "suffix": "/blank_girl.png", "default": true}, "homeCity": "", "lists": {"groups": [{"items": [], "count": 2, "type": "created"}]}}, {"tips": {"count": 14}, "contact": {"twitter": "wynlim", "facebook": "786683222"}, "firstName": "Winnie", "gender": "female", "lastName": "Lim", "id": "115160", "bio": "", "photo": {"prefix": "https://igx.4sqi.net/img/user/", "suffix": "/DONLZGJQ0SSMFTM2.jpg"}, "homeCity": "Singapore", "lists": {"groups": [{"items": [], "count": 19, "type": "created"}]}}, {"superuser": 1, "tips": {"count": 40}, "contact": {"twitter": "nileshbabu", "facebook": "1038039576"}, "firstName": "Nilesh", "gender": "male", "lastName": "Babu", "id": "157498", "bio": "", "photo": {"prefix": "https://igx.4sqi.net/img/user/", "suffix": "/ZC4ZEUMPXYXHMVIS.jpg"}, "homeCity": "Penang, Malaysia", "lists": {"groups": [{"items": [], "count": 4, "type": "created"}]}}, {"tips": {"count": 3}, "contact": {"twitter": "yassiryahya", "facebook": "681929866"}, "firstName": "Yassir", "gender": "male", "lastName": "Yahya", "id": "1272858", "bio": "Frontend developer, user experience designer, web standardista & Expression Engine evangelist. Author of @octalforty.", "photo": {"prefix": "https://igx.4sqi.net/img/user/", "suffix": "/TQSRG5XKE02E50XD.jpg"}, "homeCity": "Petaling Jaya, Malaysia", "lists": {"groups": [{"items": [], "count": 2, "type": "created"}]}}, {"tips": {"count": 4}, "contact": {"twitter": "skthew", "facebook": "665603664"}, "firstName": "SK", "gender": "male", "id": "3282534", "bio": "", "photo": {"prefix": "https://igx.4sqi.net/img/user/", "suffix": "/blank_boy.png", "default": true}, "homeCity": "Pulau Pinang, Malaysia", "lists": {"groups": [{"items": [], "count": 2, "type": "created"}]}}, {"tips": {"count": 16}, "contact": {"twitter": "paultantk", "facebook": "713876005"}, "firstName": "Paul", "gender": "male", "lastName": "Tan", "id": "106263", "bio": "", "photo": {"prefix": "https://igx.4sqi.net/img/user/", "suffix": "/UJPF353IXF4OQFG1.jpg"}, "homeCity": "Batu 9 Cheras, Kuala Lumpur", "lists": {"groups": [{"items": [], "count": 2, "type": "created"}]}}, {"tips": {"count": 6}, "contact": {"facebook": "536690933"}, "firstName": "Elizabeth", "gender": "female", "lastName": "Chin", "id": "9007932", "bio": "", "photo": {"prefix": "https://igx.4sqi.net/img/user/", "suffix": "/VSFFV4OFZAMWR0PY.jpg"}, "homeCity": "Perai, Malaysia", "lists": {"groups": [{"items": [], "count": 2, "type": "created"}]}}, {"tips": {"count": 24}, "contact": {"twitter": "denis125", "facebook": "1238701897"}, "firstName": "Denis", "gender": "male", "lastName": "Gavrilov", "id": "10819404", "bio": "", "photo": {"prefix": "https://igx.4sqi.net/img/user/", "suffix": "/10819404-WTRWZQLIHTU3ZQ42.jpg"}, "homeCity": "Singapore", "lists": {"groups": [{"items": [], "count": 3, "type": "created"}]}}, {"tips": {"count": 1}, "contact": {"facebook": "525154914"}, "firstName": "Yc", "gender": "male", "lastName": "Chee", "id": "48529203", "bio": "", "photo": {"prefix": "https://igx.4sqi.net/img/user/", "suffix": "/2KCRFGHWR0RFNIMB.jpg"}, "homeCity": "New York, NY", "lists": {"groups": [{"items": [], "count": 2, "type": "created"}]}}, {"tips": {"count": 30}, "contact": {"twitter": "ngeow", "facebook": "501422322"}, "firstName": "Wu Han", "gender": "male", "lastName": "Ngeow", "id": "341196", "bio": "", "photo": {"prefix": "https://igx.4sqi.net/img/user/", "suffix": "/341196-ZYEBHBYYDSJFXT2R.jpg"}, "homeCity": "Petaling Jaya, Malaysia", "lists": {"groups": [{"items": [], "count": 5, "type": "created"}]}}, {"tips": {"count": 0}, "contact": {"facebook": "608990188"}, "firstName": "Sebastiaan", "gender": "male", "lastName": "Deckers", "id": "74172892", "bio": "", "photo": {"prefix": "https://igx.4sqi.net/img/user/", "suffix": "/74172892-YDAJTZF153MKOBT2.jpg"}, "homeCity": "Singapore, Singapore", "lists": {"groups": [{"items": [], "count": 2, "type": "created"}]}}, {"superuser": 2, "tips": {"count": 56}, "contact": {"twitter": "wfxyz", "facebook": "1425630107"}, "firstName": "Wafiq", "gender": "male", "lastName": "Rodzuan", "id": "118420", "bio": "Nocturnal nomad net necromancer", "photo": {"prefix": "https://igx.4sqi.net/img/user/", "suffix": "/118420-LUJI52ISJXNEUGN4.jpg"}, "homeCity": "Bangkok", "lists": {"groups": [{"items": [], "count": 10, "type": "created"}]}}, {"superuser": 2, "tips": {"count": 21}, "contact": {"facebook": "664596657"}, "firstName": "Harinder", "gender": "male", "lastName": "Singh", "id": "157794", "bio": "Tech Evangelist. Blogger. Geek. Open Source.WordPress. Firefox. \uf8ff. Couchsurfer. Community. Digital Strategist @SocialOgilvy. Opinions are of my own.", "photo": {"prefix": "https://igx.4sqi.net/img/user/", "suffix": "/3X5BE3ZVJPXMQY5V.jpg"}, "homeCity": "Setapak, Kuala Lumpur", "lists": {"groups": [{"items": [], "count": 9, "type": "created"}]}}, {"tips": {"count": 24}, "contact": {"twitter": "lxcid", "facebook": "624405191"}, "firstName": "Stan", "gender": "male", "lastName": "Chang Khin Boon", "id": "1393579", "bio": "lxcid.com", "photo": {"prefix": "https://igx.4sqi.net/img/user/", "suffix": "/1393579-G5UKAPOTOXNNIQMI.jpg"}, "homeCity": "Singapore", "lists": {"groups": [{"items": [], "count": 2, "type": "created"}]}}, {"tips": {"count": 0}, "contact": {}, "firstName": "Dan", "gender": "male", "lastName": "Boyle", "id": "5304224", "bio": "", "photo": {"prefix": "https://igx.4sqi.net/img/user/", "suffix": "/GSF1YYBRLAEYRMN2.jpg"}, "homeCity": "Dublin, Ireland", "lists": {"groups": [{"items": [], "count": 2, "type": "created"}]}}, {"tips": {"count": 5}, "contact": {"twitter": "claytonnarcis", "facebook": "533814714"}, "firstName": "Clayton", "gender": "male", "lastName": "Narcis", "id": "106702", "bio": "", "photo": {"prefix": "https://igx.4sqi.net/img/user/", "suffix": "/106702-S1V10T2ZIDI3XXP4.jpg"}, "homeCity": "Bukit Mertajam, Penang", "lists": {"groups": [{"items": [], "count": 2, "type": "created"}]}}, {"tips": {"count": 0}, "contact": {"facebook": "1041450141"}, "firstName": "Brittany", "gender": "female", "lastName": "Voster", "id": "90636711", "bio": "", "photo": {"prefix": "https://igx.4sqi.net/img/user/", "suffix": "/90636711-KRMLBQHH3FHLB2TA.jpg"}, "homeCity": "San Francisco, California", "lists": {"groups": [{"items": [], "count": 2, "type": "created"}]}}, {"tips": {"count": 170}, "contact": {"twitter": "ericthebell"}, "firstName": "Eric", "gender": "none", "lastName": "Bell", "id": "14173926", "bio": "Product Design at Rakuten Manga", "photo": {"prefix": "https://igx.4sqi.net/img/user/", "suffix": "/M0CGFCMAGI0RILHS.jpg"}, "homeCity": "San Francisco, CA", "lists": {"groups": [{"items": [], "count": 3, "type": "created"}]}}, {"tips": {"count": 2}, "contact": {}, "firstName": "Brenda Nicole", "gender": "female", "lastName": "Tan", "id": "401981", "bio": "", "photo": {"prefix": "https://igx.4sqi.net/img/user/", "suffix": "/ALD3UPSKR2GG2JD0.jpg"}, "homeCity": "Singapore", "lists": {"groups": [{"items": [], "count": 2, "type": "created"}]}}, {"tips": {"count": 33}, "contact": {"twitter": "skeevs", "facebook": "656020667"}, "firstName": "Perry", "gender": "male", "lastName": "Loh", "id": "121269", "bio": "I'm a geek, 8-bit pixel junkie, gamer and coder at heart.", "photo": {"prefix": "https://igx.4sqi.net/img/user/", "suffix": "/CSQ4QFTBZ1GZ0OTU.jpg"}, "homeCity": "Kuala Lumpur", "lists": {"groups": [{"items": [], "count": 6, "type": "created"}]}}, {"superuser": 2, "tips": {"count": 20}, "contact": {"twitter": "hongster"}, "firstName": "Hean Hong", "gender": "male", "lastName": "Leong", "id": "158043", "bio": "Software engineer, Web app,  Android app, geek", "photo": {"prefix": "https://igx.4sqi.net/img/user/", "suffix": "/158043-Q52CIPPELLQQUK35.jpg"}, "homeCity": "Singapore", "lists": {"groups": [{"items": [], "count": 2, "type": "created"}]}}, {"tips": {"count": 38}, "contact": {"twitter": "teddyrised", "facebook": "539228285"}, "firstName": "Terry", "gender": "male", "lastName": "Mun", "id": "1416933", "bio": "Amateur photographer, enthusiastic pixel baker, whimsical writer, recreational cyclist, and PhD student in molecular biology. Sometimes clumsy.", "photo": {"prefix": "https://igx.4sqi.net/img/user/", "suffix": "/STPJTBL12PPCRVDN.jpg"}, "homeCity": "Aarhus, Denmark", "lists": {"groups": [{"items": [], "count": 2, "type": "created"}]}}, {"tips": {"count": 2}, "contact": {"twitter": "stuti90"}, "firstName": "Stuti", "gender": "female", "lastName": "Dhanvada", "id": "6042666", "bio": "", "photo": {"prefix": "https://igx.4sqi.net/img/user/", "suffix": "/33WPGNB0YSDCC4EP.jpg"}, "homeCity": "Singapore", "lists": {"groups": [{"items": [], "count": 6, "type": "created"}]}}, {"tips": {"count": 0}, "contact": {"twitter": "paikia", "facebook": "680409967"}, "firstName": "Jason", "gender": "male", "lastName": "Low", "id": "106703", "bio": "", "photo": {"prefix": "https://igx.4sqi.net/img/user/", "suffix": "/KBYJ42KAOEVJXQCQ.jpg"}, "homeCity": "Singapore", "lists": {"groups": [{"items": [], "count": 2, "type": "created"}]}}, {"tips": {"count": 0}, "contact": {"facebook": "564074544"}, "firstName": "Vincent", "gender": "male", "lastName": "Lee", "id": "45115592", "bio": "", "photo": {"prefix": "https://igx.4sqi.net/img/user/", "suffix": "/45115592-HGCECBGMOALJIYEO.jpg"}, "homeCity": "", "lists": {"groups": [{"items": [], "count": 2, "type": "created"}]}}, {"tips": {"count": 0}, "contact": {"twitter": "jasonong"}, "firstName": "Jason", "gender": "male", "lastName": "Ong", "id": "624486", "bio": "", "photo": {"prefix": "https://igx.4sqi.net/img/user/", "suffix": "/blank_boy.png", "default": true}, "homeCity": "Singapore", "lists": {"groups": [{"items": [], "count": 2, "type": "created"}]}}, {"superuser": 1, "tips": {"count": 8}, "contact": {"twitter": "coderkungfu", "facebook": "503517228"}, "firstName": "Michael", "gender": "male", "lastName": "Cheng", "id": "121729", "bio": "", "photo": {"prefix": "https://igx.4sqi.net/img/user/", "suffix": "/121729-1450YYZ2QCKCRWMC.jpg"}, "homeCity": "Singapore", "lists": {"groups": [{"items": [], "count": 4, "type": "created"}]}}, {"tips": {"count": 20}, "contact": {"twitter": "sidwyn", "facebook": "10154475149131590"}, "firstName": "Sidwyn", "gender": "male", "lastName": "Koh", "id": "159409", "bio": "", "photo": {"prefix": "https://igx.4sqi.net/img/user/", "suffix": "/4YL214AKLQKJOPDL.jpg"}, "homeCity": "San Francisco", "lists": {"groups": [{"items": [], "count": 8, "type": "created"}]}}, {"tips": {"count": 7}, "contact": {"facebook": "626149581"}, "firstName": "Mugunth", "gender": "male", "lastName": "Kumar", "id": "1417045", "bio": "", "photo": {"prefix": "https://igx.4sqi.net/img/user/", "suffix": "/1417045-JC2E52AR2IKASW04.jpg"}, "homeCity": "Singapore", "lists": {"groups": [{"items": [], "count": 2, "type": "created"}]}}, {"tips": {"count": 0}, "contact": {}, "firstName": "Choon kee", "gender": "male", "lastName": "Oh", "id": "6539655", "bio": "", "photo": {"prefix": "https://igx.4sqi.net/img/user/", "suffix": "/DJZBFNJL1CZWXMBR.jpg"}, "homeCity": "Singapore", "lists": {"groups": [{"items": [], "count": 2, "type": "created"}]}}, {"superuser": 2, "tips": {"count": 58}, "contact": {}, "firstName": "Ronnie", "gender": "male", "lastName": "Liew", "id": "106739", "bio": "", "photo": {"prefix": "https://igx.4sqi.net/img/user/", "suffix": "/106739-5RDU242RZOEOQGUT.jpg"}, "homeCity": "New York, NY", "lists": {"groups": [{"items": [], "count": 7, "type": "created"}]}}, {"tips": {"count": 0}, "contact": {}, "firstName": "Arun", "gender": "male", "lastName": "Thampi", "id": "737558", "bio": "", "photo": {"prefix": "https://igx.4sqi.net/img/user/", "suffix": "/blank_boy.png", "default": true}, "homeCity": "San Francisco", "lists": {"groups": [{"items": [], "count": 2, "type": "created"}]}}, {"superuser": 1, "tips": {"count": 12}, "contact": {"twitter": "tekong", "facebook": "608781318"}, "firstName": "ikhwan", "gender": "male", "lastName": "nazri", "id": "123983", "bio": "", "photo": {"prefix": "https://igx.4sqi.net/img/user/", "suffix": "/-1_1259124612010.jpg"}, "homeCity": "Kuala Lumpur, Malaysia", "lists": {"groups": [{"items": [], "count": 3, "type": "created"}]}}, {"tips": {"count": 38}, "contact": {"twitter": "yoonkit", "facebook": "713117149"}, "firstName": "Yoon-Kit", "gender": "male", "lastName": "Yong", "id": "728109", "bio": "", "photo": {"prefix": "https://igx.4sqi.net/img/user/", "suffix": "/OCN2ZVDGBGNBJAZF.jpg"}, "homeCity": "Kuala Lumpur, Malaysia", "lists": {"groups": [{"items": [], "count": 2, "type": "created"}]}}, {"tips": {"count": 144}, "contact": {}, "firstName": "Hauser", "gender": "none", "id": "1719059", "bio": "8 languages, lived in 10 cities, traveled to 40 countries (and counting). Won't stop bitchin about startups and corporates", "photo": {"prefix": "https://igx.4sqi.net/img/user/", "suffix": "/1719059-RDJNBMTSLLEZF0F4.jpg"}, "homeCity": "hong kong \u2606 shenzhen \u2606 new york city \u2606 istanbul \u2606 ankara \u2606 singapore \u2606 san francisco", "lists": {"groups": [{"items": [], "count": 36, "type": "created"}]}}, {"tips": {"count": 0}, "contact": {"facebook": "100000291782565"}, "firstName": "Wai", "gender": "male", "lastName": "Ket", "id": "61740309", "bio": "", "photo": {"prefix": "https://igx.4sqi.net/img/user/", "suffix": "/ZYIQIPYEZ0IMHM3K.jpg"}, "homeCity": "Shah Alam, 12", "lists": {"groups": [{"items": [], "count": 2, "type": "created"}]}}, {"tips": {"count": 2}, "contact": {"twitter": "akmalfikri", "facebook": "1344223371"}, "firstName": "Akmal Fikri", "gender": "male", "lastName": "Abdul Rahman", "id": "106908", "bio": "", "photo": {"prefix": "https://igx.4sqi.net/img/user/", "suffix": "/L4FF1YXUQHZY4J41.jpg"}, "homeCity": "Kuala Lumpur, Malaysia", "lists": {"groups": [{"items": [], "count": 2, "type": "created"}]}}, {"tips": {"count": 1}, "contact": {"twitter": "neeravkumar", "facebook": "591446731"}, "firstName": "Neerav", "gender": "male", "lastName": "Kumar", "id": "3333863", "bio": "", "photo": {"prefix": "https://igx.4sqi.net/img/user/", "suffix": "/blank_boy.png", "default": true}, "homeCity": "Bombay, India", "lists": {"groups": [{"items": [], "count": 2, "type": "created"}]}}, {"superuser": 1, "tips": {"count": 2}, "contact": {"facebook": "530422872"}, "firstName": "Jerome", "gender": "male", "lastName": "Chan", "id": "126040", "bio": "", "photo": {"prefix": "https://igx.4sqi.net/img/user/", "suffix": "/126040_1259277441212.png"}, "homeCity": "Singapore", "lists": {"groups": [{"items": [], "count": 2, "type": "created"}]}}, {"tips": {"count": 16}, "contact": {"facebook": "570173858"}, "firstName": "Ahmed", "gender": "male", "lastName": "Amer", "id": "85935807", "bio": "", "photo": {"prefix": "https://igx.4sqi.net/img/user/", "suffix": "/85935807-0AX3RELNSBGCUGCN"}, "homeCity": "Singapore", "lists": {"groups": [{"items": [], "count": 5, "type": "created"}]}}, {"tips": {"count": 20}, "contact": {"twitter": "jurvistan", "facebook": "100001392283680"}, "firstName": "Jurvis", "gender": "male", "lastName": "Tan", "id": "2014434", "bio": "", "photo": {"prefix": "https://igx.4sqi.net/img/user/", "suffix": "/2014434-TORYVP5OC1G2WD4R.jpg"}, "homeCity": "Singapore", "lists": {"groups": [{"items": [], "count": 4, "type": "created"}]}}, {"tips": {"count": 1}, "contact": {"twitter": "kenshino", "facebook": "1679061362410662"}, "firstName": "Jon", "gender": "male", "lastName": "Ang", "id": "341168448", "bio": "", "photo": {"prefix": "https://igx.4sqi.net/img/user/", "suffix": "/341168448-YZFM555QZT322MHZ.jpg"}, "homeCity": "Tokyo", "lists": {"groups": [{"items": [], "count": 2, "type": "created"}]}}, {"tips": {"count": 2}, "contact": {"twitter": "smckl"}, "firstName": "SMC", "gender": "none", "lastName": "Kuala Lumpur", "id": "107090", "bio": "", "photo": {"prefix": "https://igx.4sqi.net/img/user/", "suffix": "/-1_1258693172236.jpg"}, "homeCity": "Kuala Lumpur, Malaysia", "lists": {"groups": [{"items": [], "count": 2, "type": "created"}]}}, {"tips": {"count": 1}, "contact": {"twitter": "irmayon", "facebook": "1657263128"}, "firstName": "Irma", "gender": "female", "lastName": "Yon", "id": "8914913", "bio": "", "photo": {"prefix": "https://igx.4sqi.net/img/user/", "suffix": "/8914913-KHEEQYWRJJJYBRUV.jpg"}, "homeCity": "Kuala Lumpur, Malaysia", "lists": {"groups": [{"items": [], "count": 2, "type": "created"}]}}, {"tips": {"count": 19}, "contact": {}, "firstName": "Brian", "gender": "male", "lastName": "Ritchie", "id": "126538", "bio": "", "photo": {"prefix": "https://igx.4sqi.net/img/user/", "suffix": "/126538-MJESXHGG5ND13CE0.jpg"}, "homeCity": "Kuala Lumpur, Malaysia", "lists": {"groups": [{"items": [], "count": 9, "type": "created"}]}}, {"tips": {"count": 0}, "contact": {"twitter": "dannygarcia", "facebook": "100001225231995"}, "firstName": "Danny", "gender": "male", "lastName": "Garcia", "id": "85982666", "bio": "", "photo": {"prefix": "https://igx.4sqi.net/img/user/", "suffix": "/85982666-INY401CI2DPJY2PT.jpg"}, "homeCity": "Cupertino, California", "lists": {"groups": [{"items": [], "count": 2, "type": "created"}]}}, {"tips": {"count": 44}, "contact": {"twitter": "wilfred", "facebook": "661094516"}, "firstName": "Wilfred", "gender": "male", "lastName": "Tee", "id": "2038206", "bio": "", "photo": {"prefix": "https://igx.4sqi.net/img/user/", "suffix": "/0RCBB3OVSWLGZRWG.jpg"}, "homeCity": "Kuala Lumpur", "lists": {"groups": [{"items": [], "count": 10, "type": "created"}]}}, {"tips": {"count": 38}, "contact": {"twitter": "salocinten", "facebook": "10153717954876154"}, "firstName": "Salocin.TEN", "gender": "male", "lastName": "www.salocinten.info", "id": "107290", "bio": "www.salocinten.info", "photo": {"prefix": "https://igx.4sqi.net/img/user/", "suffix": "/SMP0IVTUSQZJSCD0.png"}, "homeCity": "Petaling Jaya, Selangor", "lists": {"groups": [{"items": [], "count": 5, "type": "created"}]}}, {"tips": {"count": 4}, "contact": {"twitter": "jedschmidt", "facebook": "514896859"}, "firstName": "Jed", "gender": "male", "lastName": "Schmidt", "id": "65455884", "bio": "", "photo": {"prefix": "https://igx.4sqi.net/img/user/", "suffix": "/65455884-RI0TOK3MBQ1ZOIPE.jpg"}, "homeCity": "Kingston, NY", "lists": {"groups": [{"items": [], "count": 3, "type": "created"}]}}, {"tips": {"count": 8}, "contact": {"twitter": "nohardrules", "facebook": "785510141"}, "firstName": "Kiran", "gender": "male", "lastName": "Nesarajah", "id": "126724", "bio": "", "photo": {"prefix": "https://igx.4sqi.net/img/user/", "suffix": "/1P4M3OHTOGHRVSF2.jpg"}, "homeCity": "Subang Jaya, Selangor", "lists": {"groups": [{"items": [], "count": 2, "type": "created"}]}}, {"tips": {"count": 3}, "contact": {"twitter": "jibone"}, "firstName": "J Shamsul", "gender": "male", "lastName": "Bahri", "id": "2426133", "bio": "", "photo": {"prefix": "https://igx.4sqi.net/img/user/", "suffix": "/S1E3P35CF340SCKS.jpg"}, "homeCity": "Rawang, Malaysia", "lists": {"groups": [{"items": [], "count": 3, "type": "created"}]}}, {"tips": {"count": 8}, "contact": {"twitter": "wilfredphua", "facebook": "10155971918885261"}, "firstName": "Wilfred", "gender": "male", "lastName": "Phua", "id": "107390", "bio": "Popping up all over the place!", "photo": {"prefix": "https://igx.4sqi.net/img/user/", "suffix": "/PKTHLBEBCOFQQ1QD.jpg"}, "homeCity": "Singapore", "lists": {"groups": [{"items": [], "count": 4, "type": "created"}]}}, {"superuser": 1, "tips": {"count": 10}, "contact": {"twitter": "melvincwh", "facebook": "516840247"}, "firstName": "Melvin", "gender": "male", "lastName": "Chan", "id": "127764", "bio": "", "photo": {"prefix": "https://igx.4sqi.net/img/user/", "suffix": "/DHQPAWCFEGSOLXWY.jpg"}, "homeCity": "Kuala Lumpur, Malaysia", "lists": {"groups": [{"items": [], "count": 2, "type": "created"}]}}, {"tips": {"count": 2}, "contact": {}, "firstName": "Chin Yong", "gender": "male", "lastName": "Tang", "id": "2585461", "bio": "", "photo": {"prefix": "https://igx.4sqi.net/img/user/", "suffix": "/RIXHTNP2BKR5AJKH.jpg"}, "homeCity": "Melaka, Malaysia", "lists": {"groups": [{"items": [], "count": 2, "type": "created"}]}}, {"superuser": 2, "tips": {"count": 17}, "contact": {"twitter": "mikefoong", "facebook": "509289967"}, "firstName": "Michael", "gender": "male", "lastName": "Foong", "id": "107438", "bio": "", "photo": {"prefix": "https://igx.4sqi.net/img/user/", "suffix": "/DYY04MGOU1CVVH14.jpg"}, "homeCity": "Singapore, 038986", "lists": {"groups": [{"items": [], "count": 8, "type": "created"}]}}, {"tips": {"count": 36}, "contact": {"twitter": "sengming", "facebook": "561010009"}, "firstName": "SengMing", "gender": "male", "lastName": "Tan", "id": "128011", "bio": "", "photo": {"prefix": "https://igx.4sqi.net/img/user/", "suffix": "/Z4FYHP5ZJEUEDM4M.jpg"}, "homeCity": "Jersey City, New Jersey", "lists": {"groups": [{"items": [], "count": 13, "type": "created"}]}}, {"tips": {"count": 1}, "contact": {"twitter": "allisterb", "facebook": "904150327"}, "firstName": "Allister", "gender": "male", "lastName": "Barretto", "id": "3764507", "bio": "", "photo": {"prefix": "https://igx.4sqi.net/img/user/", "suffix": "/UNZKOECH3I0QIUF4.jpg"}, "homeCity": "Singapore ", "lists": {"groups": [{"items": [], "count": 2, "type": "created"}]}}, {"tips": {"count": 5}, "contact": {"twitter": "jarrold"}, "firstName": "Jarrold", "gender": "male", "lastName": "Ong", "id": "107705", "bio": "", "photo": {"prefix": "https://igx.4sqi.net/img/user/", "suffix": "/4HIX5JD2TUNZO4PL.jpg"}, "homeCity": "Singapore, ", "lists": {"groups": [{"items": [], "count": 2, "type": "created"}]}}, {"tips": {"count": 23}, "contact": {"twitter": "chuyeow"}, "firstName": "Chu Yeow", "gender": "male", "id": "130907", "bio": "", "photo": {"prefix": "https://igx.4sqi.net/img/user/", "suffix": "/130907_1259465568737.png"}, "homeCity": "Singapore", "lists": {"groups": [{"items": [], "count": 4, "type": "created"}]}}, {"tips": {"count": 0}, "contact": {"facebook": "507061073"}, "firstName": "Hao Wooi", "gender": "male", "lastName": "Lim", "id": "3829302", "bio": "", "photo": {"prefix": "https://igx.4sqi.net/img/user/", "suffix": "/blank_boy.png", "default": true}, "homeCity": "Selangor, Malaysia", "lists": {"groups": [{"items": [], "count": 2, "type": "created"}]}}, {"superuser": 1, "tips": {"count": 22}, "contact": {"twitter": "zhiq", "facebook": "750716662"}, "firstName": "Lim", "gender": "male", "lastName": "Yung-Hui", "id": "107887", "bio": "", "photo": {"prefix": "https://igx.4sqi.net/img/user/", "suffix": "/GIOMMOSLMNQR5BW5.jpg"}, "homeCity": "Kuala Lumpur, Malaysia", "lists": {"groups": [{"items": [], "count": 3, "type": "created"}]}}, {"superuser": 1, "tips": {"count": 125}, "contact": {"twitter": "vernieman", "facebook": "772240240"}, "firstName": "Vernon", "gender": "male", "lastName": "Chan", "id": "131375", "bio": "", "photo": {"prefix": "https://igx.4sqi.net/img/user/", "suffix": "/131375_1259507032056.jpg"}, "homeCity": "Kuala Lumpur", "lists": {"groups": [{"items": [], "count": 20, "type": "created"}]}}, {"tips": {"count": 7}, "contact": {"twitter": "borryshasian", "facebook": "669228256"}, "firstName": "Borrys", "gender": "male", "lastName": "Hasian", "id": "4200311", "bio": "The first Indonesian to be a Google Expert in UX/UI. A Google Launchpad Global Mentor for UX/UI. CEO & Founder of Circle UX.", "photo": {"prefix": "https://igx.4sqi.net/img/user/", "suffix": "/4200311-YJ1IYIHSRPLDATIV.jpg"}, "homeCity": "Singapore", "lists": {"groups": [{"items": [], "count": 2, "type": "created"}]}}, {"tips": {"count": 15}, "contact": {"twitter": "jaytriathlon", "facebook": "1067107107"}, "firstName": "Jerome", "gender": "male", "lastName": "Sadou", "id": "108026", "bio": "Ohayostudio.com\r\n\r\nJeromeSadou.com", "photo": {"prefix": "https://igx.4sqi.net/img/user/", "suffix": "/108026-VAAGCXA4FQB5ATAZ.jpg"}, "homeCity": "Miyazaki, Aoshima", "lists": {"groups": [{"items": [], "count": 3, "type": "created"}]}}, {"tips": {"count": 91}, "contact": {"twitter": "shamhardy", "facebook": "620124681"}, "firstName": "Sham", "gender": "male", "lastName": "Hardy", "id": "135001", "bio": "Founder and manager of World Idea Network company, a web developer, photographer, graphic designer, blogger, and a happy father.", "photo": {"prefix": "https://igx.4sqi.net/img/user/", "suffix": "/HWMGRYVBQ4XCFT32.jpg"}, "homeCity": "Putrajaya", "lists": {"groups": [{"items": [], "count": 5, "type": "created"}]}}, {"tips": {"count": 16}, "contact": {"twitter": "d_mitar", "facebook": "655227322"}, "firstName": "D", "gender": "male", "lastName": "Christoff", "id": "4472992", "bio": "", "photo": {"prefix": "https://igx.4sqi.net/img/user/", "suffix": "/4472992-OVUVLHLD3OJA1OBP.jpg"}, "homeCity": "Ealing, UK", "lists": {"groups": [{"items": [], "count": 2, "type": "created"}]}}, {"tips": {"count": 116}, "contact": {"twitter": "gamerz", "facebook": "813110073"}, "firstName": "Lester", "gender": "male", "lastName": "Chan", "id": "108030", "bio": "Technology/Gadget Blogger at lesterchan.net. Head of Engineering at @techinasia. @WordPress Plugins Developer. Loves Gadgets, Movies, Music, Food.", "photo": {"prefix": "https://igx.4sqi.net/img/user/", "suffix": "/108030-AKBFBUUGH1SQ5N4L"}, "homeCity": "Singapore", "lists": {"groups": [{"items": [], "count": 10, "type": "created"}]}}, {"tips": {"count": 13}, "contact": {}, "firstName": "kates", "gender": "male", "id": "135726", "bio": "", "photo": {"prefix": "https://igx.4sqi.net/img/user/", "suffix": "/40KMOIMYMOW5U0YG.jpg"}, "homeCity": "Singapore", "lists": {"groups": [{"items": [], "count": 2, "type": "created"}]}}, {"tips": {"count": 14}, "contact": {"twitter": "syuxx"}, "firstName": "Syukri", "gender": "male", "lastName": "Arabi", "id": "4731055", "bio": "", "photo": {"prefix": "https://igx.4sqi.net/img/user/", "suffix": "/RISYKR15FLMQOHC1.jpg"}, "homeCity": "Malaysia", "lists": {"groups": [{"items": [], "count": 2, "type": "created"}]}}, {"tips": {"count": 7}, "contact": {"twitter": "saadkamal", "facebook": "548350294"}, "firstName": "Saad", "gender": "male", "lastName": "Kamal", "id": "108358", "bio": "An Entrepreneur who currently seems to love everything Mobile & Social.", "photo": {"prefix": "https://igx.4sqi.net/img/user/", "suffix": "/311KEX32RNQTK5JJ.jpg"}, "homeCity": "Singapore", "lists": {"groups": [{"items": [], "count": 2, "type": "created"}]}}, {"tips": {"count": 0}, "contact": {"twitter": "jrignacio", "facebook": "592466602"}, "firstName": "J.R.", "gender": "male", "lastName": "Ignacio", "id": "136524", "bio": "", "photo": {"prefix": "https://igx.4sqi.net/img/user/", "suffix": "/136524-PU5P3GS4C2OAIHVJ"}, "homeCity": "Makati City, National Capital Region, Philippines", "lists": {"groups": [{"items": [], "count": 3, "type": "created"}]}}, {"tips": {"count": 53}, "contact": {}, "firstName": "Nat", "gender": "female", "lastName": "IP", "id": "7319511", "bio": "Social Nat Works.", "photo": {"prefix": "https://igx.4sqi.net/img/user/", "suffix": "/7319511_SCSlW0Do_udItT7Hgbw6Lc4QecQqwJQS5IvWLzI2YLK3SLkzaqYxr5shAnCHepfgXjDukkCwP.jpg"}, "homeCity": "Ip in the air", "lists": {"groups": [{"items": [], "count": 3, "type": "created"}]}}, {"superuser": 1, "tips": {"count": 6}, "contact": {"facebook": "737875500"}, "firstName": "Yan", "gender": "none", "lastName": "Phun", "id": "109204", "bio": "", "photo": {"prefix": "https://igx.4sqi.net/img/user/", "suffix": "/UZS1Q5NTTWBREKRU.jpg"}, "homeCity": "Singapore", "lists": {"groups": [{"items": [], "count": 2, "type": "created"}]}}, {"tips": {"count": 0}, "contact": {"twitter": "joejacobs89", "facebook": "1012714614"}, "firstName": "Joe", "gender": "male", "lastName": "Jacobs", "id": "136537", "bio": "Comp Sci grad from @Bristoluni, studying Machine Learning @UCLcs", "photo": {"prefix": "https://igx.4sqi.net/img/user/", "suffix": "/EGO4Q4BO1HCXUHEH.jpg"}, "homeCity": "London, UK", "lists": {"groups": [{"items": [], "count": 2, "type": "created"}]}}, {"tips": {"count": 0}, "contact": {"facebook": "10205698246231190"}, "firstName": "Lagz0ne", "gender": "male", "id": "46324780", "bio": "", "photo": {"prefix": "https://igx.4sqi.net/img/user/", "suffix": "/46324780-M0OUDMHZFLIEQ54O.jpg"}, "homeCity": "Ho Chi Minh city, Vietnam", "lists": {"groups": [{"items": [], "count": 2, "type": "created"}]}}, {"tips": {"count": 55}, "contact": {"twitter": "kahwee", "facebook": "852815625"}, "firstName": "KahWee", "gender": "male", "lastName": "Teng", "id": "109249", "bio": "My favorite places are Korea, Japan and Singapore!", "photo": {"prefix": "https://igx.4sqi.net/img/user/", "suffix": "/MSAUMDIT2FSCLEYQ.jpg"}, "homeCity": "San Francisco, CA", "lists": {"groups": [{"items": [], "count": 15, "type": "created"}]}}, {"superuser": 1, "tips": {"count": 5}, "contact": {"twitter": "joshlim", "facebook": "10152973607902559"}, "firstName": "Josh", "gender": "male", "lastName": "Lim", "id": "142717", "bio": "", "photo": {"prefix": "https://igx.4sqi.net/img/user/", "suffix": "/142717_1259998900875.jpg"}, "homeCity": "\ubcf4\ub839\uc2dc \uc2e0\ud751\ub3d9, \ub300\ud55c\ubbfc\uad6d \ucda9\uccad\ub0a8\ub3c4", "lists": {"groups": [{"items": [], "count": 2, "type": "created"}]}}, {"tips": {"count": 1}, "contact": {"twitter": "juanitofatas", "facebook": "1340181291"}, "firstName": "Juanito", "gender": "male", "lastName": "Fatas", "id": "89202587", "bio": "", "photo": {"prefix": "https://igx.4sqi.net/img/user/", "suffix": "/89202587-S3X0SRFKH2ABBC0M.jpg"}, "homeCity": "Taipei, Taiwan", "lists": {"groups": [{"items": [], "count": 2, "type": "created"}]}}, {"superuser": 2, "tips": {"count": 36}, "contact": {"twitter": "cerventus", "facebook": "510442171"}, "firstName": "Daniel", "gender": "male", "lastName": "Cerventus", "id": "112187", "bio": "", "photo": {"prefix": "https://igx.4sqi.net/img/user/", "suffix": "/2BZEELUERDHAPLMG.png"}, "homeCity": "Petaling Jaya, Selangor", "lists": {"groups": [{"items": [], "count": 3, "type": "created"}]}}, {"tips": {"count": 1}, "contact": {"twitter": "weynsee", "facebook": "565314105"}, "firstName": "Wayne", "gender": "male", "lastName": "See", "id": "144076", "bio": "", "photo": {"prefix": "https://igx.4sqi.net/img/user/", "suffix": "/OSYIYZCTKC5EV4FG.png"}, "homeCity": "Melbourne", "lists": {"groups": [{"items": [], "count": 2, "type": "created"}]}}, {"tips": {"count": 19}, "contact": {"twitter": "lucian"}, "firstName": "Lucian", "gender": "male", "lastName": "Teo", "id": "112245", "bio": "", "photo": {"prefix": "https://igx.4sqi.net/img/user/", "suffix": "/112245_1259133849630.jpg"}, "homeCity": "Singapore", "lists": {"groups": [{"items": [], "count": 2, "type": "created"}]}}, {"tips": {"count": 0}, "contact": {}, "firstName": "Sneha", "gender": "female", "lastName": "Menon", "id": "552510", "bio": "", "photo": {"prefix": "https://igx.4sqi.net/img/user/", "suffix": "/blank_girl.png", "default": true}, "homeCity": "Singapore", "lists": {"groups": [{"items": [], "count": 2, "type": "created"}]}}, {"superuser": 1, "tips": {"count": 7}, "contact": {"twitter": "triplez82", "facebook": "618173122"}, "firstName": "Justin", "gender": "male", "lastName": "Lee", "id": "112320", "bio": "", "photo": {"prefix": "https://igx.4sqi.net/img/user/", "suffix": "/112320_1258956701019.png"}, "homeCity": "Singapore", "lists": {"groups": [{"items": [], "count": 4, "type": "created"}]}}, {"tips": {"count": 0}, "contact": {"twitter": "taneliang", "facebook": "1562289296"}, "firstName": "E-Liang", "gender": "male", "lastName": "Tan", "id": "553608", "bio": "", "photo": {"prefix": "https://igx.4sqi.net/img/user/", "suffix": "/blank_boy.png", "default": true}, "homeCity": "Singapore", "lists": {"groups": [{"items": [], "count": 2, "type": "created"}]}}, {"tips": {"count": 17}, "contact": {"twitter": "ryannguyentt", "facebook": "1405760906"}, "firstName": "Ryan", "gender": "male", "lastName": "Nguyen", "id": "23382672", "bio": "cat and garden lover", "photo": {"prefix": "https://igx.4sqi.net/img/user/", "suffix": "/UEZQTW2NDI54QQGN.jpg"}, "homeCity": "Singapore, Singapore", "lists": {"groups": [{"items": [], "count": 24, "type": "created"}]}}, {"tips": {"count": 41}, "contact": {"twitter": "markfull", "facebook": "10206969031162939"}, "firstName": "Mark", "gender": "male", "lastName": "Fu", "id": "1048097", "bio": "", "photo": {"prefix": "https://igx.4sqi.net/img/user/", "suffix": "/W11FMR5ZCZ31S3Y1.jpg"}, "homeCity": "Singapore", "lists": {"groups": [{"items": [], "count": 4, "type": "created"}]}}, {"tips": {"count": 16}, "contact": {"facebook": "776202902"}, "firstName": "Hwee-Boon", "gender": "male", "lastName": "Yar", "id": "1480215", "bio": "", "photo": {"prefix": "https://igx.4sqi.net/img/user/", "suffix": "/Y1BU0XZZVHVFIODO.jpg"}, "homeCity": "Singapore", "lists": {"groups": [{"items": [], "count": 2, "type": "created"}]}}, {"tips": {"count": 0}, "contact": {"twitter": "syazli7", "facebook": "543350311"}, "firstName": "Mohd Syazli", "gender": "male", "lastName": "Mahmud", "id": "4929638", "bio": "", "photo": {"prefix": "https://igx.4sqi.net/img/user/", "suffix": "/GB0L2B0BUHEQKT3K.jpg"}, "homeCity": "Klang, Malaysia", "lists": {"groups": [{"items": [], "count": 2, "type": "created"}]}}, {"tips": {"count": 4}, "contact": {"twitter": "lulai", "facebook": "640408337"}, "firstName": "Lucia", "gender": "female", "lastName": "Lai", "id": "5413906", "bio": "", "photo": {"prefix": "https://igx.4sqi.net/img/user/", "suffix": "/0R23YIEIFTPGYJPW.jpg"}, "homeCity": "Pulau Pinang, Malaysia", "lists": {"groups": [{"items": [], "count": 2, "type": "created"}]}}, {"tips": {"count": 1}, "contact": {"twitter": "dragdro3737", "facebook": "1477093791"}, "firstName": "Daneal", "gender": "male", "lastName": "Mohd", "id": "15225095", "bio": "", "photo": {"prefix": "https://igx.4sqi.net/img/user/", "suffix": "/15225095-DJO25RJKFAOUQJH0.jpg"}, "homeCity": "Perai, Malaysia", "lists": {"groups": [{"items": [], "count": 2, "type": "created"}]}}, {"tips": {"count": 3}, "contact": {"twitter": "jamesooieh", "facebook": "649074295"}, "firstName": "James", "gender": "male", "lastName": "Ooi", "id": "21865817", "bio": "", "photo": {"prefix": "https://igx.4sqi.net/img/user/", "suffix": "/21865817-YC0U15OUNC5UO4LW.jpg"}, "homeCity": "Selangor", "lists": {"groups": [{"items": [], "count": 2, "type": "created"}]}}, {"tips": {"count": 1}, "contact": {"facebook": "671717615"}, "firstName": "Weiman", "gender": "female", "lastName": "Kow", "id": "79734664", "bio": "", "photo": {"prefix": "https://igx.4sqi.net/img/user/", "suffix": "/79734664-L5YANO4JLTK1TXFL.jpg"}, "homeCity": "Singapore", "lists": {"groups": [{"items": [], "count": 6, "type": "created"}]}}, {"tips": {"count": 5}, "contact": {"twitter": "crazywildberry", "facebook": "513228716"}, "firstName": "Akmal", "gender": "female", "lastName": "Zainuddin", "id": "80264675", "bio": "", "photo": {"prefix": "https://igx.4sqi.net/img/user/", "suffix": "/80264675-O4U3QSNK3IOHHATD.jpg"}, "homeCity": "Seremban, NSN", "lists": {"groups": [{"items": [], "count": 2, "type": "created"}]}}, {"tips": {"count": 63}, "contact": {"twitter": "sindresorhus", "facebook": "833515028"}, "firstName": "Sindre", "gender": "male", "lastName": "Sorhus", "id": "81413332", "bio": "", "photo": {"prefix": "https://igx.4sqi.net/img/user/", "suffix": "/81413332-POGIGBIUMYVP52OY"}, "homeCity": "Lillehammer, Norway", "lists": {"groups": [{"items": [], "count": 6, "type": "created"}]}}], "count": 196}, "checksum": "2e446aa5738550bc44981108d4a065fb73adb467"}, "meta": {"requestId": "5965ef5d9fb6b77b76278ae5", "code": 200}}