{"notifications": [{"type": "notificationTray", "item": {"unreadCount": 0}}], "response": {"friends": {"items": [{"superuser": 2, "tips": {"count": 24}, "contact": {}, "firstName": "Bernard", "gender": "male", "lastName": "Leong", "id": "99548", "bio": "", "photo": {"prefix": "https://igx.4sqi.net/img/user/", "suffix": "/-1_1258434298233.jpg"}, "homeCity": "Singapore", "lists": {"groups": [{"items": [], "count": 2, "type": "created"}]}}, {"tips": {"count": 3}, "contact": {"twitter": "sweemeng", "facebook": "10153808714609319"}, "firstName": "Ng", "gender": "male", "lastName": "Meng", "id": "6293648", "bio": "", "photo": {"prefix": "https://igx.4sqi.net/img/user/", "suffix": "/GYVKENNDXSVYJUMG.jpg"}, "homeCity": "Kuala Lumpur, Malaysia", "lists": {"groups": [{"items": [], "count": 2, "type": "created"}]}}, {"tips": {"count": 9}, "contact": {}, "firstName": "Redha", "gender": "male", "lastName": "E", "id": "7191603", "bio": "", "photo": {"prefix": "https://igx.4sqi.net/img/user/", "suffix": "/K0HVGZRYTUXC3R0H.jpg"}, "homeCity": "Singapore", "lists": {"groups": [{"items": [], "count": 5, "type": "created"}]}}, {"tips": {"count": 18}, "contact": {"twitter": "joshuatly", "facebook": "1360684792"}, "firstName": "Tee", "gender": "male", "lastName": "Joshuatly", "id": "413526", "bio": "", "photo": {"prefix": "https://igx.4sqi.net/img/user/", "suffix": "/413526-W1B2KZ3SFD12YALJ.jpg"}, "homeCity": "Kuala Lumpur, Malaysia", "lists": {"groups": [{"items": [], "count": 4, "type": "created"}]}}, {"tips": {"count": 0}, "contact": {"twitter": "lorniecheery", "facebook": "669084627"}, "firstName": "Lorna", "gender": "female", "lastName": "Yeo", "id": "7690208", "bio": "", "photo": {"prefix": "https://igx.4sqi.net/img/user/", "suffix": "/CKJ451N1DHCSBCEX.jpg"}, "homeCity": "Singapore", "lists": {"groups": [{"items": [], "count": 2, "type": "created"}]}}, {"tips": {"count": 5}, "contact": {"twitter": "soonx", "facebook": "643348723"}, "firstName": "IZack", "gender": "male", "lastName": "Chin", "id": "519828", "bio": "", "photo": {"prefix": "https://igx.4sqi.net/img/user/", "suffix": "/5HS5GQOSJXSRCFDJ.jpg"}, "homeCity": "Kuala Lumpur, Malaysia", "lists": {"groups": [{"items": [], "count": 3, "type": "created"}]}}, {"tips": {"count": 6}, "contact": {"twitter": "sausheong", "facebook": "559348574"}, "firstName": "Sau Sheong", "gender": "male", "lastName": "Chang", "id": "230684", "bio": "", "photo": {"prefix": "https://igx.4sqi.net/img/user/", "suffix": "/AT4LG5BMCWUZVWGO.jpg"}, "homeCity": "Singapore", "lists": {"groups": [{"items": [], "count": 2, "type": "created"}]}}, {"tips": {"count": 0}, "contact": {"twitter": "exabytesbuddies"}, "firstName": "The Gang of Exabytes", "gender": "none", "id": "5504021", "bio": "", "photo": {"prefix": "https://igx.4sqi.net/img/user/", "suffix": "/AVJKZAD44WLK42NR.jpg"}, "homeCity": "Pulau Pinang, Malaysia", "lists": {"groups": [{"items": [], "count": 2, "type": "created"}]}}, {"tips": {"count": 6}, "contact": {"twitter": "kjy112", "facebook": "1196582522"}, "firstName": "Kj", "gender": "male", "lastName": "Ye", "id": "5324345", "bio": "", "photo": {"prefix": "https://igx.4sqi.net/img/user/", "suffix": "/XSN35CTRSC2C5KWD.jpg"}, "homeCity": "Lawrenceville, GA", "lists": {"groups": [{"items": [], "count": 2, "type": "created"}]}}, {"tips": {"count": 1}, "contact": {"twitter": "zibin"}, "firstName": "zibin", "gender": "male", "id": "463549", "bio": "", "photo": {"prefix": "https://igx.4sqi.net/img/user/", "suffix": "/CWYASWZPR4JLKSBK.png"}, "homeCity": "Oslo, Norway", "lists": {"groups": [{"items": [], "count": 2, "type": "created"}]}}, {"superuser": 3, "tips": {"count": 263}, "contact": {"twitter": "liewcf", "facebook": "517211934"}, "firstName": "Cheon Fong", "gender": "male", "lastName": "Liew", "id": "198264", "bio": "http://www.liewcf.com", "photo": {"prefix": "https://igx.4sqi.net/img/user/", "suffix": "/XU25DZDJSC4MF3A1.jpg"}, "homeCity": "Kluang, Johor, Malaysia", "lists": {"groups": [{"items": [], "count": 4, "type": "created"}]}}, {"superuser": 2, "tips": {"count": 70}, "contact": {}, "firstName": "Carolyn", "gender": "female", "lastName": "Chan\u2122", "id": "84696", "bio": "Gamer at large.", "photo": {"prefix": "https://igx.4sqi.net/img/user/", "suffix": "/84696-XKB4YHT5ONFEXPGQ.jpg"}, "homeCity": "Singapore", "lists": {"groups": [{"items": [], "count": 5, "type": "created"}]}}, {"superuser": 3, "tips": {"count": 60}, "contact": {"twitter": "burnflare", "facebook": "227701303"}, "firstName": "Vishnu", "gender": "male", "lastName": "Prem", "id": "34032", "bio": "", "photo": {"prefix": "https://igx.4sqi.net/img/user/", "suffix": "/34032-T2KRHUMOZJZ52GQU.jpg"}, "homeCity": "Singapore", "lists": {"groups": [{"items": [], "count": 12, "type": "created"}]}}, {"tips": {"count": 7}, "contact": {}, "firstName": "Teng Siong", "gender": "male", "lastName": "Ong", "id": "944", "bio": "", "photo": {"prefix": "https://igx.4sqi.net/img/user/", "suffix": "/OLTYZNSP2GRXYQWY.jpg"}, "homeCity": "San Francisco, CA", "lists": {"groups": [{"items": [], "count": 19, "type": "created"}]}}, {"tips": {"count": 1}, "contact": {"twitter": "nanyate", "facebook": "28104170"}, "firstName": "Ivy", "gender": "female", "lastName": "Tan", "id": "147422", "bio": "", "photo": {"prefix": "https://igx.4sqi.net/img/user/", "suffix": "/YHGF5WQK3Z10QE32.jpg"}, "homeCity": "Singapore", "lists": {"groups": [{"items": [], "count": 2, "type": "created"}]}}, {"tips": {"count": 10}, "contact": {"twitter": "lankapo", "facebook": "803150106"}, "firstName": "Azlan", "gender": "male", "lastName": "A Raof", "id": "964124", "bio": "Ubunturian", "photo": {"prefix": "https://igx.4sqi.net/img/user/", "suffix": "/F030O51BDX5MQLXQ.jpg"}, "homeCity": "Putrajaya", "lists": {"groups": [{"items": [], "count": 5, "type": "created"}]}}, {"tips": {"count": 8}, "contact": {"twitter": "crynobone", "facebook": "665130476"}, "firstName": "Mior Muhammad Zaki", "gender": "male", "lastName": "Mior Khairuddin", "id": "201253", "bio": "", "photo": {"prefix": "https://igx.4sqi.net/img/user/", "suffix": "/XGC01TEFZISH0WY3.jpg"}, "homeCity": "Kuala Lumpur, Malaysia", "lists": {"groups": [{"items": [], "count": 2, "type": "created"}]}}, {"tips": {"count": 22}, "contact": {"twitter": "emaconline", "facebook": "521272825"}, "firstName": "Efren", "gender": "male", "lastName": "Macasaet", "id": "169291", "bio": "", "photo": {"prefix": "https://igx.4sqi.net/img/user/", "suffix": "/UANE3E02OL02UQQK.jpg"}, "homeCity": "Hong Kong", "lists": {"groups": [{"items": [], "count": 2, "type": "created"}]}}, {"superuser": 1, "tips": {"count": 15}, "contact": {"twitter": "iamjohnlai", "facebook": "1232008250"}, "firstName": "John", "gender": "male", "lastName": "Lai", "id": "102817", "bio": "", "photo": {"prefix": "https://igx.4sqi.net/img/user/", "suffix": "/4ZTBPQMV5IOM3BCK.jpg"}, "homeCity": "Auckland", "lists": {"groups": [{"items": [], "count": 2, "type": "created"}]}}, {"tips": {"count": 0}, "contact": {"twitter": "melvintay85"}, "firstName": "Melvin", "gender": "male", "lastName": "Tay", "id": "10314325", "bio": "", "photo": {"prefix": "https://igx.4sqi.net/img/user/", "suffix": "/FKNBB4EL203FH1LB.jpg"}, "homeCity": "Kuala Lumpur, Malaysia", "lists": {"groups": [{"items": [], "count": 3, "type": "created"}]}}, {"tips": {"count": 48}, "contact": {"twitter": "dannyfoo", "facebook": "714304539"}, "firstName": "Danny", "gender": "male", "lastName": "Foo", "id": "240106", "bio": "Spaced out creative guy.", "photo": {"prefix": "https://igx.4sqi.net/img/user/", "suffix": "/ZFEQRCC2GBGC2FNB.jpg"}, "homeCity": "Petaling Jaya, Selangor", "lists": {"groups": [{"items": [], "count": 10, "type": "created"}]}}, {"tips": {"count": 1}, "contact": {"twitter": "ryanpham", "facebook": "675434492"}, "firstName": "Ryan", "gender": "male", "lastName": "P", "id": "1232072", "bio": "", "photo": {"prefix": "https://igx.4sqi.net/img/user/", "suffix": "/JHBIXUXIX0STFPSV.jpg"}, "homeCity": "Singapore", "lists": {"groups": [{"items": [], "count": 2, "type": "created"}]}}, {"superuser": 1, "tips": {"count": 1}, "contact": {"twitter": "garrickcheung", "facebook": "509113736"}, "firstName": "Garrick", "gender": "male", "lastName": "Cheung", "id": "85140", "bio": "", "photo": {"prefix": "https://igx.4sqi.net/img/user/", "suffix": "/85140-GD1MKR4GARA3GZ0V.jpg"}, "homeCity": "San Francisco, CA", "lists": {"groups": [{"items": [], "count": 2, "type": "created"}]}}, {"tips": {"count": 72}, "contact": {"twitter": "espen_antonsen"}, "firstName": "Espen", "gender": "male", "lastName": "Antonsen", "id": "595541", "bio": "I travel to eat.", "photo": {"prefix": "https://igx.4sqi.net/img/user/", "suffix": "/-RRKOCN1C05EAIWHV.png"}, "homeCity": "", "lists": {"groups": [{"items": [], "count": 25, "type": "created"}]}}, {"superuser": 2, "tips": {"count": 34}, "contact": {"twitter": "imknight", "facebook": "572927944"}, "firstName": "knight", "gender": "none", "lastName": "tan", "id": "52537", "bio": "", "photo": {"prefix": "https://igx.4sqi.net/img/user/", "suffix": "/W2BIO4CF3VGBNDD1.jpg"}, "homeCity": "Singapore", "lists": {"groups": [{"items": [], "count": 7, "type": "created"}]}}, {"superuser": 1, "tips": {"count": 31}, "contact": {"twitter": "blogjunkie", "facebook": "700291804"}, "firstName": "David", "gender": "male", "lastName": "Wang", "id": "152979", "bio": "I help busy bloggers and small business owners be awesome with WordPress. Learn how I can help at http://clickwp.com/wordpress-support", "photo": {"prefix": "https://igx.4sqi.net/img/user/", "suffix": "/5XDWTJL0R23VKV1U.jpg"}, "homeCity": "Kuala Lumpur", "lists": {"groups": [{"items": [], "count": 4, "type": "created"}]}}, {"tips": {"count": 2}, "contact": {"twitter": "chernjie", "facebook": "511067128"}, "firstName": "ChernJie", "gender": "male", "id": "1154160", "bio": "", "photo": {"prefix": "https://igx.4sqi.net/img/user/", "suffix": "/OOJVPR1BEA2F2RW2.jpg"}, "homeCity": "Kunming, Yunnan", "lists": {"groups": [{"items": [], "count": 2, "type": "created"}]}}, {"tips": {"count": 18}, "contact": {"twitter": "jacki3lene", "facebook": "736763289"}, "firstName": "Jackie", "gender": "female", "lastName": "Camomot", "id": "2389227", "bio": "I love trying out new foods. Definitely live to eat.", "photo": {"prefix": "https://igx.4sqi.net/img/user/", "suffix": "/2389227-GY4VRJUA3AWBRH2V.jpg"}, "homeCity": "Melbourne, VIC", "lists": {"groups": [{"items": [], "count": 9, "type": "created"}]}}, {"tips": {"count": 1}, "contact": {"twitter": "ufong", "facebook": "673275041"}, "firstName": "U-Fong", "gender": "male", "lastName": "Chua", "id": "174011", "bio": "", "photo": {"prefix": "https://igx.4sqi.net/img/user/", "suffix": "/JH1LLNTMW5P1G2SK.jpg"}, "homeCity": "Singapore", "lists": {"groups": [{"items": [], "count": 2, "type": "created"}]}}, {"tips": {"count": 13}, "contact": {"twitter": "marvinlee"}, "firstName": "Marvin", "gender": "male", "lastName": "Lee", "id": "105504", "bio": "", "photo": {"prefix": "https://igx.4sqi.net/img/user/", "suffix": "/105504_1258689646696.jpg"}, "homeCity": "Petaling Jaya, Malaysia", "lists": {"groups": [{"items": [], "count": 2, "type": "created"}]}}, {"tips": {"count": 0}, "contact": {}, "firstName": "Wilson", "gender": "male", "lastName": "Alcantara", "id": "16023082", "bio": "", "photo": {"prefix": "https://igx.4sqi.net/img/user/", "suffix": "/JE3RRS11K1UOID0S.jpg"}, "homeCity": "Singapore", "lists": {"groups": [{"items": [], "count": 2, "type": "created"}]}}, {"tips": {"count": 0}, "contact": {"facebook": "626187874"}, "firstName": "Raphael", "gender": "none", "lastName": "Ong", "id": "1431324", "bio": "", "photo": {"prefix": "https://igx.4sqi.net/img/user/", "suffix": "/blank_boy.png", "default": true}, "homeCity": "Singapore", "lists": {"groups": [{"items": [], "count": 2, "type": "created"}]}}, {"tips": {"count": 0}, "contact": {}, "firstName": "TS", "gender": "male", "lastName": "Lim", "id": "3533629", "bio": "www.clipsoflogic.com", "photo": {"prefix": "https://igx.4sqi.net/img/user/", "suffix": "/0N2NMNCGMA2N5C1U.jpg"}, "homeCity": "Penampang, Malaysia", "lists": {"groups": [{"items": [], "count": 2, "type": "created"}]}}, {"tips": {"count": 1}, "contact": {"twitter": "aen", "facebook": "570211067"}, "firstName": "Aen", "gender": "male", "lastName": "Tan", "id": "92944", "bio": "", "photo": {"prefix": "https://igx.4sqi.net/img/user/", "suffix": "/DE5FUODT0H2BRCXX.jpg"}, "homeCity": "Singapore", "lists": {"groups": [{"items": [], "count": 2, "type": "created"}]}}, {"tips": {"count": 0}, "contact": {"twitter": "marcfowler", "facebook": "509370817"}, "firstName": "Marc", "gender": "male", "lastName": "Fowler", "id": "705353", "bio": "", "photo": {"prefix": "https://igx.4sqi.net/img/user/", "suffix": "/blank_boy.png", "default": true}, "homeCity": "Ipswich, UK", "lists": {"groups": [{"items": [], "count": 2, "type": "created"}]}}, {"superuser": 2, "tips": {"count": 236}, "contact": {"twitter": "bytebot", "facebook": "10153611298382621"}, "firstName": "Colin", "gender": "male", "lastName": "Charles", "id": "113161", "bio": "Businessman. Technologist. World Traveler. Am @bytebot on Twitter/Instagram", "photo": {"prefix": "https://igx.4sqi.net/img/user/", "suffix": "/-1_1258790748092.jpg"}, "homeCity": "Kuala Lumpur, Malaysia", "lists": {"groups": [{"items": [], "count": 23, "type": "created"}]}}, {"superuser": 1, "tips": {"count": 21}, "contact": {"twitter": "cedric_chee", "facebook": "560718690"}, "firstName": "Cedric", "gender": "male", "lastName": "Chee", "id": "156483", "bio": "Foodie. Travel junkie. Nature lover.", "photo": {"prefix": "https://igx.4sqi.net/img/user/", "suffix": "/D45WWM4XFZCPEIGI.jpg"}, "homeCity": "Singapore", "lists": {"groups": [{"items": [], "count": 7, "type": "created"}]}}, {"tips": {"count": 3}, "contact": {"twitter": "yassiryahya", "facebook": "681929866"}, "firstName": "Yassir", "gender": "male", "lastName": "Yahya", "id": "1272858", "bio": "Frontend developer, user experience designer, web standardista & Expression Engine evangelist. Author of @octalforty.", "photo": {"prefix": "https://igx.4sqi.net/img/user/", "suffix": "/TQSRG5XKE02E50XD.jpg"}, "homeCity": "Petaling Jaya, Malaysia", "lists": {"groups": [{"items": [], "count": 2, "type": "created"}]}}, {"tips": {"count": 4}, "contact": {"twitter": "skthew", "facebook": "665603664"}, "firstName": "SK", "gender": "male", "id": "3282534", "bio": "", "photo": {"prefix": "https://igx.4sqi.net/img/user/", "suffix": "/blank_boy.png", "default": true}, "homeCity": "Pulau Pinang, Malaysia", "lists": {"groups": [{"items": [], "count": 2, "type": "created"}]}}, {"superuser": 2, "tips": {"count": 78}, "contact": {"twitter": "hadramie", "facebook": "1001891387"}, "firstName": "Syed Idrus", "gender": "male", "lastName": "Al-Haddad", "id": "174170", "bio": "", "photo": {"prefix": "https://igx.4sqi.net/img/user/", "suffix": "/G1M0WG04P5EIRUTT.png"}, "homeCity": "Petaling Jaya, Selangor", "lists": {"groups": [{"items": [], "count": 9, "type": "created"}]}}, {"superuser": 1, "tips": {"count": 21}, "contact": {"twitter": "kamal", "facebook": "508258787"}, "firstName": "Kamal", "gender": "male", "lastName": "Fariz", "id": "105706", "bio": "", "photo": {"prefix": "https://igx.4sqi.net/img/user/", "suffix": "/105706_1258679937361.png"}, "homeCity": "Namyangju-si, Gyeonggi-do", "lists": {"groups": [{"items": [], "count": 2, "type": "created"}]}}, {"tips": {"count": 85}, "contact": {"twitter": "tiensoon"}, "firstName": "Tiensoon", "gender": "male", "id": "4055168", "bio": "", "photo": {"prefix": "https://igx.4sqi.net/img/user/", "suffix": "/NSH1EBL2DVQ1K0LW.jpg"}, "homeCity": "Klang Valley", "lists": {"groups": [{"items": [], "count": 5, "type": "created"}]}}, {"tips": {"count": 0}, "contact": {"twitter": "skyfish81", "facebook": "10206747482220216"}, "firstName": "Ryan", "gender": "male", "lastName": "Tan", "id": "318354", "bio": "", "photo": {"prefix": "https://igx.4sqi.net/img/user/", "suffix": "/1B2HYEUKCP2JXZTJ.jpg"}, "homeCity": "Queenstown, Singapore", "lists": {"groups": [{"items": [], "count": 3, "type": "created"}]}}, {"superuser": 1, "tips": {"count": 12}, "contact": {"twitter": "tekong", "facebook": "608781318"}, "firstName": "ikhwan", "gender": "male", "lastName": "nazri", "id": "123983", "bio": "", "photo": {"prefix": "https://igx.4sqi.net/img/user/", "suffix": "/-1_1259124612010.jpg"}, "homeCity": "Kuala Lumpur, Malaysia", "lists": {"groups": [{"items": [], "count": 3, "type": "created"}]}}, {"tips": {"count": 6}, "contact": {"twitter": "jerryong", "facebook": "1457102307"}, "firstName": "ONG", "gender": "male", "lastName": "Mr", "id": "156743", "bio": "", "photo": {"prefix": "https://igx.4sqi.net/img/user/", "suffix": "/KGHT1EJK0T5CCC2P.jpg"}, "homeCity": "Petaling Jaya, Selangor", "lists": {"groups": [{"items": [], "count": 2, "type": "created"}]}}, {"tips": {"count": 7}, "contact": {"facebook": "626149581"}, "firstName": "Mugunth", "gender": "male", "lastName": "Kumar", "id": "1417045", "bio": "", "photo": {"prefix": "https://igx.4sqi.net/img/user/", "suffix": "/1417045-JC2E52AR2IKASW04.jpg"}, "homeCity": "Singapore", "lists": {"groups": [{"items": [], "count": 2, "type": "created"}]}}, {"tips": {"count": 0}, "contact": {}, "firstName": "Dan", "gender": "male", "lastName": "Boyle", "id": "5304224", "bio": "", "photo": {"prefix": "https://igx.4sqi.net/img/user/", "suffix": "/GSF1YYBRLAEYRMN2.jpg"}, "homeCity": "Dublin, Ireland", "lists": {"groups": [{"items": [], "count": 2, "type": "created"}]}}, {"superuser": 1, "tips": {"count": 5}, "contact": {"twitter": "derekw", "facebook": "522793941"}, "firstName": "Derek", "gender": "male", "lastName": "Wong", "id": "105994", "bio": "", "photo": {"prefix": "https://igx.4sqi.net/img/user/", "suffix": "/105994_1258682536251.jpg"}, "homeCity": "Kuala Lumpur, Malaysia", "lists": {"groups": [{"items": [], "count": 2, "type": "created"}]}}, {"tips": {"count": 14}, "contact": {}, "firstName": "Leon", "gender": "male", "lastName": "Bacud", "id": "332736", "bio": "", "photo": {"prefix": "https://igx.4sqi.net/img/user/", "suffix": "/WXLIYDPNAJBNABPT.jpg"}, "homeCity": "Vallejo, CA", "lists": {"groups": [{"items": [], "count": 2, "type": "created"}]}}, {"superuser": 1, "tips": {"count": 2}, "contact": {"facebook": "530422872"}, "firstName": "Jerome", "gender": "male", "lastName": "Chan", "id": "126040", "bio": "", "photo": {"prefix": "https://igx.4sqi.net/img/user/", "suffix": "/126040_1259277441212.png"}, "homeCity": "Singapore", "lists": {"groups": [{"items": [], "count": 2, "type": "created"}]}}, {"superuser": 1, "tips": {"count": 40}, "contact": {"twitter": "nileshbabu", "facebook": "1038039576"}, "firstName": "Nilesh", "gender": "male", "lastName": "Babu", "id": "157498", "bio": "", "photo": {"prefix": "https://igx.4sqi.net/img/user/", "suffix": "/ZC4ZEUMPXYXHMVIS.jpg"}, "homeCity": "Penang, Malaysia", "lists": {"groups": [{"items": [], "count": 4, "type": "created"}]}}, {"tips": {"count": 44}, "contact": {"twitter": "wilfred", "facebook": "661094516"}, "firstName": "Wilfred", "gender": "male", "lastName": "Tee", "id": "2038206", "bio": "", "photo": {"prefix": "https://igx.4sqi.net/img/user/", "suffix": "/0RCBB3OVSWLGZRWG.jpg"}, "homeCity": "Kuala Lumpur", "lists": {"groups": [{"items": [], "count": 10, "type": "created"}]}}, {"tips": {"count": 2}, "contact": {"twitter": "stuti90"}, "firstName": "Stuti", "gender": "female", "lastName": "Dhanvada", "id": "6042666", "bio": "", "photo": {"prefix": "https://igx.4sqi.net/img/user/", "suffix": "/33WPGNB0YSDCC4EP.jpg"}, "homeCity": "Singapore", "lists": {"groups": [{"items": [], "count": 6, "type": "created"}]}}, {"tips": {"count": 16}, "contact": {"twitter": "paultantk", "facebook": "713876005"}, "firstName": "Paul", "gender": "male", "lastName": "Tan", "id": "106263", "bio": "", "photo": {"prefix": "https://igx.4sqi.net/img/user/", "suffix": "/UJPF353IXF4OQFG1.jpg"}, "homeCity": "Batu 9 Cheras, Kuala Lumpur", "lists": {"groups": [{"items": [], "count": 2, "type": "created"}]}}, {"tips": {"count": 30}, "contact": {"twitter": "ngeow", "facebook": "501422322"}, "firstName": "Wu Han", "gender": "male", "lastName": "Ngeow", "id": "341196", "bio": "", "photo": {"prefix": "https://igx.4sqi.net/img/user/", "suffix": "/341196-ZYEBHBYYDSJFXT2R.jpg"}, "homeCity": "Petaling Jaya, Malaysia", "lists": {"groups": [{"items": [], "count": 5, "type": "created"}]}}, {"tips": {"count": 19}, "contact": {}, "firstName": "Brian", "gender": "male", "lastName": "Ritchie", "id": "126538", "bio": "", "photo": {"prefix": "https://igx.4sqi.net/img/user/", "suffix": "/126538-MJESXHGG5ND13CE0.jpg"}, "homeCity": "Kuala Lumpur, Malaysia", "lists": {"groups": [{"items": [], "count": 9, "type": "created"}]}}, {"superuser": 2, "tips": {"count": 21}, "contact": {"facebook": "664596657"}, "firstName": "Harinder", "gender": "male", "lastName": "Singh", "id": "157794", "bio": "Tech Evangelist. Blogger. Geek. Open Source.WordPress. Firefox. \uf8ff. Couchsurfer. Community. Digital Strategist @SocialOgilvy. Opinions are of my own.", "photo": {"prefix": "https://igx.4sqi.net/img/user/", "suffix": "/3X5BE3ZVJPXMQY5V.jpg"}, "homeCity": "Setapak, Kuala Lumpur", "lists": {"groups": [{"items": [], "count": 9, "type": "created"}]}}, {"tips": {"count": 3}, "contact": {"twitter": "jibone"}, "firstName": "J Shamsul", "gender": "male", "lastName": "Bahri", "id": "2426133", "bio": "", "photo": {"prefix": "https://igx.4sqi.net/img/user/", "suffix": "/S1E3P35CF340SCKS.jpg"}, "homeCity": "Rawang, Malaysia", "lists": {"groups": [{"items": [], "count": 3, "type": "created"}]}}, {"tips": {"count": 0}, "contact": {}, "firstName": "Choon kee", "gender": "male", "lastName": "Oh", "id": "6539655", "bio": "", "photo": {"prefix": "https://igx.4sqi.net/img/user/", "suffix": "/DJZBFNJL1CZWXMBR.jpg"}, "homeCity": "Singapore", "lists": {"groups": [{"items": [], "count": 2, "type": "created"}]}}, {"tips": {"count": 5}, "contact": {"twitter": "claytonnarcis", "facebook": "533814714"}, "firstName": "Clayton", "gender": "male", "lastName": "Narcis", "id": "106702", "bio": "", "photo": {"prefix": "https://igx.4sqi.net/img/user/", "suffix": "/106702-S1V10T2ZIDI3XXP4.jpg"}, "homeCity": "Bukit Mertajam, Penang", "lists": {"groups": [{"items": [], "count": 2, "type": "created"}]}}, {"tips": {"count": 0}, "contact": {"twitter": "jasonong"}, "firstName": "Jason", "gender": "male", "lastName": "Ong", "id": "624486", "bio": "", "photo": {"prefix": "https://igx.4sqi.net/img/user/", "suffix": "/blank_boy.png", "default": true}, "homeCity": "Singapore", "lists": {"groups": [{"items": [], "count": 2, "type": "created"}]}}, {"tips": {"count": 8}, "contact": {"twitter": "nohardrules", "facebook": "785510141"}, "firstName": "Kiran", "gender": "male", "lastName": "Nesarajah", "id": "126724", "bio": "", "photo": {"prefix": "https://igx.4sqi.net/img/user/", "suffix": "/1P4M3OHTOGHRVSF2.jpg"}, "homeCity": "Subang Jaya, Selangor", "lists": {"groups": [{"items": [], "count": 2, "type": "created"}]}}, {"superuser": 2, "tips": {"count": 20}, "contact": {"twitter": "hongster"}, "firstName": "Hean Hong", "gender": "male", "lastName": "Leong", "id": "158043", "bio": "Software engineer, Web app,  Android app, geek", "photo": {"prefix": "https://igx.4sqi.net/img/user/", "suffix": "/158043-Q52CIPPELLQQUK35.jpg"}, "homeCity": "Singapore", "lists": {"groups": [{"items": [], "count": 2, "type": "created"}]}}, {"tips": {"count": 2}, "contact": {}, "firstName": "Chin Yong", "gender": "male", "lastName": "Tang", "id": "2585461", "bio": "", "photo": {"prefix": "https://igx.4sqi.net/img/user/", "suffix": "/RIXHTNP2BKR5AJKH.jpg"}, "homeCity": "Melaka, Malaysia", "lists": {"groups": [{"items": [], "count": 2, "type": "created"}]}}, {"tips": {"count": 0}, "contact": {"twitter": "paikia", "facebook": "680409967"}, "firstName": "Jason", "gender": "male", "lastName": "Low", "id": "106703", "bio": "", "photo": {"prefix": "https://igx.4sqi.net/img/user/", "suffix": "/KBYJ42KAOEVJXQCQ.jpg"}, "homeCity": "Singapore", "lists": {"groups": [{"items": [], "count": 2, "type": "created"}]}}, {"tips": {"count": 0}, "contact": {}, "firstName": "Arun", "gender": "male", "lastName": "Thampi", "id": "737558", "bio": "", "photo": {"prefix": "https://igx.4sqi.net/img/user/", "suffix": "/blank_boy.png", "default": true}, "homeCity": "San Francisco", "lists": {"groups": [{"items": [], "count": 2, "type": "created"}]}}, {"superuser": 1, "tips": {"count": 10}, "contact": {"twitter": "melvincwh", "facebook": "516840247"}, "firstName": "Melvin", "gender": "male", "lastName": "Chan", "id": "127764", "bio": "", "photo": {"prefix": "https://igx.4sqi.net/img/user/", "suffix": "/DHQPAWCFEGSOLXWY.jpg"}, "homeCity": "Kuala Lumpur, Malaysia", "lists": {"groups": [{"items": [], "count": 2, "type": "created"}]}}, {"tips": {"count": 20}, "contact": {"twitter": "sidwyn", "facebook": "10154475149131590"}, "firstName": "Sidwyn", "gender": "male", "lastName": "Koh", "id": "159409", "bio": "", "photo": {"prefix": "https://igx.4sqi.net/img/user/", "suffix": "/4YL214AKLQKJOPDL.jpg"}, "homeCity": "San Francisco", "lists": {"groups": [{"items": [], "count": 8, "type": "created"}]}}, {"tips": {"count": 0}, "contact": {"facebook": "507061073"}, "firstName": "Hao Wooi", "gender": "male", "lastName": "Lim", "id": "3829302", "bio": "", "photo": {"prefix": "https://igx.4sqi.net/img/user/", "suffix": "/blank_boy.png", "default": true}, "homeCity": "Selangor, Malaysia", "lists": {"groups": [{"items": [], "count": 2, "type": "created"}]}}, {"superuser": 2, "tips": {"count": 58}, "contact": {}, "firstName": "Ronnie", "gender": "male", "lastName": "Liew", "id": "106739", "bio": "", "photo": {"prefix": "https://igx.4sqi.net/img/user/", "suffix": "/106739-5RDU242RZOEOQGUT.jpg"}, "homeCity": "New York, NY", "lists": {"groups": [{"items": [], "count": 7, "type": "created"}]}}, {"tips": {"count": 36}, "contact": {"twitter": "sengming", "facebook": "561010009"}, "firstName": "SengMing", "gender": "male", "lastName": "Tan", "id": "128011", "bio": "", "photo": {"prefix": "https://igx.4sqi.net/img/user/", "suffix": "/Z4FYHP5ZJEUEDM4M.jpg"}, "homeCity": "Jersey City, New Jersey", "lists": {"groups": [{"items": [], "count": 13, "type": "created"}]}}, {"tips": {"count": 38}, "contact": {"twitter": "yoonkit", "facebook": "713117149"}, "firstName": "Yoon-Kit", "gender": "male", "lastName": "Yong", "id": "728109", "bio": "", "photo": {"prefix": "https://igx.4sqi.net/img/user/", "suffix": "/OCN2ZVDGBGNBJAZF.jpg"}, "homeCity": "Kuala Lumpur, Malaysia", "lists": {"groups": [{"items": [], "count": 2, "type": "created"}]}}, {"tips": {"count": 16}, "contact": {"twitter": "d_mitar", "facebook": "655227322"}, "firstName": "D", "gender": "male", "lastName": "Christoff", "id": "4472992", "bio": "", "photo": {"prefix": "https://igx.4sqi.net/img/user/", "suffix": "/4472992-OVUVLHLD3OJA1OBP.jpg"}, "homeCity": "Ealing, UK", "lists": {"groups": [{"items": [], "count": 2, "type": "created"}]}}, {"tips": {"count": 2}, "contact": {"twitter": "akmalfikri", "facebook": "1344223371"}, "firstName": "Akmal Fikri", "gender": "male", "lastName": "Abdul Rahman", "id": "106908", "bio": "", "photo": {"prefix": "https://igx.4sqi.net/img/user/", "suffix": "/L4FF1YXUQHZY4J41.jpg"}, "homeCity": "Kuala Lumpur, Malaysia", "lists": {"groups": [{"items": [], "count": 2, "type": "created"}]}}, {"tips": {"count": 23}, "contact": {"twitter": "chuyeow"}, "firstName": "Chu Yeow", "gender": "male", "id": "130907", "bio": "", "photo": {"prefix": "https://igx.4sqi.net/img/user/", "suffix": "/130907_1259465568737.png"}, "homeCity": "Singapore", "lists": {"groups": [{"items": [], "count": 4, "type": "created"}]}}, {"tips": {"count": 14}, "contact": {"twitter": "syuxx"}, "firstName": "Syukri", "gender": "male", "lastName": "Arabi", "id": "4731055", "bio": "", "photo": {"prefix": "https://igx.4sqi.net/img/user/", "suffix": "/RISYKR15FLMQOHC1.jpg"}, "homeCity": "Malaysia", "lists": {"groups": [{"items": [], "count": 2, "type": "created"}]}}, {"tips": {"count": 2}, "contact": {"twitter": "smckl"}, "firstName": "SMC", "gender": "none", "lastName": "Kuala Lumpur", "id": "107090", "bio": "", "photo": {"prefix": "https://igx.4sqi.net/img/user/", "suffix": "/-1_1258693172236.jpg"}, "homeCity": "Kuala Lumpur, Malaysia", "lists": {"groups": [{"items": [], "count": 2, "type": "created"}]}}, {"superuser": 1, "tips": {"count": 125}, "contact": {"twitter": "vernieman", "facebook": "772240240"}, "firstName": "Vernon", "gender": "male", "lastName": "Chan", "id": "131375", "bio": "", "photo": {"prefix": "https://igx.4sqi.net/img/user/", "suffix": "/131375_1259507032056.jpg"}, "homeCity": "Kuala Lumpur", "lists": {"groups": [{"items": [], "count": 20, "type": "created"}]}}, {"tips": {"count": 38}, "contact": {"twitter": "salocinten", "facebook": "10153717954876154"}, "firstName": "Salocin.TEN", "gender": "male", "lastName": "www.salocinten.info", "id": "107290", "bio": "www.salocinten.info", "photo": {"prefix": "https://igx.4sqi.net/img/user/", "suffix": "/SMP0IVTUSQZJSCD0.png"}, "homeCity": "Petaling Jaya, Selangor", "lists": {"groups": [{"items": [], "count": 5, "type": "created"}]}}, {"tips": {"count": 91}, "contact": {"twitter": "shamhardy", "facebook": "620124681"}, "firstName": "Sham", "gender": "male", "lastName": "Hardy", "id": "135001", "bio": "Founder and manager of World Idea Network company, a web developer, photographer, graphic designer, blogger, and a happy father.", "photo": {"prefix": "https://igx.4sqi.net/img/user/", "suffix": "/HWMGRYVBQ4XCFT32.jpg"}, "homeCity": "Putrajaya", "lists": {"groups": [{"items": [], "count": 5, "type": "created"}]}}, {"superuser": 2, "tips": {"count": 17}, "contact": {"twitter": "mikefoong", "facebook": "509289967"}, "firstName": "Michael", "gender": "male", "lastName": "Foong", "id": "107438", "bio": "", "photo": {"prefix": "https://igx.4sqi.net/img/user/", "suffix": "/DYY04MGOU1CVVH14.jpg"}, "homeCity": "Singapore, 038986", "lists": {"groups": [{"items": [], "count": 8, "type": "created"}]}}, {"tips": {"count": 0}, "contact": {"twitter": "joejacobs89", "facebook": "1012714614"}, "firstName": "Joe", "gender": "male", "lastName": "Jacobs", "id": "136537", "bio": "Comp Sci grad from @Bristoluni, studying Machine Learning @UCLcs", "photo": {"prefix": "https://igx.4sqi.net/img/user/", "suffix": "/EGO4Q4BO1HCXUHEH.jpg"}, "homeCity": "London, UK", "lists": {"groups": [{"items": [], "count": 2, "type": "created"}]}}, {"tips": {"count": 5}, "contact": {"twitter": "jarrold"}, "firstName": "Jarrold", "gender": "male", "lastName": "Ong", "id": "107705", "bio": "", "photo": {"prefix": "https://igx.4sqi.net/img/user/", "suffix": "/4HIX5JD2TUNZO4PL.jpg"}, "homeCity": "Singapore, ", "lists": {"groups": [{"items": [], "count": 2, "type": "created"}]}}, {"superuser": 1, "tips": {"count": 5}, "contact": {"twitter": "joshlim", "facebook": "10152973607902559"}, "firstName": "Josh", "gender": "male", "lastName": "Lim", "id": "142717", "bio": "", "photo": {"prefix": "https://igx.4sqi.net/img/user/", "suffix": "/142717_1259998900875.jpg"}, "homeCity": "\ubcf4\ub839\uc2dc \uc2e0\ud751\ub3d9, \ub300\ud55c\ubbfc\uad6d \ucda9\uccad\ub0a8\ub3c4", "lists": {"groups": [{"items": [], "count": 2, "type": "created"}]}}, {"superuser": 1, "tips": {"count": 22}, "contact": {"twitter": "zhiq", "facebook": "750716662"}, "firstName": "Lim", "gender": "male", "lastName": "Yung-Hui", "id": "107887", "bio": "", "photo": {"prefix": "https://igx.4sqi.net/img/user/", "suffix": "/GIOMMOSLMNQR5BW5.jpg"}, "homeCity": "Kuala Lumpur, Malaysia", "lists": {"groups": [{"items": [], "count": 3, "type": "created"}]}}, {"tips": {"count": 1}, "contact": {"twitter": "weynsee", "facebook": "565314105"}, "firstName": "Wayne", "gender": "male", "lastName": "See", "id": "144076", "bio": "", "photo": {"prefix": "https://igx.4sqi.net/img/user/", "suffix": "/OSYIYZCTKC5EV4FG.png"}, "homeCity": "Melbourne", "lists": {"groups": [{"items": [], "count": 2, "type": "created"}]}}, {"tips": {"count": 15}, "contact": {"twitter": "jaytriathlon", "facebook": "1067107107"}, "firstName": "Jerome", "gender": "male", "lastName": "Sadou", "id": "108026", "bio": "Ohayostudio.com\r\n\r\nJeromeSadou.com", "photo": {"prefix": "https://igx.4sqi.net/img/user/", "suffix": "/108026-VAAGCXA4FQB5ATAZ.jpg"}, "homeCity": "Miyazaki, Aoshima", "lists": {"groups": [{"items": [], "count": 3, "type": "created"}]}}, {"tips": {"count": 0}, "contact": {}, "firstName": "Sneha", "gender": "female", "lastName": "Menon", "id": "552510", "bio": "", "photo": {"prefix": "https://igx.4sqi.net/img/user/", "suffix": "/blank_girl.png", "default": true}, "homeCity": "Singapore", "lists": {"groups": [{"items": [], "count": 2, "type": "created"}]}}, {"tips": {"count": 7}, "contact": {"twitter": "saadkamal", "facebook": "548350294"}, "firstName": "Saad", "gender": "male", "lastName": "Kamal", "id": "108358", "bio": "An Entrepreneur who currently seems to love everything Mobile & Social.", "photo": {"prefix": "https://igx.4sqi.net/img/user/", "suffix": "/311KEX32RNQTK5JJ.jpg"}, "homeCity": "Singapore", "lists": {"groups": [{"items": [], "count": 2, "type": "created"}]}}, {"tips": {"count": 0}, "contact": {"twitter": "taneliang", "facebook": "1562289296"}, "firstName": "E-Liang", "gender": "male", "lastName": "Tan", "id": "553608", "bio": "", "photo": {"prefix": "https://igx.4sqi.net/img/user/", "suffix": "/blank_boy.png", "default": true}, "homeCity": "Singapore", "lists": {"groups": [{"items": [], "count": 2, "type": "created"}]}}, {"superuser": 1, "tips": {"count": 6}, "contact": {"facebook": "737875500"}, "firstName": "Yan", "gender": "none", "lastName": "Phun", "id": "109204", "bio": "", "photo": {"prefix": "https://igx.4sqi.net/img/user/", "suffix": "/UZS1Q5NTTWBREKRU.jpg"}, "homeCity": "Singapore", "lists": {"groups": [{"items": [], "count": 2, "type": "created"}]}}, {"tips": {"count": 0}, "contact": {"twitter": "syazli7", "facebook": "543350311"}, "firstName": "Mohd Syazli", "gender": "male", "lastName": "Mahmud", "id": "4929638", "bio": "", "photo": {"prefix": "https://igx.4sqi.net/img/user/", "suffix": "/GB0L2B0BUHEQKT3K.jpg"}, "homeCity": "Klang, Malaysia", "lists": {"groups": [{"items": [], "count": 2, "type": "created"}]}}, {"tips": {"count": 55}, "contact": {"twitter": "kahwee", "facebook": "852815625"}, "firstName": "KahWee", "gender": "male", "lastName": "Teng", "id": "109249", "bio": "My favorite places are Korea, Japan and Singapore!", "photo": {"prefix": "https://igx.4sqi.net/img/user/", "suffix": "/MSAUMDIT2FSCLEYQ.jpg"}, "homeCity": "San Francisco, CA", "lists": {"groups": [{"items": [], "count": 15, "type": "created"}]}}, {"tips": {"count": 4}, "contact": {"twitter": "lulai", "facebook": "640408337"}, "firstName": "Lucia", "gender": "female", "lastName": "Lai", "id": "5413906", "bio": "", "photo": {"prefix": "https://igx.4sqi.net/img/user/", "suffix": "/0R23YIEIFTPGYJPW.jpg"}, "homeCity": "Pulau Pinang, Malaysia", "lists": {"groups": [{"items": [], "count": 2, "type": "created"}]}}, {"superuser": 2, "tips": {"count": 36}, "contact": {"twitter": "cerventus", "facebook": "510442171"}, "firstName": "Daniel", "gender": "male", "lastName": "Cerventus", "id": "112187", "bio": "", "photo": {"prefix": "https://igx.4sqi.net/img/user/", "suffix": "/2BZEELUERDHAPLMG.png"}, "homeCity": "Petaling Jaya, Selangor", "lists": {"groups": [{"items": [], "count": 3, "type": "created"}]}}, {"tips": {"count": 19}, "contact": {"twitter": "lucian"}, "firstName": "Lucian", "gender": "male", "lastName": "Teo", "id": "112245", "bio": "", "photo": {"prefix": "https://igx.4sqi.net/img/user/", "suffix": "/112245_1259133849630.jpg"}, "homeCity": "Singapore", "lists": {"groups": [{"items": [], "count": 2, "type": "created"}]}}], "count": 196}, "checksum": "1f0800740713aea5fe4f376c8907e86fdff5e68f"}, "meta": {"requestId": "5965ef5e1ed21919fc47e11c", "code": 200}}