{"notifications": [{"type": "notificationTray", "item": {"unreadCount": 0}}], "response": {"friends": {"items": [{"tips": {"count": 1}, "contact": {}, "firstName": "Auto!", "gender": "male", "id": "105561", "bio": "", "photo": {"prefix": "https://igx.4sqi.net/img/user/", "suffix": "/ZIN2M2EBZ44MTMK5.png"}, "homeCity": "Chennai, India", "lists": {"groups": [{"items": [], "count": 2, "type": "created"}]}}, {"tips": {"count": 5}, "contact": {"twitter": "earthboundmsfit", "facebook": "735200427"}, "firstName": "Sandeep", "gender": "male", "lastName": "Sridhar", "id": "1098290", "bio": "", "photo": {"prefix": "https://igx.4sqi.net/img/user/", "suffix": "/KGIMT0LFGIZQNR54.jpg"}, "homeCity": "Bengaluru, India", "lists": {"groups": [{"items": [], "count": 2, "type": "created"}]}}, {"tips": {"count": 2}, "contact": {"facebook": "872900590"}, "firstName": "GG", "gender": "male", "id": "56098558", "bio": "", "photo": {"prefix": "https://igx.4sqi.net/img/user/", "suffix": "/blank_boy.png", "default": true}, "homeCity": "Bangalore", "lists": {"groups": [{"items": [], "count": 2, "type": "created"}]}}, {"tips": {"count": 13}, "contact": {}, "firstName": "Yuri", "gender": "female", "lastName": "Lam", "id": "274528", "bio": "", "photo": {"prefix": "https://igx.4sqi.net/img/user/", "suffix": "/BDSMH13FVUKY2I3O.jpg"}, "homeCity": "Singapore", "lists": {"groups": [{"items": [], "count": 9, "type": "created"}]}}, {"tips": {"count": 39}, "contact": {}, "firstName": "Mayur", "gender": "male", "lastName": "Polepalli", "id": "409976", "bio": "", "photo": {"prefix": "https://igx.4sqi.net/img/user/", "suffix": "/CXJVQTWQ2GJPOQX1.jpg"}, "homeCity": "Providence", "lists": {"groups": [{"items": [], "count": 2, "type": "created"}]}}, {"tips": {"count": 33}, "contact": {"twitter": "sureshbalaji", "facebook": "10152568512181837"}, "firstName": "Suresh", "gender": "male", "lastName": "Balaji", "id": "357992", "bio": "", "photo": {"prefix": "https://igx.4sqi.net/img/user/", "suffix": "/FDRIORLIDHIZNZ1N.jpg"}, "homeCity": "London, UK", "lists": {"groups": [{"items": [], "count": 2, "type": "created"}]}}, {"tips": {"count": 39}, "contact": {"twitter": "falchion"}, "firstName": "Colin", "gender": "male", "lastName": "Sng", "id": "4668762", "bio": "", "photo": {"prefix": "https://igx.4sqi.net/img/user/", "suffix": "/4668762-0GFKR2F4KCKC5A25.jpg"}, "homeCity": "Singapore", "lists": {"groups": [{"items": [], "count": 5, "type": "created"}]}}, {"tips": {"count": 0}, "contact": {"twitter": "anantshiva", "facebook": "544135950"}, "firstName": "Anant", "gender": "male", "lastName": "Shiva", "id": "5811427", "bio": "", "photo": {"prefix": "https://igx.4sqi.net/img/user/", "suffix": "/CBV0UEVLTRVS1CQJ.jpg"}, "homeCity": "Punggol, Singapore", "lists": {"groups": [{"items": [], "count": 3, "type": "created"}]}}, {"tips": {"count": 14}, "contact": {"facebook": "576710496"}, "firstName": "Abhishek", "gender": "male", "lastName": "Mittal", "id": "525715", "bio": "", "photo": {"prefix": "https://igx.4sqi.net/img/user/", "suffix": "/CHLNAWNKBJ1Z0PCS.jpg"}, "homeCity": "Singapore", "lists": {"groups": [{"items": [], "count": 2, "type": "created"}]}}, {"tips": {"count": 10}, "contact": {}, "firstName": "Shadab", "gender": "male", "lastName": "Khan", "id": "13086716", "bio": "", "photo": {"prefix": "https://igx.4sqi.net/img/user/", "suffix": "/13086716-P3DVBOZ332IQ4OKG.jpg"}, "homeCity": "Gurgaon, India", "lists": {"groups": [{"items": [], "count": 2, "type": "created"}]}}, {"tips": {"count": 56}, "contact": {"facebook": "762113942"}, "firstName": "Journey", "gender": "male", "lastName": "Xplorer", "id": "2736298", "bio": "", "photo": {"prefix": "https://igx.4sqi.net/img/user/", "suffix": "/2736298-OKGGYE2EPFUSISVB.jpg"}, "homeCity": "", "lists": {"groups": [{"items": [], "count": 4, "type": "created"}]}}, {"tips": {"count": 8}, "contact": {}, "firstName": "Christina", "gender": "female", "lastName": "Chen", "id": "4054403", "bio": "", "photo": {"prefix": "https://igx.4sqi.net/img/user/", "suffix": "/UDDMDHQFO40Q0AD3.jpg"}, "homeCity": "Singapore", "lists": {"groups": [{"items": [], "count": 9, "type": "created"}]}}, {"tips": {"count": 8}, "contact": {}, "firstName": "Ronnie", "gender": "male", "lastName": "Tan", "id": "645368", "bio": "", "photo": {"prefix": "https://igx.4sqi.net/img/user/", "suffix": "/645368-IGGWHFO2LX0MR5O1.jpg"}, "homeCity": "Singapore", "lists": {"groups": [{"items": [], "count": 5, "type": "created"}]}}, {"tips": {"count": 2}, "contact": {"twitter": "tanstaaflwdm", "facebook": "10208713799951901"}, "firstName": "Dennis", "gender": "male", "lastName": "M", "id": "30630", "bio": "", "photo": {"prefix": "https://igx.4sqi.net/img/user/", "suffix": "/4a7ca8929aad8.jpg"}, "homeCity": "Marietta, GA", "lists": {"groups": [{"items": [], "count": 2, "type": "created"}]}}, {"tips": {"count": 5}, "contact": {}, "firstName": "Roshni", "gender": "female", "lastName": "Mohapatra", "id": "132631", "bio": "", "photo": {"prefix": "https://igx.4sqi.net/img/user/", "suffix": "/132631_1259894851230.jpg"}, "homeCity": "Singapore", "lists": {"groups": [{"items": [], "count": 2, "type": "created"}]}}, {"tips": {"count": 76}, "contact": {"twitter": "psam", "facebook": "749596912"}, "firstName": "Sameer", "gender": "male", "lastName": "Panchangam", "id": "151030", "bio": "If I ever get a chance to go back in time, I'd not take it. My everyday just gets better than the previous one!", "photo": {"prefix": "https://igx.4sqi.net/img/user/", "suffix": "/151030-LNL1R44WM04N035L.jpg"}, "homeCity": "Bangalore", "lists": {"groups": [{"items": [], "count": 2, "type": "created"}]}}, {"tips": {"count": 7}, "contact": {"twitter": "nirenj"}, "firstName": "Nirenj", "gender": "male", "lastName": "George", "id": "1139458", "bio": "", "photo": {"prefix": "https://igx.4sqi.net/img/user/", "suffix": "/PGOJUGJJV1KIMTHA.jpg"}, "homeCity": "Singapore", "lists": {"groups": [{"items": [], "count": 2, "type": "created"}]}}, {"tips": {"count": 22}, "contact": {"facebook": "531315851"}, "firstName": "Desmond Charles", "gender": "male", "lastName": "Perry-Wong", "id": "3274928", "bio": "", "photo": {"prefix": "https://igx.4sqi.net/img/user/", "suffix": "/SEQTAU44DOCBBMBR.jpg"}, "homeCity": "Singapore", "lists": {"groups": [{"items": [], "count": 2, "type": "created"}]}}, {"tips": {"count": 12}, "contact": {}, "firstName": "Chinmay", "gender": "male", "lastName": "Pendharkar", "id": "174249", "bio": "Geek. Podcaster. Acoustician.", "photo": {"prefix": "https://igx.4sqi.net/img/user/", "suffix": "/-J2SLWCJJH53RB0DM.jpg"}, "homeCity": "Singapore", "lists": {"groups": [{"items": [], "count": 4, "type": "created"}]}}, {"tips": {"count": 11}, "contact": {}, "firstName": "Preetam", "gender": "male", "lastName": "Rai", "id": "108300", "bio": "", "photo": {"prefix": "https://igx.4sqi.net/img/user/", "suffix": "/blank_boy.png", "default": true}, "homeCity": "Tokyo, Japan", "lists": {"groups": [{"items": [], "count": 2, "type": "created"}]}}, {"tips": {"count": 0}, "contact": {}, "firstName": "Renay", "gender": "male", "lastName": "Shandu", "id": "3591991", "bio": "", "photo": {"prefix": "https://igx.4sqi.net/img/user/", "suffix": "/SITSDEIVGBOCJBS3.jpg"}, "homeCity": "Singapore", "lists": {"groups": [{"items": [], "count": 2, "type": "created"}]}}, {"superuser": 1, "tips": {"count": 16}, "contact": {"twitter": "helzerman", "facebook": "609609256"}, "firstName": "Catherine", "gender": "female", "lastName": "Helzerman", "id": "35494", "bio": "", "photo": {"prefix": "https://igx.4sqi.net/img/user/", "suffix": "/4a935530345ec.jpg"}, "homeCity": "San Jose, CA", "lists": {"groups": [{"items": [], "count": 2, "type": "created"}]}}, {"tips": {"count": 5}, "contact": {"twitter": "kinjald", "facebook": "647380517"}, "firstName": "Kinjal", "gender": "female", "lastName": "Shah Daniel", "id": "145326", "bio": "", "photo": {"prefix": "https://igx.4sqi.net/img/user/", "suffix": "/-1_1260152572502.jpg"}, "homeCity": "Singapore", "lists": {"groups": [{"items": [], "count": 2, "type": "created"}]}}, {"tips": {"count": 1}, "contact": {}, "firstName": "Sidharth", "gender": "male", "lastName": "Mohan", "id": "152245", "bio": "", "photo": {"prefix": "https://igx.4sqi.net/img/user/", "suffix": "/5CCFWGPC5SKRMKFW.jpg"}, "homeCity": "Sydney, Australia", "lists": {"groups": [{"items": [], "count": 2, "type": "created"}]}}, {"tips": {"count": 1}, "contact": {}, "firstName": "Sriram", "gender": "male", "lastName": "Srinivasa Rangan", "id": "6362409", "bio": "", "photo": {"prefix": "https://igx.4sqi.net/img/user/", "suffix": "/6362409_wz81Tl82_WEdVzS02XUUBqA4SExrP3D1X3g149V2isgiQ9eiuwrjsNg5lwqp6dFUZDC9zihej.jpg"}, "homeCity": "Bengaluru, India", "lists": {"groups": [{"items": [], "count": 2, "type": "created"}]}}, {"tips": {"count": 41}, "contact": {"facebook": "100000225437311"}, "firstName": "Kath", "gender": "female", "lastName": "Lim", "id": "4039949", "bio": "", "photo": {"prefix": "https://igx.4sqi.net/img/user/", "suffix": "/4039949-WQINVUBHXANDO2W0.jpg"}, "homeCity": "Singapore", "lists": {"groups": [{"items": [], "count": 2, "type": "created"}]}}, {"tips": {"count": 8}, "contact": {"twitter": "amitvdeshmukh", "facebook": "695757614"}, "firstName": "Amit", "gender": "male", "lastName": "Deshmukh", "id": "40734112", "bio": "", "photo": {"prefix": "https://igx.4sqi.net/img/user/", "suffix": "/G1SOT1BWCHBQA3AV.jpg"}, "homeCity": "Maharashtra", "lists": {"groups": [{"items": [], "count": 3, "type": "created"}]}}, {"tips": {"count": 0}, "contact": {"twitter": "e_pluribus_unum", "facebook": "517855684"}, "firstName": "Seshadri", "gender": "male", "lastName": "Gopalakrishnan", "id": "145679", "bio": "", "photo": {"prefix": "https://igx.4sqi.net/img/user/", "suffix": "/blank_boy.png", "default": true}, "homeCity": "Singapore, Singapore", "lists": {"groups": [{"items": [], "count": 2, "type": "created"}]}}, {"tips": {"count": 7}, "contact": {"twitter": "websoftweb", "facebook": "10155335834435576"}, "firstName": "Ebenezer", "gender": "male", "lastName": "Jolaoso", "id": "825773", "bio": "", "photo": {"prefix": "https://igx.4sqi.net/img/user/", "suffix": "/G0PLQFDJKAM3VTU1.jpg"}, "homeCity": "Singapore, 534832", "lists": {"groups": [{"items": [], "count": 3, "type": "created"}]}}, {"tips": {"count": 6}, "contact": {"facebook": "504728839"}, "firstName": "Senthilkumar", "gender": "male", "lastName": "Bala", "id": "15194276", "bio": "", "photo": {"prefix": "https://igx.4sqi.net/img/user/", "suffix": "/AFA3P5UHIH4KOMWN.jpg"}, "homeCity": "New Providence NJ", "lists": {"groups": [{"items": [], "count": 2, "type": "created"}]}}, {"tips": {"count": 0}, "contact": {"twitter": "gowrianant", "facebook": "100003654192349"}, "firstName": "Gowri", "gender": "female", "lastName": "Anantshiva", "id": "86210002", "bio": "", "photo": {"prefix": "https://igx.4sqi.net/img/user/", "suffix": "/86210002-13FBSOXFGB0MCFUQ.jpg"}, "homeCity": "Singapore", "lists": {"groups": [{"items": [], "count": 2, "type": "created"}]}}], "count": 31}, "checksum": "02e706b970224783d12912d9583c8dc4433abbe3"}, "meta": {"requestId": "5965ca77dd57972d49921fbc", "code": 200}}