{"notifications": [{"type": "notificationTray", "item": {"unreadCount": 0}}], "response": {"friends": {"items": [{"tips": {"count": 2}, "contact": {}, "firstName": "Joseph", "gender": "male", "lastName": "Chua", "id": "503460", "bio": "", "photo": {"prefix": "https://igx.4sqi.net/img/user/", "suffix": "/IONIW2A5Y0W0FDSW.jpg"}, "homeCity": "Sengkang, Singapore", "lists": {"groups": [{"items": [], "count": 2, "type": "created"}]}}, {"tips": {"count": 9}, "contact": {}, "firstName": "Gwen", "gender": "female", "lastName": "Ng", "id": "2311178", "bio": "", "photo": {"prefix": "https://igx.4sqi.net/img/user/", "suffix": "/RWWWT23XO12IVLI4.jpg"}, "homeCity": ", Singapore", "lists": {"groups": [{"items": [], "count": 2, "type": "created"}]}}, {"tips": {"count": 1}, "contact": {"twitter": "brandonheato", "facebook": "657788503"}, "firstName": "Brandon", "gender": "male", "lastName": "Ng", "id": "274964", "bio": "http://about.me/thehatguy", "photo": {"prefix": "https://igx.4sqi.net/img/user/", "suffix": "/ATSYGCEDYBG4XC5Z.jpg"}, "homeCity": "\u6e0b\u8c37\u533a, \u6771\u4eac\u90fd", "lists": {"groups": [{"items": [], "count": 2, "type": "created"}]}}, {"tips": {"count": 23}, "contact": {"twitter": "litford", "facebook": "748015407"}, "firstName": "Brian", "gender": "male", "lastName": "Leery", "id": "246543", "bio": "Hey, look a bar graph!", "photo": {"prefix": "https://igx.4sqi.net/img/user/", "suffix": "/246543-BFDXOBQRLCGOA1VP.jpg"}, "homeCity": "Singapore", "lists": {"groups": [{"items": [], "count": 2, "type": "created"}]}}, {"tips": {"count": 0}, "contact": {}, "firstName": "Weikang", "gender": "male", "lastName": "Hong", "id": "2192209", "bio": "", "photo": {"prefix": "https://igx.4sqi.net/img/user/", "suffix": "/KNDV5YHWT5VUDKQN.jpg"}, "homeCity": "Singapore", "lists": {"groups": [{"items": [], "count": 2, "type": "created"}]}}, {"tips": {"count": 24}, "contact": {"twitter": "yiantay", "facebook": "694203926"}, "firstName": "Yian", "gender": "female", "lastName": "Tay", "id": "443853", "bio": "", "photo": {"prefix": "https://igx.4sqi.net/img/user/", "suffix": "/HI03GTGOONX3MEWV.jpg"}, "homeCity": "Singapore", "lists": {"groups": [{"items": [], "count": 2, "type": "created"}]}}, {"tips": {"count": 0}, "contact": {"twitter": "aaronyip", "facebook": "556666409"}, "firstName": "Aaron", "gender": "male", "lastName": "Yip", "id": "750829", "bio": "", "photo": {"prefix": "https://igx.4sqi.net/img/user/", "suffix": "/DBBRKTWZMQYGPHRR.jpg"}, "homeCity": "Singapore", "lists": {"groups": [{"items": [], "count": 2, "type": "created"}]}}, {"superuser": 1, "tips": {"count": 3}, "contact": {"facebook": "602130787"}, "firstName": "Hedirman", "gender": "male", "lastName": "Supian", "id": "86511", "bio": "", "photo": {"prefix": "https://igx.4sqi.net/img/user/", "suffix": "/RR01GNZPJ2R05LGG.jpg"}, "homeCity": "Singapore", "lists": {"groups": [{"items": [], "count": 2, "type": "created"}]}}, {"tips": {"count": 32}, "contact": {"twitter": "aedirn_mc", "facebook": "570588740"}, "firstName": "MC", "gender": "male", "id": "701089", "bio": "", "photo": {"prefix": "https://igx.4sqi.net/img/user/", "suffix": "/JKLMLCQS3OKA5FFQ.jpg"}, "homeCity": "singapore", "lists": {"groups": [{"items": [], "count": 2, "type": "created"}]}}, {"tips": {"count": 7}, "contact": {"twitter": "geekgeek", "facebook": "708995918"}, "firstName": "Wei Jen", "gender": "male", "lastName": "Seah", "id": "813413", "bio": "", "photo": {"prefix": "https://igx.4sqi.net/img/user/", "suffix": "/DKPJYQKCTPW3H1YT.jpg"}, "homeCity": "Singapore", "lists": {"groups": [{"items": [], "count": 2, "type": "created"}]}}, {"tips": {"count": 0}, "contact": {}, "firstName": "Alanna", "gender": "female", "lastName": "Yeo", "id": "790494", "bio": "", "photo": {"prefix": "https://igx.4sqi.net/img/user/", "suffix": "/blank_girl.png", "default": true}, "homeCity": "Singapore", "lists": {"groups": [{"items": [], "count": 2, "type": "created"}]}}, {"tips": {"count": 0}, "contact": {}, "firstName": "Ayun", "gender": "female", "lastName": "Froggy", "id": "3507658", "bio": "", "photo": {"prefix": "https://igx.4sqi.net/img/user/", "suffix": "/SB5HSGKIOMHS3J4I.jpg"}, "homeCity": "Singapore", "lists": {"groups": [{"items": [], "count": 2, "type": "created"}]}}, {"tips": {"count": 8}, "contact": {}, "firstName": "Shirana", "gender": "female", "lastName": "Tahale", "id": "582627", "bio": "", "photo": {"prefix": "https://igx.4sqi.net/img/user/", "suffix": "/IV3MZJVWTUEHND3M.jpg"}, "homeCity": "Singapore", "lists": {"groups": [{"items": [], "count": 2, "type": "created"}]}}, {"tips": {"count": 12}, "contact": {"twitter": "angelsherwin", "facebook": "10152933920343876"}, "firstName": "Sherwin", "gender": "male", "lastName": "Loh", "id": "175501", "bio": "", "photo": {"prefix": "https://igx.4sqi.net/img/user/", "suffix": "/RJPDVHVK2XEZH5BB.jpg"}, "homeCity": "Rochor, Singapore", "lists": {"groups": [{"items": [], "count": 2, "type": "created"}]}}, {"tips": {"count": 5}, "contact": {"twitter": "jimmylkw", "facebook": "1043649079"}, "firstName": "Jimmy", "gender": "male", "lastName": "Lim", "id": "1490582", "bio": "", "photo": {"prefix": "https://igx.4sqi.net/img/user/", "suffix": "/JZAYV4TX2PNYAVAZ.jpg"}, "homeCity": "Singapore", "lists": {"groups": [{"items": [], "count": 2, "type": "created"}]}}, {"tips": {"count": 11}, "contact": {"twitter": "nexusgenesis", "facebook": "610155707"}, "firstName": "Kenny", "gender": "male", "id": "1599631", "bio": "", "photo": {"prefix": "https://igx.4sqi.net/img/user/", "suffix": "/GZOTZTZAUJ4ALDWR.jpg"}, "homeCity": "Singapore", "lists": {"groups": [{"items": [], "count": 2, "type": "created"}]}}, {"tips": {"count": 82}, "contact": {"twitter": "evanye"}, "firstName": "Evan", "gender": "male", "lastName": "Ye", "id": "247649", "bio": "", "photo": {"prefix": "https://igx.4sqi.net/img/user/", "suffix": "/JIFW5C0WLXH500BW.jpg"}, "homeCity": "\u53f0\u6771\u533a\uff0c\u6771\u4eac\u90fd\uff0c\u65e5\u672c\u56fd", "lists": {"groups": [{"items": [], "count": 3, "type": "created"}]}}, {"tips": {"count": 0}, "contact": {}, "firstName": "Cas", "gender": "male", "lastName": "Tan", "id": "2192605", "bio": "", "photo": {"prefix": "https://igx.4sqi.net/img/user/", "suffix": "/MMQIJ0UB5GGQZA1J.jpg"}, "homeCity": "Singapore", "lists": {"groups": [{"items": [], "count": 2, "type": "created"}]}}, {"tips": {"count": 6}, "contact": {"twitter": "obscuremassacre", "facebook": "1765015569"}, "firstName": "gukisuparku", "gender": "female", "lastName": "E-J", "id": "1612373", "bio": "I go I check in I leave\r\n\r\nTwitter : gukisuparku", "photo": {"prefix": "https://igx.4sqi.net/img/user/", "suffix": "/1612373-BLNSNJFIDKRNTATI.jpg"}, "homeCity": "Shah Alam, Selangor", "lists": {"groups": [{"items": [], "count": 11, "type": "created"}]}}, {"tips": {"count": 0}, "contact": {"twitter": "roxwindy", "facebook": "762800222"}, "firstName": "Desmond", "gender": "male", "lastName": "Kok", "id": "1679581", "bio": "", "photo": {"prefix": "https://igx.4sqi.net/img/user/", "suffix": "/1679581-5CQX3IBK0LLTBEJC.jpg"}, "homeCity": "Singapore", "lists": {"groups": [{"items": [], "count": 2, "type": "created"}]}}, {"tips": {"count": 0}, "contact": {"facebook": "733201988"}, "firstName": "Adam", "gender": "male", "lastName": "Lee", "id": "333655", "bio": "", "photo": {"prefix": "https://igx.4sqi.net/img/user/", "suffix": "/1UGDLAI4WS2INGFY.jpg"}, "homeCity": "Serangoon, Singapore", "lists": {"groups": [{"items": [], "count": 2, "type": "created"}]}}, {"tips": {"count": 7}, "contact": {"twitter": "clareyap", "facebook": "696897632"}, "firstName": "Clare", "gender": "female", "lastName": "Yap", "id": "3807287", "bio": "", "photo": {"prefix": "https://igx.4sqi.net/img/user/", "suffix": "/3807287-2BH1LOWENBGQROOF.jpg"}, "homeCity": "Singapore", "lists": {"groups": [{"items": [], "count": 6, "type": "created"}]}}, {"tips": {"count": 9}, "contact": {"twitter": "yeehung", "facebook": "629590188"}, "firstName": "Yee Hung", "gender": "male", "lastName": "Lim", "id": "1467004", "bio": "", "photo": {"prefix": "https://igx.4sqi.net/img/user/", "suffix": "/AHLOBP0R0OCFU4DZ.jpg"}, "homeCity": "Cardiff, Wales", "lists": {"groups": [{"items": [], "count": 2, "type": "created"}]}}, {"tips": {"count": 1}, "contact": {"facebook": "877660327"}, "firstName": "Jermyn", "gender": "male", "lastName": "B", "id": "1072152", "bio": "", "photo": {"prefix": "https://igx.4sqi.net/img/user/", "suffix": "/blank_boy.png", "default": true}, "homeCity": "Singapore", "lists": {"groups": [{"items": [], "count": 2, "type": "created"}]}}, {"tips": {"count": 3}, "contact": {}, "firstName": "Dawn", "gender": "female", "lastName": "P", "id": "3895617", "bio": "", "photo": {"prefix": "https://igx.4sqi.net/img/user/", "suffix": "/ULNO0HACEMDLIGZE.jpg"}, "homeCity": "Singapore", "lists": {"groups": [{"items": [], "count": 2, "type": "created"}]}}, {"tips": {"count": 0}, "contact": {"facebook": "773049369"}, "firstName": "Zheng", "gender": "female", "lastName": "Meiqin", "id": "2837563", "bio": "", "photo": {"prefix": "https://igx.4sqi.net/img/user/", "suffix": "/V4YFW251LM1S344C.jpg"}, "homeCity": "Singapore", "lists": {"groups": [{"items": [], "count": 2, "type": "created"}]}}, {"tips": {"count": 6}, "contact": {"twitter": "niladnama", "facebook": "10157016295230096"}, "firstName": "Amanda", "gender": "female", "id": "2917575", "bio": "", "photo": {"prefix": "https://igx.4sqi.net/img/user/", "suffix": "/QUJYGLY0XONFQQC1.jpg"}, "homeCity": "\u65e5\u672c", "lists": {"groups": [{"items": [], "count": 6, "type": "created"}]}}, {"tips": {"count": 38}, "contact": {"twitter": "melissa_loh", "facebook": "692609008"}, "firstName": "Melissa", "gender": "female", "lastName": "L", "id": "3485021", "bio": "", "photo": {"prefix": "https://igx.4sqi.net/img/user/", "suffix": "/5YFG1TCT5Q0OR14A.jpg"}, "homeCity": "Brisbane", "lists": {"groups": [{"items": [], "count": 2, "type": "created"}]}}, {"tips": {"count": 3}, "contact": {"facebook": "651396570"}, "firstName": "Eigen", "gender": "male", "lastName": "Goh", "id": "688986", "bio": "", "photo": {"prefix": "https://igx.4sqi.net/img/user/", "suffix": "/OP4YWQZAOKYFTLPW.jpg"}, "homeCity": "Bedok Chai Chee, Singapore", "lists": {"groups": [{"items": [], "count": 2, "type": "created"}]}}, {"tips": {"count": 1}, "contact": {"twitter": "lemueltay", "facebook": "739810455"}, "firstName": "Lemuel", "gender": "male", "lastName": "Tay", "id": "1552724", "bio": "", "photo": {"prefix": "https://igx.4sqi.net/img/user/", "suffix": "/E1SQ5FYZMXVRTGGP.jpg"}, "homeCity": "Singapore, SG", "lists": {"groups": [{"items": [], "count": 2, "type": "created"}]}}, {"tips": {"count": 6}, "contact": {"facebook": "681653685"}, "firstName": "Darren", "gender": "male", "lastName": "Tan", "id": "1449961", "bio": "", "photo": {"prefix": "https://igx.4sqi.net/img/user/", "suffix": "/QXFCQYJWIKA30QMI.jpg"}, "homeCity": "Johor bahru, Johor", "lists": {"groups": [{"items": [], "count": 2, "type": "created"}]}}, {"tips": {"count": 0}, "contact": {}, "firstName": "Zhao Hong", "gender": "male", "lastName": "Lim", "id": "2934542", "bio": "", "photo": {"prefix": "https://igx.4sqi.net/img/user/", "suffix": "/4VQ3WOFE4RPNNXEG.jpg"}, "homeCity": "Singapore", "lists": {"groups": [{"items": [], "count": 2, "type": "created"}]}}, {"tips": {"count": 10}, "contact": {"twitter": "emenzee", "facebook": "579685324"}, "firstName": "Nizam", "gender": "male", "lastName": "Mohd", "id": "999028", "bio": "Spreading the love of gaming through social media...", "photo": {"prefix": "https://igx.4sqi.net/img/user/", "suffix": "/3TKWRDIVNB5TPQMQ.jpg"}, "homeCity": "Singapore", "lists": {"groups": [{"items": [], "count": 2, "type": "created"}]}}, {"tips": {"count": 2}, "contact": {"twitter": "togusachan", "facebook": "600679591"}, "firstName": "Togusa", "gender": "male", "lastName": "Chan", "id": "2944752", "bio": "", "photo": {"prefix": "https://igx.4sqi.net/img/user/", "suffix": "/XGUMHBT2KPDVYDYE.jpg"}, "homeCity": "Singapore", "lists": {"groups": [{"items": [], "count": 2, "type": "created"}]}}, {"tips": {"count": 2}, "contact": {}, "firstName": "Kwong", "gender": "male", "lastName": "Xiang Yao", "id": "2722026", "bio": "", "photo": {"prefix": "https://igx.4sqi.net/img/user/", "suffix": "/PATPBMVXQG4HN21A.jpg"}, "homeCity": "Singapore", "lists": {"groups": [{"items": [], "count": 2, "type": "created"}]}}, {"tips": {"count": 0}, "contact": {}, "firstName": "Desmond", "gender": "male", "lastName": "Lo", "id": "2998706", "bio": "", "photo": {"prefix": "https://igx.4sqi.net/img/user/", "suffix": "/blank_boy.png", "default": true}, "homeCity": "Singapore", "lists": {"groups": [{"items": [], "count": 2, "type": "created"}]}}, {"tips": {"count": 0}, "contact": {"twitter": "kweker_8", "facebook": "590090213"}, "firstName": "Sean", "gender": "male", "lastName": "Kwek", "id": "2724726", "bio": "", "photo": {"prefix": "https://igx.4sqi.net/img/user/", "suffix": "/blank_boy.png", "default": true}, "homeCity": "Singapore", "lists": {"groups": [{"items": [], "count": 2, "type": "created"}]}}, {"tips": {"count": 0}, "contact": {}, "firstName": "Gary", "gender": "male", "lastName": "Poon", "id": "2727015", "bio": "", "photo": {"prefix": "https://igx.4sqi.net/img/user/", "suffix": "/blank_boy.png", "default": true}, "homeCity": "Singapore", "lists": {"groups": [{"items": [], "count": 2, "type": "created"}]}}, {"tips": {"count": 0}, "contact": {}, "firstName": "Adeline Esther", "gender": "female", "lastName": "Lim", "id": "3141943", "bio": "", "photo": {"prefix": "https://igx.4sqi.net/img/user/", "suffix": "/3JDZGF212TQFDM33.jpg"}, "homeCity": "Singapore", "lists": {"groups": [{"items": [], "count": 2, "type": "created"}]}}, {"tips": {"count": 0}, "contact": {}, "firstName": "Michael", "gender": "male", "lastName": "Veale", "id": "3223003", "bio": "", "photo": {"prefix": "https://igx.4sqi.net/img/user/", "suffix": "/ZEFW0JSB1GQPWZJH.jpg"}, "homeCity": "UK", "lists": {"groups": [{"items": [], "count": 2, "type": "created"}]}}], "count": 140}, "checksum": "822ffcb76571e09efa3934c3122205a783f27bd5"}, "meta": {"requestId": "5965b88d351e3d64b25382ac", "code": 200}}