{"notifications": [{"type": "notificationTray", "item": {"unreadCount": 0}}], "response": {"friends": {"items": [{"tips": {"count": 4}, "contact": {}, "firstName": "Damien", "gender": "male", "lastName": "Martyn", "id": "1031831", "bio": "", "photo": {"prefix": "https://igx.4sqi.net/img/user/", "suffix": "/AL1NT21OLUZHBHS0.jpg"}, "homeCity": "Isando", "lists": {"groups": [{"items": [], "count": 2, "type": "created"}]}}, {"tips": {"count": 0}, "contact": {"twitter": "kaybeautediva", "facebook": "1520859148"}, "firstName": "Kayo", "gender": "female", "id": "58912639", "bio": "", "photo": {"prefix": "https://igx.4sqi.net/img/user/", "suffix": "/58912639-AHL0EHR2QJ5TDLCQ.jpg"}, "homeCity": "Tokyo, 40", "lists": {"groups": [{"items": [], "count": 2, "type": "created"}]}}, {"tips": {"count": 0}, "contact": {"facebook": "693109960"}, "firstName": "Elyn", "gender": "female", "lastName": "Chu", "id": "15628067", "bio": "", "photo": {"prefix": "https://igx.4sqi.net/img/user/", "suffix": "/L3B1UKCAFN41M5U2.jpg"}, "homeCity": "Singapore", "lists": {"groups": [{"items": [], "count": 2, "type": "created"}]}}, {"tips": {"count": 0}, "contact": {"facebook": "732056260"}, "firstName": "Kasunthika", "gender": "female", "lastName": "Ilippuli", "id": "29135596", "bio": "", "photo": {"prefix": "https://igx.4sqi.net/img/user/", "suffix": "/2OGLFY14UE0ARUVK.jpg"}, "homeCity": "Singapore, Singapore", "lists": {"groups": [{"items": [], "count": 2, "type": "created"}]}}, {"tips": {"count": 1}, "contact": {"facebook": "578883812"}, "firstName": "Jessica", "gender": "female", "lastName": "Seow Wei", "id": "6447896", "bio": "", "photo": {"prefix": "https://igx.4sqi.net/img/user/", "suffix": "/U1YXJQ5G4HV0X4N4.jpg"}, "homeCity": "Pulau Pinang, Malaysia", "lists": {"groups": [{"items": [], "count": 2, "type": "created"}]}}, {"tips": {"count": 0}, "contact": {"twitter": "guopeicupcake"}, "firstName": "guo pei", "gender": "male", "lastName": "loh", "id": "7013943", "bio": "", "photo": {"prefix": "https://igx.4sqi.net/img/user/", "suffix": "/H3OVHJBOCFO3FNII.jpg"}, "homeCity": "Singapore", "lists": {"groups": [{"items": [], "count": 2, "type": "created"}]}}, {"tips": {"count": 0}, "contact": {"facebook": "849715787"}, "firstName": "Uresh", "gender": "male", "lastName": "Perera", "id": "28551950", "bio": "", "photo": {"prefix": "https://igx.4sqi.net/img/user/", "suffix": "/IIUT5C30XFL51FP1.jpg"}, "homeCity": "Gampaha", "lists": {"groups": [{"items": [], "count": 2, "type": "created"}]}}, {"tips": {"count": 8}, "contact": {"twitter": "rachelletch", "facebook": "565000816"}, "firstName": "Rachel", "gender": "female", "lastName": "Letch", "id": "368631", "bio": "", "photo": {"prefix": "https://igx.4sqi.net/img/user/", "suffix": "/QOGFL3EOJ53YISPR.jpg"}, "homeCity": "Singapore", "lists": {"groups": [{"items": [], "count": 2, "type": "created"}]}}, {"tips": {"count": 0}, "contact": {}, "firstName": "Jude", "gender": "male", "lastName": "Fernando", "id": "12111063", "bio": "", "photo": {"prefix": "https://igx.4sqi.net/img/user/", "suffix": "/U2DT2JCXG0F0KOD2.jpg"}, "homeCity": "London, UK", "lists": {"groups": [{"items": [], "count": 3, "type": "created"}]}}, {"tips": {"count": 0}, "contact": {"facebook": "521868902"}, "firstName": "Silly", "gender": "female", "lastName": "Zilly", "id": "5617575", "bio": "", "photo": {"prefix": "https://igx.4sqi.net/img/user/", "suffix": "/UFHJ4F0EGWMTV0WT.jpg"}, "homeCity": "Singapore", "lists": {"groups": [{"items": [], "count": 2, "type": "created"}]}}, {"tips": {"count": 0}, "contact": {}, "firstName": "Milinda", "gender": "male", "lastName": "Dharmadasa", "id": "4282100", "bio": "", "photo": {"prefix": "https://igx.4sqi.net/img/user/", "suffix": "/A3ODWO5P1HVI3R0I.jpg"}, "homeCity": "Tokyo", "lists": {"groups": [{"items": [], "count": 2, "type": "created"}]}}, {"tips": {"count": 1}, "contact": {"twitter": "selviturker"}, "firstName": "Selvi", "gender": "female", "id": "13822416", "bio": "", "photo": {"prefix": "https://igx.4sqi.net/img/user/", "suffix": "/13822416-OYO32HGRZSYNMY3J.jpg"}, "homeCity": "Istanbul, T\u00fcrkiye", "lists": {"groups": [{"items": [], "count": 2, "type": "created"}]}}, {"tips": {"count": 0}, "contact": {"twitter": "benny_pan", "facebook": "561459614"}, "firstName": "Yanming", "gender": "male", "lastName": "Pan", "id": "5447350", "bio": "", "photo": {"prefix": "https://igx.4sqi.net/img/user/", "suffix": "/WRDGKDTPWBHUIKRR.jpg"}, "homeCity": "Singapore", "lists": {"groups": [{"items": [], "count": 8, "type": "created"}]}}, {"tips": {"count": 0}, "contact": {}, "firstName": "Yordy", "gender": "female", "lastName": "Pewpew", "id": "1622651", "bio": "", "photo": {"prefix": "https://igx.4sqi.net/img/user/", "suffix": "/1I1VUWF0LMJV5GA5.jpg"}, "homeCity": "Singapore", "lists": {"groups": [{"items": [], "count": 2, "type": "created"}]}}, {"tips": {"count": 2}, "contact": {"facebook": "712935144"}, "firstName": "Rebecca", "gender": "female", "lastName": "Dicker", "id": "1576774", "bio": "", "photo": {"prefix": "https://igx.4sqi.net/img/user/", "suffix": "/GD4PWFDAXOSLBDFB.jpg"}, "homeCity": "London, UK", "lists": {"groups": [{"items": [], "count": 2, "type": "created"}]}}, {"tips": {"count": 3}, "contact": {"twitter": "epicsuperstar", "facebook": "543808806"}, "firstName": "ngeow", "gender": "female", "lastName": "jiawen", "id": "459480", "bio": "", "photo": {"prefix": "https://igx.4sqi.net/img/user/", "suffix": "/MBMB3S3LC5PPRRPP.jpg"}, "homeCity": "Singapore", "lists": {"groups": [{"items": [], "count": 2, "type": "created"}]}}, {"tips": {"count": 20}, "contact": {"facebook": "505417855"}, "firstName": "Rob", "gender": "male", "lastName": "McKillip", "id": "289485", "bio": "", "photo": {"prefix": "https://igx.4sqi.net/img/user/", "suffix": "/FWHYAGP2LUIYTPCT.jpg"}, "homeCity": "Cedar Rapids, IA", "lists": {"groups": [{"items": [], "count": 2, "type": "created"}]}}, {"tips": {"count": 0}, "contact": {"twitter": "chandika", "facebook": "547440042"}, "firstName": "Chandika", "gender": "male", "id": "759194", "bio": "", "photo": {"prefix": "https://igx.4sqi.net/img/user/", "suffix": "/blank_boy.png", "default": true}, "homeCity": "Dematagoda, Sri Lanka", "lists": {"groups": [{"items": [], "count": 2, "type": "created"}]}}, {"tips": {"count": 0}, "contact": {}, "firstName": "Ayu", "gender": "female", "lastName": "Said", "id": "3338992", "bio": "", "photo": {"prefix": "https://igx.4sqi.net/img/user/", "suffix": "/blank_girl.png", "default": true}, "homeCity": "Singapore", "lists": {"groups": [{"items": [], "count": 2, "type": "created"}]}}, {"tips": {"count": 0}, "contact": {"twitter": "diablonyc", "facebook": "505340910"}, "firstName": "Jc", "gender": "male", "lastName": "Ramirez", "id": "700269", "bio": "New York Bike Messenger since 1994", "photo": {"prefix": "https://igx.4sqi.net/img/user/", "suffix": "/700269-KCO01AMBOSJOB2GK.jpg"}, "homeCity": "New York, NY", "lists": {"groups": [{"items": [], "count": 2, "type": "created"}]}}, {"superuser": 1, "tips": {"count": 2}, "contact": {"twitter": "karlmiller", "facebook": "41100169"}, "firstName": "Karl", "gender": "male", "lastName": "Miller", "id": "2751", "bio": "Husband, dad, fundraiser", "photo": {"prefix": "https://igx.4sqi.net/img/user/", "suffix": "/EXMT13M3MGTFA505.jpg"}, "homeCity": "Austin, TX", "lists": {"groups": [{"items": [], "count": 2, "type": "created"}]}}, {"tips": {"count": 6}, "contact": {}, "firstName": "Agita", "gender": "female", "lastName": "Dian", "id": "1763823", "bio": "", "photo": {"prefix": "https://igx.4sqi.net/img/user/", "suffix": "/HGRNYUWD4QDNRBJK.jpg"}, "homeCity": "Bandung, Jawa Barat", "lists": {"groups": [{"items": [], "count": 2, "type": "created"}]}}, {"tips": {"count": 0}, "contact": {"twitter": "byronchen117", "facebook": "595666154"}, "firstName": "Byron", "gender": "male", "lastName": "Chen", "id": "783952", "bio": "", "photo": {"prefix": "https://igx.4sqi.net/img/user/", "suffix": "/D5NZ3T2GK1UXLMDJ.jpg"}, "homeCity": "Churchill, Australia", "lists": {"groups": [{"items": [], "count": 2, "type": "created"}]}}, {"tips": {"count": 0}, "contact": {}, "firstName": "Sathiya", "gender": "male", "lastName": "Muthiah", "id": "2512915", "bio": "", "photo": {"prefix": "https://igx.4sqi.net/img/user/", "suffix": "/blank_boy.png", "default": true}, "homeCity": "City, Australia", "lists": {"groups": [{"items": [], "count": 2, "type": "created"}]}}, {"tips": {"count": 0}, "contact": {"facebook": "100000142771140"}, "firstName": "Raju", "gender": "male", "lastName": "Usman Restaurent", "id": "32826035", "bio": "", "photo": {"prefix": "https://igx.4sqi.net/img/user/", "suffix": "/DUBJKBZQ2W1VH1K0.jpg"}, "homeCity": "Singapore little India ", "lists": {"groups": [{"items": [], "count": 2, "type": "created"}]}}, {"tips": {"count": 1}, "contact": {"twitter": "ana_may"}, "firstName": "shaaka", "gender": "female", "lastName": "harrell", "id": "178660", "bio": "Bio_logical entity of mediocre idiocy, it's not something I strive for", "photo": {"prefix": "https://igx.4sqi.net/img/user/", "suffix": "/178660-IXBOESM05YRJYIBZ.jpg"}, "homeCity": "Tustin, CA", "lists": {"groups": [{"items": [], "count": 3, "type": "created"}]}}, {"tips": {"count": 0}, "contact": {"twitter": "nishronaldo", "facebook": "521591370"}, "firstName": "nish", "gender": "female", "lastName": "ronaldo", "id": "15934101", "bio": "", "photo": {"prefix": "https://igx.4sqi.net/img/user/", "suffix": "/blank_girl.png", "default": true}, "homeCity": "New York, NY", "lists": {"groups": [{"items": [], "count": 2, "type": "created"}]}}, {"tips": {"count": 24}, "contact": {"facebook": "579901492"}, "firstName": "Clo", "gender": "female", "lastName": "Gallet", "id": "38420579", "bio": "", "photo": {"prefix": "https://igx.4sqi.net/img/user/", "suffix": "/02XNAD0JCORHYZMG.jpg"}, "homeCity": "Singapore ", "lists": {"groups": [{"items": [], "count": 2, "type": "created"}]}}, {"tips": {"count": 1}, "contact": {"facebook": "507790624"}, "firstName": "Glenn", "gender": "male", "lastName": "Meyer", "id": "6517821", "bio": "", "photo": {"prefix": "https://igx.4sqi.net/img/user/", "suffix": "/SUCSAERKHVMRAKOL.jpg"}, "homeCity": "New York, NY", "lists": {"groups": [{"items": [], "count": 2, "type": "created"}]}}, {"tips": {"count": 0}, "contact": {}, "firstName": "Aishah", "gender": "female", "id": "7171496", "bio": "", "photo": {"prefix": "https://igx.4sqi.net/img/user/", "suffix": "/blank_girl.png", "default": true}, "homeCity": "Singapore", "lists": {"groups": [{"items": [], "count": 2, "type": "created"}]}}, {"tips": {"count": 0}, "contact": {"facebook": "1020104874"}, "firstName": "Pramila", "gender": "female", "id": "30048851", "bio": "", "photo": {"prefix": "https://igx.4sqi.net/img/user/", "suffix": "/JIIFZTE4S1GW32GV.jpg"}, "homeCity": "Selangor", "lists": {"groups": [{"items": [], "count": 2, "type": "created"}]}}, {"tips": {"count": 0}, "contact": {"facebook": "748995931"}, "firstName": "Rifath", "gender": "male", "lastName": "Maharoof", "id": "25855983", "bio": "", "photo": {"prefix": "https://igx.4sqi.net/img/user/", "suffix": "/YUAGODLMNHCAOGQY.jpg"}, "homeCity": "Nottingham", "lists": {"groups": [{"items": [], "count": 2, "type": "created"}]}}, {"tips": {"count": 0}, "contact": {"facebook": "100002177626625"}, "firstName": "Dasun", "gender": "male", "lastName": "Priyankara", "id": "17232709", "bio": "", "photo": {"prefix": "https://igx.4sqi.net/img/user/", "suffix": "/KU35TI5ZQJL0EHU4.jpg"}, "homeCity": "Dehiwala , Colombo ", "lists": {"groups": [{"items": [], "count": 3, "type": "created"}]}}, {"tips": {"count": 0}, "contact": {}, "firstName": "Subodhana", "gender": "male", "lastName": "Perera", "id": "7524855", "bio": "", "photo": {"prefix": "https://igx.4sqi.net/img/user/", "suffix": "/5I04EHWU0C3TU34T.jpg"}, "homeCity": "Singapore", "lists": {"groups": [{"items": [], "count": 2, "type": "created"}]}}, {"tips": {"count": 1}, "contact": {"facebook": "635766052"}, "firstName": "Mai", "gender": "female", "lastName": "Hassan", "id": "6696147", "bio": "", "photo": {"prefix": "https://igx.4sqi.net/img/user/", "suffix": "/blank_girl.png", "default": true}, "homeCity": "Woodlands, NH", "lists": {"groups": [{"items": [], "count": 2, "type": "created"}]}}, {"tips": {"count": 0}, "contact": {"twitter": "ameltay", "facebook": "799669048"}, "firstName": "Mel", "gender": "none", "lastName": "Tay", "id": "5615633", "bio": "", "photo": {"prefix": "https://igx.4sqi.net/img/user/", "suffix": "/RHRRRTOKWCJFEXQ4.jpg"}, "homeCity": "Singapore", "lists": {"groups": [{"items": [], "count": 2, "type": "created"}]}}, {"tips": {"count": 3}, "contact": {"facebook": "624088513"}, "firstName": "Alonso", "gender": "male", "lastName": "Dean", "id": "1804757", "bio": "", "photo": {"prefix": "https://igx.4sqi.net/img/user/", "suffix": "/1KWNHBQKE0LYVJB5.jpg"}, "homeCity": "Singapore", "lists": {"groups": [{"items": [], "count": 2, "type": "created"}]}}, {"tips": {"count": 5}, "contact": {"facebook": "1806553672"}, "firstName": "CinTa", "gender": "female", "lastName": "IsAyu", "id": "4024040", "bio": "", "photo": {"prefix": "https://igx.4sqi.net/img/user/", "suffix": "/Y3XZXPQO2XOFPZLL.jpg"}, "homeCity": "Singapore", "lists": {"groups": [{"items": [], "count": 2, "type": "created"}]}}, {"tips": {"count": 32}, "contact": {"twitter": "indunan", "facebook": "559999008"}, "firstName": "Indulekha", "gender": "female", "lastName": "Nanayakkara", "id": "2887938", "bio": "I'm head of social media at Loops Solutions|@loopsselects. I love blogging, networking, cats, educating ppl on SM - I'm a Social Media advocate & a techoholic!", "photo": {"prefix": "https://igx.4sqi.net/img/user/", "suffix": "/5BGAHULNZVMTBVK1.jpg"}, "homeCity": "Colombo, Sri Lanka", "lists": {"groups": [{"items": [], "count": 4, "type": "created"}]}}, {"tips": {"count": 0}, "contact": {"facebook": "550469019"}, "firstName": "Kathija", "gender": "female", "lastName": "Kamal", "id": "9171989", "bio": "", "photo": {"prefix": "https://igx.4sqi.net/img/user/", "suffix": "/OOD0PF4EFKSZ0T2I.jpg"}, "homeCity": "NY", "lists": {"groups": [{"items": [], "count": 2, "type": "created"}]}}, {"tips": {"count": 0}, "contact": {"twitter": "yannwong", "facebook": "587876539"}, "firstName": "yann", "gender": "female", "lastName": "wong", "id": "4683343", "bio": "Be warned: Armed with love and a joyful nature which is wildly infectious..", "photo": {"prefix": "https://igx.4sqi.net/img/user/", "suffix": "/FI11FXLUAH4H1R4S.jpg"}, "homeCity": "Singapore", "lists": {"groups": [{"items": [], "count": 2, "type": "created"}]}}, {"tips": {"count": 1}, "contact": {}, "firstName": "Johm", "gender": "male", "lastName": "Lim", "id": "3810169", "bio": "", "photo": {"prefix": "https://igx.4sqi.net/img/user/", "suffix": "/XRNH55XCQMKULBIX.jpg"}, "homeCity": "Singapore", "lists": {"groups": [{"items": [], "count": 2, "type": "created"}]}}, {"tips": {"count": 69}, "contact": {}, "firstName": "A A L I Y A H", "gender": "female", "id": "481216", "bio": "N 1\u00b025'57.226'' E 103\u00b047'14.16", "photo": {"prefix": "https://igx.4sqi.net/img/user/", "suffix": "/481216_G0gmPQVX_vNedai3z08bXcs2Uq8z2hA7lxteyjwGnurbMn1KgjyhrIY0sCbVVLP7_bmxL1iyI.jpg"}, "homeCity": "Singapore", "lists": {"groups": [{"items": [], "count": 2, "type": "created"}]}}, {"tips": {"count": 4}, "contact": {}, "firstName": "Gwendolin", "gender": "female", "lastName": "Tan", "id": "4219430", "bio": "", "photo": {"prefix": "https://igx.4sqi.net/img/user/", "suffix": "/K22FS4DNVRFUPADL.jpg"}, "homeCity": "Singapore", "lists": {"groups": [{"items": [], "count": 2, "type": "created"}]}}, {"tips": {"count": 0}, "contact": {}, "firstName": "Alex Sim", "gender": "male", "lastName": "Zhi Jian", "id": "864737", "bio": "", "photo": {"prefix": "https://igx.4sqi.net/img/user/", "suffix": "/blank_boy.png", "default": true}, "homeCity": "Singapore", "lists": {"groups": [{"items": [], "count": 2, "type": "created"}]}}, {"tips": {"count": 2}, "contact": {}, "firstName": "Yukari", "gender": "female", "lastName": "Blest", "id": "2682153", "bio": "", "photo": {"prefix": "https://igx.4sqi.net/img/user/", "suffix": "/XGKMD2IUXVDYJYH0.jpg"}, "homeCity": "Sydney, Australia", "lists": {"groups": [{"items": [], "count": 3, "type": "created"}]}}, {"tips": {"count": 0}, "contact": {}, "firstName": "Juxi", "gender": "male", "id": "30547055", "bio": "", "photo": {"prefix": "https://igx.4sqi.net/img/user/", "suffix": "/blank_boy.png", "default": true}, "homeCity": "Leicester UK", "lists": {"groups": [{"items": [], "count": 2, "type": "created"}]}}, {"tips": {"count": 6}, "contact": {"twitter": "tharindradilip", "facebook": "611795529"}, "firstName": "Tharindra", "gender": "male", "lastName": "Dilip", "id": "23313643", "bio": "", "photo": {"prefix": "https://igx.4sqi.net/img/user/", "suffix": "/TRGVPCDXIIWYDJXI.jpg"}, "homeCity": "Elpitiya, Sri Lanka", "lists": {"groups": [{"items": [], "count": 2, "type": "created"}]}}, {"tips": {"count": 0}, "contact": {"facebook": "825865371"}, "firstName": "Charith", "gender": "male", "lastName": "Geeganage", "id": "6905338", "bio": "", "photo": {"prefix": "https://igx.4sqi.net/img/user/", "suffix": "/AF53B1XWY3DGBTBD.jpg"}, "homeCity": "Singapore", "lists": {"groups": [{"items": [], "count": 2, "type": "created"}]}}, {"tips": {"count": 0}, "contact": {"facebook": "701217296"}, "firstName": "Walter", "gender": "male", "lastName": "Tan", "id": "10095520", "bio": "", "photo": {"prefix": "https://igx.4sqi.net/img/user/", "suffix": "/OEMXOJT1FXS1TXX3.jpg"}, "homeCity": "Singapore", "lists": {"groups": [{"items": [], "count": 2, "type": "created"}]}}, {"tips": {"count": 0}, "contact": {"facebook": "1015826355"}, "firstName": "Anuruddha", "gender": "male", "lastName": "Gunaratne", "id": "35662167", "bio": "", "photo": {"prefix": "https://igx.4sqi.net/img/user/", "suffix": "/B3XLFMR1AAGPRRQ4.jpg"}, "homeCity": "Colombo", "lists": {"groups": [{"items": [], "count": 2, "type": "created"}]}}, {"tips": {"count": 0}, "contact": {"facebook": "676243079"}, "firstName": "Fhynes", "gender": "female", "lastName": "WR", "id": "27023591", "bio": "", "photo": {"prefix": "https://igx.4sqi.net/img/user/", "suffix": "/ZSJPBKH25QTWE03M.jpg"}, "homeCity": "New York, NY", "lists": {"groups": [{"items": [], "count": 2, "type": "created"}]}}, {"tips": {"count": 2}, "contact": {"facebook": "1403362703"}, "firstName": "edwin", "gender": "none", "lastName": "Chua", "id": "17580402", "bio": "", "photo": {"prefix": "https://igx.4sqi.net/img/user/", "suffix": "/A5V2FC3U0WOKORYF.jpg"}, "homeCity": "Singapore", "lists": {"groups": [{"items": [], "count": 3, "type": "created"}]}}, {"tips": {"count": 0}, "contact": {"facebook": "568647897"}, "firstName": "Marcus", "gender": "male", "lastName": "Tam", "id": "7659444", "bio": "", "photo": {"prefix": "https://igx.4sqi.net/img/user/", "suffix": "/blank_boy.png", "default": true}, "homeCity": "Singapore", "lists": {"groups": [{"items": [], "count": 2, "type": "created"}]}}, {"tips": {"count": 5}, "contact": {}, "firstName": "Darshana", "gender": "male", "lastName": "Hirimuthugoda", "id": "53194334", "bio": "", "photo": {"prefix": "https://igx.4sqi.net/img/user/", "suffix": "/QSWDXAM5PFGSODUS.jpg"}, "homeCity": "Colombo, Sri Lanka", "lists": {"groups": [{"items": [], "count": 5, "type": "created"}]}}, {"tips": {"count": 15}, "contact": {"twitter": "fah_fixedster", "facebook": "100001417919188"}, "firstName": "Rawiphol", "gender": "male", "lastName": "Y.", "id": "5719061", "bio": "", "photo": {"prefix": "https://igx.4sqi.net/img/user/", "suffix": "/5719061_r6jVm5Lc_X9QNcGMmpHq0f14noL7rPAfM7Hd25E10O12HcFzh0SQTqTIB-lEadLZBH1fYmG0A.jpg"}, "homeCity": "Ramintra, Thailand", "lists": {"groups": [{"items": [], "count": 2, "type": "created"}]}}, {"tips": {"count": 2}, "contact": {"twitter": "nemined"}, "firstName": "Nemi", "gender": "female", "lastName": "Kat", "id": "1805254", "bio": "", "photo": {"prefix": "https://igx.4sqi.net/img/user/", "suffix": "/31OENUYHKLNR1P0N.jpg"}, "homeCity": "Singapore, SG", "lists": {"groups": [{"items": [], "count": 2, "type": "created"}]}}, {"tips": {"count": 3}, "contact": {"facebook": "658663758"}, "firstName": "Mohd Sazlyirwanto", "gender": "male", "lastName": "Mohd Salleh", "id": "2915951", "bio": "", "photo": {"prefix": "https://igx.4sqi.net/img/user/", "suffix": "/GCLZF4H15MYRX5I3.jpg"}, "homeCity": "Singapore", "lists": {"groups": [{"items": [], "count": 2, "type": "created"}]}}, {"tips": {"count": 0}, "contact": {"twitter": "pavitersingh", "facebook": "515185846"}, "firstName": "Paviter", "gender": "male", "lastName": "Singh", "id": "9593642", "bio": "", "photo": {"prefix": "https://igx.4sqi.net/img/user/", "suffix": "/10I4OCEVOETLDMVW.jpg"}, "homeCity": "Singapore", "lists": {"groups": [{"items": [], "count": 2, "type": "created"}]}}, {"tips": {"count": 0}, "contact": {}, "firstName": "Tharuka", "gender": "male", "lastName": "Dilshan", "id": "65163452", "bio": "", "photo": {"prefix": "https://igx.4sqi.net/img/user/", "suffix": "/65163452-1K2XYZVM2GGOTQOH.jpg"}, "homeCity": "Ambalangoda, Sri Lanka", "lists": {"groups": [{"items": [], "count": 2, "type": "created"}]}}, {"tips": {"count": 0}, "contact": {"facebook": "685018013"}, "firstName": "Jessie", "gender": "female", "lastName": "Chan", "id": "72424979", "bio": "", "photo": {"prefix": "https://igx.4sqi.net/img/user/", "suffix": "/72424979-4FKWPHPGSQQ5XQLU.jpg"}, "homeCity": "Singapore", "lists": {"groups": [{"items": [], "count": 2, "type": "created"}]}}, {"tips": {"count": 0}, "contact": {"twitter": "oh_kikimandy"}, "firstName": "Kiki", "gender": "female", "lastName": "Mandy", "id": "3350981", "bio": "", "photo": {"prefix": "https://igx.4sqi.net/img/user/", "suffix": "/3350981-LSRVDZWDNCMRA2CZ.jpg"}, "homeCity": "Singapore", "lists": {"groups": [{"items": [], "count": 2, "type": "created"}]}}, {"tips": {"count": 3}, "contact": {"twitter": "sam_resurrectio", "facebook": "10153070413719054"}, "firstName": "Sam", "gender": "male", "lastName": "Resurrection", "id": "4223515", "bio": "", "photo": {"prefix": "https://igx.4sqi.net/img/user/", "suffix": "/5CLURWQNCM2SJGQ0.jpg"}, "homeCity": "Singapore", "lists": {"groups": [{"items": [], "count": 2, "type": "created"}]}}, {"tips": {"count": 0}, "contact": {"twitter": "victorblast", "facebook": "581449253"}, "firstName": "Victor", "gender": "male", "lastName": "Blast", "id": "958366", "bio": "", "photo": {"prefix": "https://igx.4sqi.net/img/user/", "suffix": "/UHDX3TNKZS4JE3PW.jpg"}, "homeCity": "Brooklyn, NY", "lists": {"groups": [{"items": [], "count": 2, "type": "created"}]}}, {"tips": {"count": 1}, "contact": {"facebook": "654939040"}, "firstName": "Nurulhidayah", "gender": "female", "lastName": "Noordin", "id": "3178496", "bio": "", "photo": {"prefix": "https://igx.4sqi.net/img/user/", "suffix": "/ERWPIC1E5PJQFDWP.jpg"}, "homeCity": "Singapore", "lists": {"groups": [{"items": [], "count": 2, "type": "created"}]}}, {"tips": {"count": 0}, "contact": {"facebook": "1382107457"}, "firstName": "Master", "gender": "male", "lastName": "King", "id": "50658835", "bio": "", "photo": {"prefix": "https://igx.4sqi.net/img/user/", "suffix": "/JW3GV4H1SHCMAAXX.jpg"}, "homeCity": "New York, NY", "lists": {"groups": [{"items": [], "count": 2, "type": "created"}]}}, {"tips": {"count": 5}, "contact": {"twitter": "yatsu1967"}, "firstName": "Takashi", "gender": "male", "id": "57400792", "bio": "", "photo": {"prefix": "https://igx.4sqi.net/img/user/", "suffix": "/IMVFCLZ5FTT2PCH3.jpg"}, "homeCity": "Japan", "lists": {"groups": [{"items": [], "count": 2, "type": "created"}]}}, {"tips": {"count": 0}, "contact": {"facebook": "787372071"}, "firstName": "Judy Magdalene", "gender": "female", "lastName": "Tan", "id": "8378849", "bio": "", "photo": {"prefix": "https://igx.4sqi.net/img/user/", "suffix": "/blank_girl.png", "default": true}, "homeCity": "Singapore", "lists": {"groups": [{"items": [], "count": 2, "type": "created"}]}}, {"tips": {"count": 0}, "contact": {"facebook": "1287243724"}, "firstName": "Tharindu", "gender": "male", "lastName": "Rajapaksha", "id": "37197265", "bio": "", "photo": {"prefix": "https://igx.4sqi.net/img/user/", "suffix": "/37197265-SXG0AKAYXVWAQBCX.jpg"}, "homeCity": "Colombo", "lists": {"groups": [{"items": [], "count": 2, "type": "created"}]}}, {"tips": {"count": 0}, "contact": {"facebook": "1514025965"}, "firstName": "Jacky", "gender": "male", "lastName": "Ong", "id": "18209212", "bio": "", "photo": {"prefix": "https://igx.4sqi.net/img/user/", "suffix": "/blank_boy.png", "default": true}, "homeCity": "\u4e2d\u5c71\u5340, \u53f0\u7063", "lists": {"groups": [{"items": [], "count": 2, "type": "created"}]}}, {"tips": {"count": 0}, "contact": {"twitter": "shiellalee", "facebook": "1438538922"}, "firstName": "Shiella", "gender": "female", "lastName": "Lee", "id": "17086679", "bio": "", "photo": {"prefix": "https://igx.4sqi.net/img/user/", "suffix": "/S4XZ24BFRX5RXYXT.jpg"}, "homeCity": "Singapore", "lists": {"groups": [{"items": [], "count": 2, "type": "created"}]}}, {"tips": {"count": 0}, "contact": {}, "firstName": "Janie", "gender": "female", "lastName": "Loh", "id": "7543952", "bio": "", "photo": {"prefix": "https://igx.4sqi.net/img/user/", "suffix": "/2XX0TAQECDYJLE0R.jpg"}, "homeCity": "Singapore", "lists": {"groups": [{"items": [], "count": 2, "type": "created"}]}}, {"tips": {"count": 1}, "contact": {"twitter": "indulgencesg", "facebook": "100000410825777"}, "firstName": "Indulgence SG", "gender": "female", "id": "2255479", "bio": "", "photo": {"prefix": "https://igx.4sqi.net/img/user/", "suffix": "/MRRKLKPKAKMHBKLQ.jpg"}, "homeCity": "Singapore", "lists": {"groups": [{"items": [], "count": 2, "type": "created"}]}}, {"tips": {"count": 0}, "contact": {"facebook": "634299873"}, "firstName": "Vincent", "gender": "male", "lastName": "Leong", "id": "2935550", "bio": "", "photo": {"prefix": "https://igx.4sqi.net/img/user/", "suffix": "/NT55CPQ2AMPF1ORD.jpg"}, "homeCity": "Singapore", "lists": {"groups": [{"items": [], "count": 2, "type": "created"}]}}, {"tips": {"count": 4}, "contact": {"twitter": "edsontdbmtz", "facebook": "643996275711517"}, "firstName": "Edson", "gender": "male", "lastName": "Pinheiro", "id": "109508301", "bio": "", "photo": {"prefix": "https://igx.4sqi.net/img/user/", "suffix": "/109508301-B4NVUUNNZCYLIF1I.jpg"}, "homeCity": "Amargosa, BA", "lists": {"groups": [{"items": [], "count": 2, "type": "created"}]}}, {"tips": {"count": 1}, "contact": {"facebook": "100001666462461"}, "firstName": "Geeth", "gender": "male", "lastName": "Madhuhansa", "id": "81217476", "bio": "", "photo": {"prefix": "https://igx.4sqi.net/img/user/", "suffix": "/81217476-LHREM33C3KZW1GOK.jpg"}, "homeCity": "Weligama, Southern", "lists": {"groups": [{"items": [], "count": 2, "type": "created"}]}}, {"tips": {"count": 0}, "contact": {"facebook": "1077678593"}, "firstName": "Sean", "gender": "male", "lastName": "Seah", "id": "16879474", "bio": "", "photo": {"prefix": "https://igx.4sqi.net/img/user/", "suffix": "/blank_boy.png", "default": true}, "homeCity": "Singapore", "lists": {"groups": [{"items": [], "count": 2, "type": "created"}]}}, {"tips": {"count": 1}, "contact": {"twitter": "mshendriks", "facebook": "730128147"}, "firstName": "Joan", "gender": "female", "lastName": "Hendriks", "id": "1000138", "bio": "", "photo": {"prefix": "https://igx.4sqi.net/img/user/", "suffix": "/EFDRZLFMZX1Q50CU.jpg"}, "homeCity": "Singapore", "lists": {"groups": [{"items": [], "count": 2, "type": "created"}]}}, {"tips": {"count": 16}, "contact": {"twitter": "mingyeonghwan", "facebook": "1278458019"}, "firstName": "Gyeonghwan", "gender": "male", "lastName": "Min", "id": "3261583", "bio": "Seoul,Korea", "photo": {"prefix": "https://igx.4sqi.net/img/user/", "suffix": "/3261583-GNC1MZECI51B11DJ.jpg"}, "homeCity": "\uc11c\uc6b8\ud2b9\ubcc4\uc2dc, \ub300\ud55c\ubbfc\uad6d", "lists": {"groups": [{"items": [], "count": 2, "type": "created"}]}}, {"tips": {"count": 1}, "contact": {}, "firstName": "Perera & Sons", "gender": "male", "id": "10088909", "bio": "", "photo": {"prefix": "https://igx.4sqi.net/img/user/", "suffix": "/F0ABDBUQ4VZF5AGH.jpg"}, "homeCity": "Sri Lanka", "lists": {"groups": [{"items": [], "count": 3, "type": "created"}]}}, {"tips": {"count": 3}, "contact": {}, "firstName": "Iz'aan", "gender": "male", "lastName": "Azizan", "id": "28233293", "bio": "Are you pervert?", "photo": {"prefix": "https://igx.4sqi.net/img/user/", "suffix": "/IVMDLXIRQKTHOHCC.jpg"}, "homeCity": "BANGI,SELANGOR", "lists": {"groups": [{"items": [], "count": 2, "type": "created"}]}}, {"tips": {"count": 1}, "contact": {"facebook": "100001141288673"}, "firstName": "Bhanuka", "gender": "male", "lastName": "Rodrigo", "id": "17093267", "bio": "", "photo": {"prefix": "https://igx.4sqi.net/img/user/", "suffix": "/CKVC4QXWZ2J5AZP3.jpg"}, "homeCity": "Moratuwa, Sri Lanka", "lists": {"groups": [{"items": [], "count": 2, "type": "created"}]}}, {"tips": {"count": 22}, "contact": {"facebook": "100003148256134"}, "firstName": "HappyFamily", "gender": "male", "lastName": "BenMai", "id": "44773536", "bio": "", "photo": {"prefix": "https://igx.4sqi.net/img/user/", "suffix": "/44773536-OV42KO2DM24YECU3.jpg"}, "homeCity": "New York, NY", "lists": {"groups": [{"items": [], "count": 2, "type": "created"}]}}, {"tips": {"count": 3}, "contact": {"twitter": "arminlh04", "facebook": "1010387642"}, "firstName": "Armin", "gender": "male", "lastName": "Localheroes", "id": "2626368", "bio": "", "photo": {"prefix": "https://igx.4sqi.net/img/user/", "suffix": "/5LKI5D5MYKXFSCAX.jpg"}, "homeCity": "Singapore", "lists": {"groups": [{"items": [], "count": 2, "type": "created"}]}}, {"tips": {"count": 0}, "contact": {}, "firstName": "William", "gender": "male", "id": "3900316", "bio": "", "photo": {"prefix": "https://igx.4sqi.net/img/user/", "suffix": "/blank_boy.png", "default": true}, "homeCity": "Singapore", "lists": {"groups": [{"items": [], "count": 2, "type": "created"}]}}, {"tips": {"count": 0}, "contact": {}, "firstName": "Carlee", "gender": "female", "lastName": "Hovis", "id": "81686168", "bio": "", "photo": {"prefix": "https://igx.4sqi.net/img/user/", "suffix": "/81686168-SXZ3I2KYVXGXWB4D.jpg"}, "homeCity": "", "lists": {"groups": [{"items": [], "count": 2, "type": "created"}]}}, {"tips": {"count": 5}, "contact": {"twitter": "njohari"}, "firstName": "Nurhasanah", "gender": "female", "lastName": "Johari", "id": "1065184", "bio": "", "photo": {"prefix": "https://igx.4sqi.net/img/user/", "suffix": "/HC3PIKMBJPDM5V22.jpg"}, "homeCity": "Singapore", "lists": {"groups": [{"items": [], "count": 2, "type": "created"}]}}, {"tips": {"count": 30}, "contact": {}, "firstName": "Zain", "gender": "male", "lastName": "A", "id": "3277896", "bio": "Sometimes I feel, strange as it seems, you've been in my dreams all my life. *Roxette*", "photo": {"prefix": "https://igx.4sqi.net/img/user/", "suffix": "/3277896_C5bjSZKJ_pV4NAFXhZ0M_7mDQ9TPg5uAUieMB-lmMfItobOJkFuskQ7mxh_yPu4yPrHyTkbhR.jpg"}, "homeCity": "Singapore", "lists": {"groups": [{"items": [], "count": 3, "type": "created"}]}}, {"tips": {"count": 1}, "contact": {"twitter": "rebekah_letch", "facebook": "509769908"}, "firstName": "Rebekah", "gender": "female", "lastName": "Letchumanan", "id": "12670303", "bio": "", "photo": {"prefix": "https://igx.4sqi.net/img/user/", "suffix": "/TELJ2AXCADEIJPNM.jpg"}, "homeCity": "New York, NY", "lists": {"groups": [{"items": [], "count": 2, "type": "created"}]}}, {"tips": {"count": 51}, "contact": {"twitter": "thisara8", "facebook": "721267351"}, "firstName": "Thisara", "gender": "male", "lastName": "De Silva", "id": "54377554", "bio": "", "photo": {"prefix": "https://igx.4sqi.net/img/user/", "suffix": "/54377554-BEQWSPWDV4RS42XT.jpg"}, "homeCity": "Abu Dhabi, United Arab Emirates", "lists": {"groups": [{"items": [], "count": 2, "type": "created"}]}}, {"tips": {"count": 0}, "contact": {"twitter": "aenaalimin", "facebook": "891878734191439"}, "firstName": "Aena", "gender": "female", "lastName": "Alimin", "id": "23722602", "bio": "Get harder", "photo": {"prefix": "https://igx.4sqi.net/img/user/", "suffix": "/23722602-LPGUV0ALSADFAR5G.jpg"}, "homeCity": "Selangor", "lists": {"groups": [{"items": [], "count": 2, "type": "created"}]}}, {"tips": {"count": 8}, "contact": {"facebook": "1509429727"}, "firstName": "Sendy", "gender": "female", "lastName": "Mamahit", "id": "2738469", "bio": "", "photo": {"prefix": "https://igx.4sqi.net/img/user/", "suffix": "/DJNIJZRPE2DB53OB.jpg"}, "homeCity": "Jakarta Pusat, Indonesia", "lists": {"groups": [{"items": [], "count": 2, "type": "created"}]}}, {"tips": {"count": 5}, "contact": {"facebook": "538616985"}, "firstName": "Sarah", "gender": "female", "lastName": "Hiew", "id": "21734790", "bio": "", "photo": {"prefix": "https://igx.4sqi.net/img/user/", "suffix": "/ZXOWTIDFCAEGA3KP.jpg"}, "homeCity": "Bangkok Metropolis", "lists": {"groups": [{"items": [], "count": 2, "type": "created"}]}}, {"tips": {"count": 6}, "contact": {"twitter": "md_rahayu", "facebook": "753363509"}, "firstName": "MADE RAHAYU PUTRI", "gender": "female", "lastName": "PRASETIANI", "id": "1178039", "bio": "", "photo": {"prefix": "https://igx.4sqi.net/img/user/", "suffix": "/2I4NN0RISA3Z1N3B.jpg"}, "homeCity": "Kuta, Bali, Indonesia", "lists": {"groups": [{"items": [], "count": 2, "type": "created"}]}}, {"tips": {"count": 0}, "contact": {}, "firstName": "Weeling", "gender": "female", "lastName": "Tan", "id": "3292363", "bio": "", "photo": {"prefix": "https://igx.4sqi.net/img/user/", "suffix": "/RU4JNTKQ300XIQKF.jpg"}, "homeCity": "Singapore", "lists": {"groups": [{"items": [], "count": 2, "type": "created"}]}}, {"tips": {"count": 0}, "contact": {"facebook": "100001343440297"}, "firstName": "Benedicta", "gender": "female", "lastName": "Aggrey", "id": "16029356", "bio": "", "photo": {"prefix": "https://igx.4sqi.net/img/user/", "suffix": "/AYTU3ZCR43Q3OICG.jpg"}, "homeCity": "Ghana", "lists": {"groups": [{"items": [], "count": 2, "type": "created"}]}}, {"tips": {"count": 2}, "contact": {"twitter": "pramith250ps", "facebook": "604050266"}, "firstName": "Pramith", "gender": "male", "lastName": "Rupasinghe", "id": "24080254", "bio": "", "photo": {"prefix": "https://igx.4sqi.net/img/user/", "suffix": "/AXVHD2QOXQ4VE5FT.jpg"}, "homeCity": "Colombo, Sri Lanka", "lists": {"groups": [{"items": [], "count": 2, "type": "created"}]}}, {"tips": {"count": 0}, "contact": {}, "firstName": "Deb", "gender": "female", "lastName": "Jiang", "id": "2776595", "bio": "", "photo": {"prefix": "https://igx.4sqi.net/img/user/", "suffix": "/blank_girl.png", "default": true}, "homeCity": "New York, NY", "lists": {"groups": [{"items": [], "count": 2, "type": "created"}]}}, {"tips": {"count": 15}, "contact": {"twitter": "shaanea", "facebook": "503397739"}, "firstName": "Shaanea", "gender": "female", "id": "31073679", "bio": "", "photo": {"prefix": "https://igx.4sqi.net/img/user/", "suffix": "/3VOLUTAGSL30PPDS.jpg"}, "homeCity": "Sri Lanka ", "lists": {"groups": [{"items": [], "count": 2, "type": "created"}]}}, {"tips": {"count": 1}, "contact": {}, "firstName": "ArianDelany", "gender": "female", "id": "1406406", "bio": "", "photo": {"prefix": "https://igx.4sqi.net/img/user/", "suffix": "/D1MVWWAY1JOE13SO.jpg"}, "homeCity": "bandung", "lists": {"groups": [{"items": [], "count": 3, "type": "created"}]}}, {"tips": {"count": 0}, "contact": {"facebook": "605275761"}, "firstName": "Andy", "gender": "male", "lastName": "Looi", "id": "3296519", "bio": "", "photo": {"prefix": "https://igx.4sqi.net/img/user/", "suffix": "/34AE1OVAWRTWKH4H.jpg"}, "homeCity": "Singapore", "lists": {"groups": [{"items": [], "count": 2, "type": "created"}]}}, {"tips": {"count": 0}, "contact": {"facebook": "1428106030"}, "firstName": "Sanae", "gender": "female", "lastName": "Tsuji", "id": "24250609", "bio": "", "photo": {"prefix": "https://igx.4sqi.net/img/user/", "suffix": "/52NHWHINRRTPY0FG.jpg"}, "homeCity": "Singapore, Singapore", "lists": {"groups": [{"items": [], "count": 2, "type": "created"}]}}, {"tips": {"count": 0}, "contact": {}, "firstName": "alex", "gender": "male", "lastName": "toh", "id": "3594903", "bio": "", "photo": {"prefix": "https://igx.4sqi.net/img/user/", "suffix": "/HVI5UT001HLGYHTI.jpg"}, "homeCity": "Singapore", "lists": {"groups": [{"items": [], "count": 2, "type": "created"}]}}, {"tips": {"count": 3}, "contact": {"twitter": "myretrokitchen", "facebook": "733569327"}, "firstName": "Amie", "gender": "female", "lastName": "Kanengeiser", "id": "48441357", "bio": "", "photo": {"prefix": "https://igx.4sqi.net/img/user/", "suffix": "/25VCSBJUMSFW5N1A.jpg"}, "homeCity": "Cleveland, Ohio", "lists": {"groups": [{"items": [], "count": 2, "type": "created"}]}}, {"tips": {"count": 0}, "contact": {"twitter": "yogaherklots", "facebook": "1057695508"}, "firstName": "Yoga", "gender": "male", "lastName": "herklots", "id": "1646797", "bio": "", "photo": {"prefix": "https://igx.4sqi.net/img/user/", "suffix": "/KXTMX15ENESXL1KD.jpg"}, "homeCity": "Bandung Regency, West Java", "lists": {"groups": [{"items": [], "count": 2, "type": "created"}]}}, {"tips": {"count": 0}, "contact": {"facebook": "701514365"}, "firstName": "Mervin", "gender": "male", "lastName": "Lay", "id": "3396451", "bio": "", "photo": {"prefix": "https://igx.4sqi.net/img/user/", "suffix": "/155LQ3HNZNVMCZUU.jpg"}, "homeCity": "Singapore", "lists": {"groups": [{"items": [], "count": 2, "type": "created"}]}}, {"tips": {"count": 0}, "contact": {"facebook": "100003016459354"}, "firstName": "Atul", "gender": "male", "lastName": "Yadav", "id": "27286901", "bio": "", "photo": {"prefix": "https://irs0.4sqi.net/img/user/", "suffix": "/SZ3TRD0RPQOANDT4.jpg"}, "homeCity": "Uttar Pradesh", "lists": {"groups": [{"items": [], "count": 2, "type": "created"}]}}, {"tips": {"count": 5}, "contact": {"facebook": "675018316"}, "firstName": "Zell", "gender": "male", "lastName": "Chew", "id": "3597594", "bio": "", "photo": {"prefix": "https://igx.4sqi.net/img/user/", "suffix": "/IMLVNHXQNAFG0T0R.jpg"}, "homeCity": "Singapore", "lists": {"groups": [{"items": [], "count": 2, "type": "created"}]}}, {"tips": {"count": 9}, "contact": {"facebook": "1078036119"}, "firstName": "Griffin", "gender": "none", "lastName": "Technology", "id": "1689479", "bio": "Founded in 1992 and building amazing things ever since.  We're worldwide, but we call Nashville home.", "photo": {"prefix": "https://igx.4sqi.net/img/user/", "suffix": "/OVES2GUDG5MOAS2L.png"}, "homeCity": "Nashville, TN", "lists": {"groups": [{"items": [], "count": 2, "type": "created"}]}}, {"tips": {"count": 0}, "contact": {"facebook": "689091812"}, "firstName": "Jaslyn", "gender": "female", "lastName": "Tan", "id": "3675841", "bio": "", "photo": {"prefix": "https://igx.4sqi.net/img/user/", "suffix": "/HBSCACHP1IEQOM3C.jpg"}, "homeCity": "Singapore", "lists": {"groups": [{"items": [], "count": 2, "type": "created"}]}}, {"tips": {"count": 5}, "contact": {"facebook": "100003583046215"}, "firstName": "Khandi", "gender": "female", "lastName": "Tumeo", "id": "28397692", "bio": "Author", "photo": {"prefix": "https://igx.4sqi.net/img/user/", "suffix": "/HWGD1DINKZWEKUPM.jpg"}, "homeCity": "gulf shores alabama", "lists": {"groups": [{"items": [], "count": 3, "type": "created"}]}}, {"tips": {"count": 0}, "contact": {}, "firstName": "Suranga", "gender": "male", "lastName": "Paranawithana", "id": "4901308", "bio": "", "photo": {"prefix": "https://igx.4sqi.net/img/user/", "suffix": "/TS2X230Z2NOA5B1K.jpg"}, "homeCity": "Singapore", "lists": {"groups": [{"items": [], "count": 2, "type": "created"}]}}, {"tips": {"count": 20}, "contact": {"twitter": "shafrazthawfeek", "facebook": "548323922"}, "firstName": "Shafraz", "gender": "male", "lastName": "Thawfeek", "id": "1843360", "bio": "", "photo": {"prefix": "https://igx.4sqi.net/img/user/", "suffix": "/5PAMLHIU1XCR5JNS.jpg"}, "homeCity": "Colombo, Sri Lanka", "lists": {"groups": [{"items": [], "count": 2, "type": "created"}]}}, {"tips": {"count": 0}, "contact": {}, "firstName": "Ritz", "gender": "female", "lastName": "Moktar", "id": "3714793", "bio": "", "photo": {"prefix": "https://igx.4sqi.net/img/user/", "suffix": "/RDDG0A0GR5CBEZO1.jpg"}, "homeCity": "Singapore", "lists": {"groups": [{"items": [], "count": 2, "type": "created"}]}}, {"tips": {"count": 0}, "contact": {"facebook": "603921703"}, "firstName": "Udana", "gender": "male", "lastName": "Siriwardana", "id": "34963267", "bio": "", "photo": {"prefix": "https://igx.4sqi.net/img/user/", "suffix": "/DM4YKPQ5B2FGFLD5.jpg"}, "homeCity": "Dubay", "lists": {"groups": [{"items": [], "count": 2, "type": "created"}]}}, {"tips": {"count": 0}, "contact": {"facebook": "811505042"}, "firstName": "Lily", "gender": "female", "lastName": "Han", "id": "4993675", "bio": "", "photo": {"prefix": "https://igx.4sqi.net/img/user/", "suffix": "/3KJXT3DGUUHO32NV.jpg"}, "homeCity": "Singapore", "lists": {"groups": [{"items": [], "count": 2, "type": "created"}]}}, {"tips": {"count": 0}, "contact": {"twitter": "deeeekson"}, "firstName": "Dickson", "gender": "male", "lastName": "Chen", "id": "2416306", "bio": "", "photo": {"prefix": "https://igx.4sqi.net/img/user/", "suffix": "/blank_boy.png", "default": true}, "homeCity": "Singapore", "lists": {"groups": [{"items": [], "count": 2, "type": "created"}]}}, {"tips": {"count": 2}, "contact": {"facebook": "565292119"}, "firstName": "DamMika", "gender": "male", "lastName": "Prabath", "id": "6653516", "bio": "", "photo": {"prefix": "https://igx.4sqi.net/img/user/", "suffix": "/AIYUFKFQLITWGS2O.jpg"}, "homeCity": "Singapore", "lists": {"groups": [{"items": [], "count": 2, "type": "created"}]}}, {"tips": {"count": 0}, "contact": {}, "firstName": "JasmineChloe", "gender": "female", "lastName": "Tang", "id": "10420261", "bio": "", "photo": {"prefix": "https://igx.4sqi.net/img/user/", "suffix": "/blank_girl.png", "default": true}, "homeCity": "Singapore", "lists": {"groups": [{"items": [], "count": 2, "type": "created"}]}}, {"tips": {"count": 0}, "contact": {"twitter": "mac9961"}, "firstName": "Ashiq", "gender": "male", "lastName": "Chu", "id": "2482477", "bio": "", "photo": {"prefix": "https://igx.4sqi.net/img/user/", "suffix": "/3ONFLGPQRE5KGXY0.jpg"}, "homeCity": "Singapore", "lists": {"groups": [{"items": [], "count": 2, "type": "created"}]}}, {"tips": {"count": 0}, "contact": {"facebook": "647323017"}, "firstName": "Lilian", "gender": "female", "lastName": "Soh", "id": "12000151", "bio": "", "photo": {"prefix": "https://igx.4sqi.net/img/user/", "suffix": "/CBWMJOVRKWAWD2BH.jpg"}, "homeCity": "NY", "lists": {"groups": [{"items": [], "count": 2, "type": "created"}]}}, {"tips": {"count": 0}, "contact": {}, "firstName": "Mike", "gender": "male", "lastName": "Tan", "id": "3020784", "bio": "", "photo": {"prefix": "https://igx.4sqi.net/img/user/", "suffix": "/blank_boy.png", "default": true}, "homeCity": "Singapore", "lists": {"groups": [{"items": [], "count": 2, "type": "created"}]}}, {"tips": {"count": 0}, "contact": {"facebook": "100003916771496"}, "firstName": "Steve", "gender": "male", "lastName": "Shaan", "id": "43326770", "bio": "=) xD party animal", "photo": {"prefix": "https://igx.4sqi.net/img/user/", "suffix": "/S31X5YNKWBAKB4OC.jpg"}, "homeCity": "Colombo", "lists": {"groups": [{"items": [], "count": 2, "type": "created"}]}}, {"tips": {"count": 0}, "contact": {"facebook": "596108324"}, "firstName": "Zulhelmi", "gender": "male", "lastName": "Hamzah", "id": "3419210", "bio": "", "photo": {"prefix": "https://igx.4sqi.net/img/user/", "suffix": "/blank_boy.png", "default": true}, "homeCity": "Singapore", "lists": {"groups": [{"items": [], "count": 2, "type": "created"}]}}, {"tips": {"count": 22}, "contact": {"twitter": "aniceholiday"}, "firstName": "A Nice Holiday", "gender": "none", "id": "5343462", "bio": "", "photo": {"prefix": "https://igx.4sqi.net/img/user/", "suffix": "/LN5NF2KMVBJSVTS5.png"}, "homeCity": "Singapore", "lists": {"groups": [{"items": [], "count": 15, "type": "created"}]}}, {"tips": {"count": 1}, "contact": {"facebook": "100001617978558"}, "firstName": "Shahryar", "gender": "male", "lastName": "Naseem", "id": "31119345", "bio": "", "photo": {"prefix": "https://igx.4sqi.net/img/user/", "suffix": "/2KN5I4D4WKWT3VLG.jpg"}, "homeCity": "Hyderabad, India ", "lists": {"groups": [{"items": [], "count": 2, "type": "created"}]}}], "count": 126}, "checksum": "085aa3b13d590a09d67e503caa67d0f8e7c912dc"}, "meta": {"requestId": "5965c2afdd57972d2be000d7", "code": 200}}