{"notifications": [{"type": "notificationTray", "item": {"unreadCount": 0}}], "response": {"friends": {"items": [{"tips": {"count": 1}, "contact": {"facebook": "604155169"}, "firstName": "Clara", "gender": "female", "lastName": "Tan", "id": "2105919", "bio": "", "photo": {"prefix": "https://igx.4sqi.net/img/user/", "suffix": "/5NRONQ1LT2FLRHG0.jpg"}, "homeCity": "Singapore", "lists": {"groups": [{"items": [], "count": 2, "type": "created"}]}}, {"tips": {"count": 0}, "contact": {"twitter": "gracejyh", "facebook": "573865960"}, "firstName": "Grace", "gender": "female", "lastName": "Jiang", "id": "423540", "bio": "", "photo": {"prefix": "https://igx.4sqi.net/img/user/", "suffix": "/0VMO5SKOV1MU3HRV.jpg"}, "homeCity": "Singapore", "lists": {"groups": [{"items": [], "count": 2, "type": "created"}]}}, {"tips": {"count": 0}, "contact": {"facebook": "634741013"}, "firstName": "Cheryl", "gender": "female", "lastName": "Yang", "id": "1336517", "bio": "", "photo": {"prefix": "https://igx.4sqi.net/img/user/", "suffix": "/M2SHB35LMTS1LBVX.jpg"}, "homeCity": "Bedok, Singapore", "lists": {"groups": [{"items": [], "count": 2, "type": "created"}]}}, {"tips": {"count": 8}, "contact": {"twitter": "fattychoo", "facebook": "603582037"}, "firstName": "Paul", "gender": "male", "lastName": "Choo", "id": "1429588", "bio": "", "photo": {"prefix": "https://igx.4sqi.net/img/user/", "suffix": "/QN02LGXWEMOENMVX.jpg"}, "homeCity": "Pasir Ris, Singapore", "lists": {"groups": [{"items": [], "count": 2, "type": "created"}]}}, {"tips": {"count": 1}, "contact": {"facebook": "557868872"}, "firstName": "Ling", "gender": "female", "id": "2260558", "bio": "", "photo": {"prefix": "https://igx.4sqi.net/img/user/", "suffix": "/QXCRG4CDPQ3N42MN.jpg"}, "homeCity": "Bedok, Singapore", "lists": {"groups": [{"items": [], "count": 2, "type": "created"}]}}, {"tips": {"count": 0}, "contact": {"facebook": "676323413"}, "firstName": "Clairebear", "gender": "female", "id": "1174895", "bio": "", "photo": {"prefix": "https://igx.4sqi.net/img/user/", "suffix": "/2ATE4EABQ1XDDV2A.jpg"}, "homeCity": "Singapore", "lists": {"groups": [{"items": [], "count": 2, "type": "created"}]}}, {"tips": {"count": 1}, "contact": {"twitter": "aphrodisiaq", "facebook": "663840391"}, "firstName": "Celina", "gender": "female", "id": "449209", "bio": "", "photo": {"prefix": "https://igx.4sqi.net/img/user/", "suffix": "/XF42OWZYJ0FT2P2U.jpg"}, "homeCity": "Singapore", "lists": {"groups": [{"items": [], "count": 2, "type": "created"}]}}, {"tips": {"count": 0}, "contact": {"twitter": "little_gracie", "facebook": "516208795"}, "firstName": "Gracieee", "gender": "female", "id": "746699", "bio": "", "photo": {"prefix": "https://igx.4sqi.net/img/user/", "suffix": "/E1VXH1IAE30O4GQH.jpg"}, "homeCity": "Singapore, ", "lists": {"groups": [{"items": [], "count": 2, "type": "created"}]}}, {"tips": {"count": 1}, "contact": {"twitter": "fwishieee", "facebook": "584943506"}, "firstName": "Fishhh", "gender": "female", "lastName": "Finn", "id": "777404", "bio": "", "photo": {"prefix": "https://igx.4sqi.net/img/user/", "suffix": "/PTCWLRRZN4GOVLGN.jpg"}, "homeCity": "Singapore", "lists": {"groups": [{"items": [], "count": 2, "type": "created"}]}}, {"tips": {"count": 0}, "contact": {"twitter": "gwennyt", "facebook": "655826777"}, "firstName": "Gwendolyn", "gender": "female", "lastName": "Tan", "id": "796598", "bio": "", "photo": {"prefix": "https://igx.4sqi.net/img/user/", "suffix": "/100HYMZ3QZIMUS1K.jpg"}, "homeCity": ", Singapore", "lists": {"groups": [{"items": [], "count": 2, "type": "created"}]}}, {"tips": {"count": 2}, "contact": {"twitter": "dianetay"}, "firstName": "Diane", "gender": "female", "lastName": "Tay", "id": "486924", "bio": "", "photo": {"prefix": "https://igx.4sqi.net/img/user/", "suffix": "/WCCEW20KR0WVII5C.jpg"}, "homeCity": "Singapore", "lists": {"groups": [{"items": [], "count": 2, "type": "created"}]}}, {"tips": {"count": 9}, "contact": {"twitter": "mackrazi", "facebook": "806889221"}, "firstName": "Danny Mikhail", "gender": "male", "id": "1750600", "bio": "", "photo": {"prefix": "https://igx.4sqi.net/img/user/", "suffix": "/B5NJGEH1BHR2FT3W.jpg"}, "homeCity": "Singapore", "lists": {"groups": [{"items": [], "count": 4, "type": "created"}]}}, {"tips": {"count": 14}, "contact": {"facebook": "527410957"}, "firstName": "Weilin", "gender": "female", "lastName": "Song", "id": "888403", "bio": "", "photo": {"prefix": "https://igx.4sqi.net/img/user/", "suffix": "/YJCHB1VKLWNMPXFI.jpg"}, "homeCity": "Singapore", "lists": {"groups": [{"items": [], "count": 2, "type": "created"}]}}, {"tips": {"count": 2}, "contact": {"twitter": "hehepk", "facebook": "520270628"}, "firstName": "Kenneth", "gender": "male", "lastName": "Soh", "id": "1124448", "bio": "", "photo": {"prefix": "https://igx.4sqi.net/img/user/", "suffix": "/WMWEWCNG30C51UG5.jpg"}, "homeCity": "Singapore", "lists": {"groups": [{"items": [], "count": 2, "type": "created"}]}}, {"tips": {"count": 0}, "contact": {"facebook": "543193004"}, "firstName": "Darius", "gender": "male", "lastName": "Chu", "id": "2200589", "bio": "", "photo": {"prefix": "https://igx.4sqi.net/img/user/", "suffix": "/VM5M5JIMWLTSV5PP.jpg"}, "homeCity": "Singapore", "lists": {"groups": [{"items": [], "count": 2, "type": "created"}]}}, {"tips": {"count": 0}, "contact": {"facebook": "788570537"}, "firstName": "Derrick", "gender": "male", "lastName": "Leong", "id": "1949750", "bio": "", "photo": {"prefix": "https://igx.4sqi.net/img/user/", "suffix": "/blank_boy.png", "default": true}, "homeCity": "Singapore, SG", "lists": {"groups": [{"items": [], "count": 2, "type": "created"}]}}, {"tips": {"count": 0}, "contact": {"twitter": "clarencewyx", "facebook": "731132440"}, "firstName": "Clarence", "gender": "male", "lastName": "Wee", "id": "1756395", "bio": "", "photo": {"prefix": "https://igx.4sqi.net/img/user/", "suffix": "/X3VX2OJ4FSYQE3RO.jpg"}, "homeCity": "Tai Keng Gardens", "lists": {"groups": [{"items": [], "count": 2, "type": "created"}]}}, {"tips": {"count": 30}, "contact": {"facebook": "568276774"}, "firstName": "Jerry", "gender": "male", "lastName": "Iceman", "id": "1024014", "bio": "", "photo": {"prefix": "https://igx.4sqi.net/img/user/", "suffix": "/1024014-132EMZYA2KVVTJCN.jpg"}, "homeCity": "Singapore", "lists": {"groups": [{"items": [], "count": 2, "type": "created"}]}}, {"tips": {"count": 8}, "contact": {"twitter": "anniemiyakee", "facebook": "537358144"}, "firstName": "Ann", "gender": "female", "lastName": "Dee", "id": "1063389", "bio": "", "photo": {"prefix": "https://igx.4sqi.net/img/user/", "suffix": "/EH1LRT5QWN3EFNKO.jpg"}, "homeCity": "Tampines, Singapore", "lists": {"groups": [{"items": [], "count": 2, "type": "created"}]}}, {"tips": {"count": 0}, "contact": {"twitter": "c0rde"}, "firstName": "Cordelia", "gender": "female", "lastName": "Low", "id": "1072267", "bio": "", "photo": {"prefix": "https://igx.4sqi.net/img/user/", "suffix": "/VDFYCPTRLFORGLGI.jpg"}, "homeCity": "Rochor, Singapore", "lists": {"groups": [{"items": [], "count": 2, "type": "created"}]}}, {"tips": {"count": 1}, "contact": {"twitter": "ladyshalyn", "facebook": "638686594"}, "firstName": "Shalyn", "gender": "female", "lastName": "Tong", "id": "1073104", "bio": "", "photo": {"prefix": "https://igx.4sqi.net/img/user/", "suffix": "/HJ0BEDASRDAGBGZZ.jpg"}, "homeCity": "Khlong Toei, Bangkok", "lists": {"groups": [{"items": [], "count": 2, "type": "created"}]}}, {"tips": {"count": 3}, "contact": {"facebook": "100000291639209"}, "firstName": "Gurcharan", "gender": "male", "lastName": "Singh", "id": "1277595", "bio": "", "photo": {"prefix": "https://igx.4sqi.net/img/user/", "suffix": "/TTLTO3URYOSJVJNZ.jpg"}, "homeCity": "singapore", "lists": {"groups": [{"items": [], "count": 2, "type": "created"}]}}, {"tips": {"count": 0}, "contact": {}, "firstName": "Adeline", "gender": "female", "lastName": "Teo", "id": "1291660", "bio": "", "photo": {"prefix": "https://igx.4sqi.net/img/user/", "suffix": "/ZENXOUYTRB2RZ1XW.jpg"}, "homeCity": "Sengkang, Singapore", "lists": {"groups": [{"items": [], "count": 2, "type": "created"}]}}, {"tips": {"count": 27}, "contact": {"facebook": "1595407485"}, "firstName": "Tiger", "gender": "male", "lastName": "Koh", "id": "1510076", "bio": "", "photo": {"prefix": "https://igx.4sqi.net/img/user/", "suffix": "/KIX1AVJPKI345ZW1.jpg"}, "homeCity": "Singapore", "lists": {"groups": [{"items": [], "count": 2, "type": "created"}]}}, {"tips": {"count": 0}, "contact": {"twitter": "sugarie_love", "facebook": "500212546"}, "firstName": "WONG", "gender": "female", "lastName": "CLARA", "id": "1688580", "bio": "", "photo": {"prefix": "https://igx.4sqi.net/img/user/", "suffix": "/0QXO32440JZUZQXU.jpg"}, "homeCity": "Sg", "lists": {"groups": [{"items": [], "count": 2, "type": "created"}]}}, {"tips": {"count": 4}, "contact": {}, "firstName": "realife81", "gender": "male", "id": "2077610", "bio": "", "photo": {"prefix": "https://igx.4sqi.net/img/user/", "suffix": "/2077610-Z2UMH1IFT321DV0X.jpg"}, "homeCity": "Singapore", "lists": {"groups": [{"items": [], "count": 2, "type": "created"}]}}], "count": 126}, "checksum": "6a6ae5f436fd73e6d251d87d51584512500aaa34"}, "meta": {"requestId": "5965ce954c1f67703af5010a", "code": 200}}