{"notifications": [{"type": "notificationTray", "item": {"unreadCount": 0}}], "meta": {"requestId": "5966d99e351e3d479ad6b9b2", "code": 200}, "response": {"friends": {"count": 120, "items": [{"id": "1031590", "photo": {"prefix": "https://irs0.4sqi.net/img/user/", "suffix": "/Z3OQJMDZUZFXJLWO.jpg"}, "homeCity": "Singapore", "contact": {"facebook": "649175854", "twitter": "princezzivah"}, "firstName": "Ivah", "tips": {"count": 6}, "gender": "female", "lastName": "Ee", "lists": {"groups": [{"count": 2, "type": "created", "items": []}]}, "bio": ""}, {"id": "72034634", "photo": {"prefix": "https://igx.4sqi.net/img/user/", "suffix": "/72034634-K1KSMPAXNIZATCXS.jpg"}, "homeCity": "Belo Horizonte, 15", "contact": {"facebook": "100006572589906"}, "firstName": "Ana Maria", "tips": {"count": 0}, "gender": "female", "lastName": "Reis", "lists": {"groups": [{"count": 2, "type": "created", "items": []}]}, "bio": ""}, {"id": "1095234", "photo": {"prefix": "https://igx.4sqi.net/img/user/", "suffix": "/QKA0IW0PUMNUXGXX.jpg"}, "homeCity": "Singapore", "contact": {"twitter": "sfee"}, "firstName": "Sfee", "tips": {"count": 0}, "gender": "female", "lastName": "Chen", "lists": {"groups": [{"count": 2, "type": "created", "items": []}]}, "bio": ""}, {"id": "6191755", "photo": {"prefix": "https://igx.4sqi.net/img/user/", "suffix": "/6191755-V0DYVVQILKMAUUP1.jpg"}, "homeCity": "Everywhere", "contact": {}, "firstName": "Brad", "tips": {"count": 0}, "gender": "male", "lists": {"groups": [{"count": 20, "type": "created", "items": []}]}, "bio": "Out there lover of all technology"}, {"id": "10692010", "photo": {"prefix": "https://igx.4sqi.net/img/user/", "suffix": "/30ZBJCCYM4K2DURQ.jpg"}, "homeCity": "Singapore", "contact": {"facebook": "517506145"}, "firstName": "Julie", "tips": {"count": 0}, "gender": "female", "lastName": "pZ", "lists": {"groups": [{"count": 2, "type": "created", "items": []}]}, "bio": ""}, {"id": "427177", "photo": {"prefix": "https://igx.4sqi.net/img/user/", "suffix": "/ZCY2KEACNKJENOU0.jpg"}, "homeCity": "Singapore", "contact": {"facebook": "568167328", "twitter": "genteo"}, "firstName": "Gen", "tips": {"count": 2}, "gender": "female", "lastName": "Teo", "lists": {"groups": [{"count": 2, "type": "created", "items": []}]}, "bio": ""}, {"id": "373287", "photo": {"prefix": "https://igx.4sqi.net/img/user/", "suffix": "/V04Z1PJ11TJICWFE.jpg"}, "homeCity": "Singapore, ", "contact": {"facebook": "630152582", "twitter": "surrealhush"}, "firstName": "Michelle", "tips": {"count": 7}, "gender": "female", "lastName": "Wan", "lists": {"groups": [{"count": 3, "type": "created", "items": []}]}, "bio": ""}, {"id": "1323877", "photo": {"prefix": "https://igx.4sqi.net/img/user/", "suffix": "/EI3I0BBSUFMWFVFM.jpg"}, "homeCity": "san francisco", "contact": {"twitter": "msw"}, "firstName": "Ah", "tips": {"count": 12}, "gender": "none", "lastName": "Wee", "lists": {"groups": [{"count": 2, "type": "created", "items": []}]}, "bio": ""}, {"id": "24004661", "photo": {"prefix": "https://igx.4sqi.net/img/user/", "suffix": "/LSSXR4W3EOWVD0RK.jpg"}, "homeCity": "Singapore", "contact": {"facebook": "658732528", "twitter": "lynnalynntoh"}, "firstName": "Lynn", "tips": {"count": 0}, "gender": "female", "lastName": "Toh", "lists": {"groups": [{"count": 2, "type": "created", "items": []}]}, "bio": ""}, {"id": "13238496", "photo": {"prefix": "https://igx.4sqi.net/img/user/", "suffix": "/WQJ2XJ4PYBZ1PTLW.jpg"}, "homeCity": "Milan, Italy", "contact": {}, "firstName": "Mario", "tips": {"count": 0}, "gender": "male", "lastName": "Delvecchio", "lists": {"groups": [{"count": 2, "type": "created", "items": []}]}, "bio": ""}, {"id": "254627", "photo": {"prefix": "https://igx.4sqi.net/img/user/", "suffix": "/2KUKTSRVV4HF1KF4.jpg"}, "homeCity": "Singapore", "contact": {"facebook": "595622587", "twitter": "miyagi"}, "firstName": "Benjamin", "tips": {"count": 22}, "gender": "male", "lastName": "Lee", "lists": {"groups": [{"count": 2, "type": "created", "items": []}]}, "bio": ""}, {"id": "5637071", "photo": {"prefix": "https://igx.4sqi.net/img/user/", "default": true, "suffix": "/blank_boy.png"}, "homeCity": "Singapore", "contact": {}, "firstName": "Shannon", "tips": {"count": 0}, "gender": "none", "lists": {"groups": [{"count": 2, "type": "created", "items": []}]}, "bio": ""}, {"id": "1794190", "photo": {"prefix": "https://igx.4sqi.net/img/user/", "suffix": "/1794190-J3AVLILVF42AETIO.jpg"}, "homeCity": "Jakarta, Indonesia", "contact": {"facebook": "696293312", "twitter": "adlianb"}, "firstName": "Bernard", "tips": {"count": 19}, "gender": "male", "lastName": "Adlian", "lists": {"groups": [{"count": 7, "type": "created", "items": []}]}, "bio": ""}, {"id": "2209605", "photo": {"prefix": "https://igx.4sqi.net/img/user/", "suffix": "/OW0UWL1QJSTZMJKE.jpg"}, "homeCity": "Sydney, Australia", "contact": {}, "firstName": "Yen", "tips": {"count": 0}, "gender": "female", "lastName": "Yap", "lists": {"groups": [{"count": 2, "type": "created", "items": []}]}, "bio": ""}, {"id": "198118", "photo": {"prefix": "https://igx.4sqi.net/img/user/", "suffix": "/W4TQ3VDEEPIPFTBK.jpg"}, "homeCity": "singapore, Singapore", "contact": {"facebook": "694640438", "twitter": "bettylimlih"}, "firstName": "Betty", "tips": {"count": 72}, "gender": "female", "lastName": "Lim", "lists": {"groups": [{"count": 2, "type": "created", "items": []}]}, "bio": ""}, {"id": "3452041", "photo": {"prefix": "https://igx.4sqi.net/img/user/", "suffix": "/YAH1VZH0ZEBUX4TJ.jpg"}, "homeCity": "surabaya, Indonesia", "contact": {"facebook": "657398116", "twitter": "fayrafianty"}, "firstName": "Fira", "tips": {"count": 1}, "gender": "female", "lastName": "Rafianty", "lists": {"groups": [{"count": 2, "type": "created", "items": []}]}, "bio": ""}, {"id": "318471", "photo": {"prefix": "https://igx.4sqi.net/img/user/", "suffix": "/4WUMUSLVRCNHFU43.jpg"}, "homeCity": "Singapore", "contact": {"facebook": "689820637"}, "firstName": "Byron", "tips": {"count": 1}, "gender": "male", "lastName": "Wee", "lists": {"groups": [{"count": 2, "type": "created", "items": []}]}, "bio": ""}, {"id": "37086", "photo": {"prefix": "https://igx.4sqi.net/img/user/", "default": true, "suffix": "/blank_girl.png"}, "homeCity": "San Francisco, CA", "contact": {}, "firstName": "Tryggr", "tips": {"count": 2}, "gender": "female", "lastName": "Eisnor", "lists": {"groups": [{"count": 2, "type": "created", "items": []}]}, "bio": ""}, {"id": "138489", "photo": {"prefix": "https://igx.4sqi.net/img/user/", "suffix": "/2YYQZ3OIS0HEEFQB.jpg"}, "homeCity": "Subang Jaya, Malaysia", "contact": {}, "firstName": "Dion", "tips": {"count": 0}, "gender": "male", "lastName": "Koh", "lists": {"groups": [{"count": 2, "type": "created", "items": []}]}, "bio": ""}, {"id": "1978901", "photo": {"prefix": "https://igx.4sqi.net/img/user/", "suffix": "/1978901-P2ZSMNA4XWSLTHBH.jpg"}, "homeCity": "", "contact": {"twitter": "united_jumper"}, "firstName": "United", "tips": {"count": 0}, "gender": "male", "lastName": "Jumper", "lists": {"groups": [{"count": 10, "type": "created", "items": []}]}, "bio": ""}, {"id": "1261702", "photo": {"prefix": "https://igx.4sqi.net/img/user/", "suffix": "/1261702-MCU0RMBE035KUMOK.jpg"}, "homeCity": "Singapore", "contact": {"facebook": "566662753", "twitter": "kenshi08"}, "firstName": "Clement", "tips": {"count": 1}, "gender": "male", "lastName": "Wong", "lists": {"groups": [{"count": 5, "type": "created", "items": []}]}, "bio": ""}, {"id": "208995", "photo": {"prefix": "https://igx.4sqi.net/img/user/", "suffix": "/FL2ALKPMWZGXZPMR.jpg"}, "homeCity": "Chicago, IL", "contact": {"twitter": "krzimmer"}, "firstName": "Kate", "tips": {"count": 14}, "gender": "female", "lastName": "Zimmer", "lists": {"groups": [{"count": 2, "type": "created", "items": []}]}, "bio": ""}, {"id": "585659", "photo": {"prefix": "https://igx.4sqi.net/img/user/", "suffix": "/NTX1BEMB2KT04WFB.jpg"}, "homeCity": "Hougang, Singapore", "contact": {"facebook": "516304654", "twitter": "freakyfir"}, "firstName": "freakyfir", "tips": {"count": 21}, "gender": "male", "lists": {"groups": [{"count": 2, "type": "created", "items": []}]}, "bio": ""}, {"id": "10977962", "photo": {"prefix": "https://igx.4sqi.net/img/user/", "suffix": "/10977962-4JKXTT3Q3SQWHMVN.jpg"}, "homeCity": "Izmir, T\u00fcrkiye", "contact": {"twitter": "tanerakinnn"}, "firstName": "Taner", "tips": {"count": 73}, "gender": "male", "lastName": "Akin", "lists": {"groups": [{"count": 7, "type": "created", "items": []}]}, "bio": "\u00c7ay\u0131 ve Kar\u015f\u0131yakay\u0131 koyu sever // Babas\u0131n\u0131n her daim O\u011flu // instagram: tanerakinnn"}, {"id": "69731118", "photo": {"prefix": "https://igx.4sqi.net/img/user/", "default": true, "suffix": "/blank_boy.png"}, "homeCity": "Acopiara, 06", "contact": {}, "firstName": "adeilson", "tips": {"count": 0}, "gender": "none", "lastName": "ferreira", "lists": {"groups": [{"count": 2, "type": "created", "items": []}]}, "bio": ""}, {"id": "82757591", "photo": {"prefix": "https://igx.4sqi.net/img/user/", "default": true, "suffix": "/blank_boy.png"}, "homeCity": "Singapore", "contact": {"facebook": "550831635", "twitter": "kingpichoo"}, "firstName": "King Pichoo", "tips": {"count": 0}, "gender": "none", "lists": {"groups": [{"count": 2, "type": "created", "items": []}]}, "bio": ""}, {"id": "2311756", "photo": {"prefix": "https://igx.4sqi.net/img/user/", "suffix": "/P1H4AFBQ0MF022R5.jpg"}, "homeCity": "Singapore", "contact": {}, "firstName": "Celina", "tips": {"count": 0}, "gender": "female", "lists": {"groups": [{"count": 2, "type": "created", "items": []}]}, "bio": ""}, {"id": "8581699", "photo": {"prefix": "https://igx.4sqi.net/img/user/", "suffix": "/5IVWXM01SKAWTEIH.jpg"}, "homeCity": "Heerenveen, Nederland", "contact": {"twitter": "yuridejager"}, "firstName": "Yuri", "tips": {"count": 10}, "gender": "male", "lastName": "de Jager", "lists": {"groups": [{"count": 20, "type": "created", "items": []}]}, "bio": "Badge hunter. Jumper. Technology junkie. Sys admin. Virtualization lover. Amor vincit omnia!"}, {"id": "57059541", "photo": {"prefix": "https://igx.4sqi.net/img/user/", "suffix": "/GC20CMQCLWXRSA1F.jpg"}, "homeCity": "Singapore, 00", "contact": {"facebook": "100004337199745"}, "firstName": "Yuki", "tips": {"count": 0}, "gender": "female", "lastName": "Ng", "lists": {"groups": [{"count": 2, "type": "created", "items": []}]}, "bio": "My Life is Beautiful <3"}, {"id": "37101366", "photo": {"prefix": "https://igx.4sqi.net/img/user/", "suffix": "/F0TGLKP5GDZ3145Q.jpg"}, "homeCity": "New South Wales", "contact": {"facebook": "100000770236989"}, "firstName": "Mark", "tips": {"count": 0}, "gender": "male", "lastName": "Chambers", "lists": {"groups": [{"count": 2, "type": "created", "items": []}]}, "bio": ""}, {"id": "25498323", "photo": {"prefix": "https://igx.4sqi.net/img/user/", "suffix": "/L3VU0CIPV4KU3LUM.jpg"}, "homeCity": "Selangor", "contact": {"facebook": "620075668"}, "firstName": "Jasmine", "tips": {"count": 0}, "gender": "female", "lastName": "Tan", "lists": {"groups": [{"count": 2, "type": "created", "items": []}]}, "bio": ""}, {"id": "1334523", "photo": {"prefix": "https://igx.4sqi.net/img/user/", "suffix": "/1334523-PRQ2HUL0OVGAWOPA.jpg"}, "homeCity": "NY", "contact": {"facebook": "10204946597624647", "twitter": "olivedirk"}, "firstName": "Olive Jane Dirk", "tips": {"count": 0}, "gender": "female", "lastName": "(OJD)", "lists": {"groups": [{"count": 2, "type": "created", "items": []}]}, "bio": ""}, {"id": "28248755", "photo": {"prefix": "https://igx.4sqi.net/img/user/", "suffix": "/ONAGS15PNJIFETM2.jpg"}, "homeCity": "New York, NY", "contact": {"facebook": "728191529"}, "firstName": "Liao", "tips": {"count": 0}, "gender": "male", "lastName": "Peter", "lists": {"groups": [{"count": 2, "type": "created", "items": []}]}, "bio": ""}, {"id": "5720559", "photo": {"prefix": "https://igx.4sqi.net/img/user/", "suffix": "/SRDV5CVLUOGXOLMI.jpg"}, "homeCity": "Singapore", "contact": {}, "firstName": "Coccogelo", "tips": {"count": 0}, "gender": "none", "lists": {"groups": [{"count": 2, "type": "created", "items": []}]}, "bio": ""}, {"id": "2834155", "photo": {"prefix": "https://igx.4sqi.net/img/user/", "default": true, "suffix": "/blank_boy.png"}, "homeCity": "Singapore", "contact": {"facebook": "664245367"}, "firstName": "boon leong", "tips": {"count": 0}, "gender": "male", "lastName": "chan", "lists": {"groups": [{"count": 2, "type": "created", "items": []}]}, "bio": ""}, {"id": "2493084", "photo": {"prefix": "https://igx.4sqi.net/img/user/", "suffix": "/XUVPDVHFYDUVXK3T.jpg"}, "homeCity": "Melbourne, Australia", "contact": {"facebook": "10153472064049097"}, "firstName": "Ronald", "tips": {"count": 12}, "gender": "male", "lastName": "Soh", "lists": {"groups": [{"count": 2, "type": "created", "items": []}]}, "bio": ""}, {"id": "5937677", "photo": {"prefix": "https://igx.4sqi.net/img/user/", "default": true, "suffix": "/blank_girl.png"}, "homeCity": "Singapore", "contact": {"facebook": "795018451"}, "firstName": "Xinpei", "tips": {"count": 0}, "gender": "female", "lastName": "Huang", "lists": {"groups": [{"count": 2, "type": "created", "items": []}]}, "bio": ""}, {"id": "337214", "photo": {"prefix": "https://igx.4sqi.net/img/user/", "default": true, "suffix": "/blank_girl.png"}, "homeCity": "Edinburgh, UK", "contact": {}, "firstName": "Esther", "tips": {"count": 0}, "gender": "female", "lastName": "Seow", "lists": {"groups": [{"count": 2, "type": "created", "items": []}]}, "bio": ""}, {"id": "698104", "photo": {"prefix": "https://igx.4sqi.net/img/user/", "suffix": "/YSFK14GS0JCUW4KJ.jpg"}, "homeCity": "Singapore", "contact": {}, "firstName": "Jonathan", "tips": {"count": 0}, "gender": "male", "lastName": "Yap", "lists": {"groups": [{"count": 2, "type": "created", "items": []}]}, "bio": ""}, {"id": "667003", "photo": {"prefix": "https://igx.4sqi.net/img/user/", "suffix": "/2B1SO5RFCXCAU4OI.jpg"}, "homeCity": "Bangkok", "contact": {"facebook": "724654771"}, "firstName": "Walter", "tips": {"count": 2}, "gender": "male", "lastName": "Loone", "lists": {"groups": [{"count": 2, "type": "created", "items": []}]}, "bio": ""}, {"id": "4221121", "photo": {"prefix": "https://igx.4sqi.net/img/user/", "suffix": "/IJ50DF4IVNWGDKXZ.jpg"}, "homeCity": "Singapore", "contact": {"facebook": "683724091"}, "firstName": "Shabirin", "tips": {"count": 2}, "gender": "male", "lastName": "Ariffin", "lists": {"groups": [{"count": 2, "type": "created", "items": []}]}, "bio": ""}, {"id": "1293847", "photo": {"prefix": "https://igx.4sqi.net/img/user/", "default": true, "suffix": "/blank_girl.png"}, "homeCity": "Singapore", "contact": {}, "firstName": "Carrie", "tips": {"count": 0}, "gender": "female", "lastName": "Lee", "lists": {"groups": [{"count": 2, "type": "created", "items": []}]}, "bio": ""}, {"id": "2555778", "photo": {"prefix": "https://igx.4sqi.net/img/user/", "suffix": "/NX1WVQLXY2AREUFV.jpg"}, "homeCity": "Singapore", "contact": {}, "firstName": "Peter", "tips": {"count": 2}, "gender": "male", "lastName": "Liao", "lists": {"groups": [{"count": 2, "type": "created", "items": []}]}, "bio": ""}, {"id": "52668072", "photo": {"prefix": "https://igx.4sqi.net/img/user/", "suffix": "/DZV3R4XTQUZ44O3U.jpg"}, "homeCity": "Singapore", "contact": {"facebook": "708174102"}, "firstName": "Jasmine", "tips": {"count": 0}, "gender": "female", "lastName": "C.S", "lists": {"groups": [{"count": 2, "type": "created", "items": []}]}, "bio": ""}, {"id": "82763435", "photo": {"prefix": "https://igx.4sqi.net/img/user/", "suffix": "/82763435-LC22BPEOKXT3RNVJ.jpg"}, "homeCity": "Singapore", "contact": {"facebook": "785976807", "twitter": "asywl"}, "firstName": "Apel Suzanne", "tips": {"count": 0}, "gender": "female", "lastName": "Yap", "lists": {"groups": [{"count": 2, "type": "created", "items": []}]}, "bio": ""}, {"id": "4449678", "photo": {"prefix": "https://igx.4sqi.net/img/user/", "suffix": "/U0FDP3NVX2XM50ED.jpg"}, "homeCity": "Singapore", "contact": {}, "firstName": "Yingying", "tips": {"count": 1}, "gender": "female", "lastName": "Li", "lists": {"groups": [{"count": 2, "type": "created", "items": []}]}, "bio": ""}, {"id": "16318551", "photo": {"prefix": "https://igx.4sqi.net/img/user/", "suffix": "/3YRBNXBF1V5KQGD0.jpg"}, "homeCity": "Singapore", "contact": {}, "firstName": "\u51ac\u6885", "tips": {"count": 3}, "gender": "female", "lastName": "Rachelle", "lists": {"groups": [{"count": 2, "type": "created", "items": []}]}, "bio": ""}, {"id": "28464875", "photo": {"prefix": "https://igx.4sqi.net/img/user/", "suffix": "/YVABXJDVDNN1PGFM.png"}, "homeCity": "Earth", "contact": {"twitter": "ric_chang"}, "firstName": "Ric\u2122 \uf8ff", "tips": {"count": 163}, "gender": "male", "lastName": "\ud83d\udeb2", "lists": {"groups": [{"count": 14, "type": "created", "items": []}]}, "bio": "Use Yelp now!"}, {"id": "4292290", "photo": {"prefix": "https://igx.4sqi.net/img/user/", "suffix": "/4292290_qF1xMmLi_U8Xg4y-D8BKNH7TH-GouUVL12ZC2kz1JdZptoUbueqLaPT1l6Oj5vEcYh38r-CRS.jpg"}, "homeCity": "Denpasar, Bali", "contact": {"twitter": "henryakuza"}, "firstName": "H | E | N | R | Y", "tips": {"count": 454}, "gender": "male", "lists": {"groups": [{"count": 7, "type": "created", "items": []}]}, "bio": "\ud83c\udfc55K 28:02 | 10K 57:04 | HM 2:06:55\nfoods, beer & watch enthusiast #iRunSoiCanEat"}, {"id": "5756378", "photo": {"prefix": "https://igx.4sqi.net/img/user/", "suffix": "/RSTKQXOB2DG0LM3D.jpg"}, "homeCity": "Singapore", "contact": {}, "firstName": "Lena", "tips": {"count": 0}, "gender": "female", "lastName": "Poon", "lists": {"groups": [{"count": 2, "type": "created", "items": []}]}, "bio": ""}, {"id": "3366964", "photo": {"prefix": "https://igx.4sqi.net/img/user/", "suffix": "/YX1ZJ0IXAU1OFI4B.jpg"}, "homeCity": "Jakarta, Indonesia", "contact": {"twitter": "inggarwr"}, "firstName": "Inggarwangi", "tips": {"count": 0}, "gender": "female", "lastName": "Rahandini", "lists": {"groups": [{"count": 2, "type": "created", "items": []}]}, "bio": ""}, {"id": "2516899", "photo": {"prefix": "https://igx.4sqi.net/img/user/", "suffix": "/2516899-FRMTUOII0ZMW4YQX.jpg"}, "homeCity": "Kalimantan Timur, Indonesia", "contact": {"facebook": "1214320492", "twitter": "inamomkiki"}, "firstName": "Lina", "tips": {"count": 15}, "gender": "female", "lastName": "Hiefrina", "lists": {"groups": [{"count": 2, "type": "created", "items": []}]}, "bio": ""}, {"id": "62964102", "photo": {"prefix": "https://igx.4sqi.net/img/user/", "suffix": "/OE4BCNIJ4B4NKIWW"}, "homeCity": "Ipir\u00e1, BA", "contact": {"facebook": "100006502922048"}, "firstName": "Tim", "tips": {"count": 0}, "gender": "female", "lastName": "#Beta#", "lists": {"groups": [{"count": 2, "type": "created", "items": []}]}, "bio": ""}, {"id": "386955", "photo": {"prefix": "https://igx.4sqi.net/img/user/", "suffix": "/DUU2JKMAPJRAVQTY.jpg"}, "homeCity": "Coop Kal-El, Krypton", "contact": {"facebook": "614801942", "twitter": "hianhwee"}, "firstName": "aHHwee", "tips": {"count": 59}, "gender": "female", "lastName": "Lim", "lists": {"groups": [{"count": 7, "type": "created", "items": []}]}, "bio": "aHHwee can be any place anywhere anytime. \r\n\u554a\u6167\u53ef\u96a8\u5fc3\u96a8\u610f\u5728\u4efb\u4f55\u6642\u9593\uff0c\u5730\u9ede\uff01\r\n\u30d2\u30a2\u30fc\u30d2\u30fc\u3044\u3064\u3067\u3082\u3069\u3053\u3067\u3082\u3067\u304c\u3067\u304d\u308b\u3002\r\n\r\n10Q for adding me as friends. I will try to add as soon as possible."}, {"id": "3812171", "photo": {"prefix": "https://igx.4sqi.net/img/user/", "suffix": "/XSJNZQAB2OP3Q3PM.jpg"}, "homeCity": "Singapore", "contact": {"facebook": "570556216"}, "firstName": "Vazod", "tips": {"count": 1}, "gender": "male", "lastName": "Woo", "lists": {"groups": [{"count": 2, "type": "created", "items": []}]}, "bio": ""}, {"id": "1053197", "photo": {"prefix": "https://igx.4sqi.net/img/user/", "suffix": "/DMHIO1PNVCZNLINS.jpg"}, "homeCity": "Singapore", "contact": {"facebook": "554725861", "twitter": "egomy"}, "firstName": "Zhuang", "tips": {"count": 1}, "gender": "male", "lastName": "Weiliang", "lists": {"groups": [{"count": 2, "type": "created", "items": []}]}, "bio": ""}, {"id": "88793891", "photo": {"prefix": "https://igx.4sqi.net/img/user/", "suffix": "/88793891-5NR3GLXAQQG3Z5Q4.jpg"}, "homeCity": "", "contact": {"facebook": "537421874", "twitter": "richardcwtan"}, "firstName": "CW", "tips": {"count": 2}, "gender": "none", "lastName": "Tan", "lists": {"groups": [{"count": 2, "type": "created", "items": []}]}, "bio": ""}, {"id": "1405584", "photo": {"prefix": "https://igx.4sqi.net/img/user/", "suffix": "/LWQZJGMLHTBA4NWM.jpg"}, "homeCity": "Jakarta", "contact": {"facebook": "562361091", "twitter": "loriepink2"}, "firstName": "Maria", "tips": {"count": 0}, "gender": "female", "lastName": "Lorie", "lists": {"groups": [{"count": 2, "type": "created", "items": []}]}, "bio": ""}, {"id": "2590930", "photo": {"prefix": "https://igx.4sqi.net/img/user/", "suffix": "/0WRYECLWVG1ND45N.jpg"}, "homeCity": "Singapore", "contact": {"facebook": "595007714", "twitter": "summer_non"}, "firstName": "Summer M. NON", "tips": {"count": 1}, "gender": "female", "lists": {"groups": [{"count": 2, "type": "created", "items": []}]}, "bio": ""}, {"id": "52726431", "photo": {"prefix": "https://igx.4sqi.net/img/user/", "suffix": "/NYZ3K4AVKOPPMJXH.jpg"}, "homeCity": "Passos, 15", "contact": {"facebook": "100002609103585", "twitter": "digws"}, "firstName": "Diego", "tips": {"count": 0}, "gender": "male", "lastName": "Val\u00e9rio", "lists": {"groups": [{"count": 2, "type": "created", "items": []}]}, "bio": ""}, {"id": "9348505", "photo": {"prefix": "https://igx.4sqi.net/img/user/", "suffix": "/VIY4CIXKLP2QZXJC.jpg"}, "homeCity": "Singapore", "contact": {}, "firstName": "Sanako", "tips": {"count": 0}, "gender": "female", "lastName": "Ushimoto", "lists": {"groups": [{"count": 2, "type": "created", "items": []}]}, "bio": ""}, {"id": "50278225", "photo": {"prefix": "https://igx.4sqi.net/img/user/", "suffix": "/5PUMRY1MWIG3HT22.jpg"}, "homeCity": "Bahia, Bahia, Brazil", "contact": {"facebook": "100002666501685", "twitter": "berasilva"}, "firstName": "Fernanda", "tips": {"count": 6}, "gender": "female", "lastName": "Borges", "lists": {"groups": [{"count": 2, "type": "created", "items": []}]}, "bio": ""}, {"id": "10849745", "photo": {"prefix": "https://igx.4sqi.net/img/user/", "suffix": "/ULH1WSRGHMFMUVUV.jpg"}, "homeCity": "Depok, Indonesia", "contact": {"facebook": "1304276601", "twitter": "arthemysia"}, "firstName": "arthemysia", "tips": {"count": 3}, "gender": "female", "lastName": "uta", "lists": {"groups": [{"count": 2, "type": "created", "items": []}]}, "bio": "a proud Fujoshi~~~ mentally occupied wif Bishounen... devoted to Kaisoo.... front lining Do Kyungsoo-stan... introvert-diabolic, take it or leave it."}, {"id": "7479693", "photo": {"prefix": "https://igx.4sqi.net/img/user/", "suffix": "/APU3Y0PF1CTT0MLA.jpg"}, "homeCity": "Singapore", "contact": {"facebook": "566416241"}, "firstName": "Wendy", "tips": {"count": 0}, "gender": "female", "lastName": "Tan", "lists": {"groups": [{"count": 2, "type": "created", "items": []}]}, "bio": ""}, {"id": "3649260", "photo": {"prefix": "https://igx.4sqi.net/img/user/", "suffix": "/3649260-F53OD311Z3JTI44T.jpg"}, "homeCity": "Mataram, Indonesia", "contact": {}, "firstName": "Ardiansyah", "tips": {"count": 9}, "gender": "male", "lastName": "Mertowidjoyo", "lists": {"groups": [{"count": 3, "type": "created", "items": []}]}, "bio": "Geminio.."}, {"id": "2882447", "photo": {"prefix": "https://igx.4sqi.net/img/user/", "suffix": "/BWG0JBLONLMPNZ53.jpg"}, "homeCity": "Singapore", "contact": {"facebook": "550893660"}, "firstName": "Fay", "tips": {"count": 0}, "gender": "female", "lastName": "Liang", "lists": {"groups": [{"count": 2, "type": "created", "items": []}]}, "bio": ""}, {"id": "4617298", "photo": {"prefix": "https://igx.4sqi.net/img/user/", "suffix": "/0YOB0ZBGEKOLIXIG.jpg"}, "homeCity": "Singapore", "contact": {}, "firstName": "Joanna", "tips": {"count": 0}, "gender": "female", "lastName": "Tan", "lists": {"groups": [{"count": 2, "type": "created", "items": []}]}, "bio": ""}, {"id": "4947904", "photo": {"prefix": "https://igx.4sqi.net/img/user/", "suffix": "/E5QTMEP1M354ONPN.png"}, "homeCity": "New York, NY", "contact": {"facebook": "100000119226832"}, "firstName": "Nia", "tips": {"count": 8}, "gender": "female", "lastName": "Kamil", "lists": {"groups": [{"count": 3, "type": "created", "items": []}]}, "bio": "Love to smile."}, {"id": "1053629", "photo": {"prefix": "https://igx.4sqi.net/img/user/", "suffix": "/N4S4LXRNRI0VI2NC.jpg"}, "homeCity": "Singapore", "contact": {}, "firstName": "Skye", "tips": {"count": 3}, "gender": "female", "lastName": "Chen", "lists": {"groups": [{"count": 2, "type": "created", "items": []}]}, "bio": ""}, {"id": "2076689", "photo": {"prefix": "https://igx.4sqi.net/img/user/", "suffix": "/TU0NWN52R0ZAJINV.jpg"}, "homeCity": "Cilengkrang, West Java", "contact": {"facebook": "1352979090", "twitter": "yulitadistia"}, "firstName": "Yulita", "tips": {"count": 5}, "gender": "female", "lastName": "Tiarani", "lists": {"groups": [{"count": 2, "type": "created", "items": []}]}, "bio": ""}, {"id": "2674306", "photo": {"prefix": "https://igx.4sqi.net/img/user/", "suffix": "/HVILFF5OOJKUGAKT.jpg"}, "homeCity": "Singapore", "contact": {"facebook": "671280145"}, "firstName": "Austin", "tips": {"count": 1}, "gender": "male", "lastName": "Chua", "lists": {"groups": [{"count": 2, "type": "created", "items": []}]}, "bio": ""}, {"id": "22059029", "photo": {"prefix": "https://igx.4sqi.net/img/user/", "suffix": "/FDJX5REWKQY3FCCD.jpg"}, "homeCity": "New York, NY", "contact": {"facebook": "690547893"}, "firstName": "Foong", "tips": {"count": 0}, "gender": "male", "lastName": "Kwai", "lists": {"groups": [{"count": 2, "type": "created", "items": []}]}, "bio": ""}, {"id": "17367606", "photo": {"prefix": "https://igx.4sqi.net/img/user/", "suffix": "/3HM2H05HPMG10BVB.jpg"}, "homeCity": "Singapore", "contact": {"facebook": "567658155"}, "firstName": "Carol", "tips": {"count": 0}, "gender": "female", "lastName": "Ho", "lists": {"groups": [{"count": 2, "type": "created", "items": []}]}, "bio": ""}, {"id": "7480292", "photo": {"prefix": "https://igx.4sqi.net/img/user/", "suffix": "/BMTE1J1B12H5YDEG.jpg"}, "homeCity": "Singapore", "contact": {"facebook": "628476908", "twitter": "leyateo"}, "firstName": "Leya", "tips": {"count": 13}, "gender": "female", "lastName": "T", "lists": {"groups": [{"count": 2, "type": "created", "items": []}]}, "bio": ""}, {"id": "4902749", "photo": {"prefix": "https://igx.4sqi.net/img/user/", "suffix": "/BQTLGAZODVQLSZLD.jpg"}, "homeCity": "Singapore", "contact": {}, "firstName": "Jack", "tips": {"count": 0}, "gender": "male", "lastName": "Lee", "lists": {"groups": [{"count": 2, "type": "created", "items": []}]}, "bio": ""}, {"id": "3752754", "photo": {"prefix": "https://igx.4sqi.net/img/user/", "suffix": "/QRPNRY4MHHPBWRTW.jpg"}, "homeCity": "Singapore", "contact": {"facebook": "530119481"}, "firstName": "Xavi", "tips": {"count": 1}, "gender": "male", "lastName": "Lee", "lists": {"groups": [{"count": 2, "type": "created", "items": []}]}, "bio": ""}, {"id": "64376220", "photo": {"prefix": "https://igx.4sqi.net/img/user/", "suffix": "/VIVL1O541PIVQ55U"}, "homeCity": "Campina Grande, PB", "contact": {}, "firstName": "Gyl", "tips": {"count": 0}, "gender": "female", "lastName": "Mara", "lists": {"groups": [{"count": 2, "type": "created", "items": []}]}, "bio": ""}, {"id": "72497556", "photo": {"prefix": "https://igx.4sqi.net/img/user/", "suffix": "/72497556-OLLXI22FYKNSRR2H.jpg"}, "homeCity": "Salvador, 05", "contact": {"facebook": "100006922034331"}, "firstName": "Roseane", "tips": {"count": 0}, "gender": "female", "lastName": "Pamplona", "lists": {"groups": [{"count": 2, "type": "created", "items": []}]}, "bio": ""}, {"id": "2952974", "photo": {"prefix": "https://igx.4sqi.net/img/user/", "suffix": "/EZ50TFDY0HVBYRXS.jpg"}, "homeCity": "Singapore", "contact": {"facebook": "621629230", "twitter": "alanphuan"}, "firstName": "Alan", "tips": {"count": 1}, "gender": "male", "lastName": "Phuan", "lists": {"groups": [{"count": 2, "type": "created", "items": []}]}, "bio": ""}, {"id": "2419131", "photo": {"prefix": "https://igx.4sqi.net/img/user/", "suffix": "/WJWOLJ35V4YKRRQI.jpg"}, "homeCity": "Singapore", "contact": {"facebook": "620986063"}, "firstName": "Gary", "tips": {"count": 1}, "gender": "male", "lists": {"groups": [{"count": 2, "type": "created", "items": []}]}, "bio": ""}, {"id": "3039095", "photo": {"prefix": "https://igx.4sqi.net/img/user/", "suffix": "/2BYP1WJACPGGKI35.jpg"}, "homeCity": "Singapore, SG", "contact": {"facebook": "540218429"}, "firstName": "GuoQiang", "tips": {"count": 4}, "gender": "male", "lastName": "Low", "lists": {"groups": [{"count": 2, "type": "created", "items": []}]}, "bio": ""}, {"id": "18692647", "photo": {"prefix": "https://igx.4sqi.net/img/user/", "suffix": "/NUUQHWAVKXKWGIBA.jpg"}, "homeCity": "Singapore", "contact": {"facebook": "527362326"}, "firstName": "Colleen", "tips": {"count": 0}, "gender": "female", "lastName": "Ang", "lists": {"groups": [{"count": 2, "type": "created", "items": []}]}, "bio": ""}, {"id": "7738379", "photo": {"prefix": "https://igx.4sqi.net/img/user/", "suffix": "/NMBV31LCTN4415FK.jpg"}, "homeCity": "Singapore", "contact": {"facebook": "570722213", "twitter": "ztzeng"}, "firstName": "Clarence", "tips": {"count": 12}, "gender": "male", "lastName": "\u66fe\u5b50\u5ead", "lists": {"groups": [{"count": 2, "type": "created", "items": []}]}, "bio": ""}, {"id": "7414749", "photo": {"prefix": "https://igx.4sqi.net/img/user/", "suffix": "/ESRQXR1B1QVWNHS0.jpg"}, "homeCity": "Surry Hills, Australia", "contact": {}, "firstName": "Deirdre", "tips": {"count": 0}, "gender": "female", "lastName": "Foo", "lists": {"groups": [{"count": 2, "type": "created", "items": []}]}, "bio": ""}, {"id": "53811579", "photo": {"prefix": "https://igx.4sqi.net/img/user/", "suffix": "/YXTH1S32D4JTPU12.jpg"}, "homeCity": "Singapore", "contact": {"facebook": "788368509"}, "firstName": "Richard", "tips": {"count": 0}, "gender": "male", "lastName": "Corleone", "lists": {"groups": [{"count": 2, "type": "created", "items": []}]}, "bio": ""}, {"id": "64734745", "photo": {"prefix": "https://igx.4sqi.net/img/user/", "suffix": "/64734745-PTYAEC14F1ALVPLE.jpg"}, "homeCity": "Muzambinho ", "contact": {"facebook": "100002934580184"}, "firstName": "Bianca", "tips": {"count": 0}, "gender": "female", "lastName": "Figueiredo", "lists": {"groups": [{"count": 2, "type": "created", "items": []}]}, "bio": ""}, {"id": "72507335", "photo": {"prefix": "https://igx.4sqi.net/img/user/", "suffix": "/72507335-03ZMJC3LVT2KJIUN"}, "homeCity": "", "contact": {}, "firstName": "Adriano", "tips": {"count": 0}, "gender": "male", "lastName": "Neves", "lists": {"groups": [{"count": 2, "type": "created", "items": []}]}, "bio": ""}, {"id": "5084021", "photo": {"prefix": "https://igx.4sqi.net/img/user/", "suffix": "/M2F0XYP3A0ACFXP2.jpg"}, "homeCity": "Singapore", "contact": {}, "firstName": "Rawjak", "tips": {"count": 11}, "gender": "male", "lists": {"groups": [{"count": 3, "type": "created", "items": []}]}, "bio": ""}, {"id": "2782354", "photo": {"prefix": "https://igx.4sqi.net/img/user/", "suffix": "/YZ2AMKPBKO33UVRT.jpg"}, "homeCity": "New York, NY", "contact": {"facebook": "1342863462", "twitter": "aeikaa"}, "firstName": "Aeikaa", "tips": {"count": 0}, "gender": "female", "lastName": "Phanmika", "lists": {"groups": [{"count": 2, "type": "created", "items": []}]}, "bio": ""}, {"id": "3201452", "photo": {"prefix": "https://igx.4sqi.net/img/user/", "default": true, "suffix": "/blank_boy.png"}, "homeCity": "Singapore", "contact": {}, "firstName": "Wen Yao", "tips": {"count": 0}, "gender": "male", "lastName": "Phua", "lists": {"groups": [{"count": 2, "type": "created", "items": []}]}, "bio": ""}, {"id": "38674512", "photo": {"prefix": "https://igx.4sqi.net/img/user/", "suffix": "/WF0J3ADU5S42ZGUN.jpg"}, "homeCity": "Singapore, Singapore", "contact": {"facebook": "547487516"}, "firstName": "Charmian", "tips": {"count": 21}, "gender": "female", "lastName": "Aw", "lists": {"groups": [{"count": 2, "type": "created", "items": []}]}, "bio": ""}, {"id": "7719599", "photo": {"prefix": "https://igx.4sqi.net/img/user/", "suffix": "/BTN3OR4XFAHCXIPV.jpg"}, "homeCity": "Austin, TX", "contact": {}, "firstName": "mimi", "tips": {"count": 0}, "gender": "female", "lastName": "budi astuti", "lists": {"groups": [{"count": 2, "type": "created", "items": []}]}, "bio": ""}, {"id": "72507845", "photo": {"prefix": "https://igx.4sqi.net/img/user/", "suffix": "/72507845-XUYVTMY0TX2SPK45.jpg"}, "homeCity": "Ibiassuc\u00ea, 05", "contact": {"facebook": "100007115742330"}, "firstName": "Paula", "tips": {"count": 0}, "gender": "female", "lastName": "Novais", "lists": {"groups": [{"count": 2, "type": "created", "items": []}]}, "bio": ""}, {"id": "5425983", "photo": {"prefix": "https://igx.4sqi.net/img/user/", "suffix": "/MFALJYHERZQ5D0VM.jpg"}, "homeCity": "Singapore", "contact": {"facebook": "599647361"}, "firstName": "Zhiwang", "tips": {"count": 1}, "gender": "male", "lastName": "Tan", "lists": {"groups": [{"count": 2, "type": "created", "items": []}]}, "bio": ""}, {"id": "2974036", "photo": {"prefix": "https://igx.4sqi.net/img/user/", "suffix": "/OICIVNVFWDH00ZAL.jpg"}, "homeCity": "Singapore", "contact": {"facebook": "520313279"}, "firstName": "Serene", "tips": {"count": 2}, "gender": "female", "lastName": "Lim", "lists": {"groups": [{"count": 2, "type": "created", "items": []}]}, "bio": ""}, {"id": "3278380", "photo": {"prefix": "https://igx.4sqi.net/img/user/", "suffix": "/C3AFMFX4RCC1P3HV.jpg"}, "homeCity": "New York", "contact": {"twitter": "shaunwong1"}, "firstName": "Shaun", "tips": {"count": 1}, "gender": "male", "lastName": "Wong", "lists": {"groups": [{"count": 2, "type": "created", "items": []}]}, "bio": ""}, {"id": "14740864", "photo": {"prefix": "https://igx.4sqi.net/img/user/", "suffix": "/14740864-Q3BMJ1FBUFEMW4VA.jpg"}, "homeCity": "Singapore", "contact": {"facebook": "1246222007"}, "firstName": "Pin", "tips": {"count": 0}, "gender": "male", "lastName": "Hao", "lists": {"groups": [{"count": 2, "type": "created", "items": []}]}, "bio": ""}, {"id": "81686298", "photo": {"prefix": "https://igx.4sqi.net/img/user/", "suffix": "/81686298-43ESCYE5I4ZXZC45.jpg"}, "homeCity": "", "contact": {}, "firstName": "Kirstin", "tips": {"count": 0}, "gender": "female", "lastName": "Souza", "lists": {"groups": [{"count": 2, "type": "created", "items": []}]}, "bio": ""}, {"id": "3008762", "photo": {"prefix": "https://igx.4sqi.net/img/user/", "suffix": "/IMOFACPYUMHEM3IG.jpg"}, "homeCity": "Singapore", "contact": {"facebook": "807571519"}, "firstName": "Yee Chong", "tips": {"count": 1}, "gender": "male", "lastName": "Yeo", "lists": {"groups": [{"count": 2, "type": "created", "items": []}]}, "bio": ""}, {"id": "3697401", "photo": {"prefix": "https://igx.4sqi.net/img/user/", "suffix": "/3697401-3WY2YQQ4DZCVGDQD.jpg"}, "homeCity": "Nakhonpathom, Thailand", "contact": {"facebook": "568709925", "twitter": "little998"}, "firstName": "LittLe", "tips": {"count": 19}, "gender": "female", "lastName": "Lek", "lists": {"groups": [{"count": 3, "type": "created", "items": []}]}, "bio": ""}, {"id": "42665619", "photo": {"prefix": "https://igx.4sqi.net/img/user/", "suffix": "/ONWIVXGPZFCXD5GU.jpg"}, "homeCity": "New York, NY", "contact": {}, "firstName": "#UJUMP", "tips": {"count": 0}, "gender": "male", "lists": {"groups": [{"count": 2, "type": "created", "items": []}]}, "bio": ""}, {"id": "3017608", "photo": {"prefix": "https://igx.4sqi.net/img/user/", "suffix": "/W2IDZHTZP4LFIN3Q.jpg"}, "homeCity": "Singapore", "contact": {}, "firstName": "Sin Yee", "tips": {"count": 0}, "gender": "female", "lastName": "Toh", "lists": {"groups": [{"count": 2, "type": "created", "items": []}]}, "bio": ""}, {"id": "3851457", "photo": {"prefix": "https://igx.4sqi.net/img/user/", "suffix": "/GD0IEZZPKUA3W1MJ.jpg"}, "homeCity": "Singapore", "contact": {"twitter": "mshiyun"}, "firstName": "Michelle", "tips": {"count": 0}, "gender": "female", "lastName": "Ng", "lists": {"groups": [{"count": 2, "type": "created", "items": []}]}, "bio": ""}, {"id": "43182434", "photo": {"prefix": "https://igx.4sqi.net/img/user/", "suffix": "/BV1TZIHJG4SJHALQ.jpg"}, "homeCity": "Bali", "contact": {}, "firstName": "#UJUMP2", "tips": {"count": 1}, "gender": "female", "lists": {"groups": [{"count": 2, "type": "created", "items": []}]}, "bio": ""}, {"id": "3021432", "photo": {"prefix": "https://igx.4sqi.net/img/user/", "default": true, "suffix": "/blank_girl.png"}, "homeCity": "Singapore", "contact": {"facebook": "709121148", "twitter": "sinyee_pei"}, "firstName": "Sinyee", "tips": {"count": 1}, "gender": "female", "lastName": "Pei", "lists": {"groups": [{"count": 2, "type": "created", "items": []}]}, "bio": ""}, {"id": "5792491", "photo": {"prefix": "https://igx.4sqi.net/img/user/", "suffix": "/IS2BHDFG2I4F2K4Q.jpg"}, "homeCity": "Singapore", "contact": {"twitter": "princessmic"}, "firstName": "Shirley", "tips": {"count": 2}, "gender": "female", "lastName": "Lye", "lists": {"groups": [{"count": 2, "type": "created", "items": []}]}, "bio": ""}, {"id": "57303802", "photo": {"prefix": "https://igx.4sqi.net/img/user/", "suffix": "/57303802-FHJ15DG5GECLANIW.jpg"}, "homeCity": "Milford, PA", "contact": {"facebook": "577714046", "twitter": "nancy_faust"}, "firstName": "\ud83d\udc27Nancy aka Super Mom!\ud83d\udc27", "tips": {"count": 18}, "gender": "female", "lists": {"groups": [{"count": 2, "type": "created", "items": []}]}, "bio": "Follow the yellow brick road!"}, {"id": "3138845", "photo": {"prefix": "https://igx.4sqi.net/img/user/", "suffix": "/3138845-2U1B43RFC242M4EJ.jpg"}, "homeCity": "Los Angeles, CA", "contact": {"facebook": "42503138", "twitter": "mauracollins"}, "firstName": "Maura", "tips": {"count": 27}, "gender": "female", "lastName": "Collins", "lists": {"groups": [{"count": 12, "type": "created", "items": []}]}, "bio": ""}, {"id": "5881305", "photo": {"prefix": "https://igx.4sqi.net/img/user/", "suffix": "/N32HNLKCGQRQ0UDQ.jpg"}, "homeCity": "Singapore", "contact": {}, "firstName": "Desmond", "tips": {"count": 3}, "gender": "male", "lastName": "Teng", "lists": {"groups": [{"count": 2, "type": "created", "items": []}]}, "bio": ""}, {"id": "3148421", "photo": {"prefix": "https://igx.4sqi.net/img/user/", "default": true, "suffix": "/blank_girl.png"}, "homeCity": "Singapore", "contact": {"facebook": "554353252"}, "firstName": "Jeanette", "tips": {"count": 0}, "gender": "female", "lastName": "Lim", "lists": {"groups": [{"count": 2, "type": "created", "items": []}]}, "bio": ""}, {"id": "5993434", "photo": {"prefix": "https://igx.4sqi.net/img/user/", "suffix": "/410FKCTEBGDPZGVU.jpg"}, "homeCity": "Singapore", "contact": {"facebook": "659528853"}, "firstName": "Michi", "tips": {"count": 1}, "gender": "none", "lastName": "Lim", "lists": {"groups": [{"count": 2, "type": "created", "items": []}]}, "bio": ""}, {"id": "3410627", "photo": {"prefix": "https://igx.4sqi.net/img/user/", "suffix": "/1GEDD0U3EGONB5SD.jpg"}, "homeCity": "Singapore", "contact": {"facebook": "574277663"}, "firstName": "Chun Wei", "tips": {"count": 1}, "gender": "male", "lastName": "Oh", "lists": {"groups": [{"count": 2, "type": "created", "items": []}]}, "bio": ""}, {"id": "6051062", "photo": {"prefix": "https://igx.4sqi.net/img/user/", "suffix": "/4EABNQAAGK1GP5X0.jpg"}, "homeCity": "Singapore", "contact": {}, "firstName": "Blue_sora", "tips": {"count": 30}, "gender": "female", "lists": {"groups": [{"count": 2, "type": "created", "items": []}]}, "bio": ""}, {"id": "3563813", "photo": {"prefix": "https://igx.4sqi.net/img/user/", "suffix": "/QRSQL4HLEBZO0QDP.jpg"}, "homeCity": "Indonesia", "contact": {"facebook": "1502964193", "twitter": "aggitya"}, "firstName": "Leny Aggitya", "tips": {"count": 0}, "gender": "female", "lastName": "Udiyanto", "lists": {"groups": [{"count": 2, "type": "created", "items": []}]}, "bio": ""}, {"id": "6331188", "photo": {"prefix": "https://igx.4sqi.net/img/user/", "suffix": "/BG0CZBJ0PMTO3AOU.jpg"}, "homeCity": "Seoul", "contact": {"facebook": "100001941562610"}, "firstName": "Tiffany", "tips": {"count": 0}, "gender": "female", "lists": {"groups": [{"count": 2, "type": "created", "items": []}]}, "bio": ""}, {"id": "3570497", "photo": {"prefix": "https://igx.4sqi.net/img/user/", "suffix": "/SNJO3J4WRFXGCNVR.jpg"}, "homeCity": "Singapore", "contact": {"facebook": "520546826", "twitter": "rooneytay"}, "firstName": "Rooney", "tips": {"count": 4}, "gender": "male", "lastName": "Tay", "lists": {"groups": [{"count": 2, "type": "created", "items": []}]}, "bio": ""}, {"id": "6540099", "photo": {"prefix": "https://igx.4sqi.net/img/user/", "suffix": "/VKEBEQRSQX2WE4GZ.jpg"}, "homeCity": "Singapore", "contact": {"facebook": "721239691"}, "firstName": "Alan", "tips": {"count": 0}, "gender": "male", "lastName": "Tham", "lists": {"groups": [{"count": 2, "type": "created", "items": []}]}, "bio": ""}, {"id": "3703793", "photo": {"prefix": "https://igx.4sqi.net/img/user/", "suffix": "/A35BTYQW5OGRMH2N.jpg"}, "homeCity": "Singapore", "contact": {}, "firstName": "Zixuan", "tips": {"count": 1}, "gender": "male", "lastName": "Chen", "lists": {"groups": [{"count": 2, "type": "created", "items": []}]}, "bio": ""}, {"id": "10954874", "photo": {"prefix": "https://igx.4sqi.net/img/user/", "suffix": "/X2U0ROX3CERX4EKH.jpg"}, "homeCity": "Singapore", "contact": {"facebook": "705845616"}, "firstName": "Sean", "tips": {"count": 0}, "gender": "male", "lastName": "Foo", "lists": {"groups": [{"count": 2, "type": "created", "items": []}]}, "bio": ""}, {"id": "3990781", "photo": {"prefix": "https://igx.4sqi.net/img/user/", "suffix": "/FL0ZLB30VCCSAA0Z.jpg"}, "homeCity": "Singapore", "contact": {"facebook": "10153293381038597", "twitter": "karenyap1201"}, "firstName": "Karen", "tips": {"count": 177}, "gender": "female", "lastName": "Yap", "lists": {"groups": [{"count": 3, "type": "created", "items": []}]}, "bio": ""}]}, "checksum": "26794bb66ced205c99863b753b924da32e88f1bd"}}