{"notifications": [{"type": "notificationTray", "item": {"unreadCount": 0}}], "response": {"friends": {"items": [{"tips": {"count": 22}, "contact": {}, "firstName": "Jamie", "gender": "male", "lastName": "Joohander", "id": "264892", "bio": "about.me/joohander", "photo": {"prefix": "https://igx.4sqi.net/img/user/", "suffix": "/C04A5L10OX0P3ZJT.jpg"}, "homeCity": "Singapore", "lists": {"groups": [{"items": [], "count": 4, "type": "created"}]}}, {"tips": {"count": 3}, "contact": {"twitter": "epicsuperstar", "facebook": "543808806"}, "firstName": "ngeow", "gender": "female", "lastName": "jiawen", "id": "459480", "bio": "", "photo": {"prefix": "https://igx.4sqi.net/img/user/", "suffix": "/MBMB3S3LC5PPRRPP.jpg"}, "homeCity": "Singapore", "lists": {"groups": [{"items": [], "count": 2, "type": "created"}]}}, {"tips": {"count": 5}, "contact": {"twitter": "donaldsng"}, "firstName": "Donald", "gender": "male", "lastName": "Sun", "id": "189274", "bio": "", "photo": {"prefix": "https://igx.4sqi.net/img/user/", "suffix": "/KYA2NPYV53KVOCJW.jpg"}, "homeCity": "Singapore", "lists": {"groups": [{"items": [], "count": 2, "type": "created"}]}}, {"tips": {"count": 16}, "contact": {"twitter": "shimmershone", "facebook": "518063900"}, "firstName": "Eunice", "gender": "female", "lastName": "Ng", "id": "319207", "bio": "", "photo": {"prefix": "https://igx.4sqi.net/img/user/", "suffix": "/ANCAPVD2TDMPMSO0.jpg"}, "homeCity": "Singapore", "lists": {"groups": [{"items": [], "count": 7, "type": "created"}]}}, {"tips": {"count": 0}, "contact": {"facebook": "730593387"}, "firstName": "Derrick", "gender": "male", "lastName": "Chong", "id": "709445", "bio": "", "photo": {"prefix": "https://igx.4sqi.net/img/user/", "suffix": "/RJZFCL1HL3VZ1N1O.jpg"}, "homeCity": "Singapore", "lists": {"groups": [{"items": [], "count": 2, "type": "created"}]}}, {"tips": {"count": 2}, "contact": {"twitter": "williswee", "facebook": "540865693"}, "firstName": "Willis", "gender": "male", "lastName": "Wee", "id": "113862", "bio": "", "photo": {"prefix": "https://igx.4sqi.net/img/user/", "suffix": "/-1_1258820331229.jpg"}, "homeCity": "Singapore", "lists": {"groups": [{"items": [], "count": 2, "type": "created"}]}}, {"tips": {"count": 8}, "contact": {"twitter": "risquecherie", "facebook": "510741277"}, "firstName": "Nikita", "gender": "female", "lastName": "DeSouza", "id": "845644", "bio": "", "photo": {"prefix": "https://igx.4sqi.net/img/user/", "suffix": "/MJZJ2RIAVIGIY4CY.jpg"}, "homeCity": "Singapore", "lists": {"groups": [{"items": [], "count": 2, "type": "created"}]}}, {"tips": {"count": 0}, "contact": {"twitter": "soohann", "facebook": "702645432"}, "firstName": "Soo Hann", "gender": "male", "lastName": "Neo", "id": "206153", "bio": "", "photo": {"prefix": "https://igx.4sqi.net/img/user/", "suffix": "/TYDXYQGL0KSCATWT.jpg"}, "homeCity": "Thomson, Singapore", "lists": {"groups": [{"items": [], "count": 2, "type": "created"}]}}, {"tips": {"count": 21}, "contact": {"twitter": "freakyfir", "facebook": "516304654"}, "firstName": "freakyfir", "gender": "male", "id": "585659", "bio": "", "photo": {"prefix": "https://igx.4sqi.net/img/user/", "suffix": "/NTX1BEMB2KT04WFB.jpg"}, "homeCity": "Hougang, Singapore", "lists": {"groups": [{"items": [], "count": 2, "type": "created"}]}}, {"tips": {"count": 0}, "contact": {"twitter": "aisladosg", "facebook": "771615439"}, "firstName": "Shahmir", "gender": "male", "lastName": "Anwar", "id": "106824", "bio": "", "photo": {"prefix": "https://igx.4sqi.net/img/user/", "suffix": "/-1_1258690112488.jpg"}, "homeCity": "Singapore, Singapore", "lists": {"groups": [{"items": [], "count": 2, "type": "created"}]}}, {"tips": {"count": 3}, "contact": {"twitter": "whoisariston", "facebook": "1055825946"}, "firstName": "Ariston", "gender": "male", "lastName": "Collander", "id": "195894", "bio": "", "photo": {"prefix": "https://igx.4sqi.net/img/user/", "suffix": "/RRJHEQ1WOZUA0ZXX.jpg"}, "homeCity": "Covina, CA", "lists": {"groups": [{"items": [], "count": 5, "type": "created"}]}}, {"tips": {"count": 2}, "contact": {"twitter": "fayhokulani", "facebook": "649046217"}, "firstName": "Fay", "gender": "female", "lastName": "Hokulani", "id": "319747", "bio": "", "photo": {"prefix": "https://igx.4sqi.net/img/user/", "suffix": "/AN51ADMWZEQE1YQC.jpg"}, "homeCity": "Kuala Lumpur, Malaysia", "lists": {"groups": [{"items": [], "count": 2, "type": "created"}]}}, {"tips": {"count": 21}, "contact": {"twitter": "avnjl"}, "firstName": "Amanda Val", "gender": "female", "lastName": "Ng", "id": "472217", "bio": "", "photo": {"prefix": "https://igx.4sqi.net/img/user/", "suffix": "/FA2PNXWWZ135R1VO.jpg"}, "homeCity": "Singapore", "lists": {"groups": [{"items": [], "count": 2, "type": "created"}]}}, {"tips": {"count": 4}, "contact": {"twitter": "princeq80"}, "firstName": "Aloysius", "gender": "male", "lastName": "Lim", "id": "874005", "bio": "", "photo": {"prefix": "https://igx.4sqi.net/img/user/", "suffix": "/RAQ0U55ANV4JW0X1.jpg"}, "homeCity": "Kent Ridge, Singapore", "lists": {"groups": [{"items": [], "count": 2, "type": "created"}]}}, {"tips": {"count": 2}, "contact": {"twitter": "plainkyle", "facebook": "652236290"}, "firstName": "Kyle", "gender": "male", "lastName": "Leung", "id": "340307", "bio": "", "photo": {"prefix": "https://igx.4sqi.net/img/user/", "suffix": "/NFDRUU12NUF4A4ES.jpg"}, "homeCity": "Singapore", "lists": {"groups": [{"items": [], "count": 2, "type": "created"}]}}, {"tips": {"count": 3}, "contact": {"twitter": "orsoshesaid", "facebook": "741960018"}, "firstName": "natasha", "gender": "female", "lastName": "shah", "id": "892895", "bio": "", "photo": {"prefix": "https://igx.4sqi.net/img/user/", "suffix": "/0FMGKFZSQPF0QBVU.jpg"}, "homeCity": "Singapore", "lists": {"groups": [{"items": [], "count": 2, "type": "created"}]}}], "count": 316}, "checksum": "5278f3374a59fb442759a1adbb8981f06ee9ba85"}, "meta": {"requestId": "5965c09b4c1f67705ac6ecc3", "code": 200}}