{"notifications": [{"type": "notificationTray", "item": {"unreadCount": 0}}], "meta": {"requestId": "5966f0591ed21962ef30381a", "code": 200}, "response": {"friends": {"count": 49, "items": [{"id": "11602679", "photo": {"prefix": "https://igx.4sqi.net/img/user/", "suffix": "/2KFIZ0RGUN3KL3FK.jpg"}, "homeCity": "Singapore", "contact": {"facebook": "1003330143"}, "firstName": "Zar", "tips": {"count": 0}, "gender": "male", "lastName": "Ni", "lists": {"groups": [{"count": 2, "type": "created", "items": []}]}, "bio": ""}, {"id": "78093764", "photo": {"prefix": "https://igx.4sqi.net/img/user/", "suffix": "/78093764-LRYAU0V0Z4BUC4VH.jpg"}, "homeCity": "Singapore", "contact": {"facebook": "100003250508755", "twitter": "jottozihong"}, "firstName": "Jotto Wong", "tips": {"count": 0}, "gender": "male", "lastName": "Wong", "lists": {"groups": [{"count": 2, "type": "created", "items": []}]}, "bio": ""}, {"id": "57919680", "photo": {"prefix": "https://igx.4sqi.net/img/user/", "suffix": "/57919680-AEDP1URYYD1KXE2P.jpg"}, "homeCity": "Singapore", "contact": {"facebook": "756611797", "twitter": "alexanderjpatt"}, "firstName": "Alexander", "tips": {"count": 31}, "gender": "male", "lastName": "Patterson", "lists": {"groups": [{"count": 2, "type": "created", "items": []}]}, "bio": "Hardwork. Dedication. Pink handwraps."}, {"id": "11778683", "photo": {"prefix": "https://igx.4sqi.net/img/user/", "suffix": "/S2PXJDEUTHO0GVKO.jpg"}, "homeCity": "Singapore", "contact": {}, "firstName": "Jacqueline", "tips": {"count": 2}, "gender": "female", "lastName": "Ang", "lists": {"groups": [{"count": 2, "type": "created", "items": []}]}, "bio": ""}, {"id": "6624807", "photo": {"prefix": "https://igx.4sqi.net/img/user/", "suffix": "/JQIZ5FZDBCCLWYLG.jpg"}, "homeCity": "Singapore", "contact": {"facebook": "1228193968", "twitter": "erwinlazaro"}, "firstName": "Erwin", "tips": {"count": 12}, "gender": "male", "lastName": "Lazaro", "lists": {"groups": [{"count": 2, "type": "created", "items": []}]}, "bio": ""}, {"id": "535701", "photo": {"prefix": "https://igx.4sqi.net/img/user/", "suffix": "/XOPC3NZM1TY3UHMB.jpg"}, "homeCity": "Jurong West, Singapore", "contact": {"facebook": "544006133"}, "firstName": "Benjamin", "tips": {"count": 0}, "gender": "male", "lastName": "Ng", "lists": {"groups": [{"count": 2, "type": "created", "items": []}]}, "bio": ""}, {"id": "6104660", "photo": {"prefix": "https://igx.4sqi.net/img/user/", "default": true, "suffix": "/blank_girl.png"}, "homeCity": "Singapore", "contact": {}, "firstName": "Angie", "tips": {"count": 0}, "gender": "female", "lists": {"groups": [{"count": 2, "type": "created", "items": []}]}, "bio": ""}, {"id": "16230690", "photo": {"prefix": "https://igx.4sqi.net/img/user/", "suffix": "/3HCLASURLKBAOCZ4.jpg"}, "homeCity": "Padalarang 1, Indonesia", "contact": {"facebook": "1281044785"}, "firstName": "Melissa", "tips": {"count": 0}, "gender": "female", "lastName": "Candra", "lists": {"groups": [{"count": 2, "type": "created", "items": []}]}, "bio": ""}, {"id": "47215829", "photo": {"prefix": "https://igx.4sqi.net/img/user/", "suffix": "/XWAUYWJYBDE4J4PL.jpg"}, "homeCity": "Taipei", "contact": {"facebook": "100000115931969"}, "firstName": "King", "tips": {"count": 0}, "gender": "male", "lastName": "Lee", "lists": {"groups": [{"count": 2, "type": "created", "items": []}]}, "bio": ""}, {"id": "1236503", "photo": {"prefix": "https://igx.4sqi.net/img/user/", "suffix": "/H2UVJKTMOOR2HXR2.jpg"}, "homeCity": "Singapore", "contact": {}, "firstName": "Kelly", "tips": {"count": 7}, "gender": "female", "lastName": "Ching", "lists": {"groups": [{"count": 2, "type": "created", "items": []}]}, "bio": ""}, {"id": "1745885", "photo": {"prefix": "https://igx.4sqi.net/img/user/", "suffix": "/DOXXT3IF2UUMUELA.jpg"}, "homeCity": "Singapore", "contact": {}, "firstName": "Nicole", "tips": {"count": 3}, "gender": "female", "lastName": "Nilar", "lists": {"groups": [{"count": 2, "type": "created", "items": []}]}, "bio": ""}, {"id": "393442", "photo": {"prefix": "https://igx.4sqi.net/img/user/", "suffix": "/393442-FLHQRJHQKHSFIDZP.jpg"}, "homeCity": "http://xibing.su", "contact": {}, "firstName": "\u51b0\u51b0", "tips": {"count": 45}, "gender": "female", "lists": {"groups": [{"count": 2, "type": "created", "items": []}]}, "bio": ""}, {"id": "90780156", "photo": {"prefix": "https://igx.4sqi.net/img/user/", "suffix": "/90780156-XLEFOKVSKZSDUOUE.jpg"}, "homeCity": "Shanghai, Shanghai Shi", "contact": {"facebook": "1145907741"}, "firstName": "Summer Yuanjun", "tips": {"count": 0}, "gender": "female", "lastName": "Liu", "lists": {"groups": [{"count": 3, "type": "created", "items": []}]}, "bio": ""}, {"id": "75215", "photo": {"prefix": "https://igx.4sqi.net/img/user/", "suffix": "/TFOMU1PUED1WJQPR.jpg"}, "homeCity": "Novena, Singapore", "contact": {"facebook": "1619670573", "twitter": "f_wangker"}, "firstName": "Francis", "tips": {"count": 13}, "superuser": 2, "gender": "male", "lastName": "Wang", "lists": {"groups": [{"count": 2, "type": "created", "items": []}]}, "bio": ""}, {"id": "152534", "photo": {"prefix": "https://igx.4sqi.net/img/user/", "suffix": "/X5FXZZBXB3IZ0LXB.jpg"}, "homeCity": "Singapore", "contact": {"facebook": "737265607", "twitter": "chufang"}, "firstName": "Estrella", "tips": {"count": 74}, "superuser": 2, "gender": "female", "lastName": "Chua", "lists": {"groups": [{"count": 7, "type": "created", "items": []}]}, "bio": "People call me Australia"}, {"id": "924957", "photo": {"prefix": "https://igx.4sqi.net/img/user/", "suffix": "/NECAZDQY4VYS3PFB.jpg"}, "homeCity": "Choa Chu Kang, Singapore", "contact": {"facebook": "656637647", "twitter": "dynamov"}, "firstName": "Julian", "tips": {"count": 3}, "gender": "male", "lastName": "Song", "lists": {"groups": [{"count": 2, "type": "created", "items": []}]}, "bio": ""}, {"id": "2441648", "photo": {"prefix": "https://igx.4sqi.net/img/user/", "default": true, "suffix": "/blank_boy.png"}, "homeCity": "Singapore", "contact": {}, "firstName": "Chen Yong", "tips": {"count": 1}, "gender": "male", "lastName": "Pang", "lists": {"groups": [{"count": 2, "type": "created", "items": []}]}, "bio": ""}, {"id": "497504", "photo": {"prefix": "https://igx.4sqi.net/img/user/", "default": true, "suffix": "/blank_boy.png"}, "homeCity": "Singapore", "contact": {"facebook": "541498584", "twitter": "chaos_pk"}, "firstName": "Peng Kong", "tips": {"count": 1}, "gender": "male", "lastName": "Choy", "lists": {"groups": [{"count": 2, "type": "created", "items": []}]}, "bio": ""}, {"id": "25847395", "photo": {"prefix": "https://igx.4sqi.net/img/user/", "suffix": "/V5B15M40Y3GZTTV2.jpg"}, "homeCity": "Jakarta", "contact": {}, "firstName": "Yantie", "tips": {"count": 0}, "gender": "female", "lastName": "Roselynn", "lists": {"groups": [{"count": 2, "type": "created", "items": []}]}, "bio": ""}, {"id": "44815673", "photo": {"prefix": "https://igx.4sqi.net/img/user/", "suffix": "/E4WCHS5JH5HVHRUO.jpg"}, "homeCity": "Singapore", "contact": {"facebook": "572123882"}, "firstName": "Nowel", "tips": {"count": 15}, "gender": "female", "lastName": "Chan", "lists": {"groups": [{"count": 3, "type": "created", "items": []}]}, "bio": ""}, {"id": "130065221", "photo": {"prefix": "https://igx.4sqi.net/img/user/", "suffix": "/130065221-VJ1AJ1B5YAFBSQQK.jpg"}, "homeCity": "Yokohama", "contact": {"facebook": "1428415617480931"}, "firstName": "Kidy", "tips": {"count": 0}, "gender": "female", "lastName": "Lien", "lists": {"groups": [{"count": 2, "type": "created", "items": []}]}, "bio": ""}, {"id": "1613147", "photo": {"prefix": "https://igx.4sqi.net/img/user/", "suffix": "/3MJRPIMWC0IDBOHJ.jpg"}, "homeCity": "\u00d6sk\u00fc, Veszpr\u00e9m", "contact": {}, "firstName": "S\u00e1ndor", "tips": {"count": 1}, "gender": "male", "lastName": "Luk\u00e1cs", "lists": {"groups": [{"count": 2, "type": "created", "items": []}]}, "bio": ""}, {"id": "4100035", "photo": {"prefix": "https://igx.4sqi.net/img/user/", "suffix": "/JOCNGM5CCABZTDIR.jpg"}, "homeCity": "Singapore", "contact": {}, "firstName": "Serena", "tips": {"count": 0}, "gender": "female", "lastName": "Yeong", "lists": {"groups": [{"count": 2, "type": "created", "items": []}]}, "bio": ""}, {"id": "1521466", "photo": {"prefix": "https://igx.4sqi.net/img/user/", "suffix": "/1521466-5YLDDIXEQLRILWX2.jpg"}, "homeCity": "Woodlands, Singapore", "contact": {}, "firstName": "XiaoHui", "tips": {"count": 27}, "gender": "female", "lastName": "Low", "lists": {"groups": [{"count": 2, "type": "created", "items": []}]}, "bio": ""}, {"id": "136924", "photo": {"prefix": "https://igx.4sqi.net/img/user/", "suffix": "/136924-N51JKAXWTZEZOED2.jpg"}, "homeCity": "Toa Payoh, Singapore", "contact": {}, "firstName": "Wayne", "tips": {"count": 0}, "gender": "male", "lastName": "Min", "lists": {"groups": [{"count": 2, "type": "created", "items": []}]}, "bio": ""}, {"id": "4399354", "photo": {"prefix": "https://igx.4sqi.net/img/user/", "suffix": "/O1EAX1Q1J1A5PB3P.jpg"}, "homeCity": "Singapore", "contact": {"facebook": "519462819"}, "firstName": "Varun", "tips": {"count": 0}, "gender": "male", "lastName": "Rai", "lists": {"groups": [{"count": 2, "type": "created", "items": []}]}, "bio": ""}, {"id": "1106557", "photo": {"prefix": "https://igx.4sqi.net/img/user/", "suffix": "/ELJHWBKQJZX2AVK1.jpg"}, "homeCity": "Singapore", "contact": {"facebook": "557205001", "twitter": "michaelruggles"}, "firstName": "Michael", "tips": {"count": 0}, "gender": "male", "lastName": "Ruggles", "lists": {"groups": [{"count": 2, "type": "created", "items": []}]}, "bio": ""}, {"id": "3890217", "photo": {"prefix": "https://igx.4sqi.net/img/user/", "suffix": "/3890217-XWRM2JJGY5INFWPX.jpg"}, "homeCity": "Hong Kong", "contact": {"facebook": "100000170043236"}, "firstName": "Sean", "tips": {"count": 291}, "gender": "male", "lastName": "Momo", "lists": {"groups": [{"count": 3, "type": "created", "items": []}]}, "bio": ""}, {"id": "26161725", "photo": {"prefix": "https://igx.4sqi.net/img/user/", "suffix": "/DH5FB2WQYCDJJKME.jpg"}, "homeCity": "singapore", "contact": {"facebook": "685394166", "twitter": "ypchua"}, "firstName": "yih puoh", "tips": {"count": 2}, "gender": "male", "lastName": "chua", "lists": {"groups": [{"count": 2, "type": "created", "items": []}]}, "bio": "travel, music, coffee, movie, design lack one & i will die"}, {"id": "5091840", "photo": {"prefix": "https://igx.4sqi.net/img/user/", "suffix": "/431WKYSJQU3FIPH3.jpg"}, "homeCity": "\u53f0\u5317\u5e02\uff0cTAIWAN", "contact": {}, "firstName": "keroxin", "tips": {"count": 42}, "gender": "female", "lists": {"groups": [{"count": 5, "type": "created", "items": []}]}, "bio": "\u5927\u5bb6\u597d\u5f37\u90fd\u4e0d\u7528\u7761~"}, {"id": "62474709", "photo": {"prefix": "https://igx.4sqi.net/img/user/", "suffix": "/3GM1K0KH1QFIRARU.jpg"}, "homeCity": "Singapore", "contact": {"facebook": "1082048203"}, "firstName": "Daniel", "tips": {"count": 0}, "gender": "male", "lastName": "Tan", "lists": {"groups": [{"count": 2, "type": "created", "items": []}]}, "bio": ""}, {"id": "4619368", "photo": {"prefix": "https://igx.4sqi.net/img/user/", "suffix": "/MTUZAPGLNWSBYUZT.jpg"}, "homeCity": "Singapore", "contact": {}, "firstName": "Joy", "tips": {"count": 0}, "gender": "none", "lists": {"groups": [{"count": 2, "type": "created", "items": []}]}, "bio": ""}, {"id": "814267", "photo": {"prefix": "https://igx.4sqi.net/img/user/", "suffix": "/EHYKPDD2DWYIRS02.jpg"}, "homeCity": "Singapore", "contact": {}, "firstName": "Jessica", "tips": {"count": 12}, "gender": "female", "lastName": "S", "lists": {"groups": [{"count": 2, "type": "created", "items": []}]}, "bio": ""}, {"id": "1269281", "photo": {"prefix": "https://igx.4sqi.net/img/user/", "suffix": "/SLCLL4IUZOH5FLDT.jpg"}, "homeCity": "Singapore", "contact": {"facebook": "734054838", "twitter": "nouman_us"}, "firstName": "Nouman", "tips": {"count": 0}, "gender": "male", "lastName": "Shoukat", "lists": {"groups": [{"count": 2, "type": "created", "items": []}]}, "bio": ""}, {"id": "6347401", "photo": {"prefix": "https://igx.4sqi.net/img/user/", "suffix": "/UQVA2LR4CLBV530R.jpg"}, "homeCity": "Singapore", "contact": {"facebook": "722188541"}, "firstName": "Hnin", "tips": {"count": 3}, "gender": "female", "lastName": "Hnin", "lists": {"groups": [{"count": 2, "type": "created", "items": []}]}, "bio": ""}, {"id": "54261942", "photo": {"prefix": "https://igx.4sqi.net/img/user/", "suffix": "/VLPPCHGNUGXTEN1P.jpg"}, "homeCity": "Singapore", "contact": {"facebook": "715747771"}, "firstName": "Ai Ting", "tips": {"count": 0}, "gender": "female", "lastName": "Chia", "lists": {"groups": [{"count": 2, "type": "created", "items": []}]}, "bio": ""}, {"id": "62224227", "photo": {"prefix": "https://igx.4sqi.net/img/user/", "suffix": "/1N1C4CVTLGIBSMFI"}, "homeCity": "London", "contact": {}, "firstName": "Maria", "tips": {"count": 0}, "gender": "none", "lastName": "Geinger", "lists": {"groups": [{"count": 2, "type": "created", "items": []}]}, "bio": "Design, cooking and everything in between."}, {"id": "1055428", "photo": {"prefix": "https://igx.4sqi.net/img/user/", "suffix": "/4ELB2LXRLET0T1EG.jpg"}, "homeCity": "Singapore", "contact": {"facebook": "610787705"}, "firstName": "Joelle", "tips": {"count": 4}, "gender": "female", "lastName": "Heng", "lists": {"groups": [{"count": 2, "type": "created", "items": []}]}, "bio": ""}, {"id": "1285038", "photo": {"prefix": "https://igx.4sqi.net/img/user/", "suffix": "/GLEVY3TLETH1HZIS.jpg"}, "homeCity": "Woodlands, Singapore", "contact": {"facebook": "788370572", "twitter": "andrewpatterson"}, "firstName": "Andrew", "tips": {"count": 5}, "gender": "male", "lastName": "Patterson", "lists": {"groups": [{"count": 2, "type": "created", "items": []}]}, "bio": ""}, {"id": "54307699", "photo": {"prefix": "https://igx.4sqi.net/img/user/", "suffix": "/XSAZR1SJRS2NXHWU.jpg"}, "homeCity": "Singapore", "contact": {"facebook": "10152791889053005"}, "firstName": "Junkang", "tips": {"count": 1}, "gender": "male", "lastName": "Li", "lists": {"groups": [{"count": 2, "type": "created", "items": []}]}, "bio": ""}, {"id": "4926194", "photo": {"prefix": "https://igx.4sqi.net/img/user/", "suffix": "/0KO022IEUANWDC4K.jpg"}, "homeCity": "Singapore", "contact": {"twitter": "bel07cool"}, "firstName": "Isabel", "tips": {"count": 1}, "gender": "female", "lastName": "Sim", "lists": {"groups": [{"count": 2, "type": "created", "items": []}]}, "bio": ""}, {"id": "1653640", "photo": {"prefix": "https://igx.4sqi.net/img/user/", "suffix": "/TFVIEVJZ0BIL51QC.jpg"}, "homeCity": "Singapore", "contact": {"facebook": "699630089", "twitter": "archampion"}, "firstName": "Calvin", "tips": {"count": 5}, "gender": "male", "lastName": "Ho", "lists": {"groups": [{"count": 2, "type": "created", "items": []}]}, "bio": ""}, {"id": "1719256", "photo": {"prefix": "https://igx.4sqi.net/img/user/", "suffix": "/JURYBHOZIWJNX2WY.jpg"}, "homeCity": "Singapore", "contact": {"facebook": "672285399"}, "firstName": "Bryan", "tips": {"count": 0}, "gender": "male", "lastName": "Lim", "lists": {"groups": [{"count": 2, "type": "created", "items": []}]}, "bio": ""}, {"id": "1811765", "photo": {"prefix": "https://igx.4sqi.net/img/user/", "suffix": "/G2EWHORPMEEHJPYB.jpg"}, "homeCity": "Singapore", "contact": {}, "firstName": "Isaac", "tips": {"count": 0}, "gender": "male", "lastName": "Liew", "lists": {"groups": [{"count": 2, "type": "created", "items": []}]}, "bio": ""}, {"id": "1844367", "photo": {"prefix": "https://igx.4sqi.net/img/user/", "suffix": "/JUSMU3UTBVXK0T4Y.jpg"}, "homeCity": "Singapore", "contact": {}, "firstName": "Bin", "tips": {"count": 0}, "gender": "male", "lastName": "Xue", "lists": {"groups": [{"count": 2, "type": "created", "items": []}]}, "bio": ""}, {"id": "2407773", "photo": {"prefix": "https://igx.4sqi.net/img/user/", "suffix": "/ETLJ121ZOBI42ZCX.jpg"}, "homeCity": "", "contact": {}, "firstName": "Cocoy", "tips": {"count": 0}, "gender": "male", "lastName": "Suguitan", "lists": {"groups": [{"count": 2, "type": "created", "items": []}]}, "bio": ""}, {"id": "3093877", "photo": {"prefix": "https://igx.4sqi.net/img/user/", "suffix": "/4A4HILEKG42AIKL0.jpg"}, "homeCity": "Singapore", "contact": {"facebook": "100000165082866", "twitter": "lovewendy13"}, "firstName": "Wendy", "tips": {"count": 0}, "gender": "none", "lists": {"groups": [{"count": 2, "type": "created", "items": []}]}, "bio": ""}, {"id": "3760229", "photo": {"prefix": "https://igx.4sqi.net/img/user/", "suffix": "/3760229-N3WMW2J3RHCQMIHT.jpg"}, "homeCity": "Singapore", "contact": {"facebook": "558347262", "twitter": "edwinlcw222"}, "firstName": "Edwin", "tips": {"count": 3}, "gender": "male", "lastName": "Lim", "lists": {"groups": [{"count": 2, "type": "created", "items": []}]}, "bio": ""}, {"id": "4424967", "photo": {"prefix": "https://igx.4sqi.net/img/user/", "default": true, "suffix": "/blank_girl.png"}, "homeCity": "Indonesia", "contact": {"facebook": "10206276126172695"}, "firstName": "Selani", "tips": {"count": 1}, "gender": "female", "lastName": "Harmat", "lists": {"groups": [{"count": 2, "type": "created", "items": []}]}, "bio": ""}]}, "checksum": "0941c3e52c1ecb5e63e6ed06037188c303de1b5f"}}