{"notifications": [{"type": "notificationTray", "item": {"unreadCount": 0}}], "response": {"friends": {"items": [{"tips": {"count": 131}, "contact": {"twitter": "garrygoh", "facebook": "702733674"}, "firstName": "Garry", "gender": "male", "lastName": "Goh", "id": "368939", "bio": "", "photo": {"prefix": "https://igx.4sqi.net/img/user/", "suffix": "/OHA0XRX333431ZED.jpg"}, "homeCity": "", "lists": {"groups": [{"items": [], "count": 7, "type": "created"}]}}, {"tips": {"count": 7}, "contact": {"twitter": "willy_tumengkol", "facebook": "1019522197"}, "firstName": "Willy", "gender": "male", "lastName": "Tumengkol", "id": "4865337", "bio": "", "photo": {"prefix": "https://igx.4sqi.net/img/user/", "suffix": "/4865337-CXS5UHW0LKJM2W4X.jpg"}, "homeCity": "Depok, Indonesia", "lists": {"groups": [{"items": [], "count": 2, "type": "created"}]}}, {"tips": {"count": 0}, "contact": {}, "firstName": "Ee feng", "gender": "none", "id": "6668521", "bio": "", "photo": {"prefix": "https://igx.4sqi.net/img/user/", "suffix": "/blank_boy.png", "default": true}, "homeCity": "Singapore", "lists": {"groups": [{"items": [], "count": 2, "type": "created"}]}}, {"superuser": 4, "tips": {"count": 10}, "contact": {"twitter": "ngpriest", "facebook": "1549443438"}, "firstName": "Joey", "gender": "male", "lastName": "Lau", "id": "684333", "bio": "Hi, I'm Joey! I'm a 4sq (foursquare) Superuser. PS: NGPriest was here...", "photo": {"prefix": "https://igx.4sqi.net/img/user/", "suffix": "/JBCOHP3VC5KZ0SSB.jpg"}, "homeCity": "Brisbane, QLD", "lists": {"groups": [{"items": [], "count": 11, "type": "created"}]}}, {"tips": {"count": 8}, "contact": {"twitter": "markusstanger", "facebook": "759183468"}, "firstName": "Markus", "gender": "male", "lastName": "Stanger", "id": "797740", "bio": "", "photo": {"prefix": "https://igx.4sqi.net/img/user/", "suffix": "/797740-Z0V3IWCVIOCZX5Z0.jpg"}, "homeCity": "Metzingen, BW", "lists": {"groups": [{"items": [], "count": 2, "type": "created"}]}}, {"tips": {"count": 9}, "contact": {"twitter": "teckyen"}, "firstName": "Ty", "gender": "female", "lastName": "Tan", "id": "8362997", "bio": "", "photo": {"prefix": "https://igx.4sqi.net/img/user/", "suffix": "/8362997-XHT21H5UUKOR21HR.jpg"}, "homeCity": "Singapore", "lists": {"groups": [{"items": [], "count": 2, "type": "created"}]}}, {"tips": {"count": 2}, "contact": {}, "firstName": "Keith", "gender": "male", "lastName": "Teng", "id": "15040541", "bio": "", "photo": {"prefix": "https://igx.4sqi.net/img/user/", "suffix": "/WB30GYLZHPMPIWB0.jpg"}, "homeCity": "Friedrichshafen, Germany", "lists": {"groups": [{"items": [], "count": 2, "type": "created"}]}}, {"tips": {"count": 0}, "contact": {"facebook": "628653269"}, "firstName": "Kelvin", "gender": "male", "lastName": "Kok", "id": "4633618", "bio": "", "photo": {"prefix": "https://igx.4sqi.net/img/user/", "suffix": "/A5OJQPSLOGNC0JSI.jpg"}, "homeCity": "Gilroy, CA", "lists": {"groups": [{"items": [], "count": 2, "type": "created"}]}}, {"tips": {"count": 8}, "contact": {"twitter": "jinjie"}, "firstName": "Jin Jie", "gender": "male", "lastName": "Kong", "id": "370420", "bio": "", "photo": {"prefix": "https://igx.4sqi.net/img/user/", "suffix": "/370420-FMF25TRU5PRNIBGP"}, "homeCity": "Singapore", "lists": {"groups": [{"items": [], "count": 3, "type": "created"}]}}, {"tips": {"count": 2}, "contact": {"facebook": "100002329472284"}, "firstName": "Narue", "gender": "male", "lastName": "Ferreira Ribeiro", "id": "9078855", "bio": "", "photo": {"prefix": "https://igx.4sqi.net/img/user/", "suffix": "/VN041LPWQY5YG2B1.jpg"}, "homeCity": "S\u00e3o Paulo, Brasil", "lists": {"groups": [{"items": [], "count": 2, "type": "created"}]}}, {"tips": {"count": 3}, "contact": {"facebook": "1303484518"}, "firstName": "Bruce", "gender": "male", "lastName": "Lee", "id": "18811808", "bio": "", "photo": {"prefix": "https://igx.4sqi.net/img/user/", "suffix": "/RVNE0OVQFQFRXMPV.jpg"}, "homeCity": "New York, NY", "lists": {"groups": [{"items": [], "count": 3, "type": "created"}]}}], "count": 11}, "checksum": "9e440df25c208047a70cd244ae6c8de0dd22cd55"}, "meta": {"requestId": "5965c80df594df3c73a5f472", "code": 200}}