{"notifications": [{"type": "notificationTray", "item": {"unreadCount": 0}}], "response": {"friends": {"items": [{"tips": {"count": 0}, "contact": {"facebook": "600915909"}, "firstName": "Bob", "gender": "male", "lastName": "Sufrizal", "id": "1357214", "bio": "", "photo": {"prefix": "https://igx.4sqi.net/img/user/", "suffix": "/CQXXXUDEM2PF3NU1.jpg"}, "homeCity": "KB", "lists": {"groups": [{"items": [], "count": 2, "type": "created"}]}}, {"tips": {"count": 3}, "contact": {}, "firstName": "Tina", "gender": "female", "lastName": "Areyna", "id": "4329957", "bio": "", "photo": {"prefix": "https://igx.4sqi.net/img/user/", "suffix": "/X4TJLUXLXXXQ2ZNA.jpg"}, "homeCity": "Berakas B, Brunei Darussalam", "lists": {"groups": [{"items": [], "count": 2, "type": "created"}]}}, {"tips": {"count": 27}, "contact": {"twitter": "chrisbombom"}, "firstName": "Chris", "gender": "male", "lastName": "Ng", "id": "281817", "bio": "", "photo": {"prefix": "https://igx.4sqi.net/img/user/", "suffix": "/4RNGGDLZPFCPX4ZB.jpg"}, "homeCity": "Bandar Seri Begawan, Brunei & Muara D.", "lists": {"groups": [{"items": [], "count": 5, "type": "created"}]}}, {"tips": {"count": 0}, "contact": {}, "firstName": "Khairul", "gender": "male", "id": "410663", "bio": "", "photo": {"prefix": "https://igx.4sqi.net/img/user/", "suffix": "/VB10Z5OMBVDPQBS2.jpg"}, "homeCity": "Jerudong, Brunei Darussalam", "lists": {"groups": [{"items": [], "count": 2, "type": "created"}]}}, {"tips": {"count": 0}, "contact": {"twitter": "awigooo", "facebook": "712233642"}, "firstName": "Nuriy", "gender": "female", "lastName": "HIsmail Omar", "id": "6623414", "bio": "", "photo": {"prefix": "https://igx.4sqi.net/img/user/", "suffix": "/DPCCD5HB0XF31JZK.jpg"}, "homeCity": "Brunei", "lists": {"groups": [{"items": [], "count": 2, "type": "created"}]}}, {"tips": {"count": 0}, "contact": {}, "firstName": "Ayuwati", "gender": "female", "lastName": "Rahman", "id": "4264036", "bio": "", "photo": {"prefix": "https://igx.4sqi.net/img/user/", "suffix": "/PYQES1DDPCUIKNGD.jpg"}, "homeCity": "Kianggeh, Brunei Darussalam", "lists": {"groups": [{"items": [], "count": 2, "type": "created"}]}}, {"tips": {"count": 3}, "contact": {"facebook": "529886645"}, "firstName": "Azeb", "gender": "male", "lastName": "Lorenzo", "id": "1346368", "bio": "", "photo": {"prefix": "https://igx.4sqi.net/img/user/", "suffix": "/HL05SHGEZOHPCSLS.jpg"}, "homeCity": "brunei muara, Brunei Darussalam", "lists": {"groups": [{"items": [], "count": 2, "type": "created"}]}}, {"tips": {"count": 0}, "contact": {}, "firstName": "Rozie", "gender": "female", "lastName": "178", "id": "5640819", "bio": "", "photo": {"prefix": "https://igx.4sqi.net/img/user/", "suffix": "/0VWMT5JGFDTXOO5Z.jpg"}, "homeCity": "Pekan Tutong, Brunei Darussalam", "lists": {"groups": [{"items": [], "count": 3, "type": "created"}]}}, {"tips": {"count": 3}, "contact": {}, "firstName": "Vivs", "gender": "female", "id": "1858522", "bio": "", "photo": {"prefix": "https://igx.4sqi.net/img/user/", "suffix": "/0Q0WDNFDPVPNYIU2.jpg"}, "homeCity": "Bandar Seri Begawan, ", "lists": {"groups": [{"items": [], "count": 2, "type": "created"}]}}, {"tips": {"count": 28}, "contact": {}, "firstName": "emmagoodegg", "gender": "female", "lastName": ".", "id": "658622", "bio": "", "photo": {"prefix": "https://igx.4sqi.net/img/user/", "suffix": "/G40BQXSO4RSRLFMW.jpg"}, "homeCity": "Bandar Seri Begawan, Jerudong", "lists": {"groups": [{"items": [], "count": 2, "type": "created"}]}}, {"tips": {"count": 1}, "contact": {"facebook": "838940623"}, "firstName": "abidoi", "gender": "male", "id": "1223393", "bio": "", "photo": {"prefix": "https://igx.4sqi.net/img/user/", "suffix": "/S0LEA0WHOJHCCRG0.jpg"}, "homeCity": "Kuala Lumpur, Malaysia", "lists": {"groups": [{"items": [], "count": 2, "type": "created"}]}}, {"tips": {"count": 0}, "contact": {"twitter": "hirnani", "facebook": "702094229"}, "firstName": "Hirnani", "gender": "female", "lastName": "Hamid", "id": "749783", "bio": "", "photo": {"prefix": "https://igx.4sqi.net/img/user/", "suffix": "/1QTBZZS0YH4N5MJP.jpg"}, "homeCity": "Brunei Muara, Brunei Darussalam", "lists": {"groups": [{"items": [], "count": 2, "type": "created"}]}}, {"tips": {"count": 5}, "contact": {}, "firstName": "Rayner", "gender": "male", "lastName": "Tan", "id": "987317", "bio": "", "photo": {"prefix": "https://igx.4sqi.net/img/user/", "suffix": "/3NKDVEI05XG0PJER.jpg"}, "homeCity": "Brunei Darussalam", "lists": {"groups": [{"items": [], "count": 2, "type": "created"}]}}, {"tips": {"count": 11}, "contact": {"twitter": "c147", "facebook": "619198828"}, "firstName": "clov", "gender": "male", "lastName": "T", "id": "799620", "bio": "", "photo": {"prefix": "https://igx.4sqi.net/img/user/", "suffix": "/LQOZ0KRJYSUSGKG1.jpg"}, "homeCity": "Brunei Darussalam", "lists": {"groups": [{"items": [], "count": 2, "type": "created"}]}}, {"tips": {"count": 2}, "contact": {}, "firstName": "khairuddin", "gender": "male", "lastName": "zaini", "id": "475700", "bio": "", "photo": {"prefix": "https://igx.4sqi.net/img/user/", "suffix": "/LSMQ5IWRT0SEDOMI.jpg"}, "homeCity": "Bandar Seri Begawan, Brunei Darussalam", "lists": {"groups": [{"items": [], "count": 2, "type": "created"}]}}, {"tips": {"count": 3}, "contact": {}, "firstName": "syahreen", "gender": "male", "lastName": "metassan", "id": "826696", "bio": "", "photo": {"prefix": "https://igx.4sqi.net/img/user/", "suffix": "/K1LZF45BKNRC42BP.jpg"}, "homeCity": "Yau Ma Tei, Hong Kong", "lists": {"groups": [{"items": [], "count": 2, "type": "created"}]}}, {"tips": {"count": 1}, "contact": {"twitter": "sharkhan13", "facebook": "700151456"}, "firstName": "Sarimah", "gender": "female", "lastName": "Latiff.Abbas", "id": "846143", "bio": "Get out of your comfort and travel the path less journeyed.", "photo": {"prefix": "https://igx.4sqi.net/img/user/", "suffix": "/UZ5IG44JWW1MIYO3.jpg"}, "homeCity": "Brunei Darussalam", "lists": {"groups": [{"items": [], "count": 2, "type": "created"}]}}, {"tips": {"count": 42}, "contact": {"twitter": "san_t0s0", "facebook": "1397908338"}, "firstName": "Dj", "gender": "male", "lastName": "Sanz", "id": "3181750", "bio": "", "photo": {"prefix": "https://igx.4sqi.net/img/user/", "suffix": "/3181750-4IZT2OR1NUTDJF4M.jpg"}, "homeCity": "Jakarta, Indonesia", "lists": {"groups": [{"items": [], "count": 2, "type": "created"}]}}, {"tips": {"count": 1}, "contact": {}, "firstName": "Bobie", "gender": "female", "lastName": "HB", "id": "1481154", "bio": "", "photo": {"prefix": "https://igx.4sqi.net/img/user/", "suffix": "/EBIT10NT4PJHDKP4.jpg"}, "homeCity": "Brunei Darussalam", "lists": {"groups": [{"items": [], "count": 2, "type": "created"}]}}, {"tips": {"count": 2}, "contact": {"facebook": "843385047"}, "firstName": "Diah", "gender": "female", "lastName": "Dpho", "id": "1371700", "bio": "", "photo": {"prefix": "https://igx.4sqi.net/img/user/", "suffix": "/VNG354UM3NVOZJNH.jpg"}, "homeCity": "Bandar Seri Begawan", "lists": {"groups": [{"items": [], "count": 2, "type": "created"}]}}, {"tips": {"count": 0}, "contact": {}, "firstName": "eemah", "gender": "female", "lastName": "instintycious", "id": "4465999", "bio": "", "photo": {"prefix": "https://igx.4sqi.net/img/user/", "suffix": "/GAOZTCYYI0GX1R2G.jpg"}, "homeCity": "Gadong, Brunei Darussalam", "lists": {"groups": [{"items": [], "count": 2, "type": "created"}]}}, {"tips": {"count": 1}, "contact": {"twitter": "aaiwhite", "facebook": "1490915574"}, "firstName": "A'ai", "gender": "male", "lastName": "White", "id": "2110820", "bio": "", "photo": {"prefix": "https://igx.4sqi.net/img/user/", "suffix": "/13FHGFIYCCUMCNJ3.jpg"}, "homeCity": "Genting Highlands, Malaysia", "lists": {"groups": [{"items": [], "count": 2, "type": "created"}]}}, {"tips": {"count": 0}, "contact": {"facebook": "773580675"}, "firstName": "Saiah", "gender": "female", "lastName": "Abd Rahim", "id": "7503528", "bio": "", "photo": {"prefix": "https://igx.4sqi.net/img/user/", "suffix": "/NNBF0MI1JCELKPBU.jpg"}, "homeCity": "Kilanas, Brunei Darussalam", "lists": {"groups": [{"items": [], "count": 2, "type": "created"}]}}, {"tips": {"count": 0}, "contact": {}, "firstName": "ghost", "gender": "male", "id": "5822276", "bio": "", "photo": {"prefix": "https://igx.4sqi.net/img/user/", "suffix": "/J22U0XBRQZXMO0NE.jpg"}, "homeCity": "Kianggeh, Brunei Darussalam", "lists": {"groups": [{"items": [], "count": 2, "type": "created"}]}}, {"tips": {"count": 3}, "contact": {"twitter": "adeeyasrah", "facebook": "1665743673"}, "firstName": "adeeyasrah", "gender": "female", "id": "1919614", "bio": "", "photo": {"prefix": "https://igx.4sqi.net/img/user/", "suffix": "/1919614-YLYZMRSIXBHA2ALO.jpg"}, "homeCity": "Tutong, Brunei", "lists": {"groups": [{"items": [], "count": 2, "type": "created"}]}}, {"tips": {"count": 1}, "contact": {}, "firstName": "Yasien", "gender": "male", "id": "1237367", "bio": "", "photo": {"prefix": "https://igx.4sqi.net/img/user/", "suffix": "/PMQ3CMLIE5VF2MDE.jpg"}, "homeCity": "Brunei Muara, Brunei Darussalam", "lists": {"groups": [{"items": [], "count": 2, "type": "created"}]}}, {"tips": {"count": 0}, "contact": {"facebook": "10154952584125833"}, "firstName": "RiTz", "gender": "female", "id": "1664135", "bio": "", "photo": {"prefix": "https://igx.4sqi.net/img/user/", "suffix": "/KNB5LSPZQJTD3Z5I.jpg"}, "homeCity": "Medinat Qaboos", "lists": {"groups": [{"items": [], "count": 2, "type": "created"}]}}, {"tips": {"count": 82}, "contact": {"twitter": "thannsanctuary", "facebook": "100000561527242"}, "firstName": "Thann Sanctuary", "gender": "none", "id": "1076056", "bio": "", "photo": {"prefix": "https://igx.4sqi.net/img/user/", "suffix": "/WIQXMTU25CY03EYN.jpg"}, "homeCity": "Bandar Seri Begawan, Brunei Darussalam", "lists": {"groups": [{"items": [], "count": 10, "type": "created"}]}}, {"tips": {"count": 0}, "contact": {}, "firstName": "Hamid", "gender": "none", "lastName": "Hms", "id": "3810354", "bio": "", "photo": {"prefix": "https://igx.4sqi.net/img/user/", "suffix": "/WMYXHXR5LGSECICP.jpg"}, "homeCity": "Gadong, Brunei Darussalam", "lists": {"groups": [{"items": [], "count": 2, "type": "created"}]}}, {"tips": {"count": 22}, "contact": {"twitter": "keeranj", "facebook": "593840127"}, "firstName": "Keeran", "gender": "male", "lastName": "Janin", "id": "550980", "bio": "", "photo": {"prefix": "https://igx.4sqi.net/img/user/", "suffix": "/U14JXSNYHDRXAQDJ.jpg"}, "homeCity": "Kg Jangsak, BSB", "lists": {"groups": [{"items": [], "count": 2, "type": "created"}]}}, {"tips": {"count": 2}, "contact": {"twitter": "lehinbasir", "facebook": "513327133"}, "firstName": "Salehin", "gender": "male", "lastName": "Basir", "id": "1765709", "bio": "", "photo": {"prefix": "https://igx.4sqi.net/img/user/", "suffix": "/JZVWKMZ0V2MAFX1M.jpg"}, "homeCity": "Birmingham, UK", "lists": {"groups": [{"items": [], "count": 2, "type": "created"}]}}, {"tips": {"count": 0}, "contact": {"facebook": "559352260"}, "firstName": "Didie Razali", "gender": "female", "id": "860969", "bio": "", "photo": {"prefix": "https://igx.4sqi.net/img/user/", "suffix": "/UIOYWQ0OJHJJXDHH.jpg"}, "homeCity": "Brunei Darussalam", "lists": {"groups": [{"items": [], "count": 2, "type": "created"}]}}, {"tips": {"count": 0}, "contact": {}, "firstName": "Arjuna Darussalam", "gender": "male", "id": "3316530", "bio": "", "photo": {"prefix": "https://igx.4sqi.net/img/user/", "suffix": "/I3NIMBDZXD1PPMRR.jpg"}, "homeCity": "Brunei", "lists": {"groups": [{"items": [], "count": 2, "type": "created"}]}}, {"tips": {"count": 0}, "contact": {"facebook": "1578346700"}, "firstName": "Zeti", "gender": "female", "lastName": "Rayyan", "id": "1492649", "bio": "", "photo": {"prefix": "https://igx.4sqi.net/img/user/", "suffix": "/QRAZPVUBPSVLH4AF.jpg"}, "homeCity": "Jerudong, Brunei Darussalam", "lists": {"groups": [{"items": [], "count": 2, "type": "created"}]}}, {"tips": {"count": 0}, "contact": {"facebook": "1685164112"}, "firstName": "zow", "gender": "male", "lastName": "har", "id": "2312484", "bio": "", "photo": {"prefix": "https://igx.4sqi.net/img/user/", "suffix": "/2YGZ42Y5F1BCCIQ5.jpg"}, "homeCity": "Brunei Darussalam (Tutong)", "lists": {"groups": [{"items": [], "count": 2, "type": "created"}]}}, {"tips": {"count": 0}, "contact": {"facebook": "711478976"}, "firstName": "Effy", "gender": "female", "lastName": "Effa", "id": "6260086", "bio": "", "photo": {"prefix": "https://igx.4sqi.net/img/user/", "suffix": "/blank_girl.png", "default": true}, "homeCity": "Brunei", "lists": {"groups": [{"items": [], "count": 2, "type": "created"}]}}, {"tips": {"count": 0}, "contact": {}, "firstName": "Bree", "gender": "male", "lastName": "Hbs", "id": "7351955", "bio": "", "photo": {"prefix": "https://igx.4sqi.net/img/user/", "suffix": "/SJGIO3FQGIVVTDXS.jpg"}, "homeCity": "Sengkurong, Brunei Darussalam", "lists": {"groups": [{"items": [], "count": 2, "type": "created"}]}}, {"tips": {"count": 0}, "contact": {}, "firstName": "Ashley", "gender": "female", "lastName": "Azure", "id": "7650610", "bio": "", "photo": {"prefix": "https://igx.4sqi.net/img/user/", "suffix": "/ZOFBOKMJBHGDNBKM.jpg"}, "homeCity": "Kampung Sinarubai, Brunei Darussalam", "lists": {"groups": [{"items": [], "count": 2, "type": "created"}]}}, {"tips": {"count": 0}, "contact": {"twitter": "akfahridzan", "facebook": "1082133244"}, "firstName": "Ak Md Fahridzan Azim", "gender": "male", "lastName": "Pg TJ", "id": "5971602", "bio": "", "photo": {"prefix": "https://igx.4sqi.net/img/user/", "suffix": "/EHJORYKP1W0FQXQM.jpg"}, "homeCity": "Bandar Seri Begawan, Brunei Darussalam", "lists": {"groups": [{"items": [], "count": 2, "type": "created"}]}}, {"tips": {"count": 2}, "contact": {"facebook": "1460870504"}, "firstName": "Adzly", "gender": "male", "lastName": "Ht", "id": "2186797", "bio": "", "photo": {"prefix": "https://igx.4sqi.net/img/user/", "suffix": "/2186797-FXXGUC2PF1MUWN4X.jpg"}, "homeCity": "Bandar Seri Begawan, Brunei Darussalam", "lists": {"groups": [{"items": [], "count": 2, "type": "created"}]}}, {"tips": {"count": 0}, "contact": {"facebook": "839165178"}, "firstName": "San", "gender": "male", "lastName": "Bolhasan", "id": "2565601", "bio": "", "photo": {"prefix": "https://igx.4sqi.net/img/user/", "suffix": "/GXUKQA3B4BBQZXIX.jpg"}, "homeCity": "Temburong", "lists": {"groups": [{"items": [], "count": 2, "type": "created"}]}}, {"tips": {"count": 0}, "contact": {"facebook": "100001277075974"}, "firstName": "Andy", "gender": "male", "lastName": "Dub960", "id": "1664481", "bio": "", "photo": {"prefix": "https://igx.4sqi.net/img/user/", "suffix": "/V1VBXHYJ4DANQMC0.jpg"}, "homeCity": "Bandar Seri Begawan, Brunei & Muara D.", "lists": {"groups": [{"items": [], "count": 2, "type": "created"}]}}, {"tips": {"count": 2}, "contact": {"facebook": "1425053914"}, "firstName": "Stevie", "gender": "male", "lastName": "G", "id": "1695734", "bio": "", "photo": {"prefix": "https://igx.4sqi.net/img/user/", "suffix": "/KY4LYNZ1SH2LQX3D.jpg"}, "homeCity": "Berakas, Brunei Darussalam", "lists": {"groups": [{"items": [], "count": 2, "type": "created"}]}}, {"tips": {"count": 1}, "contact": {}, "firstName": "Andy", "gender": "male", "lastName": "Ang", "id": "678716", "bio": "", "photo": {"prefix": "https://igx.4sqi.net/img/user/", "suffix": "/XQDGGLZX4MYYU34J.jpg"}, "homeCity": "Brunei", "lists": {"groups": [{"items": [], "count": 2, "type": "created"}]}}, {"tips": {"count": 0}, "contact": {"facebook": "606089214"}, "firstName": "imah", "gender": "female", "id": "1983061", "bio": "", "photo": {"prefix": "https://igx.4sqi.net/img/user/", "suffix": "/blank_girl.png", "default": true}, "homeCity": "Temburong, Brunei Darussalam", "lists": {"groups": [{"items": [], "count": 2, "type": "created"}]}}, {"tips": {"count": 8}, "contact": {"twitter": "ranoadidas"}, "firstName": "Rano", "gender": "male", "lastName": "Iskandar", "id": "862458", "bio": "", "photo": {"prefix": "https://igx.4sqi.net/img/user/", "suffix": "/PWLJFN5DNFB4BK3C.jpg"}, "homeCity": "Brunei Darussalam", "lists": {"groups": [{"items": [], "count": 2, "type": "created"}]}}, {"tips": {"count": 0}, "contact": {"facebook": "525881596"}, "firstName": "Raudin", "gender": "male", "lastName": "Rahman", "id": "3964777", "bio": "", "photo": {"prefix": "https://igx.4sqi.net/img/user/", "suffix": "/blank_boy.png", "default": true}, "homeCity": "brunei, tutong", "lists": {"groups": [{"items": [], "count": 2, "type": "created"}]}}, {"tips": {"count": 29}, "contact": {"twitter": "khairilhassan", "facebook": "603925215"}, "firstName": "GoD's GiFT!", "gender": "male", "id": "1499173", "bio": "", "photo": {"prefix": "https://igx.4sqi.net/img/user/", "suffix": "/KEHUPNZ0B1CK5CFR.jpg"}, "homeCity": "Brunei Darussalam", "lists": {"groups": [{"items": [], "count": 2, "type": "created"}]}}, {"tips": {"count": 0}, "contact": {"facebook": "100000709863134"}, "firstName": "Epic", "gender": "none", "lastName": "Tragedy", "id": "6273378", "bio": "", "photo": {"prefix": "https://igx.4sqi.net/img/user/", "suffix": "/CYLSJSANJB2LJJ1C.jpg"}, "homeCity": "Brunei", "lists": {"groups": [{"items": [], "count": 2, "type": "created"}]}}, {"tips": {"count": 0}, "contact": {}, "firstName": "Hazimah", "gender": "female", "lastName": "Hml", "id": "6172064", "bio": "", "photo": {"prefix": "https://igx.4sqi.net/img/user/", "suffix": "/RX3YWGBEDP1DLOWK.jpg"}, "homeCity": "Gadong, Brunei Darussalam", "lists": {"groups": [{"items": [], "count": 2, "type": "created"}]}}, {"tips": {"count": 0}, "contact": {}, "firstName": "Rai", "gender": "none", "lastName": "186", "id": "3574984", "bio": "", "photo": {"prefix": "https://igx.4sqi.net/img/user/", "suffix": "/blank_boy.png", "default": true}, "homeCity": "Brunei", "lists": {"groups": [{"items": [], "count": 2, "type": "created"}]}}, {"tips": {"count": 2}, "contact": {"facebook": "578532323"}, "firstName": "Najib", "gender": "male", "lastName": "Mulek", "id": "2906991", "bio": "", "photo": {"prefix": "https://igx.4sqi.net/img/user/", "suffix": "/XJUVGOYXQC41HAHZ.jpg"}, "homeCity": "Bandar Seri Begawan, Brunei", "lists": {"groups": [{"items": [], "count": 2, "type": "created"}]}}, {"tips": {"count": 0}, "contact": {"facebook": "1003195826"}, "firstName": "Sh", "gender": "female", "lastName": "Hml", "id": "1742247", "bio": "", "photo": {"prefix": "https://igx.4sqi.net/img/user/", "suffix": "/1FPBGON5PY2IZTJF.jpg"}, "homeCity": "Brunei Darussalam", "lists": {"groups": [{"items": [], "count": 2, "type": "created"}]}}, {"tips": {"count": 13}, "contact": {"twitter": "yusnizam"}, "firstName": "Yusnizam", "gender": "male", "lastName": "Yunus", "id": "3783695", "bio": "", "photo": {"prefix": "https://igx.4sqi.net/img/user/", "suffix": "/G5UHVOT10QSHNVFV.jpg"}, "homeCity": "Bayan Lepas, Malaysia", "lists": {"groups": [{"items": [], "count": 2, "type": "created"}]}}, {"tips": {"count": 0}, "contact": {"facebook": "657844933"}, "firstName": "Ezann", "gender": "female", "lastName": "Vier", "id": "1054351", "bio": "", "photo": {"prefix": "https://igx.4sqi.net/img/user/", "suffix": "/SULNFAWDX2SAW033.jpg"}, "homeCity": "Singapore", "lists": {"groups": [{"items": [], "count": 2, "type": "created"}]}}, {"tips": {"count": 1}, "contact": {"facebook": "1655993938"}, "firstName": "Jesen", "gender": "male", "lastName": "King's", "id": "4391513", "bio": "", "photo": {"prefix": "https://igx.4sqi.net/img/user/", "suffix": "/JWYLJ1RI1RKDJ1XT.jpg"}, "homeCity": "Kg. Selayun, Sengkurong", "lists": {"groups": [{"items": [], "count": 2, "type": "created"}]}}, {"tips": {"count": 29}, "contact": {"twitter": "davidcheok", "facebook": "617827330"}, "firstName": "David", "gender": "male", "lastName": "Cheok", "id": "894281", "bio": "", "photo": {"prefix": "https://igx.4sqi.net/img/user/", "suffix": "/CAHHDL1DE1L0YWRK.jpg"}, "homeCity": "Bandar Seri Begawan", "lists": {"groups": [{"items": [], "count": 7, "type": "created"}]}}, {"tips": {"count": 1}, "contact": {}, "firstName": "Allen", "gender": "male", "lastName": "Yap", "id": "3973934", "bio": "", "photo": {"prefix": "https://igx.4sqi.net/img/user/", "suffix": "/CCDF05XZ1TOH4FLS.jpg"}, "homeCity": "Gadong, Brunei Darussalam", "lists": {"groups": [{"items": [], "count": 2, "type": "created"}]}}, {"tips": {"count": 0}, "contact": {"twitter": "buuuuur", "facebook": "100001435600149"}, "firstName": "Faris", "gender": "male", "lastName": "Farid", "id": "5054223", "bio": "Nada..", "photo": {"prefix": "https://igx.4sqi.net/img/user/", "suffix": "/DN05USUXHUTX3H2R.jpg"}, "homeCity": "Pandan 8", "lists": {"groups": [{"items": [], "count": 2, "type": "created"}]}}, {"tips": {"count": 3}, "contact": {"twitter": "abk7677", "facebook": "552027417"}, "firstName": "abu bakar", "gender": "male", "lastName": "a.r", "id": "3623627", "bio": "", "photo": {"prefix": "https://igx.4sqi.net/img/user/", "suffix": "/NQOKCUHYRRDPSIOZ.jpg"}, "homeCity": "Perpindahan Bunut, Brunei", "lists": {"groups": [{"items": [], "count": 2, "type": "created"}]}}, {"tips": {"count": 4}, "contact": {}, "firstName": "Fie.Slayer\ue531", "gender": "male", "id": "3483303", "bio": "", "photo": {"prefix": "https://igx.4sqi.net/img/user/", "suffix": "/NVSGDIY1H0YK2N1D.jpg"}, "homeCity": "Singapore", "lists": {"groups": [{"items": [], "count": 2, "type": "created"}]}}, {"tips": {"count": 0}, "contact": {"facebook": "550867911"}, "firstName": "Jeffry", "gender": "male", "lastName": "Peter", "id": "3786227", "bio": "", "photo": {"prefix": "https://igx.4sqi.net/img/user/", "suffix": "/5O4QE3NJBGYKLJDJ.jpg"}, "homeCity": "Sengkurong, Brunei", "lists": {"groups": [{"items": [], "count": 2, "type": "created"}]}}, {"tips": {"count": 1}, "contact": {"facebook": "618203763"}, "firstName": "Yani", "gender": "female", "lastName": "Khamis", "id": "1478526", "bio": "", "photo": {"prefix": "https://igx.4sqi.net/img/user/", "suffix": "/SW5TJVM01H35PU4H.jpg"}, "homeCity": "BSB, Brunei Darussalam", "lists": {"groups": [{"items": [], "count": 2, "type": "created"}]}}, {"tips": {"count": 4}, "contact": {}, "firstName": "B", "gender": "male", "lastName": "King", "id": "927845", "bio": "", "photo": {"prefix": "https://igx.4sqi.net/img/user/", "suffix": "/AHOUHJK1MRZZNMX1.jpg"}, "homeCity": "Bandar Seri Begawan", "lists": {"groups": [{"items": [], "count": 2, "type": "created"}]}}, {"tips": {"count": 0}, "contact": {}, "firstName": "Nurulqalbi", "gender": "female", "lastName": "Phi", "id": "4120523", "bio": "", "photo": {"prefix": "https://igx.4sqi.net/img/user/", "suffix": "/RAALM4WLYOVVJCKN.jpg"}, "homeCity": "Rancangan Perumahan Negara Lambak Kanan, Brunei Darussalam", "lists": {"groups": [{"items": [], "count": 2, "type": "created"}]}}, {"tips": {"count": 0}, "contact": {}, "firstName": "Saifuddin", "gender": "male", "lastName": "Chuchu", "id": "3836942", "bio": "", "photo": {"prefix": "https://igx.4sqi.net/img/user/", "suffix": "/ZDNN4X23XKDNICR3.jpg"}, "homeCity": "Brunei Darussalam", "lists": {"groups": [{"items": [], "count": 2, "type": "created"}]}}, {"tips": {"count": 8}, "contact": {}, "firstName": "Wana", "gender": "female", "lastName": "Ariffin", "id": "4180802", "bio": "", "photo": {"prefix": "https://igx.4sqi.net/img/user/", "suffix": "/0AHEHK3NE25WKO4A.jpg"}, "homeCity": "Bandar Seri Begawan, Brunei Darussalam", "lists": {"groups": [{"items": [], "count": 2, "type": "created"}]}}, {"tips": {"count": 2}, "contact": {"twitter": "muliadiosman", "facebook": "725177569"}, "firstName": "mul", "gender": "male", "lastName": "theme", "id": "1558746", "bio": "", "photo": {"prefix": "https://igx.4sqi.net/img/user/", "suffix": "/PFQVDTZITBHCR0L5.jpg"}, "homeCity": "", "lists": {"groups": [{"items": [], "count": 2, "type": "created"}]}}, {"tips": {"count": 0}, "contact": {"twitter": "adeebz", "facebook": "1144869967"}, "firstName": "Adib", "gender": "male", "id": "940889", "bio": "", "photo": {"prefix": "https://igx.4sqi.net/img/user/", "suffix": "/BCT5TDIW4UZSGKVD.jpg"}, "homeCity": "Bandat Seri Begawan", "lists": {"groups": [{"items": [], "count": 2, "type": "created"}]}}, {"tips": {"count": 0}, "contact": {}, "firstName": "Vier", "gender": "female", "lastName": "Ahmad", "id": "4436457", "bio": "", "photo": {"prefix": "https://igx.4sqi.net/img/user/", "suffix": "/4KJBPXJAJ54TP3ND.jpg"}, "homeCity": "New York, NY", "lists": {"groups": [{"items": [], "count": 2, "type": "created"}]}}, {"tips": {"count": 3}, "contact": {}, "firstName": "remie", "gender": "male", "lastName": "jemat", "id": "5039091", "bio": "", "photo": {"prefix": "https://igx.4sqi.net/img/user/", "suffix": "/AVGOOLRS1Z5WDFL4.jpg"}, "homeCity": "Kilanas, Brunei Darussalam", "lists": {"groups": [{"items": [], "count": 2, "type": "created"}]}}, {"tips": {"count": 2}, "contact": {"facebook": "628250569"}, "firstName": "Nyzal", "gender": "male", "lastName": "Halim", "id": "1560825", "bio": "", "photo": {"prefix": "https://igx.4sqi.net/img/user/", "suffix": "/UY2IZ4NDE5AJXQPK.jpg"}, "homeCity": "Bandar Seri Begawan, Brunei & Muara", "lists": {"groups": [{"items": [], "count": 2, "type": "created"}]}}, {"tips": {"count": 0}, "contact": {"facebook": "600425266"}, "firstName": "Phmna @ Epin", "gender": "male", "id": "973805", "bio": "", "photo": {"prefix": "https://igx.4sqi.net/img/user/", "suffix": "/W1LJ2PYZDE0PNKVS.jpg"}, "homeCity": "Bandar Seri Begawan, Jerudong", "lists": {"groups": [{"items": [], "count": 2, "type": "created"}]}}, {"tips": {"count": 10}, "contact": {"facebook": "812339045"}, "firstName": "Reedz", "gender": "male", "lastName": "Malik", "id": "6331145", "bio": "", "photo": {"prefix": "https://igx.4sqi.net/img/user/", "suffix": "/JTQPC1EAMG3DHDJZ.jpg"}, "homeCity": "Kilanas, Brunei Darussalam", "lists": {"groups": [{"items": [], "count": 2, "type": "created"}]}}, {"tips": {"count": 0}, "contact": {}, "firstName": "Amal", "gender": "female", "lastName": "Ismail", "id": "5934050", "bio": "", "photo": {"prefix": "https://igx.4sqi.net/img/user/", "suffix": "/S1A4QI4AY5FRRDLA.jpg"}, "homeCity": "New York, NY", "lists": {"groups": [{"items": [], "count": 2, "type": "created"}]}}, {"tips": {"count": 0}, "contact": {"twitter": "wwwwaaappy", "facebook": "633692831"}, "firstName": "Ady wafiyuddin", "gender": "male", "lastName": "Hm", "id": "1775579", "bio": "", "photo": {"prefix": "https://igx.4sqi.net/img/user/", "suffix": "/DUWP100TTGORVQ0R.jpg"}, "homeCity": "Brunei, Bandar Seri Begawan", "lists": {"groups": [{"items": [], "count": 2, "type": "created"}]}}, {"tips": {"count": 0}, "contact": {"twitter": "muizziskandar", "facebook": "836435709"}, "firstName": "Muizz", "gender": "male", "lastName": "Iskandar", "id": "976889", "bio": "", "photo": {"prefix": "https://igx.4sqi.net/img/user/", "suffix": "/TBWEDFMJSTJA3FK3.jpg"}, "homeCity": "Brunei Muara, Brunei Darussalam", "lists": {"groups": [{"items": [], "count": 2, "type": "created"}]}}, {"tips": {"count": 0}, "contact": {"facebook": "100000023448988"}, "firstName": "lina", "gender": "female", "lastName": "wati", "id": "1903993", "bio": "", "photo": {"prefix": "https://igx.4sqi.net/img/user/", "suffix": "/blank_girl.png", "default": true}, "homeCity": "Jerudong", "lists": {"groups": [{"items": [], "count": 2, "type": "created"}]}}, {"tips": {"count": 1}, "contact": {"facebook": "658063469"}, "firstName": "Sammy", "gender": "none", "lastName": "Lim", "id": "1010872", "bio": "", "photo": {"prefix": "https://igx.4sqi.net/img/user/", "suffix": "/O2UQJL1IUQ02ZJW4.jpg"}, "homeCity": "Bandar seri begawan", "lists": {"groups": [{"items": [], "count": 2, "type": "created"}]}}, {"tips": {"count": 0}, "contact": {"twitter": "flirtylashes", "facebook": "717712386"}, "firstName": "Syimah", "gender": "female", "lastName": "L", "id": "1062726", "bio": "", "photo": {"prefix": "https://igx.4sqi.net/img/user/", "suffix": "/3JQGV2ESGAVIOPLX.jpg"}, "homeCity": ", Brunei Darussalam", "lists": {"groups": [{"items": [], "count": 2, "type": "created"}]}}, {"tips": {"count": 2}, "contact": {"twitter": "jasrin", "facebook": "1592165395"}, "firstName": "Jasrin", "gender": "male", "lastName": "Serudin", "id": "1066047", "bio": "", "photo": {"prefix": "https://igx.4sqi.net/img/user/", "suffix": "/DQ2L41IW4IR0S234.jpg"}, "homeCity": "Brunei Darussalam", "lists": {"groups": [{"items": [], "count": 2, "type": "created"}]}}, {"tips": {"count": 3}, "contact": {}, "firstName": "Junne", "gender": "female", "lastName": "Embran", "id": "1106797", "bio": "", "photo": {"prefix": "https://igx.4sqi.net/img/user/", "suffix": "/ANPWSXNJ2HIRDUYV.jpg"}, "homeCity": "Brunei Darussalam", "lists": {"groups": [{"items": [], "count": 2, "type": "created"}]}}, {"tips": {"count": 0}, "contact": {"twitter": "izzitwentynine", "facebook": "756371153"}, "firstName": "Izzi", "gender": "male", "id": "1107408", "bio": "", "photo": {"prefix": "https://igx.4sqi.net/img/user/", "suffix": "/TFMV5YXJXITE30X4.jpg"}, "homeCity": "Bandar Seri Begawan, Brunei Darussalam", "lists": {"groups": [{"items": [], "count": 2, "type": "created"}]}}, {"tips": {"count": 0}, "contact": {"facebook": "845130363"}, "firstName": "Shahiruddin", "gender": "male", "lastName": "Hassan", "id": "1116683", "bio": "", "photo": {"prefix": "https://igx.4sqi.net/img/user/", "suffix": "/1DJ31YVVSY004F3E.jpg"}, "homeCity": "Bandar Seri Begawan", "lists": {"groups": [{"items": [], "count": 2, "type": "created"}]}}, {"tips": {"count": 6}, "contact": {}, "firstName": "CiBui", "gender": "male", "lastName": "Brunei", "id": "1132290", "bio": "", "photo": {"prefix": "https://igx.4sqi.net/img/user/", "suffix": "/PFUUD3KARTJ2G222.jpg"}, "homeCity": "Brunei Muara", "lists": {"groups": [{"items": [], "count": 2, "type": "created"}]}}, {"tips": {"count": 5}, "contact": {"twitter": "sadieehadi", "facebook": "734198563"}, "firstName": "Sadiee", "gender": "male", "lastName": "Hadi", "id": "1284020", "bio": "An iPhone user who likes to take picture and share among friends.", "photo": {"prefix": "https://igx.4sqi.net/img/user/", "suffix": "/PVZRKBYY2VNVQQNB.jpg"}, "homeCity": "Bandar Seri Begawan", "lists": {"groups": [{"items": [], "count": 2, "type": "created"}]}}, {"tips": {"count": 0}, "contact": {"facebook": "527715668"}, "firstName": "kutat", "gender": "none", "lastName": "neera", "id": "1393135", "bio": "", "photo": {"prefix": "https://igx.4sqi.net/img/user/", "suffix": "/XIERNQJL3VYANXTB.jpg"}, "homeCity": "Temburong", "lists": {"groups": [{"items": [], "count": 2, "type": "created"}]}}, {"tips": {"count": 2}, "contact": {"twitter": "fakrihms", "facebook": "1381591518"}, "firstName": "Fakri", "gender": "male", "lastName": "Matsalleh", "id": "1417764", "bio": "", "photo": {"prefix": "https://igx.4sqi.net/img/user/", "suffix": "/1G1JPT2VXAUEKOXG.jpg"}, "homeCity": "Brunei Darussalam", "lists": {"groups": [{"items": [], "count": 2, "type": "created"}]}}, {"tips": {"count": 3}, "contact": {"twitter": "ero_sennin_"}, "firstName": "\u062d\u064a\u0627\u0645\u064a", "gender": "male", "lastName": "\u0645\u0647\u0627\u0631\u064a", "id": "1573350", "bio": "", "photo": {"prefix": "https://igx.4sqi.net/img/user/", "suffix": "/1573350-2UCQCCAEGVRBKTMO.jpg"}, "homeCity": "South Shields, Tyne & Wear", "lists": {"groups": [{"items": [], "count": 2, "type": "created"}]}}, {"tips": {"count": 0}, "contact": {"facebook": "638145617"}, "firstName": "Salinahwati", "gender": "female", "lastName": "Alias", "id": "1706840", "bio": "", "photo": {"prefix": "https://igx.4sqi.net/img/user/", "suffix": "/blank_girl.png", "default": true}, "homeCity": "Kuala Belait, Brunei", "lists": {"groups": [{"items": [], "count": 2, "type": "created"}]}}, {"tips": {"count": 0}, "contact": {}, "firstName": "Dave", "gender": "male", "lastName": "Speedster", "id": "1816719", "bio": "", "photo": {"prefix": "https://igx.4sqi.net/img/user/", "suffix": "/YLBGBJQ5QSUDQTDS.jpg"}, "homeCity": "Kiulap, Brunei Darussalam", "lists": {"groups": [{"items": [], "count": 2, "type": "created"}]}}, {"tips": {"count": 4}, "contact": {"twitter": "blackpajero", "facebook": "731627149"}, "firstName": "Zyrn", "gender": "male", "id": "1816739", "bio": "", "photo": {"prefix": "https://igx.4sqi.net/img/user/", "suffix": "/Z5VJW2QXHHCDUSLE.jpg"}, "homeCity": "Brunei Muara", "lists": {"groups": [{"items": [], "count": 3, "type": "created"}]}}, {"tips": {"count": 0}, "contact": {"twitter": "hakimhayat", "facebook": "836533278"}, "firstName": "Hakim", "gender": "male", "lastName": "Hayat", "id": "1877899", "bio": "", "photo": {"prefix": "https://igx.4sqi.net/img/user/", "suffix": "/HRJU4D1Q40FPMF5O.jpg"}, "homeCity": "Bandar Seri Begawan, Brunei", "lists": {"groups": [{"items": [], "count": 2, "type": "created"}]}}, {"tips": {"count": 3}, "contact": {"twitter": "gidz7", "facebook": "545109726"}, "firstName": "Gidz", "gender": "male", "lastName": "Hamid", "id": "2030908", "bio": "", "photo": {"prefix": "https://igx.4sqi.net/img/user/", "suffix": "/2030908-A4MSELWN4T5QW3LH.jpg"}, "homeCity": "Kuala Lumpur, WP Kuala Lumpur", "lists": {"groups": [{"items": [], "count": 2, "type": "created"}]}}, {"tips": {"count": 1}, "contact": {"twitter": "nabelahwoot", "facebook": "843630062"}, "firstName": "Nabelah", "gender": "female", "lastName": "Ali", "id": "2034894", "bio": "", "photo": {"prefix": "https://igx.4sqi.net/img/user/", "suffix": "/U5IENX2CWY5WZ0NE.jpg"}, "homeCity": "Brunei Darussalam", "lists": {"groups": [{"items": [], "count": 2, "type": "created"}]}}, {"tips": {"count": 16}, "contact": {"twitter": "rozi311", "facebook": "1457225004"}, "firstName": "Rozi", "gender": "female", "lastName": "MJ", "id": "2053652", "bio": "", "photo": {"prefix": "https://igx.4sqi.net/img/user/", "suffix": "/DCKBQB3DSHHCKSPX.jpg"}, "homeCity": "Tutong, Brunei Darussalam", "lists": {"groups": [{"items": [], "count": 3, "type": "created"}]}}, {"tips": {"count": 0}, "contact": {}, "firstName": "Sti", "gender": "male", "lastName": "GC8", "id": "2082612", "bio": "", "photo": {"prefix": "https://igx.4sqi.net/img/user/", "suffix": "/AOB4SHQKFJSJF23L.jpg"}, "homeCity": "B.S.B, Brunei", "lists": {"groups": [{"items": [], "count": 2, "type": "created"}]}}, {"tips": {"count": 0}, "contact": {"facebook": "514732541"}, "firstName": "Jasmin", "gender": "male", "lastName": "Rohani", "id": "2221931", "bio": "", "photo": {"prefix": "https://igx.4sqi.net/img/user/", "suffix": "/RYOMBZHAEHBJ5C4L.jpg"}, "homeCity": "Bukit Merah, Singapore", "lists": {"groups": [{"items": [], "count": 2, "type": "created"}]}}, {"tips": {"count": 0}, "contact": {"facebook": "730317240"}, "firstName": "KD", "gender": "female", "id": "2272616", "bio": "", "photo": {"prefix": "https://igx.4sqi.net/img/user/", "suffix": "/34Q42MFWDD2PC2RZ.jpg"}, "homeCity": "B.S.B", "lists": {"groups": [{"items": [], "count": 2, "type": "created"}]}}, {"tips": {"count": 0}, "contact": {}, "firstName": "Faez hm", "gender": "female", "id": "2457099", "bio": "", "photo": {"prefix": "https://igx.4sqi.net/img/user/", "suffix": "/HAQWX4FJATJUOZIQ.jpg"}, "homeCity": "Liang, Brunei Darussalam", "lists": {"groups": [{"items": [], "count": 2, "type": "created"}]}}, {"tips": {"count": 3}, "contact": {"facebook": "521091801"}, "firstName": "shahriah", "gender": "female", "lastName": "TimEy", "id": "2527121", "bio": "", "photo": {"prefix": "https://igx.4sqi.net/img/user/", "suffix": "/ONINXJNQXKLKK1KI.jpg"}, "homeCity": "Bandar Seri Begawan, Brunei Darussalam", "lists": {"groups": [{"items": [], "count": 2, "type": "created"}]}}, {"tips": {"count": 0}, "contact": {"facebook": "1553120795"}, "firstName": "Shahrina", "gender": "female", "lastName": "Deli", "id": "2535642", "bio": "", "photo": {"prefix": "https://igx.4sqi.net/img/user/", "suffix": "/blank_girl.png", "default": true}, "homeCity": "Brunei", "lists": {"groups": [{"items": [], "count": 2, "type": "created"}]}}, {"tips": {"count": 1}, "contact": {"twitter": "hainnahs", "facebook": "649721643"}, "firstName": "Hainnah", "gender": "female", "lastName": "Shahminan", "id": "3116854", "bio": "", "photo": {"prefix": "https://igx.4sqi.net/img/user/", "suffix": "/ZKE4S5FITAT3M4US.jpg"}, "homeCity": "Berakas A, Brunei", "lists": {"groups": [{"items": [], "count": 2, "type": "created"}]}}, {"tips": {"count": 0}, "contact": {}, "firstName": "Ayuwati", "gender": "female", "lastName": "Rahman", "id": "3143914", "bio": "", "photo": {"prefix": "https://igx.4sqi.net/img/user/", "suffix": "/blank_girl.png", "default": true}, "homeCity": "Brunei", "lists": {"groups": [{"items": [], "count": 2, "type": "created"}]}}, {"tips": {"count": 1}, "contact": {}, "firstName": "Hafiezan", "gender": "male", "lastName": "Ahmad", "id": "3246039", "bio": "", "photo": {"prefix": "https://igx.4sqi.net/img/user/", "suffix": "/Z4EJX1UTUSNIL3CT.jpg"}, "homeCity": "Bandar Seri Begawan, Brunei", "lists": {"groups": [{"items": [], "count": 2, "type": "created"}]}}, {"tips": {"count": 3}, "contact": {"twitter": "nuramsyar"}, "firstName": "Nuramsyar", "gender": "male", "lastName": "Hashim", "id": "3413777", "bio": "", "photo": {"prefix": "https://igx.4sqi.net/img/user/", "suffix": "/45L55NBQCE3ZZRAQ.jpg"}, "homeCity": "Bangkok, Thailand", "lists": {"groups": [{"items": [], "count": 2, "type": "created"}]}}, {"tips": {"count": 0}, "contact": {"facebook": "845980146"}, "firstName": "Wii", "gender": "male", "lastName": "Mohamed", "id": "3468217", "bio": "", "photo": {"prefix": "https://igx.4sqi.net/img/user/", "suffix": "/C2CDMEY2TY3JDJKS.jpg"}, "homeCity": "Kuala Belait, Brunei", "lists": {"groups": [{"items": [], "count": 2, "type": "created"}]}}, {"tips": {"count": 0}, "contact": {"facebook": "591061275"}, "firstName": "Tuyy", "gender": "female", "lastName": "Rosli", "id": "3992810", "bio": "", "photo": {"prefix": "https://igx.4sqi.net/img/user/", "suffix": "/WWMLBAGKNJZZVIDC.jpg"}, "homeCity": "Gadong, Brunei Darussalam", "lists": {"groups": [{"items": [], "count": 2, "type": "created"}]}}, {"tips": {"count": 2}, "contact": {"facebook": "100001331685188"}, "firstName": "matt", "gender": "male", "lastName": "qizi", "id": "4114188", "bio": "", "photo": {"prefix": "https://igx.4sqi.net/img/user/", "suffix": "/CBAW04LW4AZAYQBQ.jpg"}, "homeCity": "Kampung Bengkurong, Brunei Darussalam", "lists": {"groups": [{"items": [], "count": 2, "type": "created"}]}}, {"tips": {"count": 1}, "contact": {"twitter": "asupian66", "facebook": "525361736"}, "firstName": "Charles", "gender": "male", "lastName": "Damitri", "id": "4114913", "bio": "", "photo": {"prefix": "https://igx.4sqi.net/img/user/", "suffix": "/LLTIRXI2TWLJCHDT.jpg"}, "homeCity": "Klang, Malaysia", "lists": {"groups": [{"items": [], "count": 4, "type": "created"}]}}, {"tips": {"count": 0}, "contact": {}, "firstName": "Saidah", "gender": "female", "lastName": "Murah", "id": "4163919", "bio": "", "photo": {"prefix": "https://igx.4sqi.net/img/user/", "suffix": "/blank_girl.png", "default": true}, "homeCity": "New York, NY", "lists": {"groups": [{"items": [], "count": 2, "type": "created"}]}}, {"tips": {"count": 1}, "contact": {"twitter": "blitzkr"}, "firstName": "daaush", "gender": "male", "lastName": "ali", "id": "5130844", "bio": "", "photo": {"prefix": "https://igx.4sqi.net/img/user/", "suffix": "/MKJJRNHW2G4UCEWH.jpg"}, "homeCity": "Bandar Seri Begawan, Brunei Darussalam", "lists": {"groups": [{"items": [], "count": 2, "type": "created"}]}}, {"tips": {"count": 0}, "contact": {}, "firstName": "Widuri", "gender": "female", "lastName": "Khalid", "id": "5344019", "bio": "", "photo": {"prefix": "https://igx.4sqi.net/img/user/", "suffix": "/blank_girl.png", "default": true}, "homeCity": "Keramut, Brunei Darussalam", "lists": {"groups": [{"items": [], "count": 2, "type": "created"}]}}, {"tips": {"count": 0}, "contact": {"facebook": "1212598294"}, "firstName": "Suhelia", "gender": "female", "lastName": "Sulaiman", "id": "5739112", "bio": "", "photo": {"prefix": "https://igx.4sqi.net/img/user/", "suffix": "/blank_girl.png", "default": true}, "homeCity": "Muara, Brunei Darussalam", "lists": {"groups": [{"items": [], "count": 2, "type": "created"}]}}, {"tips": {"count": 0}, "contact": {"facebook": "562225812"}, "firstName": "Minor", "gender": "male", "lastName": "Zainie", "id": "7307182", "bio": "", "photo": {"prefix": "https://igx.4sqi.net/img/user/", "suffix": "/blank_boy.png", "default": true}, "homeCity": "Rancangan Perumahan Negara Lambak Kanan, Brunei Darussalam", "lists": {"groups": [{"items": [], "count": 2, "type": "created"}]}}], "count": 215}, "checksum": "7a10375f5bbe931898243be24624a0da3895055c"}, "meta": {"requestId": "59662dd5dd57972d29c81e23", "code": 200}}