{"notifications": [{"type": "notificationTray", "item": {"unreadCount": 0}}], "meta": {"requestId": "5966d39a6a607115d0e04832", "code": 200}, "response": {"friends": {"count": 1, "items": [{"id": "463657", "photo": {"prefix": "https://igx.4sqi.net/img/user/", "suffix": "/CA4YBOXEOEWZXR3A.png"}, "homeCity": "Bucharest, Romania", "contact": {"twitter": "shinchi"}, "firstName": "shunjie", "tips": {"count": 4}, "gender": "male", "lastName": "hu", "lists": {"groups": [{"count": 2, "type": "created", "items": []}]}, "bio": ""}]}, "checksum": "2bebabc70daf3e41c2c746d20a904b320f00153b"}}