{"notifications": [{"type": "notificationTray", "item": {"unreadCount": 0}}], "response": {"friends": {"items": [{"tips": {"count": 0}, "contact": {"facebook": "564428778"}, "firstName": "John", "gender": "male", "lastName": "Martens", "id": "4307749", "bio": "", "photo": {"prefix": "https://igx.4sqi.net/img/user/", "suffix": "/K3S3GKHTWZ0VPY1C.jpg"}, "homeCity": "Singapore", "lists": {"groups": [{"items": [], "count": 2, "type": "created"}]}}, {"tips": {"count": 0}, "contact": {"facebook": "536593229"}, "firstName": "James", "gender": "male", "lastName": "Kwek", "id": "1587165", "bio": "", "photo": {"prefix": "https://igx.4sqi.net/img/user/", "suffix": "/FATLDP5QLHXFK0ZF.jpg"}, "homeCity": "Singapore", "lists": {"groups": [{"items": [], "count": 2, "type": "created"}]}}, {"tips": {"count": 0}, "contact": {}, "firstName": "Tharik", "gender": "male", "lastName": "Nezar", "id": "428383", "bio": "", "photo": {"prefix": "https://igx.4sqi.net/img/user/", "suffix": "/1C1JBFSXL3000CII.jpg"}, "homeCity": "Singapore", "lists": {"groups": [{"items": [], "count": 2, "type": "created"}]}}, {"tips": {"count": 12}, "contact": {"twitter": "edmux", "facebook": "747689385"}, "firstName": "edmund", "gender": "male", "lastName": ".", "id": "4261966", "bio": "", "photo": {"prefix": "https://igx.4sqi.net/img/user/", "suffix": "/A1XSJ14JQIT4N25A.jpg"}, "homeCity": "Singapore", "lists": {"groups": [{"items": [], "count": 2, "type": "created"}]}}, {"tips": {"count": 1}, "contact": {}, "firstName": "Kelvin", "gender": "male", "lastName": "Ong", "id": "5281374", "bio": "", "photo": {"prefix": "https://igx.4sqi.net/img/user/", "suffix": "/LLXAW21FQ0VQY5MB.jpg"}, "homeCity": "New York, NY", "lists": {"groups": [{"items": [], "count": 2, "type": "created"}]}}, {"tips": {"count": 0}, "contact": {"facebook": "597657067"}, "firstName": "Gina Jong", "gender": "female", "lastName": "Koh", "id": "4290139", "bio": "", "photo": {"prefix": "https://igx.4sqi.net/img/user/", "suffix": "/1DMWTYOOMNPX5G5O.jpg"}, "homeCity": "Singapore", "lists": {"groups": [{"items": [], "count": 2, "type": "created"}]}}, {"tips": {"count": 11}, "contact": {"twitter": "lenethemean", "facebook": "507610876"}, "firstName": "Sharlene", "gender": "female", "lastName": "Tan", "id": "1436960", "bio": "", "photo": {"prefix": "https://igx.4sqi.net/img/user/", "suffix": "/VKCXJEORSXDJLGOA.jpg"}, "homeCity": "singapore, Singapore", "lists": {"groups": [{"items": [], "count": 2, "type": "created"}]}}, {"tips": {"count": 0}, "contact": {"twitter": "joshuachongzx", "facebook": "711615427"}, "firstName": "Joshua", "gender": "none", "lastName": "Chong", "id": "1620957", "bio": "", "photo": {"prefix": "https://igx.4sqi.net/img/user/", "suffix": "/TRDILHCWH1N0TULM.jpg"}, "homeCity": "Singapore", "lists": {"groups": [{"items": [], "count": 2, "type": "created"}]}}, {"tips": {"count": 7}, "contact": {}, "firstName": "A", "gender": "male", "lastName": "Xu", "id": "659004", "bio": "", "photo": {"prefix": "https://igx.4sqi.net/img/user/", "suffix": "/HL04JKW5NNYNJG4P.jpg"}, "homeCity": "Singapore", "lists": {"groups": [{"items": [], "count": 2, "type": "created"}]}}, {"tips": {"count": 0}, "contact": {"facebook": "568736114"}, "firstName": "Sylvia", "gender": "female", "lastName": "Lin", "id": "1225598", "bio": "", "photo": {"prefix": "https://igx.4sqi.net/img/user/", "suffix": "/KRX5QM2HLBXKINTI.jpg"}, "homeCity": "Singapore, ", "lists": {"groups": [{"items": [], "count": 2, "type": "created"}]}}, {"tips": {"count": 12}, "contact": {"twitter": "audreaynaline", "facebook": "549505980"}, "firstName": "Audrey", "gender": "female", "lastName": "Liu", "id": "2294557", "bio": "", "photo": {"prefix": "https://igx.4sqi.net/img/user/", "suffix": "/2294557-ITRSAUIZZYR2KYRQ.jpg"}, "homeCity": "Singapore", "lists": {"groups": [{"items": [], "count": 3, "type": "created"}]}}, {"tips": {"count": 2}, "contact": {}, "firstName": "Cedric", "gender": "male", "lastName": "Yeo", "id": "5366855", "bio": "", "photo": {"prefix": "https://igx.4sqi.net/img/user/", "suffix": "/EZG3UQZZBNVBRGPR.jpg"}, "homeCity": "Singapore, SG", "lists": {"groups": [{"items": [], "count": 3, "type": "created"}]}}, {"tips": {"count": 3}, "contact": {"twitter": "juhaidi", "facebook": "504385168"}, "firstName": "Juhaidi", "gender": "male", "lastName": "Khairani", "id": "735790", "bio": "", "photo": {"prefix": "https://igx.4sqi.net/img/user/", "suffix": "/AOLTADYMM3MXNEHD.jpg"}, "homeCity": "Singapore", "lists": {"groups": [{"items": [], "count": 2, "type": "created"}]}}, {"tips": {"count": 3}, "contact": {}, "firstName": "Desiree", "gender": "female", "lastName": "Arissa", "id": "3807102", "bio": "", "photo": {"prefix": "https://igx.4sqi.net/img/user/", "suffix": "/3807102-EW2WVGGYTFEA15HH.jpg"}, "homeCity": "Singapore", "lists": {"groups": [{"items": [], "count": 2, "type": "created"}]}}, {"tips": {"count": 4}, "contact": {"facebook": "633818107"}, "firstName": "Thomas", "gender": "male", "lastName": "Lee", "id": "124643", "bio": "", "photo": {"prefix": "https://igx.4sqi.net/img/user/", "suffix": "/IMAAIRTOA3LJUYOO.jpg"}, "homeCity": "Bukit Batok, Singapore", "lists": {"groups": [{"items": [], "count": 2, "type": "created"}]}}, {"tips": {"count": 2}, "contact": {}, "firstName": "Sharon", "gender": "female", "lastName": "C", "id": "835565", "bio": "", "photo": {"prefix": "https://igx.4sqi.net/img/user/", "suffix": "/U1ZS5SRBPPHU31BD.jpg"}, "homeCity": "Singapore", "lists": {"groups": [{"items": [], "count": 2, "type": "created"}]}}, {"tips": {"count": 0}, "contact": {}, "firstName": "Chanel", "gender": "female", "lastName": "Chua", "id": "931126", "bio": "", "photo": {"prefix": "https://igx.4sqi.net/img/user/", "suffix": "/L1AJR51UVNU1MANR.jpg"}, "homeCity": "Singapore", "lists": {"groups": [{"items": [], "count": 2, "type": "created"}]}}, {"tips": {"count": 2}, "contact": {"twitter": "jolenelimfb", "facebook": "730734064"}, "firstName": "Jolene", "gender": "female", "lastName": "Lim", "id": "2610581", "bio": "", "photo": {"prefix": "https://igx.4sqi.net/img/user/", "suffix": "/UH2CQ1PYVAMZM32W.jpg"}, "homeCity": "Singapore", "lists": {"groups": [{"items": [], "count": 2, "type": "created"}]}}, {"tips": {"count": 0}, "contact": {"twitter": "fatcheeksxoxo", "facebook": "1607360397"}, "firstName": "Yuanxian", "gender": "female", "lastName": "Wong", "id": "33130740", "bio": "", "photo": {"prefix": "https://igx.4sqi.net/img/user/", "suffix": "/ACP15CBXH2F51K1G.jpg"}, "homeCity": "Singapore", "lists": {"groups": [{"items": [], "count": 2, "type": "created"}]}}, {"tips": {"count": 5}, "contact": {"facebook": "597103454"}, "firstName": "Kai Wei", "gender": "male", "lastName": "Kedison", "id": "1036087", "bio": "", "photo": {"prefix": "https://igx.4sqi.net/img/user/", "suffix": "/F5JJWFIFYUAGBNJB.jpg"}, "homeCity": "Singapore", "lists": {"groups": [{"items": [], "count": 2, "type": "created"}]}}, {"tips": {"count": 0}, "contact": {}, "firstName": "Richard", "gender": "male", "lastName": "Teh", "id": "4313141", "bio": "", "photo": {"prefix": "https://igx.4sqi.net/img/user/", "suffix": "/3GYNFPYAYMB5N102.jpg"}, "homeCity": "Singapore", "lists": {"groups": [{"items": [], "count": 2, "type": "created"}]}}, {"tips": {"count": 0}, "contact": {"facebook": "792664299"}, "firstName": "Joanne", "gender": "female", "lastName": "Lim", "id": "4526452", "bio": "", "photo": {"prefix": "https://igx.4sqi.net/img/user/", "suffix": "/LAUUKL2ASOQJAPR1.jpg"}, "homeCity": "Singapore", "lists": {"groups": [{"items": [], "count": 2, "type": "created"}]}}, {"tips": {"count": 13}, "contact": {"facebook": "723430274"}, "firstName": "Ah", "gender": "male", "lastName": "Leong", "id": "4292679", "bio": "", "photo": {"prefix": "https://igx.4sqi.net/img/user/", "suffix": "/4292679-NWXJVTOJWTLSKBRO.jpg"}, "homeCity": "Singapore", "lists": {"groups": [{"items": [], "count": 2, "type": "created"}]}}, {"tips": {"count": 0}, "contact": {"twitter": "yangxgraydon", "facebook": "707013343"}, "firstName": "Yang", "gender": "male", "lastName": "Graydon", "id": "6703505", "bio": "", "photo": {"prefix": "https://igx.4sqi.net/img/user/", "suffix": "/T2ZBQMJPFKLEB1IA.jpg"}, "homeCity": "Singapore", "lists": {"groups": [{"items": [], "count": 2, "type": "created"}]}}, {"tips": {"count": 0}, "contact": {"twitter": "ooirpac_smilex", "facebook": "1206467341"}, "firstName": "caprio", "gender": "female", "lastName": "Chua", "id": "38624227", "bio": "", "photo": {"prefix": "https://igx.4sqi.net/img/user/", "suffix": "/SORP5WCLCPHZXC33.jpg"}, "homeCity": "Singapore", "lists": {"groups": [{"items": [], "count": 2, "type": "created"}]}}, {"tips": {"count": 0}, "contact": {}, "firstName": "JT", "gender": "male", "lastName": "Chua", "id": "1869345", "bio": "", "photo": {"prefix": "https://igx.4sqi.net/img/user/", "suffix": "/J45ZEFEMRLZQW4FJ.jpg"}, "homeCity": "Singapore, 579882", "lists": {"groups": [{"items": [], "count": 2, "type": "created"}]}}, {"tips": {"count": 0}, "contact": {"facebook": "714443343"}, "firstName": "Fabian", "gender": "male", "lastName": "Goh", "id": "4033271", "bio": "", "photo": {"prefix": "https://igx.4sqi.net/img/user/", "suffix": "/4EGX4CYK5V0G3EM3.jpg"}, "homeCity": "Singapore", "lists": {"groups": [{"items": [], "count": 2, "type": "created"}]}}, {"tips": {"count": 0}, "contact": {"twitter": "fionalimmy", "facebook": "576263893"}, "firstName": "Fiona", "gender": "female", "lastName": "Lim", "id": "1611886", "bio": "", "photo": {"prefix": "https://igx.4sqi.net/img/user/", "suffix": "/WCSXWDMQEEC4WQ3U.jpg"}, "homeCity": "Singapore", "lists": {"groups": [{"items": [], "count": 2, "type": "created"}]}}, {"tips": {"count": 4}, "contact": {"twitter": "lolant0", "facebook": "1569338584"}, "firstName": "Lolanto", "gender": "male", "lastName": "Ting", "id": "6592148", "bio": "", "photo": {"prefix": "https://igx.4sqi.net/img/user/", "suffix": "/HONO5PRY3BPIYJH1.jpg"}, "homeCity": "Singapore", "lists": {"groups": [{"items": [], "count": 2, "type": "created"}]}}, {"tips": {"count": 0}, "contact": {"twitter": "rainnietok", "facebook": "639422314"}, "firstName": "Rainnie", "gender": "female", "lastName": "Tok", "id": "2995853", "bio": "", "photo": {"prefix": "https://igx.4sqi.net/img/user/", "suffix": "/2BUSPCTZVEO2VC52.jpg"}, "homeCity": "Singapore", "lists": {"groups": [{"items": [], "count": 2, "type": "created"}]}}, {"tips": {"count": 1}, "contact": {"twitter": "furstinna", "facebook": "591799316"}, "firstName": "Furstinna", "gender": "female", "lastName": "Suhaimi", "id": "3809384", "bio": "", "photo": {"prefix": "https://igx.4sqi.net/img/user/", "suffix": "/TPP2CNA524VTAHFD.jpg"}, "homeCity": "New York, ny", "lists": {"groups": [{"items": [], "count": 2, "type": "created"}]}}, {"tips": {"count": 5}, "contact": {}, "firstName": "Cyrus", "gender": "male", "lastName": "Ng", "id": "1557070", "bio": "", "photo": {"prefix": "https://igx.4sqi.net/img/user/", "suffix": "/OVDJBAG2SCJXKZGY.jpg"}, "homeCity": "Singapore", "lists": {"groups": [{"items": [], "count": 2, "type": "created"}]}}, {"tips": {"count": 0}, "contact": {"twitter": "hanl0ng", "facebook": "554340065"}, "firstName": "Hanlong", "gender": "male", "lastName": "Ong", "id": "1756186", "bio": "", "photo": {"prefix": "https://igx.4sqi.net/img/user/", "suffix": "/FLEYBI4Y3SYX3ZIH.jpg"}, "homeCity": "Singapore", "lists": {"groups": [{"items": [], "count": 2, "type": "created"}]}}, {"tips": {"count": 0}, "contact": {"twitter": "_keidi", "facebook": "718015328"}, "firstName": "Keidi", "gender": "female", "id": "1108067", "bio": "", "photo": {"prefix": "https://igx.4sqi.net/img/user/", "suffix": "/FNYP3KKGFTOYJWSU.jpg"}, "homeCity": "Singapore", "lists": {"groups": [{"items": [], "count": 2, "type": "created"}]}}, {"tips": {"count": 0}, "contact": {"twitter": "imaemofreak", "facebook": "690035416"}, "firstName": "Ruyu", "gender": "female", "id": "2610687", "bio": "", "photo": {"prefix": "https://igx.4sqi.net/img/user/", "suffix": "/HU2AIBP1CSZQAVV2.jpg"}, "homeCity": "Singapore", "lists": {"groups": [{"items": [], "count": 2, "type": "created"}]}}, {"tips": {"count": 0}, "contact": {"facebook": "1254876446"}, "firstName": "Nur farhana", "gender": "female", "lastName": "Mohd salleh", "id": "4335186", "bio": "", "photo": {"prefix": "https://igx.4sqi.net/img/user/", "suffix": "/HTTEOEVNWGRU0UL5.jpg"}, "homeCity": "Singapore", "lists": {"groups": [{"items": [], "count": 2, "type": "created"}]}}, {"tips": {"count": 7}, "contact": {"facebook": "756260156"}, "firstName": "Jimmy", "gender": "male", "lastName": "Y.", "id": "6856939", "bio": "Down to earth, love travelling, meeting new friends and challenge myself...", "photo": {"prefix": "https://igx.4sqi.net/img/user/", "suffix": "/PU1TEADOPYIZALG2.jpg"}, "homeCity": "Taipei, Taiwan", "lists": {"groups": [{"items": [], "count": 5, "type": "created"}]}}, {"tips": {"count": 0}, "contact": {}, "firstName": "federica", "gender": "female", "lastName": "Tong", "id": "7928172", "bio": "", "photo": {"prefix": "https://igx.4sqi.net/img/user/", "suffix": "/OECB1L2UCON2GI1M.jpg"}, "homeCity": "Singapore", "lists": {"groups": [{"items": [], "count": 2, "type": "created"}]}}, {"tips": {"count": 6}, "contact": {"twitter": "weirdbeard88"}, "firstName": "tim", "gender": "male", "lastName": "de souza", "id": "1937443", "bio": "", "photo": {"prefix": "https://igx.4sqi.net/img/user/", "suffix": "/F1LLPPFI2WLD4EMV.jpg"}, "homeCity": "Singapore", "lists": {"groups": [{"items": [], "count": 2, "type": "created"}]}}, {"tips": {"count": 0}, "contact": {"facebook": "576908989"}, "firstName": "Kelvin", "gender": "male", "lastName": "Ho", "id": "4572153", "bio": "", "photo": {"prefix": "https://igx.4sqi.net/img/user/", "suffix": "/blank_boy.png", "default": true}, "homeCity": "Singapore", "lists": {"groups": [{"items": [], "count": 2, "type": "created"}]}}, {"tips": {"count": 0}, "contact": {"facebook": "601082802"}, "firstName": "Usher_", "gender": "male", "lastName": "Raf", "id": "2383332", "bio": "", "photo": {"prefix": "https://igx.4sqi.net/img/user/", "suffix": "/XN1KYY4454HLKD4I.jpg"}, "homeCity": "Singapore", "lists": {"groups": [{"items": [], "count": 2, "type": "created"}]}}, {"tips": {"count": 115}, "contact": {}, "firstName": "\ud83d\udc97Jojoty\ud83d\udc97", "gender": "female", "id": "2997630", "bio": "", "photo": {"prefix": "https://igx.4sqi.net/img/user/", "suffix": "/TGQPU42WMCNZXJPG.jpg"}, "homeCity": "Singapore", "lists": {"groups": [{"items": [], "count": 4, "type": "created"}]}}, {"tips": {"count": 0}, "contact": {"twitter": "officer_taufiq", "facebook": "810733725"}, "firstName": "Taufiq Chen", "gender": "male", "lastName": "Semaon", "id": "3810419", "bio": "", "photo": {"prefix": "https://igx.4sqi.net/img/user/", "suffix": "/I21SXAZCVTXLRVZK.jpg"}, "homeCity": "Singapore", "lists": {"groups": [{"items": [], "count": 2, "type": "created"}]}}, {"tips": {"count": 1}, "contact": {"facebook": "547018896"}, "firstName": "Keith", "gender": "male", "lastName": "Zhang", "id": "1767452", "bio": "", "photo": {"prefix": "https://igx.4sqi.net/img/user/", "suffix": "/ZBWF01GY4KXTQMHR.jpg"}, "homeCity": "Singapore", "lists": {"groups": [{"items": [], "count": 2, "type": "created"}]}}, {"tips": {"count": 0}, "contact": {"twitter": "polalion", "facebook": "596411652"}, "firstName": "Zhaohan", "gender": "male", "lastName": "Chua", "id": "2143919", "bio": "", "photo": {"prefix": "https://igx.4sqi.net/img/user/", "suffix": "/JLYOEU4H4DGZISH2.png"}, "homeCity": "Singapore", "lists": {"groups": [{"items": [], "count": 2, "type": "created"}]}}, {"tips": {"count": 0}, "contact": {"twitter": "kawaeve"}, "firstName": "Evelyn", "gender": "female", "lastName": "H", "id": "1215280", "bio": "", "photo": {"prefix": "https://igx.4sqi.net/img/user/", "suffix": "/UCJLEOQY1YGGZJPL.jpg"}, "homeCity": "Singapore", "lists": {"groups": [{"items": [], "count": 2, "type": "created"}]}}, {"tips": {"count": 0}, "contact": {"facebook": "651315742"}, "firstName": "Jason", "gender": "male", "lastName": "Tan", "id": "2664580", "bio": "", "photo": {"prefix": "https://igx.4sqi.net/img/user/", "suffix": "/TIH2F2XK1KGB3OKA.jpg"}, "homeCity": "Singapore", "lists": {"groups": [{"items": [], "count": 2, "type": "created"}]}}, {"tips": {"count": 0}, "contact": {"facebook": "715709912"}, "firstName": "Joey", "gender": "female", "lastName": "Lee", "id": "4346101", "bio": "", "photo": {"prefix": "https://igx.4sqi.net/img/user/", "suffix": "/AD2M2D4IRO2QCTZH.jpg"}, "homeCity": "Singapore", "lists": {"groups": [{"items": [], "count": 2, "type": "created"}]}}, {"tips": {"count": 0}, "contact": {"twitter": "babyang3i"}, "firstName": "Heidi", "gender": "female", "lastName": "Goh", "id": "7046252", "bio": "", "photo": {"prefix": "https://igx.4sqi.net/img/user/", "suffix": "/EKTIB0ALPIKILPKG.jpg"}, "homeCity": "Singapore", "lists": {"groups": [{"items": [], "count": 2, "type": "created"}]}}, {"tips": {"count": 1}, "contact": {"twitter": "indulgencesg", "facebook": "100000410825777"}, "firstName": "Indulgence SG", "gender": "female", "id": "2255479", "bio": "", "photo": {"prefix": "https://igx.4sqi.net/img/user/", "suffix": "/MRRKLKPKAKMHBKLQ.jpg"}, "homeCity": "Singapore", "lists": {"groups": [{"items": [], "count": 2, "type": "created"}]}}, {"tips": {"count": 1}, "contact": {"twitter": "domozac", "facebook": "635041140"}, "firstName": "Isaac", "gender": "male", "lastName": "Lim", "id": "2493750", "bio": "", "photo": {"prefix": "https://igx.4sqi.net/img/user/", "suffix": "/Y2JGSMPJ21HBIWYA.jpg"}, "homeCity": "Singapore", "lists": {"groups": [{"items": [], "count": 2, "type": "created"}]}}, {"tips": {"count": 0}, "contact": {"facebook": "605996293"}, "firstName": "Alene", "gender": "female", "lastName": "Choo", "id": "3132040", "bio": "", "photo": {"prefix": "https://igx.4sqi.net/img/user/", "suffix": "/SIKTONQ1XJBHIB4P.jpg"}, "homeCity": "Singapore", "lists": {"groups": [{"items": [], "count": 2, "type": "created"}]}}, {"tips": {"count": 4}, "contact": {"facebook": "574175241"}, "firstName": "Sophia", "gender": "female", "lastName": "Pei", "id": "3812057", "bio": "", "photo": {"prefix": "https://igx.4sqi.net/img/user/", "suffix": "/453IO31R4TXU5DLC.jpg"}, "homeCity": "Singapore", "lists": {"groups": [{"items": [], "count": 2, "type": "created"}]}}, {"tips": {"count": 0}, "contact": {"twitter": "elinburps"}, "firstName": "elin", "gender": "female", "lastName": "cai", "id": "1963215", "bio": "", "photo": {"prefix": "https://igx.4sqi.net/img/user/", "suffix": "/CG43BHWSDFACLCNV.jpg"}, "homeCity": "Singapore", "lists": {"groups": [{"items": [], "count": 2, "type": "created"}]}}, {"tips": {"count": 0}, "contact": {"facebook": "691525785"}, "firstName": "Hasri", "gender": "male", "lastName": "Hansen", "id": "4210593", "bio": "", "photo": {"prefix": "https://igx.4sqi.net/img/user/", "suffix": "/MVV3UWHOS0J4TB4B.jpg"}, "homeCity": "Singapore", "lists": {"groups": [{"items": [], "count": 2, "type": "created"}]}}, {"tips": {"count": 0}, "contact": {"facebook": "657805882"}, "firstName": "Charmaine", "gender": "female", "lastName": "Chan", "id": "1268926", "bio": "", "photo": {"prefix": "https://igx.4sqi.net/img/user/", "suffix": "/XDNINIKPF3NDGLRZ.jpg"}, "homeCity": "Singapore", "lists": {"groups": [{"items": [], "count": 2, "type": "created"}]}}, {"tips": {"count": 5}, "contact": {"twitter": "missesjoanna", "facebook": "656419134"}, "firstName": "Joanna", "gender": "female", "lastName": "Cheng", "id": "2667465", "bio": "", "photo": {"prefix": "https://igx.4sqi.net/img/user/", "suffix": "/JQAMPWMEUTXAC2MM.jpg"}, "homeCity": "Singapore", "lists": {"groups": [{"items": [], "count": 2, "type": "created"}]}}, {"tips": {"count": 0}, "contact": {"facebook": "647852270"}, "firstName": "Teo", "gender": "male", "lastName": "Benson", "id": "4365814", "bio": "", "photo": {"prefix": "https://igx.4sqi.net/img/user/", "suffix": "/blank_boy.png", "default": true}, "homeCity": "Unnamed Location", "lists": {"groups": [{"items": [], "count": 2, "type": "created"}]}}, {"tips": {"count": 5}, "contact": {"facebook": "778038335"}, "firstName": "Adam Ariefy", "gender": "male", "lastName": "D.", "id": "2741506", "bio": "", "photo": {"prefix": "https://igx.4sqi.net/img/user/", "suffix": "/4DVK5Z4GDRMS44SC.jpg"}, "homeCity": "Singapore", "lists": {"groups": [{"items": [], "count": 2, "type": "created"}]}}, {"tips": {"count": 0}, "contact": {}, "firstName": "Chua", "gender": "female", "lastName": "Yingling", "id": "2899087", "bio": "", "photo": {"prefix": "https://igx.4sqi.net/img/user/", "suffix": "/blank_girl.png", "default": true}, "homeCity": "New York, NY", "lists": {"groups": [{"items": [], "count": 2, "type": "created"}]}}, {"tips": {"count": 0}, "contact": {"facebook": "100001233878010"}, "firstName": "Masamang", "gender": "male", "lastName": "Boii", "id": "4824120", "bio": "", "photo": {"prefix": "https://igx.4sqi.net/img/user/", "suffix": "/ASEUQLNKX2C1WXV1.jpg"}, "homeCity": "Singapore", "lists": {"groups": [{"items": [], "count": 2, "type": "created"}]}}, {"tips": {"count": 3}, "contact": {"twitter": "fizzo87", "facebook": "528687815"}, "firstName": "Mohammad", "gender": "male", "lastName": "Hafiz", "id": "4949870", "bio": "", "photo": {"prefix": "https://igx.4sqi.net/img/user/", "suffix": "/4NCENKXABN2OSJMR.jpg"}, "homeCity": "Singapore", "lists": {"groups": [{"items": [], "count": 2, "type": "created"}]}}, {"tips": {"count": 2}, "contact": {"twitter": "amikho0", "facebook": "650916335"}, "firstName": "mi", "gender": "female", "lastName": "khoo", "id": "2947556", "bio": "", "photo": {"prefix": "https://igx.4sqi.net/img/user/", "suffix": "/2947556-HCKF1AOC1CQS0NE0.jpg"}, "homeCity": "Singapore", "lists": {"groups": [{"items": [], "count": 2, "type": "created"}]}}, {"tips": {"count": 0}, "contact": {"twitter": "youngbigbucks", "facebook": "546073368"}, "firstName": "young", "gender": "female", "id": "4402509", "bio": "", "photo": {"prefix": "https://igx.4sqi.net/img/user/", "suffix": "/DI3QOF0VLIXMJ3Y2.jpg"}, "homeCity": "Singapore", "lists": {"groups": [{"items": [], "count": 2, "type": "created"}]}}, {"tips": {"count": 0}, "contact": {"twitter": "skinnnnnyi", "facebook": "713423372"}, "firstName": "Xinyi", "gender": "female", "lastName": "Choy", "id": "1530601", "bio": "", "photo": {"prefix": "https://igx.4sqi.net/img/user/", "suffix": "/S503GSEBOG0DK5M4.jpg"}, "homeCity": "Singapore", "lists": {"groups": [{"items": [], "count": 2, "type": "created"}]}}, {"tips": {"count": 3}, "contact": {"twitter": "leewenya", "facebook": "546856573"}, "firstName": "Wenya", "gender": "female", "lastName": "Lee", "id": "2749397", "bio": "", "photo": {"prefix": "https://igx.4sqi.net/img/user/", "suffix": "/DGORIBUF4JT2GN2M.jpg"}, "homeCity": "Singapore", "lists": {"groups": [{"items": [], "count": 2, "type": "created"}]}}, {"tips": {"count": 4}, "contact": {"twitter": "cawaiiyuki", "facebook": "637756642"}, "firstName": "Liu", "gender": "female", "lastName": "Denise", "id": "4547963", "bio": "", "photo": {"prefix": "https://igx.4sqi.net/img/user/", "suffix": "/4547963-Z0TJCVVU5FFJI1Z3.jpg"}, "homeCity": "Singapore", "lists": {"groups": [{"items": [], "count": 2, "type": "created"}]}}, {"tips": {"count": 0}, "contact": {"twitter": "jerminos"}, "firstName": "Jeremy", "gender": "male", "lastName": "Soh", "id": "2956667", "bio": "", "photo": {"prefix": "https://igx.4sqi.net/img/user/", "suffix": "/MVN0V4V2GG2JWEUC.jpg"}, "homeCity": "Singapore", "lists": {"groups": [{"items": [], "count": 2, "type": "created"}]}}, {"tips": {"count": 0}, "contact": {}, "firstName": "Eileen", "gender": "female", "lastName": "Koh", "id": "3621033", "bio": "", "photo": {"prefix": "https://igx.4sqi.net/img/user/", "suffix": "/blank_girl.png", "default": true}, "homeCity": "Singapore", "lists": {"groups": [{"items": [], "count": 2, "type": "created"}]}}, {"tips": {"count": 0}, "contact": {}, "firstName": "Ying", "gender": "female", "lastName": "Ling", "id": "10501875", "bio": "", "photo": {"prefix": "https://igx.4sqi.net/img/user/", "suffix": "/blank_girl.png", "default": true}, "homeCity": "Singapore", "lists": {"groups": [{"items": [], "count": 2, "type": "created"}]}}, {"tips": {"count": 12}, "contact": {}, "firstName": "Sir Kiat", "gender": "male", "lastName": "Ng", "id": "3342300", "bio": "", "photo": {"prefix": "https://igx.4sqi.net/img/user/", "suffix": "/2ZI1KYAGRP3MFIOR.jpg"}, "homeCity": "Singapore", "lists": {"groups": [{"items": [], "count": 2, "type": "created"}]}}, {"tips": {"count": 0}, "contact": {"twitter": "smudgesticks"}, "firstName": "Joey", "gender": "female", "lastName": "Goh", "id": "4850002", "bio": "", "photo": {"prefix": "https://igx.4sqi.net/img/user/", "suffix": "/BV35MYWFLCCE2IMQ.jpg"}, "homeCity": "Singapore", "lists": {"groups": [{"items": [], "count": 2, "type": "created"}]}}, {"tips": {"count": 0}, "contact": {"facebook": "574550131"}, "firstName": "Colin", "gender": "male", "lastName": "Kwek", "id": "1573292", "bio": "", "photo": {"prefix": "https://igx.4sqi.net/img/user/", "suffix": "/O5RYT4QM3W2JF5UX.jpg"}, "homeCity": "Singapore", "lists": {"groups": [{"items": [], "count": 2, "type": "created"}]}}, {"tips": {"count": 8}, "contact": {}, "firstName": "Amanda", "gender": "female", "lastName": "Hor", "id": "2818577", "bio": "", "photo": {"prefix": "https://igx.4sqi.net/img/user/", "suffix": "/0BEAFPBOLPXFNKCD.jpg"}, "homeCity": "Singapore", "lists": {"groups": [{"items": [], "count": 2, "type": "created"}]}}, {"tips": {"count": 6}, "contact": {"twitter": "samevex5", "facebook": "10153174344124127"}, "firstName": "Samantha", "gender": "female", "lastName": "Evelin", "id": "4643035", "bio": "", "photo": {"prefix": "https://igx.4sqi.net/img/user/", "suffix": "/KHTGDYDZ5EWF4DYG.jpg"}, "homeCity": "Singapore", "lists": {"groups": [{"items": [], "count": 2, "type": "created"}]}}, {"tips": {"count": 1}, "contact": {"twitter": "chloe_ng", "facebook": "507741008"}, "firstName": "Chloe", "gender": "female", "lastName": "Ng", "id": "3353013", "bio": "", "photo": {"prefix": "https://igx.4sqi.net/img/user/", "suffix": "/UFQDEHR2NAQ5T50P.jpg"}, "homeCity": "Singapore", "lists": {"groups": [{"items": [], "count": 2, "type": "created"}]}}, {"tips": {"count": 4}, "contact": {"twitter": "rayfatfat", "facebook": "572569781"}, "firstName": "Rayner", "gender": "male", "lastName": "Chua", "id": "3899801", "bio": "", "photo": {"prefix": "https://igx.4sqi.net/img/user/", "suffix": "/OBTXPPZPD1DVXC5D.jpg"}, "homeCity": "Singapore ", "lists": {"groups": [{"items": [], "count": 2, "type": "created"}]}}, {"tips": {"count": 0}, "contact": {"facebook": "601860173"}, "firstName": "Benjamin", "gender": "male", "lastName": "Ong", "id": "3350265", "bio": "", "photo": {"prefix": "https://igx.4sqi.net/img/user/", "suffix": "/ZSWDOQ52TYRBAD3J.jpg"}, "homeCity": "Singapore", "lists": {"groups": [{"items": [], "count": 2, "type": "created"}]}}, {"tips": {"count": 0}, "contact": {"twitter": "berniceeelee", "facebook": "558080866"}, "firstName": "Bernice", "gender": "female", "lastName": "Lee", "id": "1626226", "bio": "", "photo": {"prefix": "https://igx.4sqi.net/img/user/", "suffix": "/5VYWNFYCERVORDGD.jpg"}, "homeCity": "Singapore", "lists": {"groups": [{"items": [], "count": 2, "type": "created"}]}}, {"tips": {"count": 0}, "contact": {"facebook": "642303661"}, "firstName": "Luqman", "gender": "male", "lastName": "Bornlucky", "id": "3204838", "bio": "", "photo": {"prefix": "https://igx.4sqi.net/img/user/", "suffix": "/1PHVDBIV1YWPUOU3.jpg"}, "homeCity": "Singapore", "lists": {"groups": [{"items": [], "count": 2, "type": "created"}]}}, {"tips": {"count": 6}, "contact": {"facebook": "100000799424396"}, "firstName": "Nastase", "gender": "male", "lastName": "Neff", "id": "4643232", "bio": "", "photo": {"prefix": "https://igx.4sqi.net/img/user/", "suffix": "/AOMQLAPINAAC4RCX.jpg"}, "homeCity": "Singapore", "lists": {"groups": [{"items": [], "count": 2, "type": "created"}]}}, {"tips": {"count": 0}, "contact": {"facebook": "705511058"}, "firstName": "siah", "gender": "male", "lastName": "ming zhe", "id": "3573049", "bio": "", "photo": {"prefix": "https://igx.4sqi.net/img/user/", "suffix": "/blank_boy.png", "default": true}, "homeCity": "Singapore", "lists": {"groups": [{"items": [], "count": 2, "type": "created"}]}}, {"tips": {"count": 2}, "contact": {"twitter": "mrbacksideburst", "facebook": "665002037"}, "firstName": "Bryan", "gender": "male", "lastName": "Ee", "id": "4509219", "bio": "", "photo": {"prefix": "https://igx.4sqi.net/img/user/", "suffix": "/VYDROKX3ZSSVHR4J.jpg"}, "homeCity": "Singapore", "lists": {"groups": [{"items": [], "count": 2, "type": "created"}]}}, {"tips": {"count": 0}, "contact": {"facebook": "589665483"}, "firstName": "Kelvin", "gender": "male", "lastName": "Ngian", "id": "3352825", "bio": "", "photo": {"prefix": "https://igx.4sqi.net/img/user/", "suffix": "/LO1YQHQNEPKCYXCL.jpg"}, "homeCity": "Singapore", "lists": {"groups": [{"items": [], "count": 2, "type": "created"}]}}, {"tips": {"count": 1}, "contact": {"twitter": "smooochxo", "facebook": "566187274"}, "firstName": "Kit", "gender": "female", "lastName": "Yee", "id": "2083097", "bio": "", "photo": {"prefix": "https://igx.4sqi.net/img/user/", "suffix": "/SMPWOQS5KONSOAIF.jpg"}, "homeCity": "Singapore", "lists": {"groups": [{"items": [], "count": 2, "type": "created"}]}}, {"tips": {"count": 0}, "contact": {"twitter": "bigfatfei", "facebook": "714846859"}, "firstName": "Shafril", "gender": "male", "lastName": "Mahindra", "id": "3279085", "bio": "", "photo": {"prefix": "https://igx.4sqi.net/img/user/", "suffix": "/OTDIUKPCGI3X25CP.jpg"}, "homeCity": "Singapore", "lists": {"groups": [{"items": [], "count": 2, "type": "created"}]}}, {"tips": {"count": 0}, "contact": {"facebook": "626789855"}, "firstName": "Benji", "gender": "male", "lastName": "Leow", "id": "4781552", "bio": "", "photo": {"prefix": "https://igx.4sqi.net/img/user/", "suffix": "/XG20VFFGMY2OKZHE.jpg"}, "homeCity": "Singapore", "lists": {"groups": [{"items": [], "count": 2, "type": "created"}]}}, {"tips": {"count": 0}, "contact": {"facebook": "718261083"}, "firstName": "Qiuyan", "gender": "none", "id": "3574779", "bio": "", "photo": {"prefix": "https://igx.4sqi.net/img/user/", "suffix": "/GQFDSXZ0U1NWZZVH.jpg"}, "homeCity": "Singapore", "lists": {"groups": [{"items": [], "count": 2, "type": "created"}]}}, {"tips": {"count": 0}, "contact": {"facebook": "690172780"}, "firstName": "Rachel", "gender": "female", "lastName": "Seah", "id": "4705043", "bio": "", "photo": {"prefix": "https://igx.4sqi.net/img/user/", "suffix": "/5VHYAM55FDC4BTWI.jpg"}, "homeCity": "Singapore", "lists": {"groups": [{"items": [], "count": 2, "type": "created"}]}}, {"tips": {"count": 0}, "contact": {"twitter": "blurminxdeeya", "facebook": "523563581"}, "firstName": "Dya", "gender": "female", "lastName": "Dadidaa", "id": "2170612", "bio": "", "photo": {"prefix": "https://igx.4sqi.net/img/user/", "suffix": "/YMAM31N3VU5KV3S4.jpg"}, "homeCity": "Singapore", "lists": {"groups": [{"items": [], "count": 2, "type": "created"}]}}, {"tips": {"count": 0}, "contact": {"twitter": "laavenus"}, "firstName": "Venus Yumiko", "gender": "female", "lastName": "Tham", "id": "3292685", "bio": "", "photo": {"prefix": "https://igx.4sqi.net/img/user/", "suffix": "/VOME5OIFQQ1QHISE.jpg"}, "homeCity": "Singapore", "lists": {"groups": [{"items": [], "count": 2, "type": "created"}]}}, {"tips": {"count": 1}, "contact": {"twitter": "zisky13"}, "firstName": "TzisKey", "gender": "male", "lastName": "L", "id": "4889023", "bio": "", "photo": {"prefix": "https://igx.4sqi.net/img/user/", "suffix": "/032O4BEBENEL1KBR.jpg"}, "homeCity": "Singapore", "lists": {"groups": [{"items": [], "count": 2, "type": "created"}]}}, {"tips": {"count": 0}, "contact": {"facebook": "602152014"}, "firstName": "Louis", "gender": "male", "lastName": "Ang", "id": "3595645", "bio": "", "photo": {"prefix": "https://igx.4sqi.net/img/user/", "suffix": "/242STOE4ZCARLJLP.jpg"}, "homeCity": "Singapore", "lists": {"groups": [{"items": [], "count": 2, "type": "created"}]}}, {"tips": {"count": 0}, "contact": {"facebook": "643052035"}, "firstName": "Amy joe", "gender": "male", "id": "2180164", "bio": "", "photo": {"prefix": "https://igx.4sqi.net/img/user/", "suffix": "/2EIDF122ARCXD4X1.jpg"}, "homeCity": "Singapore", "lists": {"groups": [{"items": [], "count": 2, "type": "created"}]}}, {"tips": {"count": 1}, "contact": {"facebook": "1139682725"}, "firstName": "Yuana", "gender": "female", "lastName": "Rashid", "id": "3385413", "bio": "", "photo": {"prefix": "https://igx.4sqi.net/img/user/", "suffix": "/V0QHSZWHSXWJU1G2.jpg"}, "homeCity": "Singapore", "lists": {"groups": [{"items": [], "count": 2, "type": "created"}]}}, {"tips": {"count": 0}, "contact": {}, "firstName": "Sylvia", "gender": "female", "lastName": "Gwee", "id": "27844700", "bio": "", "photo": {"prefix": "https://igx.4sqi.net/img/user/", "suffix": "/SQUYJK3PMSW5XBJ1.jpg"}, "homeCity": "Victoria", "lists": {"groups": [{"items": [], "count": 2, "type": "created"}]}}, {"tips": {"count": 211}, "contact": {"twitter": "jeremyscong", "facebook": "629652611"}, "firstName": "Jeremy", "gender": "male", "lastName": "Ong", "id": "3600455", "bio": "", "photo": {"prefix": "https://igx.4sqi.net/img/user/", "suffix": "/QH4TMTOZ3FGZRNTU.jpg"}, "homeCity": "New York, NY", "lists": {"groups": [{"items": [], "count": 24, "type": "created"}]}}, {"tips": {"count": 0}, "contact": {"twitter": "babybus85", "facebook": "709844451"}, "firstName": "Louis", "gender": "male", "lastName": "Babybus", "id": "2424047", "bio": "", "photo": {"prefix": "https://igx.4sqi.net/img/user/", "suffix": "/5BHKO1B3J2ECPR11.jpg"}, "homeCity": "Singapore", "lists": {"groups": [{"items": [], "count": 2, "type": "created"}]}}, {"tips": {"count": 0}, "contact": {}, "firstName": "Yu Chuang", "gender": "female", "id": "3431110", "bio": "", "photo": {"prefix": "https://igx.4sqi.net/img/user/", "suffix": "/NUIY5V3D01JKIGLE.jpg"}, "homeCity": "Singapore", "lists": {"groups": [{"items": [], "count": 2, "type": "created"}]}}, {"tips": {"count": 0}, "contact": {"twitter": "feliciatanls", "facebook": "1110820157"}, "firstName": "Felicia", "gender": "female", "lastName": "Tan", "id": "4994347", "bio": "", "photo": {"prefix": "https://igx.4sqi.net/img/user/", "suffix": "/HMFUNMVVQYV5H0UR.jpg"}, "homeCity": "Singapore", "lists": {"groups": [{"items": [], "count": 2, "type": "created"}]}}, {"tips": {"count": 1}, "contact": {"twitter": "skinnyshortcake", "facebook": "739698525"}, "firstName": "Huihui", "gender": "female", "lastName": "Ng", "id": "2534995", "bio": "", "photo": {"prefix": "https://igx.4sqi.net/img/user/", "suffix": "/FKZX4G2XFJPVACRL.jpg"}, "homeCity": "tiny red dot", "lists": {"groups": [{"items": [], "count": 2, "type": "created"}]}}, {"tips": {"count": 1}, "contact": {"twitter": "kenjiayou", "facebook": "1504468157"}, "firstName": "Ken", "gender": "male", "lastName": "JiaYou", "id": "3498858", "bio": "", "photo": {"prefix": "https://igx.4sqi.net/img/user/", "suffix": "/MRR4QOVNE4IDYPUB.jpg"}, "homeCity": "Singapore", "lists": {"groups": [{"items": [], "count": 2, "type": "created"}]}}, {"tips": {"count": 0}, "contact": {"twitter": "ahbengmun", "facebook": "856769426"}, "firstName": "YipMun", "gender": "male", "lastName": "Ng", "id": "10837354", "bio": "", "photo": {"prefix": "https://igx.4sqi.net/img/user/", "suffix": "/blank_boy.png", "default": true}, "homeCity": "Singapore", "lists": {"groups": [{"items": [], "count": 2, "type": "created"}]}}, {"tips": {"count": 3}, "contact": {"twitter": "jimathans", "facebook": "631095277"}, "firstName": "Jim", "gender": "male", "lastName": "!", "id": "2780606", "bio": "", "photo": {"prefix": "https://igx.4sqi.net/img/user/", "suffix": "/122ISQD2TOQ20FWU.jpg"}, "homeCity": "Singapore", "lists": {"groups": [{"items": [], "count": 2, "type": "created"}]}}, {"tips": {"count": 0}, "contact": {}, "firstName": "Ping", "gender": "female", "lastName": "Hui", "id": "3858713", "bio": "", "photo": {"prefix": "https://igx.4sqi.net/img/user/", "suffix": "/CNE4QL4RUI2FI3DR.jpg"}, "homeCity": "Singapore", "lists": {"groups": [{"items": [], "count": 2, "type": "created"}]}}, {"tips": {"count": 2}, "contact": {"twitter": "natenele", "facebook": "593726961"}, "firstName": "Elene", "gender": "female", "lastName": "Brat", "id": "3104576", "bio": "", "photo": {"prefix": "https://igx.4sqi.net/img/user/", "suffix": "/EMUQGG0KBDDENZP1.jpg"}, "homeCity": "Singapore", "lists": {"groups": [{"items": [], "count": 2, "type": "created"}]}}, {"tips": {"count": 0}, "contact": {"facebook": "531815752"}, "firstName": "Yavin", "gender": "male", "lastName": "Low", "id": "4135163", "bio": "", "photo": {"prefix": "https://igx.4sqi.net/img/user/", "suffix": "/5YA5NZEFK4OTMTDS.jpg"}, "homeCity": "Singapore", "lists": {"groups": [{"items": [], "count": 2, "type": "created"}]}}, {"tips": {"count": 1}, "contact": {"twitter": "shirleylooves", "facebook": "653170972"}, "firstName": "Shirley", "gender": "female", "lastName": "Chong", "id": "3190412", "bio": "", "photo": {"prefix": "https://igx.4sqi.net/img/user/", "suffix": "/MHEZNMPAQJ5EGH5J.jpg"}, "homeCity": "Singapore", "lists": {"groups": [{"items": [], "count": 3, "type": "created"}]}}, {"tips": {"count": 1}, "contact": {"twitter": "angdachua", "facebook": "565856768"}, "firstName": "Angda", "gender": "male", "id": "4751542", "bio": "", "photo": {"prefix": "https://igx.4sqi.net/img/user/", "suffix": "/5RGMELZY5QPIWVEV.jpg"}, "homeCity": "Singapore", "lists": {"groups": [{"items": [], "count": 2, "type": "created"}]}}, {"tips": {"count": 0}, "contact": {"facebook": "668488854"}, "firstName": "Chrystal", "gender": "female", "lastName": "Cheng", "id": "3373453", "bio": "", "photo": {"prefix": "https://igx.4sqi.net/img/user/", "suffix": "/WBZSP4N3D3MGVSJ3.jpg"}, "homeCity": "Singapore", "lists": {"groups": [{"items": [], "count": 2, "type": "created"}]}}, {"tips": {"count": 0}, "contact": {"facebook": "551058828"}, "firstName": "Jason", "gender": "male", "lastName": "Chew", "id": "4752194", "bio": "", "photo": {"prefix": "https://igx.4sqi.net/img/user/", "suffix": "/N3CUGGEORO5QBOAL.jpg"}, "homeCity": "Singapore", "lists": {"groups": [{"items": [], "count": 2, "type": "created"}]}}, {"tips": {"count": 8}, "contact": {"twitter": "madura_deco", "facebook": "669429383"}, "firstName": "MADURA Home Decoration", "gender": "none", "lastName": "www.MaduraHome.com", "id": "3412163", "bio": "Great Collection of Home decor products, curtains. http://www.madura.fr  Madura: Rideaux, voilages, accessoires de Decoration.\r\nFrance USA Russia Greece ...", "photo": {"prefix": "https://igx.4sqi.net/img/user/", "suffix": "/ZXEQX1Q4DFERDD15.png"}, "homeCity": "Paris & Hong Kong", "lists": {"groups": [{"items": [], "count": 9, "type": "created"}]}}, {"tips": {"count": 0}, "contact": {"facebook": "514360971"}, "firstName": "Jun Qi", "gender": "male", "lastName": "Ng", "id": "4757337", "bio": "", "photo": {"prefix": "https://igx.4sqi.net/img/user/", "suffix": "/T3P4RVNACFVR1HAY.jpg"}, "homeCity": "17K Lim Tua Tow Road", "lists": {"groups": [{"items": [], "count": 2, "type": "created"}]}}, {"tips": {"count": 4}, "contact": {}, "firstName": "Bong", "gender": "male", "lastName": "Ong", "id": "3492254", "bio": "", "photo": {"prefix": "https://igx.4sqi.net/img/user/", "suffix": "/XNWOPYD0DSJCUWXT.jpg"}, "homeCity": "Singapore", "lists": {"groups": [{"items": [], "count": 2, "type": "created"}]}}, {"tips": {"count": 0}, "contact": {"facebook": "526836823"}, "firstName": "Leonard", "gender": "male", "id": "4757833", "bio": "", "photo": {"prefix": "https://igx.4sqi.net/img/user/", "suffix": "/4E0FF1W0DZOP5RCG.jpg"}, "homeCity": "Singapore", "lists": {"groups": [{"items": [], "count": 2, "type": "created"}]}}, {"tips": {"count": 0}, "contact": {"twitter": "lov3rgal89", "facebook": "802810712"}, "firstName": "Shila", "gender": "female", "lastName": "A", "id": "3562162", "bio": "", "photo": {"prefix": "https://igx.4sqi.net/img/user/", "suffix": "/VLOZCNFFK4ON1R45.jpg"}, "homeCity": "Singapore", "lists": {"groups": [{"items": [], "count": 2, "type": "created"}]}}, {"tips": {"count": 1}, "contact": {"facebook": "655715814"}, "firstName": "Geraldine", "gender": "female", "lastName": "Han", "id": "4757988", "bio": "", "photo": {"prefix": "https://igx.4sqi.net/img/user/", "suffix": "/LMFNE3LO233SPOLR.jpg"}, "homeCity": "Singapore", "lists": {"groups": [{"items": [], "count": 2, "type": "created"}]}}, {"tips": {"count": 0}, "contact": {"twitter": "ecnartmartin", "facebook": "556324034"}, "firstName": "Remy", "gender": "male", "lastName": "Martin", "id": "3611302", "bio": "", "photo": {"prefix": "https://igx.4sqi.net/img/user/", "suffix": "/5FUR11C02TKMH5QF"}, "homeCity": "Singapore", "lists": {"groups": [{"items": [], "count": 2, "type": "created"}]}}, {"tips": {"count": 0}, "contact": {"twitter": "qiao_lin", "facebook": "832320014"}, "firstName": "Zhong", "gender": "female", "lastName": "Qiaolin", "id": "3705238", "bio": "", "photo": {"prefix": "https://igx.4sqi.net/img/user/", "suffix": "/QELASJTFSRM0IE03.jpg"}, "homeCity": "Singapore", "lists": {"groups": [{"items": [], "count": 2, "type": "created"}]}}, {"tips": {"count": 0}, "contact": {"facebook": "1180687782"}, "firstName": "Remy", "gender": "male", "lastName": "Rusdi", "id": "3993503", "bio": "", "photo": {"prefix": "https://igx.4sqi.net/img/user/", "suffix": "/RA2YXEFLG2D11TN1.jpg"}, "homeCity": "Singapore", "lists": {"groups": [{"items": [], "count": 2, "type": "created"}]}}, {"tips": {"count": 0}, "contact": {"twitter": "adelynchia", "facebook": "669453670"}, "firstName": "Adelyn", "gender": "female", "id": "4111328", "bio": "", "photo": {"prefix": "https://igx.4sqi.net/img/user/", "suffix": "/AAVZGRA1F11L0KX1.jpg"}, "homeCity": "Singapore", "lists": {"groups": [{"items": [], "count": 2, "type": "created"}]}}, {"tips": {"count": 2}, "contact": {"twitter": "xlaceyfrills", "facebook": "514138326"}, "firstName": "Lorraine", "gender": "female", "lastName": "Khoo", "id": "4739058", "bio": "", "photo": {"prefix": "https://igx.4sqi.net/img/user/", "suffix": "/DKH4JTCLWDUB1R2W.jpg"}, "homeCity": "Singapore", "lists": {"groups": [{"items": [], "count": 2, "type": "created"}]}}, {"tips": {"count": 3}, "contact": {"twitter": "flashpops", "facebook": "822158265"}, "firstName": "Therese", "gender": "female", "lastName": "Tan", "id": "5233659", "bio": "", "photo": {"prefix": "https://igx.4sqi.net/img/user/", "suffix": "/MEPIAZNJR4K3RMKI.jpg"}, "homeCity": "Singapore", "lists": {"groups": [{"items": [], "count": 2, "type": "created"}]}}], "count": 123}, "checksum": "663dab8370fc1d82d274566363896d16944ea194"}, "meta": {"requestId": "5966319a351e3d64b2a32117", "code": 200}}