{"notifications": [{"type": "notificationTray", "item": {"unreadCount": 0}}], "response": {"friends": {"items": [{"tips": {"count": 37}, "contact": {"twitter": "mun_chong", "facebook": "720625985"}, "firstName": "Mun Chong", "gender": "male", "lastName": "Wong", "id": "827252", "bio": "", "photo": {"prefix": "https://igx.4sqi.net/img/user/", "suffix": "/827252-VB3IG4D22VHPCO5W.jpg"}, "homeCity": "Singapore", "lists": {"groups": [{"items": [], "count": 2, "type": "created"}]}}, {"tips": {"count": 7}, "contact": {"twitter": "tvo1301", "facebook": "1244176113"}, "firstName": "Thanh", "gender": "male", "lastName": "Vo", "id": "1019760", "bio": "", "photo": {"prefix": "https://igx.4sqi.net/img/user/", "suffix": "/J2HQK5ATQEWZWIHL.png"}, "homeCity": "Ho Chi Minh City", "lists": {"groups": [{"items": [], "count": 2, "type": "created"}]}}, {"tips": {"count": 22}, "contact": {"twitter": "robgagnon", "facebook": "1031412427"}, "firstName": "Robert", "gender": "male", "lastName": "Gagnon", "id": "413818", "bio": "", "photo": {"prefix": "https://igx.4sqi.net/img/user/", "suffix": "/N1F2GIU2OI1PGAWI.jpg"}, "homeCity": "Seoul,  South Korea", "lists": {"groups": [{"items": [], "count": 5, "type": "created"}]}}, {"tips": {"count": 1}, "contact": {}, "firstName": "Hung", "gender": "male", "lastName": "Nguyen", "id": "1395043", "bio": "", "photo": {"prefix": "https://igx.4sqi.net/img/user/", "suffix": "/KUB0UORVEKJXOV2P.jpg"}, "homeCity": "Ba Ria - Vung Tau", "lists": {"groups": [{"items": [], "count": 2, "type": "created"}]}}], "count": 4}, "checksum": "b9247d898e678932229e35bf194d89282e180b1d"}, "meta": {"requestId": "5965d15b351e3d64b1465854", "code": 200}}