{"notifications": [{"type": "notificationTray", "item": {"unreadCount": 0}}], "response": {"friends": {"items": [{"tips": {"count": 7}, "contact": {"twitter": "cheeaun", "facebook": "744426293"}, "firstName": "Chee Aun", "gender": "male", "lastName": "Lim", "id": "105964", "bio": "Solo traveller.", "photo": {"prefix": "https://igx.4sqi.net/img/user/", "suffix": "/105964-MRLCK2IHMGD5ETXI.jpg"}, "homeCity": "Singapore", "lists": {"groups": [{"items": [], "count": 7, "type": "created"}]}}, {"tips": {"count": 33}, "contact": {"twitter": "echoz", "facebook": "629031118"}, "firstName": "Jeremy", "gender": "male", "lastName": "Foo", "id": "1360427", "bio": "Student, Code Monkey, Visual Interaction Connoisseur, Rugby fanatic, Socialist, Cocoa brewer, Problem Solver. \uf8ff. @allblacks.", "photo": {"prefix": "https://igx.4sqi.net/img/user/", "suffix": "/QFZ0OY1TVJWVW14U.jpg"}, "homeCity": "San Jose, CA", "lists": {"groups": [{"items": [], "count": 6, "type": "created"}]}}, {"tips": {"count": 14}, "contact": {"facebook": "10153128471576991"}, "firstName": "Donna", "gender": "female", "lastName": "Mapagu", "id": "4346184", "bio": "", "photo": {"prefix": "https://igx.4sqi.net/img/user/", "suffix": "/4346184-QQQD0YTRC45VXWTM.jpg"}, "homeCity": "Singapore", "lists": {"groups": [{"items": [], "count": 2, "type": "created"}]}}, {"tips": {"count": 23}, "contact": {}, "firstName": "Ken", "gender": "male", "lastName": "Mandel", "id": "276652", "bio": "", "photo": {"prefix": "https://igx.4sqi.net/img/user/", "suffix": "/3CCIWAUWMIGBJKVI.jpg"}, "homeCity": "Marina Bay, Singapore", "lists": {"groups": [{"items": [], "count": 3, "type": "created"}]}}, {"tips": {"count": 48}, "contact": {}, "firstName": "John", "gender": "male", "lastName": "Tubert", "id": "534187", "bio": "Executive Technology Director @RGA", "photo": {"prefix": "https://igx.4sqi.net/img/user/", "suffix": "/VIMX1WC4RWYJS0QD.jpg"}, "homeCity": "San Francisco, CA", "lists": {"groups": [{"items": [], "count": 7, "type": "created"}]}}, {"tips": {"count": 12}, "contact": {}, "firstName": "Sarah", "gender": "female", "lastName": "Wu", "id": "252716", "bio": "Tokyo face, LA booty.", "photo": {"prefix": "https://igx.4sqi.net/img/user/", "suffix": "/252716_iBHkFdrM_Rq5MjCkEKRTFbk4JBDhKPlOQtUkpyvYQNtL7i0zRw_SU-48FCmvOqg6LlscCKika.jpg"}, "homeCity": "New York, NY, United States", "lists": {"groups": [{"items": [], "count": 4, "type": "created"}]}}, {"tips": {"count": 5}, "contact": {"twitter": "lionelrecruits", "facebook": "722331688"}, "firstName": "Lionel", "gender": "male", "lastName": "Carreon", "id": "7474972", "bio": "", "photo": {"prefix": "https://igx.4sqi.net/img/user/", "suffix": "/JZYWVOR3F1V1FFI2.jpg"}, "homeCity": "New York, NY", "lists": {"groups": [{"items": [], "count": 2, "type": "created"}]}}, {"tips": {"count": 8}, "contact": {"twitter": "notaboutwill", "facebook": "570605169"}, "firstName": "Will", "gender": "male", "lastName": "Lee", "id": "661042", "bio": "", "photo": {"prefix": "https://igx.4sqi.net/img/user/", "suffix": "/VMF0RWAK4ECEHLI5.jpg"}, "homeCity": "Singapore", "lists": {"groups": [{"items": [], "count": 2, "type": "created"}]}}, {"tips": {"count": 62}, "contact": {}, "firstName": "Cheng", "gender": "female", "lastName": "Yang", "id": "1612161", "bio": "", "photo": {"prefix": "https://igx.4sqi.net/img/user/", "suffix": "/1612161-MAAP4JPZVOOHW4R3.jpg"}, "homeCity": "Singapore", "lists": {"groups": [{"items": [], "count": 2, "type": "created"}]}}, {"tips": {"count": 6}, "contact": {"twitter": "ongjorida"}, "firstName": "Jorida", "gender": "female", "lastName": "Ong", "id": "181694", "bio": "", "photo": {"prefix": "https://igx.4sqi.net/img/user/", "suffix": "/JJ4YU3TQKZQ05SKS.jpg"}, "homeCity": "singapore", "lists": {"groups": [{"items": [], "count": 2, "type": "created"}]}}, {"tips": {"count": 2}, "contact": {"facebook": "624603363"}, "firstName": "James", "gender": "male", "lastName": "Sansangasakun", "id": "323568", "bio": "", "photo": {"prefix": "https://igx.4sqi.net/img/user/", "suffix": "/A2PZEK4OGBNGJQXT.jpg"}, "homeCity": "San Francisco, CA", "lists": {"groups": [{"items": [], "count": 2, "type": "created"}]}}, {"tips": {"count": 13}, "contact": {}, "firstName": "Christian", "gender": "male", "lastName": "Rauh", "id": "30404", "bio": "", "photo": {"prefix": "https://igx.4sqi.net/img/user/", "suffix": "/TQQK4044NB3HMXB1.jpg"}, "homeCity": "San Francisco, CA", "lists": {"groups": [{"items": [], "count": 12, "type": "created"}]}}, {"tips": {"count": 3}, "contact": {"twitter": "ncoronges", "facebook": "698786365"}, "firstName": "Nick", "gender": "male", "lastName": "Coronges", "id": "989", "bio": "", "photo": {"prefix": "https://igx.4sqi.net/img/user/", "suffix": "/989_1236944089.jpg"}, "homeCity": "New York, NY", "lists": {"groups": [{"items": [], "count": 3, "type": "created"}]}}, {"tips": {"count": 0}, "contact": {"twitter": "adrwong", "facebook": "697193413"}, "firstName": "Andrew", "gender": "male", "lastName": "Ong", "id": "149693", "bio": "", "photo": {"prefix": "https://igx.4sqi.net/img/user/", "suffix": "/0Q5NOPAC3PEHXBNP.jpg"}, "homeCity": "Punggol, Singapore", "lists": {"groups": [{"items": [], "count": 2, "type": "created"}]}}, {"tips": {"count": 63}, "contact": {"twitter": "yellowestboy", "facebook": "599831965"}, "firstName": "Melvyn", "gender": "male", "lastName": "Lim", "id": "897415", "bio": "", "photo": {"prefix": "https://igx.4sqi.net/img/user/", "suffix": "/CAG5P3M522OFTBE1.jpg"}, "homeCity": "Singapore", "lists": {"groups": [{"items": [], "count": 4, "type": "created"}]}}, {"tips": {"count": 10}, "contact": {"twitter": "dominictang", "facebook": "10152549148511853"}, "firstName": "Dominic", "gender": "male", "lastName": "Tang", "id": "220600", "bio": "", "photo": {"prefix": "https://igx.4sqi.net/img/user/", "suffix": "/220600-3Q23DFUH1HQ5BLVY.jpg"}, "homeCity": "Hong Kong", "lists": {"groups": [{"items": [], "count": 2, "type": "created"}]}}, {"tips": {"count": 30}, "contact": {"twitter": "onurozer"}, "firstName": "Onur", "gender": "male", "lastName": "Ozer", "id": "31786209", "bio": "", "photo": {"prefix": "https://igx.4sqi.net/img/user/", "suffix": "/PO4JAAU5WS3WKL0E.jpg"}, "homeCity": "Singapore", "lists": {"groups": [{"items": [], "count": 39, "type": "created"}]}}, {"superuser": 2, "tips": {"count": 8}, "contact": {}, "firstName": "Kien Wai", "gender": "male", "lastName": "E", "id": "167817", "bio": "", "photo": {"prefix": "https://igx.4sqi.net/img/user/", "suffix": "/VSBA53N0VM0GMBCT.jpg"}, "homeCity": "Singapore", "lists": {"groups": [{"items": [], "count": 6, "type": "created"}]}}, {"tips": {"count": 1}, "contact": {}, "firstName": "Choon Keat", "gender": "male", "lastName": "Chew", "id": "109500", "bio": "", "photo": {"prefix": "https://igx.4sqi.net/img/user/", "suffix": "/blank_boy.png", "default": true}, "homeCity": "Singapore", "lists": {"groups": [{"items": [], "count": 2, "type": "created"}]}}, {"tips": {"count": 0}, "contact": {}, "firstName": "hon foong", "gender": "female", "id": "9335382", "bio": "", "photo": {"prefix": "https://igx.4sqi.net/img/user/", "suffix": "/SYD3HH1TPE503ODR.jpg"}, "homeCity": "\u4e0a\u6d77\u5e02, \u4e2d\u56fd", "lists": {"groups": [{"items": [], "count": 2, "type": "created"}]}}, {"tips": {"count": 0}, "contact": {"facebook": "10153677098377141"}, "firstName": "Adelyn", "gender": "female", "lastName": "Teh", "id": "19439327", "bio": "", "photo": {"prefix": "https://igx.4sqi.net/img/user/", "suffix": "/BTREVX3IPYRZYR4U.jpg"}, "homeCity": "Singapore", "lists": {"groups": [{"items": [], "count": 2, "type": "created"}]}}, {"tips": {"count": 20}, "contact": {"facebook": "10153235418316037"}, "firstName": "Joycelyn", "gender": "female", "lastName": "Seet", "id": "4022974", "bio": "", "photo": {"prefix": "https://igx.4sqi.net/img/user/", "suffix": "/B1HNZBLF35D4OOQD.jpg"}, "homeCity": "Singapore", "lists": {"groups": [{"items": [], "count": 2, "type": "created"}]}}, {"tips": {"count": 200}, "contact": {"twitter": "mavintalent"}, "firstName": "nantini", "gender": "female", "lastName": "rauch", "id": "403870", "bio": "www.themavin.co\r\nlives in Paris with a touch of wanderlust\r\nfoodie, traveler", "photo": {"prefix": "https://igx.4sqi.net/img/user/", "suffix": "/403870-TD54DST0RPWDB3ZR"}, "homeCity": "Paris", "lists": {"groups": [{"items": [], "count": 44, "type": "created"}]}}, {"superuser": 1, "tips": {"count": 8}, "contact": {}, "firstName": "Will", "gender": "male", "lastName": "Turnage", "id": "1016", "bio": "", "photo": {"prefix": "https://igx.4sqi.net/img/user/", "suffix": "/RIDUVIOQ4CYZT5JY.jpg"}, "homeCity": "Brooklyn, NY", "lists": {"groups": [{"items": [], "count": 3, "type": "created"}]}}, {"tips": {"count": 0}, "contact": {}, "firstName": "Gerald", "gender": "male", "lastName": "Neo", "id": "162201", "bio": "", "photo": {"prefix": "https://igx.4sqi.net/img/user/", "suffix": "/YXN4NYTO0N3T33WQ.gif"}, "homeCity": "Singapore", "lists": {"groups": [{"items": [], "count": 2, "type": "created"}]}}, {"tips": {"count": 0}, "contact": {"facebook": "10157561949640601"}, "firstName": "Danny", "gender": "male", "lastName": "Lim", "id": "972608", "bio": "", "photo": {"prefix": "https://igx.4sqi.net/img/user/", "suffix": "/blank_boy.png", "default": true}, "homeCity": "Singapore", "lists": {"groups": [{"items": [], "count": 2, "type": "created"}]}}, {"tips": {"count": 5}, "contact": {"facebook": "10154006390679622"}, "firstName": "Chye", "gender": "female", "lastName": "Yee", "id": "8528620", "bio": "", "photo": {"prefix": "https://igx.4sqi.net/img/user/", "suffix": "/WURV3OK1LFL5CKFW.jpg"}, "homeCity": "\u4e0a\u6d77\u5e02, \u4e2d\u56fd", "lists": {"groups": [{"items": [], "count": 3, "type": "created"}]}}, {"tips": {"count": 35}, "contact": {"twitter": "yjsoon", "facebook": "207017"}, "firstName": "yjsoon", "gender": "male", "superuser": 2, "id": "109897", "bio": "", "photo": {"prefix": "https://igx.4sqi.net/img/user/", "suffix": "/1AGEFZ5053DJLMIQ.jpg"}, "homeCity": "Singapore", "lists": {"groups": [{"items": [], "count": 8, "type": "created"}]}}, {"tips": {"count": 0}, "contact": {}, "firstName": "\u30b7\u30b7\u30ea\u30a2", "gender": "none", "lastName": "Kodyat", "id": "137379673", "bio": "", "photo": {"prefix": "https://igx.4sqi.net/img/user/", "suffix": "/137379673-NMW4YPDT50PJTI33.jpg"}, "homeCity": "Singapore, 00", "lists": {"groups": [{"items": [], "count": 2, "type": "created"}]}}, {"tips": {"count": 0}, "contact": {}, "firstName": "Arun", "gender": "male", "lastName": "Thampi", "id": "737558", "bio": "", "photo": {"prefix": "https://igx.4sqi.net/img/user/", "suffix": "/blank_boy.png", "default": true}, "homeCity": "San Francisco", "lists": {"groups": [{"items": [], "count": 2, "type": "created"}]}}, {"superuser": 1, "tips": {"count": 20}, "contact": {"twitter": "atmasphere", "facebook": "4503634"}, "firstName": "Jonathan", "gender": "male", "lastName": "Greene", "id": "14495", "bio": "The dude abides", "photo": {"prefix": "https://igx.4sqi.net/img/user/", "suffix": "/GPLUFFRC04SAMTVP.jpg"}, "homeCity": "Katonah, NY", "lists": {"groups": [{"items": [], "count": 9, "type": "created"}]}}, {"tips": {"count": 0}, "contact": {"twitter": "sirchauncy", "facebook": "581952994"}, "firstName": "Charles", "gender": "male", "lastName": "Duncan", "id": "725237", "bio": "", "photo": {"prefix": "https://igx.4sqi.net/img/user/", "suffix": "/D4UAPWTE4AKQWXLY.jpg"}, "homeCity": "New York, ny", "lists": {"groups": [{"items": [], "count": 3, "type": "created"}]}}, {"tips": {"count": 0}, "contact": {}, "firstName": "Chow", "gender": "female", "lastName": "Sook Ping", "id": "1030097", "bio": "", "photo": {"prefix": "https://igx.4sqi.net/img/user/", "suffix": "/1030097-G2XN25ZUHSMUCWJ4.jpg"}, "homeCity": "Malaysia", "lists": {"groups": [{"items": [], "count": 2, "type": "created"}]}}, {"tips": {"count": 19}, "contact": {"twitter": "lucian"}, "firstName": "Lucian", "gender": "male", "lastName": "Teo", "id": "112245", "bio": "", "photo": {"prefix": "https://igx.4sqi.net/img/user/", "suffix": "/112245_1259133849630.jpg"}, "homeCity": "Singapore", "lists": {"groups": [{"items": [], "count": 2, "type": "created"}]}}, {"tips": {"count": 11}, "contact": {"twitter": "ba_", "facebook": "620028899"}, "firstName": "Brad", "gender": "male", "lastName": "Alan", "id": "28939", "bio": "", "photo": {"prefix": "https://igx.4sqi.net/img/user/", "suffix": "/4a7869ac39628.jpg"}, "homeCity": "Tuckahoe, NY", "lists": {"groups": [{"items": [], "count": 2, "type": "created"}]}}, {"tips": {"count": 24}, "contact": {"facebook": "661366180"}, "firstName": "Dorene", "gender": "female", "id": "1765997", "bio": "", "photo": {"prefix": "https://igx.4sqi.net/img/user/", "suffix": "/1765997-U4OVJN5TTNSNTYQN.jpg"}, "homeCity": "Singapore", "lists": {"groups": [{"items": [], "count": 2, "type": "created"}]}}, {"tips": {"count": 103}, "contact": {}, "firstName": "Jennifer", "gender": "female", "lastName": "Ho", "id": "1177939", "bio": "", "photo": {"prefix": "https://igx.4sqi.net/img/user/", "suffix": "/1177939-HITJ555QLTWZIPES.jpg"}, "homeCity": "Singapore", "lists": {"groups": [{"items": [], "count": 2, "type": "created"}]}}, {"tips": {"count": 2}, "contact": {"twitter": "toqzsix", "facebook": "856084485"}, "firstName": "Raymund", "gender": "male", "lastName": "Tuquero", "id": "15930006", "bio": "", "photo": {"prefix": "https://igx.4sqi.net/img/user/", "suffix": "/15930006-0RMGWMUQAYPOVG3P.jpg"}, "homeCity": "Singapore", "lists": {"groups": [{"items": [], "count": 10, "type": "created"}]}}, {"superuser": 1, "tips": {"count": 0}, "contact": {"twitter": "bodyvisual", "facebook": "1024560417"}, "firstName": "Michael", "gender": "male", "lastName": "Griffith", "id": "58412", "bio": "", "photo": {"prefix": "https://igx.4sqi.net/img/user/", "suffix": "/V0NIOJLITBZLZAK3.jpg"}, "homeCity": "San Francisco, CA", "lists": {"groups": [{"items": [], "count": 2, "type": "created"}]}}, {"tips": {"count": 24}, "contact": {"twitter": "lxcid", "facebook": "624405191"}, "firstName": "Stan", "gender": "male", "lastName": "Chang Khin Boon", "id": "1393579", "bio": "lxcid.com", "photo": {"prefix": "https://igx.4sqi.net/img/user/", "suffix": "/1393579-G5UKAPOTOXNNIQMI.jpg"}, "homeCity": "Singapore", "lists": {"groups": [{"items": [], "count": 2, "type": "created"}]}}, {"superuser": 2, "tips": {"count": 132}, "contact": {"twitter": "iamxande", "facebook": "505425532"}, "firstName": "Xande", "gender": "male", "lastName": "Macedo", "id": "58425", "bio": "I love Baby Grand's Pickle Backs and hate Nickelback.", "photo": {"prefix": "https://igx.4sqi.net/img/user/", "suffix": "/NH02YDWDL5CJLKUR.jpg"}, "homeCity": "Oakland, CA", "lists": {"groups": [{"items": [], "count": 63, "type": "created"}]}}, {"tips": {"count": 1}, "contact": {"twitter": "verydeepsleep"}, "firstName": "Wynthia", "gender": "none", "lastName": "Goh", "id": "71524", "bio": "", "photo": {"prefix": "https://igx.4sqi.net/img/user/", "suffix": "/VPRK0WS0BI524ZWX.jpg"}, "homeCity": "City, Singapore", "lists": {"groups": [{"items": [], "count": 2, "type": "created"}]}}, {"tips": {"count": 14}, "contact": {"twitter": "wynlim", "facebook": "786683222"}, "firstName": "Winnie", "gender": "female", "lastName": "Lim", "id": "115160", "bio": "", "photo": {"prefix": "https://igx.4sqi.net/img/user/", "suffix": "/DONLZGJQ0SSMFTM2.jpg"}, "homeCity": "Singapore", "lists": {"groups": [{"items": [], "count": 19, "type": "created"}]}}, {"tips": {"count": 8}, "contact": {"twitter": "insightr"}, "firstName": "James", "gender": "male", "lastName": "Dutton", "id": "118389", "bio": "", "photo": {"prefix": "https://igx.4sqi.net/img/user/", "suffix": "/HAYAZJRGS5YGJX30.jpg"}, "homeCity": "Singapore", "lists": {"groups": [{"items": [], "count": 2, "type": "created"}]}}, {"superuser": 1, "tips": {"count": 28}, "contact": {"twitter": "danielgoh", "facebook": "614426609"}, "firstName": "Daniel", "gender": "male", "lastName": "Goh", "id": "123928", "bio": "", "photo": {"prefix": "https://igx.4sqi.net/img/user/", "suffix": "/123928_1259123403796.jpg"}, "homeCity": "Singapore", "lists": {"groups": [{"items": [], "count": 2, "type": "created"}]}}, {"tips": {"count": 23}, "contact": {"twitter": "chuyeow"}, "firstName": "Chu Yeow", "gender": "male", "id": "130907", "bio": "", "photo": {"prefix": "https://igx.4sqi.net/img/user/", "suffix": "/130907_1259465568737.png"}, "homeCity": "Singapore", "lists": {"groups": [{"items": [], "count": 4, "type": "created"}]}}, {"tips": {"count": 0}, "contact": {"twitter": "yipe"}, "firstName": "Michael", "gender": "male", "lastName": "Margolis", "id": "132484", "bio": "", "photo": {"prefix": "https://igx.4sqi.net/img/user/", "suffix": "/UGAWJV0Y2DDQAONL.jpg"}, "homeCity": "San Francisco, CA", "lists": {"groups": [{"items": [], "count": 2, "type": "created"}]}}, {"superuser": 3, "tips": {"count": 135}, "contact": {}, "firstName": "Pierre", "gender": "male", "lastName": "Fong", "id": "133232", "bio": "Coffee junkie", "photo": {"prefix": "https://igx.4sqi.net/img/user/", "suffix": "/133232_1259601173978.png"}, "homeCity": "Singapore", "lists": {"groups": [{"items": [], "count": 6, "type": "created"}]}}, {"tips": {"count": 20}, "contact": {"facebook": "734877288"}, "firstName": "Jona", "gender": "female", "lastName": "Neo", "id": "140784", "bio": "A life less ordinary", "photo": {"prefix": "https://igx.4sqi.net/img/user/", "suffix": "/YSUJTO1R41UCGIAV.jpg"}, "homeCity": "Singapore", "lists": {"groups": [{"items": [], "count": 2, "type": "created"}]}}, {"tips": {"count": 54}, "contact": {}, "firstName": "Steven", "gender": "male", "lastName": "Kalifowitz", "id": "550895", "bio": "", "photo": {"prefix": "https://igx.4sqi.net/img/user/", "suffix": "/E4ODZI2I5UZNKCQ3.jpg"}, "homeCity": "Singapore", "lists": {"groups": [{"items": [], "count": 24, "type": "created"}]}}, {"tips": {"count": 0}, "contact": {"facebook": "702278225"}, "firstName": "Eric", "gender": "male", "lastName": "Ho", "id": "4933876", "bio": "", "photo": {"prefix": "https://igx.4sqi.net/img/user/", "suffix": "/AFIWCYDUG05CH4OL.jpg"}, "homeCity": "Singapore", "lists": {"groups": [{"items": [], "count": 2, "type": "created"}]}}], "count": 51}, "checksum": "a5ce294b50f49457a61e6f34415c8c158d2fa160"}, "meta": {"requestId": "5965bb5c9fb6b77b792355c3", "code": 200}}