{"notifications": [{"type": "notificationTray", "item": {"unreadCount": 0}}], "response": {"friends": {"items": [{"tips": {"count": 4}, "contact": {}, "firstName": "Jas", "gender": "female", "lastName": "Tham", "id": "4552026", "bio": "", "photo": {"prefix": "https://igx.4sqi.net/img/user/", "suffix": "/BLVAGMWHPQSFJFDL.jpg"}, "homeCity": "Singapore", "lists": {"groups": [{"items": [], "count": 2, "type": "created"}]}}, {"tips": {"count": 2}, "contact": {"twitter": "chiragbatra", "facebook": "563765662"}, "firstName": "Chirag", "gender": "male", "lastName": "Batra", "id": "279430", "bio": "Owner & Creative Nerd at @cubexdesign. Web Designer, UX/UI Designer, Web Developer, Thinker, Entrepreneur.", "photo": {"prefix": "https://igx.4sqi.net/img/user/", "suffix": "/279430-S2UTZOTP3DRBITCO.jpg"}, "homeCity": "Kolkata, India", "lists": {"groups": [{"items": [], "count": 2, "type": "created"}]}}, {"tips": {"count": 1}, "contact": {"twitter": "jansensngg"}, "firstName": "Jansen", "gender": "male", "lastName": "Sng", "id": "428542", "bio": "", "photo": {"prefix": "https://igx.4sqi.net/img/user/", "suffix": "/5T1OFGQG3DE0FVBF.jpg"}, "homeCity": "Singapore", "lists": {"groups": [{"items": [], "count": 2, "type": "created"}]}}, {"tips": {"count": 0}, "contact": {}, "firstName": "Lenus", "gender": "none", "id": "1247801", "bio": "", "photo": {"prefix": "https://igx.4sqi.net/img/user/", "suffix": "/AN2BO2KMYGWDU2F1.jpg"}, "homeCity": "Singapore", "lists": {"groups": [{"items": [], "count": 2, "type": "created"}]}}, {"tips": {"count": 8}, "contact": {"twitter": "blurhoney", "facebook": "286862348347157"}, "firstName": "Blurhoney", "gender": "female", "lastName": "...", "id": "1347286", "bio": "", "photo": {"prefix": "https://igx.4sqi.net/img/user/", "suffix": "/1347286_SKH3q9gg_pE9PCuXkm6-ZBxattSdv7NygU4tTeSOa-WLECBTvqdDA8biOfNr0E5eBxCOWJf5g.jpg"}, "homeCity": "City, Singapore", "lists": {"groups": [{"items": [], "count": 2, "type": "created"}]}}, {"tips": {"count": 5}, "contact": {"twitter": "busypartyboy"}, "firstName": "Dudesweet", "gender": "male", "id": "1375825", "bio": "", "photo": {"prefix": "https://igx.4sqi.net/img/user/", "suffix": "/14Q2OPCAPRCCLETR.gif"}, "homeCity": "Bangkok, Thailand", "lists": {"groups": [{"items": [], "count": 2, "type": "created"}]}}, {"tips": {"count": 2}, "contact": {"facebook": "622904272"}, "firstName": "Vincent", "gender": "male", "lastName": "Ang", "id": "5658355", "bio": "", "photo": {"prefix": "https://igx.4sqi.net/img/user/", "suffix": "/IT4BGXMAWT2DCFP5.jpg"}, "homeCity": "Singapore", "lists": {"groups": [{"items": [], "count": 2, "type": "created"}]}}, {"tips": {"count": 0}, "contact": {"facebook": "546841442"}, "firstName": "Beany", "gender": "male", "lastName": "Lee", "id": "1858885", "bio": "", "photo": {"prefix": "https://igx.4sqi.net/img/user/", "suffix": "/JMC3V0EDZGYBUI1U.jpg"}, "homeCity": "Singapore", "lists": {"groups": [{"items": [], "count": 2, "type": "created"}]}}, {"tips": {"count": 0}, "contact": {}, "firstName": "Scott", "gender": "male", "lastName": "C. Hillyard", "id": "4240976", "bio": "", "photo": {"prefix": "https://igx.4sqi.net/img/user/", "suffix": "/MGB0U31NDKGBFFGJ.jpg"}, "homeCity": "Singapore", "lists": {"groups": [{"items": [], "count": 2, "type": "created"}]}}, {"tips": {"count": 0}, "contact": {"twitter": "jyaeinthemood", "facebook": "556405021"}, "firstName": "Jyaeshika", "gender": "female", "lastName": "Low", "id": "16945462", "bio": "", "photo": {"prefix": "https://igx.4sqi.net/img/user/", "suffix": "/16945462-DF4ANE31LGPL0Q1F.jpg"}, "homeCity": "Singapore", "lists": {"groups": [{"items": [], "count": 2, "type": "created"}]}}, {"tips": {"count": 25}, "contact": {"twitter": "mhisham", "facebook": "734974026"}, "firstName": "hisham", "gender": "male", "lastName": "mohd", "id": "182057", "bio": "", "photo": {"prefix": "https://igx.4sqi.net/img/user/", "suffix": "/USW3X2UE0JZBZHKH.jpg"}, "homeCity": "Singapore", "lists": {"groups": [{"items": [], "count": 2, "type": "created"}]}}, {"tips": {"count": 2}, "contact": {"twitter": "zimmyzimzim", "facebook": "564394761"}, "firstName": "zimmy", "gender": "male", "id": "747655", "bio": "", "photo": {"prefix": "https://igx.4sqi.net/img/user/", "suffix": "/VKXDHMTEQ24MVBRV.jpg"}, "homeCity": "Newtown, NSW", "lists": {"groups": [{"items": [], "count": 2, "type": "created"}]}}, {"tips": {"count": 4}, "contact": {"twitter": "audikhalid", "facebook": "1257408482"}, "firstName": "Audi", "gender": "male", "lastName": "Khalid", "id": "325490", "bio": "", "photo": {"prefix": "https://igx.4sqi.net/img/user/", "suffix": "/VTAHBWN1OMDCPFCH.jpg"}, "homeCity": "Bukit Timah, Singapore", "lists": {"groups": [{"items": [], "count": 3, "type": "created"}]}}, {"superuser": 1, "tips": {"count": 8}, "contact": {"twitter": "coderkungfu", "facebook": "503517228"}, "firstName": "Michael", "gender": "male", "lastName": "Cheng", "id": "121729", "bio": "", "photo": {"prefix": "https://igx.4sqi.net/img/user/", "suffix": "/121729-1450YYZ2QCKCRWMC.jpg"}, "homeCity": "Singapore", "lists": {"groups": [{"items": [], "count": 4, "type": "created"}]}}, {"tips": {"count": 0}, "contact": {"facebook": "533499901"}, "firstName": "Zainudin", "gender": "male", "lastName": "Dollah", "id": "836506", "bio": "", "photo": {"prefix": "https://igx.4sqi.net/img/user/", "suffix": "/blank_boy.png", "default": true}, "homeCity": "Lengkong Tiga, Singapore", "lists": {"groups": [{"items": [], "count": 2, "type": "created"}]}}, {"tips": {"count": 15}, "contact": {"twitter": "thefallez", "facebook": "721916703258"}, "firstName": "Nipuna", "gender": "male", "lastName": "Perera", "id": "886466", "bio": "", "photo": {"prefix": "https://igx.4sqi.net/img/user/", "suffix": "/CFEKFH3O03YHIJEM.jpg"}, "homeCity": "Clementi, Singapore", "lists": {"groups": [{"items": [], "count": 2, "type": "created"}]}}, {"tips": {"count": 7}, "contact": {"twitter": "albertthang", "facebook": "10152742224131446"}, "firstName": "Albert", "gender": "male", "lastName": "Tunggal", "id": "8620200", "bio": "www.alberttunggal.com", "photo": {"prefix": "https://igx.4sqi.net/img/user/", "suffix": "/8620200-S2W0ZIC2DMGJRHNC.jpg"}, "homeCity": "Medan - Jakarta", "lists": {"groups": [{"items": [], "count": 2, "type": "created"}]}}, {"tips": {"count": 0}, "contact": {"twitter": "gibtang", "facebook": "751328503"}, "firstName": "Gibson", "gender": "male", "lastName": "Tang", "id": "107569", "bio": "", "photo": {"prefix": "https://igx.4sqi.net/img/user/", "suffix": "/blank_boy.png", "default": true}, "homeCity": "Singapore River, Singapore", "lists": {"groups": [{"items": [], "count": 2, "type": "created"}]}}, {"tips": {"count": 0}, "contact": {"twitter": "drumdeadcrazy"}, "firstName": "Jenn Hui", "gender": "none", "lastName": "Chia", "id": "47414500", "bio": "", "photo": {"prefix": "https://igx.4sqi.net/img/user/", "suffix": "/LLGPVXUYNXZFYK4M.jpg"}, "homeCity": "Singapore", "lists": {"groups": [{"items": [], "count": 2, "type": "created"}]}}, {"tips": {"count": 176}, "contact": {"twitter": "jonathanang", "facebook": "650147024"}, "firstName": "Jonathan", "gender": "male", "lastName": "Ang", "id": "10760027", "bio": "Intrepid traveller, local and abroad.", "photo": {"prefix": "https://igx.4sqi.net/img/user/", "suffix": "/10760027-ZKA4EH44QCMJS4JN.jpg"}, "homeCity": "Iskandar Puteri, Malaysia", "lists": {"groups": [{"items": [], "count": 2, "type": "created"}]}}, {"tips": {"count": 0}, "contact": {}, "firstName": "feeona", "gender": "female", "id": "5788752", "bio": "", "photo": {"prefix": "https://igx.4sqi.net/img/user/", "suffix": "/YM3SU5KKOWZS0LTV.jpg"}, "homeCity": "Singapore", "lists": {"groups": [{"items": [], "count": 2, "type": "created"}]}}, {"tips": {"count": 1}, "contact": {"facebook": "1019263859"}, "firstName": "Ray", "gender": "male", "lastName": "Teo", "id": "4998799", "bio": "", "photo": {"prefix": "https://igx.4sqi.net/img/user/", "suffix": "/4J4JJOTRXCBJ51WQ.jpg"}, "homeCity": "Singapore", "lists": {"groups": [{"items": [], "count": 2, "type": "created"}]}}, {"tips": {"count": 17}, "contact": {"facebook": "676280944"}, "firstName": "Chun Hao", "gender": "male", "id": "4913717", "bio": "", "photo": {"prefix": "https://igx.4sqi.net/img/user/", "suffix": "/O0RLRJXMBNK3EDIK.jpg"}, "homeCity": "Singapore", "lists": {"groups": [{"items": [], "count": 2, "type": "created"}]}}, {"tips": {"count": 0}, "contact": {"twitter": "noelletann", "facebook": "10208481741339971"}, "firstName": "Noelle", "gender": "female", "lastName": "Tan", "id": "70270745", "bio": "", "photo": {"prefix": "https://igx.4sqi.net/img/user/", "suffix": "/70270745-GGFFZ3ZUWGTSUOMX.jpg"}, "homeCity": "Singapore", "lists": {"groups": [{"items": [], "count": 2, "type": "created"}]}}, {"tips": {"count": 0}, "contact": {"twitter": "mojolovehate", "facebook": "816045034"}, "firstName": "Jolene", "gender": "female", "lastName": "Ong", "id": "5364836", "bio": "", "photo": {"prefix": "https://igx.4sqi.net/img/user/", "suffix": "/blank_girl.png", "default": true}, "homeCity": "Unnamed Location", "lists": {"groups": [{"items": [], "count": 2, "type": "created"}]}}, {"tips": {"count": 21}, "contact": {"twitter": "iunspoken", "facebook": "753225288"}, "firstName": "Roger", "gender": "male", "lastName": "Ng", "id": "618233", "bio": "", "photo": {"prefix": "https://igx.4sqi.net/img/user/", "suffix": "/0NCKJFN2VAGRNLU3.jpg"}, "homeCity": "Singapore", "lists": {"groups": [{"items": [], "count": 2, "type": "created"}]}}, {"tips": {"count": 13}, "contact": {"twitter": "kennethjayden", "facebook": "682086162"}, "firstName": "kennethjayden", "gender": "male", "superuser": 1, "id": "145396", "bio": "", "photo": {"prefix": "https://igx.4sqi.net/img/user/", "suffix": "/402DJEBTSGKB5FIK.jpg"}, "homeCity": "singapore", "lists": {"groups": [{"items": [], "count": 2, "type": "created"}]}}, {"tips": {"count": 15}, "contact": {"twitter": "defunct1", "facebook": "675785505"}, "firstName": "Mariana", "gender": "female", "lastName": "A.", "id": "8426270", "bio": "Stay hungry.", "photo": {"prefix": "https://igx.4sqi.net/img/user/", "suffix": "/GN04EJOXQM0KH1BK.jpg"}, "homeCity": "istanbul", "lists": {"groups": [{"items": [], "count": 2, "type": "created"}]}}, {"tips": {"count": 6}, "contact": {"twitter": "jeffreylinus", "facebook": "750611269"}, "firstName": "Jeffrey", "gender": "male", "lastName": "Linus", "id": "938977", "bio": "", "photo": {"prefix": "https://igx.4sqi.net/img/user/", "suffix": "/E134QI0EYLCCYLPB.jpg"}, "homeCity": "Singapore, singapore", "lists": {"groups": [{"items": [], "count": 2, "type": "created"}]}}, {"tips": {"count": 24}, "contact": {"twitter": "petalsparty"}, "firstName": "Charlotte", "gender": "female", "lastName": "T", "id": "19667088", "bio": "", "photo": {"prefix": "https://igx.4sqi.net/img/user/", "suffix": "/GMYIZOJOBXRSEN4E.jpg"}, "homeCity": "Singers", "lists": {"groups": [{"items": [], "count": 2, "type": "created"}]}}, {"tips": {"count": 1}, "contact": {"twitter": "aditya_budi", "facebook": "554148161"}, "firstName": "Aditya", "gender": "male", "lastName": "Budi", "id": "737553", "bio": "", "photo": {"prefix": "https://igx.4sqi.net/img/user/", "suffix": "/IWZTGWM21KXPKO2O.jpg"}, "homeCity": "Singapore", "lists": {"groups": [{"items": [], "count": 2, "type": "created"}]}}, {"tips": {"count": 1}, "contact": {"twitter": "jonteo90", "facebook": "717526864"}, "firstName": "Jonathan", "gender": "male", "lastName": "Teo", "id": "4589606", "bio": "", "photo": {"prefix": "https://igx.4sqi.net/img/user/", "suffix": "/I5UZK0MHRM50NHMF.jpg"}, "homeCity": "Singapore", "lists": {"groups": [{"items": [], "count": 2, "type": "created"}]}}, {"tips": {"count": 6}, "contact": {"twitter": "azharaziz"}, "firstName": "Azhar", "gender": "male", "lastName": "Aziz", "id": "941332", "bio": "", "photo": {"prefix": "https://igx.4sqi.net/img/user/", "suffix": "/HPZKCZOYPJNEOYNV.jpg"}, "homeCity": "Singapore", "lists": {"groups": [{"items": [], "count": 2, "type": "created"}]}}, {"tips": {"count": 1}, "contact": {"twitter": "simplicityblack", "facebook": "538601362"}, "firstName": "Evelyn", "gender": "female", "id": "5419816", "bio": "", "photo": {"prefix": "https://igx.4sqi.net/img/user/", "suffix": "/OTQTGB53SDSN3S31.jpg"}, "homeCity": "Singapore", "lists": {"groups": [{"items": [], "count": 2, "type": "created"}]}}, {"tips": {"count": 0}, "contact": {"twitter": "joeyzes", "facebook": "652503571"}, "firstName": "joeyzes", "gender": "female", "id": "1021239", "bio": "", "photo": {"prefix": "https://igx.4sqi.net/img/user/", "suffix": "/A4UYHJTAPXJCLUYC.jpg"}, "homeCity": "Singapore", "lists": {"groups": [{"items": [], "count": 2, "type": "created"}]}}, {"tips": {"count": 2}, "contact": {"twitter": "daogei", "facebook": "734985584"}, "firstName": "Jacobe", "gender": "male", "lastName": "Lim", "id": "1116191", "bio": "", "photo": {"prefix": "https://igx.4sqi.net/img/user/", "suffix": "/IMNYEC0NDJEUSOOY.jpg"}, "homeCity": "Rochor, Singapore", "lists": {"groups": [{"items": [], "count": 2, "type": "created"}]}}, {"tips": {"count": 0}, "contact": {"twitter": "uniqsense84", "facebook": "100000406577053"}, "firstName": "Uni", "gender": "male", "lastName": "Lee", "id": "1187130", "bio": "", "photo": {"prefix": "https://igx.4sqi.net/img/user/", "suffix": "/MZ3U5PI01KAH4ABT.jpg"}, "homeCity": "Incheon, South Korea", "lists": {"groups": [{"items": [], "count": 2, "type": "created"}]}}, {"tips": {"count": 6}, "contact": {"twitter": "milsonng", "facebook": "10208305061797123"}, "firstName": "Milson", "gender": "male", "lastName": "Ng", "id": "1415601", "bio": "", "photo": {"prefix": "https://igx.4sqi.net/img/user/", "suffix": "/0JQZLV2AGMW1PIUQ.jpg"}, "homeCity": "Singapore", "lists": {"groups": [{"items": [], "count": 3, "type": "created"}]}}, {"tips": {"count": 2}, "contact": {"twitter": "fitzso", "facebook": "593613055"}, "firstName": "Fathir", "gender": "male", "lastName": "Ismail", "id": "2233908", "bio": "", "photo": {"prefix": "https://igx.4sqi.net/img/user/", "suffix": "/KAWVMVZ3DFTI2JK1.jpg"}, "homeCity": "London, United Kingdom", "lists": {"groups": [{"items": [], "count": 2, "type": "created"}]}}, {"tips": {"count": 2}, "contact": {"facebook": "100003701576891"}, "firstName": "Nadiah", "gender": "female", "lastName": "Erniyanti", "id": "4080017", "bio": "", "photo": {"prefix": "https://igx.4sqi.net/img/user/", "suffix": "/4V31PUQ4PB3FEHYR.jpg"}, "homeCity": "Singapore", "lists": {"groups": [{"items": [], "count": 2, "type": "created"}]}}, {"tips": {"count": 3}, "contact": {"facebook": "584103663"}, "firstName": "JHANG", "gender": "male", "lastName": "Ang", "id": "4595769", "bio": "", "photo": {"prefix": "https://igx.4sqi.net/img/user/", "suffix": "/N5UR5S21KCJDCYVM.jpg"}, "homeCity": "Singapore", "lists": {"groups": [{"items": [], "count": 2, "type": "created"}]}}, {"tips": {"count": 8}, "contact": {"twitter": "mintleong", "facebook": "1416213259"}, "firstName": "Mint", "gender": "female", "lastName": "Leong", "id": "5262844", "bio": "", "photo": {"prefix": "https://igx.4sqi.net/img/user/", "suffix": "/5WBBHTRRZMNDLM1J.jpg"}, "homeCity": "Singapore", "lists": {"groups": [{"items": [], "count": 2, "type": "created"}]}}, {"tips": {"count": 1}, "contact": {"facebook": "585015985"}, "firstName": "Jocelyn", "gender": "female", "lastName": "Teo", "id": "5904001", "bio": "", "photo": {"prefix": "https://igx.4sqi.net/img/user/", "suffix": "/Z455ELCNYSWNDRKR.jpg"}, "homeCity": "Singapore", "lists": {"groups": [{"items": [], "count": 2, "type": "created"}]}}], "count": 43}, "checksum": "34caf2368fb16276733c42eb851be4a0ac378bb9"}, "meta": {"requestId": "5965c7bf351e3d64b0c273c4", "code": 200}}