{"notifications": [{"type": "notificationTray", "item": {"unreadCount": 0}}], "response": {"friends": {"items": [{"tips": {"count": 14}, "contact": {"twitter": "naoufelt", "facebook": "744140561"}, "firstName": "Naoufel", "gender": "male", "lastName": "Testaouni", "id": "35600", "bio": "", "photo": {"prefix": "https://igx.4sqi.net/img/user/", "suffix": "/35600_1254425965691.jpg"}, "homeCity": "Montreal, QC", "lists": {"groups": [{"items": [], "count": 2, "type": "created"}]}}, {"tips": {"count": 6}, "contact": {}, "firstName": "leah", "gender": "female", "id": "4419", "bio": "", "photo": {"prefix": "https://igx.4sqi.net/img/user/", "suffix": "/4419-4SN33GENTEQRZVIR.jpg"}, "homeCity": "", "lists": {"groups": [{"items": [], "count": 2, "type": "created"}]}}, {"tips": {"count": 2}, "contact": {}, "firstName": "Jade", "gender": "female", "lastName": "Saeno", "id": "107318", "bio": "", "photo": {"prefix": "https://igx.4sqi.net/img/user/", "suffix": "/blank_girl.png", "default": true}, "homeCity": "Sydney, Australia", "lists": {"groups": [{"items": [], "count": 2, "type": "created"}]}}, {"tips": {"count": 0}, "contact": {"twitter": "janzimak", "facebook": "218103224"}, "firstName": "Jan", "gender": "male", "lastName": "Zimak", "id": "54730", "bio": "", "photo": {"prefix": "https://igx.4sqi.net/img/user/", "suffix": "/54730_1254785937444.jpg"}, "homeCity": "Houston, TX", "lists": {"groups": [{"items": [], "count": 2, "type": "created"}]}}, {"tips": {"count": 1}, "contact": {"twitter": "alspeirs", "facebook": "1066340617"}, "firstName": "Alistair", "gender": "male", "lastName": "Speirs", "id": "107724", "bio": "", "photo": {"prefix": "https://igx.4sqi.net/img/user/", "suffix": "/107724_1259197585502.jpg"}, "homeCity": "Sydney, Australia", "lists": {"groups": [{"items": [], "count": 2, "type": "created"}]}}, {"superuser": 1, "tips": {"count": 9}, "contact": {"twitter": "sheesidd"}, "firstName": "Sheema", "gender": "female", "lastName": "Siddiqi", "id": "56736", "bio": "", "photo": {"prefix": "https://igx.4sqi.net/img/user/", "suffix": "/3W2ZW2NVBABDGP2R.jpg"}, "homeCity": "Oxford Circus, London", "lists": {"groups": [{"items": [], "count": 2, "type": "created"}]}}, {"superuser": 1, "tips": {"count": 1}, "contact": {"twitter": "raihanaaaa"}, "firstName": "Raihana", "gender": "female", "lastName": "Rahman", "id": "108398", "bio": "", "photo": {"prefix": "https://igx.4sqi.net/img/user/", "suffix": "/108398_1258712078962.jpg"}, "homeCity": "Melbourne, Victoria", "lists": {"groups": [{"items": [], "count": 2, "type": "created"}]}}, {"tips": {"count": 41}, "contact": {"twitter": "nishachittal", "facebook": "10106811750189830"}, "firstName": "Nisha", "gender": "female", "lastName": "Chittal", "id": "78395", "bio": "", "photo": {"prefix": "https://igx.4sqi.net/img/user/", "suffix": "/BSYRPE3IQNO5MMST.jpg"}, "homeCity": "Park Slope, Brooklyn, NY", "lists": {"groups": [{"items": [], "count": 8, "type": "created"}]}}, {"tips": {"count": 3}, "contact": {"twitter": "problogger", "facebook": "507133003"}, "firstName": "Darren", "gender": "male", "lastName": "Rowse", "id": "108483", "bio": "", "photo": {"prefix": "https://igx.4sqi.net/img/user/", "suffix": "/-1_1258713494894.jpg"}, "homeCity": "Blackburn, VIC", "lists": {"groups": [{"items": [], "count": 2, "type": "created"}]}}, {"tips": {"count": 2}, "contact": {"facebook": "501496040"}, "firstName": "Adnan", "gender": "male", "lastName": "Arif", "id": "112981", "bio": "", "photo": {"prefix": "https://igx.4sqi.net/img/user/", "suffix": "/112981-0TQJ0RFPJXRYDIM2.jpg"}, "homeCity": "Makkah, Saudi Arabia", "lists": {"groups": [{"items": [], "count": 3, "type": "created"}]}}, {"superuser": 3, "tips": {"count": 13}, "contact": {"twitter": "jillianjtl"}, "firstName": "Jillian", "gender": "female", "lastName": "Liew", "id": "112079", "bio": "Coffee (and pho) will fix everything.", "photo": {"prefix": "https://igx.4sqi.net/img/user/", "suffix": "/112079-IEX3XNNM1Q533J2C.jpg"}, "homeCity": "Melbourne, VIC", "lists": {"groups": [{"items": [], "count": 3, "type": "created"}]}}, {"tips": {"count": 4}, "contact": {"twitter": "rachigungho"}, "firstName": "Rachel", "gender": "female", "lastName": "Ho", "id": "113470", "bio": "", "photo": {"prefix": "https://igx.4sqi.net/img/user/", "suffix": "/-1_1258807637636.jpg"}, "homeCity": "Melbourne, Australia", "lists": {"groups": [{"items": [], "count": 2, "type": "created"}]}}, {"tips": {"count": 10}, "contact": {"facebook": "580875090"}, "firstName": "Fern", "gender": "female", "lastName": "Yeo", "id": "112265", "bio": "", "photo": {"prefix": "https://igx.4sqi.net/img/user/", "suffix": "/112265_1258768057999.jpg"}, "homeCity": "Singapore", "lists": {"groups": [{"items": [], "count": 2, "type": "created"}]}}, {"tips": {"count": 0}, "contact": {}, "firstName": "Preethi", "gender": "female", "lastName": "Rupanagudi", "id": "113614", "bio": "", "photo": {"prefix": "https://igx.4sqi.net/img/user/", "suffix": "/blank_girl.png", "default": true}, "homeCity": "Burnley, Victoria", "lists": {"groups": [{"items": [], "count": 2, "type": "created"}]}}, {"tips": {"count": 0}, "contact": {}, "firstName": "Kenny", "gender": "male", "id": "115021", "bio": "", "photo": {"prefix": "https://igx.4sqi.net/img/user/", "suffix": "/blank_boy.png", "default": true}, "homeCity": "Melbourne, Australia", "lists": {"groups": [{"items": [], "count": 2, "type": "created"}]}}, {"superuser": 1, "tips": {"count": 0}, "contact": {"twitter": "zoenagara"}, "firstName": "Zoe", "gender": "female", "lastName": "Nagara", "id": "115955", "bio": "", "photo": {"prefix": "https://igx.4sqi.net/img/user/", "suffix": "/115955-QRFKSDQMEZ2V5CYA.jpg"}, "homeCity": "Sydney, NSW", "lists": {"groups": [{"items": [], "count": 6, "type": "created"}]}}, {"tips": {"count": 3}, "contact": {}, "firstName": "Brett", "gender": "male", "lastName": "Gibson", "id": "118220", "bio": "", "photo": {"prefix": "https://igx.4sqi.net/img/user/", "suffix": "/R2LKSUM0KJKRE35P.png"}, "homeCity": "Brisbane, Australia", "lists": {"groups": [{"items": [], "count": 2, "type": "created"}]}}, {"tips": {"count": 0}, "contact": {}, "firstName": "Fei", "gender": "female", "lastName": "Wang", "id": "121421", "bio": "", "photo": {"prefix": "https://igx.4sqi.net/img/user/", "suffix": "/blank_girl.png", "default": true}, "homeCity": "Sydney, nsw", "lists": {"groups": [{"items": [], "count": 2, "type": "created"}]}}, {"superuser": 1, "tips": {"count": 10}, "contact": {"twitter": "melvincwh", "facebook": "516840247"}, "firstName": "Melvin", "gender": "male", "lastName": "Chan", "id": "127764", "bio": "", "photo": {"prefix": "https://igx.4sqi.net/img/user/", "suffix": "/DHQPAWCFEGSOLXWY.jpg"}, "homeCity": "Kuala Lumpur, Malaysia", "lists": {"groups": [{"items": [], "count": 2, "type": "created"}]}}, {"tips": {"count": 2}, "contact": {"twitter": "aaronswood"}, "firstName": "Aaron", "gender": "male", "lastName": "Wood", "id": "129669", "bio": "", "photo": {"prefix": "https://igx.4sqi.net/img/user/", "suffix": "/blank_boy.png", "default": true}, "homeCity": "Melbourne, Australia", "lists": {"groups": [{"items": [], "count": 2, "type": "created"}]}}, {"tips": {"count": 12}, "contact": {"twitter": "lynnagara", "facebook": "911539891772"}, "firstName": "Lyn", "gender": "female", "lastName": "Nagara", "id": "129789", "bio": "", "photo": {"prefix": "https://igx.4sqi.net/img/user/", "suffix": "/0532DWHEWPFAM42X.jpg"}, "homeCity": "Melbourne, VIC", "lists": {"groups": [{"items": [], "count": 20, "type": "created"}]}}], "count": 521}, "checksum": "135fa52a9bd3506e37f72b2f42be85e47e8aa397"}, "meta": {"requestId": "5965bcea4c1f67704eef31f3", "code": 200}}