{"notifications": [{"type": "notificationTray", "item": {"unreadCount": 0}}], "response": {"friends": {"items": [{"tips": {"count": 12}, "contact": {"twitter": "brainopera", "facebook": "15709327"}, "firstName": "Kevin", "gender": "male", "lastName": "Lim", "id": "97714", "bio": "Cyberculturalist", "photo": {"prefix": "https://igx.4sqi.net/img/user/", "suffix": "/FTLB3F3XODCPEUTX.jpg"}, "homeCity": "singapore, Singapore", "lists": {"groups": [{"items": [], "count": 9, "type": "created"}]}}, {"tips": {"count": 4}, "contact": {"twitter": "robertsky_", "facebook": "711713493"}, "firstName": "Robert", "gender": "male", "lastName": "Sim", "id": "1356502", "bio": "", "photo": {"prefix": "https://igx.4sqi.net/img/user/", "suffix": "/CXLFML4HCZN01GJ2.jpg"}, "homeCity": "Singapore", "lists": {"groups": [{"items": [], "count": 2, "type": "created"}]}}, {"tips": {"count": 0}, "contact": {"facebook": "511868316"}, "firstName": "Nikita", "gender": "female", "lastName": "Gupta", "id": "5156683", "bio": "", "photo": {"prefix": "https://igx.4sqi.net/img/user/", "suffix": "/UIHXDWAVN2HE4JWU.jpg"}, "homeCity": "Mumbai, India ", "lists": {"groups": [{"items": [], "count": 2, "type": "created"}]}}, {"tips": {"count": 38}, "contact": {"twitter": "ladyxtel", "facebook": "10152919522193277"}, "firstName": "Christel", "gender": "female", "lastName": "Quek", "id": "259462", "bio": "", "photo": {"prefix": "https://igx.4sqi.net/img/user/", "suffix": "/DGQXZZHDOL2PEHGD.jpg"}, "homeCity": "Singapore", "lists": {"groups": [{"items": [], "count": 18, "type": "created"}]}}, {"tips": {"count": 0}, "contact": {"twitter": "joyceyanzhang", "facebook": "20309"}, "firstName": "Joyce", "gender": "female", "lastName": "Zhang", "id": "9238486", "bio": "", "photo": {"prefix": "https://igx.4sqi.net/img/user/", "suffix": "/GKFOSONRHVMYVPSF.jpg"}, "homeCity": "West Bloomfield Township, MI", "lists": {"groups": [{"items": [], "count": 2, "type": "created"}]}}, {"tips": {"count": 6}, "contact": {"twitter": "mdgy", "facebook": "621523790"}, "firstName": "Jasmine", "gender": "female", "lastName": "Liao", "id": "1237800", "bio": "", "photo": {"prefix": "https://igx.4sqi.net/img/user/", "suffix": "/J1LHLWHNHPSXH0TR.jpg"}, "homeCity": "New York", "lists": {"groups": [{"items": [], "count": 2, "type": "created"}]}}, {"tips": {"count": 1}, "contact": {"twitter": "jackvicgoh"}, "firstName": "Jackvic", "gender": "male", "lastName": "Wu", "id": "1323364", "bio": "", "photo": {"prefix": "https://igx.4sqi.net/img/user/", "suffix": "/Q0M41ZSEAU4L1EGE.jpg"}, "homeCity": "Singapore", "lists": {"groups": [{"items": [], "count": 2, "type": "created"}]}}, {"tips": {"count": 2}, "contact": {"twitter": "kathmolera", "facebook": "618241570"}, "firstName": "Kath", "gender": "female", "lastName": "Molera", "id": "4424143", "bio": "", "photo": {"prefix": "https://igx.4sqi.net/img/user/", "suffix": "/4424143-SBQCHZVBKLCJ3PJD.jpg"}, "homeCity": "Singapore", "lists": {"groups": [{"items": [], "count": 3, "type": "created"}]}}, {"tips": {"count": 5}, "contact": {"twitter": "tommytdh86"}, "firstName": "Tommy", "gender": "male", "lastName": "T", "id": "516905", "bio": "", "photo": {"prefix": "https://igx.4sqi.net/img/user/", "suffix": "/UWBTLSUNXLLCA5PF.jpg"}, "homeCity": "Singapore", "lists": {"groups": [{"items": [], "count": 2, "type": "created"}]}}, {"tips": {"count": 9}, "contact": {"twitter": "derrickwrites"}, "firstName": "Derrick", "gender": "male", "lastName": "Kam", "id": "242281", "bio": "An A Cappella enthusiast and aspiring writer, while singing and also playing with a bit of designing. Loves kayaking, food, good company, music and lions too.", "photo": {"prefix": "https://igx.4sqi.net/img/user/", "suffix": "/DZ52TKCSELAEYHS3.jpg"}, "homeCity": "Singapore", "lists": {"groups": [{"items": [], "count": 5, "type": "created"}]}}, {"tips": {"count": 1}, "contact": {"twitter": "_chermy", "facebook": "674998191"}, "firstName": "Chermaine", "gender": "female", "lastName": "Koh", "id": "5542592", "bio": "", "photo": {"prefix": "https://igx.4sqi.net/img/user/", "suffix": "/JC5WYZFV0YA4KLP5.jpg"}, "homeCity": "Singapore", "lists": {"groups": [{"items": [], "count": 2, "type": "created"}]}}, {"tips": {"count": 0}, "contact": {"facebook": "543283518"}, "firstName": "Rose L.", "gender": "female", "lastName": "Emmanuel", "id": "1793767", "bio": "", "photo": {"prefix": "https://igx.4sqi.net/img/user/", "suffix": "/RMR5RCHVZQKCI1OC.jpg"}, "homeCity": "Singapore", "lists": {"groups": [{"items": [], "count": 2, "type": "created"}]}}, {"tips": {"count": 5}, "contact": {"twitter": "sgnash", "facebook": "674934752"}, "firstName": "Mahesh", "gender": "male", "id": "5173884", "bio": "", "photo": {"prefix": "https://igx.4sqi.net/img/user/", "suffix": "/DEPT4FPJRFFDUM3W.jpg"}, "homeCity": "Singapore", "lists": {"groups": [{"items": [], "count": 2, "type": "created"}]}}, {"tips": {"count": 1}, "contact": {"twitter": "heyitsdenise", "facebook": "1062757475"}, "firstName": "Denise", "gender": "female", "lastName": "Ong", "id": "2912119", "bio": "", "photo": {"prefix": "https://igx.4sqi.net/img/user/", "suffix": "/1VO2DZA1TJV5Y0UD.jpg"}, "homeCity": "Singapore", "lists": {"groups": [{"items": [], "count": 2, "type": "created"}]}}, {"tips": {"count": 25}, "contact": {"twitter": "mhisham", "facebook": "734974026"}, "firstName": "hisham", "gender": "male", "lastName": "mohd", "id": "182057", "bio": "", "photo": {"prefix": "https://igx.4sqi.net/img/user/", "suffix": "/USW3X2UE0JZBZHKH.jpg"}, "homeCity": "Singapore", "lists": {"groups": [{"items": [], "count": 2, "type": "created"}]}}, {"tips": {"count": 0}, "contact": {"facebook": "698805280"}, "firstName": "Victor", "gender": "male", "lastName": "Li", "id": "607907", "bio": "", "photo": {"prefix": "https://igx.4sqi.net/img/user/", "suffix": "/0Y5N5AFLE3ANOZ2Q.jpg"}, "homeCity": "Singapore", "lists": {"groups": [{"items": [], "count": 2, "type": "created"}]}}, {"tips": {"count": 10}, "contact": {"twitter": "iamkelvinlee", "facebook": "10154159807388132"}, "firstName": "Kelvin", "gender": "male", "lastName": "Lee", "id": "92353", "bio": "", "photo": {"prefix": "https://igx.4sqi.net/img/user/", "suffix": "/92353-QG4OD10ELAKPNQNK.jpg"}, "homeCity": "London", "lists": {"groups": [{"items": [], "count": 2, "type": "created"}]}}, {"tips": {"count": 4}, "contact": {"twitter": "randallkho", "facebook": "830240409"}, "firstName": "Randall Kho", "gender": "male", "id": "1778303", "bio": "", "photo": {"prefix": "https://igx.4sqi.net/img/user/", "suffix": "/1778303-MBVTSOXPDFHMWJ15.jpg"}, "homeCity": "Singapore", "lists": {"groups": [{"items": [], "count": 2, "type": "created"}]}}, {"tips": {"count": 0}, "contact": {"twitter": "singeo", "facebook": "510130694"}, "firstName": "Jon", "gender": "male", "lastName": "Petersen", "id": "26706", "bio": "", "photo": {"prefix": "https://igx.4sqi.net/img/user/", "suffix": "/26706_1258705301828.jpg"}, "homeCity": "Havant, Hampshire", "lists": {"groups": [{"items": [], "count": 2, "type": "created"}]}}, {"superuser": 1, "tips": {"count": 21}, "contact": {"twitter": "acidflask", "facebook": "1917893"}, "firstName": "Jiahao", "gender": "male", "lastName": "Chen", "id": "152402", "bio": "", "photo": {"prefix": "https://igx.4sqi.net/img/user/", "suffix": "/C1ULRVC5R1M4ZV2R.jpg"}, "homeCity": "Boston, MA", "lists": {"groups": [{"items": [], "count": 2, "type": "created"}]}}, {"tips": {"count": 0}, "contact": {}, "firstName": "Jasmine", "gender": "female", "lastName": "Isa", "id": "863370", "bio": "", "photo": {"prefix": "https://igx.4sqi.net/img/user/", "suffix": "/R413RQIKCWQNXUGS.jpg"}, "homeCity": "Singapore", "lists": {"groups": [{"items": [], "count": 2, "type": "created"}]}}, {"tips": {"count": 4}, "contact": {"twitter": "krisandro", "facebook": "725058326"}, "firstName": "Krisandro", "gender": "male", "lastName": "McBecks", "id": "217242", "bio": "", "photo": {"prefix": "https://igx.4sqi.net/img/user/", "suffix": "/4EBDCP4W0KQJI4GX.jpg"}, "homeCity": "Singapore", "lists": {"groups": [{"items": [], "count": 2, "type": "created"}]}}, {"tips": {"count": 0}, "contact": {"facebook": "731176137"}, "firstName": "Priscilla", "gender": "female", "lastName": "Tan", "id": "581368", "bio": "", "photo": {"prefix": "https://igx.4sqi.net/img/user/", "suffix": "/IMQCML5DC5NQBS1E.jpg"}, "homeCity": "Tampines, Singapore", "lists": {"groups": [{"items": [], "count": 2, "type": "created"}]}}, {"tips": {"count": 12}, "contact": {}, "firstName": "Chinmay", "gender": "male", "lastName": "Pendharkar", "id": "174249", "bio": "Geek. Podcaster. Acoustician.", "photo": {"prefix": "https://igx.4sqi.net/img/user/", "suffix": "/-J2SLWCJJH53RB0DM.jpg"}, "homeCity": "Singapore", "lists": {"groups": [{"items": [], "count": 4, "type": "created"}]}}, {"superuser": 2, "tips": {"count": 24}, "contact": {}, "firstName": "Bernard", "gender": "male", "lastName": "Leong", "id": "99548", "bio": "", "photo": {"prefix": "https://igx.4sqi.net/img/user/", "suffix": "/-1_1258434298233.jpg"}, "homeCity": "Singapore", "lists": {"groups": [{"items": [], "count": 2, "type": "created"}]}}, {"tips": {"count": 1}, "contact": {"facebook": "599762738"}, "firstName": "Vyane", "gender": "male", "lastName": "Ting", "id": "1369610", "bio": "", "photo": {"prefix": "https://igx.4sqi.net/img/user/", "suffix": "/blank_boy.png", "default": true}, "homeCity": "Singapore", "lists": {"groups": [{"items": [], "count": 2, "type": "created"}]}}, {"tips": {"count": 0}, "contact": {"facebook": "544354278"}, "firstName": "Candace", "gender": "female", "lastName": "Tan", "id": "5565361", "bio": "", "photo": {"prefix": "https://igx.4sqi.net/img/user/", "suffix": "/blank_girl.png", "default": true}, "homeCity": "Singapore", "lists": {"groups": [{"items": [], "count": 2, "type": "created"}]}}, {"tips": {"count": 4}, "contact": {"twitter": "musxzart", "facebook": "893365175"}, "firstName": "Musxzart", "gender": "male", "id": "278978", "bio": "", "photo": {"prefix": "https://igx.4sqi.net/img/user/", "suffix": "/278978-12FOWW0A3SZDORA1.jpg"}, "homeCity": "City, Singapore", "lists": {"groups": [{"items": [], "count": 3, "type": "created"}]}}, {"tips": {"count": 0}, "contact": {"facebook": "770254011"}, "firstName": "Yew Chuan", "gender": "male", "lastName": "Shum", "id": "10460402", "bio": "", "photo": {"prefix": "https://igx.4sqi.net/img/user/", "suffix": "/YULBLKLAFK1J5F2S.jpg"}, "homeCity": "Hong Kong", "lists": {"groups": [{"items": [], "count": 2, "type": "created"}]}}, {"tips": {"count": 0}, "contact": {"twitter": "yzh88", "facebook": "553735166"}, "firstName": "Zheng Han", "gender": "male", "lastName": "Yang", "id": "25376028", "bio": "", "photo": {"prefix": "https://igx.4sqi.net/img/user/", "suffix": "/QE4HZQWBBHYUROHD.jpg"}, "homeCity": "Singapore, Singapore", "lists": {"groups": [{"items": [], "count": 2, "type": "created"}]}}, {"tips": {"count": 13}, "contact": {"twitter": "kevin_goh", "facebook": "579830443"}, "firstName": "Kevin", "gender": "male", "lastName": "Goh", "id": "4244013", "bio": "", "photo": {"prefix": "https://igx.4sqi.net/img/user/", "suffix": "/X5TLT5CA5CTDYV44.jpg"}, "homeCity": "Singapore", "lists": {"groups": [{"items": [], "count": 2, "type": "created"}]}}, {"tips": {"count": 6}, "contact": {"twitter": "mohanbelani", "facebook": "227700817"}, "firstName": "Mohan", "gender": "male", "lastName": "Belani", "id": "7515537", "bio": "", "photo": {"prefix": "https://igx.4sqi.net/img/user/", "suffix": "/XT5E5GTJVVEIH2X5.jpg"}, "homeCity": "Singapore", "lists": {"groups": [{"items": [], "count": 2, "type": "created"}]}}, {"tips": {"count": 1}, "contact": {"facebook": "1227294579"}, "firstName": "So-free", "gender": "female", "lastName": "Nguyen", "id": "6705488", "bio": "", "photo": {"prefix": "https://igx.4sqi.net/img/user/", "suffix": "/TTFDP0OTJXS5CW3V.png"}, "homeCity": "Singapore", "lists": {"groups": [{"items": [], "count": 2, "type": "created"}]}}, {"tips": {"count": 3}, "contact": {"twitter": "crayonlions", "facebook": "611292745"}, "firstName": "Ciaran", "gender": "male", "id": "251678", "bio": "", "photo": {"prefix": "https://igx.4sqi.net/img/user/", "suffix": "/Y2DROXZUBPCHNSTI.jpg"}, "homeCity": "Singapore", "lists": {"groups": [{"items": [], "count": 2, "type": "created"}]}}, {"tips": {"count": 0}, "contact": {"twitter": "briantzr", "facebook": "1015689542"}, "firstName": "Brian Teo", "gender": "male", "id": "5659801", "bio": "", "photo": {"prefix": "https://igx.4sqi.net/img/user/", "suffix": "/ZTKUAKWX0OAJ1SUK.jpg"}, "homeCity": "Singapore", "lists": {"groups": [{"items": [], "count": 2, "type": "created"}]}}, {"tips": {"count": 4}, "contact": {}, "firstName": "Minglong", "gender": "male", "id": "1919737", "bio": "", "photo": {"prefix": "https://igx.4sqi.net/img/user/", "suffix": "/ESOUEAZ1JOKSHWIH.jpg"}, "homeCity": "Singapore", "lists": {"groups": [{"items": [], "count": 2, "type": "created"}]}}, {"tips": {"count": 0}, "contact": {}, "firstName": "'Kevin", "gender": "male", "lastName": "Koh", "id": "14574514", "bio": "", "photo": {"prefix": "https://igx.4sqi.net/img/user/", "suffix": "/U0PAYPFXEWIJQ5CN.jpg"}, "homeCity": "Singapore", "lists": {"groups": [{"items": [], "count": 2, "type": "created"}]}}, {"tips": {"count": 2}, "contact": {"twitter": "rachelkohshiyi", "facebook": "590822436"}, "firstName": "Rachel", "gender": "female", "lastName": "Koh", "id": "3843753", "bio": "", "photo": {"prefix": "https://igx.4sqi.net/img/user/", "suffix": "/3843753-UDH31HIWHM1BSW3O.jpg"}, "homeCity": "Singapore", "lists": {"groups": [{"items": [], "count": 2, "type": "created"}]}}, {"superuser": 2, "tips": {"count": 14}, "contact": {}, "firstName": "Angela", "gender": "female", "lastName": "Jean", "id": "186177", "bio": "", "photo": {"prefix": "https://igx.4sqi.net/img/user/", "suffix": "/GKGKV1G12RY0ZBNF.jpg"}, "homeCity": "Singapore", "lists": {"groups": [{"items": [], "count": 4, "type": "created"}]}}, {"tips": {"count": 0}, "contact": {"facebook": "639310841"}, "firstName": "Cq", "gender": "male", "lastName": "Yong", "id": "1663826", "bio": "", "photo": {"prefix": "https://igx.4sqi.net/img/user/", "suffix": "/VDJB3FKIIOZXP5DX.jpg"}, "homeCity": "Singapore", "lists": {"groups": [{"items": [], "count": 2, "type": "created"}]}}, {"tips": {"count": 3}, "contact": {"twitter": "keenlen", "facebook": "585007685"}, "firstName": "Keen Len", "gender": "male", "lastName": "Chan", "id": "319510", "bio": "", "photo": {"prefix": "https://igx.4sqi.net/img/user/", "suffix": "/YGYORA2QPSEXGLMO.jpg"}, "homeCity": "Jurong, Singapore", "lists": {"groups": [{"items": [], "count": 2, "type": "created"}]}}, {"tips": {"count": 0}, "contact": {"facebook": "502209061"}, "firstName": "Sam", "gender": "male", "lastName": "Ee", "id": "15185230", "bio": "", "photo": {"prefix": "https://igx.4sqi.net/img/user/", "suffix": "/2HO5J544DJIEJCCU.jpg"}, "homeCity": "Singapore", "lists": {"groups": [{"items": [], "count": 2, "type": "created"}]}}, {"superuser": 1, "tips": {"count": 26}, "contact": {"twitter": "geekonomics", "facebook": "10153225028235312"}, "firstName": "Nicholas Aaron", "gender": "male", "lastName": "Khoo", "id": "50252", "bio": "", "photo": {"prefix": "https://igx.4sqi.net/img/user/", "suffix": "/50252_1259979403368.jpg"}, "homeCity": "Singapore", "lists": {"groups": [{"items": [], "count": 5, "type": "created"}]}}, {"superuser": 1, "tips": {"count": 10}, "contact": {}, "firstName": "Qing", "gender": "female", "lastName": "Ru", "id": "156490", "bio": "technopreneur", "photo": {"prefix": "https://igx.4sqi.net/img/user/", "suffix": "/156490-BAK4OXT4YSY4QKOH.jpg"}, "homeCity": "Singapore", "lists": {"groups": [{"items": [], "count": 3, "type": "created"}]}}, {"tips": {"count": 4}, "contact": {"twitter": "lioneltanyk", "facebook": "575007914"}, "firstName": "Lionel", "gender": "male", "lastName": "Tan", "id": "899223", "bio": "", "photo": {"prefix": "https://igx.4sqi.net/img/user/", "suffix": "/3GODCOGEUPUKIP4C.jpg"}, "homeCity": "Tampines, Singapore", "lists": {"groups": [{"items": [], "count": 2, "type": "created"}]}}, {"tips": {"count": 0}, "contact": {}, "firstName": "Shaun", "gender": "male", "lastName": "Tham", "id": "2389788", "bio": "", "photo": {"prefix": "https://igx.4sqi.net/img/user/", "suffix": "/blank_boy.png", "default": true}, "homeCity": "Bukit Timah, Singapore", "lists": {"groups": [{"items": [], "count": 2, "type": "created"}]}}, {"tips": {"count": 8}, "contact": {"twitter": "deejeecheng", "facebook": "10152757054645286"}, "firstName": "Dee Jee", "gender": "female", "id": "581623", "bio": "", "photo": {"prefix": "https://igx.4sqi.net/img/user/", "suffix": "/LEW3S0DCENXNTTC0.jpg"}, "homeCity": "Singapore, SIngapore", "lists": {"groups": [{"items": [], "count": 2, "type": "created"}]}}, {"superuser": 1, "tips": {"count": 15}, "contact": {"twitter": "iamjohnlai", "facebook": "1232008250"}, "firstName": "John", "gender": "male", "lastName": "Lai", "id": "102817", "bio": "", "photo": {"prefix": "https://igx.4sqi.net/img/user/", "suffix": "/4ZTBPQMV5IOM3BCK.jpg"}, "homeCity": "Auckland", "lists": {"groups": [{"items": [], "count": 2, "type": "created"}]}}, {"tips": {"count": 7}, "contact": {"twitter": "weinateo", "facebook": "798885092"}, "firstName": "Weina", "gender": "female", "lastName": "Teo", "id": "1370516", "bio": "", "photo": {"prefix": "https://igx.4sqi.net/img/user/", "suffix": "/BU1M45BGNX14Y5L4.jpg"}, "homeCity": "Singapore, ", "lists": {"groups": [{"items": [], "count": 3, "type": "created"}]}}, {"tips": {"count": 0}, "contact": {}, "firstName": "Hui Shan", "gender": "female", "lastName": "Soh", "id": "6205152", "bio": "", "photo": {"prefix": "https://igx.4sqi.net/img/user/", "suffix": "/ZQ5AMLRJIC3KHTU2.jpg"}, "homeCity": "Singapore", "lists": {"groups": [{"items": [], "count": 2, "type": "created"}]}}, {"tips": {"count": 31}, "contact": {"twitter": "vixlew", "facebook": "764994492"}, "firstName": "Vix", "gender": "female", "id": "281050", "bio": "", "photo": {"prefix": "https://igx.4sqi.net/img/user/", "suffix": "/N4FY12PH5W22WYES.jpg"}, "homeCity": "Singapore", "lists": {"groups": [{"items": [], "count": 4, "type": "created"}]}}, {"tips": {"count": 0}, "contact": {"facebook": "619115823"}, "firstName": "Khairul", "gender": "male", "lastName": "Anwar", "id": "28603532", "bio": "", "photo": {"prefix": "https://igx.4sqi.net/img/user/", "suffix": "/GESS3SMVND0GUBWP.jpg"}, "homeCity": "New York, NY", "lists": {"groups": [{"items": [], "count": 2, "type": "created"}]}}, {"tips": {"count": 0}, "contact": {"facebook": "669106772"}, "firstName": "Josiah", "gender": "male", "lastName": "Blair", "id": "26341729", "bio": "", "photo": {"prefix": "https://igx.4sqi.net/img/user/", "suffix": "/26341729-E3FBR3SKYMPFHJH2.jpg"}, "homeCity": "Almaty, Kazakhstan", "lists": {"groups": [{"items": [], "count": 2, "type": "created"}]}}, {"tips": {"count": 0}, "contact": {"facebook": "605430182"}, "firstName": "Caryn", "gender": "female", "lastName": "Yeo", "id": "4250293", "bio": "", "photo": {"prefix": "https://igx.4sqi.net/img/user/", "suffix": "/I3Z0F5RPSPPK2CO3.jpg"}, "homeCity": "Singapore", "lists": {"groups": [{"items": [], "count": 2, "type": "created"}]}}, {"tips": {"count": 7}, "contact": {"twitter": "darrensim", "facebook": "505595474"}, "firstName": "Darren", "gender": "male", "lastName": "Sim", "id": "10771556", "bio": "Acclaimed speaker at intl' Geek, Web, and eMarketing  conferences. Web personality, consultant, designer and aspiring fashion buff. U have 2 see it 4 urself!", "photo": {"prefix": "https://igx.4sqi.net/img/user/", "suffix": "/OMZVABMZV22DXMNU.jpg"}, "homeCity": "Singapore", "lists": {"groups": [{"items": [], "count": 2, "type": "created"}]}}, {"tips": {"count": 0}, "contact": {"facebook": "100000590485424"}, "firstName": "Nazima", "gender": "female", "lastName": "Bakayeva", "id": "42073728", "bio": "", "photo": {"prefix": "https://igx.4sqi.net/img/user/", "suffix": "/42073728-JM3AKVYXNOTMZZC2.jpg"}, "homeCity": "Almaty", "lists": {"groups": [{"items": [], "count": 2, "type": "created"}]}}, {"tips": {"count": 0}, "contact": {"facebook": "664106721"}, "firstName": "Tong", "gender": "male", "lastName": "Haw", "id": "20353637", "bio": "", "photo": {"prefix": "https://igx.4sqi.net/img/user/", "suffix": "/3HYUTPD1QF4UTSP2.jpg"}, "homeCity": "Singapore, Singapore", "lists": {"groups": [{"items": [], "count": 2, "type": "created"}]}}, {"tips": {"count": 2}, "contact": {"twitter": "faialves", "facebook": "533422550"}, "firstName": "Faizul", "gender": "male", "lastName": "Alves", "id": "6132306", "bio": "", "photo": {"prefix": "https://igx.4sqi.net/img/user/", "suffix": "/CPZQWRNXUIMT4KG3.jpg"}, "homeCity": "Singapore", "lists": {"groups": [{"items": [], "count": 2, "type": "created"}]}}, {"tips": {"count": 0}, "contact": {}, "firstName": "Alex", "gender": "male", "lastName": "Chng", "id": "2001322", "bio": "", "photo": {"prefix": "https://igx.4sqi.net/img/user/", "suffix": "/R0EBWFOJXOBUWN0B.jpg"}, "homeCity": "Singapore", "lists": {"groups": [{"items": [], "count": 2, "type": "created"}]}}, {"tips": {"count": 3}, "contact": {"twitter": "arkid0", "facebook": "1158212799"}, "firstName": "Kyaw", "gender": "male", "lastName": "Moe Hein", "id": "3932226", "bio": "Final year student at School of Information Systems, Singapore Management University...", "photo": {"prefix": "https://igx.4sqi.net/img/user/", "suffix": "/0YCWKFF1C4SDGF3I.jpg"}, "homeCity": "Singapore", "lists": {"groups": [{"items": [], "count": 2, "type": "created"}]}}, {"tips": {"count": 0}, "contact": {"twitter": "jayleif", "facebook": "698268972"}, "firstName": "Jayden", "gender": "male", "lastName": "Tan", "id": "296793", "bio": "", "photo": {"prefix": "https://igx.4sqi.net/img/user/", "suffix": "/IGQQ0INK4YOGQX55.jpg"}, "homeCity": "Singapore", "lists": {"groups": [{"items": [], "count": 2, "type": "created"}]}}, {"tips": {"count": 6}, "contact": {"twitter": "abuboo", "facebook": "622952819"}, "firstName": "Christian", "gender": "male", "lastName": "Abulencia", "id": "1673482", "bio": "", "photo": {"prefix": "https://igx.4sqi.net/img/user/", "suffix": "/KSOPSZPI4YOJLT1H.jpg"}, "homeCity": "Singapore", "lists": {"groups": [{"items": [], "count": 2, "type": "created"}]}}, {"tips": {"count": 4}, "contact": {"twitter": "audikhalid", "facebook": "1257408482"}, "firstName": "Audi", "gender": "male", "lastName": "Khalid", "id": "325490", "bio": "", "photo": {"prefix": "https://igx.4sqi.net/img/user/", "suffix": "/VTAHBWN1OMDCPFCH.jpg"}, "homeCity": "Bukit Timah, Singapore", "lists": {"groups": [{"items": [], "count": 3, "type": "created"}]}}, {"tips": {"count": 0}, "contact": {"twitter": "rjv4short", "facebook": "547212790"}, "firstName": "Rajeev", "gender": "male", "lastName": "Arumugam", "id": "23210896", "bio": "", "photo": {"prefix": "https://igx.4sqi.net/img/user/", "suffix": "/NC0YPT0R2UE11PUB.jpg"}, "homeCity": "New York, NY", "lists": {"groups": [{"items": [], "count": 2, "type": "created"}]}}, {"tips": {"count": 4}, "contact": {"twitter": "bigsurf", "facebook": "227700001"}, "firstName": "Justin", "gender": "male", "lastName": "Lee", "id": "61278", "bio": "", "photo": {"prefix": "https://igx.4sqi.net/img/user/", "suffix": "/blank_boy.png", "default": true}, "homeCity": "Singapore", "lists": {"groups": [{"items": [], "count": 2, "type": "created"}]}}, {"tips": {"count": 0}, "contact": {"facebook": "756066109"}, "firstName": "Dexter", "gender": "male", "lastName": "Tan Wei Ru", "id": "727682", "bio": "", "photo": {"prefix": "https://igx.4sqi.net/img/user/", "suffix": "/blank_boy.png", "default": true}, "homeCity": "Singapore", "lists": {"groups": [{"items": [], "count": 2, "type": "created"}]}}, {"tips": {"count": 2}, "contact": {"twitter": "chernjie", "facebook": "511067128"}, "firstName": "ChernJie", "gender": "male", "id": "1154160", "bio": "", "photo": {"prefix": "https://igx.4sqi.net/img/user/", "suffix": "/OOJVPR1BEA2F2RW2.jpg"}, "homeCity": "Kunming, Yunnan", "lists": {"groups": [{"items": [], "count": 2, "type": "created"}]}}, {"tips": {"count": 0}, "contact": {}, "firstName": "Xing yao", "gender": "male", "lastName": "Yap", "id": "2868548", "bio": "", "photo": {"prefix": "https://igx.4sqi.net/img/user/", "suffix": "/P0I04FF3WMGVSPPW.jpg"}, "homeCity": "Singapore", "lists": {"groups": [{"items": [], "count": 2, "type": "created"}]}}, {"tips": {"count": 0}, "contact": {}, "firstName": "Sean", "gender": "male", "lastName": "Lee", "id": "2099123", "bio": "", "photo": {"prefix": "https://igx.4sqi.net/img/user/", "suffix": "/PDJTIMOSC04WKD23.jpg"}, "homeCity": "Singapore", "lists": {"groups": [{"items": [], "count": 2, "type": "created"}]}}, {"tips": {"count": 14}, "contact": {"twitter": "skribe", "facebook": "671380756"}, "firstName": "Skribe", "gender": "male", "lastName": "Forti", "id": "105566", "bio": "", "photo": {"prefix": "https://igx.4sqi.net/img/user/", "suffix": "/0FOCYHXPW3JUJGOH.jpg"}, "homeCity": "Perth", "lists": {"groups": [{"items": [], "count": 2, "type": "created"}]}}, {"tips": {"count": 12}, "contact": {"facebook": "100003000877591"}, "firstName": "Robert", "gender": "male", "lastName": "Parada Zuluaga", "id": "15982447", "bio": "", "photo": {"prefix": "https://igx.4sqi.net/img/user/", "suffix": "/15982447-CEG3KNFAPI0UVL2M.jpg"}, "homeCity": "Medell\u00edn, Colombia", "lists": {"groups": [{"items": [], "count": 2, "type": "created"}]}}, {"tips": {"count": 0}, "contact": {"facebook": "502944563"}, "firstName": "Kian Yong", "gender": "male", "lastName": "Tan", "id": "6209855", "bio": "", "photo": {"prefix": "https://igx.4sqi.net/img/user/", "suffix": "/TJGGACTGMZ5UQTYI.jpg"}, "homeCity": "Singapore", "lists": {"groups": [{"items": [], "count": 2, "type": "created"}]}}, {"tips": {"count": 247}, "contact": {"twitter": "sparklette", "facebook": "598180568"}, "firstName": "Veron @ Sparklette.net", "gender": "female", "id": "286427", "bio": "", "photo": {"prefix": "https://igx.4sqi.net/img/user/", "suffix": "/BQODELOYU34CMCTJ.jpg"}, "homeCity": "Singapore", "lists": {"groups": [{"items": [], "count": 2, "type": "created"}]}}, {"tips": {"count": 1}, "contact": {"twitter": "slidbook", "facebook": "501838558"}, "firstName": "Michael", "gender": "male", "id": "29525675", "bio": "", "photo": {"prefix": "https://igx.4sqi.net/img/user/", "suffix": "/SJWXS2TRCYKOCKQA.jpg"}, "homeCity": "New York, NY", "lists": {"groups": [{"items": [], "count": 2, "type": "created"}]}}, {"tips": {"count": 0}, "contact": {"facebook": "100000952034689"}, "firstName": "AvA", "gender": "male", "id": "29320674", "bio": "", "photo": {"prefix": "https://igx.4sqi.net/img/user/", "suffix": "/J22NBED3L4Y32JOO.jpg"}, "homeCity": "Lille-Paris, France", "lists": {"groups": [{"items": [], "count": 2, "type": "created"}]}}, {"tips": {"count": 0}, "contact": {}, "firstName": "Josephine", "gender": "female", "lastName": "Heng", "id": "4250837", "bio": "", "photo": {"prefix": "https://igx.4sqi.net/img/user/", "suffix": "/MVCD0XJEDBX3WHHO.jpg"}, "homeCity": "Singapore", "lists": {"groups": [{"items": [], "count": 2, "type": "created"}]}}, {"tips": {"count": 0}, "contact": {"twitter": "isaaclau86"}, "firstName": "Isaac", "gender": "male", "lastName": "Lau", "id": "12974492", "bio": "", "photo": {"prefix": "https://igx.4sqi.net/img/user/", "suffix": "/1JK3OPPYNIINV0AY.jpg"}, "homeCity": "\uc11c\uc6b8\ud2b9\ubcc4\uc2dc, \ub300\ud55c\ubbfc\uad6d", "lists": {"groups": [{"items": [], "count": 2, "type": "created"}]}}, {"tips": {"count": 0}, "contact": {"facebook": "690148340"}, "firstName": "Roy", "gender": "male", "lastName": "Lee", "id": "89750354", "bio": "", "photo": {"prefix": "https://igx.4sqi.net/img/user/", "suffix": "/89750354-XQ50OYUYEZVE0GWA.jpg"}, "homeCity": "", "lists": {"groups": [{"items": [], "count": 2, "type": "created"}]}}, {"tips": {"count": 3}, "contact": {"twitter": "samanthaleeyc", "facebook": "10153149599321700"}, "firstName": "samanthacharlottelee", "gender": "female", "id": "7485263", "bio": ".Singapore Lifestyle Blogger. Food. Travel. Photography. @ themakanministry.wordpress.com", "photo": {"prefix": "https://igx.4sqi.net/img/user/", "suffix": "/7485263-N4FRM04ENFMEQXU1.jpg"}, "homeCity": "Singapore", "lists": {"groups": [{"items": [], "count": 2, "type": "created"}]}}, {"tips": {"count": 1}, "contact": {"facebook": "545485705"}, "firstName": "Adam", "gender": "male", "lastName": "Takeshi", "id": "2745985", "bio": "", "photo": {"prefix": "https://igx.4sqi.net/img/user/", "suffix": "/4DJZDXOYM5LEYBK3.jpg"}, "homeCity": "Singapore", "lists": {"groups": [{"items": [], "count": 2, "type": "created"}]}}, {"tips": {"count": 13}, "contact": {"twitter": "eeffocian"}, "firstName": "Joshua", "gender": "male", "lastName": "Ng", "id": "4803120", "bio": "", "photo": {"prefix": "https://igx.4sqi.net/img/user/", "suffix": "/4803120-UJVCNDKICYJSNT45"}, "homeCity": "Singapore", "lists": {"groups": [{"items": [], "count": 2, "type": "created"}]}}, {"tips": {"count": 1}, "contact": {"facebook": "572347586"}, "firstName": "John", "gender": "male", "lastName": "jiawei", "id": "5936033", "bio": "", "photo": {"prefix": "https://igx.4sqi.net/img/user/", "suffix": "/FWDC1LZLBVSN210W.jpg"}, "homeCity": "Singapore", "lists": {"groups": [{"items": [], "count": 2, "type": "created"}]}}, {"tips": {"count": 1}, "contact": {"twitter": "melvinyuan", "facebook": "517231025"}, "firstName": "Melvin", "gender": "male", "lastName": "Yuan", "id": "338923", "bio": "Founder of Social Business Consultancy - Omnifluence; Co-founder of Indoor Positioning Company - YFind Technologies. And still thinking of stuff to make.", "photo": {"prefix": "https://igx.4sqi.net/img/user/", "suffix": "/5301TKCWR14RPYKD.png"}, "homeCity": "Singapore", "lists": {"groups": [{"items": [], "count": 6, "type": "created"}]}}, {"tips": {"count": 0}, "contact": {"twitter": "raine248"}, "firstName": "raine", "gender": "female", "id": "71983", "bio": "", "photo": {"prefix": "https://igx.4sqi.net/img/user/", "suffix": "/blank_girl.png", "default": true}, "homeCity": "Singapore", "lists": {"groups": [{"items": [], "count": 2, "type": "created"}]}}, {"tips": {"count": 0}, "contact": {"twitter": "zeechoo", "facebook": "549361341"}, "firstName": "Zee", "gender": "female", "lastName": "Choo", "id": "16876579", "bio": "", "photo": {"prefix": "https://igx.4sqi.net/img/user/", "suffix": "/YDU4NMF3NVBSPLYW.jpg"}, "homeCity": "NY", "lists": {"groups": [{"items": [], "count": 2, "type": "created"}]}}, {"tips": {"count": 0}, "contact": {"twitter": "coolinsights", "facebook": "734910544"}, "firstName": "Walter", "gender": "male", "lastName": "Lim", "id": "1220286", "bio": "", "photo": {"prefix": "https://igx.4sqi.net/img/user/", "suffix": "/QHSZG43DXBRU4SYI.jpg"}, "homeCity": "Singapore", "lists": {"groups": [{"items": [], "count": 2, "type": "created"}]}}, {"tips": {"count": 8}, "contact": {"twitter": "janinecherrie", "facebook": "549710590"}, "firstName": "Janine", "gender": "female", "lastName": "Cherrie", "id": "3182973", "bio": "", "photo": {"prefix": "https://igx.4sqi.net/img/user/", "suffix": "/3182973-FJIFPJDGH31QYQGW.jpg"}, "homeCity": "Kuala Lumpur, Malaysia", "lists": {"groups": [{"items": [], "count": 2, "type": "created"}]}}, {"tips": {"count": 0}, "contact": {"twitter": "artursgg", "facebook": "100002111386963"}, "firstName": "Art\u016brs", "gender": "male", "lastName": "Gubins", "id": "15356535", "bio": "", "photo": {"prefix": "https://igx.4sqi.net/img/user/", "suffix": "/D4ZF1UPIHXFLUIAB.jpg"}, "homeCity": "Valmiera, Latvija", "lists": {"groups": [{"items": [], "count": 2, "type": "created"}]}}, {"tips": {"count": 0}, "contact": {"twitter": "paikia", "facebook": "680409967"}, "firstName": "Jason", "gender": "male", "lastName": "Low", "id": "106703", "bio": "", "photo": {"prefix": "https://igx.4sqi.net/img/user/", "suffix": "/KBYJ42KAOEVJXQCQ.jpg"}, "homeCity": "Singapore", "lists": {"groups": [{"items": [], "count": 2, "type": "created"}]}}, {"tips": {"count": 16}, "contact": {"twitter": "phan_a_tuan", "facebook": "10207754509648160"}, "firstName": "Phan", "gender": "male", "lastName": "Tuan", "id": "28083798", "bio": "", "photo": {"prefix": "https://igx.4sqi.net/img/user/", "suffix": "/VOQH4TEAZV3D0U2I.jpg"}, "homeCity": "Singapore", "lists": {"groups": [{"items": [], "count": 3, "type": "created"}]}}, {"tips": {"count": 1}, "contact": {"twitter": "marklam_", "facebook": "594790737"}, "firstName": "Mark", "gender": "male", "lastName": "Lam", "id": "6915785", "bio": "", "photo": {"prefix": "https://igx.4sqi.net/img/user/", "suffix": "/BRIRGYZ2TLFWFNZK.jpg"}, "homeCity": "Singapore", "lists": {"groups": [{"items": [], "count": 2, "type": "created"}]}}, {"tips": {"count": 0}, "contact": {"twitter": "sybilcereal"}, "firstName": "Sybil", "gender": "female", "lastName": "Cereal", "id": "2106153", "bio": "", "photo": {"prefix": "https://igx.4sqi.net/img/user/", "suffix": "/GC04RJNQO5MV3WQI.jpg"}, "homeCity": "Singapore", "lists": {"groups": [{"items": [], "count": 2, "type": "created"}]}}, {"tips": {"count": 0}, "contact": {"twitter": "collyyystrings"}, "firstName": "Vivian", "gender": "female", "lastName": "Choy", "id": "35607089", "bio": "", "photo": {"prefix": "https://igx.4sqi.net/img/user/", "suffix": "/10Z44KVKIKVMY0EE.jpg"}, "homeCity": "Singapore ", "lists": {"groups": [{"items": [], "count": 2, "type": "created"}]}}, {"tips": {"count": 0}, "contact": {"facebook": "507229147"}, "firstName": "Saniya", "gender": "female", "lastName": "Gupta", "id": "46072507", "bio": "", "photo": {"prefix": "https://igx.4sqi.net/img/user/", "suffix": "/BAS4GSKCG2OQY1I3.jpg"}, "homeCity": "New York, NY", "lists": {"groups": [{"items": [], "count": 2, "type": "created"}]}}, {"tips": {"count": 0}, "contact": {"facebook": "10153215484557392"}, "firstName": "perlyn", "gender": "female", "lastName": "tan", "id": "10746845", "bio": "", "photo": {"prefix": "https://igx.4sqi.net/img/user/", "suffix": "/10746845-C32DTCCVESMFQNTK.jpg"}, "homeCity": "Singapore", "lists": {"groups": [{"items": [], "count": 2, "type": "created"}]}}, {"tips": {"count": 1}, "contact": {"facebook": "866750631"}, "firstName": "Zhan Hui", "gender": "male", "lastName": "Lee", "id": "13119190", "bio": "", "photo": {"prefix": "https://igx.4sqi.net/img/user/", "suffix": "/blank_boy.png", "default": true}, "homeCity": "Singapore", "lists": {"groups": [{"items": [], "count": 2, "type": "created"}]}}, {"tips": {"count": 0}, "contact": {"twitter": "krisabellee", "facebook": "631402536"}, "firstName": "Krisabelle", "gender": "female", "lastName": "Tee", "id": "7761109", "bio": "", "photo": {"prefix": "https://igx.4sqi.net/img/user/", "suffix": "/2ZHKTRFNWOXH3Y0X.jpg"}, "homeCity": "Singapore", "lists": {"groups": [{"items": [], "count": 2, "type": "created"}]}}, {"tips": {"count": 1}, "contact": {"facebook": "556876645"}, "firstName": "Eugene", "gender": "male", "id": "3957969", "bio": "", "photo": {"prefix": "https://igx.4sqi.net/img/user/", "suffix": "/I53B5KAZG2IYGZRC.jpg"}, "homeCity": "Singapore", "lists": {"groups": [{"items": [], "count": 2, "type": "created"}]}}, {"tips": {"count": 0}, "contact": {"facebook": "731981230"}, "firstName": "Melissa", "gender": "female", "lastName": "Lee", "id": "9779072", "bio": "", "photo": {"prefix": "https://igx.4sqi.net/img/user/", "suffix": "/ZJ2ZRUOTKZST4TD3.jpg"}, "homeCity": "Singapore", "lists": {"groups": [{"items": [], "count": 2, "type": "created"}]}}, {"tips": {"count": 0}, "contact": {"twitter": "innosensical", "facebook": "1624549540"}, "firstName": "Siti Suhailah", "gender": "female", "lastName": "Sulaiman", "id": "9599934", "bio": "", "photo": {"prefix": "https://igx.4sqi.net/img/user/", "suffix": "/SMRS0EISVJSGYQ2I.jpg"}, "homeCity": "Singapore", "lists": {"groups": [{"items": [], "count": 2, "type": "created"}]}}, {"tips": {"count": 0}, "contact": {"facebook": "700565165"}, "firstName": "Melissa", "gender": "female", "lastName": "Law", "id": "996159", "bio": "", "photo": {"prefix": "https://igx.4sqi.net/img/user/", "suffix": "/Z2KE4JLAZNVR5NWZ.jpg"}, "homeCity": "Sg", "lists": {"groups": [{"items": [], "count": 2, "type": "created"}]}}, {"tips": {"count": 0}, "contact": {}, "firstName": "Richard", "gender": "male", "lastName": "Korff", "id": "113446", "bio": "", "photo": {"prefix": "https://igx.4sqi.net/img/user/", "suffix": "/113446_1259251293555.png"}, "homeCity": "Singapore", "lists": {"groups": [{"items": [], "count": 2, "type": "created"}]}}, {"tips": {"count": 0}, "contact": {"facebook": "556033930"}, "firstName": "Gerald", "gender": "male", "lastName": "Nah", "id": "35343185", "bio": "", "photo": {"prefix": "https://igx.4sqi.net/img/user/", "suffix": "/SYW1EZ1QGEJO4Y3R.jpg"}, "homeCity": "New York, NY", "lists": {"groups": [{"items": [], "count": 2, "type": "created"}]}}, {"tips": {"count": 2}, "contact": {"twitter": "40stripes", "facebook": "10155733336487846"}, "firstName": "Timothy", "gender": "male", "lastName": "Wong", "id": "1284543", "bio": "", "photo": {"prefix": "https://igx.4sqi.net/img/user/", "suffix": "/1284543-PFB1RCXWSEIKRCX5.jpg"}, "homeCity": "Singapore", "lists": {"groups": [{"items": [], "count": 2, "type": "created"}]}}, {"tips": {"count": 2}, "contact": {"facebook": "712216745"}, "firstName": "Pei Lin", "gender": "female", "id": "3675790", "bio": "", "photo": {"prefix": "https://igx.4sqi.net/img/user/", "suffix": "/FOCVOZJNOMICJTDS.jpg"}, "homeCity": "Singapore", "lists": {"groups": [{"items": [], "count": 2, "type": "created"}]}}, {"tips": {"count": 0}, "contact": {"twitter": "celesteyunnie", "facebook": "565711627"}, "firstName": "Xiao Yun", "gender": "female", "lastName": "Chen", "id": "21987508", "bio": "", "photo": {"prefix": "https://igx.4sqi.net/img/user/", "suffix": "/XAWD0IE15WUHUP0G.jpg"}, "homeCity": "New York, NY", "lists": {"groups": [{"items": [], "count": 3, "type": "created"}]}}, {"tips": {"count": 0}, "contact": {"twitter": "niqyap", "facebook": "732505529"}, "firstName": "Nicholas", "gender": "male", "lastName": "Yap", "id": "108244", "bio": "", "photo": {"prefix": "https://igx.4sqi.net/img/user/", "suffix": "/blank_boy.png", "default": true}, "homeCity": "Singapore", "lists": {"groups": [{"items": [], "count": 2, "type": "created"}]}}, {"tips": {"count": 9}, "contact": {}, "firstName": "Audrey", "gender": "female", "lastName": "Lim", "id": "8559933", "bio": "", "photo": {"prefix": "https://igx.4sqi.net/img/user/", "suffix": "/8559933-RLVL4GYUW3GZ3IDU.jpg"}, "homeCity": "Singapore", "lists": {"groups": [{"items": [], "count": 8, "type": "created"}]}}, {"tips": {"count": 0}, "contact": {}, "firstName": "chuaychuay", "gender": "female", "lastName": "Chuay", "id": "7049828", "bio": "", "photo": {"prefix": "https://igx.4sqi.net/img/user/", "suffix": "/B3TGELZWGSFU4FHI.jpg"}, "homeCity": "\u0e2b\u0e31\u0e27\u0e2b\u0e21\u0e32\u0e01, \u0e1b\u0e23\u0e30\u0e40\u0e17\u0e28\u0e44\u0e17\u0e22", "lists": {"groups": [{"items": [], "count": 2, "type": "created"}]}}, {"tips": {"count": 0}, "contact": {"facebook": "1649584729"}, "firstName": "Aleksandras", "gender": "male", "lastName": "Jocius", "id": "36009125", "bio": "", "photo": {"prefix": "https://igx.4sqi.net/img/user/", "suffix": "/ULOXW4DADTT3AECK.jpg"}, "homeCity": "New York, NY", "lists": {"groups": [{"items": [], "count": 2, "type": "created"}]}}, {"tips": {"count": 0}, "contact": {"facebook": "100002228171110"}, "firstName": "Stella", "gender": "female", "lastName": "Li", "id": "50282882", "bio": "", "photo": {"prefix": "https://igx.4sqi.net/img/user/", "suffix": "/3PZ0LD4TVB1B3RER.jpg"}, "homeCity": "London, England", "lists": {"groups": [{"items": [], "count": 2, "type": "created"}]}}, {"tips": {"count": 1}, "contact": {}, "firstName": "Shaik", "gender": "male", "lastName": "An", "id": "11115632", "bio": "", "photo": {"prefix": "https://igx.4sqi.net/img/user/", "suffix": "/X1BAEWI5T2OV0VZQ.jpg"}, "homeCity": "Singapore", "lists": {"groups": [{"items": [], "count": 2, "type": "created"}]}}, {"tips": {"count": 0}, "contact": {"facebook": "548520693"}, "firstName": "Rachana", "gender": "female", "lastName": "Shah", "id": "24197118", "bio": "", "photo": {"prefix": "https://igx.4sqi.net/img/user/", "suffix": "/XDMHRLCT23FHECOQ.jpg"}, "homeCity": "Maharashtra", "lists": {"groups": [{"items": [], "count": 2, "type": "created"}]}}, {"tips": {"count": 0}, "contact": {}, "firstName": "Desiree", "gender": "female", "lastName": "Chua", "id": "10001712", "bio": "", "photo": {"prefix": "https://igx.4sqi.net/img/user/", "suffix": "/3PMIZYKNPVV1I2DX.jpg"}, "homeCity": "Singapore", "lists": {"groups": [{"items": [], "count": 2, "type": "created"}]}}, {"tips": {"count": 3}, "contact": {"twitter": "chiankh", "facebook": "510688135"}, "firstName": "Gavin Chian", "gender": "male", "id": "8458453", "bio": "", "photo": {"prefix": "https://igx.4sqi.net/img/user/", "suffix": "/YUFSXKULDBLSHSPN.jpg"}, "homeCity": "SG", "lists": {"groups": [{"items": [], "count": 2, "type": "created"}]}}, {"tips": {"count": 1}, "contact": {"twitter": "pea_chu"}, "firstName": "Pyrena", "gender": "female", "lastName": "chu", "id": "12938758", "bio": "", "photo": {"prefix": "https://igx.4sqi.net/img/user/", "suffix": "/5DZIQVQVBZC2ZHUC.jpg"}, "homeCity": "Singapore", "lists": {"groups": [{"items": [], "count": 3, "type": "created"}]}}, {"tips": {"count": 0}, "contact": {"facebook": "600419383"}, "firstName": "Nikunj", "gender": "male", "lastName": "Handa", "id": "55756487", "bio": "", "photo": {"prefix": "https://igx.4sqi.net/img/user/", "suffix": "/-VSFQBF5UKOY3G4CZ.jpg"}, "homeCity": "Singapore", "lists": {"groups": [{"items": [], "count": 2, "type": "created"}]}}, {"tips": {"count": 0}, "contact": {"facebook": "693612084"}, "firstName": "NIE SAN", "gender": "female", "lastName": "LIM", "id": "1699294", "bio": "", "photo": {"prefix": "https://igx.4sqi.net/img/user/", "suffix": "/YYZ0SFC2VYPDCWSY.jpg"}, "homeCity": "Singapore", "lists": {"groups": [{"items": [], "count": 2, "type": "created"}]}}, {"superuser": 2, "tips": {"count": 2}, "contact": {}, "firstName": "D", "gender": "male", "lastName": "K", "id": "113673", "bio": "", "photo": {"prefix": "https://igx.4sqi.net/img/user/", "suffix": "/113673_1258824779402.jpg"}, "homeCity": "Singapore", "lists": {"groups": [{"items": [], "count": 2, "type": "created"}]}}, {"tips": {"count": 0}, "contact": {"facebook": "586150950"}, "firstName": "Vanessa", "gender": "female", "lastName": "Tay", "id": "85822638", "bio": "", "photo": {"prefix": "https://igx.4sqi.net/img/user/", "suffix": "/85822638-4BU1STM1J1YVHKUI.jpg"}, "homeCity": "Singapore", "lists": {"groups": [{"items": [], "count": 2, "type": "created"}]}}, {"tips": {"count": 3}, "contact": {"facebook": "688981411"}, "firstName": "Hendri", "gender": "male", "lastName": "Budi", "id": "1647496", "bio": "", "photo": {"prefix": "https://igx.4sqi.net/img/user/", "suffix": "/DQ5RHS4JRKENHGSN.jpg"}, "homeCity": "Singapore", "lists": {"groups": [{"items": [], "count": 2, "type": "created"}]}}, {"tips": {"count": 0}, "contact": {}, "firstName": "Nadia", "gender": "female", "lastName": "Jumahat", "id": "3965027", "bio": "", "photo": {"prefix": "https://igx.4sqi.net/img/user/", "suffix": "/UG4VS1GHN3LFVYR5.jpg"}, "homeCity": "New York, NY", "lists": {"groups": [{"items": [], "count": 2, "type": "created"}]}}, {"tips": {"count": 0}, "contact": {"facebook": "645531292"}, "firstName": "Keith", "gender": "male", "lastName": "Junyong", "id": "33150305", "bio": "", "photo": {"prefix": "https://igx.4sqi.net/img/user/", "suffix": "/5WOMVDF4L21XROZX.jpg"}, "homeCity": "Singapore, Singapore", "lists": {"groups": [{"items": [], "count": 2, "type": "created"}]}}, {"tips": {"count": 55}, "contact": {"twitter": "kahwee", "facebook": "852815625"}, "firstName": "KahWee", "gender": "male", "lastName": "Teng", "id": "109249", "bio": "My favorite places are Korea, Japan and Singapore!", "photo": {"prefix": "https://igx.4sqi.net/img/user/", "suffix": "/MSAUMDIT2FSCLEYQ.jpg"}, "homeCity": "San Francisco, CA", "lists": {"groups": [{"items": [], "count": 15, "type": "created"}]}}, {"tips": {"count": 0}, "contact": {"facebook": "572416908"}, "firstName": "Steve", "gender": "male", "lastName": "Ling", "id": "12539541", "bio": "", "photo": {"prefix": "https://igx.4sqi.net/img/user/", "suffix": "/AXPSSR0VBPL3W5WL.jpg"}, "homeCity": "Singapore", "lists": {"groups": [{"items": [], "count": 2, "type": "created"}]}}, {"tips": {"count": 46}, "contact": {"twitter": "singingcoconut", "facebook": "10153992275467299"}, "firstName": "Wabbit", "gender": "female", "lastName": "SingingCoconut", "id": "7799983", "bio": "Http://fb.com/nathaliebluesc", "photo": {"prefix": "https://igx.4sqi.net/img/user/", "suffix": "/T2UQP30SFI1CUYOW.jpg"}, "homeCity": "Singapore", "lists": {"groups": [{"items": [], "count": 3, "type": "created"}]}}, {"tips": {"count": 2}, "contact": {"facebook": "810734592"}, "firstName": "Desmond", "gender": "male", "lastName": "Sim", "id": "38018335", "bio": "", "photo": {"prefix": "https://igx.4sqi.net/img/user/", "suffix": "/QLEGA0SSC0CO3YIY.jpg"}, "homeCity": "Singapore, Singapore", "lists": {"groups": [{"items": [], "count": 2, "type": "created"}]}}, {"tips": {"count": 4}, "contact": {"twitter": "celestekok", "facebook": "643265669"}, "firstName": "Celeste", "gender": "female", "lastName": "Kok", "id": "12099654", "bio": "", "photo": {"prefix": "https://igx.4sqi.net/img/user/", "suffix": "/12099654-U0ZL4XBO2DWV2SND.jpg"}, "homeCity": "Singapore ", "lists": {"groups": [{"items": [], "count": 2, "type": "created"}]}}, {"tips": {"count": 0}, "contact": {"facebook": "682416437"}, "firstName": "Eryna", "gender": "female", "lastName": "Yeo", "id": "82244499", "bio": "", "photo": {"prefix": "https://igx.4sqi.net/img/user/", "suffix": "/82244499-5JZVDZAV0BXMADMK.jpg"}, "homeCity": "Singapore", "lists": {"groups": [{"items": [], "count": 2, "type": "created"}]}}, {"tips": {"count": 0}, "contact": {"facebook": "661117136"}, "firstName": "Jason", "gender": "male", "lastName": "Tan", "id": "13873873", "bio": "", "photo": {"prefix": "https://igx.4sqi.net/img/user/", "suffix": "/KD4Z2NK4RUM3WYVJ.jpg"}, "homeCity": "Johor Bahru, Malaysia", "lists": {"groups": [{"items": [], "count": 2, "type": "created"}]}}, {"tips": {"count": 0}, "contact": {"facebook": "706830922"}, "firstName": "U-Zyn", "gender": "male", "lastName": "Chua", "id": "10835224", "bio": "", "photo": {"prefix": "https://igx.4sqi.net/img/user/", "suffix": "/IVZFI1LHJHGXGG10.jpg"}, "homeCity": "Singapore", "lists": {"groups": [{"items": [], "count": 2, "type": "created"}]}}, {"tips": {"count": 0}, "contact": {"facebook": "604770716"}, "firstName": "Utsav", "gender": "male", "lastName": "Sarkar", "id": "68313693", "bio": "", "photo": {"prefix": "https://igx.4sqi.net/img/user/", "suffix": "/4QDF02U2SN3G3HHM.jpg"}, "homeCity": "Vancouver, 02", "lists": {"groups": [{"items": [], "count": 2, "type": "created"}]}}, {"tips": {"count": 0}, "contact": {"facebook": "10154263897988056"}, "firstName": "Langer", "gender": "male", "lastName": "Lee", "id": "40174914", "bio": "", "photo": {"prefix": "https://igx.4sqi.net/img/user/", "suffix": "/F520DN3J1VEL5I4O.jpg"}, "homeCity": "Seoul", "lists": {"groups": [{"items": [], "count": 2, "type": "created"}]}}, {"tips": {"count": 5}, "contact": {"twitter": "ridz84", "facebook": "583754710999"}, "firstName": "Ridzuan", "gender": "male", "lastName": "Ashim", "id": "116136", "bio": "", "photo": {"prefix": "https://igx.4sqi.net/img/user/", "suffix": "/116136_1259008097791.jpg"}, "homeCity": "Singapore", "lists": {"groups": [{"items": [], "count": 9, "type": "created"}]}}, {"tips": {"count": 0}, "contact": {"facebook": "7900075"}, "firstName": "James", "gender": "male", "lastName": "Norris", "id": "86216504", "bio": "", "photo": {"prefix": "https://igx.4sqi.net/img/user/", "suffix": "/86216504-JDUXO4JHDJYU3CZK.jpg"}, "homeCity": "Maryland", "lists": {"groups": [{"items": [], "count": 2, "type": "created"}]}}, {"tips": {"count": 4}, "contact": {"twitter": "dannyseow", "facebook": "10154616658896788"}, "firstName": "Danny", "gender": "male", "lastName": "Seow", "id": "1686354", "bio": "", "photo": {"prefix": "https://igx.4sqi.net/img/user/", "suffix": "/YDZSYNYN5OKPKX3M.jpg"}, "homeCity": "Singapore", "lists": {"groups": [{"items": [], "count": 2, "type": "created"}]}}, {"tips": {"count": 1}, "contact": {"twitter": "tecneret", "facebook": "668096832"}, "firstName": "Terence", "gender": "male", "lastName": "Tan", "id": "4038991", "bio": "", "photo": {"prefix": "https://igx.4sqi.net/img/user/", "suffix": "/ZVCKTZYVUHSHPMGL.jpg"}, "homeCity": "Singapore", "lists": {"groups": [{"items": [], "count": 2, "type": "created"}]}}, {"tips": {"count": 0}, "contact": {"twitter": "honcheng", "facebook": "644288172"}, "firstName": "Hon Cheng", "gender": "male", "lastName": "Muh", "id": "112270", "bio": "", "photo": {"prefix": "https://igx.4sqi.net/img/user/", "suffix": "/112270_1259070903172.jpg"}, "homeCity": "Jakarta", "lists": {"groups": [{"items": [], "count": 2, "type": "created"}]}}, {"tips": {"count": 0}, "contact": {"facebook": "529741211"}, "firstName": "Nur", "gender": "male", "lastName": "Izhar", "id": "11639649", "bio": "", "photo": {"prefix": "https://igx.4sqi.net/img/user/", "suffix": "/0JFUUBUM2IL0LXBK.jpg"}, "homeCity": "Singapore", "lists": {"groups": [{"items": [], "count": 2, "type": "created"}]}}, {"tips": {"count": 0}, "contact": {"facebook": "770642534"}, "firstName": "Danny", "gender": "male", "lastName": "Pang", "id": "50199419", "bio": "", "photo": {"prefix": "https://igx.4sqi.net/img/user/", "suffix": "/FWBUM2K4RRC2XQFY.jpg"}, "homeCity": "Singapore", "lists": {"groups": [{"items": [], "count": 2, "type": "created"}]}}, {"tips": {"count": 0}, "contact": {"facebook": "621580711"}, "firstName": "Izwan", "gender": "male", "lastName": "Abu Shama", "id": "17591301", "bio": "", "photo": {"prefix": "https://igx.4sqi.net/img/user/", "suffix": "/QYXQWJIO0YJWSZED.jpg"}, "homeCity": "Singapore", "lists": {"groups": [{"items": [], "count": 2, "type": "created"}]}}, {"tips": {"count": 0}, "contact": {"facebook": "100001599399332"}, "firstName": "Izzat", "gender": "male", "lastName": "Mukhamedov", "id": "44619753", "bio": "", "photo": {"prefix": "https://igx.4sqi.net/img/user/", "suffix": "/44619753-UTHKVSPWTEYGSKYQ.jpg"}, "homeCity": "Tashkent", "lists": {"groups": [{"items": [], "count": 2, "type": "created"}]}}, {"tips": {"count": 0}, "contact": {"facebook": "632994467"}, "firstName": "Ernest", "gender": "male", "lastName": "Cai", "id": "14743475", "bio": "", "photo": {"prefix": "https://igx.4sqi.net/img/user/", "suffix": "/IP4ZGHQQM4DGLDWA.jpg"}, "homeCity": "Singapore", "lists": {"groups": [{"items": [], "count": 2, "type": "created"}]}}, {"tips": {"count": 0}, "contact": {"facebook": "1436499013"}, "firstName": "Sonja", "gender": "female", "lastName": "Lambert", "id": "63659470", "bio": "", "photo": {"prefix": "https://igx.4sqi.net/img/user/", "suffix": "/H05YSFQTWUC4VNLI.jpg"}, "homeCity": "Bratislava, 02", "lists": {"groups": [{"items": [], "count": 2, "type": "created"}]}}, {"tips": {"count": 2}, "contact": {"twitter": "clauds", "facebook": "573301226"}, "firstName": "Huishan", "gender": "female", "lastName": "Wu", "id": "121634", "bio": "", "photo": {"prefix": "https://igx.4sqi.net/img/user/", "suffix": "/-1_1259052280367.jpg"}, "homeCity": "Singapore", "lists": {"groups": [{"items": [], "count": 2, "type": "created"}]}}, {"tips": {"count": 0}, "contact": {"facebook": "649108705"}, "firstName": "Joan", "gender": "female", "lastName": "Chang", "id": "87631626", "bio": "", "photo": {"prefix": "https://igx.4sqi.net/img/user/", "suffix": "/87631626-IC2GYMHZUAQ3V0M0.jpg"}, "homeCity": "", "lists": {"groups": [{"items": [], "count": 2, "type": "created"}]}}, {"tips": {"count": 0}, "contact": {}, "firstName": "Marcus", "gender": "male", "lastName": "Lee", "id": "1812186", "bio": "", "photo": {"prefix": "https://igx.4sqi.net/img/user/", "suffix": "/XRELO53FLRSCC0W5.jpg"}, "homeCity": "Singapore", "lists": {"groups": [{"items": [], "count": 2, "type": "created"}]}}, {"tips": {"count": 0}, "contact": {"facebook": "538041844"}, "firstName": "Xiuwen", "gender": "female", "lastName": "\u79c0\u96ef", "id": "4138566", "bio": "", "photo": {"prefix": "https://igx.4sqi.net/img/user/", "suffix": "/WCJNBJM4UUQ5GO3O.jpg"}, "homeCity": "Singapore", "lists": {"groups": [{"items": [], "count": 2, "type": "created"}]}}, {"tips": {"count": 2}, "contact": {"twitter": "danieltsou", "facebook": "525396930"}, "firstName": "Daniel", "gender": "male", "lastName": "Tsou", "id": "112319", "bio": "", "photo": {"prefix": "https://igx.4sqi.net/img/user/", "suffix": "/112319_1258956413357.jpg"}, "homeCity": "Singapore", "lists": {"groups": [{"items": [], "count": 2, "type": "created"}]}}, {"tips": {"count": 1}, "contact": {"twitter": "outoffaith", "facebook": "649788506"}, "firstName": "Ann", "gender": "female", "lastName": "Teo", "id": "11714741", "bio": "", "photo": {"prefix": "https://igx.4sqi.net/img/user/", "suffix": "/YODBKQAMJ4CSAAA5.jpg"}, "homeCity": "Singapore", "lists": {"groups": [{"items": [], "count": 2, "type": "created"}]}}, {"tips": {"count": 0}, "contact": {"facebook": "100002652343771"}, "firstName": "Jung", "gender": "male", "lastName": "Jiun", "id": "77265577", "bio": "", "photo": {"prefix": "https://igx.4sqi.net/img/user/", "suffix": "/77265577-WYGELUZHEQMLBE3D.jpg"}, "homeCity": "Yogyakarta, DI Yogyakarta", "lists": {"groups": [{"items": [], "count": 2, "type": "created"}]}}, {"tips": {"count": 0}, "contact": {"twitter": "wieberwie", "facebook": "605690462"}, "firstName": "Justin", "gender": "male", "lastName": "Wie", "id": "19148111", "bio": "", "photo": {"prefix": "https://igx.4sqi.net/img/user/", "suffix": "/Y2BG2AV0XOQX3PSU.jpg"}, "homeCity": "Singapore", "lists": {"groups": [{"items": [], "count": 2, "type": "created"}]}}, {"tips": {"count": 0}, "contact": {"facebook": "1134001826"}, "firstName": "Ieva", "gender": "none", "id": "70174584", "bio": "", "photo": {"prefix": "https://igx.4sqi.net/img/user/", "suffix": "/70174584-GAE5B5FSZRHM13ZH.jpg"}, "homeCity": "", "lists": {"groups": [{"items": [], "count": 2, "type": "created"}]}}, {"superuser": 1, "tips": {"count": 8}, "contact": {"twitter": "coderkungfu", "facebook": "503517228"}, "firstName": "Michael", "gender": "male", "lastName": "Cheng", "id": "121729", "bio": "", "photo": {"prefix": "https://igx.4sqi.net/img/user/", "suffix": "/121729-1450YYZ2QCKCRWMC.jpg"}, "homeCity": "Singapore", "lists": {"groups": [{"items": [], "count": 4, "type": "created"}]}}, {"tips": {"count": 0}, "contact": {"twitter": "c2melvin", "facebook": "573250640"}, "firstName": "Melvin", "gender": "male", "lastName": "Tan Bi Wei", "id": "1820633", "bio": "", "photo": {"prefix": "https://igx.4sqi.net/img/user/", "suffix": "/blank_boy.png", "default": true}, "homeCity": "Singapore", "lists": {"groups": [{"items": [], "count": 2, "type": "created"}]}}, {"tips": {"count": 0}, "contact": {"facebook": "100003594288886"}, "firstName": "Nursultan", "gender": "male", "lastName": "Abishev", "id": "46592762", "bio": "", "photo": {"prefix": "https://igx.4sqi.net/img/user/", "suffix": "/CXCFVS00YLQCUBI2.jpg"}, "homeCity": "Almaty", "lists": {"groups": [{"items": [], "count": 2, "type": "created"}]}}, {"tips": {"count": 8}, "contact": {"twitter": "keropokman", "facebook": "574032312"}, "firstName": "Keropok", "gender": "male", "lastName": "Man", "id": "511761", "bio": "", "photo": {"prefix": "https://igx.4sqi.net/img/user/", "suffix": "/1R2GWFUUKLPNCH1W.jpg"}, "homeCity": "Singapore", "lists": {"groups": [{"items": [], "count": 2, "type": "created"}]}}, {"tips": {"count": 0}, "contact": {}, "firstName": "Mary", "gender": "female", "lastName": "Chong", "id": "11890040", "bio": "", "photo": {"prefix": "https://igx.4sqi.net/img/user/", "suffix": "/J1DR2IC4LFKI1WM3.png"}, "homeCity": "Singapore", "lists": {"groups": [{"items": [], "count": 2, "type": "created"}]}}, {"tips": {"count": 0}, "contact": {"twitter": "last", "facebook": "1435450073"}, "firstName": "\u7363\u3002", "gender": "none", "id": "22223114", "bio": "", "photo": {"prefix": "https://igx.4sqi.net/img/user/", "suffix": "/4QICKE0DIJGWTHGT.jpg"}, "homeCity": "New York, NY", "lists": {"groups": [{"items": [], "count": 2, "type": "created"}]}}, {"tips": {"count": 2}, "contact": {}, "firstName": "U-Zyn", "gender": "male", "lastName": "Chua", "id": "127628", "bio": "", "photo": {"prefix": "https://igx.4sqi.net/img/user/", "suffix": "/EZZAG532OVKCAETQ.gif"}, "homeCity": "Singapore, Singapore", "lists": {"groups": [{"items": [], "count": 2, "type": "created"}]}}, {"tips": {"count": 1}, "contact": {}, "firstName": "Tan", "gender": "male", "lastName": "Qq", "id": "2041103", "bio": "", "photo": {"prefix": "https://igx.4sqi.net/img/user/", "suffix": "/E4P1MLTS2WPADGFG.jpg"}, "homeCity": "Singapore", "lists": {"groups": [{"items": [], "count": 2, "type": "created"}]}}, {"tips": {"count": 0}, "contact": {"facebook": "648834619"}, "firstName": "Unbelievaboy", "gender": "male", "lastName": "Desmond", "id": "16977715", "bio": "", "photo": {"prefix": "https://igx.4sqi.net/img/user/", "suffix": "/GEKMOSTT155UYSBA.jpg"}, "homeCity": "Singapore", "lists": {"groups": [{"items": [], "count": 2, "type": "created"}]}}, {"tips": {"count": 5}, "contact": {"twitter": "kimberlysxy", "facebook": "683179151"}, "firstName": "Kimberly", "gender": "female", "lastName": "Sim", "id": "15503364", "bio": "", "photo": {"prefix": "https://igx.4sqi.net/img/user/", "suffix": "/JER3BSHWJND12RHD.jpg"}, "homeCity": "Singapore", "lists": {"groups": [{"items": [], "count": 2, "type": "created"}]}}, {"tips": {"count": 50}, "contact": {"twitter": "daphnemaia", "facebook": "590335708"}, "firstName": "Daphne Maia", "gender": "female", "lastName": "Loo", "id": "129416", "bio": "Coffee \u2022 Powerlifting \u2022 @fortitudegym \u2022 \r\nDigital Marketing \u2022 Writer \u2022 Introvert \u2022", "photo": {"prefix": "https://igx.4sqi.net/img/user/", "suffix": "/129416-CE2O03KIZRMARIQW.jpg"}, "homeCity": "Singapore", "lists": {"groups": [{"items": [], "count": 6, "type": "created"}]}}, {"tips": {"count": 0}, "contact": {}, "firstName": "Yao Min", "gender": "male", "lastName": "Ooi", "id": "2055598", "bio": "", "photo": {"prefix": "https://igx.4sqi.net/img/user/", "suffix": "/blank_boy.png", "default": true}, "homeCity": "Singapore", "lists": {"groups": [{"items": [], "count": 2, "type": "created"}]}}, {"tips": {"count": 0}, "contact": {"facebook": "100001085660763"}, "firstName": "Victoria", "gender": "female", "lastName": "Cherkashina", "id": "22862327", "bio": "", "photo": {"prefix": "https://igx.4sqi.net/img/user/", "suffix": "/Y5G0XF0OOA32SYVV.jpg"}, "homeCity": "Almaty", "lists": {"groups": [{"items": [], "count": 2, "type": "created"}]}}, {"tips": {"count": 0}, "contact": {"facebook": "509988924"}, "firstName": "Ryan", "gender": "male", "lastName": "Heng", "id": "15755022", "bio": "", "photo": {"prefix": "https://igx.4sqi.net/img/user/", "suffix": "/N4DJXHRIQ3DQGLLE.jpg"}, "homeCity": "Singapore", "lists": {"groups": [{"items": [], "count": 2, "type": "created"}]}}, {"tips": {"count": 78}, "contact": {"twitter": "victortan", "facebook": "677121704"}, "firstName": "Victor", "gender": "male", "lastName": "Tan", "id": "133481", "bio": "", "photo": {"prefix": "https://igx.4sqi.net/img/user/", "suffix": "/CNMAILZIJBJA0W50.jpg"}, "homeCity": "Singapore", "lists": {"groups": [{"items": [], "count": 7, "type": "created"}]}}, {"tips": {"count": 0}, "contact": {}, "firstName": "Samuel", "gender": "male", "lastName": "Ong", "id": "2786015", "bio": "", "photo": {"prefix": "https://igx.4sqi.net/img/user/", "suffix": "/blank_boy.png", "default": true}, "homeCity": "Singapore", "lists": {"groups": [{"items": [], "count": 2, "type": "created"}]}}, {"tips": {"count": 14}, "contact": {"twitter": "jhojj", "facebook": "564244848"}, "firstName": "Jeremy", "gender": "male", "lastName": "Ho", "id": "58849865", "bio": "Wanderlusty & Dangerous", "photo": {"prefix": "https://igx.4sqi.net/img/user/", "suffix": "/DH0RHSF4C03HQ1D4.jpg"}, "homeCity": "Singapore", "lists": {"groups": [{"items": [], "count": 2, "type": "created"}]}}, {"tips": {"count": 8}, "contact": {"facebook": "1067215080"}, "firstName": "Ngoc", "gender": "female", "lastName": "Nguyen", "id": "47424513", "bio": "", "photo": {"prefix": "https://igx.4sqi.net/img/user/", "suffix": "/VV3103EZ4CILXDOM.jpg"}, "homeCity": "Providence, RI", "lists": {"groups": [{"items": [], "count": 5, "type": "created"}]}}, {"tips": {"count": 47}, "contact": {"twitter": "jerricklim", "facebook": "505949022"}, "firstName": "Jerrick", "gender": "male", "lastName": "Lim", "id": "144298", "bio": "Food is the reason why I live.", "photo": {"prefix": "https://igx.4sqi.net/img/user/", "suffix": "/-1_1260098153634.jpg"}, "homeCity": "Singapore", "lists": {"groups": [{"items": [], "count": 5, "type": "created"}]}}, {"tips": {"count": 2}, "contact": {"twitter": "donshaikh"}, "firstName": "Don", "gender": "male", "lastName": "Shaikh", "id": "3006388", "bio": "", "photo": {"prefix": "https://igx.4sqi.net/img/user/", "suffix": "/3006388-CX3DBZZAYL2WL5XK.jpg"}, "homeCity": "Singapore", "lists": {"groups": [{"items": [], "count": 3, "type": "created"}]}}, {"tips": {"count": 0}, "contact": {"twitter": "chelsiagoh", "facebook": "713962287"}, "firstName": "Chelsia", "gender": "female", "lastName": "Goh", "id": "484412", "bio": "", "photo": {"prefix": "https://igx.4sqi.net/img/user/", "suffix": "/SCC3E0EWAZPNGUW4.jpg"}, "homeCity": "Singapore", "lists": {"groups": [{"items": [], "count": 2, "type": "created"}]}}, {"tips": {"count": 0}, "contact": {"twitter": "wollycoco", "facebook": "603681420"}, "firstName": "YiWen", "gender": "female", "id": "3098145", "bio": "", "photo": {"prefix": "https://igx.4sqi.net/img/user/", "suffix": "/OAKPBTJMHQGAISLB.jpg"}, "homeCity": "Singapore", "lists": {"groups": [{"items": [], "count": 2, "type": "created"}]}}, {"tips": {"count": 0}, "contact": {}, "firstName": "Abhilash", "gender": "male", "lastName": "Badami", "id": "488465", "bio": "", "photo": {"prefix": "https://igx.4sqi.net/img/user/", "suffix": "/4SZUSHIP40BQL05Q.jpg"}, "homeCity": "Singapore", "lists": {"groups": [{"items": [], "count": 2, "type": "created"}]}}, {"tips": {"count": 29}, "contact": {"twitter": "jacobisaac5", "facebook": "100002148502848"}, "firstName": "Jacob", "gender": "male", "lastName": "Isaac", "id": "3149873", "bio": "", "photo": {"prefix": "https://igx.4sqi.net/img/user/", "suffix": "/3149873-DP4I0SEITETNBMWK.jpg"}, "homeCity": "Singapore", "lists": {"groups": [{"items": [], "count": 6, "type": "created"}]}}, {"tips": {"count": 3}, "contact": {"twitter": "spus44", "facebook": "586116571"}, "firstName": "Jason", "gender": "male", "lastName": "Aspes", "id": "489824", "bio": "", "photo": {"prefix": "https://igx.4sqi.net/img/user/", "suffix": "/4TLSKLN0CS2UQYCS.jpg"}, "homeCity": "Singapore", "lists": {"groups": [{"items": [], "count": 2, "type": "created"}]}}, {"tips": {"count": 2}, "contact": {}, "firstName": "John", "gender": "male", "lastName": "Yu", "id": "3380969", "bio": "", "photo": {"prefix": "https://igx.4sqi.net/img/user/", "suffix": "/GLAVMQ4IZ0H02KHY.jpg"}, "homeCity": "Singapore", "lists": {"groups": [{"items": [], "count": 2, "type": "created"}]}}, {"tips": {"count": 2}, "contact": {}, "firstName": "Joeyee", "gender": "male", "id": "1462311", "bio": "", "photo": {"prefix": "https://igx.4sqi.net/img/user/", "suffix": "/DAFLUIBUJ3E2HOJZ.jpg"}, "homeCity": "Singapore", "lists": {"groups": [{"items": [], "count": 2, "type": "created"}]}}, {"tips": {"count": 3}, "contact": {}, "firstName": "Juliana", "gender": "female", "lastName": "Mazlan", "id": "3403869", "bio": "", "photo": {"prefix": "https://igx.4sqi.net/img/user/", "suffix": "/V0S5X22DPQJNNYRN.jpg"}, "homeCity": "Singapore", "lists": {"groups": [{"items": [], "count": 2, "type": "created"}]}}, {"tips": {"count": 1}, "contact": {"facebook": "529892784"}, "firstName": "Vanessa", "gender": "female", "lastName": "Tan", "id": "2940555", "bio": "", "photo": {"prefix": "https://igx.4sqi.net/img/user/", "suffix": "/2940555-Z3R5KE4Q4PEJUDX5.jpg"}, "homeCity": "Singapore", "lists": {"groups": [{"items": [], "count": 2, "type": "created"}]}}, {"tips": {"count": 0}, "contact": {"twitter": "maryam_zamri", "facebook": "710418025"}, "firstName": "Maryam", "gender": "female", "lastName": "Zamri", "id": "3682352", "bio": "", "photo": {"prefix": "https://igx.4sqi.net/img/user/", "suffix": "/X3FUZ5GXZI4GMND0.jpg"}, "homeCity": "Singapore", "lists": {"groups": [{"items": [], "count": 2, "type": "created"}]}}, {"tips": {"count": 0}, "contact": {"twitter": "mikaelakaleb", "facebook": "538665507"}, "firstName": "Atlantis", "gender": "female", "lastName": "Leong", "id": "4705328", "bio": "", "photo": {"prefix": "https://igx.4sqi.net/img/user/", "suffix": "/4V5MCCFW24P4S3MN.jpg"}, "homeCity": "Singapore", "lists": {"groups": [{"items": [], "count": 2, "type": "created"}]}}, {"tips": {"count": 0}, "contact": {"twitter": "darrengohdq", "facebook": "554469578"}, "firstName": "Darren", "gender": "male", "lastName": "Goh", "id": "5129878", "bio": "", "photo": {"prefix": "https://igx.4sqi.net/img/user/", "suffix": "/3HBFHV44FCR3IP5R.jpg"}, "homeCity": "Singapore", "lists": {"groups": [{"items": [], "count": 2, "type": "created"}]}}, {"tips": {"count": 0}, "contact": {"facebook": "770830643"}, "firstName": "Dominic", "gender": "male", "lastName": "Seow", "id": "78273650", "bio": "", "photo": {"prefix": "https://igx.4sqi.net/img/user/", "suffix": "/78273650-R1JFORJV4W5O5DQK.jpg"}, "homeCity": "Singapore, Singapore", "lists": {"groups": [{"items": [], "count": 2, "type": "created"}]}}, {"tips": {"count": 0}, "contact": {"facebook": "683513090"}, "firstName": "Rizwan", "gender": "male", "lastName": "Hussacoy", "id": "6370270", "bio": "", "photo": {"prefix": "https://igx.4sqi.net/img/user/", "suffix": "/PMHR2BQCQLWDKAZB.jpg"}, "homeCity": "Singapore", "lists": {"groups": [{"items": [], "count": 2, "type": "created"}]}}, {"tips": {"count": 9}, "contact": {"facebook": "605279442"}, "firstName": "Yilong", "gender": "male", "lastName": "Ng", "id": "80960170", "bio": "", "photo": {"prefix": "https://igx.4sqi.net/img/user/", "suffix": "/80960170-YRKSG2CY1314OHIX.jpg"}, "homeCity": "T\u014dky\u014d-to", "lists": {"groups": [{"items": [], "count": 5, "type": "created"}]}}, {"tips": {"count": 0}, "contact": {"facebook": "503186266"}, "firstName": "Amritpal Singh", "gender": "male", "lastName": "Sidhu", "id": "20765646", "bio": "", "photo": {"prefix": "https://igx.4sqi.net/img/user/", "suffix": "/KSTLU0MIN1CFWK1Z.jpg"}, "homeCity": "Singapore", "lists": {"groups": [{"items": [], "count": 2, "type": "created"}]}}, {"tips": {"count": 0}, "contact": {"facebook": "699072531"}, "firstName": "Xing", "gender": "male", "lastName": "Yao", "id": "80988604", "bio": "", "photo": {"prefix": "https://igx.4sqi.net/img/user/", "suffix": "/80988604-FIVEINNZQUEESJCC.jpg"}, "homeCity": "Singapore", "lists": {"groups": [{"items": [], "count": 2, "type": "created"}]}}, {"tips": {"count": 0}, "contact": {}, "firstName": "TC", "gender": "male", "lastName": "Huang", "id": "24620721", "bio": "", "photo": {"prefix": "https://igx.4sqi.net/img/user/", "suffix": "/XJQIHEORTMYFVNYW.jpg"}, "homeCity": "New York, NY", "lists": {"groups": [{"items": [], "count": 2, "type": "created"}]}}, {"tips": {"count": 0}, "contact": {"twitter": "smallfonts", "facebook": "654417363"}, "firstName": "Wee", "gender": "male", "lastName": "Kiat", "id": "46483039", "bio": "", "photo": {"prefix": "https://igx.4sqi.net/img/user/", "suffix": "/MVZ0JZRV3HXFGYE4.jpg"}, "homeCity": "singapore", "lists": {"groups": [{"items": [], "count": 2, "type": "created"}]}}], "count": 192}, "checksum": "2763e0d0fa3bc13b12d71cd48422772ff684b835"}, "meta": {"requestId": "5965bf406a60711439bdffac", "code": 200}}