{"notifications": [{"type": "notificationTray", "item": {"unreadCount": 0}}], "response": {"friends": {"items": [{"tips": {"count": 0}, "contact": {"facebook": "645069422"}, "firstName": "Oon", "gender": "female", "lastName": "Peiyi", "id": "10157823", "bio": "", "photo": {"prefix": "https://igx.4sqi.net/img/user/", "suffix": "/blank_girl.png", "default": true}, "homeCity": "Singapore", "lists": {"groups": [{"items": [], "count": 2, "type": "created"}]}}, {"tips": {"count": 0}, "contact": {}, "firstName": "Muhd", "gender": "male", "lastName": "Faizal", "id": "5146914", "bio": "", "photo": {"prefix": "https://igx.4sqi.net/img/user/", "suffix": "/QSEXQUNOWNQ4QOVD.jpg"}, "homeCity": "Singapore", "lists": {"groups": [{"items": [], "count": 2, "type": "created"}]}}, {"tips": {"count": 0}, "contact": {"twitter": "paparazizzi", "facebook": "638429261"}, "firstName": "Azizzi", "gender": "male", "lastName": "Zenn", "id": "29506368", "bio": "", "photo": {"prefix": "https://igx.4sqi.net/img/user/", "suffix": "/TXBQRV2YYSJNODXM.jpg"}, "homeCity": "New York, NY", "lists": {"groups": [{"items": [], "count": 2, "type": "created"}]}}, {"tips": {"count": 1}, "contact": {}, "firstName": "Sam", "gender": "female", "lastName": "Chua", "id": "17771438", "bio": "", "photo": {"prefix": "https://igx.4sqi.net/img/user/", "suffix": "/SMWFJJTUWRM5OIX5.jpg"}, "homeCity": "Singapore", "lists": {"groups": [{"items": [], "count": 2, "type": "created"}]}}, {"tips": {"count": 9}, "contact": {"facebook": "634308518"}, "firstName": "Kalze", "gender": "male", "lastName": "Chong", "id": "5623649", "bio": "", "photo": {"prefix": "https://igx.4sqi.net/img/user/", "suffix": "/X0LK0NBUR5ZN5OKA.jpg"}, "homeCity": "Singapore", "lists": {"groups": [{"items": [], "count": 2, "type": "created"}]}}, {"tips": {"count": 13}, "contact": {}, "firstName": "Eleanor", "gender": "none", "lastName": "Loke", "id": "1437012", "bio": "", "photo": {"prefix": "https://igx.4sqi.net/img/user/", "suffix": "/AP5F30ST5YYOQ0DA.jpg"}, "homeCity": "Serangoon North, Singapore", "lists": {"groups": [{"items": [], "count": 2, "type": "created"}]}}, {"tips": {"count": 0}, "contact": {}, "firstName": "Lin", "gender": "male", "lastName": "Asyrani", "id": "7682655", "bio": "", "photo": {"prefix": "https://igx.4sqi.net/img/user/", "suffix": "/RQVRAW4KC240HVBR.jpg"}, "homeCity": "Singapore", "lists": {"groups": [{"items": [], "count": 2, "type": "created"}]}}, {"tips": {"count": 7}, "contact": {"twitter": "brett_tan", "facebook": "548197128"}, "firstName": "Brett", "gender": "male", "lastName": "Tan", "id": "1624084", "bio": "", "photo": {"prefix": "https://igx.4sqi.net/img/user/", "suffix": "/XHIW14WITQQSMYNN.jpg"}, "homeCity": "Singapore", "lists": {"groups": [{"items": [], "count": 2, "type": "created"}]}}, {"tips": {"count": 0}, "contact": {}, "firstName": "Hui jun", "gender": "female", "lastName": "Lim", "id": "3159440", "bio": "", "photo": {"prefix": "https://igx.4sqi.net/img/user/", "suffix": "/HHZD5JGX0XTJ1SLC.jpg"}, "homeCity": "Singapore", "lists": {"groups": [{"items": [], "count": 2, "type": "created"}]}}, {"tips": {"count": 6}, "contact": {"facebook": "1423715505"}, "firstName": "Teck Cheong", "gender": "male", "lastName": "Tan", "id": "5031945", "bio": "", "photo": {"prefix": "https://igx.4sqi.net/img/user/", "suffix": "/EPPSA0X2MIHV51KB.jpg"}, "homeCity": "Singapore", "lists": {"groups": [{"items": [], "count": 2, "type": "created"}]}}, {"tips": {"count": 0}, "contact": {"twitter": "flykiteplz"}, "firstName": "Louis", "gender": "male", "lastName": "Tan", "id": "1074343", "bio": "", "photo": {"prefix": "https://igx.4sqi.net/img/user/", "suffix": "/RXW0PMMCFAILAPQS.jpg"}, "homeCity": "Singapore", "lists": {"groups": [{"items": [], "count": 2, "type": "created"}]}}, {"tips": {"count": 0}, "contact": {"twitter": "yapqw"}, "firstName": "Louisa", "gender": "female", "lastName": "Yap", "id": "4946984", "bio": "", "photo": {"prefix": "https://igx.4sqi.net/img/user/", "suffix": "/KUMCRL52JSF03RCO.jpg"}, "homeCity": "Singapore", "lists": {"groups": [{"items": [], "count": 2, "type": "created"}]}}, {"superuser": 9, "tips": {"count": 38}, "contact": {"twitter": "radhumandummy"}, "firstName": "Rudyn", "gender": "male", "lastName": "R", "id": "550628", "bio": "Wait, what?", "photo": {"prefix": "https://igx.4sqi.net/img/user/", "suffix": "/05WTJ2KAIMZQBEYU.png"}, "homeCity": "Singapore", "lists": {"groups": [{"items": [], "count": 7, "type": "created"}]}}, {"tips": {"count": 0}, "contact": {}, "firstName": "Wendy", "gender": "female", "lastName": "Yang", "id": "1760035", "bio": "", "photo": {"prefix": "https://igx.4sqi.net/img/user/", "suffix": "/V0NBC3OLCTG0ONMQ.jpg"}, "homeCity": "Bukit Panjang, Singapore", "lists": {"groups": [{"items": [], "count": 2, "type": "created"}]}}, {"tips": {"count": 4}, "contact": {"twitter": "lioneltanyk", "facebook": "575007914"}, "firstName": "Lionel", "gender": "male", "lastName": "Tan", "id": "899223", "bio": "", "photo": {"prefix": "https://igx.4sqi.net/img/user/", "suffix": "/3GODCOGEUPUKIP4C.jpg"}, "homeCity": "Tampines, Singapore", "lists": {"groups": [{"items": [], "count": 2, "type": "created"}]}}, {"tips": {"count": 6}, "contact": {"twitter": "melvincsy", "facebook": "1555732209"}, "firstName": "Melvin", "gender": "male", "lastName": "Chia", "id": "3855404", "bio": "", "photo": {"prefix": "https://igx.4sqi.net/img/user/", "suffix": "/3855404-HMBA0RG0XQZDGQUL.jpg"}, "homeCity": "Singapore", "lists": {"groups": [{"items": [], "count": 2, "type": "created"}]}}, {"tips": {"count": 0}, "contact": {"facebook": "636713550"}, "firstName": "KC", "gender": "male", "lastName": "Lee", "id": "1365790", "bio": "", "photo": {"prefix": "https://igx.4sqi.net/img/user/", "suffix": "/IALRATA4KTAO43CD.jpg"}, "homeCity": "Choa Chu Kang, Singapore", "lists": {"groups": [{"items": [], "count": 2, "type": "created"}]}}, {"tips": {"count": 0}, "contact": {"twitter": "vincenttchew", "facebook": "1249063097"}, "firstName": "Vincent", "gender": "male", "lastName": "Chew", "id": "7806261", "bio": "", "photo": {"prefix": "https://igx.4sqi.net/img/user/", "suffix": "/QY5Y2PHLVSWVINXN.jpg"}, "homeCity": "Singapore", "lists": {"groups": [{"items": [], "count": 2, "type": "created"}]}}, {"tips": {"count": 0}, "contact": {}, "firstName": "Bryan", "gender": "male", "lastName": "Lim", "id": "8494962", "bio": "", "photo": {"prefix": "https://igx.4sqi.net/img/user/", "suffix": "/N34BVRAHUMN3KUDY.jpg"}, "homeCity": "Singapore", "lists": {"groups": [{"items": [], "count": 2, "type": "created"}]}}, {"tips": {"count": 0}, "contact": {}, "firstName": "Justin", "gender": "male", "lastName": "Tan", "id": "8499952", "bio": "", "photo": {"prefix": "https://igx.4sqi.net/img/user/", "suffix": "/blank_boy.png", "default": true}, "homeCity": "Singapore", "lists": {"groups": [{"items": [], "count": 2, "type": "created"}]}}, {"tips": {"count": 0}, "contact": {"twitter": "thomtan123"}, "firstName": "Thomas", "gender": "male", "lastName": "Tan", "id": "1624230", "bio": "", "photo": {"prefix": "https://igx.4sqi.net/img/user/", "suffix": "/155CXYZ05RMNBWAX.jpg"}, "homeCity": "Hougang, Singapore", "lists": {"groups": [{"items": [], "count": 2, "type": "created"}]}}, {"tips": {"count": 0}, "contact": {"twitter": "lynnnnluvyou", "facebook": "100003060199970"}, "firstName": "\ue328Lynn", "gender": "female", "lastName": "Chua", "id": "14533437", "bio": "", "photo": {"prefix": "https://igx.4sqi.net/img/user/", "suffix": "/ZK03XPV4DKGO1HPP.jpg"}, "homeCity": "Upp serangoon", "lists": {"groups": [{"items": [], "count": 2, "type": "created"}]}}, {"tips": {"count": 0}, "contact": {"twitter": "weiliangcolby", "facebook": "693218877"}, "firstName": "Wei Liang", "gender": "male", "id": "1965704", "bio": "", "photo": {"prefix": "https://igx.4sqi.net/img/user/", "suffix": "/YQH3H04ABMICDP10.jpg"}, "homeCity": "Singapore", "lists": {"groups": [{"items": [], "count": 2, "type": "created"}]}}, {"tips": {"count": 2}, "contact": {}, "firstName": "Lucus", "gender": "female", "lastName": "Hu", "id": "966113", "bio": "", "photo": {"prefix": "https://igx.4sqi.net/img/user/", "suffix": "/3WHMAIWKA0BDYSGU.jpg"}, "homeCity": "Singapore", "lists": {"groups": [{"items": [], "count": 2, "type": "created"}]}}, {"tips": {"count": 0}, "contact": {"twitter": "_syunnn"}, "firstName": "Shi", "gender": "female", "lastName": "Yun", "id": "3859657", "bio": "", "photo": {"prefix": "https://igx.4sqi.net/img/user/", "suffix": "/M5RWH1WAO11FNKYP.jpg"}, "homeCity": "Singapore", "lists": {"groups": [{"items": [], "count": 2, "type": "created"}]}}, {"tips": {"count": 0}, "contact": {"facebook": "100000698621161"}, "firstName": "Vanessa", "gender": "female", "lastName": "Van", "id": "9389652", "bio": "", "photo": {"prefix": "https://igx.4sqi.net/img/user/", "suffix": "/4X3TALV0XOF2JZEU.jpg"}, "homeCity": "Singapore", "lists": {"groups": [{"items": [], "count": 2, "type": "created"}]}}, {"tips": {"count": 0}, "contact": {"facebook": "658283794"}, "firstName": "Benjamin", "gender": "male", "lastName": "Soh", "id": "16162574", "bio": "", "photo": {"prefix": "https://igx.4sqi.net/img/user/", "suffix": "/blank_boy.png", "default": true}, "homeCity": "Singapore", "lists": {"groups": [{"items": [], "count": 2, "type": "created"}]}}, {"tips": {"count": 0}, "contact": {"twitter": "shirlynlow"}, "firstName": "Low", "gender": "female", "lastName": "Shirlyn", "id": "2245911", "bio": "", "photo": {"prefix": "https://igx.4sqi.net/img/user/", "suffix": "/MCTF4DES3311JCJ5.jpg"}, "homeCity": "Singapore", "lists": {"groups": [{"items": [], "count": 2, "type": "created"}]}}, {"tips": {"count": 2}, "contact": {"facebook": "645784415"}, "firstName": "Nat", "gender": "male", "lastName": "Chia Wee Teck", "id": "10534858", "bio": "", "photo": {"prefix": "https://igx.4sqi.net/img/user/", "suffix": "/POX1TB1GITOQDPTB.jpg"}, "homeCity": "Singapore", "lists": {"groups": [{"items": [], "count": 2, "type": "created"}]}}, {"tips": {"count": 3}, "contact": {"twitter": "sianzkia"}, "firstName": "Andrew", "gender": "male", "id": "1250188", "bio": "", "photo": {"prefix": "https://igx.4sqi.net/img/user/", "suffix": "/USLC3QU5C5XP2OVF.jpg"}, "homeCity": "Singapore", "lists": {"groups": [{"items": [], "count": 2, "type": "created"}]}}, {"tips": {"count": 0}, "contact": {"twitter": "graceykoala", "facebook": "100000276957158"}, "firstName": "frace", "gender": "none", "lastName": "ja", "id": "5209332", "bio": "", "photo": {"prefix": "https://igx.4sqi.net/img/user/", "suffix": "/5209332-X41F42ETDHAHFXID"}, "homeCity": "Singapore", "lists": {"groups": [{"items": [], "count": 2, "type": "created"}]}}, {"tips": {"count": 1}, "contact": {"twitter": "highreal", "facebook": "611849872"}, "firstName": "Hairil", "gender": "male", "lastName": "Azwan", "id": "9700382", "bio": "", "photo": {"prefix": "https://igx.4sqi.net/img/user/", "suffix": "/BBYHZSYIYR04Z1RW.jpg"}, "homeCity": "Singapore", "lists": {"groups": [{"items": [], "count": 3, "type": "created"}]}}, {"tips": {"count": 1}, "contact": {"twitter": "eiaojay", "facebook": "643496238"}, "firstName": "Lian Jie", "gender": "male", "lastName": "Chang", "id": "22558189", "bio": "", "photo": {"prefix": "https://igx.4sqi.net/img/user/", "suffix": "/X0WERO0UEDPXFQBN.jpg"}, "homeCity": "Singapore", "lists": {"groups": [{"items": [], "count": 2, "type": "created"}]}}, {"tips": {"count": 13}, "contact": {"twitter": "ifaithfultots", "facebook": "587177005"}, "firstName": "Wilkins", "gender": "male", "lastName": "Chew", "id": "3955831", "bio": "", "photo": {"prefix": "https://igx.4sqi.net/img/user/", "suffix": "/YHPUIN1TUW0PTI3A.jpg"}, "homeCity": "Singapore", "lists": {"groups": [{"items": [], "count": 2, "type": "created"}]}}, {"tips": {"count": 0}, "contact": {}, "firstName": "Dowell", "gender": "male", "lastName": "Lin", "id": "1400092", "bio": "", "photo": {"prefix": "https://igx.4sqi.net/img/user/", "suffix": "/0OPI2UYC1FETQCBB.jpg"}, "homeCity": "Dubai, United Arab Emirates", "lists": {"groups": [{"items": [], "count": 2, "type": "created"}]}}, {"tips": {"count": 0}, "contact": {}, "firstName": "Mohd", "gender": "male", "lastName": "Haikal", "id": "7874804", "bio": "", "photo": {"prefix": "https://igx.4sqi.net/img/user/", "suffix": "/KFJ5LADWQIW3JHSM.jpg"}, "homeCity": "Singapore", "lists": {"groups": [{"items": [], "count": 2, "type": "created"}]}}, {"tips": {"count": 0}, "contact": {"facebook": "597219197"}, "firstName": "Richard", "gender": "male", "lastName": "Li", "id": "16850667", "bio": "", "photo": {"prefix": "https://igx.4sqi.net/img/user/", "suffix": "/YK4ZTMTIAZ5PDAFI.jpg"}, "homeCity": "Singapore", "lists": {"groups": [{"items": [], "count": 2, "type": "created"}]}}, {"tips": {"count": 0}, "contact": {"twitter": "mervatov", "facebook": "520898291"}, "firstName": "Mervyn", "gender": "male", "lastName": "Chiang", "id": "1419181", "bio": "BBM: 29E09EDD", "photo": {"prefix": "https://igx.4sqi.net/img/user/", "suffix": "/0XVIH1Z4YXEQNWL0.jpg"}, "homeCity": "Singapore, Clementi", "lists": {"groups": [{"items": [], "count": 2, "type": "created"}]}}, {"tips": {"count": 0}, "contact": {"twitter": "junhao_20", "facebook": "672143649"}, "firstName": "Junhao", "gender": "male", "lastName": "Tan", "id": "8773297", "bio": "", "photo": {"prefix": "https://igx.4sqi.net/img/user/", "suffix": "/AFCBH2Q55ODBBTOD.jpg"}, "homeCity": "Singapore", "lists": {"groups": [{"items": [], "count": 2, "type": "created"}]}}, {"tips": {"count": 2}, "contact": {"twitter": "minimaldrugs", "facebook": "565948035"}, "firstName": "GABRIEL", "gender": "male", "lastName": "ANG", "id": "1641240", "bio": "", "photo": {"prefix": "https://igx.4sqi.net/img/user/", "suffix": "/ZO0Z1W4LOD1OPYOG.jpg"}, "homeCity": "Yishun, Singapore", "lists": {"groups": [{"items": [], "count": 2, "type": "created"}]}}, {"tips": {"count": 0}, "contact": {"twitter": "melissaatan", "facebook": "530236366"}, "firstName": "Melissa", "gender": "female", "lastName": "Tan", "id": "3149325", "bio": "", "photo": {"prefix": "https://igx.4sqi.net/img/user/", "suffix": "/WMYWSP0PPBXLVDP4.jpg"}, "homeCity": "Singapore", "lists": {"groups": [{"items": [], "count": 3, "type": "created"}]}}, {"tips": {"count": 18}, "contact": {"twitter": "an9iee", "facebook": "745172714"}, "firstName": "Angie", "gender": "female", "lastName": "Chua", "id": "3980423", "bio": "", "photo": {"prefix": "https://igx.4sqi.net/img/user/", "suffix": "/TVRMWX3P5Q2U0NEM.jpg"}, "homeCity": "Singapore", "lists": {"groups": [{"items": [], "count": 2, "type": "created"}]}}, {"tips": {"count": 0}, "contact": {"twitter": "jiahaolim", "facebook": "782953297"}, "firstName": "Jiahao", "gender": "male", "lastName": "Lim", "id": "4116869", "bio": "", "photo": {"prefix": "https://igx.4sqi.net/img/user/", "suffix": "/JVCBLZPINAFF2BTG.jpg"}, "homeCity": "Singapore", "lists": {"groups": [{"items": [], "count": 2, "type": "created"}]}}, {"tips": {"count": 0}, "contact": {"twitter": "puaylengtoh", "facebook": "594059715"}, "firstName": "puayleng", "gender": "female", "lastName": "toh", "id": "5009052", "bio": "", "photo": {"prefix": "https://igx.4sqi.net/img/user/", "suffix": "/JZUUGHFJQAXYXHCL.jpg"}, "homeCity": "Singapore", "lists": {"groups": [{"items": [], "count": 2, "type": "created"}]}}, {"tips": {"count": 0}, "contact": {"facebook": "567492150"}, "firstName": "ROBIN", "gender": "male", "lastName": "KOH", "id": "5593774", "bio": "", "photo": {"prefix": "https://igx.4sqi.net/img/user/", "suffix": "/blank_boy.png", "default": true}, "homeCity": "Singapore", "lists": {"groups": [{"items": [], "count": 2, "type": "created"}]}}, {"tips": {"count": 0}, "contact": {"twitter": "mightycolette", "facebook": "563961733"}, "firstName": "Loraine", "gender": "female", "lastName": "Choe", "id": "8698464", "bio": "", "photo": {"prefix": "https://igx.4sqi.net/img/user/", "suffix": "/JO5HHR0ART5G0QAM.jpg"}, "homeCity": "New Zealand", "lists": {"groups": [{"items": [], "count": 2, "type": "created"}]}}], "count": 46}, "checksum": "0bdc4dd7b46136c36c619a55778e5cea1b64ea9e"}, "meta": {"requestId": "5965f3c7dd57972d2909798e", "code": 200}}