{"notifications": [{"type": "notificationTray", "item": {"unreadCount": 0}}], "meta": {"requestId": "5966f8f9351e3d4795d38194", "code": 200}, "response": {"friends": {"count": 28, "items": [{"id": "35639037", "photo": {"prefix": "https://igx.4sqi.net/img/user/", "suffix": "/BILGJR1KREUUMM1X.jpg"}, "homeCity": "Selangor", "contact": {"facebook": "716230888", "twitter": "allysonchooi"}, "firstName": "Allyson", "tips": {"count": 0}, "gender": "female", "lastName": "Chooi", "lists": {"groups": [{"count": 2, "type": "created", "items": []}]}, "bio": ""}, {"id": "6623203", "photo": {"prefix": "https://igx.4sqi.net/img/user/", "suffix": "/XIFVDG3UKTJSWOWL.jpg"}, "homeCity": "Kuala Lumpur, Malaysia", "contact": {}, "firstName": "Beer", "tips": {"count": 0}, "gender": "male", "lastName": "Brat", "lists": {"groups": [{"count": 2, "type": "created", "items": []}]}, "bio": ""}, {"id": "12153431", "photo": {"prefix": "https://igx.4sqi.net/img/user/", "suffix": "/123FCXWBPIOPOASY.jpg"}, "homeCity": "Petaling Jaya", "contact": {"facebook": "513680800", "twitter": "nayonayo"}, "firstName": "Naomi", "tips": {"count": 26}, "gender": "female", "lastName": "Hasegawa", "lists": {"groups": [{"count": 2, "type": "created", "items": []}]}, "bio": "\u2665s to exp. new things: music\u266a travel\u2708 parties\u2606 animals\u30fbworkout\u30fbchocolates\u30fbgadgets\u30fbmassages\u30fbphotography #SocialMedia #WebAnalytics \u65b0\u3057\u3044\u7269\uff06\u4e8b\u304c\u5927\u597d\u304d\u3001\u30de\u30ec\u30fc\u30b7\u30a2\u80b2\u3061\u3002"}, {"id": "16928169", "photo": {"prefix": "https://igx.4sqi.net/img/user/", "suffix": "/QDK502OQY5GFX1YS.jpg"}, "homeCity": "Kuala Lumpur, Malaysia", "contact": {"facebook": "549720398", "twitter": "selambaness"}, "firstName": "jook", "tips": {"count": 4}, "gender": "male", "lists": {"groups": [{"count": 2, "type": "created", "items": []}]}, "bio": ""}, {"id": "527050", "photo": {"prefix": "https://igx.4sqi.net/img/user/", "suffix": "/527050-CKFXQDIUO0IBWNUI.jpg"}, "homeCity": "Kuala Lumpur, Malaysia", "contact": {"facebook": "626707244", "twitter": "chuinhao10"}, "firstName": "Jason", "tips": {"count": 20}, "gender": "male", "lastName": "Tang", "lists": {"groups": [{"count": 13, "type": "created", "items": []}]}, "bio": ""}, {"id": "5500473", "photo": {"prefix": "https://igx.4sqi.net/img/user/", "suffix": "/5500473-VG2BD0HQHE02BB35.jpg"}, "homeCity": "Petaling Jaya", "contact": {"twitter": "ashleyuin"}, "firstName": "\ud83d\udc22Ashley", "tips": {"count": 112}, "gender": "female", "lastName": "Ng", "lists": {"groups": [{"count": 18, "type": "created", "items": []}]}, "bio": ""}, {"id": "4909430", "photo": {"prefix": "https://igx.4sqi.net/img/user/", "suffix": "/NOCMMIBBEU1KUHK2.jpg"}, "homeCity": "Malaysia", "contact": {"facebook": "574119847"}, "firstName": "imgg", "tips": {"count": 8}, "gender": "female", "lists": {"groups": [{"count": 5, "type": "created", "items": []}]}, "bio": ""}, {"id": "5184881", "photo": {"prefix": "https://igx.4sqi.net/img/user/", "suffix": "/5184881-P5CYKF5PBGE4J0P2.jpg"}, "homeCity": "Kuala Lumpur, Malaysia", "contact": {"facebook": "568195400"}, "firstName": "Vincent", "tips": {"count": 36}, "gender": "male", "lastName": "C.", "lists": {"groups": [{"count": 8, "type": "created", "items": []}]}, "bio": "Blogger"}, {"id": "749250", "photo": {"prefix": "https://igx.4sqi.net/img/user/", "suffix": "/JMTEQM3QSBNPI4CB.png"}, "homeCity": "Kuala Lumpur, Malaysia", "contact": {}, "firstName": "Chong", "tips": {"count": 42}, "gender": "male", "lastName": "CK", "lists": {"groups": [{"count": 3, "type": "created", "items": []}]}, "bio": ""}, {"id": "64199620", "photo": {"prefix": "https://igx.4sqi.net/img/user/", "suffix": "/OIOPFK4I2U0TAOK0.jpg"}, "homeCity": "Kuala Lumpur, KUL", "contact": {"facebook": "711771572"}, "firstName": "Zeejay", "tips": {"count": 0}, "gender": "male", "lastName": "Wong", "lists": {"groups": [{"count": 2, "type": "created", "items": []}]}, "bio": ""}, {"id": "669156", "photo": {"prefix": "https://igx.4sqi.net/img/user/", "suffix": "/UR225GNEQK4PBPAQ.jpg"}, "homeCity": "Malaysia", "contact": {}, "firstName": "earthkid", "tips": {"count": 22}, "gender": "female", "lastName": "jr.", "lists": {"groups": [{"count": 4, "type": "created", "items": []}]}, "bio": ""}, {"id": "31348875", "photo": {"prefix": "https://igx.4sqi.net/img/user/", "suffix": "/S5W3WTSCAWAF0WX0.jpg"}, "homeCity": "Pj", "contact": {"facebook": "749356003"}, "firstName": "YenC", "tips": {"count": 0}, "gender": "female", "lists": {"groups": [{"count": 2, "type": "created", "items": []}]}, "bio": ""}, {"id": "2611140", "photo": {"prefix": "https://igx.4sqi.net/img/user/", "suffix": "/KSJFUO31C33NRDYL.jpg"}, "homeCity": "Kuala Lumpur, Malaysia", "contact": {"facebook": "798849580", "twitter": "rognales"}, "firstName": "Zaiman", "tips": {"count": 27}, "gender": "male", "lastName": "Noris", "lists": {"groups": [{"count": 2, "type": "created", "items": []}]}, "bio": ""}, {"id": "33537911", "photo": {"prefix": "https://igx.4sqi.net/img/user/", "suffix": "/JSGFOTFSXKWKXLEL.jpg"}, "homeCity": "Jawa Timur", "contact": {"facebook": "1386394285", "twitter": "naomymm"}, "firstName": "Meme", "tips": {"count": 0}, "gender": "female", "lists": {"groups": [{"count": 2, "type": "created", "items": []}]}, "bio": ""}, {"id": "1030284", "photo": {"prefix": "https://igx.4sqi.net/img/user/", "suffix": "/0FF14CGAPDYI5HEJ"}, "homeCity": "Singapore ", "contact": {}, "firstName": "Sue-Ann", "tips": {"count": 17}, "gender": "female", "lastName": "Chan", "lists": {"groups": [{"count": 10, "type": "created", "items": []}]}, "bio": ""}, {"id": "29156048", "photo": {"prefix": "https://igx.4sqi.net/img/user/", "suffix": "/29156048-RNARGTVHWJUK2BD4.jpg"}, "homeCity": "Surabaya", "contact": {"facebook": "1433186440", "twitter": "leon_mkp"}, "firstName": "Leo", "tips": {"count": 3}, "gender": "male", "lastName": "Aja", "lists": {"groups": [{"count": 2, "type": "created", "items": []}]}, "bio": ""}, {"id": "14115936", "photo": {"prefix": "https://igx.4sqi.net/img/user/", "suffix": "/E4C0RKIWJ4V0BVAC.gif"}, "homeCity": "Kuala Lumpur, Malaysia", "contact": {"twitter": "redoeverything"}, "firstName": "Redo", "tips": {"count": 23}, "gender": "male", "lastName": "Everything", "lists": {"groups": [{"count": 5, "type": "created", "items": []}]}, "bio": ""}, {"id": "54497865", "photo": {"prefix": "https://igx.4sqi.net/img/user/", "suffix": "/J2EVHDZYR2NVWVV0.jpg"}, "homeCity": "Petaling Jaya, Malaysia", "contact": {"facebook": "538303644", "twitter": "jerrysoon"}, "firstName": "Jerry", "tips": {"count": 211}, "gender": "male", "lastName": "Soon", "lists": {"groups": [{"count": 2, "type": "created", "items": []}]}, "bio": ""}, {"id": "6031624", "photo": {"prefix": "https://igx.4sqi.net/img/user/", "suffix": "/6031624-ZJXWQMLAHAZKN14M.jpg"}, "homeCity": "Puchong, Selangor, Malaysia", "contact": {"facebook": "660818359"}, "firstName": "Stanley", "tips": {"count": 2}, "gender": "male", "lastName": "Sum", "lists": {"groups": [{"count": 2, "type": "created", "items": []}]}, "bio": ""}, {"id": "1047832", "photo": {"prefix": "https://igx.4sqi.net/img/user/", "suffix": "/YEN1FGM5F00DTQNI.jpg"}, "homeCity": "Kuala Lumpur, WP Kuala Lumpur", "contact": {"facebook": "540351564", "twitter": "benn_lee"}, "firstName": "Benn", "tips": {"count": 14}, "gender": "male", "lastName": "Lee", "lists": {"groups": [{"count": 2, "type": "created", "items": []}]}, "bio": ""}, {"id": "2812991", "photo": {"prefix": "https://igx.4sqi.net/img/user/", "suffix": "/GAS35OVUHJ4IZCJZ.jpg"}, "homeCity": "Kuala Lumpur, Malaysia", "contact": {"facebook": "555551791"}, "firstName": "Nick Chan", "tips": {"count": 9}, "gender": "male", "lastName": "Wooi Quan", "lists": {"groups": [{"count": 4, "type": "created", "items": []}]}, "bio": ""}, {"id": "58616209", "photo": {"prefix": "https://igx.4sqi.net/img/user/", "suffix": "/58616209-554KLRGDRFL2CJUE.jpg"}, "homeCity": "Petaling Jaya, SGR", "contact": {"facebook": "684356220"}, "firstName": "Isaac", "tips": {"count": 17}, "gender": "male", "lastName": "Tan", "lists": {"groups": [{"count": 2, "type": "created", "items": []}]}, "bio": ""}, {"id": "69258522", "photo": {"prefix": "https://igx.4sqi.net/img/user/", "suffix": "/GDDPIUHSF2ZVY0PL.jpg"}, "homeCity": "Kuala Lumpur, KUL", "contact": {"facebook": "10154033300437586"}, "firstName": "Teng", "tips": {"count": 0}, "gender": "female", "lastName": "Way \u4f0a\u8587", "lists": {"groups": [{"count": 2, "type": "created", "items": []}]}, "bio": ""}, {"id": "5416585", "photo": {"prefix": "https://igx.4sqi.net/img/user/", "suffix": "/RKHDGGPS5H3N3GXY.jpg"}, "homeCity": "Malaysia", "contact": {"facebook": "701867801", "twitter": "hooszeling"}, "firstName": "Ling", "tips": {"count": 14}, "gender": "female", "lists": {"groups": [{"count": 2, "type": "created", "items": []}]}, "bio": ""}, {"id": "6351315", "photo": {"prefix": "https://igx.4sqi.net/img/user/", "suffix": "/LM112PHFIB1DXTZ0.jpg"}, "homeCity": "Malaysia", "contact": {"facebook": "769968523"}, "firstName": "impy", "tips": {"count": 7}, "gender": "female", "lastName": "U", "lists": {"groups": [{"count": 4, "type": "created", "items": []}]}, "bio": ""}, {"id": "78396090", "photo": {"prefix": "https://igx.4sqi.net/img/user/", "suffix": "/78396090-0TVTNWBKXJIS4TUY.jpg"}, "homeCity": "Kuala Lumpur, KUL", "contact": {"facebook": "548655888"}, "firstName": "Eunice", "tips": {"count": 0}, "gender": "female", "lastName": "Aw", "lists": {"groups": [{"count": 2, "type": "created", "items": []}]}, "bio": ""}, {"id": "46738294", "photo": {"prefix": "https://igx.4sqi.net/img/user/", "suffix": "/H5JSM2XZBQIHYBDW.jpg"}, "homeCity": "Singapore", "contact": {}, "firstName": "Squall", "tips": {"count": 0}, "gender": "male", "lastName": "Leoheart", "lists": {"groups": [{"count": 4, "type": "created", "items": []}]}, "bio": ""}, {"id": "79939235", "photo": {"prefix": "https://igx.4sqi.net/img/user/", "suffix": "/79939235-1RSG3DSIHOGNPMJO.jpg"}, "homeCity": "Singapore, Singapore", "contact": {"facebook": "680281766"}, "firstName": "Oliver", "tips": {"count": 2}, "gender": "male", "lastName": "Lee", "lists": {"groups": [{"count": 2, "type": "created", "items": []}]}, "bio": ""}]}, "checksum": "1b5e77e8d6e673dc76b76947fd831fcb7a9e8bc7"}}