{"notifications": [{"type": "notificationTray", "item": {"unreadCount": 0}}], "response": {"friends": {"items": [{"tips": {"count": 0}, "contact": {"twitter": "hschin"}, "firstName": "Han-Sheng", "gender": "male", "lastName": "Chin", "id": "63264", "bio": "", "photo": {"prefix": "https://igx.4sqi.net/img/user/", "suffix": "/4UVEJOXWJDOX1PZD.jpg"}, "homeCity": "Singapore", "lists": {"groups": [{"items": [], "count": 2, "type": "created"}]}}, {"tips": {"count": 0}, "contact": {"twitter": "urbanexperiment", "facebook": "1061989007"}, "firstName": "Adam", "gender": "male", "lastName": "Kerr M S", "id": "324795", "bio": "", "photo": {"prefix": "https://igx.4sqi.net/img/user/", "suffix": "/324795-CVB5NYXJQTRX44M1.jpg"}, "homeCity": "Singapore", "lists": {"groups": [{"items": [], "count": 2, "type": "created"}]}}, {"tips": {"count": 0}, "contact": {"facebook": "763395084"}, "firstName": "Suffian", "gender": "male", "lastName": "Hakim", "id": "995123", "bio": "", "photo": {"prefix": "https://igx.4sqi.net/img/user/", "suffix": "/blank_boy.png", "default": true}, "homeCity": "Paris, France", "lists": {"groups": [{"items": [], "count": 2, "type": "created"}]}}], "count": 103}, "checksum": "b613ac2b219a4c82fe40582a3502849c8356337e"}, "meta": {"requestId": "5965bf28dd57972d495163b6", "code": 200}}