{"notifications": [{"type": "notificationTray", "item": {"unreadCount": 0}}], "response": {"friends": {"items": [{"superuser": 2, "tips": {"count": 2}, "contact": {"twitter": "victed"}, "firstName": "Vic", "gender": "male", "lastName": "Ted", "id": "111937", "bio": "", "photo": {"prefix": "https://igx.4sqi.net/img/user/", "suffix": "/5XUMKZLKBORAKPIP.jpg"}, "homeCity": "Singapore", "lists": {"groups": [{"items": [], "count": 2, "type": "created"}]}}, {"tips": {"count": 1}, "contact": {}, "firstName": "Yingying", "gender": "female", "lastName": "Li", "id": "4449678", "bio": "", "photo": {"prefix": "https://igx.4sqi.net/img/user/", "suffix": "/U0FDP3NVX2XM50ED.jpg"}, "homeCity": "Singapore", "lists": {"groups": [{"items": [], "count": 2, "type": "created"}]}}, {"tips": {"count": 0}, "contact": {}, "firstName": "Kay", "gender": "female", "lastName": "Anna", "id": "4313143", "bio": "", "photo": {"prefix": "https://igx.4sqi.net/img/user/", "suffix": "/ROPCU22BA2QLSBXT.jpg"}, "homeCity": "Singapore", "lists": {"groups": [{"items": [], "count": 2, "type": "created"}]}}, {"tips": {"count": 129}, "contact": {"twitter": "thisisjeffrey", "facebook": "1101410304"}, "firstName": "Jeffrey Yeo", "gender": "male", "id": "273911", "bio": "", "photo": {"prefix": "https://igx.4sqi.net/img/user/", "suffix": "/JSXLLVDNRPX4GMHY.jpg"}, "homeCity": "Singapore", "lists": {"groups": [{"items": [], "count": 2, "type": "created"}]}}, {"tips": {"count": 2}, "contact": {}, "firstName": "Timothy", "gender": "male", "lastName": "Lim", "id": "3512781", "bio": "", "photo": {"prefix": "https://igx.4sqi.net/img/user/", "suffix": "/CLZG3IGDP3WDI01W.jpg"}, "homeCity": "Singapore", "lists": {"groups": [{"items": [], "count": 2, "type": "created"}]}}, {"tips": {"count": 0}, "contact": {"facebook": "558571064"}, "firstName": "Siim ann", "gender": "female", "lastName": "Liew", "id": "6617988", "bio": "", "photo": {"prefix": "https://igx.4sqi.net/img/user/", "suffix": "/RK232TRGQ1DE3ROU.jpg"}, "homeCity": "Singapore", "lists": {"groups": [{"items": [], "count": 2, "type": "created"}]}}, {"tips": {"count": 7}, "contact": {"twitter": "yokey017"}, "firstName": "Yokey", "gender": "male", "lastName": "Tay", "id": "3773205", "bio": "", "photo": {"prefix": "https://igx.4sqi.net/img/user/", "suffix": "/blank_boy.png", "default": true}, "homeCity": "Singapore", "lists": {"groups": [{"items": [], "count": 2, "type": "created"}]}}, {"tips": {"count": 0}, "contact": {}, "firstName": "Anna", "gender": "female", "lastName": "Kay", "id": "4269828", "bio": "", "photo": {"prefix": "https://igx.4sqi.net/img/user/", "suffix": "/YZM0HR3YEHF2TCLO.jpg"}, "homeCity": "Singapore", "lists": {"groups": [{"items": [], "count": 2, "type": "created"}]}}, {"tips": {"count": 2}, "contact": {"twitter": "hwsoh", "facebook": "657753324"}, "firstName": "Soh", "gender": "male", "lastName": "Hong Wei", "id": "514605", "bio": "", "photo": {"prefix": "https://igx.4sqi.net/img/user/", "suffix": "/E23S25OWDJWFLDFA.jpg"}, "homeCity": "Singapore", "lists": {"groups": [{"items": [], "count": 2, "type": "created"}]}}, {"tips": {"count": 1}, "contact": {"twitter": "garanceboutrit", "facebook": "609682070"}, "firstName": "Garance", "gender": "female", "lastName": "Boutrit", "id": "231671", "bio": "", "photo": {"prefix": "https://igx.4sqi.net/img/user/", "suffix": "/T3RUMIMSG44KT2OE.gif"}, "homeCity": "Paris, France", "lists": {"groups": [{"items": [], "count": 2, "type": "created"}]}}, {"tips": {"count": 3}, "contact": {"facebook": "821725380"}, "firstName": "Shaun", "gender": "male", "lastName": "Chua", "id": "5563150", "bio": "", "photo": {"prefix": "https://igx.4sqi.net/img/user/", "suffix": "/QJTAW3HYLVGEM3AB.jpg"}, "homeCity": "Singapore", "lists": {"groups": [{"items": [], "count": 3, "type": "created"}]}}, {"tips": {"count": 4}, "contact": {"twitter": "psyke_sg", "facebook": "536385288"}, "firstName": "Sean", "gender": "male", "lastName": "Goh", "id": "2778692", "bio": "", "photo": {"prefix": "https://igx.4sqi.net/img/user/", "suffix": "/NIQ1VGTYPC03NIVS.jpg"}, "homeCity": "Singapore", "lists": {"groups": [{"items": [], "count": 2, "type": "created"}]}}, {"tips": {"count": 5}, "contact": {"facebook": "590928555"}, "firstName": "Sandra", "gender": "female", "lastName": "Lim", "id": "658827", "bio": "", "photo": {"prefix": "https://igx.4sqi.net/img/user/", "suffix": "/YGCMG4G2U5ZOIM5N.jpg"}, "homeCity": "Singapore", "lists": {"groups": [{"items": [], "count": 2, "type": "created"}]}}, {"tips": {"count": 0}, "contact": {}, "firstName": "Cheryl", "gender": "female", "lastName": "Ng", "id": "439026", "bio": "", "photo": {"prefix": "https://igx.4sqi.net/img/user/", "suffix": "/blank_girl.png", "default": true}, "homeCity": "Changi, Singapore", "lists": {"groups": [{"items": [], "count": 2, "type": "created"}]}}, {"tips": {"count": 5}, "contact": {"twitter": "simontay78", "facebook": "720075782"}, "firstName": "Simon", "gender": "male", "lastName": "Tay", "id": "185731", "bio": "", "photo": {"prefix": "https://igx.4sqi.net/img/user/", "suffix": "/ZVCNCA3I11KJHT4I.jpg"}, "homeCity": "Singapore", "lists": {"groups": [{"items": [], "count": 4, "type": "created"}]}}, {"tips": {"count": 16}, "contact": {"twitter": "simpliflying", "facebook": "222100184"}, "firstName": "Shashank", "gender": "male", "lastName": "Nigam", "id": "633663", "bio": "We believe in thinking differently about aviation marketing. I \u2764 planes, cricket, kids. Born in DEL, raised in SIN, now an #avgeek globetrotter living in YOW", "photo": {"prefix": "https://igx.4sqi.net/img/user/", "suffix": "/4JMLE0MA31XKRSAY.jpg"}, "homeCity": "Ottawa, ON", "lists": {"groups": [{"items": [], "count": 2, "type": "created"}]}}, {"tips": {"count": 3}, "contact": {"twitter": "ka_ren33"}, "firstName": "Karen", "gender": "female", "lastName": "Wong", "id": "318758", "bio": "", "photo": {"prefix": "https://igx.4sqi.net/img/user/", "suffix": "/J2U2PGDEQAYUT1SJ.jpg"}, "homeCity": "Singapore", "lists": {"groups": [{"items": [], "count": 2, "type": "created"}]}}, {"tips": {"count": 0}, "contact": {"twitter": "silentjukebox"}, "firstName": "Sherry", "gender": "female", "lastName": "Chen", "id": "591187", "bio": "", "photo": {"prefix": "https://igx.4sqi.net/img/user/", "suffix": "/OEBCZWSWHZY4CGPB.jpg"}, "homeCity": "Singapore", "lists": {"groups": [{"items": [], "count": 2, "type": "created"}]}}, {"tips": {"count": 234}, "contact": {"twitter": "skinnylatte", "facebook": "10157136597960265"}, "firstName": "Adrianna", "gender": "male", "lastName": "Tan", "id": "113201", "bio": "", "photo": {"prefix": "https://igx.4sqi.net/img/user/", "suffix": "/113201_1259743369979.jpg"}, "homeCity": "Jakarta, DKI Jakarta, Indonesia", "lists": {"groups": [{"items": [], "count": 45, "type": "created"}]}}, {"tips": {"count": 40}, "contact": {"twitter": "camemberu", "facebook": "521452430"}, "firstName": "Catherine", "gender": "female", "lastName": "Ling", "id": "726583", "bio": "Camemberu.com - \"Every meal an adventure!\" - food and travel blog", "photo": {"prefix": "https://igx.4sqi.net/img/user/", "suffix": "/726583-1WKEF024YQXAGVIS.jpg"}, "homeCity": "Singapore", "lists": {"groups": [{"items": [], "count": 9, "type": "created"}]}}, {"tips": {"count": 35}, "contact": {"twitter": "dylanwkw", "facebook": "650485106"}, "firstName": "Dylan", "gender": "male", "lastName": "Wang", "id": "848173", "bio": "", "photo": {"prefix": "https://igx.4sqi.net/img/user/", "suffix": "/HS00VJZKKEI0VNPG.jpg"}, "homeCity": "Singapore", "lists": {"groups": [{"items": [], "count": 2, "type": "created"}]}}, {"tips": {"count": 41}, "contact": {"twitter": "benitopagotto", "facebook": "10154536218521310"}, "firstName": "Benito", "gender": "male", "lastName": "Pagotto", "id": "223869", "bio": "", "photo": {"prefix": "https://igx.4sqi.net/img/user/", "suffix": "/223869-GMDH0L5IWHUJQO5H.jpg"}, "homeCity": "Singapore", "lists": {"groups": [{"items": [], "count": 10, "type": "created"}]}}, {"tips": {"count": 27}, "contact": {}, "firstName": "Smith", "gender": "male", "lastName": "Leong", "id": "170358", "bio": "", "photo": {"prefix": "https://igx.4sqi.net/img/user/", "suffix": "/DQQK0I0GIDABNAC2.jpg"}, "homeCity": "Singapore", "lists": {"groups": [{"items": [], "count": 2, "type": "created"}]}}, {"tips": {"count": 1}, "contact": {}, "firstName": "Felicia", "gender": "female", "lastName": "Cheong", "id": "31002970", "bio": "", "photo": {"prefix": "https://igx.4sqi.net/img/user/", "suffix": "/HE1WT3T5DETPGNMQ.jpg"}, "homeCity": "Macau", "lists": {"groups": [{"items": [], "count": 3, "type": "created"}]}}, {"tips": {"count": 4}, "contact": {}, "firstName": "MsVindicta", "gender": "female", "id": "11036727", "bio": "", "photo": {"prefix": "https://igx.4sqi.net/img/user/", "suffix": "/2KMOLYOZXUYWM1Y1.jpg"}, "homeCity": "Singapore", "lists": {"groups": [{"items": [], "count": 2, "type": "created"}]}}, {"tips": {"count": 0}, "contact": {"twitter": "luanalow", "facebook": "665000065"}, "firstName": "Luana", "gender": "female", "lastName": "Low", "id": "4334323", "bio": "", "photo": {"prefix": "https://igx.4sqi.net/img/user/", "suffix": "/LWBDCUC4BSAEZADP.jpg"}, "homeCity": "Singapore", "lists": {"groups": [{"items": [], "count": 2, "type": "created"}]}}, {"tips": {"count": 9}, "contact": {"twitter": "earboz"}, "firstName": "Edouard", "gender": "male", "lastName": "Breine", "id": "275215", "bio": "", "photo": {"prefix": "https://igx.4sqi.net/img/user/", "suffix": "/M5G4GFUCPQJRDGX1.jpg"}, "homeCity": "Bordeaux, France", "lists": {"groups": [{"items": [], "count": 2, "type": "created"}]}}, {"tips": {"count": 0}, "contact": {"facebook": "678871569"}, "firstName": "Victor", "gender": "none", "lastName": "Ong", "id": "66979856", "bio": "", "photo": {"prefix": "https://igx.4sqi.net/img/user/", "suffix": "/OCZOGFVXUCAZTNLW.jpg"}, "homeCity": "Melbourne, VIC", "lists": {"groups": [{"items": [], "count": 2, "type": "created"}]}}, {"tips": {"count": 0}, "contact": {"twitter": "redalphine"}, "firstName": "Qin Wei", "gender": "male", "lastName": "Pang", "id": "7954232", "bio": "", "photo": {"prefix": "https://igx.4sqi.net/img/user/", "suffix": "/blank_boy.png", "default": true}, "homeCity": "Singapore", "lists": {"groups": [{"items": [], "count": 2, "type": "created"}]}}, {"tips": {"count": 10}, "contact": {"twitter": "ameliapml"}, "firstName": "Amelia", "gender": "female", "lastName": "Apsari", "id": "1391253", "bio": "", "photo": {"prefix": "https://igx.4sqi.net/img/user/", "suffix": "/SCO5RATGNAGMVC21.jpg"}, "homeCity": "Singapore", "lists": {"groups": [{"items": [], "count": 2, "type": "created"}]}}, {"tips": {"count": 12}, "contact": {"twitter": "sillikat", "facebook": "689332150"}, "firstName": "Keith", "gender": "male", "lastName": "Nakamura", "id": "239903", "bio": "", "photo": {"prefix": "https://igx.4sqi.net/img/user/", "suffix": "/NBOUJBMUP41KBLHI.jpg"}, "homeCity": "Singapore", "lists": {"groups": [{"items": [], "count": 2, "type": "created"}]}}, {"tips": {"count": 3}, "contact": {"twitter": "mcmonsterr", "facebook": "730800174"}, "firstName": "Qing", "gender": "female", "id": "5580556", "bio": "", "photo": {"prefix": "https://igx.4sqi.net/img/user/", "suffix": "/PZS2D455UKCC1FAT.jpg"}, "homeCity": "Singapore", "lists": {"groups": [{"items": [], "count": 2, "type": "created"}]}}, {"tips": {"count": 0}, "contact": {}, "firstName": "Ben tay", "gender": "male", "lastName": "Ben tay", "id": "5056651", "bio": "", "photo": {"prefix": "https://igx.4sqi.net/img/user/", "suffix": "/VSYTXH5IEFQOGA0W.jpg"}, "homeCity": "Singapore", "lists": {"groups": [{"items": [], "count": 2, "type": "created"}]}}, {"tips": {"count": 4}, "contact": {"twitter": "creativenatty", "facebook": "519122005"}, "firstName": "Nat", "gender": "female", "lastName": "Lim", "id": "1169826", "bio": "", "photo": {"prefix": "https://igx.4sqi.net/img/user/", "suffix": "/MDG1OALPZ3KXV0AI.jpg"}, "homeCity": "Singapore", "lists": {"groups": [{"items": [], "count": 2, "type": "created"}]}}, {"tips": {"count": 1}, "contact": {}, "firstName": "Clarence", "gender": "male", "lastName": "Ceniza", "id": "444775", "bio": "", "photo": {"prefix": "https://igx.4sqi.net/img/user/", "suffix": "/IBR2BYAGW2SYBM5G.jpg"}, "homeCity": "Amsterdam, Netherlands", "lists": {"groups": [{"items": [], "count": 2, "type": "created"}]}}, {"tips": {"count": 9}, "contact": {"twitter": "mmhan", "facebook": "572706673"}, "firstName": "Mike", "gender": "male", "lastName": "Han", "id": "290075", "bio": "", "photo": {"prefix": "https://igx.4sqi.net/img/user/", "suffix": "/Q0LXUBM5FZ0H5YQZ.jpg"}, "homeCity": "Yangon, Myanmar", "lists": {"groups": [{"items": [], "count": 2, "type": "created"}]}}, {"tips": {"count": 0}, "contact": {"facebook": "1572281377"}, "firstName": "Davis", "gender": "male", "lastName": "Lee", "id": "3458291", "bio": "", "photo": {"prefix": "https://igx.4sqi.net/img/user/", "suffix": "/O2WD3JIZRAV5QN3F.jpg"}, "homeCity": "Singapore", "lists": {"groups": [{"items": [], "count": 2, "type": "created"}]}}, {"tips": {"count": 67}, "contact": {"twitter": "berniedotmobi"}, "firstName": "Bernie", "gender": "female", "lastName": "Chew", "id": "331130", "bio": "Coffee lover. Longboarder. YikeBiker. Mixologist.", "photo": {"prefix": "https://igx.4sqi.net/img/user/", "suffix": "/IWU4LZYI1RG25O3R.jpg"}, "homeCity": "Singapore", "lists": {"groups": [{"items": [], "count": 22, "type": "created"}]}}, {"tips": {"count": 52}, "contact": {"twitter": "davidwong1966", "facebook": "655457317"}, "firstName": "David", "gender": "male", "lastName": "Wong", "id": "22422188", "bio": "Chef, Author @HKTatlerDining Critic @SCMP_News @macauCLOSER @insidecuisine @CulinaryArtist1 Food/Wine Writer @WSETglobal Tutor @HKIWSC Judge @SpursOfficial Fan", "photo": {"prefix": "https://igx.4sqi.net/img/user/", "suffix": "/22422188_bFGBS15c_uPWZ9oeYJ6lC3AtbHuz4tzjPxcqJz4B-D8EWypBJQPSdccNsPse160h14Au0yjEo.jpg"}, "homeCity": "Macao, China", "lists": {"groups": [{"items": [], "count": 3, "type": "created"}]}}, {"tips": {"count": 50}, "contact": {"twitter": "daphnemaia", "facebook": "590335708"}, "firstName": "Daphne Maia", "gender": "female", "lastName": "Loo", "id": "129416", "bio": "Coffee \u2022 Powerlifting \u2022 @fortitudegym \u2022 \r\nDigital Marketing \u2022 Writer \u2022 Introvert \u2022", "photo": {"prefix": "https://igx.4sqi.net/img/user/", "suffix": "/129416-CE2O03KIZRMARIQW.jpg"}, "homeCity": "Singapore", "lists": {"groups": [{"items": [], "count": 6, "type": "created"}]}}, {"tips": {"count": 4}, "contact": {}, "firstName": "Vanessa", "gender": "female", "lastName": "Lee", "id": "4398270", "bio": "", "photo": {"prefix": "https://igx.4sqi.net/img/user/", "suffix": "/2BZI1MVH01RBYOKQ.jpg"}, "homeCity": "Singapore", "lists": {"groups": [{"items": [], "count": 2, "type": "created"}]}}, {"tips": {"count": 17}, "contact": {"twitter": "nezziewezzie", "facebook": "1797311141"}, "firstName": "Inez", "gender": "female", "lastName": "Lim", "id": "877393", "bio": "Bookworm, cinephile, cat whisperer.", "photo": {"prefix": "https://igx.4sqi.net/img/user/", "suffix": "/KETTFFHJ1ZWDL4RY.jpg"}, "homeCity": "Singapore", "lists": {"groups": [{"items": [], "count": 5, "type": "created"}]}}, {"tips": {"count": 0}, "contact": {}, "firstName": "Bertram", "gender": "male", "lastName": "Ng", "id": "2545288", "bio": "", "photo": {"prefix": "https://igx.4sqi.net/img/user/", "suffix": "/Q01Q1QOVAS5ALUM4.jpg"}, "homeCity": "Singapore", "lists": {"groups": [{"items": [], "count": 2, "type": "created"}]}}, {"tips": {"count": 26}, "contact": {"twitter": "jemmawei", "facebook": "694658644"}, "firstName": "Jemimah", "gender": "female", "lastName": "Wei", "id": "29433316", "bio": "I'm in this for the shiny badges. \r\n\r\n21, Legally blonde. Writer, blogger, host of That F Word on ClicknetworkTV. Will sing for coffee.", "photo": {"prefix": "https://igx.4sqi.net/img/user/", "suffix": "/CB1K3PDQZSOJ1HYG.jpg"}, "homeCity": "Singapore, Singapore", "lists": {"groups": [{"items": [], "count": 12, "type": "created"}]}}, {"tips": {"count": 1}, "contact": {"facebook": "813680502"}, "firstName": "Jigoku", "gender": "female", "lastName": "Shoujo", "id": "45866918", "bio": "", "photo": {"prefix": "https://igx.4sqi.net/img/user/", "suffix": "/5XV2BFRO0KHY1IXT.jpg"}, "homeCity": "singapore", "lists": {"groups": [{"items": [], "count": 2, "type": "created"}]}}, {"tips": {"count": 0}, "contact": {"twitter": "eileenyeo", "facebook": "558426544"}, "firstName": "Eileen", "gender": "female", "lastName": "Yeo", "id": "4352422", "bio": "", "photo": {"prefix": "https://igx.4sqi.net/img/user/", "suffix": "/FVCRZ2FC5OKBSABB.jpg"}, "homeCity": "Singapore", "lists": {"groups": [{"items": [], "count": 4, "type": "created"}]}}, {"tips": {"count": 24}, "contact": {}, "firstName": "Grace", "gender": "female", "lastName": "Choong", "id": "280443", "bio": "", "photo": {"prefix": "https://igx.4sqi.net/img/user/", "suffix": "/280443-WWEYEWHLCHCN0HH3.jpg"}, "homeCity": "Dubai & Abu Dhabi", "lists": {"groups": [{"items": [], "count": 2, "type": "created"}]}}, {"tips": {"count": 0}, "contact": {}, "firstName": "Ru", "gender": "female", "lastName": "Yu", "id": "11116290", "bio": "", "photo": {"prefix": "https://igx.4sqi.net/img/user/", "suffix": "/OTYKO15PZ154CVQV.jpg"}, "homeCity": "Singapore", "lists": {"groups": [{"items": [], "count": 2, "type": "created"}]}}, {"tips": {"count": 18}, "contact": {"twitter": "jeffcheong", "facebook": "588493413"}, "firstName": "jeff", "gender": "male", "lastName": "cheong", "id": "251006", "bio": "", "photo": {"prefix": "https://igx.4sqi.net/img/user/", "suffix": "/3KPLY2JMZY0T5MQB.jpg"}, "homeCity": "Singapore", "lists": {"groups": [{"items": [], "count": 2, "type": "created"}]}}, {"tips": {"count": 0}, "contact": {"twitter": "groovygenie"}, "firstName": "Isman", "gender": "male", "lastName": "Tanuri", "id": "5583503", "bio": "", "photo": {"prefix": "https://igx.4sqi.net/img/user/", "suffix": "/NVUSBGGSX4CONKI5.jpg"}, "homeCity": "Singapore", "lists": {"groups": [{"items": [], "count": 2, "type": "created"}]}}, {"tips": {"count": 3}, "contact": {"twitter": "liangveronica", "facebook": "752999111"}, "firstName": "Veronica", "gender": "female", "lastName": "Liang", "id": "7894584", "bio": "", "photo": {"prefix": "https://igx.4sqi.net/img/user/", "suffix": "/XPDMJVVVHP205NYB.jpg"}, "homeCity": "Unnamed Location", "lists": {"groups": [{"items": [], "count": 2, "type": "created"}]}}, {"tips": {"count": 0}, "contact": {}, "firstName": "R1O", "gender": "male", "id": "5173190", "bio": "", "photo": {"prefix": "https://igx.4sqi.net/img/user/", "suffix": "/1CGANZBSIB1VZUGS.jpg"}, "homeCity": "\u5317\u4eac\u5e02, \u4e2d\u56fd", "lists": {"groups": [{"items": [], "count": 2, "type": "created"}]}}, {"tips": {"count": 0}, "contact": {"twitter": "ian_huang"}, "firstName": "Ian", "gender": "male", "lastName": "Huang", "id": "1234604", "bio": "", "photo": {"prefix": "https://igx.4sqi.net/img/user/", "suffix": "/blank_boy.png", "default": true}, "homeCity": "Sengkang, Singapore", "lists": {"groups": [{"items": [], "count": 2, "type": "created"}]}}, {"tips": {"count": 4}, "contact": {"twitter": "woosheryl", "facebook": "580003208"}, "firstName": "Sheryl", "gender": "female", "lastName": "Woo", "id": "291816", "bio": "", "photo": {"prefix": "https://igx.4sqi.net/img/user/", "suffix": "/291816-1LZO0KIMKT52XWS1.jpg"}, "homeCity": "Singapore", "lists": {"groups": [{"items": [], "count": 2, "type": "created"}]}}, {"tips": {"count": 2}, "contact": {"facebook": "507301119"}, "firstName": "Mervyn", "gender": "male", "lastName": "Tan", "id": "5352978", "bio": "", "photo": {"prefix": "https://igx.4sqi.net/img/user/", "suffix": "/UWFDDHAD5UUGDKJZ.jpg"}, "homeCity": "Singapore", "lists": {"groups": [{"items": [], "count": 2, "type": "created"}]}}, {"tips": {"count": 0}, "contact": {}, "firstName": "Elaine", "gender": "female", "lastName": "Ng", "id": "341001", "bio": "", "photo": {"prefix": "https://igx.4sqi.net/img/user/", "suffix": "/blank_girl.png", "default": true}, "homeCity": "Singapore", "lists": {"groups": [{"items": [], "count": 2, "type": "created"}]}}, {"tips": {"count": 74}, "contact": {"twitter": "traazil", "facebook": "675035424"}, "firstName": "Leon", "gender": "male", "lastName": "Traazil", "id": "139284", "bio": "", "photo": {"prefix": "https://igx.4sqi.net/img/user/", "suffix": "/139284-YRRPXNPPOJSWBUWJ.jpg"}, "homeCity": "Singapore", "lists": {"groups": [{"items": [], "count": 2, "type": "created"}]}}, {"tips": {"count": 0}, "contact": {"twitter": "rowenac10", "facebook": "543438412"}, "firstName": "Rowena", "gender": "female", "lastName": "Chan", "id": "87651582", "bio": "", "photo": {"prefix": "https://igx.4sqi.net/img/user/", "suffix": "/87651582-BQSYMD3UY44VCLRI.jpg"}, "homeCity": "Singapore", "lists": {"groups": [{"items": [], "count": 2, "type": "created"}]}}, {"tips": {"count": 2}, "contact": {}, "firstName": "Shaun", "gender": "male", "lastName": "Khiu", "id": "917601", "bio": "", "photo": {"prefix": "https://igx.4sqi.net/img/user/", "suffix": "/AT5E0ZV5QXSY231Y.jpg"}, "homeCity": "Singapore", "lists": {"groups": [{"items": [], "count": 2, "type": "created"}]}}, {"tips": {"count": 17}, "contact": {"facebook": "1168744196"}, "firstName": "Joe", "gender": "male", "lastName": "Lim", "id": "2666112", "bio": "", "photo": {"prefix": "https://igx.4sqi.net/img/user/", "suffix": "/DYDG1SYAC0W5IZWG.jpg"}, "homeCity": "Singapore", "lists": {"groups": [{"items": [], "count": 2, "type": "created"}]}}, {"tips": {"count": 5}, "contact": {"twitter": "asepdrajat3", "facebook": "100002202485973"}, "firstName": "Happy Family", "gender": "male", "lastName": "Tour", "id": "45881438", "bio": "Lahir di Bandung, 11-11-1971", "photo": {"prefix": "https://igx.4sqi.net/img/user/", "suffix": "/45881438-VYHRNKTBQZWMIPEY"}, "homeCity": "Bandung, Indonesia", "lists": {"groups": [{"items": [], "count": 5, "type": "created"}]}}, {"tips": {"count": 1}, "contact": {}, "firstName": "Victoria", "gender": "none", "lastName": "Yow", "id": "4373214", "bio": "", "photo": {"prefix": "https://igx.4sqi.net/img/user/", "suffix": "/RVNBO50OJE3TD4MK.jpg"}, "homeCity": "New York, NY", "lists": {"groups": [{"items": [], "count": 2, "type": "created"}]}}, {"tips": {"count": 3}, "contact": {"twitter": "eisen"}, "firstName": "Eisen", "gender": "male", "lastName": "Teo", "id": "286528", "bio": "", "photo": {"prefix": "https://igx.4sqi.net/img/user/", "suffix": "/Z3HD4OQSDNECKSIB.jpg"}, "homeCity": "Singapore", "lists": {"groups": [{"items": [], "count": 2, "type": "created"}]}}, {"tips": {"count": 3}, "contact": {"twitter": "passionluxe", "facebook": "670691072"}, "firstName": "Marc", "gender": "male", "lastName": "Menant (Passionluxe.com)", "id": "12278111", "bio": "", "photo": {"prefix": "https://igx.4sqi.net/img/user/", "suffix": "/N1OKDS053QPJCLZZ.jpg"}, "homeCity": "Gen\u00e8ve, Suisse", "lists": {"groups": [{"items": [], "count": 2, "type": "created"}]}}, {"tips": {"count": 22}, "contact": {"twitter": "miyagi", "facebook": "595622587"}, "firstName": "Benjamin", "gender": "male", "lastName": "Lee", "id": "254627", "bio": "", "photo": {"prefix": "https://igx.4sqi.net/img/user/", "suffix": "/2KUKTSRVV4HF1KF4.jpg"}, "homeCity": "Singapore", "lists": {"groups": [{"items": [], "count": 2, "type": "created"}]}}, {"tips": {"count": 0}, "contact": {}, "firstName": "Marcus", "gender": "male", "lastName": "Fong", "id": "6155414", "bio": "", "photo": {"prefix": "https://igx.4sqi.net/img/user/", "suffix": "/N4SBVSVR1FJ3U4ZW.jpg"}, "homeCity": "Singapore", "lists": {"groups": [{"items": [], "count": 2, "type": "created"}]}}, {"tips": {"count": 0}, "contact": {"facebook": "762040082"}, "firstName": "Malika", "gender": "female", "lastName": "Beggour", "id": "10426096", "bio": "", "photo": {"prefix": "https://igx.4sqi.net/img/user/", "suffix": "/WVJWRMIWDA2ZFXJY.jpg"}, "homeCity": "Venezia, Italia", "lists": {"groups": [{"items": [], "count": 2, "type": "created"}]}}, {"tips": {"count": 2}, "contact": {"twitter": "natjioe", "facebook": "1127914341"}, "firstName": "natasha", "gender": "female", "lastName": "angeline", "id": "1611148", "bio": "", "photo": {"prefix": "https://igx.4sqi.net/img/user/", "suffix": "/RWJW45N1YCVJTEFC.jpg"}, "homeCity": "Singapore", "lists": {"groups": [{"items": [], "count": 3, "type": "created"}]}}, {"superuser": 4, "tips": {"count": 919}, "contact": {"twitter": "gssq", "facebook": "227700020"}, "firstName": "Gabriel", "gender": "male", "lastName": "Seah", "id": "308951", "bio": "La nuit, je suis en deuil pour mon \u00e2me introuvable", "photo": {"prefix": "https://igx.4sqi.net/img/user/", "suffix": "/3UP0AI4WEWFBWG2M.jpg"}, "homeCity": "Singapore", "lists": {"groups": [{"items": [], "count": 16, "type": "created"}]}}, {"tips": {"count": 1}, "contact": {"twitter": "leejunlin", "facebook": "714540092"}, "firstName": "Lee", "gender": "male", "lastName": "Jun Lin", "id": "25102456", "bio": "", "photo": {"prefix": "https://igx.4sqi.net/img/user/", "suffix": "/QS50HHIKTSTMINJY.jpg"}, "homeCity": "Singapore, Singapore", "lists": {"groups": [{"items": [], "count": 3, "type": "created"}]}}, {"tips": {"count": 19}, "contact": {"facebook": "619967997"}, "firstName": "Jon", "gender": "male", "lastName": "Chin", "id": "396373", "bio": "", "photo": {"prefix": "https://igx.4sqi.net/img/user/", "suffix": "/396373-MK4VGPQUHLGEB2C0.jpg"}, "homeCity": "Singapore", "lists": {"groups": [{"items": [], "count": 4, "type": "created"}]}}, {"tips": {"count": 0}, "contact": {}, "firstName": "Nicholas", "gender": "male", "lastName": "Tan", "id": "472054", "bio": "", "photo": {"prefix": "https://igx.4sqi.net/img/user/", "suffix": "/PL5VSRTTOJRNF3MM.jpg"}, "homeCity": "Bedok, Singapore", "lists": {"groups": [{"items": [], "count": 2, "type": "created"}]}}, {"tips": {"count": 9}, "contact": {"twitter": "hpility", "facebook": "525866033"}, "firstName": "Hpility", "gender": "male", "lastName": "Yeo", "id": "918441", "bio": "Http://hpility.sg | http://hpility.blogspot.com", "photo": {"prefix": "https://igx.4sqi.net/img/user/", "suffix": "/918441-LOPYWION2OSADKJE.jpg"}, "homeCity": "Tampines, Singapore", "lists": {"groups": [{"items": [], "count": 3, "type": "created"}]}}, {"tips": {"count": 7}, "contact": {"twitter": "nickings"}, "firstName": "Nicholas", "gender": "male", "lastName": "Lee", "id": "2865270", "bio": "", "photo": {"prefix": "https://igx.4sqi.net/img/user/", "suffix": "/XRWD4LPEHRVHVKTQ.jpg"}, "homeCity": "Singapore", "lists": {"groups": [{"items": [], "count": 2, "type": "created"}]}}, {"tips": {"count": 0}, "contact": {"twitter": "waiyanlin", "facebook": "514282826"}, "firstName": "Wai Yan", "gender": "male", "lastName": "Lin", "id": "4466264", "bio": "", "photo": {"prefix": "https://igx.4sqi.net/img/user/", "suffix": "/P1RSVHHSBBWRB2SF.jpg"}, "homeCity": "Paungde, Burma", "lists": {"groups": [{"items": [], "count": 2, "type": "created"}]}}, {"tips": {"count": 0}, "contact": {"facebook": "543032666"}, "firstName": "Crystal", "gender": "female", "lastName": "Tear", "id": "6754932", "bio": "", "photo": {"prefix": "https://igx.4sqi.net/img/user/", "suffix": "/blank_girl.png", "default": true}, "homeCity": "Singapore", "lists": {"groups": [{"items": [], "count": 2, "type": "created"}]}}, {"tips": {"count": 0}, "contact": {"facebook": "555137432"}, "firstName": "Marcus", "gender": "male", "lastName": "Frith", "id": "18318341", "bio": "", "photo": {"prefix": "https://igx.4sqi.net/img/user/", "suffix": "/PIMUCPNZQVYWJTXN.jpg"}, "homeCity": "London, UK", "lists": {"groups": [{"items": [], "count": 2, "type": "created"}]}}, {"tips": {"count": 0}, "contact": {"facebook": "100003843301059"}, "firstName": "kyaw kyaw", "gender": "male", "lastName": "oo", "id": "45043976", "bio": "", "photo": {"prefix": "https://igx.4sqi.net/img/user/", "suffix": "/BGYB50OOSKU21UPX.jpg"}, "homeCity": "New York, NY", "lists": {"groups": [{"items": [], "count": 2, "type": "created"}]}}, {"tips": {"count": 0}, "contact": {"twitter": "junjunin919", "facebook": "100000086614716"}, "firstName": "Junin", "gender": "male", "lastName": "Low", "id": "43936943", "bio": "", "photo": {"prefix": "https://igx.4sqi.net/img/user/", "suffix": "/blank_boy.png", "default": true}, "homeCity": "New York, NY", "lists": {"groups": [{"items": [], "count": 2, "type": "created"}]}}, {"tips": {"count": 1}, "contact": {"facebook": "100000528506260"}, "firstName": "Rachel", "gender": "female", "lastName": "Ang", "id": "2208294", "bio": "", "photo": {"prefix": "https://igx.4sqi.net/img/user/", "suffix": "/LSFKU1LVCRQL3DZM.jpg"}, "homeCity": "City, Singapore", "lists": {"groups": [{"items": [], "count": 2, "type": "created"}]}}, {"tips": {"count": 8}, "contact": {"twitter": "the_serge", "facebook": "544235582"}, "firstName": "Serge", "gender": "male", "lastName": "Maximus", "id": "310431", "bio": "", "photo": {"prefix": "https://igx.4sqi.net/img/user/", "suffix": "/1NAJP5EXGX1TMKLZ.jpg"}, "homeCity": "Singapore", "lists": {"groups": [{"items": [], "count": 2, "type": "created"}]}}, {"tips": {"count": 3}, "contact": {"facebook": "506853939"}, "firstName": "Lynn", "gender": "female", "lastName": "Tan", "id": "688642", "bio": "", "photo": {"prefix": "https://igx.4sqi.net/img/user/", "suffix": "/Q2OD42BZSHQPOFJ1.jpg"}, "homeCity": "Changi, Singapore", "lists": {"groups": [{"items": [], "count": 2, "type": "created"}]}}, {"tips": {"count": 0}, "contact": {}, "firstName": "Jessie", "gender": "female", "lastName": "Loy", "id": "5412312", "bio": "", "photo": {"prefix": "https://igx.4sqi.net/img/user/", "suffix": "/4FKKC3BGXGUQDKYJ.jpg"}, "homeCity": "Singapore", "lists": {"groups": [{"items": [], "count": 2, "type": "created"}]}}, {"tips": {"count": 7}, "contact": {}, "firstName": "Lynd", "gender": "female", "lastName": "Long", "id": "961806", "bio": "", "photo": {"prefix": "https://igx.4sqi.net/img/user/", "suffix": "/961806-T5IN1QXG0RPZCC0D.jpg"}, "homeCity": "Singapore", "lists": {"groups": [{"items": [], "count": 2, "type": "created"}]}}, {"tips": {"count": 2}, "contact": {"facebook": "1375868338"}, "firstName": "Dont", "gender": "male", "lastName": "Do", "id": "3280502", "bio": "", "photo": {"prefix": "https://igx.4sqi.net/img/user/", "suffix": "/3280502-SRJTNG2UNYKDXKQJ.jpg"}, "homeCity": "Singapore", "lists": {"groups": [{"items": [], "count": 2, "type": "created"}]}}, {"tips": {"count": 0}, "contact": {"facebook": "1090197251"}, "firstName": "Seah", "gender": "male", "lastName": "Brandon", "id": "4647816", "bio": "", "photo": {"prefix": "https://igx.4sqi.net/img/user/", "suffix": "/blank_boy.png", "default": true}, "homeCity": "Singapore", "lists": {"groups": [{"items": [], "count": 2, "type": "created"}]}}, {"tips": {"count": 0}, "contact": {}, "firstName": "emerald", "gender": "female", "lastName": "chee", "id": "6791794", "bio": "", "photo": {"prefix": "https://igx.4sqi.net/img/user/", "suffix": "/blank_girl.png", "default": true}, "homeCity": "Singapore", "lists": {"groups": [{"items": [], "count": 2, "type": "created"}]}}, {"tips": {"count": 4}, "contact": {"twitter": "bedzone2", "facebook": "10152569522484716"}, "firstName": "Benzie", "gender": "male", "lastName": "Dio", "id": "69056492", "bio": "", "photo": {"prefix": "https://igx.4sqi.net/img/user/", "suffix": "/OIE1BAY5R5MN02WY.jpg"}, "homeCity": "Singapore", "lists": {"groups": [{"items": [], "count": 2, "type": "created"}]}}, {"tips": {"count": 5}, "contact": {"facebook": "100000571842368"}, "firstName": "St Games", "gender": "male", "lastName": "Gaming How", "id": "2372177", "bio": "", "photo": {"prefix": "https://igx.4sqi.net/img/user/", "suffix": "/BGSYNYJEZ5JKGF54.jpg"}, "homeCity": "Singapore", "lists": {"groups": [{"items": [], "count": 2, "type": "created"}]}}, {"tips": {"count": 65}, "contact": {"twitter": "alexloganlee", "facebook": "662247340"}, "firstName": "Alex", "gender": "male", "lastName": "Lee", "id": "313851", "bio": "", "photo": {"prefix": "https://igx.4sqi.net/img/user/", "suffix": "/R2K2T2MGMLDYVM5U.png"}, "homeCity": "Singapore", "lists": {"groups": [{"items": [], "count": 3, "type": "created"}]}}, {"tips": {"count": 4}, "contact": {"twitter": "fooie", "facebook": "545057815"}, "firstName": "Foo", "gender": "male", "lastName": "Tun Chuan", "id": "689801", "bio": "", "photo": {"prefix": "https://igx.4sqi.net/img/user/", "suffix": "/3ZFWA3WN542V2JQH.jpg"}, "homeCity": "Singapore", "lists": {"groups": [{"items": [], "count": 2, "type": "created"}]}}, {"tips": {"count": 3}, "contact": {"facebook": "661035594"}, "firstName": "Daniel", "gender": "male", "lastName": "Li", "id": "14160159", "bio": "", "photo": {"prefix": "https://igx.4sqi.net/img/user/", "suffix": "/YTWSTL4N3YKXVPJ3.jpg"}, "homeCity": "Singapore", "lists": {"groups": [{"items": [], "count": 2, "type": "created"}]}}, {"tips": {"count": 3}, "contact": {"twitter": "kozeyar", "facebook": "598961581"}, "firstName": "Zeyar", "gender": "male", "lastName": "Wai Phyo", "id": "962901", "bio": "", "photo": {"prefix": "https://igx.4sqi.net/img/user/", "suffix": "/2NUUWP0GMJA5KPOP.jpg"}, "homeCity": "Jurong East, Singapore", "lists": {"groups": [{"items": [], "count": 2, "type": "created"}]}}, {"tips": {"count": 0}, "contact": {"facebook": "690961828"}, "firstName": "Victor", "gender": "male", "lastName": "Ho", "id": "3430909", "bio": "", "photo": {"prefix": "https://igx.4sqi.net/img/user/", "suffix": "/X5QRFE5VNDHO1WR5.jpg"}, "homeCity": "Singapore", "lists": {"groups": [{"items": [], "count": 2, "type": "created"}]}}, {"tips": {"count": 3}, "contact": {"facebook": "647923199"}, "firstName": "Thomas", "gender": "male", "lastName": "Lee", "id": "4883856", "bio": "", "photo": {"prefix": "https://igx.4sqi.net/img/user/", "suffix": "/RNSCN4XMAJVYC1NH.jpg"}, "homeCity": "Singapore", "lists": {"groups": [{"items": [], "count": 2, "type": "created"}]}}, {"tips": {"count": 9}, "contact": {"twitter": "juliustruffles", "facebook": "515781793"}, "firstName": "Julius", "gender": "male", "lastName": "Chen", "id": "2495703", "bio": "", "photo": {"prefix": "https://igx.4sqi.net/img/user/", "suffix": "/NN1ER252DN51DD44.jpg"}, "homeCity": "Singapore", "lists": {"groups": [{"items": [], "count": 2, "type": "created"}]}}, {"tips": {"count": 4}, "contact": {"twitter": "ge0k"}, "firstName": "Geok", "gender": "female", "lastName": "Sing", "id": "314555", "bio": "", "photo": {"prefix": "https://igx.4sqi.net/img/user/", "suffix": "/2CNCHRQM3SUA4BVQ.jpg"}, "homeCity": "Sengkang, Singapore", "lists": {"groups": [{"items": [], "count": 2, "type": "created"}]}}, {"tips": {"count": 0}, "contact": {"twitter": "shaoweij", "facebook": "775573898"}, "firstName": "Josiah", "gender": "male", "lastName": "Teo", "id": "735150", "bio": "", "photo": {"prefix": "https://igx.4sqi.net/img/user/", "suffix": "/FL5COCJMZ3VBL1WC.jpg"}, "homeCity": "Singapore", "lists": {"groups": [{"items": [], "count": 2, "type": "created"}]}}, {"tips": {"count": 1}, "contact": {"twitter": "travel_jem", "facebook": "666560721"}, "firstName": "Jeremy", "gender": "male", "id": "1101721", "bio": "", "photo": {"prefix": "https://igx.4sqi.net/img/user/", "suffix": "/blank_boy.png", "default": true}, "homeCity": "Singapore", "lists": {"groups": [{"items": [], "count": 2, "type": "created"}]}}, {"tips": {"count": 0}, "contact": {}, "firstName": "Calvin", "gender": "male", "lastName": "Ho", "id": "3963094", "bio": "", "photo": {"prefix": "https://igx.4sqi.net/img/user/", "suffix": "/blank_boy.png", "default": true}, "homeCity": "Singapore", "lists": {"groups": [{"items": [], "count": 2, "type": "created"}]}}, {"tips": {"count": 3}, "contact": {"twitter": "dashtaz", "facebook": "523806709"}, "firstName": "Derrick", "gender": "male", "lastName": "Tan", "id": "5202466", "bio": "", "photo": {"prefix": "https://igx.4sqi.net/img/user/", "suffix": "/XJKQDEC32KOG4FWK.jpg"}, "homeCity": "Singapore", "lists": {"groups": [{"items": [], "count": 3, "type": "created"}]}}, {"tips": {"count": 7}, "contact": {"facebook": "792543097"}, "firstName": "Natarajan", "gender": "male", "lastName": "Vytheswaran", "id": "2517533", "bio": "", "photo": {"prefix": "https://igx.4sqi.net/img/user/", "suffix": "/blank_boy.png", "default": true}, "homeCity": "Singapore", "lists": {"groups": [{"items": [], "count": 2, "type": "created"}]}}, {"tips": {"count": 11}, "contact": {"twitter": "kiezin", "facebook": "681890017"}, "firstName": "Scott", "gender": "male", "lastName": "Teng", "id": "1076293", "bio": "", "photo": {"prefix": "https://igx.4sqi.net/img/user/", "suffix": "/1D3UTGRAHLQNSM3P.jpg"}, "homeCity": ", Singapore", "lists": {"groups": [{"items": [], "count": 2, "type": "created"}]}}, {"tips": {"count": 4}, "contact": {"twitter": "berton", "facebook": "643670485"}, "firstName": "Berton", "gender": "male", "lastName": "Tan", "id": "1132187", "bio": "", "photo": {"prefix": "https://igx.4sqi.net/img/user/", "suffix": "/RF5SO1H5V1OUDJJN.gif"}, "homeCity": "Singapore", "lists": {"groups": [{"items": [], "count": 2, "type": "created"}]}}, {"tips": {"count": 0}, "contact": {}, "firstName": "Alex", "gender": "male", "lastName": "Olmedo", "id": "4128033", "bio": "", "photo": {"prefix": "https://igx.4sqi.net/img/user/", "suffix": "/blank_boy.png", "default": true}, "homeCity": "Cesson-S\u00e9vign\u00e9, France", "lists": {"groups": [{"items": [], "count": 2, "type": "created"}]}}, {"tips": {"count": 0}, "contact": {"twitter": "paranoiamakesme", "facebook": "819870223"}, "firstName": "Christine", "gender": "female", "lastName": "Tan", "id": "12407316", "bio": "", "photo": {"prefix": "https://igx.4sqi.net/img/user/", "suffix": "/JLG3VSAUUPLRZ2L3.jpg"}, "homeCity": "Singapore", "lists": {"groups": [{"items": [], "count": 2, "type": "created"}]}}, {"tips": {"count": 5}, "contact": {"facebook": "636976147"}, "firstName": "Nicole", "gender": "female", "lastName": "Liew", "id": "2874955", "bio": "", "photo": {"prefix": "https://igx.4sqi.net/img/user/", "suffix": "/R0EYVOMZ3W20G5GI.jpg"}, "homeCity": "Singapore", "lists": {"groups": [{"items": [], "count": 2, "type": "created"}]}}, {"tips": {"count": 3}, "contact": {"twitter": "aadelineetay"}, "firstName": "Adeline", "gender": "female", "lastName": "Tay", "id": "1085403", "bio": "", "photo": {"prefix": "https://igx.4sqi.net/img/user/", "suffix": "/AMBGS2RUMTQ2ZRU2.jpg"}, "homeCity": "Singapore", "lists": {"groups": [{"items": [], "count": 2, "type": "created"}]}}, {"tips": {"count": 14}, "contact": {"twitter": "fernyit", "facebook": "665270834"}, "firstName": "Fern Yit", "gender": "male", "lastName": "Lim", "id": "1153595", "bio": "www.fernyit.com", "photo": {"prefix": "https://igx.4sqi.net/img/user/", "suffix": "/1153595-5LQC4ZVJBTDBLQYP.jpg"}, "homeCity": "Singapore", "lists": {"groups": [{"items": [], "count": 8, "type": "created"}]}}, {"tips": {"count": 0}, "contact": {}, "firstName": "chen", "gender": "male", "lastName": "yang", "id": "4752041", "bio": "", "photo": {"prefix": "https://igx.4sqi.net/img/user/", "suffix": "/blank_boy.png", "default": true}, "homeCity": "New York, NY", "lists": {"groups": [{"items": [], "count": 2, "type": "created"}]}}, {"tips": {"count": 1}, "contact": {}, "firstName": "Licia", "gender": "none", "lastName": "Phoeng", "id": "3533804", "bio": "", "photo": {"prefix": "https://igx.4sqi.net/img/user/", "suffix": "/blank_boy.png", "default": true}, "homeCity": "Singapore", "lists": {"groups": [{"items": [], "count": 2, "type": "created"}]}}, {"tips": {"count": 0}, "contact": {}, "firstName": "Dj", "gender": "male", "lastName": "Kzee", "id": "3126343", "bio": "", "photo": {"prefix": "https://igx.4sqi.net/img/user/", "suffix": "/UL14LJ3POGM2LPM3.jpg"}, "homeCity": "Singapore", "lists": {"groups": [{"items": [], "count": 2, "type": "created"}]}}, {"tips": {"count": 6}, "contact": {}, "firstName": "Ben", "gender": "male", "lastName": "Leong", "id": "1449746", "bio": "", "photo": {"prefix": "https://igx.4sqi.net/img/user/", "suffix": "/1449746-GM4PKID2FXYHWBLD.jpg"}, "homeCity": "Singapore", "lists": {"groups": [{"items": [], "count": 2, "type": "created"}]}}, {"tips": {"count": 1}, "contact": {}, "firstName": "Edsmond", "gender": "male", "lastName": "Cheong", "id": "6537679", "bio": "", "photo": {"prefix": "https://igx.4sqi.net/img/user/", "suffix": "/2OHZ0K5QVX2K4E1B.jpg"}, "homeCity": "Singapore", "lists": {"groups": [{"items": [], "count": 2, "type": "created"}]}}, {"tips": {"count": 0}, "contact": {}, "firstName": "Peiling", "gender": "female", "lastName": "Lee", "id": "3837533", "bio": "", "photo": {"prefix": "https://igx.4sqi.net/img/user/", "suffix": "/blank_girl.png", "default": true}, "homeCity": "Singapore", "lists": {"groups": [{"items": [], "count": 2, "type": "created"}]}}, {"tips": {"count": 0}, "contact": {"facebook": "645843528"}, "firstName": "Brendon", "gender": "male", "lastName": "Yam", "id": "5106337", "bio": "", "photo": {"prefix": "https://igx.4sqi.net/img/user/", "suffix": "/KVP3UKZZJ0OZTHGC.jpg"}, "homeCity": "Singapore", "lists": {"groups": [{"items": [], "count": 2, "type": "created"}]}}, {"tips": {"count": 24}, "contact": {}, "firstName": "omerdem", "gender": "male", "id": "1834822", "bio": "", "photo": {"prefix": "https://igx.4sqi.net/img/user/", "suffix": "/WJJRWRVGSXHQBPQY.jpg"}, "homeCity": "Istanbul", "lists": {"groups": [{"items": [], "count": 2, "type": "created"}]}}, {"tips": {"count": 1}, "contact": {}, "firstName": "Joseph", "gender": "male", "lastName": "Lim", "id": "4516877", "bio": "", "photo": {"prefix": "https://igx.4sqi.net/img/user/", "suffix": "/XDGGFE22XTT02LBO.jpg"}, "homeCity": "Singapore", "lists": {"groups": [{"items": [], "count": 2, "type": "created"}]}}, {"tips": {"count": 9}, "contact": {}, "firstName": "Ave", "gender": "none", "lastName": "C.", "id": "8924094", "bio": "", "photo": {"prefix": "https://igx.4sqi.net/img/user/", "suffix": "/CK3VGMTY20JXP5PW.jpg"}, "homeCity": "Singapore", "lists": {"groups": [{"items": [], "count": 2, "type": "created"}]}}, {"tips": {"count": 5}, "contact": {"twitter": "medy_henry", "facebook": "647390289"}, "firstName": "Medy", "gender": "male", "id": "2022130", "bio": "", "photo": {"prefix": "https://igx.4sqi.net/img/user/", "suffix": "/EH5TKEQB1OUM52PL.jpg"}, "homeCity": "Singapore", "lists": {"groups": [{"items": [], "count": 2, "type": "created"}]}}, {"tips": {"count": 0}, "contact": {"twitter": "jojobeanss", "facebook": "227800397"}, "firstName": "Joanne", "gender": "female", "lastName": "Chua", "id": "10495150", "bio": "", "photo": {"prefix": "https://igx.4sqi.net/img/user/", "suffix": "/10495150-VA3B1IG15SJKVTR2.jpg"}, "homeCity": "Singapore", "lists": {"groups": [{"items": [], "count": 2, "type": "created"}]}}, {"tips": {"count": 0}, "contact": {}, "firstName": "Kwok", "gender": "female", "lastName": "Abbie", "id": "2036681", "bio": "", "photo": {"prefix": "https://igx.4sqi.net/img/user/", "suffix": "/EQNUPTLZDVGWHUBZ.jpg"}, "homeCity": "Singapore", "lists": {"groups": [{"items": [], "count": 2, "type": "created"}]}}, {"tips": {"count": 2}, "contact": {}, "firstName": "Eric", "gender": "male", "lastName": "Soh", "id": "2075449", "bio": "", "photo": {"prefix": "https://igx.4sqi.net/img/user/", "suffix": "/AGXYWJ4ALJ4S2QZK.jpg"}, "homeCity": "Singapore", "lists": {"groups": [{"items": [], "count": 2, "type": "created"}]}}, {"tips": {"count": 7}, "contact": {"twitter": "feliciascheong", "facebook": "559542432"}, "firstName": "felicia", "gender": "female", "lastName": "cheong", "id": "2261218", "bio": "", "photo": {"prefix": "https://igx.4sqi.net/img/user/", "suffix": "/2261218_WrWcVi7L_UqMcPApOum8Y6Y2d5QyRaeN7q3skxUS8rNvrHPdvPXb4IecrBOZwKNNoo-3v0-R3.jpg"}, "homeCity": "\u5609\u6a21\u5802\u5340, \u6fb3\u9580", "lists": {"groups": [{"items": [], "count": 2, "type": "created"}]}}, {"tips": {"count": 0}, "contact": {"twitter": "limzwn", "facebook": "616072789"}, "firstName": "Lim", "gender": "male", "lastName": "Zhiwen", "id": "2458689", "bio": "", "photo": {"prefix": "https://igx.4sqi.net/img/user/", "suffix": "/blank_boy.png", "default": true}, "homeCity": "New York, NY", "lists": {"groups": [{"items": [], "count": 2, "type": "created"}]}}, {"tips": {"count": 2}, "contact": {}, "firstName": "Ben & Jerry's SG", "gender": "male", "id": "2531791", "bio": "", "photo": {"prefix": "https://igx.4sqi.net/img/user/", "suffix": "/ES5HVZSAD3RVCECR.jpg"}, "homeCity": "Singapore", "lists": {"groups": [{"items": [], "count": 2, "type": "created"}]}}, {"tips": {"count": 0}, "contact": {}, "firstName": "ZQ", "gender": "none", "id": "2535079", "bio": "", "photo": {"prefix": "https://igx.4sqi.net/img/user/", "suffix": "/KMPSWZHRUBFER4Y4.jpg"}, "homeCity": "Singapore", "lists": {"groups": [{"items": [], "count": 2, "type": "created"}]}}, {"tips": {"count": 6}, "contact": {}, "firstName": "Andrew", "gender": "male", "lastName": "Tan", "id": "3618367", "bio": "", "photo": {"prefix": "https://igx.4sqi.net/img/user/", "suffix": "/FBC3NPCSWE5U1KZY.jpg"}, "homeCity": "Singapore", "lists": {"groups": [{"items": [], "count": 2, "type": "created"}]}}, {"tips": {"count": 2}, "contact": {}, "firstName": "James", "gender": "male", "lastName": "Seah", "id": "4116782", "bio": "", "photo": {"prefix": "https://igx.4sqi.net/img/user/", "suffix": "/13ZO5HTMWZJYWPDX.jpg"}, "homeCity": "Singapore", "lists": {"groups": [{"items": [], "count": 2, "type": "created"}]}}, {"tips": {"count": 0}, "contact": {}, "firstName": "Calvin", "gender": "male", "lastName": "Ho", "id": "5909386", "bio": "", "photo": {"prefix": "https://igx.4sqi.net/img/user/", "suffix": "/23523GYXFOOZFTPB.jpg"}, "homeCity": "\u4e2d\u548c\u5e02, Taiwan", "lists": {"groups": [{"items": [], "count": 2, "type": "created"}]}}, {"tips": {"count": 0}, "contact": {"facebook": "509019201"}, "firstName": "Ken", "gender": "male", "lastName": "Tan", "id": "7425819", "bio": "", "photo": {"prefix": "https://igx.4sqi.net/img/user/", "suffix": "/YVKYYEJOLNWIORGX.jpg"}, "homeCity": "Singapore", "lists": {"groups": [{"items": [], "count": 2, "type": "created"}]}}, {"tips": {"count": 0}, "contact": {}, "firstName": "Zinks", "gender": "female", "lastName": "Aw", "id": "8733569", "bio": "", "photo": {"prefix": "https://igx.4sqi.net/img/user/", "suffix": "/Q5H2TFRIBGWOTHZS.jpg"}, "homeCity": "Singapore", "lists": {"groups": [{"items": [], "count": 2, "type": "created"}]}}, {"tips": {"count": 0}, "contact": {"facebook": "684778553"}, "firstName": "June", "gender": "female", "lastName": "Koh", "id": "13517470", "bio": "", "photo": {"prefix": "https://igx.4sqi.net/img/user/", "suffix": "/M40GB35P0HJGUDJY.jpg"}, "homeCity": "Islington, UK", "lists": {"groups": [{"items": [], "count": 2, "type": "created"}]}}], "count": 133}, "checksum": "d7a640509254eb6506dd8c5fb237f1102de3232b"}, "meta": {"requestId": "5965cdf26a60711438aa7db3", "code": 200}}