{"notifications": [{"type": "notificationTray", "item": {"unreadCount": 0}}], "response": {"friends": {"items": [{"tips": {"count": 12}, "contact": {"twitter": "brainopera", "facebook": "15709327"}, "firstName": "Kevin", "gender": "male", "lastName": "Lim", "id": "97714", "bio": "Cyberculturalist", "photo": {"prefix": "https://igx.4sqi.net/img/user/", "suffix": "/FTLB3F3XODCPEUTX.jpg"}, "homeCity": "singapore, Singapore", "lists": {"groups": [{"items": [], "count": 9, "type": "created"}]}}, {"tips": {"count": 30}, "contact": {"facebook": "10152945248816099"}, "firstName": "Ellyrafiqa", "gender": "female", "lastName": "Hashim", "id": "1364277", "bio": "", "photo": {"prefix": "https://igx.4sqi.net/img/user/", "suffix": "/1364277-UMHXDWYBOWXJ13DP.jpg"}, "homeCity": "Bandar Utama", "lists": {"groups": [{"items": [], "count": 2, "type": "created"}]}}, {"tips": {"count": 0}, "contact": {"twitter": "genelim", "facebook": "714941015"}, "firstName": "Jin", "gender": "male", "lastName": "Lim", "id": "4304454", "bio": "", "photo": {"prefix": "https://igx.4sqi.net/img/user/", "suffix": "/TIH4FFVCU0RE2QLU.jpg"}, "homeCity": "Kuala Lumpur, Malaysia", "lists": {"groups": [{"items": [], "count": 2, "type": "created"}]}}, {"tips": {"count": 2}, "contact": {"twitter": "sharonntan"}, "firstName": "Sharon", "gender": "female", "lastName": "Tan", "id": "258711", "bio": "", "photo": {"prefix": "https://igx.4sqi.net/img/user/", "suffix": "/BTZHC13ILKZMSLJ5.jpg"}, "homeCity": "Singapore", "lists": {"groups": [{"items": [], "count": 2, "type": "created"}]}}, {"tips": {"count": 18}, "contact": {"twitter": "joshuatly", "facebook": "1360684792"}, "firstName": "Tee", "gender": "male", "lastName": "Joshuatly", "id": "413526", "bio": "", "photo": {"prefix": "https://igx.4sqi.net/img/user/", "suffix": "/413526-W1B2KZ3SFD12YALJ.jpg"}, "homeCity": "Kuala Lumpur, Malaysia", "lists": {"groups": [{"items": [], "count": 4, "type": "created"}]}}, {"tips": {"count": 189}, "contact": {"twitter": "hoongchai", "facebook": "684936079"}, "firstName": "Jeff", "gender": "male", "lastName": "Teh", "id": "355125", "bio": "", "photo": {"prefix": "https://igx.4sqi.net/img/user/", "suffix": "/4KSFVNPTQR2HHDMS.jpg"}, "homeCity": "Kuala Lumpur, Wilayah Persekutuan", "lists": {"groups": [{"items": [], "count": 3, "type": "created"}]}}, {"tips": {"count": 0}, "contact": {"twitter": "sebastianbarros", "facebook": "646519203"}, "firstName": "sebastian", "gender": "male", "lastName": "barros", "id": "1334246", "bio": "", "photo": {"prefix": "https://igx.4sqi.net/img/user/", "suffix": "/blank_boy.png", "default": true}, "homeCity": "Kuala Lumpur, Malaysia", "lists": {"groups": [{"items": [], "count": 2, "type": "created"}]}}, {"superuser": 2, "tips": {"count": 31}, "contact": {"twitter": "riverred", "facebook": "511959256"}, "firstName": "Carol", "gender": "female", "lastName": "Martinez", "id": "1342783", "bio": "", "photo": {"prefix": "https://igx.4sqi.net/img/user/", "suffix": "/1342783-FEL1KTL5PRWVAXVG.jpg"}, "homeCity": "Toledo, Ohio", "lists": {"groups": [{"items": [], "count": 7, "type": "created"}]}}, {"tips": {"count": 2}, "contact": {"twitter": "wordsmanifest", "facebook": "716435213"}, "firstName": "Words", "gender": "male", "lastName": "Manifest", "id": "521889", "bio": "", "photo": {"prefix": "https://igx.4sqi.net/img/user/", "suffix": "/521889-3IIL4Q15YINS45WZ.jpg"}, "homeCity": "Kuala Lumpur, ", "lists": {"groups": [{"items": [], "count": 2, "type": "created"}]}}, {"tips": {"count": 6}, "contact": {"twitter": "sausheong", "facebook": "559348574"}, "firstName": "Sau Sheong", "gender": "male", "lastName": "Chang", "id": "230684", "bio": "", "photo": {"prefix": "https://igx.4sqi.net/img/user/", "suffix": "/AT4LG5BMCWUZVWGO.jpg"}, "homeCity": "Singapore", "lists": {"groups": [{"items": [], "count": 2, "type": "created"}]}}, {"tips": {"count": 0}, "contact": {"twitter": "groovygenie"}, "firstName": "Isman", "gender": "male", "lastName": "Tanuri", "id": "5583503", "bio": "", "photo": {"prefix": "https://igx.4sqi.net/img/user/", "suffix": "/NVUSBGGSX4CONKI5.jpg"}, "homeCity": "Singapore", "lists": {"groups": [{"items": [], "count": 2, "type": "created"}]}}, {"tips": {"count": 0}, "contact": {}, "firstName": "Shalina", "gender": "female", "lastName": "Vadivale", "id": "1859891", "bio": "", "photo": {"prefix": "https://igx.4sqi.net/img/user/", "suffix": "/II3WTAVHT4ZUNAKJ.jpg"}, "homeCity": "Petaling Jaya, Selangor", "lists": {"groups": [{"items": [], "count": 2, "type": "created"}]}}, {"tips": {"count": 29}, "contact": {}, "firstName": "ChiewMei", "gender": "female", "lastName": "Lim", "id": "5166979", "bio": "", "photo": {"prefix": "https://igx.4sqi.net/img/user/", "suffix": "/3BJ3A1F5Z22VSXXG.jpg"}, "homeCity": "Singapore", "lists": {"groups": [{"items": [], "count": 3, "type": "created"}]}}, {"tips": {"count": 16}, "contact": {}, "firstName": "Avril", "gender": "female", "lastName": "Chan", "id": "442583", "bio": "", "photo": {"prefix": "https://igx.4sqi.net/img/user/", "suffix": "/EVRO1HZZRX4C2TH2.jpg"}, "homeCity": "Kuala Lumpur", "lists": {"groups": [{"items": [], "count": 2, "type": "created"}]}}, {"tips": {"count": 24}, "contact": {"twitter": "alvtan", "facebook": "10154635032417705"}, "firstName": "Alvin", "gender": "male", "lastName": "Tan", "id": "181101", "bio": "", "photo": {"prefix": "https://igx.4sqi.net/img/user/", "suffix": "/RSPHFTKQSADHLQQY.jpg"}, "homeCity": "Singapore", "lists": {"groups": [{"items": [], "count": 2, "type": "created"}]}}, {"tips": {"count": 63}, "contact": {"twitter": "danevo", "facebook": "781035959"}, "firstName": "Daniel", "gender": "male", "lastName": "Y.S. Tan", "id": "747983", "bio": "", "photo": {"prefix": "https://igx.4sqi.net/img/user/", "suffix": "/4QYBT4LZRSC2TFPV.jpg"}, "homeCity": "Petaling Jaya, Selangor", "lists": {"groups": [{"items": [], "count": 2, "type": "created"}]}}, {"superuser": 2, "tips": {"count": 70}, "contact": {}, "firstName": "Carolyn", "gender": "female", "lastName": "Chan\u2122", "id": "84696", "bio": "Gamer at large.", "photo": {"prefix": "https://igx.4sqi.net/img/user/", "suffix": "/84696-XKB4YHT5ONFEXPGQ.jpg"}, "homeCity": "Singapore", "lists": {"groups": [{"items": [], "count": 5, "type": "created"}]}}, {"superuser": 3, "tips": {"count": 60}, "contact": {"twitter": "burnflare", "facebook": "227701303"}, "firstName": "Vishnu", "gender": "male", "lastName": "Prem", "id": "34032", "bio": "", "photo": {"prefix": "https://igx.4sqi.net/img/user/", "suffix": "/34032-T2KRHUMOZJZ52GQU.jpg"}, "homeCity": "Singapore", "lists": {"groups": [{"items": [], "count": 12, "type": "created"}]}}, {"superuser": 2, "tips": {"count": 12}, "contact": {}, "firstName": "Loke Uei", "gender": "male", "lastName": "Tan", "id": "14002", "bio": "", "photo": {"prefix": "https://igx.4sqi.net/img/user/", "suffix": "/-K4RJ5FQKEKP5ZBYE.jpg"}, "homeCity": "Seattle, WA", "lists": {"groups": [{"items": [], "count": 2, "type": "created"}]}}, {"tips": {"count": 6}, "contact": {"twitter": "azri83"}, "firstName": "Azri", "gender": "male", "id": "147510", "bio": "", "photo": {"prefix": "https://igx.4sqi.net/img/user/", "suffix": "/MYQYTA2SWFZ1CYE1.jpg"}, "homeCity": "Kuala Lumpur, Malaysia", "lists": {"groups": [{"items": [], "count": 2, "type": "created"}]}}, {"tips": {"count": 17}, "contact": {"twitter": "liruchan"}, "firstName": "Liru", "gender": "female", "lastName": "Chan", "id": "842533", "bio": "", "photo": {"prefix": "https://igx.4sqi.net/img/user/", "suffix": "/2UQFWMZ2LL4DIXDE.jpg"}, "homeCity": "Singapore", "lists": {"groups": [{"items": [], "count": 2, "type": "created"}]}}, {"tips": {"count": 20}, "contact": {"twitter": "ericcheong"}, "firstName": "Eric", "gender": "male", "lastName": "Cheong", "id": "204953", "bio": "", "photo": {"prefix": "https://igx.4sqi.net/img/user/", "suffix": "/5L4RI3WSDOPOMW2C.jpg"}, "homeCity": "Petaling Jaya, Selangor", "lists": {"groups": [{"items": [], "count": 2, "type": "created"}]}}, {"tips": {"count": 4}, "contact": {"twitter": "lamkeet", "facebook": "578105178"}, "firstName": "Keet", "gender": "male", "lastName": "Woo", "id": "583956", "bio": "", "photo": {"prefix": "https://igx.4sqi.net/img/user/", "suffix": "/4XW5WLGCZHCWMU5R.jpg"}, "homeCity": "Brisbane, QLD", "lists": {"groups": [{"items": [], "count": 2, "type": "created"}]}}, {"tips": {"count": 27}, "contact": {}, "firstName": "Smith", "gender": "male", "lastName": "Leong", "id": "170358", "bio": "", "photo": {"prefix": "https://igx.4sqi.net/img/user/", "suffix": "/DQQK0I0GIDABNAC2.jpg"}, "homeCity": "Singapore", "lists": {"groups": [{"items": [], "count": 2, "type": "created"}]}}, {"superuser": 1, "tips": {"count": 15}, "contact": {"twitter": "iamjohnlai", "facebook": "1232008250"}, "firstName": "John", "gender": "male", "lastName": "Lai", "id": "102817", "bio": "", "photo": {"prefix": "https://igx.4sqi.net/img/user/", "suffix": "/4ZTBPQMV5IOM3BCK.jpg"}, "homeCity": "Auckland", "lists": {"groups": [{"items": [], "count": 2, "type": "created"}]}}, {"tips": {"count": 275}, "contact": {"twitter": "marciocacao", "facebook": "1648724671"}, "firstName": "Marcio", "gender": "male", "lastName": "Cacao", "id": "1367526", "bio": "", "photo": {"prefix": "https://igx.4sqi.net/img/user/", "suffix": "/LZNMF33XHKHMX0O1.jpg"}, "homeCity": "Sorocaba, SP", "lists": {"groups": [{"items": [], "count": 9, "type": "created"}]}}, {"tips": {"count": 38}, "contact": {"twitter": "ladyxtel", "facebook": "10152919522193277"}, "firstName": "Christel", "gender": "female", "lastName": "Quek", "id": "259462", "bio": "", "photo": {"prefix": "https://igx.4sqi.net/img/user/", "suffix": "/DGQXZZHDOL2PEHGD.jpg"}, "homeCity": "Singapore", "lists": {"groups": [{"items": [], "count": 18, "type": "created"}]}}, {"tips": {"count": 7}, "contact": {"twitter": "walauwei", "facebook": "714153083"}, "firstName": "WaLauWei.com", "gender": "male", "id": "427925", "bio": "", "photo": {"prefix": "https://igx.4sqi.net/img/user/", "suffix": "/FTNHQ4UWJQCMPGMR.jpg"}, "homeCity": "Kuala Lumpur, Malaysia", "lists": {"groups": [{"items": [], "count": 2, "type": "created"}]}}, {"tips": {"count": 0}, "contact": {"twitter": "genkigenki", "facebook": "852885612"}, "firstName": "Christopher", "gender": "male", "lastName": "Vu", "id": "362300", "bio": "", "photo": {"prefix": "https://igx.4sqi.net/img/user/", "suffix": "/TD03GDULPKTJWZ5M.png"}, "homeCity": "Singapore", "lists": {"groups": [{"items": [], "count": 2, "type": "created"}]}}, {"tips": {"count": 8}, "contact": {"twitter": "mahyuni", "facebook": "586165241"}, "firstName": "Erna", "gender": "female", "lastName": "Mahyuni", "id": "1347858", "bio": "", "photo": {"prefix": "https://irs0.4sqi.net/img/user/", "suffix": "/A43RMJUNMEVUF3MF.jpg"}, "homeCity": "Kuala Lumpur, Malaysia", "lists": {"groups": [{"items": [], "count": 2, "type": "created"}]}}, {"tips": {"count": 48}, "contact": {"twitter": "jermyntoh", "facebook": "656613824"}, "firstName": "Jermyn", "gender": "male", "lastName": "Toh", "id": "239570", "bio": "", "photo": {"prefix": "https://igx.4sqi.net/img/user/", "suffix": "/JHFHSQDGF0EZWWG1.jpg"}, "homeCity": "Singapore", "lists": {"groups": [{"items": [], "count": 2, "type": "created"}]}}, {"tips": {"count": 1}, "contact": {"twitter": "dirghamehta", "facebook": "10152654600482574"}, "firstName": "Dirgha", "gender": "female", "lastName": "Mehta", "id": "1863429", "bio": "", "photo": {"prefix": "https://igx.4sqi.net/img/user/", "suffix": "/UUQSA1VLSAGS0AVP.jpg"}, "homeCity": "Bengaluru, India", "lists": {"groups": [{"items": [], "count": 2, "type": "created"}]}}, {"tips": {"count": 2}, "contact": {"twitter": "ian_mckee", "facebook": "655497745"}, "firstName": "Ian", "gender": "male", "lastName": "McKee", "id": "447627", "bio": "", "photo": {"prefix": "https://igx.4sqi.net/img/user/", "suffix": "/X5SVDKTX1VU4AAUK.jpg"}, "homeCity": "Singapore", "lists": {"groups": [{"items": [], "count": 2, "type": "created"}]}}, {"tips": {"count": 4}, "contact": {"twitter": "jonlow", "facebook": "10153440921477642"}, "firstName": "Jon", "gender": "male", "lastName": "Low", "id": "181453", "bio": "", "photo": {"prefix": "https://igx.4sqi.net/img/user/", "suffix": "/CNTBYFFITT0VXRZH.jpg"}, "homeCity": "Selangor, Malaysia", "lists": {"groups": [{"items": [], "count": 3, "type": "created"}]}}, {"tips": {"count": 42}, "contact": {}, "firstName": "Chong", "gender": "male", "lastName": "CK", "id": "749250", "bio": "", "photo": {"prefix": "https://igx.4sqi.net/img/user/", "suffix": "/JMTEQM3QSBNPI4CB.png"}, "homeCity": "Kuala Lumpur, Malaysia", "lists": {"groups": [{"items": [], "count": 3, "type": "created"}]}}, {"tips": {"count": 6}, "contact": {"facebook": "616041852"}, "firstName": "Bruce", "gender": "male", "lastName": "Sweigert", "id": "328533", "bio": "", "photo": {"prefix": "https://igx.4sqi.net/img/user/", "suffix": "/ETZ020OOP5COQAYL.jpg"}, "homeCity": "Singapore", "lists": {"groups": [{"items": [], "count": 3, "type": "created"}]}}, {"tips": {"count": 0}, "contact": {"twitter": "techboard", "facebook": "1428525393"}, "firstName": "Trung", "gender": "male", "lastName": "Ngo", "id": "696742", "bio": "", "photo": {"prefix": "https://igx.4sqi.net/img/user/", "suffix": "/blank_boy.png", "default": true}, "homeCity": "Houston, TX", "lists": {"groups": [{"items": [], "count": 2, "type": "created"}]}}, {"tips": {"count": 57}, "contact": {"twitter": "llamasonic", "facebook": "632174244"}, "firstName": "Anthony", "gender": "male", "lastName": "Umann", "id": "24446", "bio": "", "photo": {"prefix": "https://igx.4sqi.net/img/user/", "suffix": "/-YICW3HIJU3P2UNX5.jpg"}, "homeCity": "Petaling Jaya, Selangor", "lists": {"groups": [{"items": [], "count": 2, "type": "created"}]}}, {"superuser": 1, "tips": {"count": 47}, "contact": {"twitter": "bethebutterfly", "facebook": "591295027"}, "firstName": "Perri", "gender": "female", "lastName": "Gorman", "id": "150869", "bio": "", "photo": {"prefix": "https://igx.4sqi.net/img/user/", "suffix": "/150869-H0AJ44KN34CFC5NU.jpg"}, "homeCity": "New York, NY", "lists": {"groups": [{"items": [], "count": 3, "type": "created"}]}}, {"tips": {"count": 1}, "contact": {"twitter": "4sqkl"}, "firstName": "4sqKL", "gender": "male", "id": "874872", "bio": "", "photo": {"prefix": "https://igx.4sqi.net/img/user/", "suffix": "/2COJRCE5LLYRDQTB.png"}, "homeCity": "Kuala Lumpur, Malaysia", "lists": {"groups": [{"items": [], "count": 2, "type": "created"}]}}, {"tips": {"count": 5}, "contact": {"facebook": "10154046977507533"}, "firstName": "David", "gender": "male", "lastName": "Cheong", "id": "212078", "bio": "", "photo": {"prefix": "https://igx.4sqi.net/img/user/", "suffix": "/HS4K0XLMEKFYT5HH.jpg"}, "homeCity": "Kuala Lumpur, Malaysia", "lists": {"groups": [{"items": [], "count": 2, "type": "created"}]}}, {"superuser": 1, "tips": {"count": 19}, "contact": {"twitter": "priscias"}, "firstName": "Priscilla", "gender": "female", "lastName": "Tan", "id": "170930", "bio": "", "photo": {"prefix": "https://igx.4sqi.net/img/user/", "suffix": "/170930-FUO5EOD0MTF031ZZ.jpg"}, "homeCity": "Singapore", "lists": {"groups": [{"items": [], "count": 2, "type": "created"}]}}, {"superuser": 3, "tips": {"count": 24}, "contact": {}, "firstName": "Andrew", "gender": "male", "lastName": "K.", "id": "105433", "bio": "", "photo": {"prefix": "https://igx.4sqi.net/img/user/", "suffix": "/OUC5H4JJFQWLP4K4.png"}, "homeCity": "", "lists": {"groups": [{"items": [], "count": 18, "type": "created"}]}}, {"tips": {"count": 0}, "contact": {"facebook": "809105491"}, "firstName": "Abhinay", "gender": "male", "lastName": "Anand", "id": "4971361", "bio": "", "photo": {"prefix": "https://igx.4sqi.net/img/user/", "suffix": "/PJHROUSNQTCWLVY4.png"}, "homeCity": "Singapore", "lists": {"groups": [{"items": [], "count": 2, "type": "created"}]}}, {"superuser": 2, "tips": {"count": 51}, "contact": {"twitter": "dhempe", "facebook": "609785814"}, "firstName": "Hrish Dhempe", "gender": "male", "lastName": "Thota", "id": "280093", "bio": "Filmmaker, Traveler, tweep", "photo": {"prefix": "https://igx.4sqi.net/img/user/", "suffix": "/280093-BQTVYYQM3HYSHD0A.jpg"}, "homeCity": "Bengaluru, Karnataka", "lists": {"groups": [{"items": [], "count": 4, "type": "created"}]}}, {"tips": {"count": 6}, "contact": {"twitter": "syafiqmazli", "facebook": "1476534039"}, "firstName": "Muhammad Syafiq", "gender": "male", "lastName": "Mazli", "id": "374591", "bio": "", "photo": {"prefix": "https://igx.4sqi.net/img/user/", "suffix": "/HIQU1VNQBMZKZ2LZ.jpg"}, "homeCity": "Ampang, Malaysia", "lists": {"groups": [{"items": [], "count": 3, "type": "created"}]}}, {"superuser": 2, "tips": {"count": 57}, "contact": {}, "firstName": "M. Alexandria", "gender": "female", "lastName": "Yoong", "id": "1348368", "bio": "", "photo": {"prefix": "https://igx.4sqi.net/img/user/", "suffix": "/YEM415PG305S1OTV.jpg"}, "homeCity": "Kuala Pilah, Negeri Sembilan", "lists": {"groups": [{"items": [], "count": 2, "type": "created"}]}}, {"tips": {"count": 34}, "contact": {"twitter": "qiaosi", "facebook": "222100048"}, "firstName": "Crystal", "gender": "female", "lastName": "Goh", "id": "239986", "bio": "", "photo": {"prefix": "https://igx.4sqi.net/img/user/", "suffix": "/POMNANNGVAXTKUWS.jpg"}, "homeCity": "Singapore", "lists": {"groups": [{"items": [], "count": 2, "type": "created"}]}}, {"tips": {"count": 2}, "contact": {"facebook": "10155588572405486"}, "firstName": "Nanda", "gender": "male", "lastName": "Ve", "id": "1864971", "bio": "", "photo": {"prefix": "https://igx.4sqi.net/img/user/", "suffix": "/1864971-GC4J5IWJJKQDVWAF.jpg"}, "homeCity": "Bengaluru, India", "lists": {"groups": [{"items": [], "count": 6, "type": "created"}]}}, {"tips": {"count": 3}, "contact": {"twitter": "theboonster75", "facebook": "539793015"}, "firstName": "Boon Han", "gender": "male", "lastName": "Chew", "id": "448661", "bio": "", "photo": {"prefix": "https://igx.4sqi.net/img/user/", "suffix": "/448661-IU0HVDO3CF2ITLVP.jpg"}, "homeCity": "Kuala Lumpur, Malaysia", "lists": {"groups": [{"items": [], "count": 2, "type": "created"}]}}, {"tips": {"count": 25}, "contact": {"twitter": "mhisham", "facebook": "734974026"}, "firstName": "hisham", "gender": "male", "lastName": "mohd", "id": "182057", "bio": "", "photo": {"prefix": "https://igx.4sqi.net/img/user/", "suffix": "/USW3X2UE0JZBZHKH.jpg"}, "homeCity": "Singapore", "lists": {"groups": [{"items": [], "count": 2, "type": "created"}]}}, {"tips": {"count": 1}, "contact": {"twitter": "shareenmy"}, "firstName": "Shareen", "gender": "none", "lastName": "Ng", "id": "759965", "bio": "", "photo": {"prefix": "https://igx.4sqi.net/img/user/", "suffix": "/3UNC1KJQKKFONY3Y.jpg"}, "homeCity": "Kuala Lumpur, WP Kuala Lumpur", "lists": {"groups": [{"items": [], "count": 2, "type": "created"}]}}, {"tips": {"count": 0}, "contact": {"twitter": "jsen", "facebook": "171200543"}, "firstName": "Johanan", "gender": "male", "lastName": "Sen", "id": "339743", "bio": "", "photo": {"prefix": "https://igx.4sqi.net/img/user/", "suffix": "/F0O1501PL0T124C0.jpg"}, "homeCity": "Petaling Jaya", "lists": {"groups": [{"items": [], "count": 2, "type": "created"}]}}, {"tips": {"count": 0}, "contact": {"twitter": "gwennyt", "facebook": "655826777"}, "firstName": "Gwendolyn", "gender": "female", "lastName": "Tan", "id": "796598", "bio": "", "photo": {"prefix": "https://igx.4sqi.net/img/user/", "suffix": "/100HYMZ3QZIMUS1K.jpg"}, "homeCity": ", Singapore", "lists": {"groups": [{"items": [], "count": 2, "type": "created"}]}}, {"tips": {"count": 24}, "contact": {"twitter": "yangonthu", "facebook": "10153571079329676"}, "firstName": "Moe Moe", "gender": "female", "id": "24602", "bio": "", "photo": {"prefix": "https://igx.4sqi.net/img/user/", "suffix": "/PGKZOMIAGCRPHFRQ.jpg"}, "homeCity": "Singapore", "lists": {"groups": [{"items": [], "count": 2, "type": "created"}]}}, {"tips": {"count": 27}, "contact": {"twitter": "jamescklim", "facebook": "600721094"}, "firstName": "James", "gender": "male", "lastName": "Lim", "id": "152813", "bio": "", "photo": {"prefix": "https://igx.4sqi.net/img/user/", "suffix": "/PBHTP0W2BGWVRHYL.jpg"}, "homeCity": "Kuala Lumpur, Wilayah Persekutuan", "lists": {"groups": [{"items": [], "count": 3, "type": "created"}]}}, {"tips": {"count": 13}, "contact": {"twitter": "acutecritique", "facebook": "591197375"}, "firstName": "Mabel", "gender": "female", "lastName": "Cheong", "id": "916836", "bio": "", "photo": {"prefix": "https://igx.4sqi.net/img/user/", "suffix": "/VRGFCA2IG43JBRHY.jpg"}, "homeCity": "Malaysia", "lists": {"groups": [{"items": [], "count": 2, "type": "created"}]}}, {"tips": {"count": 5}, "contact": {"twitter": "nigelytl", "facebook": "726057440"}, "firstName": "Nigel", "gender": "male", "lastName": "Yap", "id": "216876", "bio": "", "photo": {"prefix": "https://igx.4sqi.net/img/user/", "suffix": "/216876-BNWO12IQEYRI30PE.jpg"}, "homeCity": "Petaling Jaya, Selangor", "lists": {"groups": [{"items": [], "count": 2, "type": "created"}]}}, {"tips": {"count": 0}, "contact": {"twitter": "iamleonwei", "facebook": "626247321"}, "firstName": "Leon", "gender": "male", "lastName": "Wei", "id": "172488", "bio": "", "photo": {"prefix": "https://igx.4sqi.net/img/user/", "suffix": "/MEMHMDNDWVRYQPAE.jpg"}, "homeCity": "Singapore", "lists": {"groups": [{"items": [], "count": 2, "type": "created"}]}}, {"tips": {"count": 13}, "contact": {"twitter": "marvinlee"}, "firstName": "Marvin", "gender": "male", "lastName": "Lee", "id": "105504", "bio": "", "photo": {"prefix": "https://igx.4sqi.net/img/user/", "suffix": "/105504_1258689646696.jpg"}, "homeCity": "Petaling Jaya, Malaysia", "lists": {"groups": [{"items": [], "count": 2, "type": "created"}]}}, {"tips": {"count": 3}, "contact": {"facebook": "199713197"}, "firstName": "Johnson", "gender": "male", "lastName": "Goh", "id": "286033", "bio": "", "photo": {"prefix": "https://igx.4sqi.net/img/user/", "suffix": "/ZPO5VFXCRFYCB24Q.png"}, "homeCity": "Klang, Selangor", "lists": {"groups": [{"items": [], "count": 2, "type": "created"}]}}, {"tips": {"count": 34}, "contact": {"twitter": "einnasays", "facebook": "618302133"}, "firstName": "Stephannie", "gender": "female", "lastName": "Chin", "id": "1245497", "bio": "", "photo": {"prefix": "https://igx.4sqi.net/img/user/", "suffix": "/VS4TGP5TRGWGA1WU.jpg"}, "homeCity": "Kuala Lumpur", "lists": {"groups": [{"items": [], "count": 2, "type": "created"}]}}, {"tips": {"count": 2}, "contact": {"facebook": "1397449901"}, "firstName": "Lester", "gender": "male", "lastName": "Felix", "id": "4178236", "bio": "", "photo": {"prefix": "https://igx.4sqi.net/img/user/", "suffix": "/SLGHNDLEKR2CBCNT.jpg"}, "homeCity": "Miri, Malaysia", "lists": {"groups": [{"items": [], "count": 2, "type": "created"}]}}, {"tips": {"count": 15}, "contact": {"twitter": "derrickkoh70", "facebook": "626992914"}, "firstName": "Derrick", "gender": "male", "lastName": "Koh", "id": "246195", "bio": "", "photo": {"prefix": "https://igx.4sqi.net/img/user/", "suffix": "/VMLU2OXNXMUSWE3H.jpg"}, "homeCity": "Bishan, Singapore", "lists": {"groups": [{"items": [], "count": 2, "type": "created"}]}}, {"tips": {"count": 3}, "contact": {"facebook": "645769847"}, "firstName": "Stephen", "gender": "male", "lastName": "Xavier", "id": "1934364", "bio": "", "photo": {"prefix": "https://igx.4sqi.net/img/user/", "suffix": "/ESQZKRY4DIYY0MUX.jpg"}, "homeCity": "Melbourne, Australia", "lists": {"groups": [{"items": [], "count": 2, "type": "created"}]}}, {"tips": {"count": 20}, "contact": {"twitter": "lauwenhuat", "facebook": "640623804"}, "firstName": "Wen Huat", "gender": "male", "lastName": "Lau", "id": "449246", "bio": "", "photo": {"prefix": "https://igx.4sqi.net/img/user/", "suffix": "/2XLCDVNLMOKCPSJQ.jpg"}, "homeCity": "Kuala Lumpur, Selangor", "lists": {"groups": [{"items": [], "count": 2, "type": "created"}]}}, {"tips": {"count": 17}, "contact": {"twitter": "reubenhot", "facebook": "855890073"}, "firstName": "Reuben", "gender": "male", "lastName": "Lau", "id": "182066", "bio": "", "photo": {"prefix": "https://igx.4sqi.net/img/user/", "suffix": "/Y10ARU1SRTZJSDGD.jpg"}, "homeCity": "Petaling Jaya, Selangor", "lists": {"groups": [{"items": [], "count": 2, "type": "created"}]}}, {"tips": {"count": 30}, "contact": {"twitter": "ngeow", "facebook": "501422322"}, "firstName": "Wu Han", "gender": "male", "lastName": "Ngeow", "id": "341196", "bio": "", "photo": {"prefix": "https://igx.4sqi.net/img/user/", "suffix": "/341196-ZYEBHBYYDSJFXT2R.jpg"}, "homeCity": "Petaling Jaya, Malaysia", "lists": {"groups": [{"items": [], "count": 5, "type": "created"}]}}, {"tips": {"count": 76}, "contact": {"twitter": "dregar", "facebook": "528475394"}, "firstName": "Andre", "gender": "male", "lastName": "Siregar", "id": "48955", "bio": "I \u2764\ufe0f coffee and brunches", "photo": {"prefix": "https://igx.4sqi.net/img/user/", "suffix": "/48955_1259121138492.png"}, "homeCity": "Jakarta", "lists": {"groups": [{"items": [], "count": 3, "type": "created"}]}}, {"tips": {"count": 22}, "contact": {"twitter": "belindaang", "facebook": "569486800"}, "firstName": "Belinda", "gender": "female", "lastName": "Ang", "id": "152954", "bio": "", "photo": {"prefix": "https://igx.4sqi.net/img/user/", "suffix": "/RVZL42V3XCTFI24E.jpg"}, "homeCity": "Singapore", "lists": {"groups": [{"items": [], "count": 2, "type": "created"}]}}, {"tips": {"count": 4}, "contact": {"twitter": "sasha0382", "facebook": "532978979"}, "firstName": "Sharon", "gender": "female", "lastName": "Yong", "id": "917692", "bio": "", "photo": {"prefix": "https://igx.4sqi.net/img/user/", "suffix": "/24NBBLOUNJP5145Z.jpg"}, "homeCity": "Singapore", "lists": {"groups": [{"items": [], "count": 2, "type": "created"}]}}, {"tips": {"count": 2}, "contact": {"twitter": "ferlicius"}, "firstName": "Ferlicius", "gender": "female", "lastName": "M", "id": "217085", "bio": "", "photo": {"prefix": "https://igx.4sqi.net/img/user/", "suffix": "/HJ0B3UBY2RLF5BWQ.jpg"}, "homeCity": "Narita-shi, Japan", "lists": {"groups": [{"items": [], "count": 3, "type": "created"}]}}, {"tips": {"count": 12}, "contact": {}, "firstName": "Chinmay", "gender": "male", "lastName": "Pendharkar", "id": "174249", "bio": "Geek. Podcaster. Acoustician.", "photo": {"prefix": "https://igx.4sqi.net/img/user/", "suffix": "/-J2SLWCJJH53RB0DM.jpg"}, "homeCity": "Singapore", "lists": {"groups": [{"items": [], "count": 4, "type": "created"}]}}, {"tips": {"count": 1}, "contact": {}, "firstName": "Auto!", "gender": "male", "id": "105561", "bio": "", "photo": {"prefix": "https://igx.4sqi.net/img/user/", "suffix": "/ZIN2M2EBZ44MTMK5.png"}, "homeCity": "Chennai, India", "lists": {"groups": [{"items": [], "count": 2, "type": "created"}]}}, {"tips": {"count": 12}, "contact": {"twitter": "ianfitzgerald", "facebook": "10155263666095433"}, "firstName": "Ian", "gender": "male", "lastName": "Fitzgerald", "id": "286243", "bio": "", "photo": {"prefix": "https://igx.4sqi.net/img/user/", "suffix": "/L51GCWKPGUBA3YBX.jpg"}, "homeCity": "London, UK", "lists": {"groups": [{"items": [], "count": 2, "type": "created"}]}}, {"tips": {"count": 30}, "contact": {}, "firstName": "sense_similie", "gender": "female", "id": "6513057", "bio": "", "photo": {"prefix": "https://igx.4sqi.net/img/user/", "suffix": "/EXRYUA25E4WRXVT1.jpg"}, "homeCity": "Malaysia", "lists": {"groups": [{"items": [], "count": 11, "type": "created"}]}}, {"tips": {"count": 6}, "contact": {"twitter": "cardula78", "facebook": "620857895"}, "firstName": "Irwan", "gender": "male", "lastName": "Ismail", "id": "5280085", "bio": "", "photo": {"prefix": "https://igx.4sqi.net/img/user/", "suffix": "/5280085-Q1GGH5WVC5LS4QGX.jpg"}, "homeCity": "Kuala Lumpur, Malaysia", "lists": {"groups": [{"items": [], "count": 3, "type": "created"}]}}, {"tips": {"count": 23}, "contact": {}, "firstName": "Victoria", "gender": "female", "lastName": "C", "id": "251001", "bio": "www.gastronommy.com \u2605 Editor.  Food Journalist.  Ninja.", "photo": {"prefix": "https://igx.4sqi.net/img/user/", "suffix": "/251001-NJUGKFMWCVK2KSWF.jpg"}, "homeCity": "Singapore", "lists": {"groups": [{"items": [], "count": 22, "type": "created"}]}}, {"tips": {"count": 0}, "contact": {"facebook": "100000182940205"}, "firstName": "CzipLee", "gender": "none", "id": "2244124", "bio": "", "photo": {"prefix": "https://igx.4sqi.net/img/user/", "suffix": "/F2NI41RK3SJRZH2U.jpg"}, "homeCity": "Kuala Lumpur, Malaysia", "lists": {"groups": [{"items": [], "count": 2, "type": "created"}]}}, {"tips": {"count": 2}, "contact": {"twitter": "joyous", "facebook": "588810446"}, "firstName": "Joy", "gender": "female", "lastName": "Yap", "id": "449251", "bio": "", "photo": {"prefix": "https://igx.4sqi.net/img/user/", "suffix": "/HS5QE3C1NCEZ3AWB.jpg"}, "homeCity": "Singapore", "lists": {"groups": [{"items": [], "count": 2, "type": "created"}]}}, {"tips": {"count": 8}, "contact": {}, "firstName": "Carmen", "gender": "none", "lastName": "Chow", "id": "187031", "bio": "", "photo": {"prefix": "https://igx.4sqi.net/img/user/", "suffix": "/4BK5JMAIVZELBYD1.jpg"}, "homeCity": "Petaling Jaya, Malaysia", "lists": {"groups": [{"items": [], "count": 2, "type": "created"}]}}, {"tips": {"count": 0}, "contact": {}, "firstName": "Jonathan", "gender": "male", "lastName": "Tan", "id": "345641", "bio": "", "photo": {"prefix": "https://igx.4sqi.net/img/user/", "suffix": "/3I4RNNDOVQPYEWDP.jpg"}, "homeCity": "Singapore", "lists": {"groups": [{"items": [], "count": 2, "type": "created"}]}}, {"superuser": 1, "tips": {"count": 26}, "contact": {"twitter": "geekonomics", "facebook": "10153225028235312"}, "firstName": "Nicholas Aaron", "gender": "male", "lastName": "Khoo", "id": "50252", "bio": "", "photo": {"prefix": "https://igx.4sqi.net/img/user/", "suffix": "/50252_1259979403368.jpg"}, "homeCity": "Singapore", "lists": {"groups": [{"items": [], "count": 5, "type": "created"}]}}, {"superuser": 1, "tips": {"count": 31}, "contact": {"twitter": "blogjunkie", "facebook": "700291804"}, "firstName": "David", "gender": "male", "lastName": "Wang", "id": "152979", "bio": "I help busy bloggers and small business owners be awesome with WordPress. Learn how I can help at http://clickwp.com/wordpress-support", "photo": {"prefix": "https://igx.4sqi.net/img/user/", "suffix": "/5XDWTJL0R23VKV1U.jpg"}, "homeCity": "Kuala Lumpur", "lists": {"groups": [{"items": [], "count": 4, "type": "created"}]}}, {"tips": {"count": 3}, "contact": {}, "firstName": "Grace", "gender": "female", "lastName": "Tan", "id": "930128", "bio": "", "photo": {"prefix": "https://igx.4sqi.net/img/user/", "suffix": "/PPT13U5WIVZ3NKRE.jpg"}, "homeCity": "Petaling Jaya, Selangor", "lists": {"groups": [{"items": [], "count": 2, "type": "created"}]}}, {"superuser": 3, "tips": {"count": 20}, "contact": {"twitter": "starwing", "facebook": "100000675789306"}, "firstName": "Melvin", "gender": "male", "lastName": "Foong", "id": "220281", "bio": "#fashion #digital #film #photographer #publishing #metrosexual #commercial #fine-art \r\nLikes everything beautiful. I shoot people and buildings for a living.", "photo": {"prefix": "https://igx.4sqi.net/img/user/", "suffix": "/Y0ROND4EBVNNA2SM.jpg"}, "homeCity": "Kuala Lumpur, Malaysia", "lists": {"groups": [{"items": [], "count": 3, "type": "created"}]}}, {"tips": {"count": 12}, "contact": {"twitter": "angelsherwin", "facebook": "10152933920343876"}, "firstName": "Sherwin", "gender": "male", "lastName": "Loh", "id": "175501", "bio": "", "photo": {"prefix": "https://igx.4sqi.net/img/user/", "suffix": "/RJPDVHVK2XEZH5BB.jpg"}, "homeCity": "Rochor, Singapore", "lists": {"groups": [{"items": [], "count": 2, "type": "created"}]}}, {"tips": {"count": 14}, "contact": {"twitter": "skribe", "facebook": "671380756"}, "firstName": "Skribe", "gender": "male", "lastName": "Forti", "id": "105566", "bio": "", "photo": {"prefix": "https://igx.4sqi.net/img/user/", "suffix": "/0FOCYHXPW3JUJGOH.jpg"}, "homeCity": "Perth", "lists": {"groups": [{"items": [], "count": 2, "type": "created"}]}}, {"tips": {"count": 0}, "contact": {"twitter": "wilson_ang81"}, "firstName": "Wilson", "gender": "male", "lastName": "Ang", "id": "2112445", "bio": "", "photo": {"prefix": "https://igx.4sqi.net/img/user/", "suffix": "/1PGKA20FJE2NPGCF.jpg"}, "homeCity": "Singapore", "lists": {"groups": [{"items": [], "count": 2, "type": "created"}]}}, {"tips": {"count": 0}, "contact": {"twitter": "patrickyap", "facebook": "590058318"}, "firstName": "Patrick", "gender": "male", "lastName": "Yap", "id": "5121763", "bio": "", "photo": {"prefix": "https://igx.4sqi.net/img/user/", "suffix": "/05RLI22QQ2ZZTZ2K.jpg"}, "homeCity": "Malaysia", "lists": {"groups": [{"items": [], "count": 2, "type": "created"}]}}, {"tips": {"count": 0}, "contact": {"twitter": "elyciaa"}, "firstName": "Elycia", "gender": "female", "lastName": "Ong", "id": "462922", "bio": "", "photo": {"prefix": "https://igx.4sqi.net/img/user/", "suffix": "/APIUI4NCCFPR30SZ.jpg"}, "homeCity": "Novena, Singapore", "lists": {"groups": [{"items": [], "count": 2, "type": "created"}]}}, {"tips": {"count": 5}, "contact": {"twitter": "donaldsng"}, "firstName": "Donald", "gender": "male", "lastName": "Sun", "id": "189274", "bio": "", "photo": {"prefix": "https://igx.4sqi.net/img/user/", "suffix": "/KYA2NPYV53KVOCJW.jpg"}, "homeCity": "Singapore", "lists": {"groups": [{"items": [], "count": 2, "type": "created"}]}}, {"tips": {"count": 7}, "contact": {"twitter": "juicyjuleswei", "facebook": "628680999"}, "firstName": "Jules", "gender": "female", "lastName": "Wei", "id": "377500", "bio": "", "photo": {"prefix": "https://igx.4sqi.net/img/user/", "suffix": "/C4TKZS3Y3RILQND1.jpg"}, "homeCity": "TPHCM", "lists": {"groups": [{"items": [], "count": 2, "type": "created"}]}}, {"tips": {"count": 13}, "contact": {"twitter": "ben_israel", "facebook": "551356408"}, "firstName": "Ben Israel", "gender": "male", "superuser": 1, "id": "65829", "bio": "", "photo": {"prefix": "https://igx.4sqi.net/img/user/", "suffix": "/TA5AFO1QPCFMX2GB.jpg"}, "homeCity": "Singapore", "lists": {"groups": [{"items": [], "count": 3, "type": "created"}]}}, {"tips": {"count": 9}, "contact": {"twitter": "chongctd", "facebook": "709458562"}, "firstName": "David", "gender": "male", "lastName": "Chong", "id": "156469", "bio": "", "photo": {"prefix": "https://igx.4sqi.net/img/user/", "suffix": "/0ZPKES1SPS4JPU5Q.jpg"}, "homeCity": "Singapore", "lists": {"groups": [{"items": [], "count": 5, "type": "created"}]}}, {"tips": {"count": 4}, "contact": {"twitter": "garyong83", "facebook": "100001009867925"}, "firstName": "Gary", "gender": "male", "lastName": "Ong", "id": "963526", "bio": "", "photo": {"prefix": "https://igx.4sqi.net/img/user/", "suffix": "/1W4D1ACXCYN3DJLT.jpg"}, "homeCity": "Singapore", "lists": {"groups": [{"items": [], "count": 2, "type": "created"}]}}, {"tips": {"count": 10}, "contact": {"twitter": "victorliew", "facebook": "1478105737"}, "firstName": "Victor", "gender": "male", "lastName": "Liew", "id": "223503", "bio": "", "photo": {"prefix": "https://igx.4sqi.net/img/user/", "suffix": "/LOJ3OB2EEMRHOQRH.jpg"}, "homeCity": "Kuala Lumpur, Malaysia", "lists": {"groups": [{"items": [], "count": 2, "type": "created"}]}}, {"superuser": 2, "tips": {"count": 5}, "contact": {"twitter": "yauhui", "facebook": "728744544"}, "firstName": "Yau Hui", "gender": "male", "lastName": "Lim", "id": "176775", "bio": "The same boy with different ideas.", "photo": {"prefix": "https://igx.4sqi.net/img/user/", "suffix": "/MZS20MBTFCHDSQKA.png"}, "homeCity": "London", "lists": {"groups": [{"items": [], "count": 2, "type": "created"}]}}, {"superuser": 1, "tips": {"count": 21}, "contact": {"twitter": "kamal", "facebook": "508258787"}, "firstName": "Kamal", "gender": "male", "lastName": "Fariz", "id": "105706", "bio": "", "photo": {"prefix": "https://igx.4sqi.net/img/user/", "suffix": "/105706_1258679937361.png"}, "homeCity": "Namyangju-si, Gyeonggi-do", "lists": {"groups": [{"items": [], "count": 2, "type": "created"}]}}, {"tips": {"count": 0}, "contact": {"twitter": "triciayeoh", "facebook": "510585385"}, "firstName": "Tricia", "gender": "female", "lastName": "Yeoh", "id": "1233343", "bio": "", "photo": {"prefix": "https://igx.4sqi.net/img/user/", "suffix": "/blank_girl.png", "default": true}, "homeCity": "Selangor, Malaysia", "lists": {"groups": [{"items": [], "count": 2, "type": "created"}]}}, {"tips": {"count": 34}, "contact": {"twitter": "kopii_soh", "facebook": "599060904"}, "firstName": "GoshPrincess", "gender": "female", "id": "189902", "bio": "", "photo": {"prefix": "https://igx.4sqi.net/img/user/", "suffix": "/MB3WEOIQKTYDTRHM.jpg"}, "homeCity": "Singapore", "lists": {"groups": [{"items": [], "count": 2, "type": "created"}]}}, {"tips": {"count": 3}, "contact": {"twitter": "msglitzy"}, "firstName": "Miss", "gender": "female", "lastName": "Glitzy", "id": "380309", "bio": "", "photo": {"prefix": "https://igx.4sqi.net/img/user/", "suffix": "/CLDSGLGEBLEMBO2B.jpg"}, "homeCity": "Singapore", "lists": {"groups": [{"items": [], "count": 2, "type": "created"}]}}, {"superuser": 1, "tips": {"count": 4}, "contact": {}, "firstName": "Ruiwen", "gender": "male", "lastName": "Chua", "id": "76721", "bio": "", "photo": {"prefix": "https://igx.4sqi.net/img/user/", "suffix": "/76721_1259301235465.jpg"}, "homeCity": "Singapore", "lists": {"groups": [{"items": [], "count": 2, "type": "created"}]}}, {"tips": {"count": 7}, "contact": {"twitter": "andrewjpan", "facebook": "10155308478545032"}, "firstName": "Andrew", "gender": "male", "lastName": "Pan", "id": "156477", "bio": "", "photo": {"prefix": "https://igx.4sqi.net/img/user/", "suffix": "/03UL1ZFX1K111TWC.jpg"}, "homeCity": "Puchong, Selangor", "lists": {"groups": [{"items": [], "count": 2, "type": "created"}]}}, {"tips": {"count": 51}, "contact": {"facebook": "516644042"}, "firstName": "Jason", "gender": "male", "lastName": "Ding", "id": "973054", "bio": "", "photo": {"prefix": "https://igx.4sqi.net/img/user/", "suffix": "/DHYG3FAROE5ACCMV.jpg"}, "homeCity": "Kuala Lumpur, Malaysia", "lists": {"groups": [{"items": [], "count": 2, "type": "created"}]}}, {"tips": {"count": 3}, "contact": {}, "firstName": "Paolo", "gender": "male", "lastName": "Delfino", "id": "226903", "bio": "", "photo": {"prefix": "https://igx.4sqi.net/img/user/", "suffix": "/HMNQZYZYQ4UOCCZZ.jpg"}, "homeCity": "Puchong, Selangor", "lists": {"groups": [{"items": [], "count": 2, "type": "created"}]}}, {"tips": {"count": 229}, "contact": {"twitter": "jchowjs", "facebook": "502368995"}, "firstName": "Julian", "gender": "male", "lastName": "Chow", "id": "176913", "bio": "", "photo": {"prefix": "https://igx.4sqi.net/img/user/", "suffix": "/1TJOLS0TWO3YCOWG.jpg"}, "homeCity": "Singapore", "lists": {"groups": [{"items": [], "count": 2, "type": "created"}]}}, {"tips": {"count": 7}, "contact": {"twitter": "cheeaun", "facebook": "744426293"}, "firstName": "Chee Aun", "gender": "male", "lastName": "Lim", "id": "105964", "bio": "Solo traveller.", "photo": {"prefix": "https://igx.4sqi.net/img/user/", "suffix": "/105964-MRLCK2IHMGD5ETXI.jpg"}, "homeCity": "Singapore", "lists": {"groups": [{"items": [], "count": 7, "type": "created"}]}}, {"tips": {"count": 0}, "contact": {}, "firstName": "Rohan", "gender": "male", "lastName": "Thomas", "id": "2386750", "bio": "", "photo": {"prefix": "https://igx.4sqi.net/img/user/", "suffix": "/ERWQEAYIGU02LAM4.jpg"}, "homeCity": "Singapore", "lists": {"groups": [{"items": [], "count": 2, "type": "created"}]}}, {"tips": {"count": 0}, "contact": {}, "firstName": "Faithy", "gender": "female", "lastName": "Huang", "id": "189908", "bio": "", "photo": {"prefix": "https://igx.4sqi.net/img/user/", "suffix": "/blank_girl.png", "default": true}, "homeCity": "Singapore, Singapore", "lists": {"groups": [{"items": [], "count": 2, "type": "created"}]}}, {"tips": {"count": 0}, "contact": {"twitter": "jerryharrison", "facebook": "658393643"}, "firstName": "Jerry", "gender": "male", "lastName": "Harrison", "id": "382736", "bio": "", "photo": {"prefix": "https://igx.4sqi.net/img/user/", "suffix": "/RJ1FSWWSHJ5DAN5D.jpg"}, "homeCity": "Myrtle Beach, SC", "lists": {"groups": [{"items": [], "count": 2, "type": "created"}]}}, {"superuser": 2, "tips": {"count": 236}, "contact": {"twitter": "bytebot", "facebook": "10153611298382621"}, "firstName": "Colin", "gender": "male", "lastName": "Charles", "id": "113161", "bio": "Businessman. Technologist. World Traveler. Am @bytebot on Twitter/Instagram", "photo": {"prefix": "https://igx.4sqi.net/img/user/", "suffix": "/-1_1258790748092.jpg"}, "homeCity": "Kuala Lumpur, Malaysia", "lists": {"groups": [{"items": [], "count": 23, "type": "created"}]}}, {"superuser": 1, "tips": {"count": 21}, "contact": {"twitter": "cedric_chee", "facebook": "560718690"}, "firstName": "Cedric", "gender": "male", "lastName": "Chee", "id": "156483", "bio": "Foodie. Travel junkie. Nature lover.", "photo": {"prefix": "https://igx.4sqi.net/img/user/", "suffix": "/D45WWM4XFZCPEIGI.jpg"}, "homeCity": "Singapore", "lists": {"groups": [{"items": [], "count": 7, "type": "created"}]}}, {"tips": {"count": 4}, "contact": {"twitter": "sianzrong", "facebook": "769014138"}, "firstName": "ma", "gender": "male", "lastName": "xianrong", "id": "974713", "bio": "", "photo": {"prefix": "https://igx.4sqi.net/img/user/", "suffix": "/URWOCKCDV35RMMYF.jpg"}, "homeCity": "Singapore", "lists": {"groups": [{"items": [], "count": 2, "type": "created"}]}}, {"tips": {"count": 4}, "contact": {"twitter": "tjunchye", "facebook": "678431720"}, "firstName": "Tjun", "gender": "male", "id": "2508726", "bio": "", "photo": {"prefix": "https://igx.4sqi.net/img/user/", "suffix": "/VNNL2S5ANSIFHGXP.jpg"}, "homeCity": "George Town, Malaysia", "lists": {"groups": [{"items": [], "count": 2, "type": "created"}]}}, {"tips": {"count": 133}, "contact": {"twitter": "galvintan", "facebook": "552950247"}, "firstName": "Galvin", "gender": "male", "lastName": "Tan", "id": "177332", "bio": "JUst like the saying, I Live To Eat and Eat To Live :)", "photo": {"prefix": "https://igx.4sqi.net/img/user/", "suffix": "/JUIT12PMT1INFLWG.png"}, "homeCity": "Petaling Jaya, Selangor", "lists": {"groups": [{"items": [], "count": 2, "type": "created"}]}}, {"superuser": 1, "tips": {"count": 5}, "contact": {"twitter": "derekw", "facebook": "522793941"}, "firstName": "Derek", "gender": "male", "lastName": "Wong", "id": "105994", "bio": "", "photo": {"prefix": "https://igx.4sqi.net/img/user/", "suffix": "/105994_1258682536251.jpg"}, "homeCity": "Kuala Lumpur, Malaysia", "lists": {"groups": [{"items": [], "count": 2, "type": "created"}]}}, {"tips": {"count": 0}, "contact": {}, "firstName": "Sejoon", "gender": "male", "lastName": "Lim", "id": "4060063", "bio": "", "photo": {"prefix": "https://igx.4sqi.net/img/user/", "suffix": "/blank_boy.png", "default": true}, "homeCity": "New York, NY", "lists": {"groups": [{"items": [], "count": 2, "type": "created"}]}}, {"tips": {"count": 11}, "contact": {"twitter": "mikhailhanafi", "facebook": "691443240"}, "firstName": "Mikhail", "gender": "male", "lastName": "Hanafi", "id": "191852", "bio": "", "photo": {"prefix": "https://igx.4sqi.net/img/user/", "suffix": "/KLG0JNOO4XYDLEQR.jpg"}, "homeCity": "Damansara, Kuala Lumpur", "lists": {"groups": [{"items": [], "count": 2, "type": "created"}]}}, {"tips": {"count": 3}, "contact": {"twitter": "minchow", "facebook": "563828600"}, "firstName": "Min", "gender": "female", "lastName": "Chow", "id": "391939", "bio": "", "photo": {"prefix": "https://igx.4sqi.net/img/user/", "suffix": "/GHSURGIT0TYARQ4T.jpg"}, "homeCity": "Singapore", "lists": {"groups": [{"items": [], "count": 2, "type": "created"}]}}, {"tips": {"count": 234}, "contact": {"twitter": "skinnylatte", "facebook": "10157136597960265"}, "firstName": "Adrianna", "gender": "male", "lastName": "Tan", "id": "113201", "bio": "", "photo": {"prefix": "https://igx.4sqi.net/img/user/", "suffix": "/113201_1259743369979.jpg"}, "homeCity": "Jakarta, DKI Jakarta, Indonesia", "lists": {"groups": [{"items": [], "count": 45, "type": "created"}]}}, {"superuser": 4, "tips": {"count": 77}, "contact": {"twitter": "cincauhangus", "facebook": "841385175"}, "firstName": "Aaron", "gender": "male", "lastName": "Ho", "id": "157483", "bio": "om nom nom", "photo": {"prefix": "https://igx.4sqi.net/img/user/", "suffix": "/JY5WFXLHZY4UD4NJ.jpg"}, "homeCity": "Kuala Lumpur, Wilayah Persekutuan", "lists": {"groups": [{"items": [], "count": 23, "type": "created"}]}}, {"tips": {"count": 3}, "contact": {"twitter": "twahul", "facebook": "1427603835"}, "firstName": "Rahul", "gender": "male", "lastName": "Dwivedi", "id": "978362", "bio": "", "photo": {"prefix": "https://igx.4sqi.net/img/user/", "suffix": "/GRLEXUCTVDHBMWUY.jpg"}, "homeCity": "Bengaluru, Karnataka", "lists": {"groups": [{"items": [], "count": 2, "type": "created"}]}}, {"tips": {"count": 38}, "contact": {}, "firstName": "Nic", "gender": "male", "lastName": "Gan", "id": "2855768", "bio": "", "photo": {"prefix": "https://igx.4sqi.net/img/user/", "suffix": "/2855768-BGUFVBVZDBG42QSS.jpg"}, "homeCity": "Singapore", "lists": {"groups": [{"items": [], "count": 7, "type": "created"}]}}, {"superuser": 1, "tips": {"count": 51}, "contact": {"twitter": "hakimism", "facebook": "722053034"}, "firstName": "Hakim", "gender": "male", "lastName": "Albasrawy", "id": "178364", "bio": "", "photo": {"prefix": "https://igx.4sqi.net/img/user/", "suffix": "/FBPJMMVFQJ4XN0PI.jpg"}, "homeCity": "Petaling Jaya, Malaysia", "lists": {"groups": [{"items": [], "count": 17, "type": "created"}]}}, {"tips": {"count": 16}, "contact": {"twitter": "paultantk", "facebook": "713876005"}, "firstName": "Paul", "gender": "male", "lastName": "Tan", "id": "106263", "bio": "", "photo": {"prefix": "https://igx.4sqi.net/img/user/", "suffix": "/UJPF353IXF4OQFG1.jpg"}, "homeCity": "Batu 9 Cheras, Kuala Lumpur", "lists": {"groups": [{"items": [], "count": 2, "type": "created"}]}}, {"tips": {"count": 114}, "contact": {}, "firstName": "Azrin", "gender": "male", "id": "192297", "bio": "", "photo": {"prefix": "https://igx.4sqi.net/img/user/", "suffix": "/192297-5GYFEQOV3BWTEUYE.jpg"}, "homeCity": "Kuala Lumpur, Malaysia", "lists": {"groups": [{"items": [], "count": 2, "type": "created"}]}}, {"tips": {"count": 0}, "contact": {"twitter": "jasonong"}, "firstName": "Jason", "gender": "male", "lastName": "Ong", "id": "624486", "bio": "", "photo": {"prefix": "https://igx.4sqi.net/img/user/", "suffix": "/blank_boy.png", "default": true}, "homeCity": "Singapore", "lists": {"groups": [{"items": [], "count": 2, "type": "created"}]}}, {"superuser": 2, "tips": {"count": 2}, "contact": {}, "firstName": "D", "gender": "male", "lastName": "K", "id": "113673", "bio": "", "photo": {"prefix": "https://igx.4sqi.net/img/user/", "suffix": "/113673_1258824779402.jpg"}, "homeCity": "Singapore", "lists": {"groups": [{"items": [], "count": 2, "type": "created"}]}}, {"superuser": 1, "tips": {"count": 40}, "contact": {"twitter": "nileshbabu", "facebook": "1038039576"}, "firstName": "Nilesh", "gender": "male", "lastName": "Babu", "id": "157498", "bio": "", "photo": {"prefix": "https://igx.4sqi.net/img/user/", "suffix": "/ZC4ZEUMPXYXHMVIS.jpg"}, "homeCity": "Penang, Malaysia", "lists": {"groups": [{"items": [], "count": 4, "type": "created"}]}}, {"tips": {"count": 1}, "contact": {"twitter": "brandbull", "facebook": "1702254717"}, "firstName": "Shyam", "gender": "male", "lastName": "S", "id": "1008636", "bio": "", "photo": {"prefix": "https://igx.4sqi.net/img/user/", "suffix": "/G5WIFKAM15FFMNY1.jpg"}, "homeCity": "Bengaluru, India", "lists": {"groups": [{"items": [], "count": 2, "type": "created"}]}}, {"tips": {"count": 13}, "contact": {"twitter": "karsoon", "facebook": "585451741"}, "firstName": "KarSoon", "gender": "male", "lastName": "Lee", "id": "3036421", "bio": "", "photo": {"prefix": "https://igx.4sqi.net/img/user/", "suffix": "/XVUXSIQHVKGXJJ22.jpg"}, "homeCity": "Kuala Lumpur, Malaysia", "lists": {"groups": [{"items": [], "count": 4, "type": "created"}]}}, {"tips": {"count": 21}, "contact": {"twitter": "tjtee"}, "firstName": "TJ", "gender": "male", "lastName": "Tee", "id": "106602", "bio": "", "photo": {"prefix": "https://igx.4sqi.net/img/user/", "suffix": "/J5OILETXC1CI4TRT.png"}, "homeCity": "Subang Jaya, Malaysia", "lists": {"groups": [{"items": [], "count": 2, "type": "created"}]}}, {"tips": {"count": 14}, "contact": {"twitter": "markkhoo8", "facebook": "672255165"}, "firstName": "Mark", "gender": "male", "lastName": "Khoo", "id": "194101", "bio": "", "photo": {"prefix": "https://igx.4sqi.net/img/user/", "suffix": "/KQ1US3NGMQR5C2PP.jpg"}, "homeCity": "Singapore", "lists": {"groups": [{"items": [], "count": 2, "type": "created"}]}}, {"tips": {"count": 4}, "contact": {"twitter": "fooie", "facebook": "545057815"}, "firstName": "Foo", "gender": "male", "lastName": "Tun Chuan", "id": "689801", "bio": "", "photo": {"prefix": "https://igx.4sqi.net/img/user/", "suffix": "/3ZFWA3WN542V2JQH.jpg"}, "homeCity": "Singapore", "lists": {"groups": [{"items": [], "count": 2, "type": "created"}]}}, {"tips": {"count": 2}, "contact": {"twitter": "williswee", "facebook": "540865693"}, "firstName": "Willis", "gender": "male", "lastName": "Wee", "id": "113862", "bio": "", "photo": {"prefix": "https://igx.4sqi.net/img/user/", "suffix": "/-1_1258820331229.jpg"}, "homeCity": "Singapore", "lists": {"groups": [{"items": [], "count": 2, "type": "created"}]}}, {"superuser": 2, "tips": {"count": 21}, "contact": {"facebook": "664596657"}, "firstName": "Harinder", "gender": "male", "lastName": "Singh", "id": "157794", "bio": "Tech Evangelist. Blogger. Geek. Open Source.WordPress. Firefox. \uf8ff. Couchsurfer. Community. Digital Strategist @SocialOgilvy. Opinions are of my own.", "photo": {"prefix": "https://igx.4sqi.net/img/user/", "suffix": "/3X5BE3ZVJPXMQY5V.jpg"}, "homeCity": "Setapak, Kuala Lumpur", "lists": {"groups": [{"items": [], "count": 9, "type": "created"}]}}, {"tips": {"count": 148}, "contact": {"twitter": "mochdy", "facebook": "100000418832119"}, "firstName": "Mochdy ibn Akil Ali", "gender": "male", "lastName": "Manyamengkininawa", "id": "1130663", "bio": "Jika kau mengenalku, ada cerita seru dalam hidupmu.", "photo": {"prefix": "https://igx.4sqi.net/img/user/", "suffix": "/OKZRQ0HNBQOHHSB5.jpg"}, "homeCity": "\u5929\u6d25\u5e02, \u4e2d\u56fd", "lists": {"groups": [{"items": [], "count": 13, "type": "created"}]}}, {"tips": {"count": 24}, "contact": {"twitter": "dantvli", "facebook": "512718607"}, "firstName": "Danny", "gender": "male", "lastName": "Teok", "id": "3038517", "bio": "Trained in economics and law, but now a software / data warehouse engineer who loves photography and traveling. We only live once, make the most out of a day.", "photo": {"prefix": "https://igx.4sqi.net/img/user/", "suffix": "/200W3DOUG2OXRDSS.jpg"}, "homeCity": "London, UK", "lists": {"groups": [{"items": [], "count": 2, "type": "created"}]}}, {"tips": {"count": 5}, "contact": {"twitter": "claytonnarcis", "facebook": "533814714"}, "firstName": "Clayton", "gender": "male", "lastName": "Narcis", "id": "106702", "bio": "", "photo": {"prefix": "https://igx.4sqi.net/img/user/", "suffix": "/106702-S1V10T2ZIDI3XXP4.jpg"}, "homeCity": "Bukit Mertajam, Penang", "lists": {"groups": [{"items": [], "count": 2, "type": "created"}]}}, {"tips": {"count": 35}, "contact": {}, "firstName": "Jennifer", "gender": "female", "lastName": "Cheah", "id": "194964", "bio": "", "photo": {"prefix": "https://igx.4sqi.net/img/user/", "suffix": "/194964-WIXMQVYIWWCJVGQA.jpg"}, "homeCity": "Bayan Lepas, Penang", "lists": {"groups": [{"items": [], "count": 2, "type": "created"}]}}, {"tips": {"count": 23}, "contact": {"twitter": "scalarae", "facebook": "778883129"}, "firstName": "Benny", "gender": "male", "lastName": "Chandra", "id": "737351", "bio": "", "photo": {"prefix": "https://igx.4sqi.net/img/user/", "suffix": "/NP5301N4AXKT15N4.jpg"}, "homeCity": "Jakarta", "lists": {"groups": [{"items": [], "count": 9, "type": "created"}]}}, {"tips": {"count": 0}, "contact": {}, "firstName": "Sarah", "gender": "female", "lastName": "Chong", "id": "115715", "bio": "", "photo": {"prefix": "https://igx.4sqi.net/img/user/", "suffix": "/MC5FT2FAUU021OTM.jpg"}, "homeCity": "Singapore", "lists": {"groups": [{"items": [], "count": 2, "type": "created"}]}}, {"tips": {"count": 4}, "contact": {}, "firstName": "Alien", "gender": "male", "lastName": "TYC", "id": "160440", "bio": "", "photo": {"prefix": "https://igx.4sqi.net/img/user/", "suffix": "/YLSQLXUVFCEWJPAB.jpg"}, "homeCity": "Singapore, Singapore", "lists": {"groups": [{"items": [], "count": 2, "type": "created"}]}}, {"tips": {"count": 3}, "contact": {"twitter": "jiunshyong", "facebook": "1055108775"}, "firstName": "Jiun Shyong", "gender": "male", "lastName": "Hor", "id": "1132266", "bio": "", "photo": {"prefix": "https://igx.4sqi.net/img/user/", "suffix": "/W2ZKVCCHUCRSMADJ.jpg"}, "homeCity": "Melaka, Malaysia", "lists": {"groups": [{"items": [], "count": 2, "type": "created"}]}}, {"tips": {"count": 0}, "contact": {"twitter": "paikia", "facebook": "680409967"}, "firstName": "Jason", "gender": "male", "lastName": "Low", "id": "106703", "bio": "", "photo": {"prefix": "https://igx.4sqi.net/img/user/", "suffix": "/KBYJ42KAOEVJXQCQ.jpg"}, "homeCity": "Singapore", "lists": {"groups": [{"items": [], "count": 2, "type": "created"}]}}, {"tips": {"count": 16}, "contact": {"twitter": "vivekrp", "facebook": "679728295"}, "firstName": "Vivek", "gender": "male", "lastName": "Rp", "id": "195354", "bio": "A Man With Ambitions! Founder & CEO of @CloudInfi & @WebCreatorsIn. One of the youngest entrepreneur of India. More: http://about.me/vivekrp", "photo": {"prefix": "https://igx.4sqi.net/img/user/", "suffix": "/ESJY4MV1BA5FPECA.jpg"}, "homeCity": "Bangalore, Karnataka", "lists": {"groups": [{"items": [], "count": 8, "type": "created"}]}}, {"tips": {"count": 0}, "contact": {"twitter": "omgzam", "facebook": "598679711"}, "firstName": "Hairunizam", "gender": "male", "lastName": "Abdul Radir", "id": "741664", "bio": "", "photo": {"prefix": "https://igx.4sqi.net/img/user/", "suffix": "/4SHONJF2MHJ3UQER.jpg"}, "homeCity": "Singapore", "lists": {"groups": [{"items": [], "count": 2, "type": "created"}]}}, {"tips": {"count": 3}, "contact": {"twitter": "hodilun", "facebook": "557641874"}, "firstName": "Dilun", "gender": "male", "id": "116211", "bio": "", "photo": {"prefix": "https://igx.4sqi.net/img/user/", "suffix": "/116211-SAXK2MCMNBLGVBZG.jpg"}, "homeCity": "Singapore", "lists": {"groups": [{"items": [], "count": 8, "type": "created"}]}}, {"superuser": 1, "tips": {"count": 19}, "contact": {"twitter": "perignonic", "facebook": "1045860958"}, "firstName": "Ivan", "gender": "male", "lastName": "Lim", "id": "160568", "bio": "", "photo": {"prefix": "https://igx.4sqi.net/img/user/", "suffix": "/UBVOWSPO2W2JKDE3.jpg"}, "homeCity": "Singapore", "lists": {"groups": [{"items": [], "count": 2, "type": "created"}]}}, {"tips": {"count": 0}, "contact": {"twitter": "jalilahjs", "facebook": "812990295"}, "firstName": "Jalilah", "gender": "female", "lastName": "Jaafar Sidek", "id": "1177878", "bio": "", "photo": {"prefix": "https://igx.4sqi.net/img/user/", "suffix": "/blank_girl.png", "default": true}, "homeCity": "Jerteh, Terengganu", "lists": {"groups": [{"items": [], "count": 2, "type": "created"}]}}, {"superuser": 2, "tips": {"count": 27}, "contact": {"twitter": "spinzer", "facebook": "222400858"}, "firstName": "Christopher", "gender": "male", "lastName": "Tock", "id": "106830", "bio": "Live & breath Social Media at @SocialGrooves. Co-founded Young Corp Msia (@ycms) and EYE Project (@eyeproject). Malaysian. Prince of Shisha & Social Good.", "photo": {"prefix": "https://igx.4sqi.net/img/user/", "suffix": "/0HQ3BJRVBTUAI4G5.jpg"}, "homeCity": "Kuala Lumpur, Malaysia", "lists": {"groups": [{"items": [], "count": 3, "type": "created"}]}}, {"tips": {"count": 0}, "contact": {"facebook": "699460158"}, "firstName": "Jeremy", "gender": "male", "lastName": "Phuah", "id": "198151", "bio": "", "photo": {"prefix": "https://igx.4sqi.net/img/user/", "suffix": "/ZQNB40AY14HD2H1G.jpg"}, "homeCity": "Melbourne, Australia ", "lists": {"groups": [{"items": [], "count": 4, "type": "created"}]}}, {"tips": {"count": 43}, "contact": {}, "firstName": "The R", "gender": "male", "id": "1078948", "bio": "", "photo": {"prefix": "https://igx.4sqi.net/img/user/", "suffix": "/LSJHFI2B3Y5C4A44.jpg"}, "homeCity": "Singapore", "lists": {"groups": [{"items": [], "count": 2, "type": "created"}]}}, {"tips": {"count": 25}, "contact": {"twitter": "cikbedah"}, "firstName": "Cik Bedah", "gender": "none", "lastName": "B", "id": "118099", "bio": "", "photo": {"prefix": "https://igx.4sqi.net/img/user/", "suffix": "/118099_1258953329730.jpg"}, "homeCity": "Kuala Lumpur, Malaysia", "lists": {"groups": [{"items": [], "count": 2, "type": "created"}]}}, {"tips": {"count": 38}, "contact": {}, "firstName": "Sarawakianboy", "gender": "male", "id": "160943", "bio": "Veterinarian\nBe happy and positive, always.", "photo": {"prefix": "https://igx.4sqi.net/img/user/", "suffix": "/160943-VWI1J03AP054PTWT.jpg"}, "homeCity": "Kuala Lumpur", "lists": {"groups": [{"items": [], "count": 2, "type": "created"}]}}, {"tips": {"count": 1}, "contact": {"twitter": "stefanthepilot"}, "firstName": "Stefan", "gender": "male", "lastName": "the Pilot", "id": "1289437", "bio": "", "photo": {"prefix": "https://igx.4sqi.net/img/user/", "suffix": "/1K24HRPEDCDRBYQH.jpg"}, "homeCity": "Knowsley", "lists": {"groups": [{"items": [], "count": 2, "type": "created"}]}}, {"tips": {"count": 8}, "contact": {"twitter": "wilfredphua", "facebook": "10155971918885261"}, "firstName": "Wilfred", "gender": "male", "lastName": "Phua", "id": "107390", "bio": "Popping up all over the place!", "photo": {"prefix": "https://igx.4sqi.net/img/user/", "suffix": "/PKTHLBEBCOFQQ1QD.jpg"}, "homeCity": "Singapore", "lists": {"groups": [{"items": [], "count": 4, "type": "created"}]}}, {"superuser": 3, "tips": {"count": 263}, "contact": {"twitter": "liewcf", "facebook": "517211934"}, "firstName": "Cheon Fong", "gender": "male", "lastName": "Liew", "id": "198264", "bio": "http://www.liewcf.com", "photo": {"prefix": "https://igx.4sqi.net/img/user/", "suffix": "/XU25DZDJSC4MF3A1.jpg"}, "homeCity": "Kluang, Johor, Malaysia", "lists": {"groups": [{"items": [], "count": 4, "type": "created"}]}}, {"tips": {"count": 7}, "contact": {"twitter": "peichyi"}, "firstName": "Pei Chyi", "gender": "female", "lastName": "Leong", "id": "1513407", "bio": "", "photo": {"prefix": "https://igx.4sqi.net/img/user/", "suffix": "/KW4XWUVSCJIWAUFF.jpg"}, "homeCity": "Subang Jaya, Selangor", "lists": {"groups": [{"items": [], "count": 2, "type": "created"}]}}, {"tips": {"count": 15}, "contact": {"twitter": "gnoserif", "facebook": "564210079"}, "firstName": "Aron", "gender": "male", "lastName": "Gan", "id": "119201", "bio": "", "photo": {"prefix": "https://igx.4sqi.net/img/user/", "suffix": "/3YSDWNQDGPNL4XNL.jpg"}, "homeCity": "Singapore", "lists": {"groups": [{"items": [], "count": 2, "type": "created"}]}}, {"tips": {"count": 6}, "contact": {"twitter": "happyten", "facebook": "1142280963"}, "firstName": "Eric", "gender": "male", "lastName": "Yap", "id": "161166", "bio": "Entrepreneur / Restauranteur / Website Direction / FileMaker Customization", "photo": {"prefix": "https://igx.4sqi.net/img/user/", "suffix": "/UYUEBE1ESMNHW11I.jpg"}, "homeCity": "Edogawa-ku, Tokyo", "lists": {"groups": [{"items": [], "count": 2, "type": "created"}]}}, {"tips": {"count": 6}, "contact": {"twitter": "milsonng", "facebook": "10208305061797123"}, "firstName": "Milson", "gender": "male", "lastName": "Ng", "id": "1415601", "bio": "", "photo": {"prefix": "https://igx.4sqi.net/img/user/", "suffix": "/0JQZLV2AGMW1PIUQ.jpg"}, "homeCity": "Singapore", "lists": {"groups": [{"items": [], "count": 3, "type": "created"}]}}, {"superuser": 1, "tips": {"count": 7}, "contact": {"twitter": "m0t0chan", "facebook": "217458"}, "firstName": "James", "gender": "male", "lastName": "Chan", "id": "107560", "bio": "", "photo": {"prefix": "https://igx.4sqi.net/img/user/", "suffix": "/107560-52Q0Y5PGJYD3LVOY.jpg"}, "homeCity": "Changi, Singapore", "lists": {"groups": [{"items": [], "count": 2, "type": "created"}]}}, {"tips": {"count": 21}, "contact": {"twitter": "mojuu", "facebook": "639661808"}, "firstName": "Morten", "gender": "male", "lastName": "Juul", "id": "294945", "bio": "", "photo": {"prefix": "https://igx.4sqi.net/img/user/", "suffix": "/EAP0Z0STVPPUVV5F.jpg"}, "homeCity": "Rio De Janeiro, Brasil", "lists": {"groups": [{"items": [], "count": 2, "type": "created"}]}}, {"tips": {"count": 0}, "contact": {"twitter": "dads4l"}, "firstName": "DadsforLife", "gender": "male", "lastName": "sg", "id": "1694017", "bio": "", "photo": {"prefix": "https://igx.4sqi.net/img/user/", "suffix": "/EWEFUGXIRQCRCOTJ.png"}, "homeCity": "Singapore", "lists": {"groups": [{"items": [], "count": 2, "type": "created"}]}}, {"tips": {"count": 33}, "contact": {"twitter": "skeevs", "facebook": "656020667"}, "firstName": "Perry", "gender": "male", "lastName": "Loh", "id": "121269", "bio": "I'm a geek, 8-bit pixel junkie, gamer and coder at heart.", "photo": {"prefix": "https://igx.4sqi.net/img/user/", "suffix": "/CSQ4QFTBZ1GZ0OTU.jpg"}, "homeCity": "Kuala Lumpur", "lists": {"groups": [{"items": [], "count": 6, "type": "created"}]}}, {"tips": {"count": 1}, "contact": {}, "firstName": "Jing", "gender": "male", "lastName": "Wen", "id": "162531", "bio": "", "photo": {"prefix": "https://igx.4sqi.net/img/user/", "suffix": "/0VW3M0KYYILM5YAD.png"}, "homeCity": "Singapore", "lists": {"groups": [{"items": [], "count": 2, "type": "created"}]}}, {"tips": {"count": 0}, "contact": {"twitter": "maxxsg"}, "firstName": "Toni", "gender": "male", "lastName": "Maxx", "id": "1416771", "bio": "", "photo": {"prefix": "https://igx.4sqi.net/img/user/", "suffix": "/blank_boy.png", "default": true}, "homeCity": "Singapore", "lists": {"groups": [{"items": [], "count": 2, "type": "created"}]}}, {"superuser": 2, "tips": {"count": 46}, "contact": {"twitter": "jl", "facebook": "714201154"}, "firstName": "J", "gender": "male", "lastName": "Low", "id": "107566", "bio": "", "photo": {"prefix": "https://igx.4sqi.net/img/user/", "suffix": "/107566_1258991529047.jpg"}, "homeCity": "Melbourne, Australia", "lists": {"groups": [{"items": [], "count": 3, "type": "created"}]}}, {"tips": {"count": 11}, "contact": {}, "firstName": "Carol", "gender": "female", "lastName": "Wong", "id": "296639", "bio": "", "photo": {"prefix": "https://igx.4sqi.net/img/user/", "suffix": "/F5HNAFDQI1S5PLLH.jpg"}, "homeCity": "Kuala Lumpur", "lists": {"groups": [{"items": [], "count": 2, "type": "created"}]}}, {"tips": {"count": 1}, "contact": {}, "firstName": "Ingrid", "gender": "female", "lastName": "Mak", "id": "3331830", "bio": "", "photo": {"prefix": "https://igx.4sqi.net/img/user/", "suffix": "/0ECBH1EU32IN5TOG.jpg"}, "homeCity": "Singapore", "lists": {"groups": [{"items": [], "count": 2, "type": "created"}]}}, {"tips": {"count": 0}, "contact": {}, "firstName": "Nurul", "gender": "female", "lastName": "Shahidah", "id": "121447", "bio": "", "photo": {"prefix": "https://igx.4sqi.net/img/user/", "suffix": "/WQED1ZC4AKD225A0.jpg"}, "homeCity": "Singapore, Singapore", "lists": {"groups": [{"items": [], "count": 2, "type": "created"}]}}, {"tips": {"count": 0}, "contact": {"twitter": "dslovenski", "facebook": "100002109063295"}, "firstName": "Faizal", "gender": "male", "lastName": "Pahmee", "id": "719166", "bio": "", "photo": {"prefix": "https://igx.4sqi.net/img/user/", "suffix": "/719166-LT4AA2MCJMOYWBXT.jpg"}, "homeCity": "Singapore", "lists": {"groups": [{"items": [], "count": 2, "type": "created"}]}}, {"tips": {"count": 19}, "contact": {"facebook": "711062104"}, "firstName": "carolyn", "gender": "female", "lastName": "ashleigh", "id": "1459079", "bio": "art.design.photography.fashion.coffee.travel", "photo": {"prefix": "https://igx.4sqi.net/img/user/", "suffix": "/1459079-R4QDEYG53ZT5ZEH4.jpg"}, "homeCity": "Kuala Lumpur, Malaysia", "lists": {"groups": [{"items": [], "count": 4, "type": "created"}]}}, {"tips": {"count": 0}, "contact": {"twitter": "gibtang", "facebook": "751328503"}, "firstName": "Gibson", "gender": "male", "lastName": "Tang", "id": "107569", "bio": "", "photo": {"prefix": "https://igx.4sqi.net/img/user/", "suffix": "/blank_boy.png", "default": true}, "homeCity": "Singapore River, Singapore", "lists": {"groups": [{"items": [], "count": 2, "type": "created"}]}}, {"tips": {"count": 11}, "contact": {"twitter": "mllyssa", "facebook": "546310918"}, "firstName": "Mellyssa", "gender": "female", "lastName": "Karina", "id": "299523", "bio": "", "photo": {"prefix": "https://igx.4sqi.net/img/user/", "suffix": "/FBJMTGXE1SGU55S5.png"}, "homeCity": "Paris, France", "lists": {"groups": [{"items": [], "count": 2, "type": "created"}]}}, {"tips": {"count": 109}, "contact": {"twitter": "icednyior"}, "firstName": "IcedNyior", "gender": "female", "superuser": 4, "id": "121806", "bio": "", "photo": {"prefix": "https://igx.4sqi.net/img/user/", "suffix": "/AIPBPNO2H11WUCDB.png"}, "homeCity": "Kuala Lumpur, Malaysia", "lists": {"groups": [{"items": [], "count": 13, "type": "created"}]}}, {"tips": {"count": 38}, "contact": {"twitter": "yoonkit", "facebook": "713117149"}, "firstName": "Yoon-Kit", "gender": "male", "lastName": "Yong", "id": "728109", "bio": "", "photo": {"prefix": "https://igx.4sqi.net/img/user/", "suffix": "/OCN2ZVDGBGNBJAZF.jpg"}, "homeCity": "Kuala Lumpur, Malaysia", "lists": {"groups": [{"items": [], "count": 2, "type": "created"}]}}, {"tips": {"count": 7}, "contact": {"facebook": "675326288"}, "firstName": "KriztinLee", "gender": "female", "id": "1847201", "bio": "", "photo": {"prefix": "https://igx.4sqi.net/img/user/", "suffix": "/P4MTV13L2ILDSNBM.jpg"}, "homeCity": "Kuala Lumpur, Malaysia", "lists": {"groups": [{"items": [], "count": 2, "type": "created"}]}}, {"superuser": 1, "tips": {"count": 22}, "contact": {"twitter": "zhiq", "facebook": "750716662"}, "firstName": "Lim", "gender": "male", "lastName": "Yung-Hui", "id": "107887", "bio": "", "photo": {"prefix": "https://igx.4sqi.net/img/user/", "suffix": "/GIOMMOSLMNQR5BW5.jpg"}, "homeCity": "Kuala Lumpur, Malaysia", "lists": {"groups": [{"items": [], "count": 3, "type": "created"}]}}, {"tips": {"count": 0}, "contact": {"twitter": "bongkersz", "facebook": "759927560"}, "firstName": "Bongkersz", "gender": "male", "id": "303444", "bio": "", "photo": {"prefix": "https://igx.4sqi.net/img/user/", "suffix": "/DZ5OJB5HKLTOQHBA.jpg"}, "homeCity": "Kuching, Malaysia", "lists": {"groups": [{"items": [], "count": 2, "type": "created"}]}}, {"tips": {"count": 5}, "contact": {"twitter": "xjieke", "facebook": "619411482"}, "firstName": "Justin", "gender": "male", "lastName": "Ng", "id": "121838", "bio": "", "photo": {"prefix": "https://igx.4sqi.net/img/user/", "suffix": "/RCNRB0DNFUSO2HYJ.jpg"}, "homeCity": "Singapore", "lists": {"groups": [{"items": [], "count": 4, "type": "created"}]}}, {"tips": {"count": 6}, "contact": {"twitter": "hartkhor"}, "firstName": "Chin", "gender": "male", "lastName": "Khor", "id": "4859702", "bio": "", "photo": {"prefix": "https://igx.4sqi.net/img/user/", "suffix": "/VHTSM3PDXMRU2IHS.jpg"}, "homeCity": "Singapore", "lists": {"groups": [{"items": [], "count": 2, "type": "created"}]}}, {"tips": {"count": 83}, "contact": {}, "firstName": "Colin", "gender": "male", "lastName": "H", "id": "2181836", "bio": "", "photo": {"prefix": "https://igx.4sqi.net/img/user/", "suffix": "/OS44E4WGWBGIEY5A.gif"}, "homeCity": "Kuala Lumpur, Malaysia", "lists": {"groups": [{"items": [], "count": 2, "type": "created"}]}}, {"superuser": 2, "tips": {"count": 127}, "contact": {"twitter": "alphalim", "facebook": "600721057"}, "firstName": "Alpha", "gender": "male", "lastName": "Lim", "id": "107988", "bio": "FUEL GOOD TRIBE \nhttp://fb.co/FUELGOODTRIBE \n\nWork for love, liberty, prosperity \n\nWe feel good to do good \nhttp://myownbiz.co", "photo": {"prefix": "https://igx.4sqi.net/img/user/", "suffix": "/V43XLTUFC5OOGQWD.jpg"}, "homeCity": "Kuala Lumpur", "lists": {"groups": [{"items": [], "count": 2, "type": "created"}]}}, {"tips": {"count": 0}, "contact": {"twitter": "zeffri", "facebook": "100000522095753"}, "firstName": "zeffri", "gender": "male", "id": "303714", "bio": "", "photo": {"prefix": "https://igx.4sqi.net/img/user/", "suffix": "/RUCL2JVVVRUDTYJV.jpg"}, "homeCity": "Petaling Jaya, Malaysia", "lists": {"groups": [{"items": [], "count": 2, "type": "created"}]}}, {"tips": {"count": 24}, "contact": {"twitter": "demonick", "facebook": "543067842"}, "firstName": "demonick", "gender": "male", "superuser": 2, "id": "123890", "bio": "", "photo": {"prefix": "https://igx.4sqi.net/img/user/", "suffix": "/123890-GZ5AMZRL0HIXC0M4.jpg"}, "homeCity": "Petaling Jaya, Malaysia", "lists": {"groups": [{"items": [], "count": 2, "type": "created"}]}}, {"tips": {"count": 5}, "contact": {}, "firstName": "Mei", "gender": "female", "lastName": "Ng", "id": "2434500", "bio": "", "photo": {"prefix": "https://igx.4sqi.net/img/user/", "suffix": "/2434500-Y0FWZPM2ZOEMCSTS.jpg"}, "homeCity": "Subang Jaya, Malaysia", "lists": {"groups": [{"items": [], "count": 2, "type": "created"}]}}, {"tips": {"count": 27}, "contact": {}, "firstName": "sm7catscan", "gender": "female", "id": "108184", "bio": "", "photo": {"prefix": "https://igx.4sqi.net/img/user/", "suffix": "/F4NI3KBLTW5TFTFI.jpg"}, "homeCity": "Singapore", "lists": {"groups": [{"items": [], "count": 2, "type": "created"}]}}, {"tips": {"count": 33}, "contact": {"twitter": "emuzko"}, "firstName": "Emma", "gender": "female", "lastName": "Peel", "id": "2304745", "bio": "i live in my head. #professionalescapist", "photo": {"prefix": "https://igx.4sqi.net/img/user/", "suffix": "/2304745-MYBRXVCBU0MH30FD.jpg"}, "homeCity": "Subang Jaya", "lists": {"groups": [{"items": [], "count": 3, "type": "created"}]}}, {"superuser": 1, "tips": {"count": 28}, "contact": {"twitter": "danielgoh", "facebook": "614426609"}, "firstName": "Daniel", "gender": "male", "lastName": "Goh", "id": "123928", "bio": "", "photo": {"prefix": "https://igx.4sqi.net/img/user/", "suffix": "/123928_1259123403796.jpg"}, "homeCity": "Singapore", "lists": {"groups": [{"items": [], "count": 2, "type": "created"}]}}, {"tips": {"count": 0}, "contact": {}, "firstName": "prasanna", "gender": "male", "lastName": "m", "id": "2579106", "bio": "", "photo": {"prefix": "https://igx.4sqi.net/img/user/", "suffix": "/3J5PLB2S4YOVCF3S.jpg"}, "homeCity": "Bengaluru, India", "lists": {"groups": [{"items": [], "count": 2, "type": "created"}]}}, {"superuser": 1, "tips": {"count": 81}, "contact": {"twitter": "joonian", "facebook": "10103736221933099"}, "firstName": "Joon Ian", "gender": "male", "lastName": "Wong", "id": "108251", "bio": "London", "photo": {"prefix": "https://igx.4sqi.net/img/user/", "suffix": "/108251-QD4IFQPQTVJMG5WO.jpg"}, "homeCity": "London", "lists": {"groups": [{"items": [], "count": 5, "type": "created"}]}}, {"superuser": 1, "tips": {"count": 12}, "contact": {"twitter": "tekong", "facebook": "608781318"}, "firstName": "ikhwan", "gender": "male", "lastName": "nazri", "id": "123983", "bio": "", "photo": {"prefix": "https://igx.4sqi.net/img/user/", "suffix": "/-1_1259124612010.jpg"}, "homeCity": "Kuala Lumpur, Malaysia", "lists": {"groups": [{"items": [], "count": 3, "type": "created"}]}}, {"tips": {"count": 87}, "contact": {"twitter": "lovhafnie", "facebook": "1249662191"}, "firstName": "Harisfazillah", "gender": "male", "lastName": "Jamel", "id": "2783455", "bio": "Lovhafnie Of Linuxmalaysia For Harisfazillah Jamel . I love Linux and Open Source Software.", "photo": {"prefix": "https://igx.4sqi.net/img/user/", "suffix": "/MMOHEISSLR5SMYLW.jpg"}, "homeCity": "Kuala Lumpur, Malaysia", "lists": {"groups": [{"items": [], "count": 8, "type": "created"}]}}, {"tips": {"count": 7}, "contact": {"twitter": "saadkamal", "facebook": "548350294"}, "firstName": "Saad", "gender": "male", "lastName": "Kamal", "id": "108358", "bio": "An Entrepreneur who currently seems to love everything Mobile & Social.", "photo": {"prefix": "https://igx.4sqi.net/img/user/", "suffix": "/311KEX32RNQTK5JJ.jpg"}, "homeCity": "Singapore", "lists": {"groups": [{"items": [], "count": 2, "type": "created"}]}}, {"tips": {"count": 77}, "contact": {"twitter": "thebackpackr"}, "firstName": "TheBackpackr", "gender": "male", "id": "124304", "bio": "", "photo": {"prefix": "https://igx.4sqi.net/img/user/", "suffix": "/124304_1259139981025.gif"}, "homeCity": "Selangor, Malaysia", "lists": {"groups": [{"items": [], "count": 2, "type": "created"}]}}, {"tips": {"count": 4}, "contact": {"twitter": "hai_ren", "facebook": "602806178"}, "firstName": "Ivan", "gender": "male", "lastName": "Kwan", "id": "2970654", "bio": "", "photo": {"prefix": "https://igx.4sqi.net/img/user/", "suffix": "/GG2SKBUI0CWUUOVS.jpg"}, "homeCity": "Singapore", "lists": {"groups": [{"items": [], "count": 2, "type": "created"}]}}, {"tips": {"count": 1}, "contact": {"twitter": "benkoe", "facebook": "710820410"}, "firstName": "Benjamin", "gender": "male", "lastName": "Koe", "id": "108471", "bio": "", "photo": {"prefix": "https://igx.4sqi.net/img/user/", "suffix": "/20NIUNAU22WLVN1P.jpg"}, "homeCity": "Singapore", "lists": {"groups": [{"items": [], "count": 2, "type": "created"}]}}, {"tips": {"count": 0}, "contact": {}, "firstName": "Bjorn", "gender": "male", "lastName": "Lee", "id": "124476", "bio": "", "photo": {"prefix": "https://igx.4sqi.net/img/user/", "suffix": "/blank_boy.png", "default": true}, "homeCity": "Singapore", "lists": {"groups": [{"items": [], "count": 2, "type": "created"}]}}, {"tips": {"count": 3}, "contact": {"twitter": "furryphotos", "facebook": "10154430681532926"}, "firstName": "Nicholas", "gender": "male", "lastName": "Lee", "id": "3082143", "bio": "", "photo": {"prefix": "https://igx.4sqi.net/img/user/", "suffix": "/DOYF3GMRVNYZ3RGL.jpg"}, "homeCity": "Singapore", "lists": {"groups": [{"items": [], "count": 2, "type": "created"}]}}, {"superuser": 2, "tips": {"count": 2}, "contact": {"twitter": "victed"}, "firstName": "Vic", "gender": "male", "lastName": "Ted", "id": "111937", "bio": "", "photo": {"prefix": "https://igx.4sqi.net/img/user/", "suffix": "/5XUMKZLKBORAKPIP.jpg"}, "homeCity": "Singapore", "lists": {"groups": [{"items": [], "count": 2, "type": "created"}]}}, {"tips": {"count": 19}, "contact": {}, "firstName": "Brian", "gender": "male", "lastName": "Ritchie", "id": "126538", "bio": "", "photo": {"prefix": "https://igx.4sqi.net/img/user/", "suffix": "/126538-MJESXHGG5ND13CE0.jpg"}, "homeCity": "Kuala Lumpur, Malaysia", "lists": {"groups": [{"items": [], "count": 9, "type": "created"}]}}, {"tips": {"count": 1}, "contact": {"facebook": "524545053"}, "firstName": "Michelle", "gender": "female", "lastName": "Chia", "id": "3102722", "bio": "", "photo": {"prefix": "https://igx.4sqi.net/img/user/", "suffix": "/OQ0V12FYRHXXC3LJ.jpg"}, "homeCity": "Kuala Lumpur, Malaysia", "lists": {"groups": [{"items": [], "count": 2, "type": "created"}]}}, {"superuser": 2, "tips": {"count": 36}, "contact": {"twitter": "cerventus", "facebook": "510442171"}, "firstName": "Daniel", "gender": "male", "lastName": "Cerventus", "id": "112187", "bio": "", "photo": {"prefix": "https://igx.4sqi.net/img/user/", "suffix": "/2BZEELUERDHAPLMG.png"}, "homeCity": "Petaling Jaya, Selangor", "lists": {"groups": [{"items": [], "count": 3, "type": "created"}]}}, {"tips": {"count": 8}, "contact": {"twitter": "nohardrules", "facebook": "785510141"}, "firstName": "Kiran", "gender": "male", "lastName": "Nesarajah", "id": "126724", "bio": "", "photo": {"prefix": "https://igx.4sqi.net/img/user/", "suffix": "/1P4M3OHTOGHRVSF2.jpg"}, "homeCity": "Subang Jaya, Selangor", "lists": {"groups": [{"items": [], "count": 2, "type": "created"}]}}, {"tips": {"count": 51}, "contact": {}, "firstName": "Liana", "gender": "female", "id": "3140753", "bio": "", "photo": {"prefix": "https://igx.4sqi.net/img/user/", "suffix": "/GACWXAIUARPBE45D.jpg"}, "homeCity": "Singapore", "lists": {"groups": [{"items": [], "count": 2, "type": "created"}]}}, {"tips": {"count": 0}, "contact": {"twitter": "reenbeen666"}, "firstName": "reenbeen", "gender": "female", "id": "496150", "bio": "Ig : reenbeen", "photo": {"prefix": "https://igx.4sqi.net/img/user/", "suffix": "/496150-XW2EB3N1R25VDTCI.jpg"}, "homeCity": "Damansara", "lists": {"groups": [{"items": [], "count": 2, "type": "created"}]}}, {"tips": {"count": 10}, "contact": {"twitter": "chewak", "facebook": "668745669"}, "firstName": "Chewak", "gender": "female", "id": "127497", "bio": "Malaysian living the life down under! http://t.co/eMQ1auvk", "photo": {"prefix": "https://igx.4sqi.net/img/user/", "suffix": "/2ZPVD3PMPY1SSYCW.jpg"}, "homeCity": "Melbourne, Victoria", "lists": {"groups": [{"items": [], "count": 2, "type": "created"}]}}, {"tips": {"count": 15}, "contact": {"twitter": "paulrizalbaird", "facebook": "525038265"}, "firstName": "Paul Rizal", "gender": "male", "lastName": "Baird", "id": "4202323", "bio": "Door to door mobile auto detailing.\r\nWe come to your house to clean, polish and wax your car inside out making it new again.\r\nFB: Paul Auto Detailing Services", "photo": {"prefix": "https://igx.4sqi.net/img/user/", "suffix": "/LMKX4F3WZM5KYSFT.jpg"}, "homeCity": "Kuala Lumpur, Malaysia", "lists": {"groups": [{"items": [], "count": 2, "type": "created"}]}}, {"tips": {"count": 2}, "contact": {"twitter": "adellesong"}, "firstName": "Adelle", "gender": "female", "lastName": "Song", "id": "500978", "bio": "", "photo": {"prefix": "https://igx.4sqi.net/img/user/", "suffix": "/2NCUVYGJTA3TLFKH.jpg"}, "homeCity": "\uac15\ub989\uc2dc, \uac15\uc6d0\ub3c4", "lists": {"groups": [{"items": [], "count": 2, "type": "created"}]}}, {"tips": {"count": 3}, "contact": {"twitter": "johnlim", "facebook": "707316846"}, "firstName": "John", "gender": "male", "lastName": "Lim", "id": "127745", "bio": "", "photo": {"prefix": "https://igx.4sqi.net/img/user/", "suffix": "/-1_1259292136251.jpg"}, "homeCity": "Kuala Lumpur, Malaysia", "lists": {"groups": [{"items": [], "count": 2, "type": "created"}]}}, {"tips": {"count": 10}, "contact": {"facebook": "1768069839"}, "firstName": "Joon", "gender": "male", "lastName": "Wong", "id": "4727140", "bio": "", "photo": {"prefix": "https://igx.4sqi.net/img/user/", "suffix": "/4727140-V0RPEH5CITF05S0X.jpg"}, "homeCity": "Kuala Lumpur, Malaysia", "lists": {"groups": [{"items": [], "count": 2, "type": "created"}]}}, {"tips": {"count": 4}, "contact": {}, "firstName": "Jackie", "gender": "female", "lastName": "M", "id": "1030528", "bio": "", "photo": {"prefix": "https://igx.4sqi.net/img/user/", "suffix": "/VCAPVUU0LTKGGWSW.jpg"}, "homeCity": "Kota Kinabalu, Sabah", "lists": {"groups": [{"items": [], "count": 2, "type": "created"}]}}, {"superuser": 1, "tips": {"count": 10}, "contact": {"twitter": "melvincwh", "facebook": "516840247"}, "firstName": "Melvin", "gender": "male", "lastName": "Chan", "id": "127764", "bio": "", "photo": {"prefix": "https://igx.4sqi.net/img/user/", "suffix": "/DHQPAWCFEGSOLXWY.jpg"}, "homeCity": "Kuala Lumpur, Malaysia", "lists": {"groups": [{"items": [], "count": 2, "type": "created"}]}}, {"tips": {"count": 1}, "contact": {"twitter": "hillarychan", "facebook": "730118464"}, "firstName": "Hillary", "gender": "female", "lastName": "Chan", "id": "128196", "bio": "", "photo": {"prefix": "https://igx.4sqi.net/img/user/", "suffix": "/YBQU5QHZCWYPQGYT.jpg"}, "homeCity": "Singapore", "lists": {"groups": [{"items": [], "count": 2, "type": "created"}]}}, {"tips": {"count": 8}, "contact": {"twitter": "sochews"}, "firstName": "Jon", "gender": "male", "lastName": "Chew", "id": "128661", "bio": "", "photo": {"prefix": "https://igx.4sqi.net/img/user/", "suffix": "/ROIOSPMWDBICR0OD.jpg"}, "homeCity": "Kuala Lumpur, Malaysia", "lists": {"groups": [{"items": [], "count": 2, "type": "created"}]}}, {"tips": {"count": 50}, "contact": {"twitter": "daphnemaia", "facebook": "590335708"}, "firstName": "Daphne Maia", "gender": "female", "lastName": "Loo", "id": "129416", "bio": "Coffee \u2022 Powerlifting \u2022 @fortitudegym \u2022 \r\nDigital Marketing \u2022 Writer \u2022 Introvert \u2022", "photo": {"prefix": "https://igx.4sqi.net/img/user/", "suffix": "/129416-CE2O03KIZRMARIQW.jpg"}, "homeCity": "Singapore", "lists": {"groups": [{"items": [], "count": 6, "type": "created"}]}}, {"tips": {"count": 34}, "contact": {"twitter": "visualwire", "facebook": "751142941"}, "firstName": "Nicholas", "gender": "male", "lastName": "Foo", "id": "131147", "bio": "", "photo": {"prefix": "https://igx.4sqi.net/img/user/", "suffix": "/131147-YUCWU1FEWFXKT3BD.jpg"}, "homeCity": "Singapore", "lists": {"groups": [{"items": [], "count": 14, "type": "created"}]}}, {"superuser": 1, "tips": {"count": 125}, "contact": {"twitter": "vernieman", "facebook": "772240240"}, "firstName": "Vernon", "gender": "male", "lastName": "Chan", "id": "131375", "bio": "", "photo": {"prefix": "https://igx.4sqi.net/img/user/", "suffix": "/131375_1259507032056.jpg"}, "homeCity": "Kuala Lumpur", "lists": {"groups": [{"items": [], "count": 20, "type": "created"}]}}, {"tips": {"count": 0}, "contact": {}, "firstName": "mellyssa", "gender": "female", "id": "132711", "bio": "", "photo": {"prefix": "https://igx.4sqi.net/img/user/", "suffix": "/132711_1259547814260.png"}, "homeCity": "Kuala Lumpur, Malaysia", "lists": {"groups": [{"items": [], "count": 2, "type": "created"}]}}, {"tips": {"count": 32}, "contact": {"twitter": "meiyingt", "facebook": "718101413"}, "firstName": "Mei Ying", "gender": "female", "lastName": "Teoh", "id": "133186", "bio": "", "photo": {"prefix": "https://igx.4sqi.net/img/user/", "suffix": "/MDMCGWMHTUQ1SCKD.jpg"}, "homeCity": "Kuala Lumpur, Malaysia", "lists": {"groups": [{"items": [], "count": 2, "type": "created"}]}}, {"superuser": 2, "tips": {"count": 77}, "contact": {"twitter": "huntlai", "facebook": "10153479854821585"}, "firstName": "Hunt", "gender": "male", "lastName": "Lai", "id": "133426", "bio": "", "photo": {"prefix": "https://igx.4sqi.net/img/user/", "suffix": "/XZW2PVE5A2EJEGT0.jpg"}, "homeCity": "Auckland, New Zealand ", "lists": {"groups": [{"items": [], "count": 2, "type": "created"}]}}, {"superuser": 2, "tips": {"count": 93}, "contact": {}, "firstName": "Arystle", "gender": "female", "lastName": "K", "id": "133432", "bio": "", "photo": {"prefix": "https://igx.4sqi.net/img/user/", "suffix": "/NYIOAOIFFPXYTCAU.jpg"}, "homeCity": "Kuala Lumpur, Malaysia", "lists": {"groups": [{"items": [], "count": 5, "type": "created"}]}}, {"superuser": 2, "tips": {"count": 86}, "contact": {}, "firstName": "Delicia", "gender": "female", "lastName": "Tan-Seet", "id": "133468", "bio": "", "photo": {"prefix": "https://igx.4sqi.net/img/user/", "suffix": "/SQ4UN5SGDJDR11XA.jpg"}, "homeCity": "Singapore", "lists": {"groups": [{"items": [], "count": 6, "type": "created"}]}}, {"tips": {"count": 78}, "contact": {"twitter": "victortan", "facebook": "677121704"}, "firstName": "Victor", "gender": "male", "lastName": "Tan", "id": "133481", "bio": "", "photo": {"prefix": "https://igx.4sqi.net/img/user/", "suffix": "/CNMAILZIJBJA0W50.jpg"}, "homeCity": "Singapore", "lists": {"groups": [{"items": [], "count": 7, "type": "created"}]}}, {"tips": {"count": 14}, "contact": {}, "firstName": "Francis", "gender": "male", "lastName": "Yap", "id": "137213", "bio": "Eat Play Live", "photo": {"prefix": "https://igx.4sqi.net/img/user/", "suffix": "/-ID1N0ZMQQ3QIPSX1.jpg"}, "homeCity": "Kuala Lumpur, WP Kuala Lumpur", "lists": {"groups": [{"items": [], "count": 6, "type": "created"}]}}, {"tips": {"count": 44}, "contact": {"facebook": "553019024"}, "firstName": "Ken", "gender": "male", "lastName": "Ng", "id": "137386", "bio": "", "photo": {"prefix": "https://igx.4sqi.net/img/user/", "suffix": "/137386-L5GM5JWCGSNFXUU0.jpg"}, "homeCity": "", "lists": {"groups": [{"items": [], "count": 4, "type": "created"}]}}, {"tips": {"count": 27}, "contact": {"twitter": "dtshirtdude", "facebook": "603918161"}, "firstName": "Ija", "gender": "male", "lastName": "Mohan", "id": "140547", "bio": "Work hard, play harder!", "photo": {"prefix": "https://igx.4sqi.net/img/user/", "suffix": "/140547-IUZYHEWEKWV1ZPMB.jpg"}, "homeCity": "Petaling Jaya, Malaysia", "lists": {"groups": [{"items": [], "count": 2, "type": "created"}]}}, {"tips": {"count": 24}, "contact": {"twitter": "munyew90"}, "firstName": "Ow Yeong", "gender": "male", "lastName": "Mun Yew", "id": "142491", "bio": "", "photo": {"prefix": "https://igx.4sqi.net/img/user/", "suffix": "/142491-4KOEM2ERWHRUBWRS.jpg"}, "homeCity": "Kuala Lumpur", "lists": {"groups": [{"items": [], "count": 3, "type": "created"}]}}, {"superuser": 2, "tips": {"count": 143}, "contact": {"twitter": "mikecampton"}, "firstName": "Mike", "gender": "male", "lastName": "Campton", "id": "142945", "bio": "", "photo": {"prefix": "https://igx.4sqi.net/img/user/", "suffix": "/YO1JRMZJRZCRRPV4.jpg"}, "homeCity": "San Francisco, CA", "lists": {"groups": [{"items": [], "count": 30, "type": "created"}]}}, {"superuser": 2, "tips": {"count": 38}, "contact": {"twitter": "inrsoul", "facebook": "670555642"}, "firstName": "Kevin", "gender": "male", "lastName": "Lee", "id": "144045", "bio": "photographer (mycake.sg) and slave to cats Babs and Baxter", "photo": {"prefix": "https://igx.4sqi.net/img/user/", "suffix": "/MXYAHNF3QVDF4RNS.jpg"}, "homeCity": "Singapore", "lists": {"groups": [{"items": [], "count": 5, "type": "created"}]}}, {"tips": {"count": 47}, "contact": {"twitter": "jerricklim", "facebook": "505949022"}, "firstName": "Jerrick", "gender": "male", "lastName": "Lim", "id": "144298", "bio": "Food is the reason why I live.", "photo": {"prefix": "https://igx.4sqi.net/img/user/", "suffix": "/-1_1260098153634.jpg"}, "homeCity": "Singapore", "lists": {"groups": [{"items": [], "count": 5, "type": "created"}]}}, {"superuser": 2, "tips": {"count": 147}, "contact": {"twitter": "hewyk", "facebook": "10153678080065428"}, "firstName": "Henry", "gender": "male", "lastName": "Wong", "id": "145638", "bio": "will travel for good coffee!", "photo": {"prefix": "https://igx.4sqi.net/img/user/", "suffix": "/145638-FICL0GGHSVN3YORY.jpg"}, "homeCity": "Malaysia", "lists": {"groups": [{"items": [], "count": 2, "type": "created"}]}}, {"superuser": 2, "tips": {"count": 493}, "contact": {"twitter": "friedbeef"}, "firstName": "James", "gender": "male", "lastName": "Y.", "id": "145677", "bio": "Loves to leave and read loads of tips especially for restaurants.", "photo": {"prefix": "https://igx.4sqi.net/img/user/", "suffix": "/145677-3CTEZGQOAQR31JKX.jpg"}, "homeCity": "Glenmarie, Selangor", "lists": {"groups": [{"items": [], "count": 4, "type": "created"}]}}, {"tips": {"count": 5}, "contact": {"twitter": "mediumshawn", "facebook": "10152949808028692"}, "firstName": "Shawn", "gender": "male", "lastName": "Lim", "id": "146182", "bio": "", "photo": {"prefix": "https://igx.4sqi.net/img/user/", "suffix": "/J5NLKDIR23KUZDNT.jpg"}, "homeCity": "Singapore", "lists": {"groups": [{"items": [], "count": 2, "type": "created"}]}}, {"tips": {"count": 2}, "contact": {"twitter": "azriaziz", "facebook": "767895467"}, "firstName": "Azri", "gender": "male", "lastName": "Aziz", "id": "474942", "bio": "", "photo": {"prefix": "https://igx.4sqi.net/img/user/", "suffix": "/blank_boy.png", "default": true}, "homeCity": "Lumut, Perak", "lists": {"groups": [{"items": [], "count": 2, "type": "created"}]}}, {"tips": {"count": 9}, "contact": {}, "firstName": "David", "gender": "male", "lastName": "Chieng", "id": "475837", "bio": "", "photo": {"prefix": "https://igx.4sqi.net/img/user/", "suffix": "/VMEFRG0MPEXXLLN0.jpg"}, "homeCity": "Singapore", "lists": {"groups": [{"items": [], "count": 2, "type": "created"}]}}, {"tips": {"count": 9}, "contact": {"twitter": "aprilyim", "facebook": "10153152366628939"}, "firstName": "April", "gender": "female", "lastName": "Yim", "id": "481879", "bio": "", "photo": {"prefix": "https://igx.4sqi.net/img/user/", "suffix": "/MFT3QYSWHSSHTW2Z.jpg"}, "homeCity": "Lucky Garden, Bangsar, Kuala Lumpur", "lists": {"groups": [{"items": [], "count": 2, "type": "created"}]}}, {"tips": {"count": 16}, "contact": {}, "firstName": "Bawanee", "gender": "female", "lastName": "Krishnan", "id": "481888", "bio": "", "photo": {"prefix": "https://igx.4sqi.net/img/user/", "suffix": "/UL1UMHYEKFPDRZZJ.jpg"}, "homeCity": "Kuala Lumpur", "lists": {"groups": [{"items": [], "count": 2, "type": "created"}]}}, {"tips": {"count": 59}, "contact": {"twitter": "infernoxv", "facebook": "500165405"}, "firstName": "Edward", "gender": "male", "lastName": "Yong", "id": "537630", "bio": "", "photo": {"prefix": "https://igx.4sqi.net/img/user/", "suffix": "/TNWVH10WBZIM0ZTX.jpg"}, "homeCity": "Bukit Timah, Singapore", "lists": {"groups": [{"items": [], "count": 9, "type": "created"}]}}, {"tips": {"count": 7}, "contact": {"twitter": "pltan75", "facebook": "523206426"}, "firstName": "Pek", "gender": "male", "lastName": "Tan", "id": "546200", "bio": "", "photo": {"prefix": "https://igx.4sqi.net/img/user/", "suffix": "/IWDZ4IKM5LHQVGV4.jpg"}, "homeCity": "Pantai Hills", "lists": {"groups": [{"items": [], "count": 2, "type": "created"}]}}, {"tips": {"count": 6}, "contact": {}, "firstName": "Meera", "gender": "female", "lastName": "Navaratnam", "id": "665951", "bio": "", "photo": {"prefix": "https://igx.4sqi.net/img/user/", "suffix": "/2UUXCY05O5YXSH1X.jpg"}, "homeCity": "Singapore", "lists": {"groups": [{"items": [], "count": 3, "type": "created"}]}}, {"tips": {"count": 4}, "contact": {"twitter": "deb2ie"}, "firstName": "Debbie", "gender": "female", "lastName": "Wong", "id": "668170", "bio": "", "photo": {"prefix": "https://igx.4sqi.net/img/user/", "suffix": "/668170-NKSEVKQKCJFPP5Z3.jpg"}, "homeCity": "Singapore", "lists": {"groups": [{"items": [], "count": 4, "type": "created"}]}}, {"tips": {"count": 3}, "contact": {}, "firstName": "Kevin", "gender": "male", "lastName": "Foo", "id": "1054838", "bio": "", "photo": {"prefix": "https://igx.4sqi.net/img/user/", "suffix": "/W23PSFX0AYVGNI1C.png"}, "homeCity": "Kuala Lumpur", "lists": {"groups": [{"items": [], "count": 2, "type": "created"}]}}, {"tips": {"count": 164}, "contact": {}, "firstName": "Weiru", "gender": "female", "lastName": "T", "id": "1766108", "bio": "", "photo": {"prefix": "https://igx.4sqi.net/img/user/", "suffix": "/A33A5211RL1GDHDT.jpg"}, "homeCity": "Singapore", "lists": {"groups": [{"items": [], "count": 2, "type": "created"}]}}, {"tips": {"count": 26}, "contact": {"twitter": "miltonsau", "facebook": "675951230"}, "firstName": "Milton", "gender": "male", "lastName": "Sau", "id": "1891249", "bio": "", "photo": {"prefix": "https://igx.4sqi.net/img/user/", "suffix": "/C51PWTVGKOJSYZHD.jpg"}, "homeCity": "Tampines, Singapore", "lists": {"groups": [{"items": [], "count": 5, "type": "created"}]}}, {"tips": {"count": 34}, "contact": {"twitter": "minishorts", "facebook": "10153379492030583"}, "firstName": "Claire", "gender": "female", "lastName": "Khoo", "id": "1892662", "bio": "", "photo": {"prefix": "https://igx.4sqi.net/img/user/", "suffix": "/UBOFRTNYIIGTY0GP.jpg"}, "homeCity": "Petaling Jaya, Selangor", "lists": {"groups": [{"items": [], "count": 17, "type": "created"}]}}, {"tips": {"count": 0}, "contact": {"twitter": "syazli7", "facebook": "543350311"}, "firstName": "Mohd Syazli", "gender": "male", "lastName": "Mahmud", "id": "4929638", "bio": "", "photo": {"prefix": "https://igx.4sqi.net/img/user/", "suffix": "/GB0L2B0BUHEQKT3K.jpg"}, "homeCity": "Klang, Malaysia", "lists": {"groups": [{"items": [], "count": 2, "type": "created"}]}}, {"tips": {"count": 0}, "contact": {"twitter": "kelameity", "facebook": "673721510"}, "firstName": "Kelvin", "gender": "male", "lastName": "Lim", "id": "5414250", "bio": "", "photo": {"prefix": "https://igx.4sqi.net/img/user/", "suffix": "/5XSUY3DFWYENQHPU.jpg"}, "homeCity": "Malaysia", "lists": {"groups": [{"items": [], "count": 2, "type": "created"}]}}, {"tips": {"count": 0}, "contact": {}, "firstName": "Clayton", "gender": "male", "lastName": "Elliott", "id": "5424429", "bio": "", "photo": {"prefix": "https://igx.4sqi.net/img/user/", "suffix": "/B4KYITEZSRSSW2YC.jpg"}, "homeCity": "Toronto, Canada", "lists": {"groups": [{"items": [], "count": 2, "type": "created"}]}}], "count": 352}, "checksum": "c602d66a24189a2482ab161dfb2d82a0c03b6851"}, "meta": {"requestId": "5965bb006a6071143c953184", "code": 200}}