{"notifications": [{"type": "notificationTray", "item": {"unreadCount": 0}}], "response": {"friends": {"items": [{"tips": {"count": 0}, "contact": {"twitter": "rottencandyxz", "facebook": "1639515991"}, "firstName": "Mag", "gender": "female", "id": "4449210", "bio": "", "photo": {"prefix": "https://igx.4sqi.net/img/user/", "suffix": "/ENIIVSI4I2VCANEN.jpg"}, "homeCity": "Singapore", "lists": {"groups": [{"items": [], "count": 2, "type": "created"}]}}, {"tips": {"count": 1}, "contact": {"twitter": "nobraincellsleh", "facebook": "596169588"}, "firstName": "Louis", "gender": "male", "id": "4642710", "bio": "", "photo": {"prefix": "https://igx.4sqi.net/img/user/", "suffix": "/4642710-XYBIJWAC2USVSHKH.jpg"}, "homeCity": "Singapore", "lists": {"groups": [{"items": [], "count": 2, "type": "created"}]}}, {"tips": {"count": 1}, "contact": {"twitter": "xieqirong", "facebook": "1193732447"}, "firstName": "aaandric", "gender": "male", "lastName": "Chia", "id": "1598386", "bio": "Hi :)", "photo": {"prefix": "https://igx.4sqi.net/img/user/", "suffix": "/1598386-AZ0CTIPEOK2JL5SA.jpg"}, "homeCity": "Singapore", "lists": {"groups": [{"items": [], "count": 2, "type": "created"}]}}, {"tips": {"count": 0}, "contact": {"twitter": "apasionadoben", "facebook": "1640438449"}, "firstName": "Benjohn", "gender": "male", "id": "35543434", "bio": "", "photo": {"prefix": "https://igx.4sqi.net/img/user/", "suffix": "/OGFCOSAMAQKI0WDM.jpg"}, "homeCity": "New York, NY", "lists": {"groups": [{"items": [], "count": 2, "type": "created"}]}}, {"tips": {"count": 2}, "contact": {"twitter": "draconeel", "facebook": "737521833"}, "firstName": "Dhaslie", "gender": "male", "lastName": "Chong", "id": "373962", "bio": "", "photo": {"prefix": "https://igx.4sqi.net/img/user/", "suffix": "/373962-OOQ1A0JHJGVFRUIW.jpg"}, "homeCity": "Woodlands, Singapore", "lists": {"groups": [{"items": [], "count": 2, "type": "created"}]}}, {"tips": {"count": 6}, "contact": {"facebook": "100002536088840"}, "firstName": "BryanNZC", "gender": "male", "id": "4668659", "bio": "Life's a pitch. Ain't know what you will be facing tomorrow.", "photo": {"prefix": "https://igx.4sqi.net/img/user/", "suffix": "/4668659-4TCRAZBTIZ3CICTK.jpg"}, "homeCity": "Singapore", "lists": {"groups": [{"items": [], "count": 2, "type": "created"}]}}, {"tips": {"count": 4}, "contact": {"twitter": "khimhui", "facebook": "531731560"}, "firstName": "Tan", "gender": "male", "lastName": "Khim Hui", "id": "8205390", "bio": "", "photo": {"prefix": "https://igx.4sqi.net/img/user/", "suffix": "/2H4EVQ4WCRRTZQ1M.jpg"}, "homeCity": "Singapore", "lists": {"groups": [{"items": [], "count": 2, "type": "created"}]}}, {"tips": {"count": 3}, "contact": {"facebook": "10204800265957907"}, "firstName": "Chan Mye Kyaw", "gender": "male", "lastName": "Win", "id": "20803573", "bio": "", "photo": {"prefix": "https://igx.4sqi.net/img/user/", "suffix": "/ZTR5GYHEXPIHAC4M.jpg"}, "homeCity": "Yangon", "lists": {"groups": [{"items": [], "count": 3, "type": "created"}]}}, {"tips": {"count": 14}, "contact": {"twitter": "paranoid_boyy", "facebook": "100000110903691"}, "firstName": "Terry", "gender": "male", "lastName": "Tan", "id": "60959856", "bio": "", "photo": {"prefix": "https://igx.4sqi.net/img/user/", "suffix": "/60959856_Fw6oFgys_P0zL0O8fvpXavmXJQf8DBcDoe_H8hh0DMxagk9qLsYKatg6yZJRrBOZ8NphlBeCc.jpg"}, "homeCity": "Singapore", "lists": {"groups": [{"items": [], "count": 2, "type": "created"}]}}, {"tips": {"count": 0}, "contact": {}, "firstName": "T", "gender": "male", "lastName": "Sebastian", "id": "5516312", "bio": "", "photo": {"prefix": "https://igx.4sqi.net/img/user/", "suffix": "/2RUDNY0NVC1IPEFA.jpg"}, "homeCity": "Singapore", "lists": {"groups": [{"items": [], "count": 2, "type": "created"}]}}, {"tips": {"count": 0}, "contact": {}, "firstName": "Mickey", "gender": "male", "lastName": "Ho", "id": "1916756", "bio": "", "photo": {"prefix": "https://igx.4sqi.net/img/user/", "suffix": "/R2U141YBGEI1CVSH.jpg"}, "homeCity": "Singapore", "lists": {"groups": [{"items": [], "count": 2, "type": "created"}]}}, {"tips": {"count": 3}, "contact": {"twitter": "tweleveth", "facebook": "671616768"}, "firstName": "Jireh", "gender": "male", "lastName": "Ng", "id": "659582", "bio": "", "photo": {"prefix": "https://igx.4sqi.net/img/user/", "suffix": "/UG4OZEUAOCBQ2VLS.jpg"}, "homeCity": "Singapore", "lists": {"groups": [{"items": [], "count": 2, "type": "created"}]}}, {"tips": {"count": 1}, "contact": {"twitter": "waffle_creamies", "facebook": "1338554868"}, "firstName": "Cavell", "gender": "male", "lastName": "Lim", "id": "3835661", "bio": "", "photo": {"prefix": "https://igx.4sqi.net/img/user/", "suffix": "/TVEY5CGDK3YH2UO1.jpg"}, "homeCity": "Singapore", "lists": {"groups": [{"items": [], "count": 2, "type": "created"}]}}, {"tips": {"count": 25}, "contact": {"twitter": "mhisham", "facebook": "734974026"}, "firstName": "hisham", "gender": "male", "lastName": "mohd", "id": "182057", "bio": "", "photo": {"prefix": "https://igx.4sqi.net/img/user/", "suffix": "/USW3X2UE0JZBZHKH.jpg"}, "homeCity": "Singapore", "lists": {"groups": [{"items": [], "count": 2, "type": "created"}]}}, {"tips": {"count": 4}, "contact": {"twitter": "icyfliqee", "facebook": "100000968634776"}, "firstName": "Kenneth", "gender": "male", "lastName": "IcyFliQeE", "id": "5027221", "bio": "", "photo": {"prefix": "https://igx.4sqi.net/img/user/", "suffix": "/MSAIVBKEHSLVQL1R.jpg"}, "homeCity": "Singapore", "lists": {"groups": [{"items": [], "count": 2, "type": "created"}]}}, {"tips": {"count": 5}, "contact": {"twitter": "eekzzeek", "facebook": "504465297"}, "firstName": "Zeke", "gender": "male", "id": "769726", "bio": "", "photo": {"prefix": "https://igx.4sqi.net/img/user/", "suffix": "/WDNBJHZXDNFYPXKM.jpg"}, "homeCity": "Singapore", "lists": {"groups": [{"items": [], "count": 4, "type": "created"}]}}, {"tips": {"count": 2}, "contact": {"facebook": "610206600"}, "firstName": "Andy", "gender": "male", "lastName": "Ang", "id": "3814132", "bio": "", "photo": {"prefix": "https://igx.4sqi.net/img/user/", "suffix": "/T2SKSYWBPCFJVR0L.jpg"}, "homeCity": "Singapore", "lists": {"groups": [{"items": [], "count": 2, "type": "created"}]}}, {"tips": {"count": 0}, "contact": {"twitter": "yunnnie", "facebook": "515463823"}, "firstName": "Eunice Nicole", "gender": "female", "lastName": "Lim", "id": "472432", "bio": "", "photo": {"prefix": "https://igx.4sqi.net/img/user/", "suffix": "/DFOPC4EXRBFQK5CX.jpg"}, "homeCity": "Singapore", "lists": {"groups": [{"items": [], "count": 2, "type": "created"}]}}, {"tips": {"count": 39}, "contact": {"twitter": "adrianlkj", "facebook": "1109481697"}, "firstName": "Adrian", "gender": "male", "lastName": "Loh", "id": "4209585", "bio": "Boyish\r\nInstagram : @adrianlkj\r\nFacebook : Adrian Loh", "photo": {"prefix": "https://igx.4sqi.net/img/user/", "suffix": "/4209585-YVQJZAE4HBJLS3H2.jpg"}, "homeCity": "Kuala Lumpur, Malaysia", "lists": {"groups": [{"items": [], "count": 2, "type": "created"}]}}, {"tips": {"count": 0}, "contact": {"facebook": "579505681"}, "firstName": "Varian", "gender": "male", "lastName": "Tan", "id": "921653", "bio": "", "photo": {"prefix": "https://igx.4sqi.net/img/user/", "suffix": "/0SXAKI1XBISZH140.jpg"}, "homeCity": "Singapore", "lists": {"groups": [{"items": [], "count": 2, "type": "created"}]}}, {"tips": {"count": 0}, "contact": {"twitter": "ivankeytan", "facebook": "508239446"}, "firstName": "Ivan Key Tan", "gender": "male", "id": "222772", "bio": "", "photo": {"prefix": "https://igx.4sqi.net/img/user/", "suffix": "/222772-VJBRUSYW3NLCCSOY.jpg"}, "homeCity": "Singapore", "lists": {"groups": [{"items": [], "count": 2, "type": "created"}]}}, {"tips": {"count": 2}, "contact": {"twitter": "fred_iggy_goh", "facebook": "557627134"}, "firstName": "Fredric", "gender": "male", "lastName": "Goh", "id": "34183553", "bio": "", "photo": {"prefix": "https://igx.4sqi.net/img/user/", "suffix": "/EW3CYIQFPITTQHS2.jpg"}, "homeCity": "New York, NY", "lists": {"groups": [{"items": [], "count": 2, "type": "created"}]}}, {"tips": {"count": 0}, "contact": {"twitter": "meowmeowtan", "facebook": "564341256"}, "firstName": "Melvin", "gender": "male", "lastName": "Tan", "id": "2148890", "bio": "", "photo": {"prefix": "https://igx.4sqi.net/img/user/", "suffix": "/CFLZ4QUU2N033UV0.jpg"}, "homeCity": "Singapore", "lists": {"groups": [{"items": [], "count": 2, "type": "created"}]}}, {"tips": {"count": 0}, "contact": {"twitter": "cabbitowl"}, "firstName": "Yonghui", "gender": "male", "id": "11603408", "bio": "", "photo": {"prefix": "https://igx.4sqi.net/img/user/", "suffix": "/4IWUNPPW1ENOHN50.jpg"}, "homeCity": "Singapore", "lists": {"groups": [{"items": [], "count": 2, "type": "created"}]}}, {"tips": {"count": 0}, "contact": {"facebook": "666920511"}, "firstName": "CJ", "gender": "male", "lastName": "Liang", "id": "6317631", "bio": "", "photo": {"prefix": "https://igx.4sqi.net/img/user/", "suffix": "/B13M4VY5SE0TGBPS.jpg"}, "homeCity": "Singapore", "lists": {"groups": [{"items": [], "count": 2, "type": "created"}]}}, {"tips": {"count": 0}, "contact": {"twitter": "jiechong", "facebook": "547801857"}, "firstName": "Jie", "gender": "male", "lastName": "Chong", "id": "6772347", "bio": "", "photo": {"prefix": "https://igx.4sqi.net/img/user/", "suffix": "/AFX240UN0YCGBMTW.jpg"}, "homeCity": "Singapore", "lists": {"groups": [{"items": [], "count": 2, "type": "created"}]}}, {"tips": {"count": 0}, "contact": {"facebook": "649948073"}, "firstName": "Rei", "gender": "female", "lastName": "Claudia", "id": "37467869", "bio": "", "photo": {"prefix": "https://igx.4sqi.net/img/user/", "suffix": "/45RZNFUCAH1U5YPV.jpg"}, "homeCity": "Singapore", "lists": {"groups": [{"items": [], "count": 2, "type": "created"}]}}, {"tips": {"count": 0}, "contact": {"twitter": "ryanraffoutroud", "facebook": "747579560"}, "firstName": "Ryan", "gender": "male", "lastName": "RaffoutRoud", "id": "11423557", "bio": "", "photo": {"prefix": "https://igx.4sqi.net/img/user/", "suffix": "/MT1VUXKEYMY4PZ0M.jpg"}, "homeCity": "Singapore", "lists": {"groups": [{"items": [], "count": 3, "type": "created"}]}}, {"tips": {"count": 0}, "contact": {"twitter": "seannchua"}, "firstName": "Sean", "gender": "male", "lastName": "Chua", "id": "4669672", "bio": "", "photo": {"prefix": "https://igx.4sqi.net/img/user/", "suffix": "/4669672-OEFCUQ2IZD5QEIJK.jpg"}, "homeCity": "Singapore", "lists": {"groups": [{"items": [], "count": 3, "type": "created"}]}}, {"tips": {"count": 2}, "contact": {"twitter": "shyorangejuice", "facebook": "1080288838"}, "firstName": "Shyro", "gender": "male", "lastName": "Keev", "id": "23433143", "bio": "", "photo": {"prefix": "https://igx.4sqi.net/img/user/", "suffix": "/23433143-HC14NTFKQ3NESMGM.jpg"}, "homeCity": "Singapore", "lists": {"groups": [{"items": [], "count": 2, "type": "created"}]}}, {"tips": {"count": 0}, "contact": {"twitter": "sillyern", "facebook": "784079513"}, "firstName": "Ernest", "gender": "male", "lastName": "Ong", "id": "5590444", "bio": "", "photo": {"prefix": "https://igx.4sqi.net/img/user/", "suffix": "/BOVUX5R3K2RHEC2Q.jpg"}, "homeCity": "Singapore", "lists": {"groups": [{"items": [], "count": 2, "type": "created"}]}}, {"tips": {"count": 1}, "contact": {"facebook": "538405746"}, "firstName": "Mike", "gender": "male", "id": "2243849", "bio": "", "photo": {"prefix": "https://igx.4sqi.net/img/user/", "suffix": "/RN5EV1WTM1OLI3X0.jpg"}, "homeCity": "Singapore", "lists": {"groups": [{"items": [], "count": 2, "type": "created"}]}}, {"tips": {"count": 8}, "contact": {"twitter": "reddiec", "facebook": "701316332"}, "firstName": "HongYi", "gender": "male", "lastName": "Chua", "id": "660439", "bio": "", "photo": {"prefix": "https://igx.4sqi.net/img/user/", "suffix": "/660439-PHSTMGKU01OE2MR5.jpg"}, "homeCity": "Anchorvale, Sengkang, Singapore", "lists": {"groups": [{"items": [], "count": 4, "type": "created"}]}}, {"tips": {"count": 2}, "contact": {"facebook": "10205774199970740"}, "firstName": "Jimmy", "gender": "male", "lastName": "Chan \u2708", "id": "7625022", "bio": "Just #Asian", "photo": {"prefix": "https://igx.4sqi.net/img/user/", "suffix": "/7625022-P3W4XLXYR3XCJTL1.jpg"}, "homeCity": "Belgi\u00eb", "lists": {"groups": [{"items": [], "count": 2, "type": "created"}]}}, {"tips": {"count": 0}, "contact": {"facebook": "514243964"}, "firstName": "Lee Kiang", "gender": "female", "lastName": "Ng", "id": "2294355", "bio": "", "photo": {"prefix": "https://igx.4sqi.net/img/user/", "suffix": "/TZR10OVPOGNW3BHU.jpg"}, "homeCity": "Singapore", "lists": {"groups": [{"items": [], "count": 2, "type": "created"}]}}, {"tips": {"count": 0}, "contact": {}, "firstName": "Sylvia", "gender": "female", "lastName": "Ng", "id": "5403520", "bio": "", "photo": {"prefix": "https://igx.4sqi.net/img/user/", "suffix": "/blank_girl.png", "default": true}, "homeCity": "Singapore", "lists": {"groups": [{"items": [], "count": 2, "type": "created"}]}}, {"tips": {"count": 0}, "contact": {}, "firstName": "Cedric", "gender": "male", "lastName": "Chin", "id": "985507", "bio": "", "photo": {"prefix": "https://igx.4sqi.net/img/user/", "suffix": "/JPRF0XFCII0LDJPB.jpg"}, "homeCity": "Singapore", "lists": {"groups": [{"items": [], "count": 2, "type": "created"}]}}, {"tips": {"count": 8}, "contact": {"twitter": "kingrool"}, "firstName": "amirul", "gender": "male", "lastName": "nasir", "id": "814671", "bio": "", "photo": {"prefix": "https://igx.4sqi.net/img/user/", "suffix": "/ERZNKYFZKCPAMFO4.jpg"}, "homeCity": "Rochor, Singapore", "lists": {"groups": [{"items": [], "count": 2, "type": "created"}]}}, {"tips": {"count": 0}, "contact": {"facebook": "536648229"}, "firstName": "Thomas", "gender": "male", "lastName": "Li", "id": "4397521", "bio": "", "photo": {"prefix": "https://igx.4sqi.net/img/user/", "suffix": "/blank_boy.png", "default": true}, "homeCity": "Singapore", "lists": {"groups": [{"items": [], "count": 2, "type": "created"}]}}, {"tips": {"count": 35}, "contact": {"twitter": "furion89", "facebook": "503558281"}, "firstName": "Justin", "gender": "male", "lastName": "Yap", "id": "1178567", "bio": "", "photo": {"prefix": "https://igx.4sqi.net/img/user/", "suffix": "/1178567-WKGHTKVUE3UOQYWR.jpg"}, "homeCity": "Petaling Jaya, Selangor", "lists": {"groups": [{"items": [], "count": 3, "type": "created"}]}}, {"tips": {"count": 4}, "contact": {"twitter": "thatwasrunie", "facebook": "503465036"}, "firstName": "runie", "gender": "male", "id": "2602831", "bio": "", "photo": {"prefix": "https://igx.4sqi.net/img/user/", "suffix": "/GWWZAT44EV1JKV2B.jpg"}, "homeCity": "Singapore", "lists": {"groups": [{"items": [], "count": 2, "type": "created"}]}}, {"tips": {"count": 4}, "contact": {"twitter": "julianphyo", "facebook": "720893778"}, "firstName": "Julian", "gender": "male", "lastName": "Maurizio", "id": "20299783", "bio": "", "photo": {"prefix": "https://igx.4sqi.net/img/user/", "suffix": "/20299783-5TA54HORPKELP20B.jpg"}, "homeCity": "Yangon", "lists": {"groups": [{"items": [], "count": 2, "type": "created"}]}}, {"tips": {"count": 498}, "contact": {"twitter": "javalavamanila", "facebook": "622812720"}, "firstName": "Remus Mark", "gender": "male", "lastName": "Carballo", "id": "31464890", "bio": "The delightful adventures of a Pinoy tour guide, travel agent. King of the beach. Lord of the beer. Wannabe surfer, wakeboarder. Occasional karaoke mic hogger", "photo": {"prefix": "https://igx.4sqi.net/img/user/", "suffix": "/31464890-DKVHG4OW15NOVXAZ.jpg"}, "homeCity": "Quezon City, Metro Manila", "lists": {"groups": [{"items": [], "count": 2, "type": "created"}]}}, {"tips": {"count": 0}, "contact": {"facebook": "100000299905781"}, "firstName": "Allaster", "gender": "male", "id": "6645011", "bio": "", "photo": {"prefix": "https://igx.4sqi.net/img/user/", "suffix": "/03DHM1HIJORBOZOH.jpg"}, "homeCity": "Singapore", "lists": {"groups": [{"items": [], "count": 2, "type": "created"}]}}, {"tips": {"count": 0}, "contact": {"facebook": "1481963471"}, "firstName": "Bueno", "gender": "male", "lastName": "Huang", "id": "6830303", "bio": "", "photo": {"prefix": "https://igx.4sqi.net/img/user/", "suffix": "/N1VI3A45ILRTPAIG.jpg"}, "homeCity": "Singapore", "lists": {"groups": [{"items": [], "count": 2, "type": "created"}]}}, {"tips": {"count": 0}, "contact": {"facebook": "100003265126005"}, "firstName": "Soe", "gender": "male", "lastName": "Pyae Hein", "id": "37892316", "bio": "", "photo": {"prefix": "https://igx.4sqi.net/img/user/", "suffix": "/VZ0BFBOPKP1XO0CH.jpg"}, "homeCity": "New York, NY", "lists": {"groups": [{"items": [], "count": 2, "type": "created"}]}}, {"tips": {"count": 0}, "contact": {}, "firstName": "JIA YIN", "gender": "female", "lastName": "Loh", "id": "21477108", "bio": "", "photo": {"prefix": "https://igx.4sqi.net/img/user/", "suffix": "/44H4CSDPQSPDHDIU.jpg"}, "homeCity": "Singapore", "lists": {"groups": [{"items": [], "count": 2, "type": "created"}]}}, {"tips": {"count": 0}, "contact": {"facebook": "607619021"}, "firstName": "Kifer", "gender": "female", "lastName": "Lau", "id": "7723970", "bio": "", "photo": {"prefix": "https://igx.4sqi.net/img/user/", "suffix": "/blank_girl.png", "default": true}, "homeCity": "Singapore", "lists": {"groups": [{"items": [], "count": 2, "type": "created"}]}}, {"tips": {"count": 0}, "contact": {}, "firstName": "Kuen", "gender": "none", "id": "24241775", "bio": "", "photo": {"prefix": "https://igx.4sqi.net/img/user/", "suffix": "/VXLE1CGGGCL3Q2IM.jpg"}, "homeCity": "Singapore", "lists": {"groups": [{"items": [], "count": 2, "type": "created"}]}}, {"tips": {"count": 0}, "contact": {"facebook": "1647617611"}, "firstName": "Wilson", "gender": "male", "lastName": "Ang", "id": "5756610", "bio": "", "photo": {"prefix": "https://igx.4sqi.net/img/user/", "suffix": "/K0EEGVS5IOBZE5EY.jpg"}, "homeCity": "Singapore", "lists": {"groups": [{"items": [], "count": 2, "type": "created"}]}}, {"tips": {"count": 0}, "contact": {"twitter": "mickeeyyyy", "facebook": "625608431"}, "firstName": "Mickeeyyyyho", "gender": "male", "lastName": "Chuen hui", "id": "2956396", "bio": "", "photo": {"prefix": "https://igx.4sqi.net/img/user/", "suffix": "/VRQXMOBDLDHYNEQ5.jpg"}, "homeCity": "Singapore", "lists": {"groups": [{"items": [], "count": 2, "type": "created"}]}}, {"tips": {"count": 0}, "contact": {"twitter": "simplyfariqiel", "facebook": "740572888"}, "firstName": "Fariqiel", "gender": "male", "lastName": "Faric", "id": "7625742", "bio": "", "photo": {"prefix": "https://igx.4sqi.net/img/user/", "suffix": "/JF45DNSAKJWDV3T3.jpg"}, "homeCity": "Singapore", "lists": {"groups": [{"items": [], "count": 2, "type": "created"}]}}, {"tips": {"count": 0}, "contact": {"facebook": "1337721025"}, "firstName": "Jasper", "gender": "male", "lastName": "Hew", "id": "55528246", "bio": "", "photo": {"prefix": "https://igx.4sqi.net/img/user/", "suffix": "/HOERRVBXMCZR2AOG.jpg"}, "homeCity": "Singapore", "lists": {"groups": [{"items": [], "count": 2, "type": "created"}]}}, {"tips": {"count": 0}, "contact": {"facebook": "630447676"}, "firstName": "Min", "gender": "female", "lastName": "ling", "id": "3539518", "bio": "", "photo": {"prefix": "https://igx.4sqi.net/img/user/", "suffix": "/OYDOC5SAREYFFGIJ.jpg"}, "homeCity": "Singapore", "lists": {"groups": [{"items": [], "count": 2, "type": "created"}]}}, {"tips": {"count": 0}, "contact": {}, "firstName": "Magdalene", "gender": "female", "lastName": "Wee", "id": "4402989", "bio": "", "photo": {"prefix": "https://igx.4sqi.net/img/user/", "suffix": "/blank_girl.png", "default": true}, "homeCity": "Singapore", "lists": {"groups": [{"items": [], "count": 2, "type": "created"}]}}, {"tips": {"count": 12}, "contact": {"facebook": "660746363"}, "firstName": "Jeffrey", "gender": "male", "lastName": "Ng", "id": "1189133", "bio": "", "photo": {"prefix": "https://igx.4sqi.net/img/user/", "suffix": "/0OYUZQ5SQPTLROCE.jpg"}, "homeCity": "ang mo kio, Singapore", "lists": {"groups": [{"items": [], "count": 2, "type": "created"}]}}, {"tips": {"count": 6}, "contact": {"facebook": "559218346"}, "firstName": "koh", "gender": "male", "lastName": "junxiang", "id": "2609730", "bio": "", "photo": {"prefix": "https://igx.4sqi.net/img/user/", "suffix": "/AVWCHPC1WHS3ASQS.jpg"}, "homeCity": "Singapore", "lists": {"groups": [{"items": [], "count": 2, "type": "created"}]}}, {"tips": {"count": 0}, "contact": {"facebook": "600145436"}, "firstName": "Victor", "gender": "male", "lastName": "Tan", "id": "9067844", "bio": "", "photo": {"prefix": "https://igx.4sqi.net/img/user/", "suffix": "/blank_boy.png", "default": true}, "homeCity": "NY", "lists": {"groups": [{"items": [], "count": 2, "type": "created"}]}}, {"tips": {"count": 1}, "contact": {"facebook": "643513259"}, "firstName": "Nave", "gender": "male", "lastName": "King", "id": "6850563", "bio": "", "photo": {"prefix": "https://igx.4sqi.net/img/user/", "suffix": "/XFHW0IOYNXQMEORE.jpg"}, "homeCity": "Singapore", "lists": {"groups": [{"items": [], "count": 2, "type": "created"}]}}, {"tips": {"count": 0}, "contact": {"facebook": "540178328"}, "firstName": "Finfan", "gender": "male", "lastName": "Bertrand", "id": "25248161", "bio": "", "photo": {"prefix": "https://igx.4sqi.net/img/user/", "suffix": "/PEVEQEYNAQPIOC1R.jpg"}, "homeCity": "New York, NY", "lists": {"groups": [{"items": [], "count": 2, "type": "created"}]}}, {"tips": {"count": 1}, "contact": {}, "firstName": "Oreo", "gender": "male", "lastName": "Cookie", "id": "69062456", "bio": "", "photo": {"prefix": "https://igx.4sqi.net/img/user/", "suffix": "/blank_boy.png", "default": true}, "homeCity": "Singapore", "lists": {"groups": [{"items": [], "count": 2, "type": "created"}]}}, {"tips": {"count": 0}, "contact": {"facebook": "100001275381475"}, "firstName": "Koh", "gender": "none", "lastName": "Wei teck", "id": "5888732", "bio": "", "photo": {"prefix": "https://igx.4sqi.net/img/user/", "suffix": "/blank_boy.png", "default": true}, "homeCity": "Singapore", "lists": {"groups": [{"items": [], "count": 2, "type": "created"}]}}, {"tips": {"count": 0}, "contact": {"twitter": "joestanleyyeo", "facebook": "789513159"}, "firstName": "Joe", "gender": "male", "lastName": "Stanley", "id": "3365895", "bio": "", "photo": {"prefix": "https://igx.4sqi.net/img/user/", "suffix": "/3365895-QINZWTLWNAFV0WGJ.jpg"}, "homeCity": "Singapore", "lists": {"groups": [{"items": [], "count": 2, "type": "created"}]}}, {"tips": {"count": 0}, "contact": {"facebook": "743570882"}, "firstName": "Ruby", "gender": "female", "lastName": "Ling", "id": "8468424", "bio": "", "photo": {"prefix": "https://igx.4sqi.net/img/user/", "suffix": "/blank_girl.png", "default": true}, "homeCity": "Pulau Pinang, Malaysia", "lists": {"groups": [{"items": [], "count": 2, "type": "created"}]}}, {"tips": {"count": 4}, "contact": {"facebook": "724112323"}, "firstName": "Foo", "gender": "male", "lastName": "Chuanwei", "id": "4934178", "bio": "", "photo": {"prefix": "https://igx.4sqi.net/img/user/", "suffix": "/3RWIS14GRCXO1J3G.jpg"}, "homeCity": "Singapore", "lists": {"groups": [{"items": [], "count": 2, "type": "created"}]}}, {"tips": {"count": 0}, "contact": {"twitter": "astroboeyy", "facebook": "677577168"}, "firstName": "Xavier", "gender": "male", "lastName": "Boey", "id": "1282987", "bio": "", "photo": {"prefix": "https://igx.4sqi.net/img/user/", "suffix": "/B3IHOTB5QOUQYBTO.jpg"}, "homeCity": "Singapore", "lists": {"groups": [{"items": [], "count": 2, "type": "created"}]}}, {"tips": {"count": 0}, "contact": {"twitter": "ashleydavidc", "facebook": "620458381"}, "firstName": "Ashley", "gender": "male", "lastName": "Chan", "id": "2753543", "bio": "", "photo": {"prefix": "https://igx.4sqi.net/img/user/", "suffix": "/Q21GTQR1L0EYFQEY.jpg"}, "homeCity": "Singapore", "lists": {"groups": [{"items": [], "count": 2, "type": "created"}]}}, {"tips": {"count": 0}, "contact": {}, "firstName": "Hartono", "gender": "male", "lastName": "Keith", "id": "9076355", "bio": "", "photo": {"prefix": "https://igx.4sqi.net/img/user/", "suffix": "/blank_boy.png", "default": true}, "homeCity": "Singapore", "lists": {"groups": [{"items": [], "count": 2, "type": "created"}]}}, {"tips": {"count": 0}, "contact": {"facebook": "577511579"}, "firstName": "David", "gender": "male", "lastName": "Glasspoole", "id": "7225068", "bio": "", "photo": {"prefix": "https://igx.4sqi.net/img/user/", "suffix": "/UYLSCWHZ2YMKMMFH.jpg"}, "homeCity": "Singapore", "lists": {"groups": [{"items": [], "count": 2, "type": "created"}]}}, {"tips": {"count": 0}, "contact": {"facebook": "100004516842350"}, "firstName": "Gordrick Wolfred", "gender": "male", "lastName": "Pua", "id": "48500427", "bio": "", "photo": {"prefix": "https://igx.4sqi.net/img/user/", "suffix": "/5JOFSATJ5GRAIKLH.jpg"}, "homeCity": "New York, NY", "lists": {"groups": [{"items": [], "count": 2, "type": "created"}]}}, {"tips": {"count": 0}, "contact": {"twitter": "vonnkoh", "facebook": "1338728621"}, "firstName": "Vonn", "gender": "female", "lastName": "Koh", "id": "3664298", "bio": "", "photo": {"prefix": "https://igx.4sqi.net/img/user/", "suffix": "/NMI1MCNE0QBSYFP4.jpg"}, "homeCity": "Singapore", "lists": {"groups": [{"items": [], "count": 3, "type": "created"}]}}, {"tips": {"count": 17}, "contact": {"facebook": "822929385"}, "firstName": "WanTing", "gender": "female", "lastName": "Lee", "id": "54326977", "bio": "", "photo": {"prefix": "https://igx.4sqi.net/img/user/", "suffix": "/54326977-TJQKGQUKU0W1Q540.jpg"}, "homeCity": "Singapore, 00", "lists": {"groups": [{"items": [], "count": 26, "type": "created"}]}}, {"tips": {"count": 0}, "contact": {"twitter": "burberryap", "facebook": "677422762"}, "firstName": "Patrick", "gender": "male", "lastName": "Yap", "id": "22708389", "bio": "", "photo": {"prefix": "https://igx.4sqi.net/img/user/", "suffix": "/VQXI5UFKDXEXOX00.jpg"}, "homeCity": "New York, NY", "lists": {"groups": [{"items": [], "count": 2, "type": "created"}]}}, {"tips": {"count": 0}, "contact": {"twitter": "ericxanny", "facebook": "100000002284863"}, "firstName": "Eric", "gender": "male", "lastName": "Tan", "id": "1444329", "bio": "", "photo": {"prefix": "https://igx.4sqi.net/img/user/", "suffix": "/XEGM5S3HKMNCWM1K.jpg"}, "homeCity": "Singapore", "lists": {"groups": [{"items": [], "count": 2, "type": "created"}]}}, {"tips": {"count": 0}, "contact": {}, "firstName": "Chris", "gender": "male", "lastName": "Ng", "id": "3698274", "bio": "", "photo": {"prefix": "https://igx.4sqi.net/img/user/", "suffix": "/blank_boy.png", "default": true}, "homeCity": "Singapore", "lists": {"groups": [{"items": [], "count": 2, "type": "created"}]}}, {"tips": {"count": 0}, "contact": {"facebook": "1153339058"}, "firstName": "Han", "gender": "female", "lastName": "Hanzi", "id": "18638182", "bio": "", "photo": {"prefix": "https://igx.4sqi.net/img/user/", "suffix": "/UMNJKEBO3LWMWZSV.jpg"}, "homeCity": "Singapore", "lists": {"groups": [{"items": [], "count": 2, "type": "created"}]}}, {"tips": {"count": 0}, "contact": {"facebook": "100002284800606"}, "firstName": "Low Chuan Teck", "gender": "male", "lastName": "Jarl", "id": "11812630", "bio": "", "photo": {"prefix": "https://igx.4sqi.net/img/user/", "suffix": "/blank_boy.png", "default": true}, "homeCity": "Singapore", "lists": {"groups": [{"items": [], "count": 2, "type": "created"}]}}, {"tips": {"count": 0}, "contact": {"facebook": "654521658"}, "firstName": "Jun", "gender": "male", "lastName": "Liang", "id": "13580560", "bio": "", "photo": {"prefix": "https://igx.4sqi.net/img/user/", "suffix": "/blank_boy.png", "default": true}, "homeCity": "Singapore", "lists": {"groups": [{"items": [], "count": 2, "type": "created"}]}}, {"tips": {"count": 0}, "contact": {"twitter": "travislowkm", "facebook": "619156810"}, "firstName": "Travis", "gender": "male", "lastName": "Low", "id": "1685694", "bio": "", "photo": {"prefix": "https://igx.4sqi.net/img/user/", "suffix": "/1685694-ZTV0REHSTF3KTTGH.jpg"}, "homeCity": "Singapore", "lists": {"groups": [{"items": [], "count": 2, "type": "created"}]}}, {"tips": {"count": 1}, "contact": {"twitter": "xignition", "facebook": "100000452976198"}, "firstName": "Yizhang", "gender": "male", "lastName": "Tan", "id": "4440867", "bio": "", "photo": {"prefix": "https://igx.4sqi.net/img/user/", "suffix": "/44PM4M5OJBTFQDOP.jpg"}, "homeCity": "Singapore", "lists": {"groups": [{"items": [], "count": 2, "type": "created"}]}}, {"tips": {"count": 7}, "contact": {"facebook": "725393778"}, "firstName": "Dusty", "gender": "none", "lastName": "Morgan", "id": "27505067", "bio": "", "photo": {"prefix": "https://igx.4sqi.net/img/user/", "suffix": "/WAHRHX1VX3VACGV3.jpg"}, "homeCity": "Singapore", "lists": {"groups": [{"items": [], "count": 2, "type": "created"}]}}, {"tips": {"count": 4}, "contact": {"twitter": "phangzhiyong", "facebook": "627265795"}, "firstName": "Phang", "gender": "male", "lastName": "Zhiyong", "id": "11830222", "bio": "", "photo": {"prefix": "https://igx.4sqi.net/img/user/", "suffix": "/WD1MG1BFNP05A5YI.jpg"}, "homeCity": "Singapore", "lists": {"groups": [{"items": [], "count": 2, "type": "created"}]}}, {"tips": {"count": 0}, "contact": {"twitter": "liewzhengyong", "facebook": "568728366"}, "firstName": "Zheng Yong", "gender": "male", "lastName": "Liew", "id": "2227793", "bio": "", "photo": {"prefix": "https://igx.4sqi.net/img/user/", "suffix": "/blank_boy.png", "default": true}, "homeCity": "Singapore", "lists": {"groups": [{"items": [], "count": 2, "type": "created"}]}}, {"tips": {"count": 0}, "contact": {"facebook": "564625972"}, "firstName": "Shaun", "gender": "male", "lastName": "Teo", "id": "4697763", "bio": "", "photo": {"prefix": "https://igx.4sqi.net/img/user/", "suffix": "/blank_boy.png", "default": true}, "homeCity": "Singapore", "lists": {"groups": [{"items": [], "count": 2, "type": "created"}]}}, {"tips": {"count": 0}, "contact": {"facebook": "553146025"}, "firstName": "Chad", "gender": "male", "lastName": "Tay", "id": "27563988", "bio": "", "photo": {"prefix": "https://igx.4sqi.net/img/user/", "suffix": "/AQMHJSV0T2ULTZAS.jpg"}, "homeCity": "New York, NY", "lists": {"groups": [{"items": [], "count": 2, "type": "created"}]}}, {"tips": {"count": 19}, "contact": {"twitter": "socially_cal"}, "firstName": "Calvin", "gender": "male", "lastName": "C.", "id": "2410258", "bio": "", "photo": {"prefix": "https://igx.4sqi.net/img/user/", "suffix": "/2410258-5N10X3Q02G4KEI0I.jpg"}, "homeCity": "Singapore", "lists": {"groups": [{"items": [], "count": 3, "type": "created"}]}}, {"tips": {"count": 2}, "contact": {"twitter": "happydevils", "facebook": "1005472330"}, "firstName": "Woshi", "gender": "none", "lastName": "Teng", "id": "4760222", "bio": "", "photo": {"prefix": "https://igx.4sqi.net/img/user/", "suffix": "/4WOYSBWA1MWYPQFR.jpg"}, "homeCity": "Singapore", "lists": {"groups": [{"items": [], "count": 2, "type": "created"}]}}, {"tips": {"count": 6}, "contact": {"facebook": "713668853"}, "firstName": "Marcus", "gender": "male", "lastName": "Damien", "id": "3002621", "bio": "", "photo": {"prefix": "https://igx.4sqi.net/img/user/", "suffix": "/T0KTY0VMEIMDMRXA.jpg"}, "homeCity": "Singapore", "lists": {"groups": [{"items": [], "count": 2, "type": "created"}]}}, {"tips": {"count": 0}, "contact": {"facebook": "623532124"}, "firstName": "Nicky", "gender": "male", "lastName": "Teo", "id": "6377067", "bio": "", "photo": {"prefix": "https://igx.4sqi.net/img/user/", "suffix": "/5EIZC5ECOGFFMQHU.jpg"}, "homeCity": "Singapore", "lists": {"groups": [{"items": [], "count": 2, "type": "created"}]}}, {"tips": {"count": 2}, "contact": {"twitter": "donshaikh"}, "firstName": "Don", "gender": "male", "lastName": "Shaikh", "id": "3006388", "bio": "", "photo": {"prefix": "https://igx.4sqi.net/img/user/", "suffix": "/3006388-CX3DBZZAYL2WL5XK.jpg"}, "homeCity": "Singapore", "lists": {"groups": [{"items": [], "count": 3, "type": "created"}]}}, {"tips": {"count": 3}, "contact": {"twitter": "jrthtnymn", "facebook": "503804727"}, "firstName": "Jareth", "gender": "male", "lastName": "Tan", "id": "8614611", "bio": "anything could happen", "photo": {"prefix": "https://igx.4sqi.net/img/user/", "suffix": "/8614611-B2VFZ34ZB53QQM0T.jpg"}, "homeCity": "Singapore", "lists": {"groups": [{"items": [], "count": 2, "type": "created"}]}}, {"tips": {"count": 1}, "contact": {"facebook": "779605829"}, "firstName": "Daniel", "gender": "male", "lastName": "Woon", "id": "3227244", "bio": "", "photo": {"prefix": "https://igx.4sqi.net/img/user/", "suffix": "/EQWL2KXM0YCHBCQU.jpg"}, "homeCity": "Singapore", "lists": {"groups": [{"items": [], "count": 2, "type": "created"}]}}, {"tips": {"count": 0}, "contact": {"twitter": "huangwq", "facebook": "651097101"}, "firstName": "Vic", "gender": "male", "lastName": "Huang", "id": "8690045", "bio": "", "photo": {"prefix": "https://igx.4sqi.net/img/user/", "suffix": "/blank_boy.png", "default": true}, "homeCity": "NY", "lists": {"groups": [{"items": [], "count": 2, "type": "created"}]}}, {"tips": {"count": 0}, "contact": {"twitter": "tohshuting"}, "firstName": "Sharon", "gender": "female", "lastName": "Toh shu ting", "id": "3421491", "bio": "", "photo": {"prefix": "https://igx.4sqi.net/img/user/", "suffix": "/YM1ZZDRQVCAFWAT2.jpg"}, "homeCity": "Singapore", "lists": {"groups": [{"items": [], "count": 2, "type": "created"}]}}, {"tips": {"count": 7}, "contact": {"twitter": "iamjoachimgnoel", "facebook": "573022428"}, "firstName": "Joachim", "gender": "male", "lastName": "Gnoel", "id": "6473401", "bio": "", "photo": {"prefix": "https://igx.4sqi.net/img/user/", "suffix": "/455TI53WUDSG3NSE.jpg"}, "homeCity": "Singapore", "lists": {"groups": [{"items": [], "count": 2, "type": "created"}]}}, {"tips": {"count": 0}, "contact": {"twitter": "grumpybunny93", "facebook": "100003094079530"}, "firstName": "Bunny", "gender": "male", "lastName": "Lovestostudy", "id": "19424546", "bio": "", "photo": {"prefix": "https://igx.4sqi.net/img/user/", "suffix": "/E53ZZMGOIEAIZECC.jpg"}, "homeCity": "Singapore", "lists": {"groups": [{"items": [], "count": 2, "type": "created"}]}}, {"tips": {"count": 0}, "contact": {"facebook": "100003584563121"}, "firstName": "Wee", "gender": "male", "lastName": "Kok", "id": "21931359", "bio": "", "photo": {"prefix": "https://igx.4sqi.net/img/user/", "suffix": "/FPF0RYG3HNJKT2HN.jpg"}, "homeCity": "New York, NY", "lists": {"groups": [{"items": [], "count": 2, "type": "created"}]}}], "count": 97}, "checksum": "d8f9e3375daf8e30018293276cfd21fa4c3c0814"}, "meta": {"requestId": "5966107edb04f562ee6864b4", "code": 200}}