{"notifications": [{"type": "notificationTray", "item": {"unreadCount": 0}}], "response": {"friends": {"items": [{"tips": {"count": 12}, "contact": {"twitter": "brainopera", "facebook": "15709327"}, "firstName": "Kevin", "gender": "male", "lastName": "Lim", "id": "97714", "bio": "Cyberculturalist", "photo": {"prefix": "https://igx.4sqi.net/img/user/", "suffix": "/FTLB3F3XODCPEUTX.jpg"}, "homeCity": "singapore, Singapore", "lists": {"groups": [{"items": [], "count": 9, "type": "created"}]}}, {"tips": {"count": 24}, "contact": {"twitter": "_albertmai", "facebook": "1123936919"}, "firstName": "Albert", "gender": "male", "lastName": "Mai", "id": "21340793", "bio": "Growth @ Airtasker. Aspiring entrepreneur. Startup enthusiast. Worked @ IMWT, ZeroMail, Dolphin Browser, TechInAsia.\r\nLove new tech, innovation and food.", "photo": {"prefix": "https://igx.4sqi.net/img/user/", "suffix": "/21340793-ISJYFEVMJSPSZJV1.jpg"}, "homeCity": "Sydney, NSW", "lists": {"groups": [{"items": [], "count": 2, "type": "created"}]}}, {"tips": {"count": 0}, "contact": {}, "firstName": "Wong", "gender": "none", "lastName": "C H", "id": "4350200", "bio": "", "photo": {"prefix": "https://igx.4sqi.net/img/user/", "suffix": "/blank_boy.png", "default": true}, "homeCity": "Singapore", "lists": {"groups": [{"items": [], "count": 2, "type": "created"}]}}, {"tips": {"count": 1}, "contact": {"twitter": "derekchan88", "facebook": "536804347"}, "firstName": "Derek", "gender": "male", "lastName": "Chan", "id": "279483", "bio": "", "photo": {"prefix": "https://igx.4sqi.net/img/user/", "suffix": "/MZIMYCGTWCKVVFCP.jpg"}, "homeCity": "Singapore", "lists": {"groups": [{"items": [], "count": 2, "type": "created"}]}}, {"tips": {"count": 0}, "contact": {"facebook": "686421220"}, "firstName": "Lin Chuan", "gender": "male", "lastName": "Cheng", "id": "409610", "bio": "", "photo": {"prefix": "https://igx.4sqi.net/img/user/", "suffix": "/1TR0B0QPE3GEXJDO.png"}, "homeCity": "Singapore", "lists": {"groups": [{"items": [], "count": 2, "type": "created"}]}}, {"tips": {"count": 7}, "contact": {"twitter": "raingrove", "facebook": "227700058"}, "firstName": "Pete", "gender": "male", "lastName": "Kim", "id": "364104", "bio": "Co-founder, Nitrous.IO", "photo": {"prefix": "https://igx.4sqi.net/img/user/", "suffix": "/3PF1KTRLMIS4JDWI.jpg"}, "homeCity": "Mountain View, CA", "lists": {"groups": [{"items": [], "count": 2, "type": "created"}]}}, {"tips": {"count": 5}, "contact": {"twitter": "lystyl"}, "firstName": "Vincent", "gender": "male", "id": "3771992", "bio": "", "photo": {"prefix": "https://igx.4sqi.net/img/user/", "suffix": "/3771992-O4UVSMANZN3RNTXO.jpg"}, "homeCity": "", "lists": {"groups": [{"items": [], "count": 4, "type": "created"}]}}, {"tips": {"count": 6}, "contact": {"twitter": "mohanbelani", "facebook": "227700817"}, "firstName": "Mohan", "gender": "male", "lastName": "Belani", "id": "7515537", "bio": "", "photo": {"prefix": "https://igx.4sqi.net/img/user/", "suffix": "/XT5E5GTJVVEIH2X5.jpg"}, "homeCity": "Singapore", "lists": {"groups": [{"items": [], "count": 2, "type": "created"}]}}, {"tips": {"count": 1}, "contact": {}, "firstName": "Kelly", "gender": "male", "lastName": "Choo", "id": "518327", "bio": "", "photo": {"prefix": "https://igx.4sqi.net/img/user/", "suffix": "/DOSFJ1OFBHQ2LQ3G.jpg"}, "homeCity": "Singapore", "lists": {"groups": [{"items": [], "count": 2, "type": "created"}]}}, {"tips": {"count": 6}, "contact": {"twitter": "sausheong", "facebook": "559348574"}, "firstName": "Sau Sheong", "gender": "male", "lastName": "Chang", "id": "230684", "bio": "", "photo": {"prefix": "https://igx.4sqi.net/img/user/", "suffix": "/AT4LG5BMCWUZVWGO.jpg"}, "homeCity": "Singapore", "lists": {"groups": [{"items": [], "count": 2, "type": "created"}]}}, {"tips": {"count": 30}, "contact": {"twitter": "seikatsu", "facebook": "680398792"}, "firstName": "Sten", "gender": "male", "lastName": "Tamkivi", "id": "1852885", "bio": "#skype #estonia #entrepreneur - about.me/sten", "photo": {"prefix": "https://igx.4sqi.net/img/user/", "suffix": "/5NMXZRQPWEDIQQDD.png"}, "homeCity": "Stanford, CA", "lists": {"groups": [{"items": [], "count": 3, "type": "created"}]}}, {"tips": {"count": 4}, "contact": {"facebook": "626493120"}, "firstName": "Mun  Yew", "gender": "male", "id": "1169016", "bio": "", "photo": {"prefix": "https://igx.4sqi.net/img/user/", "suffix": "/NJ453XAG0OZHZO4B.jpg"}, "homeCity": "Singapore", "lists": {"groups": [{"items": [], "count": 2, "type": "created"}]}}, {"tips": {"count": 39}, "contact": {}, "firstName": "Florian", "gender": "male", "id": "453465", "bio": "", "photo": {"prefix": "https://igx.4sqi.net/img/user/", "suffix": "/YGHEGJ1ASYYIQEAK.jpg"}, "homeCity": "Cambridge, UK", "lists": {"groups": [{"items": [], "count": 3, "type": "created"}]}}, {"tips": {"count": 24}, "contact": {"twitter": "alvtan", "facebook": "10154635032417705"}, "firstName": "Alvin", "gender": "male", "lastName": "Tan", "id": "181101", "bio": "", "photo": {"prefix": "https://igx.4sqi.net/img/user/", "suffix": "/RSPHFTKQSADHLQQY.jpg"}, "homeCity": "Singapore", "lists": {"groups": [{"items": [], "count": 2, "type": "created"}]}}, {"tips": {"count": 1}, "contact": {"facebook": "217975"}, "firstName": "Beng", "gender": "male", "lastName": "Yip", "id": "644768", "bio": "", "photo": {"prefix": "https://igx.4sqi.net/img/user/", "suffix": "/JPJR0443EGPZLJ5R.jpg"}, "homeCity": "Changi, Singapore", "lists": {"groups": [{"items": [], "count": 2, "type": "created"}]}}, {"tips": {"count": 0}, "contact": {}, "firstName": "Adil", "gender": "male", "lastName": "Ahmad", "id": "79206", "bio": "", "photo": {"prefix": "https://igx.4sqi.net/img/user/", "suffix": "/RHKES2FVBVCXELDS.jpg"}, "homeCity": "Singapore", "lists": {"groups": [{"items": [], "count": 2, "type": "created"}]}}, {"tips": {"count": 1}, "contact": {"facebook": "10152971377566816"}, "firstName": "Mark", "gender": "male", "lastName": "Suster", "id": "30843", "bio": "", "photo": {"prefix": "https://igx.4sqi.net/img/user/", "suffix": "/4a7d21b85051b.jpg"}, "homeCity": "Santa Monica, CA", "lists": {"groups": [{"items": [], "count": 3, "type": "created"}]}}, {"superuser": 1, "tips": {"count": 33}, "contact": {"twitter": "tara", "facebook": "825200443"}, "firstName": "Tara Tiger", "gender": "female", "lastName": "Brown", "id": "410", "bio": "@tara", "photo": {"prefix": "https://igx.4sqi.net/img/user/", "suffix": "/0ZDADW5F0QY35DFP.jpg"}, "homeCity": "Los Angeles", "lists": {"groups": [{"items": [], "count": 8, "type": "created"}]}}, {"superuser": 1, "tips": {"count": 26}, "contact": {"twitter": "jiinjoo", "facebook": "201562"}, "firstName": "Jiin Joo", "gender": "male", "lastName": "Ong", "id": "150744", "bio": "", "photo": {"prefix": "https://igx.4sqi.net/img/user/", "suffix": "/NSMMNEZUMMDVJPDR.jpg"}, "homeCity": "Singapore", "lists": {"groups": [{"items": [], "count": 2, "type": "created"}]}}, {"tips": {"count": 47}, "contact": {"twitter": "herklow", "facebook": "510308442"}, "firstName": "Herk", "gender": "male", "lastName": "Ng", "id": "787778", "bio": "", "photo": {"prefix": "https://igx.4sqi.net/img/user/", "suffix": "/O0GSKV1TWZBGPNAP.jpg"}, "homeCity": "Singapore", "lists": {"groups": [{"items": [], "count": 2, "type": "created"}]}}, {"tips": {"count": 1}, "contact": {"facebook": "677091629"}, "firstName": "Yat", "gender": "male", "lastName": "Siu", "id": "208537", "bio": "", "photo": {"prefix": "https://igx.4sqi.net/img/user/", "suffix": "/FFTO0M0JCU3GOECT.jpg"}, "homeCity": "Sydney, Australia", "lists": {"groups": [{"items": [], "count": 2, "type": "created"}]}}, {"tips": {"count": 0}, "contact": {"facebook": "666214354"}, "firstName": "Batara", "gender": "male", "lastName": "Eto", "id": "579274", "bio": "", "photo": {"prefix": "https://igx.4sqi.net/img/user/", "suffix": "/blank_boy.png", "default": true}, "homeCity": "\u6e2f\u533a, \u6771\u4eac\u90fd", "lists": {"groups": [{"items": [], "count": 2, "type": "created"}]}}, {"tips": {"count": 10}, "contact": {"twitter": "nseki", "facebook": "693372074"}, "firstName": "Nob", "gender": "male", "lastName": "Seki", "id": "173935", "bio": "Founder of FabFoundry, Platform for Hardware Startups & Creative Makers in NYC. Former Chief of Movable Type & Six Apart. Ex-Editor of Nikkei's Nikkei Computer", "photo": {"prefix": "https://igx.4sqi.net/img/user/", "suffix": "/TSD3UQZCHMHYJ3LG.jpg"}, "homeCity": "New York, NY", "lists": {"groups": [{"items": [], "count": 3, "type": "created"}]}}, {"superuser": 2, "tips": {"count": 24}, "contact": {}, "firstName": "Bernard", "gender": "male", "lastName": "Leong", "id": "99548", "bio": "", "photo": {"prefix": "https://igx.4sqi.net/img/user/", "suffix": "/-1_1258434298233.jpg"}, "homeCity": "Singapore", "lists": {"groups": [{"items": [], "count": 2, "type": "created"}]}}, {"tips": {"count": 0}, "contact": {}, "firstName": "Sandy", "gender": "female", "lastName": "Shen", "id": "7241635", "bio": "", "photo": {"prefix": "https://igx.4sqi.net/img/user/", "suffix": "/Z0YWSZFPZG1MGUJG.jpg"}, "homeCity": "New York, NY", "lists": {"groups": [{"items": [], "count": 2, "type": "created"}]}}, {"tips": {"count": 2}, "contact": {"twitter": "thorbenl", "facebook": "749086083"}, "firstName": "Thorben", "gender": "male", "lastName": "Linneberg", "id": "1191526", "bio": "", "photo": {"prefix": "https://igx.4sqi.net/img/user/", "suffix": "/MPFCSXOVLNAJMVVA.png"}, "homeCity": "Singapore", "lists": {"groups": [{"items": [], "count": 2, "type": "created"}]}}, {"tips": {"count": 4}, "contact": {"twitter": "rampok", "facebook": "534299587"}, "firstName": "Rama", "gender": "male", "lastName": "Mamuaya", "id": "417931", "bio": "", "photo": {"prefix": "https://igx.4sqi.net/img/user/", "suffix": "/A2BJD5UTPKDJCVRB.jpg"}, "homeCity": "Jakarta Selatan, DKI Jakarta", "lists": {"groups": [{"items": [], "count": 2, "type": "created"}]}}, {"tips": {"count": 12}, "contact": {"facebook": "100000366182326"}, "firstName": "sathiamoorthy", "gender": "male", "lastName": "krishnan", "id": "368363", "bio": "", "photo": {"prefix": "https://igx.4sqi.net/img/user/", "suffix": "/5WQXX1DXXEURIYVK.jpg"}, "homeCity": "Singapore", "lists": {"groups": [{"items": [], "count": 3, "type": "created"}]}}, {"tips": {"count": 0}, "contact": {"facebook": "679858728"}, "firstName": "Benson", "gender": "male", "lastName": "Quek", "id": "4246709", "bio": "", "photo": {"prefix": "https://igx.4sqi.net/img/user/", "suffix": "/MWJDYKTXRQ4NKZXR.jpg"}, "homeCity": "Singapore", "lists": {"groups": [{"items": [], "count": 2, "type": "created"}]}}, {"tips": {"count": 0}, "contact": {"facebook": "10101493078410693"}, "firstName": "Leon", "gender": "male", "lastName": "Leong", "id": "13844848", "bio": "", "photo": {"prefix": "https://igx.4sqi.net/img/user/", "suffix": "/HH2YMB2D0VAJJLMX.jpg"}, "homeCity": "Singapore", "lists": {"groups": [{"items": [], "count": 2, "type": "created"}]}}, {"tips": {"count": 0}, "contact": {}, "firstName": "Jason", "gender": "male", "lastName": "Pok", "id": "4280327", "bio": "", "photo": {"prefix": "https://igx.4sqi.net/img/user/", "suffix": "/blank_boy.png", "default": true}, "homeCity": "Singapore", "lists": {"groups": [{"items": [], "count": 2, "type": "created"}]}}, {"tips": {"count": 9}, "contact": {"twitter": "connections8"}, "firstName": "James", "gender": "male", "lastName": "Norquay", "id": "240459", "bio": "", "photo": {"prefix": "https://igx.4sqi.net/img/user/", "suffix": "/1B0UBWBRDDMOMU3G.jpg"}, "homeCity": "Oatley, NSW", "lists": {"groups": [{"items": [], "count": 2, "type": "created"}]}}, {"tips": {"count": 8}, "contact": {"twitter": "haroldgoh", "facebook": "669803715"}, "firstName": "Harold Goh", "gender": "male", "id": "1934102", "bio": "", "photo": {"prefix": "https://igx.4sqi.net/img/user/", "suffix": "/2G4UVAVC0VCC4EZT.jpg"}, "homeCity": "Singapore", "lists": {"groups": [{"items": [], "count": 2, "type": "created"}]}}, {"tips": {"count": 12}, "contact": {"twitter": "tista", "facebook": "10153145062267633"}, "firstName": "Batista", "gender": "male", "lastName": "Harahap", "id": "455125", "bio": "A web junkie with a perversion for mobile and location tech. Loves to write codes and blog posts and music anywhere anytime with anyone. Yes, less is MORE.", "photo": {"prefix": "https://igx.4sqi.net/img/user/", "suffix": "/EIMEVK4YIADV405Y.jpg"}, "homeCity": "Jakarta", "lists": {"groups": [{"items": [], "count": 2, "type": "created"}]}}, {"tips": {"count": 1}, "contact": {"facebook": "211661"}, "firstName": "Zaizhi", "gender": "male", "lastName": "Cheng", "id": "185192", "bio": "", "photo": {"prefix": "https://igx.4sqi.net/img/user/", "suffix": "/QCF5IKNBBB5CSJJN.jpg"}, "homeCity": "Singapore", "lists": {"groups": [{"items": [], "count": 2, "type": "created"}]}}, {"tips": {"count": 6}, "contact": {"twitter": "nikcub", "facebook": "500073819"}, "firstName": "Nik", "gender": "male", "lastName": "Cubrilovic", "id": "81640", "bio": "", "photo": {"prefix": "https://igx.4sqi.net/img/user/", "suffix": "/81640_1256963765098.jpg"}, "homeCity": "Wollongong, Australia", "lists": {"groups": [{"items": [], "count": 2, "type": "created"}]}}, {"tips": {"count": 1}, "contact": {}, "firstName": "Jupe", "gender": "male", "lastName": "Tan", "id": "32006", "bio": "", "photo": {"prefix": "https://igx.4sqi.net/img/user/", "suffix": "/blank_boy.png", "default": true}, "homeCity": "Sunnyvale, CA", "lists": {"groups": [{"items": [], "count": 2, "type": "created"}]}}, {"tips": {"count": 6}, "contact": {}, "firstName": "Vinnie", "gender": "male", "lastName": "Lauria", "id": "486", "bio": "", "photo": {"prefix": "https://igx.4sqi.net/img/user/", "suffix": "/486_1236480071.jpg"}, "homeCity": "San Francisco, CA", "lists": {"groups": [{"items": [], "count": 2, "type": "created"}]}}, {"tips": {"count": 1}, "contact": {"facebook": "522185745"}, "firstName": "Gerald", "gender": "male", "lastName": "Tock", "id": "150874", "bio": "", "photo": {"prefix": "https://igx.4sqi.net/img/user/", "suffix": "/DP135AXZUDHQTPMU.jpg"}, "homeCity": "Singapore", "lists": {"groups": [{"items": [], "count": 2, "type": "created"}]}}, {"tips": {"count": 0}, "contact": {"twitter": "sebas_ho", "facebook": "100000149834524"}, "firstName": "Sebastian", "gender": "male", "lastName": "Ho", "id": "954364", "bio": "", "photo": {"prefix": "https://igx.4sqi.net/img/user/", "suffix": "/MHWG3XR2DGGD5JOY.jpg"}, "homeCity": "Orchard, Singapore", "lists": {"groups": [{"items": [], "count": 2, "type": "created"}]}}, {"tips": {"count": 0}, "contact": {"twitter": "yusufg"}, "firstName": "Yusuf", "gender": "male", "lastName": "Goolamabbas", "id": "210947", "bio": "", "photo": {"prefix": "https://igx.4sqi.net/img/user/", "suffix": "/PP1ON4XUGH5IDRXR.jpg"}, "homeCity": "Happy Valley", "lists": {"groups": [{"items": [], "count": 2, "type": "created"}]}}, {"superuser": 1, "tips": {"count": 15}, "contact": {"twitter": "iamjohnlai", "facebook": "1232008250"}, "firstName": "John", "gender": "male", "lastName": "Lai", "id": "102817", "bio": "", "photo": {"prefix": "https://igx.4sqi.net/img/user/", "suffix": "/4ZTBPQMV5IOM3BCK.jpg"}, "homeCity": "Auckland", "lists": {"groups": [{"items": [], "count": 2, "type": "created"}]}}, {"tips": {"count": 0}, "contact": {"twitter": "hariadi_bali", "facebook": "1341541285"}, "firstName": "Hariadi", "gender": "male", "lastName": "Tya", "id": "1245231", "bio": "", "photo": {"prefix": "https://igx.4sqi.net/img/user/", "suffix": "/PGYESTWE0Z4KT1WW.jpg"}, "homeCity": "Kuta, Bali", "lists": {"groups": [{"items": [], "count": 2, "type": "created"}]}}, {"tips": {"count": 0}, "contact": {}, "firstName": "Jason", "gender": "male", "lastName": "Ng", "id": "16690838", "bio": "", "photo": {"prefix": "https://igx.4sqi.net/img/user/", "suffix": "/1VSHSPI4ZE3JS4ZT.jpg"}, "homeCity": "Santa Monica, CA", "lists": {"groups": [{"items": [], "count": 2, "type": "created"}]}}, {"tips": {"count": 0}, "contact": {"twitter": "svenbergryen", "facebook": "1252192144"}, "firstName": "Sven", "gender": "male", "lastName": "Ryen", "id": "245858", "bio": "", "photo": {"prefix": "https://igx.4sqi.net/img/user/", "suffix": "/NZV00XOBTBSQAETN.jpg"}, "homeCity": "Singapore", "lists": {"groups": [{"items": [], "count": 2, "type": "created"}]}}, {"tips": {"count": 0}, "contact": {}, "firstName": "Darius", "gender": "male", "lastName": "Cheung", "id": "2189539", "bio": "", "photo": {"prefix": "https://igx.4sqi.net/img/user/", "suffix": "/blank_boy.png", "default": true}, "homeCity": "Singapore", "lists": {"groups": [{"items": [], "count": 2, "type": "created"}]}}, {"tips": {"count": 3}, "contact": {"twitter": "christopheradam"}, "firstName": "Christopher", "gender": "male", "lastName": "Adams", "id": "462167", "bio": "", "photo": {"prefix": "https://igx.4sqi.net/img/user/", "suffix": "/JAC5OO4DSMFXDAS1.png"}, "homeCity": "Beijing, China", "lists": {"groups": [{"items": [], "count": 2, "type": "created"}]}}, {"tips": {"count": 21}, "contact": {"twitter": "mojuu", "facebook": "639661808"}, "firstName": "Morten", "gender": "male", "lastName": "Juul", "id": "294945", "bio": "", "photo": {"prefix": "https://igx.4sqi.net/img/user/", "suffix": "/EAP0Z0STVPPUVV5F.jpg"}, "homeCity": "Rio De Janeiro, Brasil", "lists": {"groups": [{"items": [], "count": 2, "type": "created"}]}}, {"superuser": 1, "tips": {"count": 2}, "contact": {"facebook": "715610576"}, "firstName": "Reid", "gender": "male", "lastName": "Hoffman", "id": "88402", "bio": "", "photo": {"prefix": "https://igx.4sqi.net/img/user/", "suffix": "/blank_boy.png", "default": true}, "homeCity": "Palo Alto, CA", "lists": {"groups": [{"items": [], "count": 2, "type": "created"}]}}, {"superuser": 3, "tips": {"count": 60}, "contact": {"twitter": "burnflare", "facebook": "227701303"}, "firstName": "Vishnu", "gender": "male", "lastName": "Prem", "id": "34032", "bio": "", "photo": {"prefix": "https://igx.4sqi.net/img/user/", "suffix": "/34032-T2KRHUMOZJZ52GQU.jpg"}, "homeCity": "Singapore", "lists": {"groups": [{"items": [], "count": 12, "type": "created"}]}}, {"superuser": 3, "tips": {"count": 32}, "contact": {"twitter": "joi", "facebook": "505656997"}, "firstName": "Joi", "gender": "male", "lastName": "Ito", "id": "587", "bio": "Director, MIT Media Lab", "photo": {"prefix": "https://igx.4sqi.net/img/user/", "suffix": "/587_1236720195.jpg"}, "homeCity": "Boston, MA", "lists": {"groups": [{"items": [], "count": 11, "type": "created"}]}}, {"superuser": 1, "tips": {"count": 21}, "contact": {"twitter": "acidflask", "facebook": "1917893"}, "firstName": "Jiahao", "gender": "male", "lastName": "Chen", "id": "152402", "bio": "", "photo": {"prefix": "https://igx.4sqi.net/img/user/", "suffix": "/C1ULRVC5R1M4ZV2R.jpg"}, "homeCity": "Boston, MA", "lists": {"groups": [{"items": [], "count": 2, "type": "created"}]}}, {"tips": {"count": 0}, "contact": {"facebook": "515964926"}, "firstName": "Sunil", "gender": "male", "lastName": "Coushik", "id": "963563", "bio": "", "photo": {"prefix": "https://igx.4sqi.net/img/user/", "suffix": "/blank_boy.png", "default": true}, "homeCity": "Mountain View, CA", "lists": {"groups": [{"items": [], "count": 2, "type": "created"}]}}, {"tips": {"count": 0}, "contact": {}, "firstName": "Leo", "gender": "male", "lastName": "Ku", "id": "211315", "bio": "", "photo": {"prefix": "https://igx.4sqi.net/img/user/", "suffix": "/blank_boy.png", "default": true}, "homeCity": "Hong Kong", "lists": {"groups": [{"items": [], "count": 2, "type": "created"}]}}, {"tips": {"count": 2}, "contact": {"facebook": "627343"}, "firstName": "Danny", "gender": "male", "lastName": "Tan", "id": "105788", "bio": "", "photo": {"prefix": "https://igx.4sqi.net/img/user/", "suffix": "/105788_1258708501765.jpg"}, "homeCity": "Singapore", "lists": {"groups": [{"items": [], "count": 2, "type": "created"}]}}, {"tips": {"count": 2}, "contact": {"facebook": "511669406"}, "firstName": "Frodine", "gender": "female", "lastName": "Lee", "id": "12242907", "bio": "", "photo": {"prefix": "https://igx.4sqi.net/img/user/", "suffix": "/G14Q3JOKKORU4AWI.jpg"}, "homeCity": "Singapore", "lists": {"groups": [{"items": [], "count": 2, "type": "created"}]}}, {"tips": {"count": 0}, "contact": {}, "firstName": "Samer", "gender": "male", "lastName": "Karam", "id": "17284605", "bio": "entrepreneur, investor, advisor, street photographer", "photo": {"prefix": "https://igx.4sqi.net/img/user/", "suffix": "/17284605-0DUCVEPGSNSGG3MU"}, "homeCity": "Beirut", "lists": {"groups": [{"items": [], "count": 2, "type": "created"}]}}, {"tips": {"count": 1}, "contact": {}, "firstName": "Prantik", "gender": "male", "lastName": "Mazumdar", "id": "246548", "bio": "", "photo": {"prefix": "https://igx.4sqi.net/img/user/", "suffix": "/blank_boy.png", "default": true}, "homeCity": "Singapore", "lists": {"groups": [{"items": [], "count": 2, "type": "created"}]}}, {"tips": {"count": 1}, "contact": {}, "firstName": "Bobbie", "gender": "male", "lastName": "Chan", "id": "3584317", "bio": "", "photo": {"prefix": "https://igx.4sqi.net/img/user/", "suffix": "/N4F2UIMG105OXFBE.jpg"}, "homeCity": "Singapore", "lists": {"groups": [{"items": [], "count": 2, "type": "created"}]}}, {"tips": {"count": 4}, "contact": {"twitter": "shinchi"}, "firstName": "shunjie", "gender": "male", "lastName": "hu", "id": "463657", "bio": "", "photo": {"prefix": "https://igx.4sqi.net/img/user/", "suffix": "/CA4YBOXEOEWZXR3A.png"}, "homeCity": "Bucharest, Romania", "lists": {"groups": [{"items": [], "count": 2, "type": "created"}]}}, {"tips": {"count": 0}, "contact": {}, "firstName": "Drew", "gender": "male", "lastName": "Crothers", "id": "296570", "bio": "", "photo": {"prefix": "https://igx.4sqi.net/img/user/", "suffix": "/blank_boy.png", "default": true}, "homeCity": "Toa Payoh, Singapore", "lists": {"groups": [{"items": [], "count": 2, "type": "created"}]}}, {"tips": {"count": 30}, "contact": {"twitter": "ngeow", "facebook": "501422322"}, "firstName": "Wu Han", "gender": "male", "lastName": "Ngeow", "id": "341196", "bio": "", "photo": {"prefix": "https://igx.4sqi.net/img/user/", "suffix": "/341196-ZYEBHBYYDSJFXT2R.jpg"}, "homeCity": "Petaling Jaya, Malaysia", "lists": {"groups": [{"items": [], "count": 5, "type": "created"}]}}, {"superuser": 1, "tips": {"count": 2}, "contact": {"twitter": "eugenelee", "facebook": "10153133090011204"}, "firstName": "Eugene", "gender": "male", "lastName": "Lee", "id": "44990", "bio": "", "photo": {"prefix": "https://igx.4sqi.net/img/user/", "suffix": "/5WCODXFGSWXMZZAL.jpg"}, "homeCity": "Palo Alto, CA", "lists": {"groups": [{"items": [], "count": 2, "type": "created"}]}}, {"tips": {"count": 13}, "contact": {"twitter": "suthakamal", "facebook": "28119028"}, "firstName": "Sutha", "gender": "male", "lastName": "Kamal", "id": "1697", "bio": "Living on a plane :-)", "photo": {"prefix": "https://igx.4sqi.net/img/user/", "suffix": "/3QBV3GVLILPMROND.jpg"}, "homeCity": "San Francisco, CA", "lists": {"groups": [{"items": [], "count": 4, "type": "created"}]}}, {"superuser": 1, "tips": {"count": 10}, "contact": {}, "firstName": "Qing", "gender": "female", "lastName": "Ru", "id": "156490", "bio": "technopreneur", "photo": {"prefix": "https://igx.4sqi.net/img/user/", "suffix": "/156490-BAK4OXT4YSY4QKOH.jpg"}, "homeCity": "Singapore", "lists": {"groups": [{"items": [], "count": 3, "type": "created"}]}}, {"tips": {"count": 0}, "contact": {"facebook": "503153225"}, "firstName": "Herryanto", "gender": "male", "lastName": "Siatono", "id": "1008546", "bio": "", "photo": {"prefix": "https://igx.4sqi.net/img/user/", "suffix": "/blank_boy.png", "default": true}, "homeCity": "Singapore", "lists": {"groups": [{"items": [], "count": 2, "type": "created"}]}}, {"superuser": 4, "tips": {"count": 143}, "contact": {"twitter": "josef", "facebook": "1132432918"}, "firstName": "Josef", "gender": "male", "lastName": "Dunne", "id": "212658", "bio": "Explorer \ud83e\udd81", "photo": {"prefix": "https://igx.4sqi.net/img/user/", "suffix": "/OUTYFRVD0BTZ55WQ.jpg"}, "homeCity": "London, England", "lists": {"groups": [{"items": [], "count": 49, "type": "created"}]}}, {"superuser": 2, "tips": {"count": 17}, "contact": {"twitter": "mikefoong", "facebook": "509289967"}, "firstName": "Michael", "gender": "male", "lastName": "Foong", "id": "107438", "bio": "", "photo": {"prefix": "https://igx.4sqi.net/img/user/", "suffix": "/DYY04MGOU1CVVH14.jpg"}, "homeCity": "Singapore, 038986", "lists": {"groups": [{"items": [], "count": 8, "type": "created"}]}}, {"tips": {"count": 0}, "contact": {"twitter": "samgellman", "facebook": "203326"}, "firstName": "Sam", "gender": "male", "lastName": "Gellman", "id": "26126743", "bio": "", "photo": {"prefix": "https://igx.4sqi.net/img/user/", "suffix": "/TQEFW1OTQYHJNIMI.jpg"}, "homeCity": "Hong Kong", "lists": {"groups": [{"items": [], "count": 2, "type": "created"}]}}, {"tips": {"count": 0}, "contact": {"facebook": "771905505"}, "firstName": "Ching", "gender": "male", "lastName": "Hao", "id": "17567504", "bio": "", "photo": {"prefix": "https://igx.4sqi.net/img/user/", "suffix": "/blank_boy.png", "default": true}, "homeCity": "Singapore", "lists": {"groups": [{"items": [], "count": 2, "type": "created"}]}}, {"tips": {"count": 0}, "contact": {"twitter": "eyalg"}, "firstName": "Eyal", "gender": "male", "lastName": "Gura", "id": "1420037", "bio": "", "photo": {"prefix": "https://igx.4sqi.net/img/user/", "suffix": "/N0P0Q20GMJJQRUPS.jpg"}, "homeCity": "Glil yam, Israel", "lists": {"groups": [{"items": [], "count": 2, "type": "created"}]}}, {"tips": {"count": 0}, "contact": {"twitter": "eddielu16", "facebook": "218459"}, "firstName": "Ed", "gender": "male", "lastName": "Lu", "id": "10418724", "bio": "", "photo": {"prefix": "https://igx.4sqi.net/img/user/", "suffix": "/EXITGRZQIXR3BE2H.jpg"}, "homeCity": "Sunnyvale, CA", "lists": {"groups": [{"items": [], "count": 3, "type": "created"}]}}, {"tips": {"count": 0}, "contact": {}, "firstName": "Yaw Shin", "gender": "male", "lastName": "Yeo", "id": "1227354", "bio": "", "photo": {"prefix": "https://igx.4sqi.net/img/user/", "suffix": "/blank_boy.png", "default": true}, "homeCity": "Singapore", "lists": {"groups": [{"items": [], "count": 2, "type": "created"}]}}, {"tips": {"count": 0}, "contact": {"facebook": "216883"}, "firstName": "Yen", "gender": "female", "lastName": "Yun", "id": "377495", "bio": "", "photo": {"prefix": "https://igx.4sqi.net/img/user/", "suffix": "/PZACJVXXMIA0DZFL.jpg"}, "homeCity": "San Francisco, CA", "lists": {"groups": [{"items": [], "count": 2, "type": "created"}]}}, {"tips": {"count": 0}, "contact": {}, "firstName": "Taavet", "gender": "male", "lastName": "Hinrikus", "id": "45309", "bio": "", "photo": {"prefix": "https://igx.4sqi.net/img/user/", "suffix": "/blank_boy.png", "default": true}, "homeCity": "London, UK", "lists": {"groups": [{"items": [], "count": 2, "type": "created"}]}}, {"tips": {"count": 35}, "contact": {"facebook": "704464198"}, "firstName": "Steve", "gender": "male", "lastName": "Tong", "id": "2173", "bio": "", "photo": {"prefix": "https://igx.4sqi.net/img/user/", "suffix": "/BOEKFSONC5SSVZJV.jpg"}, "homeCity": "Crescent, Oregon", "lists": {"groups": [{"items": [], "count": 2, "type": "created"}]}}, {"tips": {"count": 0}, "contact": {}, "firstName": "Ajay", "gender": "male", "lastName": "A", "id": "160308", "bio": "", "photo": {"prefix": "https://igx.4sqi.net/img/user/", "suffix": "/blank_boy.png", "default": true}, "homeCity": "Boston, Ma", "lists": {"groups": [{"items": [], "count": 2, "type": "created"}]}}, {"tips": {"count": 3}, "contact": {"twitter": "rboyd", "facebook": "734765467"}, "firstName": "Robert", "gender": "male", "lastName": "Boyd", "id": "1019925", "bio": "", "photo": {"prefix": "https://igx.4sqi.net/img/user/", "suffix": "/A1HIZTGDZ0BBNL0L.jpg"}, "homeCity": "Columbia, Missouri", "lists": {"groups": [{"items": [], "count": 2, "type": "created"}]}}, {"tips": {"count": 0}, "contact": {}, "firstName": "Anuj", "gender": "male", "lastName": "Bheda", "id": "213866", "bio": "Engineer", "photo": {"prefix": "https://igx.4sqi.net/img/user/", "suffix": "/25RSHPK4JUGXY44B.jpg"}, "homeCity": "Cambridge, MA", "lists": {"groups": [{"items": [], "count": 2, "type": "created"}]}}, {"superuser": 1, "tips": {"count": 6}, "contact": {"twitter": "garryhuang", "facebook": "227700479"}, "firstName": "Garry", "gender": "male", "lastName": "Huang", "id": "107698", "bio": "", "photo": {"prefix": "https://igx.4sqi.net/img/user/", "suffix": "/VC0XSLIBSGX2HUWL.jpg"}, "homeCity": "Singapore", "lists": {"groups": [{"items": [], "count": 2, "type": "created"}]}}, {"tips": {"count": 0}, "contact": {"twitter": "giaochi", "facebook": "504178799"}, "firstName": "Annie", "gender": "female", "lastName": "Phan", "id": "17707871", "bio": "", "photo": {"prefix": "https://igx.4sqi.net/img/user/", "suffix": "/AS1OW4OL4YSQOUEY.jpg"}, "homeCity": "San Francisco, CA", "lists": {"groups": [{"items": [], "count": 2, "type": "created"}]}}, {"tips": {"count": 0}, "contact": {"facebook": "214870"}, "firstName": "Bjorn", "gender": "male", "lastName": "Lee", "id": "15899096", "bio": "", "photo": {"prefix": "https://igx.4sqi.net/img/user/", "suffix": "/NX42SAYOADCKJFHS.jpg"}, "homeCity": "Mountain View, CA", "lists": {"groups": [{"items": [], "count": 2, "type": "created"}]}}, {"superuser": 3, "tips": {"count": 98}, "contact": {"twitter": "aka_me", "facebook": "10153302236886115"}, "firstName": "Paul", "gender": "male", "lastName": "Baron", "id": "378796", "bio": "Service designer, Startups, UX, Crossfit, Running, Space. Partner at digital agency @AQworks & cultural non-profit @TokyoArtBeat_en.", "photo": {"prefix": "https://igx.4sqi.net/img/user/", "suffix": "/-WVSHTBHPI5PMLJHB.jpg"}, "homeCity": "Tokyo", "lists": {"groups": [{"items": [], "count": 23, "type": "created"}]}}, {"tips": {"count": 0}, "contact": {"twitter": "chiaki"}, "firstName": "chiaki", "gender": "female", "lastName": "hayashi", "id": "797508", "bio": "", "photo": {"prefix": "https://igx.4sqi.net/img/user/", "suffix": "/IDSODMJHGDBBPIZB.gif"}, "homeCity": "\u6771\u4eac\u90fd, \u65e5\u672c", "lists": {"groups": [{"items": [], "count": 2, "type": "created"}]}}, {"tips": {"count": 0}, "contact": {}, "firstName": "Siqi", "gender": "male", "lastName": "Chen", "id": "3011", "bio": "", "photo": {"prefix": "https://igx.4sqi.net/img/user/", "suffix": "/blank_boy.png", "default": true}, "homeCity": "San Francisco, CA", "lists": {"groups": [{"items": [], "count": 2, "type": "created"}]}}, {"tips": {"count": 13}, "contact": {"facebook": "558435171"}, "firstName": "kunz", "gender": "male", "lastName": "daniel", "id": "4227126", "bio": "", "photo": {"prefix": "https://igx.4sqi.net/img/user/", "suffix": "/IYSKBM0NC5VI2CKN.jpg"}, "homeCity": "Singapore", "lists": {"groups": [{"items": [], "count": 2, "type": "created"}]}}, {"tips": {"count": 10}, "contact": {"twitter": "catchtorolav", "facebook": "1067157203300249"}, "firstName": "Tor Olav", "gender": "male", "lastName": "Haugen", "id": "1142598", "bio": "Co-Founder & CEO in ThumbAd.com\r\nhttp://no.linkedin.com/in/torolav", "photo": {"prefix": "https://igx.4sqi.net/img/user/", "suffix": "/DJVRMU2S5OQBLDIV.jpg"}, "homeCity": "Vollen, Norway", "lists": {"groups": [{"items": [], "count": 2, "type": "created"}]}}, {"tips": {"count": 2}, "contact": {}, "firstName": "Richard", "gender": "male", "lastName": "Tso", "id": "219633", "bio": "", "photo": {"prefix": "https://igx.4sqi.net/img/user/", "suffix": "/blank_boy.png", "default": true}, "homeCity": "Palo Alto, CA", "lists": {"groups": [{"items": [], "count": 2, "type": "created"}]}}, {"tips": {"count": 5}, "contact": {"twitter": "jarrold"}, "firstName": "Jarrold", "gender": "male", "lastName": "Ong", "id": "107705", "bio": "", "photo": {"prefix": "https://igx.4sqi.net/img/user/", "suffix": "/4HIX5JD2TUNZO4PL.jpg"}, "homeCity": "Singapore, ", "lists": {"groups": [{"items": [], "count": 2, "type": "created"}]}}, {"tips": {"count": 8}, "contact": {"facebook": "4804137"}, "firstName": "Keith", "gender": "male", "lastName": "Oh", "id": "53574569", "bio": "", "photo": {"prefix": "https://igx.4sqi.net/img/user/", "suffix": "/WLNVKNUZTMMJKJXQ.jpg"}, "homeCity": "Melbourne, VIC", "lists": {"groups": [{"items": [], "count": 2, "type": "created"}]}}, {"tips": {"count": 6}, "contact": {"twitter": "keizng", "facebook": "524851846"}, "firstName": "Keith", "gender": "male", "lastName": "Ng", "id": "385853", "bio": "", "photo": {"prefix": "https://igx.4sqi.net/img/user/", "suffix": "/385853-MNZHP24E4FHOYMM5"}, "homeCity": "Singapore", "lists": {"groups": [{"items": [], "count": 2, "type": "created"}]}}, {"tips": {"count": 10}, "contact": {"twitter": "tonystubblebine", "facebook": "547740762"}, "firstName": "Tony", "gender": "male", "lastName": "Stubblebine", "id": "15981", "bio": "Startup nerd. Human potential nerd. Founder of @coachdotme", "photo": {"prefix": "https://igx.4sqi.net/img/user/", "suffix": "/15981-DWI5ACXJ5OBKWXI4.jpg"}, "homeCity": "Fort Greene, Brooklyn, NY", "lists": {"groups": [{"items": [], "count": 3, "type": "created"}]}}, {"tips": {"count": 0}, "contact": {"facebook": "697566673"}, "firstName": "Hian", "gender": "male", "lastName": "Goh", "id": "16875694", "bio": "", "photo": {"prefix": "https://igx.4sqi.net/img/user/", "suffix": "/DGIXYDLPOL4FJZNB.jpg"}, "homeCity": "Singapore", "lists": {"groups": [{"items": [], "count": 2, "type": "created"}]}}, {"tips": {"count": 0}, "contact": {"facebook": "611572863"}, "firstName": "Sam", "gender": "male", "lastName": "Hon", "id": "1261389", "bio": "", "photo": {"prefix": "https://igx.4sqi.net/img/user/", "suffix": "/1261389-5QC1AETRGNHKCFRT.jpg"}, "homeCity": "Namyangju-si, Gyeonggi-do", "lists": {"groups": [{"items": [], "count": 2, "type": "created"}]}}, {"tips": {"count": 0}, "contact": {}, "firstName": "Kazuya", "gender": "male", "lastName": "Minami", "id": "222689", "bio": "Photo walking, wearable dancing.", "photo": {"prefix": "https://igx.4sqi.net/img/user/", "suffix": "/JUJUAKLKBJ3ZBLJV.jpg"}, "homeCity": "Tokyo, Japan", "lists": {"groups": [{"items": [], "count": 2, "type": "created"}]}}, {"superuser": 1, "tips": {"count": 81}, "contact": {"twitter": "joonian", "facebook": "10103736221933099"}, "firstName": "Joon Ian", "gender": "male", "lastName": "Wong", "id": "108251", "bio": "London", "photo": {"prefix": "https://igx.4sqi.net/img/user/", "suffix": "/108251-QD4IFQPQTVJMG5WO.jpg"}, "homeCity": "London", "lists": {"groups": [{"items": [], "count": 5, "type": "created"}]}}, {"tips": {"count": 22}, "contact": {"twitter": "scott_allison", "facebook": "1000645756612157"}, "firstName": "Scott", "gender": "male", "lastName": "Allison", "id": "390137", "bio": "Scottish founder and CEO of Teamly, a 500 Startups company.", "photo": {"prefix": "https://igx.4sqi.net/img/user/", "suffix": "/55WANX5KVTN1NKK1.jpg"}, "homeCity": "Mountain View, CA", "lists": {"groups": [{"items": [], "count": 2, "type": "created"}]}}, {"superuser": 1, "tips": {"count": 3}, "contact": {"twitter": "rafer", "facebook": "631166328"}, "firstName": "Scott", "gender": "male", "lastName": "Rafer", "id": "19825", "bio": "", "photo": {"prefix": "https://igx.4sqi.net/img/user/", "suffix": "/4a616d622f097.png"}, "homeCity": "San Francisco, CA", "lists": {"groups": [{"items": [], "count": 4, "type": "created"}]}}, {"tips": {"count": 0}, "contact": {}, "firstName": "soma", "gender": "male", "lastName": "N S", "id": "1291870", "bio": "", "photo": {"prefix": "https://igx.4sqi.net/img/user/", "suffix": "/blank_boy.png", "default": true}, "homeCity": "Singapore", "lists": {"groups": [{"items": [], "count": 2, "type": "created"}]}}, {"tips": {"count": 51}, "contact": {"twitter": "laurenceputra"}, "firstName": "Laurence", "gender": "male", "id": "2507864", "bio": "A geek who just wants to make the world a better place.", "photo": {"prefix": "https://igx.4sqi.net/img/user/", "suffix": "/JSZ04QSHO55GF3GM.jpg"}, "homeCity": "Jakarta, Indonesia", "lists": {"groups": [{"items": [], "count": 9, "type": "created"}]}}, {"tips": {"count": 11}, "contact": {}, "firstName": "Preetam", "gender": "male", "lastName": "Rai", "id": "108300", "bio": "", "photo": {"prefix": "https://igx.4sqi.net/img/user/", "suffix": "/blank_boy.png", "default": true}, "homeCity": "Tokyo, Japan", "lists": {"groups": [{"items": [], "count": 2, "type": "created"}]}}, {"tips": {"count": 0}, "contact": {"twitter": "jasonong"}, "firstName": "Jason", "gender": "male", "lastName": "Ong", "id": "624486", "bio": "", "photo": {"prefix": "https://igx.4sqi.net/img/user/", "suffix": "/blank_boy.png", "default": true}, "homeCity": "Singapore", "lists": {"groups": [{"items": [], "count": 2, "type": "created"}]}}, {"tips": {"count": 0}, "contact": {"facebook": "655083123"}, "firstName": "Khan", "gender": "male", "lastName": "Yow", "id": "21019", "bio": "", "photo": {"prefix": "https://igx.4sqi.net/img/user/", "suffix": "/JAOXMQV14JRUBTTL.jpg"}, "homeCity": "Singapore", "lists": {"groups": [{"items": [], "count": 2, "type": "created"}]}}, {"tips": {"count": 0}, "contact": {}, "firstName": "Lester", "gender": "male", "lastName": "Kok", "id": "1321851", "bio": "", "photo": {"prefix": "https://igx.4sqi.net/img/user/", "suffix": "/FLPRIRXAB4XOFMP1.jpg"}, "homeCity": "Singapore", "lists": {"groups": [{"items": [], "count": 2, "type": "created"}]}}, {"tips": {"count": 5}, "contact": {"twitter": "uum", "facebook": "722540581"}, "firstName": "Bastian", "gender": "male", "lastName": "D\u00f6hling", "id": "2509257", "bio": "Dynamic, creative and eclectic with a modern mindset, a solid history and a belief in the future.", "photo": {"prefix": "https://igx.4sqi.net/img/user/", "suffix": "/P2MCSUIDNDWHZDN1.jpg"}, "homeCity": "Singapore", "lists": {"groups": [{"items": [], "count": 7, "type": "created"}]}}, {"tips": {"count": 1}, "contact": {"twitter": "benkoe", "facebook": "710820410"}, "firstName": "Benjamin", "gender": "male", "lastName": "Koe", "id": "108471", "bio": "", "photo": {"prefix": "https://igx.4sqi.net/img/user/", "suffix": "/20NIUNAU22WLVN1P.jpg"}, "homeCity": "Singapore", "lists": {"groups": [{"items": [], "count": 2, "type": "created"}]}}, {"tips": {"count": 1}, "contact": {"twitter": "vzent", "facebook": "520100739"}, "firstName": "Vincent", "gender": "male", "lastName": "Lai", "id": "769210", "bio": "", "photo": {"prefix": "https://igx.4sqi.net/img/user/", "suffix": "/EXEGEFG1PARHQ2I4.jpg"}, "homeCity": "Sentosa Island, Singapore", "lists": {"groups": [{"items": [], "count": 2, "type": "created"}]}}, {"tips": {"count": 0}, "contact": {}, "firstName": "Calvin", "gender": "male", "lastName": "Cheng", "id": "21661", "bio": "", "photo": {"prefix": "https://igx.4sqi.net/img/user/", "suffix": "/2BC4WZIRCOXQ2FGM.jpg"}, "homeCity": "Singapore", "lists": {"groups": [{"items": [], "count": 2, "type": "created"}]}}, {"tips": {"count": 0}, "contact": {"facebook": "742461638"}, "firstName": "Weikang", "gender": "male", "lastName": "Lee", "id": "1392700", "bio": "", "photo": {"prefix": "https://igx.4sqi.net/img/user/", "suffix": "/5NGKAXWCOF2YJCUI.jpg"}, "homeCity": "Singapore", "lists": {"groups": [{"items": [], "count": 2, "type": "created"}]}}, {"tips": {"count": 3}, "contact": {"twitter": "gwendolynregina", "facebook": "227700623"}, "firstName": "Gwendolyn", "gender": "female", "lastName": "Regina", "id": "3669430", "bio": "Solve problems, make art, think deeply, because life is an adventure", "photo": {"prefix": "https://igx.4sqi.net/img/user/", "suffix": "/3669430-UVBMSHEL0PNXNM5M.jpg"}, "homeCity": "Singapore", "lists": {"groups": [{"items": [], "count": 25, "type": "created"}]}}, {"tips": {"count": 4}, "contact": {}, "firstName": "weizhu", "gender": "male", "superuser": 1, "id": "108684", "bio": "", "photo": {"prefix": "https://igx.4sqi.net/img/user/", "suffix": "/108684_1258740823335.jpg"}, "homeCity": "Singapore", "lists": {"groups": [{"items": [], "count": 2, "type": "created"}]}}, {"tips": {"count": 0}, "contact": {"twitter": "edenlau", "facebook": "670028363"}, "firstName": "Eden", "gender": "male", "lastName": "Lau", "id": "1527477", "bio": "", "photo": {"prefix": "https://igx.4sqi.net/img/user/", "suffix": "/3FZDXURB24XT1ETD.gif"}, "homeCity": "Hong Kong", "lists": {"groups": [{"items": [], "count": 2, "type": "created"}]}}, {"tips": {"count": 8}, "contact": {"twitter": "imf", "facebook": "647338592"}, "firstName": "Ian", "gender": "male", "lastName": "McFarland", "id": "26021", "bio": "", "photo": {"prefix": "https://igx.4sqi.net/img/user/", "suffix": "/4a73c3582a493.jpg"}, "homeCity": "San Francisco", "lists": {"groups": [{"items": [], "count": 4, "type": "created"}]}}, {"tips": {"count": 4}, "contact": {"twitter": "mukund", "facebook": "537147211"}, "firstName": "Mukund", "gender": "male", "lastName": "Mohan", "id": "2021008", "bio": "", "photo": {"prefix": "https://igx.4sqi.net/img/user/", "suffix": "/JCORHQ55YCHK10AD.jpg"}, "homeCity": "Austin, tx", "lists": {"groups": [{"items": [], "count": 3, "type": "created"}]}}, {"tips": {"count": 35}, "contact": {"twitter": "yjsoon", "facebook": "207017"}, "firstName": "yjsoon", "gender": "male", "superuser": 2, "id": "109897", "bio": "", "photo": {"prefix": "https://igx.4sqi.net/img/user/", "suffix": "/1AGEFZ5053DJLMIQ.jpg"}, "homeCity": "Singapore", "lists": {"groups": [{"items": [], "count": 8, "type": "created"}]}}, {"tips": {"count": 6}, "contact": {}, "firstName": "Yong Song", "gender": "male", "lastName": "Pang", "id": "4812152", "bio": "", "photo": {"prefix": "https://igx.4sqi.net/img/user/", "suffix": "/VTXULM0UM0WI50DI.jpg"}, "homeCity": "Singapore", "lists": {"groups": [{"items": [], "count": 2, "type": "created"}]}}, {"tips": {"count": 71}, "contact": {"twitter": "mcmurrak", "facebook": "6401"}, "firstName": "Kirk", "gender": "male", "lastName": "McMurray", "id": "26330", "bio": "Co-Founder & CEO @PressTotem \u2022 Co-Founder @VorayApp & @Melba \u2022 Former CEO @Cognition \u2022 Former CPO @Cerego #omnologist #singularitarian", "photo": {"prefix": "https://igx.4sqi.net/img/user/", "suffix": "/4a8bdbdc8ce59.jpg"}, "homeCity": "New York, NY", "lists": {"groups": [{"items": [], "count": 7, "type": "created"}]}}, {"tips": {"count": 0}, "contact": {}, "firstName": "Teru", "gender": "male", "lastName": "Sato", "id": "2038928", "bio": "", "photo": {"prefix": "https://igx.4sqi.net/img/user/", "suffix": "/ZM3BFLMDTQGYZLLU.jpg"}, "homeCity": "\u76ee\u9ed2\u533a, \u65e5\u672c", "lists": {"groups": [{"items": [], "count": 2, "type": "created"}]}}, {"tips": {"count": 0}, "contact": {"twitter": "prashantsarkar", "facebook": "220942"}, "firstName": "Prashant", "gender": "male", "lastName": "Sarkar", "id": "110058", "bio": "", "photo": {"prefix": "https://igx.4sqi.net/img/user/", "suffix": "/-1_1258736079509.jpg"}, "homeCity": "Chennai, India", "lists": {"groups": [{"items": [], "count": 2, "type": "created"}]}}, {"superuser": 1, "tips": {"count": 26}, "contact": {"twitter": "geekonomics", "facebook": "10153225028235312"}, "firstName": "Nicholas Aaron", "gender": "male", "lastName": "Khoo", "id": "50252", "bio": "", "photo": {"prefix": "https://igx.4sqi.net/img/user/", "suffix": "/50252_1259979403368.jpg"}, "homeCity": "Singapore", "lists": {"groups": [{"items": [], "count": 5, "type": "created"}]}}, {"tips": {"count": 1}, "contact": {}, "firstName": "Serena", "gender": "female", "lastName": "Wong", "id": "2053983", "bio": "", "photo": {"prefix": "https://igx.4sqi.net/img/user/", "suffix": "/blank_girl.png", "default": true}, "homeCity": "Hong Kong", "lists": {"groups": [{"items": [], "count": 2, "type": "created"}]}}, {"superuser": 2, "tips": {"count": 2}, "contact": {"twitter": "victed"}, "firstName": "Vic", "gender": "male", "lastName": "Ted", "id": "111937", "bio": "", "photo": {"prefix": "https://igx.4sqi.net/img/user/", "suffix": "/5XUMKZLKBORAKPIP.jpg"}, "homeCity": "Singapore", "lists": {"groups": [{"items": [], "count": 2, "type": "created"}]}}, {"tips": {"count": 10}, "contact": {"twitter": "jpaine", "facebook": "10104732716135755"}, "firstName": "Jeffrey", "gender": "male", "lastName": "Paine", "id": "52240", "bio": "", "photo": {"prefix": "https://igx.4sqi.net/img/user/", "suffix": "/blank_boy.png", "default": true}, "homeCity": "Singapore", "lists": {"groups": [{"items": [], "count": 3, "type": "created"}]}}, {"tips": {"count": 7}, "contact": {"twitter": "sgpkop"}, "firstName": "Mike", "gender": "male", "lastName": "Ang", "id": "2228525", "bio": "", "photo": {"prefix": "https://igx.4sqi.net/img/user/", "suffix": "/NFA2I0MYSLFFSMXR.jpg"}, "homeCity": "Singapore", "lists": {"groups": [{"items": [], "count": 2, "type": "created"}]}}, {"superuser": 2, "tips": {"count": 36}, "contact": {"twitter": "cerventus", "facebook": "510442171"}, "firstName": "Daniel", "gender": "male", "lastName": "Cerventus", "id": "112187", "bio": "", "photo": {"prefix": "https://igx.4sqi.net/img/user/", "suffix": "/2BZEELUERDHAPLMG.png"}, "homeCity": "Petaling Jaya, Selangor", "lists": {"groups": [{"items": [], "count": 3, "type": "created"}]}}, {"tips": {"count": 0}, "contact": {}, "firstName": "Enlai", "gender": "male", "lastName": "Chu", "id": "56351", "bio": "", "photo": {"prefix": "https://igx.4sqi.net/img/user/", "suffix": "/-1_1254988866148.jpg"}, "homeCity": "San Francisco, CA", "lists": {"groups": [{"items": [], "count": 2, "type": "created"}]}}, {"tips": {"count": 0}, "contact": {}, "firstName": "Siok Sian", "gender": "female", "lastName": "Tham", "id": "4158161", "bio": "", "photo": {"prefix": "https://igx.4sqi.net/img/user/", "suffix": "/YEPUTH1VM3VBHL30.jpg"}, "homeCity": "Singapore", "lists": {"groups": [{"items": [], "count": 2, "type": "created"}]}}, {"tips": {"count": 19}, "contact": {"twitter": "lucian"}, "firstName": "Lucian", "gender": "male", "lastName": "Teo", "id": "112245", "bio": "", "photo": {"prefix": "https://igx.4sqi.net/img/user/", "suffix": "/112245_1259133849630.jpg"}, "homeCity": "Singapore", "lists": {"groups": [{"items": [], "count": 2, "type": "created"}]}}, {"tips": {"count": 11}, "contact": {"twitter": "joshr", "facebook": "841190244"}, "firstName": "Josh", "gender": "male", "lastName": "Russell", "id": "56629", "bio": "currently: TBD. previously: commercial #strategy @GDSteam, #founder @BonfireIM, #UX @Microsoft, #product @ComicRelief", "photo": {"prefix": "https://igx.4sqi.net/img/user/", "suffix": "/56629-CF0FZI22DJI2RUP2.jpg"}, "homeCity": "London, UK", "lists": {"groups": [{"items": [], "count": 3, "type": "created"}]}}, {"tips": {"count": 1}, "contact": {}, "firstName": "Shi-Hua", "gender": "female", "lastName": "Teh", "id": "5233375", "bio": "", "photo": {"prefix": "https://igx.4sqi.net/img/user/", "suffix": "/RCTJPMJXGWUO4DRX.jpg"}, "homeCity": "Singapore", "lists": {"groups": [{"items": [], "count": 2, "type": "created"}]}}, {"tips": {"count": 0}, "contact": {"twitter": "mattrigbye", "facebook": "657139807"}, "firstName": "Matthew", "gender": "male", "lastName": "Rigbye", "id": "112576", "bio": "", "photo": {"prefix": "https://igx.4sqi.net/img/user/", "suffix": "/J4RJYU0ZQCANSI4J.png"}, "homeCity": "Singapore", "lists": {"groups": [{"items": [], "count": 3, "type": "created"}]}}, {"tips": {"count": 1}, "contact": {"twitter": "djtokyo"}, "firstName": "Hiro", "gender": "male", "lastName": "Maeda", "id": "61180", "bio": "", "photo": {"prefix": "https://igx.4sqi.net/img/user/", "suffix": "/ASRFEM03VBGEMEJI.jpg"}, "homeCity": "\u5343\u4ee3\u7530\u533a, \u6771\u4eac\u90fd", "lists": {"groups": [{"items": [], "count": 2, "type": "created"}]}}, {"tips": {"count": 0}, "contact": {}, "firstName": "Harville", "gender": "male", "lastName": "Tan", "id": "6127134", "bio": "", "photo": {"prefix": "https://igx.4sqi.net/img/user/", "suffix": "/HH43RSQ4LW50IQDG.jpg"}, "homeCity": "Singapore", "lists": {"groups": [{"items": [], "count": 2, "type": "created"}]}}, {"tips": {"count": 7}, "contact": {"facebook": "10153305795082881"}, "firstName": "Martin", "gender": "male", "lastName": "Henwood", "id": "500729", "bio": "", "photo": {"prefix": "https://igx.4sqi.net/img/user/", "suffix": "/LL5TTQC2ICGU3LLV.jpg"}, "homeCity": "Singapore, SG", "lists": {"groups": [{"items": [], "count": 6, "type": "created"}]}}, {"tips": {"count": 4}, "contact": {"twitter": "bigsurf", "facebook": "227700001"}, "firstName": "Justin", "gender": "male", "lastName": "Lee", "id": "61278", "bio": "", "photo": {"prefix": "https://igx.4sqi.net/img/user/", "suffix": "/blank_boy.png", "default": true}, "homeCity": "Singapore", "lists": {"groups": [{"items": [], "count": 2, "type": "created"}]}}, {"tips": {"count": 0}, "contact": {"facebook": "563855699"}, "firstName": "Julia", "gender": "female", "lastName": "Chan", "id": "6360721", "bio": "", "photo": {"prefix": "https://igx.4sqi.net/img/user/", "suffix": "/blank_girl.png", "default": true}, "homeCity": "Singapore", "lists": {"groups": [{"items": [], "count": 2, "type": "created"}]}}, {"tips": {"count": 0}, "contact": {}, "firstName": "Young", "gender": "male", "lastName": "Fong", "id": "503659", "bio": "", "photo": {"prefix": "https://igx.4sqi.net/img/user/", "suffix": "/blank_boy.png", "default": true}, "homeCity": "Singapore", "lists": {"groups": [{"items": [], "count": 2, "type": "created"}]}}, {"superuser": 1, "tips": {"count": 4}, "contact": {}, "firstName": "Ruiwen", "gender": "male", "lastName": "Chua", "id": "76721", "bio": "", "photo": {"prefix": "https://igx.4sqi.net/img/user/", "suffix": "/76721_1259301235465.jpg"}, "homeCity": "Singapore", "lists": {"groups": [{"items": [], "count": 2, "type": "created"}]}}, {"tips": {"count": 1}, "contact": {"facebook": "542104314"}, "firstName": "Jia Hui", "gender": "female", "lastName": "Lim", "id": "13514734", "bio": "", "photo": {"prefix": "https://igx.4sqi.net/img/user/", "suffix": "/YJWFPCXHREUNKRTL.jpg"}, "homeCity": "Singapore", "lists": {"groups": [{"items": [], "count": 2, "type": "created"}]}}, {"tips": {"count": 0}, "contact": {"facebook": "604196905"}, "firstName": "Frank", "gender": "male", "lastName": "Lee", "id": "15926040", "bio": "", "photo": {"prefix": "https://igx.4sqi.net/img/user/", "suffix": "/4BETQ2QTDKURUVHH.jpg"}, "homeCity": "Singapore", "lists": {"groups": [{"items": [], "count": 2, "type": "created"}]}}, {"tips": {"count": 234}, "contact": {"twitter": "skinnylatte", "facebook": "10157136597960265"}, "firstName": "Adrianna", "gender": "male", "lastName": "Tan", "id": "113201", "bio": "", "photo": {"prefix": "https://igx.4sqi.net/img/user/", "suffix": "/113201_1259743369979.jpg"}, "homeCity": "Jakarta, DKI Jakarta, Indonesia", "lists": {"groups": [{"items": [], "count": 45, "type": "created"}]}}, {"tips": {"count": 19}, "contact": {"facebook": "10204253728245824"}, "firstName": "Tomomi", "gender": "female", "lastName": "Sasaki", "id": "24514495", "bio": "", "photo": {"prefix": "https://igx.4sqi.net/img/user/", "suffix": "/MJNO4RLUUAG0ZUXS.jpg"}, "homeCity": "Paris, France", "lists": {"groups": [{"items": [], "count": 9, "type": "created"}]}}, {"tips": {"count": 1}, "contact": {}, "firstName": "stephen", "gender": "male", "lastName": "stokols", "id": "114277", "bio": "", "photo": {"prefix": "https://igx.4sqi.net/img/user/", "suffix": "/-1_1258829222948.jpg"}, "homeCity": "San Francisco, CA", "lists": {"groups": [{"items": [], "count": 2, "type": "created"}]}}, {"tips": {"count": 0}, "contact": {"facebook": "227700026"}, "firstName": "Kelly", "gender": "male", "lastName": "Choo", "id": "45569626", "bio": "", "photo": {"prefix": "https://igx.4sqi.net/img/user/", "suffix": "/QXTSBQ3ERWDSJDKH.jpg"}, "homeCity": "Singapore", "lists": {"groups": [{"items": [], "count": 2, "type": "created"}]}}, {"tips": {"count": 14}, "contact": {"twitter": "wynlim", "facebook": "786683222"}, "firstName": "Winnie", "gender": "female", "lastName": "Lim", "id": "115160", "bio": "", "photo": {"prefix": "https://igx.4sqi.net/img/user/", "suffix": "/DONLZGJQ0SSMFTM2.jpg"}, "homeCity": "Singapore", "lists": {"groups": [{"items": [], "count": 19, "type": "created"}]}}, {"tips": {"count": 5}, "contact": {"twitter": "ridz84", "facebook": "583754710999"}, "firstName": "Ridzuan", "gender": "male", "lastName": "Ashim", "id": "116136", "bio": "", "photo": {"prefix": "https://igx.4sqi.net/img/user/", "suffix": "/116136_1259008097791.jpg"}, "homeCity": "Singapore", "lists": {"groups": [{"items": [], "count": 9, "type": "created"}]}}, {"tips": {"count": 1}, "contact": {}, "firstName": "Vinod", "gender": "male", "lastName": "Nair", "id": "116198", "bio": "", "photo": {"prefix": "https://igx.4sqi.net/img/user/", "suffix": "/C3V3H12VKJ3NJ3ZA.jpg"}, "homeCity": "Singapore", "lists": {"groups": [{"items": [], "count": 2, "type": "created"}]}}, {"superuser": 1, "tips": {"count": 6}, "contact": {}, "firstName": "Avin", "gender": "male", "lastName": "Tan", "id": "120436", "bio": "", "photo": {"prefix": "https://igx.4sqi.net/img/user/", "suffix": "/120436_1259029919791.jpg"}, "homeCity": "Singapore", "lists": {"groups": [{"items": [], "count": 2, "type": "created"}]}}, {"superuser": 1, "tips": {"count": 28}, "contact": {"twitter": "danielgoh", "facebook": "614426609"}, "firstName": "Daniel", "gender": "male", "lastName": "Goh", "id": "123928", "bio": "", "photo": {"prefix": "https://igx.4sqi.net/img/user/", "suffix": "/123928_1259123403796.jpg"}, "homeCity": "Singapore", "lists": {"groups": [{"items": [], "count": 2, "type": "created"}]}}, {"tips": {"count": 0}, "contact": {}, "firstName": "Bjorn", "gender": "male", "lastName": "Lee", "id": "124476", "bio": "", "photo": {"prefix": "https://igx.4sqi.net/img/user/", "suffix": "/blank_boy.png", "default": true}, "homeCity": "Singapore", "lists": {"groups": [{"items": [], "count": 2, "type": "created"}]}}, {"tips": {"count": 17}, "contact": {}, "firstName": "Paddy", "gender": "male", "lastName": "Tan", "id": "127514", "bio": "", "photo": {"prefix": "https://igx.4sqi.net/img/user/", "suffix": "/0ADFA3VW4DWGQYDW.jpg"}, "homeCity": "Singapore", "lists": {"groups": [{"items": [], "count": 2, "type": "created"}]}}, {"tips": {"count": 1}, "contact": {"twitter": "hillarychan", "facebook": "730118464"}, "firstName": "Hillary", "gender": "female", "lastName": "Chan", "id": "128196", "bio": "", "photo": {"prefix": "https://igx.4sqi.net/img/user/", "suffix": "/YBQU5QHZCWYPQGYT.jpg"}, "homeCity": "Singapore", "lists": {"groups": [{"items": [], "count": 2, "type": "created"}]}}, {"tips": {"count": 1}, "contact": {"twitter": "kelvinq", "facebook": "501905004"}, "firstName": "Kelvin", "gender": "male", "lastName": "Quee", "id": "129508", "bio": "", "photo": {"prefix": "https://igx.4sqi.net/img/user/", "suffix": "/-1_1259389936710.jpg"}, "homeCity": "Singapore", "lists": {"groups": [{"items": [], "count": 2, "type": "created"}]}}, {"tips": {"count": 0}, "contact": {"twitter": "rajanammera", "facebook": "215568"}, "firstName": "Jay", "gender": "male", "id": "132113", "bio": "", "photo": {"prefix": "https://igx.4sqi.net/img/user/", "suffix": "/blank_boy.png", "default": true}, "homeCity": "Oakland", "lists": {"groups": [{"items": [], "count": 2, "type": "created"}]}}, {"tips": {"count": 2}, "contact": {"twitter": "jfxberns", "facebook": "507611788"}, "firstName": "John", "gender": "male", "lastName": "Berns", "id": "135074", "bio": "Solutions Architect for MapR APAC.  Co-founder BigData.SG and Hadoop.SG.  Beer drinker.", "photo": {"prefix": "https://igx.4sqi.net/img/user/", "suffix": "/T5PONJMAYLRZNCOC.jpg"}, "homeCity": "Singapore", "lists": {"groups": [{"items": [], "count": 2, "type": "created"}]}}, {"tips": {"count": 1}, "contact": {"twitter": "mohamed", "facebook": "735450245"}, "firstName": "Mohamed", "gender": "male", "lastName": "Nanabhay", "id": "135244", "bio": "", "photo": {"prefix": "https://igx.4sqi.net/img/user/", "suffix": "/CWZ2PIJQDU4XKHDG.jpg"}, "homeCity": "Doha, Qatar", "lists": {"groups": [{"items": [], "count": 2, "type": "created"}]}}, {"tips": {"count": 0}, "contact": {"twitter": "thelau", "facebook": "645960076"}, "firstName": "Laurent", "gender": "male", "lastName": "Thevenet", "id": "138750", "bio": "", "photo": {"prefix": "https://igx.4sqi.net/img/user/", "suffix": "/CDIRRXUHA4ADLQB2.jpg"}, "homeCity": "Singapore, Singapore", "lists": {"groups": [{"items": [], "count": 2, "type": "created"}]}}, {"tips": {"count": 53}, "contact": {"twitter": "badruddeen", "facebook": "10204687747567693"}, "firstName": "Badruddeen", "gender": "male", "lastName": "Naseem", "id": "142262", "bio": "Love to travel.", "photo": {"prefix": "https://igx.4sqi.net/img/user/", "suffix": "/142262-V5VGGYZ0OIQUO3FP.jpg"}, "homeCity": "Male', Maldives", "lists": {"groups": [{"items": [], "count": 2, "type": "created"}]}}, {"tips": {"count": 0}, "contact": {"facebook": "648797424"}, "firstName": "Meng Weng", "gender": "male", "lastName": "Wong", "id": "143088", "bio": "", "photo": {"prefix": "https://igx.4sqi.net/img/user/", "suffix": "/-1_1260029265867.jpg"}, "homeCity": "Singapore, Singapore", "lists": {"groups": [{"items": [], "count": 2, "type": "created"}]}}, {"superuser": 2, "tips": {"count": 38}, "contact": {"twitter": "inrsoul", "facebook": "670555642"}, "firstName": "Kevin", "gender": "male", "lastName": "Lee", "id": "144045", "bio": "photographer (mycake.sg) and slave to cats Babs and Baxter", "photo": {"prefix": "https://igx.4sqi.net/img/user/", "suffix": "/MXYAHNF3QVDF4RNS.jpg"}, "homeCity": "Singapore", "lists": {"groups": [{"items": [], "count": 5, "type": "created"}]}}, {"tips": {"count": 1}, "contact": {"twitter": "ngchengwei", "facebook": "555070176"}, "firstName": "Cheng Wei", "gender": "male", "lastName": "Ng", "id": "472405", "bio": "", "photo": {"prefix": "https://igx.4sqi.net/img/user/", "suffix": "/KCDSSCAHU3WAPR2Z.jpg"}, "homeCity": "Singapore", "lists": {"groups": [{"items": [], "count": 2, "type": "created"}]}}, {"tips": {"count": 0}, "contact": {}, "firstName": "Frank", "gender": "male", "lastName": "Levinson", "id": "485437", "bio": "", "photo": {"prefix": "https://igx.4sqi.net/img/user/", "suffix": "/blank_boy.png", "default": true}, "homeCity": "Singapore", "lists": {"groups": [{"items": [], "count": 2, "type": "created"}]}}, {"tips": {"count": 4}, "contact": {"twitter": "saisankoh"}, "firstName": "Sai", "gender": "female", "lastName": "Sankoh", "id": "490749", "bio": "Founder and Blogger of Becauseiamfabulous.com", "photo": {"prefix": "https://igx.4sqi.net/img/user/", "suffix": "/SPHOUEPMJLFYB02L.jpg"}, "homeCity": "Washington, DC", "lists": {"groups": [{"items": [], "count": 2, "type": "created"}]}}, {"tips": {"count": 0}, "contact": {"facebook": "693375428"}, "firstName": "Sanny", "gender": "male", "lastName": "Gaddafi", "id": "813448", "bio": "", "photo": {"prefix": "https://igx.4sqi.net/img/user/", "suffix": "/blank_boy.png", "default": true}, "homeCity": "Jakarta, Indonesia", "lists": {"groups": [{"items": [], "count": 2, "type": "created"}]}}, {"tips": {"count": 0}, "contact": {}, "firstName": "Yushi", "gender": "male", "lastName": "Katayama", "id": "815079", "bio": "", "photo": {"prefix": "https://igx.4sqi.net/img/user/", "suffix": "/blank_boy.png", "default": true}, "homeCity": "\u6e2f\u533a, \u6771\u4eac\u90fd", "lists": {"groups": [{"items": [], "count": 2, "type": "created"}]}}, {"tips": {"count": 13}, "contact": {"twitter": "kschak"}, "firstName": "KS", "gender": "male", "lastName": "Chak", "id": "1052871", "bio": "", "photo": {"prefix": "https://igx.4sqi.net/img/user/", "suffix": "/YM1RS2FPYBK4GQ1T.jpg"}, "homeCity": "Singapore", "lists": {"groups": [{"items": [], "count": 2, "type": "created"}]}}, {"tips": {"count": 0}, "contact": {}, "firstName": "Varian", "gender": "male", "lastName": "Lim", "id": "1476882", "bio": "", "photo": {"prefix": "https://igx.4sqi.net/img/user/", "suffix": "/QNYNEDSQV23UA0LJ.jpg"}, "homeCity": "singapore", "lists": {"groups": [{"items": [], "count": 2, "type": "created"}]}}], "count": 267}, "checksum": "11bff8b2a1dc60230c91d486cb7662673bcc827e"}, "meta": {"requestId": "5965b99d6a6071143d127cb3", "code": 200}}