{"notifications": [{"type": "notificationTray", "item": {"unreadCount": 0}}], "response": {"friends": {"items": [{"tips": {"count": 0}, "contact": {"twitter": "genevres"}, "firstName": "Genevre", "gender": "female", "lastName": "Siow", "id": "9444145", "bio": "", "photo": {"prefix": "https://igx.4sqi.net/img/user/", "suffix": "/blank_girl.png", "default": true}, "homeCity": "Singapore", "lists": {"groups": [{"items": [], "count": 2, "type": "created"}]}}, {"tips": {"count": 0}, "contact": {"twitter": "jovinnn", "facebook": "608578035"}, "firstName": "jovin", "gender": "female", "lastName": "chun", "id": "4331518", "bio": "", "photo": {"prefix": "https://igx.4sqi.net/img/user/", "suffix": "/QKAT3CQBFWMBQS3X.jpg"}, "homeCity": "Singapore", "lists": {"groups": [{"items": [], "count": 2, "type": "created"}]}}, {"tips": {"count": 2}, "contact": {"twitter": "iamchrischew", "facebook": "569293507"}, "firstName": "Christopher", "gender": "male", "lastName": "Chew", "id": "1196018", "bio": "", "photo": {"prefix": "https://igx.4sqi.net/img/user/", "suffix": "/DZD4EXLQ4Q1LHIYC.jpg"}, "homeCity": "Yishun, Singapore", "lists": {"groups": [{"items": [], "count": 2, "type": "created"}]}}, {"tips": {"count": 3}, "contact": {"twitter": "crackakaren", "facebook": "651824866"}, "firstName": "Karen", "gender": "female", "lastName": "Leong", "id": "6628464", "bio": "", "photo": {"prefix": "https://igx.4sqi.net/img/user/", "suffix": "/6628464-0JKBP02DZYNVISRP.jpg"}, "homeCity": "Singapore", "lists": {"groups": [{"items": [], "count": 2, "type": "created"}]}}, {"tips": {"count": 0}, "contact": {"facebook": "683402285"}, "firstName": "Cody", "gender": "male", "lastName": "Teo", "id": "4257982", "bio": "", "photo": {"prefix": "https://igx.4sqi.net/img/user/", "suffix": "/G55TOWSIYDJLDQPB.jpg"}, "homeCity": "Singapore", "lists": {"groups": [{"items": [], "count": 2, "type": "created"}]}}, {"tips": {"count": 0}, "contact": {"facebook": "668930982"}, "firstName": "Chanel", "gender": "female", "lastName": "Goh", "id": "4422329", "bio": "", "photo": {"prefix": "https://igx.4sqi.net/img/user/", "suffix": "/5X51GMDVFZZOEDPB.jpg"}, "homeCity": "Unnamed Location", "lists": {"groups": [{"items": [], "count": 2, "type": "created"}]}}, {"tips": {"count": 0}, "contact": {"facebook": "513818190"}, "firstName": "Esther", "gender": "female", "lastName": "Lim", "id": "5521160", "bio": "", "photo": {"prefix": "https://igx.4sqi.net/img/user/", "suffix": "/ZVMPFTJOCA3Z5YAA.jpg"}, "homeCity": "Singapore", "lists": {"groups": [{"items": [], "count": 2, "type": "created"}]}}, {"tips": {"count": 0}, "contact": {"facebook": "526628549"}, "firstName": "Ainny", "gender": "female", "lastName": "Zynski", "id": "1933115", "bio": "", "photo": {"prefix": "https://igx.4sqi.net/img/user/", "suffix": "/5ONAU1QUORIBE33L.jpg"}, "homeCity": "Tanjong Pagar, Singapore", "lists": {"groups": [{"items": [], "count": 2, "type": "created"}]}}, {"tips": {"count": 0}, "contact": {"twitter": "lim5hao", "facebook": "605834068"}, "firstName": "WuHao", "gender": "male", "lastName": "Lim", "id": "2381968", "bio": "", "photo": {"prefix": "https://igx.4sqi.net/img/user/", "suffix": "/UKRYZI5PBI4LWZHB.jpg"}, "homeCity": "Singapore", "lists": {"groups": [{"items": [], "count": 2, "type": "created"}]}}, {"tips": {"count": 0}, "contact": {"twitter": "khairulhan", "facebook": "583063526"}, "firstName": "Khairul", "gender": "male", "lastName": "Anwar", "id": "2294394", "bio": "", "photo": {"prefix": "https://igx.4sqi.net/img/user/", "suffix": "/BB33B4GJGB3QM3S0.jpg"}, "homeCity": "Tampines, ", "lists": {"groups": [{"items": [], "count": 2, "type": "created"}]}}, {"tips": {"count": 1}, "contact": {"twitter": "boeycheesiong", "facebook": "1631064454"}, "firstName": "Chee Siong", "gender": "male", "lastName": "Boey", "id": "4590584", "bio": "", "photo": {"prefix": "https://igx.4sqi.net/img/user/", "suffix": "/H1ZMVIVEJO0RIK1K.jpg"}, "homeCity": "Singapore", "lists": {"groups": [{"items": [], "count": 3, "type": "created"}]}}, {"tips": {"count": 0}, "contact": {}, "firstName": "Hazz", "gender": "female", "lastName": "Hsn", "id": "4229188", "bio": "", "photo": {"prefix": "https://igx.4sqi.net/img/user/", "suffix": "/FELRFRAKEV424004.jpg"}, "homeCity": "Singapore", "lists": {"groups": [{"items": [], "count": 2, "type": "created"}]}}, {"tips": {"count": 6}, "contact": {"twitter": "babymics"}, "firstName": "Michelle", "gender": "female", "lastName": "Lee", "id": "874583", "bio": "", "photo": {"prefix": "https://igx.4sqi.net/img/user/", "suffix": "/IPLQJO2YSSX1V4JE.jpg"}, "homeCity": "Singapore", "lists": {"groups": [{"items": [], "count": 2, "type": "created"}]}}, {"tips": {"count": 0}, "contact": {}, "firstName": "Kelly", "gender": "female", "lastName": "Ang", "id": "2820554", "bio": "", "photo": {"prefix": "https://igx.4sqi.net/img/user/", "suffix": "/QGCMS0UI22QHTXDA.jpg"}, "homeCity": "New York, NY", "lists": {"groups": [{"items": [], "count": 2, "type": "created"}]}}, {"tips": {"count": 2}, "contact": {"twitter": "uhuey", "facebook": "533888185"}, "firstName": "Yew Huey", "gender": "male", "lastName": "Sim", "id": "1124593", "bio": "", "photo": {"prefix": "https://igx.4sqi.net/img/user/", "suffix": "/AWTZQ43OJ1ICSH3W.jpg"}, "homeCity": "Singapore", "lists": {"groups": [{"items": [], "count": 3, "type": "created"}]}}, {"tips": {"count": 0}, "contact": {"twitter": "fatedwin", "facebook": "731151809"}, "firstName": "Edwin", "gender": "male", "lastName": "Tan", "id": "9455924", "bio": "", "photo": {"prefix": "https://igx.4sqi.net/img/user/", "suffix": "/ZUVIUJHYZQ3QLMQN.jpg"}, "homeCity": "Singapore", "lists": {"groups": [{"items": [], "count": 2, "type": "created"}]}}, {"tips": {"count": 0}, "contact": {"facebook": "523383943"}, "firstName": "Yongyu", "gender": "male", "lastName": "Tan", "id": "4375073", "bio": "", "photo": {"prefix": "https://igx.4sqi.net/img/user/", "suffix": "/AW44U2GIQN231GML.jpg"}, "homeCity": "Singapore", "lists": {"groups": [{"items": [], "count": 2, "type": "created"}]}}, {"tips": {"count": 3}, "contact": {"twitter": "cloverbel", "facebook": "1142354341"}, "firstName": "Cloverbel", "gender": "female", "id": "4529096", "bio": "", "photo": {"prefix": "https://igx.4sqi.net/img/user/", "suffix": "/VC5CKZRGCSYTWIYT.jpg"}, "homeCity": "Singapore", "lists": {"groups": [{"items": [], "count": 2, "type": "created"}]}}, {"tips": {"count": 0}, "contact": {"facebook": "723923096"}, "firstName": "Ian", "gender": "male", "lastName": "Liow", "id": "11348452", "bio": "", "photo": {"prefix": "https://igx.4sqi.net/img/user/", "suffix": "/DAXR40L4PVXRV0CV.jpg"}, "homeCity": "Singapore", "lists": {"groups": [{"items": [], "count": 2, "type": "created"}]}}, {"tips": {"count": 0}, "contact": {"twitter": "hisnameismarcus"}, "firstName": "Marcus", "gender": "male", "lastName": "Charles", "id": "4262510", "bio": "", "photo": {"prefix": "https://igx.4sqi.net/img/user/", "suffix": "/QFLUSPCQ3A5U4F5W.jpg"}, "homeCity": "Singapore", "lists": {"groups": [{"items": [], "count": 2, "type": "created"}]}}, {"tips": {"count": 0}, "contact": {"facebook": "1659793780"}, "firstName": "Sebastian", "gender": "none", "lastName": "Lim", "id": "5604318", "bio": "", "photo": {"prefix": "https://igx.4sqi.net/img/user/", "suffix": "/blank_boy.png", "default": true}, "homeCity": "Singapore", "lists": {"groups": [{"items": [], "count": 2, "type": "created"}]}}, {"tips": {"count": 0}, "contact": {"twitter": "johnyangwx", "facebook": "515487718"}, "firstName": "John", "gender": "male", "lastName": "Yang", "id": "2464937", "bio": "", "photo": {"prefix": "https://igx.4sqi.net/img/user/", "suffix": "/blank_boy.png", "default": true}, "homeCity": "Singapore", "lists": {"groups": [{"items": [], "count": 2, "type": "created"}]}}, {"tips": {"count": 3}, "contact": {"twitter": "kelvinleong", "facebook": "532605105"}, "firstName": "Kelvin", "gender": "male", "lastName": "Leong", "id": "2385674", "bio": "", "photo": {"prefix": "https://igx.4sqi.net/img/user/", "suffix": "/0NTWTGIQZKJVFVCY.png"}, "homeCity": "Singapore", "lists": {"groups": [{"items": [], "count": 2, "type": "created"}]}}, {"tips": {"count": 1}, "contact": {"twitter": "snoopy10696", "facebook": "1269714863"}, "firstName": "Yilin", "gender": "female", "lastName": "Young", "id": "5086680", "bio": "", "photo": {"prefix": "https://igx.4sqi.net/img/user/", "suffix": "/23WCDEW352AEICGC.jpg"}, "homeCity": "Singapore", "lists": {"groups": [{"items": [], "count": 2, "type": "created"}]}}, {"tips": {"count": 0}, "contact": {"twitter": "honeychapstick"}, "firstName": "Jayde", "gender": "female", "lastName": "Tan", "id": "1109195", "bio": "", "photo": {"prefix": "https://igx.4sqi.net/img/user/", "suffix": "/GYOKL1KVXW1JLW0A.jpg"}, "homeCity": "Singapore", "lists": {"groups": [{"items": [], "count": 2, "type": "created"}]}}, {"tips": {"count": 0}, "contact": {"twitter": "sq0047", "facebook": "636683263"}, "firstName": "LynLin", "gender": "female", "lastName": "ShiQi", "id": "2860456", "bio": "", "photo": {"prefix": "https://igx.4sqi.net/img/user/", "suffix": "/KQIC50ZNGB1DZ4ZK.jpg"}, "homeCity": "Singapore", "lists": {"groups": [{"items": [], "count": 2, "type": "created"}]}}, {"tips": {"count": 0}, "contact": {"twitter": "12tsy", "facebook": "1343058164"}, "firstName": "Sy", "gender": "female", "lastName": "Teo", "id": "9530363", "bio": "", "photo": {"prefix": "https://igx.4sqi.net/img/user/", "suffix": "/ZEP0QL0FMREBEZLW.jpg"}, "homeCity": "Singapore", "lists": {"groups": [{"items": [], "count": 2, "type": "created"}]}}, {"tips": {"count": 0}, "contact": {"twitter": "cheryllovesiggy", "facebook": "663303732"}, "firstName": "Cheryl", "gender": "female", "lastName": "Yap", "id": "4781416", "bio": "", "photo": {"prefix": "https://igx.4sqi.net/img/user/", "suffix": "/1SJDBGWFYFLZUHA5.jpg"}, "homeCity": "Singapore", "lists": {"groups": [{"items": [], "count": 2, "type": "created"}]}}, {"tips": {"count": 2}, "contact": {"facebook": "646291124"}, "firstName": "Damien", "gender": "male", "lastName": "Chia", "id": "5855480", "bio": "", "photo": {"prefix": "https://igx.4sqi.net/img/user/", "suffix": "/1SDAFUOCBBWQAFDS.jpg"}, "homeCity": "Singapore", "lists": {"groups": [{"items": [], "count": 2, "type": "created"}]}}, {"tips": {"count": 0}, "contact": {"twitter": "christinawbt"}, "firstName": "Christina W", "gender": "female", "id": "3355409", "bio": "", "photo": {"prefix": "https://igx.4sqi.net/img/user/", "suffix": "/FSDNO0RM0G1T0M5W.jpg"}, "homeCity": "Singapore", "lists": {"groups": [{"items": [], "count": 2, "type": "created"}]}}, {"tips": {"count": 1}, "contact": {"twitter": "happylittlegab", "facebook": "740297864"}, "firstName": "Gabriel", "gender": "male", "lastName": "Chia Bing Lun", "id": "3754497", "bio": "", "photo": {"prefix": "https://igx.4sqi.net/img/user/", "suffix": "/OEMO0XUPC2D51DVV.jpg"}, "homeCity": "Singapore", "lists": {"groups": [{"items": [], "count": 2, "type": "created"}]}}, {"tips": {"count": 0}, "contact": {"twitter": "kennhong", "facebook": "724188370"}, "firstName": "Kenn", "gender": "male", "lastName": "Hong", "id": "5086742", "bio": "", "photo": {"prefix": "https://igx.4sqi.net/img/user/", "suffix": "/MCPW4CA2MMZ1YOLH.jpg"}, "homeCity": "Singapore", "lists": {"groups": [{"items": [], "count": 2, "type": "created"}]}}, {"tips": {"count": 9}, "contact": {"twitter": "fashfasfwd"}, "firstName": "Topshop & Topman", "gender": "female", "id": "1207342", "bio": "", "photo": {"prefix": "https://igx.4sqi.net/img/user/", "suffix": "/PUM4CZLBLSJHYZOP.jpg"}, "homeCity": "Singapore", "lists": {"groups": [{"items": [], "count": 2, "type": "created"}]}}, {"tips": {"count": 0}, "contact": {"twitter": "allsointricate", "facebook": "575030964"}, "firstName": "Jolyn", "gender": "female", "lastName": "Wong", "id": "5989565", "bio": "", "photo": {"prefix": "https://igx.4sqi.net/img/user/", "suffix": "/5989565-THI0OJW3FN3TTCWG.jpg"}, "homeCity": "Singapore", "lists": {"groups": [{"items": [], "count": 2, "type": "created"}]}}, {"tips": {"count": 0}, "contact": {"twitter": "helmomo", "facebook": "737276972"}, "firstName": "Ahmad Hanif", "gender": "male", "id": "4848200", "bio": "", "photo": {"prefix": "https://igx.4sqi.net/img/user/", "suffix": "/ANMCENUYEXYJK2UC.jpg"}, "homeCity": "Singapore", "lists": {"groups": [{"items": [], "count": 2, "type": "created"}]}}, {"tips": {"count": 1}, "contact": {"twitter": "havicks"}, "firstName": "Havicks", "gender": "male", "id": "6140888", "bio": "", "photo": {"prefix": "https://igx.4sqi.net/img/user/", "suffix": "/GRLKWDYVWOMK2IVW.jpg"}, "homeCity": "Singapore", "lists": {"groups": [{"items": [], "count": 2, "type": "created"}]}}, {"tips": {"count": 7}, "contact": {"twitter": "keixra", "facebook": "712584051"}, "firstName": "Ivan", "gender": "male", "lastName": "Choong", "id": "3736619", "bio": "", "photo": {"prefix": "https://igx.4sqi.net/img/user/", "suffix": "/2PXTFWJQRFAQ4RTI.jpg"}, "homeCity": "Singapore", "lists": {"groups": [{"items": [], "count": 2, "type": "created"}]}}, {"tips": {"count": 0}, "contact": {}, "firstName": "Joanne", "gender": "female", "lastName": "Riiyo", "id": "5088433", "bio": "", "photo": {"prefix": "https://igx.4sqi.net/img/user/", "suffix": "/INV2M5F4ALAUZ0EC.jpg"}, "homeCity": "Singapore", "lists": {"groups": [{"items": [], "count": 2, "type": "created"}]}}, {"tips": {"count": 0}, "contact": {"twitter": "siewm"}, "firstName": "Siew Mei", "gender": "female", "id": "1660545", "bio": "", "photo": {"prefix": "https://igx.4sqi.net/img/user/", "suffix": "/QFT12QIMD1J4KMNM.jpg"}, "homeCity": "Hougang, Singapore", "lists": {"groups": [{"items": [], "count": 2, "type": "created"}]}}, {"tips": {"count": 0}, "contact": {"twitter": "jaeyen_chia", "facebook": "649933578"}, "firstName": "Jaeyen", "gender": "male", "lastName": "Chia", "id": "5202046", "bio": "", "photo": {"prefix": "https://igx.4sqi.net/img/user/", "suffix": "/CIB34EDA1KGSPT03.jpg"}, "homeCity": "Singapore", "lists": {"groups": [{"items": [], "count": 2, "type": "created"}]}}, {"tips": {"count": 1}, "contact": {"facebook": "638231140"}, "firstName": "Chong Wai", "gender": "male", "lastName": "Chok", "id": "11178368", "bio": "", "photo": {"prefix": "https://igx.4sqi.net/img/user/", "suffix": "/FKEZ0A3MKLOFCY3Z.jpg"}, "homeCity": "Singapore", "lists": {"groups": [{"items": [], "count": 2, "type": "created"}]}}, {"tips": {"count": 0}, "contact": {}, "firstName": "Jonathan", "gender": "male", "lastName": "Choo", "id": "4663682", "bio": "", "photo": {"prefix": "https://igx.4sqi.net/img/user/", "suffix": "/AK1LZK0WMK1SCA4E.jpg"}, "homeCity": "Singapore", "lists": {"groups": [{"items": [], "count": 2, "type": "created"}]}}, {"tips": {"count": 0}, "contact": {"twitter": "niadias", "facebook": "1274357885"}, "firstName": "Ain", "gender": "female", "lastName": "Said", "id": "1720878", "bio": "", "photo": {"prefix": "https://igx.4sqi.net/img/user/", "suffix": "/RALVXSRK2PCA20QV.jpg"}, "homeCity": "Singapore", "lists": {"groups": [{"items": [], "count": 2, "type": "created"}]}}, {"tips": {"count": 0}, "contact": {}, "firstName": "Genecia", "gender": "female", "lastName": "Ng", "id": "6188320", "bio": "", "photo": {"prefix": "https://igx.4sqi.net/img/user/", "suffix": "/6188320-XILKPWKJS1ILTEAP"}, "homeCity": "Singapore", "lists": {"groups": [{"items": [], "count": 2, "type": "created"}]}}, {"tips": {"count": 0}, "contact": {"twitter": "hahahakim91", "facebook": "740403864"}, "firstName": "Kimmy", "gender": "male", "lastName": "dotcom", "id": "10811391", "bio": "Stalker app! *hiak hiak hiak*", "photo": {"prefix": "https://igx.4sqi.net/img/user/", "suffix": "/PQNZLJLOGX0JDSCY.jpg"}, "homeCity": "Singapore", "lists": {"groups": [{"items": [], "count": 2, "type": "created"}]}}, {"tips": {"count": 0}, "contact": {"twitter": "kailingtricia", "facebook": "555445439"}, "firstName": "kailingtricia", "gender": "female", "id": "1832359", "bio": "", "photo": {"prefix": "https://igx.4sqi.net/img/user/", "suffix": "/AXYTLCP2XU5Y3YOK.jpg"}, "homeCity": "Singapore", "lists": {"groups": [{"items": [], "count": 2, "type": "created"}]}}, {"tips": {"count": 0}, "contact": {"twitter": "yqninja", "facebook": "563972811"}, "firstName": "YiQuan", "gender": "male", "lastName": "Lee", "id": "7249713", "bio": "", "photo": {"prefix": "https://igx.4sqi.net/img/user/", "suffix": "/JOD4CFKCYG5UCLF3.jpg"}, "homeCity": "Singapore", "lists": {"groups": [{"items": [], "count": 2, "type": "created"}]}}, {"tips": {"count": 0}, "contact": {"facebook": "595672846"}, "firstName": "Justin", "gender": "male", "lastName": "Invictus", "id": "10815559", "bio": "", "photo": {"prefix": "https://igx.4sqi.net/img/user/", "suffix": "/GQ4MEEMVJE2OGUTL.jpg"}, "homeCity": "Singapore", "lists": {"groups": [{"items": [], "count": 2, "type": "created"}]}}, {"tips": {"count": 5}, "contact": {"facebook": "702970265"}, "firstName": "Alvin", "gender": "male", "lastName": "Ng", "id": "1873940", "bio": "", "photo": {"prefix": "https://igx.4sqi.net/img/user/", "suffix": "/I4KMUKOFGL01BIW4.jpg"}, "homeCity": "Macpherson, Singapore", "lists": {"groups": [{"items": [], "count": 2, "type": "created"}]}}, {"tips": {"count": 1}, "contact": {"twitter": "cathxrine"}, "firstName": "Catherine", "gender": "female", "lastName": "Teo", "id": "3241371", "bio": "", "photo": {"prefix": "https://igx.4sqi.net/img/user/", "suffix": "/414BS0DHLTPHBLSC.jpg"}, "homeCity": "Singapore", "lists": {"groups": [{"items": [], "count": 2, "type": "created"}]}}, {"tips": {"count": 1}, "contact": {"facebook": "1343144874"}, "firstName": "Arenas", "gender": "male", "lastName": "Chong", "id": "3244641", "bio": "", "photo": {"prefix": "https://igx.4sqi.net/img/user/", "suffix": "/1TV3ZRQVWKZ0OKAA.jpg"}, "homeCity": "Singapore", "lists": {"groups": [{"items": [], "count": 2, "type": "created"}]}}, {"tips": {"count": 2}, "contact": {"twitter": "seanabdullah", "facebook": "10153618943084562"}, "firstName": "Sean", "gender": "male", "lastName": "Abdullah", "id": "3492474", "bio": "", "photo": {"prefix": "https://igx.4sqi.net/img/user/", "suffix": "/FWH2S1ATURB4QG5Y.jpg"}, "homeCity": "Singapore", "lists": {"groups": [{"items": [], "count": 2, "type": "created"}]}}, {"tips": {"count": 0}, "contact": {"twitter": "xtxtxtxtxtxt"}, "firstName": "Xueting", "gender": "female", "lastName": "C", "id": "3713243", "bio": "", "photo": {"prefix": "https://igx.4sqi.net/img/user/", "suffix": "/TCB1002ZVYH2JDEB.jpg"}, "homeCity": "Singapore ", "lists": {"groups": [{"items": [], "count": 2, "type": "created"}]}}, {"tips": {"count": 1}, "contact": {"twitter": "ryanwchoo"}, "firstName": "Ryan", "gender": "male", "lastName": "Choo", "id": "3830709", "bio": "veritas lux mea", "photo": {"prefix": "https://igx.4sqi.net/img/user/", "suffix": "/BEKZ5CL1TAPMK1MW.jpg"}, "homeCity": "Singapore", "lists": {"groups": [{"items": [], "count": 2, "type": "created"}]}}, {"tips": {"count": 0}, "contact": {"twitter": "lukeathlon", "facebook": "624763985"}, "firstName": "Luke", "gender": "male", "lastName": "Foo", "id": "4081100", "bio": "", "photo": {"prefix": "https://igx.4sqi.net/img/user/", "suffix": "/VXLBHHGO30SD3TEV.jpg"}, "homeCity": "Singapore", "lists": {"groups": [{"items": [], "count": 2, "type": "created"}]}}, {"tips": {"count": 0}, "contact": {"facebook": "571730078"}, "firstName": "Audrey", "gender": "none", "lastName": "Cheong", "id": "4110033", "bio": "", "photo": {"prefix": "https://igx.4sqi.net/img/user/", "suffix": "/VJELLZ5EBWQEBD1Q.jpg"}, "homeCity": "Singapore", "lists": {"groups": [{"items": [], "count": 2, "type": "created"}]}}, {"tips": {"count": 0}, "contact": {"facebook": "559458044"}, "firstName": "Garry", "gender": "male", "lastName": "Tjhin", "id": "4156824", "bio": "", "photo": {"prefix": "https://igx.4sqi.net/img/user/", "suffix": "/FYCLW4IRKOCOM3IM.jpg"}, "homeCity": "Singapore", "lists": {"groups": [{"items": [], "count": 2, "type": "created"}]}}, {"tips": {"count": 0}, "contact": {"twitter": "jvirzudes", "facebook": "520607631"}, "firstName": "Desmond", "gender": "male", "lastName": "Lim", "id": "4429515", "bio": "", "photo": {"prefix": "https://igx.4sqi.net/img/user/", "suffix": "/5GXAG2YXCBKCRRE2.jpg"}, "homeCity": "Singapore", "lists": {"groups": [{"items": [], "count": 2, "type": "created"}]}}, {"tips": {"count": 0}, "contact": {"twitter": "fyqrocket", "facebook": "1440845667"}, "firstName": "Syafiq", "gender": "male", "lastName": "Hassan", "id": "7280733", "bio": "", "photo": {"prefix": "https://igx.4sqi.net/img/user/", "suffix": "/5J203JSBZMMV2E0O.jpg"}, "homeCity": "Singapore", "lists": {"groups": [{"items": [], "count": 2, "type": "created"}]}}, {"tips": {"count": 0}, "contact": {"twitter": "ck_chiakai", "facebook": "744548952"}, "firstName": "Chia", "gender": "male", "lastName": "Kai", "id": "8755231", "bio": "", "photo": {"prefix": "https://igx.4sqi.net/img/user/", "suffix": "/XQNFPDQSW5FJNIWD.jpg"}, "homeCity": "Singapore", "lists": {"groups": [{"items": [], "count": 2, "type": "created"}]}}], "count": 60}, "checksum": "f4129c7fc38c63f0ceb2f85980ca76afab3186cd"}, "meta": {"requestId": "5965b9789fb6b77b9390698a", "code": 200}}