{"notifications": [{"type": "notificationTray", "item": {"unreadCount": 0}}], "meta": {"requestId": "5966d164f594df21baa489ef", "code": 200}, "response": {"friends": {"count": 432, "items": [{"id": "1371700", "photo": {"prefix": "https://igx.4sqi.net/img/user/", "suffix": "/VNG354UM3NVOZJNH.jpg"}, "homeCity": "Bandar Seri Begawan", "contact": {"facebook": "843385047"}, "firstName": "Diah", "tips": {"count": 2}, "gender": "female", "lastName": "Dpho", "lists": {"groups": [{"count": 2, "type": "created", "items": []}]}, "bio": ""}, {"id": "4368345", "photo": {"prefix": "https://igx.4sqi.net/img/user/", "default": true, "suffix": "/blank_boy.png"}, "homeCity": "Brunei", "contact": {"facebook": "733250624"}, "firstName": "Hafiz", "tips": {"count": 0}, "gender": "male", "lastName": "Saedan", "lists": {"groups": [{"count": 2, "type": "created", "items": []}]}, "bio": ""}, {"id": "280726", "photo": {"prefix": "https://igx.4sqi.net/img/user/", "suffix": "/SONNS5XDTZ0LQQDN.jpg"}, "homeCity": ", Brunei Darussalam", "contact": {"facebook": "785758765", "twitter": "infinite_looper"}, "firstName": "Zul", "tips": {"count": 7}, "gender": "male", "lastName": "MHS", "lists": {"groups": [{"count": 2, "type": "created", "items": []}]}, "bio": ""}, {"id": "431979", "photo": {"prefix": "https://igx.4sqi.net/img/user/", "suffix": "/431979-0EJGSK5J3GXFE1MI"}, "homeCity": "Dallas, TX", "contact": {"facebook": "678297582", "twitter": "markthespaman"}, "firstName": "MarktheSpaman", "tips": {"count": 39}, "gender": "male", "lists": {"groups": [{"count": 3, "type": "created", "items": []}]}, "bio": "Spa, skincare & wellness enthusiast with a passion for living healthy. I enjoy my career in digital Media & connecting people. Check ins my own; not endorsed."}, {"id": "6630975", "photo": {"prefix": "https://igx.4sqi.net/img/user/", "suffix": "/XAS5JLIGQZIDHRBC.jpg"}, "homeCity": "Serasa, Brunei Darussalam", "contact": {"facebook": "1612146889", "twitter": "farithhisham"}, "firstName": "Farith", "tips": {"count": 0}, "gender": "male", "lastName": "Said", "lists": {"groups": [{"count": 2, "type": "created", "items": []}]}, "bio": ""}, {"id": "4251979", "photo": {"prefix": "https://igx.4sqi.net/img/user/", "suffix": "/IEVISZ5MWYKDDNMM.jpg"}, "homeCity": "Bandar Seri Begawan, Brunei Darussalam", "contact": {"facebook": "590745148"}, "firstName": "CtNazirah", "tips": {"count": 0}, "gender": "female", "lastName": "Hd", "lists": {"groups": [{"count": 2, "type": "created", "items": []}]}, "bio": ""}, {"id": "1338465", "photo": {"prefix": "https://irs0.4sqi.net/img/user/", "suffix": "/TYWSXBS5GDIUXDOB.jpg"}, "homeCity": "Dubai \u062f\u0628\u064a, United Arab Emirates", "contact": {"facebook": "507505414", "twitter": "yasminpatera"}, "firstName": "Yasmin", "tips": {"count": 4}, "gender": "female", "lastName": "Patera", "lists": {"groups": [{"count": 2, "type": "created", "items": []}]}, "bio": ""}, {"id": "4288178", "photo": {"prefix": "https://igx.4sqi.net/img/user/", "suffix": "/TOMVQVJGBG4YWCEP.jpg"}, "homeCity": "Muara, Brunei Darussalam", "contact": {}, "firstName": "Abdul Rashid", "tips": {"count": 2}, "gender": "male", "lastName": "Tahir", "lists": {"groups": [{"count": 2, "type": "created", "items": []}]}, "bio": ""}, {"id": "1420489", "photo": {"prefix": "https://igx.4sqi.net/img/user/", "suffix": "/UFQQAEOCBMH5I2PG.jpg"}, "homeCity": "Jalan Muara", "contact": {"facebook": "600881083"}, "firstName": "Neneng", "tips": {"count": 0}, "gender": "female", "lastName": "Basir", "lists": {"groups": [{"count": 2, "type": "created", "items": []}]}, "bio": ""}, {"id": "5484910", "photo": {"prefix": "https://igx.4sqi.net/img/user/", "default": true, "suffix": "/blank_girl.png"}, "homeCity": "Kilanas, Brunei Darussalam", "contact": {"facebook": "1320237363"}, "firstName": "Hurul'ain", "tips": {"count": 0}, "gender": "female", "lastName": "Nukhbah", "lists": {"groups": [{"count": 2, "type": "created", "items": []}]}, "bio": ""}, {"id": "1624391", "photo": {"prefix": "https://igx.4sqi.net/img/user/", "suffix": "/KE25RKZXSA4ITCKT.jpg"}, "homeCity": "Bandar Seri Begawan, Brunei", "contact": {"facebook": "746713290"}, "firstName": "Shahrul Azmee", "tips": {"count": 2}, "gender": "male", "lastName": "suhaini", "lists": {"groups": [{"count": 2, "type": "created", "items": []}]}, "bio": ""}, {"id": "658622", "photo": {"prefix": "https://igx.4sqi.net/img/user/", "suffix": "/G40BQXSO4RSRLFMW.jpg"}, "homeCity": "Bandar Seri Begawan, Jerudong", "contact": {}, "firstName": "emmagoodegg", "tips": {"count": 28}, "gender": "female", "lastName": ".", "lists": {"groups": [{"count": 2, "type": "created", "items": []}]}, "bio": ""}, {"id": "1613301", "photo": {"prefix": "https://igx.4sqi.net/img/user/", "suffix": "/XMFPZV1NUSK1MRW5.jpg"}, "homeCity": "Brunei ", "contact": {"facebook": "681583071", "twitter": "red_dagger"}, "firstName": "Rosni", "tips": {"count": 30}, "gender": "female", "lastName": "Rosli", "lists": {"groups": [{"count": 2, "type": "created", "items": []}]}, "bio": ""}, {"id": "185731", "photo": {"prefix": "https://igx.4sqi.net/img/user/", "suffix": "/ZVCNCA3I11KJHT4I.jpg"}, "homeCity": "Singapore", "contact": {"facebook": "720075782", "twitter": "simontay78"}, "firstName": "Simon", "tips": {"count": 5}, "gender": "male", "lastName": "Tay", "lists": {"groups": [{"count": 4, "type": "created", "items": []}]}, "bio": ""}, {"id": "632497", "photo": {"prefix": "https://igx.4sqi.net/img/user/", "suffix": "/LMUH2XBX4TEFTITB.jpg"}, "homeCity": "Petaling Jaya, Malaysia", "contact": {"facebook": "747335337", "twitter": "sharizals"}, "firstName": "Sharizal", "tips": {"count": 19}, "gender": "male", "lists": {"groups": [{"count": 2, "type": "created", "items": []}]}, "bio": ""}, {"id": "378793", "photo": {"prefix": "https://igx.4sqi.net/img/user/", "suffix": "/GTLCLBTA23BC5P0T.jpg"}, "homeCity": "Bangkok, Thailand", "contact": {"facebook": "681321134", "twitter": "hachimae"}, "firstName": "Hachimae", "tips": {"count": 12}, "gender": "male", "lastName": "Kindaichi", "lists": {"groups": [{"count": 3, "type": "created", "items": []}]}, "bio": ""}, {"id": "702850", "photo": {"prefix": "https://igx.4sqi.net/img/user/", "suffix": "/OVHSAB5433U2VQBU.jpg"}, "homeCity": "\u010cadca, Slovensk\u00e1 republika", "contact": {"facebook": "100000765769825", "twitter": "bchrastina"}, "firstName": "Branislav", "tips": {"count": 0}, "gender": "male", "lastName": "Chrastina", "lists": {"groups": [{"count": 2, "type": "created", "items": []}]}, "bio": ""}, {"id": "1465442", "photo": {"prefix": "https://igx.4sqi.net/img/user/", "suffix": "/A1RYAAJWB05EZZOM.jpg"}, "homeCity": "Brunei Darussalam", "contact": {"facebook": "1275506863"}, "firstName": "fauziah", "tips": {"count": 0}, "gender": "female", "lastName": "ab", "lists": {"groups": [{"count": 2, "type": "created", "items": []}]}, "bio": ""}, {"id": "4206267", "photo": {"prefix": "https://igx.4sqi.net/img/user/", "suffix": "/OC40HEX2BDOZRJDX.jpg"}, "homeCity": "Pekan Tutong, Brunei Darussalam", "contact": {"twitter": "rashidahn"}, "firstName": "Rashidah", "tips": {"count": 0}, "gender": "female", "lastName": "Narudin", "lists": {"groups": [{"count": 2, "type": "created", "items": []}]}, "bio": ""}, {"id": "854395", "photo": {"prefix": "https://igx.4sqi.net/img/user/", "suffix": "/UMDB5HH3O3SG213V.jpg"}, "homeCity": "BSB", "contact": {"facebook": "1625085430"}, "firstName": "muash", "tips": {"count": 0}, "gender": "male", "lastName": "rosman", "lists": {"groups": [{"count": 2, "type": "created", "items": []}]}, "bio": ""}, {"id": "223053", "photo": {"prefix": "https://igx.4sqi.net/img/user/", "suffix": "/CDYZPMCQAQJA15FG.jpg"}, "homeCity": "Singapore", "contact": {"facebook": "100000249765908"}, "firstName": "Royal Plaza on Scotts", "tips": {"count": 149}, "gender": "none", "lastName": "Singapore", "lists": {"groups": [{"count": 2, "type": "created", "items": []}]}, "bio": "Royal Plaza on Scotts Singapore offers free high speed WIFI for multiple devices, minibar, Nespresso gourmet coffee in all rooms. Located at Orchard Road."}, {"id": "581704", "photo": {"prefix": "https://igx.4sqi.net/img/user/", "suffix": "/ES5XVNMSM2DRIXFW.jpg"}, "homeCity": "Bandar Seri Begawan, Brunei Darussalam", "contact": {"facebook": "726290750", "twitter": "marul69"}, "firstName": "Kamarul", "tips": {"count": 133}, "gender": "male", "lastName": "Ajimain", "lists": {"groups": [{"count": 6, "type": "created", "items": []}]}, "bio": "www.geekinwhite.com"}, {"id": "500899", "photo": {"prefix": "https://igx.4sqi.net/img/user/", "suffix": "/500899-4XSMEZDBPKTNCOSQ.jpg"}, "homeCity": "BSB", "contact": {}, "firstName": "Aliya", "tips": {"count": 4}, "gender": "female", "lastName": "Zin", "lists": {"groups": [{"count": 2, "type": "created", "items": []}]}, "bio": ""}, {"id": "2313055", "photo": {"prefix": "https://igx.4sqi.net/img/user/", "suffix": "/2FBEVIGUFWM4H4LP.jpg"}, "homeCity": "Kerala", "contact": {"facebook": "677116865", "twitter": "albins"}, "firstName": "Albin", "tips": {"count": 1}, "gender": "male", "lastName": "Sebastian", "lists": {"groups": [{"count": 4, "type": "created", "items": []}]}, "bio": ""}, {"id": "4833416", "photo": {"prefix": "https://igx.4sqi.net/img/user/", "suffix": "/2JGLVFSX1LO03ZQQ.jpg"}, "homeCity": "Rancangan Perumahan Negara Lambak Kanan, Brunei Darussalam", "contact": {"facebook": "1469778687"}, "firstName": "Chumi", "tips": {"count": 0}, "gender": "female", "lastName": "Bobo", "lists": {"groups": [{"count": 2, "type": "created", "items": []}]}, "bio": ""}, {"id": "281817", "photo": {"prefix": "https://igx.4sqi.net/img/user/", "suffix": "/4RNGGDLZPFCPX4ZB.jpg"}, "homeCity": "Bandar Seri Begawan, Brunei & Muara D.", "contact": {"twitter": "chrisbombom"}, "firstName": "Chris", "tips": {"count": 27}, "gender": "male", "lastName": "Ng", "lists": {"groups": [{"count": 5, "type": "created", "items": []}]}, "bio": ""}, {"id": "3512337", "photo": {"prefix": "https://igx.4sqi.net/img/user/", "suffix": "/J2TJX1YEP01OYTFC.jpg"}, "homeCity": "Brunei", "contact": {}, "firstName": "Zumie", "tips": {"count": 0}, "gender": "female", "lastName": "Taher", "lists": {"groups": [{"count": 2, "type": "created", "items": []}]}, "bio": ""}, {"id": "4868736", "photo": {"prefix": "https://igx.4sqi.net/img/user/", "suffix": "/S4SYTEHCHA0Z4UVD.jpg"}, "homeCity": "Sengkurong, Brunei Darussalam", "contact": {"twitter": "idayani"}, "firstName": "Ida", "tips": {"count": 0}, "gender": "female", "lastName": "Sumadi", "lists": {"groups": [{"count": 2, "type": "created", "items": []}]}, "bio": ""}, {"id": "4267149", "photo": {"prefix": "https://igx.4sqi.net/img/user/", "suffix": "/3RCAAX20N1VMRTZT.jpg"}, "homeCity": "Kampung Sungai Lampa, Brunei Darussalam", "contact": {}, "firstName": "Naina", "tips": {"count": 0}, "gender": "female", "lastName": "Hj Madi", "lists": {"groups": [{"count": 2, "type": "created", "items": []}]}, "bio": ""}, {"id": "1436102", "photo": {"prefix": "https://igx.4sqi.net/img/user/", "suffix": "/5UDHBDFUKRNPBW3M.jpg"}, "homeCity": "Brunei Darussalam", "contact": {"facebook": "591020537"}, "firstName": "Mohd Azim Yazid", "tips": {"count": 0}, "gender": "male", "lastName": "Moksin", "lists": {"groups": [{"count": 2, "type": "created", "items": []}]}, "bio": ""}, {"id": "5661892", "photo": {"prefix": "https://igx.4sqi.net/img/user/", "suffix": "/DF34FCWRDCGCASYC.jpg"}, "homeCity": "Bandar Seri Begawan, Brunei Darussalam", "contact": {"facebook": "1415560020"}, "firstName": "Alwie", "tips": {"count": 1}, "gender": "male", "lastName": "Salleh", "lists": {"groups": [{"count": 2, "type": "created", "items": []}]}, "bio": ""}, {"id": "1998156", "photo": {"prefix": "https://igx.4sqi.net/img/user/", "suffix": "/ZL0EHJIEMHPRZEPM.jpg"}, "homeCity": "Brunei", "contact": {"facebook": "631285241", "twitter": "ambrosechong"}, "firstName": "Ambrose", "tips": {"count": 0}, "gender": "male", "lastName": "Chong", "lists": {"groups": [{"count": 2, "type": "created", "items": []}]}, "bio": ""}, {"id": "1585440", "photo": {"prefix": "https://igx.4sqi.net/img/user/", "suffix": "/S5CVOHRHVIANSS0U.jpg"}, "homeCity": "Brunei", "contact": {"facebook": "747960475"}, "firstName": "Kamarul", "tips": {"count": 0}, "gender": "male", "lastName": "Faizal", "lists": {"groups": [{"count": 2, "type": "created", "items": []}]}, "bio": ""}, {"id": "2381196", "photo": {"prefix": "https://igx.4sqi.net/img/user/", "default": true, "suffix": "/blank_girl.png"}, "homeCity": "Brunei", "contact": {}, "firstName": "Amal", "tips": {"count": 0}, "gender": "female", "lastName": "Tajuddin", "lists": {"groups": [{"count": 2, "type": "created", "items": []}]}, "bio": ""}, {"id": "748397", "photo": {"prefix": "https://igx.4sqi.net/img/user/", "suffix": "/ZFQHXBJM5OR1OKL5.jpg"}, "homeCity": "B.S.B, Brunei", "contact": {"facebook": "613587802", "twitter": "limtix"}, "firstName": "Tina", "tips": {"count": 3}, "gender": "female", "lastName": "Lim Keasberry", "lists": {"groups": [{"count": 2, "type": "created", "items": []}]}, "bio": ""}, {"id": "391883", "photo": {"prefix": "https://igx.4sqi.net/img/user/", "suffix": "/RATDHVIGJ2QZBHTA.jpg"}, "homeCity": "BSB", "contact": {"twitter": "4mywong"}, "firstName": "Amy", "tips": {"count": 5}, "gender": "female", "lastName": "Wong", "lists": {"groups": [{"count": 2, "type": "created", "items": []}]}, "bio": ""}, {"id": "1778794", "photo": {"prefix": "https://igx.4sqi.net/img/user/", "suffix": "/1UFS2ILU43UL2TXR.jpg"}, "homeCity": "Brunei", "contact": {}, "firstName": "Afin", "tips": {"count": 0}, "gender": "male", "lastName": "Suhaili", "lists": {"groups": [{"count": 2, "type": "created", "items": []}]}, "bio": ""}, {"id": "1468075", "photo": {"prefix": "https://igx.4sqi.net/img/user/", "suffix": "/K3CMTOXVK5HRMRY1.jpg"}, "homeCity": "Kuching, Sarawak", "contact": {"facebook": "1009202758", "twitter": "cyrildason"}, "firstName": "Cyril Dason", "tips": {"count": 94}, "gender": "male", "lastName": "Kerine", "lists": {"groups": [{"count": 4, "type": "created", "items": []}]}, "bio": "An admirer of creativity."}, {"id": "855122", "photo": {"prefix": "https://igx.4sqi.net/img/user/", "suffix": "/YFQJJWSS525NGNV0.jpg"}, "homeCity": "Lambak Kanan, Brunei Darussalam", "contact": {}, "firstName": "cloud", "tips": {"count": 14}, "gender": "male", "lastName": "leonhart", "lists": {"groups": [{"count": 3, "type": "created", "items": []}]}, "bio": ""}, {"id": "2509325", "photo": {"prefix": "https://igx.4sqi.net/img/user/", "suffix": "/F04UZRILXMNDLSSU.jpg"}, "homeCity": "Liang, Brunei Darussalam", "contact": {"facebook": "100001566041303", "twitter": "aqdonut"}, "firstName": "AQ", "tips": {"count": 1}, "gender": "male", "lastName": "Donut", "lists": {"groups": [{"count": 2, "type": "created", "items": []}]}, "bio": ""}, {"id": "903516", "photo": {"prefix": "https://igx.4sqi.net/img/user/", "suffix": "/AVMTGDLTZT5R5X2K.jpg"}, "homeCity": "Brunei Darussalam", "contact": {"facebook": "551432980", "twitter": "izan21"}, "firstName": "Izan", "tips": {"count": 0}, "gender": "female", "lastName": "Mohamad", "lists": {"groups": [{"count": 2, "type": "created", "items": []}]}, "bio": ""}, {"id": "508746", "photo": {"prefix": "https://igx.4sqi.net/img/user/", "suffix": "/508746-QGA41B0LI3DWJEOY.jpg"}, "homeCity": "Bsb, Muara", "contact": {"twitter": "frootify"}, "firstName": "froots", "tips": {"count": 74}, "gender": "male", "lists": {"groups": [{"count": 3, "type": "created", "items": []}]}, "bio": "Founder of Shopcast \u201cLife is short, don't stretch it...live it"}, {"id": "2322277", "photo": {"prefix": "https://igx.4sqi.net/img/user/", "default": true, "suffix": "/blank_boy.png"}, "homeCity": "Seria, Belait", "contact": {"facebook": "1076477434"}, "firstName": "Iskandar dGreat", "tips": {"count": 0}, "gender": "male", "lists": {"groups": [{"count": 2, "type": "created", "items": []}]}, "bio": ""}, {"id": "4884010", "photo": {"prefix": "https://igx.4sqi.net/img/user/", "suffix": "/RNJ3NXE1FPIDTJV5.jpg"}, "homeCity": "Pekan Tutong, Brunei Darussalam", "contact": {"facebook": "1204265106", "twitter": "affyzain"}, "firstName": "Affy", "tips": {"count": 0}, "gender": "none", "lastName": "Zain", "lists": {"groups": [{"count": 2, "type": "created", "items": []}]}, "bio": ""}, {"id": "1198686", "photo": {"prefix": "https://igx.4sqi.net/img/user/", "suffix": "/U004FHTS2UBEPDHB.jpg"}, "homeCity": "Brunei", "contact": {"facebook": "707074317"}, "firstName": "Redzuan", "tips": {"count": 3}, "gender": "male", "lastName": "Botty", "lists": {"groups": [{"count": 2, "type": "created", "items": []}]}, "bio": ""}, {"id": "6560686", "photo": {"prefix": "https://igx.4sqi.net/img/user/", "suffix": "/JEFQX215P5QXBLSE.jpg"}, "homeCity": "Bandar Seri Begawan, Brunei Darussalam", "contact": {"facebook": "1513774333"}, "firstName": "aleef", "tips": {"count": 0}, "gender": "male", "lastName": "hm", "lists": {"groups": [{"count": 2, "type": "created", "items": []}]}, "bio": ""}, {"id": "4416325", "photo": {"prefix": "https://igx.4sqi.net/img/user/", "suffix": "/4ACEDIOLB0WB0XFH.jpg"}, "homeCity": "Singapore", "contact": {"facebook": "581751161"}, "firstName": "Irene", "tips": {"count": 3}, "gender": "female", "lastName": "Soh", "lists": {"groups": [{"count": 2, "type": "created", "items": []}]}, "bio": ""}, {"id": "5761599", "photo": {"prefix": "https://igx.4sqi.net/img/user/", "suffix": "/5D5JVLPI1GE2O1HW.jpg"}, "homeCity": "Brunei Darussalam", "contact": {"twitter": "lexyiana"}, "firstName": "Lexyiana", "tips": {"count": 0}, "gender": "female", "lists": {"groups": [{"count": 2, "type": "created", "items": []}]}, "bio": ""}, {"id": "1999463", "photo": {"prefix": "https://igx.4sqi.net/img/user/", "suffix": "/P55I504OJK1YAJZJ.jpg"}, "homeCity": "Singapore", "contact": {"twitter": "wanihz"}, "firstName": "wani", "tips": {"count": 0}, "gender": "female", "lastName": "HZ", "lists": {"groups": [{"count": 2, "type": "created", "items": []}]}, "bio": ""}, {"id": "4021325", "photo": {"prefix": "https://igx.4sqi.net/img/user/", "suffix": "/I0DVZHZU42HYSZZ4.jpg"}, "homeCity": "Brunei", "contact": {"facebook": "1406274684"}, "firstName": "\u0634\u0631\u0645\u064a\u0631\u0627", "tips": {"count": 0}, "gender": "female", "lastName": "\u0627\u062c\u0645\u0639\u064a\u0646", "lists": {"groups": [{"count": 2, "type": "created", "items": []}]}, "bio": ""}, {"id": "2489675", "photo": {"prefix": "https://igx.4sqi.net/img/user/", "suffix": "/EH3AIRB0DTLJE1UQ.jpg"}, "homeCity": "Bandar Seri Begawan, Brunei Darussalam", "contact": {"facebook": "777280178"}, "firstName": "Mahathir", "tips": {"count": 5}, "gender": "male", "lastName": "Kifraweh", "lists": {"groups": [{"count": 2, "type": "created", "items": []}]}, "bio": ""}, {"id": "759861", "photo": {"prefix": "https://igx.4sqi.net/img/user/", "suffix": "/GJ1JHQUWJKHIOGBR.jpg"}, "homeCity": "Kuala belait", "contact": {"twitter": "kisich"}, "firstName": "Nonnie", "tips": {"count": 0}, "gender": "female", "lastName": "King", "lists": {"groups": [{"count": 2, "type": "created", "items": []}]}, "bio": ""}, {"id": "737919", "photo": {"prefix": "https://igx.4sqi.net/img/user/", "suffix": "/GHDATQZX4XDUO0XJ.jpg"}, "homeCity": "Kiulap, Brunei Darussalam", "contact": {"facebook": "100002606540006"}, "firstName": "Adi", "tips": {"count": 17}, "gender": "male", "lastName": "Rani", "lists": {"groups": [{"count": 2, "type": "created", "items": []}]}, "bio": ""}, {"id": "1965396", "photo": {"prefix": "https://igx.4sqi.net/img/user/", "suffix": "/1965396-ZFGZIK5ZJMYRW0DP.jpg"}, "homeCity": "Kg Perpindahan Mentiri", "contact": {"facebook": "848989042"}, "firstName": "Gzul Yusof", "tips": {"count": 49}, "gender": "male", "lists": {"groups": [{"count": 2, "type": "created", "items": []}]}, "bio": ""}, {"id": "862458", "photo": {"prefix": "https://igx.4sqi.net/img/user/", "suffix": "/PWLJFN5DNFB4BK3C.jpg"}, "homeCity": "Brunei Darussalam", "contact": {"twitter": "ranoadidas"}, "firstName": "Rano", "tips": {"count": 8}, "gender": "male", "lastName": "Iskandar", "lists": {"groups": [{"count": 2, "type": "created", "items": []}]}, "bio": ""}, {"id": "2589878", "photo": {"prefix": "https://igx.4sqi.net/img/user/", "suffix": "/SICSO5GTEDDZW0R0.jpg"}, "homeCity": "Bandar Seri Begawan, Brunei Darussalam", "contact": {}, "firstName": "Zainol Amin", "tips": {"count": 0}, "gender": "male", "lastName": "Jaafar", "lists": {"groups": [{"count": 2, "type": "created", "items": []}]}, "bio": ""}, {"id": "905066", "photo": {"prefix": "https://igx.4sqi.net/img/user/", "suffix": "/42F3ALEOYZOOGIZS.jpg"}, "homeCity": "Monterrey, Nuevo Le\u00f3n", "contact": {"facebook": "10152890073412026", "twitter": "sansturbot"}, "firstName": "Roberto", "tips": {"count": 77}, "gender": "male", "lastName": "Navarro", "lists": {"groups": [{"count": 19, "type": "created", "items": []}]}, "bio": ""}, {"id": "561311", "photo": {"prefix": "https://igx.4sqi.net/img/user/", "suffix": "/AORWUKAI0RNEPNSI.jpg"}, "homeCity": "Brunei", "contact": {"facebook": "747115214", "twitter": "zulfadly"}, "firstName": "Zul-Fadly", "tips": {"count": 7}, "gender": "male", "lastName": "Osman", "lists": {"groups": [{"count": 2, "type": "created", "items": []}]}, "bio": ""}, {"id": "6186484", "photo": {"prefix": "https://igx.4sqi.net/img/user/", "default": true, "suffix": "/blank_girl.png"}, "homeCity": "Brunei", "contact": {"facebook": "565675076"}, "firstName": "dina", "tips": {"count": 1}, "gender": "female", "lastName": "amdan", "lists": {"groups": [{"count": 2, "type": "created", "items": []}]}, "bio": ""}, {"id": "1589440", "photo": {"prefix": "https://igx.4sqi.net/img/user/", "default": true, "suffix": "/blank_girl.png"}, "homeCity": "Bedok, Singapore", "contact": {}, "firstName": "Joy", "tips": {"count": 0}, "gender": "female", "lastName": "Abaja", "lists": {"groups": [{"count": 2, "type": "created", "items": []}]}, "bio": ""}, {"id": "5811323", "photo": {"prefix": "https://igx.4sqi.net/img/user/", "suffix": "/NEDUQIWWCBCSPEBU.jpg"}, "homeCity": "Hong Kong", "contact": {"facebook": "661994925", "twitter": "kennyting"}, "firstName": "Kenny", "tips": {"count": 11}, "gender": "male", "lastName": "Ting", "lists": {"groups": [{"count": 2, "type": "created", "items": []}]}, "bio": ""}, {"id": "5848992", "photo": {"prefix": "https://igx.4sqi.net/img/user/", "suffix": "/VNMO5VLKUVAEXXI2.jpg"}, "homeCity": "Gadong, Brunei Darussalam", "contact": {}, "firstName": "Eleena", "tips": {"count": 0}, "gender": "female", "lastName": "Anuar", "lists": {"groups": [{"count": 2, "type": "created", "items": []}]}, "bio": ""}, {"id": "2000021", "photo": {"prefix": "https://igx.4sqi.net/img/user/", "suffix": "/2000021-LSMHGZ4G1DLFVWWE.jpg"}, "homeCity": "Bangkok, Thailand", "contact": {"facebook": "1407936585", "twitter": "ipd_thann"}, "firstName": "Than", "tips": {"count": 10}, "gender": "male", "lastName": "Ipd", "lists": {"groups": [{"count": 3, "type": "created", "items": []}]}, "bio": ""}, {"id": "4572823", "photo": {"prefix": "https://igx.4sqi.net/img/user/", "default": true, "suffix": "/blank_girl.png"}, "homeCity": "", "contact": {"facebook": "635745505", "twitter": "thelazyturtle"}, "firstName": "Amani", "tips": {"count": 0}, "gender": "female", "lastName": "Athirah", "lists": {"groups": [{"count": 2, "type": "created", "items": []}]}, "bio": ""}, {"id": "2920406", "photo": {"prefix": "https://igx.4sqi.net/img/user/", "suffix": "/2920406_PC2gtgYo_dEK83WeFbfXje5UeDpiDwYjyARoTXafJK_vebQA4c_gnQYfQnjtQHX_lJ0dV23DZ.jpg"}, "homeCity": "Bandar Seri Begawan, Brunei", "contact": {"facebook": "583320436", "twitter": "icys"}, "firstName": "icys", "tips": {"count": 12}, "gender": "female", "lastName": "wonder", "lists": {"groups": [{"count": 2, "type": "created", "items": []}]}, "bio": ""}, {"id": "1740681", "photo": {"prefix": "https://igx.4sqi.net/img/user/", "suffix": "/Y0YMADGKF5FLDEVD.jpg"}, "homeCity": "Labuan, WP Labuan", "contact": {"facebook": "581340874", "twitter": "helwi_hamilton"}, "firstName": "Helwi", "tips": {"count": 1}, "gender": "female", "lastName": "Hamilton", "lists": {"groups": [{"count": 2, "type": "created", "items": []}]}, "bio": "Nothing to declare!"}, {"id": "985647", "photo": {"prefix": "https://igx.4sqi.net/img/user/", "suffix": "/GMEQDRJAKR2FU5X2.jpg"}, "homeCity": "BSB", "contact": {"facebook": "757419138", "twitter": "aleefhs"}, "firstName": "A-Leef", "tips": {"count": 0}, "gender": "male", "lastName": "Hs", "lists": {"groups": [{"count": 2, "type": "created", "items": []}]}, "bio": ""}, {"id": "2951652", "photo": {"prefix": "https://igx.4sqi.net/img/user/", "suffix": "/IPLQVRCVFPIZZMNS.jpg"}, "homeCity": "Sengkurong, Brunei", "contact": {}, "firstName": "Hana", "tips": {"count": 0}, "gender": "female", "lastName": "Wally", "lists": {"groups": [{"count": 2, "type": "created", "items": []}]}, "bio": ""}, {"id": "863472", "photo": {"prefix": "https://igx.4sqi.net/img/user/", "suffix": "/O0KHN0EJCN400PEE.jpg"}, "homeCity": "Bandar Seri Begawan", "contact": {"facebook": "574925730", "twitter": "denogoh"}, "firstName": "Deno", "tips": {"count": 1}, "gender": "male", "lastName": "Goh", "lists": {"groups": [{"count": 2, "type": "created", "items": []}]}, "bio": ""}, {"id": "2606911", "photo": {"prefix": "https://irs0.4sqi.net/img/user/", "suffix": "/QSQHXJQMP4VDY1EI.jpg"}, "homeCity": "Bandar Seri Begawan, Brunei Darussalam", "contact": {"twitter": "advise45"}, "firstName": "Azman", "tips": {"count": 10}, "gender": "male", "lastName": "Error", "lists": {"groups": [{"count": 2, "type": "created", "items": []}]}, "bio": ""}, {"id": "907329", "photo": {"prefix": "https://igx.4sqi.net/img/user/", "suffix": "/WSVZWWOZQ0BEXE4W.jpg"}, "homeCity": "Brunei", "contact": {}, "firstName": "Azichi", "tips": {"count": 2}, "gender": "male", "lastName": "Panda", "lists": {"groups": [{"count": 3, "type": "created", "items": []}]}, "bio": ""}, {"id": "1031415", "photo": {"prefix": "https://igx.4sqi.net/img/user/", "suffix": "/1031415-OOA32UL1QZ33RU2L.jpg"}, "homeCity": "Singapore", "contact": {}, "firstName": "Amin", "tips": {"count": 3}, "gender": "male", "lastName": "Mohd", "lists": {"groups": [{"count": 2, "type": "created", "items": []}]}, "bio": ""}, {"id": "6971221", "photo": {"prefix": "https://igx.4sqi.net/img/user/", "default": true, "suffix": "/blank_girl.png"}, "homeCity": "Brunei Darussalam", "contact": {}, "firstName": "Dyda", "tips": {"count": 0}, "gender": "female", "lastName": "Naris", "lists": {"groups": [{"count": 2, "type": "created", "items": []}]}, "bio": ""}, {"id": "5140952", "photo": {"prefix": "https://igx.4sqi.net/img/user/", "suffix": "/BIVQD2HNTGMPIQEY.jpg"}, "homeCity": "Brunei Darussalam", "contact": {}, "firstName": "Fyza", "tips": {"count": 0}, "gender": "female", "lastName": "Twentyfives", "lists": {"groups": [{"count": 2, "type": "created", "items": []}]}, "bio": ""}, {"id": "6569935", "photo": {"prefix": "https://igx.4sqi.net/img/user/", "suffix": "/6569935-3JL2QRVHK01J4M0R.jpg"}, "homeCity": "Mentiri, Brunei Darussalam", "contact": {"facebook": "1571200945"}, "firstName": "Fakrul", "tips": {"count": 0}, "gender": "male", "lastName": "El-Siwon", "lists": {"groups": [{"count": 2, "type": "created", "items": []}]}, "bio": ""}, {"id": "6080659", "photo": {"prefix": "https://igx.4sqi.net/img/user/", "suffix": "/LCDJJKB3HRZFR22W.jpg"}, "homeCity": "New York, NY", "contact": {"facebook": "631326350", "twitter": "janah312"}, "firstName": "Janah", "tips": {"count": 0}, "gender": "female", "lastName": "Hamdan", "lists": {"groups": [{"count": 2, "type": "created", "items": []}]}, "bio": ""}, {"id": "2289140", "photo": {"prefix": "https://igx.4sqi.net/img/user/", "default": true, "suffix": "/blank_girl.png"}, "homeCity": "Brunei Darussalam", "contact": {}, "firstName": "Didie", "tips": {"count": 0}, "gender": "female", "lastName": "Farizah", "lists": {"groups": [{"count": 2, "type": "created", "items": []}]}, "bio": ""}, {"id": "8890237", "photo": {"prefix": "https://igx.4sqi.net/img/user/", "suffix": "/RVEJDTYIGXWDXWCF.jpg"}, "homeCity": "Rancangan Perumahan Negara Lambak Kanan, Brunei Darussalam", "contact": {}, "firstName": "Zuraidah", "tips": {"count": 0}, "gender": "female", "lastName": "Rahman", "lists": {"groups": [{"count": 2, "type": "created", "items": []}]}, "bio": ""}, {"id": "2929950", "photo": {"prefix": "https://igx.4sqi.net/img/user/", "suffix": "/FB1SFM1DZOP5QPUP.jpg"}, "homeCity": "Masin, Brunei", "contact": {"facebook": "682319326"}, "firstName": "Shah", "tips": {"count": 0}, "gender": "male", "lastName": "Indrawani", "lists": {"groups": [{"count": 2, "type": "created", "items": []}]}, "bio": ""}, {"id": "3447301", "photo": {"prefix": "https://igx.4sqi.net/img/user/", "suffix": "/B40RXKV5RKQDJXXZ.jpg"}, "homeCity": "Brunei", "contact": {"facebook": "7906387"}, "firstName": "Manuel", "tips": {"count": 1}, "gender": "male", "lastName": "Guzm\u00e1n", "lists": {"groups": [{"count": 2, "type": "created", "items": []}]}, "bio": ""}, {"id": "988111", "photo": {"prefix": "https://igx.4sqi.net/img/user/", "suffix": "/2KGQISUA5JUNKXRO.jpg"}, "homeCity": "Tutong, Brunei", "contact": {"facebook": "764434007", "twitter": "hosnyrahman"}, "firstName": "hosny", "tips": {"count": 14}, "gender": "none", "lastName": "ali rahman", "lists": {"groups": [{"count": 2, "type": "created", "items": []}]}, "bio": ""}, {"id": "2952728", "photo": {"prefix": "https://igx.4sqi.net/img/user/", "default": true, "suffix": "/blank_girl.png"}, "homeCity": "Seria, Brunei", "contact": {}, "firstName": "Vivian", "tips": {"count": 0}, "gender": "female", "lastName": "Chia", "lists": {"groups": [{"count": 2, "type": "created", "items": []}]}, "bio": ""}, {"id": "863547", "photo": {"prefix": "https://igx.4sqi.net/img/user/", "suffix": "/BL2K5WDVW44DTZN2.jpg"}, "homeCity": "Bandar Seri Begawan, Brunei Darussalam", "contact": {"facebook": "511024259", "twitter": "bybykinzz"}, "firstName": "Bybykinzz", "tips": {"count": 5}, "gender": "female", "lastName": "R.", "lists": {"groups": [{"count": 2, "type": "created", "items": []}]}, "bio": ""}, {"id": "2663596", "photo": {"prefix": "https://igx.4sqi.net/img/user/", "suffix": "/AX0UI1UMBPZUP4JO.jpg"}, "homeCity": "Brunei", "contact": {}, "firstName": "janah", "tips": {"count": 0}, "gender": "female", "lastName": "hamdan", "lists": {"groups": [{"count": 2, "type": "created", "items": []}]}, "bio": ""}, {"id": "1031511", "photo": {"prefix": "https://igx.4sqi.net/img/user/", "suffix": "/NICMXB50P3WOD4VB.jpg"}, "homeCity": "Brunei Darussalam", "contact": {"twitter": "waneehazwanie"}, "firstName": "Zati", "tips": {"count": 1}, "gender": "female", "lastName": "Hazwani", "lists": {"groups": [{"count": 2, "type": "created", "items": []}]}, "bio": ""}, {"id": "7246514", "photo": {"prefix": "https://igx.4sqi.net/img/user/", "suffix": "/FKUOESB2N2OXL0VI.jpg"}, "homeCity": "Orange, CA", "contact": {"twitter": "phinoybrand"}, "firstName": "hoy", "tips": {"count": 0}, "gender": "male", "lastName": "psst", "lists": {"groups": [{"count": 2, "type": "created", "items": []}]}, "bio": ""}, {"id": "6721334", "photo": {"prefix": "https://igx.4sqi.net/img/user/", "suffix": "/3FKUDPMZXLFFUUX2.jpg"}, "homeCity": "Berakas B, Brunei Darussalam", "contact": {}, "firstName": "Salwa", "tips": {"count": 0}, "gender": "female", "lastName": "Kadir", "lists": {"groups": [{"count": 2, "type": "created", "items": []}]}, "bio": ""}, {"id": "6672345", "photo": {"prefix": "https://igx.4sqi.net/img/user/", "suffix": "/QABRO5JF3OAWG0HW.jpg"}, "homeCity": "Brunei", "contact": {"facebook": "100000141912077"}, "firstName": "zeqen", "tips": {"count": 1}, "gender": "male", "lastName": "ghani", "lists": {"groups": [{"count": 2, "type": "created", "items": []}]}, "bio": ""}, {"id": "6101932", "photo": {"prefix": "https://igx.4sqi.net/img/user/", "suffix": "/SZPABDRJYX4T0VTN.jpg"}, "homeCity": "Brunei", "contact": {"facebook": "740242682"}, "firstName": "SALWANA", "tips": {"count": 0}, "gender": "female", "lastName": "JAAFAR", "lists": {"groups": [{"count": 2, "type": "created", "items": []}]}, "bio": ""}, {"id": "2715034", "photo": {"prefix": "https://igx.4sqi.net/img/user/", "suffix": "/XSE42QVRIEAG0EK2.jpg"}, "homeCity": "Bandar Seri Begawan, Brunei Darussalam", "contact": {}, "firstName": "Mimi", "tips": {"count": 5}, "gender": "female", "lastName": "Sa", "lists": {"groups": [{"count": 2, "type": "created", "items": []}]}, "bio": ""}, {"id": "3157504", "photo": {"prefix": "https://igx.4sqi.net/img/user/", "suffix": "/2YEZZNON0VUGTNZG.jpg"}, "homeCity": "Berakas B, Brunei", "contact": {"facebook": "671513704"}, "firstName": "Allyanna", "tips": {"count": 1}, "gender": "female", "lastName": "Iqmal", "lists": {"groups": [{"count": 2, "type": "created", "items": []}]}, "bio": ""}, {"id": "3451122", "photo": {"prefix": "https://igx.4sqi.net/img/user/", "suffix": "/OQJRWFV0YKYYNJKX.jpg"}, "homeCity": "Bandar Seri Begawan, Brunei", "contact": {"facebook": "619226084"}, "firstName": "Alin", "tips": {"count": 0}, "gender": "female", "lastName": "Marsal", "lists": {"groups": [{"count": 2, "type": "created", "items": []}]}, "bio": ""}, {"id": "999212", "photo": {"prefix": "https://igx.4sqi.net/img/user/", "suffix": "/999212-FK4TBTZLEUSLZWGS.jpg"}, "homeCity": "Brunei", "contact": {"facebook": "852720359", "twitter": "aslanxiii"}, "firstName": "Lan HMI", "tips": {"count": 0}, "gender": "male", "lists": {"groups": [{"count": 2, "type": "created", "items": []}]}, "bio": ""}, {"id": "3547603", "photo": {"prefix": "https://igx.4sqi.net/img/user/", "suffix": "/PNDR2RTY4FYMGS3V.jpg"}, "homeCity": "Brunei", "contact": {"facebook": "100000571302368"}, "firstName": "sarina", "tips": {"count": 0}, "gender": "female", "lastName": "mahdi", "lists": {"groups": [{"count": 2, "type": "created", "items": []}]}, "bio": ""}, {"id": "863857", "photo": {"prefix": "https://igx.4sqi.net/img/user/", "suffix": "/4BYVH13K1XXM50UN.jpg"}, "homeCity": "Tutong, Brunei", "contact": {"facebook": "10156714766635319", "twitter": "luluphm"}, "firstName": "LuluPHM", "tips": {"count": 2}, "gender": "female", "lists": {"groups": [{"count": 2, "type": "created", "items": []}]}, "bio": ""}, {"id": "2816106", "photo": {"prefix": "https://igx.4sqi.net/img/user/", "suffix": "/QWSRCUHFL3DWWPQQ.jpg"}, "homeCity": "Belfast, UK", "contact": {"facebook": "749190972"}, "firstName": "Abdul Kafi", "tips": {"count": 5}, "gender": "male", "lastName": "Amanuddin", "lists": {"groups": [{"count": 2, "type": "created", "items": []}]}, "bio": ""}, {"id": "1032917", "photo": {"prefix": "https://igx.4sqi.net/img/user/", "suffix": "/H01M0KIILDBDPSN3.jpg"}, "homeCity": "Bandar Seri Begawan, Brunei & Muara Distr", "contact": {"facebook": "656631897", "twitter": "salalihashim"}, "firstName": "Sal", "tips": {"count": 0}, "gender": "male", "lastName": "Ali Hashim", "lists": {"groups": [{"count": 2, "type": "created", "items": []}]}, "bio": ""}, {"id": "7578437", "photo": {"prefix": "https://igx.4sqi.net/img/user/", "suffix": "/RE3HG0INQK1QVOP3.jpg"}, "homeCity": "Perpindahan Lambak Kanan", "contact": {"facebook": "1016889118"}, "firstName": "ju", "tips": {"count": 12}, "gender": "none", "lastName": "emNar", "lists": {"groups": [{"count": 4, "type": "created", "items": []}]}, "bio": ""}, {"id": "6808022", "photo": {"prefix": "https://igx.4sqi.net/img/user/", "suffix": "/SXRVX0XJRHNA2OE4.jpg"}, "homeCity": "Kampung Beribi, Brunei Darussalam", "contact": {}, "firstName": "Grace", "tips": {"count": 0}, "gender": "none", "lastName": "Chong", "lists": {"groups": [{"count": 2, "type": "created", "items": []}]}, "bio": ""}, {"id": "6130071", "photo": {"prefix": "https://igx.4sqi.net/img/user/", "suffix": "/KBFMY2BOK1GP2TYL.jpg"}, "homeCity": "Gadong, Brunei Darussalam", "contact": {"twitter": "edayussof"}, "firstName": "Eda", "tips": {"count": 0}, "gender": "female", "lastName": "Yussof", "lists": {"groups": [{"count": 2, "type": "created", "items": []}]}, "bio": ""}, {"id": "3572549", "photo": {"prefix": "https://igx.4sqi.net/img/user/", "suffix": "/1PYU4LJDBZN4KAKJ.jpg"}, "homeCity": "Sengkurong, Brunei", "contact": {"facebook": "1125203406"}, "firstName": "Testaretta", "tips": {"count": 1}, "gender": "male", "lastName": "Tony", "lists": {"groups": [{"count": 2, "type": "created", "items": []}]}, "bio": ""}, {"id": "3162161", "photo": {"prefix": "https://igx.4sqi.net/img/user/", "suffix": "/S14I21YDKS5ULOV4.jpg"}, "homeCity": "Berakas A, Brunei", "contact": {"facebook": "652618641"}, "firstName": "Abdul", "tips": {"count": 0}, "gender": "male", "lastName": "Aziz", "lists": {"groups": [{"count": 2, "type": "created", "items": []}]}, "bio": ""}, {"id": "3475077", "photo": {"prefix": "https://igx.4sqi.net/img/user/", "suffix": "/BABWIURN1V2CG0CU.jpg"}, "homeCity": "Brunei", "contact": {"facebook": "772813515", "twitter": "apisuddin"}, "firstName": "Apisuddin", "tips": {"count": 15}, "gender": "male", "lastName": "Abu Bakar", "lists": {"groups": [{"count": 2, "type": "created", "items": []}]}, "bio": ""}, {"id": "1074347", "photo": {"prefix": "https://igx.4sqi.net/img/user/", "suffix": "/00KVHQHCMMFWAVDV.jpg"}, "homeCity": "Bandar Seri Begawan, Brunei Darussalam", "contact": {"facebook": "100000926767534", "twitter": "saifolrosman"}, "firstName": "saifol", "tips": {"count": 0}, "gender": "male", "lastName": "rosman", "lists": {"groups": [{"count": 2, "type": "created", "items": []}]}, "bio": ""}, {"id": "4933031", "photo": {"prefix": "https://igx.4sqi.net/img/user/", "suffix": "/BZPKPH4F1KDLXOY1.jpg"}, "homeCity": "Brunei Darussalam", "contact": {"facebook": "644426345", "twitter": "zazamohamad"}, "firstName": "Zaza", "tips": {"count": 6}, "gender": "female", "lastName": "Mohamad", "lists": {"groups": [{"count": 2, "type": "created", "items": []}]}, "bio": ""}, {"id": "877879", "photo": {"prefix": "https://igx.4sqi.net/img/user/", "suffix": "/877879-SBJYBVIZQHC3Y3VE.jpg"}, "homeCity": "Belait, Brunei Darussalam", "contact": {"facebook": "100005612166210", "twitter": "eroyyussof"}, "firstName": "Khairul", "tips": {"count": 13}, "gender": "male", "lastName": "Yussof", "lists": {"groups": [{"count": 2, "type": "created", "items": []}]}, "bio": "Back to Harsh Diet and Regular Workouts.! Don't judge me as I'm not perfect.!"}, {"id": "3272777", "photo": {"prefix": "https://igx.4sqi.net/img/user/", "suffix": "/LISUYX4EPPR2UZOG.jpg"}, "homeCity": "Gadong, Brunei", "contact": {}, "firstName": "Leesa", "tips": {"count": 0}, "gender": "female", "lastName": "NanLisa", "lists": {"groups": [{"count": 2, "type": "created", "items": []}]}, "bio": ""}, {"id": "1044095", "photo": {"prefix": "https://igx.4sqi.net/img/user/", "suffix": "/YPJRPJ0Q3QFHPUBC.jpg"}, "homeCity": "Bandar Seri Begawan, Brunei", "contact": {"facebook": "701581816", "twitter": "tehtarik306"}, "firstName": "Tehtarik", "tips": {"count": 1}, "gender": "male", "lastName": "Ping", "lists": {"groups": [{"count": 2, "type": "created", "items": []}]}, "bio": ""}, {"id": "6837024", "photo": {"prefix": "https://igx.4sqi.net/img/user/", "suffix": "/STHAMOIFOKSSIKIV.jpg"}, "homeCity": "\u6771\u4eac\u90fd, \u65e5\u672c", "contact": {"facebook": "100000171430626", "twitter": "xiaaaaariii"}, "firstName": "Abe", "tips": {"count": 0}, "gender": "female", "lastName": "Nami", "lists": {"groups": [{"count": 2, "type": "created", "items": []}]}, "bio": ""}, {"id": "8181417", "photo": {"prefix": "https://igx.4sqi.net/img/user/", "suffix": "/1YVJPQHASMUEZPKH.jpg"}, "homeCity": "USA", "contact": {"facebook": "100000619648275", "twitter": "iamcreationsart"}, "firstName": "Jolee", "tips": {"count": 0}, "gender": "female", "lastName": "May", "lists": {"groups": [{"count": 2, "type": "created", "items": []}]}, "bio": ""}, {"id": "3650311", "photo": {"prefix": "https://igx.4sqi.net/img/user/", "suffix": "/LZ3MQN2O3RTE1HGJ.jpg"}, "homeCity": "Brunei", "contact": {"twitter": "maherajim"}, "firstName": "Badrul", "tips": {"count": 1}, "gender": "male", "lastName": "Adzim", "lists": {"groups": [{"count": 2, "type": "created", "items": []}]}, "bio": ""}, {"id": "3531068", "photo": {"prefix": "https://igx.4sqi.net/img/user/", "suffix": "/ONPV5IU1ZVYYOWUA.jpg"}, "homeCity": "Bandar Seri Begawan, Brunei", "contact": {"facebook": "609888370"}, "firstName": "Azimah", "tips": {"count": 0}, "gender": "female", "lastName": "Gafar", "lists": {"groups": [{"count": 2, "type": "created", "items": []}]}, "bio": ""}, {"id": "4099733", "photo": {"prefix": "https://igx.4sqi.net/img/user/", "default": true, "suffix": "/blank_boy.png"}, "homeCity": "Kampung Sungai Lampa, Brunei Darussalam", "contact": {}, "firstName": "BByz", "tips": {"count": 0}, "gender": "none", "lastName": "Fadlinaz", "lists": {"groups": [{"count": 2, "type": "created", "items": []}]}, "bio": ""}, {"id": "1076715", "photo": {"prefix": "https://igx.4sqi.net/img/user/", "suffix": "/TS34V0REOF0AHD1P.jpg"}, "homeCity": "Hartford, CT", "contact": {}, "firstName": "David", "tips": {"count": 8}, "gender": "male", "lastName": "James", "lists": {"groups": [{"count": 2, "type": "created", "items": []}]}, "bio": ""}, {"id": "4945686", "photo": {"prefix": "https://igx.4sqi.net/img/user/", "default": true, "suffix": "/blank_girl.png"}, "homeCity": "Muara, Brunei Darussalam", "contact": {"facebook": "1147367980"}, "firstName": "Golden", "tips": {"count": 0}, "gender": "female", "lastName": "White", "lists": {"groups": [{"count": 2, "type": "created", "items": []}]}, "bio": ""}, {"id": "928451", "photo": {"prefix": "https://igx.4sqi.net/img/user/", "suffix": "/928451-FSNSW1GYHFO2UP23.jpg"}, "homeCity": "Brunei", "contact": {"facebook": "711584012", "twitter": "rckp6u3d"}, "firstName": "Richard", "tips": {"count": 24}, "gender": "male", "lastName": "Chua", "lists": {"groups": [{"count": 2, "type": "created", "items": []}]}, "bio": ""}, {"id": "3276288", "photo": {"prefix": "https://igx.4sqi.net/img/user/", "suffix": "/3276288-HGBEQKZHBMT44EXF.jpg"}, "homeCity": "Brunei/Jakarta/Singapore", "contact": {"twitter": "mdee232"}, "firstName": "H Mahadee", "tips": {"count": 2}, "gender": "male", "lastName": "BHD,Maj(Rtd)", "lists": {"groups": [{"count": 2, "type": "created", "items": []}]}, "bio": "CEO, Kirpa Niaga Sdn Bhd\r\nExecutive Chairman, HoB.Air"}, {"id": "1044280", "photo": {"prefix": "https://igx.4sqi.net/img/user/", "suffix": "/TAZYWFCOCSMAOC4T.jpg"}, "homeCity": "Bandar Seri Begawan, Brunei", "contact": {"facebook": "1550441527"}, "firstName": "JanePs", "tips": {"count": 0}, "gender": "none", "lastName": "PsJane", "lists": {"groups": [{"count": 2, "type": "created", "items": []}]}, "bio": ""}, {"id": "6856503", "photo": {"prefix": "https://igx.4sqi.net/img/user/", "suffix": "/3ZOI01JXD2VQPO4P.jpg"}, "homeCity": "Kianggeh, Brunei Darussalam", "contact": {"facebook": "100000482096001"}, "firstName": "vinn", "tips": {"count": 0}, "gender": "female", "lastName": "mspi", "lists": {"groups": [{"count": 2, "type": "created", "items": []}]}, "bio": ""}, {"id": "8483404", "photo": {"prefix": "https://igx.4sqi.net/img/user/", "suffix": "/GTW3IWWO2WRXHG0X.jpg"}, "homeCity": "Swindon, UK", "contact": {}, "firstName": "Jerzy", "tips": {"count": 1}, "gender": "male", "lastName": "Pilipczuk", "lists": {"groups": [{"count": 2, "type": "created", "items": []}]}, "bio": ""}, {"id": "3665920", "photo": {"prefix": "https://igx.4sqi.net/img/user/", "suffix": "/O3HN3JJSV2V4UIHZ.jpg"}, "homeCity": "Mentiri, Brunei Darussalam", "contact": {"facebook": "709195366", "twitter": "remymelissa"}, "firstName": "Melissa", "tips": {"count": 51}, "gender": "female", "lastName": "Marzuki", "lists": {"groups": [{"count": 2, "type": "created", "items": []}]}, "bio": ""}, {"id": "3751676", "photo": {"prefix": "https://igx.4sqi.net/img/user/", "suffix": "/J14EHPKP3OU3XQJX.jpg"}, "homeCity": "Kampung Bunut, Brunei", "contact": {}, "firstName": "Deea", "tips": {"count": 0}, "gender": "female", "lastName": "Zulkefly", "lists": {"groups": [{"count": 2, "type": "created", "items": []}]}, "bio": ""}, {"id": "4188570", "photo": {"prefix": "https://igx.4sqi.net/img/user/", "suffix": "/DWKZHMAYTLA1VNGC.jpg"}, "homeCity": "Gadong, Brunei Darussalam", "contact": {"facebook": "545243042", "twitter": "reezzzzz"}, "firstName": "Reez", "tips": {"count": 4}, "gender": "female", "lastName": "Mahmud", "lists": {"groups": [{"count": 2, "type": "created", "items": []}]}, "bio": ""}, {"id": "1083662", "photo": {"prefix": "https://igx.4sqi.net/img/user/", "suffix": "/BQCTVCN41DOJSPKU.jpg"}, "homeCity": "Bandar Seri Begawan, Brunei", "contact": {"facebook": "663185593", "twitter": "amalnad"}, "firstName": "amal", "tips": {"count": 2}, "gender": "female", "lastName": "nad", "lists": {"groups": [{"count": 2, "type": "created", "items": []}]}, "bio": ""}, {"id": "928864", "photo": {"prefix": "https://igx.4sqi.net/img/user/", "suffix": "/QNUHKT4J3QNZPAVB.jpg"}, "homeCity": "Brunei Darussalam", "contact": {}, "firstName": "Sarina", "tips": {"count": 6}, "gender": "female", "lastName": "Taib", "lists": {"groups": [{"count": 2, "type": "created", "items": []}]}, "bio": ""}, {"id": "3276610", "photo": {"prefix": "https://igx.4sqi.net/img/user/", "suffix": "/IMHREB2ZT0FBOHLJ.jpg"}, "homeCity": "Pekan Tutong, Brunei", "contact": {}, "firstName": "Hafizan", "tips": {"count": 0}, "gender": "male", "lastName": "Haji Harun", "lists": {"groups": [{"count": 2, "type": "created", "items": []}]}, "bio": ""}, {"id": "2149956", "photo": {"prefix": "https://igx.4sqi.net/img/user/", "suffix": "/LNTGTRCL25CLLZ05.jpg"}, "homeCity": "Tanjong Maya, Brunei Darussalam", "contact": {"facebook": "100000125215466"}, "firstName": "Lina", "tips": {"count": 1}, "gender": "female", "lastName": "Bakar", "lists": {"groups": [{"count": 2, "type": "created", "items": []}]}, "bio": ""}, {"id": "7138212", "photo": {"prefix": "https://igx.4sqi.net/img/user/", "default": true, "suffix": "/blank_girl.png"}, "homeCity": "Kilanas, Brunei Darussalam", "contact": {}, "firstName": "Mahyun", "tips": {"count": 0}, "gender": "female", "lastName": "Manan", "lists": {"groups": [{"count": 2, "type": "created", "items": []}]}, "bio": ""}, {"id": "3956228", "photo": {"prefix": "https://igx.4sqi.net/img/user/", "suffix": "/S5Z14LSBR3251WF1.jpg"}, "homeCity": "Kianggeh, Brunei", "contact": {}, "firstName": "gemma", "tips": {"count": 0}, "gender": "female", "lastName": "joe", "lists": {"groups": [{"count": 2, "type": "created", "items": []}]}, "bio": ""}, {"id": "3840058", "photo": {"prefix": "https://igx.4sqi.net/img/user/", "suffix": "/PEXJDJBL41XCVBNG.jpg"}, "homeCity": "Kampong Tanjong Nangka, Brunei Darussalam", "contact": {"facebook": "637565667"}, "firstName": "Haffi Mish", "tips": {"count": 2}, "gender": "none", "lastName": "Salleh", "lists": {"groups": [{"count": 2, "type": "created", "items": []}]}, "bio": ""}, {"id": "5039924", "photo": {"prefix": "https://igx.4sqi.net/img/user/", "suffix": "/N2Q0EVUFX3Y3YMFZ.jpg"}, "homeCity": "Truro, Canada", "contact": {"facebook": "628635449", "twitter": "travelbyterry"}, "firstName": "Terry", "tips": {"count": 1}, "gender": "female", "lastName": "Larke", "lists": {"groups": [{"count": 2, "type": "created", "items": []}]}, "bio": ""}, {"id": "3330782", "photo": {"prefix": "https://igx.4sqi.net/img/user/", "suffix": "/3330782-5RKNMCWBSQXUA3ZL.jpg"}, "homeCity": "Brunei", "contact": {"twitter": "_hudasabry_"}, "firstName": "Huda", "tips": {"count": 21}, "gender": "female", "lastName": "Sabry", "lists": {"groups": [{"count": 2, "type": "created", "items": []}]}, "bio": "Little wanderer. \ud83d\udeb6\ud83c\udffb\u200d\u2640\ufe0f\nA wife and a mother."}, {"id": "931889", "photo": {"prefix": "https://igx.4sqi.net/img/user/", "suffix": "/1XUOESANH3UIAVOH.jpg"}, "homeCity": "Brunei Muara, Brunei Darussalam", "contact": {"facebook": "556750866"}, "firstName": "Mary", "tips": {"count": 3}, "gender": "female", "lastName": "Atoy", "lists": {"groups": [{"count": 2, "type": "created", "items": []}]}, "bio": ""}, {"id": "3677513", "photo": {"prefix": "https://igx.4sqi.net/img/user/", "suffix": "/S3FTWTZBTFLAXAZH.jpg"}, "homeCity": "Brunei", "contact": {"facebook": "638473088", "twitter": "aennpsa"}, "firstName": "Dk Aenn", "tips": {"count": 0}, "gender": "female", "lastName": "PSA", "lists": {"groups": [{"count": 2, "type": "created", "items": []}]}, "bio": ""}, {"id": "7141876", "photo": {"prefix": "https://igx.4sqi.net/img/user/", "suffix": "/BUCLOM3TRWFPSVUE.jpg"}, "homeCity": "Gadong, Brunei Darussalam", "contact": {}, "firstName": "Syasya", "tips": {"count": 0}, "gender": "female", "lastName": "Maisarah", "lists": {"groups": [{"count": 2, "type": "created", "items": []}]}, "bio": ""}, {"id": "7330130", "photo": {"prefix": "https://igx.4sqi.net/img/user/", "suffix": "/UCJDT4BKGIRQXS0X.jpg"}, "homeCity": "Brunei Darussalam", "contact": {"facebook": "1354077704", "twitter": "asneyraa"}, "firstName": "nurul", "tips": {"count": 0}, "gender": "female", "lastName": "muqxzneyrrah", "lists": {"groups": [{"count": 2, "type": "created", "items": []}]}, "bio": ""}, {"id": "3913793", "photo": {"prefix": "https://igx.4sqi.net/img/user/", "suffix": "/N3I3VWDHZKVNVNYW.jpg"}, "homeCity": "Qlap, Brunei Darussalam", "contact": {"facebook": "527643316"}, "firstName": "B|K-KaRoK", "tips": {"count": 10}, "gender": "none", "lists": {"groups": [{"count": 2, "type": "created", "items": []}]}, "bio": ""}, {"id": "5043780", "photo": {"prefix": "https://igx.4sqi.net/img/user/", "suffix": "/5043780-112IV2J523ZHB4JO.jpg"}, "homeCity": "Kg Rimba,Brunei", "contact": {"facebook": "740934261", "twitter": "zulfaaadhli"}, "firstName": "Zulfadhli", "tips": {"count": 9}, "gender": "male", "lastName": "Zulzali", "lists": {"groups": [{"count": 2, "type": "created", "items": []}]}, "bio": ""}, {"id": "3332659", "photo": {"prefix": "https://igx.4sqi.net/img/user/", "suffix": "/B5PQDT0SVCD0YFM4.jpg"}, "homeCity": "Lambak Kanan", "contact": {"facebook": "868670176"}, "firstName": "Leah", "tips": {"count": 0}, "gender": "female", "lastName": "Wilis", "lists": {"groups": [{"count": 2, "type": "created", "items": []}]}, "bio": ""}, {"id": "940889", "photo": {"prefix": "https://igx.4sqi.net/img/user/", "suffix": "/BCT5TDIW4UZSGKVD.jpg"}, "homeCity": "Bandat Seri Begawan", "contact": {"facebook": "1144869967", "twitter": "adeebz"}, "firstName": "Adib", "tips": {"count": 0}, "gender": "male", "lists": {"groups": [{"count": 2, "type": "created", "items": []}]}, "bio": ""}, {"id": "3721647", "photo": {"prefix": "https://igx.4sqi.net/img/user/", "suffix": "/XUZNEQY2LM4KYJA5.jpg"}, "homeCity": "Mentiri, Brunei Darussalam", "contact": {"facebook": "674607104", "twitter": "d_estralita"}, "firstName": "Dee", "tips": {"count": 2}, "gender": "female", "lastName": "Kasim", "lists": {"groups": [{"count": 2, "type": "created", "items": []}]}, "bio": ""}, {"id": "7342322", "photo": {"prefix": "https://igx.4sqi.net/img/user/", "suffix": "/1M52R00BJWGKAOIO.jpg"}, "homeCity": "Gadong, Brunei Darussalam", "contact": {"facebook": "731904700"}, "firstName": "Liyana", "tips": {"count": 0}, "gender": "female", "lastName": "189", "lists": {"groups": [{"count": 2, "type": "created", "items": []}]}, "bio": ""}, {"id": "3927952", "photo": {"prefix": "https://igx.4sqi.net/img/user/", "default": true, "suffix": "/blank_boy.png"}, "homeCity": "Brunei", "contact": {"facebook": "649489386"}, "firstName": "Selvam", "tips": {"count": 0}, "gender": "male", "lastName": "Ma", "lists": {"groups": [{"count": 2, "type": "created", "items": []}]}, "bio": ""}, {"id": "5357766", "photo": {"prefix": "https://igx.4sqi.net/img/user/", "suffix": "/LMDOPP53PRM0BW4Z.jpg"}, "homeCity": "Kota Batu, Brunei Darussalam", "contact": {"facebook": "559336798"}, "firstName": "Susie", "tips": {"count": 1}, "gender": "female", "lastName": "Aji", "lists": {"groups": [{"count": 2, "type": "created", "items": []}]}, "bio": ""}, {"id": "4623515", "photo": {"prefix": "https://igx.4sqi.net/img/user/", "suffix": "/YVJY10WOBZREX0TV.jpg"}, "homeCity": "Gadong, Brunei Darussalam", "contact": {"facebook": "567215509"}, "firstName": "Nazurah", "tips": {"count": 0}, "gender": "female", "lastName": "Jaya", "lists": {"groups": [{"count": 2, "type": "created", "items": []}]}, "bio": ""}, {"id": "954180", "photo": {"prefix": "https://igx.4sqi.net/img/user/", "suffix": "/IAFEPQORGTHZRLIN.jpg"}, "homeCity": "Bandar Seri Begawan, Brunei Darussalam", "contact": {"facebook": "795430634", "twitter": "linamarlyn"}, "firstName": "Marlina", "tips": {"count": 27}, "gender": "female", "lastName": "Said", "lists": {"groups": [{"count": 2, "type": "created", "items": []}]}, "bio": ""}, {"id": "3726778", "photo": {"prefix": "https://igx.4sqi.net/img/user/", "suffix": "/G4SZ30TZJZAJYTNZ.jpg"}, "homeCity": "Brunei", "contact": {"facebook": "100000112311178"}, "firstName": "Dknarw", "tips": {"count": 1}, "gender": "female", "lastName": "Pms", "lists": {"groups": [{"count": 2, "type": "created", "items": []}]}, "bio": ""}, {"id": "4513215", "photo": {"prefix": "https://igx.4sqi.net/img/user/", "suffix": "/042VJLSHCLAUTLRA.jpg"}, "homeCity": "Brunei Darussalam", "contact": {"facebook": "733840194"}, "firstName": "Matt", "tips": {"count": 0}, "gender": "none", "lastName": "Liana", "lists": {"groups": [{"count": 2, "type": "created", "items": []}]}, "bio": ""}, {"id": "5402802", "photo": {"prefix": "https://igx.4sqi.net/img/user/", "default": true, "suffix": "/blank_boy.png"}, "homeCity": "Sengkurong, Brunei Darussalam", "contact": {}, "firstName": "Fazlib", "tips": {"count": 0}, "gender": "none", "lists": {"groups": [{"count": 2, "type": "created", "items": []}]}, "bio": ""}, {"id": "5102934", "photo": {"prefix": "https://igx.4sqi.net/img/user/", "suffix": "/RSRAH0UBJAK33EO0.jpg"}, "homeCity": "Rancangan Perumahan Negara Lambak Kanan, Brunei Darussalam", "contact": {"facebook": "537830396", "twitter": "ar_qawi"}, "firstName": "ARQawi", "tips": {"count": 4}, "gender": "male", "lastName": "Othman", "lists": {"groups": [{"count": 2, "type": "created", "items": []}]}, "bio": ""}, {"id": "954210", "photo": {"prefix": "https://igx.4sqi.net/img/user/", "suffix": "/954210-RFXKHG53NY50LVZD.jpg"}, "homeCity": "B.S.B, Brunei", "contact": {"facebook": "512801525", "twitter": "isa_hs"}, "firstName": "Isa", "tips": {"count": 6}, "gender": "male", "lastName": "Sulaiman", "lists": {"groups": [{"count": 2, "type": "created", "items": []}]}, "bio": ""}, {"id": "3847320", "photo": {"prefix": "https://igx.4sqi.net/img/user/", "suffix": "/JQ1Q10VAEQMC4MUR.jpg"}, "homeCity": "Pekan Tutong, Brunei Darussalam", "contact": {}, "firstName": "Norasiah", "tips": {"count": 0}, "gender": "female", "lastName": "Ahmad", "lists": {"groups": [{"count": 2, "type": "created", "items": []}]}, "bio": ""}, {"id": "4514101", "photo": {"prefix": "https://igx.4sqi.net/img/user/", "default": true, "suffix": "/blank_girl.png"}, "homeCity": "Rancangan Perumahan Negara Lambak Kanan, Brunei Darussalam", "contact": {}, "firstName": "Amani", "tips": {"count": 0}, "gender": "female", "lastName": "SygAyg", "lists": {"groups": [{"count": 2, "type": "created", "items": []}]}, "bio": ""}, {"id": "5926216", "photo": {"prefix": "https://igx.4sqi.net/img/user/", "suffix": "/NIUVQGP011WOBNW1.jpg"}, "homeCity": "Brunei Darussalam", "contact": {}, "firstName": "Regie", "tips": {"count": 1}, "gender": "male", "lastName": "Zartiga", "lists": {"groups": [{"count": 2, "type": "created", "items": []}]}, "bio": ""}, {"id": "958719", "photo": {"prefix": "https://igx.4sqi.net/img/user/", "suffix": "/YFDW0OOLHWMC4D5D.jpg"}, "homeCity": "Bandar Seri Begawan, Brunei Darussalam", "contact": {}, "firstName": "Fyza", "tips": {"count": 0}, "gender": "female", "lastName": "Matussin", "lists": {"groups": [{"count": 2, "type": "created", "items": []}]}, "bio": ""}, {"id": "3847723", "photo": {"prefix": "https://igx.4sqi.net/img/user/", "default": true, "suffix": "/blank_girl.png"}, "homeCity": "Brunei", "contact": {"facebook": "1103940821"}, "firstName": "Shahuda", "tips": {"count": 0}, "gender": "female", "lists": {"groups": [{"count": 2, "type": "created", "items": []}]}, "bio": ""}, {"id": "4515369", "photo": {"prefix": "https://igx.4sqi.net/img/user/", "suffix": "/4515369-JXAYUEOXRFFFQHV2.jpg"}, "homeCity": "Kampong Sengkurong, Brunei Darussalam", "contact": {"facebook": "849510561", "twitter": "myrulspunky"}, "firstName": "MyRulSpunky", "tips": {"count": 37}, "gender": "male", "lastName": "Taher", "lists": {"groups": [{"count": 21, "type": "created", "items": []}]}, "bio": "A Rose By Any Other Name Would Smell As Sweet.... Just like me..... LMFAO..."}, {"id": "5934692", "photo": {"prefix": "https://igx.4sqi.net/img/user/", "default": true, "suffix": "/blank_boy.png"}, "homeCity": "Brunei Darussalam", "contact": {"facebook": "1637387146", "twitter": "arsalansofian"}, "firstName": "Alan", "tips": {"count": 0}, "gender": "male", "lastName": "Sofian", "lists": {"groups": [{"count": 2, "type": "created", "items": []}]}, "bio": ""}, {"id": "961509", "photo": {"prefix": "https://igx.4sqi.net/img/user/", "suffix": "/LU5PS4VKAMDG0UKW.jpg"}, "homeCity": "Bandar Seri Begawan, Brunei Darussalam", "contact": {"facebook": "100000567898454", "twitter": "wafisigoofy"}, "firstName": "wafisigoofy", "tips": {"count": 6}, "gender": "male", "lists": {"groups": [{"count": 2, "type": "created", "items": []}]}, "bio": ""}, {"id": "3972614", "photo": {"prefix": "https://igx.4sqi.net/img/user/", "suffix": "/4YWEJNHLLXKAUTZQ.jpg"}, "homeCity": "Mentiri, Brunei", "contact": {}, "firstName": "Zan4", "tips": {"count": 14}, "gender": "male", "lastName": "Brunei", "lists": {"groups": [{"count": 2, "type": "created", "items": []}]}, "bio": ""}, {"id": "5327772", "photo": {"prefix": "https://igx.4sqi.net/img/user/", "default": true, "suffix": "/blank_girl.png"}, "homeCity": "Vancouver, Canada", "contact": {"twitter": "beautifuldeal"}, "firstName": "OneBeautifulDeal", "tips": {"count": 0}, "gender": "female", "lastName": ".com", "lists": {"groups": [{"count": 2, "type": "created", "items": []}]}, "bio": ""}, {"id": "963455", "photo": {"prefix": "https://igx.4sqi.net/img/user/", "suffix": "/MJGKRA41UETHSFBR.jpg"}, "homeCity": "Brunei", "contact": {"facebook": "500840306"}, "firstName": "Wajdi", "tips": {"count": 0}, "gender": "none", "lastName": "Harith", "lists": {"groups": [{"count": 2, "type": "created", "items": []}]}, "bio": ""}, {"id": "4017613", "photo": {"prefix": "https://igx.4sqi.net/img/user/", "default": true, "suffix": "/blank_girl.png"}, "homeCity": "Brunei", "contact": {"facebook": "1690522794"}, "firstName": "Fadlinaz", "tips": {"count": 0}, "gender": "female", "lastName": "BByz", "lists": {"groups": [{"count": 2, "type": "created", "items": []}]}, "bio": ""}, {"id": "964356", "photo": {"prefix": "https://igx.4sqi.net/img/user/", "suffix": "/GAKS40GPRXOPKIFR.jpg"}, "homeCity": "Brunei", "contact": {"facebook": "782742771", "twitter": "sue21"}, "firstName": "Suhirah", "tips": {"count": 11}, "gender": "female", "lastName": "HR", "lists": {"groups": [{"count": 3, "type": "created", "items": []}]}, "bio": ""}, {"id": "4040873", "photo": {"prefix": "https://igx.4sqi.net/img/user/", "suffix": "/QFIGK1IMQKUOHROA.jpg"}, "homeCity": "Belfast, UK", "contact": {"facebook": "576052201"}, "firstName": "Zaini", "tips": {"count": 0}, "gender": "female", "lastName": "Zee", "lists": {"groups": [{"count": 2, "type": "created", "items": []}]}, "bio": ""}, {"id": "965750", "photo": {"prefix": "https://igx.4sqi.net/img/user/", "suffix": "/965750-SEGUA5JHYPWYYX3O.jpg"}, "homeCity": "Berkshire", "contact": {"facebook": "713976280", "twitter": "maruyonofui"}, "firstName": "Marisa", "tips": {"count": 3}, "gender": "female", "lastName": "Morelli", "lists": {"groups": [{"count": 2, "type": "created", "items": []}]}, "bio": ""}, {"id": "4491781", "photo": {"prefix": "https://igx.4sqi.net/img/user/", "default": true, "suffix": "/blank_boy.png"}, "homeCity": "Pekan Tutong, Brunei Darussalam", "contact": {"facebook": "100000256231249"}, "firstName": "ZuL", "tips": {"count": 0}, "gender": "male", "lastName": "3112", "lists": {"groups": [{"count": 2, "type": "created", "items": []}]}, "bio": ""}, {"id": "976889", "photo": {"prefix": "https://igx.4sqi.net/img/user/", "suffix": "/TBWEDFMJSTJA3FK3.jpg"}, "homeCity": "Brunei Muara, Brunei Darussalam", "contact": {"facebook": "836435709", "twitter": "muizziskandar"}, "firstName": "Muizz", "tips": {"count": 0}, "gender": "male", "lastName": "Iskandar", "lists": {"groups": [{"count": 2, "type": "created", "items": []}]}, "bio": ""}, {"id": "4759715", "photo": {"prefix": "https://igx.4sqi.net/img/user/", "suffix": "/ZSXZHWUP3RK04JDX.jpg"}, "homeCity": "New York, NY", "contact": {}, "firstName": "Shelton", "tips": {"count": 1}, "gender": "male", "lastName": "Tacang", "lists": {"groups": [{"count": 2, "type": "created", "items": []}]}, "bio": ""}, {"id": "1000581", "photo": {"prefix": "https://igx.4sqi.net/img/user/", "suffix": "/M354X1RR2DKG4NKP.jpg"}, "homeCity": "Brunei Darussalam", "contact": {"facebook": "547235855", "twitter": "freddycracker"}, "firstName": "Freddy", "tips": {"count": 0}, "gender": "male", "lastName": "Yusof", "lists": {"groups": [{"count": 2, "type": "created", "items": []}]}, "bio": ""}, {"id": "4772746", "photo": {"prefix": "https://igx.4sqi.net/img/user/", "suffix": "/4772746-EME5N0JPFZ044GPJ.jpg"}, "homeCity": "Inanam", "contact": {"facebook": "827949469", "twitter": "rungitom"}, "firstName": "Tom", "tips": {"count": 6}, "gender": "male", "lastName": "Rungitom", "lists": {"groups": [{"count": 2, "type": "created", "items": []}]}, "bio": ""}, {"id": "1001639", "photo": {"prefix": "https://igx.4sqi.net/img/user/", "suffix": "/1001639-N2KAPTZUFPYZ1224"}, "homeCity": "Bandar Seri Begawan, Brunei Darussalam", "contact": {"facebook": "649124151", "twitter": "aqilahh"}, "firstName": "Aqilah", "tips": {"count": 14}, "gender": "female", "lastName": "Ishak", "lists": {"groups": [{"count": 5, "type": "created", "items": []}]}, "bio": ""}, {"id": "5885737", "photo": {"prefix": "https://igx.4sqi.net/img/user/", "suffix": "/PFEFBRVTAXEO4YLT.jpg"}, "homeCity": "Jalan Mulaut, Brunei Darussalam", "contact": {"facebook": "1188204246", "twitter": "alwiar"}, "firstName": "Adib Alwi", "tips": {"count": 2}, "gender": "male", "lastName": "Jaya", "lists": {"groups": [{"count": 2, "type": "created", "items": []}]}, "bio": ""}, {"id": "1009165", "photo": {"prefix": "https://igx.4sqi.net/img/user/", "suffix": "/CTQ1C23FP0SQTR1J.jpg"}, "homeCity": "Bandar Seri Begawan, Brunei Darussalam", "contact": {"facebook": "678123033", "twitter": "azridin"}, "firstName": "Azridin", "tips": {"count": 5}, "gender": "male", "lastName": "kerabai", "lists": {"groups": [{"count": 2, "type": "created", "items": []}]}, "bio": ""}, {"id": "6046628", "photo": {"prefix": "https://igx.4sqi.net/img/user/", "suffix": "/AY0H0ODN3LNGD1PB.jpg"}, "homeCity": "Brunei-Muara, Brunei Darussalam", "contact": {}, "firstName": "Carmen", "tips": {"count": 0}, "gender": "female", "lastName": "Teng", "lists": {"groups": [{"count": 2, "type": "created", "items": []}]}, "bio": ""}, {"id": "1017656", "photo": {"prefix": "https://igx.4sqi.net/img/user/", "suffix": "/1TRLTAJ3DNZ5FJO2.jpg"}, "homeCity": "Kg. Beribi, ", "contact": {"facebook": "624854438", "twitter": "rini6676"}, "firstName": "RiNi", "tips": {"count": 19}, "gender": "female", "lastName": "Abdullah", "lists": {"groups": [{"count": 2, "type": "created", "items": []}]}, "bio": ""}, {"id": "6327747", "photo": {"prefix": "https://igx.4sqi.net/img/user/", "suffix": "/6327747-1JRVYLCEYOYXUTNK.jpg"}, "homeCity": "Brunei Darussalam", "contact": {"facebook": "100001492927431", "twitter": "kaddyhajiomar"}, "firstName": "Kaddy", "tips": {"count": 0}, "gender": "female", "lastName": "Haji Omar", "lists": {"groups": [{"count": 3, "type": "created", "items": []}]}, "bio": "kdhjomar_"}, {"id": "1019801", "photo": {"prefix": "https://igx.4sqi.net/img/user/", "suffix": "/1019801-DK01HCQFMCZAXPNY.jpg"}, "homeCity": "Beribi, Brunei Darussalam", "contact": {"facebook": "100002829987609", "twitter": "milshms"}, "firstName": "Mils", "tips": {"count": 31}, "gender": "male", "lastName": "HMS", "lists": {"groups": [{"count": 2, "type": "created", "items": []}]}, "bio": "Simple and I can't tolerate with rude people, it pisses me off. Talk nicely and I'm pretty sure I will do the same."}, {"id": "6383072", "photo": {"prefix": "https://igx.4sqi.net/img/user/", "default": true, "suffix": "/blank_girl.png"}, "homeCity": "Brunei Darussalam", "contact": {"facebook": "100000712883422"}, "firstName": "Dyda", "tips": {"count": 0}, "gender": "female", "lastName": "Naris", "lists": {"groups": [{"count": 2, "type": "created", "items": []}]}, "bio": ""}, {"id": "1063353", "photo": {"prefix": "https://igx.4sqi.net/img/user/", "suffix": "/OOIPTKOWYYOBPEJN.jpg"}, "homeCity": "Bandar Seri Begawan, Brunei Darussalam", "contact": {"facebook": "839770643"}, "firstName": "ZulErah", "tips": {"count": 2}, "gender": "none", "lastName": "MWi", "lists": {"groups": [{"count": 2, "type": "created", "items": []}]}, "bio": ""}, {"id": "6410690", "photo": {"prefix": "https://igx.4sqi.net/img/user/", "suffix": "/EI1ZXCSBQQEERUXJ.jpg"}, "homeCity": "Kuala Belait, Brunei Darussalam", "contact": {"twitter": "ajikkija"}, "firstName": "Jacqueera", "tips": {"count": 4}, "gender": "male", "lastName": "Shamons", "lists": {"groups": [{"count": 2, "type": "created", "items": []}]}, "bio": ""}, {"id": "1063941", "photo": {"prefix": "https://igx.4sqi.net/img/user/", "suffix": "/ECDUPVVQJT3WVCDL.jpg"}, "homeCity": "Bandar Seri Begawan, Brunei", "contact": {}, "firstName": "Musa H.", "tips": {"count": 5}, "gender": "male", "lists": {"groups": [{"count": 2, "type": "created", "items": []}]}, "bio": ""}, {"id": "8767537", "photo": {"prefix": "https://igx.4sqi.net/img/user/", "suffix": "/NCI0NC1VF0DIKAM2.jpg"}, "homeCity": "Bandar Seri Begawan, Brunei Darussalam", "contact": {"facebook": "527870854"}, "firstName": "Maizwa", "tips": {"count": 0}, "gender": "male", "lastName": "Ma", "lists": {"groups": [{"count": 2, "type": "created", "items": []}]}, "bio": ""}, {"id": "1064868", "photo": {"prefix": "https://igx.4sqi.net/img/user/", "suffix": "/1064868-XGNNYB2HNQHXC2KE"}, "homeCity": "Bandar Seri Begawan, Brunei", "contact": {"facebook": "753581419", "twitter": "aswana"}, "firstName": "Zalifah", "tips": {"count": 8}, "gender": "female", "lastName": "Aswana", "lists": {"groups": [{"count": 3, "type": "created", "items": []}]}, "bio": "Future Scientist"}, {"id": "1104057", "photo": {"prefix": "https://igx.4sqi.net/img/user/", "suffix": "/I0SJL5QZJCDK1NWA.jpg"}, "homeCity": "Brunei", "contact": {"facebook": "749806250", "twitter": "rebelle_505"}, "firstName": "rebelle", "tips": {"count": 6}, "gender": "female", "lastName": "leber", "lists": {"groups": [{"count": 2, "type": "created", "items": []}]}, "bio": ""}, {"id": "1104569", "photo": {"prefix": "https://igx.4sqi.net/img/user/", "suffix": "/TVFNJNK3TCSLPEFN.jpg"}, "homeCity": "Bandar Seri Begawan", "contact": {"facebook": "590400453", "twitter": "marshall_hmh"}, "firstName": "Razdey Raziq", "tips": {"count": 1}, "gender": "male", "lastName": "Marshall", "lists": {"groups": [{"count": 2, "type": "created", "items": []}]}, "bio": ""}, {"id": "1106744", "photo": {"prefix": "https://igx.4sqi.net/img/user/", "suffix": "/NAB0FMWBBNWEAETM.jpg"}, "homeCity": "Kg. Pasai, Brunei Darussalam", "contact": {"facebook": "660945931", "twitter": "jojaafar"}, "firstName": "Jo", "tips": {"count": 5}, "gender": "female", "lastName": "Jaafar", "lists": {"groups": [{"count": 2, "type": "created", "items": []}]}, "bio": ""}, {"id": "1144943", "photo": {"prefix": "https://igx.4sqi.net/img/user/", "default": true, "suffix": "/blank_boy.png"}, "homeCity": "Jalan Muara", "contact": {"facebook": "533920747"}, "firstName": "Amarde", "tips": {"count": 0}, "gender": "male", "lastName": "Ajmain", "lists": {"groups": [{"count": 2, "type": "created", "items": []}]}, "bio": ""}, {"id": "1149165", "photo": {"prefix": "https://igx.4sqi.net/img/user/", "suffix": "/JQEENALT0QT35U31.jpg"}, "homeCity": "London, UK", "contact": {"facebook": "557362180"}, "firstName": "Kit", "tips": {"count": 0}, "gender": "male", "lastName": "Suchak", "lists": {"groups": [{"count": 2, "type": "created", "items": []}]}, "bio": ""}, {"id": "1158119", "photo": {"prefix": "https://igx.4sqi.net/img/user/", "suffix": "/QF0JRE20XIK3QRKM.jpg"}, "homeCity": "Bandar Seri Begawan, Brunei Darussalam", "contact": {"facebook": "635246018", "twitter": "jay_joel"}, "firstName": "jayjoel", "tips": {"count": 1}, "gender": "male", "lastName": "brownies", "lists": {"groups": [{"count": 2, "type": "created", "items": []}]}, "bio": ""}, {"id": "1186769", "photo": {"prefix": "https://igx.4sqi.net/img/user/", "suffix": "/C5N13VF3I1TZB4JY.jpg"}, "homeCity": "Bandar Seri Begawan, Brunei", "contact": {"facebook": "543509481"}, "firstName": "Noriqa", "tips": {"count": 14}, "gender": "female", "lastName": "Danial", "lists": {"groups": [{"count": 2, "type": "created", "items": []}]}, "bio": ""}, {"id": "1213301", "photo": {"prefix": "https://igx.4sqi.net/img/user/", "suffix": "/JWRYIO2GJKRY4SON.jpg"}, "homeCity": "New York, NY", "contact": {"twitter": "katespadeny"}, "firstName": "kate spade new york", "tips": {"count": 36}, "gender": "female", "lists": {"groups": [{"count": 2, "type": "created", "items": []}]}, "bio": ""}, {"id": "1265072", "photo": {"prefix": "https://igx.4sqi.net/img/user/", "suffix": "/RM1EFISDZKAWYKDN.jpg"}, "homeCity": "Bandar Seri Begawan, Brunei", "contact": {"facebook": "695253523", "twitter": "zulmccash"}, "firstName": "ZuL", "tips": {"count": 1}, "gender": "male", "lastName": "McCash", "lists": {"groups": [{"count": 2, "type": "created", "items": []}]}, "bio": ""}, {"id": "1283649", "photo": {"prefix": "https://igx.4sqi.net/img/user/", "suffix": "/ILANLY0OE3MQG3AD.jpg"}, "homeCity": "Bandar Seri Begawan", "contact": {}, "firstName": "Umi Sophia", "tips": {"count": 1}, "gender": "female", "lists": {"groups": [{"count": 2, "type": "created", "items": []}]}, "bio": ""}, {"id": "1404733", "photo": {"prefix": "https://igx.4sqi.net/img/user/", "suffix": "/T0BQKIX4BJQJUNMR.jpg"}, "homeCity": "Pulau Pinang, Malaysia", "contact": {"twitter": "straitscollecmy"}, "firstName": "Straits", "tips": {"count": 6}, "gender": "none", "lastName": "Collection", "lists": {"groups": [{"count": 2, "type": "created", "items": []}]}, "bio": ""}, {"id": "1574636", "photo": {"prefix": "https://igx.4sqi.net/img/user/", "suffix": "/K5XBG2C3EA5OBOMJ.jpg"}, "homeCity": "Brunei Muara", "contact": {}, "firstName": "J", "tips": {"count": 0}, "gender": "female", "lastName": "Fish", "lists": {"groups": [{"count": 2, "type": "created", "items": []}]}, "bio": ""}, {"id": "1626397", "photo": {"prefix": "https://igx.4sqi.net/img/user/", "suffix": "/JR50YSF2RQY3PU5M.jpg"}, "homeCity": "Bandar Seri Begawan, Brunei Darussalam", "contact": {"facebook": "537560290"}, "firstName": "Shaliza", "tips": {"count": 3}, "gender": "female", "lastName": "Ahmad", "lists": {"groups": [{"count": 2, "type": "created", "items": []}]}, "bio": ""}, {"id": "1635129", "photo": {"prefix": "https://igx.4sqi.net/img/user/", "suffix": "/MK4YGCWSXQ2JBNYG.jpg"}, "homeCity": "Brunei Muara", "contact": {"facebook": "723477004"}, "firstName": "Norhadi", "tips": {"count": 0}, "gender": "male", "lastName": "Shawal L", "lists": {"groups": [{"count": 2, "type": "created", "items": []}]}, "bio": ""}, {"id": "1639960", "photo": {"prefix": "https://igx.4sqi.net/img/user/", "suffix": "/BUPUTNUHXBTWHINK.jpg"}, "homeCity": "Bandar Seri Begawan, Brunei Muara", "contact": {"facebook": "521568094", "twitter": "miiksy"}, "firstName": "Mmi", "tips": {"count": 3}, "gender": "female", "lastName": "Yakob", "lists": {"groups": [{"count": 2, "type": "created", "items": []}]}, "bio": ""}, {"id": "1711034", "photo": {"prefix": "https://igx.4sqi.net/img/user/", "default": true, "suffix": "/blank_boy.png"}, "homeCity": "Kebia Villa, Jln Kuala Abang", "contact": {"facebook": "732207111"}, "firstName": "Avatar Aries", "tips": {"count": 0}, "gender": "male", "lists": {"groups": [{"count": 2, "type": "created", "items": []}]}, "bio": ""}, {"id": "1720974", "photo": {"prefix": "https://igx.4sqi.net/img/user/", "suffix": "/G23P1C4JP3QLAIZV.jpg"}, "homeCity": "Bandar Seri Begawan", "contact": {"facebook": "1122347670", "twitter": "archywandy"}, "firstName": "Archy", "tips": {"count": 2}, "gender": "male", "lastName": "Wandy", "lists": {"groups": [{"count": 2, "type": "created", "items": []}]}, "bio": ""}, {"id": "1723507", "photo": {"prefix": "https://igx.4sqi.net/img/user/", "suffix": "/NO5VZHLNHHIIJNVG.jpg"}, "homeCity": "Brunei Darussalam", "contact": {"facebook": "529605699", "twitter": "emievard"}, "firstName": "Emi", "tips": {"count": 1}, "gender": "male", "lastName": "\u0627\u0645\u0646\u0634\u0647", "lists": {"groups": [{"count": 2, "type": "created", "items": []}]}, "bio": "Liase with the wind"}, {"id": "1816739", "photo": {"prefix": "https://igx.4sqi.net/img/user/", "suffix": "/Z5VJW2QXHHCDUSLE.jpg"}, "homeCity": "Brunei Muara", "contact": {"facebook": "731627149", "twitter": "blackpajero"}, "firstName": "Zyrn", "tips": {"count": 4}, "gender": "male", "lists": {"groups": [{"count": 3, "type": "created", "items": []}]}, "bio": ""}, {"id": "1845757", "photo": {"prefix": "https://igx.4sqi.net/img/user/", "suffix": "/PPREMTHCGOYELKAG.jpg"}, "homeCity": "Singapore", "contact": {"twitter": "ion_orchard"}, "firstName": "ION Orchard", "tips": {"count": 1}, "gender": "female", "lists": {"groups": [{"count": 2, "type": "created", "items": []}]}, "bio": ""}, {"id": "1874569", "photo": {"prefix": "https://igx.4sqi.net/img/user/", "suffix": "/E1IQ0U3A4D1LNCYI.jpg"}, "homeCity": "Brunei Muara, Brunei Darussalam", "contact": {"facebook": "1042328500"}, "firstName": "Alli", "tips": {"count": 3}, "gender": "male", "lastName": "Othman", "lists": {"groups": [{"count": 2, "type": "created", "items": []}]}, "bio": ""}, {"id": "1878193", "photo": {"prefix": "https://igx.4sqi.net/img/user/", "suffix": "/YERE2LK4UEO2WFL2.jpg"}, "homeCity": "Mukim Gadong Daerah Brunei, Brunei Darussalam", "contact": {"facebook": "100000176292290"}, "firstName": "Andini Fadillah", "tips": {"count": 1}, "gender": "female", "lists": {"groups": [{"count": 2, "type": "created", "items": []}]}, "bio": ""}, {"id": "1967229", "photo": {"prefix": "https://igx.4sqi.net/img/user/", "suffix": "/H1YAXDCOBHZIQ3LJ.jpg"}, "homeCity": "Seria", "contact": {"twitter": "me1iss0"}, "firstName": "Melissa", "tips": {"count": 4}, "gender": "female", "lists": {"groups": [{"count": 2, "type": "created", "items": []}]}, "bio": ""}, {"id": "2013220", "photo": {"prefix": "https://igx.4sqi.net/img/user/", "suffix": "/DVKTXL3O0HFTWJ42.jpg"}, "homeCity": "Denpasar, Bali", "contact": {"facebook": "613898325", "twitter": "sammy1506"}, "firstName": "Samuel", "tips": {"count": 3}, "gender": "male", "lastName": "Hartono", "lists": {"groups": [{"count": 2, "type": "created", "items": []}]}, "bio": ""}, {"id": "2020228", "photo": {"prefix": "https://igx.4sqi.net/img/user/", "suffix": "/SKO5AYARI4J5DSIU.jpg"}, "homeCity": "Bandar Seri Begawan, Brunei Darussalam", "contact": {"twitter": "robotul"}, "firstName": "Rabs", "tips": {"count": 0}, "gender": "female", "lastName": "Halim", "lists": {"groups": [{"count": 2, "type": "created", "items": []}]}, "bio": ""}, {"id": "2022247", "photo": {"prefix": "https://igx.4sqi.net/img/user/", "suffix": "/M53ZPIPN1ZIOEN15.jpg"}, "homeCity": "BSB, Brunei Darussalam", "contact": {"facebook": "669833119"}, "firstName": "Izan", "tips": {"count": 0}, "gender": "female", "lastName": "Aishiteru", "lists": {"groups": [{"count": 2, "type": "created", "items": []}]}, "bio": ""}, {"id": "2030979", "photo": {"prefix": "https://igx.4sqi.net/img/user/", "suffix": "/R0UVIYFAYKFL2C0Y.jpg"}, "homeCity": "", "contact": {"facebook": "653411792"}, "firstName": "Mariolis", "tips": {"count": 36}, "gender": "female", "lists": {"groups": [{"count": 2, "type": "created", "items": []}]}, "bio": ""}, {"id": "2041874", "photo": {"prefix": "https://igx.4sqi.net/img/user/", "suffix": "/GO13GXTHZGPWKGLV.jpg"}, "homeCity": "Brunei Darussalam", "contact": {"twitter": "harold811"}, "firstName": "Harold", "tips": {"count": 0}, "gender": "male", "lastName": "Akramin", "lists": {"groups": [{"count": 2, "type": "created", "items": []}]}, "bio": ""}, {"id": "2087266", "photo": {"prefix": "https://igx.4sqi.net/img/user/", "default": true, "suffix": "/blank_boy.png"}, "homeCity": "Brunei Darussalam", "contact": {"facebook": "1504170319", "twitter": "princeazrul1103"}, "firstName": "Azrul", "tips": {"count": 4}, "gender": "male", "lastName": "Az", "lists": {"groups": [{"count": 2, "type": "created", "items": []}]}, "bio": ""}, {"id": "2124095", "photo": {"prefix": "https://igx.4sqi.net/img/user/", "default": true, "suffix": "/blank_boy.png"}, "homeCity": "Unnamed Location", "contact": {"facebook": "611770489"}, "firstName": "el", "tips": {"count": 0}, "gender": "male", "lastName": "zhar", "lists": {"groups": [{"count": 2, "type": "created", "items": []}]}, "bio": ""}, {"id": "2399711", "photo": {"prefix": "https://igx.4sqi.net/img/user/", "suffix": "/RX0A0W0BJ112YG4P.jpg"}, "homeCity": "Kuala Belait, Brunei Darussalam", "contact": {}, "firstName": "iPink", "tips": {"count": 5}, "gender": "female", "lastName": "Amoy", "lists": {"groups": [{"count": 2, "type": "created", "items": []}]}, "bio": ""}, {"id": "2580159", "photo": {"prefix": "https://igx.4sqi.net/img/user/", "suffix": "/2580159_M0tL4YNc_Rrt_LG-HIxZChvz7ZUsBUksgKrTJGv6vLxXmrWGB97UbnBRfwipebJUOwW9zp-8E.jpg"}, "homeCity": "Fort Lauderdale, FL", "contact": {"facebook": "1022855933", "twitter": "agentdeven"}, "firstName": "Deven", "tips": {"count": 17}, "gender": "male", "lastName": "Blackburn", "lists": {"groups": [{"count": 2, "type": "created", "items": []}]}, "bio": "\ud83c\udf77 Vinophile\n\ud83d\udcbb Developer"}, {"id": "2644157", "photo": {"prefix": "https://igx.4sqi.net/img/user/", "suffix": "/5MHTENRUVQXF34KG.jpg"}, "homeCity": "Bandar Seri Begawan, Brunei Darussalam", "contact": {"facebook": "590560025"}, "firstName": "Sarah", "tips": {"count": 0}, "gender": "female", "lastName": "Sarang", "lists": {"groups": [{"count": 2, "type": "created", "items": []}]}, "bio": ""}, {"id": "3082587", "photo": {"prefix": "https://igx.4sqi.net/img/user/", "suffix": "/YEUSYYV2I52BESYX.jpg"}, "homeCity": "Jakarta, Indonesia", "contact": {"facebook": "1574587369", "twitter": "bennielanda"}, "firstName": "Benno", "tips": {"count": 0}, "gender": "male", "lastName": "Elandra", "lists": {"groups": [{"count": 2, "type": "created", "items": []}]}, "bio": ""}, {"id": "3151931", "photo": {"prefix": "https://igx.4sqi.net/img/user/", "suffix": "/L11HGRFPYP3EBAMG.jpg"}, "homeCity": "", "contact": {}, "firstName": "A.", "tips": {"count": 26}, "gender": "female", "lastName": "Z.", "lists": {"groups": [{"count": 2, "type": "created", "items": []}]}, "bio": "\u2022 Some things are better left unsaid. \u2022"}, {"id": "3198573", "photo": {"prefix": "https://igx.4sqi.net/img/user/", "suffix": "/BICZJFY5H1FOWG1H.jpg"}, "homeCity": "Kuala Belait, Brunei", "contact": {"facebook": "1648255076"}, "firstName": "Dzah", "tips": {"count": 0}, "gender": "female", "lastName": "Rosli", "lists": {"groups": [{"count": 2, "type": "created", "items": []}]}, "bio": ""}, {"id": "3234746", "photo": {"prefix": "https://igx.4sqi.net/img/user/", "suffix": "/B5BOPAPSY34O3FMU.jpg"}, "homeCity": "Kianggeh, Brunei", "contact": {}, "firstName": "AHHA", "tips": {"count": 3}, "gender": "male", "lastName": "BPHM", "lists": {"groups": [{"count": 2, "type": "created", "items": []}]}, "bio": ""}, {"id": "3555636", "photo": {"prefix": "https://igx.4sqi.net/img/user/", "suffix": "/0BQR2XMMYGEFDIKU.jpg"}, "homeCity": "Brunei", "contact": {"facebook": "1304876791", "twitter": "titinfaiz"}, "firstName": "Titin Faiz", "tips": {"count": 1}, "gender": "female", "lists": {"groups": [{"count": 2, "type": "created", "items": []}]}, "bio": ""}, {"id": "3685134", "photo": {"prefix": "https://igx.4sqi.net/img/user/", "default": true, "suffix": "/blank_boy.png"}, "homeCity": "Bandar Seri Begawan, Brunei Darussalam", "contact": {}, "firstName": "HM Faisal", "tips": {"count": 0}, "gender": "male", "lastName": "HN", "lists": {"groups": [{"count": 2, "type": "created", "items": []}]}, "bio": ""}, {"id": "3686215", "photo": {"prefix": "https://igx.4sqi.net/img/user/", "suffix": "/KU50ZUUCJ4ZG5UWK.jpg"}, "homeCity": "Rancangan Perumahan Negara Lambak Kanan, Brunei Darussalam", "contact": {"facebook": "100000467896843"}, "firstName": "Airesh", "tips": {"count": 1}, "gender": "female", "lastName": "Walkway", "lists": {"groups": [{"count": 2, "type": "created", "items": []}]}, "bio": ""}, {"id": "3765705", "photo": {"prefix": "https://igx.4sqi.net/img/user/", "suffix": "/GB5GHVHL0VG215MP.jpg"}, "homeCity": "Brunei", "contact": {"facebook": "659728419"}, "firstName": "Mar", "tips": {"count": 0}, "gender": "female", "lastName": "Masismadye", "lists": {"groups": [{"count": 2, "type": "created", "items": []}]}, "bio": ""}, {"id": "3998209", "photo": {"prefix": "https://igx.4sqi.net/img/user/", "suffix": "/3CUKFORXSRK3OIE2.jpg"}, "homeCity": "\u0e27\u0e31\u0e07\u0e17\u0e2d\u0e07\u0e2b\u0e25\u0e32\u0e07, \u0e1b\u0e23\u0e30\u0e40\u0e17\u0e28\u0e44\u0e17\u0e22", "contact": {"facebook": "769336753", "twitter": "rodprasitt"}, "firstName": "Pajaree", "tips": {"count": 2}, "gender": "female", "lastName": "Rodprasitt", "lists": {"groups": [{"count": 2, "type": "created", "items": []}]}, "bio": ""}, {"id": "4079788", "photo": {"prefix": "https://igx.4sqi.net/img/user/", "suffix": "/X3EM41TY43ZQQ5M0.jpg"}, "homeCity": "Kilanas, Brunei Darussalam", "contact": {"facebook": "100000989870554", "twitter": "ayndyn"}, "firstName": "Nurulain", "tips": {"count": 0}, "gender": "female", "lastName": "Ismail", "lists": {"groups": [{"count": 2, "type": "created", "items": []}]}, "bio": ""}, {"id": "4093083", "photo": {"prefix": "https://igx.4sqi.net/img/user/", "suffix": "/FCFJMAKOYMSF0233.jpg"}, "homeCity": "Kianggeh, Brunei Darussalam", "contact": {"twitter": "isyakifrawi"}, "firstName": "Intan Syamimi", "tips": {"count": 2}, "gender": "female", "lastName": "Kifrawi", "lists": {"groups": [{"count": 2, "type": "created", "items": []}]}, "bio": ""}, {"id": "4115856", "photo": {"prefix": "https://igx.4sqi.net/img/user/", "suffix": "/1MZ0UCMMBUWVPCZW.gif"}, "homeCity": "Bandar Seri Begawan, Brunei Darussalam", "contact": {"facebook": "763249265"}, "firstName": "Fie", "tips": {"count": 0}, "gender": "female", "lastName": "Z", "lists": {"groups": [{"count": 2, "type": "created", "items": []}]}, "bio": ""}, {"id": "4196436", "photo": {"prefix": "https://igx.4sqi.net/img/user/", "default": true, "suffix": "/blank_girl.png"}, "homeCity": "Brunei", "contact": {"facebook": "585677150"}, "firstName": "Yeanz", "tips": {"count": 0}, "gender": "female", "lastName": "isSuperbsilly", "lists": {"groups": [{"count": 2, "type": "created", "items": []}]}, "bio": ""}, {"id": "7324847", "photo": {"prefix": "https://igx.4sqi.net/img/user/", "suffix": "/CEWD4LCX5WKQTIIK.jpg"}, "homeCity": "Gadong, Brunei Darussalam", "contact": {"twitter": "arninb"}, "firstName": "Arni", "tips": {"count": 2}, "gender": "female", "lastName": "Bakar", "lists": {"groups": [{"count": 2, "type": "created", "items": []}]}, "bio": ""}, {"id": "8856276", "photo": {"prefix": "https://igx.4sqi.net/img/user/", "suffix": "/K32BPME1MNEDENZJ.jpg"}, "homeCity": "Sengkurong, Brunei Darussalam", "contact": {"facebook": "783852447"}, "firstName": "Sach", "tips": {"count": 0}, "gender": "male", "lastName": "Ruangdet", "lists": {"groups": [{"count": 2, "type": "created", "items": []}]}, "bio": ""}]}, "checksum": "d9984af6d02a633b037cc7df66726c042b88881c"}}