{"notifications": [{"type": "notificationTray", "item": {"unreadCount": 0}}], "response": {"friends": {"items": [{"superuser": 1, "tips": {"count": 3}, "contact": {"twitter": "bythewei", "facebook": "599181655"}, "firstName": "Chen", "gender": "male", "lastName": "Li", "id": "107810", "bio": "", "photo": {"prefix": "https://igx.4sqi.net/img/user/", "suffix": "/-1_1258702682145.png"}, "homeCity": "Singapore", "lists": {"groups": [{"items": [], "count": 2, "type": "created"}]}}, {"tips": {"count": 38}, "contact": {"twitter": "joanna_teo", "facebook": "524927230"}, "firstName": "Joanna", "gender": "female", "lastName": "Teo", "id": "273849", "bio": "", "photo": {"prefix": "https://igx.4sqi.net/img/user/", "suffix": "/273849-5B2R0EVWSNCMTWLJ.jpg"}, "homeCity": "Singapore", "lists": {"groups": [{"items": [], "count": 10, "type": "created"}]}}, {"tips": {"count": 3}, "contact": {"twitter": "nanahoh", "facebook": "713931014"}, "firstName": "Nana", "gender": "female", "lastName": "Hoh", "id": "405510", "bio": "", "photo": {"prefix": "https://igx.4sqi.net/img/user/", "suffix": "/HSNWYHHTXWSS1CVN.jpg"}, "homeCity": "Singapore", "lists": {"groups": [{"items": [], "count": 2, "type": "created"}]}}, {"tips": {"count": 2}, "contact": {"twitter": "saufisalleh", "facebook": "616451279"}, "firstName": "Saufi", "gender": "male", "lastName": "Salleh", "id": "363152", "bio": "", "photo": {"prefix": "https://igx.4sqi.net/img/user/", "suffix": "/4IYUVNM04NM2WAAR.jpg"}, "homeCity": "Pasir Ris, Singapore", "lists": {"groups": [{"items": [], "count": 2, "type": "created"}]}}, {"tips": {"count": 17}, "contact": {}, "firstName": "Leonard", "gender": "male", "lastName": "Teo", "id": "254013", "bio": "", "photo": {"prefix": "https://igx.4sqi.net/img/user/", "suffix": "/GC3ZWEJANMXW2UZV.jpg"}, "homeCity": "Singapore", "lists": {"groups": [{"items": [], "count": 2, "type": "created"}]}}, {"tips": {"count": 22}, "contact": {"facebook": "785657976"}, "firstName": "Joel", "gender": "male", "lastName": "Pan", "id": "194517", "bio": "", "photo": {"prefix": "https://igx.4sqi.net/img/user/", "suffix": "/QOGVFMRHNRHMQV5A.png"}, "homeCity": "Singapore", "lists": {"groups": [{"items": [], "count": 2, "type": "created"}]}}, {"tips": {"count": 3}, "contact": {"twitter": "amanda_tan", "facebook": "666135328"}, "firstName": "Amanda", "gender": "female", "lastName": "Tan", "id": "647450", "bio": "", "photo": {"prefix": "https://igx.4sqi.net/img/user/", "suffix": "/JADDYFQUX5EGN1GA.jpg"}, "homeCity": "singapore", "lists": {"groups": [{"items": [], "count": 2, "type": "created"}]}}, {"superuser": 1, "tips": {"count": 3}, "contact": {"facebook": "602130787"}, "firstName": "Hedirman", "gender": "male", "lastName": "Supian", "id": "86511", "bio": "", "photo": {"prefix": "https://igx.4sqi.net/img/user/", "suffix": "/RR01GNZPJ2R05LGG.jpg"}, "homeCity": "Singapore", "lists": {"groups": [{"items": [], "count": 2, "type": "created"}]}}, {"tips": {"count": 1}, "contact": {"twitter": "mfckd", "facebook": "526606794"}, "firstName": "Zach", "gender": "male", "lastName": "Wong", "id": "594366", "bio": "", "photo": {"prefix": "https://igx.4sqi.net/img/user/", "suffix": "/IKULLQR3FO2HXVYZ.jpg"}, "homeCity": "Singapore", "lists": {"groups": [{"items": [], "count": 2, "type": "created"}]}}, {"superuser": 2, "tips": {"count": 13}, "contact": {"twitter": "f_wangker", "facebook": "1619670573"}, "firstName": "Francis", "gender": "male", "lastName": "Wang", "id": "75215", "bio": "", "photo": {"prefix": "https://igx.4sqi.net/img/user/", "suffix": "/TFOMU1PUED1WJQPR.jpg"}, "homeCity": "Novena, Singapore", "lists": {"groups": [{"items": [], "count": 2, "type": "created"}]}}, {"tips": {"count": 0}, "contact": {"twitter": "gerrybin"}, "firstName": "Geraldine", "gender": "female", "lastName": "Guo", "id": "168670", "bio": "", "photo": {"prefix": "https://igx.4sqi.net/img/user/", "suffix": "/F3OLKW5ONOZXUJHJ.jpg"}, "homeCity": "520885, Singapore", "lists": {"groups": [{"items": [], "count": 2, "type": "created"}]}}, {"superuser": 1, "tips": {"count": 4}, "contact": {"twitter": "thamkongyang", "facebook": "567741525"}, "firstName": "KongYang", "gender": "male", "lastName": "THAM", "id": "109591", "bio": "", "photo": {"prefix": "https://igx.4sqi.net/img/user/", "suffix": "/-1_1258731069886.jpg"}, "homeCity": "Orchard, Singapore", "lists": {"groups": [{"items": [], "count": 2, "type": "created"}]}}, {"tips": {"count": 1}, "contact": {"twitter": "itchii"}, "firstName": "Yiz", "gender": "female", "lastName": "Itchii", "id": "363694", "bio": "", "photo": {"prefix": "https://igx.4sqi.net/img/user/", "suffix": "/PTS3C3XUIAB2BGSV.jpg"}, "homeCity": "singapore, Singapore", "lists": {"groups": [{"items": [], "count": 2, "type": "created"}]}}, {"tips": {"count": 15}, "contact": {"facebook": "10154313294692869"}, "firstName": "Joel", "gender": "male", "lastName": "Yeo", "id": "397712", "bio": "", "photo": {"prefix": "https://igx.4sqi.net/img/user/", "suffix": "/1C4KKLQ4QQMF54OL.jpg"}, "homeCity": "Singapore", "lists": {"groups": [{"items": [], "count": 3, "type": "created"}]}}, {"tips": {"count": 74}, "contact": {"twitter": "traazil", "facebook": "675035424"}, "firstName": "Leon", "gender": "male", "lastName": "Traazil", "id": "139284", "bio": "", "photo": {"prefix": "https://igx.4sqi.net/img/user/", "suffix": "/139284-YRRPXNPPOJSWBUWJ.jpg"}, "homeCity": "Singapore", "lists": {"groups": [{"items": [], "count": 2, "type": "created"}]}}, {"tips": {"count": 2}, "contact": {"twitter": "liangkaixin"}, "firstName": "Kx", "gender": "female", "lastName": "Liang", "id": "369167", "bio": "", "photo": {"prefix": "https://igx.4sqi.net/img/user/", "suffix": "/blank_girl.png", "default": true}, "homeCity": "299939, Singapore", "lists": {"groups": [{"items": [], "count": 2, "type": "created"}]}}, {"tips": {"count": 0}, "contact": {"facebook": "709940806"}, "firstName": "Michelle", "gender": "female", "lastName": "Yip", "id": "739312", "bio": "", "photo": {"prefix": "https://igx.4sqi.net/img/user/", "suffix": "/blank_girl.png", "default": true}, "homeCity": "Singapore", "lists": {"groups": [{"items": [], "count": 2, "type": "created"}]}}, {"superuser": 2, "tips": {"count": 17}, "contact": {"twitter": "reivad", "facebook": "576122882"}, "firstName": "Davier", "gender": "male", "lastName": "Yoon", "id": "145556", "bio": "", "photo": {"prefix": "https://igx.4sqi.net/img/user/", "suffix": "/YJIHWDDAHEZKGYE5.jpg"}, "homeCity": "Singapore", "lists": {"groups": [{"items": [], "count": 3, "type": "created"}]}}, {"tips": {"count": 0}, "contact": {}, "firstName": "Brian", "gender": "male", "lastName": "Nuxs", "id": "551055", "bio": "", "photo": {"prefix": "https://igx.4sqi.net/img/user/", "suffix": "/blank_boy.png", "default": true}, "homeCity": "Singapore", "lists": {"groups": [{"items": [], "count": 2, "type": "created"}]}}], "count": 119}, "checksum": "d3a5cd06587a608a2738abc2152d40c129e65207"}, "meta": {"requestId": "5965ca796a6071143ced2bc9", "code": 200}}