{"notifications": [{"type": "notificationTray", "item": {"unreadCount": 0}}], "meta": {"requestId": "596700401ed2196304be538d", "code": 200}, "response": {"friends": {"count": 34, "items": [{"id": "273639", "photo": {"prefix": "https://igx.4sqi.net/img/user/", "suffix": "/34BUF0NJ1YNFQ1FX.jpg"}, "homeCity": "Bedok, Singapore", "contact": {}, "firstName": "Mervyn", "tips": {"count": 4}, "gender": "male", "lastName": "Kong", "lists": {"groups": [{"count": 2, "type": "created", "items": []}]}, "bio": ""}, {"id": "415037", "photo": {"prefix": "https://igx.4sqi.net/img/user/", "suffix": "/P4GCB50TKLDPOB3T.jpg"}, "homeCity": "Singapore", "contact": {"facebook": "587306788"}, "firstName": "yiLane", "tips": {"count": 6}, "gender": "female", "lastName": "Tai", "lists": {"groups": [{"count": 3, "type": "created", "items": []}]}, "bio": ""}, {"id": "363469", "photo": {"prefix": "https://igx.4sqi.net/img/user/", "suffix": "/40HULMFQFSCYD4UR.jpg"}, "homeCity": "Singapore", "contact": {"facebook": "574780810"}, "firstName": "Bagus", "tips": {"count": 4}, "gender": "male", "lastName": "K", "lists": {"groups": [{"count": 2, "type": "created", "items": []}]}, "bio": ""}, {"id": "1348128", "photo": {"prefix": "https://igx.4sqi.net/img/user/", "suffix": "/GZLNDNE00ZMUE4TY.jpg"}, "homeCity": "Singapore", "contact": {}, "firstName": "Sabrina", "tips": {"count": 0}, "gender": "female", "lists": {"groups": [{"count": 2, "type": "created", "items": []}]}, "bio": ""}, {"id": "1387869", "photo": {"prefix": "https://igx.4sqi.net/img/user/", "suffix": "/PMHJVQCAYIRIZV5C.jpg"}, "homeCity": "Singapore", "contact": {}, "firstName": "Ed", "tips": {"count": 1}, "gender": "none", "lastName": "Tan", "lists": {"groups": [{"count": 2, "type": "created", "items": []}]}, "bio": ""}, {"id": "1432587", "photo": {"prefix": "https://igx.4sqi.net/img/user/", "default": true, "suffix": "/blank_girl.png"}, "homeCity": "Changi, Singapore", "contact": {}, "firstName": "Princess", "tips": {"count": 0}, "gender": "female", "lastName": "Suko", "lists": {"groups": [{"count": 2, "type": "created", "items": []}]}, "bio": ""}, {"id": "5481732", "photo": {"prefix": "https://igx.4sqi.net/img/user/", "suffix": "/O4BWLQJ2DPVE02PU.jpg"}, "homeCity": "Singapore", "contact": {"facebook": "1163351465"}, "firstName": "Shuhua", "tips": {"count": 0}, "gender": "female", "lastName": "Guo", "lists": {"groups": [{"count": 2, "type": "created", "items": []}]}, "bio": ""}, {"id": "443838", "photo": {"prefix": "https://igx.4sqi.net/img/user/", "suffix": "/UTN0D2FDX2NS3NZ2.jpg"}, "homeCity": "Singapore", "contact": {"facebook": "200900409", "twitter": "mills301"}, "firstName": "Michael", "tips": {"count": 4}, "gender": "male", "lastName": "Lung", "lists": {"groups": [{"count": 2, "type": "created", "items": []}]}, "bio": ""}, {"id": "326066", "photo": {"prefix": "https://igx.4sqi.net/img/user/", "suffix": "/326066-L3HU0FO42FGCKZ45.jpg"}, "homeCity": "Singapore", "contact": {"facebook": "761464807", "twitter": "mousetrap81"}, "firstName": "hilary", "tips": {"count": 5}, "gender": "female", "lastName": "ng", "lists": {"groups": [{"count": 7, "type": "created", "items": []}]}, "bio": ""}, {"id": "75272912", "photo": {"prefix": "https://igx.4sqi.net/img/user/", "suffix": "/75272912-GPWX5NPIPHTHGGTI.jpg"}, "homeCity": "Singapore", "contact": {"facebook": "590967108"}, "firstName": "Gerald", "tips": {"count": 0}, "gender": "male", "lastName": "Yeo", "lists": {"groups": [{"count": 2, "type": "created", "items": []}]}, "bio": ""}, {"id": "127518", "photo": {"prefix": "https://igx.4sqi.net/img/user/", "suffix": "/127518_1259631842716.jpg"}, "homeCity": "Singapore", "contact": {"facebook": "702477097", "twitter": "cl0udi3"}, "firstName": "Shuyun", "tips": {"count": 4}, "gender": "female", "lastName": "Cheng", "lists": {"groups": [{"count": 3, "type": "created", "items": []}]}, "bio": ""}, {"id": "158282", "photo": {"prefix": "https://igx.4sqi.net/img/user/", "suffix": "/158282-C1FQBJMFYMOPXYES.jpg"}, "homeCity": "Singapore", "contact": {"facebook": "783635303", "twitter": "larcencie"}, "firstName": "Nick", "tips": {"count": 7}, "gender": "male", "lastName": "Lim", "lists": {"groups": [{"count": 2, "type": "created", "items": []}]}, "bio": ""}, {"id": "1147278", "photo": {"prefix": "https://igx.4sqi.net/img/user/", "suffix": "/0PYUTBPOPXVASNFP.jpg"}, "homeCity": "Singapore", "contact": {}, "firstName": "Jodi", "tips": {"count": 6}, "gender": "female", "lastName": "Chime", "lists": {"groups": [{"count": 2, "type": "created", "items": []}]}, "bio": ""}, {"id": "201737", "photo": {"prefix": "https://igx.4sqi.net/img/user/", "suffix": "/5FUFSSBP1Y2IK3AA.jpg"}, "homeCity": "Jurong West, Singapore", "contact": {}, "firstName": "Gerald", "tips": {"count": 2}, "gender": "male", "lastName": "Yeo", "lists": {"groups": [{"count": 2, "type": "created", "items": []}]}, "bio": ""}, {"id": "52081424", "photo": {"prefix": "https://igx.4sqi.net/img/user/", "suffix": "/FCJILMXEHQGCNB5V.jpg"}, "homeCity": "Singapore", "contact": {}, "firstName": "Michelle", "tips": {"count": 0}, "gender": "female", "lastName": "Seng", "lists": {"groups": [{"count": 2, "type": "created", "items": []}]}, "bio": ""}, {"id": "1195662", "photo": {"prefix": "https://igx.4sqi.net/img/user/", "suffix": "/OSRT4KQ20WTKVTRF.jpg"}, "homeCity": "Singapore", "contact": {"facebook": "517603534", "twitter": "jo_the_dough"}, "firstName": "Jo", "tips": {"count": 3}, "gender": "female", "lastName": "Wong", "lists": {"groups": [{"count": 2, "type": "created", "items": []}]}, "bio": ""}, {"id": "422262", "photo": {"prefix": "https://igx.4sqi.net/img/user/", "suffix": "/ZEXZ5HSIJ3IK4YIM.jpg"}, "homeCity": "Clarke Quay, Singapore", "contact": {}, "firstName": "Adrian", "tips": {"count": 1}, "gender": "male", "lists": {"groups": [{"count": 2, "type": "created", "items": []}]}, "bio": ""}, {"id": "1247166", "photo": {"prefix": "https://igx.4sqi.net/img/user/", "suffix": "/MQL1RTG0XO51BEQQ.jpg"}, "homeCity": "Singapore", "contact": {"facebook": "676595069"}, "firstName": "Rushan", "tips": {"count": 2}, "gender": "female", "lastName": "Ong", "lists": {"groups": [{"count": 2, "type": "created", "items": []}]}, "bio": ""}, {"id": "1348180", "photo": {"prefix": "https://igx.4sqi.net/img/user/", "suffix": "/VTHCZICHAWGTPK2O.jpg"}, "homeCity": "Singapore", "contact": {"facebook": "632807684"}, "firstName": "Sabrina", "tips": {"count": 0}, "gender": "female", "lists": {"groups": [{"count": 2, "type": "created", "items": []}]}, "bio": ""}, {"id": "624256", "photo": {"prefix": "https://igx.4sqi.net/img/user/", "suffix": "/AX0YRNR1KTMKXU4T.jpg"}, "homeCity": "Singapore", "contact": {"facebook": "619985927", "twitter": "kris_kam"}, "firstName": "Kris", "tips": {"count": 1}, "gender": "male", "lastName": "Kam", "lists": {"groups": [{"count": 2, "type": "created", "items": []}]}, "bio": ""}, {"id": "159409", "photo": {"prefix": "https://igx.4sqi.net/img/user/", "suffix": "/4YL214AKLQKJOPDL.jpg"}, "homeCity": "San Francisco", "contact": {"facebook": "10154475149131590", "twitter": "sidwyn"}, "firstName": "Sidwyn", "tips": {"count": 20}, "gender": "male", "lastName": "Koh", "lists": {"groups": [{"count": 8, "type": "created", "items": []}]}, "bio": ""}, {"id": "1153406", "photo": {"prefix": "https://igx.4sqi.net/img/user/", "suffix": "/S2CT5ORNQYXPFEDF.jpg"}, "homeCity": "Singapore", "contact": {}, "firstName": "C", "tips": {"count": 9}, "gender": "female", "lastName": "Huijun", "lists": {"groups": [{"count": 2, "type": "created", "items": []}]}, "bio": ""}, {"id": "208320", "photo": {"prefix": "https://igx.4sqi.net/img/user/", "suffix": "/AKI141CG2ICZEUMS.jpg"}, "homeCity": "Singapore", "contact": {"facebook": "732490122", "twitter": "selwynlow"}, "firstName": "Selwyn", "tips": {"count": 1}, "gender": "male", "lastName": "Low", "lists": {"groups": [{"count": 2, "type": "created", "items": []}]}, "bio": ""}, {"id": "59810779", "photo": {"prefix": "https://igx.4sqi.net/img/user/", "suffix": "/AYD5HAFK5S5G22YY.jpg"}, "homeCity": "Singapore", "contact": {"facebook": "633019566"}, "firstName": "Terence", "tips": {"count": 0}, "gender": "male", "lastName": "Khoo", "lists": {"groups": [{"count": 2, "type": "created", "items": []}]}, "bio": ""}, {"id": "16721778", "photo": {"prefix": "https://igx.4sqi.net/img/user/", "default": true, "suffix": "/blank_boy.png"}, "homeCity": "London, UK", "contact": {"facebook": "634805728"}, "firstName": "Rifeng", "tips": {"count": 0}, "gender": "male", "lastName": "Gao", "lists": {"groups": [{"count": 2, "type": "created", "items": []}]}, "bio": ""}, {"id": "1075018", "photo": {"prefix": "https://igx.4sqi.net/img/user/", "suffix": "/OJCMZT14QQTHP4GL.jpg"}, "homeCity": "Singapore", "contact": {"facebook": "631502336", "twitter": "kopibren"}, "firstName": "Brenda", "tips": {"count": 4}, "gender": "female", "lastName": "Han", "lists": {"groups": [{"count": 2, "type": "created", "items": []}]}, "bio": "Imagination saves the universe."}, {"id": "1410482", "photo": {"prefix": "https://igx.4sqi.net/img/user/", "suffix": "/TXATES2Z2MQRKRLB.jpg"}, "homeCity": "Singapore", "contact": {"facebook": "637987543"}, "firstName": "Emily", "tips": {"count": 0}, "gender": "female", "lastName": "Ho", "lists": {"groups": [{"count": 2, "type": "created", "items": []}]}, "bio": ""}, {"id": "3310799", "photo": {"prefix": "https://igx.4sqi.net/img/user/", "suffix": "/HNWKY2PHIVCM1ZTY.jpg"}, "homeCity": "Singapore", "contact": {"facebook": "741402089"}, "firstName": "Chung Hua", "tips": {"count": 0}, "gender": "none", "lists": {"groups": [{"count": 2, "type": "created", "items": []}]}, "bio": ""}, {"id": "1075369", "photo": {"prefix": "https://igx.4sqi.net/img/user/", "suffix": "/CAS3XWN3DICAKYWO.jpg"}, "homeCity": "Singapore", "contact": {}, "firstName": "Fare", "tips": {"count": 198}, "gender": "male", "lists": {"groups": [{"count": 2, "type": "created", "items": []}]}, "bio": ""}, {"id": "1419088", "photo": {"prefix": "https://igx.4sqi.net/img/user/", "suffix": "/OOAVWJR54K3FUZPX.jpg"}, "homeCity": "Clementi, Singapore", "contact": {"facebook": "702308930"}, "firstName": "Liakwee", "tips": {"count": 0}, "gender": "male", "lastName": "Lee", "lists": {"groups": [{"count": 2, "type": "created", "items": []}]}, "bio": ""}, {"id": "6536846", "photo": {"prefix": "https://igx.4sqi.net/img/user/", "suffix": "/21PX1FKDECSLOC30.jpg"}, "homeCity": "Singapore ", "contact": {"facebook": "540697099"}, "firstName": "Taufik", "tips": {"count": 1}, "gender": "male", "lastName": "Rahim", "lists": {"groups": [{"count": 2, "type": "created", "items": []}]}, "bio": ""}, {"id": "65737121", "photo": {"prefix": "https://igx.4sqi.net/img/user/", "suffix": "/OKXSTTO0DNYDV5R0.jpg"}, "homeCity": "Singapore", "contact": {"facebook": "706665000"}, "firstName": "Hema", "tips": {"count": 0}, "gender": "none", "lastName": "Thiagarajah", "lists": {"groups": [{"count": 2, "type": "created", "items": []}]}, "bio": ""}, {"id": "2226428", "photo": {"prefix": "https://igx.4sqi.net/img/user/", "suffix": "/S2MYNN3NALZPYTEX.jpg"}, "homeCity": "Singapore", "contact": {"facebook": "575083514", "twitter": "tanwk3"}, "firstName": "Wee Kiong", "tips": {"count": 69}, "gender": "male", "lastName": "Tan", "lists": {"groups": [{"count": 4, "type": "created", "items": []}]}, "bio": ""}, {"id": "2974844", "photo": {"prefix": "https://igx.4sqi.net/img/user/", "suffix": "/P1WFPSM2A1LQMAGM.jpg"}, "homeCity": "Singapore", "contact": {"facebook": "695621870", "twitter": "hontat"}, "firstName": "hontat", "tips": {"count": 3}, "gender": "none", "lastName": "ong", "lists": {"groups": [{"count": 2, "type": "created", "items": []}]}, "bio": ""}]}, "checksum": "59fb740f69d078aabec5afc1f0fa4c53143f0741"}}