{"notifications": [{"type": "notificationTray", "item": {"unreadCount": 0}}], "meta": {"requestId": "5966fd1bdd579712ec0db3e0", "code": 200}, "response": {"friends": {"count": 45, "items": [{"id": "7237845", "photo": {"prefix": "https://igx.4sqi.net/img/user/", "suffix": "/AAYMSBUGJZOHGFIV.jpg"}, "homeCity": "Jakarta, Indonesia", "contact": {"twitter": "ayudee"}, "firstName": "Ayu Diah", "tips": {"count": 0}, "gender": "female", "lastName": "Kusumayadi", "lists": {"groups": [{"count": 2, "type": "created", "items": []}]}, "bio": ""}, {"id": "1196518", "photo": {"prefix": "https://igx.4sqi.net/img/user/", "suffix": "/0D5KNOTHEYAJSB1E.jpg"}, "homeCity": "Jakarta Capital Region, Jakarta Capital Regi", "contact": {}, "firstName": "Nilam", "tips": {"count": 6}, "gender": "female", "lastName": "Salam", "lists": {"groups": [{"count": 2, "type": "created", "items": []}]}, "bio": ""}, {"id": "422309", "photo": {"prefix": "https://igx.4sqi.net/img/user/", "suffix": "/4Z3NHIZBAVQ5EIF5.jpg"}, "homeCity": "North Jakarta, Indonesia", "contact": {"facebook": "547045218", "twitter": "asolaiman"}, "firstName": "Ardiansyah", "tips": {"count": 8}, "gender": "male", "lastName": "Solaiman", "lists": {"groups": [{"count": 5, "type": "created", "items": []}]}, "bio": ""}, {"id": "1241924", "photo": {"prefix": "https://igx.4sqi.net/img/user/", "default": true, "suffix": "/blank_boy.png"}, "homeCity": "Jakarta Capital Region, Jakarta Capital Regi", "contact": {"twitter": "sandisoedarman"}, "firstName": "Sandi", "tips": {"count": 0}, "gender": "male", "lastName": "Soedarman", "lists": {"groups": [{"count": 2, "type": "created", "items": []}]}, "bio": ""}, {"id": "1935315", "photo": {"prefix": "https://igx.4sqi.net/img/user/", "suffix": "/KWVX5DNVXCWZKPD4.jpg"}, "homeCity": "Jakarta Capital Region, Jakarta Capital Regi", "contact": {"twitter": "nsikado"}, "firstName": "Nungky", "tips": {"count": 0}, "gender": "male", "lastName": "Sikado", "lists": {"groups": [{"count": 2, "type": "created", "items": []}]}, "bio": "My Life is @yeni_sikado , Rasya Sikado & Lila Sikado..me love them so much"}, {"id": "1169150", "photo": {"prefix": "https://igx.4sqi.net/img/user/", "suffix": "/FF3CHR0TXO4BQLGE.jpg"}, "homeCity": "Jakarta Capital Region, Jakarta Capital Regi", "contact": {"facebook": "1347736730", "twitter": "dhanaruswan"}, "firstName": "Dhana", "tips": {"count": 1}, "gender": "male", "lastName": "Ruswan", "lists": {"groups": [{"count": 2, "type": "created", "items": []}]}, "bio": ""}, {"id": "1221617", "photo": {"prefix": "https://igx.4sqi.net/img/user/", "suffix": "/TKSONCCYGOQ3X5XW.jpg"}, "homeCity": "Jakarta", "contact": {"facebook": "590988417", "twitter": "febyariani"}, "firstName": "Feby", "tips": {"count": 0}, "gender": "female", "lastName": "Ariani", "lists": {"groups": [{"count": 2, "type": "created", "items": []}]}, "bio": ""}, {"id": "748542", "photo": {"prefix": "https://igx.4sqi.net/img/user/", "suffix": "/TFUN5IZU0IOZI4U5.jpg"}, "homeCity": "Bekasi, Indonesia", "contact": {"facebook": "526258533", "twitter": "qirulsikado"}, "firstName": "Dimas Qirul", "tips": {"count": 4}, "gender": "male", "lastName": "Sikado", "lists": {"groups": [{"count": 2, "type": "created", "items": []}]}, "bio": ""}, {"id": "1516937", "photo": {"prefix": "https://igx.4sqi.net/img/user/", "suffix": "/Q022YGK5JAYRHIEB.jpg"}, "homeCity": "Telukjambe, West Java", "contact": {"twitter": "doktercadas"}, "firstName": "M. Prakoso adji", "tips": {"count": 0}, "gender": "male", "lists": {"groups": [{"count": 2, "type": "created", "items": []}]}, "bio": ""}, {"id": "1965196", "photo": {"prefix": "https://igx.4sqi.net/img/user/", "suffix": "/RJIUOFVEJI5XNLIK.jpg"}, "homeCity": "Jakarta", "contact": {"twitter": "viit4s"}, "firstName": "VITA", "tips": {"count": 1}, "gender": "female", "lastName": "SILVANA", "lists": {"groups": [{"count": 2, "type": "created", "items": []}]}, "bio": ""}, {"id": "850501", "photo": {"prefix": "https://igx.4sqi.net/img/user/", "suffix": "/KDWZ5WIXB0TO00NN.jpg"}, "homeCity": "Jakarta, Indonesia", "contact": {"twitter": "agnes_muns"}, "firstName": "agnes", "tips": {"count": 1}, "gender": "female", "lastName": "christabel", "lists": {"groups": [{"count": 2, "type": "created", "items": []}]}, "bio": ""}, {"id": "4437717", "photo": {"prefix": "https://igx.4sqi.net/img/user/", "suffix": "/4437717-L2CX3ZZWU2UENDP2.jpg"}, "homeCity": "Jakarta, Indonesia", "contact": {}, "firstName": "Adila", "tips": {"count": 0}, "gender": "female", "lastName": "Yunita", "lists": {"groups": [{"count": 2, "type": "created", "items": []}]}, "bio": ""}, {"id": "507549", "photo": {"prefix": "https://igx.4sqi.net/img/user/", "suffix": "/RDHKK3051VMZEQRV.jpg"}, "homeCity": "Jakarta", "contact": {}, "firstName": "David", "tips": {"count": 0}, "gender": "male", "lastName": "Widyanto", "lists": {"groups": [{"count": 2, "type": "created", "items": []}]}, "bio": ""}, {"id": "27612767", "photo": {"prefix": "https://igx.4sqi.net/img/user/", "suffix": "/1WITGHT3ZS2R1B0C.jpg"}, "homeCity": "Medan, Indonesia", "contact": {"facebook": "697553893"}, "firstName": "Don", "tips": {"count": 0}, "gender": "male", "lastName": "Prayitno", "lists": {"groups": [{"count": 2, "type": "created", "items": []}]}, "bio": "i'm a musician, a graphic designer, film editor..owned a printing & advertising company..but my life is only for music"}, {"id": "34865961", "photo": {"prefix": "https://igx.4sqi.net/img/user/", "suffix": "/SXBFBOV0AHJ4KBSY.jpg"}, "homeCity": "Milan, Italy", "contact": {"facebook": "1021972166", "twitter": "endraprianta"}, "firstName": "Endra", "tips": {"count": 0}, "gender": "male", "lastName": "Prianta", "lists": {"groups": [{"count": 2, "type": "created", "items": []}]}, "bio": ""}, {"id": "1221622", "photo": {"prefix": "https://igx.4sqi.net/img/user/", "suffix": "/KMK54RIYA5UAVR4W.jpg"}, "homeCity": "Jakarta", "contact": {"twitter": "tashasiregar"}, "firstName": "Tasha", "tips": {"count": 11}, "gender": "female", "lastName": "Siregar", "lists": {"groups": [{"count": 2, "type": "created", "items": []}]}, "bio": ""}, {"id": "1006410", "photo": {"prefix": "https://igx.4sqi.net/img/user/", "suffix": "/J2MF4HJZ0Y15BMWF.gif"}, "homeCity": "\u65e5\u672c\u5e83\u5cf6\u770c\u5e83\u5cf6\u5e02", "contact": {"twitter": "irhotep"}, "firstName": "iR", "tips": {"count": 29}, "gender": "male", "lists": {"groups": [{"count": 4, "type": "created", "items": []}]}, "bio": "\u30a4\u30f3\u30c9\u30cd\u30b7\u30a2\u4eba\u3002\u751f\u5375\u306d\u304e\u7d0d\u8c46\u3054\u98ef\u304c\u307b\u3057\u3044\u3002\u65e5\u672c\u7f8e\u4eba\u3082\u307b\u3057\u3044\u3002"}, {"id": "1494663", "photo": {"prefix": "https://igx.4sqi.net/img/user/", "suffix": "/JVDSKONAM5NUKY3Z.jpg"}, "homeCity": "Ujung pandang, south sulawesi", "contact": {"facebook": "760298642", "twitter": "darmawin"}, "firstName": "Darwin", "tips": {"count": 1}, "gender": "male", "lastName": "Maulana", "lists": {"groups": [{"count": 2, "type": "created", "items": []}]}, "bio": ""}, {"id": "1231927", "photo": {"prefix": "https://igx.4sqi.net/img/user/", "suffix": "/PQU4FBJ3403IV4JM.jpg"}, "homeCity": "Jakarta Pusat, DKI Jakarta", "contact": {"facebook": "538748943", "twitter": "henryrs"}, "firstName": "Henry", "tips": {"count": 2}, "gender": "male", "lastName": "Riyanto Sofyan", "lists": {"groups": [{"count": 2, "type": "created", "items": []}]}, "bio": ""}, {"id": "1012012", "photo": {"prefix": "https://igx.4sqi.net/img/user/", "suffix": "/1012012-JJTH1R2YEA3214S2.jpg"}, "homeCity": "", "contact": {"facebook": "10156705047975195", "twitter": "primarita"}, "firstName": "primarita", "tips": {"count": 22}, "gender": "female", "lists": {"groups": [{"count": 6, "type": "created", "items": []}]}, "bio": ""}, {"id": "1495806", "photo": {"prefix": "https://igx.4sqi.net/img/user/", "suffix": "/ADSWILAC0B13IMYN.jpg"}, "homeCity": "Jakarta, DKI Jakarta", "contact": {"facebook": "789218233", "twitter": "feharsal_yuri"}, "firstName": "Yuri", "tips": {"count": 25}, "gender": "male", "lastName": "Feharsal", "lists": {"groups": [{"count": 2, "type": "created", "items": []}]}, "bio": ""}, {"id": "1236005", "photo": {"prefix": "https://igx.4sqi.net/img/user/", "suffix": "/NRXBKBQJ0AJ4M3K1.jpg"}, "homeCity": "Jakarta Capital Region, Jakarta Capital Regi", "contact": {"twitter": "menikmayca"}, "firstName": "Mardiati", "tips": {"count": 0}, "gender": "female", "lastName": "Ganjardani", "lists": {"groups": [{"count": 2, "type": "created", "items": []}]}, "bio": ""}, {"id": "1020668", "photo": {"prefix": "https://igx.4sqi.net/img/user/", "suffix": "/RIRCDUOTXUOOPR0K.jpg"}, "homeCity": "Bekasi, West Java", "contact": {"facebook": "618866389", "twitter": "lukawa68"}, "firstName": "Adra", "tips": {"count": 4}, "gender": "male", "lastName": "Firmansyah", "lists": {"groups": [{"count": 2, "type": "created", "items": []}]}, "bio": ""}, {"id": "1496627", "photo": {"prefix": "https://igx.4sqi.net/img/user/", "suffix": "/GCS2P4JMBNHP25CP.jpg"}, "homeCity": "Jakarta Capital Region, Jakarta Capital Regi", "contact": {"twitter": "annesoebroto"}, "firstName": "anne dina", "tips": {"count": 2}, "gender": "female", "lastName": "soebroto", "lists": {"groups": [{"count": 2, "type": "created", "items": []}]}, "bio": ""}, {"id": "8250766", "photo": {"prefix": "https://igx.4sqi.net/img/user/", "suffix": "/Z2UP1HUXYEH5XUKQ.jpg"}, "homeCity": "Jakarta, Indonesia", "contact": {"facebook": "1606112356"}, "firstName": "Donny", "tips": {"count": 1}, "gender": "male", "lastName": "Ekaputra", "lists": {"groups": [{"count": 2, "type": "created", "items": []}]}, "bio": ""}, {"id": "1021196", "photo": {"prefix": "https://igx.4sqi.net/img/user/", "suffix": "/P5HSNVB5KOPOWYY0.jpg"}, "homeCity": "Sydney, NSW. Australia", "contact": {"twitter": "emilsjahreza"}, "firstName": "emilsjahreza", "tips": {"count": 15}, "gender": "male", "lists": {"groups": [{"count": 2, "type": "created", "items": []}]}, "bio": ""}, {"id": "1105040", "photo": {"prefix": "https://igx.4sqi.net/img/user/", "suffix": "/PU35CEUELOWUZ0D4.jpg"}, "homeCity": "Jakarta Capital Region, Jakarta Capital Regi", "contact": {"twitter": "pramaviri"}, "firstName": "Aditya", "tips": {"count": 3}, "gender": "male", "lastName": "Pramaviri", "lists": {"groups": [{"count": 2, "type": "created", "items": []}]}, "bio": ""}, {"id": "1114113", "photo": {"prefix": "https://igx.4sqi.net/img/user/", "suffix": "/LPB4TMS0PZ2F0UVL.jpg"}, "homeCity": "Jakarta Capital Region, Jakarta Capital Regi", "contact": {"facebook": "784011368", "twitter": "alifahawe"}, "firstName": "alifa", "tips": {"count": 3}, "gender": "female", "lastName": "hawe", "lists": {"groups": [{"count": 2, "type": "created", "items": []}]}, "bio": ""}, {"id": "1133882", "photo": {"prefix": "https://igx.4sqi.net/img/user/", "suffix": "/ZJZVAKHIGKZDV3B0.jpg"}, "homeCity": "Tangerang", "contact": {"twitter": "rorodinda"}, "firstName": "Dinda", "tips": {"count": 0}, "gender": "female", "lastName": "Indah Wulansari", "lists": {"groups": [{"count": 2, "type": "created", "items": []}]}, "bio": ""}, {"id": "1158596", "photo": {"prefix": "https://igx.4sqi.net/img/user/", "suffix": "/QLYAZASGMVTNG0QU.jpg"}, "homeCity": "Jakarta Capital Region, Jakarta Capital Regi", "contact": {"facebook": "1054953740", "twitter": "nathannes"}, "firstName": "Nathanne", "tips": {"count": 10}, "gender": "male", "lastName": "Septhiandi", "lists": {"groups": [{"count": 2, "type": "created", "items": []}]}, "bio": "Doctor, Pediatric Resident, son, brother, husband, friend"}, {"id": "1256935", "photo": {"prefix": "https://igx.4sqi.net/img/user/", "suffix": "/PPZOCRLJNVPXKMKY.jpg"}, "homeCity": "Jakarta, Indonesia", "contact": {"facebook": "1026425584", "twitter": "rie_incarnate"}, "firstName": "Rie", "tips": {"count": 26}, "gender": "female", "lastName": "Cinderasuci", "lists": {"groups": [{"count": 2, "type": "created", "items": []}]}, "bio": ""}, {"id": "1317783", "photo": {"prefix": "https://igx.4sqi.net/img/user/", "suffix": "/ZNLLLZC1F540VRME.jpg"}, "homeCity": "Cianjur, West Java", "contact": {"facebook": "1321912162", "twitter": "mr_adinugraha"}, "firstName": "septian Nindita Adi", "tips": {"count": 0}, "gender": "male", "lastName": "Nugraha", "lists": {"groups": [{"count": 2, "type": "created", "items": []}]}, "bio": ""}, {"id": "1407118", "photo": {"prefix": "https://igx.4sqi.net/img/user/", "suffix": "/TCFV2XF324JWGJAD.jpg"}, "homeCity": "West Lafayette, IN", "contact": {}, "firstName": "Tanya", "tips": {"count": 8}, "gender": "female", "lastName": "Sosromihardjo", "lists": {"groups": [{"count": 2, "type": "created", "items": []}]}, "bio": ""}, {"id": "1418267", "photo": {"prefix": "https://igx.4sqi.net/img/user/", "suffix": "/5JUKD20STLX1BRVT.jpg"}, "homeCity": "Manchester, United Kingdom", "contact": {"twitter": "astridiskandar"}, "firstName": "Astrid", "tips": {"count": 2}, "gender": "female", "lastName": "Iskandar", "lists": {"groups": [{"count": 2, "type": "created", "items": []}]}, "bio": ""}, {"id": "1445500", "photo": {"prefix": "https://igx.4sqi.net/img/user/", "suffix": "/T3BXTCZU5XVZWU2U.jpg"}, "homeCity": "Pamulang, Banten", "contact": {"facebook": "524687639", "twitter": "aldicoholic"}, "firstName": "Aldico", "tips": {"count": 5}, "gender": "male", "lastName": "Sapardan", "lists": {"groups": [{"count": 2, "type": "created", "items": []}]}, "bio": ""}, {"id": "1449771", "photo": {"prefix": "https://igx.4sqi.net/img/user/", "suffix": "/3TH3HXWR0IT0XPHM.jpg"}, "homeCity": "Jakarta Capital Region, Jakarta Capital Regi", "contact": {"twitter": "rismuth"}, "firstName": "Risma", "tips": {"count": 0}, "gender": "female", "lastName": "Muthia", "lists": {"groups": [{"count": 2, "type": "created", "items": []}]}, "bio": ""}, {"id": "1538020", "photo": {"prefix": "https://igx.4sqi.net/img/user/", "suffix": "/HYVUQ0BR3LVHZEEV.jpg"}, "homeCity": "Bogor, West Java", "contact": {"facebook": "520622771", "twitter": "teukudani"}, "firstName": "teuku", "tips": {"count": 6}, "gender": "male", "lastName": "dani", "lists": {"groups": [{"count": 2, "type": "created", "items": []}]}, "bio": ""}, {"id": "1564709", "photo": {"prefix": "https://igx.4sqi.net/img/user/", "suffix": "/5YAHPBWK50A1X0FP.jpg"}, "homeCity": "Jakarta Barat, Indonesia", "contact": {"facebook": "1048961525", "twitter": "linda_stefanie"}, "firstName": "Linda", "tips": {"count": 1}, "gender": "female", "lastName": "Stefanie", "lists": {"groups": [{"count": 2, "type": "created", "items": []}]}, "bio": ""}, {"id": "1564871", "photo": {"prefix": "https://igx.4sqi.net/img/user/", "suffix": "/545AVDEZ2Y0YL0V4.jpg"}, "homeCity": "Jakarta Capital Region, Jakarta Capital Regi", "contact": {"facebook": "721357272", "twitter": "ridhoardhis"}, "firstName": "ridho", "tips": {"count": 5}, "gender": "male", "lists": {"groups": [{"count": 2, "type": "created", "items": []}]}, "bio": ""}, {"id": "1711164", "photo": {"prefix": "https://igx.4sqi.net/img/user/", "suffix": "/1711164-WKQ15UAUFG121EGH.jpg"}, "homeCity": "Jakarta Capital Region, Jakarta Capital Regi", "contact": {}, "firstName": "Anggie", "tips": {"count": 0}, "gender": "female", "lastName": "Kai", "lists": {"groups": [{"count": 2, "type": "created", "items": []}]}, "bio": ""}, {"id": "1818073", "photo": {"prefix": "https://igx.4sqi.net/img/user/", "suffix": "/KEYUWHK21C0P03P0.jpg"}, "homeCity": "Sungai Buloh, Selangor", "contact": {"facebook": "704288670", "twitter": "niadarmawan"}, "firstName": "Nia", "tips": {"count": 0}, "gender": "female", "lastName": "Darmawan", "lists": {"groups": [{"count": 2, "type": "created", "items": []}]}, "bio": ""}, {"id": "1871251", "photo": {"prefix": "https://igx.4sqi.net/img/user/", "suffix": "/NEY1SQFBUGFLPPNR.jpg"}, "homeCity": "Jakarta Capital Region, Jakarta Capital Regi", "contact": {"facebook": "643465938", "twitter": "riskimuhaimin"}, "firstName": "Riski", "tips": {"count": 2}, "gender": "male", "lastName": "Muhaimin", "lists": {"groups": [{"count": 2, "type": "created", "items": []}]}, "bio": ""}, {"id": "1877439", "photo": {"prefix": "https://igx.4sqi.net/img/user/", "suffix": "/IZN0ZZ24RJIPZDH1.jpg"}, "homeCity": "Chicago, IL", "contact": {"twitter": "ctacute"}, "firstName": "cta", "tips": {"count": 2}, "gender": "female", "lastName": "dewi", "lists": {"groups": [{"count": 2, "type": "created", "items": []}]}, "bio": ""}, {"id": "2780246", "photo": {"prefix": "https://igx.4sqi.net/img/user/", "default": true, "suffix": "/blank_boy.png"}, "homeCity": "Jakarta, Indonesia", "contact": {}, "firstName": "Fareez", "tips": {"count": 0}, "gender": "male", "lastName": "Mohammad", "lists": {"groups": [{"count": 2, "type": "created", "items": []}]}, "bio": ""}, {"id": "5600845", "photo": {"prefix": "https://igx.4sqi.net/img/user/", "suffix": "/N0PHKABWIAEEA4IX.jpg"}, "homeCity": "Jakarta", "contact": {"facebook": "754278034", "twitter": "dwdini"}, "firstName": "Diah", "tips": {"count": 8}, "gender": "female", "lastName": "Widiardini", "lists": {"groups": [{"count": 2, "type": "created", "items": []}]}, "bio": "Zippy and be flowered \u2665"}]}, "checksum": "7a9f2ca888983e2c72432f11970f77c32a295c8e"}}