{"notifications": [{"type": "notificationTray", "item": {"unreadCount": 0}}], "response": {"friends": {"items": [{"tips": {"count": 12}, "contact": {"twitter": "brainopera", "facebook": "15709327"}, "firstName": "Kevin", "gender": "male", "lastName": "Lim", "id": "97714", "bio": "Cyberculturalist", "photo": {"prefix": "https://igx.4sqi.net/img/user/", "suffix": "/FTLB3F3XODCPEUTX.jpg"}, "homeCity": "singapore, Singapore", "lists": {"groups": [{"items": [], "count": 9, "type": "created"}]}}, {"tips": {"count": 15}, "contact": {"twitter": "andrewcwt", "facebook": "10152966029902928"}, "firstName": "Andrew Chong", "gender": "male", "lastName": "Weng Tse", "id": "1097935", "bio": "", "photo": {"prefix": "https://igx.4sqi.net/img/user/", "suffix": "/C23MJRDOFHGIAWWB.jpg"}, "homeCity": "Ang Mo Kio, Singapore", "lists": {"groups": [{"items": [], "count": 2, "type": "created"}]}}, {"tips": {"count": 54}, "contact": {}, "firstName": "Catharine", "gender": "female", "lastName": "Yong", "id": "4372597", "bio": "", "photo": {"prefix": "https://igx.4sqi.net/img/user/", "suffix": "/USH0RGCVFNX03UJL.jpg"}, "homeCity": "Singapore", "lists": {"groups": [{"items": [], "count": 2, "type": "created"}]}}, {"tips": {"count": 2}, "contact": {"twitter": "sharonntan"}, "firstName": "Sharon", "gender": "female", "lastName": "Tan", "id": "258711", "bio": "", "photo": {"prefix": "https://igx.4sqi.net/img/user/", "suffix": "/BTZHC13ILKZMSLJ5.jpg"}, "homeCity": "Singapore", "lists": {"groups": [{"items": [], "count": 2, "type": "created"}]}}, {"tips": {"count": 0}, "contact": {"twitter": "jianxiong"}, "firstName": "Jianxiong", "gender": "male", "lastName": "Huang", "id": "411321", "bio": "", "photo": {"prefix": "https://igx.4sqi.net/img/user/", "suffix": "/411321-MVJCEYTQKT1IVRXY.jpg"}, "homeCity": "Singapore", "lists": {"groups": [{"items": [], "count": 2, "type": "created"}]}}, {"tips": {"count": 10}, "contact": {}, "firstName": "Gflying", "gender": "female", "lastName": "F", "id": "349879", "bio": "", "photo": {"prefix": "https://igx.4sqi.net/img/user/", "suffix": "/3VD4MEIVPBZAMSL3.jpg"}, "homeCity": "Singapore", "lists": {"groups": [{"items": [], "count": 2, "type": "created"}]}}, {"tips": {"count": 0}, "contact": {}, "firstName": "Ranae", "gender": "female", "lastName": "Sim", "id": "4676464", "bio": "somewhere around the world.", "photo": {"prefix": "https://igx.4sqi.net/img/user/", "suffix": "/HPFY51FNDWXVSAPK.jpg"}, "homeCity": "Singapore", "lists": {"groups": [{"items": [], "count": 2, "type": "created"}]}}, {"tips": {"count": 0}, "contact": {"twitter": "genhow"}, "firstName": "Gen", "gender": "none", "lastName": "How", "id": "5617706", "bio": "twitter.com/genhow", "photo": {"prefix": "https://igx.4sqi.net/img/user/", "suffix": "/MOPN2B3MUA5ZJIZU.jpg"}, "homeCity": "Singapore", "lists": {"groups": [{"items": [], "count": 2, "type": "created"}]}}, {"tips": {"count": 2}, "contact": {"twitter": "hwsoh", "facebook": "657753324"}, "firstName": "Soh", "gender": "male", "lastName": "Hong Wei", "id": "514605", "bio": "", "photo": {"prefix": "https://igx.4sqi.net/img/user/", "suffix": "/E23S25OWDJWFLDFA.jpg"}, "homeCity": "Singapore", "lists": {"groups": [{"items": [], "count": 2, "type": "created"}]}}, {"tips": {"count": 31}, "contact": {"twitter": "sprilite", "facebook": "784425712"}, "firstName": "LH", "gender": "male", "lastName": "Sim", "id": "241442", "bio": "", "photo": {"prefix": "https://igx.4sqi.net/img/user/", "suffix": "/241442-PFB2QR3YPC3FX25V.jpg"}, "homeCity": "Singapore", "lists": {"groups": [{"items": [], "count": 2, "type": "created"}]}}, {"tips": {"count": 0}, "contact": {"twitter": "joannasibeihiao", "facebook": "929419850421602"}, "firstName": "Joanna", "gender": "female", "lastName": "See", "id": "5438776", "bio": "", "photo": {"prefix": "https://igx.4sqi.net/img/user/", "suffix": "/5438776-HNHCVKJ0Q2IDLSM2.jpg"}, "homeCity": "Singapore", "lists": {"groups": [{"items": [], "count": 2, "type": "created"}]}}, {"tips": {"count": 6}, "contact": {"twitter": "feneroosh", "facebook": "1192755817"}, "firstName": "Roosh", "gender": "male", "lastName": "R", "id": "1798356", "bio": "", "photo": {"prefix": "https://igx.4sqi.net/img/user/", "suffix": "/I4ACEIL1YV2UQBWY.jpg"}, "homeCity": "Singapore", "lists": {"groups": [{"items": [], "count": 2, "type": "created"}]}}, {"tips": {"count": 1}, "contact": {"twitter": "carminekoh", "facebook": "545195387"}, "firstName": "Christina", "gender": "female", "lastName": "Koh", "id": "1159424", "bio": "", "photo": {"prefix": "https://igx.4sqi.net/img/user/", "suffix": "/ZCHHW04N0LAFVYHC.jpg"}, "homeCity": "Singapore", "lists": {"groups": [{"items": [], "count": 2, "type": "created"}]}}, {"tips": {"count": 13}, "contact": {"twitter": "jolenesnow"}, "firstName": "Jolene", "gender": "female", "id": "2919420", "bio": "", "photo": {"prefix": "https://igx.4sqi.net/img/user/", "suffix": "/2919420-XGWCK0XBKETMIBIS.jpg"}, "homeCity": "Singapore", "lists": {"groups": [{"items": [], "count": 4, "type": "created"}]}}, {"tips": {"count": 25}, "contact": {"twitter": "mhisham", "facebook": "734974026"}, "firstName": "hisham", "gender": "male", "lastName": "mohd", "id": "182057", "bio": "", "photo": {"prefix": "https://igx.4sqi.net/img/user/", "suffix": "/USW3X2UE0JZBZHKH.jpg"}, "homeCity": "Singapore", "lists": {"groups": [{"items": [], "count": 2, "type": "created"}]}}, {"tips": {"count": 9}, "contact": {"facebook": "1828386089"}, "firstName": "Lawrence", "gender": "male", "lastName": "Chan", "id": "643995", "bio": "www.water-movement.com will change your life", "photo": {"prefix": "https://igx.4sqi.net/img/user/", "suffix": "/Y1PSSJGRJ3JZK5JZ.jpg"}, "homeCity": "Singapore", "lists": {"groups": [{"items": [], "count": 3, "type": "created"}]}}, {"tips": {"count": 4}, "contact": {"twitter": "ctham", "facebook": "561753219"}, "firstName": "Callan", "gender": "male", "lastName": "Tham", "id": "340661", "bio": "", "photo": {"prefix": "https://igx.4sqi.net/img/user/", "suffix": "/HIXK5SMK5FWL2GRT.jpg"}, "homeCity": "Singapore", "lists": {"groups": [{"items": [], "count": 2, "type": "created"}]}}, {"tips": {"count": 0}, "contact": {"twitter": "gwennyt", "facebook": "655826777"}, "firstName": "Gwendolyn", "gender": "female", "lastName": "Tan", "id": "796598", "bio": "", "photo": {"prefix": "https://igx.4sqi.net/img/user/", "suffix": "/100HYMZ3QZIMUS1K.jpg"}, "homeCity": ", Singapore", "lists": {"groups": [{"items": [], "count": 2, "type": "created"}]}}, {"superuser": 1, "tips": {"count": 26}, "contact": {"twitter": "geekonomics", "facebook": "10153225028235312"}, "firstName": "Nicholas Aaron", "gender": "male", "lastName": "Khoo", "id": "50252", "bio": "", "photo": {"prefix": "https://igx.4sqi.net/img/user/", "suffix": "/50252_1259979403368.jpg"}, "homeCity": "Singapore", "lists": {"groups": [{"items": [], "count": 5, "type": "created"}]}}, {"tips": {"count": 1}, "contact": {"twitter": "nanyate", "facebook": "28104170"}, "firstName": "Ivy", "gender": "female", "lastName": "Tan", "id": "147422", "bio": "", "photo": {"prefix": "https://igx.4sqi.net/img/user/", "suffix": "/YHGF5WQK3Z10QE32.jpg"}, "homeCity": "Singapore", "lists": {"groups": [{"items": [], "count": 2, "type": "created"}]}}, {"tips": {"count": 0}, "contact": {"twitter": "tobiascai"}, "firstName": "Tobias", "gender": "male", "lastName": "Cai", "id": "787891", "bio": "", "photo": {"prefix": "https://igx.4sqi.net/img/user/", "suffix": "/blank_boy.png", "default": true}, "homeCity": "Singapore, singapore", "lists": {"groups": [{"items": [], "count": 2, "type": "created"}]}}, {"tips": {"count": 9}, "contact": {"twitter": "quitemindy", "facebook": "556169803"}, "firstName": "Mindy", "gender": "female", "lastName": "Tan", "id": "201225", "bio": "", "photo": {"prefix": "https://igx.4sqi.net/img/user/", "suffix": "/OODOKH5VT2PKUESB.jpg"}, "homeCity": "Jurong West, Singapore", "lists": {"groups": [{"items": [], "count": 2, "type": "created"}]}}, {"tips": {"count": 53}, "contact": {"twitter": "jaczie", "facebook": "770986958"}, "firstName": "Jaczie", "gender": "female", "lastName": "Lo", "id": "905541", "bio": "", "photo": {"prefix": "https://igx.4sqi.net/img/user/", "suffix": "/LXVL55KNICJOLG2E.jpg"}, "homeCity": "Singapore", "lists": {"groups": [{"items": [], "count": 2, "type": "created"}]}}, {"tips": {"count": 2}, "contact": {}, "firstName": "Junnie", "gender": "male", "lastName": "Tan", "id": "167496", "bio": "", "photo": {"prefix": "https://igx.4sqi.net/img/user/", "suffix": "/4ATUIWEQYHRL4XEJ.jpg"}, "homeCity": "Bedok, Singapore", "lists": {"groups": [{"items": [], "count": 2, "type": "created"}]}}, {"superuser": 2, "tips": {"count": 17}, "contact": {"twitter": "mikefoong", "facebook": "509289967"}, "firstName": "Michael", "gender": "male", "lastName": "Foong", "id": "107438", "bio": "", "photo": {"prefix": "https://igx.4sqi.net/img/user/", "suffix": "/DYY04MGOU1CVVH14.jpg"}, "homeCity": "Singapore, 038986", "lists": {"groups": [{"items": [], "count": 8, "type": "created"}]}}, {"tips": {"count": 0}, "contact": {"twitter": "itscharlottewee", "facebook": "738432567"}, "firstName": "Charlotte", "gender": "female", "lastName": "Wee", "id": "4965097", "bio": "", "photo": {"prefix": "https://igx.4sqi.net/img/user/", "suffix": "/4965097-33WP2QUXJW0HEG5W.jpg"}, "homeCity": "Singapore", "lists": {"groups": [{"items": [], "count": 2, "type": "created"}]}}, {"tips": {"count": 0}, "contact": {"twitter": "_von_ng"}, "firstName": "Von", "gender": "female", "lastName": "Ng", "id": "4461079", "bio": "", "photo": {"prefix": "https://igx.4sqi.net/img/user/", "suffix": "/YYF3LOIM31MJRPMW.jpg"}, "homeCity": "Singapore", "lists": {"groups": [{"items": [], "count": 2, "type": "created"}]}}, {"tips": {"count": 38}, "contact": {"twitter": "ladyxtel", "facebook": "10152919522193277"}, "firstName": "Christel", "gender": "female", "lastName": "Quek", "id": "259462", "bio": "", "photo": {"prefix": "https://igx.4sqi.net/img/user/", "suffix": "/DGQXZZHDOL2PEHGD.jpg"}, "homeCity": "Singapore", "lists": {"groups": [{"items": [], "count": 18, "type": "created"}]}}, {"tips": {"count": 3}, "contact": {"twitter": "pomlala", "facebook": "660500890"}, "firstName": "pomlala", "gender": "female", "id": "3517152", "bio": "", "photo": {"prefix": "https://igx.4sqi.net/img/user/", "suffix": "/Y0ZISAALEJE5PU3F.jpg"}, "homeCity": "Singapore", "lists": {"groups": [{"items": [], "count": 2, "type": "created"}]}}, {"tips": {"count": 0}, "contact": {"twitter": "genkigenki", "facebook": "852885612"}, "firstName": "Christopher", "gender": "male", "lastName": "Vu", "id": "362300", "bio": "", "photo": {"prefix": "https://igx.4sqi.net/img/user/", "suffix": "/TD03GDULPKTJWZ5M.png"}, "homeCity": "Singapore", "lists": {"groups": [{"items": [], "count": 2, "type": "created"}]}}, {"tips": {"count": 3}, "contact": {}, "firstName": "Absoulte", "gender": "male", "lastName": "Jerry", "id": "4286373", "bio": "", "photo": {"prefix": "https://igx.4sqi.net/img/user/", "suffix": "/4GHD4TISFESOD3XL.jpg"}, "homeCity": "Singapore", "lists": {"groups": [{"items": [], "count": 2, "type": "created"}]}}, {"tips": {"count": 23}, "contact": {"twitter": "litford", "facebook": "748015407"}, "firstName": "Brian", "gender": "male", "lastName": "Leery", "id": "246543", "bio": "Hey, look a bar graph!", "photo": {"prefix": "https://igx.4sqi.net/img/user/", "suffix": "/246543-BFDXOBQRLCGOA1VP.jpg"}, "homeCity": "Singapore", "lists": {"groups": [{"items": [], "count": 2, "type": "created"}]}}, {"tips": {"count": 0}, "contact": {"twitter": "groovygenie"}, "firstName": "Isman", "gender": "male", "lastName": "Tanuri", "id": "5583503", "bio": "", "photo": {"prefix": "https://igx.4sqi.net/img/user/", "suffix": "/NVUSBGGSX4CONKI5.jpg"}, "homeCity": "Singapore", "lists": {"groups": [{"items": [], "count": 2, "type": "created"}]}}, {"tips": {"count": 2}, "contact": {"twitter": "jalormee"}, "firstName": "Jeremy", "gender": "male", "lastName": "Li", "id": "1808098", "bio": "", "photo": {"prefix": "https://igx.4sqi.net/img/user/", "suffix": "/3T2DDOJTU3UU1Y4O.jpg"}, "homeCity": "Singapore", "lists": {"groups": [{"items": [], "count": 2, "type": "created"}]}}, {"tips": {"count": 11}, "contact": {"twitter": "caramelldrops", "facebook": "685621849"}, "firstName": "Josephine", "gender": "female", "id": "1175977", "bio": "", "photo": {"prefix": "https://igx.4sqi.net/img/user/", "suffix": "/JKYODM1DGOWNQHXR.jpg"}, "homeCity": "Singapore", "lists": {"groups": [{"items": [], "count": 2, "type": "created"}]}}, {"tips": {"count": 0}, "contact": {}, "firstName": "Glenn", "gender": "male", "lastName": "Seah", "id": "3528864", "bio": "", "photo": {"prefix": "https://igx.4sqi.net/img/user/", "suffix": "/AVZS0UCL5XGLA0DM.jpg"}, "homeCity": "Singapore", "lists": {"groups": [{"items": [], "count": 2, "type": "created"}]}}, {"tips": {"count": 5}, "contact": {"twitter": "simontay78", "facebook": "720075782"}, "firstName": "Simon", "gender": "male", "lastName": "Tay", "id": "185731", "bio": "", "photo": {"prefix": "https://igx.4sqi.net/img/user/", "suffix": "/ZVCNCA3I11KJHT4I.jpg"}, "homeCity": "Singapore", "lists": {"groups": [{"items": [], "count": 4, "type": "created"}]}}, {"tips": {"count": 6}, "contact": {"twitter": "lynalexz", "facebook": "100002171596982"}, "firstName": "Lyna", "gender": "female", "lastName": "Tan", "id": "4096529", "bio": "\u201cDon't let the words of others stop you. \u00a0Have a quiet confidence, faith, and belief that you can conquer whatever life may bring you.\u201d", "photo": {"prefix": "https://igx.4sqi.net/img/user/", "suffix": "/4096529-SJG0KATAGKUM1IRK.jpg"}, "homeCity": "Singapore", "lists": {"groups": [{"items": [], "count": 2, "type": "created"}]}}, {"tips": {"count": 4}, "contact": {"twitter": "stanleydelfin", "facebook": "549058839"}, "firstName": "Stanley", "gender": "male", "lastName": "Beatriz", "id": "683231", "bio": "", "photo": {"prefix": "https://igx.4sqi.net/img/user/", "suffix": "/ZEMMIP0JBUIIZ5CO.jpg"}, "homeCity": "Singapore", "lists": {"groups": [{"items": [], "count": 2, "type": "created"}]}}, {"tips": {"count": 0}, "contact": {"twitter": "drumthesticks", "facebook": "698575516"}, "firstName": "Ang", "gender": "female", "lastName": "Ching Hong", "id": "4955091", "bio": "", "photo": {"prefix": "https://igx.4sqi.net/img/user/", "suffix": "/XLZI4TAVUKF5ATV0.jpg"}, "homeCity": "Singapore", "lists": {"groups": [{"items": [], "count": 2, "type": "created"}]}}, {"superuser": 2, "tips": {"count": 2}, "contact": {}, "firstName": "D", "gender": "male", "lastName": "K", "id": "113673", "bio": "", "photo": {"prefix": "https://igx.4sqi.net/img/user/", "suffix": "/113673_1258824779402.jpg"}, "homeCity": "Singapore", "lists": {"groups": [{"items": [], "count": 2, "type": "created"}]}}, {"superuser": 2, "tips": {"count": 9}, "contact": {"twitter": "growlybear"}, "firstName": "Growly", "gender": "male", "lastName": "Bear", "id": "150725", "bio": "", "photo": {"prefix": "https://igx.4sqi.net/img/user/", "suffix": "/PD5MXJECVUJLX1GH.jpg"}, "homeCity": "Singapore", "lists": {"groups": [{"items": [], "count": 3, "type": "created"}]}}, {"tips": {"count": 0}, "contact": {"twitter": "iteddyliu", "facebook": "697235267"}, "firstName": "TEDDY", "gender": "male", "lastName": "LIU", "id": "1188622", "bio": "", "photo": {"prefix": "https://igx.4sqi.net/img/user/", "suffix": "/UC4ZTBZTV5TXJB0N.jpg"}, "homeCity": "Singapore", "lists": {"groups": [{"items": [], "count": 2, "type": "created"}]}}, {"tips": {"count": 2}, "contact": {"twitter": "muffyvan", "facebook": "608067645"}, "firstName": "Anne-Marie", "gender": "female", "lastName": "Teo", "id": "219229", "bio": "", "photo": {"prefix": "https://igx.4sqi.net/img/user/", "suffix": "/219229-Q5BLZSCJ1MPDBQP4.jpg"}, "homeCity": "Singapore", "lists": {"groups": [{"items": [], "count": 3, "type": "created"}]}}, {"tips": {"count": 14}, "contact": {"twitter": "larsv", "facebook": "617115859"}, "firstName": "Lars", "gender": "male", "lastName": "Voedisch", "id": "905675", "bio": "", "photo": {"prefix": "https://igx.4sqi.net/img/user/", "suffix": "/HVZNUGEKXPSJOQGU.jpg"}, "homeCity": "Singapore", "lists": {"groups": [{"items": [], "count": 2, "type": "created"}]}}, {"tips": {"count": 27}, "contact": {}, "firstName": "Smith", "gender": "male", "lastName": "Leong", "id": "170358", "bio": "", "photo": {"prefix": "https://igx.4sqi.net/img/user/", "suffix": "/DQQK0I0GIDABNAC2.jpg"}, "homeCity": "Singapore", "lists": {"groups": [{"items": [], "count": 2, "type": "created"}]}}, {"tips": {"count": 55}, "contact": {"twitter": "kahwee", "facebook": "852815625"}, "firstName": "KahWee", "gender": "male", "lastName": "Teng", "id": "109249", "bio": "My favorite places are Korea, Japan and Singapore!", "photo": {"prefix": "https://igx.4sqi.net/img/user/", "suffix": "/MSAUMDIT2FSCLEYQ.jpg"}, "homeCity": "San Francisco, CA", "lists": {"groups": [{"items": [], "count": 15, "type": "created"}]}}, {"tips": {"count": 0}, "contact": {"twitter": "miyabigiselle", "facebook": "1207827236"}, "firstName": "Angelia", "gender": "female", "lastName": "MiyabiGiselle \ud83d\udc8b", "id": "6189705", "bio": "We aim to pls.", "photo": {"prefix": "https://igx.4sqi.net/img/user/", "suffix": "/6189705-K5IABOTPYT2RRMIA.jpg"}, "homeCity": "Singapore; SengKang", "lists": {"groups": [{"items": [], "count": 2, "type": "created"}]}}, {"tips": {"count": 31}, "contact": {"twitter": "vixlew", "facebook": "764994492"}, "firstName": "Vix", "gender": "female", "id": "281050", "bio": "", "photo": {"prefix": "https://igx.4sqi.net/img/user/", "suffix": "/N4FY12PH5W22WYES.jpg"}, "homeCity": "Singapore", "lists": {"groups": [{"items": [], "count": 4, "type": "created"}]}}, {"tips": {"count": 70}, "contact": {}, "firstName": "LR", "gender": "female", "lastName": "Lim", "id": "364123", "bio": "", "photo": {"prefix": "https://igx.4sqi.net/img/user/", "suffix": "/YRD2IBE34KFM2YGC.jpg"}, "homeCity": "Singapore", "lists": {"groups": [{"items": [], "count": 3, "type": "created"}]}}, {"tips": {"count": 14}, "contact": {"twitter": "shanshan1810", "facebook": "1097839025"}, "firstName": "Lin", "gender": "female", "lastName": "Shan Shan", "id": "4286459", "bio": "", "photo": {"prefix": "https://igx.4sqi.net/img/user/", "suffix": "/NELU2JUU222VXNWR.jpg"}, "homeCity": "Singapore", "lists": {"groups": [{"items": [], "count": 2, "type": "created"}]}}, {"tips": {"count": 22}, "contact": {"twitter": "miyagi", "facebook": "595622587"}, "firstName": "Benjamin", "gender": "male", "lastName": "Lee", "id": "254627", "bio": "", "photo": {"prefix": "https://igx.4sqi.net/img/user/", "suffix": "/2KUKTSRVV4HF1KF4.jpg"}, "homeCity": "Singapore", "lists": {"groups": [{"items": [], "count": 2, "type": "created"}]}}, {"tips": {"count": 6}, "contact": {"facebook": "791404124"}, "firstName": "Pang", "gender": "female", "lastName": "Angela", "id": "5604304", "bio": "", "photo": {"prefix": "https://igx.4sqi.net/img/user/", "suffix": "/QFPQ05K14PUG3PKK.jpg"}, "homeCity": "Singapore", "lists": {"groups": [{"items": [], "count": 2, "type": "created"}]}}, {"tips": {"count": 7}, "contact": {"twitter": "fsheey"}, "firstName": "Fsheey", "gender": "female", "id": "2741295", "bio": "", "photo": {"prefix": "https://igx.4sqi.net/img/user/", "suffix": "/BJV0CAOI4B50WGLT.jpg"}, "homeCity": "Singapore", "lists": {"groups": [{"items": [], "count": 5, "type": "created"}]}}, {"tips": {"count": 0}, "contact": {"facebook": "650997687"}, "firstName": "Wai Yip", "gender": "male", "lastName": "Tham", "id": "4027545", "bio": "", "photo": {"prefix": "https://igx.4sqi.net/img/user/", "suffix": "/blank_boy.png", "default": true}, "homeCity": "Singapore", "lists": {"groups": [{"items": [], "count": 2, "type": "created"}]}}, {"tips": {"count": 0}, "contact": {"facebook": "533388771"}, "firstName": "Angeline", "gender": "female", "lastName": "Desilva", "id": "3918848", "bio": "", "photo": {"prefix": "https://igx.4sqi.net/img/user/", "suffix": "/5P0SYS5YA3LG2IRD.jpg"}, "homeCity": "Singapore", "lists": {"groups": [{"items": [], "count": 2, "type": "created"}]}}, {"superuser": 1, "tips": {"count": 35}, "contact": {"twitter": "weeteck", "facebook": "625367023"}, "firstName": "Weeteck", "gender": "male", "lastName": "Yeoh", "id": "185746", "bio": "", "photo": {"prefix": "https://igx.4sqi.net/img/user/", "suffix": "/185746-A1V1ADPZB5DYPQDQ.jpg"}, "homeCity": "Singapore", "lists": {"groups": [{"items": [], "count": 2, "type": "created"}]}}, {"tips": {"count": 7}, "contact": {"twitter": "hotsweetieeechu", "facebook": "728251901"}, "firstName": "Chu", "gender": "female", "lastName": "Bernardo", "id": "5036092", "bio": "", "photo": {"prefix": "https://igx.4sqi.net/img/user/", "suffix": "/SVKJUXRJQOIHETKV.jpg"}, "homeCity": "Singapore", "lists": {"groups": [{"items": [], "count": 2, "type": "created"}]}}, {"tips": {"count": 7}, "contact": {"twitter": "yvnneneo", "facebook": "624418023"}, "firstName": "Yvnne", "gender": "female", "lastName": "Neo", "id": "3789340", "bio": "", "photo": {"prefix": "https://igx.4sqi.net/img/user/", "suffix": "/3789340-IQXP3X1IYX1VHYXL.jpg"}, "homeCity": "Singapore", "lists": {"groups": [{"items": [], "count": 2, "type": "created"}]}}, {"tips": {"count": 0}, "contact": {"twitter": "lennel"}, "firstName": "lennel", "gender": "male", "lastName": "tan", "id": "121742", "bio": "", "photo": {"prefix": "https://igx.4sqi.net/img/user/", "suffix": "/121742-ST0M4QCHEBLOLUD5.jpg"}, "homeCity": "Singapore", "lists": {"groups": [{"items": [], "count": 2, "type": "created"}]}}, {"tips": {"count": 47}, "contact": {"twitter": "choozm", "facebook": "855199359"}, "firstName": "Zhi Min", "gender": "male", "lastName": "Choo", "id": "160682", "bio": "Last member of GenX and a passive investor. UX, Python, Agile.", "photo": {"prefix": "https://igx.4sqi.net/img/user/", "suffix": "/160682-PGS5QFSP2IFYF4AI.jpg"}, "homeCity": "Singapore", "lists": {"groups": [{"items": [], "count": 2, "type": "created"}]}}, {"tips": {"count": 19}, "contact": {"facebook": "601291798"}, "firstName": "Wei", "gender": "male", "lastName": "Dong", "id": "1268505", "bio": "", "photo": {"prefix": "https://igx.4sqi.net/img/user/", "suffix": "/R5FEQAKB5YP4RO3N.jpg"}, "homeCity": "Singapore", "lists": {"groups": [{"items": [], "count": 2, "type": "created"}]}}, {"tips": {"count": 4}, "contact": {}, "firstName": "Hanif", "gender": "male", "lastName": "Norman", "id": "220037", "bio": "", "photo": {"prefix": "https://igx.4sqi.net/img/user/", "suffix": "/HKKUTABADFAMANMU.jpg"}, "homeCity": "Singapore", "lists": {"groups": [{"items": [], "count": 2, "type": "created"}]}}, {"superuser": 1, "tips": {"count": 19}, "contact": {"twitter": "priscias"}, "firstName": "Priscilla", "gender": "female", "lastName": "Tan", "id": "170930", "bio": "", "photo": {"prefix": "https://igx.4sqi.net/img/user/", "suffix": "/170930-FUO5EOD0MTF031ZZ.jpg"}, "homeCity": "Singapore", "lists": {"groups": [{"items": [], "count": 2, "type": "created"}]}}, {"tips": {"count": 41}, "contact": {}, "firstName": "Xinyi", "gender": "female", "lastName": "Soon", "id": "2167211", "bio": "", "photo": {"prefix": "https://igx.4sqi.net/img/user/", "suffix": "/2167211-RF5EHTHRLGPJJDXD.jpg"}, "homeCity": "Singapore", "lists": {"groups": [{"items": [], "count": 2, "type": "created"}]}}, {"tips": {"count": 0}, "contact": {"twitter": "tricarollette"}, "firstName": "tricia loke", "gender": "female", "id": "6918627", "bio": "", "photo": {"prefix": "https://igx.4sqi.net/img/user/", "suffix": "/4HBGUDZDBJA4FLCF.jpg"}, "homeCity": "Singapore", "lists": {"groups": [{"items": [], "count": 2, "type": "created"}]}}, {"tips": {"count": 1}, "contact": {"twitter": "yellowpampers", "facebook": "1071422576"}, "firstName": "Ping Ying", "gender": "female", "id": "6742921", "bio": "heya", "photo": {"prefix": "https://igx.4sqi.net/img/user/", "suffix": "/6742921_9V-pSf4O_yAXDxpXl2sDoorFigqkCkz7lSmVHPKuUM2mACePv3JsoMMoC-LOCEBTl5yGMOKAj.jpg"}, "homeCity": "Singapore", "lists": {"groups": [{"items": [], "count": 2, "type": "created"}]}}, {"tips": {"count": 0}, "contact": {"twitter": "joriesnsd"}, "firstName": "Jo", "gender": "none", "id": "6507797", "bio": "", "photo": {"prefix": "https://igx.4sqi.net/img/user/", "suffix": "/6507797-VQPXR3IF4NU50ARB.jpg"}, "homeCity": "Singapore", "lists": {"groups": [{"items": [], "count": 2, "type": "created"}]}}, {"tips": {"count": 18}, "contact": {"twitter": "eevonng"}, "firstName": "EEE", "gender": "female", "lastName": "NNN", "id": "258159", "bio": "", "photo": {"prefix": "https://igx.4sqi.net/img/user/", "suffix": "/258159-1CAXSQEH0MRJME5T.jpg"}, "homeCity": "", "lists": {"groups": [{"items": [], "count": 4, "type": "created"}]}}, {"tips": {"count": 0}, "contact": {"facebook": "552844257"}, "firstName": "Waye", "gender": "male", "lastName": "Seah", "id": "5852330", "bio": "", "photo": {"prefix": "https://igx.4sqi.net/img/user/", "suffix": "/RNN1YY1TNENPEQVF.jpg"}, "homeCity": "Singapore", "lists": {"groups": [{"items": [], "count": 2, "type": "created"}]}}, {"tips": {"count": 0}, "contact": {}, "firstName": "Darrell", "gender": "male", "lastName": "Gan", "id": "2836274", "bio": "", "photo": {"prefix": "https://igx.4sqi.net/img/user/", "suffix": "/blank_boy.png", "default": true}, "homeCity": "Singapore", "lists": {"groups": [{"items": [], "count": 2, "type": "created"}]}}, {"tips": {"count": 0}, "contact": {"twitter": "iamnicsyj"}, "firstName": "Nicholas", "gender": "male", "lastName": "See", "id": "5192320", "bio": "", "photo": {"prefix": "https://igx.4sqi.net/img/user/", "suffix": "/PHNDT0MCI3EPGCK1.jpg"}, "homeCity": "Singapore", "lists": {"groups": [{"items": [], "count": 2, "type": "created"}]}}, {"tips": {"count": 5}, "contact": {"twitter": "amandasagala"}, "firstName": "Amanda", "gender": "female", "lastName": "Sagala", "id": "5246860", "bio": "", "photo": {"prefix": "https://igx.4sqi.net/img/user/", "suffix": "/P54TSTV4VM25VNYN.jpg"}, "homeCity": "Singapore", "lists": {"groups": [{"items": [], "count": 2, "type": "created"}]}}, {"tips": {"count": 5}, "contact": {"twitter": "donaldsng"}, "firstName": "Donald", "gender": "male", "lastName": "Sun", "id": "189274", "bio": "", "photo": {"prefix": "https://igx.4sqi.net/img/user/", "suffix": "/KYA2NPYV53KVOCJW.jpg"}, "homeCity": "Singapore", "lists": {"groups": [{"items": [], "count": 2, "type": "created"}]}}, {"tips": {"count": 4}, "contact": {"twitter": "hanshoots", "facebook": "520911404"}, "firstName": "Hansel", "gender": "male", "superuser": 1, "id": "126528", "bio": "", "photo": {"prefix": "https://igx.4sqi.net/img/user/", "suffix": "/-1_1259230846927.jpg"}, "homeCity": "Bedok, Singapore", "lists": {"groups": [{"items": [], "count": 2, "type": "created"}]}}, {"tips": {"count": 12}, "contact": {"twitter": "simplyshimona", "facebook": "667505460"}, "firstName": "simplyshimona", "gender": "female", "id": "828155", "bio": "Singer-Songwriter\r\nwww.shimonakee.com\r\nwww.facebook.com/shimonakee", "photo": {"prefix": "https://igx.4sqi.net/img/user/", "suffix": "/828155-GPXKNK5SMD4EKU4M.jpg"}, "homeCity": "Singapore, Singapore", "lists": {"groups": [{"items": [], "count": 8, "type": "created"}]}}, {"tips": {"count": 4}, "contact": {"twitter": "shengk"}, "firstName": "Sheng", "gender": "male", "lastName": "Kang", "id": "1409420", "bio": "", "photo": {"prefix": "https://igx.4sqi.net/img/user/", "suffix": "/DJS3BS033Q2VCA1A.jpg"}, "homeCity": "Singapore", "lists": {"groups": [{"items": [], "count": 2, "type": "created"}]}}, {"tips": {"count": 63}, "contact": {}, "firstName": "Skywalker", "gender": "male", "id": "2390040", "bio": "", "photo": {"prefix": "https://igx.4sqi.net/img/user/", "suffix": "/K42BYYTAB0NPCKR3.jpg"}, "homeCity": "Singapore", "lists": {"groups": [{"items": [], "count": 3, "type": "created"}]}}, {"tips": {"count": 229}, "contact": {"twitter": "jchowjs", "facebook": "502368995"}, "firstName": "Julian", "gender": "male", "lastName": "Chow", "id": "176913", "bio": "", "photo": {"prefix": "https://igx.4sqi.net/img/user/", "suffix": "/1TJOLS0TWO3YCOWG.jpg"}, "homeCity": "Singapore", "lists": {"groups": [{"items": [], "count": 2, "type": "created"}]}}, {"tips": {"count": 0}, "contact": {"twitter": "feliciaxtkn", "facebook": "10208594475962403"}, "firstName": "Felicia", "gender": "female", "lastName": "Tok", "id": "6980094", "bio": "", "photo": {"prefix": "https://igx.4sqi.net/img/user/", "suffix": "/6980094-OC1WRISNWJKCCTXU.jpg"}, "homeCity": "Singapore", "lists": {"groups": [{"items": [], "count": 2, "type": "created"}]}}, {"tips": {"count": 0}, "contact": {"twitter": "_jonnii", "facebook": "546643541"}, "firstName": "Jonathan", "gender": "male", "lastName": "Leong", "id": "6831934", "bio": "", "photo": {"prefix": "https://igx.4sqi.net/img/user/", "suffix": "/2BMVPXI33GVTH0K5.jpg"}, "homeCity": "Singapore", "lists": {"groups": [{"items": [], "count": 2, "type": "created"}]}}, {"tips": {"count": 0}, "contact": {}, "firstName": "Jill", "gender": "female", "lastName": "Chen", "id": "1423553", "bio": "", "photo": {"prefix": "https://igx.4sqi.net/img/user/", "suffix": "/blank_girl.png", "default": true}, "homeCity": "Singapore", "lists": {"groups": [{"items": [], "count": 2, "type": "created"}]}}, {"tips": {"count": 0}, "contact": {"twitter": "joycccelyn", "facebook": "671841887"}, "firstName": "Joycelyn", "gender": "female", "lastName": "Teo", "id": "6027219", "bio": "", "photo": {"prefix": "https://igx.4sqi.net/img/user/", "suffix": "/PX5FBWQXXG3YLSIR.jpg"}, "homeCity": "Singapore", "lists": {"groups": [{"items": [], "count": 2, "type": "created"}]}}, {"tips": {"count": 11}, "contact": {}, "firstName": "Papercut", "gender": "female", "lastName": "\u00a9", "id": "3355490", "bio": "", "photo": {"prefix": "https://igx.4sqi.net/img/user/", "suffix": "/EEABDMLLOH3OC5RK.jpg"}, "homeCity": "Singapore", "lists": {"groups": [{"items": [], "count": 3, "type": "created"}]}}, {"tips": {"count": 3}, "contact": {}, "firstName": "Snyder", "gender": "male", "lastName": "Goh", "id": "5705894", "bio": "", "photo": {"prefix": "https://igx.4sqi.net/img/user/", "suffix": "/RUR3ZKEI5ULK3TRQ.jpg"}, "homeCity": "Singapore", "lists": {"groups": [{"items": [], "count": 2, "type": "created"}]}}, {"tips": {"count": 2}, "contact": {}, "firstName": "The Garden Slug", "gender": "none", "lastName": "www.thegardenslug.com", "id": "291438", "bio": "eat drink don't think! We provide comfortable food that is minimalist & unfussy yet never compromising on the passion & labour that goes into a home-cooked meal", "photo": {"prefix": "https://igx.4sqi.net/img/user/", "suffix": "/YZWBX0DYRBZ3IVBX.jpg"}, "homeCity": "Singapore", "lists": {"groups": [{"items": [], "count": 2, "type": "created"}]}}, {"tips": {"count": 111}, "contact": {"twitter": "elizabethkoh", "facebook": "604561645"}, "firstName": "Elizabeth", "gender": "female", "lastName": "Koh", "id": "126751", "bio": "", "photo": {"prefix": "https://igx.4sqi.net/img/user/", "suffix": "/0XL24YMXXXHGITNP.jpg"}, "homeCity": "Sg", "lists": {"groups": [{"items": [], "count": 6, "type": "created"}]}}, {"tips": {"count": 2}, "contact": {"facebook": "632319230"}, "firstName": "\u7dad", "gender": "male", "lastName": "\ud83d\udc8b", "id": "830028", "bio": "", "photo": {"prefix": "https://igx.4sqi.net/img/user/", "suffix": "/25TDGZM1TVXYECI5.jpg"}, "homeCity": "Singapore", "lists": {"groups": [{"items": [], "count": 2, "type": "created"}]}}, {"tips": {"count": 2}, "contact": {"facebook": "731038516"}, "firstName": "Alvan", "gender": "male", "lastName": "Poa", "id": "1625606", "bio": "", "photo": {"prefix": "https://igx.4sqi.net/img/user/", "suffix": "/R3BWJIGFITZROQRQ.jpg"}, "homeCity": "Bukit Batok, Singapore", "lists": {"groups": [{"items": [], "count": 2, "type": "created"}]}}, {"tips": {"count": 0}, "contact": {"twitter": "linlin_hime", "facebook": "16826664"}, "firstName": "Hui Lin", "gender": "female", "lastName": "Lam", "id": "2685338", "bio": "", "photo": {"prefix": "https://igx.4sqi.net/img/user/", "suffix": "/ZTTHGFDQW2VNO5U0.jpg"}, "homeCity": "Singapore", "lists": {"groups": [{"items": [], "count": 2, "type": "created"}]}}, {"tips": {"count": 2}, "contact": {"twitter": "ganliling"}, "firstName": "Li Ling", "gender": "female", "lastName": "Gan", "id": "7108688", "bio": "", "photo": {"prefix": "https://igx.4sqi.net/img/user/", "suffix": "/5SL1OT2RXRPCAFIK.jpg"}, "homeCity": "Singapore", "lists": {"groups": [{"items": [], "count": 2, "type": "created"}]}}, {"tips": {"count": 2}, "contact": {"twitter": "natalie_natida", "facebook": "100002300453482"}, "firstName": "Nat", "gender": "female", "lastName": "Ida", "id": "5113645", "bio": "", "photo": {"prefix": "https://igx.4sqi.net/img/user/", "suffix": "/2DAX0ODBDGFPIHJM.jpg"}, "homeCity": "Singapore", "lists": {"groups": [{"items": [], "count": 2, "type": "created"}]}}, {"tips": {"count": 4}, "contact": {"twitter": "woosheryl", "facebook": "580003208"}, "firstName": "Sheryl", "gender": "female", "lastName": "Woo", "id": "291816", "bio": "", "photo": {"prefix": "https://igx.4sqi.net/img/user/", "suffix": "/291816-1LZO0KIMKT52XWS1.jpg"}, "homeCity": "Singapore", "lists": {"groups": [{"items": [], "count": 2, "type": "created"}]}}, {"tips": {"count": 50}, "contact": {"twitter": "daphnemaia", "facebook": "590335708"}, "firstName": "Daphne Maia", "gender": "female", "lastName": "Loo", "id": "129416", "bio": "Coffee \u2022 Powerlifting \u2022 @fortitudegym \u2022 \r\nDigital Marketing \u2022 Writer \u2022 Introvert \u2022", "photo": {"prefix": "https://igx.4sqi.net/img/user/", "suffix": "/129416-CE2O03KIZRMARIQW.jpg"}, "homeCity": "Singapore", "lists": {"groups": [{"items": [], "count": 6, "type": "created"}]}}, {"tips": {"count": 2}, "contact": {"twitter": "ohhhhhsam", "facebook": "763339175"}, "firstName": "Samantha", "gender": "female", "lastName": "Su", "id": "4219075", "bio": "", "photo": {"prefix": "https://igx.4sqi.net/img/user/", "suffix": "/QGJWUIVSZ1PYR5AE.jpg"}, "homeCity": "Singapore", "lists": {"groups": [{"items": [], "count": 2, "type": "created"}]}}, {"tips": {"count": 10}, "contact": {"twitter": "pizpix", "facebook": "539101920"}, "firstName": "PIXY", "gender": "female", "id": "1833447", "bio": "Hello, Fatball checking in", "photo": {"prefix": "https://igx.4sqi.net/img/user/", "suffix": "/1833447-EK4PBP22PDVXY5OC.jpg"}, "homeCity": "Melbourne", "lists": {"groups": [{"items": [], "count": 2, "type": "created"}]}}, {"tips": {"count": 21}, "contact": {"twitter": "azhaaarry", "facebook": "665057334"}, "firstName": "Azhary", "gender": "male", "lastName": "Meswan", "id": "2865669", "bio": "", "photo": {"prefix": "https://igx.4sqi.net/img/user/", "suffix": "/3Q1KHO3URZ0YAWKW.jpg"}, "homeCity": "Singapore", "lists": {"groups": [{"items": [], "count": 2, "type": "created"}]}}, {"tips": {"count": 8}, "contact": {"twitter": "percer_", "facebook": "10153960070813858"}, "firstName": "C.O", "gender": "female", "id": "5113652", "bio": "Askfm : @Cathypercer", "photo": {"prefix": "https://igx.4sqi.net/img/user/", "suffix": "/5113652-0BHSZGDTNL2KVSSO.jpg"}, "homeCity": "Singapore", "lists": {"groups": [{"items": [], "count": 2, "type": "created"}]}}, {"tips": {"count": 34}, "contact": {"twitter": "visualwire", "facebook": "751142941"}, "firstName": "Nicholas", "gender": "male", "lastName": "Foo", "id": "131147", "bio": "", "photo": {"prefix": "https://igx.4sqi.net/img/user/", "suffix": "/131147-YUCWU1FEWFXKT3BD.jpg"}, "homeCity": "Singapore", "lists": {"groups": [{"items": [], "count": 14, "type": "created"}]}}, {"tips": {"count": 8}, "contact": {"twitter": "nyixian", "facebook": "100003623291662"}, "firstName": "KylerNyixian", "gender": "male", "id": "4220709", "bio": "", "photo": {"prefix": "https://igx.4sqi.net/img/user/", "suffix": "/RALP0GEKDRU2UXNP.jpg"}, "homeCity": "Singapore", "lists": {"groups": [{"items": [], "count": 2, "type": "created"}]}}, {"tips": {"count": 7}, "contact": {"twitter": "lauwsh", "facebook": "565831545"}, "firstName": "laura", "gender": "female", "lastName": "Wong", "id": "1835452", "bio": "", "photo": {"prefix": "https://igx.4sqi.net/img/user/", "suffix": "/XZ0XXAH5JXK23SB2.jpg"}, "homeCity": "Singapore", "lists": {"groups": [{"items": [], "count": 2, "type": "created"}]}}, {"tips": {"count": 14}, "contact": {"facebook": "1037220482"}, "firstName": "Quesera", "gender": "female", "lastName": "Sera", "id": "3314200", "bio": "", "photo": {"prefix": "https://igx.4sqi.net/img/user/", "suffix": "/35HG4KL0K2XT355L.jpg"}, "homeCity": "Singapore", "lists": {"groups": [{"items": [], "count": 2, "type": "created"}]}}, {"tips": {"count": 78}, "contact": {"twitter": "victortan", "facebook": "677121704"}, "firstName": "Victor", "gender": "male", "lastName": "Tan", "id": "133481", "bio": "", "photo": {"prefix": "https://igx.4sqi.net/img/user/", "suffix": "/CNMAILZIJBJA0W50.jpg"}, "homeCity": "Singapore", "lists": {"groups": [{"items": [], "count": 7, "type": "created"}]}}, {"tips": {"count": 4}, "contact": {"twitter": "heartscheryl"}, "firstName": "Cheryl", "gender": "female", "lastName": "Love", "id": "4390533", "bio": "", "photo": {"prefix": "https://igx.4sqi.net/img/user/", "suffix": "/FJ03C5UBEL3S3YTJ.jpg"}, "homeCity": "Singapore", "lists": {"groups": [{"items": [], "count": 2, "type": "created"}]}}, {"tips": {"count": 3}, "contact": {"twitter": "justpearle", "facebook": "575595140"}, "firstName": "Pearle", "gender": "female", "lastName": "Tan", "id": "2029920", "bio": "", "photo": {"prefix": "https://igx.4sqi.net/img/user/", "suffix": "/4LSQDMCDOIGZ4PRL.jpg"}, "homeCity": ", Singapore", "lists": {"groups": [{"items": [], "count": 2, "type": "created"}]}}, {"tips": {"count": 0}, "contact": {}, "firstName": "S", "gender": "female", "lastName": "S", "id": "3675106", "bio": "", "photo": {"prefix": "https://igx.4sqi.net/img/user/", "suffix": "/3675106-VO4U3CHV1LU1K3HS"}, "homeCity": "Singapore", "lists": {"groups": [{"items": [], "count": 2, "type": "created"}]}}, {"superuser": 2, "tips": {"count": 38}, "contact": {"twitter": "inrsoul", "facebook": "670555642"}, "firstName": "Kevin", "gender": "male", "lastName": "Lee", "id": "144045", "bio": "photographer (mycake.sg) and slave to cats Babs and Baxter", "photo": {"prefix": "https://igx.4sqi.net/img/user/", "suffix": "/MXYAHNF3QVDF4RNS.jpg"}, "homeCity": "Singapore", "lists": {"groups": [{"items": [], "count": 5, "type": "created"}]}}, {"tips": {"count": 0}, "contact": {"twitter": "dabenni", "facebook": "628091294"}, "firstName": "Daphanie", "gender": "female", "lastName": "Lim", "id": "4410189", "bio": "", "photo": {"prefix": "https://igx.4sqi.net/img/user/", "suffix": "/QKPLX40AVCCZTECJ.jpg"}, "homeCity": "Singapore", "lists": {"groups": [{"items": [], "count": 2, "type": "created"}]}}, {"tips": {"count": 1}, "contact": {"twitter": "larzshinobi", "facebook": "1020802409"}, "firstName": "Larz", "gender": "male", "lastName": "Shinobi", "id": "2420246", "bio": "", "photo": {"prefix": "https://igx.4sqi.net/img/user/", "suffix": "/GUQ4KZEC25ESRZNM.jpg"}, "homeCity": "San Francisco, CA", "lists": {"groups": [{"items": [], "count": 2, "type": "created"}]}}, {"tips": {"count": 7}, "contact": {"twitter": "zoelavida", "facebook": "529999324"}, "firstName": "Zoe", "gender": "female", "lastName": "LaVida", "id": "3854133", "bio": "", "photo": {"prefix": "https://igx.4sqi.net/img/user/", "suffix": "/CEWGF0NG1PBKVJDS.jpg"}, "homeCity": "Singapore", "lists": {"groups": [{"items": [], "count": 2, "type": "created"}]}}, {"tips": {"count": 5}, "contact": {"twitter": "mediumshawn", "facebook": "10152949808028692"}, "firstName": "Shawn", "gender": "male", "lastName": "Lim", "id": "146182", "bio": "", "photo": {"prefix": "https://igx.4sqi.net/img/user/", "suffix": "/J5NLKDIR23KUZDNT.jpg"}, "homeCity": "Singapore", "lists": {"groups": [{"items": [], "count": 2, "type": "created"}]}}, {"tips": {"count": 17}, "contact": {"twitter": "imlittlewhite", "facebook": "10152905510112438"}, "firstName": "\u0134\u00eb\u0438\u0438", "gender": "female", "lastName": "\u0166\u0127\u00e3\u043c", "id": "2421346", "bio": "", "photo": {"prefix": "https://igx.4sqi.net/img/user/", "suffix": "/2421346-UPPMB2F41WMPTFDI.jpg"}, "homeCity": "Kuala Lumpur, Malaysia", "lists": {"groups": [{"items": [], "count": 2, "type": "created"}]}}, {"tips": {"count": 11}, "contact": {"twitter": "chelleis", "facebook": "529315172"}, "firstName": "chelleis", "gender": "female", "id": "3860476", "bio": "", "photo": {"prefix": "https://igx.4sqi.net/img/user/", "suffix": "/VTMBMPEBGQ3P2IAK.jpg"}, "homeCity": "Singapore", "lists": {"groups": [{"items": [], "count": 2, "type": "created"}]}}, {"tips": {"count": 164}, "contact": {}, "firstName": "Weiru", "gender": "female", "lastName": "T", "id": "1766108", "bio": "", "photo": {"prefix": "https://igx.4sqi.net/img/user/", "suffix": "/A33A5211RL1GDHDT.jpg"}, "homeCity": "Singapore", "lists": {"groups": [{"items": [], "count": 2, "type": "created"}]}}, {"tips": {"count": 3}, "contact": {"facebook": "712049554"}, "firstName": "Kojy", "gender": "male", "lastName": "Cruizer", "id": "2423521", "bio": "", "photo": {"prefix": "https://igx.4sqi.net/img/user/", "suffix": "/4A1R4UGNFMYFZHIX.jpg"}, "homeCity": "NOWHERE", "lists": {"groups": [{"items": [], "count": 2, "type": "created"}]}}, {"tips": {"count": 0}, "contact": {}, "firstName": "Sharon", "gender": "female", "lastName": "S.", "id": "3964215", "bio": "", "photo": {"prefix": "https://igx.4sqi.net/img/user/", "suffix": "/3JAHISOPKNNBNHZ2.jpg"}, "homeCity": "Singapore", "lists": {"groups": [{"items": [], "count": 2, "type": "created"}]}}, {"tips": {"count": 4}, "contact": {"twitter": "hai_ren", "facebook": "602806178"}, "firstName": "Ivan", "gender": "male", "lastName": "Kwan", "id": "2970654", "bio": "", "photo": {"prefix": "https://igx.4sqi.net/img/user/", "suffix": "/GG2SKBUI0CWUUOVS.jpg"}, "homeCity": "Singapore", "lists": {"groups": [{"items": [], "count": 2, "type": "created"}]}}, {"tips": {"count": 0}, "contact": {"twitter": "sherrichy", "facebook": "1315386591"}, "firstName": "Sherri", "gender": "female", "lastName": "Chy", "id": "4137945", "bio": "", "photo": {"prefix": "https://igx.4sqi.net/img/user/", "suffix": "/VLE5ZV5UI1PSWTIL.jpg"}, "homeCity": "Singapore", "lists": {"groups": [{"items": [], "count": 2, "type": "created"}]}}, {"tips": {"count": 3}, "contact": {"twitter": "furryphotos", "facebook": "10154430681532926"}, "firstName": "Nicholas", "gender": "male", "lastName": "Lee", "id": "3082143", "bio": "", "photo": {"prefix": "https://igx.4sqi.net/img/user/", "suffix": "/DOYF3GMRVNYZ3RGL.jpg"}, "homeCity": "Singapore", "lists": {"groups": [{"items": [], "count": 2, "type": "created"}]}}, {"tips": {"count": 0}, "contact": {"twitter": "eeeelynnnn", "facebook": "1467126015"}, "firstName": "Evelynnnn . \u263b", "gender": "female", "id": "5984616", "bio": "\u25b2\u25bd\u25b2\u25bd\u25b2\u25bd\u25b2\u25bd\u25b2\u25bd\u25b2\u25bd\u25b2\u25bd\u25b2\u25bd\u25b2\u25bd\u25b2\u25bd\u25b2\u25bd\u25b2\u25bd\u25b2\r\nFollow pls \ud83d\udc49 @littlesweettoothbakes", "photo": {"prefix": "https://igx.4sqi.net/img/user/", "suffix": "/5984616-PFRYUTOMUL4U1E5M.jpg"}, "homeCity": "Singapore", "lists": {"groups": [{"items": [], "count": 2, "type": "created"}]}}, {"tips": {"count": 0}, "contact": {}, "firstName": "Grace", "gender": "none", "lastName": "Lim", "id": "3191153", "bio": "", "photo": {"prefix": "https://igx.4sqi.net/img/user/", "suffix": "/blank_boy.png", "default": true}, "homeCity": "Singapore", "lists": {"groups": [{"items": [], "count": 2, "type": "created"}]}}, {"tips": {"count": 0}, "contact": {"facebook": "531443994"}, "firstName": "Jenn Yang", "gender": "male", "lastName": "Lim", "id": "6414169", "bio": "", "photo": {"prefix": "https://igx.4sqi.net/img/user/", "suffix": "/DVZ5L4QMTGOMGADR.jpg"}, "homeCity": "New York, NY", "lists": {"groups": [{"items": [], "count": 2, "type": "created"}]}}, {"tips": {"count": 3}, "contact": {"twitter": "mymytoh", "facebook": "584011002"}, "firstName": "Mymy", "gender": "female", "lastName": "Toh", "id": "3411682", "bio": "", "photo": {"prefix": "https://igx.4sqi.net/img/user/", "suffix": "/2RS2FGXCEHWJJSG1.jpg"}, "homeCity": "Singapore", "lists": {"groups": [{"items": [], "count": 2, "type": "created"}]}}, {"tips": {"count": 0}, "contact": {"twitter": "ztiaoli"}, "firstName": "Tiaoli", "gender": "female", "lastName": "Toh", "id": "3686199", "bio": "", "photo": {"prefix": "https://igx.4sqi.net/img/user/", "suffix": "/BDJ4AJRJOCDIK5EG.jpg"}, "homeCity": "Singapore", "lists": {"groups": [{"items": [], "count": 2, "type": "created"}]}}, {"tips": {"count": 1}, "contact": {"twitter": "jozkatzkatz", "facebook": "1045058472"}, "firstName": "Jozann", "gender": "female", "lastName": "Li", "id": "3984299", "bio": "", "photo": {"prefix": "https://igx.4sqi.net/img/user/", "suffix": "/3984299-5MLJYR5MVUNJQA2M.jpg"}, "homeCity": "Singapore", "lists": {"groups": [{"items": [], "count": 2, "type": "created"}]}}, {"tips": {"count": 0}, "contact": {"twitter": "carocarrots"}, "firstName": "Carolyn", "gender": "female", "lastName": "K", "id": "5130587", "bio": "", "photo": {"prefix": "https://igx.4sqi.net/img/user/", "suffix": "/P2T1CM3QSOWNOPBU.jpg"}, "homeCity": "Singapore", "lists": {"groups": [{"items": [], "count": 2, "type": "created"}]}}, {"tips": {"count": 5}, "contact": {"twitter": "poormond", "facebook": "510777937"}, "firstName": "Richmond", "gender": "male", "lastName": "Tan", "id": "5227594", "bio": "", "photo": {"prefix": "https://igx.4sqi.net/img/user/", "suffix": "/40Q0PTNKGC3FAEIC.jpg"}, "homeCity": "Singapore", "lists": {"groups": [{"items": [], "count": 2, "type": "created"}]}}, {"tips": {"count": 2}, "contact": {"twitter": "v0kv0k", "facebook": "639760806"}, "firstName": "Titan", "gender": "male", "lastName": "Lim", "id": "5909655", "bio": "", "photo": {"prefix": "https://igx.4sqi.net/img/user/", "suffix": "/T2ZLAX3ROA0IGIH5.jpg"}, "homeCity": "Singapore", "lists": {"groups": [{"items": [], "count": 2, "type": "created"}]}}, {"tips": {"count": 1}, "contact": {"twitter": "zalisthedj", "facebook": "690162955"}, "firstName": "Ryzal", "gender": "male", "lastName": "Ramone", "id": "6332983", "bio": "", "photo": {"prefix": "https://igx.4sqi.net/img/user/", "suffix": "/6332983-G4BD53QNU0XAXSZL.jpg"}, "homeCity": "Singapore", "lists": {"groups": [{"items": [], "count": 2, "type": "created"}]}}, {"tips": {"count": 0}, "contact": {"twitter": "septemberthirdd", "facebook": "1406722654"}, "firstName": "Sophina L", "gender": "female", "lastName": "Yang", "id": "6341312", "bio": "\" CHERISH \"", "photo": {"prefix": "https://igx.4sqi.net/img/user/", "suffix": "/6341312-USCAIL5PBF2YCLIK.jpg"}, "homeCity": "Singapore", "lists": {"groups": [{"items": [], "count": 2, "type": "created"}]}}], "count": 530}, "checksum": "4bd12e87fa527f3b15342bfea911ea0c040f2b61"}, "meta": {"requestId": "5965c79d351e3d64ae0b96b8", "code": 200}}