{"notifications": [{"type": "notificationTray", "item": {"unreadCount": 0}}], "meta": {"requestId": "5966ea41f594df21ba01d5c7", "code": 200}, "response": {"friends": {"count": 106, "items": [{"id": "1034696", "photo": {"prefix": "https://igx.4sqi.net/img/user/", "suffix": "/CYDJUQDRLO2URH5W.jpg"}, "homeCity": "Singapore, Hong Kong", "contact": {"facebook": "521574080", "twitter": "6uni"}, "firstName": "Eunice", "tips": {"count": 5}, "gender": "female", "lastName": "Wong", "lists": {"groups": [{"count": 2, "type": "created", "items": []}]}, "bio": ""}, {"id": "15817254", "photo": {"prefix": "https://igx.4sqi.net/img/user/", "suffix": "/0YJHCNGE33HDSTT2.jpg"}, "homeCity": "New York, NY", "contact": {"facebook": "528830340", "twitter": "rachiemumbles"}, "firstName": "Rachel", "tips": {"count": 0}, "gender": "female", "lastName": "Cheng", "lists": {"groups": [{"count": 2, "type": "created", "items": []}]}, "bio": ""}, {"id": "4371393", "photo": {"prefix": "https://igx.4sqi.net/img/user/", "suffix": "/JMFAEBXVC3VAFWLE.jpg"}, "homeCity": "Unnamed Location", "contact": {}, "firstName": "Andy", "tips": {"count": 0}, "gender": "male", "lastName": "Er", "lists": {"groups": [{"count": 2, "type": "created", "items": []}]}, "bio": ""}, {"id": "271024", "photo": {"prefix": "https://igx.4sqi.net/img/user/", "suffix": "/X3SBT00THGFSPEYV.jpg"}, "homeCity": "Singapore", "contact": {"facebook": "670444941", "twitter": "bioanarchism"}, "firstName": "Michael", "tips": {"count": 25}, "gender": "male", "lastName": "Feng", "lists": {"groups": [{"count": 5, "type": "created", "items": []}]}, "bio": ""}, {"id": "405882", "photo": {"prefix": "https://igx.4sqi.net/img/user/", "suffix": "/405882-M0ZSEZJUNRXGPYL3.jpg"}, "homeCity": "Singapore", "contact": {"facebook": "597891824"}, "firstName": "Eugene", "tips": {"count": 4}, "gender": "male", "lastName": "Seet", "lists": {"groups": [{"count": 2, "type": "created", "items": []}]}, "bio": ""}, {"id": "1243334", "photo": {"prefix": "https://igx.4sqi.net/img/user/", "default": true, "suffix": "/blank_boy.png"}, "homeCity": "Singapore", "contact": {"facebook": "603232712"}, "firstName": "Francis", "tips": {"count": 0}, "gender": "male", "lastName": "\u4fca\u8f1d \uc6d4\uc758", "lists": {"groups": [{"count": 2, "type": "created", "items": []}]}, "bio": ""}, {"id": "7654719", "photo": {"prefix": "https://igx.4sqi.net/img/user/", "suffix": "/H3503KEKRR4D2DBF.jpg"}, "homeCity": "Singapore", "contact": {"facebook": "643282112"}, "firstName": "Shee Mad", "tips": {"count": 0}, "gender": "female", "lastName": "Hashim", "lists": {"groups": [{"count": 2, "type": "created", "items": []}]}, "bio": ""}, {"id": "24077606", "photo": {"prefix": "https://igx.4sqi.net/img/user/", "suffix": "/WZ4YDCJXZR1QSUVF.jpg"}, "homeCity": "Singapore", "contact": {"facebook": "611518880"}, "firstName": "Jereem", "tips": {"count": 0}, "gender": "female", "lastName": "Chew", "lists": {"groups": [{"count": 2, "type": "created", "items": []}]}, "bio": ""}, {"id": "5694986", "photo": {"prefix": "https://igx.4sqi.net/img/user/", "suffix": "/EFCDKTVEYHMDHMVI.jpg"}, "homeCity": "Singapore", "contact": {"facebook": "586313906"}, "firstName": "Sazzuria", "tips": {"count": 3}, "gender": "female", "lastName": "Hashim", "lists": {"groups": [{"count": 2, "type": "created", "items": []}]}, "bio": ""}, {"id": "1794191", "photo": {"prefix": "https://igx.4sqi.net/img/user/", "suffix": "/ERXW5D52NFOL4TAZ.jpg"}, "homeCity": "Singapore", "contact": {"twitter": "anniehow"}, "firstName": "Annie", "tips": {"count": 1}, "gender": "female", "lastName": "Tan", "lists": {"groups": [{"count": 2, "type": "created", "items": []}]}, "bio": ""}, {"id": "1168950", "photo": {"prefix": "https://igx.4sqi.net/img/user/", "suffix": "/V5O4JD40OT5AOMAC.jpg"}, "homeCity": "Bishan, Singapore", "contact": {}, "firstName": "Ken", "tips": {"count": 12}, "gender": "male", "lastName": "Ng", "lists": {"groups": [{"count": 2, "type": "created", "items": []}]}, "bio": ""}, {"id": "463891", "photo": {"prefix": "https://igx.4sqi.net/img/user/", "suffix": "/GCM515TS5RKPIIJ2.jpg"}, "homeCity": "Singapore", "contact": {"facebook": "698272737", "twitter": "vivischryst"}, "firstName": "Vivienne", "tips": {"count": 4}, "gender": "female", "lastName": "Oh", "lists": {"groups": [{"count": 2, "type": "created", "items": []}]}, "bio": ""}, {"id": "610899", "photo": {"prefix": "https://igx.4sqi.net/img/user/", "suffix": "/H02XS1E2JLTQDQN0.jpg"}, "homeCity": "Singapore", "contact": {"facebook": "641683930"}, "firstName": "KC", "tips": {"count": 0}, "gender": "male", "lastName": "Tan", "lists": {"groups": [{"count": 2, "type": "created", "items": []}]}, "bio": ""}, {"id": "384976", "photo": {"prefix": "https://igx.4sqi.net/img/user/", "suffix": "/ABS4P4ZJ1QNCJPTH.jpg"}, "homeCity": "Singapore", "contact": {"facebook": "629481717", "twitter": "edyna89"}, "firstName": "Edyna", "tips": {"count": 0}, "gender": "female", "lists": {"groups": [{"count": 2, "type": "created", "items": []}]}, "bio": ""}, {"id": "14214015", "photo": {"prefix": "https://igx.4sqi.net/img/user/", "default": true, "suffix": "/blank_girl.png"}, "homeCity": "Nigeria", "contact": {}, "firstName": "Yetunde", "tips": {"count": 0}, "gender": "female", "lastName": "Adeyinka", "lists": {"groups": [{"count": 2, "type": "created", "items": []}]}, "bio": ""}, {"id": "468035", "photo": {"prefix": "https://igx.4sqi.net/img/user/", "suffix": "/CVEIW22UIFO5NJXD.jpg"}, "homeCity": "Khlong Tan, Bangkok", "contact": {"facebook": "579053844"}, "firstName": "Oe", "tips": {"count": 0}, "gender": "female", "lastName": "Njoy", "lists": {"groups": [{"count": 2, "type": "created", "items": []}]}, "bio": ""}, {"id": "1764470", "photo": {"prefix": "https://igx.4sqi.net/img/user/", "suffix": "/1764470-TWS0TBRXA5MUL1CA.jpg"}, "homeCity": "", "contact": {"facebook": "10152880767604620", "twitter": "eccenlyn"}, "firstName": "Lyn", "tips": {"count": 16}, "gender": "female", "lastName": "Ling", "lists": {"groups": [{"count": 2, "type": "created", "items": []}]}, "bio": "I'm not picky with food but I nitpick at service. \n\n\ud83d\udcf7: @lynxling"}, {"id": "927492", "photo": {"prefix": "https://igx.4sqi.net/img/user/", "suffix": "/43IECW4JB253MKME.jpg"}, "homeCity": "Singapore", "contact": {"facebook": "642999090", "twitter": "hayabushax"}, "firstName": "Xuan", "tips": {"count": 0}, "gender": "male", "lastName": "Guang", "lists": {"groups": [{"count": 2, "type": "created", "items": []}]}, "bio": ""}, {"id": "2604846", "photo": {"prefix": "https://igx.4sqi.net/img/user/", "suffix": "/3GDOBN4KNMJ2P42Y.jpg"}, "homeCity": "Singapore", "contact": {"facebook": "591697637", "twitter": "kendricklau"}, "firstName": "Kendrick", "tips": {"count": 4}, "gender": "male", "lastName": "Lau", "lists": {"groups": [{"count": 2, "type": "created", "items": []}]}, "bio": "# Media Trainer #\r\n# Adobe Certified Expert #"}, {"id": "32675037", "photo": {"prefix": "https://igx.4sqi.net/img/user/", "suffix": "/HNBOIXTLFUZBEULU.jpg"}, "homeCity": "New York, NY", "contact": {"facebook": "700819400"}, "firstName": "Liz", "tips": {"count": 0}, "gender": "female", "lastName": "Md", "lists": {"groups": [{"count": 2, "type": "created", "items": []}]}, "bio": ""}, {"id": "27179675", "photo": {"prefix": "https://igx.4sqi.net/img/user/", "suffix": "/HTBP1UFE3WFHUCXX.jpg"}, "homeCity": "Shanghai", "contact": {"facebook": "612541935"}, "firstName": "Vivian", "tips": {"count": 0}, "gender": "female", "lastName": "Lee", "lists": {"groups": [{"count": 2, "type": "created", "items": []}]}, "bio": ""}, {"id": "10997851", "photo": {"prefix": "https://igx.4sqi.net/img/user/", "suffix": "/PSRGLLXJRGXDKO5M.jpg"}, "homeCity": "Petaling Jaya, Malaysia", "contact": {"twitter": "jojoyuki"}, "firstName": "Joann", "tips": {"count": 24}, "gender": "female", "lastName": "Choo", "lists": {"groups": [{"count": 2, "type": "created", "items": []}]}, "bio": "funny/sophisticated/cheeky/bubbly/gluttony"}, {"id": "27811013", "photo": {"prefix": "https://igx.4sqi.net/img/user/", "suffix": "/5YLX3HBS0A0TCCNV.jpg"}, "homeCity": "Nashville, Tennessee", "contact": {"facebook": "9420569", "twitter": "xiaojenn"}, "firstName": "Jennifer", "tips": {"count": 0}, "gender": "female", "lastName": "Yang", "lists": {"groups": [{"count": 2, "type": "created", "items": []}]}, "bio": ""}, {"id": "4837471", "photo": {"prefix": "https://igx.4sqi.net/img/user/", "suffix": "/PSWDMCBNAUC4S4AZ.jpg"}, "homeCity": "Taiwan", "contact": {"facebook": "1025901254"}, "firstName": "Elvira", "tips": {"count": 3}, "gender": "female", "lastName": "Chang", "lists": {"groups": [{"count": 2, "type": "created", "items": []}]}, "bio": ""}, {"id": "7006597", "photo": {"prefix": "https://igx.4sqi.net/img/user/", "suffix": "/NUMAFCRYUCMLG2NQ.jpg"}, "homeCity": "Malaysia", "contact": {"facebook": "593539715"}, "firstName": "Zibert", "tips": {"count": 1}, "gender": "male", "lastName": "Wong", "lists": {"groups": [{"count": 2, "type": "created", "items": []}]}, "bio": ""}, {"id": "37339361", "photo": {"prefix": "https://igx.4sqi.net/img/user/", "suffix": "/XKHJAFPB55FYAC2H.jpg"}, "homeCity": "Singapore", "contact": {"facebook": "602875486"}, "firstName": "Carol", "tips": {"count": 12}, "gender": "female", "lastName": "Soong", "lists": {"groups": [{"count": 2, "type": "created", "items": []}]}, "bio": ""}, {"id": "25358969", "photo": {"prefix": "https://igx.4sqi.net/img/user/", "suffix": "/EG5PXPELJE3UWGKL.jpg"}, "homeCity": "New York, NY", "contact": {"facebook": "757954271"}, "firstName": "Christina", "tips": {"count": 0}, "gender": "female", "lastName": "Tan", "lists": {"groups": [{"count": 2, "type": "created", "items": []}]}, "bio": ""}, {"id": "8596667", "photo": {"prefix": "https://igx.4sqi.net/img/user/", "suffix": "/FRYEHVUTSQPMLIOF.jpg"}, "homeCity": "NY", "contact": {}, "firstName": "Dexter", "tips": {"count": 1}, "gender": "male", "lastName": "Laboratory", "lists": {"groups": [{"count": 2, "type": "created", "items": []}]}, "bio": ""}, {"id": "39492683", "photo": {"prefix": "https://igx.4sqi.net/img/user/", "default": true, "suffix": "/blank_boy.png"}, "homeCity": "New York, NY", "contact": {}, "firstName": "faith", "tips": {"count": 0}, "gender": "none", "lastName": "Chiang", "lists": {"groups": [{"count": 2, "type": "created", "items": []}]}, "bio": ""}, {"id": "5723380", "photo": {"prefix": "https://igx.4sqi.net/img/user/", "suffix": "/UB03DK54CGDANFPY.jpg"}, "homeCity": "Singapore", "contact": {"facebook": "100001246161091"}, "firstName": "'Michael Low", "tips": {"count": 0}, "gender": "male", "lastName": "Chee Hui", "lists": {"groups": [{"count": 2, "type": "created", "items": []}]}, "bio": ""}, {"id": "1999393", "photo": {"prefix": "https://igx.4sqi.net/img/user/", "suffix": "/K3ULQSKGTULVB4AM.jpg"}, "homeCity": "Singapore", "contact": {"facebook": "718619619", "twitter": "cynnfu"}, "firstName": "cynn", "tips": {"count": 3}, "gender": "female", "lastName": "fu", "lists": {"groups": [{"count": 2, "type": "created", "items": []}]}, "bio": ""}, {"id": "4232324", "photo": {"prefix": "https://igx.4sqi.net/img/user/", "default": true, "suffix": "/blank_boy.png"}, "homeCity": "Singapore", "contact": {}, "firstName": "Jason", "tips": {"count": 0}, "gender": "male", "lastName": "Ng", "lists": {"groups": [{"count": 2, "type": "created", "items": []}]}, "bio": ""}, {"id": "1234149", "photo": {"prefix": "https://igx.4sqi.net/img/user/", "suffix": "/40NR5KHOTV5CMYUL.jpg"}, "homeCity": "Sengkang, Singapore", "contact": {}, "firstName": "Eric", "tips": {"count": 14}, "gender": "male", "lastName": "Tan Jh", "lists": {"groups": [{"count": 2, "type": "created", "items": []}]}, "bio": ""}, {"id": "646224", "photo": {"prefix": "https://igx.4sqi.net/img/user/", "suffix": "/646224-VJTVTWH5DD3G33XC.jpg"}, "homeCity": "Singapore", "contact": {"twitter": "peaberry"}, "firstName": "Jem", "tips": {"count": 13}, "gender": "female", "lists": {"groups": [{"count": 2, "type": "created", "items": []}]}, "bio": ""}, {"id": "691096", "photo": {"prefix": "https://igx.4sqi.net/img/user/", "suffix": "/Q23QUCLHOXN3JVBQ.jpg"}, "homeCity": "Singapore", "contact": {"facebook": "642588460", "twitter": "turtleism"}, "firstName": "Huiting", "tips": {"count": 6}, "gender": "female", "lastName": "Neo", "lists": {"groups": [{"count": 2, "type": "created", "items": []}]}, "bio": ""}, {"id": "681260", "photo": {"prefix": "https://igx.4sqi.net/img/user/", "suffix": "/YW2APO0Q1KLZUFJW.jpg"}, "homeCity": "Singapore", "contact": {"twitter": "melqi"}, "firstName": "Anya", "tips": {"count": 5}, "gender": "female", "lastName": "Renoir", "lists": {"groups": [{"count": 2, "type": "created", "items": []}]}, "bio": ""}, {"id": "1142835", "photo": {"prefix": "https://igx.4sqi.net/img/user/", "default": true, "suffix": "/blank_boy.png"}, "homeCity": "Singapore", "contact": {"facebook": "1103572818"}, "firstName": "Jeff", "tips": {"count": 0}, "gender": "male", "lastName": "Tan", "lists": {"groups": [{"count": 2, "type": "created", "items": []}]}, "bio": ""}, {"id": "2610390", "photo": {"prefix": "https://igx.4sqi.net/img/user/", "suffix": "/BDEWO0BHXJ2PLSG5.jpg"}, "homeCity": "Singapore", "contact": {"facebook": "612984606"}, "firstName": "Shawn", "tips": {"count": 0}, "gender": "male", "lastName": "Wan", "lists": {"groups": [{"count": 2, "type": "created", "items": []}]}, "bio": ""}, {"id": "32790385", "photo": {"prefix": "https://igx.4sqi.net/img/user/", "suffix": "/QCCMEWABMRKTHSCJ.jpg"}, "homeCity": "Selangor", "contact": {"facebook": "567578119"}, "firstName": "Sok Ping", "tips": {"count": 0}, "gender": "female", "lists": {"groups": [{"count": 2, "type": "created", "items": []}]}, "bio": ""}, {"id": "27180290", "photo": {"prefix": "https://igx.4sqi.net/img/user/", "suffix": "/27180290-OXW501SIKDIGIPTF.jpg"}, "homeCity": "Singapore", "contact": {"facebook": "643373939"}, "firstName": "Deon", "tips": {"count": 3}, "gender": "male", "lastName": "Pek", "lists": {"groups": [{"count": 3, "type": "created", "items": []}]}, "bio": ""}, {"id": "31110370", "photo": {"prefix": "https://igx.4sqi.net/img/user/", "suffix": "/MQVXVU5A0411YENW.jpg"}, "homeCity": "New York, NY", "contact": {"facebook": "1663551368"}, "firstName": "Aye Maung", "tips": {"count": 0}, "gender": "male", "lastName": "Kyi", "lists": {"groups": [{"count": 2, "type": "created", "items": []}]}, "bio": ""}, {"id": "6195173", "photo": {"prefix": "https://igx.4sqi.net/img/user/", "suffix": "/BKOQPTXYXMRR2K0B.jpg"}, "homeCity": "Singapore", "contact": {"facebook": "561434863"}, "firstName": "Canice", "tips": {"count": 2}, "gender": "female", "lastName": "Tee", "lists": {"groups": [{"count": 2, "type": "created", "items": []}]}, "bio": ""}, {"id": "7076579", "photo": {"prefix": "https://igx.4sqi.net/img/user/", "suffix": "/T0W30BD04U242QNF.jpg"}, "homeCity": "Bangkok, Thailand", "contact": {"facebook": "1478542658"}, "firstName": "Cheeza", "tips": {"count": 1}, "gender": "female", "lastName": "Chee", "lists": {"groups": [{"count": 2, "type": "created", "items": []}]}, "bio": ""}, {"id": "71638428", "photo": {"prefix": "https://igx.4sqi.net/img/user/", "suffix": "/71638428-VACYQY52RUB3LNQU.jpg"}, "homeCity": "Singapore", "contact": {"facebook": "639829456", "twitter": "kian_yong"}, "firstName": "Jason", "tips": {"count": 16}, "gender": "male", "lastName": "Tan", "lists": {"groups": [{"count": 2, "type": "created", "items": []}]}, "bio": ""}, {"id": "12040940", "photo": {"prefix": "https://igx.4sqi.net/img/user/", "suffix": "/WKCKLUQJXCERVBPZ.jpg"}, "homeCity": "Singapore", "contact": {"facebook": "642785381"}, "firstName": "Chan", "tips": {"count": 0}, "gender": "male", "lastName": "Ys", "lists": {"groups": [{"count": 2, "type": "created", "items": []}]}, "bio": ""}, {"id": "5841390", "photo": {"prefix": "https://igx.4sqi.net/img/user/", "suffix": "/VEMYJ42XDTEIR3QD.jpg"}, "homeCity": "Petaling Jaya, Malaysia", "contact": {}, "firstName": "Samuel", "tips": {"count": 5}, "gender": "male", "lastName": "Tan", "lists": {"groups": [{"count": 2, "type": "created", "items": []}]}, "bio": ""}, {"id": "2190668", "photo": {"prefix": "https://igx.4sqi.net/img/user/", "suffix": "/D5GQ004JSSD3EY2M.jpg"}, "homeCity": "Singapore", "contact": {"facebook": "646773777", "twitter": "biittchy"}, "firstName": "Biitchy", "tips": {"count": 0}, "gender": "female", "lastName": "Glenna", "lists": {"groups": [{"count": 2, "type": "created", "items": []}]}, "bio": ""}, {"id": "11509908", "photo": {"prefix": "https://igx.4sqi.net/img/user/", "suffix": "/KFUUGR0JCGGMO1CS.jpg"}, "homeCity": "Singapore", "contact": {"facebook": "1047700524"}, "firstName": "Seluna", "tips": {"count": 2}, "gender": "none", "lastName": "Chua", "lists": {"groups": [{"count": 2, "type": "created", "items": []}]}, "bio": ""}, {"id": "1236503", "photo": {"prefix": "https://igx.4sqi.net/img/user/", "suffix": "/H2UVJKTMOOR2HXR2.jpg"}, "homeCity": "Singapore", "contact": {}, "firstName": "Kelly", "tips": {"count": 7}, "gender": "female", "lastName": "Ching", "lists": {"groups": [{"count": 2, "type": "created", "items": []}]}, "bio": ""}, {"id": "1075813", "photo": {"prefix": "https://igx.4sqi.net/img/user/", "suffix": "/YGJB2YA14ZFVROME.jpg"}, "homeCity": "Singapore", "contact": {"facebook": "690371129"}, "firstName": "Tan", "tips": {"count": 1}, "gender": "male", "lastName": "Honghui", "lists": {"groups": [{"count": 2, "type": "created", "items": []}]}, "bio": ""}, {"id": "817476", "photo": {"prefix": "https://igx.4sqi.net/img/user/", "suffix": "/3CYK02H0JFISVD1I.jpg"}, "homeCity": "Sengkang, Singapore", "contact": {"twitter": "joycememoirs"}, "firstName": "Joyce", "tips": {"count": 2}, "gender": "female", "lastName": "Chua", "lists": {"groups": [{"count": 2, "type": "created", "items": []}]}, "bio": ""}, {"id": "1188015", "photo": {"prefix": "https://igx.4sqi.net/img/user/", "suffix": "/AIVW14QR01PRF3SR.jpg"}, "homeCity": "Singapore", "contact": {"facebook": "645363270", "twitter": "chongjiahui"}, "firstName": "Kelvin", "tips": {"count": 0}, "gender": "male", "lastName": "Chong", "lists": {"groups": [{"count": 2, "type": "created", "items": []}]}, "bio": ""}, {"id": "2611920", "photo": {"prefix": "https://igx.4sqi.net/img/user/", "suffix": "/XZUO2ASSLV2FZVKY.jpg"}, "homeCity": "Singapore", "contact": {}, "firstName": "Warren", "tips": {"count": 2}, "gender": "male", "lastName": "Lai", "lists": {"groups": [{"count": 2, "type": "created", "items": []}]}, "bio": ""}, {"id": "52725908", "photo": {"prefix": "https://igx.4sqi.net/img/user/", "suffix": "/LCV3SIBXICZTK3ZK.jpg"}, "homeCity": "Sitiawan", "contact": {"facebook": "605242425"}, "firstName": "Anthony", "tips": {"count": 0}, "gender": "male", "lastName": "Ling", "lists": {"groups": [{"count": 2, "type": "created", "items": []}]}, "bio": ""}, {"id": "6243399", "photo": {"prefix": "https://igx.4sqi.net/img/user/", "suffix": "/GNIC02J4JVXNOUE2.jpg"}, "homeCity": "malaysia", "contact": {}, "firstName": "Hazel", "tips": {"count": 0}, "gender": "none", "lastName": "Lim", "lists": {"groups": [{"count": 2, "type": "created", "items": []}]}, "bio": ""}, {"id": "11690644", "photo": {"prefix": "https://igx.4sqi.net/img/user/", "suffix": "/RHIDXVW1GGJOGDLD.jpg"}, "homeCity": "Singapore", "contact": {"twitter": "iknowrighttttt"}, "firstName": "Chin Meng", "tips": {"count": 0}, "gender": "male", "lists": {"groups": [{"count": 2, "type": "created", "items": []}]}, "bio": ""}, {"id": "18750868", "photo": {"prefix": "https://igx.4sqi.net/img/user/", "suffix": "/CGFBSSBBXT3EC4DD.jpg"}, "homeCity": "Singapore", "contact": {"facebook": "875645286", "twitter": "sengkenneth"}, "firstName": "Kenneth", "tips": {"count": 0}, "gender": "male", "lastName": "Seng", "lists": {"groups": [{"count": 2, "type": "created", "items": []}]}, "bio": ""}, {"id": "5896485", "photo": {"prefix": "https://igx.4sqi.net/img/user/", "default": true, "suffix": "/blank_boy.png"}, "homeCity": "singapore", "contact": {"facebook": "100000741677705"}, "firstName": "Michael", "tips": {"count": 0}, "gender": "male", "lastName": "Low", "lists": {"groups": [{"count": 2, "type": "created", "items": []}]}, "bio": ""}, {"id": "2253640", "photo": {"prefix": "https://igx.4sqi.net/img/user/", "suffix": "/C2TAOGMUGEIG0QDN.jpg"}, "homeCity": "Boon Keng", "contact": {}, "firstName": "Jolene", "tips": {"count": 0}, "gender": "female", "lastName": "Lee", "lists": {"groups": [{"count": 2, "type": "created", "items": []}]}, "bio": ""}, {"id": "16652870", "photo": {"prefix": "https://igx.4sqi.net/img/user/", "suffix": "/PDS2WC15W0XS305K.jpg"}, "homeCity": "Singapore", "contact": {"facebook": "100001509094280", "twitter": "aidilaaftab"}, "firstName": "Arabi", "tips": {"count": 0}, "gender": "male", "lastName": "Jenar", "lists": {"groups": [{"count": 2, "type": "created", "items": []}]}, "bio": ""}, {"id": "2207182", "photo": {"prefix": "https://igx.4sqi.net/img/user/", "suffix": "/RO5RKSFJDNJHACRE.jpg"}, "homeCity": "Singapore", "contact": {"facebook": "1216015836", "twitter": "enilrep"}, "firstName": "Perline", "tips": {"count": 1}, "gender": "female", "lastName": "Wong", "lists": {"groups": [{"count": 3, "type": "created", "items": []}]}, "bio": ""}, {"id": "1078948", "photo": {"prefix": "https://igx.4sqi.net/img/user/", "suffix": "/LSJHFI2B3Y5C4A44.jpg"}, "homeCity": "Singapore", "contact": {}, "firstName": "The R", "tips": {"count": 43}, "gender": "male", "lists": {"groups": [{"count": 2, "type": "created", "items": []}]}, "bio": ""}, {"id": "1207575", "photo": {"prefix": "https://igx.4sqi.net/img/user/", "suffix": "/1207575-THVBFPKN1IFET3LA.jpg"}, "homeCity": "+65", "contact": {"facebook": "669407234", "twitter": "vachelon"}, "firstName": "Ethan", "tips": {"count": 1}, "gender": "male", "lastName": "Lim", "lists": {"groups": [{"count": 3, "type": "created", "items": []}]}, "bio": ""}, {"id": "2672543", "photo": {"prefix": "https://igx.4sqi.net/img/user/", "suffix": "/R1T52EPKLR040MII.jpg"}, "homeCity": "Singapore", "contact": {}, "firstName": "Shalon", "tips": {"count": 2}, "gender": "female", "lastName": "Kong", "lists": {"groups": [{"count": 2, "type": "created", "items": []}]}, "bio": ""}, {"id": "6889297", "photo": {"prefix": "https://igx.4sqi.net/img/user/", "suffix": "/2Z0WOI13DNUZIYVA.jpg"}, "homeCity": "Singapore", "contact": {}, "firstName": "Xian", "tips": {"count": 0}, "gender": "male", "lastName": "Chwa", "lists": {"groups": [{"count": 2, "type": "created", "items": []}]}, "bio": ""}, {"id": "29195159", "photo": {"prefix": "https://igx.4sqi.net/img/user/", "suffix": "/A5HGVQUQZXNOBW1V.jpg"}, "homeCity": "Selangor", "contact": {}, "firstName": "Sharisse", "tips": {"count": 1}, "gender": "none", "lastName": "Lim", "lists": {"groups": [{"count": 2, "type": "created", "items": []}]}, "bio": ""}, {"id": "5913308", "photo": {"prefix": "https://igx.4sqi.net/img/user/", "suffix": "/AJVHNV3APNZ3HMDJ.jpg"}, "homeCity": "Singapore", "contact": {"twitter": "kcism"}, "firstName": "Kelvin", "tips": {"count": 0}, "gender": "male", "lastName": "Chua", "lists": {"groups": [{"count": 2, "type": "created", "items": []}]}, "bio": ""}, {"id": "2625130", "photo": {"prefix": "https://igx.4sqi.net/img/user/", "suffix": "/0UWBFF5IFXIEJ30I.jpg"}, "homeCity": "Singapore", "contact": {"facebook": "703340154"}, "firstName": "Erica", "tips": {"count": 0}, "gender": "female", "lastName": "Wong", "lists": {"groups": [{"count": 2, "type": "created", "items": []}]}, "bio": ""}, {"id": "2891086", "photo": {"prefix": "https://igx.4sqi.net/img/user/", "suffix": "/C153TDZEZHANRH2F.jpg"}, "homeCity": "Singapore", "contact": {"facebook": "587140441", "twitter": "shatxh"}, "firstName": "Sharon", "tips": {"count": 14}, "gender": "female", "lists": {"groups": [{"count": 4, "type": "created", "items": []}]}, "bio": ""}, {"id": "1088715", "photo": {"prefix": "https://igx.4sqi.net/img/user/", "suffix": "/1088715-2RUAQU5ZX2NR0FP2.jpg"}, "homeCity": "Singapore", "contact": {}, "firstName": "Juvena", "tips": {"count": 34}, "gender": "female", "lastName": "Wu", "lists": {"groups": [{"count": 3, "type": "created", "items": []}]}, "bio": ""}, {"id": "1259234", "photo": {"prefix": "https://igx.4sqi.net/img/user/", "suffix": "/WJYXJBFXQXCSZMQP.jpg"}, "homeCity": "Singapore", "contact": {}, "firstName": "Bernard", "tips": {"count": 2}, "gender": "male", "lastName": "Lim", "lists": {"groups": [{"count": 2, "type": "created", "items": []}]}, "bio": ""}, {"id": "2686068", "photo": {"prefix": "https://igx.4sqi.net/img/user/", "default": true, "suffix": "/blank_girl.png"}, "homeCity": "New York, NY", "contact": {"facebook": "690607864"}, "firstName": "Pamela", "tips": {"count": 0}, "gender": "female", "lastName": "Tan", "lists": {"groups": [{"count": 2, "type": "created", "items": []}]}, "bio": ""}, {"id": "6974383", "photo": {"prefix": "https://igx.4sqi.net/img/user/", "suffix": "/GKAPBMUORDSWLF3C.jpg"}, "homeCity": "Kuala Lumpur", "contact": {"facebook": "721765956"}, "firstName": "Joyce", "tips": {"count": 2}, "gender": "female", "lastName": "Ling", "lists": {"groups": [{"count": 2, "type": "created", "items": []}]}, "bio": ""}, {"id": "6162730", "photo": {"prefix": "https://igx.4sqi.net/img/user/", "default": true, "suffix": "/blank_girl.png"}, "homeCity": "Singapore", "contact": {}, "firstName": "Threesia", "tips": {"count": 0}, "gender": "female", "lists": {"groups": [{"count": 2, "type": "created", "items": []}]}, "bio": ""}, {"id": "2967755", "photo": {"prefix": "https://igx.4sqi.net/img/user/", "suffix": "/1RDOAAQDXNHPZXV2.jpg"}, "homeCity": "Singapore", "contact": {"facebook": "100000208150935"}, "firstName": "Kerlynn", "tips": {"count": 0}, "gender": "female", "lastName": "Poh", "lists": {"groups": [{"count": 2, "type": "created", "items": []}]}, "bio": ""}, {"id": "4503155", "photo": {"prefix": "https://igx.4sqi.net/img/user/", "suffix": "/KSIQLDOB1CD4KDWW.jpg"}, "homeCity": "Singapore", "contact": {"facebook": "100002568887438", "twitter": "alyce_kathlyn"}, "firstName": "Alyce", "tips": {"count": 1}, "gender": "female", "lastName": "Kathlyn", "lists": {"groups": [{"count": 2, "type": "created", "items": []}]}, "bio": ""}, {"id": "4824763", "photo": {"prefix": "https://igx.4sqi.net/img/user/", "suffix": "/OKOMWEPIOMTSLWTG.jpg"}, "homeCity": "Singapore", "contact": {"facebook": "634753362"}, "firstName": "darren", "tips": {"count": 1}, "gender": "male", "lastName": "Hong", "lists": {"groups": [{"count": 2, "type": "created", "items": []}]}, "bio": ""}, {"id": "1268732", "photo": {"prefix": "https://igx.4sqi.net/img/user/", "suffix": "/PLYTEG10INNXADDC.jpg"}, "homeCity": "Bukit Merah, Singapore", "contact": {}, "firstName": "Rayne", "tips": {"count": 0}, "gender": "female", "lastName": "Lim", "lists": {"groups": [{"count": 2, "type": "created", "items": []}]}, "bio": ""}, {"id": "2762818", "photo": {"prefix": "https://igx.4sqi.net/img/user/", "suffix": "/2762818-YG5RZTDUEZABO4RB.jpg"}, "homeCity": "Chiangmai,Thailand", "contact": {"facebook": "634088739", "twitter": "z_av_e"}, "firstName": "Zafe", "tips": {"count": 12}, "gender": "male", "lastName": "katsuki", "lists": {"groups": [{"count": 2, "type": "created", "items": []}]}, "bio": "IG : zafekatsuki\r\nTwitter : @Z_av_E"}, {"id": "7262684", "photo": {"prefix": "https://igx.4sqi.net/img/user/", "suffix": "/VSPTVEAUFHLSY5AY.jpg"}, "homeCity": "Singapore", "contact": {}, "firstName": "meow", "tips": {"count": 3}, "gender": "female", "lastName": "meow", "lists": {"groups": [{"count": 2, "type": "created", "items": []}]}, "bio": ""}, {"id": "44678267", "photo": {"prefix": "https://igx.4sqi.net/img/user/", "default": true, "suffix": "/blank_boy.png"}, "homeCity": "Perak", "contact": {"facebook": "684359890"}, "firstName": "Soon Bee", "tips": {"count": 0}, "gender": "male", "lastName": "Loo", "lists": {"groups": [{"count": 2, "type": "created", "items": []}]}, "bio": ""}, {"id": "3601412", "photo": {"prefix": "https://igx.4sqi.net/img/user/", "suffix": "/YYIILVIJOFNETVN2.jpg"}, "homeCity": "Singapore", "contact": {"facebook": "545816629"}, "firstName": "Angela", "tips": {"count": 0}, "gender": "none", "lastName": "Guo", "lists": {"groups": [{"count": 2, "type": "created", "items": []}]}, "bio": ""}, {"id": "1283384", "photo": {"prefix": "https://igx.4sqi.net/img/user/", "suffix": "/KI0D2CYA3SNID320.jpg"}, "homeCity": "Singapore", "contact": {"facebook": "548394161"}, "firstName": "Targa", "tips": {"count": 0}, "gender": "male", "lastName": "Sim", "lists": {"groups": [{"count": 2, "type": "created", "items": []}]}, "bio": ""}, {"id": "3311518", "photo": {"prefix": "https://igx.4sqi.net/img/user/", "suffix": "/SHWPNCPCLI0EB5AD.jpg"}, "homeCity": "Petaling Jaya, Malaysia", "contact": {"facebook": "100001008751971", "twitter": "joeycleeyuee"}, "firstName": "Joey", "tips": {"count": 0}, "gender": "female", "lastName": "Chin", "lists": {"groups": [{"count": 2, "type": "created", "items": []}]}, "bio": ""}, {"id": "12493333", "photo": {"prefix": "https://igx.4sqi.net/img/user/", "suffix": "/B2FBIFPDYMXAGMFB.jpg"}, "homeCity": "Singapore", "contact": {"facebook": "1019316112"}, "firstName": "Singapore", "tips": {"count": 0}, "gender": "male", "lastName": "Runner", "lists": {"groups": [{"count": 2, "type": "created", "items": []}]}, "bio": ""}, {"id": "4534639", "photo": {"prefix": "https://igx.4sqi.net/img/user/", "default": true, "suffix": "/blank_girl.png"}, "homeCity": "Singapore", "contact": {"twitter": "onlilurveu"}, "firstName": "Janice", "tips": {"count": 0}, "gender": "female", "lists": {"groups": [{"count": 2, "type": "created", "items": []}]}, "bio": ""}, {"id": "1284989", "photo": {"prefix": "https://igx.4sqi.net/img/user/", "default": true, "suffix": "/blank_boy.png"}, "homeCity": "Singapore", "contact": {"facebook": "519023542"}, "firstName": "Jasper", "tips": {"count": 0}, "gender": "male", "lastName": "Chew", "lists": {"groups": [{"count": 2, "type": "created", "items": []}]}, "bio": ""}, {"id": "4137770", "photo": {"prefix": "https://igx.4sqi.net/img/user/", "suffix": "/Z2OYUZXYNG2B5N1A.jpg"}, "homeCity": "Singapore", "contact": {"facebook": "598834149"}, "firstName": "joanne", "tips": {"count": 0}, "gender": "female", "lastName": "chua", "lists": {"groups": [{"count": 2, "type": "created", "items": []}]}, "bio": ""}, {"id": "12687680", "photo": {"prefix": "https://igx.4sqi.net/img/user/", "suffix": "/DOSJIEDMKOSQCPKD.jpg"}, "homeCity": "Singapore", "contact": {}, "firstName": "sugar coco cat love", "tips": {"count": 1}, "gender": "female", "lastName": "Sugar", "lists": {"groups": [{"count": 2, "type": "created", "items": []}]}, "bio": ""}, {"id": "4664587", "photo": {"prefix": "https://igx.4sqi.net/img/user/", "suffix": "/TNFWZUAHBJYXEURW.jpg"}, "homeCity": "Singapore", "contact": {}, "firstName": "See", "tips": {"count": 0}, "gender": "male", "lastName": "Jun Yang", "lists": {"groups": [{"count": 2, "type": "created", "items": []}]}, "bio": ""}, {"id": "1285721", "photo": {"prefix": "https://igx.4sqi.net/img/user/", "suffix": "/NF4GYR5SWWIY5RG0.jpg"}, "homeCity": "River Valley, Singapore", "contact": {"facebook": "701450038"}, "firstName": "Leo", "tips": {"count": 0}, "gender": "none", "lastName": "Sakazaki", "lists": {"groups": [{"count": 2, "type": "created", "items": []}]}, "bio": ""}, {"id": "5530819", "photo": {"prefix": "https://igx.4sqi.net/img/user/", "suffix": "/Y4AKEH23XTDSKHUW.jpg"}, "homeCity": "Singapore", "contact": {"facebook": "581519837"}, "firstName": "Casan", "tips": {"count": 4}, "gender": "female", "lastName": "Ahmadekwayteow Sootdelakanina", "lists": {"groups": [{"count": 2, "type": "created", "items": []}]}, "bio": ""}, {"id": "5115047", "photo": {"prefix": "https://igx.4sqi.net/img/user/", "suffix": "/5115047-B34BSTOAQTDX4NOA.jpg"}, "homeCity": "Singapore", "contact": {"facebook": "1457933488"}, "firstName": "Cedric", "tips": {"count": 56}, "gender": "male", "lastName": "Tan", "lists": {"groups": [{"count": 2, "type": "created", "items": []}]}, "bio": ""}, {"id": "1286234", "photo": {"prefix": "https://igx.4sqi.net/img/user/", "suffix": "/MYZNMB1U2JKZCLQH.jpg"}, "homeCity": "Singapore", "contact": {"facebook": "582006651", "twitter": "traciegoh"}, "firstName": "Tracie", "tips": {"count": 0}, "gender": "female", "lastName": "Goh", "lists": {"groups": [{"count": 2, "type": "created", "items": []}]}, "bio": ""}, {"id": "1293490", "photo": {"prefix": "https://igx.4sqi.net/img/user/", "suffix": "/GXVPSSIRNHTMAGOX.jpg"}, "homeCity": "Singapore", "contact": {"facebook": "728813882", "twitter": "smokinwallet"}, "firstName": "\u272fnoir\u272f", "tips": {"count": 1}, "gender": "female", "lists": {"groups": [{"count": 2, "type": "created", "items": []}]}, "bio": ""}, {"id": "1313839", "photo": {"prefix": "https://igx.4sqi.net/img/user/", "suffix": "/HUZ4XOL3QPXS4LVF.jpg"}, "homeCity": "Perak", "contact": {"facebook": "721271477"}, "firstName": "Tommy", "tips": {"count": 7}, "gender": "male", "lastName": "Ming", "lists": {"groups": [{"count": 2, "type": "created", "items": []}]}, "bio": ""}, {"id": "2478926", "photo": {"prefix": "https://igx.4sqi.net/img/user/", "suffix": "/ZWVS1QOUMHDJ4OHY.jpg"}, "homeCity": "Kuala Lumpur, Malaysia", "contact": {"facebook": "746527033", "twitter": "adelinewai"}, "firstName": "adeline", "tips": {"count": 2}, "gender": "female", "lastName": "tham", "lists": {"groups": [{"count": 2, "type": "created", "items": []}]}, "bio": ""}, {"id": "2642300", "photo": {"prefix": "https://igx.4sqi.net/img/user/", "suffix": "/XMTPN10Y50DN1FWK.jpg"}, "homeCity": "Singapore", "contact": {"facebook": "761259387"}, "firstName": "Lingling", "tips": {"count": 1}, "gender": "female", "lastName": "Onn", "lists": {"groups": [{"count": 2, "type": "created", "items": []}]}, "bio": ""}, {"id": "3146701", "photo": {"prefix": "https://igx.4sqi.net/img/user/", "suffix": "/X4L1G5FLYCJNHLQ4.jpg"}, "homeCity": "Bali, Indonesia", "contact": {"facebook": "583819651", "twitter": "balilocalguide"}, "firstName": "BALI TOUR DRIVER", "tips": {"count": 2}, "gender": "male", "lists": {"groups": [{"count": 3, "type": "created", "items": []}]}, "bio": "A Bali tour Driver, your personal driver to cruising the beautiful island of Bali.. http://balilocalguide.blogspot.com"}, {"id": "3236101", "photo": {"prefix": "https://igx.4sqi.net/img/user/", "suffix": "/NZGOJKPYRE40XCGQ.jpg"}, "homeCity": "Singapore", "contact": {"facebook": "747401320"}, "firstName": "Cindy", "tips": {"count": 0}, "gender": "female", "lastName": "Loo", "lists": {"groups": [{"count": 2, "type": "created", "items": []}]}, "bio": ""}, {"id": "3411781", "photo": {"prefix": "https://igx.4sqi.net/img/user/", "suffix": "/Y3OXK53MZNGEN0GE.jpg"}, "homeCity": "Singapore", "contact": {"facebook": "100000151123285", "twitter": "liiinggg"}, "firstName": "Carine", "tips": {"count": 0}, "gender": "female", "lastName": "\u9f84", "lists": {"groups": [{"count": 2, "type": "created", "items": []}]}, "bio": ""}, {"id": "3417059", "photo": {"prefix": "https://igx.4sqi.net/img/user/", "suffix": "/U0VTSOQEKYNZYYDG.jpg"}, "homeCity": "Singapore", "contact": {"facebook": "601906345"}, "firstName": "Sven", "tips": {"count": 0}, "gender": "male", "lastName": "Lin", "lists": {"groups": [{"count": 2, "type": "created", "items": []}]}, "bio": ""}, {"id": "3818420", "photo": {"prefix": "https://igx.4sqi.net/img/user/", "suffix": "/UZYLKPWM3A1R4LML.jpg"}, "homeCity": "Unnamed Location", "contact": {"facebook": "586738835", "twitter": "elainenlt"}, "firstName": "Elaine", "tips": {"count": 0}, "gender": "female", "lastName": "Ng", "lists": {"groups": [{"count": 2, "type": "created", "items": []}]}, "bio": ""}, {"id": "4165383", "photo": {"prefix": "https://igx.4sqi.net/img/user/", "suffix": "/TZOP4X5CHVIRMSYT.jpg"}, "homeCity": "Singapore", "contact": {"facebook": "530510992"}, "firstName": "Lenore", "tips": {"count": 0}, "gender": "female", "lastName": "Tow", "lists": {"groups": [{"count": 2, "type": "created", "items": []}]}, "bio": ""}, {"id": "5228371", "photo": {"prefix": "https://igx.4sqi.net/img/user/", "suffix": "/YTPRPVOO1ET1FEFX.jpg"}, "homeCity": "Singapore", "contact": {}, "firstName": "Seow", "tips": {"count": 0}, "gender": "male", "lastName": "Andy", "lists": {"groups": [{"count": 2, "type": "created", "items": []}]}, "bio": ""}, {"id": "5339513", "photo": {"prefix": "https://igx.4sqi.net/img/user/", "suffix": "/TYWUBPTVBIJRGPOI.jpg"}, "homeCity": "Singapore", "contact": {"facebook": "711018315"}, "firstName": "Lena", "tips": {"count": 1}, "gender": "none", "lastName": "Tan", "lists": {"groups": [{"count": 2, "type": "created", "items": []}]}, "bio": ""}]}, "checksum": "b35ae265a5283aa6b3f3c519e8889036248438f0"}}