{"notifications": [{"type": "notificationTray", "item": {"unreadCount": 0}}], "meta": {"requestId": "5966ccb8351e3d479767c1d5", "code": 200}, "response": {"friends": {"count": 19, "items": [{"id": "7213053", "photo": {"prefix": "https://igx.4sqi.net/img/user/", "suffix": "/SMGAEAJ0CI0VNTKK.jpg"}, "homeCity": "Singapore", "contact": {"facebook": "642064378", "twitter": "hachiruku"}, "firstName": "\u85e4\u539f", "tips": {"count": 0}, "gender": "male", "lists": {"groups": [{"count": 2, "type": "created", "items": []}]}, "bio": ""}, {"id": "25410895", "photo": {"prefix": "https://igx.4sqi.net/img/user/", "suffix": "/EME50W2YHXBPOS20.jpg"}, "homeCity": "Singapore", "contact": {"facebook": "818459938"}, "firstName": "Esther", "tips": {"count": 0}, "gender": "female", "lastName": "Ng", "lists": {"groups": [{"count": 2, "type": "created", "items": []}]}, "bio": ""}, {"id": "7924664", "photo": {"prefix": "https://igx.4sqi.net/img/user/", "suffix": "/ZRVJCWQZR0AYARTY.jpg"}, "homeCity": "Singapore", "contact": {"facebook": "755969216"}, "firstName": "Anson", "tips": {"count": 0}, "gender": "male", "lastName": "Goh", "lists": {"groups": [{"count": 2, "type": "created", "items": []}]}, "bio": ""}, {"id": "6674199", "photo": {"prefix": "https://igx.4sqi.net/img/user/", "suffix": "/YS1CD00CV2WEXBZT.jpg"}, "homeCity": "Singapore", "contact": {}, "firstName": "Kenny", "tips": {"count": 0}, "gender": "male", "lastName": "Soo", "lists": {"groups": [{"count": 2, "type": "created", "items": []}]}, "bio": ""}, {"id": "519591", "photo": {"prefix": "https://igx.4sqi.net/img/user/", "suffix": "/GVYV0RBTHI5ECCAD.jpg"}, "homeCity": "Singapore", "contact": {"facebook": "520574279"}, "firstName": "lloyd ignatius matthew", "tips": {"count": 2}, "gender": "male", "lastName": "tan", "lists": {"groups": [{"count": 2, "type": "created", "items": []}]}, "bio": ""}, {"id": "5945688", "photo": {"prefix": "https://igx.4sqi.net/img/user/", "suffix": "/FJXECH4R3RKWKHZY.jpg"}, "homeCity": "Singapore", "contact": {}, "firstName": "Jason", "tips": {"count": 0}, "gender": "male", "lastName": "Hung", "lists": {"groups": [{"count": 2, "type": "created", "items": []}]}, "bio": ""}, {"id": "3357224", "photo": {"prefix": "https://igx.4sqi.net/img/user/", "default": true, "suffix": "/blank_boy.png"}, "homeCity": "Singapore", "contact": {"facebook": "612148377"}, "firstName": "Shawn", "tips": {"count": 0}, "gender": "male", "lastName": "Ng", "lists": {"groups": [{"count": 2, "type": "created", "items": []}]}, "bio": ""}, {"id": "3522806", "photo": {"prefix": "https://igx.4sqi.net/img/user/", "suffix": "/Y4IOFEWYWXXCJANR.jpg"}, "homeCity": "Singapore", "contact": {"facebook": "633439752"}, "firstName": "Janice", "tips": {"count": 0}, "gender": "female", "lastName": "Ng", "lists": {"groups": [{"count": 2, "type": "created", "items": []}]}, "bio": ""}, {"id": "1695286", "photo": {"prefix": "https://igx.4sqi.net/img/user/", "suffix": "/LVVM02JLZQQO5L4P.jpg"}, "homeCity": "Singapore", "contact": {"facebook": "550749462"}, "firstName": "Poon", "tips": {"count": 1}, "gender": "male", "lastName": "F K", "lists": {"groups": [{"count": 2, "type": "created", "items": []}]}, "bio": ""}, {"id": "2267972", "photo": {"prefix": "https://igx.4sqi.net/img/user/", "suffix": "/2EFRUET3EFGHMZAX.jpg"}, "homeCity": "Singapore", "contact": {"facebook": "520716137"}, "firstName": "Irene", "tips": {"count": 0}, "gender": "female", "lastName": "Tay", "lists": {"groups": [{"count": 2, "type": "created", "items": []}]}, "bio": ""}, {"id": "2680915", "photo": {"prefix": "https://igx.4sqi.net/img/user/", "suffix": "/YRCBYBCMHVA4U2TR.jpg"}, "homeCity": "Singapore", "contact": {"facebook": "654066249"}, "firstName": "Frederick", "tips": {"count": 0}, "gender": "male", "lastName": "Esparagoza", "lists": {"groups": [{"count": 2, "type": "created", "items": []}]}, "bio": ""}, {"id": "11570172", "photo": {"prefix": "https://igx.4sqi.net/img/user/", "default": true, "suffix": "/blank_girl.png"}, "homeCity": "Singapore", "contact": {"facebook": "719819050"}, "firstName": "WeeNee", "tips": {"count": 0}, "gender": "female", "lastName": "Tay", "lists": {"groups": [{"count": 2, "type": "created", "items": []}]}, "bio": ""}, {"id": "17346624", "photo": {"prefix": "https://igx.4sqi.net/img/user/", "suffix": "/U3LFL4VQTT0TOOAC.jpg"}, "homeCity": "New York, NY", "contact": {"facebook": "100002234190690"}, "firstName": "Delia", "tips": {"count": 0}, "gender": "female", "lastName": "Low", "lists": {"groups": [{"count": 2, "type": "created", "items": []}]}, "bio": ""}, {"id": "4906773", "photo": {"prefix": "https://igx.4sqi.net/img/user/", "suffix": "/4906773-IHD2UTGPGWPVONQI.jpg"}, "homeCity": "Singapore", "contact": {"facebook": "10206445000538971", "twitter": "fir3gurl"}, "firstName": "JINNI", "tips": {"count": 1}, "gender": "female", "lastName": "ng", "lists": {"groups": [{"count": 2, "type": "created", "items": []}]}, "bio": ""}, {"id": "10184674", "photo": {"prefix": "https://igx.4sqi.net/img/user/", "suffix": "/T5NL3ZGCF5VH2U5X.jpg"}, "homeCity": "Singapore", "contact": {"facebook": "1368200090"}, "firstName": "Jason", "tips": {"count": 5}, "gender": "male", "lastName": "Hung", "lists": {"groups": [{"count": 8, "type": "created", "items": []}]}, "bio": ""}, {"id": "3999478", "photo": {"prefix": "https://igx.4sqi.net/img/user/", "suffix": "/OETEA34ZKBGISNWB.jpg"}, "homeCity": "Singapore", "contact": {}, "firstName": "Prissy", "tips": {"count": 4}, "gender": "female", "lastName": "Seet", "lists": {"groups": [{"count": 2, "type": "created", "items": []}]}, "bio": ""}, {"id": "4694776", "photo": {"prefix": "https://igx.4sqi.net/img/user/", "default": true, "suffix": "/blank_girl.png"}, "homeCity": "Singapore", "contact": {}, "firstName": "Joon may", "tips": {"count": 0}, "gender": "female", "lastName": "Choo", "lists": {"groups": [{"count": 2, "type": "created", "items": []}]}, "bio": ""}, {"id": "4161244", "photo": {"prefix": "https://igx.4sqi.net/img/user/", "suffix": "/SFL31USPDH1US4B4.jpg"}, "homeCity": "singapore", "contact": {"twitter": "starryzen"}, "firstName": "Jessie", "tips": {"count": 2}, "gender": "female", "lastName": "Ng", "lists": {"groups": [{"count": 2, "type": "created", "items": []}]}, "bio": ""}, {"id": "7461919", "photo": {"prefix": "https://igx.4sqi.net/img/user/", "default": true, "suffix": "/blank_girl.png"}, "homeCity": "New York, NY", "contact": {}, "firstName": "tok", "tips": {"count": 0}, "gender": "female", "lastName": "Julie", "lists": {"groups": [{"count": 2, "type": "created", "items": []}]}, "bio": ""}]}, "checksum": "77be97d046906d96732d7f60918db021a13df236"}}