{"notifications": [{"type": "notificationTray", "item": {"unreadCount": 0}}], "response": {"friends": {"items": [{"tips": {"count": 12}, "contact": {"twitter": "brainopera", "facebook": "15709327"}, "firstName": "Kevin", "gender": "male", "lastName": "Lim", "id": "97714", "bio": "Cyberculturalist", "photo": {"prefix": "https://igx.4sqi.net/img/user/", "suffix": "/FTLB3F3XODCPEUTX.jpg"}, "homeCity": "singapore, Singapore", "lists": {"groups": [{"items": [], "count": 9, "type": "created"}]}}, {"tips": {"count": 15}, "contact": {"twitter": "andrewcwt", "facebook": "10152966029902928"}, "firstName": "Andrew Chong", "gender": "male", "lastName": "Weng Tse", "id": "1097935", "bio": "", "photo": {"prefix": "https://igx.4sqi.net/img/user/", "suffix": "/C23MJRDOFHGIAWWB.jpg"}, "homeCity": "Ang Mo Kio, Singapore", "lists": {"groups": [{"items": [], "count": 2, "type": "created"}]}}, {"tips": {"count": 5}, "contact": {}, "firstName": "Dita", "gender": "female", "lastName": "Pramesti", "id": "4351625", "bio": "", "photo": {"prefix": "https://igx.4sqi.net/img/user/", "suffix": "/4351625-W521UCAJH0P2UCME.jpg"}, "homeCity": "Singapore", "lists": {"groups": [{"items": [], "count": 2, "type": "created"}]}}, {"tips": {"count": 2}, "contact": {"twitter": "sharonntan"}, "firstName": "Sharon", "gender": "female", "lastName": "Tan", "id": "258711", "bio": "", "photo": {"prefix": "https://igx.4sqi.net/img/user/", "suffix": "/BTZHC13ILKZMSLJ5.jpg"}, "homeCity": "Singapore", "lists": {"groups": [{"items": [], "count": 2, "type": "created"}]}}, {"tips": {"count": 0}, "contact": {"twitter": "jianxiong"}, "firstName": "Jianxiong", "gender": "male", "lastName": "Huang", "id": "411321", "bio": "", "photo": {"prefix": "https://igx.4sqi.net/img/user/", "suffix": "/411321-MVJCEYTQKT1IVRXY.jpg"}, "homeCity": "Singapore", "lists": {"groups": [{"items": [], "count": 2, "type": "created"}]}}, {"tips": {"count": 10}, "contact": {}, "firstName": "Gflying", "gender": "female", "lastName": "F", "id": "349879", "bio": "", "photo": {"prefix": "https://igx.4sqi.net/img/user/", "suffix": "/3VD4MEIVPBZAMSL3.jpg"}, "homeCity": "Singapore", "lists": {"groups": [{"items": [], "count": 2, "type": "created"}]}}, {"tips": {"count": 18}, "contact": {"twitter": "scherene", "facebook": "729360609"}, "firstName": "Serene", "gender": "female", "id": "1334482", "bio": "", "photo": {"prefix": "https://igx.4sqi.net/img/user/", "suffix": "/E2QXYF5W45TG3OYU.jpg"}, "homeCity": "Singapore", "lists": {"groups": [{"items": [], "count": 2, "type": "created"}]}}, {"tips": {"count": 0}, "contact": {"twitter": "nljx"}, "firstName": "Nicholas", "gender": "male", "lastName": "Lim", "id": "4270703", "bio": "", "photo": {"prefix": "https://igx.4sqi.net/img/user/", "suffix": "/WBGBNHQWXYRABIOA.jpg"}, "homeCity": "New York, NY", "lists": {"groups": [{"items": [], "count": 2, "type": "created"}]}}, {"tips": {"count": 2}, "contact": {"twitter": "hwsoh", "facebook": "657753324"}, "firstName": "Soh", "gender": "male", "lastName": "Hong Wei", "id": "514605", "bio": "", "photo": {"prefix": "https://igx.4sqi.net/img/user/", "suffix": "/E23S25OWDJWFLDFA.jpg"}, "homeCity": "Singapore", "lists": {"groups": [{"items": [], "count": 2, "type": "created"}]}}, {"tips": {"count": 31}, "contact": {"twitter": "sprilite", "facebook": "784425712"}, "firstName": "LH", "gender": "male", "lastName": "Sim", "id": "241442", "bio": "", "photo": {"prefix": "https://igx.4sqi.net/img/user/", "suffix": "/241442-PFB2QR3YPC3FX25V.jpg"}, "homeCity": "Singapore", "lists": {"groups": [{"items": [], "count": 2, "type": "created"}]}}, {"tips": {"count": 0}, "contact": {"twitter": "joannasibeihiao", "facebook": "929419850421602"}, "firstName": "Joanna", "gender": "female", "lastName": "See", "id": "5438776", "bio": "", "photo": {"prefix": "https://igx.4sqi.net/img/user/", "suffix": "/5438776-HNHCVKJ0Q2IDLSM2.jpg"}, "homeCity": "Singapore", "lists": {"groups": [{"items": [], "count": 2, "type": "created"}]}}, {"tips": {"count": 6}, "contact": {"twitter": "feneroosh", "facebook": "1192755817"}, "firstName": "Roosh", "gender": "male", "lastName": "R", "id": "1798356", "bio": "", "photo": {"prefix": "https://igx.4sqi.net/img/user/", "suffix": "/I4ACEIL1YV2UQBWY.jpg"}, "homeCity": "Singapore", "lists": {"groups": [{"items": [], "count": 2, "type": "created"}]}}, {"tips": {"count": 1}, "contact": {"twitter": "carminekoh", "facebook": "545195387"}, "firstName": "Christina", "gender": "female", "lastName": "Koh", "id": "1159424", "bio": "", "photo": {"prefix": "https://igx.4sqi.net/img/user/", "suffix": "/ZCHHW04N0LAFVYHC.jpg"}, "homeCity": "Singapore", "lists": {"groups": [{"items": [], "count": 2, "type": "created"}]}}, {"tips": {"count": 13}, "contact": {"twitter": "jolenesnow"}, "firstName": "Jolene", "gender": "female", "id": "2919420", "bio": "", "photo": {"prefix": "https://igx.4sqi.net/img/user/", "suffix": "/2919420-XGWCK0XBKETMIBIS.jpg"}, "homeCity": "Singapore", "lists": {"groups": [{"items": [], "count": 4, "type": "created"}]}}, {"tips": {"count": 25}, "contact": {"twitter": "mhisham", "facebook": "734974026"}, "firstName": "hisham", "gender": "male", "lastName": "mohd", "id": "182057", "bio": "", "photo": {"prefix": "https://igx.4sqi.net/img/user/", "suffix": "/USW3X2UE0JZBZHKH.jpg"}, "homeCity": "Singapore", "lists": {"groups": [{"items": [], "count": 2, "type": "created"}]}}, {"tips": {"count": 9}, "contact": {"facebook": "1828386089"}, "firstName": "Lawrence", "gender": "male", "lastName": "Chan", "id": "643995", "bio": "www.water-movement.com will change your life", "photo": {"prefix": "https://igx.4sqi.net/img/user/", "suffix": "/Y1PSSJGRJ3JZK5JZ.jpg"}, "homeCity": "Singapore", "lists": {"groups": [{"items": [], "count": 3, "type": "created"}]}}, {"tips": {"count": 4}, "contact": {"twitter": "ctham", "facebook": "561753219"}, "firstName": "Callan", "gender": "male", "lastName": "Tham", "id": "340661", "bio": "", "photo": {"prefix": "https://igx.4sqi.net/img/user/", "suffix": "/HIXK5SMK5FWL2GRT.jpg"}, "homeCity": "Singapore", "lists": {"groups": [{"items": [], "count": 2, "type": "created"}]}}, {"tips": {"count": 19}, "contact": {"twitter": "si_ashwin", "facebook": "10158011281155261"}, "firstName": "Si", "gender": "male", "lastName": "Ashwin", "id": "701170", "bio": "", "photo": {"prefix": "https://igx.4sqi.net/img/user/", "suffix": "/701170-ELZLWMKRFEUX5AZ2.jpg"}, "homeCity": "Dubai", "lists": {"groups": [{"items": [], "count": 6, "type": "created"}]}}, {"superuser": 1, "tips": {"count": 26}, "contact": {"twitter": "geekonomics", "facebook": "10153225028235312"}, "firstName": "Nicholas Aaron", "gender": "male", "lastName": "Khoo", "id": "50252", "bio": "", "photo": {"prefix": "https://igx.4sqi.net/img/user/", "suffix": "/50252_1259979403368.jpg"}, "homeCity": "Singapore", "lists": {"groups": [{"items": [], "count": 5, "type": "created"}]}}, {"tips": {"count": 1}, "contact": {"twitter": "nanyate", "facebook": "28104170"}, "firstName": "Ivy", "gender": "female", "lastName": "Tan", "id": "147422", "bio": "", "photo": {"prefix": "https://igx.4sqi.net/img/user/", "suffix": "/YHGF5WQK3Z10QE32.jpg"}, "homeCity": "Singapore", "lists": {"groups": [{"items": [], "count": 2, "type": "created"}]}}, {"tips": {"count": 0}, "contact": {"twitter": "tobiascai"}, "firstName": "Tobias", "gender": "male", "lastName": "Cai", "id": "787891", "bio": "", "photo": {"prefix": "https://igx.4sqi.net/img/user/", "suffix": "/blank_boy.png", "default": true}, "homeCity": "Singapore, singapore", "lists": {"groups": [{"items": [], "count": 2, "type": "created"}]}}, {"tips": {"count": 9}, "contact": {"twitter": "quitemindy", "facebook": "556169803"}, "firstName": "Mindy", "gender": "female", "lastName": "Tan", "id": "201225", "bio": "", "photo": {"prefix": "https://igx.4sqi.net/img/user/", "suffix": "/OODOKH5VT2PKUESB.jpg"}, "homeCity": "Jurong West, Singapore", "lists": {"groups": [{"items": [], "count": 2, "type": "created"}]}}, {"tips": {"count": 53}, "contact": {"twitter": "jaczie", "facebook": "770986958"}, "firstName": "Jaczie", "gender": "female", "lastName": "Lo", "id": "905541", "bio": "", "photo": {"prefix": "https://igx.4sqi.net/img/user/", "suffix": "/LXVL55KNICJOLG2E.jpg"}, "homeCity": "Singapore", "lists": {"groups": [{"items": [], "count": 2, "type": "created"}]}}, {"tips": {"count": 2}, "contact": {}, "firstName": "Junnie", "gender": "male", "lastName": "Tan", "id": "167496", "bio": "", "photo": {"prefix": "https://igx.4sqi.net/img/user/", "suffix": "/4ATUIWEQYHRL4XEJ.jpg"}, "homeCity": "Bedok, Singapore", "lists": {"groups": [{"items": [], "count": 2, "type": "created"}]}}, {"superuser": 2, "tips": {"count": 17}, "contact": {"twitter": "mikefoong", "facebook": "509289967"}, "firstName": "Michael", "gender": "male", "lastName": "Foong", "id": "107438", "bio": "", "photo": {"prefix": "https://igx.4sqi.net/img/user/", "suffix": "/DYY04MGOU1CVVH14.jpg"}, "homeCity": "Singapore, 038986", "lists": {"groups": [{"items": [], "count": 8, "type": "created"}]}}, {"tips": {"count": 0}, "contact": {}, "firstName": "Zhiying", "gender": "female", "lastName": "Ng", "id": "4959946", "bio": "", "photo": {"prefix": "https://igx.4sqi.net/img/user/", "suffix": "/JWTCHDDBF33TGOS5.jpg"}, "homeCity": "Singapore", "lists": {"groups": [{"items": [], "count": 2, "type": "created"}]}}, {"tips": {"count": 54}, "contact": {}, "firstName": "Catharine", "gender": "female", "lastName": "Yong", "id": "4372597", "bio": "", "photo": {"prefix": "https://igx.4sqi.net/img/user/", "suffix": "/USH0RGCVFNX03UJL.jpg"}, "homeCity": "Singapore", "lists": {"groups": [{"items": [], "count": 2, "type": "created"}]}}, {"tips": {"count": 38}, "contact": {"twitter": "ladyxtel", "facebook": "10152919522193277"}, "firstName": "Christel", "gender": "female", "lastName": "Quek", "id": "259462", "bio": "", "photo": {"prefix": "https://igx.4sqi.net/img/user/", "suffix": "/DGQXZZHDOL2PEHGD.jpg"}, "homeCity": "Singapore", "lists": {"groups": [{"items": [], "count": 18, "type": "created"}]}}, {"tips": {"count": 3}, "contact": {"twitter": "pomlala", "facebook": "660500890"}, "firstName": "pomlala", "gender": "female", "id": "3517152", "bio": "", "photo": {"prefix": "https://igx.4sqi.net/img/user/", "suffix": "/Y0ZISAALEJE5PU3F.jpg"}, "homeCity": "Singapore", "lists": {"groups": [{"items": [], "count": 2, "type": "created"}]}}, {"tips": {"count": 12}, "contact": {}, "firstName": "AKI_tommy", "gender": "male", "id": "356552", "bio": "", "photo": {"prefix": "https://igx.4sqi.net/img/user/", "suffix": "/MNVTOB4C4ENGU3R2.jpg"}, "homeCity": "\u6e0b\u8c37\u533a", "lists": {"groups": [{"items": [], "count": 2, "type": "created"}]}}, {"tips": {"count": 0}, "contact": {"twitter": "lilacdaises", "facebook": "1795149297"}, "firstName": "Jane", "gender": "female", "id": "4253086", "bio": "", "photo": {"prefix": "https://igx.4sqi.net/img/user/", "suffix": "/4253086-2KJVB3UUTI1X0UNL.jpg"}, "homeCity": "", "lists": {"groups": [{"items": [], "count": 2, "type": "created"}]}}, {"tips": {"count": 20}, "contact": {"facebook": "740559716"}, "firstName": "\u2665\u2661Ayiki\u2661\u2665", "gender": "female", "id": "5281137", "bio": "", "photo": {"prefix": "https://igx.4sqi.net/img/user/", "suffix": "/VBSFH55N2PVVSV3N.jpg"}, "homeCity": "Singapore", "lists": {"groups": [{"items": [], "count": 2, "type": "created"}]}}, {"tips": {"count": 3}, "contact": {}, "firstName": "Absoulte", "gender": "male", "lastName": "Jerry", "id": "4286373", "bio": "", "photo": {"prefix": "https://igx.4sqi.net/img/user/", "suffix": "/4GHD4TISFESOD3XL.jpg"}, "homeCity": "Singapore", "lists": {"groups": [{"items": [], "count": 2, "type": "created"}]}}, {"tips": {"count": 23}, "contact": {"twitter": "litford", "facebook": "748015407"}, "firstName": "Brian", "gender": "male", "lastName": "Leery", "id": "246543", "bio": "Hey, look a bar graph!", "photo": {"prefix": "https://igx.4sqi.net/img/user/", "suffix": "/246543-BFDXOBQRLCGOA1VP.jpg"}, "homeCity": "Singapore", "lists": {"groups": [{"items": [], "count": 2, "type": "created"}]}}, {"tips": {"count": 37}, "contact": {"facebook": "650463280"}, "firstName": "Irene", "gender": "female", "lastName": "Lok", "id": "5490723", "bio": "", "photo": {"prefix": "https://igx.4sqi.net/img/user/", "suffix": "/5490723-M5UHH5DLLYWPY1AU.jpg"}, "homeCity": "Malaysia", "lists": {"groups": [{"items": [], "count": 2, "type": "created"}]}}, {"tips": {"count": 15}, "contact": {"twitter": "l5du53r", "facebook": "581106191"}, "firstName": "Michal", "gender": "female", "lastName": "Yaegashi", "id": "1806930", "bio": "", "photo": {"prefix": "https://igx.4sqi.net/img/user/", "suffix": "/E20XX1NALAKFSFEH.jpg"}, "homeCity": "Singapore", "lists": {"groups": [{"items": [], "count": 4, "type": "created"}]}}, {"tips": {"count": 11}, "contact": {"twitter": "caramelldrops", "facebook": "685621849"}, "firstName": "Josephine", "gender": "female", "id": "1175977", "bio": "", "photo": {"prefix": "https://igx.4sqi.net/img/user/", "suffix": "/JKYODM1DGOWNQHXR.jpg"}, "homeCity": "Singapore", "lists": {"groups": [{"items": [], "count": 2, "type": "created"}]}}, {"tips": {"count": 5}, "contact": {}, "firstName": "Fred", "gender": "male", "lastName": "Tan", "id": "2935375", "bio": "", "photo": {"prefix": "https://igx.4sqi.net/img/user/", "suffix": "/2935375-IXSER4XSJVKUVK54.jpg"}, "homeCity": "Singapore", "lists": {"groups": [{"items": [], "count": 2, "type": "created"}]}}, {"tips": {"count": 5}, "contact": {"twitter": "simontay78", "facebook": "720075782"}, "firstName": "Simon", "gender": "male", "lastName": "Tay", "id": "185731", "bio": "", "photo": {"prefix": "https://igx.4sqi.net/img/user/", "suffix": "/ZVCNCA3I11KJHT4I.jpg"}, "homeCity": "Singapore", "lists": {"groups": [{"items": [], "count": 4, "type": "created"}]}}, {"tips": {"count": 6}, "contact": {"twitter": "lynalexz", "facebook": "100002171596982"}, "firstName": "Lyna", "gender": "female", "lastName": "Tan", "id": "4096529", "bio": "\u201cDon't let the words of others stop you. \u00a0Have a quiet confidence, faith, and belief that you can conquer whatever life may bring you.\u201d", "photo": {"prefix": "https://igx.4sqi.net/img/user/", "suffix": "/4096529-SJG0KATAGKUM1IRK.jpg"}, "homeCity": "Singapore", "lists": {"groups": [{"items": [], "count": 2, "type": "created"}]}}, {"tips": {"count": 10}, "contact": {"twitter": "charlesneo"}, "firstName": "charles", "gender": "male", "lastName": "neo", "id": "396363", "bio": "", "photo": {"prefix": "https://igx.4sqi.net/img/user/", "suffix": "/XZVANGK1QXOOZL5V.jpg"}, "homeCity": "Singapore", "lists": {"groups": [{"items": [], "count": 2, "type": "created"}]}}, {"tips": {"count": 0}, "contact": {"twitter": "gwennyt", "facebook": "655826777"}, "firstName": "Gwendolyn", "gender": "female", "lastName": "Tan", "id": "796598", "bio": "", "photo": {"prefix": "https://igx.4sqi.net/img/user/", "suffix": "/100HYMZ3QZIMUS1K.jpg"}, "homeCity": ", Singapore", "lists": {"groups": [{"items": [], "count": 2, "type": "created"}]}}, {"superuser": 2, "tips": {"count": 2}, "contact": {}, "firstName": "D", "gender": "male", "lastName": "K", "id": "113673", "bio": "", "photo": {"prefix": "https://igx.4sqi.net/img/user/", "suffix": "/113673_1258824779402.jpg"}, "homeCity": "Singapore", "lists": {"groups": [{"items": [], "count": 2, "type": "created"}]}}, {"superuser": 2, "tips": {"count": 9}, "contact": {"twitter": "growlybear"}, "firstName": "Growly", "gender": "male", "lastName": "Bear", "id": "150725", "bio": "", "photo": {"prefix": "https://igx.4sqi.net/img/user/", "suffix": "/PD5MXJECVUJLX1GH.jpg"}, "homeCity": "Singapore", "lists": {"groups": [{"items": [], "count": 3, "type": "created"}]}}, {"tips": {"count": 0}, "contact": {"twitter": "jolthechipz", "facebook": "1633422768"}, "firstName": "Joleen", "gender": "female", "lastName": "\ud83c\udf80", "id": "927184", "bio": "@jolthechipz", "photo": {"prefix": "https://igx.4sqi.net/img/user/", "suffix": "/927184-NIXWPDOLLNIFW4DF.jpg"}, "homeCity": "", "lists": {"groups": [{"items": [], "count": 2, "type": "created"}]}}, {"tips": {"count": 2}, "contact": {"twitter": "muffyvan", "facebook": "608067645"}, "firstName": "Anne-Marie", "gender": "female", "lastName": "Teo", "id": "219229", "bio": "", "photo": {"prefix": "https://igx.4sqi.net/img/user/", "suffix": "/219229-Q5BLZSCJ1MPDBQP4.jpg"}, "homeCity": "Singapore", "lists": {"groups": [{"items": [], "count": 3, "type": "created"}]}}, {"tips": {"count": 14}, "contact": {"twitter": "larsv", "facebook": "617115859"}, "firstName": "Lars", "gender": "male", "lastName": "Voedisch", "id": "905675", "bio": "", "photo": {"prefix": "https://igx.4sqi.net/img/user/", "suffix": "/HVZNUGEKXPSJOQGU.jpg"}, "homeCity": "Singapore", "lists": {"groups": [{"items": [], "count": 2, "type": "created"}]}}, {"tips": {"count": 27}, "contact": {}, "firstName": "Smith", "gender": "male", "lastName": "Leong", "id": "170358", "bio": "", "photo": {"prefix": "https://igx.4sqi.net/img/user/", "suffix": "/DQQK0I0GIDABNAC2.jpg"}, "homeCity": "Singapore", "lists": {"groups": [{"items": [], "count": 2, "type": "created"}]}}, {"tips": {"count": 55}, "contact": {"twitter": "kahwee", "facebook": "852815625"}, "firstName": "KahWee", "gender": "male", "lastName": "Teng", "id": "109249", "bio": "My favorite places are Korea, Japan and Singapore!", "photo": {"prefix": "https://igx.4sqi.net/img/user/", "suffix": "/MSAUMDIT2FSCLEYQ.jpg"}, "homeCity": "San Francisco, CA", "lists": {"groups": [{"items": [], "count": 15, "type": "created"}]}}, {"tips": {"count": 1}, "contact": {"twitter": "heatherderralyn", "facebook": "539028885"}, "firstName": "Heather", "gender": "female", "id": "4960499", "bio": "", "photo": {"prefix": "https://igx.4sqi.net/img/user/", "suffix": "/4960499-XMPC3RIIVA34ECLT.jpg"}, "homeCity": "Singapore", "lists": {"groups": [{"items": [], "count": 2, "type": "created"}]}}, {"tips": {"count": 0}, "contact": {"twitter": "_von_ng"}, "firstName": "Von", "gender": "female", "lastName": "Ng", "id": "4461079", "bio": "", "photo": {"prefix": "https://igx.4sqi.net/img/user/", "suffix": "/YYF3LOIM31MJRPMW.jpg"}, "homeCity": "Singapore", "lists": {"groups": [{"items": [], "count": 2, "type": "created"}]}}, {"tips": {"count": 31}, "contact": {"twitter": "vixlew", "facebook": "764994492"}, "firstName": "Vix", "gender": "female", "id": "281050", "bio": "", "photo": {"prefix": "https://igx.4sqi.net/img/user/", "suffix": "/N4FY12PH5W22WYES.jpg"}, "homeCity": "Singapore", "lists": {"groups": [{"items": [], "count": 4, "type": "created"}]}}, {"tips": {"count": 2}, "contact": {"twitter": "teresanah"}, "firstName": "Teresa", "gender": "female", "lastName": "Nah", "id": "10462936", "bio": "", "photo": {"prefix": "https://igx.4sqi.net/img/user/", "suffix": "/10462936-FOOOMHQLQEZFLNXM.jpg"}, "homeCity": "Singapore", "lists": {"groups": [{"items": [], "count": 2, "type": "created"}]}}, {"tips": {"count": 0}, "contact": {"twitter": "genkigenki", "facebook": "852885612"}, "firstName": "Christopher", "gender": "male", "lastName": "Vu", "id": "362300", "bio": "", "photo": {"prefix": "https://igx.4sqi.net/img/user/", "suffix": "/TD03GDULPKTJWZ5M.png"}, "homeCity": "Singapore", "lists": {"groups": [{"items": [], "count": 2, "type": "created"}]}}, {"tips": {"count": 5}, "contact": {"twitter": "weewu", "facebook": "501998710"}, "firstName": "Wee Wu", "gender": "male", "lastName": "Neo", "id": "4670097", "bio": "", "photo": {"prefix": "https://igx.4sqi.net/img/user/", "suffix": "/XAJ1HAP22UEK5GOQ.jpg"}, "homeCity": "Singapore", "lists": {"groups": [{"items": [], "count": 2, "type": "created"}]}}, {"tips": {"count": 0}, "contact": {"twitter": "genhow"}, "firstName": "Gen", "gender": "none", "lastName": "How", "id": "5617706", "bio": "twitter.com/genhow", "photo": {"prefix": "https://igx.4sqi.net/img/user/", "suffix": "/MOPN2B3MUA5ZJIZU.jpg"}, "homeCity": "Singapore", "lists": {"groups": [{"items": [], "count": 2, "type": "created"}]}}, {"tips": {"count": 14}, "contact": {"twitter": "shanshan1810", "facebook": "1097839025"}, "firstName": "Lin", "gender": "female", "lastName": "Shan Shan", "id": "4286459", "bio": "", "photo": {"prefix": "https://igx.4sqi.net/img/user/", "suffix": "/NELU2JUU222VXNWR.jpg"}, "homeCity": "Singapore", "lists": {"groups": [{"items": [], "count": 2, "type": "created"}]}}, {"tips": {"count": 22}, "contact": {"twitter": "miyagi", "facebook": "595622587"}, "firstName": "Benjamin", "gender": "male", "lastName": "Lee", "id": "254627", "bio": "", "photo": {"prefix": "https://igx.4sqi.net/img/user/", "suffix": "/2KUKTSRVV4HF1KF4.jpg"}, "homeCity": "Singapore", "lists": {"groups": [{"items": [], "count": 2, "type": "created"}]}}, {"tips": {"count": 0}, "contact": {"twitter": "jsyinggg", "facebook": "10205322560575936"}, "firstName": "Jasmine", "gender": "female", "lastName": "Saw", "id": "5556446", "bio": "", "photo": {"prefix": "https://igx.4sqi.net/img/user/", "suffix": "/5556446-4M0X0QXL45GTQUOO.jpg"}, "homeCity": "Singapore", "lists": {"groups": [{"items": [], "count": 2, "type": "created"}]}}, {"tips": {"count": 2}, "contact": {"twitter": "jalormee"}, "firstName": "Jeremy", "gender": "male", "lastName": "Li", "id": "1808098", "bio": "", "photo": {"prefix": "https://igx.4sqi.net/img/user/", "suffix": "/3T2DDOJTU3UU1Y4O.jpg"}, "homeCity": "Singapore", "lists": {"groups": [{"items": [], "count": 2, "type": "created"}]}}, {"tips": {"count": 0}, "contact": {"facebook": "650997687"}, "firstName": "Wai Yip", "gender": "male", "lastName": "Tham", "id": "4027545", "bio": "", "photo": {"prefix": "https://igx.4sqi.net/img/user/", "suffix": "/blank_boy.png", "default": true}, "homeCity": "Singapore", "lists": {"groups": [{"items": [], "count": 2, "type": "created"}]}}, {"tips": {"count": 0}, "contact": {}, "firstName": "Glenn", "gender": "male", "lastName": "Seah", "id": "3528864", "bio": "", "photo": {"prefix": "https://igx.4sqi.net/img/user/", "suffix": "/AVZS0UCL5XGLA0DM.jpg"}, "homeCity": "Singapore", "lists": {"groups": [{"items": [], "count": 2, "type": "created"}]}}, {"superuser": 1, "tips": {"count": 35}, "contact": {"twitter": "weeteck", "facebook": "625367023"}, "firstName": "Weeteck", "gender": "male", "lastName": "Yeoh", "id": "185746", "bio": "", "photo": {"prefix": "https://igx.4sqi.net/img/user/", "suffix": "/185746-A1V1ADPZB5DYPQDQ.jpg"}, "homeCity": "Singapore", "lists": {"groups": [{"items": [], "count": 2, "type": "created"}]}}, {"tips": {"count": 7}, "contact": {"twitter": "hotsweetieeechu", "facebook": "728251901"}, "firstName": "Chu", "gender": "female", "lastName": "Bernardo", "id": "5036092", "bio": "", "photo": {"prefix": "https://igx.4sqi.net/img/user/", "suffix": "/SVKJUXRJQOIHETKV.jpg"}, "homeCity": "Singapore", "lists": {"groups": [{"items": [], "count": 2, "type": "created"}]}}, {"tips": {"count": 0}, "contact": {"twitter": "fatemxy", "facebook": "100002321661340"}, "firstName": "Fate", "gender": "female", "lastName": "M Xin yu", "id": "623179", "bio": "", "photo": {"prefix": "https://igx.4sqi.net/img/user/", "suffix": "/623179-YIF1FFO53ZRJKYRM.jpg"}, "homeCity": "Singapore", "lists": {"groups": [{"items": [], "count": 2, "type": "created"}]}}, {"tips": {"count": 0}, "contact": {"twitter": "drumthesticks", "facebook": "698575516"}, "firstName": "Ang", "gender": "female", "lastName": "Ching Hong", "id": "4955091", "bio": "", "photo": {"prefix": "https://igx.4sqi.net/img/user/", "suffix": "/XLZI4TAVUKF5ATV0.jpg"}, "homeCity": "Singapore", "lists": {"groups": [{"items": [], "count": 2, "type": "created"}]}}, {"tips": {"count": 0}, "contact": {"twitter": "lennel"}, "firstName": "lennel", "gender": "male", "lastName": "tan", "id": "121742", "bio": "", "photo": {"prefix": "https://igx.4sqi.net/img/user/", "suffix": "/121742-ST0M4QCHEBLOLUD5.jpg"}, "homeCity": "Singapore", "lists": {"groups": [{"items": [], "count": 2, "type": "created"}]}}, {"tips": {"count": 47}, "contact": {"twitter": "choozm", "facebook": "855199359"}, "firstName": "Zhi Min", "gender": "male", "lastName": "Choo", "id": "160682", "bio": "Last member of GenX and a passive investor. UX, Python, Agile.", "photo": {"prefix": "https://igx.4sqi.net/img/user/", "suffix": "/160682-PGS5QFSP2IFYF4AI.jpg"}, "homeCity": "Singapore", "lists": {"groups": [{"items": [], "count": 2, "type": "created"}]}}, {"tips": {"count": 0}, "contact": {"twitter": "lamviola"}, "firstName": "Viola", "gender": "female", "lastName": "Lam", "id": "935678", "bio": "", "photo": {"prefix": "https://igx.4sqi.net/img/user/", "suffix": "/ZKADF0OZPDSSDDVA.jpg"}, "homeCity": "Singapore", "lists": {"groups": [{"items": [], "count": 2, "type": "created"}]}}, {"tips": {"count": 4}, "contact": {}, "firstName": "Hanif", "gender": "male", "lastName": "Norman", "id": "220037", "bio": "", "photo": {"prefix": "https://igx.4sqi.net/img/user/", "suffix": "/HKKUTABADFAMANMU.jpg"}, "homeCity": "Singapore", "lists": {"groups": [{"items": [], "count": 2, "type": "created"}]}}, {"superuser": 1, "tips": {"count": 19}, "contact": {"twitter": "priscias"}, "firstName": "Priscilla", "gender": "female", "lastName": "Tan", "id": "170930", "bio": "", "photo": {"prefix": "https://igx.4sqi.net/img/user/", "suffix": "/170930-FUO5EOD0MTF031ZZ.jpg"}, "homeCity": "Singapore", "lists": {"groups": [{"items": [], "count": 2, "type": "created"}]}}, {"tips": {"count": 7}, "contact": {"twitter": "joeyalista", "facebook": "666405678"}, "firstName": "Joey", "gender": "female", "lastName": "Chua", "id": "1483887", "bio": "", "photo": {"prefix": "https://igx.4sqi.net/img/user/", "suffix": "/1483887-E2NCZB3NR0J3GB2O.jpg"}, "homeCity": "Singapore", "lists": {"groups": [{"items": [], "count": 2, "type": "created"}]}}, {"tips": {"count": 0}, "contact": {"twitter": "itscharlottewee", "facebook": "738432567"}, "firstName": "Charlotte", "gender": "female", "lastName": "Wee", "id": "4965097", "bio": "", "photo": {"prefix": "https://igx.4sqi.net/img/user/", "suffix": "/4965097-33WP2QUXJW0HEG5W.jpg"}, "homeCity": "Singapore", "lists": {"groups": [{"items": [], "count": 2, "type": "created"}]}}, {"tips": {"count": 1}, "contact": {"twitter": "jasgpl_"}, "firstName": "Jas", "gender": "female", "lastName": "Gpl", "id": "6182865", "bio": "", "photo": {"prefix": "https://igx.4sqi.net/img/user/", "suffix": "/6182865-ENMW0T34HSSKSZUT.jpg"}, "homeCity": "Singapore", "lists": {"groups": [{"items": [], "count": 2, "type": "created"}]}}, {"tips": {"count": 0}, "contact": {"twitter": "victoriaanicole", "facebook": "558192931"}, "firstName": "Victoria Nicole", "gender": "female", "lastName": "Low", "id": "4527404", "bio": "", "photo": {"prefix": "https://igx.4sqi.net/img/user/", "suffix": "/0EFBJR3RS10MR3ZJ.jpg"}, "homeCity": "Singapore", "lists": {"groups": [{"items": [], "count": 2, "type": "created"}]}}, {"tips": {"count": 70}, "contact": {}, "firstName": "LR", "gender": "female", "lastName": "Lim", "id": "364123", "bio": "", "photo": {"prefix": "https://igx.4sqi.net/img/user/", "suffix": "/YRD2IBE34KFM2YGC.jpg"}, "homeCity": "Singapore", "lists": {"groups": [{"items": [], "count": 3, "type": "created"}]}}, {"tips": {"count": 0}, "contact": {}, "firstName": "Ranae", "gender": "female", "lastName": "Sim", "id": "4676464", "bio": "somewhere around the world.", "photo": {"prefix": "https://igx.4sqi.net/img/user/", "suffix": "/HPFY51FNDWXVSAPK.jpg"}, "homeCity": "Singapore", "lists": {"groups": [{"items": [], "count": 2, "type": "created"}]}}, {"tips": {"count": 18}, "contact": {"twitter": "eevonng"}, "firstName": "EEE", "gender": "female", "lastName": "NNN", "id": "258159", "bio": "", "photo": {"prefix": "https://igx.4sqi.net/img/user/", "suffix": "/258159-1CAXSQEH0MRJME5T.jpg"}, "homeCity": "", "lists": {"groups": [{"items": [], "count": 4, "type": "created"}]}}, {"tips": {"count": 0}, "contact": {"twitter": "groovygenie"}, "firstName": "Isman", "gender": "male", "lastName": "Tanuri", "id": "5583503", "bio": "", "photo": {"prefix": "https://igx.4sqi.net/img/user/", "suffix": "/NVUSBGGSX4CONKI5.jpg"}, "homeCity": "Singapore", "lists": {"groups": [{"items": [], "count": 2, "type": "created"}]}}, {"tips": {"count": 2}, "contact": {"twitter": "trixileaxx", "facebook": "1588513354734415"}, "firstName": "Trixilea", "gender": "female", "lastName": "Low", "id": "2360268", "bio": "", "photo": {"prefix": "https://igx.4sqi.net/img/user/", "suffix": "/2360268-U240Z52AEA4VIH1M.jpg"}, "homeCity": "Singapore", "lists": {"groups": [{"items": [], "count": 2, "type": "created"}]}}, {"tips": {"count": 0}, "contact": {"facebook": "739818280"}, "firstName": "Jasmin", "gender": "female", "id": "4569612", "bio": "Let nature take it fully course", "photo": {"prefix": "https://igx.4sqi.net/img/user/", "suffix": "/4569612-2WZKI0ODMHJLUGZJ.jpg"}, "homeCity": "Singapore", "lists": {"groups": [{"items": [], "count": 2, "type": "created"}]}}, {"tips": {"count": 0}, "contact": {"facebook": "533388771"}, "firstName": "Angeline", "gender": "female", "lastName": "Desilva", "id": "3918848", "bio": "", "photo": {"prefix": "https://igx.4sqi.net/img/user/", "suffix": "/5P0SYS5YA3LG2IRD.jpg"}, "homeCity": "Singapore", "lists": {"groups": [{"items": [], "count": 2, "type": "created"}]}}, {"tips": {"count": 5}, "contact": {"twitter": "donaldsng"}, "firstName": "Donald", "gender": "male", "lastName": "Sun", "id": "189274", "bio": "", "photo": {"prefix": "https://igx.4sqi.net/img/user/", "suffix": "/KYA2NPYV53KVOCJW.jpg"}, "homeCity": "Singapore", "lists": {"groups": [{"items": [], "count": 2, "type": "created"}]}}, {"tips": {"count": 4}, "contact": {"twitter": "stanleydelfin", "facebook": "549058839"}, "firstName": "Stanley", "gender": "male", "lastName": "Beatriz", "id": "683231", "bio": "", "photo": {"prefix": "https://igx.4sqi.net/img/user/", "suffix": "/ZEMMIP0JBUIIZ5CO.jpg"}, "homeCity": "Singapore", "lists": {"groups": [{"items": [], "count": 2, "type": "created"}]}}, {"tips": {"count": 4}, "contact": {"twitter": "hanshoots", "facebook": "520911404"}, "firstName": "Hansel", "gender": "male", "superuser": 1, "id": "126528", "bio": "", "photo": {"prefix": "https://igx.4sqi.net/img/user/", "suffix": "/-1_1259230846927.jpg"}, "homeCity": "Bedok, Singapore", "lists": {"groups": [{"items": [], "count": 2, "type": "created"}]}}, {"tips": {"count": 12}, "contact": {"twitter": "simplyshimona", "facebook": "667505460"}, "firstName": "simplyshimona", "gender": "female", "id": "828155", "bio": "Singer-Songwriter\r\nwww.shimonakee.com\r\nwww.facebook.com/shimonakee", "photo": {"prefix": "https://igx.4sqi.net/img/user/", "suffix": "/828155-GPXKNK5SMD4EKU4M.jpg"}, "homeCity": "Singapore, Singapore", "lists": {"groups": [{"items": [], "count": 8, "type": "created"}]}}, {"tips": {"count": 14}, "contact": {"twitter": "matrix23x", "facebook": "588113254"}, "firstName": "Andy", "gender": "male", "lastName": "Matrlx", "id": "1016454", "bio": "", "photo": {"prefix": "https://igx.4sqi.net/img/user/", "suffix": "/1016454-QAQAJQJ1JZNOMLYL.jpg"}, "homeCity": "Singapore", "lists": {"groups": [{"items": [], "count": 3, "type": "created"}]}}, {"tips": {"count": 63}, "contact": {}, "firstName": "Skywalker", "gender": "male", "id": "2390040", "bio": "", "photo": {"prefix": "https://igx.4sqi.net/img/user/", "suffix": "/K42BYYTAB0NPCKR3.jpg"}, "homeCity": "Singapore", "lists": {"groups": [{"items": [], "count": 3, "type": "created"}]}}, {"tips": {"count": 229}, "contact": {"twitter": "jchowjs", "facebook": "502368995"}, "firstName": "Julian", "gender": "male", "lastName": "Chow", "id": "176913", "bio": "", "photo": {"prefix": "https://igx.4sqi.net/img/user/", "suffix": "/1TJOLS0TWO3YCOWG.jpg"}, "homeCity": "Singapore", "lists": {"groups": [{"items": [], "count": 2, "type": "created"}]}}, {"tips": {"count": 41}, "contact": {}, "firstName": "Xinyi", "gender": "female", "lastName": "Soon", "id": "2167211", "bio": "", "photo": {"prefix": "https://igx.4sqi.net/img/user/", "suffix": "/2167211-RF5EHTHRLGPJJDXD.jpg"}, "homeCity": "Singapore", "lists": {"groups": [{"items": [], "count": 2, "type": "created"}]}}, {"tips": {"count": 3}, "contact": {"facebook": "10204829593333042"}, "firstName": "Daniel", "gender": "male", "lastName": "Ho", "id": "6189103", "bio": "", "photo": {"prefix": "https://igx.4sqi.net/img/user/", "suffix": "/OJRACQJS1VIKYJNO.jpg"}, "homeCity": "Singapore", "lists": {"groups": [{"items": [], "count": 2, "type": "created"}]}}, {"tips": {"count": 1}, "contact": {"twitter": "yellowpampers", "facebook": "1071422576"}, "firstName": "Ping Ying", "gender": "female", "id": "6742921", "bio": "heya", "photo": {"prefix": "https://igx.4sqi.net/img/user/", "suffix": "/6742921_9V-pSf4O_yAXDxpXl2sDoorFigqkCkz7lSmVHPKuUM2mACePv3JsoMMoC-LOCEBTl5yGMOKAj.jpg"}, "homeCity": "Singapore", "lists": {"groups": [{"items": [], "count": 2, "type": "created"}]}}, {"tips": {"count": 0}, "contact": {"twitter": "joriesnsd"}, "firstName": "Jo", "gender": "none", "id": "6507797", "bio": "", "photo": {"prefix": "https://igx.4sqi.net/img/user/", "suffix": "/6507797-VQPXR3IF4NU50ARB.jpg"}, "homeCity": "Singapore", "lists": {"groups": [{"items": [], "count": 2, "type": "created"}]}}, {"tips": {"count": 3}, "contact": {"twitter": "sevennjuly", "facebook": "1567390791"}, "firstName": "Candice", "gender": "female", "lastName": "Tan", "id": "7608544", "bio": "", "photo": {"prefix": "https://igx.4sqi.net/img/user/", "suffix": "/7608544_r0k2ITo2_qiBl1HXvAh3T7aW8PZ-CBqFMVAQ9nDSRrk8s2P6Fxd-YyXDO1_p07NL0m7aD6Huo.jpg"}, "homeCity": "Singapore", "lists": {"groups": [{"items": [], "count": 2, "type": "created"}]}}, {"tips": {"count": 0}, "contact": {}, "firstName": "Jill", "gender": "female", "lastName": "Chen", "id": "1423553", "bio": "", "photo": {"prefix": "https://igx.4sqi.net/img/user/", "suffix": "/blank_girl.png", "default": true}, "homeCity": "Singapore", "lists": {"groups": [{"items": [], "count": 2, "type": "created"}]}}, {"tips": {"count": 6}, "contact": {"facebook": "791404124"}, "firstName": "Pang", "gender": "female", "lastName": "Angela", "id": "5604304", "bio": "", "photo": {"prefix": "https://igx.4sqi.net/img/user/", "suffix": "/QFPQ05K14PUG3PKK.jpg"}, "homeCity": "Singapore", "lists": {"groups": [{"items": [], "count": 2, "type": "created"}]}}, {"tips": {"count": 7}, "contact": {"twitter": "fsheey"}, "firstName": "Fsheey", "gender": "female", "id": "2741295", "bio": "", "photo": {"prefix": "https://igx.4sqi.net/img/user/", "suffix": "/BJV0CAOI4B50WGLT.jpg"}, "homeCity": "Singapore", "lists": {"groups": [{"items": [], "count": 5, "type": "created"}]}}, {"tips": {"count": 0}, "contact": {"twitter": "naawinata"}, "firstName": "naa", "gender": "female", "lastName": "winata", "id": "4569862", "bio": "", "photo": {"prefix": "https://igx.4sqi.net/img/user/", "suffix": "/QADF5QCJNFJ3SFIT.jpg"}, "homeCity": "Medan, Indonesia", "lists": {"groups": [{"items": [], "count": 2, "type": "created"}]}}, {"tips": {"count": 4}, "contact": {"twitter": "joyciology", "facebook": "677740546"}, "firstName": "joyceline", "gender": "female", "lastName": "yap", "id": "4512594", "bio": "", "photo": {"prefix": "https://igx.4sqi.net/img/user/", "suffix": "/L5SUTXP3UBKLLQDB.jpg"}, "homeCity": "Singapore", "lists": {"groups": [{"items": [], "count": 2, "type": "created"}]}}, {"tips": {"count": 2}, "contact": {}, "firstName": "The Garden Slug", "gender": "none", "lastName": "www.thegardenslug.com", "id": "291438", "bio": "eat drink don't think! We provide comfortable food that is minimalist & unfussy yet never compromising on the passion & labour that goes into a home-cooked meal", "photo": {"prefix": "https://igx.4sqi.net/img/user/", "suffix": "/YZWBX0DYRBZ3IVBX.jpg"}, "homeCity": "Singapore", "lists": {"groups": [{"items": [], "count": 2, "type": "created"}]}}, {"tips": {"count": 6}, "contact": {"twitter": "shigehisa", "facebook": "651647443"}, "firstName": "Ichiro", "gender": "male", "lastName": "Shigehisa", "id": "779060", "bio": "Just a sentimental, loyal, down to earth, home minded guy Who is Happy With What He Have & Will Like To Know More Ppl To Enlarge Current Circle Of Friends.", "photo": {"prefix": "https://igx.4sqi.net/img/user/", "suffix": "/NQ1TDCJICESIVDT1.jpg"}, "homeCity": "Singapore", "lists": {"groups": [{"items": [], "count": 2, "type": "created"}]}}, {"tips": {"count": 111}, "contact": {"twitter": "elizabethkoh", "facebook": "604561645"}, "firstName": "Elizabeth", "gender": "female", "lastName": "Koh", "id": "126751", "bio": "", "photo": {"prefix": "https://igx.4sqi.net/img/user/", "suffix": "/0XL24YMXXXHGITNP.jpg"}, "homeCity": "Sg", "lists": {"groups": [{"items": [], "count": 6, "type": "created"}]}}, {"tips": {"count": 2}, "contact": {"facebook": "632319230"}, "firstName": "\u7dad", "gender": "male", "lastName": "\ud83d\udc8b", "id": "830028", "bio": "", "photo": {"prefix": "https://igx.4sqi.net/img/user/", "suffix": "/25TDGZM1TVXYECI5.jpg"}, "homeCity": "Singapore", "lists": {"groups": [{"items": [], "count": 2, "type": "created"}]}}, {"tips": {"count": 8}, "contact": {"twitter": "navasak", "facebook": "647316412"}, "firstName": "Andrew", "gender": "male", "lastName": "Kasavan", "id": "1131952", "bio": "", "photo": {"prefix": "https://igx.4sqi.net/img/user/", "suffix": "/RAEFRHIKQKUHRC24.jpg"}, "homeCity": "Singapore, SG", "lists": {"groups": [{"items": [], "count": 3, "type": "created"}]}}, {"tips": {"count": 4}, "contact": {"twitter": "shengyen", "facebook": "10152705567622654"}, "firstName": "Sy", "gender": "male", "lastName": "Lin", "id": "2509380", "bio": "", "photo": {"prefix": "https://igx.4sqi.net/img/user/", "suffix": "/2509380-AJXZ4FQT4T4KZFNO.jpg"}, "homeCity": "Singapore", "lists": {"groups": [{"items": [], "count": 2, "type": "created"}]}}, {"tips": {"count": 0}, "contact": {"twitter": "miyabigiselle", "facebook": "1207827236"}, "firstName": "Angelia", "gender": "female", "lastName": "MiyabiGiselle \ud83d\udc8b", "id": "6189705", "bio": "We aim to pls.", "photo": {"prefix": "https://igx.4sqi.net/img/user/", "suffix": "/6189705-K5IABOTPYT2RRMIA.jpg"}, "homeCity": "Singapore; SengKang", "lists": {"groups": [{"items": [], "count": 2, "type": "created"}]}}, {"tips": {"count": 0}, "contact": {"twitter": "_jonnii", "facebook": "546643541"}, "firstName": "Jonathan", "gender": "male", "lastName": "Leong", "id": "6831934", "bio": "", "photo": {"prefix": "https://igx.4sqi.net/img/user/", "suffix": "/2BMVPXI33GVTH0K5.jpg"}, "homeCity": "Singapore", "lists": {"groups": [{"items": [], "count": 2, "type": "created"}]}}, {"tips": {"count": 4}, "contact": {"twitter": "michellexzxz", "facebook": "722946028"}, "firstName": "Michelle", "gender": "female", "lastName": "Leong", "id": "6623006", "bio": "", "photo": {"prefix": "https://igx.4sqi.net/img/user/", "suffix": "/SH3UHNLMBRQ3JW1W.jpg"}, "homeCity": "Singapore", "lists": {"groups": [{"items": [], "count": 2, "type": "created"}]}}, {"tips": {"count": 7}, "contact": {"twitter": "emeraldscorpion", "facebook": "1371788430"}, "firstName": "Gerald", "gender": "male", "lastName": "Lau", "id": "7729847", "bio": "", "photo": {"prefix": "https://igx.4sqi.net/img/user/", "suffix": "/5GAC3F4HLNJ3CAZH.jpg"}, "homeCity": "Singapore", "lists": {"groups": [{"items": [], "count": 2, "type": "created"}]}}, {"tips": {"count": 0}, "contact": {"twitter": "lvcifer_910", "facebook": "100001323865520"}, "firstName": "Alvin", "gender": "male", "lastName": "Ferzo", "id": "1431946", "bio": "a pain is awhile, pride is forever", "photo": {"prefix": "https://igx.4sqi.net/img/user/", "suffix": "/1431946-CFOFFDMGBLRGA10E.jpg"}, "homeCity": "Jakarta Selatan, Indonesia", "lists": {"groups": [{"items": [], "count": 2, "type": "created"}]}}, {"tips": {"count": 0}, "contact": {}, "firstName": "Li Jie \ud83d\udc22", "gender": "female", "lastName": "Ng", "id": "5615869", "bio": "", "photo": {"prefix": "https://igx.4sqi.net/img/user/", "suffix": "/5615869-MHXWPH0J3FTRQFMI.jpg"}, "homeCity": "Singapore", "lists": {"groups": [{"items": [], "count": 2, "type": "created"}]}}, {"tips": {"count": 0}, "contact": {}, "firstName": "Darrell", "gender": "male", "lastName": "Gan", "id": "2836274", "bio": "", "photo": {"prefix": "https://igx.4sqi.net/img/user/", "suffix": "/blank_boy.png", "default": true}, "homeCity": "Singapore", "lists": {"groups": [{"items": [], "count": 2, "type": "created"}]}}, {"tips": {"count": 6}, "contact": {"facebook": "695518192"}, "firstName": "Liting", "gender": "female", "lastName": "Ng", "id": "5168647", "bio": "", "photo": {"prefix": "https://igx.4sqi.net/img/user/", "suffix": "/AZUQ15PWBTYDJICZ.jpg"}, "homeCity": "Singapore", "lists": {"groups": [{"items": [], "count": 2, "type": "created"}]}}, {"tips": {"count": 6}, "contact": {"twitter": "jocelynfmw"}, "firstName": "Jocelyn", "gender": "female", "lastName": "Foo", "id": "4804902", "bio": "", "photo": {"prefix": "https://igx.4sqi.net/img/user/", "suffix": "/P3TM4CJNI1F3FLSJ.jpg"}, "homeCity": "Singapore", "lists": {"groups": [{"items": [], "count": 2, "type": "created"}]}}, {"tips": {"count": 4}, "contact": {"twitter": "woosheryl", "facebook": "580003208"}, "firstName": "Sheryl", "gender": "female", "lastName": "Woo", "id": "291816", "bio": "", "photo": {"prefix": "https://igx.4sqi.net/img/user/", "suffix": "/291816-1LZO0KIMKT52XWS1.jpg"}, "homeCity": "Singapore", "lists": {"groups": [{"items": [], "count": 2, "type": "created"}]}}, {"tips": {"count": 25}, "contact": {"twitter": "izadr", "facebook": "656816990"}, "firstName": "Izad", "gender": "male", "lastName": "Razi", "id": "3784206", "bio": "", "photo": {"prefix": "https://igx.4sqi.net/img/user/", "suffix": "/ZJTXVIIXB31RZ4G2.jpg"}, "homeCity": "Singapore", "lists": {"groups": [{"items": [], "count": 4, "type": "created"}]}}, {"tips": {"count": 50}, "contact": {"twitter": "daphnemaia", "facebook": "590335708"}, "firstName": "Daphne Maia", "gender": "female", "lastName": "Loo", "id": "129416", "bio": "Coffee \u2022 Powerlifting \u2022 @fortitudegym \u2022 \r\nDigital Marketing \u2022 Writer \u2022 Introvert \u2022", "photo": {"prefix": "https://igx.4sqi.net/img/user/", "suffix": "/129416-CE2O03KIZRMARIQW.jpg"}, "homeCity": "Singapore", "lists": {"groups": [{"items": [], "count": 6, "type": "created"}]}}, {"tips": {"count": 2}, "contact": {"twitter": "ohhhhhsam", "facebook": "763339175"}, "firstName": "Samantha", "gender": "female", "lastName": "Su", "id": "4219075", "bio": "", "photo": {"prefix": "https://igx.4sqi.net/img/user/", "suffix": "/QGJWUIVSZ1PYR5AE.jpg"}, "homeCity": "Singapore", "lists": {"groups": [{"items": [], "count": 2, "type": "created"}]}}, {"tips": {"count": 0}, "contact": {"twitter": "iteddyliu", "facebook": "697235267"}, "firstName": "TEDDY", "gender": "male", "lastName": "LIU", "id": "1188622", "bio": "", "photo": {"prefix": "https://igx.4sqi.net/img/user/", "suffix": "/UC4ZTBZTV5TXJB0N.jpg"}, "homeCity": "Singapore", "lists": {"groups": [{"items": [], "count": 2, "type": "created"}]}}, {"tips": {"count": 0}, "contact": {"twitter": "linlin_hime", "facebook": "16826664"}, "firstName": "Hui Lin", "gender": "female", "lastName": "Lam", "id": "2685338", "bio": "", "photo": {"prefix": "https://igx.4sqi.net/img/user/", "suffix": "/ZTTHGFDQW2VNO5U0.jpg"}, "homeCity": "Singapore", "lists": {"groups": [{"items": [], "count": 2, "type": "created"}]}}, {"tips": {"count": 1}, "contact": {}, "firstName": "Sze", "gender": "none", "lastName": "Hui", "id": "6270654", "bio": "", "photo": {"prefix": "https://igx.4sqi.net/img/user/", "suffix": "/6270654-X44Z5EE4GYZ34YRZ.jpg"}, "homeCity": "Singapore", "lists": {"groups": [{"items": [], "count": 2, "type": "created"}]}}, {"tips": {"count": 2}, "contact": {"twitter": "ganliling"}, "firstName": "Li Ling", "gender": "female", "lastName": "Gan", "id": "7108688", "bio": "", "photo": {"prefix": "https://igx.4sqi.net/img/user/", "suffix": "/5SL1OT2RXRPCAFIK.jpg"}, "homeCity": "Singapore", "lists": {"groups": [{"items": [], "count": 2, "type": "created"}]}}, {"tips": {"count": 1}, "contact": {"twitter": "o_0il"}, "firstName": "Yuguang", "gender": "male", "lastName": "Han", "id": "7730245", "bio": "", "photo": {"prefix": "https://igx.4sqi.net/img/user/", "suffix": "/JLV0VZC3HSNH2O5W.jpg"}, "homeCity": "Singapore", "lists": {"groups": [{"items": [], "count": 2, "type": "created"}]}}, {"tips": {"count": 0}, "contact": {"twitter": "amandavelencia", "facebook": "572432015"}, "firstName": "Amanda", "gender": "female", "lastName": "Velencia", "id": "5664290", "bio": "", "photo": {"prefix": "https://igx.4sqi.net/img/user/", "suffix": "/5664290-JORYUNLZK2CXARAK.jpg"}, "homeCity": "Singapore", "lists": {"groups": [{"items": [], "count": 2, "type": "created"}]}}, {"tips": {"count": 1}, "contact": {"twitter": "lenlen_octavia"}, "firstName": "ellen", "gender": "female", "lastName": "octavia", "id": "2837574", "bio": "", "photo": {"prefix": "https://igx.4sqi.net/img/user/", "suffix": "/VOBPVQPPCDFWX31Q.jpg"}, "homeCity": "Jakarta, Indonesia", "lists": {"groups": [{"items": [], "count": 2, "type": "created"}]}}, {"tips": {"count": 0}, "contact": {"twitter": "iamnicsyj"}, "firstName": "Nicholas", "gender": "male", "lastName": "See", "id": "5192320", "bio": "", "photo": {"prefix": "https://igx.4sqi.net/img/user/", "suffix": "/PHNDT0MCI3EPGCK1.jpg"}, "homeCity": "Singapore", "lists": {"groups": [{"items": [], "count": 2, "type": "created"}]}}, {"tips": {"count": 3}, "contact": {"twitter": "killrie", "facebook": "731687741"}, "firstName": "Cherie", "gender": "female", "lastName": "Sim", "id": "4804953", "bio": "", "photo": {"prefix": "https://igx.4sqi.net/img/user/", "suffix": "/PAK5FFOQ0MSG0UOQ.jpg"}, "homeCity": "Singapore", "lists": {"groups": [{"items": [], "count": 2, "type": "created"}]}}, {"tips": {"count": 7}, "contact": {"twitter": "yvnneneo", "facebook": "624418023"}, "firstName": "Yvnne", "gender": "female", "lastName": "Neo", "id": "3789340", "bio": "", "photo": {"prefix": "https://igx.4sqi.net/img/user/", "suffix": "/3789340-IQXP3X1IYX1VHYXL.jpg"}, "homeCity": "Singapore", "lists": {"groups": [{"items": [], "count": 2, "type": "created"}]}}, {"tips": {"count": 34}, "contact": {"twitter": "visualwire", "facebook": "751142941"}, "firstName": "Nicholas", "gender": "male", "lastName": "Foo", "id": "131147", "bio": "", "photo": {"prefix": "https://igx.4sqi.net/img/user/", "suffix": "/131147-YUCWU1FEWFXKT3BD.jpg"}, "homeCity": "Singapore", "lists": {"groups": [{"items": [], "count": 14, "type": "created"}]}}, {"tips": {"count": 8}, "contact": {"twitter": "nyixian", "facebook": "100003623291662"}, "firstName": "KylerNyixian", "gender": "male", "id": "4220709", "bio": "", "photo": {"prefix": "https://igx.4sqi.net/img/user/", "suffix": "/RALP0GEKDRU2UXNP.jpg"}, "homeCity": "Singapore", "lists": {"groups": [{"items": [], "count": 2, "type": "created"}]}}, {"tips": {"count": 19}, "contact": {"facebook": "601291798"}, "firstName": "Wei", "gender": "male", "lastName": "Dong", "id": "1268505", "bio": "", "photo": {"prefix": "https://igx.4sqi.net/img/user/", "suffix": "/R5FEQAKB5YP4RO3N.jpg"}, "homeCity": "Singapore", "lists": {"groups": [{"items": [], "count": 2, "type": "created"}]}}, {"tips": {"count": 21}, "contact": {"twitter": "azhaaarry", "facebook": "665057334"}, "firstName": "Azhary", "gender": "male", "lastName": "Meswan", "id": "2865669", "bio": "", "photo": {"prefix": "https://igx.4sqi.net/img/user/", "suffix": "/3Q1KHO3URZ0YAWKW.jpg"}, "homeCity": "Singapore", "lists": {"groups": [{"items": [], "count": 2, "type": "created"}]}}, {"tips": {"count": 0}, "contact": {}, "firstName": "Priscilla", "gender": "female", "id": "6910914", "bio": "", "photo": {"prefix": "https://igx.4sqi.net/img/user/", "suffix": "/0ZLLZ0VSYFRZXYPV.jpg"}, "homeCity": "Singapore", "lists": {"groups": [{"items": [], "count": 2, "type": "created"}]}}, {"tips": {"count": 1}, "contact": {"twitter": "gladysdejour", "facebook": "727763731"}, "firstName": "Gladys", "gender": "female", "lastName": "De jour", "id": "7167387", "bio": "", "photo": {"prefix": "https://igx.4sqi.net/img/user/", "suffix": "/30OMCZ4B35D3E2HG.jpg"}, "homeCity": "Unnamed Location", "lists": {"groups": [{"items": [], "count": 2, "type": "created"}]}}, {"tips": {"count": 0}, "contact": {"twitter": "flameraider", "facebook": "536839265"}, "firstName": "MuiFang", "gender": "female", "lastName": "Ho", "id": "8115973", "bio": "", "photo": {"prefix": "https://igx.4sqi.net/img/user/", "suffix": "/8115973-3YY3MCKLC1V2KP1L.jpg"}, "homeCity": "Singapore", "lists": {"groups": [{"items": [], "count": 2, "type": "created"}]}}, {"tips": {"count": 0}, "contact": {"facebook": "552844257"}, "firstName": "Waye", "gender": "male", "lastName": "Seah", "id": "5852330", "bio": "", "photo": {"prefix": "https://igx.4sqi.net/img/user/", "suffix": "/RNN1YY1TNENPEQVF.jpg"}, "homeCity": "Singapore", "lists": {"groups": [{"items": [], "count": 2, "type": "created"}]}}, {"tips": {"count": 4}, "contact": {}, "firstName": "Candy", "gender": "female", "lastName": "Koh", "id": "2840584", "bio": "", "photo": {"prefix": "https://igx.4sqi.net/img/user/", "suffix": "/TC50MOJ3ZTZ2WA4E.jpg"}, "homeCity": "Singapore", "lists": {"groups": [{"items": [], "count": 2, "type": "created"}]}}, {"tips": {"count": 3}, "contact": {}, "firstName": "Snyder", "gender": "male", "lastName": "Goh", "id": "5705894", "bio": "", "photo": {"prefix": "https://igx.4sqi.net/img/user/", "suffix": "/RUR3ZKEI5ULK3TRQ.jpg"}, "homeCity": "Singapore", "lists": {"groups": [{"items": [], "count": 2, "type": "created"}]}}, {"tips": {"count": 5}, "contact": {"twitter": "amandasagala"}, "firstName": "Amanda", "gender": "female", "lastName": "Sagala", "id": "5246860", "bio": "", "photo": {"prefix": "https://igx.4sqi.net/img/user/", "suffix": "/P54TSTV4VM25VNYN.jpg"}, "homeCity": "Singapore", "lists": {"groups": [{"items": [], "count": 2, "type": "created"}]}}, {"tips": {"count": 0}, "contact": {"twitter": "glitterposh", "facebook": "702371499"}, "firstName": "Glitterposh", "gender": "female", "id": "3791883", "bio": "", "photo": {"prefix": "https://igx.4sqi.net/img/user/", "suffix": "/WAJRGV51NGQXGEJN.jpg"}, "homeCity": "Singapore", "lists": {"groups": [{"items": [], "count": 2, "type": "created"}]}}, {"tips": {"count": 78}, "contact": {"twitter": "victortan", "facebook": "677121704"}, "firstName": "Victor", "gender": "male", "lastName": "Tan", "id": "133481", "bio": "", "photo": {"prefix": "https://igx.4sqi.net/img/user/", "suffix": "/CNMAILZIJBJA0W50.jpg"}, "homeCity": "Singapore", "lists": {"groups": [{"items": [], "count": 7, "type": "created"}]}}, {"tips": {"count": 4}, "contact": {"twitter": "heartscheryl"}, "firstName": "Cheryl", "gender": "female", "lastName": "Love", "id": "4390533", "bio": "", "photo": {"prefix": "https://igx.4sqi.net/img/user/", "suffix": "/FJ03C5UBEL3S3YTJ.jpg"}, "homeCity": "Singapore", "lists": {"groups": [{"items": [], "count": 2, "type": "created"}]}}, {"tips": {"count": 4}, "contact": {"twitter": "shengk"}, "firstName": "Sheng", "gender": "male", "lastName": "Kang", "id": "1409420", "bio": "", "photo": {"prefix": "https://igx.4sqi.net/img/user/", "suffix": "/DJS3BS033Q2VCA1A.jpg"}, "homeCity": "Singapore", "lists": {"groups": [{"items": [], "count": 2, "type": "created"}]}}, {"tips": {"count": 0}, "contact": {"twitter": "iamdaphanie", "facebook": "521490687"}, "firstName": "DAPHANIE", "gender": "female", "lastName": "<3", "id": "3071509", "bio": "", "photo": {"prefix": "https://igx.4sqi.net/img/user/", "suffix": "/WDLFMWTEFESRJYIL.jpg"}, "homeCity": "Singapore", "lists": {"groups": [{"items": [], "count": 2, "type": "created"}]}}, {"tips": {"count": 0}, "contact": {"twitter": "tricarollette"}, "firstName": "tricia loke", "gender": "female", "id": "6918627", "bio": "", "photo": {"prefix": "https://igx.4sqi.net/img/user/", "suffix": "/4HBGUDZDBJA4FLCF.jpg"}, "homeCity": "Singapore", "lists": {"groups": [{"items": [], "count": 2, "type": "created"}]}}, {"tips": {"count": 5}, "contact": {"twitter": "tutieann", "facebook": "555584361"}, "firstName": "Ann", "gender": "female", "lastName": "Sanchez-Arroyo", "id": "7224042", "bio": "", "photo": {"prefix": "https://igx.4sqi.net/img/user/", "suffix": "/PXPW04LDVJKB0IQ4.jpg"}, "homeCity": "Singapore", "lists": {"groups": [{"items": [], "count": 2, "type": "created"}]}}, {"tips": {"count": 18}, "contact": {"twitter": "nicolasmas", "facebook": "629859866"}, "firstName": "Nicolas", "gender": "male", "lastName": "Mas", "id": "5854895", "bio": "", "photo": {"prefix": "https://igx.4sqi.net/img/user/", "suffix": "/4UAHMS4JSKXGWAAF.jpg"}, "homeCity": "Singapore", "lists": {"groups": [{"items": [], "count": 7, "type": "created"}]}}, {"tips": {"count": 11}, "contact": {}, "firstName": "Papercut", "gender": "female", "lastName": "\u00a9", "id": "3355490", "bio": "", "photo": {"prefix": "https://igx.4sqi.net/img/user/", "suffix": "/EEABDMLLOH3OC5RK.jpg"}, "homeCity": "Singapore", "lists": {"groups": [{"items": [], "count": 3, "type": "created"}]}}, {"tips": {"count": 0}, "contact": {"facebook": "770229814"}, "firstName": "Hai-Mei", "gender": "female", "lastName": "Gao", "id": "6684585", "bio": "", "photo": {"prefix": "https://igx.4sqi.net/img/user/", "suffix": "/EE4TZOCDTPEBPCUU.jpg"}, "homeCity": "'s-Gravenhage, Nederland", "lists": {"groups": [{"items": [], "count": 2, "type": "created"}]}}, {"tips": {"count": 5}, "contact": {"facebook": "632185419"}, "firstName": "Sharren", "gender": "female", "lastName": "Wong", "id": "4066664", "bio": "", "photo": {"prefix": "https://igx.4sqi.net/img/user/", "suffix": "/RCGRMQIXBMKUR2OQ.jpg"}, "homeCity": "Singapore", "lists": {"groups": [{"items": [], "count": 2, "type": "created"}]}}, {"superuser": 2, "tips": {"count": 38}, "contact": {"twitter": "inrsoul", "facebook": "670555642"}, "firstName": "Kevin", "gender": "male", "lastName": "Lee", "id": "144045", "bio": "photographer (mycake.sg) and slave to cats Babs and Baxter", "photo": {"prefix": "https://igx.4sqi.net/img/user/", "suffix": "/MXYAHNF3QVDF4RNS.jpg"}, "homeCity": "Singapore", "lists": {"groups": [{"items": [], "count": 5, "type": "created"}]}}, {"tips": {"count": 0}, "contact": {"twitter": "dabenni", "facebook": "628091294"}, "firstName": "Daphanie", "gender": "female", "lastName": "Lim", "id": "4410189", "bio": "", "photo": {"prefix": "https://igx.4sqi.net/img/user/", "suffix": "/QKPLX40AVCCZTECJ.jpg"}, "homeCity": "Singapore", "lists": {"groups": [{"items": [], "count": 2, "type": "created"}]}}, {"tips": {"count": 2}, "contact": {"facebook": "731038516"}, "firstName": "Alvan", "gender": "male", "lastName": "Poa", "id": "1625606", "bio": "", "photo": {"prefix": "https://igx.4sqi.net/img/user/", "suffix": "/R3BWJIGFITZROQRQ.jpg"}, "homeCity": "Bukit Batok, Singapore", "lists": {"groups": [{"items": [], "count": 2, "type": "created"}]}}, {"tips": {"count": 14}, "contact": {"facebook": "1037220482"}, "firstName": "Quesera", "gender": "female", "lastName": "Sera", "id": "3314200", "bio": "", "photo": {"prefix": "https://igx.4sqi.net/img/user/", "suffix": "/35HG4KL0K2XT355L.jpg"}, "homeCity": "Singapore", "lists": {"groups": [{"items": [], "count": 2, "type": "created"}]}}, {"tips": {"count": 0}, "contact": {"twitter": "feliciaxtkn", "facebook": "10208594475962403"}, "firstName": "Felicia", "gender": "female", "lastName": "Tok", "id": "6980094", "bio": "", "photo": {"prefix": "https://igx.4sqi.net/img/user/", "suffix": "/6980094-OC1WRISNWJKCCTXU.jpg"}, "homeCity": "Singapore", "lists": {"groups": [{"items": [], "count": 2, "type": "created"}]}}, {"tips": {"count": 4}, "contact": {"twitter": "lonelygal95", "facebook": "578906628"}, "firstName": "Coconut", "gender": "female", "lastName": "Chan", "id": "7400925", "bio": "", "photo": {"prefix": "https://igx.4sqi.net/img/user/", "suffix": "/GRSLFU213BGFFPNJ.jpg"}, "homeCity": "Singapore, SG", "lists": {"groups": [{"items": [], "count": 2, "type": "created"}]}}, {"tips": {"count": 0}, "contact": {"twitter": "joycccelyn", "facebook": "671841887"}, "firstName": "Joycelyn", "gender": "female", "lastName": "Teo", "id": "6027219", "bio": "", "photo": {"prefix": "https://igx.4sqi.net/img/user/", "suffix": "/PX5FBWQXXG3YLSIR.jpg"}, "homeCity": "Singapore", "lists": {"groups": [{"items": [], "count": 2, "type": "created"}]}}, {"tips": {"count": 75}, "contact": {"facebook": "618091279"}, "firstName": "Vignesh", "gender": "male", "lastName": "Kathiravelu", "id": "4992725", "bio": "", "photo": {"prefix": "https://igx.4sqi.net/img/user/", "suffix": "/NMGWE5ZLMKHLETL2.jpg"}, "homeCity": "Singapore", "lists": {"groups": [{"items": [], "count": 2, "type": "created"}]}}, {"tips": {"count": 0}, "contact": {"twitter": "skinnybitchftw"}, "firstName": "Serene", "gender": "female", "lastName": "Chang", "id": "6692810", "bio": "", "photo": {"prefix": "https://igx.4sqi.net/img/user/", "suffix": "/6692810-P2LOFJ1CEKBGXQC0.jpg"}, "homeCity": "Singapore", "lists": {"groups": [{"items": [], "count": 2, "type": "created"}]}}, {"tips": {"count": 0}, "contact": {"twitter": "suesuliani", "facebook": "643441045"}, "firstName": "Suliani", "gender": "female", "lastName": "Salamon", "id": "4067202", "bio": "", "photo": {"prefix": "https://igx.4sqi.net/img/user/", "suffix": "/4JMXIMAOQJGQZ0B3.jpg"}, "homeCity": "Singapore", "lists": {"groups": [{"items": [], "count": 2, "type": "created"}]}}, {"tips": {"count": 5}, "contact": {"twitter": "mediumshawn", "facebook": "10152949808028692"}, "firstName": "Shawn", "gender": "male", "lastName": "Lim", "id": "146182", "bio": "", "photo": {"prefix": "https://igx.4sqi.net/img/user/", "suffix": "/J5NLKDIR23KUZDNT.jpg"}, "homeCity": "Singapore", "lists": {"groups": [{"items": [], "count": 2, "type": "created"}]}}, {"tips": {"count": 8}, "contact": {"twitter": "hongruilee", "facebook": "557141548"}, "firstName": "Hongrui", "gender": "male", "lastName": "Lee", "id": "7572361", "bio": "", "photo": {"prefix": "https://igx.4sqi.net/img/user/", "suffix": "/E1UXOJR5I1UGY4Q4.jpg"}, "homeCity": "Singapore, Singapore", "lists": {"groups": [{"items": [], "count": 2, "type": "created"}]}}, {"tips": {"count": 1}, "contact": {}, "firstName": "Esther", "gender": "female", "lastName": "Ong", "id": "1813919", "bio": "", "photo": {"prefix": "https://igx.4sqi.net/img/user/", "suffix": "/1813919-LFQVWCHJEVLFSRJF.jpg"}, "homeCity": "Singapore", "lists": {"groups": [{"items": [], "count": 2, "type": "created"}]}}, {"tips": {"count": 15}, "contact": {"facebook": "544274975"}, "firstName": "Kathleen", "gender": "female", "lastName": "Li", "id": "3437443", "bio": "", "photo": {"prefix": "https://igx.4sqi.net/img/user/", "suffix": "/TPAGFDHI3XK1NQUW.jpg"}, "homeCity": "Singapore", "lists": {"groups": [{"items": [], "count": 2, "type": "created"}]}}, {"tips": {"count": 0}, "contact": {"twitter": "qqladyqq", "facebook": "716425711"}, "firstName": "Qianyi", "gender": "female", "lastName": "Lyr", "id": "8106275", "bio": "", "photo": {"prefix": "https://igx.4sqi.net/img/user/", "suffix": "/GJCDYLRGM1T25ECF.jpg"}, "homeCity": "Singapore", "lists": {"groups": [{"items": [], "count": 2, "type": "created"}]}}, {"tips": {"count": 0}, "contact": {"twitter": "em_kimuralock", "facebook": "100000540432534"}, "firstName": "Enming", "gender": "male", "lastName": "Song", "id": "7808103", "bio": "", "photo": {"prefix": "https://igx.4sqi.net/img/user/", "suffix": "/FTBW1WFZBGYDPNKJ.jpg"}, "homeCity": "Singapore", "lists": {"groups": [{"items": [], "count": 2, "type": "created"}]}}, {"tips": {"count": 1}, "contact": {}, "firstName": "Sandra", "gender": "female", "lastName": "Chia", "id": "6103796", "bio": "", "photo": {"prefix": "https://igx.4sqi.net/img/user/", "suffix": "/CYKXRKEDQWS4N1R5.jpg"}, "homeCity": "singapore", "lists": {"groups": [{"items": [], "count": 2, "type": "created"}]}}, {"tips": {"count": 2}, "contact": {"twitter": "natalie_natida", "facebook": "100002300453482"}, "firstName": "Nat", "gender": "female", "lastName": "Ida", "id": "5113645", "bio": "", "photo": {"prefix": "https://igx.4sqi.net/img/user/", "suffix": "/2DAX0ODBDGFPIHJM.jpg"}, "homeCity": "Singapore", "lists": {"groups": [{"items": [], "count": 2, "type": "created"}]}}, {"tips": {"count": 1}, "contact": {"twitter": "wchengg", "facebook": "563221164"}, "firstName": "Wengcheng", "gender": "female", "lastName": "Hong", "id": "4624104", "bio": "", "photo": {"prefix": "https://igx.4sqi.net/img/user/", "suffix": "/YZIVNYT0G5FWQRBB.jpg"}, "homeCity": "Singapore", "lists": {"groups": [{"items": [], "count": 2, "type": "created"}]}}, {"tips": {"count": 164}, "contact": {}, "firstName": "Weiru", "gender": "female", "lastName": "T", "id": "1766108", "bio": "", "photo": {"prefix": "https://igx.4sqi.net/img/user/", "suffix": "/A33A5211RL1GDHDT.jpg"}, "homeCity": "Singapore", "lists": {"groups": [{"items": [], "count": 2, "type": "created"}]}}, {"tips": {"count": 10}, "contact": {"twitter": "pizpix", "facebook": "539101920"}, "firstName": "PIXY", "gender": "female", "id": "1833447", "bio": "Hello, Fatball checking in", "photo": {"prefix": "https://igx.4sqi.net/img/user/", "suffix": "/1833447-EK4PBP22PDVXY5OC.jpg"}, "homeCity": "Melbourne", "lists": {"groups": [{"items": [], "count": 2, "type": "created"}]}}, {"tips": {"count": 0}, "contact": {}, "firstName": "S", "gender": "female", "lastName": "S", "id": "3675106", "bio": "", "photo": {"prefix": "https://igx.4sqi.net/img/user/", "suffix": "/3675106-VO4U3CHV1LU1K3HS"}, "homeCity": "Singapore", "lists": {"groups": [{"items": [], "count": 2, "type": "created"}]}}, {"tips": {"count": 0}, "contact": {"twitter": "cephasseesfirst"}, "firstName": "Cephas", "gender": "male", "lastName": "Tan", "id": "8377870", "bio": "", "photo": {"prefix": "https://igx.4sqi.net/img/user/", "suffix": "/GKB3A1Z3KSFFSWK4.jpg"}, "homeCity": "Singapore", "lists": {"groups": [{"items": [], "count": 2, "type": "created"}]}}, {"tips": {"count": 21}, "contact": {"facebook": "1616636679"}, "firstName": "cindy", "gender": "female", "lastName": "Ying", "id": "6129246", "bio": "", "photo": {"prefix": "https://igx.4sqi.net/img/user/", "suffix": "/6129246-HAXMSRRICS5IUQOP.jpg"}, "homeCity": "Singapore", "lists": {"groups": [{"items": [], "count": 2, "type": "created"}]}}, {"tips": {"count": 8}, "contact": {"twitter": "percer_", "facebook": "10153960070813858"}, "firstName": "C.O", "gender": "female", "id": "5113652", "bio": "Askfm : @Cathypercer", "photo": {"prefix": "https://igx.4sqi.net/img/user/", "suffix": "/5113652-0BHSZGDTNL2KVSSO.jpg"}, "homeCity": "Singapore", "lists": {"groups": [{"items": [], "count": 2, "type": "created"}]}}, {"tips": {"count": 0}, "contact": {"twitter": "renrenjiaaa", "facebook": "1573467407"}, "firstName": "Chua Ren Jia", "gender": "male", "id": "4819877", "bio": "", "photo": {"prefix": "https://igx.4sqi.net/img/user/", "suffix": "/CT1PQHHH5SSQGWJR.jpg"}, "homeCity": "Sengkang, Singapore", "lists": {"groups": [{"items": [], "count": 2, "type": "created"}]}}, {"tips": {"count": 1}, "contact": {}, "firstName": "Geraldine", "gender": "female", "lastName": "Tan", "id": "4940731", "bio": "eat, drink then take care of baby~", "photo": {"prefix": "https://igx.4sqi.net/img/user/", "suffix": "/4940731-EMESTTYLURZPHD2D.jpg"}, "homeCity": "Singapore", "lists": {"groups": [{"items": [], "count": 3, "type": "created"}]}}, {"tips": {"count": 7}, "contact": {"twitter": "lauwsh", "facebook": "565831545"}, "firstName": "laura", "gender": "female", "lastName": "Wong", "id": "1835452", "bio": "", "photo": {"prefix": "https://igx.4sqi.net/img/user/", "suffix": "/XZ0XXAH5JXK23SB2.jpg"}, "homeCity": "Singapore", "lists": {"groups": [{"items": [], "count": 2, "type": "created"}]}}, {"tips": {"count": 7}, "contact": {"twitter": "zoelavida", "facebook": "529999324"}, "firstName": "Zoe", "gender": "female", "lastName": "LaVida", "id": "3854133", "bio": "", "photo": {"prefix": "https://igx.4sqi.net/img/user/", "suffix": "/CEWGF0NG1PBKVJDS.jpg"}, "homeCity": "Singapore", "lists": {"groups": [{"items": [], "count": 2, "type": "created"}]}}, {"tips": {"count": 0}, "contact": {"twitter": "yyingjiee"}, "firstName": "Yingjie", "gender": "female", "lastName": "Chen", "id": "5084481", "bio": "", "photo": {"prefix": "https://igx.4sqi.net/img/user/", "suffix": "/D3W33XXFR421AC5U.jpg"}, "homeCity": "New York, NY", "lists": {"groups": [{"items": [], "count": 2, "type": "created"}]}}, {"tips": {"count": 3}, "contact": {"twitter": "justpearle", "facebook": "575595140"}, "firstName": "Pearle", "gender": "female", "lastName": "Tan", "id": "2029920", "bio": "", "photo": {"prefix": "https://igx.4sqi.net/img/user/", "suffix": "/4LSQDMCDOIGZ4PRL.jpg"}, "homeCity": ", Singapore", "lists": {"groups": [{"items": [], "count": 2, "type": "created"}]}}, {"tips": {"count": 3}, "contact": {}, "firstName": "Hanxi", "gender": "male", "lastName": "Tan", "id": "3855434", "bio": "", "photo": {"prefix": "https://igx.4sqi.net/img/user/", "suffix": "/RHBWEKXPGMJNA1R0.jpg"}, "homeCity": "Singapore", "lists": {"groups": [{"items": [], "count": 2, "type": "created"}]}}, {"tips": {"count": 8}, "contact": {"twitter": "chuckycrackcorn"}, "firstName": "Bryan", "gender": "male", "lastName": "Ng", "id": "2055008", "bio": "4:20", "photo": {"prefix": "https://igx.4sqi.net/img/user/", "suffix": "/P3RNYNMHABBW1FBW.jpg"}, "homeCity": "Sengkang, Singapore", "lists": {"groups": [{"items": [], "count": 2, "type": "created"}]}}, {"tips": {"count": 11}, "contact": {"twitter": "chelleis", "facebook": "529315172"}, "firstName": "chelleis", "gender": "female", "id": "3860476", "bio": "", "photo": {"prefix": "https://igx.4sqi.net/img/user/", "suffix": "/VTMBMPEBGQ3P2IAK.jpg"}, "homeCity": "Singapore", "lists": {"groups": [{"items": [], "count": 2, "type": "created"}]}}, {"tips": {"count": 1}, "contact": {"twitter": "larzshinobi", "facebook": "1020802409"}, "firstName": "Larz", "gender": "male", "lastName": "Shinobi", "id": "2420246", "bio": "", "photo": {"prefix": "https://igx.4sqi.net/img/user/", "suffix": "/GUQ4KZEC25ESRZNM.jpg"}, "homeCity": "San Francisco, CA", "lists": {"groups": [{"items": [], "count": 2, "type": "created"}]}}, {"tips": {"count": 2}, "contact": {"twitter": "marcuscjh", "facebook": "10153501006062456"}, "firstName": "Marcus", "gender": "male", "lastName": "Chan", "id": "3879003", "bio": "", "photo": {"prefix": "https://igx.4sqi.net/img/user/", "suffix": "/3879003-ZU0ZA5OSDIJH3KUP.jpg"}, "homeCity": "Singapore", "lists": {"groups": [{"items": [], "count": 2, "type": "created"}]}}, {"tips": {"count": 17}, "contact": {"twitter": "imlittlewhite", "facebook": "10152905510112438"}, "firstName": "\u0134\u00eb\u0438\u0438", "gender": "female", "lastName": "\u0166\u0127\u00e3\u043c", "id": "2421346", "bio": "", "photo": {"prefix": "https://igx.4sqi.net/img/user/", "suffix": "/2421346-UPPMB2F41WMPTFDI.jpg"}, "homeCity": "Kuala Lumpur, Malaysia", "lists": {"groups": [{"items": [], "count": 2, "type": "created"}]}}, {"tips": {"count": 5}, "contact": {"twitter": "avenuedays", "facebook": "683978787"}, "firstName": "Charmaine", "gender": "female", "lastName": "Goh", "id": "3893961", "bio": "", "photo": {"prefix": "https://igx.4sqi.net/img/user/", "suffix": "/3893961-A2O5PGMQ4A2XSNZG.jpg"}, "homeCity": "Charmaine's crib", "lists": {"groups": [{"items": [], "count": 2, "type": "created"}]}}, {"tips": {"count": 3}, "contact": {"facebook": "712049554"}, "firstName": "Kojy", "gender": "male", "lastName": "Cruizer", "id": "2423521", "bio": "", "photo": {"prefix": "https://igx.4sqi.net/img/user/", "suffix": "/4A1R4UGNFMYFZHIX.jpg"}, "homeCity": "NOWHERE", "lists": {"groups": [{"items": [], "count": 2, "type": "created"}]}}, {"tips": {"count": 0}, "contact": {}, "firstName": "Sharon", "gender": "female", "lastName": "S.", "id": "3964215", "bio": "", "photo": {"prefix": "https://igx.4sqi.net/img/user/", "suffix": "/3JAHISOPKNNBNHZ2.jpg"}, "homeCity": "Singapore", "lists": {"groups": [{"items": [], "count": 2, "type": "created"}]}}, {"tips": {"count": 2}, "contact": {"twitter": "fearlessmango", "facebook": "1367614200"}, "firstName": "Felicia", "gender": "female", "lastName": "Lau", "id": "2535395", "bio": "", "photo": {"prefix": "https://igx.4sqi.net/img/user/", "suffix": "/SZJ4GNKGBEEB43CI.jpg"}, "homeCity": "Singapore", "lists": {"groups": [{"items": [], "count": 2, "type": "created"}]}}, {"tips": {"count": 0}, "contact": {"twitter": "sherrichy", "facebook": "1315386591"}, "firstName": "Sherri", "gender": "female", "lastName": "Chy", "id": "4137945", "bio": "", "photo": {"prefix": "https://igx.4sqi.net/img/user/", "suffix": "/VLE5ZV5UI1PSWTIL.jpg"}, "homeCity": "Singapore", "lists": {"groups": [{"items": [], "count": 2, "type": "created"}]}}, {"tips": {"count": 0}, "contact": {"twitter": "karen3594", "facebook": "963352857061138"}, "firstName": "fuyuya", "gender": "male", "id": "2724091", "bio": "", "photo": {"prefix": "https://igx.4sqi.net/img/user/", "suffix": "/25ZV3TICAHS50JQA.jpg"}, "homeCity": "\u6749\u4e26\u533a", "lists": {"groups": [{"items": [], "count": 2, "type": "created"}]}}, {"tips": {"count": 2}, "contact": {"twitter": "sugarlighters", "facebook": "1634198152"}, "firstName": "Szemin", "gender": "female", "lastName": "Low", "id": "4689152", "bio": "Zhan Qi \ud83d\ude46\ud83d\udc96", "photo": {"prefix": "https://igx.4sqi.net/img/user/", "suffix": "/4689152-YHSXA1HNX35WTIKO.jpg"}, "homeCity": "Singapore", "lists": {"groups": [{"items": [], "count": 2, "type": "created"}]}}, {"tips": {"count": 0}, "contact": {"twitter": "qeraldd", "facebook": "562982157"}, "firstName": "Gerald", "gender": "male", "lastName": "Toh", "id": "2728314", "bio": "", "photo": {"prefix": "https://igx.4sqi.net/img/user/", "suffix": "/IH0EW0CANLLHRBW1.jpg"}, "homeCity": "Singapore", "lists": {"groups": [{"items": [], "count": 2, "type": "created"}]}}, {"tips": {"count": 1}, "contact": {"facebook": "10152960019589631"}, "firstName": "Phyllis", "gender": "female", "lastName": "Loy", "id": "5222897", "bio": "", "photo": {"prefix": "https://igx.4sqi.net/img/user/", "suffix": "/RPES01S5EVRSSW0G.jpg"}, "homeCity": "Singapore", "lists": {"groups": [{"items": [], "count": 2, "type": "created"}]}}, {"tips": {"count": 0}, "contact": {"twitter": "skyeraphael", "facebook": "746503051"}, "firstName": "Skye Raphael", "gender": "female", "lastName": "Lye", "id": "2786582", "bio": "", "photo": {"prefix": "https://igx.4sqi.net/img/user/", "suffix": "/Y54HAAZQ0DB0R0V4.jpg"}, "homeCity": "Singapore", "lists": {"groups": [{"items": [], "count": 2, "type": "created"}]}}, {"tips": {"count": 0}, "contact": {"twitter": "xiaojw88"}, "firstName": "Cloudiie", "gender": "female", "lastName": "Jiawen", "id": "5539408", "bio": "", "photo": {"prefix": "https://igx.4sqi.net/img/user/", "suffix": "/NV33GGYCGA02SKMY.jpg"}, "homeCity": "Singapore", "lists": {"groups": [{"items": [], "count": 2, "type": "created"}]}}, {"tips": {"count": 4}, "contact": {"twitter": "hai_ren", "facebook": "602806178"}, "firstName": "Ivan", "gender": "male", "lastName": "Kwan", "id": "2970654", "bio": "", "photo": {"prefix": "https://igx.4sqi.net/img/user/", "suffix": "/GG2SKBUI0CWUUOVS.jpg"}, "homeCity": "Singapore", "lists": {"groups": [{"items": [], "count": 2, "type": "created"}]}}, {"tips": {"count": 1}, "contact": {"twitter": "xfdp", "facebook": "1033413798"}, "firstName": "Xavier", "gender": "male", "lastName": "Foo", "id": "5877749", "bio": "", "photo": {"prefix": "https://igx.4sqi.net/img/user/", "suffix": "/5877749-YYC3TUYM3XNE4XPW.jpg"}, "homeCity": "Singapore", "lists": {"groups": [{"items": [], "count": 2, "type": "created"}]}}, {"tips": {"count": 8}, "contact": {"twitter": "itzmeyoseobie", "facebook": "452383208443486"}, "firstName": "Linus", "gender": "male", "lastName": "Min Seob", "id": "3008672", "bio": "", "photo": {"prefix": "https://igx.4sqi.net/img/user/", "suffix": "/3008672-UZXKCLSDOSQD0PBA.jpg"}, "homeCity": "Singapore", "lists": {"groups": [{"items": [], "count": 2, "type": "created"}]}}, {"tips": {"count": 2}, "contact": {"twitter": "rissaswantara", "facebook": "698944414"}, "firstName": "Clarissa", "gender": "female", "lastName": "Swantara", "id": "5884654", "bio": "", "photo": {"prefix": "https://igx.4sqi.net/img/user/", "suffix": "/P2SVI4A0JI1ZRW53.jpg"}, "homeCity": "Bali - Indonesia ", "lists": {"groups": [{"items": [], "count": 2, "type": "created"}]}}, {"tips": {"count": 3}, "contact": {"twitter": "furryphotos", "facebook": "10154430681532926"}, "firstName": "Nicholas", "gender": "male", "lastName": "Lee", "id": "3082143", "bio": "", "photo": {"prefix": "https://igx.4sqi.net/img/user/", "suffix": "/DOYF3GMRVNYZ3RGL.jpg"}, "homeCity": "Singapore", "lists": {"groups": [{"items": [], "count": 2, "type": "created"}]}}, {"tips": {"count": 0}, "contact": {"twitter": "eeeelynnnn", "facebook": "1467126015"}, "firstName": "Evelynnnn . \u263b", "gender": "female", "id": "5984616", "bio": "\u25b2\u25bd\u25b2\u25bd\u25b2\u25bd\u25b2\u25bd\u25b2\u25bd\u25b2\u25bd\u25b2\u25bd\u25b2\u25bd\u25b2\u25bd\u25b2\u25bd\u25b2\u25bd\u25b2\u25bd\u25b2\r\nFollow pls \ud83d\udc49 @littlesweettoothbakes", "photo": {"prefix": "https://igx.4sqi.net/img/user/", "suffix": "/5984616-PFRYUTOMUL4U1E5M.jpg"}, "homeCity": "Singapore", "lists": {"groups": [{"items": [], "count": 2, "type": "created"}]}}, {"tips": {"count": 6}, "contact": {"twitter": "misschattiebox"}, "firstName": "Priscilla", "gender": "female", "lastName": "Teo", "id": "3148834", "bio": "", "photo": {"prefix": "https://igx.4sqi.net/img/user/", "suffix": "/01I5V2EBUE3JC2PU.jpg"}, "homeCity": "Singapore", "lists": {"groups": [{"items": [], "count": 2, "type": "created"}]}}, {"tips": {"count": 1}, "contact": {"facebook": "679262368"}, "firstName": "Clara", "gender": "none", "lastName": "N", "id": "6044658", "bio": "", "photo": {"prefix": "https://igx.4sqi.net/img/user/", "suffix": "/NQHYUGC10AW1VJ0C.jpg"}, "homeCity": "Singapore", "lists": {"groups": [{"items": [], "count": 2, "type": "created"}]}}, {"tips": {"count": 0}, "contact": {}, "firstName": "Grace", "gender": "none", "lastName": "Lim", "id": "3191153", "bio": "", "photo": {"prefix": "https://igx.4sqi.net/img/user/", "suffix": "/blank_boy.png", "default": true}, "homeCity": "Singapore", "lists": {"groups": [{"items": [], "count": 2, "type": "created"}]}}, {"tips": {"count": 42}, "contact": {}, "firstName": "Chiyo", "gender": "female", "lastName": "Chan", "id": "6083439", "bio": "", "photo": {"prefix": "https://igx.4sqi.net/img/user/", "suffix": "/OQ2HWIZ33PGCZOKQ.jpg"}, "homeCity": "Singapore", "lists": {"groups": [{"items": [], "count": 2, "type": "created"}]}}, {"tips": {"count": 1}, "contact": {"twitter": "coppertane", "facebook": "566928682"}, "firstName": "Francis Mern Hau", "gender": "male", "lastName": "Tan", "id": "3253763", "bio": "", "photo": {"prefix": "https://igx.4sqi.net/img/user/", "suffix": "/1K1SPT2MZNNP3YFL.jpg"}, "homeCity": "Singapore", "lists": {"groups": [{"items": [], "count": 2, "type": "created"}]}}, {"tips": {"count": 0}, "contact": {"twitter": "clarindaong", "facebook": "534866114"}, "firstName": "Clarinda", "gender": "female", "lastName": "Ong", "id": "6147107", "bio": "", "photo": {"prefix": "https://igx.4sqi.net/img/user/", "suffix": "/6147107-NFCCLGGZYE10OHCN.jpg"}, "homeCity": "New York, NY", "lists": {"groups": [{"items": [], "count": 2, "type": "created"}]}}, {"tips": {"count": 3}, "contact": {"twitter": "mymytoh", "facebook": "584011002"}, "firstName": "Mymy", "gender": "female", "lastName": "Toh", "id": "3411682", "bio": "", "photo": {"prefix": "https://igx.4sqi.net/img/user/", "suffix": "/2RS2FGXCEHWJJSG1.jpg"}, "homeCity": "Singapore", "lists": {"groups": [{"items": [], "count": 2, "type": "created"}]}}, {"tips": {"count": 18}, "contact": {"twitter": "melissalim88"}, "firstName": "Melissa", "gender": "female", "lastName": "Lim", "id": "6355205", "bio": "", "photo": {"prefix": "https://igx.4sqi.net/img/user/", "suffix": "/31VUMAND5OAJQXCK.jpg"}, "homeCity": "Singapore", "lists": {"groups": [{"items": [], "count": 2, "type": "created"}]}}, {"tips": {"count": 0}, "contact": {}, "firstName": "Adam", "gender": "male", "lastName": "G", "id": "3568353", "bio": "", "photo": {"prefix": "https://igx.4sqi.net/img/user/", "suffix": "/YAB4K3LVIC2OENQP.jpg"}, "homeCity": "Basel, Switzerland", "lists": {"groups": [{"items": [], "count": 2, "type": "created"}]}}, {"tips": {"count": 1}, "contact": {"twitter": "joeyop", "facebook": "1091656824"}, "firstName": "Joey", "gender": "female", "lastName": "Chee", "id": "6384103", "bio": "", "photo": {"prefix": "https://igx.4sqi.net/img/user/", "suffix": "/DFLJV324NII5Y4UR.jpg"}, "homeCity": "Singapore", "lists": {"groups": [{"items": [], "count": 2, "type": "created"}]}}, {"tips": {"count": 1}, "contact": {"twitter": "xiaozhuzhu89"}, "firstName": "Xiao", "gender": "female", "lastName": "Zhu zhu", "id": "3610300", "bio": "I am so lovely to everyone who knw me.. and i will also change to a devil when thing change.. i will hang on to the end of my story.", "photo": {"prefix": "https://igx.4sqi.net/img/user/", "suffix": "/3610300-DGJOYLIKJUUZTC5F.jpg"}, "homeCity": "Singapore", "lists": {"groups": [{"items": [], "count": 2, "type": "created"}]}}, {"tips": {"count": 0}, "contact": {"facebook": "531443994"}, "firstName": "Jenn Yang", "gender": "male", "lastName": "Lim", "id": "6414169", "bio": "", "photo": {"prefix": "https://igx.4sqi.net/img/user/", "suffix": "/DVZ5L4QMTGOMGADR.jpg"}, "homeCity": "New York, NY", "lists": {"groups": [{"items": [], "count": 2, "type": "created"}]}}, {"tips": {"count": 0}, "contact": {"twitter": "ztiaoli"}, "firstName": "Tiaoli", "gender": "female", "lastName": "Toh", "id": "3686199", "bio": "", "photo": {"prefix": "https://igx.4sqi.net/img/user/", "suffix": "/BDJ4AJRJOCDIK5EG.jpg"}, "homeCity": "Singapore", "lists": {"groups": [{"items": [], "count": 2, "type": "created"}]}}, {"tips": {"count": 1}, "contact": {"twitter": "zgil29", "facebook": "690371484"}, "firstName": "Gillian", "gender": "female", "lastName": "Low", "id": "6483043", "bio": "", "photo": {"prefix": "https://igx.4sqi.net/img/user/", "suffix": "/JGTEG2FH2CCHVFFB.jpg"}, "homeCity": "Singapore", "lists": {"groups": [{"items": [], "count": 2, "type": "created"}]}}, {"tips": {"count": 1}, "contact": {"twitter": "jozkatzkatz", "facebook": "1045058472"}, "firstName": "Jozann", "gender": "female", "lastName": "Li", "id": "3984299", "bio": "", "photo": {"prefix": "https://igx.4sqi.net/img/user/", "suffix": "/3984299-5MLJYR5MVUNJQA2M.jpg"}, "homeCity": "Singapore", "lists": {"groups": [{"items": [], "count": 2, "type": "created"}]}}, {"tips": {"count": 10}, "contact": {"twitter": "a1vinch0w", "facebook": "100001189380048"}, "firstName": "Chow", "gender": "male", "lastName": "Hong Jie", "id": "4733579", "bio": "", "photo": {"prefix": "https://igx.4sqi.net/img/user/", "suffix": "/4733579-HFW0I1JDJ0YBEUS3.jpg"}, "homeCity": "Singapore", "lists": {"groups": [{"items": [], "count": 2, "type": "created"}]}}, {"tips": {"count": 0}, "contact": {"twitter": "carocarrots"}, "firstName": "Carolyn", "gender": "female", "lastName": "K", "id": "5130587", "bio": "", "photo": {"prefix": "https://igx.4sqi.net/img/user/", "suffix": "/P2T1CM3QSOWNOPBU.jpg"}, "homeCity": "Singapore", "lists": {"groups": [{"items": [], "count": 2, "type": "created"}]}}, {"tips": {"count": 5}, "contact": {"twitter": "poormond", "facebook": "510777937"}, "firstName": "Richmond", "gender": "male", "lastName": "Tan", "id": "5227594", "bio": "", "photo": {"prefix": "https://igx.4sqi.net/img/user/", "suffix": "/40Q0PTNKGC3FAEIC.jpg"}, "homeCity": "Singapore", "lists": {"groups": [{"items": [], "count": 2, "type": "created"}]}}, {"tips": {"count": 1}, "contact": {"facebook": "597582259"}, "firstName": "Justina", "gender": "female", "lastName": "Yang", "id": "5241640", "bio": "", "photo": {"prefix": "https://igx.4sqi.net/img/user/", "suffix": "/CM3RBDGPO3QUXSY4.jpg"}, "homeCity": "Singapore", "lists": {"groups": [{"items": [], "count": 2, "type": "created"}]}}, {"tips": {"count": 55}, "contact": {"facebook": "786804424"}, "firstName": "Lynn", "gender": "female", "lastName": "Dolphiny", "id": "5262418", "bio": "\ud83d\udc97A lways love like there's no tmr.. \ud83d\udc97", "photo": {"prefix": "https://igx.4sqi.net/img/user/", "suffix": "/X0B0SM14VL0AICXA.jpg"}, "homeCity": "Singapore", "lists": {"groups": [{"items": [], "count": 2, "type": "created"}]}}, {"tips": {"count": 0}, "contact": {"twitter": "_sanguinary", "facebook": "844834843"}, "firstName": "Sandy", "gender": "female", "lastName": "Lau", "id": "5654526", "bio": "", "photo": {"prefix": "https://igx.4sqi.net/img/user/", "suffix": "/BRIM4TVVHBZHFVZW.jpg"}, "homeCity": "Singapore", "lists": {"groups": [{"items": [], "count": 2, "type": "created"}]}}, {"tips": {"count": 2}, "contact": {"twitter": "v0kv0k", "facebook": "639760806"}, "firstName": "Titan", "gender": "male", "lastName": "Lim", "id": "5909655", "bio": "", "photo": {"prefix": "https://igx.4sqi.net/img/user/", "suffix": "/T2ZLAX3ROA0IGIH5.jpg"}, "homeCity": "Singapore", "lists": {"groups": [{"items": [], "count": 2, "type": "created"}]}}, {"tips": {"count": 0}, "contact": {"twitter": "joo_annaaa", "facebook": "701237997"}, "firstName": "Joanna", "gender": "female", "lastName": "Lim", "id": "6010259", "bio": "", "photo": {"prefix": "https://igx.4sqi.net/img/user/", "suffix": "/OPZQ5142SLEZALDP.jpg"}, "homeCity": "Singapore", "lists": {"groups": [{"items": [], "count": 2, "type": "created"}]}}, {"tips": {"count": 1}, "contact": {"twitter": "zalisthedj", "facebook": "690162955"}, "firstName": "Ryzal", "gender": "male", "lastName": "Ramone", "id": "6332983", "bio": "", "photo": {"prefix": "https://igx.4sqi.net/img/user/", "suffix": "/6332983-G4BD53QNU0XAXSZL.jpg"}, "homeCity": "Singapore", "lists": {"groups": [{"items": [], "count": 2, "type": "created"}]}}, {"tips": {"count": 0}, "contact": {"twitter": "septemberthirdd", "facebook": "1406722654"}, "firstName": "Sophina L", "gender": "female", "lastName": "Yang", "id": "6341312", "bio": "\" CHERISH \"", "photo": {"prefix": "https://igx.4sqi.net/img/user/", "suffix": "/6341312-USCAIL5PBF2YCLIK.jpg"}, "homeCity": "Singapore", "lists": {"groups": [{"items": [], "count": 2, "type": "created"}]}}, {"tips": {"count": 0}, "contact": {"twitter": "zforzach", "facebook": "646253851"}, "firstName": "Zachary", "gender": "male", "lastName": "Salvatore", "id": "8705981", "bio": "", "photo": {"prefix": "https://igx.4sqi.net/img/user/", "suffix": "/G3DEQQRSB1BRAL5D.jpg"}, "homeCity": "Singapore", "lists": {"groups": [{"items": [], "count": 2, "type": "created"}]}}], "count": 530}, "checksum": "9a4b6a30fe9348eb1961d3c3bbb9d8db46c1eabb"}, "meta": {"requestId": "5965c79df594df3c73a3767c", "code": 200}}