{"notifications": [{"type": "notificationTray", "item": {"unreadCount": 0}}], "response": {"friends": {"items": [{"tips": {"count": 12}, "contact": {"twitter": "brainopera", "facebook": "15709327"}, "firstName": "Kevin", "gender": "male", "lastName": "Lim", "id": "97714", "bio": "Cyberculturalist", "photo": {"prefix": "https://igx.4sqi.net/img/user/", "suffix": "/FTLB3F3XODCPEUTX.jpg"}, "homeCity": "singapore, Singapore", "lists": {"groups": [{"items": [], "count": 9, "type": "created"}]}}, {"tips": {"count": 3}, "contact": {"twitter": "c10n", "facebook": "718065084"}, "firstName": "Calvin", "gender": "male", "lastName": "Chin", "id": "1369956", "bio": "Cofounder of Transist, a social venture incubator\r\ntech + impact", "photo": {"prefix": "https://igx.4sqi.net/img/user/", "suffix": "/YHW1SRRWBJGUCHDA.jpg"}, "homeCity": "Shanghai", "lists": {"groups": [{"items": [], "count": 2, "type": "created"}]}}, {"tips": {"count": 0}, "contact": {"facebook": "10154275537570955"}, "firstName": "Sulin", "gender": "female", "lastName": "Chee", "id": "5683626", "bio": "", "photo": {"prefix": "https://igx.4sqi.net/img/user/", "suffix": "/53WPIG34RHWNHWBK.jpg"}, "homeCity": "Kuala Lumpur, Malaysia", "lists": {"groups": [{"items": [], "count": 2, "type": "created"}]}}, {"tips": {"count": 4}, "contact": {"facebook": "678587816"}, "firstName": "Maotai", "gender": "male", "id": "268702", "bio": "", "photo": {"prefix": "https://igx.4sqi.net/img/user/", "suffix": "/RHTICRVWDBWFHB0S.jpg"}, "homeCity": "Shanghai \u4e0a\u6d77\u5e02, China \u4e2d\u56fd", "lists": {"groups": [{"items": [], "count": 4, "type": "created"}]}}, {"tips": {"count": 4}, "contact": {"twitter": "rampok", "facebook": "534299587"}, "firstName": "Rama", "gender": "male", "lastName": "Mamuaya", "id": "417931", "bio": "", "photo": {"prefix": "https://igx.4sqi.net/img/user/", "suffix": "/A2BJD5UTPKDJCVRB.jpg"}, "homeCity": "Jakarta Selatan, DKI Jakarta", "lists": {"groups": [{"items": [], "count": 2, "type": "created"}]}}, {"tips": {"count": 84}, "contact": {"twitter": "crazymalaysian", "facebook": "212901290"}, "firstName": "Izuan", "gender": "male", "id": "358038", "bio": "", "photo": {"prefix": "https://igx.4sqi.net/img/user/", "suffix": "/358038-T3Q2OB4WCZ2UZSJU.jpg"}, "homeCity": "Subang Jaya, Selangor", "lists": {"groups": [{"items": [], "count": 4, "type": "created"}]}}, {"tips": {"count": 20}, "contact": {"twitter": "andytanamas", "facebook": "572918874"}, "firstName": "Andy", "gender": "male", "lastName": "Tanamas", "id": "528706", "bio": "", "photo": {"prefix": "https://igx.4sqi.net/img/user/", "suffix": "/528706-TFCP0ROGICMVSG0W.jpg"}, "homeCity": "Jakarta, Indonesia", "lists": {"groups": [{"items": [], "count": 2, "type": "created"}]}}, {"tips": {"count": 4}, "contact": {"twitter": "pronaz", "facebook": "614754166"}, "firstName": "Pronaz", "gender": "male", "id": "238406", "bio": "", "photo": {"prefix": "https://igx.4sqi.net/img/user/", "suffix": "/RJ5ZVH2INYCNJNJ0.jpg"}, "homeCity": "Petaling Jaya, Selangor", "lists": {"groups": [{"items": [], "count": 3, "type": "created"}]}}, {"tips": {"count": 3}, "contact": {"twitter": "peijinc", "facebook": "682964858"}, "firstName": "Peijin", "gender": "male", "lastName": "Chen", "id": "5496606", "bio": "", "photo": {"prefix": "https://igx.4sqi.net/img/user/", "suffix": "/5496606-ESTP3FQWFQ2SMYB4.jpg"}, "homeCity": "Brooklyn NY ", "lists": {"groups": [{"items": [], "count": 3, "type": "created"}]}}, {"tips": {"count": 0}, "contact": {"twitter": "ctchan", "facebook": "691810210"}, "firstName": "Chris", "gender": "male", "lastName": "Chandler", "id": "1858872", "bio": "", "photo": {"prefix": "https://igx.4sqi.net/img/user/", "suffix": "/S5FZ4HSPK3E0CI5R.jpg"}, "homeCity": "Singapore", "lists": {"groups": [{"items": [], "count": 3, "type": "created"}]}}, {"tips": {"count": 0}, "contact": {}, "firstName": "Mindii", "gender": "female", "lastName": "Chia", "id": "4027192", "bio": "", "photo": {"prefix": "https://igx.4sqi.net/img/user/", "suffix": "/blank_girl.png", "default": true}, "homeCity": "Singapore", "lists": {"groups": [{"items": [], "count": 2, "type": "created"}]}}, {"tips": {"count": 39}, "contact": {"twitter": "armccreight", "facebook": "43200941"}, "firstName": "Amanda Rose", "gender": "female", "id": "444039", "bio": "", "photo": {"prefix": "https://igx.4sqi.net/img/user/", "suffix": "/SR50EEUU1MBO0CES.jpg"}, "homeCity": "\u4e0a\u6d77\u5e02", "lists": {"groups": [{"items": [], "count": 2, "type": "created"}]}}, {"superuser": 1, "tips": {"count": 2}, "contact": {"twitter": "rochorbeancurd", "facebook": "1464051362"}, "firstName": "rochorbeancurd", "gender": "male", "lastName": "JasonKoh", "id": "186905", "bio": "", "photo": {"prefix": "https://igx.4sqi.net/img/user/", "suffix": "/M0CTH4TMJWCVNOAM.jpg"}, "homeCity": "Balestier, Singapore", "lists": {"groups": [{"items": [], "count": 2, "type": "created"}]}}, {"tips": {"count": 13}, "contact": {"twitter": "kegan", "facebook": "636869739"}, "firstName": "Kegan", "gender": "male", "lastName": "Gan", "id": "748833", "bio": "", "photo": {"prefix": "https://igx.4sqi.net/img/user/", "suffix": "/GUIUVG22DBDIX5CT.jpg"}, "homeCity": "Petaling Jaya, Selangor", "lists": {"groups": [{"items": [], "count": 2, "type": "created"}]}}, {"tips": {"count": 10}, "contact": {"twitter": "iamkelvinlee", "facebook": "10154159807388132"}, "firstName": "Kelvin", "gender": "male", "lastName": "Lee", "id": "92353", "bio": "", "photo": {"prefix": "https://igx.4sqi.net/img/user/", "suffix": "/92353-QG4OD10ELAKPNQNK.jpg"}, "homeCity": "London", "lists": {"groups": [{"items": [], "count": 2, "type": "created"}]}}, {"tips": {"count": 15}, "contact": {"facebook": "649757352"}, "firstName": "Tien wei", "gender": "male", "lastName": "Woon", "id": "591822", "bio": "", "photo": {"prefix": "https://igx.4sqi.net/img/user/", "suffix": "/G1M2MV1GYPHNOBW5.jpg"}, "homeCity": "Singapore", "lists": {"groups": [{"items": [], "count": 2, "type": "created"}]}}, {"tips": {"count": 10}, "contact": {"twitter": "jpaine", "facebook": "10104732716135755"}, "firstName": "Jeffrey", "gender": "male", "lastName": "Paine", "id": "52240", "bio": "", "photo": {"prefix": "https://igx.4sqi.net/img/user/", "suffix": "/blank_boy.png", "default": true}, "homeCity": "Singapore", "lists": {"groups": [{"items": [], "count": 3, "type": "created"}]}}, {"tips": {"count": 45}, "contact": {"twitter": "thomascrampton", "facebook": "648400869"}, "firstName": "Thomas", "gender": "male", "lastName": "Crampton", "id": "149098", "bio": "", "photo": {"prefix": "https://igx.4sqi.net/img/user/", "suffix": "/-1_1260338204071.jpg"}, "homeCity": "Dublin, Ireland", "lists": {"groups": [{"items": [], "count": 2, "type": "created"}]}}, {"tips": {"count": 32}, "contact": {"twitter": "anoirnan", "facebook": "544355014"}, "firstName": "Sue-Anne", "gender": "female", "lastName": "Chng", "id": "842827", "bio": "", "photo": {"prefix": "https://igx.4sqi.net/img/user/", "suffix": "/KOVD0D2WIECHRDOQ.jpg"}, "homeCity": "Singapore", "lists": {"groups": [{"items": [], "count": 2, "type": "created"}]}}, {"tips": {"count": 3}, "contact": {}, "firstName": "Paolo", "gender": "male", "lastName": "Delfino", "id": "226903", "bio": "", "photo": {"prefix": "https://igx.4sqi.net/img/user/", "suffix": "/HMNQZYZYQ4UOCCZZ.jpg"}, "homeCity": "Puchong, Selangor", "lists": {"groups": [{"items": [], "count": 2, "type": "created"}]}}, {"tips": {"count": 9}, "contact": {}, "firstName": "Kathia", "gender": "female", "id": "1126564", "bio": "", "photo": {"prefix": "https://igx.4sqi.net/img/user/", "suffix": "/MQSUJ112ZGA3I1HR.jpg"}, "homeCity": "London, UK", "lists": {"groups": [{"items": [], "count": 7, "type": "created"}]}}, {"tips": {"count": 0}, "contact": {}, "firstName": "xin", "gender": "male", "id": "98940", "bio": "", "photo": {"prefix": "https://igx.4sqi.net/img/user/", "suffix": "/-1_1258400249180.jpg"}, "homeCity": "New York, NY", "lists": {"groups": [{"items": [], "count": 2, "type": "created"}]}}, {"superuser": 1, "tips": {"count": 5}, "contact": {"twitter": "geraldang"}, "firstName": "Gerald", "gender": "none", "lastName": "Ang", "id": "274445", "bio": "", "photo": {"prefix": "https://igx.4sqi.net/img/user/", "suffix": "/274445-TGJ4XU5NHNFTZHEA.jpg"}, "homeCity": "", "lists": {"groups": [{"items": [], "count": 6, "type": "created"}]}}, {"tips": {"count": 6}, "contact": {}, "firstName": "Myra", "gender": "female", "lastName": "M", "id": "432723", "bio": "", "photo": {"prefix": "https://igx.4sqi.net/img/user/", "suffix": "/XLINF2KRCTTMI0KV.jpg"}, "homeCity": "Petaling Jaya, Malaysia", "lists": {"groups": [{"items": [], "count": 2, "type": "created"}]}}, {"tips": {"count": 4}, "contact": {"twitter": "rajasa", "facebook": "640432192"}, "firstName": "Aria", "gender": "male", "lastName": "Rajasa", "id": "363318", "bio": "", "photo": {"prefix": "https://igx.4sqi.net/img/user/", "suffix": "/FJ0WUIB1LGQKDP2I.jpg"}, "homeCity": "Jakarta", "lists": {"groups": [{"items": [], "count": 2, "type": "created"}]}}, {"tips": {"count": 1}, "contact": {"twitter": "premesh", "facebook": "630941753"}, "firstName": "Premesh", "gender": "male", "lastName": "Chandran", "id": "530481", "bio": "", "photo": {"prefix": "https://igx.4sqi.net/img/user/", "suffix": "/blank_boy.png", "default": true}, "homeCity": "Kuala Lumpur, Malaysia", "lists": {"groups": [{"items": [], "count": 2, "type": "created"}]}}, {"tips": {"count": 41}, "contact": {}, "firstName": "Yannick", "gender": "male", "lastName": "Boucher", "id": "245783", "bio": "", "photo": {"prefix": "https://igx.4sqi.net/img/user/", "suffix": "/040E1WSMOLA1SFOM.jpg"}, "homeCity": "Shanghai", "lists": {"groups": [{"items": [], "count": 4, "type": "created"}]}}, {"tips": {"count": 0}, "contact": {}, "firstName": "Jean", "gender": "female", "lastName": "Reiki", "id": "5506595", "bio": "", "photo": {"prefix": "https://igx.4sqi.net/img/user/", "suffix": "/GIYHWM14RJTGILR5.jpg"}, "homeCity": "New York, NY", "lists": {"groups": [{"items": [], "count": 2, "type": "created"}]}}, {"tips": {"count": 2}, "contact": {"twitter": "joashweecikai", "facebook": "768915745"}, "firstName": "Joash", "gender": "male", "lastName": "Wee", "id": "2764356", "bio": "", "photo": {"prefix": "https://igx.4sqi.net/img/user/", "suffix": "/AJMYJXNBG540R5MK.jpg"}, "homeCity": "Singapore", "lists": {"groups": [{"items": [], "count": 2, "type": "created"}]}}, {"tips": {"count": 0}, "contact": {}, "firstName": "ChatSq.com HKG", "gender": "female", "id": "2210477", "bio": "", "photo": {"prefix": "https://igx.4sqi.net/img/user/", "suffix": "/HWUWLT4DJEWDWX0G.png"}, "homeCity": "Hong Kong", "lists": {"groups": [{"items": [], "count": 2, "type": "created"}]}}, {"tips": {"count": 0}, "contact": {"twitter": "jasontai"}, "firstName": "Jason", "gender": "male", "id": "5359563", "bio": "", "photo": {"prefix": "https://igx.4sqi.net/img/user/", "suffix": "/FJTD1NNNUUVRGTLZ.jpg"}, "homeCity": "Austin, TX", "lists": {"groups": [{"items": [], "count": 2, "type": "created"}]}}, {"tips": {"count": 1}, "contact": {"twitter": "aen", "facebook": "570211067"}, "firstName": "Aen", "gender": "male", "lastName": "Tan", "id": "92944", "bio": "", "photo": {"prefix": "https://igx.4sqi.net/img/user/", "suffix": "/DE5FUODT0H2BRCXX.jpg"}, "homeCity": "Singapore", "lists": {"groups": [{"items": [], "count": 2, "type": "created"}]}}, {"tips": {"count": 11}, "contact": {"twitter": "nantheless", "facebook": "795355421"}, "firstName": "Hui Nan", "gender": "female", "lastName": "Lim", "id": "592319", "bio": "", "photo": {"prefix": "https://igx.4sqi.net/img/user/", "suffix": "/W4350V1LRGQKVUDE.jpg"}, "homeCity": "Singapore", "lists": {"groups": [{"items": [], "count": 2, "type": "created"}]}}, {"tips": {"count": 13}, "contact": {"twitter": "ben_israel", "facebook": "551356408"}, "firstName": "Ben Israel", "gender": "male", "superuser": 1, "id": "65829", "bio": "", "photo": {"prefix": "https://igx.4sqi.net/img/user/", "suffix": "/TA5AFO1QPCFMX2GB.jpg"}, "homeCity": "Singapore", "lists": {"groups": [{"items": [], "count": 3, "type": "created"}]}}, {"superuser": 2, "tips": {"count": 49}, "contact": {"twitter": "talk19", "facebook": "732241530"}, "firstName": "Howard", "gender": "male", "lastName": "Lo", "id": "156017", "bio": "", "photo": {"prefix": "https://igx.4sqi.net/img/user/", "suffix": "/NBDGK3R4OT4LCC4R.jpg"}, "homeCity": "Lake Mary, FL", "lists": {"groups": [{"items": [], "count": 7, "type": "created"}]}}, {"tips": {"count": 313}, "contact": {}, "firstName": "J", "gender": "female", "lastName": "Teo", "id": "849606", "bio": "Love art, nature and nice places.", "photo": {"prefix": "https://igx.4sqi.net/img/user/", "suffix": "/AXSVSRVWMFBOVQTL.jpg"}, "homeCity": "Singapore", "lists": {"groups": [{"items": [], "count": 11, "type": "created"}]}}, {"tips": {"count": 0}, "contact": {}, "firstName": "Pearlie", "gender": "female", "lastName": "Kee", "id": "2685625", "bio": "", "photo": {"prefix": "https://igx.4sqi.net/img/user/", "suffix": "/U5RCPSBS1HTTIZ3V.jpg"}, "homeCity": "Islington, UK", "lists": {"groups": [{"items": [], "count": 2, "type": "created"}]}}, {"superuser": 1, "tips": {"count": 15}, "contact": {"twitter": "iamjohnlai", "facebook": "1232008250"}, "firstName": "John", "gender": "male", "lastName": "Lai", "id": "102817", "bio": "", "photo": {"prefix": "https://igx.4sqi.net/img/user/", "suffix": "/4ZTBPQMV5IOM3BCK.jpg"}, "homeCity": "Auckland", "lists": {"groups": [{"items": [], "count": 2, "type": "created"}]}}, {"tips": {"count": 13}, "contact": {}, "firstName": "Yuri", "gender": "female", "lastName": "Lam", "id": "274528", "bio": "", "photo": {"prefix": "https://igx.4sqi.net/img/user/", "suffix": "/BDSMH13FVUKY2I3O.jpg"}, "homeCity": "Singapore", "lists": {"groups": [{"items": [], "count": 9, "type": "created"}]}}, {"tips": {"count": 0}, "contact": {"twitter": "groovygenie"}, "firstName": "Isman", "gender": "male", "lastName": "Tanuri", "id": "5583503", "bio": "", "photo": {"prefix": "https://igx.4sqi.net/img/user/", "suffix": "/NVUSBGGSX4CONKI5.jpg"}, "homeCity": "Singapore", "lists": {"groups": [{"items": [], "count": 2, "type": "created"}]}}, {"tips": {"count": 0}, "contact": {}, "firstName": "Hongyin", "gender": "female", "lastName": "Chua", "id": "2828760", "bio": "", "photo": {"prefix": "https://igx.4sqi.net/img/user/", "suffix": "/UHGQEXDFM3M5AORW.jpg"}, "homeCity": "Singapore", "lists": {"groups": [{"items": [], "count": 2, "type": "created"}]}}, {"tips": {"count": 61}, "contact": {"twitter": "wks79", "facebook": "551856330"}, "firstName": "K.S", "gender": "male", "lastName": "Wong", "id": "7619987", "bio": "", "photo": {"prefix": "https://igx.4sqi.net/img/user/", "suffix": "/FRQW15AODM5RZCTA.jpg"}, "homeCity": "Selangor, Malaysia", "lists": {"groups": [{"items": [], "count": 19, "type": "created"}]}}, {"tips": {"count": 12}, "contact": {"twitter": "nataliardianto", "facebook": "637323615"}, "firstName": "Natali", "gender": "male", "lastName": "Ardianto", "id": "334358", "bio": "Cereal Entrepreneur", "photo": {"prefix": "https://igx.4sqi.net/img/user/", "suffix": "/334358-POZM4K3AHA3YILHI.jpg"}, "homeCity": "jakarta, indonesia", "lists": {"groups": [{"items": [], "count": 4, "type": "created"}]}}, {"tips": {"count": 10}, "contact": {"twitter": "joetheman", "facebook": "578360707"}, "firstName": "Johann", "gender": "male", "lastName": "Annuar", "id": "696631", "bio": "", "photo": {"prefix": "https://igx.4sqi.net/img/user/", "suffix": "/JXRI3A3HLDRS41TW.jpg"}, "homeCity": "Kallang, Singapore", "lists": {"groups": [{"items": [], "count": 2, "type": "created"}]}}, {"superuser": 2, "tips": {"count": 236}, "contact": {"twitter": "bytebot", "facebook": "10153611298382621"}, "firstName": "Colin", "gender": "male", "lastName": "Charles", "id": "113161", "bio": "Businessman. Technologist. World Traveler. Am @bytebot on Twitter/Instagram", "photo": {"prefix": "https://igx.4sqi.net/img/user/", "suffix": "/-1_1258790748092.jpg"}, "homeCity": "Kuala Lumpur, Malaysia", "lists": {"groups": [{"items": [], "count": 23, "type": "created"}]}}, {"tips": {"count": 0}, "contact": {"twitter": "sagebrennan", "facebook": "2716567"}, "firstName": "Sage", "gender": "male", "lastName": "Brennan", "id": "822466", "bio": "", "photo": {"prefix": "https://igx.4sqi.net/img/user/", "suffix": "/VU20EHELE3BDV4FS.jpg"}, "homeCity": "Hermosa Beach, CA", "lists": {"groups": [{"items": [], "count": 2, "type": "created"}]}}, {"tips": {"count": 0}, "contact": {"twitter": "thebeemy"}, "firstName": "The Bee", "gender": "male", "id": "851110", "bio": "", "photo": {"prefix": "https://igx.4sqi.net/img/user/", "suffix": "/CFACC1XK0L5UKNXB.jpg"}, "homeCity": "Kuala Lumpur, Malaysia", "lists": {"groups": [{"items": [], "count": 2, "type": "created"}]}}, {"tips": {"count": 1}, "contact": {"facebook": "879020617"}, "firstName": "Derek", "gender": "male", "lastName": "Callow", "id": "4010915", "bio": "", "photo": {"prefix": "https://igx.4sqi.net/img/user/", "suffix": "/LPCPGNTSWCT5HCMY.jpg"}, "homeCity": "San Francisco, CA", "lists": {"groups": [{"items": [], "count": 2, "type": "created"}]}}, {"tips": {"count": 2}, "contact": {"twitter": "msittig", "facebook": "3501554"}, "firstName": "Micah", "gender": "male", "lastName": "Sittig", "id": "105498", "bio": "", "photo": {"prefix": "https://igx.4sqi.net/img/user/", "suffix": "/-1_1258677390063.jpg"}, "homeCity": "Shanghai, China", "lists": {"groups": [{"items": [], "count": 2, "type": "created"}]}}, {"tips": {"count": 18}, "contact": {"twitter": "andyvortexsg", "facebook": "575777026"}, "firstName": "Vortex", "gender": "male", "id": "275353", "bio": "", "photo": {"prefix": "https://igx.4sqi.net/img/user/", "suffix": "/UXREZDNZL4Z3WRF1.jpg"}, "homeCity": "London", "lists": {"groups": [{"items": [], "count": 6, "type": "created"}]}}, {"tips": {"count": 9}, "contact": {"twitter": "michaelcsm", "facebook": "10153002680910835"}, "firstName": "Michael", "gender": "male", "lastName": "Chen", "id": "5714470", "bio": "", "photo": {"prefix": "https://igx.4sqi.net/img/user/", "suffix": "/E5JK0S05YK3ZBMOZ.jpg"}, "homeCity": "Petaling Jaya, Malaysia", "lists": {"groups": [{"items": [], "count": 2, "type": "created"}]}}, {"tips": {"count": 1}, "contact": {"twitter": "caravandetta"}, "firstName": "Vanessa", "gender": "female", "lastName": "Chia", "id": "2954976", "bio": "", "photo": {"prefix": "https://igx.4sqi.net/img/user/", "suffix": "/ADFCD0LKYUQVCT1K.jpg"}, "homeCity": "Toronto, Canada", "lists": {"groups": [{"items": [], "count": 2, "type": "created"}]}}, {"tips": {"count": 7}, "contact": {"twitter": "juicyjuleswei", "facebook": "628680999"}, "firstName": "Jules", "gender": "female", "lastName": "Wei", "id": "377500", "bio": "", "photo": {"prefix": "https://igx.4sqi.net/img/user/", "suffix": "/C4TKZS3Y3RILQND1.jpg"}, "homeCity": "TPHCM", "lists": {"groups": [{"items": [], "count": 2, "type": "created"}]}}, {"tips": {"count": 16}, "contact": {}, "firstName": "Justin", "gender": "male", "lastName": "Tan", "id": "115764", "bio": "", "photo": {"prefix": "https://igx.4sqi.net/img/user/", "suffix": "/115764-V4GH3UHUHBSSBYIU.jpg"}, "homeCity": "Singapore", "lists": {"groups": [{"items": [], "count": 11, "type": "created"}]}}, {"tips": {"count": 0}, "contact": {"twitter": "pilotwarezhk", "facebook": "893125432"}, "firstName": "Michael", "gender": "male", "lastName": "Ng", "id": "1009692", "bio": "", "photo": {"prefix": "https://igx.4sqi.net/img/user/", "suffix": "/ETEQ2AOFAOL2BYQX.gif"}, "homeCity": "\u4e0a\u6d77\u5e02", "lists": {"groups": [{"items": [], "count": 2, "type": "created"}]}}, {"tips": {"count": 56}, "contact": {"twitter": "bilbaobab"}, "firstName": "Juliana", "gender": "female", "lastName": "Loh", "id": "5297405", "bio": "Food | Travel | Write\ud83d\udccdMacao Instagram :@bilbaobab www.chickenscrawlings.com", "photo": {"prefix": "https://igx.4sqi.net/img/user/", "suffix": "/5297405-2ZMNQDR1SFAKR2TQ.jpg"}, "homeCity": "Macao", "lists": {"groups": [{"items": [], "count": 9, "type": "created"}]}}, {"superuser": 1, "tips": {"count": 2}, "contact": {"twitter": "nikicheong", "facebook": "10154346392346729"}, "firstName": "Niki", "gender": "male", "lastName": "Cheong", "id": "105807", "bio": "", "photo": {"prefix": "https://igx.4sqi.net/img/user/", "suffix": "/105807_1258770641881.jpg"}, "homeCity": "Kuala Lumpur, Malaysia", "lists": {"groups": [{"items": [], "count": 2, "type": "created"}]}}, {"tips": {"count": 31}, "contact": {"twitter": "vixlew", "facebook": "764994492"}, "firstName": "Vix", "gender": "female", "id": "281050", "bio": "", "photo": {"prefix": "https://igx.4sqi.net/img/user/", "suffix": "/N4FY12PH5W22WYES.jpg"}, "homeCity": "Singapore", "lists": {"groups": [{"items": [], "count": 4, "type": "created"}]}}, {"tips": {"count": 0}, "contact": {"twitter": "earnchen", "facebook": "542160717"}, "firstName": "earn", "gender": "male", "lastName": "chen", "id": "5918301", "bio": "", "photo": {"prefix": "https://igx.4sqi.net/img/user/", "suffix": "/SRMFSNBRO2N13ZZN.jpg"}, "homeCity": "Singapore", "lists": {"groups": [{"items": [], "count": 2, "type": "created"}]}}, {"tips": {"count": 0}, "contact": {"twitter": "abanghazrul"}, "firstName": "Hazrul Azhar", "gender": "male", "lastName": "Jamari", "id": "5054645", "bio": "", "photo": {"prefix": "https://igx.4sqi.net/img/user/", "suffix": "/ALO5RV1JSCKVZQA1.jpg"}, "homeCity": "Singapore", "lists": {"groups": [{"items": [], "count": 2, "type": "created"}]}}, {"tips": {"count": 11}, "contact": {"twitter": "smallcaps", "facebook": "509752848"}, "firstName": "Jtkv", "gender": "male", "lastName": "Koh", "id": "777003", "bio": "", "photo": {"prefix": "https://igx.4sqi.net/img/user/", "suffix": "/HNIT43GC2TVQY5NY.jpg"}, "homeCity": "Singapore", "lists": {"groups": [{"items": [], "count": 2, "type": "created"}]}}, {"tips": {"count": 108}, "contact": {"twitter": "kzamri"}, "firstName": "KaZ", "gender": "male", "superuser": 2, "id": "120930", "bio": "", "photo": {"prefix": "https://igx.4sqi.net/img/user/", "suffix": "/120930_1259399209283.jpg"}, "homeCity": "Petaling Jaya, Selangor", "lists": {"groups": [{"items": [], "count": 5, "type": "created"}]}}, {"tips": {"count": 2}, "contact": {}, "firstName": "George", "gender": "male", "lastName": "Chen", "id": "1213334", "bio": "", "photo": {"prefix": "https://igx.4sqi.net/img/user/", "suffix": "/3BDE3TVK1YC0AXFD.jpg"}, "homeCity": "Hong Kong", "lists": {"groups": [{"items": [], "count": 2, "type": "created"}]}}, {"tips": {"count": 0}, "contact": {"twitter": "sarchan"}, "firstName": "Sarah", "gender": "none", "lastName": "Chan", "id": "6347508", "bio": "", "photo": {"prefix": "https://igx.4sqi.net/img/user/", "suffix": "/TAOAO4V1H4ISMU05.jpg"}, "homeCity": "Petaling Jaya, Malaysia", "lists": {"groups": [{"items": [], "count": 2, "type": "created"}]}}, {"superuser": 2, "tips": {"count": 27}, "contact": {"twitter": "spinzer", "facebook": "222400858"}, "firstName": "Christopher", "gender": "male", "lastName": "Tock", "id": "106830", "bio": "Live & breath Social Media at @SocialGrooves. Co-founded Young Corp Msia (@ycms) and EYE Project (@eyeproject). Malaysian. Prince of Shisha & Social Good.", "photo": {"prefix": "https://igx.4sqi.net/img/user/", "suffix": "/0HQ3BJRVBTUAI4G5.jpg"}, "homeCity": "Kuala Lumpur, Malaysia", "lists": {"groups": [{"items": [], "count": 3, "type": "created"}]}}, {"superuser": 2, "tips": {"count": 41}, "contact": {}, "firstName": "Matt", "gender": "male", "lastName": "M", "id": "281188", "bio": "British founder of ReignDesign and ReignGames for mobile apps and games.", "photo": {"prefix": "https://igx.4sqi.net/img/user/", "suffix": "/S1BFLFWFNRM3QL5J.jpg"}, "homeCity": "Shanghai, China", "lists": {"groups": [{"items": [], "count": 5, "type": "created"}]}}, {"tips": {"count": 0}, "contact": {}, "firstName": "Chef", "gender": "male", "lastName": "Jues", "id": "1511646", "bio": "", "photo": {"prefix": "https://igx.4sqi.net/img/user/", "suffix": "/BAU4FZNZOEQPEBQU.jpg"}, "homeCity": "Singapore", "lists": {"groups": [{"items": [], "count": 2, "type": "created"}]}}, {"tips": {"count": 0}, "contact": {"twitter": "lennel"}, "firstName": "lennel", "gender": "male", "lastName": "tan", "id": "121742", "bio": "", "photo": {"prefix": "https://igx.4sqi.net/img/user/", "suffix": "/121742-ST0M4QCHEBLOLUD5.jpg"}, "homeCity": "Singapore", "lists": {"groups": [{"items": [], "count": 2, "type": "created"}]}}, {"tips": {"count": 2}, "contact": {"twitter": "remco_l", "facebook": "1844934343"}, "firstName": "Remco", "gender": "male", "lastName": "Lupker", "id": "1637943", "bio": "", "photo": {"prefix": "https://igx.4sqi.net/img/user/", "suffix": "/1ZTA4TQWANFPAHFG.jpg"}, "homeCity": "Bali", "lists": {"groups": [{"items": [], "count": 2, "type": "created"}]}}, {"tips": {"count": 2}, "contact": {"twitter": "smckl"}, "firstName": "SMC", "gender": "none", "lastName": "Kuala Lumpur", "id": "107090", "bio": "", "photo": {"prefix": "https://igx.4sqi.net/img/user/", "suffix": "/-1_1258693172236.jpg"}, "homeCity": "Kuala Lumpur, Malaysia", "lists": {"groups": [{"items": [], "count": 2, "type": "created"}]}}, {"tips": {"count": 8}, "contact": {}, "firstName": "Fahmi", "gender": "male", "lastName": "Fadzil", "id": "1199886", "bio": "", "photo": {"prefix": "https://igx.4sqi.net/img/user/", "suffix": "/DOIPKNL1KSABKF2T.jpg"}, "homeCity": "\u6c5f\u6771\u533a, \u6771\u4eac\u90fd", "lists": {"groups": [{"items": [], "count": 2, "type": "created"}]}}, {"superuser": 1, "tips": {"count": 28}, "contact": {"twitter": "danielgoh", "facebook": "614426609"}, "firstName": "Daniel", "gender": "male", "lastName": "Goh", "id": "123928", "bio": "", "photo": {"prefix": "https://igx.4sqi.net/img/user/", "suffix": "/123928_1259123403796.jpg"}, "homeCity": "Singapore", "lists": {"groups": [{"items": [], "count": 2, "type": "created"}]}}, {"tips": {"count": 6}, "contact": {"twitter": "jonbuford", "facebook": "1158521726"}, "firstName": "Jon", "gender": "male", "lastName": "Buford", "id": "2534143", "bio": "", "photo": {"prefix": "https://igx.4sqi.net/img/user/", "suffix": "/RSYZHC3IMEMKGMWS.jpg"}, "homeCity": "Hong Kong", "lists": {"groups": [{"items": [], "count": 2, "type": "created"}]}}, {"superuser": 2, "tips": {"count": 17}, "contact": {"twitter": "mikefoong", "facebook": "509289967"}, "firstName": "Michael", "gender": "male", "lastName": "Foong", "id": "107438", "bio": "", "photo": {"prefix": "https://igx.4sqi.net/img/user/", "suffix": "/DYY04MGOU1CVVH14.jpg"}, "homeCity": "Singapore, 038986", "lists": {"groups": [{"items": [], "count": 8, "type": "created"}]}}, {"tips": {"count": 5}, "contact": {"twitter": "rageon09"}, "firstName": "Rayner", "gender": "male", "lastName": "Lim", "id": "7203182", "bio": "", "photo": {"prefix": "https://igx.4sqi.net/img/user/", "suffix": "/YJRK4FRZDVBKPZOH.jpg"}, "homeCity": "Unnamed Location", "lists": {"groups": [{"items": [], "count": 2, "type": "created"}]}}, {"tips": {"count": 121}, "contact": {}, "firstName": "Yu-Mei", "gender": "female", "superuser": 6, "id": "124056", "bio": "", "photo": {"prefix": "https://igx.4sqi.net/img/user/", "suffix": "/124056-QKNJDYHRIJYHFT33.jpg"}, "homeCity": "Singapore", "lists": {"groups": [{"items": [], "count": 7, "type": "created"}]}}, {"tips": {"count": 51}, "contact": {}, "firstName": "Liana", "gender": "female", "id": "3140753", "bio": "", "photo": {"prefix": "https://igx.4sqi.net/img/user/", "suffix": "/GACWXAIUARPBE45D.jpg"}, "homeCity": "Singapore", "lists": {"groups": [{"items": [], "count": 2, "type": "created"}]}}, {"superuser": 1, "tips": {"count": 7}, "contact": {"twitter": "m0t0chan", "facebook": "217458"}, "firstName": "James", "gender": "male", "lastName": "Chan", "id": "107560", "bio": "", "photo": {"prefix": "https://igx.4sqi.net/img/user/", "suffix": "/107560-52Q0Y5PGJYD3LVOY.jpg"}, "homeCity": "Changi, Singapore", "lists": {"groups": [{"items": [], "count": 2, "type": "created"}]}}, {"tips": {"count": 77}, "contact": {"twitter": "thebackpackr"}, "firstName": "TheBackpackr", "gender": "male", "id": "124304", "bio": "", "photo": {"prefix": "https://igx.4sqi.net/img/user/", "suffix": "/124304_1259139981025.gif"}, "homeCity": "Selangor, Malaysia", "lists": {"groups": [{"items": [], "count": 2, "type": "created"}]}}, {"tips": {"count": 0}, "contact": {}, "firstName": "Fauzan", "gender": "male", "id": "3468399", "bio": "", "photo": {"prefix": "https://igx.4sqi.net/img/user/", "suffix": "/1UNMG2SLCZCKM5ZB.jpg"}, "homeCity": "Singapore", "lists": {"groups": [{"items": [], "count": 2, "type": "created"}]}}, {"tips": {"count": 5}, "contact": {"twitter": "jarrold"}, "firstName": "Jarrold", "gender": "male", "lastName": "Ong", "id": "107705", "bio": "", "photo": {"prefix": "https://igx.4sqi.net/img/user/", "suffix": "/4HIX5JD2TUNZO4PL.jpg"}, "homeCity": "Singapore, ", "lists": {"groups": [{"items": [], "count": 2, "type": "created"}]}}, {"tips": {"count": 0}, "contact": {"twitter": "wurh"}, "firstName": "Ci'en", "gender": "female", "lastName": "Xu", "id": "126546", "bio": "", "photo": {"prefix": "https://igx.4sqi.net/img/user/", "suffix": "/blank_girl.png", "default": true}, "homeCity": "Singapore", "lists": {"groups": [{"items": [], "count": 2, "type": "created"}]}}, {"superuser": 1, "tips": {"count": 22}, "contact": {"twitter": "zhiq", "facebook": "750716662"}, "firstName": "Lim", "gender": "male", "lastName": "Yung-Hui", "id": "107887", "bio": "", "photo": {"prefix": "https://igx.4sqi.net/img/user/", "suffix": "/GIOMMOSLMNQR5BW5.jpg"}, "homeCity": "Kuala Lumpur, Malaysia", "lists": {"groups": [{"items": [], "count": 3, "type": "created"}]}}, {"tips": {"count": 3}, "contact": {"twitter": "johnlim", "facebook": "707316846"}, "firstName": "John", "gender": "male", "lastName": "Lim", "id": "127745", "bio": "", "photo": {"prefix": "https://igx.4sqi.net/img/user/", "suffix": "/-1_1259292136251.jpg"}, "homeCity": "Kuala Lumpur, Malaysia", "lists": {"groups": [{"items": [], "count": 2, "type": "created"}]}}, {"superuser": 2, "tips": {"count": 10}, "contact": {"twitter": "bradpollard", "facebook": "631665604"}, "firstName": "Brad", "gender": "male", "lastName": "Pollard", "id": "108111", "bio": "", "photo": {"prefix": "https://igx.4sqi.net/img/user/", "suffix": "/108111_1259142336267.png"}, "homeCity": "Sydney, Australia", "lists": {"groups": [{"items": [], "count": 2, "type": "created"}]}}, {"superuser": 1, "tips": {"count": 10}, "contact": {"twitter": "melvincwh", "facebook": "516840247"}, "firstName": "Melvin", "gender": "male", "lastName": "Chan", "id": "127764", "bio": "", "photo": {"prefix": "https://igx.4sqi.net/img/user/", "suffix": "/DHQPAWCFEGSOLXWY.jpg"}, "homeCity": "Kuala Lumpur, Malaysia", "lists": {"groups": [{"items": [], "count": 2, "type": "created"}]}}, {"tips": {"count": 27}, "contact": {}, "firstName": "sm7catscan", "gender": "female", "id": "108184", "bio": "", "photo": {"prefix": "https://igx.4sqi.net/img/user/", "suffix": "/F4NI3KBLTW5TFTFI.jpg"}, "homeCity": "Singapore", "lists": {"groups": [{"items": [], "count": 2, "type": "created"}]}}, {"tips": {"count": 50}, "contact": {"twitter": "daphnemaia", "facebook": "590335708"}, "firstName": "Daphne Maia", "gender": "female", "lastName": "Loo", "id": "129416", "bio": "Coffee \u2022 Powerlifting \u2022 @fortitudegym \u2022 \r\nDigital Marketing \u2022 Writer \u2022 Introvert \u2022", "photo": {"prefix": "https://igx.4sqi.net/img/user/", "suffix": "/129416-CE2O03KIZRMARIQW.jpg"}, "homeCity": "Singapore", "lists": {"groups": [{"items": [], "count": 6, "type": "created"}]}}, {"tips": {"count": 1}, "contact": {"twitter": "benkoe", "facebook": "710820410"}, "firstName": "Benjamin", "gender": "male", "lastName": "Koe", "id": "108471", "bio": "", "photo": {"prefix": "https://igx.4sqi.net/img/user/", "suffix": "/20NIUNAU22WLVN1P.jpg"}, "homeCity": "Singapore", "lists": {"groups": [{"items": [], "count": 2, "type": "created"}]}}, {"superuser": 1, "tips": {"count": 125}, "contact": {"twitter": "vernieman", "facebook": "772240240"}, "firstName": "Vernon", "gender": "male", "lastName": "Chan", "id": "131375", "bio": "", "photo": {"prefix": "https://igx.4sqi.net/img/user/", "suffix": "/131375_1259507032056.jpg"}, "homeCity": "Kuala Lumpur", "lists": {"groups": [{"items": [], "count": 20, "type": "created"}]}}, {"tips": {"count": 31}, "contact": {}, "firstName": "JC", "gender": "none", "lastName": "Eskimo", "id": "109103", "bio": "", "photo": {"prefix": "https://igx.4sqi.net/img/user/", "suffix": "/PY3BPSG1G0WCFFXG.jpg"}, "homeCity": "Singapore", "lists": {"groups": [{"items": [], "count": 3, "type": "created"}]}}, {"tips": {"count": 0}, "contact": {"twitter": "serkantoto"}, "firstName": "Serkan", "gender": "male", "lastName": "Toto", "id": "132138", "bio": "", "photo": {"prefix": "https://igx.4sqi.net/img/user/", "suffix": "/BUJH4GJABTGIHPSP.jpg"}, "homeCity": "\u6e2f\u533a, \u6771\u4eac\u90fd", "lists": {"groups": [{"items": [], "count": 2, "type": "created"}]}}, {"superuser": 1, "tips": {"count": 6}, "contact": {"facebook": "737875500"}, "firstName": "Yan", "gender": "none", "lastName": "Phun", "id": "109204", "bio": "", "photo": {"prefix": "https://igx.4sqi.net/img/user/", "suffix": "/UZS1Q5NTTWBREKRU.jpg"}, "homeCity": "Singapore", "lists": {"groups": [{"items": [], "count": 2, "type": "created"}]}}, {"superuser": 2, "tips": {"count": 86}, "contact": {}, "firstName": "Delicia", "gender": "female", "lastName": "Tan-Seet", "id": "133468", "bio": "", "photo": {"prefix": "https://igx.4sqi.net/img/user/", "suffix": "/SQ4UN5SGDJDR11XA.jpg"}, "homeCity": "Singapore", "lists": {"groups": [{"items": [], "count": 6, "type": "created"}]}}, {"superuser": 2, "tips": {"count": 36}, "contact": {"twitter": "cerventus", "facebook": "510442171"}, "firstName": "Daniel", "gender": "male", "lastName": "Cerventus", "id": "112187", "bio": "", "photo": {"prefix": "https://igx.4sqi.net/img/user/", "suffix": "/2BZEELUERDHAPLMG.png"}, "homeCity": "Petaling Jaya, Selangor", "lists": {"groups": [{"items": [], "count": 3, "type": "created"}]}}, {"tips": {"count": 2}, "contact": {"twitter": "jfxberns", "facebook": "507611788"}, "firstName": "John", "gender": "male", "lastName": "Berns", "id": "135074", "bio": "Solutions Architect for MapR APAC.  Co-founder BigData.SG and Hadoop.SG.  Beer drinker.", "photo": {"prefix": "https://igx.4sqi.net/img/user/", "suffix": "/T5PONJMAYLRZNCOC.jpg"}, "homeCity": "Singapore", "lists": {"groups": [{"items": [], "count": 2, "type": "created"}]}}, {"tips": {"count": 19}, "contact": {"twitter": "lucian"}, "firstName": "Lucian", "gender": "male", "lastName": "Teo", "id": "112245", "bio": "", "photo": {"prefix": "https://igx.4sqi.net/img/user/", "suffix": "/112245_1259133849630.jpg"}, "homeCity": "Singapore", "lists": {"groups": [{"items": [], "count": 2, "type": "created"}]}}, {"tips": {"count": 2}, "contact": {"twitter": "mohdshukri", "facebook": "726718950"}, "firstName": "mohdshukri", "gender": "male", "lastName": "ismail", "id": "135404", "bio": "", "photo": {"prefix": "https://igx.4sqi.net/img/user/", "suffix": "/blank_boy.png", "default": true}, "homeCity": "Kuala Lumpur, Malaysia", "lists": {"groups": [{"items": [], "count": 2, "type": "created"}]}}, {"tips": {"count": 16}, "contact": {"twitter": "theliuyan", "facebook": "664314384"}, "firstName": "theliuyan", "gender": "female", "id": "500324", "bio": "", "photo": {"prefix": "https://igx.4sqi.net/img/user/", "suffix": "/500324-TPDFGO42FEZ0EHHY.jpg"}, "homeCity": "\u4e0a\u6d77\u5e02, \u4e2d\u56fd", "lists": {"groups": [{"items": [], "count": 3, "type": "created"}]}}, {"tips": {"count": 27}, "contact": {"twitter": "junde", "facebook": "609500233"}, "firstName": "Junde", "gender": "male", "lastName": "Yu", "id": "139281", "bio": "", "photo": {"prefix": "https://igx.4sqi.net/img/user/", "suffix": "/-1_1259852933309.jpg"}, "homeCity": "Shanghai, China", "lists": {"groups": [{"items": [], "count": 2, "type": "created"}]}}, {"tips": {"count": 0}, "contact": {}, "firstName": "Claudia", "gender": "female", "lastName": "Low", "id": "511000", "bio": "", "photo": {"prefix": "https://igx.4sqi.net/img/user/", "suffix": "/L5YGFLQ40BHBU5MS.jpg"}, "homeCity": "Kuala Lumpur, Malaysia", "lists": {"groups": [{"items": [], "count": 2, "type": "created"}]}}, {"tips": {"count": 27}, "contact": {"twitter": "dtshirtdude", "facebook": "603918161"}, "firstName": "Ija", "gender": "male", "lastName": "Mohan", "id": "140547", "bio": "Work hard, play harder!", "photo": {"prefix": "https://igx.4sqi.net/img/user/", "suffix": "/140547-IUZYHEWEKWV1ZPMB.jpg"}, "homeCity": "Petaling Jaya, Malaysia", "lists": {"groups": [{"items": [], "count": 2, "type": "created"}]}}, {"tips": {"count": 53}, "contact": {"twitter": "gourmandisee", "facebook": "751843361"}, "firstName": "Gerardo", "gender": "male", "lastName": "Casamiquela", "id": "1041447", "bio": "", "photo": {"prefix": "https://igx.4sqi.net/img/user/", "suffix": "/3UHXOQFEIC2Y5HEJ.jpg"}, "homeCity": "Barcelona", "lists": {"groups": [{"items": [], "count": 9, "type": "created"}]}}, {"tips": {"count": 2}, "contact": {"twitter": "birbiru", "facebook": "920632"}, "firstName": "Adrian", "gender": "male", "lastName": "Yap", "id": "145285", "bio": "", "photo": {"prefix": "https://igx.4sqi.net/img/user/", "suffix": "/blank_boy.png", "default": true}, "homeCity": "Kota Damansara, Malaysia", "lists": {"groups": [{"items": [], "count": 2, "type": "created"}]}}, {"tips": {"count": 0}, "contact": {"facebook": "100000781633558"}, "firstName": "Teochew Muay", "gender": "female", "lastName": "\u6f6e\u5dde\u59b9", "id": "1296750", "bio": "", "photo": {"prefix": "https://igx.4sqi.net/img/user/", "suffix": "/ATWMTYVY5UV35HBE.jpg"}, "homeCity": "Singapore", "lists": {"groups": [{"items": [], "count": 2, "type": "created"}]}}, {"tips": {"count": 17}, "contact": {"twitter": "evilickle", "facebook": "5901610"}, "firstName": "Jia-Wei", "gender": "female", "lastName": "Loo", "id": "145861", "bio": "", "photo": {"prefix": "https://igx.4sqi.net/img/user/", "suffix": "/145861-XX2BZNW3HYJC4PWT.jpg"}, "homeCity": "Kuala Lumpur + Beyond", "lists": {"groups": [{"items": [], "count": 7, "type": "created"}]}}, {"tips": {"count": 5}, "contact": {"twitter": "mediumshawn", "facebook": "10152949808028692"}, "firstName": "Shawn", "gender": "male", "lastName": "Lim", "id": "146182", "bio": "", "photo": {"prefix": "https://igx.4sqi.net/img/user/", "suffix": "/J5NLKDIR23KUZDNT.jpg"}, "homeCity": "Singapore", "lists": {"groups": [{"items": [], "count": 2, "type": "created"}]}}, {"tips": {"count": 9}, "contact": {}, "firstName": "David", "gender": "male", "lastName": "Chieng", "id": "475837", "bio": "", "photo": {"prefix": "https://igx.4sqi.net/img/user/", "suffix": "/VMEFRG0MPEXXLLN0.jpg"}, "homeCity": "Singapore", "lists": {"groups": [{"items": [], "count": 2, "type": "created"}]}}, {"tips": {"count": 14}, "contact": {"twitter": "deliriumuk"}, "firstName": "Matt", "gender": "male", "lastName": "Armitage", "id": "476329", "bio": "", "photo": {"prefix": "https://igx.4sqi.net/img/user/", "suffix": "/RR44ORM0NKAWV04W.jpg"}, "homeCity": "Putrajaya", "lists": {"groups": [{"items": [], "count": 2, "type": "created"}]}}, {"tips": {"count": 19}, "contact": {"twitter": "bennimaru", "facebook": "698568845"}, "firstName": "Benn", "gender": "male", "lastName": "De Silva", "id": "476514", "bio": "", "photo": {"prefix": "https://igx.4sqi.net/img/user/", "suffix": "/CJX4AT3QTFYGEHH5.jpg"}, "homeCity": "Kuala Lumpur, WP Kuala Lumpur", "lists": {"groups": [{"items": [], "count": 2, "type": "created"}]}}, {"tips": {"count": 0}, "contact": {"twitter": "rsmeith", "facebook": "553695242"}, "firstName": "Joey", "gender": "male", "lastName": "Gu", "id": "538830", "bio": "", "photo": {"prefix": "https://igx.4sqi.net/img/user/", "suffix": "/YNZ51XHFBZJ5NFPL.jpg"}, "homeCity": "Shanghai, China", "lists": {"groups": [{"items": [], "count": 2, "type": "created"}]}}, {"tips": {"count": 6}, "contact": {"twitter": "rafidean", "facebook": "10153432131992163"}, "firstName": "Rafi", "gender": "male", "lastName": "Dean", "id": "550586", "bio": "", "photo": {"prefix": "https://igx.4sqi.net/img/user/", "suffix": "/550586-HCDNMYOLOJEE5UO1"}, "homeCity": "Singapore", "lists": {"groups": [{"items": [], "count": 6, "type": "created"}]}}, {"tips": {"count": 29}, "contact": {"twitter": "hieutrtran", "facebook": "629125255"}, "firstName": "Hieu", "gender": "male", "lastName": "Tran", "id": "1462371", "bio": "", "photo": {"prefix": "https://igx.4sqi.net/img/user/", "suffix": "/A5GAYEJDMIK4VQEL.jpg"}, "homeCity": "Singapore", "lists": {"groups": [{"items": [], "count": 3, "type": "created"}]}}, {"tips": {"count": 26}, "contact": {}, "firstName": "David", "gender": "male", "lastName": "C.", "id": "8319219", "bio": "", "photo": {"prefix": "https://igx.4sqi.net/img/user/", "suffix": "/XEGOHGELDOF4AFKS.jpg"}, "homeCity": "Kuala Lumpur, Malaysia", "lists": {"groups": [{"items": [], "count": 4, "type": "created"}]}}], "count": 214}, "checksum": "c84d6d89ad5278a453a1cfa514f27856cb5a4cc2"}, "meta": {"requestId": "5965c1fb1ed21919f8f316aa", "code": 200}}