{"notifications": [{"type": "notificationTray", "item": {"unreadCount": 0}}], "response": {"friends": {"items": [{"tips": {"count": 2}, "contact": {"twitter": "guanjie893"}, "firstName": "Guanjie", "gender": "male", "lastName": "893", "id": "1494872", "bio": "", "photo": {"prefix": "https://igx.4sqi.net/img/user/", "suffix": "/W4MXZOEOROSHQSJL.jpg"}, "homeCity": "Singapore", "lists": {"groups": [{"items": [], "count": 2, "type": "created"}]}}, {"tips": {"count": 0}, "contact": {"facebook": "100000582194960"}, "firstName": "Zouzy", "gender": "male", "lastName": "Alam", "id": "1101222", "bio": "", "photo": {"prefix": "https://igx.4sqi.net/img/user/", "suffix": "/CJE5QL30ZOJ0NJNB.jpg"}, "homeCity": "Singapore", "lists": {"groups": [{"items": [], "count": 2, "type": "created"}]}}, {"tips": {"count": 0}, "contact": {"facebook": "566830648"}, "firstName": "Darren", "gender": "male", "lastName": "Toh", "id": "68582975", "bio": "", "photo": {"prefix": "https://igx.4sqi.net/img/user/", "suffix": "/NYJRKFU3OENZ5ULB.jpg"}, "homeCity": "Singapore", "lists": {"groups": [{"items": [], "count": 2, "type": "created"}]}}, {"tips": {"count": 0}, "contact": {"facebook": "679739083"}, "firstName": "Dyaz", "gender": "female", "lastName": "Adyla", "id": "4333508", "bio": "", "photo": {"prefix": "https://igx.4sqi.net/img/user/", "suffix": "/FEEGYRSUN4FRG3HD.jpg"}, "homeCity": "Singapore", "lists": {"groups": [{"items": [], "count": 2, "type": "created"}]}}, {"tips": {"count": 0}, "contact": {"twitter": "bellenigma"}, "firstName": "Syaza", "gender": "female", "id": "1190823", "bio": "", "photo": {"prefix": "https://igx.4sqi.net/img/user/", "suffix": "/blank_girl.png", "default": true}, "homeCity": "Pasir Ris, Singapore", "lists": {"groups": [{"items": [], "count": 2, "type": "created"}]}}, {"tips": {"count": 0}, "contact": {"facebook": "698312906"}, "firstName": "Syam", "gender": "male", "lastName": "Newa", "id": "36893472", "bio": "", "photo": {"prefix": "https://igx.4sqi.net/img/user/", "suffix": "/ZARDUBOR3SIDLZHV.jpg"}, "homeCity": "Singapore", "lists": {"groups": [{"items": [], "count": 2, "type": "created"}]}}, {"tips": {"count": 12}, "contact": {"facebook": "100000366182326"}, "firstName": "sathiamoorthy", "gender": "male", "lastName": "krishnan", "id": "368363", "bio": "", "photo": {"prefix": "https://igx.4sqi.net/img/user/", "suffix": "/5WQXX1DXXEURIYVK.jpg"}, "homeCity": "Singapore", "lists": {"groups": [{"items": [], "count": 3, "type": "created"}]}}, {"tips": {"count": 0}, "contact": {}, "firstName": "Nanadali", "gender": "female", "id": "4248070", "bio": "", "photo": {"prefix": "https://igx.4sqi.net/img/user/", "suffix": "/CF34IWHVR3R1SAYF.jpg"}, "homeCity": "Singapore", "lists": {"groups": [{"items": [], "count": 2, "type": "created"}]}}, {"tips": {"count": 5}, "contact": {"twitter": "husizie"}, "firstName": "Husaini", "gender": "male", "lastName": "Izie", "id": "1351781", "bio": "", "photo": {"prefix": "https://igx.4sqi.net/img/user/", "suffix": "/0LW14NBE0R3ERRP4.jpg"}, "homeCity": "Singapore", "lists": {"groups": [{"items": [], "count": 2, "type": "created"}]}}, {"tips": {"count": 51}, "contact": {"twitter": "dinxcarin", "facebook": "555130790"}, "firstName": "Dinx", "gender": "female", "lastName": "Carin", "id": "528857", "bio": "", "photo": {"prefix": "https://igx.4sqi.net/img/user/", "suffix": "/35SVIOFMETDZXBZS.jpg"}, "homeCity": "Singapore", "lists": {"groups": [{"items": [], "count": 2, "type": "created"}]}}, {"tips": {"count": 22}, "contact": {"twitter": "miyagi", "facebook": "595622587"}, "firstName": "Benjamin", "gender": "male", "lastName": "Lee", "id": "254627", "bio": "", "photo": {"prefix": "https://igx.4sqi.net/img/user/", "suffix": "/2KUKTSRVV4HF1KF4.jpg"}, "homeCity": "Singapore", "lists": {"groups": [{"items": [], "count": 2, "type": "created"}]}}, {"tips": {"count": 0}, "contact": {}, "firstName": "Wei Ping", "gender": "male", "lastName": "Chong", "id": "5500282", "bio": "", "photo": {"prefix": "https://igx.4sqi.net/img/user/", "suffix": "/EFJG4OZJNGZ1510Q.jpg"}, "homeCity": "Singapore", "lists": {"groups": [{"items": [], "count": 2, "type": "created"}]}}, {"tips": {"count": 0}, "contact": {}, "firstName": "Sab", "gender": "female", "lastName": "Noordin", "id": "1794714", "bio": "", "photo": {"prefix": "https://igx.4sqi.net/img/user/", "suffix": "/UPANCFELAHEMBS0X.jpg"}, "homeCity": "Singapore", "lists": {"groups": [{"items": [], "count": 2, "type": "created"}]}}, {"tips": {"count": 1}, "contact": {"twitter": "reyar", "facebook": "657495436"}, "firstName": "Ray", "gender": "male", "lastName": "Tan", "id": "659858", "bio": "", "photo": {"prefix": "https://igx.4sqi.net/img/user/", "suffix": "/LPJJGKMIBODW1S4G.jpg"}, "homeCity": "Singapore, SG", "lists": {"groups": [{"items": [], "count": 2, "type": "created"}]}}, {"tips": {"count": 2}, "contact": {"twitter": "ian_mckee", "facebook": "655497745"}, "firstName": "Ian", "gender": "male", "lastName": "McKee", "id": "447627", "bio": "", "photo": {"prefix": "https://igx.4sqi.net/img/user/", "suffix": "/X5SVDKTX1VU4AAUK.jpg"}, "homeCity": "Singapore", "lists": {"groups": [{"items": [], "count": 2, "type": "created"}]}}, {"tips": {"count": 5}, "contact": {"twitter": "floraiyeo", "facebook": "756428021"}, "firstName": "Flora", "gender": "female", "lastName": "Yeo", "id": "194710", "bio": "", "photo": {"prefix": "https://igx.4sqi.net/img/user/", "suffix": "/ACJJTHM03UK4LEKD.jpg"}, "homeCity": "Singapore", "lists": {"groups": [{"items": [], "count": 2, "type": "created"}]}}, {"tips": {"count": 0}, "contact": {"facebook": "687407574"}, "firstName": "Adlisa", "gender": "female", "lastName": "Abdullah", "id": "3478041", "bio": "", "photo": {"prefix": "https://igx.4sqi.net/img/user/", "suffix": "/EAXVSAW0WYPBH0WC.jpg"}, "homeCity": "Singapore", "lists": {"groups": [{"items": [], "count": 2, "type": "created"}]}}, {"tips": {"count": 0}, "contact": {"twitter": "omgzam", "facebook": "598679711"}, "firstName": "Hairunizam", "gender": "male", "lastName": "Abdul Radir", "id": "741664", "bio": "", "photo": {"prefix": "https://igx.4sqi.net/img/user/", "suffix": "/4SHONJF2MHJ3UQER.jpg"}, "homeCity": "Singapore", "lists": {"groups": [{"items": [], "count": 2, "type": "created"}]}}, {"tips": {"count": 0}, "contact": {}, "firstName": "Muhammad shakir", "gender": "male", "lastName": "Sianturi", "id": "3816086", "bio": "", "photo": {"prefix": "https://igx.4sqi.net/img/user/", "suffix": "/CJXD0WYWT0UX3KLF.jpg"}, "homeCity": "Singapore", "lists": {"groups": [{"items": [], "count": 2, "type": "created"}]}}, {"tips": {"count": 2}, "contact": {"twitter": "lynleesays"}, "firstName": "Lynette", "gender": "female", "id": "540498", "bio": "", "photo": {"prefix": "https://igx.4sqi.net/img/user/", "suffix": "/CJWYNSEDFNF5R44V.jpg"}, "homeCity": "Singapore", "lists": {"groups": [{"items": [], "count": 2, "type": "created"}]}}, {"tips": {"count": 3}, "contact": {"twitter": "marcthom", "facebook": "835055458"}, "firstName": "marc", "gender": "male", "lastName": "thom", "id": "157199", "bio": "", "photo": {"prefix": "https://igx.4sqi.net/img/user/", "suffix": "/157199-K14IEBUDT325CIXU.jpg"}, "homeCity": "Australia / New Zealand", "lists": {"groups": [{"items": [], "count": 3, "type": "created"}]}}, {"tips": {"count": 0}, "contact": {"twitter": "rizalabdulkarim", "facebook": "100004012851838"}, "firstName": "Rizal Abdul Karim", "gender": "male", "id": "975751", "bio": "", "photo": {"prefix": "https://igx.4sqi.net/img/user/", "suffix": "/DDJ24BKNTF4UJR3A.jpg"}, "homeCity": "Bedok, Singapore", "lists": {"groups": [{"items": [], "count": 2, "type": "created"}]}}, {"tips": {"count": 0}, "contact": {"twitter": "zushan1or8dj"}, "firstName": "Zushan", "gender": "male", "lastName": "Benny", "id": "2442311", "bio": "", "photo": {"prefix": "https://igx.4sqi.net/img/user/", "suffix": "/2TVGACWDRHISGA1Y.jpg"}, "homeCity": "Singapore", "lists": {"groups": [{"items": [], "count": 2, "type": "created"}]}}, {"tips": {"count": 4}, "contact": {"twitter": "sabrinamhd", "facebook": "1367878093285473"}, "firstName": "Sabrina", "gender": "female", "lastName": "Mohd", "id": "27203909", "bio": "", "photo": {"prefix": "https://igx.4sqi.net/img/user/", "suffix": "/27203909-O2OX2VCMBZQTEWYJ.jpg"}, "homeCity": "Selangor", "lists": {"groups": [{"items": [], "count": 2, "type": "created"}]}}, {"tips": {"count": 0}, "contact": {"facebook": "567600371"}, "firstName": "Muhd Razali", "gender": "male", "lastName": "Halim", "id": "8338429", "bio": "", "photo": {"prefix": "https://igx.4sqi.net/img/user/", "suffix": "/DOZYPM504GK5VKQU.jpg"}, "homeCity": "Singapore", "lists": {"groups": [{"items": [], "count": 2, "type": "created"}]}}, {"tips": {"count": 20}, "contact": {}, "firstName": "Veana", "gender": "female", "lastName": "Chan", "id": "2157010", "bio": "", "photo": {"prefix": "https://igx.4sqi.net/img/user/", "suffix": "/2157010-DX2U04242NSV03XQ.jpg"}, "homeCity": "Singapore", "lists": {"groups": [{"items": [], "count": 3, "type": "created"}]}}, {"tips": {"count": 0}, "contact": {}, "firstName": "redha", "gender": "male", "lastName": "hakim", "id": "4454885", "bio": "", "photo": {"prefix": "https://igx.4sqi.net/img/user/", "suffix": "/H3L5XUSABBWNTSAY.jpg"}, "homeCity": "Singapore", "lists": {"groups": [{"items": [], "count": 2, "type": "created"}]}}, {"tips": {"count": 3}, "contact": {"facebook": "100000899347079"}, "firstName": "Jo", "gender": "male", "lastName": "Z", "id": "4343658", "bio": "", "photo": {"prefix": "https://igx.4sqi.net/img/user/", "suffix": "/JKSGK1YTMNXPMZ4R.jpg"}, "homeCity": "Singapore", "lists": {"groups": [{"items": [], "count": 2, "type": "created"}]}}, {"tips": {"count": 0}, "contact": {"facebook": "708399496"}, "firstName": "Faidz", "gender": "male", "lastName": "Skunk", "id": "6721488", "bio": "", "photo": {"prefix": "https://igx.4sqi.net/img/user/", "suffix": "/IYEYULCTA5VMQM44.jpg"}, "homeCity": "Singapore", "lists": {"groups": [{"items": [], "count": 2, "type": "created"}]}}, {"tips": {"count": 4}, "contact": {"twitter": "dekick", "facebook": "530005048"}, "firstName": "dekick", "gender": "female", "lastName": "kaneshiro", "id": "1246687", "bio": "", "photo": {"prefix": "https://igx.4sqi.net/img/user/", "suffix": "/1246687-0DZWYOOPSLJTWVN0.jpg"}, "homeCity": "Tokyo, Japan", "lists": {"groups": [{"items": [], "count": 2, "type": "created"}]}}, {"tips": {"count": 2}, "contact": {"twitter": "edxo10", "facebook": "100001271220077"}, "firstName": "Edmund (han meng)", "gender": "male", "lastName": "Sim", "id": "4863638", "bio": "", "photo": {"prefix": "https://igx.4sqi.net/img/user/", "suffix": "/GEEEYOOW05IFXQTR.jpg"}, "homeCity": "SG, Singapore", "lists": {"groups": [{"items": [], "count": 2, "type": "created"}]}}, {"tips": {"count": 0}, "contact": {}, "firstName": "chase", "gender": "male", "lastName": "hasemi", "id": "4422524", "bio": "", "photo": {"prefix": "https://igx.4sqi.net/img/user/", "suffix": "/blank_boy.png", "default": true}, "homeCity": "Singapore", "lists": {"groups": [{"items": [], "count": 2, "type": "created"}]}}, {"tips": {"count": 3}, "contact": {"facebook": "1731609861"}, "firstName": "Bayadi", "gender": "none", "id": "1436407", "bio": "", "photo": {"prefix": "https://igx.4sqi.net/img/user/", "suffix": "/KOSMIUDSN42KDIZJ.jpg"}, "homeCity": "BB, Singapore", "lists": {"groups": [{"items": [], "count": 2, "type": "created"}]}}, {"tips": {"count": 0}, "contact": {"twitter": "itsmejann", "facebook": "1542368311"}, "firstName": "Janna", "gender": "female", "lastName": "Md Noor", "id": "5510712", "bio": "", "photo": {"prefix": "https://igx.4sqi.net/img/user/", "suffix": "/0UGUHCDT0KA13P4I.jpg"}, "homeCity": "Singapore", "lists": {"groups": [{"items": [], "count": 2, "type": "created"}]}}, {"tips": {"count": 1}, "contact": {}, "firstName": "Jolene", "gender": "female", "lastName": "Ng", "id": "1865183", "bio": "", "photo": {"prefix": "https://igx.4sqi.net/img/user/", "suffix": "/blank_girl.png", "default": true}, "homeCity": "Bukit Merah, Singapore", "lists": {"groups": [{"items": [], "count": 2, "type": "created"}]}}, {"tips": {"count": 0}, "contact": {"facebook": "528358670"}, "firstName": "Seraphine", "gender": "female", "lastName": "Leong", "id": "5191542", "bio": "", "photo": {"prefix": "https://igx.4sqi.net/img/user/", "suffix": "/GWFUQZC3KLH4E042.jpg"}, "homeCity": "Singapore", "lists": {"groups": [{"items": [], "count": 2, "type": "created"}]}}, {"tips": {"count": 0}, "contact": {"twitter": "deelist"}, "firstName": "deelist", "gender": "female", "id": "448293", "bio": "", "photo": {"prefix": "https://igx.4sqi.net/img/user/", "suffix": "/1CTTBRYIXZ4ZACBF.jpg"}, "homeCity": "Singapore", "lists": {"groups": [{"items": [], "count": 2, "type": "created"}]}}, {"tips": {"count": 3}, "contact": {"twitter": "dutyfreesins"}, "firstName": "Eileen", "gender": "female", "lastName": "Chan", "id": "292338", "bio": "", "photo": {"prefix": "https://igx.4sqi.net/img/user/", "suffix": "/ALE0QRL4CVCWRQYX.jpg"}, "homeCity": "City, Singapore", "lists": {"groups": [{"items": [], "count": 2, "type": "created"}]}}, {"tips": {"count": 0}, "contact": {"facebook": "1303238099"}, "firstName": "Muhamad", "gender": "male", "lastName": "Yussof", "id": "4103270", "bio": "", "photo": {"prefix": "https://igx.4sqi.net/img/user/", "suffix": "/K3ZQD10MONBMKEYN.jpg"}, "homeCity": "Singapore", "lists": {"groups": [{"items": [], "count": 2, "type": "created"}]}}, {"tips": {"count": 9}, "contact": {"twitter": "ab_siddiq", "facebook": "715085406"}, "firstName": "Abubakar Siddiq", "gender": "male", "lastName": "Mohamed Idier", "id": "1087496", "bio": "", "photo": {"prefix": "https://igx.4sqi.net/img/user/", "suffix": "/UQ21G1JNEX41Y0IV.jpg"}, "homeCity": "Sembawang , Singapore, Singapore", "lists": {"groups": [{"items": [], "count": 2, "type": "created"}]}}, {"tips": {"count": 1}, "contact": {"facebook": "661643331"}, "firstName": "Kelly", "gender": "female", "lastName": "W", "id": "10527266", "bio": "", "photo": {"prefix": "https://igx.4sqi.net/img/user/", "suffix": "/3OXGXTL40YS4TRCO.jpg"}, "homeCity": "New York, NY", "lists": {"groups": [{"items": [], "count": 2, "type": "created"}]}}, {"tips": {"count": 0}, "contact": {"facebook": "1379516081"}, "firstName": "afiq", "gender": "male", "lastName": "jusly", "id": "1562860", "bio": "", "photo": {"prefix": "https://igx.4sqi.net/img/user/", "suffix": "/KN1DNYDXDTEENFVO.jpg"}, "homeCity": "Singapore", "lists": {"groups": [{"items": [], "count": 2, "type": "created"}]}}, {"tips": {"count": 40}, "contact": {"twitter": "camemberu", "facebook": "521452430"}, "firstName": "Catherine", "gender": "female", "lastName": "Ling", "id": "726583", "bio": "Camemberu.com - \"Every meal an adventure!\" - food and travel blog", "photo": {"prefix": "https://igx.4sqi.net/img/user/", "suffix": "/726583-1WKEF024YQXAGVIS.jpg"}, "homeCity": "Singapore", "lists": {"groups": [{"items": [], "count": 9, "type": "created"}]}}, {"tips": {"count": 2}, "contact": {"facebook": "577991108"}, "firstName": "Just", "gender": "male", "lastName": "Justin", "id": "1013932", "bio": "", "photo": {"prefix": "https://igx.4sqi.net/img/user/", "suffix": "/N4TWELAIQTWQ1Y3I.jpg"}, "homeCity": "Ang Mo Kio, Singapore", "lists": {"groups": [{"items": [], "count": 2, "type": "created"}]}}, {"tips": {"count": 3}, "contact": {}, "firstName": "MOHAMAD", "gender": "male", "lastName": "SHARIFF", "id": "2512225", "bio": "", "photo": {"prefix": "https://igx.4sqi.net/img/user/", "suffix": "/blank_boy.png", "default": true}, "homeCity": "Singapore", "lists": {"groups": [{"items": [], "count": 2, "type": "created"}]}}, {"tips": {"count": 2}, "contact": {"twitter": "iskandarzul", "facebook": "669317546"}, "firstName": "Iskandar", "gender": "male", "lastName": "Zul", "id": "9375092", "bio": "", "photo": {"prefix": "https://igx.4sqi.net/img/user/", "suffix": "/LW2250XJSIODEGQT.jpg"}, "homeCity": "Singapore", "lists": {"groups": [{"items": [], "count": 2, "type": "created"}]}}, {"tips": {"count": 1}, "contact": {"facebook": "522138808"}, "firstName": "Bam", "gender": "male", "lastName": "Li", "id": "4344332", "bio": "", "photo": {"prefix": "https://igx.4sqi.net/img/user/", "suffix": "/blank_boy.png", "default": true}, "homeCity": "Singapore", "lists": {"groups": [{"items": [], "count": 2, "type": "created"}]}}, {"tips": {"count": 0}, "contact": {"twitter": "ciklehaoii", "facebook": "1061332723"}, "firstName": "Siti", "gender": "female", "lastName": "Samsukamar", "id": "6829558", "bio": "", "photo": {"prefix": "https://igx.4sqi.net/img/user/", "suffix": "/GXHHT1D4L4HG1P2L.jpg"}, "homeCity": "Singapore", "lists": {"groups": [{"items": [], "count": 2, "type": "created"}]}}, {"tips": {"count": 15}, "contact": {"facebook": "61310492"}, "firstName": "Yun", "gender": "male", "lastName": "Lim", "id": "26828145", "bio": "", "photo": {"prefix": "https://igx.4sqi.net/img/user/", "suffix": "/LQJSMS1DMNC5WJML.jpg"}, "homeCity": "London, United Kingdom", "lists": {"groups": [{"items": [], "count": 3, "type": "created"}]}}, {"tips": {"count": 0}, "contact": {"twitter": "deeabs", "facebook": "540107061"}, "firstName": "Deee", "gender": "female", "lastName": "Abds", "id": "6555558", "bio": "", "photo": {"prefix": "https://igx.4sqi.net/img/user/", "suffix": "/UNNFKB04OFSHMCOF.jpg"}, "homeCity": "Singapore", "lists": {"groups": [{"items": [], "count": 2, "type": "created"}]}}, {"tips": {"count": 0}, "contact": {"facebook": "100000831575923"}, "firstName": "Farah", "gender": "none", "lastName": "Wan", "id": "5271682", "bio": "", "photo": {"prefix": "https://igx.4sqi.net/img/user/", "suffix": "/STSY4BLZHHNRYFSU.jpg"}, "homeCity": "Singapore", "lists": {"groups": [{"items": [], "count": 2, "type": "created"}]}}, {"tips": {"count": 0}, "contact": {"facebook": "100001156402076"}, "firstName": "Jenna Tiffany", "gender": "female", "id": "5563662", "bio": "", "photo": {"prefix": "https://igx.4sqi.net/img/user/", "suffix": "/UK231SSFX5REOYVY.jpg"}, "homeCity": "Singapore", "lists": {"groups": [{"items": [], "count": 2, "type": "created"}]}}, {"tips": {"count": 6}, "contact": {"twitter": "weirdbeard88"}, "firstName": "tim", "gender": "male", "lastName": "de souza", "id": "1937443", "bio": "", "photo": {"prefix": "https://igx.4sqi.net/img/user/", "suffix": "/F1LLPPFI2WLD4EMV.jpg"}, "homeCity": "Singapore", "lists": {"groups": [{"items": [], "count": 2, "type": "created"}]}}, {"tips": {"count": 0}, "contact": {"facebook": "100003085385924"}, "firstName": "Chikolatte", "gender": "male", "lastName": "Apiz", "id": "19561401", "bio": "", "photo": {"prefix": "https://igx.4sqi.net/img/user/", "suffix": "/BI4XPJEL4D3PCUMM.jpg"}, "homeCity": "Singapore", "lists": {"groups": [{"items": [], "count": 2, "type": "created"}]}}, {"tips": {"count": 24}, "contact": {"facebook": "518377041"}, "firstName": "Lynette", "gender": "female", "lastName": "Chua", "id": "1223470", "bio": "", "photo": {"prefix": "https://igx.4sqi.net/img/user/", "suffix": "/1223470-JBCLFZDYNVE22BRZ.jpg"}, "homeCity": "Singapore", "lists": {"groups": [{"items": [], "count": 2, "type": "created"}]}}, {"tips": {"count": 6}, "contact": {"facebook": "630986539"}, "firstName": "Shaikh Taufiq", "gender": "male", "lastName": "Alkhatib", "id": "295317", "bio": "", "photo": {"prefix": "https://igx.4sqi.net/img/user/", "suffix": "/GIREY0W50HGKUH3W.jpg"}, "homeCity": "Singapore", "lists": {"groups": [{"items": [], "count": 2, "type": "created"}]}}, {"tips": {"count": 0}, "contact": {"twitter": "ngiamngiamm"}, "firstName": "amanda", "gender": "female", "lastName": "ngiam", "id": "4181975", "bio": "", "photo": {"prefix": "https://igx.4sqi.net/img/user/", "suffix": "/H1LSC2NTRIEMZCQS.jpg"}, "homeCity": "Singapore", "lists": {"groups": [{"items": [], "count": 2, "type": "created"}]}}, {"tips": {"count": 8}, "contact": {}, "firstName": "Karthik", "gender": "male", "lastName": "K", "id": "1948754", "bio": "", "photo": {"prefix": "https://igx.4sqi.net/img/user/", "suffix": "/C132KWJ4ISPBDA3P.jpg"}, "homeCity": "Singapore", "lists": {"groups": [{"items": [], "count": 2, "type": "created"}]}}, {"tips": {"count": 0}, "contact": {}, "firstName": "Maria", "gender": "female", "lastName": "Gumban", "id": "2938834", "bio": "", "photo": {"prefix": "https://igx.4sqi.net/img/user/", "suffix": "/MQDIEJGVOXMD1X54.jpg"}, "homeCity": "Singapore", "lists": {"groups": [{"items": [], "count": 2, "type": "created"}]}}, {"tips": {"count": 0}, "contact": {}, "firstName": "Firhan", "gender": "male", "lastName": "Abdul rashed", "id": "4406015", "bio": "", "photo": {"prefix": "https://igx.4sqi.net/img/user/", "suffix": "/5YZIKHIH3VG2ILXW.jpg"}, "homeCity": "Singapore", "lists": {"groups": [{"items": [], "count": 2, "type": "created"}]}}, {"tips": {"count": 214}, "contact": {"facebook": "576982686"}, "firstName": "Mei", "gender": "female", "lastName": "Leong", "id": "1028360", "bio": "", "photo": {"prefix": "https://igx.4sqi.net/img/user/", "suffix": "/KI2GFWOJ2GOYBNDV.jpg"}, "homeCity": "Singapore", "lists": {"groups": [{"items": [], "count": 3, "type": "created"}]}}, {"tips": {"count": 0}, "contact": {"facebook": "887995455"}, "firstName": "Alvin", "gender": "male", "id": "2552601", "bio": "", "photo": {"prefix": "https://igx.4sqi.net/img/user/", "suffix": "/ZGTRV5X0CT3JSDRH.jpg"}, "homeCity": "Singapore", "lists": {"groups": [{"items": [], "count": 2, "type": "created"}]}}, {"tips": {"count": 6}, "contact": {"twitter": "vietanov", "facebook": "100001155969476"}, "firstName": "'vieta", "gender": "female", "lastName": "jamela", "id": "19041424", "bio": "Instagram = yellowsunshine998\r\n\u2665 Paris Hilton\r\n\u2665 Color Yellow\r\n\u2665 Travelling\r\n\u2665 Something Nice & Blink\u00b2\r\n\u2665 Principle\r\n\u2665 My Beautiful Life \r\nXoxo \u2665\u0361.\u032e\u2665\u0361", "photo": {"prefix": "https://igx.4sqi.net/img/user/", "suffix": "/TW3KG1IK5Q3BVZRY.jpg"}, "homeCity": "Jakarta, Indonesia", "lists": {"groups": [{"items": [], "count": 2, "type": "created"}]}}, {"tips": {"count": 0}, "contact": {}, "firstName": "Aaron", "gender": "male", "lastName": "Yap", "id": "4647830", "bio": "", "photo": {"prefix": "https://igx.4sqi.net/img/user/", "suffix": "/blank_boy.png", "default": true}, "homeCity": "Singapore", "lists": {"groups": [{"items": [], "count": 2, "type": "created"}]}}, {"tips": {"count": 2}, "contact": {"twitter": "ellaxz"}, "firstName": "Ella", "gender": "female", "lastName": "Nasir", "id": "7042105", "bio": "", "photo": {"prefix": "https://igx.4sqi.net/img/user/", "suffix": "/7042105-QBDUAKOC412GSIG1.jpg"}, "homeCity": "Singapore", "lists": {"groups": [{"items": [], "count": 3, "type": "created"}]}}, {"tips": {"count": 2}, "contact": {"twitter": "ervmj", "facebook": "644894553"}, "firstName": "Ervina", "gender": "female", "lastName": "Mohd Jamil", "id": "27929361", "bio": "", "photo": {"prefix": "https://igx.4sqi.net/img/user/", "suffix": "/JCE2XSUOTHKJMGQ1.jpg"}, "homeCity": "New York, NY", "lists": {"groups": [{"items": [], "count": 3, "type": "created"}]}}, {"tips": {"count": 0}, "contact": {"twitter": "fifygoodgirl", "facebook": "675477828"}, "firstName": "FifyBonchett", "gender": "female", "id": "17932057", "bio": "", "photo": {"prefix": "https://igx.4sqi.net/img/user/", "suffix": "/WTP1OVZSOUZMFWRI.jpg"}, "homeCity": "Tangerang, Indonesia", "lists": {"groups": [{"items": [], "count": 2, "type": "created"}]}}, {"tips": {"count": 0}, "contact": {}, "firstName": "Nurul", "gender": "female", "lastName": "Giyanto", "id": "5285549", "bio": "", "photo": {"prefix": "https://igx.4sqi.net/img/user/", "suffix": "/31UICJAYMTJ4GVGN.jpg"}, "homeCity": "Singapore", "lists": {"groups": [{"items": [], "count": 2, "type": "created"}]}}, {"tips": {"count": 13}, "contact": {"facebook": "1565384090393771"}, "firstName": "JP", "gender": "male", "lastName": "T", "id": "5697628", "bio": "I'm sorry I can't approve new friend requests now cause I've reached maximum 1000 \ud83d\ude2d", "photo": {"prefix": "https://igx.4sqi.net/img/user/", "suffix": "/5697628-5PXMRT2BACQ3UF05.jpg"}, "homeCity": "Singapore", "lists": {"groups": [{"items": [], "count": 2, "type": "created"}]}}, {"tips": {"count": 2}, "contact": {"twitter": "bamboopandalove", "facebook": "669770787"}, "firstName": "Jeanine Gabrielle", "gender": "female", "lastName": "Goh", "id": "2253563", "bio": "", "photo": {"prefix": "https://igx.4sqi.net/img/user/", "suffix": "/4JATDKDEULWFEORH.jpg"}, "homeCity": "Singapore", "lists": {"groups": [{"items": [], "count": 2, "type": "created"}]}}, {"tips": {"count": 11}, "contact": {}, "firstName": "Yen", "gender": "female", "lastName": "SY", "id": "1232253", "bio": "", "photo": {"prefix": "https://igx.4sqi.net/img/user/", "suffix": "/ZYN1UHTDQKU0WJCG.jpg"}, "homeCity": "Brisbane, QLD", "lists": {"groups": [{"items": [], "count": 2, "type": "created"}]}}, {"tips": {"count": 2}, "contact": {"twitter": "cepturday", "facebook": "527488293"}, "firstName": "Concept", "gender": "male", "lastName": "Deang", "id": "304107", "bio": "", "photo": {"prefix": "https://igx.4sqi.net/img/user/", "suffix": "/QFLBV4WNYIBR053O.jpg"}, "homeCity": "Singapore", "lists": {"groups": [{"items": [], "count": 2, "type": "created"}]}}, {"tips": {"count": 3}, "contact": {"twitter": "shukrymvp", "facebook": "677058491"}, "firstName": "Shukry", "gender": "male", "lastName": "Rashid", "id": "5399357", "bio": "", "photo": {"prefix": "https://igx.4sqi.net/img/user/", "suffix": "/TEVCMEUSGKE3RQBN.jpg"}, "homeCity": "Bukit Batok, Singapore", "lists": {"groups": [{"items": [], "count": 2, "type": "created"}]}}, {"tips": {"count": 1}, "contact": {"facebook": "100001537309651"}, "firstName": "Nuyul aishah", "gender": "female", "lastName": "Parker", "id": "4623644", "bio": "", "photo": {"prefix": "https://igx.4sqi.net/img/user/", "suffix": "/EUPHOYFPOSKK5WFO.jpg"}, "homeCity": "Singapore", "lists": {"groups": [{"items": [], "count": 2, "type": "created"}]}}, {"tips": {"count": 0}, "contact": {"twitter": "iamsius", "facebook": "558271271"}, "firstName": "aloysius", "gender": "male", "lastName": "sim", "id": "2938887", "bio": "", "photo": {"prefix": "https://igx.4sqi.net/img/user/", "suffix": "/K5RWPQS5GMXX5JXE.jpg"}, "homeCity": "Singapore", "lists": {"groups": [{"items": [], "count": 2, "type": "created"}]}}, {"tips": {"count": 2}, "contact": {"facebook": "646066487"}, "firstName": "Mervyn", "gender": "male", "lastName": "Lee", "id": "4409303", "bio": "", "photo": {"prefix": "https://igx.4sqi.net/img/user/", "suffix": "/NESWCBCFBO12OHL2.jpg"}, "homeCity": "Singapore", "lists": {"groups": [{"items": [], "count": 2, "type": "created"}]}}, {"tips": {"count": 6}, "contact": {"twitter": "colourrun", "facebook": "705174584"}, "firstName": "Cheryl", "gender": "female", "lastName": "Cheong", "id": "1116553", "bio": "", "photo": {"prefix": "https://igx.4sqi.net/img/user/", "suffix": "/DA03JHK04X0F05QR.jpg"}, "homeCity": "Singapore", "lists": {"groups": [{"items": [], "count": 2, "type": "created"}]}}, {"tips": {"count": 0}, "contact": {"facebook": "1422648726"}, "firstName": "Azimah", "gender": "female", "lastName": "Adnan", "id": "2676522", "bio": "", "photo": {"prefix": "https://igx.4sqi.net/img/user/", "suffix": "/3HRIOJWXEXDW0SU4.jpg"}, "homeCity": "Singapore", "lists": {"groups": [{"items": [], "count": 2, "type": "created"}]}}, {"tips": {"count": 0}, "contact": {"facebook": "666553779"}, "firstName": "Norazleen", "gender": "female", "lastName": "Ayob", "id": "4651709", "bio": "", "photo": {"prefix": "https://igx.4sqi.net/img/user/", "suffix": "/blank_girl.png", "default": true}, "homeCity": "Singapore", "lists": {"groups": [{"items": [], "count": 2, "type": "created"}]}}, {"tips": {"count": 1}, "contact": {"facebook": "1187834039"}, "firstName": "Zahid", "gender": "male", "lastName": "Saaban", "id": "11826243", "bio": "", "photo": {"prefix": "https://igx.4sqi.net/img/user/", "suffix": "/11826243-SB1JRO0XEVYGLDI0.jpg"}, "homeCity": "Singapore", "lists": {"groups": [{"items": [], "count": 2, "type": "created"}]}}, {"tips": {"count": 7}, "contact": {"twitter": "shaikira", "facebook": "10153175848428476"}, "firstName": "Kira", "gender": "female", "lastName": "Love", "id": "18121547", "bio": "", "photo": {"prefix": "https://igx.4sqi.net/img/user/", "suffix": "/18121547-IFJKRVPWZBPRP24B.jpg"}, "homeCity": "Singapore", "lists": {"groups": [{"items": [], "count": 5, "type": "created"}]}}, {"tips": {"count": 1}, "contact": {"facebook": "684859854"}, "firstName": "Masthurah", "gender": "female", "id": "6573254", "bio": "", "photo": {"prefix": "https://igx.4sqi.net/img/user/", "suffix": "/E0TYNJ2UZXBT44PH.jpg"}, "homeCity": "Unnamed Location", "lists": {"groups": [{"items": [], "count": 2, "type": "created"}]}}, {"tips": {"count": 0}, "contact": {}, "firstName": "khalid", "gender": "male", "lastName": "khan", "id": "5790963", "bio": "", "photo": {"prefix": "https://igx.4sqi.net/img/user/", "suffix": "/blank_boy.png", "default": true}, "homeCity": "New York, NY", "lists": {"groups": [{"items": [], "count": 2, "type": "created"}]}}, {"tips": {"count": 4}, "contact": {"twitter": "jeremygemstarr", "facebook": "10153084550437540"}, "firstName": "Jeremy", "gender": "male", "lastName": "GemStarr", "id": "2292896", "bio": "DJ GemStarr, Resident DJ of DREAM & Playhouse. DJ Instructor @ Ministry Of DJs. Co-Founder of the $UPAFELLAZ! Crew. Follow me on Instagram @jeremygemstarr", "photo": {"prefix": "https://igx.4sqi.net/img/user/", "suffix": "/2292896-0NR4YLDEOYQJEOCY.jpg"}, "homeCity": "Singapore", "lists": {"groups": [{"items": [], "count": 2, "type": "created"}]}}, {"tips": {"count": 4}, "contact": {"facebook": "596024631"}, "firstName": "Lyhyn", "gender": "male", "lastName": "Cooper", "id": "2493475", "bio": "", "photo": {"prefix": "https://igx.4sqi.net/img/user/", "suffix": "/TT3K1KQZSPA0ACMX.jpg"}, "homeCity": "Singapore", "lists": {"groups": [{"items": [], "count": 2, "type": "created"}]}}, {"tips": {"count": 1}, "contact": {"facebook": "602870660"}, "firstName": "Dina", "gender": "female", "lastName": "A R", "id": "4791372", "bio": "", "photo": {"prefix": "https://igx.4sqi.net/img/user/", "suffix": "/2RKY4TMJVCG1VXAR.jpg"}, "homeCity": "Singapore", "lists": {"groups": [{"items": [], "count": 2, "type": "created"}]}}, {"tips": {"count": 0}, "contact": {}, "firstName": "Nuraien", "gender": "female", "lastName": "Jairani", "id": "3348808", "bio": "", "photo": {"prefix": "https://igx.4sqi.net/img/user/", "suffix": "/T252DBQ2EUHILMCC.jpg"}, "homeCity": "Singapore", "lists": {"groups": [{"items": [], "count": 2, "type": "created"}]}}, {"tips": {"count": 2}, "contact": {"facebook": "594896924"}, "firstName": "Ying", "gender": "female", "lastName": "Ying", "id": "87449569", "bio": "", "photo": {"prefix": "https://igx.4sqi.net/img/user/", "suffix": "/87449569-CQQH25VL2CP0RWKP.jpg"}, "homeCity": "Singapore", "lists": {"groups": [{"items": [], "count": 2, "type": "created"}]}}, {"tips": {"count": 7}, "contact": {"twitter": "lomoinc", "facebook": "100000182266546"}, "firstName": "NurHuril Ain", "gender": "female", "id": "1153364", "bio": "", "photo": {"prefix": "https://igx.4sqi.net/img/user/", "suffix": "/3C5EJZWUVRMCWIUD.jpg"}, "homeCity": "Singapore", "lists": {"groups": [{"items": [], "count": 2, "type": "created"}]}}, {"tips": {"count": 2}, "contact": {"facebook": "1052628583"}, "firstName": "Zyratul", "gender": "male", "lastName": "Akhdiyat", "id": "2684491", "bio": "", "photo": {"prefix": "https://igx.4sqi.net/img/user/", "suffix": "/EZDBQSWNUPRTL2F2.jpg"}, "homeCity": "Singapore", "lists": {"groups": [{"items": [], "count": 2, "type": "created"}]}}, {"tips": {"count": 0}, "contact": {"twitter": "mohdnazly", "facebook": "604537712"}, "firstName": "Mohd Nazly", "gender": "male", "lastName": "Juwahi", "id": "4845410", "bio": "", "photo": {"prefix": "https://igx.4sqi.net/img/user/", "suffix": "/1F54VE3XMJ31NDHC.jpg"}, "homeCity": "Singapore", "lists": {"groups": [{"items": [], "count": 2, "type": "created"}]}}, {"tips": {"count": 0}, "contact": {"facebook": "510584006"}, "firstName": "Kavee", "gender": "male", "lastName": "Raj", "id": "11827867", "bio": "", "photo": {"prefix": "https://igx.4sqi.net/img/user/", "suffix": "/blank_boy.png", "default": true}, "homeCity": "Singapore", "lists": {"groups": [{"items": [], "count": 2, "type": "created"}]}}, {"tips": {"count": 3}, "contact": {"facebook": "792309114"}, "firstName": "Alia", "gender": "female", "lastName": "Darling", "id": "18843206", "bio": "", "photo": {"prefix": "https://igx.4sqi.net/img/user/", "suffix": "/3HIYGK5GLMIL4NBR.jpg"}, "homeCity": "Singapore", "lists": {"groups": [{"items": [], "count": 2, "type": "created"}]}}, {"tips": {"count": 2}, "contact": {}, "firstName": "Joanne", "gender": "female", "lastName": "Yeo", "id": "39669177", "bio": "", "photo": {"prefix": "https://igx.4sqi.net/img/user/", "suffix": "/3A3HAYV0VYZVZU1C.jpg"}, "homeCity": "Taipei", "lists": {"groups": [{"items": [], "count": 2, "type": "created"}]}}, {"tips": {"count": 0}, "contact": {"twitter": "peiwenlum", "facebook": "1742629105"}, "firstName": "Peiwen", "gender": "female", "lastName": "Lum", "id": "5891938", "bio": "", "photo": {"prefix": "https://igx.4sqi.net/img/user/", "suffix": "/RYZEM2PPUWO2HV1Z.jpg"}, "homeCity": "Singapore", "lists": {"groups": [{"items": [], "count": 2, "type": "created"}]}}, {"tips": {"count": 0}, "contact": {}, "firstName": "Ifwah", "gender": "female", "lastName": "Abdul Karim", "id": "2362764", "bio": "", "photo": {"prefix": "https://igx.4sqi.net/img/user/", "suffix": "/FHZ0ALTYNWYQZO50.jpg"}, "homeCity": "Bedok, Singapore", "lists": {"groups": [{"items": [], "count": 2, "type": "created"}]}}, {"tips": {"count": 11}, "contact": {"twitter": "guoweiho"}, "firstName": "Guo Wei", "gender": "male", "lastName": "Ho", "id": "2921100", "bio": "", "photo": {"prefix": "https://igx.4sqi.net/img/user/", "suffix": "/IGZYT54RWV4INEDA.jpg"}, "homeCity": "Singapore", "lists": {"groups": [{"items": [], "count": 2, "type": "created"}]}}, {"tips": {"count": 0}, "contact": {"twitter": "deeragdoll", "facebook": "100000536452499"}, "firstName": "Rag", "gender": "female", "lastName": "Doll", "id": "4822638", "bio": "", "photo": {"prefix": "https://igx.4sqi.net/img/user/", "suffix": "/L14QTCTOSH1SDD5Y.jpg"}, "homeCity": "Singapore", "lists": {"groups": [{"items": [], "count": 2, "type": "created"}]}}, {"tips": {"count": 0}, "contact": {"twitter": "hafiz_sotdotcom", "facebook": "100000236312568"}, "firstName": "Hafiz", "gender": "male", "lastName": "sotdotcom\u2122", "id": "3543735", "bio": "", "photo": {"prefix": "https://igx.4sqi.net/img/user/", "suffix": "/NPO0DUXSWDHZPES3.jpg"}, "homeCity": "Singapore", "lists": {"groups": [{"items": [], "count": 3, "type": "created"}]}}, {"tips": {"count": 3}, "contact": {"twitter": "rezridz", "facebook": "1045960376"}, "firstName": "Rez", "gender": "male", "lastName": "Ridz", "id": "1177959", "bio": "", "photo": {"prefix": "https://igx.4sqi.net/img/user/", "suffix": "/URUT1ECZDBAUODBW.jpg"}, "homeCity": "waiting lane, Singapore", "lists": {"groups": [{"items": [], "count": 2, "type": "created"}]}}, {"tips": {"count": 3}, "contact": {"twitter": "lincoln_gu", "facebook": "701829212"}, "firstName": "Lincoln", "gender": "male", "lastName": "Gu", "id": "2754704", "bio": "", "photo": {"prefix": "https://igx.4sqi.net/img/user/", "suffix": "/blank_boy.png", "default": true}, "homeCity": "Singapore", "lists": {"groups": [{"items": [], "count": 4, "type": "created"}]}}, {"tips": {"count": 3}, "contact": {"facebook": "646025322"}, "firstName": "Mohd Talhah", "gender": "male", "lastName": "Johari", "id": "6219326", "bio": "", "photo": {"prefix": "https://igx.4sqi.net/img/user/", "suffix": "/YD30DZKLSYD2BI2T.jpg"}, "homeCity": "Singapore", "lists": {"groups": [{"items": [], "count": 2, "type": "created"}]}}, {"tips": {"count": 2}, "contact": {"twitter": "gladblue100", "facebook": "524599425"}, "firstName": "OreoYummyGlad", "gender": "female", "lastName": "Glad", "id": "46163844", "bio": "", "photo": {"prefix": "https://igx.4sqi.net/img/user/", "suffix": "/46163844-CLHWPBULYEVVPTBU.jpg"}, "homeCity": "Singapore", "lists": {"groups": [{"items": [], "count": 2, "type": "created"}]}}, {"tips": {"count": 2}, "contact": {"twitter": "norsuhana_jamil", "facebook": "100000789643207"}, "firstName": "Mist", "gender": "female", "lastName": "Nana", "id": "40111628", "bio": "", "photo": {"prefix": "https://igx.4sqi.net/img/user/", "suffix": "/40111628-ZSY0KZLN1IODTVOA.jpg"}, "homeCity": "Pulau Pinang", "lists": {"groups": [{"items": [], "count": 2, "type": "created"}]}}, {"tips": {"count": 0}, "contact": {"facebook": "613408521"}, "firstName": "Mohd Nazri", "gender": "male", "id": "6139491", "bio": "", "photo": {"prefix": "https://igx.4sqi.net/img/user/", "suffix": "/RHXVNXROX5ZTVBXG.jpg"}, "homeCity": "Singapore", "lists": {"groups": [{"items": [], "count": 2, "type": "created"}]}}, {"tips": {"count": 2}, "contact": {}, "firstName": "Rina", "gender": "female", "lastName": "Sazali", "id": "2627907", "bio": "", "photo": {"prefix": "https://igx.4sqi.net/img/user/", "suffix": "/MA5CS03SGDWWXVJD.jpg"}, "homeCity": "Singapore", "lists": {"groups": [{"items": [], "count": 2, "type": "created"}]}}, {"tips": {"count": 1}, "contact": {"facebook": "576760667"}, "firstName": "Hasyim", "gender": "male", "lastName": "Azmi", "id": "2922184", "bio": "", "photo": {"prefix": "https://igx.4sqi.net/img/user/", "suffix": "/IID1ZX4BSASTXCE5.jpg"}, "homeCity": "Singapore", "lists": {"groups": [{"items": [], "count": 2, "type": "created"}]}}, {"tips": {"count": 0}, "contact": {"facebook": "635495807"}, "firstName": "Khai", "gender": "male", "lastName": "Az", "id": "64716197", "bio": "", "photo": {"prefix": "https://igx.4sqi.net/img/user/", "suffix": "/UOOQJVHSRQKQUTUG.jpg"}, "homeCity": "Singapore", "lists": {"groups": [{"items": [], "count": 2, "type": "created"}]}}, {"tips": {"count": 0}, "contact": {"facebook": "1481622905"}, "firstName": "Lila", "gender": "female", "lastName": "Begley", "id": "4586397", "bio": "", "photo": {"prefix": "https://igx.4sqi.net/img/user/", "suffix": "/N5EO2GMCZUGHDO3X.jpg"}, "homeCity": "Unnamed Location", "lists": {"groups": [{"items": [], "count": 2, "type": "created"}]}}, {"tips": {"count": 3}, "contact": {"twitter": "bisousxxx", "facebook": "749010183"}, "firstName": "Norina", "gender": "female", "lastName": "MJ", "id": "1254974", "bio": "", "photo": {"prefix": "https://igx.4sqi.net/img/user/", "suffix": "/BGM5TRCJDNVRTU3M.jpg"}, "homeCity": "\u6771\u4eac\u90fd", "lists": {"groups": [{"items": [], "count": 2, "type": "created"}]}}, {"tips": {"count": 0}, "contact": {"facebook": "706104040"}, "firstName": "Raden", "gender": "male", "lastName": "Iskandar", "id": "2823642", "bio": "", "photo": {"prefix": "https://igx.4sqi.net/img/user/", "suffix": "/OB4SPI22NGFCIK33.jpg"}, "homeCity": "Singapore", "lists": {"groups": [{"items": [], "count": 2, "type": "created"}]}}, {"tips": {"count": 0}, "contact": {}, "firstName": "Netty J", "gender": "female", "id": "6906434", "bio": "", "photo": {"prefix": "https://igx.4sqi.net/img/user/", "suffix": "/V2Z4PMNVO0N0KIWB.jpg"}, "homeCity": "Singapore", "lists": {"groups": [{"items": [], "count": 2, "type": "created"}]}}, {"tips": {"count": 1}, "contact": {"twitter": "ruggedundies"}, "firstName": "Sheik", "gender": "male", "lastName": "Ferdous", "id": "8132796", "bio": "", "photo": {"prefix": "https://igx.4sqi.net/img/user/", "suffix": "/YCIOFU2LW2P0GRMF.jpg"}, "homeCity": "Singapore", "lists": {"groups": [{"items": [], "count": 2, "type": "created"}]}}, {"tips": {"count": 0}, "contact": {"facebook": "629308584"}, "firstName": "Shidah", "gender": "female", "lastName": "Naufal", "id": "2837063", "bio": "", "photo": {"prefix": "https://igx.4sqi.net/img/user/", "suffix": "/5YK3Z5GQ0LTZQPJO.jpg"}, "homeCity": "Singapore", "lists": {"groups": [{"items": [], "count": 2, "type": "created"}]}}, {"tips": {"count": 0}, "contact": {"facebook": "1593766036"}, "firstName": "Boy Arab", "gender": "male", "id": "2932685", "bio": "", "photo": {"prefix": "https://igx.4sqi.net/img/user/", "suffix": "/VENFCKFEHISXBKSM.jpg"}, "homeCity": "Singapore", "lists": {"groups": [{"items": [], "count": 2, "type": "created"}]}}, {"tips": {"count": 0}, "contact": {}, "firstName": "Foo", "gender": "male", "lastName": "Zhixiang", "id": "4928786", "bio": "", "photo": {"prefix": "https://igx.4sqi.net/img/user/", "suffix": "/blank_boy.png", "default": true}, "homeCity": "New York, NY", "lists": {"groups": [{"items": [], "count": 2, "type": "created"}]}}, {"tips": {"count": 0}, "contact": {}, "firstName": "Nuriz", "gender": "female", "lastName": "Ashley", "id": "1259023", "bio": "", "photo": {"prefix": "https://igx.4sqi.net/img/user/", "suffix": "/blank_girl.png", "default": true}, "homeCity": "Singapore", "lists": {"groups": [{"items": [], "count": 2, "type": "created"}]}}, {"tips": {"count": 0}, "contact": {"facebook": "592607597"}, "firstName": "Khairul Matthew", "gender": "none", "lastName": "Mohamed", "id": "3183135", "bio": "", "photo": {"prefix": "https://igx.4sqi.net/img/user/", "suffix": "/RP5JHOSSQDUJBOQO.jpg"}, "homeCity": "Singapore", "lists": {"groups": [{"items": [], "count": 2, "type": "created"}]}}, {"tips": {"count": 0}, "contact": {}, "firstName": "Nisya", "gender": "female", "lastName": "Hanee", "id": "7247400", "bio": "", "photo": {"prefix": "https://igx.4sqi.net/img/user/", "suffix": "/FZEBHWXJK1325U0Z.jpg"}, "homeCity": "", "lists": {"groups": [{"items": [], "count": 2, "type": "created"}]}}, {"tips": {"count": 1}, "contact": {"twitter": "sluttyshoespeak"}, "firstName": "Khartika", "gender": "female", "lastName": "Sharif", "id": "8502111", "bio": "", "photo": {"prefix": "https://igx.4sqi.net/img/user/", "suffix": "/AZDE5QVH523PITAP.jpg"}, "homeCity": "Singapore", "lists": {"groups": [{"items": [], "count": 2, "type": "created"}]}}, {"tips": {"count": 24}, "contact": {"twitter": "atrez", "facebook": "100000320634182"}, "firstName": "A'Trez", "gender": "male", "lastName": "X-Clusive", "id": "3955610", "bio": "", "photo": {"prefix": "https://igx.4sqi.net/img/user/", "suffix": "/TEVTKILC5LPAIA1Y.jpg"}, "homeCity": "Singapore", "lists": {"groups": [{"items": [], "count": 2, "type": "created"}]}}, {"tips": {"count": 1}, "contact": {"facebook": "733067642"}, "firstName": "Fizhah", "gender": "female", "lastName": "Fizz", "id": "3159908", "bio": "", "photo": {"prefix": "https://igx.4sqi.net/img/user/", "suffix": "/1RQDHTMGD3IP51SF.jpg"}, "homeCity": "singapore", "lists": {"groups": [{"items": [], "count": 2, "type": "created"}]}}, {"tips": {"count": 0}, "contact": {"twitter": "sakxe"}, "firstName": "Sheryl", "gender": "female", "lastName": "Koh", "id": "5423243", "bio": "", "photo": {"prefix": "https://igx.4sqi.net/img/user/", "suffix": "/WC2FAANYZVOUVHMC.jpg"}, "homeCity": "Singapore", "lists": {"groups": [{"items": [], "count": 2, "type": "created"}]}}, {"tips": {"count": 0}, "contact": {"facebook": "571157726"}, "firstName": "Shawn", "gender": "male", "lastName": "Nicholas", "id": "1261339", "bio": "", "photo": {"prefix": "https://igx.4sqi.net/img/user/", "suffix": "/5IUSIV1MZIZZSD2I.jpg"}, "homeCity": "Singapore", "lists": {"groups": [{"items": [], "count": 2, "type": "created"}]}}, {"tips": {"count": 0}, "contact": {}, "firstName": "Azri", "gender": "male", "lastName": "Abdullah", "id": "3202624", "bio": "", "photo": {"prefix": "https://igx.4sqi.net/img/user/", "suffix": "/RDMRR4110CF3GW41.jpg"}, "homeCity": "Bedok, Singapore", "lists": {"groups": [{"items": [], "count": 2, "type": "created"}]}}, {"tips": {"count": 0}, "contact": {}, "firstName": "Elynn", "gender": "female", "lastName": "Pia", "id": "7265298", "bio": "", "photo": {"prefix": "https://igx.4sqi.net/img/user/", "suffix": "/PPM45IKNPJS1OJRW.jpg"}, "homeCity": "Singapore", "lists": {"groups": [{"items": [], "count": 2, "type": "created"}]}}, {"tips": {"count": 0}, "contact": {"twitter": "spgradsguild", "facebook": "1345621198"}, "firstName": "SPGG", "gender": "none", "id": "4662667", "bio": "A welcoming environment to unwind, have fun, dine or hold conferences, meetings and celebrations.\r\n\r\nwww.spgg.org.sg", "photo": {"prefix": "https://igx.4sqi.net/img/user/", "suffix": "/4662667-PLPHAAWCB2JJY0RD"}, "homeCity": "Singapore", "lists": {"groups": [{"items": [], "count": 2, "type": "created"}]}}, {"tips": {"count": 0}, "contact": {"twitter": "juliusnuffsaid"}, "firstName": "Julius", "gender": "male", "lastName": "Lim", "id": "3628188", "bio": "", "photo": {"prefix": "https://igx.4sqi.net/img/user/", "suffix": "/blank_boy.png", "default": true}, "homeCity": "Singapore", "lists": {"groups": [{"items": [], "count": 2, "type": "created"}]}}, {"tips": {"count": 1}, "contact": {"facebook": "665218121"}, "firstName": "Siti", "gender": "female", "lastName": "Haryanti", "id": "39879086", "bio": "", "photo": {"prefix": "https://igx.4sqi.net/img/user/", "suffix": "/39879086-UZCVYZO2PY3NLNUJ.jpg"}, "homeCity": "Singapore", "lists": {"groups": [{"items": [], "count": 2, "type": "created"}]}}, {"tips": {"count": 0}, "contact": {"facebook": "665190724"}, "firstName": "Mohamed", "gender": "male", "lastName": "Satria", "id": "1264770", "bio": "", "photo": {"prefix": "https://igx.4sqi.net/img/user/", "suffix": "/V2RZ4PXDO0JSVNOD.jpg"}, "homeCity": "Jurong, Singapore", "lists": {"groups": [{"items": [], "count": 2, "type": "created"}]}}, {"tips": {"count": 7}, "contact": {}, "firstName": "Halimen", "gender": "male", "lastName": "Bullwhitebusa", "id": "3275780", "bio": "", "photo": {"prefix": "https://igx.4sqi.net/img/user/", "suffix": "/H1IDG342C0XHWQJE.jpg"}, "homeCity": "Singapore", "lists": {"groups": [{"items": [], "count": 2, "type": "created"}]}}, {"tips": {"count": 0}, "contact": {}, "firstName": "Jhane", "gender": "female", "lastName": "QuiAoiT", "id": "7585597", "bio": "", "photo": {"prefix": "https://igx.4sqi.net/img/user/", "suffix": "/313YUYSTMDZXSIDY.jpg"}, "homeCity": "Singapore", "lists": {"groups": [{"items": [], "count": 2, "type": "created"}]}}, {"tips": {"count": 0}, "contact": {"facebook": "532837899"}, "firstName": "Faizal", "gender": "male", "lastName": "Pekjal", "id": "4991441", "bio": "", "photo": {"prefix": "https://igx.4sqi.net/img/user/", "suffix": "/G0GYVRVJXHK0EFG5.jpg"}, "homeCity": "Singapore", "lists": {"groups": [{"items": [], "count": 2, "type": "created"}]}}, {"tips": {"count": 1}, "contact": {"twitter": "fyzjiggy", "facebook": "723574871"}, "firstName": "Fyz", "gender": "male", "lastName": "Jiggy", "id": "3632992", "bio": "", "photo": {"prefix": "https://igx.4sqi.net/img/user/", "suffix": "/4E4G1NJLAUWRTTX3.jpg"}, "homeCity": "Singapore", "lists": {"groups": [{"items": [], "count": 2, "type": "created"}]}}, {"tips": {"count": 21}, "contact": {"twitter": "jiayi_chen", "facebook": "507624739"}, "firstName": "Jiayi", "gender": "female", "lastName": "Chen", "id": "1269485", "bio": "", "photo": {"prefix": "https://igx.4sqi.net/img/user/", "suffix": "/0CUA40WOKUWQAG0C.jpg"}, "homeCity": "Singapore", "lists": {"groups": [{"items": [], "count": 2, "type": "created"}]}}, {"tips": {"count": 0}, "contact": {"twitter": "nhjsm", "facebook": "748151482"}, "firstName": "Eyla", "gender": "female", "lastName": "Huda", "id": "3392562", "bio": "", "photo": {"prefix": "https://igx.4sqi.net/img/user/", "suffix": "/VVY1MCJR4UWGTZDS.jpg"}, "homeCity": "Singapore", "lists": {"groups": [{"items": [], "count": 2, "type": "created"}]}}, {"tips": {"count": 0}, "contact": {"facebook": "719180168"}, "firstName": "Rina", "gender": "female", "lastName": "Jordana", "id": "10081784", "bio": "", "photo": {"prefix": "https://igx.4sqi.net/img/user/", "suffix": "/5VRGJ5K3VKA3SOPJ.jpg"}, "homeCity": "Shah Alam, Malaysia", "lists": {"groups": [{"items": [], "count": 2, "type": "created"}]}}, {"tips": {"count": 0}, "contact": {}, "firstName": "Nur", "gender": "female", "lastName": "Firdanie", "id": "9098083", "bio": "", "photo": {"prefix": "https://igx.4sqi.net/img/user/", "suffix": "/HOX4UL4YGIJSCDIM.jpg"}, "homeCity": "NY", "lists": {"groups": [{"items": [], "count": 2, "type": "created"}]}}, {"tips": {"count": 1}, "contact": {"facebook": "1073614700"}, "firstName": "Muhamad", "gender": "male", "lastName": "Faiz", "id": "3636410", "bio": "", "photo": {"prefix": "https://igx.4sqi.net/img/user/", "suffix": "/0FJBKYAZA5U4FIMO.jpg"}, "homeCity": "Singapore", "lists": {"groups": [{"items": [], "count": 2, "type": "created"}]}}, {"tips": {"count": 0}, "contact": {"facebook": "1269536546"}, "firstName": "Shaiful", "gender": "male", "id": "1397291", "bio": "", "photo": {"prefix": "https://igx.4sqi.net/img/user/", "suffix": "/4V14UTGGY3Z2OTA0.jpg"}, "homeCity": "Woodlands, Singapore", "lists": {"groups": [{"items": [], "count": 2, "type": "created"}]}}, {"tips": {"count": 0}, "contact": {}, "firstName": "Mohamad", "gender": "male", "lastName": "Saifullah", "id": "3393978", "bio": "", "photo": {"prefix": "https://igx.4sqi.net/img/user/", "suffix": "/YZTDDICG1VHVSWWY.jpg"}, "homeCity": "Singapore", "lists": {"groups": [{"items": [], "count": 2, "type": "created"}]}}, {"tips": {"count": 5}, "contact": {"twitter": "soulfoodlounge", "facebook": "10153211832056028"}, "firstName": "Franco", "gender": "none", "lastName": "Saracino", "id": "10821649", "bio": "www.proceedentertainment.com", "photo": {"prefix": "https://igx.4sqi.net/img/user/", "suffix": "/T1ZTL1U332CQQAV5.jpg"}, "homeCity": "Gen\u00e8ve", "lists": {"groups": [{"items": [], "count": 3, "type": "created"}]}}, {"tips": {"count": 5}, "contact": {"facebook": "548381012"}, "firstName": "BaByGhOsT", "gender": "female", "id": "3636419", "bio": "", "photo": {"prefix": "https://igx.4sqi.net/img/user/", "suffix": "/FSQ15KIQMRSIR3YE.jpg"}, "homeCity": "Singapore", "lists": {"groups": [{"items": [], "count": 2, "type": "created"}]}}, {"tips": {"count": 3}, "contact": {"twitter": "ryjm", "facebook": "580390281"}, "firstName": "Rachel", "gender": "female", "lastName": "Yong", "id": "1410041", "bio": "", "photo": {"prefix": "https://igx.4sqi.net/img/user/", "suffix": "/HGVWNSRIEUUUAMP5.jpg"}, "homeCity": "Yishun, Singapore", "lists": {"groups": [{"items": [], "count": 2, "type": "created"}]}}, {"tips": {"count": 0}, "contact": {}, "firstName": "Izdihar", "gender": "female", "lastName": "Nian", "id": "3671715", "bio": "", "photo": {"prefix": "https://igx.4sqi.net/img/user/", "suffix": "/blank_girl.png", "default": true}, "homeCity": "Singapore", "lists": {"groups": [{"items": [], "count": 2, "type": "created"}]}}, {"tips": {"count": 1}, "contact": {}, "firstName": "ElleWhyAnne", "gender": "none", "lastName": "Abdul Malek", "id": "13574774", "bio": "", "photo": {"prefix": "https://igx.4sqi.net/img/user/", "suffix": "/WSKS2YAJKQQWKZZU.jpg"}, "homeCity": "Singapore", "lists": {"groups": [{"items": [], "count": 2, "type": "created"}]}}, {"tips": {"count": 0}, "contact": {}, "firstName": "Kamal", "gender": "male", "lastName": "Ain", "id": "3835714", "bio": "", "photo": {"prefix": "https://igx.4sqi.net/img/user/", "suffix": "/blank_boy.png", "default": true}, "homeCity": "Singapore", "lists": {"groups": [{"items": [], "count": 2, "type": "created"}]}}, {"tips": {"count": 6}, "contact": {"twitter": "milsonng", "facebook": "10208305061797123"}, "firstName": "Milson", "gender": "male", "lastName": "Ng", "id": "1415601", "bio": "", "photo": {"prefix": "https://igx.4sqi.net/img/user/", "suffix": "/0JQZLV2AGMW1PIUQ.jpg"}, "homeCity": "Singapore", "lists": {"groups": [{"items": [], "count": 3, "type": "created"}]}}, {"tips": {"count": 5}, "contact": {"twitter": "profrosz", "facebook": "640073785"}, "firstName": "Rose", "gender": "female", "lastName": "Zanna", "id": "3674101", "bio": "", "photo": {"prefix": "https://igx.4sqi.net/img/user/", "suffix": "/XZTMRTBVX2ZRIED0.jpg"}, "homeCity": "Singapore", "lists": {"groups": [{"items": [], "count": 2, "type": "created"}]}}, {"tips": {"count": 0}, "contact": {"facebook": "627756279"}, "firstName": "Dong", "gender": "male", "lastName": "TZ", "id": "30748807", "bio": "", "photo": {"prefix": "https://igx.4sqi.net/img/user/", "suffix": "/H2UW5RKPBNHEARI0.jpg"}, "homeCity": "Las Vegas, NV", "lists": {"groups": [{"items": [], "count": 2, "type": "created"}]}}, {"tips": {"count": 1}, "contact": {"facebook": "572357105"}, "firstName": "Azlan", "gender": "male", "lastName": "Rais", "id": "3839057", "bio": "", "photo": {"prefix": "https://igx.4sqi.net/img/user/", "suffix": "/03DI35BQYVA5YETX.jpg"}, "homeCity": "Singapore", "lists": {"groups": [{"items": [], "count": 2, "type": "created"}]}}, {"tips": {"count": 0}, "contact": {"twitter": "wanjunc", "facebook": "657102130"}, "firstName": "jamie", "gender": "female", "lastName": "cheong", "id": "1443890", "bio": "", "photo": {"prefix": "https://igx.4sqi.net/img/user/", "suffix": "/LWQ2H4MLZSPI2UKM.jpg"}, "homeCity": "Choa Chu Kang, Singapore", "lists": {"groups": [{"items": [], "count": 2, "type": "created"}]}}, {"tips": {"count": 0}, "contact": {}, "firstName": "jane", "gender": "none", "lastName": "sng", "id": "3677893", "bio": "", "photo": {"prefix": "https://igx.4sqi.net/img/user/", "suffix": "/blank_boy.png", "default": true}, "homeCity": "Singapore", "lists": {"groups": [{"items": [], "count": 2, "type": "created"}]}}, {"tips": {"count": 0}, "contact": {}, "firstName": "Julz", "gender": "male", "lastName": "Fadlee", "id": "3877230", "bio": "", "photo": {"prefix": "https://igx.4sqi.net/img/user/", "suffix": "/blank_boy.png", "default": true}, "homeCity": "Singapore", "lists": {"groups": [{"items": [], "count": 2, "type": "created"}]}}, {"tips": {"count": 38}, "contact": {"twitter": "jillenerox", "facebook": "584373471"}, "firstName": "Jillene", "gender": "female", "lastName": "Tan", "id": "1528963", "bio": "", "photo": {"prefix": "https://igx.4sqi.net/img/user/", "suffix": "/3WA0VXUVOIWMMA15.jpg"}, "homeCity": "Tampines, Singapore", "lists": {"groups": [{"items": [], "count": 2, "type": "created"}]}}, {"tips": {"count": 1}, "contact": {"facebook": "838547523"}, "firstName": "Mohammad", "gender": "male", "lastName": "Hafeezrul", "id": "3693117", "bio": "", "photo": {"prefix": "https://igx.4sqi.net/img/user/", "suffix": "/4CY5JNU5OLVHQNVD.jpg"}, "homeCity": "Singapore", "lists": {"groups": [{"items": [], "count": 2, "type": "created"}]}}, {"tips": {"count": 0}, "contact": {"facebook": "566397493"}, "firstName": "Ahmad", "gender": "male", "lastName": "Zaki", "id": "3878395", "bio": "", "photo": {"prefix": "https://igx.4sqi.net/img/user/", "suffix": "/BI2PKSDKKZHFQ1U3.jpg"}, "homeCity": "New York, NY", "lists": {"groups": [{"items": [], "count": 2, "type": "created"}]}}, {"tips": {"count": 0}, "contact": {"twitter": "w1ndbreaker", "facebook": "673004734"}, "firstName": "Jeremy", "gender": "male", "lastName": "Sougaijam", "id": "1531037", "bio": "", "photo": {"prefix": "https://igx.4sqi.net/img/user/", "suffix": "/1Z4IFOBMJRVLUM1W.jpg"}, "homeCity": ", Singapore", "lists": {"groups": [{"items": [], "count": 2, "type": "created"}]}}, {"tips": {"count": 0}, "contact": {}, "firstName": "Botak", "gender": "male", "lastName": "Crime", "id": "3694484", "bio": "", "photo": {"prefix": "https://igx.4sqi.net/img/user/", "suffix": "/HQQBE5EQUKXKKBAK.jpg"}, "homeCity": "Singapore", "lists": {"groups": [{"items": [], "count": 2, "type": "created"}]}}, {"tips": {"count": 0}, "contact": {"twitter": "pulpul", "facebook": "612405258"}, "firstName": "Mohamad", "gender": "male", "lastName": "Shaiful", "id": "3924178", "bio": "", "photo": {"prefix": "https://igx.4sqi.net/img/user/", "suffix": "/FKJ0H533UNQXYJDK.jpg"}, "homeCity": "Singapore", "lists": {"groups": [{"items": [], "count": 2, "type": "created"}]}}, {"tips": {"count": 0}, "contact": {"twitter": "fatchapchew", "facebook": "654953582"}, "firstName": "Aida", "gender": "female", "lastName": "Chew", "id": "1540360", "bio": "", "photo": {"prefix": "https://igx.4sqi.net/img/user/", "suffix": "/1540360-HTYIQLRHS45XL1EC.jpg"}, "homeCity": "Perth, Western Australia", "lists": {"groups": [{"items": [], "count": 2, "type": "created"}]}}, {"tips": {"count": 0}, "contact": {}, "firstName": "Sherman", "gender": "male", "lastName": "Loh", "id": "3727566", "bio": "", "photo": {"prefix": "https://igx.4sqi.net/img/user/", "suffix": "/blank_boy.png", "default": true}, "homeCity": "Singapore", "lists": {"groups": [{"items": [], "count": 2, "type": "created"}]}}, {"tips": {"count": 0}, "contact": {"twitter": "nadhirah_s", "facebook": "677528881"}, "firstName": "Nadhirah s", "gender": "female", "id": "3942083", "bio": "", "photo": {"prefix": "https://igx.4sqi.net/img/user/", "suffix": "/WZ23MMTO3STGO1TL.jpg"}, "homeCity": "Singapore", "lists": {"groups": [{"items": [], "count": 2, "type": "created"}]}}, {"tips": {"count": 0}, "contact": {"facebook": "501038321"}, "firstName": "Melvin", "gender": "male", "lastName": "Ho", "id": "1575459", "bio": "", "photo": {"prefix": "https://igx.4sqi.net/img/user/", "suffix": "/UPUJPDKNQHPCE32Y.jpg"}, "homeCity": "Singapore", "lists": {"groups": [{"items": [], "count": 2, "type": "created"}]}}, {"tips": {"count": 2}, "contact": {"twitter": "wayanick", "facebook": "1272994751"}, "firstName": "wayan", "gender": "male", "lastName": "nick", "id": "3733223", "bio": "", "photo": {"prefix": "https://igx.4sqi.net/img/user/", "suffix": "/0DIXDVA2IV5VZBTO.jpg"}, "homeCity": "Singapore", "lists": {"groups": [{"items": [], "count": 2, "type": "created"}]}}, {"tips": {"count": 0}, "contact": {"facebook": "1302018011"}, "firstName": "Muhd Hanafi", "gender": "male", "lastName": "Mohd", "id": "4512186", "bio": "", "photo": {"prefix": "https://igx.4sqi.net/img/user/", "suffix": "/3CE5BANAUNSXNSQQ.jpg"}, "homeCity": "Singapore", "lists": {"groups": [{"items": [], "count": 2, "type": "created"}]}}, {"tips": {"count": 0}, "contact": {"facebook": "571641757"}, "firstName": "Calista", "gender": "female", "lastName": "Tan", "id": "1626428", "bio": "", "photo": {"prefix": "https://igx.4sqi.net/img/user/", "suffix": "/3IVIH4QK1WHF0WAM.jpg"}, "homeCity": "Melbourne, Australia", "lists": {"groups": [{"items": [], "count": 2, "type": "created"}]}}, {"tips": {"count": 0}, "contact": {"twitter": "w_tng", "facebook": "686456478"}, "firstName": "wendy", "gender": "female", "lastName": "tng", "id": "3856513", "bio": "", "photo": {"prefix": "https://igx.4sqi.net/img/user/", "suffix": "/DC40L0YFL5M4U4OE.jpg"}, "homeCity": "Singapore", "lists": {"groups": [{"items": [], "count": 2, "type": "created"}]}}, {"tips": {"count": 0}, "contact": {}, "firstName": "Uan", "gender": "male", "lastName": "Barricade", "id": "5089397", "bio": "", "photo": {"prefix": "https://igx.4sqi.net/img/user/", "suffix": "/BRLXFJLZL2LXI12K.jpg"}, "homeCity": "Unnamed Location", "lists": {"groups": [{"items": [], "count": 2, "type": "created"}]}}, {"tips": {"count": 1}, "contact": {"facebook": "556055655"}, "firstName": "Bernie", "gender": "male", "lastName": "Li", "id": "1629519", "bio": "", "photo": {"prefix": "https://igx.4sqi.net/img/user/", "suffix": "/ABGRMUPPMVC32X4B.jpg"}, "homeCity": "Singapore", "lists": {"groups": [{"items": [], "count": 2, "type": "created"}]}}, {"tips": {"count": 0}, "contact": {"facebook": "703158886"}, "firstName": "bloated", "gender": "male", "lastName": "monkey", "id": "3862782", "bio": "", "photo": {"prefix": "https://igx.4sqi.net/img/user/", "suffix": "/14K4L2H3UE3P4FD5.jpg"}, "homeCity": "Singapore", "lists": {"groups": [{"items": [], "count": 2, "type": "created"}]}}, {"tips": {"count": 4}, "contact": {}, "firstName": "Fyqa", "gender": "female", "lastName": "Hamid", "id": "5091907", "bio": "", "photo": {"prefix": "https://igx.4sqi.net/img/user/", "suffix": "/X2431GW3W042XZJ0.jpg"}, "homeCity": "+65", "lists": {"groups": [{"items": [], "count": 2, "type": "created"}]}}, {"tips": {"count": 1}, "contact": {}, "firstName": "Wd", "gender": "male", "lastName": "Walid", "id": "1636203", "bio": "", "photo": {"prefix": "https://igx.4sqi.net/img/user/", "suffix": "/GZFHR2IODFKBK30V.jpg"}, "homeCity": "Singapore", "lists": {"groups": [{"items": [], "count": 2, "type": "created"}]}}, {"tips": {"count": 1}, "contact": {"twitter": "ajirokhadi", "facebook": "616302618"}, "firstName": "Aji", "gender": "male", "lastName": "Rokhadi", "id": "3881126", "bio": "", "photo": {"prefix": "https://igx.4sqi.net/img/user/", "suffix": "/3881126-Q5RRCTUV3WGGGLEU.jpg"}, "homeCity": "Singapore", "lists": {"groups": [{"items": [], "count": 2, "type": "created"}]}}, {"tips": {"count": 0}, "contact": {}, "firstName": "Ayumi", "gender": "female", "lastName": "Cullen", "id": "5381849", "bio": "", "photo": {"prefix": "https://igx.4sqi.net/img/user/", "suffix": "/BGVYVLJLGALN1KVF.jpg"}, "homeCity": "Singapore", "lists": {"groups": [{"items": [], "count": 2, "type": "created"}]}}, {"tips": {"count": 0}, "contact": {"twitter": "iamfendy", "facebook": "634402603"}, "firstName": "Fendy", "gender": "male", "lastName": "Chandra", "id": "1641427", "bio": "", "photo": {"prefix": "https://igx.4sqi.net/img/user/", "suffix": "/LCG35WMIIAUAKTAQ.jpg"}, "homeCity": ", Singapore", "lists": {"groups": [{"items": [], "count": 2, "type": "created"}]}}, {"tips": {"count": 0}, "contact": {"facebook": "704351709"}, "firstName": "Mahathir", "gender": "male", "lastName": "Aziz", "id": "4008759", "bio": "", "photo": {"prefix": "https://igx.4sqi.net/img/user/", "suffix": "/EFUO3CALQCO4JNJ3.jpg"}, "homeCity": "Singapore", "lists": {"groups": [{"items": [], "count": 2, "type": "created"}]}}, {"tips": {"count": 12}, "contact": {"facebook": "100004030375735"}, "firstName": "Xue Yong", "gender": "male", "lastName": "\u5b66\u52c7", "id": "7375804", "bio": "", "photo": {"prefix": "https://igx.4sqi.net/img/user/", "suffix": "/7375804-L2DSUFOCGGWPG05T.jpg"}, "homeCity": "Singapore", "lists": {"groups": [{"items": [], "count": 2, "type": "created"}]}}, {"tips": {"count": 0}, "contact": {"facebook": "873625306"}, "firstName": "Jeremy", "gender": "male", "lastName": "Seow", "id": "1653339", "bio": "", "photo": {"prefix": "https://igx.4sqi.net/img/user/", "suffix": "/20KC1CBYDZHMUBU0.jpg"}, "homeCity": "Singapore", "lists": {"groups": [{"items": [], "count": 2, "type": "created"}]}}, {"tips": {"count": 0}, "contact": {"facebook": "1667617956"}, "firstName": "Daing", "gender": "male", "lastName": "Afdal", "id": "4138578", "bio": "", "photo": {"prefix": "https://igx.4sqi.net/img/user/", "suffix": "/OTTK24M4GDQTJDJI.jpg"}, "homeCity": "Singapore", "lists": {"groups": [{"items": [], "count": 2, "type": "created"}]}}, {"tips": {"count": 0}, "contact": {"facebook": "516557579"}, "firstName": "Hadi", "gender": "male", "lastName": "Muska", "id": "7381640", "bio": "", "photo": {"prefix": "https://igx.4sqi.net/img/user/", "suffix": "/EYG52ZBBR13QJWAR.jpg"}, "homeCity": "Singapore", "lists": {"groups": [{"items": [], "count": 2, "type": "created"}]}}, {"tips": {"count": 0}, "contact": {"twitter": "drifhara"}, "firstName": "Dwy", "gender": "female", "lastName": "Rifhara", "id": "1690390", "bio": "", "photo": {"prefix": "https://igx.4sqi.net/img/user/", "suffix": "/CUN3D42WOL0DZPZK.jpg"}, "homeCity": "Jakarta, South Jakarta", "lists": {"groups": [{"items": [], "count": 2, "type": "created"}]}}, {"tips": {"count": 0}, "contact": {}, "firstName": "Nadealova", "gender": "female", "lastName": "Aishiteru", "id": "4605829", "bio": "", "photo": {"prefix": "https://igx.4sqi.net/img/user/", "suffix": "/blank_girl.png", "default": true}, "homeCity": "New York, NY", "lists": {"groups": [{"items": [], "count": 2, "type": "created"}]}}, {"tips": {"count": 0}, "contact": {"facebook": "1426025230"}, "firstName": "Irra", "gender": "female", "lastName": "Wonder", "id": "8257252", "bio": "", "photo": {"prefix": "https://igx.4sqi.net/img/user/", "suffix": "/blank_girl.png", "default": true}, "homeCity": "Kuala Lumpur, Malaysia", "lists": {"groups": [{"items": [], "count": 2, "type": "created"}]}}, {"tips": {"count": 2}, "contact": {"twitter": "greginsingapore", "facebook": "761944279"}, "firstName": "Gregory", "gender": "male", "lastName": "Gumo", "id": "1690475", "bio": "", "photo": {"prefix": "https://igx.4sqi.net/img/user/", "suffix": "/1H1PTI1T4ALXCAT1.jpg"}, "homeCity": "Yokohama, Japan", "lists": {"groups": [{"items": [], "count": 2, "type": "created"}]}}, {"tips": {"count": 2}, "contact": {"twitter": "sazali10", "facebook": "554774655"}, "firstName": "Sazali", "gender": "male", "lastName": "Ali", "id": "5297138", "bio": "", "photo": {"prefix": "https://igx.4sqi.net/img/user/", "suffix": "/2XRDUB3CDBZH15TM.jpg"}, "homeCity": "Singapore", "lists": {"groups": [{"items": [], "count": 2, "type": "created"}]}}, {"tips": {"count": 3}, "contact": {"twitter": "azasupernova", "facebook": "631736948"}, "firstName": "Azahar", "gender": "male", "lastName": "Zainuddin", "id": "1830495", "bio": "", "photo": {"prefix": "https://igx.4sqi.net/img/user/", "suffix": "/52RZ4D532O5OCNC4.jpg"}, "homeCity": "Singapore", "lists": {"groups": [{"items": [], "count": 2, "type": "created"}]}}, {"tips": {"count": 0}, "contact": {}, "firstName": "Sham", "gender": "male", "id": "5775459", "bio": "", "photo": {"prefix": "https://igx.4sqi.net/img/user/", "suffix": "/HFKEWQODFV5L4NWN.jpg"}, "homeCity": "Singapore", "lists": {"groups": [{"items": [], "count": 2, "type": "created"}]}}, {"tips": {"count": 0}, "contact": {"facebook": "566929096"}, "firstName": "Ignatius", "gender": "male", "lastName": "Shawn", "id": "1885438", "bio": "", "photo": {"prefix": "https://igx.4sqi.net/img/user/", "suffix": "/P3WFJQFEWYRNA3O4.jpg"}, "homeCity": "Singapore", "lists": {"groups": [{"items": [], "count": 2, "type": "created"}]}}, {"tips": {"count": 0}, "contact": {"facebook": "100000334295598"}, "firstName": "Ayumi", "gender": "female", "lastName": "Cullen", "id": "5872016", "bio": "", "photo": {"prefix": "https://igx.4sqi.net/img/user/", "suffix": "/TEDAXJOLAFFZ2OAF.jpg"}, "homeCity": "Singapore", "lists": {"groups": [{"items": [], "count": 2, "type": "created"}]}}, {"tips": {"count": 1}, "contact": {"twitter": "pongpongboy"}, "firstName": "Wei Pin", "gender": "male", "id": "2043642", "bio": "", "photo": {"prefix": "https://igx.4sqi.net/img/user/", "suffix": "/K0AXCMOL0ERJVTW5.jpg"}, "homeCity": "Singapore", "lists": {"groups": [{"items": [], "count": 2, "type": "created"}]}}, {"tips": {"count": 0}, "contact": {"facebook": "688662582"}, "firstName": "izah", "gender": "female", "id": "6153383", "bio": "", "photo": {"prefix": "https://igx.4sqi.net/img/user/", "suffix": "/OOJKSV3N5ISDEQNJ.jpg"}, "homeCity": "Singapore", "lists": {"groups": [{"items": [], "count": 2, "type": "created"}]}}, {"tips": {"count": 0}, "contact": {"twitter": "twirlylollipop", "facebook": "530493781"}, "firstName": "Connieeee", "gender": "female", "id": "2055044", "bio": "", "photo": {"prefix": "https://igx.4sqi.net/img/user/", "suffix": "/UX2M0YXWNBM0MQJE.jpg"}, "homeCity": "Singapore, SG", "lists": {"groups": [{"items": [], "count": 2, "type": "created"}]}}, {"tips": {"count": 0}, "contact": {}, "firstName": "Syawal", "gender": "male", "lastName": "Yusoff", "id": "6410760", "bio": "", "photo": {"prefix": "https://igx.4sqi.net/img/user/", "suffix": "/TCZADDQKL5YJTXXT.jpg"}, "homeCity": "Singapore", "lists": {"groups": [{"items": [], "count": 2, "type": "created"}]}}, {"tips": {"count": 1}, "contact": {"facebook": "738399141"}, "firstName": "Xian En", "gender": "male", "lastName": "Yee", "id": "2168667", "bio": "", "photo": {"prefix": "https://igx.4sqi.net/img/user/", "suffix": "/4KZ43SOTIQQZTCG4.jpg"}, "homeCity": "singapore", "lists": {"groups": [{"items": [], "count": 2, "type": "created"}]}}, {"tips": {"count": 0}, "contact": {"facebook": "716563658"}, "firstName": "Hasyer", "gender": "male", "lastName": "Umar", "id": "6429855", "bio": "", "photo": {"prefix": "https://igx.4sqi.net/img/user/", "suffix": "/CWGUPWR0GZPGH2MN.jpg"}, "homeCity": "Singapore", "lists": {"groups": [{"items": [], "count": 2, "type": "created"}]}}, {"tips": {"count": 5}, "contact": {"facebook": "599146863"}, "firstName": "Drake", "gender": "male", "lastName": "Lim", "id": "2222132", "bio": "", "photo": {"prefix": "https://igx.4sqi.net/img/user/", "suffix": "/ZTUHBOMRUG53EWKJ.jpg"}, "homeCity": "Singapore", "lists": {"groups": [{"items": [], "count": 2, "type": "created"}]}}, {"superuser": 2, "tips": {"count": 53}, "contact": {}, "firstName": "Ming Siu", "gender": "male", "lastName": "Goh", "id": "8826344", "bio": "", "photo": {"prefix": "https://igx.4sqi.net/img/user/", "suffix": "/8826344-Q3LNVPPRY1VBNEIB.jpg"}, "homeCity": "Singapore", "lists": {"groups": [{"items": [], "count": 6, "type": "created"}]}}, {"tips": {"count": 1}, "contact": {"facebook": "1100595843"}, "firstName": "Mazrul haidie", "gender": "male", "lastName": "Mahfudz", "id": "2455769", "bio": "", "photo": {"prefix": "https://igx.4sqi.net/img/user/", "suffix": "/ZYNCPAH3FZR1ZT25.jpg"}, "homeCity": "Singapore", "lists": {"groups": [{"items": [], "count": 2, "type": "created"}]}}, {"tips": {"count": 0}, "contact": {"facebook": "709951628"}, "firstName": "Horace", "gender": "male", "lastName": "Cheng", "id": "10956772", "bio": "", "photo": {"prefix": "https://igx.4sqi.net/img/user/", "suffix": "/HVECES14W0BU4TU4.jpg"}, "homeCity": "Singapore", "lists": {"groups": [{"items": [], "count": 3, "type": "created"}]}}, {"tips": {"count": 6}, "contact": {"facebook": "715094122"}, "firstName": "Le", "gender": "female", "lastName": "Amor", "id": "2456173", "bio": "", "photo": {"prefix": "https://igx.4sqi.net/img/user/", "suffix": "/MHWNLWBA5FOABVRT.jpg"}, "homeCity": "Singapore", "lists": {"groups": [{"items": [], "count": 2, "type": "created"}]}}, {"tips": {"count": 12}, "contact": {"twitter": "mitchymich", "facebook": "1427696105"}, "firstName": "michelle", "gender": "female", "lastName": "gabillete", "id": "2481335", "bio": "", "photo": {"prefix": "https://igx.4sqi.net/img/user/", "suffix": "/22SW01GHPHNR14W0.jpg"}, "homeCity": "Singapore", "lists": {"groups": [{"items": [], "count": 2, "type": "created"}]}}, {"tips": {"count": 2}, "contact": {}, "firstName": "Ben & Jerry's SG", "gender": "male", "id": "2531791", "bio": "", "photo": {"prefix": "https://igx.4sqi.net/img/user/", "suffix": "/ES5HVZSAD3RVCECR.jpg"}, "homeCity": "Singapore", "lists": {"groups": [{"items": [], "count": 2, "type": "created"}]}}, {"tips": {"count": 2}, "contact": {"twitter": "mrmrsshah", "facebook": "100002623989799"}, "firstName": "Amylia", "gender": "male", "lastName": "Shah", "id": "2539044", "bio": "", "photo": {"prefix": "https://igx.4sqi.net/img/user/", "suffix": "/PK1CCPZHO4HC0QBF.jpg"}, "homeCity": "Singapore", "lists": {"groups": [{"items": [], "count": 2, "type": "created"}]}}, {"tips": {"count": 0}, "contact": {"twitter": "merc_qin"}, "firstName": "Syazani", "gender": "male", "lastName": "Sadiqin", "id": "3018106", "bio": "", "photo": {"prefix": "https://igx.4sqi.net/img/user/", "suffix": "/SKJGO0RDVBKIJSRF.jpg"}, "homeCity": "Singapore", "lists": {"groups": [{"items": [], "count": 2, "type": "created"}]}}, {"tips": {"count": 0}, "contact": {}, "firstName": "Xu Wen", "gender": "male", "lastName": "Lim", "id": "3084930", "bio": "", "photo": {"prefix": "https://igx.4sqi.net/img/user/", "suffix": "/NSB0CWPCOETMHTNR.jpg"}, "homeCity": "Singapore", "lists": {"groups": [{"items": [], "count": 2, "type": "created"}]}}, {"tips": {"count": 1}, "contact": {"twitter": "mdsophian", "facebook": "703447713"}, "firstName": "Mohd Sophian", "gender": "male", "lastName": "Ayob", "id": "3222520", "bio": "", "photo": {"prefix": "https://igx.4sqi.net/img/user/", "suffix": "/3222520-50CQ1301JICF0QSU.jpg"}, "homeCity": "Singapore", "lists": {"groups": [{"items": [], "count": 2, "type": "created"}]}}, {"tips": {"count": 0}, "contact": {"facebook": "520710309"}, "firstName": "Cecilia", "gender": "female", "lastName": "Tan", "id": "3223737", "bio": "", "photo": {"prefix": "https://igx.4sqi.net/img/user/", "suffix": "/Z1R2QZBYJ00KVC4M.jpg"}, "homeCity": "Singapore", "lists": {"groups": [{"items": [], "count": 2, "type": "created"}]}}, {"tips": {"count": 2}, "contact": {"facebook": "651919212"}, "firstName": "Halif", "gender": "male", "lastName": "Shahrom", "id": "3374382", "bio": "", "photo": {"prefix": "https://igx.4sqi.net/img/user/", "suffix": "/WD5ISHSGB31QNXTF.jpg"}, "homeCity": "Singapore", "lists": {"groups": [{"items": [], "count": 2, "type": "created"}]}}, {"tips": {"count": 0}, "contact": {}, "firstName": "Saifuddin", "gender": "male", "lastName": "Julaimi", "id": "3398749", "bio": "", "photo": {"prefix": "https://igx.4sqi.net/img/user/", "suffix": "/XXVDPBFUQRC0TLZL.jpg"}, "homeCity": "Singapore", "lists": {"groups": [{"items": [], "count": 2, "type": "created"}]}}, {"tips": {"count": 0}, "contact": {"twitter": "fussborhan", "facebook": "100000027388350"}, "firstName": "Fasehah", "gender": "female", "lastName": "Borhan", "id": "3412161", "bio": "", "photo": {"prefix": "https://igx.4sqi.net/img/user/", "suffix": "/PQQ5OY5JPY4OEQO1.jpg"}, "homeCity": "Singapore", "lists": {"groups": [{"items": [], "count": 2, "type": "created"}]}}, {"tips": {"count": 0}, "contact": {}, "firstName": "Qayyim", "gender": "male", "lastName": "Isa", "id": "3412732", "bio": "", "photo": {"prefix": "https://igx.4sqi.net/img/user/", "suffix": "/AE3V44VX5IPIW0H2.jpg"}, "homeCity": "Singapore", "lists": {"groups": [{"items": [], "count": 2, "type": "created"}]}}, {"tips": {"count": 1}, "contact": {}, "firstName": "sher", "gender": "female", "lastName": "hussy", "id": "3491800", "bio": "", "photo": {"prefix": "https://igx.4sqi.net/img/user/", "suffix": "/IZC5E4BAYJ50KU0F.jpg"}, "homeCity": "Singapore", "lists": {"groups": [{"items": [], "count": 2, "type": "created"}]}}, {"tips": {"count": 4}, "contact": {"twitter": "deerosydee", "facebook": "712377952"}, "firstName": "Diana", "gender": "female", "lastName": "Rosidi", "id": "3637493", "bio": "", "photo": {"prefix": "https://igx.4sqi.net/img/user/", "suffix": "/PVJSX2T21KGESD5L.jpg"}, "homeCity": "Singapore", "lists": {"groups": [{"items": [], "count": 2, "type": "created"}]}}, {"tips": {"count": 0}, "contact": {}, "firstName": "Junry", "gender": "female", "lastName": "Lim", "id": "3711949", "bio": "", "photo": {"prefix": "https://igx.4sqi.net/img/user/", "suffix": "/N3TMNKHGHKLVIIAY.jpg"}, "homeCity": "Singapore", "lists": {"groups": [{"items": [], "count": 2, "type": "created"}]}}, {"tips": {"count": 0}, "contact": {}, "firstName": "Izdihar", "gender": "female", "lastName": "Nian", "id": "3767372", "bio": "", "photo": {"prefix": "https://igx.4sqi.net/img/user/", "suffix": "/23Y12JYKEWLKSCJD.jpg"}, "homeCity": "Singapore", "lists": {"groups": [{"items": [], "count": 2, "type": "created"}]}}, {"tips": {"count": 0}, "contact": {"twitter": "lil_hellion_", "facebook": "1010393531"}, "firstName": "Ryn", "gender": "female", "lastName": "Salim", "id": "3818085", "bio": "", "photo": {"prefix": "https://igx.4sqi.net/img/user/", "suffix": "/L1G0TBM4HXIATS3F.jpg"}, "homeCity": "Singapore", "lists": {"groups": [{"items": [], "count": 2, "type": "created"}]}}, {"tips": {"count": 1}, "contact": {"facebook": "721167921"}, "firstName": "Nooroll", "gender": "female", "lastName": "Ayyn", "id": "4003523", "bio": "", "photo": {"prefix": "https://igx.4sqi.net/img/user/", "suffix": "/MAUZYTNXVXO1X3TB.jpg"}, "homeCity": "Singapore", "lists": {"groups": [{"items": [], "count": 2, "type": "created"}]}}, {"tips": {"count": 1}, "contact": {}, "firstName": "Moon", "gender": "female", "lastName": "Nh", "id": "4081479", "bio": "", "photo": {"prefix": "https://igx.4sqi.net/img/user/", "suffix": "/U3FKJ1H02POEN4X5.jpg"}, "homeCity": "Singapore", "lists": {"groups": [{"items": [], "count": 2, "type": "created"}]}}, {"tips": {"count": 0}, "contact": {}, "firstName": "Junxian", "gender": "male", "lastName": "Zhang", "id": "4200835", "bio": "", "photo": {"prefix": "https://igx.4sqi.net/img/user/", "suffix": "/blank_boy.png", "default": true}, "homeCity": "New York, NY", "lists": {"groups": [{"items": [], "count": 2, "type": "created"}]}}, {"tips": {"count": 0}, "contact": {}, "firstName": "Josh", "gender": "male", "id": "6018870", "bio": "", "photo": {"prefix": "https://igx.4sqi.net/img/user/", "suffix": "/KKXBCXC2EZ0XIPLK.jpg"}, "homeCity": "Singapore", "lists": {"groups": [{"items": [], "count": 2, "type": "created"}]}}, {"tips": {"count": 1}, "contact": {"facebook": "100001869607874"}, "firstName": "Muhammad", "gender": "male", "lastName": "Shukor", "id": "6112634", "bio": "", "photo": {"prefix": "https://igx.4sqi.net/img/user/", "suffix": "/E3GSP4XAY1SU3YXT.jpg"}, "homeCity": "Singapore", "lists": {"groups": [{"items": [], "count": 2, "type": "created"}]}}, {"tips": {"count": 1}, "contact": {"twitter": "weijiexoxo", "facebook": "605266629"}, "firstName": "Chen", "gender": "female", "lastName": "Weijie", "id": "6124294", "bio": "", "photo": {"prefix": "https://igx.4sqi.net/img/user/", "suffix": "/Y5WX4G0IWOE5BKLE.jpg"}, "homeCity": "Singapore", "lists": {"groups": [{"items": [], "count": 2, "type": "created"}]}}, {"tips": {"count": 1}, "contact": {"facebook": "565367659"}, "firstName": "Cleego", "gender": "male", "lastName": "Lupino", "id": "6362211", "bio": "", "photo": {"prefix": "https://igx.4sqi.net/img/user/", "suffix": "/FN0ABHBAT2GW1ZWG.jpg"}, "homeCity": "Teck Whye, Singapore", "lists": {"groups": [{"items": [], "count": 2, "type": "created"}]}}, {"tips": {"count": 0}, "contact": {"facebook": "628190666"}, "firstName": "Kelvin", "gender": "male", "lastName": "Tan", "id": "7309556", "bio": "", "photo": {"prefix": "https://igx.4sqi.net/img/user/", "suffix": "/PULM3FXX1Q1HPUEY.jpg"}, "homeCity": "Singapore", "lists": {"groups": [{"items": [], "count": 2, "type": "created"}]}}, {"tips": {"count": 0}, "contact": {"twitter": "audreteo", "facebook": "659175791"}, "firstName": "Audre", "gender": "female", "lastName": "Teo", "id": "7311506", "bio": "", "photo": {"prefix": "https://igx.4sqi.net/img/user/", "suffix": "/SMZMXS1ZMRTEBS0C.jpg"}, "homeCity": "Singapore", "lists": {"groups": [{"items": [], "count": 2, "type": "created"}]}}, {"tips": {"count": 0}, "contact": {"twitter": "jlnriang", "facebook": "521585041"}, "firstName": "Jaycee", "gender": "male", "lastName": "Feng", "id": "8779531", "bio": "", "photo": {"prefix": "https://igx.4sqi.net/img/user/", "suffix": "/blank_boy.png", "default": true}, "homeCity": "NY", "lists": {"groups": [{"items": [], "count": 2, "type": "created"}]}}, {"tips": {"count": 0}, "contact": {"facebook": "100002684578904"}, "firstName": "Sihui", "gender": "female", "lastName": "Kerrie", "id": "83558963", "bio": "", "photo": {"prefix": "https://igx.4sqi.net/img/user/", "suffix": "/blank_girl.png", "default": true}, "homeCity": "Singapore", "lists": {"groups": [{"items": [], "count": 2, "type": "created"}]}}], "count": 228}, "checksum": "8c21c7b5f417f533c87972b7f0a68da51667aa44"}, "meta": {"requestId": "5965bd484c1f67701dc3fb1a", "code": 200}}