{"notifications": [{"type": "notificationTray", "item": {"unreadCount": 0}}], "meta": {"requestId": "5966d955351e3d4795590fb8", "code": 200}, "response": {"friends": {"count": 252, "items": [{"id": "286427", "photo": {"prefix": "https://igx.4sqi.net/img/user/", "suffix": "/BQODELOYU34CMCTJ.jpg"}, "homeCity": "Singapore", "contact": {"facebook": "598180568", "twitter": "sparklette"}, "firstName": "Veron @ Sparklette.net", "tips": {"count": 247}, "gender": "female", "lists": {"groups": [{"count": 2, "type": "created", "items": []}]}, "bio": ""}, {"id": "423540", "photo": {"prefix": "https://igx.4sqi.net/img/user/", "suffix": "/0VMO5SKOV1MU3HRV.jpg"}, "homeCity": "Singapore", "contact": {"facebook": "573865960", "twitter": "gracejyh"}, "firstName": "Grace", "tips": {"count": 0}, "gender": "female", "lastName": "Jiang", "lists": {"groups": [{"count": 2, "type": "created", "items": []}]}, "bio": ""}, {"id": "252299", "photo": {"prefix": "https://igx.4sqi.net/img/user/", "suffix": "/NGLODS0MQYNH5IDD.jpg"}, "homeCity": "London, UK", "contact": {"facebook": "529071170", "twitter": "areshaonline"}, "firstName": "Aresha", "tips": {"count": 14}, "gender": "female", "lists": {"groups": [{"count": 2, "type": "created", "items": []}]}, "bio": ""}, {"id": "445596", "photo": {"prefix": "https://igx.4sqi.net/img/user/", "suffix": "/11T3T1IZ454FUF2R.jpg"}, "homeCity": "Singapore", "contact": {"facebook": "671486187", "twitter": "thecottonshoppe"}, "firstName": "Vivien", "tips": {"count": 14}, "gender": "female", "lastName": "Tan", "lists": {"groups": [{"count": 2, "type": "created", "items": []}]}, "bio": ""}, {"id": "197577", "photo": {"prefix": "https://igx.4sqi.net/img/user/", "suffix": "/197577-GHBEX2RRDLGT2SG0.jpg"}, "homeCity": "Singapore", "contact": {"facebook": "866490647"}, "firstName": "Faith", "tips": {"count": 8}, "gender": "female", "lastName": "Toh", "lists": {"groups": [{"count": 2, "type": "created", "items": []}]}, "bio": ""}, {"id": "609606", "photo": {"prefix": "https://igx.4sqi.net/img/user/", "suffix": "/3WOVSYNGNKTQUA4K.jpg"}, "homeCity": "Singapore", "contact": {"facebook": "635361630", "twitter": "strawberryroses"}, "firstName": "Christabel", "tips": {"count": 1}, "gender": "female", "lastName": "Fernandes", "lists": {"groups": [{"count": 2, "type": "created", "items": []}]}, "bio": ""}, {"id": "319995", "photo": {"prefix": "https://igx.4sqi.net/img/user/", "suffix": "/LW02QTGIY3NHVCNP.jpg"}, "homeCity": "Singapore", "contact": {"facebook": "727511680", "twitter": "luxequeen"}, "firstName": "Clementine Rogers", "tips": {"count": 5}, "gender": "female", "lists": {"groups": [{"count": 2, "type": "created", "items": []}]}, "bio": ""}, {"id": "7209", "photo": {"prefix": "https://igx.4sqi.net/img/user/", "suffix": "/7209-YJKVQ23UTMFBDNLW.jpg"}, "homeCity": "Singapore", "contact": {"facebook": "541388141", "twitter": "timisiytangco"}, "firstName": "Timi", "tips": {"count": 19}, "gender": "female", "lastName": "Siytangco", "lists": {"groups": [{"count": 3, "type": "created", "items": []}]}, "bio": "Hedonist geek requiring regular feeding"}, {"id": "154331", "photo": {"prefix": "https://igx.4sqi.net/img/user/", "suffix": "/IMQ4PLMRGZEFAFFZ.jpg"}, "homeCity": "\u5317\u4eac", "contact": {}, "firstName": "Rachel", "tips": {"count": 5}, "gender": "female", "lastName": "Liu", "lists": {"groups": [{"count": 2, "type": "created", "items": []}]}, "bio": ""}, {"id": "842827", "photo": {"prefix": "https://igx.4sqi.net/img/user/", "suffix": "/KOVD0D2WIECHRDOQ.jpg"}, "homeCity": "Singapore", "contact": {"facebook": "544355014", "twitter": "anoirnan"}, "firstName": "Sue-Anne", "tips": {"count": 32}, "gender": "female", "lastName": "Chng", "lists": {"groups": [{"count": 2, "type": "created", "items": []}]}, "bio": ""}, {"id": "581623", "photo": {"prefix": "https://igx.4sqi.net/img/user/", "suffix": "/LEW3S0DCENXNTTC0.jpg"}, "homeCity": "Singapore, SIngapore", "contact": {"facebook": "10152757054645286", "twitter": "deejeecheng"}, "firstName": "Dee Jee", "tips": {"count": 8}, "gender": "female", "lists": {"groups": [{"count": 2, "type": "created", "items": []}]}, "bio": ""}, {"id": "509097", "photo": {"prefix": "https://igx.4sqi.net/img/user/", "suffix": "/KZMFLYALEJGKCK1I.jpg"}, "homeCity": "Singapore", "contact": {"facebook": "650943439", "twitter": "pamelaseak"}, "firstName": "Pamela", "tips": {"count": 4}, "gender": "female", "lastName": "Seak", "lists": {"groups": [{"count": 2, "type": "created", "items": []}]}, "bio": ""}, {"id": "286528", "photo": {"prefix": "https://igx.4sqi.net/img/user/", "suffix": "/Z3HD4OQSDNECKSIB.jpg"}, "homeCity": "Singapore", "contact": {"twitter": "eisen"}, "firstName": "Eisen", "tips": {"count": 3}, "gender": "male", "lastName": "Teo", "lists": {"groups": [{"count": 2, "type": "created", "items": []}]}, "bio": ""}, {"id": "254278", "photo": {"prefix": "https://igx.4sqi.net/img/user/", "suffix": "/442K5TSRGMEEQPYP.jpg"}, "homeCity": "Austin, TX", "contact": {"facebook": "507310361", "twitter": "andriastanley"}, "firstName": "Andria", "tips": {"count": 0}, "gender": "female", "lastName": "Stanley", "lists": {"groups": [{"count": 2, "type": "created", "items": []}]}, "bio": ""}, {"id": "449251", "photo": {"prefix": "https://igx.4sqi.net/img/user/", "suffix": "/HS5QE3C1NCEZ3AWB.jpg"}, "homeCity": "Singapore", "contact": {"facebook": "588810446", "twitter": "joyous"}, "firstName": "Joy", "tips": {"count": 2}, "gender": "female", "lastName": "Yap", "lists": {"groups": [{"count": 2, "type": "created", "items": []}]}, "bio": ""}, {"id": "304976", "photo": {"prefix": "https://igx.4sqi.net/img/user/", "suffix": "/VLOE2MS1YW0YNG2C.jpg"}, "homeCity": "San Diego, CA", "contact": {"facebook": "1724826231"}, "firstName": "Rachel", "tips": {"count": 0}, "gender": "female", "lastName": "Dick", "lists": {"groups": [{"count": 2, "type": "created", "items": []}]}, "bio": ""}, {"id": "753854", "photo": {"prefix": "https://igx.4sqi.net/img/user/", "suffix": "/HJMIP2E4QPTD2SE4.jpg"}, "homeCity": "Sugar Land, TX", "contact": {"facebook": "1243500438", "twitter": "marysarahmusic"}, "firstName": "Mary Sarah", "tips": {"count": 13}, "gender": "female", "lists": {"groups": [{"count": 2, "type": "created", "items": []}]}, "bio": ""}, {"id": "325659", "photo": {"prefix": "https://igx.4sqi.net/img/user/", "suffix": "/BHOBKHCLDJDFL1K0.jpg"}, "homeCity": "Singapore", "contact": {"twitter": "abbyling"}, "firstName": "Abby", "tips": {"count": 1}, "gender": "female", "lastName": "Ling", "lists": {"groups": [{"count": 2, "type": "created", "items": []}]}, "bio": ""}, {"id": "468471", "photo": {"prefix": "https://igx.4sqi.net/img/user/", "suffix": "/GFTSYWQEK5X2TU3U.jpg"}, "homeCity": "Quezon City, NCR", "contact": {}, "firstName": "Cookie", "tips": {"count": 58}, "gender": "female", "lastName": "Bartolome", "lists": {"groups": [{"count": 2, "type": "created", "items": []}]}, "bio": ""}, {"id": "828155", "photo": {"prefix": "https://igx.4sqi.net/img/user/", "suffix": "/828155-GPXKNK5SMD4EKU4M.jpg"}, "homeCity": "Singapore, Singapore", "contact": {"facebook": "667505460", "twitter": "simplyshimona"}, "firstName": "simplyshimona", "tips": {"count": 12}, "gender": "female", "lists": {"groups": [{"count": 8, "type": "created", "items": []}]}, "bio": "Singer-Songwriter\r\nwww.shimonakee.com\r\nwww.facebook.com/shimonakee"}, {"id": "855510", "photo": {"prefix": "https://igx.4sqi.net/img/user/", "suffix": "/VQEUESMJHMQODSLU.jpg"}, "homeCity": "Singapore", "contact": {"twitter": "pocketmycat"}, "firstName": "Shuwen", "tips": {"count": 0}, "gender": "female", "lastName": "Chng", "lists": {"groups": [{"count": 2, "type": "created", "items": []}]}, "bio": ""}, {"id": "581701", "photo": {"prefix": "https://igx.4sqi.net/img/user/", "suffix": "/XNR2M44BPBBO30IN.jpg"}, "homeCity": "Singapore", "contact": {"facebook": "713910720", "twitter": "tofraility"}, "firstName": "Jasmine", "tips": {"count": 3}, "gender": "female", "lastName": "Esther", "lists": {"groups": [{"count": 2, "type": "created", "items": []}]}, "bio": ""}, {"id": "1031427", "photo": {"prefix": "https://igx.4sqi.net/img/user/", "suffix": "/GQ0DQP3DUIIRWZOH.jpg"}, "homeCity": "Singapore", "contact": {"twitter": "ningalingzz"}, "firstName": "Natasha", "tips": {"count": 1}, "gender": "female", "lastName": "Ning", "lists": {"groups": [{"count": 2, "type": "created", "items": []}]}, "bio": ""}, {"id": "455998", "photo": {"prefix": "https://igx.4sqi.net/img/user/", "suffix": "/KEVQ1BCD5IXWATCU.jpg"}, "homeCity": "Bukit Merah, Singapore", "contact": {}, "firstName": "Kael", "tips": {"count": 0}, "gender": "female", "lastName": "Chua", "lists": {"groups": [{"count": 2, "type": "created", "items": []}]}, "bio": ""}, {"id": "331130", "photo": {"prefix": "https://igx.4sqi.net/img/user/", "suffix": "/IWU4LZYI1RG25O3R.jpg"}, "homeCity": "Singapore", "contact": {"twitter": "berniedotmobi"}, "firstName": "Bernie", "tips": {"count": 67}, "gender": "female", "lastName": "Chew", "lists": {"groups": [{"count": 22, "type": "created", "items": []}]}, "bio": "Coffee lover. Longboarder. YikeBiker. Mixologist."}, {"id": "668858", "photo": {"prefix": "https://igx.4sqi.net/img/user/", "suffix": "/668858-VTOEB4DSJ24BAZXV"}, "homeCity": "Singapore", "contact": {}, "firstName": "Ling", "tips": {"count": 21}, "gender": "female", "lastName": "Ling", "lists": {"groups": [{"count": 3, "type": "created", "items": []}]}, "bio": ""}, {"id": "831042", "photo": {"prefix": "https://igx.4sqi.net/img/user/", "suffix": "/O0BRPPD2EWILMQOR.jpg"}, "homeCity": "Singapore", "contact": {"twitter": "bevvykinz"}, "firstName": "Bevvy", "tips": {"count": 0}, "gender": "female", "lists": {"groups": [{"count": 2, "type": "created", "items": []}]}, "bio": ""}, {"id": "864762", "photo": {"prefix": "https://igx.4sqi.net/img/user/", "suffix": "/0RPXOH2II3B5XODQ.jpg"}, "homeCity": "Singapore", "contact": {"facebook": "1240457330"}, "firstName": "KaReN", "tips": {"count": 4}, "gender": "female", "lastName": "Ho", "lists": {"groups": [{"count": 2, "type": "created", "items": []}]}, "bio": ""}, {"id": "462922", "photo": {"prefix": "https://igx.4sqi.net/img/user/", "suffix": "/APIUI4NCCFPR30SZ.jpg"}, "homeCity": "Novena, Singapore", "contact": {"twitter": "elyciaa"}, "firstName": "Elycia", "tips": {"count": 0}, "gender": "female", "lastName": "Ong", "lists": {"groups": [{"count": 2, "type": "created", "items": []}]}, "bio": ""}, {"id": "392929", "photo": {"prefix": "https://igx.4sqi.net/img/user/", "suffix": "/5P0NKEABAJOZ5QMF.gif"}, "homeCity": "Singapore", "contact": {"facebook": "803710553", "twitter": "angelaleowgray"}, "firstName": "Angela", "tips": {"count": 15}, "gender": "female", "lists": {"groups": [{"count": 2, "type": "created", "items": []}]}, "bio": ""}, {"id": "814267", "photo": {"prefix": "https://igx.4sqi.net/img/user/", "suffix": "/EHYKPDD2DWYIRS02.jpg"}, "homeCity": "Singapore", "contact": {}, "firstName": "Jessica", "tips": {"count": 12}, "gender": "female", "lastName": "S", "lists": {"groups": [{"count": 2, "type": "created", "items": []}]}, "bio": ""}, {"id": "889167", "photo": {"prefix": "https://igx.4sqi.net/img/user/", "suffix": "/J5UDR42D2P3USUR3.jpg"}, "homeCity": "Singapore", "contact": {"facebook": "597022812"}, "firstName": "Michelle", "tips": {"count": 7}, "gender": "female", "lastName": "Chan", "lists": {"groups": [{"count": 2, "type": "created", "items": []}]}, "bio": ""}, {"id": "398432", "photo": {"prefix": "https://igx.4sqi.net/img/user/", "default": true, "suffix": "/blank_girl.png"}, "homeCity": "Petersfield, Hampshire", "contact": {}, "firstName": "cheryl", "tips": {"count": 0}, "gender": "female", "lastName": "kam", "lists": {"groups": [{"count": 2, "type": "created", "items": []}]}, "bio": ""}, {"id": "891303", "photo": {"prefix": "https://igx.4sqi.net/img/user/", "suffix": "/891303-JGIJSHPAVJZSEMOD.jpg"}, "homeCity": "Ang Mo Kio, Singapore", "contact": {"facebook": "631614881", "twitter": "canseekansie"}, "firstName": "Kansie", "tips": {"count": 1}, "gender": "female", "lastName": "Loo", "lists": {"groups": [{"count": 2, "type": "created", "items": []}]}, "bio": ""}, {"id": "737059", "photo": {"prefix": "https://igx.4sqi.net/img/user/", "suffix": "/YLGTZ5HIMVEGDVGD.jpg"}, "homeCity": "Singapore", "contact": {"facebook": "206700393"}, "firstName": "Samantha", "tips": {"count": 0}, "gender": "female", "lastName": "Soh", "lists": {"groups": [{"count": 2, "type": "created", "items": []}]}, "bio": ""}, {"id": "917692", "photo": {"prefix": "https://igx.4sqi.net/img/user/", "suffix": "/24NBBLOUNJP5145Z.jpg"}, "homeCity": "Singapore", "contact": {"facebook": "532978979", "twitter": "sasha0382"}, "firstName": "Sharon", "tips": {"count": 4}, "gender": "female", "lastName": "Yong", "lists": {"groups": [{"count": 2, "type": "created", "items": []}]}, "bio": ""}, {"id": "767346", "photo": {"prefix": "https://igx.4sqi.net/img/user/", "suffix": "/3QTXLRD4DM4JT1JJ.jpg"}, "homeCity": "Singapore", "contact": {"facebook": "665216253", "twitter": "pearlinsiow"}, "firstName": "Pearlin", "tips": {"count": 0}, "gender": "female", "lastName": "Siow", "lists": {"groups": [{"count": 2, "type": "created", "items": []}]}, "bio": ""}, {"id": "918293", "photo": {"prefix": "https://igx.4sqi.net/img/user/", "suffix": "/CUKU4L1K2JQJVF1X.jpg"}, "homeCity": "Petaling Jaya, Selangor", "contact": {}, "firstName": "Marilyn", "tips": {"count": 3}, "gender": "female", "lastName": "Yeong", "lists": {"groups": [{"count": 2, "type": "created", "items": []}]}, "bio": ""}, {"id": "918603", "photo": {"prefix": "https://igx.4sqi.net/img/user/", "suffix": "/5JJTYWU22KYRVQM0.jpg"}, "homeCity": "Singapore", "contact": {"twitter": "glitzerdoll"}, "firstName": "Tessa", "tips": {"count": 0}, "gender": "female", "lastName": "Mendez", "lists": {"groups": [{"count": 2, "type": "created", "items": []}]}, "bio": ""}, {"id": "927862", "photo": {"prefix": "https://igx.4sqi.net/img/user/", "suffix": "/A5SME4DKWQB01FH0.jpg"}, "homeCity": "Singapore", "contact": {}, "firstName": "Priscilla", "tips": {"count": 0}, "gender": "female", "lastName": "Chan", "lists": {"groups": [{"count": 2, "type": "created", "items": []}]}, "bio": ""}, {"id": "944428", "photo": {"prefix": "https://igx.4sqi.net/img/user/", "suffix": "/RHXNTG211HSDC4VB.gif"}, "homeCity": "Singapore", "contact": {"facebook": "100001624608038", "twitter": "sweetheartclown"}, "firstName": "Vivien", "tips": {"count": 41}, "gender": "female", "lastName": "Goh", "lists": {"groups": [{"count": 8, "type": "created", "items": []}]}, "bio": ""}, {"id": "963948", "photo": {"prefix": "https://igx.4sqi.net/img/user/", "suffix": "/J4OXM4HZBOAHFI04.jpg"}, "homeCity": "Johor Bahru, Johor", "contact": {"facebook": "739269384", "twitter": "rahleinad"}, "firstName": "Daniel", "tips": {"count": 20}, "gender": "male", "lastName": "Har", "lists": {"groups": [{"count": 2, "type": "created", "items": []}]}, "bio": ""}, {"id": "965301", "photo": {"prefix": "https://igx.4sqi.net/img/user/", "suffix": "/PVT3UDO5CRLZ3CL1.jpg"}, "homeCity": "Singapore", "contact": {"facebook": "740190718", "twitter": "kismiskas"}, "firstName": "Kismis", "tips": {"count": 3}, "gender": "female", "lastName": "Kas", "lists": {"groups": [{"count": 2, "type": "created", "items": []}]}, "bio": ""}, {"id": "1030053", "photo": {"prefix": "https://igx.4sqi.net/img/user/", "suffix": "/V43H1NRU4Z0U2XQR.jpg"}, "homeCity": "Singapore", "contact": {"twitter": "timelessmomentz"}, "firstName": "June", "tips": {"count": 1}, "gender": "female", "lastName": "see", "lists": {"groups": [{"count": 2, "type": "created", "items": []}]}, "bio": ""}, {"id": "1066535", "photo": {"prefix": "https://igx.4sqi.net/img/user/", "suffix": "/SR1Q3IRF2QYYTZ2A.jpg"}, "homeCity": "Kuala Lumpur", "contact": {"facebook": "582888214", "twitter": "shereendulau"}, "firstName": "Shereen", "tips": {"count": 38}, "gender": "female", "lastName": "Dulau", "lists": {"groups": [{"count": 2, "type": "created", "items": []}]}, "bio": ""}, {"id": "1141456", "photo": {"prefix": "https://igx.4sqi.net/img/user/", "suffix": "/1WE40UKSHYK25PEP.jpg"}, "homeCity": "Singapore", "contact": {}, "firstName": "herbalifepack", "tips": {"count": 0}, "gender": "none", "lists": {"groups": [{"count": 2, "type": "created", "items": []}]}, "bio": ""}, {"id": "1141851", "photo": {"prefix": "https://igx.4sqi.net/img/user/", "suffix": "/B3VGYDVUPLAO34MH.jpg"}, "homeCity": "Singapore", "contact": {"twitter": "thetastetouch"}, "firstName": "Chantelle", "tips": {"count": 0}, "gender": "female", "lastName": "Quek", "lists": {"groups": [{"count": 2, "type": "created", "items": []}]}, "bio": ""}, {"id": "1147278", "photo": {"prefix": "https://igx.4sqi.net/img/user/", "suffix": "/0PYUTBPOPXVASNFP.jpg"}, "homeCity": "Singapore", "contact": {}, "firstName": "Jodi", "tips": {"count": 6}, "gender": "female", "lastName": "Chime", "lists": {"groups": [{"count": 2, "type": "created", "items": []}]}, "bio": ""}, {"id": "1154292", "photo": {"prefix": "https://igx.4sqi.net/img/user/", "suffix": "/B3DLRGSFKNYHQ33D.jpg"}, "homeCity": "Singapore", "contact": {"facebook": "1780758687"}, "firstName": "recommendby.com", "tips": {"count": 0}, "gender": "none", "lists": {"groups": [{"count": 2, "type": "created", "items": []}]}, "bio": ""}, {"id": "1209911", "photo": {"prefix": "https://igx.4sqi.net/img/user/", "suffix": "/LSLHOWC4DEOIMUXD.jpg"}, "homeCity": "Singapore", "contact": {"facebook": "690777086"}, "firstName": "Peiying", "tips": {"count": 0}, "gender": "female", "lastName": "Oh", "lists": {"groups": [{"count": 2, "type": "created", "items": []}]}, "bio": ""}, {"id": "1214436", "photo": {"prefix": "https://igx.4sqi.net/img/user/", "suffix": "/1214436-XS2PND010ZXK3ECP.jpg"}, "homeCity": "Singapore", "contact": {"facebook": "10152745569896254", "twitter": "prevaricator_84"}, "firstName": "Christina", "tips": {"count": 21}, "gender": "female", "lastName": "Chung", "lists": {"groups": [{"count": 2, "type": "created", "items": []}]}, "bio": ""}, {"id": "1283847", "photo": {"prefix": "https://igx.4sqi.net/img/user/", "suffix": "/1FPT5D22GZRS3QWM.jpg"}, "homeCity": "Singapore", "contact": {"twitter": "jaclynkhoo"}, "firstName": "Jaclyn", "tips": {"count": 2}, "gender": "female", "lastName": "Khoo", "lists": {"groups": [{"count": 2, "type": "created", "items": []}]}, "bio": ""}]}, "checksum": "9edb7dd15b39303b584e094911ba6383eed77c8e"}}