{"notifications": [{"type": "notificationTray", "item": {"unreadCount": 0}}], "meta": {"requestId": "5966d2424c1f67574e179da1", "code": 200}, "response": {"friends": {"count": 139, "items": [{"id": "4449229", "photo": {"prefix": "https://igx.4sqi.net/img/user/", "suffix": "/0GLLCPDLIZDHFESY.jpg"}, "homeCity": "Manila, Philippines", "contact": {}, "firstName": "Whency", "tips": {"count": 0}, "gender": "female", "lastName": "Munsayac", "lists": {"groups": [{"count": 2, "type": "created", "items": []}]}, "bio": ""}, {"id": "4346600", "photo": {"prefix": "https://igx.4sqi.net/img/user/", "suffix": "/FFYPTBSKTI4CWXBD.jpg"}, "homeCity": "Philippines", "contact": {"facebook": "567033689", "twitter": "daril8"}, "firstName": "Daryl", "tips": {"count": 5}, "gender": "male", "lastName": "Tecson", "lists": {"groups": [{"count": 2, "type": "created", "items": []}]}, "bio": ""}, {"id": "261164", "photo": {"prefix": "https://igx.4sqi.net/img/user/", "suffix": "/AIDQ4LO5RFDJRUI0.png"}, "homeCity": "Tokyo", "contact": {}, "firstName": "hikarock", "tips": {"count": 0}, "gender": "male", "lists": {"groups": [{"count": 2, "type": "created", "items": []}]}, "bio": ""}, {"id": "405880", "photo": {"prefix": "https://igx.4sqi.net/img/user/", "suffix": "/5QKSXBTWRBCOOKZ1.jpg"}, "homeCity": "Quezon City, Philippines", "contact": {"facebook": "642906825", "twitter": "cyndayco"}, "firstName": "Cynthia", "tips": {"count": 19}, "gender": "female", "lastName": "Dayco", "lists": {"groups": [{"count": 2, "type": "created", "items": []}]}, "bio": ""}, {"id": "363152", "photo": {"prefix": "https://igx.4sqi.net/img/user/", "suffix": "/4IYUVNM04NM2WAAR.jpg"}, "homeCity": "Pasir Ris, Singapore", "contact": {"facebook": "616451279", "twitter": "saufisalleh"}, "firstName": "Saufi", "tips": {"count": 2}, "gender": "male", "lastName": "Salleh", "lists": {"groups": [{"count": 2, "type": "created", "items": []}]}, "bio": ""}, {"id": "1426449", "photo": {"prefix": "https://igx.4sqi.net/img/user/", "suffix": "/UNCKHTO30X5HBEP3.jpg"}, "homeCity": "Makati City, Philippines", "contact": {"facebook": "704836009", "twitter": "jdgual"}, "firstName": "Jose David", "tips": {"count": 10}, "gender": "male", "lastName": "Gualberto", "lists": {"groups": [{"count": 3, "type": "created", "items": []}]}, "bio": "Anything unrelated to elephants is irrelephant."}, {"id": "2358477", "photo": {"prefix": "https://igx.4sqi.net/img/user/", "suffix": "/MFRVQEKZ3DGSPXM5.jpg"}, "homeCity": "Singapore", "contact": {}, "firstName": "Ridz", "tips": {"count": 2}, "gender": "male", "lastName": "Khalid", "lists": {"groups": [{"count": 2, "type": "created", "items": []}]}, "bio": ""}, {"id": "447627", "photo": {"prefix": "https://igx.4sqi.net/img/user/", "suffix": "/X5SVDKTX1VU4AAUK.jpg"}, "homeCity": "Singapore", "contact": {"facebook": "655497745", "twitter": "ian_mckee"}, "firstName": "Ian", "tips": {"count": 2}, "gender": "male", "lastName": "McKee", "lists": {"groups": [{"count": 2, "type": "created", "items": []}]}, "bio": ""}, {"id": "3450080", "photo": {"prefix": "https://igx.4sqi.net/img/user/", "suffix": "/3450080-3KDDQ2SOLH1RADTF.jpg"}, "homeCity": "Manila, Philippines", "contact": {"facebook": "537678692"}, "firstName": "aprilimmy", "tips": {"count": 6}, "gender": "female", "lists": {"groups": [{"count": 2, "type": "created", "items": []}]}, "bio": ""}, {"id": "1082658", "photo": {"prefix": "https://igx.4sqi.net/img/user/", "suffix": "/LS3FWQDUTFGRUJBC.jpg"}, "homeCity": "Pasig City, Metro Manila", "contact": {"facebook": "506241338", "twitter": "johnlucas62"}, "firstName": "John", "tips": {"count": 24}, "gender": "male", "lastName": "Lucas", "lists": {"groups": [{"count": 2, "type": "created", "items": []}]}, "bio": ""}, {"id": "592790", "photo": {"prefix": "https://igx.4sqi.net/img/user/", "suffix": "/1WUXP1CRHDTHWPWI.jpg"}, "homeCity": "Clementi, Singapore", "contact": {}, "firstName": "Jeffrey", "tips": {"count": 0}, "gender": "male", "lastName": "Jway", "lists": {"groups": [{"count": 2, "type": "created", "items": []}]}, "bio": ""}, {"id": "1462397", "photo": {"prefix": "https://igx.4sqi.net/img/user/", "suffix": "/ZNU4H2WEGYATXZ5I.jpg"}, "homeCity": "Manila, Philippines", "contact": {"facebook": "685364055", "twitter": "happypilldel"}, "firstName": "Dalla", "tips": {"count": 0}, "gender": "female", "lastName": "Sucgang", "lists": {"groups": [{"count": 2, "type": "created", "items": []}]}, "bio": ""}, {"id": "2138260", "photo": {"prefix": "https://igx.4sqi.net/img/user/", "suffix": "/DGVUVTZDUXGAV5II.jpg"}, "homeCity": "Corregidor Island", "contact": {}, "firstName": "anlex", "tips": {"count": 19}, "gender": "male", "lastName": "basilio", "lists": {"groups": [{"count": 2, "type": "created", "items": []}]}, "bio": ""}, {"id": "878778", "photo": {"prefix": "https://igx.4sqi.net/img/user/", "suffix": "/CPEQJ5BRCY4FYC0B.jpg"}, "homeCity": "Singapore", "contact": {"facebook": "628097076"}, "firstName": "Dhiems", "tips": {"count": 2}, "gender": "male", "lastName": "de Mesa", "lists": {"groups": [{"count": 2, "type": "created", "items": []}]}, "bio": ""}, {"id": "3037364", "photo": {"prefix": "https://igx.4sqi.net/img/user/", "suffix": "/LFFADWYS054UMFOZ.png"}, "homeCity": "Mandaluyong City, Philippines", "contact": {"facebook": "1051658824", "twitter": "msforty"}, "firstName": "Angel", "tips": {"count": 17}, "gender": "female", "lastName": "Antonio", "lists": {"groups": [{"count": 2, "type": "created", "items": []}]}, "bio": ""}, {"id": "1119374", "photo": {"prefix": "https://igx.4sqi.net/img/user/", "suffix": "/ICSADNNPHWWIZADB.jpg"}, "homeCity": "Taguig City, Philippines", "contact": {}, "firstName": "Marlyn", "tips": {"count": 10}, "gender": "female", "lastName": "Montano", "lists": {"groups": [{"count": 2, "type": "created", "items": []}]}, "bio": ""}, {"id": "4969116", "photo": {"prefix": "https://igx.4sqi.net/img/user/", "suffix": "/NXS51OQC3TKZE0I0.jpg"}, "homeCity": "Daly City, CA", "contact": {}, "firstName": "Mark", "tips": {"count": 7}, "gender": "male", "lastName": "Querubin", "lists": {"groups": [{"count": 2, "type": "created", "items": []}]}, "bio": ""}, {"id": "4773542", "photo": {"prefix": "https://igx.4sqi.net/img/user/", "suffix": "/WH0WE2NF2BHGT1RW.jpg"}, "homeCity": "Singapore", "contact": {"facebook": "695310259", "twitter": "joseph_a0321"}, "firstName": "Joseph", "tips": {"count": 0}, "gender": "male", "lastName": "Alcantara", "lists": {"groups": [{"count": 2, "type": "created", "items": []}]}, "bio": ""}, {"id": "414240", "photo": {"prefix": "https://igx.4sqi.net/img/user/", "suffix": "/VUDNPDSI4KR4V0XF.jpg"}, "homeCity": "Makati, Philippines", "contact": {"facebook": "599554829", "twitter": "rezywezy"}, "firstName": "Rezza", "tips": {"count": 46}, "gender": "female", "lastName": "Custodio-Soriano", "lists": {"groups": [{"count": 3, "type": "created", "items": []}]}, "bio": ""}, {"id": "2836939", "photo": {"prefix": "https://igx.4sqi.net/img/user/", "suffix": "/QU4WZXHH05JQLX5O.jpg"}, "homeCity": "Singapore", "contact": {"facebook": "696832641"}, "firstName": "Christina", "tips": {"count": 0}, "gender": "female", "lastName": "Koh", "lists": {"groups": [{"count": 2, "type": "created", "items": []}]}, "bio": ""}, {"id": "451882", "photo": {"prefix": "https://igx.4sqi.net/img/user/", "default": true, "suffix": "/blank_boy.png"}, "homeCity": "Singapore", "contact": {}, "firstName": "E.", "tips": {"count": 3}, "gender": "male", "lastName": "T.", "lists": {"groups": [{"count": 2, "type": "created", "items": []}]}, "bio": ""}, {"id": "1947587", "photo": {"prefix": "https://igx.4sqi.net/img/user/", "suffix": "/1947587-4DOESOSV1S2GFAWI.jpg"}, "homeCity": "Quezon City, Philippines", "contact": {"facebook": "700560592", "twitter": "jillmerdy"}, "firstName": "Jillmer", "tips": {"count": 16}, "gender": "male", "lastName": "Dy", "lists": {"groups": [{"count": 3, "type": "created", "items": []}]}, "bio": ""}, {"id": "3551367", "photo": {"prefix": "https://igx.4sqi.net/img/user/", "default": true, "suffix": "/blank_girl.png"}, "homeCity": "Quezon City, Philippines", "contact": {}, "firstName": "Marj", "tips": {"count": 0}, "gender": "female", "lastName": "So", "lists": {"groups": [{"count": 2, "type": "created", "items": []}]}, "bio": ""}, {"id": "4226401", "photo": {"prefix": "https://igx.4sqi.net/img/user/", "suffix": "/NH30MV2VBA2FOLUB.jpg"}, "homeCity": "Singapore", "contact": {}, "firstName": "Benjamin", "tips": {"count": 0}, "gender": "male", "lastName": "Sum", "lists": {"groups": [{"count": 2, "type": "created", "items": []}]}, "bio": ""}, {"id": "1207342", "photo": {"prefix": "https://igx.4sqi.net/img/user/", "suffix": "/PUM4CZLBLSJHYZOP.jpg"}, "homeCity": "Singapore", "contact": {"twitter": "fashfasfwd"}, "firstName": "Topshop & Topman", "tips": {"count": 9}, "gender": "female", "lists": {"groups": [{"count": 2, "type": "created", "items": []}]}, "bio": ""}, {"id": "3078707", "photo": {"prefix": "https://igx.4sqi.net/img/user/", "suffix": "/ZYIK4LZB0F0P4GNN.jpg"}, "homeCity": "Manila, Philippines", "contact": {"facebook": "574026521"}, "firstName": "Rommel", "tips": {"count": 9}, "gender": "male", "lastName": "Mariano", "lists": {"groups": [{"count": 2, "type": "created", "items": []}]}, "bio": ""}, {"id": "4997169", "photo": {"prefix": "https://igx.4sqi.net/img/user/", "suffix": "/4997169_TCjXNrQC_02Z4YtNQ-lyOeOWoA2OxWE-Al4xrHNYA0QL_7dOjOBimGn_X0uGKeCcXYdO1yz7W.jpg"}, "homeCity": "Quezon City, Philippines", "contact": {"facebook": "520810000", "twitter": "tronrabago"}, "firstName": "Tron", "tips": {"count": 18}, "gender": "male", "lists": {"groups": [{"count": 4, "type": "created", "items": []}]}, "bio": "Carpe Diem!"}, {"id": "2912697", "photo": {"prefix": "https://igx.4sqi.net/img/user/", "suffix": "/1FZ2XIAMQ2PTDINQ.jpg"}, "homeCity": "Singapore", "contact": {"facebook": "1512938722"}, "firstName": "Chew", "tips": {"count": 0}, "gender": "female", "lastName": "Karin", "lists": {"groups": [{"count": 2, "type": "created", "items": []}]}, "bio": ""}, {"id": "1253686", "photo": {"prefix": "https://igx.4sqi.net/img/user/", "suffix": "/22M2F4ZGOKQT21PJ.jpg"}, "homeCity": "Manila, PH", "contact": {"facebook": "722421428", "twitter": "timagirl"}, "firstName": "Tima", "tips": {"count": 7}, "gender": "female", "lastName": "Agbayani", "lists": {"groups": [{"count": 2, "type": "created", "items": []}]}, "bio": ""}, {"id": "3058220", "photo": {"prefix": "https://igx.4sqi.net/img/user/", "suffix": "/3058220-YMSISIYFR1QYUEMB.jpg"}, "homeCity": "Makati City, Philippines", "contact": {"facebook": "610482495", "twitter": "iamsober"}, "firstName": "Mafel", "tips": {"count": 0}, "gender": "female", "lastName": "H", "lists": {"groups": [{"count": 2, "type": "created", "items": []}]}, "bio": ""}, {"id": "1268774", "photo": {"prefix": "https://igx.4sqi.net/img/user/", "suffix": "/CAHBBRSOYLY2XMEY.jpg"}, "homeCity": "Singapore", "contact": {}, "firstName": "Nicholas", "tips": {"count": 4}, "gender": "male", "lastName": "Tan", "lists": {"groups": [{"count": 2, "type": "created", "items": []}]}, "bio": ""}, {"id": "3751038", "photo": {"prefix": "https://igx.4sqi.net/img/user/", "suffix": "/N3MNIPH5YSUGHVFC.jpg"}, "homeCity": "Philippines", "contact": {"facebook": "568951803", "twitter": "ariesaludo"}, "firstName": "aries", "tips": {"count": 0}, "gender": "male", "lastName": "saludo", "lists": {"groups": [{"count": 2, "type": "created", "items": []}]}, "bio": ""}, {"id": "1271345", "photo": {"prefix": "https://igx.4sqi.net/img/user/", "suffix": "/1271345-WVJJ4L1PPZYWEM1O.jpg"}, "homeCity": "Marikina City, Philippines", "contact": {"facebook": "659409704", "twitter": "clarissa0411"}, "firstName": "maria clarissa", "tips": {"count": 12}, "gender": "female", "lastName": "cruz", "lists": {"groups": [{"count": 2, "type": "created", "items": []}]}, "bio": ""}, {"id": "1314100", "photo": {"prefix": "https://igx.4sqi.net/img/user/", "suffix": "/YNMDEZ3VA0HDTKTL.jpg"}, "homeCity": "Makati City, Philippines", "contact": {}, "firstName": "J", "tips": {"count": 20}, "gender": "female", "lastName": "Barbie", "lists": {"groups": [{"count": 2, "type": "created", "items": []}]}, "bio": ""}, {"id": "1415601", "photo": {"prefix": "https://igx.4sqi.net/img/user/", "suffix": "/0JQZLV2AGMW1PIUQ.jpg"}, "homeCity": "Singapore", "contact": {"facebook": "10208305061797123", "twitter": "milsonng"}, "firstName": "Milson", "tips": {"count": 6}, "gender": "male", "lastName": "Ng", "lists": {"groups": [{"count": 3, "type": "created", "items": []}]}, "bio": ""}, {"id": "1447808", "photo": {"prefix": "https://igx.4sqi.net/img/user/", "suffix": "/KSRRZI3BV2XE3YPE.jpg"}, "homeCity": "Singapore", "contact": {"facebook": "771758708", "twitter": "nildacho"}, "firstName": "Deo", "tips": {"count": 8}, "gender": "male", "lastName": "Landicho", "lists": {"groups": [{"count": 7, "type": "created", "items": []}]}, "bio": ""}, {"id": "2222186", "photo": {"prefix": "https://igx.4sqi.net/img/user/", "default": true, "suffix": "/blank_boy.png"}, "homeCity": "Singapore", "contact": {"facebook": "603306172"}, "firstName": "Francis", "tips": {"count": 0}, "gender": "male", "lastName": "Low", "lists": {"groups": [{"count": 2, "type": "created", "items": []}]}, "bio": ""}, {"id": "2425066", "photo": {"prefix": "https://igx.4sqi.net/img/user/", "suffix": "/BFI1IBDY4Y4LVCAW.jpg"}, "homeCity": "Iloilo City, Philippines", "contact": {"facebook": "769048718"}, "firstName": "Johann", "tips": {"count": 0}, "gender": "male", "lastName": "Ong", "lists": {"groups": [{"count": 2, "type": "created", "items": []}]}, "bio": ""}, {"id": "3570325", "photo": {"prefix": "https://igx.4sqi.net/img/user/", "suffix": "/XY0JRLWOTGQJR12U.jpg"}, "homeCity": "Singapore", "contact": {}, "firstName": "Micky", "tips": {"count": 93}, "gender": "male", "lastName": "Sureanto", "lists": {"groups": [{"count": 2, "type": "created", "items": []}]}, "bio": ""}]}, "checksum": "4e69e08d3a7a441665fa796fdd44eaae90a41619"}}