{"notifications": [{"type": "notificationTray", "item": {"unreadCount": 0}}], "response": {"friends": {"items": [{"tips": {"count": 21}, "contact": {"twitter": "heysayfey"}, "firstName": "Fey", "gender": "female", "lastName": "C.", "id": "1369685", "bio": "", "photo": {"prefix": "https://igx.4sqi.net/img/user/", "suffix": "/UFZJHMAKNG04NQXD.jpg"}, "homeCity": "Singapore", "lists": {"groups": [{"items": [], "count": 10, "type": "created"}]}}, {"tips": {"count": 0}, "contact": {"twitter": "fareeshaaa"}, "firstName": "Fareesha", "gender": "female", "id": "4332246", "bio": "", "photo": {"prefix": "https://igx.4sqi.net/img/user/", "suffix": "/ZC0JRAPSDIAWZW1N.jpg"}, "homeCity": "Singapore", "lists": {"groups": [{"items": [], "count": 2, "type": "created"}]}}, {"tips": {"count": 38}, "contact": {"twitter": "ladyxtel", "facebook": "10152919522193277"}, "firstName": "Christel", "gender": "female", "lastName": "Quek", "id": "259462", "bio": "", "photo": {"prefix": "https://igx.4sqi.net/img/user/", "suffix": "/DGQXZZHDOL2PEHGD.jpg"}, "homeCity": "Singapore", "lists": {"groups": [{"items": [], "count": 18, "type": "created"}]}}, {"tips": {"count": 0}, "contact": {}, "firstName": "Jesslyn", "gender": "female", "lastName": "Seah", "id": "423617", "bio": "", "photo": {"prefix": "https://igx.4sqi.net/img/user/", "suffix": "/2J3PJJVBE4UIXQ0L.jpg"}, "homeCity": "Singapore", "lists": {"groups": [{"items": [], "count": 2, "type": "created"}]}}, {"tips": {"count": 10}, "contact": {"twitter": "ziggystarr", "facebook": "10154922993353475"}, "firstName": "aletheia", "gender": "female", "lastName": "tan", "id": "349749", "bio": "", "photo": {"prefix": "https://igx.4sqi.net/img/user/", "suffix": "/POZQPOQNEFNASEC3.jpg"}, "homeCity": "Melbourne, VIC", "lists": {"groups": [{"items": [], "count": 11, "type": "created"}]}}, {"tips": {"count": 4}, "contact": {"facebook": "649464841"}, "firstName": "Emi", "gender": "male", "lastName": "Ashburn", "id": "1335386", "bio": "", "photo": {"prefix": "https://igx.4sqi.net/img/user/", "suffix": "/QFOY2F1YZUTV4Y3R.jpg"}, "homeCity": "Singapore", "lists": {"groups": [{"items": [], "count": 2, "type": "created"}]}}, {"tips": {"count": 0}, "contact": {"facebook": "1259557277"}, "firstName": "Ema", "gender": "female", "lastName": "Valentine", "id": "4413821", "bio": "", "photo": {"prefix": "https://igx.4sqi.net/img/user/", "suffix": "/OTL42QKFBHP0RZUR.jpg"}, "homeCity": "Singapore", "lists": {"groups": [{"items": [], "count": 2, "type": "created"}]}}, {"tips": {"count": 42}, "contact": {"twitter": "mt4offshore", "facebook": "100000530947707"}, "firstName": "Investors Europe", "gender": "male", "lastName": "Stock Brokers", "id": "513606", "bio": "Investors Europe Stock Brokers Mauritius and Introducing Brokers Gibraltar, The  World's Global Trading Portal.", "photo": {"prefix": "https://igx.4sqi.net/img/user/", "suffix": "/2UDRPQHNNUC3DHRM.jpg"}, "homeCity": "Ebene - Cybercity Republic of Mauritius ", "lists": {"groups": [{"items": [], "count": 5, "type": "created"}]}}, {"tips": {"count": 14}, "contact": {"twitter": "areshaonline", "facebook": "529071170"}, "firstName": "Aresha", "gender": "female", "id": "252299", "bio": "", "photo": {"prefix": "https://igx.4sqi.net/img/user/", "suffix": "/NGLODS0MQYNH5IDD.jpg"}, "homeCity": "London, UK", "lists": {"groups": [{"items": [], "count": 2, "type": "created"}]}}, {"tips": {"count": 13}, "contact": {"twitter": "gonzalez169", "facebook": "699387335"}, "firstName": "Hafiz", "gender": "male", "lastName": "Gonzalez", "id": "5459592", "bio": "", "photo": {"prefix": "https://igx.4sqi.net/img/user/", "suffix": "/HYZCP1OIEZINDC15.jpg"}, "homeCity": "Singapore", "lists": {"groups": [{"items": [], "count": 2, "type": "created"}]}}, {"tips": {"count": 11}, "contact": {}, "firstName": "\u200b\u200b \u200e\u200b\u200b", "gender": "male", "id": "2193419", "bio": "\u200b\u200b \u200e\u200b\u200b\u2588\u2551\u258c\u2551\u258c\u2502\u2588\u2502\u2588\u2551\u258c\u2551Jump3r K0pl4k", "photo": {"prefix": "https://igx.4sqi.net/img/user/", "suffix": "/DMLMUX3TN0THHYA2.png"}, "homeCity": "Indonesia", "lists": {"groups": [{"items": [], "count": 4, "type": "created"}]}}, {"tips": {"count": 1}, "contact": {"facebook": "100000297939961"}, "firstName": "\u0e2b\u0e19\u0e38\u0e48\u0e21\u0e19\u0e49\u0e2d\u0e22", "gender": "male", "lastName": "\u0e23\u0e49\u0e2d\u0e22\u0e23\u0e31\u0e01", "id": "4023631", "bio": "", "photo": {"prefix": "https://igx.4sqi.net/img/user/", "suffix": "/2X1VDE3UQLNLG2WL.jpg"}, "homeCity": "Elk City, OK", "lists": {"groups": [{"items": [], "count": 2, "type": "created"}]}}, {"tips": {"count": 4}, "contact": {"twitter": "joaocientista", "facebook": "100001205391592"}, "firstName": "Jo\u00e3o", "gender": "male", "lastName": "Costa E", "id": "449264", "bio": "", "photo": {"prefix": "https://igx.4sqi.net/img/user/", "suffix": "/II2U2EPA5R4LJZJF.jpg"}, "homeCity": "Lisboa, Portugal", "lists": {"groups": [{"items": [], "count": 2, "type": "created"}]}}, {"tips": {"count": 11}, "contact": {"twitter": "omgitsjosie", "facebook": "637816148"}, "firstName": "Josie", "gender": "female", "lastName": "Melati", "id": "195016", "bio": "", "photo": {"prefix": "https://igx.4sqi.net/img/user/", "suffix": "/LUHWFEGG3GF5KF50.jpg"}, "homeCity": "Singapore", "lists": {"groups": [{"items": [], "count": 2, "type": "created"}]}}, {"tips": {"count": 4}, "contact": {"twitter": "seetjessica", "facebook": "1595432398"}, "firstName": "Jessica", "gender": "female", "lastName": "Seet", "id": "1663340", "bio": "", "photo": {"prefix": "https://igx.4sqi.net/img/user/", "suffix": "/L4UMQL2CVHR3TIP1.jpg"}, "homeCity": "Singapore", "lists": {"groups": [{"items": [], "count": 2, "type": "created"}]}}, {"tips": {"count": 14}, "contact": {"twitter": "rollingsweets"}, "firstName": "Sherwin", "gender": "female", "lastName": "Tan", "id": "768142", "bio": "", "photo": {"prefix": "https://igx.4sqi.net/img/user/", "suffix": "/OGVBZ4D2RMCE1VWK.jpg"}, "homeCity": "Singapore", "lists": {"groups": [{"items": [], "count": 2, "type": "created"}]}}, {"tips": {"count": 0}, "contact": {"twitter": "silentjukebox"}, "firstName": "Sherry", "gender": "female", "lastName": "Chen", "id": "591187", "bio": "", "photo": {"prefix": "https://igx.4sqi.net/img/user/", "suffix": "/OEBCZWSWHZY4CGPB.jpg"}, "homeCity": "Singapore", "lists": {"groups": [{"items": [], "count": 2, "type": "created"}]}}, {"tips": {"count": 2}, "contact": {"twitter": "dianetay"}, "firstName": "Diane", "gender": "female", "lastName": "Tay", "id": "486924", "bio": "", "photo": {"prefix": "https://igx.4sqi.net/img/user/", "suffix": "/WCCEW20KR0WVII5C.jpg"}, "homeCity": "Singapore", "lists": {"groups": [{"items": [], "count": 2, "type": "created"}]}}, {"tips": {"count": 1}, "contact": {"twitter": "kaboozza"}, "firstName": "Francesca", "gender": "female", "lastName": "Tan", "id": "731140", "bio": "", "photo": {"prefix": "https://igx.4sqi.net/img/user/", "suffix": "/O5ZNVIM533Y0UHZ4.jpg"}, "homeCity": "Singapore", "lists": {"groups": [{"items": [], "count": 2, "type": "created"}]}}, {"tips": {"count": 0}, "contact": {"twitter": "analoque_"}, "firstName": "Vanessa", "gender": "female", "lastName": "Ng", "id": "927100", "bio": "", "photo": {"prefix": "https://igx.4sqi.net/img/user/", "suffix": "/M0YP2M2DTS5ZRVHE.jpg"}, "homeCity": "Sentosa, Singapore", "lists": {"groups": [{"items": [], "count": 2, "type": "created"}]}}, {"tips": {"count": 0}, "contact": {"twitter": "gerviana", "facebook": "573197591"}, "firstName": "Gerviana", "gender": "female", "lastName": "Tan", "id": "2612201", "bio": "", "photo": {"prefix": "https://igx.4sqi.net/img/user/", "suffix": "/PMM2ZSSTSOGE4UOG.jpg"}, "homeCity": "Singapore", "lists": {"groups": [{"items": [], "count": 2, "type": "created"}]}}, {"tips": {"count": 9}, "contact": {"twitter": "nidyawiguno", "facebook": "520174309"}, "firstName": "N", "gender": "female", "id": "579452", "bio": "", "photo": {"prefix": "https://igx.4sqi.net/img/user/", "suffix": "/-WKZQLQBVLZHQNRCG.jpg"}, "homeCity": "Singapore", "lists": {"groups": [{"items": [], "count": 2, "type": "created"}]}}, {"tips": {"count": 21}, "contact": {"twitter": "melpig", "facebook": "530907599"}, "firstName": "Mel", "gender": "female", "lastName": "Chua", "id": "495375", "bio": "", "photo": {"prefix": "https://igx.4sqi.net/img/user/", "suffix": "/0GFYD3KKJ4NJY4Q5.jpg"}, "homeCity": "Singapore", "lists": {"groups": [{"items": [], "count": 2, "type": "created"}]}}, {"tips": {"count": 5}, "contact": {"twitter": "yvakk", "facebook": "100000275607700"}, "firstName": "Yeni Van Abhell", "gender": "female", "lastName": "Kristianti", "id": "2310683", "bio": "", "photo": {"prefix": "https://igx.4sqi.net/img/user/", "suffix": "/2CKNDTBDVE1YQ51V.jpg"}, "homeCity": "Jakarta", "lists": {"groups": [{"items": [], "count": 2, "type": "created"}]}}, {"tips": {"count": 3}, "contact": {"twitter": "emyrozz"}, "firstName": "ROZZ", "gender": "female", "lastName": "HUSSIN", "id": "4340500", "bio": "", "photo": {"prefix": "https://igx.4sqi.net/img/user/", "suffix": "/EQNETVHVYL4WRSG4.jpg"}, "homeCity": "Singapore", "lists": {"groups": [{"items": [], "count": 2, "type": "created"}]}}, {"tips": {"count": 0}, "contact": {"twitter": "iggsu"}, "firstName": "GAB", "gender": "female", "id": "6761947", "bio": "", "photo": {"prefix": "https://igx.4sqi.net/img/user/", "suffix": "/L31VP41FISMDGZIL.jpg"}, "homeCity": "Singapore", "lists": {"groups": [{"items": [], "count": 2, "type": "created"}]}}, {"tips": {"count": 22}, "contact": {"twitter": "hyperoma", "facebook": "1063398945"}, "firstName": "Jolene", "gender": "female", "lastName": "Shark", "id": "350606", "bio": "", "photo": {"prefix": "https://igx.4sqi.net/img/user/", "suffix": "/H253G4MEO3EKZIGT.jpg"}, "homeCity": "Singapore", "lists": {"groups": [{"items": [], "count": 2, "type": "created"}]}}, {"tips": {"count": 0}, "contact": {"twitter": "reclusive_guy", "facebook": "605053417"}, "firstName": "VinZ", "gender": "male", "lastName": "AteYoUrCookies", "id": "4248324", "bio": "I'm a vampire with a microphones!", "photo": {"prefix": "https://igx.4sqi.net/img/user/", "suffix": "/G4CO3VWXDK4JO5GJ.jpg"}, "homeCity": "Kuala Lumpur", "lists": {"groups": [{"items": [], "count": 2, "type": "created"}]}}, {"tips": {"count": 3}, "contact": {"facebook": "1017490811"}, "firstName": "Pete Clyde", "gender": "male", "lastName": "Cagalawan", "id": "4557560", "bio": "Alive and kicking. Living life to the FULLEST!! :))", "photo": {"prefix": "https://igx.4sqi.net/img/user/", "suffix": "/OCSX3SL1BBHKP2JY.jpg"}, "homeCity": "Singapore", "lists": {"groups": [{"items": [], "count": 2, "type": "created"}]}}, {"tips": {"count": 8}, "contact": {"twitter": "xpollypocket"}, "firstName": "Eunice", "gender": "female", "lastName": "Ng", "id": "522378", "bio": "", "photo": {"prefix": "https://igx.4sqi.net/img/user/", "suffix": "/WVDJ4HFMO5QFWASA.jpg"}, "homeCity": "Singapore", "lists": {"groups": [{"items": [], "count": 2, "type": "created"}]}}, {"tips": {"count": 0}, "contact": {"twitter": "zaidahnutini", "facebook": "655638633"}, "firstName": "Zaidah", "gender": "female", "lastName": "Shariff", "id": "1419411", "bio": "", "photo": {"prefix": "https://igx.4sqi.net/img/user/", "suffix": "/V0WF0BP2X2SKDPVC.jpg"}, "homeCity": "Singapore", "lists": {"groups": [{"items": [], "count": 2, "type": "created"}]}}, {"tips": {"count": 0}, "contact": {"twitter": "shunyoshiko", "facebook": "633089367"}, "firstName": "Shun", "gender": "male", "lastName": "yoshikO", "id": "5469407", "bio": "", "photo": {"prefix": "https://igx.4sqi.net/img/user/", "suffix": "/5469407-BSGPCSM2ZRBMZWH4.jpg"}, "homeCity": "Singapore", "lists": {"groups": [{"items": [], "count": 2, "type": "created"}]}}, {"tips": {"count": 1}, "contact": {}, "firstName": "Fernie", "gender": "female", "lastName": "Maznie", "id": "2260388", "bio": "", "photo": {"prefix": "https://igx.4sqi.net/img/user/", "suffix": "/GHYMHN54NT4XIB4N.jpg"}, "homeCity": ", Singapore", "lists": {"groups": [{"items": [], "count": 2, "type": "created"}]}}, {"tips": {"count": 1}, "contact": {"twitter": "supertessah", "facebook": "1017795733"}, "firstName": "Tessa", "gender": "female", "lastName": "Ng\ud83d\udc8b", "id": "4024526", "bio": "", "photo": {"prefix": "https://igx.4sqi.net/img/user/", "suffix": "/4024526-JUQBWCKFLA4ZC3JG.jpg"}, "homeCity": "Singapore", "lists": {"groups": [{"items": [], "count": 2, "type": "created"}]}}, {"tips": {"count": 0}, "contact": {"facebook": "725152356"}, "firstName": "Quryati", "gender": "female", "lastName": "Ashburn", "id": "2208288", "bio": "", "photo": {"prefix": "https://igx.4sqi.net/img/user/", "suffix": "/M25Y11VLWNINH4WZ.jpg"}, "homeCity": "Singapore", "lists": {"groups": [{"items": [], "count": 2, "type": "created"}]}}, {"tips": {"count": 2}, "contact": {"twitter": "oliva_thio", "facebook": "100000004736921"}, "firstName": "Oliva", "gender": "female", "lastName": "Thio", "id": "3459282", "bio": "", "photo": {"prefix": "https://igx.4sqi.net/img/user/", "suffix": "/ARZQHSSER33IDC0N.jpg"}, "homeCity": "Indonesia", "lists": {"groups": [{"items": [], "count": 2, "type": "created"}]}}, {"tips": {"count": 0}, "contact": {}, "firstName": "Serene", "gender": "female", "lastName": "Teo", "id": "998701", "bio": "", "photo": {"prefix": "https://igx.4sqi.net/img/user/", "suffix": "/XSIYNAPBES2DWFWU.jpg"}, "homeCity": "Singapore", "lists": {"groups": [{"items": [], "count": 2, "type": "created"}]}}, {"tips": {"count": 16}, "contact": {"twitter": "ririzyuliani", "facebook": "100000328715360"}, "firstName": "Ririz", "gender": "female", "lastName": "Yuliani", "id": "1786607", "bio": "", "photo": {"prefix": "https://igx.4sqi.net/img/user/", "suffix": "/DUMMSWKSJIS0P2E3.jpg"}, "homeCity": "yogyakarta, indonesia", "lists": {"groups": [{"items": [], "count": 2, "type": "created"}]}}, {"tips": {"count": 21}, "contact": {"facebook": "1449002538"}, "firstName": "Anthony", "gender": "male", "lastName": "Neo", "id": "486937", "bio": "", "photo": {"prefix": "https://igx.4sqi.net/img/user/", "suffix": "/K4DPK0ZAWRMRRZXU.jpg"}, "homeCity": "Singapore", "lists": {"groups": [{"items": [], "count": 2, "type": "created"}]}}, {"tips": {"count": 11}, "contact": {"twitter": "momaalouise", "facebook": "704779781"}, "firstName": "Louise", "gender": "female", "lastName": "Koh", "id": "826846", "bio": "", "photo": {"prefix": "https://igx.4sqi.net/img/user/", "suffix": "/826846-P4ZTLBCFPJL1N3TW.jpg"}, "homeCity": "Singapore", "lists": {"groups": [{"items": [], "count": 2, "type": "created"}]}}, {"superuser": 6, "tips": {"count": 23}, "contact": {"twitter": "wendypunk", "facebook": "10154972352510442"}, "firstName": "Wendy", "gender": "female", "lastName": "P", "id": "932956", "bio": "Anything but ordinary // SU Lvl 6 \ud83c\uddf8\ud83c\uddec", "photo": {"prefix": "https://igx.4sqi.net/img/user/", "suffix": "/932956-0DBBMHDN2HL5QYON.jpg"}, "homeCity": "Singapore", "lists": {"groups": [{"items": [], "count": 3, "type": "created"}]}}, {"tips": {"count": 0}, "contact": {"twitter": "montellohello"}, "firstName": "Rahayu", "gender": "female", "lastName": "Ridwan", "id": "3298668", "bio": "", "photo": {"prefix": "https://igx.4sqi.net/img/user/", "suffix": "/5NCASPT05YIPRB00.jpg"}, "homeCity": "Singapore", "lists": {"groups": [{"items": [], "count": 2, "type": "created"}]}}, {"tips": {"count": 0}, "contact": {"twitter": "jasmineatworld"}, "firstName": "Jasmine", "gender": "female", "lastName": "Ashley", "id": "906029", "bio": "", "photo": {"prefix": "https://igx.4sqi.net/img/user/", "suffix": "/IJSQYNS0IZZC20J0.jpg"}, "homeCity": "Singapore", "lists": {"groups": [{"items": [], "count": 2, "type": "created"}]}}, {"tips": {"count": 0}, "contact": {"facebook": "703741607"}, "firstName": "Priscillious", "gender": "female", "lastName": "Tan", "id": "1484061", "bio": "", "photo": {"prefix": "https://igx.4sqi.net/img/user/", "suffix": "/30VDWWQ5XYWBL33M.jpg"}, "homeCity": "Singapore", "lists": {"groups": [{"items": [], "count": 2, "type": "created"}]}}, {"tips": {"count": 1}, "contact": {}, "firstName": "Ann", "gender": "female", "lastName": "Lin", "id": "2315834", "bio": "", "photo": {"prefix": "https://igx.4sqi.net/img/user/", "suffix": "/DZNVQ0BUOOTUEHNN.jpg"}, "homeCity": "Singapore", "lists": {"groups": [{"items": [], "count": 2, "type": "created"}]}}, {"tips": {"count": 1}, "contact": {"twitter": "serenatiian", "facebook": "100001955004446"}, "firstName": "Xintian", "gender": "female", "lastName": "Tay", "id": "4349266", "bio": "", "photo": {"prefix": "https://igx.4sqi.net/img/user/", "suffix": "/J04145YGYCTSHZEF.jpg"}, "homeCity": "Singapore", "lists": {"groups": [{"items": [], "count": 2, "type": "created"}]}}, {"tips": {"count": 7}, "contact": {"facebook": "756260156"}, "firstName": "Jimmy", "gender": "male", "lastName": "Y.", "id": "6856939", "bio": "Down to earth, love travelling, meeting new friends and challenge myself...", "photo": {"prefix": "https://igx.4sqi.net/img/user/", "suffix": "/PU1TEADOPYIZALG2.jpg"}, "homeCity": "Taipei, Taiwan", "lists": {"groups": [{"items": [], "count": 5, "type": "created"}]}}, {"tips": {"count": 41}, "contact": {"twitter": "arksnaps", "facebook": "10204027564952736"}, "firstName": "Rahim", "gender": "male", "lastName": "Khan", "id": "367625", "bio": "", "photo": {"prefix": "https://igx.4sqi.net/img/user/", "suffix": "/367625-1LD5CDWZD452MWCB.jpg"}, "homeCity": "Singapore", "lists": {"groups": [{"items": [], "count": 2, "type": "created"}]}}, {"tips": {"count": 6}, "contact": {}, "firstName": "Shantella", "gender": "female", "lastName": "Jayda", "id": "4263663", "bio": "", "photo": {"prefix": "https://igx.4sqi.net/img/user/", "suffix": "/4263663-KXOWKDHEI2Z0D1VJ.jpg"}, "homeCity": "Singapore", "lists": {"groups": [{"items": [], "count": 2, "type": "created"}]}}, {"tips": {"count": 0}, "contact": {"twitter": "satriarocks"}, "firstName": "Satria", "gender": "male", "lastName": "Pratama", "id": "7657179", "bio": "", "photo": {"prefix": "https://igx.4sqi.net/img/user/", "suffix": "/40DDMSMYHZAQWQEH.jpg"}, "homeCity": "Jakarta", "lists": {"groups": [{"items": [], "count": 2, "type": "created"}]}}, {"tips": {"count": 0}, "contact": {}, "firstName": "Darren", "gender": "male", "id": "1432894", "bio": "", "photo": {"prefix": "https://igx.4sqi.net/img/user/", "suffix": "/4XP3P20UIG5Z2PUT.jpg"}, "homeCity": "Singapore", "lists": {"groups": [{"items": [], "count": 2, "type": "created"}]}}, {"tips": {"count": 0}, "contact": {"facebook": "1053640837"}, "firstName": "Michelle", "gender": "female", "lastName": "Lim", "id": "5492250", "bio": "", "photo": {"prefix": "https://igx.4sqi.net/img/user/", "suffix": "/C2GBFMXGVJDDD1EC.jpg"}, "homeCity": "Singapore", "lists": {"groups": [{"items": [], "count": 2, "type": "created"}]}}, {"tips": {"count": 0}, "contact": {"facebook": "636524651"}, "firstName": "Jaezy", "gender": "female", "lastName": "Chor", "id": "2291527", "bio": "", "photo": {"prefix": "https://igx.4sqi.net/img/user/", "suffix": "/QIC2MNSMWXDWVI0D.jpg"}, "homeCity": "Singapore, 540128", "lists": {"groups": [{"items": [], "count": 2, "type": "created"}]}}, {"tips": {"count": 0}, "contact": {"twitter": "gummek", "facebook": "1642158048"}, "firstName": "Gugum", "gender": "male", "lastName": "Gumilar", "id": "4240016", "bio": "", "photo": {"prefix": "https://igx.4sqi.net/img/user/", "suffix": "/OMABFEDPYK0BGXCK.jpg"}, "homeCity": "Bandung, Indonesia", "lists": {"groups": [{"items": [], "count": 2, "type": "created"}]}}, {"tips": {"count": 13}, "contact": {"twitter": "priyantohendrik", "facebook": "100001189205225"}, "firstName": "Photography Of", "gender": "male", "lastName": "Jack Jack", "id": "2386542", "bio": "Penikmat Kopi", "photo": {"prefix": "https://igx.4sqi.net/img/user/", "suffix": "/J2NNNP1UUM0IOB0X.jpg"}, "homeCity": "Pekanbaru, Riau", "lists": {"groups": [{"items": [], "count": 2, "type": "created"}]}}, {"tips": {"count": 2}, "contact": {"facebook": "533733405"}, "firstName": "Yana", "gender": "female", "lastName": "Aza", "id": "3482259", "bio": "", "photo": {"prefix": "https://igx.4sqi.net/img/user/", "suffix": "/EE0K5CFFHLCAL3JP.jpg"}, "homeCity": "Singapore", "lists": {"groups": [{"items": [], "count": 2, "type": "created"}]}}, {"tips": {"count": 0}, "contact": {"twitter": "atiqahnabilah", "facebook": "753944694"}, "firstName": "Atiqah", "gender": "female", "lastName": "Nabilah", "id": "1074880", "bio": "", "photo": {"prefix": "https://igx.4sqi.net/img/user/", "suffix": "/QNPV4EFSS4MYAOWI.jpg"}, "homeCity": "Singapore", "lists": {"groups": [{"items": [], "count": 2, "type": "created"}]}}, {"tips": {"count": 7}, "contact": {"facebook": "10206708316778140"}, "firstName": "Nelson", "gender": "male", "lastName": "Salvatore", "id": "21826961", "bio": "", "photo": {"prefix": "https://igx.4sqi.net/img/user/", "suffix": "/21826961-SIVH0PINZJTXKXYG.jpg"}, "homeCity": "Malaysia", "lists": {"groups": [{"items": [], "count": 2, "type": "created"}]}}, {"tips": {"count": 1}, "contact": {"twitter": "sohberlin", "facebook": "630721600"}, "firstName": "Berlin", "gender": "female", "lastName": "Soh", "id": "489423", "bio": "", "photo": {"prefix": "https://igx.4sqi.net/img/user/", "suffix": "/T2MIOH5MO4FX1EEX.jpg"}, "homeCity": "Singapore", "lists": {"groups": [{"items": [], "count": 2, "type": "created"}]}}, {"tips": {"count": 1}, "contact": {"twitter": "ohmyizzah", "facebook": "100000276206843"}, "firstName": "Izzah", "gender": "female", "lastName": "Fauzy", "id": "1754465", "bio": "", "photo": {"prefix": "https://igx.4sqi.net/img/user/", "suffix": "/2UIOILFXRAOZXL0J.jpg"}, "homeCity": "Singapore", "lists": {"groups": [{"items": [], "count": 2, "type": "created"}]}}, {"tips": {"count": 0}, "contact": {"twitter": "xnxy", "facebook": "683947544"}, "firstName": "Arena", "gender": "female", "lastName": "Lim", "id": "1029998", "bio": "", "photo": {"prefix": "https://igx.4sqi.net/img/user/", "suffix": "/5QC3YGGB4EZSGRNY.jpg"}, "homeCity": "Singapore", "lists": {"groups": [{"items": [], "count": 2, "type": "created"}]}}, {"tips": {"count": 0}, "contact": {}, "firstName": "Fazliana", "gender": "female", "id": "3299588", "bio": "", "photo": {"prefix": "https://igx.4sqi.net/img/user/", "suffix": "/blank_girl.png", "default": true}, "homeCity": "Singapore", "lists": {"groups": [{"items": [], "count": 2, "type": "created"}]}}, {"tips": {"count": 0}, "contact": {"facebook": "1568019120"}, "firstName": "Lucas", "gender": "male", "lastName": "Toh B H", "id": "911901", "bio": "", "photo": {"prefix": "https://igx.4sqi.net/img/user/", "suffix": "/01PWD4BP4UHCUWDQ.jpg"}, "homeCity": "Singapore", "lists": {"groups": [{"items": [], "count": 2, "type": "created"}]}}, {"tips": {"count": 0}, "contact": {"facebook": "517810517"}, "firstName": "Calvin", "gender": "none", "lastName": "Lee", "id": "4449949", "bio": "", "photo": {"prefix": "https://igx.4sqi.net/img/user/", "suffix": "/UKR0GNRZ3IPD5YKC.jpg"}, "homeCity": "Singapore", "lists": {"groups": [{"items": [], "count": 2, "type": "created"}]}}, {"tips": {"count": 0}, "contact": {"twitter": "tissueeboi", "facebook": "678038243"}, "firstName": "Qj", "gender": "male", "lastName": "Yare", "id": "4370607", "bio": "", "photo": {"prefix": "https://igx.4sqi.net/img/user/", "suffix": "/15HFUXRNGT4EDHKC.jpg"}, "homeCity": "Singapore", "lists": {"groups": [{"items": [], "count": 2, "type": "created"}]}}, {"tips": {"count": 0}, "contact": {"facebook": "532224824"}, "firstName": "Nurin", "gender": "female", "lastName": "Sharine", "id": "7014169", "bio": "", "photo": {"prefix": "https://igx.4sqi.net/img/user/", "suffix": "/blank_girl.png", "default": true}, "homeCity": "Singapore", "lists": {"groups": [{"items": [], "count": 3, "type": "created"}]}}, {"tips": {"count": 0}, "contact": {}, "firstName": "Kampong", "gender": "male", "lastName": "Boy", "id": "12234570", "bio": "", "photo": {"prefix": "https://igx.4sqi.net/img/user/", "suffix": "/WELD3GIVCCHAME3Q.jpg"}, "homeCity": "Singapore", "lists": {"groups": [{"items": [], "count": 3, "type": "created"}]}}, {"tips": {"count": 1}, "contact": {"facebook": "1117221912"}, "firstName": "Aniq", "gender": "male", "lastName": "Aqil", "id": "4381313", "bio": "", "photo": {"prefix": "https://igx.4sqi.net/img/user/", "suffix": "/5NZI1KO3JYHQCRZS.jpg"}, "homeCity": "Singapore", "lists": {"groups": [{"items": [], "count": 2, "type": "created"}]}}, {"tips": {"count": 0}, "contact": {}, "firstName": "Timothius Handy", "gender": "male", "lastName": "Wirianata", "id": "8015116", "bio": "", "photo": {"prefix": "https://igx.4sqi.net/img/user/", "suffix": "/GSYNWKNVVQTOJBUB.jpg"}, "homeCity": "Singapore", "lists": {"groups": [{"items": [], "count": 2, "type": "created"}]}}, {"tips": {"count": 0}, "contact": {"twitter": "thisger", "facebook": "100000550271540"}, "firstName": "Sophie", "gender": "female", "lastName": "Tang", "id": "1436205", "bio": "a life of what ifs", "photo": {"prefix": "https://igx.4sqi.net/img/user/", "suffix": "/1436205-F1AZGWPBCDZGHIR2.jpg"}, "homeCity": "Geylang, Singapore", "lists": {"groups": [{"items": [], "count": 2, "type": "created"}]}}, {"tips": {"count": 0}, "contact": {}, "firstName": "Wang", "gender": "female", "lastName": "Joanna", "id": "5584892", "bio": "", "photo": {"prefix": "https://igx.4sqi.net/img/user/", "suffix": "/JD1QB3Z1C5FQYH4Y.jpg"}, "homeCity": "Singapore", "lists": {"groups": [{"items": [], "count": 2, "type": "created"}]}}, {"tips": {"count": 3}, "contact": {"facebook": "730308290"}, "firstName": "zie", "gender": "female", "lastName": "azman", "id": "2360611", "bio": "", "photo": {"prefix": "https://igx.4sqi.net/img/user/", "suffix": "/R5VYZXGLAMYOPP5Z.jpg"}, "homeCity": "Hougang, Singapore", "lists": {"groups": [{"items": [], "count": 2, "type": "created"}]}}, {"tips": {"count": 0}, "contact": {"facebook": "1520140197"}, "firstName": "Jenny", "gender": "female", "lastName": "Bordeaux", "id": "4570030", "bio": "", "photo": {"prefix": "https://igx.4sqi.net/img/user/", "suffix": "/2LWYAIICGBYESKG2.jpg"}, "homeCity": "Orlando, FL", "lists": {"groups": [{"items": [], "count": 2, "type": "created"}]}}, {"tips": {"count": 0}, "contact": {"twitter": "berlicialselina", "facebook": "653192613"}, "firstName": "Berlicial", "gender": "female", "lastName": "Goh", "id": "2522761", "bio": "", "photo": {"prefix": "https://igx.4sqi.net/img/user/", "suffix": "/01IUQILCPET2AHNY.jpg"}, "homeCity": "Singapore", "lists": {"groups": [{"items": [], "count": 2, "type": "created"}]}}, {"tips": {"count": 4}, "contact": {}, "firstName": "Fie.Slayer\ue531", "gender": "male", "id": "3483303", "bio": "", "photo": {"prefix": "https://igx.4sqi.net/img/user/", "suffix": "/NVSGDIY1H0YK2N1D.jpg"}, "homeCity": "Singapore", "lists": {"groups": [{"items": [], "count": 2, "type": "created"}]}}, {"tips": {"count": 9}, "contact": {"twitter": "yinggoogle", "facebook": "1178298257"}, "firstName": "yinggoogle", "gender": "female", "id": "3136702", "bio": "", "photo": {"prefix": "https://igx.4sqi.net/img/user/", "suffix": "/2RVJXXNQWXTD2HYM.jpg"}, "homeCity": "Thailand", "lists": {"groups": [{"items": [], "count": 2, "type": "created"}]}}, {"tips": {"count": 3}, "contact": {"facebook": "567131772"}, "firstName": "Sleepy Jes", "gender": "female", "id": "1053130", "bio": "", "photo": {"prefix": "https://igx.4sqi.net/img/user/", "suffix": "/SW1HI4M0DSGVRWFK.jpg"}, "homeCity": "Singapore", "lists": {"groups": [{"items": [], "count": 2, "type": "created"}]}}, {"tips": {"count": 14}, "contact": {"twitter": "yuripistachio"}, "firstName": "Yuri", "gender": "female", "id": "1755577", "bio": "", "photo": {"prefix": "https://igx.4sqi.net/img/user/", "suffix": "/QC20USASMCZGD41I.jpg"}, "homeCity": "Singapore", "lists": {"groups": [{"items": [], "count": 2, "type": "created"}]}}, {"tips": {"count": 5}, "contact": {"twitter": "ting_janet", "facebook": "1273283095"}, "firstName": "ting", "gender": "female", "lastName": "janet", "id": "1062345", "bio": "", "photo": {"prefix": "https://igx.4sqi.net/img/user/", "suffix": "/BBLEM335FYUTIPH3.jpg"}, "homeCity": "Singapore", "lists": {"groups": [{"items": [], "count": 2, "type": "created"}]}}, {"tips": {"count": 0}, "contact": {}, "firstName": "Andrea", "gender": "female", "lastName": "Yan", "id": "3307342", "bio": "", "photo": {"prefix": "https://igx.4sqi.net/img/user/", "suffix": "/0EW1GBTVQQ45FLCB.jpg"}, "homeCity": "Singapore", "lists": {"groups": [{"items": [], "count": 2, "type": "created"}]}}, {"tips": {"count": 0}, "contact": {"facebook": "742717661"}, "firstName": "Jorge", "gender": "male", "lastName": "Lorenzai", "id": "21987543", "bio": "", "photo": {"prefix": "https://igx.4sqi.net/img/user/", "suffix": "/3RWN4H4JAOQQZPEG.jpg"}, "homeCity": "New York, NY", "lists": {"groups": [{"items": [], "count": 2, "type": "created"}]}}, {"tips": {"count": 0}, "contact": {}, "firstName": "jellybeans", "gender": "female", "lastName": "tan", "id": "9335930", "bio": "", "photo": {"prefix": "https://igx.4sqi.net/img/user/", "suffix": "/5USSK5AQ3EDWFCAN.jpg"}, "homeCity": "New York, NY", "lists": {"groups": [{"items": [], "count": 2, "type": "created"}]}}, {"tips": {"count": 0}, "contact": {"facebook": "100001863003070"}, "firstName": "4sq Sg", "gender": "none", "lastName": "Community", "id": "4548691", "bio": "", "photo": {"prefix": "https://igx.4sqi.net/img/user/", "suffix": "/3YXDXW0X0GVZ5COM.jpg"}, "homeCity": "Singapore", "lists": {"groups": [{"items": [], "count": 2, "type": "created"}]}}, {"tips": {"count": 21}, "contact": {}, "firstName": "mugs", "gender": "none", "lastName": "cool", "id": "7041013", "bio": "", "photo": {"prefix": "https://igx.4sqi.net/img/user/", "suffix": "/3EIE4AUOJTZPZWTC.jpg"}, "homeCity": "Makati philippines", "lists": {"groups": [{"items": [], "count": 8, "type": "created"}]}}, {"tips": {"count": 2}, "contact": {"facebook": "1063630331"}, "firstName": "Raisa", "gender": "female", "lastName": "Violetha", "id": "26190788", "bio": "", "photo": {"prefix": "https://igx.4sqi.net/img/user/", "suffix": "/XWB4OHIX4BJCNRGO.jpg"}, "homeCity": "Jakarta - Singapore", "lists": {"groups": [{"items": [], "count": 2, "type": "created"}]}}, {"tips": {"count": 0}, "contact": {"twitter": "jumieexu", "facebook": "546222249"}, "firstName": "Jumiee", "gender": "female", "lastName": "Xu", "id": "7651250", "bio": "", "photo": {"prefix": "https://igx.4sqi.net/img/user/", "suffix": "/D4ESFL1XS3TD3IVI.jpg"}, "homeCity": "Singapore", "lists": {"groups": [{"items": [], "count": 2, "type": "created"}]}}, {"tips": {"count": 17}, "contact": {"twitter": "hananghimawan", "facebook": "100005660613506"}, "firstName": "Hanang", "gender": "male", "lastName": "Himawan", "id": "10145691", "bio": "XII IPA 2 SMA N 1 Kartasura\u2661", "photo": {"prefix": "https://igx.4sqi.net/img/user/", "suffix": "/10145691-ODKHLMTJMNYC4VBH.jpg"}, "homeCity": "Surakarta, Indonesia", "lists": {"groups": [{"items": [], "count": 5, "type": "created"}]}}, {"tips": {"count": 14}, "contact": {"twitter": "luv_mommies"}, "firstName": "Nor Aishah", "gender": "female", "lastName": "Bassir", "id": "5614409", "bio": "\"Beauty is not in the FACE, beauty is a light in the HEART.\"", "photo": {"prefix": "https://igx.4sqi.net/img/user/", "suffix": "/RMXXQQGEAB0ADFMH.jpg"}, "homeCity": "Kuala Lumpur, Malaysia", "lists": {"groups": [{"items": [], "count": 2, "type": "created"}]}}, {"tips": {"count": 3}, "contact": {"twitter": "cardenas_mon"}, "firstName": "Mon", "gender": "male", "lastName": "Cardenas", "id": "2364533", "bio": "", "photo": {"prefix": "https://igx.4sqi.net/img/user/", "suffix": "/05LJP50ILKZKRMKD.jpg"}, "homeCity": "Singapore", "lists": {"groups": [{"items": [], "count": 2, "type": "created"}]}}, {"tips": {"count": 0}, "contact": {"twitter": "katbbylovesyou", "facebook": "610762645"}, "firstName": "Kat Bby", "gender": "female", "id": "5175210", "bio": "", "photo": {"prefix": "https://igx.4sqi.net/img/user/", "suffix": "/FWZ1P0KZLH5FKMSD.jpg"}, "homeCity": "Singapore, SG", "lists": {"groups": [{"items": [], "count": 2, "type": "created"}]}}, {"tips": {"count": 1}, "contact": {}, "firstName": "Jesuke", "gender": "none", "id": "3528493", "bio": "", "photo": {"prefix": "https://igx.4sqi.net/img/user/", "suffix": "/3528493-ZR02HPNE1X1X2TLG.jpg"}, "homeCity": "Singapore", "lists": {"groups": [{"items": [], "count": 2, "type": "created"}]}}, {"tips": {"count": 0}, "contact": {}, "firstName": "Jit Hao", "gender": "male", "lastName": "Cheong", "id": "5362237", "bio": "", "photo": {"prefix": "https://igx.4sqi.net/img/user/", "suffix": "/blank_boy.png", "default": true}, "homeCity": "New York, NY", "lists": {"groups": [{"items": [], "count": 2, "type": "created"}]}}, {"tips": {"count": 1}, "contact": {}, "firstName": "Guang", "gender": "male", "lastName": "Guang", "id": "4066308", "bio": "", "photo": {"prefix": "https://igx.4sqi.net/img/user/", "suffix": "/RYQFMDUTEBKO0HDI.jpg"}, "homeCity": "Singapore", "lists": {"groups": [{"items": [], "count": 2, "type": "created"}]}}, {"tips": {"count": 4}, "contact": {"twitter": "chamchamz"}, "firstName": "Hisham", "gender": "male", "lastName": "Hamid", "id": "1462046", "bio": "", "photo": {"prefix": "https://igx.4sqi.net/img/user/", "suffix": "/MH1WBDDFNJVEPB0O.jpg"}, "homeCity": "Singapore", "lists": {"groups": [{"items": [], "count": 2, "type": "created"}]}}, {"tips": {"count": 11}, "contact": {"twitter": "lynn_y", "facebook": "884300112"}, "firstName": "yeoh", "gender": "female", "lastName": "lynn", "id": "2145469", "bio": "", "photo": {"prefix": "https://igx.4sqi.net/img/user/", "suffix": "/02TUDSG4DL0NF0QI.jpg"}, "homeCity": "Singapore", "lists": {"groups": [{"items": [], "count": 2, "type": "created"}]}}, {"tips": {"count": 0}, "contact": {"twitter": "rkyciapoh", "facebook": "10205574236866909"}, "firstName": "Rkycia", "gender": "female", "lastName": "Poh", "id": "1064537", "bio": "Mixed-blood, Thai-Chinese.\r\nTwitter \u2022 Instagram: @rkyciapoh | www.rkyciapoh.com", "photo": {"prefix": "https://igx.4sqi.net/img/user/", "suffix": "/1064537-2W5AXP4CBUET2HPY.jpg"}, "homeCity": "Singapore, Thailand", "lists": {"groups": [{"items": [], "count": 2, "type": "created"}]}}, {"tips": {"count": 0}, "contact": {"facebook": "661686701"}, "firstName": "Edward", "gender": "male", "lastName": "Sim", "id": "3309116", "bio": "", "photo": {"prefix": "https://igx.4sqi.net/img/user/", "suffix": "/ZMYZ5JJIFMFK1J0M.jpg"}, "homeCity": "Singapore", "lists": {"groups": [{"items": [], "count": 2, "type": "created"}]}}, {"tips": {"count": 0}, "contact": {"twitter": "arryyaak"}, "firstName": "Arya", "gender": "male", "lastName": "Samodra", "id": "9450421", "bio": "Mysterious", "photo": {"prefix": "https://igx.4sqi.net/img/user/", "suffix": "/KZFEOWQDPZUEEZSM.jpg"}, "homeCity": "Surabaya, Indonesia", "lists": {"groups": [{"items": [], "count": 2, "type": "created"}]}}, {"tips": {"count": 1}, "contact": {"facebook": "739867780"}, "firstName": "HaDi", "gender": "male", "lastName": "H\u00e4agen-Dazs", "id": "4778942", "bio": "", "photo": {"prefix": "https://igx.4sqi.net/img/user/", "suffix": "/LZ3NDXDBM55IFIEK.jpg"}, "homeCity": "Singapore", "lists": {"groups": [{"items": [], "count": 2, "type": "created"}]}}, {"tips": {"count": 1}, "contact": {"twitter": "mirahchapman"}, "firstName": "Mirah", "gender": "female", "lastName": "Chapman", "id": "8401291", "bio": "", "photo": {"prefix": "https://igx.4sqi.net/img/user/", "suffix": "/G5XGB2NCYHLAYQBY.jpg"}, "homeCity": "Singapore", "lists": {"groups": [{"items": [], "count": 2, "type": "created"}]}}, {"tips": {"count": 0}, "contact": {}, "firstName": "Jana", "gender": "female", "lastName": "Poliavkova", "id": "26239485", "bio": "", "photo": {"prefix": "https://igx.4sqi.net/img/user/", "suffix": "/PCTJDXHHD1CMSFR4.jpg"}, "homeCity": "ykpa\u0131ha.    ukra\u00edna", "lists": {"groups": [{"items": [], "count": 2, "type": "created"}]}}, {"tips": {"count": 0}, "contact": {"twitter": "lanrui_1989", "facebook": "1804488018"}, "firstName": "Lan", "gender": "female", "lastName": "Rui", "id": "7691947", "bio": "", "photo": {"prefix": "https://igx.4sqi.net/img/user/", "suffix": "/MFPAAZ2Q2PVVKPZS.jpg"}, "homeCity": "Singapore", "lists": {"groups": [{"items": [], "count": 2, "type": "created"}]}}, {"tips": {"count": 0}, "contact": {}, "firstName": "G.m.", "gender": "male", "lastName": "Saarvesh", "id": "24010301", "bio": "", "photo": {"prefix": "https://igx.4sqi.net/img/user/", "suffix": "/BSSGMRS4EXH3NS4Z.jpg"}, "homeCity": "New York, NY", "lists": {"groups": [{"items": [], "count": 2, "type": "created"}]}}, {"tips": {"count": 7}, "contact": {}, "firstName": "jheckaa", "gender": "none", "id": "5658397", "bio": "", "photo": {"prefix": "https://igx.4sqi.net/img/user/", "suffix": "/YFAW0PAAXL5WOH2R.jpg"}, "homeCity": "Singapore", "lists": {"groups": [{"items": [], "count": 2, "type": "created"}]}}, {"tips": {"count": 3}, "contact": {"twitter": "melissamarialee"}, "firstName": "Melissa Maria", "gender": "female", "id": "2622029", "bio": "", "photo": {"prefix": "https://igx.4sqi.net/img/user/", "suffix": "/Y3AUIZPHCX2E4NJQ.jpg"}, "homeCity": "Singapore", "lists": {"groups": [{"items": [], "count": 2, "type": "created"}]}}, {"tips": {"count": 0}, "contact": {}, "firstName": "Benny", "gender": "male", "lastName": "Benny", "id": "6681893", "bio": "", "photo": {"prefix": "https://igx.4sqi.net/img/user/", "suffix": "/4XLGKDDMCMUSKBVD.jpg"}, "homeCity": "Singapore", "lists": {"groups": [{"items": [], "count": 2, "type": "created"}]}}, {"tips": {"count": 22}, "contact": {"twitter": "pinkmulberry"}, "firstName": "Ewen", "gender": "female", "lastName": "Chan", "id": "3749500", "bio": "Instagram: ewenx", "photo": {"prefix": "https://igx.4sqi.net/img/user/", "suffix": "/3749500-CCUG4DHRHBWHGNJY.jpg"}, "homeCity": "Singapore", "lists": {"groups": [{"items": [], "count": 2, "type": "created"}]}}, {"tips": {"count": 0}, "contact": {"facebook": "10209339317656565"}, "firstName": "\u8fdb\u822a", "gender": "male", "lastName": "\u738b", "id": "5399334", "bio": "", "photo": {"prefix": "https://igx.4sqi.net/img/user/", "suffix": "/1NDHYNVWECJC1UGE.jpg"}, "homeCity": "Malaysia", "lists": {"groups": [{"items": [], "count": 2, "type": "created"}]}}, {"tips": {"count": 125}, "contact": {"twitter": "warish001", "facebook": "1424851235"}, "firstName": "Warich", "gender": "male", "lastName": "Senasawat", "id": "4066726", "bio": "", "photo": {"prefix": "https://igx.4sqi.net/img/user/", "suffix": "/4066726-NXQUPONZ3SSTKKP0.jpg"}, "homeCity": "Hat Yai, Thailand", "lists": {"groups": [{"items": [], "count": 9, "type": "created"}]}}, {"tips": {"count": 10}, "contact": {"facebook": "657233787"}, "firstName": "Oh", "gender": "male", "lastName": "Quan", "id": "1476325", "bio": "", "photo": {"prefix": "https://igx.4sqi.net/img/user/", "suffix": "/YEA3CTODGKTH0HSC.jpg"}, "homeCity": "Tampines, Singapore", "lists": {"groups": [{"items": [], "count": 2, "type": "created"}]}}, {"tips": {"count": 0}, "contact": {"facebook": "1570215572"}, "firstName": "Ameer", "gender": "male", "lastName": "Pestana", "id": "4223556", "bio": "", "photo": {"prefix": "https://igx.4sqi.net/img/user/", "suffix": "/CWJUFXAO1LXTJX3N.jpg"}, "homeCity": "Singapore", "lists": {"groups": [{"items": [], "count": 2, "type": "created"}]}}, {"tips": {"count": 0}, "contact": {}, "firstName": "Krystal", "gender": "female", "lastName": "Navorski", "id": "1188222", "bio": "", "photo": {"prefix": "https://igx.4sqi.net/img/user/", "suffix": "/NNLIVFUIRTKDK1H4.jpg"}, "homeCity": "Telok Blangah, Singapore", "lists": {"groups": [{"items": [], "count": 2, "type": "created"}]}}, {"tips": {"count": 7}, "contact": {"twitter": "michikoluvs", "facebook": "1534183174"}, "firstName": "Michelle", "gender": "female", "lastName": "Chua", "id": "3389523", "bio": "", "photo": {"prefix": "https://igx.4sqi.net/img/user/", "suffix": "/WAMSD5ICQU2QS5MS.jpg"}, "homeCity": "Singapore", "lists": {"groups": [{"items": [], "count": 2, "type": "created"}]}}, {"tips": {"count": 0}, "contact": {"facebook": "100000371660829"}, "firstName": "Jinde", "gender": "male", "lastName": "Liao", "id": "9502164", "bio": "", "photo": {"prefix": "https://igx.4sqi.net/img/user/", "suffix": "/KIMTAYO35DSDJMTM.jpg"}, "homeCity": "Singapore", "lists": {"groups": [{"items": [], "count": 2, "type": "created"}]}}, {"tips": {"count": 1}, "contact": {"facebook": "642662722"}, "firstName": "CK", "gender": "male", "lastName": "Choon Keong", "id": "5155672", "bio": "", "photo": {"prefix": "https://igx.4sqi.net/img/user/", "suffix": "/BLL2VTUF5YURTS2I.jpg"}, "homeCity": "Singapore ", "lists": {"groups": [{"items": [], "count": 2, "type": "created"}]}}, {"tips": {"count": 0}, "contact": {"twitter": "sadkidz14", "facebook": "554398271"}, "firstName": "Sron", "gender": "female", "lastName": "Yong", "id": "8628373", "bio": "", "photo": {"prefix": "https://igx.4sqi.net/img/user/", "suffix": "/M53L0J13NXUYGQ21.jpg"}, "homeCity": "Singapore", "lists": {"groups": [{"items": [], "count": 2, "type": "created"}]}}, {"tips": {"count": 2}, "contact": {"twitter": "alyssadaley12", "facebook": "100000548984022"}, "firstName": "Alyssa", "gender": "female", "lastName": "S. Abeng", "id": "7949696", "bio": "", "photo": {"prefix": "https://igx.4sqi.net/img/user/", "suffix": "/7949696-OK2Y4IGDHR3ES343.jpg"}, "homeCity": "", "lists": {"groups": [{"items": [], "count": 2, "type": "created"}]}}, {"tips": {"count": 0}, "contact": {"twitter": "stephpalamasin", "facebook": "1099093302"}, "firstName": "Stephanie", "gender": "female", "lastName": "Palamasin", "id": "29273662", "bio": "", "photo": {"prefix": "https://igx.4sqi.net/img/user/", "suffix": "/29273662-PXQRNOHJYSOSZTOL.jpg"}, "homeCity": "Singapore", "lists": {"groups": [{"items": [], "count": 2, "type": "created"}]}}, {"tips": {"count": 1}, "contact": {"twitter": "shfekrylon", "facebook": "1087822650"}, "firstName": "Shfe", "gender": "male", "lastName": "Krylon", "id": "5845514", "bio": "", "photo": {"prefix": "https://igx.4sqi.net/img/user/", "suffix": "/NT0TYQGHPD11WP1N.jpg"}, "homeCity": "Singapore", "lists": {"groups": [{"items": [], "count": 2, "type": "created"}]}}, {"tips": {"count": 1}, "contact": {"twitter": "genevieveeeeee_", "facebook": "100003694857489"}, "firstName": "Genevieve\ud83c\udf53", "gender": "female", "id": "2624766", "bio": "", "photo": {"prefix": "https://igx.4sqi.net/img/user/", "suffix": "/FHTBS4FH0IADB51R.jpg"}, "homeCity": "Singapore", "lists": {"groups": [{"items": [], "count": 2, "type": "created"}]}}, {"tips": {"count": 0}, "contact": {}, "firstName": "Dancer", "gender": "female", "lastName": "Geisha", "id": "3899354", "bio": "", "photo": {"prefix": "https://igx.4sqi.net/img/user/", "suffix": "/KVQ44MEQLGOYVPBB.jpg"}, "homeCity": "Singapore", "lists": {"groups": [{"items": [], "count": 2, "type": "created"}]}}, {"tips": {"count": 0}, "contact": {"facebook": "538874400"}, "firstName": "Khairi", "gender": "male", "lastName": "Aazee", "id": "14531722", "bio": "", "photo": {"prefix": "https://igx.4sqi.net/img/user/", "suffix": "/LDXWVDJH4DGIVIZ4.jpg"}, "homeCity": "Singapore", "lists": {"groups": [{"items": [], "count": 2, "type": "created"}]}}, {"tips": {"count": 0}, "contact": {"twitter": "redsmokes", "facebook": "659879579"}, "firstName": "Veronica", "gender": "female", "lastName": "Yong", "id": "4621024", "bio": "", "photo": {"prefix": "https://igx.4sqi.net/img/user/", "suffix": "/1HF2Y1FLSCCVGH5H.jpg"}, "homeCity": "Singapore, Khatib", "lists": {"groups": [{"items": [], "count": 2, "type": "created"}]}}, {"tips": {"count": 1}, "contact": {"twitter": "amandajiahui", "facebook": "1305824811"}, "firstName": "amanda", "gender": "female", "lastName": "jiahui", "id": "1729607", "bio": "", "photo": {"prefix": "https://igx.4sqi.net/img/user/", "suffix": "/Y24T2IHTCPIP5Y3D.jpg"}, "homeCity": "Singapore", "lists": {"groups": [{"items": [], "count": 2, "type": "created"}]}}, {"tips": {"count": 8}, "contact": {"twitter": "xievincent"}, "firstName": "Vincent", "gender": "male", "lastName": "V.", "id": "4394779", "bio": "IG @XieVincent", "photo": {"prefix": "https://igx.4sqi.net/img/user/", "suffix": "/GKPFJ3BJVTCY542E.jpg"}, "homeCity": "Indonesia", "lists": {"groups": [{"items": [], "count": 2, "type": "created"}]}}, {"tips": {"count": 1}, "contact": {"twitter": "rlcy"}, "firstName": "Rlcy", "gender": "male", "lastName": "Robin", "id": "1188537", "bio": "", "photo": {"prefix": "https://igx.4sqi.net/img/user/", "suffix": "/HNWLVM12JLETACC0.jpg"}, "homeCity": "Singapore", "lists": {"groups": [{"items": [], "count": 2, "type": "created"}]}}, {"tips": {"count": 0}, "contact": {"twitter": "sogawhee", "facebook": "795420067"}, "firstName": "\u2623; \u0438x.", "gender": "none", "id": "3394112", "bio": "", "photo": {"prefix": "https://igx.4sqi.net/img/user/", "suffix": "/XNMVI0Y2MH5PIZHJ.jpg"}, "homeCity": "Singapore", "lists": {"groups": [{"items": [], "count": 2, "type": "created"}]}}, {"tips": {"count": 10}, "contact": {"twitter": "hungryeatwhat"}, "firstName": "HungryEatWhat", "gender": "male", "id": "9529612", "bio": "", "photo": {"prefix": "https://igx.4sqi.net/img/user/", "suffix": "/Z0LVP31YNSNHWRQM.png"}, "homeCity": "Singapore", "lists": {"groups": [{"items": [], "count": 7, "type": "created"}]}}, {"tips": {"count": 0}, "contact": {"twitter": "peitingloves"}, "firstName": "Burbell Bella", "gender": "female", "id": "6180414", "bio": "", "photo": {"prefix": "https://igx.4sqi.net/img/user/", "suffix": "/EMCEXAIP3CUYCWIF.jpg"}, "homeCity": "Singapore", "lists": {"groups": [{"items": [], "count": 2, "type": "created"}]}}, {"tips": {"count": 7}, "contact": {"twitter": "ecojive"}, "firstName": "EcoJive", "gender": "none", "id": "11809372", "bio": "", "photo": {"prefix": "https://igx.4sqi.net/img/user/", "suffix": "/PHETFHNWE4BLFO0G.png"}, "homeCity": "Eau Claire, WI", "lists": {"groups": [{"items": [], "count": 3, "type": "created"}]}}, {"tips": {"count": 0}, "contact": {"facebook": "716156487"}, "firstName": "Seri", "gender": "female", "lastName": "Uyainah", "id": "7958848", "bio": "", "photo": {"prefix": "https://igx.4sqi.net/img/user/", "suffix": "/Q1YEMN2KRI3EX2NS.jpg"}, "homeCity": "Singapore", "lists": {"groups": [{"items": [], "count": 2, "type": "created"}]}}, {"tips": {"count": 0}, "contact": {"facebook": "100000514475888"}, "firstName": "Sam", "gender": "male", "lastName": "Rafi'ee", "id": "5914987", "bio": "", "photo": {"prefix": "https://igx.4sqi.net/img/user/", "suffix": "/KXSDKSTSJXZWVRLH.jpg"}, "homeCity": "Singapore", "lists": {"groups": [{"items": [], "count": 2, "type": "created"}]}}, {"tips": {"count": 0}, "contact": {}, "firstName": "Antorin", "gender": "female", "lastName": "Luo", "id": "2840182", "bio": "", "photo": {"prefix": "https://igx.4sqi.net/img/user/", "suffix": "/T4PVQSLQUXMFIEI5.jpg"}, "homeCity": "Singapore", "lists": {"groups": [{"items": [], "count": 2, "type": "created"}]}}, {"tips": {"count": 2}, "contact": {"facebook": "100001586404955"}, "firstName": "Linda", "gender": "female", "lastName": "Ee", "id": "3911401", "bio": "", "photo": {"prefix": "https://igx.4sqi.net/img/user/", "suffix": "/OVAVVJ3CDCMZBRLC.jpg"}, "homeCity": "Singapore", "lists": {"groups": [{"items": [], "count": 2, "type": "created"}]}}, {"tips": {"count": 1}, "contact": {"twitter": "austin_foo", "facebook": "827730206"}, "firstName": "Piaoxian", "gender": "male", "id": "4622000", "bio": "", "photo": {"prefix": "https://igx.4sqi.net/img/user/", "suffix": "/HYS0VLFK1ZPIJNTT.jpg"}, "homeCity": "New York, NY", "lists": {"groups": [{"items": [], "count": 2, "type": "created"}]}}, {"tips": {"count": 7}, "contact": {}, "firstName": "Haruna", "gender": "none", "lastName": "Nagai", "id": "1894971", "bio": "", "photo": {"prefix": "https://igx.4sqi.net/img/user/", "suffix": "/BFXPJV3J3BWUXYNO.jpg"}, "homeCity": "\u65b0\u5bbf\u533a, \u6771\u4eac\u90fd", "lists": {"groups": [{"items": [], "count": 2, "type": "created"}]}}, {"tips": {"count": 0}, "contact": {"twitter": "jeselly", "facebook": "1138176576"}, "firstName": "Jesselly", "gender": "female", "lastName": "-", "id": "1573402", "bio": "", "photo": {"prefix": "https://igx.4sqi.net/img/user/", "suffix": "/YHBXSVEUO4VKTFMJ.jpg"}, "homeCity": "Medan, North Sumatra", "lists": {"groups": [{"items": [], "count": 2, "type": "created"}]}}, {"tips": {"count": 0}, "contact": {"facebook": "1521576411"}, "firstName": "Dina", "gender": "female", "lastName": "Daryana", "id": "3439165", "bio": "", "photo": {"prefix": "https://igx.4sqi.net/img/user/", "suffix": "/MBHOMJZ3OQAQTAKD.jpg"}, "homeCity": "Singapore", "lists": {"groups": [{"items": [], "count": 2, "type": "created"}]}}, {"tips": {"count": 0}, "contact": {"twitter": "greatnattta"}, "firstName": "Tasha", "gender": "female", "lastName": "Tan", "id": "6217485", "bio": "", "photo": {"prefix": "https://igx.4sqi.net/img/user/", "suffix": "/LCX5FYBSARFVSO2S.jpg"}, "homeCity": "New York, NY", "lists": {"groups": [{"items": [], "count": 2, "type": "created"}]}}, {"tips": {"count": 0}, "contact": {"facebook": "100001291137403"}, "firstName": "Nando", "gender": "male", "lastName": "Tornado", "id": "11844794", "bio": "", "photo": {"prefix": "https://igx.4sqi.net/img/user/", "suffix": "/UGGHK1BXINSCSG4X.jpg"}, "homeCity": "Solo, MO", "lists": {"groups": [{"items": [], "count": 2, "type": "created"}]}}, {"tips": {"count": 0}, "contact": {"facebook": "640925814"}, "firstName": "Yan xuan", "gender": "male", "lastName": "Goh", "id": "7983359", "bio": "", "photo": {"prefix": "https://igx.4sqi.net/img/user/", "suffix": "/blank_boy.png", "default": true}, "homeCity": "New York, NY", "lists": {"groups": [{"items": [], "count": 2, "type": "created"}]}}, {"tips": {"count": 0}, "contact": {"twitter": "ohsodyea", "facebook": "1543184935"}, "firstName": "ohdyea", "gender": "female", "lastName": "thio", "id": "6026409", "bio": "", "photo": {"prefix": "https://igx.4sqi.net/img/user/", "suffix": "/3VYCEERWK2YVSDPR.jpg"}, "homeCity": "Singapore", "lists": {"groups": [{"items": [], "count": 2, "type": "created"}]}}, {"tips": {"count": 0}, "contact": {}, "firstName": "Franz", "gender": "none", "lastName": "Khid", "id": "2842321", "bio": "", "photo": {"prefix": "https://igx.4sqi.net/img/user/", "suffix": "/4B44W0XQIZWEDFMU.jpg"}, "homeCity": "Singapore", "lists": {"groups": [{"items": [], "count": 2, "type": "created"}]}}, {"tips": {"count": 0}, "contact": {"twitter": "4sqpix"}, "firstName": "4sqPix.com", "gender": "male", "id": "7369442", "bio": "", "photo": {"prefix": "https://igx.4sqi.net/img/user/", "suffix": "/13YVASLAQEAZXYY2.png"}, "homeCity": "NY", "lists": {"groups": [{"items": [], "count": 2, "type": "created"}]}}, {"tips": {"count": 0}, "contact": {}, "firstName": "Ha Tin Siu", "gender": "female", "id": "4817357", "bio": "", "photo": {"prefix": "https://igx.4sqi.net/img/user/", "suffix": "/MTTR3UKGEHS21S1X.jpg"}, "homeCity": "Berlin, Germany", "lists": {"groups": [{"items": [], "count": 2, "type": "created"}]}}, {"tips": {"count": 0}, "contact": {"twitter": "anademoiselle", "facebook": "636281811"}, "firstName": "Ana", "gender": "female", "lastName": "Utomo", "id": "4145961", "bio": "", "photo": {"prefix": "https://igx.4sqi.net/img/user/", "suffix": "/KXXD2LM03NPCIGLM.jpg"}, "homeCity": "Singapore", "lists": {"groups": [{"items": [], "count": 2, "type": "created"}]}}, {"tips": {"count": 0}, "contact": {"twitter": "mellyxfaith"}, "firstName": "Melanie", "gender": "female", "lastName": "Yip", "id": "1630621", "bio": "", "photo": {"prefix": "https://igx.4sqi.net/img/user/", "suffix": "/XFY2UG2VMHNQLOUB.jpg"}, "homeCity": "Singapore", "lists": {"groups": [{"items": [], "count": 2, "type": "created"}]}}, {"tips": {"count": 0}, "contact": {}, "firstName": "Eddie", "gender": "male", "lastName": "Akira", "id": "3440354", "bio": "", "photo": {"prefix": "https://igx.4sqi.net/img/user/", "suffix": "/0PWLXD4JMDZXZI3G.jpg"}, "homeCity": "Singapore", "lists": {"groups": [{"items": [], "count": 2, "type": "created"}]}}, {"tips": {"count": 1}, "contact": {"facebook": "874405715"}, "firstName": "Said", "gender": "male", "lastName": "Shakir", "id": "6937646", "bio": "", "photo": {"prefix": "https://igx.4sqi.net/img/user/", "suffix": "/0HQWDANF0YXXNGPV.jpg"}, "homeCity": "Singapore", "lists": {"groups": [{"items": [], "count": 2, "type": "created"}]}}, {"tips": {"count": 0}, "contact": {"facebook": "1514149335"}, "firstName": "Xalviour", "gender": "male", "lastName": "Del Rosario", "id": "7989327", "bio": "", "photo": {"prefix": "https://igx.4sqi.net/img/user/", "suffix": "/BEGMWI0CYGL3HQWT.jpg"}, "homeCity": "Singapore", "lists": {"groups": [{"items": [], "count": 2, "type": "created"}]}}, {"tips": {"count": 0}, "contact": {"facebook": "635077895"}, "firstName": "Mimie", "gender": "female", "lastName": "Hassan", "id": "6100221", "bio": "", "photo": {"prefix": "https://igx.4sqi.net/img/user/", "suffix": "/1RHB2NWN1R0DDEZR.jpg"}, "homeCity": "Singapore", "lists": {"groups": [{"items": [], "count": 2, "type": "created"}]}}, {"tips": {"count": 10}, "contact": {"facebook": "1358987970"}, "firstName": "Layla", "gender": "female", "lastName": "Lala", "id": "3354120", "bio": "", "photo": {"prefix": "https://igx.4sqi.net/img/user/", "suffix": "/VWDNDLNMEHL1LZJ0.jpg"}, "homeCity": "Singapore", "lists": {"groups": [{"items": [], "count": 2, "type": "created"}]}}, {"tips": {"count": 0}, "contact": {"twitter": "janathul_nevaeh", "facebook": "839101981"}, "firstName": "Janathul", "gender": "female", "lastName": "Firthous", "id": "9566896", "bio": "", "photo": {"prefix": "https://igx.4sqi.net/img/user/", "suffix": "/5LZTLGKCZ2SHXKHZ.jpg"}, "homeCity": "Singapore", "lists": {"groups": [{"items": [], "count": 2, "type": "created"}]}}, {"tips": {"count": 0}, "contact": {"twitter": "afiqahhhh"}, "firstName": "Siti Nur Afiqah", "gender": "female", "lastName": "Hamim", "id": "9321666", "bio": "", "photo": {"prefix": "https://igx.4sqi.net/img/user/", "suffix": "/9321666-G45RD3NEOGSIHNDL.jpg"}, "homeCity": "Singapore", "lists": {"groups": [{"items": [], "count": 2, "type": "created"}]}}, {"tips": {"count": 4}, "contact": {"facebook": "100001293499687"}, "firstName": "OSD", "gender": "male", "id": "5071775", "bio": "", "photo": {"prefix": "https://igx.4sqi.net/img/user/", "suffix": "/AH5BGQTNCF3CLLMP.jpg"}, "homeCity": "Singapore", "lists": {"groups": [{"items": [], "count": 2, "type": "created"}]}}, {"tips": {"count": 0}, "contact": {}, "firstName": "Andry", "gender": "male", "lastName": "Kenpachi \u66f4\u6728 \u5263\u516b", "id": "1818700", "bio": "", "photo": {"prefix": "https://igx.4sqi.net/img/user/", "suffix": "/MDZ05WY55R3LPV2G.png"}, "homeCity": "\u5c38\u9b42\u754c (\u30bd\u30a6\u30eb\u00b7\u30bd\u30b5\u30a8\u30c6\u30a3", "lists": {"groups": [{"items": [], "count": 2, "type": "created"}]}}, {"tips": {"count": 0}, "contact": {"twitter": "yyunyu", "facebook": "703853239"}, "firstName": "yun", "gender": "female", "lastName": "yu", "id": "3698437", "bio": "", "photo": {"prefix": "https://igx.4sqi.net/img/user/", "suffix": "/OCWQF4NS1O4R4EMK.jpg"}, "homeCity": "Singapore", "lists": {"groups": [{"items": [], "count": 2, "type": "created"}]}}, {"tips": {"count": 1}, "contact": {"twitter": "fonglaiyin"}, "firstName": "Laiyin", "gender": "female", "id": "7247677", "bio": "", "photo": {"prefix": "https://igx.4sqi.net/img/user/", "suffix": "/7247677-A1CJKCF0CVSQSCFA.jpg"}, "homeCity": "Singapore", "lists": {"groups": [{"items": [], "count": 2, "type": "created"}]}}, {"tips": {"count": 0}, "contact": {"twitter": "azizzul13", "facebook": "755653830"}, "firstName": "Azizzul", "gender": "male", "id": "8122141", "bio": "", "photo": {"prefix": "https://igx.4sqi.net/img/user/", "suffix": "/blank_boy.png", "default": true}, "homeCity": "Singapore", "lists": {"groups": [{"items": [], "count": 2, "type": "created"}]}}, {"tips": {"count": 1}, "contact": {}, "firstName": "Sean", "gender": "male", "lastName": "Sundaran", "id": "6135872", "bio": "", "photo": {"prefix": "https://igx.4sqi.net/img/user/", "suffix": "/MEWQM4DGKUBUY21B.jpg"}, "homeCity": "Singapore", "lists": {"groups": [{"items": [], "count": 2, "type": "created"}]}}, {"tips": {"count": 0}, "contact": {"facebook": "637636582"}, "firstName": "\u010c\u00e5R\u00f6\u0141.", "gender": "female", "lastName": "H", "id": "3661486", "bio": "", "photo": {"prefix": "https://igx.4sqi.net/img/user/", "suffix": "/AF5GHK1UC3O0KUH1.jpg"}, "homeCity": "Singapore", "lists": {"groups": [{"items": [], "count": 2, "type": "created"}]}}, {"tips": {"count": 0}, "contact": {}, "firstName": "marshiaa", "gender": "female", "id": "13050172", "bio": "", "photo": {"prefix": "https://igx.4sqi.net/img/user/", "suffix": "/DDSW4PPCII1GFGBC.jpg"}, "homeCity": "Singapore", "lists": {"groups": [{"items": [], "count": 2, "type": "created"}]}}, {"tips": {"count": 1}, "contact": {"twitter": "ayudhiaya"}, "firstName": "Ayu", "gender": "female", "lastName": "Pratama", "id": "21030798", "bio": "", "photo": {"prefix": "https://igx.4sqi.net/img/user/", "suffix": "/TYRUGIX5OKIQ1RFM.jpg"}, "homeCity": "Jakarta", "lists": {"groups": [{"items": [], "count": 2, "type": "created"}]}}, {"tips": {"count": 1}, "contact": {}, "firstName": "Signorina", "gender": "female", "lastName": "Ayul", "id": "5425513", "bio": "", "photo": {"prefix": "https://igx.4sqi.net/img/user/", "suffix": "/WQ4AT5E3BSTIS5PD.jpg"}, "homeCity": "Singapore", "lists": {"groups": [{"items": [], "count": 2, "type": "created"}]}}, {"tips": {"count": 0}, "contact": {"twitter": "misslenie"}, "firstName": "Charlene", "gender": "female", "lastName": "Lim", "id": "1880068", "bio": "", "photo": {"prefix": "https://igx.4sqi.net/img/user/", "suffix": "/BTFRAFPDELELM221.jpg"}, "homeCity": "Singapore", "lists": {"groups": [{"items": [], "count": 2, "type": "created"}]}}, {"tips": {"count": 0}, "contact": {"twitter": "kcqh__", "facebook": "1612992528"}, "firstName": "Krystin", "gender": "female", "lastName": "Kcqh", "id": "3889276", "bio": "", "photo": {"prefix": "https://igx.4sqi.net/img/user/", "suffix": "/WISO3BJS1A3BRLCU.jpg"}, "homeCity": "Singapore", "lists": {"groups": [{"items": [], "count": 2, "type": "created"}]}}, {"tips": {"count": 0}, "contact": {"twitter": "28younme", "facebook": "100001609518828"}, "firstName": "Isabella", "gender": "female", "lastName": "Mah", "id": "9809094", "bio": "", "photo": {"prefix": "https://igx.4sqi.net/img/user/", "suffix": "/PLTCLOGX3S2XYB4B.jpg"}, "homeCity": "Singapore", "lists": {"groups": [{"items": [], "count": 2, "type": "created"}]}}, {"tips": {"count": 0}, "contact": {"twitter": "pauluz_28"}, "firstName": "Paul", "gender": "male", "lastName": "Kaka", "id": "10742976", "bio": "", "photo": {"prefix": "https://igx.4sqi.net/img/user/", "suffix": "/CJQVR2FJEH1GXEL4.jpg"}, "homeCity": "Surabaya, Indonesia", "lists": {"groups": [{"items": [], "count": 2, "type": "created"}]}}, {"tips": {"count": 0}, "contact": {}, "firstName": "Kaze", "gender": "male", "lastName": "Wijaya", "id": "20718214", "bio": "", "photo": {"prefix": "https://igx.4sqi.net/img/user/", "suffix": "/Q5NT4PQ0A5P4RTIX.jpg"}, "homeCity": "Jawa Timur", "lists": {"groups": [{"items": [], "count": 2, "type": "created"}]}}, {"tips": {"count": 2}, "contact": {"twitter": "pf_uoyevol", "facebook": "669158944"}, "firstName": "Sheryl Pei Fen", "gender": "female", "lastName": "Lee", "id": "3662723", "bio": "", "photo": {"prefix": "https://igx.4sqi.net/img/user/", "suffix": "/OPB1DHE2P00U31QZ.jpg"}, "homeCity": "Singapore", "lists": {"groups": [{"items": [], "count": 2, "type": "created"}]}}, {"tips": {"count": 0}, "contact": {"facebook": "1346784441"}, "firstName": "Muhammad", "gender": "male", "lastName": "Shukri", "id": "8540776", "bio": "", "photo": {"prefix": "https://igx.4sqi.net/img/user/", "suffix": "/S2TG25ISI5GLXYMF.jpg"}, "homeCity": "Singapore", "lists": {"groups": [{"items": [], "count": 2, "type": "created"}]}}, {"tips": {"count": 4}, "contact": {"twitter": "killgwen", "facebook": "665204016"}, "firstName": "Zhenwen", "gender": "female", "lastName": "Lim", "id": "2043999", "bio": "\u2703 Cut the drama and share the hugs.", "photo": {"prefix": "https://igx.4sqi.net/img/user/", "suffix": "/MA3DX5ZKGPSJNP4R.jpg"}, "homeCity": "Singapore", "lists": {"groups": [{"items": [], "count": 2, "type": "created"}]}}, {"tips": {"count": 1}, "contact": {"twitter": "chasingdistance", "facebook": "548317163"}, "firstName": "Evangeline", "gender": "female", "lastName": "Irwin", "id": "3962296", "bio": "", "photo": {"prefix": "https://igx.4sqi.net/img/user/", "suffix": "/3962296-QQ4RW01F05JTVV4J.jpg"}, "homeCity": "Singapore", "lists": {"groups": [{"items": [], "count": 2, "type": "created"}]}}, {"tips": {"count": 0}, "contact": {"twitter": "myzi_miz", "facebook": "599354541"}, "firstName": "MizRah", "gender": "female", "id": "12530354", "bio": "", "photo": {"prefix": "https://igx.4sqi.net/img/user/", "suffix": "/C0T5X05GJNNYV0OY.jpg"}, "homeCity": "Singapore", "lists": {"groups": [{"items": [], "count": 2, "type": "created"}]}}, {"tips": {"count": 6}, "contact": {"twitter": "ako_tarantado", "facebook": "100002123872703"}, "firstName": "Wil", "gender": "male", "lastName": "Bruise", "id": "10752050", "bio": "Instagram: callmeWilbruise008\r\nWechat: tads24", "photo": {"prefix": "https://igx.4sqi.net/img/user/", "suffix": "/10752050-DCM535V34I2RSOFI.jpg"}, "homeCity": "Singapore", "lists": {"groups": [{"items": [], "count": 2, "type": "created"}]}}, {"tips": {"count": 0}, "contact": {"facebook": "593683565"}, "firstName": "Evoism", "gender": "male", "lastName": "c", "id": "4995432", "bio": "", "photo": {"prefix": "https://igx.4sqi.net/img/user/", "suffix": "/4995432-YXAR0UY4RXXFJBMI.jpg"}, "homeCity": "Singapore", "lists": {"groups": [{"items": [], "count": 4, "type": "created"}]}}, {"tips": {"count": 0}, "contact": {"facebook": "100000731882512"}, "firstName": "Sherry Lyn", "gender": "female", "lastName": "Hartney", "id": "2082041", "bio": "", "photo": {"prefix": "https://igx.4sqi.net/img/user/", "suffix": "/2082041-U03ZLZNQANUKPN3Z.jpg"}, "homeCity": "Singapore", "lists": {"groups": [{"items": [], "count": 2, "type": "created"}]}}, {"tips": {"count": 0}, "contact": {}, "firstName": "Shuwen", "gender": "female", "lastName": "Lou", "id": "4009967", "bio": "", "photo": {"prefix": "https://igx.4sqi.net/img/user/", "suffix": "/TVFIXYHFRVE25OMT.jpg"}, "homeCity": "Singapore", "lists": {"groups": [{"items": [], "count": 2, "type": "created"}]}}, {"tips": {"count": 3}, "contact": {"twitter": "reenahydenn"}, "firstName": "Reena", "gender": "female", "lastName": "\u0645\u0627\u063a\u064a", "id": "22927644", "bio": "<3 ALLAH SWT & RASULULLAH SAW !\r\n\r\n\"Jika Tuhan ciptakan pelangi utk mengindahkan langit, maka Tuhan menciptakan sahabat utk keindahan hidupmu \"", "photo": {"prefix": "https://igx.4sqi.net/img/user/", "suffix": "/2HNLEZR2FPSHHNZO.jpg"}, "homeCity": "Sabah, MALAYSIA", "lists": {"groups": [{"items": [], "count": 2, "type": "created"}]}}, {"tips": {"count": 0}, "contact": {"facebook": "724141733"}, "firstName": "Shaker", "gender": "male", "lastName": "Fries", "id": "10754231", "bio": "", "photo": {"prefix": "https://igx.4sqi.net/img/user/", "suffix": "/0LZZLYN1NH2M1NXP.jpg"}, "homeCity": "Singapore", "lists": {"groups": [{"items": [], "count": 2, "type": "created"}]}}, {"tips": {"count": 0}, "contact": {"twitter": "syxjessie"}, "firstName": "Jessie", "gender": "female", "lastName": "Syx", "id": "5114063", "bio": "", "photo": {"prefix": "https://igx.4sqi.net/img/user/", "suffix": "/EYN0TP42VRMFKOCV.jpg"}, "homeCity": "Singapore", "lists": {"groups": [{"items": [], "count": 2, "type": "created"}]}}, {"tips": {"count": 1}, "contact": {"facebook": "693936794"}, "firstName": "Kelly", "gender": "female", "lastName": "Teng", "id": "2231310", "bio": "", "photo": {"prefix": "https://igx.4sqi.net/img/user/", "suffix": "/NFCZAMASPLFVWRRS.jpg"}, "homeCity": "Singapore", "lists": {"groups": [{"items": [], "count": 2, "type": "created"}]}}, {"tips": {"count": 5}, "contact": {"twitter": "kiddyrei", "facebook": "557159456"}, "firstName": "Reina", "gender": "female", "lastName": "Ng", "id": "4041021", "bio": "", "photo": {"prefix": "https://igx.4sqi.net/img/user/", "suffix": "/GRL5ULRLVZCXU5FN.jpg"}, "homeCity": "Singapore", "lists": {"groups": [{"items": [], "count": 3, "type": "created"}]}}, {"tips": {"count": 214}, "contact": {}, "firstName": "ARA", "gender": "male", "id": "17193830", "bio": "Enjoy it.....", "photo": {"prefix": "https://igx.4sqi.net/img/user/", "suffix": "/17193830-OEJNPWT5J4JSTGYC.jpg"}, "homeCity": "Espa\u00f1a", "lists": {"groups": [{"items": [], "count": 11, "type": "created"}]}}, {"tips": {"count": 0}, "contact": {"twitter": "diyanahzulkifli", "facebook": "1629014732"}, "firstName": "Nur Diyanah", "gender": "female", "lastName": "Zulkifli", "id": "7337104", "bio": "", "photo": {"prefix": "https://igx.4sqi.net/img/user/", "suffix": "/25UUS4YB1NF3ZBSM.jpg"}, "homeCity": "Singapore", "lists": {"groups": [{"items": [], "count": 2, "type": "created"}]}}, {"tips": {"count": 5}, "contact": {"twitter": "jaytinaganko", "facebook": "1263058017"}, "firstName": "Daniel", "gender": "male", "lastName": "Guidotti", "id": "2270738", "bio": "", "photo": {"prefix": "https://igx.4sqi.net/img/user/", "suffix": "/0XZXX54VZSNKFTUZ.jpg"}, "homeCity": "520830, Singapore", "lists": {"groups": [{"items": [], "count": 2, "type": "created"}]}}, {"tips": {"count": 0}, "contact": {"facebook": "701322159"}, "firstName": "Kelly", "gender": "female", "lastName": "Heah", "id": "4044111", "bio": "", "photo": {"prefix": "https://igx.4sqi.net/img/user/", "suffix": "/PJSMMVKJQCI5XERQ.jpg"}, "homeCity": "Singapore", "lists": {"groups": [{"items": [], "count": 2, "type": "created"}]}}, {"tips": {"count": 3}, "contact": {"twitter": "jasenericko", "facebook": "100000287628145"}, "firstName": "Jasen", "gender": "male", "lastName": "Ericko", "id": "17614320", "bio": "", "photo": {"prefix": "https://igx.4sqi.net/img/user/", "suffix": "/MLHGZCJZBWBAJSJQ.jpg"}, "homeCity": "Indonesia", "lists": {"groups": [{"items": [], "count": 2, "type": "created"}]}}, {"tips": {"count": 17}, "contact": {"facebook": "100000513618716"}, "firstName": "Ale", "gender": "male", "lastName": "Hoff", "id": "7714481", "bio": "follow me on instagram: @aleehoff", "photo": {"prefix": "https://igx.4sqi.net/img/user/", "suffix": "/AFPNUVX0IFCCUATM.jpg"}, "homeCity": "S\u00e3o Paulo, Brasil", "lists": {"groups": [{"items": [], "count": 2, "type": "created"}]}}, {"tips": {"count": 3}, "contact": {"facebook": "1485263997"}, "firstName": "alvin", "gender": "male", "lastName": "chin", "id": "2276443", "bio": "", "photo": {"prefix": "https://igx.4sqi.net/img/user/", "suffix": "/AA5WM3AHFHYP2IOH.jpg"}, "homeCity": "Singapore", "lists": {"groups": [{"items": [], "count": 2, "type": "created"}]}}, {"tips": {"count": 10}, "contact": {"facebook": "707004770"}, "firstName": "STELLA", "gender": "female", "lastName": "\u2661\u0e0b\u0e41\u0e15\u0e25\u0e25\u0e48\u0e32\u2661", "id": "4044928", "bio": "", "photo": {"prefix": "https://igx.4sqi.net/img/user/", "suffix": "/4044928_xPxa-Yc6_o3ibwXsqa54tx1DYk1M5YA52cNCn_bO9OkfxWaBvAQfwrP__zWl6KBzBjGu6J2lq.jpg"}, "homeCity": "Singapore", "lists": {"groups": [{"items": [], "count": 2, "type": "created"}]}}, {"tips": {"count": 1}, "contact": {"twitter": "skinnyshortcake", "facebook": "739698525"}, "firstName": "Huihui", "gender": "female", "lastName": "Ng", "id": "2534995", "bio": "", "photo": {"prefix": "https://igx.4sqi.net/img/user/", "suffix": "/FKZX4G2XFJPVACRL.jpg"}, "homeCity": "tiny red dot", "lists": {"groups": [{"items": [], "count": 2, "type": "created"}]}}, {"tips": {"count": 0}, "contact": {}, "firstName": "Isabella", "gender": "female", "lastName": "Mah", "id": "5304138", "bio": "", "photo": {"prefix": "https://igx.4sqi.net/img/user/", "suffix": "/VE0HAYXFXKK0UH5G.jpg"}, "homeCity": "Singapore", "lists": {"groups": [{"items": [], "count": 2, "type": "created"}]}}, {"tips": {"count": 0}, "contact": {"twitter": "foolishihui", "facebook": "10153217848677578"}, "firstName": "Foolishihui", "gender": "female", "id": "2788493", "bio": "\u2665 Foolish Rider \r\n\u2665 SSR AKA Smallest Size Rider \u10e6\u0b9c\u10e6\r\n\u2665 Leo", "photo": {"prefix": "https://igx.4sqi.net/img/user/", "suffix": "/H5QODDT0V5BTHWVK.jpg"}, "homeCity": "Singapore", "lists": {"groups": [{"items": [], "count": 2, "type": "created"}]}}, {"tips": {"count": 0}, "contact": {"twitter": "allsointricate", "facebook": "575030964"}, "firstName": "Jolyn", "gender": "female", "lastName": "Wong", "id": "5989565", "bio": "", "photo": {"prefix": "https://igx.4sqi.net/img/user/", "suffix": "/5989565-THI0OJW3FN3TTCWG.jpg"}, "homeCity": "Singapore", "lists": {"groups": [{"items": [], "count": 2, "type": "created"}]}}, {"tips": {"count": 1}, "contact": {"facebook": "604294964"}, "firstName": "haley", "gender": "female", "lastName": "imah", "id": "2976715", "bio": "", "photo": {"prefix": "https://igx.4sqi.net/img/user/", "suffix": "/12O2ECAS4MYKRQDL.jpg"}, "homeCity": "Singapore", "lists": {"groups": [{"items": [], "count": 2, "type": "created"}]}}, {"tips": {"count": 1}, "contact": {"twitter": "jannah_hair", "facebook": "539200178"}, "firstName": "Jannah", "gender": "female", "lastName": "Hair", "id": "6087867", "bio": "", "photo": {"prefix": "https://igx.4sqi.net/img/user/", "suffix": "/5WWPHX4T4H1SK00F.jpg"}, "homeCity": "Singapore", "lists": {"groups": [{"items": [], "count": 2, "type": "created"}]}}, {"tips": {"count": 0}, "contact": {"twitter": "jqscandalous", "facebook": "664670772"}, "firstName": "Jiqing", "gender": "female", "lastName": "Luo", "id": "3098794", "bio": "", "photo": {"prefix": "https://igx.4sqi.net/img/user/", "suffix": "/DV3ZZUC0VOFH22ZI.jpg"}, "homeCity": "Singapore", "lists": {"groups": [{"items": [], "count": 2, "type": "created"}]}}, {"tips": {"count": 3}, "contact": {"facebook": "600286133"}, "firstName": "Guang", "gender": "male", "lastName": "Guang", "id": "6349905", "bio": "", "photo": {"prefix": "https://igx.4sqi.net/img/user/", "suffix": "/3DIRWOPDIKDRO1GG.jpg"}, "homeCity": "Singapore", "lists": {"groups": [{"items": [], "count": 2, "type": "created"}]}}, {"tips": {"count": 0}, "contact": {"twitter": "utinud"}, "firstName": "Melinda", "gender": "female", "lastName": "Yustin", "id": "3105505", "bio": "", "photo": {"prefix": "https://igx.4sqi.net/img/user/", "suffix": "/KTXYVF010WVQA3T2.jpg"}, "homeCity": "Bogor, Indonesia", "lists": {"groups": [{"items": [], "count": 2, "type": "created"}]}}, {"tips": {"count": 1}, "contact": {"twitter": "suisyed", "facebook": "573971327"}, "firstName": "Syed Muhammad", "gender": "male", "lastName": "Alidros", "id": "6376154", "bio": "", "photo": {"prefix": "https://igx.4sqi.net/img/user/", "suffix": "/UBMZR5Y54WYJU4YG.jpg"}, "homeCity": "Singapore", "lists": {"groups": [{"items": [], "count": 2, "type": "created"}]}}, {"tips": {"count": 4}, "contact": {"twitter": "mdshaikshah", "facebook": "569986883"}, "firstName": "Shaik", "gender": "male", "lastName": "Shah", "id": "3185946", "bio": "", "photo": {"prefix": "https://igx.4sqi.net/img/user/", "suffix": "/XU14T1YOK5PBT5KO.jpg"}, "homeCity": "Singapore", "lists": {"groups": [{"items": [], "count": 2, "type": "created"}]}}, {"tips": {"count": 0}, "contact": {"twitter": "wannwannz"}, "firstName": "Syazwan", "gender": "male", "lastName": "Rifdi", "id": "8687427", "bio": "", "photo": {"prefix": "https://igx.4sqi.net/img/user/", "suffix": "/Z43YH1MP35XIH4UN.jpg"}, "homeCity": "Malvern", "lists": {"groups": [{"items": [], "count": 2, "type": "created"}]}}, {"tips": {"count": 0}, "contact": {}, "firstName": "Nu", "gender": "female", "lastName": "Ryn", "id": "3188152", "bio": "", "photo": {"prefix": "https://igx.4sqi.net/img/user/", "suffix": "/3188152-UKXZG0X4Q5D21LJA.jpg"}, "homeCity": "Singapore", "lists": {"groups": [{"items": [], "count": 2, "type": "created"}]}}, {"tips": {"count": 0}, "contact": {"twitter": "sarahashleylyn", "facebook": "100001749661025"}, "firstName": "Sarah", "gender": "female", "lastName": "Lyn", "id": "10581754", "bio": "", "photo": {"prefix": "https://igx.4sqi.net/img/user/", "suffix": "/13BOSV2AGO2LT3C4.jpg"}, "homeCity": "Singapore", "lists": {"groups": [{"items": [], "count": 2, "type": "created"}]}}, {"tips": {"count": 1}, "contact": {"twitter": "pehjiaying"}, "firstName": "JiaYing", "gender": "female", "lastName": "Peh", "id": "3219965", "bio": "", "photo": {"prefix": "https://igx.4sqi.net/img/user/", "suffix": "/GY4OPO5DIR0MU4WW.jpg"}, "homeCity": "Singapore", "lists": {"groups": [{"items": [], "count": 2, "type": "created"}]}}, {"tips": {"count": 2}, "contact": {"twitter": "collidemyheart"}, "firstName": "Sabina", "gender": "female", "lastName": "Chia", "id": "3223354", "bio": "", "photo": {"prefix": "https://igx.4sqi.net/img/user/", "suffix": "/3223354-0KYOJ4Q5MN3KBU4E.jpg"}, "homeCity": "Singapore", "lists": {"groups": [{"items": [], "count": 2, "type": "created"}]}}, {"tips": {"count": 0}, "contact": {"twitter": "katkitkatkat", "facebook": "613978195"}, "firstName": "Soda", "gender": "female", "id": "3397725", "bio": "", "photo": {"prefix": "https://igx.4sqi.net/img/user/", "suffix": "/ZEYQCGKPY3QLPNNC.jpg"}, "homeCity": "Singapore", "lists": {"groups": [{"items": [], "count": 2, "type": "created"}]}}, {"tips": {"count": 0}, "contact": {"facebook": "731072500"}, "firstName": "Stacy", "gender": "none", "lastName": "Balaba", "id": "3408000", "bio": "", "photo": {"prefix": "https://igx.4sqi.net/img/user/", "suffix": "/EN0QWEEWM1CFXAES.jpg"}, "homeCity": "Singapore", "lists": {"groups": [{"items": [], "count": 2, "type": "created"}]}}, {"tips": {"count": 8}, "contact": {"twitter": "freaky_farith", "facebook": "693689906"}, "firstName": "Farith", "gender": "male", "lastName": "Roslee", "id": "3410103", "bio": "Moulding your future is never easy. It needs alot of motivation and determination. I just need some money.", "photo": {"prefix": "https://igx.4sqi.net/img/user/", "suffix": "/CGEBKJOIEWZKTG0B.jpg"}, "homeCity": "Singapore", "lists": {"groups": [{"items": [], "count": 3, "type": "created"}]}}, {"tips": {"count": 2}, "contact": {"facebook": "748444487"}, "firstName": "Rianza", "gender": "female", "lastName": "Andrez", "id": "3489230", "bio": "", "photo": {"prefix": "https://igx.4sqi.net/img/user/", "suffix": "/23B5RXDNPPTTRPXJ.jpg"}, "homeCity": "Singapore", "lists": {"groups": [{"items": [], "count": 2, "type": "created"}]}}, {"tips": {"count": 1}, "contact": {"facebook": "596413459"}, "firstName": "Bonnie", "gender": "female", "lastName": "Wui", "id": "3493632", "bio": "", "photo": {"prefix": "https://igx.4sqi.net/img/user/", "suffix": "/TDGKBSBKA1JQLXMH.jpg"}, "homeCity": "Singapore", "lists": {"groups": [{"items": [], "count": 2, "type": "created"}]}}, {"tips": {"count": 1}, "contact": {}, "firstName": "Anta", "gender": "female", "lastName": "Frosena", "id": "3557421", "bio": "", "photo": {"prefix": "https://igx.4sqi.net/img/user/", "suffix": "/HZ2SQ41WM5K1V5J2.jpg"}, "homeCity": "Singapore", "lists": {"groups": [{"items": [], "count": 2, "type": "created"}]}}, {"tips": {"count": 0}, "contact": {}, "firstName": "Joyce", "gender": "female", "lastName": "Sam", "id": "3559450", "bio": "", "photo": {"prefix": "https://igx.4sqi.net/img/user/", "suffix": "/FNX3OSXSQOS4EUWB.jpg"}, "homeCity": "Singapore", "lists": {"groups": [{"items": [], "count": 2, "type": "created"}]}}, {"tips": {"count": 0}, "contact": {"twitter": "lov3rgal89", "facebook": "802810712"}, "firstName": "Shila", "gender": "female", "lastName": "A", "id": "3562162", "bio": "", "photo": {"prefix": "https://igx.4sqi.net/img/user/", "suffix": "/VLOZCNFFK4ON1R45.jpg"}, "homeCity": "Singapore", "lists": {"groups": [{"items": [], "count": 2, "type": "created"}]}}, {"tips": {"count": 1}, "contact": {}, "firstName": "Arielle", "gender": "female", "lastName": "Koh", "id": "3570395", "bio": "", "photo": {"prefix": "https://igx.4sqi.net/img/user/", "suffix": "/G5GEWM1OUFD2VUED.jpg"}, "homeCity": "Singapore", "lists": {"groups": [{"items": [], "count": 2, "type": "created"}]}}, {"tips": {"count": 0}, "contact": {"twitter": "marilynchin", "facebook": "572701497"}, "firstName": "Marilyn", "gender": "female", "lastName": "Chin", "id": "3608122", "bio": "", "photo": {"prefix": "https://igx.4sqi.net/img/user/", "suffix": "/1U4W1COU4OR52SER.jpg"}, "homeCity": "Singapore", "lists": {"groups": [{"items": [], "count": 2, "type": "created"}]}}, {"tips": {"count": 2}, "contact": {"facebook": "711183859"}, "firstName": "Hamsan", "gender": "male", "lastName": "Gutierrez", "id": "3645314", "bio": "", "photo": {"prefix": "https://igx.4sqi.net/img/user/", "suffix": "/KOSEB5ZUSXC42ZL5.jpg"}, "homeCity": "Bishan New Town", "lists": {"groups": [{"items": [], "count": 2, "type": "created"}]}}, {"tips": {"count": 0}, "contact": {"facebook": "1018595160"}, "firstName": "Afra", "gender": "female", "lastName": "Syahirah", "id": "3684674", "bio": "", "photo": {"prefix": "https://igx.4sqi.net/img/user/", "suffix": "/G0V4PUWZJELLYNFE.jpg"}, "homeCity": "Singapore", "lists": {"groups": [{"items": [], "count": 2, "type": "created"}]}}, {"tips": {"count": 0}, "contact": {"twitter": "ztiaoli"}, "firstName": "Tiaoli", "gender": "female", "lastName": "Toh", "id": "3686199", "bio": "", "photo": {"prefix": "https://igx.4sqi.net/img/user/", "suffix": "/BDJ4AJRJOCDIK5EG.jpg"}, "homeCity": "Singapore", "lists": {"groups": [{"items": [], "count": 2, "type": "created"}]}}, {"tips": {"count": 0}, "contact": {"twitter": "fa_est", "facebook": "10200811402284358"}, "firstName": "Far East", "gender": "none", "id": "3705119", "bio": "", "photo": {"prefix": "https://igx.4sqi.net/img/user/", "suffix": "/3705119-AN4CGJRLK254DVC4.jpg"}, "homeCity": "Victoria,Australia", "lists": {"groups": [{"items": [], "count": 2, "type": "created"}]}}, {"tips": {"count": 0}, "contact": {"twitter": "irfantastiq", "facebook": "1191547746"}, "firstName": "'Irfan", "gender": "male", "lastName": "Naz", "id": "3706590", "bio": "", "photo": {"prefix": "https://igx.4sqi.net/img/user/", "suffix": "/ACRRXPNIMCOZJJXY.jpg"}, "homeCity": "Woodlands, NH", "lists": {"groups": [{"items": [], "count": 2, "type": "created"}]}}, {"tips": {"count": 1}, "contact": {}, "firstName": "Jiaming", "gender": "female", "lastName": "Teo", "id": "3707934", "bio": "", "photo": {"prefix": "https://igx.4sqi.net/img/user/", "suffix": "/FDHV2N3R4ROYG1N4.jpg"}, "homeCity": "Singapore", "lists": {"groups": [{"items": [], "count": 2, "type": "created"}]}}, {"tips": {"count": 0}, "contact": {}, "firstName": "Zainuddin", "gender": "male", "lastName": "Arsyad", "id": "3822576", "bio": "", "photo": {"prefix": "https://igx.4sqi.net/img/user/", "suffix": "/UVAFKRDS5DQCCXQC.jpg"}, "homeCity": "Singapore", "lists": {"groups": [{"items": [], "count": 2, "type": "created"}]}}, {"tips": {"count": 0}, "contact": {}, "firstName": "Sally", "gender": "female", "lastName": "Melly", "id": "3979669", "bio": "", "photo": {"prefix": "https://igx.4sqi.net/img/user/", "suffix": "/FBF5QCMGSVMMER21.jpg"}, "homeCity": "Singapore", "lists": {"groups": [{"items": [], "count": 2, "type": "created"}]}}, {"tips": {"count": 0}, "contact": {"twitter": "michelleshiling", "facebook": "598081440"}, "firstName": "Michelle", "gender": "female", "lastName": "Shiling", "id": "4006219", "bio": "", "photo": {"prefix": "https://igx.4sqi.net/img/user/", "suffix": "/3AKPJPVWFDCXNFLF.jpg"}, "homeCity": "Singapore", "lists": {"groups": [{"items": [], "count": 2, "type": "created"}]}}, {"tips": {"count": 11}, "contact": {"twitter": "azharhafiz", "facebook": "831499501"}, "firstName": "Azhar", "gender": "male", "lastName": "Hafiz", "id": "4159856", "bio": "", "photo": {"prefix": "https://igx.4sqi.net/img/user/", "suffix": "/GDJUNRHOLY3OCBOP.jpg"}, "homeCity": "Singapore", "lists": {"groups": [{"items": [], "count": 2, "type": "created"}]}}, {"tips": {"count": 2}, "contact": {"facebook": "602740341"}, "firstName": "Paul", "gender": "male", "lastName": "P", "id": "4730895", "bio": "", "photo": {"prefix": "https://igx.4sqi.net/img/user/", "suffix": "/DFIS24UVUOYNMSDU.jpg"}, "homeCity": "\u0e2a\u0e38\u0e40\u0e17\u0e1e, \u0e1b\u0e23\u0e30\u0e40\u0e17\u0e28\u0e44\u0e17\u0e22", "lists": {"groups": [{"items": [], "count": 2, "type": "created"}]}}, {"tips": {"count": 153}, "contact": {"twitter": "christinelee188", "facebook": "1279545599"}, "firstName": "Christine", "gender": "female", "lastName": "Lee", "id": "5226709", "bio": "", "photo": {"prefix": "https://igx.4sqi.net/img/user/", "suffix": "/CF1T3JVEGZUXNTYN.jpg"}, "homeCity": "Petaling Jaya, Malaysia", "lists": {"groups": [{"items": [], "count": 2, "type": "created"}]}}, {"tips": {"count": 0}, "contact": {}, "firstName": "Dennis", "gender": "male", "lastName": "Chew", "id": "5267621", "bio": "", "photo": {"prefix": "https://igx.4sqi.net/img/user/", "suffix": "/QZ1QYR2GNGUF4WAR.jpg"}, "homeCity": "Singapore", "lists": {"groups": [{"items": [], "count": 2, "type": "created"}]}}, {"tips": {"count": 0}, "contact": {"facebook": "669899833"}, "firstName": "Eddie", "gender": "male", "lastName": "leong", "id": "5343496", "bio": "", "photo": {"prefix": "https://igx.4sqi.net/img/user/", "suffix": "/HQVE2IY0X01CJ5QC.jpg"}, "homeCity": "Singapore", "lists": {"groups": [{"items": [], "count": 2, "type": "created"}]}}, {"tips": {"count": 12}, "contact": {"twitter": "typiod", "facebook": "100005175574231"}, "firstName": "Jaehwa", "gender": "male", "lastName": "Jeong", "id": "5343786", "bio": "I love classical music.", "photo": {"prefix": "https://igx.4sqi.net/img/user/", "suffix": "/ONWYDQR5R1S2QFQL.jpg"}, "homeCity": "Seoul, South Korea", "lists": {"groups": [{"items": [], "count": 2, "type": "created"}]}}, {"tips": {"count": 2}, "contact": {"twitter": "johnmicojohn", "facebook": "1628741724"}, "firstName": "Johnmichael", "gender": "male", "lastName": "Batin", "id": "5649058", "bio": "", "photo": {"prefix": "https://igx.4sqi.net/img/user/", "suffix": "/1FEE1CKJTDV5GNAP.jpg"}, "homeCity": "Singapore", "lists": {"groups": [{"items": [], "count": 2, "type": "created"}]}}, {"tips": {"count": 0}, "contact": {"twitter": "zztongzz", "facebook": "1642095278"}, "firstName": "ToNg", "gender": "female", "lastName": "P.", "id": "5906016", "bio": "", "photo": {"prefix": "https://igx.4sqi.net/img/user/", "suffix": "/5906016-4D3R23NGSVIAN4RO.jpg"}, "homeCity": "Hua Mak, Thailand", "lists": {"groups": [{"items": [], "count": 2, "type": "created"}]}}, {"tips": {"count": 0}, "contact": {"facebook": "590785925"}, "firstName": "Muhammad Irdwan", "gender": "male", "lastName": "Abdul rahman", "id": "5911284", "bio": "", "photo": {"prefix": "https://igx.4sqi.net/img/user/", "suffix": "/03GNLJUGPNQYRWAV.jpg"}, "homeCity": "Singapore", "lists": {"groups": [{"items": [], "count": 2, "type": "created"}]}}, {"tips": {"count": 6}, "contact": {"twitter": "nafeesauditore", "facebook": "568489648"}, "firstName": "Nafees", "gender": "male", "lastName": "Hussain", "id": "5964536", "bio": "", "photo": {"prefix": "https://igx.4sqi.net/img/user/", "suffix": "/3KRJGIYMLPPAPAFQ.jpg"}, "homeCity": "Singapore", "lists": {"groups": [{"items": [], "count": 2, "type": "created"}]}}, {"tips": {"count": 2}, "contact": {}, "firstName": "Yongshan", "gender": "female", "lastName": "Love", "id": "6356633", "bio": "", "photo": {"prefix": "https://igx.4sqi.net/img/user/", "suffix": "/JLIRQJJQEU2F5IKY.jpg"}, "homeCity": "Singapore", "lists": {"groups": [{"items": [], "count": 2, "type": "created"}]}}, {"tips": {"count": 47}, "contact": {}, "firstName": "Ultraman\u2122 \u2663", "gender": "male", "lastName": "Zero\u00a9", "id": "6398274", "bio": "Sabahan. Android Army! Chelsea. FourSquare Jumper [U-Jump, TKB], Sabah Vios Club [SVCOO3]", "photo": {"prefix": "https://igx.4sqi.net/img/user/", "suffix": "/6398274-ZZVM5TUQ4ZISV041.jpg"}, "homeCity": "Please.Mind.My.Business", "lists": {"groups": [{"items": [], "count": 88, "type": "created"}]}}, {"tips": {"count": 3}, "contact": {"facebook": "571917367"}, "firstName": "Sin", "gender": "male", "lastName": "Kiat", "id": "6402836", "bio": "", "photo": {"prefix": "https://igx.4sqi.net/img/user/", "suffix": "/MVG4TAKB1POX5QXO.jpg"}, "homeCity": "Singapore", "lists": {"groups": [{"items": [], "count": 2, "type": "created"}]}}, {"tips": {"count": 6}, "contact": {}, "firstName": "Ivo", "gender": "male", "lastName": "Alessandro", "id": "8842344", "bio": "I'm an Italian boy with a passion for travel. I like to see places and meet new people around the world. I love to see photos of your check in. Add me.", "photo": {"prefix": "https://igx.4sqi.net/img/user/", "suffix": "/UYJ45TGPVIP4CJJH.jpg"}, "homeCity": "Novara", "lists": {"groups": [{"items": [], "count": 2, "type": "created"}]}}, {"tips": {"count": 0}, "contact": {"facebook": "1247483135"}, "firstName": "Azree", "gender": "male", "lastName": "Ace", "id": "13514748", "bio": "", "photo": {"prefix": "https://igx.4sqi.net/img/user/", "suffix": "/ZP2SGTE1DDGSPKAV.jpg"}, "homeCity": "Singapore", "lists": {"groups": [{"items": [], "count": 2, "type": "created"}]}}, {"tips": {"count": 0}, "contact": {"twitter": "sherylcpl"}, "firstName": "Sheryl", "gender": "female", "lastName": "Chong", "id": "15316420", "bio": "", "photo": {"prefix": "https://igx.4sqi.net/img/user/", "suffix": "/1VA5AC0MA4HS55W2.jpg"}, "homeCity": "Unnamed Location", "lists": {"groups": [{"items": [], "count": 2, "type": "created"}]}}, {"tips": {"count": 1}, "contact": {}, "firstName": "Dr.Torsak", "gender": "male", "id": "30662988", "bio": "D.V.M Kasetsart University", "photo": {"prefix": "https://igx.4sqi.net/img/user/", "suffix": "/TBFT5MHSXEPNGO5G.jpg"}, "homeCity": "Nakhon Pathom", "lists": {"groups": [{"items": [], "count": 2, "type": "created"}]}}], "count": 243}, "checksum": "302c03c6afbdae182200d0953dfc86c53a355e9c"}, "meta": {"requestId": "5965c05cf594df3c08345cf9", "code": 200}}