{"notifications": [{"type": "notificationTray", "item": {"unreadCount": 0}}], "response": {"friends": {"items": [{"tips": {"count": 1}, "contact": {"twitter": "andrewbaxter3", "facebook": "10153312270379612"}, "firstName": "Andrew", "gender": "male", "lastName": "Baxter", "id": "1353923", "bio": "", "photo": {"prefix": "https://igx.4sqi.net/img/user/", "suffix": "/IVY3O35Z3N4WK0HN.jpg"}, "homeCity": "Sydney, Australia", "lists": {"groups": [{"items": [], "count": 2, "type": "created"}]}}, {"tips": {"count": 0}, "contact": {"facebook": "620407824"}, "firstName": "Simon", "gender": "male", "lastName": "Hjorth", "id": "50087268", "bio": "", "photo": {"prefix": "https://igx.4sqi.net/img/user/", "suffix": "/ABCPMREF2314CVPC.jpg"}, "homeCity": "Austin, TX", "lists": {"groups": [{"items": [], "count": 2, "type": "created"}]}}, {"tips": {"count": 9}, "contact": {"facebook": "572164465"}, "firstName": "Andrew", "gender": "male", "lastName": "Knott", "id": "273121", "bio": "", "photo": {"prefix": "https://igx.4sqi.net/img/user/", "suffix": "/N0DYXFAZ2GVZJSHX.jpg"}, "homeCity": "Singapore", "lists": {"groups": [{"items": [], "count": 2, "type": "created"}]}}, {"tips": {"count": 0}, "contact": {"twitter": "metric_dos", "facebook": "790385226"}, "firstName": "Meyrick", "gender": "male", "lastName": "D'Souza", "id": "427937", "bio": "", "photo": {"prefix": "https://igx.4sqi.net/img/user/", "suffix": "/ILFFDG00DC4EDUFR.jpg"}, "homeCity": "Singapore", "lists": {"groups": [{"items": [], "count": 2, "type": "created"}]}}, {"tips": {"count": 4}, "contact": {}, "firstName": "J'dine", "gender": "female", "lastName": "Tan", "id": "362872", "bio": "", "photo": {"prefix": "https://igx.4sqi.net/img/user/", "suffix": "/0S0YFFL5VQ1AZKWX.jpg"}, "homeCity": "Singapore", "lists": {"groups": [{"items": [], "count": 2, "type": "created"}]}}, {"tips": {"count": 34}, "contact": {"twitter": "martinloo", "facebook": "510226576"}, "firstName": "Martin", "gender": "male", "lastName": "Loo", "id": "512602", "bio": "", "photo": {"prefix": "https://igx.4sqi.net/img/user/", "suffix": "/TTI5NJMFRQSDZVYM.jpg"}, "homeCity": "Singapore", "lists": {"groups": [{"items": [], "count": 2, "type": "created"}]}}, {"tips": {"count": 5}, "contact": {"facebook": "645872649"}, "firstName": "Neil", "gender": "male", "lastName": "Cotton", "id": "2287831", "bio": "", "photo": {"prefix": "https://igx.4sqi.net/img/user/", "suffix": "/UUYAYKPVFNIGQ2JP.jpg"}, "homeCity": "Singapore", "lists": {"groups": [{"items": [], "count": 2, "type": "created"}]}}, {"tips": {"count": 11}, "contact": {"facebook": "542497238"}, "firstName": "Kok", "gender": "male", "lastName": "Kenny", "id": "3632631", "bio": "", "photo": {"prefix": "https://igx.4sqi.net/img/user/", "suffix": "/TZBLBA1EV2FIRKHI.jpg"}, "homeCity": "Singapore ", "lists": {"groups": [{"items": [], "count": 2, "type": "created"}]}}, {"tips": {"count": 4}, "contact": {"facebook": "513230813"}, "firstName": "Stephen", "gender": "male", "lastName": "Kyriakou", "id": "605342", "bio": "", "photo": {"prefix": "https://igx.4sqi.net/img/user/", "suffix": "/MNUHPTOBKQNCSC25.jpg"}, "homeCity": "Singapore", "lists": {"groups": [{"items": [], "count": 2, "type": "created"}]}}, {"tips": {"count": 15}, "contact": {"twitter": "damienchee", "facebook": "659662959"}, "firstName": "Damien", "gender": "male", "lastName": "C", "id": "385467", "bio": "", "photo": {"prefix": "https://igx.4sqi.net/img/user/", "suffix": "/GGKOUDLFIHYZKAIO.jpg"}, "homeCity": "Kuala Lumpur, Malaysia", "lists": {"groups": [{"items": [], "count": 3, "type": "created"}]}}, {"tips": {"count": 4}, "contact": {"facebook": "826775074"}, "firstName": "Kanika", "gender": "female", "lastName": "Sood", "id": "797653", "bio": "", "photo": {"prefix": "https://igx.4sqi.net/img/user/", "suffix": "/LQPXEEVVH3EXBQZ3.jpg"}, "homeCity": "Singapore", "lists": {"groups": [{"items": [], "count": 2, "type": "created"}]}}, {"tips": {"count": 2}, "contact": {"twitter": "sitiarbaiya", "facebook": "543193034"}, "firstName": "Siti", "gender": "female", "lastName": "Arbaiya", "id": "136670", "bio": "", "photo": {"prefix": "https://igx.4sqi.net/img/user/", "suffix": "/ABZHNFYWZJGNWHSY.jpg"}, "homeCity": "Singapore", "lists": {"groups": [{"items": [], "count": 2, "type": "created"}]}}, {"tips": {"count": 0}, "contact": {"facebook": "759432194"}, "firstName": "Wayne", "gender": "male", "lastName": "Lau", "id": "786395", "bio": "", "photo": {"prefix": "https://igx.4sqi.net/img/user/", "suffix": "/WOC3F3W5SQKOJBO1.jpg"}, "homeCity": "Ang Mo Kio, Singapore", "lists": {"groups": [{"items": [], "count": 2, "type": "created"}]}}, {"tips": {"count": 9}, "contact": {"twitter": "erikposthuma", "facebook": "509208258"}, "firstName": "Erik", "gender": "male", "lastName": "Posthuma", "id": "107953", "bio": "", "photo": {"prefix": "https://igx.4sqi.net/img/user/", "suffix": "/107953_1258704988186.jpg"}, "homeCity": "Singapore, Singapore", "lists": {"groups": [{"items": [], "count": 2, "type": "created"}]}}, {"tips": {"count": 7}, "contact": {"twitter": "chinky71", "facebook": "1053671656"}, "firstName": "Sangeeta", "gender": "female", "lastName": "Sehgal", "id": "10204011", "bio": "", "photo": {"prefix": "https://igx.4sqi.net/img/user/", "suffix": "/EMFTNICDCCJ3G33W.jpg"}, "homeCity": "New York, NY", "lists": {"groups": [{"items": [], "count": 3, "type": "created"}]}}, {"tips": {"count": 11}, "contact": {}, "firstName": "Eugene", "gender": "male", "lastName": "Chong", "id": "536169", "bio": "", "photo": {"prefix": "https://igx.4sqi.net/img/user/", "suffix": "/D4QF3BTYMDESFYN3.jpg"}, "homeCity": "Singapore", "lists": {"groups": [{"items": [], "count": 2, "type": "created"}]}}, {"tips": {"count": 0}, "contact": {"twitter": "rebello55", "facebook": "539885318"}, "firstName": "William", "gender": "male", "lastName": "Rebello", "id": "43327000", "bio": "", "photo": {"prefix": "https://igx.4sqi.net/img/user/", "suffix": "/21VPZ3GFML5ZDR3P.jpg"}, "homeCity": "New York, NY", "lists": {"groups": [{"items": [], "count": 2, "type": "created"}]}}, {"tips": {"count": 2}, "contact": {"facebook": "536764639"}, "firstName": "apurve", "gender": "male", "lastName": "sehgal", "id": "3877845", "bio": "", "photo": {"prefix": "https://igx.4sqi.net/img/user/", "suffix": "/JP5XZCQBRXLFXV05.jpg"}, "homeCity": "New Delhi, India", "lists": {"groups": [{"items": [], "count": 2, "type": "created"}]}}, {"tips": {"count": 11}, "contact": {}, "firstName": "Shawnn", "gender": "male", "lastName": "Lai", "id": "611338", "bio": "", "photo": {"prefix": "https://igx.4sqi.net/img/user/", "suffix": "/SAH0HFCV1OYKSMW1.jpg"}, "homeCity": "Singapore", "lists": {"groups": [{"items": [], "count": 3, "type": "created"}]}}, {"tips": {"count": 0}, "contact": {}, "firstName": "Christina", "gender": "female", "lastName": "Lim", "id": "3797866", "bio": "", "photo": {"prefix": "https://igx.4sqi.net/img/user/", "suffix": "/3VHCLSCG2PUYSTCF.jpg"}, "homeCity": "Singapore", "lists": {"groups": [{"items": [], "count": 2, "type": "created"}]}}, {"superuser": 1, "tips": {"count": 4}, "contact": {"twitter": "antonbuchner", "facebook": "684316862"}, "firstName": "Anton", "gender": "male", "lastName": "Buchner", "id": "146947", "bio": "", "photo": {"prefix": "https://igx.4sqi.net/img/user/", "suffix": "/QNMMV5YS5IMKEMOS.jpg"}, "homeCity": "Freshwater, NSW", "lists": {"groups": [{"items": [], "count": 2, "type": "created"}]}}, {"tips": {"count": 3}, "contact": {"twitter": "yudhirezz", "facebook": "1074567165"}, "firstName": "Garry Yu", "gender": "male", "lastName": "Smith", "id": "1504821", "bio": "", "photo": {"prefix": "https://igx.4sqi.net/img/user/", "suffix": "/SQ5NYYUORNBN50WX.jpg"}, "homeCity": "Jakarta Capital Region, Indonesia", "lists": {"groups": [{"items": [], "count": 2, "type": "created"}]}}, {"tips": {"count": 2}, "contact": {"facebook": "588668664"}, "firstName": "Charlie", "gender": "male", "lastName": "Blower", "id": "2166908", "bio": "", "photo": {"prefix": "https://igx.4sqi.net/img/user/", "suffix": "/blank_boy.png", "default": true}, "homeCity": "Singapore", "lists": {"groups": [{"items": [], "count": 2, "type": "created"}]}}, {"tips": {"count": 0}, "contact": {"twitter": "govpan"}, "firstName": "Govind", "gender": "male", "id": "4802384", "bio": "", "photo": {"prefix": "https://igx.4sqi.net/img/user/", "suffix": "/2TCQ50K5KQHQ5IQF.jpg"}, "homeCity": "Mumbai, India", "lists": {"groups": [{"items": [], "count": 2, "type": "created"}]}}, {"tips": {"count": 46}, "contact": {"twitter": "kutoid", "facebook": "733321193"}, "firstName": "Jeremy", "gender": "male", "lastName": "Khoo", "id": "756189", "bio": "", "photo": {"prefix": "https://igx.4sqi.net/img/user/", "suffix": "/756189-JCDT5SES22MALCO0.jpg"}, "homeCity": "Singapore", "lists": {"groups": [{"items": [], "count": 2, "type": "created"}]}}, {"tips": {"count": 103}, "contact": {}, "firstName": "Gary", "gender": "male", "lastName": "Koe", "id": "492728", "bio": "Digital Geek", "photo": {"prefix": "https://igx.4sqi.net/img/user/", "suffix": "/492728-ISEVU5FMWHYW0HHS.jpg"}, "homeCity": "Ho Chi Minh City, Vietnam", "lists": {"groups": [{"items": [], "count": 17, "type": "created"}]}}, {"tips": {"count": 0}, "contact": {"facebook": "637920718"}, "firstName": "Joseph", "gender": "male", "lastName": "Chua", "id": "1532432", "bio": "", "photo": {"prefix": "https://igx.4sqi.net/img/user/", "suffix": "/3MFJ3LNOFRHUEABH.jpg"}, "homeCity": "Orchard, Singapore", "lists": {"groups": [{"items": [], "count": 2, "type": "created"}]}}, {"tips": {"count": 3}, "contact": {"twitter": "gg_sayz", "facebook": "534740012"}, "firstName": "Gaurav", "gender": "male", "lastName": "Gupta", "id": "54593407", "bio": "", "photo": {"prefix": "https://igx.4sqi.net/img/user/", "suffix": "/BDSUY2WK1WKHXNHD.jpg"}, "homeCity": "Singapore", "lists": {"groups": [{"items": [], "count": 2, "type": "created"}]}}, {"tips": {"count": 59}, "contact": {"facebook": "706550443"}, "firstName": "Belle", "gender": "female", "lastName": "Chua", "id": "766676", "bio": "A believer in data can make the world a better place.. \r\nAnd A foodie junkie who loves desserts, Japanese and Korean food!", "photo": {"prefix": "https://igx.4sqi.net/img/user/", "suffix": "/PVZ3VMJJQAVYMCSF.jpg"}, "homeCity": "Singapore", "lists": {"groups": [{"items": [], "count": 2, "type": "created"}]}}, {"tips": {"count": 6}, "contact": {"twitter": "tripz78", "facebook": "792768611"}, "firstName": "Jeevan", "gender": "male", "lastName": "Thavasukannu", "id": "670966", "bio": "", "photo": {"prefix": "https://igx.4sqi.net/img/user/", "suffix": "/UPDSIZJHWGJPOV1P.jpg"}, "homeCity": "Singapore", "lists": {"groups": [{"items": [], "count": 2, "type": "created"}]}}, {"tips": {"count": 3}, "contact": {"twitter": "_vionn_"}, "firstName": "Vionn", "gender": "female", "lastName": "Tan", "id": "2639355", "bio": "", "photo": {"prefix": "https://igx.4sqi.net/img/user/", "suffix": "/B10PXOSRT1YGTWFU.jpg"}, "homeCity": "singapore", "lists": {"groups": [{"items": [], "count": 2, "type": "created"}]}}, {"tips": {"count": 9}, "contact": {"twitter": "itsvalli", "facebook": "100003333886768"}, "firstName": "Valli", "gender": "male", "lastName": "Lakshmanan", "id": "24906464", "bio": "", "photo": {"prefix": "https://igx.4sqi.net/img/user/", "suffix": "/IFZYCMGOAABIP02Y.jpg"}, "homeCity": "Singapore ", "lists": {"groups": [{"items": [], "count": 8, "type": "created"}]}}], "count": 32}, "checksum": "4c8755281341d74396e911fcac91de4973037606"}, "meta": {"requestId": "5965bb0c351e3d64b07add24", "code": 200}}