{"notifications": [{"type": "notificationTray", "item": {"unreadCount": 0}}], "response": {"friends": {"items": [{"tips": {"count": 7}, "contact": {"twitter": "kamaleloco", "facebook": "100006654064098"}, "firstName": "Kamale", "gender": "male", "lastName": "Loco", "id": "1304661", "bio": "", "photo": {"prefix": "https://igx.4sqi.net/img/user/", "suffix": "/1304661-2UVQPH55RKFLGIQY"}, "homeCity": "Singapore", "lists": {"groups": [{"items": [], "count": 2, "type": "created"}]}}, {"tips": {"count": 0}, "contact": {"facebook": "769897929"}, "firstName": "Zhang", "gender": "male", "lastName": "Shaun", "id": "82747146", "bio": "", "photo": {"prefix": "https://igx.4sqi.net/img/user/", "suffix": "/blank_boy.png", "default": true}, "homeCity": "Singapore", "lists": {"groups": [{"items": [], "count": 2, "type": "created"}]}}, {"tips": {"count": 0}, "contact": {}, "firstName": "Ace", "gender": "male", "lastName": "Siew", "id": "9336438", "bio": "", "photo": {"prefix": "https://igx.4sqi.net/img/user/", "suffix": "/PBAR2CAEUPJZ1UPM.jpg"}, "homeCity": "Singapore", "lists": {"groups": [{"items": [], "count": 2, "type": "created"}]}}, {"tips": {"count": 0}, "contact": {"facebook": "651662906"}, "firstName": "Ah", "gender": "male", "lastName": "Liang", "id": "27839707", "bio": "", "photo": {"prefix": "https://igx.4sqi.net/img/user/", "suffix": "/4G414QSOCTWR1LT3.jpg"}, "homeCity": "Kedah", "lists": {"groups": [{"items": [], "count": 2, "type": "created"}]}}, {"tips": {"count": 0}, "contact": {"twitter": "_byyourside", "facebook": "1654653053"}, "firstName": "Zhi Kai", "gender": "male", "lastName": "-", "id": "4327628", "bio": "", "photo": {"prefix": "https://igx.4sqi.net/img/user/", "suffix": "/-AC0N4ZOBYUJQ2HYL.jpg"}, "homeCity": "Singapore", "lists": {"groups": [{"items": [], "count": 2, "type": "created"}]}}, {"tips": {"count": 25}, "contact": {"twitter": "bioanarchism", "facebook": "670444941"}, "firstName": "Michael", "gender": "male", "lastName": "Feng", "id": "271024", "bio": "", "photo": {"prefix": "https://igx.4sqi.net/img/user/", "suffix": "/X3SBT00THGFSPEYV.jpg"}, "homeCity": "Singapore", "lists": {"groups": [{"items": [], "count": 5, "type": "created"}]}}, {"tips": {"count": 0}, "contact": {"facebook": "603232712"}, "firstName": "Francis", "gender": "male", "lastName": "\u4fca\u8f1d \uc6d4\uc758", "id": "1243334", "bio": "", "photo": {"prefix": "https://igx.4sqi.net/img/user/", "suffix": "/blank_boy.png", "default": true}, "homeCity": "Singapore", "lists": {"groups": [{"items": [], "count": 2, "type": "created"}]}}, {"tips": {"count": 0}, "contact": {"twitter": "calliwen", "facebook": "632568450"}, "firstName": "Wendy", "gender": "female", "lastName": "Hau", "id": "1334152", "bio": "", "photo": {"prefix": "https://igx.4sqi.net/img/user/", "suffix": "/HUFEFJNJNGNPXHCK.jpg"}, "homeCity": "Singapore", "lists": {"groups": [{"items": [], "count": 2, "type": "created"}]}}, {"tips": {"count": 4}, "contact": {"facebook": "1719532965"}, "firstName": "Bebo", "gender": "female", "lastName": "Waisarayutt", "id": "4170140", "bio": "", "photo": {"prefix": "https://igx.4sqi.net/img/user/", "suffix": "/CQ3AFXM5VUORJEA3.jpg"}, "homeCity": "Bangkok", "lists": {"groups": [{"items": [], "count": 2, "type": "created"}]}}, {"tips": {"count": 0}, "contact": {"facebook": "767724467"}, "firstName": "Syed", "gender": "male", "lastName": "Hussaini", "id": "521209", "bio": "", "photo": {"prefix": "https://igx.4sqi.net/img/user/", "suffix": "/blank_boy.png", "default": true}, "homeCity": "Singapore", "lists": {"groups": [{"items": [], "count": 2, "type": "created"}]}}, {"tips": {"count": 1}, "contact": {}, "firstName": "Erique", "gender": "male", "lastName": "Tan", "id": "231429", "bio": "", "photo": {"prefix": "https://igx.4sqi.net/img/user/", "suffix": "/O2XLLZ4JHH4SE4O4.jpg"}, "homeCity": "Toa Payoh, Singapore", "lists": {"groups": [{"items": [], "count": 2, "type": "created"}]}}, {"tips": {"count": 8}, "contact": {"twitter": "welsonang", "facebook": "10153441272226429"}, "firstName": "Welson", "gender": "male", "lastName": "Ang", "id": "5443792", "bio": "", "photo": {"prefix": "https://igx.4sqi.net/img/user/", "suffix": "/5443792-H1LQCEW0YQS51YYE.jpg"}, "homeCity": "Singapore", "lists": {"groups": [{"items": [], "count": 3, "type": "created"}]}}, {"tips": {"count": 11}, "contact": {"twitter": "entropicity", "facebook": "733990439"}, "firstName": "Jake", "gender": "male", "id": "1791856", "bio": "", "photo": {"prefix": "https://igx.4sqi.net/img/user/", "suffix": "/DHB22AS0NKSEGAEX.png"}, "homeCity": "Singapore", "lists": {"groups": [{"items": [], "count": 2, "type": "created"}]}}, {"tips": {"count": 0}, "contact": {}, "firstName": "AirAlert", "gender": "male", "id": "1167310", "bio": "", "photo": {"prefix": "https://igx.4sqi.net/img/user/", "suffix": "/blank_boy.png", "default": true}, "homeCity": "Singapore", "lists": {"groups": [{"items": [], "count": 2, "type": "created"}]}}, {"tips": {"count": 4}, "contact": {"twitter": "vivischryst", "facebook": "698272737"}, "firstName": "Vivienne", "gender": "female", "lastName": "Oh", "id": "463891", "bio": "", "photo": {"prefix": "https://igx.4sqi.net/img/user/", "suffix": "/GCM515TS5RKPIIJ2.jpg"}, "homeCity": "Singapore", "lists": {"groups": [{"items": [], "count": 2, "type": "created"}]}}, {"tips": {"count": 2}, "contact": {"twitter": "marsharno", "facebook": "821223738"}, "firstName": "Ben", "gender": "male", "id": "610224", "bio": "", "photo": {"prefix": "https://igx.4sqi.net/img/user/", "suffix": "/C32VQ5NB2TLQUP1O.jpg"}, "homeCity": "Singapore", "lists": {"groups": [{"items": [], "count": 2, "type": "created"}]}}, {"tips": {"count": 2}, "contact": {}, "firstName": "John", "gender": "male", "lastName": "H", "id": "378568", "bio": "", "photo": {"prefix": "https://igx.4sqi.net/img/user/", "suffix": "/378568-YDEWD230HJAABBTB.jpg"}, "homeCity": "Singapore", "lists": {"groups": [{"items": [], "count": 3, "type": "created"}]}}, {"tips": {"count": 0}, "contact": {"facebook": "740353666"}, "firstName": "clarice", "gender": "female", "lastName": "toydoll", "id": "4948205", "bio": "", "photo": {"prefix": "https://igx.4sqi.net/img/user/", "suffix": "/UZCC4O4FCCMNFXHQ.jpg"}, "homeCity": "Singapore", "lists": {"groups": [{"items": [], "count": 2, "type": "created"}]}}, {"tips": {"count": 2}, "contact": {"twitter": "joycememoirs"}, "firstName": "Joyce", "gender": "female", "lastName": "Chua", "id": "817476", "bio": "", "photo": {"prefix": "https://igx.4sqi.net/img/user/", "suffix": "/3CYK02H0JFISVD1I.jpg"}, "homeCity": "Sengkang, Singapore", "lists": {"groups": [{"items": [], "count": 2, "type": "created"}]}}, {"tips": {"count": 16}, "contact": {"twitter": "eccenlyn", "facebook": "10152880767604620"}, "firstName": "Lyn", "gender": "female", "lastName": "Ling", "id": "1764470", "bio": "I'm not picky with food but I nitpick at service. \n\n\ud83d\udcf7: @lynxling", "photo": {"prefix": "https://igx.4sqi.net/img/user/", "suffix": "/1764470-TWS0TBRXA5MUL1CA.jpg"}, "homeCity": "", "lists": {"groups": [{"items": [], "count": 2, "type": "created"}]}}, {"tips": {"count": 15}, "contact": {}, "firstName": "Halif", "gender": "male", "lastName": "Saban", "id": "862349", "bio": "", "photo": {"prefix": "https://igx.4sqi.net/img/user/", "suffix": "/FYVHHG50UVZVE1LR.jpg"}, "homeCity": "Singapore", "lists": {"groups": [{"items": [], "count": 2, "type": "created"}]}}, {"tips": {"count": 0}, "contact": {}, "firstName": "Anja", "gender": "female", "id": "2438976", "bio": "", "photo": {"prefix": "https://igx.4sqi.net/img/user/", "suffix": "/ULKQECXUIMDSFJKC.jpg"}, "homeCity": "Singapore", "lists": {"groups": [{"items": [], "count": 2, "type": "created"}]}}, {"tips": {"count": 5}, "contact": {"twitter": "llhomme", "facebook": "513849523"}, "firstName": "Leslie", "gender": "male", "lastName": "Lin", "id": "915408", "bio": "", "photo": {"prefix": "https://igx.4sqi.net/img/user/", "suffix": "/ZUYJNASBAGNXE3AK.jpg"}, "homeCity": "Singapore", "lists": {"groups": [{"items": [], "count": 2, "type": "created"}]}}, {"tips": {"count": 3}, "contact": {"twitter": "watcult", "facebook": "652491363"}, "firstName": "Chung-Wei", "gender": "male", "lastName": "Lee", "id": "175939", "bio": "", "photo": {"prefix": "https://igx.4sqi.net/img/user/", "suffix": "/QZQ0FZZFBPKIQCLQ.jpg"}, "homeCity": "Singapore", "lists": {"groups": [{"items": [], "count": 2, "type": "created"}]}}, {"tips": {"count": 0}, "contact": {"facebook": "100002985901536"}, "firstName": "Peter", "gender": "male", "lastName": "Jang", "id": "17069016", "bio": "", "photo": {"prefix": "https://igx.4sqi.net/img/user/", "suffix": "/CL3NOBIYDNBKCNOR.jpg"}, "homeCity": "\uc11c\uc6b8\ud2b9\ubcc4\uc2dc, \ub300\ud55c\ubbfc\uad6d", "lists": {"groups": [{"items": [], "count": 2, "type": "created"}]}}, {"tips": {"count": 0}, "contact": {"facebook": "639813881"}, "firstName": "Nicole", "gender": "female", "lastName": "Poon", "id": "11547317", "bio": "", "photo": {"prefix": "https://igx.4sqi.net/img/user/", "suffix": "/blank_girl.png", "default": true}, "homeCity": "Singapore", "lists": {"groups": [{"items": [], "count": 2, "type": "created"}]}}, {"tips": {"count": 0}, "contact": {"facebook": "545317416"}, "firstName": "Jiahui", "gender": "female", "lastName": "Goh", "id": "4355402", "bio": "", "photo": {"prefix": "https://igx.4sqi.net/img/user/", "suffix": "/1U4LEZS1K00O5CW1.jpg"}, "homeCity": "Singapore", "lists": {"groups": [{"items": [], "count": 2, "type": "created"}]}}, {"tips": {"count": 70}, "contact": {"twitter": "xiklord", "facebook": "726704623"}, "firstName": "Andy", "gender": "male", "lastName": "M", "id": "4525241", "bio": "", "photo": {"prefix": "https://igx.4sqi.net/img/user/", "suffix": "/3NEG5B5XZHGH0KHH.jpg"}, "homeCity": "Singapore", "lists": {"groups": [{"items": [], "count": 8, "type": "created"}]}}, {"tips": {"count": 0}, "contact": {"twitter": "richardtcw", "facebook": "749219598"}, "firstName": "Richard", "gender": "male", "lastName": "Tai", "id": "1245591", "bio": "", "photo": {"prefix": "https://igx.4sqi.net/img/user/", "suffix": "/YKAVOTY5J0JWA5A2.jpg"}, "homeCity": "Bedok, Singapore", "lists": {"groups": [{"items": [], "count": 2, "type": "created"}]}}, {"tips": {"count": 2}, "contact": {"twitter": "exlanshopgirl", "facebook": "100000626948922"}, "firstName": "Chu", "gender": "female", "id": "4261153", "bio": "", "photo": {"prefix": "https://igx.4sqi.net/img/user/", "suffix": "/VOG0EZ5JMPI1TCST.jpg"}, "homeCity": "singapore", "lists": {"groups": [{"items": [], "count": 2, "type": "created"}]}}, {"tips": {"count": 0}, "contact": {"facebook": "512929281"}, "firstName": "Bel", "gender": "female", "id": "4278635", "bio": "", "photo": {"prefix": "https://igx.4sqi.net/img/user/", "suffix": "/IQ4HJEQWSCH5XIJK.jpg"}, "homeCity": "Singapore", "lists": {"groups": [{"items": [], "count": 2, "type": "created"}]}}, {"tips": {"count": 4}, "contact": {"twitter": "msvivaciouss", "facebook": "786955005"}, "firstName": "Vivian", "gender": "female", "id": "527449", "bio": "", "photo": {"prefix": "https://igx.4sqi.net/img/user/", "suffix": "/527449-OUECYJNQKHMFTCFW.jpg"}, "homeCity": "Singapore", "lists": {"groups": [{"items": [], "count": 2, "type": "created"}]}}, {"tips": {"count": 1}, "contact": {}, "firstName": "Gibson", "gender": "male", "lastName": "Chairul", "id": "5892035", "bio": "", "photo": {"prefix": "https://igx.4sqi.net/img/user/", "suffix": "/B3OWKH55O5GZYWM3.jpg"}, "homeCity": "New York, NY", "lists": {"groups": [{"items": [], "count": 2, "type": "created"}]}}, {"tips": {"count": 0}, "contact": {"facebook": "100001760974123"}, "firstName": "Jowena", "gender": "female", "lastName": "Chew", "id": "2740792", "bio": "", "photo": {"prefix": "https://igx.4sqi.net/img/user/", "suffix": "/WQP5GP21XRSGG42M.jpg"}, "homeCity": "Singapore", "lists": {"groups": [{"items": [], "count": 2, "type": "created"}]}}, {"tips": {"count": 12}, "contact": {}, "firstName": "Ken", "gender": "male", "lastName": "Ng", "id": "1168950", "bio": "", "photo": {"prefix": "https://igx.4sqi.net/img/user/", "suffix": "/V5O4JD40OT5AOMAC.jpg"}, "homeCity": "Bishan, Singapore", "lists": {"groups": [{"items": [], "count": 2, "type": "created"}]}}, {"tips": {"count": 3}, "contact": {"facebook": "663554421"}, "firstName": "Thomas", "gender": "male", "lastName": "Lee", "id": "1233297", "bio": "", "photo": {"prefix": "https://igx.4sqi.net/img/user/", "suffix": "/W4MCW40NPB0E2KWX.jpg"}, "homeCity": "Singapore", "lists": {"groups": [{"items": [], "count": 2, "type": "created"}]}}, {"tips": {"count": 0}, "contact": {"facebook": "641683930"}, "firstName": "KC", "gender": "male", "lastName": "Tan", "id": "610899", "bio": "", "photo": {"prefix": "https://igx.4sqi.net/img/user/", "suffix": "/H02XS1E2JLTQDQN0.jpg"}, "homeCity": "Singapore", "lists": {"groups": [{"items": [], "count": 2, "type": "created"}]}}, {"tips": {"count": 0}, "contact": {"facebook": "651119012"}, "firstName": "Xiang Zheng", "gender": "male", "lastName": "Tay", "id": "775741", "bio": "", "photo": {"prefix": "https://igx.4sqi.net/img/user/", "suffix": "/blank_boy.png", "default": true}, "homeCity": "Marina Bay, Singapore", "lists": {"groups": [{"items": [], "count": 2, "type": "created"}]}}, {"tips": {"count": 0}, "contact": {"facebook": "726010956"}, "firstName": "Liling", "gender": "female", "lastName": "Loo", "id": "54922386", "bio": "", "photo": {"prefix": "https://igx.4sqi.net/img/user/", "suffix": "/blank_girl.png", "default": true}, "homeCity": "Singapore", "lists": {"groups": [{"items": [], "count": 2, "type": "created"}]}}, {"tips": {"count": 1}, "contact": {}, "firstName": "Ho", "gender": "male", "lastName": "Mengjie", "id": "1907848", "bio": "", "photo": {"prefix": "https://igx.4sqi.net/img/user/", "suffix": "/RLW51VO0SBWIMTVS.jpg"}, "homeCity": "Singapore, SG", "lists": {"groups": [{"items": [], "count": 2, "type": "created"}]}}, {"tips": {"count": 0}, "contact": {"twitter": "gnixer"}, "firstName": "ryan", "gender": "male", "lastName": "tay", "id": "2144325", "bio": "", "photo": {"prefix": "https://igx.4sqi.net/img/user/", "suffix": "/4XVVEVK2TMVE41R1.jpg"}, "homeCity": "Singapore", "lists": {"groups": [{"items": [], "count": 2, "type": "created"}]}}, {"tips": {"count": 0}, "contact": {"twitter": "hayabushax", "facebook": "642999090"}, "firstName": "Xuan", "gender": "male", "lastName": "Guang", "id": "927492", "bio": "", "photo": {"prefix": "https://igx.4sqi.net/img/user/", "suffix": "/43IECW4JB253MKME.jpg"}, "homeCity": "Singapore", "lists": {"groups": [{"items": [], "count": 2, "type": "created"}]}}, {"tips": {"count": 3}, "contact": {"facebook": "717211806"}, "firstName": "Paeng", "gender": "female", "lastName": "Paenginlove", "id": "2441041", "bio": "", "photo": {"prefix": "https://igx.4sqi.net/img/user/", "suffix": "/O2PXTEPRNCKPNXWH.jpg"}, "homeCity": "Thailand", "lists": {"groups": [{"items": [], "count": 2, "type": "created"}]}}, {"tips": {"count": 1}, "contact": {}, "firstName": "Asrin md", "gender": "male", "id": "2099908", "bio": "", "photo": {"prefix": "https://igx.4sqi.net/img/user/", "suffix": "/OHYSJM5VRIPFF5AX.jpg"}, "homeCity": "Singapore", "lists": {"groups": [{"items": [], "count": 2, "type": "created"}]}}, {"tips": {"count": 3}, "contact": {"facebook": "643373939"}, "firstName": "Deon", "gender": "male", "lastName": "Pek", "id": "27180290", "bio": "", "photo": {"prefix": "https://igx.4sqi.net/img/user/", "suffix": "/27180290-OXW501SIKDIGIPTF.jpg"}, "homeCity": "Singapore", "lists": {"groups": [{"items": [], "count": 3, "type": "created"}]}}, {"tips": {"count": 0}, "contact": {"facebook": "816018985"}, "firstName": "C", "gender": "female", "lastName": "Goh", "id": "24493298", "bio": "", "photo": {"prefix": "https://igx.4sqi.net/img/user/", "suffix": "/5DDRJN53ZEV13ZQA.jpg"}, "homeCity": "Selangor", "lists": {"groups": [{"items": [], "count": 2, "type": "created"}]}}, {"tips": {"count": 2}, "contact": {"facebook": "732720993"}, "firstName": "Adeline", "gender": "female", "lastName": "Tan", "id": "19045342", "bio": "", "photo": {"prefix": "https://igx.4sqi.net/img/user/", "suffix": "/IFA2D0RID0GZUSJA.jpg"}, "homeCity": "Singapore", "lists": {"groups": [{"items": [], "count": 2, "type": "created"}]}}, {"tips": {"count": 1}, "contact": {"facebook": "10153367111873635"}, "firstName": "Tarathep", "gender": "male", "lastName": "Janprasert", "id": "4548212", "bio": "", "photo": {"prefix": "https://igx.4sqi.net/img/user/", "suffix": "/X5TDT2YPY3QD4GUC.jpg"}, "homeCity": "Ho Chi Minh City, Vietnam", "lists": {"groups": [{"items": [], "count": 2, "type": "created"}]}}, {"tips": {"count": 9}, "contact": {"twitter": "edkimo", "facebook": "754989687"}, "firstName": "Eddie", "gender": "male", "lastName": "Quek", "id": "5145010", "bio": "", "photo": {"prefix": "https://igx.4sqi.net/img/user/", "suffix": "/CPAMIR15KKTH0RPC.jpg"}, "homeCity": "Singapore", "lists": {"groups": [{"items": [], "count": 2, "type": "created"}]}}, {"tips": {"count": 0}, "contact": {"facebook": "100000235868015"}, "firstName": "Jessica", "gender": "female", "lastName": "Park", "id": "6631026", "bio": "", "photo": {"prefix": "https://igx.4sqi.net/img/user/", "suffix": "/KC1X1WHDXTSXVOL5.jpg"}, "homeCity": "\u53f0\u5317\u5e02, Taiwan", "lists": {"groups": [{"items": [], "count": 2, "type": "created"}]}}, {"tips": {"count": 0}, "contact": {"facebook": "642785381"}, "firstName": "Chan", "gender": "male", "lastName": "Ys", "id": "12040940", "bio": "", "photo": {"prefix": "https://igx.4sqi.net/img/user/", "suffix": "/WKCKLUQJXCERVBPZ.jpg"}, "homeCity": "Singapore", "lists": {"groups": [{"items": [], "count": 2, "type": "created"}]}}, {"tips": {"count": 0}, "contact": {"facebook": "700885997"}, "firstName": "Asraf", "gender": "male", "lastName": "Mustaffa", "id": "20185901", "bio": "", "photo": {"prefix": "https://igx.4sqi.net/img/user/", "suffix": "/TH0GA4HMXJMNZLJ5.jpg"}, "homeCity": "Singapore", "lists": {"groups": [{"items": [], "count": 2, "type": "created"}]}}, {"tips": {"count": 30}, "contact": {"twitter": "dandelion2046", "facebook": "1172674608"}, "firstName": "Mitchelle S.", "gender": "male", "lastName": "Chae", "id": "4284721", "bio": "", "photo": {"prefix": "https://igx.4sqi.net/img/user/", "suffix": "/XTAKWTRT5YGNJAOO.jpg"}, "homeCity": "\ub300\ud55c\ubbfc\uad6d", "lists": {"groups": [{"items": [], "count": 2, "type": "created"}]}}, {"tips": {"count": 0}, "contact": {"twitter": "kcism"}, "firstName": "Kelvin", "gender": "male", "lastName": "Chua", "id": "5913308", "bio": "", "photo": {"prefix": "https://igx.4sqi.net/img/user/", "suffix": "/AJVHNV3APNZ3HMDJ.jpg"}, "homeCity": "Singapore", "lists": {"groups": [{"items": [], "count": 2, "type": "created"}]}}, {"tips": {"count": 0}, "contact": {"facebook": "569389574"}, "firstName": "Sheena", "gender": "female", "lastName": "Wong", "id": "2837907", "bio": "", "photo": {"prefix": "https://igx.4sqi.net/img/user/", "suffix": "/U5ABSRKIE2YTCUQ0.jpg"}, "homeCity": "Singapore", "lists": {"groups": [{"items": [], "count": 2, "type": "created"}]}}, {"tips": {"count": 0}, "contact": {"facebook": "554697496"}, "firstName": "ZC", "gender": "male", "lastName": "Zhou", "id": "1169260", "bio": "", "photo": {"prefix": "https://igx.4sqi.net/img/user/", "suffix": "/blank_boy.png", "default": true}, "homeCity": "Singapore", "lists": {"groups": [{"items": [], "count": 2, "type": "created"}]}}, {"tips": {"count": 14}, "contact": {}, "firstName": "Eric", "gender": "male", "lastName": "Tan Jh", "id": "1234149", "bio": "", "photo": {"prefix": "https://igx.4sqi.net/img/user/", "suffix": "/40NR5KHOTV5CMYUL.jpg"}, "homeCity": "Sengkang, Singapore", "lists": {"groups": [{"items": [], "count": 2, "type": "created"}]}}, {"tips": {"count": 13}, "contact": {"twitter": "peaberry"}, "firstName": "Jem", "gender": "female", "id": "646224", "bio": "", "photo": {"prefix": "https://igx.4sqi.net/img/user/", "suffix": "/646224-VJTVTWH5DD3G33XC.jpg"}, "homeCity": "Singapore", "lists": {"groups": [{"items": [], "count": 2, "type": "created"}]}}, {"tips": {"count": 0}, "contact": {"twitter": "koksiung"}, "firstName": "Koksiung", "gender": "male", "lastName": "Song", "id": "776745", "bio": "", "photo": {"prefix": "https://igx.4sqi.net/img/user/", "suffix": "/KCKSZ2W4LMOTCUU4.jpg"}, "homeCity": "Broadbeach Waters, QLD", "lists": {"groups": [{"items": [], "count": 2, "type": "created"}]}}, {"tips": {"count": 0}, "contact": {"facebook": "542850311"}, "firstName": "floted", "gender": "none", "lastName": ".", "id": "72492764", "bio": "", "photo": {"prefix": "https://igx.4sqi.net/img/user/", "suffix": "/blank_boy.png", "default": true}, "homeCity": "Singapore", "lists": {"groups": [{"items": [], "count": 2, "type": "created"}]}}, {"tips": {"count": 1}, "contact": {"twitter": "kradriana", "facebook": "100000453564698"}, "firstName": "\uc740\ud718", "gender": "female", "lastName": "\ubc15", "id": "1951819", "bio": "", "photo": {"prefix": "https://igx.4sqi.net/img/user/", "suffix": "/HDS0QNUNHX5IEI20.jpg"}, "homeCity": "\uc11c\uc6b8\ud2b9\ubcc4\uc2dc, \ub300\ud55c\ubbfc\uad6d", "lists": {"groups": [{"items": [], "count": 2, "type": "created"}]}}, {"tips": {"count": 0}, "contact": {"facebook": "739053474"}, "firstName": "Pierre", "gender": "none", "lastName": "Lye", "id": "87618816", "bio": "", "photo": {"prefix": "https://igx.4sqi.net/img/user/", "suffix": "/87618816-YFKVVPDMZWVEGWGS.jpg"}, "homeCity": "Singapore", "lists": {"groups": [{"items": [], "count": 5, "type": "created"}]}}, {"tips": {"count": 0}, "contact": {"facebook": "1103572818"}, "firstName": "Jeff", "gender": "male", "lastName": "Tan", "id": "1142835", "bio": "", "photo": {"prefix": "https://igx.4sqi.net/img/user/", "suffix": "/blank_boy.png", "default": true}, "homeCity": "Singapore", "lists": {"groups": [{"items": [], "count": 2, "type": "created"}]}}, {"tips": {"count": 6}, "contact": {"twitter": "nivlek1985", "facebook": "516991891"}, "firstName": "Kelvin", "gender": "male", "lastName": "Seo", "id": "2444086", "bio": "", "photo": {"prefix": "https://igx.4sqi.net/img/user/", "suffix": "/MB5NWZHA1MQFBLYF.jpg"}, "homeCity": "Singapore", "lists": {"groups": [{"items": [], "count": 2, "type": "created"}]}}, {"tips": {"count": 0}, "contact": {"facebook": "624210859"}, "firstName": "Andrew", "gender": "male", "lastName": "Lin", "id": "10963248", "bio": "", "photo": {"prefix": "https://igx.4sqi.net/img/user/", "suffix": "/blank_boy.png", "default": true}, "homeCity": "Singapore", "lists": {"groups": [{"items": [], "count": 2, "type": "created"}]}}, {"tips": {"count": 2}, "contact": {"facebook": "750161270"}, "firstName": "Enoch", "gender": "male", "lastName": "Chua", "id": "19049157", "bio": "", "photo": {"prefix": "https://igx.4sqi.net/img/user/", "suffix": "/BW45KJIWLJBXEGOY.jpg"}, "homeCity": "Singapore", "lists": {"groups": [{"items": [], "count": 2, "type": "created"}]}}, {"tips": {"count": 2}, "contact": {"twitter": "tankaisong", "facebook": "557010681"}, "firstName": "Kai Song", "gender": "male", "lastName": "Tan", "id": "6912132", "bio": "", "photo": {"prefix": "https://igx.4sqi.net/img/user/", "suffix": "/6912132-KVRZJV1TKQXO33ZB.jpg"}, "homeCity": "Singapore", "lists": {"groups": [{"items": [], "count": 2, "type": "created"}]}}, {"tips": {"count": 9}, "contact": {"twitter": "zack_lim", "facebook": "592724386"}, "firstName": "Zack", "gender": "male", "lastName": "Lim", "id": "6805209", "bio": "", "photo": {"prefix": "https://igx.4sqi.net/img/user/", "suffix": "/G0AFDSJDSKMJW0YM.jpg"}, "homeCity": "Singapore", "lists": {"groups": [{"items": [], "count": 2, "type": "created"}]}}, {"tips": {"count": 0}, "contact": {"facebook": "752676158"}, "firstName": "Jing wen", "gender": "female", "lastName": "Tam", "id": "6633140", "bio": "", "photo": {"prefix": "https://igx.4sqi.net/img/user/", "suffix": "/VH4WLNLOU1RXDFGD.jpg"}, "homeCity": "Singapore", "lists": {"groups": [{"items": [], "count": 2, "type": "created"}]}}, {"tips": {"count": 0}, "contact": {"twitter": "razer_midnight", "facebook": "100001235002716"}, "firstName": "Jun", "gender": "male", "lastName": "Kim", "id": "12132460", "bio": "", "photo": {"prefix": "https://igx.4sqi.net/img/user/", "suffix": "/AP2PZXWCR51WJZFY.jpg"}, "homeCity": "\uc11c\uc6b8\ud2b9\ubcc4\uc2dc, \ub300\ud55c\ubbfc\uad6d", "lists": {"groups": [{"items": [], "count": 2, "type": "created"}]}}, {"tips": {"count": 0}, "contact": {"facebook": "584335348"}, "firstName": "Goh", "gender": "male", "lastName": "CY", "id": "19441445", "bio": "", "photo": {"prefix": "https://igx.4sqi.net/img/user/", "suffix": "/34DHP5QBIYAM3DYK.jpg"}, "homeCity": "Johor Bahru, Malaysia", "lists": {"groups": [{"items": [], "count": 2, "type": "created"}]}}, {"tips": {"count": 0}, "contact": {"facebook": "10153157544544715"}, "firstName": "BruceKong", "gender": "male", "id": "6072214", "bio": "", "photo": {"prefix": "https://igx.4sqi.net/img/user/", "suffix": "/blank_boy.png", "default": true}, "homeCity": "Kuala Lumpur, Malaysia", "lists": {"groups": [{"items": [], "count": 2, "type": "created"}]}}, {"tips": {"count": 1}, "contact": {}, "firstName": "Ninikoz", "gender": "female", "lastName": "Winnie", "id": "3578393", "bio": "", "photo": {"prefix": "https://igx.4sqi.net/img/user/", "suffix": "/MEQT5H2G1S4YDSNX.jpg"}, "homeCity": "Singapore", "lists": {"groups": [{"items": [], "count": 2, "type": "created"}]}}, {"tips": {"count": 5}, "contact": {"facebook": "13752676"}, "firstName": "Wenvi", "gender": "female", "lastName": "H", "id": "5706277", "bio": "", "photo": {"prefix": "https://igx.4sqi.net/img/user/", "suffix": "/IYUPTHF00KMJ14R5.jpg"}, "homeCity": "Seattle", "lists": {"groups": [{"items": [], "count": 5, "type": "created"}]}}, {"tips": {"count": 7}, "contact": {}, "firstName": "Kelly", "gender": "female", "lastName": "Ching", "id": "1236503", "bio": "", "photo": {"prefix": "https://igx.4sqi.net/img/user/", "suffix": "/H2UVJKTMOOR2HXR2.jpg"}, "homeCity": "Singapore", "lists": {"groups": [{"items": [], "count": 2, "type": "created"}]}}, {"tips": {"count": 0}, "contact": {}, "firstName": "HY", "gender": "male", "lastName": "Rooney", "id": "6599812", "bio": "", "photo": {"prefix": "https://igx.4sqi.net/img/user/", "suffix": "/blank_boy.png", "default": true}, "homeCity": "Singapore", "lists": {"groups": [{"items": [], "count": 2, "type": "created"}]}}, {"tips": {"count": 1}, "contact": {"facebook": "690371129"}, "firstName": "Tan", "gender": "male", "lastName": "Honghui", "id": "1075813", "bio": "", "photo": {"prefix": "https://igx.4sqi.net/img/user/", "suffix": "/YGJB2YA14ZFVROME.jpg"}, "homeCity": "Singapore", "lists": {"groups": [{"items": [], "count": 2, "type": "created"}]}}, {"tips": {"count": 0}, "contact": {"facebook": "1190462776"}, "firstName": "Joe", "gender": "male", "lastName": "Oh", "id": "74087215", "bio": "", "photo": {"prefix": "https://igx.4sqi.net/img/user/", "suffix": "/74087215-3PH2GVZOPEXMDJZQ.jpg"}, "homeCity": "Singapore", "lists": {"groups": [{"items": [], "count": 2, "type": "created"}]}}, {"tips": {"count": 12}, "contact": {"twitter": "kv_apple"}, "firstName": "Kanyanat", "gender": "female", "lastName": "Vimonchandr", "id": "2953289", "bio": "", "photo": {"prefix": "https://igx.4sqi.net/img/user/", "suffix": "/RML0VQMCXOSQQR1D.jpg"}, "homeCity": "Bangkok, Thailand", "lists": {"groups": [{"items": [], "count": 2, "type": "created"}]}}, {"tips": {"count": 1}, "contact": {"twitter": "vachelon", "facebook": "669407234"}, "firstName": "Ethan", "gender": "male", "lastName": "Lim", "id": "1207575", "bio": "", "photo": {"prefix": "https://igx.4sqi.net/img/user/", "suffix": "/1207575-THVBFPKN1IFET3LA.jpg"}, "homeCity": "+65", "lists": {"groups": [{"items": [], "count": 3, "type": "created"}]}}, {"tips": {"count": 2}, "contact": {"twitter": "mokbren", "facebook": "539047720"}, "firstName": "Clarence", "gender": "male", "lastName": "Mok", "id": "2508833", "bio": "", "photo": {"prefix": "https://igx.4sqi.net/img/user/", "suffix": "/SWNMRWRNQZSQYROB.jpg"}, "homeCity": "Singapore", "lists": {"groups": [{"items": [], "count": 2, "type": "created"}]}}, {"tips": {"count": 2}, "contact": {"facebook": "636515032"}, "firstName": "CH", "gender": "male", "id": "14826781", "bio": "", "photo": {"prefix": "https://igx.4sqi.net/img/user/", "suffix": "/OSE553QMBKIWMGIN.jpg"}, "homeCity": "Kuala Lumpur, Malaysia", "lists": {"groups": [{"items": [], "count": 2, "type": "created"}]}}, {"tips": {"count": 0}, "contact": {"facebook": "1663551368"}, "firstName": "Aye Maung", "gender": "male", "lastName": "Kyi", "id": "31110370", "bio": "", "photo": {"prefix": "https://igx.4sqi.net/img/user/", "suffix": "/MQVXVU5A0411YENW.jpg"}, "homeCity": "New York, NY", "lists": {"groups": [{"items": [], "count": 2, "type": "created"}]}}, {"tips": {"count": 0}, "contact": {}, "firstName": "Peter ng", "gender": "male", "id": "7585378", "bio": "", "photo": {"prefix": "https://igx.4sqi.net/img/user/", "suffix": "/blank_boy.png", "default": true}, "homeCity": "Kuala Lumpur, Malaysia", "lists": {"groups": [{"items": [], "count": 2, "type": "created"}]}}, {"tips": {"count": 0}, "contact": {}, "firstName": "Stiven", "gender": "male", "lastName": "Chze", "id": "6834176", "bio": "", "photo": {"prefix": "https://igx.4sqi.net/img/user/", "suffix": "/3H0C05XQEIMFC3CG.jpg"}, "homeCity": "Singapore", "lists": {"groups": [{"items": [], "count": 2, "type": "created"}]}}, {"tips": {"count": 0}, "contact": {"facebook": "757954271"}, "firstName": "Christina", "gender": "female", "lastName": "Tan", "id": "25358969", "bio": "", "photo": {"prefix": "https://igx.4sqi.net/img/user/", "suffix": "/EG5PXPELJE3UWGKL.jpg"}, "homeCity": "New York, NY", "lists": {"groups": [{"items": [], "count": 2, "type": "created"}]}}, {"tips": {"count": 0}, "contact": {"facebook": "819104379"}, "firstName": "Whiterabbit", "gender": "male", "lastName": "Whiterabbit", "id": "17285496", "bio": "", "photo": {"prefix": "https://igx.4sqi.net/img/user/", "suffix": "/PJWBLK3BSYM4FVHS.jpg"}, "homeCity": "\u0e01\u0e23\u0e38\u0e07\u0e40\u0e17\u0e1e\u0e21\u0e2b\u0e32\u0e19\u0e04\u0e23, \u0e1b\u0e23\u0e30\u0e40\u0e17\u0e28\u0e44\u0e17\u0e22", "lists": {"groups": [{"items": [], "count": 2, "type": "created"}]}}, {"tips": {"count": 0}, "contact": {"twitter": "xianr", "facebook": "636532864"}, "firstName": "XiaN", "gender": "female", "lastName": "How", "id": "6161761", "bio": "", "photo": {"prefix": "https://igx.4sqi.net/img/user/", "suffix": "/T2DLKT5HJ25UEPZX.jpg"}, "homeCity": "Singapore", "lists": {"groups": [{"items": [], "count": 2, "type": "created"}]}}, {"tips": {"count": 1}, "contact": {"twitter": "mondrayish", "facebook": "91700003"}, "firstName": "Raymond", "gender": "male", "lastName": "Tjandra", "id": "3588379", "bio": "", "photo": {"prefix": "https://igx.4sqi.net/img/user/", "suffix": "/F1YKWBRFK0LS1U5P.jpg"}, "homeCity": "Singapore", "lists": {"groups": [{"items": [], "count": 2, "type": "created"}]}}, {"tips": {"count": 3}, "contact": {"facebook": "633315030"}, "firstName": "TJ", "gender": "male", "lastName": "Chan", "id": "8369140", "bio": "", "photo": {"prefix": "https://igx.4sqi.net/img/user/", "suffix": "/ATLZ3OA5CXJBJBO5.jpg"}, "homeCity": "Unnamed Location", "lists": {"groups": [{"items": [], "count": 2, "type": "created"}]}}, {"tips": {"count": 2}, "contact": {}, "firstName": "eugene", "gender": "male", "id": "2569129", "bio": "", "photo": {"prefix": "https://igx.4sqi.net/img/user/", "suffix": "/LYFC0LYED4WIBY3G.jpg"}, "homeCity": "Singapore", "lists": {"groups": [{"items": [], "count": 3, "type": "created"}]}}, {"tips": {"count": 0}, "contact": {"facebook": "714739156"}, "firstName": "Ninikoz", "gender": "female", "lastName": "Yeo", "id": "11262608", "bio": "", "photo": {"prefix": "https://igx.4sqi.net/img/user/", "suffix": "/QFN5HRPRXBFWQOYS.jpg"}, "homeCity": "Singapore", "lists": {"groups": [{"items": [], "count": 2, "type": "created"}]}}, {"tips": {"count": 9}, "contact": {"twitter": "44ron_k"}, "firstName": "\uc544\ub860", "gender": "male", "id": "1078846", "bio": "", "photo": {"prefix": "https://igx.4sqi.net/img/user/", "suffix": "/1078846-Q4ODXQKKIHUB3EI2.jpg"}, "homeCity": "Singapore", "lists": {"groups": [{"items": [], "count": 2, "type": "created"}]}}, {"tips": {"count": 1}, "contact": {"facebook": "580823105"}, "firstName": "Daniel", "gender": "male", "lastName": "Ng", "id": "4712981", "bio": "", "photo": {"prefix": "https://igx.4sqi.net/img/user/", "suffix": "/QCT4YDBYGZTXDHIE.jpg"}, "homeCity": "Singapore", "lists": {"groups": [{"items": [], "count": 2, "type": "created"}]}}, {"tips": {"count": 2}, "contact": {}, "firstName": "Bernard", "gender": "male", "lastName": "Lim", "id": "1259234", "bio": "", "photo": {"prefix": "https://igx.4sqi.net/img/user/", "suffix": "/WJYXJBFXQXCSZMQP.jpg"}, "homeCity": "Singapore", "lists": {"groups": [{"items": [], "count": 2, "type": "created"}]}}, {"tips": {"count": 0}, "contact": {}, "firstName": "Cynthia", "gender": "female", "lastName": "Goh", "id": "2550724", "bio": "", "photo": {"prefix": "https://igx.4sqi.net/img/user/", "suffix": "/C3ODURXDH0PS54WU.jpg"}, "homeCity": "Johor Bahru, Malaysia", "lists": {"groups": [{"items": [], "count": 2, "type": "created"}]}}, {"tips": {"count": 12}, "contact": {"twitter": "gpoovan", "facebook": "100000070395099"}, "firstName": "Poovan", "gender": "male", "lastName": "Devasagayam", "id": "32501875", "bio": "Gold & Fabulous\r\nEco-Retailer, Social Media Crackerjack, & Musings. Avid Blogger #original #hdr \r\nwww.goldandfabulous.com \ud83c\udf40\r\nKik : gpoovan", "photo": {"prefix": "https://igx.4sqi.net/img/user/", "suffix": "/MVOCLFIK0YU4BL5R.jpg"}, "homeCity": "Singapore, SG", "lists": {"groups": [{"items": [], "count": 3, "type": "created"}]}}, {"tips": {"count": 0}, "contact": {"facebook": "564679296"}, "firstName": "Eric", "gender": "male", "lastName": "Tsai", "id": "83843179", "bio": "", "photo": {"prefix": "https://igx.4sqi.net/img/user/", "suffix": "/83843179-LYOVZJPPXEDLKYGA.jpg"}, "homeCity": "Singapore", "lists": {"groups": [{"items": [], "count": 3, "type": "created"}]}}, {"tips": {"count": 7}, "contact": {}, "firstName": "Teddynator", "gender": "male", "id": "12503103", "bio": "", "photo": {"prefix": "https://igx.4sqi.net/img/user/", "suffix": "/VUBWZKPAAQYNWVUV.jpg"}, "homeCity": "Malaysia", "lists": {"groups": [{"items": [], "count": 2, "type": "created"}]}}, {"tips": {"count": 6}, "contact": {"twitter": "holykiller13", "facebook": "1492051135"}, "firstName": "Zen", "gender": "male", "lastName": "Lai", "id": "6864437", "bio": "", "photo": {"prefix": "https://igx.4sqi.net/img/user/", "suffix": "/ZROQ0VTTJVP0CFRE.jpg"}, "homeCity": "Singapore", "lists": {"groups": [{"items": [], "count": 2, "type": "created"}]}}, {"tips": {"count": 0}, "contact": {"facebook": "10211678951116050"}, "firstName": "Calvin", "gender": "male", "lastName": "Yong", "id": "55340749", "bio": "", "photo": {"prefix": "https://igx.4sqi.net/img/user/", "suffix": "/BBGHRFLS3DN5HQHS.jpg"}, "homeCity": "Singapore, 00", "lists": {"groups": [{"items": [], "count": 2, "type": "created"}]}}, {"tips": {"count": 0}, "contact": {"facebook": "684135826"}, "firstName": "Kyon", "gender": "male", "lastName": "Ha", "id": "12880420", "bio": "", "photo": {"prefix": "https://igx.4sqi.net/img/user/", "suffix": "/RMWY04AAHFNSXIM4.jpg"}, "homeCity": "Singapore", "lists": {"groups": [{"items": [], "count": 2, "type": "created"}]}}, {"tips": {"count": 0}, "contact": {"facebook": "593512451"}, "firstName": "Shu Fen", "gender": "female", "lastName": "Tan", "id": "3735373", "bio": "", "photo": {"prefix": "https://igx.4sqi.net/img/user/", "suffix": "/54AHJCVMUR3KOLBD.jpg"}, "homeCity": "Singapore", "lists": {"groups": [{"items": [], "count": 2, "type": "created"}]}}, {"tips": {"count": 2}, "contact": {"facebook": "1047700524"}, "firstName": "Seluna", "gender": "none", "lastName": "Chua", "id": "11509908", "bio": "", "photo": {"prefix": "https://igx.4sqi.net/img/user/", "suffix": "/KFUUGR0JCGGMO1CS.jpg"}, "homeCity": "Singapore", "lists": {"groups": [{"items": [], "count": 2, "type": "created"}]}}, {"tips": {"count": 0}, "contact": {"facebook": "815189705"}, "firstName": "kero", "gender": "male", "lastName": "kerojung", "id": "3633070", "bio": "", "photo": {"prefix": "https://igx.4sqi.net/img/user/", "suffix": "/QD4V4KLAMYEFJ0FJ.jpg"}, "homeCity": "\u0e2a\u0e27\u0e19\u0e2b\u0e25\u0e27\u0e07, \u0e1b\u0e23\u0e30\u0e40\u0e17\u0e28\u0e44\u0e17\u0e22", "lists": {"groups": [{"items": [], "count": 2, "type": "created"}]}}, {"tips": {"count": 1}, "contact": {"twitter": "keitaru84", "facebook": "504953519"}, "firstName": "Calvin", "gender": "male", "lastName": "Yio", "id": "2994133", "bio": "", "photo": {"prefix": "https://igx.4sqi.net/img/user/", "suffix": "/GULBQTBC1EVSOKRD.jpg"}, "homeCity": "Singapore", "lists": {"groups": [{"items": [], "count": 2, "type": "created"}]}}, {"tips": {"count": 0}, "contact": {}, "firstName": "Lee", "gender": "male", "lastName": "Daehyung Alan", "id": "5066147", "bio": "", "photo": {"prefix": "https://igx.4sqi.net/img/user/", "suffix": "/blank_boy.png", "default": true}, "homeCity": "\uc11c\uc6b8\ud2b9\ubcc4\uc2dc, \ub300\ud55c\ubbfc\uad6d", "lists": {"groups": [{"items": [], "count": 2, "type": "created"}]}}, {"tips": {"count": 0}, "contact": {}, "firstName": "Rayne", "gender": "female", "lastName": "Lim", "id": "1268732", "bio": "", "photo": {"prefix": "https://igx.4sqi.net/img/user/", "suffix": "/PLYTEG10INNXADDC.jpg"}, "homeCity": "Bukit Merah, Singapore", "lists": {"groups": [{"items": [], "count": 2, "type": "created"}]}}, {"tips": {"count": 2}, "contact": {}, "firstName": "Shalon", "gender": "female", "lastName": "Kong", "id": "2672543", "bio": "", "photo": {"prefix": "https://igx.4sqi.net/img/user/", "suffix": "/R1T52EPKLR040MII.jpg"}, "homeCity": "Singapore", "lists": {"groups": [{"items": [], "count": 2, "type": "created"}]}}, {"tips": {"count": 0}, "contact": {"facebook": "700819400"}, "firstName": "Liz", "gender": "female", "lastName": "Md", "id": "32675037", "bio": "", "photo": {"prefix": "https://igx.4sqi.net/img/user/", "suffix": "/HNBOIXTLFUZBEULU.jpg"}, "homeCity": "New York, NY", "lists": {"groups": [{"items": [], "count": 2, "type": "created"}]}}, {"tips": {"count": 0}, "contact": {"facebook": "622616525"}, "firstName": "JD", "gender": "male", "lastName": "Chua", "id": "7052550", "bio": "", "photo": {"prefix": "https://igx.4sqi.net/img/user/", "suffix": "/blank_boy.png", "default": true}, "homeCity": "Singapore", "lists": {"groups": [{"items": [], "count": 2, "type": "created"}]}}, {"tips": {"count": 3}, "contact": {}, "firstName": "Jovan", "gender": "male", "lastName": "Bai", "id": "12888106", "bio": "", "photo": {"prefix": "https://igx.4sqi.net/img/user/", "suffix": "/blank_boy.png", "default": true}, "homeCity": "Singapore", "lists": {"groups": [{"items": [], "count": 2, "type": "created"}]}}, {"tips": {"count": 0}, "contact": {"twitter": "onlilurveu"}, "firstName": "Janice", "gender": "female", "id": "4534639", "bio": "", "photo": {"prefix": "https://igx.4sqi.net/img/user/", "suffix": "/blank_girl.png", "default": true}, "homeCity": "Singapore", "lists": {"groups": [{"items": [], "count": 2, "type": "created"}]}}, {"tips": {"count": 4}, "contact": {}, "firstName": "Leprechaun", "gender": "female", "lastName": "Young Senfeng", "id": "4519197", "bio": "", "photo": {"prefix": "https://igx.4sqi.net/img/user/", "suffix": "/QTQ0SJMBMBFG302C.jpg"}, "homeCity": "Singapore", "lists": {"groups": [{"items": [], "count": 2, "type": "created"}]}}, {"tips": {"count": 0}, "contact": {"facebook": "1478892300"}, "firstName": "Rachel", "gender": "female", "lastName": "Leicher", "id": "5071038", "bio": "", "photo": {"prefix": "https://igx.4sqi.net/img/user/", "suffix": "/KWZXQIUNFLW4TWBV.jpg"}, "homeCity": "Singapore", "lists": {"groups": [{"items": [], "count": 2, "type": "created"}]}}, {"tips": {"count": 1}, "contact": {"facebook": "661375842"}, "firstName": "Amber", "gender": "female", "lastName": "Wu", "id": "1273011", "bio": "", "photo": {"prefix": "https://igx.4sqi.net/img/user/", "suffix": "/X1EN5JPG4URGXIDG.jpg"}, "homeCity": "Toa Payoh, ", "lists": {"groups": [{"items": [], "count": 2, "type": "created"}]}}, {"tips": {"count": 0}, "contact": {"facebook": "690607864"}, "firstName": "Pamela", "gender": "female", "lastName": "Tan", "id": "2686068", "bio": "", "photo": {"prefix": "https://igx.4sqi.net/img/user/", "suffix": "/blank_girl.png", "default": true}, "homeCity": "New York, NY", "lists": {"groups": [{"items": [], "count": 2, "type": "created"}]}}, {"tips": {"count": 0}, "contact": {"facebook": "1251289305"}, "firstName": "Suriyati", "gender": "female", "id": "33367818", "bio": "", "photo": {"prefix": "https://igx.4sqi.net/img/user/", "suffix": "/33367818-4UZS5VW2RY4KU4GJ.jpg"}, "homeCity": "Singapore", "lists": {"groups": [{"items": [], "count": 2, "type": "created"}]}}, {"tips": {"count": 0}, "contact": {"twitter": "iknowrighttttt"}, "firstName": "Chin Meng", "gender": "male", "id": "11690644", "bio": "", "photo": {"prefix": "https://igx.4sqi.net/img/user/", "suffix": "/RHIDXVW1GGJOGDLD.jpg"}, "homeCity": "Singapore", "lists": {"groups": [{"items": [], "count": 2, "type": "created"}]}}, {"tips": {"count": 1}, "contact": {"facebook": "591937572"}, "firstName": "Soo Hian", "gender": "male", "lastName": "Foo", "id": "15453604", "bio": "", "photo": {"prefix": "https://igx.4sqi.net/img/user/", "suffix": "/43JVHNZAEKFQDPRL.jpg"}, "homeCity": "Singapore", "lists": {"groups": [{"items": [], "count": 2, "type": "created"}]}}, {"tips": {"count": 1}, "contact": {"facebook": "627527724"}, "firstName": "Mindy", "gender": "female", "lastName": "Leong", "id": "5017412", "bio": "", "photo": {"prefix": "https://igx.4sqi.net/img/user/", "suffix": "/FSYZ2EO04CHDZNW2.jpg"}, "homeCity": "Singapore", "lists": {"groups": [{"items": [], "count": 2, "type": "created"}]}}, {"tips": {"count": 0}, "contact": {}, "firstName": "John", "gender": "male", "lastName": "Ho", "id": "5096241", "bio": "", "photo": {"prefix": "https://igx.4sqi.net/img/user/", "suffix": "/1Z2YQQ1XFJQKLFET.jpg"}, "homeCity": "Singapore", "lists": {"groups": [{"items": [], "count": 2, "type": "created"}]}}, {"tips": {"count": 0}, "contact": {}, "firstName": "Akihiko", "gender": "male", "lastName": "Tanabe", "id": "81668554", "bio": "", "photo": {"prefix": "https://igx.4sqi.net/img/user/", "suffix": "/81668554-3CGOBGKUPBVLXFY1.jpg"}, "homeCity": "Kuala Lumpur, KUL", "lists": {"groups": [{"items": [], "count": 2, "type": "created"}]}}, {"tips": {"count": 1}, "contact": {"facebook": "646270942"}, "firstName": "Adeline", "gender": "female", "lastName": "Kam", "id": "1283135", "bio": "", "photo": {"prefix": "https://igx.4sqi.net/img/user/", "suffix": "/C5ZWUZTB0PANVEDC.jpg"}, "homeCity": "Singapore", "lists": {"groups": [{"items": [], "count": 2, "type": "created"}]}}, {"tips": {"count": 0}, "contact": {"facebook": "700918444"}, "firstName": "Jeffrey", "gender": "none", "lastName": "Tang", "id": "2687687", "bio": "", "photo": {"prefix": "https://igx.4sqi.net/img/user/", "suffix": "/blank_boy.png", "default": true}, "homeCity": "Singapore", "lists": {"groups": [{"items": [], "count": 2, "type": "created"}]}}, {"tips": {"count": 0}, "contact": {"twitter": "cafex", "facebook": "1311647617"}, "firstName": "Jason", "gender": "male", "lastName": "Hsu", "id": "22340922", "bio": "", "photo": {"prefix": "https://igx.4sqi.net/img/user/", "suffix": "/LNF4OXEL3RQ41IOI.jpg"}, "homeCity": "New York, NY", "lists": {"groups": [{"items": [], "count": 2, "type": "created"}]}}, {"tips": {"count": 0}, "contact": {"facebook": "1443443502"}, "firstName": "steven", "gender": "male", "lastName": "murphy", "id": "5019866", "bio": "", "photo": {"prefix": "https://igx.4sqi.net/img/user/", "suffix": "/blank_boy.png", "default": true}, "homeCity": "Fallbrook, CA", "lists": {"groups": [{"items": [], "count": 2, "type": "created"}]}}, {"tips": {"count": 0}, "contact": {"facebook": "1065344559"}, "firstName": "Dylan", "gender": "male", "id": "5385680", "bio": "", "photo": {"prefix": "https://igx.4sqi.net/img/user/", "suffix": "/EV0RFXJLIOCEJDMR.jpg"}, "homeCity": "Singapore", "lists": {"groups": [{"items": [], "count": 2, "type": "created"}]}}, {"tips": {"count": 0}, "contact": {"facebook": "548394161"}, "firstName": "Targa", "gender": "male", "lastName": "Sim", "id": "1283384", "bio": "", "photo": {"prefix": "https://igx.4sqi.net/img/user/", "suffix": "/KI0D2CYA3SNID320.jpg"}, "homeCity": "Singapore", "lists": {"groups": [{"items": [], "count": 2, "type": "created"}]}}, {"tips": {"count": 4}, "contact": {"twitter": "efficious", "facebook": "1043353756"}, "firstName": "Eric Efficious", "gender": "male", "lastName": "Chew", "id": "2866326", "bio": "", "photo": {"prefix": "https://igx.4sqi.net/img/user/", "suffix": "/R1PHEMH1X4ZA2IXT.jpg"}, "homeCity": "Singapore", "lists": {"groups": [{"items": [], "count": 2, "type": "created"}]}}, {"tips": {"count": 1}, "contact": {"facebook": "687029857"}, "firstName": "Michael", "gender": "male", "lastName": "Loh", "id": "14741099", "bio": "", "photo": {"prefix": "https://igx.4sqi.net/img/user/", "suffix": "/14741099-N5MXES0KCYCAZXWQ.jpg"}, "homeCity": "Singapore", "lists": {"groups": [{"items": [], "count": 4, "type": "created"}]}}, {"tips": {"count": 0}, "contact": {"facebook": "519023542"}, "firstName": "Jasper", "gender": "male", "lastName": "Chew", "id": "1284989", "bio": "", "photo": {"prefix": "https://igx.4sqi.net/img/user/", "suffix": "/blank_boy.png", "default": true}, "homeCity": "Singapore", "lists": {"groups": [{"items": [], "count": 2, "type": "created"}]}}, {"tips": {"count": 0}, "contact": {"twitter": "johnsonyjs", "facebook": "590792482"}, "firstName": "Johnson", "gender": "male", "lastName": "Yap", "id": "3041749", "bio": "", "photo": {"prefix": "https://igx.4sqi.net/img/user/", "suffix": "/LTFKU5A1ZEHJGTWS.jpg"}, "homeCity": "Singapore", "lists": {"groups": [{"items": [], "count": 2, "type": "created"}]}}, {"tips": {"count": 1}, "contact": {"twitter": "drew7uk", "facebook": "508691895"}, "firstName": "Drew", "gender": "male", "lastName": "Holt-Kentwell", "id": "42402788", "bio": "", "photo": {"prefix": "https://igx.4sqi.net/img/user/", "suffix": "/5TMOMZ42FQBLKDHX.jpg"}, "homeCity": "Pulau Pinang", "lists": {"groups": [{"items": [], "count": 2, "type": "created"}]}}, {"tips": {"count": 0}, "contact": {"facebook": "701450038"}, "firstName": "Leo", "gender": "none", "lastName": "Sakazaki", "id": "1285721", "bio": "", "photo": {"prefix": "https://igx.4sqi.net/img/user/", "suffix": "/NF4GYR5SWWIY5RG0.jpg"}, "homeCity": "River Valley, Singapore", "lists": {"groups": [{"items": [], "count": 2, "type": "created"}]}}, {"tips": {"count": 2}, "contact": {}, "firstName": "C J Jymmie", "gender": "male", "id": "3275092", "bio": "", "photo": {"prefix": "https://igx.4sqi.net/img/user/", "suffix": "/3275092-CEJAWCCDHANXFL5W.jpg"}, "homeCity": "Singapore", "lists": {"groups": [{"items": [], "count": 2, "type": "created"}]}}, {"tips": {"count": 0}, "contact": {"twitter": "galal_khorshid", "facebook": "530127109"}, "firstName": "Galal", "gender": "male", "lastName": "Khorshid", "id": "43217072", "bio": "", "photo": {"prefix": "https://igx.4sqi.net/img/user/", "suffix": "/4LP0JWQRTKCGRHVC.jpg"}, "homeCity": "New York, NY", "lists": {"groups": [{"items": [], "count": 2, "type": "created"}]}}, {"tips": {"count": 0}, "contact": {"twitter": "traciegoh", "facebook": "582006651"}, "firstName": "Tracie", "gender": "female", "lastName": "Goh", "id": "1286234", "bio": "", "photo": {"prefix": "https://igx.4sqi.net/img/user/", "suffix": "/MYZNMB1U2JKZCLQH.jpg"}, "homeCity": "Singapore", "lists": {"groups": [{"items": [], "count": 2, "type": "created"}]}}, {"tips": {"count": 3}, "contact": {"twitter": "archer86", "facebook": "644375953"}, "firstName": "Alan", "gender": "male", "lastName": "Chong", "id": "3296116", "bio": "", "photo": {"prefix": "https://igx.4sqi.net/img/user/", "suffix": "/C1XEZ3ZRWMSKGORU.jpg"}, "homeCity": "Singapore", "lists": {"groups": [{"items": [], "count": 2, "type": "created"}]}}, {"tips": {"count": 1}, "contact": {"twitter": "smokinwallet", "facebook": "728813882"}, "firstName": "\u272fnoir\u272f", "gender": "female", "id": "1293490", "bio": "", "photo": {"prefix": "https://igx.4sqi.net/img/user/", "suffix": "/GXVPSSIRNHTMAGOX.jpg"}, "homeCity": "Singapore", "lists": {"groups": [{"items": [], "count": 2, "type": "created"}]}}, {"tips": {"count": 0}, "contact": {"facebook": "1246609364"}, "firstName": "Willy", "gender": "male", "id": "3856932", "bio": "", "photo": {"prefix": "https://igx.4sqi.net/img/user/", "suffix": "/blank_boy.png", "default": true}, "homeCity": "Singapore", "lists": {"groups": [{"items": [], "count": 2, "type": "created"}]}}, {"tips": {"count": 0}, "contact": {"twitter": "genewashere", "facebook": "591346673"}, "firstName": "geneeeee!", "gender": "male", "id": "1309937", "bio": "", "photo": {"prefix": "https://igx.4sqi.net/img/user/", "suffix": "/IBCFMHM33DPQ04HA.jpg"}, "homeCity": "Singapore", "lists": {"groups": [{"items": [], "count": 2, "type": "created"}]}}, {"tips": {"count": 0}, "contact": {}, "firstName": "Calvin", "gender": "male", "lastName": "Ho", "id": "3963094", "bio": "", "photo": {"prefix": "https://igx.4sqi.net/img/user/", "suffix": "/blank_boy.png", "default": true}, "homeCity": "Singapore", "lists": {"groups": [{"items": [], "count": 2, "type": "created"}]}}, {"tips": {"count": 3}, "contact": {"facebook": "738514054"}, "firstName": "ehRiC", "gender": "male", "lastName": "Lam", "id": "1322243", "bio": "", "photo": {"prefix": "https://igx.4sqi.net/img/user/", "suffix": "/MCQKMNVX3WMJ3KE3.jpg"}, "homeCity": "Singapore", "lists": {"groups": [{"items": [], "count": 2, "type": "created"}]}}, {"tips": {"count": 0}, "contact": {}, "firstName": "Stanley", "gender": "male", "lastName": "Phang", "id": "4134241", "bio": "", "photo": {"prefix": "https://igx.4sqi.net/img/user/", "suffix": "/blank_boy.png", "default": true}, "homeCity": "Singapore", "lists": {"groups": [{"items": [], "count": 2, "type": "created"}]}}, {"tips": {"count": 1}, "contact": {"twitter": "djevan1003", "facebook": "553572940"}, "firstName": "Andy", "gender": "male", "lastName": "Sng", "id": "1509220", "bio": "", "photo": {"prefix": "https://igx.4sqi.net/img/user/", "suffix": "/IZM1G23JNXYES1PX.jpg"}, "homeCity": "sg", "lists": {"groups": [{"items": [], "count": 2, "type": "created"}]}}, {"tips": {"count": 6}, "contact": {}, "firstName": "Vincent", "gender": "male", "lastName": "Phoon", "id": "4692700", "bio": "", "photo": {"prefix": "https://igx.4sqi.net/img/user/", "suffix": "/KTPSPKERG1HN1GNR.jpg"}, "homeCity": "Singapore", "lists": {"groups": [{"items": [], "count": 2, "type": "created"}]}}, {"tips": {"count": 3}, "contact": {"twitter": "adrianlow77", "facebook": "1154177226"}, "firstName": "Adrian", "gender": "male", "lastName": "Low", "id": "1529890", "bio": "", "photo": {"prefix": "https://igx.4sqi.net/img/user/", "suffix": "/QWS1ODVB1VPTRJ51.jpg"}, "homeCity": "Singapore", "lists": {"groups": [{"items": [], "count": 2, "type": "created"}]}}, {"tips": {"count": 2}, "contact": {"facebook": "719910411"}, "firstName": "Tak", "gender": "female", "lastName": "Su Rin", "id": "4756297", "bio": "", "photo": {"prefix": "https://igx.4sqi.net/img/user/", "suffix": "/C4MIGGQ4ZXYWDX5F.jpg"}, "homeCity": "Singapore", "lists": {"groups": [{"items": [], "count": 2, "type": "created"}]}}, {"tips": {"count": 0}, "contact": {"facebook": "1833109786"}, "firstName": "Tinie", "gender": "female", "lastName": ".", "id": "1627160", "bio": "", "photo": {"prefix": "https://igx.4sqi.net/img/user/", "suffix": "/KYIXRX0YAUL1SZWG.jpg"}, "homeCity": "Serangoon, Singapore", "lists": {"groups": [{"items": [], "count": 2, "type": "created"}]}}, {"tips": {"count": 0}, "contact": {"facebook": "554942259"}, "firstName": "Kelvin", "gender": "male", "lastName": "Quek", "id": "5288388", "bio": "", "photo": {"prefix": "https://igx.4sqi.net/img/user/", "suffix": "/blank_boy.png", "default": true}, "homeCity": "Singapore", "lists": {"groups": [{"items": [], "count": 2, "type": "created"}]}}, {"tips": {"count": 0}, "contact": {"facebook": "100000835254674"}, "firstName": "Serene", "gender": "female", "lastName": "Yeo", "id": "1638540", "bio": "", "photo": {"prefix": "https://igx.4sqi.net/img/user/", "suffix": "/PMTZGBQBHMX41ASO.gif"}, "homeCity": "Singapore", "lists": {"groups": [{"items": [], "count": 2, "type": "created"}]}}, {"tips": {"count": 2}, "contact": {"twitter": "junxiangtraps", "facebook": "540497263"}, "firstName": "JunXiang", "gender": "male", "id": "5772476", "bio": "", "photo": {"prefix": "https://igx.4sqi.net/img/user/", "suffix": "/5772476-OUFRP2MCSQ3NDOLI.jpg"}, "homeCity": "Singapore", "lists": {"groups": [{"items": [], "count": 2, "type": "created"}]}}, {"tips": {"count": 18}, "contact": {"twitter": "dionysusyeo", "facebook": "677957427"}, "firstName": "Dionysus", "gender": "male", "lastName": "Yeo", "id": "1651442", "bio": "", "photo": {"prefix": "https://igx.4sqi.net/img/user/", "suffix": "/F5A1HCXDXSGIXNJY.jpg"}, "homeCity": "Singapore", "lists": {"groups": [{"items": [], "count": 3, "type": "created"}]}}, {"tips": {"count": 1}, "contact": {"facebook": "831623577"}, "firstName": "Wudie", "gender": "male", "id": "5992944", "bio": "", "photo": {"prefix": "https://igx.4sqi.net/img/user/", "suffix": "/4FOHYH5JFUDTAGAP.jpg"}, "homeCity": "Singapore", "lists": {"groups": [{"items": [], "count": 2, "type": "created"}]}}, {"tips": {"count": 1}, "contact": {"twitter": "ideaonly", "facebook": "654042834"}, "firstName": "Jia wei", "gender": "male", "id": "1651456", "bio": "", "photo": {"prefix": "https://igx.4sqi.net/img/user/", "suffix": "/blank_boy.png", "default": true}, "homeCity": "Singapore, Singapore", "lists": {"groups": [{"items": [], "count": 2, "type": "created"}]}}, {"tips": {"count": 4}, "contact": {"facebook": "745508772"}, "firstName": "Benjamin", "gender": "male", "lastName": "Xu", "id": "1659626", "bio": "", "photo": {"prefix": "https://igx.4sqi.net/img/user/", "suffix": "/4L10CP0MTIJCAOZ4.jpg"}, "homeCity": "Singapore", "lists": {"groups": [{"items": [], "count": 2, "type": "created"}]}}, {"tips": {"count": 0}, "contact": {"twitter": "zhiw3i", "facebook": "675453659"}, "firstName": "Jack", "gender": "male", "lastName": "Oh", "id": "1659893", "bio": "", "photo": {"prefix": "https://igx.4sqi.net/img/user/", "suffix": "/FWFJ5QBZ1TTOOSGT.jpg"}, "homeCity": "Singapore", "lists": {"groups": [{"items": [], "count": 2, "type": "created"}]}}, {"tips": {"count": 0}, "contact": {"facebook": "607646032"}, "firstName": "Adrian", "gender": "male", "lastName": "Ng", "id": "1693233", "bio": "", "photo": {"prefix": "https://igx.4sqi.net/img/user/", "suffix": "/W5FHT33I5KRPKZRQ.jpg"}, "homeCity": "Singapore", "lists": {"groups": [{"items": [], "count": 2, "type": "created"}]}}, {"tips": {"count": 2}, "contact": {"facebook": "835856678"}, "firstName": "Clement Christopher", "gender": "male", "lastName": "Tan", "id": "1875709", "bio": "", "photo": {"prefix": "https://igx.4sqi.net/img/user/", "suffix": "/0TGJXW4ZGUDRGFYF.jpg"}, "homeCity": "Singapore", "lists": {"groups": [{"items": [], "count": 2, "type": "created"}]}}, {"tips": {"count": 0}, "contact": {"facebook": "522191626"}, "firstName": "Zedy", "gender": "male", "lastName": "Ng", "id": "2043789", "bio": "", "photo": {"prefix": "https://igx.4sqi.net/img/user/", "suffix": "/U0CJRHKTSO053C4R.jpg"}, "homeCity": "Singapore", "lists": {"groups": [{"items": [], "count": 3, "type": "created"}]}}, {"tips": {"count": 1}, "contact": {"twitter": "taznpiglet", "facebook": "599477671"}, "firstName": "Tazpiglet", "gender": "female", "id": "2456602", "bio": "", "photo": {"prefix": "https://igx.4sqi.net/img/user/", "suffix": "/LCQKTCXMIO5UZA5K.jpg"}, "homeCity": "Singapore", "lists": {"groups": [{"items": [], "count": 2, "type": "created"}]}}, {"tips": {"count": 112}, "contact": {}, "firstName": "\u0e2a\u0e38\u0e23\u0e1e\u0e07\u0e28\u0e4c", "gender": "male", "lastName": "\u0e23\u0e31\u0e01\u0e43\u0e19\u0e2b\u0e25\u0e27\u0e07", "id": "2474779", "bio": "", "photo": {"prefix": "https://igx.4sqi.net/img/user/", "suffix": "/X4XMS3GFWR5UDPUI.jpg"}, "homeCity": "Bangkok ", "lists": {"groups": [{"items": [], "count": 3, "type": "created"}]}}, {"tips": {"count": 8}, "contact": {"facebook": "526956686"}, "firstName": "Syukur", "gender": "none", "id": "2480948", "bio": "", "photo": {"prefix": "https://igx.4sqi.net/img/user/", "suffix": "/BBDYXAYLRD0NWXS2.jpg"}, "homeCity": "Singapore", "lists": {"groups": [{"items": [], "count": 2, "type": "created"}]}}, {"tips": {"count": 0}, "contact": {"facebook": "641592595"}, "firstName": "Kenneth", "gender": "male", "lastName": "Goh", "id": "2784795", "bio": "", "photo": {"prefix": "https://igx.4sqi.net/img/user/", "suffix": "/0DJ55OGABIPEOSNX.jpg"}, "homeCity": "Singapore", "lists": {"groups": [{"items": [], "count": 2, "type": "created"}]}}, {"tips": {"count": 0}, "contact": {}, "firstName": "Jocelyb", "gender": "none", "lastName": "Tan", "id": "3020503", "bio": "", "photo": {"prefix": "https://igx.4sqi.net/img/user/", "suffix": "/blank_boy.png", "default": true}, "homeCity": "Singapore", "lists": {"groups": [{"items": [], "count": 2, "type": "created"}]}}, {"tips": {"count": 0}, "contact": {}, "firstName": "Yap", "gender": "male", "lastName": "QinYong", "id": "3142347", "bio": "", "photo": {"prefix": "https://igx.4sqi.net/img/user/", "suffix": "/52CRTRF0TH0CKKSX.jpg"}, "homeCity": "Singapore", "lists": {"groups": [{"items": [], "count": 2, "type": "created"}]}}, {"tips": {"count": 0}, "contact": {"twitter": "allen_zy"}, "firstName": "Zhi", "gender": "male", "lastName": "Yang", "id": "3375030", "bio": "", "photo": {"prefix": "https://igx.4sqi.net/img/user/", "suffix": "/CIEL2ZSDNI41MHSF.jpg"}, "homeCity": "Singapore", "lists": {"groups": [{"items": [], "count": 2, "type": "created"}]}}, {"tips": {"count": 0}, "contact": {"facebook": "601906345"}, "firstName": "Sven", "gender": "male", "lastName": "Lin", "id": "3417059", "bio": "", "photo": {"prefix": "https://igx.4sqi.net/img/user/", "suffix": "/U0VTSOQEKYNZYYDG.jpg"}, "homeCity": "Singapore", "lists": {"groups": [{"items": [], "count": 2, "type": "created"}]}}, {"tips": {"count": 10}, "contact": {}, "firstName": "Hatta", "gender": "male", "lastName": "Aziz", "id": "3464554", "bio": "", "photo": {"prefix": "https://igx.4sqi.net/img/user/", "suffix": "/VCJA2RAW4OAYG440.jpg"}, "homeCity": "Singapore", "lists": {"groups": [{"items": [], "count": 2, "type": "created"}]}}, {"tips": {"count": 6}, "contact": {"twitter": "darrylong", "facebook": "633118742"}, "firstName": "Darryl", "gender": "male", "lastName": "Ong RS", "id": "3494699", "bio": "", "photo": {"prefix": "https://igx.4sqi.net/img/user/", "suffix": "/VMAD1W4YDH5TSWJ3.jpg"}, "homeCity": "Singapore", "lists": {"groups": [{"items": [], "count": 2, "type": "created"}]}}, {"tips": {"count": 1}, "contact": {}, "firstName": "chengnian", "gender": "male", "lastName": "sun", "id": "3608480", "bio": "", "photo": {"prefix": "https://igx.4sqi.net/img/user/", "suffix": "/TXXINVVZ3O3TCSBZ.jpg"}, "homeCity": "Singapore", "lists": {"groups": [{"items": [], "count": 2, "type": "created"}]}}, {"tips": {"count": 0}, "contact": {}, "firstName": "Edwin", "gender": "male", "lastName": "Yeow", "id": "3609730", "bio": "", "photo": {"prefix": "https://igx.4sqi.net/img/user/", "suffix": "/blank_boy.png", "default": true}, "homeCity": "Singapore", "lists": {"groups": [{"items": [], "count": 2, "type": "created"}]}}, {"tips": {"count": 4}, "contact": {"facebook": "100000773736404"}, "firstName": "Shu", "gender": "female", "lastName": "MEi", "id": "3610960", "bio": "", "photo": {"prefix": "https://igx.4sqi.net/img/user/", "suffix": "/1WA1XLLWZFXKKRPG.jpg"}, "homeCity": "Singapore", "lists": {"groups": [{"items": [], "count": 2, "type": "created"}]}}, {"tips": {"count": 7}, "contact": {}, "firstName": "Gabriel", "gender": "male", "lastName": "Tan", "id": "3993801", "bio": "", "photo": {"prefix": "https://igx.4sqi.net/img/user/", "suffix": "/QLWI0W2LDM5OV1MF.jpg"}, "homeCity": "Singapore", "lists": {"groups": [{"items": [], "count": 2, "type": "created"}]}}, {"tips": {"count": 1}, "contact": {}, "firstName": "Don", "gender": "male", "lastName": "Chong", "id": "4077803", "bio": "", "photo": {"prefix": "https://igx.4sqi.net/img/user/", "suffix": "/VXUA5J4WQTR50YZU.jpg"}, "homeCity": "Singapore ", "lists": {"groups": [{"items": [], "count": 2, "type": "created"}]}}, {"tips": {"count": 0}, "contact": {"facebook": "1127739183"}, "firstName": "FENG", "gender": "male", "id": "4080589", "bio": "", "photo": {"prefix": "https://igx.4sqi.net/img/user/", "suffix": "/OWYTQZKNEQN1ROCZ.jpg"}, "homeCity": "Singapore", "lists": {"groups": [{"items": [], "count": 2, "type": "created"}]}}, {"tips": {"count": 0}, "contact": {"twitter": "ahgui", "facebook": "556401920"}, "firstName": "Kenny", "gender": "male", "lastName": "Lai", "id": "4095555", "bio": "", "photo": {"prefix": "https://igx.4sqi.net/img/user/", "suffix": "/TXEEY0KH0ETV1XKH.jpg"}, "homeCity": "Singapore", "lists": {"groups": [{"items": [], "count": 2, "type": "created"}]}}, {"tips": {"count": 11}, "contact": {"twitter": "alinnumb", "facebook": "708555850"}, "firstName": "Numb", "gender": "female", "id": "4166906", "bio": "", "photo": {"prefix": "https://igx.4sqi.net/img/user/", "suffix": "/KYT1DF5GPWH5UEWE.jpg"}, "homeCity": "Hua Mak, Thailand", "lists": {"groups": [{"items": [], "count": 2, "type": "created"}]}}, {"tips": {"count": 0}, "contact": {"facebook": "669621629"}, "firstName": "Arin", "gender": "female", "lastName": "Lee", "id": "4748683", "bio": "", "photo": {"prefix": "https://igx.4sqi.net/img/user/", "suffix": "/LI4ZGA0UCEY3X0XO.jpg"}, "homeCity": "\ub300\ud55c\ubbfc\uad6d", "lists": {"groups": [{"items": [], "count": 2, "type": "created"}]}}, {"tips": {"count": 0}, "contact": {"facebook": "637492112"}, "firstName": "darky", "gender": "male", "lastName": "xue", "id": "5126264", "bio": "", "photo": {"prefix": "https://igx.4sqi.net/img/user/", "suffix": "/P2BZXOE2T5RQNFRI.jpg"}, "homeCity": "Singapore", "lists": {"groups": [{"items": [], "count": 2, "type": "created"}]}}, {"tips": {"count": 0}, "contact": {"twitter": "mscc15", "facebook": "616357573"}, "firstName": "Matthew", "gender": "male", "lastName": "Soo", "id": "5742217", "bio": "", "photo": {"prefix": "https://igx.4sqi.net/img/user/", "suffix": "/BP3P5LTPKM34X4JS.jpg"}, "homeCity": "WP Kuala Lumpur, Malaysia", "lists": {"groups": [{"items": [], "count": 2, "type": "created"}]}}, {"tips": {"count": 4}, "contact": {}, "firstName": "Jimmy", "gender": "male", "lastName": "Soh", "id": "6009338", "bio": "", "photo": {"prefix": "https://igx.4sqi.net/img/user/", "suffix": "/AZ0NDV4UA0ST5O1Q.jpg"}, "homeCity": "Singapore", "lists": {"groups": [{"items": [], "count": 2, "type": "created"}]}}, {"tips": {"count": 0}, "contact": {"facebook": "748348530"}, "firstName": "Cindy", "gender": "female", "lastName": "Lee", "id": "13512255", "bio": "", "photo": {"prefix": "https://igx.4sqi.net/img/user/", "suffix": "/blank_girl.png", "default": true}, "homeCity": "Singapore", "lists": {"groups": [{"items": [], "count": 2, "type": "created"}]}}, {"tips": {"count": 0}, "contact": {}, "firstName": "Ahdrain", "gender": "male", "lastName": "Li", "id": "31228179", "bio": "", "photo": {"prefix": "https://igx.4sqi.net/img/user/", "suffix": "/R12C3N2CYRFSWZFW.jpg"}, "homeCity": "Singapore", "lists": {"groups": [{"items": [], "count": 2, "type": "created"}]}}], "count": 185}, "checksum": "72cdc4d83e965ef8bff7ad9f5d4f8c7c84c4d3f3"}, "meta": {"requestId": "5965e9639fb6b77b793c602a", "code": 200}}