{"notifications": [{"type": "notificationTray", "item": {"unreadCount": 0}}], "response": {"friends": {"items": [{"tips": {"count": 4}, "contact": {"twitter": "miund"}, "firstName": "Miund", "gender": "female", "id": "1031859", "bio": "", "photo": {"prefix": "https://igx.4sqi.net/img/user/", "suffix": "/B2GX3OIR0WYOW2XO.jpg"}, "homeCity": "Jakarta Selatan, Jakarta", "lists": {"groups": [{"items": [], "count": 2, "type": "created"}]}}, {"tips": {"count": 0}, "contact": {}, "firstName": "popchips", "gender": "none", "id": "1090677", "bio": "", "photo": {"prefix": "https://igx.4sqi.net/img/user/", "suffix": "/TFCYFVDI3BCRT2YB.jpg"}, "homeCity": "San Francisco, CA", "lists": {"groups": [{"items": [], "count": 2, "type": "created"}]}}, {"tips": {"count": 0}, "contact": {}, "firstName": "'eqha", "gender": "female", "lastName": "Julia Anggraini'", "id": "51105541", "bio": "", "photo": {"prefix": "https://igx.4sqi.net/img/user/", "suffix": "/blank_girl.png", "default": true}, "homeCity": "Jakarta, 04", "lists": {"groups": [{"items": [], "count": 2, "type": "created"}]}}, {"tips": {"count": 1}, "contact": {"facebook": "1435025576"}, "firstName": "tanto", "gender": "male", "lastName": "is me", "id": "4883870", "bio": "", "photo": {"prefix": "https://igx.4sqi.net/img/user/", "suffix": "/BUSLSERYLUSRSQMV.jpg"}, "homeCity": "Jakarta, Indonesia", "lists": {"groups": [{"items": [], "count": 2, "type": "created"}]}}, {"superuser": 4, "tips": {"count": 155}, "contact": {"twitter": "philipb4", "facebook": "793203311"}, "firstName": "Philip", "gender": "male", "lastName": "Brookes", "id": "263244", "bio": "Unfairly accused of being a caffeine addict; and passionate about poverty relief in Philippines & SE Asia", "photo": {"prefix": "https://igx.4sqi.net/img/user/", "suffix": "/263244-YVLCN0KTLM0HTM0B.jpg"}, "homeCity": "Lucena City, Philippines", "lists": {"groups": [{"items": [], "count": 4, "type": "created"}]}}, {"tips": {"count": 23}, "contact": {"twitter": "turismomadrid"}, "firstName": "Turismo", "gender": "none", "lastName": "Madrid", "id": "418809", "bio": "", "photo": {"prefix": "https://igx.4sqi.net/img/user/", "suffix": "/HX5ORWV1VTYIOJKC.jpg"}, "homeCity": "Madrid, Spain", "lists": {"groups": [{"items": [], "count": 2, "type": "created"}]}}, {"tips": {"count": 0}, "contact": {"twitter": "edithion", "facebook": "722483385"}, "firstName": "edith", "gender": "male", "lastName": "ernest", "id": "350438", "bio": "", "photo": {"prefix": "https://igx.4sqi.net/img/user/", "suffix": "/WPVKKQVRJELB5UAZ.jpg"}, "homeCity": "Jakarta Capital Region, Jakarta Capital Regi", "lists": {"groups": [{"items": [], "count": 2, "type": "created"}]}}, {"tips": {"count": 1}, "contact": {"twitter": "rahul286", "facebook": "100000508523060"}, "firstName": "Rahul", "gender": "male", "lastName": "Bansal", "id": "1328551", "bio": "", "photo": {"prefix": "https://igx.4sqi.net/img/user/", "suffix": "/RAPBIPSIY5H0UGVC.jpg"}, "homeCity": "Pune, Maharashtra", "lists": {"groups": [{"items": [], "count": 2, "type": "created"}]}}, {"tips": {"count": 7}, "contact": {}, "firstName": "Sianne A", "gender": "female", "id": "1347570", "bio": "", "photo": {"prefix": "https://igx.4sqi.net/img/user/", "suffix": "/LWBHXGMZWZUUDA1X.jpg"}, "homeCity": "Jakarta Capital Region, Jakarta Capital Regi", "lists": {"groups": [{"items": [], "count": 2, "type": "created"}]}}, {"tips": {"count": 2}, "contact": {"twitter": "fajarjasmin", "facebook": "1139869124"}, "firstName": "Fajar", "gender": "male", "lastName": "Jasmin", "id": "520695", "bio": "", "photo": {"prefix": "https://igx.4sqi.net/img/user/", "suffix": "/0YHPRUJIEE3XD3H5.jpg"}, "homeCity": "Jakarta, Indonesia", "lists": {"groups": [{"items": [], "count": 2, "type": "created"}]}}, {"tips": {"count": 30}, "contact": {"twitter": "sayajoris", "facebook": "581007839"}, "firstName": "Joris", "gender": "male", "lastName": "Satyadharma", "id": "245205", "bio": "", "photo": {"prefix": "https://igx.4sqi.net/img/user/", "suffix": "/245205-T4KTKMQW1JRYIKJX.jpg"}, "homeCity": "Jakarta Capital Region, Jakarta Capital Regi", "lists": {"groups": [{"items": [], "count": 11, "type": "created"}]}}, {"tips": {"count": 0}, "contact": {"twitter": "wahyu_kentjana", "facebook": "623868568"}, "firstName": "wahyu", "gender": "male", "lastName": "kentjana", "id": "5448293", "bio": "", "photo": {"prefix": "https://igx.4sqi.net/img/user/", "suffix": "/5LMSPVENAFQGKPAV.jpg"}, "homeCity": "Jakarta, Indonesia", "lists": {"groups": [{"items": [], "count": 2, "type": "created"}]}}, {"tips": {"count": 8}, "contact": {"twitter": "ronggo_sibogel", "facebook": "1239626793"}, "firstName": "Ronggo", "gender": "male", "lastName": "Gel", "id": "1804697", "bio": "", "photo": {"prefix": "https://igx.4sqi.net/img/user/", "suffix": "/S2JOCP3Q1FXWTOKJ.jpg"}, "homeCity": "Jakarta", "lists": {"groups": [{"items": [], "count": 3, "type": "created"}]}}, {"tips": {"count": 1}, "contact": {"twitter": "murnahan", "facebook": "1222082587"}, "firstName": "Mark Aaron", "gender": "male", "lastName": "Murnahan", "id": "651029", "bio": "Owner/Chef at Mad Eliza's Cakes & Confections", "photo": {"prefix": "https://igx.4sqi.net/img/user/", "suffix": "/-44PREIXNZ2OHEYPU.jpg"}, "homeCity": "Topeka, KS", "lists": {"groups": [{"items": [], "count": 2, "type": "created"}]}}, {"tips": {"count": 13}, "contact": {"twitter": "daghostprod", "facebook": "1637209381"}, "firstName": "Pascal", "gender": "male", "lastName": "Cataye", "id": "444097", "bio": "", "photo": {"prefix": "https://igx.4sqi.net/img/user/", "suffix": "/O5LOYVUV0HESOTJY.jpg"}, "homeCity": "Nice, Provence-Alpes-C\u00f4te", "lists": {"groups": [{"items": [], "count": 8, "type": "created"}]}}, {"tips": {"count": 15}, "contact": {"twitter": "brianmitre", "facebook": "1038652249"}, "firstName": "Brian", "gender": "male", "lastName": "Mitre", "id": "2300153", "bio": "", "photo": {"prefix": "https://igx.4sqi.net/img/user/", "suffix": "/KA4ULLYWF4XLLZRS.jpg"}, "homeCity": "Santa Maria, CA - Seattle, WA", "lists": {"groups": [{"items": [], "count": 2, "type": "created"}]}}, {"tips": {"count": 1}, "contact": {"twitter": "astonmartin"}, "firstName": "Aston", "gender": "none", "lastName": "Martin", "id": "748954", "bio": "", "photo": {"prefix": "https://igx.4sqi.net/img/user/", "suffix": "/ZPC21HPJUTOZQRJQ.jpg"}, "homeCity": "Gaydon, UK", "lists": {"groups": [{"items": [], "count": 2, "type": "created"}]}}, {"tips": {"count": 4}, "contact": {"twitter": "rowdyfatha", "facebook": "10209162302563817"}, "firstName": "Rowdy", "gender": "male", "lastName": "Fatha", "id": "329043", "bio": "", "photo": {"prefix": "https://igx.4sqi.net/img/user/", "suffix": "/XREHGBAMJ03DPE3F.jpg"}, "homeCity": "Jakarta, Indonesia", "lists": {"groups": [{"items": [], "count": 2, "type": "created"}]}}, {"tips": {"count": 5}, "contact": {}, "firstName": "Indra", "gender": "male", "lastName": "Perdana", "id": "596326", "bio": "", "photo": {"prefix": "https://igx.4sqi.net/img/user/", "suffix": "/GTTYTJBA0R3MWXZP.jpg"}, "homeCity": "Bandung Regency, West Java", "lists": {"groups": [{"items": [], "count": 2, "type": "created"}]}}, {"tips": {"count": 13}, "contact": {}, "firstName": "Thriving Ivory", "gender": "none", "id": "10834", "bio": "", "photo": {"prefix": "https://igx.4sqi.net/img/user/", "suffix": "/10834_1239745459.jpg"}, "homeCity": "Levittown, NY", "lists": {"groups": [{"items": [], "count": 2, "type": "created"}]}}, {"superuser": 1, "tips": {"count": 40}, "contact": {"twitter": "nileshbabu", "facebook": "1038039576"}, "firstName": "Nilesh", "gender": "male", "lastName": "Babu", "id": "157498", "bio": "", "photo": {"prefix": "https://igx.4sqi.net/img/user/", "suffix": "/ZC4ZEUMPXYXHMVIS.jpg"}, "homeCity": "Penang, Malaysia", "lists": {"groups": [{"items": [], "count": 4, "type": "created"}]}}, {"tips": {"count": 0}, "contact": {"twitter": "irinadewi"}, "firstName": "irinadewi", "gender": "female", "id": "787285", "bio": "", "photo": {"prefix": "https://igx.4sqi.net/img/user/", "suffix": "/JTII505LGGXNMZAM.jpg"}, "homeCity": "Jakarta", "lists": {"groups": [{"items": [], "count": 2, "type": "created"}]}}, {"tips": {"count": 2}, "contact": {}, "firstName": "dajjal reloaded inc.", "gender": "male", "id": "2439532", "bio": "BBM: 75F16165", "photo": {"prefix": "https://igx.4sqi.net/img/user/", "suffix": "/2439532-GH4VZZIT04W1WM0B.jpg"}, "homeCity": "", "lists": {"groups": [{"items": [], "count": 2, "type": "created"}]}}, {"tips": {"count": 11}, "contact": {"twitter": "kristupa", "facebook": "10155373423601663"}, "firstName": "Kristupa", "gender": "male", "lastName": "Saragih", "id": "584937", "bio": "", "photo": {"prefix": "https://igx.4sqi.net/img/user/", "suffix": "/HIAQUG4CZBJ2COP5.jpg"}, "homeCity": "Jakarta", "lists": {"groups": [{"items": [], "count": 2, "type": "created"}]}}, {"tips": {"count": 0}, "contact": {}, "firstName": "Jovito", "gender": "male", "lastName": "Colin", "id": "1125491", "bio": "", "photo": {"prefix": "https://igx.4sqi.net/img/user/", "suffix": "/1PRIXLLABZHVA00I.jpg"}, "homeCity": "Jakarta, Indonesia", "lists": {"groups": [{"items": [], "count": 2, "type": "created"}]}}, {"tips": {"count": 1}, "contact": {"twitter": "princessgadisa", "facebook": "1460288403"}, "firstName": "Nurlita Gadisa", "gender": "female", "lastName": "Rahmadhani", "id": "1032990", "bio": "", "photo": {"prefix": "https://igx.4sqi.net/img/user/", "suffix": "/2ASDB5EGARHCXMB4.jpg"}, "homeCity": "Wonosari, Yogyakarta", "lists": {"groups": [{"items": [], "count": 2, "type": "created"}]}}, {"tips": {"count": 2}, "contact": {"twitter": "inezent", "facebook": "1639336248"}, "firstName": "inezent", "gender": "female", "id": "1095422", "bio": "", "photo": {"prefix": "https://igx.4sqi.net/img/user/", "suffix": "/YDBO2YR41IC30ODP.jpg"}, "homeCity": "Jakarta, Indonesia", "lists": {"groups": [{"items": [], "count": 3, "type": "created"}]}}, {"tips": {"count": 0}, "contact": {}, "firstName": "Jovarel", "gender": "male", "lastName": "Callum", "id": "6213908", "bio": "", "photo": {"prefix": "https://igx.4sqi.net/img/user/", "suffix": "/FVJRGCGBVBCJ30VR.jpg"}, "homeCity": "Indonesia", "lists": {"groups": [{"items": [], "count": 2, "type": "created"}]}}, {"tips": {"count": 0}, "contact": {}, "firstName": "Kirana", "gender": "female", "id": "4527348", "bio": "", "photo": {"prefix": "https://igx.4sqi.net/img/user/", "suffix": "/blank_girl.png", "default": true}, "homeCity": "Jakarta, Indonesia", "lists": {"groups": [{"items": [], "count": 2, "type": "created"}]}}, {"tips": {"count": 14}, "contact": {}, "firstName": "\u00df\u0153d\u01d0", "gender": "male", "lastName": "\u01a4r\u00e3s\u00ea\u0288\u024f\u00f8", "id": "3516946", "bio": "", "photo": {"prefix": "https://igx.4sqi.net/img/user/", "suffix": "/-EHDCAVJLR4DGZLVI.jpg"}, "homeCity": "Malang -  Indonesia", "lists": {"groups": [{"items": [], "count": 4, "type": "created"}]}}, {"tips": {"count": 11}, "contact": {"twitter": "hey_ai", "facebook": "560899124"}, "firstName": "hey_Ai", "gender": "male", "id": "1239018", "bio": "Young.. Wild.. n Crazy :|", "photo": {"prefix": "https://igx.4sqi.net/img/user/", "suffix": "/1239018-UCTLPOQW4QYH3ILA.jpg"}, "homeCity": "New York, NY", "lists": {"groups": [{"items": [], "count": 2, "type": "created"}]}}, {"tips": {"count": 0}, "contact": {"twitter": "delonlim", "facebook": "687972607"}, "firstName": "Delon", "gender": "none", "lastName": "Lim", "id": "4380613", "bio": "", "photo": {"prefix": "https://igx.4sqi.net/img/user/", "suffix": "/4380613-0FK5X2U3GIF12MJE.jpg"}, "homeCity": "New York, NY", "lists": {"groups": [{"items": [], "count": 2, "type": "created"}]}}, {"tips": {"count": 101}, "contact": {"twitter": "dqey"}, "firstName": "Deekey \u30c7\u30a4\u30c4\u30ad\u30fc", "gender": "male", "lastName": "Amiriz \u3042\u307f\u30ea\u30ba", "id": "1348747", "bio": "Follow @dqey\r\nLine ID dickyamiriz \r\n2ABCB99D \r\nEazy going - peace maker - love smart people", "photo": {"prefix": "https://igx.4sqi.net/img/user/", "suffix": "/1348747_fHJ8GxEn_dWP-oXAbRTsVPsREocBWECLsj42gyF3MuGG2q9uBC5HOYuPCKXE5RYZdxaZmUrdx.jpg"}, "homeCity": "Jkt - Bdg \u4e16\u754c \u8a71\u3059\u50d5 \u306e \u5bb6\u3002\u3002", "lists": {"groups": [{"items": [], "count": 2, "type": "created"}]}}, {"tips": {"count": 88}, "contact": {}, "firstName": "ArdyS", "gender": "male", "id": "535751", "bio": "Love to see 4sq tidy, neat and organized.", "photo": {"prefix": "https://igx.4sqi.net/img/user/", "suffix": "/535751-0CRWM1UQWKTZ2FAM.jpg"}, "homeCity": "Jakarta, Indonesia", "lists": {"groups": [{"items": [], "count": 5, "type": "created"}]}}, {"tips": {"count": 2}, "contact": {}, "firstName": "FRICO", "gender": "male", "lastName": "cico", "id": "1426399", "bio": "..a ZeroMindThinker&OldSoul who spend most of the time to do Releasing.. | ..a trully HOTELIER and IT g33k who living 24/7 as a Pro-Consultant in this 2 field..", "photo": {"prefix": "https://igx.4sqi.net/img/user/", "suffix": "/SPR0Z3BN34OTKPBY.jpg"}, "homeCity": "Jakarta, Indonesia", "lists": {"groups": [{"items": [], "count": 2, "type": "created"}]}}, {"tips": {"count": 0}, "contact": {}, "firstName": "Doly Iqbal (Tapanuli Selatan)", "gender": "male", "lastName": "http://bit.ly/JFFdol", "id": "5450796", "bio": "Pin BB: 29C288A4", "photo": {"prefix": "https://igx.4sqi.net/img/user/", "suffix": "/IHKWOIB0OCQFM1F3.png"}, "homeCity": "Tapanuli Selatan, Sumatera Utara", "lists": {"groups": [{"items": [], "count": 2, "type": "created"}]}}, {"tips": {"count": 3}, "contact": {"twitter": "pelangicell", "facebook": "1434514967"}, "firstName": "Yanto", "gender": "male", "lastName": "Alexander", "id": "1805940", "bio": "", "photo": {"prefix": "https://igx.4sqi.net/img/user/", "suffix": "/WEJYMQQOC5PSBDBP.jpg"}, "homeCity": "new york", "lists": {"groups": [{"items": [], "count": 2, "type": "created"}]}}, {"tips": {"count": 19}, "contact": {"twitter": "rocevermag", "facebook": "1483695381"}, "firstName": "EVER", "gender": "male", "lastName": "Magazine", "id": "1160738", "bio": "www.lemagazineever.com", "photo": {"prefix": "https://igx.4sqi.net/img/user/", "suffix": "/KXFAGGJG5QSLA5OW.jpg"}, "homeCity": "Paris, France", "lists": {"groups": [{"items": [], "count": 4, "type": "created"}]}}, {"tips": {"count": 17}, "contact": {"twitter": "denisevonparis", "facebook": "561501451"}, "firstName": "Denise", "gender": "female", "lastName": "Von Paris", "id": "460772", "bio": "An Unique Woman Born in Tasikmalaya \u265b Live in Paris \u265b Love in The World \u265b Green is My Virtue \u2654 Escort of Good Life \u265b Dare to Dreams \u265b Sugar Lover", "photo": {"prefix": "https://igx.4sqi.net/img/user/", "suffix": "/460772-JA2ARSCR3MUYEG3O.jpg"}, "homeCity": "Paris", "lists": {"groups": [{"items": [], "count": 5, "type": "created"}]}}, {"tips": {"count": 19}, "contact": {"twitter": "mrwewe", "facebook": "697455141"}, "firstName": "Andrian", "gender": "male", "lastName": "Teovilo", "id": "755884", "bio": "", "photo": {"prefix": "https://igx.4sqi.net/img/user/", "suffix": "/DOM2Q3O3EMXWBI35.jpg"}, "homeCity": "Jakarta", "lists": {"groups": [{"items": [], "count": 2, "type": "created"}]}}, {"tips": {"count": 13}, "contact": {"twitter": "darkvadr", "facebook": "885570044"}, "firstName": "Ken Anishh", "gender": "male", "lastName": "Anand", "id": "334378", "bio": "turning 17yrs old after what feels like an eternity! 17 yrs old 4 10+ yrs comes 2 an end!", "photo": {"prefix": "https://igx.4sqi.net/img/user/", "suffix": "/Y2KDJ5I4P55X5M0F.jpg"}, "homeCity": "Bangalore, Karnataka", "lists": {"groups": [{"items": [], "count": 2, "type": "created"}]}}, {"tips": {"count": 14}, "contact": {"twitter": "ilovereggae", "facebook": "1448739867"}, "firstName": "Manuel", "gender": "male", "lastName": "Roxas", "id": "704447", "bio": "", "photo": {"prefix": "https://igx.4sqi.net/img/user/", "suffix": "/0NBPHNYYLPDMZLAO.jpg"}, "homeCity": "Milpitas, CA", "lists": {"groups": [{"items": [], "count": 2, "type": "created"}]}}, {"tips": {"count": 18}, "contact": {"twitter": "mahadewa", "facebook": "511548965"}, "firstName": "Chris", "gender": "male", "lastName": "Prakoso", "id": "60413", "bio": "", "photo": {"prefix": "https://igx.4sqi.net/img/user/", "suffix": "/60413-PSQ4TBIYK405DBWL.jpg"}, "homeCity": "London, UK", "lists": {"groups": [{"items": [], "count": 2, "type": "created"}]}}, {"tips": {"count": 4}, "contact": {}, "firstName": "Frank", "gender": "male", "lastName": "Y.", "id": "828666", "bio": "", "photo": {"prefix": "https://igx.4sqi.net/img/user/", "suffix": "/0YICXZCDJ4E0E4OK.jpg"}, "homeCity": "New York, NY", "lists": {"groups": [{"items": [], "count": 8, "type": "created"}]}}, {"tips": {"count": 29}, "contact": {"twitter": "imageunlimited", "facebook": "1042633571"}, "firstName": "Image Unlimited", "gender": "none", "lastName": "Comm", "id": "853791", "bio": "", "photo": {"prefix": "https://igx.4sqi.net/img/user/", "suffix": "/853791-A2MJLFRGWFYHHVIO.jpg"}, "homeCity": "Boston, MA", "lists": {"groups": [{"items": [], "count": 2, "type": "created"}]}}, {"tips": {"count": 21}, "contact": {"twitter": "sonytone"}, "firstName": "Shrenik", "gender": "male", "lastName": "Vikam", "id": "2500127", "bio": "", "photo": {"prefix": "https://igx.4sqi.net/img/user/", "suffix": "/C1IEHZLDIZRKJSYI.jpg"}, "homeCity": "Pune, India", "lists": {"groups": [{"items": [], "count": 2, "type": "created"}]}}, {"tips": {"count": 46}, "contact": {"twitter": "sport_chalet", "facebook": "532556190"}, "firstName": "Sport Chalet", "gender": "none", "id": "911652", "bio": "", "photo": {"prefix": "https://igx.4sqi.net/img/user/", "suffix": "/NEHJLD4LSAVI4DVU.jpg"}, "homeCity": "La Canada Flintridge, CA", "lists": {"groups": [{"items": [], "count": 2, "type": "created"}]}}, {"tips": {"count": 8}, "contact": {}, "firstName": "Josu", "gender": "male", "lastName": "Joss", "id": "30191387", "bio": "BB Pin 26B21477", "photo": {"prefix": "https://igx.4sqi.net/img/user/", "suffix": "/XMOC53GMVBUYV1BH.jpg"}, "homeCity": "Medan-Pem siantar-Ranto prapat, Sumatera Utara INDONESIA", "lists": {"groups": [{"items": [], "count": 2, "type": "created"}]}}, {"tips": {"count": 0}, "contact": {"twitter": "sitanursanti"}, "firstName": "Sita", "gender": "female", "lastName": "Nursanti", "id": "1042432", "bio": "", "photo": {"prefix": "https://igx.4sqi.net/img/user/", "suffix": "/QXS3KXPD3FX5LX30.jpg"}, "homeCity": "Badung, Bali", "lists": {"groups": [{"items": [], "count": 2, "type": "created"}]}}, {"tips": {"count": 7}, "contact": {"twitter": "lifejoy", "facebook": "10152863871993451"}, "firstName": "Lifejoy", "gender": "male", "id": "1355517", "bio": "", "photo": {"prefix": "https://igx.4sqi.net/img/user/", "suffix": "/TKN5DZ4LHAMNGBRS.jpg"}, "homeCity": "Jakarta, Indonesia", "lists": {"groups": [{"items": [], "count": 4, "type": "created"}]}}, {"tips": {"count": 0}, "contact": {"facebook": "1824614892"}, "firstName": "Nancy", "gender": "female", "lastName": "Kwok", "id": "8106456", "bio": "", "photo": {"prefix": "https://igx.4sqi.net/img/user/", "suffix": "/HAHYU001UGQASEVP.jpg"}, "homeCity": "Gajah Mada, Jakarta", "lists": {"groups": [{"items": [], "count": 2, "type": "created"}]}}, {"tips": {"count": 0}, "contact": {}, "firstName": "Vicky", "gender": "female", "lastName": "Dalton", "id": "6983523", "bio": "", "photo": {"prefix": "https://igx.4sqi.net/img/user/", "suffix": "/3GWUGIRBOOVH5J5E.jpg"}, "homeCity": "Dayton, OH", "lists": {"groups": [{"items": [], "count": 2, "type": "created"}]}}, {"tips": {"count": 0}, "contact": {"twitter": "michisboy", "facebook": "10203453342294845"}, "firstName": "Michael", "gender": "male", "lastName": "Iskandar", "id": "37235701", "bio": "", "photo": {"prefix": "https://igx.4sqi.net/img/user/", "suffix": "/TSSS2WZFD3HSHCK1.jpg"}, "homeCity": "Jakarta Raya", "lists": {"groups": [{"items": [], "count": 2, "type": "created"}]}}, {"tips": {"count": 2}, "contact": {"twitter": "intanputrihalim"}, "firstName": "intan", "gender": "female", "lastName": "halim", "id": "6624443", "bio": "", "photo": {"prefix": "https://igx.4sqi.net/img/user/", "suffix": "/ARI4AC2NNXOUTHF1.jpg"}, "homeCity": "Beijing, China", "lists": {"groups": [{"items": [], "count": 2, "type": "created"}]}}, {"tips": {"count": 1}, "contact": {"facebook": "835916181"}, "firstName": "cj", "gender": "female", "lastName": "siregar", "id": "7497868", "bio": "", "photo": {"prefix": "https://igx.4sqi.net/img/user/", "suffix": "/R0BG4NHG0V0WZMHY.jpg"}, "homeCity": "Indonesia", "lists": {"groups": [{"items": [], "count": 2, "type": "created"}]}}, {"tips": {"count": 1}, "contact": {"twitter": "chulap1"}, "firstName": "EL", "gender": "male", "lastName": "Erawan", "id": "4269938", "bio": "How much of a good thing is too much of a good thing?", "photo": {"prefix": "https://igx.4sqi.net/img/user/", "suffix": "/5LQTNWAQYNYSUP21.jpg"}, "homeCity": "New York, NY", "lists": {"groups": [{"items": [], "count": 2, "type": "created"}]}}, {"tips": {"count": 18}, "contact": {}, "firstName": "Silverius", "gender": "male", "lastName": "SanPo", "id": "1380933", "bio": "", "photo": {"prefix": "https://igx.4sqi.net/img/user/", "suffix": "/1380933-TUY23E2WNECNIIQS.jpg"}, "homeCity": "Jakarta Capital Region, Jakarta Capital Regi", "lists": {"groups": [{"items": [], "count": 3, "type": "created"}]}}, {"tips": {"count": 7}, "contact": {"twitter": "welkyp", "facebook": "661967619"}, "firstName": "Welky", "gender": "male", "lastName": "Pakpahan", "id": "1431401", "bio": "", "photo": {"prefix": "https://igx.4sqi.net/img/user/", "suffix": "/1431401_F37SFFKV_XoCMArKJY-JIQlzB1qOtEeBArRumAqOJoBy7l8F8xAuPdZ3aaMjl6XjnRa2GEBql.jpg"}, "homeCity": "Jakarta Capital Region, Jakarta Capital Regi", "lists": {"groups": [{"items": [], "count": 3, "type": "created"}]}}, {"tips": {"count": 0}, "contact": {"twitter": "exabytesbuddies"}, "firstName": "The Gang of Exabytes", "gender": "none", "id": "5504021", "bio": "", "photo": {"prefix": "https://igx.4sqi.net/img/user/", "suffix": "/AVJKZAD44WLK42NR.jpg"}, "homeCity": "Pulau Pinang, Malaysia", "lists": {"groups": [{"items": [], "count": 2, "type": "created"}]}}, {"tips": {"count": 37}, "contact": {"twitter": "noelmanz", "facebook": "100002622594747"}, "firstName": "Z.", "gender": "male", "lastName": "ILMI", "id": "1860589", "bio": "", "photo": {"prefix": "https://igx.4sqi.net/img/user/", "suffix": "/1860589-ZAJ2HQ5SCX3ZICQU.jpg"}, "homeCity": "Surabaya, Jawa Timur", "lists": {"groups": [{"items": [], "count": 2, "type": "created"}]}}, {"tips": {"count": 0}, "contact": {}, "firstName": "IWhisper", "gender": "female", "id": "1165840", "bio": "", "photo": {"prefix": "https://igx.4sqi.net/img/user/", "suffix": "/MM4G1BXPCTXW4XQI.gif"}, "homeCity": "HK", "lists": {"groups": [{"items": [], "count": 2, "type": "created"}]}}, {"tips": {"count": 10}, "contact": {"twitter": "heffnernyc", "facebook": "100008238497464"}, "firstName": "Jeff", "gender": "male", "lastName": "Mack", "id": "2203492", "bio": "City Life! #NYC Instagram @Jeffmack", "photo": {"prefix": "https://igx.4sqi.net/img/user/", "suffix": "/2203492-LXOGR3HVWWECGSOR.jpg"}, "homeCity": "New York, NY", "lists": {"groups": [{"items": [], "count": 2, "type": "created"}]}}, {"tips": {"count": 21}, "contact": {}, "firstName": "@Jumperrzz@", "gender": "male", "id": "1742081", "bio": "", "photo": {"prefix": "https://igx.4sqi.net/img/user/", "suffix": "/Y0KNE2004BT0Z3AK.jpg"}, "homeCity": "New York", "lists": {"groups": [{"items": [], "count": 2, "type": "created"}]}}, {"tips": {"count": 2}, "contact": {"twitter": "meidyar"}, "firstName": "Meidya", "gender": "female", "id": "992177", "bio": "Eat Pray Love", "photo": {"prefix": "https://igx.4sqi.net/img/user/", "suffix": "/992177-3WFJL50C11D5QKAH.jpg"}, "homeCity": "Jakarta", "lists": {"groups": [{"items": [], "count": 2, "type": "created"}]}}, {"tips": {"count": 0}, "contact": {}, "firstName": "Jeany", "gender": "female", "lastName": "Adeleida", "id": "1777830", "bio": "", "photo": {"prefix": "https://igx.4sqi.net/img/user/", "suffix": "/02404NLHYFXCJ1O5.jpg"}, "homeCity": "South East Asia", "lists": {"groups": [{"items": [], "count": 2, "type": "created"}]}}, {"tips": {"count": 192}, "contact": {"twitter": "visitloraincnty"}, "firstName": "Visit Lorain County", "gender": "none", "id": "114790", "bio": "All about Lorain County, OH. Lake Erie is in our nature.", "photo": {"prefix": "https://igx.4sqi.net/img/user/", "suffix": "/FYWVSYOV40GNWQFD.jpg"}, "homeCity": "Lorain, OH", "lists": {"groups": [{"items": [], "count": 2, "type": "created"}]}}, {"tips": {"count": 0}, "contact": {"twitter": "atikadwiadrian", "facebook": "100001768523879"}, "firstName": "Atika", "gender": "female", "lastName": "Adrian", "id": "1758030", "bio": "", "photo": {"prefix": "https://igx.4sqi.net/img/user/", "suffix": "/NTS1AVL5NFRZ3Y14.jpg"}, "homeCity": "Depok, Jawa barat", "lists": {"groups": [{"items": [], "count": 2, "type": "created"}]}}, {"tips": {"count": 51}, "contact": {"twitter": "vegaschatter", "facebook": "534216957"}, "firstName": "VegasChatter", "gender": "none", "id": "891106", "bio": "", "photo": {"prefix": "https://igx.4sqi.net/img/user/", "suffix": "/UX5ZVMXCFR213ITA.jpg"}, "homeCity": "Las Vegas, NV", "lists": {"groups": [{"items": [], "count": 2, "type": "created"}]}}, {"tips": {"count": 0}, "contact": {"twitter": "alvinnkristiann"}, "firstName": "Alvin", "gender": "male", "lastName": "Kristian", "id": "2550893", "bio": "", "photo": {"prefix": "https://igx.4sqi.net/img/user/", "suffix": "/N111DLEEUCW1K5NZ.jpg"}, "homeCity": "Jakarta, Indonesia", "lists": {"groups": [{"items": [], "count": 2, "type": "created"}]}}, {"tips": {"count": 42}, "contact": {}, "firstName": "cuma", "gender": "male", "lastName": "Tony", "id": "2100858", "bio": "", "photo": {"prefix": "https://igx.4sqi.net/img/user/", "suffix": "/CQ2UNFJJRMPMOUA2.jpg"}, "homeCity": "Jakarta", "lists": {"groups": [{"items": [], "count": 6, "type": "created"}]}}, {"tips": {"count": 53}, "contact": {}, "firstName": "VisitSyracuse", "gender": "none", "id": "1482754", "bio": "", "photo": {"prefix": "https://igx.4sqi.net/img/user/", "suffix": "/HCB2OSV4PKDVQ2JQ.jpg"}, "homeCity": "Syracuse, New York", "lists": {"groups": [{"items": [], "count": 3, "type": "created"}]}}, {"tips": {"count": 1}, "contact": {"twitter": "yuraadip", "facebook": "1007317711"}, "firstName": "Yura Adi P", "gender": "male", "id": "1359136", "bio": "", "photo": {"prefix": "https://igx.4sqi.net/img/user/", "suffix": "/4UQ0IYX210XRELUD.jpg"}, "homeCity": "New York, NY", "lists": {"groups": [{"items": [], "count": 2, "type": "created"}]}}, {"tips": {"count": 0}, "contact": {}, "firstName": "Jho", "gender": "male", "lastName": "Ryunory", "id": "12578518", "bio": "", "photo": {"prefix": "https://igx.4sqi.net/img/user/", "suffix": "/ARYGPAO35AF1C3GN.jpg"}, "homeCity": "NY", "lists": {"groups": [{"items": [], "count": 2, "type": "created"}]}}, {"tips": {"count": 0}, "contact": {"twitter": "fandy_tanring", "facebook": "100001059196529"}, "firstName": "Fandy", "gender": "male", "lastName": "Tanring", "id": "7001240", "bio": "", "photo": {"prefix": "https://igx.4sqi.net/img/user/", "suffix": "/7001240-UO5OSHJP0Y01F3I0.jpg"}, "homeCity": "Indonesia", "lists": {"groups": [{"items": [], "count": 3, "type": "created"}]}}, {"tips": {"count": 0}, "contact": {"twitter": "doli_ajah", "facebook": "100000342134731"}, "firstName": "doly", "gender": "male", "lastName": "parton", "id": "19318010", "bio": "Hidup mandiri dan menerima apa adanya", "photo": {"prefix": "https://igx.4sqi.net/img/user/", "suffix": "/19318010-NEZXLJU3KAWEIAH0.jpg"}, "homeCity": "Jakarta, Indonesia", "lists": {"groups": [{"items": [], "count": 3, "type": "created"}]}}, {"tips": {"count": 0}, "contact": {"twitter": "coboy_69"}, "firstName": "coboy", "gender": "male", "lastName": "enamsembilan", "id": "7694970", "bio": "", "photo": {"prefix": "https://igx.4sqi.net/img/user/", "suffix": "/SMRUCQUGQMAQZDKQ.jpg"}, "homeCity": "Jakarta, Indonesia", "lists": {"groups": [{"items": [], "count": 2, "type": "created"}]}}, {"tips": {"count": 17}, "contact": {"twitter": "wanvtec_ujump"}, "firstName": "wan", "gender": "male", "lastName": "A", "id": "5282079", "bio": "", "photo": {"prefix": "https://igx.4sqi.net/img/user/", "suffix": "/P0KCFXHOJDQEIZOY.jpg"}, "homeCity": "New York NY", "lists": {"groups": [{"items": [], "count": 2, "type": "created"}]}}, {"tips": {"count": 3}, "contact": {"twitter": "bunnyxunxun", "facebook": "1001060348"}, "firstName": "Sudarman", "gender": "male", "lastName": "SE", "id": "1381073", "bio": "", "photo": {"prefix": "https://igx.4sqi.net/img/user/", "suffix": "/H3V3LZAA253O5WBP.jpg"}, "homeCity": "South Jakarta, Jakarta Capital Regi", "lists": {"groups": [{"items": [], "count": 2, "type": "created"}]}}, {"tips": {"count": 3}, "contact": {"twitter": "ddits", "facebook": "100001416097177"}, "firstName": "Didit", "gender": "male", "lastName": "Yudistira", "id": "1433685", "bio": "", "photo": {"prefix": "https://igx.4sqi.net/img/user/", "suffix": "/SOLMVH5D350R2SXP.jpg"}, "homeCity": "Anywhere ...", "lists": {"groups": [{"items": [], "count": 2, "type": "created"}]}}, {"tips": {"count": 27}, "contact": {"facebook": "1641653833"}, "firstName": "Ayah Rafa", "gender": "male", "id": "5543546", "bio": "", "photo": {"prefix": "https://igx.4sqi.net/img/user/", "suffix": "/Z0JITMFD1ODETN1T.jpg"}, "homeCity": "Jakarta, Indonesia", "lists": {"groups": [{"items": [], "count": 2, "type": "created"}]}}, {"tips": {"count": 15}, "contact": {"twitter": "prabowie", "facebook": "100000056527977"}, "firstName": "Bowie", "gender": "male", "lastName": "Prabowie", "id": "1860622", "bio": "", "photo": {"prefix": "https://igx.4sqi.net/img/user/", "suffix": "/QHLXJRPNZLJQSAES.jpg"}, "homeCity": "Jakarta, Indonesia", "lists": {"groups": [{"items": [], "count": 2, "type": "created"}]}}, {"tips": {"count": 2}, "contact": {}, "firstName": "Antony", "gender": "male", "lastName": "Purnama", "id": "1576283", "bio": "", "photo": {"prefix": "https://igx.4sqi.net/img/user/", "suffix": "/1576283-PLYXW431G40OAFPE.jpg"}, "homeCity": "", "lists": {"groups": [{"items": [], "count": 2, "type": "created"}]}}, {"tips": {"count": 3}, "contact": {}, "firstName": "Daya", "gender": "male", "id": "2375416", "bio": "", "photo": {"prefix": "https://igx.4sqi.net/img/user/", "suffix": "/2375416-X0B0OIPNTFIEZISE.jpg"}, "homeCity": "Bandung, Jawa Barat", "lists": {"groups": [{"items": [], "count": 2, "type": "created"}]}}, {"tips": {"count": 0}, "contact": {"twitter": "faezhaizom5585", "facebook": "1590429442"}, "firstName": "Faez", "gender": "male", "lastName": "Haizom", "id": "3479158", "bio": "\ue50e\ue047\ue018\ue317DEUTSHER FUSSBALL-BUND\ue50e\ue30c\ue018\ue12a", "photo": {"prefix": "https://igx.4sqi.net/img/user/", "suffix": "/5F0SSM2NJ4X315LC.jpg"}, "homeCity": "Cheras K.L", "lists": {"groups": [{"items": [], "count": 2, "type": "created"}]}}, {"tips": {"count": 20}, "contact": {"twitter": "fannyrahmasari", "facebook": "100001393540578"}, "firstName": "Fanny", "gender": "female", "lastName": "Rahmasari", "id": "1085516", "bio": "", "photo": {"prefix": "https://igx.4sqi.net/img/user/", "suffix": "/0OVFRE111I31XNGU.jpg"}, "homeCity": "Jakarta, Indonesia", "lists": {"groups": [{"items": [], "count": 5, "type": "created"}]}}, {"tips": {"count": 17}, "contact": {"twitter": "hendrokurnia", "facebook": "1003165337"}, "firstName": "Hendro", "gender": "male", "lastName": "Kurnia", "id": "4949146", "bio": "#27 | i'm a Scorpio | HTML | Kaskus Addict | Manchester United | Catcher | 13 My Nice Number | DS My Future", "photo": {"prefix": "https://igx.4sqi.net/img/user/", "suffix": "/4949146-XDAP0NGM52HDHI22.jpg"}, "homeCity": "Bandar Lampung, Indonesia", "lists": {"groups": [{"items": [], "count": 2, "type": "created"}]}}, {"tips": {"count": 13}, "contact": {}, "firstName": "Mok", "gender": "male", "lastName": "Oh", "id": "128508", "bio": "", "photo": {"prefix": "https://igx.4sqi.net/img/user/", "suffix": "/JYQ31F5QDSLSUJJA.jpg"}, "homeCity": "Newton, MA", "lists": {"groups": [{"items": [], "count": 2, "type": "created"}]}}, {"tips": {"count": 4}, "contact": {"facebook": "100000584923215"}, "firstName": "are", "gender": "male", "lastName": "wang", "id": "4408732", "bio": "Jumper", "photo": {"prefix": "https://igx.4sqi.net/img/user/", "suffix": "/NZHPNZXDL0XDHKMI.jpg"}, "homeCity": "Kuala Lumpur, Malaysia", "lists": {"groups": [{"items": [], "count": 2, "type": "created"}]}}, {"tips": {"count": 8}, "contact": {}, "firstName": "Ricky", "gender": "male", "lastName": "Pesik", "id": "895758", "bio": "", "photo": {"prefix": "https://igx.4sqi.net/img/user/", "suffix": "/895758-I4PWYJ2FC1ZPPD51.jpg"}, "homeCity": "Jakarta, Indonesia", "lists": {"groups": [{"items": [], "count": 2, "type": "created"}]}}, {"tips": {"count": 0}, "contact": {}, "firstName": "Leona", "gender": "female", "lastName": "Evelinda", "id": "2552125", "bio": "", "photo": {"prefix": "https://igx.4sqi.net/img/user/", "suffix": "/IF2RLKHWDEMEEMKU.jpg"}, "homeCity": "Jakarta, Indonesia", "lists": {"groups": [{"items": [], "count": 2, "type": "created"}]}}, {"tips": {"count": 1}, "contact": {}, "firstName": "Nico", "gender": "male", "lastName": "Sandy", "id": "31866880", "bio": "", "photo": {"prefix": "https://igx.4sqi.net/img/user/", "suffix": "/SVWK3MD4XFK5J00W.jpg"}, "homeCity": "New York, NY", "lists": {"groups": [{"items": [], "count": 3, "type": "created"}]}}, {"tips": {"count": 4}, "contact": {"twitter": "taufiqsoulz"}, "firstName": "taufiq", "gender": "male", "lastName": "soulz", "id": "1491924", "bio": "", "photo": {"prefix": "https://igx.4sqi.net/img/user/", "suffix": "/2YMGA5YXEBPFULHI.jpg"}, "homeCity": "Los Angeles, CA", "lists": {"groups": [{"items": [], "count": 2, "type": "created"}]}}, {"tips": {"count": 1}, "contact": {"twitter": "pontieshead"}, "firstName": "pontie smith =VT=", "gender": "male", "id": "1361630", "bio": "", "photo": {"prefix": "https://igx.4sqi.net/img/user/", "suffix": "/ATPVMFFUENTZQIQE.jpg"}, "homeCity": "new york", "lists": {"groups": [{"items": [], "count": 3, "type": "created"}]}}, {"tips": {"count": 0}, "contact": {"twitter": "anwarimasatip", "facebook": "100002133952470"}, "firstName": "Anwari", "gender": "male", "lastName": "Masatip", "id": "12623716", "bio": "", "photo": {"prefix": "https://igx.4sqi.net/img/user/", "suffix": "/5GKKV0PXE0NHNEOJ.jpg"}, "homeCity": "Parompong, Indonesia", "lists": {"groups": [{"items": [], "count": 2, "type": "created"}]}}, {"tips": {"count": 1}, "contact": {"facebook": "100000094068911"}, "firstName": "Audris", "gender": "female", "lastName": "Vondrea", "id": "7005701", "bio": "", "photo": {"prefix": "https://igx.4sqi.net/img/user/", "suffix": "/13IO3OBQGJ2YTNE0.jpg"}, "homeCity": "Indonesia", "lists": {"groups": [{"items": [], "count": 2, "type": "created"}]}}, {"tips": {"count": 0}, "contact": {"facebook": "100000130688619"}, "firstName": "Noveria", "gender": "female", "lastName": "Ursula", "id": "26270360", "bio": "", "photo": {"prefix": "https://igx.4sqi.net/img/user/", "suffix": "/UZTJQVSOVMJZJZMM.jpg"}, "homeCity": "Jakarta, Indonesia", "lists": {"groups": [{"items": [], "count": 2, "type": "created"}]}}, {"tips": {"count": 1}, "contact": {"twitter": "deedhonk", "facebook": "1189091851"}, "firstName": "oktavia", "gender": "female", "lastName": "adrianti", "id": "8116270", "bio": "", "photo": {"prefix": "https://igx.4sqi.net/img/user/", "suffix": "/FQQEUSHK5ZNIPAZJ.jpg"}, "homeCity": "Padang, Indonesia", "lists": {"groups": [{"items": [], "count": 2, "type": "created"}]}}, {"tips": {"count": 0}, "contact": {}, "firstName": "Michael", "gender": "male", "lastName": "Yun", "id": "7663496", "bio": "", "photo": {"prefix": "https://igx.4sqi.net/img/user/", "suffix": "/DGDS2BHAU2H3QRFW.jpg"}, "homeCity": "\uc11c\uc6b8\ud2b9\ubcc4\uc2dc, \ub300\ud55c\ubbfc\uad6d", "lists": {"groups": [{"items": [], "count": 2, "type": "created"}]}}, {"tips": {"count": 0}, "contact": {"twitter": "kokorutu", "facebook": "1738530333"}, "firstName": "Isn't", "gender": "male", "lastName": "Kokorutu", "id": "1383599", "bio": "", "photo": {"prefix": "https://igx.4sqi.net/img/user/", "suffix": "/XD4Q3KFYO03QJA4E.jpg"}, "homeCity": "Indonesia", "lists": {"groups": [{"items": [], "count": 2, "type": "created"}]}}, {"tips": {"count": 29}, "contact": {"twitter": "ocho_dj", "facebook": "547998504"}, "firstName": "Ocho", "gender": "male", "lastName": "Prakoso", "id": "1434899", "bio": "", "photo": {"prefix": "https://igx.4sqi.net/img/user/", "suffix": "/YLRRAIOEONOSEABT.png"}, "homeCity": "Jakarta Capital Region, Jakarta Capital Regi", "lists": {"groups": [{"items": [], "count": 2, "type": "created"}]}}, {"tips": {"count": 0}, "contact": {}, "firstName": "Pison", "gender": "male", "lastName": "Tio", "id": "5692431", "bio": "", "photo": {"prefix": "https://igx.4sqi.net/img/user/", "suffix": "/F35MTGG2VNOS2SK5.jpg"}, "homeCity": "New York, NY", "lists": {"groups": [{"items": [], "count": 2, "type": "created"}]}}, {"tips": {"count": 23}, "contact": {"twitter": "bewijayanto"}, "firstName": "Bambang E Wijayanto", "gender": "male", "id": "1862848", "bio": "", "photo": {"prefix": "https://igx.4sqi.net/img/user/", "suffix": "/AZZXDJNCORYGFOTO.jpg"}, "homeCity": "Jakarta Selatan", "lists": {"groups": [{"items": [], "count": 2, "type": "created"}]}}, {"tips": {"count": 4}, "contact": {}, "firstName": "Zaki", "gender": "male", "lastName": "Inc", "id": "1584299", "bio": "", "photo": {"prefix": "https://igx.4sqi.net/img/user/", "suffix": "/MCEZJOFDXUTCLHFX.jpg"}, "homeCity": "Jakarta, Indonesia", "lists": {"groups": [{"items": [], "count": 2, "type": "created"}]}}, {"tips": {"count": 1}, "contact": {"twitter": "tropicanaoj"}, "firstName": "Tropicana", "gender": "none", "id": "2517004", "bio": "", "photo": {"prefix": "https://igx.4sqi.net/img/user/", "suffix": "/LO2DF1F14CXKE5U3.gif"}, "homeCity": "FL", "lists": {"groups": [{"items": [], "count": 2, "type": "created"}]}}, {"tips": {"count": 9}, "contact": {}, "firstName": "Allan", "gender": "male", "lastName": "Paji", "id": "1523353", "bio": "", "photo": {"prefix": "https://igx.4sqi.net/img/user/", "suffix": "/UAADF4CQVX0JE0UL.jpg"}, "homeCity": "Bremerton", "lists": {"groups": [{"items": [], "count": 5, "type": "created"}]}}, {"tips": {"count": 2}, "contact": {}, "firstName": "ardhi", "gender": "male", "lastName": "ardhi", "id": "13906111", "bio": "", "photo": {"prefix": "https://igx.4sqi.net/img/user/", "suffix": "/XIAAYFYAWCBPVRT0.jpg"}, "homeCity": "Indonesia", "lists": {"groups": [{"items": [], "count": 2, "type": "created"}]}}, {"tips": {"count": 31}, "contact": {"twitter": "rayafahreza", "facebook": "10153921828478266"}, "firstName": "Raya", "gender": "male", "lastName": "Fahreza", "id": "538696", "bio": "", "photo": {"prefix": "https://igx.4sqi.net/img/user/", "suffix": "/233YDOGTQRTXTHFJ.jpg"}, "homeCity": "Tangerang, Banten", "lists": {"groups": [{"items": [], "count": 2, "type": "created"}]}}, {"tips": {"count": 5}, "contact": {"twitter": "virgo_mi"}, "firstName": "Mimi", "gender": "female", "lastName": "Tjoeng", "id": "15260915", "bio": "", "photo": {"prefix": "https://igx.4sqi.net/img/user/", "suffix": "/15260915-2I5DN44WPW031U43.jpg"}, "homeCity": "Indonesia", "lists": {"groups": [{"items": [], "count": 2, "type": "created"}]}}, {"tips": {"count": 9}, "contact": {"twitter": "ferrydwi", "facebook": "720097886"}, "firstName": "FerryDwi", "gender": "male", "id": "952605", "bio": "", "photo": {"prefix": "https://igx.4sqi.net/img/user/", "suffix": "/G0XDAAXWJV0ACVDX.jpg"}, "homeCity": "New York, NY", "lists": {"groups": [{"items": [], "count": 2, "type": "created"}]}}, {"tips": {"count": 49}, "contact": {"twitter": "ixudyn"}, "firstName": "Ixudyn", "gender": "male", "id": "2552479", "bio": "", "photo": {"prefix": "https://igx.4sqi.net/img/user/", "suffix": "/2552479-OZDOC21DCZEX2N0S.jpg"}, "homeCity": "Kuala Lumpur, Malaysia", "lists": {"groups": [{"items": [], "count": 2, "type": "created"}]}}, {"tips": {"count": 0}, "contact": {}, "firstName": "Henky", "gender": "male", "lastName": "Halim", "id": "1494914", "bio": "", "photo": {"prefix": "https://igx.4sqi.net/img/user/", "suffix": "/JOFICAZNR2HLBDCW.jpg"}, "homeCity": "Jakarta", "lists": {"groups": [{"items": [], "count": 2, "type": "created"}]}}, {"tips": {"count": 3}, "contact": {"twitter": "mazzvian", "facebook": "1810830868"}, "firstName": "Mazz", "gender": "male", "lastName": "Vian", "id": "1362698", "bio": "", "photo": {"prefix": "https://igx.4sqi.net/img/user/", "suffix": "/FA1QKYXNC5SHVHH2.jpg"}, "homeCity": "Semarang, Indonesia", "lists": {"groups": [{"items": [], "count": 5, "type": "created"}]}}, {"tips": {"count": 36}, "contact": {"twitter": "choipan"}, "firstName": "Robbie", "gender": "male", "lastName": "Robertus", "id": "12625546", "bio": "a foodies..a gym freak..", "photo": {"prefix": "https://igx.4sqi.net/img/user/", "suffix": "/12625546-ACN1VYBGJMWZEO3S.jpg"}, "homeCity": "Jakarta, Indonesia", "lists": {"groups": [{"items": [], "count": 3, "type": "created"}]}}, {"tips": {"count": 4}, "contact": {}, "firstName": "Melvin", "gender": "male", "lastName": "Tjoe", "id": "7152749", "bio": "", "photo": {"prefix": "https://igx.4sqi.net/img/user/", "suffix": "/5U3RXDI050D5Z5JO.jpg"}, "homeCity": "New York, NY", "lists": {"groups": [{"items": [], "count": 2, "type": "created"}]}}, {"tips": {"count": 0}, "contact": {}, "firstName": "Audris", "gender": "female", "lastName": "Vondrea", "id": "26966669", "bio": "", "photo": {"prefix": "https://igx.4sqi.net/img/user/", "suffix": "/HEGM1MKQ2SMUOMYY.jpg"}, "homeCity": "New York, NY", "lists": {"groups": [{"items": [], "count": 2, "type": "created"}]}}, {"tips": {"count": 0}, "contact": {"twitter": "enda_yotomo", "facebook": "100000490911597"}, "firstName": "Enda", "gender": "male", "lastName": "Yotomo", "id": "16451891", "bio": "", "photo": {"prefix": "https://igx.4sqi.net/img/user/", "suffix": "/Z2ZZ3EC3I10PZCD0.png"}, "homeCity": "Jakarta, Indonesia", "lists": {"groups": [{"items": [], "count": 2, "type": "created"}]}}, {"tips": {"count": 45}, "contact": {"facebook": "100002889051699"}, "firstName": "Simon", "gender": "male", "lastName": "TAN", "id": "8201443", "bio": "I'm an engineer by background, a sales person by profession & a director / manager by functions. Having fun & enjoying life.", "photo": {"prefix": "https://igx.4sqi.net/img/user/", "suffix": "/ZW2TZ11MUFIQ33PJ.jpg"}, "homeCity": "Singapore", "lists": {"groups": [{"items": [], "count": 2, "type": "created"}]}}, {"tips": {"count": 5}, "contact": {"twitter": "williehu", "facebook": "608000825"}, "firstName": "Willy", "gender": "male", "lastName": "Husada", "id": "1384822", "bio": "", "photo": {"prefix": "https://igx.4sqi.net/img/user/", "suffix": "/32BOPI335HRNFQGD.jpg"}, "homeCity": "\u5e7f\u5dde\u5e02, \u4e2d\u56fd", "lists": {"groups": [{"items": [], "count": 2, "type": "created"}]}}, {"tips": {"count": 2}, "contact": {"twitter": "tuba_gusa", "facebook": "1044811212"}, "firstName": "Tubagus", "gender": "male", "lastName": "Apif", "id": "1435619", "bio": "", "photo": {"prefix": "https://igx.4sqi.net/img/user/", "suffix": "/HH15SOGT4XUQHHIY.jpg"}, "homeCity": "Jakarta, Indonesia", "lists": {"groups": [{"items": [], "count": 2, "type": "created"}]}}, {"tips": {"count": 3}, "contact": {}, "firstName": "Daniel", "gender": "male", "lastName": "Salim", "id": "5820334", "bio": "", "photo": {"prefix": "https://igx.4sqi.net/img/user/", "suffix": "/5820334-E0ZFCHME2XYH220V.jpg"}, "homeCity": "Jakarta, Indonesia", "lists": {"groups": [{"items": [], "count": 2, "type": "created"}]}}, {"tips": {"count": 18}, "contact": {"twitter": "mrpolisi", "facebook": "100000924114576"}, "firstName": "ridzuwan blonde", "gender": "male", "id": "1868346", "bio": "", "photo": {"prefix": "https://igx.4sqi.net/img/user/", "suffix": "/1868346-FA4GAV0LJUJ2X5WH.jpg"}, "homeCity": "Singapore", "lists": {"groups": [{"items": [], "count": 2, "type": "created"}]}}, {"tips": {"count": 0}, "contact": {"twitter": "nonadodos"}, "firstName": "dodo", "gender": "female", "lastName": "sutedja", "id": "1585152", "bio": "", "photo": {"prefix": "https://igx.4sqi.net/img/user/", "suffix": "/1585152-NRTMZRCRLEKDC0U3.jpg"}, "homeCity": "Jakarta Capital Region, Jakarta Capital Regi", "lists": {"groups": [{"items": [], "count": 2, "type": "created"}]}}, {"tips": {"count": 1}, "contact": {"twitter": "raymondchimanto", "facebook": "1579668172"}, "firstName": "Raymond Ch", "gender": "male", "lastName": "Imanto", "id": "2937104", "bio": "", "photo": {"prefix": "https://igx.4sqi.net/img/user/", "suffix": "/EGBLBQ5F30IVLRKZ.jpg"}, "homeCity": "Jakarta, Indonesia", "lists": {"groups": [{"items": [], "count": 2, "type": "created"}]}}, {"tips": {"count": 12}, "contact": {"twitter": "astridhenariani", "facebook": "1126305267"}, "firstName": "Astrid", "gender": "female", "lastName": "Henariani", "id": "1695087", "bio": "", "photo": {"prefix": "https://igx.4sqi.net/img/user/", "suffix": "/EGN2YLP4TDR0R0W4.jpg"}, "homeCity": "New York, NY", "lists": {"groups": [{"items": [], "count": 2, "type": "created"}]}}, {"tips": {"count": 0}, "contact": {"facebook": "1612448622"}, "firstName": "Endah", "gender": "female", "lastName": "Tirto", "id": "14002390", "bio": "", "photo": {"prefix": "https://igx.4sqi.net/img/user/", "suffix": "/JRXJEJDSQXNJWNZ2.jpg"}, "homeCity": "Jakarta, Indonesia", "lists": {"groups": [{"items": [], "count": 2, "type": "created"}]}}, {"tips": {"count": 92}, "contact": {"twitter": "knightnmogul", "facebook": "1640551192"}, "firstName": "\u8499\u5140\u30ca\u30a4\u30c8", "gender": "none", "lastName": "K.\ue052", "id": "1046444", "bio": "Life never promise to be easy ......\r\n\u4eba\u751f\u7c21\u5358\u306b\u7d04\u675f\u3059\u308b\u3053\u3068\u306f\u306a\u3044 ......\r\n\uc778\uc0dd\uc744 \uc6a9\uc774\ud558\uac8c \uc57d\uc18d\uc744 \uacb0\ucf54 ......\r\n\u751f\u547d\u6c7a\u4e0d\u627f\u8afe\u5bb9\u6613.....", "photo": {"prefix": "https://igx.4sqi.net/img/user/", "suffix": "/1046444-FSAE50OP5QSCYMA4.jpg"}, "homeCity": "Hong Kong", "lists": {"groups": [{"items": [], "count": 21, "type": "created"}]}}, {"tips": {"count": 0}, "contact": {"twitter": "19thavenue_jkt", "facebook": "611185182"}, "firstName": "19th Avenue", "gender": "none", "lastName": "Awesome", "id": "85602931", "bio": "", "photo": {"prefix": "https://igx.4sqi.net/img/user/", "suffix": "/85602931-F12HGNU3OXG03TUV.jpg"}, "homeCity": "Jakarta, Daerah Khusus Ibukota Jakarta", "lists": {"groups": [{"items": [], "count": 2, "type": "created"}]}}, {"tips": {"count": 4}, "contact": {"twitter": "willypriyoko"}, "firstName": "willy", "gender": "male", "lastName": "priyoko", "id": "977988", "bio": "", "photo": {"prefix": "https://igx.4sqi.net/img/user/", "suffix": "/FWULKU0QYWDBDUJ3.jpg"}, "homeCity": "Jakarta Selatan, Indonesia", "lists": {"groups": [{"items": [], "count": 2, "type": "created"}]}}, {"tips": {"count": 2}, "contact": {"twitter": "momoalexandra", "facebook": "1227870780"}, "firstName": "Monica", "gender": "female", "lastName": "Alexandra", "id": "2554722", "bio": "", "photo": {"prefix": "https://igx.4sqi.net/img/user/", "suffix": "/2554722-KLMPTQ2E0V3HXKXU.jpg"}, "homeCity": "Jakarta, Indonesia", "lists": {"groups": [{"items": [], "count": 3, "type": "created"}]}}, {"tips": {"count": 0}, "contact": {"twitter": "williampe"}, "firstName": "William", "gender": "male", "lastName": "Pirono", "id": "40288094", "bio": "", "photo": {"prefix": "https://igx.4sqi.net/img/user/", "suffix": "/SLBPYLVXDGTYTKKK.jpg"}, "homeCity": "Jakarta Capital Region", "lists": {"groups": [{"items": [], "count": 2, "type": "created"}]}}, {"tips": {"count": 36}, "contact": {}, "firstName": "@nehpyh", "gender": "male", "lastName": "Line/Talkbox: nehpyh", "id": "4451907", "bio": "", "photo": {"prefix": "https://igx.4sqi.net/img/user/", "suffix": "/4451907-TJFQ42KP4VGE05R4.jpg"}, "homeCity": "Singapore", "lists": {"groups": [{"items": [], "count": 2, "type": "created"}]}}, {"tips": {"count": 0}, "contact": {}, "firstName": "Nursubekti", "gender": "male", "lastName": "Trisetio", "id": "12745493", "bio": "", "photo": {"prefix": "https://igx.4sqi.net/img/user/", "suffix": "/K2U2GRHETQIWRFFJ.jpg"}, "homeCity": "Jakarta, Indonesia", "lists": {"groups": [{"items": [], "count": 2, "type": "created"}]}}, {"tips": {"count": 0}, "contact": {"twitter": "facelessvoidz"}, "firstName": "Denny", "gender": "male", "lastName": "Chiang", "id": "7192804", "bio": "", "photo": {"prefix": "https://igx.4sqi.net/img/user/", "suffix": "/7192804-YRKZKUKCCDG3W0HO.jpg"}, "homeCity": "Jakarta, Indonesia", "lists": {"groups": [{"items": [], "count": 3, "type": "created"}]}}, {"tips": {"count": 1}, "contact": {"twitter": "bakkanekko", "facebook": "1255062450"}, "firstName": "Zadia", "gender": "female", "lastName": "Tirto", "id": "17937918", "bio": "", "photo": {"prefix": "https://igx.4sqi.net/img/user/", "suffix": "/WAWIAQ5YZDKL0C0N.jpg"}, "homeCity": "Mississauga, Canada", "lists": {"groups": [{"items": [], "count": 2, "type": "created"}]}}, {"tips": {"count": 18}, "contact": {}, "firstName": "Ywry", "gender": "male", "lastName": "Almeida", "id": "39219257", "bio": "", "photo": {"prefix": "https://igx.4sqi.net/img/user/", "suffix": "/39219257-TWJOPOO0HHUBM5SC.jpg"}, "homeCity": "S\u00e3o Paulo", "lists": {"groups": [{"items": [], "count": 2, "type": "created"}]}}, {"tips": {"count": 101}, "contact": {"twitter": "brettvincent", "facebook": "631940665"}, "firstName": "Brett", "gender": "male", "lastName": "Vincent", "id": "1389753", "bio": "Comedy Agent, Promoter and Manager... www.getcomedy.com", "photo": {"prefix": "https://igx.4sqi.net/img/user/", "suffix": "/T5NKSJTEYWEIUBWN.jpg"}, "homeCity": "London Town ", "lists": {"groups": [{"items": [], "count": 8, "type": "created"}]}}, {"tips": {"count": 0}, "contact": {}, "firstName": "Hendy", "gender": "male", "lastName": "Morance", "id": "8190780", "bio": "", "photo": {"prefix": "https://igx.4sqi.net/img/user/", "suffix": "/FVE0HBL0FLHAQ3XP.jpg"}, "homeCity": "Jakarta, Indonesia", "lists": {"groups": [{"items": [], "count": 2, "type": "created"}]}}, {"tips": {"count": 5}, "contact": {"twitter": "johanngalianto", "facebook": "10153880948242574"}, "firstName": "Johan", "gender": "male", "lastName": "Ngalianto", "id": "1918060", "bio": "", "photo": {"prefix": "https://igx.4sqi.net/img/user/", "suffix": "/I0SVUGGGGRFD3NA1.jpg"}, "homeCity": "Pekanbaru, Riau", "lists": {"groups": [{"items": [], "count": 3, "type": "created"}]}}, {"tips": {"count": 0}, "contact": {"twitter": "davidlimansah", "facebook": "10153831955194009"}, "firstName": "David", "gender": "male", "lastName": "Limansah", "id": "4027928", "bio": "", "photo": {"prefix": "https://igx.4sqi.net/img/user/", "suffix": "/4027928-TJHTXRHDIFGY12Z3.jpg"}, "homeCity": "Jakarta, Indonesia", "lists": {"groups": [{"items": [], "count": 2, "type": "created"}]}}, {"tips": {"count": 5}, "contact": {"facebook": "1033025198"}, "firstName": "James", "gender": "male", "lastName": "Nazerth", "id": "3157964", "bio": "", "photo": {"prefix": "https://igx.4sqi.net/img/user/", "suffix": "/YKNZTMRJB5U3TTWA.jpg"}, "homeCity": "Sydney, Australia ", "lists": {"groups": [{"items": [], "count": 2, "type": "created"}]}}, {"tips": {"count": 0}, "contact": {"facebook": "592037833"}, "firstName": "sanny", "gender": "male", "lastName": "cd", "id": "1697840", "bio": "", "photo": {"prefix": "https://igx.4sqi.net/img/user/", "suffix": "/3XE3BLEERS1NX2ZB.jpg"}, "homeCity": "Ciputat, Banten", "lists": {"groups": [{"items": [], "count": 2, "type": "created"}]}}, {"tips": {"count": 5}, "contact": {"twitter": "qbilliard"}, "firstName": "Q", "gender": "none", "lastName": "Billiard", "id": "1464667", "bio": "", "photo": {"prefix": "https://igx.4sqi.net/img/user/", "suffix": "/IA5EEIXXLK5ICD3U.jpg"}, "homeCity": "Jakarta Capital Region, Jakarta Capital Regi", "lists": {"groups": [{"items": [], "count": 2, "type": "created"}]}}, {"tips": {"count": 12}, "contact": {"twitter": "fetboyslim", "facebook": "1503587536"}, "firstName": "FetboySlim", "gender": "male", "id": "1007323", "bio": "http://www.youtube.com/user/MrFetboyslim", "photo": {"prefix": "https://igx.4sqi.net/img/user/", "suffix": "/LARRO1IZWBFCVAEH.jpg"}, "homeCity": "San Diego, CA", "lists": {"groups": [{"items": [], "count": 2, "type": "created"}]}}, {"tips": {"count": 5}, "contact": {"twitter": "oxywater"}, "firstName": "Erik", "gender": "male", "lastName": "Leiden\u2122", "id": "2675912", "bio": "Blackberry, Iphone, Ipad, Samsung Android, Gadgets. Traveling, Tourism and Culinary. Support green environment. GO GREEN!", "photo": {"prefix": "https://igx.4sqi.net/img/user/", "suffix": "/W52B1O1YNBGWHYHG.jpg"}, "homeCity": "New York, NY", "lists": {"groups": [{"items": [], "count": 2, "type": "created"}]}}, {"tips": {"count": 6}, "contact": {"twitter": "ecko_handsome", "facebook": "1676468046"}, "firstName": "Ecko", "gender": "male", "lastName": "Firdaus", "id": "9433646", "bio": "", "photo": {"prefix": "https://igx.4sqi.net/img/user/", "suffix": "/QWKDBX51ENVASKNL.jpg"}, "homeCity": "Jakarta, Indonesia", "lists": {"groups": [{"items": [], "count": 4, "type": "created"}]}}, {"tips": {"count": 2}, "contact": {"twitter": "bellebj", "facebook": "1291085672"}, "firstName": "Gabriella", "gender": "female", "lastName": "Jessica", "id": "12800555", "bio": "Twitter: @BelleBJ\r\nYM: belophedie@ymail.com\r\nSkype: Birgitta.Gabriella", "photo": {"prefix": "https://igx.4sqi.net/img/user/", "suffix": "/KD1VG51XPHTAVMBT.jpg"}, "homeCity": "Indonesia", "lists": {"groups": [{"items": [], "count": 2, "type": "created"}]}}, {"tips": {"count": 0}, "contact": {"facebook": "737108814"}, "firstName": "Ratnawaty", "gender": "female", "lastName": "Lukman", "id": "49017809", "bio": "", "photo": {"prefix": "https://igx.4sqi.net/img/user/", "suffix": "/ARZSUA2HMZC1GTMP.jpg"}, "homeCity": "Riverton, UT", "lists": {"groups": [{"items": [], "count": 2, "type": "created"}]}}, {"tips": {"count": 0}, "contact": {}, "firstName": "Gibban", "gender": "female", "lastName": "Brown", "id": "17985653", "bio": "", "photo": {"prefix": "https://igx.4sqi.net/img/user/", "suffix": "/MV50AK0FALXKJPFY.jpg"}, "homeCity": "New York, NY", "lists": {"groups": [{"items": [], "count": 2, "type": "created"}]}}, {"tips": {"count": 17}, "contact": {}, "firstName": "# Kedai LB", "gender": "male", "id": "19456855", "bio": "", "photo": {"prefix": "https://igx.4sqi.net/img/user/", "suffix": "/QYBZPPJFCE5IV3MX.png"}, "homeCity": "Jakarta, Indonesia", "lists": {"groups": [{"items": [], "count": 3, "type": "created"}]}}, {"tips": {"count": 0}, "contact": {"twitter": "ticca_v", "facebook": "100001067626706"}, "firstName": "TicC \u2215\u0334\u0196", "gender": "female", "lastName": "ValovenoZz \u2215\u0334\u0196", "id": "9299624", "bio": "\u2661 @mr_draco \u2665", "photo": {"prefix": "https://igx.4sqi.net/img/user/", "suffix": "/H5C3PE1GF534PG2B.jpg"}, "homeCity": "", "lists": {"groups": [{"items": [], "count": 2, "type": "created"}]}}, {"tips": {"count": 0}, "contact": {"twitter": "jovanez", "facebook": "1612102366"}, "firstName": "Jovanes", "gender": "male", "lastName": "Jovanotti", "id": "1918419", "bio": "", "photo": {"prefix": "https://igx.4sqi.net/img/user/", "suffix": "/1918419-O2RK30PODORTV115.jpg"}, "homeCity": "Jakarta Capital Region, Indonesia", "lists": {"groups": [{"items": [], "count": 2, "type": "created"}]}}, {"tips": {"count": 10}, "contact": {}, "firstName": "Captain", "gender": "male", "lastName": "Awsum", "id": "4231303", "bio": "", "photo": {"prefix": "https://igx.4sqi.net/img/user/", "suffix": "/ES51CKGYGMUWWPKS.jpg"}, "homeCity": "FL", "lists": {"groups": [{"items": [], "count": 2, "type": "created"}]}}, {"tips": {"count": 31}, "contact": {"twitter": "al_marhum", "facebook": "647769691"}, "firstName": "Alfred", "gender": "male", "lastName": "Limantoro", "id": "3161481", "bio": "aL_MarhuM", "photo": {"prefix": "https://igx.4sqi.net/img/user/", "suffix": "/NHSHPGOXW4F3YG0V.jpg"}, "homeCity": "new jersey, nj", "lists": {"groups": [{"items": [], "count": 2, "type": "created"}]}}, {"tips": {"count": 14}, "contact": {}, "firstName": "Hamdan", "gender": "male", "lastName": "Nasrullah", "id": "1699069", "bio": "", "photo": {"prefix": "https://igx.4sqi.net/img/user/", "suffix": "/L4024C3ZFLTT5OYS.jpg"}, "homeCity": "Indonesia", "lists": {"groups": [{"items": [], "count": 2, "type": "created"}]}}, {"tips": {"count": 17}, "contact": {"twitter": "drglinus", "facebook": "100000106853792"}, "firstName": "Drg Linus", "gender": "male", "lastName": "Boekitwetan", "id": "1477987", "bio": "Certified Invisalign Invisible Braces USA,Certified American Dental Association.Web http://drglinus.blogspot.co.id SMS/WhatsApp 081519599099", "photo": {"prefix": "https://igx.4sqi.net/img/user/", "suffix": "/QQ2OFI0A1PRZPY4R.jpg"}, "homeCity": "Jakarta", "lists": {"groups": [{"items": [], "count": 3, "type": "created"}]}}, {"tips": {"count": 21}, "contact": {"twitter": "ndoroayoe"}, "firstName": "krisnhu", "gender": "female", "lastName": "thesiana", "id": "1103958", "bio": "", "photo": {"prefix": "https://igx.4sqi.net/img/user/", "suffix": "/5D3CYDPWYYOPUBAE.jpg"}, "homeCity": "Serpong Tangerang", "lists": {"groups": [{"items": [], "count": 2, "type": "created"}]}}, {"tips": {"count": 4}, "contact": {"twitter": "thebestwestern", "facebook": "1046181173"}, "firstName": "Best Western", "gender": "none", "lastName": "Hotels", "id": "2679059", "bio": "", "photo": {"prefix": "https://igx.4sqi.net/img/user/", "suffix": "/J1BEBGVCP0CTREVW.jpg"}, "homeCity": "Phoenix, AZ", "lists": {"groups": [{"items": [], "count": 2, "type": "created"}]}}, {"tips": {"count": 23}, "contact": {"facebook": "561281752"}, "firstName": "Mihaela", "gender": "female", "lastName": "Lica Butler", "id": "9447795", "bio": "", "photo": {"prefix": "https://igx.4sqi.net/img/user/", "suffix": "/O2NWYHWOC24SDU2A.jpg"}, "homeCity": "Schweich, Deutschland", "lists": {"groups": [{"items": [], "count": 4, "type": "created"}]}}, {"tips": {"count": 0}, "contact": {"facebook": "622214093"}, "firstName": "Efi", "gender": "female", "lastName": "Chandra", "id": "52997307", "bio": "", "photo": {"prefix": "https://igx.4sqi.net/img/user/", "suffix": "/40TA2PKS2EBIN3JX.jpg"}, "homeCity": "Los Angeles", "lists": {"groups": [{"items": [], "count": 2, "type": "created"}]}}, {"tips": {"count": 0}, "contact": {}, "firstName": "dikka", "gender": "male", "lastName": "yudhistira", "id": "25154367", "bio": "", "photo": {"prefix": "https://igx.4sqi.net/img/user/", "suffix": "/1JYYI1R1KBUJMJHA.jpg"}, "homeCity": "Jakarta", "lists": {"groups": [{"items": [], "count": 2, "type": "created"}]}}, {"tips": {"count": 0}, "contact": {"facebook": "1466029950"}, "firstName": "oberG", "gender": "male", "id": "9544031", "bio": "", "photo": {"prefix": "https://igx.4sqi.net/img/user/", "suffix": "/2UB5PJUHQKNZAF4D.jpg"}, "homeCity": "Singapore", "lists": {"groups": [{"items": [], "count": 2, "type": "created"}]}}, {"tips": {"count": 21}, "contact": {}, "firstName": "Dan", "gender": "male", "id": "1994147", "bio": "", "photo": {"prefix": "https://igx.4sqi.net/img/user/", "suffix": "/JBJ1R453KQUM01ZL.jpg"}, "homeCity": "", "lists": {"groups": [{"items": [], "count": 2, "type": "created"}]}}, {"tips": {"count": 6}, "contact": {"twitter": "willcwhatiam", "facebook": "1454897801"}, "firstName": "Iam", "gender": "male", "lastName": "Will", "id": "4232053", "bio": "", "photo": {"prefix": "https://igx.4sqi.net/img/user/", "suffix": "/V3WUZBECX2TK5Y20.jpg"}, "homeCity": "San Francisco, CA", "lists": {"groups": [{"items": [], "count": 2, "type": "created"}]}}, {"tips": {"count": 5}, "contact": {"twitter": "andyfong23", "facebook": "1021537336"}, "firstName": "Andy", "gender": "male", "lastName": "Fong", "id": "3526194", "bio": "", "photo": {"prefix": "https://igx.4sqi.net/img/user/", "suffix": "/HSYUGT12AR412RCT.jpg"}, "homeCity": "Jakarta, Indonesia", "lists": {"groups": [{"items": [], "count": 3, "type": "created"}]}}, {"tips": {"count": 0}, "contact": {}, "firstName": "Rostin", "gender": "female", "lastName": "Niati", "id": "2984856", "bio": "", "photo": {"prefix": "https://igx.4sqi.net/img/user/", "suffix": "/blank_girl.png", "default": true}, "homeCity": "Jakarta, Indonesia", "lists": {"groups": [{"items": [], "count": 2, "type": "created"}]}}, {"tips": {"count": 0}, "contact": {"twitter": "dianputi"}, "firstName": "dian", "gender": "female", "lastName": "puti", "id": "1888976", "bio": "", "photo": {"prefix": "https://igx.4sqi.net/img/user/", "suffix": "/3SJWULYT2CXZNHAM.jpg"}, "homeCity": "Jakarta Capital Region, Jakarta Capital Regi", "lists": {"groups": [{"items": [], "count": 2, "type": "created"}]}}, {"tips": {"count": 7}, "contact": {"twitter": "ismanhs"}, "firstName": "Isman", "gender": "male", "lastName": "H. Suryaman", "id": "1114710", "bio": "", "photo": {"prefix": "https://igx.4sqi.net/img/user/", "suffix": "/SANNFNHENZDHRCFI.jpg"}, "homeCity": "Bandung, ", "lists": {"groups": [{"items": [], "count": 2, "type": "created"}]}}, {"tips": {"count": 26}, "contact": {"twitter": "inkly1", "facebook": "10155437014205096"}, "firstName": "Paul", "gender": "male", "lastName": "Ellis", "id": "2679314", "bio": "Writer, geek, insomniac, traveler, drinker, carny barker, swashbuckler w/ green thumb, mindreader, principal sarcasm engineer & photohead: Instagram - inkly11", "photo": {"prefix": "https://igx.4sqi.net/img/user/", "suffix": "/IUBOYEL1EMPPJKHO.jpg"}, "homeCity": "Philly / NEPA / CA / Berlin", "lists": {"groups": [{"items": [], "count": 2, "type": "created"}]}}, {"tips": {"count": 2}, "contact": {}, "firstName": "Johan", "gender": "male", "lastName": "Ferdinan", "id": "10336861", "bio": "", "photo": {"prefix": "https://igx.4sqi.net/img/user/", "suffix": "/10336861-KUHLQHWNQEPB4PED.jpg"}, "homeCity": "Jakarta, Indonesia", "lists": {"groups": [{"items": [], "count": 2, "type": "created"}]}}, {"tips": {"count": 0}, "contact": {"facebook": "507518991"}, "firstName": "Kiki", "gender": "male", "lastName": "Halimtan", "id": "56077688", "bio": "", "photo": {"prefix": "https://igx.4sqi.net/img/user/", "suffix": "/blank_boy.png", "default": true}, "homeCity": "Jakarta, 04", "lists": {"groups": [{"items": [], "count": 2, "type": "created"}]}}, {"tips": {"count": 0}, "contact": {"facebook": "1012504172"}, "firstName": "Iyonk", "gender": "female", "lastName": "Maryam Zikri", "id": "9559665", "bio": "", "photo": {"prefix": "https://igx.4sqi.net/img/user/", "suffix": "/9559665-AK5OEWU4A3OP1LVB.jpg"}, "homeCity": "Jakarta, Indonesia", "lists": {"groups": [{"items": [], "count": 2, "type": "created"}]}}, {"tips": {"count": 0}, "contact": {"facebook": "1451043662"}, "firstName": "Sutrisno", "gender": "male", "lastName": "Hino", "id": "1997131", "bio": "", "photo": {"prefix": "https://igx.4sqi.net/img/user/", "suffix": "/2KH4MIYSFVUGDOPQ.jpg"}, "homeCity": "Jakarta, Indonesia", "lists": {"groups": [{"items": [], "count": 2, "type": "created"}]}}, {"tips": {"count": 6}, "contact": {"twitter": "ilerioluwakiye", "facebook": "502446250"}, "firstName": "Ileri", "gender": "female", "lastName": "Oyefara", "id": "8903677", "bio": "Happy, Bubbly, Dessert & Cake Connoisseur\r\n! Aerospace Engineering B) by day, Baker by night! Fashion enthusiast", "photo": {"prefix": "https://igx.4sqi.net/img/user/", "suffix": "/LDMWGQFRU0TXWBXI.jpg"}, "homeCity": "London, UK", "lists": {"groups": [{"items": [], "count": 6, "type": "created"}]}}, {"tips": {"count": 6}, "contact": {}, "firstName": "Chandra Wilwatikta", "gender": "male", "lastName": "YB4HC", "id": "3899711", "bio": "", "photo": {"prefix": "https://igx.4sqi.net/img/user/", "suffix": "/YITTKZ1RWYOWTPWG.jpg"}, "homeCity": "Ind\u24de\u24dd\u24d4sia", "lists": {"groups": [{"items": [], "count": 3, "type": "created"}]}}, {"tips": {"count": 40}, "contact": {}, "firstName": "Jo-han", "gender": "male", "lastName": "Goh", "id": "4790949", "bio": "", "photo": {"prefix": "https://igx.4sqi.net/img/user/", "suffix": "/4790949-2G3WEQEETAB2R0JQ.jpg"}, "homeCity": "Brisbane", "lists": {"groups": [{"items": [], "count": 2, "type": "created"}]}}, {"tips": {"count": 0}, "contact": {}, "firstName": "Zaki", "gender": "male", "lastName": "Putra", "id": "1951512", "bio": "", "photo": {"prefix": "https://igx.4sqi.net/img/user/", "suffix": "/KQIBDAI1TQEDJYMM.jpg"}, "homeCity": "jakarta, Indonesia", "lists": {"groups": [{"items": [], "count": 2, "type": "created"}]}}, {"tips": {"count": 0}, "contact": {"twitter": "in2blues", "facebook": "10152909088010782"}, "firstName": "Arie", "gender": "male", "lastName": "Subandana", "id": "1115071", "bio": "", "photo": {"prefix": "https://igx.4sqi.net/img/user/", "suffix": "/CPNYGKUEB1I2M5XE.jpg"}, "homeCity": "Jakarta Capital Region", "lists": {"groups": [{"items": [], "count": 2, "type": "created"}]}}, {"tips": {"count": 17}, "contact": {}, "firstName": "Doly", "gender": "male", "lastName": "Iqbal", "id": "2757059", "bio": "Pin BB: 29C288A4", "photo": {"prefix": "https://igx.4sqi.net/img/user/", "suffix": "/SL11EKFLUPXZQ2TQ.jpg"}, "homeCity": "Jalan Prof Lafran Pane, Gg H Martan No 63A Rt 011 - Rw 004. Depok, Jawa Barat, Indonesia", "lists": {"groups": [{"items": [], "count": 17, "type": "created"}]}}, {"tips": {"count": 21}, "contact": {}, "firstName": "hazwans", "gender": "male", "lastName": "nana", "id": "15628290", "bio": "Roll it up light it up smoke it up", "photo": {"prefix": "https://igx.4sqi.net/img/user/", "suffix": "/W23FPSGHIJMENB2Q.jpg"}, "homeCity": "4squared", "lists": {"groups": [{"items": [], "count": 4, "type": "created"}]}}, {"tips": {"count": 0}, "contact": {}, "firstName": "Amandus", "gender": "male", "lastName": "Siwan", "id": "76613804", "bio": "", "photo": {"prefix": "https://igx.4sqi.net/img/user/", "suffix": "/76613804-1PJCEWGZMJDDI44O.jpg"}, "homeCity": "Jakarta, Daerah Khusus Ibukota Jakarta", "lists": {"groups": [{"items": [], "count": 2, "type": "created"}]}}, {"tips": {"count": 0}, "contact": {"twitter": "liliagnessia"}, "firstName": "lili", "gender": "female", "lastName": "agnessia", "id": "1998296", "bio": "", "photo": {"prefix": "https://igx.4sqi.net/img/user/", "suffix": "/DKB23DSBH2SKLGLI.jpg"}, "homeCity": "Jakarta Capital Region, Jakarta Capital Regi", "lists": {"groups": [{"items": [], "count": 2, "type": "created"}]}}, {"tips": {"count": 26}, "contact": {}, "firstName": "Cut Nyak", "gender": "female", "lastName": "Okta", "id": "67362423", "bio": "Aplikasi ini menyenangkan diri saya, karena dapat merekam kemanapun tempat yang pernah saya kunjungi sepanjang hidup saya.", "photo": {"prefix": "https://igx.4sqi.net/img/user/", "suffix": "/67362423-GD4J2GVPB2HU3Y2Y.jpg"}, "homeCity": "Banda Aceh, Indonesia", "lists": {"groups": [{"items": [], "count": 2, "type": "created"}]}}, {"tips": {"count": 3}, "contact": {"twitter": "arfanjr"}, "firstName": "Arfan Jr | Full", "gender": "male", "id": "3922637", "bio": "", "photo": {"prefix": "https://igx.4sqi.net/img/user/", "suffix": "/3922637-YDLNWTUJP5ZEUURG.jpg"}, "homeCity": "Denpasar, Indonesia", "lists": {"groups": [{"items": [], "count": 4, "type": "created"}]}}, {"tips": {"count": 1}, "contact": {"twitter": "4sqbb"}, "firstName": "4sqbb", "gender": "male", "id": "4826296", "bio": "", "photo": {"prefix": "https://igx.4sqi.net/img/user/", "suffix": "/HZAOCZIQN0NPTWG5.png"}, "homeCity": "Indonesia", "lists": {"groups": [{"items": [], "count": 2, "type": "created"}]}}, {"tips": {"count": 122}, "contact": {"twitter": "inxiu", "facebook": "1048330449"}, "firstName": "Henky", "gender": "none", "lastName": "Halim", "id": "1952153", "bio": "", "photo": {"prefix": "https://igx.4sqi.net/img/user/", "suffix": "/ZWSOUS0LZKIJK1EO.jpg"}, "homeCity": "Jakarta Utara, Jakarta", "lists": {"groups": [{"items": [], "count": 2, "type": "created"}]}}, {"tips": {"count": 28}, "contact": {"twitter": "wimpy_ds", "facebook": "1607231104"}, "firstName": "Wim's", "gender": "male", "id": "1133215", "bio": "", "photo": {"prefix": "https://igx.4sqi.net/img/user/", "suffix": "/1133215-VFGH1QLPPDZXBKET.jpg"}, "homeCity": "Indonesia", "lists": {"groups": [{"items": [], "count": 4, "type": "created"}]}}, {"tips": {"count": 0}, "contact": {"facebook": "1554422767"}, "firstName": "Fandi", "gender": "male", "id": "3074958", "bio": "", "photo": {"prefix": "https://igx.4sqi.net/img/user/", "suffix": "/MJM4KOLEWNMHUF5U.jpg"}, "homeCity": "Ind\u24de\u24dd\u24d4sia", "lists": {"groups": [{"items": [], "count": 3, "type": "created"}]}}, {"tips": {"count": 1}, "contact": {"twitter": "belbytha", "facebook": "1370596154"}, "firstName": "Ciska", "gender": "female", "lastName": "Winata", "id": "1998484", "bio": "", "photo": {"prefix": "https://igx.4sqi.net/img/user/", "suffix": "/L5VVCSPA0PPU0GO5.jpg"}, "homeCity": "Jakarta Capital Region, Jakarta Capital Regi", "lists": {"groups": [{"items": [], "count": 2, "type": "created"}]}}, {"tips": {"count": 0}, "contact": {}, "firstName": "Danny", "gender": "male", "lastName": "Maurice", "id": "88234619", "bio": "FOUNDER & CEO INDIGO WORK\r\nExhibition & Interior Contractor // General Contractor", "photo": {"prefix": "https://igx.4sqi.net/img/user/", "suffix": "/88234619-AN02N1ZEKDQWUY24.jpg"}, "homeCity": "Jakarta, Daerah Khusus Ibukota Jakarta", "lists": {"groups": [{"items": [], "count": 2, "type": "created"}]}}, {"tips": {"count": 4}, "contact": {"twitter": "ericfebriarta"}, "firstName": "erik", "gender": "male", "lastName": "febriarta", "id": "3934023", "bio": "", "photo": {"prefix": "https://igx.4sqi.net/img/user/", "suffix": "/ZWQJI4PDEREYBJ4X.jpg"}, "homeCity": "Godean, Indonesia", "lists": {"groups": [{"items": [], "count": 2, "type": "created"}]}}, {"tips": {"count": 9}, "contact": {"twitter": "benjamin_plw", "facebook": "550909581"}, "firstName": "Benjamin", "gender": "male", "lastName": "Pelawi", "id": "1955816", "bio": "", "photo": {"prefix": "https://igx.4sqi.net/img/user/", "suffix": "/3VOO5G5FRFUHK0L2.jpg"}, "homeCity": "Pekanbaru, Riau", "lists": {"groups": [{"items": [], "count": 2, "type": "created"}]}}, {"tips": {"count": 18}, "contact": {"twitter": "rorisyarifh", "facebook": "10153511608337446"}, "firstName": "rorish", "gender": "male", "id": "1136118", "bio": "i love my life.", "photo": {"prefix": "https://igx.4sqi.net/img/user/", "suffix": "/1136118-5SLLALRXUYKSWBPP.jpg"}, "homeCity": "new york", "lists": {"groups": [{"items": [], "count": 2, "type": "created"}]}}, {"tips": {"count": 3}, "contact": {"twitter": "juliett_echo", "facebook": "842412318"}, "firstName": "Ini", "gender": "male", "lastName": "Bung Jeff", "id": "3207803", "bio": "", "photo": {"prefix": "https://igx.4sqi.net/img/user/", "suffix": "/3207803-XBYNES2BFQ0UK02E"}, "homeCity": "Tangerang, Indonesia", "lists": {"groups": [{"items": [], "count": 2, "type": "created"}]}}, {"tips": {"count": 0}, "contact": {"twitter": "alinkbj", "facebook": "1478536479"}, "firstName": "Alink", "gender": "female", "lastName": "BJ", "id": "1998559", "bio": "", "photo": {"prefix": "https://igx.4sqi.net/img/user/", "suffix": "/RHWGU1BWEE4YY0CD.jpg"}, "homeCity": "jakarta, indonesia", "lists": {"groups": [{"items": [], "count": 2, "type": "created"}]}}, {"tips": {"count": 0}, "contact": {"twitter": "feby_febiolaa", "facebook": "100005962158849"}, "firstName": "Bio", "gender": "female", "lastName": "Ola", "id": "88279411", "bio": "", "photo": {"prefix": "https://igx.4sqi.net/img/user/", "suffix": "/88279411-ZVIHKIE1VJPBWXY4.jpg"}, "homeCity": "Pondokaren, West Java", "lists": {"groups": [{"items": [], "count": 2, "type": "created"}]}}, {"tips": {"count": 13}, "contact": {}, "firstName": "iPey\u00ae\u2122", "gender": "male", "id": "3937434", "bio": "MBA Graduate, \r\n7 years experienced in IT Company, \r\n2 years established an Artist Management and Modeling Agency.", "photo": {"prefix": "https://igx.4sqi.net/img/user/", "suffix": "/OXK5FTHRVUQ2BLOI.jpg"}, "homeCity": "Singapore", "lists": {"groups": [{"items": [], "count": 8, "type": "created"}]}}, {"tips": {"count": 1}, "contact": {"twitter": "tyapeter", "facebook": "524773881"}, "firstName": "Tjiputra", "gender": "male", "lastName": "Yapeter", "id": "1959332", "bio": "", "photo": {"prefix": "https://igx.4sqi.net/img/user/", "suffix": "/1959332-MPJLHNOPSVZP2NCV.jpg"}, "homeCity": "Surabaya, Jawa Timur", "lists": {"groups": [{"items": [], "count": 2, "type": "created"}]}}, {"tips": {"count": 3}, "contact": {"twitter": "ivyw74"}, "firstName": "Ivy", "gender": "female", "lastName": "Lim", "id": "1150722", "bio": "", "photo": {"prefix": "https://igx.4sqi.net/img/user/", "suffix": "/OC25LSWPIIZ0ODQJ.jpg"}, "homeCity": "Jakarta", "lists": {"groups": [{"items": [], "count": 2, "type": "created"}]}}, {"tips": {"count": 1}, "contact": {"twitter": "ottje_orchid", "facebook": "1502180614"}, "firstName": "Ottje", "gender": "female", "lastName": "Adrianus", "id": "3271785", "bio": "", "photo": {"prefix": "https://igx.4sqi.net/img/user/", "suffix": "/3271785-HZDVB5OSXDE10ORP.jpg"}, "homeCity": "The Gading Residence, Kelapa Gading Jakarta Utara (Indonesia)", "lists": {"groups": [{"items": [], "count": 2, "type": "created"}]}}, {"tips": {"count": 1}, "contact": {"twitter": "fahdsulthony", "facebook": "1503379105"}, "firstName": "Fahd", "gender": "male", "lastName": "Sulthony", "id": "2711006", "bio": "", "photo": {"prefix": "https://igx.4sqi.net/img/user/", "suffix": "/ZYSG1DSPKFSSVPP2.jpg"}, "homeCity": "Surabaya, Indonesia", "lists": {"groups": [{"items": [], "count": 2, "type": "created"}]}}, {"tips": {"count": 1}, "contact": {"twitter": "nynalalalaa"}, "firstName": "Nynalalalaa", "gender": "female", "id": "24837526", "bio": "\u2661dont wait too long,you might miss your chance\u2661 \r\nWC/IG/LINE : nynalalalaa", "photo": {"prefix": "https://igx.4sqi.net/img/user/", "suffix": "/24837526-DGWDTWMMPLCCOZGG.jpg"}, "homeCity": "MALAYSIA", "lists": {"groups": [{"items": [], "count": 2, "type": "created"}]}}, {"tips": {"count": 0}, "contact": {"twitter": "rakentaa", "facebook": "1544387834"}, "firstName": "Randy", "gender": "male", "id": "1964121", "bio": "", "photo": {"prefix": "https://igx.4sqi.net/img/user/", "suffix": "/1964121_NlpjAXNS_g7DFr5QuLp_FNHgPPif0TQJV1d3ZyhgNjhjmMcH4pu7mukSexGotjrEOsG5BEOXd"}, "homeCity": "", "lists": {"groups": [{"items": [], "count": 2, "type": "created"}]}}, {"tips": {"count": 2}, "contact": {"twitter": "andriacx", "facebook": "1633337668"}, "firstName": "Andri Yustian Nugraha", "gender": "male", "id": "1207859", "bio": "", "photo": {"prefix": "https://igx.4sqi.net/img/user/", "suffix": "/V4BV5Z4MBFVPS3HM.jpg"}, "homeCity": "Samarinda, Indonesia", "lists": {"groups": [{"items": [], "count": 2, "type": "created"}]}}, {"tips": {"count": 42}, "contact": {"twitter": "sofiemarlen", "facebook": "100003277130650"}, "firstName": "Sofie", "gender": "female", "lastName": "Marlen", "id": "3288416", "bio": "", "photo": {"prefix": "https://igx.4sqi.net/img/user/", "suffix": "/3288416-HM01BPG5DRZDS5D2.jpg"}, "homeCity": "somewhere", "lists": {"groups": [{"items": [], "count": 3, "type": "created"}]}}, {"tips": {"count": 49}, "contact": {}, "firstName": "Aluze", "gender": "male", "id": "2742224", "bio": "I, Myself & Me\r\nI follow this page http://on.fb.me/ArtLU7", "photo": {"prefix": "https://igx.4sqi.net/img/user/", "suffix": "/FIH00HC1KAMTZXSE.jpg"}, "homeCity": "Kuala Lumpur", "lists": {"groups": [{"items": [], "count": 3, "type": "created"}]}}, {"tips": {"count": 3}, "contact": {}, "firstName": "Iskandar", "gender": "male", "lastName": "Mochtar", "id": "10546888", "bio": "", "photo": {"prefix": "https://igx.4sqi.net/img/user/", "suffix": "/10546888-1LZ50Y0B0305B2WE.jpg"}, "homeCity": "Jakarta, Indonesia", "lists": {"groups": [{"items": [], "count": 2, "type": "created"}]}}, {"tips": {"count": 0}, "contact": {"twitter": "puguhpsadmaja"}, "firstName": "Puguh P. S.", "gender": "male", "lastName": "Admaja", "id": "1211383", "bio": "", "photo": {"prefix": "https://igx.4sqi.net/img/user/", "suffix": "/H4D34MQECWPI3JVN.jpg"}, "homeCity": "Jakarta Capital Region, Jakarta Capital Regi", "lists": {"groups": [{"items": [], "count": 2, "type": "created"}]}}, {"tips": {"count": 57}, "contact": {"twitter": "aizatjohari"}, "firstName": "AIZAT", "gender": "male", "lastName": "JOHARI", "id": "3294426", "bio": "Dunia", "photo": {"prefix": "https://igx.4sqi.net/img/user/", "suffix": "/EV4L5SN15FLVMSSS.jpg"}, "homeCity": "Kuala lumpur, malaysia", "lists": {"groups": [{"items": [], "count": 2, "type": "created"}]}}, {"tips": {"count": 3}, "contact": {}, "firstName": "Imam Maliki", "gender": "male", "lastName": "Alik'Oz", "id": "2808186", "bio": "", "photo": {"prefix": "https://igx.4sqi.net/img/user/", "suffix": "/IPTVN12LRSQBNSMZ.jpg"}, "homeCity": "Jakarta, Indonesia", "lists": {"groups": [{"items": [], "count": 2, "type": "created"}]}}, {"tips": {"count": 0}, "contact": {"facebook": "10202524130782930"}, "firstName": "Burak", "gender": "male", "lastName": "Balta", "id": "125498057", "bio": "", "photo": {"prefix": "https://igx.4sqi.net/img/user/", "suffix": "/125498057-B2OXEARGSVCFYT3K.jpg"}, "homeCity": "Istanbul, Istanbul", "lists": {"groups": [{"items": [], "count": 2, "type": "created"}]}}, {"tips": {"count": 3}, "contact": {}, "firstName": "Mrs", "gender": "female", "lastName": "Scrooge", "id": "1279664", "bio": "", "photo": {"prefix": "https://igx.4sqi.net/img/user/", "suffix": "/ZGJO3CKMTOQUQWC3.png"}, "homeCity": "Jakarta", "lists": {"groups": [{"items": [], "count": 2, "type": "created"}]}}, {"tips": {"count": 11}, "contact": {}, "firstName": "Mr. S h a h   A l i a s", "gender": "male", "id": "3432699", "bio": "Stop smokin & Start Vapin.", "photo": {"prefix": "https://igx.4sqi.net/img/user/", "suffix": "/DFMVR0FGAGNDNVRH.jpg"}, "homeCity": "-", "lists": {"groups": [{"items": [], "count": 2, "type": "created"}]}}, {"tips": {"count": 10}, "contact": {"twitter": "adesuryadi19", "facebook": "1351867759"}, "firstName": "Ade", "gender": "male", "lastName": "Suryadi", "id": "2833815", "bio": "", "photo": {"prefix": "https://igx.4sqi.net/img/user/", "suffix": "/BSH22A2AERHKR3O0.jpg"}, "homeCity": "Indonesia", "lists": {"groups": [{"items": [], "count": 2, "type": "created"}]}}, {"tips": {"count": 1}, "contact": {"twitter": "titotitoti", "facebook": "1453818290"}, "firstName": "tito", "gender": "male", "lastName": "rudian hermawan", "id": "1322920", "bio": "", "photo": {"prefix": "https://igx.4sqi.net/img/user/", "suffix": "/041WOW2RKYUH251L.jpg"}, "homeCity": "Jakarta, Indonesia", "lists": {"groups": [{"items": [], "count": 3, "type": "created"}]}}, {"tips": {"count": 2}, "contact": {"twitter": "joshsetiady"}, "firstName": "Joshua", "gender": "male", "lastName": "Setiady", "id": "4021052", "bio": "", "photo": {"prefix": "https://igx.4sqi.net/img/user/", "suffix": "/XKFY0T5XSOOUXBYO.jpg"}, "homeCity": "Jakarta, Indonesia", "lists": {"groups": [{"items": [], "count": 2, "type": "created"}]}}, {"tips": {"count": 2}, "contact": {}, "firstName": "thethemid", "gender": "male", "id": "3585396", "bio": "", "photo": {"prefix": "https://igx.4sqi.net/img/user/", "suffix": "/PLDXU33A5E3UCOVE.jpg"}, "homeCity": "Jakarta, Indonesia", "lists": {"groups": [{"items": [], "count": 2, "type": "created"}]}}, {"tips": {"count": 1}, "contact": {"twitter": "dnladtys", "facebook": "100004237299584"}, "firstName": "Daniel", "gender": "male", "lastName": "Aditya", "id": "1394473", "bio": "", "photo": {"prefix": "https://igx.4sqi.net/img/user/", "suffix": "/23J5JJTUOFD4EBII.jpg"}, "homeCity": "Denpasar, Bali", "lists": {"groups": [{"items": [], "count": 2, "type": "created"}]}}, {"tips": {"count": 0}, "contact": {"twitter": "em_priyono", "facebook": "1295392024"}, "firstName": "Eko", "gender": "male", "lastName": "Priyono", "id": "4610947", "bio": "", "photo": {"prefix": "https://igx.4sqi.net/img/user/", "suffix": "/DIXLT4NPW2O3K4R3.jpg"}, "homeCity": "Jakarta, Indonesia", "lists": {"groups": [{"items": [], "count": 2, "type": "created"}]}}, {"tips": {"count": 2}, "contact": {"twitter": "maztitox", "facebook": "1449468031"}, "firstName": "Wayan", "gender": "male", "lastName": "Tito", "id": "4995328", "bio": "", "photo": {"prefix": "https://igx.4sqi.net/img/user/", "suffix": "/W5BORGQX3MYSILM2.jpg"}, "homeCity": "Pontianak", "lists": {"groups": [{"items": [], "count": 2, "type": "created"}]}}, {"tips": {"count": 12}, "contact": {"twitter": "leonnaiborhu"}, "firstName": "Leon's", "gender": "male", "id": "1446182", "bio": "", "photo": {"prefix": "https://igx.4sqi.net/img/user/", "suffix": "/2DMAIAMN5IY3ERPE.jpg"}, "homeCity": "Chicago", "lists": {"groups": [{"items": [], "count": 2, "type": "created"}]}}, {"tips": {"count": 0}, "contact": {}, "firstName": "Chris", "gender": "male", "lastName": "Lim", "id": "4691676", "bio": "", "photo": {"prefix": "https://igx.4sqi.net/img/user/", "suffix": "/blank_boy.png", "default": true}, "homeCity": "Singapore", "lists": {"groups": [{"items": [], "count": 2, "type": "created"}]}}, {"tips": {"count": 3}, "contact": {}, "firstName": "Kenji", "gender": "male", "lastName": "Pramana", "id": "4997465", "bio": "", "photo": {"prefix": "https://igx.4sqi.net/img/user/", "suffix": "/5A41JMCKEG3UTG0K.jpg"}, "homeCity": "Ind\u24de\u24dd\u24d4sia", "lists": {"groups": [{"items": [], "count": 3, "type": "created"}]}}, {"tips": {"count": 1}, "contact": {"twitter": "3chycute", "facebook": "1401887169"}, "firstName": "Echy", "gender": "female", "lastName": "Cute", "id": "1565597", "bio": "", "photo": {"prefix": "https://igx.4sqi.net/img/user/", "suffix": "/P2RPS5UB3UDERL3V.jpg"}, "homeCity": "Ciputat, Jakarta", "lists": {"groups": [{"items": [], "count": 2, "type": "created"}]}}, {"tips": {"count": 27}, "contact": {"twitter": "ingegenie", "facebook": "1254865924"}, "firstName": "Inge", "gender": "female", "lastName": "Ardiyanty", "id": "4761801", "bio": "", "photo": {"prefix": "https://igx.4sqi.net/img/user/", "suffix": "/4761801-P43QFN2KM10D14UA.jpg"}, "homeCity": "Singapore", "lists": {"groups": [{"items": [], "count": 3, "type": "created"}]}}, {"tips": {"count": 0}, "contact": {"facebook": "100000870480931"}, "firstName": "Teresia", "gender": "female", "lastName": "Marthin", "id": "5050264", "bio": "", "photo": {"prefix": "https://igx.4sqi.net/img/user/", "suffix": "/DZ0G4NUL1JKBDDMA.jpg"}, "homeCity": "Jakarta, Indonesia", "lists": {"groups": [{"items": [], "count": 2, "type": "created"}]}}, {"tips": {"count": 0}, "contact": {}, "firstName": "Uhui", "gender": "male", "lastName": "Cihuy", "id": "1641011", "bio": "", "photo": {"prefix": "https://igx.4sqi.net/img/user/", "suffix": "/5UMPYTO3QYYRFOZ3.jpg"}, "homeCity": "Jakarta", "lists": {"groups": [{"items": [], "count": 2, "type": "created"}]}}, {"tips": {"count": 0}, "contact": {}, "firstName": "! ! ! ! ! ! ! ! ! ! toedjoetiga", "gender": "male", "id": "5210030", "bio": "\"Age is an issue of mind over matter. If you don\u2019t mind, it doesn\u2019t matter\"", "photo": {"prefix": "https://igx.4sqi.net/img/user/", "suffix": "/MSEZYNO202XOU3KN.png"}, "homeCity": "Marina Del Rey, CA", "lists": {"groups": [{"items": [], "count": 2, "type": "created"}]}}, {"tips": {"count": 0}, "contact": {"twitter": "micksobee", "facebook": "1532701746"}, "firstName": "Denny", "gender": "male", "lastName": "@micksobee", "id": "8172514", "bio": "on relist soon", "photo": {"prefix": "https://igx.4sqi.net/img/user/", "suffix": "/KKFVMSUNYACPPMUI.jpg"}, "homeCity": "Jakarta, Indonesia", "lists": {"groups": [{"items": [], "count": 2, "type": "created"}]}}, {"tips": {"count": 7}, "contact": {"twitter": "mtahati_mtahari", "facebook": "784434117"}, "firstName": "Silvester Suryadipta", "gender": "male", "lastName": "D.P", "id": "1659615", "bio": "dari memancar hingga memudar, mencoba bertahan tak keluar garis pada tiap titik peziarahan. #UripSejatineGaweUrup", "photo": {"prefix": "https://igx.4sqi.net/img/user/", "suffix": "/1659615-A5DZ3SKKJIR1PONM.jpg"}, "homeCity": "__ only God knows w/here", "lists": {"groups": [{"items": [], "count": 2, "type": "created"}]}}, {"tips": {"count": 0}, "contact": {"twitter": "dudiradjab", "facebook": "1572712334"}, "firstName": "dudiradjab", "gender": "male", "id": "5211296", "bio": "", "photo": {"prefix": "https://igx.4sqi.net/img/user/", "suffix": "/MK5BXSGZTQYGIO3I.jpg"}, "homeCity": "Jakarta, Indonesia", "lists": {"groups": [{"items": [], "count": 2, "type": "created"}]}}, {"tips": {"count": 0}, "contact": {"twitter": "sisillim", "facebook": "1156970397"}, "firstName": "Sisil", "gender": "female", "lastName": "Lim", "id": "9104998", "bio": "", "photo": {"prefix": "https://igx.4sqi.net/img/user/", "suffix": "/FP3NNZ2XA4IKXQ1Z.jpg"}, "homeCity": "Jakarta, Indonesia", "lists": {"groups": [{"items": [], "count": 2, "type": "created"}]}}, {"tips": {"count": 112}, "contact": {"twitter": "shoptracyburton", "facebook": "100000486604672"}, "firstName": "ShopTRACY", "gender": "female", "lastName": "BURTON", "id": "1692970", "bio": "collector + dealer + firecracker www.VandM.com/TRACYBURTON", "photo": {"prefix": "https://igx.4sqi.net/img/user/", "suffix": "/blank_girl.png", "default": true}, "homeCity": "Chicago, Illinois", "lists": {"groups": [{"items": [], "count": 2, "type": "created"}]}}, {"tips": {"count": 19}, "contact": {"twitter": "liamarpaung", "facebook": "532453737"}, "firstName": "Lia", "gender": "female", "lastName": "Marpaung", "id": "5527668", "bio": "", "photo": {"prefix": "https://igx.4sqi.net/img/user/", "suffix": "/2Q0XLZ5XHARWQLNJ.jpg"}, "homeCity": "Jakarta, Indonesia", "lists": {"groups": [{"items": [], "count": 2, "type": "created"}]}}, {"tips": {"count": 0}, "contact": {}, "firstName": "Hillary", "gender": "female", "lastName": "C", "id": "387555405", "bio": "", "photo": {"prefix": "https://igx.4sqi.net/img/user/", "suffix": "/387555405-T4QBSVTRDIUU2Z3C.jpg"}, "homeCity": "New York, New York", "lists": {"groups": [{"items": [], "count": 2, "type": "created"}]}}, {"tips": {"count": 42}, "contact": {"twitter": "audyrupang", "facebook": "825339721"}, "firstName": "Audy", "gender": "male", "lastName": "Rupang", "id": "1722155", "bio": "", "photo": {"prefix": "https://igx.4sqi.net/img/user/", "suffix": "/I2FHJPDJZ4C5KXFX.jpg"}, "homeCity": "Jakarta Capital, Region", "lists": {"groups": [{"items": [], "count": 3, "type": "created"}]}}, {"tips": {"count": 0}, "contact": {"facebook": "1484784118"}, "firstName": "marcella", "gender": "female", "lastName": "loasari", "id": "2037702", "bio": "", "photo": {"prefix": "https://igx.4sqi.net/img/user/", "suffix": "/LH0NKHAW1O5NN0B5.jpg"}, "homeCity": "Sario, Indonesia", "lists": {"groups": [{"items": [], "count": 2, "type": "created"}]}}, {"tips": {"count": 0}, "contact": {}, "firstName": "Evy", "gender": "female", "lastName": "Evy", "id": "2038280", "bio": "", "photo": {"prefix": "https://igx.4sqi.net/img/user/", "suffix": "/blank_girl.png", "default": true}, "homeCity": "Manado, ", "lists": {"groups": [{"items": [], "count": 2, "type": "created"}]}}, {"tips": {"count": 0}, "contact": {"twitter": "roswitawijaya", "facebook": "1613731089"}, "firstName": "Roswita", "gender": "female", "lastName": "Wijaya", "id": "2038376", "bio": "", "photo": {"prefix": "https://igx.4sqi.net/img/user/", "suffix": "/3O1GSI33K400N550.jpg"}, "homeCity": "Jakarta", "lists": {"groups": [{"items": [], "count": 2, "type": "created"}]}}, {"tips": {"count": 0}, "contact": {"facebook": "1558695631"}, "firstName": "Michelle", "gender": "female", "lastName": "Prisilia", "id": "2038821", "bio": "", "photo": {"prefix": "https://igx.4sqi.net/img/user/", "suffix": "/FKBWNHN2E3KRK1XL.jpg"}, "homeCity": "Jakarta, Indonesia", "lists": {"groups": [{"items": [], "count": 2, "type": "created"}]}}, {"tips": {"count": 20}, "contact": {"twitter": "mcgillins"}, "firstName": "Pa McGillin", "gender": "male", "id": "2042384", "bio": "Opened \"Bell in Hand\" tavern in 1860. Now called McGillin's Olde Ale House & still going strong more than 150 years later! http://www.mcgillins.com", "photo": {"prefix": "https://igx.4sqi.net/img/user/", "suffix": "/KIH3YNMQXP4O1YMB.jpg"}, "homeCity": "Philadelphia, PA", "lists": {"groups": [{"items": [], "count": 3, "type": "created"}]}}, {"tips": {"count": 0}, "contact": {"twitter": "safirahoey", "facebook": "100000068325440"}, "firstName": "Safirah", "gender": "female", "lastName": "Oey", "id": "2042393", "bio": "", "photo": {"prefix": "https://igx.4sqi.net/img/user/", "suffix": "/2042393-LTHODSPYN0VN3JN4.jpg"}, "homeCity": "Jakarta Capital Region, Jakarta Capital Regi", "lists": {"groups": [{"items": [], "count": 2, "type": "created"}]}}, {"tips": {"count": 0}, "contact": {"twitter": "rebeccaminkoff"}, "firstName": "Jack a MAC", "gender": "female", "id": "2073684", "bio": "", "photo": {"prefix": "https://igx.4sqi.net/img/user/", "suffix": "/ER0LFW0FK2T1FNGN.jpg"}, "homeCity": "New York, NY", "lists": {"groups": [{"items": [], "count": 2, "type": "created"}]}}, {"tips": {"count": 4}, "contact": {}, "firstName": "realife81", "gender": "male", "id": "2077610", "bio": "", "photo": {"prefix": "https://igx.4sqi.net/img/user/", "suffix": "/2077610-Z2UMH1IFT321DV0X.jpg"}, "homeCity": "Singapore", "lists": {"groups": [{"items": [], "count": 2, "type": "created"}]}}, {"tips": {"count": 0}, "contact": {"facebook": "100004051615793"}, "firstName": "Roy", "gender": "male", "lastName": "Ervin", "id": "2078006", "bio": "", "photo": {"prefix": "https://igx.4sqi.net/img/user/", "suffix": "/2078006-KNZDPKEOPQZ5R4OK.jpg"}, "homeCity": "Jakarta", "lists": {"groups": [{"items": [], "count": 2, "type": "created"}]}}, {"tips": {"count": 6}, "contact": {"twitter": "eneriyani", "facebook": "1477631025"}, "firstName": "Ani", "gender": "female", "lastName": "Riyani", "id": "2078722", "bio": "", "photo": {"prefix": "https://igx.4sqi.net/img/user/", "suffix": "/DRK0KCKJ34PZM22C.jpg"}, "homeCity": "Jakarta, DKI", "lists": {"groups": [{"items": [], "count": 2, "type": "created"}]}}, {"tips": {"count": 2}, "contact": {"twitter": "abcsupit", "facebook": "100000195758921"}, "firstName": "Christopher", "gender": "male", "lastName": "Supit \ud83c\udd94", "id": "2123285", "bio": "", "photo": {"prefix": "https://igx.4sqi.net/img/user/", "suffix": "/IKBSMOZENW1O0JNL.jpg"}, "homeCity": "San Juan, Puerto Rico", "lists": {"groups": [{"items": [], "count": 2, "type": "created"}]}}, {"tips": {"count": 3}, "contact": {"twitter": "yohaniiiii"}, "firstName": "Yohani", "gender": "female", "id": "2326842", "bio": "", "photo": {"prefix": "https://igx.4sqi.net/img/user/", "suffix": "/OCTNEFE0HVX4UW4M.jpg"}, "homeCity": "Jakarta, Indonesia", "lists": {"groups": [{"items": [], "count": 2, "type": "created"}]}}, {"tips": {"count": 3}, "contact": {"twitter": "happydwee", "facebook": "1563091215"}, "firstName": "Dwee", "gender": "female", "lastName": "Apriyanti", "id": "2420277", "bio": "", "photo": {"prefix": "https://igx.4sqi.net/img/user/", "suffix": "/V05DPTH255K1XBXK.jpg"}, "homeCity": "Jakarta, Indonesia", "lists": {"groups": [{"items": [], "count": 2, "type": "created"}]}}, {"tips": {"count": 1}, "contact": {}, "firstName": "Coaster", "gender": "male", "lastName": "McGee", "id": "2485558", "bio": "", "photo": {"prefix": "https://igx.4sqi.net/img/user/", "suffix": "/FBOSOUDLFLUE5ILG.jpg"}, "homeCity": "Kansas City, MO", "lists": {"groups": [{"items": [], "count": 2, "type": "created"}]}}, {"tips": {"count": 0}, "contact": {}, "firstName": "Ferra", "gender": "female", "lastName": "Ferencia", "id": "2533325", "bio": "", "photo": {"prefix": "https://igx.4sqi.net/img/user/", "suffix": "/1NQHJZFLJC0TIAJL.jpg"}, "homeCity": "New York, NY", "lists": {"groups": [{"items": [], "count": 2, "type": "created"}]}}, {"tips": {"count": 0}, "contact": {"twitter": "lindakarlinda", "facebook": "1547712370"}, "firstName": "Linda", "gender": "female", "lastName": "Karlinda", "id": "2533333", "bio": "", "photo": {"prefix": "https://igx.4sqi.net/img/user/", "suffix": "/M4E0I3DYVUNNUKXD.jpg"}, "homeCity": "New York, NY", "lists": {"groups": [{"items": [], "count": 2, "type": "created"}]}}, {"tips": {"count": 0}, "contact": {"twitter": "marissa_caca", "facebook": "625842347"}, "firstName": "Marissa", "gender": "female", "lastName": "Leorandha", "id": "2784505", "bio": "", "photo": {"prefix": "https://igx.4sqi.net/img/user/", "suffix": "/3YDIYGD45Y1NYMI0.jpg"}, "homeCity": "Jakarta, Indonesia", "lists": {"groups": [{"items": [], "count": 2, "type": "created"}]}}, {"tips": {"count": 3}, "contact": {}, "firstName": "! ! ! ! ! ! ! Dina", "gender": "female", "lastName": "M", "id": "3100920", "bio": "\"You can do anything, but not everything\"", "photo": {"prefix": "https://igx.4sqi.net/img/user/", "suffix": "/VVLB53EMKWPMVXPM.jpg"}, "homeCity": "Rancho Cucamonga, CA", "lists": {"groups": [{"items": [], "count": 2, "type": "created"}]}}, {"tips": {"count": 9}, "contact": {"twitter": "zronxq", "facebook": "1452277135"}, "firstName": "\u2670Zr\uf8ffnx-Q\u2122", "gender": "male", "id": "3146191", "bio": "", "photo": {"prefix": "https://igx.4sqi.net/img/user/", "suffix": "/3146191-BWQWVOVAH00VORFW.jpg"}, "homeCity": "Pangkal Pinang, Indonesia", "lists": {"groups": [{"items": [], "count": 2, "type": "created"}]}}, {"tips": {"count": 5}, "contact": {"facebook": "666126430"}, "firstName": "Mohammed", "gender": "male", "lastName": "Fazil", "id": "3149259", "bio": "", "photo": {"prefix": "https://igx.4sqi.net/img/user/", "suffix": "/R5WCFMEBHCGWDLNE.jpg"}, "homeCity": "Singapore", "lists": {"groups": [{"items": [], "count": 2, "type": "created"}]}}, {"tips": {"count": 0}, "contact": {}, "firstName": "Putri Sarah", "gender": "female", "lastName": "Zahrani", "id": "3198103", "bio": "", "photo": {"prefix": "https://igx.4sqi.net/img/user/", "suffix": "/1ORZCBDWM3TQO4KW.jpg"}, "homeCity": "", "lists": {"groups": [{"items": [], "count": 2, "type": "created"}]}}, {"tips": {"count": 0}, "contact": {}, "firstName": "ilda", "gender": "female", "lastName": "rusviana", "id": "3488055", "bio": "", "photo": {"prefix": "https://igx.4sqi.net/img/user/", "suffix": "/0JQ5LHEF1TBIEA1K.jpg"}, "homeCity": "Jakarta, Indonesia", "lists": {"groups": [{"items": [], "count": 2, "type": "created"}]}}, {"tips": {"count": 0}, "contact": {"twitter": "denioo", "facebook": "100000478836655"}, "firstName": "Deni", "gender": "male", "id": "3565320", "bio": "", "photo": {"prefix": "https://igx.4sqi.net/img/user/", "suffix": "/NIE3GB2CTER2QC1S.jpg"}, "homeCity": "Kalimantan Selatan, Indonesia", "lists": {"groups": [{"items": [], "count": 2, "type": "created"}]}}, {"tips": {"count": 13}, "contact": {"twitter": "faizalnor1", "facebook": "843698023"}, "firstName": "Faizal N", "gender": "male", "id": "3994449", "bio": "", "photo": {"prefix": "https://igx.4sqi.net/img/user/", "suffix": "/TBK4CD3EZNBPK3JX.jpg"}, "homeCity": "Malaysia", "lists": {"groups": [{"items": [], "count": 2, "type": "created"}]}}, {"tips": {"count": 0}, "contact": {"twitter": "noel374", "facebook": "1152766546"}, "firstName": "\ue10eNoel", "gender": "male", "lastName": "@noel374", "id": "4085862", "bio": "", "photo": {"prefix": "https://igx.4sqi.net/img/user/", "suffix": "/IDSNRSB3DUQABFYS.jpg"}, "homeCity": "The Woodlands, TX", "lists": {"groups": [{"items": [], "count": 2, "type": "created"}]}}, {"tips": {"count": 0}, "contact": {"twitter": "wiejayakusuma", "facebook": "100000129938773"}, "firstName": "Wiejayakusuma", "gender": "male", "id": "4094926", "bio": "", "photo": {"prefix": "https://igx.4sqi.net/img/user/", "suffix": "/VIDUEQKOSGBDBQ21.jpg"}, "homeCity": "Jakarta, Indonesia", "lists": {"groups": [{"items": [], "count": 2, "type": "created"}]}}, {"tips": {"count": 0}, "contact": {"facebook": "100001047091067"}, "firstName": "ANDY", "gender": "male", "lastName": "TOH KOK HONG", "id": "4161745", "bio": "", "photo": {"prefix": "https://igx.4sqi.net/img/user/", "suffix": "/WJ1OTEJ33DW1DM5X.jpg"}, "homeCity": "Singapore", "lists": {"groups": [{"items": [], "count": 2, "type": "created"}]}}, {"tips": {"count": 0}, "contact": {}, "firstName": "mery", "gender": "female", "lastName": "halim", "id": "4600023", "bio": "", "photo": {"prefix": "https://igx.4sqi.net/img/user/", "suffix": "/4KQQFWIXMOIIGST0.jpg"}, "homeCity": "Jakarta, Indonesia", "lists": {"groups": [{"items": [], "count": 2, "type": "created"}]}}, {"tips": {"count": 0}, "contact": {"twitter": "hendra_than", "facebook": "1025552213"}, "firstName": "Hendra", "gender": "male", "lastName": "Than", "id": "4600541", "bio": "", "photo": {"prefix": "https://igx.4sqi.net/img/user/", "suffix": "/3UH1GSBDCLEDQOQD.jpg"}, "homeCity": "Jakarta, Indonesia", "lists": {"groups": [{"items": [], "count": 2, "type": "created"}]}}, {"tips": {"count": 35}, "contact": {"twitter": "free_man77", "facebook": "798522435"}, "firstName": "Christopher", "gender": "male", "lastName": "Gyrel", "id": "4732924", "bio": "Travel junkie, coffee conoisseur", "photo": {"prefix": "https://igx.4sqi.net/img/user/", "suffix": "/1OBYNQ4ABOCERRNP.jpg"}, "homeCity": "singapore", "lists": {"groups": [{"items": [], "count": 2, "type": "created"}]}}, {"tips": {"count": 0}, "contact": {"twitter": "nevirobilly", "facebook": "1676329038"}, "firstName": "Billy", "gender": "male", "lastName": "Neviro", "id": "5130652", "bio": "", "photo": {"prefix": "https://igx.4sqi.net/img/user/", "suffix": "/5130652-V5R4H3SVVW2F3HCG.jpg"}, "homeCity": "Jakarta, Indonesia", "lists": {"groups": [{"items": [], "count": 2, "type": "created"}]}}, {"tips": {"count": 5}, "contact": {"twitter": "win_zenith", "facebook": "1521561819"}, "firstName": "Win", "gender": "male", "lastName": "Zenith", "id": "5258260", "bio": "", "photo": {"prefix": "https://igx.4sqi.net/img/user/", "suffix": "/CLHAJPLVMGF2WRQX.jpg"}, "homeCity": "Bogor, Indonesia", "lists": {"groups": [{"items": [], "count": 3, "type": "created"}]}}, {"tips": {"count": 0}, "contact": {}, "firstName": "rynna", "gender": "female", "id": "5346723", "bio": "", "photo": {"prefix": "https://igx.4sqi.net/img/user/", "suffix": "/CX4ZPOFQ4VP2BHPF.jpg"}, "homeCity": "New York", "lists": {"groups": [{"items": [], "count": 2, "type": "created"}]}}, {"tips": {"count": 11}, "contact": {"facebook": "100000378165176"}, "firstName": "Arul", "gender": "male", "lastName": "Fahrurozi", "id": "13166084", "bio": "", "photo": {"prefix": "https://igx.4sqi.net/img/user/", "suffix": "/3E4NNRWZYNRK1NHA.jpg"}, "homeCity": "Bringin, Indonesia", "lists": {"groups": [{"items": [], "count": 2, "type": "created"}]}}, {"tips": {"count": 0}, "contact": {}, "firstName": "Syaiful", "gender": "male", "lastName": "Fachmi", "id": "30101119", "bio": "", "photo": {"prefix": "https://igx.4sqi.net/img/user/", "suffix": "/0ALJ1ZXBWZGTL0GM.jpg"}, "homeCity": "Jakarta", "lists": {"groups": [{"items": [], "count": 2, "type": "created"}]}}], "count": 270}, "checksum": "ae5a064833b73d0d8863167792e872316aa2c815"}, "meta": {"requestId": "5965d5104c1f67704e7cfde8", "code": 200}}