{"notifications": [{"type": "notificationTray", "item": {"unreadCount": 0}}], "response": {"friends": {"items": [{"tips": {"count": 17}, "contact": {"twitter": "jasonbigmachine", "facebook": "100002186825571"}, "firstName": "Jason", "gender": "male", "lastName": "Nah", "id": "7299182", "bio": "Dude.\r\n \r\nwww.realfit.com.sg", "photo": {"prefix": "https://igx.4sqi.net/img/user/", "suffix": "/QE2AOZVGAN0SQD3F.jpg"}, "homeCity": "Singapore", "lists": {"groups": [{"items": [], "count": 2, "type": "created"}]}}, {"tips": {"count": 82}, "contact": {"twitter": "evanye"}, "firstName": "Evan", "gender": "male", "lastName": "Ye", "id": "247649", "bio": "", "photo": {"prefix": "https://igx.4sqi.net/img/user/", "suffix": "/JIFW5C0WLXH500BW.jpg"}, "homeCity": "\u53f0\u6771\u533a\uff0c\u6771\u4eac\u90fd\uff0c\u65e5\u672c\u56fd", "lists": {"groups": [{"items": [], "count": 3, "type": "created"}]}}, {"tips": {"count": 0}, "contact": {"facebook": "575027295"}, "firstName": "Jacqueline", "gender": "female", "lastName": "Png", "id": "3745805", "bio": "", "photo": {"prefix": "https://igx.4sqi.net/img/user/", "suffix": "/blank_girl.png", "default": true}, "homeCity": "Singapore", "lists": {"groups": [{"items": [], "count": 2, "type": "created"}]}}, {"tips": {"count": 23}, "contact": {"twitter": "magicfite", "facebook": "615767979"}, "firstName": "Mag", "gender": "female", "lastName": "Ang", "id": "1465336", "bio": "", "photo": {"prefix": "https://igx.4sqi.net/img/user/", "suffix": "/M42Y3HPRG01PLTKG.jpg"}, "homeCity": "Singapore, SIN", "lists": {"groups": [{"items": [], "count": 3, "type": "created"}]}}, {"tips": {"count": 2}, "contact": {"facebook": "728426028"}, "firstName": "Richard", "gender": "male", "lastName": "Neo", "id": "885508", "bio": "", "photo": {"prefix": "https://igx.4sqi.net/img/user/", "suffix": "/R1PDJF0KKLMD54FL.jpg"}, "homeCity": "Singapore", "lists": {"groups": [{"items": [], "count": 2, "type": "created"}]}}, {"tips": {"count": 0}, "contact": {}, "firstName": "Garry", "gender": "male", "lastName": "Carson", "id": "5296055", "bio": "", "photo": {"prefix": "https://igx.4sqi.net/img/user/", "suffix": "/D4BEQDRKE5WSY5DY.jpg"}, "homeCity": "Singapore", "lists": {"groups": [{"items": [], "count": 2, "type": "created"}]}}, {"tips": {"count": 0}, "contact": {"facebook": "714321199"}, "firstName": "Kenny", "gender": "male", "lastName": "Lee", "id": "28823045", "bio": "", "photo": {"prefix": "https://igx.4sqi.net/img/user/", "suffix": "/2GSXNFULNORNWYKF.jpg"}, "homeCity": "New York, NY", "lists": {"groups": [{"items": [], "count": 2, "type": "created"}]}}, {"tips": {"count": 0}, "contact": {}, "firstName": "Wong", "gender": "male", "lastName": "Brandon", "id": "5049911", "bio": "", "photo": {"prefix": "https://igx.4sqi.net/img/user/", "suffix": "/KI24VXAQNGATXNZQ.jpg"}, "homeCity": "Singapore", "lists": {"groups": [{"items": [], "count": 2, "type": "created"}]}}, {"tips": {"count": 2}, "contact": {}, "firstName": "JMJ", "gender": "female", "id": "3082439", "bio": "Holidays", "photo": {"prefix": "https://igx.4sqi.net/img/user/", "suffix": "/3082439-AWWKDI3M5UN1WZSD.jpg"}, "homeCity": "Toulon, France", "lists": {"groups": [{"items": [], "count": 2, "type": "created"}]}}, {"tips": {"count": 8}, "contact": {}, "firstName": "Raymond", "gender": "male", "lastName": "Ling", "id": "5009188", "bio": "", "photo": {"prefix": "https://igx.4sqi.net/img/user/", "suffix": "/0RE3RW40DN3EQCQN.jpg"}, "homeCity": "Singapore", "lists": {"groups": [{"items": [], "count": 2, "type": "created"}]}}], "count": 10}, "checksum": "f500e397836407d0f166a929201a9e016dcd94c4"}, "meta": {"requestId": "5965c180dd57972d2d1aab0b", "code": 200}}