{"notifications": [{"type": "notificationTray", "item": {"unreadCount": 0}}], "response": {"friends": {"items": [{"tips": {"count": 48}, "contact": {"twitter": "kayoba84", "facebook": "669843122"}, "firstName": "Nik", "gender": "male", "lastName": "Aziz", "id": "50853988", "bio": "", "photo": {"prefix": "https://igx.4sqi.net/img/user/", "suffix": "/50853988-5EFP1PJKYKLEVQAC.jpg"}, "homeCity": "Shah Alam", "lists": {"groups": [{"items": [], "count": 2, "type": "created"}]}}, {"tips": {"count": 0}, "contact": {"facebook": "100001351256636"}, "firstName": "Elvy", "gender": "female", "lastName": "Kassim", "id": "75016524", "bio": "", "photo": {"prefix": "https://igx.4sqi.net/img/user/", "suffix": "/75016524-PG3BU4J4GR2CMFNT.jpg"}, "homeCity": "Shah Alam, SGR", "lists": {"groups": [{"items": [], "count": 2, "type": "created"}]}}, {"tips": {"count": 12}, "contact": {}, "firstName": "John", "gender": "none", "lastName": "K", "id": "875663", "bio": "", "photo": {"prefix": "https://igx.4sqi.net/img/user/", "suffix": "/XFPQTIXXDZ5D1FY2.jpg"}, "homeCity": "Kuala Lumpur, Malaysia", "lists": {"groups": [{"items": [], "count": 2, "type": "created"}]}}, {"tips": {"count": 1}, "contact": {"twitter": "c_chan808", "facebook": "728030801"}, "firstName": "Consuela", "gender": "female", "id": "237947", "bio": "", "photo": {"prefix": "https://igx.4sqi.net/img/user/", "suffix": "/237947-DXF3FSG4SZGBSWZ1.jpg"}, "homeCity": "Honolulu, HI", "lists": {"groups": [{"items": [], "count": 2, "type": "created"}]}}, {"tips": {"count": 28}, "contact": {}, "firstName": "Nicole", "gender": "female", "lastName": "Khoo", "id": "2478054", "bio": "", "photo": {"prefix": "https://igx.4sqi.net/img/user/", "suffix": "/VY4BFZE5SUUVHGD2.jpg"}, "homeCity": "Kuala Lumpur, Malaysia", "lists": {"groups": [{"items": [], "count": 2, "type": "created"}]}}], "count": 5}, "checksum": "5b8a1dda63f0c4f343a7c10c160a494d6599d893"}, "meta": {"requestId": "5965d2f5dd57972d2930f030", "code": 200}}