{"notifications": [{"type": "notificationTray", "item": {"unreadCount": 0}}], "response": {"friends": {"items": [{"tips": {"count": 5}, "contact": {"twitter": "cjusticehk", "facebook": "740486494"}, "firstName": "Chris", "gender": "male", "lastName": "Justice", "id": "6266617", "bio": "", "photo": {"prefix": "https://igx.4sqi.net/img/user/", "suffix": "/2Q2A5DJCZWY3OMSO.jpg"}, "homeCity": "Hong Kong", "lists": {"groups": [{"items": [], "count": 4, "type": "created"}]}}, {"tips": {"count": 241}, "contact": {"facebook": "684290754"}, "firstName": "Shannon", "gender": "male", "lastName": "Low", "id": "527568", "bio": "", "photo": {"prefix": "https://igx.4sqi.net/img/user/", "suffix": "/TX3GEBXT3HLH454L.gif"}, "homeCity": "238358, Singapore", "lists": {"groups": [{"items": [], "count": 38, "type": "created"}]}}, {"tips": {"count": 2}, "contact": {"facebook": "718290381"}, "firstName": "Jules", "gender": "female", "lastName": "Khoo", "id": "2778829", "bio": "", "photo": {"prefix": "https://igx.4sqi.net/img/user/", "suffix": "/EEPEFKRNSCWOXUWS.jpg"}, "homeCity": "Singapore", "lists": {"groups": [{"items": [], "count": 2, "type": "created"}]}}, {"tips": {"count": 0}, "contact": {}, "firstName": "Chi Hung", "gender": "male", "lastName": "Ho", "id": "3054084", "bio": "", "photo": {"prefix": "https://igx.4sqi.net/img/user/", "suffix": "/blank_boy.png", "default": true}, "homeCity": "Singapore", "lists": {"groups": [{"items": [], "count": 2, "type": "created"}]}}, {"tips": {"count": 0}, "contact": {"twitter": "aaronyip", "facebook": "556666409"}, "firstName": "Aaron", "gender": "male", "lastName": "Yip", "id": "750829", "bio": "", "photo": {"prefix": "https://igx.4sqi.net/img/user/", "suffix": "/DBBRKTWZMQYGPHRR.jpg"}, "homeCity": "Singapore", "lists": {"groups": [{"items": [], "count": 2, "type": "created"}]}}, {"tips": {"count": 0}, "contact": {}, "firstName": "John", "gender": "male", "lastName": "Pang", "id": "326329", "bio": "", "photo": {"prefix": "https://igx.4sqi.net/img/user/", "suffix": "/blank_boy.png", "default": true}, "homeCity": "Yishun, Singapore", "lists": {"groups": [{"items": [], "count": 2, "type": "created"}]}}, {"tips": {"count": 1}, "contact": {"twitter": "geoffeff", "facebook": "1473189089"}, "firstName": "Geoff", "gender": "male", "lastName": "Farinha", "id": "39386", "bio": "MBA, Tea Steeper, Cancer Fighter, Gym-Rat, Project Manager, Podcaster, Tech-Lover, Gamer, Politics, Fashion, Sports & MMA Fan", "photo": {"prefix": "https://igx.4sqi.net/img/user/", "suffix": "/AF01N33WU1UITYTA.jpg"}, "homeCity": "NH/Boston", "lists": {"groups": [{"items": [], "count": 2, "type": "created"}]}}, {"tips": {"count": 0}, "contact": {"twitter": "singeo", "facebook": "510130694"}, "firstName": "Jon", "gender": "male", "lastName": "Petersen", "id": "26706", "bio": "", "photo": {"prefix": "https://igx.4sqi.net/img/user/", "suffix": "/26706_1258705301828.jpg"}, "homeCity": "Havant, Hampshire", "lists": {"groups": [{"items": [], "count": 2, "type": "created"}]}}, {"superuser": 1, "tips": {"count": 21}, "contact": {"twitter": "cedric_chee", "facebook": "560718690"}, "firstName": "Cedric", "gender": "male", "lastName": "Chee", "id": "156483", "bio": "Foodie. Travel junkie. Nature lover.", "photo": {"prefix": "https://igx.4sqi.net/img/user/", "suffix": "/D45WWM4XFZCPEIGI.jpg"}, "homeCity": "Singapore", "lists": {"groups": [{"items": [], "count": 7, "type": "created"}]}}, {"tips": {"count": 7}, "contact": {"facebook": "626149581"}, "firstName": "Mugunth", "gender": "male", "lastName": "Kumar", "id": "1417045", "bio": "", "photo": {"prefix": "https://igx.4sqi.net/img/user/", "suffix": "/1417045-JC2E52AR2IKASW04.jpg"}, "homeCity": "Singapore", "lists": {"groups": [{"items": [], "count": 2, "type": "created"}]}}, {"tips": {"count": 15}, "contact": {"twitter": "ichadman", "facebook": "10155763362275352"}, "firstName": "Chad", "gender": "male", "lastName": "Garrett", "id": "200602", "bio": "Healthcare software analyst, mobile technology enthusiast, productivity advocate and minimalist runner.", "photo": {"prefix": "https://igx.4sqi.net/img/user/", "suffix": "/200602-YU3145NVE3ZUPBPG.jpg"}, "homeCity": "East Walnut Hills, OH", "lists": {"groups": [{"items": [], "count": 2, "type": "created"}]}}, {"tips": {"count": 9}, "contact": {"facebook": "826249534"}, "firstName": "Khazmin", "gender": "male", "lastName": "Juma'in", "id": "33332543", "bio": "I don't discriminate, I just appreciate.", "photo": {"prefix": "https://igx.4sqi.net/img/user/", "suffix": "/33332543-YZIK445VYYHBCKUG.jpg"}, "homeCity": "Singapore", "lists": {"groups": [{"items": [], "count": 3, "type": "created"}]}}, {"tips": {"count": 0}, "contact": {}, "firstName": "SGMalls", "gender": "male", "lastName": "Wenhan", "id": "108296", "bio": "", "photo": {"prefix": "https://igx.4sqi.net/img/user/", "suffix": "/blank_boy.png", "default": true}, "homeCity": "Singapore", "lists": {"groups": [{"items": [], "count": 3, "type": "created"}]}}, {"tips": {"count": 0}, "contact": {"twitter": "youaredie", "facebook": "100003079963893"}, "firstName": "Derp", "gender": "male", "lastName": "Jeffour", "id": "9782220", "bio": "", "photo": {"prefix": "https://igx.4sqi.net/img/user/", "suffix": "/OTFMA3NK4IVN0NH0.jpg"}, "homeCity": "Singapore", "lists": {"groups": [{"items": [], "count": 2, "type": "created"}]}}, {"tips": {"count": 1}, "contact": {"twitter": "sammymcloughlin", "facebook": "578665642"}, "firstName": "Sammual James", "gender": "male", "lastName": "McLoughlin", "id": "762692", "bio": "", "photo": {"prefix": "https://igx.4sqi.net/img/user/", "suffix": "/2FTG05TFQYHBLTPR.jpg"}, "homeCity": "Rio de Janeiro, RJ", "lists": {"groups": [{"items": [], "count": 2, "type": "created"}]}}, {"tips": {"count": 0}, "contact": {"facebook": "756083247"}, "firstName": "Ervyn", "gender": "male", "lastName": "Tan", "id": "691789", "bio": "", "photo": {"prefix": "https://igx.4sqi.net/img/user/", "suffix": "/3DWIEDS21K5CMIOR.jpg"}, "homeCity": "Singapore", "lists": {"groups": [{"items": [], "count": 2, "type": "created"}]}}, {"tips": {"count": 1}, "contact": {}, "firstName": "Xo7", "gender": "male", "lastName": "Brainiac", "id": "49286", "bio": "", "photo": {"prefix": "https://igx.4sqi.net/img/user/", "suffix": "/blank_boy.png", "default": true}, "homeCity": "Karlsruhe, Germany", "lists": {"groups": [{"items": [], "count": 2, "type": "created"}]}}, {"tips": {"count": 14}, "contact": {"twitter": "parksong", "facebook": "1575581192"}, "firstName": "Doris", "gender": "female", "lastName": "Teo", "id": "3413485", "bio": "", "photo": {"prefix": "https://igx.4sqi.net/img/user/", "suffix": "/3413485-SB5DOL3RAX1T5Z4O.jpg"}, "homeCity": "Singapore", "lists": {"groups": [{"items": [], "count": 2, "type": "created"}]}}, {"tips": {"count": 36}, "contact": {"twitter": "davechua", "facebook": "675282649"}, "firstName": "Dave", "gender": "male", "lastName": "Chua", "id": "222359", "bio": "", "photo": {"prefix": "https://igx.4sqi.net/img/user/", "suffix": "/KHPM4UUOT54Q1ZBI.jpg"}, "homeCity": "Marina Bay, Singapore", "lists": {"groups": [{"items": [], "count": 2, "type": "created"}]}}, {"tips": {"count": 0}, "contact": {"twitter": "honcheng", "facebook": "644288172"}, "firstName": "Hon Cheng", "gender": "male", "lastName": "Muh", "id": "112270", "bio": "", "photo": {"prefix": "https://igx.4sqi.net/img/user/", "suffix": "/112270_1259070903172.jpg"}, "homeCity": "Jakarta", "lists": {"groups": [{"items": [], "count": 2, "type": "created"}]}}, {"tips": {"count": 0}, "contact": {"facebook": "706837217"}, "firstName": "Hazlin", "gender": "female", "lastName": "Tab", "id": "59471119", "bio": "", "photo": {"prefix": "https://igx.4sqi.net/img/user/", "suffix": "/blank_girl.png", "default": true}, "homeCity": "", "lists": {"groups": [{"items": [], "count": 2, "type": "created"}]}}, {"superuser": 1, "tips": {"count": 13}, "contact": {"twitter": "garnettlee", "facebook": "10154167121374256"}, "firstName": "Garnett", "gender": "male", "lastName": "Lee", "id": "58842", "bio": "", "photo": {"prefix": "https://igx.4sqi.net/img/user/", "suffix": "/58842_1255211524690.jpg"}, "homeCity": "Seattle, WA", "lists": {"groups": [{"items": [], "count": 2, "type": "created"}]}}, {"tips": {"count": 0}, "contact": {}, "firstName": "Troy", "gender": "male", "lastName": "Lim", "id": "3569425", "bio": "", "photo": {"prefix": "https://igx.4sqi.net/img/user/", "suffix": "/blank_boy.png", "default": true}, "homeCity": "Singapore", "lists": {"groups": [{"items": [], "count": 2, "type": "created"}]}}, {"tips": {"count": 21}, "contact": {}, "firstName": "Edie", "gender": "female", "lastName": "Tan", "id": "2816381", "bio": "", "photo": {"prefix": "https://igx.4sqi.net/img/user/", "suffix": "/2816381_mn4-bVkE_KfaoO7Tjwm0OxPsC6KIcKQKoOZZwKZs3Ick6Oz0yCnHecKM3Y7K9ns8Yn0NudwKM.jpg"}, "homeCity": "Singapore", "lists": {"groups": [{"items": [], "count": 5, "type": "created"}]}}, {"tips": {"count": 0}, "contact": {}, "firstName": "John", "gender": "male", "lastName": "Pang", "id": "2148507", "bio": "", "photo": {"prefix": "https://igx.4sqi.net/img/user/", "suffix": "/blank_boy.png", "default": true}, "homeCity": "Singapore", "lists": {"groups": [{"items": [], "count": 2, "type": "created"}]}}, {"superuser": 2, "tips": {"count": 169}, "contact": {"twitter": "ashuttleworth", "facebook": "575186462"}, "firstName": "Andrew", "gender": "male", "lastName": "Shuttleworth", "id": "65135", "bio": "Love discovering unique and interesting places & experiencing great food and drink. Based in Japan since 1999 and know Tokyo quite well.", "photo": {"prefix": "https://igx.4sqi.net/img/user/", "suffix": "/CBJGD0FMSLXSYXNV.png"}, "homeCity": "\u4e16\u7530\u8c37\u533a, \u6771\u4eac\u90fd", "lists": {"groups": [{"items": [], "count": 50, "type": "created"}]}}, {"tips": {"count": 0}, "contact": {}, "firstName": "Wei Wei", "gender": "female", "lastName": "Chia", "id": "4200741", "bio": "", "photo": {"prefix": "https://igx.4sqi.net/img/user/", "suffix": "/K1FK01GUDFG3Y20R.jpg"}, "homeCity": "The Lion City", "lists": {"groups": [{"items": [], "count": 2, "type": "created"}]}}, {"tips": {"count": 0}, "contact": {}, "firstName": "Yilun", "gender": "female", "lastName": "Yang", "id": "2865060", "bio": "", "photo": {"prefix": "https://igx.4sqi.net/img/user/", "suffix": "/RVWXEH4QZBOE4UV1.jpg"}, "homeCity": "Singapore", "lists": {"groups": [{"items": [], "count": 2, "type": "created"}]}}, {"tips": {"count": 0}, "contact": {"twitter": "willho77", "facebook": "669513454"}, "firstName": "Will", "gender": "male", "lastName": "ho", "id": "126533", "bio": "", "photo": {"prefix": "https://igx.4sqi.net/img/user/", "suffix": "/blank_boy.png", "default": true}, "homeCity": "Singapore, Singapore", "lists": {"groups": [{"items": [], "count": 2, "type": "created"}]}}, {"tips": {"count": 5}, "contact": {"facebook": "10154696658222896"}, "firstName": "Edwin", "gender": "male", "lastName": "Chong", "id": "665929", "bio": "", "photo": {"prefix": "https://igx.4sqi.net/img/user/", "suffix": "/RRXEPMS3RCHNUH52.jpg"}, "homeCity": "Singapore", "lists": {"groups": [{"items": [], "count": 2, "type": "created"}]}}, {"tips": {"count": 3}, "contact": {"twitter": "wwhey", "facebook": "699478477"}, "firstName": "William", "gender": "male", "lastName": "Whey", "id": "78557012", "bio": "", "photo": {"prefix": "https://igx.4sqi.net/img/user/", "suffix": "/78557012-TXXSFCH10TJRCM5O.jpg"}, "homeCity": "Singapore", "lists": {"groups": [{"items": [], "count": 6, "type": "created"}]}}], "count": 31}, "checksum": "41a47c248bff0b06467eaf8254d2c60b43961a09"}, "meta": {"requestId": "5965f357f594df3c0b0c0034", "code": 200}}