{"notifications": [{"type": "notificationTray", "item": {"unreadCount": 0}}], "response": {"friends": {"items": [{"superuser": 1, "tips": {"count": 81}, "contact": {"twitter": "joonian", "facebook": "10103736221933099"}, "firstName": "Joon Ian", "gender": "male", "lastName": "Wong", "id": "108251", "bio": "London", "photo": {"prefix": "https://igx.4sqi.net/img/user/", "suffix": "/108251-QD4IFQPQTVJMG5WO.jpg"}, "homeCity": "London", "lists": {"groups": [{"items": [], "count": 5, "type": "created"}]}}, {"tips": {"count": 0}, "contact": {}, "firstName": "SK", "gender": "female", "lastName": "Wong", "id": "2310021", "bio": "", "photo": {"prefix": "https://igx.4sqi.net/img/user/", "suffix": "/blank_girl.png", "default": true}, "homeCity": "Singapore", "lists": {"groups": [{"items": [], "count": 2, "type": "created"}]}}, {"tips": {"count": 40}, "contact": {"twitter": "heatherismtan"}, "firstName": "Jon Snow", "gender": "female", "id": "6806949", "bio": "", "photo": {"prefix": "https://igx.4sqi.net/img/user/", "suffix": "/6806949_GVGA8thp_MBonS_3sHH2dvDNNwcHyNNhSISFAdGRJzPf7j1dIsMC6_l7jBmRzXNmuSgALtB7F.jpg"}, "homeCity": "kuala lumpur", "lists": {"groups": [{"items": [], "count": 2, "type": "created"}]}}, {"tips": {"count": 68}, "contact": {}, "firstName": "Tze Chian", "gender": "male", "lastName": "Seow", "id": "406460", "bio": "", "photo": {"prefix": "https://igx.4sqi.net/img/user/", "suffix": "/406460-5WPG2O5WZBCKRWWW.jpg"}, "homeCity": "Petaling Jaya, Selangor", "lists": {"groups": [{"items": [], "count": 21, "type": "created"}]}}, {"tips": {"count": 5}, "contact": {"twitter": "bchoung", "facebook": "569470129"}, "firstName": "Bobby", "gender": "male", "lastName": "Choung", "id": "3767601", "bio": "", "photo": {"prefix": "https://igx.4sqi.net/img/user/", "suffix": "/RJ0C5W3RTBNDH3U1.jpg"}, "homeCity": "Kuala Lumpur, Malaysia", "lists": {"groups": [{"items": [], "count": 2, "type": "created"}]}}, {"tips": {"count": 5}, "contact": {}, "firstName": "Nicholas", "gender": "male", "lastName": "Chin", "id": "4420676", "bio": "", "photo": {"prefix": "https://igx.4sqi.net/img/user/", "suffix": "/PA0BLLLKV4AQ5HZV.jpg"}, "homeCity": "Kuala Lumpur, Malaysia", "lists": {"groups": [{"items": [], "count": 2, "type": "created"}]}}, {"tips": {"count": 0}, "contact": {}, "firstName": "Yushino", "gender": "male", "lastName": "Zhuang", "id": "6703648", "bio": "Friendly, loving life, Jesus be lifted higher", "photo": {"prefix": "https://igx.4sqi.net/img/user/", "suffix": "/BZTMHDJ1EVVCXU0E.jpg"}, "homeCity": "Medan, Indonesia", "lists": {"groups": [{"items": [], "count": 2, "type": "created"}]}}, {"tips": {"count": 2}, "contact": {"twitter": "silverrajah", "facebook": "627218252"}, "firstName": "Chris", "gender": "male", "lastName": "Wong", "id": "5606568", "bio": "", "photo": {"prefix": "https://igx.4sqi.net/img/user/", "suffix": "/QNGRVG5DMTMBTS3Z.jpg"}, "homeCity": "Petaling Jaya, Malaysia", "lists": {"groups": [{"items": [], "count": 2, "type": "created"}]}}, {"tips": {"count": 1}, "contact": {"facebook": "556796619"}, "firstName": "Zain", "gender": "male", "lastName": "Almohdzar", "id": "2278932", "bio": "", "photo": {"prefix": "https://igx.4sqi.net/img/user/", "suffix": "/2278932-G1RXFAVYTOZRGA24.jpg"}, "homeCity": "Singapore", "lists": {"groups": [{"items": [], "count": 2, "type": "created"}]}}, {"tips": {"count": 4}, "contact": {}, "firstName": "Shirlyn", "gender": "female", "lastName": "Angela", "id": "1166235", "bio": "", "photo": {"prefix": "https://igx.4sqi.net/img/user/", "suffix": "/1166235-BHBSNFNAB4LDR4ED.jpg"}, "homeCity": "", "lists": {"groups": [{"items": [], "count": 2, "type": "created"}]}}, {"tips": {"count": 0}, "contact": {}, "firstName": "Ee Von", "gender": "none", "id": "2515875", "bio": "", "photo": {"prefix": "https://igx.4sqi.net/img/user/", "suffix": "/blank_boy.png", "default": true}, "homeCity": "Singapore", "lists": {"groups": [{"items": [], "count": 2, "type": "created"}]}}, {"tips": {"count": 0}, "contact": {}, "firstName": "moniqca", "gender": "female", "id": "380338", "bio": "", "photo": {"prefix": "https://igx.4sqi.net/img/user/", "suffix": "/blank_girl.png", "default": true}, "homeCity": "Leeds, United Kingdom", "lists": {"groups": [{"items": [], "count": 2, "type": "created"}]}}, {"tips": {"count": 0}, "contact": {"twitter": "ednayap"}, "firstName": "Edna", "gender": "female", "lastName": "Yap", "id": "487530", "bio": "", "photo": {"prefix": "https://igx.4sqi.net/img/user/", "suffix": "/51LRWMYYVUVJTDD5.jpg"}, "homeCity": "Singapore", "lists": {"groups": [{"items": [], "count": 2, "type": "created"}]}}, {"tips": {"count": 2}, "contact": {"twitter": "derricka", "facebook": "625302760"}, "firstName": "Derrick", "gender": "male", "lastName": "Lee", "id": "729353", "bio": "", "photo": {"prefix": "https://igx.4sqi.net/img/user/", "suffix": "/GUTHLJCV5HUZILWP.jpg"}, "homeCity": "Singapore", "lists": {"groups": [{"items": [], "count": 2, "type": "created"}]}}, {"tips": {"count": 15}, "contact": {}, "firstName": "Johan", "gender": "male", "lastName": "Zep", "id": "1508929", "bio": "", "photo": {"prefix": "https://igx.4sqi.net/img/user/", "suffix": "/YHTXVESIQSFAPX5P.jpg"}, "homeCity": "Kuala Lumpur, Malaysia", "lists": {"groups": [{"items": [], "count": 2, "type": "created"}]}}, {"tips": {"count": 9}, "contact": {}, "firstName": "Kathia", "gender": "female", "id": "1126564", "bio": "", "photo": {"prefix": "https://igx.4sqi.net/img/user/", "suffix": "/MQSUJ112ZGA3I1HR.jpg"}, "homeCity": "London, UK", "lists": {"groups": [{"items": [], "count": 7, "type": "created"}]}}, {"tips": {"count": 9}, "contact": {"facebook": "771892645"}, "firstName": "Unys", "gender": "female", "lastName": "Arin", "id": "4871457", "bio": "", "photo": {"prefix": "https://igx.4sqi.net/img/user/", "suffix": "/G2MQ5G1RYPDPOML5.jpg"}, "homeCity": "Singapore", "lists": {"groups": [{"items": [], "count": 2, "type": "created"}]}}, {"tips": {"count": 3}, "contact": {}, "firstName": "Sean", "gender": "male", "lastName": "Ang", "id": "6106506", "bio": "", "photo": {"prefix": "https://igx.4sqi.net/img/user/", "suffix": "/KZ1PSQK131MFBVJW.jpg"}, "homeCity": "Singapore", "lists": {"groups": [{"items": [], "count": 2, "type": "created"}]}}, {"tips": {"count": 3}, "contact": {"twitter": "karung"}, "firstName": "Stephen", "gender": "male", "lastName": "Gani", "id": "2806285", "bio": "", "photo": {"prefix": "https://igx.4sqi.net/img/user/", "suffix": "/blank_boy.png", "default": true}, "homeCity": "New York, NY", "lists": {"groups": [{"items": [], "count": 2, "type": "created"}]}}, {"tips": {"count": 2}, "contact": {}, "firstName": "\ue11aMogwai\ue11a", "gender": "male", "id": "5088179", "bio": "", "photo": {"prefix": "https://igx.4sqi.net/img/user/", "suffix": "/XEY0TG5CRXAL2L3J.jpg"}, "homeCity": "Kuala Lumpur", "lists": {"groups": [{"items": [], "count": 2, "type": "created"}]}}, {"tips": {"count": 5}, "contact": {}, "firstName": "Sean", "gender": "male", "lastName": "Lam", "id": "688707", "bio": "", "photo": {"prefix": "https://igx.4sqi.net/img/user/", "suffix": "/UEGOZKXOKWRS2DDK.jpg"}, "homeCity": "Singapore", "lists": {"groups": [{"items": [], "count": 2, "type": "created"}]}}, {"tips": {"count": 14}, "contact": {"twitter": "_s3r_"}, "firstName": "SY", "gender": "male", "id": "1461484", "bio": "", "photo": {"prefix": "https://igx.4sqi.net/img/user/", "suffix": "/CK1I3IID4TQR55V1.jpg"}, "homeCity": "Kuala Lumpur, Malaysia", "lists": {"groups": [{"items": [], "count": 2, "type": "created"}]}}, {"tips": {"count": 0}, "contact": {}, "firstName": "YY", "gender": "male", "id": "3467953", "bio": "", "photo": {"prefix": "https://igx.4sqi.net/img/user/", "suffix": "/TQSBYMSKSRCYPY1W.jpg"}, "homeCity": "Malaysia", "lists": {"groups": [{"items": [], "count": 7, "type": "created"}]}}, {"tips": {"count": 1}, "contact": {"twitter": "caravandetta"}, "firstName": "Vanessa", "gender": "female", "lastName": "Chia", "id": "2954976", "bio": "", "photo": {"prefix": "https://igx.4sqi.net/img/user/", "suffix": "/ADFCD0LKYUQVCT1K.jpg"}, "homeCity": "Toronto, Canada", "lists": {"groups": [{"items": [], "count": 2, "type": "created"}]}}, {"tips": {"count": 12}, "contact": {"twitter": "blakeong", "facebook": "804185829"}, "firstName": "Blake", "gender": "male", "lastName": "Ong", "id": "996509", "bio": "", "photo": {"prefix": "https://igx.4sqi.net/img/user/", "suffix": "/ALTJV4M3AEPRX0WJ.png"}, "homeCity": "Seri Kembangan, Selangor", "lists": {"groups": [{"items": [], "count": 2, "type": "created"}]}}, {"tips": {"count": 0}, "contact": {"facebook": "724308965"}, "firstName": "Khairudin", "gender": "male", "lastName": "Pie", "id": "1474332", "bio": "", "photo": {"prefix": "https://igx.4sqi.net/img/user/", "suffix": "/V312NPB2TIOZJQ0P.jpg"}, "homeCity": "Selangor", "lists": {"groups": [{"items": [], "count": 2, "type": "created"}]}}, {"tips": {"count": 7}, "contact": {}, "firstName": "K.Sin", "gender": "male", "id": "3980979", "bio": "", "photo": {"prefix": "https://igx.4sqi.net/img/user/", "suffix": "/1VDD21MK5MNKG0SC.jpg"}, "homeCity": "Ampang, Malaysia", "lists": {"groups": [{"items": [], "count": 2, "type": "created"}]}}, {"tips": {"count": 0}, "contact": {"facebook": "654857328"}, "firstName": "Justinius", "gender": "male", "lastName": "Luhur", "id": "10416842", "bio": "", "photo": {"prefix": "https://igx.4sqi.net/img/user/", "suffix": "/42S4ARBWU4Z5YGFD.jpg"}, "homeCity": "St Lucia, Australia", "lists": {"groups": [{"items": [], "count": 2, "type": "created"}]}}, {"tips": {"count": 0}, "contact": {}, "firstName": "Chef", "gender": "male", "lastName": "Jues", "id": "1511646", "bio": "", "photo": {"prefix": "https://igx.4sqi.net/img/user/", "suffix": "/BAU4FZNZOEQPEBQU.jpg"}, "homeCity": "Singapore", "lists": {"groups": [{"items": [], "count": 2, "type": "created"}]}}, {"tips": {"count": 5}, "contact": {"twitter": "kaiseng", "facebook": "786856928"}, "firstName": "kai seng", "gender": "male", "lastName": "lam", "id": "4166926", "bio": "", "photo": {"prefix": "https://igx.4sqi.net/img/user/", "suffix": "/P5EWXWS2ZW2MZUMJ.jpg"}, "homeCity": "Malaysia", "lists": {"groups": [{"items": [], "count": 2, "type": "created"}]}}, {"tips": {"count": 0}, "contact": {"facebook": "500835854"}, "firstName": "Victoria", "gender": "female", "lastName": "Tow", "id": "16232705", "bio": "", "photo": {"prefix": "https://igx.4sqi.net/img/user/", "suffix": "/ZI4LIDC3CYYBDZUC.jpg"}, "homeCity": "Sydney, Australia", "lists": {"groups": [{"items": [], "count": 2, "type": "created"}]}}], "count": 31}, "checksum": "fc9f3d820fce26298899c78ec08234b3ce5fed97"}, "meta": {"requestId": "5965c1b41ed21919fc298123", "code": 200}}