{"notifications": [{"type": "notificationTray", "item": {"unreadCount": 0}}], "response": {"friends": {"items": [{"superuser": 2, "tips": {"count": 24}, "contact": {}, "firstName": "Bernard", "gender": "male", "lastName": "Leong", "id": "99548", "bio": "", "photo": {"prefix": "https://igx.4sqi.net/img/user/", "suffix": "/-1_1258434298233.jpg"}, "homeCity": "Singapore", "lists": {"groups": [{"items": [], "count": 2, "type": "created"}]}}, {"tips": {"count": 18}, "contact": {}, "firstName": "Eng Aun", "gender": "male", "lastName": "Cheng", "id": "28647980", "bio": "", "photo": {"prefix": "https://igx.4sqi.net/img/user/", "suffix": "/0JYJFA15VJPI20CQ.jpg"}, "homeCity": "Singapore, Singapore", "lists": {"groups": [{"items": [], "count": 4, "type": "created"}]}}, {"tips": {"count": 5}, "contact": {"facebook": "1380254569"}, "firstName": "Danny", "gender": "male", "lastName": "L", "id": "4649076", "bio": "", "photo": {"prefix": "https://igx.4sqi.net/img/user/", "suffix": "/FOMWGCYBUTC2X0G1.jpg"}, "homeCity": "Seri Kembangan, Malaysia", "lists": {"groups": [{"items": [], "count": 3, "type": "created"}]}}, {"tips": {"count": 1}, "contact": {"twitter": "brandonheato", "facebook": "657788503"}, "firstName": "Brandon", "gender": "male", "lastName": "Ng", "id": "274964", "bio": "http://about.me/thehatguy", "photo": {"prefix": "https://igx.4sqi.net/img/user/", "suffix": "/ATSYGCEDYBG4XC5Z.jpg"}, "homeCity": "\u6e0b\u8c37\u533a, \u6771\u4eac\u90fd", "lists": {"groups": [{"items": [], "count": 2, "type": "created"}]}}, {"tips": {"count": 7}, "contact": {"twitter": "derektrex", "facebook": "775683754"}, "firstName": "Derek", "gender": "male", "lastName": "Tan", "id": "413819", "bio": "", "photo": {"prefix": "https://igx.4sqi.net/img/user/", "suffix": "/ENSUGZYXUCMGK1IC.jpg"}, "homeCity": "Singapore ", "lists": {"groups": [{"items": [], "count": 2, "type": "created"}]}}, {"tips": {"count": 7}, "contact": {"twitter": "raingrove", "facebook": "227700058"}, "firstName": "Pete", "gender": "male", "lastName": "Kim", "id": "364104", "bio": "Co-founder, Nitrous.IO", "photo": {"prefix": "https://igx.4sqi.net/img/user/", "suffix": "/3PF1KTRLMIS4JDWI.jpg"}, "homeCity": "Mountain View, CA", "lists": {"groups": [{"items": [], "count": 2, "type": "created"}]}}, {"tips": {"count": 10}, "contact": {"twitter": "namor", "facebook": "681835154"}, "firstName": "John", "gender": "male", "lastName": "Wong", "id": "4863675", "bio": "", "photo": {"prefix": "https://igx.4sqi.net/img/user/", "suffix": "/4FAEVERB2NMDYHYU.jpg"}, "homeCity": "Kota Kinabalu, Malaysia", "lists": {"groups": [{"items": [], "count": 15, "type": "created"}]}}, {"tips": {"count": 0}, "contact": {}, "firstName": "Mandy", "gender": "female", "lastName": "Lim", "id": "6579947", "bio": "", "photo": {"prefix": "https://igx.4sqi.net/img/user/", "suffix": "/FRLY1CICT3HWME1L.jpg"}, "homeCity": "New York, NY", "lists": {"groups": [{"items": [], "count": 2, "type": "created"}]}}, {"tips": {"count": 152}, "contact": {}, "firstName": "Melvin", "gender": "male", "lastName": "Chee", "id": "240116", "bio": "", "photo": {"prefix": "https://igx.4sqi.net/img/user/", "suffix": "/240116-PUFV2FJ0Z0M3KGEF.jpg"}, "homeCity": "Singapore", "lists": {"groups": [{"items": [], "count": 2, "type": "created"}]}}, {"tips": {"count": 2}, "contact": {}, "firstName": "Ryu", "gender": "male", "lastName": "Ren", "id": "5459038", "bio": "", "photo": {"prefix": "https://igx.4sqi.net/img/user/", "suffix": "/OWFPL0WDNT5REQL5.jpg"}, "homeCity": "Japan", "lists": {"groups": [{"items": [], "count": 2, "type": "created"}]}}, {"tips": {"count": 74}, "contact": {"twitter": "shawghee"}, "firstName": "Shoggy", "gender": "male", "lastName": "Teoh", "id": "1808616", "bio": "", "photo": {"prefix": "https://igx.4sqi.net/img/user/", "suffix": "/EK0CXYCLSFBMQRUJ.jpg"}, "homeCity": "Georgetown, Penang", "lists": {"groups": [{"items": [], "count": 2, "type": "created"}]}}, {"tips": {"count": 0}, "contact": {"twitter": "paohyean", "facebook": "611613062"}, "firstName": "Adrian", "gender": "male", "lastName": "Ng", "id": "4571598", "bio": "", "photo": {"prefix": "https://igx.4sqi.net/img/user/", "suffix": "/0VK4Y4O3YSOW5TV4.jpg"}, "homeCity": "Kuala Lumpur, Malaysia", "lists": {"groups": [{"items": [], "count": 2, "type": "created"}]}}, {"tips": {"count": 3}, "contact": {"twitter": "epicsuperstar", "facebook": "543808806"}, "firstName": "ngeow", "gender": "female", "lastName": "jiawen", "id": "459480", "bio": "", "photo": {"prefix": "https://igx.4sqi.net/img/user/", "suffix": "/MBMB3S3LC5PPRRPP.jpg"}, "homeCity": "Singapore", "lists": {"groups": [{"items": [], "count": 2, "type": "created"}]}}, {"tips": {"count": 1}, "contact": {"twitter": "masaruikeda", "facebook": "732584621"}, "firstName": "Masaru", "gender": "male", "lastName": "Ikeda", "id": "185146", "bio": "", "photo": {"prefix": "https://igx.4sqi.net/img/user/", "suffix": "/HYKCLW3NFTIKLKAQ.jpg"}, "homeCity": "Meguro, Tokyo", "lists": {"groups": [{"items": [], "count": 2, "type": "created"}]}}, {"tips": {"count": 3}, "contact": {}, "firstName": "Nicole", "gender": "female", "lastName": "Nilar", "id": "1745885", "bio": "", "photo": {"prefix": "https://igx.4sqi.net/img/user/", "suffix": "/DOXXT3IF2UUMUELA.jpg"}, "homeCity": "Singapore", "lists": {"groups": [{"items": [], "count": 2, "type": "created"}]}}, {"tips": {"count": 16}, "contact": {"twitter": "shimmershone", "facebook": "518063900"}, "firstName": "Eunice", "gender": "female", "lastName": "Ng", "id": "319207", "bio": "", "photo": {"prefix": "https://igx.4sqi.net/img/user/", "suffix": "/ANCAPVD2TDMPMSO0.jpg"}, "homeCity": "Singapore", "lists": {"groups": [{"items": [], "count": 7, "type": "created"}]}}, {"tips": {"count": 1}, "contact": {"twitter": "kwloo", "facebook": "716092676"}, "firstName": "Wilson Loo", "gender": "male", "lastName": "Kok Wee", "id": "3816112", "bio": "", "photo": {"prefix": "https://igx.4sqi.net/img/user/", "suffix": "/O4BKE1G2YPXR3EED.jpg"}, "homeCity": "Singapore", "lists": {"groups": [{"items": [], "count": 2, "type": "created"}]}}, {"tips": {"count": 6}, "contact": {}, "firstName": "Vinnie", "gender": "male", "lastName": "Lauria", "id": "486", "bio": "", "photo": {"prefix": "https://igx.4sqi.net/img/user/", "suffix": "/486_1236480071.jpg"}, "homeCity": "San Francisco, CA", "lists": {"groups": [{"items": [], "count": 2, "type": "created"}]}}, {"tips": {"count": 10}, "contact": {"twitter": "aarontay", "facebook": "556068025"}, "firstName": "Aaron", "gender": "male", "lastName": "Tay", "id": "151246", "bio": "I'm a Librarian from Singapore.  Journal Mover & Shaker 2011. into social media, bibliometrics, technology etc", "photo": {"prefix": "https://igx.4sqi.net/img/user/", "suffix": "/H0VA2V5OCUN0MNAI.jpg"}, "homeCity": "Singapore", "lists": {"groups": [{"items": [], "count": 2, "type": "created"}]}}, {"tips": {"count": 10}, "contact": {"twitter": "yisengchan", "facebook": "1729731720"}, "firstName": "Yi Seng", "gender": "male", "lastName": "Chan(Eason)", "id": "873150", "bio": "Marketer,Explorer,Social Media & Tech Enthusiast,Workaholic,Entrepreneur,Travelpreneur", "photo": {"prefix": "https://igx.4sqi.net/img/user/", "suffix": "/K1HJAXOGKPPDYJDF.jpg"}, "homeCity": "Singapore", "lists": {"groups": [{"items": [], "count": 2, "type": "created"}]}}, {"tips": {"count": 15}, "contact": {"twitter": "tjunkie", "facebook": "657727635"}, "firstName": "Thomas", "gender": "male", "lastName": "Chai", "id": "220366", "bio": "", "photo": {"prefix": "https://igx.4sqi.net/img/user/", "suffix": "/AGKYXO44CYN4IUYX.jpg"}, "homeCity": "Ipoh, Malaysia ", "lists": {"groups": [{"items": [], "count": 5, "type": "created"}]}}, {"tips": {"count": 37}, "contact": {"facebook": "537754406"}, "firstName": "Kimberly", "gender": "female", "lastName": "Lee", "id": "15600722", "bio": "", "photo": {"prefix": "https://igx.4sqi.net/img/user/", "suffix": "/KAEQ0C4OFLQI0FUD.jpg"}, "homeCity": "New York, NY", "lists": {"groups": [{"items": [], "count": 3, "type": "created"}]}}, {"tips": {"count": 0}, "contact": {}, "firstName": "Sun", "gender": "female", "lastName": "Ho", "id": "168024", "bio": "", "photo": {"prefix": "https://igx.4sqi.net/img/user/", "suffix": "/2DSZSEHFAAAIVCOJ.jpg"}, "homeCity": "Seoul", "lists": {"groups": [{"items": [], "count": 2, "type": "created"}]}}, {"superuser": 2, "tips": {"count": 16}, "contact": {"twitter": "edvarcl", "facebook": "783801677"}, "firstName": "Edvarcl", "gender": "male", "lastName": "Heng", "id": "105138", "bio": "", "photo": {"prefix": "https://igx.4sqi.net/img/user/", "suffix": "/105138_1258688205326.jpg"}, "homeCity": "Singapore", "lists": {"groups": [{"items": [], "count": 8, "type": "created"}]}}, {"tips": {"count": 0}, "contact": {"facebook": "1353332714"}, "firstName": "Sumitro", "gender": "male", "lastName": "Iskandar", "id": "53160809", "bio": "", "photo": {"prefix": "https://igx.4sqi.net/img/user/", "suffix": "/U2ZZS3LU3YYZK2FV.jpg"}, "homeCity": "Singapore", "lists": {"groups": [{"items": [], "count": 2, "type": "created"}]}}, {"tips": {"count": 0}, "contact": {"facebook": "1081830548"}, "firstName": "Danny", "gender": "male", "lastName": "Liew", "id": "6175509", "bio": "", "photo": {"prefix": "https://igx.4sqi.net/img/user/", "suffix": "/QSJPOSMAMM2W3RF4.jpg"}, "homeCity": "Ipoh, Malaysia", "lists": {"groups": [{"items": [], "count": 2, "type": "created"}]}}, {"tips": {"count": 3}, "contact": {"facebook": "655623033"}, "firstName": "Isaac", "gender": "male", "lastName": "Yeo", "id": "1588472", "bio": "", "photo": {"prefix": "https://igx.4sqi.net/img/user/", "suffix": "/Q3JOQ0DQGRTUZKDJ.jpg"}, "homeCity": "Singapore", "lists": {"groups": [{"items": [], "count": 2, "type": "created"}]}}, {"tips": {"count": 0}, "contact": {"facebook": "565226220"}, "firstName": "Situ", "gender": "male", "lastName": "Yi", "id": "26489000", "bio": "", "photo": {"prefix": "https://igx.4sqi.net/img/user/", "suffix": "/5OYZKGYUA05WRCWD.jpg"}, "homeCity": "singapore", "lists": {"groups": [{"items": [], "count": 2, "type": "created"}]}}, {"tips": {"count": 0}, "contact": {}, "firstName": "Amy", "gender": "female", "lastName": "Chong", "id": "8117869", "bio": "", "photo": {"prefix": "https://igx.4sqi.net/img/user/", "suffix": "/2LAUWGA4V45DLY4T.jpg"}, "homeCity": "New York, NY", "lists": {"groups": [{"items": [], "count": 2, "type": "created"}]}}, {"tips": {"count": 6}, "contact": {"twitter": "mohanbelani", "facebook": "227700817"}, "firstName": "Mohan", "gender": "male", "lastName": "Belani", "id": "7515537", "bio": "", "photo": {"prefix": "https://igx.4sqi.net/img/user/", "suffix": "/XT5E5GTJVVEIH2X5.jpg"}, "homeCity": "Singapore", "lists": {"groups": [{"items": [], "count": 2, "type": "created"}]}}, {"tips": {"count": 0}, "contact": {"twitter": "svenbergryen", "facebook": "1252192144"}, "firstName": "Sven", "gender": "male", "lastName": "Ryen", "id": "245858", "bio": "", "photo": {"prefix": "https://igx.4sqi.net/img/user/", "suffix": "/NZV00XOBTBSQAETN.jpg"}, "homeCity": "Singapore", "lists": {"groups": [{"items": [], "count": 2, "type": "created"}]}}, {"tips": {"count": 0}, "contact": {}, "firstName": "Jean", "gender": "female", "lastName": "Ng", "id": "5465983", "bio": "", "photo": {"prefix": "https://igx.4sqi.net/img/user/", "suffix": "/JLMTMAH0FHJRZURA.jpg"}, "homeCity": "New York, NY", "lists": {"groups": [{"items": [], "count": 2, "type": "created"}]}}, {"tips": {"count": 47}, "contact": {"twitter": "yookiyong", "facebook": "1312447608806070"}, "firstName": "\uc720\uae30\uc6a9", "gender": "male", "lastName": "Ki-yong Yoo", "id": "1917236", "bio": "Respice, Adspice, Prospice", "photo": {"prefix": "https://igx.4sqi.net/img/user/", "suffix": "/1917236_M96XBWnm_5NhEZ-kKIW9EdabG5Wl9YSDtCxQoFoNcDlAmpZVGzQzkF7N40wD72o3c1uDx9FyB.jpg"}, "homeCity": "Iksan, Korea", "lists": {"groups": [{"items": [], "count": 2, "type": "created"}]}}, {"tips": {"count": 0}, "contact": {"facebook": "655293238"}, "firstName": "Jin Ro", "gender": "female", "id": "4912231", "bio": "", "photo": {"prefix": "https://igx.4sqi.net/img/user/", "suffix": "/BXZOAMJQQFNLBMDB.jpg"}, "homeCity": "Singapore", "lists": {"groups": [{"items": [], "count": 2, "type": "created"}]}}, {"tips": {"count": 0}, "contact": {"twitter": "carmenyong01"}, "firstName": "Carmen", "gender": "female", "lastName": "Yong", "id": "2888922", "bio": "", "photo": {"prefix": "https://igx.4sqi.net/img/user/", "suffix": "/FAINSIGMEDMB4KL2.jpg"}, "homeCity": "Singapore", "lists": {"groups": [{"items": [], "count": 2, "type": "created"}]}}, {"superuser": 3, "tips": {"count": 263}, "contact": {"twitter": "liewcf", "facebook": "517211934"}, "firstName": "Cheon Fong", "gender": "male", "lastName": "Liew", "id": "198264", "bio": "http://www.liewcf.com", "photo": {"prefix": "https://igx.4sqi.net/img/user/", "suffix": "/XU25DZDJSC4MF3A1.jpg"}, "homeCity": "Kluang, Johor, Malaysia", "lists": {"groups": [{"items": [], "count": 4, "type": "created"}]}}, {"tips": {"count": 22}, "contact": {"twitter": "huubang", "facebook": "717350152"}, "firstName": "Bang", "gender": "male", "lastName": "Le", "id": "4097120", "bio": "", "photo": {"prefix": "https://igx.4sqi.net/img/user/", "suffix": "/DHNUWMBK41FE0TKG.jpg"}, "homeCity": "Singapore", "lists": {"groups": [{"items": [], "count": 5, "type": "created"}]}}, {"tips": {"count": 6}, "contact": {"twitter": "keizng", "facebook": "524851846"}, "firstName": "Keith", "gender": "male", "lastName": "Ng", "id": "385853", "bio": "", "photo": {"prefix": "https://igx.4sqi.net/img/user/", "suffix": "/385853-MNZHP24E4FHOYMM5"}, "homeCity": "Singapore", "lists": {"groups": [{"items": [], "count": 2, "type": "created"}]}}, {"tips": {"count": 0}, "contact": {"facebook": "643650105"}, "firstName": "Ryan", "gender": "male", "lastName": "Lou", "id": "15001876", "bio": "", "photo": {"prefix": "https://igx.4sqi.net/img/user/", "suffix": "/blank_boy.png", "default": true}, "homeCity": "Singapore", "lists": {"groups": [{"items": [], "count": 2, "type": "created"}]}}, {"tips": {"count": 10}, "contact": {"twitter": "jpaine", "facebook": "10104732716135755"}, "firstName": "Jeffrey", "gender": "male", "lastName": "Paine", "id": "52240", "bio": "", "photo": {"prefix": "https://igx.4sqi.net/img/user/", "suffix": "/blank_boy.png", "default": true}, "homeCity": "Singapore", "lists": {"groups": [{"items": [], "count": 3, "type": "created"}]}}, {"tips": {"count": 1}, "contact": {"twitter": "waynechia", "facebook": "227700431"}, "firstName": "Wayne", "gender": "male", "lastName": "Chia", "id": "153066", "bio": "", "photo": {"prefix": "https://igx.4sqi.net/img/user/", "suffix": "/0BUWRT5EO0NPXGTN.jpg"}, "homeCity": "Singapore", "lists": {"groups": [{"items": [], "count": 2, "type": "created"}]}}, {"tips": {"count": 0}, "contact": {}, "firstName": "Yushan", "gender": "female", "lastName": "Kong", "id": "918361", "bio": "", "photo": {"prefix": "https://igx.4sqi.net/img/user/", "suffix": "/blank_girl.png", "default": true}, "homeCity": "Singapore", "lists": {"groups": [{"items": [], "count": 2, "type": "created"}]}}, {"tips": {"count": 5}, "contact": {"twitter": "uum", "facebook": "722540581"}, "firstName": "Bastian", "gender": "male", "lastName": "D\u00f6hling", "id": "2509257", "bio": "Dynamic, creative and eclectic with a modern mindset, a solid history and a belief in the future.", "photo": {"prefix": "https://igx.4sqi.net/img/user/", "suffix": "/P2MCSUIDNDWHZDN1.jpg"}, "homeCity": "Singapore", "lists": {"groups": [{"items": [], "count": 7, "type": "created"}]}}, {"tips": {"count": 1}, "contact": {"twitter": "ufong", "facebook": "673275041"}, "firstName": "U-Fong", "gender": "male", "lastName": "Chua", "id": "174011", "bio": "", "photo": {"prefix": "https://igx.4sqi.net/img/user/", "suffix": "/JH1LLNTMW5P1G2SK.jpg"}, "homeCity": "Singapore", "lists": {"groups": [{"items": [], "count": 2, "type": "created"}]}}, {"tips": {"count": 2}, "contact": {"facebook": "627343"}, "firstName": "Danny", "gender": "male", "lastName": "Tan", "id": "105788", "bio": "", "photo": {"prefix": "https://igx.4sqi.net/img/user/", "suffix": "/105788_1258708501765.jpg"}, "homeCity": "Singapore", "lists": {"groups": [{"items": [], "count": 2, "type": "created"}]}}, {"tips": {"count": 8}, "contact": {"twitter": "masznuraznim", "facebook": "637743228"}, "firstName": "Masnur", "gender": "female", "lastName": "Aznim", "id": "6178739", "bio": "", "photo": {"prefix": "https://igx.4sqi.net/img/user/", "suffix": "/V3DXETRKBBNJ4HTW.jpg"}, "homeCity": "Malaysia", "lists": {"groups": [{"items": [], "count": 2, "type": "created"}]}}, {"tips": {"count": 0}, "contact": {}, "firstName": "Johnathan", "gender": "male", "lastName": "Chsn", "id": "4525521", "bio": "", "photo": {"prefix": "https://igx.4sqi.net/img/user/", "suffix": "/blank_boy.png", "default": true}, "homeCity": "Singapore", "lists": {"groups": [{"items": [], "count": 2, "type": "created"}]}}, {"tips": {"count": 0}, "contact": {"facebook": "505266402"}, "firstName": "Abbas", "gender": "male", "lastName": "Zaidi", "id": "59166005", "bio": "", "photo": {"prefix": "https://igx.4sqi.net/img/user/", "suffix": "/blank_boy.png", "default": true}, "homeCity": "Indianapolis, IN", "lists": {"groups": [{"items": [], "count": 2, "type": "created"}]}}, {"tips": {"count": 0}, "contact": {}, "firstName": "Karyin", "gender": "female", "id": "8588342", "bio": "", "photo": {"prefix": "https://igx.4sqi.net/img/user/", "suffix": "/blank_girl.png", "default": true}, "homeCity": "Ipoh, Malaysia", "lists": {"groups": [{"items": [], "count": 2, "type": "created"}]}}, {"tips": {"count": 0}, "contact": {"twitter": "soareschen", "facebook": "645226585"}, "firstName": "Soares", "gender": "male", "lastName": "Chen", "id": "10787299", "bio": "", "photo": {"prefix": "https://igx.4sqi.net/img/user/", "suffix": "/10787299-OGCTEHEXLQZCX23Q"}, "homeCity": "Singapore", "lists": {"groups": [{"items": [], "count": 5, "type": "created"}]}}, {"tips": {"count": 0}, "contact": {}, "firstName": "Seemone", "gender": "female", "lastName": "Lee", "id": "1422266", "bio": "", "photo": {"prefix": "https://igx.4sqi.net/img/user/", "suffix": "/MM43AXZWPRRE5NMV.jpg"}, "homeCity": "Sitiawan, Perak", "lists": {"groups": [{"items": [], "count": 2, "type": "created"}]}}, {"tips": {"count": 0}, "contact": {}, "firstName": "Foong", "gender": "male", "lastName": "Ck", "id": "5499226", "bio": "", "photo": {"prefix": "https://igx.4sqi.net/img/user/", "suffix": "/VYOD14GNVP0SIOXM.jpg"}, "homeCity": "Ipoh, Malaysia", "lists": {"groups": [{"items": [], "count": 2, "type": "created"}]}}, {"tips": {"count": 0}, "contact": {}, "firstName": "Sivasankar", "gender": "male", "lastName": "Ramasubramanian", "id": "2187309", "bio": "", "photo": {"prefix": "https://igx.4sqi.net/img/user/", "suffix": "/0L5B540C5UUWD2VY.jpg"}, "homeCity": "Stockholm, Sverige", "lists": {"groups": [{"items": [], "count": 3, "type": "created"}]}}, {"tips": {"count": 0}, "contact": {"facebook": "667193391"}, "firstName": "Allison Oh", "gender": "female", "id": "9841212", "bio": "", "photo": {"prefix": "https://igx.4sqi.net/img/user/", "suffix": "/GUNIR1NGIR0IHBC5.jpg"}, "homeCity": "Singapore", "lists": {"groups": [{"items": [], "count": 2, "type": "created"}]}}, {"tips": {"count": 0}, "contact": {}, "firstName": "Jia Jian", "gender": "male", "lastName": "Ho", "id": "3748813", "bio": "", "photo": {"prefix": "https://igx.4sqi.net/img/user/", "suffix": "/0IEDYQ0UKY5LGKE1.jpg"}, "homeCity": "New York, NY", "lists": {"groups": [{"items": [], "count": 2, "type": "created"}]}}, {"tips": {"count": 47}, "contact": {"twitter": "cgeissendoerfer", "facebook": "241270896369844"}, "firstName": "Christian", "gender": "male", "lastName": "Geissendoerfer", "id": "200147", "bio": "Entrepreneur // Mobile Advertising // Location Based Services", "photo": {"prefix": "https://igx.4sqi.net/img/user/", "suffix": "/200147_MTN1bWJ3_FIYpV8_TF4lP6eAjhG6pxgm8EZulWZpsZAcbgdu7RDj9XpVSEJbpVdsGkaqeRyCU.jpg"}, "homeCity": "Singapore", "lists": {"groups": [{"items": [], "count": 19, "type": "created"}]}}, {"tips": {"count": 0}, "contact": {"facebook": "509681029"}, "firstName": "Peach", "gender": "none", "id": "5363294", "bio": "", "photo": {"prefix": "https://igx.4sqi.net/img/user/", "suffix": "/TXNAEP3YPWUZ1VDS.jpg"}, "homeCity": "Singapore", "lists": {"groups": [{"items": [], "count": 2, "type": "created"}]}}, {"tips": {"count": 0}, "contact": {}, "firstName": "Steve", "gender": "male", "lastName": "Y", "id": "618314", "bio": "", "photo": {"prefix": "https://igx.4sqi.net/img/user/", "suffix": "/blank_boy.png", "default": true}, "homeCity": "Singapore", "lists": {"groups": [{"items": [], "count": 2, "type": "created"}]}}, {"tips": {"count": 0}, "contact": {"facebook": "1074932002"}, "firstName": "Chai", "gender": "female", "lastName": "Lin", "id": "73699154", "bio": "", "photo": {"prefix": "https://igx.4sqi.net/img/user/", "suffix": "/73699154-VKC02HTHUNITWIZY.jpg"}, "homeCity": "Ampang", "lists": {"groups": [{"items": [], "count": 2, "type": "created"}]}}, {"tips": {"count": 0}, "contact": {"facebook": "227700429"}, "firstName": "Kai", "gender": "male", "lastName": "Wang", "id": "59622", "bio": "", "photo": {"prefix": "https://igx.4sqi.net/img/user/", "suffix": "/blank_boy.png", "default": true}, "homeCity": "Singapore", "lists": {"groups": [{"items": [], "count": 2, "type": "created"}]}}, {"superuser": 2, "tips": {"count": 21}, "contact": {"facebook": "664596657"}, "firstName": "Harinder", "gender": "male", "lastName": "Singh", "id": "157794", "bio": "Tech Evangelist. Blogger. Geek. Open Source.WordPress. Firefox. \uf8ff. Couchsurfer. Community. Digital Strategist @SocialOgilvy. Opinions are of my own.", "photo": {"prefix": "https://igx.4sqi.net/img/user/", "suffix": "/3X5BE3ZVJPXMQY5V.jpg"}, "homeCity": "Setapak, Kuala Lumpur", "lists": {"groups": [{"items": [], "count": 9, "type": "created"}]}}, {"tips": {"count": 24}, "contact": {"twitter": "dawnbey", "facebook": "590271368"}, "firstName": "Dawn", "gender": "female", "lastName": "Bey", "id": "1156047", "bio": "", "photo": {"prefix": "https://igx.4sqi.net/img/user/", "suffix": "/3MUL5ZOE1JI3GAGZ.jpg"}, "homeCity": "Kent Ridge, Singapore", "lists": {"groups": [{"items": [], "count": 13, "type": "created"}]}}, {"tips": {"count": 3}, "contact": {"twitter": "gwendolynregina", "facebook": "227700623"}, "firstName": "Gwendolyn", "gender": "female", "lastName": "Regina", "id": "3669430", "bio": "Solve problems, make art, think deeply, because life is an adventure", "photo": {"prefix": "https://igx.4sqi.net/img/user/", "suffix": "/3669430-UVBMSHEL0PNXNM5M.jpg"}, "homeCity": "Singapore", "lists": {"groups": [{"items": [], "count": 25, "type": "created"}]}}, {"tips": {"count": 7}, "contact": {"twitter": "cheeaun", "facebook": "744426293"}, "firstName": "Chee Aun", "gender": "male", "lastName": "Lim", "id": "105964", "bio": "Solo traveller.", "photo": {"prefix": "https://igx.4sqi.net/img/user/", "suffix": "/105964-MRLCK2IHMGD5ETXI.jpg"}, "homeCity": "Singapore", "lists": {"groups": [{"items": [], "count": 7, "type": "created"}]}}, {"tips": {"count": 15}, "contact": {"twitter": "nurichan", "facebook": "531337506"}, "firstName": "Peggie", "gender": "female", "lastName": "Aw", "id": "6262640", "bio": "", "photo": {"prefix": "https://igx.4sqi.net/img/user/", "suffix": "/6262640-ZYZCJRM0LUPN5KI1.jpg"}, "homeCity": "Unnamed Location", "lists": {"groups": [{"items": [], "count": 2, "type": "created"}]}}, {"tips": {"count": 1}, "contact": {"facebook": "1155418213"}, "firstName": "Yeoh", "gender": "male", "lastName": "Kok Cheow", "id": "5140552", "bio": "", "photo": {"prefix": "https://igx.4sqi.net/img/user/", "suffix": "/2GFUPA02VLUYUFMH.jpg"}, "homeCity": "Chemor, Malaysia", "lists": {"groups": [{"items": [], "count": 2, "type": "created"}]}}, {"tips": {"count": 0}, "contact": {"facebook": "539665548"}, "firstName": "Adeline", "gender": "female", "lastName": "Liew", "id": "30539880", "bio": "", "photo": {"prefix": "https://igx.4sqi.net/img/user/", "suffix": "/LWQV1YFWVT0IPCLW.jpg"}, "homeCity": "Perak", "lists": {"groups": [{"items": [], "count": 2, "type": "created"}]}}, {"tips": {"count": 1}, "contact": {"facebook": "1379171758"}, "firstName": "Lim", "gender": "male", "lastName": "Kit Chai", "id": "13848540", "bio": "", "photo": {"prefix": "https://igx.4sqi.net/img/user/", "suffix": "/AOALYTHQ4OSJVDBQ.jpg"}, "homeCity": "Batu Gajah, Malaysia", "lists": {"groups": [{"items": [], "count": 2, "type": "created"}]}}, {"tips": {"count": 0}, "contact": {"facebook": "670210799"}, "firstName": "Wu", "gender": "male", "lastName": "Zhichuan", "id": "58653206", "bio": "", "photo": {"prefix": "https://igx.4sqi.net/img/user/", "suffix": "/blank_boy.png", "default": true}, "homeCity": "Singapore, Singapore", "lists": {"groups": [{"items": [], "count": 2, "type": "created"}]}}, {"tips": {"count": 0}, "contact": {}, "firstName": "Ruyin", "gender": "female", "lastName": "Goh", "id": "5562972", "bio": "", "photo": {"prefix": "https://igx.4sqi.net/img/user/", "suffix": "/KZWWNXJ4K0SDLKSU.jpg"}, "homeCity": "Singapore", "lists": {"groups": [{"items": [], "count": 2, "type": "created"}]}}, {"tips": {"count": 2}, "contact": {"twitter": "joashweecikai", "facebook": "768915745"}, "firstName": "Joash", "gender": "male", "lastName": "Wee", "id": "2764356", "bio": "", "photo": {"prefix": "https://igx.4sqi.net/img/user/", "suffix": "/AJMYJXNBG540R5MK.jpg"}, "homeCity": "Singapore", "lists": {"groups": [{"items": [], "count": 2, "type": "created"}]}}, {"tips": {"count": 9}, "contact": {"twitter": "myodel"}, "firstName": "Marilyn", "gender": "female", "lastName": "Woo", "id": "3914340", "bio": "", "photo": {"prefix": "https://igx.4sqi.net/img/user/", "suffix": "/5AGSBEUKDC4LFFQG.jpg"}, "homeCity": "Kuala Lumpur, Malaysia", "lists": {"groups": [{"items": [], "count": 3, "type": "created"}]}}, {"tips": {"count": 0}, "contact": {"facebook": "100003086377137"}, "firstName": "Gavin", "gender": "male", "lastName": "Wong", "id": "6586227", "bio": "", "photo": {"prefix": "https://igx.4sqi.net/img/user/", "suffix": "/6586227-ZNRILAMZFSOI1BOO.jpg"}, "homeCity": "Singapore", "lists": {"groups": [{"items": [], "count": 2, "type": "created"}]}}, {"tips": {"count": 4}, "contact": {}, "firstName": "Advait", "gender": "male", "lastName": "Pandey", "id": "620273", "bio": "", "photo": {"prefix": "https://igx.4sqi.net/img/user/", "suffix": "/U50FNLNCPKWDBRI3.jpg"}, "homeCity": "New York, NY", "lists": {"groups": [{"items": [], "count": 2, "type": "created"}]}}, {"tips": {"count": 0}, "contact": {"facebook": "608990188"}, "firstName": "Sebastiaan", "gender": "male", "lastName": "Deckers", "id": "74172892", "bio": "", "photo": {"prefix": "https://igx.4sqi.net/img/user/", "suffix": "/74172892-YDAJTZF153MKOBT2.jpg"}, "homeCity": "Singapore, Singapore", "lists": {"groups": [{"items": [], "count": 2, "type": "created"}]}}, {"superuser": 1, "tips": {"count": 4}, "contact": {}, "firstName": "Ruiwen", "gender": "male", "lastName": "Chua", "id": "76721", "bio": "", "photo": {"prefix": "https://igx.4sqi.net/img/user/", "suffix": "/76721_1259301235465.jpg"}, "homeCity": "Singapore", "lists": {"groups": [{"items": [], "count": 2, "type": "created"}]}}, {"tips": {"count": 0}, "contact": {}, "firstName": "Penny", "gender": "female", "lastName": "Ng", "id": "4209480", "bio": "", "photo": {"prefix": "https://igx.4sqi.net/img/user/", "suffix": "/blank_girl.png", "default": true}, "homeCity": "Mountain View, CA", "lists": {"groups": [{"items": [], "count": 2, "type": "created"}]}}, {"tips": {"count": 3}, "contact": {"twitter": "mahesh427", "facebook": "509177354"}, "firstName": "Mahesh", "gender": "male", "lastName": "Kumar", "id": "1393647", "bio": "", "photo": {"prefix": "https://igx.4sqi.net/img/user/", "suffix": "/QNCU53YFDVGRQZHP.jpg"}, "homeCity": "Singapore", "lists": {"groups": [{"items": [], "count": 2, "type": "created"}]}}, {"tips": {"count": 80}, "contact": {"twitter": "vlauria", "facebook": "926919"}, "firstName": "UrbanHikers", "gender": "none", "id": "5303767", "bio": "", "photo": {"prefix": "https://igx.4sqi.net/img/user/", "suffix": "/0WZA3ZXOK30IK2H1.png"}, "homeCity": "Singapore", "lists": {"groups": [{"items": [], "count": 7, "type": "created"}]}}, {"superuser": 1, "tips": {"count": 7}, "contact": {"twitter": "m0t0chan", "facebook": "217458"}, "firstName": "James", "gender": "male", "lastName": "Chan", "id": "107560", "bio": "", "photo": {"prefix": "https://igx.4sqi.net/img/user/", "suffix": "/107560-52Q0Y5PGJYD3LVOY.jpg"}, "homeCity": "Changi, Singapore", "lists": {"groups": [{"items": [], "count": 2, "type": "created"}]}}, {"tips": {"count": 1}, "contact": {"twitter": "fishmeatdie", "facebook": "1210094179007072"}, "firstName": "Eros", "gender": "male", "lastName": "Si", "id": "12471710", "bio": "", "photo": {"prefix": "https://igx.4sqi.net/img/user/", "suffix": "/12471710-RLG2IESOMQTWIA4E.jpg"}, "homeCity": "Ipoh, Malaysia", "lists": {"groups": [{"items": [], "count": 3, "type": "created"}]}}, {"tips": {"count": 0}, "contact": {}, "firstName": "Mihir", "gender": "male", "lastName": "Sridhar", "id": "6790082", "bio": "", "photo": {"prefix": "https://igx.4sqi.net/img/user/", "suffix": "/blank_boy.png", "default": true}, "homeCity": "Singapore", "lists": {"groups": [{"items": [], "count": 2, "type": "created"}]}}, {"tips": {"count": 8}, "contact": {"facebook": "503324094"}, "firstName": "Jacob", "gender": "male", "lastName": "Pang", "id": "50392821", "bio": "", "photo": {"prefix": "https://igx.4sqi.net/img/user/", "suffix": "/O5QX4KDCQBNVMWGB.jpg"}, "homeCity": "Singapore", "lists": {"groups": [{"items": [], "count": 2, "type": "created"}]}}, {"tips": {"count": 19}, "contact": {"twitter": "alanthoo", "facebook": "639272112"}, "firstName": "Alan", "gender": "male", "lastName": "Thoo", "id": "5609486", "bio": "", "photo": {"prefix": "https://igx.4sqi.net/img/user/", "suffix": "/DYN3DOJTXAFWEV1W.jpg"}, "homeCity": "Damansara Perdana", "lists": {"groups": [{"items": [], "count": 2, "type": "created"}]}}, {"tips": {"count": 14}, "contact": {"facebook": "661083870"}, "firstName": "neohtm", "gender": "male", "id": "3653128", "bio": "", "photo": {"prefix": "https://igx.4sqi.net/img/user/", "suffix": "/5JQCCJ4ARN0OWVWF.jpg"}, "homeCity": "Ipoh, Perak, Malaysia", "lists": {"groups": [{"items": [], "count": 4, "type": "created"}]}}, {"tips": {"count": 0}, "contact": {}, "firstName": "Brent", "gender": "male", "lastName": "Pang", "id": "9748637", "bio": "", "photo": {"prefix": "https://igx.4sqi.net/img/user/", "suffix": "/blank_boy.png", "default": true}, "homeCity": "Singapore", "lists": {"groups": [{"items": [], "count": 2, "type": "created"}]}}, {"tips": {"count": 0}, "contact": {"facebook": "557728315"}, "firstName": "Maro", "gender": "female", "lastName": "Lee", "id": "15157627", "bio": "", "photo": {"prefix": "https://igx.4sqi.net/img/user/", "suffix": "/KW5KQ3AFUTMHF0JJ.jpg"}, "homeCity": "Melbourne, Australia", "lists": {"groups": [{"items": [], "count": 2, "type": "created"}]}}, {"tips": {"count": 3}, "contact": {}, "firstName": "Cherry", "gender": "female", "lastName": "Rahtu", "id": "686882", "bio": "", "photo": {"prefix": "https://igx.4sqi.net/img/user/", "suffix": "/686882-VHMA24ISQIMRXPVW"}, "homeCity": "Singapore", "lists": {"groups": [{"items": [], "count": 2, "type": "created"}]}}, {"tips": {"count": 234}, "contact": {"twitter": "skinnylatte", "facebook": "10157136597960265"}, "firstName": "Adrianna", "gender": "male", "lastName": "Tan", "id": "113201", "bio": "", "photo": {"prefix": "https://igx.4sqi.net/img/user/", "suffix": "/113201_1259743369979.jpg"}, "homeCity": "Jakarta, DKI Jakarta, Indonesia", "lists": {"groups": [{"items": [], "count": 45, "type": "created"}]}}, {"tips": {"count": 3}, "contact": {}, "firstName": "Dhillon", "gender": "male", "lastName": "Rao", "id": "4210487", "bio": "", "photo": {"prefix": "https://igx.4sqi.net/img/user/", "suffix": "/F3SFROCPCBKTRDMK.jpg"}, "homeCity": "Petaling Jaya, Malaysia", "lists": {"groups": [{"items": [], "count": 2, "type": "created"}]}}, {"tips": {"count": 0}, "contact": {"facebook": "555661473"}, "firstName": "Verleen", "gender": "female", "lastName": "Goh", "id": "1397238", "bio": "", "photo": {"prefix": "https://igx.4sqi.net/img/user/", "suffix": "/ZUCBXVOIG52QDBP2.jpg"}, "homeCity": "Singapore", "lists": {"groups": [{"items": [], "count": 2, "type": "created"}]}}, {"tips": {"count": 0}, "contact": {"twitter": "libras2909", "facebook": "1446078791"}, "firstName": "Daniel", "gender": "male", "lastName": "Le", "id": "5877209", "bio": "", "photo": {"prefix": "https://igx.4sqi.net/img/user/", "suffix": "/QCUXMNWJHSTXMGBF.jpg"}, "homeCity": "Singapore, Singapore", "lists": {"groups": [{"items": [], "count": 2, "type": "created"}]}}, {"tips": {"count": 5}, "contact": {"twitter": "jarrold"}, "firstName": "Jarrold", "gender": "male", "lastName": "Ong", "id": "107705", "bio": "", "photo": {"prefix": "https://igx.4sqi.net/img/user/", "suffix": "/4HIX5JD2TUNZO4PL.jpg"}, "homeCity": "Singapore, ", "lists": {"groups": [{"items": [], "count": 2, "type": "created"}]}}, {"tips": {"count": 43}, "contact": {"twitter": "nubeals", "facebook": "10153330404840926"}, "firstName": "Nabeel", "gender": "male", "lastName": "Khalid", "id": "12763802", "bio": "", "photo": {"prefix": "https://igx.4sqi.net/img/user/", "suffix": "/12763802-XK5HMEQQ03ZA0K2F.jpg"}, "homeCity": "Karachi, Pakistan", "lists": {"groups": [{"items": [], "count": 4, "type": "created"}]}}, {"tips": {"count": 0}, "contact": {}, "firstName": "Chan", "gender": "female", "lastName": "Connie", "id": "6862277", "bio": "", "photo": {"prefix": "https://igx.4sqi.net/img/user/", "suffix": "/Z3FU3NH0QTLO2IZI.jpg"}, "homeCity": "New York, NY", "lists": {"groups": [{"items": [], "count": 2, "type": "created"}]}}, {"tips": {"count": 5}, "contact": {"facebook": "681895533"}, "firstName": "Simon", "gender": "male", "lastName": "Leong", "id": "5659130", "bio": "", "photo": {"prefix": "https://igx.4sqi.net/img/user/", "suffix": "/1DESDSDKZHXJOMZA.jpg"}, "homeCity": "Putra height, Malaysia", "lists": {"groups": [{"items": [], "count": 2, "type": "created"}]}}, {"tips": {"count": 9}, "contact": {"twitter": "elizachia", "facebook": "584863701"}, "firstName": "Eliza", "gender": "female", "lastName": "Chia", "id": "3661173", "bio": "", "photo": {"prefix": "https://igx.4sqi.net/img/user/", "suffix": "/3661173-W1SH12GE33BF1PUZ.jpg"}, "homeCity": "Ipoh, Malaysia", "lists": {"groups": [{"items": [], "count": 2, "type": "created"}]}}, {"tips": {"count": 2}, "contact": {"facebook": "663721158"}, "firstName": "Kristabel", "gender": "female", "lastName": "Quek", "id": "50694856", "bio": "Giftmistry", "photo": {"prefix": "https://igx.4sqi.net/img/user/", "suffix": "/DBBIZFGCFQWNYHD1.jpg"}, "homeCity": "Singapore", "lists": {"groups": [{"items": [], "count": 3, "type": "created"}]}}, {"tips": {"count": 8}, "contact": {"twitter": "lianglin", "facebook": "10152814702605687"}, "firstName": "Lianglin", "gender": "male", "lastName": "Zhu", "id": "986071", "bio": "", "photo": {"prefix": "https://igx.4sqi.net/img/user/", "suffix": "/EAFSEHHXIBBIFINK.jpg"}, "homeCity": "Singapore", "lists": {"groups": [{"items": [], "count": 2, "type": "created"}]}}, {"tips": {"count": 14}, "contact": {"twitter": "wynlim", "facebook": "786683222"}, "firstName": "Winnie", "gender": "female", "lastName": "Lim", "id": "115160", "bio": "", "photo": {"prefix": "https://igx.4sqi.net/img/user/", "suffix": "/DONLZGJQ0SSMFTM2.jpg"}, "homeCity": "Singapore", "lists": {"groups": [{"items": [], "count": 19, "type": "created"}]}}, {"tips": {"count": 11}, "contact": {"twitter": "cggaurav"}, "firstName": "Gaurav", "gender": "male", "lastName": "Chandrashekar", "id": "1411153", "bio": "", "photo": {"prefix": "https://igx.4sqi.net/img/user/", "suffix": "/1411153-J5DIKLL4R31VIJ1S.jpg"}, "homeCity": "Stockholm", "lists": {"groups": [{"items": [], "count": 4, "type": "created"}]}}, {"tips": {"count": 1}, "contact": {"twitter": "shan0042", "facebook": "690405356"}, "firstName": "Shankar", "gender": "male", "lastName": "Krishnamurthy", "id": "6384637", "bio": "", "photo": {"prefix": "https://igx.4sqi.net/img/user/", "suffix": "/KO3UVW5XLWU14TX5.jpg"}, "homeCity": "Singapore", "lists": {"groups": [{"items": [], "count": 2, "type": "created"}]}}, {"superuser": 1, "tips": {"count": 22}, "contact": {"twitter": "zhiq", "facebook": "750716662"}, "firstName": "Lim", "gender": "male", "lastName": "Yung-Hui", "id": "107887", "bio": "", "photo": {"prefix": "https://igx.4sqi.net/img/user/", "suffix": "/GIOMMOSLMNQR5BW5.jpg"}, "homeCity": "Kuala Lumpur, Malaysia", "lists": {"groups": [{"items": [], "count": 3, "type": "created"}]}}, {"tips": {"count": 0}, "contact": {"facebook": "563876188"}, "firstName": "travis", "gender": "male", "lastName": "ho", "id": "12766480", "bio": "", "photo": {"prefix": "https://igx.4sqi.net/img/user/", "suffix": "/GSAC0FFL4SJZ1ISF.jpg"}, "homeCity": "Singapore", "lists": {"groups": [{"items": [], "count": 2, "type": "created"}]}}, {"tips": {"count": 1}, "contact": {"facebook": "706044324"}, "firstName": "Andy", "gender": "male", "lastName": "Tai", "id": "7016471", "bio": "", "photo": {"prefix": "https://igx.4sqi.net/img/user/", "suffix": "/SDW0AM413EMAAYC2.jpg"}, "homeCity": "Kuala Lumpur, Malaysia", "lists": {"groups": [{"items": [], "count": 2, "type": "created"}]}}, {"tips": {"count": 5}, "contact": {"facebook": "709233691"}, "firstName": "Beier", "gender": "female", "lastName": "Yap", "id": "5886167", "bio": "", "photo": {"prefix": "https://igx.4sqi.net/img/user/", "suffix": "/5886167-K4DF1CATHC2YCT4O.jpg"}, "homeCity": "Petaling Jaya, Malaysia", "lists": {"groups": [{"items": [], "count": 2, "type": "created"}]}}, {"tips": {"count": 0}, "contact": {"twitter": "yugenelee", "facebook": "630280851"}, "firstName": "Yugene", "gender": "male", "lastName": "Lee", "id": "5052101", "bio": "Co-founder & Designer of DealsChrome and Deals89. Freelance designer for Lay's and Doritos, Orchard Central, Lakerol Singapore. Interned at 2359 media and EIM.", "photo": {"prefix": "https://igx.4sqi.net/img/user/", "suffix": "/HO0N1KOW53EMJZF5.jpg"}, "homeCity": "Singapore", "lists": {"groups": [{"items": [], "count": 2, "type": "created"}]}}, {"tips": {"count": 0}, "contact": {"facebook": "808357575"}, "firstName": "Usman", "gender": "male", "lastName": "Sheikh", "id": "998277", "bio": "", "photo": {"prefix": "https://igx.4sqi.net/img/user/", "suffix": "/LUXVXLWCXRTQG1XA.png"}, "homeCity": "Singapore", "lists": {"groups": [{"items": [], "count": 2, "type": "created"}]}}, {"superuser": 1, "tips": {"count": 4}, "contact": {"facebook": "655926467"}, "firstName": "Aaron", "gender": "male", "lastName": "Chan", "id": "124471", "bio": "", "photo": {"prefix": "https://igx.4sqi.net/img/user/", "suffix": "/124471_1259211184378.jpg"}, "homeCity": "Singapore", "lists": {"groups": [{"items": [], "count": 2, "type": "created"}]}}, {"tips": {"count": 0}, "contact": {}, "firstName": "Ariel", "gender": "female", "lastName": "Yu", "id": "1713128", "bio": "", "photo": {"prefix": "https://igx.4sqi.net/img/user/", "suffix": "/ZT3WUYBSKUJB5N4M.jpg"}, "homeCity": "Singapore", "lists": {"groups": [{"items": [], "count": 2, "type": "created"}]}}, {"tips": {"count": 2}, "contact": {"facebook": "1166521192"}, "firstName": "Kenneth", "gender": "male", "lastName": "Wong", "id": "8693961", "bio": "", "photo": {"prefix": "https://igx.4sqi.net/img/user/", "suffix": "/TSVBQVSEGW11XGJA.jpg"}, "homeCity": "Kuala Lumpur, Malaysia", "lists": {"groups": [{"items": [], "count": 2, "type": "created"}]}}, {"superuser": 1, "tips": {"count": 81}, "contact": {"twitter": "joonian", "facebook": "10103736221933099"}, "firstName": "Joon Ian", "gender": "male", "lastName": "Wong", "id": "108251", "bio": "London", "photo": {"prefix": "https://igx.4sqi.net/img/user/", "suffix": "/108251-QD4IFQPQTVJMG5WO.jpg"}, "homeCity": "London", "lists": {"groups": [{"items": [], "count": 5, "type": "created"}]}}, {"tips": {"count": 0}, "contact": {"twitter": "angadsg", "facebook": "10153057025943226"}, "firstName": "Angad", "gender": "male", "lastName": "Singh", "id": "7075885", "bio": "", "photo": {"prefix": "https://igx.4sqi.net/img/user/", "suffix": "/blank_boy.png", "default": true}, "homeCity": "Singapore", "lists": {"groups": [{"items": [], "count": 2, "type": "created"}]}}, {"tips": {"count": 0}, "contact": {}, "firstName": "Wicky", "gender": "male", "lastName": "Chong", "id": "5970654", "bio": "", "photo": {"prefix": "https://igx.4sqi.net/img/user/", "suffix": "/blank_boy.png", "default": true}, "homeCity": "ipoh, Malaysia", "lists": {"groups": [{"items": [], "count": 2, "type": "created"}]}}, {"tips": {"count": 0}, "contact": {"facebook": "511897063"}, "firstName": "Divya", "gender": "female", "lastName": "Nair", "id": "5053005", "bio": "", "photo": {"prefix": "https://igx.4sqi.net/img/user/", "suffix": "/LZ2402EPXOL1RNPF.jpg"}, "homeCity": "Ipoh, Malaysia", "lists": {"groups": [{"items": [], "count": 2, "type": "created"}]}}, {"tips": {"count": 21}, "contact": {"facebook": "556829745"}, "firstName": "Alex", "gender": "male", "lastName": "Chew", "id": "1697970", "bio": "", "photo": {"prefix": "https://igx.4sqi.net/img/user/", "suffix": "/1697970-QGMMHJOVPRONUAPQ"}, "homeCity": "Singapore", "lists": {"groups": [{"items": [], "count": 2, "type": "created"}]}}, {"tips": {"count": 0}, "contact": {}, "firstName": "Bjorn", "gender": "male", "lastName": "Lee", "id": "124476", "bio": "", "photo": {"prefix": "https://igx.4sqi.net/img/user/", "suffix": "/blank_boy.png", "default": true}, "homeCity": "Singapore", "lists": {"groups": [{"items": [], "count": 2, "type": "created"}]}}, {"tips": {"count": 44}, "contact": {"twitter": "wilfred", "facebook": "661094516"}, "firstName": "Wilfred", "gender": "male", "lastName": "Tee", "id": "2038206", "bio": "", "photo": {"prefix": "https://igx.4sqi.net/img/user/", "suffix": "/0RCBB3OVSWLGZRWG.jpg"}, "homeCity": "Kuala Lumpur", "lists": {"groups": [{"items": [], "count": 10, "type": "created"}]}}, {"tips": {"count": 0}, "contact": {"twitter": "mynameisiska"}, "firstName": "Iska", "gender": "male", "lastName": "Malik", "id": "108306", "bio": "", "photo": {"prefix": "https://igx.4sqi.net/img/user/", "suffix": "/108306_1258710821575.jpg"}, "homeCity": "Singapore", "lists": {"groups": [{"items": [], "count": 2, "type": "created"}]}}, {"tips": {"count": 0}, "contact": {}, "firstName": "Siewyik", "gender": "male", "lastName": "Chang", "id": "8510208", "bio": "", "photo": {"prefix": "https://igx.4sqi.net/img/user/", "suffix": "/blank_boy.png", "default": true}, "homeCity": "Singapore", "lists": {"groups": [{"items": [], "count": 2, "type": "created"}]}}, {"tips": {"count": 211}, "contact": {"twitter": "currykhoo", "facebook": "1323300739"}, "firstName": "Curry", "gender": "male", "lastName": "Khoo", "id": "1699300", "bio": "Content & Media developer and tech startup from Penang, Malaysia. Into collecting toys, and love good music, movies and cartoon.", "photo": {"prefix": "https://igx.4sqi.net/img/user/", "suffix": "/LFYRFQA4E123HDE5.jpg"}, "homeCity": "Georgetown, Pulau Pinang", "lists": {"groups": [{"items": [], "count": 4, "type": "created"}]}}, {"tips": {"count": 188}, "contact": {"twitter": "jasongan", "facebook": "10152995860262393"}, "firstName": "Jason", "gender": "male", "lastName": "Gan", "id": "138626", "bio": "Entrepreneur, social media addict. Loves good coffee and good people.", "photo": {"prefix": "https://igx.4sqi.net/img/user/", "suffix": "/138626-X1PGMZGXHXEB4QYD.jpg"}, "homeCity": "Georgetown, Penang", "lists": {"groups": [{"items": [], "count": 13, "type": "created"}]}}, {"tips": {"count": 1}, "contact": {"facebook": "10153794497822794"}, "firstName": "Eric", "gender": "male", "lastName": "Ng", "id": "2476827", "bio": "", "photo": {"prefix": "https://igx.4sqi.net/img/user/", "suffix": "/JYPO3R1L1CIXXPGP.jpg"}, "homeCity": "Singapore", "lists": {"groups": [{"items": [], "count": 2, "type": "created"}]}}, {"superuser": 1, "tips": {"count": 7}, "contact": {"twitter": "triplez82", "facebook": "618173122"}, "firstName": "Justin", "gender": "male", "lastName": "Lee", "id": "112320", "bio": "", "photo": {"prefix": "https://igx.4sqi.net/img/user/", "suffix": "/112320_1258956701019.png"}, "homeCity": "Singapore", "lists": {"groups": [{"items": [], "count": 4, "type": "created"}]}}, {"tips": {"count": 0}, "contact": {"facebook": "628693245"}, "firstName": "Gabriel", "gender": "male", "lastName": "Yang", "id": "9671038", "bio": "", "photo": {"prefix": "https://igx.4sqi.net/img/user/", "suffix": "/UDD5NQFDLVIHWK32.jpg"}, "homeCity": "Singapore", "lists": {"groups": [{"items": [], "count": 2, "type": "created"}]}}, {"tips": {"count": 1}, "contact": {"twitter": "abhinavkrishna", "facebook": "227700876"}, "firstName": "Abhinav", "gender": "male", "lastName": "Krishna", "id": "8930787", "bio": "", "photo": {"prefix": "https://igx.4sqi.net/img/user/", "suffix": "/JQP3VWO35ILVFUSW.jpg"}, "homeCity": "Singapore", "lists": {"groups": [{"items": [], "count": 2, "type": "created"}]}}, {"tips": {"count": 2}, "contact": {"twitter": "nenggiin", "facebook": "10154141330456155"}, "firstName": "Neng Giin", "gender": "male", "lastName": "Yap", "id": "142921", "bio": "", "photo": {"prefix": "https://igx.4sqi.net/img/user/", "suffix": "/142921_1260115237027.jpg"}, "homeCity": "Singapore", "lists": {"groups": [{"items": [], "count": 2, "type": "created"}]}}, {"tips": {"count": 0}, "contact": {}, "firstName": "Joshua", "gender": "male", "lastName": "Lee", "id": "2642290", "bio": "", "photo": {"prefix": "https://igx.4sqi.net/img/user/", "suffix": "/JW0QFZ1HKL5B0VII.jpg"}, "homeCity": "Singapore", "lists": {"groups": [{"items": [], "count": 2, "type": "created"}]}}, {"tips": {"count": 7}, "contact": {"facebook": "10153305795082881"}, "firstName": "Martin", "gender": "male", "lastName": "Henwood", "id": "500729", "bio": "", "photo": {"prefix": "https://igx.4sqi.net/img/user/", "suffix": "/LL5TTQC2ICGU3LLV.jpg"}, "homeCity": "Singapore, SG", "lists": {"groups": [{"items": [], "count": 6, "type": "created"}]}}, {"tips": {"count": 6}, "contact": {}, "firstName": "Vincent", "gender": "male", "lastName": "Redfield", "id": "11484622", "bio": "Workaholic by day, wanderolic by night. If there is a square of oxygen, we won't stop explore nor exploit.\r\n\r\nwww.facebook.com/vincent.redfield", "photo": {"prefix": "https://igx.4sqi.net/img/user/", "suffix": "/OXY1OINGJGKSOGFY.jpg"}, "homeCity": "Singapore", "lists": {"groups": [{"items": [], "count": 2, "type": "created"}]}}, {"tips": {"count": 6}, "contact": {}, "firstName": "Nicole", "gender": "female", "lastName": "Wong", "id": "142988", "bio": "", "photo": {"prefix": "https://igx.4sqi.net/img/user/", "suffix": "/XCK1EFORE2YY5PDV.jpg"}, "homeCity": "Singapore, Singapore", "lists": {"groups": [{"items": [], "count": 3, "type": "created"}]}}, {"tips": {"count": 0}, "contact": {}, "firstName": "Prashanth", "gender": "male", "lastName": "Kumar", "id": "3221624", "bio": "", "photo": {"prefix": "https://igx.4sqi.net/img/user/", "suffix": "/ZOW1WKVPKRV0ACKT.jpg"}, "homeCity": "Singapore", "lists": {"groups": [{"items": [], "count": 2, "type": "created"}]}}, {"tips": {"count": 1}, "contact": {"facebook": "746055920"}, "firstName": "Alan", "gender": "male", "lastName": "Phua", "id": "1297256", "bio": "", "photo": {"prefix": "https://igx.4sqi.net/img/user/", "suffix": "/2WOFOZAA3DWCBC2S.jpg"}, "homeCity": "Singapore", "lists": {"groups": [{"items": [], "count": 2, "type": "created"}]}}, {"tips": {"count": 0}, "contact": {}, "firstName": "Teddy", "gender": "male", "lastName": "Xiong", "id": "71895635", "bio": "", "photo": {"prefix": "https://igx.4sqi.net/img/user/", "suffix": "/71895635-3LWJF3ZDME4I3XXE.jpg"}, "homeCity": "Jakarta, 04", "lists": {"groups": [{"items": [], "count": 2, "type": "created"}]}}, {"tips": {"count": 2}, "contact": {"twitter": "birbiru", "facebook": "920632"}, "firstName": "Adrian", "gender": "male", "lastName": "Yap", "id": "145285", "bio": "", "photo": {"prefix": "https://igx.4sqi.net/img/user/", "suffix": "/blank_boy.png", "default": true}, "homeCity": "Kota Damansara, Malaysia", "lists": {"groups": [{"items": [], "count": 2, "type": "created"}]}}, {"tips": {"count": 0}, "contact": {}, "firstName": "Isaac", "gender": "male", "id": "3259439", "bio": "", "photo": {"prefix": "https://igx.4sqi.net/img/user/", "suffix": "/ZX11W20OZSBXFHZJ.jpg"}, "homeCity": "Singapore", "lists": {"groups": [{"items": [], "count": 2, "type": "created"}]}}, {"tips": {"count": 0}, "contact": {"facebook": "644828143"}, "firstName": "Serene", "gender": "female", "lastName": "Pan", "id": "15807970", "bio": "", "photo": {"prefix": "https://igx.4sqi.net/img/user/", "suffix": "/15807970-ZGG1AJGBHXAVPDJ2.jpg"}, "homeCity": "Singapore", "lists": {"groups": [{"items": [], "count": 2, "type": "created"}]}}, {"tips": {"count": 13}, "contact": {"twitter": "kennethjayden", "facebook": "682086162"}, "firstName": "kennethjayden", "gender": "male", "superuser": 1, "id": "145396", "bio": "", "photo": {"prefix": "https://igx.4sqi.net/img/user/", "suffix": "/402DJEBTSGKB5FIK.jpg"}, "homeCity": "singapore", "lists": {"groups": [{"items": [], "count": 2, "type": "created"}]}}, {"tips": {"count": 0}, "contact": {"facebook": "785827194"}, "firstName": "Sarah", "gender": "female", "lastName": "Chiew", "id": "4074829", "bio": "", "photo": {"prefix": "https://igx.4sqi.net/img/user/", "suffix": "/XENSR3PYDY25YUSA.jpg"}, "homeCity": "Singapore", "lists": {"groups": [{"items": [], "count": 2, "type": "created"}]}}, {"tips": {"count": 0}, "contact": {"facebook": "704801869"}, "firstName": "Shyam", "gender": "female", "lastName": "Priah", "id": "77617671", "bio": "", "photo": {"prefix": "https://igx.4sqi.net/img/user/", "suffix": "/77617671-JRDSBAXAR2LMH5IK.jpg"}, "homeCity": "Ampang", "lists": {"groups": [{"items": [], "count": 2, "type": "created"}]}}, {"tips": {"count": 3}, "contact": {"facebook": "1370634668"}, "firstName": "Wang", "gender": "female", "lastName": "Sha", "id": "467900", "bio": "", "photo": {"prefix": "https://igx.4sqi.net/img/user/", "suffix": "/2TKNFVNOL4H5XTHX.jpg"}, "homeCity": "Singapore", "lists": {"groups": [{"items": [], "count": 2, "type": "created"}]}}, {"tips": {"count": 2}, "contact": {}, "firstName": "Mianzi", "gender": "none", "lastName": "Chew", "id": "5603397", "bio": "", "photo": {"prefix": "https://igx.4sqi.net/img/user/", "suffix": "/KYWNEFKOACPOTAIO.jpg"}, "homeCity": "Singapore", "lists": {"groups": [{"items": [], "count": 2, "type": "created"}]}}, {"tips": {"count": 0}, "contact": {"twitter": "wingsheng"}, "firstName": "Wing Sheng", "gender": "male", "lastName": "Lai", "id": "489945", "bio": "", "photo": {"prefix": "https://igx.4sqi.net/img/user/", "suffix": "/VDMZCZVJHHTQKLOE.jpg"}, "homeCity": "Singapore", "lists": {"groups": [{"items": [], "count": 2, "type": "created"}]}}, {"tips": {"count": 0}, "contact": {"facebook": "663171460"}, "firstName": "Mei", "gender": "female", "lastName": "Soon", "id": "62086637", "bio": "", "photo": {"prefix": "https://igx.4sqi.net/img/user/", "suffix": "/4AFUBUDXHNN40SGZ.jpg"}, "homeCity": "Melbourne, VIC", "lists": {"groups": [{"items": [], "count": 2, "type": "created"}]}}, {"tips": {"count": 2}, "contact": {}, "firstName": "Billie Anne", "gender": "female", "lastName": "Lyou", "id": "812987", "bio": "", "photo": {"prefix": "https://igx.4sqi.net/img/user/", "suffix": "/5QLEZ0ZBKWMBQKFL.gif"}, "homeCity": "Singapore", "lists": {"groups": [{"items": [], "count": 2, "type": "created"}]}}, {"tips": {"count": 29}, "contact": {"twitter": "hieutrtran", "facebook": "629125255"}, "firstName": "Hieu", "gender": "male", "lastName": "Tran", "id": "1462371", "bio": "", "photo": {"prefix": "https://igx.4sqi.net/img/user/", "suffix": "/A5GAYEJDMIK4VQEL.jpg"}, "homeCity": "Singapore", "lists": {"groups": [{"items": [], "count": 3, "type": "created"}]}}, {"tips": {"count": 9}, "contact": {}, "firstName": "Xianjin", "gender": "male", "lastName": "Teo", "id": "1774892", "bio": "", "photo": {"prefix": "https://igx.4sqi.net/img/user/", "suffix": "/RBXD2HDM04AOKAWG.jpg"}, "homeCity": "Queens, NY", "lists": {"groups": [{"items": [], "count": 2, "type": "created"}]}}, {"tips": {"count": 0}, "contact": {"facebook": "533950142"}, "firstName": "Kai Lin", "gender": "male", "lastName": "Koay", "id": "5419443", "bio": "", "photo": {"prefix": "https://igx.4sqi.net/img/user/", "suffix": "/T1ZQNAGUWJ4HKRVP.jpg"}, "homeCity": "Singapore", "lists": {"groups": [{"items": [], "count": 2, "type": "created"}]}}], "count": 148}, "checksum": "6f3f9ee84a5500dca90a75d90e20b3e6b4a25b6b"}, "meta": {"requestId": "5965cf9b4434b96bc8b3752b", "code": 200}}