{"notifications": [{"type": "notificationTray", "item": {"unreadCount": 0}}], "response": {"friends": {"items": [{"tips": {"count": 0}, "contact": {"twitter": "thathenryah", "facebook": "642437759"}, "firstName": "Henry", "gender": "male", "lastName": "Law", "id": "4346612", "bio": "", "photo": {"prefix": "https://igx.4sqi.net/img/user/", "suffix": "/ZNHJBXSDEK1XEQND.jpg"}, "homeCity": "Singapore", "lists": {"groups": [{"items": [], "count": 2, "type": "created"}]}}, {"tips": {"count": 0}, "contact": {"twitter": "drawohnahc", "facebook": "631054194"}, "firstName": "Howard", "gender": "male", "lastName": "Chan", "id": "6797763", "bio": "", "photo": {"prefix": "https://igx.4sqi.net/img/user/", "suffix": "/RNIXT3NUCDXMQSLM.jpg"}, "homeCity": "Singapore", "lists": {"groups": [{"items": [], "count": 2, "type": "created"}]}}, {"tips": {"count": 0}, "contact": {}, "firstName": "Chun Hui", "gender": "female", "lastName": "Cheng", "id": "1333964", "bio": "", "photo": {"prefix": "https://igx.4sqi.net/img/user/", "suffix": "/N31XTLE4PJB1SDZP.jpg"}, "homeCity": "singapore", "lists": {"groups": [{"items": [], "count": 2, "type": "created"}]}}, {"tips": {"count": 3}, "contact": {}, "firstName": "Jess", "gender": "female", "lastName": "Pebbles", "id": "5476737", "bio": "", "photo": {"prefix": "https://igx.4sqi.net/img/user/", "suffix": "/XCQITXFW1LMGO3ZA.jpg"}, "homeCity": "Singapore", "lists": {"groups": [{"items": [], "count": 2, "type": "created"}]}}, {"tips": {"count": 0}, "contact": {}, "firstName": "Engku", "gender": "male", "lastName": "Iqbal", "id": "1867344", "bio": "", "photo": {"prefix": "https://igx.4sqi.net/img/user/", "suffix": "/1867344_Vm83n89Q_SqxUGr4fJI9ZJxLgM9XOEz2D_S2S0kyh2i8lFHpBuHJL-cTtec4WlxrW4E7peJMV.jpg"}, "homeCity": "Singapore", "lists": {"groups": [{"items": [], "count": 12, "type": "created"}]}}, {"tips": {"count": 1}, "contact": {"facebook": "740784343"}, "firstName": "Jaren", "gender": "male", "lastName": "Lee", "id": "4025362", "bio": "", "photo": {"prefix": "https://igx.4sqi.net/img/user/", "suffix": "/R1FL1VXAFCTNTQLA.jpg"}, "homeCity": "Singapore", "lists": {"groups": [{"items": [], "count": 2, "type": "created"}]}}, {"tips": {"count": 1}, "contact": {"twitter": "giffordyap", "facebook": "521198652"}, "firstName": "Gifford", "gender": "male", "lastName": "Yap", "id": "453218", "bio": "", "photo": {"prefix": "https://igx.4sqi.net/img/user/", "suffix": "/TDHJ2EYZGY2NBOB4.jpg"}, "homeCity": "Serangoon, Singapore", "lists": {"groups": [{"items": [], "count": 2, "type": "created"}]}}, {"tips": {"count": 0}, "contact": {}, "firstName": "Vanessa", "gender": "female", "lastName": "Tan", "id": "305571", "bio": "", "photo": {"prefix": "https://igx.4sqi.net/img/user/", "suffix": "/blank_girl.png", "default": true}, "homeCity": "", "lists": {"groups": [{"items": [], "count": 2, "type": "created"}]}}, {"tips": {"count": 1}, "contact": {"facebook": "548590270"}, "firstName": "Heng xuan", "gender": "male", "id": "4183996", "bio": "", "photo": {"prefix": "https://igx.4sqi.net/img/user/", "suffix": "/2I1KKI1CO4WOHRU5.jpg"}, "homeCity": "Singapore", "lists": {"groups": [{"items": [], "count": 2, "type": "created"}]}}, {"tips": {"count": 2}, "contact": {"facebook": "707238625"}, "firstName": "Bertram", "gender": "male", "lastName": "Khoo", "id": "330437", "bio": "", "photo": {"prefix": "https://igx.4sqi.net/img/user/", "suffix": "/BVG1AU2CMLQEQKZ2.jpg"}, "homeCity": "Singapore", "lists": {"groups": [{"items": [], "count": 2, "type": "created"}]}}, {"tips": {"count": 1}, "contact": {"twitter": "alygance", "facebook": "10152813920693244"}, "firstName": "Alysson", "gender": "female", "lastName": "Siew", "id": "4956137", "bio": "I wanna see beauty in everything.", "photo": {"prefix": "https://igx.4sqi.net/img/user/", "suffix": "/ZKMA3JCQER050OF3.jpg"}, "homeCity": "Singapore", "lists": {"groups": [{"items": [], "count": 2, "type": "created"}]}}, {"tips": {"count": 0}, "contact": {}, "firstName": "Hazlyn", "gender": "female", "lastName": "Aidzil", "id": "1467411", "bio": "", "photo": {"prefix": "https://igx.4sqi.net/img/user/", "suffix": "/342D0RYEU5OIHUIX.jpg"}, "homeCity": "Jurong West, Singapore", "lists": {"groups": [{"items": [], "count": 2, "type": "created"}]}}, {"tips": {"count": 0}, "contact": {}, "firstName": "Irlada", "gender": "female", "lastName": "Seow", "id": "9060835", "bio": "", "photo": {"prefix": "https://igx.4sqi.net/img/user/", "suffix": "/QQJXPVPEJY4WZXDN.jpg"}, "homeCity": "Singapore", "lists": {"groups": [{"items": [], "count": 6, "type": "created"}]}}, {"tips": {"count": 2}, "contact": {"twitter": "sabrinabizarre"}, "firstName": "Sabrina", "gender": "female", "lastName": "Wong", "id": "864008", "bio": "", "photo": {"prefix": "https://igx.4sqi.net/img/user/", "suffix": "/NKYNHVPAWL1JVNSS.jpg"}, "homeCity": "Woodlands, Singapore", "lists": {"groups": [{"items": [], "count": 2, "type": "created"}]}}, {"tips": {"count": 1}, "contact": {"twitter": "tlneon", "facebook": "1577847718"}, "firstName": "Theon", "gender": "male", "lastName": "Leong", "id": "3294477", "bio": "", "photo": {"prefix": "https://igx.4sqi.net/img/user/", "suffix": "/HXQ53KHRDQRMMC3O.jpg"}, "homeCity": "Singapore", "lists": {"groups": [{"items": [], "count": 2, "type": "created"}]}}, {"tips": {"count": 1}, "contact": {}, "firstName": "Geraleine", "gender": "female", "lastName": "Yap", "id": "1357782", "bio": "", "photo": {"prefix": "https://igx.4sqi.net/img/user/", "suffix": "/GUFE00JVFZB5Z0L1.jpg"}, "homeCity": "Singapore", "lists": {"groups": [{"items": [], "count": 2, "type": "created"}]}}, {"tips": {"count": 0}, "contact": {"twitter": "icesyahh", "facebook": "551574704"}, "firstName": "Aisyah", "gender": "female", "lastName": "Latiff", "id": "6274594", "bio": "", "photo": {"prefix": "https://igx.4sqi.net/img/user/", "suffix": "/YIN2YWBVOACTF4UT.jpg"}, "homeCity": "Singapore", "lists": {"groups": [{"items": [], "count": 2, "type": "created"}]}}, {"tips": {"count": 0}, "contact": {}, "firstName": "Clara", "gender": "female", "id": "4250729", "bio": "", "photo": {"prefix": "https://igx.4sqi.net/img/user/", "suffix": "/FGW1CW331BVBXF4M.jpg"}, "homeCity": "Singapore", "lists": {"groups": [{"items": [], "count": 2, "type": "created"}]}}, {"tips": {"count": 1}, "contact": {"twitter": "nicezorlim", "facebook": "709628594"}, "firstName": "Nizor", "gender": "male", "lastName": "Lim", "id": "5736702", "bio": "", "photo": {"prefix": "https://igx.4sqi.net/img/user/", "suffix": "/UBM4OOL141L3KFWH.jpg"}, "homeCity": "Singapore", "lists": {"groups": [{"items": [], "count": 2, "type": "created"}]}}, {"tips": {"count": 7}, "contact": {"twitter": "niveacremery"}, "firstName": "Cheston", "gender": "male", "lastName": "Fon", "id": "1995616", "bio": "", "photo": {"prefix": "https://igx.4sqi.net/img/user/", "suffix": "/INRRHBODJU3JFSFZ.jpg"}, "homeCity": "Singapore", "lists": {"groups": [{"items": [], "count": 2, "type": "created"}]}}, {"tips": {"count": 6}, "contact": {}, "firstName": "Junjie.", "gender": "male", "lastName": "Wu", "id": "1234873", "bio": "Maybe", "photo": {"prefix": "https://igx.4sqi.net/img/user/", "suffix": "/FB3ZNJUZP1EZH1NY.jpg"}, "homeCity": "Singapore, Hougang", "lists": {"groups": [{"items": [], "count": 2, "type": "created"}]}}, {"tips": {"count": 0}, "contact": {"twitter": "qinatthedisco"}, "firstName": "Qin", "gender": "female", "lastName": "Ong", "id": "689832", "bio": "", "photo": {"prefix": "https://igx.4sqi.net/img/user/", "suffix": "/5BB55Q03QLYYTPGQ.jpg"}, "homeCity": "Bedok, Singapore", "lists": {"groups": [{"items": [], "count": 2, "type": "created"}]}}, {"tips": {"count": 2}, "contact": {"twitter": "amararickoul"}, "firstName": "Amar", "gender": "male", "lastName": "Koul", "id": "2950895", "bio": "What actually kills you makes you stronger", "photo": {"prefix": "https://igx.4sqi.net/img/user/", "suffix": "/QKU5BI21JZ5CDFNR.jpg"}, "homeCity": "Singapore", "lists": {"groups": [{"items": [], "count": 2, "type": "created"}]}}, {"tips": {"count": 9}, "contact": {"twitter": "marcusklz"}, "firstName": "Marcus", "gender": "male", "lastName": "Khoo", "id": "899258", "bio": "", "photo": {"prefix": "https://igx.4sqi.net/img/user/", "suffix": "/CR1XOHDEWQEEOZQJ.jpg"}, "homeCity": "Singapore", "lists": {"groups": [{"items": [], "count": 2, "type": "created"}]}}, {"tips": {"count": 0}, "contact": {"facebook": "554726028"}, "firstName": "Nur", "gender": "female", "lastName": "Aniszah", "id": "3497204", "bio": "", "photo": {"prefix": "https://igx.4sqi.net/img/user/", "suffix": "/1O2LABRNEHKQFDOU.jpg"}, "homeCity": "Singapore", "lists": {"groups": [{"items": [], "count": 2, "type": "created"}]}}, {"tips": {"count": 3}, "contact": {"twitter": "magdlee", "facebook": "546362890"}, "firstName": "Magdalene", "gender": "female", "lastName": "Lee", "id": "6519549", "bio": "", "photo": {"prefix": "https://igx.4sqi.net/img/user/", "suffix": "/JXRDGD4E1S3TO5MI.jpg"}, "homeCity": "New York, NY", "lists": {"groups": [{"items": [], "count": 2, "type": "created"}]}}, {"tips": {"count": 37}, "contact": {"facebook": "722642252"}, "firstName": "Paul", "gender": "male", "lastName": "Ng", "id": "7615145", "bio": "I'm the one at NP", "photo": {"prefix": "https://igx.4sqi.net/img/user/", "suffix": "/KJA2O1XF4XYCLZA5.jpg"}, "homeCity": "Let's Say Singapore", "lists": {"groups": [{"items": [], "count": 3, "type": "created"}]}}, {"tips": {"count": 0}, "contact": {}, "firstName": "Denise", "gender": "female", "lastName": "Chen", "id": "3584228", "bio": "", "photo": {"prefix": "https://igx.4sqi.net/img/user/", "suffix": "/4CQUS4LH2CAQARLC.jpg"}, "homeCity": "Singapore", "lists": {"groups": [{"items": [], "count": 2, "type": "created"}]}}, {"tips": {"count": 0}, "contact": {"facebook": "705704226"}, "firstName": "jhansi", "gender": "female", "lastName": "jb", "id": "9743179", "bio": "", "photo": {"prefix": "https://igx.4sqi.net/img/user/", "suffix": "/blank_girl.png", "default": true}, "homeCity": "Singapore", "lists": {"groups": [{"items": [], "count": 2, "type": "created"}]}}, {"tips": {"count": 5}, "contact": {"twitter": "definemyline", "facebook": "588092895"}, "firstName": "Christian", "gender": "male", "lastName": "Teo", "id": "989324", "bio": "", "photo": {"prefix": "https://igx.4sqi.net/img/user/", "suffix": "/989324-REC4QHQQ4OFZDTRN.jpg"}, "homeCity": "Ang Mo Kio, Singapore", "lists": {"groups": [{"items": [], "count": 2, "type": "created"}]}}, {"tips": {"count": 1}, "contact": {"twitter": "jacqmong", "facebook": "624807463"}, "firstName": "Jacqueline", "gender": "female", "id": "3346401", "bio": "", "photo": {"prefix": "https://igx.4sqi.net/img/user/", "suffix": "/54I13K1F5Z5QBK1Y.jpg"}, "homeCity": "Singapore", "lists": {"groups": [{"items": [], "count": 2, "type": "created"}]}}, {"tips": {"count": 1}, "contact": {}, "firstName": "Raymond", "gender": "male", "lastName": "Liew", "id": "920214", "bio": "", "photo": {"prefix": "https://igx.4sqi.net/img/user/", "suffix": "/MHVFA3KG3VR1AF21.jpg"}, "homeCity": "Singapore", "lists": {"groups": [{"items": [], "count": 2, "type": "created"}]}}, {"tips": {"count": 0}, "contact": {"twitter": "daisyhartz"}, "firstName": "Chong", "gender": "female", "lastName": "Priscilla", "id": "5522125", "bio": "", "photo": {"prefix": "https://igx.4sqi.net/img/user/", "suffix": "/L1DXREBY1FEJPBZ4.jpg"}, "homeCity": "Singapore", "lists": {"groups": [{"items": [], "count": 2, "type": "created"}]}}, {"tips": {"count": 0}, "contact": {}, "firstName": "Shina", "gender": "female", "lastName": "Peh", "id": "6969295", "bio": "", "photo": {"prefix": "https://igx.4sqi.net/img/user/", "suffix": "/JYH2G0AYRG5OR3UO.jpg"}, "homeCity": "Singapore", "lists": {"groups": [{"items": [], "count": 2, "type": "created"}]}}, {"tips": {"count": 0}, "contact": {"twitter": "jacqrollseyes"}, "firstName": "Jacqueline", "gender": "female", "lastName": "Chin", "id": "12278536", "bio": "", "photo": {"prefix": "https://igx.4sqi.net/img/user/", "suffix": "/Y23GKELIRZ5QXRU3.jpg"}, "homeCity": "Singapore", "lists": {"groups": [{"items": [], "count": 2, "type": "created"}]}}, {"tips": {"count": 0}, "contact": {"twitter": "sharalohamora", "facebook": "738246867"}, "firstName": "Shar", "gender": "male", "lastName": "Pi'ee", "id": "3650208", "bio": "", "photo": {"prefix": "https://igx.4sqi.net/img/user/", "suffix": "/H1SYJ302FVATU5FW.jpg"}, "homeCity": "Singapore", "lists": {"groups": [{"items": [], "count": 2, "type": "created"}]}}, {"tips": {"count": 0}, "contact": {"twitter": "lolicon_otaku"}, "firstName": "Matthew", "gender": "male", "lastName": "Kuek", "id": "5106595", "bio": "", "photo": {"prefix": "https://igx.4sqi.net/img/user/", "suffix": "/blank_boy.png", "default": true}, "homeCity": "Singapore", "lists": {"groups": [{"items": [], "count": 2, "type": "created"}]}}, {"tips": {"count": 3}, "contact": {"twitter": "wolfykun", "facebook": "1486974007"}, "firstName": "Leonard", "gender": "male", "lastName": "Chan", "id": "4706101", "bio": "", "photo": {"prefix": "https://igx.4sqi.net/img/user/", "suffix": "/P1RI32ZOMJEBV54K.jpg"}, "homeCity": "Singapore", "lists": {"groups": [{"items": [], "count": 2, "type": "created"}]}}, {"tips": {"count": 0}, "contact": {"twitter": "kryspywaffle", "facebook": "612358928"}, "firstName": "Kryshelle", "gender": "female", "lastName": "Fong", "id": "976195", "bio": "", "photo": {"prefix": "https://igx.4sqi.net/img/user/", "suffix": "/HQSLPHY0TEN14OQA.jpg"}, "homeCity": "Singapore", "lists": {"groups": [{"items": [], "count": 2, "type": "created"}]}}, {"tips": {"count": 0}, "contact": {}, "firstName": "Jasmine", "gender": "female", "lastName": "Tan", "id": "5524524", "bio": "", "photo": {"prefix": "https://igx.4sqi.net/img/user/", "suffix": "/Z2K1MPAMABEPTVKP.jpg"}, "homeCity": "Singapore", "lists": {"groups": [{"items": [], "count": 2, "type": "created"}]}}, {"tips": {"count": 2}, "contact": {"twitter": "thesexybitch"}, "firstName": "Eumi", "gender": "female", "id": "10926945", "bio": "", "photo": {"prefix": "https://igx.4sqi.net/img/user/", "suffix": "/10926945-1MM1F3GFHNMWTR0K.jpg"}, "homeCity": "Earth", "lists": {"groups": [{"items": [], "count": 2, "type": "created"}]}}, {"tips": {"count": 0}, "contact": {"twitter": "kennyction"}, "firstName": "Kenny Noel", "gender": "male", "lastName": "Lim", "id": "17385424", "bio": "", "photo": {"prefix": "https://igx.4sqi.net/img/user/", "suffix": "/ZEM1KVH1ES1XNZZD.png"}, "homeCity": "Singapore", "lists": {"groups": [{"items": [], "count": 2, "type": "created"}]}}, {"tips": {"count": 0}, "contact": {"twitter": "kiewu"}, "firstName": "Kiewu", "gender": "male", "lastName": "C", "id": "977972", "bio": "", "photo": {"prefix": "https://igx.4sqi.net/img/user/", "suffix": "/L5VLO41IOSJX5I5T.jpg"}, "homeCity": "Bukit Batok, Singapore", "lists": {"groups": [{"items": [], "count": 2, "type": "created"}]}}, {"tips": {"count": 1}, "contact": {"facebook": "100003482907127"}, "firstName": "Limba", "gender": "female", "lastName": "FC", "id": "6650903", "bio": "", "photo": {"prefix": "https://igx.4sqi.net/img/user/", "suffix": "/Z4KPCMAHQX5UOLWR.jpg"}, "homeCity": "Singapore", "lists": {"groups": [{"items": [], "count": 2, "type": "created"}]}}, {"tips": {"count": 0}, "contact": {"twitter": "reginalimxl"}, "firstName": "Regina", "gender": "female", "lastName": "Lim", "id": "17858122", "bio": "", "photo": {"prefix": "https://igx.4sqi.net/img/user/", "suffix": "/AG5TPYPTRXHQ13HF.jpg"}, "homeCity": "Singapore", "lists": {"groups": [{"items": [], "count": 2, "type": "created"}]}}, {"tips": {"count": 0}, "contact": {}, "firstName": "Stella", "gender": "female", "lastName": "Kwek", "id": "1626528", "bio": "", "photo": {"prefix": "https://igx.4sqi.net/img/user/", "suffix": "/XKR0OUREI5D4HXWC.jpg"}, "homeCity": "Bukit Timah, Singapore", "lists": {"groups": [{"items": [], "count": 2, "type": "created"}]}}, {"tips": {"count": 1}, "contact": {"twitter": "ningadee"}, "firstName": "Ning", "gender": "female", "lastName": "Leow", "id": "13586116", "bio": "", "photo": {"prefix": "https://igx.4sqi.net/img/user/", "suffix": "/IWFCXUK20YRP45QX.jpg"}, "homeCity": "London, UK", "lists": {"groups": [{"items": [], "count": 2, "type": "created"}]}}, {"tips": {"count": 1}, "contact": {"twitter": "purpleflakez", "facebook": "669234063"}, "firstName": "Teck", "gender": "male", "lastName": "Hwee", "id": "2423989", "bio": "", "photo": {"prefix": "https://igx.4sqi.net/img/user/", "suffix": "/QLB25BZCE02BMN5K.png"}, "homeCity": "Singapore", "lists": {"groups": [{"items": [], "count": 2, "type": "created"}]}}, {"tips": {"count": 1}, "contact": {}, "firstName": "man ling", "gender": "female", "id": "2428503", "bio": "", "photo": {"prefix": "https://igx.4sqi.net/img/user/", "suffix": "/TTCM5LFKMJS5PBSO.jpg"}, "homeCity": "Singapore", "lists": {"groups": [{"items": [], "count": 2, "type": "created"}]}}, {"tips": {"count": 9}, "contact": {"facebook": "559806915"}, "firstName": "Hui ling", "gender": "female", "id": "2458052", "bio": "", "photo": {"prefix": "https://igx.4sqi.net/img/user/", "suffix": "/PFIKYLESSLA4KQOB.jpg"}, "homeCity": "Singapore", "lists": {"groups": [{"items": [], "count": 2, "type": "created"}]}}, {"tips": {"count": 1}, "contact": {"twitter": "m0zirella", "facebook": "545148977"}, "firstName": "Penny", "gender": "female", "lastName": "Ng", "id": "2781367", "bio": "", "photo": {"prefix": "https://igx.4sqi.net/img/user/", "suffix": "/HZM2ZXXMNAQZAELO.jpg"}, "homeCity": "Singapore", "lists": {"groups": [{"items": [], "count": 2, "type": "created"}]}}, {"tips": {"count": 0}, "contact": {"twitter": "keaneares"}, "firstName": "Keane", "gender": "male", "lastName": "Chuaa", "id": "2971119", "bio": "", "photo": {"prefix": "https://igx.4sqi.net/img/user/", "suffix": "/EF0LAUVO5ZWMCOZB.jpg"}, "homeCity": "Singapore", "lists": {"groups": [{"items": [], "count": 2, "type": "created"}]}}, {"tips": {"count": 16}, "contact": {"twitter": "dumbpotato"}, "firstName": "Miranda", "gender": "female", "lastName": "Teo", "id": "3022758", "bio": "", "photo": {"prefix": "https://igx.4sqi.net/img/user/", "suffix": "/TY0LSL4QZN5ZJX32.jpg"}, "homeCity": "Singapore", "lists": {"groups": [{"items": [], "count": 2, "type": "created"}]}}, {"tips": {"count": 7}, "contact": {"facebook": "780288181"}, "firstName": "Mavis", "gender": "female", "lastName": "Tam", "id": "4001762", "bio": "", "photo": {"prefix": "https://igx.4sqi.net/img/user/", "suffix": "/FFT4LRIHC1YUYJ1O.jpg"}, "homeCity": "Johor Bahru, Malaysia", "lists": {"groups": [{"items": [], "count": 2, "type": "created"}]}}, {"tips": {"count": 0}, "contact": {}, "firstName": "Jonathan", "gender": "none", "lastName": "Yeo", "id": "5232334", "bio": "", "photo": {"prefix": "https://igx.4sqi.net/img/user/", "suffix": "/blank_boy.png", "default": true}, "homeCity": "New York, NY", "lists": {"groups": [{"items": [], "count": 2, "type": "created"}]}}, {"tips": {"count": 0}, "contact": {}, "firstName": "Melvin", "gender": "male", "lastName": "Lee", "id": "7305887", "bio": "", "photo": {"prefix": "https://igx.4sqi.net/img/user/", "suffix": "/blank_boy.png", "default": true}, "homeCity": "Singapore", "lists": {"groups": [{"items": [], "count": 2, "type": "created"}]}}], "count": 56}, "checksum": "f95d475ffed61d1b792d9ad0d38511e1a4559202"}, "meta": {"requestId": "5966202b4434b96be5d5e851", "code": 200}}