{"notifications": [{"type": "notificationTray", "item": {"unreadCount": 0}}], "response": {"friends": {"items": [{"tips": {"count": 5}, "contact": {"twitter": "rizkypuji"}, "firstName": "Rizky", "gender": "female", "lastName": "Puji", "id": "1036848", "bio": "", "photo": {"prefix": "https://igx.4sqi.net/img/user/", "suffix": "/YU1DFZHEJ404OPOD.jpg"}, "homeCity": "Jakarta Selatan, Indonesia", "lists": {"groups": [{"items": [], "count": 2, "type": "created"}]}}, {"tips": {"count": 15}, "contact": {"twitter": "dessobs", "facebook": "1518155597"}, "firstName": "Bandung Bondo", "gender": "male", "lastName": "Warung", "id": "1354838", "bio": "", "photo": {"prefix": "https://igx.4sqi.net/img/user/", "suffix": "/1354838-TUMN3DC05Z05IXWR.jpg"}, "homeCity": "DKI Jakarta", "lists": {"groups": [{"items": [], "count": 2, "type": "created"}]}}, {"tips": {"count": 4}, "contact": {"twitter": "ivanlatif", "facebook": "622864440"}, "firstName": "Ivan", "gender": "male", "lastName": "Latif", "id": "1199032", "bio": "", "photo": {"prefix": "https://igx.4sqi.net/img/user/", "suffix": "/ZYCKVAQNNFSC3J3I.jpg"}, "homeCity": "Jakarta Capital Regi", "lists": {"groups": [{"items": [], "count": 2, "type": "created"}]}}, {"tips": {"count": 0}, "contact": {}, "firstName": "M Taufik", "gender": "male", "lastName": "Hidayat", "id": "1330479", "bio": "", "photo": {"prefix": "https://igx.4sqi.net/img/user/", "suffix": "/EHWMNMBYDJS20YBE.jpg"}, "homeCity": "Jakarta, Indonesia", "lists": {"groups": [{"items": [], "count": 2, "type": "created"}]}}, {"tips": {"count": 0}, "contact": {"twitter": "dhaniaiman", "facebook": "19204355"}, "firstName": "Dhania", "gender": "female", "lastName": "Iman", "id": "1375189", "bio": "", "photo": {"prefix": "https://igx.4sqi.net/img/user/", "suffix": "/RWMPFV4DC2DPF2NA.jpg"}, "homeCity": "Tangerang, Bantam", "lists": {"groups": [{"items": [], "count": 2, "type": "created"}]}}, {"tips": {"count": 1}, "contact": {"facebook": "1381057462"}, "firstName": "Umar", "gender": "male", "lastName": "M", "id": "1436900", "bio": "", "photo": {"prefix": "https://igx.4sqi.net/img/user/", "suffix": "/5QR3V2XLMRNRL0R0.jpg"}, "homeCity": "Pasaman Barat, Sumatera Barat", "lists": {"groups": [{"items": [], "count": 2, "type": "created"}]}}, {"tips": {"count": 1}, "contact": {"twitter": "fidiaaryanti", "facebook": "577639040"}, "firstName": "Fidia", "gender": "female", "lastName": "Aryanti", "id": "1802935", "bio": "I am who I am and that's all I'll ever be.", "photo": {"prefix": "https://igx.4sqi.net/img/user/", "suffix": "/D4LUEKDDMZFRW0FS.jpg"}, "homeCity": "Jakarta Capital Region, Jakarta Capital Regi", "lists": {"groups": [{"items": [], "count": 2, "type": "created"}]}}, {"tips": {"count": 21}, "contact": {}, "firstName": "mbak", "gender": "female", "lastName": "pipiet", "id": "461616", "bio": "", "photo": {"prefix": "https://igx.4sqi.net/img/user/", "suffix": "/X3GCPIEXWOAGMLQ0.jpg"}, "homeCity": "Jakarta, Indonesia", "lists": {"groups": [{"items": [], "count": 2, "type": "created"}]}}, {"tips": {"count": 0}, "contact": {}, "firstName": "Shahidah", "gender": "female", "lastName": "SyedK", "id": "397412", "bio": "", "photo": {"prefix": "https://igx.4sqi.net/img/user/", "suffix": "/397412-OPWNFHYES1NCRFT0.jpg"}, "homeCity": "Petaling Jaya, Malaysia", "lists": {"groups": [{"items": [], "count": 2, "type": "created"}]}}, {"tips": {"count": 0}, "contact": {"twitter": "audrey_hib", "facebook": "1157513767"}, "firstName": "Audrey", "gender": "female", "lastName": "Ratam", "id": "699671", "bio": "", "photo": {"prefix": "https://igx.4sqi.net/img/user/", "suffix": "/3FSDXPECUUZFYUQY.jpg"}, "homeCity": "Jakarta, Jakarta Selatan", "lists": {"groups": [{"items": [], "count": 2, "type": "created"}]}}, {"tips": {"count": 5}, "contact": {}, "firstName": "Ambar", "gender": "female", "lastName": "Cerita", "id": "71355", "bio": "", "photo": {"prefix": "https://igx.4sqi.net/img/user/", "suffix": "/I0BZCMVJUEOIETXD.jpg"}, "homeCity": "San Jose, CA", "lists": {"groups": [{"items": [], "count": 2, "type": "created"}]}}, {"tips": {"count": 5}, "contact": {"twitter": "tachril"}, "firstName": "Arif", "gender": "male", "lastName": "T", "id": "825592", "bio": "", "photo": {"prefix": "https://igx.4sqi.net/img/user/", "suffix": "/QNAJY1JT1EMBMW1R.jpg"}, "homeCity": "Jakarta", "lists": {"groups": [{"items": [], "count": 2, "type": "created"}]}}, {"tips": {"count": 12}, "contact": {"twitter": "mrskunyit", "facebook": "693704027"}, "firstName": "Miranda", "gender": "female", "lastName": "Djamalus", "id": "930499", "bio": "", "photo": {"prefix": "https://igx.4sqi.net/img/user/", "suffix": "/OEF2CJGPLGERJN2R.jpg"}, "homeCity": "Jakarta Capital Region, Jakarta Capital Regi", "lists": {"groups": [{"items": [], "count": 2, "type": "created"}]}}, {"tips": {"count": 52}, "contact": {}, "firstName": "indhie", "gender": "female", "id": "906531", "bio": "", "photo": {"prefix": "https://igx.4sqi.net/img/user/", "suffix": "/NRSDX0U1C2ZT402W.jpg"}, "homeCity": "Jackson, NJ", "lists": {"groups": [{"items": [], "count": 2, "type": "created"}]}}, {"tips": {"count": 16}, "contact": {}, "firstName": "Mova", "gender": "male", "lastName": "Mova", "id": "1126442", "bio": "", "photo": {"prefix": "https://igx.4sqi.net/img/user/", "suffix": "/PSESCFQIR5X4HGMB.jpg"}, "homeCity": "Dundee, Dundee City", "lists": {"groups": [{"items": [], "count": 2, "type": "created"}]}}, {"tips": {"count": 3}, "contact": {"twitter": "dinoraturandang", "facebook": "722034008"}, "firstName": "Dino", "gender": "male", "lastName": "Raturandang", "id": "1295206", "bio": "Creator of SHE Band in 2000, Cherrybelle (Chibi) & BEXXA in 2011, Jelek Tapi Ngangenin, dan Selalu Ada di Hatimu", "photo": {"prefix": "https://igx.4sqi.net/img/user/", "suffix": "/O0PYMIIMQIKVJGUY.jpg"}, "homeCity": "Brooklyn, NY", "lists": {"groups": [{"items": [], "count": 2, "type": "created"}]}}, {"tips": {"count": 1}, "contact": {"facebook": "685304542"}, "firstName": "Rizanti", "gender": "female", "id": "1357820", "bio": "", "photo": {"prefix": "https://igx.4sqi.net/img/user/", "suffix": "/4UAEPCK2WZGA4SGC.jpg"}, "homeCity": "Jakarta", "lists": {"groups": [{"items": [], "count": 2, "type": "created"}]}}, {"tips": {"count": 0}, "contact": {"twitter": "haqiki"}, "firstName": "Haqiki", "gender": "female", "lastName": "A", "id": "2108692", "bio": "", "photo": {"prefix": "https://igx.4sqi.net/img/user/", "suffix": "/NLOYGEED5QRUXAGL.jpg"}, "homeCity": "Norwich", "lists": {"groups": [{"items": [], "count": 2, "type": "created"}]}}, {"tips": {"count": 0}, "contact": {"facebook": "1166971673"}, "firstName": "Shinta", "gender": "female", "lastName": "Damayanti", "id": "1862313", "bio": "", "photo": {"prefix": "https://igx.4sqi.net/img/user/", "suffix": "/VWFQ0TJUK1AQIRZT.jpg"}, "homeCity": "Jakarta Barat, Jakarta", "lists": {"groups": [{"items": [], "count": 2, "type": "created"}]}}, {"tips": {"count": 0}, "contact": {"facebook": "619131517"}, "firstName": "Putri", "gender": "female", "lastName": "Sambodho", "id": "1225550", "bio": "", "photo": {"prefix": "https://igx.4sqi.net/img/user/", "suffix": "/KUFJSXXLUXGFU1JC.jpg"}, "homeCity": "Jakarta", "lists": {"groups": [{"items": [], "count": 2, "type": "created"}]}}, {"tips": {"count": 23}, "contact": {"twitter": "karjono", "facebook": "1307297149"}, "firstName": "Cak", "gender": "male", "lastName": "Jono", "id": "1951714", "bio": "", "photo": {"prefix": "https://igx.4sqi.net/img/user/", "suffix": "/1951714-L3OI0B4HS1P4LCVV.jpg"}, "homeCity": "", "lists": {"groups": [{"items": [], "count": 12, "type": "created"}]}}, {"tips": {"count": 0}, "contact": {"twitter": "rifqiuwiq", "facebook": "567549267"}, "firstName": "rifqi", "gender": "male", "lastName": "fauzi", "id": "973279", "bio": "", "photo": {"prefix": "https://igx.4sqi.net/img/user/", "suffix": "/ATEHIGY1OQKY1W3F.jpg"}, "homeCity": "Yogyakarta", "lists": {"groups": [{"items": [], "count": 2, "type": "created"}]}}, {"tips": {"count": 5}, "contact": {"twitter": "fitfitriard", "facebook": "1540520292"}, "firstName": "Fitria", "gender": "female", "lastName": "Rachma Dewi", "id": "1358042", "bio": "", "photo": {"prefix": "https://igx.4sqi.net/img/user/", "suffix": "/1358042-SKWSAF34OSGFQBMS.jpg"}, "homeCity": "Pondok Gede, Bekasi", "lists": {"groups": [{"items": [], "count": 2, "type": "created"}]}}, {"tips": {"count": 0}, "contact": {"twitter": "superojiecukup"}, "firstName": "jalur", "gender": "male", "lastName": "kanan", "id": "1862319", "bio": "", "photo": {"prefix": "https://igx.4sqi.net/img/user/", "suffix": "/YFP3YOA1FPSFWGL2.jpg"}, "homeCity": "Jakarta Capital Region, Jakarta Capital Regi", "lists": {"groups": [{"items": [], "count": 2, "type": "created"}]}}, {"tips": {"count": 1}, "contact": {"facebook": "708949825"}, "firstName": "Putu Ari", "gender": "male", "lastName": "Wisnu S", "id": "1142447", "bio": "", "photo": {"prefix": "https://igx.4sqi.net/img/user/", "suffix": "/5U5PZBWI0TCBHKEL.jpg"}, "homeCity": "Badung, Bali", "lists": {"groups": [{"items": [], "count": 2, "type": "created"}]}}, {"tips": {"count": 4}, "contact": {"twitter": "koko_tri", "facebook": "1200787358"}, "firstName": "Koko", "gender": "male", "lastName": "Tri", "id": "1869216", "bio": "Jakarta....Jakarta....Jakarta...Bola, Kompas Gramedia, Cycling, Motobike, Retro Cars, #khokography", "photo": {"prefix": "https://igx.4sqi.net/img/user/", "suffix": "/1869216-IDEWP4RQLLPIJ3IA.jpg"}, "homeCity": "Jakarta", "lists": {"groups": [{"items": [], "count": 4, "type": "created"}]}}, {"tips": {"count": 11}, "contact": {}, "firstName": "Gabriel", "gender": "male", "lastName": "Hariandja", "id": "1155177", "bio": "", "photo": {"prefix": "https://igx.4sqi.net/img/user/", "suffix": "/NWLACIPUAKVYYLU2.jpg"}, "homeCity": "Jakarta, Indonesia", "lists": {"groups": [{"items": [], "count": 3, "type": "created"}]}}, {"tips": {"count": 1}, "contact": {"twitter": "cynthiabogor", "facebook": "815218503"}, "firstName": "Cynthia", "gender": "female", "lastName": "Hardjaksumah", "id": "1915915", "bio": "", "photo": {"prefix": "https://igx.4sqi.net/img/user/", "suffix": "/IMTIZPTN0E5BG3QP.jpg"}, "homeCity": "Jakarta, Indonesia", "lists": {"groups": [{"items": [], "count": 2, "type": "created"}]}}, {"tips": {"count": 1}, "contact": {"twitter": "abengjubeng", "facebook": "1425194002"}, "firstName": "Adiguna", "gender": "male", "lastName": "Wahyu", "id": "1307835", "bio": "", "photo": {"prefix": "https://igx.4sqi.net/img/user/", "suffix": "/RVK5ZQLANFHGDFAE.jpg"}, "homeCity": "", "lists": {"groups": [{"items": [], "count": 2, "type": "created"}]}}, {"tips": {"count": 0}, "contact": {"facebook": "1457871373"}, "firstName": "hariyo", "gender": "male", "id": "1405313", "bio": "", "photo": {"prefix": "https://igx.4sqi.net/img/user/", "suffix": "/VHTN3VNGNB55MO3I.jpg"}, "homeCity": "Jakarta", "lists": {"groups": [{"items": [], "count": 2, "type": "created"}]}}, {"tips": {"count": 0}, "contact": {"twitter": "panduripto"}, "firstName": "Pandu", "gender": "male", "lastName": "Ripto", "id": "1508581", "bio": "", "photo": {"prefix": "https://igx.4sqi.net/img/user/", "suffix": "/R11ACJTNNXEXYRVX.jpg"}, "homeCity": "Jakarta", "lists": {"groups": [{"items": [], "count": 2, "type": "created"}]}}, {"tips": {"count": 0}, "contact": {"facebook": "1005841773"}, "firstName": "Budi", "gender": "male", "lastName": "Utomo", "id": "1543525", "bio": "", "photo": {"prefix": "https://igx.4sqi.net/img/user/", "suffix": "/55DMTKAGTAR5R1SB.jpg"}, "homeCity": "Jakarta, Indonesia", "lists": {"groups": [{"items": [], "count": 2, "type": "created"}]}}, {"tips": {"count": 15}, "contact": {"twitter": "jhosie", "facebook": "707555038"}, "firstName": "Jhosie", "gender": "female", "lastName": "Tsix", "id": "1880230", "bio": "Ubiquitous online.. Connected always..", "photo": {"prefix": "https://igx.4sqi.net/img/user/", "suffix": "/1880230-0TVWFX1CTS5UO0UI.jpg"}, "homeCity": "Sydney, Australia", "lists": {"groups": [{"items": [], "count": 4, "type": "created"}]}}, {"tips": {"count": 0}, "contact": {"twitter": "ddwianto", "facebook": "1197941592"}, "firstName": "Deddy", "gender": "male", "lastName": "Dwianto", "id": "2057933", "bio": "", "photo": {"prefix": "https://igx.4sqi.net/img/user/", "suffix": "/HO5CSIUHYA3GTQZH.jpg"}, "homeCity": "Jakarta, Indonesia", "lists": {"groups": [{"items": [], "count": 2, "type": "created"}]}}], "count": 134}, "checksum": "10dbef9c0b2f719a345d2ac22826c7bf6c69e22a"}, "meta": {"requestId": "5965bb6bf594df3c0818a201", "code": 200}}