{"notifications": [{"type": "notificationTray", "item": {"unreadCount": 0}}], "response": {"friends": {"items": [{"tips": {"count": 1}, "contact": {"twitter": "randysalim", "facebook": "1482455777"}, "firstName": "randysalim", "gender": "male", "id": "1033035", "bio": "", "photo": {"prefix": "https://igx.4sqi.net/img/user/", "suffix": "/1XRJXBQXNNZCOM0U.jpg"}, "homeCity": "Jakarta", "lists": {"groups": [{"items": [], "count": 2, "type": "created"}]}}, {"tips": {"count": 15}, "contact": {"twitter": "dessobs", "facebook": "1518155597"}, "firstName": "Bandung Bondo", "gender": "male", "lastName": "Warung", "id": "1354838", "bio": "", "photo": {"prefix": "https://igx.4sqi.net/img/user/", "suffix": "/1354838-TUMN3DC05Z05IXWR.jpg"}, "homeCity": "DKI Jakarta", "lists": {"groups": [{"items": [], "count": 2, "type": "created"}]}}, {"tips": {"count": 18}, "contact": {"twitter": "mr_weskie", "facebook": "1282515451"}, "firstName": "Rully", "gender": "male", "lastName": "Hermanto", "id": "4470253", "bio": "", "photo": {"prefix": "https://igx.4sqi.net/img/user/", "suffix": "/JPMFOQDYZUWHBNQ0.jpg"}, "homeCity": "Jakarta, Indonesia", "lists": {"groups": [{"items": [], "count": 3, "type": "created"}]}}, {"tips": {"count": 4}, "contact": {"twitter": "ivanlatif", "facebook": "622864440"}, "firstName": "Ivan", "gender": "male", "lastName": "Latif", "id": "1199032", "bio": "", "photo": {"prefix": "https://igx.4sqi.net/img/user/", "suffix": "/ZYCKVAQNNFSC3J3I.jpg"}, "homeCity": "Jakarta Capital Regi", "lists": {"groups": [{"items": [], "count": 2, "type": "created"}]}}, {"tips": {"count": 0}, "contact": {}, "firstName": "Adinda", "gender": "female", "lastName": "Muchtar", "id": "3516452", "bio": "", "photo": {"prefix": "https://igx.4sqi.net/img/user/", "suffix": "/ZY0AKEEMWUXFTF53.jpg"}, "homeCity": "Jakarta, Indonesia", "lists": {"groups": [{"items": [], "count": 2, "type": "created"}]}}, {"tips": {"count": 0}, "contact": {}, "firstName": "M Taufik", "gender": "male", "lastName": "Hidayat", "id": "1330479", "bio": "", "photo": {"prefix": "https://igx.4sqi.net/img/user/", "suffix": "/EHWMNMBYDJS20YBE.jpg"}, "homeCity": "Jakarta, Indonesia", "lists": {"groups": [{"items": [], "count": 2, "type": "created"}]}}, {"tips": {"count": 1}, "contact": {"twitter": "girumon16", "facebook": "26401173"}, "firstName": "Ismail", "gender": "male", "lastName": "Fahmi", "id": "4272068", "bio": "", "photo": {"prefix": "https://igx.4sqi.net/img/user/", "suffix": "/YCPE5R3VDSUNQT5S.jpg"}, "homeCity": "Tulsa, OK", "lists": {"groups": [{"items": [], "count": 2, "type": "created"}]}}, {"tips": {"count": 0}, "contact": {"twitter": "dhaniaiman", "facebook": "19204355"}, "firstName": "Dhania", "gender": "female", "lastName": "Iman", "id": "1375189", "bio": "", "photo": {"prefix": "https://igx.4sqi.net/img/user/", "suffix": "/RWMPFV4DC2DPF2NA.jpg"}, "homeCity": "Tangerang, Bantam", "lists": {"groups": [{"items": [], "count": 2, "type": "created"}]}}, {"tips": {"count": 1}, "contact": {"facebook": "1381057462"}, "firstName": "Umar", "gender": "male", "lastName": "M", "id": "1436900", "bio": "", "photo": {"prefix": "https://igx.4sqi.net/img/user/", "suffix": "/5QR3V2XLMRNRL0R0.jpg"}, "homeCity": "Pasaman Barat, Sumatera Barat", "lists": {"groups": [{"items": [], "count": 2, "type": "created"}]}}, {"tips": {"count": 155}, "contact": {"facebook": "637491005"}, "firstName": "Bayu", "gender": "male", "lastName": "Amus", "id": "5558991", "bio": "Writer & Good Food explorer of Bali. Visit this link for my food adventure journal & food photos: http://blog.epicurina.com", "photo": {"prefix": "https://igx.4sqi.net/img/user/", "suffix": "/5558991-XBHAWIPH0LFQ0BMR.jpg"}, "homeCity": "Denpasar, Indonesia", "lists": {"groups": [{"items": [], "count": 8, "type": "created"}]}}, {"tips": {"count": 15}, "contact": {"twitter": "stephschad", "facebook": "1026941745"}, "firstName": "Stephan", "gender": "male", "lastName": "Schad", "id": "1792005", "bio": "", "photo": {"prefix": "https://igx.4sqi.net/img/user/", "suffix": "/1792005-N0UVEWL3KGAGWXNN.jpg"}, "homeCity": "Bad Hersfeld, Hessen", "lists": {"groups": [{"items": [], "count": 2, "type": "created"}]}}, {"tips": {"count": 2}, "contact": {}, "firstName": "Annie", "gender": "female", "lastName": "Zamhari", "id": "4924833", "bio": "", "photo": {"prefix": "https://igx.4sqi.net/img/user/", "suffix": "/GQ0YCF0FP2FQ4HA0.jpg"}, "homeCity": "Shah Alam, Malaysia", "lists": {"groups": [{"items": [], "count": 2, "type": "created"}]}}, {"tips": {"count": 21}, "contact": {}, "firstName": "mbak", "gender": "female", "lastName": "pipiet", "id": "461616", "bio": "", "photo": {"prefix": "https://igx.4sqi.net/img/user/", "suffix": "/X3GCPIEXWOAGMLQ0.jpg"}, "homeCity": "Jakarta, Indonesia", "lists": {"groups": [{"items": [], "count": 2, "type": "created"}]}}, {"tips": {"count": 0}, "contact": {}, "firstName": "Shahidah", "gender": "female", "lastName": "SyedK", "id": "397412", "bio": "", "photo": {"prefix": "https://igx.4sqi.net/img/user/", "suffix": "/397412-OPWNFHYES1NCRFT0.jpg"}, "homeCity": "Petaling Jaya, Malaysia", "lists": {"groups": [{"items": [], "count": 2, "type": "created"}]}}, {"tips": {"count": 0}, "contact": {"twitter": "audrey_hib", "facebook": "1157513767"}, "firstName": "Audrey", "gender": "female", "lastName": "Ratam", "id": "699671", "bio": "", "photo": {"prefix": "https://igx.4sqi.net/img/user/", "suffix": "/3FSDXPECUUZFYUQY.jpg"}, "homeCity": "Jakarta, Jakarta Selatan", "lists": {"groups": [{"items": [], "count": 2, "type": "created"}]}}, {"tips": {"count": 5}, "contact": {}, "firstName": "Ambar", "gender": "female", "lastName": "Cerita", "id": "71355", "bio": "", "photo": {"prefix": "https://igx.4sqi.net/img/user/", "suffix": "/I0BZCMVJUEOIETXD.jpg"}, "homeCity": "San Jose, CA", "lists": {"groups": [{"items": [], "count": 2, "type": "created"}]}}, {"tips": {"count": 5}, "contact": {"twitter": "tachril"}, "firstName": "Arif", "gender": "male", "lastName": "T", "id": "825592", "bio": "", "photo": {"prefix": "https://igx.4sqi.net/img/user/", "suffix": "/QNAJY1JT1EMBMW1R.jpg"}, "homeCity": "Jakarta", "lists": {"groups": [{"items": [], "count": 2, "type": "created"}]}}, {"tips": {"count": 27}, "contact": {"twitter": "aizley", "facebook": "753023964"}, "firstName": "Aizley", "gender": "male", "id": "862387", "bio": "Supporter of equality for all citizens in accordance to the Malaysian Constitution | USAFA '95 | RMC 86-90 |", "photo": {"prefix": "https://igx.4sqi.net/img/user/", "suffix": "/4MFYM1LG3PGO31DN.jpg"}, "homeCity": "London", "lists": {"groups": [{"items": [], "count": 2, "type": "created"}]}}, {"tips": {"count": 6}, "contact": {}, "firstName": "Meri", "gender": "female", "id": "2392477", "bio": "", "photo": {"prefix": "https://igx.4sqi.net/img/user/", "suffix": "/ZNHPQ2XEFQR3XDNV.jpg"}, "homeCity": "Sheffield, UK", "lists": {"groups": [{"items": [], "count": 2, "type": "created"}]}}, {"tips": {"count": 52}, "contact": {}, "firstName": "indhie", "gender": "female", "id": "906531", "bio": "", "photo": {"prefix": "https://igx.4sqi.net/img/user/", "suffix": "/NRSDX0U1C2ZT402W.jpg"}, "homeCity": "Jackson, NJ", "lists": {"groups": [{"items": [], "count": 2, "type": "created"}]}}, {"tips": {"count": 16}, "contact": {}, "firstName": "Mova", "gender": "male", "lastName": "Mova", "id": "1126442", "bio": "", "photo": {"prefix": "https://igx.4sqi.net/img/user/", "suffix": "/PSESCFQIR5X4HGMB.jpg"}, "homeCity": "Dundee, Dundee City", "lists": {"groups": [{"items": [], "count": 2, "type": "created"}]}}, {"tips": {"count": 5}, "contact": {"twitter": "rizkypuji"}, "firstName": "Rizky", "gender": "female", "lastName": "Puji", "id": "1036848", "bio": "", "photo": {"prefix": "https://igx.4sqi.net/img/user/", "suffix": "/YU1DFZHEJ404OPOD.jpg"}, "homeCity": "Jakarta Selatan, Indonesia", "lists": {"groups": [{"items": [], "count": 2, "type": "created"}]}}, {"tips": {"count": 1}, "contact": {"facebook": "685304542"}, "firstName": "Rizanti", "gender": "female", "id": "1357820", "bio": "", "photo": {"prefix": "https://igx.4sqi.net/img/user/", "suffix": "/4UAEPCK2WZGA4SGC.jpg"}, "homeCity": "Jakarta", "lists": {"groups": [{"items": [], "count": 2, "type": "created"}]}}, {"tips": {"count": 3}, "contact": {"twitter": "arimiraj", "facebook": "100002618860338"}, "firstName": "Ari", "gender": "male", "lastName": "Miraj", "id": "4638190", "bio": "", "photo": {"prefix": "https://igx.4sqi.net/img/user/", "suffix": "/KAWWCFMRTEBFCGKI.jpg"}, "homeCity": "Johor Bahru, Malaysia", "lists": {"groups": [{"items": [], "count": 2, "type": "created"}]}}, {"tips": {"count": 31}, "contact": {}, "firstName": "Rinto", "gender": "male", "lastName": "Muhammadsyah", "id": "1588823", "bio": "", "photo": {"prefix": "https://igx.4sqi.net/img/user/", "suffix": "/GMO3FXUFS4YRXJLN.jpg"}, "homeCity": "Purwakarta, Jawa Barat", "lists": {"groups": [{"items": [], "count": 2, "type": "created"}]}}, {"tips": {"count": 8}, "contact": {"twitter": "dante_dian", "facebook": "1055925247"}, "firstName": "Dian", "gender": "male", "lastName": "Suryawan", "id": "10739124", "bio": "", "photo": {"prefix": "https://igx.4sqi.net/img/user/", "suffix": "/NNEDULP4ZDC0MZW4.jpg"}, "homeCity": "Jakarta", "lists": {"groups": [{"items": [], "count": 2, "type": "created"}]}}, {"tips": {"count": 1}, "contact": {"twitter": "jas_hk", "facebook": "547213645"}, "firstName": "Jason", "gender": "male", "lastName": "Hook", "id": "20061766", "bio": "", "photo": {"prefix": "https://igx.4sqi.net/img/user/", "suffix": "/XEDAUPFHQNJSCMB0.jpg"}, "homeCity": "Sydney, Australia", "lists": {"groups": [{"items": [], "count": 2, "type": "created"}]}}, {"tips": {"count": 29}, "contact": {"twitter": "johnlyrugian", "facebook": "1180915701"}, "firstName": "Johnly", "gender": "male", "lastName": "Rugian", "id": "11006574", "bio": "", "photo": {"prefix": "https://igx.4sqi.net/img/user/", "suffix": "/ANW0KTU3ABWLCVO0.jpg"}, "homeCity": "Tangerang Selatan, Indonesia", "lists": {"groups": [{"items": [], "count": 2, "type": "created"}]}}, {"tips": {"count": 6}, "contact": {"twitter": "mariaindawati", "facebook": "593074762"}, "firstName": "Maria", "gender": "female", "lastName": "Indawati", "id": "5914031", "bio": "", "photo": {"prefix": "https://igx.4sqi.net/img/user/", "suffix": "/1RTXJSHQY5KN41RP.jpg"}, "homeCity": "Tangerang, Indonesia", "lists": {"groups": [{"items": [], "count": 2, "type": "created"}]}}, {"tips": {"count": 1}, "contact": {"twitter": "fidiaaryanti", "facebook": "577639040"}, "firstName": "Fidia", "gender": "female", "lastName": "Aryanti", "id": "1802935", "bio": "I am who I am and that's all I'll ever be.", "photo": {"prefix": "https://igx.4sqi.net/img/user/", "suffix": "/D4LUEKDDMZFRW0FS.jpg"}, "homeCity": "Jakarta Capital Region, Jakarta Capital Regi", "lists": {"groups": [{"items": [], "count": 2, "type": "created"}]}}, {"tips": {"count": 0}, "contact": {"twitter": "debbiesumual", "facebook": "573296413"}, "firstName": "Debbie", "gender": "female", "id": "34446675", "bio": "", "photo": {"prefix": "https://igx.4sqi.net/img/user/", "suffix": "/XVUCE11O13BODDNG.jpg"}, "homeCity": "Alexandria, VA", "lists": {"groups": [{"items": [], "count": 2, "type": "created"}]}}, {"tips": {"count": 0}, "contact": {"facebook": "619131517"}, "firstName": "Putri", "gender": "female", "lastName": "Sambodho", "id": "1225550", "bio": "", "photo": {"prefix": "https://igx.4sqi.net/img/user/", "suffix": "/KUFJSXXLUXGFU1JC.jpg"}, "homeCity": "Jakarta", "lists": {"groups": [{"items": [], "count": 2, "type": "created"}]}}, {"tips": {"count": 25}, "contact": {"twitter": "henry2668", "facebook": "599262926"}, "firstName": "Henry", "gender": "male", "lastName": "Lim", "id": "622353", "bio": "", "photo": {"prefix": "https://igx.4sqi.net/img/user/", "suffix": "/JE4CYZ4ADGFZOQAA.jpg"}, "homeCity": "Singapore", "lists": {"groups": [{"items": [], "count": 2, "type": "created"}]}}, {"tips": {"count": 0}, "contact": {"facebook": "894155569"}, "firstName": "Samuel", "gender": "male", "lastName": "Siahaan", "id": "74029051", "bio": "", "photo": {"prefix": "https://igx.4sqi.net/img/user/", "suffix": "/74029051-PZGHUJ2WZZ1FWPHI.jpg"}, "homeCity": "Jakarta, Daerah Khusus Ibukota Jakarta", "lists": {"groups": [{"items": [], "count": 2, "type": "created"}]}}, {"tips": {"count": 0}, "contact": {"twitter": "lisaluhur"}, "firstName": "Lisa", "gender": "female", "lastName": "Luhur-Schad", "id": "1771566", "bio": "", "photo": {"prefix": "https://igx.4sqi.net/img/user/", "suffix": "/5JGKAATSFGPKRUPW.jpg"}, "homeCity": "Jakarta Capital Region, Jakarta Capital Regi", "lists": {"groups": [{"items": [], "count": 2, "type": "created"}]}}, {"tips": {"count": 5}, "contact": {"twitter": "diar", "facebook": "561133508"}, "firstName": "Diar", "gender": "female", "lastName": "Rachmaningtyas", "id": "84781473", "bio": "", "photo": {"prefix": "https://igx.4sqi.net/img/user/", "suffix": "/84781473-X5X4RKMBQETVW2PS.jpg"}, "homeCity": "Dusun Padang Sambian, Denpasar Bali-Indonesia", "lists": {"groups": [{"items": [], "count": 2, "type": "created"}]}}, {"tips": {"count": 0}, "contact": {"facebook": "1454693405"}, "firstName": "Prihadi", "gender": "male", "lastName": "Kusumah", "id": "926792", "bio": "", "photo": {"prefix": "https://igx.4sqi.net/img/user/", "suffix": "/ODS2ENZ0X0KCOIIY.jpg"}, "homeCity": "Jakarta, Indonesia", "lists": {"groups": [{"items": [], "count": 2, "type": "created"}]}}, {"tips": {"count": 2}, "contact": {"facebook": "524839814"}, "firstName": "Bima", "gender": "female", "lastName": "Gusti", "id": "2605600", "bio": "", "photo": {"prefix": "https://igx.4sqi.net/img/user/", "suffix": "/2605600-SXWIUDADSQEARSBW.jpg"}, "homeCity": "Jakarta, Indonesia", "lists": {"groups": [{"items": [], "count": 2, "type": "created"}]}}, {"tips": {"count": 8}, "contact": {"twitter": "benul3189", "facebook": "818129177"}, "firstName": "Ibnu", "gender": "male", "lastName": "Rizal", "id": "11293092", "bio": "", "photo": {"prefix": "https://igx.4sqi.net/img/user/", "suffix": "/ZRYQZH1Z1J2GYLDR.jpg"}, "homeCity": "Jakarta, Indonesia", "lists": {"groups": [{"items": [], "count": 2, "type": "created"}]}}, {"tips": {"count": 3}, "contact": {"twitter": "dinoraturandang", "facebook": "722034008"}, "firstName": "Dino", "gender": "male", "lastName": "Raturandang", "id": "1295206", "bio": "Creator of SHE Band in 2000, Cherrybelle (Chibi) & BEXXA in 2011, Jelek Tapi Ngangenin, dan Selalu Ada di Hatimu", "photo": {"prefix": "https://igx.4sqi.net/img/user/", "suffix": "/O0PYMIIMQIKVJGUY.jpg"}, "homeCity": "Brooklyn, NY", "lists": {"groups": [{"items": [], "count": 2, "type": "created"}]}}, {"tips": {"count": 5}, "contact": {"twitter": "fitfitriard", "facebook": "1540520292"}, "firstName": "Fitria", "gender": "female", "lastName": "Rachma Dewi", "id": "1358042", "bio": "", "photo": {"prefix": "https://igx.4sqi.net/img/user/", "suffix": "/1358042-SKWSAF34OSGFQBMS.jpg"}, "homeCity": "Pondok Gede, Bekasi", "lists": {"groups": [{"items": [], "count": 2, "type": "created"}]}}, {"tips": {"count": 0}, "contact": {}, "firstName": "Anas", "gender": "male", "lastName": "Urbaningrum", "id": "4780964", "bio": "", "photo": {"prefix": "https://igx.4sqi.net/img/user/", "suffix": "/blank_boy.png", "default": true}, "homeCity": "Jakarta, Indonesia", "lists": {"groups": [{"items": [], "count": 2, "type": "created"}]}}, {"tips": {"count": 12}, "contact": {"twitter": "ossyprasetya"}, "firstName": "Ossy", "gender": "female", "lastName": "Prasetya", "id": "1601289", "bio": "", "photo": {"prefix": "https://igx.4sqi.net/img/user/", "suffix": "/RLS05YJVKDMSKIVV.jpg"}, "homeCity": "Jkt coret aka Tangsel", "lists": {"groups": [{"items": [], "count": 2, "type": "created"}]}}, {"tips": {"count": 1}, "contact": {"twitter": "ssiregar", "facebook": "10206817312334324"}, "firstName": "Saladin", "gender": "male", "lastName": "Siregar", "id": "10740168", "bio": "", "photo": {"prefix": "https://igx.4sqi.net/img/user/", "suffix": "/V3JXJVW5QAXWTQLQ.jpg"}, "homeCity": "Bandung, Indonesia", "lists": {"groups": [{"items": [], "count": 2, "type": "created"}]}}, {"tips": {"count": 1}, "contact": {"twitter": "emilia_ekawati", "facebook": "1663446631"}, "firstName": "Emilia", "gender": "female", "lastName": "Ekawati", "id": "23713462", "bio": "", "photo": {"prefix": "https://igx.4sqi.net/img/user/", "suffix": "/23713462-4Y4GWWRNC0TSNF0J.jpg"}, "homeCity": "Jakarta", "lists": {"groups": [{"items": [], "count": 2, "type": "created"}]}}, {"tips": {"count": 23}, "contact": {}, "firstName": "Nawawi", "gender": "male", "lastName": "Mahmood", "id": "8161495", "bio": "Learning from experiences, memorising all events while sharing anything, anyone, anywhere, anytime and any chance.. Anymore?", "photo": {"prefix": "https://igx.4sqi.net/img/user/", "suffix": "/8161495-CC3WY3MPADRB42MO.jpg"}, "homeCity": "Kuala Lumpur, Malaysia", "lists": {"groups": [{"items": [], "count": 2, "type": "created"}]}}, {"tips": {"count": 0}, "contact": {"facebook": "1166971673"}, "firstName": "Shinta", "gender": "female", "lastName": "Damayanti", "id": "1862313", "bio": "", "photo": {"prefix": "https://igx.4sqi.net/img/user/", "suffix": "/VWFQ0TJUK1AQIRZT.jpg"}, "homeCity": "Jakarta Barat, Jakarta", "lists": {"groups": [{"items": [], "count": 2, "type": "created"}]}}, {"tips": {"count": 0}, "contact": {"facebook": "642452418"}, "firstName": "Raja Nadhira", "gender": "female", "lastName": "Raja Iskandar", "id": "54615517", "bio": "", "photo": {"prefix": "https://igx.4sqi.net/img/user/", "suffix": "/OOBO5IRTKSIET132.jpg"}, "homeCity": "Jakarta, 04", "lists": {"groups": [{"items": [], "count": 3, "type": "created"}]}}, {"tips": {"count": 3}, "contact": {"twitter": "j3rr3"}, "firstName": "Jerry", "gender": "male", "lastName": "Kris", "id": "3870703", "bio": "", "photo": {"prefix": "https://igx.4sqi.net/img/user/", "suffix": "/GDBDYLMOZEGF4YUD.jpg"}, "homeCity": "Jakarta", "lists": {"groups": [{"items": [], "count": 2, "type": "created"}]}}, {"tips": {"count": 15}, "contact": {}, "firstName": "Teguh", "gender": "male", "lastName": "Prasetya", "id": "738047", "bio": "", "photo": {"prefix": "https://igx.4sqi.net/img/user/", "suffix": "/2UVOKEY0T5SJL3NE.jpg"}, "homeCity": "Jakarta, Indonesia", "lists": {"groups": [{"items": [], "count": 2, "type": "created"}]}}, {"tips": {"count": 23}, "contact": {"twitter": "karjono", "facebook": "1307297149"}, "firstName": "Cak", "gender": "male", "lastName": "Jono", "id": "1951714", "bio": "", "photo": {"prefix": "https://igx.4sqi.net/img/user/", "suffix": "/1951714-L3OI0B4HS1P4LCVV.jpg"}, "homeCity": "", "lists": {"groups": [{"items": [], "count": 12, "type": "created"}]}}, {"tips": {"count": 12}, "contact": {"twitter": "mrskunyit", "facebook": "693704027"}, "firstName": "Miranda", "gender": "female", "lastName": "Djamalus", "id": "930499", "bio": "", "photo": {"prefix": "https://igx.4sqi.net/img/user/", "suffix": "/OEF2CJGPLGERJN2R.jpg"}, "homeCity": "Jakarta Capital Region, Jakarta Capital Regi", "lists": {"groups": [{"items": [], "count": 2, "type": "created"}]}}, {"tips": {"count": 0}, "contact": {"twitter": "danangdp", "facebook": "541853164"}, "firstName": "danang", "gender": "male", "lastName": "pranoto", "id": "2760437", "bio": "", "photo": {"prefix": "https://igx.4sqi.net/img/user/", "suffix": "/ESKRQDFNIHVLTLAW.jpg"}, "homeCity": "Jakarta, Indonesia", "lists": {"groups": [{"items": [], "count": 2, "type": "created"}]}}, {"tips": {"count": 0}, "contact": {}, "firstName": "Sari", "gender": "female", "lastName": "Darus", "id": "1482002", "bio": "", "photo": {"prefix": "https://igx.4sqi.net/img/user/", "suffix": "/HMXP3P4KZTX4GYWV.jpg"}, "homeCity": "Jakarta Selatan, Indonesia", "lists": {"groups": [{"items": [], "count": 2, "type": "created"}]}}, {"tips": {"count": 0}, "contact": {}, "firstName": "Donny", "gender": "male", "lastName": "Noerhadi", "id": "49399429", "bio": "", "photo": {"prefix": "https://igx.4sqi.net/img/user/", "suffix": "/49399429-0PKU0SBJ4EAZEQMI.jpg"}, "homeCity": "Jakarta Raya", "lists": {"groups": [{"items": [], "count": 2, "type": "created"}]}}, {"tips": {"count": 0}, "contact": {"facebook": "570232046"}, "firstName": "shaniz", "gender": "male", "id": "4839359", "bio": "", "photo": {"prefix": "https://igx.4sqi.net/img/user/", "suffix": "/blank_boy.png", "default": true}, "homeCity": "Abu Dhabi, United Arab Emirates", "lists": {"groups": [{"items": [], "count": 2, "type": "created"}]}}, {"tips": {"count": 0}, "contact": {"twitter": "haqiki"}, "firstName": "Haqiki", "gender": "female", "lastName": "A", "id": "2108692", "bio": "", "photo": {"prefix": "https://igx.4sqi.net/img/user/", "suffix": "/NLOYGEED5QRUXAGL.jpg"}, "homeCity": "Norwich", "lists": {"groups": [{"items": [], "count": 2, "type": "created"}]}}, {"tips": {"count": 10}, "contact": {}, "firstName": "Salina", "gender": "female", "lastName": "Nordin", "id": "17564991", "bio": "", "photo": {"prefix": "https://igx.4sqi.net/img/user/", "suffix": "/ZBDEE3342A0UKKRH.jpg"}, "homeCity": "Kuala Lumpur, Malaysia", "lists": {"groups": [{"items": [], "count": 2, "type": "created"}]}}, {"tips": {"count": 1}, "contact": {"facebook": "1650120203"}, "firstName": "Danny", "gender": "male", "lastName": "Suharno", "id": "24026747", "bio": "", "photo": {"prefix": "https://igx.4sqi.net/img/user/", "suffix": "/GOYGI5MYCBY4M5V2.jpg"}, "homeCity": "New South Wales", "lists": {"groups": [{"items": [], "count": 2, "type": "created"}]}}, {"tips": {"count": 1}, "contact": {"twitter": "mfathony", "facebook": "10152988526132210"}, "firstName": "Mukhamad", "gender": "male", "lastName": "Fathoni", "id": "8502508", "bio": "", "photo": {"prefix": "https://igx.4sqi.net/img/user/", "suffix": "/25FBXWZS1ZJ2W0NV.jpg"}, "homeCity": "Malang, Indonesia", "lists": {"groups": [{"items": [], "count": 4, "type": "created"}]}}, {"tips": {"count": 0}, "contact": {"twitter": "superojiecukup"}, "firstName": "jalur", "gender": "male", "lastName": "kanan", "id": "1862319", "bio": "", "photo": {"prefix": "https://igx.4sqi.net/img/user/", "suffix": "/YFP3YOA1FPSFWGL2.jpg"}, "homeCity": "Jakarta Capital Region, Jakarta Capital Regi", "lists": {"groups": [{"items": [], "count": 2, "type": "created"}]}}, {"tips": {"count": 2}, "contact": {"facebook": "1374181538"}, "firstName": "Dana", "gender": "male", "lastName": "Hassan", "id": "4510740", "bio": "", "photo": {"prefix": "https://igx.4sqi.net/img/user/", "suffix": "/QOOOU2D2QQPALTBO.jpg"}, "homeCity": "Bintaro, Tangerang", "lists": {"groups": [{"items": [], "count": 2, "type": "created"}]}}, {"tips": {"count": 1}, "contact": {}, "firstName": "arno", "gender": "male", "lastName": "ptsks", "id": "2994258", "bio": "", "photo": {"prefix": "https://igx.4sqi.net/img/user/", "suffix": "/blank_boy.png", "default": true}, "homeCity": "Indonesia", "lists": {"groups": [{"items": [], "count": 2, "type": "created"}]}}, {"tips": {"count": 4}, "contact": {"twitter": "rendraalmatsier", "facebook": "649333092"}, "firstName": "Rendra", "gender": "male", "lastName": "Almatsier", "id": "3346600", "bio": "", "photo": {"prefix": "https://igx.4sqi.net/img/user/", "suffix": "/MW45IPYFNLZBCP3V.jpg"}, "homeCity": "Ciputat, Indonesia", "lists": {"groups": [{"items": [], "count": 2, "type": "created"}]}}, {"tips": {"count": 0}, "contact": {"twitter": "rifqiuwiq", "facebook": "567549267"}, "firstName": "rifqi", "gender": "male", "lastName": "fauzi", "id": "973279", "bio": "", "photo": {"prefix": "https://igx.4sqi.net/img/user/", "suffix": "/ATEHIGY1OQKY1W3F.jpg"}, "homeCity": "Yogyakarta", "lists": {"groups": [{"items": [], "count": 2, "type": "created"}]}}, {"tips": {"count": 4}, "contact": {"twitter": "mbakilfi", "facebook": "10153534328385806"}, "firstName": "Mbakilfi", "gender": "female", "id": "2761664", "bio": "", "photo": {"prefix": "https://igx.4sqi.net/img/user/", "suffix": "/PG24CR03AO3Z1M10.jpg"}, "homeCity": "Jakarta, Indonesia", "lists": {"groups": [{"items": [], "count": 2, "type": "created"}]}}, {"tips": {"count": 1}, "contact": {"facebook": "100000111395750"}, "firstName": "Angga", "gender": "male", "lastName": "Yudha", "id": "2164225", "bio": "", "photo": {"prefix": "https://igx.4sqi.net/img/user/", "suffix": "/TQBLLCM2RJ002B3X.jpg"}, "homeCity": "Yogyakarta", "lists": {"groups": [{"items": [], "count": 2, "type": "created"}]}}, {"tips": {"count": 0}, "contact": {"twitter": "othmanabakar", "facebook": "1266902626657645"}, "firstName": "Othman", "gender": "male", "lastName": "Abu Bakar", "id": "56019407", "bio": "", "photo": {"prefix": "https://igx.4sqi.net/img/user/", "suffix": "/56019407-PYLN204EYZYOO0A1.jpg"}, "homeCity": "Cheras, Selangor", "lists": {"groups": [{"items": [], "count": 2, "type": "created"}]}}, {"tips": {"count": 0}, "contact": {"twitter": "reniitasari"}, "firstName": "Renita", "gender": "female", "lastName": "Sari", "id": "6952681", "bio": "", "photo": {"prefix": "https://igx.4sqi.net/img/user/", "suffix": "/blank_girl.png", "default": true}, "homeCity": "Jakarta, Indonesia", "lists": {"groups": [{"items": [], "count": 2, "type": "created"}]}}, {"tips": {"count": 3}, "contact": {"twitter": "hamidbasalem", "facebook": "1399629777"}, "firstName": "Hamid", "gender": "male", "lastName": "Basalem", "id": "7138312", "bio": "", "photo": {"prefix": "https://igx.4sqi.net/img/user/", "suffix": "/NTCFIUP2DGNLKRXK.jpg"}, "homeCity": "Jakarta, Indonesia", "lists": {"groups": [{"items": [], "count": 4, "type": "created"}]}}, {"tips": {"count": 0}, "contact": {"facebook": "642811117"}, "firstName": "Aris", "gender": "male", "lastName": "Wahyudi", "id": "17751618", "bio": "", "photo": {"prefix": "https://igx.4sqi.net/img/user/", "suffix": "/NGIIOGLFPGIABVAM.jpg"}, "homeCity": "Jakarta, Indonesia", "lists": {"groups": [{"items": [], "count": 2, "type": "created"}]}}, {"tips": {"count": 0}, "contact": {}, "firstName": "Suria", "gender": "male", "lastName": "Putra", "id": "24104553", "bio": "", "photo": {"prefix": "https://igx.4sqi.net/img/user/", "suffix": "/MJ3JEQVNHJS0EWVS.jpg"}, "homeCity": "Jawa Tengah", "lists": {"groups": [{"items": [], "count": 2, "type": "created"}]}}, {"tips": {"count": 4}, "contact": {}, "firstName": "Thareq", "gender": "male", "lastName": "Habibie", "id": "9562571", "bio": "", "photo": {"prefix": "https://igx.4sqi.net/img/user/", "suffix": "/5WTVDWHAT0YPSHHT.jpg"}, "homeCity": "Jakarta, Indonesia", "lists": {"groups": [{"items": [], "count": 2, "type": "created"}]}}, {"tips": {"count": 4}, "contact": {"twitter": "koko_tri", "facebook": "1200787358"}, "firstName": "Koko", "gender": "male", "lastName": "Tri", "id": "1869216", "bio": "Jakarta....Jakarta....Jakarta...Bola, Kompas Gramedia, Cycling, Motobike, Retro Cars, #khokography", "photo": {"prefix": "https://igx.4sqi.net/img/user/", "suffix": "/1869216-IDEWP4RQLLPIJ3IA.jpg"}, "homeCity": "Jakarta", "lists": {"groups": [{"items": [], "count": 4, "type": "created"}]}}, {"tips": {"count": 0}, "contact": {"facebook": "100000884177245"}, "firstName": "Hayiek", "gender": "male", "lastName": "Gularso", "id": "48062457", "bio": "", "photo": {"prefix": "https://igx.4sqi.net/img/user/", "suffix": "/AE530GLJEVEK1LSV.jpg"}, "homeCity": "Jakarta Raya", "lists": {"groups": [{"items": [], "count": 2, "type": "created"}]}}, {"tips": {"count": 0}, "contact": {"facebook": "1618364334"}, "firstName": "Ahmad", "gender": "male", "lastName": "Pratiknya", "id": "63919446", "bio": "", "photo": {"prefix": "https://igx.4sqi.net/img/user/", "suffix": "/blank_boy.png", "default": true}, "homeCity": "Jakarta, 04", "lists": {"groups": [{"items": [], "count": 2, "type": "created"}]}}, {"tips": {"count": 0}, "contact": {"twitter": "ilsa_s", "facebook": "762834098"}, "firstName": "Ilsa", "gender": "female", "lastName": "Darmawan", "id": "4711056", "bio": "", "photo": {"prefix": "https://igx.4sqi.net/img/user/", "suffix": "/4711056-1O3ELUHJVUUX31LW.jpg"}, "homeCity": "Jakarta, Indonesia", "lists": {"groups": [{"items": [], "count": 2, "type": "created"}]}}, {"tips": {"count": 17}, "contact": {"twitter": "sig_architect", "facebook": "643756647"}, "firstName": "Sigit", "gender": "male", "lastName": "Kusumawijaya", "id": "1067080", "bio": "architecture | urbanplanning | creative | design | research | community | phone: +6281222444479 | email: info@sigitkusumawijaya.com | www.sigitkusumawijaya.com", "photo": {"prefix": "https://igx.4sqi.net/img/user/", "suffix": "/1067080-QTX0OWIR3KXQM3MZ.jpg"}, "homeCity": "Jakarta", "lists": {"groups": [{"items": [], "count": 2, "type": "created"}]}}, {"tips": {"count": 0}, "contact": {"twitter": "fazmyj", "facebook": "10153494942691870"}, "firstName": "Fazmy", "gender": "male", "lastName": "Jaffar", "id": "3036229", "bio": "", "photo": {"prefix": "https://igx.4sqi.net/img/user/", "suffix": "/HPGB35SQ01IKYPO4.jpg"}, "homeCity": "Malaysia", "lists": {"groups": [{"items": [], "count": 2, "type": "created"}]}}, {"tips": {"count": 1}, "contact": {"facebook": "543208847"}, "firstName": "Maya", "gender": "female", "lastName": "Koriana", "id": "11001799", "bio": "", "photo": {"prefix": "https://igx.4sqi.net/img/user/", "suffix": "/N50MSVFT5YIK1UZA.jpg"}, "homeCity": "", "lists": {"groups": [{"items": [], "count": 2, "type": "created"}]}}, {"tips": {"count": 8}, "contact": {"facebook": "702923744"}, "firstName": "Rahmat", "gender": "male", "lastName": "Hidayat", "id": "11047290", "bio": "", "photo": {"prefix": "https://igx.4sqi.net/img/user/", "suffix": "/VZTJIPPIISPDTFLA.jpg"}, "homeCity": "Pekan Baru, Indonesia", "lists": {"groups": [{"items": [], "count": 2, "type": "created"}]}}, {"tips": {"count": 0}, "contact": {"facebook": "1502735"}, "firstName": "Ray", "gender": "male", "lastName": "Hervandi", "id": "7220228", "bio": "", "photo": {"prefix": "https://igx.4sqi.net/img/user/", "suffix": "/7220228-2CNOKGBBUTKJI3TU.jpg"}, "homeCity": "Arlington, VA", "lists": {"groups": [{"items": [], "count": 2, "type": "created"}]}}, {"tips": {"count": 0}, "contact": {"facebook": "1173438132"}, "firstName": "Martina", "gender": "female", "lastName": "Mihovilic", "id": "17966514", "bio": "", "photo": {"prefix": "https://igx.4sqi.net/img/user/", "suffix": "/JIFXHT4KEUEMO5D2.jpg"}, "homeCity": "Zagreb, Croatia ", "lists": {"groups": [{"items": [], "count": 2, "type": "created"}]}}, {"tips": {"count": 0}, "contact": {"facebook": "1050895216"}, "firstName": "Vidya", "gender": "female", "lastName": "Amalia", "id": "38778374", "bio": "", "photo": {"prefix": "https://igx.4sqi.net/img/user/", "suffix": "/PKNATZ5HJ3UFITSM.jpg"}, "homeCity": "Banten", "lists": {"groups": [{"items": [], "count": 2, "type": "created"}]}}, {"tips": {"count": 3}, "contact": {"twitter": "imamkhairul", "facebook": "10204276340163061"}, "firstName": "Imam", "gender": "male", "lastName": "Khairul", "id": "14081903", "bio": "@darunnajah_jkt @34graduate 2011 | @iu_edu | @kompasiana | @wikimediaid | imam_khairul_annas@yahoo.com | Warga Kab. Bekasi, Jawa Barat, Indonesia \u263a", "photo": {"prefix": "https://igx.4sqi.net/img/user/", "suffix": "/54F3N0KP1UXOZGPS.jpg"}, "homeCity": "Medina, Arab Saudi", "lists": {"groups": [{"items": [], "count": 2, "type": "created"}]}}, {"tips": {"count": 1}, "contact": {"twitter": "cynthiabogor", "facebook": "815218503"}, "firstName": "Cynthia", "gender": "female", "lastName": "Hardjaksumah", "id": "1915915", "bio": "", "photo": {"prefix": "https://igx.4sqi.net/img/user/", "suffix": "/IMTIZPTN0E5BG3QP.jpg"}, "homeCity": "Jakarta, Indonesia", "lists": {"groups": [{"items": [], "count": 2, "type": "created"}]}}, {"tips": {"count": 0}, "contact": {"facebook": "15609786"}, "firstName": "Tannaz", "gender": "female", "lastName": "Haddadi", "id": "54310804", "bio": "", "photo": {"prefix": "https://igx.4sqi.net/img/user/", "suffix": "/TZPEOS0QLOHJJ1PK.jpg"}, "homeCity": "Greenbriar, VA", "lists": {"groups": [{"items": [], "count": 2, "type": "created"}]}}, {"tips": {"count": 0}, "contact": {"facebook": "662457805"}, "firstName": "Huda", "gender": "female", "lastName": "Lockhat", "id": "78957177", "bio": "", "photo": {"prefix": "https://igx.4sqi.net/img/user/", "suffix": "/78957177-J4IUMHQPEMZTBBGM.jpg"}, "homeCity": "Cape Town, Western Cape", "lists": {"groups": [{"items": [], "count": 2, "type": "created"}]}}, {"tips": {"count": 1}, "contact": {"facebook": "708949825"}, "firstName": "Putu Ari", "gender": "male", "lastName": "Wisnu S", "id": "1142447", "bio": "", "photo": {"prefix": "https://igx.4sqi.net/img/user/", "suffix": "/5U5PZBWI0TCBHKEL.jpg"}, "homeCity": "Badung, Bali", "lists": {"groups": [{"items": [], "count": 2, "type": "created"}]}}, {"tips": {"count": 0}, "contact": {"facebook": "1553192646"}, "firstName": "meilanie", "gender": "female", "lastName": "huda", "id": "3436617", "bio": "", "photo": {"prefix": "https://igx.4sqi.net/img/user/", "suffix": "/3NHFBGPF3NTG45D0.jpg"}, "homeCity": "Jakarta, Indonesia", "lists": {"groups": [{"items": [], "count": 2, "type": "created"}]}}, {"tips": {"count": 1}, "contact": {"facebook": "630191005"}, "firstName": "Yudi", "gender": "male", "lastName": "Dananjaya", "id": "19664141", "bio": "", "photo": {"prefix": "https://igx.4sqi.net/img/user/", "suffix": "/2VJSBV4SXMDZSM2O.jpg"}, "homeCity": "Jakarta, Indonesia", "lists": {"groups": [{"items": [], "count": 2, "type": "created"}]}}, {"tips": {"count": 0}, "contact": {"twitter": "yusuf_karim", "facebook": "100000168331794"}, "firstName": "yusuf", "gender": "male", "lastName": "karim", "id": "12681830", "bio": "", "photo": {"prefix": "https://igx.4sqi.net/img/user/", "suffix": "/JXRWGMI0BA4E2ARV.jpg"}, "homeCity": "IN", "lists": {"groups": [{"items": [], "count": 2, "type": "created"}]}}, {"tips": {"count": 2}, "contact": {"twitter": "annisa_anjani", "facebook": "636956131"}, "firstName": "Annischa", "gender": "female", "lastName": "Angianie", "id": "7841637", "bio": "", "photo": {"prefix": "https://igx.4sqi.net/img/user/", "suffix": "/X01WGLFYU0ZWTJCZ.jpg"}, "homeCity": "Depok, Indonesia", "lists": {"groups": [{"items": [], "count": 2, "type": "created"}]}}, {"tips": {"count": 0}, "contact": {"facebook": "627444472"}, "firstName": "Su", "gender": "female", "lastName": "Ham", "id": "18911203", "bio": "", "photo": {"prefix": "https://igx.4sqi.net/img/user/", "suffix": "/GCR54CAYXCAKPUWC.jpg"}, "homeCity": "Jakarta, Indonesia", "lists": {"groups": [{"items": [], "count": 2, "type": "created"}]}}, {"tips": {"count": 0}, "contact": {"facebook": "578245790"}, "firstName": "Jhordy", "gender": "male", "lastName": "Nazar", "id": "67981155", "bio": "", "photo": {"prefix": "https://igx.4sqi.net/img/user/", "suffix": "/EH0XLSBBR2P11IXZ.jpg"}, "homeCity": "Jakarta, 04", "lists": {"groups": [{"items": [], "count": 2, "type": "created"}]}}, {"tips": {"count": 1}, "contact": {"twitter": "mln_arf"}, "firstName": "Conte", "gender": "male", "lastName": "Arief", "id": "2460138", "bio": "", "photo": {"prefix": "https://igx.4sqi.net/img/user/", "suffix": "/LXO4L4PK0VLHLVSE.jpg"}, "homeCity": "Pamulang, Indonesia", "lists": {"groups": [{"items": [], "count": 2, "type": "created"}]}}, {"tips": {"count": 2}, "contact": {"twitter": "emwees", "facebook": "665888178"}, "firstName": "M Wahab", "gender": "male", "lastName": "S", "id": "1151609", "bio": "", "photo": {"prefix": "https://igx.4sqi.net/img/user/", "suffix": "/PBF1V2QU3DSBKNI2.jpg"}, "homeCity": "Jakarta, Indonesia", "lists": {"groups": [{"items": [], "count": 2, "type": "created"}]}}, {"tips": {"count": 12}, "contact": {"twitter": "drhaaz", "facebook": "650546856"}, "firstName": "Daniel", "gender": "male", "lastName": "Ramos Haaz", "id": "21289061", "bio": "", "photo": {"prefix": "https://igx.4sqi.net/img/user/", "suffix": "/QYSW4W2XDRW4AOOL.jpg"}, "homeCity": "Madison, WI", "lists": {"groups": [{"items": [], "count": 2, "type": "created"}]}}, {"tips": {"count": 0}, "contact": {"twitter": "lukmanfahmi", "facebook": "1065982234"}, "firstName": "Lukman F", "gender": "male", "lastName": "Djarwono", "id": "12759850", "bio": "A conservative realist.", "photo": {"prefix": "https://igx.4sqi.net/img/user/", "suffix": "/12759850-2TGWC34HLPQZCKME.jpg"}, "homeCity": "Surakarta, Indonesia", "lists": {"groups": [{"items": [], "count": 2, "type": "created"}]}}, {"tips": {"count": 0}, "contact": {"facebook": "732343709"}, "firstName": "Rino", "gender": "female", "lastName": "Sadikin", "id": "52794061", "bio": "", "photo": {"prefix": "https://igx.4sqi.net/img/user/", "suffix": "/ETQLIWEOKQTSDEWF.jpg"}, "homeCity": "Jakarta, 04", "lists": {"groups": [{"items": [], "count": 2, "type": "created"}]}}, {"tips": {"count": 1}, "contact": {"twitter": "kuyasuper", "facebook": "100001580889240"}, "firstName": "kuyz", "gender": "male", "id": "2772915", "bio": "", "photo": {"prefix": "https://igx.4sqi.net/img/user/", "suffix": "/3AA2BCH5M3DIGD3V.jpg"}, "homeCity": "Tel Aviv, ISRAEL", "lists": {"groups": [{"items": [], "count": 2, "type": "created"}]}}, {"tips": {"count": 11}, "contact": {}, "firstName": "Gabriel", "gender": "male", "lastName": "Hariandja", "id": "1155177", "bio": "", "photo": {"prefix": "https://igx.4sqi.net/img/user/", "suffix": "/NWLACIPUAKVYYLU2.jpg"}, "homeCity": "Jakarta, Indonesia", "lists": {"groups": [{"items": [], "count": 3, "type": "created"}]}}, {"tips": {"count": 0}, "contact": {}, "firstName": "Hayiek", "gender": "male", "lastName": "Gularso", "id": "46391459", "bio": "", "photo": {"prefix": "https://igx.4sqi.net/img/user/", "suffix": "/E0A32WB20DVTIHJM.jpg"}, "homeCity": "Banten", "lists": {"groups": [{"items": [], "count": 2, "type": "created"}]}}, {"tips": {"count": 12}, "contact": {"twitter": "ariffinkusetiaw", "facebook": "1064063579"}, "firstName": "Ariffin", "gender": "male", "lastName": "Mukandar", "id": "18639343", "bio": "", "photo": {"prefix": "https://igx.4sqi.net/img/user/", "suffix": "/54XYSNMFCWF1H03D.jpg"}, "homeCity": "Batu Caves, Malaysia", "lists": {"groups": [{"items": [], "count": 2, "type": "created"}]}}, {"tips": {"count": 0}, "contact": {}, "firstName": "mila", "gender": "female", "lastName": "leutik", "id": "2805342", "bio": "", "photo": {"prefix": "https://igx.4sqi.net/img/user/", "suffix": "/PWUG335YTO0TABZO.jpg"}, "homeCity": "Jakarta, Indonesia", "lists": {"groups": [{"items": [], "count": 2, "type": "created"}]}}, {"tips": {"count": 0}, "contact": {"twitter": "wdanoe"}, "firstName": "Wulan", "gender": "female", "lastName": "Danoekoesoemo", "id": "1257237", "bio": "", "photo": {"prefix": "https://igx.4sqi.net/img/user/", "suffix": "/NNIK3WLOTTTYRYEI.jpg"}, "homeCity": "Jakarta, Indonesia", "lists": {"groups": [{"items": [], "count": 2, "type": "created"}]}}, {"tips": {"count": 11}, "contact": {}, "firstName": "Wibi", "gender": "male", "lastName": "W", "id": "2808180", "bio": "", "photo": {"prefix": "https://igx.4sqi.net/img/user/", "suffix": "/T0E2KHENRJSW0ZU4.jpg"}, "homeCity": "", "lists": {"groups": [{"items": [], "count": 2, "type": "created"}]}}, {"tips": {"count": 1}, "contact": {"twitter": "abengjubeng", "facebook": "1425194002"}, "firstName": "Adiguna", "gender": "male", "lastName": "Wahyu", "id": "1307835", "bio": "", "photo": {"prefix": "https://igx.4sqi.net/img/user/", "suffix": "/RVK5ZQLANFHGDFAE.jpg"}, "homeCity": "", "lists": {"groups": [{"items": [], "count": 2, "type": "created"}]}}, {"tips": {"count": 19}, "contact": {"twitter": "toeting", "facebook": "1131813055"}, "firstName": "Titto Ryantorie", "gender": "male", "lastName": "Moelyono", "id": "3588225", "bio": "", "photo": {"prefix": "https://igx.4sqi.net/img/user/", "suffix": "/3588225-WHHZ14JZ5M4UPEIW.jpg"}, "homeCity": "Jakarta, Indonesia", "lists": {"groups": [{"items": [], "count": 2, "type": "created"}]}}, {"tips": {"count": 0}, "contact": {"facebook": "1457871373"}, "firstName": "hariyo", "gender": "male", "id": "1405313", "bio": "", "photo": {"prefix": "https://igx.4sqi.net/img/user/", "suffix": "/VHTN3VNGNB55MO3I.jpg"}, "homeCity": "Jakarta", "lists": {"groups": [{"items": [], "count": 2, "type": "created"}]}}, {"tips": {"count": 8}, "contact": {"twitter": "aldahamid", "facebook": "540265884"}, "firstName": "aldahamid", "gender": "female", "id": "3954571", "bio": "", "photo": {"prefix": "https://igx.4sqi.net/img/user/", "suffix": "/UIJN1HEG3522ATDR.jpg"}, "homeCity": "Jakarta, Indonesia", "lists": {"groups": [{"items": [], "count": 2, "type": "created"}]}}, {"tips": {"count": 0}, "contact": {"twitter": "panduripto"}, "firstName": "Pandu", "gender": "male", "lastName": "Ripto", "id": "1508581", "bio": "", "photo": {"prefix": "https://igx.4sqi.net/img/user/", "suffix": "/R11ACJTNNXEXYRVX.jpg"}, "homeCity": "Jakarta", "lists": {"groups": [{"items": [], "count": 2, "type": "created"}]}}, {"tips": {"count": 18}, "contact": {"twitter": "lisabdul", "facebook": "669952486"}, "firstName": "Lisa", "gender": "female", "lastName": "Abdulrahim", "id": "7714658", "bio": "", "photo": {"prefix": "https://igx.4sqi.net/img/user/", "suffix": "/PGIMIHLWR2TLMHEH.jpg"}, "homeCity": "Jakarta, Indonesia", "lists": {"groups": [{"items": [], "count": 3, "type": "created"}]}}, {"tips": {"count": 0}, "contact": {"facebook": "1005841773"}, "firstName": "Budi", "gender": "male", "lastName": "Utomo", "id": "1543525", "bio": "", "photo": {"prefix": "https://igx.4sqi.net/img/user/", "suffix": "/55DMTKAGTAR5R1SB.jpg"}, "homeCity": "Jakarta, Indonesia", "lists": {"groups": [{"items": [], "count": 2, "type": "created"}]}}, {"tips": {"count": 15}, "contact": {"twitter": "mytoms"}, "firstName": "Mytoms Superdad", "gender": "male", "lastName": "Sembodo", "id": "1574163", "bio": "Just an ordinary man", "photo": {"prefix": "https://igx.4sqi.net/img/user/", "suffix": "/KPKLNBSAUSZO31J4.jpg"}, "homeCity": "Jakarta, Indonesia", "lists": {"groups": [{"items": [], "count": 2, "type": "created"}]}}, {"tips": {"count": 1}, "contact": {"twitter": "missclagareth", "facebook": "701502710"}, "firstName": "Margareth", "gender": "female", "id": "1637991", "bio": "", "photo": {"prefix": "https://igx.4sqi.net/img/user/", "suffix": "/521MKQP52DJURAC5.jpg"}, "homeCity": "Bekasi, West Java", "lists": {"groups": [{"items": [], "count": 2, "type": "created"}]}}, {"tips": {"count": 19}, "contact": {"twitter": "pramrr"}, "firstName": "pram", "gender": "male", "id": "1810756", "bio": "", "photo": {"prefix": "https://igx.4sqi.net/img/user/", "suffix": "/1810756-USVQWK00VWD0KX14.jpg"}, "homeCity": "Jakarta Capital Region, Jakarta Capital Regi", "lists": {"groups": [{"items": [], "count": 3, "type": "created"}]}}, {"tips": {"count": 0}, "contact": {"twitter": "vishnujuwono", "facebook": "1536802742"}, "firstName": "Vishnu", "gender": "male", "lastName": "Juwono", "id": "1831960", "bio": "", "photo": {"prefix": "https://igx.4sqi.net/img/user/", "suffix": "/KJJ0S0MMYXTFD3VO.jpg"}, "homeCity": "Depok, Jawa Barat", "lists": {"groups": [{"items": [], "count": 2, "type": "created"}]}}, {"tips": {"count": 12}, "contact": {"twitter": "atamerica", "facebook": "100001255852543"}, "firstName": "@america", "gender": "none", "id": "1877355", "bio": "This is the official Foursquare account of @america center in Jakarta, Indonesia. www.atamerica.or.id", "photo": {"prefix": "https://igx.4sqi.net/img/user/", "suffix": "/TRQFLMJILNBPHYQT.png"}, "homeCity": "Indonesia", "lists": {"groups": [{"items": [], "count": 2, "type": "created"}]}}, {"tips": {"count": 15}, "contact": {"twitter": "jhosie", "facebook": "707555038"}, "firstName": "Jhosie", "gender": "female", "lastName": "Tsix", "id": "1880230", "bio": "Ubiquitous online.. Connected always..", "photo": {"prefix": "https://igx.4sqi.net/img/user/", "suffix": "/1880230-0TVWFX1CTS5UO0UI.jpg"}, "homeCity": "Sydney, Australia", "lists": {"groups": [{"items": [], "count": 4, "type": "created"}]}}, {"tips": {"count": 7}, "contact": {"twitter": "dhaniearie", "facebook": "598537989"}, "firstName": "Dhanie", "gender": "male", "lastName": "Arie", "id": "2018540", "bio": "@JLo big fan! Love to travel, affordable fashion", "photo": {"prefix": "https://igx.4sqi.net/img/user/", "suffix": "/2018540-DT1OQKORW1DDGMOE.jpg"}, "homeCity": "Kuta, Bali", "lists": {"groups": [{"items": [], "count": 2, "type": "created"}]}}, {"tips": {"count": 0}, "contact": {"twitter": "ddwianto", "facebook": "1197941592"}, "firstName": "Deddy", "gender": "male", "lastName": "Dwianto", "id": "2057933", "bio": "", "photo": {"prefix": "https://igx.4sqi.net/img/user/", "suffix": "/HO5CSIUHYA3GTQZH.jpg"}, "homeCity": "Jakarta, Indonesia", "lists": {"groups": [{"items": [], "count": 2, "type": "created"}]}}, {"tips": {"count": 3}, "contact": {"twitter": "idamaniez76", "facebook": "696354064"}, "firstName": "Ida", "gender": "female", "lastName": "Zubaidah", "id": "2225095", "bio": "", "photo": {"prefix": "https://igx.4sqi.net/img/user/", "suffix": "/2225095-A0CVT0IRUDCUZP2H.jpg"}, "homeCity": "Jakarta, Indonesia", "lists": {"groups": [{"items": [], "count": 2, "type": "created"}]}}, {"tips": {"count": 21}, "contact": {}, "firstName": "Jake", "gender": "male", "lastName": "Sully", "id": "2403178", "bio": "", "photo": {"prefix": "https://igx.4sqi.net/img/user/", "suffix": "/blank_boy.png", "default": true}, "homeCity": "Sydney, Australia", "lists": {"groups": [{"items": [], "count": 2, "type": "created"}]}}, {"tips": {"count": 0}, "contact": {}, "firstName": "TOMMY  GUSTAVI", "gender": "male", "lastName": "UTOMO", "id": "2638469", "bio": "Leica, Landcruiser, MTB, Runner, former CEO LAZ AlFauzien, 20yrs+ telco, to be a good father & husband. #UOM-for-NabilahNurjannah", "photo": {"prefix": "https://igx.4sqi.net/img/user/", "suffix": "/2638469-OA0W1Y2ZB1SLT5MI.jpg"}, "homeCity": "Mecca", "lists": {"groups": [{"items": [], "count": 2, "type": "created"}]}}, {"tips": {"count": 13}, "contact": {"twitter": "fakhrurrazi", "facebook": "100003108196294"}, "firstName": "fakhrurrazi", "gender": "male", "lastName": "amir", "id": "3090188", "bio": "A man who take a process for  precise  life :-)", "photo": {"prefix": "https://igx.4sqi.net/img/user/", "suffix": "/X42TXBQEGPVHASKT.jpg"}, "homeCity": "Banda Aceh, Indonesia", "lists": {"groups": [{"items": [], "count": 2, "type": "created"}]}}, {"tips": {"count": 0}, "contact": {"twitter": "taufikasr", "facebook": "530508931"}, "firstName": "Taufik", "gender": "male", "lastName": "Asril", "id": "3243825", "bio": "", "photo": {"prefix": "https://igx.4sqi.net/img/user/", "suffix": "/RTWHAZWWZL5RBQOQ.jpg"}, "homeCity": "Jakarta, Indonesia", "lists": {"groups": [{"items": [], "count": 2, "type": "created"}]}}, {"tips": {"count": 0}, "contact": {"twitter": "mitta2611", "facebook": "1319684221"}, "firstName": "Mitta", "gender": "female", "id": "3605828", "bio": "", "photo": {"prefix": "https://igx.4sqi.net/img/user/", "suffix": "/MIROGKDOUIZ4RFVC.jpg"}, "homeCity": "Jakarta, Indonesia", "lists": {"groups": [{"items": [], "count": 2, "type": "created"}]}}, {"tips": {"count": 2}, "contact": {"twitter": "adiemz", "facebook": "855234193"}, "firstName": "Adie", "gender": "male", "lastName": "Marzuki", "id": "3767399", "bio": "", "photo": {"prefix": "https://igx.4sqi.net/img/user/", "suffix": "/3767399-T3JRPRKG4CIGALAO.jpg"}, "homeCity": "Jakarta, Indonesia", "lists": {"groups": [{"items": [], "count": 2, "type": "created"}]}}, {"tips": {"count": 0}, "contact": {"twitter": "eksekutifmjlh"}, "firstName": "Majalah", "gender": "none", "lastName": "Eksekutif", "id": "3828378", "bio": "", "photo": {"prefix": "https://igx.4sqi.net/img/user/", "suffix": "/N2UVJWAS5RQ4O2NQ.jpg"}, "homeCity": "Jakarta, Indonesia", "lists": {"groups": [{"items": [], "count": 2, "type": "created"}]}}, {"tips": {"count": 2}, "contact": {"twitter": "walterkaminski", "facebook": "1138636583"}, "firstName": "Walter", "gender": "male", "lastName": "Kaminski", "id": "4115688", "bio": "", "photo": {"prefix": "https://igx.4sqi.net/img/user/", "suffix": "/ENIL0OIP0MNVSZK1.jpg"}, "homeCity": "Sydney, Australia", "lists": {"groups": [{"items": [], "count": 2, "type": "created"}]}}, {"tips": {"count": 0}, "contact": {}, "firstName": "Connie", "gender": "female", "lastName": "Meitha", "id": "5264357", "bio": "", "photo": {"prefix": "https://igx.4sqi.net/img/user/", "suffix": "/blank_girl.png", "default": true}, "homeCity": "New York, NY", "lists": {"groups": [{"items": [], "count": 2, "type": "created"}]}}, {"tips": {"count": 0}, "contact": {"twitter": "pisangcemilan", "facebook": "725843756"}, "firstName": "Bambang", "gender": "male", "lastName": "Triharto", "id": "5903787", "bio": "", "photo": {"prefix": "https://igx.4sqi.net/img/user/", "suffix": "/OU3LMXZ0DIXKO1SS.jpg"}, "homeCity": "Tangerang", "lists": {"groups": [{"items": [], "count": 2, "type": "created"}]}}, {"tips": {"count": 0}, "contact": {"facebook": "541262878"}, "firstName": "Fendy", "gender": "male", "lastName": "Prakoso", "id": "6467314", "bio": "", "photo": {"prefix": "https://igx.4sqi.net/img/user/", "suffix": "/RS3PPN4TNMFL2YF5.jpg"}, "homeCity": "Jakarta, Indonesia", "lists": {"groups": [{"items": [], "count": 2, "type": "created"}]}}], "count": 134}, "checksum": "df8eaee91e8bbc48fb64164f46408ba65733be5b"}, "meta": {"requestId": "5965bb6af594df3c0818a02e", "code": 200}}