{"notifications": [{"type": "notificationTray", "item": {"unreadCount": 0}}], "response": {"friends": {"items": [{"tips": {"count": 6}, "contact": {"twitter": "deepl", "facebook": "515790081"}, "firstName": "Olga", "gender": "female", "lastName": "Abramova", "id": "564740", "bio": "", "photo": {"prefix": "https://igx.4sqi.net/img/user/", "suffix": "/T5FSA2NYOD044L0C.jpg"}, "homeCity": "\u0433\u043e\u0440\u043e\u0434 \u041c\u043e\u0441\u043a\u0432\u0430, \u041c\u043e\u0441\u043a\u0432\u0430", "lists": {"groups": [{"items": [], "count": 2, "type": "created"}]}}, {"tips": {"count": 5}, "contact": {"twitter": "funny_lil_bitch", "facebook": "1420562860"}, "firstName": "Lizetta", "gender": "female", "lastName": "Morina", "id": "11613882", "bio": "", "photo": {"prefix": "https://igx.4sqi.net/img/user/", "suffix": "/11613882-NWL4O2DVAMCRMUAC.jpg"}, "homeCity": "\u0433\u043e\u0440\u043e\u0434 \u041c\u043e\u0441\u043a\u0432\u0430, \u0420\u043e\u0441\u0441\u0438\u044f", "lists": {"groups": [{"items": [], "count": 12, "type": "created"}]}}, {"tips": {"count": 3}, "contact": {}, "firstName": "Ekaterina", "gender": "female", "id": "4469797", "bio": "", "photo": {"prefix": "https://igx.4sqi.net/img/user/", "suffix": "/4469797-C1GGXC2DSDUMRLCD.jpg"}, "homeCity": "\u0433\u043e\u0440\u043e\u0434 \u041c\u043e\u0441\u043a\u0432\u0430, \u0420\u043e\u0441\u0441\u0438\u044f", "lists": {"groups": [{"items": [], "count": 2, "type": "created"}]}}, {"tips": {"count": 2}, "contact": {}, "firstName": "Anastassiya", "gender": "female", "id": "6755326", "bio": "", "photo": {"prefix": "https://igx.4sqi.net/img/user/", "suffix": "/6755326-IB04ZB4M5M5UY24W.jpg"}, "homeCity": "\u0433\u043e\u0440\u043e\u0434 \u041c\u043e\u0441\u043a\u0432\u0430, \u0420\u043e\u0441\u0441\u0438\u044f", "lists": {"groups": [{"items": [], "count": 2, "type": "created"}]}}, {"tips": {"count": 170}, "contact": {"facebook": "673859574"}, "firstName": "Natalie \u2728", "gender": "female", "id": "415059", "bio": "A cosmopolitan girl living in Barcelona, Spain.\nHunting for hidden city treasures, art places, qualitative vegetarian food and good wine.", "photo": {"prefix": "https://igx.4sqi.net/img/user/", "suffix": "/PVUS3M13DJCNKHUO.jpg"}, "homeCity": "Barcelona, Catalunya", "lists": {"groups": [{"items": [], "count": 43, "type": "created"}]}}, {"tips": {"count": 26}, "contact": {"twitter": "moviepups", "facebook": "10154010906513082"}, "firstName": "Julia", "gender": "female", "id": "7992300", "bio": "", "photo": {"prefix": "https://igx.4sqi.net/img/user/", "suffix": "/7992300-KF11PTBYOZB0QGHY.jpg"}, "homeCity": "\u0433\u043e\u0440\u043e\u0434 \u041c\u043e\u0441\u043a\u0432\u0430, \u0420\u043e\u0441\u0441\u0438\u044f", "lists": {"groups": [{"items": [], "count": 2, "type": "created"}]}}, {"tips": {"count": 11}, "contact": {"twitter": "giorgio_fed", "facebook": "1364281920299343"}, "firstName": "Georgiy", "gender": "male", "lastName": "Fedorov", "id": "1352918", "bio": "", "photo": {"prefix": "https://igx.4sqi.net/img/user/", "suffix": "/BZ15JOODKLZPP2QI.jpg"}, "homeCity": "Moscow, Russia", "lists": {"groups": [{"items": [], "count": 3, "type": "created"}]}}, {"tips": {"count": 0}, "contact": {"twitter": "victorvard", "facebook": "1046628722"}, "firstName": "Dmitry", "gender": "male", "lastName": "Khublarov", "id": "5888162", "bio": "", "photo": {"prefix": "https://igx.4sqi.net/img/user/", "suffix": "/LCG4DBSYVOVS5UTQ.jpg"}, "homeCity": "\u0433\u043e\u0440\u043e\u0434 \u041c\u043e\u0441\u043a\u0432\u0430, \u0420\u043e\u0441\u0441\u0438\u044f", "lists": {"groups": [{"items": [], "count": 2, "type": "created"}]}}, {"tips": {"count": 0}, "contact": {"facebook": "783039524"}, "firstName": "Danya", "gender": "male", "lastName": "G.", "id": "1617332", "bio": "", "photo": {"prefix": "https://igx.4sqi.net/img/user/", "suffix": "/AHSZ54RNIVK5MNPR.jpg"}, "homeCity": "\u041c\u043e\u0441\u043a\u0432\u0430, \u0420\u043e\u0441\u0441\u0438\u044f", "lists": {"groups": [{"items": [], "count": 2, "type": "created"}]}}, {"tips": {"count": 36}, "contact": {"twitter": "slavagee", "facebook": "10153683990619350"}, "firstName": "Slava", "gender": "male", "lastName": "GEE", "id": "658593", "bio": "", "photo": {"prefix": "https://igx.4sqi.net/img/user/", "suffix": "/ZQC51LZRX5KBFI1H.jpg"}, "homeCity": "\u041c\u043e\u0441\u043a\u0432\u0430, \u0420\u043e\u0441\u0441\u0438\u044f", "lists": {"groups": [{"items": [], "count": 7, "type": "created"}]}}, {"tips": {"count": 1}, "contact": {"facebook": "1200137219"}, "firstName": "Kristina", "gender": "female", "lastName": "Ivanenko", "id": "1224544", "bio": "", "photo": {"prefix": "https://igx.4sqi.net/img/user/", "suffix": "/QX00U0XZOZM1PKKK.jpg"}, "homeCity": "Moscow, Russia", "lists": {"groups": [{"items": [], "count": 2, "type": "created"}]}}, {"tips": {"count": 41}, "contact": {"twitter": "sneganonstop", "facebook": "807829055"}, "firstName": "Snezhanna", "gender": "female", "lastName": "Abramova", "id": "1678441", "bio": "", "photo": {"prefix": "https://igx.4sqi.net/img/user/", "suffix": "/NPOCOS5QPS021XWU.jpg"}, "homeCity": "Moscow, Russia", "lists": {"groups": [{"items": [], "count": 9, "type": "created"}]}}, {"tips": {"count": 4}, "contact": {"twitter": "sofialalala", "facebook": "10152948193106625"}, "firstName": "Sofia", "gender": "female", "lastName": "Aniskina", "id": "772404", "bio": "", "photo": {"prefix": "https://igx.4sqi.net/img/user/", "suffix": "/QNG1B5C0VXVR4M5Q.jpg"}, "homeCity": "\u041c\u043e\u0441\u043a\u0432\u0430, \u0420\u043e\u0441\u0441\u0438\u044f", "lists": {"groups": [{"items": [], "count": 2, "type": "created"}]}}, {"tips": {"count": 15}, "contact": {"twitter": "melkumiants", "facebook": "577193007"}, "firstName": "Nansy", "gender": "female", "lastName": "P", "id": "1766631", "bio": "NANSYPOP.COM", "photo": {"prefix": "https://igx.4sqi.net/img/user/", "suffix": "/AC0SIFNEX2P20PWJ.jpg"}, "homeCity": "The Netherlands", "lists": {"groups": [{"items": [], "count": 5, "type": "created"}]}}, {"tips": {"count": 2}, "contact": {"twitter": "tony_morello", "facebook": "1784531083"}, "firstName": "Tony", "gender": "male", "lastName": "Morello", "id": "4218431", "bio": "", "photo": {"prefix": "https://igx.4sqi.net/img/user/", "suffix": "/VDIUMT3XSRGKKCJ4.jpg"}, "homeCity": "\u0423\u043d\u0438\u0432\u0435\u0440, \u041c\u043e\u0441\u043a\u0432\u0430", "lists": {"groups": [{"items": [], "count": 2, "type": "created"}]}}, {"tips": {"count": 18}, "contact": {"facebook": "100000760650685"}, "firstName": "Vladimir", "gender": "male", "lastName": "B.", "id": "881488", "bio": "", "photo": {"prefix": "https://igx.4sqi.net/img/user/", "suffix": "/OVAXTFFN2H5DJPYE.jpg"}, "homeCity": "\u0433\u043e\u0440\u043e\u0434 \u041c\u043e\u0441\u043a\u0432\u0430, \u041c\u043e\u0441\u043a\u0432\u0430", "lists": {"groups": [{"items": [], "count": 2, "type": "created"}]}}, {"tips": {"count": 15}, "contact": {}, "firstName": "Nikolay", "gender": "male", "lastName": "Potylitsin", "id": "3035139", "bio": "", "photo": {"prefix": "https://igx.4sqi.net/img/user/", "suffix": "/PCE0Y4A03W1ERI3J.jpg"}, "homeCity": "\u0433\u043e\u0440\u043e\u0434 \u041c\u043e\u0441\u043a\u0432\u0430, \u0420\u043e\u0441\u0441\u0438\u044f", "lists": {"groups": [{"items": [], "count": 3, "type": "created"}]}}, {"superuser": 3, "tips": {"count": 8}, "contact": {"twitter": "totallyolly", "facebook": "1277912060"}, "firstName": "Oleg", "gender": "male", "lastName": "Lavrov", "id": "1128380", "bio": "my bio is fewer than 160 chars :'(", "photo": {"prefix": "https://igx.4sqi.net/img/user/", "suffix": "/1128380-2HNUJQPG3RQFG2L5.jpg"}, "homeCity": "Moscow, Russia", "lists": {"groups": [{"items": [], "count": 5, "type": "created"}]}}, {"tips": {"count": 78}, "contact": {"twitter": "kateodna", "facebook": "559319193"}, "firstName": "Kate", "gender": "female", "lastName": "Odna", "id": "1037502", "bio": "", "photo": {"prefix": "https://igx.4sqi.net/img/user/", "suffix": "/HKSKYBANHCGRMVSU.jpg"}, "homeCity": "\u0433\u043e\u0440\u043e\u0434 \u041c\u043e\u0441\u043a\u0432\u0430, \u041c\u043e\u0441\u043a\u0432\u0430", "lists": {"groups": [{"items": [], "count": 2, "type": "created"}]}}, {"tips": {"count": 286}, "contact": {"facebook": "100000459372911"}, "firstName": "Nikita", "gender": "male", "lastName": "Moguchev", "id": "11921338", "bio": "", "photo": {"prefix": "https://igx.4sqi.net/img/user/", "suffix": "/11921338-VMB1XTUKON5BCAYS.jpg"}, "homeCity": "\u0433\u043e\u0440\u043e\u0434 \u041c\u043e\u0441\u043a\u0432\u0430, \u0420\u043e\u0441\u0441\u0438\u044f", "lists": {"groups": [{"items": [], "count": 5, "type": "created"}]}}, {"tips": {"count": 16}, "contact": {"twitter": "artemyevamarina"}, "firstName": "Marina", "gender": "female", "id": "4780272", "bio": "", "photo": {"prefix": "https://igx.4sqi.net/img/user/", "suffix": "/M5W00LXXTLCVFWAZ.jpg"}, "homeCity": "New York, NY", "lists": {"groups": [{"items": [], "count": 2, "type": "created"}]}}, {"tips": {"count": 9}, "contact": {"twitter": "a_nikonenko", "facebook": "100000290230359"}, "firstName": "Aleksandra", "gender": "female", "id": "6856377", "bio": "", "photo": {"prefix": "https://igx.4sqi.net/img/user/", "suffix": "/6856377-NVGIUR04R0OR54XI.jpg"}, "homeCity": "Russia Federation, Moscow", "lists": {"groups": [{"items": [], "count": 2, "type": "created"}]}}, {"tips": {"count": 24}, "contact": {"twitter": "fox_666_", "facebook": "1028785593840714"}, "firstName": "Maxim", "gender": "male", "lastName": "Zhilin", "id": "7859175", "bio": "", "photo": {"prefix": "https://igx.4sqi.net/img/user/", "suffix": "/KH5JYZQTBORYQ5HU.jpg"}, "homeCity": "\u0433\u043e\u0440\u043e\u0434 \u0421\u0430\u043d\u043a\u0442-\u041f\u0435\u0442\u0435\u0440\u0431\u0443\u0440\u0433, \u0420\u043e\u0441\u0441\u0438\u044f", "lists": {"groups": [{"items": [], "count": 3, "type": "created"}]}}, {"tips": {"count": 0}, "contact": {"twitter": "mkorenblit", "facebook": "583321236"}, "firstName": "Mikhail", "gender": "male", "lastName": "Korenblit", "id": "6139194", "bio": "", "photo": {"prefix": "https://igx.4sqi.net/img/user/", "suffix": "/O12EL15VZW0BHR45.jpg"}, "homeCity": "\u0433\u043e\u0440\u043e\u0434 \u041c\u043e\u0441\u043a\u0432\u0430, \u0420\u043e\u0441\u0441\u0438\u044f", "lists": {"groups": [{"items": [], "count": 2, "type": "created"}]}}, {"tips": {"count": 2}, "contact": {"twitter": "ilya_k", "facebook": "100000785508216"}, "firstName": "Ilya", "gender": "male", "lastName": "Kariagin", "id": "1793499", "bio": "", "photo": {"prefix": "https://igx.4sqi.net/img/user/", "suffix": "/BTWHPBCHY0PPC0BQ.jpg"}, "homeCity": "\u041c\u043e\u0441\u043a\u0432\u0430, \u0420\u043e\u0441\u0441\u0438\u044f", "lists": {"groups": [{"items": [], "count": 2, "type": "created"}]}}, {"tips": {"count": 2}, "contact": {"twitter": "first_plan", "facebook": "1005888067"}, "firstName": "Dmitry", "gender": "male", "lastName": "Ivanov", "id": "8238240", "bio": "", "photo": {"prefix": "https://igx.4sqi.net/img/user/", "suffix": "/0MG5SIF1KOYFFOL3.jpg"}, "homeCity": "Russia, Moscow", "lists": {"groups": [{"items": [], "count": 3, "type": "created"}]}}, {"tips": {"count": 3}, "contact": {"twitter": "mrsnowboardman", "facebook": "100000637433983"}, "firstName": "Maxim", "gender": "male", "lastName": "Ovcharek", "id": "2902967", "bio": "", "photo": {"prefix": "https://igx.4sqi.net/img/user/", "suffix": "/2902967-KNOJKT125MHFW0NW.jpg"}, "homeCity": "\u0433\u043e\u0440\u043e\u0434 \u041c\u043e\u0441\u043a\u0432\u0430, \u0420\u043e\u0441\u0441\u0438\u044f", "lists": {"groups": [{"items": [], "count": 2, "type": "created"}]}}, {"tips": {"count": 6}, "contact": {}, "firstName": "Ya", "gender": "male", "lastName": "Ko", "id": "3552888", "bio": "", "photo": {"prefix": "https://igx.4sqi.net/img/user/", "suffix": "/K1JLUHM1HZ5OJN3C.jpg"}, "homeCity": "\u0433\u043e\u0440\u043e\u0434 \u041c\u043e\u0441\u043a\u0432\u0430, \u0420\u043e\u0441\u0441\u0438\u044f", "lists": {"groups": [{"items": [], "count": 2, "type": "created"}]}}, {"tips": {"count": 2}, "contact": {"twitter": "twittlerika", "facebook": "793737050681196"}, "firstName": "Valeria", "gender": "female", "lastName": "D.", "id": "9046505", "bio": "", "photo": {"prefix": "https://igx.4sqi.net/img/user/", "suffix": "/9046505-C4IAQZL5NR5WACKB.jpg"}, "homeCity": "\u0433\u043e\u0440\u043e\u0434 \u041c\u043e\u0441\u043a\u0432\u0430, \u0420\u043e\u0441\u0441\u0438\u044f", "lists": {"groups": [{"items": [], "count": 2, "type": "created"}]}}, {"tips": {"count": 128}, "contact": {"facebook": "10205684622855533"}, "firstName": "Julz", "gender": "female", "lastName": "Sff", "id": "918704", "bio": "Simply to be smily\r\nyuliasedova.com\nRunninGirls.ru\n\nAny enquiries:  usmily@list.ru \u2764\ufe0f", "photo": {"prefix": "https://igx.4sqi.net/img/user/", "suffix": "/918704-QIRXDDBG4UMVNJDG.jpg"}, "homeCity": "\u041c\u043e\u0441\u043a\u0432\u0430, \u0420\u043e\u0441\u0441\u0438\u044f", "lists": {"groups": [{"items": [], "count": 18, "type": "created"}]}}, {"tips": {"count": 57}, "contact": {"twitter": "tyutrina", "facebook": "1624402457"}, "firstName": "Yulia", "gender": "female", "lastName": "Tyutrina", "id": "3175808", "bio": "", "photo": {"prefix": "https://igx.4sqi.net/img/user/", "suffix": "/3UOUBJHH5IAXNRTV.jpg"}, "homeCity": "\u0418\u0435\u0440\u0443\u0441\u0430\u043b\u0438\u043c, \u0420\u043e\u0441\u0441\u0438\u044f", "lists": {"groups": [{"items": [], "count": 2, "type": "created"}]}}, {"tips": {"count": 198}, "contact": {"twitter": "ru_quesada", "facebook": "1259973287382187"}, "firstName": "Pavel", "gender": "male", "lastName": "Kesada", "id": "1497657", "bio": "", "photo": {"prefix": "https://igx.4sqi.net/img/user/", "suffix": "/DZBHWSSFRUIL5VEI.jpg"}, "homeCity": "Sochi", "lists": {"groups": [{"items": [], "count": 10, "type": "created"}]}}, {"tips": {"count": 1}, "contact": {"twitter": "gonsales_imp"}, "firstName": "Gonsales", "gender": "male", "lastName": "Impetuoso", "id": "4830869", "bio": "", "photo": {"prefix": "https://igx.4sqi.net/img/user/", "suffix": "/2AK1WFXR20ZNV1L2.jpg"}, "homeCity": "\u0433\u043e\u0440\u043e\u0434 \u041c\u043e\u0441\u043a\u0432\u0430, \u0420\u043e\u0441\u0441\u0438\u044f", "lists": {"groups": [{"items": [], "count": 2, "type": "created"}]}}, {"tips": {"count": 0}, "contact": {}, "firstName": "artrudenko", "gender": "male", "id": "8011659", "bio": "", "photo": {"prefix": "https://igx.4sqi.net/img/user/", "suffix": "/CP1IIYJFGGHZLP2P.jpg"}, "homeCity": "\u0433\u043e\u0440\u043e\u0434 \u0421\u0430\u043d\u043a\u0442-\u041f\u0435\u0442\u0435\u0440\u0431\u0443\u0440\u0433, \u0420\u043e\u0441\u0441\u0438\u044f", "lists": {"groups": [{"items": [], "count": 2, "type": "created"}]}}, {"tips": {"count": 17}, "contact": {"twitter": "vstarok", "facebook": "778763499"}, "firstName": "Vladimir", "gender": "male", "lastName": "Starok", "id": "6157529", "bio": "", "photo": {"prefix": "https://igx.4sqi.net/img/user/", "suffix": "/VZ5Y4MNGUDJ21JEA.jpg"}, "homeCity": "\u0433\u043e\u0440\u043e\u0434 \u041c\u043e\u0441\u043a\u0432\u0430, \u0420\u043e\u0441\u0441\u0438\u044f", "lists": {"groups": [{"items": [], "count": 2, "type": "created"}]}}, {"tips": {"count": 17}, "contact": {"twitter": "kiroru", "facebook": "1271707077"}, "firstName": "Kirill", "gender": "male", "lastName": "Pavlov", "id": "3592728", "bio": "", "photo": {"prefix": "https://igx.4sqi.net/img/user/", "suffix": "/ZXVQP122EQJZ2SKT.jpg"}, "homeCity": "\u0433\u043e\u0440\u043e\u0434 \u041c\u043e\u0441\u043a\u0432\u0430, \u0420\u043e\u0441\u0441\u0438\u044f", "lists": {"groups": [{"items": [], "count": 3, "type": "created"}]}}, {"tips": {"count": 3}, "contact": {"twitter": "wawlbik", "facebook": "100001105261764"}, "firstName": "Evgeny", "gender": "male", "lastName": "Shershukov", "id": "10436754", "bio": "", "photo": {"prefix": "https://igx.4sqi.net/img/user/", "suffix": "/YX23NZWFHDCEBHVD.jpg"}, "homeCity": "\u0433\u043e\u0440\u043e\u0434 \u041c\u043e\u0441\u043a\u0432\u0430, \u0420\u043e\u0441\u0441\u0438\u044f", "lists": {"groups": [{"items": [], "count": 2, "type": "created"}]}}, {"tips": {"count": 30}, "contact": {"twitter": "annie_vo", "facebook": "1590873867"}, "firstName": "Annie", "gender": "female", "lastName": "Vo", "id": "2935559", "bio": "", "photo": {"prefix": "https://igx.4sqi.net/img/user/", "suffix": "/ASZOFCKW4DOSAFNF.jpg"}, "homeCity": "Moscow", "lists": {"groups": [{"items": [], "count": 2, "type": "created"}]}}, {"tips": {"count": 2}, "contact": {}, "firstName": "Elena", "gender": "female", "lastName": "Spirina", "id": "4934141", "bio": "", "photo": {"prefix": "https://igx.4sqi.net/img/user/", "suffix": "/UGU3O0DNUGTGIS53.jpg"}, "homeCity": "\u0433\u043e\u0440\u043e\u0434 \u041c\u043e\u0441\u043a\u0432\u0430, \u0420\u043e\u0441\u0441\u0438\u044f", "lists": {"groups": [{"items": [], "count": 2, "type": "created"}]}}, {"tips": {"count": 34}, "contact": {"twitter": "crevette_douce", "facebook": "582712959"}, "firstName": "Krevet", "gender": "female", "id": "976534", "bio": "", "photo": {"prefix": "https://igx.4sqi.net/img/user/", "suffix": "/976534-MEBA2XBPUI5L0WBE.jpg"}, "homeCity": "\u041c\u043e\u0441\u043a\u0432\u0430, \u0420\u043e\u0441\u0441\u0438\u044f", "lists": {"groups": [{"items": [], "count": 7, "type": "created"}]}}, {"tips": {"count": 5}, "contact": {}, "firstName": "Afanasiev", "gender": "male", "lastName": "Sergei", "id": "3315583", "bio": "", "photo": {"prefix": "https://igx.4sqi.net/img/user/", "suffix": "/BQFEFPFBI12J2PQL.jpg"}, "homeCity": "\u0433\u043e\u0440\u043e\u0434 \u041c\u043e\u0441\u043a\u0432\u0430, \u0420\u043e\u0441\u0441\u0438\u044f", "lists": {"groups": [{"items": [], "count": 2, "type": "created"}]}}, {"tips": {"count": 0}, "contact": {"twitter": "whiskey_lover", "facebook": "100000136807175"}, "firstName": "Svetlana", "gender": "female", "lastName": "Dauletova", "id": "6448423", "bio": "", "photo": {"prefix": "https://igx.4sqi.net/img/user/", "suffix": "/2AMT1XHJTJZLJA5V.jpg"}, "homeCity": "\u041c\u043e\u0441\u043a\u0432\u0430", "lists": {"groups": [{"items": [], "count": 2, "type": "created"}]}}, {"tips": {"count": 6}, "contact": {"twitter": "leo_adz", "facebook": "100001892592141"}, "firstName": "Leo", "gender": "male", "lastName": "Adz", "id": "6170744", "bio": "", "photo": {"prefix": "https://igx.4sqi.net/img/user/", "suffix": "/A1AJPIRZJJO0G2YX.jpg"}, "homeCity": "\u0433\u043e\u0440\u043e\u0434 \u041c\u043e\u0441\u043a\u0432\u0430, \u0420\u043e\u0441\u0441\u0438\u044f", "lists": {"groups": [{"items": [], "count": 2, "type": "created"}]}}, {"tips": {"count": 0}, "contact": {}, "firstName": "Karine", "gender": "none", "lastName": "Dzhanumian", "id": "7406998", "bio": "", "photo": {"prefix": "https://igx.4sqi.net/img/user/", "suffix": "/53UHFBEUVEFOJ0FP.jpg"}, "homeCity": "\u0433\u043e\u0440\u043e\u0434 \u041c\u043e\u0441\u043a\u0432\u0430, \u0420\u043e\u0441\u0441\u0438\u044f", "lists": {"groups": [{"items": [], "count": 2, "type": "created"}]}}, {"tips": {"count": 5}, "contact": {"twitter": "missisdaniels", "facebook": "1073588545"}, "firstName": "MissisDaniels", "gender": "female", "id": "3528846", "bio": "", "photo": {"prefix": "https://igx.4sqi.net/img/user/", "suffix": "/N5I5UG3WFJG4H111.jpg"}, "homeCity": "\u0433\u043e\u0440\u043e\u0434 \u041c\u043e\u0441\u043a\u0432\u0430, \u0420\u043e\u0441\u0441\u0438\u044f", "lists": {"groups": [{"items": [], "count": 2, "type": "created"}]}}, {"tips": {"count": 116}, "contact": {"twitter": "vanso", "facebook": "1166856536"}, "firstName": "Ivan", "gender": "male", "lastName": "Bukhradze", "id": "1020394", "bio": "", "photo": {"prefix": "https://igx.4sqi.net/img/user/", "suffix": "/1020394-BSGK00MZCLVCGBTK.jpg"}, "homeCity": "\u0433\u043e\u0440\u043e\u0434 \u041c\u043e\u0441\u043a\u0432\u0430, \u041c\u043e\u0441\u043a\u0432\u0430", "lists": {"groups": [{"items": [], "count": 3, "type": "created"}]}}, {"tips": {"count": 4}, "contact": {"twitter": "vladlenag", "facebook": "824360450969481"}, "firstName": "Vlady", "gender": "female", "lastName": "G.", "id": "5289727", "bio": "", "photo": {"prefix": "https://igx.4sqi.net/img/user/", "suffix": "/5289727-NK5AF1MM014A0QJS.jpg"}, "homeCity": "\u0433\u043e\u0440\u043e\u0434 \u041c\u043e\u0441\u043a\u0432\u0430, \u0420\u043e\u0441\u0441\u0438\u044f", "lists": {"groups": [{"items": [], "count": 8, "type": "created"}]}}, {"tips": {"count": 5}, "contact": {}, "firstName": "Yana", "gender": "female", "lastName": "Tarasova (Lukonina)", "id": "8383212", "bio": "", "photo": {"prefix": "https://igx.4sqi.net/img/user/", "suffix": "/8383212-22R12KOJWES0RVLM.jpg"}, "homeCity": "\u0433\u043e\u0440\u043e\u0434 \u041c\u043e\u0441\u043a\u0432\u0430, \u0420\u043e\u0441\u0441\u0438\u044f", "lists": {"groups": [{"items": [], "count": 5, "type": "created"}]}}, {"tips": {"count": 0}, "contact": {"twitter": "beijingb"}, "firstName": "Beijing", "gender": "male", "lastName": "B", "id": "12834914", "bio": "", "photo": {"prefix": "https://igx.4sqi.net/img/user/", "suffix": "/0SMGDYFNVF0OXRXW.jpg"}, "homeCity": "\u0433\u043e\u0440\u043e\u0434 \u041c\u043e\u0441\u043a\u0432\u0430, \u0420\u043e\u0441\u0441\u0438\u044f", "lists": {"groups": [{"items": [], "count": 3, "type": "created"}]}}, {"tips": {"count": 53}, "contact": {}, "firstName": "maikl", "gender": "male", "id": "1064133", "bio": "", "photo": {"prefix": "https://igx.4sqi.net/img/user/", "suffix": "/EYWEMH325D2DCDYB.jpg"}, "homeCity": "", "lists": {"groups": [{"items": [], "count": 2, "type": "created"}]}}, {"tips": {"count": 0}, "contact": {"twitter": "secretovnet", "facebook": "100000377387706"}, "firstName": "secretovnet", "gender": "male", "id": "6378084", "bio": "", "photo": {"prefix": "https://igx.4sqi.net/img/user/", "suffix": "/SZ40TNYSNYPLWGV5.jpg"}, "homeCity": "\u0433\u043e\u0440\u043e\u0434 \u041c\u043e\u0441\u043a\u0432\u0430, \u0420\u043e\u0441\u0441\u0438\u044f", "lists": {"groups": [{"items": [], "count": 2, "type": "created"}]}}, {"tips": {"count": 1}, "contact": {"twitter": "demenna_"}, "firstName": "Lera", "gender": "female", "id": "8558891", "bio": "", "photo": {"prefix": "https://igx.4sqi.net/img/user/", "suffix": "/BYBGRLYNKBIQS3QO.jpg"}, "homeCity": "\u0420\u043e\u0441\u0441\u0438\u044f", "lists": {"groups": [{"items": [], "count": 2, "type": "created"}]}}, {"tips": {"count": 6}, "contact": {"twitter": "mashadrokova", "facebook": "1646962964"}, "firstName": "Mashadrokova", "gender": "female", "id": "1139198", "bio": "", "photo": {"prefix": "https://igx.4sqi.net/img/user/", "suffix": "/WRAG5FQCZKA0OCS0.jpg"}, "homeCity": "\u0433\u043e\u0440\u043e\u0434 \u041c\u043e\u0441\u043a\u0432\u0430, \u041c\u043e\u0441\u043a\u0432\u0430", "lists": {"groups": [{"items": [], "count": 2, "type": "created"}]}}, {"tips": {"count": 45}, "contact": {"twitter": "natalinatali", "facebook": "10206243962750256"}, "firstName": "Natali", "gender": "female", "lastName": "Sedova", "id": "1156465", "bio": "", "photo": {"prefix": "https://igx.4sqi.net/img/user/", "suffix": "/DALLYOMVOGO1J1G3.jpg"}, "homeCity": "\u0433\u043e\u0440\u043e\u0434 \u041c\u043e\u0441\u043a\u0432\u0430, \u041c\u043e\u0441\u043a\u0432\u0430", "lists": {"groups": [{"items": [], "count": 2, "type": "created"}]}}, {"tips": {"count": 10}, "contact": {"twitter": "kykla_k", "facebook": "100002008905970"}, "firstName": "Kykla", "gender": "female", "lastName": "Ksusha", "id": "1284675", "bio": "", "photo": {"prefix": "https://igx.4sqi.net/img/user/", "suffix": "/BRKS55KPUYUV5AGM.jpg"}, "homeCity": "\u0433\u043e\u0440\u043e\u0434 \u041c\u043e\u0441\u043a\u0432\u0430, \u041c\u043e\u0441\u043a\u043e\u0432\u0441\u043a\u0430\u044f \u043e\u0431\u043b\u0430\u0441\u0442\u044c", "lists": {"groups": [{"items": [], "count": 2, "type": "created"}]}}, {"tips": {"count": 48}, "contact": {"twitter": "glazurka", "facebook": "1070348577"}, "firstName": "Elena", "gender": "female", "lastName": "Sokolova", "id": "1566584", "bio": "", "photo": {"prefix": "https://igx.4sqi.net/img/user/", "suffix": "/2PEOHI2IE1KMGWWM.jpg"}, "homeCity": "Moscow", "lists": {"groups": [{"items": [], "count": 2, "type": "created"}]}}, {"tips": {"count": 32}, "contact": {"twitter": "_ismylove", "facebook": "10153609429645749"}, "firstName": "Julia", "gender": "female", "id": "1575507", "bio": "", "photo": {"prefix": "https://igx.4sqi.net/img/user/", "suffix": "/01RDKUK1IS1ANYUX.jpg"}, "homeCity": "\u0420\u043e\u0441\u0441\u0438\u044f, \u041c\u043e\u0441\u043a\u0432\u0430", "lists": {"groups": [{"items": [], "count": 2, "type": "created"}]}}, {"tips": {"count": 5}, "contact": {"twitter": "dargavs", "facebook": "1048966775118371"}, "firstName": "Ilya", "gender": "male", "lastName": "Kostin", "id": "1711761", "bio": "", "photo": {"prefix": "https://igx.4sqi.net/img/user/", "suffix": "/1711761-HG15QCJD34MNMSL4.jpg"}, "homeCity": "Moscow, Russia", "lists": {"groups": [{"items": [], "count": 3, "type": "created"}]}}, {"tips": {"count": 6}, "contact": {"twitter": "nikakalaeva", "facebook": "670552898"}, "firstName": "Nika", "gender": "female", "lastName": "Kalaeva", "id": "2730386", "bio": "", "photo": {"prefix": "https://igx.4sqi.net/img/user/", "suffix": "/5KZSYT05MC2NWAWC.jpg"}, "homeCity": "\u0433\u043e\u0440\u043e\u0434 \u041c\u043e\u0441\u043a\u0432\u0430, \u0420\u043e\u0441\u0441\u0438\u044f", "lists": {"groups": [{"items": [], "count": 4, "type": "created"}]}}, {"tips": {"count": 5}, "contact": {}, "firstName": "Yury", "gender": "male", "lastName": "Golfer", "id": "3080744", "bio": "", "photo": {"prefix": "https://igx.4sqi.net/img/user/", "suffix": "/QZFLL5UJIJHUN0CG.jpg"}, "homeCity": "\u0433\u043e\u0440\u043e\u0434 \u041c\u043e\u0441\u043a\u0432\u0430, \u0420\u043e\u0441\u0441\u0438\u044f", "lists": {"groups": [{"items": [], "count": 2, "type": "created"}]}}, {"tips": {"count": 3}, "contact": {"twitter": "hanky_panky007"}, "firstName": "Annie", "gender": "female", "lastName": "Kirillova", "id": "3369931", "bio": "", "photo": {"prefix": "https://igx.4sqi.net/img/user/", "suffix": "/Y5HM5LDJFKLBL5QV.jpg"}, "homeCity": "\u0433\u043e\u0440\u043e\u0434 \u041c\u043e\u0441\u043a\u0432\u0430, \u0420\u043e\u0441\u0441\u0438\u044f", "lists": {"groups": [{"items": [], "count": 2, "type": "created"}]}}, {"tips": {"count": 3}, "contact": {"twitter": "nataly_do", "facebook": "1468536430"}, "firstName": "Natalia", "gender": "female", "lastName": "Dobrosotskaya", "id": "6059791", "bio": "", "photo": {"prefix": "https://igx.4sqi.net/img/user/", "suffix": "/BZVDBJMWOSIDNS4I.jpg"}, "homeCity": "Moscow, Russia", "lists": {"groups": [{"items": [], "count": 3, "type": "created"}]}}, {"tips": {"count": 39}, "contact": {"facebook": "1069636999"}, "firstName": "Irina", "gender": "female", "lastName": "Lem.", "id": "6359458", "bio": "", "photo": {"prefix": "https://igx.4sqi.net/img/user/", "suffix": "/6359458-URIBTHCPQLELBD5W.jpg"}, "homeCity": "\u0433\u043e\u0440\u043e\u0434 \u041c\u043e\u0441\u043a\u0432\u0430, \u0420\u043e\u0441\u0441\u0438\u044f", "lists": {"groups": [{"items": [], "count": 17, "type": "created"}]}}, {"tips": {"count": 2}, "contact": {"twitter": "cherniaeff", "facebook": "1053488988"}, "firstName": "Igor", "gender": "male", "lastName": "Cherniaev", "id": "8643834", "bio": "\u041a\u0438\u043d\u043e", "photo": {"prefix": "https://igx.4sqi.net/img/user/", "suffix": "/BT01WVS33POSKPX1.jpg"}, "homeCity": "\u0433\u043e\u0440\u043e\u0434 \u041c\u043e\u0441\u043a\u0432\u0430, \u0420\u043e\u0441\u0441\u0438\u044f", "lists": {"groups": [{"items": [], "count": 2, "type": "created"}]}}, {"tips": {"count": 10}, "contact": {"twitter": "afrcrew", "facebook": "100000061835771"}, "firstName": "Sasha", "gender": "male", "lastName": "Naumenko", "id": "8729488", "bio": "", "photo": {"prefix": "https://igx.4sqi.net/img/user/", "suffix": "/ERXSAJWWYCPSQHFX.jpg"}, "homeCity": "\u0433\u043e\u0440\u043e\u0434 \u041c\u043e\u0441\u043a\u0432\u0430, \u0420\u043e\u0441\u0441\u0438\u044f", "lists": {"groups": [{"items": [], "count": 2, "type": "created"}]}}, {"tips": {"count": 1}, "contact": {}, "firstName": "Boris", "gender": "male", "lastName": "Boris", "id": "8757590", "bio": "", "photo": {"prefix": "https://igx.4sqi.net/img/user/", "suffix": "/0QECWJFXCTZR24NY.jpg"}, "homeCity": "\u0433\u043e\u0440\u043e\u0434 \u041c\u043e\u0441\u043a\u0432\u0430, \u0420\u043e\u0441\u0441\u0438\u044f", "lists": {"groups": [{"items": [], "count": 2, "type": "created"}]}}, {"tips": {"count": 26}, "contact": {}, "firstName": "Oleg", "gender": "male", "lastName": "Vaolmi", "id": "13635352", "bio": "", "photo": {"prefix": "https://igx.4sqi.net/img/user/", "suffix": "/5RXRSIE1AGORCZ5H.jpg"}, "homeCity": "\u0433\u043e\u0440\u043e\u0434 \u041c\u043e\u0441\u043a\u0432\u0430, \u0420\u043e\u0441\u0441\u0438\u044f", "lists": {"groups": [{"items": [], "count": 2, "type": "created"}]}}], "count": 267}, "checksum": "f0cbafcff23a634af75222991cb282ec874afa3c"}, "meta": {"requestId": "596610e8dd57972d49780f97", "code": 200}}