{"notifications": [{"type": "notificationTray", "item": {"unreadCount": 0}}], "meta": {"requestId": "5966d0d0db04f528ae94bca8", "code": 200}, "response": {"friends": {"count": 129, "items": [{"id": "1497175", "photo": {"prefix": "https://igx.4sqi.net/img/user/", "suffix": "/4XEOEMKTRE3GSEOX.jpg"}, "homeCity": "Jakarta Capital Region, Jakarta Capital Regi", "contact": {}, "firstName": "Vie", "tips": {"count": 2}, "gender": "female", "lastName": "Ola", "lists": {"groups": [{"count": 2, "type": "created", "items": []}]}, "bio": ""}, {"id": "1357639", "photo": {"prefix": "https://igx.4sqi.net/img/user/", "suffix": "/1357639-MC21YXQ1VEBWY1B0.jpg"}, "homeCity": "Sulawesi Selatan", "contact": {"facebook": "711811275", "twitter": "karaengmonga"}, "firstName": "Mattewakkan", "tips": {"count": 1}, "gender": "male", "lastName": "Monga", "lists": {"groups": [{"count": 2, "type": "created", "items": []}]}, "bio": ""}, {"id": "89462885", "photo": {"prefix": "https://igx.4sqi.net/img/user/", "suffix": "/89462885-15ROJFYLNL0WEOJS.jpg"}, "homeCity": "Jakarta, Daerah Khusus Ibukota Jakarta", "contact": {"facebook": "1477311744"}, "firstName": "Munif", "tips": {"count": 0}, "gender": "male", "lastName": "Izzah", "lists": {"groups": [{"count": 2, "type": "created", "items": []}]}, "bio": ""}, {"id": "4335225", "photo": {"prefix": "https://igx.4sqi.net/img/user/", "suffix": "/TZHRZSCC0VQV4F1V.jpg"}, "homeCity": "Sidoarjo, Indonesia", "contact": {"facebook": "100000016234971", "twitter": "tamarexsukreco"}, "firstName": "tamarex", "tips": {"count": 0}, "gender": "male", "lastName": "sukreco", "lists": {"groups": [{"count": 2, "type": "created", "items": []}]}, "bio": ""}, {"id": "6801713", "photo": {"prefix": "https://igx.4sqi.net/img/user/", "suffix": "/OZAQFKGI1VORZM3V.jpg"}, "homeCity": "New York, NY", "contact": {}, "firstName": "Peni", "tips": {"count": 0}, "gender": "male", "lastName": "Marianto", "lists": {"groups": [{"count": 2, "type": "created", "items": []}]}, "bio": ""}, {"id": "36818822", "photo": {"prefix": "https://igx.4sqi.net/img/user/", "suffix": "/14JL4SZGTN220YZE.jpg"}, "homeCity": "Selangor", "contact": {"facebook": "100001827658596"}, "firstName": "Sugi", "tips": {"count": 1}, "gender": "female", "lastName": "Yanti", "lists": {"groups": [{"count": 2, "type": "created", "items": []}]}, "bio": ""}, {"id": "6509005", "photo": {"prefix": "https://igx.4sqi.net/img/user/", "suffix": "/APUB4S5ZAE4TMU1X.jpg"}, "homeCity": "Jakarta, Indonesia", "contact": {"facebook": "10154081293419863", "twitter": "deveenix"}, "firstName": "Irfan", "tips": {"count": 2}, "gender": "male", "lastName": "Wahyunindra", "lists": {"groups": [{"count": 2, "type": "created", "items": []}]}, "bio": ""}, {"id": "8285750", "photo": {"prefix": "https://igx.4sqi.net/img/user/", "suffix": "/N2CXS3YDO00JEXFN.jpg"}, "homeCity": "Jawa Timur, Indonesia", "contact": {"facebook": "670213300"}, "firstName": "Viv", "tips": {"count": 0}, "gender": "female", "lastName": "Artwindy", "lists": {"groups": [{"count": 2, "type": "created", "items": []}]}, "bio": ""}, {"id": "4271418", "photo": {"prefix": "https://igx.4sqi.net/img/user/", "suffix": "/KUR5IR5NRZ1BNVUM.jpg"}, "homeCity": "Tangerang, Indonesia", "contact": {"facebook": "708944188"}, "firstName": "anzar", "tips": {"count": 0}, "gender": "male", "lastName": "pradityo", "lists": {"groups": [{"count": 2, "type": "created", "items": []}]}, "bio": ""}, {"id": "1392166", "photo": {"prefix": "https://igx.4sqi.net/img/user/", "suffix": "/33FS4ZDARE34IZU5.jpg"}, "homeCity": "Jakarta Selatan, Indonesia", "contact": {"facebook": "1074121707", "twitter": "fransiscanensia"}, "firstName": "Fransisca", "tips": {"count": 1}, "gender": "female", "lastName": "Anensia", "lists": {"groups": [{"count": 2, "type": "created", "items": []}]}, "bio": ""}, {"id": "5433607", "photo": {"prefix": "https://igx.4sqi.net/img/user/", "suffix": "/MQ5WXFX3WPOE3DVW.jpg"}, "homeCity": "Indonesia", "contact": {"facebook": "1161348665", "twitter": "mammagc"}, "firstName": "cinzia", "tips": {"count": 0}, "gender": "female", "lastName": "nuzulia", "lists": {"groups": [{"count": 2, "type": "created", "items": []}]}, "bio": ""}, {"id": "1623718", "photo": {"prefix": "https://igx.4sqi.net/img/user/", "suffix": "/EPQ0XCQZSJT01MKK.jpg"}, "homeCity": "Jakarta", "contact": {"facebook": "1557804869", "twitter": "pinazoloxiaz"}, "firstName": "Arry", "tips": {"count": 0}, "gender": "male", "lastName": "Novi", "lists": {"groups": [{"count": 2, "type": "created", "items": []}]}, "bio": ""}, {"id": "4022207", "photo": {"prefix": "https://igx.4sqi.net/img/user/", "suffix": "/QLGXCCWHNQVFIXJQ.jpg"}, "homeCity": "Jakarta, Indonesia", "contact": {"twitter": "odhani"}, "firstName": "odhani", "tips": {"count": 0}, "gender": "female", "lastName": "aris", "lists": {"groups": [{"count": 2, "type": "created", "items": []}]}, "bio": ""}, {"id": "448406", "photo": {"prefix": "https://igx.4sqi.net/img/user/", "suffix": "/XYZYW3NDMQH0DC4W.jpg"}, "homeCity": "Jakarta, Indonesia", "contact": {"facebook": "688468170", "twitter": "decynug"}, "firstName": "decy", "tips": {"count": 5}, "gender": "male", "lastName": "i.e. nugroho", "lists": {"groups": [{"count": 2, "type": "created", "items": []}]}, "bio": ""}, {"id": "2304825", "photo": {"prefix": "https://igx.4sqi.net/img/user/", "suffix": "/O3YDBTDYEHYSPJCO.jpg"}, "homeCity": "Jakarta Capital Region, Jakarta Capital Regi", "contact": {"facebook": "1554622128", "twitter": "sweetfirda"}, "firstName": "Firdha", "tips": {"count": 3}, "gender": "female", "lastName": "Basbeth", "lists": {"groups": [{"count": 2, "type": "created", "items": []}]}, "bio": ""}, {"id": "607663", "photo": {"prefix": "https://igx.4sqi.net/img/user/", "suffix": "/KFQKRQQJNT2U2PPL.jpg"}, "homeCity": "Depok, West Java", "contact": {"twitter": "snazizah"}, "firstName": "Siti Noor", "tips": {"count": 13}, "gender": "female", "lastName": "Azizah", "lists": {"groups": [{"count": 2, "type": "created", "items": []}]}, "bio": ""}, {"id": "989018", "photo": {"prefix": "https://igx.4sqi.net/img/user/", "suffix": "/989018-SIOJ25CARMUVP5LB.jpg"}, "homeCity": "Jakarta, DKI Jakarta, Indonesia", "contact": {}, "firstName": "Kris Milanissimo", "tips": {"count": 35}, "gender": "male", "lists": {"groups": [{"count": 5, "type": "created", "items": []}]}, "bio": ""}, {"id": "597194", "photo": {"prefix": "https://igx.4sqi.net/img/user/", "suffix": "/IGJNTGTEIG3GB5T0.jpg"}, "homeCity": "Jakarta, Indonesia", "contact": {"facebook": "1264658976", "twitter": "pu3hadisubrata"}, "firstName": "Dyah P.", "tips": {"count": 0}, "gender": "female", "lastName": "Anggraini", "lists": {"groups": [{"count": 2, "type": "created", "items": []}]}, "bio": ""}, {"id": "481645", "photo": {"prefix": "https://igx.4sqi.net/img/user/", "suffix": "/NTYH4XDDYODHKQRM.jpg"}, "homeCity": "Bogor, Jawa Barat", "contact": {"twitter": "novanananda"}, "firstName": "Novan", "tips": {"count": 17}, "gender": "male", "lastName": "Ananda", "lists": {"groups": [{"count": 2, "type": "created", "items": []}]}, "bio": ""}, {"id": "1756528", "photo": {"prefix": "https://igx.4sqi.net/img/user/", "suffix": "/JKBTSPPR3BCUPCZB.jpg"}, "homeCity": "Jakarta", "contact": {"facebook": "1294607197", "twitter": "attanza"}, "firstName": "Dani", "tips": {"count": 4}, "gender": "male", "lastName": "Dan", "lists": {"groups": [{"count": 2, "type": "created", "items": []}]}, "bio": ""}, {"id": "884939", "photo": {"prefix": "https://igx.4sqi.net/img/user/", "suffix": "/TOOXVQ000WDKA0VI.jpg"}, "homeCity": "Kuala Lumpur, Wilayah Perseketuan", "contact": {"facebook": "832882625"}, "firstName": "Alex", "tips": {"count": 41}, "gender": "male", "lastName": "Ooi", "lists": {"groups": [{"count": 2, "type": "created", "items": []}]}, "bio": ""}, {"id": "2436179", "photo": {"prefix": "https://igx.4sqi.net/img/user/", "suffix": "/IODSYDBJJXKXABUA.jpg"}, "homeCity": "Tangerang, Indonesia", "contact": {"facebook": "1473348159", "twitter": "d_arisandi"}, "firstName": "Denny", "tips": {"count": 1}, "gender": "female", "lists": {"groups": [{"count": 2, "type": "created", "items": []}]}, "bio": ""}, {"id": "77077348", "photo": {"prefix": "https://igx.4sqi.net/img/user/", "suffix": "/77077348-3DADSQLVOYW2X30F.jpg"}, "homeCity": "Legok, West Java", "contact": {"facebook": "10207322200431942"}, "firstName": "Setyadi", "tips": {"count": 6}, "gender": "male", "lastName": "Pudjantoro", "lists": {"groups": [{"count": 2, "type": "created", "items": []}]}, "bio": ""}, {"id": "77591205", "photo": {"prefix": "https://igx.4sqi.net/img/user/", "suffix": "/77591205-LBACBZ2K0DPOD1H3.jpg"}, "homeCity": "Singapore", "contact": {"facebook": "759424666"}, "firstName": "Lia", "tips": {"count": 0}, "gender": "female", "lastName": "Aprilia", "lists": {"groups": [{"count": 2, "type": "created", "items": []}]}, "bio": ""}, {"id": "1359273", "photo": {"prefix": "https://igx.4sqi.net/img/user/", "suffix": "/3NMMGL0FIWPAKNVL.jpg"}, "homeCity": "Depok, West Java", "contact": {}, "firstName": "Lutfi", "tips": {"count": 1}, "gender": "male", "lastName": "NN", "lists": {"groups": [{"count": 2, "type": "created", "items": []}]}, "bio": ""}, {"id": "4348944", "photo": {"prefix": "https://igx.4sqi.net/img/user/", "suffix": "/4348944-1OTYIPRH5RZL034Q.jpg"}, "homeCity": "Indonesia", "contact": {"facebook": "1567510767", "twitter": "nyyudi"}, "firstName": "Endah", "tips": {"count": 1}, "gender": "female", "lastName": "Suyudiyoto", "lists": {"groups": [{"count": 2, "type": "created", "items": []}]}, "bio": ""}, {"id": "6995816", "photo": {"prefix": "https://igx.4sqi.net/img/user/", "suffix": "/3FRGLB40A3WJTJH3.jpg"}, "homeCity": "Pamulang, Indonesia", "contact": {}, "firstName": "Ibnu Farid", "tips": {"count": 0}, "gender": "male", "lastName": "Iskandar", "lists": {"groups": [{"count": 2, "type": "created", "items": []}]}, "bio": ""}, {"id": "25435325", "photo": {"prefix": "https://igx.4sqi.net/img/user/", "suffix": "/OX3NJ2QJOQNCVZON.jpg"}, "homeCity": "Yogyakarta", "contact": {"facebook": "1814016908", "twitter": "wahhyu_pratama"}, "firstName": "wahyu", "tips": {"count": 0}, "gender": "male", "lastName": "pratama", "lists": {"groups": [{"count": 3, "type": "created", "items": []}]}, "bio": ""}, {"id": "8941294", "photo": {"prefix": "https://igx.4sqi.net/img/user/", "suffix": "/CYG11L1FSHX3AB2Q.jpg"}, "homeCity": "NY", "contact": {"facebook": "100000056428487"}, "firstName": "Teguh", "tips": {"count": 1}, "gender": "male", "lastName": "Ardian", "lists": {"groups": [{"count": 2, "type": "created", "items": []}]}, "bio": ""}, {"id": "8066788", "photo": {"prefix": "https://igx.4sqi.net/img/user/", "suffix": "/GGWO23WHZ15WQTVL.jpg"}, "homeCity": "Bekasi, Indonesia", "contact": {"facebook": "1601320906", "twitter": "evien09"}, "firstName": "Evien", "tips": {"count": 3}, "gender": "female", "lastName": "Idrus", "lists": {"groups": [{"count": 2, "type": "created", "items": []}]}, "bio": ""}, {"id": "4289048", "photo": {"prefix": "https://igx.4sqi.net/img/user/", "suffix": "/PH113Y2U3SYC3DDR.jpg"}, "homeCity": "Malacca, Malaysia", "contact": {"facebook": "606626155"}, "firstName": "Adrian", "tips": {"count": 11}, "gender": "male", "lastName": "Yong", "lists": {"groups": [{"count": 2, "type": "created", "items": []}]}, "bio": ""}, {"id": "5969081", "photo": {"prefix": "https://igx.4sqi.net/img/user/", "suffix": "/NKKPTQXRYYVP4PMV.jpg"}, "homeCity": "Jakarta, Indonesia", "contact": {"facebook": "1521333290"}, "firstName": "Niken", "tips": {"count": 2}, "gender": "female", "lastName": "Arini Yulianto", "lists": {"groups": [{"count": 2, "type": "created", "items": []}]}, "bio": ""}, {"id": "1990309", "photo": {"prefix": "https://igx.4sqi.net/img/user/", "suffix": "/OGKDWAHA2ALAGLIO.jpg"}, "homeCity": "Jakarta, Indonesia", "contact": {"facebook": "680499916", "twitter": "andydch"}, "firstName": "Andy", "tips": {"count": 2}, "gender": "male", "lastName": "DCH", "lists": {"groups": [{"count": 2, "type": "created", "items": []}]}, "bio": ""}, {"id": "5192525", "photo": {"prefix": "https://igx.4sqi.net/img/user/", "suffix": "/BG2NWPOMEVEZSNFX.jpg"}, "homeCity": "Jember, Indonesia", "contact": {"facebook": "1067325758"}, "firstName": "Faris", "tips": {"count": 2}, "gender": "male", "lastName": "Syammach", "lists": {"groups": [{"count": 2, "type": "created", "items": []}]}, "bio": ""}, {"id": "1237478", "photo": {"prefix": "https://igx.4sqi.net/img/user/", "suffix": "/QNT2WART2EBFQQU5.jpg"}, "homeCity": "Medan", "contact": {"facebook": "100001201512032", "twitter": "delfidewi"}, "firstName": "Delfi", "tips": {"count": 15}, "gender": "female", "lastName": "Dewi", "lists": {"groups": [{"count": 2, "type": "created", "items": []}]}, "bio": ""}, {"id": "611722", "photo": {"prefix": "https://igx.4sqi.net/img/user/", "suffix": "/S10LLFJFDES4RLV2.jpg"}, "homeCity": "Jakarta Capital Region, Jakarta Capital Regi", "contact": {"facebook": "820214644", "twitter": "unju_ay"}, "firstName": "eva", "tips": {"count": 0}, "gender": "female", "lastName": "Syamu", "lists": {"groups": [{"count": 2, "type": "created", "items": []}]}, "bio": ""}, {"id": "1697984", "photo": {"prefix": "https://igx.4sqi.net/img/user/", "suffix": "/UTUBXTL4RVTSCEXQ.jpg"}, "homeCity": "Jakarta Capital Region, Jakarta Capital Regi", "contact": {}, "firstName": "Cica", "tips": {"count": 1}, "gender": "female", "lastName": "Hutabarat", "lists": {"groups": [{"count": 2, "type": "created", "items": []}]}, "bio": ""}, {"id": "709258", "photo": {"prefix": "https://igx.4sqi.net/img/user/", "suffix": "/709258-QN4MVHJB2IQZKJL2.jpg"}, "homeCity": "Jakarta", "contact": {"facebook": "1198546898", "twitter": "yulianusladung"}, "firstName": "Yulianus", "tips": {"count": 2}, "gender": "male", "lastName": "Ladung", "lists": {"groups": [{"count": 2, "type": "created", "items": []}]}, "bio": ""}, {"id": "538807", "photo": {"prefix": "https://igx.4sqi.net/img/user/", "suffix": "/538807-AT4W5D1QWZXYBDR3.jpg"}, "homeCity": "Jakarta, Indonesia", "contact": {}, "firstName": "Hafiz", "tips": {"count": 0}, "gender": "male", "lists": {"groups": [{"count": 3, "type": "created", "items": []}]}, "bio": "I use this app for logs all my activities with Pebble Smartwatch."}, {"id": "2127538", "photo": {"prefix": "https://igx.4sqi.net/img/user/", "suffix": "/WK2LHDI0X0LZ1PFJ.jpg"}, "homeCity": "Jakarta Capital Region, Jakarta Capital Regi", "contact": {"facebook": "1617146664", "twitter": "yoanarachma"}, "firstName": "Yoana", "tips": {"count": 3}, "gender": "female", "lastName": "Rachma", "lists": {"groups": [{"count": 2, "type": "created", "items": []}]}, "bio": ""}, {"id": "952996", "photo": {"prefix": "https://igx.4sqi.net/img/user/", "suffix": "/BBNJVFQRAKUSI45M.jpg"}, "homeCity": "Jakarta, Indonesia", "contact": {"twitter": "sepidol"}, "firstName": "Rudi", "tips": {"count": 0}, "gender": "male", "lastName": "Harsono", "lists": {"groups": [{"count": 2, "type": "created", "items": []}]}, "bio": ""}, {"id": "3171199", "photo": {"prefix": "https://igx.4sqi.net/img/user/", "suffix": "/1ZH4QE4L2UMKMV1W.jpg"}, "homeCity": "Indonesia", "contact": {"facebook": "1431101704", "twitter": "d14n4_as"}, "firstName": "Diana", "tips": {"count": 3}, "gender": "female", "lastName": "Arumsari", "lists": {"groups": [{"count": 2, "type": "created", "items": []}]}, "bio": ""}, {"id": "2319242", "photo": {"prefix": "https://igx.4sqi.net/img/user/", "suffix": "/1ADBMFCVPW3FCUEA.jpg"}, "homeCity": "Jakarta, Indonesia", "contact": {"facebook": "1570166597", "twitter": "onydarmawan"}, "firstName": "Ony", "tips": {"count": 2}, "gender": "male", "lastName": "Darmawan", "lists": {"groups": [{"count": 2, "type": "created", "items": []}]}, "bio": ""}, {"id": "4547174", "photo": {"prefix": "https://igx.4sqi.net/img/user/", "suffix": "/4547174-04NS4RJ1DOYOJOIJ.jpg"}, "homeCity": "Kuala Lumpur,Malaysia", "contact": {"facebook": "1202368549780425", "twitter": "mohdfazliradzi"}, "firstName": "Mohd Fazli", "tips": {"count": 0}, "gender": "male", "lastName": "Radzi", "lists": {"groups": [{"count": 2, "type": "created", "items": []}]}, "bio": ""}, {"id": "7016152", "photo": {"prefix": "https://igx.4sqi.net/img/user/", "suffix": "/AKYEN5RYVRLDWEEA.jpg"}, "homeCity": "Jakarta, Indonesia", "contact": {"facebook": "100000454976783", "twitter": "buset07"}, "firstName": "Budi", "tips": {"count": 33}, "gender": "male", "lastName": "Setyadi", "lists": {"groups": [{"count": 7, "type": "created", "items": []}]}, "bio": ""}, {"id": "30241053", "photo": {"prefix": "https://igx.4sqi.net/img/user/", "suffix": "/OLJ43ZF10L5HS0QC.jpg"}, "homeCity": "Jawa Timur", "contact": {"facebook": "100000322356530"}, "firstName": "Dino", "tips": {"count": 0}, "gender": "male", "lastName": "Fahamsyah", "lists": {"groups": [{"count": 2, "type": "created", "items": []}]}, "bio": ""}, {"id": "13073129", "photo": {"prefix": "https://igx.4sqi.net/img/user/", "suffix": "/YPFPZGHGSIOYCNGD.jpg"}, "homeCity": "Lumajang, Indonesia", "contact": {"facebook": "100001499845054"}, "firstName": "Wahyuni", "tips": {"count": 0}, "gender": "female", "lastName": "Wibowo", "lists": {"groups": [{"count": 2, "type": "created", "items": []}]}, "bio": ""}, {"id": "8192096", "photo": {"prefix": "https://igx.4sqi.net/img/user/", "suffix": "/QIQLRIIUMRQIZ4MF.jpg"}, "homeCity": "pinang ranti , Indonesia", "contact": {"facebook": "1402424029", "twitter": "rifaiipay"}, "firstName": "Muhammad", "tips": {"count": 2}, "gender": "male", "lastName": "Rifai", "lists": {"groups": [{"count": 2, "type": "created", "items": []}]}, "bio": ""}, {"id": "1999828", "photo": {"prefix": "https://igx.4sqi.net/img/user/", "suffix": "/YGF1EHTSERHPSVM3.jpg"}, "homeCity": "Singapore", "contact": {"facebook": "747870661"}, "firstName": "Marlina", "tips": {"count": 2}, "gender": "none", "lists": {"groups": [{"count": 2, "type": "created", "items": []}]}, "bio": ""}, {"id": "88277217", "photo": {"prefix": "https://igx.4sqi.net/img/user/", "suffix": "/88277217-B10SJZ4DY3VTKJVE.jpg"}, "homeCity": "Jakarta, Daerah Khusus Ibukota Jakarta", "contact": {"facebook": "1100638104"}, "firstName": "Sugi", "tips": {"count": 0}, "gender": "male", "lastName": "Hartono", "lists": {"groups": [{"count": 2, "type": "created", "items": []}]}, "bio": ""}, {"id": "2933047", "photo": {"prefix": "https://igx.4sqi.net/img/user/", "suffix": "/QZ1ZEZ1RH5CETKGG.jpg"}, "homeCity": "Denpasar, Indonesia", "contact": {"facebook": "1568529781", "twitter": "ikanursila"}, "firstName": "Ika", "tips": {"count": 2}, "gender": "female", "lastName": "Dewi", "lists": {"groups": [{"count": 2, "type": "created", "items": []}]}, "bio": "Never ending learning. mommy of 2 kids, interested in online marketing"}, {"id": "1741712", "photo": {"prefix": "https://igx.4sqi.net/img/user/", "suffix": "/Y3PYTTQWU4Y0VIMB.jpg"}, "homeCity": "Jakarta, Indonesia", "contact": {"facebook": "1158513771", "twitter": "yudhiapr"}, "firstName": "Yudhi", "tips": {"count": 0}, "gender": "male", "lastName": "Aprianto", "lists": {"groups": [{"count": 2, "type": "created", "items": []}]}, "bio": ""}, {"id": "2994615", "photo": {"prefix": "https://igx.4sqi.net/img/user/", "suffix": "/AK0CAVHRHTEGN35X.jpg"}, "homeCity": "Manila, Philippines", "contact": {}, "firstName": "Melanie", "tips": {"count": 0}, "gender": "female", "lastName": "Paz", "lists": {"groups": [{"count": 2, "type": "created", "items": []}]}, "bio": ""}, {"id": "75300397", "photo": {"prefix": "https://igx.4sqi.net/img/user/", "suffix": "/75300397-UGNE2ETEZWKXFTKP.jpg"}, "homeCity": "Kualakapuas, Kalimantan Tengah", "contact": {"facebook": "1034679907"}, "firstName": "Budi", "tips": {"count": 0}, "gender": "male", "lastName": "Setiawan", "lists": {"groups": [{"count": 2, "type": "created", "items": []}]}, "bio": ""}, {"id": "540607", "photo": {"prefix": "https://igx.4sqi.net/img/user/", "suffix": "/3RKWQC4NNP0NH5RJ.jpg"}, "homeCity": "Jakarta Capital Region, Jakarta Capital Regi", "contact": {"twitter": "capungbiru"}, "firstName": "Saleh", "tips": {"count": 0}, "gender": "male", "lastName": "FGustami", "lists": {"groups": [{"count": 2, "type": "created", "items": []}]}, "bio": ""}, {"id": "84567258", "photo": {"prefix": "https://igx.4sqi.net/img/user/", "suffix": "/84567258-FFPKU0LF2ELH0PC2.jpg"}, "homeCity": "Surabaya, Indonesia", "contact": {"facebook": "1677043820"}, "firstName": "Ache", "tips": {"count": 0}, "gender": "female", "lastName": "Cihui", "lists": {"groups": [{"count": 2, "type": "created", "items": []}]}, "bio": ""}, {"id": "1013300", "photo": {"prefix": "https://igx.4sqi.net/img/user/", "suffix": "/MLAD4STH1N3MUCF3.jpg"}, "homeCity": "Eastern Europe", "contact": {"facebook": "602047251", "twitter": "darudoank"}, "firstName": "Daru", "tips": {"count": 5}, "gender": "male", "lastName": "Doank", "lists": {"groups": [{"count": 2, "type": "created", "items": []}]}, "bio": ""}, {"id": "3278260", "photo": {"prefix": "https://igx.4sqi.net/img/user/", "suffix": "/3278260-IUWDGLH4X5SZ1OB2.jpg"}, "homeCity": "Jakarta, Indonesia", "contact": {}, "firstName": "chathrine", "tips": {"count": 1}, "gender": "female", "lastName": "fransisca", "lists": {"groups": [{"count": 2, "type": "created", "items": []}]}, "bio": ""}, {"id": "11569520", "photo": {"prefix": "https://igx.4sqi.net/img/user/", "suffix": "/JKI2TNIGDSV244QK.jpg"}, "homeCity": "Jakarta, Indonesia", "contact": {"facebook": "714043344", "twitter": "deatty"}, "firstName": "Hariyati R", "tips": {"count": 0}, "gender": "female", "lists": {"groups": [{"count": 2, "type": "created", "items": []}]}, "bio": ""}, {"id": "4647621", "photo": {"prefix": "https://igx.4sqi.net/img/user/", "suffix": "/MWVIV3LXKTX3LQUD.jpg"}, "homeCity": "denpasar", "contact": {"facebook": "1839704766", "twitter": "arielionel"}, "firstName": "Ajusht", "tips": {"count": 2}, "gender": "male", "lastName": "Arie", "lists": {"groups": [{"count": 2, "type": "created", "items": []}]}, "bio": ""}, {"id": "11906300", "photo": {"prefix": "https://igx.4sqi.net/img/user/", "suffix": "/NNZDAWQSEI1C05W2.jpg"}, "homeCity": "Surabaya, Indonesia", "contact": {"facebook": "1529718876"}, "firstName": "Hadi Pay Purnomo", "tips": {"count": 0}, "gender": "male", "lists": {"groups": [{"count": 2, "type": "created", "items": []}]}, "bio": "just ordinary people"}, {"id": "14267904", "photo": {"prefix": "https://igx.4sqi.net/img/user/", "suffix": "/14267904-L0LFVQJQH0NCHSRQ.jpg"}, "homeCity": "surabaya,indonesia", "contact": {"facebook": "100002596372603", "twitter": "samsia21"}, "firstName": "syamsyiyatun", "tips": {"count": 1}, "gender": "female", "lastName": "waqi'ah", "lists": {"groups": [{"count": 2, "type": "created", "items": []}]}, "bio": "PT Karya Mandala Trans Surabaya"}, {"id": "23582845", "photo": {"prefix": "https://igx.4sqi.net/img/user/", "suffix": "/23582845-WQGD5JFXARMHYNE1.jpg"}, "homeCity": "Petaling Jaya", "contact": {"facebook": "100000515740576", "twitter": "chaa_aisha"}, "firstName": "Chaa", "tips": {"count": 1}, "gender": "female", "lastName": "Aisha", "lists": {"groups": [{"count": 2, "type": "created", "items": []}]}, "bio": "Smile is the shortest distance between two people ! :)"}, {"id": "2361660", "photo": {"prefix": "https://igx.4sqi.net/img/user/", "default": true, "suffix": "/blank_boy.png"}, "homeCity": "Bogor, Jawa Barat", "contact": {}, "firstName": "Diki", "tips": {"count": 0}, "gender": "male", "lastName": "Kamaludin", "lists": {"groups": [{"count": 2, "type": "created", "items": []}]}, "bio": ""}, {"id": "3056644", "photo": {"prefix": "https://igx.4sqi.net/img/user/", "suffix": "/WMPYKB2QNLOUWRXO.jpg"}, "homeCity": "Jakarta Selatan, Indonesia", "contact": {"facebook": "100001622257869", "twitter": "faraiteddy"}, "firstName": "Bayu", "tips": {"count": 2}, "gender": "male", "lastName": "Apriyanto", "lists": {"groups": [{"count": 2, "type": "created", "items": []}]}, "bio": ""}, {"id": "3449212", "photo": {"prefix": "https://igx.4sqi.net/img/user/", "suffix": "/KATC1VXFHIS54GPJ.jpg"}, "homeCity": "Jakarta, Indonesia", "contact": {"facebook": "1416805967"}, "firstName": "Helmi", "tips": {"count": 0}, "gender": "male", "lastName": "Bahtiar", "lists": {"groups": [{"count": 2, "type": "created", "items": []}]}, "bio": ""}, {"id": "3127204", "photo": {"prefix": "https://igx.4sqi.net/img/user/", "suffix": "/3127204_3NugCLcZ_i1BZqlv0yR5u0yTGrhZlIZo4iMFqzwajGGN2jTteZDGKFUohZCRH7rqShnMxB0HJ"}, "homeCity": "Shah Alam, Malaysia", "contact": {}, "firstName": "Rambo", "tips": {"count": 2}, "gender": "none", "lastName": "Ramsey", "lists": {"groups": [{"count": 2, "type": "created", "items": []}]}, "bio": ""}, {"id": "1903151", "photo": {"prefix": "https://igx.4sqi.net/img/user/", "suffix": "/N53POHNZPDGBTUAE.jpg"}, "homeCity": "Jakarta Pusat, DKI Jakarta", "contact": {"facebook": "1493026225", "twitter": "ridwano"}, "firstName": "Ridwano", "tips": {"count": 0}, "gender": "male", "lastName": "Arh", "lists": {"groups": [{"count": 2, "type": "created", "items": []}]}, "bio": ""}, {"id": "87478844", "photo": {"prefix": "https://igx.4sqi.net/img/user/", "suffix": "/87478844-3APRJK5EUVA5EROY.jpg"}, "homeCity": "Jakarta, Daerah Khusus Ibukota Jakarta", "contact": {"facebook": "1628057787"}, "firstName": "Stephanie", "tips": {"count": 0}, "gender": "female", "lastName": "Freena", "lists": {"groups": [{"count": 2, "type": "created", "items": []}]}, "bio": ""}, {"id": "1062017", "photo": {"prefix": "https://igx.4sqi.net/img/user/", "suffix": "/YV1RKAJM0VEPKGIT.jpg"}, "homeCity": "Jakarta", "contact": {"facebook": "1214262332", "twitter": "mtjahjadi"}, "firstName": "Maria", "tips": {"count": 0}, "gender": "female", "lastName": "Tjahjadi", "lists": {"groups": [{"count": 2, "type": "created", "items": []}]}, "bio": "world traveler"}, {"id": "3286642", "photo": {"prefix": "https://igx.4sqi.net/img/user/", "suffix": "/1LBYVXFC0S45GYEQ.jpg"}, "homeCity": "Jenu, Indonesia", "contact": {"facebook": "637328339"}, "firstName": "Dyaning", "tips": {"count": 1}, "gender": "male", "lastName": "Kartiko", "lists": {"groups": [{"count": 2, "type": "created", "items": []}]}, "bio": ""}, {"id": "14676463", "photo": {"prefix": "https://igx.4sqi.net/img/user/", "suffix": "/L2ZUGVYTFHKQNN4C.jpg"}, "homeCity": "Kuala Lumpur, Malaysia", "contact": {"facebook": "1422308709"}, "firstName": "Heriezal", "tips": {"count": 1}, "gender": "male", "lastName": "Jamil", "lists": {"groups": [{"count": 2, "type": "created", "items": []}]}, "bio": ""}, {"id": "6203356", "photo": {"prefix": "https://igx.4sqi.net/img/user/", "suffix": "/FMOOCKAOPT2B2E1C.jpg"}, "homeCity": "Sumbersari, Indonesia", "contact": {}, "firstName": "Nanang", "tips": {"count": 0}, "gender": "male", "lastName": "Samsul", "lists": {"groups": [{"count": 2, "type": "created", "items": []}]}, "bio": ""}, {"id": "71593636", "photo": {"prefix": "https://igx.4sqi.net/img/user/", "suffix": "/71593636-IUBXCLNO1X020FKA.jpg"}, "homeCity": "Jakarta, Indonesia", "contact": {"facebook": "1693324665"}, "firstName": "Dea", "tips": {"count": 0}, "gender": "male", "lastName": "Alamgir", "lists": {"groups": [{"count": 2, "type": "created", "items": []}]}, "bio": ""}, {"id": "17957877", "photo": {"prefix": "https://igx.4sqi.net/img/user/", "suffix": "/X1HOAY42TYGRGTBM.jpg"}, "homeCity": "Kuala Lumpur, Malaysia", "contact": {}, "firstName": "Zul", "tips": {"count": 0}, "gender": "male", "lastName": "Nazmi", "lists": {"groups": [{"count": 2, "type": "created", "items": []}]}, "bio": ""}, {"id": "23633564", "photo": {"prefix": "https://igx.4sqi.net/img/user/", "suffix": "/TQID5SPM3YCRT41T.jpg"}, "homeCity": "Gianyar", "contact": {"facebook": "100001971032568"}, "firstName": "Tommy Satria", "tips": {"count": 1}, "gender": "male", "lastName": "Bhayangkara", "lists": {"groups": [{"count": 2, "type": "created", "items": []}]}, "bio": ""}, {"id": "2737883", "photo": {"prefix": "https://igx.4sqi.net/img/user/", "suffix": "/M14M33GZCRI0AC4D.jpg"}, "homeCity": "Kuta, Indonesia", "contact": {}, "firstName": "Darmawan", "tips": {"count": 1}, "gender": "male", "lastName": "Anandita", "lists": {"groups": [{"count": 2, "type": "created", "items": []}]}, "bio": ""}, {"id": "3534447", "photo": {"prefix": "https://igx.4sqi.net/img/user/", "suffix": "/PSLCDE3NQEHQZEED.jpg"}, "homeCity": "Jakarta, Indonesia", "contact": {"facebook": "693537438", "twitter": "chuby_69"}, "firstName": "Harun", "tips": {"count": 4}, "gender": "male", "lastName": "AR", "lists": {"groups": [{"count": 2, "type": "created", "items": []}]}, "bio": ""}, {"id": "3460223", "photo": {"prefix": "https://igx.4sqi.net/img/user/", "suffix": "/YMPL12ZI3VIXG0DN.jpg"}, "homeCity": "Jakarta, Indonesia", "contact": {"facebook": "1011951759", "twitter": "d_arindria"}, "firstName": "Donny", "tips": {"count": 6}, "gender": "male", "lastName": "Arindria", "lists": {"groups": [{"count": 2, "type": "created", "items": []}]}, "bio": ""}, {"id": "65148151", "photo": {"prefix": "https://igx.4sqi.net/img/user/", "suffix": "/23BR51ETH2SYQ100.jpg"}, "homeCity": "Kuala Lumpur,  Malaysia", "contact": {"facebook": "1626045583", "twitter": "imranbinmansur"}, "firstName": "Imran", "tips": {"count": 0}, "gender": "male", "lastName": "Mansur", "lists": {"groups": [{"count": 2, "type": "created", "items": []}]}, "bio": ""}, {"id": "3550755", "photo": {"prefix": "https://igx.4sqi.net/img/user/", "suffix": "/TX2LSQXK2V5PJPZJ.jpg"}, "homeCity": "Singapore", "contact": {"facebook": "1516600199"}, "firstName": "desy", "tips": {"count": 0}, "gender": "female", "lists": {"groups": [{"count": 2, "type": "created", "items": []}]}, "bio": ""}, {"id": "1130481", "photo": {"prefix": "https://igx.4sqi.net/img/user/", "suffix": "/1130481-VXGJY2XS4QLW2LPW.jpg"}, "homeCity": "Jakarta, Indonesia", "contact": {"twitter": "edoowin"}, "firstName": "Ed", "tips": {"count": 11}, "gender": "male", "lastName": "Win", "lists": {"groups": [{"count": 2, "type": "created", "items": []}]}, "bio": "half man half robot"}, {"id": "3671029", "photo": {"prefix": "https://igx.4sqi.net/img/user/", "suffix": "/UKI5LX5VKIVNUZNX.jpg"}, "homeCity": "Jakarta, Indonesia", "contact": {"facebook": "1117291190"}, "firstName": "Ahmad", "tips": {"count": 0}, "gender": "male", "lastName": "Mujib", "lists": {"groups": [{"count": 2, "type": "created", "items": []}]}, "bio": ""}, {"id": "15986746", "photo": {"prefix": "https://igx.4sqi.net/img/user/", "suffix": "/15986746-2CKNEPXAJNVNJQGD.jpg"}, "homeCity": "johor malaysia", "contact": {"facebook": "100000615150542", "twitter": "cimoltweets"}, "firstName": "cimol", "tips": {"count": 1}, "gender": "female", "lists": {"groups": [{"count": 2, "type": "created", "items": []}]}, "bio": "Just call me cimol |\u2665love adventure | the high imagination |\u2665pecinta fullmiloo| follow me @cimol_tweets |on path cimol tweets | soundcould ika puspa novita sari"}, {"id": "6242069", "photo": {"prefix": "https://igx.4sqi.net/img/user/", "suffix": "/Y5KASESITO3ZE1V4.jpg"}, "homeCity": "Serpong, Indonesia", "contact": {}, "firstName": "Erwin", "tips": {"count": 0}, "gender": "male", "lastName": "H", "lists": {"groups": [{"count": 2, "type": "created", "items": []}]}, "bio": ""}, {"id": "18698164", "photo": {"prefix": "https://igx.4sqi.net/img/user/", "suffix": "/WQ40G1F21ARO3SBT.jpg"}, "homeCity": "Jakarta, Indonesia", "contact": {"facebook": "1407333766"}, "firstName": "Bambang", "tips": {"count": 1}, "gender": "male", "lastName": "Aprianto", "lists": {"groups": [{"count": 2, "type": "created", "items": []}]}, "bio": ""}, {"id": "2738572", "photo": {"prefix": "https://igx.4sqi.net/img/user/", "suffix": "/Q2L5A2AFRQ5VBW3Z.png"}, "homeCity": "Mojokerto, Indonesia", "contact": {"facebook": "1657265086"}, "firstName": "Zaenul", "tips": {"count": 0}, "gender": "male", "lastName": "Arifin", "lists": {"groups": [{"count": 2, "type": "created", "items": []}]}, "bio": ""}, {"id": "3747854", "photo": {"prefix": "https://igx.4sqi.net/img/user/", "default": true, "suffix": "/blank_boy.png"}, "homeCity": "Jakarta, Indonesia", "contact": {"facebook": "594259754", "twitter": "agusary"}, "firstName": "agusary", "tips": {"count": 1}, "gender": "male", "lists": {"groups": [{"count": 2, "type": "created", "items": []}]}, "bio": ""}, {"id": "3475837", "photo": {"prefix": "https://igx.4sqi.net/img/user/", "suffix": "/3475837-HZIPGHSNXU4KHVDR"}, "homeCity": "Bekasi, Indonesia", "contact": {"facebook": "654548028", "twitter": "oromux"}, "firstName": "Widiya", "tips": {"count": 8}, "gender": "male", "lastName": "Kumoro", "lists": {"groups": [{"count": 2, "type": "created", "items": []}]}, "bio": ""}, {"id": "1187362", "photo": {"prefix": "https://igx.4sqi.net/img/user/", "suffix": "/ZLFXTZEOYO00MXU2.jpg"}, "homeCity": "Jakarta Utara, Indonesia", "contact": {"facebook": "552513882", "twitter": "wahyoo"}, "firstName": "Wahyoo", "tips": {"count": 9}, "gender": "male", "lastName": "Prast", "lists": {"groups": [{"count": 2, "type": "created", "items": []}]}, "bio": ""}, {"id": "6414586", "photo": {"prefix": "https://igx.4sqi.net/img/user/", "suffix": "/UQYPB0UAMETNDEGI.jpg"}, "homeCity": "Montr\u00e9al, Canada", "contact": {"twitter": "rsalistservices"}, "firstName": "Robert", "tips": {"count": 0}, "gender": "male", "lastName": "Acoca", "lists": {"groups": [{"count": 2, "type": "created", "items": []}]}, "bio": ""}, {"id": "6945629", "photo": {"prefix": "https://igx.4sqi.net/img/user/", "suffix": "/FW2KEJBUBZBKA41K.jpg"}, "homeCity": "Cibinong, Indonesia", "contact": {"facebook": "1544088888"}, "firstName": "Lilik", "tips": {"count": 6}, "gender": "male", "lastName": "Iskandar", "lists": {"groups": [{"count": 2, "type": "created", "items": []}]}, "bio": ""}, {"id": "28779281", "photo": {"prefix": "https://igx.4sqi.net/img/user/", "suffix": "/E4TPQ1U3ICDIWOM2.jpg"}, "homeCity": "New York, NY", "contact": {"facebook": "702068204"}, "firstName": "Amin", "tips": {"count": 0}, "gender": "male", "lastName": "Popo", "lists": {"groups": [{"count": 2, "type": "created", "items": []}]}, "bio": ""}, {"id": "2745645", "photo": {"prefix": "https://igx.4sqi.net/img/user/", "suffix": "/DPNZ4MTB0ZN3PFHJ.jpg"}, "homeCity": "Jakarta, Indonesia", "contact": {"facebook": "1595891866", "twitter": "mazirwan"}, "firstName": "Irwan", "tips": {"count": 16}, "gender": "male", "lastName": "Suprayitno", "lists": {"groups": [{"count": 2, "type": "created", "items": []}]}, "bio": ""}, {"id": "21738333", "photo": {"prefix": "https://igx.4sqi.net/img/user/", "suffix": "/OI3XEXCHX4PYEACP.jpg"}, "homeCity": "Jakarta, Indonesia", "contact": {"facebook": "711608850", "twitter": "waodemuhimah"}, "firstName": "Wa Ode", "tips": {"count": 0}, "gender": "female", "lastName": "Muhimah", "lists": {"groups": [{"count": 2, "type": "created", "items": []}]}, "bio": ""}, {"id": "4097745", "photo": {"prefix": "https://igx.4sqi.net/img/user/", "suffix": "/D2WAAPIT35I0VDW5.jpg"}, "homeCity": "Depok, Indonesia", "contact": {"facebook": "1157543980", "twitter": "aloyalexx"}, "firstName": "Aloysius", "tips": {"count": 9}, "gender": "male", "lastName": "Alexander", "lists": {"groups": [{"count": 3, "type": "created", "items": []}]}, "bio": ""}, {"id": "1188664", "photo": {"prefix": "https://igx.4sqi.net/img/user/", "default": true, "suffix": "/blank_boy.png"}, "homeCity": "Kdjdn", "contact": {"twitter": "orakanggo"}, "firstName": "Mx D Hdb", "tips": {"count": 0}, "gender": "male", "lastName": "Kehd Bd", "lists": {"groups": [{"count": 2, "type": "created", "items": []}]}, "bio": ""}, {"id": "13473163", "photo": {"prefix": "https://igx.4sqi.net/img/user/", "suffix": "/22MLXXUN5FDTGXSQ.jpg"}, "homeCity": "Jakarta, Indonesia", "contact": {}, "firstName": "Primesti", "tips": {"count": 0}, "gender": "female", "lastName": "Khesia", "lists": {"groups": [{"count": 2, "type": "created", "items": []}]}, "bio": ""}, {"id": "52996136", "photo": {"prefix": "https://igx.4sqi.net/img/user/", "suffix": "/QLGMLOUSJI0NYB44.jpg"}, "homeCity": "", "contact": {}, "firstName": "Ripaat", "tips": {"count": 0}, "gender": "female", "lastName": "Pahru", "lists": {"groups": [{"count": 2, "type": "created", "items": []}]}, "bio": ""}, {"id": "2768476", "photo": {"prefix": "https://igx.4sqi.net/img/user/", "suffix": "/BWI54PGEPABM5IYY.jpg"}, "homeCity": "Jakarta, Indonesia", "contact": {"facebook": "768969894", "twitter": "imammaul"}, "firstName": "Imam", "tips": {"count": 0}, "gender": "male", "lastName": "Maulana", "lists": {"groups": [{"count": 3, "type": "created", "items": []}]}, "bio": ""}, {"id": "24827586", "photo": {"prefix": "https://igx.4sqi.net/img/user/", "suffix": "/2BZHQJWD0ZRJAUO0.jpg"}, "homeCity": "Jawa Timur", "contact": {"facebook": "100000452364360"}, "firstName": "Amron", "tips": {"count": 0}, "gender": "male", "lastName": "Setiawan", "lists": {"groups": [{"count": 2, "type": "created", "items": []}]}, "bio": ""}, {"id": "5361888", "photo": {"prefix": "https://igx.4sqi.net/img/user/", "suffix": "/LJFGUN2URJTK1TF4.jpg"}, "homeCity": "Jakarta", "contact": {"facebook": "616336925", "twitter": "ukzzz"}, "firstName": "ukhe", "tips": {"count": 5}, "gender": "female", "lastName": "valenzie", "lists": {"groups": [{"count": 2, "type": "created", "items": []}]}, "bio": ""}, {"id": "1443335", "photo": {"prefix": "https://igx.4sqi.net/img/user/", "suffix": "/Z2KX4DOX5LC2VB0V.jpg"}, "homeCity": "Jakarta, Indonesia", "contact": {"twitter": "danielhanafiah"}, "firstName": "daniel", "tips": {"count": 3}, "gender": "male", "lastName": "hanafiah", "lists": {"groups": [{"count": 2, "type": "created", "items": []}]}, "bio": ""}, {"id": "46341146", "photo": {"prefix": "https://igx.4sqi.net/img/user/", "suffix": "/B30IRUMQ4FBJIUV2.jpg"}, "homeCity": "Selangor", "contact": {}, "firstName": "Loeky", "tips": {"count": 0}, "gender": "male", "lastName": "Ardianto", "lists": {"groups": [{"count": 2, "type": "created", "items": []}]}, "bio": ""}, {"id": "56652575", "photo": {"prefix": "https://igx.4sqi.net/img/user/", "default": true, "suffix": "/blank_boy.png"}, "homeCity": "", "contact": {"facebook": "1374158381"}, "firstName": "Luki", "tips": {"count": 0}, "gender": "none", "lastName": "Ardianto", "lists": {"groups": [{"count": 2, "type": "created", "items": []}]}, "bio": ""}, {"id": "2775303", "photo": {"prefix": "https://igx.4sqi.net/img/user/", "suffix": "/G1BFU1HM0ZLDMOLP.jpg"}, "homeCity": "Singapore", "contact": {"facebook": "674505508"}, "firstName": "Budianto", "tips": {"count": 0}, "gender": "male", "lastName": "Wishnu", "lists": {"groups": [{"count": 2, "type": "created", "items": []}]}, "bio": ""}, {"id": "54031890", "photo": {"prefix": "https://igx.4sqi.net/img/user/", "suffix": "/0QAV4NAVYMCFBREN.jpg"}, "homeCity": "Jakarta, 04", "contact": {"facebook": "100000496967965"}, "firstName": "Pramustiko", "tips": {"count": 0}, "gender": "male", "lastName": "Ulandz", "lists": {"groups": [{"count": 2, "type": "created", "items": []}]}, "bio": ""}, {"id": "62846493", "photo": {"prefix": "https://igx.4sqi.net/img/user/", "suffix": "/L1HOG3HHYD3YASQG.jpg"}, "homeCity": "Bandung, 30", "contact": {}, "firstName": "Setyadi", "tips": {"count": 0}, "gender": "male", "lastName": "Pudjantoro", "lists": {"groups": [{"count": 2, "type": "created", "items": []}]}, "bio": ""}, {"id": "1629160", "photo": {"prefix": "https://igx.4sqi.net/img/user/", "suffix": "/1629160-JNM5153XW4N0GX4D.jpg"}, "homeCity": "", "contact": {}, "firstName": "Jaka", "tips": {"count": 40}, "gender": "none", "lists": {"groups": [{"count": 3, "type": "created", "items": []}]}, "bio": ""}, {"id": "69873531", "photo": {"prefix": "https://igx.4sqi.net/img/user/", "suffix": "/CHWBHW33LWXJ5R2L.jpg"}, "homeCity": "Jakarta, 04", "contact": {"facebook": "1134166573"}, "firstName": "Anita", "tips": {"count": 0}, "gender": "female", "lastName": "Dermawan", "lists": {"groups": [{"count": 2, "type": "created", "items": []}]}, "bio": ""}, {"id": "2809781", "photo": {"prefix": "https://igx.4sqi.net/img/user/", "suffix": "/3TB0UHBS2ZG3DOBQ.jpg"}, "homeCity": "Sidoarjo, Indonesia", "contact": {"facebook": "649499442"}, "firstName": "haris", "tips": {"count": 2}, "gender": "male", "lastName": "posseurs", "lists": {"groups": [{"count": 2, "type": "created", "items": []}]}, "bio": ""}, {"id": "1659788", "photo": {"prefix": "https://igx.4sqi.net/img/user/", "suffix": "/1659788-R02RBBF5F2LTX0BT.jpg"}, "homeCity": "BSD City", "contact": {"facebook": "1176214018", "twitter": "anangsis"}, "firstName": "Anang", "tips": {"count": 0}, "gender": "male", "lastName": "kasembon", "lists": {"groups": [{"count": 2, "type": "created", "items": []}]}, "bio": ""}, {"id": "5015666", "photo": {"prefix": "https://igx.4sqi.net/img/user/", "suffix": "/QVXDC2DF1YMDM1W4.jpg"}, "homeCity": "Surabaya, Indonesia", "contact": {"facebook": "1631418653"}, "firstName": "Lely", "tips": {"count": 0}, "gender": "female", "lastName": "Ramadhan", "lists": {"groups": [{"count": 2, "type": "created", "items": []}]}, "bio": ""}, {"id": "1967958", "photo": {"prefix": "https://igx.4sqi.net/img/user/", "suffix": "/34WD0UQFBRBV0F04.jpg"}, "homeCity": "Sidoarjo", "contact": {"facebook": "100000466533051"}, "firstName": "Fuad", "tips": {"count": 3}, "gender": "male", "lastName": "Hadiyanto", "lists": {"groups": [{"count": 2, "type": "created", "items": []}]}, "bio": ""}, {"id": "8169497", "photo": {"prefix": "https://igx.4sqi.net/img/user/", "suffix": "/DN0UMIDOL0AGAPQ5.jpg"}, "homeCity": "Serpong, Indonesia", "contact": {"facebook": "1421203242", "twitter": "yonetta0807"}, "firstName": "Onett", "tips": {"count": 0}, "gender": "female", "lastName": "Yonetta Borjun", "lists": {"groups": [{"count": 2, "type": "created", "items": []}]}, "bio": ""}, {"id": "2082406", "photo": {"prefix": "https://igx.4sqi.net/img/user/", "suffix": "/2082406-YGCCGKTOYPXYRX0S.jpg"}, "homeCity": "Jakarta Capital Region, Jakarta Capital Regi", "contact": {"facebook": "100000301786342"}, "firstName": "Echo", "tips": {"count": 0}, "gender": "male", "lastName": "Atqo", "lists": {"groups": [{"count": 2, "type": "created", "items": []}]}, "bio": ""}, {"id": "8449374", "photo": {"prefix": "https://igx.4sqi.net/img/user/", "suffix": "/8449374-VBDFOGUP2D3UFCKC.jpg"}, "homeCity": "Indonesia", "contact": {}, "firstName": "Dee", "tips": {"count": 5}, "gender": "female", "lastName": "Naa", "lists": {"groups": [{"count": 2, "type": "created", "items": []}]}, "bio": "Nothing extra ordinary, really!!"}, {"id": "2127013", "photo": {"prefix": "https://igx.4sqi.net/img/user/", "suffix": "/2127013-1JX43T1ZPBPWY1SC.jpg"}, "homeCity": "surabaya, East Java", "contact": {"facebook": "640668118", "twitter": "coolhake"}, "firstName": "cool", "tips": {"count": 19}, "gender": "male", "lastName": "hake", "lists": {"groups": [{"count": 5, "type": "created", "items": []}]}, "bio": ""}, {"id": "8458125", "photo": {"prefix": "https://igx.4sqi.net/img/user/", "suffix": "/0YQEABO2AAXQVJBJ.jpg"}, "homeCity": "Krian, Indonesia", "contact": {"facebook": "100000415311424"}, "firstName": "totok", "tips": {"count": 0}, "gender": "male", "lastName": "irawan", "lists": {"groups": [{"count": 2, "type": "created", "items": []}]}, "bio": ""}, {"id": "2266028", "photo": {"prefix": "https://igx.4sqi.net/img/user/", "suffix": "/EHS3DXMWK2ARJAL0.jpg"}, "homeCity": "Bekasi, Indonesia", "contact": {"facebook": "841193679", "twitter": "irpusdotnet"}, "firstName": "Irpus", "tips": {"count": 2}, "gender": "male", "lastName": ".", "lists": {"groups": [{"count": 2, "type": "created", "items": []}]}, "bio": ""}, {"id": "42348907", "photo": {"prefix": "https://igx.4sqi.net/img/user/", "suffix": "/WR5ZHAQD3M4AFH00.jpg"}, "homeCity": "New York, NY", "contact": {"facebook": "100001748531057"}, "firstName": "liah", "tips": {"count": 0}, "gender": "female", "lastName": "sobo", "lists": {"groups": [{"count": 2, "type": "created", "items": []}]}, "bio": ""}, {"id": "2271498", "photo": {"prefix": "https://igx.4sqi.net/img/user/", "suffix": "/UKPGMSXPWRZIK1AY.jpg"}, "homeCity": "Jakarta, Indonesia", "contact": {}, "firstName": "Micha", "tips": {"count": 3}, "gender": "female", "lastName": "Paulina", "lists": {"groups": [{"count": 2, "type": "created", "items": []}]}, "bio": ""}, {"id": "2416552", "photo": {"prefix": "https://igx.4sqi.net/img/user/", "suffix": "/Q3CM4EIU03DT4JKL.jpg"}, "homeCity": "", "contact": {"facebook": "744732909"}, "firstName": "Wahyu", "tips": {"count": 0}, "gender": "male", "lastName": "Diyatmika", "lists": {"groups": [{"count": 2, "type": "created", "items": []}]}, "bio": ""}, {"id": "3120175", "photo": {"prefix": "https://igx.4sqi.net/img/user/", "suffix": "/VJD224HT1XDPJMHJ.jpg"}, "homeCity": "Pamulang, Indonesia", "contact": {"facebook": "100001095377859"}, "firstName": "Yepi", "tips": {"count": 0}, "gender": "male", "lastName": "Nasrullah", "lists": {"groups": [{"count": 2, "type": "created", "items": []}]}, "bio": ""}, {"id": "3198694", "photo": {"prefix": "https://igx.4sqi.net/img/user/", "suffix": "/3TPFLLJCNNXTPMCG.jpg"}, "homeCity": "Depok, Indonesia", "contact": {}, "firstName": "Heru Tri", "tips": {"count": 0}, "gender": "male", "lastName": "Irawan", "lists": {"groups": [{"count": 2, "type": "created", "items": []}]}, "bio": ""}, {"id": "3241159", "photo": {"prefix": "https://igx.4sqi.net/img/user/", "suffix": "/W1X1KTDYUAAJKUYU.jpg"}, "homeCity": "Indonesia", "contact": {"twitter": "diandindun"}, "firstName": "Febriana", "tips": {"count": 0}, "gender": "female", "lastName": "Dian", "lists": {"groups": [{"count": 2, "type": "created", "items": []}]}, "bio": ""}, {"id": "3610067", "photo": {"prefix": "https://igx.4sqi.net/img/user/", "suffix": "/U1HSDFKOILMD2PF4.jpg"}, "homeCity": "Jakarta, Indonesia", "contact": {"twitter": "shoumiefs"}, "firstName": "Shoumie", "tips": {"count": 1}, "gender": "female", "lastName": "Sampow", "lists": {"groups": [{"count": 2, "type": "created", "items": []}]}, "bio": ""}, {"id": "15296133", "photo": {"prefix": "https://igx.4sqi.net/img/user/", "suffix": "/ATPM2WPXX4L4SCRA.jpg"}, "homeCity": "Jakarta, Indonesia", "contact": {"facebook": "734397258"}, "firstName": "Nuning", "tips": {"count": 0}, "gender": "female", "lastName": "Widowati", "lists": {"groups": [{"count": 2, "type": "created", "items": []}]}, "bio": ""}, {"id": "84327029", "photo": {"prefix": "https://igx.4sqi.net/img/user/", "suffix": "/84327029-QGEZEQUM1MEI4XKW.jpg"}, "homeCity": "Singapore", "contact": {"facebook": "100002818863923", "twitter": "ratihdion"}, "firstName": "Rati", "tips": {"count": 0}, "gender": "female", "lastName": "Dion", "lists": {"groups": [{"count": 3, "type": "created", "items": []}]}, "bio": ""}]}, "checksum": "300a09a44fe8bec583b0db57369eb39006ad5c0a"}}