{"notifications": [{"type": "notificationTray", "item": {"unreadCount": 0}}], "response": {"friends": {"items": [{"tips": {"count": 0}, "contact": {"facebook": "580278571"}, "firstName": "Shahlan", "gender": "male", "lastName": "Saleh", "id": "1862074", "bio": "", "photo": {"prefix": "https://igx.4sqi.net/img/user/", "suffix": "/V1YIV2C2MGMJG4GT.jpg"}, "homeCity": "Singapore", "lists": {"groups": [{"items": [], "count": 2, "type": "created"}]}}, {"tips": {"count": 1}, "contact": {}, "firstName": "Shawn", "gender": "male", "lastName": "Ng", "id": "1675882", "bio": "", "photo": {"prefix": "https://igx.4sqi.net/img/user/", "suffix": "/blank_boy.png", "default": true}, "homeCity": "Singapore", "lists": {"groups": [{"items": [], "count": 2, "type": "created"}]}}, {"tips": {"count": 1}, "contact": {"facebook": "797483011"}, "firstName": "Cranky", "gender": "male", "lastName": "Akbar", "id": "1693681", "bio": "", "photo": {"prefix": "https://igx.4sqi.net/img/user/", "suffix": "/KBFTXUWZCO3QOKJK.jpg"}, "homeCity": "Woodlands, Singapore", "lists": {"groups": [{"items": [], "count": 2, "type": "created"}]}}, {"tips": {"count": 0}, "contact": {}, "firstName": "Andy", "gender": "male", "lastName": "Loh", "id": "1733829", "bio": "", "photo": {"prefix": "https://igx.4sqi.net/img/user/", "suffix": "/ISBDBSKHRQP0OPOR.jpg"}, "homeCity": "Singapore", "lists": {"groups": [{"items": [], "count": 2, "type": "created"}]}}, {"tips": {"count": 8}, "contact": {"twitter": "zuldanial", "facebook": "712556752"}, "firstName": "Zuldanial", "gender": "male", "lastName": "Mohamed", "id": "894504", "bio": "", "photo": {"prefix": "https://igx.4sqi.net/img/user/", "suffix": "/NG0QOXKHFVIGIWLO.jpg"}, "homeCity": "Ang Mo Kio, Singapore", "lists": {"groups": [{"items": [], "count": 2, "type": "created"}]}}, {"tips": {"count": 1}, "contact": {"twitter": "intersphere", "facebook": "599716917"}, "firstName": "Vincent", "gender": "male", "lastName": "Teo", "id": "514925", "bio": "", "photo": {"prefix": "https://igx.4sqi.net/img/user/", "suffix": "/IUDXND0SHDNARGWE.jpg"}, "homeCity": "Singapore", "lists": {"groups": [{"items": [], "count": 2, "type": "created"}]}}, {"tips": {"count": 5}, "contact": {"facebook": "660295688"}, "firstName": "SAID KACANG", "gender": "male", "id": "1134512", "bio": "", "photo": {"prefix": "https://igx.4sqi.net/img/user/", "suffix": "/XGC3GDN5KEMNFVDA.gif"}, "homeCity": "Woodlands, Singapore", "lists": {"groups": [{"items": [], "count": 2, "type": "created"}]}}, {"tips": {"count": 1}, "contact": {"facebook": "688927284"}, "firstName": "Thomas", "gender": "male", "lastName": "Loy", "id": "1137243", "bio": "", "photo": {"prefix": "https://igx.4sqi.net/img/user/", "suffix": "/HGQZRDNEH5MSEMIX.jpg"}, "homeCity": "Singapore", "lists": {"groups": [{"items": [], "count": 2, "type": "created"}]}}, {"tips": {"count": 1}, "contact": {}, "firstName": "Hyreal Jimbot", "gender": "male", "id": "1292186", "bio": "", "photo": {"prefix": "https://igx.4sqi.net/img/user/", "suffix": "/4RXA1RFVLK1K3KWM.jpg"}, "homeCity": "Singapore", "lists": {"groups": [{"items": [], "count": 2, "type": "created"}]}}], "count": 109}, "checksum": "80614b320833c8f07aa7d474ebd0d1ba9acd2d13"}, "meta": {"requestId": "596626cfdb04f562ee17b772", "code": 200}}