{"notifications": [{"type": "notificationTray", "item": {"unreadCount": 0}}], "response": {"friends": {"items": [{"superuser": 1, "tips": {"count": 3}, "contact": {"twitter": "bythewei", "facebook": "599181655"}, "firstName": "Chen", "gender": "male", "lastName": "Li", "id": "107810", "bio": "", "photo": {"prefix": "https://igx.4sqi.net/img/user/", "suffix": "/-1_1258702682145.png"}, "homeCity": "Singapore", "lists": {"groups": [{"items": [], "count": 2, "type": "created"}]}}, {"tips": {"count": 0}, "contact": {"facebook": "692135625"}, "firstName": "Etienne", "gender": "male", "lastName": "Do", "id": "11359227", "bio": "", "photo": {"prefix": "https://igx.4sqi.net/img/user/", "suffix": "/1PBZB1MOWYUE5LGC.jpg"}, "homeCity": "Singapore", "lists": {"groups": [{"items": [], "count": 2, "type": "created"}]}}, {"tips": {"count": 0}, "contact": {"facebook": "651649211"}, "firstName": "Sharon", "gender": "none", "lastName": "Ang", "id": "4347795", "bio": "", "photo": {"prefix": "https://igx.4sqi.net/img/user/", "suffix": "/O4J4KMOXZJDNL4HC.jpg"}, "homeCity": "Singapore", "lists": {"groups": [{"items": [], "count": 2, "type": "created"}]}}, {"tips": {"count": 0}, "contact": {"facebook": "677813293"}, "firstName": "Zayed", "gender": "male", "lastName": "Talib", "id": "1601410", "bio": "", "photo": {"prefix": "https://igx.4sqi.net/img/user/", "suffix": "/MMZ4OWWGDXNFAR5L.jpg"}, "homeCity": "Singapore", "lists": {"groups": [{"items": [], "count": 2, "type": "created"}]}}, {"tips": {"count": 127}, "contact": {}, "firstName": "Verywanderful", "gender": "female", "id": "11091839", "bio": "", "photo": {"prefix": "https://igx.4sqi.net/img/user/", "suffix": "/HVGHYG4V4HLX20YM.jpg"}, "homeCity": "Singapore", "lists": {"groups": [{"items": [], "count": 34, "type": "created"}]}}, {"tips": {"count": 1}, "contact": {"twitter": "farah_sidek", "facebook": "592531467"}, "firstName": "Farah", "gender": "female", "lastName": "Sidek", "id": "25319744", "bio": "", "photo": {"prefix": "https://igx.4sqi.net/img/user/", "suffix": "/KWGINIG42WBMTR4X.jpg"}, "homeCity": "Singapore", "lists": {"groups": [{"items": [], "count": 2, "type": "created"}]}}, {"tips": {"count": 0}, "contact": {"facebook": "100000464160492"}, "firstName": "Kesuma", "gender": "male", "lastName": "Supaar", "id": "4672687", "bio": "", "photo": {"prefix": "https://igx.4sqi.net/img/user/", "suffix": "/BJ4QNVINJKVBU5ET.jpg"}, "homeCity": "Singapore", "lists": {"groups": [{"items": [], "count": 2, "type": "created"}]}}, {"tips": {"count": 1}, "contact": {}, "firstName": "Gary", "gender": "male", "lastName": "Siow", "id": "4556227", "bio": "", "photo": {"prefix": "https://igx.4sqi.net/img/user/", "suffix": "/KN5LQILWTXAHUZ54.jpg"}, "homeCity": "Singapore", "lists": {"groups": [{"items": [], "count": 2, "type": "created"}]}}, {"tips": {"count": 1}, "contact": {"twitter": "lilinglim"}, "firstName": "Liling", "gender": "female", "lastName": "Lim", "id": "528491", "bio": "", "photo": {"prefix": "https://igx.4sqi.net/img/user/", "suffix": "/blank_girl.png", "default": true}, "homeCity": "Singapore", "lists": {"groups": [{"items": [], "count": 2, "type": "created"}]}}, {"tips": {"count": 16}, "contact": {"twitter": "eddiesky", "facebook": "573871685"}, "firstName": "Eddie", "gender": "male", "lastName": "Sky", "id": "235077", "bio": "http://eddiesky.com\r\n@eddiesky on Instagram and everywhere", "photo": {"prefix": "https://irs0.4sqi.net/img/user/", "suffix": "/-TNNTNQF5TPMXWS14.jpg"}, "homeCity": "Hong Kong / Macau", "lists": {"groups": [{"items": [], "count": 6, "type": "created"}]}}, {"tips": {"count": 0}, "contact": {"facebook": "760700331"}, "firstName": "Haslinah", "gender": "female", "lastName": "Hasim", "id": "5501877", "bio": "", "photo": {"prefix": "https://igx.4sqi.net/img/user/", "suffix": "/ZSF5YHN2KDA41A5K.jpg"}, "homeCity": "Singapore", "lists": {"groups": [{"items": [], "count": 2, "type": "created"}]}}, {"tips": {"count": 1}, "contact": {"facebook": "753895619"}, "firstName": "Garick", "gender": "male", "lastName": "Kea", "id": "1920386", "bio": "", "photo": {"prefix": "https://igx.4sqi.net/img/user/", "suffix": "/3X3QPT25Z5QF5LJS.jpg"}, "homeCity": "Singapore", "lists": {"groups": [{"items": [], "count": 2, "type": "created"}]}}, {"tips": {"count": 8}, "contact": {"twitter": "notaboutwill", "facebook": "570605169"}, "firstName": "Will", "gender": "male", "lastName": "Lee", "id": "661042", "bio": "", "photo": {"prefix": "https://igx.4sqi.net/img/user/", "suffix": "/VMF0RWAK4ECEHLI5.jpg"}, "homeCity": "Singapore", "lists": {"groups": [{"items": [], "count": 2, "type": "created"}]}}, {"tips": {"count": 10}, "contact": {"twitter": "mike_wieszcz"}, "firstName": "Dead", "gender": "male", "lastName": "Bard", "id": "1221145", "bio": "", "photo": {"prefix": "https://igx.4sqi.net/img/user/", "suffix": "/RJKMUR1CU4L3IFLZ.jpg"}, "homeCity": "Singapore", "lists": {"groups": [{"items": [], "count": 2, "type": "created"}]}}, {"tips": {"count": 82}, "contact": {"twitter": "kokkkiri", "facebook": "633177382"}, "firstName": "Nickie", "gender": "female", "lastName": "Hwang", "id": "638391", "bio": "Finding good food is my passion :-)", "photo": {"prefix": "https://igx.4sqi.net/img/user/", "suffix": "/638391-4OVS0URPPHWLPPY1.jpg"}, "homeCity": "Nowhere", "lists": {"groups": [{"items": [], "count": 16, "type": "created"}]}}, {"tips": {"count": 101}, "contact": {"twitter": "indianstallion", "facebook": "594556828"}, "firstName": "Gilbert", "gender": "male", "lastName": "Thomas", "id": "331612", "bio": "", "photo": {"prefix": "https://igx.4sqi.net/img/user/", "suffix": "/F1TXQD1TRCLSSWM0.jpg"}, "homeCity": "Singapore", "lists": {"groups": [{"items": [], "count": 6, "type": "created"}]}}, {"tips": {"count": 56}, "contact": {"twitter": "daisypop19", "facebook": "10153298404526703"}, "firstName": "Rachel", "gender": "female", "id": "73513234", "bio": "", "photo": {"prefix": "https://igx.4sqi.net/img/user/", "suffix": "/73513234-X0V4EVYDT3NAFWXN.jpg"}, "homeCity": "Singapore", "lists": {"groups": [{"items": [], "count": 17, "type": "created"}]}}, {"superuser": 2, "tips": {"count": 129}, "contact": {"twitter": "motorman", "facebook": "501120808"}, "firstName": "Julian", "gender": "male", "lastName": "Lim", "id": "138834", "bio": "", "photo": {"prefix": "https://igx.4sqi.net/img/user/", "suffix": "/138834-3WYPLZN22DBGUE5Z.jpg"}, "homeCity": "Simei, Singapore", "lists": {"groups": [{"items": [], "count": 14, "type": "created"}]}}, {"superuser": 2, "tips": {"count": 74}, "contact": {"twitter": "chufang", "facebook": "737265607"}, "firstName": "Estrella", "gender": "female", "lastName": "Chua", "id": "152534", "bio": "People call me Australia", "photo": {"prefix": "https://igx.4sqi.net/img/user/", "suffix": "/X5FXZZBXB3IZ0LXB.jpg"}, "homeCity": "Singapore", "lists": {"groups": [{"items": [], "count": 7, "type": "created"}]}}, {"tips": {"count": 2}, "contact": {"facebook": "778689808"}, "firstName": "Suriati", "gender": "female", "lastName": "Jamil", "id": "919546", "bio": "", "photo": {"prefix": "https://igx.4sqi.net/img/user/", "suffix": "/RAC4BBLPQAFQSGQN.jpg"}, "homeCity": "Singapore, ", "lists": {"groups": [{"items": [], "count": 2, "type": "created"}]}}, {"tips": {"count": 1}, "contact": {"twitter": "vikhel"}, "firstName": "Vikhel", "gender": "male", "id": "2591420", "bio": "", "photo": {"prefix": "https://igx.4sqi.net/img/user/", "suffix": "/blank_boy.png", "default": true}, "homeCity": "Singapore", "lists": {"groups": [{"items": [], "count": 2, "type": "created"}]}}, {"tips": {"count": 0}, "contact": {"facebook": "850175130"}, "firstName": "Jo-ann", "gender": "female", "lastName": "Huang", "id": "905427", "bio": "", "photo": {"prefix": "https://igx.4sqi.net/img/user/", "suffix": "/VTDHOSBL2HO1QPCB.jpg"}, "homeCity": "Singapore", "lists": {"groups": [{"items": [], "count": 2, "type": "created"}]}}, {"tips": {"count": 1}, "contact": {"twitter": "saia_retno", "facebook": "100003260883130"}, "firstName": "Riyanti", "gender": "female", "lastName": "syaidina", "id": "10983883", "bio": "Everyday pray to Allah", "photo": {"prefix": "https://igx.4sqi.net/img/user/", "suffix": "/YJKCN1RGN2FQGKZS.jpg"}, "homeCity": "Singapore ", "lists": {"groups": [{"items": [], "count": 2, "type": "created"}]}}, {"superuser": 2, "tips": {"count": 92}, "contact": {"twitter": "nickpan", "facebook": "500326531"}, "firstName": "Nicholas", "gender": "male", "lastName": "Pan", "id": "109018", "bio": "Family guy, Blogger, Web Producer in Singapore.", "photo": {"prefix": "https://igx.4sqi.net/img/user/", "suffix": "/EB55P43IJFWA1WYH.jpg"}, "homeCity": "Singapore", "lists": {"groups": [{"items": [], "count": 5, "type": "created"}]}}, {"tips": {"count": 0}, "contact": {"facebook": "10155344591185401"}, "firstName": "Aditya", "gender": "male", "lastName": "Saharia", "id": "60648867", "bio": "", "photo": {"prefix": "https://igx.4sqi.net/img/user/", "suffix": "/LJI3OGHTEGQ5NP0S.jpg"}, "homeCity": "Singapore", "lists": {"groups": [{"items": [], "count": 2, "type": "created"}]}}, {"tips": {"count": 154}, "contact": {}, "firstName": "Bevan", "gender": "female", "lastName": "Chuang", "id": "2105356", "bio": "Queen Bee", "photo": {"prefix": "https://igx.4sqi.net/img/user/", "suffix": "/2105356_fputgChy_Y6dmnnURMrwGVSDciLBK-CKczyJizbDXPm_kcEHs7iMIyvoiAGBf8ah_K7cfpKjk.jpg"}, "homeCity": "Mt Wellington, Auckland", "lists": {"groups": [{"items": [], "count": 8, "type": "created"}]}}, {"tips": {"count": 0}, "contact": {"facebook": "640063436"}, "firstName": "Cheryl", "gender": "female", "lastName": "Ang", "id": "37362684", "bio": "", "photo": {"prefix": "https://igx.4sqi.net/img/user/", "suffix": "/1Z3RZSYWEB4C03GB.jpg"}, "homeCity": "Dayton, OH", "lists": {"groups": [{"items": [], "count": 2, "type": "created"}]}}, {"tips": {"count": 16}, "contact": {}, "firstName": "Bernadine", "gender": "female", "lastName": "Reddy", "id": "27147591", "bio": "", "photo": {"prefix": "https://igx.4sqi.net/img/user/", "suffix": "/27147591-D53MLHY44H00NC1V.jpg"}, "homeCity": "Singapore", "lists": {"groups": [{"items": [], "count": 3, "type": "created"}]}}, {"tips": {"count": 25}, "contact": {"facebook": "874490112"}, "firstName": "Chris", "gender": "male", "lastName": "Chen", "id": "12265729", "bio": "", "photo": {"prefix": "https://igx.4sqi.net/img/user/", "suffix": "/TQBWKHQDOKJIPJWS.jpg"}, "homeCity": "Singapore", "lists": {"groups": [{"items": [], "count": 2, "type": "created"}]}}, {"tips": {"count": 123}, "contact": {"twitter": "onwilliam", "facebook": "1147358462"}, "firstName": "On", "gender": "female", "lastName": "William", "id": "16720871", "bio": "An insider's guide to Northbridge, Western Australia.", "photo": {"prefix": "https://igx.4sqi.net/img/user/", "suffix": "/FTWQOUGIXLUT4FCG.jpg"}, "homeCity": "Perth, Australia", "lists": {"groups": [{"items": [], "count": 7, "type": "created"}]}}, {"tips": {"count": 0}, "contact": {}, "firstName": "Han", "gender": "male", "id": "530383", "bio": "", "photo": {"prefix": "https://igx.4sqi.net/img/user/", "suffix": "/530383-1PGHZI3HMBSGN220.jpg"}, "homeCity": "Telok Blangah, Singapore", "lists": {"groups": [{"items": [], "count": 6, "type": "created"}]}}, {"tips": {"count": 12}, "contact": {"twitter": "missjavelynn", "facebook": "661812724"}, "firstName": "Javelynn", "gender": "female", "lastName": "H", "id": "235517", "bio": "Instagram: @jnatalielola", "photo": {"prefix": "https://igx.4sqi.net/img/user/", "suffix": "/235517-MZNJBGIKAS0UUGWB.jpg"}, "homeCity": "Singapore", "lists": {"groups": [{"items": [], "count": 4, "type": "created"}]}}, {"tips": {"count": 0}, "contact": {"twitter": "spkbxxx", "facebook": "598261663"}, "firstName": "Xin Chee", "gender": "male", "lastName": "Siew", "id": "5550784", "bio": "", "photo": {"prefix": "https://igx.4sqi.net/img/user/", "suffix": "/GC4DAHJTVYLMA2LW.jpg"}, "homeCity": "Singapore", "lists": {"groups": [{"items": [], "count": 2, "type": "created"}]}}, {"tips": {"count": 2}, "contact": {}, "firstName": "Roger", "gender": "male", "lastName": "Gan", "id": "4976047", "bio": "", "photo": {"prefix": "https://igx.4sqi.net/img/user/", "suffix": "/OFIE5M1SGWSEJD5L.jpg"}, "homeCity": "Singapore", "lists": {"groups": [{"items": [], "count": 2, "type": "created"}]}}, {"tips": {"count": 1}, "contact": {}, "firstName": "Janice", "gender": "female", "lastName": "Tan", "id": "1576896", "bio": "", "photo": {"prefix": "https://igx.4sqi.net/img/user/", "suffix": "/OFKJV3RPXT5LK0UL.jpg"}, "homeCity": "Singapore", "lists": {"groups": [{"items": [], "count": 2, "type": "created"}]}}, {"tips": {"count": 3}, "contact": {}, "firstName": "Perrine", "gender": "female", "id": "1224268", "bio": "", "photo": {"prefix": "https://igx.4sqi.net/img/user/", "suffix": "/0S0J54JAZVHC2WVV.jpg"}, "homeCity": "Singapore", "lists": {"groups": [{"items": [], "count": 2, "type": "created"}]}}, {"tips": {"count": 3}, "contact": {}, "firstName": "Elisa", "gender": "female", "lastName": "Low", "id": "759708", "bio": "", "photo": {"prefix": "https://igx.4sqi.net/img/user/", "suffix": "/XQBZJHBXOZRS0GOI.jpg"}, "homeCity": "Singapore", "lists": {"groups": [{"items": [], "count": 2, "type": "created"}]}}, {"tips": {"count": 6}, "contact": {"twitter": "rynaque"}, "firstName": "rynaQUE", "gender": "female", "lastName": "Xnizerly", "id": "379882", "bio": "", "photo": {"prefix": "https://igx.4sqi.net/img/user/", "suffix": "/1TKBDVKH01ELCCYB.jpg"}, "homeCity": "Singapore", "lists": {"groups": [{"items": [], "count": 2, "type": "created"}]}}, {"tips": {"count": 1}, "contact": {}, "firstName": "Jaron", "gender": "male", "lastName": "Chan", "id": "1057684", "bio": "", "photo": {"prefix": "https://igx.4sqi.net/img/user/", "suffix": "/TTVRWNO1KFIOSZTQ.jpg"}, "homeCity": "Singapore", "lists": {"groups": [{"items": [], "count": 2, "type": "created"}]}}, {"superuser": 2, "tips": {"count": 82}, "contact": {"twitter": "sheiwah", "facebook": "694679873"}, "firstName": "Shei Wah", "gender": "male", "lastName": "Tan", "id": "153319", "bio": "", "photo": {"prefix": "https://igx.4sqi.net/img/user/", "suffix": "/153319-DITJPQAEP2FY1IMK.jpg"}, "homeCity": "Singapore", "lists": {"groups": [{"items": [], "count": 4, "type": "created"}]}}, {"tips": {"count": 4}, "contact": {"twitter": "sivolga", "facebook": "1048425686"}, "firstName": "wolga", "gender": "male", "lastName": "setyanto", "id": "927791", "bio": "", "photo": {"prefix": "https://igx.4sqi.net/img/user/", "suffix": "/TW4YXWINNYKLYO4T.jpg"}, "homeCity": "Jakarta, Indonesia", "lists": {"groups": [{"items": [], "count": 2, "type": "created"}]}}, {"tips": {"count": 1}, "contact": {"twitter": "r0xie", "facebook": "500848942"}, "firstName": "Rox", "gender": "female", "id": "2670577", "bio": "", "photo": {"prefix": "https://igx.4sqi.net/img/user/", "suffix": "/EOS5SORE54UFG15O.jpg"}, "homeCity": "Singapore", "lists": {"groups": [{"items": [], "count": 2, "type": "created"}]}}, {"tips": {"count": 7}, "contact": {"twitter": "persephone000"}, "firstName": "Persephone", "gender": "none", "lastName": "L", "id": "2101731", "bio": "", "photo": {"prefix": "https://igx.4sqi.net/img/user/", "suffix": "/5LARJYB53OWPQL0R.jpg"}, "homeCity": "Singapore", "lists": {"groups": [{"items": [], "count": 2, "type": "created"}]}}, {"tips": {"count": 108}, "contact": {"twitter": "jun_wee"}, "firstName": "Jun", "gender": "female", "lastName": "Wee", "id": "23099452", "bio": "My life is - Travel, adventure, culture, food, fashion | | Instagram: @unlikelyyou | www.fashionbyunlikelyyou.com", "photo": {"prefix": "https://igx.4sqi.net/img/user/", "suffix": "/23099452-ZA3QM5FIQCWVPTDK.jpg"}, "homeCity": "Singapore", "lists": {"groups": [{"items": [], "count": 15, "type": "created"}]}}, {"tips": {"count": 7}, "contact": {"facebook": "10153305795082881"}, "firstName": "Martin", "gender": "male", "lastName": "Henwood", "id": "500729", "bio": "", "photo": {"prefix": "https://igx.4sqi.net/img/user/", "suffix": "/LL5TTQC2ICGU3LLV.jpg"}, "homeCity": "Singapore, SG", "lists": {"groups": [{"items": [], "count": 6, "type": "created"}]}}, {"tips": {"count": 8}, "contact": {}, "firstName": "Charmane", "gender": "female", "lastName": "Foo", "id": "6750056", "bio": "", "photo": {"prefix": "https://igx.4sqi.net/img/user/", "suffix": "/VKPAMUWSXFCFZXCN.jpg"}, "homeCity": "Singapore", "lists": {"groups": [{"items": [], "count": 2, "type": "created"}]}}, {"tips": {"count": 0}, "contact": {"facebook": "501043388"}, "firstName": "Lax", "gender": "female", "lastName": "Nadeshka", "id": "37955833", "bio": "", "photo": {"prefix": "https://igx.4sqi.net/img/user/", "suffix": "/blank_girl.png", "default": true}, "homeCity": "Singapore", "lists": {"groups": [{"items": [], "count": 2, "type": "created"}]}}, {"tips": {"count": 0}, "contact": {"facebook": "565206884"}, "firstName": "Li Wei", "gender": "male", "lastName": "Wee", "id": "39558677", "bio": "", "photo": {"prefix": "https://igx.4sqi.net/img/user/", "suffix": "/24ZORQIPUB2IOZKQ.jpg"}, "homeCity": "New York, NY", "lists": {"groups": [{"items": [], "count": 2, "type": "created"}]}}, {"tips": {"count": 4}, "contact": {"twitter": "loueyloulou", "facebook": "668196677"}, "firstName": "Louisana", "gender": "female", "lastName": "Wong", "id": "241443", "bio": "", "photo": {"prefix": "https://igx.4sqi.net/img/user/", "suffix": "/5GGSO5D3AUOIH305.jpg"}, "homeCity": "Singapore", "lists": {"groups": [{"items": [], "count": 2, "type": "created"}]}}, {"tips": {"count": 5}, "contact": {"facebook": "746848322"}, "firstName": "Putri", "gender": "female", "id": "6072533", "bio": "", "photo": {"prefix": "https://igx.4sqi.net/img/user/", "suffix": "/6072533-V2IMR2YPDHBERPTK.jpg"}, "homeCity": "Singapore", "lists": {"groups": [{"items": [], "count": 2, "type": "created"}]}}, {"tips": {"count": 0}, "contact": {}, "firstName": "Heyitsuwe", "gender": "male", "id": "52012747", "bio": "Life is better when you're traveling! \r\n\r\nInstagram: @heyitsuwe\r\nTwitter: @heyitsuwe\r\n\r\nwww.heyitsuwe.de\r\n\r\nwww.facebook.com/peukert.uwe", "photo": {"prefix": "https://igx.4sqi.net/img/user/", "suffix": "/52012747-JCI5U4YU2105YNDG.jpg"}, "homeCity": "Karlsruhe, Deutschland", "lists": {"groups": [{"items": [], "count": 2, "type": "created"}]}}, {"tips": {"count": 49}, "contact": {}, "firstName": "Pagan", "gender": "female", "lastName": "Chee", "id": "5186399", "bio": "", "photo": {"prefix": "https://igx.4sqi.net/img/user/", "suffix": "/EIU5NBAPODJWL5ND.jpg"}, "homeCity": "Kuala Lumpur, Malaysia", "lists": {"groups": [{"items": [], "count": 6, "type": "created"}]}}, {"tips": {"count": 17}, "contact": {}, "firstName": "Vinay", "gender": "male", "lastName": "M", "id": "1613065", "bio": "", "photo": {"prefix": "https://igx.4sqi.net/img/user/", "suffix": "/NA3LTDWNUDUD4X2L.jpg"}, "homeCity": "Singapore", "lists": {"groups": [{"items": [], "count": 2, "type": "created"}]}}, {"tips": {"count": 4}, "contact": {}, "firstName": "Keith", "gender": "male", "lastName": "Timimi", "id": "1673677", "bio": "", "photo": {"prefix": "https://igx.4sqi.net/img/user/", "suffix": "/JCXRKDCRUU52PXOA.jpg"}, "homeCity": "Hythe, Hampshire", "lists": {"groups": [{"items": [], "count": 2, "type": "created"}]}}, {"tips": {"count": 217}, "contact": {"twitter": "ishanchatterjee", "facebook": "10153019700655466"}, "firstName": "Ishan", "gender": "male", "lastName": "Chatterjee", "id": "1940408", "bio": "Always on the hunt for good food.", "photo": {"prefix": "https://igx.4sqi.net/img/user/", "suffix": "/1940408-FVYJWQGLA4B5HBKX.jpg"}, "homeCity": "Singapore", "lists": {"groups": [{"items": [], "count": 11, "type": "created"}]}}, {"tips": {"count": 1}, "contact": {"facebook": "654997853"}, "firstName": "Loo", "gender": "female", "lastName": "Evelyn", "id": "1560357", "bio": "", "photo": {"prefix": "https://igx.4sqi.net/img/user/", "suffix": "/YARPUCLHWGGOLZSH.jpg"}, "homeCity": "Singapore", "lists": {"groups": [{"items": [], "count": 2, "type": "created"}]}}, {"tips": {"count": 62}, "contact": {"twitter": "hanbonjovi", "facebook": "500715334"}, "firstName": "Soohan", "gender": "male", "lastName": "Han", "id": "154956", "bio": "", "photo": {"prefix": "https://igx.4sqi.net/img/user/", "suffix": "/DQXO324T4BX5U3GA.jpg"}, "homeCity": "Singapore", "lists": {"groups": [{"items": [], "count": 2, "type": "created"}]}}, {"tips": {"count": 21}, "contact": {"twitter": "hyperconnection", "facebook": "530618098"}, "firstName": "Tim", "gender": "male", "lastName": "Wu", "id": "931004", "bio": "", "photo": {"prefix": "https://igx.4sqi.net/img/user/", "suffix": "/IUCU25FA1ENCJDZT.jpg"}, "homeCity": "Singapore", "lists": {"groups": [{"items": [], "count": 3, "type": "created"}]}}, {"tips": {"count": 9}, "contact": {"facebook": "715279596"}, "firstName": "ilyas", "gender": "male", "id": "3211424", "bio": "", "photo": {"prefix": "https://igx.4sqi.net/img/user/", "suffix": "/CUSZYIE2SM1BF1NW.jpg"}, "homeCity": "Singapore", "lists": {"groups": [{"items": [], "count": 2, "type": "created"}]}}, {"tips": {"count": 4}, "contact": {"facebook": "10156543728955237"}, "firstName": "Namrata", "gender": "female", "lastName": "Sen", "id": "143860918", "bio": "", "photo": {"prefix": "https://igx.4sqi.net/img/user/", "suffix": "/143860918-MSRIY212TWTUSTUI.jpg"}, "homeCity": "Singapore", "lists": {"groups": [{"items": [], "count": 2, "type": "created"}]}}, {"tips": {"count": 17}, "contact": {"facebook": "753896659"}, "firstName": "Bel", "gender": "female", "lastName": "Ragay", "id": "11759450", "bio": "", "photo": {"prefix": "https://igx.4sqi.net/img/user/", "suffix": "/11759450_GbnPJCZE_JpbzP8qyQiITZN5tkrJtqu-mkDuupah8d_qGRf-47zQYdHtCUumBu2Rf6iiQKlLH.jpg"}, "homeCity": "San Francisco", "lists": {"groups": [{"items": [], "count": 2, "type": "created"}]}}, {"tips": {"count": 7}, "contact": {"facebook": "100000057194670"}, "firstName": "Noel", "gender": "male", "lastName": "Mazlan", "id": "13686247", "bio": "", "photo": {"prefix": "https://igx.4sqi.net/img/user/", "suffix": "/ZRJDJTD4HZHPYFXZ.jpg"}, "homeCity": "Singapore", "lists": {"groups": [{"items": [], "count": 2, "type": "created"}]}}, {"tips": {"count": 0}, "contact": {"twitter": "seantsg", "facebook": "619160728"}, "firstName": "Sean", "gender": "male", "lastName": "Thambiah", "id": "11462707", "bio": "", "photo": {"prefix": "https://igx.4sqi.net/img/user/", "suffix": "/ISU5DUPYYYYDR3MS.jpg"}, "homeCity": "Singapore", "lists": {"groups": [{"items": [], "count": 2, "type": "created"}]}}, {"tips": {"count": 12}, "contact": {"facebook": "571198306"}, "firstName": "Sandra", "gender": "female", "lastName": "Dean", "id": "2384808", "bio": "", "photo": {"prefix": "https://igx.4sqi.net/img/user/", "suffix": "/EKBMTXMCHXHIAAFO.jpg"}, "homeCity": "Singapore", "lists": {"groups": [{"items": [], "count": 2, "type": "created"}]}}, {"tips": {"count": 3}, "contact": {}, "firstName": "Nicole", "gender": "female", "lastName": "Nilar", "id": "1745885", "bio": "", "photo": {"prefix": "https://igx.4sqi.net/img/user/", "suffix": "/DOXXT3IF2UUMUELA.jpg"}, "homeCity": "Singapore", "lists": {"groups": [{"items": [], "count": 2, "type": "created"}]}}, {"tips": {"count": 14}, "contact": {}, "firstName": "Muhd", "gender": "male", "lastName": "Hazlee", "id": "3129979", "bio": "", "photo": {"prefix": "https://igx.4sqi.net/img/user/", "suffix": "/RROSCOFMLJ5WQNXT.jpg"}, "homeCity": "Singapore", "lists": {"groups": [{"items": [], "count": 2, "type": "created"}]}}, {"tips": {"count": 0}, "contact": {"facebook": "588357185"}, "firstName": "Yeazid", "gender": "male", "lastName": "Tamrend", "id": "1907506", "bio": "", "photo": {"prefix": "https://igx.4sqi.net/img/user/", "suffix": "/HEQNC4MF52KFLEDX.jpg"}, "homeCity": "Singapore", "lists": {"groups": [{"items": [], "count": 2, "type": "created"}]}}, {"tips": {"count": 1}, "contact": {}, "firstName": "Cecilia", "gender": "female", "lastName": "Toh", "id": "964495", "bio": "", "photo": {"prefix": "https://igx.4sqi.net/img/user/", "suffix": "/STNNWEAZJWAR4NMX.jpg"}, "homeCity": "Singapore", "lists": {"groups": [{"items": [], "count": 2, "type": "created"}]}}, {"tips": {"count": 0}, "contact": {"facebook": "579826398"}, "firstName": "Muhammad", "gender": "male", "lastName": "Ismail", "id": "3274349", "bio": "", "photo": {"prefix": "https://igx.4sqi.net/img/user/", "suffix": "/4MS1K21HCWFYUVEX.jpg"}, "homeCity": "Singapore", "lists": {"groups": [{"items": [], "count": 2, "type": "created"}]}}, {"tips": {"count": 0}, "contact": {}, "firstName": "Sakula", "gender": "female", "lastName": "Yi ki", "id": "185570977", "bio": "", "photo": {"prefix": "https://igx.4sqi.net/img/user/", "suffix": "/185570977-0L4JPJWXFVH5S4PC.png"}, "homeCity": "Shanghai, 23", "lists": {"groups": [{"items": [], "count": 2, "type": "created"}]}}, {"tips": {"count": 21}, "contact": {"facebook": "1005151653"}, "firstName": "Juliana", "gender": "female", "lastName": "Salleh", "id": "66455442", "bio": "", "photo": {"prefix": "https://igx.4sqi.net/img/user/", "suffix": "/0DF5QKTX0SHYUEUS.jpg"}, "homeCity": "Singapore, 00", "lists": {"groups": [{"items": [], "count": 2, "type": "created"}]}}, {"tips": {"count": 3}, "contact": {"twitter": "mezame", "facebook": "727783731"}, "firstName": "Mezame", "gender": "male", "id": "2924802", "bio": "", "photo": {"prefix": "https://igx.4sqi.net/img/user/", "suffix": "/W4K3EGFTG50RTEPH.jpg"}, "homeCity": "Singapore", "lists": {"groups": [{"items": [], "count": 2, "type": "created"}]}}, {"tips": {"count": 1}, "contact": {"twitter": "mlindj"}, "firstName": "Michael", "gender": "male", "lastName": "Lin", "id": "3450072", "bio": "", "photo": {"prefix": "https://igx.4sqi.net/img/user/", "suffix": "/CCQBRJFPMPVUKJHF.jpg"}, "homeCity": "Singapore", "lists": {"groups": [{"items": [], "count": 2, "type": "created"}]}}, {"tips": {"count": 0}, "contact": {"twitter": "zimint", "facebook": "617173941"}, "firstName": "Zimintz", "gender": "female", "lastName": "Liu", "id": "5110713", "bio": "", "photo": {"prefix": "https://igx.4sqi.net/img/user/", "suffix": "/3ZQ4INNUOZ13X2FI.jpg"}, "homeCity": "Singapore", "lists": {"groups": [{"items": [], "count": 2, "type": "created"}]}}, {"tips": {"count": 82}, "contact": {"twitter": "leonchia", "facebook": "529548698"}, "firstName": "Leon", "gender": "male", "lastName": "Chia", "id": "1907590", "bio": "", "photo": {"prefix": "https://igx.4sqi.net/img/user/", "suffix": "/AWK4E5GYT0L5LGQH.jpg"}, "homeCity": "Singapore", "lists": {"groups": [{"items": [], "count": 8, "type": "created"}]}}, {"tips": {"count": 9}, "contact": {"twitter": "fashfasfwd"}, "firstName": "Topshop & Topman", "gender": "female", "id": "1207342", "bio": "", "photo": {"prefix": "https://igx.4sqi.net/img/user/", "suffix": "/PUM4CZLBLSJHYZOP.jpg"}, "homeCity": "Singapore", "lists": {"groups": [{"items": [], "count": 2, "type": "created"}]}}, {"tips": {"count": 11}, "contact": {"twitter": "missmandyylyn"}, "firstName": "Mandy", "gender": "female", "lastName": "Lynn", "id": "3430802", "bio": "\u5922\u3092\u8ffd\u3044 \ud83c\udf3e\nwww.gourmetadventures.net", "photo": {"prefix": "https://igx.4sqi.net/img/user/", "suffix": "/3430802_YhVC7Rbl_E0kv7Ihn9ZtoPQGdF016Ld9hCw-elY48XELA2EFqBI0GrTTKh6piY7dx0BJGINAG.jpg"}, "homeCity": "Tokyo", "lists": {"groups": [{"items": [], "count": 2, "type": "created"}]}}, {"tips": {"count": 0}, "contact": {}, "firstName": "Julz", "gender": "male", "lastName": "Fadlee", "id": "3877230", "bio": "", "photo": {"prefix": "https://igx.4sqi.net/img/user/", "suffix": "/blank_boy.png", "default": true}, "homeCity": "Singapore", "lists": {"groups": [{"items": [], "count": 2, "type": "created"}]}}, {"tips": {"count": 0}, "contact": {"twitter": "zurinabryant", "facebook": "628461514"}, "firstName": "Zurina", "gender": "female", "lastName": "Bryant", "id": "5397843", "bio": "", "photo": {"prefix": "https://igx.4sqi.net/img/user/", "suffix": "/5397843-1D0PKJS2YFDATO2S.jpg"}, "homeCity": "Singapore", "lists": {"groups": [{"items": [], "count": 2, "type": "created"}]}}, {"tips": {"count": 0}, "contact": {"facebook": "10152944967590097"}, "firstName": "Shaun", "gender": "male", "lastName": "Lim", "id": "109045837", "bio": "", "photo": {"prefix": "https://igx.4sqi.net/img/user/", "suffix": "/109045837-3K0JXTBLBAPFUKU0.jpg"}, "homeCity": "Fremont, California", "lists": {"groups": [{"items": [], "count": 2, "type": "created"}]}}, {"tips": {"count": 1}, "contact": {"twitter": "niathenia", "facebook": "686044418"}, "firstName": "Ethenia", "gender": "female", "lastName": "Novianty", "id": "1287784", "bio": "", "photo": {"prefix": "https://igx.4sqi.net/img/user/", "suffix": "/5DVQGBP33V1PZIXC.jpg"}, "homeCity": "Depok, Indonesia", "lists": {"groups": [{"items": [], "count": 2, "type": "created"}]}}, {"tips": {"count": 1}, "contact": {"facebook": "100000003667802"}, "firstName": "Yeo", "gender": "male", "lastName": "Sing", "id": "4129293", "bio": "", "photo": {"prefix": "https://igx.4sqi.net/img/user/", "suffix": "/blank_boy.png", "default": true}, "homeCity": "Singapore", "lists": {"groups": [{"items": [], "count": 2, "type": "created"}]}}, {"tips": {"count": 1}, "contact": {"facebook": "650476670"}, "firstName": "Kingston", "gender": "male", "lastName": "Chen", "id": "23092004", "bio": "", "photo": {"prefix": "https://igx.4sqi.net/img/user/", "suffix": "/IU1VZDDVDDWRQDJC.jpg"}, "homeCity": "New York, NY", "lists": {"groups": [{"items": [], "count": 2, "type": "created"}]}}, {"tips": {"count": 0}, "contact": {"facebook": "1645029421"}, "firstName": "Oktafian", "gender": "male", "lastName": "Nugraha", "id": "82304592", "bio": "", "photo": {"prefix": "https://igx.4sqi.net/img/user/", "suffix": "/82304592-DWGN2AKZQT4OAQZ3.jpg"}, "homeCity": "Jakarta, Daerah Khusus Ibukota Jakarta", "lists": {"groups": [{"items": [], "count": 2, "type": "created"}]}}, {"tips": {"count": 11}, "contact": {}, "firstName": "Fenny", "gender": "female", "lastName": "Tjandradinata", "id": "1307917", "bio": "", "photo": {"prefix": "https://igx.4sqi.net/img/user/", "suffix": "/SMP1H5QGSFKZZ5KG.jpg"}, "homeCity": "Jakarta, Indonesia", "lists": {"groups": [{"items": [], "count": 2, "type": "created"}]}}, {"tips": {"count": 1}, "contact": {"facebook": "614801752"}, "firstName": "Felicia", "gender": "female", "lastName": "Chan", "id": "5802854", "bio": "", "photo": {"prefix": "https://igx.4sqi.net/img/user/", "suffix": "/0D0I3JAZI0WRLBDL.jpg"}, "homeCity": "Singapore", "lists": {"groups": [{"items": [], "count": 2, "type": "created"}]}}, {"tips": {"count": 6}, "contact": {"facebook": "715238652"}, "firstName": "Yanfeng", "gender": "male", "lastName": "Lee", "id": "1393709", "bio": "", "photo": {"prefix": "https://igx.4sqi.net/img/user/", "suffix": "/FC3IZDTOHCMVS10M.jpg"}, "homeCity": "Singapore", "lists": {"groups": [{"items": [], "count": 2, "type": "created"}]}}, {"tips": {"count": 1}, "contact": {"twitter": "shan0042", "facebook": "690405356"}, "firstName": "Shankar", "gender": "male", "lastName": "Krishnamurthy", "id": "6384637", "bio": "", "photo": {"prefix": "https://igx.4sqi.net/img/user/", "suffix": "/KO3UVW5XLWU14TX5.jpg"}, "homeCity": "Singapore", "lists": {"groups": [{"items": [], "count": 2, "type": "created"}]}}, {"tips": {"count": 10}, "contact": {"twitter": "xxgiexochloexx", "facebook": "740539040"}, "firstName": "Gie_Chloe", "gender": "female", "lastName": "E", "id": "1534770", "bio": "", "photo": {"prefix": "https://igx.4sqi.net/img/user/", "suffix": "/1534770_3tOjRZJw_fF1DFXC3Y5pGN5lCY9JPnyDb3AAJc0wtRlbB6a15r_-CJuwz-IR9t8EGC9HqgbYq.jpg"}, "homeCity": "Singapore", "lists": {"groups": [{"items": [], "count": 2, "type": "created"}]}}, {"tips": {"count": 0}, "contact": {}, "firstName": "Preethi", "gender": "female", "lastName": "Sanjeevi", "id": "1625411", "bio": "", "photo": {"prefix": "https://igx.4sqi.net/img/user/", "suffix": "/YG3CIVUCNGJTEIGH.jpg"}, "homeCity": "Bedok, Singapore", "lists": {"groups": [{"items": [], "count": 2, "type": "created"}]}}, {"tips": {"count": 8}, "contact": {"twitter": "aberdeener", "facebook": "656191238"}, "firstName": "Aberdeen", "gender": "male", "lastName": "Chan", "id": "1639111", "bio": "", "photo": {"prefix": "https://igx.4sqi.net/img/user/", "suffix": "/20RCDXJVELS35LG0.jpg"}, "homeCity": "Singapore", "lists": {"groups": [{"items": [], "count": 2, "type": "created"}]}}, {"tips": {"count": 0}, "contact": {}, "firstName": "capitano", "gender": "male", "lastName": "wan", "id": "1708995", "bio": "", "photo": {"prefix": "https://igx.4sqi.net/img/user/", "suffix": "/O2BD0CESUL1RLR1V.jpg"}, "homeCity": "Singapore", "lists": {"groups": [{"items": [], "count": 2, "type": "created"}]}}, {"tips": {"count": 0}, "contact": {}, "firstName": "Kenneth", "gender": "male", "lastName": "Koh", "id": "2033489", "bio": "", "photo": {"prefix": "https://igx.4sqi.net/img/user/", "suffix": "/0BIHGVKUNDOTBT2L.jpg"}, "homeCity": "Singapore", "lists": {"groups": [{"items": [], "count": 2, "type": "created"}]}}, {"tips": {"count": 10}, "contact": {"twitter": "dmelius"}, "firstName": "Duane", "gender": "male", "lastName": "Melius", "id": "2406887", "bio": "", "photo": {"prefix": "https://igx.4sqi.net/img/user/", "suffix": "/KLLAQTSUATD0O5C0.jpg"}, "homeCity": "Swadlincote, Derbyshire", "lists": {"groups": [{"items": [], "count": 2, "type": "created"}]}}, {"tips": {"count": 0}, "contact": {"facebook": "509423312"}, "firstName": "Syed Soufie", "gender": "male", "lastName": "Alqudsi", "id": "3713226", "bio": "", "photo": {"prefix": "https://igx.4sqi.net/img/user/", "suffix": "/ZYAEBN031F2Y3YYW.jpg"}, "homeCity": "Singapore", "lists": {"groups": [{"items": [], "count": 2, "type": "created"}]}}, {"tips": {"count": 2}, "contact": {"twitter": "schrodingersam", "facebook": "10152774775976234"}, "firstName": "Samuel", "gender": "male", "lastName": "Wee", "id": "4597918", "bio": "", "photo": {"prefix": "https://igx.4sqi.net/img/user/", "suffix": "/G0XSNTXIYQ0H1O05.jpg"}, "homeCity": "Singapore", "lists": {"groups": [{"items": [], "count": 2, "type": "created"}]}}, {"tips": {"count": 55}, "contact": {"facebook": "786804424"}, "firstName": "Lynn", "gender": "female", "lastName": "Dolphiny", "id": "5262418", "bio": "\ud83d\udc97A lways love like there's no tmr.. \ud83d\udc97", "photo": {"prefix": "https://igx.4sqi.net/img/user/", "suffix": "/X0B0SM14VL0AICXA.jpg"}, "homeCity": "Singapore", "lists": {"groups": [{"items": [], "count": 2, "type": "created"}]}}, {"tips": {"count": 4}, "contact": {"facebook": "587136897"}, "firstName": "Sara", "gender": "female", "lastName": "Cheok", "id": "5964452", "bio": "", "photo": {"prefix": "https://igx.4sqi.net/img/user/", "suffix": "/URL4CD43302BOAWC.jpg"}, "homeCity": "Singapore", "lists": {"groups": [{"items": [], "count": 2, "type": "created"}]}}], "count": 98}, "checksum": "307787a4f5cf4db87c8adb348121332d0fb8b72a"}, "meta": {"requestId": "5965bb0e4c1f67705aa7d4b4", "code": 200}}