{"notifications": [{"type": "notificationTray", "item": {"unreadCount": 0}}], "response": {"friends": {"items": [{"tips": {"count": 1}, "contact": {}, "firstName": "Terrence", "gender": "male", "lastName": "Tham", "id": "4462673", "bio": "", "photo": {"prefix": "https://igx.4sqi.net/img/user/", "suffix": "/blank_boy.png", "default": true}, "homeCity": "Singapore", "lists": {"groups": [{"items": [], "count": 2, "type": "created"}]}}, {"tips": {"count": 1}, "contact": {"facebook": "604155169"}, "firstName": "Clara", "gender": "female", "lastName": "Tan", "id": "2105919", "bio": "", "photo": {"prefix": "https://igx.4sqi.net/img/user/", "suffix": "/5NRONQ1LT2FLRHG0.jpg"}, "homeCity": "Singapore", "lists": {"groups": [{"items": [], "count": 2, "type": "created"}]}}, {"tips": {"count": 1}, "contact": {"facebook": "532169898"}, "firstName": "P", "gender": "female", "lastName": "T", "id": "26976976", "bio": "", "photo": {"prefix": "https://igx.4sqi.net/img/user/", "suffix": "/VXFFTNEBP24DDYGJ.jpg"}, "homeCity": "New York, NY", "lists": {"groups": [{"items": [], "count": 2, "type": "created"}]}}, {"tips": {"count": 0}, "contact": {"facebook": "574267809"}, "firstName": "aaron", "gender": "male", "lastName": "ah nan", "id": "3770983", "bio": "", "photo": {"prefix": "https://igx.4sqi.net/img/user/", "suffix": "/3770983-4Q00KVC0ZPVFSLZW.jpg"}, "homeCity": "Singapore", "lists": {"groups": [{"items": [], "count": 2, "type": "created"}]}}, {"tips": {"count": 0}, "contact": {"facebook": "793749024"}, "firstName": "Lawrence", "gender": "male", "lastName": "Chong", "id": "5828254", "bio": "", "photo": {"prefix": "https://igx.4sqi.net/img/user/", "suffix": "/5UFG0NPPA0VI2YZK.jpg"}, "homeCity": "Unnamed Location", "lists": {"groups": [{"items": [], "count": 2, "type": "created"}]}}, {"tips": {"count": 1}, "contact": {}, "firstName": "Terence", "gender": "male", "lastName": "Lee", "id": "2744871", "bio": "", "photo": {"prefix": "https://igx.4sqi.net/img/user/", "suffix": "/OGUIJSIHAQRUCRZG.jpg"}, "homeCity": "Singapore", "lists": {"groups": [{"items": [], "count": 2, "type": "created"}]}}, {"tips": {"count": 0}, "contact": {"facebook": "702302702"}, "firstName": "Andy", "gender": "male", "lastName": "Wee", "id": "4024727", "bio": "", "photo": {"prefix": "https://igx.4sqi.net/img/user/", "suffix": "/C1CNX4XJX5CPUAL5.jpg"}, "homeCity": "Singapore", "lists": {"groups": [{"items": [], "count": 2, "type": "created"}]}}, {"tips": {"count": 2}, "contact": {"facebook": "612685094"}, "firstName": "Jameson", "gender": "male", "lastName": "Sow", "id": "1223995", "bio": "", "photo": {"prefix": "https://igx.4sqi.net/img/user/", "suffix": "/KN5DMT2ZY0GSL5IT.jpg"}, "homeCity": "Singapore", "lists": {"groups": [{"items": [], "count": 2, "type": "created"}]}}, {"tips": {"count": 12}, "contact": {"facebook": "730426396"}, "firstName": "Mike", "gender": "male", "lastName": "See", "id": "646215", "bio": "", "photo": {"prefix": "https://igx.4sqi.net/img/user/", "suffix": "/IYTFHDDL4SNOZAZM.jpg"}, "homeCity": "Singapore", "lists": {"groups": [{"items": [], "count": 2, "type": "created"}]}}, {"tips": {"count": 1}, "contact": {"facebook": "621337332"}, "firstName": "huiying", "gender": "female", "lastName": "sun", "id": "767440", "bio": "", "photo": {"prefix": "https://igx.4sqi.net/img/user/", "suffix": "/X13UHAPZMCQJOELL.jpg"}, "homeCity": "Singapore", "lists": {"groups": [{"items": [], "count": 2, "type": "created"}]}}, {"tips": {"count": 4}, "contact": {"twitter": "jocelyntoh", "facebook": "783603282"}, "firstName": "Jocelyn", "gender": "female", "lastName": "Toh", "id": "3348120", "bio": "", "photo": {"prefix": "https://igx.4sqi.net/img/user/", "suffix": "/INV5E2EOT4N0FTDE.jpg"}, "homeCity": "Singapore", "lists": {"groups": [{"items": [], "count": 2, "type": "created"}]}}, {"tips": {"count": 5}, "contact": {"facebook": "698994260"}, "firstName": "Kim", "gender": "female", "lastName": "Frances", "id": "1761498", "bio": "", "photo": {"prefix": "https://igx.4sqi.net/img/user/", "suffix": "/1761498-WMCBCL1QUGDGNVZR.jpg"}, "homeCity": "Singapore", "lists": {"groups": [{"items": [], "count": 2, "type": "created"}]}}, {"tips": {"count": 1}, "contact": {"facebook": "603195664"}, "firstName": "Vicki", "gender": "female", "lastName": "Chan", "id": "1392599", "bio": "", "photo": {"prefix": "https://igx.4sqi.net/img/user/", "suffix": "/blank_girl.png", "default": true}, "homeCity": "Singapore", "lists": {"groups": [{"items": [], "count": 2, "type": "created"}]}}, {"tips": {"count": 0}, "contact": {}, "firstName": "Joey", "gender": "none", "id": "3214917", "bio": "", "photo": {"prefix": "https://igx.4sqi.net/img/user/", "suffix": "/blank_boy.png", "default": true}, "homeCity": "Singapore", "lists": {"groups": [{"items": [], "count": 2, "type": "created"}]}}, {"tips": {"count": 0}, "contact": {}, "firstName": "Adeline", "gender": "female", "lastName": "Liew", "id": "8344144", "bio": "", "photo": {"prefix": "https://igx.4sqi.net/img/user/", "suffix": "/8344144-SX5ZZ2IJ0JUHJCRI.jpg"}, "homeCity": "Singapore", "lists": {"groups": [{"items": [], "count": 2, "type": "created"}]}}, {"tips": {"count": 0}, "contact": {"twitter": "pinkishk1ss"}, "firstName": "Grace S.", "gender": "female", "lastName": "Ta", "id": "4468501", "bio": "", "photo": {"prefix": "https://igx.4sqi.net/img/user/", "suffix": "/4468501-0AV4YEO4W25JM2YN.jpg"}, "homeCity": "", "lists": {"groups": [{"items": [], "count": 2, "type": "created"}]}}, {"tips": {"count": 0}, "contact": {"facebook": "509991316"}, "firstName": "Aaron", "gender": "male", "lastName": "Yip", "id": "6855308", "bio": "", "photo": {"prefix": "https://igx.4sqi.net/img/user/", "suffix": "/XPTWVOSTN2BQTC2B.jpg"}, "homeCity": "Singapore", "lists": {"groups": [{"items": [], "count": 2, "type": "created"}]}}, {"tips": {"count": 0}, "contact": {"facebook": "585265944"}, "firstName": "Violet", "gender": "female", "lastName": "Ng Tan", "id": "82167519", "bio": "", "photo": {"prefix": "https://igx.4sqi.net/img/user/", "suffix": "/82167519-4GENFUCW00FMD4OG.jpg"}, "homeCity": "Singapore", "lists": {"groups": [{"items": [], "count": 2, "type": "created"}]}}, {"tips": {"count": 4}, "contact": {"facebook": "704351316"}, "firstName": "William", "gender": "male", "lastName": "Ho", "id": "11172124", "bio": "", "photo": {"prefix": "https://igx.4sqi.net/img/user/", "suffix": "/JVZ1RFZ1HAGIYEUK.jpg"}, "homeCity": "Singapore", "lists": {"groups": [{"items": [], "count": 2, "type": "created"}]}}, {"tips": {"count": 0}, "contact": {"facebook": "532769618"}, "firstName": "Bodie", "gender": "male", "lastName": "Chin", "id": "3594754", "bio": "", "photo": {"prefix": "https://igx.4sqi.net/img/user/", "suffix": "/blank_boy.png", "default": true}, "homeCity": "Singapore", "lists": {"groups": [{"items": [], "count": 2, "type": "created"}]}}, {"tips": {"count": 1}, "contact": {"twitter": "cedricking", "facebook": "615584917"}, "firstName": "Cedric", "gender": "male", "lastName": "King", "id": "2909729", "bio": "", "photo": {"prefix": "https://igx.4sqi.net/img/user/", "suffix": "/P3HVZRZNXBN2O5QC.jpg"}, "homeCity": "Singapore", "lists": {"groups": [{"items": [], "count": 2, "type": "created"}]}}, {"tips": {"count": 2}, "contact": {"facebook": "517693307"}, "firstName": "Sonic", "gender": "male", "lastName": "Bravo", "id": "5030091", "bio": "", "photo": {"prefix": "https://igx.4sqi.net/img/user/", "suffix": "/HEWSECO2N513WWCT.jpg"}, "homeCity": "Singapore", "lists": {"groups": [{"items": [], "count": 2, "type": "created"}]}}, {"tips": {"count": 2}, "contact": {"facebook": "527837757"}, "firstName": "Pat", "gender": "female", "lastName": "Tan", "id": "2994711", "bio": "", "photo": {"prefix": "https://igx.4sqi.net/img/user/", "suffix": "/HYQ2SVT4ILETVUCR.jpg"}, "homeCity": "Singapore", "lists": {"groups": [{"items": [], "count": 2, "type": "created"}]}}, {"tips": {"count": 0}, "contact": {}, "firstName": "Kate", "gender": "female", "lastName": "Tan", "id": "4154646", "bio": "", "photo": {"prefix": "https://igx.4sqi.net/img/user/", "suffix": "/blank_girl.png", "default": true}, "homeCity": "Singapore", "lists": {"groups": [{"items": [], "count": 2, "type": "created"}]}}, {"tips": {"count": 0}, "contact": {"facebook": "835885768"}, "firstName": "Amy", "gender": "female", "lastName": "Tan", "id": "86581184", "bio": "", "photo": {"prefix": "https://igx.4sqi.net/img/user/", "suffix": "/86581184-QM1JYWSZADCKEWQH.jpg"}, "homeCity": "Singapore", "lists": {"groups": [{"items": [], "count": 2, "type": "created"}]}}, {"tips": {"count": 6}, "contact": {"twitter": "milsonng", "facebook": "10208305061797123"}, "firstName": "Milson", "gender": "male", "lastName": "Ng", "id": "1415601", "bio": "", "photo": {"prefix": "https://igx.4sqi.net/img/user/", "suffix": "/0JQZLV2AGMW1PIUQ.jpg"}, "homeCity": "Singapore", "lists": {"groups": [{"items": [], "count": 3, "type": "created"}]}}, {"tips": {"count": 2}, "contact": {"twitter": "m3lolicious"}, "firstName": "Mel", "gender": "female", "id": "3726277", "bio": "", "photo": {"prefix": "https://igx.4sqi.net/img/user/", "suffix": "/WEEJDWEZ0TOTSGZN.jpg"}, "homeCity": "Singapore", "lists": {"groups": [{"items": [], "count": 2, "type": "created"}]}}, {"tips": {"count": 0}, "contact": {"facebook": "1639094091"}, "firstName": "Jackie", "gender": "male", "lastName": "Tan", "id": "4628401", "bio": "", "photo": {"prefix": "https://igx.4sqi.net/img/user/", "suffix": "/WAM3JWIATSZRD3KC.jpg"}, "homeCity": "Singapore", "lists": {"groups": [{"items": [], "count": 2, "type": "created"}]}}, {"tips": {"count": 0}, "contact": {"facebook": "1015414245"}, "firstName": "Don", "gender": "male", "lastName": "Ho", "id": "10682586", "bio": "", "photo": {"prefix": "https://igx.4sqi.net/img/user/", "suffix": "/YSVVOA4O35RJPY1Z.jpg"}, "homeCity": "Singapore", "lists": {"groups": [{"items": [], "count": 2, "type": "created"}]}}, {"tips": {"count": 4}, "contact": {}, "firstName": "Alex", "gender": "male", "lastName": "Teo", "id": "3948358", "bio": "", "photo": {"prefix": "https://igx.4sqi.net/img/user/", "suffix": "/RIHMZLQJYJPU04KP.jpg"}, "homeCity": "Singapore", "lists": {"groups": [{"items": [], "count": 2, "type": "created"}]}}, {"tips": {"count": 6}, "contact": {"twitter": "sillydodo", "facebook": "696907995"}, "firstName": "Tricia", "gender": "female", "lastName": "Zhou", "id": "2930602", "bio": "", "photo": {"prefix": "https://igx.4sqi.net/img/user/", "suffix": "/3GYBQZR5SBABXFXR.jpg"}, "homeCity": "Singapore", "lists": {"groups": [{"items": [], "count": 3, "type": "created"}]}}, {"tips": {"count": 0}, "contact": {"twitter": "edelynliau", "facebook": "574600162"}, "firstName": "Edelyn", "gender": "female", "lastName": "L", "id": "3784093", "bio": "People that know the least of you, always have the most to say.", "photo": {"prefix": "https://igx.4sqi.net/img/user/", "suffix": "/TLQFHLNPBKLZDLQX.jpg"}, "homeCity": "Singapore", "lists": {"groups": [{"items": [], "count": 2, "type": "created"}]}}, {"tips": {"count": 0}, "contact": {}, "firstName": "Jacqueline", "gender": "female", "lastName": "Teo", "id": "4929389", "bio": "", "photo": {"prefix": "https://igx.4sqi.net/img/user/", "suffix": "/blank_girl.png", "default": true}, "homeCity": "Singapore", "lists": {"groups": [{"items": [], "count": 2, "type": "created"}]}}, {"tips": {"count": 0}, "contact": {}, "firstName": "Alicia", "gender": "female", "lastName": "Ong", "id": "3086844", "bio": "", "photo": {"prefix": "https://igx.4sqi.net/img/user/", "suffix": "/15WRPR1XIHJFOQCW.jpg"}, "homeCity": "Singapore", "lists": {"groups": [{"items": [], "count": 2, "type": "created"}]}}, {"tips": {"count": 0}, "contact": {}, "firstName": "Linz", "gender": "female", "lastName": "Woon", "id": "3852170", "bio": "", "photo": {"prefix": "https://igx.4sqi.net/img/user/", "suffix": "/blank_girl.png", "default": true}, "homeCity": "Singapore", "lists": {"groups": [{"items": [], "count": 2, "type": "created"}]}}, {"tips": {"count": 12}, "contact": {"facebook": "1216151537"}, "firstName": "Jack", "gender": "male", "lastName": "Low", "id": "4773966", "bio": "", "photo": {"prefix": "https://igx.4sqi.net/img/user/", "suffix": "/DEKEJBE5TCX5IIQG.jpg"}, "homeCity": "Singapore", "lists": {"groups": [{"items": [], "count": 2, "type": "created"}]}}, {"tips": {"count": 1}, "contact": {"facebook": "716553134"}, "firstName": "Desmond", "gender": "male", "lastName": "Ng", "id": "24955713", "bio": "", "photo": {"prefix": "https://igx.4sqi.net/img/user/", "suffix": "/LJ5ELEBFZEMO5XML.jpg"}, "homeCity": "Singapore ", "lists": {"groups": [{"items": [], "count": 2, "type": "created"}]}}, {"tips": {"count": 0}, "contact": {"facebook": "731445708"}, "firstName": "Paul", "gender": "male", "lastName": "Cheong", "id": "19542560", "bio": "", "photo": {"prefix": "https://igx.4sqi.net/img/user/", "suffix": "/GG0QNXN354QZP4Z2.jpg"}, "homeCity": "Singapore", "lists": {"groups": [{"items": [], "count": 2, "type": "created"}]}}, {"tips": {"count": 2}, "contact": {"twitter": "sugarbbuummpp", "facebook": "511186092"}, "firstName": "Juzzy", "gender": "female", "id": "3864639", "bio": "", "photo": {"prefix": "https://igx.4sqi.net/img/user/", "suffix": "/ANGEXRAEG0K5MRKE.jpg"}, "homeCity": "", "lists": {"groups": [{"items": [], "count": 2, "type": "created"}]}}, {"tips": {"count": 0}, "contact": {"facebook": "667423283"}, "firstName": "Sundjaja", "gender": "male", "lastName": "Hidajat", "id": "50717165", "bio": "", "photo": {"prefix": "https://igx.4sqi.net/img/user/", "suffix": "/3QHMDPEZXEU2WDOG.jpg"}, "homeCity": "Singapore", "lists": {"groups": [{"items": [], "count": 2, "type": "created"}]}}, {"tips": {"count": 0}, "contact": {}, "firstName": "Mira", "gender": "female", "lastName": "Gibson", "id": "80543479", "bio": "", "photo": {"prefix": "https://igx.4sqi.net/img/user/", "suffix": "/80543479-K1K1U5V51IKQCAWH.jpg"}, "homeCity": "", "lists": {"groups": [{"items": [], "count": 2, "type": "created"}]}}, {"tips": {"count": 6}, "contact": {}, "firstName": "Andrew", "gender": "male", "lastName": "Toh", "id": "3570560", "bio": "", "photo": {"prefix": "https://igx.4sqi.net/img/user/", "suffix": "/NQOTRLIVNGZ1HBAH.jpg"}, "homeCity": "Singapore", "lists": {"groups": [{"items": [], "count": 2, "type": "created"}]}}, {"tips": {"count": 1}, "contact": {"facebook": "616225785"}, "firstName": "Sherlyn", "gender": "female", "lastName": "Pek", "id": "4045580", "bio": "", "photo": {"prefix": "https://igx.4sqi.net/img/user/", "suffix": "/MCGFXRYRZBI2VUGV.jpg"}, "homeCity": "Singapore", "lists": {"groups": [{"items": [], "count": 2, "type": "created"}]}}, {"tips": {"count": 0}, "contact": {"twitter": "curtisfcm", "facebook": "100000074332645"}, "firstName": "Curtis Fong", "gender": "male", "id": "4892398", "bio": "", "photo": {"prefix": "https://igx.4sqi.net/img/user/", "suffix": "/0SSRZXFWHS1O3MZH.jpg"}, "homeCity": "Singapore", "lists": {"groups": [{"items": [], "count": 2, "type": "created"}]}}, {"tips": {"count": 0}, "contact": {"facebook": "1661562753"}, "firstName": "swiss", "gender": "female", "lastName": "chai", "id": "39740408", "bio": "", "photo": {"prefix": "https://igx.4sqi.net/img/user/", "suffix": "/blank_girl.png", "default": true}, "homeCity": "Ipoh", "lists": {"groups": [{"items": [], "count": 2, "type": "created"}]}}, {"tips": {"count": 1}, "contact": {}, "firstName": "Geraldine", "gender": "female", "lastName": "Laurent", "id": "3865176", "bio": "", "photo": {"prefix": "https://igx.4sqi.net/img/user/", "suffix": "/1MI52VEPGYCOTUG4.jpg"}, "homeCity": "Singapore", "lists": {"groups": [{"items": [], "count": 2, "type": "created"}]}}, {"tips": {"count": 0}, "contact": {"facebook": "1018017721"}, "firstName": "Ray", "gender": "male", "lastName": "Chang", "id": "90787144", "bio": "", "photo": {"prefix": "https://igx.4sqi.net/img/user/", "suffix": "/blank_boy.png", "default": true}, "homeCity": "Singapore", "lists": {"groups": [{"items": [], "count": 2, "type": "created"}]}}, {"tips": {"count": 0}, "contact": {"facebook": "596928671"}, "firstName": "Melvin", "gender": "male", "lastName": "Toh", "id": "3827804", "bio": "", "photo": {"prefix": "https://igx.4sqi.net/img/user/", "suffix": "/0G2CVOPIX4HXP51W.jpg"}, "homeCity": "Singapore", "lists": {"groups": [{"items": [], "count": 2, "type": "created"}]}}, {"tips": {"count": 0}, "contact": {}, "firstName": "Kong", "gender": "female", "lastName": "Ern Shan", "id": "4141832", "bio": "", "photo": {"prefix": "https://igx.4sqi.net/img/user/", "suffix": "/2ZU5W4CC0CDD2CQJ.jpg"}, "homeCity": "Singapore", "lists": {"groups": [{"items": [], "count": 2, "type": "created"}]}}, {"tips": {"count": 4}, "contact": {"facebook": "539940804"}, "firstName": "Sha'an", "gender": "female", "lastName": "Ng", "id": "6207323", "bio": "", "photo": {"prefix": "https://igx.4sqi.net/img/user/", "suffix": "/OASDR3JNHLXFFN3U.jpg"}, "homeCity": "Singapore", "lists": {"groups": [{"items": [], "count": 2, "type": "created"}]}}, {"tips": {"count": 0}, "contact": {"facebook": "516990853"}, "firstName": "Gina", "gender": "female", "lastName": "Ang", "id": "54802021", "bio": "", "photo": {"prefix": "https://igx.4sqi.net/img/user/", "suffix": "/1DDUCDBZ5XHI0G2A.jpg"}, "homeCity": "Singapore", "lists": {"groups": [{"items": [], "count": 2, "type": "created"}]}}, {"tips": {"count": 0}, "contact": {}, "firstName": "Vicardo", "gender": "male", "lastName": "Ng", "id": "3872968", "bio": "", "photo": {"prefix": "https://igx.4sqi.net/img/user/", "suffix": "/O20V3V0XJYZYHVOZ.jpg"}, "homeCity": "New York, NY", "lists": {"groups": [{"items": [], "count": 2, "type": "created"}]}}, {"tips": {"count": 0}, "contact": {"facebook": "553776307"}, "firstName": "Jeremy", "gender": "none", "lastName": "Ong", "id": "3974988", "bio": "", "photo": {"prefix": "https://igx.4sqi.net/img/user/", "suffix": "/blank_boy.png", "default": true}, "homeCity": "Singapore", "lists": {"groups": [{"items": [], "count": 2, "type": "created"}]}}, {"tips": {"count": 0}, "contact": {}, "firstName": "Roger Kang", "gender": "male", "id": "4688690", "bio": "", "photo": {"prefix": "https://igx.4sqi.net/img/user/", "suffix": "/blank_boy.png", "default": true}, "homeCity": "Singapore", "lists": {"groups": [{"items": [], "count": 2, "type": "created"}]}}, {"tips": {"count": 0}, "contact": {"facebook": "100000842437353"}, "firstName": "hong pom tan", "gender": "none", "lastName": "Pom", "id": "6880274", "bio": "", "photo": {"prefix": "https://igx.4sqi.net/img/user/", "suffix": "/blank_boy.png", "default": true}, "homeCity": "Kuala Lumpur, Malaysia", "lists": {"groups": [{"items": [], "count": 2, "type": "created"}]}}, {"tips": {"count": 1}, "contact": {"facebook": "672695942"}, "firstName": "Jackie", "gender": "male", "lastName": "Boy", "id": "4054588", "bio": "", "photo": {"prefix": "https://igx.4sqi.net/img/user/", "suffix": "/blank_boy.png", "default": true}, "homeCity": "Singapore", "lists": {"groups": [{"items": [], "count": 2, "type": "created"}]}}, {"tips": {"count": 4}, "contact": {"facebook": "1094923746"}, "firstName": "DeVampire BlurQueen", "gender": "female", "id": "3997827", "bio": "", "photo": {"prefix": "https://igx.4sqi.net/img/user/", "suffix": "/RMAZP4CJO3E0XTNF.jpg"}, "homeCity": "Singapore", "lists": {"groups": [{"items": [], "count": 2, "type": "created"}]}}, {"tips": {"count": 0}, "contact": {}, "firstName": "Kenneth", "gender": "male", "lastName": "Sng", "id": "5285958", "bio": "", "photo": {"prefix": "https://igx.4sqi.net/img/user/", "suffix": "/blank_boy.png", "default": true}, "homeCity": "Singapore", "lists": {"groups": [{"items": [], "count": 2, "type": "created"}]}}, {"tips": {"count": 17}, "contact": {"twitter": "jasonbigmachine", "facebook": "100002186825571"}, "firstName": "Jason", "gender": "male", "lastName": "Nah", "id": "7299182", "bio": "Dude.\r\n \r\nwww.realfit.com.sg", "photo": {"prefix": "https://igx.4sqi.net/img/user/", "suffix": "/QE2AOZVGAN0SQD3F.jpg"}, "homeCity": "Singapore", "lists": {"groups": [{"items": [], "count": 2, "type": "created"}]}}, {"tips": {"count": 0}, "contact": {"facebook": "535704698"}, "firstName": "Kevin", "gender": "male", "lastName": "Neo", "id": "4057162", "bio": "", "photo": {"prefix": "https://igx.4sqi.net/img/user/", "suffix": "/MN1MCQQPV4AEXSV2.jpg"}, "homeCity": "Singapore", "lists": {"groups": [{"items": [], "count": 2, "type": "created"}]}}, {"tips": {"count": 0}, "contact": {"facebook": "650103011"}, "firstName": "AiLian Koh", "gender": "female", "id": "4082982", "bio": "", "photo": {"prefix": "https://igx.4sqi.net/img/user/", "suffix": "/S04TLAFB3ABGB2ZW.jpg"}, "homeCity": "Singapore", "lists": {"groups": [{"items": [], "count": 2, "type": "created"}]}}, {"tips": {"count": 5}, "contact": {"facebook": "600371491"}, "firstName": "Dan", "gender": "male", "lastName": "Seah", "id": "5794967", "bio": "", "photo": {"prefix": "https://igx.4sqi.net/img/user/", "suffix": "/KLRQUENEHDALGBKF.jpg"}, "homeCity": "Singapore", "lists": {"groups": [{"items": [], "count": 2, "type": "created"}]}}, {"tips": {"count": 0}, "contact": {}, "firstName": "Jeffrey", "gender": "male", "lastName": "Lee", "id": "5651449", "bio": "", "photo": {"prefix": "https://igx.4sqi.net/img/user/", "suffix": "/blank_boy.png", "default": true}, "homeCity": "Singapore", "lists": {"groups": [{"items": [], "count": 2, "type": "created"}]}}, {"tips": {"count": 0}, "contact": {}, "firstName": "Engchi", "gender": "female", "lastName": "Cheow", "id": "5993807", "bio": "", "photo": {"prefix": "https://igx.4sqi.net/img/user/", "suffix": "/blank_girl.png", "default": true}, "homeCity": "Kampar, Malaysia", "lists": {"groups": [{"items": [], "count": 2, "type": "created"}]}}, {"tips": {"count": 0}, "contact": {}, "firstName": "Xue er", "gender": "female", "lastName": "Mai", "id": "5906683", "bio": "", "photo": {"prefix": "https://igx.4sqi.net/img/user/", "suffix": "/IDASHCE50LKZO4RC.jpg"}, "homeCity": "Singapore", "lists": {"groups": [{"items": [], "count": 2, "type": "created"}]}}, {"tips": {"count": 0}, "contact": {"facebook": "100001069061184"}, "firstName": "Virii", "gender": "male", "lastName": "Lin", "id": "39032648", "bio": "", "photo": {"prefix": "https://igx.4sqi.net/img/user/", "suffix": "/UA0N4JKFL1Z4DDMZ.jpg"}, "homeCity": "New York, NY", "lists": {"groups": [{"items": [], "count": 2, "type": "created"}]}}], "count": 66}, "checksum": "54225c3a0e2befef7fdd06defd2455de5ab1908f"}, "meta": {"requestId": "5965d2e2dd57972d29307f84", "code": 200}}