{"notifications": [{"type": "notificationTray", "item": {"unreadCount": 0}}], "response": {"friends": {"items": [{"tips": {"count": 3}, "contact": {"twitter": "steveneabore", "facebook": "814902"}, "firstName": "Steve", "gender": "male", "lastName": "Neabore", "id": "1481519", "bio": "", "photo": {"prefix": "https://igx.4sqi.net/img/user/", "suffix": "/XU34OK2XFNVWZPR3.jpg"}, "homeCity": "Brooklyn, NY", "lists": {"groups": [{"items": [], "count": 2, "type": "created"}]}}, {"tips": {"count": 1}, "contact": {"facebook": "7302155"}, "firstName": "Cidney", "gender": "female", "lastName": "Falk", "id": "38352175", "bio": "", "photo": {"prefix": "https://igx.4sqi.net/img/user/", "suffix": "/UM4GKUWKRDSYTIUH.jpg"}, "homeCity": "New York, NY", "lists": {"groups": [{"items": [], "count": 2, "type": "created"}]}}, {"tips": {"count": 1}, "contact": {"facebook": "2903629"}, "firstName": "Kate", "gender": "female", "lastName": "Howells", "id": "28686201", "bio": "", "photo": {"prefix": "https://igx.4sqi.net/img/user/", "suffix": "/YROEHOGDFYR4WETJ.jpg"}, "homeCity": "New York, New York", "lists": {"groups": [{"items": [], "count": 2, "type": "created"}]}}, {"tips": {"count": 3}, "contact": {}, "firstName": "ariella", "gender": "female", "lastName": "beno", "id": "4339112", "bio": "", "photo": {"prefix": "https://igx.4sqi.net/img/user/", "suffix": "/ZPHQJSVG5NEJA2VM.jpg"}, "homeCity": "New York, NY", "lists": {"groups": [{"items": [], "count": 2, "type": "created"}]}}, {"tips": {"count": 0}, "contact": {}, "firstName": "Paulie", "gender": "male", "lastName": "Gee", "id": "1192223", "bio": "", "photo": {"prefix": "https://igx.4sqi.net/img/user/", "suffix": "/A2Z1VJQRQ5QO0ATM.jpg"}, "homeCity": "Greenpoint, Brooklyn", "lists": {"groups": [{"items": [], "count": 13, "type": "created"}]}}, {"tips": {"count": 6}, "contact": {"twitter": "ale_jax", "facebook": "3101293"}, "firstName": "Ale", "gender": "female", "lastName": "Hartman", "id": "19293655", "bio": "", "photo": {"prefix": "https://igx.4sqi.net/img/user/", "suffix": "/XHIST4ZOVCGCVTIF.jpg"}, "homeCity": "New York", "lists": {"groups": [{"items": [], "count": 2, "type": "created"}]}}, {"tips": {"count": 0}, "contact": {"facebook": "801950"}, "firstName": "Shyam", "gender": "male", "lastName": "Patel", "id": "25568184", "bio": "", "photo": {"prefix": "https://igx.4sqi.net/img/user/", "suffix": "/RT0KJJFWUNZESBM1.jpg"}, "homeCity": "Astoria, NY", "lists": {"groups": [{"items": [], "count": 3, "type": "created"}]}}, {"tips": {"count": 4}, "contact": {"twitter": "knickschick7"}, "firstName": "brooklyn", "gender": "female", "id": "4262340", "bio": "clothing & nail polished obsessed. amateur american historian. ny knicks enthusiast. social media addict.", "photo": {"prefix": "https://igx.4sqi.net/img/user/", "suffix": "/AIR23XLZNXP3DHR0.jpg"}, "homeCity": "new york", "lists": {"groups": [{"items": [], "count": 3, "type": "created"}]}}, {"tips": {"count": 0}, "contact": {"facebook": "103200204"}, "firstName": "Bianca", "gender": "female", "lastName": "Maldonado", "id": "10301993", "bio": "", "photo": {"prefix": "https://igx.4sqi.net/img/user/", "suffix": "/2J20PPWTVV1OZFMY.jpg"}, "homeCity": "New York, NY", "lists": {"groups": [{"items": [], "count": 2, "type": "created"}]}}, {"tips": {"count": 8}, "contact": {"twitter": "davidlerman"}, "firstName": "David", "gender": "male", "lastName": "Lerman", "id": "1388652", "bio": "", "photo": {"prefix": "https://igx.4sqi.net/img/user/", "suffix": "/5JBVPPVBQWFVFTIW.jpg"}, "homeCity": "New York, NY", "lists": {"groups": [{"items": [], "count": 4, "type": "created"}]}}, {"tips": {"count": 0}, "contact": {}, "firstName": "jenna", "gender": "female", "lastName": "hurwitz", "id": "24861453", "bio": "", "photo": {"prefix": "https://igx.4sqi.net/img/user/", "suffix": "/blank_girl.png", "default": true}, "homeCity": "New York", "lists": {"groups": [{"items": [], "count": 2, "type": "created"}]}}, {"tips": {"count": 31}, "contact": {"facebook": "2533624"}, "firstName": "Emily", "gender": "female", "lastName": "Currin", "id": "9294702", "bio": "I made an airplane out of stone, I always did like staying home.", "photo": {"prefix": "https://igx.4sqi.net/img/user/", "suffix": "/V5YFXOU54QVXRBG3.jpg"}, "homeCity": "NY", "lists": {"groups": [{"items": [], "count": 2, "type": "created"}]}}, {"tips": {"count": 6}, "contact": {"twitter": "re_return", "facebook": "15800132"}, "firstName": "Braxton", "gender": "male", "lastName": "Bragg", "id": "2290519", "bio": "", "photo": {"prefix": "https://igx.4sqi.net/img/user/", "suffix": "/DWVIUEKM0EAGD3JQ.jpg"}, "homeCity": "New York, New York", "lists": {"groups": [{"items": [], "count": 2, "type": "created"}]}}, {"tips": {"count": 12}, "contact": {"twitter": "eric3000", "facebook": "2400737"}, "firstName": "Eric", "gender": "male", "lastName": "Metelka", "id": "655755", "bio": "", "photo": {"prefix": "https://igx.4sqi.net/img/user/", "suffix": "/655755-DMHSG1WD0NCNMAGM.jpg"}, "homeCity": "Chicago, IL", "lists": {"groups": [{"items": [], "count": 11, "type": "created"}]}}, {"tips": {"count": 24}, "contact": {"twitter": "cherylyeoh", "facebook": "409426"}, "firstName": "Cheryl", "gender": "female", "lastName": "Yeoh", "id": "445481", "bio": "Leading Product @WalmartLabs. Formerly Founder of Reclip.It (acquired by WalmartLabs). Foodie, scotch connoisseur and world explorer.", "photo": {"prefix": "https://igx.4sqi.net/img/user/", "suffix": "/3LVDQCZAVJR3LRP4.jpg"}, "homeCity": "San Francisco, CA", "lists": {"groups": [{"items": [], "count": 6, "type": "created"}]}}, {"tips": {"count": 27}, "contact": {"twitter": "eatthisny"}, "firstName": "Eat This", "gender": "male", "lastName": "NY", "id": "2296835", "bio": "Self-proclaimed foodie always on the hunt for the next food adventure; Currently searching for the best cheesecake in NY", "photo": {"prefix": "https://igx.4sqi.net/img/user/", "suffix": "/2296835-0RRIYG3BTPAJOZON.jpg"}, "homeCity": "New York, NY", "lists": {"groups": [{"items": [], "count": 2, "type": "created"}]}}, {"tips": {"count": 0}, "contact": {"twitter": "skeetco"}, "firstName": "Coleman", "gender": "male", "lastName": "Skeeter", "id": "636706", "bio": "", "photo": {"prefix": "https://igx.4sqi.net/img/user/", "suffix": "/636706-EIPYHDDF0UF15PWG.jpg"}, "homeCity": "New York, NY", "lists": {"groups": [{"items": [], "count": 2, "type": "created"}]}}, {"tips": {"count": 2}, "contact": {"twitter": "ageiger", "facebook": "10101545428715263"}, "firstName": "Abe", "gender": "male", "lastName": "Geiger", "id": "773376", "bio": "", "photo": {"prefix": "https://igx.4sqi.net/img/user/", "suffix": "/NOM1N5QVHQYYHHFZ.jpg"}, "homeCity": "New York, NY", "lists": {"groups": [{"items": [], "count": 4, "type": "created"}]}}, {"superuser": 2, "tips": {"count": 129}, "contact": {"twitter": "adamkuban", "facebook": "533610026"}, "firstName": "Adam", "gender": "male", "lastName": "Kuban", "id": "33946", "bio": "Pop-up bar pizza purveyor @MargotsPizza. Pizzamaker @PaulieGee. Founder of @Slice (RIP). I enjoy urban hiking, rainy days, naps.", "photo": {"prefix": "https://igx.4sqi.net/img/user/", "suffix": "/33946-4CUFV5KVMOOLDKSX.jpg"}, "homeCity": "Astoria, Queens, NY", "lists": {"groups": [{"items": [], "count": 20, "type": "created"}]}}, {"tips": {"count": 6}, "contact": {"twitter": "kellas", "facebook": "10103495366105158"}, "firstName": "Jennifer", "gender": "female", "lastName": "Kellas", "id": "3166", "bio": "Digital Strategy & Account Director at Korn Ferry Futurestep, writer, art historian & gal about town with a passion for making a difference.", "photo": {"prefix": "https://igx.4sqi.net/img/user/", "suffix": "/3166_1237101146.jpg"}, "homeCity": "New York, NY", "lists": {"groups": [{"items": [], "count": 7, "type": "created"}]}}, {"tips": {"count": 1}, "contact": {"twitter": "mhweiler", "facebook": "3100601"}, "firstName": "Matt", "gender": "male", "lastName": "Weiler", "id": "163723", "bio": "Finance at @glossier", "photo": {"prefix": "https://igx.4sqi.net/img/user/", "suffix": "/BFTPXFCCKXIU4ZF1.jpg"}, "homeCity": "New York, NY", "lists": {"groups": [{"items": [], "count": 4, "type": "created"}]}}, {"tips": {"count": 47}, "contact": {}, "firstName": "Aimee", "gender": "none", "id": "927457", "bio": "", "photo": {"prefix": "https://igx.4sqi.net/img/user/", "suffix": "/927457-YCSUC4GFPYWK31JL.jpg"}, "homeCity": "New York", "lists": {"groups": [{"items": [], "count": 2, "type": "created"}]}}, {"tips": {"count": 3}, "contact": {"twitter": "dwjammer"}, "firstName": "Dennis", "gender": "male", "lastName": "James", "id": "3385408", "bio": "", "photo": {"prefix": "https://igx.4sqi.net/img/user/", "suffix": "/RCWJVSR55YM3WCM4.jpg"}, "homeCity": "New York, NY", "lists": {"groups": [{"items": [], "count": 2, "type": "created"}]}}, {"tips": {"count": 0}, "contact": {"facebook": "4200961"}, "firstName": "Bekka", "gender": "female", "lastName": "Rabison", "id": "31636820", "bio": "", "photo": {"prefix": "https://igx.4sqi.net/img/user/", "suffix": "/UA2AFAPGROUXXRTT.jpg"}, "homeCity": "San Francisco, CA", "lists": {"groups": [{"items": [], "count": 8, "type": "created"}]}}, {"tips": {"count": 4}, "contact": {"facebook": "10102088345475745"}, "firstName": "Nicole", "gender": "female", "lastName": "Price Fasig", "id": "174976", "bio": "", "photo": {"prefix": "https://igx.4sqi.net/img/user/", "suffix": "/3SUEZRYG0RAFOIWM.jpg"}, "homeCity": "New York, NY", "lists": {"groups": [{"items": [], "count": 2, "type": "created"}]}}, {"tips": {"count": 4}, "contact": {"twitter": "palleyster", "facebook": "7400811"}, "firstName": "Becky", "gender": "female", "lastName": "P", "id": "18612765", "bio": "", "photo": {"prefix": "https://igx.4sqi.net/img/user/", "suffix": "/KLDYOFIY4AC10QSS.jpg"}, "homeCity": "New York, NY", "lists": {"groups": [{"items": [], "count": 2, "type": "created"}]}}, {"tips": {"count": 29}, "contact": {"twitter": "jenahface", "facebook": "10735778"}, "firstName": "Jenny", "gender": "female", "lastName": "Dorsey", "id": "6237666", "bio": "Chef // Culinary Strategist // Entrepreneur. Find me at jennydorsey.co and @chefjennydorsey", "photo": {"prefix": "https://igx.4sqi.net/img/user/", "suffix": "/6237666-HIRAYC1VNOIVPQRB.jpg"}, "homeCity": "New York City", "lists": {"groups": [{"items": [], "count": 2, "type": "created"}]}}, {"tips": {"count": 13}, "contact": {"facebook": "100000204309039"}, "firstName": "Rose", "gender": "female", "lastName": "Az", "id": "6728431", "bio": "", "photo": {"prefix": "https://igx.4sqi.net/img/user/", "suffix": "/PV3V5XWIKYQZF4KF.jpg"}, "homeCity": "Media, Pa", "lists": {"groups": [{"items": [], "count": 2, "type": "created"}]}}, {"tips": {"count": 1}, "contact": {"facebook": "3103485"}, "firstName": "Kenny", "gender": "male", "lastName": "Kline", "id": "36358952", "bio": "", "photo": {"prefix": "https://igx.4sqi.net/img/user/", "suffix": "/BX1D2URXRUQ2JD3J.jpg"}, "homeCity": "Brooklyn, NY", "lists": {"groups": [{"items": [], "count": 2, "type": "created"}]}}, {"tips": {"count": 0}, "contact": {"facebook": "209417"}, "firstName": "Tenoch", "gender": "male", "lastName": "Esparza", "id": "26300664", "bio": "", "photo": {"prefix": "https://igx.4sqi.net/img/user/", "suffix": "/YYD3RF04DRYDIKVR.jpg"}, "homeCity": "New York", "lists": {"groups": [{"items": [], "count": 3, "type": "created"}]}}, {"tips": {"count": 0}, "contact": {}, "firstName": "Dan", "gender": "male", "lastName": "Brooks", "id": "12100868", "bio": "", "photo": {"prefix": "https://igx.4sqi.net/img/user/", "suffix": "/0KSLFTCBGMUOURHR.jpg"}, "homeCity": "New York, NY", "lists": {"groups": [{"items": [], "count": 2, "type": "created"}]}}, {"tips": {"count": 17}, "contact": {"twitter": "fishnicker", "facebook": "8400661"}, "firstName": "Nick", "gender": "male", "lastName": "Fisher", "id": "13739331", "bio": "", "photo": {"prefix": "https://igx.4sqi.net/img/user/", "suffix": "/C2GGW5KBTDUPDKQF.jpg"}, "homeCity": "New York", "lists": {"groups": [{"items": [], "count": 4, "type": "created"}]}}, {"tips": {"count": 38}, "contact": {"facebook": "5500666"}, "firstName": "Alexandra", "gender": "female", "lastName": "P", "id": "10405497", "bio": "", "photo": {"prefix": "https://igx.4sqi.net/img/user/", "suffix": "/KJA1TXQTHW2CT3QR.jpg"}, "homeCity": "NY", "lists": {"groups": [{"items": [], "count": 8, "type": "created"}]}}, {"tips": {"count": 0}, "contact": {}, "firstName": "Rebby", "gender": "female", "lastName": "Bliss", "id": "2366786", "bio": "", "photo": {"prefix": "https://igx.4sqi.net/img/user/", "suffix": "/WTEDPALUC0QDF1FK.jpg"}, "homeCity": "New York, NY", "lists": {"groups": [{"items": [], "count": 2, "type": "created"}]}}, {"tips": {"count": 1}, "contact": {}, "firstName": "Kyle", "gender": "female", "lastName": "McKean", "id": "1176238", "bio": "", "photo": {"prefix": "https://igx.4sqi.net/img/user/", "suffix": "/FIR4LP4BRD3UZJT3.jpg"}, "homeCity": "New York", "lists": {"groups": [{"items": [], "count": 2, "type": "created"}]}}, {"tips": {"count": 1}, "contact": {}, "firstName": "Stefanie", "gender": "female", "lastName": "Shuman", "id": "5867235", "bio": "", "photo": {"prefix": "https://igx.4sqi.net/img/user/", "suffix": "/TK5J3VJ22NHBLHPW.jpg"}, "homeCity": "New York, NY", "lists": {"groups": [{"items": [], "count": 2, "type": "created"}]}}, {"tips": {"count": 0}, "contact": {"facebook": "907528"}, "firstName": "Erica", "gender": "female", "lastName": "Curtis", "id": "759264", "bio": "", "photo": {"prefix": "https://igx.4sqi.net/img/user/", "suffix": "/blank_girl.png", "default": true}, "homeCity": "New York", "lists": {"groups": [{"items": [], "count": 2, "type": "created"}]}}, {"tips": {"count": 66}, "contact": {"twitter": "omaraharoun", "facebook": "1201594"}, "firstName": "Omar", "gender": "male", "lastName": "Haroun", "id": "3327261", "bio": "", "photo": {"prefix": "https://igx.4sqi.net/img/user/", "suffix": "/RYT5P40X2MZX5WC5.jpg"}, "homeCity": "New York, NY", "lists": {"groups": [{"items": [], "count": 3, "type": "created"}]}}, {"superuser": 2, "tips": {"count": 27}, "contact": {"twitter": "kludt", "facebook": "807100"}, "firstName": "Amanda", "gender": "female", "lastName": "Kludt", "id": "36943", "bio": "", "photo": {"prefix": "https://igx.4sqi.net/img/user/", "suffix": "/4a985330ad350.png"}, "homeCity": "Brooklyn, NY", "lists": {"groups": [{"items": [], "count": 5, "type": "created"}]}}, {"tips": {"count": 3}, "contact": {"twitter": "siobhandubs", "facebook": "735255645"}, "firstName": "Siobhan", "gender": "female", "lastName": "Wallace", "id": "4574", "bio": "Eater. Grad Student. 1/2 of @blondiebrownie.", "photo": {"prefix": "https://igx.4sqi.net/img/user/", "suffix": "/BWPJTOVVF0PDHRBN.jpg"}, "homeCity": "New York, NY", "lists": {"groups": [{"items": [], "count": 4, "type": "created"}]}}, {"tips": {"count": 8}, "contact": {"twitter": "aviondepapier", "facebook": "20102315"}, "firstName": "Melissa", "gender": "female", "lastName": "M", "id": "723748", "bio": "", "photo": {"prefix": "https://igx.4sqi.net/img/user/", "suffix": "/JPBJP4IHP0GC3QVO.jpg"}, "homeCity": "New York, NY", "lists": {"groups": [{"items": [], "count": 3, "type": "created"}]}}, {"tips": {"count": 1}, "contact": {}, "firstName": "Pauline", "gender": "female", "lastName": "Y", "id": "1150740", "bio": "", "photo": {"prefix": "https://igx.4sqi.net/img/user/", "suffix": "/2RZTL4CHP2Q4KDNR.jpg"}, "homeCity": "New York, NY", "lists": {"groups": [{"items": [], "count": 2, "type": "created"}]}}, {"tips": {"count": 60}, "contact": {"twitter": "jfrizk", "facebook": "1403027"}, "firstName": "Joe", "gender": "male", "lastName": "Rizk", "id": "3892136", "bio": "", "photo": {"prefix": "https://igx.4sqi.net/img/user/", "suffix": "/UPEQ1B1EYRDRIRWC.jpg"}, "homeCity": "New York, NY", "lists": {"groups": [{"items": [], "count": 11, "type": "created"}]}}, {"tips": {"count": 1}, "contact": {"facebook": "21001824"}, "firstName": "Brittany", "gender": "female", "lastName": "Baum", "id": "38243580", "bio": "", "photo": {"prefix": "https://igx.4sqi.net/img/user/", "suffix": "/LIY4W524LIHBOBPG.jpg"}, "homeCity": "New York, NY", "lists": {"groups": [{"items": [], "count": 3, "type": "created"}]}}, {"tips": {"count": 4}, "contact": {"twitter": "linmuemuse", "facebook": "823384"}, "firstName": "Lindsay", "gender": "female", "lastName": "Mueller", "id": "6878576", "bio": "", "photo": {"prefix": "https://igx.4sqi.net/img/user/", "suffix": "/XJXGSBNBPTN45LGE.jpg"}, "homeCity": "Brooklyn, NY", "lists": {"groups": [{"items": [], "count": 2, "type": "created"}]}}, {"tips": {"count": 0}, "contact": {"facebook": "815651"}, "firstName": "Adam", "gender": "male", "lastName": "Schaffer", "id": "7236993", "bio": "", "photo": {"prefix": "https://igx.4sqi.net/img/user/", "suffix": "/KT4DUISNCAW4RXAB.jpg"}, "homeCity": "New York, NY", "lists": {"groups": [{"items": [], "count": 2, "type": "created"}]}}, {"tips": {"count": 0}, "contact": {"facebook": "202959"}, "firstName": "Liz", "gender": "female", "lastName": "Harrison", "id": "36597383", "bio": "", "photo": {"prefix": "https://igx.4sqi.net/img/user/", "suffix": "/BN0ZT2VPQWGQ1SYM.jpg"}, "homeCity": "New York, NY", "lists": {"groups": [{"items": [], "count": 2, "type": "created"}]}}, {"tips": {"count": 0}, "contact": {"facebook": "301409"}, "firstName": "Jose", "gender": "male", "lastName": "Garza", "id": "27129292", "bio": "", "photo": {"prefix": "https://igx.4sqi.net/img/user/", "suffix": "/JAJD2TK5LOPFIVVD.jpg"}, "homeCity": "Bronx, NY", "lists": {"groups": [{"items": [], "count": 2, "type": "created"}]}}, {"tips": {"count": 1}, "contact": {"twitter": "jojocanthink", "facebook": "29904262"}, "firstName": "Esther", "gender": "female", "lastName": "Hatkoff", "id": "17034060", "bio": "", "photo": {"prefix": "https://igx.4sqi.net/img/user/", "suffix": "/QWPQNVPSCRZ3EVBY.jpg"}, "homeCity": "Los Angeles, CA", "lists": {"groups": [{"items": [], "count": 2, "type": "created"}]}}, {"tips": {"count": 0}, "contact": {"twitter": "adamkalamchi"}, "firstName": "Adam", "gender": "male", "lastName": "Kalamchi", "id": "15120499", "bio": "", "photo": {"prefix": "https://igx.4sqi.net/img/user/", "suffix": "/15120499-JJCKULIXITVFVZ2E.jpg"}, "homeCity": "NY", "lists": {"groups": [{"items": [], "count": 2, "type": "created"}]}}, {"tips": {"count": 0}, "contact": {"facebook": "816867"}, "firstName": "Zak", "gender": "male", "lastName": "Williams", "id": "20851782", "bio": "", "photo": {"prefix": "https://igx.4sqi.net/img/user/", "suffix": "/20851782-U5PKSP1BC2SJ2RE4.jpg"}, "homeCity": "New York, NY", "lists": {"groups": [{"items": [], "count": 2, "type": "created"}]}}, {"tips": {"count": 0}, "contact": {"twitter": "ellieskate", "facebook": "105647"}, "firstName": "Ellen", "gender": "female", "lastName": "Yan", "id": "2840894", "bio": "", "photo": {"prefix": "https://igx.4sqi.net/img/user/", "suffix": "/1V1DVA0UUV1HAJ4R.jpg"}, "homeCity": "New York, NY", "lists": {"groups": [{"items": [], "count": 2, "type": "created"}]}}, {"tips": {"count": 1}, "contact": {}, "firstName": "Vivek", "gender": "male", "id": "21705295", "bio": "", "photo": {"prefix": "https://igx.4sqi.net/img/user/", "suffix": "/21705295-T3RLAOR1BP1CRUKK.jpg"}, "homeCity": "New York, NY", "lists": {"groups": [{"items": [], "count": 8, "type": "created"}]}}, {"tips": {"count": 7}, "contact": {"twitter": "flohodolo", "facebook": "1354710061"}, "firstName": "Flora", "gender": "female", "lastName": "Horowitz", "id": "14278890", "bio": "", "photo": {"prefix": "https://igx.4sqi.net/img/user/", "suffix": "/3TQUL5Z3MSXJGJ3B.jpg"}, "homeCity": "Brooklyn, NY", "lists": {"groups": [{"items": [], "count": 3, "type": "created"}]}}, {"tips": {"count": 2}, "contact": {}, "firstName": "Ira", "gender": "male", "lastName": "Glasser", "id": "19631741", "bio": "", "photo": {"prefix": "https://igx.4sqi.net/img/user/", "suffix": "/TD54F2AHN3JSPGSL.jpg"}, "homeCity": "New York, NY", "lists": {"groups": [{"items": [], "count": 2, "type": "created"}]}}, {"tips": {"count": 3}, "contact": {}, "firstName": "Marta", "gender": "female", "lastName": "Kuersten", "id": "38852349", "bio": "", "photo": {"prefix": "https://irs0.4sqi.net/img/user/", "suffix": "/BOCXSJABLEJA2YRV.jpg"}, "homeCity": "New York, NY", "lists": {"groups": [{"items": [], "count": 2, "type": "created"}]}}, {"superuser": 1, "tips": {"count": 45}, "contact": {"twitter": "tabes", "facebook": "10105732445040989"}, "firstName": "Emily", "gender": "female", "lastName": "Tabak", "id": "40179", "bio": "Eating my way through Singapore and beyond!", "photo": {"prefix": "https://igx.4sqi.net/img/user/", "suffix": "/40179_1253702091181.jpg"}, "homeCity": "Singapore", "lists": {"groups": [{"items": [], "count": 6, "type": "created"}]}}, {"tips": {"count": 5}, "contact": {"twitter": "curlymils", "facebook": "7900332"}, "firstName": "Amelia", "gender": "female", "lastName": "Whitman", "id": "17644", "bio": "", "photo": {"prefix": "https://igx.4sqi.net/img/user/", "suffix": "/DV2VU45ATHZHB0ZN.jpg"}, "homeCity": "Austin, TX", "lists": {"groups": [{"items": [], "count": 2, "type": "created"}]}}, {"tips": {"count": 7}, "contact": {}, "firstName": "Daniel", "gender": "male", "lastName": "Mahon", "id": "823416", "bio": "", "photo": {"prefix": "https://igx.4sqi.net/img/user/", "suffix": "/O1ANYADWMKEKI1QH.jpg"}, "homeCity": "New York, NY", "lists": {"groups": [{"items": [], "count": 5, "type": "created"}]}}, {"tips": {"count": 0}, "contact": {}, "firstName": "Geoff", "gender": "male", "lastName": "Doner", "id": "1276641", "bio": "", "photo": {"prefix": "https://igx.4sqi.net/img/user/", "suffix": "/NR0FKNOVJ20BUW1H.jpg"}, "homeCity": "New York, NY", "lists": {"groups": [{"items": [], "count": 3, "type": "created"}]}}, {"tips": {"count": 5}, "contact": {"twitter": "adrienneksmith", "facebook": "9507926"}, "firstName": "Adrienne", "gender": "female", "lastName": "Smith", "id": "4445637", "bio": "Co-creator of the iPhone app Cheazza, for finding cheap pizza around NYC. Download for free at www.cheazza.com", "photo": {"prefix": "https://igx.4sqi.net/img/user/", "suffix": "/SFTLMOZKIGFNHMDZ.jpg"}, "homeCity": "Brooklyn, NY", "lists": {"groups": [{"items": [], "count": 2, "type": "created"}]}}, {"tips": {"count": 15}, "contact": {}, "firstName": "Ari", "gender": "male", "lastName": "F", "id": "7263689", "bio": "", "photo": {"prefix": "https://igx.4sqi.net/img/user/", "suffix": "/QVHUJ2PTSLANXUTW.jpg"}, "homeCity": "New York, NY", "lists": {"groups": [{"items": [], "count": 4, "type": "created"}]}}, {"tips": {"count": 27}, "contact": {"twitter": "sagewohns", "facebook": "2900068"}, "firstName": "Sage", "gender": "male", "lastName": "Wohns", "id": "11893715", "bio": "", "photo": {"prefix": "https://igx.4sqi.net/img/user/", "suffix": "/TUXTL4YTKMPG3FXO.jpg"}, "homeCity": "New York, NY", "lists": {"groups": [{"items": [], "count": 17, "type": "created"}]}}, {"tips": {"count": 0}, "contact": {"facebook": "1603750"}, "firstName": "Courtney", "gender": "female", "lastName": "Ambrose", "id": "36652675", "bio": "", "photo": {"prefix": "https://igx.4sqi.net/img/user/", "suffix": "/EEF2XUIWANVEW4ND.jpg"}, "homeCity": "New York, NY", "lists": {"groups": [{"items": [], "count": 2, "type": "created"}]}}, {"tips": {"count": 0}, "contact": {"facebook": "1905241"}, "firstName": "Andrew", "gender": "male", "lastName": "Morcos", "id": "28387146", "bio": "", "photo": {"prefix": "https://igx.4sqi.net/img/user/", "suffix": "/28387146-1XGGVZDTJHYITH3A.jpg"}, "homeCity": "San Francisco, CA", "lists": {"groups": [{"items": [], "count": 3, "type": "created"}]}}, {"tips": {"count": 15}, "contact": {"twitter": "debscher"}, "firstName": "Debbie", "gender": "female", "lastName": "S", "id": "17455885", "bio": "", "photo": {"prefix": "https://igx.4sqi.net/img/user/", "suffix": "/17455885-TD33Z2DWPOTGN3FK.jpg"}, "homeCity": "New York", "lists": {"groups": [{"items": [], "count": 9, "type": "created"}]}}, {"tips": {"count": 10}, "contact": {}, "firstName": "Becky", "gender": "female", "lastName": "Adkins-Cephas", "id": "21562825", "bio": "", "photo": {"prefix": "https://igx.4sqi.net/img/user/", "suffix": "/1VQISSXBCQU3QCC2.jpg"}, "homeCity": "Long Island City, NY", "lists": {"groups": [{"items": [], "count": 6, "type": "created"}]}}, {"tips": {"count": 178}, "contact": {}, "firstName": "LuisAlfredo", "gender": "male", "lastName": "Zambrano", "id": "3743599", "bio": "", "photo": {"prefix": "https://igx.4sqi.net/img/user/", "suffix": "/P04UED5EICB1DH33.jpg"}, "homeCity": "Austin, TX", "lists": {"groups": [{"items": [], "count": 12, "type": "created"}]}}, {"tips": {"count": 59}, "contact": {}, "firstName": "Mallie", "gender": "female", "lastName": "T", "id": "16954165", "bio": "", "photo": {"prefix": "https://igx.4sqi.net/img/user/", "suffix": "/16954165-WQNNY0J35BZQPD2A.jpg"}, "homeCity": "Washington, DC", "lists": {"groups": [{"items": [], "count": 20, "type": "created"}]}}, {"tips": {"count": 12}, "contact": {"twitter": "zschwarz", "facebook": "2805961"}, "firstName": "Zak", "gender": "male", "lastName": "Schwarzman", "id": "17682", "bio": "", "photo": {"prefix": "https://igx.4sqi.net/img/user/", "suffix": "/DGMNO54J4QCNYENC.jpg"}, "homeCity": "New York, NY", "lists": {"groups": [{"items": [], "count": 6, "type": "created"}]}}, {"tips": {"count": 2}, "contact": {"facebook": "20100027"}, "firstName": "Julie", "gender": "female", "lastName": "Grates", "id": "9048202", "bio": "", "photo": {"prefix": "https://igx.4sqi.net/img/user/", "suffix": "/TQZ4KRIRH51H2VPT.jpg"}, "homeCity": "New York, NY", "lists": {"groups": [{"items": [], "count": 2, "type": "created"}]}}, {"tips": {"count": 0}, "contact": {"twitter": "jondtay", "facebook": "2601577"}, "firstName": "Jonathan", "gender": "male", "lastName": "Taylor", "id": "1285907", "bio": "", "photo": {"prefix": "https://igx.4sqi.net/img/user/", "suffix": "/CKFSLNHLNQ3K4U2G.jpg"}, "homeCity": "Brooklyn, New York", "lists": {"groups": [{"items": [], "count": 3, "type": "created"}]}}, {"tips": {"count": 0}, "contact": {"facebook": "4400983"}, "firstName": "Andy", "gender": "male", "lastName": "Jacobi", "id": "4772087", "bio": "", "photo": {"prefix": "https://igx.4sqi.net/img/user/", "suffix": "/USCEOZZ5D4D30QSB.jpg"}, "homeCity": "New York, NY", "lists": {"groups": [{"items": [], "count": 2, "type": "created"}]}}, {"tips": {"count": 1}, "contact": {}, "firstName": "Beth", "gender": "female", "lastName": "Oppenheim", "id": "12361841", "bio": "", "photo": {"prefix": "https://igx.4sqi.net/img/user/", "suffix": "/B2YXDK4LTH35RBKO.jpg"}, "homeCity": "New York, NY", "lists": {"groups": [{"items": [], "count": 2, "type": "created"}]}}, {"tips": {"count": 186}, "contact": {}, "firstName": "Whitney", "gender": "female", "lastName": "Fishman", "id": "11978652", "bio": "100% nerd. Fueled by runs, coffee, and sushi.", "photo": {"prefix": "https://igx.4sqi.net/img/user/", "suffix": "/11978652-VOSRSBYW1OQBLJ30.jpg"}, "homeCity": "New York, NY", "lists": {"groups": [{"items": [], "count": 8, "type": "created"}]}}, {"tips": {"count": 0}, "contact": {"facebook": "1200274"}, "firstName": "Stacey", "gender": "female", "lastName": "Wallace", "id": "36925604", "bio": "", "photo": {"prefix": "https://igx.4sqi.net/img/user/", "suffix": "/1VNFKOLEGQHWNUSB.jpg"}, "homeCity": "New York, NY", "lists": {"groups": [{"items": [], "count": 2, "type": "created"}]}}, {"tips": {"count": 0}, "contact": {"facebook": "608667"}, "firstName": "Jodie", "gender": "female", "lastName": "Wang", "id": "27683107", "bio": "", "photo": {"prefix": "https://igx.4sqi.net/img/user/", "suffix": "/PT2EZNYJHT0IRMN3.jpg"}, "homeCity": "New York, NY", "lists": {"groups": [{"items": [], "count": 3, "type": "created"}]}}, {"tips": {"count": 1}, "contact": {"facebook": "5300590"}, "firstName": "David", "gender": "male", "lastName": "Ochs", "id": "21742692", "bio": "", "photo": {"prefix": "https://igx.4sqi.net/img/user/", "suffix": "/blank_boy.png", "default": true}, "homeCity": "New York, NY", "lists": {"groups": [{"items": [], "count": 2, "type": "created"}]}}, {"tips": {"count": 9}, "contact": {"twitter": "ecniv", "facebook": "9501432"}, "firstName": "Vincent", "gender": "male", "lastName": "Crossley", "id": "48637", "bio": "", "photo": {"prefix": "https://igx.4sqi.net/img/user/", "suffix": "/ERAM3F3E54EASETB.jpg"}, "homeCity": "Queens, NY", "lists": {"groups": [{"items": [], "count": 3, "type": "created"}]}}, {"tips": {"count": 0}, "contact": {"facebook": "1300004"}, "firstName": "Rahul", "gender": "male", "lastName": "Kak", "id": "15249000", "bio": "", "photo": {"prefix": "https://igx.4sqi.net/img/user/", "suffix": "/5JLFK5V3ZVGLBCSY.jpg"}, "homeCity": "NY", "lists": {"groups": [{"items": [], "count": 2, "type": "created"}]}}, {"tips": {"count": 0}, "contact": {"facebook": "2217864"}, "firstName": "Amber", "gender": "female", "lastName": "Shapiro", "id": "1811388", "bio": "", "photo": {"prefix": "https://igx.4sqi.net/img/user/", "suffix": "/HEID1OENXKJUZ5OT.jpg"}, "homeCity": "Miguel Hidalgo, D.f.", "lists": {"groups": [{"items": [], "count": 2, "type": "created"}]}}, {"tips": {"count": 1}, "contact": {"twitter": "caryndonohue"}, "firstName": "Caryn", "gender": "female", "lastName": "Donohue", "id": "10945858", "bio": "", "photo": {"prefix": "https://igx.4sqi.net/img/user/", "suffix": "/QYZVNOFQNUQIL1EO.jpg"}, "homeCity": "NY", "lists": {"groups": [{"items": [], "count": 2, "type": "created"}]}}, {"tips": {"count": 0}, "contact": {"twitter": "thejenzink", "facebook": "1333020496"}, "firstName": "Jennifer", "gender": "female", "lastName": "Zink", "id": "12711385", "bio": "", "photo": {"prefix": "https://igx.4sqi.net/img/user/", "suffix": "/JUGPWS0HOZPO2120.jpg"}, "homeCity": "River Vale, NJ", "lists": {"groups": [{"items": [], "count": 2, "type": "created"}]}}, {"tips": {"count": 0}, "contact": {}, "firstName": "Stephanie", "gender": "none", "lastName": "Cheng", "id": "31060781", "bio": "", "photo": {"prefix": "https://igx.4sqi.net/img/user/", "suffix": "/blank_boy.png", "default": true}, "homeCity": "New York, NY", "lists": {"groups": [{"items": [], "count": 2, "type": "created"}]}}, {"tips": {"count": 2}, "contact": {"twitter": "cicutoface", "facebook": "32104292"}, "firstName": "Sarah", "gender": "female", "lastName": "Cicuto", "id": "550152", "bio": "digital marketing strategy, burritos, pop punk, dogs.", "photo": {"prefix": "https://igx.4sqi.net/img/user/", "suffix": "/550152-KZWDJB0QIVWGS0JR.jpg"}, "homeCity": "Chicago, IL", "lists": {"groups": [{"items": [], "count": 2, "type": "created"}]}}, {"tips": {"count": 0}, "contact": {"facebook": "801353"}, "firstName": "Kim", "gender": "female", "lastName": "Partrick", "id": "2015104", "bio": "", "photo": {"prefix": "https://igx.4sqi.net/img/user/", "suffix": "/LVCYUWI0GU2Z4YWW.jpg"}, "homeCity": "New York, NY", "lists": {"groups": [{"items": [], "count": 2, "type": "created"}]}}, {"tips": {"count": 3}, "contact": {"facebook": "10100824101555702"}, "firstName": "Blake", "gender": "male", "lastName": "Abrash", "id": "12782413", "bio": "", "photo": {"prefix": "https://igx.4sqi.net/img/user/", "suffix": "/2NQVLNQQC0V3PMTB.jpg"}, "homeCity": "NY", "lists": {"groups": [{"items": [], "count": 2, "type": "created"}]}}, {"tips": {"count": 3}, "contact": {}, "firstName": "Liz", "gender": "female", "lastName": "Harrison", "id": "10374126", "bio": "", "photo": {"prefix": "https://igx.4sqi.net/img/user/", "suffix": "/TGQ4V042DMVNEQ3C.jpg"}, "homeCity": "New York, NY", "lists": {"groups": [{"items": [], "count": 2, "type": "created"}]}}, {"tips": {"count": 2}, "contact": {"twitter": "jordancardinale"}, "firstName": "jordan", "gender": "female", "lastName": "cardinale", "id": "5348393", "bio": "", "photo": {"prefix": "https://igx.4sqi.net/img/user/", "suffix": "/HLVYSQTN5PRDCYCX.jpg"}, "homeCity": "New York, NY", "lists": {"groups": [{"items": [], "count": 2, "type": "created"}]}}, {"tips": {"count": 3}, "contact": {"facebook": "10104128140669813"}, "firstName": "Jordan", "gender": "male", "lastName": "Lang", "id": "18791476", "bio": "", "photo": {"prefix": "https://igx.4sqi.net/img/user/", "suffix": "/18791476-3OSLBK3OZRV5XI5Y.jpg"}, "homeCity": "New York, NY", "lists": {"groups": [{"items": [], "count": 2, "type": "created"}]}}, {"tips": {"count": 38}, "contact": {"twitter": "joonseokoh", "facebook": "10153768203482402"}, "firstName": "Joonseok", "gender": "male", "lastName": "Oh", "id": "12006308", "bio": "Columbia MBA, Korea Univ., Microsoft", "photo": {"prefix": "https://igx.4sqi.net/img/user/", "suffix": "/-HQINOMMKB5XYEP5J.jpg"}, "homeCity": "Bellevue, WA", "lists": {"groups": [{"items": [], "count": 2, "type": "created"}]}}, {"tips": {"count": 5}, "contact": {"twitter": "mrericvega", "facebook": "100001034349308"}, "firstName": "vega", "gender": "male", "lastName": "eric", "id": "7278285", "bio": "", "photo": {"prefix": "https://igx.4sqi.net/img/user/", "suffix": "/BCYFUKMVQ5I11W4S.jpg"}, "homeCity": "New York, NY", "lists": {"groups": [{"items": [], "count": 2, "type": "created"}]}}, {"tips": {"count": 0}, "contact": {"facebook": "631979420"}, "firstName": "Fernando", "gender": "male", "lastName": "Lopez", "id": "18799075", "bio": "", "photo": {"prefix": "https://igx.4sqi.net/img/user/", "suffix": "/UHUYYXKJBQJ2V2LL.jpg"}, "homeCity": "Parsippany-Troy Hills, NJ", "lists": {"groups": [{"items": [], "count": 2, "type": "created"}]}}, {"tips": {"count": 4}, "contact": {}, "firstName": "Jetty-Jane", "gender": "female", "lastName": "Connor", "id": "14153485", "bio": "", "photo": {"prefix": "https://igx.4sqi.net/img/user/", "suffix": "/ZU0SR1X1E10TI2US.jpg"}, "homeCity": "Brooklyn, NY", "lists": {"groups": [{"items": [], "count": 2, "type": "created"}]}}, {"tips": {"count": 0}, "contact": {"facebook": "806424"}, "firstName": "Amelia", "gender": "female", "lastName": "Nuland", "id": "8651867", "bio": "", "photo": {"prefix": "https://igx.4sqi.net/img/user/", "suffix": "/UX3IVTQ21KEVXNXC.jpg"}, "homeCity": "Fairfield, CT", "lists": {"groups": [{"items": [], "count": 2, "type": "created"}]}}, {"tips": {"count": 0}, "contact": {"facebook": "10100653702871131"}, "firstName": "Daniel", "gender": "male", "lastName": "Einhorn", "id": "19408314", "bio": "", "photo": {"prefix": "https://igx.4sqi.net/img/user/", "suffix": "/DHDW0THQ5XFMTCC3.jpg"}, "homeCity": "New York, NY", "lists": {"groups": [{"items": [], "count": 2, "type": "created"}]}}], "count": 196}, "checksum": "0aa82f19036610f4b82230ddcf78136d15d23794"}, "meta": {"requestId": "5965c0079fb6b77b793d86c5", "code": 200}}