{"notifications": [{"type": "notificationTray", "item": {"unreadCount": 0}}], "response": {"friends": {"items": [{"tips": {"count": 8}, "contact": {"twitter": "melissanyc"}, "firstName": "Melissa", "gender": "female", "lastName": "Meier", "id": "1039782", "bio": "", "photo": {"prefix": "https://igx.4sqi.net/img/user/", "suffix": "/SF1ZAYN5QYZUCALP.jpg"}, "homeCity": "New York, NY", "lists": {"groups": [{"items": [], "count": 2, "type": "created"}]}}, {"tips": {"count": 1}, "contact": {"facebook": "7302155"}, "firstName": "Cidney", "gender": "female", "lastName": "Falk", "id": "38352175", "bio": "", "photo": {"prefix": "https://igx.4sqi.net/img/user/", "suffix": "/UM4GKUWKRDSYTIUH.jpg"}, "homeCity": "New York, NY", "lists": {"groups": [{"items": [], "count": 2, "type": "created"}]}}, {"tips": {"count": 1}, "contact": {"facebook": "11300072"}, "firstName": "Rachel", "gender": "female", "id": "1093372", "bio": "", "photo": {"prefix": "https://igx.4sqi.net/img/user/", "suffix": "/L0DYDVI00D3USHYZ.jpg"}, "homeCity": "Washington, DC", "lists": {"groups": [{"items": [], "count": 2, "type": "created"}]}}, {"tips": {"count": 1}, "contact": {"facebook": "2903629"}, "firstName": "Kate", "gender": "female", "lastName": "Howells", "id": "28686201", "bio": "", "photo": {"prefix": "https://igx.4sqi.net/img/user/", "suffix": "/YROEHOGDFYR4WETJ.jpg"}, "homeCity": "New York, New York", "lists": {"groups": [{"items": [], "count": 2, "type": "created"}]}}, {"tips": {"count": 3}, "contact": {}, "firstName": "ariella", "gender": "female", "lastName": "beno", "id": "4339112", "bio": "", "photo": {"prefix": "https://igx.4sqi.net/img/user/", "suffix": "/ZPHQJSVG5NEJA2VM.jpg"}, "homeCity": "New York, NY", "lists": {"groups": [{"items": [], "count": 2, "type": "created"}]}}, {"tips": {"count": 0}, "contact": {}, "firstName": "Paulie", "gender": "male", "lastName": "Gee", "id": "1192223", "bio": "", "photo": {"prefix": "https://igx.4sqi.net/img/user/", "suffix": "/A2Z1VJQRQ5QO0ATM.jpg"}, "homeCity": "Greenpoint, Brooklyn", "lists": {"groups": [{"items": [], "count": 13, "type": "created"}]}}, {"tips": {"count": 6}, "contact": {"twitter": "ale_jax", "facebook": "3101293"}, "firstName": "Ale", "gender": "female", "lastName": "Hartman", "id": "19293655", "bio": "", "photo": {"prefix": "https://igx.4sqi.net/img/user/", "suffix": "/XHIST4ZOVCGCVTIF.jpg"}, "homeCity": "New York", "lists": {"groups": [{"items": [], "count": 2, "type": "created"}]}}, {"tips": {"count": 2}, "contact": {"twitter": "skydylanrobbins", "facebook": "1257136971"}, "firstName": "Sky", "gender": "female", "lastName": "Dylan-Robbins", "id": "25267686", "bio": "@skydylanrobbins", "photo": {"prefix": "https://igx.4sqi.net/img/user/", "suffix": "/DNAYHHVVOK4ZSRZK.jpg"}, "homeCity": "New York ", "lists": {"groups": [{"items": [], "count": 7, "type": "created"}]}}, {"tips": {"count": 4}, "contact": {"twitter": "knickschick7"}, "firstName": "brooklyn", "gender": "female", "id": "4262340", "bio": "clothing & nail polished obsessed. amateur american historian. ny knicks enthusiast. social media addict.", "photo": {"prefix": "https://igx.4sqi.net/img/user/", "suffix": "/AIR23XLZNXP3DHR0.jpg"}, "homeCity": "new york", "lists": {"groups": [{"items": [], "count": 3, "type": "created"}]}}, {"tips": {"count": 0}, "contact": {"facebook": "103200204"}, "firstName": "Bianca", "gender": "female", "lastName": "Maldonado", "id": "10301993", "bio": "", "photo": {"prefix": "https://igx.4sqi.net/img/user/", "suffix": "/2J20PPWTVV1OZFMY.jpg"}, "homeCity": "New York, NY", "lists": {"groups": [{"items": [], "count": 2, "type": "created"}]}}, {"tips": {"count": 8}, "contact": {"twitter": "davidlerman"}, "firstName": "David", "gender": "male", "lastName": "Lerman", "id": "1388652", "bio": "", "photo": {"prefix": "https://igx.4sqi.net/img/user/", "suffix": "/5JBVPPVBQWFVFTIW.jpg"}, "homeCity": "New York, NY", "lists": {"groups": [{"items": [], "count": 4, "type": "created"}]}}, {"tips": {"count": 0}, "contact": {}, "firstName": "Katrin", "gender": "female", "lastName": "K", "id": "21599068", "bio": "", "photo": {"prefix": "https://igx.4sqi.net/img/user/", "suffix": "/IIZDQ4HU3RM1ZT3B.jpg"}, "homeCity": "New York, NY", "lists": {"groups": [{"items": [], "count": 2, "type": "created"}]}}, {"tips": {"count": 0}, "contact": {}, "firstName": "Lauren", "gender": "female", "lastName": "Walsh", "id": "8218098", "bio": "", "photo": {"prefix": "https://igx.4sqi.net/img/user/", "suffix": "/blank_girl.png", "default": true}, "homeCity": "New York, NY", "lists": {"groups": [{"items": [], "count": 2, "type": "created"}]}}, {"tips": {"count": 6}, "contact": {"twitter": "re_return", "facebook": "15800132"}, "firstName": "Braxton", "gender": "male", "lastName": "Bragg", "id": "2290519", "bio": "", "photo": {"prefix": "https://igx.4sqi.net/img/user/", "suffix": "/DWVIUEKM0EAGD3JQ.jpg"}, "homeCity": "New York, New York", "lists": {"groups": [{"items": [], "count": 2, "type": "created"}]}}, {"tips": {"count": 12}, "contact": {"twitter": "eric3000", "facebook": "2400737"}, "firstName": "Eric", "gender": "male", "lastName": "Metelka", "id": "655755", "bio": "", "photo": {"prefix": "https://igx.4sqi.net/img/user/", "suffix": "/655755-DMHSG1WD0NCNMAGM.jpg"}, "homeCity": "Chicago, IL", "lists": {"groups": [{"items": [], "count": 11, "type": "created"}]}}, {"tips": {"count": 6}, "contact": {"twitter": "efpnyc", "facebook": "1086720541"}, "firstName": "Erin", "gender": "female", "lastName": "Fitzpatrick", "id": "442119", "bio": "Bonafide hustler making my name.", "photo": {"prefix": "https://igx.4sqi.net/img/user/", "suffix": "/442119-TOSMLOWMC40222DA.jpg"}, "homeCity": "New York, NY", "lists": {"groups": [{"items": [], "count": 6, "type": "created"}]}}, {"tips": {"count": 27}, "contact": {"twitter": "eatthisny"}, "firstName": "Eat This", "gender": "male", "lastName": "NY", "id": "2296835", "bio": "Self-proclaimed foodie always on the hunt for the next food adventure; Currently searching for the best cheesecake in NY", "photo": {"prefix": "https://igx.4sqi.net/img/user/", "suffix": "/2296835-0RRIYG3BTPAJOZON.jpg"}, "homeCity": "New York, NY", "lists": {"groups": [{"items": [], "count": 2, "type": "created"}]}}, {"tips": {"count": 166}, "contact": {}, "firstName": "Yong", "gender": "male", "lastName": "Kwon", "id": "599743", "bio": "I like to eat and drink. A lot.", "photo": {"prefix": "https://igx.4sqi.net/img/user/", "suffix": "/F0TJAX3UU0LF0NT4.jpg"}, "homeCity": "Washington, DC", "lists": {"groups": [{"items": [], "count": 26, "type": "created"}]}}, {"tips": {"count": 1}, "contact": {"facebook": "10102992733469932"}, "firstName": "Ritu", "gender": "female", "lastName": "Khanna", "id": "404316", "bio": "", "photo": {"prefix": "https://igx.4sqi.net/img/user/", "suffix": "/404316_OegbyWkr_T_NXQIz0tYLA6T-dE020jcJseqb5oWXMFV67rpyCcIlSGRgbhsBW_w0DDtYKXpGn.jpg"}, "homeCity": "New York, NY", "lists": {"groups": [{"items": [], "count": 2, "type": "created"}]}}, {"superuser": 2, "tips": {"count": 129}, "contact": {"twitter": "adamkuban", "facebook": "533610026"}, "firstName": "Adam", "gender": "male", "lastName": "Kuban", "id": "33946", "bio": "Pop-up bar pizza purveyor @MargotsPizza. Pizzamaker @PaulieGee. Founder of @Slice (RIP). I enjoy urban hiking, rainy days, naps.", "photo": {"prefix": "https://igx.4sqi.net/img/user/", "suffix": "/33946-4CUFV5KVMOOLDKSX.jpg"}, "homeCity": "Astoria, Queens, NY", "lists": {"groups": [{"items": [], "count": 20, "type": "created"}]}}, {"tips": {"count": 6}, "contact": {"twitter": "kellas", "facebook": "10103495366105158"}, "firstName": "Jennifer", "gender": "female", "lastName": "Kellas", "id": "3166", "bio": "Digital Strategy & Account Director at Korn Ferry Futurestep, writer, art historian & gal about town with a passion for making a difference.", "photo": {"prefix": "https://igx.4sqi.net/img/user/", "suffix": "/3166_1237101146.jpg"}, "homeCity": "New York, NY", "lists": {"groups": [{"items": [], "count": 7, "type": "created"}]}}, {"tips": {"count": 1}, "contact": {"twitter": "mhweiler", "facebook": "3100601"}, "firstName": "Matt", "gender": "male", "lastName": "Weiler", "id": "163723", "bio": "Finance at @glossier", "photo": {"prefix": "https://igx.4sqi.net/img/user/", "suffix": "/BFTPXFCCKXIU4ZF1.jpg"}, "homeCity": "New York, NY", "lists": {"groups": [{"items": [], "count": 4, "type": "created"}]}}, {"tips": {"count": 13}, "contact": {"twitter": "mattarobins", "facebook": "4800530"}, "firstName": "Matthew", "gender": "male", "lastName": "Robins", "id": "843587", "bio": "", "photo": {"prefix": "https://igx.4sqi.net/img/user/", "suffix": "/GVC43LCW4MEZXXDE.jpg"}, "homeCity": "New York, NY", "lists": {"groups": [{"items": [], "count": 11, "type": "created"}]}}, {"tips": {"count": 1}, "contact": {}, "firstName": "noah", "gender": "male", "id": "212523", "bio": "", "photo": {"prefix": "https://igx.4sqi.net/img/user/", "suffix": "/GW1MVWH1O24X0I1S.jpg"}, "homeCity": "New York, NY", "lists": {"groups": [{"items": [], "count": 2, "type": "created"}]}}, {"tips": {"count": 0}, "contact": {"facebook": "4200961"}, "firstName": "Bekka", "gender": "female", "lastName": "Rabison", "id": "31636820", "bio": "", "photo": {"prefix": "https://igx.4sqi.net/img/user/", "suffix": "/UA2AFAPGROUXXRTT.jpg"}, "homeCity": "San Francisco, CA", "lists": {"groups": [{"items": [], "count": 8, "type": "created"}]}}, {"tips": {"count": 0}, "contact": {}, "firstName": "Tanya", "gender": "female", "lastName": "Kessler", "id": "164869", "bio": "", "photo": {"prefix": "https://igx.4sqi.net/img/user/", "suffix": "/164869-I5KTKCHN4CR4ABAP.jpg"}, "homeCity": "", "lists": {"groups": [{"items": [], "count": 2, "type": "created"}]}}, {"tips": {"count": 3}, "contact": {"twitter": "steveneabore", "facebook": "814902"}, "firstName": "Steve", "gender": "male", "lastName": "Neabore", "id": "1481519", "bio": "", "photo": {"prefix": "https://igx.4sqi.net/img/user/", "suffix": "/XU34OK2XFNVWZPR3.jpg"}, "homeCity": "Brooklyn, NY", "lists": {"groups": [{"items": [], "count": 2, "type": "created"}]}}, {"tips": {"count": 4}, "contact": {"facebook": "10104210979410328"}, "firstName": "Nick", "gender": "male", "lastName": "L", "id": "1355547", "bio": "", "photo": {"prefix": "https://igx.4sqi.net/img/user/", "suffix": "/B0SERTJO0I5J5SIM.jpg"}, "homeCity": "Atlanta, GA", "lists": {"groups": [{"items": [], "count": 2, "type": "created"}]}}, {"tips": {"count": 0}, "contact": {"facebook": "10153155572183413"}, "firstName": "Paloma", "gender": "female", "lastName": "Ishii", "id": "119850091", "bio": "", "photo": {"prefix": "https://igx.4sqi.net/img/user/", "suffix": "/119850091-ZBFG2PXZCXTV33CG.jpg"}, "homeCity": "Evanston, Illinois", "lists": {"groups": [{"items": [], "count": 2, "type": "created"}]}}, {"tips": {"count": 29}, "contact": {"twitter": "jenahface", "facebook": "10735778"}, "firstName": "Jenny", "gender": "female", "lastName": "Dorsey", "id": "6237666", "bio": "Chef // Culinary Strategist // Entrepreneur. Find me at jennydorsey.co and @chefjennydorsey", "photo": {"prefix": "https://igx.4sqi.net/img/user/", "suffix": "/6237666-HIRAYC1VNOIVPQRB.jpg"}, "homeCity": "New York City", "lists": {"groups": [{"items": [], "count": 2, "type": "created"}]}}, {"tips": {"count": 13}, "contact": {"facebook": "100000204309039"}, "firstName": "Rose", "gender": "female", "lastName": "Az", "id": "6728431", "bio": "", "photo": {"prefix": "https://igx.4sqi.net/img/user/", "suffix": "/PV3V5XWIKYQZF4KF.jpg"}, "homeCity": "Media, Pa", "lists": {"groups": [{"items": [], "count": 2, "type": "created"}]}}, {"tips": {"count": 0}, "contact": {"twitter": "d_eepen", "facebook": "801566"}, "firstName": "Deepen", "gender": "male", "lastName": "Shah", "id": "28340935", "bio": "", "photo": {"prefix": "https://igx.4sqi.net/img/user/", "suffix": "/28340935-YPFT1X0FBSSXR2QZ.jpg"}, "homeCity": "East Village, NY", "lists": {"groups": [{"items": [], "count": 2, "type": "created"}]}}, {"tips": {"count": 0}, "contact": {"facebook": "801950"}, "firstName": "Shyam", "gender": "male", "lastName": "Patel", "id": "25568184", "bio": "", "photo": {"prefix": "https://igx.4sqi.net/img/user/", "suffix": "/RT0KJJFWUNZESBM1.jpg"}, "homeCity": "Astoria, NY", "lists": {"groups": [{"items": [], "count": 3, "type": "created"}]}}, {"tips": {"count": 14}, "contact": {"twitter": "themilesradio", "facebook": "5736002"}, "firstName": "Miles", "gender": "male", "id": "7942267", "bio": "", "photo": {"prefix": "https://igx.4sqi.net/img/user/", "suffix": "/I04LNL0ZFWHQLMCK.jpg"}, "homeCity": "Gaithersburg, MD", "lists": {"groups": [{"items": [], "count": 4, "type": "created"}]}}, {"tips": {"count": 17}, "contact": {"twitter": "fishnicker", "facebook": "8400661"}, "firstName": "Nick", "gender": "male", "lastName": "Fisher", "id": "13739331", "bio": "", "photo": {"prefix": "https://igx.4sqi.net/img/user/", "suffix": "/C2GGW5KBTDUPDKQF.jpg"}, "homeCity": "New York", "lists": {"groups": [{"items": [], "count": 4, "type": "created"}]}}, {"tips": {"count": 0}, "contact": {"facebook": "44900126"}, "firstName": "Anna", "gender": "female", "lastName": "Whitson", "id": "16171943", "bio": "", "photo": {"prefix": "https://igx.4sqi.net/img/user/", "suffix": "/4DBJCH51GUKFKIP1.jpg"}, "homeCity": "Seattle, WA", "lists": {"groups": [{"items": [], "count": 2, "type": "created"}]}}, {"tips": {"count": 0}, "contact": {}, "firstName": "jenna", "gender": "female", "lastName": "hurwitz", "id": "24861453", "bio": "", "photo": {"prefix": "https://igx.4sqi.net/img/user/", "suffix": "/blank_girl.png", "default": true}, "homeCity": "New York", "lists": {"groups": [{"items": [], "count": 2, "type": "created"}]}}, {"tips": {"count": 31}, "contact": {"facebook": "2533624"}, "firstName": "Emily", "gender": "female", "lastName": "Currin", "id": "9294702", "bio": "I made an airplane out of stone, I always did like staying home.", "photo": {"prefix": "https://igx.4sqi.net/img/user/", "suffix": "/V5YFXOU54QVXRBG3.jpg"}, "homeCity": "NY", "lists": {"groups": [{"items": [], "count": 2, "type": "created"}]}}, {"tips": {"count": 0}, "contact": {}, "firstName": "Rebby", "gender": "female", "lastName": "Bliss", "id": "2366786", "bio": "", "photo": {"prefix": "https://igx.4sqi.net/img/user/", "suffix": "/WTEDPALUC0QDF1FK.jpg"}, "homeCity": "New York, NY", "lists": {"groups": [{"items": [], "count": 2, "type": "created"}]}}, {"tips": {"count": 1}, "contact": {}, "firstName": "Kyle", "gender": "female", "lastName": "McKean", "id": "1176238", "bio": "", "photo": {"prefix": "https://igx.4sqi.net/img/user/", "suffix": "/FIR4LP4BRD3UZJT3.jpg"}, "homeCity": "New York", "lists": {"groups": [{"items": [], "count": 2, "type": "created"}]}}, {"tips": {"count": 24}, "contact": {"twitter": "cherylyeoh", "facebook": "409426"}, "firstName": "Cheryl", "gender": "female", "lastName": "Yeoh", "id": "445481", "bio": "Leading Product @WalmartLabs. Formerly Founder of Reclip.It (acquired by WalmartLabs). Foodie, scotch connoisseur and world explorer.", "photo": {"prefix": "https://igx.4sqi.net/img/user/", "suffix": "/3LVDQCZAVJR3LRP4.jpg"}, "homeCity": "San Francisco, CA", "lists": {"groups": [{"items": [], "count": 6, "type": "created"}]}}, {"tips": {"count": 9}, "contact": {}, "firstName": "Rula", "gender": "female", "id": "2298111", "bio": "", "photo": {"prefix": "https://igx.4sqi.net/img/user/", "suffix": "/2298111-BL4LC3J4UV0E33ZY.jpg"}, "homeCity": "Cincinnati, OH", "lists": {"groups": [{"items": [], "count": 26, "type": "created"}]}}, {"tips": {"count": 0}, "contact": {"twitter": "skeetco"}, "firstName": "Coleman", "gender": "male", "lastName": "Skeeter", "id": "636706", "bio": "", "photo": {"prefix": "https://igx.4sqi.net/img/user/", "suffix": "/636706-EIPYHDDF0UF15PWG.jpg"}, "homeCity": "New York, NY", "lists": {"groups": [{"items": [], "count": 2, "type": "created"}]}}, {"tips": {"count": 2}, "contact": {"twitter": "ageiger", "facebook": "10101545428715263"}, "firstName": "Abe", "gender": "male", "lastName": "Geiger", "id": "773376", "bio": "", "photo": {"prefix": "https://igx.4sqi.net/img/user/", "suffix": "/NOM1N5QVHQYYHHFZ.jpg"}, "homeCity": "New York, NY", "lists": {"groups": [{"items": [], "count": 4, "type": "created"}]}}, {"superuser": 2, "tips": {"count": 27}, "contact": {"twitter": "kludt", "facebook": "807100"}, "firstName": "Amanda", "gender": "female", "lastName": "Kludt", "id": "36943", "bio": "", "photo": {"prefix": "https://igx.4sqi.net/img/user/", "suffix": "/4a985330ad350.png"}, "homeCity": "Brooklyn, NY", "lists": {"groups": [{"items": [], "count": 5, "type": "created"}]}}, {"tips": {"count": 3}, "contact": {"twitter": "siobhandubs", "facebook": "735255645"}, "firstName": "Siobhan", "gender": "female", "lastName": "Wallace", "id": "4574", "bio": "Eater. Grad Student. 1/2 of @blondiebrownie.", "photo": {"prefix": "https://igx.4sqi.net/img/user/", "suffix": "/BWPJTOVVF0PDHRBN.jpg"}, "homeCity": "New York, NY", "lists": {"groups": [{"items": [], "count": 4, "type": "created"}]}}, {"tips": {"count": 8}, "contact": {"twitter": "aviondepapier", "facebook": "20102315"}, "firstName": "Melissa", "gender": "female", "lastName": "M", "id": "723748", "bio": "", "photo": {"prefix": "https://igx.4sqi.net/img/user/", "suffix": "/JPBJP4IHP0GC3QVO.jpg"}, "homeCity": "New York, NY", "lists": {"groups": [{"items": [], "count": 3, "type": "created"}]}}, {"tips": {"count": 1}, "contact": {"facebook": "10102525196906955"}, "firstName": "Jake", "gender": "male", "lastName": "Jolly", "id": "869436", "bio": "", "photo": {"prefix": "https://igx.4sqi.net/img/user/", "suffix": "/J4510ZWLFOZD5ESE.jpg"}, "homeCity": "New York, NY", "lists": {"groups": [{"items": [], "count": 2, "type": "created"}]}}, {"tips": {"count": 3}, "contact": {"twitter": "dwjammer"}, "firstName": "Dennis", "gender": "male", "lastName": "James", "id": "3385408", "bio": "", "photo": {"prefix": "https://igx.4sqi.net/img/user/", "suffix": "/RCWJVSR55YM3WCM4.jpg"}, "homeCity": "New York, NY", "lists": {"groups": [{"items": [], "count": 2, "type": "created"}]}}, {"tips": {"count": 0}, "contact": {"facebook": "608501"}, "firstName": "Dar", "gender": "male", "lastName": "Sandler", "id": "33446256", "bio": "", "photo": {"prefix": "https://igx.4sqi.net/img/user/", "suffix": "/BYFR5EILBXSXPHRO.jpg"}, "homeCity": "New York, NY", "lists": {"groups": [{"items": [], "count": 2, "type": "created"}]}}, {"tips": {"count": 4}, "contact": {"facebook": "10102088345475745"}, "firstName": "Nicole", "gender": "female", "lastName": "Price Fasig", "id": "174976", "bio": "", "photo": {"prefix": "https://igx.4sqi.net/img/user/", "suffix": "/3SUEZRYG0RAFOIWM.jpg"}, "homeCity": "New York, NY", "lists": {"groups": [{"items": [], "count": 2, "type": "created"}]}}, {"tips": {"count": 0}, "contact": {"facebook": "728963683"}, "firstName": "Shelley", "gender": "female", "lastName": "Huang", "id": "16214547", "bio": "", "photo": {"prefix": "https://igx.4sqi.net/img/user/", "suffix": "/L4Z4QC2DDMX3GDHS.jpg"}, "homeCity": "New York, NY", "lists": {"groups": [{"items": [], "count": 2, "type": "created"}]}}, {"tips": {"count": 0}, "contact": {"facebook": "10103023699074645"}, "firstName": "Soo", "gender": "female", "lastName": "Park", "id": "58960723", "bio": "", "photo": {"prefix": "https://igx.4sqi.net/img/user/", "suffix": "/BZQOOQHQ2UUYGIPD.jpg"}, "homeCity": "New York, NY", "lists": {"groups": [{"items": [], "count": 2, "type": "created"}]}}, {"tips": {"count": 3}, "contact": {"twitter": "kajalnycmba"}, "firstName": "Kajal", "gender": "female", "lastName": "Sanghrajka", "id": "6254315", "bio": "", "photo": {"prefix": "https://igx.4sqi.net/img/user/", "suffix": "/6254315-HKMGA55VDGAFNE1S.jpg"}, "homeCity": "New York, NY", "lists": {"groups": [{"items": [], "count": 4, "type": "created"}]}}, {"tips": {"count": 3}, "contact": {"facebook": "100000238613360"}, "firstName": "Shawn", "gender": "male", "lastName": "Kim", "id": "7205123", "bio": "", "photo": {"prefix": "https://igx.4sqi.net/img/user/", "suffix": "/7205123-EQJ5SSTBKPGORHHV.jpg"}, "homeCity": "New York, NY, USA", "lists": {"groups": [{"items": [], "count": 2, "type": "created"}]}}, {"tips": {"count": 1}, "contact": {"facebook": "3103485"}, "firstName": "Kenny", "gender": "male", "lastName": "Kline", "id": "36358952", "bio": "", "photo": {"prefix": "https://igx.4sqi.net/img/user/", "suffix": "/BX1D2URXRUQ2JD3J.jpg"}, "homeCity": "Brooklyn, NY", "lists": {"groups": [{"items": [], "count": 2, "type": "created"}]}}, {"tips": {"count": 0}, "contact": {"facebook": "209417"}, "firstName": "Tenoch", "gender": "male", "lastName": "Esparza", "id": "26300664", "bio": "", "photo": {"prefix": "https://igx.4sqi.net/img/user/", "suffix": "/YYD3RF04DRYDIKVR.jpg"}, "homeCity": "New York", "lists": {"groups": [{"items": [], "count": 3, "type": "created"}]}}, {"tips": {"count": 0}, "contact": {}, "firstName": "Dan", "gender": "male", "lastName": "Brooks", "id": "12100868", "bio": "", "photo": {"prefix": "https://igx.4sqi.net/img/user/", "suffix": "/0KSLFTCBGMUOURHR.jpg"}, "homeCity": "New York, NY", "lists": {"groups": [{"items": [], "count": 2, "type": "created"}]}}, {"tips": {"count": 0}, "contact": {"twitter": "adamkalamchi"}, "firstName": "Adam", "gender": "male", "lastName": "Kalamchi", "id": "15120499", "bio": "", "photo": {"prefix": "https://igx.4sqi.net/img/user/", "suffix": "/15120499-JJCKULIXITVFVZ2E.jpg"}, "homeCity": "NY", "lists": {"groups": [{"items": [], "count": 2, "type": "created"}]}}, {"tips": {"count": 3}, "contact": {"facebook": "15803733"}, "firstName": "Molly Anne", "gender": "female", "lastName": "Kreter", "id": "19458521", "bio": "", "photo": {"prefix": "https://igx.4sqi.net/img/user/", "suffix": "/ZOSL4V0S41VKYOD4.jpg"}, "homeCity": "New York, NY", "lists": {"groups": [{"items": [], "count": 2, "type": "created"}]}}, {"tips": {"count": 38}, "contact": {"facebook": "5500666"}, "firstName": "Alexandra", "gender": "female", "lastName": "P", "id": "10405497", "bio": "", "photo": {"prefix": "https://igx.4sqi.net/img/user/", "suffix": "/KJA1TXQTHW2CT3QR.jpg"}, "homeCity": "NY", "lists": {"groups": [{"items": [], "count": 8, "type": "created"}]}}, {"tips": {"count": 0}, "contact": {"twitter": "ellieskate", "facebook": "105647"}, "firstName": "Ellen", "gender": "female", "lastName": "Yan", "id": "2840894", "bio": "", "photo": {"prefix": "https://igx.4sqi.net/img/user/", "suffix": "/1V1DVA0UUV1HAJ4R.jpg"}, "homeCity": "New York, NY", "lists": {"groups": [{"items": [], "count": 2, "type": "created"}]}}, {"tips": {"count": 0}, "contact": {}, "firstName": "Amy", "gender": "female", "lastName": "D'Onofrio", "id": "4028552", "bio": "", "photo": {"prefix": "https://igx.4sqi.net/img/user/", "suffix": "/XKU0WKCCSCSRTNQ2.jpg"}, "homeCity": "New York, NY", "lists": {"groups": [{"items": [], "count": 2, "type": "created"}]}}, {"tips": {"count": 14}, "contact": {}, "firstName": "Erin", "gender": "female", "lastName": "Laird", "id": "2565887", "bio": "", "photo": {"prefix": "https://igx.4sqi.net/img/user/", "suffix": "/KTB2TBTCF50PEPNJ.jpg"}, "homeCity": "New York, NY", "lists": {"groups": [{"items": [], "count": 2, "type": "created"}]}}, {"tips": {"count": 0}, "contact": {"facebook": "907528"}, "firstName": "Erica", "gender": "female", "lastName": "Curtis", "id": "759264", "bio": "", "photo": {"prefix": "https://igx.4sqi.net/img/user/", "suffix": "/blank_girl.png", "default": true}, "homeCity": "New York", "lists": {"groups": [{"items": [], "count": 2, "type": "created"}]}}, {"tips": {"count": 13}, "contact": {"facebook": "17503863"}, "firstName": "Gil", "gender": "male", "id": "1515054", "bio": "", "photo": {"prefix": "https://igx.4sqi.net/img/user/", "suffix": "/DFCIJWSX4N4SYNON.jpg"}, "homeCity": ", NY", "lists": {"groups": [{"items": [], "count": 2, "type": "created"}]}}, {"tips": {"count": 46}, "contact": {"twitter": "bballan"}, "firstName": "Brian", "gender": "male", "lastName": "Ballan", "id": "39783", "bio": "", "photo": {"prefix": "https://igx.4sqi.net/img/user/", "suffix": "/LROWIM2JA1AQTM3V.jpg"}, "homeCity": "New York, NY", "lists": {"groups": [{"items": [], "count": 28, "type": "created"}]}}, {"tips": {"count": 16}, "contact": {"twitter": "bsheridan", "facebook": "201936"}, "firstName": "Barrett", "gender": "male", "lastName": "Sheridan", "id": "8886", "bio": "", "photo": {"prefix": "https://igx.4sqi.net/img/user/", "suffix": "/ZFUZO25PGR23XLEB.jpg"}, "homeCity": "New York, NY", "lists": {"groups": [{"items": [], "count": 3, "type": "created"}]}}, {"tips": {"count": 7}, "contact": {}, "firstName": "Daniel", "gender": "male", "lastName": "Mahon", "id": "823416", "bio": "", "photo": {"prefix": "https://igx.4sqi.net/img/user/", "suffix": "/O1ANYADWMKEKI1QH.jpg"}, "homeCity": "New York, NY", "lists": {"groups": [{"items": [], "count": 5, "type": "created"}]}}, {"tips": {"count": 47}, "contact": {}, "firstName": "Aimee", "gender": "none", "id": "927457", "bio": "", "photo": {"prefix": "https://igx.4sqi.net/img/user/", "suffix": "/927457-YCSUC4GFPYWK31JL.jpg"}, "homeCity": "New York", "lists": {"groups": [{"items": [], "count": 2, "type": "created"}]}}, {"tips": {"count": 60}, "contact": {"twitter": "jfrizk", "facebook": "1403027"}, "firstName": "Joe", "gender": "male", "lastName": "Rizk", "id": "3892136", "bio": "", "photo": {"prefix": "https://igx.4sqi.net/img/user/", "suffix": "/UPEQ1B1EYRDRIRWC.jpg"}, "homeCity": "New York, NY", "lists": {"groups": [{"items": [], "count": 11, "type": "created"}]}}, {"tips": {"count": 1}, "contact": {}, "firstName": "Will", "gender": "male", "lastName": "Houghteling", "id": "34157808", "bio": "", "photo": {"prefix": "https://igx.4sqi.net/img/user/", "suffix": "/5ISMFKQITWSXANKX.jpg"}, "homeCity": "San Bruno, CA", "lists": {"groups": [{"items": [], "count": 4, "type": "created"}]}}, {"tips": {"count": 0}, "contact": {"facebook": "3901216"}, "firstName": "Margaret", "gender": "female", "lastName": "Ryan", "id": "29346916", "bio": "", "photo": {"prefix": "https://igx.4sqi.net/img/user/", "suffix": "/29346916-A5UL52LD2XJQ4DCZ.jpg"}, "homeCity": "New York, NY", "lists": {"groups": [{"items": [], "count": 4, "type": "created"}]}}, {"tips": {"count": 0}, "contact": {"facebook": "847783188725"}, "firstName": "Cara", "gender": "female", "lastName": "G", "id": "18421173", "bio": "", "photo": {"prefix": "https://igx.4sqi.net/img/user/", "suffix": "/18421173-UZDVRMHPIITEKVH0.jpg"}, "homeCity": "NY", "lists": {"groups": [{"items": [], "count": 2, "type": "created"}]}}, {"tips": {"count": 0}, "contact": {"facebook": "695821105"}, "firstName": "Roya", "gender": "none", "id": "70581462", "bio": "", "photo": {"prefix": "https://igx.4sqi.net/img/user/", "suffix": "/U55GEJZ5AX2OYGF2.jpg"}, "homeCity": "New York, NY", "lists": {"groups": [{"items": [], "count": 2, "type": "created"}]}}, {"tips": {"count": 0}, "contact": {}, "firstName": "Michael", "gender": "male", "lastName": "Melmed", "id": "6254996", "bio": "", "photo": {"prefix": "https://igx.4sqi.net/img/user/", "suffix": "/LGBVBOJVL40WIDEY.jpg"}, "homeCity": "new york", "lists": {"groups": [{"items": [], "count": 2, "type": "created"}]}}, {"tips": {"count": 0}, "contact": {"facebook": "815651"}, "firstName": "Adam", "gender": "male", "lastName": "Schaffer", "id": "7236993", "bio": "", "photo": {"prefix": "https://igx.4sqi.net/img/user/", "suffix": "/KT4DUISNCAW4RXAB.jpg"}, "homeCity": "New York, NY", "lists": {"groups": [{"items": [], "count": 2, "type": "created"}]}}, {"tips": {"count": 0}, "contact": {"facebook": "202959"}, "firstName": "Liz", "gender": "female", "lastName": "Harrison", "id": "36597383", "bio": "", "photo": {"prefix": "https://igx.4sqi.net/img/user/", "suffix": "/BN0ZT2VPQWGQ1SYM.jpg"}, "homeCity": "New York, NY", "lists": {"groups": [{"items": [], "count": 2, "type": "created"}]}}, {"tips": {"count": 0}, "contact": {"facebook": "301409"}, "firstName": "Jose", "gender": "male", "lastName": "Garza", "id": "27129292", "bio": "", "photo": {"prefix": "https://igx.4sqi.net/img/user/", "suffix": "/JAJD2TK5LOPFIVVD.jpg"}, "homeCity": "Bronx, NY", "lists": {"groups": [{"items": [], "count": 2, "type": "created"}]}}, {"tips": {"count": 1}, "contact": {"twitter": "jojocanthink", "facebook": "29904262"}, "firstName": "Esther", "gender": "female", "lastName": "Hatkoff", "id": "17034060", "bio": "", "photo": {"prefix": "https://igx.4sqi.net/img/user/", "suffix": "/QWPQNVPSCRZ3EVBY.jpg"}, "homeCity": "Los Angeles, CA", "lists": {"groups": [{"items": [], "count": 2, "type": "created"}]}}, {"tips": {"count": 10}, "contact": {}, "firstName": "Becky", "gender": "female", "lastName": "Adkins-Cephas", "id": "21562825", "bio": "", "photo": {"prefix": "https://igx.4sqi.net/img/user/", "suffix": "/1VQISSXBCQU3QCC2.jpg"}, "homeCity": "Long Island City, NY", "lists": {"groups": [{"items": [], "count": 6, "type": "created"}]}}, {"tips": {"count": 0}, "contact": {}, "firstName": "Lindsay", "gender": "female", "lastName": "Horrigan", "id": "19521520", "bio": "", "photo": {"prefix": "https://igx.4sqi.net/img/user/", "suffix": "/blank_girl.png", "default": true}, "homeCity": "Stamford, CT", "lists": {"groups": [{"items": [], "count": 2, "type": "created"}]}}, {"tips": {"count": 178}, "contact": {}, "firstName": "LuisAlfredo", "gender": "male", "lastName": "Zambrano", "id": "3743599", "bio": "", "photo": {"prefix": "https://igx.4sqi.net/img/user/", "suffix": "/P04UED5EICB1DH33.jpg"}, "homeCity": "Austin, TX", "lists": {"groups": [{"items": [], "count": 12, "type": "created"}]}}, {"tips": {"count": 1}, "contact": {"twitter": "jfrads", "facebook": "800057"}, "firstName": "Jennifer", "gender": "female", "lastName": "Fradlin", "id": "8893246", "bio": "", "photo": {"prefix": "https://igx.4sqi.net/img/user/", "suffix": "/8893246-EXTHGSYF4GGB3CFL.jpg"}, "homeCity": "New York, FL", "lists": {"groups": [{"items": [], "count": 2, "type": "created"}]}}, {"superuser": 1, "tips": {"count": 40}, "contact": {"twitter": "ericajmoss", "facebook": "12102234"}, "firstName": "Erica", "gender": "female", "lastName": "Moss", "id": "2897250", "bio": "new yorker. 32, going on 13.", "photo": {"prefix": "https://igx.4sqi.net/img/user/", "suffix": "/2897250_sUJOg15N_AHqhlEvBGiiRShSk6TMJwEoQxC3Vf5q27BM1Us0w-KaPI2JJM2-t_dyCInKNNT09.jpg"}, "homeCity": "New York, NY", "lists": {"groups": [{"items": [], "count": 6, "type": "created"}]}}, {"tips": {"count": 50}, "contact": {"twitter": "laurabedrossian", "facebook": "17601269"}, "firstName": "Laura", "gender": "female", "lastName": "Bedrossian", "id": "15141443", "bio": "", "photo": {"prefix": "https://igx.4sqi.net/img/user/", "suffix": "/EDBR1VUCDGEWN1AI.jpg"}, "homeCity": "NY", "lists": {"groups": [{"items": [], "count": 8, "type": "created"}]}}, {"tips": {"count": 66}, "contact": {"twitter": "omaraharoun", "facebook": "1201594"}, "firstName": "Omar", "gender": "male", "lastName": "Haroun", "id": "3327261", "bio": "", "photo": {"prefix": "https://igx.4sqi.net/img/user/", "suffix": "/RYT5P40X2MZX5WC5.jpg"}, "homeCity": "New York, NY", "lists": {"groups": [{"items": [], "count": 3, "type": "created"}]}}, {"superuser": 1, "tips": {"count": 45}, "contact": {"twitter": "tabes", "facebook": "10105732445040989"}, "firstName": "Emily", "gender": "female", "lastName": "Tabak", "id": "40179", "bio": "Eating my way through Singapore and beyond!", "photo": {"prefix": "https://igx.4sqi.net/img/user/", "suffix": "/40179_1253702091181.jpg"}, "homeCity": "Singapore", "lists": {"groups": [{"items": [], "count": 6, "type": "created"}]}}, {"tips": {"count": 0}, "contact": {}, "firstName": "Dani", "gender": "female", "lastName": "Bergmann", "id": "17378", "bio": "", "photo": {"prefix": "https://igx.4sqi.net/img/user/", "suffix": "/5OMMVAFFQDH5S3EA.jpg"}, "homeCity": "New York, NY", "lists": {"groups": [{"items": [], "count": 2, "type": "created"}]}}, {"tips": {"count": 2}, "contact": {"facebook": "20100027"}, "firstName": "Julie", "gender": "female", "lastName": "Grates", "id": "9048202", "bio": "", "photo": {"prefix": "https://igx.4sqi.net/img/user/", "suffix": "/TQZ4KRIRH51H2VPT.jpg"}, "homeCity": "New York, NY", "lists": {"groups": [{"items": [], "count": 2, "type": "created"}]}}, {"tips": {"count": 5}, "contact": {}, "firstName": "Seth", "gender": "male", "lastName": "Archambault", "id": "1102556", "bio": "", "photo": {"prefix": "https://igx.4sqi.net/img/user/", "suffix": "/1102556-WBF1UKHYU3YMNHR2.jpg"}, "homeCity": "Philadelphia, PA", "lists": {"groups": [{"items": [], "count": 5, "type": "created"}]}}, {"tips": {"count": 5}, "contact": {"twitter": "adrienneksmith", "facebook": "9507926"}, "firstName": "Adrienne", "gender": "female", "lastName": "Smith", "id": "4445637", "bio": "Co-creator of the iPhone app Cheazza, for finding cheap pizza around NYC. Download for free at www.cheazza.com", "photo": {"prefix": "https://igx.4sqi.net/img/user/", "suffix": "/SFTLMOZKIGFNHMDZ.jpg"}, "homeCity": "Brooklyn, NY", "lists": {"groups": [{"items": [], "count": 2, "type": "created"}]}}, {"tips": {"count": 1}, "contact": {"facebook": "21001824"}, "firstName": "Brittany", "gender": "female", "lastName": "Baum", "id": "38243580", "bio": "", "photo": {"prefix": "https://igx.4sqi.net/img/user/", "suffix": "/LIY4W524LIHBOBPG.jpg"}, "homeCity": "New York, NY", "lists": {"groups": [{"items": [], "count": 3, "type": "created"}]}}, {"tips": {"count": 5}, "contact": {"facebook": "18809712"}, "firstName": "Luis", "gender": "male", "lastName": "Galarza", "id": "57725639", "bio": "", "photo": {"prefix": "https://igx.4sqi.net/img/user/", "suffix": "/5ZFVOVNRKSRAEUWN.jpg"}, "homeCity": "New York, NY", "lists": {"groups": [{"items": [], "count": 2, "type": "created"}]}}, {"tips": {"count": 4}, "contact": {"twitter": "palleyster", "facebook": "7400811"}, "firstName": "Becky", "gender": "female", "lastName": "P", "id": "18612765", "bio": "", "photo": {"prefix": "https://igx.4sqi.net/img/user/", "suffix": "/KLDYOFIY4AC10QSS.jpg"}, "homeCity": "New York, NY", "lists": {"groups": [{"items": [], "count": 2, "type": "created"}]}}, {"tips": {"count": 6}, "contact": {"twitter": "uzonyc", "facebook": "103457"}, "firstName": "Uzo", "gender": "male", "id": "6257274", "bio": "Me, New York City and the stuff in between...", "photo": {"prefix": "https://igx.4sqi.net/img/user/", "suffix": "/2LN5KR4MEOTLWS0I.jpg"}, "homeCity": "New York, NY", "lists": {"groups": [{"items": [], "count": 5, "type": "created"}]}}, {"tips": {"count": 1}, "contact": {"twitter": "alix_fitzgerald", "facebook": "501497"}, "firstName": "Alix", "gender": "female", "lastName": "FitzGerald", "id": "7755328", "bio": "", "photo": {"prefix": "https://igx.4sqi.net/img/user/", "suffix": "/7755328_ROn9xu1i_7p89L3VZHRCDnzlvkk2w-y_k1leUeZnwVyzWJGeaDr5fOJZDKRorb1yocn9240tI.jpg"}, "homeCity": "New York, NY", "lists": {"groups": [{"items": [], "count": 13, "type": "created"}]}}, {"tips": {"count": 0}, "contact": {"facebook": "1603750"}, "firstName": "Courtney", "gender": "female", "lastName": "Ambrose", "id": "36652675", "bio": "", "photo": {"prefix": "https://igx.4sqi.net/img/user/", "suffix": "/EEF2XUIWANVEW4ND.jpg"}, "homeCity": "New York, NY", "lists": {"groups": [{"items": [], "count": 2, "type": "created"}]}}, {"tips": {"count": 0}, "contact": {"facebook": "1905241"}, "firstName": "Andrew", "gender": "male", "lastName": "Morcos", "id": "28387146", "bio": "", "photo": {"prefix": "https://igx.4sqi.net/img/user/", "suffix": "/28387146-1XGGVZDTJHYITH3A.jpg"}, "homeCity": "San Francisco, CA", "lists": {"groups": [{"items": [], "count": 3, "type": "created"}]}}, {"tips": {"count": 15}, "contact": {"twitter": "debscher"}, "firstName": "Debbie", "gender": "female", "lastName": "S", "id": "17455885", "bio": "", "photo": {"prefix": "https://igx.4sqi.net/img/user/", "suffix": "/17455885-TD33Z2DWPOTGN3FK.jpg"}, "homeCity": "New York", "lists": {"groups": [{"items": [], "count": 9, "type": "created"}]}}, {"tips": {"count": 5}, "contact": {}, "firstName": "Alix", "gender": "female", "lastName": "P", "id": "39446408", "bio": "", "photo": {"prefix": "https://igx.4sqi.net/img/user/", "suffix": "/RB3L25IUGUBMMVRX.jpg"}, "homeCity": "New York", "lists": {"groups": [{"items": [], "count": 3, "type": "created"}]}}, {"tips": {"count": 0}, "contact": {"facebook": "816867"}, "firstName": "Zak", "gender": "male", "lastName": "Williams", "id": "20851782", "bio": "", "photo": {"prefix": "https://igx.4sqi.net/img/user/", "suffix": "/20851782-U5PKSP1BC2SJ2RE4.jpg"}, "homeCity": "New York, NY", "lists": {"groups": [{"items": [], "count": 2, "type": "created"}]}}, {"tips": {"count": 106}, "contact": {"twitter": "jeffreytastes", "facebook": "100001236128068"}, "firstName": "Jeff", "gender": "male", "lastName": "Orlick", "id": "31032682", "bio": "Awesome food, cultural, rad, and other experiences in New York - especially Queens. I won't stop.", "photo": {"prefix": "https://igx.4sqi.net/img/user/", "suffix": "/4GQ4EBOFRGBO0P15.jpg"}, "homeCity": "Queens, New York", "lists": {"groups": [{"items": [], "count": 10, "type": "created"}]}}, {"tips": {"count": 1}, "contact": {}, "firstName": "Vivek", "gender": "male", "id": "21705295", "bio": "", "photo": {"prefix": "https://igx.4sqi.net/img/user/", "suffix": "/21705295-T3RLAOR1BP1CRUKK.jpg"}, "homeCity": "New York, NY", "lists": {"groups": [{"items": [], "count": 8, "type": "created"}]}}, {"tips": {"count": 1}, "contact": {}, "firstName": "Stefanie", "gender": "female", "lastName": "Shuman", "id": "5867235", "bio": "", "photo": {"prefix": "https://igx.4sqi.net/img/user/", "suffix": "/TK5J3VJ22NHBLHPW.jpg"}, "homeCity": "New York, NY", "lists": {"groups": [{"items": [], "count": 2, "type": "created"}]}}, {"tips": {"count": 2}, "contact": {}, "firstName": "Ira", "gender": "male", "lastName": "Glasser", "id": "19631741", "bio": "", "photo": {"prefix": "https://igx.4sqi.net/img/user/", "suffix": "/TD54F2AHN3JSPGSL.jpg"}, "homeCity": "New York, NY", "lists": {"groups": [{"items": [], "count": 2, "type": "created"}]}}, {"tips": {"count": 3}, "contact": {}, "firstName": "Marta", "gender": "female", "lastName": "Kuersten", "id": "38852349", "bio": "", "photo": {"prefix": "https://irs0.4sqi.net/img/user/", "suffix": "/BOCXSJABLEJA2YRV.jpg"}, "homeCity": "New York, NY", "lists": {"groups": [{"items": [], "count": 2, "type": "created"}]}}, {"tips": {"count": 4}, "contact": {"twitter": "jasonpickar", "facebook": "81000143"}, "firstName": "Jason", "gender": "male", "lastName": "Pickar", "id": "45034", "bio": "", "photo": {"prefix": "https://igx.4sqi.net/img/user/", "suffix": "/4ab1a22867ead.jpg"}, "homeCity": "Los Angeles, CA", "lists": {"groups": [{"items": [], "count": 2, "type": "created"}]}}, {"tips": {"count": 5}, "contact": {"twitter": "curlymils", "facebook": "7900332"}, "firstName": "Amelia", "gender": "female", "lastName": "Whitman", "id": "17644", "bio": "", "photo": {"prefix": "https://igx.4sqi.net/img/user/", "suffix": "/DV2VU45ATHZHB0ZN.jpg"}, "homeCity": "Austin, TX", "lists": {"groups": [{"items": [], "count": 2, "type": "created"}]}}, {"tips": {"count": 2}, "contact": {}, "firstName": "Rishita", "gender": "female", "id": "14619780", "bio": "", "photo": {"prefix": "https://igx.4sqi.net/img/user/", "suffix": "/IQJ2IBEJ5WIIQEG4.jpg"}, "homeCity": "NY", "lists": {"groups": [{"items": [], "count": 2, "type": "created"}]}}, {"tips": {"count": 2}, "contact": {}, "firstName": "Rebecca", "gender": "female", "lastName": "Canan", "id": "1148186", "bio": "", "photo": {"prefix": "https://igx.4sqi.net/img/user/", "suffix": "/1148186-UNB1PJ5VUL5G40S4.jpg"}, "homeCity": "Washington, DC", "lists": {"groups": [{"items": [], "count": 3, "type": "created"}]}}, {"tips": {"count": 0}, "contact": {"facebook": "4400983"}, "firstName": "Andy", "gender": "male", "lastName": "Jacobi", "id": "4772087", "bio": "", "photo": {"prefix": "https://igx.4sqi.net/img/user/", "suffix": "/USCEOZZ5D4D30QSB.jpg"}, "homeCity": "New York, NY", "lists": {"groups": [{"items": [], "count": 2, "type": "created"}]}}, {"tips": {"count": 0}, "contact": {"facebook": "1032752850"}, "firstName": "Johnny", "gender": "male", "lastName": "Xing Haipeng", "id": "51937099", "bio": "", "photo": {"prefix": "https://igx.4sqi.net/img/user/", "suffix": "/IIMYRY4CS0KH4UTP.jpg"}, "homeCity": "New York, NY", "lists": {"groups": [{"items": [], "count": 2, "type": "created"}]}}, {"tips": {"count": 37}, "contact": {"twitter": "leightiffany", "facebook": "336009326593733"}, "firstName": "Tiffany", "gender": "female", "lastName": "Leigh", "id": "60171250", "bio": "Food and Travel Writer. Featured in Huffington Post Canada, Eater, and others.", "photo": {"prefix": "https://igx.4sqi.net/img/user/", "suffix": "/60171250-FS44QXF2VHSGIFGU.jpg"}, "homeCity": "Toronto, ON", "lists": {"groups": [{"items": [], "count": 2, "type": "created"}]}}, {"tips": {"count": 0}, "contact": {"facebook": "48902395"}, "firstName": "Mathew", "gender": "male", "id": "27743824", "bio": "", "photo": {"prefix": "https://igx.4sqi.net/img/user/", "suffix": "/KSRUNZJMBO4SB1IG.jpg"}, "homeCity": "Hong Kong", "lists": {"groups": [{"items": [], "count": 2, "type": "created"}]}}, {"tips": {"count": 4}, "contact": {"twitter": "linmuemuse", "facebook": "823384"}, "firstName": "Lindsay", "gender": "female", "lastName": "Mueller", "id": "6878576", "bio": "", "photo": {"prefix": "https://igx.4sqi.net/img/user/", "suffix": "/XJXGSBNBPTN45LGE.jpg"}, "homeCity": "Brooklyn, NY", "lists": {"groups": [{"items": [], "count": 2, "type": "created"}]}}, {"tips": {"count": 26}, "contact": {}, "firstName": "Madeline", "gender": "female", "lastName": "R", "id": "7757137", "bio": "", "photo": {"prefix": "https://igx.4sqi.net/img/user/", "suffix": "/ITXWK5OZE21TCHPR.jpg"}, "homeCity": "New York, NY", "lists": {"groups": [{"items": [], "count": 20, "type": "created"}]}}, {"tips": {"count": 0}, "contact": {"facebook": "1200274"}, "firstName": "Stacey", "gender": "female", "lastName": "Wallace", "id": "36925604", "bio": "", "photo": {"prefix": "https://igx.4sqi.net/img/user/", "suffix": "/1VNFKOLEGQHWNUSB.jpg"}, "homeCity": "New York, NY", "lists": {"groups": [{"items": [], "count": 2, "type": "created"}]}}, {"tips": {"count": 0}, "contact": {"facebook": "608667"}, "firstName": "Jodie", "gender": "female", "lastName": "Wang", "id": "27683107", "bio": "", "photo": {"prefix": "https://igx.4sqi.net/img/user/", "suffix": "/PT2EZNYJHT0IRMN3.jpg"}, "homeCity": "New York, NY", "lists": {"groups": [{"items": [], "count": 3, "type": "created"}]}}, {"tips": {"count": 8}, "contact": {"facebook": "514281963"}, "firstName": "Luca", "gender": "male", "lastName": "Coda", "id": "39702959", "bio": "", "photo": {"prefix": "https://igx.4sqi.net/img/user/", "suffix": "/THHASW4TQEGOMDNN.jpg"}, "homeCity": "Lazio", "lists": {"groups": [{"items": [], "count": 3, "type": "created"}]}}, {"tips": {"count": 0}, "contact": {"facebook": "576057251"}, "firstName": "Leerone", "gender": "female", "lastName": "Anolik", "id": "57792768", "bio": "", "photo": {"prefix": "https://igx.4sqi.net/img/user/", "suffix": "/C0LE5CI2JGAX4CGH.jpg"}, "homeCity": "New York, NY", "lists": {"groups": [{"items": [], "count": 6, "type": "created"}]}}, {"tips": {"count": 3}, "contact": {"twitter": "jigabyte", "facebook": "39100828"}, "firstName": "Jigar", "gender": "male", "lastName": "Patel", "id": "42918224", "bio": "", "photo": {"prefix": "https://igx.4sqi.net/img/user/", "suffix": "/42918224-NHLGTEUU3J30NOCR.jpg"}, "homeCity": "New York, NY", "lists": {"groups": [{"items": [], "count": 3, "type": "created"}]}}, {"tips": {"count": 26}, "contact": {"facebook": "10912039"}, "firstName": "Kristin", "gender": "female", "lastName": "P", "id": "5867272", "bio": "", "photo": {"prefix": "https://igx.4sqi.net/img/user/", "suffix": "/5867272-QHVHIJSICBWYAXU3.jpg"}, "homeCity": "New York, NY", "lists": {"groups": [{"items": [], "count": 8, "type": "created"}]}}, {"tips": {"count": 0}, "contact": {"twitter": "ena487386", "facebook": "15804753"}, "firstName": "Evan", "gender": "male", "lastName": "Abrams", "id": "22397889", "bio": "", "photo": {"prefix": "https://igx.4sqi.net/img/user/", "suffix": "/CYYIV3WFXLFOEH3D.jpg"}, "homeCity": "Greenwich, CT", "lists": {"groups": [{"items": [], "count": 2, "type": "created"}]}}, {"tips": {"count": 0}, "contact": {"facebook": "36903832"}, "firstName": "Nikolas", "gender": "male", "lastName": "Socratous", "id": "65507986", "bio": "", "photo": {"prefix": "https://igx.4sqi.net/img/user/", "suffix": "/OLBAQEZLGQEKIEKL.jpg"}, "homeCity": "Pafos, 06", "lists": {"groups": [{"items": [], "count": 2, "type": "created"}]}}, {"tips": {"count": 7}, "contact": {"twitter": "iloveburgers", "facebook": "804968"}, "firstName": "Savage", "gender": "female", "id": "803972", "bio": "", "photo": {"prefix": "https://igx.4sqi.net/img/user/", "suffix": "/GJNM0V4DKUSJTC5D.jpg"}, "homeCity": "New York, NY", "lists": {"groups": [{"items": [], "count": 2, "type": "created"}]}}, {"tips": {"count": 12}, "contact": {"twitter": "zschwarz", "facebook": "2805961"}, "firstName": "Zak", "gender": "male", "lastName": "Schwarzman", "id": "17682", "bio": "", "photo": {"prefix": "https://igx.4sqi.net/img/user/", "suffix": "/DGMNO54J4QCNYENC.jpg"}, "homeCity": "New York, NY", "lists": {"groups": [{"items": [], "count": 6, "type": "created"}]}}, {"tips": {"count": 0}, "contact": {"facebook": "1300004"}, "firstName": "Rahul", "gender": "male", "lastName": "Kak", "id": "15249000", "bio": "", "photo": {"prefix": "https://igx.4sqi.net/img/user/", "suffix": "/5JLFK5V3ZVGLBCSY.jpg"}, "homeCity": "NY", "lists": {"groups": [{"items": [], "count": 2, "type": "created"}]}}, {"tips": {"count": 1}, "contact": {}, "firstName": "Pauline", "gender": "female", "lastName": "Y", "id": "1150740", "bio": "", "photo": {"prefix": "https://igx.4sqi.net/img/user/", "suffix": "/2RZTL4CHP2Q4KDNR.jpg"}, "homeCity": "New York, NY", "lists": {"groups": [{"items": [], "count": 2, "type": "created"}]}}, {"tips": {"count": 1}, "contact": {"twitter": "caryndonohue"}, "firstName": "Caryn", "gender": "female", "lastName": "Donohue", "id": "10945858", "bio": "", "photo": {"prefix": "https://igx.4sqi.net/img/user/", "suffix": "/QYZVNOFQNUQIL1EO.jpg"}, "homeCity": "NY", "lists": {"groups": [{"items": [], "count": 2, "type": "created"}]}}, {"tips": {"count": 0}, "contact": {"facebook": "3411848"}, "firstName": "Cheyenne", "gender": "female", "lastName": "Huang", "id": "52433660", "bio": "", "photo": {"prefix": "https://igx.4sqi.net/img/user/", "suffix": "/blank_girl.png", "default": true}, "homeCity": "New York, NY", "lists": {"groups": [{"items": [], "count": 2, "type": "created"}]}}, {"tips": {"count": 0}, "contact": {}, "firstName": "Marina", "gender": "female", "lastName": "Araujo", "id": "84018118", "bio": "", "photo": {"prefix": "https://igx.4sqi.net/img/user/", "suffix": "/84018118-W2TPDSYAOMBQRU45.jpg"}, "homeCity": "Zurich", "lists": {"groups": [{"items": [], "count": 9, "type": "created"}]}}, {"tips": {"count": 0}, "contact": {}, "firstName": "Jennifer", "gender": "female", "lastName": "McCaleb", "id": "41371888", "bio": "", "photo": {"prefix": "https://igx.4sqi.net/img/user/", "suffix": "/IVXMOECDBLLG5HC1.jpg"}, "homeCity": "New York, NY", "lists": {"groups": [{"items": [], "count": 13, "type": "created"}]}}, {"tips": {"count": 15}, "contact": {}, "firstName": "Ari", "gender": "male", "lastName": "F", "id": "7263689", "bio": "", "photo": {"prefix": "https://igx.4sqi.net/img/user/", "suffix": "/QVHUJ2PTSLANXUTW.jpg"}, "homeCity": "New York, NY", "lists": {"groups": [{"items": [], "count": 4, "type": "created"}]}}, {"tips": {"count": 27}, "contact": {"twitter": "sagewohns", "facebook": "2900068"}, "firstName": "Sage", "gender": "male", "lastName": "Wohns", "id": "11893715", "bio": "", "photo": {"prefix": "https://igx.4sqi.net/img/user/", "suffix": "/TUXTL4YTKMPG3FXO.jpg"}, "homeCity": "New York, NY", "lists": {"groups": [{"items": [], "count": 17, "type": "created"}]}}, {"tips": {"count": 1}, "contact": {}, "firstName": "Nick", "gender": "male", "id": "37322114", "bio": "", "photo": {"prefix": "https://igx.4sqi.net/img/user/", "suffix": "/blank_boy.png", "default": true}, "homeCity": "New York, NY", "lists": {"groups": [{"items": [], "count": 2, "type": "created"}]}}, {"tips": {"count": 5}, "contact": {"facebook": "2603935"}, "firstName": "Michael", "gender": "male", "lastName": "Goldsmith", "id": "29062146", "bio": "", "photo": {"prefix": "https://igx.4sqi.net/img/user/", "suffix": "/BFHCTWOJNBWX31CT.jpg"}, "homeCity": "New York, NY", "lists": {"groups": [{"items": [], "count": 2, "type": "created"}]}}, {"tips": {"count": 0}, "contact": {"facebook": "17402197"}, "firstName": "Terry", "gender": "male", "lastName": "McCarthy", "id": "97512165", "bio": "", "photo": {"prefix": "https://igx.4sqi.net/img/user/", "suffix": "/97512165-DLSUWC3KOIFHHHBF.jpg"}, "homeCity": "", "lists": {"groups": [{"items": [], "count": 2, "type": "created"}]}}, {"tips": {"count": 0}, "contact": {"facebook": "1306065"}, "firstName": "Matt", "gender": "male", "lastName": "Dorsey", "id": "43231066", "bio": "", "photo": {"prefix": "https://igx.4sqi.net/img/user/", "suffix": "/blank_boy.png", "default": true}, "homeCity": "New York, NY", "lists": {"groups": [{"items": [], "count": 2, "type": "created"}]}}, {"tips": {"count": 7}, "contact": {"twitter": "flohodolo", "facebook": "1354710061"}, "firstName": "Flora", "gender": "female", "lastName": "Horowitz", "id": "14278890", "bio": "", "photo": {"prefix": "https://igx.4sqi.net/img/user/", "suffix": "/3TQUL5Z3MSXJGJ3B.jpg"}, "homeCity": "Brooklyn, NY", "lists": {"groups": [{"items": [], "count": 3, "type": "created"}]}}, {"tips": {"count": 2}, "contact": {}, "firstName": "Marianna", "gender": "female", "lastName": "Zazzer", "id": "63529750", "bio": "", "photo": {"prefix": "https://igx.4sqi.net/img/user/", "suffix": "/NBKZKGFBDXOGKIQP.jpg"}, "homeCity": "New York, NY", "lists": {"groups": [{"items": [], "count": 3, "type": "created"}]}}, {"tips": {"count": 0}, "contact": {"facebook": "3112156"}, "firstName": "Benjamin", "gender": "male", "lastName": "Steward", "id": "10517482", "bio": "", "photo": {"prefix": "https://igx.4sqi.net/img/user/", "suffix": "/W5CNO4HRNYPNBY1N.jpg"}, "homeCity": "NY", "lists": {"groups": [{"items": [], "count": 2, "type": "created"}]}}, {"superuser": 2, "tips": {"count": 65}, "contact": {"twitter": "ricebird", "facebook": "52800909"}, "firstName": "katharine", "gender": "female", "lastName": "ricci", "id": "18601", "bio": "Killer", "photo": {"prefix": "https://igx.4sqi.net/img/user/", "suffix": "/18601-T2STHIHDY3CQHTZU.jpg"}, "homeCity": "New York, NY", "lists": {"groups": [{"items": [], "count": 9, "type": "created"}]}}, {"tips": {"count": 0}, "contact": {"twitter": "brianbockrath"}, "firstName": "Brian", "gender": "male", "lastName": "Bockrath", "id": "86153006", "bio": "", "photo": {"prefix": "https://igx.4sqi.net/img/user/", "suffix": "/86153006-IIQXV5RROMJ23KYI.jpg"}, "homeCity": "New York, NY", "lists": {"groups": [{"items": [], "count": 2, "type": "created"}]}}, {"tips": {"count": 0}, "contact": {"twitter": "kristinjtweets", "facebook": "2405038"}, "firstName": "Kristin", "gender": "female", "lastName": "Johnson", "id": "1158841", "bio": "", "photo": {"prefix": "https://igx.4sqi.net/img/user/", "suffix": "/3MQCWSMSHWQSEU1U.jpg"}, "homeCity": "Brandon, FL", "lists": {"groups": [{"items": [], "count": 6, "type": "created"}]}}, {"tips": {"count": 1}, "contact": {"twitter": "amymckeever", "facebook": "5501124"}, "firstName": "Amy", "gender": "none", "lastName": "McKeever", "id": "41275784", "bio": "", "photo": {"prefix": "https://igx.4sqi.net/img/user/", "suffix": "/T4AB3FSMTJUBW4VU.jpg"}, "homeCity": "washington dc", "lists": {"groups": [{"items": [], "count": 2, "type": "created"}]}}, {"tips": {"count": 13}, "contact": {}, "firstName": "Zachariah", "gender": "male", "lastName": "Brown", "id": "58322901", "bio": "", "photo": {"prefix": "https://igx.4sqi.net/img/user/", "suffix": "/AZO13RDZX2PAGHAP.jpg"}, "homeCity": "New York, NY", "lists": {"groups": [{"items": [], "count": 3, "type": "created"}]}}, {"tips": {"count": 0}, "contact": {"facebook": "3106264"}, "firstName": "Jesse", "gender": "male", "lastName": "Eisman", "id": "41742503", "bio": "", "photo": {"prefix": "https://igx.4sqi.net/img/user/", "suffix": "/ZI202B1R1UCHI1ZK.jpg"}, "homeCity": "New York, NY", "lists": {"groups": [{"items": [], "count": 2, "type": "created"}]}}, {"tips": {"count": 2}, "contact": {}, "firstName": "Marie", "gender": "female", "lastName": "Assante", "id": "7287184", "bio": "", "photo": {"prefix": "https://igx.4sqi.net/img/user/", "suffix": "/L2RI3GRZSUNWJ1TW.jpg"}, "homeCity": "New York, NY", "lists": {"groups": [{"items": [], "count": 2, "type": "created"}]}}, {"tips": {"count": 186}, "contact": {}, "firstName": "Whitney", "gender": "female", "lastName": "Fishman", "id": "11978652", "bio": "100% nerd. Fueled by runs, coffee, and sushi.", "photo": {"prefix": "https://igx.4sqi.net/img/user/", "suffix": "/11978652-VOSRSBYW1OQBLJ30.jpg"}, "homeCity": "New York, NY", "lists": {"groups": [{"items": [], "count": 8, "type": "created"}]}}, {"tips": {"count": 21}, "contact": {"twitter": "shannonvittoria", "facebook": "819263"}, "firstName": "Shannon", "gender": "female", "lastName": "Vittoria", "id": "37887483", "bio": "", "photo": {"prefix": "https://igx.4sqi.net/img/user/", "suffix": "/JRST0NT1QQBWYMT5.jpg"}, "homeCity": "New York, NY", "lists": {"groups": [{"items": [], "count": 4, "type": "created"}]}}, {"tips": {"count": 59}, "contact": {}, "firstName": "Mallie", "gender": "female", "lastName": "T", "id": "16954165", "bio": "", "photo": {"prefix": "https://igx.4sqi.net/img/user/", "suffix": "/16954165-WQNNY0J35BZQPD2A.jpg"}, "homeCity": "Washington, DC", "lists": {"groups": [{"items": [], "count": 20, "type": "created"}]}}, {"tips": {"count": 0}, "contact": {"facebook": "11900946"}, "firstName": "Sebi", "gender": "male", "lastName": "Salas", "id": "74501711", "bio": "", "photo": {"prefix": "https://igx.4sqi.net/img/user/", "suffix": "/74501711-333RL4M3REEDQLPY.jpg"}, "homeCity": "New York, NY", "lists": {"groups": [{"items": [], "count": 2, "type": "created"}]}}, {"tips": {"count": 11}, "contact": {"twitter": "benleventhal"}, "firstName": "Ben", "gender": "male", "lastName": "L", "id": "29965", "bio": "", "photo": {"prefix": "https://igx.4sqi.net/img/user/", "suffix": "/MYGAA2LY05LFZMXK.jpg"}, "homeCity": "New York, NY", "lists": {"groups": [{"items": [], "count": 8, "type": "created"}]}}, {"tips": {"count": 0}, "contact": {"facebook": "100000038075719"}, "firstName": "Josie", "gender": "female", "lastName": "Chiles", "id": "86675255", "bio": "", "photo": {"prefix": "https://igx.4sqi.net/img/user/", "suffix": "/blank_girl.png", "default": true}, "homeCity": "New York, NY", "lists": {"groups": [{"items": [], "count": 2, "type": "created"}]}}, {"tips": {"count": 0}, "contact": {}, "firstName": "Geoff", "gender": "male", "lastName": "Doner", "id": "1276641", "bio": "", "photo": {"prefix": "https://igx.4sqi.net/img/user/", "suffix": "/NR0FKNOVJ20BUW1H.jpg"}, "homeCity": "New York, NY", "lists": {"groups": [{"items": [], "count": 3, "type": "created"}]}}, {"tips": {"count": 1}, "contact": {"facebook": "100091"}, "firstName": "Yael", "gender": "female", "lastName": "Silverstein", "id": "41305740", "bio": "", "photo": {"prefix": "https://igx.4sqi.net/img/user/", "suffix": "/QHILFFMUN5RFMB3U.jpg"}, "homeCity": "New York, NY", "lists": {"groups": [{"items": [], "count": 2, "type": "created"}]}}, {"tips": {"count": 5}, "contact": {}, "firstName": "Lindsey", "gender": "female", "lastName": "Pete", "id": "68372434", "bio": "", "photo": {"prefix": "https://igx.4sqi.net/img/user/", "suffix": "/68372434-AAOIZT2RYIXCRTBR.jpg"}, "homeCity": "New York, NY", "lists": {"groups": [{"items": [], "count": 3, "type": "created"}]}}, {"tips": {"count": 4}, "contact": {"facebook": "4000222"}, "firstName": "Liz", "gender": "female", "lastName": "Wilkes", "id": "45468365", "bio": "", "photo": {"prefix": "https://igx.4sqi.net/img/user/", "suffix": "/2B4UWOZ45TNNEL0B.jpg"}, "homeCity": "New York", "lists": {"groups": [{"items": [], "count": 3, "type": "created"}]}}, {"tips": {"count": 3}, "contact": {"facebook": "1144980760"}, "firstName": "Melissa", "gender": "female", "lastName": "Kravitz", "id": "8574428", "bio": "", "photo": {"prefix": "https://igx.4sqi.net/img/user/", "suffix": "/MNV5CUHAK2EXSOSM.jpg"}, "homeCity": "NY", "lists": {"groups": [{"items": [], "count": 2, "type": "created"}]}}, {"tips": {"count": 3}, "contact": {}, "firstName": "Preston", "gender": "male", "lastName": "B", "id": "24598137", "bio": "", "photo": {"prefix": "https://igx.4sqi.net/img/user/", "suffix": "/24598137-YE0S3YEUEBFQIPO3.jpg"}, "homeCity": "New York, NY", "lists": {"groups": [{"items": [], "count": 2, "type": "created"}]}}, {"tips": {"count": 1}, "contact": {"facebook": "100002876688978"}, "firstName": "Alex", "gender": "male", "lastName": "Montgomery", "id": "50217025", "bio": "", "photo": {"prefix": "https://igx.4sqi.net/img/user/", "suffix": "/HXBIIYQFWH0EH44G.jpg"}, "homeCity": "Brooklyn, NY", "lists": {"groups": [{"items": [], "count": 2, "type": "created"}]}}, {"tips": {"count": 1}, "contact": {"facebook": "5300590"}, "firstName": "David", "gender": "male", "lastName": "Ochs", "id": "21742692", "bio": "", "photo": {"prefix": "https://igx.4sqi.net/img/user/", "suffix": "/blank_boy.png", "default": true}, "homeCity": "New York, NY", "lists": {"groups": [{"items": [], "count": 2, "type": "created"}]}}, {"tips": {"count": 0}, "contact": {"facebook": "101178"}, "firstName": "Ricky", "gender": "male", "lastName": "Rios", "id": "96442066", "bio": "", "photo": {"prefix": "https://igx.4sqi.net/img/user/", "suffix": "/96442066-41N3RU0FKKBIVEWZ.jpg"}, "homeCity": "Seattle, Washington", "lists": {"groups": [{"items": [], "count": 2, "type": "created"}]}}, {"tips": {"count": 9}, "contact": {"twitter": "ecniv", "facebook": "9501432"}, "firstName": "Vincent", "gender": "male", "lastName": "Crossley", "id": "48637", "bio": "", "photo": {"prefix": "https://igx.4sqi.net/img/user/", "suffix": "/ERAM3F3E54EASETB.jpg"}, "homeCity": "Queens, NY", "lists": {"groups": [{"items": [], "count": 3, "type": "created"}]}}, {"tips": {"count": 0}, "contact": {}, "firstName": "Kimothy", "gender": "female", "lastName": "P", "id": "135379756", "bio": "", "photo": {"prefix": "https://igx.4sqi.net/img/user/", "suffix": "/135379756-MISVX0W3XSNVILCG.jpg"}, "homeCity": "New York, NY", "lists": {"groups": [{"items": [], "count": 2, "type": "created"}]}}, {"tips": {"count": 0}, "contact": {"twitter": "jondtay", "facebook": "2601577"}, "firstName": "Jonathan", "gender": "male", "lastName": "Taylor", "id": "1285907", "bio": "", "photo": {"prefix": "https://igx.4sqi.net/img/user/", "suffix": "/CKFSLNHLNQ3K4U2G.jpg"}, "homeCity": "Brooklyn, New York", "lists": {"groups": [{"items": [], "count": 3, "type": "created"}]}}, {"tips": {"count": 0}, "contact": {}, "firstName": "Simge", "gender": "female", "lastName": "Ayd\u0131n", "id": "344596583", "bio": "", "photo": {"prefix": "https://igx.4sqi.net/img/user/", "suffix": "/344596583-1U5QZYYB0P23UVIZ"}, "homeCity": "26, Eskisehir", "lists": {"groups": [{"items": [], "count": 2, "type": "created"}]}}, {"tips": {"count": 1}, "contact": {}, "firstName": "Beth", "gender": "female", "lastName": "Oppenheim", "id": "12361841", "bio": "", "photo": {"prefix": "https://igx.4sqi.net/img/user/", "suffix": "/B2YXDK4LTH35RBKO.jpg"}, "homeCity": "New York, NY", "lists": {"groups": [{"items": [], "count": 2, "type": "created"}]}}, {"tips": {"count": 5}, "contact": {"twitter": "robertshabib", "facebook": "193101209"}, "firstName": "Robert", "gender": "male", "lastName": "Habib", "id": "49002931", "bio": "Homme du monde", "photo": {"prefix": "https://igx.4sqi.net/img/user/", "suffix": "/49002931-QKWZ5NGHF3QOLKWN.jpg"}, "homeCity": "London, UK", "lists": {"groups": [{"items": [], "count": 2, "type": "created"}]}}, {"tips": {"count": 0}, "contact": {}, "firstName": "Stephanie", "gender": "none", "lastName": "Cheng", "id": "31060781", "bio": "", "photo": {"prefix": "https://igx.4sqi.net/img/user/", "suffix": "/blank_boy.png", "default": true}, "homeCity": "New York, NY", "lists": {"groups": [{"items": [], "count": 2, "type": "created"}]}}, {"tips": {"count": 5}, "contact": {"twitter": "22ndandphilly"}, "firstName": "22ndandPhilly", "gender": "none", "lastName": "Food Blog", "id": "124982", "bio": "Two young professionals blogging their everyday thoughts on where/what to eat in Philadelphia. www.22ndandphilly.com", "photo": {"prefix": "https://igx.4sqi.net/img/user/", "suffix": "/KH0IB1HKBPYRZGSQ.jpg"}, "homeCity": "Philadelphia, PA", "lists": {"groups": [{"items": [], "count": 2, "type": "created"}]}}, {"tips": {"count": 0}, "contact": {"facebook": "2217864"}, "firstName": "Amber", "gender": "female", "lastName": "Shapiro", "id": "1811388", "bio": "", "photo": {"prefix": "https://igx.4sqi.net/img/user/", "suffix": "/HEID1OENXKJUZ5OT.jpg"}, "homeCity": "Miguel Hidalgo, D.f.", "lists": {"groups": [{"items": [], "count": 2, "type": "created"}]}}, {"tips": {"count": 0}, "contact": {"twitter": "thejenzink", "facebook": "1333020496"}, "firstName": "Jennifer", "gender": "female", "lastName": "Zink", "id": "12711385", "bio": "", "photo": {"prefix": "https://igx.4sqi.net/img/user/", "suffix": "/JUGPWS0HOZPO2120.jpg"}, "homeCity": "River Vale, NJ", "lists": {"groups": [{"items": [], "count": 2, "type": "created"}]}}, {"tips": {"count": 7}, "contact": {"twitter": "danyacg"}, "firstName": "Danya", "gender": "female", "lastName": "Shults", "id": "478907", "bio": "Community, culture, and talent builder. Previously at Spark Capital, Skilllshare, and TFA. Co-founder of Pop-Up Shabbat and The Ish.", "photo": {"prefix": "https://igx.4sqi.net/img/user/", "suffix": "/478907-TUOX5OBKXAYLADO2.jpg"}, "homeCity": "Brooklyn, NY", "lists": {"groups": [{"items": [], "count": 4, "type": "created"}]}}, {"tips": {"count": 34}, "contact": {}, "firstName": "Micah", "gender": "male", "lastName": "Halsey", "id": "1826952", "bio": "", "photo": {"prefix": "https://igx.4sqi.net/img/user/", "suffix": "/JXAJOKC0ZKFHXB1V.jpg"}, "homeCity": "New York, NY", "lists": {"groups": [{"items": [], "count": 19, "type": "created"}]}}, {"tips": {"count": 3}, "contact": {"facebook": "10100824101555702"}, "firstName": "Blake", "gender": "male", "lastName": "Abrash", "id": "12782413", "bio": "", "photo": {"prefix": "https://igx.4sqi.net/img/user/", "suffix": "/2NQVLNQQC0V3PMTB.jpg"}, "homeCity": "NY", "lists": {"groups": [{"items": [], "count": 2, "type": "created"}]}}, {"tips": {"count": 2}, "contact": {"twitter": "cicutoface", "facebook": "32104292"}, "firstName": "Sarah", "gender": "female", "lastName": "Cicuto", "id": "550152", "bio": "digital marketing strategy, burritos, pop punk, dogs.", "photo": {"prefix": "https://igx.4sqi.net/img/user/", "suffix": "/550152-KZWDJB0QIVWGS0JR.jpg"}, "homeCity": "Chicago, IL", "lists": {"groups": [{"items": [], "count": 2, "type": "created"}]}}, {"tips": {"count": 0}, "contact": {"facebook": "801353"}, "firstName": "Kim", "gender": "female", "lastName": "Partrick", "id": "2015104", "bio": "", "photo": {"prefix": "https://igx.4sqi.net/img/user/", "suffix": "/LVCYUWI0GU2Z4YWW.jpg"}, "homeCity": "New York, NY", "lists": {"groups": [{"items": [], "count": 2, "type": "created"}]}}, {"tips": {"count": 6}, "contact": {}, "firstName": "Erica", "gender": "female", "lastName": "Delaney", "id": "12796268", "bio": "", "photo": {"prefix": "https://igx.4sqi.net/img/user/", "suffix": "/12796268-5BQ3O4H35X3WS3C3.jpg"}, "homeCity": "New York, NY", "lists": {"groups": [{"items": [], "count": 2, "type": "created"}]}}, {"tips": {"count": 3}, "contact": {}, "firstName": "Liz", "gender": "female", "lastName": "Harrison", "id": "10374126", "bio": "", "photo": {"prefix": "https://igx.4sqi.net/img/user/", "suffix": "/TGQ4V042DMVNEQ3C.jpg"}, "homeCity": "New York, NY", "lists": {"groups": [{"items": [], "count": 2, "type": "created"}]}}, {"tips": {"count": 13}, "contact": {"facebook": "501571"}, "firstName": "Iris", "gender": "female", "lastName": "Xu", "id": "2174990", "bio": "", "photo": {"prefix": "https://igx.4sqi.net/img/user/", "suffix": "/3DC2AIPCKB353OAF.jpg"}, "homeCity": "New York, NY", "lists": {"groups": [{"items": [], "count": 3, "type": "created"}]}}, {"tips": {"count": 3}, "contact": {"facebook": "10104128140669813"}, "firstName": "Jordan", "gender": "male", "lastName": "Lang", "id": "18791476", "bio": "", "photo": {"prefix": "https://igx.4sqi.net/img/user/", "suffix": "/18791476-3OSLBK3OZRV5XI5Y.jpg"}, "homeCity": "New York, NY", "lists": {"groups": [{"items": [], "count": 2, "type": "created"}]}}, {"tips": {"count": 38}, "contact": {"twitter": "joonseokoh", "facebook": "10153768203482402"}, "firstName": "Joonseok", "gender": "male", "lastName": "Oh", "id": "12006308", "bio": "Columbia MBA, Korea Univ., Microsoft", "photo": {"prefix": "https://igx.4sqi.net/img/user/", "suffix": "/-HQINOMMKB5XYEP5J.jpg"}, "homeCity": "Bellevue, WA", "lists": {"groups": [{"items": [], "count": 2, "type": "created"}]}}, {"tips": {"count": 0}, "contact": {"twitter": "scottspizzatour"}, "firstName": "Scott", "gender": "male", "lastName": "Wiener", "id": "2650978", "bio": "", "photo": {"prefix": "https://igx.4sqi.net/img/user/", "suffix": "/K35CDJZIVOCEZKSX.jpg"}, "homeCity": "Brooklyn, NY", "lists": {"groups": [{"items": [], "count": 2, "type": "created"}]}}, {"tips": {"count": 0}, "contact": {"facebook": "631979420"}, "firstName": "Fernando", "gender": "male", "lastName": "Lopez", "id": "18799075", "bio": "", "photo": {"prefix": "https://igx.4sqi.net/img/user/", "suffix": "/UHUYYXKJBQJ2V2LL.jpg"}, "homeCity": "Parsippany-Troy Hills, NJ", "lists": {"groups": [{"items": [], "count": 2, "type": "created"}]}}, {"tips": {"count": 4}, "contact": {}, "firstName": "Jetty-Jane", "gender": "female", "lastName": "Connor", "id": "14153485", "bio": "", "photo": {"prefix": "https://igx.4sqi.net/img/user/", "suffix": "/ZU0SR1X1E10TI2US.jpg"}, "homeCity": "Brooklyn, NY", "lists": {"groups": [{"items": [], "count": 2, "type": "created"}]}}, {"tips": {"count": 2}, "contact": {"twitter": "jordancardinale"}, "firstName": "jordan", "gender": "female", "lastName": "cardinale", "id": "5348393", "bio": "", "photo": {"prefix": "https://igx.4sqi.net/img/user/", "suffix": "/HLVYSQTN5PRDCYCX.jpg"}, "homeCity": "New York, NY", "lists": {"groups": [{"items": [], "count": 2, "type": "created"}]}}, {"tips": {"count": 22}, "contact": {"facebook": "10101818221965564"}, "firstName": "Ankush", "gender": "male", "lastName": "Bhatia", "id": "41560984", "bio": "", "photo": {"prefix": "https://igx.4sqi.net/img/user/", "suffix": "/41560984_zf94zO17_FqbOpzb-_2jc5tt07Kz0lXE6uj06tXGJRp4uMKMnn1b-WggI_qt-uiK6bikTuRTW.jpg"}, "homeCity": "New York, New York", "lists": {"groups": [{"items": [], "count": 2, "type": "created"}]}}, {"tips": {"count": 1}, "contact": {"facebook": "1010231623"}, "firstName": "Jason", "gender": "male", "lastName": "Scher", "id": "79733752", "bio": "", "photo": {"prefix": "https://igx.4sqi.net/img/user/", "suffix": "/blank_boy.png", "default": true}, "homeCity": "New York, NY", "lists": {"groups": [{"items": [], "count": 2, "type": "created"}]}}, {"tips": {"count": 5}, "contact": {"twitter": "mrericvega", "facebook": "100001034349308"}, "firstName": "vega", "gender": "male", "lastName": "eric", "id": "7278285", "bio": "", "photo": {"prefix": "https://igx.4sqi.net/img/user/", "suffix": "/BCYFUKMVQ5I11W4S.jpg"}, "homeCity": "New York, NY", "lists": {"groups": [{"items": [], "count": 2, "type": "created"}]}}, {"tips": {"count": 0}, "contact": {"facebook": "1200243"}, "firstName": "Anish", "gender": "male", "lastName": "Vaishnav", "id": "79805078", "bio": "", "photo": {"prefix": "https://igx.4sqi.net/img/user/", "suffix": "/79805078-2QEOYZWFYNT4O5OP.jpg"}, "homeCity": "New York, NY", "lists": {"groups": [{"items": [], "count": 2, "type": "created"}]}}, {"tips": {"count": 0}, "contact": {"facebook": "806424"}, "firstName": "Amelia", "gender": "female", "lastName": "Nuland", "id": "8651867", "bio": "", "photo": {"prefix": "https://igx.4sqi.net/img/user/", "suffix": "/UX3IVTQ21KEVXNXC.jpg"}, "homeCity": "Fairfield, CT", "lists": {"groups": [{"items": [], "count": 2, "type": "created"}]}}, {"tips": {"count": 0}, "contact": {}, "firstName": "Naomi", "gender": "female", "id": "80856705", "bio": "", "photo": {"prefix": "https://igx.4sqi.net/img/user/", "suffix": "/80856705-ZVEMOA1Z0C1XRY21.jpg"}, "homeCity": "", "lists": {"groups": [{"items": [], "count": 2, "type": "created"}]}}, {"tips": {"count": 0}, "contact": {"facebook": "10100653702871131"}, "firstName": "Daniel", "gender": "male", "lastName": "Einhorn", "id": "19408314", "bio": "", "photo": {"prefix": "https://igx.4sqi.net/img/user/", "suffix": "/DHDW0THQ5XFMTCC3.jpg"}, "homeCity": "New York, NY", "lists": {"groups": [{"items": [], "count": 2, "type": "created"}]}}, {"tips": {"count": 0}, "contact": {"facebook": "544995482"}, "firstName": "Albert", "gender": "male", "lastName": "Pozzi", "id": "46706300", "bio": "", "photo": {"prefix": "https://igx.4sqi.net/img/user/", "suffix": "/HIZBTILEPMPBQAKR.jpg"}, "homeCity": "New York, NY", "lists": {"groups": [{"items": [], "count": 15, "type": "created"}]}}], "count": 196}, "checksum": "3ddd6714d49ac9b6c7b4a71de32f4496146d3923"}, "meta": {"requestId": "5965c0074434b96bffeee707", "code": 200}}