{"notifications": [{"type": "notificationTray", "item": {"unreadCount": 0}}], "meta": {"requestId": "5966fff51ed219630307e937", "code": 200}, "response": {"friends": {"count": 53, "items": [{"id": "56590446", "photo": {"prefix": "https://igx.4sqi.net/img/user/", "default": true, "suffix": "/blank_girl.png"}, "homeCity": "Imus, Cavite", "contact": {"facebook": "613652869"}, "firstName": "Nell", "tips": {"count": 0}, "gender": "female", "lastName": "Lavin-Puringue", "lists": {"groups": [{"count": 2, "type": "created", "items": []}]}, "bio": ""}, {"id": "52306667", "photo": {"prefix": "https://igx.4sqi.net/img/user/", "suffix": "/XUMZRNRV3TYSMK4D.jpg"}, "homeCity": "Singapore", "contact": {"facebook": "602640791"}, "firstName": "Noah", "tips": {"count": 0}, "gender": "male", "lastName": "Lee Wen Jun", "lists": {"groups": [{"count": 2, "type": "created", "items": []}]}, "bio": ""}, {"id": "4334323", "photo": {"prefix": "https://igx.4sqi.net/img/user/", "suffix": "/LWBDCUC4BSAEZADP.jpg"}, "homeCity": "Singapore", "contact": {"facebook": "665000065", "twitter": "luanalow"}, "firstName": "Luana", "tips": {"count": 0}, "gender": "female", "lastName": "Low", "lists": {"groups": [{"count": 2, "type": "created", "items": []}]}, "bio": ""}, {"id": "6799694", "photo": {"prefix": "https://igx.4sqi.net/img/user/", "suffix": "/5NF31WDRBAMAFD0E.jpg"}, "homeCity": "Singapore", "contact": {"facebook": "726570163", "twitter": "scheam"}, "firstName": "Samuel", "tips": {"count": 0}, "gender": "male", "lastName": "Cheam", "lists": {"groups": [{"count": 2, "type": "created", "items": []}]}, "bio": ""}, {"id": "4419917", "photo": {"prefix": "https://igx.4sqi.net/img/user/", "suffix": "/TUV2HHZO2IXRNYWW.jpg"}, "homeCity": "Singapore", "contact": {}, "firstName": "Shermaine", "tips": {"count": 0}, "gender": "female", "lastName": "Lee", "lists": {"groups": [{"count": 2, "type": "created", "items": []}]}, "bio": ""}, {"id": "246543", "photo": {"prefix": "https://igx.4sqi.net/img/user/", "suffix": "/246543-BFDXOBQRLCGOA1VP.jpg"}, "homeCity": "Singapore", "contact": {"facebook": "748015407", "twitter": "litford"}, "firstName": "Brian", "tips": {"count": 23}, "gender": "male", "lastName": "Leery", "lists": {"groups": [{"count": 2, "type": "created", "items": []}]}, "bio": "Hey, look a bar graph!"}, {"id": "5561102", "photo": {"prefix": "https://igx.4sqi.net/img/user/", "suffix": "/EAZSSTYTOKKDVD40.jpg"}, "homeCity": "Singapore", "contact": {}, "firstName": "Alicia", "tips": {"count": 0}, "gender": "female", "lists": {"groups": [{"count": 2, "type": "created", "items": []}]}, "bio": ""}, {"id": "1806290", "photo": {"prefix": "https://igx.4sqi.net/img/user/", "default": true, "suffix": "/blank_boy.png"}, "homeCity": "Singapore", "contact": {}, "firstName": "Choo", "tips": {"count": 0}, "gender": "male", "lastName": "Joshua", "lists": {"groups": [{"count": 2, "type": "created", "items": []}]}, "bio": ""}, {"id": "1234419", "photo": {"prefix": "https://igx.4sqi.net/img/user/", "suffix": "/1234419_npyE4sZb_yaTPV0oHYoj6cSkRhHwXcEvRf-OU6MCBZdQXE-_MBk6o5BEyHlyNsF0oiPnWsQOJ.jpg"}, "homeCity": "Singapore", "contact": {"facebook": "508641365"}, "firstName": "Justin", "tips": {"count": 5}, "gender": "male", "lastName": "Yeo", "lists": {"groups": [{"count": 2, "type": "created", "items": []}]}, "bio": ""}, {"id": "298910", "photo": {"prefix": "https://igx.4sqi.net/img/user/", "suffix": "/HU1F0B3QUMC0W313.jpg"}, "homeCity": "Singapore", "contact": {"facebook": "13808904", "twitter": "rebecca_ye"}, "firstName": "Rebecca", "tips": {"count": 0}, "gender": "female", "lastName": "Ye", "lists": {"groups": [{"count": 2, "type": "created", "items": []}]}, "bio": ""}, {"id": "609371", "photo": {"prefix": "https://igx.4sqi.net/img/user/", "suffix": "/NWZNKGI3O5UUC0CX.jpg"}, "homeCity": "Singapore", "contact": {"twitter": "changhui"}, "firstName": "Chang Hui", "tips": {"count": 8}, "gender": "male", "lastName": "Chew", "lists": {"groups": [{"count": 2, "type": "created", "items": []}]}, "bio": ""}, {"id": "341001", "photo": {"prefix": "https://igx.4sqi.net/img/user/", "default": true, "suffix": "/blank_girl.png"}, "homeCity": "Singapore", "contact": {}, "firstName": "Elaine", "tips": {"count": 0}, "gender": "female", "lastName": "Ng", "lists": {"groups": [{"count": 2, "type": "created", "items": []}]}, "bio": ""}, {"id": "670590", "photo": {"prefix": "https://igx.4sqi.net/img/user/", "suffix": "/1UHOEQLM2VP45HGX.jpg"}, "homeCity": "Singapore", "contact": {}, "firstName": "Weiye", "tips": {"count": 24}, "gender": "male", "lastName": "Loh", "lists": {"groups": [{"count": 8, "type": "created", "items": []}]}, "bio": ""}, {"id": "4228842", "photo": {"prefix": "https://igx.4sqi.net/img/user/", "suffix": "/3MSSA04BCRUNMI04.jpg"}, "homeCity": "Singapore", "contact": {"facebook": "20805565", "twitter": "rams3s84"}, "firstName": "Ramu", "tips": {"count": 0}, "gender": "male", "lastName": "Thiruyanam", "lists": {"groups": [{"count": 2, "type": "created", "items": []}]}, "bio": ""}, {"id": "790172", "photo": {"prefix": "https://igx.4sqi.net/img/user/", "default": true, "suffix": "/blank_boy.png"}, "homeCity": "Singapore", "contact": {"facebook": "694149743"}, "firstName": "Kenneth", "tips": {"count": 0}, "gender": "male", "lastName": "Lee", "lists": {"groups": [{"count": 2, "type": "created", "items": []}]}, "bio": ""}, {"id": "208386", "photo": {"prefix": "https://igx.4sqi.net/img/user/", "suffix": "/NNJF30VSXRQ3GIII.jpg"}, "homeCity": "Hougang, Singapore", "contact": {"facebook": "691945313", "twitter": "tthk84"}, "firstName": "Kelvin", "tips": {"count": 4}, "gender": "male", "lastName": "Tan", "lists": {"groups": [{"count": 2, "type": "created", "items": []}]}, "bio": ""}, {"id": "496569", "photo": {"prefix": "https://igx.4sqi.net/img/user/", "suffix": "/PYSDBQUGCUWYJTUV.jpg"}, "homeCity": "Geylang, Singapore", "contact": {}, "firstName": "Nat", "tips": {"count": 1}, "gender": "male", "lastName": "T", "lists": {"groups": [{"count": 2, "type": "created", "items": []}]}, "bio": ""}, {"id": "4892156", "photo": {"prefix": "https://igx.4sqi.net/img/user/", "suffix": "/QFELUKZBFMBZ0AUP.jpg"}, "homeCity": "Singapore", "contact": {}, "firstName": "Elspeth", "tips": {"count": 1}, "gender": "female", "lastName": "Chan Elle", "lists": {"groups": [{"count": 2, "type": "created", "items": []}]}, "bio": ""}, {"id": "7178694", "photo": {"prefix": "https://igx.4sqi.net/img/user/", "suffix": "/7178694-Q0IQOJMHUWA0U0M1.jpg"}, "homeCity": "Singapore", "contact": {"facebook": "544388058", "twitter": "mayonice"}, "firstName": "May", "tips": {"count": 2}, "gender": "female", "lastName": "Chen", "lists": {"groups": [{"count": 2, "type": "created", "items": []}]}, "bio": ""}, {"id": "5829149", "photo": {"prefix": "https://igx.4sqi.net/img/user/", "suffix": "/RTUTZ2ERKIRSMIBI.jpg"}, "homeCity": "Singapore", "contact": {}, "firstName": "Joel", "tips": {"count": 1}, "gender": "male", "lastName": "Ong", "lists": {"groups": [{"count": 2, "type": "created", "items": []}]}, "bio": ""}, {"id": "2707002", "photo": {"prefix": "https://igx.4sqi.net/img/user/", "suffix": "/Z51PVJYZ3ASWDHRG.jpg"}, "homeCity": "Singapore", "contact": {"facebook": "686460251"}, "firstName": "Clement", "tips": {"count": 3}, "gender": "male", "lastName": "Ng", "lists": {"groups": [{"count": 2, "type": "created", "items": []}]}, "bio": ""}, {"id": "1237078", "photo": {"prefix": "https://igx.4sqi.net/img/user/", "suffix": "/P1PYT3GOTKX0ZZNF.jpg"}, "homeCity": "\u65b0\u52a0\u5761", "contact": {}, "firstName": "*s", "tips": {"count": 5}, "gender": "female", "lists": {"groups": [{"count": 2, "type": "created", "items": []}]}, "bio": ""}, {"id": "314555", "photo": {"prefix": "https://igx.4sqi.net/img/user/", "suffix": "/2CNCHRQM3SUA4BVQ.jpg"}, "homeCity": "Sengkang, Singapore", "contact": {"twitter": "ge0k"}, "firstName": "Geok", "tips": {"count": 4}, "gender": "female", "lastName": "Sing", "lists": {"groups": [{"count": 2, "type": "created", "items": []}]}, "bio": ""}, {"id": "1674276", "photo": {"prefix": "https://igx.4sqi.net/img/user/", "suffix": "/0KRGUT1PJD2MKS0G.jpg"}, "homeCity": "Singapore, SG", "contact": {"facebook": "681499500", "twitter": "crzyjoel"}, "firstName": "Joel", "tips": {"count": 20}, "gender": "male", "lastName": "Lim", "lists": {"groups": [{"count": 9, "type": "created", "items": []}]}, "bio": ""}, {"id": "767431", "photo": {"prefix": "https://igx.4sqi.net/img/user/", "suffix": "/767431-5OE4QEGC4JGM0CFD.jpg"}, "homeCity": "Singapore", "contact": {"facebook": "582526206", "twitter": "wtingz"}, "firstName": "Woan Ting", "tips": {"count": 0}, "gender": "female", "lists": {"groups": [{"count": 2, "type": "created", "items": []}]}, "bio": ""}, {"id": "848173", "photo": {"prefix": "https://igx.4sqi.net/img/user/", "suffix": "/HS00VJZKKEI0VNPG.jpg"}, "homeCity": "Singapore", "contact": {"facebook": "650485106", "twitter": "dylanwkw"}, "firstName": "Dylan", "tips": {"count": 35}, "gender": "male", "lastName": "Wang", "lists": {"groups": [{"count": 2, "type": "created", "items": []}]}, "bio": ""}, {"id": "2602786", "photo": {"prefix": "https://igx.4sqi.net/img/user/", "default": true, "suffix": "/blank_boy.png"}, "homeCity": "Singapore", "contact": {}, "firstName": "aloysius", "tips": {"count": 0}, "gender": "male", "lastName": "Ng", "lists": {"groups": [{"count": 2, "type": "created", "items": []}]}, "bio": ""}, {"id": "1299029", "photo": {"prefix": "https://igx.4sqi.net/img/user/", "suffix": "/KJQEF1K0QA2ZTUVZ.jpg"}, "homeCity": "Singapore, ", "contact": {"twitter": "jumbosale"}, "firstName": "Johnson", "tips": {"count": 0}, "gender": "male", "lastName": "Zhang", "lists": {"groups": [{"count": 3, "type": "created", "items": []}]}, "bio": ""}, {"id": "6203824", "photo": {"prefix": "https://igx.4sqi.net/img/user/", "suffix": "/5ZZCDMQY0K40VBFE.jpg"}, "homeCity": "Singapore", "contact": {"facebook": "1660933669"}, "firstName": "Juliana", "tips": {"count": 0}, "gender": "female", "lastName": "Yeo", "lists": {"groups": [{"count": 2, "type": "created", "items": []}]}, "bio": ""}, {"id": "5830140", "photo": {"prefix": "https://igx.4sqi.net/img/user/", "suffix": "/DUJYO1C355RCFJFT.jpg"}, "homeCity": "Singapore", "contact": {"facebook": "10154559436524328", "twitter": "wsaenot"}, "firstName": "Andy", "tips": {"count": 0}, "gender": "male", "lastName": "Liu", "lists": {"groups": [{"count": 2, "type": "created", "items": []}]}, "bio": ""}, {"id": "43870603", "photo": {"prefix": "https://igx.4sqi.net/img/user/", "suffix": "/CAXMI3YPS5J0LHK2.jpg"}, "homeCity": "Osaka", "contact": {"facebook": "10104804034004241"}, "firstName": "Julian", "tips": {"count": 4}, "gender": "male", "lastName": "Lim", "lists": {"groups": [{"count": 2, "type": "created", "items": []}]}, "bio": ""}, {"id": "2208294", "photo": {"prefix": "https://igx.4sqi.net/img/user/", "suffix": "/LSFKU1LVCRQL3DZM.jpg"}, "homeCity": "City, Singapore", "contact": {"facebook": "100000528506260"}, "firstName": "Rachel", "tips": {"count": 1}, "gender": "female", "lastName": "Ang", "lists": {"groups": [{"count": 2, "type": "created", "items": []}]}, "bio": ""}, {"id": "1074015", "photo": {"prefix": "https://igx.4sqi.net/img/user/", "suffix": "/1074015-02ME2IS2FNGJNYUZ.jpg"}, "homeCity": "Singapore", "contact": {"facebook": "508760113", "twitter": "alexischeong"}, "firstName": "Alexis", "tips": {"count": 33}, "gender": "female", "lastName": "Cheong", "lists": {"groups": [{"count": 2, "type": "created", "items": []}]}, "bio": "always room for dessert. www.alexischeong.com"}, {"id": "917601", "photo": {"prefix": "https://igx.4sqi.net/img/user/", "suffix": "/AT5E0ZV5QXSY231Y.jpg"}, "homeCity": "Singapore", "contact": {}, "firstName": "Shaun", "tips": {"count": 2}, "gender": "male", "lastName": "Khiu", "lists": {"groups": [{"count": 2, "type": "created", "items": []}]}, "bio": ""}, {"id": "4445859", "photo": {"prefix": "https://igx.4sqi.net/img/user/", "suffix": "/3NC4ARLVZEDNJIVR.jpg"}, "homeCity": "Singapore", "contact": {"facebook": "537526896"}, "firstName": "Ada", "tips": {"count": 0}, "gender": "female", "lastName": "Sheu", "lists": {"groups": [{"count": 2, "type": "created", "items": []}]}, "bio": ""}, {"id": "1498986", "photo": {"prefix": "https://igx.4sqi.net/img/user/", "suffix": "/QA0X0IJKYHKXTHBB.jpg"}, "homeCity": "Cranston, RI ", "contact": {"twitter": "scully65"}, "firstName": "michael", "tips": {"count": 5}, "gender": "male", "lastName": "scully", "lists": {"groups": [{"count": 2, "type": "created", "items": []}]}, "bio": ""}, {"id": "16010131", "photo": {"prefix": "https://igx.4sqi.net/img/user/", "suffix": "/16010131-CMMKJUEHUTQ0ZOHT.jpg"}, "homeCity": "Singapore", "contact": {"facebook": "803220122"}, "firstName": "Kenneth Zhong", "tips": {"count": 0}, "gender": "male", "lastName": "Kai Yi", "lists": {"groups": [{"count": 2, "type": "created", "items": []}]}, "bio": ""}, {"id": "5843491", "photo": {"prefix": "https://igx.4sqi.net/img/user/", "default": true, "suffix": "/blank_boy.png"}, "homeCity": "Singapore", "contact": {}, "firstName": "Benedict", "tips": {"count": 0}, "gender": "male", "lastName": "Ng", "lists": {"groups": [{"count": 2, "type": "created", "items": []}]}, "bio": ""}, {"id": "3914953", "photo": {"prefix": "https://igx.4sqi.net/img/user/", "suffix": "/YRCCHXKJO250QLUH.jpg"}, "homeCity": "Singapore", "contact": {"facebook": "733714687", "twitter": "jacseng"}, "firstName": "Jacqueline", "tips": {"count": 12}, "gender": "female", "lastName": "Seng", "lists": {"groups": [{"count": 3, "type": "created", "items": []}]}, "bio": ""}, {"id": "1076293", "photo": {"prefix": "https://igx.4sqi.net/img/user/", "suffix": "/1D3UTGRAHLQNSM3P.jpg"}, "homeCity": ", Singapore", "contact": {"facebook": "681890017", "twitter": "kiezin"}, "firstName": "Scott", "tips": {"count": 11}, "gender": "male", "lastName": "Teng", "lists": {"groups": [{"count": 2, "type": "created", "items": []}]}, "bio": ""}, {"id": "955458", "photo": {"prefix": "https://igx.4sqi.net/img/user/", "suffix": "/134BYB022GGFUNBN.jpg"}, "homeCity": "Boise, Idaho", "contact": {"facebook": "631600807", "twitter": "prawnination"}, "firstName": "Perlin", "tips": {"count": 5}, "gender": "female", "lastName": "Kathmann", "lists": {"groups": [{"count": 2, "type": "created", "items": []}]}, "bio": "Why do people get so hung up on what they don't agree on, when it's those differences that make life interesting?"}, {"id": "5521823", "photo": {"prefix": "https://igx.4sqi.net/img/user/", "default": true, "suffix": "/blank_girl.png"}, "homeCity": "Singapore", "contact": {}, "firstName": "Ruth", "tips": {"count": 0}, "gender": "female", "lastName": "Hou", "lists": {"groups": [{"count": 2, "type": "created", "items": []}]}, "bio": ""}, {"id": "16326418", "photo": {"prefix": "https://igx.4sqi.net/img/user/", "suffix": "/HX2MYPGQRDLWMBIH.jpg"}, "homeCity": "Winnipeg, Canada", "contact": {"facebook": "823639888", "twitter": "jem_wong"}, "firstName": "Jeremy", "tips": {"count": 0}, "gender": "male", "lastName": "Wong", "lists": {"groups": [{"count": 2, "type": "created", "items": []}]}, "bio": ""}, {"id": "13103080", "photo": {"prefix": "https://igx.4sqi.net/img/user/", "suffix": "/1BA1SSQTMVSWL2BS.jpg"}, "homeCity": "Singapore", "contact": {"facebook": "721803736"}, "firstName": "Ket", "tips": {"count": 0}, "gender": "female", "lastName": "Fong", "lists": {"groups": [{"count": 2, "type": "created", "items": []}]}, "bio": ""}, {"id": "3331470", "photo": {"prefix": "https://igx.4sqi.net/img/user/", "suffix": "/XKO1EUTIOQ5U4Y4T.jpg"}, "homeCity": "Singapore", "contact": {"facebook": "560646495", "twitter": "garrielim"}, "firstName": "Garrie", "tips": {"count": 38}, "gender": "male", "lastName": "Lim", "lists": {"groups": [{"count": 2, "type": "created", "items": []}]}, "bio": ""}, {"id": "1116191", "photo": {"prefix": "https://igx.4sqi.net/img/user/", "suffix": "/IMNYEC0NDJEUSOOY.jpg"}, "homeCity": "Rochor, Singapore", "contact": {"facebook": "734985584", "twitter": "daogei"}, "firstName": "Jacobe", "tips": {"count": 2}, "gender": "male", "lastName": "Lim", "lists": {"groups": [{"count": 2, "type": "created", "items": []}]}, "bio": ""}, {"id": "1178964", "photo": {"prefix": "https://igx.4sqi.net/img/user/", "default": true, "suffix": "/blank_boy.png"}, "homeCity": "Singapore", "contact": {}, "firstName": "Tan", "tips": {"count": 0}, "gender": "male", "lastName": "Zheng yu", "lists": {"groups": [{"count": 2, "type": "created", "items": []}]}, "bio": ""}, {"id": "1285244", "photo": {"prefix": "https://igx.4sqi.net/img/user/", "suffix": "/EVIHABCO5KZNMOFQ.jpg"}, "homeCity": "Bukit Panjang, Singapore", "contact": {"facebook": "832989317", "twitter": "vvn_b"}, "firstName": "Viviann", "tips": {"count": 1}, "gender": "female", "lastName": "B", "lists": {"groups": [{"count": 2, "type": "created", "items": []}]}, "bio": ""}, {"id": "1969034", "photo": {"prefix": "https://igx.4sqi.net/img/user/", "suffix": "/BVK0RHZKYIBHFBEX.jpg"}, "homeCity": "Singapore", "contact": {}, "firstName": "Ryan", "tips": {"count": 0}, "gender": "male", "lastName": "Tan", "lists": {"groups": [{"count": 2, "type": "created", "items": []}]}, "bio": ""}, {"id": "2014355", "photo": {"prefix": "https://igx.4sqi.net/img/user/", "default": true, "suffix": "/blank_boy.png"}, "homeCity": "New York, NY", "contact": {}, "firstName": "Lyon", "tips": {"count": 0}, "gender": "male", "lists": {"groups": [{"count": 2, "type": "created", "items": []}]}, "bio": ""}, {"id": "2458803", "photo": {"prefix": "https://igx.4sqi.net/img/user/", "suffix": "/X2MIGLFYX4L5BZ45.jpg"}, "homeCity": "Singapore", "contact": {"facebook": "582281940"}, "firstName": "Huili", "tips": {"count": 0}, "gender": "male", "lastName": "Wang", "lists": {"groups": [{"count": 2, "type": "created", "items": []}]}, "bio": ""}, {"id": "3015384", "photo": {"prefix": "https://igx.4sqi.net/img/user/", "suffix": "/0SILJ24CBQX2NJEP.jpg"}, "homeCity": "Singapore", "contact": {}, "firstName": "Missytiffy", "tips": {"count": 0}, "gender": "female", "lists": {"groups": [{"count": 2, "type": "created", "items": []}]}, "bio": ""}, {"id": "3555931", "photo": {"prefix": "https://igx.4sqi.net/img/user/", "suffix": "/XRNNEJPBUQ5KCVX2.jpg"}, "homeCity": "Singapore", "contact": {"facebook": "716214154"}, "firstName": "Nicholas", "tips": {"count": 6}, "gender": "male", "lastName": "Eng", "lists": {"groups": [{"count": 3, "type": "created", "items": []}]}, "bio": ""}]}, "checksum": "4e44359bb0c619a97c6d9b881ad79cbd88d6e391"}}