{"notifications": [{"type": "notificationTray", "item": {"unreadCount": 0}}], "meta": {"requestId": "5966d80b6a607115d24610e0", "code": 200}, "response": {"friends": {"count": 67, "items": [{"id": "108006", "photo": {"prefix": "https://igx.4sqi.net/img/user/", "suffix": "/-1_1258705449181.jpg"}, "homeCity": "Fort Lauderdale, FL", "contact": {"facebook": "624825564", "twitter": "thedudedean"}, "firstName": "The Dude Dean", "tips": {"count": 4}, "gender": "male", "superuser": 1, "lists": {"groups": [{"count": 2, "type": "created", "items": []}]}, "bio": "The Greatest Living American Dude: SEO Consultant, Social Media Maverick, Web Developer and Elite Space Monkey in Fort Lauderdale, FL. Think Green."}, {"id": "11023271", "photo": {"prefix": "https://igx.4sqi.net/img/user/", "suffix": "/AGEWOACOVIB2Z1Q2.jpg"}, "homeCity": "Tokyo, Japan", "contact": {"facebook": "689269536", "twitter": "jeniegab220"}, "firstName": "Jenie", "tips": {"count": 6}, "gender": "female", "lastName": "Gabriel", "lists": {"groups": [{"count": 2, "type": "created", "items": []}]}, "bio": ""}, {"id": "69882306", "photo": {"prefix": "https://igx.4sqi.net/img/user/", "default": true, "suffix": "/blank_boy.png"}, "homeCity": "Singapore", "contact": {}, "firstName": "Cllique", "tips": {"count": 0}, "gender": "none", "lists": {"groups": [{"count": 2, "type": "created", "items": []}]}, "bio": ""}, {"id": "259659", "photo": {"prefix": "https://igx.4sqi.net/img/user/", "suffix": "/MDKQYHJ0LNJSNKZV.jpg"}, "homeCity": "Singapore", "contact": {"facebook": "616962075", "twitter": "linuskoh"}, "firstName": "Linus", "tips": {"count": 8}, "gender": "male", "lastName": "Koh", "lists": {"groups": [{"count": 2, "type": "created", "items": []}]}, "bio": ""}, {"id": "415021", "photo": {"prefix": "https://igx.4sqi.net/img/user/", "suffix": "/SWKBBZN2MOGKWNVX.jpg"}, "homeCity": "Singapore", "contact": {"twitter": "dsylxeic"}, "firstName": "Selena", "tips": {"count": 18}, "gender": "female", "lastName": "Soh", "lists": {"groups": [{"count": 3, "type": "created", "items": []}]}, "bio": ""}, {"id": "1334288", "photo": {"prefix": "https://igx.4sqi.net/img/user/", "suffix": "/SEPKCC0ZFEVNV5TJ.jpg"}, "homeCity": "Singapore", "contact": {}, "firstName": "Mei", "tips": {"count": 20}, "gender": "female", "lastName": "Ying", "lists": {"groups": [{"count": 2, "type": "created", "items": []}]}, "bio": ""}, {"id": "1336508", "photo": {"prefix": "https://igx.4sqi.net/img/user/", "suffix": "/AI3NC3HH13VY5EDM.jpg"}, "homeCity": "Jurong West Avenue 1, Singapore", "contact": {}, "firstName": "Masnoraffis", "tips": {"count": 2}, "gender": "male", "lastName": "Masdil", "lists": {"groups": [{"count": 2, "type": "created", "items": []}]}, "bio": ""}, {"id": "514925", "photo": {"prefix": "https://igx.4sqi.net/img/user/", "suffix": "/IUDXND0SHDNARGWE.jpg"}, "homeCity": "Singapore", "contact": {"facebook": "599716917", "twitter": "intersphere"}, "firstName": "Vincent", "tips": {"count": 1}, "gender": "male", "lastName": "Teo", "lists": {"groups": [{"count": 2, "type": "created", "items": []}]}, "bio": ""}, {"id": "254627", "photo": {"prefix": "https://igx.4sqi.net/img/user/", "suffix": "/2KUKTSRVV4HF1KF4.jpg"}, "homeCity": "Singapore", "contact": {"facebook": "595622587", "twitter": "miyagi"}, "firstName": "Benjamin", "tips": {"count": 22}, "gender": "male", "lastName": "Lee", "lists": {"groups": [{"count": 2, "type": "created", "items": []}]}, "bio": ""}, {"id": "5583503", "photo": {"prefix": "https://igx.4sqi.net/img/user/", "suffix": "/NVUSBGGSX4CONKI5.jpg"}, "homeCity": "Singapore", "contact": {"twitter": "groovygenie"}, "firstName": "Isman", "tips": {"count": 0}, "gender": "male", "lastName": "Tanuri", "lists": {"groups": [{"count": 2, "type": "created", "items": []}]}, "bio": ""}, {"id": "3353066", "photo": {"prefix": "https://igx.4sqi.net/img/user/", "suffix": "/YV23RY53YNVKWBEC.jpg"}, "homeCity": "Singapore", "contact": {"facebook": "543505027"}, "firstName": "Rayson", "tips": {"count": 1}, "gender": "male", "lastName": "Ang", "lists": {"groups": [{"count": 2, "type": "created", "items": []}]}, "bio": ""}, {"id": "443838", "photo": {"prefix": "https://igx.4sqi.net/img/user/", "suffix": "/UTN0D2FDX2NS3NZ2.jpg"}, "homeCity": "Singapore", "contact": {"facebook": "200900409", "twitter": "mills301"}, "firstName": "Michael", "tips": {"count": 4}, "gender": "male", "lastName": "Lung", "lists": {"groups": [{"count": 2, "type": "created", "items": []}]}, "bio": ""}, {"id": "752185", "photo": {"prefix": "https://igx.4sqi.net/img/user/", "default": true, "suffix": "/blank_girl.png"}, "homeCity": "Singapore", "contact": {"twitter": "ammesss"}, "firstName": "Amelia", "tips": {"count": 0}, "gender": "female", "lists": {"groups": [{"count": 2, "type": "created", "items": []}]}, "bio": ""}, {"id": "90546", "photo": {"prefix": "https://igx.4sqi.net/img/user/", "suffix": "/C4YCRIMU2ERHGG4G.jpg"}, "homeCity": "Singapore", "contact": {}, "firstName": "Camille", "tips": {"count": 44}, "superuser": 2, "gender": "female", "lastName": "Burdin", "lists": {"groups": [{"count": 6, "type": "created", "items": []}]}, "bio": ""}, {"id": "708681", "photo": {"prefix": "https://igx.4sqi.net/img/user/", "suffix": "/0RXAXXBDWOI30VWE.jpg"}, "homeCity": "Singapore", "contact": {"facebook": "568030004"}, "firstName": "Satish", "tips": {"count": 0}, "gender": "male", "lastName": "Pamidimarthi", "lists": {"groups": [{"count": 2, "type": "created", "items": []}]}, "bio": ""}, {"id": "113201", "photo": {"prefix": "https://igx.4sqi.net/img/user/", "suffix": "/113201_1259743369979.jpg"}, "homeCity": "Jakarta, DKI Jakarta, Indonesia", "contact": {"facebook": "10157136597960265", "twitter": "skinnylatte"}, "firstName": "Adrianna", "tips": {"count": 234}, "gender": "male", "lastName": "Tan", "lists": {"groups": [{"count": 45, "type": "created", "items": []}]}, "bio": ""}, {"id": "154956", "photo": {"prefix": "https://igx.4sqi.net/img/user/", "suffix": "/DQXO324T4BX5U3GA.jpg"}, "homeCity": "Singapore", "contact": {"facebook": "500715334", "twitter": "hanbonjovi"}, "firstName": "Soohan", "tips": {"count": 62}, "gender": "male", "lastName": "Han", "lists": {"groups": [{"count": 2, "type": "created", "items": []}]}, "bio": ""}, {"id": "851590", "photo": {"prefix": "https://igx.4sqi.net/img/user/", "suffix": "/UQWHB1S4ADDVX3Q4.jpg"}, "homeCity": "\u0e01\u0e23\u0e38\u0e07\u0e40\u0e17\u0e1e\u0e21\u0e2b\u0e32\u0e19\u0e04\u0e23", "contact": {}, "firstName": "Samakorn", "tips": {"count": 0}, "gender": "male", "lastName": "Lohachala", "lists": {"groups": [{"count": 2, "type": "created", "items": []}]}, "bio": ""}, {"id": "202433", "photo": {"prefix": "https://igx.4sqi.net/img/user/", "suffix": "/AE2KDHKT4PEKZRXH.jpg"}, "homeCity": "Singapore", "contact": {"twitter": "danesh"}, "firstName": "Danesh", "tips": {"count": 19}, "gender": "male", "lastName": "Daryanani", "lists": {"groups": [{"count": 2, "type": "created", "items": []}]}, "bio": "www.daneshd.com"}, {"id": "178742", "photo": {"prefix": "https://igx.4sqi.net/img/user/", "suffix": "/55NYP52NL3VNZGAN.jpg"}, "homeCity": "Singapore", "contact": {"facebook": "545936403", "twitter": "hunkichunki"}, "firstName": "Hunki", "tips": {"count": 5}, "gender": "male", "lastName": "Chunki", "lists": {"groups": [{"count": 2, "type": "created", "items": []}]}, "bio": ""}, {"id": "1299348", "photo": {"prefix": "https://igx.4sqi.net/img/user/", "suffix": "/1299348-4YBDG1Q3S41HGPUU.jpg"}, "homeCity": "Mumbai, Maharashtra", "contact": {"facebook": "671385380", "twitter": "gaulinchief"}, "firstName": "Prashanth", "tips": {"count": 44}, "gender": "male", "lastName": "Challapalli", "lists": {"groups": [{"count": 22, "type": "created", "items": []}]}, "bio": "Analog Heart. Digital Soul. Inspired by people. Love Beer & Books. The other half of @SandySesh. Digital Head of iContract (@ContractIndia)"}, {"id": "16848825", "photo": {"prefix": "https://igx.4sqi.net/img/user/", "suffix": "/ZNF0IJTF00GNHYOH.png"}, "homeCity": "Singapore", "contact": {"facebook": "100000259417081"}, "firstName": "Guosheng", "tips": {"count": 45}, "gender": "male", "lists": {"groups": [{"count": 2, "type": "created", "items": []}]}, "bio": "Adore Arsenal \u963f\u68ee\u7eb3, Mayday \u4e94\u6708\u5929, Stefanie Sun \u5b6b\u71d5\u59ff, Sandara Park \u6734\u73ca\u5fb7\u62c9 and Starbucks \u661f\u5df4\u514b.\r\nLove sunset and food! Photos are taken with iPhone."}, {"id": "287025", "photo": {"prefix": "https://igx.4sqi.net/img/user/", "suffix": "/XVAJF14YGTNLHSD3.jpg"}, "homeCity": "Singapore", "contact": {"facebook": "730943399", "twitter": "tiffiz"}, "firstName": "Tiffany", "tips": {"count": 9}, "gender": "female", "lastName": "Yeo", "lists": {"groups": [{"count": 2, "type": "created", "items": []}]}, "bio": ""}, {"id": "10709007", "photo": {"prefix": "https://igx.4sqi.net/img/user/", "suffix": "/CPGYDW0HB4MAHDGG.jpg"}, "homeCity": "Singapore", "contact": {"facebook": "698253180"}, "firstName": "Ajay", "tips": {"count": 0}, "gender": "male", "lastName": "Thrivikraman", "lists": {"groups": [{"count": 2, "type": "created", "items": []}]}, "bio": ""}, {"id": "3781594", "photo": {"prefix": "https://igx.4sqi.net/img/user/", "suffix": "/K2TQTB2GOCYVQG0T.jpg"}, "homeCity": "Singapore", "contact": {"facebook": "502539446", "twitter": "hereisnow"}, "firstName": "Edwin", "tips": {"count": 1}, "gender": "male", "lastName": "Lee", "lists": {"groups": [{"count": 2, "type": "created", "items": []}]}, "bio": ""}, {"id": "9256366", "photo": {"prefix": "https://igx.4sqi.net/img/user/", "default": true, "suffix": "/blank_boy.png"}, "homeCity": "NEw manila", "contact": {"facebook": "651168253", "twitter": "migsmerc"}, "firstName": "Miguel", "tips": {"count": 0}, "gender": "male", "lastName": "Mercado", "lists": {"groups": [{"count": 2, "type": "created", "items": []}]}, "bio": ""}, {"id": "257529", "photo": {"prefix": "https://igx.4sqi.net/img/user/", "suffix": "/23ZLH1W02C0H10WQ.jpg"}, "homeCity": "#02-02, Singapore", "contact": {"facebook": "2500838", "twitter": "ichabunni"}, "firstName": "melissa", "tips": {"count": 37}, "gender": "female", "lastName": "hie", "lists": {"groups": [{"count": 2, "type": "created", "items": []}]}, "bio": ""}, {"id": "5852215", "photo": {"prefix": "https://igx.4sqi.net/img/user/", "suffix": "/DQDBYUMHL3W0QRVH.jpg"}, "homeCity": "New York, NY", "contact": {}, "firstName": "Ida", "tips": {"count": 0}, "gender": "female", "lastName": "Shi", "lists": {"groups": [{"count": 2, "type": "created", "items": []}]}, "bio": ""}, {"id": "3593254", "photo": {"prefix": "https://igx.4sqi.net/img/user/", "suffix": "/QRP2CF1W4I0N4CQ5.jpg"}, "homeCity": "Spring Hill, Australia", "contact": {}, "firstName": "James", "tips": {"count": 0}, "gender": "male", "lastName": "McDonald", "lists": {"groups": [{"count": 2, "type": "created", "items": []}]}, "bio": ""}, {"id": "447966", "photo": {"prefix": "https://igx.4sqi.net/img/user/", "default": true, "suffix": "/blank_boy.png"}, "homeCity": "Kowloon, Hong Kong", "contact": {}, "firstName": "Matthew", "tips": {"count": 2}, "gender": "male", "lastName": "Godfrey", "lists": {"groups": [{"count": 2, "type": "created", "items": []}]}, "bio": ""}, {"id": "319318", "photo": {"prefix": "https://igx.4sqi.net/img/user/", "suffix": "/OTDFK1AWWMUBBO3O.jpg"}, "homeCity": "Singapore", "contact": {"facebook": "554873299", "twitter": "nat_sora"}, "firstName": "Junee", "tips": {"count": 4}, "gender": "female", "lastName": "Lim", "lists": {"groups": [{"count": 2, "type": "created", "items": []}]}, "bio": ""}, {"id": "115995", "photo": {"prefix": "https://igx.4sqi.net/img/user/", "default": true, "suffix": "/blank_girl.png"}, "homeCity": "Singapore, Singapore", "contact": {}, "firstName": "Ping", "tips": {"count": 0}, "gender": "female", "lastName": "Kwa", "lists": {"groups": [{"count": 2, "type": "created", "items": []}]}, "bio": ""}, {"id": "853087", "photo": {"prefix": "https://igx.4sqi.net/img/user/", "suffix": "/VKFYHI1TLJ3ZJBDR.jpg"}, "homeCity": "Singapore", "contact": {"facebook": "702747266", "twitter": "jetstar7"}, "firstName": "Jet", "tips": {"count": 0}, "gender": "male", "lastName": "Aw", "lists": {"groups": [{"count": 2, "type": "created", "items": []}]}, "bio": ""}, {"id": "224383", "photo": {"prefix": "https://igx.4sqi.net/img/user/", "default": true, "suffix": "/blank_boy.png"}, "homeCity": "Sembawang, Singapore", "contact": {"facebook": "546643129", "twitter": "nestordave"}, "firstName": "Nestor", "tips": {"count": 0}, "gender": "male", "lastName": "Dave", "lists": {"groups": [{"count": 2, "type": "created", "items": []}]}, "bio": ""}, {"id": "1198083", "photo": {"prefix": "https://igx.4sqi.net/img/user/", "default": true, "suffix": "/blank_boy.png"}, "homeCity": "Singapore", "contact": {"facebook": "557195235"}, "firstName": "Ivan", "tips": {"count": 0}, "gender": "male", "lastName": "Zeng", "lists": {"groups": [{"count": 2, "type": "created", "items": []}]}, "bio": ""}, {"id": "4385978", "photo": {"prefix": "https://igx.4sqi.net/img/user/", "suffix": "/AVGXU4R511TKFXFA.jpg"}, "homeCity": "Singapore", "contact": {}, "firstName": "Natalie", "tips": {"count": 0}, "gender": "female", "lastName": "Tan", "lists": {"groups": [{"count": 2, "type": "created", "items": []}]}, "bio": ""}, {"id": "20012567", "photo": {"prefix": "https://igx.4sqi.net/img/user/", "suffix": "/GANBPR4XLI4XM5DI.jpg"}, "homeCity": "Singapore", "contact": {"facebook": "620950490"}, "firstName": "Michelle", "tips": {"count": 0}, "gender": "female", "lastName": "Loke", "lists": {"groups": [{"count": 2, "type": "created", "items": []}]}, "bio": ""}, {"id": "5854486", "photo": {"prefix": "https://igx.4sqi.net/img/user/", "suffix": "/YHM1JGX3QQ4VGHDK.jpg"}, "homeCity": "Singapore", "contact": {"facebook": "597623017"}, "firstName": "Chris", "tips": {"count": 9}, "gender": "male", "lastName": "Yang", "lists": {"groups": [{"count": 2, "type": "created", "items": []}]}, "bio": ""}, {"id": "7338820", "photo": {"prefix": "https://igx.4sqi.net/img/user/", "suffix": "/EPGGTQ5GR2VG0RBC.jpg"}, "homeCity": "Singapore", "contact": {"facebook": "806744636", "twitter": "calvintimo"}, "firstName": "Calvin", "tips": {"count": 26}, "gender": "male", "lastName": "Timothy", "lists": {"groups": [{"count": 2, "type": "created", "items": []}]}, "bio": ""}, {"id": "451644", "photo": {"prefix": "https://igx.4sqi.net/img/user/", "suffix": "/451644-MTFI5A0RF2GD5LGU.jpg"}, "homeCity": "Singapore", "contact": {}, "firstName": "Joyce", "tips": {"count": 6}, "gender": "female", "lastName": "Leong", "lists": {"groups": [{"count": 2, "type": "created", "items": []}]}, "bio": ""}, {"id": "386751", "photo": {"prefix": "https://igx.4sqi.net/img/user/", "suffix": "/386751-P2ZIZQN0U4L5CL5P.jpg"}, "homeCity": "Makati City, NCR", "contact": {"facebook": "582988859", "twitter": "obeywan"}, "firstName": "Oliver", "tips": {"count": 46}, "gender": "male", "lastName": "Sarmiento", "lists": {"groups": [{"count": 6, "type": "created", "items": []}]}, "bio": ""}, {"id": "119071", "photo": {"prefix": "https://igx.4sqi.net/img/user/", "suffix": "/RKONWOU4RHFCCPPA.jpg"}, "homeCity": "Singapore", "contact": {}, "firstName": "sushobhan", "tips": {"count": 0}, "gender": "male", "lastName": "mukherjee", "lists": {"groups": [{"count": 2, "type": "created", "items": []}]}, "bio": ""}, {"id": "961317", "photo": {"prefix": "https://igx.4sqi.net/img/user/", "default": true, "suffix": "/blank_boy.png"}, "homeCity": "City, Singapore", "contact": {}, "firstName": "Leslie", "tips": {"count": 0}, "gender": "male", "lastName": "Lim", "lists": {"groups": [{"count": 2, "type": "created", "items": []}]}, "bio": ""}, {"id": "3310799", "photo": {"prefix": "https://igx.4sqi.net/img/user/", "suffix": "/HNWKY2PHIVCM1ZTY.jpg"}, "homeCity": "Singapore", "contact": {"facebook": "741402089"}, "firstName": "Chung Hua", "tips": {"count": 0}, "gender": "none", "lists": {"groups": [{"count": 2, "type": "created", "items": []}]}, "bio": ""}, {"id": "17731604", "photo": {"prefix": "https://igx.4sqi.net/img/user/", "suffix": "/SQ3LWO2YKMMSU34F.jpg"}, "homeCity": "Singapore", "contact": {"facebook": "560861735", "twitter": "tomeriksen"}, "firstName": "Tom", "tips": {"count": 1}, "gender": "male", "lastName": "Eriksen", "lists": {"groups": [{"count": 3, "type": "created", "items": []}]}, "bio": ""}, {"id": "13729219", "photo": {"prefix": "https://igx.4sqi.net/img/user/", "suffix": "/FAFFV5NODQXEXRPH.jpg"}, "homeCity": "Singapore", "contact": {"facebook": "704513247"}, "firstName": "Jeff", "tips": {"count": 0}, "gender": "male", "lastName": "Yeo", "lists": {"groups": [{"count": 2, "type": "created", "items": []}]}, "bio": ""}, {"id": "1611565", "photo": {"prefix": "https://igx.4sqi.net/img/user/", "suffix": "/CSLKYV5EJL3EQT5V.jpg"}, "homeCity": "Singapore", "contact": {"facebook": "664930291", "twitter": "clarrot"}, "firstName": "Clara", "tips": {"count": 3}, "gender": "female", "lastName": "Lim", "lists": {"groups": [{"count": 5, "type": "created", "items": []}]}, "bio": ""}, {"id": "741664", "photo": {"prefix": "https://igx.4sqi.net/img/user/", "suffix": "/4SHONJF2MHJ3UQER.jpg"}, "homeCity": "Singapore", "contact": {"facebook": "598679711", "twitter": "omgzam"}, "firstName": "Hairunizam", "tips": {"count": 0}, "gender": "male", "lastName": "Abdul Radir", "lists": {"groups": [{"count": 2, "type": "created", "items": []}]}, "bio": ""}, {"id": "128224", "photo": {"prefix": "https://igx.4sqi.net/img/user/", "suffix": "/S34QE5T1TT0UL03J.jpg"}, "homeCity": "Singapore", "contact": {"facebook": "10152931541456816", "twitter": "gauravtwits"}, "firstName": "Gaurav", "tips": {"count": 3}, "gender": "male", "lastName": "Singh", "lists": {"groups": [{"count": 3, "type": "created", "items": []}]}, "bio": ""}, {"id": "1008854", "photo": {"prefix": "https://igx.4sqi.net/img/user/", "default": true, "suffix": "/blank_girl.png"}, "homeCity": "Singapore", "contact": {}, "firstName": "Emilie", "tips": {"count": 0}, "gender": "female", "lastName": "Taled", "lists": {"groups": [{"count": 2, "type": "created", "items": []}]}, "bio": ""}, {"id": "4446340", "photo": {"prefix": "https://igx.4sqi.net/img/user/", "suffix": "/0FE5BPX23KC2FZDZ.jpg"}, "homeCity": "Singapore", "contact": {"facebook": "545423489"}, "firstName": "Phoebe", "tips": {"count": 4}, "gender": "female", "lastName": "O.", "lists": {"groups": [{"count": 4, "type": "created", "items": []}]}, "bio": ""}, {"id": "89874447", "photo": {"prefix": "https://igx.4sqi.net/img/user/", "default": true, "suffix": "/blank_girl.png"}, "homeCity": "Singapore", "contact": {"facebook": "657668507"}, "firstName": "Siao Geng", "tips": {"count": 0}, "gender": "female", "lastName": "Tan", "lists": {"groups": [{"count": 2, "type": "created", "items": []}]}, "bio": ""}, {"id": "3126536", "photo": {"prefix": "https://igx.4sqi.net/img/user/", "suffix": "/YCUDQJPVGBW4IJQV.jpg"}, "homeCity": "Singapore", "contact": {}, "firstName": "Ms", "tips": {"count": 1}, "gender": "female", "lastName": "Tang", "lists": {"groups": [{"count": 2, "type": "created", "items": []}]}, "bio": ""}, {"id": "491530", "photo": {"prefix": "https://igx.4sqi.net/img/user/", "suffix": "/3W2HDCXLCVE5U2GG.jpg"}, "homeCity": "Singapore", "contact": {}, "firstName": "Boksuni", "tips": {"count": 1}, "gender": "male", "lists": {"groups": [{"count": 2, "type": "created", "items": []}]}, "bio": ""}, {"id": "1023510", "photo": {"prefix": "https://igx.4sqi.net/img/user/", "default": true, "suffix": "/blank_boy.png"}, "homeCity": "London, Greater London", "contact": {"facebook": "720660803"}, "firstName": "Carter", "tips": {"count": 1}, "gender": "male", "lastName": "Murray", "lists": {"groups": [{"count": 2, "type": "created", "items": []}]}, "bio": ""}, {"id": "4607585", "photo": {"prefix": "https://igx.4sqi.net/img/user/", "suffix": "/VGFMNVJBI3HSFNZU.jpg"}, "homeCity": "New York, NY", "contact": {}, "firstName": "Wei Ling", "tips": {"count": 0}, "gender": "female", "lastName": "Ng", "lists": {"groups": [{"count": 2, "type": "created", "items": []}]}, "bio": ""}, {"id": "668830", "photo": {"prefix": "https://igx.4sqi.net/img/user/", "suffix": "/JTA2TDO232BUW3D4.jpg"}, "homeCity": "Fortress Hill, Hong Kong", "contact": {"facebook": "748480890"}, "firstName": "Charles", "tips": {"count": 2}, "gender": "male", "lastName": "Chan", "lists": {"groups": [{"count": 2, "type": "created", "items": []}]}, "bio": ""}, {"id": "1213081", "photo": {"prefix": "https://igx.4sqi.net/img/user/", "suffix": "/YCSKXHBERISLEHCC.jpg"}, "homeCity": "Singapore", "contact": {"facebook": "632822008", "twitter": "sky_ng"}, "firstName": "Sky", "tips": {"count": 0}, "gender": "male", "lastName": "Ng", "lists": {"groups": [{"count": 2, "type": "created", "items": []}]}, "bio": ""}, {"id": "5214306", "photo": {"prefix": "https://igx.4sqi.net/img/user/", "suffix": "/1FQHJEHU5UYSMHYZ.jpg"}, "homeCity": "Singapore", "contact": {"facebook": "662942406"}, "firstName": "Kah Yee", "tips": {"count": 2}, "gender": "female", "lastName": "Tee", "lists": {"groups": [{"count": 2, "type": "created", "items": []}]}, "bio": ""}, {"id": "1057194", "photo": {"prefix": "https://igx.4sqi.net/img/user/", "suffix": "/CD3VLXDKDMTIFETX.jpg"}, "homeCity": "Singapore", "contact": {}, "firstName": "Cloudynight", "tips": {"count": 0}, "gender": "male", "lists": {"groups": [{"count": 2, "type": "created", "items": []}]}, "bio": ""}, {"id": "1294949", "photo": {"prefix": "https://igx.4sqi.net/img/user/", "suffix": "/2MPBSPRQ1R5L3GEH.jpg"}, "homeCity": "Singapore", "contact": {"twitter": "shortsmallsweet"}, "firstName": "Ruru", "tips": {"count": 0}, "gender": "female", "lastName": "Chan", "lists": {"groups": [{"count": 2, "type": "created", "items": []}]}, "bio": ""}, {"id": "5430301", "photo": {"prefix": "https://igx.4sqi.net/img/user/", "default": true, "suffix": "/blank_boy.png"}, "homeCity": "Singapore", "contact": {}, "firstName": "SH", "tips": {"count": 0}, "gender": "none", "lists": {"groups": [{"count": 2, "type": "created", "items": []}]}, "bio": ""}, {"id": "3224324", "photo": {"prefix": "https://igx.4sqi.net/img/user/", "suffix": "/YMDBM23VB1JAKE14.jpg"}, "homeCity": "Singapore", "contact": {"twitter": "pinkksoupp"}, "firstName": "Zakiah", "tips": {"count": 1}, "gender": "female", "lastName": "Hafiz", "lists": {"groups": [{"count": 2, "type": "created", "items": []}]}, "bio": ""}, {"id": "23243474", "photo": {"prefix": "https://igx.4sqi.net/img/user/", "suffix": "/FQ534WC25XPDXBQT.jpg"}, "homeCity": "Singapore", "contact": {"facebook": "689782197"}, "firstName": "Jessie", "tips": {"count": 4}, "gender": "female", "lastName": "Song", "lists": {"groups": [{"count": 2, "type": "created", "items": []}]}, "bio": ""}, {"id": "3249039", "photo": {"prefix": "https://igx.4sqi.net/img/user/", "suffix": "/3249039-YKE3LLVVSNZ5HJP4.jpg"}, "homeCity": "Singapore", "contact": {"facebook": "10153088817734714", "twitter": "jaclimmay"}, "firstName": "Jacqueline", "tips": {"count": 18}, "gender": "female", "lastName": "May", "lists": {"groups": [{"count": 2, "type": "created", "items": []}]}, "bio": "Sometimes a little bit crazy, sometimes a bit of a fool."}, {"id": "4083079", "photo": {"prefix": "https://igx.4sqi.net/img/user/", "suffix": "/OSLGANGKLPIKPJ3G.jpg"}, "homeCity": "Singapore", "contact": {"facebook": "674795292"}, "firstName": "Jean", "tips": {"count": 0}, "gender": "male", "lastName": "Paul", "lists": {"groups": [{"count": 2, "type": "created", "items": []}]}, "bio": "Advertising guy"}, {"id": "83608823", "photo": {"prefix": "https://igx.4sqi.net/img/user/", "suffix": "/83608823-WQJ4KTFAVOHFARLI.jpg"}, "homeCity": "", "contact": {"facebook": "10155204704817074", "twitter": "beedifly"}, "firstName": "Dora", "tips": {"count": 709}, "gender": "female", "lastName": "Choo", "lists": {"groups": [{"count": 2, "type": "created", "items": []}]}, "bio": ""}]}, "checksum": "685d944952f5298f9b0f7b4657811fc8d87aae4c"}}