{"notifications": [{"type": "notificationTray", "item": {"unreadCount": 0}}], "response": {"friends": {"items": [{"tips": {"count": 1}, "contact": {"facebook": "584530864"}, "firstName": "Ja-mein", "gender": "male", "id": "34645707", "bio": "", "photo": {"prefix": "https://igx.4sqi.net/img/user/", "suffix": "/S2YVNFZ2DCDR415B.jpg"}, "homeCity": "Singapore", "lists": {"groups": [{"items": [], "count": 2, "type": "created"}]}}, {"tips": {"count": 0}, "contact": {}, "firstName": "Wawan", "gender": "male", "lastName": "Saputra", "id": "4323307", "bio": "", "photo": {"prefix": "https://igx.4sqi.net/img/user/", "suffix": "/blank_boy.png", "default": true}, "homeCity": "Singapore", "lists": {"groups": [{"items": [], "count": 2, "type": "created"}]}}, {"tips": {"count": 2}, "contact": {"twitter": "sherkel27", "facebook": "743202669"}, "firstName": "Kelly", "gender": "female", "lastName": "Teo", "id": "10690575", "bio": "", "photo": {"prefix": "https://igx.4sqi.net/img/user/", "suffix": "/DLVAKDOZXYUJSY5R.jpg"}, "homeCity": "Montreal", "lists": {"groups": [{"items": [], "count": 2, "type": "created"}]}}, {"tips": {"count": 1}, "contact": {"twitter": "ningkei"}, "firstName": "Adeline", "gender": "none", "id": "35808792", "bio": "", "photo": {"prefix": "https://igx.4sqi.net/img/user/", "suffix": "/blank_boy.png", "default": true}, "homeCity": "Singapore", "lists": {"groups": [{"items": [], "count": 2, "type": "created"}]}}, {"tips": {"count": 0}, "contact": {"facebook": "813910461"}, "firstName": "Thomas", "gender": "male", "lastName": "Lim", "id": "12968618", "bio": "", "photo": {"prefix": "https://igx.4sqi.net/img/user/", "suffix": "/LFXCCJLI2BH12ON2.jpg"}, "homeCity": "Tokyo", "lists": {"groups": [{"items": [], "count": 2, "type": "created"}]}}, {"tips": {"count": 4}, "contact": {}, "firstName": "Tars", "gender": "male", "lastName": "Wong", "id": "11430868", "bio": "", "photo": {"prefix": "https://igx.4sqi.net/img/user/", "suffix": "/IDOYNDKLEKOTVT2W.jpg"}, "homeCity": "Italy", "lists": {"groups": [{"items": [], "count": 2, "type": "created"}]}}, {"tips": {"count": 15}, "contact": {}, "firstName": "Richard", "gender": "male", "lastName": "Hudson", "id": "67191438", "bio": "", "photo": {"prefix": "https://igx.4sqi.net/img/user/", "suffix": "/67191438-0LGATRX42LL15RMQ.jpg"}, "homeCity": "Annapolis, MD", "lists": {"groups": [{"items": [], "count": 2, "type": "created"}]}}, {"tips": {"count": 0}, "contact": {}, "firstName": "Sharon", "gender": "female", "lastName": "Tan Shiow Chyonh", "id": "5442058", "bio": "", "photo": {"prefix": "https://igx.4sqi.net/img/user/", "suffix": "/GQ1LUT5AR2KLBZQF.jpg"}, "homeCity": "Singapore", "lists": {"groups": [{"items": [], "count": 2, "type": "created"}]}}, {"tips": {"count": 4}, "contact": {"facebook": "553379809"}, "firstName": "Frederic William", "gender": "male", "lastName": "Beck", "id": "2715206", "bio": "", "photo": {"prefix": "https://igx.4sqi.net/img/user/", "suffix": "/4ARXCDXI3PXNNLAM.jpg"}, "homeCity": "Azmoos, Switzerland", "lists": {"groups": [{"items": [], "count": 2, "type": "created"}]}}, {"tips": {"count": 1}, "contact": {"twitter": "fungtasia", "facebook": "649543389"}, "firstName": "KF", "gender": "female", "lastName": "Lee", "id": "1586680", "bio": "", "photo": {"prefix": "https://igx.4sqi.net/img/user/", "suffix": "/blank_girl.png", "default": true}, "homeCity": "Singapore", "lists": {"groups": [{"items": [], "count": 2, "type": "created"}]}}, {"tips": {"count": 16}, "contact": {"twitter": "ganeshl", "facebook": "556727214"}, "firstName": "Ganesh", "gender": "male", "lastName": "L.", "id": "755046", "bio": "", "photo": {"prefix": "https://igx.4sqi.net/img/user/", "suffix": "/755046-42DZ5YZKRHTKIS54.jpg"}, "homeCity": "Kuala Lumpur, Malaysia", "lists": {"groups": [{"items": [], "count": 2, "type": "created"}]}}, {"tips": {"count": 5}, "contact": {"twitter": "zeldatatiana", "facebook": "741146876"}, "firstName": "Zelda Tatiana", "gender": "female", "id": "6603375", "bio": "", "photo": {"prefix": "https://igx.4sqi.net/img/user/", "suffix": "/CGLFFNX0GIL2K3UV.jpg"}, "homeCity": "Singapore", "lists": {"groups": [{"items": [], "count": 2, "type": "created"}]}}, {"tips": {"count": 8}, "contact": {"twitter": "ting1329"}, "firstName": "Ting", "gender": "female", "lastName": "Liao", "id": "3803570", "bio": "", "photo": {"prefix": "https://igx.4sqi.net/img/user/", "suffix": "/PMUNIJXB20XYA0NE.jpg"}, "homeCity": "Singapore", "lists": {"groups": [{"items": [], "count": 2, "type": "created"}]}}, {"tips": {"count": 12}, "contact": {"twitter": "rainnabe", "facebook": "801467877"}, "firstName": "Rainnabe", "gender": "male", "id": "1773788", "bio": "", "photo": {"prefix": "https://igx.4sqi.net/img/user/", "suffix": "/4RM20PVWNSYEPGHA.jpg"}, "homeCity": "Singapore", "lists": {"groups": [{"items": [], "count": 2, "type": "created"}]}}, {"tips": {"count": 5}, "contact": {}, "firstName": "SC", "gender": "male", "lastName": "T", "id": "1280380", "bio": "", "photo": {"prefix": "https://igx.4sqi.net/img/user/", "suffix": "/ORWJXLI1VYKXAVRM.jpg"}, "homeCity": "Singapore", "lists": {"groups": [{"items": [], "count": 16, "type": "created"}]}}, {"tips": {"count": 5}, "contact": {"twitter": "reeneho", "facebook": "546290062"}, "firstName": "Reene", "gender": "female", "lastName": "Ho", "id": "224038", "bio": "", "photo": {"prefix": "https://igx.4sqi.net/img/user/", "suffix": "/224038-MJMLERCS0ZROWJNJ.jpg"}, "homeCity": "Singapore", "lists": {"groups": [{"items": [], "count": 4, "type": "created"}]}}, {"tips": {"count": 1}, "contact": {"facebook": "100003183456801"}, "firstName": "Han Sin", "gender": "male", "lastName": "Chia", "id": "32217132", "bio": "", "photo": {"prefix": "https://igx.4sqi.net/img/user/", "suffix": "/311YBFT5X4VNHD5D.jpg"}, "homeCity": "New York, NY", "lists": {"groups": [{"items": [], "count": 2, "type": "created"}]}}, {"tips": {"count": 0}, "contact": {"facebook": "693655945"}, "firstName": "Ann", "gender": "female", "lastName": "Shen", "id": "53411777", "bio": "", "photo": {"prefix": "https://igx.4sqi.net/img/user/", "suffix": "/FS420YI0RB5KIZ0F.jpg"}, "homeCity": "Singapore", "lists": {"groups": [{"items": [], "count": 2, "type": "created"}]}}, {"tips": {"count": 5}, "contact": {"twitter": "dominiqueblanco", "facebook": "589928356"}, "firstName": "Dominique", "gender": "male", "lastName": "Blanco", "id": "11788356", "bio": "", "photo": {"prefix": "https://igx.4sqi.net/img/user/", "suffix": "/BV0HZPLMZKP34X4L.jpg"}, "homeCity": "Ch\u00e2tillon-sur-Seine, France", "lists": {"groups": [{"items": [], "count": 2, "type": "created"}]}}, {"tips": {"count": 0}, "contact": {"facebook": "100001398123721"}, "firstName": "Tze Chien", "gender": "male", "lastName": "Chong", "id": "38036944", "bio": "", "photo": {"prefix": "https://igx.4sqi.net/img/user/", "suffix": "/MROCZ5IEPRPH2AZV.jpg"}, "homeCity": "", "lists": {"groups": [{"items": [], "count": 2, "type": "created"}]}}, {"tips": {"count": 4}, "contact": {"facebook": "1118212669"}, "firstName": "Sophia", "gender": "female", "lastName": "Lin", "id": "17546838", "bio": "", "photo": {"prefix": "https://igx.4sqi.net/img/user/", "suffix": "/Z1P0PXE2ENKSHO3X.jpg"}, "homeCity": "Cambridge, MA", "lists": {"groups": [{"items": [], "count": 2, "type": "created"}]}}, {"tips": {"count": 0}, "contact": {}, "firstName": "Evon", "gender": "none", "lastName": "Yap", "id": "5585664", "bio": "", "photo": {"prefix": "https://igx.4sqi.net/img/user/", "suffix": "/blank_boy.png", "default": true}, "homeCity": "Hong Kong", "lists": {"groups": [{"items": [], "count": 2, "type": "created"}]}}, {"tips": {"count": 0}, "contact": {}, "firstName": "Sharon", "gender": "female", "lastName": "Lim", "id": "5055367", "bio": "", "photo": {"prefix": "https://igx.4sqi.net/img/user/", "suffix": "/blank_girl.png", "default": true}, "homeCity": "Singapore", "lists": {"groups": [{"items": [], "count": 2, "type": "created"}]}}, {"tips": {"count": 27}, "contact": {"twitter": "richardqyc", "facebook": "605662492"}, "firstName": "Richard", "gender": "male", "lastName": "Qi", "id": "9605533", "bio": "", "photo": {"prefix": "https://igx.4sqi.net/img/user/", "suffix": "/MHMEGY1Q5HYI1CHP.jpg"}, "homeCity": "Singapore", "lists": {"groups": [{"items": [], "count": 18, "type": "created"}]}}, {"tips": {"count": 44}, "contact": {"facebook": "10152399315167271"}, "firstName": "Ngiap Heng", "gender": "male", "lastName": "Tan", "id": "5406277", "bio": "", "photo": {"prefix": "https://igx.4sqi.net/img/user/", "suffix": "/NH2RHROWCQI1BR3D.jpg"}, "homeCity": "Singapore", "lists": {"groups": [{"items": [], "count": 3, "type": "created"}]}}, {"tips": {"count": 5}, "contact": {"twitter": "wsaputra", "facebook": "544470425"}, "firstName": "Wawan", "gender": "male", "lastName": "Saputra", "id": "64896837", "bio": "", "photo": {"prefix": "https://igx.4sqi.net/img/user/", "suffix": "/1KFOWMZ4JVK55QC5.jpg"}, "homeCity": "Singapore", "lists": {"groups": [{"items": [], "count": 4, "type": "created"}]}}, {"tips": {"count": 1}, "contact": {"facebook": "10204072006620461"}, "firstName": "Kelly", "gender": "female", "lastName": "Teo", "id": "60525649", "bio": "", "photo": {"prefix": "https://igx.4sqi.net/img/user/", "suffix": "/60525649-2ER2JR4UH42ES1YD.jpg"}, "homeCity": "Singapore", "lists": {"groups": [{"items": [], "count": 2, "type": "created"}]}}, {"tips": {"count": 0}, "contact": {"facebook": "676086233"}, "firstName": "Yeo", "gender": "male", "lastName": "Beng", "id": "81698198", "bio": "", "photo": {"prefix": "https://igx.4sqi.net/img/user/", "suffix": "/81698198-LBLZRUIYI5PA300U.jpg"}, "homeCity": "Singapore, Singapore", "lists": {"groups": [{"items": [], "count": 2, "type": "created"}]}}, {"tips": {"count": 5}, "contact": {"facebook": "703697055"}, "firstName": "Sam", "gender": "male", "lastName": "Yip", "id": "2034090", "bio": "", "photo": {"prefix": "https://igx.4sqi.net/img/user/", "suffix": "/EF0EOLRQ2Z1JRCWM.jpg"}, "homeCity": "Singapore", "lists": {"groups": [{"items": [], "count": 3, "type": "created"}]}}, {"tips": {"count": 0}, "contact": {"facebook": "579805974"}, "firstName": "Garrie", "gender": "male", "lastName": "Maguire", "id": "4130161", "bio": "", "photo": {"prefix": "https://igx.4sqi.net/img/user/", "suffix": "/F23LVPDCXD4352JD.jpg"}, "homeCity": "Fitzroy, Australia", "lists": {"groups": [{"items": [], "count": 2, "type": "created"}]}}, {"tips": {"count": 0}, "contact": {"facebook": "637194874"}, "firstName": "Calvin Loo", "gender": "male", "id": "34401923", "bio": "", "photo": {"prefix": "https://igx.4sqi.net/img/user/", "suffix": "/P55JS5ABVOTGSN4W.jpg"}, "homeCity": "Singapore", "lists": {"groups": [{"items": [], "count": 2, "type": "created"}]}}, {"tips": {"count": 0}, "contact": {"facebook": "514816969"}, "firstName": "Jeremy", "gender": "male", "lastName": "Godinger", "id": "60386031", "bio": "", "photo": {"prefix": "https://igx.4sqi.net/img/user/", "suffix": "/LTJK4O5AAIBWPZDV.jpg"}, "homeCity": "New York, NY", "lists": {"groups": [{"items": [], "count": 2, "type": "created"}]}}, {"tips": {"count": 0}, "contact": {"facebook": "1020659309"}, "firstName": "Woo", "gender": "male", "lastName": "Kwek Kiong", "id": "57988607", "bio": "", "photo": {"prefix": "https://igx.4sqi.net/img/user/", "suffix": "/blank_boy.png", "default": true}, "homeCity": "Singapore", "lists": {"groups": [{"items": [], "count": 2, "type": "created"}]}}, {"tips": {"count": 2}, "contact": {"facebook": "593103863"}, "firstName": "Tin", "gender": "male", "lastName": "Koh", "id": "27658539", "bio": "", "photo": {"prefix": "https://igx.4sqi.net/img/user/", "suffix": "/J5TS3FZOAKS0MDXL.jpg"}, "homeCity": "Yishun, Singapore", "lists": {"groups": [{"items": [], "count": 2, "type": "created"}]}}, {"tips": {"count": 6}, "contact": {}, "firstName": "Lu", "gender": "female", "lastName": "Tan", "id": "8479452", "bio": "", "photo": {"prefix": "https://igx.4sqi.net/img/user/", "suffix": "/3SUWXNBQWHU05O3D.jpg"}, "homeCity": "Singapore", "lists": {"groups": [{"items": [], "count": 2, "type": "created"}]}}, {"tips": {"count": 0}, "contact": {"facebook": "100000776714547"}, "firstName": "Monami", "gender": "female", "lastName": "Nakai", "id": "10421681", "bio": "", "photo": {"prefix": "https://igx.4sqi.net/img/user/", "suffix": "/EAEY2USBTYML53IG.jpg"}, "homeCity": "\u6e0b\u8c37\u533a, \u65e5\u672c", "lists": {"groups": [{"items": [], "count": 2, "type": "created"}]}}, {"tips": {"count": 6}, "contact": {"twitter": "vonnie7976", "facebook": "10153203716326810"}, "firstName": "Yvonne", "gender": "female", "lastName": "Tang", "id": "9836144", "bio": "", "photo": {"prefix": "https://igx.4sqi.net/img/user/", "suffix": "/4VL0YFK2QQBN2JO0.jpg"}, "homeCity": "Singapore", "lists": {"groups": [{"items": [], "count": 2, "type": "created"}]}}, {"tips": {"count": 0}, "contact": {"facebook": "602143729"}, "firstName": "Nathan", "gender": "male", "lastName": "Goh", "id": "7585931", "bio": "", "photo": {"prefix": "https://igx.4sqi.net/img/user/", "suffix": "/2DYIJIXOR1PEATXW.jpg"}, "homeCity": "Unnamed Location", "lists": {"groups": [{"items": [], "count": 2, "type": "created"}]}}, {"tips": {"count": 2}, "contact": {"facebook": "10153029766839246"}, "firstName": "Ka Sing", "gender": "male", "lastName": "Choo", "id": "73634942", "bio": "", "photo": {"prefix": "https://igx.4sqi.net/img/user/", "suffix": "/73634942-FNYPCOMO0CPM5PCE.jpg"}, "homeCity": "Singapore", "lists": {"groups": [{"items": [], "count": 2, "type": "created"}]}}, {"tips": {"count": 0}, "contact": {"facebook": "652103736"}, "firstName": "Augustine", "gender": "male", "lastName": "Heng", "id": "2784993", "bio": "", "photo": {"prefix": "https://igx.4sqi.net/img/user/", "suffix": "/5XFQGSB5OA1QRSTF.jpg"}, "homeCity": "Singapore", "lists": {"groups": [{"items": [], "count": 2, "type": "created"}]}}, {"tips": {"count": 20}, "contact": {"facebook": "511984140"}, "firstName": "Craig", "gender": "male", "lastName": "Fenton", "id": "6378336", "bio": "", "photo": {"prefix": "https://igx.4sqi.net/img/user/", "suffix": "/LPYOPJYS3DZTCBF5.jpg"}, "homeCity": "Melbourne, Australia", "lists": {"groups": [{"items": [], "count": 2, "type": "created"}]}}, {"tips": {"count": 0}, "contact": {"facebook": "10153331571676786"}, "firstName": "Bobby", "gender": "male", "lastName": "Chan", "id": "171800176", "bio": "", "photo": {"prefix": "https://igx.4sqi.net/img/user/", "suffix": "/171800176-4ZR1S5QVSUAGJXR5.jpg"}, "homeCity": "Hong Kong", "lists": {"groups": [{"items": [], "count": 2, "type": "created"}]}}, {"tips": {"count": 0}, "contact": {"facebook": "1336393360"}, "firstName": "Hai", "gender": "male", "lastName": "Yong", "id": "43247800", "bio": "", "photo": {"prefix": "https://igx.4sqi.net/img/user/", "suffix": "/F112N1UV4QR2AJXP.jpg"}, "homeCity": "New York, NY", "lists": {"groups": [{"items": [], "count": 2, "type": "created"}]}}, {"tips": {"count": 0}, "contact": {"facebook": "730085694"}, "firstName": "Weiling", "gender": "female", "lastName": "Lim", "id": "74423036", "bio": "", "photo": {"prefix": "https://igx.4sqi.net/img/user/", "suffix": "/74423036-BPD0YUJOIRH3WA4P.jpg"}, "homeCity": "Singapore", "lists": {"groups": [{"items": [], "count": 2, "type": "created"}]}}, {"tips": {"count": 5}, "contact": {"twitter": "duncanchapple", "facebook": "34277"}, "firstName": "Duncan", "gender": "male", "lastName": "Chapple", "id": "5740519", "bio": "", "photo": {"prefix": "https://igx.4sqi.net/img/user/", "suffix": "/5740519-JPQVUZBYZBVENQTQ.jpg"}, "homeCity": "London", "lists": {"groups": [{"items": [], "count": 10, "type": "created"}]}}, {"tips": {"count": 11}, "contact": {"facebook": "638066257"}, "firstName": "David", "gender": "male", "lastName": "Bellman", "id": "30944106", "bio": "", "photo": {"prefix": "https://igx.4sqi.net/img/user/", "suffix": "/LGDEMZEB1DYQTQXM.jpg"}, "homeCity": "Singapore", "lists": {"groups": [{"items": [], "count": 3, "type": "created"}]}}], "count": 46}, "checksum": "542591a4ed60c2f1251065cf10a4eb20b8c3424a"}, "meta": {"requestId": "5965b7ab9fb6b77b76d11a71", "code": 200}}