{"notifications": [{"type": "notificationTray", "item": {"unreadCount": 0}}], "response": {"friends": {"items": [{"tips": {"count": 0}, "contact": {"twitter": "ptko_prblog", "facebook": "749571899"}, "firstName": "Claire", "gender": "female", "lastName": "Whittleston", "id": "4783453", "bio": "", "photo": {"prefix": "https://igx.4sqi.net/img/user/", "suffix": "/XTWPR5LQJP0IK0PV.jpg"}, "homeCity": "Glen Rock, NJ", "lists": {"groups": [{"items": [], "count": 2, "type": "created"}]}}, {"tips": {"count": 15}, "contact": {"facebook": "500133513"}, "firstName": "Li Li", "gender": "female", "lastName": "Chan", "id": "6774857", "bio": "", "photo": {"prefix": "https://igx.4sqi.net/img/user/", "suffix": "/4UU4TRGVD0Q5QPV4.jpg"}, "homeCity": "Kuala Lumpur", "lists": {"groups": [{"items": [], "count": 2, "type": "created"}]}}, {"tips": {"count": 0}, "contact": {}, "firstName": "Eugene", "gender": "male", "lastName": "Wee", "id": "6568098", "bio": "", "photo": {"prefix": "https://igx.4sqi.net/img/user/", "suffix": "/blank_boy.png", "default": true}, "homeCity": "Melaka, Malaysia", "lists": {"groups": [{"items": [], "count": 2, "type": "created"}]}}, {"tips": {"count": 1}, "contact": {"facebook": "647153282"}, "firstName": "Xavier", "gender": "male", "lastName": "Tham", "id": "5624271", "bio": "", "photo": {"prefix": "https://igx.4sqi.net/img/user/", "suffix": "/XO4N2ZAWF1OTAAZM.jpg"}, "homeCity": "Singapore", "lists": {"groups": [{"items": [], "count": 2, "type": "created"}]}}, {"tips": {"count": 77}, "contact": {"twitter": "jiaxian", "facebook": "887390614"}, "firstName": "Jiaxian", "gender": "male", "id": "1429555", "bio": "", "photo": {"prefix": "https://igx.4sqi.net/img/user/", "suffix": "/1429555-TPEXSWYFRVSREB2J.jpg"}, "homeCity": "Singapore", "lists": {"groups": [{"items": [], "count": 2, "type": "created"}]}}, {"tips": {"count": 0}, "contact": {}, "firstName": "Pauline", "gender": "female", "lastName": "Chan", "id": "5787566", "bio": "", "photo": {"prefix": "https://igx.4sqi.net/img/user/", "suffix": "/VTOZWXA0EGAU0O1B.jpg"}, "homeCity": "Singapore", "lists": {"groups": [{"items": [], "count": 2, "type": "created"}]}}, {"tips": {"count": 0}, "contact": {"facebook": "607128034"}, "firstName": "Karen", "gender": "female", "lastName": "Mornay", "id": "71320558", "bio": "", "photo": {"prefix": "https://igx.4sqi.net/img/user/", "suffix": "/71320558-UBXX404DHAUJRVVK.jpg"}, "homeCity": "Singapore", "lists": {"groups": [{"items": [], "count": 2, "type": "created"}]}}, {"tips": {"count": 1}, "contact": {"facebook": "523363982"}, "firstName": "lvepi", "gender": "female", "id": "3837998", "bio": "", "photo": {"prefix": "https://igx.4sqi.net/img/user/", "suffix": "/CVYHFV5UFU152OCS.jpg"}, "homeCity": "Singapore", "lists": {"groups": [{"items": [], "count": 2, "type": "created"}]}}, {"tips": {"count": 2}, "contact": {"facebook": "719127098"}, "firstName": "muaji", "gender": "female", "lastName": "chen", "id": "646512", "bio": "", "photo": {"prefix": "https://igx.4sqi.net/img/user/", "suffix": "/2V0GDXPJ3FDB5UWA.jpg"}, "homeCity": "Singapore", "lists": {"groups": [{"items": [], "count": 2, "type": "created"}]}}, {"tips": {"count": 25}, "contact": {"facebook": "10154530576562770"}, "firstName": "Wen", "gender": "female", "lastName": "Ng", "id": "1695908", "bio": "", "photo": {"prefix": "https://igx.4sqi.net/img/user/", "suffix": "/LPIUONKD4QWIBSN0.jpg"}, "homeCity": "Clementi, Singapore", "lists": {"groups": [{"items": [], "count": 2, "type": "created"}]}}, {"tips": {"count": 0}, "contact": {}, "firstName": "Cynthia", "gender": "female", "lastName": "Tham", "id": "1952465", "bio": "", "photo": {"prefix": "https://igx.4sqi.net/img/user/", "suffix": "/1952465-FPXJARPB5WWY0UY2.jpg"}, "homeCity": "Hougang, Singapore", "lists": {"groups": [{"items": [], "count": 2, "type": "created"}]}}, {"tips": {"count": 0}, "contact": {}, "firstName": "Niicole", "gender": "female", "id": "1156840", "bio": "", "photo": {"prefix": "https://igx.4sqi.net/img/user/", "suffix": "/HH2QNNMVA1LLCCLC.jpg"}, "homeCity": "Ang Mo Kio, Singapore", "lists": {"groups": [{"items": [], "count": 2, "type": "created"}]}}, {"tips": {"count": 0}, "contact": {}, "firstName": "Prisca", "gender": "female", "lastName": "Hoo", "id": "2506140", "bio": "", "photo": {"prefix": "https://igx.4sqi.net/img/user/", "suffix": "/SLZ2O04UQFLJZMZ1.jpg"}, "homeCity": "Singapore", "lists": {"groups": [{"items": [], "count": 2, "type": "created"}]}}, {"tips": {"count": 11}, "contact": {"facebook": "547579502"}, "firstName": "Jennifer", "gender": "female", "lastName": "Foo", "id": "1369059", "bio": "", "photo": {"prefix": "https://igx.4sqi.net/img/user/", "suffix": "/HPNU1TPPQJHCQGJD.jpg"}, "homeCity": "Singapore", "lists": {"groups": [{"items": [], "count": 2, "type": "created"}]}}, {"tips": {"count": 0}, "contact": {"facebook": "685357247"}, "firstName": "Mann", "gender": "female", "id": "4891157", "bio": "", "photo": {"prefix": "https://igx.4sqi.net/img/user/", "suffix": "/E4SKUFUFZN3WHNE3.jpg"}, "homeCity": "Singapore", "lists": {"groups": [{"items": [], "count": 2, "type": "created"}]}}, {"tips": {"count": 2}, "contact": {"facebook": "546614402"}, "firstName": "Angela", "gender": "female", "lastName": "Ang", "id": "7954658", "bio": "", "photo": {"prefix": "https://igx.4sqi.net/img/user/", "suffix": "/OXCOPYTNDJ00CAYH.jpg"}, "homeCity": "Singapore", "lists": {"groups": [{"items": [], "count": 2, "type": "created"}]}}, {"tips": {"count": 0}, "contact": {}, "firstName": "Stella", "gender": "female", "lastName": "Lee", "id": "5029088", "bio": "", "photo": {"prefix": "https://igx.4sqi.net/img/user/", "suffix": "/blank_girl.png", "default": true}, "homeCity": "Singapore", "lists": {"groups": [{"items": [], "count": 2, "type": "created"}]}}, {"tips": {"count": 0}, "contact": {"facebook": "882700236"}, "firstName": "Niicole", "gender": "female", "lastName": "Qiaohui", "id": "3340126", "bio": "", "photo": {"prefix": "https://igx.4sqi.net/img/user/", "suffix": "/S15JGNBRCTF2LR51.jpg"}, "homeCity": "Singapore", "lists": {"groups": [{"items": [], "count": 2, "type": "created"}]}}, {"tips": {"count": 41}, "contact": {}, "firstName": "Felicia", "gender": "female", "lastName": "Ong", "id": "1273923", "bio": "", "photo": {"prefix": "https://igx.4sqi.net/img/user/", "suffix": "/P5FIVL51EK1GQA4J.jpg"}, "homeCity": "Rochor, Singapore", "lists": {"groups": [{"items": [], "count": 4, "type": "created"}]}}, {"tips": {"count": 3}, "contact": {}, "firstName": "Dor", "gender": "female", "lastName": "Yeng", "id": "8836379", "bio": "", "photo": {"prefix": "https://igx.4sqi.net/img/user/", "suffix": "/431C0GOOVJP520U3.jpg"}, "homeCity": "Blk 961 Hougang Ave 9, 5th floor", "lists": {"groups": [{"items": [], "count": 2, "type": "created"}]}}, {"tips": {"count": 1}, "contact": {"facebook": "794153415"}, "firstName": "Yvonne", "gender": "female", "lastName": "Lim", "id": "9397384", "bio": "", "photo": {"prefix": "https://igx.4sqi.net/img/user/", "suffix": "/5I12PWCQ21JTVK54.jpg"}, "homeCity": "Singapore", "lists": {"groups": [{"items": [], "count": 33, "type": "created"}]}}, {"tips": {"count": 29}, "contact": {}, "firstName": "\u52a0\u85aa\u8fbe", "gender": "female", "lastName": "T.", "id": "5941054", "bio": "Hello! Here to check new eating places out! :)", "photo": {"prefix": "https://igx.4sqi.net/img/user/", "suffix": "/5941054-2ZRY1FD4WIIWZIEH.jpg"}, "homeCity": "Singapore", "lists": {"groups": [{"items": [], "count": 39, "type": "created"}]}}, {"tips": {"count": 0}, "contact": {"facebook": "556004029"}, "firstName": "Kel", "gender": "male", "lastName": "Vin", "id": "81126727", "bio": "", "photo": {"prefix": "https://igx.4sqi.net/img/user/", "suffix": "/81126727-GAAGAEDDB0SXKKRV.jpg"}, "homeCity": "Kuala Lumpur, KUL", "lists": {"groups": [{"items": [], "count": 2, "type": "created"}]}}, {"tips": {"count": 3}, "contact": {"twitter": "adrianlow77", "facebook": "1154177226"}, "firstName": "Adrian", "gender": "male", "lastName": "Low", "id": "1529890", "bio": "", "photo": {"prefix": "https://igx.4sqi.net/img/user/", "suffix": "/QWS1ODVB1VPTRJ51.jpg"}, "homeCity": "Singapore", "lists": {"groups": [{"items": [], "count": 2, "type": "created"}]}}, {"tips": {"count": 0}, "contact": {"facebook": "1011850778"}, "firstName": "NurAidah", "gender": "female", "lastName": "Thani", "id": "21195048", "bio": "", "photo": {"prefix": "https://igx.4sqi.net/img/user/", "suffix": "/FOOIJ4J3CHHJXIMP.jpg"}, "homeCity": "Singapore", "lists": {"groups": [{"items": [], "count": 2, "type": "created"}]}}, {"tips": {"count": 72}, "contact": {"facebook": "524306614"}, "firstName": "Aaron", "gender": "male", "id": "76533769", "bio": "", "photo": {"prefix": "https://igx.4sqi.net/img/user/", "suffix": "/76533769-XOXYZXPZ0WNWT5JK.jpg"}, "homeCity": "Singapore", "lists": {"groups": [{"items": [], "count": 4, "type": "created"}]}}, {"tips": {"count": 0}, "contact": {"facebook": "1346109406"}, "firstName": "Nana", "gender": "female", "lastName": "Lau", "id": "1637351", "bio": "", "photo": {"prefix": "https://igx.4sqi.net/img/user/", "suffix": "/T5C442MOIORHSMWT.jpg"}, "homeCity": "Jurong East, Singapore", "lists": {"groups": [{"items": [], "count": 2, "type": "created"}]}}, {"tips": {"count": 0}, "contact": {"facebook": "722973236"}, "firstName": "Karena", "gender": "female", "lastName": "Goh", "id": "2033357", "bio": "", "photo": {"prefix": "https://igx.4sqi.net/img/user/", "suffix": "/3JPEPN21ZAKDTOLT.jpg"}, "homeCity": "Singapore", "lists": {"groups": [{"items": [], "count": 2, "type": "created"}]}}, {"tips": {"count": 3}, "contact": {"twitter": "javient", "facebook": "618311244"}, "firstName": "Clement", "gender": "male", "lastName": "Teo", "id": "2471754", "bio": "", "photo": {"prefix": "https://igx.4sqi.net/img/user/", "suffix": "/RPZYWBCJQJ4YTH1E.jpg"}, "homeCity": "Singapore", "lists": {"groups": [{"items": [], "count": 2, "type": "created"}]}}, {"tips": {"count": 0}, "contact": {"facebook": "712772192"}, "firstName": "Shazliana", "gender": "female", "lastName": "Heron", "id": "3570308", "bio": "", "photo": {"prefix": "https://igx.4sqi.net/img/user/", "suffix": "/5Z4K0R3G3ZIT4NYP.jpg"}, "homeCity": "Singapore", "lists": {"groups": [{"items": [], "count": 2, "type": "created"}]}}], "count": 30}, "checksum": "108ea7798ad74fc56a752911d9a24a2d1b09a4c3"}, "meta": {"requestId": "5965bf43dd57972d41c35553", "code": 200}}