{"notifications": [{"type": "notificationTray", "item": {"unreadCount": 0}}], "meta": {"requestId": "5966ec9df594df221bc52684", "code": 200}, "response": {"friends": {"count": 123, "items": [{"id": "23283349", "photo": {"prefix": "https://igx.4sqi.net/img/user/", "suffix": "/NZGXYXLVUQ2KKKRH.jpg"}, "homeCity": "New York, NY", "contact": {"facebook": "748075275"}, "firstName": "Jerome Romeo", "tips": {"count": 0}, "gender": "male", "lastName": "Lim", "lists": {"groups": [{"count": 2, "type": "created", "items": []}]}, "bio": ""}, {"id": "2320837", "photo": {"prefix": "https://igx.4sqi.net/img/user/", "suffix": "/YXVJTUIAJX11IB3L.jpg"}, "homeCity": "Singapore", "contact": {"twitter": "thatsoeugene"}, "firstName": "Eugene", "tips": {"count": 1}, "gender": "male", "lastName": "C", "lists": {"groups": [{"count": 2, "type": "created", "items": []}]}, "bio": ""}, {"id": "28534036", "photo": {"prefix": "https://igx.4sqi.net/img/user/", "suffix": "/28534036-4UIYNOXDFNHYG2QF.jpg"}, "homeCity": "Singapore ", "contact": {"facebook": "753439431", "twitter": "cxingrong"}, "firstName": "Chia", "tips": {"count": 0}, "gender": "female", "lastName": "Xingrong", "lists": {"groups": [{"count": 2, "type": "created", "items": []}]}, "bio": ""}, {"id": "4316539", "photo": {"prefix": "https://igx.4sqi.net/img/user/", "default": true, "suffix": "/blank_girl.png"}, "homeCity": "Singapore", "contact": {}, "firstName": "tan", "tips": {"count": 0}, "gender": "female", "lastName": "davine", "lists": {"groups": [{"count": 2, "type": "created", "items": []}]}, "bio": ""}, {"id": "6741334", "photo": {"prefix": "https://igx.4sqi.net/img/user/", "default": true, "suffix": "/blank_boy.png"}, "homeCity": "Singapore", "contact": {}, "firstName": "Kevin", "tips": {"count": 0}, "gender": "male", "lastName": "Lim", "lists": {"groups": [{"count": 2, "type": "created", "items": []}]}, "bio": ""}, {"id": "76047416", "photo": {"prefix": "https://igx.4sqi.net/img/user/", "default": true, "suffix": "/blank_boy.png"}, "homeCity": "Singapore", "contact": {"facebook": "707889715"}, "firstName": "Wilson", "tips": {"count": 0}, "gender": "male", "lastName": "Ong", "lists": {"groups": [{"count": 2, "type": "created", "items": []}]}, "bio": ""}, {"id": "25199568", "photo": {"prefix": "https://igx.4sqi.net/img/user/", "default": true, "suffix": "/blank_boy.png"}, "homeCity": "New York, NY", "contact": {"facebook": "610199509"}, "firstName": "JoShua", "tips": {"count": 0}, "gender": "male", "lastName": "EuGene", "lists": {"groups": [{"count": 2, "type": "created", "items": []}]}, "bio": ""}, {"id": "7649290", "photo": {"prefix": "https://igx.4sqi.net/img/user/", "default": true, "suffix": "/blank_boy.png"}, "homeCity": "Singapore", "contact": {}, "firstName": "Maverick", "tips": {"count": 0}, "gender": "male", "lastName": "Loh", "lists": {"groups": [{"count": 2, "type": "created", "items": []}]}, "bio": ""}, {"id": "4420546", "photo": {"prefix": "https://igx.4sqi.net/img/user/", "suffix": "/5VF0GVTNPQPCKUGB.jpg"}, "homeCity": "Singapore", "contact": {"facebook": "607783919", "twitter": "vanpwnslahdey"}, "firstName": "Vanessa", "tips": {"count": 0}, "gender": "female", "lastName": "Ko", "lists": {"groups": [{"count": 2, "type": "created", "items": []}]}, "bio": ""}, {"id": "54507828", "photo": {"prefix": "https://igx.4sqi.net/img/user/", "suffix": "/54507828-LV2T5Y4VAT3CFN01.jpg"}, "homeCity": "Singapore", "contact": {"facebook": "100004646599466", "twitter": "greysurez"}, "firstName": "Grey", "tips": {"count": 0}, "gender": "female", "lastName": "Grey", "lists": {"groups": [{"count": 2, "type": "created", "items": []}]}, "bio": "I insta, tweet and snap at @greysurez"}, {"id": "5509843", "photo": {"prefix": "https://igx.4sqi.net/img/user/", "suffix": "/A3JDL2XEQC52MBP4.jpg"}, "homeCity": "Singapore", "contact": {"facebook": "1172134780"}, "firstName": "Meriam", "tips": {"count": 0}, "gender": "female", "lastName": "Gubuan", "lists": {"groups": [{"count": 2, "type": "created", "items": []}]}, "bio": ""}, {"id": "1935055", "photo": {"prefix": "https://igx.4sqi.net/img/user/", "suffix": "/TP5WTZQHTZV0SCBI.jpg"}, "homeCity": "Bt Batok, Singapore ", "contact": {"facebook": "578361857", "twitter": "rogersoh"}, "firstName": "Roger", "tips": {"count": 14}, "gender": "male", "lastName": "Soh", "lists": {"groups": [{"count": 2, "type": "created", "items": []}]}, "bio": ""}, {"id": "1174570", "photo": {"prefix": "https://igx.4sqi.net/img/user/", "suffix": "/PWSAUEZ4JAIHB0AU.jpg"}, "homeCity": "Singapore", "contact": {"facebook": "657741585", "twitter": "jaylows"}, "firstName": "Jay", "tips": {"count": 5}, "gender": "male", "lastName": "Low", "lists": {"groups": [{"count": 2, "type": "created", "items": []}]}, "bio": ""}, {"id": "452495", "photo": {"prefix": "https://igx.4sqi.net/img/user/", "suffix": "/EZZ3COH2D45O1CTB.jpg"}, "homeCity": "Singapore", "contact": {"facebook": "748362602", "twitter": "absolutchloe"}, "firstName": "Chloe", "tips": {"count": 1}, "gender": "female", "lastName": "T", "lists": {"groups": [{"count": 2, "type": "created", "items": []}]}, "bio": ""}, {"id": "186905", "photo": {"prefix": "https://igx.4sqi.net/img/user/", "suffix": "/M0CTH4TMJWCVNOAM.jpg"}, "homeCity": "Balestier, Singapore", "contact": {"facebook": "1464051362", "twitter": "rochorbeancurd"}, "firstName": "rochorbeancurd", "tips": {"count": 2}, "superuser": 1, "gender": "male", "lastName": "JasonKoh", "lists": {"groups": [{"count": 2, "type": "created", "items": []}]}, "bio": ""}, {"id": "3452524", "photo": {"prefix": "https://igx.4sqi.net/img/user/", "suffix": "/ZJN0DJAXRXCJGGBC.jpg"}, "homeCity": "Singapore", "contact": {"facebook": "592219684"}, "firstName": "Yanto", "tips": {"count": 0}, "gender": "male", "lastName": "Property", "lists": {"groups": [{"count": 2, "type": "created", "items": []}]}, "bio": ""}, {"id": "331361", "photo": {"prefix": "https://igx.4sqi.net/img/user/", "suffix": "/331361-AL1G20MMMR0EVNH4.jpg"}, "homeCity": "Singapore", "contact": {"facebook": "609965217", "twitter": "thfakehipster"}, "firstName": "Phyllis Jeannemarie", "tips": {"count": 12}, "gender": "female", "lastName": "Wan", "lists": {"groups": [{"count": 2, "type": "created", "items": []}]}, "bio": "Haters gonna hate"}, {"id": "1782422", "photo": {"prefix": "https://igx.4sqi.net/img/user/", "suffix": "/1782422-S3A2BMTXJAXS1AMC.jpg"}, "homeCity": "Singapore", "contact": {"twitter": "hongmurphi"}, "firstName": "Murphi", "tips": {"count": 1}, "gender": "female", "lastName": "Ang", "lists": {"groups": [{"count": 2, "type": "created", "items": []}]}, "bio": ""}, {"id": "812627", "photo": {"prefix": "https://igx.4sqi.net/img/user/", "default": true, "suffix": "/blank_boy.png"}, "homeCity": "Singapore", "contact": {}, "firstName": "KC", "tips": {"count": 0}, "gender": "male", "lastName": "Cheng", "lists": {"groups": [{"count": 2, "type": "created", "items": []}]}, "bio": ""}, {"id": "4400759", "photo": {"prefix": "https://igx.4sqi.net/img/user/", "suffix": "/UP2GGIVLVSNENV2Q.jpg"}, "homeCity": "Singapore,Tampines", "contact": {"facebook": "670993016", "twitter": "thaiib0y"}, "firstName": "thaiib0y", "tips": {"count": 0}, "gender": "male", "lastName": ".", "lists": {"groups": [{"count": 2, "type": "created", "items": []}]}, "bio": ""}, {"id": "918441", "photo": {"prefix": "https://igx.4sqi.net/img/user/", "suffix": "/918441-LOPYWION2OSADKJE.jpg"}, "homeCity": "Tampines, Singapore", "contact": {"facebook": "525866033", "twitter": "hpility"}, "firstName": "Hpility", "tips": {"count": 9}, "gender": "male", "lastName": "Yeo", "lists": {"groups": [{"count": 3, "type": "created", "items": []}]}, "bio": "Http://hpility.sg | http://hpility.blogspot.com"}, {"id": "2548975", "photo": {"prefix": "https://igx.4sqi.net/img/user/", "suffix": "/KQJ5JL3GTSHUM1IM.jpg"}, "homeCity": "Singapore", "contact": {"facebook": "672939960", "twitter": "jayceeeeeee"}, "firstName": "Jeremy", "tips": {"count": 4}, "superuser": 3, "gender": "male", "lastName": "Chia", "lists": {"groups": [{"count": 2, "type": "created", "items": []}]}, "bio": ""}, {"id": "32116308", "photo": {"prefix": "https://igx.4sqi.net/img/user/", "suffix": "/CJPL2GVOXULDC4CZ.jpg"}, "homeCity": "New York, NY", "contact": {"facebook": "708441315"}, "firstName": "Enya", "tips": {"count": 0}, "gender": "female", "lastName": "Tan", "lists": {"groups": [{"count": 2, "type": "created", "items": []}]}, "bio": ""}, {"id": "68421380", "photo": {"prefix": "https://igx.4sqi.net/img/user/", "suffix": "/5N2TN4XFXX4M4MSK.jpg"}, "homeCity": "Singapore, 00", "contact": {"facebook": "1471895546"}, "firstName": "Mos", "tips": {"count": 0}, "gender": "male", "lastName": "Zay", "lists": {"groups": [{"count": 2, "type": "created", "items": []}]}, "bio": ""}, {"id": "4452206", "photo": {"prefix": "https://igx.4sqi.net/img/user/", "suffix": "/UDLN0K5OZCB15BAW.jpg"}, "homeCity": "Singapore", "contact": {"facebook": "10155201031148360", "twitter": "ngkaimingkelvin"}, "firstName": "Ng", "tips": {"count": 1}, "gender": "male", "lastName": "Kelvin", "lists": {"groups": [{"count": 2, "type": "created", "items": []}]}, "bio": ""}, {"id": "5159181", "photo": {"prefix": "https://igx.4sqi.net/img/user/", "suffix": "/XI3XPQPJHYFBL5XF.jpg"}, "homeCity": "Singapore", "contact": {"facebook": "607989265"}, "firstName": "Edzel", "tips": {"count": 0}, "gender": "male", "lastName": "Sy", "lists": {"groups": [{"count": 2, "type": "created", "items": []}]}, "bio": ""}, {"id": "6787254", "photo": {"prefix": "https://igx.4sqi.net/img/user/", "suffix": "/JHRXPEYHR5OTAZDP.jpg"}, "homeCity": "Singapore", "contact": {"facebook": "100001270043630"}, "firstName": "Benedict", "tips": {"count": 0}, "gender": "male", "lastName": "Cheng", "lists": {"groups": [{"count": 2, "type": "created", "items": []}]}, "bio": ""}, {"id": "76047636", "photo": {"prefix": "https://igx.4sqi.net/img/user/", "suffix": "/76047636-R4FZTHWGEMRMMX3N.jpg"}, "homeCity": "Singapore, Singapore", "contact": {"facebook": "566506418"}, "firstName": "Tobias", "tips": {"count": 0}, "gender": "male", "lastName": "Siong", "lists": {"groups": [{"count": 2, "type": "created", "items": []}]}, "bio": ""}, {"id": "106122511", "photo": {"prefix": "https://igx.4sqi.net/img/user/", "suffix": "/106122511-HOCJY5Q51DRAF2HC.jpg"}, "homeCity": "Singapore", "contact": {"facebook": "911010868911952", "twitter": "jovynaaang"}, "firstName": "Jovyna", "tips": {"count": 0}, "gender": "none", "lastName": "Ang", "lists": {"groups": [{"count": 2, "type": "created", "items": []}]}, "bio": ""}, {"id": "10740524", "photo": {"prefix": "https://igx.4sqi.net/img/user/", "suffix": "/10740524-FGMQFM0TNEQSDLWW.jpg"}, "homeCity": "Singapore", "contact": {"twitter": "dchying"}, "firstName": "Dawna", "tips": {"count": 0}, "gender": "female", "lastName": "Chan", "lists": {"groups": [{"count": 2, "type": "created", "items": []}]}, "bio": ""}, {"id": "8951402", "photo": {"prefix": "https://igx.4sqi.net/img/user/", "suffix": "/FL1ZGLVRB51YSCKG.jpg"}, "homeCity": "Singapore", "contact": {"facebook": "10153325565558425", "twitter": "nanxtoh"}, "firstName": "Jackson", "tips": {"count": 0}, "gender": "male", "lastName": "Toh", "lists": {"groups": [{"count": 2, "type": "created", "items": []}]}, "bio": ""}, {"id": "5512711", "photo": {"prefix": "https://igx.4sqi.net/img/user/", "suffix": "/AEGASY31WSQ3CLJH.jpg"}, "homeCity": "Singapore", "contact": {"facebook": "711467031", "twitter": "ngwh97"}, "firstName": "Wen Hong", "tips": {"count": 2}, "gender": "male", "lastName": "Ng", "lists": {"groups": [{"count": 2, "type": "created", "items": []}]}, "bio": ""}, {"id": "4544215", "photo": {"prefix": "https://igx.4sqi.net/img/user/", "default": true, "suffix": "/blank_boy.png"}, "homeCity": "Singapore", "contact": {}, "firstName": "Zhihan", "tips": {"count": 0}, "gender": "male", "lastName": "Lim", "lists": {"groups": [{"count": 2, "type": "created", "items": []}]}, "bio": ""}, {"id": "4029601", "photo": {"prefix": "https://igx.4sqi.net/img/user/", "suffix": "/EZF4F3NI2I2S003F.jpg"}, "homeCity": "Singapore", "contact": {"facebook": "789959892"}, "firstName": "Yirun", "tips": {"count": 1}, "gender": "male", "lastName": "Chan", "lists": {"groups": [{"count": 2, "type": "created", "items": []}]}, "bio": ""}, {"id": "1223528", "photo": {"prefix": "https://igx.4sqi.net/img/user/", "suffix": "/PUQVWLPK2EBUOVSO.jpg"}, "homeCity": "Singapore", "contact": {"facebook": "10155597712016802", "twitter": "rubyleeyuanping"}, "firstName": "Lee Yuan Ping", "tips": {"count": 0}, "gender": "female", "lists": {"groups": [{"count": 2, "type": "created", "items": []}]}, "bio": ""}, {"id": "4098322", "photo": {"prefix": "https://igx.4sqi.net/img/user/", "default": true, "suffix": "/blank_girl.png"}, "homeCity": "Singapore", "contact": {"twitter": "valerieyapp"}, "firstName": "Valerie", "tips": {"count": 0}, "gender": "female", "lastName": "Yap", "lists": {"groups": [{"count": 2, "type": "created", "items": []}]}, "bio": ""}, {"id": "2986892", "photo": {"prefix": "https://igx.4sqi.net/img/user/", "suffix": "/0KYV10SALDKFH0MU.jpg"}, "homeCity": "Singapore", "contact": {"twitter": "cryiez"}, "firstName": "Mayrine", "tips": {"count": 2}, "gender": "female", "lastName": "Yu", "lists": {"groups": [{"count": 2, "type": "created", "items": []}]}, "bio": ""}, {"id": "1767629", "photo": {"prefix": "https://igx.4sqi.net/img/user/", "suffix": "/5TGYNNNL3B3OCYRZ.jpg"}, "homeCity": "Jurong East, Singapore", "contact": {"facebook": "1657137977", "twitter": "yanling90"}, "firstName": "Tan", "tips": {"count": 0}, "gender": "female", "lastName": "YanLing", "lists": {"groups": [{"count": 2, "type": "created", "items": []}]}, "bio": ""}, {"id": "4860617", "photo": {"prefix": "https://igx.4sqi.net/img/user/", "suffix": "/OMWLQJBMG1RV13ZE.jpg"}, "homeCity": "Singapore", "contact": {"facebook": "620713471"}, "firstName": "Terence", "tips": {"count": 0}, "gender": "male", "lastName": "Ho", "lists": {"groups": [{"count": 2, "type": "created", "items": []}]}, "bio": ""}, {"id": "957908", "photo": {"prefix": "https://igx.4sqi.net/img/user/", "suffix": "/U53RWFSJU2GHPVOG.jpg"}, "homeCity": "Singapore", "contact": {"facebook": "706471477", "twitter": "ratedrshadow"}, "firstName": "Daniel", "tips": {"count": 12}, "gender": "male", "lastName": "Lee", "lists": {"groups": [{"count": 2, "type": "created", "items": []}]}, "bio": ""}, {"id": "2595461", "photo": {"prefix": "https://igx.4sqi.net/img/user/", "suffix": "/WLMOZGZE3MLRKENI.jpg"}, "homeCity": "Singapore", "contact": {"facebook": "774632885", "twitter": "zal84"}, "firstName": "Calvin", "tips": {"count": 2}, "gender": "male", "lastName": "Yeong", "lists": {"groups": [{"count": 2, "type": "created", "items": []}]}, "bio": ""}, {"id": "32436386", "photo": {"prefix": "https://igx.4sqi.net/img/user/", "suffix": "/32436386-MPU52PXN2IUNN1XM.jpg"}, "homeCity": "Singapore", "contact": {"facebook": "697504245", "twitter": "ctwx_"}, "firstName": "Claire", "tips": {"count": 0}, "gender": "female", "lastName": "Twx", "lists": {"groups": [{"count": 2, "type": "created", "items": []}]}, "bio": "Twitter: @ctwx_ Instagram: @clairetwx_"}, {"id": "9535920", "photo": {"prefix": "https://igx.4sqi.net/img/user/", "suffix": "/9535920-F01AM5OXPANKU22H.jpg"}, "homeCity": "Singapore", "contact": {"facebook": "1162879284", "twitter": "spikykevin"}, "firstName": "Kevin", "tips": {"count": 0}, "gender": "male", "lastName": "Chew", "lists": {"groups": [{"count": 2, "type": "created", "items": []}]}, "bio": ""}, {"id": "6205691", "photo": {"prefix": "https://igx.4sqi.net/img/user/", "suffix": "/ZDYVJTNI1YBCTXDG.jpg"}, "homeCity": "Singapore", "contact": {}, "firstName": "Valerina", "tips": {"count": 2}, "gender": "female", "lists": {"groups": [{"count": 2, "type": "created", "items": []}]}, "bio": ""}, {"id": "6798346", "photo": {"prefix": "https://igx.4sqi.net/img/user/", "suffix": "/JGJVSLRUUEK1ZONB.jpg"}, "homeCity": "Singapore", "contact": {}, "firstName": "Aden", "tips": {"count": 0}, "gender": "male", "lastName": "PoppinBottle :)", "lists": {"groups": [{"count": 2, "type": "created", "items": []}]}, "bio": ""}, {"id": "18143751", "photo": {"prefix": "https://igx.4sqi.net/img/user/", "suffix": "/IBMLJ5WGJOHWGF4U.jpg"}, "homeCity": "Singapore", "contact": {"facebook": "100000387455480", "twitter": "summerrrsalty"}, "firstName": "Henry", "tips": {"count": 0}, "gender": "male", "lastName": "Sum", "lists": {"groups": [{"count": 2, "type": "created", "items": []}]}, "bio": ""}, {"id": "15121462", "photo": {"prefix": "https://igx.4sqi.net/img/user/", "suffix": "/15121462-4X1KCA0HZD3YATAA.jpg"}, "homeCity": "NY", "contact": {"facebook": "1074672049", "twitter": "happisamantha"}, "firstName": "Samantha", "tips": {"count": 0}, "gender": "female", "lastName": "Tan", "lists": {"groups": [{"count": 2, "type": "created", "items": []}]}, "bio": ""}, {"id": "5555021", "photo": {"prefix": "https://igx.4sqi.net/img/user/", "suffix": "/I1RFMPLGZSVPZKBJ.jpg"}, "homeCity": "New York, NY", "contact": {}, "firstName": "Tan", "tips": {"count": 0}, "gender": "male", "lastName": "Jiarui", "lists": {"groups": [{"count": 2, "type": "created", "items": []}]}, "bio": ""}, {"id": "7719868", "photo": {"prefix": "https://igx.4sqi.net/img/user/", "default": true, "suffix": "/blank_boy.png"}, "homeCity": "Singapore", "contact": {}, "firstName": "Yeo", "tips": {"count": 0}, "gender": "male", "lastName": "Zhi Xiang", "lists": {"groups": [{"count": 2, "type": "created", "items": []}]}, "bio": ""}, {"id": "4574557", "photo": {"prefix": "https://igx.4sqi.net/img/user/", "suffix": "/CIKUTEJ2MMANNAF0.jpg"}, "homeCity": "Unnamed Location", "contact": {}, "firstName": "Xueyong", "tips": {"count": 0}, "gender": "male", "lastName": "Joshua", "lists": {"groups": [{"count": 2, "type": "created", "items": []}]}, "bio": ""}, {"id": "2382505", "photo": {"prefix": "https://igx.4sqi.net/img/user/", "suffix": "/D5VCFTCVFOALXC00.jpg"}, "homeCity": "Singapore", "contact": {"facebook": "1584166569", "twitter": "haekalhko"}, "firstName": "Muhammad Haekal", "tips": {"count": 2}, "gender": "male", "lastName": "Hussin", "lists": {"groups": [{"count": 2, "type": "created", "items": []}]}, "bio": ""}, {"id": "5032867", "photo": {"prefix": "https://igx.4sqi.net/img/user/", "suffix": "/5032867-BNHT5SWET2B3INAT.jpg"}, "homeCity": "Singapore", "contact": {"facebook": "10154165038453122", "twitter": "sheripiex"}, "firstName": "Sherilyn", "tips": {"count": 0}, "gender": "female", "lastName": "Chong", "lists": {"groups": [{"count": 2, "type": "created", "items": []}]}, "bio": ""}, {"id": "4617368", "photo": {"prefix": "https://igx.4sqi.net/img/user/", "suffix": "/AKN1JVQXR2OG2G3N.jpg"}, "homeCity": "Singapore", "contact": {"facebook": "601157265", "twitter": "jwyeo"}, "firstName": "Melvin", "tips": {"count": 0}, "gender": "none", "lastName": "Yeo", "lists": {"groups": [{"count": 2, "type": "created", "items": []}]}, "bio": ""}, {"id": "4148577", "photo": {"prefix": "https://igx.4sqi.net/img/user/", "suffix": "/JWSAUZZGVF001AAM.png"}, "homeCity": "Singapore", "contact": {}, "firstName": "Fiona", "tips": {"count": 0}, "gender": "female", "lastName": "Teh", "lists": {"groups": [{"count": 2, "type": "created", "items": []}]}, "bio": ""}, {"id": "9204438", "photo": {"prefix": "https://igx.4sqi.net/img/user/", "suffix": "/R5S5ZC4A04WNVC42.jpg"}, "homeCity": "Singapore", "contact": {"facebook": "1121715600", "twitter": "jazlynsmileyyyz"}, "firstName": "Jazlynn", "tips": {"count": 2}, "gender": "female", "lastName": "Sweet", "lists": {"groups": [{"count": 2, "type": "created", "items": []}]}, "bio": ""}, {"id": "2016878", "photo": {"prefix": "https://igx.4sqi.net/img/user/", "suffix": "/2016878-2X3GDDBLWXAUET1U"}, "homeCity": "Singapore", "contact": {"facebook": "578579281"}, "firstName": "Elvin", "tips": {"count": 119}, "gender": "male", "lastName": "Yeo", "lists": {"groups": [{"count": 2, "type": "created", "items": []}]}, "bio": ""}, {"id": "3312726", "photo": {"prefix": "https://igx.4sqi.net/img/user/", "suffix": "/DEMX4SUD2OU50A41.jpg"}, "homeCity": "Singapore", "contact": {"facebook": "502938468"}, "firstName": "Pravin", "tips": {"count": 7}, "gender": "male", "lastName": "Khemlani", "lists": {"groups": [{"count": 2, "type": "created", "items": []}]}, "bio": ""}, {"id": "34213690", "photo": {"prefix": "https://igx.4sqi.net/img/user/", "suffix": "/PND41ZLVLHSYEARY.jpg"}, "homeCity": "Tampines,Singapore", "contact": {}, "firstName": "Seri", "tips": {"count": 0}, "gender": "female", "lastName": "Wahyuni", "lists": {"groups": [{"count": 2, "type": "created", "items": []}]}, "bio": ""}, {"id": "106682288", "photo": {"prefix": "https://igx.4sqi.net/img/user/", "suffix": "/106682288-CM2KBDRB3S12MBYJ.jpg"}, "homeCity": "Singapore", "contact": {"facebook": "10203390782196673", "twitter": "tan_moomoo"}, "firstName": "Moo", "tips": {"count": 0}, "gender": "female", "lastName": "Moo", "lists": {"groups": [{"count": 2, "type": "created", "items": []}]}, "bio": ""}, {"id": "6208867", "photo": {"prefix": "https://igx.4sqi.net/img/user/", "suffix": "/RKFZE1JPMMHWE54X.jpg"}, "homeCity": "Singapore", "contact": {"facebook": "760714089"}, "firstName": "Nigel", "tips": {"count": 0}, "gender": "male", "lastName": "ChiA", "lists": {"groups": [{"count": 2, "type": "created", "items": []}]}, "bio": ""}, {"id": "18291807", "photo": {"prefix": "https://igx.4sqi.net/img/user/", "suffix": "/O1XC5HC53NSDXNOC.jpg"}, "homeCity": "Singapore", "contact": {"facebook": "567873472"}, "firstName": "Anisah", "tips": {"count": 0}, "gender": "female", "lastName": "Spn", "lists": {"groups": [{"count": 2, "type": "created", "items": []}]}, "bio": ""}, {"id": "24348399", "photo": {"prefix": "https://igx.4sqi.net/img/user/", "suffix": "/24348399-X4HMNLIGCSU5MKOQ.jpg"}, "homeCity": "Singapore", "contact": {"facebook": "100000396192182"}, "firstName": "Jul Elmo", "tips": {"count": 2}, "gender": "male", "lastName": "Tiong", "lists": {"groups": [{"count": 2, "type": "created", "items": []}]}, "bio": ""}, {"id": "5825147", "photo": {"prefix": "https://igx.4sqi.net/img/user/", "suffix": "/5825147-5FK4XKI3203N1I5R.jpg"}, "homeCity": "Singapore", "contact": {"facebook": "1582376545", "twitter": "prosper_sqq"}, "firstName": "PROSPER", "tips": {"count": 0}, "gender": "male", "lastName": "SIM", "lists": {"groups": [{"count": 2, "type": "created", "items": []}]}, "bio": ""}, {"id": "13683098", "photo": {"prefix": "https://igx.4sqi.net/img/user/", "suffix": "/RKZFIBLH4ZUWFRFU.jpg"}, "homeCity": "Singapore", "contact": {"facebook": "1421037731"}, "firstName": "Ruth", "tips": {"count": 0}, "gender": "female", "lastName": "Chiu", "lists": {"groups": [{"count": 2, "type": "created", "items": []}]}, "bio": ""}, {"id": "5186663", "photo": {"prefix": "https://igx.4sqi.net/img/user/", "suffix": "/S42M2H3I2HJK5FYZ.jpg"}, "homeCity": "Singapore", "contact": {"facebook": "1111022143", "twitter": "unkn0wnfeelings"}, "firstName": "Shihua", "tips": {"count": 0}, "gender": "none", "lastName": "^.^", "lists": {"groups": [{"count": 2, "type": "created", "items": []}]}, "bio": ""}, {"id": "2495510", "photo": {"prefix": "https://igx.4sqi.net/img/user/", "suffix": "/5DV3KYXXZUBKXBLX.jpg"}, "homeCity": "Singapore", "contact": {"facebook": "685326507"}, "firstName": "David", "tips": {"count": 0}, "gender": "male", "lastName": "Hoe", "lists": {"groups": [{"count": 2, "type": "created", "items": []}]}, "bio": ""}, {"id": "9590151", "photo": {"prefix": "https://igx.4sqi.net/img/user/", "suffix": "/YNA51X0WQBK40BJR.jpg"}, "homeCity": "Singapore", "contact": {"facebook": "642831878"}, "firstName": "Yee Hwee", "tips": {"count": 0}, "gender": "female", "lastName": "Tan", "lists": {"groups": [{"count": 2, "type": "created", "items": []}]}, "bio": ""}, {"id": "4687680", "photo": {"prefix": "https://igx.4sqi.net/img/user/", "suffix": "/IGRVW2SKON3PCQ4H.jpg"}, "homeCity": "Singapore , Bedok North Street 3 Blk 539", "contact": {"facebook": "1245133973", "twitter": "iacezx3"}, "firstName": "Dexter", "tips": {"count": 0}, "gender": "male", "lastName": "Loveyourlies", "lists": {"groups": [{"count": 2, "type": "created", "items": []}]}, "bio": ""}, {"id": "4148679", "photo": {"prefix": "https://igx.4sqi.net/img/user/", "suffix": "/TH3MHLYKCIBRTAJV.jpg"}, "homeCity": "Singapore", "contact": {"facebook": "1524597051", "twitter": "jaslynxo"}, "firstName": "Jaslyn", "tips": {"count": 6}, "gender": "female", "lastName": "Ang", "lists": {"groups": [{"count": 2, "type": "created", "items": []}]}, "bio": ""}, {"id": "86341970", "photo": {"prefix": "https://igx.4sqi.net/img/user/", "suffix": "/86341970-UR5CR0P4RSUQGNJO.jpg"}, "homeCity": "Singapore", "contact": {"facebook": "1187945401290171", "twitter": "kerenerawrhs"}, "firstName": "Faye Teo", "tips": {"count": 0}, "gender": "female", "lastName": "Kerene", "lists": {"groups": [{"count": 2, "type": "created", "items": []}]}, "bio": ""}, {"id": "2044594", "photo": {"prefix": "https://igx.4sqi.net/img/user/", "suffix": "/QDGCPWLKFHNVEXJM.jpg"}, "homeCity": "Singapore", "contact": {"twitter": "humsyourlife"}, "firstName": "Xavier", "tips": {"count": 0}, "gender": "male", "lastName": "Ong", "lists": {"groups": [{"count": 2, "type": "created", "items": []}]}, "bio": ""}, {"id": "5299061", "photo": {"prefix": "https://igx.4sqi.net/img/user/", "suffix": "/5HM3P5UP45RTOZFY.jpg"}, "homeCity": "Singapore", "contact": {"facebook": "757098639", "twitter": "yicongfaith"}, "firstName": "Yicong", "tips": {"count": 0}, "gender": "female", "lastName": "Faith", "lists": {"groups": [{"count": 2, "type": "created", "items": []}]}, "bio": ""}, {"id": "6536597", "photo": {"prefix": "https://igx.4sqi.net/img/user/", "suffix": "/W2JO5ICCSSMUJYS5.jpg"}, "homeCity": "Singapore", "contact": {"facebook": "1685102588", "twitter": "sunziyang"}, "firstName": "Zi", "tips": {"count": 0}, "gender": "male", "lastName": "Yang", "lists": {"groups": [{"count": 2, "type": "created", "items": []}]}, "bio": ""}, {"id": "39395889", "photo": {"prefix": "https://igx.4sqi.net/img/user/", "suffix": "/PX0MT5RBHM0RGKQS.jpg"}, "homeCity": "singapore", "contact": {"twitter": "signbylove"}, "firstName": "Fiona", "tips": {"count": 0}, "gender": "female", "lastName": "Xinyi", "lists": {"groups": [{"count": 2, "type": "created", "items": []}]}, "bio": ""}, {"id": "5916353", "photo": {"prefix": "https://igx.4sqi.net/img/user/", "default": true, "suffix": "/blank_boy.png"}, "homeCity": "Singapore", "contact": {}, "firstName": "Jared", "tips": {"count": 0}, "gender": "male", "lastName": "Han", "lists": {"groups": [{"count": 2, "type": "created", "items": []}]}, "bio": ""}, {"id": "5188551", "photo": {"prefix": "https://igx.4sqi.net/img/user/", "suffix": "/5188551-14HO40MQLHRRF52W.jpg"}, "homeCity": "Singapore", "contact": {"facebook": "1437125500", "twitter": "dltexo"}, "firstName": "Dorcas", "tips": {"count": 0}, "gender": "female", "lastName": "L.", "lists": {"groups": [{"count": 2, "type": "created", "items": []}]}, "bio": ""}, {"id": "2883837", "photo": {"prefix": "https://igx.4sqi.net/img/user/", "default": true, "suffix": "/blank_boy.png"}, "homeCity": "Singapore", "contact": {"twitter": "mebebenjamin"}, "firstName": "Benjamin", "tips": {"count": 0}, "gender": "male", "lastName": "Chan", "lists": {"groups": [{"count": 2, "type": "created", "items": []}]}, "bio": ""}, {"id": "62737891", "photo": {"prefix": "https://igx.4sqi.net/img/user/", "suffix": "/62737891-HJRXIAV5M40Q1M5T.jpg"}, "homeCity": "", "contact": {}, "firstName": "Evelyn", "tips": {"count": 102}, "gender": "none", "lastName": "Tan", "lists": {"groups": [{"count": 17, "type": "created", "items": []}]}, "bio": ""}, {"id": "4687898", "photo": {"prefix": "https://igx.4sqi.net/img/user/", "suffix": "/4EPIHKAJ1LBLSQBD.jpg"}, "homeCity": "Singapore", "contact": {"facebook": "1138502950"}, "firstName": "Joyce", "tips": {"count": 0}, "gender": "female", "lastName": "Teo", "lists": {"groups": [{"count": 2, "type": "created", "items": []}]}, "bio": ""}, {"id": "4706585", "photo": {"prefix": "https://igx.4sqi.net/img/user/", "suffix": "/EITTMU1P0T3UX3QF.jpg"}, "homeCity": "Singapore", "contact": {"facebook": "100000495553917", "twitter": "shredpaperz"}, "firstName": "Shreedhee", "tips": {"count": 0}, "gender": "female", "lastName": "Kyra", "lists": {"groups": [{"count": 2, "type": "created", "items": []}]}, "bio": ""}, {"id": "3235524", "photo": {"prefix": "https://igx.4sqi.net/img/user/", "suffix": "/TQ35W1OD2OA3VNSK.jpg"}, "homeCity": "Singapore", "contact": {"twitter": "tiffanytwat"}, "firstName": "Tiffany", "tips": {"count": 0}, "gender": "female", "lastName": "Lange", "lists": {"groups": [{"count": 2, "type": "created", "items": []}]}, "bio": ""}, {"id": "5304002", "photo": {"prefix": "https://igx.4sqi.net/img/user/", "suffix": "/BIJBV5B5VN32VVH0.jpg"}, "homeCity": "", "contact": {"facebook": "705603866", "twitter": "ellehoet"}, "firstName": "Krichelle", "tips": {"count": 0}, "gender": "female", "lastName": "Teo", "lists": {"groups": [{"count": 2, "type": "created", "items": []}]}, "bio": ""}, {"id": "6907964", "photo": {"prefix": "https://igx.4sqi.net/img/user/", "suffix": "/UKUR413JWPJMCQY3.jpg"}, "homeCity": "Singapore", "contact": {"facebook": "506496955"}, "firstName": "miaow miaow", "tips": {"count": 6}, "gender": "female", "lastName": "seet", "lists": {"groups": [{"count": 2, "type": "created", "items": []}]}, "bio": ""}, {"id": "51489348", "photo": {"prefix": "https://igx.4sqi.net/img/user/", "suffix": "/W42XP3B3CEH0ZOE1.jpg"}, "homeCity": "Singapore, 00", "contact": {"facebook": "1614691825211565"}, "firstName": "Elizabeth", "tips": {"count": 0}, "gender": "female", "lastName": "Shootdieyou", "lists": {"groups": [{"count": 4, "type": "created", "items": []}]}, "bio": ""}, {"id": "6157840", "photo": {"prefix": "https://igx.4sqi.net/img/user/", "default": true, "suffix": "/blank_boy.png"}, "homeCity": "Singapore", "contact": {"facebook": "1152014549", "twitter": "jovicktan"}, "firstName": "Jovick", "tips": {"count": 0}, "gender": "male", "lastName": "Tan", "lists": {"groups": [{"count": 2, "type": "created", "items": []}]}, "bio": ""}, {"id": "5378036", "photo": {"prefix": "https://igx.4sqi.net/img/user/", "suffix": "/5378036-JF2Z0FEIM4WDHUKN.jpg"}, "homeCity": "Singapore", "contact": {"facebook": "739258120"}, "firstName": "Evonne", "tips": {"count": 11}, "gender": "female", "lastName": "Tay", "lists": {"groups": [{"count": 4, "type": "created", "items": []}]}, "bio": "Photography, volunteering and Zumba is my passion."}, {"id": "3526861", "photo": {"prefix": "https://igx.4sqi.net/img/user/", "suffix": "/DKHAOLPLAYUG045T.jpg"}, "homeCity": "Singapore", "contact": {"facebook": "746405774", "twitter": "christofurfur"}, "firstName": "Christopher", "tips": {"count": 5}, "gender": "male", "lastName": "Chua Min Rui", "lists": {"groups": [{"count": 2, "type": "created", "items": []}]}, "bio": ""}, {"id": "14698430", "photo": {"prefix": "https://igx.4sqi.net/img/user/", "suffix": "/2GK2RC2AP5WJWKLY.jpg"}, "homeCity": "Singapore", "contact": {"facebook": "773910751"}, "firstName": "Ivan", "tips": {"count": 0}, "gender": "male", "lastName": "See", "lists": {"groups": [{"count": 2, "type": "created", "items": []}]}, "bio": ""}, {"id": "4946142", "photo": {"prefix": "https://igx.4sqi.net/img/user/", "suffix": "/JLSDIIEL0H3LBHLR.jpg"}, "homeCity": "Singapore", "contact": {"facebook": "726476429", "twitter": "joelchea"}, "firstName": "Joel", "tips": {"count": 0}, "gender": "male", "lastName": "Chea", "lists": {"groups": [{"count": 2, "type": "created", "items": []}]}, "bio": ""}, {"id": "3377318", "photo": {"prefix": "https://igx.4sqi.net/img/user/", "suffix": "/3377318-3L1HZW1ADCW2GWSP.jpg"}, "homeCity": "Singapore", "contact": {"facebook": "625277891", "twitter": "akuglen"}, "firstName": "Glen", "tips": {"count": 4}, "gender": "male", "lastName": "Koh", "lists": {"groups": [{"count": 2, "type": "created", "items": []}]}, "bio": ""}, {"id": "5305906", "photo": {"prefix": "https://igx.4sqi.net/img/user/", "suffix": "/5305906-LGK54Y5WVOMUXLDU.jpg"}, "homeCity": "Singapore", "contact": {"twitter": "roynoregrets"}, "firstName": "Roys.", "tips": {"count": 3}, "gender": "male", "lists": {"groups": [{"count": 2, "type": "created", "items": []}]}, "bio": "Insta: royyeooo"}, {"id": "7823580", "photo": {"prefix": "https://igx.4sqi.net/img/user/", "suffix": "/WIVVBIK2MBLIMKSV.jpg"}, "homeCity": "\uc11c\uc6b8\ud2b9\ubcc4\uc2dc, \ub300\ud55c\ubbfc\uad6d", "contact": {}, "firstName": "Jonathan", "tips": {"count": 0}, "gender": "male", "lastName": "Fang", "lists": {"groups": [{"count": 2, "type": "created", "items": []}]}, "bio": ""}, {"id": "8180397", "photo": {"prefix": "https://igx.4sqi.net/img/user/", "suffix": "/H2E0OZNSVBPR5JWG.jpg"}, "homeCity": "Singapore", "contact": {"facebook": "1125718317"}, "firstName": "Kenneth", "tips": {"count": 0}, "gender": "male", "lastName": "Koh", "lists": {"groups": [{"count": 2, "type": "created", "items": []}]}, "bio": ""}, {"id": "3622149", "photo": {"prefix": "https://igx.4sqi.net/img/user/", "suffix": "/ZYJSR1HVRAH433EQ.jpg"}, "homeCity": "Singapore", "contact": {"facebook": "577984165"}, "firstName": "Alvin", "tips": {"count": 0}, "gender": "male", "lastName": "Lee", "lists": {"groups": [{"count": 2, "type": "created", "items": []}]}, "bio": ""}, {"id": "63879593", "photo": {"prefix": "https://igx.4sqi.net/img/user/", "suffix": "/Y2FYPQ15DFHJYV2I.jpg"}, "homeCity": "Singapore", "contact": {"facebook": "651927731"}, "firstName": "Yeo", "tips": {"count": 0}, "gender": "male", "lastName": "Ziyi", "lists": {"groups": [{"count": 2, "type": "created", "items": []}]}, "bio": ""}, {"id": "3558063", "photo": {"prefix": "https://igx.4sqi.net/img/user/", "suffix": "/HI53CQZJBJLGI1JZ.jpg"}, "homeCity": "Singapore", "contact": {"twitter": "crotchesnbros"}, "firstName": "Denverson", "tips": {"count": 0}, "gender": "male", "lastName": "Tan", "lists": {"groups": [{"count": 2, "type": "created", "items": []}]}, "bio": ""}, {"id": "5770356", "photo": {"prefix": "https://igx.4sqi.net/img/user/", "suffix": "/FKT3T4AMLUKZM0AU.jpg"}, "homeCity": "Singapore", "contact": {"facebook": "597175218"}, "firstName": "Vicente", "tips": {"count": 0}, "gender": "male", "lastName": "Ting", "lists": {"groups": [{"count": 2, "type": "created", "items": []}]}, "bio": ""}, {"id": "16333564", "photo": {"prefix": "https://igx.4sqi.net/img/user/", "suffix": "/GIRPHPJGVYLMZQMW.jpg"}, "homeCity": "Singapore", "contact": {"facebook": "562754470", "twitter": "dancheehwee"}, "firstName": "DanCheeHwee", "tips": {"count": 3}, "gender": "male", "lastName": "Lee", "lists": {"groups": [{"count": 2, "type": "created", "items": []}]}, "bio": ""}, {"id": "10404490", "photo": {"prefix": "https://igx.4sqi.net/img/user/", "suffix": "/FVOVFSCHX3XQMTXP.jpg"}, "homeCity": "Singapore", "contact": {"facebook": "636121351"}, "firstName": "Dexter Sim", "tips": {"count": 1}, "gender": "male", "lastName": "WeiLiang", "lists": {"groups": [{"count": 2, "type": "created", "items": []}]}, "bio": ""}, {"id": "3627741", "photo": {"prefix": "https://igx.4sqi.net/img/user/", "default": true, "suffix": "/blank_boy.png"}, "homeCity": "Singapore", "contact": {"facebook": "653346627", "twitter": "ace_veron"}, "firstName": "ace", "tips": {"count": 0}, "gender": "none", "lastName": "veron", "lists": {"groups": [{"count": 2, "type": "created", "items": []}]}, "bio": ""}, {"id": "3975511", "photo": {"prefix": "https://igx.4sqi.net/img/user/", "suffix": "/OVQCYZ5LWCF3511G.jpg"}, "homeCity": "Singapore", "contact": {"facebook": "656545248", "twitter": "shortmuyong"}, "firstName": "Yeo", "tips": {"count": 0}, "gender": "female", "lastName": "SiRui", "lists": {"groups": [{"count": 2, "type": "created", "items": []}]}, "bio": ""}, {"id": "6043532", "photo": {"prefix": "https://igx.4sqi.net/img/user/", "suffix": "/6043532-IUP1X1CNIY3VYCE5.jpg"}, "homeCity": "Singapore", "contact": {"facebook": "1081355545209856", "twitter": "rectangl3pants"}, "firstName": "Hallieeeeeee", "tips": {"count": 0}, "gender": "male", "lists": {"groups": [{"count": 2, "type": "created", "items": []}]}, "bio": ""}, {"id": "3756108", "photo": {"prefix": "https://igx.4sqi.net/img/user/", "suffix": "/K4BYKAHEVUGOEOSI.jpg"}, "homeCity": "Singapore", "contact": {"facebook": "672183748", "twitter": "giveyouwings"}, "firstName": "pp", "tips": {"count": 0}, "gender": "female", "lastName": "choo", "lists": {"groups": [{"count": 2, "type": "created", "items": []}]}, "bio": ""}, {"id": "4079713", "photo": {"prefix": "https://igx.4sqi.net/img/user/", "suffix": "/ZK5HJB4CB0W2LL35.jpg"}, "homeCity": "Singapore", "contact": {}, "firstName": "Dexter", "tips": {"count": 0}, "gender": "none", "lastName": "Goh", "lists": {"groups": [{"count": 2, "type": "created", "items": []}]}, "bio": ""}, {"id": "6346354", "photo": {"prefix": "https://igx.4sqi.net/img/user/", "suffix": "/EPQVWK2EMLRMKJ2J.jpg"}, "homeCity": "Singapore", "contact": {"facebook": "572178103"}, "firstName": "Melvin", "tips": {"count": 0}, "gender": "male", "lastName": "Ng", "lists": {"groups": [{"count": 2, "type": "created", "items": []}]}, "bio": ""}, {"id": "3939339", "photo": {"prefix": "https://igx.4sqi.net/img/user/", "suffix": "/T4ZCRURTANRMMZZG.jpg"}, "homeCity": "Singapore", "contact": {"facebook": "577285427", "twitter": "vuanhlam"}, "firstName": "Vu", "tips": {"count": 10}, "gender": "male", "lastName": "Lam", "lists": {"groups": [{"count": 2, "type": "created", "items": []}]}, "bio": ""}, {"id": "4599433", "photo": {"prefix": "https://igx.4sqi.net/img/user/", "default": true, "suffix": "/blank_girl.png"}, "homeCity": "Singapore", "contact": {}, "firstName": "Sharlene", "tips": {"count": 0}, "gender": "female", "lastName": "Zhuang", "lists": {"groups": [{"count": 2, "type": "created", "items": []}]}, "bio": ""}, {"id": "8717982", "photo": {"prefix": "https://igx.4sqi.net/img/user/", "suffix": "/5QGFPJOKMEO0S3R2.jpg"}, "homeCity": "Singapore", "contact": {"facebook": "552493917", "twitter": "chelleeek"}, "firstName": "Michelle", "tips": {"count": 7}, "gender": "female", "lastName": "Koh", "lists": {"groups": [{"count": 2, "type": "created", "items": []}]}, "bio": ""}, {"id": "4506991", "photo": {"prefix": "https://igx.4sqi.net/img/user/", "suffix": "/R1HMTQL3M15002SJ.jpg"}, "homeCity": "Singapore", "contact": {"facebook": "563228366", "twitter": "tanpya"}, "firstName": "Anders", "tips": {"count": 0}, "gender": "male", "lastName": "Tan", "lists": {"groups": [{"count": 2, "type": "created", "items": []}]}, "bio": ""}, {"id": "4729348", "photo": {"prefix": "https://igx.4sqi.net/img/user/", "suffix": "/5HOAHPN453BKGHPT.jpg"}, "homeCity": "Singapore", "contact": {"twitter": "matthewtan93"}, "firstName": "Tan", "tips": {"count": 1}, "gender": "male", "lastName": "Matthew", "lists": {"groups": [{"count": 2, "type": "created", "items": []}]}, "bio": ""}, {"id": "8833137", "photo": {"prefix": "https://igx.4sqi.net/img/user/", "suffix": "/LCUWQFGU3TCPZ2LI.jpg"}, "homeCity": "Simei, Singapore", "contact": {"facebook": "743304810"}, "firstName": "Muhd", "tips": {"count": 0}, "gender": "male", "lastName": "Raihan", "lists": {"groups": [{"count": 2, "type": "created", "items": []}]}, "bio": ""}, {"id": "5093827", "photo": {"prefix": "https://igx.4sqi.net/img/user/", "suffix": "/WB50TICHMD3B4WHL.jpg"}, "homeCity": "Singapore", "contact": {"facebook": "533513330"}, "firstName": "BoHan", "tips": {"count": 0}, "gender": "male", "lastName": "\u24c9\u24c7\u24b6\u24d8\u24c3\u216b", "lists": {"groups": [{"count": 2, "type": "created", "items": []}]}, "bio": ""}, {"id": "4735126", "photo": {"prefix": "https://igx.4sqi.net/img/user/", "default": true, "suffix": "/blank_boy.png"}, "homeCity": "Singapore", "contact": {"twitter": "forsee"}, "firstName": "Jason", "tips": {"count": 0}, "gender": "male", "lastName": "Lee", "lists": {"groups": [{"count": 2, "type": "created", "items": []}]}, "bio": ""}, {"id": "5245558", "photo": {"prefix": "https://igx.4sqi.net/img/user/", "suffix": "/MMPGF5ID05HBV214.jpg"}, "homeCity": "Singapore", "contact": {"facebook": "1291415825", "twitter": "tayyuhan"}, "firstName": "Tay", "tips": {"count": 0}, "gender": "male", "lastName": "Yu Han", "lists": {"groups": [{"count": 2, "type": "created", "items": []}]}, "bio": ""}, {"id": "5258540", "photo": {"prefix": "https://igx.4sqi.net/img/user/", "suffix": "/5258540-132QO2P4FPT3C2AX.jpg"}, "homeCity": "Singapore", "contact": {"facebook": "589865255", "twitter": "xuanping"}, "firstName": "XuanPing", "tips": {"count": 0}, "gender": "male", "lastName": "Showers", "lists": {"groups": [{"count": 2, "type": "created", "items": []}]}, "bio": ""}, {"id": "5859944", "photo": {"prefix": "https://igx.4sqi.net/img/user/", "suffix": "/H10AKPBL0YM3SREA.jpg"}, "homeCity": "Singapore", "contact": {"facebook": "620713284"}, "firstName": "Nigel", "tips": {"count": 2}, "gender": "male", "lastName": "Chua", "lists": {"groups": [{"count": 2, "type": "created", "items": []}]}, "bio": ""}, {"id": "5259319", "photo": {"prefix": "https://igx.4sqi.net/img/user/", "suffix": "/5259319-NTTIWNCGUUGBZRWQ.jpg"}, "homeCity": "Singapore", "contact": {"facebook": "1225749356", "twitter": "irxminiscence"}, "firstName": "JinJia", "tips": {"count": 0}, "gender": "female", "lists": {"groups": [{"count": 2, "type": "created", "items": []}]}, "bio": ""}, {"id": "9775846", "photo": {"prefix": "https://igx.4sqi.net/img/user/", "suffix": "/BRCSDG3YAG2YPITJ.jpg"}, "homeCity": "Singapore", "contact": {"twitter": "indulgeinfel"}, "firstName": "Felicia", "tips": {"count": 9}, "gender": "female", "lastName": "Lim", "lists": {"groups": [{"count": 2, "type": "created", "items": []}]}, "bio": ""}, {"id": "6476940", "photo": {"prefix": "https://igx.4sqi.net/img/user/", "suffix": "/IBF0WIOPNYFJLSMN.jpg"}, "homeCity": "Singapore", "contact": {"facebook": "1075877106", "twitter": "miroshini_"}, "firstName": "Milo", "tips": {"count": 0}, "gender": "female", "lists": {"groups": [{"count": 2, "type": "created", "items": []}]}, "bio": ""}, {"id": "48542188", "photo": {"prefix": "https://igx.4sqi.net/img/user/", "suffix": "/2VCKPQJ4100NRT5V.jpg"}, "homeCity": "New York, NY", "contact": {"facebook": "579401027"}, "firstName": "Karwei", "tips": {"count": 0}, "gender": "male", "lastName": "Yeo", "lists": {"groups": [{"count": 2, "type": "created", "items": []}]}, "bio": ""}, {"id": "7429940", "photo": {"prefix": "https://igx.4sqi.net/img/user/", "suffix": "/2CFPQNLJP4KUSGQH.jpg"}, "homeCity": "", "contact": {}, "firstName": "cm", "tips": {"count": 0}, "gender": "female", "lastName": "t", "lists": {"groups": [{"count": 2, "type": "created", "items": []}]}, "bio": ""}, {"id": "76487952", "photo": {"prefix": "https://igx.4sqi.net/img/user/", "suffix": "/76487952-XKFTUTWTXXQTZIWS.jpg"}, "homeCity": "George Town, PNG", "contact": {"facebook": "881720060"}, "firstName": "Nathan", "tips": {"count": 0}, "gender": "male", "lastName": "Lau", "lists": {"groups": [{"count": 2, "type": "created", "items": []}]}, "bio": ""}, {"id": "10918188", "photo": {"prefix": "https://igx.4sqi.net/img/user/", "suffix": "/HIXPLHMZO0BH24HT.jpg"}, "homeCity": "Singapore", "contact": {"facebook": "1780654315"}, "firstName": "Cheries", "tips": {"count": 0}, "gender": "female", "lastName": "Ong", "lists": {"groups": [{"count": 2, "type": "created", "items": []}]}, "bio": ""}]}, "checksum": "aea69c1009574591596e175a6e0adf61380fe80a"}}