{"notifications": [{"type": "notificationTray", "item": {"unreadCount": 0}}], "response": {"friends": {"items": [{"tips": {"count": 0}, "contact": {"facebook": "100000754214624"}, "firstName": "Rodilyn", "gender": "female", "lastName": "Madrigal", "id": "28100408", "bio": "", "photo": {"prefix": "https://igx.4sqi.net/img/user/", "suffix": "/blank_girl.png", "default": true}, "homeCity": "Metropolitan Manila", "lists": {"groups": [{"items": [], "count": 2, "type": "created"}]}}, {"tips": {"count": 1}, "contact": {"twitter": "_captjapsparrow", "facebook": "100001402387872"}, "firstName": "Jasper", "gender": "male", "lastName": "Lopez", "id": "6298898", "bio": "", "photo": {"prefix": "https://igx.4sqi.net/img/user/", "suffix": "/AW4MKRJYUVPAWCGG.jpg"}, "homeCity": "Manila, Philippines", "lists": {"groups": [{"items": [], "count": 2, "type": "created"}]}}, {"tips": {"count": 1}, "contact": {"twitter": "ayornman", "facebook": "100000367602333"}, "firstName": "Aj", "gender": "male", "lastName": "Madrigal", "id": "25213747", "bio": "", "photo": {"prefix": "https://igx.4sqi.net/img/user/", "suffix": "/PUD3GC3YC2SGKSRZ.jpg"}, "homeCity": "Manila,philippines", "lists": {"groups": [{"items": [], "count": 2, "type": "created"}]}}, {"tips": {"count": 0}, "contact": {"facebook": "744793136"}, "firstName": "Romaida", "gender": "female", "lastName": "Abrazado", "id": "50348360", "bio": "", "photo": {"prefix": "https://igx.4sqi.net/img/user/", "suffix": "/T5NLL3OOUQEHF2SK.jpg"}, "homeCity": "Noveleta, Cavite", "lists": {"groups": [{"items": [], "count": 2, "type": "created"}]}}, {"tips": {"count": 19}, "contact": {"twitter": "sh3rw1n", "facebook": "625751175"}, "firstName": "Sherwin", "gender": "male", "lastName": "Pinugu", "id": "1336234", "bio": "+63 920 914 2569", "photo": {"prefix": "https://igx.4sqi.net/img/user/", "suffix": "/HDDMZQPCIFHEJTKZ.jpg"}, "homeCity": "Mandaluyong City, Philippines", "lists": {"groups": [{"items": [], "count": 2, "type": "created"}]}}, {"tips": {"count": 7}, "contact": {"twitter": "nghuiyi", "facebook": "588576709"}, "firstName": "Ng", "gender": "female", "lastName": "Huiyi", "id": "16175637", "bio": "", "photo": {"prefix": "https://igx.4sqi.net/img/user/", "suffix": "/WTOOSHYPWYZPJURH.jpg"}, "homeCity": "New York, NY", "lists": {"groups": [{"items": [], "count": 2, "type": "created"}]}}, {"tips": {"count": 1}, "contact": {}, "firstName": "C", "gender": "female", "id": "5492274", "bio": "", "photo": {"prefix": "https://igx.4sqi.net/img/user/", "suffix": "/RYHBIOW53BG2SHAL.jpg"}, "homeCity": "Singapore", "lists": {"groups": [{"items": [], "count": 2, "type": "created"}]}}, {"tips": {"count": 0}, "contact": {"twitter": "melvin319", "facebook": "1309629182"}, "firstName": "melvin", "gender": "male", "lastName": "manguera", "id": "5046991", "bio": "", "photo": {"prefix": "https://igx.4sqi.net/img/user/", "suffix": "/4SHCOCFZINAOHFFN.jpg"}, "homeCity": "Barcelona, Espanya", "lists": {"groups": [{"items": [], "count": 2, "type": "created"}]}}, {"tips": {"count": 2}, "contact": {"twitter": "natjioe", "facebook": "1127914341"}, "firstName": "natasha", "gender": "female", "lastName": "angeline", "id": "1611148", "bio": "", "photo": {"prefix": "https://igx.4sqi.net/img/user/", "suffix": "/RWJW45N1YCVJTEFC.jpg"}, "homeCity": "Singapore", "lists": {"groups": [{"items": [], "count": 3, "type": "created"}]}}, {"superuser": 2, "tips": {"count": 27}, "contact": {"twitter": "chammyboy", "facebook": "746756137"}, "firstName": "Eric", "gender": "male", "lastName": "Cham", "id": "758252", "bio": "", "photo": {"prefix": "https://igx.4sqi.net/img/user/", "suffix": "/IWAUWT1STBFBD42I.jpg"}, "homeCity": "San Juan, Manila", "lists": {"groups": [{"items": [], "count": 3, "type": "created"}]}}, {"tips": {"count": 0}, "contact": {"facebook": "615116708"}, "firstName": "Omar", "gender": "male", "lastName": "Tiangson", "id": "4812793", "bio": "", "photo": {"prefix": "https://igx.4sqi.net/img/user/", "suffix": "/3LQHTJAYQM2K22SL.jpg"}, "homeCity": "Toronto, Canada", "lists": {"groups": [{"items": [], "count": 2, "type": "created"}]}}, {"tips": {"count": 11}, "contact": {"facebook": "739896403"}, "firstName": "Michael Anthony", "gender": "male", "lastName": "Sagaran", "id": "60736554", "bio": "", "photo": {"prefix": "https://igx.4sqi.net/img/user/", "suffix": "/FNHMIG2XWPJKQABK.jpg"}, "homeCity": "Manila, Philippines", "lists": {"groups": [{"items": [], "count": 2, "type": "created"}]}}, {"tips": {"count": 3}, "contact": {"twitter": "butzpeteza", "facebook": "544211727"}, "firstName": "Butz", "gender": "male", "lastName": "Peteza", "id": "3549675", "bio": "", "photo": {"prefix": "https://igx.4sqi.net/img/user/", "suffix": "/K12UZ5BQPTF5ZGDI.jpg"}, "homeCity": "Singapore", "lists": {"groups": [{"items": [], "count": 2, "type": "created"}]}}, {"tips": {"count": 1}, "contact": {"facebook": "872345130"}, "firstName": "pauline", "gender": "female", "lastName": "garcia", "id": "919896", "bio": "", "photo": {"prefix": "https://igx.4sqi.net/img/user/", "suffix": "/PZ1YIE3MI3PE21JD.jpg"}, "homeCity": "Anaheim", "lists": {"groups": [{"items": [], "count": 2, "type": "created"}]}}, {"tips": {"count": 0}, "contact": {}, "firstName": "Justin", "gender": "male", "lastName": "Villacarlos", "id": "4143979", "bio": "", "photo": {"prefix": "https://igx.4sqi.net/img/user/", "suffix": "/blank_boy.png", "default": true}, "homeCity": "Singapore", "lists": {"groups": [{"items": [], "count": 2, "type": "created"}]}}, {"tips": {"count": 0}, "contact": {"twitter": "piercinks", "facebook": "526706327"}, "firstName": "Jolyn", "gender": "female", "lastName": "Giselle", "id": "1307312", "bio": "", "photo": {"prefix": "https://igx.4sqi.net/img/user/", "suffix": "/WIBC0S4VZT3YSSRX.jpg"}, "homeCity": "Singapore", "lists": {"groups": [{"items": [], "count": 2, "type": "created"}]}}, {"tips": {"count": 1}, "contact": {"facebook": "1522352212"}, "firstName": "Azenith", "gender": "female", "lastName": "Guison", "id": "48833855", "bio": "", "photo": {"prefix": "https://igx.4sqi.net/img/user/", "suffix": "/blank_girl.png", "default": true}, "homeCity": "Manila, Philippines", "lists": {"groups": [{"items": [], "count": 4, "type": "created"}]}}, {"tips": {"count": 0}, "contact": {"facebook": "100001712575975"}, "firstName": "Andrey", "gender": "male", "lastName": "Koshelev", "id": "18586164", "bio": "", "photo": {"prefix": "https://igx.4sqi.net/img/user/", "suffix": "/T3DTAINX4P4EN0YL.jpg"}, "homeCity": "\u0421\u0430\u043d\u043a\u0442-\u041f\u0435\u0442\u0435\u0440\u0431\u0443\u0440\u0433, \u0420\u043e\u0441\u0441\u0438\u044f", "lists": {"groups": [{"items": [], "count": 2, "type": "created"}]}}, {"tips": {"count": 16}, "contact": {"facebook": "10152559838416045"}, "firstName": "Emerson", "gender": "male", "lastName": "Hernandez", "id": "25519261", "bio": "", "photo": {"prefix": "https://igx.4sqi.net/img/user/", "suffix": "/25519261-XUFVHQSS4ENPWZXH.jpg"}, "homeCity": "Arlington, VA", "lists": {"groups": [{"items": [], "count": 2, "type": "created"}]}}, {"tips": {"count": 0}, "contact": {"twitter": "shielamho", "facebook": "553224310"}, "firstName": "Shiela", "gender": "female", "lastName": "Kho", "id": "24175489", "bio": "", "photo": {"prefix": "https://igx.4sqi.net/img/user/", "suffix": "/24175489-RFSERHJWMIU440Y3.jpg"}, "homeCity": "Manila, Philippines", "lists": {"groups": [{"items": [], "count": 2, "type": "created"}]}}, {"tips": {"count": 4}, "contact": {"twitter": "pinaychick23", "facebook": "696958372"}, "firstName": "Vanessa", "gender": "female", "lastName": "L", "id": "24984598", "bio": "", "photo": {"prefix": "https://igx.4sqi.net/img/user/", "suffix": "/HHMTJRLYJJMLGQSZ.jpg"}, "homeCity": "Las Vegas, NV", "lists": {"groups": [{"items": [], "count": 2, "type": "created"}]}}, {"tips": {"count": 1}, "contact": {"twitter": "blakejacobsen"}, "firstName": "Blake", "gender": "male", "lastName": "Jacobsen", "id": "12254097", "bio": "", "photo": {"prefix": "https://igx.4sqi.net/img/user/", "suffix": "/JC3OMBYFS44FRIKQ.jpg"}, "homeCity": "Los Angeles, CA", "lists": {"groups": [{"items": [], "count": 2, "type": "created"}]}}, {"tips": {"count": 0}, "contact": {"facebook": "577292002"}, "firstName": "Edward", "gender": "male", "lastName": "Oltiveros", "id": "3932058", "bio": "", "photo": {"prefix": "https://igx.4sqi.net/img/user/", "suffix": "/IXEH2NA5AZVBPXOG.jpg"}, "homeCity": "Singapore", "lists": {"groups": [{"items": [], "count": 2, "type": "created"}]}}, {"tips": {"count": 0}, "contact": {}, "firstName": "Afmin", "gender": "female", "id": "5406758", "bio": "", "photo": {"prefix": "https://igx.4sqi.net/img/user/", "suffix": "/E1LOKR0DSVPZIX4O.jpg"}, "homeCity": "Singapore", "lists": {"groups": [{"items": [], "count": 2, "type": "created"}]}}, {"tips": {"count": 0}, "contact": {"facebook": "677114465"}, "firstName": "Marisa", "gender": "female", "lastName": "Johnson", "id": "79429366", "bio": "", "photo": {"prefix": "https://igx.4sqi.net/img/user/", "suffix": "/79429366-SV4EGZT0EQ2HZZYS.jpg"}, "homeCity": "Seoul, Seoul", "lists": {"groups": [{"items": [], "count": 2, "type": "created"}]}}, {"tips": {"count": 192}, "contact": {"twitter": "rexsingson", "facebook": "606354771"}, "firstName": "Ronnie", "gender": "male", "lastName": "Recidoro", "id": "1278571", "bio": "It's a sad day when Foursquare's recommendation for best places to have breakfast in are McDonald's and Jollibee.", "photo": {"prefix": "https://igx.4sqi.net/img/user/", "suffix": "/JFLBLLTWNKWS3EUW.jpg"}, "homeCity": "Pasig City, Philippines", "lists": {"groups": [{"items": [], "count": 7, "type": "created"}]}}, {"tips": {"count": 0}, "contact": {}, "firstName": "Angela Cielo", "gender": "female", "lastName": "Taguibao", "id": "6483235", "bio": "", "photo": {"prefix": "https://igx.4sqi.net/img/user/", "suffix": "/4HJJS0QURLEALEQW.jpg"}, "homeCity": "Singapore", "lists": {"groups": [{"items": [], "count": 2, "type": "created"}]}}, {"tips": {"count": 3}, "contact": {}, "firstName": "Paul", "gender": "male", "lastName": "Chin", "id": "18591324", "bio": "New York City based fashion photographer and style blogger.", "photo": {"prefix": "https://igx.4sqi.net/img/user/", "suffix": "/18591324-LSDDOITLNP1CKBLT.jpg"}, "homeCity": "NY", "lists": {"groups": [{"items": [], "count": 2, "type": "created"}]}}, {"tips": {"count": 1}, "contact": {"facebook": "1001987182"}, "firstName": "Aldren", "gender": "male", "lastName": "Madrigal", "id": "25900076", "bio": "", "photo": {"prefix": "https://igx.4sqi.net/img/user/", "suffix": "/1DTYEI0RU5WSC2FP.jpg"}, "homeCity": "Aiea, HI", "lists": {"groups": [{"items": [], "count": 2, "type": "created"}]}}, {"tips": {"count": 0}, "contact": {"twitter": "ob1md", "facebook": "755649822"}, "firstName": "Hazel", "gender": "female", "lastName": "de Luna", "id": "42878147", "bio": "", "photo": {"prefix": "https://igx.4sqi.net/img/user/", "suffix": "/JE3G5P2DTAMPMXHK.jpg"}, "homeCity": "Marinduque", "lists": {"groups": [{"items": [], "count": 2, "type": "created"}]}}, {"tips": {"count": 0}, "contact": {"twitter": "chiqtopia"}, "firstName": "Chiqui", "gender": "female", "lastName": "Guison", "id": "53739889", "bio": "", "photo": {"prefix": "https://igx.4sqi.net/img/user/", "suffix": "/YL3BLBTMPUX1RMNW.jpg"}, "homeCity": "", "lists": {"groups": [{"items": [], "count": 2, "type": "created"}]}}, {"tips": {"count": 4}, "contact": {"twitter": "lenregio", "facebook": "784388483"}, "firstName": "Leonard", "gender": "male", "lastName": "Regio", "id": "80530187", "bio": "", "photo": {"prefix": "https://igx.4sqi.net/img/user/", "suffix": "/-1T4USBHNCO33LYWM.gif"}, "homeCity": "Cainta, Calabarzon", "lists": {"groups": [{"items": [], "count": 2, "type": "created"}]}}, {"tips": {"count": 0}, "contact": {}, "firstName": "Che", "gender": "female", "lastName": "Palacios", "id": "1448513", "bio": "", "photo": {"prefix": "https://igx.4sqi.net/img/user/", "suffix": "/blank_girl.png", "default": true}, "homeCity": "Tampines, Singapore", "lists": {"groups": [{"items": [], "count": 2, "type": "created"}]}}, {"tips": {"count": 0}, "contact": {"facebook": "1044473409"}, "firstName": "Arlene", "gender": "female", "lastName": "Leynes", "id": "59835530", "bio": "", "photo": {"prefix": "https://igx.4sqi.net/img/user/", "suffix": "/BNUPDRYX14AGH0XZ.jpg"}, "homeCity": "Virginia Water, ENG", "lists": {"groups": [{"items": [], "count": 2, "type": "created"}]}}, {"tips": {"count": 0}, "contact": {}, "firstName": "Omar", "gender": "male", "lastName": "T", "id": "43761050", "bio": "", "photo": {"prefix": "https://igx.4sqi.net/img/user/", "suffix": "/blank_boy.png", "default": true}, "homeCity": "Chicago, IL", "lists": {"groups": [{"items": [], "count": 2, "type": "created"}]}}, {"tips": {"count": 0}, "contact": {"facebook": "1765561702"}, "firstName": "JP", "gender": "male", "lastName": "Mananzan", "id": "1500658", "bio": "", "photo": {"prefix": "https://igx.4sqi.net/img/user/", "suffix": "/CBZWYRASX3DXEY1R.jpg"}, "homeCity": "San Diego, CA", "lists": {"groups": [{"items": [], "count": 2, "type": "created"}]}}, {"tips": {"count": 0}, "contact": {}, "firstName": "H&M", "gender": "none", "lastName": "Hennes & Mauritz UK Ltd", "id": "2231478", "bio": "", "photo": {"prefix": "https://igx.4sqi.net/img/user/", "suffix": "/CSDUIY30LVS3QVPP.jpg"}, "homeCity": "UK", "lists": {"groups": [{"items": [], "count": 2, "type": "created"}]}}, {"tips": {"count": 0}, "contact": {"twitter": "moonape", "facebook": "202903337"}, "firstName": "Alex", "gender": "male", "lastName": "Mathers", "id": "2335345", "bio": "", "photo": {"prefix": "https://igx.4sqi.net/img/user/", "suffix": "/YDPD3UYEBHHBED5P.jpg"}, "homeCity": "East London, UK", "lists": {"groups": [{"items": [], "count": 2, "type": "created"}]}}, {"tips": {"count": 0}, "contact": {}, "firstName": "Rafael", "gender": "male", "lastName": "Ante", "id": "3141708", "bio": "", "photo": {"prefix": "https://igx.4sqi.net/img/user/", "suffix": "/TAE4AR1KGK3FEZ4Z.jpg"}, "homeCity": "Taguig, Philippines", "lists": {"groups": [{"items": [], "count": 2, "type": "created"}]}}, {"tips": {"count": 0}, "contact": {}, "firstName": "Abby", "gender": "female", "lastName": "Chua", "id": "3562871", "bio": "", "photo": {"prefix": "https://igx.4sqi.net/img/user/", "suffix": "/TTKV5BZAT41BNVJO.jpg"}, "homeCity": "Singapore", "lists": {"groups": [{"items": [], "count": 2, "type": "created"}]}}, {"tips": {"count": 0}, "contact": {"twitter": "donnutski", "facebook": "1606815495"}, "firstName": "Donnut", "gender": "female", "lastName": "Solmayor-Macatol", "id": "4002366", "bio": "", "photo": {"prefix": "https://igx.4sqi.net/img/user/", "suffix": "/TL52KXPMQDZMPZ04.jpg"}, "homeCity": "Singapore", "lists": {"groups": [{"items": [], "count": 2, "type": "created"}]}}, {"tips": {"count": 1}, "contact": {"twitter": "lilfashionisto", "facebook": "100001145507117"}, "firstName": "M'c kenneth", "gender": "male", "lastName": "Licon", "id": "7284798", "bio": "", "photo": {"prefix": "https://igx.4sqi.net/img/user/", "suffix": "/OOOGGZMINEPUJL0D.jpg"}, "homeCity": "Vancouver, Canada", "lists": {"groups": [{"items": [], "count": 2, "type": "created"}]}}], "count": 42}, "checksum": "14440fd45d305d696d14f930c46108f5a7352907"}, "meta": {"requestId": "5965d6019fb6b77b770de20e", "code": 200}}