{"notifications": [{"type": "notificationTray", "item": {"unreadCount": 0}}], "response": {"friends": {"items": [{"tips": {"count": 0}, "contact": {"facebook": "750434488"}, "firstName": "Steven", "gender": "male", "lastName": "Ong", "id": "10017148", "bio": "", "photo": {"prefix": "https://igx.4sqi.net/img/user/", "suffix": "/O0BBDQCQNLFQ0LIR.jpg"}, "homeCity": "Rawang, Malaysia", "lists": {"groups": [{"items": [], "count": 2, "type": "created"}]}}, {"tips": {"count": 9}, "contact": {"facebook": "1430193734"}, "firstName": "Adamm", "gender": "male", "lastName": "Greene", "id": "35661253", "bio": "", "photo": {"prefix": "https://igx.4sqi.net/img/user/", "suffix": "/TTG511D2U1G4GNLS.jpg"}, "homeCity": "Negeri Sembilan", "lists": {"groups": [{"items": [], "count": 3, "type": "created"}]}}, {"tips": {"count": 6}, "contact": {"facebook": "531637731"}, "firstName": "Mech", "gender": "male", "lastName": "Sylbi", "id": "4414734", "bio": "", "photo": {"prefix": "https://igx.4sqi.net/img/user/", "suffix": "/LSDD43VSXBW1YXLV.jpg"}, "homeCity": "Kuala Lumpur, Malaysia", "lists": {"groups": [{"items": [], "count": 2, "type": "created"}]}}, {"tips": {"count": 0}, "contact": {"facebook": "772562977"}, "firstName": "Scott", "gender": "male", "lastName": "Morgan", "id": "7632032", "bio": "", "photo": {"prefix": "https://igx.4sqi.net/img/user/", "suffix": "/blank_boy.png", "default": true}, "homeCity": "Portsmouth, UK", "lists": {"groups": [{"items": [], "count": 2, "type": "created"}]}}, {"tips": {"count": 2}, "contact": {"facebook": "724651928"}, "firstName": "Joanne", "gender": "none", "lastName": "Yeow", "id": "5656857", "bio": "", "photo": {"prefix": "https://igx.4sqi.net/img/user/", "suffix": "/RHMUXPTYRN4V5PWJ.jpg"}, "homeCity": "", "lists": {"groups": [{"items": [], "count": 2, "type": "created"}]}}, {"tips": {"count": 0}, "contact": {}, "firstName": "Ivy", "gender": "female", "lastName": "Wong", "id": "9888776", "bio": "", "photo": {"prefix": "https://igx.4sqi.net/img/user/", "suffix": "/blank_girl.png", "default": true}, "homeCity": "Bulleen, Australia", "lists": {"groups": [{"items": [], "count": 2, "type": "created"}]}}, {"tips": {"count": 0}, "contact": {}, "firstName": "L!nG", "gender": "female", "id": "3864260", "bio": "", "photo": {"prefix": "https://igx.4sqi.net/img/user/", "suffix": "/YKZU03OEW44JCREM.jpg"}, "homeCity": "Malaysia", "lists": {"groups": [{"items": [], "count": 2, "type": "created"}]}}, {"tips": {"count": 0}, "contact": {"facebook": "767938898"}, "firstName": "Hannee", "gender": "female", "lastName": "Tan", "id": "63142680", "bio": "", "photo": {"prefix": "https://igx.4sqi.net/img/user/", "suffix": "/ZZPMLMFR0B4F5JK5.jpg"}, "homeCity": "Kuala Lumpur, KUL", "lists": {"groups": [{"items": [], "count": 2, "type": "created"}]}}, {"tips": {"count": 1}, "contact": {"twitter": "kohkw", "facebook": "764538559"}, "firstName": "Kok Wei", "gender": "male", "lastName": "Koh", "id": "743188", "bio": "", "photo": {"prefix": "https://igx.4sqi.net/img/user/", "suffix": "/FYG0RSVQOLKO3EJD.png"}, "homeCity": "Puchong, Selangor", "lists": {"groups": [{"items": [], "count": 2, "type": "created"}]}}, {"tips": {"count": 10}, "contact": {}, "firstName": "Kenny", "gender": "male", "lastName": "Ho", "id": "590849", "bio": "", "photo": {"prefix": "https://igx.4sqi.net/img/user/", "suffix": "/PGSUWHQRKKX4CJ0X.jpg"}, "homeCity": "Singapore", "lists": {"groups": [{"items": [], "count": 2, "type": "created"}]}}, {"tips": {"count": 77}, "contact": {"twitter": "thebackpackr"}, "firstName": "TheBackpackr", "gender": "male", "id": "124304", "bio": "", "photo": {"prefix": "https://igx.4sqi.net/img/user/", "suffix": "/124304_1259139981025.gif"}, "homeCity": "Selangor, Malaysia", "lists": {"groups": [{"items": [], "count": 2, "type": "created"}]}}, {"tips": {"count": 3}, "contact": {"facebook": "574331560"}, "firstName": "Lawrence", "gender": "male", "lastName": "Chuah", "id": "84661085", "bio": "", "photo": {"prefix": "https://igx.4sqi.net/img/user/", "suffix": "/84661085-J41SLHLLEEJ3NC5N.jpg"}, "homeCity": "", "lists": {"groups": [{"items": [], "count": 2, "type": "created"}]}}, {"tips": {"count": 2}, "contact": {"twitter": "deekayadvani", "facebook": "692130029"}, "firstName": "DeeKay", "gender": "male", "id": "941444", "bio": "", "photo": {"prefix": "https://igx.4sqi.net/img/user/", "suffix": "/SNECGAML2SUJSUR3.jpg"}, "homeCity": "Kuala Lumpur, WP Kuala Lumpur", "lists": {"groups": [{"items": [], "count": 2, "type": "created"}]}}, {"tips": {"count": 16}, "contact": {"twitter": "danielyc", "facebook": "690510254"}, "firstName": "Daniel", "gender": "male", "lastName": "Goh", "id": "223989", "bio": "", "photo": {"prefix": "https://igx.4sqi.net/img/user/", "suffix": "/DTPDF1C4SYJV40JG.jpg"}, "homeCity": "Kuala Lumpur, Malaysia", "lists": {"groups": [{"items": [], "count": 2, "type": "created"}]}}, {"tips": {"count": 0}, "contact": {"facebook": "554013303"}, "firstName": "Venus", "gender": "female", "lastName": "Lee", "id": "27482127", "bio": "", "photo": {"prefix": "https://igx.4sqi.net/img/user/", "suffix": "/XDSCDNJ0P3RDWVSE.jpg"}, "homeCity": "Selangor", "lists": {"groups": [{"items": [], "count": 2, "type": "created"}]}}, {"tips": {"count": 5}, "contact": {}, "firstName": "cathy", "gender": "female", "lastName": "chin", "id": "2307720", "bio": "", "photo": {"prefix": "https://igx.4sqi.net/img/user/", "suffix": "/XYFKVEXL1LNCJ344.jpg"}, "homeCity": "Subang Jaya, Selangor", "lists": {"groups": [{"items": [], "count": 2, "type": "created"}]}}, {"tips": {"count": 0}, "contact": {"facebook": "526930784"}, "firstName": "Desmond", "gender": "male", "lastName": "Lee", "id": "11046854", "bio": "", "photo": {"prefix": "https://igx.4sqi.net/img/user/", "suffix": "/L41N2DUESTQZCT5A.jpg"}, "homeCity": "Kuala Lumpur, Malaysia", "lists": {"groups": [{"items": [], "count": 2, "type": "created"}]}}, {"tips": {"count": 3}, "contact": {}, "firstName": "Stanley", "gender": "male", "lastName": "Chee", "id": "8496896", "bio": "", "photo": {"prefix": "https://igx.4sqi.net/img/user/", "suffix": "/CVMHO023O2MFRCSG.jpg"}, "homeCity": "Kuala Lumpur, Malaysia", "lists": {"groups": [{"items": [], "count": 2, "type": "created"}]}}, {"tips": {"count": 1}, "contact": {"twitter": "peace3388", "facebook": "1022375053"}, "firstName": "Peace", "gender": "male", "lastName": "Fang", "id": "3805610", "bio": "", "photo": {"prefix": "https://igx.4sqi.net/img/user/", "suffix": "/YTHHDUSPTNNSUR4N.jpg"}, "homeCity": "\u53f0\u5317\u5e02, Taiwan", "lists": {"groups": [{"items": [], "count": 2, "type": "created"}]}}, {"tips": {"count": 0}, "contact": {"twitter": "karenliim"}, "firstName": "Karen", "gender": "female", "id": "676951", "bio": "", "photo": {"prefix": "https://igx.4sqi.net/img/user/", "suffix": "/PG42SRJ2C5Z1RMMD.jpg"}, "homeCity": "Singapore", "lists": {"groups": [{"items": [], "count": 2, "type": "created"}]}}, {"tips": {"count": 21}, "contact": {"twitter": "feicipet", "facebook": "1133766243"}, "firstName": "CS", "gender": "male", "lastName": "Wong", "id": "973114", "bio": "", "photo": {"prefix": "https://igx.4sqi.net/img/user/", "suffix": "/E0544VP1FRC1CIZH.jpg"}, "homeCity": "Bangkok", "lists": {"groups": [{"items": [], "count": 2, "type": "created"}]}}, {"tips": {"count": 2}, "contact": {"twitter": "applelim", "facebook": "517011431"}, "firstName": "Apple", "gender": "female", "lastName": "Lim", "id": "3300314", "bio": "", "photo": {"prefix": "https://igx.4sqi.net/img/user/", "suffix": "/X5CXQPTW5214ZPWN.jpg"}, "homeCity": "Subang Jaya, Malaysia", "lists": {"groups": [{"items": [], "count": 2, "type": "created"}]}}, {"tips": {"count": 0}, "contact": {"facebook": "782310186"}, "firstName": "Joy", "gender": "female", "lastName": "Tanael", "id": "14657339", "bio": "", "photo": {"prefix": "https://igx.4sqi.net/img/user/", "suffix": "/IQXOWWY5RBDZVRCQ.jpg"}, "homeCity": "Petaling Jaya, Malaysia", "lists": {"groups": [{"items": [], "count": 2, "type": "created"}]}}, {"tips": {"count": 0}, "contact": {"facebook": "585174645"}, "firstName": "Jonathan", "gender": "male", "lastName": "Guan", "id": "12730451", "bio": "", "photo": {"prefix": "https://igx.4sqi.net/img/user/", "suffix": "/blank_boy.png", "default": true}, "homeCity": "Petaling Jaya, Malaysia", "lists": {"groups": [{"items": [], "count": 2, "type": "created"}]}}, {"tips": {"count": 22}, "contact": {"facebook": "10153107500491382"}, "firstName": "Darren", "gender": "male", "lastName": "Lam", "id": "19383283", "bio": "", "photo": {"prefix": "https://igx.4sqi.net/img/user/", "suffix": "/0MVJVPESNKIQ052A.jpg"}, "homeCity": "Kajang, Malaysia", "lists": {"groups": [{"items": [], "count": 2, "type": "created"}]}}, {"tips": {"count": 19}, "contact": {"twitter": "mrpengat"}, "firstName": "Jo", "gender": "male", "lastName": "Yeoh", "id": "2948652", "bio": "", "photo": {"prefix": "https://igx.4sqi.net/img/user/", "suffix": "/TMO2HNIWBB154NBF.jpg"}, "homeCity": "Singapore", "lists": {"groups": [{"items": [], "count": 2, "type": "created"}]}}, {"tips": {"count": 1}, "contact": {}, "firstName": "Edmund", "gender": "male", "lastName": "Tan", "id": "1020275", "bio": "", "photo": {"prefix": "https://igx.4sqi.net/img/user/", "suffix": "/4FNLVU4NMVN5OFU0.jpg"}, "homeCity": "Petaling Jaya, Selangor", "lists": {"groups": [{"items": [], "count": 2, "type": "created"}]}}, {"tips": {"count": 0}, "contact": {}, "firstName": "pijit", "gender": "male", "lastName": "chitnelawong", "id": "28242483", "bio": "", "photo": {"prefix": "https://igx.4sqi.net/img/user/", "suffix": "/AANW2VQVBVTILHCL.jpg"}, "homeCity": "\u0e21.\u0e19\u0e31\u0e19\u0e17\u0e27\u0e31\u0e19-\u0e27\u0e31\u0e0a\u0e23\u0e1e\u0e25 \u0e01\u0e23\u0e38\u0e07\u0e40\u0e17\u0e1e", "lists": {"groups": [{"items": [], "count": 2, "type": "created"}]}}, {"tips": {"count": 0}, "contact": {"twitter": "astanagendik", "facebook": "1140832174"}, "firstName": "zairul hisham", "gender": "male", "lastName": "hashim", "id": "4146800", "bio": "", "photo": {"prefix": "https://igx.4sqi.net/img/user/", "suffix": "/4146800-XGKPAIS0VRGKT5GQ.jpg"}, "homeCity": "Shah Alam, Malaysia", "lists": {"groups": [{"items": [], "count": 2, "type": "created"}]}}, {"tips": {"count": 60}, "contact": {}, "firstName": "Roy", "gender": "male", "id": "1154267", "bio": "", "photo": {"prefix": "https://igx.4sqi.net/img/user/", "suffix": "/OF1TP5QGVGE1TIF0.jpg"}, "homeCity": "Kuala Lumpur", "lists": {"groups": [{"items": [], "count": 2, "type": "created"}]}}, {"tips": {"count": 0}, "contact": {"facebook": "1224020338"}, "firstName": "Melai", "gender": "female", "lastName": "Baello", "id": "51487202", "bio": "", "photo": {"prefix": "https://igx.4sqi.net/img/user/", "suffix": "/FAC3OHCO5M4LLTD1.jpg"}, "homeCity": "Kuala Lumpur, Malaysia", "lists": {"groups": [{"items": [], "count": 2, "type": "created"}]}}, {"tips": {"count": 0}, "contact": {}, "firstName": "Su San", "gender": "female", "id": "2423375", "bio": "", "photo": {"prefix": "https://igx.4sqi.net/img/user/", "suffix": "/blank_girl.png", "default": true}, "homeCity": "Ipoh, Malaysia", "lists": {"groups": [{"items": [], "count": 2, "type": "created"}]}}, {"tips": {"count": 3}, "contact": {"twitter": "delectablesu"}, "firstName": "Delectable", "gender": "female", "lastName": "SU", "id": "2458403", "bio": "", "photo": {"prefix": "https://igx.4sqi.net/img/user/", "suffix": "/YVMJ5EUDNXZD2YCW.jpg"}, "homeCity": "Ipoh, Malaysia", "lists": {"groups": [{"items": [], "count": 2, "type": "created"}]}}, {"tips": {"count": 20}, "contact": {"facebook": "637376591"}, "firstName": "Kok onn", "gender": "male", "id": "15344922", "bio": "", "photo": {"prefix": "https://igx.4sqi.net/img/user/", "suffix": "/41FJMFR24F2KA3RI.jpg"}, "homeCity": "Kuala Lumpur, Malaysia", "lists": {"groups": [{"items": [], "count": 2, "type": "created"}]}}], "count": 34}, "checksum": "9cbcbb4a7d2542c06f2305a42840b15a48be7514"}, "meta": {"requestId": "596636776a60711438a8dd40", "code": 200}}