{"notifications": [{"type": "notificationTray", "item": {"unreadCount": 0}}], "meta": {"requestId": "5966d4194434b955719c3b19", "code": 200}, "response": {"friends": {"count": 111, "items": [{"id": "1167174", "photo": {"prefix": "https://igx.4sqi.net/img/user/", "suffix": "/WQFKXZGLNMZYKTHV.jpg"}, "homeCity": "Singapore", "contact": {"facebook": "596701592"}, "firstName": "kk", "tips": {"count": 1}, "gender": "male", "lists": {"groups": [{"count": 2, "type": "created", "items": []}]}, "bio": ""}, {"id": "1234419", "photo": {"prefix": "https://igx.4sqi.net/img/user/", "suffix": "/1234419_npyE4sZb_yaTPV0oHYoj6cSkRhHwXcEvRf-OU6MCBZdQXE-_MBk6o5BEyHlyNsF0oiPnWsQOJ.jpg"}, "homeCity": "Singapore", "contact": {"facebook": "508641365"}, "firstName": "Justin", "tips": {"count": 5}, "gender": "male", "lastName": "Yeo", "lists": {"groups": [{"count": 2, "type": "created", "items": []}]}, "bio": ""}, {"id": "297384", "photo": {"prefix": "https://igx.4sqi.net/img/user/", "suffix": "/SZQC5HBH13IBEIHO.jpg"}, "homeCity": "Singapore", "contact": {"twitter": "figsley"}, "firstName": "Figsley", "tips": {"count": 15}, "gender": "female", "lists": {"groups": [{"count": 2, "type": "created", "items": []}]}, "bio": ""}, {"id": "145396", "photo": {"prefix": "https://igx.4sqi.net/img/user/", "suffix": "/402DJEBTSGKB5FIK.jpg"}, "homeCity": "singapore", "contact": {"facebook": "682086162", "twitter": "kennethjayden"}, "firstName": "kennethjayden", "tips": {"count": 13}, "gender": "male", "superuser": 1, "lists": {"groups": [{"count": 2, "type": "created", "items": []}]}, "bio": ""}, {"id": "942443", "photo": {"prefix": "https://igx.4sqi.net/img/user/", "suffix": "/ITQR3IXBDMGMIM0J.jpg"}, "homeCity": "Singapore", "contact": {"facebook": "617909220", "twitter": "lexelledextjluv"}, "firstName": "Lexelle", "tips": {"count": 751}, "gender": "female", "lastName": "de Charmaine", "lists": {"groups": [{"count": 4, "type": "created", "items": []}]}, "bio": "With a swarm swarm here, and a swarm swarm there. Here a swarm, there a swarm, everywhere a swarm swarm~"}, {"id": "1098897", "photo": {"prefix": "https://igx.4sqi.net/img/user/", "suffix": "/4TKPQF0EQH3G2CS0.jpg"}, "homeCity": "Bedok, Singapore", "contact": {"facebook": "619655504"}, "firstName": "Yaowen", "tips": {"count": 0}, "gender": "male", "lastName": "\u5218", "lists": {"groups": [{"count": 2, "type": "created", "items": []}]}, "bio": ""}, {"id": "1235730", "photo": {"prefix": "https://igx.4sqi.net/img/user/", "suffix": "/4IGYRWKSGOMMPLLI.jpg"}, "homeCity": "Singapore", "contact": {"facebook": "640416378", "twitter": "jasperthong"}, "firstName": "Jasper", "tips": {"count": 1}, "gender": "male", "lastName": "Thong", "lists": {"groups": [{"count": 2, "type": "created", "items": []}]}, "bio": ""}, {"id": "551549", "photo": {"prefix": "https://igx.4sqi.net/img/user/", "suffix": "/RNUEDWRXA4PESAIW.jpg"}, "homeCity": "Singapore", "contact": {}, "firstName": "Aaron Derek", "tips": {"count": 12}, "gender": "male", "lastName": "Li", "lists": {"groups": [{"count": 2, "type": "created", "items": []}]}, "bio": ""}, {"id": "1010662", "photo": {"prefix": "https://igx.4sqi.net/img/user/", "suffix": "/VJEZ2NEPQBEAYGJQ.jpg"}, "homeCity": "Singapore", "contact": {}, "firstName": "Ang", "tips": {"count": 0}, "gender": "male", "lastName": "Yao Zong", "lists": {"groups": [{"count": 2, "type": "created", "items": []}]}, "bio": ""}, {"id": "670590", "photo": {"prefix": "https://igx.4sqi.net/img/user/", "suffix": "/1UHOEQLM2VP45HGX.jpg"}, "homeCity": "Singapore", "contact": {}, "firstName": "Weiye", "tips": {"count": 24}, "gender": "male", "lastName": "Loh", "lists": {"groups": [{"count": 8, "type": "created", "items": []}]}, "bio": ""}, {"id": "1101721", "photo": {"prefix": "https://igx.4sqi.net/img/user/", "default": true, "suffix": "/blank_boy.png"}, "homeCity": "Singapore", "contact": {"facebook": "666560721", "twitter": "travel_jem"}, "firstName": "Jeremy", "tips": {"count": 1}, "gender": "male", "lists": {"groups": [{"count": 2, "type": "created", "items": []}]}, "bio": ""}]}, "checksum": "5ca905ed030394cd1383e7b18c20fa4e2801d914"}}