{"notifications": [{"type": "notificationTray", "item": {"unreadCount": 0}}], "response": {"friends": {"items": [{"tips": {"count": 0}, "contact": {"twitter": "nhslave"}, "firstName": "weiwei", "gender": "female", "id": "4628334", "bio": "", "photo": {"prefix": "https://igx.4sqi.net/img/user/", "suffix": "/2TF30XQAMOWLNNQE.jpg"}, "homeCity": "Singapore", "lists": {"groups": [{"items": [], "count": 2, "type": "created"}]}}, {"tips": {"count": 2}, "contact": {"facebook": "2541033"}, "firstName": "Candezz", "gender": "female", "lastName": "J", "id": "6810497", "bio": "", "photo": {"prefix": "https://igx.4sqi.net/img/user/", "suffix": "/6810497-1DOGD532B0RSA5OP.jpg"}, "homeCity": "Singapore", "lists": {"groups": [{"items": [], "count": 2, "type": "created"}]}}, {"tips": {"count": 9}, "contact": {}, "firstName": "Joe", "gender": "male", "lastName": "Tan", "id": "3516841", "bio": "", "photo": {"prefix": "https://igx.4sqi.net/img/user/", "suffix": "/3WADWBG2E2WWBIGY.jpg"}, "homeCity": "Singapore", "lists": {"groups": [{"items": [], "count": 2, "type": "created"}]}}, {"tips": {"count": 0}, "contact": {"facebook": "100000306751100"}, "firstName": "Cindy", "gender": "female", "lastName": "Lin", "id": "13389142", "bio": "", "photo": {"prefix": "https://igx.4sqi.net/img/user/", "suffix": "/HRVBRQLSYA40DTOX.jpg"}, "homeCity": "Denpasar, Indonesia", "lists": {"groups": [{"items": [], "count": 3, "type": "created"}]}}, {"tips": {"count": 8}, "contact": {"facebook": "697366164"}, "firstName": "Jennifer", "gender": "female", "lastName": "Tham", "id": "7657016", "bio": "", "photo": {"prefix": "https://igx.4sqi.net/img/user/", "suffix": "/XG1R21ZST5YRZA1W.jpg"}, "homeCity": "Singapore", "lists": {"groups": [{"items": [], "count": 2, "type": "created"}]}}, {"tips": {"count": 0}, "contact": {"facebook": "830158"}, "firstName": "Weiling", "gender": "female", "lastName": "Chua", "id": "14028128", "bio": "", "photo": {"prefix": "https://igx.4sqi.net/img/user/", "suffix": "/blank_girl.png", "default": true}, "homeCity": "New York, NY", "lists": {"groups": [{"items": [], "count": 2, "type": "created"}]}}, {"tips": {"count": 31}, "contact": {"twitter": "sprilite", "facebook": "784425712"}, "firstName": "LH", "gender": "male", "lastName": "Sim", "id": "241442", "bio": "", "photo": {"prefix": "https://igx.4sqi.net/img/user/", "suffix": "/241442-PFB2QR3YPC3FX25V.jpg"}, "homeCity": "Singapore", "lists": {"groups": [{"items": [], "count": 2, "type": "created"}]}}, {"tips": {"count": 0}, "contact": {}, "firstName": "Chelsea", "gender": "female", "lastName": "Ler", "id": "5834493", "bio": "", "photo": {"prefix": "https://igx.4sqi.net/img/user/", "suffix": "/EWVCHJRKMUTCQRET.jpg"}, "homeCity": "\u9999\u6e2f", "lists": {"groups": [{"items": [], "count": 2, "type": "created"}]}}, {"tips": {"count": 0}, "contact": {}, "firstName": "Laiyi", "gender": "none", "lastName": "Chua", "id": "4907132", "bio": "", "photo": {"prefix": "https://igx.4sqi.net/img/user/", "suffix": "/blank_boy.png", "default": true}, "homeCity": "Singapore", "lists": {"groups": [{"items": [], "count": 2, "type": "created"}]}}, {"tips": {"count": 1}, "contact": {"facebook": "507050222"}, "firstName": "Jenny", "gender": "female", "lastName": "Lok", "id": "16663268", "bio": "", "photo": {"prefix": "https://igx.4sqi.net/img/user/", "suffix": "/30V2NZ5GGBET0RTS.jpg"}, "homeCity": "Hong Kong", "lists": {"groups": [{"items": [], "count": 2, "type": "created"}]}}, {"tips": {"count": 0}, "contact": {"facebook": "612287675"}, "firstName": "Sk", "gender": "male", "id": "3834207", "bio": "", "photo": {"prefix": "https://igx.4sqi.net/img/user/", "suffix": "/3L1PKGHQB1LBV3ET.jpg"}, "homeCity": "Singapore", "lists": {"groups": [{"items": [], "count": 2, "type": "created"}]}}, {"tips": {"count": 0}, "contact": {}, "firstName": "Zhonghan", "gender": "male", "lastName": "Chen", "id": "385872", "bio": "", "photo": {"prefix": "https://igx.4sqi.net/img/user/", "suffix": "/blank_boy.png", "default": true}, "homeCity": "Singapore", "lists": {"groups": [{"items": [], "count": 2, "type": "created"}]}}, {"tips": {"count": 1}, "contact": {"facebook": "567686850"}, "firstName": "Benthecow", "gender": "male", "id": "3813336", "bio": "", "photo": {"prefix": "https://igx.4sqi.net/img/user/", "suffix": "/KO2NHUGZEWJEOMIX.jpg"}, "homeCity": "Singapore", "lists": {"groups": [{"items": [], "count": 2, "type": "created"}]}}, {"superuser": 1, "tips": {"count": 7}, "contact": {"facebook": "752980603"}, "firstName": "Sheng", "gender": "male", "lastName": "Oon", "id": "131264", "bio": "", "photo": {"prefix": "https://igx.4sqi.net/img/user/", "suffix": "/3S123QFZLYDI0M2A.jpg"}, "homeCity": "Shanghai", "lists": {"groups": [{"items": [], "count": 2, "type": "created"}]}}, {"tips": {"count": 0}, "contact": {"facebook": "222100620"}, "firstName": "Zee", "gender": "female", "lastName": "Wong", "id": "838942", "bio": "", "photo": {"prefix": "https://igx.4sqi.net/img/user/", "suffix": "/blank_girl.png", "default": true}, "homeCity": "Singapore", "lists": {"groups": [{"items": [], "count": 2, "type": "created"}]}}, {"tips": {"count": 11}, "contact": {"twitter": "yysarah_ho", "facebook": "100003081063568"}, "firstName": "Sarah", "gender": "female", "lastName": "Ho", "id": "917205", "bio": "", "photo": {"prefix": "https://igx.4sqi.net/img/user/", "suffix": "/917205-S0B5OCS4A2QWKEPV.jpg"}, "homeCity": "Camden Town, Greater London", "lists": {"groups": [{"items": [], "count": 6, "type": "created"}]}}, {"tips": {"count": 0}, "contact": {}, "firstName": "Bertram", "gender": "male", "lastName": "Ng", "id": "2545288", "bio": "", "photo": {"prefix": "https://igx.4sqi.net/img/user/", "suffix": "/Q01Q1QOVAS5ALUM4.jpg"}, "homeCity": "Singapore", "lists": {"groups": [{"items": [], "count": 2, "type": "created"}]}}, {"tips": {"count": 0}, "contact": {"facebook": "100001116100929"}, "firstName": "Steff", "gender": "male", "lastName": "Lam", "id": "19774522", "bio": "", "photo": {"prefix": "https://igx.4sqi.net/img/user/", "suffix": "/1VQGUZR3C431YDCN.jpg"}, "homeCity": "Hong Kong", "lists": {"groups": [{"items": [], "count": 2, "type": "created"}]}}, {"tips": {"count": 0}, "contact": {"facebook": "647787871"}, "firstName": "William", "gender": "male", "lastName": "Surya", "id": "10386724", "bio": "", "photo": {"prefix": "https://igx.4sqi.net/img/user/", "suffix": "/1DLJRM1ZKSPFMQSK.jpg"}, "homeCity": "Jakarta, Indonesia", "lists": {"groups": [{"items": [], "count": 2, "type": "created"}]}}, {"tips": {"count": 0}, "contact": {"facebook": "722210337"}, "firstName": "Jeremy", "gender": "male", "lastName": "Neo", "id": "9263939", "bio": "", "photo": {"prefix": "https://igx.4sqi.net/img/user/", "suffix": "/FUVTGX23ZSONMB5P.jpg"}, "homeCity": "Singapore", "lists": {"groups": [{"items": [], "count": 2, "type": "created"}]}}, {"tips": {"count": 40}, "contact": {"twitter": "porprae", "facebook": "1132040636"}, "firstName": "Prae", "gender": "female", "lastName": "Srisombun", "id": "4908598", "bio": "", "photo": {"prefix": "https://igx.4sqi.net/img/user/", "suffix": "/4908598-EGCXKSEO22MNTPRC.jpg"}, "homeCity": "morocco", "lists": {"groups": [{"items": [], "count": 2, "type": "created"}]}}, {"tips": {"count": 0}, "contact": {"facebook": "60501155"}, "firstName": "Selina", "gender": "female", "id": "7620242", "bio": "", "photo": {"prefix": "https://igx.4sqi.net/img/user/", "suffix": "/U353SLPV11XSGNTY.jpg"}, "homeCity": "Hong Kong", "lists": {"groups": [{"items": [], "count": 2, "type": "created"}]}}, {"tips": {"count": 3}, "contact": {"twitter": "sheehuee", "facebook": "707166603"}, "firstName": "Sharon", "gender": "female", "lastName": "Goh", "id": "387757", "bio": "", "photo": {"prefix": "https://igx.4sqi.net/img/user/", "suffix": "/HZTX34FO4HS0YQFB.jpg"}, "homeCity": "Singapore", "lists": {"groups": [{"items": [], "count": 2, "type": "created"}]}}, {"tips": {"count": 0}, "contact": {"facebook": "516142038"}, "firstName": "Au", "gender": "male", "lastName": "Da Xu", "id": "1563093", "bio": "", "photo": {"prefix": "https://igx.4sqi.net/img/user/", "suffix": "/blank_boy.png", "default": true}, "homeCity": "Singapore", "lists": {"groups": [{"items": [], "count": 2, "type": "created"}]}}, {"tips": {"count": 2}, "contact": {"twitter": "choco48", "facebook": "1914729"}, "firstName": "Win", "gender": "male", "lastName": "48", "id": "2129593", "bio": "", "photo": {"prefix": "https://igx.4sqi.net/img/user/", "suffix": "/blank_boy.png", "default": true}, "homeCity": "Jakarta Capital Region, Jakarta Capital Regi", "lists": {"groups": [{"items": [], "count": 2, "type": "created"}]}}, {"tips": {"count": 8}, "contact": {"twitter": "littleong", "facebook": "590075473"}, "firstName": "Little", "gender": "male", "lastName": "Ong", "id": "2786431", "bio": "", "photo": {"prefix": "https://igx.4sqi.net/img/user/", "suffix": "/CBBYDJ3XY0XPBWUI.jpg"}, "homeCity": "Singapore", "lists": {"groups": [{"items": [], "count": 2, "type": "created"}]}}, {"tips": {"count": 0}, "contact": {"facebook": "739499402"}, "firstName": "Nicholas", "gender": "male", "lastName": "Leong", "id": "5530502", "bio": "", "photo": {"prefix": "https://igx.4sqi.net/img/user/", "suffix": "/VMIVLMYC30JMLJVL.jpg"}, "homeCity": "Shah Alam, Malaysia", "lists": {"groups": [{"items": [], "count": 2, "type": "created"}]}}, {"tips": {"count": 0}, "contact": {"twitter": "mojowalrus", "facebook": "277701263"}, "firstName": "Arun", "gender": "male", "lastName": "Jayasimhan", "id": "11712886", "bio": "", "photo": {"prefix": "https://igx.4sqi.net/img/user/", "suffix": "/20S4QMCYUWDRPNSF.jpg"}, "homeCity": "Banting, Malaysia", "lists": {"groups": [{"items": [], "count": 2, "type": "created"}]}}, {"tips": {"count": 0}, "contact": {}, "firstName": "David", "gender": "male", "lastName": "Ting", "id": "9716168", "bio": "", "photo": {"prefix": "https://igx.4sqi.net/img/user/", "suffix": "/blank_boy.png", "default": true}, "homeCity": "Hong Kong", "lists": {"groups": [{"items": [], "count": 2, "type": "created"}]}}, {"tips": {"count": 6}, "contact": {"facebook": "676712700"}, "firstName": "Allan Connall llive", "gender": "male", "id": "8908671", "bio": "", "photo": {"prefix": "https://igx.4sqi.net/img/user/", "suffix": "/3SGESSYKSVSDZXR0.jpg"}, "homeCity": "Singapore", "lists": {"groups": [{"items": [], "count": 2, "type": "created"}]}}, {"tips": {"count": 1}, "contact": {"twitter": "zavrick", "facebook": "524090571"}, "firstName": "Zavrick", "gender": "male", "id": "2144116", "bio": "", "photo": {"prefix": "https://igx.4sqi.net/img/user/", "suffix": "/2XHQVI5HDRLY1RY4.jpg"}, "homeCity": "Singapore", "lists": {"groups": [{"items": [], "count": 3, "type": "created"}]}}, {"tips": {"count": 0}, "contact": {"facebook": "202905536"}, "firstName": "Lorraine", "gender": "female", "lastName": "Lai", "id": "2973341", "bio": "", "photo": {"prefix": "https://igx.4sqi.net/img/user/", "suffix": "/-VD0PGPTD0HDE20DG.jpg"}, "homeCity": "Singapore", "lists": {"groups": [{"items": [], "count": 3, "type": "created"}]}}, {"tips": {"count": 0}, "contact": {}, "firstName": "Fayne", "gender": "female", "lastName": "Goh", "id": "5768310", "bio": "", "photo": {"prefix": "https://igx.4sqi.net/img/user/", "suffix": "/HQJ3ZD2NM0LJGK34.jpg"}, "homeCity": "Singapore", "lists": {"groups": [{"items": [], "count": 2, "type": "created"}]}}, {"tips": {"count": 5}, "contact": {"facebook": "608037349"}, "firstName": "Sheng Xiang", "gender": "male", "lastName": "Sim", "id": "4857423", "bio": "", "photo": {"prefix": "https://igx.4sqi.net/img/user/", "suffix": "/DZOKTYPB3WHX4OZQ.jpg"}, "homeCity": "Singapore", "lists": {"groups": [{"items": [], "count": 2, "type": "created"}]}}, {"tips": {"count": 15}, "contact": {"twitter": "inesjp", "facebook": "10153306295593108"}, "firstName": "Ines", "gender": "female", "lastName": "Jimenez", "id": "3004355", "bio": "", "photo": {"prefix": "https://igx.4sqi.net/img/user/", "suffix": "/F5GN5YXZM0GVZCND.jpg"}, "homeCity": "Guadalajara, Mexico", "lists": {"groups": [{"items": [], "count": 5, "type": "created"}]}}, {"tips": {"count": 0}, "contact": {}, "firstName": "Elaine", "gender": "female", "lastName": "Lim", "id": "3226214", "bio": "", "photo": {"prefix": "https://igx.4sqi.net/img/user/", "suffix": "/ARK02YWZ0OHKQWLJ.jpg"}, "homeCity": "Singapore", "lists": {"groups": [{"items": [], "count": 2, "type": "created"}]}}, {"tips": {"count": 0}, "contact": {}, "firstName": "Joel", "gender": "male", "id": "4736387", "bio": "", "photo": {"prefix": "https://igx.4sqi.net/img/user/", "suffix": "/blank_boy.png", "default": true}, "homeCity": "Norwich, UK", "lists": {"groups": [{"items": [], "count": 2, "type": "created"}]}}, {"tips": {"count": 0}, "contact": {}, "firstName": "Paul", "gender": "male", "lastName": "Ng", "id": "8861144", "bio": "", "photo": {"prefix": "https://igx.4sqi.net/img/user/", "suffix": "/FAYURV4PD1DJ55GI.jpg"}, "homeCity": "Edmonton, Canada", "lists": {"groups": [{"items": [], "count": 2, "type": "created"}]}}], "count": 38}, "checksum": "29740474fd3bfc4d38e004940a0c47bde8da922a"}, "meta": {"requestId": "59660e9a9fb6b77b93c3c520", "code": 200}}