{"notifications": [{"type": "notificationTray", "item": {"unreadCount": 0}}], "meta": {"requestId": "5966d3831ed21962efc3e513", "code": 200}, "response": {"friends": {"count": 121, "items": [{"id": "9244616", "photo": {"prefix": "https://igx.4sqi.net/img/user/", "default": true, "suffix": "/blank_boy.png"}, "homeCity": "\u5927\u962a\u5e02\u5317\u533a, \u65e5\u672c", "contact": {}, "firstName": "\u304b", "tips": {"count": 0}, "gender": "male", "lastName": "\u3075\u30fc", "lists": {"groups": [{"count": 2, "type": "created", "items": []}]}, "bio": ""}, {"id": "7956648", "photo": {"prefix": "https://igx.4sqi.net/img/user/", "suffix": "/ZZDQOZDVXMTTFGNM.jpg"}, "homeCity": "\u65e5\u672c", "contact": {"twitter": "abdulekerim"}, "firstName": "Abdulekerim", "tips": {"count": 0}, "gender": "male", "lastName": "Abdulekerim", "lists": {"groups": [{"count": 2, "type": "created", "items": []}]}, "bio": ""}, {"id": "7856671", "photo": {"prefix": "https://igx.4sqi.net/img/user/", "suffix": "/3WIGYYUV2JTUFHV1.jpg"}, "homeCity": "\u540d\u53e4\u5c4b\u5e02, \u65e5\u672c", "contact": {"twitter": "cyosan_otokoume"}, "firstName": "\u3061\u3087", "tips": {"count": 0}, "gender": "male", "lastName": "\u3055\u3093", "lists": {"groups": [{"count": 2, "type": "created", "items": []}]}, "bio": ""}, {"id": "1379032", "photo": {"prefix": "https://igx.4sqi.net/img/user/", "suffix": "/1379032-VYGSBA2KWV2LTYQH.jpg"}, "homeCity": "\u672c\u5de3\u5e02, \u5c90\u961c\u770c", "contact": {"facebook": "1006309452777970", "twitter": "sehitos"}, "firstName": "MOTEN", "tips": {"count": 1}, "gender": "male", "lastName": "MAWEN", "lists": {"groups": [{"count": 2, "type": "created", "items": []}]}, "bio": ""}, {"id": "5691559", "photo": {"prefix": "https://igx.4sqi.net/img/user/", "suffix": "/5691559-OZ23YJVBELHQJ1U5.jpg"}, "homeCity": "\u65e5\u672c", "contact": {"twitter": "dusty_fw"}, "firstName": "A2", "tips": {"count": 0}, "gender": "male", "lists": {"groups": [{"count": 2, "type": "created", "items": []}]}, "bio": ""}, {"id": "2356265", "photo": {"prefix": "https://igx.4sqi.net/img/user/", "suffix": "/HQWSBPDZNIRYVYR3.jpg"}, "homeCity": "Tokyo", "contact": {"facebook": "100000190380573", "twitter": "punkish_b"}, "firstName": "Punkish", "tips": {"count": 0}, "gender": "male", "lastName": "B", "lists": {"groups": [{"count": 2, "type": "created", "items": []}]}, "bio": ""}, {"id": "10428347", "photo": {"prefix": "https://igx.4sqi.net/img/user/", "default": true, "suffix": "/blank_boy.png"}, "homeCity": "\u767d\u5c71\u5e02, \u65e5\u672c", "contact": {}, "firstName": "ak", "tips": {"count": 0}, "gender": "male", "lastName": "7r", "lists": {"groups": [{"count": 2, "type": "created", "items": []}]}, "bio": ""}, {"id": "438034", "photo": {"prefix": "https://igx.4sqi.net/img/user/", "suffix": "/P2OFPRDJDXDJXJL4.jpg"}, "homeCity": "Tokyo, Japan", "contact": {"twitter": "utchiiii"}, "firstName": "hiro", "tips": {"count": 4}, "gender": "male", "lastName": "S", "lists": {"groups": [{"count": 2, "type": "created", "items": []}]}, "bio": ""}, {"id": "297260", "photo": {"prefix": "https://igx.4sqi.net/img/user/", "suffix": "/DQBQHT1ZG40V0W4U.jpg"}, "homeCity": "\u6749\u4e26\u533a, \u6771\u4eac\u90fd", "contact": {"twitter": "uskez"}, "firstName": "Yu-SK", "tips": {"count": 1}, "gender": "male", "lists": {"groups": [{"count": 2, "type": "created", "items": []}]}, "bio": ""}, {"id": "9592669", "photo": {"prefix": "https://igx.4sqi.net/img/user/", "suffix": "/52ROCVGEOFUGBQFV.jpg"}, "homeCity": "\u5927\u962a\u5e02, \u65e5\u672c", "contact": {"facebook": "100001657384525", "twitter": "ryousuk"}, "firstName": "Ryousuke", "tips": {"count": 0}, "gender": "male", "lastName": "Ryousuke", "lists": {"groups": [{"count": 2, "type": "created", "items": []}]}, "bio": ""}, {"id": "998935", "photo": {"prefix": "https://igx.4sqi.net/img/user/", "suffix": "/KJR1QTOXWPPRPV3M.jpg"}, "homeCity": "\u6e0b\u8c37\u533a, \u6771\u4eac\u90fd", "contact": {}, "firstName": "\u304a\u3057\u3087\u3093", "tips": {"count": 6}, "gender": "none", "lists": {"groups": [{"count": 4, "type": "created", "items": []}]}, "bio": ""}, {"id": "23198748", "photo": {"prefix": "https://igx.4sqi.net/img/user/", "suffix": "/GOQ3CP0SYUXV1JPE.jpg"}, "homeCity": "Saitama", "contact": {"facebook": "100000737581195", "twitter": "takao4"}, "firstName": "\u30bf\u30ab\u30aa", "tips": {"count": 0}, "gender": "male", "lists": {"groups": [{"count": 2, "type": "created", "items": []}]}, "bio": ""}, {"id": "4935327", "photo": {"prefix": "https://igx.4sqi.net/img/user/", "suffix": "/4935327-RPARQ3D0RZKQPJKO.jpg"}, "homeCity": "\u5343\u4ee3\u7530\u533a, \u65e5\u672c", "contact": {"facebook": "1173369526", "twitter": "pablo_tokyo"}, "firstName": "\uf8ff pablo", "tips": {"count": 15}, "gender": "male", "lastName": "\uff08\u30d1\u30d6\u30ed\uff09", "lists": {"groups": [{"count": 2, "type": "created", "items": []}]}, "bio": ""}, {"id": "8828299", "photo": {"prefix": "https://igx.4sqi.net/img/user/", "suffix": "/ZKHHRJH0103H4CVB.jpg"}, "homeCity": "TOKYO JPN", "contact": {}, "firstName": "\u3066 \u3064 \u307e", "tips": {"count": 0}, "gender": "male", "lastName": "T2Mgp", "lists": {"groups": [{"count": 2, "type": "created", "items": []}]}, "bio": ""}, {"id": "4348289", "photo": {"prefix": "https://igx.4sqi.net/img/user/", "suffix": "/4348289_AvhyumTZ_HJX_6zhs-Cj8P2nT3c2z78ikEwGLhE2KP4NIvlfS8Ij4de7vB7MAYlmAExcZ3QSy.jpg"}, "homeCity": "Yokohama", "contact": {"facebook": "100001827678103", "twitter": "_junoworld"}, "firstName": "JUN\u00d8", "tips": {"count": 2}, "gender": "male", "lists": {"groups": [{"count": 2, "type": "created", "items": []}]}, "bio": ""}, {"id": "8045286", "photo": {"prefix": "https://igx.4sqi.net/img/user/", "suffix": "/VLLLTD1DZRXME04X.jpg"}, "homeCity": "\u65e5\u672c", "contact": {"facebook": "1297008046", "twitter": "9049"}, "firstName": "Kumasuke", "tips": {"count": 4}, "gender": "male", "lastName": "9049", "lists": {"groups": [{"count": 2, "type": "created", "items": []}]}, "bio": ""}, {"id": "20717095", "photo": {"prefix": "https://igx.4sqi.net/img/user/", "suffix": "/LNVDO0LJQRHJR1R3.jpg"}, "homeCity": "Tokyo", "contact": {"twitter": "starlights_kazu"}, "firstName": "\u304b\u305a\u3072\u308d", "tips": {"count": 0}, "gender": "none", "lists": {"groups": [{"count": 2, "type": "created", "items": []}]}, "bio": "Twi : StarLights_kazu"}, {"id": "25053211", "photo": {"prefix": "https://igx.4sqi.net/img/user/", "suffix": "/ENRI4SH1I2IOB5EH.jpg"}, "homeCity": "Tokyo", "contact": {"facebook": "100002433620509", "twitter": "marukomekm"}, "firstName": "Paul", "tips": {"count": 1}, "gender": "male", "lastName": "A", "lists": {"groups": [{"count": 2, "type": "created", "items": []}]}, "bio": ""}, {"id": "8912620", "photo": {"prefix": "https://igx.4sqi.net/img/user/", "suffix": "/4LEWQRXHYCGQIEOK.jpg"}, "homeCity": "\u65e5\u672c", "contact": {}, "firstName": "\u3068\u308c\u3068\u308c", "tips": {"count": 1}, "gender": "male", "lastName": "\u30d4\u30c1\u30d4\u30c1", "lists": {"groups": [{"count": 2, "type": "created", "items": []}]}, "bio": ""}, {"id": "6911846", "photo": {"prefix": "https://igx.4sqi.net/img/user/", "suffix": "/4CWNZJKFC345L2XG.jpg"}, "homeCity": "\u516b\u738b\u5b50, \u65e5\u672c", "contact": {"twitter": "tipo036t"}, "firstName": "BERT", "tips": {"count": 1}, "gender": "male", "lists": {"groups": [{"count": 2, "type": "created", "items": []}]}, "bio": ""}, {"id": "12573472", "photo": {"prefix": "https://igx.4sqi.net/img/user/", "suffix": "/CLC5SK3B0PTD3OSP.jpg"}, "homeCity": "\u65e5\u672c", "contact": {"facebook": "100002216634060", "twitter": "dragon1976_nob"}, "firstName": "\u30ce\u30d6", "tips": {"count": 0}, "gender": "male", "lastName": "Nob\u2642", "lists": {"groups": [{"count": 11, "type": "created", "items": []}]}, "bio": ""}]}, "checksum": "68331595265de643cba3de26d65979040a77e299"}}