{"notifications": [{"type": "notificationTray", "item": {"unreadCount": 0}}], "meta": {"requestId": "5966d383db04f528b18dafcb", "code": 200}, "response": {"friends": {"count": 121, "items": [{"id": "15944102", "photo": {"prefix": "https://igx.4sqi.net/img/user/", "suffix": "/1AML0WMDK2F0Q4KX.jpg"}, "homeCity": "Tokyo, \u65e5\u672c", "contact": {}, "firstName": "owl", "tips": {"count": 1}, "gender": "male", "lists": {"groups": [{"count": 2, "type": "created", "items": []}]}, "bio": ""}, {"id": "9420996", "photo": {"prefix": "https://igx.4sqi.net/img/user/", "suffix": "/ECW0MA0SKLGOOGCV.jpg"}, "homeCity": "\u85e4\u6ca2\u5e02, \u65e5\u672c", "contact": {}, "firstName": "taku", "tips": {"count": 0}, "gender": "male", "lists": {"groups": [{"count": 2, "type": "created", "items": []}]}, "bio": ""}, {"id": "4348289", "photo": {"prefix": "https://igx.4sqi.net/img/user/", "suffix": "/4348289_AvhyumTZ_HJX_6zhs-Cj8P2nT3c2z78ikEwGLhE2KP4NIvlfS8Ij4de7vB7MAYlmAExcZ3QSy.jpg"}, "homeCity": "Yokohama", "contact": {"facebook": "100001827678103", "twitter": "_junoworld"}, "firstName": "JUN\u00d8", "tips": {"count": 2}, "gender": "male", "lists": {"groups": [{"count": 2, "type": "created", "items": []}]}, "bio": ""}, {"id": "266057", "photo": {"prefix": "https://igx.4sqi.net/img/user/", "suffix": "/266057-0XEHLNUK24SO3PJA.jpg"}, "homeCity": "\u6587\u4eac\u533a, \u6771\u4eac\u90fd", "contact": {"facebook": "10202826103972065"}, "firstName": "MARU", "tips": {"count": 11}, "gender": "male", "lastName": "YAMA", "lists": {"groups": [{"count": 2, "type": "created", "items": []}]}, "bio": ""}, {"id": "406777", "photo": {"prefix": "https://igx.4sqi.net/img/user/", "suffix": "/RB21MZXNHVIRMCDC.jpg"}, "homeCity": "\u5927\u7530\u533a, \u6771\u4eac\u90fd", "contact": {"facebook": "754419623", "twitter": "i_heart_sf"}, "firstName": "Taku", "tips": {"count": 1}, "gender": "male", "lastName": "Hora", "lists": {"groups": [{"count": 2, "type": "created", "items": []}]}, "bio": ""}, {"id": "362121", "photo": {"prefix": "https://igx.4sqi.net/img/user/", "suffix": "/S2IZOGO1XFMBAZ53.jpg"}, "homeCity": "", "contact": {}, "firstName": "Kei", "tips": {"count": 8}, "gender": "male", "lists": {"groups": [{"count": 8, "type": "created", "items": []}]}, "bio": ""}, {"id": "7496012", "photo": {"prefix": "https://igx.4sqi.net/img/user/", "suffix": "/7496012_zDfc3Z1M_8p9ewDIPhUcDAUdAK__aJecpH9Jc1geTn6dFFGP6Sn9U55-DvvToT-4Wp74U7eCg.jpg"}, "homeCity": "Tokyo", "contact": {"facebook": "100001619753219", "twitter": "koh_cockatoo"}, "firstName": "koh", "tips": {"count": 2}, "gender": "male", "lastName": "Okada", "lists": {"groups": [{"count": 2, "type": "created", "items": []}]}, "bio": "http://www.happywaykoh.com"}, {"id": "5813503", "photo": {"prefix": "https://igx.4sqi.net/img/user/", "suffix": "/5813503-JPO3XCMKFN2N4OOP.jpg"}, "homeCity": "fukuoka,japan", "contact": {}, "firstName": "dai_kun3", "tips": {"count": 0}, "gender": "male", "lastName": ".", "lists": {"groups": [{"count": 2, "type": "created", "items": []}]}, "bio": ""}, {"id": "1379032", "photo": {"prefix": "https://igx.4sqi.net/img/user/", "suffix": "/1379032-VYGSBA2KWV2LTYQH.jpg"}, "homeCity": "\u672c\u5de3\u5e02, \u5c90\u961c\u770c", "contact": {"facebook": "1006309452777970", "twitter": "sehitos"}, "firstName": "MOTEN", "tips": {"count": 1}, "gender": "male", "lastName": "MAWEN", "lists": {"groups": [{"count": 2, "type": "created", "items": []}]}, "bio": ""}, {"id": "251658", "photo": {"prefix": "https://igx.4sqi.net/img/user/", "suffix": "/0I2MEMIPEJ2HOVQ0.jpg"}, "homeCity": "\u5343\u4ee3\u7530\u533a, \u6771\u4eac\u90fd", "contact": {"facebook": "1137926903", "twitter": "tsutomur"}, "firstName": "Tsutomu", "tips": {"count": 0}, "gender": "male", "lastName": "Kamimori", "lists": {"groups": [{"count": 2, "type": "created", "items": []}]}, "bio": ""}, {"id": "5473354", "photo": {"prefix": "https://igx.4sqi.net/img/user/", "suffix": "/J4GLT5M1PRET5KLE.jpg"}, "homeCity": "", "contact": {}, "firstName": "\u3069", "tips": {"count": 0}, "gender": "male", "lastName": "\u3089", "lists": {"groups": [{"count": 2, "type": "created", "items": []}]}, "bio": "\u30b2\u30a4\u3060\u3088"}, {"id": "2356265", "photo": {"prefix": "https://igx.4sqi.net/img/user/", "suffix": "/HQWSBPDZNIRYVYR3.jpg"}, "homeCity": "Tokyo", "contact": {"facebook": "100000190380573", "twitter": "punkish_b"}, "firstName": "Punkish", "tips": {"count": 0}, "gender": "male", "lastName": "B", "lists": {"groups": [{"count": 2, "type": "created", "items": []}]}, "bio": ""}, {"id": "5706164", "photo": {"prefix": "https://igx.4sqi.net/img/user/", "suffix": "/LUPLLLW4RLYJUHJP.jpg"}, "homeCity": "\u65e5\u672c", "contact": {"twitter": "daig36"}, "firstName": "taisuke", "tips": {"count": 0}, "gender": "male", "lastName": "nyanbaraya", "lists": {"groups": [{"count": 2, "type": "created", "items": []}]}, "bio": ""}, {"id": "438034", "photo": {"prefix": "https://igx.4sqi.net/img/user/", "suffix": "/P2OFPRDJDXDJXJL4.jpg"}, "homeCity": "Tokyo, Japan", "contact": {"twitter": "utchiiii"}, "firstName": "hiro", "tips": {"count": 4}, "gender": "male", "lastName": "S", "lists": {"groups": [{"count": 2, "type": "created", "items": []}]}, "bio": ""}, {"id": "290869", "photo": {"prefix": "https://igx.4sqi.net/img/user/", "suffix": "/290869-MDHBZZFDNUQDK2UJ.jpg"}, "homeCity": "\u6e0b\u8c37\u533a, \u6771\u4eac\u90fd", "contact": {"twitter": "pigo468"}, "firstName": "\u30eb\u30fc\u30ea\u30fc", "tips": {"count": 1}, "gender": "male", "lists": {"groups": [{"count": 2, "type": "created", "items": []}]}, "bio": ""}, {"id": "9592669", "photo": {"prefix": "https://igx.4sqi.net/img/user/", "suffix": "/52ROCVGEOFUGBQFV.jpg"}, "homeCity": "\u5927\u962a\u5e02, \u65e5\u672c", "contact": {"facebook": "100001657384525", "twitter": "ryousuk"}, "firstName": "Ryousuke", "tips": {"count": 0}, "gender": "male", "lastName": "Ryousuke", "lists": {"groups": [{"count": 2, "type": "created", "items": []}]}, "bio": ""}, {"id": "325215", "photo": {"prefix": "https://igx.4sqi.net/img/user/", "suffix": "/325215-E00MYCK4T5FFCSLY.jpg"}, "homeCity": "\u5343\u4ee3\u7530\u533a, \u6771\u4eac", "contact": {"facebook": "100002008642649", "twitter": "misondroid"}, "firstName": "miso", "tips": {"count": 14}, "gender": "male", "lists": {"groups": [{"count": 2, "type": "created", "items": []}]}, "bio": ""}, {"id": "23198748", "photo": {"prefix": "https://igx.4sqi.net/img/user/", "suffix": "/GOQ3CP0SYUXV1JPE.jpg"}, "homeCity": "Saitama", "contact": {"facebook": "100000737581195", "twitter": "takao4"}, "firstName": "\u30bf\u30ab\u30aa", "tips": {"count": 0}, "gender": "male", "lists": {"groups": [{"count": 2, "type": "created", "items": []}]}, "bio": ""}, {"id": "1561797", "photo": {"prefix": "https://igx.4sqi.net/img/user/", "suffix": "/2MAKM5Z235HKQT4D.jpg"}, "homeCity": "\u5927\u962a\u5e02.\u5317\u533a", "contact": {"twitter": "nasuxu"}, "firstName": "Nasu", "tips": {"count": 1}, "gender": "male", "lists": {"groups": [{"count": 2, "type": "created", "items": []}]}, "bio": ""}, {"id": "9214359", "photo": {"prefix": "https://igx.4sqi.net/img/user/", "suffix": "/LEFSR3WZ2DFWVG0S.jpg"}, "homeCity": "\u5883\u6e2f\u5e02, \u65e5\u672c", "contact": {"facebook": "100002604790929", "twitter": "youreyesonly06"}, "firstName": "youreyesonly", "tips": {"count": 0}, "gender": "male", "lastName": "06", "lists": {"groups": [{"count": 2, "type": "created", "items": []}]}, "bio": ""}, {"id": "1510441", "photo": {"prefix": "https://igx.4sqi.net/img/user/", "suffix": "/TN0GQPQBLAI3REO5.jpg"}, "homeCity": "", "contact": {"facebook": "100001842503762", "twitter": "ekusned_densuke"}, "firstName": "\u3067\u3093\u3059\u3051", "tips": {"count": 2}, "gender": "male", "lastName": ".", "lists": {"groups": [{"count": 2, "type": "created", "items": []}]}, "bio": ""}, {"id": "2697858", "photo": {"prefix": "https://igx.4sqi.net/img/user/", "suffix": "/YJCMBNOSE1CA4OOE.jpg"}, "homeCity": "\u65e5\u672c", "contact": {"facebook": "100001624730570", "twitter": "hryk512"}, "firstName": "hryk512", "tips": {"count": 0}, "gender": "male", "lists": {"groups": [{"count": 2, "type": "created", "items": []}]}, "bio": ""}, {"id": "32713328", "photo": {"prefix": "https://igx.4sqi.net/img/user/", "suffix": "/TX453XOODUY4YRV0.jpg"}, "homeCity": "Japan", "contact": {}, "firstName": "\u890c", "tips": {"count": 0}, "gender": "male", "lastName": "\u592a\u90ce", "lists": {"groups": [{"count": 2, "type": "created", "items": []}]}, "bio": ""}, {"id": "143827087", "photo": {"prefix": "https://igx.4sqi.net/img/user/", "suffix": "/143827087-FMRUH55O2NOD2AXP.jpg"}, "homeCity": "Yaizu, Shizuoka", "contact": {"facebook": "755900971223445", "twitter": "much_8986"}, "firstName": "muchii", "tips": {"count": 0}, "gender": "male", "lastName": "4649", "lists": {"groups": [{"count": 2, "type": "created", "items": []}]}, "bio": ""}, {"id": "18424695", "photo": {"prefix": "https://igx.4sqi.net/img/user/", "suffix": "/18424695-44EDXV45JU4KAG2J.jpg"}, "homeCity": "\u798f\u5ca1, \u65e5\u672c", "contact": {"twitter": "shin75_f"}, "firstName": "shin", "tips": {"count": 0}, "gender": "male", "lists": {"groups": [{"count": 2, "type": "created", "items": []}]}, "bio": ""}, {"id": "15812866", "photo": {"prefix": "https://igx.4sqi.net/img/user/", "suffix": "/15812866-OBSNLLRULY0YKERY.jpg"}, "homeCity": "\u57fc\u7389\u770c\uff0c\u65e5\u672c", "contact": {"twitter": "yas_tai"}, "firstName": "\u30e4\u30b9", "tips": {"count": 1}, "gender": "male", "lastName": "\u305f\u3044", "lists": {"groups": [{"count": 2, "type": "created", "items": []}]}, "bio": ""}, {"id": "4838740", "photo": {"prefix": "https://igx.4sqi.net/img/user/", "suffix": "/20A4BNWNFI5QXRCK.jpg"}, "homeCity": "\u6749\u4e26\u533a, \u65e5\u672c", "contact": {"twitter": "takerun1026"}, "firstName": "takerun1026", "tips": {"count": 0}, "gender": "male", "lists": {"groups": [{"count": 2, "type": "created", "items": []}]}, "bio": ""}, {"id": "273953", "photo": {"prefix": "https://igx.4sqi.net/img/user/", "suffix": "/X3VXZDDMXBBU52PU.jpg"}, "homeCity": "\u6e0b\u8c37\u533a, \u6771\u4eac\u90fd", "contact": {"facebook": "100001052643069", "twitter": "ichihirou"}, "firstName": "ichihirou", "tips": {"count": 0}, "gender": "male", "lists": {"groups": [{"count": 2, "type": "created", "items": []}]}, "bio": ""}, {"id": "9244616", "photo": {"prefix": "https://igx.4sqi.net/img/user/", "default": true, "suffix": "/blank_boy.png"}, "homeCity": "\u5927\u962a\u5e02\u5317\u533a, \u65e5\u672c", "contact": {}, "firstName": "\u304b", "tips": {"count": 0}, "gender": "male", "lastName": "\u3075\u30fc", "lists": {"groups": [{"count": 2, "type": "created", "items": []}]}, "bio": ""}, {"id": "368692", "photo": {"prefix": "https://igx.4sqi.net/img/user/", "suffix": "/-BHZCSMWZ0NXMC04A.png"}, "homeCity": "\u90fd\u5cf6\u533a, \u5927\u962a\u5e02", "contact": {"facebook": "100002120538659", "twitter": "changchenyue"}, "firstName": "changchenyue", "tips": {"count": 0}, "gender": "male", "lists": {"groups": [{"count": 2, "type": "created", "items": []}]}, "bio": ""}, {"id": "7648463", "photo": {"prefix": "https://igx.4sqi.net/img/user/", "suffix": "/55M2NMRVPV3ZJZZ2.jpg"}, "homeCity": "\u6a2a\u6d5c\u5e02, \u65e5\u672c", "contact": {"facebook": "1803936893", "twitter": "zipless404"}, "firstName": "Mage", "tips": {"count": 2}, "gender": "male", "lastName": "Hide", "lists": {"groups": [{"count": 2, "type": "created", "items": []}]}, "bio": ""}, {"id": "5813596", "photo": {"prefix": "https://igx.4sqi.net/img/user/", "suffix": "/DLBYG0HKB0YRM0UD.jpg"}, "homeCity": "\u65b0\u5bbf\u533a, \u65e5\u672c", "contact": {"twitter": "pyuga2000"}, "firstName": "\u3074\u3085\u3046", "tips": {"count": 0}, "gender": "male", "lists": {"groups": [{"count": 2, "type": "created", "items": []}]}, "bio": ""}, {"id": "54501077", "photo": {"prefix": "https://igx.4sqi.net/img/user/", "suffix": "/NT0PBMR4EI5WL4KA.jpg"}, "homeCity": "Tokyo, 40", "contact": {"twitter": "sa388350"}, "firstName": "\u751f\u79cb\u3055\u3051", "tips": {"count": 5}, "gender": "none", "lastName": "\u5207\u8eab", "lists": {"groups": [{"count": 3, "type": "created", "items": []}]}, "bio": ""}, {"id": "22581310", "photo": {"prefix": "https://igx.4sqi.net/img/user/", "suffix": "/AUWUWVR5TBE4IT0X.jpg"}, "homeCity": "Narimasu", "contact": {"twitter": "tknr1973"}, "firstName": "tk", "tips": {"count": 3}, "gender": "male", "lastName": "nori", "lists": {"groups": [{"count": 2, "type": "created", "items": []}]}, "bio": "\u5bb6\u96fb\u30b2\u30a4\u4eba"}, {"id": "5544188", "photo": {"prefix": "https://igx.4sqi.net/img/user/", "suffix": "/FUQZH4DDQEWZJIMJ.jpg"}, "homeCity": "\u5927\u962a\u5e02\u5317\u533a, \u65e5\u672c", "contact": {"facebook": "100006112901239", "twitter": "d9clover"}, "firstName": "daichi", "tips": {"count": 0}, "gender": "male", "lists": {"groups": [{"count": 2, "type": "created", "items": []}]}, "bio": ""}, {"id": "43831136", "photo": {"prefix": "https://igx.4sqi.net/img/user/", "suffix": "/WQV44JZCW5KWVLAI.jpg"}, "homeCity": "Saitama", "contact": {"facebook": "100002627345261"}, "firstName": "Go", "tips": {"count": 0}, "gender": "male", "lastName": "Nagakura", "lists": {"groups": [{"count": 2, "type": "created", "items": []}]}, "bio": ""}, {"id": "6679923", "photo": {"prefix": "https://igx.4sqi.net/img/user/", "suffix": "/KHCWRAJ3FUYVW3JJ.jpg"}, "homeCity": "\u65b0\u5e97\u5e02, Taiwan", "contact": {"facebook": "1464807310201548", "twitter": "tibetkid"}, "firstName": "Louis", "tips": {"count": 5}, "gender": "male", "lists": {"groups": [{"count": 2, "type": "created", "items": []}]}, "bio": ""}, {"id": "446307", "photo": {"prefix": "https://igx.4sqi.net/img/user/", "suffix": "/446307-AUKXZE03OLTI0XGK.jpg"}, "homeCity": "Saitama, Japan", "contact": {"twitter": "tbozu"}, "firstName": "Tbozu", "tips": {"count": 1}, "gender": "male", "lists": {"groups": [{"count": 2, "type": "created", "items": []}]}, "bio": ""}, {"id": "297260", "photo": {"prefix": "https://igx.4sqi.net/img/user/", "suffix": "/DQBQHT1ZG40V0W4U.jpg"}, "homeCity": "\u6749\u4e26\u533a, \u6771\u4eac\u90fd", "contact": {"twitter": "uskez"}, "firstName": "Yu-SK", "tips": {"count": 1}, "gender": "male", "lists": {"groups": [{"count": 2, "type": "created", "items": []}]}, "bio": ""}, {"id": "15152643", "photo": {"prefix": "https://igx.4sqi.net/img/user/", "suffix": "/JVTPPFJ1OWP5G4SP.jpg"}, "homeCity": "\u65e5\u672c", "contact": {"facebook": "100002067474680", "twitter": "matthew_detune"}, "firstName": "Matthew", "tips": {"count": 0}, "gender": "male", "lastName": "Detune", "lists": {"groups": [{"count": 2, "type": "created", "items": []}]}, "bio": "\u5927\u962a\u306e\uff80\uff8e\uff70\u300d\uff81\uff77\u30fb\u3067\u3059\u3002\r\n\u610f\u5916\u3068\u307e\u3057\u3085\u3063\u3066\u307e\u3059\u3002\u3042\u306a\u305f\u304c\u601d\u3046\u3088\u308a\u3082\u305a\u3063\u3068\u79c1\u306f\u307e\u3057\u3085\u3063\u3066\u307e\u3059\u3002\r\n\u30bf\u30f3\u30dd\u30dd\u653e\u706b\u8f9b\u3044\uff72\uff68\uff68\uff94\uff67\uff67\uff71\uff71\uff6f!! \r\n\uff78\uff99\uff78\uff99\uff78\uff99...\uff3c\u2369\u20dd\uff0f\uff8a\uff9f\uff6f!!"}, {"id": "392413", "photo": {"prefix": "https://igx.4sqi.net/img/user/", "suffix": "/Y5WG4QG2QBYO3EBU.jpg"}, "homeCity": "\u4e16\u7530\u8c37\u533a, \u6771\u4eac\u90fd", "contact": {"twitter": "buzzzz1970"}, "firstName": "buzzzz1970", "tips": {"count": 10}, "gender": "male", "lists": {"groups": [{"count": 6, "type": "created", "items": []}]}, "bio": ""}, {"id": "74922583", "photo": {"prefix": "https://igx.4sqi.net/img/user/", "suffix": "/74922583-E435MHI2IU5HEPLK.jpg"}, "homeCity": "Tokyo", "contact": {}, "firstName": "\u3042\u304d\u3089", "tips": {"count": 0}, "gender": "male", "lists": {"groups": [{"count": 2, "type": "created", "items": []}]}, "bio": ""}, {"id": "1773566", "photo": {"prefix": "https://igx.4sqi.net/img/user/", "suffix": "/1773566_R-Tk-xa6_bqKK2N5aIY59XzyAgfOWq1d4YgNzpkEB9QAPzQsK25H_jVpxLgNumumlAEnsTtX4.jpg"}, "homeCity": "\u6a2a\u6d5c\u5e02\u6e2f\u5317\u533a, \u65e5\u672c", "contact": {"facebook": "284452645334861", "twitter": "comagoma"}, "firstName": "goma", "tips": {"count": 4}, "gender": "male", "lastName": "coma", "lists": {"groups": [{"count": 3, "type": "created", "items": []}]}, "bio": ""}, {"id": "31507661", "photo": {"prefix": "https://igx.4sqi.net/img/user/", "suffix": "/4K4HJ2CJFYI0QVEG.jpg"}, "homeCity": "\u611b\u77e5\u770c", "contact": {"facebook": "1576602231", "twitter": "keikun55"}, "firstName": "\u5553\u8cc7", "tips": {"count": 2}, "gender": "male", "lastName": "\u5927\u7027", "lists": {"groups": [{"count": 2, "type": "created", "items": []}]}, "bio": ""}, {"id": "2021131", "photo": {"prefix": "https://igx.4sqi.net/img/user/", "suffix": "/FYPEPCHLKPOB3T1V.jpg"}, "homeCity": "\u5927\u962a\u5e02, \u5927\u962a\u5e9c", "contact": {}, "firstName": "nrmn", "tips": {"count": 0}, "gender": "male", "lastName": "nrnr", "lists": {"groups": [{"count": 2, "type": "created", "items": []}]}, "bio": ""}, {"id": "2870520", "photo": {"prefix": "https://igx.4sqi.net/img/user/", "suffix": "/23LSDFUJ40G40UUV.jpg"}, "homeCity": "\u6771\u4eac\u90fd, \u65e5\u672c", "contact": {"facebook": "100001431241597", "twitter": "kumahei"}, "firstName": "Kumahei", "tips": {"count": 0}, "gender": "male", "lastName": "Fuzakura", "lists": {"groups": [{"count": 2, "type": "created", "items": []}]}, "bio": ""}, {"id": "33403305", "photo": {"prefix": "https://igx.4sqi.net/img/user/", "suffix": "/33403305-JLVH41TNZQ0FKJYE.jpg"}, "homeCity": "Subic", "contact": {}, "firstName": "Choi", "tips": {"count": 1}, "gender": "male", "lastName": "Li", "lists": {"groups": [{"count": 2, "type": "created", "items": []}]}, "bio": ""}, {"id": "162381176", "photo": {"prefix": "https://igx.4sqi.net/img/user/", "suffix": "/162381176-THSMKLXVX1VIPRMK.jpg"}, "homeCity": "Tokyo, 40", "contact": {"twitter": "ochiochi666"}, "firstName": "ochi", "tips": {"count": 0}, "gender": "male", "lastName": "ochi", "lists": {"groups": [{"count": 2, "type": "created", "items": []}]}, "bio": ""}, {"id": "19798905", "photo": {"prefix": "https://igx.4sqi.net/img/user/", "suffix": "/19798905-XM0RHNI51FFJTTUU.jpg"}, "homeCity": "\u6771\u4eac, \u65e5\u672c", "contact": {"facebook": "100001135209593", "twitter": "tore_bitch"}, "firstName": "\u3068\u308c", "tips": {"count": 1}, "gender": "male", "lastName": "\u30d4\u30c1", "lists": {"groups": [{"count": 2, "type": "created", "items": []}]}, "bio": ""}, {"id": "28107574", "photo": {"prefix": "https://igx.4sqi.net/img/user/", "suffix": "/10TDXVP3ZPIF5MYY.jpg"}, "homeCity": "Tokyo", "contact": {"facebook": "100003785761669", "twitter": "b_airway"}, "firstName": "zhao", "tips": {"count": 0}, "gender": "male", "lastName": "bo", "lists": {"groups": [{"count": 2, "type": "created", "items": []}]}, "bio": ""}, {"id": "4887790", "photo": {"prefix": "https://igx.4sqi.net/img/user/", "suffix": "/4887790-ZGM4RT2LRZ3A145Q.jpg"}, "homeCity": "Tokyo,Japan", "contact": {}, "firstName": "Diver", "tips": {"count": 94}, "gender": "male", "lastName": "K", "lists": {"groups": [{"count": 3, "type": "created", "items": []}]}, "bio": ""}, {"id": "275129", "photo": {"prefix": "https://igx.4sqi.net/img/user/", "suffix": "/275129-XM252I1Y5VJXB3XY.jpg"}, "homeCity": "\u6e2f\u533a, \u6771\u4eac", "contact": {}, "firstName": "Bananatarte", "tips": {"count": 6}, "gender": "male", "lastName": "N", "lists": {"groups": [{"count": 11, "type": "created", "items": []}]}, "bio": ""}, {"id": "28162533", "photo": {"prefix": "https://igx.4sqi.net/img/user/", "suffix": "/28162533-PTDFJGMJ44BBZ3DY.jpg"}, "homeCity": "Tokyo", "contact": {"facebook": "100003890585037", "twitter": "tatatanoli"}, "firstName": "\u306e\u308a", "tips": {"count": 0}, "gender": "male", "lastName": "\u305f\u307e\u3053", "lists": {"groups": [{"count": 2, "type": "created", "items": []}]}, "bio": ""}, {"id": "11418086", "photo": {"prefix": "https://igx.4sqi.net/img/user/", "suffix": "/RC2OXTXPMYQ0M0EQ.jpg"}, "homeCity": "\u5927\u962a\u5e02\u90fd\u5cf6\u533a, \u65e5\u672c", "contact": {"facebook": "100000562332923", "twitter": "osaboo"}, "firstName": "osaboo", "tips": {"count": 3}, "gender": "male", "lists": {"groups": [{"count": 2, "type": "created", "items": []}]}, "bio": ""}, {"id": "7956648", "photo": {"prefix": "https://igx.4sqi.net/img/user/", "suffix": "/ZZDQOZDVXMTTFGNM.jpg"}, "homeCity": "\u65e5\u672c", "contact": {"twitter": "abdulekerim"}, "firstName": "Abdulekerim", "tips": {"count": 0}, "gender": "male", "lastName": "Abdulekerim", "lists": {"groups": [{"count": 2, "type": "created", "items": []}]}, "bio": ""}, {"id": "7513198", "photo": {"prefix": "https://igx.4sqi.net/img/user/", "suffix": "/P4LG3WX230RJ3LCU.jpg"}, "homeCity": "\u6e0b\u8c37\u533a, \u65e5\u672c", "contact": {"twitter": "hiro_mitz"}, "firstName": "HIRO", "tips": {"count": 0}, "gender": "male", "lastName": "\u2606", "lists": {"groups": [{"count": 2, "type": "created", "items": []}]}, "bio": ""}, {"id": "128636256", "photo": {"prefix": "https://igx.4sqi.net/img/user/", "suffix": "/128636256-2Z3DRCZ1KJU34EQO.jpg"}, "homeCity": "Okinawa, Okinawa", "contact": {"facebook": "1583517038583907", "twitter": "m7chibe"}, "firstName": "\u7adc", "tips": {"count": 0}, "gender": "male", "lastName": "\u4e00\u6210", "lists": {"groups": [{"count": 2, "type": "created", "items": []}]}, "bio": ""}, {"id": "5637583", "photo": {"prefix": "https://igx.4sqi.net/img/user/", "suffix": "/5TMUE0L2XR0QMK5P.jpg"}, "homeCity": "New York, NY", "contact": {"twitter": "osal3"}, "firstName": "Dai", "tips": {"count": 0}, "gender": "male", "lists": {"groups": [{"count": 2, "type": "created", "items": []}]}, "bio": ""}, {"id": "43961413", "photo": {"prefix": "https://igx.4sqi.net/img/user/", "suffix": "/GIXCS0SUBXFXUPJU.jpg"}, "homeCity": "Osaka", "contact": {"facebook": "912207222143388", "twitter": "urochy"}, "firstName": "Olici Ina", "tips": {"count": 11}, "gender": "male", "lastName": "Takan", "lists": {"groups": [{"count": 2, "type": "created", "items": []}]}, "bio": "I believe in my destiny."}, {"id": "10428347", "photo": {"prefix": "https://igx.4sqi.net/img/user/", "default": true, "suffix": "/blank_boy.png"}, "homeCity": "\u767d\u5c71\u5e02, \u65e5\u672c", "contact": {}, "firstName": "ak", "tips": {"count": 0}, "gender": "male", "lastName": "7r", "lists": {"groups": [{"count": 2, "type": "created", "items": []}]}, "bio": ""}, {"id": "3914360", "photo": {"prefix": "https://igx.4sqi.net/img/user/", "suffix": "/N32GBAA0AH3VEVP4.jpg"}, "homeCity": "\u65e5\u672c", "contact": {}, "firstName": "meru", "tips": {"count": 0}, "gender": "male", "lastName": "bokulife", "lists": {"groups": [{"count": 2, "type": "created", "items": []}]}, "bio": ""}, {"id": "314386", "photo": {"prefix": "https://igx.4sqi.net/img/user/", "suffix": "/E5QTYJAKSJW0ABH5.jpg"}, "homeCity": "\u4e2d\u91ce\u533a, \u6771\u4eac\u90fd", "contact": {"twitter": "speedy_car"}, "firstName": "Speedy", "tips": {"count": 4}, "gender": "male", "lastName": "Car", "lists": {"groups": [{"count": 2, "type": "created", "items": []}]}, "bio": ""}, {"id": "62957823", "photo": {"prefix": "https://igx.4sqi.net/img/user/", "suffix": "/62957823-EKEVIFGXH0GQZBND.jpg"}, "homeCity": "\u9577\u91ce\u770c", "contact": {"twitter": "masato6312"}, "firstName": "\uff34\uff41\uff4e\uff41\uff4b\uff41", "tips": {"count": 4}, "gender": "male", "lastName": "\uff2d\uff41\uff53\uff41\uff48\uff49\uff54\uff4f", "lists": {"groups": [{"count": 3, "type": "created", "items": []}]}, "bio": ""}, {"id": "998935", "photo": {"prefix": "https://igx.4sqi.net/img/user/", "suffix": "/KJR1QTOXWPPRPV3M.jpg"}, "homeCity": "\u6e0b\u8c37\u533a, \u6771\u4eac\u90fd", "contact": {}, "firstName": "\u304a\u3057\u3087\u3093", "tips": {"count": 6}, "gender": "none", "lists": {"groups": [{"count": 4, "type": "created", "items": []}]}, "bio": ""}, {"id": "4935327", "photo": {"prefix": "https://igx.4sqi.net/img/user/", "suffix": "/4935327-RPARQ3D0RZKQPJKO.jpg"}, "homeCity": "\u5343\u4ee3\u7530\u533a, \u65e5\u672c", "contact": {"facebook": "1173369526", "twitter": "pablo_tokyo"}, "firstName": "\uf8ff pablo", "tips": {"count": 15}, "gender": "male", "lastName": "\uff08\u30d1\u30d6\u30ed\uff09", "lists": {"groups": [{"count": 2, "type": "created", "items": []}]}, "bio": ""}, {"id": "85035094", "photo": {"prefix": "https://igx.4sqi.net/img/user/", "suffix": "/85035094_17cvgpKH_3jslYT42H9piIQRCYwb3Yv5B_3EMZkf5nvu8qPsoAa1U1nPoMd2roH1hPXq4SvCF.jpg"}, "homeCity": "Tokyo, T\u014dky\u014d-to", "contact": {"facebook": "100006937231674", "twitter": "shinchan_tko"}, "firstName": "shinchan@", "tips": {"count": 2}, "gender": "male", "lists": {"groups": [{"count": 2, "type": "created", "items": []}]}, "bio": ""}, {"id": "4200755", "photo": {"prefix": "https://igx.4sqi.net/img/user/", "suffix": "/RRL323VLAZ3BR1JF.jpg"}, "homeCity": "Kyoto", "contact": {"twitter": "surf634"}, "firstName": "Musashi", "tips": {"count": 0}, "gender": "male", "lists": {"groups": [{"count": 2, "type": "created", "items": []}]}, "bio": ""}, {"id": "3297471", "photo": {"prefix": "https://igx.4sqi.net/img/user/", "suffix": "/TFIOSD4BU22PSORB.jpg"}, "homeCity": "\u65b0\u5bbf\u533a, \u65e5\u672c", "contact": {}, "firstName": "Baloo", "tips": {"count": 4}, "gender": "male", "lastName": "Baloo", "lists": {"groups": [{"count": 2, "type": "created", "items": []}]}, "bio": ""}, {"id": "39078340", "photo": {"prefix": "https://igx.4sqi.net/img/user/", "suffix": "/39078340_1mnSfdaG_WxMyLvgZBiORdy-6h5b2zCysH_cNFvMRe1jIpP0YPtOe7PgQTkMS_SagH9u7Yaf7.jpg"}, "homeCity": "\u8328\u57ce\u301c\u90fd\u5185", "contact": {"facebook": "100004647969426", "twitter": "puch818"}, "firstName": "\u3071\u3093\u00a9", "tips": {"count": 2}, "gender": "male", "lists": {"groups": [{"count": 4, "type": "created", "items": []}]}, "bio": "\u53cb\u3060\u3061100\u4eba\u3067\u304d\u308b\u304b\u306a\u3002"}, {"id": "34705831", "photo": {"prefix": "https://igx.4sqi.net/img/user/", "suffix": "/GDNITACR03CFAVZ0.jpg"}, "homeCity": "\u5927\u962a", "contact": {"facebook": "100004063176092"}, "firstName": "jac", "tips": {"count": 0}, "gender": "male", "lastName": "0323", "lists": {"groups": [{"count": 2, "type": "created", "items": []}]}, "bio": ""}, {"id": "6236326", "photo": {"prefix": "https://igx.4sqi.net/img/user/", "suffix": "/TRSIONH2NJQP3AFJ.gif"}, "homeCity": "TOKYO", "contact": {"facebook": "100001718827532", "twitter": "oh_garu_0517"}, "firstName": "Yohsuke", "tips": {"count": 1}, "gender": "male", "lastName": "Garu", "lists": {"groups": [{"count": 2, "type": "created", "items": []}]}, "bio": ""}, {"id": "279433", "photo": {"prefix": "https://igx.4sqi.net/img/user/", "suffix": "/G2YVNZI2M3WA5Q1F.jpg"}, "homeCity": "tokyo, japan", "contact": {"twitter": "you_yan"}, "firstName": "Youya", "tips": {"count": 4}, "gender": "male", "lastName": "I", "lists": {"groups": [{"count": 2, "type": "created", "items": []}]}, "bio": ""}, {"id": "25508158", "photo": {"prefix": "https://igx.4sqi.net/img/user/", "suffix": "/25508158-P3SAZ3O2422MJHAC.jpg"}, "homeCity": "Tokyo,JP", "contact": {}, "firstName": "\u304b\u305a\u3084\u3093", "tips": {"count": 6}, "gender": "male", "lastName": "\u51f8", "lists": {"groups": [{"count": 2, "type": "created", "items": []}]}, "bio": ""}, {"id": "10044913", "photo": {"prefix": "https://igx.4sqi.net/img/user/", "suffix": "/UD4YXKOMXHFCCLBT.jpg"}, "homeCity": "\u65e5\u672c", "contact": {"facebook": "706664933", "twitter": "soisaburo"}, "firstName": "soi\u2606", "tips": {"count": 0}, "gender": "male", "lastName": "saburo", "lists": {"groups": [{"count": 2, "type": "created", "items": []}]}, "bio": ""}, {"id": "7856671", "photo": {"prefix": "https://igx.4sqi.net/img/user/", "suffix": "/3WIGYYUV2JTUFHV1.jpg"}, "homeCity": "\u540d\u53e4\u5c4b\u5e02, \u65e5\u672c", "contact": {"twitter": "cyosan_otokoume"}, "firstName": "\u3061\u3087", "tips": {"count": 0}, "gender": "male", "lastName": "\u3055\u3093", "lists": {"groups": [{"count": 2, "type": "created", "items": []}]}, "bio": ""}, {"id": "150770000", "photo": {"prefix": "https://igx.4sqi.net/img/user/", "suffix": "/150770000-MRZAJVY3OADA3GGH.jpg"}, "homeCity": "Tokyo, T\u014dky\u014d", "contact": {"twitter": "n_kei"}, "firstName": "K", "tips": {"count": 0}, "gender": "male", "lastName": "N", "lists": {"groups": [{"count": 2, "type": "created", "items": []}]}, "bio": ""}, {"id": "5691559", "photo": {"prefix": "https://igx.4sqi.net/img/user/", "suffix": "/5691559-OZ23YJVBELHQJ1U5.jpg"}, "homeCity": "\u65e5\u672c", "contact": {"twitter": "dusty_fw"}, "firstName": "A2", "tips": {"count": 0}, "gender": "male", "lists": {"groups": [{"count": 2, "type": "created", "items": []}]}, "bio": ""}, {"id": "144615176", "photo": {"prefix": "https://igx.4sqi.net/img/user/", "suffix": "/144615176-TGOVHCCZCLTEUH0Q.jpg"}, "homeCity": "Taipei, Taiwan", "contact": {"facebook": "10154394252438228"}, "firstName": "Justin", "tips": {"count": 20}, "gender": "male", "lastName": "Wang", "lists": {"groups": [{"count": 2, "type": "created", "items": []}]}, "bio": ""}, {"id": "11510175", "photo": {"prefix": "https://igx.4sqi.net/img/user/", "suffix": "/OPW1GJCB5REASEIJ.jpg"}, "homeCity": "\u6771\u4eac\u90fd, \u65e5\u672c", "contact": {"facebook": "100001991955047", "twitter": "nao1965"}, "firstName": "NAOKi", "tips": {"count": 0}, "gender": "male", "lists": {"groups": [{"count": 2, "type": "created", "items": []}]}, "bio": ""}, {"id": "25053211", "photo": {"prefix": "https://igx.4sqi.net/img/user/", "suffix": "/ENRI4SH1I2IOB5EH.jpg"}, "homeCity": "Tokyo", "contact": {"facebook": "100002433620509", "twitter": "marukomekm"}, "firstName": "Paul", "tips": {"count": 1}, "gender": "male", "lastName": "A", "lists": {"groups": [{"count": 2, "type": "created", "items": []}]}, "bio": ""}, {"id": "127723948", "photo": {"prefix": "https://igx.4sqi.net/img/user/", "suffix": "/127723948-LZTQIR4X4FOVLH5B.jpg"}, "homeCity": "Yokohama,", "contact": {"twitter": "69riku69"}, "firstName": "69", "tips": {"count": 4}, "gender": "male", "lastName": "\u9678", "lists": {"groups": [{"count": 2, "type": "created", "items": []}]}, "bio": "\u8a2d\u5099\u5c4b\u3055\u3093\u306e\u304a\u624b\u4f1d\u3044"}, {"id": "8912620", "photo": {"prefix": "https://igx.4sqi.net/img/user/", "suffix": "/4LEWQRXHYCGQIEOK.jpg"}, "homeCity": "\u65e5\u672c", "contact": {}, "firstName": "\u3068\u308c\u3068\u308c", "tips": {"count": 1}, "gender": "male", "lastName": "\u30d4\u30c1\u30d4\u30c1", "lists": {"groups": [{"count": 2, "type": "created", "items": []}]}, "bio": ""}, {"id": "21119623", "photo": {"prefix": "https://igx.4sqi.net/img/user/", "suffix": "/S3UCNDBTEWLWV4JW.jpg"}, "homeCity": "Tokyo", "contact": {"twitter": "miel_honey"}, "firstName": "You", "tips": {"count": 0}, "gender": "male", "lists": {"groups": [{"count": 2, "type": "created", "items": []}]}, "bio": ""}, {"id": "87432330", "photo": {"prefix": "https://igx.4sqi.net/img/user/", "suffix": "/87432330-EXKDLMGRSV1JQV30.jpg"}, "homeCity": "Singapore", "contact": {"facebook": "888295594"}, "firstName": "Ricky Law", "tips": {"count": 0}, "gender": "male", "lastName": "Manlok", "lists": {"groups": [{"count": 2, "type": "created", "items": []}]}, "bio": ""}, {"id": "4743313", "photo": {"prefix": "https://igx.4sqi.net/img/user/", "suffix": "/NJA2WELVUMUKTKQJ.jpg"}, "homeCity": "", "contact": {"twitter": "yass_yass"}, "firstName": "yass", "tips": {"count": 0}, "gender": "male", "lists": {"groups": [{"count": 2, "type": "created", "items": []}]}, "bio": ""}, {"id": "6346225", "photo": {"prefix": "https://igx.4sqi.net/img/user/", "suffix": "/4T5VXEML3KS1TOS5.jpg"}, "homeCity": "Tokyo, Japan", "contact": {"facebook": "100000894254083", "twitter": "mt_nz"}, "firstName": "m_t", "tips": {"count": 0}, "gender": "male", "lists": {"groups": [{"count": 2, "type": "created", "items": []}]}, "bio": ""}, {"id": "6911846", "photo": {"prefix": "https://igx.4sqi.net/img/user/", "suffix": "/4CWNZJKFC345L2XG.jpg"}, "homeCity": "\u516b\u738b\u5b50, \u65e5\u672c", "contact": {"twitter": "tipo036t"}, "firstName": "BERT", "tips": {"count": 1}, "gender": "male", "lists": {"groups": [{"count": 2, "type": "created", "items": []}]}, "bio": ""}, {"id": "280181", "photo": {"prefix": "https://igx.4sqi.net/img/user/", "suffix": "/FWDLXSIZUQBY5UGP.jpg"}, "homeCity": "\u5317\u533a, \u6771\u4eac\u90fd", "contact": {}, "firstName": "hiropage", "tips": {"count": 1}, "gender": "male", "lastName": "kitagawa", "lists": {"groups": [{"count": 2, "type": "created", "items": []}]}, "bio": ""}, {"id": "39774898", "photo": {"prefix": "https://igx.4sqi.net/img/user/", "suffix": "/0HJV5PBMJAGBTELO.jpg"}, "homeCity": "tokyo,JP", "contact": {}, "firstName": "bo_", "tips": {"count": 13}, "gender": "male", "lastName": "kaji", "lists": {"groups": [{"count": 6, "type": "created", "items": []}]}, "bio": ""}, {"id": "10862960", "photo": {"prefix": "https://igx.4sqi.net/img/user/", "suffix": "/10862960-JM2JNZXRN5ZDAARM.jpg"}, "homeCity": "\u3068\u3061\u304e", "contact": {}, "firstName": "Sinacheek", "tips": {"count": 300}, "superuser": 6, "gender": "male", "lastName": "by Niagara Heartly", "lists": {"groups": [{"count": 37, "type": "created", "items": []}]}, "bio": "\u4e3b\u306b\u5b87\u90fd\u5bae\u3042\u305f\u308a\u3092\u30a6\u30ed\u30a6\u30ed\u3057\u3066\u3044\u307e\u3059\u3002"}, {"id": "8045286", "photo": {"prefix": "https://igx.4sqi.net/img/user/", "suffix": "/VLLLTD1DZRXME04X.jpg"}, "homeCity": "\u65e5\u672c", "contact": {"facebook": "1297008046", "twitter": "9049"}, "firstName": "Kumasuke", "tips": {"count": 4}, "gender": "male", "lastName": "9049", "lists": {"groups": [{"count": 2, "type": "created", "items": []}]}, "bio": ""}, {"id": "9564130", "photo": {"prefix": "https://igx.4sqi.net/img/user/", "suffix": "/JJI2NNUZV2EXSVKR.jpg"}, "homeCity": "\u6c5f\u6771\u533a, \u65e5\u672c", "contact": {"facebook": "100002232921518", "twitter": "higeta"}, "firstName": "\u65e5\u4e0b\u7530", "tips": {"count": 0}, "gender": "male", "lastName": "\u6cbb\u4e45", "lists": {"groups": [{"count": 2, "type": "created", "items": []}]}, "bio": ""}, {"id": "30927043", "photo": {"prefix": "https://igx.4sqi.net/img/user/", "suffix": "/30927043-JDFZWMVISWCKBDUL.jpg"}, "homeCity": "\u3044\u3070\u3089\u304d", "contact": {"twitter": "higedaruma86"}, "firstName": "\u30cf\u30eb", "tips": {"count": 0}, "gender": "none", "lastName": "\u30ad\u30e3\u30f3", "lists": {"groups": [{"count": 3, "type": "created", "items": []}]}, "bio": ""}, {"id": "145911997", "photo": {"prefix": "https://igx.4sqi.net/img/user/", "suffix": "/145911997-AY2045OIAJY0MOWG.jpg"}, "homeCity": "Tokyo, 40", "contact": {}, "firstName": "\u7530\u4e2d", "tips": {"count": 0}, "gender": "male", "lastName": "\u9686", "lists": {"groups": [{"count": 2, "type": "created", "items": []}]}, "bio": ""}, {"id": "7277449", "photo": {"prefix": "https://igx.4sqi.net/img/user/", "suffix": "/52TTNEYAKJBJVRS5.jpg"}, "homeCity": "\u65b0\u5bbf\u533a, \u65e5\u672c", "contact": {"twitter": "katsun_ji"}, "firstName": "Katsunji", "tips": {"count": 0}, "gender": "male", "lastName": "N", "lists": {"groups": [{"count": 2, "type": "created", "items": []}]}, "bio": ""}, {"id": "8828299", "photo": {"prefix": "https://igx.4sqi.net/img/user/", "suffix": "/ZKHHRJH0103H4CVB.jpg"}, "homeCity": "TOKYO JPN", "contact": {}, "firstName": "\u3066 \u3064 \u307e", "tips": {"count": 0}, "gender": "male", "lastName": "T2Mgp", "lists": {"groups": [{"count": 2, "type": "created", "items": []}]}, "bio": ""}, {"id": "8579197", "photo": {"prefix": "https://igx.4sqi.net/img/user/", "suffix": "/8579197-BQUEARLLJQKOUHJK.jpg"}, "homeCity": "\u65b0\u5bbf\u533a, \u65e5\u672c", "contact": {}, "firstName": "R244", "tips": {"count": 0}, "gender": "male", "lists": {"groups": [{"count": 2, "type": "created", "items": []}]}, "bio": ""}, {"id": "7062245", "photo": {"prefix": "https://igx.4sqi.net/img/user/", "suffix": "/UXIKD3JBM0MZUPRK.jpg"}, "homeCity": "TOKYO", "contact": {"facebook": "100000665107763", "twitter": "macaco36"}, "firstName": "Akira", "tips": {"count": 1}, "gender": "male", "lists": {"groups": [{"count": 2, "type": "created", "items": []}]}, "bio": ""}, {"id": "11118531", "photo": {"prefix": "https://igx.4sqi.net/img/user/", "suffix": "/11118531-O0W0M0WUMNGDGEO1.jpg"}, "homeCity": "Adachi-ku, TOKYO, JAPAN", "contact": {"facebook": "100002149596388", "twitter": "55pochi"}, "firstName": "Pochi", "tips": {"count": 6}, "gender": "male", "lastName": "\u307d\u3061", "lists": {"groups": [{"count": 2, "type": "created", "items": []}]}, "bio": ""}, {"id": "16139270", "photo": {"prefix": "https://igx.4sqi.net/img/user/", "suffix": "/16139270-3EIQF0ZKIB3XFKWB.jpg"}, "homeCity": "Tokyo", "contact": {"facebook": "1308431975868019", "twitter": "n_nobonobo2010"}, "firstName": "Le", "tips": {"count": 20}, "gender": "male", "lastName": "Novo", "lists": {"groups": [{"count": 2, "type": "created", "items": []}]}, "bio": "Been to London, Brisbane, Gold Coast, Hong Kong, Fuzou, Yongan, Shanghai, Taipei, several part of Japan. lived in Madrid, Milan, Kanagawa and Tokyo."}, {"id": "13501984", "photo": {"prefix": "https://igx.4sqi.net/img/user/", "suffix": "/12XTKARULIGFMOJ1.jpg"}, "homeCity": "\u6e0b\u8c37\u533a, \u65e5\u672c", "contact": {"twitter": "tomotoh"}, "firstName": "\u3068\u3082\u3068", "tips": {"count": 1}, "gender": "male", "lists": {"groups": [{"count": 2, "type": "created", "items": []}]}, "bio": ""}, {"id": "8758802", "photo": {"prefix": "https://igx.4sqi.net/img/user/", "suffix": "/XGJ2MZLPUBUIMOPJ.jpg"}, "homeCity": "\u65e5\u672c", "contact": {"facebook": "1286273800", "twitter": "rentapcbu"}, "firstName": "AR", "tips": {"count": 4}, "gender": "male", "lastName": "Mat", "lists": {"groups": [{"count": 2, "type": "created", "items": []}]}, "bio": "asianG/researcher/gym/travel/gourmet/reading/movies/music/bowling"}, {"id": "21195896", "photo": {"prefix": "https://igx.4sqi.net/img/user/", "suffix": "/SARV4KPKNPUDJ2YC.jpg"}, "homeCity": "Tokyo", "contact": {"twitter": "ryo_3535"}, "firstName": "\u308a\u3087\u3046", "tips": {"count": 6}, "gender": "male", "lists": {"groups": [{"count": 2, "type": "created", "items": []}]}, "bio": ""}, {"id": "12573472", "photo": {"prefix": "https://igx.4sqi.net/img/user/", "suffix": "/CLC5SK3B0PTD3OSP.jpg"}, "homeCity": "\u65e5\u672c", "contact": {"facebook": "100002216634060", "twitter": "dragon1976_nob"}, "firstName": "\u30ce\u30d6", "tips": {"count": 0}, "gender": "male", "lastName": "Nob\u2642", "lists": {"groups": [{"count": 11, "type": "created", "items": []}]}, "bio": ""}, {"id": "10246403", "photo": {"prefix": "https://igx.4sqi.net/img/user/", "suffix": "/DO2IRZMQ3PJSW2NV.jpg"}, "homeCity": "\u5e38\u6ed1\u5e02, \u65e5\u672c", "contact": {"facebook": "100001930285136", "twitter": "hirotanyoshi"}, "firstName": "Hiromi", "tips": {"count": 6}, "gender": "male", "lastName": "Yoshida", "lists": {"groups": [{"count": 2, "type": "created", "items": []}]}, "bio": ""}, {"id": "12034885", "photo": {"prefix": "https://igx.4sqi.net/img/user/", "suffix": "/BLXD2E35DREGWTCF.jpg"}, "homeCity": "\u65e5\u672c", "contact": {"twitter": "kazu_yuki"}, "firstName": "\u3061\u3087\u3063\u3071", "tips": {"count": 0}, "gender": "male", "lists": {"groups": [{"count": 2, "type": "created", "items": []}]}, "bio": ""}, {"id": "23844987", "photo": {"prefix": "https://igx.4sqi.net/img/user/", "suffix": "/TBXLNXITPERRFUSB.jpg"}, "homeCity": "Tokyo", "contact": {"facebook": "100001661976908", "twitter": "ryuji_nl_0308"}, "firstName": "Ryuji", "tips": {"count": 1}, "gender": "male", "lastName": "Tani", "lists": {"groups": [{"count": 2, "type": "created", "items": []}]}, "bio": ""}, {"id": "13508739", "photo": {"prefix": "https://igx.4sqi.net/img/user/", "suffix": "/TOJZSHSNYMM2WKVS.jpg"}, "homeCity": "\u6771\u4eac\u90fd, \u65e5\u672c", "contact": {}, "firstName": "pera", "tips": {"count": 4}, "gender": "male", "lists": {"groups": [{"count": 2, "type": "created", "items": []}]}, "bio": ""}, {"id": "10554238", "photo": {"prefix": "https://igx.4sqi.net/img/user/", "suffix": "/10554238-NULQWYYRNOGIXES2.jpg"}, "homeCity": "Chiang Mai, Thailand", "contact": {"facebook": "721233909"}, "firstName": "Ten", "tips": {"count": 0}, "gender": "male", "lastName": "Hust", "lists": {"groups": [{"count": 2, "type": "created", "items": []}]}, "bio": ""}, {"id": "42038879", "photo": {"prefix": "https://igx.4sqi.net/img/user/", "suffix": "/HMZ2XQTXL2RO3FWD.jpg"}, "homeCity": "TOKYO", "contact": {"facebook": "100004047990112", "twitter": "atsu_a24"}, "firstName": "Atsu", "tips": {"count": 0}, "gender": "male", "lastName": "shi", "lists": {"groups": [{"count": 2, "type": "created", "items": []}]}, "bio": ""}, {"id": "68640530", "photo": {"prefix": "https://igx.4sqi.net/img/user/", "suffix": "/68640530-Q51I135ZE1AHLZZR.jpg"}, "homeCity": "Yokohama-shi", "contact": {"twitter": "xxyoshix"}, "firstName": "yoshi\u2606\u5f61", "tips": {"count": 51}, "gender": "male", "lists": {"groups": [{"count": 2, "type": "created", "items": []}]}, "bio": ""}, {"id": "11970581", "photo": {"prefix": "https://igx.4sqi.net/img/user/", "suffix": "/3ELCNZVZ33UVG3EF.jpg"}, "homeCity": "Unnamed Location", "contact": {"facebook": "1397631514", "twitter": "osakandream"}, "firstName": "Tommy", "tips": {"count": 0}, "gender": "male", "lastName": "A", "lists": {"groups": [{"count": 2, "type": "created", "items": []}]}, "bio": ""}, {"id": "17637998", "photo": {"prefix": "https://igx.4sqi.net/img/user/", "suffix": "/17637998-SPXRL0L2IQV0HX5F.jpg"}, "homeCity": "\u5927\u962a\u5e02\u6d6a\u901f\u533a", "contact": {}, "firstName": "\u3055\u3068\u307d\u3093", "tips": {"count": 0}, "gender": "male", "lists": {"groups": [{"count": 2, "type": "created", "items": []}]}, "bio": ""}, {"id": "29232693", "photo": {"prefix": "https://igx.4sqi.net/img/user/", "suffix": "/29232693-TNV0KOHMQ52XX43C.jpg"}, "homeCity": "Nishitokyo-city, Tokyo, Japan", "contact": {"facebook": "100000215644446"}, "firstName": "\u3060\u3044", "tips": {"count": 7}, "superuser": 3, "gender": "male", "lastName": "\u30e2\u30f3", "lists": {"groups": [{"count": 7, "type": "created", "items": []}]}, "bio": "1,677,735g \u6620\u753b\u30fb\u6f14\u5287\u30fb\u30ab\u30d5\u30a7\u30fb\u9244\u9053\u30fb\u30b9\u30fc\u30d1\u30fc\u92ad\u6e6f\u30fb\u6d77\u2190\u597d\u304d\r\n\u866b\u30fb\u30bf\u30d0\u30b3\u30fb\u4e0b\u308a\u306e\u30a8\u30ec\u30d9\u30fc\u30bf\u30fc\u2190\u82e6\u624b"}, {"id": "15277025", "photo": {"prefix": "https://igx.4sqi.net/img/user/", "suffix": "/HUHG1LP5L02Z31Q1.jpg"}, "homeCity": "\u65e5\u672c", "contact": {"facebook": "100000292817247", "twitter": "keisuis"}, "firstName": "Kace", "tips": {"count": 0}, "gender": "male", "lastName": "suzuki", "lists": {"groups": [{"count": 2, "type": "created", "items": []}]}, "bio": ""}, {"id": "57078245", "photo": {"prefix": "https://igx.4sqi.net/img/user/", "default": true, "suffix": "/blank_boy.png"}, "homeCity": "Tokyo, 40", "contact": {"facebook": "100004878003363"}, "firstName": "Nobuyuki", "tips": {"count": 0}, "gender": "male", "lastName": "Fukai", "lists": {"groups": [{"count": 2, "type": "created", "items": []}]}, "bio": ""}, {"id": "19151975", "photo": {"prefix": "https://igx.4sqi.net/img/user/", "suffix": "/4SBSQFHFDII332XQ.jpg"}, "homeCity": "\u6749\u4e26\u533a, \u65e5\u672c", "contact": {"twitter": "rytr73"}, "firstName": "\u4eae\u592a\u90ce", "tips": {"count": 0}, "gender": "male", "lists": {"groups": [{"count": 2, "type": "created", "items": []}]}, "bio": ""}, {"id": "20717095", "photo": {"prefix": "https://igx.4sqi.net/img/user/", "suffix": "/LNVDO0LJQRHJR1R3.jpg"}, "homeCity": "Tokyo", "contact": {"twitter": "starlights_kazu"}, "firstName": "\u304b\u305a\u3072\u308d", "tips": {"count": 0}, "gender": "none", "lists": {"groups": [{"count": 2, "type": "created", "items": []}]}, "bio": "Twi : StarLights_kazu"}, {"id": "19224697", "photo": {"prefix": "https://igx.4sqi.net/img/user/", "suffix": "/REFDGCVDWIPOG5LX.jpg"}, "homeCity": " \u65e5\u672c", "contact": {"twitter": "koshiken"}, "firstName": "koshi", "tips": {"count": 0}, "gender": "male", "lastName": "ken", "lists": {"groups": [{"count": 2, "type": "created", "items": []}]}, "bio": ""}, {"id": "50320794", "photo": {"prefix": "https://igx.4sqi.net/img/user/", "suffix": "/50320794-0HD11XAHGWGWMXB4.jpg"}, "homeCity": "Fujisawa-shi, Kanagawa, Japan", "contact": {"facebook": "100004715641477", "twitter": "takufist"}, "firstName": "Taku", "tips": {"count": 28}, "gender": "male", "lastName": "Taku", "lists": {"groups": [{"count": 2, "type": "created", "items": []}]}, "bio": ""}, {"id": "95966520", "photo": {"prefix": "https://igx.4sqi.net/img/user/", "suffix": "/95966520-ZFVK12XKE2NYF3U0.jpg"}, "homeCity": "Tokyo, T\u014dky\u014d", "contact": {"facebook": "100005525250523", "twitter": "gucci1128"}, "firstName": "\u52dd\u3061\u3083\u3093", "tips": {"count": 0}, "gender": "male", "lists": {"groups": [{"count": 2, "type": "created", "items": []}]}, "bio": ""}]}, "checksum": "3e26a49c8fb4fe4e3633d3469a9afee1307a3489"}}