{"notifications": [{"type": "notificationTray", "item": {"unreadCount": 0}}], "response": {"friends": {"items": [{"superuser": 1, "tips": {"count": 40}, "contact": {"twitter": "illuminantceo"}, "firstName": "Simon", "gender": "male", "lastName": "Cousins", "id": "104705", "bio": "", "photo": {"prefix": "https://igx.4sqi.net/img/user/", "suffix": "/5JBNY4TDMQANKKXP.jpg"}, "homeCity": "New York, NY", "lists": {"groups": [{"items": [], "count": 3, "type": "created"}]}}, {"tips": {"count": 275}, "contact": {"twitter": "marciocacao", "facebook": "1648724671"}, "firstName": "Marcio", "gender": "male", "lastName": "Cacao", "id": "1367526", "bio": "", "photo": {"prefix": "https://igx.4sqi.net/img/user/", "suffix": "/LZNMF33XHKHMX0O1.jpg"}, "homeCity": "Sorocaba, SP", "lists": {"groups": [{"items": [], "count": 9, "type": "created"}]}}, {"tips": {"count": 0}, "contact": {"facebook": "545098438"}, "firstName": "Judy", "gender": "female", "lastName": "Cheong", "id": "4837381", "bio": "", "photo": {"prefix": "https://igx.4sqi.net/img/user/", "suffix": "/2BPB0U34LUBZH5WN.jpg"}, "homeCity": "Singapore", "lists": {"groups": [{"items": [], "count": 2, "type": "created"}]}}, {"tips": {"count": 0}, "contact": {"facebook": "6801001"}, "firstName": "Philip", "gender": "male", "lastName": "Baer", "id": "276932", "bio": "", "photo": {"prefix": "https://igx.4sqi.net/img/user/", "suffix": "/VZMHRLHFZ3FBLDX5.jpg"}, "homeCity": "Chicago, IL", "lists": {"groups": [{"items": [], "count": 2, "type": "created"}]}}, {"tips": {"count": 17}, "contact": {"twitter": "mdzulkar9"}, "firstName": "Zulkarnain", "gender": "male", "lastName": "Sadali", "id": "1245325", "bio": "", "photo": {"prefix": "https://igx.4sqi.net/img/user/", "suffix": "/CXFBTFON21M0MYYO.jpg"}, "homeCity": "Singapore", "lists": {"groups": [{"items": [], "count": 2, "type": "created"}]}}, {"tips": {"count": 4}, "contact": {}, "firstName": "Amish", "gender": "male", "lastName": "Prasad", "id": "7955230", "bio": "", "photo": {"prefix": "https://igx.4sqi.net/img/user/", "suffix": "/7955230-BGNMYWLKRDYTPI1A.jpg"}, "homeCity": "Las Vegas, NV", "lists": {"groups": [{"items": [], "count": 3, "type": "created"}]}}, {"tips": {"count": 0}, "contact": {}, "firstName": "xerxis", "gender": "male", "lastName": "!", "id": "7664010", "bio": "", "photo": {"prefix": "https://igx.4sqi.net/img/user/", "suffix": "/blank_boy.png", "default": true}, "homeCity": "Singapore", "lists": {"groups": [{"items": [], "count": 2, "type": "created"}]}}, {"tips": {"count": 1}, "contact": {"twitter": "shikharc", "facebook": "1010666071"}, "firstName": "Shikhar", "gender": "male", "lastName": "Chauksay", "id": "231504", "bio": "", "photo": {"prefix": "https://igx.4sqi.net/img/user/", "suffix": "/BJV4HN0G10ABWD1Y.jpg"}, "homeCity": "Singapore", "lists": {"groups": [{"items": [], "count": 2, "type": "created"}]}}, {"tips": {"count": 1}, "contact": {"facebook": "31601085"}, "firstName": "Loren", "gender": "male", "id": "5467214", "bio": "", "photo": {"prefix": "https://igx.4sqi.net/img/user/", "suffix": "/SH03QKKIQMM0ADXJ.jpg"}, "homeCity": "Alexandria, VA", "lists": {"groups": [{"items": [], "count": 2, "type": "created"}]}}, {"tips": {"count": 0}, "contact": {"facebook": "1533958171"}, "firstName": "George Gerald", "gender": "male", "lastName": "Mendoza", "id": "1792871", "bio": "", "photo": {"prefix": "https://igx.4sqi.net/img/user/", "suffix": "/5EJ15UF2E14SUKO3.jpg"}, "homeCity": "Singapore", "lists": {"groups": [{"items": [], "count": 2, "type": "created"}]}}, {"tips": {"count": 42}, "contact": {"twitter": "nindorf", "facebook": "689321862"}, "firstName": "yy", "gender": "female", "lastName": "9dorf", "id": "5375484", "bio": "", "photo": {"prefix": "https://igx.4sqi.net/img/user/", "suffix": "/V2IAETAJMZU3HXDF.jpg"}, "homeCity": "Washington, DC", "lists": {"groups": [{"items": [], "count": 2, "type": "created"}]}}, {"tips": {"count": 6}, "contact": {"twitter": "liam_mccance"}, "firstName": "Liam", "gender": "male", "lastName": "McCance", "id": "442852", "bio": "", "photo": {"prefix": "https://igx.4sqi.net/img/user/", "suffix": "/PTE14N1Z5W5H5UE0.jpg"}, "homeCity": "Singapore", "lists": {"groups": [{"items": [], "count": 2, "type": "created"}]}}, {"tips": {"count": 12}, "contact": {"twitter": "beorn", "facebook": "10152764777359039"}, "firstName": "Bj\u00f8rn", "gender": "male", "lastName": "Stabell", "id": "183148", "bio": "Tech entrepreneur in web and mobile games space.\r\n10+ years in China.\r\nFounder of @happylatte, @appannie, @exoweb.", "photo": {"prefix": "https://igx.4sqi.net/img/user/", "suffix": "/183148-XARJOQYP43FPDS5X.jpg"}, "homeCity": "Beijing \u5317\u4eac\u5e02, China \u4e2d\u56fd", "lists": {"groups": [{"items": [], "count": 4, "type": "created"}]}}, {"tips": {"count": 4}, "contact": {}, "firstName": "Dom", "gender": "male", "lastName": "Wong", "id": "633802", "bio": "", "photo": {"prefix": "https://igx.4sqi.net/img/user/", "suffix": "/Q1JEOFTPAWZH2NRT.jpg"}, "homeCity": "Petaling Jaya, Selangor", "lists": {"groups": [{"items": [], "count": 2, "type": "created"}]}}, {"tips": {"count": 0}, "contact": {"twitter": "soulcandies", "facebook": "867995191"}, "firstName": "Jin", "gender": "female", "lastName": "Z", "id": "996630", "bio": "", "photo": {"prefix": "https://igx.4sqi.net/img/user/", "suffix": "/blank_girl.png", "default": true}, "homeCity": "Honolulu, HI", "lists": {"groups": [{"items": [], "count": 2, "type": "created"}]}}, {"superuser": 1, "tips": {"count": 0}, "contact": {"twitter": "robotadam", "facebook": "42003839"}, "firstName": "Adam", "gender": "male", "lastName": "Lowry", "id": "37919", "bio": "", "photo": {"prefix": "https://igx.4sqi.net/img/user/", "suffix": "/HS21NBRMAP21ERGH.jpg"}, "homeCity": "Portland, OR", "lists": {"groups": [{"items": [], "count": 2, "type": "created"}]}}, {"tips": {"count": 0}, "contact": {"twitter": "brianjlandau"}, "firstName": "Brian", "gender": "male", "lastName": "Landau", "id": "63187", "bio": "", "photo": {"prefix": "https://igx.4sqi.net/img/user/", "suffix": "/-1_1255659624214.jpg"}, "homeCity": "Boulder, CO", "lists": {"groups": [{"items": [], "count": 2, "type": "created"}]}}, {"tips": {"count": 38}, "contact": {}, "firstName": "nickee", "gender": "female", "lastName": "chung", "id": "150615", "bio": "", "photo": {"prefix": "https://igx.4sqi.net/img/user/", "suffix": "/DNUCPMBIDZB5G3EB.jpg"}, "homeCity": "San Diego, CA", "lists": {"groups": [{"items": [], "count": 2, "type": "created"}]}}, {"tips": {"count": 4}, "contact": {"twitter": "threefivecanvas", "facebook": "600687237"}, "firstName": "Farik", "gender": "male", "lastName": "Osman", "id": "895427", "bio": "", "photo": {"prefix": "https://igx.4sqi.net/img/user/", "suffix": "/K0RUOEEW5KX1N5FE.jpg"}, "homeCity": "Singapore", "lists": {"groups": [{"items": [], "count": 2, "type": "created"}]}}, {"tips": {"count": 11}, "contact": {"facebook": "634126460"}, "firstName": "Piet", "gender": "male", "lastName": "Bos", "id": "204413", "bio": "", "photo": {"prefix": "https://igx.4sqi.net/img/user/", "suffix": "/YKL32SSX1LSZRQ5S.jpg"}, "homeCity": "\u5317\u4eac\u5e02, \u4e2d\u56fd", "lists": {"groups": [{"items": [], "count": 2, "type": "created"}]}}, {"tips": {"count": 0}, "contact": {"facebook": "694719769"}, "firstName": "Mohamed", "gender": "male", "lastName": "Yasin", "id": "41337305", "bio": "", "photo": {"prefix": "https://igx.4sqi.net/img/user/", "suffix": "/K4UNFKBC0DB0H44P.jpg"}, "homeCity": "Singapore", "lists": {"groups": [{"items": [], "count": 2, "type": "created"}]}}, {"superuser": 9, "tips": {"count": 589}, "contact": {"twitter": "saltedlolly", "facebook": "513421176"}, "firstName": "Olly", "gender": "male", "lastName": "Stedall", "id": "177122", "bio": "Ex Beijing Expat. Owner http://switchedon.support. Passionate about Tech, China, Photography, HTPC, Diving, Sailing & Skiing. Not necessarily in that order.", "photo": {"prefix": "https://igx.4sqi.net/img/user/", "suffix": "/XXIUCA002L3V4YW4.jpg"}, "homeCity": "Petworth, West Sussex", "lists": {"groups": [{"items": [], "count": 28, "type": "created"}]}}, {"tips": {"count": 89}, "contact": {"facebook": "880300709"}, "firstName": "BeijingBoyce", "gender": "none", "superuser": 1, "id": "108543", "bio": "", "photo": {"prefix": "https://igx.4sqi.net/img/user/", "suffix": "/108543_1258786083818.jpg"}, "homeCity": "Beijing", "lists": {"groups": [{"items": [], "count": 2, "type": "created"}]}}, {"tips": {"count": 0}, "contact": {"facebook": "502604153"}, "firstName": "Javier", "gender": "male", "lastName": "Aguirre", "id": "12664576", "bio": "", "photo": {"prefix": "https://igx.4sqi.net/img/user/", "suffix": "/N2EUO450APKDOH4L.jpg"}, "homeCity": "Madrid, Espa\u00f1a", "lists": {"groups": [{"items": [], "count": 2, "type": "created"}]}}, {"tips": {"count": 0}, "contact": {"facebook": "519276480"}, "firstName": "Ivana", "gender": "female", "lastName": "Vuckovic", "id": "11722197", "bio": "", "photo": {"prefix": "https://igx.4sqi.net/img/user/", "suffix": "/SHEUDQJ5LCW01WTU.jpg"}, "homeCity": "Belgrade, Serbia", "lists": {"groups": [{"items": [], "count": 2, "type": "created"}]}}, {"tips": {"count": 8}, "contact": {"twitter": "vincent_leow", "facebook": "700149914"}, "firstName": "Vincent", "gender": "male", "lastName": "Leow", "id": "26970402", "bio": "I drink to make people interesting!", "photo": {"prefix": "https://igx.4sqi.net/img/user/", "suffix": "/26970402-3C3OLOH4ZZWI5UXT.jpg"}, "homeCity": "Beijing, China", "lists": {"groups": [{"items": [], "count": 2, "type": "created"}]}}, {"tips": {"count": 1}, "contact": {"facebook": "710352230"}, "firstName": "David", "gender": "male", "lastName": "Chalklen", "id": "12106012", "bio": "", "photo": {"prefix": "https://igx.4sqi.net/img/user/", "suffix": "/04B0TUXAJAFX3P0C.jpg"}, "homeCity": "Jakarta, Indonesia", "lists": {"groups": [{"items": [], "count": 2, "type": "created"}]}}, {"tips": {"count": 0}, "contact": {}, "firstName": "Mohamed", "gender": "male", "lastName": "Yasin", "id": "8608567", "bio": "", "photo": {"prefix": "https://igx.4sqi.net/img/user/", "suffix": "/blank_boy.png", "default": true}, "homeCity": "Singapore", "lists": {"groups": [{"items": [], "count": 2, "type": "created"}]}}, {"tips": {"count": 6}, "contact": {}, "firstName": "Tom", "gender": "male", "id": "250049", "bio": "", "photo": {"prefix": "https://igx.4sqi.net/img/user/", "suffix": "/250049-YBSU1UHT3SRRYJJ1.jpg"}, "homeCity": "\u5317\u4eac\u5e02, \u4e2d\u56fd", "lists": {"groups": [{"items": [], "count": 2, "type": "created"}]}}, {"tips": {"count": 11}, "contact": {}, "firstName": "Serena", "gender": "female", "lastName": "Ma", "id": "5854798", "bio": "", "photo": {"prefix": "https://igx.4sqi.net/img/user/", "suffix": "/5854798-FPPTMBPZUYWIXM5Y.jpg"}, "homeCity": "Hong Kong", "lists": {"groups": [{"items": [], "count": 5, "type": "created"}]}}, {"tips": {"count": 2}, "contact": {"twitter": "suemccauley", "facebook": "17304276"}, "firstName": "Sue", "gender": "female", "lastName": "McCauley", "id": "1800831", "bio": "", "photo": {"prefix": "https://igx.4sqi.net/img/user/", "suffix": "/IUR5CVA1WDVRJ443.jpg"}, "homeCity": "New York, ny", "lists": {"groups": [{"items": [], "count": 2, "type": "created"}]}}, {"tips": {"count": 0}, "contact": {"twitter": "freeflying", "facebook": "519543917"}, "firstName": "Zhengpeng", "gender": "male", "lastName": "Hou", "id": "5706588", "bio": "", "photo": {"prefix": "https://igx.4sqi.net/img/user/", "suffix": "/blank_boy.png", "default": true}, "homeCity": "\u5317\u4eac\u5e02, \u4e2d\u56fd", "lists": {"groups": [{"items": [], "count": 2, "type": "created"}]}}, {"tips": {"count": 29}, "contact": {}, "firstName": "Jasmine", "gender": "female", "lastName": "Chua", "id": "447257", "bio": "", "photo": {"prefix": "https://igx.4sqi.net/img/user/", "suffix": "/X0DOHKJOUBLUOQ11.jpg"}, "homeCity": "Singapore", "lists": {"groups": [{"items": [], "count": 2, "type": "created"}]}}, {"tips": {"count": 11}, "contact": {"twitter": "omgitsjosie", "facebook": "637816148"}, "firstName": "Josie", "gender": "female", "lastName": "Melati", "id": "195016", "bio": "", "photo": {"prefix": "https://igx.4sqi.net/img/user/", "suffix": "/LUHWFEGG3GF5KF50.jpg"}, "homeCity": "Singapore", "lists": {"groups": [{"items": [], "count": 2, "type": "created"}]}}, {"tips": {"count": 0}, "contact": {}, "firstName": "Vincent", "gender": "male", "lastName": "Low", "id": "1672973", "bio": "", "photo": {"prefix": "https://igx.4sqi.net/img/user/", "suffix": "/1672973-O35MGLCDXMGSFCRO.jpg"}, "homeCity": "Singapore", "lists": {"groups": [{"items": [], "count": 2, "type": "created"}]}}, {"tips": {"count": 7}, "contact": {"twitter": "niub", "facebook": "630432081"}, "firstName": "William", "gender": "male", "lastName": "Albano", "id": "39996", "bio": "", "photo": {"prefix": "https://igx.4sqi.net/img/user/", "suffix": "/0HAENRQ5IDKHD2TT.jpg"}, "homeCity": "Taipei, Taiwan", "lists": {"groups": [{"items": [], "count": 2, "type": "created"}]}}, {"tips": {"count": 27}, "contact": {"twitter": "yangray", "facebook": "699367494"}, "firstName": "Ray", "gender": "male", "lastName": "Yang", "id": "117898", "bio": "", "photo": {"prefix": "https://igx.4sqi.net/img/user/", "suffix": "/JKVC2WRJWVWSRIOL.jpg"}, "homeCity": "Calgary, Alberta", "lists": {"groups": [{"items": [], "count": 3, "type": "created"}]}}, {"tips": {"count": 26}, "contact": {}, "firstName": "Jinsoo", "gender": "male", "lastName": "Kim", "id": "895632", "bio": "", "photo": {"prefix": "https://igx.4sqi.net/img/user/", "suffix": "/FA4K1GGT2KHCXVRZ.jpg"}, "homeCity": "", "lists": {"groups": [{"items": [], "count": 2, "type": "created"}]}}, {"tips": {"count": 0}, "contact": {"twitter": "darealemildalay"}, "firstName": "Emil", "gender": "male", "lastName": "Dalay", "id": "3973489", "bio": "", "photo": {"prefix": "https://igx.4sqi.net/img/user/", "suffix": "/AGJTOWPHO2JEZSV2.jpg"}, "homeCity": "Singapore", "lists": {"groups": [{"items": [], "count": 2, "type": "created"}]}}, {"superuser": 1, "tips": {"count": 11}, "contact": {"twitter": "bbabics", "facebook": "500032277"}, "firstName": "Ben", "gender": "male", "lastName": "Babics", "id": "112291", "bio": "", "photo": {"prefix": "https://igx.4sqi.net/img/user/", "suffix": "/112291_1258768466805.jpg"}, "homeCity": "Romulus, MI", "lists": {"groups": [{"items": [], "count": 2, "type": "created"}]}}, {"tips": {"count": 10}, "contact": {"facebook": "613241154"}, "firstName": "Dave", "gender": "male", "lastName": "Sloan", "id": "7640058", "bio": "", "photo": {"prefix": "https://igx.4sqi.net/img/user/", "suffix": "/2ZHQEAIDLMTFCAY1.jpg"}, "homeCity": "San Francisco ", "lists": {"groups": [{"items": [], "count": 2, "type": "created"}]}}, {"tips": {"count": 0}, "contact": {"facebook": "598698355"}, "firstName": "Jagdish", "gender": "male", "lastName": "Malhi", "id": "35067354", "bio": "", "photo": {"prefix": "https://igx.4sqi.net/img/user/", "suffix": "/JI4V4K4ILVFSSJE4.jpg"}, "homeCity": "Selangor", "lists": {"groups": [{"items": [], "count": 2, "type": "created"}]}}, {"tips": {"count": 0}, "contact": {"twitter": "billy_teng78", "facebook": "535828457"}, "firstName": "Billy Alexander", "gender": "male", "lastName": "Teng", "id": "2187934", "bio": "", "photo": {"prefix": "https://igx.4sqi.net/img/user/", "suffix": "/blank_boy.png", "default": true}, "homeCity": "Singapore", "lists": {"groups": [{"items": [], "count": 2, "type": "created"}]}}, {"tips": {"count": 1}, "contact": {"facebook": "576942123"}, "firstName": "Dominic", "gender": "male", "lastName": "Kok", "id": "447304", "bio": "", "photo": {"prefix": "https://igx.4sqi.net/img/user/", "suffix": "/2ZIQGEXTDA3CTNPR.jpg"}, "homeCity": "Singapore", "lists": {"groups": [{"items": [], "count": 3, "type": "created"}]}}, {"tips": {"count": 21}, "contact": {"twitter": "mellyandme", "facebook": "723422690"}, "firstName": "Melanie", "gender": "female", "lastName": "Lim", "id": "197072", "bio": "", "photo": {"prefix": "https://igx.4sqi.net/img/user/", "suffix": "/LJP2AK5ETNLHXEH5.jpg"}, "homeCity": "Singapore", "lists": {"groups": [{"items": [], "count": 3, "type": "created"}]}}, {"tips": {"count": 0}, "contact": {"twitter": "arielyangpan", "facebook": "652131881"}, "firstName": "Ariel", "gender": "male", "lastName": "Yang", "id": "591375", "bio": "", "photo": {"prefix": "https://igx.4sqi.net/img/user/", "suffix": "/YZ5AHUYSYLI0E5MJ.png"}, "homeCity": "Beijing", "lists": {"groups": [{"items": [], "count": 2, "type": "created"}]}}, {"tips": {"count": 9}, "contact": {"twitter": "micenterprise", "facebook": "749276224"}, "firstName": "Michael", "gender": "male", "lastName": "Adling", "id": "128365", "bio": "I love handling vast amounts of data. Don't mind if they are pixels or social network relations. Putting them to good use is my trade and my hobby.", "photo": {"prefix": "https://igx.4sqi.net/img/user/", "suffix": "/NZN2WC2T0DYV54PZ.jpg"}, "homeCity": "N\u00fcrnberg, Germany", "lists": {"groups": [{"items": [], "count": 2, "type": "created"}]}}, {"tips": {"count": 11}, "contact": {"twitter": "kraddrol", "facebook": "655755164"}, "firstName": "eric", "gender": "male", "lastName": "ng", "id": "942449", "bio": "", "photo": {"prefix": "https://igx.4sqi.net/img/user/", "suffix": "/1HEUUUC0STDZBWWG.jpg"}, "homeCity": "Hong Kong", "lists": {"groups": [{"items": [], "count": 2, "type": "created"}]}}, {"tips": {"count": 7}, "contact": {"facebook": "10153305795082881"}, "firstName": "Martin", "gender": "male", "lastName": "Henwood", "id": "500729", "bio": "", "photo": {"prefix": "https://igx.4sqi.net/img/user/", "suffix": "/LL5TTQC2ICGU3LLV.jpg"}, "homeCity": "Singapore, SG", "lists": {"groups": [{"items": [], "count": 6, "type": "created"}]}}, {"tips": {"count": 0}, "contact": {"facebook": "1799112127"}, "firstName": "Lucas", "gender": "male", "lastName": "Gallardo", "id": "35050250", "bio": "", "photo": {"prefix": "https://igx.4sqi.net/img/user/", "suffix": "/0TYPW1T02JZS4ORN.jpg"}, "homeCity": "New York, NY", "lists": {"groups": [{"items": [], "count": 2, "type": "created"}]}}, {"tips": {"count": 0}, "contact": {"twitter": "quedie"}, "firstName": "Andrew", "gender": "male", "lastName": "Teng", "id": "3578196", "bio": "", "photo": {"prefix": "https://igx.4sqi.net/img/user/", "suffix": "/UKR2DH5WNGUY1YYF.jpg"}, "homeCity": "Singapore", "lists": {"groups": [{"items": [], "count": 2, "type": "created"}]}}, {"tips": {"count": 32}, "contact": {"twitter": "krisolsen", "facebook": "700027325"}, "firstName": "Kristian", "gender": "male", "lastName": "Olsen", "id": "447342", "bio": "", "photo": {"prefix": "https://igx.4sqi.net/img/user/", "suffix": "/UZZ44IJA2TYYRR5W.jpg"}, "homeCity": "Singapore", "lists": {"groups": [{"items": [], "count": 2, "type": "created"}]}}, {"tips": {"count": 47}, "contact": {"twitter": "cgeissendoerfer", "facebook": "241270896369844"}, "firstName": "Christian", "gender": "male", "lastName": "Geissendoerfer", "id": "200147", "bio": "Entrepreneur // Mobile Advertising // Location Based Services", "photo": {"prefix": "https://igx.4sqi.net/img/user/", "suffix": "/200147_MTN1bWJ3_FIYpV8_TF4lP6eAjhG6pxgm8EZulWZpsZAcbgdu7RDj9XpVSEJbpVdsGkaqeRyCU.jpg"}, "homeCity": "Singapore", "lists": {"groups": [{"items": [], "count": 19, "type": "created"}]}}, {"tips": {"count": 5}, "contact": {"twitter": "ardnet", "facebook": "576404803"}, "firstName": "Pratomo", "gender": "male", "lastName": "Ardianto", "id": "701517", "bio": "", "photo": {"prefix": "https://igx.4sqi.net/img/user/", "suffix": "/3PDKEV4QL44A1JYH.jpg"}, "homeCity": "Singapore", "lists": {"groups": [{"items": [], "count": 2, "type": "created"}]}}, {"tips": {"count": 0}, "contact": {}, "firstName": "Chris", "gender": "male", "lastName": "Leung", "id": "129885", "bio": "", "photo": {"prefix": "https://igx.4sqi.net/img/user/", "suffix": "/-1_1259424733314.jpg"}, "homeCity": "Shanghai, China", "lists": {"groups": [{"items": [], "count": 2, "type": "created"}]}}, {"tips": {"count": 10}, "contact": {"twitter": "andresmino", "facebook": "1069793182"}, "firstName": "Andres", "gender": "male", "lastName": "Mino", "id": "961881", "bio": "MexicoCity\u21e8Miami\u21e8Moscow\u21e8London\u21e8Singapore\u21e8SanFrancisco", "photo": {"prefix": "https://igx.4sqi.net/img/user/", "suffix": "/961881_BCD6uSYh_HJDM5qKzKyvFCFpg8QWoWC-Nx1_9ox-zqQ3bTY5ySVjKhxG_XcgnZF7Jqqjar7Wf.jpg"}, "homeCity": "Mill Valley, CA", "lists": {"groups": [{"items": [], "count": 2, "type": "created"}]}}, {"tips": {"count": 1}, "contact": {"twitter": "roberttoby", "facebook": "1370741598"}, "firstName": "Robert Toby", "gender": "male", "id": "1493024", "bio": "", "photo": {"prefix": "https://igx.4sqi.net/img/user/", "suffix": "/EQQ5XCT33S4QSEPI.jpg"}, "homeCity": "Singapore", "lists": {"groups": [{"items": [], "count": 2, "type": "created"}]}}, {"tips": {"count": 2}, "contact": {"facebook": "1244989216"}, "firstName": "Linda", "gender": "female", "lastName": "Liu", "id": "8169470", "bio": "", "photo": {"prefix": "https://igx.4sqi.net/img/user/", "suffix": "/blank_girl.png", "default": true}, "homeCity": "M\u00fcnchen, Bundesrepublik Deutschland", "lists": {"groups": [{"items": [], "count": 2, "type": "created"}]}}, {"tips": {"count": 2}, "contact": {"twitter": "ian_mckee", "facebook": "655497745"}, "firstName": "Ian", "gender": "male", "lastName": "McKee", "id": "447627", "bio": "", "photo": {"prefix": "https://igx.4sqi.net/img/user/", "suffix": "/X5SVDKTX1VU4AAUK.jpg"}, "homeCity": "Singapore", "lists": {"groups": [{"items": [], "count": 2, "type": "created"}]}}, {"tips": {"count": 14}, "contact": {"twitter": "zhongnanhai", "facebook": "841945284"}, "firstName": "Cam", "gender": "male", "id": "481832", "bio": "", "photo": {"prefix": "https://igx.4sqi.net/img/user/", "suffix": "/ALMNFM0WFU0QSQ4Z.jpg"}, "homeCity": "Central, Hong Kong", "lists": {"groups": [{"items": [], "count": 2, "type": "created"}]}}, {"tips": {"count": 7}, "contact": {"twitter": "yahya_ayob", "facebook": "821579123"}, "firstName": "Yahya", "gender": "male", "lastName": "@ Prodigious.sg", "id": "1146269", "bio": "", "photo": {"prefix": "https://igx.4sqi.net/img/user/", "suffix": "/GTRX1JRUZU1M50VD.jpg"}, "homeCity": "Bukit Panjang, Singapore", "lists": {"groups": [{"items": [], "count": 2, "type": "created"}]}}, {"tips": {"count": 1}, "contact": {}, "firstName": "Beverly", "gender": "female", "lastName": "L.", "id": "9098430", "bio": "", "photo": {"prefix": "https://igx.4sqi.net/img/user/", "suffix": "/ZWUVGIHASXZBR4N4.jpg"}, "homeCity": "Ballwin, MO", "lists": {"groups": [{"items": [], "count": 2, "type": "created"}]}}, {"tips": {"count": 2}, "contact": {"twitter": "natjioe", "facebook": "1127914341"}, "firstName": "natasha", "gender": "female", "lastName": "angeline", "id": "1611148", "bio": "", "photo": {"prefix": "https://igx.4sqi.net/img/user/", "suffix": "/RWJW45N1YCVJTEFC.jpg"}, "homeCity": "Singapore", "lists": {"groups": [{"items": [], "count": 3, "type": "created"}]}}, {"tips": {"count": 0}, "contact": {}, "firstName": "AvengerMoJo", "gender": "male", "id": "559482", "bio": "", "photo": {"prefix": "https://igx.4sqi.net/img/user/", "suffix": "/blank_boy.png", "default": true}, "homeCity": "\u5317\u4eac\u5e02, \u4e2d\u56fd", "lists": {"groups": [{"items": [], "count": 2, "type": "created"}]}}, {"tips": {"count": 0}, "contact": {"facebook": "672285399"}, "firstName": "Bryan", "gender": "male", "lastName": "Lim", "id": "1719256", "bio": "", "photo": {"prefix": "https://igx.4sqi.net/img/user/", "suffix": "/JURYBHOZIWJNX2WY.jpg"}, "homeCity": "Singapore", "lists": {"groups": [{"items": [], "count": 2, "type": "created"}]}}, {"tips": {"count": 0}, "contact": {"facebook": "1312364619"}, "firstName": "Lizabelle", "gender": "female", "id": "5379819", "bio": "", "photo": {"prefix": "https://igx.4sqi.net/img/user/", "suffix": "/L0GXSJERRKNJCZVD.jpg"}, "homeCity": "Singapore", "lists": {"groups": [{"items": [], "count": 2, "type": "created"}]}}, {"tips": {"count": 10}, "contact": {"twitter": "alikazmi", "facebook": "773099487"}, "firstName": "Ali Zein", "gender": "male", "lastName": "Kazmi", "id": "677246", "bio": "", "photo": {"prefix": "https://igx.4sqi.net/img/user/", "suffix": "/BQKOBGZ44FAILFUW.jpg"}, "homeCity": "Shanghai", "lists": {"groups": [{"items": [], "count": 2, "type": "created"}]}}, {"superuser": 2, "tips": {"count": 16}, "contact": {}, "firstName": "Oliver", "gender": "male", "lastName": "Woods", "id": "2267559", "bio": "Kiwi passport. Nomad.", "photo": {"prefix": "https://igx.4sqi.net/img/user/", "suffix": "/TLJMT52JYQ3NCAHT.jpg"}, "homeCity": "Ho Chi Minh City, Vietnam", "lists": {"groups": [{"items": [], "count": 9, "type": "created"}]}}, {"tips": {"count": 3}, "contact": {"twitter": "jahardman", "facebook": "550125791"}, "firstName": "Justin", "gender": "male", "lastName": "Hardman", "id": "1473286", "bio": "", "photo": {"prefix": "https://igx.4sqi.net/img/user/", "suffix": "/HWZ13YWVOQ53U15B.jpg"}, "homeCity": "Hong Kong", "lists": {"groups": [{"items": [], "count": 2, "type": "created"}]}}, {"tips": {"count": 4}, "contact": {"twitter": "palmerdebra", "facebook": "1592767271"}, "firstName": "Debra", "gender": "female", "lastName": "Palmer", "id": "3463866", "bio": "", "photo": {"prefix": "https://igx.4sqi.net/img/user/", "suffix": "/3463866-VVCJ5IEH4HWZFEVP.jpg"}, "homeCity": "Singapore", "lists": {"groups": [{"items": [], "count": 2, "type": "created"}]}}, {"tips": {"count": 1}, "contact": {"twitter": "jacobtang", "facebook": "538000434"}, "firstName": "Jacob", "gender": "male", "lastName": "Tang", "id": "3566293", "bio": "", "photo": {"prefix": "https://igx.4sqi.net/img/user/", "suffix": "/R03R4PCTS3SNMND5.jpg"}, "homeCity": "Beijing, China", "lists": {"groups": [{"items": [], "count": 2, "type": "created"}]}}], "count": 71}, "checksum": "bcc5f47f79c8966912ba8e7bbfea58232bb9cb0c"}, "meta": {"requestId": "5965d1034c1f67704e647452", "code": 200}}