{"notifications": [{"type": "notificationTray", "item": {"unreadCount": 0}}], "response": {"friends": {"items": [{"tips": {"count": 1}, "contact": {}, "firstName": "Kendrick", "gender": "male", "lastName": "Koh", "id": "1157506", "bio": "", "photo": {"prefix": "https://igx.4sqi.net/img/user/", "suffix": "/MR22IBVB35N5AQUL.jpg"}, "homeCity": "", "lists": {"groups": [{"items": [], "count": 2, "type": "created"}]}}], "count": 101}, "checksum": "3afaa282c74ca429c7fd87721b9a436e1f73bc3e"}, "meta": {"requestId": "5965cd1bf594df3c59b92346", "code": 200}}