{"notifications": [{"type": "notificationTray", "item": {"unreadCount": 0}}], "response": {"friends": {"items": [{"tips": {"count": 1}, "contact": {"twitter": "aen", "facebook": "570211067"}, "firstName": "Aen", "gender": "male", "lastName": "Tan", "id": "92944", "bio": "", "photo": {"prefix": "https://igx.4sqi.net/img/user/", "suffix": "/DE5FUODT0H2BRCXX.jpg"}, "homeCity": "Singapore", "lists": {"groups": [{"items": [], "count": 2, "type": "created"}]}}, {"superuser": 1, "tips": {"count": 26}, "contact": {"twitter": "geekonomics", "facebook": "10153225028235312"}, "firstName": "Nicholas Aaron", "gender": "male", "lastName": "Khoo", "id": "50252", "bio": "", "photo": {"prefix": "https://igx.4sqi.net/img/user/", "suffix": "/50252_1259979403368.jpg"}, "homeCity": "Singapore", "lists": {"groups": [{"items": [], "count": 5, "type": "created"}]}}, {"tips": {"count": 12}, "contact": {"twitter": "brainopera", "facebook": "15709327"}, "firstName": "Kevin", "gender": "male", "lastName": "Lim", "id": "97714", "bio": "Cyberculturalist", "photo": {"prefix": "https://igx.4sqi.net/img/user/", "suffix": "/FTLB3F3XODCPEUTX.jpg"}, "homeCity": "singapore, Singapore", "lists": {"groups": [{"items": [], "count": 9, "type": "created"}]}}, {"superuser": 3, "tips": {"count": 52}, "contact": {"twitter": "sangsara"}, "firstName": "Brandon", "gender": "male", "lastName": "Lee", "id": "113345", "bio": "", "photo": {"prefix": "https://igx.4sqi.net/img/user/", "suffix": "/113345_1258827925989.gif"}, "homeCity": "Singapore", "lists": {"groups": [{"items": [], "count": 10, "type": "created"}]}}, {"superuser": 1, "tips": {"count": 21}, "contact": {"twitter": "kamal", "facebook": "508258787"}, "firstName": "Kamal", "gender": "male", "lastName": "Fariz", "id": "105706", "bio": "", "photo": {"prefix": "https://igx.4sqi.net/img/user/", "suffix": "/105706_1258679937361.png"}, "homeCity": "Namyangju-si, Gyeonggi-do", "lists": {"groups": [{"items": [], "count": 2, "type": "created"}]}}, {"superuser": 2, "tips": {"count": 1}, "contact": {"facebook": "10155862801410221"}, "firstName": "Jussi", "gender": "male", "lastName": "Edlund", "id": "108036", "bio": "", "photo": {"prefix": "https://igx.4sqi.net/img/user/", "suffix": "/108036-ZHZCUCGJXNAVYZ2S.jpg"}, "homeCity": "Singapore", "lists": {"groups": [{"items": [], "count": 2, "type": "created"}]}}], "count": 106}, "checksum": "72bc2e0663e79cccd8b03b2e43c63f32e913a3c4"}, "meta": {"requestId": "5965d5919fb6b77bc7ef0fb9", "code": 200}}