{"notifications": [{"type": "notificationTray", "item": {"unreadCount": 0}}], "response": {"friends": {"items": [{"tips": {"count": 0}, "contact": {"facebook": "504500732"}, "firstName": "Phil", "gender": "male", "lastName": "Poon", "id": "275002", "bio": "", "photo": {"prefix": "https://igx.4sqi.net/img/user/", "suffix": "/JSTCQWSDRDYGWB1J.jpg"}, "homeCity": "Singapore", "lists": {"groups": [{"items": [], "count": 2, "type": "created"}]}}], "count": 101}, "checksum": "2ea1b4af8a8b22bd17dc24a0ba6a71d4d3c4cdb1"}, "meta": {"requestId": "5965b863db04f562f03a5607", "code": 200}}