{"notifications": [{"type": "notificationTray", "item": {"unreadCount": 0}}], "response": {"friends": {"items": [{"tips": {"count": 0}, "contact": {"twitter": "jolenewee"}, "firstName": "Jolene", "gender": "female", "lastName": "Wee", "id": "4325648", "bio": "", "photo": {"prefix": "https://igx.4sqi.net/img/user/", "suffix": "/JB0QM1JJTKOEJ5PV.jpg"}, "homeCity": "Melbourne, Victoria", "lists": {"groups": [{"items": [], "count": 2, "type": "created"}]}}, {"tips": {"count": 22}, "contact": {"twitter": "eonquay", "facebook": "562627668"}, "firstName": "Eon", "gender": "male", "lastName": "Quay", "id": "271682", "bio": "", "photo": {"prefix": "https://igx.4sqi.net/img/user/", "suffix": "/O3UIOU1JN04ZNAWS.jpg"}, "homeCity": "Singapore", "lists": {"groups": [{"items": [], "count": 2, "type": "created"}]}}, {"tips": {"count": 2}, "contact": {"twitter": "kaomoo", "facebook": "586062967"}, "firstName": "Pao-Tang", "gender": "male", "lastName": "Kao", "id": "356312", "bio": "", "photo": {"prefix": "https://igx.4sqi.net/img/user/", "suffix": "/NRI5RP05XGLNYPE0.jpg"}, "homeCity": "Singapore", "lists": {"groups": [{"items": [], "count": 2, "type": "created"}]}}, {"tips": {"count": 3}, "contact": {}, "firstName": "Rhea", "gender": "female", "lastName": "Ong", "id": "1334524", "bio": "", "photo": {"prefix": "https://igx.4sqi.net/img/user/", "suffix": "/0KMYGGTR2XHYLC41.jpg"}, "homeCity": "Singapore", "lists": {"groups": [{"items": [], "count": 2, "type": "created"}]}}, {"tips": {"count": 0}, "contact": {"facebook": "644635834"}, "firstName": "Jeremy", "gender": "male", "lastName": "Leung", "id": "11449544", "bio": "", "photo": {"prefix": "https://igx.4sqi.net/img/user/", "suffix": "/JPYZKBBRKNSZAK5M.jpg"}, "homeCity": "Singapore", "lists": {"groups": [{"items": [], "count": 2, "type": "created"}]}}, {"tips": {"count": 6}, "contact": {"twitter": "mrkuek", "facebook": "646833106"}, "firstName": "Ivan", "gender": "male", "id": "1433670", "bio": "", "photo": {"prefix": "https://igx.4sqi.net/img/user/", "suffix": "/CTB5HOLPN0OQ2AFX.jpg"}, "homeCity": "Singapore", "lists": {"groups": [{"items": [], "count": 2, "type": "created"}]}}, {"tips": {"count": 0}, "contact": {"twitter": "mrkaif", "facebook": "10153043079713129"}, "firstName": "Kai Fong", "gender": "male", "lastName": "Chng", "id": "44836498", "bio": "", "photo": {"prefix": "https://igx.4sqi.net/img/user/", "suffix": "/blank_boy.png", "default": true}, "homeCity": "Singapore", "lists": {"groups": [{"items": [], "count": 2, "type": "created"}]}}, {"tips": {"count": 0}, "contact": {"facebook": "700198331"}, "firstName": "Stan Tristan", "gender": "male", "lastName": "Toh", "id": "2365721", "bio": "", "photo": {"prefix": "https://igx.4sqi.net/img/user/", "suffix": "/GRMLVKW4QMVQAVCD.jpg"}, "homeCity": "Pasir Ris, Singapore", "lists": {"groups": [{"items": [], "count": 2, "type": "created"}]}}, {"tips": {"count": 13}, "contact": {"facebook": "779634048"}, "firstName": "Joseph", "gender": "male", "lastName": "Track Junkie", "id": "4024782", "bio": "", "photo": {"prefix": "https://igx.4sqi.net/img/user/", "suffix": "/ON14J3DSEZ4U0EYY.jpg"}, "homeCity": "Singapore", "lists": {"groups": [{"items": [], "count": 2, "type": "created"}]}}, {"tips": {"count": 20}, "contact": {"twitter": "crzyjoel", "facebook": "681499500"}, "firstName": "Joel", "gender": "male", "lastName": "Lim", "id": "1674276", "bio": "", "photo": {"prefix": "https://igx.4sqi.net/img/user/", "suffix": "/0KRGUT1PJD2MKS0G.jpg"}, "homeCity": "Singapore, SG", "lists": {"groups": [{"items": [], "count": 9, "type": "created"}]}}, {"tips": {"count": 46}, "contact": {"facebook": "10152605970356156"}, "firstName": "Beatrice", "gender": "female", "lastName": "Liu", "id": "1783677", "bio": "", "photo": {"prefix": "https://igx.4sqi.net/img/user/", "suffix": "/IQ3RSX2LWLDP0KVC.jpg"}, "homeCity": "Singapore", "lists": {"groups": [{"items": [], "count": 2, "type": "created"}]}}, {"tips": {"count": 0}, "contact": {}, "firstName": "Vivien", "gender": "female", "lastName": "Foo", "id": "468217", "bio": "", "photo": {"prefix": "https://igx.4sqi.net/img/user/", "suffix": "/DDVQZYZEMK1UDNTC.jpg"}, "homeCity": "Singapore", "lists": {"groups": [{"items": [], "count": 2, "type": "created"}]}}, {"tips": {"count": 3}, "contact": {"twitter": "aristotle_h", "facebook": "595818001"}, "firstName": "Aristotle", "gender": "male", "lastName": "Ho", "id": "824734", "bio": "", "photo": {"prefix": "https://igx.4sqi.net/img/user/", "suffix": "/4IB5PIWVTUJYCNDC.jpg"}, "homeCity": "Singapore", "lists": {"groups": [{"items": [], "count": 2, "type": "created"}]}}, {"tips": {"count": 14}, "contact": {"twitter": "germaine", "facebook": "919868451272"}, "firstName": "Germaine", "gender": "female", "lastName": "Ong", "id": "896232", "bio": "", "photo": {"prefix": "https://igx.4sqi.net/img/user/", "suffix": "/DQEY0PT1EYB2LWFU.jpg"}, "homeCity": "Singapore", "lists": {"groups": [{"items": [], "count": 2, "type": "created"}]}}, {"tips": {"count": 10}, "contact": {}, "firstName": "Nicholas", "gender": "male", "lastName": "C.R.Y", "id": "2863990", "bio": "", "photo": {"prefix": "https://igx.4sqi.net/img/user/", "suffix": "/2863990-PQXMP43G4BJBWCQR.jpg"}, "homeCity": "Singapore", "lists": {"groups": [{"items": [], "count": 10, "type": "created"}]}}, {"tips": {"count": 2}, "contact": {"facebook": "774115031"}, "firstName": "Bettina", "gender": "female", "lastName": "Kam", "id": "1356927", "bio": "", "photo": {"prefix": "https://igx.4sqi.net/img/user/", "suffix": "/1356927-GMI5ESISNV2HWJ4N.jpg"}, "homeCity": "Singapore", "lists": {"groups": [{"items": [], "count": 2, "type": "created"}]}}, {"tips": {"count": 4}, "contact": {"twitter": "unklegrumps", "facebook": "756770415"}, "firstName": "Brandon", "gender": "male", "lastName": "Kam", "id": "4349179", "bio": "", "photo": {"prefix": "https://igx.4sqi.net/img/user/", "suffix": "/MLVHCBD4RCUIS2CG.jpg"}, "homeCity": "Singapore", "lists": {"groups": [{"items": [], "count": 2, "type": "created"}]}}, {"tips": {"count": 0}, "contact": {"facebook": "599133581"}, "firstName": "Loh", "gender": "male", "lastName": "Yew minh", "id": "1599772", "bio": "", "photo": {"prefix": "https://igx.4sqi.net/img/user/", "suffix": "/blank_boy.png", "default": true}, "homeCity": "Singapore", "lists": {"groups": [{"items": [], "count": 2, "type": "created"}]}}, {"tips": {"count": 0}, "contact": {"twitter": "cammiecheng", "facebook": "511810202"}, "firstName": "Cammie", "gender": "female", "lastName": "Cheng", "id": "4669303", "bio": "", "photo": {"prefix": "https://igx.4sqi.net/img/user/", "suffix": "/3E3NQHEEQWCYLIY1.jpg"}, "homeCity": "Singapore", "lists": {"groups": [{"items": [], "count": 2, "type": "created"}]}}, {"tips": {"count": 1}, "contact": {}, "firstName": "Marc", "gender": "male", "lastName": "Z", "id": "2462823", "bio": "", "photo": {"prefix": "https://igx.4sqi.net/img/user/", "suffix": "/AZ1ITZQYRULM0BHW.jpg"}, "homeCity": "Singapore", "lists": {"groups": [{"items": [], "count": 3, "type": "created"}]}}, {"tips": {"count": 0}, "contact": {"facebook": "690774194"}, "firstName": "Sherinn", "gender": "none", "id": "5184899", "bio": "", "photo": {"prefix": "https://igx.4sqi.net/img/user/", "suffix": "/5BQITMHJRX5VSB51.jpg"}, "homeCity": "singapore", "lists": {"groups": [{"items": [], "count": 2, "type": "created"}]}}, {"tips": {"count": 2}, "contact": {}, "firstName": "Laura", "gender": "female", "lastName": "Phay", "id": "3455301", "bio": "", "photo": {"prefix": "https://igx.4sqi.net/img/user/", "suffix": "/QDVPFMF53KJASPED.jpg"}, "homeCity": "Singapore", "lists": {"groups": [{"items": [], "count": 2, "type": "created"}]}}, {"tips": {"count": 3}, "contact": {"facebook": "757112534"}, "firstName": "Hafiz", "gender": "male", "lastName": "Arifin", "id": "1548838", "bio": "", "photo": {"prefix": "https://igx.4sqi.net/img/user/", "suffix": "/G1NI4A5KRCJ5BCSL.jpg"}, "homeCity": "Pasir Ris, Singapore", "lists": {"groups": [{"items": [], "count": 3, "type": "created"}]}}, {"tips": {"count": 1}, "contact": {"twitter": "enchelle", "facebook": "612308643"}, "firstName": "Belle", "gender": "female", "id": "1985936", "bio": "", "photo": {"prefix": "https://igx.4sqi.net/img/user/", "suffix": "/QKNKPQCQPTPSOGFW.jpg"}, "homeCity": "Bukit Batok, Singapore", "lists": {"groups": [{"items": [], "count": 2, "type": "created"}]}}, {"tips": {"count": 33}, "contact": {"twitter": "rachelpharunee", "facebook": "653951536"}, "firstName": "rachel", "gender": "female", "id": "967505", "bio": "", "photo": {"prefix": "https://igx.4sqi.net/img/user/", "suffix": "/513X05K04CS4325A.jpg"}, "homeCity": "Indianapolis", "lists": {"groups": [{"items": [], "count": 9, "type": "created"}]}}, {"tips": {"count": 18}, "contact": {"twitter": "willyfoo", "facebook": "719891275"}, "firstName": "Willy", "gender": "male", "lastName": "Foo", "id": "3974034", "bio": "", "photo": {"prefix": "https://igx.4sqi.net/img/user/", "suffix": "/RGAGQ4UMSPVYECFV.jpg"}, "homeCity": "Singapore", "lists": {"groups": [{"items": [], "count": 2, "type": "created"}]}}, {"tips": {"count": 0}, "contact": {}, "firstName": "Evan", "gender": "male", "lastName": "Lim", "id": "1370522", "bio": "", "photo": {"prefix": "https://igx.4sqi.net/img/user/", "suffix": "/ZYCKL5XXAKJNXVM2.jpg"}, "homeCity": "Singapore", "lists": {"groups": [{"items": [], "count": 2, "type": "created"}]}}, {"tips": {"count": 2}, "contact": {"facebook": "540725597"}, "firstName": "Rory", "gender": "male", "lastName": "Bell", "id": "8577347", "bio": "", "photo": {"prefix": "https://igx.4sqi.net/img/user/", "suffix": "/HTT4PHMUJSU4N5FN.jpg"}, "homeCity": "New Malden, UK", "lists": {"groups": [{"items": [], "count": 2, "type": "created"}]}}, {"tips": {"count": 18}, "contact": {"facebook": "654891452"}, "firstName": "Soo Sing", "gender": "male", "lastName": "Goh", "id": "1601609", "bio": "", "photo": {"prefix": "https://igx.4sqi.net/img/user/", "suffix": "/VY3QHG0NQCJEUDQH.jpg"}, "homeCity": "Jakarta, Indonesia", "lists": {"groups": [{"items": [], "count": 2, "type": "created"}]}}, {"tips": {"count": 41}, "contact": {"facebook": "100003169147377"}, "firstName": "Sham", "gender": "male", "lastName": "T", "id": "17927472", "bio": "", "photo": {"prefix": "https://igx.4sqi.net/img/user/", "suffix": "/KHM4ZYFX1SBCV4PF.jpg"}, "homeCity": "Singapore", "lists": {"groups": [{"items": [], "count": 2, "type": "created"}]}}, {"tips": {"count": 29}, "contact": {"facebook": "10153659963190851"}, "firstName": "Benjamin Oliver", "gender": "male", "lastName": "Oh", "id": "3958657", "bio": "", "photo": {"prefix": "https://igx.4sqi.net/img/user/", "suffix": "/JGVM2GWOXYEZLUT5.jpg"}, "homeCity": "Singapore", "lists": {"groups": [{"items": [], "count": 2, "type": "created"}]}}, {"tips": {"count": 0}, "contact": {"facebook": "1298716058"}, "firstName": "Rachel Lim", "gender": "female", "lastName": "CY", "id": "91369508", "bio": "", "photo": {"prefix": "https://igx.4sqi.net/img/user/", "suffix": "/91369508-5SN3ZILB4NOMIIHB.jpg"}, "homeCity": "Singapore", "lists": {"groups": [{"items": [], "count": 2, "type": "created"}]}}, {"tips": {"count": 0}, "contact": {"twitter": "mya_joanna"}, "firstName": "Mya", "gender": "female", "lastName": "Joanna", "id": "4180632", "bio": "", "photo": {"prefix": "https://igx.4sqi.net/img/user/", "suffix": "/0MWGYNCFUIR00LMU.jpg"}, "homeCity": "Kuala Lumpur", "lists": {"groups": [{"items": [], "count": 2, "type": "created"}]}}, {"tips": {"count": 1}, "contact": {}, "firstName": "Nirat", "gender": "male", "lastName": "Wi", "id": "4931798", "bio": "", "photo": {"prefix": "https://igx.4sqi.net/img/user/", "suffix": "/WFHWCJQYGBI0K50Y.jpg"}, "homeCity": "New York, NY", "lists": {"groups": [{"items": [], "count": 2, "type": "created"}]}}, {"tips": {"count": 4}, "contact": {}, "firstName": "Tanya Faye", "gender": "female", "lastName": "Koh", "id": "1066833", "bio": "", "photo": {"prefix": "https://igx.4sqi.net/img/user/", "suffix": "/VYTBRAD1TBGTFT2K.jpg"}, "homeCity": "Singapore", "lists": {"groups": [{"items": [], "count": 2, "type": "created"}]}}, {"tips": {"count": 14}, "contact": {"twitter": "eye_deas", "facebook": "662133890"}, "firstName": "Ronin", "gender": "male", "lastName": "Lee\u270c", "id": "4129323", "bio": "Loves \u2615, loves \ud83c\udf7b, LOVES \ud83c\uddef\ud83c\uddf5", "photo": {"prefix": "https://igx.4sqi.net/img/user/", "suffix": "/1BHGFIBYK5MAN42O.jpg"}, "homeCity": "Singapore", "lists": {"groups": [{"items": [], "count": 3, "type": "created"}]}}, {"tips": {"count": 7}, "contact": {"twitter": "zharinahmad", "facebook": "670118513"}, "firstName": "Zharin", "gender": "male", "lastName": "Ahmad", "id": "10322280", "bio": "", "photo": {"prefix": "https://igx.4sqi.net/img/user/", "suffix": "/10322280-Y3SFB4NLWUJQPUXG.jpg"}, "homeCity": "Singapore", "lists": {"groups": [{"items": [], "count": 2, "type": "created"}]}}, {"tips": {"count": 8}, "contact": {}, "firstName": "Charmane", "gender": "female", "lastName": "Foo", "id": "6750056", "bio": "", "photo": {"prefix": "https://igx.4sqi.net/img/user/", "suffix": "/VKPAMUWSXFCFZXCN.jpg"}, "homeCity": "Singapore", "lists": {"groups": [{"items": [], "count": 2, "type": "created"}]}}, {"tips": {"count": 0}, "contact": {"facebook": "10152522077780778"}, "firstName": "Rachel", "gender": "female", "lastName": "K", "id": "107231606", "bio": "", "photo": {"prefix": "https://igx.4sqi.net/img/user/", "suffix": "/107231606-YO3QYEEBLS1ALZZH.jpg"}, "homeCity": "Santa Clara, California", "lists": {"groups": [{"items": [], "count": 2, "type": "created"}]}}, {"tips": {"count": 0}, "contact": {"facebook": "1182409624"}, "firstName": "Joened", "gender": "male", "lastName": "Ross", "id": "6594271", "bio": "", "photo": {"prefix": "https://igx.4sqi.net/img/user/", "suffix": "/OXKE1URZIWCCVSLH.jpg"}, "homeCity": "Singapore", "lists": {"groups": [{"items": [], "count": 2, "type": "created"}]}}, {"tips": {"count": 15}, "contact": {"facebook": "626351591"}, "firstName": "Gar", "gender": "female", "lastName": "Gar", "id": "1250796", "bio": "", "photo": {"prefix": "https://igx.4sqi.net/img/user/", "suffix": "/SEHDDQ4TZFY4REWE.jpg"}, "homeCity": "Singapore", "lists": {"groups": [{"items": [], "count": 2, "type": "created"}]}}, {"tips": {"count": 3}, "contact": {"facebook": "656079438"}, "firstName": "Lianghui", "gender": "male", "id": "4439589", "bio": "", "photo": {"prefix": "https://igx.4sqi.net/img/user/", "suffix": "/4439589-5YMOYSAXOLPTS3SS.jpg"}, "homeCity": "Singapore", "lists": {"groups": [{"items": [], "count": 2, "type": "created"}]}}, {"tips": {"count": 5}, "contact": {"twitter": "shimonpoh", "facebook": "717335279"}, "firstName": "Shimon", "gender": "male", "lastName": "Poh", "id": "7365041", "bio": "", "photo": {"prefix": "https://igx.4sqi.net/img/user/", "suffix": "/ITIZMPQWU1OAKLPP.jpg"}, "homeCity": "Singapore", "lists": {"groups": [{"items": [], "count": 2, "type": "created"}]}}, {"tips": {"count": 0}, "contact": {}, "firstName": "San", "gender": "male", "lastName": "San", "id": "1648102", "bio": "", "photo": {"prefix": "https://igx.4sqi.net/img/user/", "suffix": "/PHZ5FY25KPPLD15L.jpg"}, "homeCity": "Singapore", "lists": {"groups": [{"items": [], "count": 2, "type": "created"}]}}, {"tips": {"count": 0}, "contact": {"facebook": "1532433925"}, "firstName": "Bever-leigh", "gender": "female", "lastName": "Kam", "id": "4495168", "bio": "", "photo": {"prefix": "https://igx.4sqi.net/img/user/", "suffix": "/S5A5T0P55L23J3CJ.jpg"}, "homeCity": "Unnamed Location", "lists": {"groups": [{"items": [], "count": 2, "type": "created"}]}}, {"tips": {"count": 0}, "contact": {"facebook": "597128376"}, "firstName": "Dexter", "gender": "male", "lastName": "Chua", "id": "3187675", "bio": "", "photo": {"prefix": "https://igx.4sqi.net/img/user/", "suffix": "/PTMLAJKC4QP0UM0U.jpg"}, "homeCity": "Singapore", "lists": {"groups": [{"items": [], "count": 2, "type": "created"}]}}, {"tips": {"count": 0}, "contact": {}, "firstName": "Jack Shen", "gender": "male", "lastName": "Ong", "id": "8690187", "bio": "", "photo": {"prefix": "https://igx.4sqi.net/img/user/", "suffix": "/KBVE1IH0H2RVEW3Z.jpg"}, "homeCity": "Singapore", "lists": {"groups": [{"items": [], "count": 2, "type": "created"}]}}, {"tips": {"count": 2}, "contact": {"twitter": "jamestheboi"}, "firstName": "James", "gender": "male", "lastName": "Lee", "id": "3224521", "bio": "", "photo": {"prefix": "https://igx.4sqi.net/img/user/", "suffix": "/4W2UWN21X3BPBDQM.jpg"}, "homeCity": "Singapore", "lists": {"groups": [{"items": [], "count": 2, "type": "created"}]}}, {"tips": {"count": 11}, "contact": {"twitter": "theetfamily"}, "firstName": "Esther", "gender": "female", "lastName": "Teo", "id": "3229452", "bio": "", "photo": {"prefix": "https://igx.4sqi.net/img/user/", "suffix": "/EQZ42ACZ4W4MUNYH.jpg"}, "homeCity": "Singapore", "lists": {"groups": [{"items": [], "count": 2, "type": "created"}]}}, {"tips": {"count": 1}, "contact": {"twitter": "xwynteow", "facebook": "1364547806"}, "firstName": "Xwyn", "gender": "female", "lastName": "Teow", "id": "4074588", "bio": "", "photo": {"prefix": "https://igx.4sqi.net/img/user/", "suffix": "/UH1IGPEBAM52HKCW.jpg"}, "homeCity": "Singapore", "lists": {"groups": [{"items": [], "count": 2, "type": "created"}]}}, {"tips": {"count": 29}, "contact": {"twitter": "eileenlmf"}, "firstName": "Eileen", "gender": "female", "lastName": "L.", "id": "5959084", "bio": "", "photo": {"prefix": "https://igx.4sqi.net/img/user/", "suffix": "/PDPOH5IODE131SRA.jpg"}, "homeCity": "Singapore", "lists": {"groups": [{"items": [], "count": 2, "type": "created"}]}}, {"tips": {"count": 1}, "contact": {"twitter": "zzdlong", "facebook": "716741144"}, "firstName": "Donovan", "gender": "male", "lastName": "Long", "id": "8673727", "bio": "", "photo": {"prefix": "https://irs0.4sqi.net/img/user/", "suffix": "/EF2011HJLYJ3UFEJ.jpg"}, "homeCity": "Singapore", "lists": {"groups": [{"items": [], "count": 2, "type": "created"}]}}], "count": 52}, "checksum": "4bb99da3a05702d300c07559f3c40d7865ba652a"}, "meta": {"requestId": "5965c0f8db04f562ecae0ec1", "code": 200}}