{"notifications": [{"type": "notificationTray", "item": {"unreadCount": 0}}], "response": {"friends": {"items": [{"tips": {"count": 12}, "contact": {}, "firstName": "Lily", "gender": "female", "lastName": "Loo", "id": "4311701", "bio": "", "photo": {"prefix": "https://igx.4sqi.net/img/user/", "suffix": "/SS0X0NM1L1WB1CSH.jpg"}, "homeCity": "Kuala Lumpur, Malaysia", "lists": {"groups": [{"items": [], "count": 2, "type": "created"}]}}, {"tips": {"count": 30}, "contact": {"twitter": "alx_2008", "facebook": "10204763539862879"}, "firstName": "Alex", "gender": "male", "lastName": "Tan", "id": "6766910", "bio": "", "photo": {"prefix": "https://igx.4sqi.net/img/user/", "suffix": "/6766910-5WERF0NIJO1H2RH0.jpg"}, "homeCity": "Shanghai, China", "lists": {"groups": [{"items": [], "count": 2, "type": "created"}]}}, {"tips": {"count": 0}, "contact": {"facebook": "669165784"}, "firstName": "Wee Keng", "gender": "male", "lastName": "Goh", "id": "18689047", "bio": "", "photo": {"prefix": "https://igx.4sqi.net/img/user/", "suffix": "/blank_boy.png", "default": true}, "homeCity": "Qu\u1eadn 1, Vietnam", "lists": {"groups": [{"items": [], "count": 2, "type": "created"}]}}, {"tips": {"count": 8}, "contact": {"facebook": "574265774"}, "firstName": "Emily S H", "gender": "female", "lastName": "Lew", "id": "6699086", "bio": "", "photo": {"prefix": "https://igx.4sqi.net/img/user/", "suffix": "/BHOKZQRV5SY1HHU5.jpg"}, "homeCity": "Singapore", "lists": {"groups": [{"items": [], "count": 2, "type": "created"}]}}, {"tips": {"count": 3}, "contact": {"twitter": "mikeytung"}, "firstName": "Mike", "gender": "male", "lastName": "Tung", "id": "5843972", "bio": "", "photo": {"prefix": "https://igx.4sqi.net/img/user/", "suffix": "/P5NZ2EK0CJXWHUFB.jpg"}, "homeCity": "Hong Kong", "lists": {"groups": [{"items": [], "count": 2, "type": "created"}]}}, {"tips": {"count": 1}, "contact": {"facebook": "717469210"}, "firstName": "Evelynn", "gender": "female", "lastName": "Tham", "id": "1789286", "bio": "", "photo": {"prefix": "https://igx.4sqi.net/img/user/", "suffix": "/H10JAPE0TJWY1NYC.jpg"}, "homeCity": "Singapore", "lists": {"groups": [{"items": [], "count": 2, "type": "created"}]}}, {"tips": {"count": 0}, "contact": {"twitter": "ah_kheng", "facebook": "527475905"}, "firstName": "Kheng", "gender": "male", "id": "3166910", "bio": "", "photo": {"prefix": "https://igx.4sqi.net/img/user/", "suffix": "/1GCUZEP1XOC1ZPHQ.jpg"}, "homeCity": "Singapore", "lists": {"groups": [{"items": [], "count": 2, "type": "created"}]}}, {"tips": {"count": 0}, "contact": {}, "firstName": "Kenneth", "gender": "male", "lastName": "Yeo", "id": "3333821", "bio": "", "photo": {"prefix": "https://igx.4sqi.net/img/user/", "suffix": "/1AGZ2525CHQBRBV4.jpg"}, "homeCity": "Singapore", "lists": {"groups": [{"items": [], "count": 2, "type": "created"}]}}, {"tips": {"count": 0}, "contact": {"facebook": "744960143"}, "firstName": "Davy", "gender": "male", "lastName": "Tan", "id": "4955767", "bio": "", "photo": {"prefix": "https://igx.4sqi.net/img/user/", "suffix": "/blank_boy.png", "default": true}, "homeCity": "Singapore", "lists": {"groups": [{"items": [], "count": 2, "type": "created"}]}}, {"tips": {"count": 47}, "contact": {"twitter": "mucas", "facebook": "10153675651359666"}, "firstName": "Marc", "gender": "male", "lastName": "Lucas", "id": "28517", "bio": "Traveler, photographer, foodie, poker player, vintage motorcycle enthusiast, gardener, advertising guy.", "photo": {"prefix": "https://igx.4sqi.net/img/user/", "suffix": "/A5ULPZ4AWZHA1EGE.jpg"}, "homeCity": "New York, NY", "lists": {"groups": [{"items": [], "count": 9, "type": "created"}]}}, {"tips": {"count": 1}, "contact": {"twitter": "kouldbeho", "facebook": "602951549"}, "firstName": "Karen", "gender": "female", "lastName": "Ho", "id": "718714", "bio": "", "photo": {"prefix": "https://igx.4sqi.net/img/user/", "suffix": "/V002CXVQ5A3MKHOS.jpg"}, "homeCity": "Hong Kong", "lists": {"groups": [{"items": [], "count": 2, "type": "created"}]}}, {"tips": {"count": 14}, "contact": {"twitter": "tamsarion", "facebook": "1496596868"}, "firstName": "Tamara", "gender": "female", "lastName": "KN", "id": "891382", "bio": "", "photo": {"prefix": "https://igx.4sqi.net/img/user/", "suffix": "/L2HFAUC141GOWCTD.jpg"}, "homeCity": "London, United Kingdom", "lists": {"groups": [{"items": [], "count": 3, "type": "created"}]}}, {"tips": {"count": 0}, "contact": {"twitter": "rajeshmahtani", "facebook": "784113401"}, "firstName": "Rajesh", "gender": "male", "lastName": "Mahtani", "id": "3210056", "bio": "", "photo": {"prefix": "https://igx.4sqi.net/img/user/", "suffix": "/RS1TVYIEXIDTCJ1R.jpg"}, "homeCity": "Singapore", "lists": {"groups": [{"items": [], "count": 2, "type": "created"}]}}, {"tips": {"count": 1}, "contact": {"facebook": "815078711"}, "firstName": "Alvin", "gender": "male", "lastName": "Jiang", "id": "1097462", "bio": "", "photo": {"prefix": "https://igx.4sqi.net/img/user/", "suffix": "/blank_boy.png", "default": true}, "homeCity": "\u4fe1\u7fa9\u5340, \u53f0\u5317\u5e02", "lists": {"groups": [{"items": [], "count": 2, "type": "created"}]}}, {"tips": {"count": 11}, "contact": {"twitter": "counterintuitiv", "facebook": "669077745"}, "firstName": "sue", "gender": "female", "lastName": "mcc", "id": "12584164", "bio": "", "photo": {"prefix": "https://igx.4sqi.net/img/user/", "suffix": "/G3K1FRB2PBDCQ2GX.jpg"}, "homeCity": "Hong Kong", "lists": {"groups": [{"items": [], "count": 3, "type": "created"}]}}, {"tips": {"count": 0}, "contact": {"facebook": "652785820"}, "firstName": "Jack", "gender": "male", "lastName": "Yang", "id": "7039439", "bio": "", "photo": {"prefix": "https://igx.4sqi.net/img/user/", "suffix": "/ABPL2IZVVVZORGIO.jpg"}, "homeCity": "Singapore", "lists": {"groups": [{"items": [], "count": 2, "type": "created"}]}}, {"tips": {"count": 0}, "contact": {}, "firstName": "Janie", "gender": "female", "lastName": "Loh", "id": "7543952", "bio": "", "photo": {"prefix": "https://igx.4sqi.net/img/user/", "suffix": "/2XX0TAQECDYJLE0R.jpg"}, "homeCity": "Singapore", "lists": {"groups": [{"items": [], "count": 2, "type": "created"}]}}, {"tips": {"count": 17}, "contact": {}, "firstName": "El Tee", "gender": "male", "id": "1912423", "bio": "", "photo": {"prefix": "https://igx.4sqi.net/img/user/", "suffix": "/1912423-KEETDHKXP2KVZ0YZ.jpg"}, "homeCity": "Singapore", "lists": {"groups": [{"items": [], "count": 2, "type": "created"}]}}, {"tips": {"count": 98}, "contact": {}, "firstName": "Helen", "gender": "female", "lastName": "Yuen", "id": "3933208", "bio": "", "photo": {"prefix": "https://igx.4sqi.net/img/user/", "suffix": "/QCONEZYW3Z0YFQ32.jpg"}, "homeCity": "Denver, Colorado", "lists": {"groups": [{"items": [], "count": 6, "type": "created"}]}}, {"tips": {"count": 36}, "contact": {"facebook": "549016907"}, "firstName": "Ainslie", "gender": "male", "id": "482573", "bio": "", "photo": {"prefix": "https://igx.4sqi.net/img/user/", "suffix": "/VUX4VTMS0KJDGMMG.jpg"}, "homeCity": "Mongkok", "lists": {"groups": [{"items": [], "count": 2, "type": "created"}]}}, {"tips": {"count": 0}, "contact": {"facebook": "543960095"}, "firstName": "Cindy", "gender": "female", "lastName": "Felicia", "id": "4225246", "bio": "", "photo": {"prefix": "https://igx.4sqi.net/img/user/", "suffix": "/NOAKNLDKI52VGJG1.jpg"}, "homeCity": "Cindy's SOHO", "lists": {"groups": [{"items": [], "count": 2, "type": "created"}]}}, {"tips": {"count": 0}, "contact": {"facebook": "547854203"}, "firstName": "Heather", "gender": "female", "lastName": "Ong", "id": "1115226", "bio": "", "photo": {"prefix": "https://igx.4sqi.net/img/user/", "suffix": "/5JL1MZFPJUDFWKDY.jpg"}, "homeCity": "Singapore", "lists": {"groups": [{"items": [], "count": 2, "type": "created"}]}}, {"tips": {"count": 1}, "contact": {"facebook": "879020617"}, "firstName": "Derek", "gender": "male", "lastName": "Callow", "id": "4010915", "bio": "", "photo": {"prefix": "https://igx.4sqi.net/img/user/", "suffix": "/LPCPGNTSWCT5HCMY.jpg"}, "homeCity": "San Francisco, CA", "lists": {"groups": [{"items": [], "count": 2, "type": "created"}]}}, {"tips": {"count": 0}, "contact": {"facebook": "586400567"}, "firstName": "Alaric", "gender": "male", "lastName": "Tan", "id": "7046697", "bio": "", "photo": {"prefix": "https://igx.4sqi.net/img/user/", "suffix": "/HOCIM2HAULQQX14W.jpg"}, "homeCity": "Singapore", "lists": {"groups": [{"items": [], "count": 2, "type": "created"}]}}, {"tips": {"count": 6}, "contact": {"facebook": "706858419"}, "firstName": "Jesmine", "gender": "female", "lastName": "Loh", "id": "1881496", "bio": "", "photo": {"prefix": "https://igx.4sqi.net/img/user/", "suffix": "/ML1DW2DZQO2XANDT.jpg"}, "homeCity": "Singapore", "lists": {"groups": [{"items": [], "count": 2, "type": "created"}]}}, {"tips": {"count": 0}, "contact": {}, "firstName": "Chern", "gender": "female", "id": "4446950", "bio": "", "photo": {"prefix": "https://igx.4sqi.net/img/user/", "suffix": "/blank_girl.png", "default": true}, "homeCity": "Singapore", "lists": {"groups": [{"items": [], "count": 2, "type": "created"}]}}, {"tips": {"count": 14}, "contact": {"facebook": "583733139"}, "firstName": "Hann Long", "gender": "male", "lastName": "Kwan", "id": "11826506", "bio": "", "photo": {"prefix": "https://igx.4sqi.net/img/user/", "suffix": "/VBVEYWP3E3NZK13B.jpg"}, "homeCity": "Hong Kong", "lists": {"groups": [{"items": [], "count": 2, "type": "created"}]}}, {"tips": {"count": 4}, "contact": {"twitter": "sivag", "facebook": "585661355"}, "firstName": "Siva", "gender": "male", "lastName": "Govindasamy", "id": "3253872", "bio": "", "photo": {"prefix": "https://igx.4sqi.net/img/user/", "suffix": "/1BKCVODDPY3K5JRY.jpg"}, "homeCity": "Singapore", "lists": {"groups": [{"items": [], "count": 2, "type": "created"}]}}, {"tips": {"count": 1}, "contact": {"facebook": "719916894"}, "firstName": "Sung Cheng", "gender": "male", "lastName": "Tan", "id": "5538858", "bio": "", "photo": {"prefix": "https://igx.4sqi.net/img/user/", "suffix": "/SPQVGZXSYEOYNPPE.jpg"}, "homeCity": "Singapore", "lists": {"groups": [{"items": [], "count": 2, "type": "created"}]}}, {"tips": {"count": 0}, "contact": {"facebook": "827398959"}, "firstName": "Raphael", "gender": "male", "lastName": "Goncalves", "id": "3606853", "bio": "", "photo": {"prefix": "https://igx.4sqi.net/img/user/", "suffix": "/blank_boy.png", "default": true}, "homeCity": "Santo Andr\u00e9, Brasil", "lists": {"groups": [{"items": [], "count": 2, "type": "created"}]}}, {"tips": {"count": 1}, "contact": {"facebook": "549234582"}, "firstName": "Jenny", "gender": "female", "lastName": "Mok", "id": "6041308", "bio": "", "photo": {"prefix": "https://igx.4sqi.net/img/user/", "suffix": "/SANCUKTUJAORTXEJ.jpg"}, "homeCity": "Singapore", "lists": {"groups": [{"items": [], "count": 2, "type": "created"}]}}, {"tips": {"count": 1}, "contact": {"facebook": "781227305"}, "firstName": "Rachy", "gender": "female", "id": "5339821", "bio": "", "photo": {"prefix": "https://igx.4sqi.net/img/user/", "suffix": "/RBIRYKZK2R4P2IXD.jpg"}, "homeCity": "Singapore", "lists": {"groups": [{"items": [], "count": 2, "type": "created"}]}}, {"tips": {"count": 2}, "contact": {"facebook": "589816372"}, "firstName": "Ai Ling", "gender": "female", "lastName": "Lee", "id": "6484721", "bio": "", "photo": {"prefix": "https://igx.4sqi.net/img/user/", "suffix": "/blank_girl.png", "default": true}, "homeCity": "Singapore", "lists": {"groups": [{"items": [], "count": 2, "type": "created"}]}}, {"tips": {"count": 1}, "contact": {"facebook": "684585754"}, "firstName": "John Ng", "gender": "male", "id": "6013487", "bio": "", "photo": {"prefix": "https://igx.4sqi.net/img/user/", "suffix": "/blank_boy.png", "default": true}, "homeCity": "Petaling Jaya, Malaysia", "lists": {"groups": [{"items": [], "count": 2, "type": "created"}]}}, {"tips": {"count": 78}, "contact": {"twitter": "andrewau", "facebook": "554716113"}, "firstName": "Andrew", "gender": "male", "lastName": "Au", "id": "6405397", "bio": "", "photo": {"prefix": "https://igx.4sqi.net/img/user/", "suffix": "/AKFYZF1UVZFG2XTR.jpg"}, "homeCity": "Singapore ", "lists": {"groups": [{"items": [], "count": 2, "type": "created"}]}}], "count": 35}, "checksum": "0a316b52de40958eeb05483f1f02e57c3bff773d"}, "meta": {"requestId": "596628e9351e3d64b0761ab3", "code": 200}}