{"notifications": [{"type": "notificationTray", "item": {"unreadCount": 0}}], "response": {"friends": {"items": [{"tips": {"count": 13}, "contact": {"twitter": "donygupala", "facebook": "1351917412"}, "firstName": "Dony", "gender": "male", "lastName": "Gupala", "id": "9540973", "bio": "", "photo": {"prefix": "https://igx.4sqi.net/img/user/", "suffix": "/9540973-QPRNQR3MNFLZRDCG.jpg"}, "homeCity": "Surabaya", "lists": {"groups": [{"items": [], "count": 4, "type": "created"}]}}, {"tips": {"count": 0}, "contact": {}, "firstName": "Marianne", "gender": "female", "lastName": "Na", "id": "13442901", "bio": "", "photo": {"prefix": "https://igx.4sqi.net/img/user/", "suffix": "/blank_girl.png", "default": true}, "homeCity": "Singapore", "lists": {"groups": [{"items": [], "count": 2, "type": "created"}]}}, {"tips": {"count": 0}, "contact": {"twitter": "kissteenaa", "facebook": "1317084770"}, "firstName": "Nur", "gender": "female", "lastName": "Qistina", "id": "28343259", "bio": "", "photo": {"prefix": "https://igx.4sqi.net/img/user/", "suffix": "/5XRQK5OTJDDHO05S.jpg"}, "homeCity": "New York, NY", "lists": {"groups": [{"items": [], "count": 2, "type": "created"}]}}, {"tips": {"count": 0}, "contact": {"twitter": "efratatata", "facebook": "1077812213"}, "firstName": "Efrata", "gender": "female", "lastName": "Harsono", "id": "12163463", "bio": "", "photo": {"prefix": "https://igx.4sqi.net/img/user/", "suffix": "/BOPMOPDXYRT03PKV.jpg"}, "homeCity": "Singapore", "lists": {"groups": [{"items": [], "count": 3, "type": "created"}]}}, {"tips": {"count": 0}, "contact": {"twitter": "vanhamtaro", "facebook": "1178058557"}, "firstName": "Van", "gender": "female", "lastName": "Le", "id": "19980039", "bio": "", "photo": {"prefix": "https://igx.4sqi.net/img/user/", "suffix": "/TANMBPX0IKHBUKAQ.jpg"}, "homeCity": "Singapore", "lists": {"groups": [{"items": [], "count": 2, "type": "created"}]}}, {"tips": {"count": 3}, "contact": {"twitter": "desmondeghan", "facebook": "636084441"}, "firstName": "Desmonde", "gender": "male", "lastName": "Ghan", "id": "10396617", "bio": "", "photo": {"prefix": "https://igx.4sqi.net/img/user/", "suffix": "/KXPET2TB0RTDOF3Z.jpg"}, "homeCity": "Bukit Jalil, Malaysia", "lists": {"groups": [{"items": [], "count": 2, "type": "created"}]}}, {"tips": {"count": 82}, "contact": {"twitter": "antoang", "facebook": "1287426229"}, "firstName": "Anto", "gender": "male", "lastName": "Ang", "id": "1807954", "bio": "Pin:antoang", "photo": {"prefix": "https://igx.4sqi.net/img/user/", "suffix": "/1807954-AQ55ZOP4S0IQRC0E.jpg"}, "homeCity": "Shanghai", "lists": {"groups": [{"items": [], "count": 6, "type": "created"}]}}, {"tips": {"count": 0}, "contact": {"twitter": "potomato", "facebook": "576736816"}, "firstName": "Candice", "gender": "female", "lastName": "Balete", "id": "46831128", "bio": "", "photo": {"prefix": "https://igx.4sqi.net/img/user/", "suffix": "/46831128-AS0LXZHLJCO223GF.jpg"}, "homeCity": "Singapore", "lists": {"groups": [{"items": [], "count": 2, "type": "created"}]}}, {"tips": {"count": 0}, "contact": {"twitter": "ervanardhan"}, "firstName": "Ervan", "gender": "male", "lastName": "Wardhana", "id": "14271771", "bio": "", "photo": {"prefix": "https://igx.4sqi.net/img/user/", "suffix": "/32INRGLJQA3E3DDF.jpg"}, "homeCity": "Surabaya, Indonesia", "lists": {"groups": [{"items": [], "count": 2, "type": "created"}]}}, {"tips": {"count": 1}, "contact": {"twitter": "mentaryglossyta", "facebook": "1214123097"}, "firstName": "Mentari", "gender": "female", "lastName": "Queen Glossyta", "id": "9594877", "bio": "love graphic design, music, art, photography, seafood, retro, vintage, patterns | entrepreneur wannabe | still studying at Informatics Engineering '11 ITS", "photo": {"prefix": "https://igx.4sqi.net/img/user/", "suffix": "/C5AKTXZLS4OWEY55.jpg"}, "homeCity": "Kediri, Indonesia", "lists": {"groups": [{"items": [], "count": 2, "type": "created"}]}}, {"tips": {"count": 0}, "contact": {}, "firstName": "Agung", "gender": "male", "lastName": "Putra", "id": "1275632", "bio": "", "photo": {"prefix": "https://igx.4sqi.net/img/user/", "suffix": "/LKG5ZQHDAAKIOMLR.jpg"}, "homeCity": "Surabaya, Jawa Timur", "lists": {"groups": [{"items": [], "count": 2, "type": "created"}]}}, {"tips": {"count": 0}, "contact": {"twitter": "ladyjosce"}, "firstName": "Joceline", "gender": "female", "lastName": "Janice", "id": "2551854", "bio": "", "photo": {"prefix": "https://igx.4sqi.net/img/user/", "suffix": "/blank_girl.png", "default": true}, "homeCity": "Jakarta, Indonesia", "lists": {"groups": [{"items": [], "count": 2, "type": "created"}]}}, {"tips": {"count": 0}, "contact": {"twitter": "nani3n"}, "firstName": "Nanien", "gender": "female", "lastName": "Anggraini", "id": "1481048", "bio": "", "photo": {"prefix": "https://igx.4sqi.net/img/user/", "suffix": "/2OSL12OE2FDZCSR2.jpg"}, "homeCity": "Jakarta Capital Region, Jakarta Capital Regi", "lists": {"groups": [{"items": [], "count": 2, "type": "created"}]}}, {"tips": {"count": 1}, "contact": {"twitter": "nanosantano", "facebook": "1680077467"}, "firstName": "Santano", "gender": "male", "lastName": "Ksatriawisesa", "id": "12174929", "bio": "", "photo": {"prefix": "https://igx.4sqi.net/img/user/", "suffix": "/3HULKSUXI0UDHARJ.jpg"}, "homeCity": "Kediri, Indonesia", "lists": {"groups": [{"items": [], "count": 3, "type": "created"}]}}, {"tips": {"count": 0}, "contact": {"facebook": "680453435"}, "firstName": "Neha", "gender": "female", "lastName": "Josi", "id": "9025631", "bio": "", "photo": {"prefix": "https://igx.4sqi.net/img/user/", "suffix": "/OEDDYCKHNK01CBFV.jpg"}, "homeCity": "Singapore", "lists": {"groups": [{"items": [], "count": 2, "type": "created"}]}}, {"tips": {"count": 7}, "contact": {}, "firstName": "martias", "gender": "male", "lastName": "samsudin", "id": "1877222", "bio": "", "photo": {"prefix": "https://igx.4sqi.net/img/user/", "suffix": "/ONVBIGNGP5RUGAJX.jpg"}, "homeCity": "Jakarta Timur", "lists": {"groups": [{"items": [], "count": 2, "type": "created"}]}}, {"tips": {"count": 0}, "contact": {}, "firstName": "Nara", "gender": "male", "lastName": "Asoka", "id": "21289213", "bio": "", "photo": {"prefix": "https://igx.4sqi.net/img/user/", "suffix": "/CTLHEQLOL04NDX12.jpg"}, "homeCity": "Yogyakarta", "lists": {"groups": [{"items": [], "count": 2, "type": "created"}]}}, {"tips": {"count": 0}, "contact": {"twitter": "devysalves", "facebook": "1209753053"}, "firstName": "Devy", "gender": "female", "id": "30523305", "bio": "", "photo": {"prefix": "https://igx.4sqi.net/img/user/", "suffix": "/blank_girl.png", "default": true}, "homeCity": "Bali", "lists": {"groups": [{"items": [], "count": 2, "type": "created"}]}}, {"tips": {"count": 0}, "contact": {"twitter": "c_tasya", "facebook": "1306273425"}, "firstName": "Chintasya", "gender": "female", "lastName": "Farndathania", "id": "43234627", "bio": "Mohan Ari Salistya is mine.", "photo": {"prefix": "https://igx.4sqi.net/img/user/", "suffix": "/SA00CPVVT2RMHYTT.jpg"}, "homeCity": "Jawa Timur", "lists": {"groups": [{"items": [], "count": 2, "type": "created"}]}}, {"tips": {"count": 0}, "contact": {"twitter": "hasnash99", "facebook": "100003994010777"}, "firstName": "Hasna", "gender": "female", "lastName": "S.P.", "id": "45628223", "bio": "", "photo": {"prefix": "https://igx.4sqi.net/img/user/", "suffix": "/45628223-EESSIZEFRTPD5THT.jpg"}, "homeCity": "Jawa Timur", "lists": {"groups": [{"items": [], "count": 2, "type": "created"}]}}], "count": 20}, "checksum": "27dfe1e5e320f0a4bef211ceb59fafe00f9d0112"}, "meta": {"requestId": "5965cc221ed21919fc65b2ec", "code": 200}}