{"notifications": [{"type": "notificationTray", "item": {"unreadCount": 0}}], "response": {"friends": {"items": [{"tips": {"count": 5}, "contact": {}, "firstName": "angeline", "gender": "female", "lastName": "terisa", "id": "340642", "bio": "", "photo": {"prefix": "https://igx.4sqi.net/img/user/", "suffix": "/CQZZTC1B22UHLOSY.jpg"}, "homeCity": "Singapore", "lists": {"groups": [{"items": [], "count": 2, "type": "created"}]}}, {"tips": {"count": 0}, "contact": {"twitter": "brewsterv2", "facebook": "616200474"}, "firstName": "Tom", "gender": "male", "lastName": "Vincent", "id": "1532453", "bio": "", "photo": {"prefix": "https://igx.4sqi.net/img/user/", "suffix": "/MJAKBBR5WAE3IAEJ.jpg"}, "homeCity": "Putney, London", "lists": {"groups": [{"items": [], "count": 2, "type": "created"}]}}, {"tips": {"count": 1}, "contact": {"twitter": "charlesallen15", "facebook": "627625377"}, "firstName": "Charles", "gender": "male", "lastName": "Allen", "id": "23896071", "bio": "Fab wife 3 teenage kids | @snaprecipebox co-founder | Freelance business dev | \u2764 Yorkshire Food Drink Family Friends Hols Skiing Fitness Sport | Over-sharer", "photo": {"prefix": "https://igx.4sqi.net/img/user/", "suffix": "/23896071-OQ5XXSZFVSS1F24H.jpg"}, "homeCity": "Thirsk, North Yorkshire, England", "lists": {"groups": [{"items": [], "count": 3, "type": "created"}]}}, {"tips": {"count": 2}, "contact": {"facebook": "548030204"}, "firstName": "Christian", "gender": "male", "lastName": "Schmollinger", "id": "65385991", "bio": "", "photo": {"prefix": "https://igx.4sqi.net/img/user/", "suffix": "/blank_boy.png", "default": true}, "homeCity": "", "lists": {"groups": [{"items": [], "count": 2, "type": "created"}]}}], "count": 4}, "checksum": "c45632631b3762c20b15e36ac38b74716984fd5f"}, "meta": {"requestId": "5965f0c91ed21919f819fb0f", "code": 200}}