{"notifications": [{"type": "notificationTray", "item": {"unreadCount": 0}}], "response": {"friends": {"items": [{"tips": {"count": 3}, "contact": {"twitter": "strawberyween", "facebook": "1172178519"}, "firstName": "Strawberry", "gender": "female", "lastName": "Ween", "id": "4453680", "bio": "", "photo": {"prefix": "https://igx.4sqi.net/img/user/", "suffix": "/UYUQEV0SL5YZEO3H.jpg"}, "homeCity": "Malaysia", "lists": {"groups": [{"items": [], "count": 2, "type": "created"}]}}, {"tips": {"count": 0}, "contact": {"facebook": "553978687"}, "firstName": "Michael", "gender": "male", "lastName": "Tok", "id": "4313162", "bio": "", "photo": {"prefix": "https://igx.4sqi.net/img/user/", "suffix": "/blank_boy.png", "default": true}, "homeCity": "Singapore", "lists": {"groups": [{"items": [], "count": 2, "type": "created"}]}}, {"tips": {"count": 0}, "contact": {"twitter": "sakisugita", "facebook": "100002439561959"}, "firstName": "sakisugita", "gender": "female", "id": "1197600", "bio": "", "photo": {"prefix": "https://igx.4sqi.net/img/user/", "suffix": "/EUMUQ3M5A3PJ2LZD.jpg"}, "homeCity": "Chiyoda-ku, Tokyo", "lists": {"groups": [{"items": [], "count": 2, "type": "created"}]}}, {"tips": {"count": 0}, "contact": {"twitter": "eatmypillow", "facebook": "621114892"}, "firstName": "Felyn", "gender": "female", "lastName": "Tan", "id": "6434344", "bio": "", "photo": {"prefix": "https://igx.4sqi.net/img/user/", "suffix": "/JWJYKA0GZQREYKGD.jpg"}, "homeCity": "Singapore", "lists": {"groups": [{"items": [], "count": 2, "type": "created"}]}}, {"tips": {"count": 0}, "contact": {"twitter": "kangelavender", "facebook": "572292412"}, "firstName": "Angela", "gender": "female", "lastName": "Kang", "id": "6626722", "bio": "", "photo": {"prefix": "https://igx.4sqi.net/img/user/", "suffix": "/5ZNIBBFNJRSFQUPD.jpg"}, "homeCity": "Singapore ", "lists": {"groups": [{"items": [], "count": 2, "type": "created"}]}}, {"tips": {"count": 5}, "contact": {"facebook": "739092500"}, "firstName": "Angie", "gender": "female", "lastName": "Chang", "id": "4251281", "bio": "", "photo": {"prefix": "https://igx.4sqi.net/img/user/", "suffix": "/K1NHFYGND0130KCN.jpg"}, "homeCity": "Singapore", "lists": {"groups": [{"items": [], "count": 2, "type": "created"}]}}, {"tips": {"count": 0}, "contact": {"twitter": "stratospheluv", "facebook": "609692704"}, "firstName": "Midori", "gender": "female", "lastName": "Stratospheluv", "id": "4421249", "bio": "", "photo": {"prefix": "https://igx.4sqi.net/img/user/", "suffix": "/1IK5FQM14SRR4ZEH.jpg"}, "homeCity": "Singapore", "lists": {"groups": [{"items": [], "count": 2, "type": "created"}]}}, {"tips": {"count": 2}, "contact": {}, "firstName": "kyoko", "gender": "female", "lastName": "mashima", "id": "258392", "bio": "", "photo": {"prefix": "https://igx.4sqi.net/img/user/", "suffix": "/MF1XLZ5MA4KN3VHG.png"}, "homeCity": "\u6e0b\u8c37\u533a, \u6771\u4eac\u90fd", "lists": {"groups": [{"items": [], "count": 2, "type": "created"}]}}, {"tips": {"count": 2}, "contact": {"twitter": "sallywong1990", "facebook": "10153279426664812"}, "firstName": "Sally", "gender": "female", "lastName": "Wong", "id": "5512197", "bio": "", "photo": {"prefix": "https://igx.4sqi.net/img/user/", "suffix": "/ZCYYZPSYBKBBUILH.jpg"}, "homeCity": "Puchong, Malaysia", "lists": {"groups": [{"items": [], "count": 2, "type": "created"}]}}, {"tips": {"count": 2}, "contact": {"twitter": "chilpid", "facebook": "1394834326"}, "firstName": "Silvia", "gender": "female", "lastName": "Hartono", "id": "2188372", "bio": "", "photo": {"prefix": "https://igx.4sqi.net/img/user/", "suffix": "/2188372-PC42DL3QWEVCMIAL.jpg"}, "homeCity": "Denpasar, Indonesia", "lists": {"groups": [{"items": [], "count": 2, "type": "created"}]}}, {"tips": {"count": 1}, "contact": {"twitter": "kittylovees", "facebook": "798675290"}, "firstName": "Claris \ue04f", "gender": "female", "id": "4570615", "bio": "", "photo": {"prefix": "https://igx.4sqi.net/img/user/", "suffix": "/QW3OF4WIJDAMXU2E.jpg"}, "homeCity": "Singapore", "lists": {"groups": [{"items": [], "count": 3, "type": "created"}]}}, {"tips": {"count": 0}, "contact": {"facebook": "1512938722"}, "firstName": "Chew", "gender": "female", "lastName": "Karin", "id": "2912697", "bio": "", "photo": {"prefix": "https://igx.4sqi.net/img/user/", "suffix": "/1FZ2XIAMQ2PTDINQ.jpg"}, "homeCity": "Singapore", "lists": {"groups": [{"items": [], "count": 2, "type": "created"}]}}, {"tips": {"count": 13}, "contact": {"twitter": "dianathorpadv", "facebook": "599105166"}, "firstName": "Diana Thorpad", "gender": "female", "lastName": "Varanyananda", "id": "189762", "bio": "", "photo": {"prefix": "https://igx.4sqi.net/img/user/", "suffix": "/1133MWMIA0URTEG5.jpg"}, "homeCity": "Bangkok, Thailand", "lists": {"groups": [{"items": [], "count": 2, "type": "created"}]}}, {"tips": {"count": 4}, "contact": {"twitter": "antigonesuicide", "facebook": "1435778957"}, "firstName": "Antigone", "gender": "female", "lastName": "Suicide", "id": "649678", "bio": "", "photo": {"prefix": "https://igx.4sqi.net/img/user/", "suffix": "/I5ZZPOXYDO5AH4DU.jpg"}, "homeCity": "Norco, CA", "lists": {"groups": [{"items": [], "count": 2, "type": "created"}]}}, {"tips": {"count": 0}, "contact": {"twitter": "sakurasaku427", "facebook": "1222194594462035"}, "firstName": "mayu", "gender": "female", "lastName": "hatanaka", "id": "736087", "bio": "", "photo": {"prefix": "https://igx.4sqi.net/img/user/", "suffix": "/55HARITPV5IGCDW2.jpg"}, "homeCity": "\u6e0b\u8c37\u533a, \u6771\u4eac\u90fd", "lists": {"groups": [{"items": [], "count": 2, "type": "created"}]}}, {"tips": {"count": 4}, "contact": {"twitter": "tomokohosaka"}, "firstName": "Tomoko", "gender": "female", "lastName": "Hosaka", "id": "801060", "bio": "", "photo": {"prefix": "https://igx.4sqi.net/img/user/", "suffix": "/CQY5OB3GH1BOMKUE.jpg"}, "homeCity": "Washington DC", "lists": {"groups": [{"items": [], "count": 2, "type": "created"}]}}, {"tips": {"count": 0}, "contact": {"twitter": "snowlsy"}, "firstName": "shuyun", "gender": "female", "lastName": "Lim", "id": "2946282", "bio": "", "photo": {"prefix": "https://igx.4sqi.net/img/user/", "suffix": "/AFU2VVMYNYWGOCXW.jpg"}, "homeCity": "Singapore", "lists": {"groups": [{"items": [], "count": 2, "type": "created"}]}}, {"tips": {"count": 38}, "contact": {"twitter": "rebelbxoxo", "facebook": "1535380919"}, "firstName": "Diana", "gender": "female", "lastName": "Mok", "id": "1753703", "bio": "", "photo": {"prefix": "https://igx.4sqi.net/img/user/", "suffix": "/1753703-QARKNPJ4MQPYXVTU.jpg"}, "homeCity": "Singapore", "lists": {"groups": [{"items": [], "count": 2, "type": "created"}]}}, {"tips": {"count": 0}, "contact": {"twitter": "jolthechipz", "facebook": "1633422768"}, "firstName": "Joleen", "gender": "female", "lastName": "\ud83c\udf80", "id": "927184", "bio": "@jolthechipz", "photo": {"prefix": "https://igx.4sqi.net/img/user/", "suffix": "/927184-NIXWPDOLLNIFW4DF.jpg"}, "homeCity": "", "lists": {"groups": [{"items": [], "count": 2, "type": "created"}]}}, {"tips": {"count": 0}, "contact": {"twitter": "lyhxoxo"}, "firstName": "Yinghui", "gender": "female", "lastName": "Lau", "id": "2440839", "bio": "", "photo": {"prefix": "https://igx.4sqi.net/img/user/", "suffix": "/2440839-GWWSI23XXP3LW2JJ.jpg"}, "homeCity": "Singapore", "lists": {"groups": [{"items": [], "count": 2, "type": "created"}]}}, {"tips": {"count": 0}, "contact": {}, "firstName": "iicy", "gender": "female", "lastName": "Lim", "id": "2102002", "bio": "", "photo": {"prefix": "https://igx.4sqi.net/img/user/", "suffix": "/2102002-KJPX2BE5W3P42O1D.jpg"}, "homeCity": "Singapore", "lists": {"groups": [{"items": [], "count": 3, "type": "created"}]}}, {"tips": {"count": 0}, "contact": {"twitter": "twinkletwinklez", "facebook": "661438343"}, "firstName": "Clarissa", "gender": "female", "id": "2164227", "bio": "", "photo": {"prefix": "https://igx.4sqi.net/img/user/", "suffix": "/KUX5R0XAZRJCHHHL.jpg"}, "homeCity": "Surabaya, East Java", "lists": {"groups": [{"items": [], "count": 2, "type": "created"}]}}, {"tips": {"count": 0}, "contact": {"twitter": "manzywanzy", "facebook": "1280673930"}, "firstName": "Amanda Teo", "gender": "female", "id": "4972849", "bio": "@manzywanzy / @mandehhhhh", "photo": {"prefix": "https://igx.4sqi.net/img/user/", "suffix": "/4972849-GIL35THXRR1UVU3V.jpg"}, "homeCity": "Singapore", "lists": {"groups": [{"items": [], "count": 2, "type": "created"}]}}, {"tips": {"count": 2}, "contact": {}, "firstName": "Peeraya", "gender": "female", "lastName": "Gift", "id": "4546741", "bio": "\u4eba\u751f\u304c\u96e3\u3057\u3044\u6642\u306f\u65c5\u3092\u3057\u3088\u3046", "photo": {"prefix": "https://igx.4sqi.net/img/user/", "suffix": "/TAZVA5UVR2QGDP0S.jpg"}, "homeCity": "\u65e5\u672c", "lists": {"groups": [{"items": [], "count": 2, "type": "created"}]}}, {"tips": {"count": 8}, "contact": {"twitter": "cherryuber", "facebook": "514224231"}, "firstName": "CherrY", "gender": "female", "lastName": "SaowalaK", "id": "2108894", "bio": "", "photo": {"prefix": "https://igx.4sqi.net/img/user/", "suffix": "/3IVRW4KE2GC4ZPFU.jpg"}, "homeCity": "Khlong Toei Nuea, Bangkok", "lists": {"groups": [{"items": [], "count": 2, "type": "created"}]}}, {"tips": {"count": 4}, "contact": {"twitter": "regineliewjn", "facebook": "10204002917832261"}, "firstName": "Regine", "gender": "female", "id": "10469358", "bio": "https://mobile.twitter.com/#!regineliewjn\r\nInstagram @_ljnrxx", "photo": {"prefix": "https://igx.4sqi.net/img/user/", "suffix": "/10469358_IOGafEyu_got-yypCRP_ZRvSLN-XB6XkuOS5tNqYXz0_hMP3RbzHg2cPsXwd5sNOwSlx0dSlG.jpg"}, "homeCity": "Seoul, south Korea", "lists": {"groups": [{"items": [], "count": 2, "type": "created"}]}}, {"tips": {"count": 0}, "contact": {"twitter": "camuitoya", "facebook": "100001059089109"}, "firstName": "Toya", "gender": "female", "lastName": "Camui", "id": "11421689", "bio": "", "photo": {"prefix": "https://igx.4sqi.net/img/user/", "suffix": "/YIBRJYFC1R2STZTD.jpg"}, "homeCity": "\u6d77\u8001\u540d\u5e02, \u65e5\u672c", "lists": {"groups": [{"items": [], "count": 2, "type": "created"}]}}, {"tips": {"count": 0}, "contact": {"twitter": "lipsaffair", "facebook": "672769648"}, "firstName": "Y I J U N", "gender": "female", "id": "4294970", "bio": "", "photo": {"prefix": "https://igx.4sqi.net/img/user/", "suffix": "/ZK5B5W3BWAYS44S5.jpg"}, "homeCity": "Singapore", "lists": {"groups": [{"items": [], "count": 2, "type": "created"}]}}, {"tips": {"count": 0}, "contact": {"facebook": "764033943"}, "firstName": "Winnie", "gender": "female", "lastName": "Wai Leng", "id": "4556723", "bio": "", "photo": {"prefix": "https://igx.4sqi.net/img/user/", "suffix": "/YD4UHQEAYNYCBMXW.jpg"}, "homeCity": "Ipoh", "lists": {"groups": [{"items": [], "count": 2, "type": "created"}]}}, {"tips": {"count": 3}, "contact": {"twitter": "pearlyntyx", "facebook": "1088209317"}, "firstName": "Pearlyn", "gender": "female", "lastName": "Tan", "id": "13815316", "bio": "", "photo": {"prefix": "https://igx.4sqi.net/img/user/", "suffix": "/13815316-QRYRJY44CBFLKSTJ.jpg"}, "homeCity": "Singapore", "lists": {"groups": [{"items": [], "count": 2, "type": "created"}]}}, {"tips": {"count": 0}, "contact": {"twitter": "jsyinggg", "facebook": "10205322560575936"}, "firstName": "Jasmine", "gender": "female", "lastName": "Saw", "id": "5556446", "bio": "", "photo": {"prefix": "https://igx.4sqi.net/img/user/", "suffix": "/5556446-4M0X0QXL45GTQUOO.jpg"}, "homeCity": "Singapore", "lists": {"groups": [{"items": [], "count": 2, "type": "created"}]}}, {"tips": {"count": 0}, "contact": {"twitter": "anggie_ashley", "facebook": "676842033"}, "firstName": "Anggie", "gender": "female", "lastName": "Tay", "id": "2765654", "bio": "", "photo": {"prefix": "https://igx.4sqi.net/img/user/", "suffix": "/X20VSV3DTJV4GUTU.jpg"}, "homeCity": "Singapore", "lists": {"groups": [{"items": [], "count": 2, "type": "created"}]}}, {"tips": {"count": 1}, "contact": {"twitter": "myfatecriesout", "facebook": "1181910817"}, "firstName": "Jingyi", "gender": "female", "lastName": "Yan", "id": "4919745", "bio": "", "photo": {"prefix": "https://igx.4sqi.net/img/user/", "suffix": "/4919745_Jf32y5gm_qJFQsfP06IXvve0JOJ70cRU30XXKjBEP-bo3sL5D_tU1xFxhupjCKzEIGZZKLLkg.jpg"}, "homeCity": "Singapore", "lists": {"groups": [{"items": [], "count": 2, "type": "created"}]}}, {"tips": {"count": 1}, "contact": {"twitter": "janiceallison", "facebook": "760313981"}, "firstName": "Janice", "gender": "female", "lastName": "Allison", "id": "2937381", "bio": "", "photo": {"prefix": "https://igx.4sqi.net/img/user/", "suffix": "/1JGHCV1DLZAOPIEZ.jpg"}, "homeCity": "Singapore", "lists": {"groups": [{"items": [], "count": 2, "type": "created"}]}}, {"tips": {"count": 11}, "contact": {"twitter": "rei_hasegawa", "facebook": "578151850"}, "firstName": "Rei", "gender": "female", "lastName": "Hasegawa", "id": "295012", "bio": "", "photo": {"prefix": "https://igx.4sqi.net/img/user/", "suffix": "/CM0G1SVBNLEA4TL2.jpg"}, "homeCity": "\u5343\u4ee3\u7530\u533a, \u6771\u4eac\u90fd", "lists": {"groups": [{"items": [], "count": 2, "type": "created"}]}}, {"tips": {"count": 13}, "contact": {"twitter": "xrispoh", "facebook": "10153260084275266"}, "firstName": "Chris", "gender": "female", "lastName": "Poh", "id": "3450305", "bio": "", "photo": {"prefix": "https://igx.4sqi.net/img/user/", "suffix": "/5RK3TDCZKLXDTCXB.jpg"}, "homeCity": "Singapore", "lists": {"groups": [{"items": [], "count": 3, "type": "created"}]}}, {"tips": {"count": 0}, "contact": {"facebook": "100000725205351"}, "firstName": "Miki", "gender": "female", "lastName": "Shimada", "id": "737246", "bio": "", "photo": {"prefix": "https://igx.4sqi.net/img/user/", "suffix": "/43G2B5U444ZIXO5Q.jpg"}, "homeCity": " Japan", "lists": {"groups": [{"items": [], "count": 2, "type": "created"}]}}, {"tips": {"count": 0}, "contact": {"twitter": "13thcentury"}, "firstName": "Vanessa", "gender": "female", "lastName": "Ho", "id": "4949150", "bio": "", "photo": {"prefix": "https://igx.4sqi.net/img/user/", "suffix": "/IWADYPVCB5H2UKCQ.jpg"}, "homeCity": "Singapore", "lists": {"groups": [{"items": [], "count": 2, "type": "created"}]}}, {"tips": {"count": 0}, "contact": {"twitter": "yourichansound", "facebook": "1427321716"}, "firstName": "youri", "gender": "female", "lastName": "noguchi", "id": "4704453", "bio": "", "photo": {"prefix": "https://igx.4sqi.net/img/user/", "suffix": "/4704453-WC2DLHKMN01MYBDH.jpg"}, "homeCity": "\u9ad8\u77f3\u5e02, \u65e5\u672c", "lists": {"groups": [{"items": [], "count": 2, "type": "created"}]}}, {"tips": {"count": 2}, "contact": {"twitter": "amandaysh", "facebook": "1639135005"}, "firstName": "Amanda", "gender": "female", "lastName": "YSH", "id": "1758364", "bio": "Bibliophage.", "photo": {"prefix": "https://igx.4sqi.net/img/user/", "suffix": "/2CKITAAGCHNQBRJB.jpg"}, "homeCity": "Singapore", "lists": {"groups": [{"items": [], "count": 2, "type": "created"}]}}, {"tips": {"count": 315}, "contact": {"twitter": "zzinglove", "facebook": "879044018833051"}, "firstName": "Mi hyun", "gender": "female", "lastName": "Woo", "id": "977252", "bio": "", "photo": {"prefix": "https://igx.4sqi.net/img/user/", "suffix": "/977252-V5U0JPLDEHPDBLSL.jpg"}, "homeCity": "\ub300\ud55c\ubbfc\uad6d", "lists": {"groups": [{"items": [], "count": 2, "type": "created"}]}}, {"tips": {"count": 23}, "contact": {"facebook": "574085210"}, "firstName": "Krystalbel", "gender": "female", "lastName": "'En", "id": "2441482", "bio": "", "photo": {"prefix": "https://igx.4sqi.net/img/user/", "suffix": "/KPN4PV5SJFKQ55HO.jpg"}, "homeCity": "Singapore", "lists": {"groups": [{"items": [], "count": 13, "type": "created"}]}}, {"tips": {"count": 1}, "contact": {"twitter": "realfashionista"}, "firstName": "AJ", "gender": "female", "lastName": "Boykins", "id": "10993031", "bio": "", "photo": {"prefix": "https://igx.4sqi.net/img/user/", "suffix": "/VYP0WIBI15QIFFH0.jpg"}, "homeCity": "Phoenix, AZ", "lists": {"groups": [{"items": [], "count": 2, "type": "created"}]}}, {"tips": {"count": 1}, "contact": {"twitter": "ataszoey", "facebook": "1421553519"}, "firstName": "Zoey", "gender": "female", "lastName": "Wong", "id": "9368200", "bio": "Check in here, check in there \u270c", "photo": {"prefix": "https://igx.4sqi.net/img/user/", "suffix": "/9368200-QY5QYL1KI5ESBLFD.jpg"}, "homeCity": "Singapore", "lists": {"groups": [{"items": [], "count": 2, "type": "created"}]}}, {"tips": {"count": 0}, "contact": {"twitter": "mika_seunghyun", "facebook": "1767351061"}, "firstName": "Alicia", "gender": "female", "lastName": "Mika", "id": "4891649", "bio": "", "photo": {"prefix": "https://igx.4sqi.net/img/user/", "suffix": "/IWHOQFJJ5QEMVG43.jpg"}, "homeCity": "Singapore", "lists": {"groups": [{"items": [], "count": 2, "type": "created"}]}}, {"tips": {"count": 2}, "contact": {}, "firstName": "Brian", "gender": "male", "lastName": "Mitchell", "id": "2113962", "bio": "", "photo": {"prefix": "https://igx.4sqi.net/img/user/", "suffix": "/PQYX05BXQ2XQGSLP.jpg"}, "homeCity": "Mt Holly, New Jersey", "lists": {"groups": [{"items": [], "count": 2, "type": "created"}]}}, {"tips": {"count": 0}, "contact": {}, "firstName": "Serina", "gender": "female", "lastName": "Lim", "id": "11424877", "bio": "", "photo": {"prefix": "https://igx.4sqi.net/img/user/", "suffix": "/ZI5DQLRJ4J5S44ZJ.jpg"}, "homeCity": "Singapore", "lists": {"groups": [{"items": [], "count": 2, "type": "created"}]}}, {"tips": {"count": 4}, "contact": {}, "firstName": "Aileenie\u30c4 (\uad8c \uc9c4 \uc560)", "gender": "female", "lastName": "Ting", "id": "6564742", "bio": "", "photo": {"prefix": "https://igx.4sqi.net/img/user/", "suffix": "/WG50CFK0KXOOB02C.jpg"}, "homeCity": "Bellevue, WA", "lists": {"groups": [{"items": [], "count": 2, "type": "created"}]}}, {"tips": {"count": 0}, "contact": {"twitter": "tingtingpanda", "facebook": "524899081"}, "firstName": "-ahTING", "gender": "female", "lastName": "\u5a77", "id": "4567711", "bio": "\u2764\ufe0f Instagram @TingTingPanda\nFriend list full.", "photo": {"prefix": "https://igx.4sqi.net/img/user/", "suffix": "/VCDRVPWJ51QPB25R.jpg"}, "homeCity": "Singapore", "lists": {"groups": [{"items": [], "count": 2, "type": "created"}]}}, {"tips": {"count": 25}, "contact": {}, "firstName": "\u3042\uff57\uff57\uff57\u3093\uff57\uff57\uff57\u3048\uff57\uff57\uff57\u3044\uff57\uff57\uff57(\u7b11)", "gender": "male", "lastName": "\u59d4\u54e1\u9577\ue05a", "id": "5578550", "bio": "", "photo": {"prefix": "https://igx.4sqi.net/img/user/", "suffix": "/5578550-MA5RGVUIB3VK3OR4.jpg"}, "homeCity": "\u4e2d\u91ce\u533a, \u65e5\u672c", "lists": {"groups": [{"items": [], "count": 8, "type": "created"}]}}, {"tips": {"count": 11}, "contact": {}, "firstName": "Papercut", "gender": "female", "lastName": "\u00a9", "id": "3355490", "bio": "", "photo": {"prefix": "https://igx.4sqi.net/img/user/", "suffix": "/EEABDMLLOH3OC5RK.jpg"}, "homeCity": "Singapore", "lists": {"groups": [{"items": [], "count": 3, "type": "created"}]}}, {"tips": {"count": 0}, "contact": {}, "firstName": "eileen", "gender": "female", "lastName": "hatethewayiam", "id": "9616116", "bio": "", "photo": {"prefix": "https://igx.4sqi.net/img/user/", "suffix": "/TOVBRUN5UJAQKTTX.jpg"}, "homeCity": "Singapore", "lists": {"groups": [{"items": [], "count": 2, "type": "created"}]}}, {"tips": {"count": 1}, "contact": {"twitter": "charisphil", "facebook": "626041613"}, "firstName": "Charis", "gender": "female", "lastName": "Phil", "id": "3059851", "bio": "", "photo": {"prefix": "https://igx.4sqi.net/img/user/", "suffix": "/KF12Q4PTDGEYXWR0.jpg"}, "homeCity": "Singapore", "lists": {"groups": [{"items": [], "count": 2, "type": "created"}]}}, {"tips": {"count": 7}, "contact": {"twitter": "_himachan"}, "firstName": "himawari", "gender": "female", "id": "314787", "bio": "", "photo": {"prefix": "https://igx.4sqi.net/img/user/", "suffix": "/INP3KEX52SW22L0G.jpg"}, "homeCity": "\u5343\u4ee3\u7530\u533a, \u6771\u4eac\u90fd", "lists": {"groups": [{"items": [], "count": 2, "type": "created"}]}}, {"tips": {"count": 0}, "contact": {"facebook": "583313635"}, "firstName": "Joanne", "gender": "female", "lastName": "Jiali", "id": "4099782", "bio": "", "photo": {"prefix": "https://igx.4sqi.net/img/user/", "suffix": "/YZQWX51EP0PBZCVI.jpg"}, "homeCity": "Singapore", "lists": {"groups": [{"items": [], "count": 2, "type": "created"}]}}, {"tips": {"count": 0}, "contact": {"twitter": "16heartz", "facebook": "721599677"}, "firstName": "Tiffany", "gender": "female", "lastName": "Boon", "id": "3329280", "bio": "", "photo": {"prefix": "https://igx.4sqi.net/img/user/", "suffix": "/3329280-MPLFFFIL2LORFPY5.jpg"}, "homeCity": "Singapore", "lists": {"groups": [{"items": [], "count": 2, "type": "created"}]}}, {"tips": {"count": 2}, "contact": {"twitter": "megumiki", "facebook": "805301589543272"}, "firstName": "megumiki", "gender": "female", "id": "5418961", "bio": "", "photo": {"prefix": "https://igx.4sqi.net/img/user/", "suffix": "/3YU3SS12UIJSEAVO.jpg"}, "homeCity": "\u85e4\u6ca2\u5e02, \u65e5\u672c", "lists": {"groups": [{"items": [], "count": 2, "type": "created"}]}}, {"tips": {"count": 2}, "contact": {"twitter": "rineeong", "facebook": "1576521155"}, "firstName": "Rinee", "gender": "female", "lastName": "Ong", "id": "4226818", "bio": "", "photo": {"prefix": "https://igx.4sqi.net/img/user/", "suffix": "/3YWKFXQS4IFO1AHA.jpg"}, "homeCity": "Singapore", "lists": {"groups": [{"items": [], "count": 2, "type": "created"}]}}, {"tips": {"count": 4}, "contact": {"facebook": "513595604"}, "firstName": "Jane", "gender": "female", "lastName": "Hur", "id": "1634449", "bio": "", "photo": {"prefix": "https://igx.4sqi.net/img/user/", "suffix": "/POYMGHI5ROT0V3MT.jpg"}, "homeCity": "NYC ", "lists": {"groups": [{"items": [], "count": 2, "type": "created"}]}}, {"tips": {"count": 7}, "contact": {"twitter": "cookiemunchies", "facebook": "603701041"}, "firstName": "Cheryl", "gender": "female", "lastName": "Goh", "id": "2508904", "bio": "", "photo": {"prefix": "https://igx.4sqi.net/img/user/", "suffix": "/COWKBQPUIC21BFOB.jpg"}, "homeCity": "Singapore", "lists": {"groups": [{"items": [], "count": 3, "type": "created"}]}}, {"tips": {"count": 1}, "contact": {"twitter": "012pajama"}, "firstName": "EunJ.", "gender": "female", "id": "9523439", "bio": "", "photo": {"prefix": "https://igx.4sqi.net/img/user/", "suffix": "/W3MBSXWB2ZYRMERZ.jpg"}, "homeCity": "\uc11c\uc6b8\ud2b9\ubcc4\uc2dc, \ub300\ud55c\ubbfc\uad6d", "lists": {"groups": [{"items": [], "count": 2, "type": "created"}]}}, {"tips": {"count": 0}, "contact": {"facebook": "698496554"}, "firstName": "Jenny", "gender": "female", "lastName": "Teo", "id": "6219905", "bio": "", "photo": {"prefix": "https://igx.4sqi.net/img/user/", "suffix": "/PL1RA3JXAFNWLPCP.jpg"}, "homeCity": "Singapore", "lists": {"groups": [{"items": [], "count": 2, "type": "created"}]}}, {"tips": {"count": 0}, "contact": {"twitter": "acklz", "facebook": "1277073865"}, "firstName": "Adeline", "gender": "female", "lastName": "Chew", "id": "5143632", "bio": "", "photo": {"prefix": "https://igx.4sqi.net/img/user/", "suffix": "/DLBDPIJ0BZ1XK40B.jpg"}, "homeCity": "Singapore", "lists": {"groups": [{"items": [], "count": 2, "type": "created"}]}}, {"tips": {"count": 0}, "contact": {"facebook": "1179236511"}, "firstName": "kaili", "gender": "female", "lastName": "ng", "id": "7610782", "bio": "", "photo": {"prefix": "https://igx.4sqi.net/img/user/", "suffix": "/2NT31VSFYTCRUGZ2.jpg"}, "homeCity": "Singapore", "lists": {"groups": [{"items": [], "count": 2, "type": "created"}]}}, {"tips": {"count": 0}, "contact": {"twitter": "yanqchean"}, "firstName": "Yan Qi", "gender": "female", "id": "6674733", "bio": "", "photo": {"prefix": "https://igx.4sqi.net/img/user/", "suffix": "/6674733-V3W2U2JIPMLWHAC2.jpg"}, "homeCity": "Singapore", "lists": {"groups": [{"items": [], "count": 2, "type": "created"}]}}, {"tips": {"count": 0}, "contact": {"facebook": "677013232"}, "firstName": "Fiona", "gender": "female", "lastName": "\u4f69\u96ef.", "id": "5584531", "bio": "", "photo": {"prefix": "https://igx.4sqi.net/img/user/", "suffix": "/FPY2TD4QMCLONTBR.jpg"}, "homeCity": "Singapore", "lists": {"groups": [{"items": [], "count": 2, "type": "created"}]}}, {"tips": {"count": 0}, "contact": {"facebook": "716808841"}, "firstName": "Cyndi", "gender": "female", "lastName": "Cyndicyndi", "id": "3735535", "bio": "", "photo": {"prefix": "https://igx.4sqi.net/img/user/", "suffix": "/IDPWCNUOHGBUWBSZ.jpg"}, "homeCity": "Singapore", "lists": {"groups": [{"items": [], "count": 2, "type": "created"}]}}, {"tips": {"count": 0}, "contact": {"facebook": "551822315"}, "firstName": "Miranda", "gender": "female", "lastName": "Ong", "id": "3630090", "bio": "", "photo": {"prefix": "https://igx.4sqi.net/img/user/", "suffix": "/LHJFUZQXQZZVTAMO.jpg"}, "homeCity": "Singapore", "lists": {"groups": [{"items": [], "count": 2, "type": "created"}]}}, {"tips": {"count": 3}, "contact": {"twitter": "cherryboomz", "facebook": "596938901"}, "firstName": "Cherryboomz", "gender": "female", "lastName": "\ud83c\udf52", "id": "5034078", "bio": "20. Singapore. Sup yo", "photo": {"prefix": "https://igx.4sqi.net/img/user/", "suffix": "/MGN03GKPZ32C0BIU.jpg"}, "homeCity": "Singapore", "lists": {"groups": [{"items": [], "count": 2, "type": "created"}]}}, {"tips": {"count": 0}, "contact": {"facebook": "1531219160"}, "firstName": "Yana", "gender": "female", "lastName": "Haiziq Fariz", "id": "3330763", "bio": "", "photo": {"prefix": "https://igx.4sqi.net/img/user/", "suffix": "/AELOEUMJOZNTDN1U.jpg"}, "homeCity": "Singapore", "lists": {"groups": [{"items": [], "count": 2, "type": "created"}]}}, {"tips": {"count": 1}, "contact": {"facebook": "731273658"}, "firstName": "MilkyTrich", "gender": "female", "lastName": "Chia", "id": "12007368", "bio": "", "photo": {"prefix": "https://igx.4sqi.net/img/user/", "suffix": "/E53WSV4ENY40JDSX.jpg"}, "homeCity": "Melaka, Malaysia", "lists": {"groups": [{"items": [], "count": 2, "type": "created"}]}}, {"tips": {"count": 3}, "contact": {"twitter": "pcpy", "facebook": "715750389"}, "firstName": "Priscilla", "gender": "female", "lastName": "Chiang", "id": "4401954", "bio": "", "photo": {"prefix": "https://igx.4sqi.net/img/user/", "suffix": "/2PWPOS03PSTMRJYX.jpg"}, "homeCity": "Singapore", "lists": {"groups": [{"items": [], "count": 2, "type": "created"}]}}, {"tips": {"count": 23}, "contact": {"facebook": "569268277"}, "firstName": "Lallalitz", "gender": "female", "lastName": "LomoMania", "id": "1711450", "bio": "", "photo": {"prefix": "https://igx.4sqi.net/img/user/", "suffix": "/HVG1F0WWLKRDWGEG.jpg"}, "homeCity": "Ratchapralob, Bangkok", "lists": {"groups": [{"items": [], "count": 2, "type": "created"}]}}, {"tips": {"count": 134}, "contact": {"twitter": "taratallon", "facebook": "1339984520"}, "firstName": "Tara", "gender": "female", "lastName": "Tallon Whitting", "id": "2676005", "bio": "Social Media Speaker, Instructor, Trainer & Mommy of 5! Love @toddwhitting.  You don't know what you don't know!  Smile!", "photo": {"prefix": "https://igx.4sqi.net/img/user/", "suffix": "/JKBC4HTLIRZ23FZW.jpg"}, "homeCity": "Bellaire, TX", "lists": {"groups": [{"items": [], "count": 11, "type": "created"}]}}, {"tips": {"count": 1}, "contact": {"twitter": "jiaoooo", "facebook": "821993425"}, "firstName": "Jiaoo", "gender": "female", "lastName": "Guo", "id": "13200290", "bio": "", "photo": {"prefix": "https://igx.4sqi.net/img/user/", "suffix": "/OK0Q5L44B1J54KSJ.jpg"}, "homeCity": "Singapore", "lists": {"groups": [{"items": [], "count": 2, "type": "created"}]}}, {"tips": {"count": 3}, "contact": {"facebook": "703858837"}, "firstName": "Bill", "gender": "none", "id": "6242089", "bio": "", "photo": {"prefix": "https://igx.4sqi.net/img/user/", "suffix": "/IM4Q1OHJILZBAFDZ.jpg"}, "homeCity": "Singapore", "lists": {"groups": [{"items": [], "count": 2, "type": "created"}]}}, {"tips": {"count": 0}, "contact": {"twitter": "shufanng", "facebook": "668494916"}, "firstName": "Zhuo", "gender": "female", "lastName": "Shufang", "id": "6720544", "bio": "", "photo": {"prefix": "https://igx.4sqi.net/img/user/", "suffix": "/HZF5TJYHMHTPO4QW.jpg"}, "homeCity": "Unnamed Location", "lists": {"groups": [{"items": [], "count": 2, "type": "created"}]}}, {"tips": {"count": 1}, "contact": {"twitter": "kerainexagt", "facebook": "1577780598"}, "firstName": "GeokTing", "gender": "female", "id": "8287334", "bio": "Money, my goals for now.", "photo": {"prefix": "https://igx.4sqi.net/img/user/", "suffix": "/8287334-PV31GTOFBEV2OHUB.jpg"}, "homeCity": "Singapore", "lists": {"groups": [{"items": [], "count": 2, "type": "created"}]}}, {"tips": {"count": 0}, "contact": {"twitter": "peejiranan", "facebook": "1558770866"}, "firstName": "Jiranan", "gender": "female", "lastName": "Lanjakorn", "id": "7660844", "bio": "", "photo": {"prefix": "https://igx.4sqi.net/img/user/", "suffix": "/UQLFUETIVMCYZB2S.jpg"}, "homeCity": "\u0e25\u0e32\u0e14\u0e1e\u0e23\u0e49\u0e32\u0e27, \u0e1b\u0e23\u0e30\u0e40\u0e17\u0e28\u0e44\u0e17\u0e22", "lists": {"groups": [{"items": [], "count": 2, "type": "created"}]}}, {"tips": {"count": 3}, "contact": {}, "firstName": "Agatha", "gender": "female", "id": "6008155", "bio": "", "photo": {"prefix": "https://igx.4sqi.net/img/user/", "suffix": "/CZNRUMMCNZIWCNFE.jpg"}, "homeCity": "Singapore", "lists": {"groups": [{"items": [], "count": 2, "type": "created"}]}}, {"tips": {"count": 14}, "contact": {"twitter": "dorisecretos", "facebook": "100001091423269"}, "firstName": "Doris", "gender": "female", "lastName": "Winatap", "id": "3744673", "bio": "", "photo": {"prefix": "https://igx.4sqi.net/img/user/", "suffix": "/3744673-FTRVTDT1R0ONFAP1.jpg"}, "homeCity": "Singapore", "lists": {"groups": [{"items": [], "count": 2, "type": "created"}]}}, {"tips": {"count": 3}, "contact": {"twitter": "jasmineejassy", "facebook": "699086561"}, "firstName": "Jasmine", "gender": "female", "id": "3750106", "bio": "", "photo": {"prefix": "https://igx.4sqi.net/img/user/", "suffix": "/3750106-LKRHI1LFME5KKBT1.jpg"}, "homeCity": "Singapore", "lists": {"groups": [{"items": [], "count": 2, "type": "created"}]}}, {"tips": {"count": 0}, "contact": {}, "firstName": "Yvonne", "gender": "female", "lastName": "Yang", "id": "5360929", "bio": "", "photo": {"prefix": "https://igx.4sqi.net/img/user/", "suffix": "/N3UBZM51ZJ1IYNSK.jpg"}, "homeCity": "Singapore", "lists": {"groups": [{"items": [], "count": 2, "type": "created"}]}}, {"tips": {"count": 0}, "contact": {"twitter": "ssong9916", "facebook": "100001733194243"}, "firstName": "Song yi", "gender": "female", "lastName": "Jung", "id": "4067807", "bio": "", "photo": {"prefix": "https://igx.4sqi.net/img/user/", "suffix": "/4067807-F3V5HYG4QZ2LQJY0.jpg"}, "homeCity": "seoul.Korea", "lists": {"groups": [{"items": [], "count": 2, "type": "created"}]}}, {"tips": {"count": 0}, "contact": {"twitter": "yunxinchan", "facebook": "784974712"}, "firstName": "Yunxin", "gender": "female", "lastName": "Chan", "id": "7575472", "bio": "", "photo": {"prefix": "https://igx.4sqi.net/img/user/", "suffix": "/PZQCQHMHTGHEBNJW.jpg"}, "homeCity": "Singapore", "lists": {"groups": [{"items": [], "count": 2, "type": "created"}]}}, {"tips": {"count": 3}, "contact": {}, "firstName": "Roselind", "gender": "female", "lastName": "Ang", "id": "2220304", "bio": "", "photo": {"prefix": "https://igx.4sqi.net/img/user/", "suffix": "/02CJ53W3Z3CCOHXB.jpg"}, "homeCity": "Hougang, Singapore", "lists": {"groups": [{"items": [], "count": 2, "type": "created"}]}}, {"tips": {"count": 0}, "contact": {"twitter": "yforyanling", "facebook": "1793448978"}, "firstName": "Annabelle", "gender": "female", "lastName": "yanling", "id": "3047982", "bio": "", "photo": {"prefix": "https://igx.4sqi.net/img/user/", "suffix": "/FH54GJ0AFQOWOLI3.jpg"}, "homeCity": "Singapore", "lists": {"groups": [{"items": [], "count": 3, "type": "created"}]}}, {"tips": {"count": 2}, "contact": {"twitter": "froggymus", "facebook": "1435380051"}, "firstName": "Eileen", "gender": "female", "lastName": "Th-onewithcomplicatedlife", "id": "13306352", "bio": "", "photo": {"prefix": "https://igx.4sqi.net/img/user/", "suffix": "/KTZS1KUMJB3RPROX.jpg"}, "homeCity": "Singapore", "lists": {"groups": [{"items": [], "count": 2, "type": "created"}]}}, {"tips": {"count": 2}, "contact": {"twitter": "manxzes"}, "firstName": "Amanda", "gender": "female", "lastName": "Tiana", "id": "6247415", "bio": "", "photo": {"prefix": "https://igx.4sqi.net/img/user/", "suffix": "/6247415-QWCNQSVPKXX3I2FJ.jpg"}, "homeCity": "Singapore", "lists": {"groups": [{"items": [], "count": 2, "type": "created"}]}}, {"tips": {"count": 5}, "contact": {"twitter": "princessacharm", "facebook": "1229580971"}, "firstName": "Charmaine", "gender": "female", "lastName": "Palacio", "id": "7109033", "bio": "", "photo": {"prefix": "https://igx.4sqi.net/img/user/", "suffix": "/7109033-3MJ2K43XSXD1O5QQ.jpg"}, "homeCity": "Manila, Philippines", "lists": {"groups": [{"items": [], "count": 2, "type": "created"}]}}, {"tips": {"count": 3}, "contact": {"twitter": "missbrielavon", "facebook": "508816842"}, "firstName": "Brienna", "gender": "female", "lastName": "Logan", "id": "10048244", "bio": "", "photo": {"prefix": "https://igx.4sqi.net/img/user/", "suffix": "/SVKDTEXNGBQGBX1U.jpg"}, "homeCity": "San Jose, CA", "lists": {"groups": [{"items": [], "count": 2, "type": "created"}]}}, {"tips": {"count": 0}, "contact": {"twitter": "jessywezzy"}, "firstName": "Jessica", "gender": "female", "lastName": "Ng", "id": "7853243", "bio": "", "photo": {"prefix": "https://igx.4sqi.net/img/user/", "suffix": "/OYC1GOHGJL4JXA4B.jpg"}, "homeCity": "New York, NY", "lists": {"groups": [{"items": [], "count": 2, "type": "created"}]}}, {"tips": {"count": 0}, "contact": {"facebook": "100000558976178"}, "firstName": "Nuttiya", "gender": "female", "lastName": "Thongpensup", "id": "6157496", "bio": "", "photo": {"prefix": "https://igx.4sqi.net/img/user/", "suffix": "/RIMJZU03D44PLGEU.jpg"}, "homeCity": "\u0e17\u0e38\u0e48\u0e07\u0e2a\u0e2d\u0e07\u0e2b\u0e49\u0e2d\u0e07, \u0e1b\u0e23\u0e30\u0e40\u0e17\u0e28\u0e44\u0e17\u0e22", "lists": {"groups": [{"items": [], "count": 2, "type": "created"}]}}, {"tips": {"count": 12}, "contact": {"twitter": "mayblovu"}, "firstName": "ji yeon", "gender": "female", "lastName": "Han", "id": "3953359", "bio": "\uc0b6\uc740 \ud574\uacb0\ud574\uc57c \ud560 \ubb38\uc81c\uac00 \uc544\ub2c8\ub7ec \uacbd\ud5d8\ud574\uc57c \ud560 \ud604\uc2e4\uc774\ub2e4.S.K.", "photo": {"prefix": "https://igx.4sqi.net/img/user/", "suffix": "/3953359_tHvO0gEn_D6Fku20DoAbnYEnshNb7aNTKYY3W_WVFSJmSbQl7_2_tvMcgJHIGxTztWgXxbtIt.jpg"}, "homeCity": "\uc11c\uc6b8\ud2b9\ubcc4\uc2dc, \ub300\ud55c\ubbfc\uad6d", "lists": {"groups": [{"items": [], "count": 2, "type": "created"}]}}, {"tips": {"count": 4}, "contact": {"facebook": "708941036"}, "firstName": "Christine", "gender": "female", "lastName": "Chew", "id": "3876485", "bio": "", "photo": {"prefix": "https://igx.4sqi.net/img/user/", "suffix": "/LCVT1IKM0DLOWZE4.jpg"}, "homeCity": "Ipoh, Malaysia", "lists": {"groups": [{"items": [], "count": 2, "type": "created"}]}}, {"tips": {"count": 2}, "contact": {"twitter": "princessdt", "facebook": "100001085343628"}, "firstName": "Jo", "gender": "none", "lastName": "Low", "id": "5361977", "bio": "", "photo": {"prefix": "https://igx.4sqi.net/img/user/", "suffix": "/SCNMW00O0Z4QWL4R.jpg"}, "homeCity": "Singapore", "lists": {"groups": [{"items": [], "count": 2, "type": "created"}]}}, {"tips": {"count": 0}, "contact": {"twitter": "kerainelpr", "facebook": "10206534685313946"}, "firstName": "Peirong", "gender": "female", "id": "4684897", "bio": "", "photo": {"prefix": "https://igx.4sqi.net/img/user/", "suffix": "/4684897-HQTS5O22LWEH3YPZ.jpg"}, "homeCity": "Singapore", "lists": {"groups": [{"items": [], "count": 2, "type": "created"}]}}, {"tips": {"count": 1}, "contact": {}, "firstName": "\u305f\u306c\u304d\u3044\u306c", "gender": "female", "id": "2424386", "bio": "", "photo": {"prefix": "https://igx.4sqi.net/img/user/", "suffix": "/BPUQDIEGU4VGH24M.jpg"}, "homeCity": "\u798f\u5ca1\u5e02, \u65e5\u672c", "lists": {"groups": [{"items": [], "count": 2, "type": "created"}]}}, {"tips": {"count": 2}, "contact": {"twitter": "jeanlqp", "facebook": "1522753700"}, "firstName": "jean", "gender": "female", "lastName": "lim", "id": "3278877", "bio": "", "photo": {"prefix": "https://igx.4sqi.net/img/user/", "suffix": "/5FI2RPO2UTBUDSZ1.jpg"}, "homeCity": "Singapore", "lists": {"groups": [{"items": [], "count": 2, "type": "created"}]}}, {"tips": {"count": 0}, "contact": {"twitter": "selinaxy"}, "firstName": "Selina", "gender": "female", "lastName": "Cartier", "id": "6249062", "bio": "", "photo": {"prefix": "https://igx.4sqi.net/img/user/", "suffix": "/MZUOPQG0IFPJDKWI.jpg"}, "homeCity": "Singapore", "lists": {"groups": [{"items": [], "count": 2, "type": "created"}]}}, {"tips": {"count": 0}, "contact": {"twitter": "morose_erlyn", "facebook": "1282853827"}, "firstName": "Merlyn", "gender": "female", "lastName": "Miao", "id": "7390601", "bio": "", "photo": {"prefix": "https://igx.4sqi.net/img/user/", "suffix": "/2FDL3F3VTQNL2MNO.jpg"}, "homeCity": "Singapore", "lists": {"groups": [{"items": [], "count": 2, "type": "created"}]}}, {"tips": {"count": 0}, "contact": {"facebook": "100000530173467"}, "firstName": "Wannapron", "gender": "female", "lastName": "Ann", "id": "12039134", "bio": "", "photo": {"prefix": "https://igx.4sqi.net/img/user/", "suffix": "/VOT420W5OO5GSCOE.jpg"}, "homeCity": "\u0e01\u0e23\u0e38\u0e07\u0e40\u0e17\u0e1e\u0e21\u0e2b\u0e32\u0e19\u0e04\u0e23, \u0e1b\u0e23\u0e30\u0e40\u0e17\u0e28\u0e44\u0e17\u0e22", "lists": {"groups": [{"items": [], "count": 2, "type": "created"}]}}, {"tips": {"count": 0}, "contact": {"facebook": "100000589050913"}, "firstName": "irene", "gender": "female", "lastName": "wong", "id": "7855293", "bio": "", "photo": {"prefix": "https://igx.4sqi.net/img/user/", "suffix": "/OVJ3IKMOAZU0YXUL.jpg"}, "homeCity": "", "lists": {"groups": [{"items": [], "count": 3, "type": "created"}]}}, {"tips": {"count": 0}, "contact": {"twitter": "koonnaikai", "facebook": "100000058453574"}, "firstName": "Koonnai", "gender": "female", "lastName": "Kai", "id": "7766520", "bio": "", "photo": {"prefix": "https://igx.4sqi.net/img/user/", "suffix": "/S0ANUV0XO1R30HKS.jpg"}, "homeCity": "Ban Mai, Thailand", "lists": {"groups": [{"items": [], "count": 2, "type": "created"}]}}, {"tips": {"count": 0}, "contact": {"facebook": "504934156"}, "firstName": "carol", "gender": "female", "lastName": "sokmin", "id": "5113613", "bio": "", "photo": {"prefix": "https://igx.4sqi.net/img/user/", "suffix": "/0CKT02X2UJWZOQDU.jpg"}, "homeCity": "Kuala Lumpur, Malaysia", "lists": {"groups": [{"items": [], "count": 2, "type": "created"}]}}, {"tips": {"count": 49}, "contact": {"twitter": "michellectv"}, "firstName": "Michelle", "gender": "female", "lastName": "Coudon", "id": "5253768", "bio": "Follow @michellectv for Food, Drinks, Style, NYC & more!", "photo": {"prefix": "https://igx.4sqi.net/img/user/", "suffix": "/5253768_276Op9Vj_4TWxVOs5mRuUrXLaYEdglyF_LFfHZYhH44PvHwa3vwR3lTzg14tQvRdhwseB6QdZ"}, "homeCity": "New York, NY", "lists": {"groups": [{"items": [], "count": 2, "type": "created"}]}}, {"tips": {"count": 0}, "contact": {"facebook": "738576037"}, "firstName": "Libra", "gender": "female", "lastName": "Neo", "id": "5362240", "bio": "", "photo": {"prefix": "https://igx.4sqi.net/img/user/", "suffix": "/AJMZG0GEEBECSD0I.jpg"}, "homeCity": "Singapore", "lists": {"groups": [{"items": [], "count": 2, "type": "created"}]}}, {"tips": {"count": 0}, "contact": {"twitter": "seeteng1994", "facebook": "1677730856"}, "firstName": "TiNg", "gender": "female", "lastName": "St", "id": "9302152", "bio": "", "photo": {"prefix": "https://igx.4sqi.net/img/user/", "suffix": "/SGQSMHORIVBI01RS.jpg"}, "homeCity": "Johor Bahru, Malaysia", "lists": {"groups": [{"items": [], "count": 2, "type": "created"}]}}, {"tips": {"count": 2}, "contact": {"twitter": "fearlessmango", "facebook": "1367614200"}, "firstName": "Felicia", "gender": "female", "lastName": "Lau", "id": "2535395", "bio": "", "photo": {"prefix": "https://igx.4sqi.net/img/user/", "suffix": "/SZJ4GNKGBEEB43CI.jpg"}, "homeCity": "Singapore", "lists": {"groups": [{"items": [], "count": 2, "type": "created"}]}}, {"tips": {"count": 1}, "contact": {"twitter": "syhong"}, "firstName": "\ud83c\udf80 Sharon", "gender": "female", "lastName": "Hong", "id": "3432353", "bio": "", "photo": {"prefix": "https://igx.4sqi.net/img/user/", "suffix": "/3432353-RKC3YBD5N0MOC1LH.jpg"}, "homeCity": "Singapore", "lists": {"groups": [{"items": [], "count": 2, "type": "created"}]}}, {"tips": {"count": 45}, "contact": {"twitter": "spinspinsugar69", "facebook": "100000001142921"}, "firstName": "Gwendolyn", "gender": "female", "lastName": "Campbell", "id": "6305687", "bio": "", "photo": {"prefix": "https://igx.4sqi.net/img/user/", "suffix": "/6305687-FU3NESDU5LK4O14A.jpg"}, "homeCity": "New York, NY", "lists": {"groups": [{"items": [], "count": 61, "type": "created"}]}}, {"tips": {"count": 1}, "contact": {"twitter": "cwxe", "facebook": "199340957080517"}, "firstName": "Cheryl", "gender": "female", "lastName": "Wong", "id": "11065881", "bio": "", "photo": {"prefix": "https://igx.4sqi.net/img/user/", "suffix": "/11065881-SKI5QWBLC2CUQEA5.jpg"}, "homeCity": "Singapore", "lists": {"groups": [{"items": [], "count": 2, "type": "created"}]}}, {"tips": {"count": 4}, "contact": {"twitter": "cindybroome", "facebook": "621728063"}, "firstName": "Cindy", "gender": "female", "lastName": "Broome", "id": "8028927", "bio": "", "photo": {"prefix": "https://igx.4sqi.net/img/user/", "suffix": "/FX1C5IXJC5ZDYODV.jpg"}, "homeCity": "Las Vegas, NV", "lists": {"groups": [{"items": [], "count": 2, "type": "created"}]}}, {"tips": {"count": 0}, "contact": {"twitter": "scarredharts", "facebook": "10153611016966112"}, "firstName": "Angeliapsj", "gender": "female", "id": "8138264", "bio": "", "photo": {"prefix": "https://igx.4sqi.net/img/user/", "suffix": "/8138264-HSIGAG03VMB0O2KO.jpg"}, "homeCity": "Singapore", "lists": {"groups": [{"items": [], "count": 2, "type": "created"}]}}, {"tips": {"count": 0}, "contact": {"twitter": "shuyantallyyy"}, "firstName": "Shuyan", "gender": "female", "lastName": "Tally", "id": "5326961", "bio": "https://twitter.com/shuyantallyyy", "photo": {"prefix": "https://igx.4sqi.net/img/user/", "suffix": "/5326961-PI21QIOG4YJMRRSK.jpg"}, "homeCity": "Singapore", "lists": {"groups": [{"items": [], "count": 2, "type": "created"}]}}, {"tips": {"count": 1}, "contact": {"facebook": "786119923"}, "firstName": "Conny", "gender": "female", "lastName": "Lee", "id": "5386024", "bio": "", "photo": {"prefix": "https://igx.4sqi.net/img/user/", "suffix": "/IZ3BDH3M3BB1RUIZ.jpg"}, "homeCity": "singapore", "lists": {"groups": [{"items": [], "count": 2, "type": "created"}]}}, {"tips": {"count": 0}, "contact": {"facebook": "100000002622754"}, "firstName": "KeaviiRegent", "gender": "female", "lastName": "Panda", "id": "5401187", "bio": "", "photo": {"prefix": "https://igx.4sqi.net/img/user/", "suffix": "/KVDK0DVDVDSZOBBV.jpg"}, "homeCity": "Thailand", "lists": {"groups": [{"items": [], "count": 2, "type": "created"}]}}, {"tips": {"count": 4}, "contact": {"twitter": "daphnetui", "facebook": "617267565"}, "firstName": "Daphne", "gender": "female", "lastName": "Tui", "id": "11269003", "bio": "", "photo": {"prefix": "https://igx.4sqi.net/img/user/", "suffix": "/LFS1BSISJSXAT3RC.jpg"}, "homeCity": "Singapore", "lists": {"groups": [{"items": [], "count": 2, "type": "created"}]}}, {"tips": {"count": 3}, "contact": {"twitter": "wohaooaiinii", "facebook": "10153356384239826"}, "firstName": "huihui", "gender": "female", "lastName": "sim", "id": "2792572", "bio": "", "photo": {"prefix": "https://igx.4sqi.net/img/user/", "suffix": "/2792572-0QS5URQSIK5VQBK1.jpg"}, "homeCity": "Singapore", "lists": {"groups": [{"items": [], "count": 2, "type": "created"}]}}, {"tips": {"count": 10}, "contact": {}, "firstName": "Rachel", "gender": "female", "lastName": "Felix", "id": "3437876", "bio": "", "photo": {"prefix": "https://igx.4sqi.net/img/user/", "suffix": "/WCEUYANRCBLRC1RD.jpg"}, "homeCity": "Singapore", "lists": {"groups": [{"items": [], "count": 2, "type": "created"}]}}, {"tips": {"count": 0}, "contact": {}, "firstName": "Ho", "gender": "female", "lastName": "Jean", "id": "6642107", "bio": "", "photo": {"prefix": "https://igx.4sqi.net/img/user/", "suffix": "/WLF0PIPTW1DAQMVZ.jpg"}, "homeCity": "Singapore", "lists": {"groups": [{"items": [], "count": 2, "type": "created"}]}}, {"tips": {"count": 0}, "contact": {"twitter": "emiliaqsc"}, "firstName": "Emilia", "gender": "female", "lastName": "Quek", "id": "11906593", "bio": "", "photo": {"prefix": "https://igx.4sqi.net/img/user/", "suffix": "/11906593-SKW5CIVJKAWSP1V5.jpg"}, "homeCity": "Singapore", "lists": {"groups": [{"items": [], "count": 2, "type": "created"}]}}, {"tips": {"count": 1}, "contact": {"facebook": "1213498260"}, "firstName": "Grace", "gender": "female", "lastName": "Yee", "id": "8199381", "bio": "", "photo": {"prefix": "https://igx.4sqi.net/img/user/", "suffix": "/EGWFHJDGFCU2W4AA.jpg"}, "homeCity": "Singapore", "lists": {"groups": [{"items": [], "count": 2, "type": "created"}]}}, {"tips": {"count": 2}, "contact": {"facebook": "100001059265233"}, "firstName": "Aurora", "gender": "female", "lastName": "Cruz", "id": "8445285", "bio": "", "photo": {"prefix": "https://igx.4sqi.net/img/user/", "suffix": "/VKZES3WPA3DDSIVI.jpg"}, "homeCity": "Tampa, FL", "lists": {"groups": [{"items": [], "count": 2, "type": "created"}]}}, {"tips": {"count": 0}, "contact": {"facebook": "739279727"}, "firstName": "ivian mei", "gender": "female", "id": "7895355", "bio": "", "photo": {"prefix": "https://igx.4sqi.net/img/user/", "suffix": "/1VDBOL00KZJOCHGY.jpg"}, "homeCity": "Malaysia", "lists": {"groups": [{"items": [], "count": 2, "type": "created"}]}}, {"tips": {"count": 3}, "contact": {"facebook": "1162368056"}, "firstName": "Joanne", "gender": "female", "lastName": "Goh", "id": "5936394", "bio": "", "photo": {"prefix": "https://igx.4sqi.net/img/user/", "suffix": "/UCVCU5MBD2XULLF2.jpg"}, "homeCity": "Singapore", "lists": {"groups": [{"items": [], "count": 2, "type": "created"}]}}, {"tips": {"count": 40}, "contact": {}, "firstName": "\ud83c\udf80CheRRy\ud83c\udf80", "gender": "female", "lastName": "Pie\ud83c\udf49", "id": "3025445", "bio": "", "photo": {"prefix": "https://igx.4sqi.net/img/user/", "suffix": "/3025445-T0Z2MDFD0XFFVFMK.jpg"}, "homeCity": "BanGkok", "lists": {"groups": [{"items": [], "count": 2, "type": "created"}]}}, {"tips": {"count": 0}, "contact": {"twitter": "reen_euodia", "facebook": "507955881"}, "firstName": "Reen", "gender": "female", "lastName": "Euodia", "id": "3680134", "bio": "", "photo": {"prefix": "https://igx.4sqi.net/img/user/", "suffix": "/1U34OAJ2WEZZK4BF.jpg"}, "homeCity": "Jakarta, Indonesia", "lists": {"groups": [{"items": [], "count": 2, "type": "created"}]}}, {"tips": {"count": 1}, "contact": {"twitter": "simmenqi", "facebook": "649163049"}, "firstName": "SIMENQI", "gender": "female", "lastName": ".", "id": "7824832", "bio": "", "photo": {"prefix": "https://igx.4sqi.net/img/user/", "suffix": "/MA3434CKA1MY4IBW.jpg"}, "homeCity": "United States Of America, USA", "lists": {"groups": [{"items": [], "count": 2, "type": "created"}]}}, {"tips": {"count": 2}, "contact": {"twitter": "charmzyberry", "facebook": "567432892"}, "firstName": "Charmaine", "gender": "female", "lastName": "S", "id": "9128010", "bio": "", "photo": {"prefix": "https://igx.4sqi.net/img/user/", "suffix": "/D3OLVZI51NE2QJ1X.jpg"}, "homeCity": "Singapore", "lists": {"groups": [{"items": [], "count": 2, "type": "created"}]}}, {"tips": {"count": 5}, "contact": {"twitter": "xuecheryl", "facebook": "1058886311"}, "firstName": "Cheryl", "gender": "female", "lastName": "Nun A", "id": "9001815", "bio": "", "photo": {"prefix": "https://igx.4sqi.net/img/user/", "suffix": "/M53KWK4K2IOP0BN2.jpg"}, "homeCity": "Kuantan, Malaysia", "lists": {"groups": [{"items": [], "count": 2, "type": "created"}]}}, {"tips": {"count": 0}, "contact": {}, "firstName": "Isabella", "gender": "female", "lastName": "TJQ", "id": "9028678", "bio": "", "photo": {"prefix": "https://igx.4sqi.net/img/user/", "suffix": "/SFSBBJGVXY23WNHL.jpg"}, "homeCity": "Singapore", "lists": {"groups": [{"items": [], "count": 2, "type": "created"}]}}, {"tips": {"count": 2}, "contact": {"twitter": "c4llyy"}, "firstName": "Cally", "gender": "female", "lastName": "Chua", "id": "6591544", "bio": "", "photo": {"prefix": "https://igx.4sqi.net/img/user/", "suffix": "/blank_girl.png", "default": true}, "homeCity": "Singapore", "lists": {"groups": [{"items": [], "count": 2, "type": "created"}]}}, {"tips": {"count": 0}, "contact": {"twitter": "daisymozzie", "facebook": "1000411727"}, "firstName": "Danielle", "gender": "female", "lastName": "Lily", "id": "3145085", "bio": "", "photo": {"prefix": "https://igx.4sqi.net/img/user/", "suffix": "/IUHYZFQOLCDUHYUV.jpg"}, "homeCity": "Singapore", "lists": {"groups": [{"items": [], "count": 2, "type": "created"}]}}, {"tips": {"count": 7}, "contact": {}, "firstName": "Cho", "gender": "female", "lastName": "Yun Ha", "id": "3699178", "bio": "", "photo": {"prefix": "https://igx.4sqi.net/img/user/", "suffix": "/T2BMU40KXYTD1FZ0.jpg"}, "homeCity": "\ub300\ud55c\ubbfc\uad6d", "lists": {"groups": [{"items": [], "count": 2, "type": "created"}]}}, {"tips": {"count": 0}, "contact": {"twitter": "brendaym", "facebook": "1387796760"}, "firstName": "Brenda", "gender": "female", "lastName": "Yeo", "id": "8584185", "bio": "", "photo": {"prefix": "https://igx.4sqi.net/img/user/", "suffix": "/2M2RN4PFRABMVIDN.jpg"}, "homeCity": "Singapore", "lists": {"groups": [{"items": [], "count": 2, "type": "created"}]}}, {"tips": {"count": 0}, "contact": {"twitter": "jasmin_hatezuue", "facebook": "100000049218184"}, "firstName": "Jasmin", "gender": "female", "lastName": "Teo", "id": "10295177", "bio": "", "photo": {"prefix": "https://igx.4sqi.net/img/user/", "suffix": "/ZK4IJOFVHP0DTRF1.jpg"}, "homeCity": "Singapore", "lists": {"groups": [{"items": [], "count": 2, "type": "created"}]}}, {"tips": {"count": 0}, "contact": {"twitter": "c1_so_ju"}, "firstName": "C1SoJu", "gender": "female", "lastName": "\u2665", "id": "9556603", "bio": "", "photo": {"prefix": "https://igx.4sqi.net/img/user/", "suffix": "/NFXORBVJGJ0BONK3.jpg"}, "homeCity": "\ubd80\uc0b0\uad11\uc5ed\uc2dc, \ub300\ud55c\ubbfc\uad6d", "lists": {"groups": [{"items": [], "count": 2, "type": "created"}]}}, {"tips": {"count": 0}, "contact": {"facebook": "100001708182899"}, "firstName": "choi", "gender": "female", "lastName": "jahyun", "id": "7792026", "bio": "", "photo": {"prefix": "https://igx.4sqi.net/img/user/", "suffix": "/QVU4KE0BZYKZWT3T.jpg"}, "homeCity": "\uc11c\uc6b8\ud2b9\ubcc4\uc2dc, \ub300\ud55c\ubbfc\uad6d", "lists": {"groups": [{"items": [], "count": 2, "type": "created"}]}}, {"tips": {"count": 0}, "contact": {"twitter": "mimich_elle", "facebook": "597361761"}, "firstName": "Mich", "gender": "female", "lastName": "Ng", "id": "3147775", "bio": "", "photo": {"prefix": "https://igx.4sqi.net/img/user/", "suffix": "/TXLW3GA0RP4XARNT.jpg"}, "homeCity": "Singapore", "lists": {"groups": [{"items": [], "count": 2, "type": "created"}]}}, {"tips": {"count": 5}, "contact": {"twitter": "nicoleberries"}, "firstName": "Nicoleberries", "gender": "female", "lastName": "Ang", "id": "3892151", "bio": "", "photo": {"prefix": "https://igx.4sqi.net/img/user/", "suffix": "/KJE2H1F4IGINDXP1.jpg"}, "homeCity": "Singapore", "lists": {"groups": [{"items": [], "count": 2, "type": "created"}]}}, {"tips": {"count": 0}, "contact": {"facebook": "632669357"}, "firstName": "Hyeyong", "gender": "female", "lastName": "Oh", "id": "10941909", "bio": "", "photo": {"prefix": "https://igx.4sqi.net/img/user/", "suffix": "/10941909-RN22HCWUFGKQKTQ5.jpg"}, "homeCity": "\uc11c\uc6b8\ud2b9\ubcc4\uc2dc, \ub300\ud55c\ubbfc\uad6d", "lists": {"groups": [{"items": [], "count": 2, "type": "created"}]}}, {"tips": {"count": 1}, "contact": {"twitter": "jolynnextre"}, "firstName": "Jolynn", "gender": "female", "lastName": "Jiaen", "id": "13008379", "bio": "14. Perfection is only in your eyes. 190411 260912", "photo": {"prefix": "https://igx.4sqi.net/img/user/", "suffix": "/SFHNZJEMLFI3C35Q.jpg"}, "homeCity": "Singapore", "lists": {"groups": [{"items": [], "count": 2, "type": "created"}]}}, {"tips": {"count": 1}, "contact": {"twitter": "jade_hee", "facebook": "1184311715"}, "firstName": "Just's", "gender": "female", "lastName": "Jade", "id": "11481110", "bio": "", "photo": {"prefix": "https://igx.4sqi.net/img/user/", "suffix": "/V4A1TONC1K1N2MUV.jpg"}, "homeCity": "Kuala Lumpur, Malaysia", "lists": {"groups": [{"items": [], "count": 2, "type": "created"}]}}, {"tips": {"count": 9}, "contact": {"facebook": "100000913923219"}, "firstName": "Bridget", "gender": "female", "id": "3188800", "bio": "A coffee bon vivant lol. I'm also a music festival specialist.", "photo": {"prefix": "https://igx.4sqi.net/img/user/", "suffix": "/OWUKY52LTLMBBOXK.jpg"}, "homeCity": "West Hollywood, CA", "lists": {"groups": [{"items": [], "count": 2, "type": "created"}]}}, {"tips": {"count": 1}, "contact": {"twitter": "llwswssn", "facebook": "1807958340"}, "firstName": "thisis_LLWS", "gender": "female", "id": "3895189", "bio": "", "photo": {"prefix": "https://igx.4sqi.net/img/user/", "suffix": "/H44IRSFFVHNS53GO.jpg"}, "homeCity": "Unnamed Location", "lists": {"groups": [{"items": [], "count": 2, "type": "created"}]}}, {"tips": {"count": 0}, "contact": {"twitter": "furbunny"}, "firstName": "Furbunny", "gender": "female", "id": "12448740", "bio": "", "photo": {"prefix": "https://igx.4sqi.net/img/user/", "suffix": "/RK1SHV02KDECSQCT.jpg"}, "homeCity": "Singapore", "lists": {"groups": [{"items": [], "count": 2, "type": "created"}]}}, {"tips": {"count": 0}, "contact": {"facebook": "300100811"}, "firstName": "Kristin", "gender": "female", "lastName": "Martinosky", "id": "3198746", "bio": "", "photo": {"prefix": "https://igx.4sqi.net/img/user/", "suffix": "/VJNN0L14BEMQDYH2.jpg"}, "homeCity": "Whitestone, NY", "lists": {"groups": [{"items": [], "count": 2, "type": "created"}]}}, {"tips": {"count": 41}, "contact": {"facebook": "100000225437311"}, "firstName": "Kath", "gender": "female", "lastName": "Lim", "id": "4039949", "bio": "", "photo": {"prefix": "https://igx.4sqi.net/img/user/", "suffix": "/4039949-WQINVUBHXANDO2W0.jpg"}, "homeCity": "Singapore", "lists": {"groups": [{"items": [], "count": 2, "type": "created"}]}}, {"tips": {"count": 16}, "contact": {"twitter": "jun_pie", "facebook": "100001244798790"}, "firstName": "JUNKO", "gender": "female", "id": "12610669", "bio": "", "photo": {"prefix": "https://igx.4sqi.net/img/user/", "suffix": "/ROL1ISZBZKKOJ1G1.jpg"}, "homeCity": "\u795e\u6238\u5e02\u4e2d\u592e\u533a, \u65e5\u672c", "lists": {"groups": [{"items": [], "count": 2, "type": "created"}]}}, {"tips": {"count": 1}, "contact": {"facebook": "671233459"}, "firstName": "Doreen", "gender": "female", "lastName": "Koh", "id": "3230125", "bio": "", "photo": {"prefix": "https://igx.4sqi.net/img/user/", "suffix": "/E414K55URNUWLZ4D.jpg"}, "homeCity": "Singapore", "lists": {"groups": [{"items": [], "count": 2, "type": "created"}]}}, {"tips": {"count": 3}, "contact": {"twitter": "weixinenqi", "facebook": "1020845108"}, "firstName": "Weixin", "gender": "female", "lastName": "Jervelle", "id": "4041227", "bio": "", "photo": {"prefix": "https://igx.4sqi.net/img/user/", "suffix": "/4041227-T4O5SWY5TM4WBFAB.jpg"}, "homeCity": "Singapore", "lists": {"groups": [{"items": [], "count": 2, "type": "created"}]}}, {"tips": {"count": 0}, "contact": {}, "firstName": "P.RISCILLACJN", "gender": "female", "id": "3247242", "bio": "", "photo": {"prefix": "https://igx.4sqi.net/img/user/", "suffix": "/FZYN2FBLAX3JH00O.jpg"}, "homeCity": "Singapore", "lists": {"groups": [{"items": [], "count": 2, "type": "created"}]}}, {"tips": {"count": 0}, "contact": {"twitter": "yoursmexyshadow", "facebook": "100003995266083"}, "firstName": "WhySoCheeky", "gender": "none", "id": "4489113", "bio": "Hello!", "photo": {"prefix": "https://igx.4sqi.net/img/user/", "suffix": "/TN1Z2PJXDVAYUCU5.jpg"}, "homeCity": "Singapore", "lists": {"groups": [{"items": [], "count": 2, "type": "created"}]}}, {"tips": {"count": 1}, "contact": {}, "firstName": "Paulyn", "gender": "female", "lastName": "\u0e1b\u0e39\u0e08\u0e4b\u0e32....", "id": "3398539", "bio": "", "photo": {"prefix": "https://igx.4sqi.net/img/user/", "suffix": "/X4GE1J2GLMCXZORJ.jpg"}, "homeCity": "Bangkok, Thailand", "lists": {"groups": [{"items": [], "count": 2, "type": "created"}]}}, {"tips": {"count": 0}, "contact": {"facebook": "572676579"}, "firstName": "Yvonne", "gender": "female", "id": "4491673", "bio": "", "photo": {"prefix": "https://igx.4sqi.net/img/user/", "suffix": "/GATFGWJXAQBG25UE.jpg"}, "homeCity": "Singapore", "lists": {"groups": [{"items": [], "count": 2, "type": "created"}]}}, {"tips": {"count": 0}, "contact": {}, "firstName": "ai", "gender": "female", "lastName": "dekaoun", "id": "3428725", "bio": "", "photo": {"prefix": "https://igx.4sqi.net/img/user/", "suffix": "/51DHV35BERS4BVBH.jpg"}, "homeCity": "Lahan, Thailand", "lists": {"groups": [{"items": [], "count": 2, "type": "created"}]}}, {"tips": {"count": 31}, "contact": {"twitter": "ms_leanne", "facebook": "664351097"}, "firstName": "Leanne", "gender": "female", "lastName": "Tan", "id": "4499259", "bio": "", "photo": {"prefix": "https://igx.4sqi.net/img/user/", "suffix": "/PF5ZUNUAG5NUT41X.jpg"}, "homeCity": "Singapore", "lists": {"groups": [{"items": [], "count": 2, "type": "created"}]}}, {"tips": {"count": 0}, "contact": {"facebook": "1414946064"}, "firstName": "C", "gender": "none", "lastName": "O", "id": "3461905", "bio": "", "photo": {"prefix": "https://igx.4sqi.net/img/user/", "suffix": "/C5YAVRR1XBSNOGEX.jpg"}, "homeCity": "London, UK", "lists": {"groups": [{"items": [], "count": 2, "type": "created"}]}}, {"tips": {"count": 2}, "contact": {"twitter": "giginasser", "facebook": "511157418"}, "firstName": "Gigi", "gender": "female", "lastName": "Nasser", "id": "4766953", "bio": "", "photo": {"prefix": "https://igx.4sqi.net/img/user/", "suffix": "/MZXQMJSRMNJMPN4I.jpg"}, "homeCity": "Seattle, WA", "lists": {"groups": [{"items": [], "count": 2, "type": "created"}]}}, {"tips": {"count": 2}, "contact": {"facebook": "606442188"}, "firstName": "Shalene Evanda", "gender": "female", "id": "3611541", "bio": "", "photo": {"prefix": "https://igx.4sqi.net/img/user/", "suffix": "/WNAUKYL4D2ALFXWM.jpg"}, "homeCity": "Singapore", "lists": {"groups": [{"items": [], "count": 2, "type": "created"}]}}, {"tips": {"count": 0}, "contact": {"twitter": "adelineojq"}, "firstName": "Adeline", "gender": "female", "lastName": "Ong", "id": "5524816", "bio": "", "photo": {"prefix": "https://igx.4sqi.net/img/user/", "suffix": "/5524816-5DVFPHDXTLEUCDMD.jpg"}, "homeCity": "Singapore", "lists": {"groups": [{"items": [], "count": 2, "type": "created"}]}}, {"tips": {"count": 0}, "contact": {"twitter": "bunnyoncarrots", "facebook": "533521669"}, "firstName": "Lizhen", "gender": "female", "id": "3642505", "bio": "@heyyobunny", "photo": {"prefix": "https://igx.4sqi.net/img/user/", "suffix": "/3642505-AC5R1XROBEFCJY3Y.jpg"}, "homeCity": "Singapore", "lists": {"groups": [{"items": [], "count": 2, "type": "created"}]}}, {"tips": {"count": 2}, "contact": {"twitter": "wiwininie"}, "firstName": "Winnie", "gender": "female", "lastName": "Tan", "id": "5766556", "bio": "", "photo": {"prefix": "https://igx.4sqi.net/img/user/", "suffix": "/JRYS5X00ZRQLUMZO.jpg"}, "homeCity": "Singapore", "lists": {"groups": [{"items": [], "count": 2, "type": "created"}]}}, {"tips": {"count": 38}, "contact": {"twitter": "leshwh"}, "firstName": "Leslie", "gender": "male", "lastName": "Ho", "id": "3688141", "bio": "", "photo": {"prefix": "https://igx.4sqi.net/img/user/", "suffix": "/X0JCKCHYIIO2SN5I.jpg"}, "homeCity": "Singapore", "lists": {"groups": [{"items": [], "count": 7, "type": "created"}]}}, {"tips": {"count": 0}, "contact": {"facebook": "585352915"}, "firstName": "Princess", "gender": "female", "lastName": "Rynryn", "id": "5770633", "bio": "", "photo": {"prefix": "https://igx.4sqi.net/img/user/", "suffix": "/FJVXBTK3ZGCNLXPA.jpg"}, "homeCity": "Singapore", "lists": {"groups": [{"items": [], "count": 2, "type": "created"}]}}, {"tips": {"count": 4}, "contact": {"facebook": "664924510"}, "firstName": "Farfalla", "gender": "female", "lastName": "Vi", "id": "3829140", "bio": "", "photo": {"prefix": "https://igx.4sqi.net/img/user/", "suffix": "/KYWKFMCHES0XOWTA.jpg"}, "homeCity": "Singapore", "lists": {"groups": [{"items": [], "count": 2, "type": "created"}]}}, {"tips": {"count": 6}, "contact": {"facebook": "650339747"}, "firstName": "Namida", "gender": "female", "lastName": "Ai", "id": "5794996", "bio": "", "photo": {"prefix": "https://igx.4sqi.net/img/user/", "suffix": "/LEJYOHPGXB0FV2CS.jpg"}, "homeCity": "Ravenna, Italia", "lists": {"groups": [{"items": [], "count": 2, "type": "created"}]}}, {"tips": {"count": 18}, "contact": {"twitter": "an9iee", "facebook": "745172714"}, "firstName": "Angie", "gender": "female", "lastName": "Chua", "id": "3980423", "bio": "", "photo": {"prefix": "https://igx.4sqi.net/img/user/", "suffix": "/TVRMWX3P5Q2U0NEM.jpg"}, "homeCity": "Singapore", "lists": {"groups": [{"items": [], "count": 2, "type": "created"}]}}, {"tips": {"count": 0}, "contact": {"twitter": "poppinhearts", "facebook": "1636572079"}, "firstName": "Patty", "gender": "female", "lastName": "Ang", "id": "5987553", "bio": "", "photo": {"prefix": "https://igx.4sqi.net/img/user/", "suffix": "/GQ1SWRFGOR5ZUUPC.jpg"}, "homeCity": "Singapore", "lists": {"groups": [{"items": [], "count": 2, "type": "created"}]}}, {"tips": {"count": 1}, "contact": {"facebook": "1270001335"}, "firstName": "Elaine", "gender": "female", "lastName": "Huang", "id": "3999835", "bio": "", "photo": {"prefix": "https://igx.4sqi.net/img/user/", "suffix": "/PVEA0XZVTC3MZQDP.jpg"}, "homeCity": "Singapore", "lists": {"groups": [{"items": [], "count": 2, "type": "created"}]}}, {"tips": {"count": 23}, "contact": {"facebook": "807112467"}, "firstName": "Nina", "gender": "female", "lastName": "Nho", "id": "6045406", "bio": "ninanho", "photo": {"prefix": "https://igx.4sqi.net/img/user/", "suffix": "/YSL1FAHQ10B31CFI.jpg"}, "homeCity": "\uc11c\uc6b8\ud2b9\ubcc4\uc2dc, \ub300\ud55c\ubbfc\uad6d", "lists": {"groups": [{"items": [], "count": 6, "type": "created"}]}}, {"tips": {"count": 5}, "contact": {"twitter": "ahjima"}, "firstName": "Anggie", "gender": "female", "lastName": "Ho", "id": "4117526", "bio": "", "photo": {"prefix": "https://igx.4sqi.net/img/user/", "suffix": "/K1VTSCCPKX5C45DU.jpg"}, "homeCity": "Singapore , hougang", "lists": {"groups": [{"items": [], "count": 2, "type": "created"}]}}, {"tips": {"count": 4}, "contact": {"facebook": "1256307583"}, "firstName": "Violet", "gender": "female", "lastName": "Zhou", "id": "6054201", "bio": "", "photo": {"prefix": "https://igx.4sqi.net/img/user/", "suffix": "/6054201-SIFKCFC1M54X4GH2.jpg"}, "homeCity": "Singapore", "lists": {"groups": [{"items": [], "count": 2, "type": "created"}]}}, {"tips": {"count": 12}, "contact": {"twitter": "sug4rcaine"}, "firstName": "Jazlin", "gender": "female", "lastName": "Caine", "id": "4161930", "bio": "", "photo": {"prefix": "https://igx.4sqi.net/img/user/", "suffix": "/4161930-ZMUUDP5JWSA0HV34.jpg"}, "homeCity": "Singapore", "lists": {"groups": [{"items": [], "count": 2, "type": "created"}]}}, {"tips": {"count": 0}, "contact": {"twitter": "jwcarrie", "facebook": "10207164843895559"}, "firstName": "Carrie", "gender": "female", "lastName": "Ho", "id": "6083152", "bio": "Twitter & instagram: @jwcarrie", "photo": {"prefix": "https://igx.4sqi.net/img/user/", "suffix": "/6083152-4YBCDGJWVGWBL5IQ.jpg"}, "homeCity": "Singapore", "lists": {"groups": [{"items": [], "count": 2, "type": "created"}]}}, {"tips": {"count": 1}, "contact": {"twitter": "cookietokyo", "facebook": "636038415"}, "firstName": "Matthana", "gender": "female", "lastName": "Takahashi", "id": "4472470", "bio": "", "photo": {"prefix": "https://igx.4sqi.net/img/user/", "suffix": "/5WP0VMW0MRUT2LLU.jpg"}, "homeCity": "\u6a2a\u6d5c\u5e02\u3001\u795e\u5948\u5ddd\u770c Yokohama ", "lists": {"groups": [{"items": [], "count": 2, "type": "created"}]}}, {"tips": {"count": 0}, "contact": {"facebook": "100001217895522"}, "firstName": "Angel", "gender": "female", "lastName": "Tan", "id": "7871473", "bio": "", "photo": {"prefix": "https://igx.4sqi.net/img/user/", "suffix": "/LI4LSLDFJ2MHGNVL.jpg"}, "homeCity": "Singapore", "lists": {"groups": [{"items": [], "count": 2, "type": "created"}]}}, {"tips": {"count": 0}, "contact": {"facebook": "740382779"}, "firstName": "Lyna", "gender": "female", "lastName": "Sweetie", "id": "4732700", "bio": "", "photo": {"prefix": "https://igx.4sqi.net/img/user/", "suffix": "/LIDOOCRZNPGYWWY0.jpg"}, "homeCity": "Singapore", "lists": {"groups": [{"items": [], "count": 2, "type": "created"}]}}, {"tips": {"count": 0}, "contact": {"twitter": "joycesterollz", "facebook": "779617009"}, "firstName": "Joyce", "gender": "female", "lastName": "Tan", "id": "8693981", "bio": "", "photo": {"prefix": "https://igx.4sqi.net/img/user/", "suffix": "/MOPXDG2HTV1QJDHQ.jpg"}, "homeCity": "Singapore", "lists": {"groups": [{"items": [], "count": 2, "type": "created"}]}}, {"tips": {"count": 55}, "contact": {"facebook": "786804424"}, "firstName": "Lynn", "gender": "female", "lastName": "Dolphiny", "id": "5262418", "bio": "\ud83d\udc97A lways love like there's no tmr.. \ud83d\udc97", "photo": {"prefix": "https://igx.4sqi.net/img/user/", "suffix": "/X0B0SM14VL0AICXA.jpg"}, "homeCity": "Singapore", "lists": {"groups": [{"items": [], "count": 2, "type": "created"}]}}, {"tips": {"count": 0}, "contact": {"twitter": "ohmhyukjschingu", "facebook": "832125237"}, "firstName": "Oh", "gender": "female", "lastName": "Hui Min", "id": "8792241", "bio": "", "photo": {"prefix": "https://igx.4sqi.net/img/user/", "suffix": "/8792241-O2IPTB5AFYOEBBBX.jpg"}, "homeCity": "Singapore", "lists": {"groups": [{"items": [], "count": 2, "type": "created"}]}}, {"tips": {"count": 0}, "contact": {"twitter": "daiisukii"}, "firstName": "Charlene", "gender": "female", "lastName": "Tan", "id": "6017944", "bio": "", "photo": {"prefix": "https://igx.4sqi.net/img/user/", "suffix": "/UDHEX3JI2Q2HGLH5.jpg"}, "homeCity": "Singapore", "lists": {"groups": [{"items": [], "count": 2, "type": "created"}]}}, {"tips": {"count": 0}, "contact": {"facebook": "100002369583714"}, "firstName": "\ue314\u24dd\u2022\u24dd\ue314", "gender": "none", "id": "10582559", "bio": "", "photo": {"prefix": "https://igx.4sqi.net/img/user/", "suffix": "/NTSXNB430MWJXONH.jpg"}, "homeCity": "China", "lists": {"groups": [{"items": [], "count": 3, "type": "created"}]}}, {"tips": {"count": 1}, "contact": {"twitter": "komugi222", "facebook": "100001895022089"}, "firstName": "\u306e\u3093", "gender": "female", "id": "6067429", "bio": "", "photo": {"prefix": "https://igx.4sqi.net/img/user/", "suffix": "/R1TOMPLHXWWQ04GY.jpg"}, "homeCity": "\u798f\u5c71\u5e02, \u65e5\u672c", "lists": {"groups": [{"items": [], "count": 2, "type": "created"}]}}, {"tips": {"count": 0}, "contact": {"twitter": "pmpang", "facebook": "100000297788686"}, "firstName": "pmpang", "gender": "female", "lastName": "Pang", "id": "10949442", "bio": "", "photo": {"prefix": "https://igx.4sqi.net/img/user/", "suffix": "/BKWELEZN34TQV41L.jpg"}, "homeCity": "Lam Luk Ka, Thailand", "lists": {"groups": [{"items": [], "count": 2, "type": "created"}]}}, {"tips": {"count": 0}, "contact": {}, "firstName": "B@M", "gender": "female", "lastName": "Sricharoen", "id": "7282460", "bio": "", "photo": {"prefix": "https://igx.4sqi.net/img/user/", "suffix": "/OU5G32ZRMHKELIA4.jpg"}, "homeCity": "bangkok", "lists": {"groups": [{"items": [], "count": 2, "type": "created"}]}}, {"tips": {"count": 0}, "contact": {"twitter": "emilylfench", "facebook": "686342293"}, "firstName": "Emily", "gender": "female", "lastName": "Ng", "id": "7459835", "bio": "", "photo": {"prefix": "https://igx.4sqi.net/img/user/", "suffix": "/7459835-OEN4SAGSI1PUV34V.jpg"}, "homeCity": "Singapore", "lists": {"groups": [{"items": [], "count": 3, "type": "created"}]}}, {"tips": {"count": 1}, "contact": {"facebook": "10202782050831634"}, "firstName": "jia", "gender": "female", "lastName": "min", "id": "8651706", "bio": "", "photo": {"prefix": "https://igx.4sqi.net/img/user/", "suffix": "/8651706-LW4O1JXJSKAAJXFE.jpg"}, "homeCity": "Kuala Lumpur, Malaysia", "lists": {"groups": [{"items": [], "count": 2, "type": "created"}]}}, {"tips": {"count": 0}, "contact": {"facebook": "100002087470461"}, "firstName": "Pimmii", "gender": "female", "lastName": "Lil'Pimp", "id": "8675560", "bio": "", "photo": {"prefix": "https://igx.4sqi.net/img/user/", "suffix": "/RPXPDJZNDW5G0IQN.jpg"}, "homeCity": "BKK", "lists": {"groups": [{"items": [], "count": 2, "type": "created"}]}}, {"tips": {"count": 70}, "contact": {"twitter": "jaohaa", "facebook": "10152516612047341"}, "firstName": "\ud83c\udf80\ud83c\udf78 Jaoha \u00ae", "gender": "female", "lastName": "Elle \ud83c\udf41\ud83c\udf42", "id": "8731349", "bio": "juz ordinary girl", "photo": {"prefix": "https://igx.4sqi.net/img/user/", "suffix": "/8731349_dHwGl-18___YCwPNWVhXwH2GI1HhPgecX4Egt7dCRC1YIheAdBdnojTvMleH7Kg0dzWJgdp8R.jpg"}, "homeCity": "Bangkok, Thailand", "lists": {"groups": [{"items": [], "count": 12, "type": "created"}]}}], "count": 391}, "checksum": "5a8a2a656e99c488af3876015a20d09fcfbc5cdd"}, "meta": {"requestId": "59660edc1ed21919fc2f87ac", "code": 200}}