{"notifications": [{"type": "notificationTray", "item": {"unreadCount": 0}}], "response": {"friends": {"items": [{"tips": {"count": 5}, "contact": {"twitter": "kissjane"}, "firstName": "Kissjane", "gender": "none", "lastName": "Jane", "id": "4371946", "bio": "", "photo": {"prefix": "https://igx.4sqi.net/img/user/", "suffix": "/Q5XUDSUVJVAEEE4I.jpg"}, "homeCity": "Singapore", "lists": {"groups": [{"items": [], "count": 2, "type": "created"}]}}, {"tips": {"count": 2}, "contact": {"twitter": "eugenetehyj", "facebook": "520717432"}, "firstName": "Eugene", "gender": "male", "lastName": "Teh", "id": "260218", "bio": "", "photo": {"prefix": "https://igx.4sqi.net/img/user/", "suffix": "/C4KP00YYOWA0XQYT.jpg"}, "homeCity": "Singapore", "lists": {"groups": [{"items": [], "count": 2, "type": "created"}]}}, {"tips": {"count": 0}, "contact": {"twitter": "thebossthatsme"}, "firstName": "Jay", "gender": "male", "lastName": "Istheboss", "id": "9240881", "bio": "", "photo": {"prefix": "https://igx.4sqi.net/img/user/", "suffix": "/32PORZQ0ZP5CYMHF.jpg"}, "homeCity": "Singapore", "lists": {"groups": [{"items": [], "count": 2, "type": "created"}]}}, {"tips": {"count": 6}, "contact": {"twitter": "robotrachiee", "facebook": "1627952596"}, "firstName": "Rachel", "gender": "female", "lastName": "RobotRachiee", "id": "26269035", "bio": "", "photo": {"prefix": "https://igx.4sqi.net/img/user/", "suffix": "/C5I2WLMXTCKYHNIT.jpg"}, "homeCity": "Singapore", "lists": {"groups": [{"items": [], "count": 2, "type": "created"}]}}, {"tips": {"count": 7}, "contact": {"facebook": "501477302"}, "firstName": "Ian", "gender": "male", "lastName": "Koh", "id": "11241144", "bio": "", "photo": {"prefix": "https://igx.4sqi.net/img/user/", "suffix": "/Y2T3JEMAZDZNDBQU.jpg"}, "homeCity": "Singapore", "lists": {"groups": [{"items": [], "count": 2, "type": "created"}]}}, {"tips": {"count": 28}, "contact": {"twitter": "leewanglong", "facebook": "802854816"}, "firstName": "LeeWangLong", "gender": "male", "id": "7854798", "bio": "", "photo": {"prefix": "https://igx.4sqi.net/img/user/", "suffix": "/NFO0CZMQK35ONDRY.jpg"}, "homeCity": "Singapore", "lists": {"groups": [{"items": [], "count": 2, "type": "created"}]}}, {"tips": {"count": 1}, "contact": {"twitter": "afi_hanif", "facebook": "682043154"}, "firstName": "Appy", "gender": "male", "id": "21577290", "bio": "", "photo": {"prefix": "https://igx.4sqi.net/img/user/", "suffix": "/N15H34H200NP0PJT.jpg"}, "homeCity": "New York, NY", "lists": {"groups": [{"items": [], "count": 2, "type": "created"}]}}, {"tips": {"count": 0}, "contact": {"facebook": "705961895"}, "firstName": "Qinghong", "gender": "male", "lastName": "KeSister", "id": "11167679", "bio": "", "photo": {"prefix": "https://igx.4sqi.net/img/user/", "suffix": "/BJ5QI0MZBZE2EYCX.jpg"}, "homeCity": "Singapore", "lists": {"groups": [{"items": [], "count": 2, "type": "created"}]}}, {"tips": {"count": 1}, "contact": {"twitter": "nelsoncjw", "facebook": "100000354712000"}, "firstName": "Nelson", "gender": "male", "lastName": "Chow", "id": "5714420", "bio": "", "photo": {"prefix": "https://igx.4sqi.net/img/user/", "suffix": "/blank_boy.png", "default": true}, "homeCity": "Singapore", "lists": {"groups": [{"items": [], "count": 2, "type": "created"}]}}, {"tips": {"count": 0}, "contact": {"facebook": "1247450430"}, "firstName": "Yankang", "gender": "male", "lastName": "Iswishingforthebest", "id": "4910822", "bio": "", "photo": {"prefix": "https://igx.4sqi.net/img/user/", "suffix": "/blank_boy.png", "default": true}, "homeCity": "Unnamed Location", "lists": {"groups": [{"items": [], "count": 2, "type": "created"}]}}, {"tips": {"count": 2}, "contact": {"facebook": "1581766014"}, "firstName": "OOM-9", "gender": "male", "id": "4059814", "bio": "", "photo": {"prefix": "https://igx.4sqi.net/img/user/", "suffix": "/N2ANB1NRIDYRPHZA.jpg"}, "homeCity": "Forest Moon of Endor", "lists": {"groups": [{"items": [], "count": 2, "type": "created"}]}}, {"tips": {"count": 4}, "contact": {"twitter": "tingyansgreen", "facebook": "1432705422"}, "firstName": "Ting yan", "gender": "male", "lastName": "Aw", "id": "5025768", "bio": "", "photo": {"prefix": "https://igx.4sqi.net/img/user/", "suffix": "/5KVNJG423VJ5WWRE.jpg"}, "homeCity": "Singapore", "lists": {"groups": [{"items": [], "count": 2, "type": "created"}]}}, {"tips": {"count": 0}, "contact": {"twitter": "derekchanks", "facebook": "1462352676"}, "firstName": "derek chan", "gender": "male", "lastName": "ks", "id": "3787867", "bio": "", "photo": {"prefix": "https://igx.4sqi.net/img/user/", "suffix": "/blank_boy.png", "default": true}, "homeCity": "Ipoh, Malaysia", "lists": {"groups": [{"items": [], "count": 2, "type": "created"}]}}, {"tips": {"count": 0}, "contact": {}, "firstName": "yingyan", "gender": "female", "lastName": "woo", "id": "491356", "bio": "", "photo": {"prefix": "https://igx.4sqi.net/img/user/", "suffix": "/LYQZPPY2U2LSGNA5.jpg"}, "homeCity": "Singapore", "lists": {"groups": [{"items": [], "count": 2, "type": "created"}]}}, {"tips": {"count": 22}, "contact": {"facebook": "884865384"}, "firstName": "Shaun", "gender": "male", "lastName": "Ling", "id": "2142564", "bio": "Chief Digital Officer, Chief Operating Officer, Founder of Prima Media Group, The Digital Marketing Agency \r\n\r\nFollow - http://www.PrimaMedia.com.sg/facebook", "photo": {"prefix": "https://igx.4sqi.net/img/user/", "suffix": "/URDJM1NFABPBPTDU.jpg"}, "homeCity": "Singapore", "lists": {"groups": [{"items": [], "count": 5, "type": "created"}]}}, {"tips": {"count": 0}, "contact": {"twitter": "conflates", "facebook": "687183839"}, "firstName": "Gladys", "gender": "female", "id": "928285", "bio": "", "photo": {"prefix": "https://igx.4sqi.net/img/user/", "suffix": "/AOFJETWVAKNIDUDI.jpg"}, "homeCity": "Singapore", "lists": {"groups": [{"items": [], "count": 2, "type": "created"}]}}, {"tips": {"count": 0}, "contact": {}, "firstName": "Saji", "gender": "female", "id": "3696028", "bio": "", "photo": {"prefix": "https://igx.4sqi.net/img/user/", "suffix": "/L1E3H3WEUF1FW3TI.jpg"}, "homeCity": "Singapore", "lists": {"groups": [{"items": [], "count": 2, "type": "created"}]}}, {"tips": {"count": 0}, "contact": {"twitter": "dannychay28", "facebook": "501034557"}, "firstName": "Danny", "gender": "male", "lastName": "Chay", "id": "33696177", "bio": "", "photo": {"prefix": "https://igx.4sqi.net/img/user/", "suffix": "/RBXLA3QBN2QDWGXB.jpg"}, "homeCity": "singapore", "lists": {"groups": [{"items": [], "count": 2, "type": "created"}]}}, {"tips": {"count": 0}, "contact": {"twitter": "jastan87", "facebook": "681960984"}, "firstName": "Jasmine", "gender": "female", "id": "4975179", "bio": "", "photo": {"prefix": "https://igx.4sqi.net/img/user/", "suffix": "/LDUG0KUA2MYB2BT2.jpg"}, "homeCity": "Singapore", "lists": {"groups": [{"items": [], "count": 2, "type": "created"}]}}, {"tips": {"count": 0}, "contact": {"twitter": "taezshahz", "facebook": "633636150"}, "firstName": "Taaz", "gender": "female", "lastName": "shah", "id": "4780928", "bio": "", "photo": {"prefix": "https://igx.4sqi.net/img/user/", "suffix": "/MZW5VRWRZEUQ3OP2.jpg"}, "homeCity": "Singapore", "lists": {"groups": [{"items": [], "count": 2, "type": "created"}]}}, {"tips": {"count": 0}, "contact": {"twitter": "boonboonfx4", "facebook": "771149632"}, "firstName": "Chin", "gender": "male", "lastName": "Wei Boon", "id": "5141696", "bio": "", "photo": {"prefix": "https://igx.4sqi.net/img/user/", "suffix": "/3ZYADR3N32OQ1RWT.jpg"}, "homeCity": "Singapore", "lists": {"groups": [{"items": [], "count": 3, "type": "created"}]}}, {"tips": {"count": 0}, "contact": {"twitter": "sandhiyaxd", "facebook": "738468965"}, "firstName": "Sand", "gender": "female", "lastName": "Hiya", "id": "38489958", "bio": "", "photo": {"prefix": "https://igx.4sqi.net/img/user/", "suffix": "/RGXRCEGQVNLPY31N.jpg"}, "homeCity": "New York, NY", "lists": {"groups": [{"items": [], "count": 2, "type": "created"}]}}, {"tips": {"count": 0}, "contact": {"twitter": "politicsfreak95", "facebook": "100004798440689"}, "firstName": "Aaron", "gender": "male", "lastName": "Tkh", "id": "30728866", "bio": "", "photo": {"prefix": "https://igx.4sqi.net/img/user/", "suffix": "/TWTGHRJ5RGXQKQWR.jpg"}, "homeCity": "Yew Tee, Singapore", "lists": {"groups": [{"items": [], "count": 2, "type": "created"}]}}, {"tips": {"count": 0}, "contact": {"twitter": "jeremiah0810", "facebook": "594973525"}, "firstName": "Jeremiah", "gender": "male", "lastName": "Wong", "id": "14298071", "bio": "", "photo": {"prefix": "https://igx.4sqi.net/img/user/", "suffix": "/TAR5JC2GWAR5O5UZ.jpg"}, "homeCity": "Singapore", "lists": {"groups": [{"items": [], "count": 2, "type": "created"}]}}, {"tips": {"count": 0}, "contact": {"twitter": "neon_nyan", "facebook": "692947415"}, "firstName": "Rayen", "gender": "female", "lastName": "Lim", "id": "10792686", "bio": "", "photo": {"prefix": "https://igx.4sqi.net/img/user/", "suffix": "/0GDW1AFRKZEFTB13.jpg"}, "homeCity": "Singapore", "lists": {"groups": [{"items": [], "count": 2, "type": "created"}]}}, {"tips": {"count": 3}, "contact": {"twitter": "narcolepticmind", "facebook": "1481058721"}, "firstName": "Nasri Demetrius", "gender": "male", "lastName": "Sadi", "id": "5762668", "bio": "", "photo": {"prefix": "https://igx.4sqi.net/img/user/", "suffix": "/SPUTIOSRIV24HSYG.jpg"}, "homeCity": "Singapore", "lists": {"groups": [{"items": [], "count": 2, "type": "created"}]}}, {"tips": {"count": 0}, "contact": {"twitter": "alisnabs"}, "firstName": "Alisa", "gender": "female", "lastName": "Nabilla", "id": "8457745", "bio": "", "photo": {"prefix": "https://igx.4sqi.net/img/user/", "suffix": "/CUFCYHJWTAJAF5EW.jpg"}, "homeCity": "Singapore", "lists": {"groups": [{"items": [], "count": 2, "type": "created"}]}}, {"tips": {"count": 0}, "contact": {"twitter": "choonhhuii"}, "firstName": "Tang", "gender": "female", "lastName": "Choonhui", "id": "9597205", "bio": "", "photo": {"prefix": "https://igx.4sqi.net/img/user/", "suffix": "/JI40G3P1OJBFWK2J.jpg"}, "homeCity": "Singapore", "lists": {"groups": [{"items": [], "count": 3, "type": "created"}]}}, {"tips": {"count": 1}, "contact": {"twitter": "muhammadmansur", "facebook": "668862578"}, "firstName": "Muhammad Mansur", "gender": "male", "lastName": "Kamsani", "id": "4684161", "bio": "", "photo": {"prefix": "https://igx.4sqi.net/img/user/", "suffix": "/ZAB42R555HJRLO2G.jpg"}, "homeCity": "Singapore", "lists": {"groups": [{"items": [], "count": 2, "type": "created"}]}}, {"tips": {"count": 4}, "contact": {"twitter": "misstamchiak"}, "firstName": "Maureen", "gender": "female", "lastName": "Ow", "id": "538888", "bio": "My food blog: www.misstamchiak.com", "photo": {"prefix": "https://igx.4sqi.net/img/user/", "suffix": "/0DGKAIRRKEGYZMXF.jpg"}, "homeCity": "", "lists": {"groups": [{"items": [], "count": 2, "type": "created"}]}}, {"tips": {"count": 0}, "contact": {}, "firstName": "Grace", "gender": "none", "lastName": "Foo", "id": "21128599", "bio": "", "photo": {"prefix": "https://igx.4sqi.net/img/user/", "suffix": "/JAQFL4XQ1KUF1VRR.jpg"}, "homeCity": "New York, NY", "lists": {"groups": [{"items": [], "count": 2, "type": "created"}]}}, {"tips": {"count": 0}, "contact": {"facebook": "702513044"}, "firstName": "Syamsul Anwar", "gender": "male", "id": "1657991", "bio": "", "photo": {"prefix": "https://igx.4sqi.net/img/user/", "suffix": "/blank_boy.png", "default": true}, "homeCity": "Singapore", "lists": {"groups": [{"items": [], "count": 2, "type": "created"}]}}, {"tips": {"count": 11}, "contact": {"twitter": "greekastronaut"}, "firstName": "Ahzura", "gender": "female", "lastName": "Nazib", "id": "4120335", "bio": "I've pledged my love for Sauron.", "photo": {"prefix": "https://igx.4sqi.net/img/user/", "suffix": "/4120335-TOS1DO4HTNQFBXBR.jpg"}, "homeCity": "Singapore", "lists": {"groups": [{"items": [], "count": 2, "type": "created"}]}}, {"tips": {"count": 0}, "contact": {"twitter": "e_lwj", "facebook": "1296291569"}, "firstName": "Eunice", "gender": "female", "lastName": "Lee", "id": "9534985", "bio": "", "photo": {"prefix": "https://igx.4sqi.net/img/user/", "suffix": "/EVXT5UHZMSUXENBH.jpg"}, "homeCity": "Singapore", "lists": {"groups": [{"items": [], "count": 2, "type": "created"}]}}, {"tips": {"count": 0}, "contact": {"twitter": "chuggingtonlim", "facebook": "1718273298"}, "firstName": "Wilson", "gender": "male", "lastName": "Lim", "id": "6218389", "bio": "", "photo": {"prefix": "https://igx.4sqi.net/img/user/", "suffix": "/4SSSLF4ONDHMWTFL.jpg"}, "homeCity": "Singapore", "lists": {"groups": [{"items": [], "count": 2, "type": "created"}]}}, {"tips": {"count": 3}, "contact": {"facebook": "100000051469832"}, "firstName": "Tiger Colin", "gender": "male", "lastName": "Chao Kun", "id": "6821504", "bio": "", "photo": {"prefix": "https://igx.4sqi.net/img/user/", "suffix": "/0ZQR1Y14ONGXDU3V.jpg"}, "homeCity": "Singapore", "lists": {"groups": [{"items": [], "count": 2, "type": "created"}]}}, {"tips": {"count": 1}, "contact": {"twitter": "weichen12321"}, "firstName": "Weichen WHOO", "gender": "male", "id": "24391784", "bio": "", "photo": {"prefix": "https://igx.4sqi.net/img/user/", "suffix": "/CDFO3XZUUZGWUBS1.jpg"}, "homeCity": "New York, NY", "lists": {"groups": [{"items": [], "count": 2, "type": "created"}]}}, {"tips": {"count": 0}, "contact": {"facebook": "675623666"}, "firstName": "Jiawen", "gender": "female", "lastName": "Chan", "id": "7769202", "bio": "", "photo": {"prefix": "https://igx.4sqi.net/img/user/", "suffix": "/N0WAEZ51MT21AYRA.jpg"}, "homeCity": "Singapore", "lists": {"groups": [{"items": [], "count": 2, "type": "created"}]}}, {"tips": {"count": 0}, "contact": {"twitter": "br0ken_down", "facebook": "100000225821046"}, "firstName": "Ace", "gender": "male", "lastName": "Socrazy", "id": "20877921", "bio": "", "photo": {"prefix": "https://igx.4sqi.net/img/user/", "suffix": "/0FRURHI0EZFGH2ZP.jpg"}, "homeCity": "Singapore ", "lists": {"groups": [{"items": [], "count": 2, "type": "created"}]}}, {"tips": {"count": 0}, "contact": {"facebook": "100005259464669"}, "firstName": "Toh", "gender": "male", "lastName": "Jun Yong", "id": "50486511", "bio": "", "photo": {"prefix": "https://igx.4sqi.net/img/user/", "suffix": "/IE1VJQ5MGBGJ2SQL.jpg"}, "homeCity": "Singapore, Singapore", "lists": {"groups": [{"items": [], "count": 2, "type": "created"}]}}, {"tips": {"count": 0}, "contact": {"twitter": "vicksontoh", "facebook": "644683126"}, "firstName": "Vickson", "gender": "male", "lastName": "Toh", "id": "8355859", "bio": "", "photo": {"prefix": "https://igx.4sqi.net/img/user/", "suffix": "/8355859-ZSFBPV0NEU5KWJBF.jpg"}, "homeCity": "Singapore", "lists": {"groups": [{"items": [], "count": 2, "type": "created"}]}}, {"tips": {"count": 0}, "contact": {"facebook": "517482980"}, "firstName": "Jasmine", "gender": "female", "lastName": "Foo", "id": "3495056", "bio": "", "photo": {"prefix": "https://igx.4sqi.net/img/user/", "suffix": "/JYJUUJLCRU1AUOFX.jpg"}, "homeCity": "Singapore", "lists": {"groups": [{"items": [], "count": 2, "type": "created"}]}}, {"tips": {"count": 0}, "contact": {"twitter": "iamaloysiuswng", "facebook": "710783015"}, "firstName": "Aloysius", "gender": "male", "lastName": "Wong", "id": "4144002", "bio": "", "photo": {"prefix": "https://igx.4sqi.net/img/user/", "suffix": "/4144002-JHLHBDK5A2Z003WL.jpg"}, "homeCity": "Singapore", "lists": {"groups": [{"items": [], "count": 2, "type": "created"}]}}, {"tips": {"count": 1}, "contact": {"twitter": "jjaywalks", "facebook": "572815674"}, "firstName": "Lum", "gender": "male", "lastName": "Jun Jie", "id": "10352739", "bio": "", "photo": {"prefix": "https://igx.4sqi.net/img/user/", "suffix": "/JEEI4AXWKRMPW0CR.jpg"}, "homeCity": "Singapore", "lists": {"groups": [{"items": [], "count": 2, "type": "created"}]}}, {"tips": {"count": 0}, "contact": {"facebook": "1057708391"}, "firstName": "Ross", "gender": "none", "lastName": "Aziz", "id": "8112246", "bio": "", "photo": {"prefix": "https://igx.4sqi.net/img/user/", "suffix": "/blank_boy.png", "default": true}, "homeCity": "Singapore", "lists": {"groups": [{"items": [], "count": 2, "type": "created"}]}}, {"tips": {"count": 19}, "contact": {}, "firstName": "Janet", "gender": "female", "id": "6855564", "bio": "", "photo": {"prefix": "https://igx.4sqi.net/img/user/", "suffix": "/UHP31ARFZFJN4M1H.jpg"}, "homeCity": "Singapore", "lists": {"groups": [{"items": [], "count": 3, "type": "created"}]}}, {"tips": {"count": 1}, "contact": {"twitter": "dhina4792", "facebook": "100001020345376"}, "firstName": "Dhinakaran", "gender": "male", "lastName": "Kriskumar", "id": "8181052", "bio": "", "photo": {"prefix": "https://igx.4sqi.net/img/user/", "suffix": "/DM2OMOEA5024AV5Q.jpg"}, "homeCity": "Singapore", "lists": {"groups": [{"items": [], "count": 2, "type": "created"}]}}, {"tips": {"count": 0}, "contact": {"twitter": "bracesboy93"}, "firstName": "Sharvin", "gender": "male", "id": "43678591", "bio": "", "photo": {"prefix": "https://igx.4sqi.net/img/user/", "suffix": "/GNRFUKC0I5YYO0R2.jpg"}, "homeCity": "Victoria", "lists": {"groups": [{"items": [], "count": 2, "type": "created"}]}}, {"tips": {"count": 0}, "contact": {"facebook": "687243207"}, "firstName": "Owyong", "gender": "female", "lastName": "Huiwen", "id": "5341794", "bio": "", "photo": {"prefix": "https://igx.4sqi.net/img/user/", "suffix": "/DHA3IHAJSEW0YPHB.jpg"}, "homeCity": "Singapore", "lists": {"groups": [{"items": [], "count": 2, "type": "created"}]}}, {"tips": {"count": 0}, "contact": {"twitter": "reginemorales"}, "firstName": "Regine", "gender": "female", "lastName": "Morales", "id": "5537485", "bio": "", "photo": {"prefix": "https://igx.4sqi.net/img/user/", "suffix": "/WT4YVMBMU2P0Q3SE.jpg"}, "homeCity": "New York, NY", "lists": {"groups": [{"items": [], "count": 2, "type": "created"}]}}, {"tips": {"count": 8}, "contact": {"twitter": "japrockerzz", "facebook": "10153429377223851"}, "firstName": "Low", "gender": "male", "lastName": "Pui Ngai", "id": "10885293", "bio": "", "photo": {"prefix": "https://igx.4sqi.net/img/user/", "suffix": "/WFOGDAKASLA5I1XH.jpg"}, "homeCity": "Singapore", "lists": {"groups": [{"items": [], "count": 4, "type": "created"}]}}, {"tips": {"count": 61}, "contact": {}, "firstName": "Jexston", "gender": "male", "lastName": "Ong", "id": "11966330", "bio": "", "photo": {"prefix": "https://igx.4sqi.net/img/user/", "suffix": "/LU0I2LBOWIRVZNQT.jpg"}, "homeCity": "East, Singapore ", "lists": {"groups": [{"items": [], "count": 2, "type": "created"}]}}, {"tips": {"count": 4}, "contact": {"twitter": "gibbons_gibbs", "facebook": "1304272433"}, "firstName": "Gibson", "gender": "male", "lastName": "Tang", "id": "7083765", "bio": "", "photo": {"prefix": "https://igx.4sqi.net/img/user/", "suffix": "/NLYYJYKXL2RCM4DA.jpg"}, "homeCity": "Singapore", "lists": {"groups": [{"items": [], "count": 2, "type": "created"}]}}, {"tips": {"count": 0}, "contact": {"twitter": "keefekayvensoh", "facebook": "1627094794"}, "firstName": "Keefe", "gender": "male", "id": "44683715", "bio": "", "photo": {"prefix": "https://igx.4sqi.net/img/user/", "suffix": "/44683715-VESXRI52QDI334AS.jpg"}, "homeCity": "Singapore", "lists": {"groups": [{"items": [], "count": 2, "type": "created"}]}}, {"tips": {"count": 0}, "contact": {"facebook": "1341788412"}, "firstName": "Chelsea", "gender": "female", "lastName": "Goh", "id": "5912306", "bio": "", "photo": {"prefix": "https://igx.4sqi.net/img/user/", "suffix": "/IOFO00TDKENIVRZW.jpg"}, "homeCity": "Singapore", "lists": {"groups": [{"items": [], "count": 2, "type": "created"}]}}, {"tips": {"count": 0}, "contact": {"facebook": "100000004065721"}, "firstName": "Ong", "gender": "male", "lastName": "Zhu", "id": "6345909", "bio": "", "photo": {"prefix": "https://igx.4sqi.net/img/user/", "suffix": "/blank_boy.png", "default": true}, "homeCity": "Singapore", "lists": {"groups": [{"items": [], "count": 2, "type": "created"}]}}, {"tips": {"count": 0}, "contact": {"facebook": "100001695447571"}, "firstName": "Fariz", "gender": "male", "lastName": "Mohd Feroz", "id": "11583128", "bio": "", "photo": {"prefix": "https://igx.4sqi.net/img/user/", "suffix": "/VIOUTZSC45IHWBHY.jpg"}, "homeCity": "Singapore", "lists": {"groups": [{"items": [], "count": 2, "type": "created"}]}}, {"tips": {"count": 0}, "contact": {"twitter": "kojiyawata", "facebook": "823909177"}, "firstName": "Koji", "gender": "male", "lastName": "Yawata", "id": "12540009", "bio": "", "photo": {"prefix": "https://igx.4sqi.net/img/user/", "suffix": "/PUQX5BPYJW3FDD2X.jpg"}, "homeCity": "Singapore", "lists": {"groups": [{"items": [], "count": 2, "type": "created"}]}}, {"tips": {"count": 0}, "contact": {}, "firstName": "Jason", "gender": "male", "lastName": "Swee", "id": "15499687", "bio": "", "photo": {"prefix": "https://igx.4sqi.net/img/user/", "suffix": "/2M0TGDK3JXLNN5FL.jpg"}, "homeCity": "Singapore", "lists": {"groups": [{"items": [], "count": 2, "type": "created"}]}}, {"tips": {"count": 0}, "contact": {"facebook": "735033364"}, "firstName": "Wong", "gender": "female", "lastName": "Peggy", "id": "6402879", "bio": "", "photo": {"prefix": "https://igx.4sqi.net/img/user/", "suffix": "/P3RWQKKPBJPBOCNU.jpg"}, "homeCity": "Singapore", "lists": {"groups": [{"items": [], "count": 2, "type": "created"}]}}, {"tips": {"count": 1}, "contact": {"twitter": "manduhlpx", "facebook": "1643455172"}, "firstName": "Amanda", "gender": "female", "lastName": "Lim", "id": "6490431", "bio": "", "photo": {"prefix": "https://igx.4sqi.net/img/user/", "suffix": "/O0NKANIUTT3FIOHU.jpg"}, "homeCity": "Singapore", "lists": {"groups": [{"items": [], "count": 2, "type": "created"}]}}, {"tips": {"count": 0}, "contact": {"facebook": "705053862"}, "firstName": "Rowena", "gender": "female", "lastName": "Jia", "id": "11632683", "bio": "", "photo": {"prefix": "https://igx.4sqi.net/img/user/", "suffix": "/GME5COFDFEOLONPA.jpg"}, "homeCity": "Singapore", "lists": {"groups": [{"items": [], "count": 2, "type": "created"}]}}, {"tips": {"count": 0}, "contact": {"twitter": "don_goh", "facebook": "579216646"}, "firstName": "Don", "gender": "male", "id": "15489689", "bio": "", "photo": {"prefix": "https://igx.4sqi.net/img/user/", "suffix": "/OT4Z4JATAJKYYI0U.jpg"}, "homeCity": "Singapore", "lists": {"groups": [{"items": [], "count": 2, "type": "created"}]}}, {"tips": {"count": 0}, "contact": {"twitter": "beneathemask"}, "firstName": "Adibah", "gender": "female", "lastName": "Amran", "id": "6496265", "bio": "", "photo": {"prefix": "https://igx.4sqi.net/img/user/", "suffix": "/5JS0COZJ5LWERSO5.jpg"}, "homeCity": "Singapore", "lists": {"groups": [{"items": [], "count": 2, "type": "created"}]}}, {"tips": {"count": 0}, "contact": {"twitter": "hell6821", "facebook": "600498067"}, "firstName": "Goh", "gender": "male", "lastName": "Chi Jie", "id": "8534026", "bio": "", "photo": {"prefix": "https://igx.4sqi.net/img/user/", "suffix": "/B2AWK5UREEOXUBEK.jpg"}, "homeCity": "Singapore", "lists": {"groups": [{"items": [], "count": 2, "type": "created"}]}}], "count": 65}, "checksum": "9e51b174a1e3c3e693ce3ac8d89876551e8d9ac4"}, "meta": {"requestId": "5965ce9d4c1f677020e81dc2", "code": 200}}