{"notifications": [{"type": "notificationTray", "item": {"unreadCount": 0}}], "response": {"friends": {"items": [{"tips": {"count": 5}, "contact": {"twitter": "kpbarbee"}, "firstName": "Kevin", "gender": "male", "lastName": "Barbee", "id": "2155035", "bio": "", "photo": {"prefix": "https://igx.4sqi.net/img/user/", "suffix": "/IX03C3BNJMBIMSI4.png"}, "homeCity": "Singapore", "lists": {"groups": [{"items": [], "count": 2, "type": "created"}]}}, {"tips": {"count": 0}, "contact": {"facebook": "100001986714952"}, "firstName": "Ryo", "gender": "male", "lastName": "Kanazawa", "id": "15980019", "bio": "", "photo": {"prefix": "https://igx.4sqi.net/img/user/", "suffix": "/WUTHZE3L0I4KIFQB.jpg"}, "homeCity": "\u6d66\u5b89\u5e02, \u65e5\u672c", "lists": {"groups": [{"items": [], "count": 2, "type": "created"}]}}, {"tips": {"count": 0}, "contact": {"facebook": "607038946"}, "firstName": "Eunice", "gender": "female", "lastName": "Lee", "id": "6183590", "bio": "", "photo": {"prefix": "https://igx.4sqi.net/img/user/", "suffix": "/MRIZ2AKGJQAKDMPZ.jpg"}, "homeCity": "Singapore", "lists": {"groups": [{"items": [], "count": 2, "type": "created"}]}}, {"tips": {"count": 1}, "contact": {"twitter": "magicchef07", "facebook": "1301454213"}, "firstName": "Ed", "gender": "male", "lastName": "Hollingsworth", "id": "7206281", "bio": "", "photo": {"prefix": "https://igx.4sqi.net/img/user/", "suffix": "/HV0IVJWUWEPLDGDQ.jpg"}, "homeCity": "Orlando, FL", "lists": {"groups": [{"items": [], "count": 2, "type": "created"}]}}, {"tips": {"count": 0}, "contact": {"facebook": "1286931534"}, "firstName": "Jeff", "gender": "male", "lastName": "Gschwind", "id": "12831531", "bio": "", "photo": {"prefix": "https://igx.4sqi.net/img/user/", "suffix": "/HTVT4MCGTKCVSRSK.jpg"}, "homeCity": "Fort Wayne, IN", "lists": {"groups": [{"items": [], "count": 2, "type": "created"}]}}, {"tips": {"count": 32}, "contact": {"facebook": "5114958"}, "firstName": "Jessica", "gender": "female", "lastName": "Fontanez", "id": "10617896", "bio": "", "photo": {"prefix": "https://igx.4sqi.net/img/user/", "suffix": "/10617896-E3R5YCTTDCE0XMME.jpg"}, "homeCity": "Orlando, FL", "lists": {"groups": [{"items": [], "count": 2, "type": "created"}]}}, {"tips": {"count": 13}, "contact": {}, "firstName": "\u2728Christina", "gender": "female", "lastName": "Bolling\u2728", "id": "4299929", "bio": "", "photo": {"prefix": "https://igx.4sqi.net/img/user/", "suffix": "/BNB4XVA1JAHDUZOS.jpg"}, "homeCity": "Orlando, FL", "lists": {"groups": [{"items": [], "count": 3, "type": "created"}]}}, {"tips": {"count": 0}, "contact": {}, "firstName": "Celeste", "gender": "female", "lastName": "Mackenzie", "id": "4560181", "bio": "", "photo": {"prefix": "https://igx.4sqi.net/img/user/", "suffix": "/HEGDPS3NKREV0MAZ.jpg"}, "homeCity": "Orlando, FL", "lists": {"groups": [{"items": [], "count": 2, "type": "created"}]}}, {"tips": {"count": 37}, "contact": {"twitter": "robbycortez", "facebook": "509683343"}, "firstName": "Robby", "gender": "male", "lastName": "Cortez", "id": "1387132", "bio": "", "photo": {"prefix": "https://igx.4sqi.net/img/user/", "suffix": "/1387132-1CLXRO4U3K5MKEQO.jpg"}, "homeCity": "Orlando, FL", "lists": {"groups": [{"items": [], "count": 3, "type": "created"}]}}, {"tips": {"count": 0}, "contact": {"facebook": "1060472253"}, "firstName": "Yanee", "gender": "female", "lastName": "Hamid", "id": "2622178", "bio": "", "photo": {"prefix": "https://igx.4sqi.net/img/user/", "suffix": "/NEOITI5GCIDR030T.jpg"}, "homeCity": "Singapore", "lists": {"groups": [{"items": [], "count": 2, "type": "created"}]}}, {"tips": {"count": 0}, "contact": {"twitter": "jaredsward", "facebook": "1106370063"}, "firstName": "Jared", "gender": "male", "lastName": "Ward", "id": "659441", "bio": "", "photo": {"prefix": "https://igx.4sqi.net/img/user/", "suffix": "/WSD4XZA25PPD5K1R.jpg"}, "homeCity": "Kissimmee, FL", "lists": {"groups": [{"items": [], "count": 2, "type": "created"}]}}, {"tips": {"count": 0}, "contact": {"twitter": "randychase75", "facebook": "653971875"}, "firstName": "Randy", "gender": "male", "lastName": "Chase", "id": "1228664", "bio": "", "photo": {"prefix": "https://igx.4sqi.net/img/user/", "suffix": "/blank_boy.png", "default": true}, "homeCity": "Winter Garden, FL", "lists": {"groups": [{"items": [], "count": 2, "type": "created"}]}}, {"tips": {"count": 82}, "contact": {"twitter": "diannemke", "facebook": "1125214476"}, "firstName": "Dianne", "gender": "female", "superuser": 1, "id": "642519", "bio": "Special Events Producer, Marketing Guru, Talk Show Maven..love travel, live music & great people.  I'm truly living the non-traditional, adventurous dream!", "photo": {"prefix": "https://igx.4sqi.net/img/user/", "suffix": "/642519-QEH2L4ZRRXVKKEX3.jpg"}, "homeCity": "Wauwatosa, WI", "lists": {"groups": [{"items": [], "count": 11, "type": "created"}]}}, {"tips": {"count": 20}, "contact": {"twitter": "tdcarrier", "facebook": "1007283338"}, "firstName": "Tim", "gender": "male", "lastName": "Carrier", "id": "322906", "bio": "", "photo": {"prefix": "https://igx.4sqi.net/img/user/", "suffix": "/PPPB4VVBBXX3MIWH.jpg"}, "homeCity": "Winter Garden, FL", "lists": {"groups": [{"items": [], "count": 2, "type": "created"}]}}, {"tips": {"count": 1}, "contact": {"facebook": "1580329678"}, "firstName": "Amber", "gender": "female", "lastName": "Mayne", "id": "21075958", "bio": "", "photo": {"prefix": "https://igx.4sqi.net/img/user/", "suffix": "/CHKBH5CNMQOOBSFZ.jpg"}, "homeCity": "Orlando, FL", "lists": {"groups": [{"items": [], "count": 2, "type": "created"}]}}, {"tips": {"count": 0}, "contact": {"twitter": "carmicruzana"}, "firstName": "carmi", "gender": "female", "lastName": "cruzana", "id": "5423777", "bio": "", "photo": {"prefix": "https://igx.4sqi.net/img/user/", "suffix": "/5GN4ZOTXKKAPD3KZ.jpg"}, "homeCity": "Singapore", "lists": {"groups": [{"items": [], "count": 2, "type": "created"}]}}, {"tips": {"count": 1}, "contact": {}, "firstName": "Jennifer", "gender": "female", "lastName": "Hallenbeck", "id": "16881860", "bio": "", "photo": {"prefix": "https://igx.4sqi.net/img/user/", "suffix": "/TTMW3CNKE2G2I5K5.jpg"}, "homeCity": "Singapore", "lists": {"groups": [{"items": [], "count": 2, "type": "created"}]}}, {"tips": {"count": 1}, "contact": {"facebook": "1325617467"}, "firstName": "Hannah", "gender": "female", "id": "861575", "bio": "", "photo": {"prefix": "https://igx.4sqi.net/img/user/", "suffix": "/5CDI430RZSK5KECW.jpg"}, "homeCity": "Singapore, Singapore", "lists": {"groups": [{"items": [], "count": 2, "type": "created"}]}}, {"tips": {"count": 3}, "contact": {"facebook": "1141912864"}, "firstName": "Dennis", "gender": "male", "lastName": "Kastanis", "id": "3266678", "bio": "", "photo": {"prefix": "https://igx.4sqi.net/img/user/", "suffix": "/FRLBWWGYCA4RQNRS.jpg"}, "homeCity": "Orlando, FL", "lists": {"groups": [{"items": [], "count": 2, "type": "created"}]}}, {"tips": {"count": 19}, "contact": {}, "firstName": "Wolfgang", "gender": "male", "lastName": "Amadeus", "id": "1123120", "bio": "", "photo": {"prefix": "https://igx.4sqi.net/img/user/", "suffix": "/STBQSU1UVB1VOX2P.jpg"}, "homeCity": "Bukit Merah, Singapore", "lists": {"groups": [{"items": [], "count": 2, "type": "created"}]}}, {"tips": {"count": 6}, "contact": {"facebook": "100004278006287"}, "firstName": "Jen", "gender": "female", "lastName": "DeCicco", "id": "19028680", "bio": "", "photo": {"prefix": "https://igx.4sqi.net/img/user/", "suffix": "/GHKWN30UT3GXZ0F2.jpg"}, "homeCity": "Groveland, FL", "lists": {"groups": [{"items": [], "count": 2, "type": "created"}]}}, {"tips": {"count": 2}, "contact": {"facebook": "598077578"}, "firstName": "J.", "gender": "male", "lastName": "Parker", "id": "7993013", "bio": "", "photo": {"prefix": "https://igx.4sqi.net/img/user/", "suffix": "/K5UVV21KPGBYR1YP.jpg"}, "homeCity": "Maryland", "lists": {"groups": [{"items": [], "count": 2, "type": "created"}]}}, {"tips": {"count": 0}, "contact": {"facebook": "1520140197"}, "firstName": "Jenny", "gender": "female", "lastName": "Bordeaux", "id": "4570030", "bio": "", "photo": {"prefix": "https://igx.4sqi.net/img/user/", "suffix": "/2LWYAIICGBYESKG2.jpg"}, "homeCity": "Orlando, FL", "lists": {"groups": [{"items": [], "count": 2, "type": "created"}]}}, {"tips": {"count": 4}, "contact": {"facebook": "699481593"}, "firstName": "Kevin", "gender": "male", "lastName": "Barbee", "id": "3526118", "bio": "Architect & Theme Park Expert", "photo": {"prefix": "https://igx.4sqi.net/img/user/", "suffix": "/WQQVIDEJRWGLCUNQ.jpg"}, "homeCity": "Singapore", "lists": {"groups": [{"items": [], "count": 2, "type": "created"}]}}, {"tips": {"count": 0}, "contact": {"facebook": "540255186"}, "firstName": "Allen", "gender": "male", "lastName": "Confesor", "id": "21097617", "bio": "", "photo": {"prefix": "https://igx.4sqi.net/img/user/", "suffix": "/ASGFF1YQGQQPZVPH.jpg"}, "homeCity": "Orlando, Florida", "lists": {"groups": [{"items": [], "count": 2, "type": "created"}]}}, {"tips": {"count": 3}, "contact": {"twitter": "pizzahammer", "facebook": "10204054952601797"}, "firstName": "John", "gender": "male", "lastName": "Hamaric", "id": "1539315", "bio": "", "photo": {"prefix": "https://igx.4sqi.net/img/user/", "suffix": "/1539315_UQB5RA9I_jI5Cjkxho8fNATmTtuMXvnoyaUNp845kpX-mDwXgC4mRyPrIMwJEVXy0cuEuW13t.jpg"}, "homeCity": "Orlando, Florida", "lists": {"groups": [{"items": [], "count": 2, "type": "created"}]}}, {"tips": {"count": 1}, "contact": {"facebook": "57208271"}, "firstName": "Hayley", "gender": "female", "lastName": "Brown", "id": "17145694", "bio": "", "photo": {"prefix": "https://igx.4sqi.net/img/user/", "suffix": "/UT2MO0K2DRBNM1NR.jpg"}, "homeCity": "Orlando, FL", "lists": {"groups": [{"items": [], "count": 2, "type": "created"}]}}, {"tips": {"count": 0}, "contact": {"facebook": "539810331"}, "firstName": "Ben", "gender": "male", "lastName": "Heller", "id": "6121049", "bio": "", "photo": {"prefix": "https://igx.4sqi.net/img/user/", "suffix": "/blank_boy.png", "default": true}, "homeCity": "Orlando, FL", "lists": {"groups": [{"items": [], "count": 2, "type": "created"}]}}, {"tips": {"count": 1}, "contact": {"facebook": "795475332"}, "firstName": "Jen", "gender": "female", "lastName": "Thompson", "id": "17149524", "bio": "", "photo": {"prefix": "https://igx.4sqi.net/img/user/", "suffix": "/0FGPVIAPPUBYFX35.jpg"}, "homeCity": "WI", "lists": {"groups": [{"items": [], "count": 2, "type": "created"}]}}], "count": 29}, "checksum": "a8f4eee599a922c07a8405e495874eeb2474a254"}, "meta": {"requestId": "5965b7ff4c1f6770206720d7", "code": 200}}