{"notifications": [{"type": "notificationTray", "item": {"unreadCount": 0}}], "response": {"friends": {"items": [{"tips": {"count": 3}, "contact": {"twitter": "malibugrey"}, "firstName": "Vanessa", "gender": "female", "lastName": "Wong", "id": "2112169", "bio": "", "photo": {"prefix": "https://igx.4sqi.net/img/user/", "suffix": "/2UD4UQGXS1FE1O4C.jpg"}, "homeCity": "Australia", "lists": {"groups": [{"items": [], "count": 2, "type": "created"}]}}, {"tips": {"count": 0}, "contact": {"facebook": "538782592"}, "firstName": "Gabriel", "gender": "male", "lastName": "Lim", "id": "11100938", "bio": "", "photo": {"prefix": "https://igx.4sqi.net/img/user/", "suffix": "/HZKKJZTJQHRFUOTB.jpg"}, "homeCity": "Singapore", "lists": {"groups": [{"items": [], "count": 2, "type": "created"}]}}, {"tips": {"count": 0}, "contact": {"facebook": "663545148"}, "firstName": "Yveena", "gender": "female", "lastName": "Mariel", "id": "12282606", "bio": "", "photo": {"prefix": "https://igx.4sqi.net/img/user/", "suffix": "/ECDIR2DQ5FDKFBAH.jpg"}, "homeCity": "NY", "lists": {"groups": [{"items": [], "count": 2, "type": "created"}]}}, {"tips": {"count": 0}, "contact": {"twitter": "zephrius", "facebook": "768676003"}, "firstName": "Louis", "gender": "male", "lastName": "Yeo", "id": "4420495", "bio": "", "photo": {"prefix": "https://igx.4sqi.net/img/user/", "suffix": "/3IWI44LRFOVL03IT.jpg"}, "homeCity": "Singapore", "lists": {"groups": [{"items": [], "count": 2, "type": "created"}]}}, {"tips": {"count": 41}, "contact": {"twitter": "meihar", "facebook": "623496810"}, "firstName": "Meihar", "gender": "female", "lastName": "Fonger", "id": "2277339", "bio": "", "photo": {"prefix": "https://igx.4sqi.net/img/user/", "suffix": "/QGALOQOX3PIDQXSG.jpg"}, "homeCity": "Singapore", "lists": {"groups": [{"items": [], "count": 6, "type": "created"}]}}, {"tips": {"count": 0}, "contact": {"facebook": "676177614"}, "firstName": "Roystance", "gender": "male", "id": "13048564", "bio": "", "photo": {"prefix": "https://igx.4sqi.net/img/user/", "suffix": "/WJLRMJRS5WEKXYJR.jpg"}, "homeCity": "Singapore", "lists": {"groups": [{"items": [], "count": 2, "type": "created"}]}}, {"tips": {"count": 0}, "contact": {"facebook": "1851485386"}, "firstName": "Yappy", "gender": "male", "lastName": "Yap", "id": "1696581", "bio": "", "photo": {"prefix": "https://igx.4sqi.net/img/user/", "suffix": "/315CANLFFFH0LTIZ.jpg"}, "homeCity": "Singapore", "lists": {"groups": [{"items": [], "count": 2, "type": "created"}]}}, {"tips": {"count": 0}, "contact": {"facebook": "575464029"}, "firstName": "Rosie", "gender": "female", "lastName": "Tsui", "id": "21857682", "bio": "", "photo": {"prefix": "https://igx.4sqi.net/img/user/", "suffix": "/ENIF11ODYZKTFGWA.jpg"}, "homeCity": "New South Wales", "lists": {"groups": [{"items": [], "count": 2, "type": "created"}]}}, {"tips": {"count": 2}, "contact": {"facebook": "850715306"}, "firstName": "Alexander", "gender": "male", "lastName": "Wu", "id": "2641171", "bio": "", "photo": {"prefix": "https://igx.4sqi.net/img/user/", "suffix": "/VD2T0FKIZPAYL4ZT.jpg"}, "homeCity": "Singapore", "lists": {"groups": [{"items": [], "count": 2, "type": "created"}]}}, {"tips": {"count": 0}, "contact": {"twitter": "princessgissie", "facebook": "584900712"}, "firstName": "Giselle", "gender": "female", "lastName": "Wong", "id": "3297410", "bio": "", "photo": {"prefix": "https://igx.4sqi.net/img/user/", "suffix": "/OJPE30FCEDOFZPW2.jpg"}, "homeCity": "Singapore", "lists": {"groups": [{"items": [], "count": 2, "type": "created"}]}}, {"tips": {"count": 0}, "contact": {}, "firstName": "Xianzy", "gender": "female", "id": "10349245", "bio": "", "photo": {"prefix": "https://igx.4sqi.net/img/user/", "suffix": "/EPH4XXBLXZ0KP0G5.jpg"}, "homeCity": "Singapore", "lists": {"groups": [{"items": [], "count": 2, "type": "created"}]}}, {"tips": {"count": 0}, "contact": {"facebook": "704237222"}, "firstName": "Tian", "gender": "male", "lastName": "Guan", "id": "17238052", "bio": "", "photo": {"prefix": "https://igx.4sqi.net/img/user/", "suffix": "/JKDP5DOIMM0YMWRV.jpg"}, "homeCity": "Singapore", "lists": {"groups": [{"items": [], "count": 2, "type": "created"}]}}, {"tips": {"count": 0}, "contact": {}, "firstName": "Clifton", "gender": "male", "lastName": "Lee", "id": "4909247", "bio": "", "photo": {"prefix": "https://igx.4sqi.net/img/user/", "suffix": "/C4WM2ZNXUQ0W3WSR.jpg"}, "homeCity": "Singapore", "lists": {"groups": [{"items": [], "count": 2, "type": "created"}]}}, {"tips": {"count": 0}, "contact": {"twitter": "timothytanyongr", "facebook": "716279544"}, "firstName": "Timothy", "gender": "male", "lastName": "Tan", "id": "4598748", "bio": "", "photo": {"prefix": "https://igx.4sqi.net/img/user/", "suffix": "/4598748-HUYVXNNN3CN5OXA2.jpg"}, "homeCity": "Singapore", "lists": {"groups": [{"items": [], "count": 2, "type": "created"}]}}, {"tips": {"count": 1}, "contact": {"twitter": "wujiayan"}, "firstName": "Jiayan", "gender": "female", "lastName": "Wu", "id": "3439056", "bio": "", "photo": {"prefix": "https://igx.4sqi.net/img/user/", "suffix": "/3439056-EP0U55CVC1BFYL3H.jpg"}, "homeCity": "Singapore", "lists": {"groups": [{"items": [], "count": 2, "type": "created"}]}}, {"tips": {"count": 0}, "contact": {"facebook": "567481203"}, "firstName": "Chee Kin", "gender": "male", "lastName": "Wong", "id": "13339867", "bio": "", "photo": {"prefix": "https://igx.4sqi.net/img/user/", "suffix": "/blank_boy.png", "default": true}, "homeCity": "Singapore", "lists": {"groups": [{"items": [], "count": 2, "type": "created"}]}}, {"tips": {"count": 2}, "contact": {"twitter": "rahul_meeo", "facebook": "1339084833"}, "firstName": "Rahul", "gender": "male", "lastName": "Hindi", "id": "20901325", "bio": "", "photo": {"prefix": "https://igx.4sqi.net/img/user/", "suffix": "/TRIBJLYYTB0Z12FW.jpg"}, "homeCity": "New York, NY", "lists": {"groups": [{"items": [], "count": 2, "type": "created"}]}}, {"tips": {"count": 15}, "contact": {"twitter": "mad_oreo", "facebook": "676889828"}, "firstName": "matthew", "gender": "male", "lastName": "lim", "id": "7325177", "bio": "", "photo": {"prefix": "https://igx.4sqi.net/img/user/", "suffix": "/1X4KCOMSOIYLR5Z4.jpg"}, "homeCity": "Singapore", "lists": {"groups": [{"items": [], "count": 2, "type": "created"}]}}], "count": 18}, "checksum": "781b62676f06cef5e37c0f8622ec07c28689898b"}, "meta": {"requestId": "596624bc6a60711439805907", "code": 200}}