{"notifications": [{"type": "notificationTray", "item": {"unreadCount": 0}}], "meta": {"requestId": "5966fe9bdb04f528af80097f", "code": 200}, "response": {"friends": {"count": 51, "items": [{"id": "4454336", "photo": {"prefix": "https://igx.4sqi.net/img/user/", "suffix": "/4454336-1DGPDD135SMP55W4.jpg"}, "homeCity": "Kuala lumpur ", "contact": {"facebook": "698200572", "twitter": "kurosaki_ichini"}, "firstName": "Kurosaki_ichini", "tips": {"count": 14}, "gender": "male", "lastName": "EDi", "lists": {"groups": [{"count": 2, "type": "created", "items": []}]}, "bio": ""}, {"id": "4643154", "photo": {"prefix": "https://igx.4sqi.net/img/user/", "suffix": "/2PK1WH4J4OW3XG2P.jpg"}, "homeCity": "Tuaran, Malaysia", "contact": {"facebook": "16926490"}, "firstName": "Jie Boon", "tips": {"count": 2}, "gender": "male", "lastName": "Song", "lists": {"groups": [{"count": 2, "type": "created", "items": []}]}, "bio": ""}, {"id": "7046836", "photo": {"prefix": "https://igx.4sqi.net/img/user/", "default": true, "suffix": "/blank_boy.png"}, "homeCity": "Kerling, Malaysia", "contact": {"facebook": "796015122"}, "firstName": "Alex", "tips": {"count": 0}, "gender": "male", "lastName": "Chin", "lists": {"groups": [{"count": 2, "type": "created", "items": []}]}, "bio": ""}, {"id": "10260768", "photo": {"prefix": "https://igx.4sqi.net/img/user/", "suffix": "/TL0PWJPM25AISERW.jpg"}, "homeCity": "NY", "contact": {"facebook": "623451495"}, "firstName": "Jin", "tips": {"count": 0}, "gender": "female", "lastName": "Jin", "lists": {"groups": [{"count": 2, "type": "created", "items": []}]}, "bio": ""}, {"id": "26149632", "photo": {"prefix": "https://igx.4sqi.net/img/user/", "suffix": "/26149632-KTOBI2R33VGZLN5S.jpg"}, "homeCity": "Sabah, Malaysia", "contact": {"facebook": "563146769"}, "firstName": "Yong", "tips": {"count": 0}, "gender": "male", "lastName": "Kiwi", "lists": {"groups": [{"count": 2, "type": "created", "items": []}]}, "bio": "Welcome to my world"}, {"id": "8940900", "photo": {"prefix": "https://igx.4sqi.net/img/user/", "suffix": "/5EKTVYQNZ1NTNRJM.jpg"}, "homeCity": "Selangor, Malaysia", "contact": {"facebook": "1851557242"}, "firstName": "Meng", "tips": {"count": 0}, "gender": "male", "lastName": "Deric", "lists": {"groups": [{"count": 2, "type": "created", "items": []}]}, "bio": ""}, {"id": "5812143", "photo": {"prefix": "https://igx.4sqi.net/img/user/", "suffix": "/SBDW55DEWCRRTXDE.jpg"}, "homeCity": "", "contact": {"facebook": "614885887"}, "firstName": "\u53cb\u7231", "tips": {"count": 0}, "gender": "female", "lists": {"groups": [{"count": 2, "type": "created", "items": []}]}, "bio": ""}, {"id": "19452451", "photo": {"prefix": "https://igx.4sqi.net/img/user/", "suffix": "/X0CJQLY3NZK2WJJI.jpg"}, "homeCity": "Singapore", "contact": {"facebook": "521993044", "twitter": "tri_wwl"}, "firstName": "Tri", "tips": {"count": 3}, "gender": "male", "lastName": "Irawan", "lists": {"groups": [{"count": 2, "type": "created", "items": []}]}, "bio": ""}, {"id": "24851601", "photo": {"prefix": "https://igx.4sqi.net/img/user/", "suffix": "/GZK10XRQB5PMOV2E.jpg"}, "homeCity": "Selangor", "contact": {"facebook": "618327337"}, "firstName": "Eileen", "tips": {"count": 0}, "gender": "female", "lastName": "Lee", "lists": {"groups": [{"count": 2, "type": "created", "items": []}]}, "bio": ""}, {"id": "5853812", "photo": {"prefix": "https://igx.4sqi.net/img/user/", "suffix": "/J5GZARVNPYAOX0UC.jpg"}, "homeCity": "Kuala Lumpur, Malaysia", "contact": {"facebook": "622867871"}, "firstName": "Zee Kim", "tips": {"count": 0}, "gender": "male", "lastName": "Ng", "lists": {"groups": [{"count": 2, "type": "created", "items": []}]}, "bio": ""}, {"id": "5014948", "photo": {"prefix": "https://igx.4sqi.net/img/user/", "suffix": "/5014948-HMDAEF1IXLQFNAMY.jpg"}, "homeCity": "Kuala Lumpur, Malaysia", "contact": {"facebook": "598249417", "twitter": "jinteng"}, "firstName": "Jinteng", "tips": {"count": 3}, "gender": "female", "lastName": "Lee", "lists": {"groups": [{"count": 2, "type": "created", "items": []}]}, "bio": ""}, {"id": "5387221", "photo": {"prefix": "https://igx.4sqi.net/img/user/", "default": true, "suffix": "/blank_boy.png"}, "homeCity": "New York, NY", "contact": {"facebook": "593385799", "twitter": "liweitay"}, "firstName": "Liwei", "tips": {"count": 0}, "gender": "male", "lastName": "Tay", "lists": {"groups": [{"count": 2, "type": "created", "items": []}]}, "bio": ""}, {"id": "5104597", "photo": {"prefix": "https://igx.4sqi.net/img/user/", "suffix": "/NSVFZR4T1OIZDELX.jpg"}, "homeCity": "New York, NY", "contact": {}, "firstName": "Yee Hou", "tips": {"count": 0}, "gender": "male", "lastName": "Leong", "lists": {"groups": [{"count": 2, "type": "created", "items": []}]}, "bio": ""}, {"id": "4957709", "photo": {"prefix": "https://igx.4sqi.net/img/user/", "suffix": "/4957709-XY2YE3CGDT1JAWL0.jpg"}, "homeCity": "", "contact": {"facebook": "10155429224380389", "twitter": "joeyseng"}, "firstName": "Joey", "tips": {"count": 0}, "gender": "female", "lastName": "Seng", "lists": {"groups": [{"count": 2, "type": "created", "items": []}]}, "bio": ""}, {"id": "4934196", "photo": {"prefix": "https://igx.4sqi.net/img/user/", "suffix": "/4934196-1OPK1QTNUNZIO5JS.jpg"}, "homeCity": "Subang Jaya, Selangor", "contact": {"facebook": "891680079", "twitter": "jeanettepty87"}, "firstName": "Jeanette", "tips": {"count": 1}, "gender": "female", "lastName": "Pang", "lists": {"groups": [{"count": 2, "type": "created", "items": []}]}, "bio": ""}, {"id": "35336484", "photo": {"prefix": "https://igx.4sqi.net/img/user/", "suffix": "/SUWGZFX4QAVGUC3Y.jpg"}, "homeCity": "New York, NY", "contact": {"facebook": "529137255"}, "firstName": "Freddy", "tips": {"count": 0}, "gender": "male", "lastName": "Fu", "lists": {"groups": [{"count": 2, "type": "created", "items": []}]}, "bio": ""}, {"id": "5340180", "photo": {"prefix": "https://igx.4sqi.net/img/user/", "suffix": "/5340180-OG4ZJDCB2OV1UO2A.jpg"}, "homeCity": "Malaysia", "contact": {"facebook": "674176993"}, "firstName": "SL", "tips": {"count": 17}, "gender": "female", "lastName": "L", "lists": {"groups": [{"count": 13, "type": "created", "items": []}]}, "bio": ""}, {"id": "2554566", "photo": {"prefix": "https://igx.4sqi.net/img/user/", "suffix": "/2554566-FK5VYRO0RPPP33LY.jpg"}, "homeCity": "Petaling Jaya, Malaysia", "contact": {}, "firstName": "Clara", "tips": {"count": 67}, "gender": "female", "lists": {"groups": [{"count": 2, "type": "created", "items": []}]}, "bio": ""}, {"id": "15560438", "photo": {"prefix": "https://igx.4sqi.net/img/user/", "suffix": "/KU5EWMHLZ4LJOOZT.jpg"}, "homeCity": "Kuala Lumpur, Malaysia", "contact": {"facebook": "744449216"}, "firstName": "Winnie", "tips": {"count": 0}, "gender": "female", "lastName": "Neo", "lists": {"groups": [{"count": 2, "type": "created", "items": []}]}, "bio": ""}, {"id": "19773035", "photo": {"prefix": "https://igx.4sqi.net/img/user/", "suffix": "/E4T4ORI4K5MATBGF.jpg"}, "homeCity": "Temerloh, Malaysia", "contact": {"facebook": "1032589322"}, "firstName": "Hewitt", "tips": {"count": 0}, "gender": "female", "lastName": "Lee Wen", "lists": {"groups": [{"count": 2, "type": "created", "items": []}]}, "bio": ""}, {"id": "9491037", "photo": {"prefix": "https://igx.4sqi.net/img/user/", "default": true, "suffix": "/blank_girl.png"}, "homeCity": "Kuala Lumpur, Malaysia", "contact": {}, "firstName": "Jie Lian", "tips": {"count": 1}, "gender": "female", "lastName": "Chuah", "lists": {"groups": [{"count": 2, "type": "created", "items": []}]}, "bio": ""}, {"id": "6205587", "photo": {"prefix": "https://igx.4sqi.net/img/user/", "suffix": "/VEQDJVFVIB01V1FT.jpg"}, "homeCity": "Singapore", "contact": {"facebook": "573760071"}, "firstName": "Kim", "tips": {"count": 0}, "gender": "male", "lastName": "Fui", "lists": {"groups": [{"count": 2, "type": "created", "items": []}]}, "bio": ""}, {"id": "11396241", "photo": {"prefix": "https://igx.4sqi.net/img/user/", "suffix": "/QJDFNTODU4SSYX04.jpg"}, "homeCity": "Melbourne, Australia", "contact": {"facebook": "1072763354"}, "firstName": "JiaLiang", "tips": {"count": 0}, "gender": "male", "lastName": "Wang", "lists": {"groups": [{"count": 2, "type": "created", "items": []}]}, "bio": "Studying in RMIT~"}, {"id": "12830500", "photo": {"prefix": "https://igx.4sqi.net/img/user/", "suffix": "/1NKYCJO3UPG5IDKZ.jpg"}, "homeCity": "Singapore", "contact": {"facebook": "580647450"}, "firstName": "Khoo", "tips": {"count": 0}, "gender": "male", "lastName": "Yew Sam", "lists": {"groups": [{"count": 2, "type": "created", "items": []}]}, "bio": ""}, {"id": "34908894", "photo": {"prefix": "https://igx.4sqi.net/img/user/", "suffix": "/34908894_B1yHhIG5_u6p2yDVKWT5ewR_LjSsu1Un6jxk_jUieQmRsxMpWHfGZvwmVf8wCu-w7o6dfBIPQ.jpg"}, "homeCity": "Pahang", "contact": {"facebook": "100003269463514", "twitter": "rou5302"}, "firstName": "Xiao", "tips": {"count": 1}, "gender": "female", "lastName": "Rou", "lists": {"groups": [{"count": 2, "type": "created", "items": []}]}, "bio": "Enjoy enthusiastic time :)"}, {"id": "10293958", "photo": {"prefix": "https://igx.4sqi.net/img/user/", "suffix": "/10293958-WLDQXZHIA4LXHK02.jpg"}, "homeCity": "Penampang, Malaysia", "contact": {"facebook": "515548938"}, "firstName": "I'liaw", "tips": {"count": 6}, "gender": "male", "lists": {"groups": [{"count": 2, "type": "created", "items": []}]}, "bio": ""}, {"id": "23998390", "photo": {"prefix": "https://igx.4sqi.net/img/user/", "suffix": "/YFFS0CAKIHVH0MGN.jpg"}, "homeCity": "Selangor", "contact": {"facebook": "100001491111070"}, "firstName": "Boey", "tips": {"count": 0}, "gender": "female", "lastName": "Yap", "lists": {"groups": [{"count": 2, "type": "created", "items": []}]}, "bio": ""}, {"id": "51616929", "photo": {"prefix": "https://igx.4sqi.net/img/user/", "suffix": "/51616929-S0KTOZBG400ZBM10.jpg"}, "homeCity": "Kuala Lumpur, Malaysia", "contact": {"facebook": "580397874"}, "firstName": "Siao See", "tips": {"count": 0}, "gender": "female", "lastName": "Khoo", "lists": {"groups": [{"count": 28, "type": "created", "items": []}]}, "bio": ""}, {"id": "66335073", "photo": {"prefix": "https://igx.4sqi.net/img/user/", "suffix": "/R3IQWWZCCFCJX03B.jpg"}, "homeCity": "", "contact": {"facebook": "1074342168"}, "firstName": "Samuel", "tips": {"count": 0}, "gender": "male", "lastName": "Yee", "lists": {"groups": [{"count": 2, "type": "created", "items": []}]}, "bio": ""}, {"id": "13508948", "photo": {"prefix": "https://igx.4sqi.net/img/user/", "default": true, "suffix": "/blank_boy.png"}, "homeCity": "Pulau Pinang, Malaysia", "contact": {}, "firstName": "Sendo", "tips": {"count": 0}, "gender": "male", "lastName": "Chan", "lists": {"groups": [{"count": 2, "type": "created", "items": []}]}, "bio": ""}, {"id": "7420169", "photo": {"prefix": "https://igx.4sqi.net/img/user/", "suffix": "/7420169-EGY0N3YWVAWVO3TW.jpg"}, "homeCity": "Kuala Lumpur, Malaysia", "contact": {"facebook": "529891188"}, "firstName": "Kiki", "tips": {"count": 0}, "gender": "male", "lastName": "K", "lists": {"groups": [{"count": 2, "type": "created", "items": []}]}, "bio": ""}, {"id": "25046044", "photo": {"prefix": "https://igx.4sqi.net/img/user/", "suffix": "/KFFUIGWEQDHGGBKK.jpg"}, "homeCity": "Sabah", "contact": {}, "firstName": "Alfred", "tips": {"count": 0}, "gender": "male", "lastName": "Tay", "lists": {"groups": [{"count": 2, "type": "created", "items": []}]}, "bio": ""}, {"id": "35250630", "photo": {"prefix": "https://igx.4sqi.net/img/user/", "suffix": "/HFABL00CLVJSCQ3H.jpg"}, "homeCity": "Johor", "contact": {"facebook": "1597942172"}, "firstName": "Derek", "tips": {"count": 0}, "gender": "male", "lastName": "Yongwei", "lists": {"groups": [{"count": 2, "type": "created", "items": []}]}, "bio": ""}, {"id": "74709775", "photo": {"prefix": "https://igx.4sqi.net/img/user/", "suffix": "/74709775-TTDRBABHV0R3DKLP.jpg"}, "homeCity": "Tawau, SBH", "contact": {"facebook": "100001492977868"}, "firstName": "Bernice", "tips": {"count": 0}, "gender": "female", "lastName": "Kong", "lists": {"groups": [{"count": 2, "type": "created", "items": []}]}, "bio": ""}, {"id": "4690596", "photo": {"prefix": "https://igx.4sqi.net/img/user/", "suffix": "/0RN3R4NQ52CIHWPL.jpg"}, "homeCity": "Pulau Pinang, Malaysia", "contact": {"facebook": "652018634"}, "firstName": "jason", "tips": {"count": 0}, "gender": "none", "lastName": "lo", "lists": {"groups": [{"count": 2, "type": "created", "items": []}]}, "bio": ""}, {"id": "27501008", "photo": {"prefix": "https://igx.4sqi.net/img/user/", "suffix": "/1U2ZOVESKAH2GSVY.jpg"}, "homeCity": "Selangor", "contact": {"facebook": "641469011"}, "firstName": "Yuen", "tips": {"count": 6}, "gender": "male", "lastName": "Gid Man", "lists": {"groups": [{"count": 2, "type": "created", "items": []}]}, "bio": ""}, {"id": "13370345", "photo": {"prefix": "https://igx.4sqi.net/img/user/", "suffix": "/YVEIOP2WTIKVILAF.jpg"}, "homeCity": "Subang Jaya, Malaysia", "contact": {"facebook": "1080859073"}, "firstName": "Jason", "tips": {"count": 0}, "gender": "male", "lastName": "Ding", "lists": {"groups": [{"count": 2, "type": "created", "items": []}]}, "bio": ""}, {"id": "6250707", "photo": {"prefix": "https://igx.4sqi.net/img/user/", "suffix": "/KRSZGUZKFKSHPDKI.jpg"}, "homeCity": "Subang Jaya, Malaysia", "contact": {"facebook": "725156083"}, "firstName": "Rachel", "tips": {"count": 0}, "gender": "female", "lastName": "Phan", "lists": {"groups": [{"count": 2, "type": "created", "items": []}]}, "bio": ""}, {"id": "11725949", "photo": {"prefix": "https://igx.4sqi.net/img/user/", "suffix": "/UY3AIRGGWFM5CZWD.jpg"}, "homeCity": "Kuala Lumpur, Malaysia", "contact": {"facebook": "574062622"}, "firstName": "Vincent", "tips": {"count": 0}, "gender": "male", "lastName": "Gan", "lists": {"groups": [{"count": 2, "type": "created", "items": []}]}, "bio": ""}, {"id": "36128968", "photo": {"prefix": "https://igx.4sqi.net/img/user/", "suffix": "/5T5ZNU1DUILRVSDH.jpg"}, "homeCity": "Sabah", "contact": {"facebook": "10152959344922997", "twitter": "louvis089"}, "firstName": "YouSee", "tips": {"count": 2}, "gender": "male", "lastName": "Louvis", "lists": {"groups": [{"count": 3, "type": "created", "items": []}]}, "bio": ""}, {"id": "55884935", "photo": {"prefix": "https://igx.4sqi.net/img/user/", "suffix": "/V30POD21YVXSJ3YV.jpg"}, "homeCity": "Temerloh", "contact": {"facebook": "727344093"}, "firstName": "DC", "tips": {"count": 0}, "gender": "male", "lastName": "Ronnie", "lists": {"groups": [{"count": 2, "type": "created", "items": []}]}, "bio": ""}, {"id": "17278835", "photo": {"prefix": "https://igx.4sqi.net/img/user/", "suffix": "/17278835-MHSZC14BJX01DK5E.jpg"}, "homeCity": "Seri Kembangan, Malaysia", "contact": {"facebook": "667888570"}, "firstName": "Wai Lun", "tips": {"count": 1}, "gender": "male", "lastName": "Chung", "lists": {"groups": [{"count": 2, "type": "created", "items": []}]}, "bio": ""}, {"id": "25032522", "photo": {"prefix": "https://igx.4sqi.net/img/user/", "suffix": "/J1E05LUVKMUEASQ5.jpg"}, "homeCity": "Selangor", "contact": {"facebook": "1157508253"}, "firstName": "Cheau", "tips": {"count": 0}, "gender": "female", "lastName": "Kim", "lists": {"groups": [{"count": 2, "type": "created", "items": []}]}, "bio": ""}, {"id": "62278903", "photo": {"prefix": "https://igx.4sqi.net/img/user/", "suffix": "/Y5GCCKOJLMZS4G52.jpg"}, "homeCity": "Brisbane, Queensland, Australia", "contact": {"facebook": "717179352"}, "firstName": "William", "tips": {"count": 0}, "gender": "male", "lastName": "Tan", "lists": {"groups": [{"count": 2, "type": "created", "items": []}]}, "bio": ""}, {"id": "5770363", "photo": {"prefix": "https://igx.4sqi.net/img/user/", "suffix": "/5770363_n4KPdlHU_PjVCbJYEfR1arhymAAbG0DpuhYg8lFGTdj9OvTNLdbmFEtbJ9Y63lVzX1RTj8tI0.jpg"}, "homeCity": "Petaling Jaya, Malaysia", "contact": {"facebook": "10206060536780114", "twitter": "amychinfm"}, "firstName": "Amy", "tips": {"count": 9}, "gender": "female", "lastName": "Chin", "lists": {"groups": [{"count": 2, "type": "created", "items": []}]}, "bio": ""}, {"id": "34270004", "photo": {"prefix": "https://igx.4sqi.net/img/user/", "suffix": "/ZYTC4YUI3VN4HDWV.jpg"}, "homeCity": "New South Wales", "contact": {"facebook": "575486533"}, "firstName": "Rachel", "tips": {"count": 0}, "gender": "female", "lastName": "Zhao", "lists": {"groups": [{"count": 2, "type": "created", "items": []}]}, "bio": ""}, {"id": "6445796", "photo": {"prefix": "https://igx.4sqi.net/img/user/", "suffix": "/VGM4YLXS1UFDB114.jpg"}, "homeCity": "Hatfield, UK", "contact": {"facebook": "785761448"}, "firstName": "Scott", "tips": {"count": 0}, "gender": "male", "lastName": "Koh", "lists": {"groups": [{"count": 2, "type": "created", "items": []}]}, "bio": ""}, {"id": "6656720", "photo": {"prefix": "https://igx.4sqi.net/img/user/", "suffix": "/AYP4CZAQLZXVSO45.jpg"}, "homeCity": "Malaysia", "contact": {"facebook": "772846578"}, "firstName": "Miko", "tips": {"count": 0}, "gender": "female", "lastName": "Ong", "lists": {"groups": [{"count": 2, "type": "created", "items": []}]}, "bio": ""}, {"id": "8107806", "photo": {"prefix": "https://igx.4sqi.net/img/user/", "suffix": "/ZGJRLRDCHCVEGPNW.jpg"}, "homeCity": "Singapore", "contact": {"facebook": "1067514447"}, "firstName": "Nichole", "tips": {"count": 0}, "gender": "female", "lastName": "Ch'ng", "lists": {"groups": [{"count": 2, "type": "created", "items": []}]}, "bio": ""}, {"id": "12487520", "photo": {"prefix": "https://igx.4sqi.net/img/user/", "suffix": "/12487520-ZH1GVHL1J1KFNL3N.jpg"}, "homeCity": "Liverpool, UK", "contact": {}, "firstName": "JiaLih", "tips": {"count": 7}, "gender": "male", "lastName": "Wong", "lists": {"groups": [{"count": 2, "type": "created", "items": []}]}, "bio": ""}, {"id": "12733157", "photo": {"prefix": "https://igx.4sqi.net/img/user/", "suffix": "/RDDSIPZ4RF24MBOU.jpg"}, "homeCity": "Malaysia", "contact": {"facebook": "566409081"}, "firstName": "Jesslyn", "tips": {"count": 2}, "gender": "female", "lastName": "Tay", "lists": {"groups": [{"count": 4, "type": "created", "items": []}]}, "bio": ""}]}, "checksum": "a0b93d52ae317dd763b131c01a4e1da687595259"}}