{"notifications": [{"type": "notificationTray", "item": {"unreadCount": 0}}], "meta": {"requestId": "5966d0844434b95522c5ecc5", "code": 200}, "response": {"friends": {"count": 33, "items": [{"id": "4969812", "photo": {"prefix": "https://igx.4sqi.net/img/user/", "suffix": "/2KHYVOKTYVE2SMCI.jpg"}, "homeCity": "Kuala Lumpur, Malaysia", "contact": {"facebook": "623074095"}, "firstName": "Ashley", "tips": {"count": 0}, "gender": "female", "lastName": "Yap", "lists": {"groups": [{"count": 2, "type": "created", "items": []}]}, "bio": ""}, {"id": "274773", "photo": {"prefix": "https://igx.4sqi.net/img/user/", "default": true, "suffix": "/blank_boy.png"}, "homeCity": "Tokyo, Japan", "contact": {"facebook": "1456662428", "twitter": "tenteko"}, "firstName": "Kenji", "tips": {"count": 0}, "gender": "male", "lastName": "Yoshikawa", "lists": {"groups": [{"count": 2, "type": "created", "items": []}]}, "bio": ""}, {"id": "28503502", "photo": {"prefix": "https://igx.4sqi.net/img/user/", "suffix": "/ABFVVCPSUY2XCQ14.jpg"}, "homeCity": "Kyoto", "contact": {"facebook": "100001071096664", "twitter": "kumsunbi"}, "firstName": "Moojin", "tips": {"count": 0}, "gender": "male", "lastName": "Kim", "lists": {"groups": [{"count": 2, "type": "created", "items": []}]}, "bio": ""}, {"id": "11421562", "photo": {"prefix": "https://igx.4sqi.net/img/user/", "suffix": "/NGGBTWPXBZQNUTWV.jpg"}, "homeCity": "Kuala Lumpur, Malaysia", "contact": {"facebook": "530192308"}, "firstName": "Aravindh", "tips": {"count": 0}, "gender": "male", "lastName": "Perumal", "lists": {"groups": [{"count": 2, "type": "created", "items": []}]}, "bio": ""}, {"id": "7966094", "photo": {"prefix": "https://igx.4sqi.net/img/user/", "suffix": "/FSO0JYKLU4DWHKU1.jpg"}, "homeCity": "Kuala Lumpur, Malaysia", "contact": {"facebook": "658984150", "twitter": "nineitusembilan"}, "firstName": "Zamrina", "tips": {"count": 34}, "gender": "female", "lastName": "Karizaman", "lists": {"groups": [{"count": 3, "type": "created", "items": []}]}, "bio": ""}, {"id": "8046970", "photo": {"prefix": "https://igx.4sqi.net/img/user/", "suffix": "/8046970-EV3BURODQCSWOHHC.jpg"}, "homeCity": "Kuala Lumpur, Malaysia", "contact": {"twitter": "natrahibrahim"}, "firstName": "natrah", "tips": {"count": 17}, "gender": "female", "lists": {"groups": [{"count": 2, "type": "created", "items": []}]}, "bio": ""}, {"id": "128256993", "photo": {"prefix": "https://igx.4sqi.net/img/user/", "suffix": "/128256993-0W2WCOTO3BWASNAI.jpg"}, "homeCity": "Petaling Jaya, SGR", "contact": {"facebook": "10155576190670188"}, "firstName": "Jasmine", "tips": {"count": 0}, "gender": "female", "lastName": "Lim", "lists": {"groups": [{"count": 2, "type": "created", "items": []}]}, "bio": ""}, {"id": "5889157", "photo": {"prefix": "https://igx.4sqi.net/img/user/", "suffix": "/SO4KYJGF5L4UQV0E.jpg"}, "homeCity": "Kuala Lumpur, Malaysia", "contact": {"facebook": "666974432"}, "firstName": "Imelda", "tips": {"count": 0}, "gender": "female", "lastName": "Lee", "lists": {"groups": [{"count": 2, "type": "created", "items": []}]}, "bio": ""}, {"id": "3735849", "photo": {"prefix": "https://igx.4sqi.net/img/user/", "suffix": "/3735849-TFGC4X5BQL3BUXUG.jpg"}, "homeCity": "Kuala Lumpur, Malaysia", "contact": {"facebook": "647248202", "twitter": "yeoh85"}, "firstName": "Wei Pin", "tips": {"count": 2}, "gender": "male", "lastName": "YEOH", "lists": {"groups": [{"count": 3, "type": "created", "items": []}]}, "bio": ""}, {"id": "4911588", "photo": {"prefix": "https://igx.4sqi.net/img/user/", "suffix": "/TI45G0Z5HNRYJ005.jpg"}, "homeCity": "Kuala Lumpur, Malaysia", "contact": {}, "firstName": "mayszin", "tips": {"count": 0}, "gender": "female", "lists": {"groups": [{"count": 2, "type": "created", "items": []}]}, "bio": ""}, {"id": "12943340", "photo": {"prefix": "https://igx.4sqi.net/img/user/", "suffix": "/1HRTPJ4T2KV4VEDE.jpg"}, "homeCity": "Kuala Lumpur, Malaysia", "contact": {"facebook": "580820445"}, "firstName": "Ken", "tips": {"count": 6}, "gender": "male", "lastName": "Chia", "lists": {"groups": [{"count": 2, "type": "created", "items": []}]}, "bio": ""}, {"id": "2294627", "photo": {"prefix": "https://igx.4sqi.net/img/user/", "suffix": "/GLDSZ1NBZQ1N3SEK.jpg"}, "homeCity": "Kuala Lumpur, Federal Territory of", "contact": {"facebook": "510508126", "twitter": "jasmiez"}, "firstName": "Jasmiez", "tips": {"count": 8}, "gender": "female", "lists": {"groups": [{"count": 2, "type": "created", "items": []}]}, "bio": ""}, {"id": "75096805", "photo": {"prefix": "https://igx.4sqi.net/img/user/", "suffix": "/75096805-HMPI1NQ4FAPSP142.jpg"}, "homeCity": "", "contact": {"facebook": "723132858"}, "firstName": "Serene", "tips": {"count": 30}, "gender": "female", "lastName": "Yap", "lists": {"groups": [{"count": 3, "type": "created", "items": []}]}, "bio": ""}, {"id": "1984458", "photo": {"prefix": "https://igx.4sqi.net/img/user/", "suffix": "/34ZCYW3DKG3UJ0W0.jpg"}, "homeCity": "Shah Alam, Malaysia", "contact": {"facebook": "10153820390747845"}, "firstName": "Yee Meng", "tips": {"count": 2}, "gender": "male", "lastName": "Tan", "lists": {"groups": [{"count": 2, "type": "created", "items": []}]}, "bio": ""}, {"id": "2974906", "photo": {"prefix": "https://igx.4sqi.net/img/user/", "suffix": "/2974906-C35EPM00XGFAK5UP.jpg"}, "homeCity": "Kuala Lumpur, Malaysia", "contact": {}, "firstName": "Tian", "tips": {"count": 0}, "gender": "male", "lists": {"groups": [{"count": 6, "type": "created", "items": []}]}, "bio": ""}, {"id": "4123678", "photo": {"prefix": "https://igx.4sqi.net/img/user/", "suffix": "/XL4TPMILAG3K52FO.jpg"}, "homeCity": "Seri Kembangan, Malaysia", "contact": {"facebook": "539495249"}, "firstName": "Pei Jin Chong", "tips": {"count": 0}, "gender": "female", "lastName": "Pei Jin Chong", "lists": {"groups": [{"count": 2, "type": "created", "items": []}]}, "bio": ""}, {"id": "20301782", "photo": {"prefix": "https://igx.4sqi.net/img/user/", "suffix": "/2XIWZLJ1QQPA5RNZ.jpg"}, "homeCity": "Selangor", "contact": {"facebook": "644620805"}, "firstName": "Erin", "tips": {"count": 0}, "gender": "female", "lastName": "Ong", "lists": {"groups": [{"count": 2, "type": "created", "items": []}]}, "bio": ""}, {"id": "14107460", "photo": {"prefix": "https://igx.4sqi.net/img/user/", "suffix": "/TM31ZYGZQYUZMNOB.jpg"}, "homeCity": "MAS", "contact": {"facebook": "622119261"}, "firstName": "miki", "tips": {"count": 3}, "gender": "female", "lastName": "choo", "lists": {"groups": [{"count": 2, "type": "created", "items": []}]}, "bio": ""}, {"id": "10250124", "photo": {"prefix": "https://igx.4sqi.net/img/user/", "suffix": "/XHEXBTBIWIHEAG14.jpg"}, "homeCity": "Melbourne, Australia", "contact": {"facebook": "672008133", "twitter": "sprae"}, "firstName": "Benson", "tips": {"count": 12}, "gender": "male", "lastName": "Low", "lists": {"groups": [{"count": 2, "type": "created", "items": []}]}, "bio": ""}, {"id": "24321340", "photo": {"prefix": "https://igx.4sqi.net/img/user/", "suffix": "/ZIMFP3JIXWHOV5NC.jpg"}, "homeCity": "Kyoto", "contact": {}, "firstName": "James", "tips": {"count": 3}, "gender": "male", "lastName": "Ashworth", "lists": {"groups": [{"count": 2, "type": "created", "items": []}]}, "bio": ""}, {"id": "4992825", "photo": {"prefix": "https://igx.4sqi.net/img/user/", "suffix": "/UWRKZ3A3VY1ZSL34.jpg"}, "homeCity": "Kuala Lumpur, Malaysia", "contact": {"facebook": "100001895006432"}, "firstName": "Chang Yee", "tips": {"count": 0}, "gender": "male", "lastName": "Loke", "lists": {"groups": [{"count": 2, "type": "created", "items": []}]}, "bio": ""}, {"id": "6693482", "photo": {"prefix": "https://igx.4sqi.net/img/user/", "suffix": "/CTKFDQNGQZQV0YMK.jpg"}, "homeCity": "Petaling Jaya, Malaysia", "contact": {"facebook": "1405834897"}, "firstName": "Eric", "tips": {"count": 1}, "gender": "male", "lastName": "Thoo", "lists": {"groups": [{"count": 2, "type": "created", "items": []}]}, "bio": ""}, {"id": "51850619", "photo": {"prefix": "https://igx.4sqi.net/img/user/", "suffix": "/ONIKV0DV1VNANK10.jpg"}, "homeCity": "Kyoto, 22", "contact": {"facebook": "100004298944148"}, "firstName": "\u6620\u81fb", "tips": {"count": 0}, "gender": "female", "lastName": "\u674e", "lists": {"groups": [{"count": 2, "type": "created", "items": []}]}, "bio": ""}, {"id": "3016103", "photo": {"prefix": "https://igx.4sqi.net/img/user/", "suffix": "/3016103-HDKI2GMCEJNWE3KR.jpg"}, "homeCity": "kuala lumpur", "contact": {"facebook": "775699600"}, "firstName": "David", "tips": {"count": 2}, "gender": "male", "lastName": "Yang", "lists": {"groups": [{"count": 2, "type": "created", "items": []}]}, "bio": ""}, {"id": "21203325", "photo": {"prefix": "https://igx.4sqi.net/img/user/", "suffix": "/Y2ZMZMUN5N2Y2SL1.jpg"}, "homeCity": "Berkshire", "contact": {"facebook": "10156335932010442", "twitter": "leejunxue"}, "firstName": "J X", "tips": {"count": 5}, "gender": "none", "lastName": "L", "lists": {"groups": [{"count": 2, "type": "created", "items": []}]}, "bio": ""}, {"id": "69714744", "photo": {"prefix": "https://igx.4sqi.net/img/user/", "suffix": "/XHAWL02QLF21H4DO.jpg"}, "homeCity": "Kuala Lumpur, KUL", "contact": {"facebook": "567763085"}, "firstName": "Alvin", "tips": {"count": 0}, "gender": "male", "lastName": "Yap", "lists": {"groups": [{"count": 2, "type": "created", "items": []}]}, "bio": ""}, {"id": "39527205", "photo": {"prefix": "https://igx.4sqi.net/img/user/", "suffix": "/O2APAWZDQ4DEFS1A.jpg"}, "homeCity": "Selangor", "contact": {"facebook": "1064187902"}, "firstName": "Kc", "tips": {"count": 0}, "gender": "male", "lastName": "Loo", "lists": {"groups": [{"count": 2, "type": "created", "items": []}]}, "bio": ""}, {"id": "20484572", "photo": {"prefix": "https://igx.4sqi.net/img/user/", "suffix": "/45EU0FUHIEA11J0W.jpg"}, "homeCity": "Malaysia ", "contact": {}, "firstName": "Kennyklcw", "tips": {"count": 1}, "gender": "male", "lists": {"groups": [{"count": 2, "type": "created", "items": []}]}, "bio": ""}, {"id": "51794721", "photo": {"prefix": "https://igx.4sqi.net/img/user/", "suffix": "/NRT4RONUQBDE3OIA.jpg"}, "homeCity": "", "contact": {"facebook": "171200432"}, "firstName": "Kazu", "tips": {"count": 0}, "gender": "female", "lastName": "Horiuchi", "lists": {"groups": [{"count": 2, "type": "created", "items": []}]}, "bio": ""}, {"id": "4477292", "photo": {"prefix": "https://igx.4sqi.net/img/user/", "suffix": "/VZ2MDTLNIVEBASFX.jpg"}, "homeCity": "Puchong, Malaysia", "contact": {"facebook": "604141132"}, "firstName": "Sharon", "tips": {"count": 1}, "gender": "female", "lastName": "Wong \u2122\ud83c\udf80", "lists": {"groups": [{"count": 2, "type": "created", "items": []}]}, "bio": ""}, {"id": "39613681", "photo": {"prefix": "https://igx.4sqi.net/img/user/", "suffix": "/LZZEGJ3BVYLR5TYM.jpg"}, "homeCity": "Selangor", "contact": {"facebook": "1010982916"}, "firstName": "Jessica", "tips": {"count": 0}, "gender": "female", "lastName": "Yap", "lists": {"groups": [{"count": 2, "type": "created", "items": []}]}, "bio": ""}, {"id": "91484745", "photo": {"prefix": "https://igx.4sqi.net/img/user/", "suffix": "/91484745-5RF0IDGHSGOZHSUS.jpg"}, "homeCity": "Kuala Lumpur, KUL", "contact": {"facebook": "892580407"}, "firstName": "Yein Shiang", "tips": {"count": 3}, "gender": "female", "lastName": "Beh", "lists": {"groups": [{"count": 2, "type": "created", "items": []}]}, "bio": ""}, {"id": "51499721", "photo": {"prefix": "https://igx.4sqi.net/img/user/", "suffix": "/ZISEG1GCROUCZ5PV.jpg"}, "homeCity": "Kyoto, Japan", "contact": {"facebook": "686916431"}, "firstName": "Winn", "tips": {"count": 0}, "gender": "male", "lastName": "Koontanakulvong", "lists": {"groups": [{"count": 2, "type": "created", "items": []}]}, "bio": ""}]}, "checksum": "51765dec63ccf60a929621e9e94ec8a03f6a801b"}}