{"notifications": [{"type": "notificationTray", "item": {"unreadCount": 0}}], "response": {"friends": {"items": [{"tips": {"count": 0}, "contact": {"twitter": "geraldinevtlx", "facebook": "429585483861708"}, "firstName": "Geraldine Lai \u25b2", "gender": "female", "id": "4886606", "bio": "\u2661", "photo": {"prefix": "https://igx.4sqi.net/img/user/", "suffix": "/4886606-OXEKTOICGBCTF45C.jpg"}, "homeCity": "Singapore", "lists": {"groups": [{"items": [], "count": 2, "type": "created"}]}}, {"tips": {"count": 0}, "contact": {"twitter": "jennifermakoto_"}, "firstName": "Jennifer", "gender": "female", "lastName": "Henderson", "id": "6722765", "bio": "", "photo": {"prefix": "https://igx.4sqi.net/img/user/", "suffix": "/HUMEUM1W0TWUDINA.jpg"}, "homeCity": "Singapore", "lists": {"groups": [{"items": [], "count": 2, "type": "created"}]}}, {"tips": {"count": 0}, "contact": {"facebook": "749679447"}, "firstName": "Anne", "gender": "female", "lastName": "Ko", "id": "10218391", "bio": "", "photo": {"prefix": "https://igx.4sqi.net/img/user/", "suffix": "/W5XBYIHDE5XF245L.jpg"}, "homeCity": "Singapore", "lists": {"groups": [{"items": [], "count": 2, "type": "created"}]}}, {"tips": {"count": 0}, "contact": {"twitter": "ahhping", "facebook": "1253404525"}, "firstName": "Ong", "gender": "female", "lastName": "Xinping", "id": "6510235", "bio": "", "photo": {"prefix": "https://igx.4sqi.net/img/user/", "suffix": "/OV2EB1YRCQJ1AVXE.jpg"}, "homeCity": "Singapore", "lists": {"groups": [{"items": [], "count": 2, "type": "created"}]}}, {"tips": {"count": 0}, "contact": {}, "firstName": "Kenneth", "gender": "male", "lastName": "O", "id": "12096673", "bio": "", "photo": {"prefix": "https://igx.4sqi.net/img/user/", "suffix": "/VBKCKJADTP4M15Q1.jpg"}, "homeCity": "Singapore", "lists": {"groups": [{"items": [], "count": 2, "type": "created"}]}}, {"tips": {"count": 1}, "contact": {}, "firstName": "Emily", "gender": "female", "lastName": "Chen", "id": "4175661", "bio": "", "photo": {"prefix": "https://igx.4sqi.net/img/user/", "suffix": "/50EJMOFO1KNSFJHB.jpg"}, "homeCity": "Singapore", "lists": {"groups": [{"items": [], "count": 2, "type": "created"}]}}, {"tips": {"count": 1}, "contact": {"twitter": "hurtxlovee", "facebook": "1022452916"}, "firstName": "Lii", "gender": "female", "lastName": "Yannx33s", "id": "5637941", "bio": "", "photo": {"prefix": "https://igx.4sqi.net/img/user/", "suffix": "/G3LP4CO0D4S3N32Z.jpg"}, "homeCity": "Singapore", "lists": {"groups": [{"items": [], "count": 2, "type": "created"}]}}, {"tips": {"count": 3}, "contact": {}, "firstName": "Sherlyn", "gender": "female", "lastName": "Wee", "id": "3635477", "bio": "", "photo": {"prefix": "https://igx.4sqi.net/img/user/", "suffix": "/2A3J0AQ1PKJSDZ0F.jpg"}, "homeCity": "Singapore", "lists": {"groups": [{"items": [], "count": 2, "type": "created"}]}}, {"tips": {"count": 0}, "contact": {"twitter": "janessaaaaaaa", "facebook": "770298904"}, "firstName": "Janessa", "gender": "female", "lastName": "Gan", "id": "4678126", "bio": "", "photo": {"prefix": "https://igx.4sqi.net/img/user/", "suffix": "/2XOZ5X1DQXZ5OFOJ.jpg"}, "homeCity": "Singapore", "lists": {"groups": [{"items": [], "count": 2, "type": "created"}]}}, {"tips": {"count": 1}, "contact": {"twitter": "hyakusen"}, "firstName": "Nakashima", "gender": "male", "lastName": "Akira", "id": "4955285", "bio": "", "photo": {"prefix": "https://igx.4sqi.net/img/user/", "suffix": "/4955285-FBHV0EL3ZA101BWI.jpg"}, "homeCity": "Singapore", "lists": {"groups": [{"items": [], "count": 2, "type": "created"}]}}, {"tips": {"count": 4}, "contact": {"twitter": "chaossiin", "facebook": "801999128"}, "firstName": "Alan", "gender": "male", "lastName": "Reeves", "id": "3348908", "bio": "", "photo": {"prefix": "https://igx.4sqi.net/img/user/", "suffix": "/3348908-4IQRRSJL0N1LF2QX.jpg"}, "homeCity": "Singapore", "lists": {"groups": [{"items": [], "count": 2, "type": "created"}]}}, {"tips": {"count": 0}, "contact": {"twitter": "callmeyukii", "facebook": "100000541871705"}, "firstName": "Yuki", "gender": "female", "lastName": "Lovesbieber", "id": "7549427", "bio": "", "photo": {"prefix": "https://igx.4sqi.net/img/user/", "suffix": "/YDQGKOC2TISA0SKW.jpg"}, "homeCity": "Singapore", "lists": {"groups": [{"items": [], "count": 2, "type": "created"}]}}, {"tips": {"count": 1}, "contact": {"twitter": "maisietann", "facebook": "841954629"}, "firstName": "Maisie", "gender": "female", "lastName": "Tan", "id": "2648929", "bio": "", "photo": {"prefix": "https://igx.4sqi.net/img/user/", "suffix": "/2648929-HPTSJALAFEI44KX4.jpg"}, "homeCity": "Singapore", "lists": {"groups": [{"items": [], "count": 2, "type": "created"}]}}, {"tips": {"count": 0}, "contact": {}, "firstName": "jellybeans", "gender": "female", "lastName": "tan", "id": "9335930", "bio": "", "photo": {"prefix": "https://igx.4sqi.net/img/user/", "suffix": "/5USSK5AQ3EDWFCAN.jpg"}, "homeCity": "New York, NY", "lists": {"groups": [{"items": [], "count": 2, "type": "created"}]}}, {"tips": {"count": 0}, "contact": {"twitter": "nat_roar"}, "firstName": "nat_", "gender": "male", "lastName": "roar", "id": "5683427", "bio": "", "photo": {"prefix": "https://igx.4sqi.net/img/user/", "suffix": "/A2DBV0ZU2XBCIJTU.jpg"}, "homeCity": "Singapore", "lists": {"groups": [{"items": [], "count": 2, "type": "created"}]}}, {"tips": {"count": 3}, "contact": {"twitter": "cresheyia", "facebook": "1155811696"}, "firstName": "Cresheyia", "gender": "female", "lastName": "Snail", "id": "6825726", "bio": "", "photo": {"prefix": "https://igx.4sqi.net/img/user/", "suffix": "/6825726-AJE1EQSWKACGSYU2.jpg"}, "homeCity": "Singapore", "lists": {"groups": [{"items": [], "count": 2, "type": "created"}]}}, {"tips": {"count": 0}, "contact": {}, "firstName": "helmi", "gender": "male", "id": "25576583", "bio": "Oh Snap!", "photo": {"prefix": "https://igx.4sqi.net/img/user/", "suffix": "/RTDN2E3GPA2LWONY.jpg"}, "homeCity": "Singapore City", "lists": {"groups": [{"items": [], "count": 2, "type": "created"}]}}, {"tips": {"count": 0}, "contact": {"twitter": "aloysiusliew", "facebook": "1003567401"}, "firstName": "Aloysius", "gender": "male", "lastName": "Liew", "id": "12162850", "bio": "", "photo": {"prefix": "https://igx.4sqi.net/img/user/", "suffix": "/U1HE4W4VJKPUOUGI.jpg"}, "homeCity": "Singapore", "lists": {"groups": [{"items": [], "count": 2, "type": "created"}]}}, {"tips": {"count": 1}, "contact": {"facebook": "737056271"}, "firstName": "Vincent", "gender": "male", "lastName": "Trustnoone", "id": "5628344", "bio": "", "photo": {"prefix": "https://igx.4sqi.net/img/user/", "suffix": "/-ODXODEJQDIFI53QD.jpg"}, "homeCity": "Singapore", "lists": {"groups": [{"items": [], "count": 2, "type": "created"}]}}, {"tips": {"count": 0}, "contact": {"twitter": "charlotteyqh", "facebook": "100002117743704"}, "firstName": "Qianhui", "gender": "female", "id": "5665309", "bio": "", "photo": {"prefix": "https://igx.4sqi.net/img/user/", "suffix": "/5665309-KCWRUY3VXCB0YDDM.jpg"}, "homeCity": "Singapore", "lists": {"groups": [{"items": [], "count": 2, "type": "created"}]}}, {"tips": {"count": 0}, "contact": {}, "firstName": "Qianwei", "gender": "female", "id": "5389918", "bio": "", "photo": {"prefix": "https://igx.4sqi.net/img/user/", "suffix": "/5389918-EKAF3EZTINEND2T2.jpg"}, "homeCity": "Singapore", "lists": {"groups": [{"items": [], "count": 2, "type": "created"}]}}, {"tips": {"count": 0}, "contact": {"twitter": "jiaaaaahui"}, "firstName": "J", "gender": "female", "id": "21061572", "bio": "", "photo": {"prefix": "https://igx.4sqi.net/img/user/", "suffix": "/QI04ROWBWJHQ33YS.jpg"}, "homeCity": "Singapore", "lists": {"groups": [{"items": [], "count": 2, "type": "created"}]}}, {"tips": {"count": 1}, "contact": {"twitter": "matthewtan93"}, "firstName": "Tan", "gender": "male", "lastName": "Matthew", "id": "4729348", "bio": "", "photo": {"prefix": "https://igx.4sqi.net/img/user/", "suffix": "/5HOAHPN453BKGHPT.jpg"}, "homeCity": "Singapore", "lists": {"groups": [{"items": [], "count": 2, "type": "created"}]}}, {"tips": {"count": 0}, "contact": {}, "firstName": "Sharmain", "gender": "female", "lastName": "Tan", "id": "11570891", "bio": "", "photo": {"prefix": "https://igx.4sqi.net/img/user/", "suffix": "/blank_girl.png", "default": true}, "homeCity": "NY", "lists": {"groups": [{"items": [], "count": 2, "type": "created"}]}}, {"tips": {"count": 0}, "contact": {"twitter": "deniseeng"}, "firstName": "Denise", "gender": "female", "lastName": "Lindsey", "id": "6183513", "bio": "For me to know, for you to find out.", "photo": {"prefix": "https://igx.4sqi.net/img/user/", "suffix": "/6183513-GZBVYJKLVI1S3GNC.jpg"}, "homeCity": "Singapore", "lists": {"groups": [{"items": [], "count": 2, "type": "created"}]}}, {"tips": {"count": 0}, "contact": {"twitter": "yx_davinci", "facebook": "1292137117"}, "firstName": "Yong", "gender": "male", "lastName": "Xiang", "id": "7194745", "bio": "", "photo": {"prefix": "https://igx.4sqi.net/img/user/", "suffix": "/3FWV4Y2WNKF24A2D.jpg"}, "homeCity": "Singapore", "lists": {"groups": [{"items": [], "count": 2, "type": "created"}]}}, {"tips": {"count": 0}, "contact": {"twitter": "gabrylrussel", "facebook": "1076456050"}, "firstName": "Gabryl", "gender": "male", "lastName": "Russel", "id": "12177011", "bio": "", "photo": {"prefix": "https://igx.4sqi.net/img/user/", "suffix": "/blank_boy.png", "default": true}, "homeCity": "Singapore", "lists": {"groups": [{"items": [], "count": 2, "type": "created"}]}}, {"tips": {"count": 0}, "contact": {"twitter": "h0ngrui", "facebook": "686362373"}, "firstName": "Hongrui", "gender": "male", "lastName": "Tan", "id": "5630071", "bio": "", "photo": {"prefix": "https://igx.4sqi.net/img/user/", "suffix": "/UFT3MFVLRBSR3K2Z.jpg"}, "homeCity": "Singapore", "lists": {"groups": [{"items": [], "count": 2, "type": "created"}]}}, {"tips": {"count": 0}, "contact": {"facebook": "1519637858"}, "firstName": "Syazwan Jas", "gender": "male", "id": "5826705", "bio": "", "photo": {"prefix": "https://igx.4sqi.net/img/user/", "suffix": "/ADUXO5AHGLNUS5T1.jpg"}, "homeCity": "Singapore", "lists": {"groups": [{"items": [], "count": 2, "type": "created"}]}}, {"tips": {"count": 0}, "contact": {"facebook": "1450689050"}, "firstName": "Huifen", "gender": "female", "lastName": "Neo", "id": "5904160", "bio": "", "photo": {"prefix": "https://igx.4sqi.net/img/user/", "suffix": "/Q4LBWCJXOZ31DAFB.jpg"}, "homeCity": "Singapore", "lists": {"groups": [{"items": [], "count": 2, "type": "created"}]}}, {"tips": {"count": 1}, "contact": {"facebook": "100000525983436"}, "firstName": "Goh", "gender": "male", "lastName": "Chew Leong", "id": "11606358", "bio": "", "photo": {"prefix": "https://igx.4sqi.net/img/user/", "suffix": "/Q1DKXZMCNBECAFGY.jpg"}, "homeCity": "Singapore", "lists": {"groups": [{"items": [], "count": 2, "type": "created"}]}}, {"tips": {"count": 3}, "contact": {"twitter": "leonardahhboii", "facebook": "562579246"}, "firstName": "Leonard", "gender": "male", "lastName": "Lim", "id": "6641835", "bio": "", "photo": {"prefix": "https://igx.4sqi.net/img/user/", "suffix": "/31GFRNF55KMWLTFB.jpg"}, "homeCity": "Singapore", "lists": {"groups": [{"items": [], "count": 2, "type": "created"}]}}, {"tips": {"count": 27}, "contact": {"twitter": "darrylpehyj", "facebook": "1565067805"}, "firstName": "Darryl", "gender": "male", "lastName": "PYJ", "id": "11879097", "bio": "", "photo": {"prefix": "https://igx.4sqi.net/img/user/", "suffix": "/11879097-NRFO4BCITQKXPJSU.jpg"}, "homeCity": "Singapore", "lists": {"groups": [{"items": [], "count": 2, "type": "created"}]}}, {"tips": {"count": 0}, "contact": {"facebook": "1728529009"}, "firstName": "Muhd", "gender": "male", "lastName": "Rushdy", "id": "18116339", "bio": "", "photo": {"prefix": "https://igx.4sqi.net/img/user/", "suffix": "/VW2HKJWBGCTXMHF3.jpg"}, "homeCity": "New York, NY", "lists": {"groups": [{"items": [], "count": 2, "type": "created"}]}}, {"tips": {"count": 0}, "contact": {"twitter": "xdongdong", "facebook": "1025895028"}, "firstName": "Yu", "gender": "male", "lastName": "XiaoDong", "id": "7660874", "bio": "", "photo": {"prefix": "https://igx.4sqi.net/img/user/", "suffix": "/7660874-4BTDLBDXIMMMYDUU.jpg"}, "homeCity": "Singapore", "lists": {"groups": [{"items": [], "count": 3, "type": "created"}]}}, {"tips": {"count": 0}, "contact": {"facebook": "687884498"}, "firstName": "Aoi", "gender": "male", "lastName": "Chow", "id": "6079094", "bio": "", "photo": {"prefix": "https://igx.4sqi.net/img/user/", "suffix": "/ESH24SNG3D3HMACO.jpg"}, "homeCity": "Singapore", "lists": {"groups": [{"items": [], "count": 2, "type": "created"}]}}, {"tips": {"count": 6}, "contact": {"twitter": "zzhheenn_yyuu"}, "firstName": "Zhen yu \ud83c\udf05", "gender": "male", "id": "8669410", "bio": "Love photography! always on the move !", "photo": {"prefix": "https://igx.4sqi.net/img/user/", "suffix": "/8669410-QHXLQRTTP1XG4O2P.jpg"}, "homeCity": "Singapore", "lists": {"groups": [{"items": [], "count": 2, "type": "created"}]}}, {"tips": {"count": 0}, "contact": {"twitter": "siyan19", "facebook": "1483474013"}, "firstName": "Siyan", "gender": "female", "lastName": "Yeo", "id": "6941546", "bio": "What's yours is yours\r\nWhat's not yours will never be yours", "photo": {"prefix": "https://igx.4sqi.net/img/user/", "suffix": "/ESZTJKSIUW35QSXQ.jpg"}, "homeCity": "Singapore", "lists": {"groups": [{"items": [], "count": 2, "type": "created"}]}}, {"tips": {"count": 1}, "contact": {"twitter": "hxqxq"}, "firstName": "Reelyn", "gender": "female", "id": "20424468", "bio": "", "photo": {"prefix": "https://igx.4sqi.net/img/user/", "suffix": "/20424468_4MC2nZAP_fhgmLO-egkjxPvXr8sogoVFrgyo7w7rlU82xk7-lB6fA-_1WoyxceXqP3NDUwU3l.jpg"}, "homeCity": "Singapore", "lists": {"groups": [{"items": [], "count": 2, "type": "created"}]}}, {"tips": {"count": 0}, "contact": {"twitter": "requiemzxc", "facebook": "1362032029"}, "firstName": "Ivan", "gender": "male", "lastName": "Lim", "id": "19221480", "bio": "", "photo": {"prefix": "https://igx.4sqi.net/img/user/", "suffix": "/BMWSXP1BPGAKD0GP.jpg"}, "homeCity": "Singapore", "lists": {"groups": [{"items": [], "count": 2, "type": "created"}]}}, {"tips": {"count": 0}, "contact": {"twitter": "reezaelias", "facebook": "704167384"}, "firstName": "Reeza", "gender": "male", "lastName": "Elias", "id": "8077980", "bio": "", "photo": {"prefix": "https://igx.4sqi.net/img/user/", "suffix": "/212KB4HURJWWMXT2.jpg"}, "homeCity": "Singapore", "lists": {"groups": [{"items": [], "count": 2, "type": "created"}]}}, {"tips": {"count": 2}, "contact": {"twitter": "minfangg", "facebook": "606702894"}, "firstName": "Alexis", "gender": "female", "lastName": "Min Fang", "id": "6155171", "bio": "", "photo": {"prefix": "https://igx.4sqi.net/img/user/", "suffix": "/4EKYWN3DZAGRBPW0.jpg"}, "homeCity": "Singapore", "lists": {"groups": [{"items": [], "count": 2, "type": "created"}]}}, {"tips": {"count": 1}, "contact": {"twitter": "playinheartless", "facebook": "1389545028013677"}, "firstName": "Linda", "gender": "female", "lastName": "Lim", "id": "7582244", "bio": "", "photo": {"prefix": "https://igx.4sqi.net/img/user/", "suffix": "/7582244-5YGS3C2KQEQ2VXVF.jpg"}, "homeCity": "Singapore", "lists": {"groups": [{"items": [], "count": 2, "type": "created"}]}}, {"tips": {"count": 0}, "contact": {"twitter": "mdkhairulbahri", "facebook": "100000095698572"}, "firstName": "Muhd Khairul", "gender": "male", "lastName": "Bahri", "id": "8147452", "bio": "", "photo": {"prefix": "https://igx.4sqi.net/img/user/", "suffix": "/RC2OU3EVVVDWXFLC.jpg"}, "homeCity": "Singapore", "lists": {"groups": [{"items": [], "count": 2, "type": "created"}]}}, {"tips": {"count": 1}, "contact": {"twitter": "sleeeepyheads", "facebook": "1187793988"}, "firstName": "Adelinee", "gender": "female", "lastName": "Missinqyounonstop", "id": "9553734", "bio": "", "photo": {"prefix": "https://igx.4sqi.net/img/user/", "suffix": "/EFMPTZXVPPGF5KXP.jpg"}, "homeCity": "Singapore", "lists": {"groups": [{"items": [], "count": 2, "type": "created"}]}}, {"tips": {"count": 0}, "contact": {}, "firstName": "Justin", "gender": "male", "lastName": "Foo", "id": "8297700", "bio": "", "photo": {"prefix": "https://igx.4sqi.net/img/user/", "suffix": "/25XXZJ0HY4XLZL5M.jpg"}, "homeCity": "Singapore", "lists": {"groups": [{"items": [], "count": 2, "type": "created"}]}}, {"tips": {"count": 0}, "contact": {"facebook": "100000585108803"}, "firstName": "Brenda", "gender": "female", "lastName": "Poh", "id": "11446055", "bio": "", "photo": {"prefix": "https://igx.4sqi.net/img/user/", "suffix": "/SAPVV4QZSOH3BR54.jpg"}, "homeCity": "Singapore", "lists": {"groups": [{"items": [], "count": 2, "type": "created"}]}}, {"tips": {"count": 0}, "contact": {"facebook": "1838885618"}, "firstName": "Max", "gender": "male", "lastName": "LovesVanessatan", "id": "12483333", "bio": "", "photo": {"prefix": "https://igx.4sqi.net/img/user/", "suffix": "/P3NWIPVT5QAV4QUY.jpg"}, "homeCity": "Singapore", "lists": {"groups": [{"items": [], "count": 2, "type": "created"}]}}, {"tips": {"count": 0}, "contact": {"twitter": "teotongkai", "facebook": "100000274062948"}, "firstName": "Teo", "gender": "male", "lastName": "Tong Kai", "id": "12307634", "bio": "", "photo": {"prefix": "https://igx.4sqi.net/img/user/", "suffix": "/T3HKBAWFD24AU2YW.jpg"}, "homeCity": "Singapore", "lists": {"groups": [{"items": [], "count": 2, "type": "created"}]}}, {"tips": {"count": 0}, "contact": {"twitter": "vulplex", "facebook": "100000936311122"}, "firstName": "Markk", "gender": "male", "lastName": "ChocolateCon", "id": "27432651", "bio": "I am Titanium(:", "photo": {"prefix": "https://igx.4sqi.net/img/user/", "suffix": "/4RCTLEYTHL33GP3T.jpg"}, "homeCity": "Singapore, Yishun", "lists": {"groups": [{"items": [], "count": 2, "type": "created"}]}}, {"tips": {"count": 0}, "contact": {"facebook": "1119321584"}, "firstName": "LiJun", "gender": "female", "lastName": "Wu", "id": "20239664", "bio": "", "photo": {"prefix": "https://igx.4sqi.net/img/user/", "suffix": "/M0W0OXI2E5EL4Q25.jpg"}, "homeCity": "Singapore ", "lists": {"groups": [{"items": [], "count": 2, "type": "created"}]}}, {"tips": {"count": 0}, "contact": {"facebook": "100000785876879"}, "firstName": "Xabiere", "gender": "male", "lastName": "Mel", "id": "23590170", "bio": "", "photo": {"prefix": "https://igx.4sqi.net/img/user/", "suffix": "/IOJQVZ45ZD2V3R0S.jpg"}, "homeCity": "New York, NY", "lists": {"groups": [{"items": [], "count": 2, "type": "created"}]}}], "count": 52}, "checksum": "2dbd5581d1a2643046a0c8455d5877fc0a7fb7e0"}, "meta": {"requestId": "5965d39b4434b96bc8cb9b2b", "code": 200}}