{"notifications": [{"type": "notificationTray", "item": {"unreadCount": 0}}], "meta": {"requestId": "5966f03ef594df220101283d", "code": 200}, "response": {"friends": {"count": 44, "items": [{"id": "4968101", "photo": {"prefix": "https://igx.4sqi.net/img/user/", "suffix": "/4PJ2M5E3HBMPEPVL.jpg"}, "homeCity": "Singapore", "contact": {"facebook": "1198879048", "twitter": "wennykha"}, "firstName": "Wenny", "tips": {"count": 0}, "gender": "female", "lastName": "Kalatting", "lists": {"groups": [{"count": 2, "type": "created", "items": []}]}, "bio": ""}, {"id": "4836897", "photo": {"prefix": "https://igx.4sqi.net/img/user/", "suffix": "/VUZBJDTBAE5UFXNF.jpg"}, "homeCity": "Melbourne, Australia", "contact": {"facebook": "100000527126352", "twitter": "fanshubaobei"}, "firstName": "Joanna", "tips": {"count": 4}, "gender": "female", "lastName": "Ling", "lists": {"groups": [{"count": 2, "type": "created", "items": []}]}, "bio": ""}, {"id": "7084635", "photo": {"prefix": "https://igx.4sqi.net/img/user/", "suffix": "/XWV14NV1OJCT10UF.jpg"}, "homeCity": "Melbourne", "contact": {"facebook": "598507631", "twitter": "kylinkwan"}, "firstName": "Kylin", "tips": {"count": 2}, "gender": "female", "lastName": "Kwan", "lists": {"groups": [{"count": 2, "type": "created", "items": []}]}, "bio": ""}, {"id": "25527374", "photo": {"prefix": "https://igx.4sqi.net/img/user/", "suffix": "/25527374-CA50R3H5GQTQ0HZU.jpg"}, "homeCity": "Makassar, Indonesia", "contact": {"facebook": "100000083361777", "twitter": "excellwinarta"}, "firstName": "Excell", "tips": {"count": 3}, "gender": "male", "lastName": "Winarta", "lists": {"groups": [{"count": 2, "type": "created", "items": []}]}, "bio": "BOBEX Group | '98 | Makassar, Indonesia | El Diego \ud83d\udc36 | \u2615\ufe0f\ud83c\udf7a\ud83c\udf78"}, {"id": "18211615", "photo": {"prefix": "https://igx.4sqi.net/img/user/", "suffix": "/SMZMU0REJUEQ1F4Y.jpg"}, "homeCity": "Melbourne", "contact": {"facebook": "705818642", "twitter": "clefzevier"}, "firstName": "Antonius", "tips": {"count": 0}, "gender": "male", "lastName": "Kurniawan", "lists": {"groups": [{"count": 2, "type": "created", "items": []}]}, "bio": ""}, {"id": "23532675", "photo": {"prefix": "https://igx.4sqi.net/img/user/", "suffix": "/D1KPULUVBBJ1BJLL.jpg"}, "homeCity": "Victoria", "contact": {"facebook": "1116200726", "twitter": "esthergoenawan"}, "firstName": "Esther", "tips": {"count": 0}, "gender": "female", "lastName": "Goenawan", "lists": {"groups": [{"count": 2, "type": "created", "items": []}]}, "bio": ""}, {"id": "5557655", "photo": {"prefix": "https://igx.4sqi.net/img/user/", "suffix": "/A2X04LMKXVD2NRZD.jpg"}, "homeCity": "Subang Jaya, Malaysia", "contact": {"twitter": "d3nn15chu"}, "firstName": "Dennis", "tips": {"count": 0}, "gender": "male", "lastName": "Chu", "lists": {"groups": [{"count": 2, "type": "created", "items": []}]}, "bio": ""}, {"id": "2291565", "photo": {"prefix": "https://igx.4sqi.net/img/user/", "suffix": "/2291565-SRKKGNNBDRLYTNQV.jpg"}, "homeCity": "Parepare, South Sulawesi", "contact": {"facebook": "677647776", "twitter": "stphanieliyanto"}, "firstName": "Stephanie", "tips": {"count": 1}, "gender": "female", "lastName": "Liyanto", "lists": {"groups": [{"count": 2, "type": "created", "items": []}]}, "bio": ""}, {"id": "6693826", "photo": {"prefix": "https://igx.4sqi.net/img/user/", "suffix": "/BYO1PX24U1WYBABT.jpg"}, "homeCity": "Melbourne Australia ", "contact": {"facebook": "1617142736"}, "firstName": "Tomas", "tips": {"count": 1}, "gender": "male", "lastName": "Tan", "lists": {"groups": [{"count": 2, "type": "created", "items": []}]}, "bio": ""}, {"id": "2928585", "photo": {"prefix": "https://igx.4sqi.net/img/user/", "suffix": "/X44WRU0OKL0F2Z1M.jpg"}, "homeCity": "Melbourne, Australia", "contact": {"facebook": "1488345335", "twitter": "risadaryl"}, "firstName": "risa daryl", "tips": {"count": 1}, "gender": "female", "lastName": "subrata", "lists": {"groups": [{"count": 2, "type": "created", "items": []}]}, "bio": ""}, {"id": "55944572", "photo": {"prefix": "https://igx.4sqi.net/img/user/", "default": true, "suffix": "/blank_girl.png"}, "homeCity": "", "contact": {"facebook": "1307302313"}, "firstName": "Jane", "tips": {"count": 0}, "gender": "female", "lastName": "Lao", "lists": {"groups": [{"count": 2, "type": "created", "items": []}]}, "bio": ""}, {"id": "76579500", "photo": {"prefix": "https://igx.4sqi.net/img/user/", "suffix": "/76579500-OPIQUA3PMXA2LFQ3.jpg"}, "homeCity": "Surabaya, Indonesia", "contact": {"facebook": "644938257", "twitter": "ardih_heanyall"}, "firstName": "Hartati", "tips": {"count": 0}, "gender": "female", "lastName": "Suwandi", "lists": {"groups": [{"count": 2, "type": "created", "items": []}]}, "bio": ""}, {"id": "73114842", "photo": {"prefix": "https://igx.4sqi.net/img/user/", "suffix": "/73114842-AIIJWC40X3XKBJD2.jpg"}, "homeCity": "Jakarta, Daerah Khusus Ibukota Jakarta", "contact": {"facebook": "1278007024", "twitter": "fchrissandy"}, "firstName": "Chrissandy", "tips": {"count": 1}, "gender": "male", "lastName": "Fernando", "lists": {"groups": [{"count": 2, "type": "created", "items": []}]}, "bio": ""}, {"id": "1726313", "photo": {"prefix": "https://igx.4sqi.net/img/user/", "suffix": "/YRAR1YYYSVQU3S1E.jpg"}, "homeCity": "Sunway, Selangor", "contact": {"facebook": "536492240", "twitter": "sri611"}, "firstName": "sri", "tips": {"count": 2}, "gender": "female", "lastName": "sulastri", "lists": {"groups": [{"count": 3, "type": "created", "items": []}]}, "bio": ""}, {"id": "1508042", "photo": {"prefix": "https://igx.4sqi.net/img/user/", "suffix": "/1508042-UUMS25Z5WZ2UI3JF.jpg"}, "homeCity": "Makassar", "contact": {"facebook": "1119065209", "twitter": "annekeholly"}, "firstName": "Anneke", "tips": {"count": 3}, "gender": "female", "lastName": "Holly", "lists": {"groups": [{"count": 2, "type": "created", "items": []}]}, "bio": ""}, {"id": "2600797", "photo": {"prefix": "https://igx.4sqi.net/img/user/", "suffix": "/ANKCDKFSPSWEAW3J.jpg"}, "homeCity": "Sydney, NSW", "contact": {"facebook": "1513647773", "twitter": "vanes_chan"}, "firstName": "Vanessa", "tips": {"count": 1}, "gender": "female", "lastName": "Candrawinata", "lists": {"groups": [{"count": 3, "type": "created", "items": []}]}, "bio": ""}, {"id": "15370185", "photo": {"prefix": "https://igx.4sqi.net/img/user/", "suffix": "/VLBBPIXT5PIQXH0E.jpg"}, "homeCity": "Richmond, Australia", "contact": {"facebook": "1319852821", "twitter": "michelleafr"}, "firstName": "Michelle", "tips": {"count": 0}, "gender": "female", "lastName": "Frans", "lists": {"groups": [{"count": 2, "type": "created", "items": []}]}, "bio": ""}, {"id": "69759019", "photo": {"prefix": "https://igx.4sqi.net/img/user/", "suffix": "/69759019-HNCAQ1XVCUQ3RLNI.jpg"}, "homeCity": "Jakarta, 04", "contact": {"facebook": "1308197423"}, "firstName": "Christian", "tips": {"count": 0}, "gender": "male", "lastName": "Kurniawan", "lists": {"groups": [{"count": 2, "type": "created", "items": []}]}, "bio": ""}, {"id": "19057959", "photo": {"prefix": "https://igx.4sqi.net/img/user/", "suffix": "/W1I5RLDCMGDSM4EC.jpg"}, "homeCity": "Cyberjaya, Malaysia", "contact": {"twitter": "ekaondy"}, "firstName": "Eka", "tips": {"count": 8}, "gender": "male", "lastName": "Ondy", "lists": {"groups": [{"count": 10, "type": "created", "items": []}]}, "bio": ""}, {"id": "6934974", "photo": {"prefix": "https://igx.4sqi.net/img/user/", "suffix": "/IZUCXST4DPQ21SSR.jpg"}, "homeCity": "Melbourne, Australia", "contact": {"twitter": "wilson92ng"}, "firstName": "Wilson", "tips": {"count": 0}, "gender": "male", "lastName": "Ng", "lists": {"groups": [{"count": 2, "type": "created", "items": []}]}, "bio": ""}, {"id": "7391654", "photo": {"prefix": "https://igx.4sqi.net/img/user/", "suffix": "/YXBMDI2BB2O3W3FM.jpg"}, "homeCity": "Melbourne, Australia", "contact": {"facebook": "685537548"}, "firstName": "PeiVoon", "tips": {"count": 2}, "gender": "female", "lastName": "Cheong", "lists": {"groups": [{"count": 2, "type": "created", "items": []}]}, "bio": ""}, {"id": "69004881", "photo": {"prefix": "https://igx.4sqi.net/img/user/", "suffix": "/GDOSBHZNYDDE5VQY.jpg"}, "homeCity": "Jakarta, 04", "contact": {"facebook": "100000973377118", "twitter": "ilensia"}, "firstName": "Ilensia", "tips": {"count": 0}, "gender": "female", "lastName": "Tandra", "lists": {"groups": [{"count": 2, "type": "created", "items": []}]}, "bio": ""}, {"id": "2351638", "photo": {"prefix": "https://igx.4sqi.net/img/user/", "suffix": "/VWUFRMFMPNTVCZRJ.jpg"}, "homeCity": "Melbourne, Victoria", "contact": {"twitter": "ciastephanie"}, "firstName": "Gracia", "tips": {"count": 0}, "gender": "female", "lastName": "Tjen", "lists": {"groups": [{"count": 2, "type": "created", "items": []}]}, "bio": ""}, {"id": "3160928", "photo": {"prefix": "https://igx.4sqi.net/img/user/", "suffix": "/P1WJBI3M5LVNEAXQ.jpg"}, "homeCity": "Jakarta, Indonesia", "contact": {}, "firstName": "Chiquita Edlyn", "tips": {"count": 1}, "gender": "female", "lastName": "Oei", "lists": {"groups": [{"count": 2, "type": "created", "items": []}]}, "bio": ""}, {"id": "1640440", "photo": {"prefix": "https://igx.4sqi.net/img/user/", "suffix": "/45IN5KNZQOZMABCH.jpg"}, "homeCity": "Caulfield East, Victoria", "contact": {"facebook": "10155219125791211", "twitter": "kabayan_keren"}, "firstName": "Jank", "tips": {"count": 1}, "gender": "male", "lastName": "Suranjang", "lists": {"groups": [{"count": 5, "type": "created", "items": []}]}, "bio": ""}, {"id": "2690590", "photo": {"prefix": "https://igx.4sqi.net/img/user/", "suffix": "/Z0SSYBCWW5XMWBZM.jpg"}, "homeCity": "makassar, indonesia, melbourne, australia", "contact": {"twitter": "herlinatandiari"}, "firstName": "Herlina", "tips": {"count": 2}, "gender": "female", "lastName": "Tandiari", "lists": {"groups": [{"count": 2, "type": "created", "items": []}]}, "bio": ""}, {"id": "61321238", "photo": {"prefix": "https://igx.4sqi.net/img/user/", "suffix": "/RSZXV1Y5HTM1ZNMA.jpg"}, "homeCity": "Dandenong, VIC", "contact": {}, "firstName": "Jane", "tips": {"count": 0}, "gender": "female", "lastName": "Josephine", "lists": {"groups": [{"count": 4, "type": "created", "items": []}]}, "bio": ""}, {"id": "8105592", "photo": {"prefix": "https://igx.4sqi.net/img/user/", "suffix": "/D4Z32PCXLT2TXAG5.jpg"}, "homeCity": "Sydney, Australia", "contact": {"facebook": "633843910", "twitter": "tommytan27"}, "firstName": "Tommy", "tips": {"count": 0}, "gender": "male", "lastName": "Tanzil", "lists": {"groups": [{"count": 2, "type": "created", "items": []}]}, "bio": ""}, {"id": "20658059", "photo": {"prefix": "https://igx.4sqi.net/img/user/", "suffix": "/YULEA31SNIAYN045.jpg"}, "homeCity": "Victoria", "contact": {"facebook": "501484844"}, "firstName": "Junius", "tips": {"count": 0}, "gender": "male", "lastName": "Wijaya", "lists": {"groups": [{"count": 2, "type": "created", "items": []}]}, "bio": ""}, {"id": "3656740", "photo": {"prefix": "https://igx.4sqi.net/img/user/", "suffix": "/PAJI5CYGOQVV4WDH.jpg"}, "homeCity": "Melbourne, Australia", "contact": {"facebook": "632454074", "twitter": "dwennyzayne"}, "firstName": "Dwen", "tips": {"count": 14}, "gender": "male", "lastName": "Zain", "lists": {"groups": [{"count": 2, "type": "created", "items": []}]}, "bio": "From Sarawak, in Melbourne"}, {"id": "3935621", "photo": {"prefix": "https://igx.4sqi.net/img/user/", "default": true, "suffix": "/blank_girl.png"}, "homeCity": "Southbank, Australia", "contact": {}, "firstName": "Jessica", "tips": {"count": 0}, "gender": "female", "lastName": "Tantoyo", "lists": {"groups": [{"count": 2, "type": "created", "items": []}]}, "bio": ""}, {"id": "1883688", "photo": {"prefix": "https://igx.4sqi.net/img/user/", "suffix": "/1883688-4Q4DA2PVKJ2APFMK.jpg"}, "homeCity": "Melbourne, Australia", "contact": {"facebook": "783114782", "twitter": "rebecca_bebex"}, "firstName": "Rebecca", "tips": {"count": 1}, "gender": "female", "lastName": "Bex", "lists": {"groups": [{"count": 3, "type": "created", "items": []}]}, "bio": ""}, {"id": "3183641", "photo": {"prefix": "https://igx.4sqi.net/img/user/", "suffix": "/3B2JQQE5BXHIVUCW.jpg"}, "homeCity": "Makassar, Indonesia", "contact": {"facebook": "723548080", "twitter": "kaisarham"}, "firstName": "Kaisar", "tips": {"count": 0}, "gender": "male", "lastName": "Ham", "lists": {"groups": [{"count": 2, "type": "created", "items": []}]}, "bio": ""}, {"id": "4899455", "photo": {"prefix": "https://igx.4sqi.net/img/user/", "suffix": "/JCQHJLHFREDHYB0K.jpg"}, "homeCity": "Jakarta", "contact": {"facebook": "1042025080", "twitter": "merviitenggala"}, "firstName": "Mervi", "tips": {"count": 1}, "gender": "female", "lastName": "Tenggala", "lists": {"groups": [{"count": 2, "type": "created", "items": []}]}, "bio": ""}, {"id": "7375157", "photo": {"prefix": "https://igx.4sqi.net/img/user/", "suffix": "/E2WZ3TLJS2QBAS42.jpg"}, "homeCity": "Singapore", "contact": {"facebook": "738939462"}, "firstName": "Dian", "tips": {"count": 1}, "gender": "female", "lastName": "Anggraina", "lists": {"groups": [{"count": 2, "type": "created", "items": []}]}, "bio": ""}, {"id": "2784730", "photo": {"prefix": "https://igx.4sqi.net/img/user/", "suffix": "/4CF4ERLF5I3F2BOQ.jpg"}, "homeCity": "Medan, Indonesia", "contact": {"facebook": "586185963", "twitter": "phingko"}, "firstName": "sartika", "tips": {"count": 0}, "gender": "female", "lastName": "koesno", "lists": {"groups": [{"count": 2, "type": "created", "items": []}]}, "bio": ""}, {"id": "4495040", "photo": {"prefix": "https://igx.4sqi.net/img/user/", "suffix": "/3QMCV2NZW1RGTCAT.jpg"}, "homeCity": "Carlton, Australia", "contact": {"facebook": "552759031", "twitter": "m3l_stef"}, "firstName": "Melvin", "tips": {"count": 1}, "gender": "male", "lastName": "Chan", "lists": {"groups": [{"count": 2, "type": "created", "items": []}]}, "bio": ""}, {"id": "4904493", "photo": {"prefix": "https://igx.4sqi.net/img/user/", "suffix": "/1FGE3RM1K0SJGJM4.jpg"}, "homeCity": "Melbourne, Australia", "contact": {"facebook": "694256618"}, "firstName": "Dion", "tips": {"count": 2}, "gender": "male", "lastName": "Soejoedi", "lists": {"groups": [{"count": 2, "type": "created", "items": []}]}, "bio": ""}, {"id": "8247137", "photo": {"prefix": "https://igx.4sqi.net/img/user/", "suffix": "/SMN3QSAZGK2PSNDN.jpg"}, "homeCity": "Melbourne, Australia", "contact": {"facebook": "654783547", "twitter": "alvintimothyy"}, "firstName": "Alvin Timothy", "tips": {"count": 0}, "gender": "male", "lastName": "Tjandra", "lists": {"groups": [{"count": 2, "type": "created", "items": []}]}, "bio": ""}, {"id": "3120157", "photo": {"prefix": "https://igx.4sqi.net/img/user/", "suffix": "/2SSB503A3ARYINMN.jpg"}, "homeCity": "Melbourne ", "contact": {"facebook": "589275797"}, "firstName": "Rudy", "tips": {"count": 0}, "gender": "male", "lastName": "Vanbasten Phung", "lists": {"groups": [{"count": 2, "type": "created", "items": []}]}, "bio": ""}, {"id": "76435508", "photo": {"prefix": "https://igx.4sqi.net/img/user/", "suffix": "/76435508-FFOG0PCFNR0DMU5U.jpg"}, "homeCity": "Jakarta, Daerah Khusus Ibukota Jakarta", "contact": {"facebook": "535924395", "twitter": "juliantofirman"}, "firstName": "Julianto", "tips": {"count": 0}, "gender": "male", "lastName": "Firman", "lists": {"groups": [{"count": 2, "type": "created", "items": []}]}, "bio": "Bachelor of Accounting | Master of Technology | Photographer | Windows & Mac Specialist"}, {"id": "82528175", "photo": {"prefix": "https://igx.4sqi.net/img/user/", "suffix": "/82528175-OMKFAJC44TVK5SHR.jpg"}, "homeCity": "Makassar, Sulawesi Selatan", "contact": {"facebook": "100000212718803"}, "firstName": "Gideon", "tips": {"count": 0}, "gender": "male", "lastName": "Musali", "lists": {"groups": [{"count": 2, "type": "created", "items": []}]}, "bio": ""}, {"id": "4478706", "photo": {"prefix": "https://igx.4sqi.net/img/user/", "default": true, "suffix": "/blank_boy.png"}, "homeCity": "Sydney, Australia", "contact": {}, "firstName": "Hungry Manager", "tips": {"count": 258}, "gender": "none", "lastName": "Jacks", "lists": {"groups": [{"count": 2, "type": "created", "items": []}]}, "bio": ""}, {"id": "5741695", "photo": {"prefix": "https://igx.4sqi.net/img/user/", "suffix": "/VZLFEATAM0OHETUH.jpg"}, "homeCity": "Novena Singapore", "contact": {"facebook": "1188783940", "twitter": "karinateriandy"}, "firstName": "Karina", "tips": {"count": 1}, "gender": "female", "lastName": "Teriandy", "lists": {"groups": [{"count": 2, "type": "created", "items": []}]}, "bio": ""}]}, "checksum": "8f7d505a52ed58b67b69ab41eb070fa756980904"}}