{"notifications": [{"type": "notificationTray", "item": {"unreadCount": 0}}], "response": {"friends": {"items": [{"tips": {"count": 2}, "contact": {}, "firstName": "Katie", "gender": "female", "lastName": "Woodcock", "id": "9446204", "bio": "", "photo": {"prefix": "https://igx.4sqi.net/img/user/", "suffix": "/VCTXIVFJRI0HVYKY.jpg"}, "homeCity": "Halifax, UK", "lists": {"groups": [{"items": [], "count": 2, "type": "created"}]}}], "count": 1}, "checksum": "74af80514d9dc9e6be3dc804b3f6134eb039f7de"}, "meta": {"requestId": "5965f0d01ed2191a001495b3", "code": 200}}