{"notifications": [{"type": "notificationTray", "item": {"unreadCount": 0}}], "response": {"friends": {"items": [{"tips": {"count": 0}, "contact": {"twitter": "khaleelrm", "facebook": "1431612610"}, "firstName": "Khaleel", "gender": "male", "lastName": "Rahman M", "id": "1491620", "bio": "", "photo": {"prefix": "https://igx.4sqi.net/img/user/", "suffix": "/XVVEMRVFUYKCI3E2.jpg"}, "homeCity": "Kannur, Kerala,India", "lists": {"groups": [{"items": [], "count": 2, "type": "created"}]}}, {"tips": {"count": 0}, "contact": {"twitter": "zamizzz666", "facebook": "100000799227304"}, "firstName": "Zameel", "gender": "male", "lastName": "Abdul Rahman", "id": "60255418", "bio": "", "photo": {"prefix": "https://igx.4sqi.net/img/user/", "suffix": "/RX4LTXMUA4JSN3L1.jpg"}, "homeCity": "dubai", "lists": {"groups": [{"items": [], "count": 3, "type": "created"}]}}, {"superuser": 7, "tips": {"count": 264}, "contact": {"twitter": "ihakkim", "facebook": "1015785260"}, "firstName": "Abdul", "gender": "male", "lastName": "Hakkim", "id": "11364795", "bio": "Realtor | Internet Marketing | Search Engine Optimization | Web Design | Foursquare Superuser", "photo": {"prefix": "https://igx.4sqi.net/img/user/", "suffix": "/11364795-FT1VTWC4LL4UXVT5"}, "homeCity": "India", "lists": {"groups": [{"items": [], "count": 71, "type": "created"}]}}, {"tips": {"count": 2}, "contact": {"facebook": "678758706"}, "firstName": "Haseeb", "gender": "male", "lastName": "KP", "id": "66854397", "bio": "", "photo": {"prefix": "https://igx.4sqi.net/img/user/", "suffix": "/HXYJUP2PC3XEIM4Q.jpg"}, "homeCity": "Doha, 01", "lists": {"groups": [{"items": [], "count": 2, "type": "created"}]}}, {"tips": {"count": 7}, "contact": {"twitter": "praveensubash"}, "firstName": "Praveen", "gender": "male", "lastName": "S", "id": "4778431", "bio": "Petrosexual|Ex Cyber Kulee|Engineer|Shutterbug|Techie|Traveler|Typical LEO|Jack OFF all Trades|Rossi,Chris Pfeiffer & Ken Block fan|", "photo": {"prefix": "https://igx.4sqi.net/img/user/", "suffix": "/-5TF2YIBQ5K0HLZBI.jpg"}, "homeCity": "Kerala, India", "lists": {"groups": [{"items": [], "count": 3, "type": "created"}]}}, {"tips": {"count": 19}, "contact": {"twitter": "srjthn", "facebook": "10211466161478246"}, "firstName": "Sreejith", "gender": "male", "lastName": "Namelil", "id": "4527003", "bio": "", "photo": {"prefix": "https://igx.4sqi.net/img/user/", "suffix": "/4527003-ESDYVSLJODVFHH3K.jpg"}, "homeCity": "Palakkad, India", "lists": {"groups": [{"items": [], "count": 2, "type": "created"}]}}, {"tips": {"count": 13}, "contact": {"twitter": "4shwin", "facebook": "780689293"}, "firstName": "Ash", "gender": "male", "lastName": "Win", "id": "423961", "bio": "", "photo": {"prefix": "https://igx.4sqi.net/img/user/", "suffix": "/423961-MAAMYJZZTIBYPX5E.jpg"}, "homeCity": "New Delhi, India", "lists": {"groups": [{"items": [], "count": 2, "type": "created"}]}}, {"tips": {"count": 25}, "contact": {"facebook": "100001123425924"}, "firstName": "Shanu", "gender": "male", "lastName": "Daffodils", "id": "22538250", "bio": "Dipartment of Ophthalmic Assistants", "photo": {"prefix": "https://igx.4sqi.net/img/user/", "suffix": "/NUG5GPKKRWKZ1V54.jpg"}, "homeCity": "Kondotty,Kerala.India", "lists": {"groups": [{"items": [], "count": 6, "type": "created"}]}}, {"tips": {"count": 0}, "contact": {"twitter": "akristill", "facebook": "789062366"}, "firstName": "Arun", "gender": "male", "lastName": "NK", "id": "12906039", "bio": "", "photo": {"prefix": "https://igx.4sqi.net/img/user/", "suffix": "/IZKK4VLKECXKHGRU.jpg"}, "homeCity": "Kochi, India", "lists": {"groups": [{"items": [], "count": 2, "type": "created"}]}}, {"tips": {"count": 15}, "contact": {"twitter": "vajrabahu", "facebook": "100001189965889"}, "firstName": "Nithin", "gender": "male", "lastName": "Anil", "id": "5282746", "bio": "", "photo": {"prefix": "https://igx.4sqi.net/img/user/", "suffix": "/5282746-KPD5VC1EBODAF0RK.jpg"}, "homeCity": "Kochi, India", "lists": {"groups": [{"items": [], "count": 3, "type": "created"}]}}, {"tips": {"count": 0}, "contact": {"twitter": "anoop_appu_", "facebook": "10155751390300839"}, "firstName": "Anoop", "gender": "male", "lastName": "Appu", "id": "417848924", "bio": "", "photo": {"prefix": "https://igx.4sqi.net/img/user/", "suffix": "/417848924_bvrYZpJr_brqmkUdozC07SG6e6I06DvsnrTh7bU3XCIYJqrcn7rJJfeZJUl9cJ8VGXM-TlNO3.jpg"}, "homeCity": "Bangalore, 19", "lists": {"groups": [{"items": [], "count": 2, "type": "created"}]}}, {"tips": {"count": 4}, "contact": {"twitter": "dzuwanna", "facebook": "100000116688517"}, "firstName": "Jhoana", "gender": "female", "lastName": "N.", "id": "11477473", "bio": "", "photo": {"prefix": "https://igx.4sqi.net/img/user/", "suffix": "/11477473-MOLLYXIOUKGUCOBJ.jpg"}, "homeCity": "Kuwait", "lists": {"groups": [{"items": [], "count": 2, "type": "created"}]}}, {"tips": {"count": 0}, "contact": {"twitter": "arvinzprasetia"}, "firstName": "Arvin", "gender": "male", "lastName": "Scott", "id": "11005668", "bio": "follow my twitter @arvin_quotez @arvinscottz \r\nhttp://www.tumblr.com/blog/arvinscott \r\nhttp://www.myspace.com/568211171 \r\nhttp://arvinzscottwharton.blogspot.com", "photo": {"prefix": "https://igx.4sqi.net/img/user/", "suffix": "/UTYWK1TMZVWTLEAO.jpg"}, "homeCity": "United Kingdom", "lists": {"groups": [{"items": [], "count": 2, "type": "created"}]}}, {"tips": {"count": 1}, "contact": {"twitter": "lillyvgp"}, "firstName": "Lilly", "gender": "female", "lastName": "Gunasekar", "id": "5444525", "bio": "", "photo": {"prefix": "https://igx.4sqi.net/img/user/", "suffix": "/TG1QYIOI2FAE051T.jpg"}, "homeCity": "Trivandrum, India", "lists": {"groups": [{"items": [], "count": 2, "type": "created"}]}}, {"tips": {"count": 61}, "contact": {"twitter": "kirathanz", "facebook": "100000027136238"}, "firstName": "Kiran", "gender": "male", "lastName": "Frenchi K", "id": "1936605", "bio": "", "photo": {"prefix": "https://igx.4sqi.net/img/user/", "suffix": "/1936605-NMKPAIWGARPH5S5V.jpg"}, "homeCity": "Montreal, Canada", "lists": {"groups": [{"items": [], "count": 3, "type": "created"}]}}, {"tips": {"count": 3}, "contact": {"twitter": "jiroshonline", "facebook": "100000621606995"}, "firstName": "Jirosh", "gender": "male", "lastName": "Tg", "id": "13666450", "bio": "Enthu Bio. Angane okke Pokunnu :D :)", "photo": {"prefix": "https://igx.4sqi.net/img/user/", "suffix": "/13666450-TUO5SEIKYDVFFFBB.jpg"}, "homeCity": "India", "lists": {"groups": [{"items": [], "count": 2, "type": "created"}]}}, {"tips": {"count": 3}, "contact": {"facebook": "100000861379922"}, "firstName": "Santhosh", "gender": "male", "lastName": "S", "id": "1233747", "bio": "", "photo": {"prefix": "https://igx.4sqi.net/img/user/", "suffix": "/4ESL51M3HCS2KADW.jpg"}, "homeCity": "Trivandrum, India", "lists": {"groups": [{"items": [], "count": 2, "type": "created"}]}}, {"tips": {"count": 5}, "contact": {"twitter": "nithinsr", "facebook": "728121050"}, "firstName": "Nithin SR", "gender": "male", "id": "758676", "bio": "", "photo": {"prefix": "https://igx.4sqi.net/img/user/", "suffix": "/O5E52NPW1UWJHGE4.jpg"}, "homeCity": "Trivandrum, Kerala", "lists": {"groups": [{"items": [], "count": 4, "type": "created"}]}}, {"tips": {"count": 6}, "contact": {"twitter": "deepakravindran", "facebook": "10153146646567174"}, "firstName": "Deepak", "gender": "male", "lastName": "Ravindran", "id": "336563", "bio": "The lean entrepreneur", "photo": {"prefix": "https://igx.4sqi.net/img/user/", "suffix": "/TUFOIGIHZL1TMIF0.png"}, "homeCity": "Worldwide", "lists": {"groups": [{"items": [], "count": 2, "type": "created"}]}}, {"tips": {"count": 27}, "contact": {"twitter": "thenameistoms", "facebook": "765210270"}, "firstName": "Nitin", "gender": "male", "lastName": "Toms", "id": "3808613", "bio": "", "photo": {"prefix": "https://igx.4sqi.net/img/user/", "suffix": "/3808613-HI3A4024OCPCTL4J.jpg"}, "homeCity": "Sunshine Coast, Queensland, Australia", "lists": {"groups": [{"items": [], "count": 2, "type": "created"}]}}, {"tips": {"count": 177}, "contact": {"twitter": "tantadang", "facebook": "538598413"}, "firstName": "Anish", "gender": "male", "id": "680789", "bio": "(: living a life of design, photography, movies n' sound.", "photo": {"prefix": "https://igx.4sqi.net/img/user/", "suffix": "/680789-521UYKF1RSEUIAWN"}, "homeCity": "Kochi, India", "lists": {"groups": [{"items": [], "count": 4, "type": "created"}]}}, {"tips": {"count": 1}, "contact": {"twitter": "ohsinnerman_", "facebook": "10208980133567935"}, "firstName": "Fasalu", "gender": "male", "lastName": "Rahman", "id": "93326009", "bio": "", "photo": {"prefix": "https://igx.4sqi.net/img/user/", "suffix": "/93326009-G5FSRPK0NF4N3YKZ.jpg"}, "homeCity": "Sultans Battery, Kerala", "lists": {"groups": [{"items": [], "count": 2, "type": "created"}]}}, {"superuser": 3, "tips": {"count": 42}, "contact": {"twitter": "5fq", "facebook": "678593117"}, "firstName": "Shafeeque", "gender": "male", "lastName": "Mohammed", "id": "1285755", "bio": "", "photo": {"prefix": "https://igx.4sqi.net/img/user/", "suffix": "/1285755-2OOVB5RFBVICB4ZH.jpg"}, "homeCity": "Palakkad,India", "lists": {"groups": [{"items": [], "count": 4, "type": "created"}]}}, {"tips": {"count": 2}, "contact": {"twitter": "devansali", "facebook": "538822398"}, "firstName": "Devan", "gender": "male", "lastName": "Sali", "id": "2685711", "bio": "", "photo": {"prefix": "https://igx.4sqi.net/img/user/", "suffix": "/V1EIILIVLHPB2WZW.jpg"}, "homeCity": "Alappuzha, India", "lists": {"groups": [{"items": [], "count": 4, "type": "created"}]}}, {"tips": {"count": 5}, "contact": {"twitter": "tetohenriquez", "facebook": "680363848"}, "firstName": "Teto", "gender": "male", "lastName": "Henriquez", "id": "909079", "bio": "Nietzsche, Hiking, Coffee and All things Football. Love life. Melbourne\r\nInstagram.com/tetohenriquez\r\nTwitter.com/tetohenriquez", "photo": {"prefix": "https://igx.4sqi.net/img/user/", "suffix": "/909079-GFSLYZKPDMQO2KH0.jpg"}, "homeCity": "Melbourne, VIC", "lists": {"groups": [{"items": [], "count": 2, "type": "created"}]}}, {"tips": {"count": 13}, "contact": {"twitter": "akhilvg", "facebook": "10153796057009746"}, "firstName": "Akhil", "gender": "male", "lastName": "Venugopal", "id": "39122048", "bio": "Living loving laughing :)", "photo": {"prefix": "https://igx.4sqi.net/img/user/", "suffix": "/SSUWYCSTT4EDLRPZ.jpg"}, "homeCity": "Maharashtra", "lists": {"groups": [{"items": [], "count": 3, "type": "created"}]}}, {"tips": {"count": 2}, "contact": {"twitter": "ebyenjoys", "facebook": "100001478890491"}, "firstName": "Eby", "gender": "male", "lastName": "Tom", "id": "16777655", "bio": "", "photo": {"prefix": "https://igx.4sqi.net/img/user/", "suffix": "/41ISCKLJ3HAS2DFO.jpg"}, "homeCity": "Kodungallur, India", "lists": {"groups": [{"items": [], "count": 4, "type": "created"}]}}, {"tips": {"count": 0}, "contact": {"twitter": "issuwizz", "facebook": "100002393606047"}, "firstName": "Ismail", "gender": "male", "lastName": "Udinur south", "id": "14099210", "bio": "", "photo": {"prefix": "https://igx.4sqi.net/img/user/", "suffix": "/YUE2K0PS0PRDERAT.jpg"}, "homeCity": "Trikaripur, India", "lists": {"groups": [{"items": [], "count": 4, "type": "created"}]}}, {"tips": {"count": 6}, "contact": {"twitter": "anucbose", "facebook": "100000403571796"}, "firstName": "Anu", "gender": "male", "lastName": "C Bose", "id": "12404759", "bio": "Simple and humble", "photo": {"prefix": "https://igx.4sqi.net/img/user/", "suffix": "/YP0YMFLFLQOW4TNR.jpg"}, "homeCity": "Cherthala, India", "lists": {"groups": [{"items": [], "count": 2, "type": "created"}]}}, {"tips": {"count": 25}, "contact": {"twitter": "tinucherian"}, "firstName": "Tinu Cherian", "gender": "male", "id": "11746793", "bio": "Dreamer", "photo": {"prefix": "https://igx.4sqi.net/img/user/", "suffix": "/SGJ3TEE4XM2JIVOT.jpg"}, "homeCity": "Bengaluru, India", "lists": {"groups": [{"items": [], "count": 3, "type": "created"}]}}, {"tips": {"count": 0}, "contact": {"twitter": "nanavanallai", "facebook": "100000498603259"}, "firstName": "Raj", "gender": "male", "lastName": "Sq", "id": "11086151", "bio": "Pure like poor", "photo": {"prefix": "https://igx.4sqi.net/img/user/", "suffix": "/XXHKLGUCUS0MYM1J.jpg"}, "homeCity": "Bengaluru, India", "lists": {"groups": [{"items": [], "count": 2, "type": "created"}]}}, {"tips": {"count": 0}, "contact": {"facebook": "100001686814779"}, "firstName": "Baaz", "gender": "male", "lastName": "Rider", "id": "25716128", "bio": "", "photo": {"prefix": "https://igx.4sqi.net/img/user/", "suffix": "/ODGU5OHA0W42T5FF.jpg"}, "homeCity": "Tirupattur, India", "lists": {"groups": [{"items": [], "count": 2, "type": "created"}]}}, {"tips": {"count": 4}, "contact": {"facebook": "100000698944066"}, "firstName": "Tomin", "gender": "male", "lastName": "Hacker", "id": "17345223", "bio": "", "photo": {"prefix": "https://igx.4sqi.net/img/user/", "suffix": "/0GZZIB1FKRSMSXUI.jpg"}, "homeCity": "Trivandrum, India", "lists": {"groups": [{"items": [], "count": 2, "type": "created"}]}}, {"tips": {"count": 5}, "contact": {"twitter": "vallithodan"}, "firstName": "Tony", "gender": "male", "lastName": "Joseph", "id": "12314230", "bio": "", "photo": {"prefix": "https://igx.4sqi.net/img/user/", "suffix": "/DGUFP4MVC5NSU5YN.jpg"}, "homeCity": "Vallithode ,Kannur ,Kerala ,India", "lists": {"groups": [{"items": [], "count": 2, "type": "created"}]}}, {"tips": {"count": 9}, "contact": {"facebook": "725296217"}, "firstName": "Sanjay", "gender": "male", "lastName": "Menon", "id": "11478703", "bio": "", "photo": {"prefix": "https://igx.4sqi.net/img/user/", "suffix": "/KUEPKLCWH5WGJRTL.jpg"}, "homeCity": "Ernakulam, India", "lists": {"groups": [{"items": [], "count": 2, "type": "created"}]}}, {"tips": {"count": 1}, "contact": {"twitter": "5h0g", "facebook": "100000126783316"}, "firstName": "Shoji", "gender": "male", "lastName": "Thomas", "id": "13821084", "bio": "", "photo": {"prefix": "https://igx.4sqi.net/img/user/", "suffix": "/KABKGTUFJJYBMRCF.jpg"}, "homeCity": "Dubai", "lists": {"groups": [{"items": [], "count": 2, "type": "created"}]}}, {"tips": {"count": 0}, "contact": {"facebook": "100001617678786"}, "firstName": "Maneesh", "gender": "male", "lastName": "PM", "id": "5448705", "bio": "", "photo": {"prefix": "https://igx.4sqi.net/img/user/", "suffix": "/5448705-SK25Z0EGDWXKFOMU.jpg"}, "homeCity": "Bangalore", "lists": {"groups": [{"items": [], "count": 2, "type": "created"}]}}, {"tips": {"count": 0}, "contact": {"twitter": "asghar__c", "facebook": "1102839170"}, "firstName": "Asghar", "gender": "male", "lastName": "C", "id": "2352126", "bio": "Technology and design enthusiast", "photo": {"prefix": "https://igx.4sqi.net/img/user/", "suffix": "/HSS42EA3FT5TAUYK.jpg"}, "homeCity": "Bangalore, Karn\u0101taka", "lists": {"groups": [{"items": [], "count": 2, "type": "created"}]}}, {"tips": {"count": 12}, "contact": {"twitter": "vishnuan", "facebook": "100003753891521"}, "firstName": "Vishnu", "gender": "male", "lastName": "Anil", "id": "27231323", "bio": "", "photo": {"prefix": "https://igx.4sqi.net/img/user/", "suffix": "/PIKS4XQBUJFY5U1D.jpg"}, "homeCity": "Karunagapalli, Kerala, India", "lists": {"groups": [{"items": [], "count": 4, "type": "created"}]}}, {"tips": {"count": 0}, "contact": {"twitter": "jishnu2003", "facebook": "1656652162"}, "firstName": "Jishnu", "gender": "male", "lastName": "Janardhanan", "id": "9741352", "bio": "", "photo": {"prefix": "https://igx.4sqi.net/img/user/", "suffix": "/LMUPDPKP3K5XPWOO.jpg"}, "homeCity": "Shoranur,India", "lists": {"groups": [{"items": [], "count": 2, "type": "created"}]}}, {"tips": {"count": 0}, "contact": {"twitter": "heavydistortion", "facebook": "10153967408009808"}, "firstName": "Shyam", "gender": "male", "lastName": "Anand", "id": "5364272", "bio": "", "photo": {"prefix": "https://igx.4sqi.net/img/user/", "suffix": "/MCVKLTCBSZAW15WT.jpg"}, "homeCity": "Bangalore", "lists": {"groups": [{"items": [], "count": 2, "type": "created"}]}}, {"tips": {"count": 0}, "contact": {"twitter": "vishnu_", "facebook": "720994888"}, "firstName": "Vishnu", "gender": "male", "lastName": "Uppalakkal", "id": "8915969", "bio": "", "photo": {"prefix": "https://igx.4sqi.net/img/user/", "suffix": "/8915969-QNK0GLQR1GM5K451.jpg"}, "homeCity": "Pondicherry, India", "lists": {"groups": [{"items": [], "count": 2, "type": "created"}]}}, {"tips": {"count": 0}, "contact": {"facebook": "562739114"}, "firstName": "Sruthi", "gender": "female", "lastName": "Padiyath", "id": "72298933", "bio": "", "photo": {"prefix": "https://igx.4sqi.net/img/user/", "suffix": "/72298933-I1WJ5VS2U1Z13HZW.jpg"}, "homeCity": "Bangalore, India", "lists": {"groups": [{"items": [], "count": 2, "type": "created"}]}}, {"tips": {"count": 0}, "contact": {"facebook": "100002217537483"}, "firstName": "anan", "gender": "female", "lastName": "chen", "id": "16435073", "bio": "", "photo": {"prefix": "https://igx.4sqi.net/img/user/", "suffix": "/ZD2SKSONDAPP3U5N.jpg"}, "homeCity": "\u5317\u4eac\u5e02, \u4e2d\u56fd", "lists": {"groups": [{"items": [], "count": 18, "type": "created"}]}}, {"tips": {"count": 0}, "contact": {"twitter": "shan_salam", "facebook": "1362069822"}, "firstName": "Shan", "gender": "male", "lastName": "Abdussalam", "id": "1969889", "bio": "", "photo": {"prefix": "https://igx.4sqi.net/img/user/", "suffix": "/PI4O1ZQJAAXRB0DA.jpg"}, "homeCity": "Calicut, India", "lists": {"groups": [{"items": [], "count": 2, "type": "created"}]}}, {"tips": {"count": 6}, "contact": {"twitter": "solidfumes"}, "firstName": "Abhilash", "gender": "male", "id": "3203881", "bio": "", "photo": {"prefix": "https://igx.4sqi.net/img/user/", "suffix": "/A0TFZRCFUXVWJH3R.jpg"}, "homeCity": "Kochi, India", "lists": {"groups": [{"items": [], "count": 2, "type": "created"}]}}, {"tips": {"count": 0}, "contact": {"twitter": "roamingzoul", "facebook": "1027878502"}, "firstName": "Jayakrishnan", "gender": "male", "lastName": "CG", "id": "15557400", "bio": "| A Soul Lost to Random Thoughts \u0950 |", "photo": {"prefix": "https://igx.4sqi.net/img/user/", "suffix": "/15557400-DSIBTPLHCA5POX2A.jpg"}, "homeCity": "In the stillness of nature", "lists": {"groups": [{"items": [], "count": 2, "type": "created"}]}}, {"tips": {"count": 25}, "contact": {"twitter": "megameetei", "facebook": "839932239437444"}, "firstName": "Mega", "gender": "male", "lastName": "Meetei", "id": "18386360", "bio": "Kik: megameetei\r\nInstagram :megameetei\r\nWeChat: megameetei\r\nTwitter :@megameetei\r\nLine: megameetei\r\nWeibo:megameetei_2012\r\nKeek: megameetei\r\nQQ :2564516371", "photo": {"prefix": "https://igx.4sqi.net/img/user/", "suffix": "/18386360-GHWTS5Z11FOBK0IZ.jpg"}, "homeCity": "Foursquare World", "lists": {"groups": [{"items": [], "count": 15, "type": "created"}]}}, {"tips": {"count": 1}, "contact": {"facebook": "100001143104022"}, "firstName": "Jayesh", "gender": "male", "lastName": "Jayachandran", "id": "14111245", "bio": "", "photo": {"prefix": "https://igx.4sqi.net/img/user/", "suffix": "/XD215N3JKNB1KYUX.jpg"}, "homeCity": "Kochi, India", "lists": {"groups": [{"items": [], "count": 2, "type": "created"}]}}, {"tips": {"count": 3}, "contact": {"twitter": "ajitfrancis", "facebook": "761469019"}, "firstName": "ajit", "gender": "male", "lastName": "francis", "id": "12671226", "bio": "", "photo": {"prefix": "https://igx.4sqi.net/img/user/", "suffix": "/D4OWXAH31EKUTZDT.jpg"}, "homeCity": "kerala, India", "lists": {"groups": [{"items": [], "count": 2, "type": "created"}]}}, {"tips": {"count": 4}, "contact": {"twitter": "ramuontweet", "facebook": "1130828080"}, "firstName": "Ramesh", "gender": "male", "lastName": "Naduviledam", "id": "14635739", "bio": "", "photo": {"prefix": "https://igx.4sqi.net/img/user/", "suffix": "/14635739-1BIV05XK0EJXG50B.jpg"}, "homeCity": "kozhikode, Inedia", "lists": {"groups": [{"items": [], "count": 3, "type": "created"}]}}, {"tips": {"count": 1}, "contact": {"facebook": "1330221470"}, "firstName": "Ren", "gender": "male", "lastName": "BB PIN:2BOA1174, 00971557339678", "id": "28161237", "bio": "BB PIN:2BOA1174, 00971557339678", "photo": {"prefix": "https://igx.4sqi.net/img/user/", "suffix": "/4PTD0MGCQ5QN2BDL.jpg"}, "homeCity": "Bahrain", "lists": {"groups": [{"items": [], "count": 2, "type": "created"}]}}, {"tips": {"count": 3}, "contact": {}, "firstName": "Augustine", "gender": "male", "lastName": "Kuruvila", "id": "26213684", "bio": "", "photo": {"prefix": "https://igx.4sqi.net/img/user/", "suffix": "/3STILQ5WPG2C4AVW.jpg"}, "homeCity": "Kerala", "lists": {"groups": [{"items": [], "count": 2, "type": "created"}]}}, {"tips": {"count": 0}, "contact": {"facebook": "1363599169"}, "firstName": "Arun", "gender": "male", "lastName": "Suresh", "id": "17562806", "bio": "", "photo": {"prefix": "https://igx.4sqi.net/img/user/", "suffix": "/EEI4DFVQPVUWBOMH.jpg"}, "homeCity": "Haripad, India", "lists": {"groups": [{"items": [], "count": 2, "type": "created"}]}}, {"tips": {"count": 2}, "contact": {}, "firstName": "prajin", "gender": "male", "lastName": "raj", "id": "12909948", "bio": "", "photo": {"prefix": "https://igx.4sqi.net/img/user/", "suffix": "/12909948-E1MVZ1EEE5SSIY3Z.jpg"}, "homeCity": "Kerala, India", "lists": {"groups": [{"items": [], "count": 2, "type": "created"}]}}, {"tips": {"count": 2}, "contact": {"twitter": "akhilalfonsk", "facebook": "1398933787"}, "firstName": "Akhil", "gender": "male", "lastName": "Alfons K", "id": "5735239", "bio": "I've learned I don\u2019t know anything.  Have also learned that people will pay for what I know.  Life is good. Hakuna Matata!!", "photo": {"prefix": "https://igx.4sqi.net/img/user/", "suffix": "/5735239-O5YAQWIGAQ4UFAYO.jpg"}, "homeCity": "Pune", "lists": {"groups": [{"items": [], "count": 2, "type": "created"}]}}, {"tips": {"count": 4}, "contact": {"twitter": "arjunan_", "facebook": "100001070314690"}, "firstName": "Arjun", "gender": "male", "lastName": "KR", "id": "9903630", "bio": "", "photo": {"prefix": "https://igx.4sqi.net/img/user/", "suffix": "/HPOFTMLPN2ILBLXB.jpg"}, "homeCity": "Kerala, India", "lists": {"groups": [{"items": [], "count": 3, "type": "created"}]}}, {"tips": {"count": 23}, "contact": {"twitter": "georgevjames", "facebook": "842613045860785"}, "firstName": "George V", "gender": "male", "lastName": "James", "id": "14043806", "bio": "pimply dark rock", "photo": {"prefix": "https://igx.4sqi.net/img/user/", "suffix": "/14043806_rzZ5IDD0_JB-rcte1LNnVpggAJwiKKHdDB1kH2IhvTjEq093vy-cVEBYna2TnOOnW9RkhSSSO.jpg"}, "homeCity": "Sharjah", "lists": {"groups": [{"items": [], "count": 2, "type": "created"}]}}, {"tips": {"count": 6}, "contact": {"twitter": "aashkey", "facebook": "1580446708"}, "firstName": "Muhammad", "gender": "male", "lastName": "Ashfaque", "id": "64114648", "bio": "\u265b | Creative | Y&R | Hated by Many, Loved by Few | \uf8ff Enthusiast | Wanderer | Single | Sufi | Typical Gemini", "photo": {"prefix": "https://igx.4sqi.net/img/user/", "suffix": "/64114648-XUUQE11O0LKHXWY5.jpg"}, "homeCity": "Qatar / Dubai / Kerala", "lists": {"groups": [{"items": [], "count": 2, "type": "created"}]}}, {"tips": {"count": 2}, "contact": {"twitter": "aromalazad", "facebook": "805032667"}, "firstName": "Aromal", "gender": "male", "lastName": "Azad Narayan", "id": "79740814", "bio": "Facebook,twitter addict", "photo": {"prefix": "https://igx.4sqi.net/img/user/", "suffix": "/79740814-YEBB4XTOFM2GM3F5.jpg"}, "homeCity": "India", "lists": {"groups": [{"items": [], "count": 2, "type": "created"}]}}, {"tips": {"count": 3}, "contact": {"twitter": "arjunlal_", "facebook": "10152639190447030"}, "firstName": "Arjunlal", "gender": "male", "lastName": "B", "id": "35386495", "bio": "", "photo": {"prefix": "https://igx.4sqi.net/img/user/", "suffix": "/35386495-DPMPJZTBAXHQ0I0Z.jpg"}, "homeCity": "Kerala", "lists": {"groups": [{"items": [], "count": 2, "type": "created"}]}}, {"tips": {"count": 3}, "contact": {"twitter": "kothiyan", "facebook": "100000822931821"}, "firstName": "KothiyaN", "gender": "male", "id": "3970503", "bio": "A larGe doMain vth siNgle cell /..... / In A reLatioNship vth CyanobacteriA /.../ CapacitY FoR Rapid GrowtH And ReproductioN /..", "photo": {"prefix": "https://igx.4sqi.net/img/user/", "suffix": "/3970503-CPTTI3FRXYHPJHDC.jpg"}, "homeCity": "Riyadh", "lists": {"groups": [{"items": [], "count": 2, "type": "created"}]}}, {"tips": {"count": 0}, "contact": {"twitter": "jayanadukkam", "facebook": "100000802416419"}, "firstName": "Jayan", "gender": "male", "lastName": "Adukkam", "id": "31627438", "bio": "\u0d38\u0d4d\u0d28\u0d47\u0d39\u0d2e\u0d46\u0d28\u0d4d\u0d28\u0d24\u0d47 \u0d28\u0d47\u0d1f\u0d4d\u0d1f\u0d02,\r\n\u0d24\u0d3e\u0d34\u0d4d\u0d2e\u0d24\u0d3e\u0d28\u0d2d\u0d4d\u0d2f\u0d41\u0d28\u0d4d\u0d28\u0d24\u0d3f...", "photo": {"prefix": "https://igx.4sqi.net/img/user/", "suffix": "/0SYM1KUNGRDN5KDH.jpg"}, "homeCity": "kalichanadukkam", "lists": {"groups": [{"items": [], "count": 2, "type": "created"}]}}, {"tips": {"count": 1}, "contact": {"twitter": "chinkimol", "facebook": "1610467653"}, "firstName": "Vincy", "gender": "female", "lastName": "Varghese", "id": "28027557", "bio": "", "photo": {"prefix": "https://igx.4sqi.net/img/user/", "suffix": "/RDSC31RRIAFISADB.jpg"}, "homeCity": "Kerala", "lists": {"groups": [{"items": [], "count": 2, "type": "created"}]}}, {"tips": {"count": 0}, "contact": {"facebook": "100003055137246"}, "firstName": "Vishnu", "gender": "male", "lastName": "Cristy", "id": "16285227", "bio": "", "photo": {"prefix": "https://igx.4sqi.net/img/user/", "suffix": "/Q3O4FTTH20CQNZQS.jpg"}, "homeCity": "Thiruvananthapuram, India", "lists": {"groups": [{"items": [], "count": 3, "type": "created"}]}}, {"tips": {"count": 0}, "contact": {"twitter": "dfordesmond", "facebook": "550220459"}, "firstName": "Desmond", "gender": "male", "lastName": "Fernandez", "id": "22096662", "bio": "", "photo": {"prefix": "https://igx.4sqi.net/img/user/", "suffix": "/22096662-R1S2P5VSOTTT0WFD.jpg"}, "homeCity": "Kerala", "lists": {"groups": [{"items": [], "count": 2, "type": "created"}]}}, {"tips": {"count": 0}, "contact": {"facebook": "100001682903131"}, "firstName": "Ran", "gender": "male", "lastName": "Jith P", "id": "36306446", "bio": "", "photo": {"prefix": "https://igx.4sqi.net/img/user/", "suffix": "/ITNMU2K0EUOVNFFN.jpg"}, "homeCity": "Kozhikode (Calicut), India", "lists": {"groups": [{"items": [], "count": 2, "type": "created"}]}}, {"tips": {"count": 0}, "contact": {"twitter": "iaalwin"}, "firstName": "Aalwin", "gender": "male", "lastName": "George", "id": "26237314", "bio": "", "photo": {"prefix": "https://igx.4sqi.net/img/user/", "suffix": "/26237314-FBN4XQFPUV0AMVYV.jpg"}, "homeCity": "Kannur", "lists": {"groups": [{"items": [], "count": 2, "type": "created"}]}}, {"tips": {"count": 0}, "contact": {"twitter": "anamayilottakam"}, "firstName": "Ali", "gender": "male", "lastName": "Sharees", "id": "17780700", "bio": "", "photo": {"prefix": "https://igx.4sqi.net/img/user/", "suffix": "/AKL5L4XJAHXLEJU5.jpg"}, "homeCity": "Kochi, India", "lists": {"groups": [{"items": [], "count": 2, "type": "created"}]}}, {"tips": {"count": 1}, "contact": {"twitter": "kaaliyaadan", "facebook": "1608344417"}, "firstName": "vishnu", "gender": "male", "lastName": "venugopal", "id": "12984092", "bio": "", "photo": {"prefix": "https://igx.4sqi.net/img/user/", "suffix": "/12984092-5KE4HONOWFOOVQYE.jpg"}, "homeCity": "Alappuzha, India", "lists": {"groups": [{"items": [], "count": 3, "type": "created"}]}}, {"tips": {"count": 0}, "contact": {"facebook": "100001822532517"}, "firstName": "Deepak", "gender": "male", "lastName": "Pavithran", "id": "11177461", "bio": "", "photo": {"prefix": "https://igx.4sqi.net/img/user/", "suffix": "/SACG1EYWUOQNXOPD.jpg"}, "homeCity": "mananthavady", "lists": {"groups": [{"items": [], "count": 4, "type": "created"}]}}, {"tips": {"count": 0}, "contact": {"facebook": "1042192125802480"}, "firstName": "Mahesh", "gender": "male", "lastName": "Sankar", "id": "30942760", "bio": "", "photo": {"prefix": "https://igx.4sqi.net/img/user/", "suffix": "/blank_boy.png", "default": true}, "homeCity": "Kerala", "lists": {"groups": [{"items": [], "count": 2, "type": "created"}]}}, {"tips": {"count": 0}, "contact": {"twitter": "annakutty99"}, "firstName": "Agnes", "gender": "female", "lastName": "M", "id": "24887159", "bio": "", "photo": {"prefix": "https://igx.4sqi.net/img/user/", "suffix": "/ZW3KWYXTQ4VGOHPV.jpg"}, "homeCity": "kollam", "lists": {"groups": [{"items": [], "count": 2, "type": "created"}]}}, {"tips": {"count": 1}, "contact": {"twitter": "tweenyx", "facebook": "100003593460183"}, "firstName": "Antonita", "gender": "female", "lastName": "Fernandez", "id": "64315449", "bio": "", "photo": {"prefix": "https://igx.4sqi.net/img/user/", "suffix": "/blank_girl.png", "default": true}, "homeCity": "Cochin, 13", "lists": {"groups": [{"items": [], "count": 2, "type": "created"}]}}, {"tips": {"count": 23}, "contact": {"twitter": "hwbuildtech", "facebook": "100007819364070"}, "firstName": "Hiren", "gender": "female", "lastName": "Wahen", "id": "79833549", "bio": "Hiren Wahen Group is one of India's finest real estate developers building world class residential properties, IT parks, shopping complexes.", "photo": {"prefix": "https://igx.4sqi.net/img/user/", "suffix": "/-X3PGLG05BPA1UDD0.jpg"}, "homeCity": "Bangalore, Karn\u0101taka", "lists": {"groups": [{"items": [], "count": 3, "type": "created"}]}}, {"tips": {"count": 5}, "contact": {}, "firstName": "jinu", "gender": "male", "lastName": "msunny", "id": "62016666", "bio": "Proud Indian", "photo": {"prefix": "https://igx.4sqi.net/img/user/", "suffix": "/BPM3UNV51NEHQIB4.jpg"}, "homeCity": "Pala", "lists": {"groups": [{"items": [], "count": 2, "type": "created"}]}}, {"tips": {"count": 1}, "contact": {"twitter": "vivekpoduval"}, "firstName": "Vivek", "gender": "male", "lastName": "Poduval", "id": "4141292", "bio": "", "photo": {"prefix": "https://igx.4sqi.net/img/user/", "suffix": "/MULATIXC20QZZKZV.jpg"}, "homeCity": "Kochi, Kerala", "lists": {"groups": [{"items": [], "count": 2, "type": "created"}]}}, {"tips": {"count": 1}, "contact": {"twitter": "sharongthomas", "facebook": "1553483170"}, "firstName": "Sharon", "gender": "male", "lastName": "Thomas", "id": "32446808", "bio": "", "photo": {"prefix": "https://igx.4sqi.net/img/user/", "suffix": "/5NEKSP1T4A0SWX4O.jpg"}, "homeCity": "Kerala", "lists": {"groups": [{"items": [], "count": 3, "type": "created"}]}}, {"tips": {"count": 0}, "contact": {"facebook": "1439109482"}, "firstName": "Rahul", "gender": "male", "lastName": "Rajeev", "id": "31426202", "bio": "", "photo": {"prefix": "https://igx.4sqi.net/img/user/", "suffix": "/V0OH2DLA04CHVPX5.jpg"}, "homeCity": "New Delhi", "lists": {"groups": [{"items": [], "count": 2, "type": "created"}]}}, {"tips": {"count": 8}, "contact": {"twitter": "i_am_tiana254", "facebook": "1437129123"}, "firstName": "Tiana", "gender": "female", "lastName": "Jamison", "id": "19020479", "bio": "", "photo": {"prefix": "https://igx.4sqi.net/img/user/", "suffix": "/FFZTR5UKLCOUXI3W.jpg"}, "homeCity": "Killeen, TX", "lists": {"groups": [{"items": [], "count": 2, "type": "created"}]}}, {"tips": {"count": 7}, "contact": {"twitter": "jeasmon", "facebook": "866238283439210"}, "firstName": "JeasMo\u014b", "gender": "male", "lastName": "DeN\u014biS", "id": "40390435", "bio": "\u0d05\u0d1a\u0d4d\u0d1a\u0d3e\u0d2f\u0d28\u0d4d | \u266cMus\u00a1C Is Ma L\u00a1FE | \u266aS\u00a1nGeR | \u266aKeYBoarD\u00a1ST | \u266aGu\u00a1tAR BeG\u00a1nER | BGM \u266a| Ma Dad \u00a1S Ma RolE ModeL | LoVabLE | Sp\u00a1RuTuaL \u2020 | Car\u00a1NG | GrAcEFuL \u2661 |", "photo": {"prefix": "https://igx.4sqi.net/img/user/", "suffix": "/40390435_pPrnBusL_8kqU_-NPpYOwK5_zDSuAaHpNlNPM8i729AnMtP3XyfCoTKjh3PEC4DwJNByU3alO.jpg"}, "homeCity": "Kannur", "lists": {"groups": [{"items": [], "count": 2, "type": "created"}]}}, {"tips": {"count": 11}, "contact": {"twitter": "juma_6000", "facebook": "668140498"}, "firstName": "Juma", "gender": "male", "lastName": "Al Dhaheri", "id": "26725061", "bio": "", "photo": {"prefix": "https://igx.4sqi.net/img/user/", "suffix": "/2QM2R2DSFYM2COVW.jpg"}, "homeCity": "Al Ain", "lists": {"groups": [{"items": [], "count": 2, "type": "created"}]}}, {"tips": {"count": 7}, "contact": {"twitter": "see_yaad", "facebook": "1414320566"}, "firstName": "Siyad", "gender": "male", "lastName": "Ct", "id": "17938814", "bio": "", "photo": {"prefix": "https://igx.4sqi.net/img/user/", "suffix": "/17938814-ED3IBBMLOT0CDLHD.jpg"}, "homeCity": "Malappuram, India", "lists": {"groups": [{"items": [], "count": 2, "type": "created"}]}}, {"tips": {"count": 0}, "contact": {"facebook": "100001835198235"}, "firstName": "Prajith", "gender": "male", "lastName": "Ramachandran", "id": "13113442", "bio": "", "photo": {"prefix": "https://igx.4sqi.net/img/user/", "suffix": "/YFZMFJWAYTJ1ZK2S.jpg"}, "homeCity": "Alkhor, Qatar", "lists": {"groups": [{"items": [], "count": 2, "type": "created"}]}}, {"tips": {"count": 0}, "contact": {}, "firstName": "anil", "gender": "male", "lastName": "k mammen", "id": "13444013", "bio": "", "photo": {"prefix": "https://igx.4sqi.net/img/user/", "suffix": "/EFISLQIKRRZ3HZYJ.jpg"}, "homeCity": "india", "lists": {"groups": [{"items": [], "count": 2, "type": "created"}]}}, {"tips": {"count": 16}, "contact": {"twitter": "_offroader", "facebook": "100000002890856"}, "firstName": "_offroader", "gender": "male", "id": "31078551", "bio": "MUSIC ADDICT| PHOTOGRAPHY ENTHUSIAST |LOVES TO TRAVEL |RAIL FAN| DREAMER | ROYAL ENFIELD RiDER :)", "photo": {"prefix": "https://igx.4sqi.net/img/user/", "suffix": "/31078551-LSJEGJMDBEOSZDKA.jpg"}, "homeCity": "KL - 04", "lists": {"groups": [{"items": [], "count": 4, "type": "created"}]}}, {"tips": {"count": 2}, "contact": {"facebook": "100001692920576"}, "firstName": "Philip", "gender": "male", "lastName": "Philip", "id": "8721763", "bio": "", "photo": {"prefix": "https://igx.4sqi.net/img/user/", "suffix": "/MYVOX5IMEVGVYKAK.jpg"}, "homeCity": "Ernakulam, India", "lists": {"groups": [{"items": [], "count": 3, "type": "created"}]}}, {"tips": {"count": 0}, "contact": {"facebook": "100001234371612"}, "firstName": "Ameer", "gender": "male", "lastName": "M", "id": "32489502", "bio": "", "photo": {"prefix": "https://igx.4sqi.net/img/user/", "suffix": "/32489502-XDFWWQN5WRSPNJLM.jpg"}, "homeCity": "Kerala", "lists": {"groups": [{"items": [], "count": 2, "type": "created"}]}}, {"tips": {"count": 9}, "contact": {"facebook": "687873695"}, "firstName": "Sasi", "gender": "male", "lastName": "Nambiar", "id": "70476547", "bio": "", "photo": {"prefix": "https://igx.4sqi.net/img/user/", "suffix": "/70476547-2X0QQUMTQHNAIRSJ.jpg"}, "homeCity": "Muscat", "lists": {"groups": [{"items": [], "count": 3, "type": "created"}]}}, {"tips": {"count": 0}, "contact": {"twitter": "aakku0813", "facebook": "100000417393409"}, "firstName": "Rahul", "gender": "male", "lastName": "Rajan", "id": "29871733", "bio": "", "photo": {"prefix": "https://igx.4sqi.net/img/user/", "suffix": "/-MY1AR5SIPLJXUM0M.jpg"}, "homeCity": "New Delhi", "lists": {"groups": [{"items": [], "count": 2, "type": "created"}]}}, {"tips": {"count": 32}, "contact": {"facebook": "10208739259105152"}, "firstName": "Manigandan", "gender": "male", "id": "45841608", "bio": "", "photo": {"prefix": "https://igx.4sqi.net/img/user/", "suffix": "/45841608-0HTH2IHF0IVQWTG2.jpg"}, "homeCity": "Bangalore", "lists": {"groups": [{"items": [], "count": 10, "type": "created"}]}}, {"tips": {"count": 3}, "contact": {"twitter": "manuvirus", "facebook": "1333613283"}, "firstName": "Manu", "gender": "male", "lastName": "Sebastian", "id": "26807808", "bio": "", "photo": {"prefix": "https://igx.4sqi.net/img/user/", "suffix": "/J2RVS3RACNKSWEUU.jpg"}, "homeCity": "Karnataka", "lists": {"groups": [{"items": [], "count": 3, "type": "created"}]}}, {"tips": {"count": 31}, "contact": {"twitter": "unnikrsnan", "facebook": "1211438882215405"}, "firstName": "Unni", "gender": "male", "lastName": "Krishnan", "id": "18200502", "bio": "#Entrepreneur  #Dreamer #Keralite #Traveller", "photo": {"prefix": "https://igx.4sqi.net/img/user/", "suffix": "/18200502-IS2IVFKM2J2G2CDT.jpg"}, "homeCity": "Kasaragod, India", "lists": {"groups": [{"items": [], "count": 4, "type": "created"}]}}, {"tips": {"count": 0}, "contact": {"facebook": "1193579890680295"}, "firstName": "Sreenesh", "gender": "male", "lastName": "G Krishnan", "id": "13468280", "bio": "", "photo": {"prefix": "https://igx.4sqi.net/img/user/", "suffix": "/blank_boy.png", "default": true}, "homeCity": "NY", "lists": {"groups": [{"items": [], "count": 2, "type": "created"}]}}, {"tips": {"count": 0}, "contact": {"facebook": "573561677"}, "firstName": "Sarun", "gender": "male", "lastName": "Sam", "id": "13916264", "bio": "", "photo": {"prefix": "https://igx.4sqi.net/img/user/", "suffix": "/blank_boy.png", "default": true}, "homeCity": "abudhabi ", "lists": {"groups": [{"items": [], "count": 2, "type": "created"}]}}, {"tips": {"count": 3}, "contact": {"twitter": "ny_ideas", "facebook": "1190735201"}, "firstName": "Niya", "gender": "male", "lastName": "Sim", "id": "53976925", "bio": "", "photo": {"prefix": "https://igx.4sqi.net/img/user/", "suffix": "/IB2EUE1JBR3PDILC.jpg"}, "homeCity": "Bangalore, 19", "lists": {"groups": [{"items": [], "count": 6, "type": "created"}]}}, {"tips": {"count": 0}, "contact": {"twitter": "street_walker_"}, "firstName": "ramsheed", "gender": "male", "lastName": "kv", "id": "8798406", "bio": "", "photo": {"prefix": "https://igx.4sqi.net/img/user/", "suffix": "/8798406-GB3NFACARPFLJTUA.jpg"}, "homeCity": "doha", "lists": {"groups": [{"items": [], "count": 2, "type": "created"}]}}, {"tips": {"count": 2}, "contact": {"twitter": "neerajgeorge", "facebook": "100003831696987"}, "firstName": "VARGHESE", "gender": "male", "lastName": "JOSEPH ARANGATH", "id": "32961227", "bio": "\u201cWithout music, life would be a\r\nmistake.\u201d", "photo": {"prefix": "https://igx.4sqi.net/img/user/", "suffix": "/L0XQZGTYVL5DFNW4.jpg"}, "homeCity": "cherthala", "lists": {"groups": [{"items": [], "count": 3, "type": "created"}]}}, {"tips": {"count": 1}, "contact": {"facebook": "100005040066292"}, "firstName": "Anoop", "gender": "male", "lastName": "Vp", "id": "49347008", "bio": "", "photo": {"prefix": "https://igx.4sqi.net/img/user/", "suffix": "/R2V4R4ZSC5F32XP2.jpg"}, "homeCity": "Kerala", "lists": {"groups": [{"items": [], "count": 2, "type": "created"}]}}, {"tips": {"count": 1}, "contact": {"facebook": "719838187"}, "firstName": "Joby Varghese", "gender": "male", "lastName": "Jose", "id": "57902823", "bio": "", "photo": {"prefix": "https://igx.4sqi.net/img/user/", "suffix": "/EF2Z2LPXT3VBZCCJ.jpg"}, "homeCity": "Karthikappally, Alappuzha, Kerala, INDIA.", "lists": {"groups": [{"items": [], "count": 2, "type": "created"}]}}, {"tips": {"count": 0}, "contact": {}, "firstName": "Alison", "gender": "female", "lastName": "Barros", "id": "26812513", "bio": "", "photo": {"prefix": "https://igx.4sqi.net/img/user/", "suffix": "/35KTSUCOCDSQUIDW.jpg"}, "homeCity": "Goa", "lists": {"groups": [{"items": [], "count": 3, "type": "created"}]}}, {"tips": {"count": 0}, "contact": {"facebook": "685379866"}, "firstName": "Abhinav", "gender": "male", "lastName": "Sree", "id": "18889714", "bio": "", "photo": {"prefix": "https://igx.4sqi.net/img/user/", "suffix": "/4MCX5FKCJMRS2IKC.jpg"}, "homeCity": "Bengaluru, India", "lists": {"groups": [{"items": [], "count": 2, "type": "created"}]}}, {"tips": {"count": 0}, "contact": {"twitter": "geethuprasad", "facebook": "100001206109783"}, "firstName": "geethu", "gender": "female", "lastName": "prasad", "id": "15105372", "bio": "", "photo": {"prefix": "https://igx.4sqi.net/img/user/", "suffix": "/1JYE1KF4TJLQREMM.jpg"}, "homeCity": "Bengaluru, India", "lists": {"groups": [{"items": [], "count": 2, "type": "created"}]}}, {"tips": {"count": 0}, "contact": {"facebook": "100001527458169"}, "firstName": "Shimil", "gender": "male", "lastName": "Rahman", "id": "53981288", "bio": "", "photo": {"prefix": "https://igx.4sqi.net/img/user/", "suffix": "/ITXN3HHNCC05UGY0.jpg"}, "homeCity": "Kochi, India", "lists": {"groups": [{"items": [], "count": 2, "type": "created"}]}}, {"tips": {"count": 3}, "contact": {"facebook": "100003386834495"}, "firstName": "Rakesh", "gender": "male", "lastName": "Nair", "id": "39053851", "bio": "", "photo": {"prefix": "https://igx.4sqi.net/img/user/", "suffix": "/243SBZR203ZEOAAU.jpg"}, "homeCity": "Kerala", "lists": {"groups": [{"items": [], "count": 2, "type": "created"}]}}, {"tips": {"count": 1}, "contact": {"twitter": "radhushraj", "facebook": "100002688678756"}, "firstName": "radhush", "gender": "male", "lastName": "raj", "id": "33028455", "bio": "WhaT U want to Do beFore u die.......???????", "photo": {"prefix": "https://igx.4sqi.net/img/user/", "suffix": "/33028455-Q1HB4FLJ1CL4BRQV.jpg"}, "homeCity": "aLappuZHa. . ! ! !", "lists": {"groups": [{"items": [], "count": 3, "type": "created"}]}}, {"tips": {"count": 0}, "contact": {"twitter": "adityakaran10", "facebook": "100001239113581"}, "firstName": "Aditya", "gender": "male", "lastName": "Karan", "id": "26894824", "bio": "", "photo": {"prefix": "https://igx.4sqi.net/img/user/", "suffix": "/BT1WUQMOWHZ4NGDF.jpg"}, "homeCity": "Kerala", "lists": {"groups": [{"items": [], "count": 2, "type": "created"}]}}, {"tips": {"count": 7}, "contact": {"facebook": "1530461225"}, "firstName": "Jayadevan", "gender": "male", "lastName": "Unni", "id": "18936107", "bio": "", "photo": {"prefix": "https://igx.4sqi.net/img/user/", "suffix": "/QLOTJFWX2EJRS4TD.jpg"}, "homeCity": "Ernakulam, India", "lists": {"groups": [{"items": [], "count": 2, "type": "created"}]}}, {"tips": {"count": 4}, "contact": {}, "firstName": "Miths", "gender": "male", "lastName": "R", "id": "19808922", "bio": "", "photo": {"prefix": "https://igx.4sqi.net/img/user/", "suffix": "/TMWR1IJHU0B3OQBW.jpg"}, "homeCity": "Bangalore,India ", "lists": {"groups": [{"items": [], "count": 2, "type": "created"}]}}, {"tips": {"count": 0}, "contact": {}, "firstName": "\u00d6yk\u00fc", "gender": "female", "lastName": "\u00c7\u0131nar", "id": "345369263", "bio": "", "photo": {"prefix": "https://igx.4sqi.net/img/user/", "suffix": "/345369263-BDMKQCCAJGTNG00H"}, "homeCity": "26, Eskisehir", "lists": {"groups": [{"items": [], "count": 2, "type": "created"}]}}, {"tips": {"count": 14}, "contact": {"facebook": "100001248883446"}, "firstName": "Gopu", "gender": "male", "lastName": "Soman", "id": "34015306", "bio": "", "photo": {"prefix": "https://igx.4sqi.net/img/user/", "suffix": "/5JWAQMI5GAKH2U4K.jpg"}, "homeCity": "Kadavanthara Ernakulam Kerala", "lists": {"groups": [{"items": [], "count": 2, "type": "created"}]}}, {"tips": {"count": 0}, "contact": {"facebook": "647404404"}, "firstName": "Ashish", "gender": "male", "lastName": "Satheesh", "id": "29167525", "bio": "", "photo": {"prefix": "https://igx.4sqi.net/img/user/", "suffix": "/3IYFXJR0UN0D5ZKO.jpg"}, "homeCity": "Alleppey (Alappuzha), India", "lists": {"groups": [{"items": [], "count": 2, "type": "created"}]}}, {"tips": {"count": 0}, "contact": {"facebook": "1668099347"}, "firstName": "sadiq", "gender": "male", "lastName": "mc", "id": "19104541", "bio": "", "photo": {"prefix": "https://igx.4sqi.net/img/user/", "suffix": "/NLTI4SLE5QDREH4F.jpg"}, "homeCity": "New York, NY", "lists": {"groups": [{"items": [], "count": 2, "type": "created"}]}}, {"tips": {"count": 0}, "contact": {"twitter": "tinseltownguy"}, "firstName": "Vineeth", "gender": "male", "lastName": "Menon", "id": "20050510", "bio": "", "photo": {"prefix": "https://igx.4sqi.net/img/user/", "suffix": "/NBRBDN05CYM5VU0N.jpg"}, "homeCity": "Kochi, India", "lists": {"groups": [{"items": [], "count": 2, "type": "created"}]}}, {"tips": {"count": 1}, "contact": {"twitter": "tweetsofarun", "facebook": "100001306701042"}, "firstName": "Arun", "gender": "male", "lastName": "Kumar", "id": "34056893", "bio": "", "photo": {"prefix": "https://igx.4sqi.net/img/user/", "suffix": "/QXHUKF5HF1BJ1NI3.jpg"}, "homeCity": "Kerala", "lists": {"groups": [{"items": [], "count": 2, "type": "created"}]}}, {"tips": {"count": 1}, "contact": {"facebook": "100001398500783"}, "firstName": "Abdul", "gender": "male", "lastName": "Jabbar", "id": "49108874", "bio": "", "photo": {"prefix": "https://igx.4sqi.net/img/user/", "suffix": "/ZSG5IXCHB03OQE3B.jpg"}, "homeCity": "Kerala", "lists": {"groups": [{"items": [], "count": 2, "type": "created"}]}}, {"tips": {"count": 3}, "contact": {"twitter": "malamooppan"}, "firstName": "Sujesh", "gender": "male", "lastName": "Nair", "id": "19154538", "bio": "From The Land Of  Looms And Lores | Budding Interior Designer | Hard Core @Lal_Mohanlal Fan |  Family+Friends+Designs+Movie+Music+Football+Cricket \u2192 My World.", "photo": {"prefix": "https://igx.4sqi.net/img/user/", "suffix": "/P152MF4RU122U030.jpg"}, "homeCity": "kannur, India", "lists": {"groups": [{"items": [], "count": 2, "type": "created"}]}}, {"tips": {"count": 0}, "contact": {"facebook": "100000559471457"}, "firstName": "ameen", "gender": "male", "lastName": "showqi", "id": "23860482", "bio": "", "photo": {"prefix": "https://igx.4sqi.net/img/user/", "suffix": "/RWTKMXDTZVT0SFPA.jpg"}, "homeCity": "Kerala", "lists": {"groups": [{"items": [], "count": 2, "type": "created"}]}}, {"tips": {"count": 0}, "contact": {"facebook": "100001737638613"}, "firstName": "Ramananda", "gender": "male", "lastName": "Meitei", "id": "51324435", "bio": "", "photo": {"prefix": "https://igx.4sqi.net/img/user/", "suffix": "/44KRGPFG23BUC3CM.jpg"}, "homeCity": "New York, NY", "lists": {"groups": [{"items": [], "count": 2, "type": "created"}]}}, {"tips": {"count": 0}, "contact": {}, "firstName": "Prabhul", "gender": "male", "lastName": "Varma", "id": "56241457", "bio": "", "photo": {"prefix": "https://igx.4sqi.net/img/user/", "suffix": "/54M4ZZRDHBBFSNKY.jpg"}, "homeCity": "", "lists": {"groups": [{"items": [], "count": 2, "type": "created"}]}}, {"tips": {"count": 0}, "contact": {"facebook": "100000800328989"}, "firstName": "Sooraj", "gender": "male", "lastName": "Raju", "id": "23895081", "bio": "", "photo": {"prefix": "https://igx.4sqi.net/img/user/", "suffix": "/LY5U33ILVOC30C1L.jpg"}, "homeCity": "Tamil Nadu", "lists": {"groups": [{"items": [], "count": 2, "type": "created"}]}}, {"tips": {"count": 3}, "contact": {"facebook": "587428515"}, "firstName": "Shahid", "gender": "male", "lastName": "Sulaiman", "id": "76138651", "bio": "", "photo": {"prefix": "https://igx.4sqi.net/img/user/", "suffix": "/76138651-VJDT3CXBDCOZIOPB.jpg"}, "homeCity": "Dammam, Eastern", "lists": {"groups": [{"items": [], "count": 4, "type": "created"}]}}, {"tips": {"count": 14}, "contact": {"twitter": "zac13_7"}, "firstName": "Prajod", "gender": "male", "lastName": "Sunny", "id": "28984472", "bio": "Movie fanatic, foodiee, loves travelling..", "photo": {"prefix": "https://igx.4sqi.net/img/user/", "suffix": "/Z2E2HNEJLMUE1S1M.jpg"}, "homeCity": "Pala ", "lists": {"groups": [{"items": [], "count": 3, "type": "created"}]}}], "count": 123}, "checksum": "c52619907de5f7bc4f6b416163d401fd5d9add2b"}, "meta": {"requestId": "59661884dd57972d4124ab45", "code": 200}}