{"notifications": [{"type": "notificationTray", "item": {"unreadCount": 0}}], "response": {"friends": {"items": [{"tips": {"count": 25}, "contact": {"twitter": "tinucherian"}, "firstName": "Tinu Cherian", "gender": "male", "id": "11746793", "bio": "Dreamer", "photo": {"prefix": "https://igx.4sqi.net/img/user/", "suffix": "/SGJ3TEE4XM2JIVOT.jpg"}, "homeCity": "Bengaluru, India", "lists": {"groups": [{"items": [], "count": 3, "type": "created"}]}}, {"tips": {"count": 0}, "contact": {"twitter": "akristill", "facebook": "789062366"}, "firstName": "Arun", "gender": "male", "lastName": "NK", "id": "12906039", "bio": "", "photo": {"prefix": "https://igx.4sqi.net/img/user/", "suffix": "/IZKK4VLKECXKHGRU.jpg"}, "homeCity": "Kochi, India", "lists": {"groups": [{"items": [], "count": 2, "type": "created"}]}}, {"tips": {"count": 2}, "contact": {}, "firstName": "prajin", "gender": "male", "lastName": "raj", "id": "12909948", "bio": "", "photo": {"prefix": "https://igx.4sqi.net/img/user/", "suffix": "/12909948-E1MVZ1EEE5SSIY3Z.jpg"}, "homeCity": "Kerala, India", "lists": {"groups": [{"items": [], "count": 2, "type": "created"}]}}, {"tips": {"count": 1}, "contact": {"twitter": "5h0g", "facebook": "100000126783316"}, "firstName": "Shoji", "gender": "male", "lastName": "Thomas", "id": "13821084", "bio": "", "photo": {"prefix": "https://igx.4sqi.net/img/user/", "suffix": "/KABKGTUFJJYBMRCF.jpg"}, "homeCity": "Dubai", "lists": {"groups": [{"items": [], "count": 2, "type": "created"}]}}, {"tips": {"count": 1}, "contact": {"twitter": "lillyvgp"}, "firstName": "Lilly", "gender": "female", "lastName": "Gunasekar", "id": "5444525", "bio": "", "photo": {"prefix": "https://igx.4sqi.net/img/user/", "suffix": "/TG1QYIOI2FAE051T.jpg"}, "homeCity": "Trivandrum, India", "lists": {"groups": [{"items": [], "count": 2, "type": "created"}]}}, {"tips": {"count": 0}, "contact": {"twitter": "asghar__c", "facebook": "1102839170"}, "firstName": "Asghar", "gender": "male", "lastName": "C", "id": "2352126", "bio": "Technology and design enthusiast", "photo": {"prefix": "https://igx.4sqi.net/img/user/", "suffix": "/HSS42EA3FT5TAUYK.jpg"}, "homeCity": "Bangalore, Karn\u0101taka", "lists": {"groups": [{"items": [], "count": 2, "type": "created"}]}}, {"tips": {"count": 3}, "contact": {"facebook": "100000861379922"}, "firstName": "Santhosh", "gender": "male", "lastName": "S", "id": "1233747", "bio": "", "photo": {"prefix": "https://igx.4sqi.net/img/user/", "suffix": "/4ESL51M3HCS2KADW.jpg"}, "homeCity": "Trivandrum, India", "lists": {"groups": [{"items": [], "count": 2, "type": "created"}]}}, {"tips": {"count": 5}, "contact": {"twitter": "nithinsr", "facebook": "728121050"}, "firstName": "Nithin SR", "gender": "male", "id": "758676", "bio": "", "photo": {"prefix": "https://igx.4sqi.net/img/user/", "suffix": "/O5E52NPW1UWJHGE4.jpg"}, "homeCity": "Trivandrum, Kerala", "lists": {"groups": [{"items": [], "count": 4, "type": "created"}]}}, {"tips": {"count": 6}, "contact": {"twitter": "deepakravindran", "facebook": "10153146646567174"}, "firstName": "Deepak", "gender": "male", "lastName": "Ravindran", "id": "336563", "bio": "The lean entrepreneur", "photo": {"prefix": "https://igx.4sqi.net/img/user/", "suffix": "/TUFOIGIHZL1TMIF0.png"}, "homeCity": "Worldwide", "lists": {"groups": [{"items": [], "count": 2, "type": "created"}]}}, {"superuser": 3, "tips": {"count": 42}, "contact": {"twitter": "5fq", "facebook": "678593117"}, "firstName": "Shafeeque", "gender": "male", "lastName": "Mohammed", "id": "1285755", "bio": "", "photo": {"prefix": "https://igx.4sqi.net/img/user/", "suffix": "/1285755-2OOVB5RFBVICB4ZH.jpg"}, "homeCity": "Palakkad,India", "lists": {"groups": [{"items": [], "count": 4, "type": "created"}]}}, {"tips": {"count": 2}, "contact": {"twitter": "devansali", "facebook": "538822398"}, "firstName": "Devan", "gender": "male", "lastName": "Sali", "id": "2685711", "bio": "", "photo": {"prefix": "https://igx.4sqi.net/img/user/", "suffix": "/V1EIILIVLHPB2WZW.jpg"}, "homeCity": "Alappuzha, India", "lists": {"groups": [{"items": [], "count": 4, "type": "created"}]}}, {"tips": {"count": 1}, "contact": {"facebook": "100001143104022"}, "firstName": "Jayesh", "gender": "male", "lastName": "Jayachandran", "id": "14111245", "bio": "", "photo": {"prefix": "https://igx.4sqi.net/img/user/", "suffix": "/XD215N3JKNB1KYUX.jpg"}, "homeCity": "Kochi, India", "lists": {"groups": [{"items": [], "count": 2, "type": "created"}]}}, {"tips": {"count": 4}, "contact": {"twitter": "ramuontweet", "facebook": "1130828080"}, "firstName": "Ramesh", "gender": "male", "lastName": "Naduviledam", "id": "14635739", "bio": "", "photo": {"prefix": "https://igx.4sqi.net/img/user/", "suffix": "/14635739-1BIV05XK0EJXG50B.jpg"}, "homeCity": "kozhikode, Inedia", "lists": {"groups": [{"items": [], "count": 3, "type": "created"}]}}, {"tips": {"count": 0}, "contact": {"facebook": "100001835198235"}, "firstName": "Prajith", "gender": "male", "lastName": "Ramachandran", "id": "13113442", "bio": "", "photo": {"prefix": "https://igx.4sqi.net/img/user/", "suffix": "/YFZMFJWAYTJ1ZK2S.jpg"}, "homeCity": "Alkhor, Qatar", "lists": {"groups": [{"items": [], "count": 2, "type": "created"}]}}, {"tips": {"count": 2}, "contact": {"twitter": "akhilalfonsk", "facebook": "1398933787"}, "firstName": "Akhil", "gender": "male", "lastName": "Alfons K", "id": "5735239", "bio": "I've learned I don\u2019t know anything.  Have also learned that people will pay for what I know.  Life is good. Hakuna Matata!!", "photo": {"prefix": "https://igx.4sqi.net/img/user/", "suffix": "/5735239-O5YAQWIGAQ4UFAYO.jpg"}, "homeCity": "Pune", "lists": {"groups": [{"items": [], "count": 2, "type": "created"}]}}, {"tips": {"count": 0}, "contact": {"twitter": "vishnu_", "facebook": "720994888"}, "firstName": "Vishnu", "gender": "male", "lastName": "Uppalakkal", "id": "8915969", "bio": "", "photo": {"prefix": "https://igx.4sqi.net/img/user/", "suffix": "/8915969-QNK0GLQR1GM5K451.jpg"}, "homeCity": "Pondicherry, India", "lists": {"groups": [{"items": [], "count": 2, "type": "created"}]}}, {"tips": {"count": 0}, "contact": {"twitter": "shan_salam", "facebook": "1362069822"}, "firstName": "Shan", "gender": "male", "lastName": "Abdussalam", "id": "1969889", "bio": "", "photo": {"prefix": "https://igx.4sqi.net/img/user/", "suffix": "/PI4O1ZQJAAXRB0DA.jpg"}, "homeCity": "Calicut, India", "lists": {"groups": [{"items": [], "count": 2, "type": "created"}]}}, {"tips": {"count": 6}, "contact": {"twitter": "solidfumes"}, "firstName": "Abhilash", "gender": "male", "id": "3203881", "bio": "", "photo": {"prefix": "https://igx.4sqi.net/img/user/", "suffix": "/A0TFZRCFUXVWJH3R.jpg"}, "homeCity": "Kochi, India", "lists": {"groups": [{"items": [], "count": 2, "type": "created"}]}}, {"tips": {"count": 0}, "contact": {"facebook": "1193579890680295"}, "firstName": "Sreenesh", "gender": "male", "lastName": "G Krishnan", "id": "13468280", "bio": "", "photo": {"prefix": "https://igx.4sqi.net/img/user/", "suffix": "/blank_boy.png", "default": true}, "homeCity": "NY", "lists": {"groups": [{"items": [], "count": 2, "type": "created"}]}}, {"tips": {"count": 1}, "contact": {"twitter": "vivekpoduval"}, "firstName": "Vivek", "gender": "male", "lastName": "Poduval", "id": "4141292", "bio": "", "photo": {"prefix": "https://igx.4sqi.net/img/user/", "suffix": "/MULATIXC20QZZKZV.jpg"}, "homeCity": "Kochi, Kerala", "lists": {"groups": [{"items": [], "count": 2, "type": "created"}]}}, {"tips": {"count": 0}, "contact": {"twitter": "geethuprasad", "facebook": "100001206109783"}, "firstName": "geethu", "gender": "female", "lastName": "prasad", "id": "15105372", "bio": "", "photo": {"prefix": "https://igx.4sqi.net/img/user/", "suffix": "/1JYE1KF4TJLQREMM.jpg"}, "homeCity": "Bengaluru, India", "lists": {"groups": [{"items": [], "count": 2, "type": "created"}]}}, {"tips": {"count": 2}, "contact": {"facebook": "100001692920576"}, "firstName": "Philip", "gender": "male", "lastName": "Philip", "id": "8721763", "bio": "", "photo": {"prefix": "https://igx.4sqi.net/img/user/", "suffix": "/MYVOX5IMEVGVYKAK.jpg"}, "homeCity": "Ernakulam, India", "lists": {"groups": [{"items": [], "count": 3, "type": "created"}]}}, {"tips": {"count": 0}, "contact": {"twitter": "street_walker_"}, "firstName": "ramsheed", "gender": "male", "lastName": "kv", "id": "8798406", "bio": "", "photo": {"prefix": "https://igx.4sqi.net/img/user/", "suffix": "/8798406-GB3NFACARPFLJTUA.jpg"}, "homeCity": "doha", "lists": {"groups": [{"items": [], "count": 2, "type": "created"}]}}], "count": 123}, "checksum": "7e0e0b5aaab36d98602bd9973db6db871eda2025"}, "meta": {"requestId": "59661884dd57972d291e38f9", "code": 200}}