{"notifications": [{"type": "notificationTray", "item": {"unreadCount": 0}}], "response": {"friends": {"items": [{"tips": {"count": 0}, "contact": {"facebook": "1121732895"}, "firstName": "Rusty", "gender": "male", "lastName": "Dimacali", "id": "11811057", "bio": "", "photo": {"prefix": "https://igx.4sqi.net/img/user/", "suffix": "/VZRCVHIM5KF5EGXD.jpg"}, "homeCity": "Singapore", "lists": {"groups": [{"items": [], "count": 2, "type": "created"}]}}], "count": 1}, "checksum": "aadb99dda704afdc9a2cb8958c60bdc74a1b65bc"}, "meta": {"requestId": "59661791dd57972d411d54ea", "code": 200}}