{"notifications": [{"type": "notificationTray", "item": {"unreadCount": 0}}], "response": {"friends": {"items": [{"tips": {"count": 6}, "contact": {"twitter": "alygoeswoah", "facebook": "100000075458798"}, "firstName": "Alyaa", "gender": "female", "lastName": "Rauff", "id": "9239303", "bio": "", "photo": {"prefix": "https://igx.4sqi.net/img/user/", "suffix": "/RIKAXOYA3CAY3H0Z.jpg"}, "homeCity": "Perth, Australia", "lists": {"groups": [{"items": [], "count": 2, "type": "created"}]}}, {"tips": {"count": 1}, "contact": {"twitter": "adhafaive", "facebook": "716648886"}, "firstName": "ADHA", "gender": "male", "lastName": "LAAAAA", "id": "7644402", "bio": "", "photo": {"prefix": "https://igx.4sqi.net/img/user/", "suffix": "/OJ44BQPHLRIUHNO5.jpg"}, "homeCity": "Singapore", "lists": {"groups": [{"items": [], "count": 2, "type": "created"}]}}, {"tips": {"count": 0}, "contact": {"twitter": "g_nym", "facebook": "642782998"}, "firstName": "Gabriel", "gender": "male", "lastName": "Nym", "id": "4277616", "bio": "", "photo": {"prefix": "https://igx.4sqi.net/img/user/", "suffix": "/4277616-RSQCU2GQ3QY0QONU.jpg"}, "homeCity": "", "lists": {"groups": [{"items": [], "count": 2, "type": "created"}]}}, {"tips": {"count": 1}, "contact": {"twitter": "_teesh"}, "firstName": "Nora", "gender": "female", "lastName": "Tisha", "id": "5480011", "bio": "", "photo": {"prefix": "https://igx.4sqi.net/img/user/", "suffix": "/LLDGJCWFOHCF2TIY.jpg"}, "homeCity": "Singapore", "lists": {"groups": [{"items": [], "count": 2, "type": "created"}]}}, {"tips": {"count": 0}, "contact": {"twitter": "migsthewhiz", "facebook": "1618450921"}, "firstName": "Miguel", "gender": "male", "lastName": "Manoj", "id": "2709709", "bio": "", "photo": {"prefix": "https://igx.4sqi.net/img/user/", "suffix": "/JG4HM1MFVX4NWLXD.jpg"}, "homeCity": "Singapore", "lists": {"groups": [{"items": [], "count": 2, "type": "created"}]}}, {"tips": {"count": 0}, "contact": {"twitter": "nadpepper", "facebook": "100002551063689"}, "firstName": "Nad", "gender": "female", "lastName": "Pepper", "id": "4569551", "bio": "", "photo": {"prefix": "https://igx.4sqi.net/img/user/", "suffix": "/HB4FR0RYJLWRTNRK.jpg"}, "homeCity": "Singapore", "lists": {"groups": [{"items": [], "count": 2, "type": "created"}]}}, {"tips": {"count": 0}, "contact": {"facebook": "750917671"}, "firstName": "Nurul", "gender": "female", "lastName": "Nadilah", "id": "3916375", "bio": "", "photo": {"prefix": "https://igx.4sqi.net/img/user/", "suffix": "/EUHPCBFSZOFCEP1X.jpg"}, "homeCity": "Singapore", "lists": {"groups": [{"items": [], "count": 2, "type": "created"}]}}, {"tips": {"count": 0}, "contact": {"twitter": "rafigbb", "facebook": "550054213"}, "firstName": "RafiGbb", "gender": "male", "id": "3809745", "bio": "", "photo": {"prefix": "https://igx.4sqi.net/img/user/", "suffix": "/W0SJWQCF4HWRCMDC.jpg"}, "homeCity": "Singapore", "lists": {"groups": [{"items": [], "count": 2, "type": "created"}]}}, {"tips": {"count": 2}, "contact": {"twitter": "nastydudez", "facebook": "693029706"}, "firstName": "Irsyad", "gender": "male", "lastName": "Khairudin", "id": "3085904", "bio": "", "photo": {"prefix": "https://igx.4sqi.net/img/user/", "suffix": "/EMWWSPAFG120KNJM.jpg"}, "homeCity": "Singapore", "lists": {"groups": [{"items": [], "count": 2, "type": "created"}]}}, {"tips": {"count": 0}, "contact": {"twitter": "irsyarudin"}, "firstName": "Irsyarudin", "gender": "male", "lastName": "Shah", "id": "3319548", "bio": "", "photo": {"prefix": "https://igx.4sqi.net/img/user/", "suffix": "/HM4GVOH45VMS1JEO.jpg"}, "homeCity": "Singapore", "lists": {"groups": [{"items": [], "count": 2, "type": "created"}]}}, {"tips": {"count": 0}, "contact": {"twitter": "mahiyrahh"}, "firstName": "Siti", "gender": "female", "lastName": "Mahiyrah", "id": "6242638", "bio": "", "photo": {"prefix": "https://igx.4sqi.net/img/user/", "suffix": "/MG52A534QLTUMYXK.jpg"}, "homeCity": "Singapore", "lists": {"groups": [{"items": [], "count": 2, "type": "created"}]}}, {"tips": {"count": 0}, "contact": {"twitter": "michellelew", "facebook": "1007271754"}, "firstName": "Michelle", "gender": "female", "lastName": "Lew", "id": "8607852", "bio": "", "photo": {"prefix": "https://igx.4sqi.net/img/user/", "suffix": "/8607852-RHOPFDQJB0SEGXRL.jpg"}, "homeCity": "Singapore", "lists": {"groups": [{"items": [], "count": 2, "type": "created"}]}}, {"tips": {"count": 0}, "contact": {"twitter": "_haaziq", "facebook": "571529173"}, "firstName": "Muhamad", "gender": "male", "lastName": "Haziq", "id": "6071133", "bio": "", "photo": {"prefix": "https://igx.4sqi.net/img/user/", "suffix": "/5TCLGJMP5ZLRG5CB.jpg"}, "homeCity": "Singapore", "lists": {"groups": [{"items": [], "count": 2, "type": "created"}]}}, {"tips": {"count": 26}, "contact": {"facebook": "644268651"}, "firstName": "Khairul", "gender": "male", "lastName": "Chuni", "id": "4661048", "bio": "", "photo": {"prefix": "https://igx.4sqi.net/img/user/", "suffix": "/VYW3MJP2ILQ3Z0PN.jpg"}, "homeCity": "Singapore", "lists": {"groups": [{"items": [], "count": 2, "type": "created"}]}}, {"tips": {"count": 0}, "contact": {"twitter": "_missyg"}, "firstName": "Nurjihan", "gender": "female", "lastName": "Mohammed Noor", "id": "5087927", "bio": "", "photo": {"prefix": "https://igx.4sqi.net/img/user/", "suffix": "/3GQ1KMSFVKDBEJWY.jpg"}, "homeCity": "Singapore", "lists": {"groups": [{"items": [], "count": 2, "type": "created"}]}}, {"tips": {"count": 1}, "contact": {"facebook": "633117183"}, "firstName": "Diana", "gender": "female", "lastName": "Husni", "id": "3196711", "bio": "", "photo": {"prefix": "https://igx.4sqi.net/img/user/", "suffix": "/TIHPGCAGDDJPZPOW.jpg"}, "homeCity": "Singapore", "lists": {"groups": [{"items": [], "count": 2, "type": "created"}]}}, {"tips": {"count": 0}, "contact": {"facebook": "100000809456216"}, "firstName": "Martin", "gender": "male", "lastName": "Mahmood", "id": "6329667", "bio": "", "photo": {"prefix": "https://igx.4sqi.net/img/user/", "suffix": "/W5UECVKR0AHKQBCK.jpg"}, "homeCity": "Singapore", "lists": {"groups": [{"items": [], "count": 2, "type": "created"}]}}, {"tips": {"count": 0}, "contact": {"twitter": "atiqa2010", "facebook": "714895034"}, "firstName": "Atiqah", "gender": "female", "lastName": "Nur", "id": "6521366", "bio": "", "photo": {"prefix": "https://igx.4sqi.net/img/user/", "suffix": "/G3ZGLYKORMKU1LEQ.jpg"}, "homeCity": "Singapore", "lists": {"groups": [{"items": [], "count": 2, "type": "created"}]}}, {"tips": {"count": 0}, "contact": {"facebook": "1612896702"}, "firstName": "Dyah", "gender": "female", "lastName": "Hanifati", "id": "10111452", "bio": "", "photo": {"prefix": "https://igx.4sqi.net/img/user/", "suffix": "/ZZH0TUN2SXTQT3BP.jpg"}, "homeCity": "Jakarta, Indonesia", "lists": {"groups": [{"items": [], "count": 2, "type": "created"}]}}, {"tips": {"count": 0}, "contact": {"twitter": "wysmystery", "facebook": "1002252020"}, "firstName": "Christabelle", "gender": "female", "lastName": "Wan Ying", "id": "6156926", "bio": "", "photo": {"prefix": "https://igx.4sqi.net/img/user/", "suffix": "/6156926-3HHETB51QYDZEAIC.jpg"}, "homeCity": "Singapore", "lists": {"groups": [{"items": [], "count": 2, "type": "created"}]}}, {"tips": {"count": 0}, "contact": {"twitter": "weloveizzati", "facebook": "736813074"}, "firstName": "Nurizzati", "gender": "female", "lastName": "Asan'ullah", "id": "7714946", "bio": "", "photo": {"prefix": "https://igx.4sqi.net/img/user/", "suffix": "/L24ZU0QRFEEJ2GX5.jpg"}, "homeCity": "Singapore", "lists": {"groups": [{"items": [], "count": 2, "type": "created"}]}}, {"tips": {"count": 0}, "contact": {"twitter": "ahyinyoo", "facebook": "563474212"}, "firstName": "Joscelyn", "gender": "female", "lastName": "Yoo", "id": "6895772", "bio": "", "photo": {"prefix": "https://igx.4sqi.net/img/user/", "suffix": "/Q3FHBIZV0NEVKIGN.jpg"}, "homeCity": "Singapore", "lists": {"groups": [{"items": [], "count": 2, "type": "created"}]}}, {"tips": {"count": 0}, "contact": {"facebook": "1039155286"}, "firstName": "Abdul", "gender": "male", "lastName": "Mu'ein", "id": "10772389", "bio": "", "photo": {"prefix": "https://igx.4sqi.net/img/user/", "suffix": "/KVGZM53QZLGH0V4Z.jpg"}, "homeCity": "Singapore", "lists": {"groups": [{"items": [], "count": 2, "type": "created"}]}}, {"tips": {"count": 10}, "contact": {"twitter": "ainitiny", "facebook": "100001749976870"}, "firstName": "Aini", "gender": "female", "lastName": "Stacy", "id": "7484758", "bio": "", "photo": {"prefix": "https://igx.4sqi.net/img/user/", "suffix": "/QXVA3HBZMTY4SPSN.jpg"}, "homeCity": "Singapore", "lists": {"groups": [{"items": [], "count": 2, "type": "created"}]}}, {"tips": {"count": 0}, "contact": {"twitter": "honeystarsz"}, "firstName": "Hanis", "gender": "female", "lastName": "Khan", "id": "8577282", "bio": "", "photo": {"prefix": "https://igx.4sqi.net/img/user/", "suffix": "/Z1C3JIONDY0CG3RL.jpg"}, "homeCity": "Singapore", "lists": {"groups": [{"items": [], "count": 2, "type": "created"}]}}, {"tips": {"count": 0}, "contact": {"facebook": "100000023140390"}, "firstName": "Didi'", "gender": "female", "lastName": "Cayang", "id": "10023107", "bio": "", "photo": {"prefix": "https://igx.4sqi.net/img/user/", "suffix": "/F1EVUQUMOIOQJYRZ.jpg"}, "homeCity": "Singapore", "lists": {"groups": [{"items": [], "count": 2, "type": "created"}]}}], "count": 126}, "checksum": "eacf74952b1f50982224aa7d3454df7f11a6decc"}, "meta": {"requestId": "5965d86d1ed21919fcb04919", "code": 200}}