{"notifications": [{"type": "notificationTray", "item": {"unreadCount": 0}}], "response": {"friends": {"items": [{"tips": {"count": 0}, "contact": {"facebook": "1229673366"}, "firstName": "Irene", "gender": "female", "lastName": "IsEuphoric", "id": "11416854", "bio": "", "photo": {"prefix": "https://igx.4sqi.net/img/user/", "suffix": "/HAHDSUVCAVOOVCFA.jpg"}, "homeCity": "Singapore", "lists": {"groups": [{"items": [], "count": 2, "type": "created"}]}}, {"tips": {"count": 3}, "contact": {"twitter": "chewyyygum"}, "firstName": "Joanna", "gender": "female", "lastName": "Chew", "id": "4869991", "bio": "", "photo": {"prefix": "https://igx.4sqi.net/img/user/", "suffix": "/QLLA0QAJW30ZD3VO.jpg"}, "homeCity": "Singapore", "lists": {"groups": [{"items": [], "count": 3, "type": "created"}]}}, {"tips": {"count": 3}, "contact": {"facebook": "752898879"}, "firstName": "Leen", "gender": "female", "lastName": "Alola", "id": "4176385", "bio": "", "photo": {"prefix": "https://igx.4sqi.net/img/user/", "suffix": "/SQPEWGRO2WEI5NOZ.jpg"}, "homeCity": "Ampang, Malaysia", "lists": {"groups": [{"items": [], "count": 2, "type": "created"}]}}, {"tips": {"count": 0}, "contact": {"twitter": "peifeng_", "facebook": "1354248933"}, "firstName": "PF", "gender": "male", "lastName": "Guo", "id": "4288847", "bio": "", "photo": {"prefix": "https://igx.4sqi.net/img/user/", "suffix": "/04IRRBGBFHD5L1AS.jpg"}, "homeCity": "Singapore", "lists": {"groups": [{"items": [], "count": 2, "type": "created"}]}}, {"tips": {"count": 1}, "contact": {"facebook": "736931809"}, "firstName": "Sabrine", "gender": "female", "lastName": "Love uue", "id": "5637077", "bio": "", "photo": {"prefix": "https://igx.4sqi.net/img/user/", "suffix": "/GMM4T1AWYANUIE1F.jpg"}, "homeCity": "Singapore", "lists": {"groups": [{"items": [], "count": 2, "type": "created"}]}}, {"tips": {"count": 0}, "contact": {"twitter": "alienlovinghost", "facebook": "822530174"}, "firstName": "Zulkarnaen", "gender": "male", "lastName": "Zainal", "id": "2460810", "bio": "", "photo": {"prefix": "https://igx.4sqi.net/img/user/", "suffix": "/U44JROI1GJGXVL2S.jpg"}, "homeCity": "Singapore", "lists": {"groups": [{"items": [], "count": 2, "type": "created"}]}}, {"tips": {"count": 29}, "contact": {"twitter": "wanlinkoh", "facebook": "664938484"}, "firstName": "Wanlin", "gender": "female", "lastName": "Koh", "id": "2493633", "bio": "", "photo": {"prefix": "https://igx.4sqi.net/img/user/", "suffix": "/NHSKK43XPBMMY51A.jpg"}, "homeCity": "Singapore", "lists": {"groups": [{"items": [], "count": 2, "type": "created"}]}}, {"tips": {"count": 0}, "contact": {}, "firstName": "Izuan", "gender": "male", "lastName": "Mohati", "id": "288373", "bio": "", "photo": {"prefix": "https://igx.4sqi.net/img/user/", "suffix": "/KXF1PPNSTRCG3PZC.jpg"}, "homeCity": "SG, Singapore", "lists": {"groups": [{"items": [], "count": 2, "type": "created"}]}}, {"tips": {"count": 9}, "contact": {"twitter": "ahronteo", "facebook": "1440187039"}, "firstName": "Aaron", "gender": "male", "lastName": "Teo", "id": "3449208", "bio": "", "photo": {"prefix": "https://igx.4sqi.net/img/user/", "suffix": "/BLREC4V0SW522GI5.jpg"}, "homeCity": "Singapore", "lists": {"groups": [{"items": [], "count": 2, "type": "created"}]}}, {"tips": {"count": 0}, "contact": {"twitter": "adamwenkai", "facebook": "574568676"}, "firstName": "Adam", "gender": "male", "lastName": "Wenkai", "id": "4793843", "bio": "", "photo": {"prefix": "https://igx.4sqi.net/img/user/", "suffix": "/VMDIUX13K5GJWVZ0.jpg"}, "homeCity": "Singapore", "lists": {"groups": [{"items": [], "count": 2, "type": "created"}]}}, {"tips": {"count": 0}, "contact": {"facebook": "901065602"}, "firstName": "Jerome", "gender": "male", "lastName": "Tan", "id": "1766425", "bio": "", "photo": {"prefix": "https://igx.4sqi.net/img/user/", "suffix": "/FSLRPMRFDR5HBR3Q.jpg"}, "homeCity": "Tampines, Singapore", "lists": {"groups": [{"items": [], "count": 2, "type": "created"}]}}, {"tips": {"count": 20}, "contact": {}, "firstName": "Jacey", "gender": "female", "lastName": "L", "id": "1841332", "bio": "", "photo": {"prefix": "https://igx.4sqi.net/img/user/", "suffix": "/BJ24EWD2XCRQJEK0.jpg"}, "homeCity": "Melbourne, Victoria", "lists": {"groups": [{"items": [], "count": 2, "type": "created"}]}}, {"tips": {"count": 7}, "contact": {"twitter": "kelvinahdai", "facebook": "10153142177792089"}, "firstName": "Kelvin", "gender": "male", "lastName": "Ratanankorn", "id": "3397177", "bio": "Loves to travel,  find new places. \u2665Food!  \u2661Music!", "photo": {"prefix": "https://igx.4sqi.net/img/user/", "suffix": "/3397177-IBV0ZDEV4KJGR2OC.jpg"}, "homeCity": "Singapore", "lists": {"groups": [{"items": [], "count": 2, "type": "created"}]}}, {"tips": {"count": 3}, "contact": {"twitter": "shaanezs", "facebook": "679739600"}, "firstName": "ShanShan", "gender": "female", "id": "4880554", "bio": "", "photo": {"prefix": "https://igx.4sqi.net/img/user/", "suffix": "/4880554-JEXLR5LPWRXPSM3M.jpg"}, "homeCity": "Singapore", "lists": {"groups": [{"items": [], "count": 2, "type": "created"}]}}, {"tips": {"count": 0}, "contact": {"facebook": "694568414"}, "firstName": "Sunny", "gender": "male", "lastName": "Ng", "id": "12241134", "bio": "", "photo": {"prefix": "https://igx.4sqi.net/img/user/", "suffix": "/RLIBCVWLLJMSHCKX.jpg"}, "homeCity": "Singapore", "lists": {"groups": [{"items": [], "count": 2, "type": "created"}]}}, {"tips": {"count": 10}, "contact": {"twitter": "hellonekoz", "facebook": "1408034327"}, "firstName": "Christina", "gender": "female", "lastName": "Adrasteia", "id": "7700731", "bio": "", "photo": {"prefix": "https://igx.4sqi.net/img/user/", "suffix": "/VNXZML0RS1UBCENF.jpg"}, "homeCity": "Singapore", "lists": {"groups": [{"items": [], "count": 2, "type": "created"}]}}, {"tips": {"count": 0}, "contact": {"twitter": "kenandz", "facebook": "1613521388"}, "firstName": "Kevin", "gender": "male", "lastName": "Nanda", "id": "7657799", "bio": "", "photo": {"prefix": "https://igx.4sqi.net/img/user/", "suffix": "/EPL41NU0QQXQ3GQ5.jpg"}, "homeCity": "Melbourne, Australia", "lists": {"groups": [{"items": [], "count": 2, "type": "created"}]}}, {"tips": {"count": 0}, "contact": {"twitter": "andreasze", "facebook": "580122122"}, "firstName": "Andrea Sze", "gender": "female", "lastName": "\u677e\u672c\u30fb\u307f\u3069\u308a", "id": "5696092", "bio": "", "photo": {"prefix": "https://igx.4sqi.net/img/user/", "suffix": "/5696092-O1DS2TJKY0RP2IY1.jpg"}, "homeCity": "Singapore", "lists": {"groups": [{"items": [], "count": 2, "type": "created"}]}}, {"tips": {"count": 1}, "contact": {"twitter": "fauzisyazwan", "facebook": "705939891"}, "firstName": "Fauzi", "gender": "male", "lastName": "Mohamad", "id": "2960382", "bio": "", "photo": {"prefix": "https://igx.4sqi.net/img/user/", "suffix": "/22XHANTUEFDPEL2B.jpg"}, "homeCity": "Singapore", "lists": {"groups": [{"items": [], "count": 2, "type": "created"}]}}, {"tips": {"count": 20}, "contact": {"facebook": "1061817410"}, "firstName": "Anthony", "gender": "male", "lastName": "G", "id": "2883811", "bio": "", "photo": {"prefix": "https://igx.4sqi.net/img/user/", "suffix": "/FPPAN3G0TDOWGR1F.jpg"}, "homeCity": "Braybrook, Victoria, Australia", "lists": {"groups": [{"items": [], "count": 3, "type": "created"}]}}, {"tips": {"count": 0}, "contact": {"facebook": "514243964"}, "firstName": "Lee Kiang", "gender": "female", "lastName": "Ng", "id": "2294355", "bio": "", "photo": {"prefix": "https://igx.4sqi.net/img/user/", "suffix": "/TZR10OVPOGNW3BHU.jpg"}, "homeCity": "Singapore", "lists": {"groups": [{"items": [], "count": 2, "type": "created"}]}}, {"tips": {"count": 0}, "contact": {"facebook": "753064399"}, "firstName": "Rex", "gender": "male", "lastName": "Lin", "id": "5362847", "bio": "", "photo": {"prefix": "https://igx.4sqi.net/img/user/", "suffix": "/DPANUIEYYP02QYF1.jpg"}, "homeCity": "Singapore", "lists": {"groups": [{"items": [], "count": 4, "type": "created"}]}}, {"tips": {"count": 2}, "contact": {"facebook": "1208017742"}, "firstName": "Wan", "gender": "female", "lastName": "Sharon", "id": "2453704", "bio": "", "photo": {"prefix": "https://igx.4sqi.net/img/user/", "suffix": "/GS3PXCOCT35THU0G.jpg"}, "homeCity": "Singapore", "lists": {"groups": [{"items": [], "count": 2, "type": "created"}]}}, {"tips": {"count": 0}, "contact": {"twitter": "kylahuang"}, "firstName": "Yuling", "gender": "female", "lastName": "Ng", "id": "3669999", "bio": "", "photo": {"prefix": "https://igx.4sqi.net/img/user/", "suffix": "/GLYDRWRFBQA04TR0.jpg"}, "homeCity": "Singapore", "lists": {"groups": [{"items": [], "count": 2, "type": "created"}]}}, {"tips": {"count": 3}, "contact": {"twitter": "tigrexyyeo", "facebook": "1203392344"}, "firstName": "David", "gender": "male", "lastName": "yeo", "id": "7931331", "bio": "", "photo": {"prefix": "https://igx.4sqi.net/img/user/", "suffix": "/GTUSI2O2U3MIHXYD.jpg"}, "homeCity": "Singapore", "lists": {"groups": [{"items": [], "count": 2, "type": "created"}]}}, {"tips": {"count": 0}, "contact": {"facebook": "754294314"}, "firstName": "Terence", "gender": "male", "lastName": "Peh", "id": "5821434", "bio": "", "photo": {"prefix": "https://igx.4sqi.net/img/user/", "suffix": "/LNSFNUGCTJ5JZ2KZ.jpg"}, "homeCity": "New York, NY", "lists": {"groups": [{"items": [], "count": 2, "type": "created"}]}}, {"tips": {"count": 37}, "contact": {"twitter": "prince_arty", "facebook": "710401189"}, "firstName": "Prince", "gender": "male", "lastName": "Arty", "id": "3751346", "bio": "", "photo": {"prefix": "https://igx.4sqi.net/img/user/", "suffix": "/3DBNUUXE41BEQCZI.jpg"}, "homeCity": "Singapore", "lists": {"groups": [{"items": [], "count": 2, "type": "created"}]}}, {"tips": {"count": 0}, "contact": {"twitter": "melchersx3", "facebook": "537781551"}, "firstName": "Melchers", "gender": "male", "lastName": "Lim", "id": "3643467", "bio": "", "photo": {"prefix": "https://igx.4sqi.net/img/user/", "suffix": "/XH4S123R05O3JRCY.jpg"}, "homeCity": "Singapore", "lists": {"groups": [{"items": [], "count": 2, "type": "created"}]}}, {"tips": {"count": 0}, "contact": {"facebook": "723789561"}, "firstName": "Daryl", "gender": "male", "lastName": "Darold Destin", "id": "3732000", "bio": "", "photo": {"prefix": "https://igx.4sqi.net/img/user/", "suffix": "/0KJNA5BHEMXCHEPF.jpg"}, "homeCity": "Singapore", "lists": {"groups": [{"items": [], "count": 2, "type": "created"}]}}, {"tips": {"count": 0}, "contact": {"facebook": "701562195"}, "firstName": "Shuning", "gender": "female", "lastName": "Yeo", "id": "8418515", "bio": "", "photo": {"prefix": "https://igx.4sqi.net/img/user/", "suffix": "/IGE1KWV2XQTDPWJL.jpg"}, "homeCity": "Singapore", "lists": {"groups": [{"items": [], "count": 2, "type": "created"}]}}, {"tips": {"count": 0}, "contact": {"twitter": "joycccelyn", "facebook": "671841887"}, "firstName": "Joycelyn", "gender": "female", "lastName": "Teo", "id": "6027219", "bio": "", "photo": {"prefix": "https://igx.4sqi.net/img/user/", "suffix": "/PX5FBWQXXG3YLSIR.jpg"}, "homeCity": "Singapore", "lists": {"groups": [{"items": [], "count": 2, "type": "created"}]}}, {"tips": {"count": 1}, "contact": {"twitter": "unknownknockout"}, "firstName": "Joanna", "gender": "female", "lastName": "Chan", "id": "4093722", "bio": "", "photo": {"prefix": "https://igx.4sqi.net/img/user/", "suffix": "/4093722-Z0OM0QYEHRAOOT0A.jpg"}, "homeCity": "Singapore", "lists": {"groups": [{"items": [], "count": 2, "type": "created"}]}}, {"tips": {"count": 1}, "contact": {"facebook": "592833259"}, "firstName": "Junyang", "gender": "male", "lastName": "Silvia", "id": "4122531", "bio": "", "photo": {"prefix": "https://igx.4sqi.net/img/user/", "suffix": "/ZVQ1T1MAM2MRX45Z.jpg"}, "homeCity": "Singapore", "lists": {"groups": [{"items": [], "count": 2, "type": "created"}]}}, {"tips": {"count": 1}, "contact": {"twitter": "thousandofwords", "facebook": "796164033"}, "firstName": "Nicolina", "gender": "female", "lastName": "Luvzxc", "id": "9006051", "bio": "", "photo": {"prefix": "https://igx.4sqi.net/img/user/", "suffix": "/9006051-NNCJJB43O5BLVLK1.jpg"}, "homeCity": "Singapore", "lists": {"groups": [{"items": [], "count": 2, "type": "created"}]}}, {"tips": {"count": 1}, "contact": {"twitter": "sherylbel", "facebook": "665899820"}, "firstName": "Sheryl", "gender": "female", "lastName": "Bella", "id": "4426542", "bio": "", "photo": {"prefix": "https://igx.4sqi.net/img/user/", "suffix": "/4426542-OKPA5IJ4H1KBF0WE.jpg"}, "homeCity": "Singapore", "lists": {"groups": [{"items": [], "count": 2, "type": "created"}]}}, {"tips": {"count": 0}, "contact": {"twitter": "siticky", "facebook": "759897576"}, "firstName": "Fadhilah", "gender": "female", "lastName": "H", "id": "9555049", "bio": "", "photo": {"prefix": "https://igx.4sqi.net/img/user/", "suffix": "/TNMSUZPVEUOJAI2A.jpg"}, "homeCity": "Singapore", "lists": {"groups": [{"items": [], "count": 2, "type": "created"}]}}, {"tips": {"count": 0}, "contact": {"twitter": "lovexxue", "facebook": "1148507931"}, "firstName": "Sour", "gender": "female", "lastName": "Shirss", "id": "5961647", "bio": "", "photo": {"prefix": "https://igx.4sqi.net/img/user/", "suffix": "/VFQMUKQOHGJPQ34P.jpg"}, "homeCity": "Singapore", "lists": {"groups": [{"items": [], "count": 2, "type": "created"}]}}, {"tips": {"count": 0}, "contact": {"facebook": "621893540"}, "firstName": "Bridget", "gender": "female", "lastName": "Wong", "id": "11487586", "bio": "", "photo": {"prefix": "https://igx.4sqi.net/img/user/", "suffix": "/GQFTAXR4QH2HXNGQ.jpg"}, "homeCity": "Australia", "lists": {"groups": [{"items": [], "count": 2, "type": "created"}]}}, {"tips": {"count": 0}, "contact": {"facebook": "547048621"}, "firstName": "Lee Jia En", "gender": "female", "lastName": "Joan", "id": "6020882", "bio": "", "photo": {"prefix": "https://igx.4sqi.net/img/user/", "suffix": "/VKKO0PBAYGPGEJSH.jpg"}, "homeCity": "Singapore", "lists": {"groups": [{"items": [], "count": 2, "type": "created"}]}}], "count": 39}, "checksum": "9d319a811d324fe903c197941db2dad928cf87fe"}, "meta": {"requestId": "5965f40b6a6071143a51e8d3", "code": 200}}