{"notifications": [{"type": "notificationTray", "item": {"unreadCount": 0}}], "response": {"friends": {"items": [{"tips": {"count": 3}, "contact": {"facebook": "690448197"}, "firstName": "Adrian", "gender": "male", "lastName": "Tan Seck Wei", "id": "48836473", "bio": "", "photo": {"prefix": "https://igx.4sqi.net/img/user/", "suffix": "/QDZHMBVEAVVRNQFI.jpg"}, "homeCity": "Singapore ", "lists": {"groups": [{"items": [], "count": 2, "type": "created"}]}}, {"tips": {"count": 4}, "contact": {"facebook": "609094063"}, "firstName": "Zit Seng", "gender": "male", "lastName": "Lai", "id": "367254", "bio": "", "photo": {"prefix": "https://igx.4sqi.net/img/user/", "suffix": "/OJMYZBF5X5WQ121R.jpg"}, "homeCity": "Singapore", "lists": {"groups": [{"items": [], "count": 2, "type": "created"}]}}, {"tips": {"count": 3}, "contact": {"facebook": "576263363"}, "firstName": "Christopher", "gender": "male", "lastName": "Sia Jiun Kae", "id": "12067007", "bio": "", "photo": {"prefix": "https://igx.4sqi.net/img/user/", "suffix": "/IIPBGBAG3CDAXWIT.jpg"}, "homeCity": "Singapore", "lists": {"groups": [{"items": [], "count": 2, "type": "created"}]}}, {"tips": {"count": 1}, "contact": {"facebook": "536925361"}, "firstName": "Janet", "gender": "female", "lastName": "Leong", "id": "6678095", "bio": "", "photo": {"prefix": "https://igx.4sqi.net/img/user/", "suffix": "/COIYEAVT2IA2X3UG.jpg"}, "homeCity": "Singapore", "lists": {"groups": [{"items": [], "count": 2, "type": "created"}]}}, {"tips": {"count": 6}, "contact": {"facebook": "683876754"}, "firstName": "Mark", "gender": "male", "lastName": "Lim", "id": "9761653", "bio": "", "photo": {"prefix": "https://igx.4sqi.net/img/user/", "suffix": "/YM3TX2VUOZW5CTTC.jpg"}, "homeCity": "Singapore", "lists": {"groups": [{"items": [], "count": 2, "type": "created"}]}}, {"tips": {"count": 0}, "contact": {"facebook": "1033773941"}, "firstName": "Chua Chuen Loy \u8521\u6625\u6765", "gender": "male", "id": "31528348", "bio": "", "photo": {"prefix": "https://igx.4sqi.net/img/user/", "suffix": "/TUWJC25YUEDVQ034.jpg"}, "homeCity": "Singapore", "lists": {"groups": [{"items": [], "count": 2, "type": "created"}]}}, {"tips": {"count": 7}, "contact": {"facebook": "615579125"}, "firstName": "Andy", "gender": "male", "lastName": "Hooi", "id": "14002462", "bio": "", "photo": {"prefix": "https://igx.4sqi.net/img/user/", "suffix": "/ZYS4TX40D1UHRJQI.jpg"}, "homeCity": "Singapore", "lists": {"groups": [{"items": [], "count": 2, "type": "created"}]}}, {"tips": {"count": 2}, "contact": {"twitter": "nenggiin", "facebook": "10154141330456155"}, "firstName": "Neng Giin", "gender": "male", "lastName": "Yap", "id": "142921", "bio": "", "photo": {"prefix": "https://igx.4sqi.net/img/user/", "suffix": "/142921_1260115237027.jpg"}, "homeCity": "Singapore", "lists": {"groups": [{"items": [], "count": 2, "type": "created"}]}}, {"tips": {"count": 0}, "contact": {}, "firstName": "TienLeok", "gender": "male", "lastName": "Ngo", "id": "2075318", "bio": "", "photo": {"prefix": "https://igx.4sqi.net/img/user/", "suffix": "/blank_boy.png", "default": true}, "homeCity": "Tampines, Singapore", "lists": {"groups": [{"items": [], "count": 2, "type": "created"}]}}, {"tips": {"count": 1}, "contact": {"facebook": "716582933"}, "firstName": "Seet", "gender": "none", "id": "32875022", "bio": "", "photo": {"prefix": "https://igx.4sqi.net/img/user/", "suffix": "/UFJBGGZXTZMAYQZK.jpg"}, "homeCity": "New York, NY", "lists": {"groups": [{"items": [], "count": 2, "type": "created"}]}}, {"tips": {"count": 116}, "contact": {"twitter": "gamerz", "facebook": "813110073"}, "firstName": "Lester", "gender": "male", "lastName": "Chan", "id": "108030", "bio": "Technology/Gadget Blogger at lesterchan.net. Head of Engineering at @techinasia. @WordPress Plugins Developer. Loves Gadgets, Movies, Music, Food.", "photo": {"prefix": "https://igx.4sqi.net/img/user/", "suffix": "/108030-AKBFBUUGH1SQ5N4L"}, "homeCity": "Singapore", "lists": {"groups": [{"items": [], "count": 10, "type": "created"}]}}, {"tips": {"count": 0}, "contact": {"facebook": "745009997"}, "firstName": "Jonathan", "gender": "male", "lastName": "Goh", "id": "54026246", "bio": "", "photo": {"prefix": "https://igx.4sqi.net/img/user/", "suffix": "/XWRGAKHZ5PYK4QFA.jpg"}, "homeCity": "Singapore", "lists": {"groups": [{"items": [], "count": 2, "type": "created"}]}}, {"tips": {"count": 0}, "contact": {"facebook": "222100040"}, "firstName": "Sharleen", "gender": "female", "lastName": "Lim", "id": "62734261", "bio": "", "photo": {"prefix": "https://igx.4sqi.net/img/user/", "suffix": "/JM13L0NMNH4N3IGD.jpg"}, "homeCity": "Singapore, Singapore", "lists": {"groups": [{"items": [], "count": 2, "type": "created"}]}}, {"tips": {"count": 5}, "contact": {"facebook": "10153406637694650"}, "firstName": "Bryan", "gender": "male", "lastName": "Lim", "id": "473553", "bio": "", "photo": {"prefix": "https://igx.4sqi.net/img/user/", "suffix": "/473553-VMT03EZHCDILHQ5Z"}, "homeCity": "Singapore", "lists": {"groups": [{"items": [], "count": 3, "type": "created"}]}}, {"tips": {"count": 1}, "contact": {"facebook": "519623864"}, "firstName": "Philip", "gender": "male", "lastName": "Lam", "id": "2454448", "bio": "", "photo": {"prefix": "https://igx.4sqi.net/img/user/", "suffix": "/IP1IAF3ZLMTEGK1G.jpg"}, "homeCity": "Singapore", "lists": {"groups": [{"items": [], "count": 2, "type": "created"}]}}, {"tips": {"count": 8}, "contact": {"twitter": "keropokman", "facebook": "574032312"}, "firstName": "Keropok", "gender": "male", "lastName": "Man", "id": "511761", "bio": "", "photo": {"prefix": "https://igx.4sqi.net/img/user/", "suffix": "/1R2GWFUUKLPNCH1W.jpg"}, "homeCity": "Singapore", "lists": {"groups": [{"items": [], "count": 2, "type": "created"}]}}, {"tips": {"count": 0}, "contact": {"facebook": "1359483311"}, "firstName": "Javier", "gender": "male", "lastName": "Tamashiro", "id": "78560898", "bio": "", "photo": {"prefix": "https://igx.4sqi.net/img/user/", "suffix": "/78560898-3GXMNHWV4D0TI4AX.jpg"}, "homeCity": "Singapore", "lists": {"groups": [{"items": [], "count": 2, "type": "created"}]}}, {"tips": {"count": 3}, "contact": {"facebook": "655667446"}, "firstName": "Lereina", "gender": "female", "lastName": "Lai", "id": "4748240", "bio": "", "photo": {"prefix": "https://igx.4sqi.net/img/user/", "suffix": "/blank_girl.png", "default": true}, "homeCity": "Singapore", "lists": {"groups": [{"items": [], "count": 2, "type": "created"}]}}, {"tips": {"count": 0}, "contact": {"facebook": "654922355"}, "firstName": "Cavin", "gender": "male", "lastName": "Wang", "id": "8811938", "bio": "", "photo": {"prefix": "https://igx.4sqi.net/img/user/", "suffix": "/blank_boy.png", "default": true}, "homeCity": "Singapore", "lists": {"groups": [{"items": [], "count": 2, "type": "created"}]}}, {"tips": {"count": 0}, "contact": {"facebook": "748704912"}, "firstName": "Albert", "gender": "male", "lastName": "Young-Koon", "id": "15313975", "bio": "", "photo": {"prefix": "https://igx.4sqi.net/img/user/", "suffix": "/FHVWD5LYO2G0G2Q3.jpg"}, "homeCity": "Singapore", "lists": {"groups": [{"items": [], "count": 2, "type": "created"}]}}], "count": 20}, "checksum": "3e28404702b64ff8c6533ac5de47dbf36726fe6e"}, "meta": {"requestId": "5966203bf594df3c3f4d5bf3", "code": 200}}