{"notifications": [{"type": "notificationTray", "item": {"unreadCount": 0}}], "response": {"friends": {"items": [{"tips": {"count": 1}, "contact": {"twitter": "bixiaaa"}, "firstName": "Kow", "gender": "female", "lastName": "Bixia", "id": "10349973", "bio": "", "photo": {"prefix": "https://igx.4sqi.net/img/user/", "suffix": "/VVQNDFTBSKGQDDJ3.jpg"}, "homeCity": "Singapore", "lists": {"groups": [{"items": [], "count": 2, "type": "created"}]}}, {"tips": {"count": 0}, "contact": {"facebook": "545673632"}, "firstName": "Tok", "gender": "male", "lastName": "Wei Jie", "id": "4546335", "bio": "", "photo": {"prefix": "https://igx.4sqi.net/img/user/", "suffix": "/INUXFYU4KZOFVXT1.jpg"}, "homeCity": "Singapore", "lists": {"groups": [{"items": [], "count": 2, "type": "created"}]}}, {"tips": {"count": 1}, "contact": {}, "firstName": "Ferdinand", "gender": "male", "lastName": "Lai", "id": "6836181", "bio": "", "photo": {"prefix": "https://igx.4sqi.net/img/user/", "suffix": "/blank_boy.png", "default": true}, "homeCity": "Singapore", "lists": {"groups": [{"items": [], "count": 2, "type": "created"}]}}, {"tips": {"count": 1}, "contact": {"twitter": "katiephanty"}, "firstName": "katie", "gender": "female", "lastName": "leow", "id": "4293123", "bio": "", "photo": {"prefix": "https://igx.4sqi.net/img/user/", "suffix": "/JVABCCLPBIKNHN1A.jpg"}, "homeCity": "Singapore", "lists": {"groups": [{"items": [], "count": 2, "type": "created"}]}}, {"tips": {"count": 0}, "contact": {"facebook": "549362477"}, "firstName": "Quek", "gender": "female", "lastName": "Si Ying", "id": "13814602", "bio": "", "photo": {"prefix": "https://igx.4sqi.net/img/user/", "suffix": "/blank_girl.png", "default": true}, "homeCity": "Singapore", "lists": {"groups": [{"items": [], "count": 2, "type": "created"}]}}, {"tips": {"count": 4}, "contact": {"twitter": "xeshnon"}, "firstName": "Duke", "gender": "male", "lastName": "Yee", "id": "2842332", "bio": "", "photo": {"prefix": "https://igx.4sqi.net/img/user/", "suffix": "/IJQZYV5M0NEJA2I5.jpg"}, "homeCity": "Singapore", "lists": {"groups": [{"items": [], "count": 2, "type": "created"}]}}, {"tips": {"count": 0}, "contact": {"facebook": "575785152"}, "firstName": "Soy B", "gender": "male", "lastName": "Tauhuay", "id": "38873037", "bio": "", "photo": {"prefix": "https://igx.4sqi.net/img/user/", "suffix": "/38873037-ONBQD5VBWIUS0HAW.jpg"}, "homeCity": "New York, NY", "lists": {"groups": [{"items": [], "count": 2, "type": "created"}]}}, {"tips": {"count": 0}, "contact": {"facebook": "806405192"}, "firstName": "Cliff", "gender": "male", "lastName": "Cheng", "id": "486599", "bio": "", "photo": {"prefix": "https://igx.4sqi.net/img/user/", "suffix": "/blank_boy.png", "default": true}, "homeCity": "Singapore", "lists": {"groups": [{"items": [], "count": 2, "type": "created"}]}}, {"tips": {"count": 0}, "contact": {"twitter": "eugeneoyj"}, "firstName": "Eugene", "gender": "male", "lastName": "Ong", "id": "1187636", "bio": "", "photo": {"prefix": "https://igx.4sqi.net/img/user/", "suffix": "/BUUNLVOJILXKEVW1.jpg"}, "homeCity": "Singapore", "lists": {"groups": [{"items": [], "count": 2, "type": "created"}]}}, {"tips": {"count": 1}, "contact": {"twitter": "ifursham", "facebook": "739889841"}, "firstName": "iFursham", "gender": "male", "id": "2594959", "bio": "", "photo": {"prefix": "https://igx.4sqi.net/img/user/", "suffix": "/J5BT41IQ0LBMXZ13.jpg"}, "homeCity": "Singapore", "lists": {"groups": [{"items": [], "count": 2, "type": "created"}]}}, {"tips": {"count": 0}, "contact": {"twitter": "ppuayying", "facebook": "779860510"}, "firstName": "Puay Ying", "gender": "female", "id": "16989316", "bio": "", "photo": {"prefix": "https://igx.4sqi.net/img/user/", "suffix": "/16989316-WPTEHJMP3O2KZRPT.jpg"}, "homeCity": "Singapore", "lists": {"groups": [{"items": [], "count": 2, "type": "created"}]}}, {"tips": {"count": 0}, "contact": {}, "firstName": "Trudy", "gender": "female", "lastName": "Lim", "id": "10352988", "bio": "Seoul is my happy land.", "photo": {"prefix": "https://igx.4sqi.net/img/user/", "suffix": "/1WBJTGKHQ11D2MLB.jpg"}, "homeCity": "Singapore", "lists": {"groups": [{"items": [], "count": 2, "type": "created"}]}}, {"tips": {"count": 0}, "contact": {"twitter": "ngansunhong", "facebook": "711650943"}, "firstName": "sun", "gender": "male", "lastName": "hong", "id": "4773778", "bio": "", "photo": {"prefix": "https://igx.4sqi.net/img/user/", "suffix": "/RPTP31LSXUH1KU0R.jpg"}, "homeCity": "Singapore", "lists": {"groups": [{"items": [], "count": 2, "type": "created"}]}}, {"tips": {"count": 0}, "contact": {}, "firstName": "Edwin", "gender": "male", "lastName": "Toh", "id": "6854817", "bio": "", "photo": {"prefix": "https://igx.4sqi.net/img/user/", "suffix": "/VAJII0COFYVBDS1Y.jpg"}, "homeCity": "Singapore", "lists": {"groups": [{"items": [], "count": 2, "type": "created"}]}}, {"tips": {"count": 0}, "contact": {"twitter": "gohshihui89", "facebook": "555346807"}, "firstName": "Shihui", "gender": "female", "lastName": "Goh", "id": "7926551", "bio": "", "photo": {"prefix": "https://igx.4sqi.net/img/user/", "suffix": "/blank_girl.png", "default": true}, "homeCity": "Singapore", "lists": {"groups": [{"items": [], "count": 2, "type": "created"}]}}, {"tips": {"count": 0}, "contact": {"twitter": "iamnotagirl", "facebook": "774040267"}, "firstName": "Karyn", "gender": "female", "lastName": "Wong", "id": "3588753", "bio": "", "photo": {"prefix": "https://igx.4sqi.net/img/user/", "suffix": "/VANOKUSFZEUVYNIL.jpg"}, "homeCity": "Singapore", "lists": {"groups": [{"items": [], "count": 2, "type": "created"}]}}, {"tips": {"count": 0}, "contact": {}, "firstName": "Chong", "gender": "male", "lastName": "En", "id": "23252197", "bio": "", "photo": {"prefix": "https://igx.4sqi.net/img/user/", "suffix": "/31R02OOXNX53ISA5.jpg"}, "homeCity": "New York, NY", "lists": {"groups": [{"items": [], "count": 2, "type": "created"}]}}, {"tips": {"count": 0}, "contact": {"twitter": "edithfoo", "facebook": "684712273"}, "firstName": "Edith", "gender": "female", "lastName": "Foo", "id": "2533652", "bio": "", "photo": {"prefix": "https://igx.4sqi.net/img/user/", "suffix": "/MJVJBEDMZZEGXNDF.jpg"}, "homeCity": "Singapore", "lists": {"groups": [{"items": [], "count": 2, "type": "created"}]}}, {"tips": {"count": 1}, "contact": {"facebook": "570969598"}, "firstName": "Jonathan", "gender": "male", "lastName": "Ong", "id": "4842947", "bio": "", "photo": {"prefix": "https://igx.4sqi.net/img/user/", "suffix": "/21WBDLX1BWIXHPUI.jpg"}, "homeCity": "Singapore", "lists": {"groups": [{"items": [], "count": 2, "type": "created"}]}}, {"tips": {"count": 0}, "contact": {}, "firstName": "Elston", "gender": "male", "lastName": "Chen", "id": "7392148", "bio": "", "photo": {"prefix": "https://igx.4sqi.net/img/user/", "suffix": "/KE20HZJ5U1KMMQFA.jpg"}, "homeCity": "Singapore", "lists": {"groups": [{"items": [], "count": 2, "type": "created"}]}}, {"tips": {"count": 0}, "contact": {"twitter": "yifangg"}, "firstName": "YIFANGG", "gender": "female", "id": "5019720", "bio": "", "photo": {"prefix": "https://igx.4sqi.net/img/user/", "suffix": "/blank_girl.png", "default": true}, "homeCity": "Singapore", "lists": {"groups": [{"items": [], "count": 2, "type": "created"}]}}, {"tips": {"count": 0}, "contact": {"twitter": "craziethel", "facebook": "763768178"}, "firstName": "Ethel", "gender": "female", "lastName": "W", "id": "3570937", "bio": "", "photo": {"prefix": "https://igx.4sqi.net/img/user/", "suffix": "/3570937-HIOE03ZA1ODJFIY3.jpg"}, "homeCity": "Singapore", "lists": {"groups": [{"items": [], "count": 2, "type": "created"}]}}, {"tips": {"count": 0}, "contact": {"twitter": "ppeifen", "facebook": "530917480"}, "firstName": "Pei Fen", "gender": "female", "lastName": "Wong", "id": "9949805", "bio": "", "photo": {"prefix": "https://igx.4sqi.net/img/user/", "suffix": "/1G0LWBSV1JKOEYBP.png"}, "homeCity": "Singapore", "lists": {"groups": [{"items": [], "count": 2, "type": "created"}]}}, {"tips": {"count": 9}, "contact": {}, "firstName": "WEIQI", "gender": "female", "lastName": "Huang", "id": "3980192", "bio": "", "photo": {"prefix": "https://igx.4sqi.net/img/user/", "suffix": "/NOCYY25RIHMVWWAM.jpg"}, "homeCity": "Singapore", "lists": {"groups": [{"items": [], "count": 2, "type": "created"}]}}, {"tips": {"count": 0}, "contact": {"facebook": "566955172"}, "firstName": "Richalynn", "gender": "female", "lastName": "Leong", "id": "10924019", "bio": "", "photo": {"prefix": "https://igx.4sqi.net/img/user/", "suffix": "/0ZDE2TF02DZ2VVXV.jpg"}, "homeCity": "Singapore", "lists": {"groups": [{"items": [], "count": 2, "type": "created"}]}}, {"tips": {"count": 1}, "contact": {"twitter": "csgjanice", "facebook": "522948946"}, "firstName": "Janice", "gender": "female", "lastName": "Chua", "id": "4000170", "bio": "", "photo": {"prefix": "https://igx.4sqi.net/img/user/", "suffix": "/GLJW5ZEV5EO35BSP.jpg"}, "homeCity": "Singapore", "lists": {"groups": [{"items": [], "count": 2, "type": "created"}]}}, {"tips": {"count": 0}, "contact": {"twitter": "eliramblings", "facebook": "644750612"}, "firstName": "Elianna", "gender": "female", "id": "10930549", "bio": "", "photo": {"prefix": "https://igx.4sqi.net/img/user/", "suffix": "/RSCCMEILO2YWZMIG.jpg"}, "homeCity": "", "lists": {"groups": [{"items": [], "count": 2, "type": "created"}]}}, {"tips": {"count": 0}, "contact": {"twitter": "ohhhjane", "facebook": "570076031"}, "firstName": "Jane", "gender": "female", "lastName": "Jane", "id": "4117819", "bio": "", "photo": {"prefix": "https://igx.4sqi.net/img/user/", "suffix": "/MQHBEKIT2QM3HUNY.jpg"}, "homeCity": "Singapore", "lists": {"groups": [{"items": [], "count": 2, "type": "created"}]}}, {"tips": {"count": 0}, "contact": {}, "firstName": "Cristabel", "gender": "female", "lastName": "Ng", "id": "5235311", "bio": "", "photo": {"prefix": "https://igx.4sqi.net/img/user/", "suffix": "/X3F5P2TVVNPXDBCG.jpg"}, "homeCity": "Singapore", "lists": {"groups": [{"items": [], "count": 2, "type": "created"}]}}, {"tips": {"count": 0}, "contact": {"twitter": "tanwenzheng", "facebook": "630091626"}, "firstName": "WenZheng", "gender": "male", "lastName": "Tan", "id": "6014082", "bio": "", "photo": {"prefix": "https://igx.4sqi.net/img/user/", "suffix": "/blank_boy.png", "default": true}, "homeCity": "Singapore", "lists": {"groups": [{"items": [], "count": 2, "type": "created"}]}}, {"tips": {"count": 6}, "contact": {}, "firstName": "junweee", "gender": "male", "id": "7307727", "bio": "", "photo": {"prefix": "https://igx.4sqi.net/img/user/", "suffix": "/TG4IBV4AAEK1A2NJ.jpg"}, "homeCity": "Singapore", "lists": {"groups": [{"items": [], "count": 9, "type": "created"}]}}, {"tips": {"count": 0}, "contact": {"twitter": "nefariouskat", "facebook": "566050959"}, "firstName": "Katherine", "gender": "female", "lastName": "Xu", "id": "15312400", "bio": "", "photo": {"prefix": "https://igx.4sqi.net/img/user/", "suffix": "/AUZV15MEZ3QC10S5.jpg"}, "homeCity": "Singapore", "lists": {"groups": [{"items": [], "count": 2, "type": "created"}]}}], "count": 32}, "checksum": "e1b56b2907e21b2e32e76d0dcd6864629122a82d"}, "meta": {"requestId": "59661b936a6071143937bfee", "code": 200}}