{"notifications": [{"type": "notificationTray", "item": {"unreadCount": 0}}], "response": {"friends": {"items": [{"tips": {"count": 0}, "contact": {}, "firstName": "Farhan", "gender": "male", "lastName": "Chuang", "id": "19727260", "bio": "", "photo": {"prefix": "https://igx.4sqi.net/img/user/", "suffix": "/CZLVSN4IKVYQC2T3.jpg"}, "homeCity": "Thu\u1eadn An, Vietnam", "lists": {"groups": [{"items": [], "count": 2, "type": "created"}]}}, {"tips": {"count": 19}, "contact": {"twitter": "xinyisaboy"}, "firstName": "Jessica", "gender": "female", "lastName": "Isaboy", "id": "2307135", "bio": "", "photo": {"prefix": "https://igx.4sqi.net/img/user/", "suffix": "/4QRCXM1TPEQG41CD.jpg"}, "homeCity": "Singapore", "lists": {"groups": [{"items": [], "count": 2, "type": "created"}]}}, {"tips": {"count": 37}, "contact": {"twitter": "yourhappylady", "facebook": "751434953"}, "firstName": "Cassie", "gender": "female", "lastName": "Fong", "id": "4834709", "bio": "", "photo": {"prefix": "https://igx.4sqi.net/img/user/", "suffix": "/1L402Q2YDQ4MHYFL.jpg"}, "homeCity": "Singapore", "lists": {"groups": [{"items": [], "count": 2, "type": "created"}]}}, {"tips": {"count": 3}, "contact": {"twitter": "cloverbel", "facebook": "1142354341"}, "firstName": "Cloverbel", "gender": "female", "id": "4529096", "bio": "", "photo": {"prefix": "https://igx.4sqi.net/img/user/", "suffix": "/VC5CKZRGCSYTWIYT.jpg"}, "homeCity": "Singapore", "lists": {"groups": [{"items": [], "count": 2, "type": "created"}]}}, {"tips": {"count": 0}, "contact": {"twitter": "raycherll"}, "firstName": "Rachel", "gender": "female", "lastName": "Caitlyn", "id": "11354583", "bio": "", "photo": {"prefix": "https://igx.4sqi.net/img/user/", "suffix": "/P4QJHU3C3ULRLPH3.jpg"}, "homeCity": "Bordeaux, France", "lists": {"groups": [{"items": [], "count": 2, "type": "created"}]}}, {"tips": {"count": 0}, "contact": {"facebook": "580756902"}, "firstName": "Chua", "gender": "male", "lastName": "Zijun", "id": "7959101", "bio": "", "photo": {"prefix": "https://igx.4sqi.net/img/user/", "suffix": "/L3ZCV05CYKMYYGO1.jpg"}, "homeCity": "Unnamed Location", "lists": {"groups": [{"items": [], "count": 2, "type": "created"}]}}, {"tips": {"count": 0}, "contact": {}, "firstName": "Adelene", "gender": "female", "lastName": "Cheng", "id": "4179213", "bio": "", "photo": {"prefix": "https://igx.4sqi.net/img/user/", "suffix": "/4179213-BLM4XEYRE14C2JZ2"}, "homeCity": "Singapore", "lists": {"groups": [{"items": [], "count": 2, "type": "created"}]}}, {"tips": {"count": 0}, "contact": {"facebook": "10153294696379290"}, "firstName": "Wenting", "gender": "female", "lastName": "Natty Ting", "id": "68119911", "bio": "", "photo": {"prefix": "https://igx.4sqi.net/img/user/", "suffix": "/68119911-V3JY13SIZJ54BQBF.jpg"}, "homeCity": "Singapore, Singapore", "lists": {"groups": [{"items": [], "count": 2, "type": "created"}]}}, {"tips": {"count": 2}, "contact": {"twitter": "trivolac", "facebook": "531050761"}, "firstName": "Brian", "gender": "male", "lastName": "Tan", "id": "5636719", "bio": "", "photo": {"prefix": "https://igx.4sqi.net/img/user/", "suffix": "/5636719-KK1GA3FGXGUU1VI3.jpg"}, "homeCity": "Singapore", "lists": {"groups": [{"items": [], "count": 2, "type": "created"}]}}, {"tips": {"count": 0}, "contact": {"facebook": "532816559"}, "firstName": "Amelia", "gender": "female", "lastName": "Ong", "id": "3584146", "bio": "", "photo": {"prefix": "https://igx.4sqi.net/img/user/", "suffix": "/WWUCVXZTZJQCFNTR.jpg"}, "homeCity": "Singapore", "lists": {"groups": [{"items": [], "count": 2, "type": "created"}]}}, {"tips": {"count": 8}, "contact": {}, "firstName": "Shirley", "gender": "female", "lastName": "Yeo", "id": "1176199", "bio": "", "photo": {"prefix": "https://igx.4sqi.net/img/user/", "suffix": "/3WKMUVITABYPDGCV.jpg"}, "homeCity": "Orchard, Singapore", "lists": {"groups": [{"items": [], "count": 11, "type": "created"}]}}, {"tips": {"count": 0}, "contact": {"twitter": "bracesboy", "facebook": "767692560"}, "firstName": "MengYong", "gender": "male", "lastName": "Bryan", "id": "1613557", "bio": "That's life. Live it. Love it. Learn from it \u2665", "photo": {"prefix": "https://igx.4sqi.net/img/user/", "suffix": "/CLARW1SQ4POUU30I.jpg"}, "homeCity": "Singapore", "lists": {"groups": [{"items": [], "count": 2, "type": "created"}]}}, {"tips": {"count": 0}, "contact": {"facebook": "517486009"}, "firstName": "Soh", "gender": "male", "lastName": "Heng", "id": "63018900", "bio": "", "photo": {"prefix": "https://igx.4sqi.net/img/user/", "suffix": "/2L25PDBL4CDUTBVZ.jpg"}, "homeCity": "Singapore", "lists": {"groups": [{"items": [], "count": 2, "type": "created"}]}}, {"tips": {"count": 3}, "contact": {}, "firstName": "Matthew", "gender": "male", "lastName": "Teo", "id": "10526470", "bio": "", "photo": {"prefix": "https://igx.4sqi.net/img/user/", "suffix": "/MIBV4KWXL45VDBYJ.jpg"}, "homeCity": "Singapore", "lists": {"groups": [{"items": [], "count": 2, "type": "created"}]}}, {"tips": {"count": 13}, "contact": {"twitter": "melicacy", "facebook": "1653040064954832"}, "firstName": "melissa", "gender": "female", "lastName": "koh", "id": "1559008", "bio": "", "photo": {"prefix": "https://igx.4sqi.net/img/user/", "suffix": "/IRQYWQIROKHWP1DG.jpg"}, "homeCity": "Singapore", "lists": {"groups": [{"items": [], "count": 2, "type": "created"}]}}, {"tips": {"count": 12}, "contact": {"twitter": "simplyshimona", "facebook": "667505460"}, "firstName": "simplyshimona", "gender": "female", "id": "828155", "bio": "Singer-Songwriter\r\nwww.shimonakee.com\r\nwww.facebook.com/shimonakee", "photo": {"prefix": "https://igx.4sqi.net/img/user/", "suffix": "/828155-GPXKNK5SMD4EKU4M.jpg"}, "homeCity": "Singapore, Singapore", "lists": {"groups": [{"items": [], "count": 8, "type": "created"}]}}, {"tips": {"count": 1}, "contact": {"twitter": "lynniekittyz", "facebook": "1082430540"}, "firstName": "Lynn", "gender": "female", "lastName": "Phua", "id": "1266649", "bio": "", "photo": {"prefix": "https://igx.4sqi.net/img/user/", "suffix": "/AUUSZNQ5S2BK5SQ1.jpg"}, "homeCity": "Singapore", "lists": {"groups": [{"items": [], "count": 2, "type": "created"}]}}, {"tips": {"count": 1}, "contact": {"twitter": "irenecwh", "facebook": "526765376"}, "firstName": "Irene", "gender": "female", "lastName": "Cwh", "id": "2667282", "bio": "", "photo": {"prefix": "https://igx.4sqi.net/img/user/", "suffix": "/XGMCJGYCDQS1TVXR.jpg"}, "homeCity": "Singapore", "lists": {"groups": [{"items": [], "count": 2, "type": "created"}]}}, {"tips": {"count": 0}, "contact": {"twitter": "charlenellee", "facebook": "639356927"}, "firstName": "Hui Shi", "gender": "female", "lastName": "Lee", "id": "2100494", "bio": "", "photo": {"prefix": "https://igx.4sqi.net/img/user/", "suffix": "/ZHVTC3IYA5DQPIIU.jpg"}, "homeCity": "Singapore", "lists": {"groups": [{"items": [], "count": 2, "type": "created"}]}}, {"tips": {"count": 0}, "contact": {"facebook": "632486908"}, "firstName": "Michelle", "gender": "female", "lastName": "Lin", "id": "30566909", "bio": "", "photo": {"prefix": "https://igx.4sqi.net/img/user/", "suffix": "/MWZ0IGTUYRGAXDO1.jpg"}, "homeCity": "New York, NY", "lists": {"groups": [{"items": [], "count": 2, "type": "created"}]}}, {"tips": {"count": 1}, "contact": {"twitter": "soccertips4u", "facebook": "100000035523540"}, "firstName": "Danny", "gender": "male", "lastName": "G", "id": "31113379", "bio": "Soccer Analyst- provide Soccer Tips, predictions, picks, Betting Strategy, on Asian handicap, Over Under 2.5, 1X2, correct score,  and Double Chance Bet.", "photo": {"prefix": "https://igx.4sqi.net/img/user/", "suffix": "/O41LJL5RDPO2XWXK.jpg"}, "homeCity": "Selangor", "lists": {"groups": [{"items": [], "count": 2, "type": "created"}]}}, {"tips": {"count": 6}, "contact": {"facebook": "100004333506365"}, "firstName": "Miyoko", "gender": "female", "lastName": "Cassandra", "id": "6195149", "bio": "", "photo": {"prefix": "https://igx.4sqi.net/img/user/", "suffix": "/NEJP0O2TCOOIUGKL.jpg"}, "homeCity": "Singapore", "lists": {"groups": [{"items": [], "count": 2, "type": "created"}]}}, {"tips": {"count": 9}, "contact": {"twitter": "hypersicafan", "facebook": "1541808124"}, "firstName": "Seth", "gender": "male", "lastName": "L.", "id": "7017630", "bio": "", "photo": {"prefix": "https://igx.4sqi.net/img/user/", "suffix": "/D4PHPXKE3O0HUEOB.jpg"}, "homeCity": "Singapore", "lists": {"groups": [{"items": [], "count": 2, "type": "created"}]}}, {"tips": {"count": 0}, "contact": {"facebook": "522818745"}, "firstName": "Fish", "gender": "female", "lastName": "Siew", "id": "26134333", "bio": "", "photo": {"prefix": "https://igx.4sqi.net/img/user/", "suffix": "/LDVLBAJ3OPNCZZ3X.jpg"}, "homeCity": "Kedah", "lists": {"groups": [{"items": [], "count": 2, "type": "created"}]}}, {"tips": {"count": 12}, "contact": {"twitter": "ed_len", "facebook": "100000713433936"}, "firstName": "Ed", "gender": "female", "lastName": "Len", "id": "11114352", "bio": "", "photo": {"prefix": "https://igx.4sqi.net/img/user/", "suffix": "/DIU4T2BFRX5C2QJZ.jpg"}, "homeCity": "Zambales, Philippines", "lists": {"groups": [{"items": [], "count": 2, "type": "created"}]}}, {"tips": {"count": 1}, "contact": {"twitter": "inezkayla", "facebook": "1334694583268203"}, "firstName": "bunnykay\u2661", "gender": "female", "id": "6002111", "bio": "", "photo": {"prefix": "https://igx.4sqi.net/img/user/", "suffix": "/6002111-KFHUTUGYWPPWGLP4.jpg"}, "homeCity": "Singapore", "lists": {"groups": [{"items": [], "count": 3, "type": "created"}]}}, {"tips": {"count": 1}, "contact": {"twitter": "cjieminn"}, "firstName": "Jiemin", "gender": "female", "lastName": "Chua", "id": "5020268", "bio": "", "photo": {"prefix": "https://igx.4sqi.net/img/user/", "suffix": "/GLGFOVDLKB1RBEEG.jpg"}, "homeCity": "Singapore", "lists": {"groups": [{"items": [], "count": 2, "type": "created"}]}}, {"tips": {"count": 0}, "contact": {"twitter": "jasminekee", "facebook": "651308746"}, "firstName": "Jasmine", "gender": "female", "lastName": "Kee", "id": "5377811", "bio": "", "photo": {"prefix": "https://igx.4sqi.net/img/user/", "suffix": "/1WG4SH2NNRDL2WDC.jpg"}, "homeCity": "Singapore", "lists": {"groups": [{"items": [], "count": 2, "type": "created"}]}}, {"tips": {"count": 0}, "contact": {"facebook": "669853370"}, "firstName": "Yong Zhi", "gender": "male", "lastName": "Tan", "id": "2516510", "bio": "", "photo": {"prefix": "https://igx.4sqi.net/img/user/", "suffix": "/P4V2P3KMSCLT0TFS.jpg"}, "homeCity": "Singapore", "lists": {"groups": [{"items": [], "count": 2, "type": "created"}]}}, {"tips": {"count": 0}, "contact": {"facebook": "2262384"}, "firstName": "David", "gender": "male", "lastName": "Tien", "id": "72094807", "bio": "", "photo": {"prefix": "https://igx.4sqi.net/img/user/", "suffix": "/72094807-MQVTYBC22AOF2BUR.jpg"}, "homeCity": "Singapore", "lists": {"groups": [{"items": [], "count": 2, "type": "created"}]}}, {"tips": {"count": 0}, "contact": {"facebook": "791173485"}, "firstName": "Hazel", "gender": "female", "lastName": "Okie Dokie", "id": "4395880", "bio": "", "photo": {"prefix": "https://igx.4sqi.net/img/user/", "suffix": "/UKOH2EF1ABTU0IES.jpg"}, "homeCity": "Singapore", "lists": {"groups": [{"items": [], "count": 2, "type": "created"}]}}, {"tips": {"count": 0}, "contact": {"twitter": "nonsensicalst"}, "firstName": "Shuting", "gender": "female", "lastName": "Zhang", "id": "2017863", "bio": "", "photo": {"prefix": "https://igx.4sqi.net/img/user/", "suffix": "/GRN1XSWVQIETMY3R.jpg"}, "homeCity": "Singapore", "lists": {"groups": [{"items": [], "count": 2, "type": "created"}]}}, {"tips": {"count": 2}, "contact": {"facebook": "558723778"}, "firstName": "Agnes Lai", "gender": "female", "id": "3395919", "bio": "", "photo": {"prefix": "https://igx.4sqi.net/img/user/", "suffix": "/PWOLTFG41ULILWCO.jpg"}, "homeCity": "Singapore", "lists": {"groups": [{"items": [], "count": 2, "type": "created"}]}}, {"tips": {"count": 1}, "contact": {"facebook": "801340502"}, "firstName": "Kathleen", "gender": "female", "lastName": "Seah", "id": "31863700", "bio": "", "photo": {"prefix": "https://igx.4sqi.net/img/user/", "suffix": "/31863700-XTSMCT0VB45VRGCA"}, "homeCity": "Singapore", "lists": {"groups": [{"items": [], "count": 6, "type": "created"}]}}, {"tips": {"count": 0}, "contact": {"twitter": "stolendreamsx"}, "firstName": "Alex", "gender": "male", "lastName": "Chua", "id": "30999908", "bio": "", "photo": {"prefix": "https://igx.4sqi.net/img/user/", "suffix": "/5DXWFB5PT5XYLBNQ.jpg"}, "homeCity": "Singapore", "lists": {"groups": [{"items": [], "count": 3, "type": "created"}]}}, {"tips": {"count": 1}, "contact": {"facebook": "10152860568201294"}, "firstName": "Nana", "gender": "female", "lastName": "Dino", "id": "7264417", "bio": "", "photo": {"prefix": "https://igx.4sqi.net/img/user/", "suffix": "/7264417-Q2AJRT2A3LUZOETS.jpg"}, "homeCity": "Singapore", "lists": {"groups": [{"items": [], "count": 2, "type": "created"}]}}, {"tips": {"count": 4}, "contact": {"facebook": "583392280"}, "firstName": "John", "gender": "male", "lastName": "Natas", "id": "12288862", "bio": "", "photo": {"prefix": "https://igx.4sqi.net/img/user/", "suffix": "/GGD4GKQJG0OE5D1O.jpg"}, "homeCity": "Singapore", "lists": {"groups": [{"items": [], "count": 2, "type": "created"}]}}, {"tips": {"count": 0}, "contact": {"facebook": "699320663"}, "firstName": "Xinjie", "gender": "male", "lastName": "Lin", "id": "7770949", "bio": "", "photo": {"prefix": "https://igx.4sqi.net/img/user/", "suffix": "/H0NHOFLXNHXYN4UO.jpg"}, "homeCity": "Singapore", "lists": {"groups": [{"items": [], "count": 2, "type": "created"}]}}, {"tips": {"count": 0}, "contact": {}, "firstName": "Zoe", "gender": "female", "lastName": "Lin", "id": "5322871", "bio": "", "photo": {"prefix": "https://igx.4sqi.net/img/user/", "suffix": "/4ROEUS0U1WRFBBOT.jpg"}, "homeCity": "Singapore", "lists": {"groups": [{"items": [], "count": 2, "type": "created"}]}}, {"tips": {"count": 0}, "contact": {"twitter": "catcatrn", "facebook": "1103479527"}, "firstName": "catherine", "gender": "female", "lastName": "nyo", "id": "8375233", "bio": "", "photo": {"prefix": "https://igx.4sqi.net/img/user/", "suffix": "/VQYUO2BOUNJANJ4D.jpg"}, "homeCity": "Singapore", "lists": {"groups": [{"items": [], "count": 2, "type": "created"}]}}, {"tips": {"count": 0}, "contact": {"twitter": "racheloww"}, "firstName": "Rachel", "gender": "female", "lastName": "Low", "id": "3632670", "bio": "", "photo": {"prefix": "https://igx.4sqi.net/img/user/", "suffix": "/O1CXVAP1YOIT4PJU.jpg"}, "homeCity": "Singapore", "lists": {"groups": [{"items": [], "count": 2, "type": "created"}]}}, {"tips": {"count": 0}, "contact": {"twitter": "shirley_liu"}, "firstName": "shirley", "gender": "female", "lastName": "liu", "id": "2643096", "bio": "", "photo": {"prefix": "https://igx.4sqi.net/img/user/", "suffix": "/11JQIQE0NFSUKGII.jpg"}, "homeCity": "Singapore", "lists": {"groups": [{"items": [], "count": 2, "type": "created"}]}}, {"tips": {"count": 2}, "contact": {"twitter": "trademark2uthai", "facebook": "745580967"}, "firstName": "Yanaphat", "gender": "male", "lastName": "Chiaosiriphatthanakun", "id": "3856577", "bio": "", "photo": {"prefix": "https://igx.4sqi.net/img/user/", "suffix": "/OOCXJMWEYCJMWUT1.jpg"}, "homeCity": "New York, NY", "lists": {"groups": [{"items": [], "count": 3, "type": "created"}]}}, {"tips": {"count": 0}, "contact": {"facebook": "639750391"}, "firstName": "Kawing", "gender": "male", "lastName": "Chau", "id": "18263786", "bio": "", "photo": {"prefix": "https://igx.4sqi.net/img/user/", "suffix": "/SEPP0UZ2EWJWTMJI.jpg"}, "homeCity": "Singapore", "lists": {"groups": [{"items": [], "count": 2, "type": "created"}]}}, {"tips": {"count": 0}, "contact": {"facebook": "713303741"}, "firstName": "Junnie", "gender": "female", "lastName": "Toh", "id": "9654675", "bio": "", "photo": {"prefix": "https://igx.4sqi.net/img/user/", "suffix": "/TO1T4ECUA33PUEGA.jpg"}, "homeCity": "Singapore", "lists": {"groups": [{"items": [], "count": 2, "type": "created"}]}}, {"tips": {"count": 0}, "contact": {"twitter": "feliciatok"}, "firstName": "Felicia", "gender": "female", "lastName": "Tok", "id": "7344917", "bio": "", "photo": {"prefix": "https://igx.4sqi.net/img/user/", "suffix": "/04KTNDQIAQJBVIGX.jpg"}, "homeCity": "Singapore", "lists": {"groups": [{"items": [], "count": 2, "type": "created"}]}}, {"tips": {"count": 22}, "contact": {"twitter": "pinkmulberry"}, "firstName": "Ewen", "gender": "female", "lastName": "Chan", "id": "3749500", "bio": "Instagram: ewenx", "photo": {"prefix": "https://igx.4sqi.net/img/user/", "suffix": "/3749500-CCUG4DHRHBWHGNJY.jpg"}, "homeCity": "Singapore", "lists": {"groups": [{"items": [], "count": 2, "type": "created"}]}}, {"tips": {"count": 0}, "contact": {"twitter": "blazingleaf", "facebook": "551227217"}, "firstName": "Justin", "gender": "male", "id": "3114331", "bio": "", "photo": {"prefix": "https://igx.4sqi.net/img/user/", "suffix": "/HMGMCFK5NHYYY2JY.jpg"}, "homeCity": "Singapore", "lists": {"groups": [{"items": [], "count": 2, "type": "created"}]}}, {"tips": {"count": 0}, "contact": {"facebook": "554812739"}, "firstName": "Ang", "gender": "male", "lastName": "Ryan", "id": "4017966", "bio": "", "photo": {"prefix": "https://igx.4sqi.net/img/user/", "suffix": "/HZFQH4YF4G43Q4E1.jpg"}, "homeCity": "New York, NY", "lists": {"groups": [{"items": [], "count": 2, "type": "created"}]}}, {"tips": {"count": 0}, "contact": {"facebook": "1535675140"}, "firstName": "Shazlin", "gender": "female", "lastName": "Shamsudin", "id": "56994864", "bio": "", "photo": {"prefix": "https://igx.4sqi.net/img/user/", "suffix": "/blank_girl.png", "default": true}, "homeCity": "Singapore", "lists": {"groups": [{"items": [], "count": 2, "type": "created"}]}}, {"tips": {"count": 0}, "contact": {"facebook": "765885361"}, "firstName": "Tazzy", "gender": "male", "lastName": "Vil", "id": "9886102", "bio": "", "photo": {"prefix": "https://igx.4sqi.net/img/user/", "suffix": "/YFZ3ZOTGZDSBOYHO.jpg"}, "homeCity": "Singapore", "lists": {"groups": [{"items": [], "count": 2, "type": "created"}]}}, {"tips": {"count": 0}, "contact": {}, "firstName": "Priscilla", "gender": "female", "lastName": "Lim", "id": "10452555", "bio": "", "photo": {"prefix": "https://igx.4sqi.net/img/user/", "suffix": "/OK5TGC4E2TAOLGHO.jpg"}, "homeCity": "Singapore", "lists": {"groups": [{"items": [], "count": 2, "type": "created"}]}}, {"tips": {"count": 0}, "contact": {"twitter": "bigpetmax", "facebook": "507019729"}, "firstName": "petrina", "gender": "female", "id": "3228541", "bio": "", "photo": {"prefix": "https://igx.4sqi.net/img/user/", "suffix": "/WLURV20FIAHC1HPI.jpg"}, "homeCity": "", "lists": {"groups": [{"items": [], "count": 2, "type": "created"}]}}, {"tips": {"count": 0}, "contact": {"facebook": "665927620"}, "firstName": "Ho", "gender": "male", "lastName": "Godfrey", "id": "4691152", "bio": "", "photo": {"prefix": "https://igx.4sqi.net/img/user/", "suffix": "/3B22R0LR4YKR4GUD.jpg"}, "homeCity": "Singapore", "lists": {"groups": [{"items": [], "count": 2, "type": "created"}]}}, {"tips": {"count": 2}, "contact": {"facebook": "749056467"}, "firstName": "Alan", "gender": "male", "lastName": "Brent", "id": "3422065", "bio": "", "photo": {"prefix": "https://igx.4sqi.net/img/user/", "suffix": "/DMHHMNHVNEA1J3JV.jpg"}, "homeCity": "Singapore", "lists": {"groups": [{"items": [], "count": 2, "type": "created"}]}}, {"tips": {"count": 0}, "contact": {"facebook": "533097884"}, "firstName": "Missy", "gender": "female", "lastName": "Teo", "id": "5288865", "bio": "", "photo": {"prefix": "https://igx.4sqi.net/img/user/", "suffix": "/GFIFLBUON5FKYBPT.jpg"}, "homeCity": "Singapore", "lists": {"groups": [{"items": [], "count": 2, "type": "created"}]}}, {"tips": {"count": 2}, "contact": {"facebook": "667979715"}, "firstName": "Siow", "gender": "male", "lastName": "Jun Yao", "id": "3640440", "bio": "", "photo": {"prefix": "https://igx.4sqi.net/img/user/", "suffix": "/DUN01FGDHZUO2WBZ.jpg"}, "homeCity": "Singapore", "lists": {"groups": [{"items": [], "count": 2, "type": "created"}]}}, {"tips": {"count": 0}, "contact": {"facebook": "901790023"}, "firstName": "Lee", "gender": "male", "lastName": "Jing han", "id": "5304631", "bio": "", "photo": {"prefix": "https://igx.4sqi.net/img/user/", "suffix": "/GM1QNIJPSMO1LYYT.jpg"}, "homeCity": "Singapore", "lists": {"groups": [{"items": [], "count": 2, "type": "created"}]}}, {"tips": {"count": 1}, "contact": {"twitter": "linmeiyu", "facebook": "653301057"}, "firstName": "Meiyu", "gender": "female", "lastName": "Lin", "id": "4110621", "bio": "", "photo": {"prefix": "https://igx.4sqi.net/img/user/", "suffix": "/EH5TCQG4OLD10NK0.jpg"}, "homeCity": "Singapore", "lists": {"groups": [{"items": [], "count": 2, "type": "created"}]}}, {"tips": {"count": 1}, "contact": {"facebook": "523923480"}, "firstName": "Nana", "gender": "female", "lastName": "Lee", "id": "5309389", "bio": "", "photo": {"prefix": "https://igx.4sqi.net/img/user/", "suffix": "/F1CNTMC425BVXKSI.jpg"}, "homeCity": "Blk 244 Kim Keat Link Toa Payoh", "lists": {"groups": [{"items": [], "count": 2, "type": "created"}]}}, {"tips": {"count": 0}, "contact": {"twitter": "itweetthisforu", "facebook": "749093720"}, "firstName": "Keith", "gender": "male", "lastName": "Chia", "id": "5004969", "bio": "", "photo": {"prefix": "https://igx.4sqi.net/img/user/", "suffix": "/blank_boy.png", "default": true}, "homeCity": "Singapore", "lists": {"groups": [{"items": [], "count": 2, "type": "created"}]}}, {"tips": {"count": 2}, "contact": {"twitter": "ehreal", "facebook": "1080971691"}, "firstName": "Ariel", "gender": "female", "lastName": "Canvas", "id": "6043120", "bio": "", "photo": {"prefix": "https://igx.4sqi.net/img/user/", "suffix": "/BUJLDS3ZSKHYFBLE.jpg"}, "homeCity": "Singapore", "lists": {"groups": [{"items": [], "count": 2, "type": "created"}]}}, {"tips": {"count": 0}, "contact": {"twitter": "geraldtay90", "facebook": "1267720526"}, "firstName": "Gerald", "gender": "male", "lastName": "Tay", "id": "5007668", "bio": "", "photo": {"prefix": "https://igx.4sqi.net/img/user/", "suffix": "/KFYU5OUHJFTC2ELR.jpg"}, "homeCity": "Singapore", "lists": {"groups": [{"items": [], "count": 2, "type": "created"}]}}, {"tips": {"count": 0}, "contact": {"twitter": "thisaintmee", "facebook": "1149745683"}, "firstName": "Eugene", "gender": "male", "lastName": "Lim", "id": "6542280", "bio": "", "photo": {"prefix": "https://igx.4sqi.net/img/user/", "suffix": "/5JB4OGM2WUUZJO1G.jpg"}, "homeCity": "Singapore", "lists": {"groups": [{"items": [], "count": 2, "type": "created"}]}}, {"tips": {"count": 0}, "contact": {"twitter": "teoliting", "facebook": "841197575"}, "firstName": "Liting", "gender": "female", "lastName": "Teo", "id": "5262735", "bio": "", "photo": {"prefix": "https://igx.4sqi.net/img/user/", "suffix": "/IOFAKMPWFKKAKRVI.jpg"}, "homeCity": "Singapore", "lists": {"groups": [{"items": [], "count": 2, "type": "created"}]}}, {"tips": {"count": 2}, "contact": {"twitter": "flyhighchance", "facebook": "678053809"}, "firstName": "Chance", "gender": "male", "lastName": "Chong", "id": "5746768", "bio": "", "photo": {"prefix": "https://igx.4sqi.net/img/user/", "suffix": "/M14SJXNDO5SPSNN5.jpg"}, "homeCity": "Singapore", "lists": {"groups": [{"items": [], "count": 2, "type": "created"}]}}, {"tips": {"count": 2}, "contact": {"twitter": "hafilahmohd", "facebook": "669341111"}, "firstName": "Hafilah", "gender": "female", "lastName": "Mohamed", "id": "6123288", "bio": "", "photo": {"prefix": "https://igx.4sqi.net/img/user/", "suffix": "/PV5BNIYYYFHYFGFP.jpg"}, "homeCity": "Singapore", "lists": {"groups": [{"items": [], "count": 2, "type": "created"}]}}], "count": 67}, "checksum": "1be9559f1fe2550c0324edcac08ce62654728368"}, "meta": {"requestId": "5965ead29fb6b77b7794f610", "code": 200}}