{"notifications": [{"type": "notificationTray", "item": {"unreadCount": 0}}], "meta": {"requestId": "5966d71d4c1f6757514ee4c5", "code": 200}, "response": {"friends": {"count": 16, "items": [{"id": "10085362", "photo": {"prefix": "https://igx.4sqi.net/img/user/", "default": true, "suffix": "/blank_boy.png"}, "homeCity": "Singapore", "contact": {"facebook": "100000918445193"}, "firstName": "Kieron", "tips": {"count": 0}, "gender": "male", "lastName": "Tan", "lists": {"groups": [{"count": 2, "type": "created", "items": []}]}, "bio": ""}, {"id": "57967822", "photo": {"prefix": "https://igx.4sqi.net/img/user/", "suffix": "/CRAP1CJEEEIEMAXM.jpg"}, "homeCity": "Los Angeles, CA", "contact": {}, "firstName": "Lina", "tips": {"count": 32}, "gender": "female", "lastName": "L.", "lists": {"groups": [{"count": 2, "type": "created", "items": []}]}, "bio": "wanderlust traveler."}, {"id": "42549217", "photo": {"prefix": "https://igx.4sqi.net/img/user/", "suffix": "/MRZEXAKGBGKTPY0T.jpg"}, "homeCity": "Hong Kong ", "contact": {"facebook": "779943205"}, "firstName": "Jeno", "tips": {"count": 1}, "gender": "male", "lastName": "Loo", "lists": {"groups": [{"count": 3, "type": "created", "items": []}]}, "bio": ""}, {"id": "5191529", "photo": {"prefix": "https://igx.4sqi.net/img/user/", "suffix": "/PIFVMMY0GVOD5KRM.jpg"}, "homeCity": "Singapore", "contact": {"facebook": "568578146"}, "firstName": "Loon", "tips": {"count": 0}, "gender": "male", "lists": {"groups": [{"count": 2, "type": "created", "items": []}]}, "bio": ""}, {"id": "2567568", "photo": {"prefix": "https://igx.4sqi.net/img/user/", "suffix": "/3GDTMU4C2PDNBZ2T.jpg"}, "homeCity": "Singapore", "contact": {"facebook": "608976952"}, "firstName": "Damien", "tips": {"count": 2}, "gender": "male", "lastName": "Thomasz", "lists": {"groups": [{"count": 3, "type": "created", "items": []}]}, "bio": ""}, {"id": "468899", "photo": {"prefix": "https://igx.4sqi.net/img/user/", "suffix": "/LWG5KRUAY3KZIZW3.jpg"}, "homeCity": "Singapore", "contact": {"facebook": "663557746"}, "firstName": "Thomas", "tips": {"count": 3}, "gender": "male", "lastName": "Sim", "lists": {"groups": [{"count": 3, "type": "created", "items": []}]}, "bio": ""}, {"id": "85518877", "photo": {"prefix": "https://igx.4sqi.net/img/user/", "suffix": "/85518877-II0EK0HMK1Q0M1PE.jpg"}, "homeCity": "Puchong Batu Dua Belas, SGR", "contact": {"facebook": "696538201"}, "firstName": "Bonaventure", "tips": {"count": 1}, "gender": "male", "lastName": "Wong", "lists": {"groups": [{"count": 2, "type": "created", "items": []}]}, "bio": ""}, {"id": "3145001", "photo": {"prefix": "https://igx.4sqi.net/img/user/", "suffix": "/QUUCWCQTOCQZ3MYR.jpg"}, "homeCity": "Helsinki ", "contact": {}, "firstName": "C", "tips": {"count": 22}, "gender": "male", "lastName": "Chan", "lists": {"groups": [{"count": 2, "type": "created", "items": []}]}, "bio": ""}, {"id": "16793640", "photo": {"prefix": "https://igx.4sqi.net/img/user/", "suffix": "/02ZWEVAWEO1V0X5X.jpg"}, "homeCity": "Singapore", "contact": {}, "firstName": "Loon", "tips": {"count": 0}, "gender": "male", "lastName": "Nicholas", "lists": {"groups": [{"count": 2, "type": "created", "items": []}]}, "bio": ""}, {"id": "10332680", "photo": {"prefix": "https://igx.4sqi.net/img/user/", "suffix": "/V5NG3MYIGNFQLET0.jpg"}, "homeCity": "\u4e0a\u6d77\u5e02, \u4e2d\u56fd", "contact": {}, "firstName": "Wang", "tips": {"count": 0}, "gender": "female", "lastName": "Judy", "lists": {"groups": [{"count": 2, "type": "created", "items": []}]}, "bio": ""}, {"id": "2895533", "photo": {"prefix": "https://igx.4sqi.net/img/user/", "suffix": "/PPZP22G4V4SCAKY0.jpg"}, "homeCity": "Singapore", "contact": {}, "firstName": "Conrad C", "tips": {"count": 16}, "gender": "male", "lists": {"groups": [{"count": 2, "type": "created", "items": []}]}, "bio": ""}, {"id": "89173489", "photo": {"prefix": "https://igx.4sqi.net/img/user/", "suffix": "/89173489-NL3EEQDGT0F2DQVS.jpg"}, "homeCity": "Singapore", "contact": {"facebook": "638762290"}, "firstName": "Martin", "tips": {"count": 0}, "gender": "male", "lastName": "Lim", "lists": {"groups": [{"count": 2, "type": "created", "items": []}]}, "bio": ""}, {"id": "6018012", "photo": {"prefix": "https://igx.4sqi.net/img/user/", "suffix": "/3UIU1MGRO45HP3SM.jpg"}, "homeCity": "Singapore", "contact": {"facebook": "661938026"}, "firstName": "Sze-Yern", "tips": {"count": 0}, "gender": "female", "lastName": "Toh", "lists": {"groups": [{"count": 2, "type": "created", "items": []}]}, "bio": ""}, {"id": "10332712", "photo": {"prefix": "https://igx.4sqi.net/img/user/", "suffix": "/4TIE1VYF4KC12GIR.jpg"}, "homeCity": "\u4e0a\u6d77\u5e02, \u4e2d\u56fd", "contact": {}, "firstName": "Tang", "tips": {"count": 0}, "gender": "female", "lastName": "Li", "lists": {"groups": [{"count": 2, "type": "created", "items": []}]}, "bio": ""}, {"id": "53945268", "photo": {"prefix": "https://igx.4sqi.net/img/user/", "suffix": "/10PI0P0OEZ0AMAE5.jpg"}, "homeCity": "Singapore", "contact": {"facebook": "617361630"}, "firstName": "Trevor", "tips": {"count": 0}, "gender": "male", "lastName": "Teo", "lists": {"groups": [{"count": 2, "type": "created", "items": []}]}, "bio": ""}, {"id": "10332980", "photo": {"prefix": "https://igx.4sqi.net/img/user/", "suffix": "/V3UD25DHS24NNWAG.jpg"}, "homeCity": "\u4e0a\u6d77\u5e02, \u4e2d\u56fd", "contact": {}, "firstName": "Vicky", "tips": {"count": 0}, "gender": "female", "lastName": "Li", "lists": {"groups": [{"count": 2, "type": "created", "items": []}]}, "bio": ""}]}, "checksum": "d484a635153c3a1a22d26248e36ea69ab2b47607"}}