{"notifications": [{"type": "notificationTray", "item": {"unreadCount": 0}}], "response": {"friends": {"items": [{"tips": {"count": 0}, "contact": {"twitter": "feastonfats", "facebook": "751597989"}, "firstName": "Phoebe", "gender": "female", "lastName": "Khoo", "id": "4313038", "bio": "", "photo": {"prefix": "https://igx.4sqi.net/img/user/", "suffix": "/DSLXDWBSSCZYNLPS.jpg"}, "homeCity": "Singapore", "lists": {"groups": [{"items": [], "count": 2, "type": "created"}]}}, {"tips": {"count": 0}, "contact": {}, "firstName": "Rachel", "gender": "female", "lastName": "Kissmyass Ng", "id": "7229982", "bio": "", "photo": {"prefix": "https://igx.4sqi.net/img/user/", "suffix": "/2LJ21YTZMXQSCF5T.jpg"}, "homeCity": "Singapore", "lists": {"groups": [{"items": [], "count": 2, "type": "created"}]}}, {"tips": {"count": 0}, "contact": {}, "firstName": "Jasmine", "gender": "female", "lastName": "Yeoh", "id": "10714677", "bio": "Hello! :>", "photo": {"prefix": "https://igx.4sqi.net/img/user/", "suffix": "/VG5ULQ1Z40ZBWQTD.jpg"}, "homeCity": "Singapore", "lists": {"groups": [{"items": [], "count": 2, "type": "created"}]}}, {"tips": {"count": 0}, "contact": {"twitter": "brandedcolony"}, "firstName": "Johanna", "gender": "female", "lastName": "Chia", "id": "11421904", "bio": "", "photo": {"prefix": "https://igx.4sqi.net/img/user/", "suffix": "/ZPSBWZDH1XTVBGGS.jpg"}, "homeCity": "Singapore", "lists": {"groups": [{"items": [], "count": 2, "type": "created"}]}}, {"tips": {"count": 3}, "contact": {"twitter": "kaizertan", "facebook": "1030383495"}, "firstName": "Kaizer", "gender": "male", "lastName": "Tan", "id": "4666959", "bio": "", "photo": {"prefix": "https://igx.4sqi.net/img/user/", "suffix": "/XQ0BQHZRWJWOAJHI.jpg"}, "homeCity": "Singapore", "lists": {"groups": [{"items": [], "count": 2, "type": "created"}]}}, {"tips": {"count": 0}, "contact": {}, "firstName": "weii", "gender": "female", "lastName": "love him", "id": "5625025", "bio": "", "photo": {"prefix": "https://igx.4sqi.net/img/user/", "suffix": "/LP2GBFUVZGWL2VWE.jpg"}, "homeCity": "Singapore", "lists": {"groups": [{"items": [], "count": 2, "type": "created"}]}}, {"tips": {"count": 0}, "contact": {"facebook": "683512868"}, "firstName": "Aldi", "gender": "male", "lastName": "Moomimalley", "id": "5461456", "bio": "", "photo": {"prefix": "https://igx.4sqi.net/img/user/", "suffix": "/V1HNAY30XIOQI1YH.jpg"}, "homeCity": "Singapore", "lists": {"groups": [{"items": [], "count": 2, "type": "created"}]}}, {"tips": {"count": 2}, "contact": {"twitter": "niikulous", "facebook": "550349495"}, "firstName": "Niikulous", "gender": "male", "lastName": "Leong", "id": "2193693", "bio": "", "photo": {"prefix": "https://igx.4sqi.net/img/user/", "suffix": "/UENOKXPJCILQLNKI.jpg"}, "homeCity": "Singapore", "lists": {"groups": [{"items": [], "count": 2, "type": "created"}]}}, {"tips": {"count": 4}, "contact": {"twitter": "duaneho", "facebook": "656719550"}, "firstName": "Duane", "gender": "male", "lastName": "Ho", "id": "4241103", "bio": "", "photo": {"prefix": "https://igx.4sqi.net/img/user/", "suffix": "/GW4QOOKG2TNA0LFS.jpg"}, "homeCity": "Singapore", "lists": {"groups": [{"items": [], "count": 2, "type": "created"}]}}, {"tips": {"count": 0}, "contact": {"twitter": "annalim_", "facebook": "632393520"}, "firstName": "Anna", "gender": "female", "lastName": "Lim", "id": "2558401", "bio": "", "photo": {"prefix": "https://igx.4sqi.net/img/user/", "suffix": "/2558401-51K5BVBE413Y1LYQ.jpg"}, "homeCity": "Singapore", "lists": {"groups": [{"items": [], "count": 2, "type": "created"}]}}, {"tips": {"count": 1}, "contact": {"twitter": "pppriz"}, "firstName": "Priscillia", "gender": "female", "lastName": "Chun", "id": "5027816", "bio": "", "photo": {"prefix": "https://igx.4sqi.net/img/user/", "suffix": "/KSFYTIMDDUDXXD2S.jpg"}, "homeCity": "Singapore", "lists": {"groups": [{"items": [], "count": 2, "type": "created"}]}}, {"tips": {"count": 1}, "contact": {"twitter": "farezjuraimi"}, "firstName": "Farez", "gender": "male", "lastName": "Juraimi", "id": "4681717", "bio": "", "photo": {"prefix": "https://igx.4sqi.net/img/user/", "suffix": "/W2YGMU5AFS5QSBBM.jpg"}, "homeCity": "Singapore", "lists": {"groups": [{"items": [], "count": 2, "type": "created"}]}}, {"tips": {"count": 0}, "contact": {"twitter": "killthoverdrive"}, "firstName": "Jessica", "gender": "female", "lastName": "Tan", "id": "491688", "bio": "", "photo": {"prefix": "https://igx.4sqi.net/img/user/", "suffix": "/TR5HWIZYV4TDRGUV.jpg"}, "homeCity": "Atherton, California", "lists": {"groups": [{"items": [], "count": 2, "type": "created"}]}}, {"tips": {"count": 0}, "contact": {"twitter": "ssaylxve", "facebook": "644615000"}, "firstName": "Rachel", "gender": "female", "lastName": "Goo", "id": "4396224", "bio": "", "photo": {"prefix": "https://igx.4sqi.net/img/user/", "suffix": "/WQCC0IVZCY0N0XQG.jpg"}, "homeCity": "Singapore", "lists": {"groups": [{"items": [], "count": 2, "type": "created"}]}}, {"tips": {"count": 0}, "contact": {"twitter": "doldrumdays", "facebook": "650952988"}, "firstName": "Amanda", "gender": "female", "lastName": "Tan", "id": "1024595", "bio": "", "photo": {"prefix": "https://igx.4sqi.net/img/user/", "suffix": "/DH1FJ52KPJZ5Q5YU.png"}, "homeCity": "Shanghai", "lists": {"groups": [{"items": [], "count": 3, "type": "created"}]}}, {"tips": {"count": 5}, "contact": {}, "firstName": "Bjorn Teo", "gender": "male", "lastName": "\u30d3\u30e7\u30f3", "id": "32201563", "bio": "", "photo": {"prefix": "https://igx.4sqi.net/img/user/", "suffix": "/YPSLH30ISVWFLXDX.jpg"}, "homeCity": "Singapore", "lists": {"groups": [{"items": [], "count": 7, "type": "created"}]}}, {"tips": {"count": 0}, "contact": {"twitter": "caicaiyannie", "facebook": "640372918"}, "firstName": "Caiyan", "gender": "female", "lastName": "Cai", "id": "1372272", "bio": "", "photo": {"prefix": "https://igx.4sqi.net/img/user/", "suffix": "/RSK4CO2SDI2OQUJS.jpg"}, "homeCity": "Singapore", "lists": {"groups": [{"items": [], "count": 2, "type": "created"}]}}, {"tips": {"count": 2}, "contact": {"twitter": "huilingkong", "facebook": "741068982"}, "firstName": "Huiling", "gender": "female", "lastName": "K", "id": "4367288", "bio": "", "photo": {"prefix": "https://igx.4sqi.net/img/user/", "suffix": "/KQCYI2TZFE2PBYAJ.jpg"}, "homeCity": "Singapore", "lists": {"groups": [{"items": [], "count": 2, "type": "created"}]}}, {"tips": {"count": 0}, "contact": {"twitter": "kyongjie", "facebook": "676207508"}, "firstName": "Brendon", "gender": "male", "lastName": "Dearly", "id": "25582883", "bio": "", "photo": {"prefix": "https://igx.4sqi.net/img/user/", "suffix": "/0Y0A1WBUF4TJ515K.jpg"}, "homeCity": "New York, NY", "lists": {"groups": [{"items": [], "count": 2, "type": "created"}]}}, {"tips": {"count": 0}, "contact": {"facebook": "1538780600"}, "firstName": "Fiona", "gender": "female", "lastName": "Pang", "id": "17460629", "bio": "", "photo": {"prefix": "https://igx.4sqi.net/img/user/", "suffix": "/POSOETP20SAUMDM3.jpg"}, "homeCity": "Washington DC", "lists": {"groups": [{"items": [], "count": 2, "type": "created"}]}}, {"tips": {"count": 0}, "contact": {"twitter": "karenliew", "facebook": "10154510721177977"}, "firstName": "Karen", "gender": "female", "lastName": "Liew", "id": "19392436", "bio": "", "photo": {"prefix": "https://igx.4sqi.net/img/user/", "suffix": "/2XNAWTU1PX5TAJQX.jpg"}, "homeCity": "Singapore", "lists": {"groups": [{"items": [], "count": 2, "type": "created"}]}}, {"tips": {"count": 0}, "contact": {"twitter": "kukumelon", "facebook": "535639138"}, "firstName": "liling", "gender": "female", "lastName": "tan", "id": "5467160", "bio": "", "photo": {"prefix": "https://igx.4sqi.net/img/user/", "suffix": "/5467160-KWQBE4U34SWAFFAN.jpg"}, "homeCity": "Singapore", "lists": {"groups": [{"items": [], "count": 2, "type": "created"}]}}, {"tips": {"count": 17}, "contact": {"twitter": "photognorman", "facebook": "1652142076"}, "firstName": "Norman", "gender": "male", "lastName": "Leibovitz", "id": "2343430", "bio": "Travel junkie. On the search for the best cappuccino.", "photo": {"prefix": "https://igx.4sqi.net/img/user/", "suffix": "/FFG1TFZ0KXTL4SRY.jpg"}, "homeCity": "Singapore", "lists": {"groups": [{"items": [], "count": 4, "type": "created"}]}}, {"tips": {"count": 0}, "contact": {"twitter": "humantorchrox", "facebook": "760913103"}, "firstName": "Lee", "gender": "male", "lastName": "Eugene", "id": "2936704", "bio": "", "photo": {"prefix": "https://igx.4sqi.net/img/user/", "suffix": "/JC1TESXSAGJAER5A.jpg"}, "homeCity": "Singapore", "lists": {"groups": [{"items": [], "count": 2, "type": "created"}]}}, {"tips": {"count": 0}, "contact": {"twitter": "deeenester", "facebook": "10155038036703411"}, "firstName": "Chen Pin", "gender": "male", "id": "6592031", "bio": "", "photo": {"prefix": "https://igx.4sqi.net/img/user/", "suffix": "/Q0BFKBBBTMOIAK30.jpg"}, "homeCity": "Singapore", "lists": {"groups": [{"items": [], "count": 2, "type": "created"}]}}, {"tips": {"count": 0}, "contact": {"twitter": "_donalduck", "facebook": "1312977484"}, "firstName": "Stephanie", "gender": "female", "lastName": "Park", "id": "10192612", "bio": "", "photo": {"prefix": "https://igx.4sqi.net/img/user/", "suffix": "/K2P0XM01NTWNY2XW.jpg"}, "homeCity": "Singapore", "lists": {"groups": [{"items": [], "count": 2, "type": "created"}]}}, {"tips": {"count": 3}, "contact": {"twitter": "wolfykun", "facebook": "1486974007"}, "firstName": "Leonard", "gender": "male", "lastName": "Chan", "id": "4706101", "bio": "", "photo": {"prefix": "https://igx.4sqi.net/img/user/", "suffix": "/P1RI32ZOMJEBV54K.jpg"}, "homeCity": "Singapore", "lists": {"groups": [{"items": [], "count": 2, "type": "created"}]}}, {"tips": {"count": 0}, "contact": {"twitter": "ruvfoolery"}, "firstName": "Elaine", "gender": "female", "lastName": "Teo", "id": "7572003", "bio": "", "photo": {"prefix": "https://igx.4sqi.net/img/user/", "suffix": "/RXZR20H1Q4HWRB34.jpg"}, "homeCity": "Singapore", "lists": {"groups": [{"items": [], "count": 2, "type": "created"}]}}, {"tips": {"count": 1}, "contact": {"twitter": "zakeethejetski", "facebook": "1103346246"}, "firstName": "Zakee", "gender": "male", "lastName": "Tobacky", "id": "1180289", "bio": "", "photo": {"prefix": "https://igx.4sqi.net/img/user/", "suffix": "/OOJUPXLNHFO1UVO4.jpg"}, "homeCity": "Pasir Ris, Singapore", "lists": {"groups": [{"items": [], "count": 2, "type": "created"}]}}, {"tips": {"count": 0}, "contact": {"facebook": "684337735"}, "firstName": "Dew", "gender": "female", "lastName": "Corina", "id": "2323268", "bio": "", "photo": {"prefix": "https://igx.4sqi.net/img/user/", "suffix": "/4U0D1UXCW4DBFFQA.jpg"}, "homeCity": "Singapore", "lists": {"groups": [{"items": [], "count": 2, "type": "created"}]}}, {"tips": {"count": 4}, "contact": {"twitter": "lasergopewpew", "facebook": "827927499"}, "firstName": "Johnathan", "gender": "male", "lastName": "Loh", "id": "5204012", "bio": "", "photo": {"prefix": "https://igx.4sqi.net/img/user/", "suffix": "/PGVQIYKC5B4JFC4G.jpg"}, "homeCity": "Singapore", "lists": {"groups": [{"items": [], "count": 2, "type": "created"}]}}, {"tips": {"count": 2}, "contact": {"twitter": "ifallengel", "facebook": "100002576081849"}, "firstName": "Shinki", "gender": "female", "lastName": "Cheonsa", "id": "27279165", "bio": "", "photo": {"prefix": "https://igx.4sqi.net/img/user/", "suffix": "/11KKNE4FNJKG4MWA.jpg"}, "homeCity": "singapore", "lists": {"groups": [{"items": [], "count": 2, "type": "created"}]}}, {"tips": {"count": 0}, "contact": {"twitter": "noelsebastian"}, "firstName": "Noel", "gender": "male", "lastName": "Sebastian", "id": "5578582", "bio": "", "photo": {"prefix": "https://igx.4sqi.net/img/user/", "suffix": "/SRCYDGROPAGI4NOJ.jpg"}, "homeCity": "Singapore", "lists": {"groups": [{"items": [], "count": 2, "type": "created"}]}}, {"tips": {"count": 0}, "contact": {"facebook": "652664889"}, "firstName": "Sally", "gender": "female", "lastName": "Tan", "id": "4898698", "bio": "", "photo": {"prefix": "https://igx.4sqi.net/img/user/", "suffix": "/blank_girl.png", "default": true}, "homeCity": "Singapore", "lists": {"groups": [{"items": [], "count": 2, "type": "created"}]}}, {"tips": {"count": 2}, "contact": {}, "firstName": "Mavis", "gender": "female", "lastName": "Tan", "id": "3630903", "bio": "", "photo": {"prefix": "https://igx.4sqi.net/img/user/", "suffix": "/NTXOISLL5KAZELSD.jpg"}, "homeCity": "Penang, Malaysia", "lists": {"groups": [{"items": [], "count": 2, "type": "created"}]}}, {"tips": {"count": 2}, "contact": {"twitter": "gracegraceee", "facebook": "650682152"}, "firstName": "Grace", "gender": "female", "id": "9597217", "bio": "", "photo": {"prefix": "https://igx.4sqi.net/img/user/", "suffix": "/1KWVBKUNPTPFDPQM.jpg"}, "homeCity": "Singapore", "lists": {"groups": [{"items": [], "count": 3, "type": "created"}]}}, {"tips": {"count": 0}, "contact": {"twitter": "audreysecrets"}, "firstName": "Audrey", "gender": "female", "lastName": "Lim", "id": "5409529", "bio": "", "photo": {"prefix": "https://igx.4sqi.net/img/user/", "suffix": "/5TP3BWIUXYSSIKPL.jpg"}, "homeCity": "Singapore", "lists": {"groups": [{"items": [], "count": 2, "type": "created"}]}}, {"tips": {"count": 0}, "contact": {"twitter": "khuilin", "facebook": "841710601"}, "firstName": "Huilin", "gender": "female", "lastName": "Kuah", "id": "16867042", "bio": "", "photo": {"prefix": "https://igx.4sqi.net/img/user/", "suffix": "/16867042-DGXETLN4NM5L5PPL.jpg"}, "homeCity": "Singapore", "lists": {"groups": [{"items": [], "count": 2, "type": "created"}]}}, {"tips": {"count": 0}, "contact": {"twitter": "adleeeeen"}, "firstName": "Addylene", "gender": "female", "lastName": "Ismail", "id": "1625986", "bio": "", "photo": {"prefix": "https://igx.4sqi.net/img/user/", "suffix": "/4LP2FO5NU3XKIPXL.jpg"}, "homeCity": "Singapore", "lists": {"groups": [{"items": [], "count": 2, "type": "created"}]}}, {"tips": {"count": 0}, "contact": {"twitter": "runwayunicorn"}, "firstName": "Matthias", "gender": "male", "lastName": "Martian", "id": "9403095", "bio": "", "photo": {"prefix": "https://igx.4sqi.net/img/user/", "suffix": "/Z4CJZU15L0JAKMFV.jpg"}, "homeCity": "Singapore", "lists": {"groups": [{"items": [], "count": 2, "type": "created"}]}}, {"tips": {"count": 1}, "contact": {"twitter": "jaslynw", "facebook": "1013562380"}, "firstName": "Jaslyn", "gender": "female", "lastName": "Wang", "id": "6175732", "bio": "", "photo": {"prefix": "https://igx.4sqi.net/img/user/", "suffix": "/FBHIEVSJE4I10KNU.jpg"}, "homeCity": "Singapore", "lists": {"groups": [{"items": [], "count": 2, "type": "created"}]}}, {"tips": {"count": 0}, "contact": {"twitter": "johnertweets"}, "firstName": "Johner", "gender": "male", "lastName": "Tham", "id": "5761493", "bio": "", "photo": {"prefix": "https://igx.4sqi.net/img/user/", "suffix": "/REJ12ZSVQ14YH5SL.jpg"}, "homeCity": "New York, NY", "lists": {"groups": [{"items": [], "count": 2, "type": "created"}]}}, {"tips": {"count": 0}, "contact": {"twitter": "hitdieman", "facebook": "598994686"}, "firstName": "Andy", "gender": "male", "lastName": "Png", "id": "5052389", "bio": "", "photo": {"prefix": "https://igx.4sqi.net/img/user/", "suffix": "/3IARJXOPLLO5TSW2.jpg"}, "homeCity": "Singapore", "lists": {"groups": [{"items": [], "count": 2, "type": "created"}]}}, {"tips": {"count": 1}, "contact": {"twitter": "alibabathecow", "facebook": "664023749"}, "firstName": "Serena", "gender": "female", "lastName": "Zou", "id": "11222370", "bio": "", "photo": {"prefix": "https://igx.4sqi.net/img/user/", "suffix": "/DTTDJK52GSU1JMCQ.jpg"}, "homeCity": "Singapore", "lists": {"groups": [{"items": [], "count": 2, "type": "created"}]}}, {"tips": {"count": 0}, "contact": {"twitter": "yubeo", "facebook": "1364363344"}, "firstName": "Anh", "gender": "female", "lastName": "Nguyen", "id": "25101058", "bio": "", "photo": {"prefix": "https://igx.4sqi.net/img/user/", "suffix": "/25101058-NGB1DOA5F0IURG0D.jpg"}, "homeCity": "Sound Beach, NY", "lists": {"groups": [{"items": [], "count": 3, "type": "created"}]}}, {"tips": {"count": 7}, "contact": {"twitter": "charmaineisme", "facebook": "608222473"}, "firstName": "Charmaine", "gender": "female", "lastName": "A.", "id": "1649600", "bio": "", "photo": {"prefix": "https://igx.4sqi.net/img/user/", "suffix": "/DWJ0SLEKVMIUB2D3.jpg"}, "homeCity": "Singapore", "lists": {"groups": [{"items": [], "count": 2, "type": "created"}]}}, {"tips": {"count": 0}, "contact": {"twitter": "shuzxt"}, "firstName": "Shuuuuuuu", "gender": "female", "lastName": "Teng", "id": "9433435", "bio": "", "photo": {"prefix": "https://igx.4sqi.net/img/user/", "suffix": "/9433435-0T2SQ0O0U5OIKCFN"}, "homeCity": "NY", "lists": {"groups": [{"items": [], "count": 2, "type": "created"}]}}, {"tips": {"count": 0}, "contact": {"twitter": "boonrectifier", "facebook": "1504346246"}, "firstName": "Boon peng", "gender": "male", "lastName": "Lim", "id": "6256124", "bio": "", "photo": {"prefix": "https://igx.4sqi.net/img/user/", "suffix": "/NTVFDRV4DOB1FHZL.jpg"}, "homeCity": "Singapore", "lists": {"groups": [{"items": [], "count": 2, "type": "created"}]}}, {"tips": {"count": 0}, "contact": {"twitter": "mas_bruno", "facebook": "684060858"}, "firstName": "Hdyt", "gender": "male", "lastName": "S", "id": "5783217", "bio": "", "photo": {"prefix": "https://igx.4sqi.net/img/user/", "suffix": "/ZNFGR1OTX1DLLTQV.jpg"}, "homeCity": "Singapore", "lists": {"groups": [{"items": [], "count": 2, "type": "created"}]}}, {"tips": {"count": 1}, "contact": {"twitter": "faststrangers", "facebook": "534487838"}, "firstName": "Francesca", "gender": "female", "lastName": "Kok", "id": "8179295", "bio": "", "photo": {"prefix": "https://igx.4sqi.net/img/user/", "suffix": "/YYFJKZO1XL4HMCO1.jpg"}, "homeCity": "Under the spotlights", "lists": {"groups": [{"items": [], "count": 2, "type": "created"}]}}, {"tips": {"count": 0}, "contact": {"twitter": "jeromessh"}, "firstName": "Jerome", "gender": "male", "lastName": "See", "id": "11517671", "bio": "", "photo": {"prefix": "https://igx.4sqi.net/img/user/", "suffix": "/blank_boy.png", "default": true}, "homeCity": "Singapore", "lists": {"groups": [{"items": [], "count": 2, "type": "created"}]}}, {"tips": {"count": 0}, "contact": {"twitter": "missyenhua", "facebook": "783758602"}, "firstName": "Yenhua", "gender": "female", "id": "25109755", "bio": "", "photo": {"prefix": "https://igx.4sqi.net/img/user/", "suffix": "/N5FAYHWWNV3APDDT.jpg"}, "homeCity": "Singapore", "lists": {"groups": [{"items": [], "count": 2, "type": "created"}]}}, {"tips": {"count": 1}, "contact": {"twitter": "desappa", "facebook": "567513572"}, "firstName": "Tay", "gender": "male", "lastName": "Desmond", "id": "2722426", "bio": "", "photo": {"prefix": "https://igx.4sqi.net/img/user/", "suffix": "/OT40J3OBVOBOG4V3.jpg"}, "homeCity": "Singapore", "lists": {"groups": [{"items": [], "count": 2, "type": "created"}]}}, {"tips": {"count": 0}, "contact": {"twitter": "lewyu"}, "firstName": "lew", "gender": "female", "lastName": "yu", "id": "13343648", "bio": "", "photo": {"prefix": "https://igx.4sqi.net/img/user/", "suffix": "/TGPXZ51ZWH0ZNAGQ.jpg"}, "homeCity": "Singapore", "lists": {"groups": [{"items": [], "count": 2, "type": "created"}]}}, {"tips": {"count": 0}, "contact": {"twitter": "vesqr"}, "firstName": "Veronique", "gender": "female", "id": "6645718", "bio": "", "photo": {"prefix": "https://igx.4sqi.net/img/user/", "suffix": "/6645718-D4E2LUTBJRCAQPID.jpg"}, "homeCity": "Singapore", "lists": {"groups": [{"items": [], "count": 2, "type": "created"}]}}, {"tips": {"count": 0}, "contact": {"twitter": "howcanlikethat", "facebook": "586884863"}, "firstName": "Huiming", "gender": "male", "lastName": "Ho", "id": "9564556", "bio": "", "photo": {"prefix": "https://igx.4sqi.net/img/user/", "suffix": "/9564556-Q2JEB2EHML1ZASUX.jpg"}, "homeCity": "Singapore", "lists": {"groups": [{"items": [], "count": 2, "type": "created"}]}}, {"tips": {"count": 0}, "contact": {"twitter": "agathakoh", "facebook": "1368906624"}, "firstName": "Agatha", "gender": "female", "lastName": "Koh", "id": "9092684", "bio": "", "photo": {"prefix": "https://igx.4sqi.net/img/user/", "suffix": "/I3DEPZZEEPILL5BG.jpg"}, "homeCity": "Singapore", "lists": {"groups": [{"items": [], "count": 2, "type": "created"}]}}, {"tips": {"count": 7}, "contact": {"twitter": "honeycrumbleboo"}, "firstName": "Natalie", "gender": "female", "lastName": "Lim", "id": "2787023", "bio": "", "photo": {"prefix": "https://igx.4sqi.net/img/user/", "suffix": "/D1G4FHAE0CMNPNPM.jpg"}, "homeCity": "Singapore", "lists": {"groups": [{"items": [], "count": 2, "type": "created"}]}}, {"tips": {"count": 0}, "contact": {"twitter": "carolynchannn", "facebook": "673837890"}, "firstName": "Carolyn", "gender": "female", "lastName": "Chan", "id": "28084977", "bio": "", "photo": {"prefix": "https://igx.4sqi.net/img/user/", "suffix": "/XCE4IC2VGQSHMQBS.jpg"}, "homeCity": "Singapore", "lists": {"groups": [{"items": [], "count": 2, "type": "created"}]}}, {"tips": {"count": 0}, "contact": {"twitter": "ladybugsy_15", "facebook": "739195934"}, "firstName": "Serena", "gender": "female", "lastName": "Lok", "id": "10082244", "bio": "", "photo": {"prefix": "https://igx.4sqi.net/img/user/", "suffix": "/VYT0D34RFOQTNYEH.jpg"}, "homeCity": "Singapore", "lists": {"groups": [{"items": [], "count": 2, "type": "created"}]}}, {"tips": {"count": 0}, "contact": {"twitter": "valmcquek", "facebook": "625276696"}, "firstName": "Val", "gender": "female", "lastName": "McQuek", "id": "13872766", "bio": "", "photo": {"prefix": "https://igx.4sqi.net/img/user/", "suffix": "/RSZUHNSATEKCXF1A.jpg"}, "homeCity": "Singapore", "lists": {"groups": [{"items": [], "count": 2, "type": "created"}]}}, {"tips": {"count": 2}, "contact": {"twitter": "gingerlam", "facebook": "538781228"}, "firstName": "Ginger", "gender": "female", "lastName": "Lam", "id": "14753721", "bio": "", "photo": {"prefix": "https://igx.4sqi.net/img/user/", "suffix": "/42CSLZX4HTLBPV4F.jpg"}, "homeCity": "Singapore", "lists": {"groups": [{"items": [], "count": 2, "type": "created"}]}}, {"tips": {"count": 1}, "contact": {"twitter": "runawaycandy"}, "firstName": "Nicole", "gender": "female", "lastName": "Tang", "id": "3704137", "bio": "", "photo": {"prefix": "https://igx.4sqi.net/img/user/", "suffix": "/JHPG5PGAGXG02HMV.jpg"}, "homeCity": "Singapore", "lists": {"groups": [{"items": [], "count": 2, "type": "created"}]}}, {"tips": {"count": 0}, "contact": {"twitter": "eugeniaseow", "facebook": "637642908"}, "firstName": "Eugenia", "gender": "female", "lastName": "Seow", "id": "12514948", "bio": "", "photo": {"prefix": "https://igx.4sqi.net/img/user/", "suffix": "/EVCWUNKRVCKVF2RE.jpg"}, "homeCity": "Singapore", "lists": {"groups": [{"items": [], "count": 2, "type": "created"}]}}, {"tips": {"count": 0}, "contact": {"facebook": "100000441500915"}, "firstName": "Eugene", "gender": "male", "lastName": "Cheung", "id": "19544983", "bio": "", "photo": {"prefix": "https://igx.4sqi.net/img/user/", "suffix": "/blank_boy.png", "default": true}, "homeCity": "Singapore", "lists": {"groups": [{"items": [], "count": 2, "type": "created"}]}}, {"tips": {"count": 0}, "contact": {"twitter": "jdynz"}, "firstName": "Jeraldyn", "gender": "female", "lastName": "Wu", "id": "5231652", "bio": "", "photo": {"prefix": "https://igx.4sqi.net/img/user/", "suffix": "/HVIK4GCKKA2Z3RUN.jpg"}, "homeCity": "Singapore", "lists": {"groups": [{"items": [], "count": 2, "type": "created"}]}}, {"tips": {"count": 8}, "contact": {"twitter": "creamfurball", "facebook": "1485556685"}, "firstName": "\u2764 {Hip, b\u1ea3o ng\u1ecdc}", "gender": "female", "lastName": "\ud83d\udc30\ud83d\udc8c\ud83c\udf53", "id": "12735434", "bio": "", "photo": {"prefix": "https://igx.4sqi.net/img/user/", "suffix": "/12735434-G2CUZJTDIRUNQITE.jpg"}, "homeCity": "Melbourne", "lists": {"groups": [{"items": [], "count": 2, "type": "created"}]}}, {"tips": {"count": 0}, "contact": {"twitter": "crazgideon", "facebook": "576189864"}, "firstName": "Gideon", "gender": "male", "id": "42119207", "bio": "", "photo": {"prefix": "https://igx.4sqi.net/img/user/", "suffix": "/MZCRH2M5BNOBXP5J.jpg"}, "homeCity": "Singapore", "lists": {"groups": [{"items": [], "count": 2, "type": "created"}]}}, {"tips": {"count": 0}, "contact": {"twitter": "louisevichie"}, "firstName": "Louise", "gender": "female", "lastName": "Vichie", "id": "8809323", "bio": "", "photo": {"prefix": "https://igx.4sqi.net/img/user/", "suffix": "/SWVDND4VYN040LX2.jpg"}, "homeCity": "Singapore", "lists": {"groups": [{"items": [], "count": 2, "type": "created"}]}}, {"tips": {"count": 0}, "contact": {"twitter": "princesseunicee", "facebook": "667073659"}, "firstName": "Eunice", "gender": "female", "lastName": "Teng", "id": "18807920", "bio": "", "photo": {"prefix": "https://igx.4sqi.net/img/user/", "suffix": "/PYSK2VDR3QMILLRY.jpg"}, "homeCity": "Richmond, Canada", "lists": {"groups": [{"items": [], "count": 2, "type": "created"}]}}, {"tips": {"count": 34}, "contact": {"twitter": "_osculate"}, "firstName": "Elaine", "gender": "female", "lastName": "Huang", "id": "45120299", "bio": "I like motorcycle taxis.", "photo": {"prefix": "https://igx.4sqi.net/img/user/", "suffix": "/45120299-OLZGHRATPABNVNHX.jpg"}, "homeCity": "Singapore", "lists": {"groups": [{"items": [], "count": 7, "type": "created"}]}}, {"tips": {"count": 0}, "contact": {"facebook": "561165151"}, "firstName": "Rachel", "gender": "female", "lastName": "Kelly", "id": "16052115", "bio": "", "photo": {"prefix": "https://igx.4sqi.net/img/user/", "suffix": "/Z3IJTCL1IAW2TKR1.jpg"}, "homeCity": "Singapore", "lists": {"groups": [{"items": [], "count": 2, "type": "created"}]}}], "count": 72}, "checksum": "9b7242ce286b3c44e6bb3f0774fc22d81d97e73e"}, "meta": {"requestId": "5965e9286a6071143d331fdf", "code": 200}}