{"notifications": [{"type": "notificationTray", "item": {"unreadCount": 0}}], "response": {"friends": {"items": [{"tips": {"count": 2}, "contact": {"twitter": "johnnypoh0101", "facebook": "10154453235399218"}, "firstName": "Johnny", "gender": "male", "lastName": "Poh", "id": "16992047", "bio": "", "photo": {"prefix": "https://igx.4sqi.net/img/user/", "suffix": "/G0BNNW1AHRDFMRMT.jpg"}, "homeCity": "Petaling Jaya, Malaysia", "lists": {"groups": [{"items": [], "count": 2, "type": "created"}]}}, {"tips": {"count": 2}, "contact": {"twitter": "boon222003"}, "firstName": "Shaowen", "gender": "male", "lastName": "Shaowen", "id": "20580250", "bio": "", "photo": {"prefix": "https://igx.4sqi.net/img/user/", "suffix": "/20580250-QMWPPP5RZPOIMFIP.jpg"}, "homeCity": "Singapore", "lists": {"groups": [{"items": [], "count": 3, "type": "created"}]}}, {"tips": {"count": 0}, "contact": {"facebook": "100000129101133"}, "firstName": "Fion", "gender": "female", "lastName": "Si", "id": "6846163", "bio": "", "photo": {"prefix": "https://igx.4sqi.net/img/user/", "suffix": "/JMKM34V02JLBR4RH.jpg"}, "homeCity": "Singapore", "lists": {"groups": [{"items": [], "count": 2, "type": "created"}]}}, {"tips": {"count": 1}, "contact": {"twitter": "miramuhammadd"}, "firstName": "Mira", "gender": "female", "lastName": "Muhammadd", "id": "28439183", "bio": "", "photo": {"prefix": "https://igx.4sqi.net/img/user/", "suffix": "/28439183-KNI3D0R3TLZEIQVQ.jpg"}, "homeCity": "Johor Bahru", "lists": {"groups": [{"items": [], "count": 2, "type": "created"}]}}, {"tips": {"count": 0}, "contact": {"facebook": "740420786"}, "firstName": "Jen Xian", "gender": "male", "lastName": "Lee", "id": "3781706", "bio": "", "photo": {"prefix": "https://igx.4sqi.net/img/user/", "suffix": "/NHGCXNYSKIJYJ3GY.jpg"}, "homeCity": "Singapore", "lists": {"groups": [{"items": [], "count": 2, "type": "created"}]}}, {"tips": {"count": 2}, "contact": {}, "firstName": "Ting Hui", "gender": "female", "lastName": "Wong", "id": "5280614", "bio": "", "photo": {"prefix": "https://igx.4sqi.net/img/user/", "suffix": "/BJCTNC44MBQEBIOQ.jpg"}, "homeCity": "", "lists": {"groups": [{"items": [], "count": 2, "type": "created"}]}}, {"tips": {"count": 0}, "contact": {"facebook": "522616879"}, "firstName": "Kamen", "gender": "male", "lastName": "Pek", "id": "5562562", "bio": "", "photo": {"prefix": "https://igx.4sqi.net/img/user/", "suffix": "/blank_boy.png", "default": true}, "homeCity": "Singapore", "lists": {"groups": [{"items": [], "count": 2, "type": "created"}]}}, {"tips": {"count": 1}, "contact": {"twitter": "genevieveeeeee_", "facebook": "100003694857489"}, "firstName": "Genevieve\ud83c\udf53", "gender": "female", "id": "2624766", "bio": "", "photo": {"prefix": "https://igx.4sqi.net/img/user/", "suffix": "/FHTBS4FH0IADB51R.jpg"}, "homeCity": "Singapore", "lists": {"groups": [{"items": [], "count": 2, "type": "created"}]}}, {"tips": {"count": 94}, "contact": {}, "firstName": "Miu Miu", "gender": "female", "id": "11233785", "bio": "www.twitter.com/iamcont3ssa", "photo": {"prefix": "https://igx.4sqi.net/img/user/", "suffix": "/11233785-YLJ5Z2O4JDAOJMHT.jpg"}, "homeCity": "Perth, WA", "lists": {"groups": [{"items": [], "count": 3, "type": "created"}]}}, {"tips": {"count": 0}, "contact": {"twitter": "toshimitsu", "facebook": "1208523"}, "firstName": "Toshi", "gender": "male", "lastName": "K", "id": "645456", "bio": "", "photo": {"prefix": "https://igx.4sqi.net/img/user/", "suffix": "/blank_boy.png", "default": true}, "homeCity": "Austin, Texas", "lists": {"groups": [{"items": [], "count": 2, "type": "created"}]}}, {"tips": {"count": 0}, "contact": {"facebook": "777932846"}, "firstName": "Winston", "gender": "male", "lastName": "Ang", "id": "73503802", "bio": "", "photo": {"prefix": "https://igx.4sqi.net/img/user/", "suffix": "/73503802-GNRVHZX0K3E53QGT.jpg"}, "homeCity": "Singapore, Singapore", "lists": {"groups": [{"items": [], "count": 2, "type": "created"}]}}, {"tips": {"count": 0}, "contact": {"facebook": "787939316"}, "firstName": "Royce", "gender": "male", "lastName": "Teoh", "id": "5072651", "bio": "", "photo": {"prefix": "https://igx.4sqi.net/img/user/", "suffix": "/0ZTUO1GTW0WDTED4.jpg"}, "homeCity": "Singapore", "lists": {"groups": [{"items": [], "count": 2, "type": "created"}]}}, {"tips": {"count": 0}, "contact": {"twitter": "jolthechipz", "facebook": "1633422768"}, "firstName": "Joleen", "gender": "female", "lastName": "\ud83c\udf80", "id": "927184", "bio": "@jolthechipz", "photo": {"prefix": "https://igx.4sqi.net/img/user/", "suffix": "/927184-NIXWPDOLLNIFW4DF.jpg"}, "homeCity": "", "lists": {"groups": [{"items": [], "count": 2, "type": "created"}]}}, {"tips": {"count": 1}, "contact": {"twitter": "zsycwj"}, "firstName": "Anny Chng", "gender": "female", "lastName": "\u838a\u8bd7\u97fb", "id": "4037664", "bio": "", "photo": {"prefix": "https://igx.4sqi.net/img/user/", "suffix": "/KARZWZIKIJWIVUFD.jpg"}, "homeCity": "Singapore", "lists": {"groups": [{"items": [], "count": 2, "type": "created"}]}}, {"tips": {"count": 0}, "contact": {"facebook": "1161690298"}, "firstName": "Daniel", "gender": "male", "id": "32234056", "bio": "", "photo": {"prefix": "https://igx.4sqi.net/img/user/", "suffix": "/blank_boy.png", "default": true}, "homeCity": "Shanghai", "lists": {"groups": [{"items": [], "count": 2, "type": "created"}]}}, {"tips": {"count": 18}, "contact": {"twitter": "josephquek", "facebook": "627160255"}, "firstName": "Joseph Quek", "gender": "male", "lastName": "Tiramizus that melts in ur mouth", "id": "23109103", "bio": "", "photo": {"prefix": "https://igx.4sqi.net/img/user/", "suffix": "/23109103-A0VDW4NIIEKHJ1QK.jpg"}, "homeCity": "Singapore", "lists": {"groups": [{"items": [], "count": 2, "type": "created"}]}}, {"tips": {"count": 0}, "contact": {"facebook": "1565059959"}, "firstName": "Jimmy \uc9c0\ubbf8", "gender": "male", "lastName": "Loh", "id": "11879863", "bio": "", "photo": {"prefix": "https://igx.4sqi.net/img/user/", "suffix": "/XRYD5ZKVWHEWEZHU.jpg"}, "homeCity": "NY", "lists": {"groups": [{"items": [], "count": 2, "type": "created"}]}}, {"tips": {"count": 0}, "contact": {"facebook": "545970479"}, "firstName": "Jason", "gender": "male", "lastName": "Chiok", "id": "17298054", "bio": "", "photo": {"prefix": "https://igx.4sqi.net/img/user/", "suffix": "/blank_boy.png", "default": true}, "homeCity": "Singapore", "lists": {"groups": [{"items": [], "count": 2, "type": "created"}]}}, {"tips": {"count": 5}, "contact": {"facebook": "1054900105"}, "firstName": "Dino", "gender": "male", "lastName": "Toh", "id": "12976666", "bio": "", "photo": {"prefix": "https://igx.4sqi.net/img/user/", "suffix": "/blank_boy.png", "default": true}, "homeCity": "New York, NY", "lists": {"groups": [{"items": [], "count": 2, "type": "created"}]}}, {"tips": {"count": 9}, "contact": {"twitter": "nateminatalie", "facebook": "543237302"}, "firstName": "Natemi", "gender": "female", "lastName": "Natalie", "id": "5686156", "bio": "http://pokala.blogspot.com", "photo": {"prefix": "https://igx.4sqi.net/img/user/", "suffix": "/OF3DBGO2OWEX53VK.jpg"}, "homeCity": "Singapore", "lists": {"groups": [{"items": [], "count": 2, "type": "created"}]}}, {"tips": {"count": 1}, "contact": {}, "firstName": "Zacobria", "gender": "male", "lastName": "Lars", "id": "63194594", "bio": "Industrial-Robots", "photo": {"prefix": "https://igx.4sqi.net/img/user/", "suffix": "/63194594-UCWI1CBX5HIVUMY1"}, "homeCity": "Singapore", "lists": {"groups": [{"items": [], "count": 3, "type": "created"}]}}, {"tips": {"count": 0}, "contact": {"facebook": "10208488321622669"}, "firstName": "Michael", "gender": "male", "lastName": "Biwald", "id": "2406833", "bio": "", "photo": {"prefix": "https://igx.4sqi.net/img/user/", "suffix": "/blank_boy.png", "default": true}, "homeCity": "Portland, Oregon, USA", "lists": {"groups": [{"items": [], "count": 2, "type": "created"}]}}, {"tips": {"count": 3}, "contact": {"facebook": "10154049525197668"}, "firstName": "Madeleine", "gender": "female", "lastName": "Chong", "id": "4495307", "bio": "", "photo": {"prefix": "https://igx.4sqi.net/img/user/", "suffix": "/4495307-U3H3WFZFRG302NZT.jpg"}, "homeCity": "Singapore", "lists": {"groups": [{"items": [], "count": 2, "type": "created"}]}}, {"tips": {"count": 0}, "contact": {"facebook": "1062751258"}, "firstName": "Walter", "gender": "male", "lastName": "Wu", "id": "55166057", "bio": "", "photo": {"prefix": "https://igx.4sqi.net/img/user/", "suffix": "/ULLWY1L4FOJCF4ZV.jpg"}, "homeCity": "Singapore", "lists": {"groups": [{"items": [], "count": 2, "type": "created"}]}}, {"tips": {"count": 0}, "contact": {"facebook": "1543083311"}, "firstName": "John", "gender": "male", "lastName": "Boynton", "id": "61091398", "bio": "", "photo": {"prefix": "https://igx.4sqi.net/img/user/", "suffix": "/XVNM4WDOQZERHO3A.jpg"}, "homeCity": "Monheim, 07", "lists": {"groups": [{"items": [], "count": 2, "type": "created"}]}}, {"tips": {"count": 1}, "contact": {"facebook": "669318517"}, "firstName": "Wong", "gender": "male", "lastName": "Keen", "id": "19919745", "bio": "", "photo": {"prefix": "https://igx.4sqi.net/img/user/", "suffix": "/2BIPPUD4XZ14FT2N.jpg"}, "homeCity": "NY", "lists": {"groups": [{"items": [], "count": 2, "type": "created"}]}}, {"tips": {"count": 0}, "contact": {"twitter": "lucidefrance", "facebook": "1802787978"}, "firstName": "luciana", "gender": "female", "lastName": "de france", "id": "7764859", "bio": "", "photo": {"prefix": "https://igx.4sqi.net/img/user/", "suffix": "/TUNUSXVNWFBLCLSP.jpg"}, "homeCity": "Kuching, Malaysia", "lists": {"groups": [{"items": [], "count": 2, "type": "created"}]}}, {"tips": {"count": 0}, "contact": {"facebook": "541283433"}, "firstName": "Cher Hung", "gender": "male", "lastName": "Seet", "id": "3980636", "bio": "", "photo": {"prefix": "https://igx.4sqi.net/img/user/", "suffix": "/Z3QHJMCLGQKHFDIX.jpg"}, "homeCity": "Singapore", "lists": {"groups": [{"items": [], "count": 2, "type": "created"}]}}, {"tips": {"count": 0}, "contact": {"twitter": "dellytee"}, "firstName": "Delicia", "gender": "female", "lastName": "Tan", "id": "8696356", "bio": "", "photo": {"prefix": "https://igx.4sqi.net/img/user/", "suffix": "/BKTSWJHYEJ32NDAW.jpg"}, "homeCity": "Singapore", "lists": {"groups": [{"items": [], "count": 2, "type": "created"}]}}, {"tips": {"count": 0}, "contact": {"facebook": "1065482352"}, "firstName": "Calvin", "gender": "male", "lastName": "Sie", "id": "14146287", "bio": "", "photo": {"prefix": "https://igx.4sqi.net/img/user/", "suffix": "/GKSH3ED0OG0DWYB4.jpg"}, "homeCity": "Singapore", "lists": {"groups": [{"items": [], "count": 2, "type": "created"}]}}, {"tips": {"count": 21}, "contact": {"twitter": "missyhui12345", "facebook": "636287967"}, "firstName": "Inez", "gender": "female", "lastName": "Wee", "id": "5130001", "bio": "", "photo": {"prefix": "https://igx.4sqi.net/img/user/", "suffix": "/5130001-1A245XWPKON335SY.jpg"}, "homeCity": "Singapore , Singapore", "lists": {"groups": [{"items": [], "count": 2, "type": "created"}]}}, {"tips": {"count": 0}, "contact": {"twitter": "lyrehssss", "facebook": "775653438"}, "firstName": "Sheryl", "gender": "female", "id": "8669501", "bio": "", "photo": {"prefix": "https://igx.4sqi.net/img/user/", "suffix": "/8669501-4PDJMV25FFKCC1SA.jpg"}, "homeCity": "Singapore", "lists": {"groups": [{"items": [], "count": 2, "type": "created"}]}}], "count": 32}, "checksum": "16a6f704f5f02de524c3356c9bb84b176cc978f2"}, "meta": {"requestId": "596624da1ed21919f8a2f0e7", "code": 200}}