{"notifications": [{"type": "notificationTray", "item": {"unreadCount": 0}}], "meta": {"requestId": "5967019fdb04f528ae57fbe6", "code": 200}, "response": {"friends": {"count": 1, "items": [{"id": "9570006", "photo": {"prefix": "https://igx.4sqi.net/img/user/", "suffix": "/WKDNMVCK1TFH1BVA.jpg"}, "homeCity": "Arese, Italy", "contact": {"facebook": "622714614", "twitter": "endisway"}, "firstName": "Andrea", "tips": {"count": 3}, "gender": "male", "lastName": "Azzini", "lists": {"groups": [{"count": 2, "type": "created", "items": []}]}, "bio": ""}]}, "checksum": "fc3c1087b7b60a3ffb391d949f328ddcf4e97ab5"}}