{"notifications": [{"type": "notificationTray", "item": {"unreadCount": 0}}], "meta": {"requestId": "5966d3d24434b9553d8e10c6", "code": 200}, "response": {"friends": {"count": 3, "items": [{"id": "20408695", "photo": {"prefix": "https://igx.4sqi.net/img/user/", "suffix": "/CRTQZXL4DUCBJHGX.jpg"}, "homeCity": "Singapore", "contact": {"facebook": "1493343221", "twitter": "kiddy_o_net"}, "firstName": "Akid", "tips": {"count": 2}, "gender": "male", "lastName": "Geraldo", "lists": {"groups": [{"count": 2, "type": "created", "items": []}]}, "bio": ""}, {"id": "81791407", "photo": {"prefix": "https://igx.4sqi.net/img/user/", "suffix": "/81791407-FWGRFXLUYAUXXPTU.jpg"}, "homeCity": "", "contact": {}, "firstName": "Dalia", "tips": {"count": 0}, "gender": "female", "lastName": "Wilson", "lists": {"groups": [{"count": 2, "type": "created", "items": []}]}, "bio": ""}, {"id": "19822523", "photo": {"prefix": "https://igx.4sqi.net/img/user/", "suffix": "/DUV4EGJ00GRCQWFZ.jpg"}, "homeCity": "Singapore", "contact": {"twitter": "fvrhxn"}, "firstName": "Farhan", "tips": {"count": 0}, "gender": "male", "lists": {"groups": [{"count": 2, "type": "created", "items": []}]}, "bio": ""}]}, "checksum": "17ed8522d73e3e58851f3d0f498c4b58dc9a7ea6"}}