{"notifications": [{"type": "notificationTray", "item": {"unreadCount": 0}}], "meta": {"requestId": "5966eec16a607115d046cef6", "code": 200}, "response": {"friends": {"count": 65, "items": [{"id": "41376815", "photo": {"prefix": "https://igx.4sqi.net/img/user/", "default": true, "suffix": "/blank_boy.png"}, "homeCity": "Singapore", "contact": {}, "firstName": "Marco", "tips": {"count": 0}, "gender": "male", "lastName": "Jayme", "lists": {"groups": [{"count": 2, "type": "created", "items": []}]}, "bio": ""}, {"id": "12520364", "photo": {"prefix": "https://igx.4sqi.net/img/user/", "suffix": "/ZGCDWG3XJ1ABASY5.jpg"}, "homeCity": "New York, NY", "contact": {"facebook": "618463014"}, "firstName": "Koen", "tips": {"count": 0}, "gender": "male", "lastName": "Bremer", "lists": {"groups": [{"count": 2, "type": "created", "items": []}]}, "bio": ""}, {"id": "6838562", "photo": {"prefix": "https://igx.4sqi.net/img/user/", "suffix": "/6838562-KPXXOBMZL5QAV3KQ.jpg"}, "homeCity": "Madrid, Espa\u00f1a", "contact": {"twitter": "itwalks"}, "firstName": "Dwalks", "tips": {"count": 2}, "gender": "male", "lists": {"groups": [{"count": 2, "type": "created", "items": []}]}, "bio": ""}, {"id": "410452", "photo": {"prefix": "https://igx.4sqi.net/img/user/", "suffix": "/VJGSFIPOMPZC5Y50.jpg"}, "homeCity": "Beirut, Lebanon", "contact": {"facebook": "127101360", "twitter": "souhailk"}, "firstName": "Souhail", "tips": {"count": 29}, "gender": "male", "lastName": "Khoury", "lists": {"groups": [{"count": 2, "type": "created", "items": []}]}, "bio": ""}, {"id": "25684852", "photo": {"prefix": "https://igx.4sqi.net/img/user/", "suffix": "/BA0MBV2BYNWATXQU.jpg"}, "homeCity": "New York, NY", "contact": {"twitter": "jlegourd"}, "firstName": "Jean-Francois", "tips": {"count": 0}, "gender": "male", "lastName": "Legourd", "lists": {"groups": [{"count": 2, "type": "created", "items": []}]}, "bio": ""}, {"id": "17510124", "photo": {"prefix": "https://igx.4sqi.net/img/user/", "suffix": "/53GMLQBBUU13CFTZ.jpg"}, "homeCity": "San Diego, California", "contact": {"facebook": "579552634", "twitter": "paddyjansen"}, "firstName": "Paddy", "tips": {"count": 2}, "gender": "male", "lastName": "Jansen", "lists": {"groups": [{"count": 2, "type": "created", "items": []}]}, "bio": ""}, {"id": "50371541", "photo": {"prefix": "https://igx.4sqi.net/img/user/", "suffix": "/2WHJPNIOUEZO4AO3.jpg"}, "homeCity": "Ho Chi Minh", "contact": {}, "firstName": "Ward", "tips": {"count": 1}, "gender": "male", "lastName": "Goderie", "lists": {"groups": [{"count": 6, "type": "created", "items": []}]}, "bio": ""}, {"id": "91268909", "photo": {"prefix": "https://igx.4sqi.net/img/user/", "default": true, "suffix": "/blank_boy.png"}, "homeCity": "Amsterdam, North Holland", "contact": {"facebook": "546112180"}, "firstName": "Menno", "tips": {"count": 0}, "gender": "none", "lastName": "Van Rossum", "lists": {"groups": [{"count": 2, "type": "created", "items": []}]}, "bio": ""}, {"id": "38637899", "photo": {"prefix": "https://igx.4sqi.net/img/user/", "default": true, "suffix": "/blank_girl.png"}, "homeCity": "Amsterdam", "contact": {}, "firstName": "Henriette", "tips": {"count": 33}, "gender": "female", "lastName": "Henny", "lists": {"groups": [{"count": 27, "type": "created", "items": []}]}, "bio": ""}, {"id": "45934075", "photo": {"prefix": "https://igx.4sqi.net/img/user/", "suffix": "/OFVI4NB0H4XRWLR1.jpg"}, "homeCity": "Brighton, MA", "contact": {"facebook": "1098856945"}, "firstName": "Alexey", "tips": {"count": 0}, "gender": "male", "lastName": "Khutoretskiy", "lists": {"groups": [{"count": 2, "type": "created", "items": []}]}, "bio": ""}, {"id": "8227348", "photo": {"prefix": "https://igx.4sqi.net/img/user/", "suffix": "/IIKJP4WMOANFUAYO.jpg"}, "homeCity": "Amsterdam, Nederland", "contact": {"facebook": "1240865928"}, "firstName": "Barbara", "tips": {"count": 3}, "gender": "female", "lastName": "Snieders", "lists": {"groups": [{"count": 2, "type": "created", "items": []}]}, "bio": ""}, {"id": "2371416", "photo": {"prefix": "https://igx.4sqi.net/img/user/", "suffix": "/2371416-T2REGBFSM3KZOOIY.jpg"}, "homeCity": "Singapore", "contact": {"facebook": "301901"}, "firstName": "Carolyn", "tips": {"count": 0}, "gender": "female", "lastName": "Lek", "lists": {"groups": [{"count": 2, "type": "created", "items": []}]}, "bio": ""}, {"id": "13266988", "photo": {"prefix": "https://igx.4sqi.net/img/user/", "suffix": "/FE5YDAH5ETYG3KLB.jpg"}, "homeCity": "Ciudad de M\u00e9xico", "contact": {}, "firstName": "Francisco Jos\u00e9", "tips": {"count": 3}, "gender": "male", "lastName": "Guerra Mill\u00e1n", "lists": {"groups": [{"count": 2, "type": "created", "items": []}]}, "bio": ""}, {"id": "90411", "photo": {"prefix": "https://igx.4sqi.net/img/user/", "suffix": "/TLBRADMYRVNSUU3T.jpg"}, "homeCity": "Brussels", "contact": {"facebook": "599463528", "twitter": "ogillin"}, "firstName": "Olivier", "tips": {"count": 4}, "gender": "male", "lastName": "Gillin", "lists": {"groups": [{"count": 2, "type": "created", "items": []}]}, "bio": ""}, {"id": "73670950", "photo": {"prefix": "https://igx.4sqi.net/img/user/", "suffix": "/73670950-EBCQTHVY32CNAZC1"}, "homeCity": "New York, NY", "contact": {}, "firstName": "Philip", "tips": {"count": 1}, "gender": "none", "lastName": "Hordijk", "lists": {"groups": [{"count": 2, "type": "created", "items": []}]}, "bio": "New York Casas is a real estate consultant in New York."}, {"id": "542060", "photo": {"prefix": "https://igx.4sqi.net/img/user/", "suffix": "/M41HCPGFJXNQGYZA.jpg"}, "homeCity": "Dublin, Ireland ", "contact": {}, "firstName": "Thomas", "tips": {"count": 0}, "gender": "male", "lastName": "Jurdi", "lists": {"groups": [{"count": 4, "type": "created", "items": []}]}, "bio": ""}, {"id": "84993811", "photo": {"prefix": "https://igx.4sqi.net/img/user/", "suffix": "/84993811-KQTPTLUHJWSZEKZ2.jpg"}, "homeCity": "Amsterdam, North Holland", "contact": {"facebook": "1165655038"}, "firstName": "Rubi", "tips": {"count": 0}, "gender": "female", "lastName": "Tuesday", "lists": {"groups": [{"count": 2, "type": "created", "items": []}]}, "bio": ""}, {"id": "845258", "photo": {"prefix": "https://igx.4sqi.net/img/user/", "suffix": "/845258-NMKQHJ45S4P05JLD.jpg"}, "homeCity": "Amsterdam", "contact": {"facebook": "511617769"}, "firstName": "Bas", "tips": {"count": 12}, "gender": "male", "lastName": "vd S", "lists": {"groups": [{"count": 5, "type": "created", "items": []}]}, "bio": ""}, {"id": "41833649", "photo": {"prefix": "https://igx.4sqi.net/img/user/", "suffix": "/VUIVTFX2MBRSECDY.jpg"}, "homeCity": "New York, NY", "contact": {"facebook": "61208289"}, "firstName": "Wouter", "tips": {"count": 0}, "gender": "male", "lastName": "Wynberg", "lists": {"groups": [{"count": 2, "type": "created", "items": []}]}, "bio": ""}, {"id": "910274", "photo": {"prefix": "https://igx.4sqi.net/img/user/", "suffix": "/910274-NQWFEL1ZDBOZZGVU.jpg"}, "homeCity": "S\u00e3o Paulo, Brasil", "contact": {"facebook": "1701909", "twitter": "rocknroar"}, "firstName": "Samir", "tips": {"count": 4}, "gender": "male", "lastName": "Aziz", "lists": {"groups": [{"count": 2, "type": "created", "items": []}]}, "bio": ""}, {"id": "30760365", "photo": {"prefix": "https://igx.4sqi.net/img/user/", "default": true, "suffix": "/blank_boy.png"}, "homeCity": "S\u00e3o Paulo", "contact": {"facebook": "577261651"}, "firstName": "Wybo", "tips": {"count": 0}, "gender": "male", "lastName": "Overmeer", "lists": {"groups": [{"count": 2, "type": "created", "items": []}]}, "bio": ""}, {"id": "71569605", "photo": {"prefix": "https://igx.4sqi.net/img/user/", "default": true, "suffix": "/blank_girl.png"}, "homeCity": "Ho Chi Minh City, 20", "contact": {}, "firstName": "Annemarie", "tips": {"count": 0}, "gender": "female", "lastName": "Van Gorp", "lists": {"groups": [{"count": 2, "type": "created", "items": []}]}, "bio": ""}, {"id": "8400980", "photo": {"prefix": "https://igx.4sqi.net/img/user/", "suffix": "/8400980-FQ2QE0IZBSJIMOX5.jpg"}, "homeCity": "Utrecht, Nederland", "contact": {"facebook": "657911745"}, "firstName": "Yara", "tips": {"count": 0}, "gender": "female", "lastName": "Wagenmans", "lists": {"groups": [{"count": 2, "type": "created", "items": []}]}, "bio": ""}, {"id": "36524780", "photo": {"prefix": "https://igx.4sqi.net/img/user/", "default": true, "suffix": "/blank_boy.png"}, "homeCity": "New York, NY", "contact": {"facebook": "719531567"}, "firstName": "Conor", "tips": {"count": 0}, "gender": "male", "lastName": "Walsh", "lists": {"groups": [{"count": 2, "type": "created", "items": []}]}, "bio": ""}, {"id": "25732316", "photo": {"prefix": "https://igx.4sqi.net/img/user/", "suffix": "/HIMHU0GS3LKYEW25.jpg"}, "homeCity": "Chiang Rai", "contact": {"facebook": "670936306"}, "firstName": "Jose", "tips": {"count": 1}, "gender": "male", "lastName": "Salvado", "lists": {"groups": [{"count": 2, "type": "created", "items": []}]}, "bio": ""}, {"id": "51412250", "photo": {"prefix": "https://igx.4sqi.net/img/user/", "suffix": "/FV5GDBH3YWEPU5JP.jpg"}, "homeCity": "Amsterdam, 07", "contact": {"facebook": "1055616877"}, "firstName": "Ruben", "tips": {"count": 0}, "gender": "male", "lastName": "Janssen", "lists": {"groups": [{"count": 8, "type": "created", "items": []}]}, "bio": ""}, {"id": "59366813", "photo": {"prefix": "https://igx.4sqi.net/img/user/", "suffix": "/59366813-JT5CP1LDSOVG4PR4.jpg"}, "homeCity": "San Francisco, CA", "contact": {"facebook": "1036380475", "twitter": "ayee07"}, "firstName": "Alex", "tips": {"count": 2}, "gender": "female", "lastName": "Yee", "lists": {"groups": [{"count": 6, "type": "created", "items": []}]}, "bio": ""}, {"id": "47530032", "photo": {"prefix": "https://igx.4sqi.net/img/user/", "suffix": "/47530032-MYXWYV4CQF240D3R"}, "homeCity": "Pasadena, CA", "contact": {"facebook": "1096860564"}, "firstName": "Stella", "tips": {"count": 0}, "gender": "female", "lastName": "Lee", "lists": {"groups": [{"count": 2, "type": "created", "items": []}]}, "bio": ""}, {"id": "2569663", "photo": {"prefix": "https://igx.4sqi.net/img/user/", "suffix": "/2569663-MKPGUMZ0ZM40L1FW.jpg"}, "homeCity": "Hong Kong ", "contact": {"facebook": "628565622"}, "firstName": "Sheena", "tips": {"count": 5}, "gender": "female", "lastName": "Siu", "lists": {"groups": [{"count": 2, "type": "created", "items": []}]}, "bio": ""}, {"id": "31526831", "photo": {"prefix": "https://igx.4sqi.net/img/user/", "suffix": "/4V0ZW5CS0YLWOOJY.jpg"}, "homeCity": "New York, NY", "contact": {"facebook": "521881144"}, "firstName": "Carl-Christoph", "tips": {"count": 0}, "gender": "male", "lastName": "Reckers", "lists": {"groups": [{"count": 2, "type": "created", "items": []}]}, "bio": ""}, {"id": "1519754", "photo": {"prefix": "https://igx.4sqi.net/img/user/", "suffix": "/1519754-MWXG4LVSN2RFVAHB.jpg"}, "homeCity": "London, UK", "contact": {"twitter": "jovanki"}, "firstName": "Joeri", "tips": {"count": 0}, "gender": "male", "lastName": "Vankeirsbilck", "lists": {"groups": [{"count": 2, "type": "created", "items": []}]}, "bio": "Strategic Market Development @ModulrFinance"}, {"id": "75168984", "photo": {"prefix": "https://igx.4sqi.net/img/user/", "default": true, "suffix": "/blank_girl.png"}, "homeCity": "Singapore", "contact": {}, "firstName": "Hilde", "tips": {"count": 0}, "gender": "female", "lastName": "Haverman", "lists": {"groups": [{"count": 2, "type": "created", "items": []}]}, "bio": ""}, {"id": "23226573", "photo": {"prefix": "https://igx.4sqi.net/img/user/", "default": true, "suffix": "/blank_boy.png"}, "homeCity": "Massachusetts", "contact": {"facebook": "754710699"}, "firstName": "Titiaan", "tips": {"count": 0}, "gender": "male", "lastName": "Palazzi", "lists": {"groups": [{"count": 2, "type": "created", "items": []}]}, "bio": ""}, {"id": "87731868", "photo": {"prefix": "https://igx.4sqi.net/img/user/", "suffix": "/87731868-TBV30HMZWZUCH3FS.jpg"}, "homeCity": "London, ENG", "contact": {"facebook": "100003303920195"}, "firstName": "Mihai", "tips": {"count": 1}, "gender": "male", "lastName": "Danila", "lists": {"groups": [{"count": 2, "type": "created", "items": []}]}, "bio": ""}, {"id": "1260348", "photo": {"prefix": "https://igx.4sqi.net/img/user/", "suffix": "/DG5IZPQ4VVJZCJDD.jpg"}, "homeCity": "milano", "contact": {"facebook": "546975387", "twitter": "mariachiaramc"}, "firstName": "maria chiara", "tips": {"count": 15}, "gender": "female", "lastName": "gorlandi", "lists": {"groups": [{"count": 6, "type": "created", "items": []}]}, "bio": ""}, {"id": "41904747", "photo": {"prefix": "https://igx.4sqi.net/img/user/", "suffix": "/BSMPMXKMPVSP0FF1.jpg"}, "homeCity": "Brussels", "contact": {}, "firstName": "Melany", "tips": {"count": 0}, "gender": "female", "lastName": "Van Oostrom", "lists": {"groups": [{"count": 13, "type": "created", "items": []}]}, "bio": ""}, {"id": "31598304", "photo": {"prefix": "https://igx.4sqi.net/img/user/", "suffix": "/IHKVIIW5QZTY2YBT.jpg"}, "homeCity": "Dubay", "contact": {"facebook": "507614804"}, "firstName": "Fady", "tips": {"count": 0}, "gender": "male", "lists": {"groups": [{"count": 2, "type": "created", "items": []}]}, "bio": ""}, {"id": "30765330", "photo": {"prefix": "https://igx.4sqi.net/img/user/", "suffix": "/4PJQEFM5MP4CIUBY.jpg"}, "homeCity": "Bangkok", "contact": {"facebook": "525776485"}, "firstName": "Cathelijn", "tips": {"count": 0}, "gender": "female", "lists": {"groups": [{"count": 8, "type": "created", "items": []}]}, "bio": ""}, {"id": "11858976", "photo": {"prefix": "https://igx.4sqi.net/img/user/", "default": true, "suffix": "/blank_boy.png"}, "homeCity": "Amersfoort, Nederland", "contact": {"facebook": "100001352125262"}, "firstName": "Paul", "tips": {"count": 0}, "gender": "male", "lastName": "Schreurs", "lists": {"groups": [{"count": 2, "type": "created", "items": []}]}, "bio": ""}, {"id": "36963925", "photo": {"prefix": "https://igx.4sqi.net/img/user/", "suffix": "/36963925-55BOVUDIXJIAEMJ1.jpg"}, "homeCity": "Dubai", "contact": {}, "firstName": "Maddalena", "tips": {"count": 55}, "gender": "female", "lastName": "Magro", "lists": {"groups": [{"count": 5, "type": "created", "items": []}]}, "bio": ""}, {"id": "66999947", "photo": {"prefix": "https://igx.4sqi.net/img/user/", "suffix": "/PII1OKEXVGUZLLVE.jpg"}, "homeCity": "Singapore", "contact": {"facebook": "612292944"}, "firstName": "Annechien", "tips": {"count": 0}, "gender": "female", "lastName": "Marck-Nolen", "lists": {"groups": [{"count": 2, "type": "created", "items": []}]}, "bio": ""}, {"id": "55333906", "photo": {"prefix": "https://igx.4sqi.net/img/user/", "suffix": "/AIRE44UWGYSZGSJ4.jpg"}, "homeCity": "Singapore", "contact": {}, "firstName": "Jolanda", "tips": {"count": 391}, "gender": "female", "lastName": "Hakvoort", "lists": {"groups": [{"count": 22, "type": "created", "items": []}]}, "bio": "Explorer to the max"}, {"id": "24913814", "photo": {"prefix": "https://igx.4sqi.net/img/user/", "suffix": "/OMYUHCOP3O2T2YG4.jpg"}, "homeCity": "Zuid-Holland", "contact": {"facebook": "645626736"}, "firstName": "Floris", "tips": {"count": 1}, "gender": "male", "lastName": "Stock", "lists": {"groups": [{"count": 2, "type": "created", "items": []}]}, "bio": ""}, {"id": "79914252", "photo": {"prefix": "https://igx.4sqi.net/img/user/", "suffix": "/79914252-VTM55W54VOD0YD1F.jpg"}, "homeCity": "The Hague, Netherlands", "contact": {"facebook": "555940335"}, "firstName": "Freerk", "tips": {"count": 0}, "gender": "male", "lastName": "Wierenga", "lists": {"groups": [{"count": 2, "type": "created", "items": []}]}, "bio": ""}, {"id": "1268993", "photo": {"prefix": "https://igx.4sqi.net/img/user/", "suffix": "/A4OOSVXGUW2ZGCM2.jpg"}, "homeCity": "seoul", "contact": {"facebook": "10155583418825637"}, "firstName": "Thomas", "tips": {"count": 87}, "gender": "male", "lastName": "Meyer", "lists": {"groups": [{"count": 5, "type": "created", "items": []}]}, "bio": ""}, {"id": "46738581", "photo": {"prefix": "https://igx.4sqi.net/img/user/", "suffix": "/UCEK3SHWNXTQORTD.jpg"}, "homeCity": "Jakarta", "contact": {}, "firstName": "Philip", "tips": {"count": 0}, "gender": "male", "lastName": "Wegener", "lists": {"groups": [{"count": 2, "type": "created", "items": []}]}, "bio": ""}, {"id": "33115275", "photo": {"prefix": "https://igx.4sqi.net/img/user/", "suffix": "/SMKGWBRZNEKERZPT.jpg"}, "homeCity": "New York, NY", "contact": {"facebook": "692128644"}, "firstName": "Kirsten", "tips": {"count": 0}, "gender": "female", "lists": {"groups": [{"count": 2, "type": "created", "items": []}]}, "bio": ""}, {"id": "46161847", "photo": {"prefix": "https://igx.4sqi.net/img/user/", "suffix": "/JBKCDKZ5LAJI4FDK.jpg"}, "homeCity": "Berkeley, CA", "contact": {"facebook": "785648111"}, "firstName": "Yu", "tips": {"count": 0}, "gender": "female", "lastName": "Kuo", "lists": {"groups": [{"count": 4, "type": "created", "items": []}]}, "bio": ""}, {"id": "37403209", "photo": {"prefix": "https://igx.4sqi.net/img/user/", "default": true, "suffix": "/blank_girl.png"}, "homeCity": "Bali", "contact": {"facebook": "727026082"}, "firstName": "Edmee", "tips": {"count": 0}, "gender": "female", "lastName": "Grote", "lists": {"groups": [{"count": 2, "type": "created", "items": []}]}, "bio": ""}, {"id": "77404931", "photo": {"prefix": "https://igx.4sqi.net/img/user/", "suffix": "/77404931-MTWCOIEJKIQOQCE2.jpg"}, "homeCity": "London, United Kingdom", "contact": {"facebook": "691820720"}, "firstName": "Zaya", "tips": {"count": 30}, "gender": "female", "lastName": "Kadyrova", "lists": {"groups": [{"count": 19, "type": "created", "items": []}]}, "bio": ""}, {"id": "59206933", "photo": {"prefix": "https://igx.4sqi.net/img/user/", "default": true, "suffix": "/blank_girl.png"}, "homeCity": "Haarlem, Netherlands", "contact": {"facebook": "827370369"}, "firstName": "Bente", "tips": {"count": 0}, "gender": "female", "lastName": "Jorritsma", "lists": {"groups": [{"count": 2, "type": "created", "items": []}]}, "bio": ""}, {"id": "81827976", "photo": {"prefix": "https://igx.4sqi.net/img/user/", "default": true, "suffix": "/blank_girl.png"}, "homeCity": "Amsterdam, North Holland", "contact": {}, "firstName": "Else", "tips": {"count": 0}, "gender": "female", "lastName": "Hoffman", "lists": {"groups": [{"count": 2, "type": "created", "items": []}]}, "bio": ""}, {"id": "1455902", "photo": {"prefix": "https://igx.4sqi.net/img/user/", "suffix": "/5PY4MTCWZNJZX0YN.jpg"}, "homeCity": "Amsterdam, Nederland", "contact": {"facebook": "100000457433922", "twitter": "ten_kate"}, "firstName": "Bert Jan", "tips": {"count": 1}, "gender": "male", "lastName": "ten Kate", "lists": {"groups": [{"count": 2, "type": "created", "items": []}]}, "bio": ""}, {"id": "90088277", "photo": {"prefix": "https://igx.4sqi.net/img/user/", "suffix": "/90088277-HT0CA4VBREDNYZFE.jpg"}, "homeCity": "Amsterdam, North Holland", "contact": {"facebook": "510780524"}, "firstName": "Joppe", "tips": {"count": 10}, "gender": "male", "lastName": "Bijlsma", "lists": {"groups": [{"count": 16, "type": "created", "items": []}]}, "bio": ""}, {"id": "34343041", "photo": {"prefix": "https://igx.4sqi.net/img/user/", "suffix": "/RLC1QLEGOPZGJSLJ.jpg"}, "homeCity": "Amsterdam ", "contact": {}, "firstName": "Lindy", "tips": {"count": 4}, "gender": "female", "lists": {"groups": [{"count": 4, "type": "created", "items": []}]}, "bio": ""}, {"id": "50039297", "photo": {"prefix": "https://igx.4sqi.net/img/user/", "suffix": "/50039297-DUZC21KJKS01AT4P.jpg"}, "homeCity": "Brussels, Brussels Capital Region", "contact": {"facebook": "502003426"}, "firstName": "Ash", "tips": {"count": 0}, "gender": "female", "lastName": "Shan", "lists": {"groups": [{"count": 7, "type": "created", "items": []}]}, "bio": ""}, {"id": "37525170", "photo": {"prefix": "https://igx.4sqi.net/img/user/", "default": true, "suffix": "/blank_boy.png"}, "homeCity": "New York, NY", "contact": {}, "firstName": "Joost", "tips": {"count": 0}, "gender": "male", "lists": {"groups": [{"count": 2, "type": "created", "items": []}]}, "bio": ""}, {"id": "1836875", "photo": {"prefix": "https://igx.4sqi.net/img/user/", "suffix": "/W4CVWNZ0LPHB4JD4.jpg"}, "homeCity": "Amsterdam, Nederland", "contact": {"facebook": "628020514", "twitter": "inoostmetmik"}, "firstName": "inoost met Mik", "tips": {"count": 96}, "gender": "female", "lists": {"groups": [{"count": 3, "type": "created", "items": []}]}, "bio": "Ik ben Mik, je online vriendin die 'leuke plekken en activiteiten' in Amsterdam-Oost via social media met je deelt. Compleet overzicht? Kijk op www.metmik.nl"}, {"id": "59487790", "photo": {"prefix": "https://igx.4sqi.net/img/user/", "suffix": "/WAVNTUEFZH2K0GWJ.jpg"}, "homeCity": "", "contact": {}, "firstName": "Daan", "tips": {"count": 0}, "gender": "none", "lastName": "Smits", "lists": {"groups": [{"count": 2, "type": "created", "items": []}]}, "bio": ""}, {"id": "52359567", "photo": {"prefix": "https://igx.4sqi.net/img/user/", "suffix": "/MA4JMW35ARN5BYWM.jpg"}, "homeCity": "", "contact": {}, "firstName": "Remmelt", "tips": {"count": 0}, "gender": "male", "lastName": "De Jong", "lists": {"groups": [{"count": 7, "type": "created", "items": []}]}, "bio": ""}, {"id": "38072196", "photo": {"prefix": "https://igx.4sqi.net/img/user/", "default": true, "suffix": "/blank_girl.png"}, "homeCity": "New York, NY", "contact": {}, "firstName": "Kuo", "tips": {"count": 0}, "gender": "female", "lists": {"groups": [{"count": 2, "type": "created", "items": []}]}, "bio": ""}, {"id": "2418226", "photo": {"prefix": "https://igx.4sqi.net/img/user/", "suffix": "/BDFZY5UNQFSOEM2B.jpg"}, "homeCity": "New York, NY", "contact": {"facebook": "405034", "twitter": "theneoone"}, "firstName": "Francis", "tips": {"count": 0}, "gender": "male", "lastName": "Moran", "lists": {"groups": [{"count": 2, "type": "created", "items": []}]}, "bio": ""}, {"id": "60150933", "photo": {"prefix": "https://igx.4sqi.net/img/user/", "default": true, "suffix": "/blank_girl.png"}, "homeCity": "Amsterdam, 07", "contact": {}, "firstName": "Meike", "tips": {"count": 0}, "gender": "female", "lists": {"groups": [{"count": 2, "type": "created", "items": []}]}, "bio": ""}, {"id": "68913488", "photo": {"prefix": "https://igx.4sqi.net/img/user/", "default": true, "suffix": "/blank_girl.png"}, "homeCity": "Amsterdam, 07", "contact": {}, "firstName": "Marijs", "tips": {"count": 0}, "gender": "female", "lastName": "van Weelderen", "lists": {"groups": [{"count": 4, "type": "created", "items": []}]}, "bio": ""}, {"id": "31194763", "photo": {"prefix": "https://igx.4sqi.net/img/user/", "default": true, "suffix": "/blank_boy.png"}, "homeCity": "New York, NY", "contact": {}, "firstName": "Fokko", "tips": {"count": 0}, "gender": "male", "lists": {"groups": [{"count": 2, "type": "created", "items": []}]}, "bio": ""}]}, "checksum": "3cdb861ef627e07bc1b207318b8415dcb56e6332"}}