{"notifications": [{"type": "notificationTray", "item": {"unreadCount": 0}}], "meta": {"requestId": "5966d5c69fb6b770ee42215d", "code": 200}, "response": {"friends": {"count": 33, "items": [{"id": "38307750", "photo": {"prefix": "https://igx.4sqi.net/img/user/", "suffix": "/3V1NG3FKIA5NE2IQ.jpg"}, "homeCity": "New York, NY", "contact": {"facebook": "511802316", "twitter": "nolitsa"}, "firstName": "Nolits", "tips": {"count": 0}, "gender": "female", "lastName": "Mohamed", "lists": {"groups": [{"count": 2, "type": "created", "items": []}]}, "bio": ""}, {"id": "10625843", "photo": {"prefix": "https://igx.4sqi.net/img/user/", "suffix": "/10625843-FZI1UP424HMJMHW5.jpg"}, "homeCity": "Mal\u00e9, Maldives", "contact": {"facebook": "654945332"}, "firstName": "yushau", "tips": {"count": 1}, "gender": "male", "lastName": "Latheef", "lists": {"groups": [{"count": 2, "type": "created", "items": []}]}, "bio": ""}, {"id": "28817877", "photo": {"prefix": "https://igx.4sqi.net/img/user/", "suffix": "/BSSCKSPP4DBTCSWA.jpg"}, "homeCity": "Male, Maldives", "contact": {"facebook": "813594685393612", "twitter": "inishwan"}, "firstName": "Nishwan", "tips": {"count": 24}, "gender": "male", "lastName": "Mohamed", "lists": {"groups": [{"count": 3, "type": "created", "items": []}]}, "bio": ""}, {"id": "9950465", "photo": {"prefix": "https://igx.4sqi.net/img/user/", "suffix": "/9950465-0I5V5FTZGPTN0SOT.jpg"}, "homeCity": "", "contact": {"facebook": "1155840208", "twitter": "ri_az"}, "firstName": "IBlaxe", "tips": {"count": 3}, "gender": "male", "lists": {"groups": [{"count": 2, "type": "created", "items": []}]}, "bio": "@stage upgrade"}, {"id": "7845745", "photo": {"prefix": "https://igx.4sqi.net/img/user/", "suffix": "/7845745-VF34PRN4CVEIBEDL.jpg"}, "homeCity": "Maldives", "contact": {"twitter": "ali_inko"}, "firstName": "ali inko", "tips": {"count": 18}, "gender": "male", "lists": {"groups": [{"count": 2, "type": "created", "items": []}]}, "bio": ""}, {"id": "10212921", "photo": {"prefix": "https://igx.4sqi.net/img/user/", "suffix": "/10212921-Z1ALXCBXJ24Z1PYM.jpg"}, "homeCity": "Mal\u00e9, Maldives", "contact": {"twitter": "azmijaleel"}, "firstName": "Azmi", "tips": {"count": 6}, "gender": "male", "lastName": "Jaleel", "lists": {"groups": [{"count": 2, "type": "created", "items": []}]}, "bio": ""}, {"id": "17294608", "photo": {"prefix": "https://igx.4sqi.net/img/user/", "suffix": "/NEAZB0DVE53GEDV5.jpg"}, "homeCity": "Singapore", "contact": {}, "firstName": "\u0639\u0628\u062f\u0627\u0644\u0644\u0647", "tips": {"count": 0}, "gender": "male", "lists": {"groups": [{"count": 2, "type": "created", "items": []}]}, "bio": ""}, {"id": "10129443", "photo": {"prefix": "https://igx.4sqi.net/img/user/", "suffix": "/10129443-PLNTJ1Z22OCJI23F.jpg"}, "homeCity": "Maldives", "contact": {}, "firstName": "maha", "tips": {"count": 29}, "gender": "female", "lists": {"groups": [{"count": 2, "type": "created", "items": []}]}, "bio": ""}, {"id": "57434824", "photo": {"prefix": "https://igx.4sqi.net/img/user/", "suffix": "/57434824-PZ5N3P1MQUTT4QLJ.jpg"}, "homeCity": "", "contact": {"facebook": "672850578"}, "firstName": "sina", "tips": {"count": 0}, "gender": "male", "lastName": "sinaz", "lists": {"groups": [{"count": 2, "type": "created", "items": []}]}, "bio": ""}, {"id": "58178595", "photo": {"prefix": "https://igx.4sqi.net/img/user/", "suffix": "/F0WD4DUY5C2RGK2E.jpg"}, "homeCity": "rep.of.maldives", "contact": {"twitter": "iajithu"}, "firstName": "MAJEE", "tips": {"count": 1}, "gender": "male", "lists": {"groups": [{"count": 2, "type": "created", "items": []}]}, "bio": ""}, {"id": "45123518", "photo": {"prefix": "https://igx.4sqi.net/img/user/", "suffix": "/JKGH04LSGZ02EOZL.jpg"}, "homeCity": "Colombo, Sri Lanka", "contact": {"facebook": "100002186737080", "twitter": "mayaanrasheed"}, "firstName": "Mayaan", "tips": {"count": 1}, "gender": "male", "lastName": "Colson", "lists": {"groups": [{"count": 2, "type": "created", "items": []}]}, "bio": ""}, {"id": "35174649", "photo": {"prefix": "https://igx.4sqi.net/img/user/", "suffix": "/420E3SDPBRYWDDYY.jpg"}, "homeCity": "Bangalore", "contact": {"facebook": "564691268", "twitter": "maikk0"}, "firstName": "Maisha", "tips": {"count": 0}, "gender": "female", "lastName": "Mohammed", "lists": {"groups": [{"count": 2, "type": "created", "items": []}]}, "bio": "I stay home where its safe"}, {"id": "120163781", "photo": {"prefix": "https://igx.4sqi.net/img/user/", "suffix": "/120163781-VGLNVWXQ25XQBEZO.jpg"}, "homeCity": "Male, Maldives", "contact": {}, "firstName": "Hudha", "tips": {"count": 0}, "gender": "female", "lastName": "Mariyam", "lists": {"groups": [{"count": 2, "type": "created", "items": []}]}, "bio": "\ud83d\udc97\ud83d\udc60\ud83c\udf80\ud83d\udc84\r\n::: maldivian :::"}, {"id": "42204706", "photo": {"prefix": "https://igx.4sqi.net/img/user/", "suffix": "/VZOK2Y5ODTLDZ2ZG.jpg"}, "homeCity": "Colombo", "contact": {"facebook": "706270684"}, "firstName": "Aisha", "tips": {"count": 0}, "gender": "female", "lastName": "Adam", "lists": {"groups": [{"count": 2, "type": "created", "items": []}]}, "bio": ""}, {"id": "35276085", "photo": {"prefix": "https://igx.4sqi.net/img/user/", "suffix": "/35276085-OSQULLBK5DNVZP2B.jpg"}, "homeCity": "Maldives", "contact": {}, "firstName": "Dhunya", "tips": {"count": 0}, "gender": "female", "lists": {"groups": [{"count": 2, "type": "created", "items": []}]}, "bio": ""}, {"id": "84414248", "photo": {"prefix": "https://igx.4sqi.net/img/user/", "suffix": "/84414248-DRWRLFOQIV5LFBTW.jpg"}, "homeCity": "Male, Maale", "contact": {"facebook": "100005272533897"}, "firstName": "Ayaz", "tips": {"count": 0}, "gender": "male", "lastName": "Hassan", "lists": {"groups": [{"count": 2, "type": "created", "items": []}]}, "bio": ""}, {"id": "22755181", "photo": {"prefix": "https://igx.4sqi.net/img/user/", "suffix": "/WX5MVT4GB1CGMSFA.jpg"}, "homeCity": "Mal\u00e9, Maldives", "contact": {"facebook": "690983384", "twitter": "mahinfayaz"}, "firstName": "Ahmed", "tips": {"count": 0}, "gender": "male", "lastName": "Fayaz", "lists": {"groups": [{"count": 2, "type": "created", "items": []}]}, "bio": ""}, {"id": "68371317", "photo": {"prefix": "https://igx.4sqi.net/img/user/", "suffix": "/VY3ZSJI04IQXYPYV.jpg"}, "homeCity": "Male, 40", "contact": {"facebook": "1067433574"}, "firstName": "Seentho", "tips": {"count": 0}, "gender": "female", "lastName": "Mariyam", "lists": {"groups": [{"count": 2, "type": "created", "items": []}]}, "bio": ""}, {"id": "29346335", "photo": {"prefix": "https://igx.4sqi.net/img/user/", "suffix": "/QDIV5JIVSXIAM4DC.jpg"}, "homeCity": "Male, Maldives", "contact": {"facebook": "757031154", "twitter": "iraxquixo"}, "firstName": "Irax", "tips": {"count": 38}, "gender": "male", "lastName": "Hassan", "lists": {"groups": [{"count": 3, "type": "created", "items": []}]}, "bio": ""}, {"id": "69728911", "photo": {"prefix": "https://igx.4sqi.net/img/user/", "suffix": "/-PM0QEPQJEFEDHKOS.jpg"}, "homeCity": "Male'", "contact": {}, "firstName": "Faya", "tips": {"count": 0}, "gender": "male", "lastName": "PhaYax", "lists": {"groups": [{"count": 2, "type": "created", "items": []}]}, "bio": ""}, {"id": "61135911", "photo": {"prefix": "https://igx.4sqi.net/img/user/", "suffix": "/NTQA0K1F24WC1VAL.jpg"}, "homeCity": "Male, 40", "contact": {"facebook": "10155342694435176"}, "firstName": "Fathmath", "tips": {"count": 0}, "gender": "female", "lastName": "Shibana", "lists": {"groups": [{"count": 2, "type": "created", "items": []}]}, "bio": ""}, {"id": "10930346", "photo": {"prefix": "https://igx.4sqi.net/img/user/", "suffix": "/O1UBZWIBILVKKBGR.jpg"}, "homeCity": "Hulhumal\u00e9, Maldives", "contact": {"facebook": "591200427"}, "firstName": "Ahmed", "tips": {"count": 0}, "gender": "male", "lastName": "Adheeb", "lists": {"groups": [{"count": 2, "type": "created", "items": []}]}, "bio": ""}, {"id": "99411825", "photo": {"prefix": "https://igx.4sqi.net/img/user/", "suffix": "/99411825-1UMK5IVIBSBVRSJP.jpg"}, "homeCity": "Male, Maldives", "contact": {"facebook": "655257174"}, "firstName": "Abdulla", "tips": {"count": 0}, "gender": "male", "lastName": "Munaz", "lists": {"groups": [{"count": 2, "type": "created", "items": []}]}, "bio": ""}, {"id": "36305232", "photo": {"prefix": "https://igx.4sqi.net/img/user/", "suffix": "/36305232-33J3S2L3QZ33WDVF.jpg"}, "homeCity": "Male' Maldives ", "contact": {"facebook": "580885489", "twitter": "shykz_1"}, "firstName": "Sham", "tips": {"count": 23}, "gender": "male", "lastName": "Suja", "lists": {"groups": [{"count": 2, "type": "created", "items": []}]}, "bio": ""}, {"id": "46188865", "photo": {"prefix": "https://igx.4sqi.net/img/user/", "suffix": "/QJ5KOCLXDOGMPDM5.jpg"}, "homeCity": "Karnataka", "contact": {"facebook": "1627154103"}, "firstName": "Leevan", "tips": {"count": 0}, "gender": "male", "lastName": "Winchester", "lists": {"groups": [{"count": 2, "type": "created", "items": []}]}, "bio": ""}, {"id": "10784615", "photo": {"prefix": "https://igx.4sqi.net/img/user/", "suffix": "/EBZHQLJTX0QGATH0.jpg"}, "homeCity": "Mal\u00e9, Maldives", "contact": {"facebook": "593310127"}, "firstName": "Imjad", "tips": {"count": 2}, "gender": "male", "lastName": "Jaleel", "lists": {"groups": [{"count": 2, "type": "created", "items": []}]}, "bio": ""}, {"id": "82319646", "photo": {"prefix": "https://igx.4sqi.net/img/user/", "suffix": "/-1FK1FM4SFWQFBZX1.jpg"}, "homeCity": "Male'", "contact": {"facebook": "10154010807835923"}, "firstName": "Phayax", "tips": {"count": 0}, "gender": "male", "lastName": "Fayaz", "lists": {"groups": [{"count": 3, "type": "created", "items": []}]}, "bio": ""}, {"id": "30066379", "photo": {"prefix": "https://igx.4sqi.net/img/user/", "suffix": "/A3XQVPRTVT1PMAZQ.jpg"}, "homeCity": "Male'  ,  Maldives", "contact": {"facebook": "882585441"}, "firstName": "Hussain", "tips": {"count": 0}, "gender": "male", "lastName": "Nadhyn", "lists": {"groups": [{"count": 2, "type": "created", "items": []}]}, "bio": ""}, {"id": "58362845", "photo": {"prefix": "https://igx.4sqi.net/img/user/", "suffix": "/DVXZVDTFPKP40WEJ.jpg"}, "homeCity": "", "contact": {"facebook": "647857444"}, "firstName": "Nazima", "tips": {"count": 5}, "gender": "none", "lastName": "Ali", "lists": {"groups": [{"count": 2, "type": "created", "items": []}]}, "bio": ""}, {"id": "101213696", "photo": {"prefix": "https://igx.4sqi.net/img/user/", "suffix": "/101213696-4O0HO4WPL5XWADRX.jpg"}, "homeCity": "Leeds", "contact": {"facebook": "597940575"}, "firstName": "Ahumeena", "tips": {"count": 0}, "gender": "female", "lastName": "Ahmed", "lists": {"groups": [{"count": 2, "type": "created", "items": []}]}, "bio": ""}, {"id": "36312955", "photo": {"prefix": "https://igx.4sqi.net/img/user/", "suffix": "/36312955-NFHSOIDGKVARZIDV.jpg"}, "homeCity": "Leeds ", "contact": {}, "firstName": "Ahooz", "tips": {"count": 0}, "gender": "female", "lists": {"groups": [{"count": 2, "type": "created", "items": []}]}, "bio": ""}, {"id": "67063630", "photo": {"prefix": "https://igx.4sqi.net/img/user/", "suffix": "/67063630-2DFG4H0DVQ5ZQEH3.jpg"}, "homeCity": "Bangalore, 19", "contact": {}, "firstName": "Maisha", "tips": {"count": 3}, "gender": "female", "lastName": "Mohomed", "lists": {"groups": [{"count": 2, "type": "created", "items": []}]}, "bio": ""}, {"id": "38588056", "photo": {"prefix": "https://igx.4sqi.net/img/user/", "default": true, "suffix": "/blank_girl.png"}, "homeCity": "New York, NY", "contact": {"facebook": "100004045374905"}, "firstName": "Lahfa", "tips": {"count": 0}, "gender": "female", "lastName": "Asim", "lists": {"groups": [{"count": 2, "type": "created", "items": []}]}, "bio": ""}]}, "checksum": "4ceac4581349273e32e52365cac941e32bee3a44"}}