{"notifications": [{"type": "notificationTray", "item": {"unreadCount": 0}}], "response": {"friends": {"items": [{"tips": {"count": 1}, "contact": {}, "firstName": "Alistair", "gender": "male", "lastName": "G", "id": "18367349", "bio": "", "photo": {"prefix": "https://igx.4sqi.net/img/user/", "suffix": "/HJBSNODJ0GSYCMDK.jpg"}, "homeCity": "M\u00fcnchen, Deutschland", "lists": {"groups": [{"items": [], "count": 3, "type": "created"}]}}, {"tips": {"count": 3}, "contact": {}, "firstName": "Ashley", "gender": "female", "id": "38324806", "bio": "", "photo": {"prefix": "https://igx.4sqi.net/img/user/", "suffix": "/38324806-D4WAJBBDUA0SCKPI.jpg"}, "homeCity": "New York, NY", "lists": {"groups": [{"items": [], "count": 5, "type": "created"}]}}, {"tips": {"count": 2}, "contact": {}, "firstName": "Dirk", "gender": "male", "lastName": "Ahlrichs", "id": "4456223", "bio": "", "photo": {"prefix": "https://igx.4sqi.net/img/user/", "suffix": "/BRNWO3HXFBH3F1MU.jpg"}, "homeCity": "Munich, Germany", "lists": {"groups": [{"items": [], "count": 2, "type": "created"}]}}, {"tips": {"count": 6}, "contact": {}, "firstName": "Shawn", "gender": "male", "id": "28522654", "bio": "", "photo": {"prefix": "https://igx.4sqi.net/img/user/", "suffix": "/-N1RQH30DOXJMFCKM.jpg"}, "homeCity": "Port Jefferson, NY", "lists": {"groups": [{"items": [], "count": 2, "type": "created"}]}}, {"tips": {"count": 0}, "contact": {"twitter": "rafagarridobr"}, "firstName": "Rafael", "gender": "male", "lastName": "Garrido", "id": "4632469", "bio": "", "photo": {"prefix": "https://igx.4sqi.net/img/user/", "suffix": "/IAQCA3I3T2HHBZSL.jpg"}, "homeCity": "New York, NY", "lists": {"groups": [{"items": [], "count": 2, "type": "created"}]}}, {"tips": {"count": 1}, "contact": {}, "firstName": "kunal", "gender": "male", "lastName": "m", "id": "263365", "bio": "", "photo": {"prefix": "https://igx.4sqi.net/img/user/", "suffix": "/4FIDZFOXNOLFJ4EO.jpg"}, "homeCity": "", "lists": {"groups": [{"items": [], "count": 2, "type": "created"}]}}, {"tips": {"count": 4}, "contact": {"facebook": "1549918017"}, "firstName": "Leandro", "gender": "male", "lastName": "B", "id": "36195465", "bio": "", "photo": {"prefix": "https://igx.4sqi.net/img/user/", "suffix": "/-P4XTV4MZVVZWCPGQ.jpg"}, "homeCity": "Montevideo", "lists": {"groups": [{"items": [], "count": 2, "type": "created"}]}}, {"tips": {"count": 9}, "contact": {"twitter": "gymicrae", "facebook": "568716434"}, "firstName": "Jim", "gender": "male", "lastName": "McCray", "id": "370780", "bio": "", "photo": {"prefix": "https://igx.4sqi.net/img/user/", "suffix": "/0RQPDQD4ARFGKDOL.jpg"}, "homeCity": "Brooklyn, NY", "lists": {"groups": [{"items": [], "count": 3, "type": "created"}]}}, {"tips": {"count": 0}, "contact": {"facebook": "670606091"}, "firstName": "Phuong-Nam", "gender": "male", "lastName": "T\u00f4", "id": "7950245", "bio": "", "photo": {"prefix": "https://igx.4sqi.net/img/user/", "suffix": "/KSFZ3FGXTQ5CFZSE.jpg"}, "homeCity": "New York, NY", "lists": {"groups": [{"items": [], "count": 2, "type": "created"}]}}, {"tips": {"count": 9}, "contact": {"twitter": "andizottmann", "facebook": "1724281817"}, "firstName": "Andreas", "gender": "male", "lastName": "Zottmann", "id": "10769132", "bio": "", "photo": {"prefix": "https://igx.4sqi.net/img/user/", "suffix": "/MTFFNYNB5ZLSZDUC.jpg"}, "homeCity": "Bruckm\u00fchl, Deutschland", "lists": {"groups": [{"items": [], "count": 2, "type": "created"}]}}, {"tips": {"count": 0}, "contact": {"twitter": "pkuecuekyan", "facebook": "1300849265"}, "firstName": "Philipp", "gender": "male", "id": "413172310", "bio": "", "photo": {"prefix": "https://igx.4sqi.net/img/user/", "suffix": "/413172310_jnq-cbcL_rXWUQFq8m1lKNbGXVXGsfdmVLfe3uuyDzcO9HuMNNq9buJBFNsUK3SRah8hrS9_s.jpg"}, "homeCity": "", "lists": {"groups": [{"items": [], "count": 2, "type": "created"}]}}, {"tips": {"count": 4}, "contact": {"twitter": "hellofelixe", "facebook": "1625552218"}, "firstName": "Felix", "gender": "male", "lastName": "Ermer", "id": "11152401", "bio": "", "photo": {"prefix": "https://igx.4sqi.net/img/user/", "suffix": "/PEYPNXHXHFHJKSW4.jpg"}, "homeCity": "New York, NY", "lists": {"groups": [{"items": [], "count": 2, "type": "created"}]}}, {"tips": {"count": 1}, "contact": {"facebook": "1138885852"}, "firstName": "Inge", "gender": "female", "id": "249017", "bio": "", "photo": {"prefix": "https://igx.4sqi.net/img/user/", "suffix": "/XY4VDR3P1AIPR0DC.jpg"}, "homeCity": "New York, NY", "lists": {"groups": [{"items": [], "count": 2, "type": "created"}]}}, {"tips": {"count": 1}, "contact": {}, "firstName": "Kevin", "gender": "male", "lastName": "Thomas", "id": "5611417", "bio": "", "photo": {"prefix": "https://igx.4sqi.net/img/user/", "suffix": "/PXCGIQWFZHEL5MUC.jpg"}, "homeCity": "New York, NY", "lists": {"groups": [{"items": [], "count": 2, "type": "created"}]}}, {"tips": {"count": 1}, "contact": {"twitter": "gernot_ullrich"}, "firstName": "Gernot", "gender": "male", "lastName": "Ullrich", "id": "7332672", "bio": "", "photo": {"prefix": "https://igx.4sqi.net/img/user/", "suffix": "/blank_boy.png", "default": true}, "homeCity": "New York, NY", "lists": {"groups": [{"items": [], "count": 2, "type": "created"}]}}, {"tips": {"count": 2}, "contact": {"twitter": "lliles", "facebook": "501039109"}, "firstName": "Lane", "gender": "male", "id": "654106", "bio": "", "photo": {"prefix": "https://igx.4sqi.net/img/user/", "suffix": "/L5S45JVM1BOSQ05B.jpg"}, "homeCity": "New York, NY", "lists": {"groups": [{"items": [], "count": 2, "type": "created"}]}}, {"tips": {"count": 4}, "contact": {"facebook": "10100527605940272"}, "firstName": "Casey", "gender": "male", "lastName": "Bowman", "id": "456860", "bio": "", "photo": {"prefix": "https://igx.4sqi.net/img/user/", "suffix": "/YPFS1OCPA3DD4OPS.jpg"}, "homeCity": "San Francisco, CA", "lists": {"groups": [{"items": [], "count": 2, "type": "created"}]}}, {"tips": {"count": 1}, "contact": {"facebook": "10152563544985686"}, "firstName": "Marij", "gender": "female", "lastName": "Dedecker", "id": "5406732", "bio": "", "photo": {"prefix": "https://igx.4sqi.net/img/user/", "suffix": "/PPANWLQ2GUAZOREC.jpg"}, "homeCity": "New York, NY", "lists": {"groups": [{"items": [], "count": 2, "type": "created"}]}}, {"tips": {"count": 2}, "contact": {}, "firstName": "Jan Michael", "gender": "male", "lastName": "Pfeiffer", "id": "5105299", "bio": "", "photo": {"prefix": "https://igx.4sqi.net/img/user/", "suffix": "/TP51VAGLMVNJY2YH.jpg"}, "homeCity": "Lahaina, HI", "lists": {"groups": [{"items": [], "count": 2, "type": "created"}]}}, {"tips": {"count": 0}, "contact": {"facebook": "24417935"}, "firstName": "Nicholas", "gender": "male", "lastName": "Hofbauer", "id": "74518581", "bio": "", "photo": {"prefix": "https://igx.4sqi.net/img/user/", "suffix": "/74518581-Q3MRKVACQDLTHJDZ.jpg"}, "homeCity": "Brooklyn, NY", "lists": {"groups": [{"items": [], "count": 2, "type": "created"}]}}, {"tips": {"count": 59}, "contact": {"twitter": "hansamann"}, "firstName": "Sven", "gender": "male", "lastName": "Haiges", "id": "551600", "bio": "", "photo": {"prefix": "https://igx.4sqi.net/img/user/", "suffix": "/551600-LF3QB2QVI400CFWP.jpg"}, "homeCity": "Munich, Germany", "lists": {"groups": [{"items": [], "count": 7, "type": "created"}]}}, {"tips": {"count": 8}, "contact": {"twitter": "andreaskopp", "facebook": "1582900760"}, "firstName": "Andreas", "gender": "male", "lastName": "Kopp", "id": "148806", "bio": "", "photo": {"prefix": "https://igx.4sqi.net/img/user/", "suffix": "/148806-M1OZZTYMBWHMCNSP.jpg"}, "homeCity": "Munich", "lists": {"groups": [{"items": [], "count": 3, "type": "created"}]}}, {"tips": {"count": 1}, "contact": {"facebook": "10203257945025180"}, "firstName": "Bastian", "gender": "male", "lastName": "Echterh\u00f6lter", "id": "780223", "bio": "", "photo": {"prefix": "https://igx.4sqi.net/img/user/", "suffix": "/780223-K4MAA1U1C0AL23JL.jpg"}, "homeCity": "San Francisco, CA", "lists": {"groups": [{"items": [], "count": 3, "type": "created"}]}}, {"tips": {"count": 5}, "contact": {"facebook": "553978963"}, "firstName": "Geison", "gender": "male", "lastName": "Carrera", "id": "2819405", "bio": "", "photo": {"prefix": "https://igx.4sqi.net/img/user/", "suffix": "/3XEEL0LU2W5R3NHB.jpg"}, "homeCity": "New York, NY", "lists": {"groups": [{"items": [], "count": 2, "type": "created"}]}}, {"tips": {"count": 1}, "contact": {"twitter": "martinmachin", "facebook": "10152764574766593"}, "firstName": "Martin", "gender": "male", "lastName": "Machin Cladera", "id": "33096292", "bio": "", "photo": {"prefix": "https://igx.4sqi.net/img/user/", "suffix": "/0NAPU2GYCF2TITVG.jpg"}, "homeCity": "Montevideo", "lists": {"groups": [{"items": [], "count": 3, "type": "created"}]}}, {"tips": {"count": 3}, "contact": {"facebook": "721511168"}, "firstName": "Frank", "gender": "male", "lastName": "Zimmermann", "id": "165771", "bio": "", "photo": {"prefix": "https://igx.4sqi.net/img/user/", "suffix": "/00JKSUSDI03GMAGH.jpg"}, "homeCity": "Brooklyn, NY", "lists": {"groups": [{"items": [], "count": 2, "type": "created"}]}}, {"tips": {"count": 0}, "contact": {"facebook": "100000108021826"}, "firstName": "Dieter", "gender": "male", "lastName": "Pisarewski", "id": "77213842", "bio": "", "photo": {"prefix": "https://igx.4sqi.net/img/user/", "suffix": "/77213842-TV5KO5SRKRSUHD51.jpg"}, "homeCity": "Hamburg, HH", "lists": {"groups": [{"items": [], "count": 2, "type": "created"}]}}, {"tips": {"count": 0}, "contact": {}, "firstName": "Peter", "gender": "male", "id": "59647493", "bio": "", "photo": {"prefix": "https://igx.4sqi.net/img/user/", "suffix": "/59647493-RXG2J5XMDUDZ34QH.jpg"}, "homeCity": "New York, NY", "lists": {"groups": [{"items": [], "count": 2, "type": "created"}]}}, {"tips": {"count": 4}, "contact": {}, "firstName": "Christian", "gender": "male", "lastName": "M\u00fcnch", "id": "9507523", "bio": "", "photo": {"prefix": "https://igx.4sqi.net/img/user/", "suffix": "/1W22FD1UKUGLKRIZ.png"}, "homeCity": "M\u00fcnchen, Deutschland", "lists": {"groups": [{"items": [], "count": 2, "type": "created"}]}}, {"tips": {"count": 0}, "contact": {"facebook": "708622578"}, "firstName": "Susine", "gender": "female", "lastName": "Silva", "id": "4774430", "bio": "", "photo": {"prefix": "https://igx.4sqi.net/img/user/", "suffix": "/ID3RMM3NXWX3WF20.jpg"}, "homeCity": "Union, NJ", "lists": {"groups": [{"items": [], "count": 2, "type": "created"}]}}, {"tips": {"count": 0}, "contact": {"facebook": "1366931857"}, "firstName": "Ren\u00e9", "gender": "male", "lastName": "?", "id": "6731722", "bio": "", "photo": {"prefix": "https://igx.4sqi.net/img/user/", "suffix": "/YO052JPR53WVSCQ0.jpg"}, "homeCity": "New York, NY", "lists": {"groups": [{"items": [], "count": 2, "type": "created"}]}}, {"tips": {"count": 45}, "contact": {"twitter": "hellosilka", "facebook": "10208548672618138"}, "firstName": "Silka", "gender": "female", "lastName": "R", "id": "36260681", "bio": "", "photo": {"prefix": "https://igx.4sqi.net/img/user/", "suffix": "/5RPOPDFQ5YVACC1L.jpg"}, "homeCity": "Konstanz", "lists": {"groups": [{"items": [], "count": 3, "type": "created"}]}}, {"tips": {"count": 0}, "contact": {"facebook": "838657472836628"}, "firstName": "Jacek", "gender": "male", "lastName": "Konopelski", "id": "20260670", "bio": "", "photo": {"prefix": "https://igx.4sqi.net/img/user/", "suffix": "/3RW4NLNYCEY5KERZ.jpg"}, "homeCity": "Munich", "lists": {"groups": [{"items": [], "count": 2, "type": "created"}]}}, {"tips": {"count": 0}, "contact": {"facebook": "567962887"}, "firstName": "William", "gender": "male", "lastName": "Sauter", "id": "20976019", "bio": "", "photo": {"prefix": "https://igx.4sqi.net/img/user/", "suffix": "/blank_boy.png", "default": true}, "homeCity": "New York", "lists": {"groups": [{"items": [], "count": 2, "type": "created"}]}}, {"tips": {"count": 0}, "contact": {"twitter": "simonhuggins", "facebook": "10204797813958291"}, "firstName": "Simon", "gender": "male", "lastName": "Huggins", "id": "5973879", "bio": "", "photo": {"prefix": "https://igx.4sqi.net/img/user/", "suffix": "/SFXOZZWDGJTQK25O.jpg"}, "homeCity": "Banbury, UK", "lists": {"groups": [{"items": [], "count": 2, "type": "created"}]}}, {"tips": {"count": 5}, "contact": {"facebook": "10211182251817880"}, "firstName": "Agnieszka", "gender": "female", "id": "8168148", "bio": "", "photo": {"prefix": "https://igx.4sqi.net/img/user/", "suffix": "/8168148-XSW2FLXCKPPSS2H4.jpg"}, "homeCity": "M\u00fcnchen", "lists": {"groups": [{"items": [], "count": 7, "type": "created"}]}}, {"tips": {"count": 1}, "contact": {"facebook": "48306208"}, "firstName": "Amir", "gender": "male", "lastName": "P", "id": "47229197", "bio": "", "photo": {"prefix": "https://igx.4sqi.net/img/user/", "suffix": "/SWH2UQ3IE20VQSNC.jpg"}, "homeCity": "Qu\u00e9bec", "lists": {"groups": [{"items": [], "count": 5, "type": "created"}]}}, {"tips": {"count": 3}, "contact": {"twitter": "chneeb"}, "firstName": "Christian", "gender": "male", "lastName": "Neeb", "id": "2208259", "bio": "", "photo": {"prefix": "https://igx.4sqi.net/img/user/", "suffix": "/EIZJA0DDRZ4IZU3Z.jpg"}, "homeCity": "M\u00fcnchen, Deutschland", "lists": {"groups": [{"items": [], "count": 2, "type": "created"}]}}, {"tips": {"count": 34}, "contact": {}, "firstName": "Anca", "gender": "female", "id": "9123082", "bio": "", "photo": {"prefix": "https://igx.4sqi.net/img/user/", "suffix": "/HUEU4DMKVYP2VXEY.jpg"}, "homeCity": "M\u00fcnchen, Deutschland", "lists": {"groups": [{"items": [], "count": 7, "type": "created"}]}}, {"tips": {"count": 6}, "contact": {"twitter": "sebastiankrebs", "facebook": "10205697141601326"}, "firstName": "Sebastian", "gender": "male", "id": "1730812", "bio": "", "photo": {"prefix": "https://igx.4sqi.net/img/user/", "suffix": "/1730812-KQR0OPHHDG2IKFOF.jpg"}, "homeCity": "Aschaffenburg, Bayern", "lists": {"groups": [{"items": [], "count": 2, "type": "created"}]}}, {"tips": {"count": 0}, "contact": {"facebook": "507534613"}, "firstName": "Scott", "gender": "male", "lastName": "Seltman", "id": "163697", "bio": "", "photo": {"prefix": "https://igx.4sqi.net/img/user/", "suffix": "/5AP3NV1KEIKQ4PU2.png"}, "homeCity": "Palm Beach, FL", "lists": {"groups": [{"items": [], "count": 2, "type": "created"}]}}, {"tips": {"count": 0}, "contact": {"facebook": "577676756"}, "firstName": "Bert", "gender": "male", "lastName": "van Heukelom", "id": "1544352", "bio": "", "photo": {"prefix": "https://igx.4sqi.net/img/user/", "suffix": "/HMKFWEDA20Y1HKXO.jpg"}, "homeCity": "M\u00fcnchen", "lists": {"groups": [{"items": [], "count": 2, "type": "created"}]}}, {"tips": {"count": 3}, "contact": {"twitter": "dbruzzone", "facebook": "622281053"}, "firstName": "Davide", "gender": "male", "lastName": "Bruzzone", "id": "3318543", "bio": "", "photo": {"prefix": "https://igx.4sqi.net/img/user/", "suffix": "/DQYQYZCYMQELMXOB.jpg"}, "homeCity": "New York, NY", "lists": {"groups": [{"items": [], "count": 2, "type": "created"}]}}, {"tips": {"count": 0}, "contact": {"facebook": "100002917754091"}, "firstName": "Frank", "gender": "male", "lastName": "Grupe", "id": "39106350", "bio": "", "photo": {"prefix": "https://igx.4sqi.net/img/user/", "suffix": "/K31ALKKBDC2BFDFJ.jpg"}, "homeCity": "Niedersachsen", "lists": {"groups": [{"items": [], "count": 2, "type": "created"}]}}, {"tips": {"count": 0}, "contact": {"facebook": "599953334"}, "firstName": "Martin", "gender": "male", "lastName": "Schade", "id": "52764427", "bio": "", "photo": {"prefix": "https://igx.4sqi.net/img/user/", "suffix": "/blank_boy.png", "default": true}, "homeCity": "New York, NY", "lists": {"groups": [{"items": [], "count": 2, "type": "created"}]}}, {"tips": {"count": 2}, "contact": {"facebook": "674931234"}, "firstName": "Sebastian", "gender": "male", "lastName": "Strugholtz", "id": "55996796", "bio": "", "photo": {"prefix": "https://igx.4sqi.net/img/user/", "suffix": "/34NIFZQN5IVCTHU5.jpg"}, "homeCity": "San Francisco, CA", "lists": {"groups": [{"items": [], "count": 2, "type": "created"}]}}, {"tips": {"count": 0}, "contact": {"facebook": "612933020"}, "firstName": "Alex", "gender": "male", "lastName": "Ricardo", "id": "34771539", "bio": "", "photo": {"prefix": "https://igx.4sqi.net/img/user/", "suffix": "/34771539-EPURYE2PILD1RXYP.jpg"}, "homeCity": "New York, NY", "lists": {"groups": [{"items": [], "count": 2, "type": "created"}]}}, {"tips": {"count": 31}, "contact": {}, "firstName": "Fredrik", "gender": "male", "lastName": "Andersson", "id": "6858601", "bio": "Yup.", "photo": {"prefix": "https://igx.4sqi.net/img/user/", "suffix": "/6858601-UITZHPJQIYXB55D1.jpg"}, "homeCity": "Gothenburg, Sweden", "lists": {"groups": [{"items": [], "count": 5, "type": "created"}]}}, {"tips": {"count": 16}, "contact": {}, "firstName": "s", "gender": "female", "lastName": "S", "id": "36873806", "bio": "", "photo": {"prefix": "https://igx.4sqi.net/img/user/", "suffix": "/36873806-PFAYWZEQNNOFNDJX.jpg"}, "homeCity": "Magog QC", "lists": {"groups": [{"items": [], "count": 2, "type": "created"}]}}, {"tips": {"count": 1}, "contact": {}, "firstName": "Guillermo", "gender": "male", "lastName": "Polito", "id": "39549088", "bio": "http://www.flickr.com/photos/gpolito", "photo": {"prefix": "https://igx.4sqi.net/img/user/", "suffix": "/39549088-OYE5D4AZTULRZM2U.jpg"}, "homeCity": "Montevideo", "lists": {"groups": [{"items": [], "count": 2, "type": "created"}]}}, {"tips": {"count": 0}, "contact": {"facebook": "1086227694724797"}, "firstName": "Thomas", "gender": "male", "lastName": "Mosandl", "id": "94851304", "bio": "", "photo": {"prefix": "https://igx.4sqi.net/img/user/", "suffix": "/94851304-JU3RBTRHI5FLIKU4.jpg"}, "homeCity": "Munich, Germany", "lists": {"groups": [{"items": [], "count": 2, "type": "created"}]}}, {"tips": {"count": 16}, "contact": {}, "firstName": "Abel", "gender": "male", "lastName": "Tazza", "id": "5977552", "bio": "", "photo": {"prefix": "https://igx.4sqi.net/img/user/", "suffix": "/1QQEMA2C3EHLO0MX.jpg"}, "homeCity": "London, UK", "lists": {"groups": [{"items": [], "count": 30, "type": "created"}]}}, {"tips": {"count": 1}, "contact": {}, "firstName": "Xaver", "gender": "male", "lastName": "Frank", "id": "16088298", "bio": "", "photo": {"prefix": "https://igx.4sqi.net/img/user/", "suffix": "/AVELWWRARKS1FZPQ.jpg"}, "homeCity": "New York, NY", "lists": {"groups": [{"items": [], "count": 2, "type": "created"}]}}, {"tips": {"count": 0}, "contact": {}, "firstName": "Bernhard", "gender": "male", "lastName": "B\u00f6nnemann", "id": "5386896", "bio": "", "photo": {"prefix": "https://igx.4sqi.net/img/user/", "suffix": "/AMPTZIQ2S2P2T4HF.jpg"}, "homeCity": "New York, NY", "lists": {"groups": [{"items": [], "count": 2, "type": "created"}]}}, {"tips": {"count": 2}, "contact": {"twitter": "nikkiatrayvin", "facebook": "1049233273"}, "firstName": "Nicole", "gender": "female", "lastName": "M.", "id": "3539252", "bio": "", "photo": {"prefix": "https://igx.4sqi.net/img/user/", "suffix": "/WBPYDTXMEWTIPHKB.jpg"}, "homeCity": "New York, NY", "lists": {"groups": [{"items": [], "count": 2, "type": "created"}]}}, {"tips": {"count": 1}, "contact": {"facebook": "1313544605"}, "firstName": "Fionn", "gender": "male", "lastName": "Zi", "id": "9194501", "bio": "", "photo": {"prefix": "https://igx.4sqi.net/img/user/", "suffix": "/9194501-BHCVUKDI1GNISVFD.jpg"}, "homeCity": "Hamburg", "lists": {"groups": [{"items": [], "count": 2, "type": "created"}]}}, {"tips": {"count": 3}, "contact": {}, "firstName": "paul", "gender": "male", "lastName": "ramshaw", "id": "2269534", "bio": "", "photo": {"prefix": "https://igx.4sqi.net/img/user/", "suffix": "/XWTC4RKJNBKYVLU5.jpg"}, "homeCity": "London, UK", "lists": {"groups": [{"items": [], "count": 5, "type": "created"}]}}, {"tips": {"count": 0}, "contact": {"twitter": "seenickcode", "facebook": "9109527"}, "firstName": "Nick", "gender": "male", "lastName": "Manning", "id": "3721517", "bio": "", "photo": {"prefix": "https://igx.4sqi.net/img/user/", "suffix": "/2CUNTB2THKBPVXON.jpg"}, "homeCity": "New York, NY", "lists": {"groups": [{"items": [], "count": 2, "type": "created"}]}}, {"tips": {"count": 2}, "contact": {"facebook": "10152939557584266"}, "firstName": "Ojas", "gender": "male", "lastName": "Gosar", "id": "52910501", "bio": "", "photo": {"prefix": "https://igx.4sqi.net/img/user/", "suffix": "/52910501-TRR2JMOIVMDBKSJ5.jpg"}, "homeCity": "New York", "lists": {"groups": [{"items": [], "count": 2, "type": "created"}]}}, {"tips": {"count": 0}, "contact": {"facebook": "10212377316331249"}, "firstName": "Marcel", "gender": "none", "lastName": "Gocke", "id": "83816630", "bio": "", "photo": {"prefix": "https://igx.4sqi.net/img/user/", "suffix": "/blank_boy.png", "default": true}, "homeCity": "Brooklyn, NY", "lists": {"groups": [{"items": [], "count": 2, "type": "created"}]}}, {"tips": {"count": 33}, "contact": {}, "firstName": "Cipriano", "gender": "male", "lastName": "S\u00e1nchez", "id": "9145550", "bio": "", "photo": {"prefix": "https://igx.4sqi.net/img/user/", "suffix": "/9145550-TQUUXELVQCBA0MVR.jpg"}, "homeCity": "San Jose, Costa Rica", "lists": {"groups": [{"items": [], "count": 5, "type": "created"}]}}, {"tips": {"count": 0}, "contact": {"facebook": "555587155"}, "firstName": "Giri", "gender": "male", "lastName": "Radhakrishnan", "id": "41514093", "bio": "", "photo": {"prefix": "https://igx.4sqi.net/img/user/", "suffix": "/AB1RGUBNHPQDSZEM.jpg"}, "homeCity": "New York", "lists": {"groups": [{"items": [], "count": 2, "type": "created"}]}}, {"tips": {"count": 0}, "contact": {"facebook": "585218311"}, "firstName": "Feather", "gender": "female", "lastName": "Girkin", "id": "57232034", "bio": "", "photo": {"prefix": "https://igx.4sqi.net/img/user/", "suffix": "/blank_girl.png", "default": true}, "homeCity": "California, KY", "lists": {"groups": [{"items": [], "count": 2, "type": "created"}]}}, {"tips": {"count": 1}, "contact": {}, "firstName": "Till", "gender": "male", "id": "7531349", "bio": "", "photo": {"prefix": "https://igx.4sqi.net/img/user/", "suffix": "/KIOZELEILKZXFUG2.gif"}, "homeCity": "Munich, Germany", "lists": {"groups": [{"items": [], "count": 4, "type": "created"}]}}, {"tips": {"count": 2}, "contact": {"twitter": "erikmsy", "facebook": "803205023"}, "firstName": "Erik", "gender": "male", "lastName": "Mu Si Yan", "id": "16228947", "bio": "", "photo": {"prefix": "https://igx.4sqi.net/img/user/", "suffix": "/WRBYDA3KPF3SDSUN.jpg"}, "homeCity": "NY", "lists": {"groups": [{"items": [], "count": 4, "type": "created"}]}}, {"tips": {"count": 0}, "contact": {"twitter": "jurgenhaas", "facebook": "751731453"}, "firstName": "J\u00fcrgen", "gender": "male", "lastName": "Haas", "id": "48041898", "bio": "", "photo": {"prefix": "https://igx.4sqi.net/img/user/", "suffix": "/C1SAGPQ4AXXZM4RK.jpg"}, "homeCity": "Baden-W\u00fcrttemberg", "lists": {"groups": [{"items": [], "count": 4, "type": "created"}]}}, {"tips": {"count": 0}, "contact": {}, "firstName": "Kostas", "gender": "male", "lastName": "Papageorgiou", "id": "86122894", "bio": "", "photo": {"prefix": "https://igx.4sqi.net/img/user/", "suffix": "/86122894-H4TD4RCTHUJ1KN5C.jpg"}, "homeCity": "Munich, Bavaria", "lists": {"groups": [{"items": [], "count": 2, "type": "created"}]}}, {"tips": {"count": 1}, "contact": {}, "firstName": "Florent", "gender": "male", "lastName": "Barre Hi Yo", "id": "8709474", "bio": "", "photo": {"prefix": "https://igx.4sqi.net/img/user/", "suffix": "/8709474-COXPR3SJPGO54R0J.jpg"}, "homeCity": "fbariod@gmail.com", "lists": {"groups": [{"items": [], "count": 3, "type": "created"}]}}, {"tips": {"count": 27}, "contact": {"facebook": "22618740"}, "firstName": "Matthew", "gender": "male", "lastName": "Kanwisher", "id": "3721600", "bio": "", "photo": {"prefix": "https://igx.4sqi.net/img/user/", "suffix": "/X5XSCUR3WLCGCZLI.jpg"}, "homeCity": "New York, NY", "lists": {"groups": [{"items": [], "count": 3, "type": "created"}]}}, {"tips": {"count": 0}, "contact": {"facebook": "10102012836286822"}, "firstName": "Maria", "gender": "female", "lastName": "Kent", "id": "222715454", "bio": "", "photo": {"prefix": "https://igx.4sqi.net/img/user/", "suffix": "/222715454-HGZZSWDP13WB32P2.jpg"}, "homeCity": "Brooklyn, NY", "lists": {"groups": [{"items": [], "count": 2, "type": "created"}]}}, {"tips": {"count": 20}, "contact": {"twitter": "thneeb", "facebook": "668412660"}, "firstName": "Thomas", "gender": "male", "lastName": "Neeb", "id": "21645373", "bio": "", "photo": {"prefix": "https://igx.4sqi.net/img/user/", "suffix": "/US0JCZYFPZLFJRKR.jpg"}, "homeCity": "Hessen", "lists": {"groups": [{"items": [], "count": 3, "type": "created"}]}}, {"tips": {"count": 2}, "contact": {}, "firstName": "Alejandro", "gender": "male", "lastName": "Mateo", "id": "42646815", "bio": "", "photo": {"prefix": "https://igx.4sqi.net/img/user/", "suffix": "/ZTOPFZOQOJAEBBDJ.jpg"}, "homeCity": "Montevideo", "lists": {"groups": [{"items": [], "count": 2, "type": "created"}]}}, {"tips": {"count": 0}, "contact": {"twitter": "ruhkopf"}, "firstName": "Patman", "gender": "male", "id": "3973121", "bio": "", "photo": {"prefix": "https://igx.4sqi.net/img/user/", "suffix": "/WADCV4GDMYVFU5L2.jpg"}, "homeCity": "", "lists": {"groups": [{"items": [], "count": 3, "type": "created"}]}}, {"tips": {"count": 12}, "contact": {"twitter": "chrispena01", "facebook": "603450038"}, "firstName": "Chris", "gender": "male", "id": "35083981", "bio": "", "photo": {"prefix": "https://igx.4sqi.net/img/user/", "suffix": "/IZW5JCTIDNQI5CSG.jpg"}, "homeCity": "Brooklyn, NY", "lists": {"groups": [{"items": [], "count": 2, "type": "created"}]}}, {"tips": {"count": 0}, "contact": {}, "firstName": "Anja", "gender": "female", "lastName": "Wilbert", "id": "66417973", "bio": "", "photo": {"prefix": "https://igx.4sqi.net/img/user/", "suffix": "/VZFBVKKJNHMI1N5S.jpg"}, "homeCity": "M\u00fcnchen", "lists": {"groups": [{"items": [], "count": 4, "type": "created"}]}}, {"tips": {"count": 1}, "contact": {"facebook": "61401101"}, "firstName": "Klaus", "gender": "male", "id": "8528940", "bio": "", "photo": {"prefix": "https://igx.4sqi.net/img/user/", "suffix": "/YE4HB3YRESECQB1Q.jpg"}, "homeCity": "M\u00fcnchen, Deutschland", "lists": {"groups": [{"items": [], "count": 3, "type": "created"}]}}, {"tips": {"count": 1}, "contact": {"twitter": "rsf_uy", "facebook": "10204593802217772"}, "firstName": "Ricardo", "gender": "male", "lastName": "Sanguinetti", "id": "38672183", "bio": "", "photo": {"prefix": "https://igx.4sqi.net/img/user/", "suffix": "/YKJVB2DJUXH40WQD.jpg"}, "homeCity": "Montevideo", "lists": {"groups": [{"items": [], "count": 2, "type": "created"}]}}, {"tips": {"count": 0}, "contact": {"facebook": "10209309458110323"}, "firstName": "Inge", "gender": "female", "lastName": "Echterhoelter", "id": "187158514", "bio": "", "photo": {"prefix": "https://igx.4sqi.net/img/user/", "suffix": "/blank_girl.png", "default": true}, "homeCity": "Portland, OR", "lists": {"groups": [{"items": [], "count": 2, "type": "created"}]}}, {"tips": {"count": 0}, "contact": {}, "firstName": "David", "gender": "male", "lastName": "Jockin", "id": "97720012", "bio": "", "photo": {"prefix": "https://igx.4sqi.net/img/user/", "suffix": "/97720012-5JRKMV34TYD0I2QY.jpg"}, "homeCity": "New York, New York", "lists": {"groups": [{"items": [], "count": 2, "type": "created"}]}}, {"tips": {"count": 0}, "contact": {}, "firstName": "Lars", "gender": "none", "lastName": "Gregori", "id": "341092027", "bio": "", "photo": {"prefix": "https://igx.4sqi.net/img/user/", "suffix": "/341092027-VESQILRIEJFLG33S.jpg"}, "homeCity": "Munich, 02", "lists": {"groups": [{"items": [], "count": 3, "type": "created"}]}}], "count": 80}, "checksum": "6adf09231b956d4f7c015f0e66d893b5b181fa57"}, "meta": {"requestId": "59662c3c4434b96bca16feb2", "code": 200}}