{"notifications": [{"type": "notificationTray", "item": {"unreadCount": 0}}], "response": {"friends": {"items": [{"tips": {"count": 0}, "contact": {"facebook": "1783741195"}, "firstName": "Akbar", "gender": "male", "lastName": "Nahumarury", "id": "41575487", "bio": "", "photo": {"prefix": "https://igx.4sqi.net/img/user/", "suffix": "/GB0UDEIUVPZRDM4A.jpg"}, "homeCity": "New York, NY", "lists": {"groups": [{"items": [], "count": 2, "type": "created"}]}}, {"tips": {"count": 0}, "contact": {"facebook": "557393408"}, "firstName": "Fyd", "gender": "female", "lastName": "Doolally", "id": "4782645", "bio": "", "photo": {"prefix": "https://igx.4sqi.net/img/user/", "suffix": "/42WFVKSMHGD3R2QB.jpg"}, "homeCity": "Singapore", "lists": {"groups": [{"items": [], "count": 2, "type": "created"}]}}, {"tips": {"count": 1}, "contact": {"facebook": "1278363922"}, "firstName": "Andrew lee", "gender": "male", "id": "6822008", "bio": "", "photo": {"prefix": "https://igx.4sqi.net/img/user/", "suffix": "/F42VEAWOCASF2N04.jpg"}, "homeCity": "Unnamed Location", "lists": {"groups": [{"items": [], "count": 2, "type": "created"}]}}, {"tips": {"count": 0}, "contact": {"facebook": "654098497"}, "firstName": "Fadellah", "gender": "female", "lastName": "Lazak", "id": "19275079", "bio": "", "photo": {"prefix": "https://igx.4sqi.net/img/user/", "suffix": "/B3WENUMDRQN2PSJI.jpg"}, "homeCity": "Singapore", "lists": {"groups": [{"items": [], "count": 2, "type": "created"}]}}, {"tips": {"count": 1}, "contact": {"facebook": "100000237475186"}, "firstName": "Wan", "gender": "male", "lastName": "Wahid", "id": "25589680", "bio": "", "photo": {"prefix": "https://igx.4sqi.net/img/user/", "suffix": "/3JLQYAKLLWEWDWRP.jpg"}, "homeCity": "New York, NY", "lists": {"groups": [{"items": [], "count": 2, "type": "created"}]}}, {"tips": {"count": 3}, "contact": {"facebook": "615718055"}, "firstName": "Mohammad", "gender": "male", "lastName": "Jaffri", "id": "4875352", "bio": "", "photo": {"prefix": "https://igx.4sqi.net/img/user/", "suffix": "/GA2EGMEUUYK1T0NO.jpg"}, "homeCity": "Singapore", "lists": {"groups": [{"items": [], "count": 2, "type": "created"}]}}, {"tips": {"count": 0}, "contact": {"facebook": "1671121197"}, "firstName": "Okocha", "gender": "male", "id": "5812869", "bio": "", "photo": {"prefix": "https://igx.4sqi.net/img/user/", "suffix": "/TQGZ1TGO1CXCEZ3B.jpg"}, "homeCity": "Singapore", "lists": {"groups": [{"items": [], "count": 2, "type": "created"}]}}, {"tips": {"count": 0}, "contact": {"facebook": "1582868818"}, "firstName": "Muhaimin", "gender": "male", "lastName": "Mintaktolong", "id": "72245595", "bio": "", "photo": {"prefix": "https://igx.4sqi.net/img/user/", "suffix": "/72245595-ER3WFY0BK0DPTQUV.jpg"}, "homeCity": "Singapore", "lists": {"groups": [{"items": [], "count": 2, "type": "created"}]}}, {"tips": {"count": 0}, "contact": {"twitter": "farhanology", "facebook": "635602384"}, "firstName": "Farhan", "gender": "male", "id": "1434355", "bio": "", "photo": {"prefix": "https://igx.4sqi.net/img/user/", "suffix": "/LPNEKB12IZA5W3E1.jpg"}, "homeCity": "Sengkang, Singapore", "lists": {"groups": [{"items": [], "count": 2, "type": "created"}]}}, {"tips": {"count": 0}, "contact": {"facebook": "770268179"}, "firstName": "Nicholas", "gender": "male", "lastName": "Soe", "id": "3576550", "bio": "", "photo": {"prefix": "https://igx.4sqi.net/img/user/", "suffix": "/GYFSHA3QL0FDL3KW.jpg"}, "homeCity": "Singapore", "lists": {"groups": [{"items": [], "count": 2, "type": "created"}]}}, {"tips": {"count": 0}, "contact": {"facebook": "716510877"}, "firstName": "Md Danial", "gender": "male", "lastName": "Lim", "id": "2516507", "bio": "", "photo": {"prefix": "https://igx.4sqi.net/img/user/", "suffix": "/F2O450ANWQKJRNKB.jpg"}, "homeCity": "Singapore", "lists": {"groups": [{"items": [], "count": 2, "type": "created"}]}}, {"tips": {"count": 0}, "contact": {"facebook": "100002383455653"}, "firstName": "Iskander", "gender": "male", "lastName": "Arifin", "id": "21020779", "bio": "", "photo": {"prefix": "https://igx.4sqi.net/img/user/", "suffix": "/blank_boy.png", "default": true}, "homeCity": "New York, NY", "lists": {"groups": [{"items": [], "count": 2, "type": "created"}]}}, {"tips": {"count": 1}, "contact": {"twitter": "adieahdy", "facebook": "651548597"}, "firstName": "Adie", "gender": "male", "lastName": "Ahdy", "id": "3338160", "bio": "", "photo": {"prefix": "https://igx.4sqi.net/img/user/", "suffix": "/MIOHPU4FDFI25U3F.jpg"}, "homeCity": "Singapore", "lists": {"groups": [{"items": [], "count": 2, "type": "created"}]}}, {"tips": {"count": 0}, "contact": {"facebook": "521487705"}, "firstName": "iceZ", "gender": "male", "lastName": "MochaZ", "id": "3812045", "bio": "", "photo": {"prefix": "https://igx.4sqi.net/img/user/", "suffix": "/PMDNOJWSLHAGBHY1.jpg"}, "homeCity": "Singapore", "lists": {"groups": [{"items": [], "count": 2, "type": "created"}]}}, {"tips": {"count": 0}, "contact": {"facebook": "100000742247415"}, "firstName": "Superboy", "gender": "male", "lastName": "Ijal", "id": "5426026", "bio": "", "photo": {"prefix": "https://igx.4sqi.net/img/user/", "suffix": "/HXH5VEF2ULRGTH4W.jpg"}, "homeCity": "Unnamed Location", "lists": {"groups": [{"items": [], "count": 2, "type": "created"}]}}, {"tips": {"count": 0}, "contact": {"twitter": "mattllh", "facebook": "779604265"}, "firstName": "Matt", "gender": "male", "lastName": ".llh", "id": "85482195", "bio": "+sixty-five", "photo": {"prefix": "https://igx.4sqi.net/img/user/", "suffix": "/85482195-K1L4BKGVD4W0WMRW.jpg"}, "homeCity": "Singapore", "lists": {"groups": [{"items": [], "count": 2, "type": "created"}]}}, {"tips": {"count": 2}, "contact": {"twitter": "iamelvan", "facebook": "703760902"}, "firstName": "Elvan", "gender": "male", "lastName": "Sanchez", "id": "2022123", "bio": "", "photo": {"prefix": "https://igx.4sqi.net/img/user/", "suffix": "/SND4ZBQSQQ1JEI4F.jpg"}, "homeCity": "Singapore", "lists": {"groups": [{"items": [], "count": 2, "type": "created"}]}}, {"tips": {"count": 3}, "contact": {"facebook": "100001223492531"}, "firstName": "Ambo Rahmat", "gender": "male", "lastName": "Bin Mohammad", "id": "3719737", "bio": "", "photo": {"prefix": "https://igx.4sqi.net/img/user/", "suffix": "/MYKSKCF5BMWSZG00.jpg"}, "homeCity": "Singapore", "lists": {"groups": [{"items": [], "count": 2, "type": "created"}]}}, {"tips": {"count": 2}, "contact": {"facebook": "749392780"}, "firstName": "Stamos", "gender": "male", "lastName": "Soo", "id": "23310808", "bio": "", "photo": {"prefix": "https://igx.4sqi.net/img/user/", "suffix": "/5RIYUSOWJV1INO5N.jpg"}, "homeCity": "New York, NY", "lists": {"groups": [{"items": [], "count": 2, "type": "created"}]}}, {"tips": {"count": 0}, "contact": {"facebook": "1435855190"}, "firstName": "Juhari", "gender": "male", "lastName": "Jamil", "id": "4842301", "bio": "", "photo": {"prefix": "https://igx.4sqi.net/img/user/", "suffix": "/3EUOZOYF3ZAWWT13.jpg"}, "homeCity": "New York, NY", "lists": {"groups": [{"items": [], "count": 2, "type": "created"}]}}, {"tips": {"count": 0}, "contact": {"facebook": "100002364306629"}, "firstName": "Ian", "gender": "male", "lastName": "Jo", "id": "9173754", "bio": "", "photo": {"prefix": "https://igx.4sqi.net/img/user/", "suffix": "/CNKCSJQMVG0MM4GL.jpg"}, "homeCity": "Singapore", "lists": {"groups": [{"items": [], "count": 2, "type": "created"}]}}, {"tips": {"count": 2}, "contact": {"facebook": "608337613"}, "firstName": "Mohamad", "gender": "male", "lastName": "Faisal", "id": "21378102", "bio": "", "photo": {"prefix": "https://igx.4sqi.net/img/user/", "suffix": "/TTAAQGHIDAF10WL1.jpg"}, "homeCity": "New York, NY", "lists": {"groups": [{"items": [], "count": 2, "type": "created"}]}}, {"tips": {"count": 0}, "contact": {"twitter": "shafrinio", "facebook": "588836988"}, "firstName": "Shafrinio", "gender": "male", "lastName": "Syahrin", "id": "5047185", "bio": "", "photo": {"prefix": "https://igx.4sqi.net/img/user/", "suffix": "/34KOQIP04JF4BYZF.jpg"}, "homeCity": "Singapore", "lists": {"groups": [{"items": [], "count": 2, "type": "created"}]}}, {"tips": {"count": 9}, "contact": {"facebook": "716018029"}, "firstName": "Riduan", "gender": "male", "lastName": "Keras", "id": "11228577", "bio": "", "photo": {"prefix": "https://igx.4sqi.net/img/user/", "suffix": "/WCPVFZFEW5GE2HUZ.jpg"}, "homeCity": "Singapore", "lists": {"groups": [{"items": [], "count": 2, "type": "created"}]}}, {"tips": {"count": 1}, "contact": {"facebook": "1610785248"}, "firstName": "YankoviC", "gender": "male", "id": "4064976", "bio": "", "photo": {"prefix": "https://igx.4sqi.net/img/user/", "suffix": "/42KVTSGIBMU5XSLL.jpg"}, "homeCity": "Singapore", "lists": {"groups": [{"items": [], "count": 2, "type": "created"}]}}, {"tips": {"count": 0}, "contact": {}, "firstName": "Adrienne", "gender": "female", "lastName": "Guerrero", "id": "81791158", "bio": "", "photo": {"prefix": "https://igx.4sqi.net/img/user/", "suffix": "/81791158-1X53TBDAB2BXIU4R.jpg"}, "homeCity": "", "lists": {"groups": [{"items": [], "count": 2, "type": "created"}]}}, {"tips": {"count": 0}, "contact": {"twitter": "y16nz", "facebook": "100000034249135"}, "firstName": "Yunz", "gender": "male", "id": "2533123", "bio": "", "photo": {"prefix": "https://igx.4sqi.net/img/user/", "suffix": "/2533123-MJEE0O1AGE2W00EC.jpg"}, "homeCity": "Singapore", "lists": {"groups": [{"items": [], "count": 2, "type": "created"}]}}, {"tips": {"count": 0}, "contact": {"facebook": "585992503"}, "firstName": "Imran", "gender": "male", "lastName": "Pancrazio", "id": "4689149", "bio": "", "photo": {"prefix": "https://igx.4sqi.net/img/user/", "suffix": "/NWLIUDPPZV3DOQOK.jpg"}, "homeCity": "Singapore", "lists": {"groups": [{"items": [], "count": 2, "type": "created"}]}}, {"tips": {"count": 0}, "contact": {}, "firstName": "Unsung", "gender": "male", "lastName": "Hero", "id": "5204850", "bio": "", "photo": {"prefix": "https://igx.4sqi.net/img/user/", "suffix": "/5UFNTRH23NMIXN4L.jpg"}, "homeCity": "Singapore", "lists": {"groups": [{"items": [], "count": 2, "type": "created"}]}}, {"tips": {"count": 0}, "contact": {"facebook": "1843262838"}, "firstName": "Amy", "gender": "male", "lastName": "December", "id": "43315939", "bio": "", "photo": {"prefix": "https://igx.4sqi.net/img/user/", "suffix": "/134GGJHOOIV3RG0E.jpg"}, "homeCity": "Reading, England", "lists": {"groups": [{"items": [], "count": 2, "type": "created"}]}}, {"tips": {"count": 1}, "contact": {"twitter": "ila_giggs", "facebook": "100003704899423"}, "firstName": "Ila", "gender": "female", "lastName": "Giggs", "id": "4616988", "bio": "", "photo": {"prefix": "https://igx.4sqi.net/img/user/", "suffix": "/VO1KPEITCE0QLQ2C.jpg"}, "homeCity": "Bukit Batok, Singapore", "lists": {"groups": [{"items": [], "count": 2, "type": "created"}]}}, {"tips": {"count": 13}, "contact": {"facebook": "1459725228"}, "firstName": "Zainal Gattuso", "gender": "male", "id": "3188149", "bio": "", "photo": {"prefix": "https://igx.4sqi.net/img/user/", "suffix": "/RSNSEG1LCDX5FM2H.jpg"}, "homeCity": "Singapore", "lists": {"groups": [{"items": [], "count": 2, "type": "created"}]}}, {"tips": {"count": 0}, "contact": {"facebook": "795856939"}, "firstName": "Hairul", "gender": "male", "lastName": "Nesta", "id": "6149505", "bio": "", "photo": {"prefix": "https://igx.4sqi.net/img/user/", "suffix": "/5T3C1ZSYVEO22VBD.jpg"}, "homeCity": "Singapore", "lists": {"groups": [{"items": [], "count": 2, "type": "created"}]}}, {"tips": {"count": 0}, "contact": {"facebook": "100000162439067"}, "firstName": "Jeff", "gender": "male", "lastName": "Dragon chia", "id": "6970937", "bio": "", "photo": {"prefix": "https://igx.4sqi.net/img/user/", "suffix": "/GUQ4OPXDASC34QQG.jpg"}, "homeCity": "Singapore", "lists": {"groups": [{"items": [], "count": 2, "type": "created"}]}}, {"tips": {"count": 2}, "contact": {"facebook": "1352041560"}, "firstName": "Zen", "gender": "male", "lastName": "Zect", "id": "4794973", "bio": "", "photo": {"prefix": "https://igx.4sqi.net/img/user/", "suffix": "/UPYAY1ZVEBTBXMGS.jpg"}, "homeCity": "Singapore", "lists": {"groups": [{"items": [], "count": 2, "type": "created"}]}}, {"tips": {"count": 0}, "contact": {"facebook": "100001457601061"}, "firstName": "Wan Bird", "gender": "male", "id": "3222249", "bio": "", "photo": {"prefix": "https://igx.4sqi.net/img/user/", "suffix": "/VKYTIKKKBBSEOXGC.jpg"}, "homeCity": "Singapore", "lists": {"groups": [{"items": [], "count": 2, "type": "created"}]}}, {"tips": {"count": 2}, "contact": {"facebook": "1231637685"}, "firstName": "swollen", "gender": "male", "lastName": "head", "id": "10582989", "bio": "", "photo": {"prefix": "https://igx.4sqi.net/img/user/", "suffix": "/XHSJD3SUR1A14TN2.jpg"}, "homeCity": "Singapore", "lists": {"groups": [{"items": [], "count": 2, "type": "created"}]}}, {"tips": {"count": 0}, "contact": {"twitter": "errybonchbonch", "facebook": "758192367"}, "firstName": "Erry", "gender": "male", "lastName": "Bonch", "id": "57915579", "bio": "Belieber \r\nYour Handsome PR Door Boy in Bianca Supper.Club\r\nWhatsapp me for enquiries/RSVP\r\n#biancasg \r\n@errybonch (IG) @errybonchbonch (twitter)", "photo": {"prefix": "https://igx.4sqi.net/img/user/", "suffix": "/57915579-PYFC3M0ARBPNDDIH.jpg"}, "homeCity": "Clarke Quay", "lists": {"groups": [{"items": [], "count": 3, "type": "created"}]}}, {"tips": {"count": 0}, "contact": {"facebook": "596108324"}, "firstName": "Zulhelmi", "gender": "male", "lastName": "Hamzah", "id": "3419210", "bio": "", "photo": {"prefix": "https://igx.4sqi.net/img/user/", "suffix": "/blank_boy.png", "default": true}, "homeCity": "Singapore", "lists": {"groups": [{"items": [], "count": 2, "type": "created"}]}}, {"tips": {"count": 0}, "contact": {"facebook": "831187279"}, "firstName": "Sham", "gender": "male", "lastName": "Gallagher", "id": "13474881", "bio": "", "photo": {"prefix": "https://igx.4sqi.net/img/user/", "suffix": "/HRQHDXFLNXYFIHB2.jpg"}, "homeCity": "Singapore", "lists": {"groups": [{"items": [], "count": 2, "type": "created"}]}}, {"tips": {"count": 1}, "contact": {"facebook": "668283886"}, "firstName": "Zal", "gender": "male", "lastName": "Jiggy", "id": "3830775", "bio": "", "photo": {"prefix": "https://igx.4sqi.net/img/user/", "suffix": "/IKXEQVWYCTD5UN5P.jpg"}, "homeCity": "Singapore", "lists": {"groups": [{"items": [], "count": 2, "type": "created"}]}}, {"tips": {"count": 0}, "contact": {"facebook": "558584065"}, "firstName": "James", "gender": "male", "lastName": "Rockalula", "id": "7306987", "bio": "", "photo": {"prefix": "https://igx.4sqi.net/img/user/", "suffix": "/XOJNWSRA01RBPM1V.jpg"}, "homeCity": "Singapore", "lists": {"groups": [{"items": [], "count": 2, "type": "created"}]}}, {"tips": {"count": 0}, "contact": {"facebook": "100001827894480"}, "firstName": "Mat", "gender": "male", "lastName": "Beng", "id": "15347718", "bio": "", "photo": {"prefix": "https://igx.4sqi.net/img/user/", "suffix": "/ZNQY24MTZIG24WC5.jpg"}, "homeCity": "Johor Bahru, Malaysia", "lists": {"groups": [{"items": [], "count": 2, "type": "created"}]}}, {"tips": {"count": 0}, "contact": {"facebook": "100000555715932"}, "firstName": "Riq", "gender": "male", "lastName": "helmi", "id": "46470543", "bio": "", "photo": {"prefix": "https://igx.4sqi.net/img/user/", "suffix": "/blank_boy.png", "default": true}, "homeCity": "New York, NY", "lists": {"groups": [{"items": [], "count": 2, "type": "created"}]}}], "count": 44}, "checksum": "f47e42fff6a39a2af6b9ddc7160cc0a00ff04410"}, "meta": {"requestId": "5965da9bf594df3c0b65f798", "code": 200}}