{"notifications": [{"type": "notificationTray", "item": {"unreadCount": 0}}], "response": {"friends": {"items": [{"tips": {"count": 0}, "contact": {"facebook": "1351969656"}, "firstName": "Wendy", "gender": "female", "lastName": "Chew", "id": "71452528", "bio": "", "photo": {"prefix": "https://igx.4sqi.net/img/user/", "suffix": "/71452528-XIBGFQ4X0AWFZ3IG.jpg"}, "homeCity": "Singapore", "lists": {"groups": [{"items": [], "count": 2, "type": "created"}]}}, {"tips": {"count": 3}, "contact": {"facebook": "709252708"}, "firstName": "Lim", "gender": "male", "lastName": "Norman", "id": "6184879", "bio": "", "photo": {"prefix": "https://igx.4sqi.net/img/user/", "suffix": "/TB0SO15H0LC0GRTG.jpg"}, "homeCity": "Singapore", "lists": {"groups": [{"items": [], "count": 2, "type": "created"}]}}, {"tips": {"count": 0}, "contact": {"twitter": "tanshukee", "facebook": "10205150716380112"}, "firstName": "ShuKee", "gender": "male", "lastName": "Tan", "id": "37923689", "bio": "", "photo": {"prefix": "https://igx.4sqi.net/img/user/", "suffix": "/XQKQNZPVABTPOCD2.jpg"}, "homeCity": "Singapore, SGP", "lists": {"groups": [{"items": [], "count": 2, "type": "created"}]}}, {"tips": {"count": 9}, "contact": {"facebook": "100002380888340"}, "firstName": "Joseph", "gender": "male", "lastName": "Ace'", "id": "3770769", "bio": "", "photo": {"prefix": "https://igx.4sqi.net/img/user/", "suffix": "/WNNGWAHT4MBEIHFU.jpg"}, "homeCity": "Singapore", "lists": {"groups": [{"items": [], "count": 2, "type": "created"}]}}, {"tips": {"count": 0}, "contact": {"twitter": "datazanc", "facebook": "1219195680"}, "firstName": "Christopher", "gender": "male", "lastName": "Ng", "id": "4418729", "bio": "", "photo": {"prefix": "https://igx.4sqi.net/img/user/", "suffix": "/JOAJU3T4NHAFR1VM.jpg"}, "homeCity": "Singapore", "lists": {"groups": [{"items": [], "count": 2, "type": "created"}]}}, {"tips": {"count": 3}, "contact": {}, "firstName": "Farah", "gender": "female", "lastName": "Heiress", "id": "6110444", "bio": "", "photo": {"prefix": "https://igx.4sqi.net/img/user/", "suffix": "/15QMEWSPCHZ0WHXI.jpg"}, "homeCity": "Singapore", "lists": {"groups": [{"items": [], "count": 2, "type": "created"}]}}, {"tips": {"count": 1}, "contact": {"twitter": "hhenryyho", "facebook": "1037352019"}, "firstName": "Henry", "gender": "male", "lastName": "Ho", "id": "1791178", "bio": "", "photo": {"prefix": "https://igx.4sqi.net/img/user/", "suffix": "/BNUN1W1GGJRR5B5R.jpg"}, "homeCity": "Singapore", "lists": {"groups": [{"items": [], "count": 2, "type": "created"}]}}, {"tips": {"count": 1}, "contact": {"facebook": "619771657"}, "firstName": "Raymond", "gender": "male", "lastName": "Choy", "id": "4234171", "bio": "", "photo": {"prefix": "https://igx.4sqi.net/img/user/", "suffix": "/SG01RT4404WJ5PJO.jpg"}, "homeCity": "Singapore", "lists": {"groups": [{"items": [], "count": 2, "type": "created"}]}}, {"tips": {"count": 2}, "contact": {"twitter": "wwongweijiee", "facebook": "351079275076921"}, "firstName": "Wong", "gender": "male", "lastName": "Wei Jie", "id": "2900596", "bio": "Snap Snap", "photo": {"prefix": "https://igx.4sqi.net/img/user/", "suffix": "/2900596-KUZAEP0DPPX2JNUC.jpg"}, "homeCity": "Singapore", "lists": {"groups": [{"items": [], "count": 2, "type": "created"}]}}, {"tips": {"count": 0}, "contact": {"twitter": "shereenaow", "facebook": "584088823"}, "firstName": "Shereen", "gender": "female", "lastName": "Aow", "id": "4100123", "bio": "", "photo": {"prefix": "https://igx.4sqi.net/img/user/", "suffix": "/V2KMUJQXACI1ZYTP.jpg"}, "homeCity": "Singapore", "lists": {"groups": [{"items": [], "count": 2, "type": "created"}]}}, {"tips": {"count": 0}, "contact": {"twitter": "jesbrinaloh"}, "firstName": "Jesbrina", "gender": "female", "lastName": "Loh", "id": "4931288", "bio": "", "photo": {"prefix": "https://igx.4sqi.net/img/user/", "suffix": "/HWRYT5Z2ZX0A3VKB.jpg"}, "homeCity": "Singapore", "lists": {"groups": [{"items": [], "count": 2, "type": "created"}]}}, {"tips": {"count": 0}, "contact": {"twitter": "njcholas", "facebook": "598497533"}, "firstName": "Nicholas", "gender": "male", "lastName": "Ho", "id": "2405973", "bio": "", "photo": {"prefix": "https://igx.4sqi.net/img/user/", "suffix": "/HI1TGB5L2QPQDCQK.jpg"}, "homeCity": "Singapore", "lists": {"groups": [{"items": [], "count": 2, "type": "created"}]}}, {"tips": {"count": 0}, "contact": {"twitter": "supermaquina7", "facebook": "705777527"}, "firstName": "Dickson", "gender": "male", "lastName": "Phua", "id": "3283521", "bio": "", "photo": {"prefix": "https://igx.4sqi.net/img/user/", "suffix": "/WPUB22WKU0GEHRCU.jpg"}, "homeCity": "Singapore", "lists": {"groups": [{"items": [], "count": 2, "type": "created"}]}}, {"tips": {"count": 0}, "contact": {"facebook": "547431379"}, "firstName": "Victor", "gender": "male", "id": "32056952", "bio": "", "photo": {"prefix": "https://igx.4sqi.net/img/user/", "suffix": "/FCRDP4EILBRKNDOF.jpg"}, "homeCity": "Singapore", "lists": {"groups": [{"items": [], "count": 2, "type": "created"}]}}, {"tips": {"count": 0}, "contact": {"facebook": "10153367601178175"}, "firstName": "Goh", "gender": "male", "lastName": "Kian Meng", "id": "27343502", "bio": "", "photo": {"prefix": "https://igx.4sqi.net/img/user/", "suffix": "/LZFLM2R4IXFYMEJW.jpg"}, "homeCity": "Singapore, Singapore", "lists": {"groups": [{"items": [], "count": 2, "type": "created"}]}}, {"tips": {"count": 0}, "contact": {"facebook": "1666975436"}, "firstName": "Jim", "gender": "male", "lastName": "Jimiejimiejimiejimie", "id": "54332440", "bio": "", "photo": {"prefix": "https://igx.4sqi.net/img/user/", "suffix": "/QTWWGOK0SQL1QNDK.jpg"}, "homeCity": "Singapore, Singapore", "lists": {"groups": [{"items": [], "count": 2, "type": "created"}]}}, {"tips": {"count": 3}, "contact": {"twitter": "cheekyzx", "facebook": "1039287189"}, "firstName": "Ash", "gender": "female", "lastName": "Hayden", "id": "7963203", "bio": "", "photo": {"prefix": "https://igx.4sqi.net/img/user/", "suffix": "/MAEZZ0X1UV5PIQ0B.jpg"}, "homeCity": "Singapore", "lists": {"groups": [{"items": [], "count": 2, "type": "created"}]}}, {"tips": {"count": 4}, "contact": {"twitter": "sunnycavalri", "facebook": "100001857612363"}, "firstName": "Sunny", "gender": "female", "lastName": "Cavalari", "id": "44672594", "bio": "", "photo": {"prefix": "https://igx.4sqi.net/img/user/", "suffix": "/1COVULWLZP35EXX0.jpg"}, "homeCity": "Prachuap Khiri Khan", "lists": {"groups": [{"items": [], "count": 2, "type": "created"}]}}, {"tips": {"count": 2}, "contact": {"twitter": "serenityting", "facebook": "539623931"}, "firstName": "Jing Ting", "gender": "female", "lastName": "Chan", "id": "5405299", "bio": "", "photo": {"prefix": "https://igx.4sqi.net/img/user/", "suffix": "/TBPYCLJY0U4NJFJZ.jpg"}, "homeCity": "Singapore", "lists": {"groups": [{"items": [], "count": 2, "type": "created"}]}}, {"tips": {"count": 0}, "contact": {}, "firstName": "Callie", "gender": "female", "lastName": "Cruz", "id": "81791344", "bio": "", "photo": {"prefix": "https://igx.4sqi.net/img/user/", "suffix": "/81791344-IGZJBVRHOJSZ11EW.jpg"}, "homeCity": "", "lists": {"groups": [{"items": [], "count": 2, "type": "created"}]}}, {"tips": {"count": 4}, "contact": {"facebook": "736961624"}, "firstName": "Henry", "gender": "male", "lastName": "Tan", "id": "3470159", "bio": "", "photo": {"prefix": "https://igx.4sqi.net/img/user/", "suffix": "/RPDMBNUZPTTTC1DW.jpg"}, "homeCity": "Singapore", "lists": {"groups": [{"items": [], "count": 2, "type": "created"}]}}, {"tips": {"count": 1}, "contact": {"twitter": "jaeryou", "facebook": "605283033"}, "firstName": "Chen", "gender": "male", "lastName": "YongLiang", "id": "12050287", "bio": "", "photo": {"prefix": "https://igx.4sqi.net/img/user/", "suffix": "/blank_boy.png", "default": true}, "homeCity": "Singapore", "lists": {"groups": [{"items": [], "count": 2, "type": "created"}]}}, {"tips": {"count": 0}, "contact": {"twitter": "georginaa_eve", "facebook": "1457195120"}, "firstName": "Georginaa", "gender": "female", "lastName": "Eve", "id": "25120362", "bio": "", "photo": {"prefix": "https://igx.4sqi.net/img/user/", "suffix": "/XBH2VJVB1XEJFOZK.jpg"}, "homeCity": "New York, NY", "lists": {"groups": [{"items": [], "count": 2, "type": "created"}]}}, {"tips": {"count": 2}, "contact": {"twitter": "kennethfunny", "facebook": "783113654"}, "firstName": "Kenneth", "gender": "male", "lastName": "Lim", "id": "4092785", "bio": "", "photo": {"prefix": "https://igx.4sqi.net/img/user/", "suffix": "/0HA35VXDJDLXGSVI.jpg"}, "homeCity": "Singapore", "lists": {"groups": [{"items": [], "count": 2, "type": "created"}]}}, {"tips": {"count": 0}, "contact": {"facebook": "740021093"}, "firstName": "Ling Mei", "gender": "female", "lastName": "Goh", "id": "17630101", "bio": "", "photo": {"prefix": "https://igx.4sqi.net/img/user/", "suffix": "/GNPYRRXNR0KR3UDS.jpg"}, "homeCity": "Singapore", "lists": {"groups": [{"items": [], "count": 2, "type": "created"}]}}], "count": 25}, "checksum": "1159f8553a25e9fa2d44ca248ab4b3b46e21ccdd"}, "meta": {"requestId": "596630724434b96bc874c5cc", "code": 200}}