{"notifications": [{"type": "notificationTray", "item": {"unreadCount": 0}}], "meta": {"requestId": "5966df43dd579712e70c32f9", "code": 200}, "response": {"friends": {"count": 17, "items": [{"id": "7397621", "photo": {"prefix": "https://igx.4sqi.net/img/user/", "suffix": "/AC2ARRLN0DBIXMMH.jpg"}, "homeCity": "Singapore", "contact": {"facebook": "533011942", "twitter": "cherreyz"}, "firstName": "Raphael", "tips": {"count": 0}, "gender": "male", "lastName": "Reynoldz", "lists": {"groups": [{"count": 2, "type": "created", "items": []}]}, "bio": ""}, {"id": "5736011", "photo": {"prefix": "https://igx.4sqi.net/img/user/", "suffix": "/BLY1AXKDIMISFHZJ.jpg"}, "homeCity": "Singapore", "contact": {"twitter": "vivianineteen"}, "firstName": "Viviaanz", "tips": {"count": 1}, "gender": "female", "lists": {"groups": [{"count": 2, "type": "created", "items": []}]}, "bio": ""}, {"id": "2245758", "photo": {"prefix": "https://igx.4sqi.net/img/user/", "suffix": "/RHWQL2VGE53PMSS4.jpg"}, "homeCity": "Singapore", "contact": {"facebook": "585663612", "twitter": "eileenpoo"}, "firstName": "Eileen", "tips": {"count": 0}, "gender": "female", "lastName": "Poo", "lists": {"groups": [{"count": 2, "type": "created", "items": []}]}, "bio": "Half Korean."}, {"id": "5175031", "photo": {"prefix": "https://igx.4sqi.net/img/user/", "suffix": "/TSY1CBH0OKRTWAWC.jpg"}, "homeCity": "Singapore", "contact": {"facebook": "100000156727878"}, "firstName": "Justin", "tips": {"count": 0}, "gender": "male", "lastName": "Yeap", "lists": {"groups": [{"count": 2, "type": "created", "items": []}]}, "bio": ""}, {"id": "2209993", "photo": {"prefix": "https://igx.4sqi.net/img/user/", "suffix": "/FBRWRDICZWOCPSRP.jpg"}, "homeCity": "Sengkang, Singapore", "contact": {"twitter": "sinweilicious"}, "firstName": "Sinweilicious", "tips": {"count": 0}, "gender": "female", "lastName": "Goh", "lists": {"groups": [{"count": 2, "type": "created", "items": []}]}, "bio": ""}, {"id": "4823272", "photo": {"prefix": "https://igx.4sqi.net/img/user/", "suffix": "/XDC3KIM4YDU513ZS.jpg"}, "homeCity": "Singapore", "contact": {"facebook": "652346947", "twitter": "deadhatredx"}, "firstName": "Kian", "tips": {"count": 0}, "gender": "male", "lastName": "Wee", "lists": {"groups": [{"count": 2, "type": "created", "items": []}]}, "bio": ""}, {"id": "8356036", "photo": {"prefix": "https://igx.4sqi.net/img/user/", "suffix": "/HZWH1PVGMK4WAAIC.jpg"}, "homeCity": "Singapore", "contact": {"twitter": "zionssk"}, "firstName": "zion", "tips": {"count": 0}, "gender": "male", "lastName": "seet", "lists": {"groups": [{"count": 2, "type": "created", "items": []}]}, "bio": ""}, {"id": "3105888", "photo": {"prefix": "https://igx.4sqi.net/img/user/", "suffix": "/3105888-0K1FDEJV5E2PMOKH.jpg"}, "homeCity": "Singapore", "contact": {"twitter": "tiannieshannie"}, "firstName": "Tiannie", "tips": {"count": 0}, "gender": "female", "lastName": "Shannie", "lists": {"groups": [{"count": 2, "type": "created", "items": []}]}, "bio": "B'cause personality cannot be photoshopped -\r\nPrincess Syndrome \u2655\r\n\r\nVisit, tiannieloves-you.blogspot.sg! \u3037\u25e0\u203f\u25e0\u3037"}, {"id": "2816336", "photo": {"prefix": "https://igx.4sqi.net/img/user/", "suffix": "/VGN20LCZWDBK3TVT.jpg"}, "homeCity": "Singapore", "contact": {"facebook": "100001869769327", "twitter": "imprintedroses"}, "firstName": "Shanice", "tips": {"count": 4}, "gender": "female", "lastName": "Wu", "lists": {"groups": [{"count": 2, "type": "created", "items": []}]}, "bio": ""}, {"id": "4774259", "photo": {"prefix": "https://igx.4sqi.net/img/user/", "suffix": "/20Y24VSMWBGHDFLS.jpg"}, "homeCity": "Singapore", "contact": {"facebook": "787241892", "twitter": "mellzmel"}, "firstName": "Mel", "tips": {"count": 0}, "gender": "female", "lastName": "Yeo", "lists": {"groups": [{"count": 2, "type": "created", "items": []}]}, "bio": ""}, {"id": "11721239", "photo": {"prefix": "https://igx.4sqi.net/img/user/", "suffix": "/NHFUHZD0TIDAY3F4.jpg"}, "homeCity": "NY", "contact": {"facebook": "722429683", "twitter": "blureugene"}, "firstName": "Eugene", "tips": {"count": 0}, "gender": "male", "lastName": "Ng", "lists": {"groups": [{"count": 2, "type": "created", "items": []}]}, "bio": ""}, {"id": "6157117", "photo": {"prefix": "https://igx.4sqi.net/img/user/", "suffix": "/EXTY5TTWTMH3LIYT.jpg"}, "homeCity": "Singapore", "contact": {"twitter": "lifeastage"}, "firstName": "Kimshujun", "tips": {"count": 0}, "gender": "female", "lists": {"groups": [{"count": 2, "type": "created", "items": []}]}, "bio": ""}, {"id": "7314250", "photo": {"prefix": "https://igx.4sqi.net/img/user/", "suffix": "/7314250-1XLGJRF3FQM3RFCT.jpg"}, "homeCity": "Singapore", "contact": {"facebook": "692096124", "twitter": "queentishaa"}, "firstName": "Queentisha", "tips": {"count": 1}, "gender": "female", "lists": {"groups": [{"count": 2, "type": "created", "items": []}]}, "bio": ""}, {"id": "3858816", "photo": {"prefix": "https://igx.4sqi.net/img/user/", "suffix": "/XDNLL5QXDIPRQPDT.jpg"}, "homeCity": "Singapore", "contact": {"twitter": "anngellaa"}, "firstName": "Anngellaa", "tips": {"count": 0}, "gender": "female", "lastName": "Chen", "lists": {"groups": [{"count": 2, "type": "created", "items": []}]}, "bio": ""}, {"id": "12431387", "photo": {"prefix": "https://igx.4sqi.net/img/user/", "suffix": "/YRYALLELXR5IMHU3.jpg"}, "homeCity": "Unnamed Location", "contact": {"facebook": "1194063373"}, "firstName": "Jun", "tips": {"count": 0}, "gender": "male", "lastName": "Hua", "lists": {"groups": [{"count": 2, "type": "created", "items": []}]}, "bio": ""}, {"id": "5226588", "photo": {"prefix": "https://igx.4sqi.net/img/user/", "suffix": "/V4M240OVC1KTQMUB.jpg"}, "homeCity": "Singapore", "contact": {"facebook": "586428020", "twitter": "syk_92"}, "firstName": "YK", "tips": {"count": 1}, "gender": "male", "lastName": "SIM", "lists": {"groups": [{"count": 2, "type": "created", "items": []}]}, "bio": ""}, {"id": "5797630", "photo": {"prefix": "https://igx.4sqi.net/img/user/", "suffix": "/ARQPMGTEUB40D2LQ.jpg"}, "homeCity": "Singapore", "contact": {"facebook": "563549002", "twitter": "mrclumsyboy"}, "firstName": "Bryan", "tips": {"count": 0}, "gender": "male", "lastName": "Lim", "lists": {"groups": [{"count": 2, "type": "created", "items": []}]}, "bio": ""}]}, "checksum": "d00511772c0cd871fe983bb3da496ae0f0cf67d1"}}