{"notifications": [{"type": "notificationTray", "item": {"unreadCount": 0}}], "response": {"friends": {"items": [{"tips": {"count": 7}, "contact": {"facebook": "827987368"}, "firstName": "Sharon", "gender": "female", "lastName": "Plant", "id": "28162858", "bio": "", "photo": {"prefix": "https://igx.4sqi.net/img/user/", "suffix": "/VQKP4WKTLM5NGZ3S.jpg"}, "homeCity": "Brisbane, Queensland, Australia", "lists": {"groups": [{"items": [], "count": 2, "type": "created"}]}}, {"tips": {"count": 1}, "contact": {"twitter": "weapon69", "facebook": "643771031"}, "firstName": "Matthew", "gender": "male", "lastName": "Plant", "id": "28204070", "bio": "", "photo": {"prefix": "https://igx.4sqi.net/img/user/", "suffix": "/PPJP03JTZ2GGA3HZ.jpg"}, "homeCity": "Brisbane, Queensland, Australia", "lists": {"groups": [{"items": [], "count": 2, "type": "created"}]}}, {"tips": {"count": 4}, "contact": {"facebook": "1389952949"}, "firstName": "Will", "gender": "male", "lastName": "Thanat", "id": "4300737", "bio": "", "photo": {"prefix": "https://igx.4sqi.net/img/user/", "suffix": "/BF4ZEAAJFGNFVXQR.jpg"}, "homeCity": "Phuket, Thailand", "lists": {"groups": [{"items": [], "count": 2, "type": "created"}]}}, {"tips": {"count": 0}, "contact": {"facebook": "509080262"}, "firstName": "Neil", "gender": "none", "lastName": "Shipman", "id": "33595045", "bio": "", "photo": {"prefix": "https://igx.4sqi.net/img/user/", "suffix": "/TRUGSGPXYJM3ZFAE.jpg"}, "homeCity": "New York, NY", "lists": {"groups": [{"items": [], "count": 2, "type": "created"}]}}, {"tips": {"count": 2}, "contact": {}, "firstName": "Dan", "gender": "none", "lastName": "J", "id": "46140415", "bio": "", "photo": {"prefix": "https://igx.4sqi.net/img/user/", "suffix": "/46140415-PLZD154TQBQXSC1A.jpg"}, "homeCity": "Hounslow", "lists": {"groups": [{"items": [], "count": 2, "type": "created"}]}}], "count": 5}, "checksum": "26e39c93cbedbb5315f80a4511c16a643208ebf8"}, "meta": {"requestId": "5965ee684c1f67709ea12f50", "code": 200}}