{"notifications": [{"type": "notificationTray", "item": {"unreadCount": 0}}], "response": {"friends": {"items": [{"tips": {"count": 2}, "contact": {"twitter": "jojotownsend", "facebook": "770340645"}, "firstName": "Jojo", "gender": "female", "lastName": "Townsend", "id": "68561503", "bio": "", "photo": {"prefix": "https://igx.4sqi.net/img/user/", "suffix": "/IWO5S2FYZLFQBJ5B.jpg"}, "homeCity": "Bristol, UK", "lists": {"groups": [{"items": [], "count": 4, "type": "created"}]}}, {"tips": {"count": 1}, "contact": {"facebook": "512759224"}, "firstName": "Caroline", "gender": "female", "lastName": "Hadley", "id": "28638409", "bio": "", "photo": {"prefix": "https://igx.4sqi.net/img/user/", "suffix": "/HDMEF2EG3ROF1VTK.jpg"}, "homeCity": "Bristol, UK", "lists": {"groups": [{"items": [], "count": 2, "type": "created"}]}}, {"tips": {"count": 2}, "contact": {"twitter": "jakemazan", "facebook": "618851626"}, "firstName": "Jacob", "gender": "male", "lastName": "Mazan", "id": "7286954", "bio": "", "photo": {"prefix": "https://igx.4sqi.net/img/user/", "suffix": "/1ZFPEMY5VIKBWKOM.jpg"}, "homeCity": "Bath, UK", "lists": {"groups": [{"items": [], "count": 4, "type": "created"}]}}, {"tips": {"count": 1}, "contact": {"twitter": "npapryke", "facebook": "273103759"}, "firstName": "Nick", "gender": "male", "lastName": "Pryke", "id": "11752232", "bio": "", "photo": {"prefix": "https://igx.4sqi.net/img/user/", "suffix": "/2ALGAIL2LHZIPYPL.jpg"}, "homeCity": "Bristol, UK", "lists": {"groups": [{"items": [], "count": 2, "type": "created"}]}}, {"tips": {"count": 5}, "contact": {"twitter": "tomwallace83"}, "firstName": "Tom", "gender": "male", "lastName": "Wallace", "id": "11408281", "bio": "Traveler, Gastronome, Spartan", "photo": {"prefix": "https://igx.4sqi.net/img/user/", "suffix": "/JSMGV3AQD31RYM5F.jpg"}, "homeCity": "UK", "lists": {"groups": [{"items": [], "count": 2, "type": "created"}]}}, {"tips": {"count": 0}, "contact": {"facebook": "687196340"}, "firstName": "Sarah", "gender": "female", "lastName": "Porter", "id": "26857480", "bio": "", "photo": {"prefix": "https://igx.4sqi.net/img/user/", "suffix": "/S0SEZ2ZSM1VZYNVG.jpg"}, "homeCity": "Cardiff", "lists": {"groups": [{"items": [], "count": 2, "type": "created"}]}}, {"tips": {"count": 36}, "contact": {"facebook": "1344162945"}, "firstName": "Vicky Aguilera\ud83d\udc8b", "gender": "female", "id": "17153308", "bio": "https://www.facebook.com/vicky.aguilera.73113", "photo": {"prefix": "https://igx.4sqi.net/img/user/", "suffix": "/17153308-55PA4SPRUESEP41O.jpg"}, "homeCity": "Los Angeles", "lists": {"groups": [{"items": [], "count": 3, "type": "created"}]}}, {"tips": {"count": 1}, "contact": {"twitter": "rachs86", "facebook": "1587283814"}, "firstName": "Rachel", "gender": "female", "lastName": "Stevenson", "id": "12919203", "bio": "", "photo": {"prefix": "https://igx.4sqi.net/img/user/", "suffix": "/LNKQ3YQ3Q1ALENXN.jpg"}, "homeCity": "London, UK", "lists": {"groups": [{"items": [], "count": 2, "type": "created"}]}}, {"tips": {"count": 0}, "contact": {"twitter": "donatahuggins"}, "firstName": "Don", "gender": "female", "lastName": "H", "id": "22316792", "bio": "", "photo": {"prefix": "https://igx.4sqi.net/img/user/", "suffix": "/22316792-BQLVBHT3Q4DUPSJM"}, "homeCity": "", "lists": {"groups": [{"items": [], "count": 3, "type": "created"}]}}, {"tips": {"count": 3}, "contact": {"facebook": "500803995"}, "firstName": "Becca", "gender": "female", "lastName": "Hurst", "id": "75376405", "bio": "", "photo": {"prefix": "https://igx.4sqi.net/img/user/", "suffix": "/75376405-QEA521L5Z23BKN5C.jpg"}, "homeCity": "Bristol, ENG", "lists": {"groups": [{"items": [], "count": 2, "type": "created"}]}}, {"tips": {"count": 4}, "contact": {}, "firstName": "Becksi", "gender": "female", "id": "12840163", "bio": "", "photo": {"prefix": "https://igx.4sqi.net/img/user/", "suffix": "/12840163-4JVVOKZMB43RZUE3.jpg"}, "homeCity": "\uc11c\uc6b8\ud2b9\ubcc4\uc2dc, \ub300\ud55c\ubbfc\uad6d", "lists": {"groups": [{"items": [], "count": 2, "type": "created"}]}}, {"tips": {"count": 0}, "contact": {"twitter": "ross_burton", "facebook": "905075374"}, "firstName": "Ross", "gender": "male", "lastName": "Burton", "id": "1800183", "bio": "", "photo": {"prefix": "https://igx.4sqi.net/img/user/", "suffix": "/TM5NCSWE5004DD4X.jpg"}, "homeCity": "London", "lists": {"groups": [{"items": [], "count": 2, "type": "created"}]}}, {"tips": {"count": 15}, "contact": {"twitter": "alimcc1984", "facebook": "857755639"}, "firstName": "Alastair", "gender": "male", "lastName": "Mcclare", "id": "8266002", "bio": "", "photo": {"prefix": "https://igx.4sqi.net/img/user/", "suffix": "/D0BEY1FSTN5SASQD.jpg"}, "homeCity": "Cheltenham, UK", "lists": {"groups": [{"items": [], "count": 2, "type": "created"}]}}, {"tips": {"count": 0}, "contact": {"facebook": "1038214574"}, "firstName": "Edward", "gender": "male", "lastName": "Clifford-Garrett", "id": "63086805", "bio": "", "photo": {"prefix": "https://igx.4sqi.net/img/user/", "suffix": "/WZ1WZOC3VHDXE0CN.jpg"}, "homeCity": "Bristol, ENG", "lists": {"groups": [{"items": [], "count": 2, "type": "created"}]}}, {"tips": {"count": 0}, "contact": {"facebook": "587850096"}, "firstName": "Nick", "gender": "male", "lastName": "McLeod", "id": "11268005", "bio": "", "photo": {"prefix": "https://igx.4sqi.net/img/user/", "suffix": "/0YCAQHP3YPJYXNFB.jpg"}, "homeCity": "Bristol", "lists": {"groups": [{"items": [], "count": 2, "type": "created"}]}}, {"tips": {"count": 0}, "contact": {"facebook": "619165429"}, "firstName": "Charlotte", "gender": "female", "lastName": "Holder", "id": "69532562", "bio": "", "photo": {"prefix": "https://igx.4sqi.net/img/user/", "suffix": "/IDAMTEBNVHPJXU5K.jpg"}, "homeCity": "Bristol, ENG", "lists": {"groups": [{"items": [], "count": 2, "type": "created"}]}}, {"tips": {"count": 11}, "contact": {"twitter": "technex", "facebook": "517702426"}, "firstName": "Peter", "gender": "male", "lastName": "Tecks", "id": "6203", "bio": "", "photo": {"prefix": "https://igx.4sqi.net/img/user/", "suffix": "/6203_1254994121368.jpg"}, "homeCity": "Bristol", "lists": {"groups": [{"items": [], "count": 2, "type": "created"}]}}, {"tips": {"count": 0}, "contact": {"twitter": "realsophieking", "facebook": "719527718"}, "firstName": "Sophie", "gender": "female", "lastName": "King", "id": "14963678", "bio": "", "photo": {"prefix": "https://igx.4sqi.net/img/user/", "suffix": "/BW4LLH5MKLYBGJUH.jpg"}, "homeCity": "London, UK", "lists": {"groups": [{"items": [], "count": 2, "type": "created"}]}}, {"tips": {"count": 5}, "contact": {"twitter": "xanderb88", "facebook": "513587581"}, "firstName": "Alex", "gender": "male", "lastName": "Bowyer", "id": "2480741", "bio": "25 yrs old, Obsessed with Football (AS Roma Fan!), In free time i go Gym, Listen to Music, Socialise w/ mates & watch TV/Films.", "photo": {"prefix": "https://igx.4sqi.net/img/user/", "suffix": "/A4HR4Q1THH3LVRYP.jpg"}, "homeCity": "Hitchin, UK", "lists": {"groups": [{"items": [], "count": 2, "type": "created"}]}}, {"tips": {"count": 0}, "contact": {"twitter": "jhgregory", "facebook": "518047429"}, "firstName": "Joseph", "gender": "male", "lastName": "Gregory", "id": "31890313", "bio": "", "photo": {"prefix": "https://igx.4sqi.net/img/user/", "suffix": "/YZ5OHAB22D3HSACM.jpg"}, "homeCity": "New York, NY", "lists": {"groups": [{"items": [], "count": 2, "type": "created"}]}}, {"tips": {"count": 6}, "contact": {"twitter": "maxistrategy", "facebook": "100002313737236"}, "firstName": "Max", "gender": "male", "lastName": "Ford", "id": "1487453", "bio": "", "photo": {"prefix": "https://igx.4sqi.net/img/user/", "suffix": "/DQQ353SX1ARONE2Y.jpg"}, "homeCity": "Bristol, UK", "lists": {"groups": [{"items": [], "count": 2, "type": "created"}]}}, {"tips": {"count": 0}, "contact": {"twitter": "american_nomad"}, "firstName": "Jonathan", "gender": "male", "lastName": "Fateley", "id": "56072210", "bio": "", "photo": {"prefix": "https://igx.4sqi.net/img/user/", "suffix": "/56072210-MAIEHJZXQLE01MEK"}, "homeCity": "Manhattan, Kansas, USA", "lists": {"groups": [{"items": [], "count": 2, "type": "created"}]}}, {"tips": {"count": 0}, "contact": {"twitter": "_laraelliott", "facebook": "571748822"}, "firstName": "Lara", "gender": "female", "lastName": "Elliott", "id": "12411041", "bio": "Follow me on twitter: @_LaraElliott", "photo": {"prefix": "https://igx.4sqi.net/img/user/", "suffix": "/UNQPXLKZ5UJ0U34P.jpg"}, "homeCity": "UK", "lists": {"groups": [{"items": [], "count": 5, "type": "created"}]}}, {"tips": {"count": 8}, "contact": {"twitter": "niiiknaaak", "facebook": "652872448"}, "firstName": "Nicola", "gender": "female", "lastName": "Wilcox", "id": "69919915", "bio": "Adventure after adventure", "photo": {"prefix": "https://igx.4sqi.net/img/user/", "suffix": "/BFP2GHTABL2F214U.jpg"}, "homeCity": "Birmingham, UK", "lists": {"groups": [{"items": [], "count": 2, "type": "created"}]}}, {"tips": {"count": 1}, "contact": {"facebook": "1539600685"}, "firstName": "Hanna", "gender": "female", "lastName": "M", "id": "56190841", "bio": "", "photo": {"prefix": "https://igx.4sqi.net/img/user/", "suffix": "/blank_girl.png", "default": true}, "homeCity": "Alexandria, VA", "lists": {"groups": [{"items": [], "count": 2, "type": "created"}]}}, {"tips": {"count": 0}, "contact": {}, "firstName": "Tom", "gender": "male", "lastName": "Fell", "id": "26863244", "bio": "", "photo": {"prefix": "https://igx.4sqi.net/img/user/", "suffix": "/blank_boy.png", "default": true}, "homeCity": "Oxfordshire", "lists": {"groups": [{"items": [], "count": 2, "type": "created"}]}}, {"tips": {"count": 0}, "contact": {"facebook": "631121361"}, "firstName": "James", "gender": "male", "lastName": "Darley", "id": "13701593", "bio": "", "photo": {"prefix": "https://igx.4sqi.net/img/user/", "suffix": "/blank_boy.png", "default": true}, "homeCity": "Bristol, UK", "lists": {"groups": [{"items": [], "count": 2, "type": "created"}]}}, {"tips": {"count": 0}, "contact": {"facebook": "500952476"}, "firstName": "Pete", "gender": "male", "lastName": "Naish", "id": "56835487", "bio": "", "photo": {"prefix": "https://igx.4sqi.net/img/user/", "suffix": "/blank_boy.png", "default": true}, "homeCity": "London, ENG", "lists": {"groups": [{"items": [], "count": 2, "type": "created"}]}}, {"tips": {"count": 1}, "contact": {"facebook": "802300023"}, "firstName": "Shakila", "gender": "female", "lastName": "Khan", "id": "82372907", "bio": "", "photo": {"prefix": "https://igx.4sqi.net/img/user/", "suffix": "/82372907-2CL5ISV2SSIBLDU4.jpg"}, "homeCity": "Dubai, Dubai", "lists": {"groups": [{"items": [], "count": 2, "type": "created"}]}}, {"tips": {"count": 0}, "contact": {"twitter": "stickyvicki1", "facebook": "1240173549"}, "firstName": "Vicki", "gender": "female", "lastName": "Hemsley", "id": "43506313", "bio": "", "photo": {"prefix": "https://igx.4sqi.net/img/user/", "suffix": "/K4VTGGQEJ35YUPPD.jpg"}, "homeCity": "North East Lincolnshire", "lists": {"groups": [{"items": [], "count": 2, "type": "created"}]}}, {"tips": {"count": 0}, "contact": {"twitter": "rawengagement", "facebook": "1224626124"}, "firstName": "Richard", "gender": "male", "lastName": "West", "id": "14135655", "bio": "", "photo": {"prefix": "https://igx.4sqi.net/img/user/", "suffix": "/4SPYJ2UQ4DCSL3FR.jpg"}, "homeCity": "Sydney, Australia", "lists": {"groups": [{"items": [], "count": 2, "type": "created"}]}}, {"tips": {"count": 0}, "contact": {"facebook": "502379537"}, "firstName": "Boris", "gender": "male", "id": "30628754", "bio": "", "photo": {"prefix": "https://igx.4sqi.net/img/user/", "suffix": "/ACXJIU02IGOWCHTP.jpg"}, "homeCity": "New York, NY", "lists": {"groups": [{"items": [], "count": 2, "type": "created"}]}}, {"superuser": 1, "tips": {"count": 5}, "contact": {"facebook": "502929654"}, "firstName": "Keso", "gender": "female", "lastName": "Kendall", "id": "59835", "bio": "", "photo": {"prefix": "https://igx.4sqi.net/img/user/", "suffix": "/59835_1255301019778.jpg"}, "homeCity": "Albi, Midi-Pyr\u00e9n\u00e9es", "lists": {"groups": [{"items": [], "count": 2, "type": "created"}]}}, {"tips": {"count": 0}, "contact": {"facebook": "286600020"}, "firstName": "Thomson", "gender": "male", "lastName": "Lau", "id": "84733183", "bio": "", "photo": {"prefix": "https://igx.4sqi.net/img/user/", "suffix": "/84733183-F53XZKCU4ZVCYJAO.jpg"}, "homeCity": "Hong Kong", "lists": {"groups": [{"items": [], "count": 3, "type": "created"}]}}, {"tips": {"count": 13}, "contact": {"facebook": "286602058"}, "firstName": "Cath", "gender": "female", "lastName": "Willcox", "id": "3373757", "bio": "", "photo": {"prefix": "https://igx.4sqi.net/img/user/", "suffix": "/3373757-ATHVTS0ULNUZRHRO.jpg"}, "homeCity": "London", "lists": {"groups": [{"items": [], "count": 4, "type": "created"}]}}, {"tips": {"count": 0}, "contact": {"facebook": "708767176"}, "firstName": "Brittney", "gender": "female", "id": "32358279", "bio": "", "photo": {"prefix": "https://igx.4sqi.net/img/user/", "suffix": "/YDHCNF5MK05DOIK1.jpg"}, "homeCity": "British Columbia", "lists": {"groups": [{"items": [], "count": 2, "type": "created"}]}}, {"tips": {"count": 0}, "contact": {"facebook": "286600237"}, "firstName": "Lyndsey", "gender": "female", "lastName": "Wray", "id": "69729381", "bio": "", "photo": {"prefix": "https://igx.4sqi.net/img/user/", "suffix": "/1ATPJ4LV0E2LBXMA.jpg"}, "homeCity": "London, ENG", "lists": {"groups": [{"items": [], "count": 2, "type": "created"}]}}, {"tips": {"count": 0}, "contact": {"facebook": "286602149"}, "firstName": "Alice", "gender": "female", "lastName": "St Aubyn", "id": "52308278", "bio": "", "photo": {"prefix": "https://igx.4sqi.net/img/user/", "suffix": "/5UX53F10H020EJOZ.jpg"}, "homeCity": "Barcelona, 56", "lists": {"groups": [{"items": [], "count": 2, "type": "created"}]}}, {"tips": {"count": 0}, "contact": {"twitter": "jackdrewry", "facebook": "541530152"}, "firstName": "Jack", "gender": "male", "id": "30181524", "bio": "", "photo": {"prefix": "https://igx.4sqi.net/img/user/", "suffix": "/AUAWU004SDEC0KGS.jpg"}, "homeCity": "New York, NY", "lists": {"groups": [{"items": [], "count": 2, "type": "created"}]}}, {"tips": {"count": 0}, "contact": {"facebook": "505887691"}, "firstName": "Chrissy", "gender": "female", "lastName": "Monday", "id": "16469895", "bio": "", "photo": {"prefix": "https://igx.4sqi.net/img/user/", "suffix": "/QWDEDTGCYTVS0MDV.jpg"}, "homeCity": "Tiverton, UK", "lists": {"groups": [{"items": [], "count": 2, "type": "created"}]}}, {"tips": {"count": 0}, "contact": {"facebook": "681604364"}, "firstName": "Mike", "gender": "male", "lastName": "Gilbert", "id": "14276165", "bio": "", "photo": {"prefix": "https://igx.4sqi.net/img/user/", "suffix": "/TCWHNH2JFGAF3E0G.jpg"}, "homeCity": "Bristol, UK", "lists": {"groups": [{"items": [], "count": 2, "type": "created"}]}}, {"tips": {"count": 0}, "contact": {"facebook": "285600424"}, "firstName": "Anthony", "gender": "male", "lastName": "Hunt", "id": "38863067", "bio": "", "photo": {"prefix": "https://igx.4sqi.net/img/user/", "suffix": "/QG4ESDQIZDAPBSMS.jpg"}, "homeCity": "Hertfordshire", "lists": {"groups": [{"items": [], "count": 2, "type": "created"}]}}, {"tips": {"count": 26}, "contact": {"twitter": "havesomeadz", "facebook": "202901070"}, "firstName": "Adam", "gender": "male", "lastName": "Kemeny", "id": "669123", "bio": "", "photo": {"prefix": "https://igx.4sqi.net/img/user/", "suffix": "/OSTAKX3T3GI2IDVA.jpg"}, "homeCity": "London, UK", "lists": {"groups": [{"items": [], "count": 2, "type": "created"}]}}, {"tips": {"count": 2}, "contact": {"twitter": "antonak01", "facebook": "222702235"}, "firstName": "Anton", "gender": "male", "lastName": "Kouprianov", "id": "86249182", "bio": "", "photo": {"prefix": "https://igx.4sqi.net/img/user/", "suffix": "/86249182-XLG1VTA1YLHBZ5JL.jpg"}, "homeCity": "Dublin,", "lists": {"groups": [{"items": [], "count": 2, "type": "created"}]}}, {"tips": {"count": 2}, "contact": {"twitter": "wilks77", "facebook": "627150017"}, "firstName": "Chris", "gender": "male", "lastName": "Williams", "id": "5740806", "bio": "", "photo": {"prefix": "https://igx.4sqi.net/img/user/", "suffix": "/JGXRHDH4MKSTR3BT.jpg"}, "homeCity": "Bristol, UK", "lists": {"groups": [{"items": [], "count": 2, "type": "created"}]}}, {"tips": {"count": 0}, "contact": {"facebook": "553965272"}, "firstName": "Rachel", "gender": "female", "id": "34015456", "bio": "", "photo": {"prefix": "https://igx.4sqi.net/img/user/", "suffix": "/V1J4QX4R2X12BMTO.jpg"}, "homeCity": "Dubai", "lists": {"groups": [{"items": [], "count": 2, "type": "created"}]}}, {"tips": {"count": 0}, "contact": {"facebook": "505056726"}, "firstName": "Georgina", "gender": "female", "lastName": "Townsend", "id": "76124394", "bio": "", "photo": {"prefix": "https://igx.4sqi.net/img/user/", "suffix": "/76124394-ZPLRHIQPZUJHB3FX.jpg"}, "homeCity": "Reading, K7", "lists": {"groups": [{"items": [], "count": 2, "type": "created"}]}}, {"tips": {"count": 3}, "contact": {"facebook": "511405538"}, "firstName": "Nikunj", "gender": "male", "lastName": "Atrey", "id": "20198262", "bio": "", "photo": {"prefix": "https://igx.4sqi.net/img/user/", "suffix": "/TMA0EOXSZTUQDHAP.jpg"}, "homeCity": "Miami Beach, FL", "lists": {"groups": [{"items": [], "count": 2, "type": "created"}]}}, {"tips": {"count": 1}, "contact": {"facebook": "100000097213891"}, "firstName": "Olia", "gender": "female", "lastName": "Korn", "id": "70279533", "bio": "", "photo": {"prefix": "https://igx.4sqi.net/img/user/", "suffix": "/NBUHGETONX5OF22F.jpg"}, "homeCity": "Minsk, Belarus", "lists": {"groups": [{"items": [], "count": 2, "type": "created"}]}}, {"tips": {"count": 22}, "contact": {"facebook": "627975091"}, "firstName": "Billie", "gender": "female", "id": "72224808", "bio": "", "photo": {"prefix": "https://igx.4sqi.net/img/user/", "suffix": "/72224808-E1T1C4GAF2TW4TUW.jpg"}, "homeCity": "Singapore, Singapore", "lists": {"groups": [{"items": [], "count": 4, "type": "created"}]}}, {"tips": {"count": 0}, "contact": {"facebook": "512595820"}, "firstName": "Johnathan", "gender": "male", "lastName": "Hooper", "id": "3342256", "bio": "", "photo": {"prefix": "https://igx.4sqi.net/img/user/", "suffix": "/QKICT1CBTKWV303T.jpg"}, "homeCity": "Plymouth, UK", "lists": {"groups": [{"items": [], "count": 2, "type": "created"}]}}, {"tips": {"count": 11}, "contact": {"facebook": "1061678857195531"}, "firstName": "Hilda", "gender": "female", "lastName": "Ura", "id": "86353083", "bio": "", "photo": {"prefix": "https://igx.4sqi.net/img/user/", "suffix": "/86353083_EsOuPpib_myXCDitM51M6vHylKFzw8TTmiyqYBQXr6b-0NDFgZD8W4wKIIt-Sx_1mOOrGN-gT.jpg"}, "homeCity": "Singapore", "lists": {"groups": [{"items": [], "count": 2, "type": "created"}]}}, {"tips": {"count": 25}, "contact": {"twitter": "marcelosazevedo", "facebook": "1561265085"}, "firstName": "Marcelo", "gender": "male", "lastName": "Azevedo", "id": "6402379", "bio": "", "photo": {"prefix": "https://igx.4sqi.net/img/user/", "suffix": "/CRLVT0XLMCDKS10C.jpg"}, "homeCity": "S\u0101o Paulo, Brasil", "lists": {"groups": [{"items": [], "count": 2, "type": "created"}]}}, {"tips": {"count": 5}, "contact": {"twitter": "dcf104", "facebook": "100004353422834"}, "firstName": "Dominic", "gender": "male", "lastName": "Francis", "id": "34093161", "bio": "", "photo": {"prefix": "https://igx.4sqi.net/img/user/", "suffix": "/2OINVK4TRCOYRH2B.jpg"}, "homeCity": "Merton", "lists": {"groups": [{"items": [], "count": 2, "type": "created"}]}}, {"tips": {"count": 0}, "contact": {"twitter": "saladukha", "facebook": "561025819"}, "firstName": "Katsia", "gender": "female", "lastName": "Saladukha", "id": "21550455", "bio": "", "photo": {"prefix": "https://igx.4sqi.net/img/user/", "suffix": "/DPREOICWWZ3VDW4O.jpg"}, "homeCity": "Minsk", "lists": {"groups": [{"items": [], "count": 2, "type": "created"}]}}, {"tips": {"count": 0}, "contact": {}, "firstName": "Ruby", "gender": "female", "lastName": "Haggerty", "id": "80543441", "bio": "", "photo": {"prefix": "https://igx.4sqi.net/img/user/", "suffix": "/80543441-VE2P5CCS1JCUCTV5.jpg"}, "homeCity": "", "lists": {"groups": [{"items": [], "count": 2, "type": "created"}]}}, {"tips": {"count": 2}, "contact": {"twitter": "wonglung", "facebook": "504827188"}, "firstName": "Jules", "gender": "male", "lastName": "Wong", "id": "14909126", "bio": "", "photo": {"prefix": "https://igx.4sqi.net/img/user/", "suffix": "/14909126-UXEDMP55XIHKUINS.jpg"}, "homeCity": "Bristol", "lists": {"groups": [{"items": [], "count": 2, "type": "created"}]}}, {"tips": {"count": 0}, "contact": {"facebook": "100002115134075"}, "firstName": "Sam", "gender": "male", "lastName": "Butler", "id": "34195249", "bio": "", "photo": {"prefix": "https://igx.4sqi.net/img/user/", "suffix": "/0BWYR35OLN3JZTZU.jpg"}, "homeCity": "New York, NY", "lists": {"groups": [{"items": [], "count": 2, "type": "created"}]}}, {"tips": {"count": 0}, "contact": {"facebook": "1375248536"}, "firstName": "Chris", "gender": "male", "lastName": "Simsek", "id": "67101435", "bio": "", "photo": {"prefix": "https://igx.4sqi.net/img/user/", "suffix": "/53ELXXDXB32Z4RIK.jpg"}, "homeCity": "Bristol, United Kingdom", "lists": {"groups": [{"items": [], "count": 2, "type": "created"}]}}, {"tips": {"count": 0}, "contact": {}, "firstName": "Guadalupe", "gender": "female", "lastName": "Johnson", "id": "81791350", "bio": "", "photo": {"prefix": "https://igx.4sqi.net/img/user/", "suffix": "/81791350-X1YBSCXYUBTHHXT5.jpg"}, "homeCity": "", "lists": {"groups": [{"items": [], "count": 2, "type": "created"}]}}], "count": 60}, "checksum": "c9990d0998fbb5b9d0b7b5b6ede6eee7895dbe63"}, "meta": {"requestId": "5966125c1ed21919f8123a88", "code": 200}}