{"notifications": [{"type": "notificationTray", "item": {"unreadCount": 0}}], "response": {"friends": {"items": [{"tips": {"count": 0}, "contact": {"twitter": "cherylloveyouh"}, "firstName": "\u2767 C H E R Y L", "gender": "female", "lastName": "\u2661", "id": "16609174", "bio": "\u25b2 EndlessHope . \ud83c\udf80\r\n\u25b2 Life has so many different chapters , one bad chapter does not mean its the end of the book . \ud83c\udf39\ud83d\udc95", "photo": {"prefix": "https://igx.4sqi.net/img/user/", "suffix": "/16609174-P5TGFTOADU3P1NE0.jpg"}, "homeCity": "Singapore", "lists": {"groups": [{"items": [], "count": 2, "type": "created"}]}}, {"tips": {"count": 0}, "contact": {"twitter": "sevastianhere", "facebook": "10208684613262501"}, "firstName": "Sevastian", "gender": "male", "lastName": "Lee", "id": "151829973", "bio": "", "photo": {"prefix": "https://igx.4sqi.net/img/user/", "suffix": "/151829973_WnsnWYDs_CDZJQ7rQPoj1H3dYtGSavnuq-xncU_aQQ9dtn1smhwggM8EgLL_7TCNf791Lota6.jpg"}, "homeCity": "Simei, Singapore", "lists": {"groups": [{"items": [], "count": 2, "type": "created"}]}}, {"tips": {"count": 0}, "contact": {"facebook": "100000341912261"}, "firstName": "Malcolm", "gender": "male", "lastName": "Wong", "id": "12503272", "bio": "", "photo": {"prefix": "https://igx.4sqi.net/img/user/", "suffix": "/K1UQIZT4TZECIAQY.jpg"}, "homeCity": "Singapore", "lists": {"groups": [{"items": [], "count": 2, "type": "created"}]}}, {"tips": {"count": 1}, "contact": {"twitter": "shaileenng", "facebook": "1315961041"}, "firstName": "Shaileen", "gender": "female", "lastName": "Ng", "id": "8015023", "bio": "", "photo": {"prefix": "https://igx.4sqi.net/img/user/", "suffix": "/8015023-F4ANEUHEV2HAF5J3.jpg"}, "homeCity": "Singapore", "lists": {"groups": [{"items": [], "count": 2, "type": "created"}]}}, {"tips": {"count": 0}, "contact": {"twitter": "alvhosw", "facebook": "100003483222192"}, "firstName": "Alvin", "gender": "male", "lastName": "Ho", "id": "2921563", "bio": "", "photo": {"prefix": "https://igx.4sqi.net/img/user/", "suffix": "/2921563-S3A1CYKIXFQ3ROQW.jpg"}, "homeCity": "Singapore", "lists": {"groups": [{"items": [], "count": 2, "type": "created"}]}}, {"tips": {"count": 1}, "contact": {"twitter": "angelicaanngie"}, "firstName": "Angelica", "gender": "female", "lastName": "Ee", "id": "6601668", "bio": "", "photo": {"prefix": "https://igx.4sqi.net/img/user/", "suffix": "/6601668-EYGFZT40LOPYVC33.jpg"}, "homeCity": "New York, NY", "lists": {"groups": [{"items": [], "count": 2, "type": "created"}]}}, {"tips": {"count": 0}, "contact": {"twitter": "ginelllll", "facebook": "100000264399965"}, "firstName": "\u2743Nelllll\u2743", "gender": "female", "id": "74821876", "bio": "Fly w me ; I don bite\ud83d\ude1a", "photo": {"prefix": "https://igx.4sqi.net/img/user/", "suffix": "/74821876-WVN2CIXF5GHG00AI.jpg"}, "homeCity": "+65", "lists": {"groups": [{"items": [], "count": 2, "type": "created"}]}}, {"tips": {"count": 0}, "contact": {}, "firstName": "Kelvin", "gender": "male", "lastName": "Yeo", "id": "3561756", "bio": "", "photo": {"prefix": "https://igx.4sqi.net/img/user/", "suffix": "/1Z5UATMFQYWVF3LR.jpg"}, "homeCity": "Singapore", "lists": {"groups": [{"items": [], "count": 2, "type": "created"}]}}, {"tips": {"count": 2}, "contact": {"twitter": "lifeevidence", "facebook": "1043430075674781"}, "firstName": "Seaweed", "gender": "female", "lastName": "NSH.", "id": "3670784", "bio": "", "photo": {"prefix": "https://igx.4sqi.net/img/user/", "suffix": "/3670784-S2QCSUAOAKTZ2IQ5.jpg"}, "homeCity": "Singapore.", "lists": {"groups": [{"items": [], "count": 2, "type": "created"}]}}, {"tips": {"count": 0}, "contact": {"twitter": "samanthaathenat", "facebook": "1025793144099949"}, "firstName": "Samantha", "gender": "female", "lastName": "Toh", "id": "20644089", "bio": "\u2693 Surfers. Music. Food \u2693", "photo": {"prefix": "https://igx.4sqi.net/img/user/", "suffix": "/ENARFP2P02WRVVGO.jpg"}, "homeCity": "Singapore ", "lists": {"groups": [{"items": [], "count": 2, "type": "created"}]}}, {"tips": {"count": 0}, "contact": {"twitter": "xiaobennn", "facebook": "955677221215993"}, "firstName": "Benjamin", "gender": "male", "lastName": "Neo", "id": "213896133", "bio": "", "photo": {"prefix": "https://igx.4sqi.net/img/user/", "suffix": "/213896133-XBUNBS52EU2BLXDU.jpg"}, "homeCity": "Singapore", "lists": {"groups": [{"items": [], "count": 2, "type": "created"}]}}, {"tips": {"count": 0}, "contact": {"twitter": "piggypiggyful"}, "firstName": "Phyllis", "gender": "female", "lastName": "Wong", "id": "182520395", "bio": "", "photo": {"prefix": "https://igx.4sqi.net/img/user/", "suffix": "/182520395-BYNET3OVAF1HQ120.jpg"}, "homeCity": "Singapore, 00", "lists": {"groups": [{"items": [], "count": 2, "type": "created"}]}}, {"tips": {"count": 0}, "contact": {"twitter": "thatufo_alien", "facebook": "10205802609570513"}, "firstName": "suyin", "gender": "female", "id": "18807533", "bio": "one life , one chance\u2728", "photo": {"prefix": "https://igx.4sqi.net/img/user/", "suffix": "/18807533_68kZO1yK_1SBR_SZrT7A6yPmgc2ZISpHwcpeTw3ebDi7BiW2PQQl1f_TN586vxMzDL25LgqiQ.jpg"}, "homeCity": "Singapore", "lists": {"groups": [{"items": [], "count": 2, "type": "created"}]}}, {"tips": {"count": 0}, "contact": {"twitter": "feliciakangg_", "facebook": "100000925603448"}, "firstName": "fel", "gender": "female", "id": "41797061", "bio": "sucks t be me.", "photo": {"prefix": "https://igx.4sqi.net/img/user/", "suffix": "/41797061-QCQTRIT5KEXMZL5D.jpg"}, "homeCity": "SINGAPORE", "lists": {"groups": [{"items": [], "count": 2, "type": "created"}]}}], "count": 14}, "checksum": "7d1e1884cc688a3fc24cc9851cc9ffe4df9f2cf3"}, "meta": {"requestId": "596630c31ed21919fc3b5577", "code": 200}}