{"notifications": [{"type": "notificationTray", "item": {"unreadCount": 0}}], "response": {"friends": {"items": [{"tips": {"count": 5}, "contact": {"twitter": "sivathry", "facebook": "709882460"}, "firstName": "Sivathry", "gender": "female", "id": "5162155", "bio": "", "photo": {"prefix": "https://igx.4sqi.net/img/user/", "suffix": "/5DPJMOUHR01ATNYY.jpg"}, "homeCity": "Lakeside,Joondalup.", "lists": {"groups": [{"items": [], "count": 2, "type": "created"}]}}, {"tips": {"count": 1}, "contact": {"twitter": "anis_sakinah1", "facebook": "1093762625"}, "firstName": "Anis", "gender": "female", "lastName": "Sakinah", "id": "6827361", "bio": "", "photo": {"prefix": "https://igx.4sqi.net/img/user/", "suffix": "/XK1F2Q004AC5WYKO.jpg"}, "homeCity": "Singapore", "lists": {"groups": [{"items": [], "count": 2, "type": "created"}]}}, {"tips": {"count": 18}, "contact": {"twitter": "stella_yuuki"}, "firstName": "Stella\u2022\u3086\u3046\u304d", "gender": "female", "lastName": "Heartfilia\ue032", "id": "6620768", "bio": "", "photo": {"prefix": "https://igx.4sqi.net/img/user/", "suffix": "/XAP0AXTB1RG2PMJZ.jpg"}, "homeCity": "Singapore", "lists": {"groups": [{"items": [], "count": 2, "type": "created"}]}}, {"tips": {"count": 0}, "contact": {"twitter": "lilacdaises", "facebook": "1795149297"}, "firstName": "Jane", "gender": "female", "id": "4253086", "bio": "", "photo": {"prefix": "https://igx.4sqi.net/img/user/", "suffix": "/4253086-2KJVB3UUTI1X0UNL.jpg"}, "homeCity": "", "lists": {"groups": [{"items": [], "count": 2, "type": "created"}]}}, {"tips": {"count": 2}, "contact": {"facebook": "100000255423899"}, "firstName": "JulietNikyoraSan", "gender": "female", "id": "4174641", "bio": "", "photo": {"prefix": "https://igx.4sqi.net/img/user/", "suffix": "/TLZOX20T1P0WRKMM.jpg"}, "homeCity": "Serangoon North, Tampines.", "lists": {"groups": [{"items": [], "count": 2, "type": "created"}]}}, {"tips": {"count": 0}, "contact": {}, "firstName": "Nafira", "gender": "female", "id": "6105373", "bio": "", "photo": {"prefix": "https://igx.4sqi.net/img/user/", "suffix": "/XWMOMVGO4WDUR2A4.jpg"}, "homeCity": "Singapore", "lists": {"groups": [{"items": [], "count": 2, "type": "created"}]}}, {"tips": {"count": 2}, "contact": {"twitter": "marcusheineken", "facebook": "1394772717"}, "firstName": "Marcus", "gender": "male", "lastName": "Ng", "id": "3737584", "bio": "", "photo": {"prefix": "https://igx.4sqi.net/img/user/", "suffix": "/3737584-DBWBXNZMBN5HS3R3.jpg"}, "homeCity": "Singapore", "lists": {"groups": [{"items": [], "count": 2, "type": "created"}]}}, {"tips": {"count": 0}, "contact": {"twitter": "velourialush", "facebook": "545448357"}, "firstName": "Lyshia", "gender": "female", "lastName": "Tan", "id": "5374694", "bio": "", "photo": {"prefix": "https://igx.4sqi.net/img/user/", "suffix": "/GZSBJXPHJXACSVYZ.jpg"}, "homeCity": "Sydney", "lists": {"groups": [{"items": [], "count": 2, "type": "created"}]}}, {"tips": {"count": 0}, "contact": {"twitter": "joeytyp", "facebook": "10203900557214679"}, "firstName": "Joey", "gender": "female", "lastName": "Tan", "id": "8283112", "bio": "", "photo": {"prefix": "https://igx.4sqi.net/img/user/", "suffix": "/8283112-421HTSEOU140WRWA.jpg"}, "homeCity": "Singapore", "lists": {"groups": [{"items": [], "count": 2, "type": "created"}]}}, {"tips": {"count": 1}, "contact": {"twitter": "natalieyap_", "facebook": "1108533588"}, "firstName": "Natalie", "gender": "female", "lastName": "Yap", "id": "5360911", "bio": "", "photo": {"prefix": "https://igx.4sqi.net/img/user/", "suffix": "/1AQ3ZZKC5WKPOXT2.jpg"}, "homeCity": "SINGAPORE :)", "lists": {"groups": [{"items": [], "count": 2, "type": "created"}]}}, {"tips": {"count": 1}, "contact": {"twitter": "quietheartbeatz", "facebook": "100000116457314"}, "firstName": "Marlini", "gender": "female", "lastName": "Maengkom", "id": "998772", "bio": "", "photo": {"prefix": "https://igx.4sqi.net/img/user/", "suffix": "/VSJJRQRHGNITOPPI.jpg"}, "homeCity": "Singapore", "lists": {"groups": [{"items": [], "count": 2, "type": "created"}]}}, {"tips": {"count": 0}, "contact": {"facebook": "753954642"}, "firstName": "Calvin", "gender": "male", "lastName": "Lim", "id": "4951973", "bio": "", "photo": {"prefix": "https://igx.4sqi.net/img/user/", "suffix": "/IWK511SV3JTJIPD0.jpg"}, "homeCity": "Singapore", "lists": {"groups": [{"items": [], "count": 2, "type": "created"}]}}, {"tips": {"count": 0}, "contact": {"twitter": "saffronsharpeee", "facebook": "841764868"}, "firstName": "Saffron", "gender": "female", "lastName": "Sharpe", "id": "3705414", "bio": "", "photo": {"prefix": "https://igx.4sqi.net/img/user/", "suffix": "/2B2XXCITOE1PQVFC.jpg"}, "homeCity": "Singapore", "lists": {"groups": [{"items": [], "count": 3, "type": "created"}]}}, {"tips": {"count": 0}, "contact": {"twitter": "cj10051116"}, "firstName": "\uc170\ub7f4\u2661", "gender": "female", "id": "4141596", "bio": "snapchat: watasiwacheryl", "photo": {"prefix": "https://igx.4sqi.net/img/user/", "suffix": "/4141596-CNJJBWLMGISHEW0L.jpg"}, "homeCity": "\ub300\ud55c\ubbfc\uad6d", "lists": {"groups": [{"items": [], "count": 2, "type": "created"}]}}, {"tips": {"count": 6}, "contact": {"twitter": "blingjael", "facebook": "1039436454"}, "firstName": "Jael", "gender": "female", "lastName": "Tan", "id": "2311634", "bio": "Just be true to who you are \u2665\u00b9\u00b3 ( http://modelblings.blogspot.com/ ) \u2665 http://modeldreams.tumblr.com/", "photo": {"prefix": "https://igx.4sqi.net/img/user/", "suffix": "/AJLADGHTQYBMWMNY.jpg"}, "homeCity": "Singapore", "lists": {"groups": [{"items": [], "count": 2, "type": "created"}]}}, {"tips": {"count": 2}, "contact": {"twitter": "kritikittyboo", "facebook": "1414207924"}, "firstName": "Kriti", "gender": "female", "lastName": "Kaur", "id": "6527433", "bio": "", "photo": {"prefix": "https://igx.4sqi.net/img/user/", "suffix": "/HYV3NHCSSHSNK2EQ.jpg"}, "homeCity": "Singapore", "lists": {"groups": [{"items": [], "count": 2, "type": "created"}]}}, {"tips": {"count": 1}, "contact": {"twitter": "lookatzane", "facebook": "10153139044454901"}, "firstName": "JunCheng", "gender": "male", "lastName": "Zane", "id": "5284301", "bio": "", "photo": {"prefix": "https://igx.4sqi.net/img/user/", "suffix": "/5284301-W0SFJCO5YXEYMUO4.jpg"}, "homeCity": "Singapore", "lists": {"groups": [{"items": [], "count": 2, "type": "created"}]}}, {"tips": {"count": 1}, "contact": {"twitter": "shutyourtoot"}, "firstName": "Avin", "gender": "male", "lastName": "Peh", "id": "4663221", "bio": "", "photo": {"prefix": "https://igx.4sqi.net/img/user/", "suffix": "/PNIQNYLC55OKGTW4.jpg"}, "homeCity": "New York, NY", "lists": {"groups": [{"items": [], "count": 2, "type": "created"}]}}, {"tips": {"count": 0}, "contact": {"twitter": "dopekidxoxo", "facebook": "783158369"}, "firstName": "Sherilyn", "gender": "female", "lastName": "Lee", "id": "13063370", "bio": "", "photo": {"prefix": "https://igx.4sqi.net/img/user/", "suffix": "/MLZMEZZS5Z2GGZLH.jpg"}, "homeCity": "Singapore", "lists": {"groups": [{"items": [], "count": 3, "type": "created"}]}}, {"tips": {"count": 3}, "contact": {}, "firstName": "Macho", "gender": "male", "lastName": "Mai", "id": "9647986", "bio": "", "photo": {"prefix": "https://igx.4sqi.net/img/user/", "suffix": "/C4HHKMGOEUGVMEA5.jpg"}, "homeCity": "Sengkurong", "lists": {"groups": [{"items": [], "count": 2, "type": "created"}]}}, {"tips": {"count": 33}, "contact": {"twitter": "celestialdeva", "facebook": "576411791"}, "firstName": "Celestine", "gender": "female", "lastName": "Sun", "id": "5261538", "bio": "", "photo": {"prefix": "https://igx.4sqi.net/img/user/", "suffix": "/EODG1EZU4AKRJOM4.jpg"}, "homeCity": "Singapore", "lists": {"groups": [{"items": [], "count": 2, "type": "created"}]}}, {"tips": {"count": 0}, "contact": {"twitter": "celestvansgucci", "facebook": "834209487"}, "firstName": "Celest", "gender": "female", "lastName": "VansGucci", "id": "5772236", "bio": "", "photo": {"prefix": "https://igx.4sqi.net/img/user/", "suffix": "/UZH3HSBWOIASPYSJ.jpg"}, "homeCity": "Singapore", "lists": {"groups": [{"items": [], "count": 2, "type": "created"}]}}, {"tips": {"count": 1}, "contact": {"twitter": "derricklwz", "facebook": "1044504304"}, "firstName": "Derrick", "gender": "male", "lastName": "Loh", "id": "4451297", "bio": "", "photo": {"prefix": "https://igx.4sqi.net/img/user/", "suffix": "/ZEWVVRDN4ZJ1MLWF.jpg"}, "homeCity": "Singapore", "lists": {"groups": [{"items": [], "count": 2, "type": "created"}]}}, {"tips": {"count": 0}, "contact": {"twitter": "nevillela", "facebook": "10200809278630488"}, "firstName": "Neville", "gender": "male", "lastName": "Eng", "id": "6531685", "bio": "", "photo": {"prefix": "https://igx.4sqi.net/img/user/", "suffix": "/6531685-IEQ1JKRUPTB24NB1.jpg"}, "homeCity": "Singapore", "lists": {"groups": [{"items": [], "count": 2, "type": "created"}]}}, {"tips": {"count": 1}, "contact": {"facebook": "793857364"}, "firstName": "Nazri", "gender": "male", "lastName": "Wahid", "id": "8018236", "bio": "", "photo": {"prefix": "https://igx.4sqi.net/img/user/", "suffix": "/SD51LYMMB0IJ0M32.jpg"}, "homeCity": "Singapore", "lists": {"groups": [{"items": [], "count": 2, "type": "created"}]}}, {"tips": {"count": 0}, "contact": {"twitter": "shogunshad", "facebook": "1069004070"}, "firstName": "Muhammad Irshad", "gender": "male", "lastName": "Noorhalim", "id": "4908123", "bio": "", "photo": {"prefix": "https://igx.4sqi.net/img/user/", "suffix": "/PBLXUPDJM4AZTPAG.jpg"}, "homeCity": "Singapore", "lists": {"groups": [{"items": [], "count": 2, "type": "created"}]}}, {"tips": {"count": 0}, "contact": {"twitter": "ffunfair", "facebook": "1449121642"}, "firstName": "Rehann", "gender": "male", "lastName": "Illusion", "id": "6146412", "bio": "", "photo": {"prefix": "https://igx.4sqi.net/img/user/", "suffix": "/F0BV5GQWGU1GLVK2.jpg"}, "homeCity": "Sydney", "lists": {"groups": [{"items": [], "count": 2, "type": "created"}]}}, {"tips": {"count": 18}, "contact": {"twitter": "fiiona_tralala", "facebook": "685133121"}, "firstName": "Fiona", "gender": "female", "lastName": "Ng", "id": "9457095", "bio": "", "photo": {"prefix": "https://igx.4sqi.net/img/user/", "suffix": "/CVCQQOUUF51FTV0B.jpg"}, "homeCity": "Singapore", "lists": {"groups": [{"items": [], "count": 2, "type": "created"}]}}, {"tips": {"count": 0}, "contact": {"facebook": "1093643530"}, "firstName": "Alvin", "gender": "male", "lastName": "Thomas", "id": "5122660", "bio": "", "photo": {"prefix": "https://igx.4sqi.net/img/user/", "suffix": "/JYTR5P1WVU2MMOL5.jpg"}, "homeCity": "Singapore", "lists": {"groups": [{"items": [], "count": 2, "type": "created"}]}}, {"tips": {"count": 0}, "contact": {"twitter": "markomahalkita"}, "firstName": "Marko", "gender": "male", "id": "6496167", "bio": "", "photo": {"prefix": "https://igx.4sqi.net/img/user/", "suffix": "/02PM5YEPPK01TJOR.jpg"}, "homeCity": "Singapore", "lists": {"groups": [{"items": [], "count": 2, "type": "created"}]}}, {"tips": {"count": 0}, "contact": {"twitter": "forlornlove", "facebook": "1615063401"}, "firstName": "Justin", "gender": "male", "lastName": "Michael", "id": "7338757", "bio": "", "photo": {"prefix": "https://igx.4sqi.net/img/user/", "suffix": "/3Z5LVUXDA3E3FQSJ.jpg"}, "homeCity": "Singapore", "lists": {"groups": [{"items": [], "count": 2, "type": "created"}]}}, {"tips": {"count": 0}, "contact": {"facebook": "100002648758345"}, "firstName": "Mandy", "gender": "female", "lastName": "Rosevear", "id": "7423584", "bio": "aiyo", "photo": {"prefix": "https://igx.4sqi.net/img/user/", "suffix": "/7423584-31O4GQYRSNW2AIX1.jpg"}, "homeCity": "Singapore", "lists": {"groups": [{"items": [], "count": 2, "type": "created"}]}}, {"tips": {"count": 0}, "contact": {"twitter": "zakkykihraa", "facebook": "100002285847629"}, "firstName": "Zakkira", "gender": "female", "lastName": "Jais", "id": "9036488", "bio": "", "photo": {"prefix": "https://igx.4sqi.net/img/user/", "suffix": "/Y4YTRCYB0IZR5FPF.jpg"}, "homeCity": "Singapore", "lists": {"groups": [{"items": [], "count": 3, "type": "created"}]}}, {"tips": {"count": 0}, "contact": {"facebook": "596238169"}, "firstName": "Petrina", "gender": "female", "lastName": "Ann", "id": "9038232", "bio": "", "photo": {"prefix": "https://igx.4sqi.net/img/user/", "suffix": "/WFGWBDNLY55AUW0B.jpg"}, "homeCity": "Singapore", "lists": {"groups": [{"items": [], "count": 2, "type": "created"}]}}], "count": 34}, "checksum": "bc25931076fb5fd13b4ca4c42fbb778ece5a7988"}, "meta": {"requestId": "5965f3eff594df3c59b66602", "code": 200}}