{"notifications": [{"type": "notificationTray", "item": {"unreadCount": 0}}], "response": {"friends": {"items": [{"tips": {"count": 0}, "contact": {}, "firstName": "Yusof", "gender": "male", "lastName": "Malik", "id": "4357987", "bio": "", "photo": {"prefix": "https://igx.4sqi.net/img/user/", "suffix": "/MKASN4ZHDDWRXDM3.jpg"}, "homeCity": "Singapore", "lists": {"groups": [{"items": [], "count": 2, "type": "created"}]}}, {"tips": {"count": 3}, "contact": {"facebook": "1252099283"}, "firstName": "ayda", "gender": "female", "lastName": "johan", "id": "6769143", "bio": "", "photo": {"prefix": "https://igx.4sqi.net/img/user/", "suffix": "/3EILL0500ZJCNLKR.jpg"}, "homeCity": " Rivervale Drive Singapore", "lists": {"groups": [{"items": [], "count": 3, "type": "created"}]}}, {"tips": {"count": 0}, "contact": {"facebook": "1506932794"}, "firstName": "Nafisah", "gender": "female", "lastName": "Kassim", "id": "26126237", "bio": "", "photo": {"prefix": "https://igx.4sqi.net/img/user/", "suffix": "/3YD3ARVVXW1HNGPD.jpg"}, "homeCity": "New York, NY", "lists": {"groups": [{"items": [], "count": 2, "type": "created"}]}}, {"tips": {"count": 0}, "contact": {"facebook": "100003242357343"}, "firstName": "Eirwan", "gender": "male", "lastName": "ThatsMe", "id": "17963241", "bio": "", "photo": {"prefix": "https://igx.4sqi.net/img/user/", "suffix": "/ARGLJSBZNOY2YMTD.jpg"}, "homeCity": "Singapore", "lists": {"groups": [{"items": [], "count": 2, "type": "created"}]}}, {"tips": {"count": 0}, "contact": {"facebook": "588588603"}, "firstName": "Boy", "gender": "male", "lastName": "Anje", "id": "11476129", "bio": "", "photo": {"prefix": "https://igx.4sqi.net/img/user/", "suffix": "/YEPMUYXVTXNKC5MH.jpg"}, "homeCity": "NY", "lists": {"groups": [{"items": [], "count": 2, "type": "created"}]}}, {"tips": {"count": 0}, "contact": {"facebook": "1843262838"}, "firstName": "Amy", "gender": "male", "lastName": "December", "id": "43315939", "bio": "", "photo": {"prefix": "https://igx.4sqi.net/img/user/", "suffix": "/134GGJHOOIV3RG0E.jpg"}, "homeCity": "Reading, England", "lists": {"groups": [{"items": [], "count": 2, "type": "created"}]}}, {"tips": {"count": 0}, "contact": {"facebook": "1328167527"}, "firstName": "Jamal", "gender": "male", "lastName": "Zainee", "id": "3915919", "bio": "", "photo": {"prefix": "https://igx.4sqi.net/img/user/", "suffix": "/EK24W2LLVSNATKXW.jpg"}, "homeCity": "Singapore", "lists": {"groups": [{"items": [], "count": 2, "type": "created"}]}}, {"tips": {"count": 0}, "contact": {"twitter": "nyraevans", "facebook": "675856587"}, "firstName": "Nyra", "gender": "female", "lastName": "J Anirah Sander", "id": "3784903", "bio": "", "photo": {"prefix": "https://igx.4sqi.net/img/user/", "suffix": "/LQ0MXP3ELIFDIMQN.jpg"}, "homeCity": "Singapore", "lists": {"groups": [{"items": [], "count": 2, "type": "created"}]}}, {"tips": {"count": 0}, "contact": {"facebook": "563242021"}, "firstName": "Eric", "gender": "male", "lastName": "Cheong", "id": "78309505", "bio": "", "photo": {"prefix": "https://igx.4sqi.net/img/user/", "suffix": "/78309505-GHV3IROKZDTVMTTJ.jpg"}, "homeCity": "Macau, Concelho de Macau", "lists": {"groups": [{"items": [], "count": 2, "type": "created"}]}}, {"tips": {"count": 1}, "contact": {"facebook": "1334404095"}, "firstName": "Hilyah", "gender": "female", "lastName": "Bella", "id": "4432247", "bio": "", "photo": {"prefix": "https://igx.4sqi.net/img/user/", "suffix": "/GIW5CUJIRUDYRW14.jpg"}, "homeCity": "singapore", "lists": {"groups": [{"items": [], "count": 2, "type": "created"}]}}, {"tips": {"count": 1}, "contact": {"twitter": "juanitajan", "facebook": "577352936"}, "firstName": "Juanita", "gender": "female", "lastName": "Jan", "id": "2391019", "bio": "", "photo": {"prefix": "https://igx.4sqi.net/img/user/", "suffix": "/HHW5T5UO1KVZUNLP.jpg"}, "homeCity": "Singapore", "lists": {"groups": [{"items": [], "count": 4, "type": "created"}]}}, {"tips": {"count": 0}, "contact": {"facebook": "696358449"}, "firstName": "Faisal", "gender": "male", "lastName": "Saleh", "id": "78017557", "bio": "", "photo": {"prefix": "https://igx.4sqi.net/img/user/", "suffix": "/78017557-Q3BMWBBOUATAUILR.jpg"}, "homeCity": "Singapore", "lists": {"groups": [{"items": [], "count": 2, "type": "created"}]}}, {"tips": {"count": 0}, "contact": {"facebook": "625596537"}, "firstName": "Rachel", "gender": "female", "lastName": "Lim", "id": "4642320", "bio": "", "photo": {"prefix": "https://igx.4sqi.net/img/user/", "suffix": "/JXRVPEGWCRFEKEP2.jpg"}, "homeCity": "Singapore", "lists": {"groups": [{"items": [], "count": 2, "type": "created"}]}}, {"tips": {"count": 0}, "contact": {"facebook": "1470924149"}, "firstName": "Muhd", "gender": "male", "lastName": "Akid", "id": "11976214", "bio": "", "photo": {"prefix": "https://igx.4sqi.net/img/user/", "suffix": "/KCWFKW5IWXTL43LF.jpg"}, "homeCity": "Singapore", "lists": {"groups": [{"items": [], "count": 2, "type": "created"}]}}, {"tips": {"count": 0}, "contact": {"facebook": "1609071806"}, "firstName": "DaNi", "gender": "male", "lastName": "AshBurn", "id": "3174463", "bio": "", "photo": {"prefix": "https://igx.4sqi.net/img/user/", "suffix": "/3174463-HWKAWCB0XEWVZ5R0.jpg"}, "homeCity": "Singapore", "lists": {"groups": [{"items": [], "count": 2, "type": "created"}]}}, {"tips": {"count": 0}, "contact": {"facebook": "623438543"}, "firstName": "Aidil", "gender": "male", "lastName": "Astro", "id": "6192106", "bio": "", "photo": {"prefix": "https://igx.4sqi.net/img/user/", "suffix": "/IASRO05ST2ZHQTWK.jpg"}, "homeCity": "Unnamed Location", "lists": {"groups": [{"items": [], "count": 2, "type": "created"}]}}, {"tips": {"count": 0}, "contact": {"facebook": "100000022303583"}, "firstName": "Hirman", "gender": "female", "lastName": "Ekin", "id": "3391822", "bio": "", "photo": {"prefix": "https://igx.4sqi.net/img/user/", "suffix": "/03INW5KFBPUMG2JT.jpg"}, "homeCity": "Singapore", "lists": {"groups": [{"items": [], "count": 5, "type": "created"}]}}, {"tips": {"count": 0}, "contact": {"facebook": "100000480472167"}, "firstName": "Mohamed", "gender": "male", "lastName": "Farhan", "id": "83820088", "bio": "", "photo": {"prefix": "https://igx.4sqi.net/img/user/", "suffix": "/83820088-RHPOZ34KUEPI5YEO.jpg"}, "homeCity": "Singapore", "lists": {"groups": [{"items": [], "count": 2, "type": "created"}]}}, {"tips": {"count": 0}, "contact": {"facebook": "100000005630461"}, "firstName": "Doritos", "gender": "male", "lastName": "Maestro", "id": "3972195", "bio": "", "photo": {"prefix": "https://igx.4sqi.net/img/user/", "suffix": "/IPLB0RBIN1OM50GE.jpg"}, "homeCity": "Singapore", "lists": {"groups": [{"items": [], "count": 2, "type": "created"}]}}, {"tips": {"count": 0}, "contact": {"facebook": "100000926993607"}, "firstName": "Mardi mad", "gender": "male", "lastName": "Mady", "id": "8830104", "bio": "", "photo": {"prefix": "https://igx.4sqi.net/img/user/", "suffix": "/CIYRTGJHUJZMFAMY.jpg"}, "homeCity": "Singapore", "lists": {"groups": [{"items": [], "count": 2, "type": "created"}]}}], "count": 20}, "checksum": "adca9e014bea267b49266b3d2183e59c2f92400c"}, "meta": {"requestId": "5965e8234434b96c194240ff", "code": 200}}