{"notifications": [{"type": "notificationTray", "item": {"unreadCount": 0}}], "response": {"friends": {"items": [{"tips": {"count": 0}, "contact": {"twitter": "melissalimbieb", "facebook": "749593434"}, "firstName": "Melissa", "gender": "female", "lastName": "Lim", "id": "6184413", "bio": "", "photo": {"prefix": "https://igx.4sqi.net/img/user/", "suffix": "/blank_girl.png", "default": true}, "homeCity": "New York, NY", "lists": {"groups": [{"items": [], "count": 2, "type": "created"}]}}, {"tips": {"count": 0}, "contact": {}, "firstName": "JIA YIN", "gender": "female", "lastName": "Loh", "id": "21477108", "bio": "", "photo": {"prefix": "https://igx.4sqi.net/img/user/", "suffix": "/44H4CSDPQSPDHDIU.jpg"}, "homeCity": "Singapore", "lists": {"groups": [{"items": [], "count": 2, "type": "created"}]}}, {"tips": {"count": 0}, "contact": {"facebook": "663545148"}, "firstName": "Yveena", "gender": "female", "lastName": "Mariel", "id": "12282606", "bio": "", "photo": {"prefix": "https://igx.4sqi.net/img/user/", "suffix": "/ECDIR2DQ5FDKFBAH.jpg"}, "homeCity": "NY", "lists": {"groups": [{"items": [], "count": 2, "type": "created"}]}}, {"tips": {"count": 0}, "contact": {"twitter": "angelccl93", "facebook": "764970203"}, "firstName": "Angel", "gender": "female", "lastName": "Chow", "id": "5541691", "bio": "22 // +65\nFollow me on insta @angelccl93", "photo": {"prefix": "https://igx.4sqi.net/img/user/", "suffix": "/5541691-3YS3OUZYQGBRRO1K.jpg"}, "homeCity": "Singapore", "lists": {"groups": [{"items": [], "count": 2, "type": "created"}]}}, {"tips": {"count": 0}, "contact": {"twitter": "jwyeo", "facebook": "601157265"}, "firstName": "Melvin", "gender": "none", "lastName": "Yeo", "id": "4617368", "bio": "", "photo": {"prefix": "https://igx.4sqi.net/img/user/", "suffix": "/AKN1JVQXR2OG2G3N.jpg"}, "homeCity": "Singapore", "lists": {"groups": [{"items": [], "count": 2, "type": "created"}]}}, {"tips": {"count": 0}, "contact": {"twitter": "officialhanteng", "facebook": "533536425"}, "firstName": "Leo", "gender": "male", "lastName": "Ang", "id": "1768365", "bio": "", "photo": {"prefix": "https://igx.4sqi.net/img/user/", "suffix": "/3PHFMJYBOM5URIED.jpg"}, "homeCity": "Singapore", "lists": {"groups": [{"items": [], "count": 2, "type": "created"}]}}, {"tips": {"count": 1}, "contact": {"facebook": "695026298"}, "firstName": "Norman", "gender": "male", "lastName": "Khor", "id": "7313831", "bio": "", "photo": {"prefix": "https://igx.4sqi.net/img/user/", "suffix": "/5M1BWLQNZKFTBF1K.jpg"}, "homeCity": "Singapore", "lists": {"groups": [{"items": [], "count": 2, "type": "created"}]}}, {"tips": {"count": 0}, "contact": {"twitter": "k_prettysmiles", "facebook": "658602102"}, "firstName": "Karen", "gender": "female", "lastName": "Lai", "id": "6499541", "bio": "", "photo": {"prefix": "https://igx.4sqi.net/img/user/", "suffix": "/3BLXKKTG4CUF12X5.jpg"}, "homeCity": "Singapore", "lists": {"groups": [{"items": [], "count": 2, "type": "created"}]}}, {"tips": {"count": 0}, "contact": {"twitter": "ismileforshow", "facebook": "100000607162904"}, "firstName": "GarySnail", "gender": "male", "lastName": "Xi Song", "id": "58119593", "bio": "", "photo": {"prefix": "https://igx.4sqi.net/img/user/", "suffix": "/NQQHB0EBLB4O1H0C.jpg"}, "homeCity": "Singapore", "lists": {"groups": [{"items": [], "count": 2, "type": "created"}]}}, {"tips": {"count": 0}, "contact": {"twitter": "chuanliang91", "facebook": "1034104043"}, "firstName": "Chuan Liang", "gender": "male", "lastName": "Tan", "id": "8782175", "bio": "", "photo": {"prefix": "https://igx.4sqi.net/img/user/", "suffix": "/8782175-QXNNDE0ROMGJZJGX.jpg"}, "homeCity": "Singapore", "lists": {"groups": [{"items": [], "count": 2, "type": "created"}]}}], "count": 10}, "checksum": "0b519f755853c3198dfba52e876031e62ab01ad6"}, "meta": {"requestId": "5966225f351e3d64afc51fcc", "code": 200}}