{"notifications": [{"type": "notificationTray", "item": {"unreadCount": 0}}], "meta": {"requestId": "5966e322f594df22352e6984", "code": 200}, "response": {"friends": {"count": 36, "items": [{"id": "41582651", "photo": {"prefix": "https://igx.4sqi.net/img/user/", "suffix": "/41582651-TAE35QYYLF4PBALK.jpg"}, "homeCity": "Selangor", "contact": {"facebook": "100000290594405"}, "firstName": "Khye-Zo", "tips": {"count": 0}, "gender": "male", "lastName": "-DissTricx-", "lists": {"groups": [{"count": 2, "type": "created", "items": []}]}, "bio": ""}, {"id": "6300815", "photo": {"prefix": "https://igx.4sqi.net/img/user/", "suffix": "/YBHU5HCJWHWPR0WK.jpg"}, "homeCity": "Singapore", "contact": {"facebook": "1554924158", "twitter": "jeremiahwyh"}, "firstName": "Jeremiah", "tips": {"count": 1}, "gender": "male", "lastName": "Wong", "lists": {"groups": [{"count": 2, "type": "created", "items": []}]}, "bio": ""}, {"id": "4527404", "photo": {"prefix": "https://igx.4sqi.net/img/user/", "suffix": "/0EFBJR3RS10MR3ZJ.jpg"}, "homeCity": "Singapore", "contact": {"facebook": "558192931", "twitter": "victoriaanicole"}, "firstName": "Victoria Nicole", "tips": {"count": 0}, "gender": "female", "lastName": "Low", "lists": {"groups": [{"count": 2, "type": "created", "items": []}]}, "bio": ""}, {"id": "6627978", "photo": {"prefix": "https://igx.4sqi.net/img/user/", "suffix": "/TM5XUMX1UMMYHXZZ.jpg"}, "homeCity": "Singapore", "contact": {"facebook": "721834067", "twitter": "nessawesaa"}, "firstName": "Vanessa Rachel", "tips": {"count": 0}, "gender": "female", "lastName": "Low", "lists": {"groups": [{"count": 2, "type": "created", "items": []}]}, "bio": ""}, {"id": "10045620", "photo": {"prefix": "https://igx.4sqi.net/img/user/", "suffix": "/YQUNODNIL1Q2P5ZX.jpg"}, "homeCity": "Singapore", "contact": {"facebook": "699157405"}, "firstName": "Lim", "tips": {"count": 0}, "gender": "male", "lastName": "Boon Keong", "lists": {"groups": [{"count": 2, "type": "created", "items": []}]}, "bio": ""}, {"id": "12910805", "photo": {"prefix": "https://igx.4sqi.net/img/user/", "suffix": "/UL103DHBWNT0QARG.jpg"}, "homeCity": "Singapore", "contact": {"twitter": "jannahsykes"}, "firstName": "Jannah", "tips": {"count": 0}, "gender": "female", "lists": {"groups": [{"count": 2, "type": "created", "items": []}]}, "bio": ""}, {"id": "5444601", "photo": {"prefix": "https://igx.4sqi.net/img/user/", "suffix": "/DDLWQCUYQEML1DRU.jpg"}, "homeCity": "Singapore", "contact": {"facebook": "1548188940"}, "firstName": "Jing", "tips": {"count": 3}, "gender": "male", "lastName": "Song", "lists": {"groups": [{"count": 3, "type": "created", "items": []}]}, "bio": ""}, {"id": "43156281", "photo": {"prefix": "https://igx.4sqi.net/img/user/", "suffix": "/RRF3GYKLW5PJIQLP.jpg"}, "homeCity": "Grottaglie taranto", "contact": {"facebook": "1482006591"}, "firstName": "Grottaglie", "tips": {"count": 2}, "gender": "male", "lastName": "5 Stelle", "lists": {"groups": [{"count": 2, "type": "created", "items": []}]}, "bio": "www.facebook.com/grottaglie5stelle"}, {"id": "10455186", "photo": {"prefix": "https://igx.4sqi.net/img/user/", "suffix": "/CBTOIB4HG2APW214.jpg"}, "homeCity": "Singapore", "contact": {"facebook": "1165604889"}, "firstName": "Dylan", "tips": {"count": 0}, "gender": "male", "lastName": "Hedger", "lists": {"groups": [{"count": 2, "type": "created", "items": []}]}, "bio": ""}, {"id": "142450831", "photo": {"prefix": "https://igx.4sqi.net/img/user/", "suffix": "/142450831-JHWRI5AOXSYG0VWV.jpg"}, "homeCity": "Singapore, 00", "contact": {"facebook": "998437150222193", "twitter": "rafiddahhh"}, "firstName": "Rafidah", "tips": {"count": 0}, "gender": "female", "lastName": "Arshad", "lists": {"groups": [{"count": 2, "type": "created", "items": []}]}, "bio": ""}, {"id": "24885357", "photo": {"prefix": "https://igx.4sqi.net/img/user/", "default": true, "suffix": "/blank_boy.png"}, "homeCity": "singapore", "contact": {}, "firstName": "\u2605\u660e\u592a\u5b51\u2605", "tips": {"count": 0}, "gender": "male", "lastName": "Lye Meng", "lists": {"groups": [{"count": 3, "type": "created", "items": []}]}, "bio": ""}, {"id": "10193427", "photo": {"prefix": "https://igx.4sqi.net/img/user/", "suffix": "/QAEIWTEAHFWIL5OM.jpg"}, "homeCity": "Singapore", "contact": {"facebook": "100000408343867"}, "firstName": "Xiu", "tips": {"count": 1}, "gender": "female", "lastName": "Zhen", "lists": {"groups": [{"count": 2, "type": "created", "items": []}]}, "bio": ""}, {"id": "21125566", "photo": {"prefix": "https://igx.4sqi.net/img/user/", "suffix": "/DYFYKFONHRLHU4DN.jpg"}, "homeCity": "Singapore", "contact": {"facebook": "1777432825", "twitter": "malcolm_r_lim"}, "firstName": "Malcolm", "tips": {"count": 0}, "gender": "male", "lastName": "Lim", "lists": {"groups": [{"count": 2, "type": "created", "items": []}]}, "bio": ""}, {"id": "2044594", "photo": {"prefix": "https://igx.4sqi.net/img/user/", "suffix": "/QDGCPWLKFHNVEXJM.jpg"}, "homeCity": "Singapore", "contact": {"twitter": "humsyourlife"}, "firstName": "Xavier", "tips": {"count": 0}, "gender": "male", "lastName": "Ong", "lists": {"groups": [{"count": 2, "type": "created", "items": []}]}, "bio": ""}, {"id": "2553182", "photo": {"prefix": "https://igx.4sqi.net/img/user/", "suffix": "/WDXZVR5PI5LMN553.jpg"}, "homeCity": "Singapore", "contact": {"facebook": "100000027512139"}, "firstName": "Shelly", "tips": {"count": 0}, "gender": "female", "lastName": "Apps", "lists": {"groups": [{"count": 2, "type": "created", "items": []}]}, "bio": ""}, {"id": "11303209", "photo": {"prefix": "https://igx.4sqi.net/img/user/", "suffix": "/11303209-MP3TK3SDFFIEBZRX.jpg"}, "homeCity": "", "contact": {"facebook": "1557116597", "twitter": "graceforealz"}, "firstName": "GRACE", "tips": {"count": 1}, "gender": "female", "lists": {"groups": [{"count": 2, "type": "created", "items": []}]}, "bio": ""}, {"id": "106890271", "photo": {"prefix": "https://igx.4sqi.net/img/user/", "suffix": "/106890271-QE1XGGGRAYWCUGWP.jpg"}, "homeCity": "Singapore", "contact": {"facebook": "892937314079771", "twitter": "nabiljuraimi"}, "firstName": "Nabil", "tips": {"count": 0}, "gender": "male", "lastName": "Juraimi", "lists": {"groups": [{"count": 2, "type": "created", "items": []}]}, "bio": ""}, {"id": "8563201", "photo": {"prefix": "https://igx.4sqi.net/img/user/", "suffix": "/UQ3FXQ4K4VJVTWVR.jpg"}, "homeCity": "Singapore", "contact": {"facebook": "526584026", "twitter": "lizislegendary"}, "firstName": "Elizabeth", "tips": {"count": 1}, "gender": "female", "lastName": "Tan", "lists": {"groups": [{"count": 2, "type": "created", "items": []}]}, "bio": ""}, {"id": "6773704", "photo": {"prefix": "https://igx.4sqi.net/img/user/", "suffix": "/R5BXPQM1MGTB10MV.jpg"}, "homeCity": "New York, NY", "contact": {"facebook": "1180921892"}, "firstName": "Sonjula", "tips": {"count": 0}, "gender": "male", "lastName": "Alibaba", "lists": {"groups": [{"count": 2, "type": "created", "items": []}]}, "bio": ""}, {"id": "25582059", "photo": {"prefix": "https://igx.4sqi.net/img/user/", "suffix": "/25582059-BXR2UKZXXSUZSNOX.jpg"}, "homeCity": "singapore", "contact": {}, "firstName": "\u2605kiss the city\u2605\u592a\u5b50\u2605", "tips": {"count": 699}, "gender": "male", "lastName": "\u2605\u98ce\u4e91\u2605BLUE SKY\u2605", "lists": {"groups": [{"count": 4, "type": "created", "items": []}]}, "bio": "\u3014\u795e\u5947\u21161\u3015"}, {"id": "13070271", "photo": {"prefix": "https://igx.4sqi.net/img/user/", "suffix": "/0GSUB403PIJANGV2.jpg"}, "homeCity": "NY", "contact": {"facebook": "1681837844", "twitter": "natkacang"}, "firstName": "Nat", "tips": {"count": 0}, "gender": "female", "lastName": "Kacang", "lists": {"groups": [{"count": 2, "type": "created", "items": []}]}, "bio": ""}, {"id": "5452402", "photo": {"prefix": "https://igx.4sqi.net/img/user/", "suffix": "/5452402-ZQZAWNYQDTSCURM2.jpg"}, "homeCity": "Singapore", "contact": {"facebook": "10153187639358229", "twitter": "hazmiaris"}, "firstName": "Hazmi", "tips": {"count": 1}, "gender": "male", "lastName": "Aris", "lists": {"groups": [{"count": 3, "type": "created", "items": []}]}, "bio": ""}, {"id": "3720528", "photo": {"prefix": "https://igx.4sqi.net/img/user/", "suffix": "/ZJJYOBMLYN2T0HQ3.jpg"}, "homeCity": "Los Angeles, CA", "contact": {"facebook": "33500054"}, "firstName": "Soul Khan", "tips": {"count": 1}, "gender": "male", "lists": {"groups": [{"count": 2, "type": "created", "items": []}]}, "bio": ""}, {"id": "34354921", "photo": {"prefix": "https://igx.4sqi.net/img/user/", "suffix": "/03GYGKPB2OBT0BB4.jpg"}, "homeCity": "New York, NY", "contact": {"facebook": "100000556657468"}, "firstName": "Zi Yi", "tips": {"count": 0}, "gender": "female", "lastName": "Aw", "lists": {"groups": [{"count": 2, "type": "created", "items": []}]}, "bio": ""}, {"id": "10019137", "photo": {"prefix": "https://igx.4sqi.net/img/user/", "suffix": "/QN0MPRRRBTTLE2JK.jpg"}, "homeCity": "NY", "contact": {"facebook": "1847467725"}, "firstName": "Beverly", "tips": {"count": 0}, "gender": "none", "lastName": "Tembam", "lists": {"groups": [{"count": 2, "type": "created", "items": []}]}, "bio": ""}, {"id": "7807014", "photo": {"prefix": "https://igx.4sqi.net/img/user/", "suffix": "/XZNUKJIVHCUIUDHD.jpg"}, "homeCity": "Singapore ", "contact": {"facebook": "1088703980"}, "firstName": "Jenn", "tips": {"count": 0}, "gender": "female", "lastName": "Sim", "lists": {"groups": [{"count": 2, "type": "created", "items": []}]}, "bio": ""}, {"id": "26434682", "photo": {"prefix": "https://igx.4sqi.net/img/user/", "suffix": "/4XM5VYI3FMW5HR2A.jpg"}, "homeCity": "Sydney, Australia", "contact": {"twitter": "thesunpilots"}, "firstName": "The Sunpilots", "tips": {"count": 0}, "gender": "male", "lists": {"groups": [{"count": 2, "type": "created", "items": []}]}, "bio": "Alt rock from Australia. Indie nomads living on the road since 2010.\r\n\r\nSupport our new album crowdfunding at pledge.thesunpilots.com"}, {"id": "21527691", "photo": {"prefix": "https://igx.4sqi.net/img/user/", "suffix": "/OMGRMRWUMMAZNVXY.jpg"}, "homeCity": "New York, NY", "contact": {"facebook": "791359332"}, "firstName": "Kerri Anne Alexandra", "tips": {"count": 0}, "gender": "female", "lastName": "Chew", "lists": {"groups": [{"count": 2, "type": "created", "items": []}]}, "bio": ""}, {"id": "5486905", "photo": {"prefix": "https://igx.4sqi.net/img/user/", "suffix": "/VCVQ1ZNCQMZE2BNK.jpg"}, "homeCity": "Sengkang, Singapore", "contact": {"twitter": "parkminshin"}, "firstName": "\u274bparkminshin", "tips": {"count": 0}, "gender": "female", "lists": {"groups": [{"count": 2, "type": "created", "items": []}]}, "bio": ""}, {"id": "10245686", "photo": {"prefix": "https://igx.4sqi.net/img/user/", "suffix": "/IMEQCTKQPCBZNARX.jpg"}, "homeCity": "Singapore", "contact": {"facebook": "1560527154", "twitter": "iqmal_salim"}, "firstName": "Iqmal", "tips": {"count": 0}, "gender": "male", "lastName": "Ultraman", "lists": {"groups": [{"count": 2, "type": "created", "items": []}]}, "bio": ""}, {"id": "67961227", "photo": {"prefix": "https://igx.4sqi.net/img/user/", "suffix": "/67961227-DIB4Y4JUJ23AWAOD.jpg"}, "homeCity": "Shanghai, 23", "contact": {"facebook": "1176196812", "twitter": "hepimaya"}, "firstName": "Maya", "tips": {"count": 45}, "gender": "female", "lastName": "Ahmad", "lists": {"groups": [{"count": 2, "type": "created", "items": []}]}, "bio": ""}, {"id": "5564353", "photo": {"prefix": "https://igx.4sqi.net/img/user/", "suffix": "/HL2R51A5YDLTUXTY.jpg"}, "homeCity": "Singapore", "contact": {}, "firstName": "Humairiah", "tips": {"count": 2}, "gender": "female", "lastName": "Ahmad", "lists": {"groups": [{"count": 2, "type": "created", "items": []}]}, "bio": ""}, {"id": "24961844", "photo": {"prefix": "https://igx.4sqi.net/img/user/", "suffix": "/QA3GZMP04M1KNLYJ.jpg"}, "homeCity": "New York, NY", "contact": {"facebook": "598978229", "twitter": "cassdestiny"}, "firstName": "Cassandra", "tips": {"count": 0}, "gender": "female", "lastName": "KickyouFly", "lists": {"groups": [{"count": 2, "type": "created", "items": []}]}, "bio": ""}, {"id": "8476492", "photo": {"prefix": "https://igx.4sqi.net/img/user/", "suffix": "/2ZP2NEAJW02CLL0T.jpg"}, "homeCity": "Singapore", "contact": {"facebook": "1000695488", "twitter": "weijietweets"}, "firstName": "Tan", "tips": {"count": 4}, "gender": "male", "lastName": "Wei Jie", "lists": {"groups": [{"count": 2, "type": "created", "items": []}]}, "bio": ""}, {"id": "44256625", "photo": {"prefix": "https://igx.4sqi.net/img/user/", "suffix": "/VIM1F3XBWYNLUT2U.jpg"}, "homeCity": "New York, NY", "contact": {}, "firstName": "Irah", "tips": {"count": 0}, "gender": "female", "lastName": "Kecyk", "lists": {"groups": [{"count": 2, "type": "created", "items": []}]}, "bio": ""}, {"id": "82390707", "photo": {"prefix": "https://igx.4sqi.net/img/user/", "suffix": "/82390707-KMRZ0SQWRCTZDGPR.jpg"}, "homeCity": "Augsburg, Germany", "contact": {"facebook": "100001633927467", "twitter": "herrlindeman"}, "firstName": "Herr", "tips": {"count": 0}, "gender": "male", "lastName": "Lindeman", "lists": {"groups": [{"count": 2, "type": "created", "items": []}]}, "bio": ""}]}, "checksum": "1cd6a0325ae37a91b25914cbef762ad9ccd31542"}}