{"notifications": [{"type": "notificationTray", "item": {"unreadCount": 0}}], "meta": {"requestId": "5966e839351e3d4798ce5761", "code": 200}, "response": {"friends": {"count": 78, "items": [{"id": "24706227", "photo": {"prefix": "https://igx.4sqi.net/img/user/", "suffix": "/24706227-KS2H05YQGHE1WDYU.jpg"}, "homeCity": "Selangor", "contact": {"twitter": "nospacingplease"}, "firstName": "Rachel", "tips": {"count": 1}, "gender": "female", "lastName": "Wan", "lists": {"groups": [{"count": 2, "type": "created", "items": []}]}, "bio": ""}, {"id": "9441441", "photo": {"prefix": "https://igx.4sqi.net/img/user/", "suffix": "/2SCTVOI10JYN20AN.jpg"}, "homeCity": "Kuala Lumpur, Malaysia", "contact": {"twitter": "meiyanlee"}, "firstName": "Mei Yan", "tips": {"count": 0}, "gender": "female", "lists": {"groups": [{"count": 2, "type": "created", "items": []}]}, "bio": ""}, {"id": "28536681", "photo": {"prefix": "https://igx.4sqi.net/img/user/", "suffix": "/28536681-EIEZUEVTLAVT3YKV.jpg"}, "homeCity": "Selangor", "contact": {"facebook": "647059951", "twitter": "darrenwee92"}, "firstName": "Darren", "tips": {"count": 9}, "gender": "male", "lastName": "Wee", "lists": {"groups": [{"count": 2, "type": "created", "items": []}]}, "bio": ""}, {"id": "6946927", "photo": {"prefix": "https://igx.4sqi.net/img/user/", "suffix": "/6946927-EDBEZQ3V20H12OZL.jpg"}, "homeCity": "Kuala Lumpur, Malaysia", "contact": {"facebook": "10154110894896200", "twitter": "cheechao"}, "firstName": "Chee Chao", "tips": {"count": 0}, "gender": "male", "lastName": "Lim", "lists": {"groups": [{"count": 2, "type": "created", "items": []}]}, "bio": ""}, {"id": "6783300", "photo": {"prefix": "https://igx.4sqi.net/img/user/", "suffix": "/OXB5DCUWSW0SOCJN.jpg"}, "homeCity": "Klang, Malaysia", "contact": {"facebook": "1130522750"}, "firstName": "Vincent", "tips": {"count": 0}, "gender": "male", "lastName": "Teh", "lists": {"groups": [{"count": 2, "type": "created", "items": []}]}, "bio": ""}, {"id": "10224146", "photo": {"prefix": "https://igx.4sqi.net/img/user/", "suffix": "/10224146-HE5A5BDRTS2JJGXB.jpg"}, "homeCity": "Malaysia", "contact": {"facebook": "1065647819", "twitter": "carmenyip821"}, "firstName": "Carmen", "tips": {"count": 8}, "gender": "female", "lastName": "Yip", "lists": {"groups": [{"count": 2, "type": "created", "items": []}]}, "bio": ""}, {"id": "10615184", "photo": {"prefix": "https://igx.4sqi.net/img/user/", "suffix": "/EZ5ZEKTHGQIK00MA.jpg"}, "homeCity": "Kuala Lumpur, Malaysia", "contact": {"facebook": "10153708414063566", "twitter": "huishin_faith"}, "firstName": "HuiShin", "tips": {"count": 1}, "gender": "female", "lastName": "Tan", "lists": {"groups": [{"count": 2, "type": "created", "items": []}]}, "bio": ""}, {"id": "10278959", "photo": {"prefix": "https://igx.4sqi.net/img/user/", "suffix": "/GEUHSYCR35CNPVTY.jpg"}, "homeCity": "Kampar, Malaysia", "contact": {"facebook": "540312898", "twitter": "lazyzhekai"}, "firstName": "Zhe Kai", "tips": {"count": 0}, "gender": "male", "lastName": "Lee", "lists": {"groups": [{"count": 2, "type": "created", "items": []}]}, "bio": ""}, {"id": "8199363", "photo": {"prefix": "https://igx.4sqi.net/img/user/", "suffix": "/Y5RPRBLFTQU3WVR1.jpg"}, "homeCity": "Petaling Jaya, Malaysia", "contact": {"twitter": "ansontkc"}, "firstName": "Anson", "tips": {"count": 0}, "gender": "none", "lastName": "tan", "lists": {"groups": [{"count": 2, "type": "created", "items": []}]}, "bio": ""}, {"id": "11018411", "photo": {"prefix": "https://igx.4sqi.net/img/user/", "suffix": "/11018411-2BRUPMSQDHZLZULY.jpg"}, "homeCity": "Selangor, Malaysia", "contact": {"facebook": "876324072412917", "twitter": "sharon_ksp"}, "firstName": "Sharon", "tips": {"count": 3}, "gender": "female", "lastName": "Koh\ud83c\udf3b", "lists": {"groups": [{"count": 3, "type": "created", "items": []}]}, "bio": ""}, {"id": "5684614", "photo": {"prefix": "https://igx.4sqi.net/img/user/", "suffix": "/5684614-VNDOJYIWG4KVUWM1.jpg"}, "homeCity": "Kuala Lumpur, Malaysia", "contact": {"facebook": "1336006715", "twitter": "joeyfym"}, "firstName": "Joey", "tips": {"count": 4}, "gender": "female", "lastName": "Fung", "lists": {"groups": [{"count": 2, "type": "created", "items": []}]}, "bio": "Food lover"}, {"id": "1805582", "photo": {"prefix": "https://igx.4sqi.net/img/user/", "suffix": "/1805582-L3OK50QHYPFI5PKY.jpg"}, "homeCity": "Kuala Lumpur, Malaysia", "contact": {"twitter": "jameychong"}, "firstName": "Jamey", "tips": {"count": 0}, "gender": "female", "lastName": "Chong", "lists": {"groups": [{"count": 2, "type": "created", "items": []}]}, "bio": ""}, {"id": "9604853", "photo": {"prefix": "https://igx.4sqi.net/img/user/", "default": true, "suffix": "/blank_boy.png"}, "homeCity": "Kuala Lumpur, Malaysia", "contact": {"facebook": "1363939639", "twitter": "lolololoryao"}, "firstName": "Yu Rong", "tips": {"count": 0}, "gender": "male", "lastName": "Loh", "lists": {"groups": [{"count": 2, "type": "created", "items": []}]}, "bio": ""}, {"id": "9744009", "photo": {"prefix": "https://igx.4sqi.net/img/user/", "suffix": "/9744009-MPRZ1EVVMPMV1IXL.jpg"}, "homeCity": "Kuala Lumpur, Malaysia", "contact": {"facebook": "769377363154139", "twitter": "ahhjane"}, "firstName": "Jane", "tips": {"count": 17}, "gender": "female", "lastName": "Wong", "lists": {"groups": [{"count": 2, "type": "created", "items": []}]}, "bio": ""}, {"id": "120365962", "photo": {"prefix": "https://igx.4sqi.net/img/user/", "suffix": "/120365962-1LACXJ1TR2OOTEJT.jpg"}, "homeCity": "", "contact": {"twitter": "jieennn_"}, "firstName": "Jenn_", "tips": {"count": 0}, "gender": "female", "lists": {"groups": [{"count": 2, "type": "created", "items": []}]}, "bio": ""}, {"id": "10528351", "photo": {"prefix": "https://igx.4sqi.net/img/user/", "suffix": "/10528351-VCTIKVCZTHM3MYOS.jpg"}, "homeCity": "Kuala Selangor, Malaysia", "contact": {"facebook": "677745023"}, "firstName": "Aaron", "tips": {"count": 1}, "gender": "male", "lastName": "Thum", "lists": {"groups": [{"count": 2, "type": "created", "items": []}]}, "bio": ""}, {"id": "8353001", "photo": {"prefix": "https://igx.4sqi.net/img/user/", "suffix": "/8353001-XEJ3FQJ130OLK3IZ.jpg"}, "homeCity": "Malaysia", "contact": {"facebook": "751118433", "twitter": "chonglaimun"}, "firstName": "Laimun", "tips": {"count": 1}, "gender": "female", "lists": {"groups": [{"count": 2, "type": "created", "items": []}]}, "bio": "A March born girl."}, {"id": "35352719", "photo": {"prefix": "https://igx.4sqi.net/img/user/", "suffix": "/SP2RDM4AOT1U4QVC.jpg"}, "homeCity": "malaysia", "contact": {"facebook": "578124375"}, "firstName": "Yee Mun", "tips": {"count": 0}, "gender": "female", "lastName": "Tan", "lists": {"groups": [{"count": 2, "type": "created", "items": []}]}, "bio": ""}, {"id": "5963462", "photo": {"prefix": "https://igx.4sqi.net/img/user/", "suffix": "/5963462-52U3KQMO3FLQW3NP.jpg"}, "homeCity": "Malaysia", "contact": {"facebook": "1108750815805190", "twitter": "cookiesyap"}, "firstName": "Cookies", "tips": {"count": 0}, "gender": "female", "lastName": "\u66f2\u5947", "lists": {"groups": [{"count": 2, "type": "created", "items": []}]}, "bio": ""}, {"id": "42019411", "photo": {"prefix": "https://igx.4sqi.net/img/user/", "suffix": "/42019411-TLVTIRLXQM0QIOT0.jpg"}, "homeCity": "Shah Alam, Malaysia", "contact": {"facebook": "1537970282", "twitter": "lookyaoxiang"}, "firstName": "Yao", "tips": {"count": 1}, "gender": "male", "lastName": "Xiang", "lists": {"groups": [{"count": 2, "type": "created", "items": []}]}, "bio": ""}, {"id": "34356352", "photo": {"prefix": "https://igx.4sqi.net/img/user/", "suffix": "/1JKVM2ULUEJXPVEO.jpg"}, "homeCity": "Selangor", "contact": {"facebook": "100002410308152"}, "firstName": "Cheryl", "tips": {"count": 1}, "gender": "female", "lastName": "Woo", "lists": {"groups": [{"count": 2, "type": "created", "items": []}]}, "bio": ""}, {"id": "59551727", "photo": {"prefix": "https://igx.4sqi.net/img/user/", "suffix": "/59551727-SE3KKY440ADYON4R.jpg"}, "homeCity": "Kuala Lumpur, KUL", "contact": {"facebook": "1171315761"}, "firstName": "Mun", "tips": {"count": 0}, "gender": "male", "lastName": "Hoe", "lists": {"groups": [{"count": 2, "type": "created", "items": []}]}, "bio": ""}, {"id": "27771442", "photo": {"prefix": "https://igx.4sqi.net/img/user/", "suffix": "/QLWVW4RVPDJLGDT3.jpg"}, "homeCity": "Selangor", "contact": {"twitter": "lclcc"}, "firstName": "Lc", "tips": {"count": 0}, "gender": "male", "lastName": "Chung", "lists": {"groups": [{"count": 10, "type": "created", "items": []}]}, "bio": ""}, {"id": "9444541", "photo": {"prefix": "https://igx.4sqi.net/img/user/", "suffix": "/DGYQQ5D43RE3DXSF.jpg"}, "homeCity": "Seri Kembangan, Malaysia", "contact": {"facebook": "597018654", "twitter": "justjet_"}, "firstName": "'Meng", "tips": {"count": 3}, "gender": "male", "lastName": "Keat", "lists": {"groups": [{"count": 2, "type": "created", "items": []}]}, "bio": ""}, {"id": "10019957", "photo": {"prefix": "https://igx.4sqi.net/img/user/", "suffix": "/10019957-Y2B53BXWF0ILP3LP.jpg"}, "homeCity": "Malaysia", "contact": {"facebook": "776169068", "twitter": "renee_woon"}, "firstName": "Ren\u00e9e\ud83c\udf3b", "tips": {"count": 6}, "gender": "female", "lists": {"groups": [{"count": 2, "type": "created", "items": []}]}, "bio": ""}, {"id": "7004323", "photo": {"prefix": "https://igx.4sqi.net/img/user/", "suffix": "/ZC3YB4NPWHLMMTWZ.jpg"}, "homeCity": "Malaysia", "contact": {"facebook": "100000717713790", "twitter": "rajailmandaniel"}, "firstName": "Raja Ilman", "tips": {"count": 5}, "gender": "male", "lastName": "Daniel", "lists": {"groups": [{"count": 2, "type": "created", "items": []}]}, "bio": ""}, {"id": "37287733", "photo": {"prefix": "https://igx.4sqi.net/img/user/", "suffix": "/37287733-UE43PQKDQTD05ASJ.jpg"}, "homeCity": "Selangor", "contact": {"facebook": "100002047547860", "twitter": "crazydam_1998"}, "firstName": "Crazy", "tips": {"count": 1}, "gender": "male", "lastName": "Tam", "lists": {"groups": [{"count": 2, "type": "created", "items": []}]}, "bio": ""}, {"id": "11245939", "photo": {"prefix": "https://igx.4sqi.net/img/user/", "suffix": "/11245939-DLOYRAUO245GKUHT.jpg"}, "homeCity": "Kuala Lumpur, Malaysia", "contact": {"facebook": "748878292", "twitter": "desmondyonggy"}, "firstName": "Desmond", "tips": {"count": 3}, "gender": "male", "lists": {"groups": [{"count": 2, "type": "created", "items": []}]}, "bio": ""}, {"id": "10790045", "photo": {"prefix": "https://igx.4sqi.net/img/user/", "suffix": "/HOF5OYYYIFR3LV1Z.jpg"}, "homeCity": "Puchong, Malaysia", "contact": {"facebook": "748847801", "twitter": "yuhajr93"}, "firstName": "Yuhashinee", "tips": {"count": 0}, "gender": "female", "lastName": "Ravi C", "lists": {"groups": [{"count": 2, "type": "created", "items": []}]}, "bio": ""}, {"id": "94205100", "photo": {"prefix": "https://igx.4sqi.net/img/user/", "suffix": "/94205100-C4LYCIDSH2R22JFF.jpg"}, "homeCity": "Port Dickson", "contact": {"facebook": "100000333905121"}, "firstName": "Lau", "tips": {"count": 0}, "gender": "male", "lastName": "Kim Hau", "lists": {"groups": [{"count": 2, "type": "created", "items": []}]}, "bio": ""}, {"id": "5720140", "photo": {"prefix": "https://igx.4sqi.net/img/user/", "suffix": "/FJABBGC2XFFKQF1W.jpg"}, "homeCity": "Kuala Lumpur, Malaysia", "contact": {"facebook": "100001295326168"}, "firstName": "Jamie", "tips": {"count": 5}, "gender": "female", "lastName": "Chong", "lists": {"groups": [{"count": 2, "type": "created", "items": []}]}, "bio": ""}, {"id": "2186739", "photo": {"prefix": "https://igx.4sqi.net/img/user/", "suffix": "/HZVCO1FRL4KTQ0AZ.jpg"}, "homeCity": "Puchong, Malaysia", "contact": {"facebook": "756698927", "twitter": "waimannnl"}, "firstName": "waiman", "tips": {"count": 6}, "gender": "female", "lastName": "Len", "lists": {"groups": [{"count": 2, "type": "created", "items": []}]}, "bio": ""}, {"id": "22621118", "photo": {"prefix": "https://igx.4sqi.net/img/user/", "suffix": "/0V0XO44ZAUMLPPBY.jpg"}, "homeCity": "Selangor", "contact": {"facebook": "671397534"}, "firstName": "GiGi", "tips": {"count": 32}, "gender": "female", "lastName": "Hue", "lists": {"groups": [{"count": 3, "type": "created", "items": []}]}, "bio": ""}, {"id": "50680261", "photo": {"prefix": "https://igx.4sqi.net/img/user/", "suffix": "/50680261-D3CTD1VNMX51RYXR.jpg"}, "homeCity": "Kuala Selangor", "contact": {"facebook": "1262823101", "twitter": "cindyccy"}, "firstName": "Cindy", "tips": {"count": 0}, "gender": "female", "lastName": "Chan", "lists": {"groups": [{"count": 2, "type": "created", "items": []}]}, "bio": ""}, {"id": "60739014", "photo": {"prefix": "https://igx.4sqi.net/img/user/", "suffix": "/60739014-QSIUHBPUKMOFSOCJ.jpg"}, "homeCity": "Petaling Jaya, SGR", "contact": {"facebook": "738050016", "twitter": "kenneth92lee"}, "firstName": "Kenneth", "tips": {"count": 4}, "gender": "male", "lastName": "Lee", "lists": {"groups": [{"count": 2, "type": "created", "items": []}]}, "bio": ""}, {"id": "8355111", "photo": {"prefix": "https://igx.4sqi.net/img/user/", "suffix": "/2KFCQOU3JXQLER2A.jpg"}, "homeCity": "Kuala Lumpur, Malaysia", "contact": {"facebook": "647868999", "twitter": "hyingg_"}, "firstName": "Hui", "tips": {"count": 0}, "gender": "female", "lastName": "Ying", "lists": {"groups": [{"count": 2, "type": "created", "items": []}]}, "bio": ""}, {"id": "6017904", "photo": {"prefix": "https://igx.4sqi.net/img/user/", "suffix": "/6017904-M5ZL4WXHMH4OWUHB.jpg"}, "homeCity": "Malaysia", "contact": {"facebook": "733677544", "twitter": "jy_jiayong"}, "firstName": "Jiayong", "tips": {"count": 1}, "gender": "male", "lastName": "Ngeow", "lists": {"groups": [{"count": 8, "type": "created", "items": []}]}, "bio": ""}, {"id": "350711748", "photo": {"prefix": "https://igx.4sqi.net/img/user/", "suffix": "/350711748-V2G0X4Z0S21IHOKA.jpg"}, "homeCity": "Taipei, 03", "contact": {"facebook": "10154110084634482", "twitter": "peijinlee"}, "firstName": "Pei Jin", "tips": {"count": 0}, "gender": "female", "lastName": "Lee", "lists": {"groups": [{"count": 2, "type": "created", "items": []}]}, "bio": ""}, {"id": "61256428", "photo": {"prefix": "https://igx.4sqi.net/img/user/", "suffix": "/YNKMHSQJKZY5BTGH.jpg"}, "homeCity": "", "contact": {"facebook": "1294545088"}, "firstName": "Junliang", "tips": {"count": 0}, "gender": "male", "lastName": "Lee", "lists": {"groups": [{"count": 2, "type": "created", "items": []}]}, "bio": ""}, {"id": "9490775", "photo": {"prefix": "https://igx.4sqi.net/img/user/", "suffix": "/9490775-XMIH0P3S25I1OAHD.jpg"}, "homeCity": "Kuala Lumpur, Malaysia", "contact": {"facebook": "10153039292652815", "twitter": "alariclock"}, "firstName": "'Alaric", "tips": {"count": 6}, "gender": "male", "lastName": "Chew", "lists": {"groups": [{"count": 2, "type": "created", "items": []}]}, "bio": ""}, {"id": "10325650", "photo": {"prefix": "https://igx.4sqi.net/img/user/", "suffix": "/K0VVGALYNJIKWHUX.jpg"}, "homeCity": "NY", "contact": {"facebook": "679290482"}, "firstName": "Tracy", "tips": {"count": 0}, "gender": "female", "lastName": "Lim", "lists": {"groups": [{"count": 2, "type": "created", "items": []}]}, "bio": ""}, {"id": "7144601", "photo": {"prefix": "https://igx.4sqi.net/img/user/", "suffix": "/7144601-DVZAXZIPI0JSTMO0.jpg"}, "homeCity": "Malaysia", "contact": {"twitter": "ivanyik"}, "firstName": "Wai Hon", "tips": {"count": 0}, "gender": "male", "lists": {"groups": [{"count": 2, "type": "created", "items": []}]}, "bio": ""}, {"id": "12111527", "photo": {"prefix": "https://igx.4sqi.net/img/user/", "suffix": "/XQHY3H4RSHZQEEVU.jpg"}, "homeCity": "Kuala Lumpur, Malaysia", "contact": {"facebook": "1210275230"}, "firstName": "Low", "tips": {"count": 1}, "gender": "male", "lastName": "Yi Hui", "lists": {"groups": [{"count": 2, "type": "created", "items": []}]}, "bio": ""}, {"id": "13014319", "photo": {"prefix": "https://igx.4sqi.net/img/user/", "suffix": "/D5XW2ER1MGMPRWP4.jpg"}, "homeCity": "Shah Alam, Malaysia", "contact": {"facebook": "710103038"}, "firstName": "Mandy", "tips": {"count": 0}, "gender": "female", "lastName": "Ming", "lists": {"groups": [{"count": 2, "type": "created", "items": []}]}, "bio": ""}, {"id": "7765359", "photo": {"prefix": "https://igx.4sqi.net/img/user/", "suffix": "/7765359-0DABSKYLO15RHDHZ.jpg"}, "homeCity": "Kuala Lumpur, Malaysia", "contact": {"facebook": "100001403799418", "twitter": "cfangsoo"}, "firstName": "ChengFang", "tips": {"count": 14}, "gender": "female", "lastName": "Soo", "lists": {"groups": [{"count": 2, "type": "created", "items": []}]}, "bio": ""}, {"id": "5054499", "photo": {"prefix": "https://igx.4sqi.net/img/user/", "suffix": "/5054499-VAV0YKK3IBLOWX5A.jpg"}, "homeCity": "Kuala Lumpur, Malaysia", "contact": {"twitter": "maypsm"}, "firstName": "May\ud83c\udf80", "tips": {"count": 25}, "gender": "female", "lists": {"groups": [{"count": 2, "type": "created", "items": []}]}, "bio": ""}, {"id": "22696977", "photo": {"prefix": "https://igx.4sqi.net/img/user/", "suffix": "/22696977-RC0DDYHJUX0ACNW2.jpg"}, "homeCity": "NEGERI SEMBILAN ", "contact": {"facebook": "100000635924613", "twitter": "huisteffenie"}, "firstName": "Hui Wen", "tips": {"count": 1}, "gender": "female", "lastName": "Steph", "lists": {"groups": [{"count": 2, "type": "created", "items": []}]}, "bio": ""}, {"id": "6057399", "photo": {"prefix": "https://igx.4sqi.net/img/user/", "suffix": "/DTDZWSQRGMBPV3TF.jpg"}, "homeCity": "Subang Jaya, Malaysia", "contact": {"twitter": "kaijeck"}, "firstName": "Lee", "tips": {"count": 1}, "gender": "male", "lastName": "Kai Jeck", "lists": {"groups": [{"count": 2, "type": "created", "items": []}]}, "bio": ""}, {"id": "18975433", "photo": {"prefix": "https://igx.4sqi.net/img/user/", "suffix": "/18975433_s8kj694C_Tyo0WidEBXwnFu-7LqX6Y91HdBhwOG2TvVjw5n_-YjiWw7NjxdJo8XXCy16Xwbll.jpg"}, "homeCity": "Baarle-Hertog", "contact": {"facebook": "1010213726", "twitter": "evelyn1228"}, "firstName": "Evelyn", "tips": {"count": 62}, "gender": "female", "lastName": "Chang", "lists": {"groups": [{"count": 2, "type": "created", "items": []}]}, "bio": "evelync28.blogspot.com"}, {"id": "12430451", "photo": {"prefix": "https://igx.4sqi.net/img/user/", "suffix": "/12430451-C5JMHLS40JXABNRP.jpg"}, "homeCity": "Selangor, Malaysia", "contact": {"facebook": "100001177893102"}, "firstName": "Ayi Yee", "tips": {"count": 2}, "gender": "male", "lastName": "Soo", "lists": {"groups": [{"count": 2, "type": "created", "items": []}]}, "bio": ""}, {"id": "8398874", "photo": {"prefix": "https://igx.4sqi.net/img/user/", "suffix": "/8398874-EAKLSOMSMNUL3HLM.jpg"}, "homeCity": "kuala lumpur", "contact": {"facebook": "954869894525699", "twitter": "babetmy"}, "firstName": "Moon", "tips": {"count": 13}, "gender": "female", "lastName": "Munyuet", "lists": {"groups": [{"count": 3, "type": "created", "items": []}]}, "bio": ""}, {"id": "12137160", "photo": {"prefix": "https://igx.4sqi.net/img/user/", "suffix": "/UGVYI22MUANUSFYF.jpg"}, "homeCity": "Kuala Lumpur, Malaysia", "contact": {"facebook": "1140941667"}, "firstName": "Nancy", "tips": {"count": 1}, "gender": "female", "lastName": "Er", "lists": {"groups": [{"count": 2, "type": "created", "items": []}]}, "bio": ""}, {"id": "23724409", "photo": {"prefix": "https://igx.4sqi.net/img/user/", "suffix": "/ULL11T51JD1E2AQY.jpg"}, "homeCity": "Setapak , Kuala Lumpur", "contact": {"facebook": "695560492"}, "firstName": "Prince", "tips": {"count": 0}, "gender": "male", "lastName": "Wong", "lists": {"groups": [{"count": 2, "type": "created", "items": []}]}, "bio": ""}, {"id": "8478493", "photo": {"prefix": "https://igx.4sqi.net/img/user/", "suffix": "/8478493-ENNLCA23B1OYLOAQ.jpg"}, "homeCity": "Puchong, Malaysia", "contact": {}, "firstName": "Pei Jin", "tips": {"count": 0}, "gender": "female", "lastName": "Lee", "lists": {"groups": [{"count": 2, "type": "created", "items": []}]}, "bio": ""}, {"id": "11137002", "photo": {"prefix": "https://igx.4sqi.net/img/user/", "suffix": "/11137002-LQIAZDG2GP211XWP.jpg"}, "homeCity": "Kuala Lumpur,Malaysia", "contact": {"facebook": "1728024044", "twitter": "manenekharn"}, "firstName": "Mei", "tips": {"count": 0}, "gender": "female", "lastName": "Harn", "lists": {"groups": [{"count": 2, "type": "created", "items": []}]}, "bio": ""}, {"id": "80171029", "photo": {"prefix": "https://igx.4sqi.net/img/user/", "suffix": "/80171029-QEXSQ03MURIOOIEX.jpg"}, "homeCity": "Seri Kembangan", "contact": {"facebook": "1309498618"}, "firstName": "Peg Hoon", "tips": {"count": 0}, "gender": "female", "lists": {"groups": [{"count": 2, "type": "created", "items": []}]}, "bio": ""}, {"id": "24638190", "photo": {"prefix": "https://igx.4sqi.net/img/user/", "suffix": "/N4W1ZXGLTGLNXZSR.jpg"}, "homeCity": "K.L", "contact": {"facebook": "1132020667", "twitter": "jacechung"}, "firstName": "Jace", "tips": {"count": 0}, "gender": "female", "lastName": "Chung", "lists": {"groups": [{"count": 2, "type": "created", "items": []}]}, "bio": ""}, {"id": "28111181", "photo": {"prefix": "https://igx.4sqi.net/img/user/", "suffix": "/RMY1B1SANYDCDVPM.jpg"}, "homeCity": "New York, NY", "contact": {"facebook": "1548319177", "twitter": "rictan520"}, "firstName": "Ric", "tips": {"count": 0}, "gender": "male", "lastName": "Tan", "lists": {"groups": [{"count": 2, "type": "created", "items": []}]}, "bio": ""}, {"id": "12580899", "photo": {"prefix": "https://igx.4sqi.net/img/user/", "suffix": "/4YUV1YD4Y02A23J3.jpg"}, "homeCity": "Malaysia", "contact": {"facebook": "636978812"}, "firstName": "Parveen", "tips": {"count": 0}, "gender": "female", "lastName": "Mann", "lists": {"groups": [{"count": 2, "type": "created", "items": []}]}, "bio": ""}, {"id": "11660272", "photo": {"prefix": "https://igx.4sqi.net/img/user/", "suffix": "/11660272-OUMDIAESDMNRRGH3.jpg"}, "homeCity": "Puchong, Malaysia", "contact": {"facebook": "1418086163", "twitter": "hazel_xuan"}, "firstName": "Hazel", "tips": {"count": 17}, "gender": "female", "lastName": "Chin", "lists": {"groups": [{"count": 4, "type": "created", "items": []}]}, "bio": ""}, {"id": "12166746", "photo": {"prefix": "https://igx.4sqi.net/img/user/", "default": true, "suffix": "/blank_boy.png"}, "homeCity": "Selangor, Malaysia", "contact": {"facebook": "678670354", "twitter": "h3artbreakkid"}, "firstName": "Sam", "tips": {"count": 3}, "gender": "male", "lastName": "Lau", "lists": {"groups": [{"count": 2, "type": "created", "items": []}]}, "bio": ""}, {"id": "24372813", "photo": {"prefix": "https://igx.4sqi.net/img/user/", "suffix": "/SZQXFLOZPEYRAICX.jpg"}, "homeCity": "Ampang", "contact": {"twitter": "nwh1993"}, "firstName": "Wayne", "tips": {"count": 0}, "gender": "male", "lastName": "Ng", "lists": {"groups": [{"count": 2, "type": "created", "items": []}]}, "bio": ""}, {"id": "9300678", "photo": {"prefix": "https://igx.4sqi.net/img/user/", "suffix": "/9300678_SYXzMtOy_biLf5loARGVFOO5fhkuoFpv4bX3GDlV4P-Uhhcx0g5np29nelwnmawMb4GkPqXiu.jpg"}, "homeCity": "Malaysia", "contact": {"facebook": "1811351670", "twitter": "miss_khoo"}, "firstName": "Adiba", "tips": {"count": 6}, "gender": "female", "lastName": "Khoo", "lists": {"groups": [{"count": 2, "type": "created", "items": []}]}, "bio": "Ig: adibakhoo"}, {"id": "11997764", "photo": {"prefix": "https://igx.4sqi.net/img/user/", "suffix": "/0BKCAZMJWU3OONP3.jpg"}, "homeCity": "Karak, Malaysia", "contact": {"facebook": "1823200837"}, "firstName": "Queen", "tips": {"count": 0}, "gender": "female", "lastName": "Angie", "lists": {"groups": [{"count": 2, "type": "created", "items": []}]}, "bio": ""}, {"id": "125121390", "photo": {"prefix": "https://igx.4sqi.net/img/user/", "suffix": "/125121390-ENGIZGXXID5O4M44.jpg"}, "homeCity": "Shah Alam, SGR", "contact": {"facebook": "10206309963057758"}, "firstName": "YenChee", "tips": {"count": 0}, "gender": "female", "lastName": "Lim", "lists": {"groups": [{"count": 2, "type": "created", "items": []}]}, "bio": ""}, {"id": "31407619", "photo": {"prefix": "https://igx.4sqi.net/img/user/", "suffix": "/TPSYMA0RQTUHO1YG.jpg"}, "homeCity": "Selangor", "contact": {"twitter": "andersonyau"}, "firstName": "Anderson", "tips": {"count": 3}, "gender": "male", "lists": {"groups": [{"count": 2, "type": "created", "items": []}]}, "bio": ""}, {"id": "41473856", "photo": {"prefix": "https://igx.4sqi.net/img/user/", "suffix": "/41FEOKQIL3QRHLQO.jpg"}, "homeCity": "Selangor", "contact": {"facebook": "100001340545942", "twitter": "jieen_"}, "firstName": "JieEn", "tips": {"count": 0}, "gender": "female", "lists": {"groups": [{"count": 2, "type": "created", "items": []}]}, "bio": ""}, {"id": "11879645", "photo": {"prefix": "https://igx.4sqi.net/img/user/", "suffix": "/11879645-IKRILMFJYLGYASFG.jpg"}, "homeCity": "Seri Kembangan, Malaysia", "contact": {"facebook": "605885300", "twitter": "weiyi_lim"}, "firstName": "Weiyi", "tips": {"count": 5}, "gender": "female", "lastName": "Lim", "lists": {"groups": [{"count": 2, "type": "created", "items": []}]}, "bio": ""}, {"id": "17872734", "photo": {"prefix": "https://igx.4sqi.net/img/user/", "suffix": "/GELBULRSH2KMNZ0V.jpg"}, "homeCity": "NY", "contact": {"facebook": "100001074870440", "twitter": "shazreelsalmee"}, "firstName": "Shazreel", "tips": {"count": 0}, "gender": "male", "lastName": "Salmee", "lists": {"groups": [{"count": 2, "type": "created", "items": []}]}, "bio": ""}, {"id": "29618822", "photo": {"prefix": "https://igx.4sqi.net/img/user/", "suffix": "/0UXNCMT5KPADDWA5.jpg"}, "homeCity": "Kuala Lumpur", "contact": {"facebook": "10153782230488492", "twitter": "zhen_ling"}, "firstName": "Zhen Ling", "tips": {"count": 2}, "gender": "male", "lists": {"groups": [{"count": 2, "type": "created", "items": []}]}, "bio": ""}, {"id": "9562068", "photo": {"prefix": "https://igx.4sqi.net/img/user/", "suffix": "/9562068-F2PP4KDGF54JPSLQ.jpg"}, "homeCity": "Malaysia", "contact": {"twitter": "khunhuat"}, "firstName": "Teo", "tips": {"count": 0}, "gender": "male", "lastName": "Khunhuat", "lists": {"groups": [{"count": 2, "type": "created", "items": []}]}, "bio": ""}, {"id": "25011012", "photo": {"prefix": "https://igx.4sqi.net/img/user/", "suffix": "/25011012-3S3W5RL0AEMXQPZ1.jpg"}, "homeCity": "Selangor", "contact": {"twitter": "chiammyy"}, "firstName": "Chiammyy", "tips": {"count": 0}, "gender": "female", "lists": {"groups": [{"count": 2, "type": "created", "items": []}]}, "bio": ""}, {"id": "46563530", "photo": {"prefix": "https://igx.4sqi.net/img/user/", "suffix": "/BD3I0WB33BZ2IHTX.jpg"}, "homeCity": "Negeri Sembilan", "contact": {"facebook": "722773501"}, "firstName": "Joel Tazzy", "tips": {"count": 1}, "gender": "male", "lastName": "Lee", "lists": {"groups": [{"count": 2, "type": "created", "items": []}]}, "bio": ""}, {"id": "93358153", "photo": {"prefix": "https://igx.4sqi.net/img/user/", "suffix": "/93358153-K2GFQQCI3EQFP1EL.jpg"}, "homeCity": "Shah Alam, Malaysia", "contact": {}, "firstName": "Ewe Jin", "tips": {"count": 4}, "gender": "male", "lastName": "Lee", "lists": {"groups": [{"count": 8, "type": "created", "items": []}]}, "bio": ""}, {"id": "18054209", "photo": {"prefix": "https://igx.4sqi.net/img/user/", "suffix": "/18054209-M0RB5AUIPEBE22NT.jpg"}, "homeCity": "Kuala Lumpur, Malaysia", "contact": {"facebook": "1413387210", "twitter": "elainelexi"}, "firstName": "Elaine", "tips": {"count": 2}, "gender": "female", "lastName": "Lexi", "lists": {"groups": [{"count": 2, "type": "created", "items": []}]}, "bio": ""}, {"id": "69586123", "photo": {"prefix": "https://igx.4sqi.net/img/user/", "suffix": "/LJXM4G5RWBGJAED4.jpg"}, "homeCity": "Petaling Jaya, 12", "contact": {"facebook": "1009118569", "twitter": "yoosays"}, "firstName": "Yoo", "tips": {"count": 8}, "gender": "male", "lastName": "Changshen", "lists": {"groups": [{"count": 2, "type": "created", "items": []}]}, "bio": ""}, {"id": "18689849", "photo": {"prefix": "https://igx.4sqi.net/img/user/", "suffix": "/NHRRUB5OPDZ0TO2H.jpg"}, "homeCity": "Jeram, Malaysia", "contact": {"facebook": "1632532594"}, "firstName": "Jacqueline", "tips": {"count": 0}, "gender": "female", "lastName": "Yap", "lists": {"groups": [{"count": 2, "type": "created", "items": []}]}, "bio": ""}, {"id": "29198462", "photo": {"prefix": "https://igx.4sqi.net/img/user/", "suffix": "/JCTO0NN2U2FAEP5L.jpg"}, "homeCity": "Selangor", "contact": {"facebook": "1608004932"}, "firstName": "Chiah", "tips": {"count": 2}, "gender": "male", "lastName": "Desmond", "lists": {"groups": [{"count": 2, "type": "created", "items": []}]}, "bio": ""}]}, "checksum": "7b23f4476733a1f4aa61186e6e26bd7db82a3afb"}}