{"notifications": [{"type": "notificationTray", "item": {"unreadCount": 0}}], "meta": {"requestId": "5966fcc9dd5797131a8c3b81", "code": 200}, "response": {"friends": {"count": 38, "items": [{"id": "71440202", "photo": {"prefix": "https://igx.4sqi.net/img/user/", "suffix": "/71440202-CZAJWD5C2QBEPLPR.jpg"}, "homeCity": "Singapore", "contact": {"twitter": "_juliang_"}, "firstName": "Julia", "tips": {"count": 0}, "gender": "female", "lastName": "Ng", "lists": {"groups": [{"count": 2, "type": "created", "items": []}]}, "bio": ""}, {"id": "61042480", "photo": {"prefix": "https://igx.4sqi.net/img/user/", "suffix": "/H030WAECUCB0YLC4.jpg"}, "homeCity": "Kerikeri", "contact": {"facebook": "719925246", "twitter": "katbpositive"}, "firstName": "Kat", "tips": {"count": 2}, "gender": "female", "lastName": "Burns", "lists": {"groups": [{"count": 2, "type": "created", "items": []}]}, "bio": "Co-founder/Social Media Manager, Tribe Social Media @katbpositive Instagram: katbpositive"}, {"id": "6450966", "photo": {"prefix": "https://igx.4sqi.net/img/user/", "default": true, "suffix": "/blank_girl.png"}, "homeCity": "New York, NY", "contact": {}, "firstName": "Annette", "tips": {"count": 0}, "gender": "female", "lastName": "Liebau", "lists": {"groups": [{"count": 2, "type": "created", "items": []}]}, "bio": ""}, {"id": "7058845", "photo": {"prefix": "https://igx.4sqi.net/img/user/", "default": true, "suffix": "/blank_boy.png"}, "homeCity": "Jaipur, India", "contact": {"facebook": "518150467"}, "firstName": "Simant", "tips": {"count": 0}, "gender": "male", "lastName": "Vijai", "lists": {"groups": [{"count": 2, "type": "created", "items": []}]}, "bio": ""}, {"id": "82124852", "photo": {"prefix": "https://igx.4sqi.net/img/user/", "default": true, "suffix": "/blank_boy.png"}, "homeCity": "Frankfurt am Main, Hesse", "contact": {"facebook": "732931778"}, "firstName": "Mike", "tips": {"count": 3}, "gender": "male", "lastName": "Fi", "lists": {"groups": [{"count": 2, "type": "created", "items": []}]}, "bio": ""}, {"id": "28179747", "photo": {"prefix": "https://igx.4sqi.net/img/user/", "suffix": "/GWIEV4WB2FWLGU1V.jpg"}, "homeCity": "Sumatera Selatan", "contact": {"facebook": "1765051441", "twitter": "akhenghuang"}, "firstName": "Akheng", "tips": {"count": 0}, "gender": "male", "lastName": "Huang", "lists": {"groups": [{"count": 2, "type": "created", "items": []}]}, "bio": ""}, {"id": "17665729", "photo": {"prefix": "https://igx.4sqi.net/img/user/", "suffix": "/S1VFREZPPWTTRDIZ.jpg"}, "homeCity": "\u5e9c\u4e2d\u5e02, \u65e5\u672c", "contact": {"facebook": "1556570302"}, "firstName": "Miwa", "tips": {"count": 0}, "gender": "female", "lastName": "Tsuzaki", "lists": {"groups": [{"count": 2, "type": "created", "items": []}]}, "bio": ""}, {"id": "8977844", "photo": {"prefix": "https://igx.4sqi.net/img/user/", "suffix": "/U2BZGEWKRC5ZMEYG.jpg"}, "homeCity": "Singapore", "contact": {}, "firstName": "Sabina", "tips": {"count": 5}, "gender": "female", "lastName": "Ahuja", "lists": {"groups": [{"count": 3, "type": "created", "items": []}]}, "bio": ""}, {"id": "516177", "photo": {"prefix": "https://igx.4sqi.net/img/user/", "suffix": "/Q5RAJZJVSA2BN411.jpg"}, "homeCity": "Boston, MA", "contact": {}, "firstName": "Peter", "tips": {"count": 14}, "gender": "male", "lastName": "D", "lists": {"groups": [{"count": 2, "type": "created", "items": []}]}, "bio": ""}, {"id": "1434473", "photo": {"prefix": "https://igx.4sqi.net/img/user/", "suffix": "/1434473-P4QKNDKFJ4V25MYM.jpg"}, "homeCity": "Hong Kong", "contact": {}, "firstName": "Beatrice", "tips": {"count": 11}, "gender": "female", "lastName": "Wong", "lists": {"groups": [{"count": 2, "type": "created", "items": []}]}, "bio": ""}, {"id": "44091796", "photo": {"prefix": "https://igx.4sqi.net/img/user/", "suffix": "/D3XMGVV2OXBFHIL3.jpg"}, "homeCity": "Atlanta", "contact": {"facebook": "908069"}, "firstName": "Clynton", "tips": {"count": 8}, "gender": "male", "lists": {"groups": [{"count": 2, "type": "created", "items": []}]}, "bio": ""}, {"id": "43724579", "photo": {"prefix": "https://igx.4sqi.net/img/user/", "suffix": "/QTLP5V5EPT24YDL0.jpg"}, "homeCity": "Rangsit, Pathum Thani, Thailand", "contact": {"facebook": "743699522", "twitter": "andy_ekkarat"}, "firstName": "Andy", "tips": {"count": 2}, "gender": "male", "lastName": "Ekkarat", "lists": {"groups": [{"count": 2, "type": "created", "items": []}]}, "bio": ""}, {"id": "4799766", "photo": {"prefix": "https://igx.4sqi.net/img/user/", "suffix": "/DZGJB5QE5PMHH3FG.jpg"}, "homeCity": "Singapore", "contact": {}, "firstName": "Sabarinath", "tips": {"count": 20}, "gender": "male", "lastName": "Kumar", "lists": {"groups": [{"count": 2, "type": "created", "items": []}]}, "bio": ""}, {"id": "189935", "photo": {"prefix": "https://igx.4sqi.net/img/user/", "suffix": "/189935-F0EVA0QWYOFDVEWP.jpg"}, "homeCity": "Dublin, Ireland (n\u00e9e Mountain View, CA)", "contact": {}, "firstName": "Stephen", "tips": {"count": 15}, "gender": "male", "lastName": "D", "lists": {"groups": [{"count": 10, "type": "created", "items": []}]}, "bio": ""}, {"id": "5934282", "photo": {"prefix": "https://igx.4sqi.net/img/user/", "suffix": "/MNXGEY2LOIAR0LDJ.jpg"}, "homeCity": "\u0e0a\u0e48\u0e2d\u0e07\u0e19\u0e19\u0e17\u0e23\u0e35, \u0e1b\u0e23\u0e30\u0e40\u0e17\u0e28\u0e44\u0e17\u0e22", "contact": {"facebook": "509027542"}, "firstName": "Weaw", "tips": {"count": 4}, "gender": "female", "lastName": "J.", "lists": {"groups": [{"count": 2, "type": "created", "items": []}]}, "bio": ""}, {"id": "1942563", "photo": {"prefix": "https://igx.4sqi.net/img/user/", "suffix": "/1942563-A5UBIIAWGKQLS31E.jpg"}, "homeCity": "London, UK", "contact": {}, "firstName": "Paul", "tips": {"count": 100}, "gender": "none", "lastName": "May", "lists": {"groups": [{"count": 20, "type": "created", "items": []}]}, "bio": ""}, {"id": "483457", "photo": {"prefix": "https://igx.4sqi.net/img/user/", "suffix": "/MVTGV0SR5AOX0USH.jpg"}, "homeCity": "60606", "contact": {"facebook": "509088733"}, "firstName": "Abhishek", "tips": {"count": 1}, "gender": "male", "lastName": "Jadon", "lists": {"groups": [{"count": 2, "type": "created", "items": []}]}, "bio": ""}, {"id": "1880256", "photo": {"prefix": "https://igx.4sqi.net/img/user/", "suffix": "/QWHOC4451L4VOUMX.jpg"}, "homeCity": "Athy, Kildare", "contact": {"facebook": "568986207", "twitter": "conorwinkle"}, "firstName": "Conor", "tips": {"count": 3}, "gender": "male", "lastName": "W", "lists": {"groups": [{"count": 2, "type": "created", "items": []}]}, "bio": "IT Consultant, Political Junkie."}, {"id": "21188033", "photo": {"prefix": "https://igx.4sqi.net/img/user/", "suffix": "/OG3ITEVB2XFT311X.jpg"}, "homeCity": "Gen\u00e8ve", "contact": {"facebook": "541157852"}, "firstName": "Mark", "tips": {"count": 4}, "gender": "male", "lastName": "Campbell", "lists": {"groups": [{"count": 4, "type": "created", "items": []}]}, "bio": ""}, {"id": "33148773", "photo": {"prefix": "https://igx.4sqi.net/img/user/", "default": true, "suffix": "/blank_boy.png"}, "homeCity": "Distrito Federal", "contact": {"facebook": "100000556794039"}, "firstName": "Pedro", "tips": {"count": 3}, "gender": "male", "lastName": "Lo", "lists": {"groups": [{"count": 2, "type": "created", "items": []}]}, "bio": ""}, {"id": "30989261", "photo": {"prefix": "https://igx.4sqi.net/img/user/", "suffix": "/30989261-54BZ12Q33M1TQWAO.jpg"}, "homeCity": "Singapore", "contact": {"facebook": "1388943485"}, "firstName": "Roan", "tips": {"count": 0}, "gender": "male", "lastName": "Yong", "lists": {"groups": [{"count": 2, "type": "created", "items": []}]}, "bio": ""}, {"id": "77782859", "photo": {"prefix": "https://igx.4sqi.net/img/user/", "suffix": "/77782859-SNFK5D2H1LZ2IS2Z.jpg"}, "homeCity": "Fremont, CA", "contact": {"facebook": "1750219604"}, "firstName": "Axe", "tips": {"count": 0}, "gender": "male", "lastName": "Axe", "lists": {"groups": [{"count": 2, "type": "created", "items": []}]}, "bio": ""}, {"id": "69797515", "photo": {"prefix": "https://igx.4sqi.net/img/user/", "suffix": "/1JSWLBWDHTZBCABM.jpg"}, "homeCity": "Singapore", "contact": {"facebook": "1423628501"}, "firstName": "Ben", "tips": {"count": 0}, "gender": "male", "lastName": "Jam", "lists": {"groups": [{"count": 2, "type": "created", "items": []}]}, "bio": ""}, {"id": "10034784", "photo": {"prefix": "https://igx.4sqi.net/img/user/", "suffix": "/Q14FPJOBEBKYHZUA.jpg"}, "homeCity": "Stupino", "contact": {"facebook": "548330151", "twitter": "r0mmix"}, "firstName": "Roman", "tips": {"count": 0}, "gender": "male", "lastName": "P.", "lists": {"groups": [{"count": 2, "type": "created", "items": []}]}, "bio": ""}, {"id": "7166294", "photo": {"prefix": "https://igx.4sqi.net/img/user/", "suffix": "/4UR31R33AR0MHAHU.jpg"}, "homeCity": "\u6771\u4eac\u90fd, \u65e5\u672c", "contact": {}, "firstName": "\u307e\u308a\u3053", "tips": {"count": 5}, "gender": "female", "lists": {"groups": [{"count": 2, "type": "created", "items": []}]}, "bio": ""}, {"id": "17898492", "photo": {"prefix": "https://igx.4sqi.net/img/user/", "suffix": "/CPN1MJDVY0QKVF3C.jpg"}, "homeCity": "Dublin, Ireland", "contact": {"twitter": "graham_love"}, "firstName": "Graham", "tips": {"count": 0}, "gender": "male", "lastName": "Love", "lists": {"groups": [{"count": 2, "type": "created", "items": []}]}, "bio": ""}, {"id": "70085954", "photo": {"prefix": "https://igx.4sqi.net/img/user/", "suffix": "/IJ5XWCKM5D313JJ4.jpg"}, "homeCity": "Tokyo", "contact": {"facebook": "701980504", "twitter": "gloppiness"}, "firstName": "Glass", "tips": {"count": 0}, "gender": "female", "lastName": "Pingping", "lists": {"groups": [{"count": 2, "type": "created", "items": []}]}, "bio": ""}, {"id": "6705488", "photo": {"prefix": "https://igx.4sqi.net/img/user/", "suffix": "/TTFDP0OTJXS5CW3V.png"}, "homeCity": "Singapore", "contact": {"facebook": "1227294579"}, "firstName": "So-free", "tips": {"count": 1}, "gender": "female", "lastName": "Nguyen", "lists": {"groups": [{"count": 2, "type": "created", "items": []}]}, "bio": ""}, {"id": "13037024", "photo": {"prefix": "https://igx.4sqi.net/img/user/", "suffix": "/13037024-HHNH4YMHM2QF0RTE.jpg"}, "homeCity": "World", "contact": {"facebook": "1044724586", "twitter": "fabiompalves"}, "firstName": "Fabio", "tips": {"count": 2}, "gender": "male", "lastName": "Mesquita", "lists": {"groups": [{"count": 3, "type": "created", "items": []}]}, "bio": "World  traveler, nomad and people lover.\nwww.sexoviagenserocknroll.com.br"}, {"id": "69500548", "photo": {"prefix": "https://igx.4sqi.net/img/user/", "suffix": "/HYZIDBXNGLXD10JH.jpg"}, "homeCity": "Singapore", "contact": {"facebook": "517862981"}, "firstName": "Ravijeet", "tips": {"count": 0}, "gender": "male", "lastName": "Dang", "lists": {"groups": [{"count": 2, "type": "created", "items": []}]}, "bio": ""}, {"id": "1561338", "photo": {"prefix": "https://igx.4sqi.net/img/user/", "suffix": "/H0VNHH2UQYE1CZOA.jpg"}, "homeCity": "Chorakhe Bua, Bangkok", "contact": {"facebook": "508040169", "twitter": "touchanon"}, "firstName": "Touchanon", "tips": {"count": 21}, "gender": "male", "lastName": "Del Castillo", "lists": {"groups": [{"count": 2, "type": "created", "items": []}]}, "bio": "Touchanon Del Castillo +IT +Gadget +Android +Self-Development +Business +Online Marketing +SEO +SEM +AIESEC Alumni (President of AIESEC Bangkok University 2011)"}, {"id": "7448109", "photo": {"prefix": "https://igx.4sqi.net/img/user/", "suffix": "/7448109-45METT5XMTAQOOEE.jpg"}, "homeCity": "Singapore", "contact": {"facebook": "1201772885", "twitter": "yourvoicecoach"}, "firstName": "Cynthia", "tips": {"count": 13}, "gender": "female", "lastName": "Zhai", "lists": {"groups": [{"count": 2, "type": "created", "items": []}]}, "bio": "Cynthia is an Executive Voice Coach, Speaker & Trainer. Check her website to get Voice tips- http://ConnectingtoSuccess.com"}, {"id": "27954270", "photo": {"prefix": "https://igx.4sqi.net/img/user/", "suffix": "/IFIH2XCMOQ2TJGHX.jpg"}, "homeCity": "Melbourne", "contact": {}, "firstName": "Joanna", "tips": {"count": 842}, "gender": "female", "lists": {"groups": [{"count": 7, "type": "created", "items": []}]}, "bio": ""}, {"id": "1902894", "photo": {"prefix": "https://igx.4sqi.net/img/user/", "suffix": "/1902894-YQA4WXAEY2O2LNC5.jpg"}, "homeCity": "Singapore", "contact": {"facebook": "562928760", "twitter": "off5pring"}, "firstName": "Jimmy", "tips": {"count": 3}, "gender": "none", "lastName": "Sng", "lists": {"groups": [{"count": 2, "type": "created", "items": []}]}, "bio": ""}, {"id": "98972448", "photo": {"prefix": "https://igx.4sqi.net/img/user/", "suffix": "/98972448-1THVW5EN5ABVF1H1.jpg"}, "homeCity": "Singapore", "contact": {"facebook": "735505437", "twitter": "zisheerin"}, "firstName": "Aziza", "tips": {"count": 5}, "gender": "female", "lastName": "Zi", "lists": {"groups": [{"count": 8, "type": "created", "items": []}]}, "bio": ""}, {"id": "3346181", "photo": {"prefix": "https://igx.4sqi.net/img/user/", "suffix": "/VG1WT35FYZ2WHD2D.jpg"}, "homeCity": "singapore ", "contact": {}, "firstName": "Apurva", "tips": {"count": 0}, "gender": "female", "lastName": "P", "lists": {"groups": [{"count": 3, "type": "created", "items": []}]}, "bio": ""}, {"id": "5068770", "photo": {"prefix": "https://igx.4sqi.net/img/user/", "suffix": "/EZF54WHV2KBMXOKJ.jpg"}, "homeCity": "Singapore", "contact": {"twitter": "riskacen"}, "firstName": "Riska", "tips": {"count": 1}, "gender": "female", "lastName": "Berlian", "lists": {"groups": [{"count": 2, "type": "created", "items": []}]}, "bio": ""}, {"id": "8540887", "photo": {"prefix": "https://igx.4sqi.net/img/user/", "suffix": "/CZO21T35QRKHABBL.jpg"}, "homeCity": "Budapest", "contact": {"twitter": "bogiinkret"}, "firstName": "Bogi", "tips": {"count": 4}, "gender": "female", "lastName": "Inkret", "lists": {"groups": [{"count": 2, "type": "created", "items": []}]}, "bio": ""}]}, "checksum": "fd1f401e362efdf5c99526ac43c5b47874cb22bf"}}