{"notifications": [{"type": "notificationTray", "item": {"unreadCount": 0}}], "response": {"friends": {"items": [{"tips": {"count": 2}, "contact": {"twitter": "arkhan1993", "facebook": "612842679"}, "firstName": "Abdul Rahman", "gender": "male", "lastName": "Khan", "id": "495755", "bio": "", "photo": {"prefix": "https://igx.4sqi.net/img/user/", "suffix": "/U0ER5XPRBWVSVDHY.jpg"}, "homeCity": "Singapore", "lists": {"groups": [{"items": [], "count": 2, "type": "created"}]}}, {"tips": {"count": 0}, "contact": {"facebook": "1349802774"}, "firstName": "Ben", "gender": "male", "lastName": "Ong", "id": "11063166", "bio": "", "photo": {"prefix": "https://igx.4sqi.net/img/user/", "suffix": "/WMG01SXHT0IHYNXH.jpg"}, "homeCity": "Singapore", "lists": {"groups": [{"items": [], "count": 2, "type": "created"}]}}, {"tips": {"count": 0}, "contact": {"facebook": "722391762"}, "firstName": "Geraldine", "gender": "female", "lastName": "Tan", "id": "11080841", "bio": "", "photo": {"prefix": "https://igx.4sqi.net/img/user/", "suffix": "/blank_girl.png", "default": true}, "homeCity": "Singapore", "lists": {"groups": [{"items": [], "count": 2, "type": "created"}]}}, {"tips": {"count": 1}, "contact": {"twitter": "zereta", "facebook": "795695586"}, "firstName": "Sanjeev", "gender": "male", "lastName": "M", "id": "5609428", "bio": "", "photo": {"prefix": "https://igx.4sqi.net/img/user/", "suffix": "/5CTTRXXFTQRISHCF.jpg"}, "homeCity": "Singapore", "lists": {"groups": [{"items": [], "count": 3, "type": "created"}]}}, {"tips": {"count": 0}, "contact": {"twitter": "love4kei", "facebook": "602480450"}, "firstName": "Elissa", "gender": "female", "lastName": "Wong", "id": "10456805", "bio": "", "photo": {"prefix": "https://igx.4sqi.net/img/user/", "suffix": "/CFYXQTZEOFCQW42M.jpg"}, "homeCity": "Singapore", "lists": {"groups": [{"items": [], "count": 2, "type": "created"}]}}, {"tips": {"count": 0}, "contact": {"twitter": "jasminechao", "facebook": "1662008215"}, "firstName": "Jasmine", "gender": "female", "lastName": "Chao", "id": "11537882", "bio": "", "photo": {"prefix": "https://igx.4sqi.net/img/user/", "suffix": "/KXY3DAEVG0TQB0K5.jpg"}, "homeCity": "Singapore", "lists": {"groups": [{"items": [], "count": 2, "type": "created"}]}}, {"tips": {"count": 0}, "contact": {"twitter": "sydneysim", "facebook": "597565456"}, "firstName": "Sydney", "gender": "female", "lastName": "Sim", "id": "10505958", "bio": "", "photo": {"prefix": "https://igx.4sqi.net/img/user/", "suffix": "/I0C52IET4W3DUUZH.jpg"}, "homeCity": "Singapore", "lists": {"groups": [{"items": [], "count": 2, "type": "created"}]}}, {"tips": {"count": 2}, "contact": {"twitter": "thenameisean", "facebook": "641270921"}, "firstName": "Gabriel", "gender": "male", "lastName": "Sng", "id": "7900694", "bio": "", "photo": {"prefix": "https://igx.4sqi.net/img/user/", "suffix": "/PF2BLN2EYT3E4I4Y.jpg"}, "homeCity": "Singapore", "lists": {"groups": [{"items": [], "count": 2, "type": "created"}]}}, {"tips": {"count": 2}, "contact": {"twitter": "_ak23"}, "firstName": "Alvin", "gender": "male", "lastName": "Kang", "id": "2262659", "bio": "", "photo": {"prefix": "https://igx.4sqi.net/img/user/", "suffix": "/WNC5251RPY1IZWLJ.jpg"}, "homeCity": "Singapore", "lists": {"groups": [{"items": [], "count": 2, "type": "created"}]}}, {"tips": {"count": 0}, "contact": {"twitter": "heyaarthi"}, "firstName": "Aarthi", "gender": "female", "lastName": "Swaminathan", "id": "3184548", "bio": "", "photo": {"prefix": "https://igx.4sqi.net/img/user/", "suffix": "/UKPQ1VHGAUYUCOD1.jpg"}, "homeCity": "Singapore", "lists": {"groups": [{"items": [], "count": 2, "type": "created"}]}}, {"tips": {"count": 0}, "contact": {"twitter": "dayhui"}, "firstName": "Dayna", "gender": "female", "lastName": "Hui", "id": "8347029", "bio": "", "photo": {"prefix": "https://igx.4sqi.net/img/user/", "suffix": "/RRVN1J3GHKQC025A.jpg"}, "homeCity": "Singapore ", "lists": {"groups": [{"items": [], "count": 2, "type": "created"}]}}, {"tips": {"count": 0}, "contact": {"twitter": "kimberlypang", "facebook": "678112572"}, "firstName": "Kimberly", "gender": "female", "lastName": "Pang", "id": "11835252", "bio": "", "photo": {"prefix": "https://igx.4sqi.net/img/user/", "suffix": "/UTYXUEIW00IT4ZE4.jpg"}, "homeCity": "Singapore", "lists": {"groups": [{"items": [], "count": 2, "type": "created"}]}}, {"tips": {"count": 0}, "contact": {}, "firstName": "Sharianty", "gender": "female", "lastName": "Sjahril", "id": "8504335", "bio": "", "photo": {"prefix": "https://igx.4sqi.net/img/user/", "suffix": "/GHWB1LL10R1IZXRV.jpg"}, "homeCity": "Singapore", "lists": {"groups": [{"items": [], "count": 2, "type": "created"}]}}, {"tips": {"count": 0}, "contact": {"facebook": "805289608"}, "firstName": "Ash", "gender": "female", "lastName": "Burn", "id": "10534625", "bio": "", "photo": {"prefix": "https://igx.4sqi.net/img/user/", "suffix": "/MNYVWQRAHXPAZ32Z.jpg"}, "homeCity": "Singapore", "lists": {"groups": [{"items": [], "count": 2, "type": "created"}]}}, {"tips": {"count": 29}, "contact": {"twitter": "ainschew", "facebook": "1098711328"}, "firstName": "Ainsley", "gender": "female", "lastName": "Chew", "id": "6538567", "bio": "", "photo": {"prefix": "https://igx.4sqi.net/img/user/", "suffix": "/6538567-0BPOUA4Q0X52HCZ5.jpg"}, "homeCity": "Singapore", "lists": {"groups": [{"items": [], "count": 2, "type": "created"}]}}], "count": 15}, "checksum": "6d8112b13ce28c0a455566e39936b56024613482"}, "meta": {"requestId": "5965c75c4c1f67703ac99d25", "code": 200}}