{"notifications": [{"type": "notificationTray", "item": {"unreadCount": 0}}], "meta": {"requestId": "5966fbdadd579712ebb22c3f", "code": 200}, "response": {"friends": {"count": 169, "items": [{"id": "11027347", "photo": {"prefix": "https://igx.4sqi.net/img/user/", "suffix": "/X5NETO0GCFJOZOPX.jpg"}, "homeCity": "Singapore", "contact": {"facebook": "743159481"}, "firstName": "Mandy", "tips": {"count": 0}, "gender": "female", "lastName": "Leong", "lists": {"groups": [{"count": 2, "type": "created", "items": []}]}, "bio": ""}, {"id": "4350619", "photo": {"prefix": "https://igx.4sqi.net/img/user/", "suffix": "/4350619-R2VJKQHLEOUT1NHH.jpg"}, "homeCity": "Singapore", "contact": {"twitter": "jeremyliang"}, "firstName": "Jeremy", "tips": {"count": 0}, "gender": "male", "lastName": "Liang", "lists": {"groups": [{"count": 3, "type": "created", "items": []}]}, "bio": ""}, {"id": "6833367", "photo": {"prefix": "https://igx.4sqi.net/img/user/", "suffix": "/SLH2W4J3J1E25LVP.jpg"}, "homeCity": "Singapore", "contact": {"facebook": "1337623538"}, "firstName": "\u53f8", "tips": {"count": 0}, "gender": "female", "lastName": "\u5fb7\u9a8f", "lists": {"groups": [{"count": 2, "type": "created", "items": []}]}, "bio": ""}, {"id": "11079062", "photo": {"prefix": "https://igx.4sqi.net/img/user/", "suffix": "/TIGQMKIX0GNJCR1I.jpg"}, "homeCity": "Singapore", "contact": {"facebook": "579536167", "twitter": "mindless_ness"}, "firstName": "Dawn", "tips": {"count": 2}, "gender": "none", "lists": {"groups": [{"count": 2, "type": "created", "items": []}]}, "bio": ""}, {"id": "4249320", "photo": {"prefix": "https://igx.4sqi.net/img/user/", "suffix": "/OKECOJFHTLHJ4ORB.jpg"}, "homeCity": "Singapore", "contact": {"facebook": "600926185", "twitter": "aaronnwongg"}, "firstName": "Aaron", "tips": {"count": 0}, "gender": "male", "lastName": "Wong", "lists": {"groups": [{"count": 2, "type": "created", "items": []}]}, "bio": ""}, {"id": "6459460", "photo": {"prefix": "https://igx.4sqi.net/img/user/", "suffix": "/TI2K5XS3MCM353KS.jpg"}, "homeCity": "Singapore", "contact": {"twitter": "czhixuan"}, "firstName": "Zhixuan", "tips": {"count": 1}, "gender": "female", "lists": {"groups": [{"count": 2, "type": "created", "items": []}]}, "bio": ""}, {"id": "5448037", "photo": {"prefix": "https://igx.4sqi.net/img/user/", "suffix": "/PPNR5NTWVF11DLF5.jpg"}, "homeCity": "Johor Bahru, Malaysia", "contact": {"facebook": "1080456980", "twitter": "jivanmole"}, "firstName": "Jivan", "tips": {"count": 0}, "gender": "male", "lastName": "J", "lists": {"groups": [{"count": 2, "type": "created", "items": []}]}, "bio": ""}, {"id": "1931089", "photo": {"prefix": "https://igx.4sqi.net/img/user/", "suffix": "/1931089-C30POIAYV4DVAWXE"}, "homeCity": "Singapore", "contact": {"facebook": "559175764"}, "firstName": "Michelle Melissa", "tips": {"count": 0}, "gender": "female", "lastName": "Sim", "lists": {"groups": [{"count": 2, "type": "created", "items": []}]}, "bio": ""}, {"id": "5168373", "photo": {"prefix": "https://igx.4sqi.net/img/user/", "suffix": "/4WZL1FSYOTHGQDCU.jpg"}, "homeCity": "Singapore", "contact": {"facebook": "725864005", "twitter": "haydenim"}, "firstName": "Hayden", "tips": {"count": 0}, "gender": "male", "lastName": "Ng Yeuk Hang", "lists": {"groups": [{"count": 2, "type": "created", "items": []}]}, "bio": ""}, {"id": "4517147", "photo": {"prefix": "https://igx.4sqi.net/img/user/", "suffix": "/B5YK3QSOAEI5ZB4N.jpg"}, "homeCity": "Singapore", "contact": {"facebook": "1808356792", "twitter": "xaviwavi"}, "firstName": "Xavier", "tips": {"count": 0}, "gender": "male", "lastName": "Lum", "lists": {"groups": [{"count": 2, "type": "created", "items": []}]}, "bio": ""}, {"id": "5036747", "photo": {"prefix": "https://igx.4sqi.net/img/user/", "suffix": "/3NLYKQFKWME3GCMN.jpg"}, "homeCity": "Singapore", "contact": {"twitter": "synsofly"}, "firstName": "Syndris", "tips": {"count": 0}, "gender": "female", "lastName": "Goh", "lists": {"groups": [{"count": 2, "type": "created", "items": []}]}, "bio": ""}, {"id": "21845471", "photo": {"prefix": "https://igx.4sqi.net/img/user/", "suffix": "/TAC53J1DFDWTJAEO.jpg"}, "homeCity": "New York, NY", "contact": {"twitter": "joycelyncst"}, "firstName": "Joycelyn", "tips": {"count": 0}, "gender": "female", "lastName": "Chua", "lists": {"groups": [{"count": 2, "type": "created", "items": []}]}, "bio": ""}, {"id": "1978954", "photo": {"prefix": "https://igx.4sqi.net/img/user/", "suffix": "/1978954-TEUGQCLPV4EBIMQM.jpg"}, "homeCity": "Singapore", "contact": {"facebook": "780375321", "twitter": "imranshafie"}, "firstName": "Imran", "tips": {"count": 12}, "gender": "male", "lastName": "Shafie", "lists": {"groups": [{"count": 5, "type": "created", "items": []}]}, "bio": "I like trains. Carries a Jibanyan around."}, {"id": "879543", "photo": {"prefix": "https://igx.4sqi.net/img/user/", "suffix": "/JN5L4ZK1N4M05ZN0.jpg"}, "homeCity": "Singapore", "contact": {"twitter": "laksanaa"}, "firstName": "Daniel", "tips": {"count": 6}, "gender": "male", "lastName": "Laksana", "lists": {"groups": [{"count": 3, "type": "created", "items": []}]}, "bio": ""}, {"id": "3039603", "photo": {"prefix": "https://igx.4sqi.net/img/user/", "suffix": "/GHADIIPAVSG0WT2G.jpg"}, "homeCity": "Singapore", "contact": {"facebook": "685144632", "twitter": "hengwants2loveu"}, "firstName": "Guan heng", "tips": {"count": 1}, "gender": "male", "lastName": "Chua", "lists": {"groups": [{"count": 2, "type": "created", "items": []}]}, "bio": ""}, {"id": "14834454", "photo": {"prefix": "https://igx.4sqi.net/img/user/", "suffix": "/1F5R345MY5ROJOW4.jpg"}, "homeCity": "Singapore", "contact": {"facebook": "568408919", "twitter": "cgjj"}, "firstName": "Clive", "tips": {"count": 1}, "gender": "male", "lastName": "Rudolph", "lists": {"groups": [{"count": 2, "type": "created", "items": []}]}, "bio": ""}, {"id": "2163983", "photo": {"prefix": "https://igx.4sqi.net/img/user/", "suffix": "/2CT4BQOIHL1VGQWO.jpg"}, "homeCity": "Singapore", "contact": {"twitter": "ongyc"}, "firstName": "Yc", "tips": {"count": 1}, "gender": "none", "lastName": "Ong", "lists": {"groups": [{"count": 2, "type": "created", "items": []}]}, "bio": ""}, {"id": "4776940", "photo": {"prefix": "https://igx.4sqi.net/img/user/", "suffix": "/3PAHWEEOIJAJCLTY.jpg"}, "homeCity": "Singapore", "contact": {"twitter": "gavinyeow"}, "firstName": "Gavin", "tips": {"count": 0}, "gender": "none", "lastName": "Yeow", "lists": {"groups": [{"count": 2, "type": "created", "items": []}]}, "bio": ""}, {"id": "7009213", "photo": {"prefix": "https://igx.4sqi.net/img/user/", "default": true, "suffix": "/blank_boy.png"}, "homeCity": "singapore", "contact": {"facebook": "1656421271"}, "firstName": "Chen", "tips": {"count": 0}, "gender": "male", "lastName": "Yingping", "lists": {"groups": [{"count": 2, "type": "created", "items": []}]}, "bio": ""}, {"id": "11093462", "photo": {"prefix": "https://igx.4sqi.net/img/user/", "suffix": "/4TJBUX2JM1K53FDD.jpg"}, "homeCity": "Singapore", "contact": {"facebook": "1113468998", "twitter": "lohhhc"}, "firstName": "Clara", "tips": {"count": 0}, "gender": "female", "lastName": "Loh", "lists": {"groups": [{"count": 2, "type": "created", "items": []}]}, "bio": ""}, {"id": "4263217", "photo": {"prefix": "https://igx.4sqi.net/img/user/", "suffix": "/LPEFBWL4YM3DJW15.jpg"}, "homeCity": "Singapore", "contact": {"facebook": "599647259", "twitter": "trishapotato"}, "firstName": "Trisha", "tips": {"count": 3}, "gender": "female", "lastName": "Lee", "lists": {"groups": [{"count": 4, "type": "created", "items": []}]}, "bio": ""}, {"id": "7517729", "photo": {"prefix": "https://igx.4sqi.net/img/user/", "suffix": "/0BRKHXVR4ZFMJFIX.jpg"}, "homeCity": "Singapore", "contact": {}, "firstName": "Dray", "tips": {"count": 7}, "gender": "male", "lastName": "Yong", "lists": {"groups": [{"count": 2, "type": "created", "items": []}]}, "bio": ""}, {"id": "9293979", "photo": {"prefix": "https://igx.4sqi.net/img/user/", "suffix": "/9293979-PFGXSQUYNYDHPSXA.jpg"}, "homeCity": "Singapore", "contact": {"facebook": "1398880514"}, "firstName": "Chin", "tips": {"count": 0}, "gender": "male", "lastName": "How", "lists": {"groups": [{"count": 2, "type": "created", "items": []}]}, "bio": ""}, {"id": "4661096", "photo": {"prefix": "https://igx.4sqi.net/img/user/", "suffix": "/4661096-DYEHBUNP04SNZJ51.jpg"}, "homeCity": "Singapore", "contact": {"facebook": "10153467135903122", "twitter": "cristomaniac"}, "firstName": "Noel", "tips": {"count": 1}, "gender": "male", "lastName": "Lee", "lists": {"groups": [{"count": 2, "type": "created", "items": []}]}, "bio": ""}, {"id": "8250274", "photo": {"prefix": "https://igx.4sqi.net/img/user/", "suffix": "/S5S4HE3YRIF1IDVP.jpg"}, "homeCity": "Singapore", "contact": {"twitter": "leiyisaurus"}, "firstName": "Hailey", "tips": {"count": 0}, "gender": "female", "lastName": "Chan", "lists": {"groups": [{"count": 2, "type": "created", "items": []}]}, "bio": ""}, {"id": "14531496", "photo": {"prefix": "https://igx.4sqi.net/img/user/", "suffix": "/VV1LBY0M0E0ZVBBN.jpg"}, "homeCity": "Singapore", "contact": {"facebook": "649869569", "twitter": "awesomestjolie"}, "firstName": "Jolie", "tips": {"count": 0}, "gender": "female", "lastName": "Tingwei", "lists": {"groups": [{"count": 2, "type": "created", "items": []}]}, "bio": ""}, {"id": "9227125", "photo": {"prefix": "https://igx.4sqi.net/img/user/", "suffix": "/WIHYROMJDKVNGYNP.jpg"}, "homeCity": "Singapore", "contact": {"twitter": "wajihahwestwick"}, "firstName": "Wajihah", "tips": {"count": 0}, "gender": "female", "lastName": "Westwick", "lists": {"groups": [{"count": 2, "type": "created", "items": []}]}, "bio": ""}, {"id": "1117634", "photo": {"prefix": "https://igx.4sqi.net/img/user/", "suffix": "/1117634-512RTGSSE5UQSUWH.jpg"}, "homeCity": "Singapore", "contact": {"facebook": "710065966", "twitter": "jamzxz"}, "firstName": "Jamie", "tips": {"count": 0}, "gender": "female", "lastName": "Chow", "lists": {"groups": [{"count": 2, "type": "created", "items": []}]}, "bio": "Meow \ud83d\udc31"}, {"id": "4490373", "photo": {"prefix": "https://igx.4sqi.net/img/user/", "suffix": "/5TBX3UDOHRMH04MG.jpg"}, "homeCity": "Singapore", "contact": {"facebook": "548963348", "twitter": "charmaineeyy"}, "firstName": "Charmaine", "tips": {"count": 0}, "gender": "female", "lastName": "Lim", "lists": {"groups": [{"count": 2, "type": "created", "items": []}]}, "bio": ""}, {"id": "4782328", "photo": {"prefix": "https://igx.4sqi.net/img/user/", "suffix": "/GKTJNRP5FNTB5BLF.jpg"}, "homeCity": "Singapore", "contact": {"facebook": "627281457", "twitter": "gavinforsally"}, "firstName": "Gavin", "tips": {"count": 0}, "gender": "male", "lastName": "Ng", "lists": {"groups": [{"count": 2, "type": "created", "items": []}]}, "bio": ""}, {"id": "7210214", "photo": {"prefix": "https://igx.4sqi.net/img/user/", "suffix": "/5MKHR3IYX42YTHPH.jpg"}, "homeCity": "Singapore", "contact": {"facebook": "525776518", "twitter": "panickkkk"}, "firstName": "Nick", "tips": {"count": 0}, "gender": "male", "lastName": "Lim", "lists": {"groups": [{"count": 2, "type": "created", "items": []}]}, "bio": ""}, {"id": "7697522", "photo": {"prefix": "https://igx.4sqi.net/img/user/", "suffix": "/I2A5GJLLQGOLZPJ1.jpg"}, "homeCity": "Singapore", "contact": {"facebook": "562158800"}, "firstName": "Roy", "tips": {"count": 1}, "gender": "male", "lastName": "Ng", "lists": {"groups": [{"count": 2, "type": "created", "items": []}]}, "bio": ""}, {"id": "9271235", "photo": {"prefix": "https://igx.4sqi.net/img/user/", "suffix": "/4VBR4OB2WPVWSIMX.jpg"}, "homeCity": "Singapore", "contact": {"facebook": "609131066", "twitter": "joops_"}, "firstName": "Joops", "tips": {"count": 1}, "gender": "female", "lastName": "Lim", "lists": {"groups": [{"count": 2, "type": "created", "items": []}]}, "bio": ""}, {"id": "17024221", "photo": {"prefix": "https://igx.4sqi.net/img/user/", "suffix": "/0ESCW0A0K3RLU4EB.jpg"}, "homeCity": "Singapore", "contact": {"facebook": "744528756", "twitter": "cheesengoon"}, "firstName": "CheeSeng", "tips": {"count": 0}, "gender": "male", "lastName": "DowhateverIlike", "lists": {"groups": [{"count": 2, "type": "created", "items": []}]}, "bio": ""}, {"id": "4975620", "photo": {"prefix": "https://igx.4sqi.net/img/user/", "suffix": "/KUPB5L2CZCFIQPFA.jpg"}, "homeCity": "Unnamed Location", "contact": {"facebook": "1241934551", "twitter": "sbashley"}, "firstName": "Ashley", "tips": {"count": 1}, "gender": "female", "lastName": "Goh", "lists": {"groups": [{"count": 2, "type": "created", "items": []}]}, "bio": ""}, {"id": "11226766", "photo": {"prefix": "https://igx.4sqi.net/img/user/", "suffix": "/QHKZLUYWF1KP5W5O.jpg"}, "homeCity": "Singapore", "contact": {"facebook": "548657453", "twitter": "ahgan93"}, "firstName": "Gan", "tips": {"count": 0}, "gender": "male", "lastName": "Lin Han", "lists": {"groups": [{"count": 2, "type": "created", "items": []}]}, "bio": ""}, {"id": "1506508", "photo": {"prefix": "https://igx.4sqi.net/img/user/", "suffix": "/142NZU4MBDW5RZEV.jpg"}, "homeCity": "Singapore", "contact": {"twitter": "sheilalexis"}, "firstName": "Sheila", "tips": {"count": 0}, "gender": "female", "lastName": "Seah", "lists": {"groups": [{"count": 2, "type": "created", "items": []}]}, "bio": ""}, {"id": "4762769", "photo": {"prefix": "https://igx.4sqi.net/img/user/", "suffix": "/4762769-2VF054DTMX5OXNSZ.jpg"}, "homeCity": "Singapore", "contact": {"facebook": "1461271704", "twitter": "joeypinkk"}, "firstName": "Pink", "tips": {"count": 7}, "gender": "female", "lastName": "Joey", "lists": {"groups": [{"count": 2, "type": "created", "items": []}]}, "bio": ""}, {"id": "6215165", "photo": {"prefix": "https://igx.4sqi.net/img/user/", "suffix": "/AHPUQHL14VPHVZIK.jpg"}, "homeCity": "Singapore", "contact": {"twitter": "vchengg"}, "firstName": "Vanessa", "tips": {"count": 0}, "gender": "female", "lastName": "Cheng", "lists": {"groups": [{"count": 2, "type": "created", "items": []}]}, "bio": ""}, {"id": "7365659", "photo": {"prefix": "https://igx.4sqi.net/img/user/", "suffix": "/QNQEMBTMYLTHQ0YN.jpg"}, "homeCity": "Singapore", "contact": {"twitter": "derektoh"}, "firstName": "Derek", "tips": {"count": 0}, "gender": "male", "lastName": "Stoner", "lists": {"groups": [{"count": 2, "type": "created", "items": []}]}, "bio": ""}, {"id": "13013167", "photo": {"prefix": "https://igx.4sqi.net/img/user/", "suffix": "/YHGWEUWGZAANMHOS.jpg"}, "homeCity": "Singapore", "contact": {"facebook": "1042252770"}, "firstName": "Ruth", "tips": {"count": 1}, "gender": "female", "lastName": "Ho", "lists": {"groups": [{"count": 2, "type": "created", "items": []}]}, "bio": ""}, {"id": "7326827", "photo": {"prefix": "https://igx.4sqi.net/img/user/", "suffix": "/UTWBPYLX10CF1T3D.jpg"}, "homeCity": "Singapore", "contact": {"facebook": "521757759", "twitter": "l_ovelorn"}, "firstName": "Pangpang", "tips": {"count": 0}, "gender": "female", "lastName": "Isherewithyou", "lists": {"groups": [{"count": 2, "type": "created", "items": []}]}, "bio": ""}, {"id": "2014890", "photo": {"prefix": "https://igx.4sqi.net/img/user/", "suffix": "/QMSJ43FGXHRT10IA.jpg"}, "homeCity": "Bukit Timah, Singapore", "contact": {"facebook": "593217071", "twitter": "dnvyepoxy"}, "firstName": "Donovan Y.", "tips": {"count": 0}, "gender": "male", "lists": {"groups": [{"count": 2, "type": "created", "items": []}]}, "bio": ""}, {"id": "6416518", "photo": {"prefix": "https://igx.4sqi.net/img/user/", "suffix": "/OK4SYOSWTV343P4R.jpg"}, "homeCity": "Singapore", "contact": {"facebook": "683003720", "twitter": "kerpoter"}, "firstName": "Weilson", "tips": {"count": 1}, "gender": "male", "lastName": "Tan", "lists": {"groups": [{"count": 2, "type": "created", "items": []}]}, "bio": ""}, {"id": "6261149", "photo": {"prefix": "https://igx.4sqi.net/img/user/", "suffix": "/HFAQMTSULNIRM1I3.jpg"}, "homeCity": "Singapore", "contact": {"facebook": "521882589"}, "firstName": "Chua", "tips": {"count": 0}, "gender": "female", "lastName": "HuiShi", "lists": {"groups": [{"count": 2, "type": "created", "items": []}]}, "bio": ""}, {"id": "11055297", "photo": {"prefix": "https://igx.4sqi.net/img/user/", "suffix": "/KQUU4WG1UHB2D4I1.jpg"}, "homeCity": "Singapore", "contact": {"facebook": "753139070", "twitter": "jeftanyy"}, "firstName": "Jef", "tips": {"count": 0}, "gender": "male", "lastName": "Tan Yiyang", "lists": {"groups": [{"count": 2, "type": "created", "items": []}]}, "bio": ""}, {"id": "20178433", "photo": {"prefix": "https://igx.4sqi.net/img/user/", "suffix": "/20178433-2C2R5C31BC3523SE.jpg"}, "homeCity": "Singapore", "contact": {"twitter": "gloriousbliss"}, "firstName": "Jade", "tips": {"count": 3}, "gender": "female", "lastName": "Fox", "lists": {"groups": [{"count": 2, "type": "created", "items": []}]}, "bio": "Instagram: @jadeanastasiafox"}, {"id": "8970705", "photo": {"prefix": "https://igx.4sqi.net/img/user/", "suffix": "/KVA4NQF14CKXLLR4.jpg"}, "homeCity": "Singapore", "contact": {"facebook": "609088394", "twitter": "clarinify"}, "firstName": "Clarine", "tips": {"count": 0}, "gender": "female", "lastName": "Ho", "lists": {"groups": [{"count": 2, "type": "created", "items": []}]}, "bio": ""}, {"id": "3021496", "photo": {"prefix": "https://igx.4sqi.net/img/user/", "suffix": "/3021496_XsnouzWw_jaETOOlxgUSDBFyJ5OsstTjBS01GXakdut72lRUWMWTZDnWwmZJTnW1f6ey0qHQG"}, "homeCity": "Singapore", "contact": {"facebook": "635684080", "twitter": "cuthbertcwh"}, "firstName": "Cuthbert", "tips": {"count": 41}, "superuser": 7, "gender": "male", "lastName": "Chia", "lists": {"groups": [{"count": 12, "type": "created", "items": []}]}, "bio": ""}, {"id": "8803917", "photo": {"prefix": "https://igx.4sqi.net/img/user/", "suffix": "/G3WWP3235UMPHL0V.jpg"}, "homeCity": "Singapore", "contact": {"facebook": "655159452"}, "firstName": "Raffiq", "tips": {"count": 1}, "gender": "male", "lastName": "Azhar", "lists": {"groups": [{"count": 2, "type": "created", "items": []}]}, "bio": ""}, {"id": "6265889", "photo": {"prefix": "https://igx.4sqi.net/img/user/", "suffix": "/L4NW3IWQXUGTOOB5.jpg"}, "homeCity": "New York, NY", "contact": {"facebook": "732608993", "twitter": "bruhyearn"}, "firstName": "Bryan", "tips": {"count": 1}, "gender": "male", "lastName": "Choo", "lists": {"groups": [{"count": 2, "type": "created", "items": []}]}, "bio": ""}, {"id": "11636873", "photo": {"prefix": "https://igx.4sqi.net/img/user/", "suffix": "/I1EWRN2ORBFEECJW.jpg"}, "homeCity": "Singapore", "contact": {"facebook": "587551304"}, "firstName": "Hui Cheang", "tips": {"count": 0}, "gender": "female", "lastName": "Chiam", "lists": {"groups": [{"count": 2, "type": "created", "items": []}]}, "bio": ""}, {"id": "9031937", "photo": {"prefix": "https://igx.4sqi.net/img/user/", "suffix": "/0FYKOR02Q2JLHSE0.jpg"}, "homeCity": "Singapore", "contact": {"facebook": "710271965", "twitter": "ah_bya"}, "firstName": "Vega", "tips": {"count": 10}, "gender": "female", "lastName": "Highwell", "lists": {"groups": [{"count": 2, "type": "created", "items": []}]}, "bio": ""}, {"id": "5007834", "photo": {"prefix": "https://igx.4sqi.net/img/user/", "suffix": "/LNIVO4JSLKTR1VNG.jpg"}, "homeCity": "New York, NY", "contact": {"facebook": "691282653", "twitter": "jonnyboyboi"}, "firstName": "Jonathan Justin", "tips": {"count": 0}, "gender": "male", "lastName": "Chng", "lists": {"groups": [{"count": 2, "type": "created", "items": []}]}, "bio": ""}, {"id": "13481186", "photo": {"prefix": "https://igx.4sqi.net/img/user/", "suffix": "/VYAZ01BKRSPYBD5Q.jpg"}, "homeCity": "Singapore", "contact": {"twitter": "fifistoner"}, "firstName": "Fifi", "tips": {"count": 0}, "gender": "female", "lastName": "Handayani", "lists": {"groups": [{"count": 2, "type": "created", "items": []}]}, "bio": ""}, {"id": "6297647", "photo": {"prefix": "https://igx.4sqi.net/img/user/", "suffix": "/WCFGD4CWH250DEEK.jpg"}, "homeCity": "Singapore", "contact": {"facebook": "10206024994698058", "twitter": "manfreko"}, "firstName": "Manfred Lim", "tips": {"count": 17}, "gender": "male", "lists": {"groups": [{"count": 3, "type": "created", "items": []}]}, "bio": ""}, {"id": "11719014", "photo": {"prefix": "https://igx.4sqi.net/img/user/", "suffix": "/UGD2SXMVZ1CJ4B3Y.jpg"}, "homeCity": "Singapore", "contact": {"facebook": "1579520340"}, "firstName": "Hikam", "tips": {"count": 0}, "gender": "male", "lastName": "Kang", "lists": {"groups": [{"count": 2, "type": "created", "items": []}]}, "bio": ""}, {"id": "9879206", "photo": {"prefix": "https://igx.4sqi.net/img/user/", "suffix": "/1P0MXEMUJOHE1XWC.jpg"}, "homeCity": "Singapore", "contact": {"twitter": "geeseekyu"}, "firstName": "Caiqin", "tips": {"count": 8}, "gender": "female", "lastName": "Goh", "lists": {"groups": [{"count": 2, "type": "created", "items": []}]}, "bio": ""}, {"id": "5645203", "photo": {"prefix": "https://igx.4sqi.net/img/user/", "suffix": "/-XGCWEUE3UDDUQR4Z.jpg"}, "homeCity": "Singapore", "contact": {"twitter": "enzoalec92"}, "firstName": "Alex", "tips": {"count": 0}, "gender": "male", "lastName": "Tan", "lists": {"groups": [{"count": 2, "type": "created", "items": []}]}, "bio": "Delinquent by design"}, {"id": "6300211", "photo": {"prefix": "https://igx.4sqi.net/img/user/", "suffix": "/JRQ5TENI1UWNJEMT.jpg"}, "homeCity": "Singapore", "contact": {"twitter": "theblackaffair"}, "firstName": "Bryan", "tips": {"count": 1}, "gender": "male", "lastName": "Chan Wei Jun", "lists": {"groups": [{"count": 2, "type": "created", "items": []}]}, "bio": ""}, {"id": "11772050", "photo": {"prefix": "https://igx.4sqi.net/img/user/", "suffix": "/II4OY0TJB3H2B2XT.jpg"}, "homeCity": "Unnamed Location", "contact": {"twitter": "doodleyfaith"}, "firstName": "Faith", "tips": {"count": 0}, "gender": "female", "lastName": "T", "lists": {"groups": [{"count": 2, "type": "created", "items": []}]}, "bio": ""}, {"id": "11503799", "photo": {"prefix": "https://igx.4sqi.net/img/user/", "suffix": "/YZRHZ4XT1T4AXG5W.jpg"}, "homeCity": "Singapore", "contact": {"facebook": "1195964284"}, "firstName": "KaiXiang", "tips": {"count": 0}, "gender": "male", "lists": {"groups": [{"count": 2, "type": "created", "items": []}]}, "bio": ""}, {"id": "5961682", "photo": {"prefix": "https://igx.4sqi.net/img/user/", "suffix": "/ENXJ1VY1BEEVYUBT.jpg"}, "homeCity": "Singapore", "contact": {"facebook": "532676567", "twitter": "helloweixuan"}, "firstName": "Wei Xuan", "tips": {"count": 0}, "gender": "female", "lastName": "Setoh", "lists": {"groups": [{"count": 2, "type": "created", "items": []}]}, "bio": ""}, {"id": "10019637", "photo": {"prefix": "https://igx.4sqi.net/img/user/", "suffix": "/15UC35Y1D5S3NQDS.jpg"}, "homeCity": "Singapore", "contact": {}, "firstName": "Alan", "tips": {"count": 0}, "gender": "male", "lastName": "Hosehboh", "lists": {"groups": [{"count": 2, "type": "created", "items": []}]}, "bio": ""}, {"id": "11896624", "photo": {"prefix": "https://igx.4sqi.net/img/user/", "suffix": "/M3IFOOZTDXUKZO41.jpg"}, "homeCity": "Singapore", "contact": {"facebook": "622618495"}, "firstName": "Xin", "tips": {"count": 0}, "gender": "female", "lastName": "Hui", "lists": {"groups": [{"count": 2, "type": "created", "items": []}]}, "bio": ""}, {"id": "16238424", "photo": {"prefix": "https://igx.4sqi.net/img/user/", "suffix": "/OHJUDHXP24TRYKMU.jpg"}, "homeCity": "Singapore", "contact": {"facebook": "607074078", "twitter": "ohitstpg"}, "firstName": "PengGuang", "tips": {"count": 1}, "gender": "male", "lists": {"groups": [{"count": 2, "type": "created", "items": []}]}, "bio": ""}, {"id": "6340859", "photo": {"prefix": "https://igx.4sqi.net/img/user/", "suffix": "/YISKKZ1LEBZH2PTT.jpg"}, "homeCity": "Singapore", "contact": {"twitter": "mhemaismyname"}, "firstName": "Estella", "tips": {"count": 1}, "gender": "female", "lastName": "M Hema", "lists": {"groups": [{"count": 2, "type": "created", "items": []}]}, "bio": ""}, {"id": "12344798", "photo": {"prefix": "https://igx.4sqi.net/img/user/", "suffix": "/DNS5TZVU1LUCVYNS.jpg"}, "homeCity": "Singapore", "contact": {}, "firstName": "Huaiyue", "tips": {"count": 4}, "gender": "female", "lastName": "GotCharacter", "lists": {"groups": [{"count": 2, "type": "created", "items": []}]}, "bio": ""}, {"id": "12514948", "photo": {"prefix": "https://igx.4sqi.net/img/user/", "suffix": "/EVCWUNKRVCKVF2RE.jpg"}, "homeCity": "Singapore", "contact": {"facebook": "637642908", "twitter": "eugeniaseow"}, "firstName": "Eugenia", "tips": {"count": 0}, "gender": "female", "lastName": "Seow", "lists": {"groups": [{"count": 2, "type": "created", "items": []}]}, "bio": ""}]}, "checksum": "5e39580fbe3f2e709898f657d99a5b4b8c0bb8fa"}}