{"notifications": [{"type": "notificationTray", "item": {"unreadCount": 0}}], "response": {"friends": {"items": [{"tips": {"count": 1}, "contact": {"twitter": "hlhector", "facebook": "10153209100113476"}, "firstName": "HL", "gender": "male", "lastName": "Ong", "id": "15957221", "bio": "Twitter / Instagram : @hlhector", "photo": {"prefix": "https://igx.4sqi.net/img/user/", "suffix": "/15957221-R02X0AQDWVRMCVDN.jpg"}, "homeCity": "Singapore", "lists": {"groups": [{"items": [], "count": 2, "type": "created"}]}}, {"tips": {"count": 0}, "contact": {"facebook": "100000186371308"}, "firstName": "Joey", "gender": "female", "lastName": "Janelle", "id": "59597760", "bio": "Twitter/ig: @pissmypawr\n\nSNAPCHAT: joeyjanel\n\nain't your average hoe", "photo": {"prefix": "https://igx.4sqi.net/img/user/", "suffix": "/59597760-F0VYK1OYHGN1OUY1.jpg"}, "homeCity": "Singapore", "lists": {"groups": [{"items": [], "count": 2, "type": "created"}]}}, {"tips": {"count": 0}, "contact": {"twitter": "ajlbq", "facebook": "711746901"}, "firstName": "Jasssssssss", "gender": "female", "id": "9433594", "bio": "", "photo": {"prefix": "https://igx.4sqi.net/img/user/", "suffix": "/9433594-YT1H3JO01QSS2HIP.jpg"}, "homeCity": "Singapore", "lists": {"groups": [{"items": [], "count": 2, "type": "created"}]}}, {"tips": {"count": 0}, "contact": {"twitter": "kittymeowsz", "facebook": "100007572676805"}, "firstName": "Xueling", "gender": "female", "lastName": "\u2744\ufe0f", "id": "40343915", "bio": "", "photo": {"prefix": "https://igx.4sqi.net/img/user/", "suffix": "/40343915_CYO219JD_GVkdQpXFdrAvvy1OBBbln1vGJtUn_kPWIQHoYj66oIDpLM0HytbneGJnhPAjkKa0.jpg"}, "homeCity": "Singapore", "lists": {"groups": [{"items": [], "count": 2, "type": "created"}]}}, {"tips": {"count": 0}, "contact": {"twitter": "jarell_52", "facebook": "1197948968"}, "firstName": "Jarell", "gender": "male", "lastName": "Tock", "id": "4465869", "bio": "", "photo": {"prefix": "https://igx.4sqi.net/img/user/", "suffix": "/4465869-DXBIJVT4KR2MMRUZ.jpg"}, "homeCity": "New York, NY", "lists": {"groups": [{"items": [], "count": 2, "type": "created"}]}}, {"tips": {"count": 1}, "contact": {"twitter": "lynnberbel", "facebook": "582248035"}, "firstName": "LynnBerbel", "gender": "female", "lastName": "Allison", "id": "6772729", "bio": "", "photo": {"prefix": "https://igx.4sqi.net/img/user/", "suffix": "/6772729-CWHYWGDZ0GMM15B2.jpg"}, "homeCity": "Singapore", "lists": {"groups": [{"items": [], "count": 3, "type": "created"}]}}, {"tips": {"count": 1}, "contact": {"twitter": "wenbinjace", "facebook": "1287970128"}, "firstName": "WenbinJace", "gender": "male", "lastName": "Constantine", "id": "36718346", "bio": "", "photo": {"prefix": "https://igx.4sqi.net/img/user/", "suffix": "/36718346-LUJHSS4KF0V344TP.jpg"}, "homeCity": "Singapore", "lists": {"groups": [{"items": [], "count": 2, "type": "created"}]}}, {"tips": {"count": 0}, "contact": {"twitter": "10inchpride", "facebook": "1622558496"}, "firstName": "Spancer", "gender": "male", "lastName": "Robotussin", "id": "25647970", "bio": "", "photo": {"prefix": "https://igx.4sqi.net/img/user/", "suffix": "/25647970-SAC5IQE2DEQOUFEU.jpg"}, "homeCity": "Singapore", "lists": {"groups": [{"items": [], "count": 2, "type": "created"}]}}, {"tips": {"count": 0}, "contact": {"twitter": "keithncy_"}, "firstName": "KeithNg", "gender": "male", "id": "18688279", "bio": "", "photo": {"prefix": "https://igx.4sqi.net/img/user/", "suffix": "/18688279-WE5PMF2EVABMPEBX.jpg"}, "homeCity": "Singapore", "lists": {"groups": [{"items": [], "count": 2, "type": "created"}]}}, {"tips": {"count": 1}, "contact": {"twitter": "bigjuicypen", "facebook": "1541499980"}, "firstName": "Ian", "gender": "male", "lastName": "Chan", "id": "5629540", "bio": "", "photo": {"prefix": "https://igx.4sqi.net/img/user/", "suffix": "/5629540-IFNYPGHEX44LQP10.jpg"}, "homeCity": "Singapore.Bedok", "lists": {"groups": [{"items": [], "count": 2, "type": "created"}]}}, {"tips": {"count": 0}, "contact": {"twitter": "wymbrian", "facebook": "10209194136983075"}, "firstName": "Brian", "gender": "male", "id": "30387502", "bio": "", "photo": {"prefix": "https://igx.4sqi.net/img/user/", "suffix": "/DGMCGHPRCHE2YWOO.jpg"}, "homeCity": "New York, NY", "lists": {"groups": [{"items": [], "count": 2, "type": "created"}]}}, {"tips": {"count": 0}, "contact": {"twitter": "shantelwonggg", "facebook": "100000025616874"}, "firstName": "Shantel", "gender": "female", "lastName": "Wong", "id": "70172215", "bio": "", "photo": {"prefix": "https://igx.4sqi.net/img/user/", "suffix": "/70172215-GMB3PPUWQYGZGU4Y.jpg"}, "homeCity": "Singapore, Singapore", "lists": {"groups": [{"items": [], "count": 2, "type": "created"}]}}, {"tips": {"count": 1}, "contact": {"twitter": "awsjz", "facebook": "10205168304159701"}, "firstName": "Angelina", "gender": "female", "lastName": "Wong", "id": "5440337", "bio": "", "photo": {"prefix": "https://igx.4sqi.net/img/user/", "suffix": "/5440337-5ZK5I5B3NGCQHLMU.jpg"}, "homeCity": "Singapore", "lists": {"groups": [{"items": [], "count": 2, "type": "created"}]}}, {"tips": {"count": 1}, "contact": {"twitter": "adriantnggg_", "facebook": "100001249562972"}, "firstName": "Adrian", "gender": "male", "lastName": "Tng", "id": "4533403", "bio": "", "photo": {"prefix": "https://igx.4sqi.net/img/user/", "suffix": "/4533403_8JX9A8RR_V-HYtjNSqAvczOeZiQKmsGUN-ZYHFHMcEvjUvXJppD9rn0j4LNe_LYs0IG9Ie4au.jpg"}, "homeCity": "Singapore", "lists": {"groups": [{"items": [], "count": 2, "type": "created"}]}}, {"tips": {"count": 1}, "contact": {"twitter": "myfatecriesout", "facebook": "1181910817"}, "firstName": "Jingyi", "gender": "female", "lastName": "Yan", "id": "4919745", "bio": "", "photo": {"prefix": "https://igx.4sqi.net/img/user/", "suffix": "/4919745_Jf32y5gm_qJFQsfP06IXvve0JOJ70cRU30XXKjBEP-bo3sL5D_tU1xFxhupjCKzEIGZZKLLkg.jpg"}, "homeCity": "Singapore", "lists": {"groups": [{"items": [], "count": 2, "type": "created"}]}}, {"tips": {"count": 0}, "contact": {"twitter": "seanng_", "facebook": "1118806599"}, "firstName": "Sean", "gender": "male", "lastName": "Ng", "id": "47810575", "bio": "", "photo": {"prefix": "https://igx.4sqi.net/img/user/", "suffix": "/47810575_EqBy602U_Lb8IXX-Tk-08Icgy5-twVLSCY86dVkf8C-9EZV_aSwTojpfEDXrN3l-Ea11f9WDI.jpg"}, "homeCity": "Singapore, Singapore", "lists": {"groups": [{"items": [], "count": 2, "type": "created"}]}}, {"tips": {"count": 0}, "contact": {"twitter": "ahgirl_", "facebook": "100001968249112"}, "firstName": "Cindyyyyyyy", "gender": "female", "id": "63125183", "bio": "", "photo": {"prefix": "https://igx.4sqi.net/img/user/", "suffix": "/63125183_lnUmW0qL_RUlVg5rVYy0DVwWFZ6dRITXNHA4e1zwAEISgHD_f6g9GKJB3AGQtjLabN-EnN9_0.jpg"}, "homeCity": "Singapore, 00", "lists": {"groups": [{"items": [], "count": 2, "type": "created"}]}}, {"tips": {"count": 0}, "contact": {"twitter": "dariuschong", "facebook": "100002092341270"}, "firstName": "Darius", "gender": "male", "lastName": "Chong", "id": "4617751", "bio": "i've learned to live half alive", "photo": {"prefix": "https://igx.4sqi.net/img/user/", "suffix": "/4617751-WJCWWOOHNUB3IUZP.jpg"}, "homeCity": "Singapore", "lists": {"groups": [{"items": [], "count": 2, "type": "created"}]}}, {"tips": {"count": 0}, "contact": {"twitter": "inkedskullsx"}, "firstName": "Amanda; \u273e", "gender": "female", "id": "73499851", "bio": "\u2728\ud83c\udf38 176cm // iTweet @inkedskullsx", "photo": {"prefix": "https://igx.4sqi.net/img/user/", "suffix": "/73499851-HSCIQWYG2GGZCIEF.jpg"}, "homeCity": "Singapore", "lists": {"groups": [{"items": [], "count": 2, "type": "created"}]}}, {"tips": {"count": 0}, "contact": {"facebook": "702684651"}, "firstName": "Withustrong", "gender": "male", "lastName": "Tan", "id": "79258829", "bio": "", "photo": {"prefix": "https://igx.4sqi.net/img/user/", "suffix": "/79258829-GAFNEBATZRTXCIKF.jpg"}, "homeCity": "Singapore", "lists": {"groups": [{"items": [], "count": 3, "type": "created"}]}}, {"tips": {"count": 8}, "contact": {"twitter": "nyixian", "facebook": "100003623291662"}, "firstName": "KylerNyixian", "gender": "male", "id": "4220709", "bio": "", "photo": {"prefix": "https://igx.4sqi.net/img/user/", "suffix": "/RALP0GEKDRU2UXNP.jpg"}, "homeCity": "Singapore", "lists": {"groups": [{"items": [], "count": 2, "type": "created"}]}}, {"tips": {"count": 2}, "contact": {"twitter": "adamdumbo", "facebook": "551785733"}, "firstName": "Adam", "gender": "male", "lastName": "Soong", "id": "3098368", "bio": "", "photo": {"prefix": "https://igx.4sqi.net/img/user/", "suffix": "/SJWH5SQAQTTXLJYH.jpg"}, "homeCity": "Singapore", "lists": {"groups": [{"items": [], "count": 2, "type": "created"}]}}, {"tips": {"count": 0}, "contact": {"twitter": "ximintee", "facebook": "100002305909754"}, "firstName": "Ximin", "gender": "female", "lastName": "Tee", "id": "4442643", "bio": "Twitter/Instagram: Min_szx \u263a\ufe0f\ud83d\ude4b", "photo": {"prefix": "https://igx.4sqi.net/img/user/", "suffix": "/4442643-4OZ05KQGUGZXRZSK.jpg"}, "homeCity": "Singapore", "lists": {"groups": [{"items": [], "count": 2, "type": "created"}]}}, {"tips": {"count": 0}, "contact": {"twitter": "fxckattachments", "facebook": "1171500682"}, "firstName": "\u5091", "gender": "male", "id": "32392472", "bio": "", "photo": {"prefix": "https://igx.4sqi.net/img/user/", "suffix": "/32392472-0IAXE4WXJFLM3WYS.jpg"}, "homeCity": "Singapore", "lists": {"groups": [{"items": [], "count": 2, "type": "created"}]}}, {"tips": {"count": 0}, "contact": {"twitter": "cigarkissesx_", "facebook": "100003161488669"}, "firstName": "Vinny", "gender": "female", "id": "27718071", "bio": "-", "photo": {"prefix": "https://igx.4sqi.net/img/user/", "suffix": "/27718071_b-rMia9X_iemsZ8v1FX-hp9i6mkeJvTq2yTLKn6ur7EVl1bgReyaYyB80xBk3pmVn9Dt9mSW5.jpg"}, "homeCity": "singapore", "lists": {"groups": [{"items": [], "count": 2, "type": "created"}]}}, {"tips": {"count": 0}, "contact": {"twitter": "huil_t", "facebook": "945029095519657"}, "firstName": "huiling", "gender": "female", "id": "41747152", "bio": "", "photo": {"prefix": "https://igx.4sqi.net/img/user/", "suffix": "/41747152-ADOFUC0HG4H3MG15.jpg"}, "homeCity": "Singapore", "lists": {"groups": [{"items": [], "count": 2, "type": "created"}]}}, {"tips": {"count": 0}, "contact": {"twitter": "wangweijian", "facebook": "1323868145"}, "firstName": "Wang", "gender": "male", "lastName": "WeiJian", "id": "67690285", "bio": "", "photo": {"prefix": "https://igx.4sqi.net/img/user/", "suffix": "/67690285_tAHBR1jN_maqjRE0hQZPerdo4wkSJ_uyfXoOBpqscFGtEaTCI9QDq7FaYyoIh5T-9IUqaHiXO.jpg"}, "homeCity": "Singapore", "lists": {"groups": [{"items": [], "count": 2, "type": "created"}]}}, {"tips": {"count": 0}, "contact": {"twitter": "triciacxt", "facebook": "100005022013158"}, "firstName": "tricia cxt \ud83c\udf08", "gender": "female", "id": "57831129", "bio": "\ud83c\udf08\ntwitter @triciacxt", "photo": {"prefix": "https://igx.4sqi.net/img/user/", "suffix": "/57831129_dgK3xTkR_Vu1bA_IBQyGvA8qz6L8WmI7P2Q8OpQ7G73QESbUnP_B4cy78VGjXeWmGta9Ys-0F.jpg"}, "homeCity": "Singapore", "lists": {"groups": [{"items": [], "count": 2, "type": "created"}]}}, {"tips": {"count": 0}, "contact": {"twitter": "syncthebeat", "facebook": "1103682199"}, "firstName": "Lydon", "gender": "male", "lastName": "Soh", "id": "45672947", "bio": "", "photo": {"prefix": "https://igx.4sqi.net/img/user/", "suffix": "/YLMWY2KYVFEMGBKD.jpg"}, "homeCity": "New York, NY", "lists": {"groups": [{"items": [], "count": 2, "type": "created"}]}}, {"tips": {"count": 2}, "contact": {"twitter": "veryatasgirl"}, "firstName": "erinnawyx", "gender": "female", "id": "6187395", "bio": "", "photo": {"prefix": "https://igx.4sqi.net/img/user/", "suffix": "/6187395-FIK5TOBVV2ZMUO10.jpg"}, "homeCity": "Singapore", "lists": {"groups": [{"items": [], "count": 2, "type": "created"}]}}, {"tips": {"count": 0}, "contact": {"twitter": "ya0yya0", "facebook": "100000482006182"}, "firstName": "Ahhyao", "gender": "male", "id": "50028967", "bio": "", "photo": {"prefix": "https://igx.4sqi.net/img/user/", "suffix": "/50028967-Y15KEZZCZC2WXBYS.jpg"}, "homeCity": "Singapore", "lists": {"groups": [{"items": [], "count": 2, "type": "created"}]}}, {"tips": {"count": 0}, "contact": {"facebook": "100001605720525"}, "firstName": "Maryn", "gender": "female", "lastName": "Lee", "id": "37848343", "bio": "", "photo": {"prefix": "https://igx.4sqi.net/img/user/", "suffix": "/37848343-SPHKRAQPF53OIHIY.jpg"}, "homeCity": "New York, NY", "lists": {"groups": [{"items": [], "count": 2, "type": "created"}]}}, {"tips": {"count": 0}, "contact": {"twitter": "jtjzzzz", "facebook": "100003641670986"}, "firstName": "Johnathan", "gender": "male", "lastName": "Tan", "id": "26806625", "bio": "", "photo": {"prefix": "https://igx.4sqi.net/img/user/", "suffix": "/26806625_HPw0MXNU_ZmCBawsQvOKfRVwsOJ7vPIkBHHs8N0fNazPDMHkd4bdECJI4UaCI1RLYov9PwZqf.jpg"}, "homeCity": "Singapore, Lor Ah Soo", "lists": {"groups": [{"items": [], "count": 2, "type": "created"}]}}, {"tips": {"count": 2}, "contact": {"twitter": "adhesiveferox", "facebook": "100000025689113"}, "firstName": "Andrew", "gender": "male", "lastName": "Thia", "id": "18772821", "bio": "", "photo": {"prefix": "https://igx.4sqi.net/img/user/", "suffix": "/18772821_fLIw2Hns_PW-If4RKr7rMrjNHU3WgXTJe9Q9y_G5lxmfMgoIPj1TxAXHC34IG87ZXd-GT8ylr.jpg"}, "homeCity": "Singapore", "lists": {"groups": [{"items": [], "count": 2, "type": "created"}]}}, {"tips": {"count": 0}, "contact": {"twitter": "garywoolaalaa", "facebook": "10206438609594686"}, "firstName": "Gary", "gender": "male", "lastName": "Lee", "id": "8002874", "bio": "", "photo": {"prefix": "https://igx.4sqi.net/img/user/", "suffix": "/8002874-MTC03L1NRGW5BLJW.jpg"}, "homeCity": "Singapore", "lists": {"groups": [{"items": [], "count": 2, "type": "created"}]}}, {"tips": {"count": 0}, "contact": {"twitter": "lustsexdope", "facebook": "100001597186441"}, "firstName": "SengYeow", "gender": "male", "lastName": "Vous Aimez", "id": "68072182", "bio": "", "photo": {"prefix": "https://igx.4sqi.net/img/user/", "suffix": "/68072182-LVWWOYFMRI3TYSCK.jpg"}, "homeCity": "Singapore", "lists": {"groups": [{"items": [], "count": 2, "type": "created"}]}}, {"tips": {"count": 0}, "contact": {"twitter": "gwladics"}, "firstName": "Teo", "gender": "female", "lastName": "Gladys", "id": "94887118", "bio": "", "photo": {"prefix": "https://igx.4sqi.net/img/user/", "suffix": "/94887118-0UKKVBHU5ML5L1GN.jpg"}, "homeCity": "Singapore", "lists": {"groups": [{"items": [], "count": 2, "type": "created"}]}}, {"tips": {"count": 0}, "contact": {"twitter": "belvinwks", "facebook": "100000001316737"}, "firstName": "BELVINN.", "gender": "male", "id": "6029338", "bio": "Hey", "photo": {"prefix": "https://igx.4sqi.net/img/user/", "suffix": "/6029338_tn8mGdzV_nmLtL-TrFQEmCEcBpZk4xn5LMRxW5Eznxr56-ijo1IVIhw1lYtPjhzXQWrXBesrT.jpg"}, "homeCity": "Singapore", "lists": {"groups": [{"items": [], "count": 2, "type": "created"}]}}, {"tips": {"count": 0}, "contact": {"facebook": "649662560"}, "firstName": "Justin", "gender": "male", "lastName": "Poh", "id": "8969205", "bio": "", "photo": {"prefix": "https://igx.4sqi.net/img/user/", "suffix": "/8969205-Q01ZRUWJC2PVPHJO.jpg"}, "homeCity": "Singapore", "lists": {"groups": [{"items": [], "count": 2, "type": "created"}]}}, {"tips": {"count": 0}, "contact": {"twitter": "3lasswhy", "facebook": "198023953889787"}, "firstName": "Sheng Yang", "gender": "male", "lastName": "Derrick", "id": "5183290", "bio": "", "photo": {"prefix": "https://igx.4sqi.net/img/user/", "suffix": "/5183290-MDR4GF30HLSDY0EG.jpg"}, "homeCity": "Singapore", "lists": {"groups": [{"items": [], "count": 2, "type": "created"}]}}, {"tips": {"count": 0}, "contact": {"twitter": "russellcsy_", "facebook": "645244352"}, "firstName": "Russell", "gender": "male", "lastName": "Nehnehpok", "id": "47999682", "bio": "Twitter & Ig @russellcsy_\nSnapchat @russellcsy", "photo": {"prefix": "https://igx.4sqi.net/img/user/", "suffix": "/47999682-Y0KZK0XCWKDQYHPQ.jpg"}, "homeCity": "Singapore", "lists": {"groups": [{"items": [], "count": 2, "type": "created"}]}}, {"tips": {"count": 0}, "contact": {"twitter": "renieluvsyou", "facebook": "10203539834833229"}, "firstName": "Renie", "gender": "female", "lastName": "ChuaKL", "id": "63495507", "bio": "-", "photo": {"prefix": "https://igx.4sqi.net/img/user/", "suffix": "/63495507-5BZ03SFQHWMKQETT.jpg"}, "homeCity": "Singapore", "lists": {"groups": [{"items": [], "count": 2, "type": "created"}]}}, {"tips": {"count": 0}, "contact": {"twitter": "pockystixs", "facebook": "4959544723168"}, "firstName": "Huisinn", "gender": "female", "lastName": "Sim", "id": "24934278", "bio": "", "photo": {"prefix": "https://igx.4sqi.net/img/user/", "suffix": "/RUZHIVN5MS4DKXOF.jpg"}, "homeCity": "Singapore", "lists": {"groups": [{"items": [], "count": 2, "type": "created"}]}}, {"tips": {"count": 0}, "contact": {"twitter": "weitongx", "facebook": "100004794614554"}, "firstName": "weitong \ud83c\udf39", "gender": "female", "id": "73707032", "bio": "Instagram / twitter / snapchat : @weitongx", "photo": {"prefix": "https://igx.4sqi.net/img/user/", "suffix": "/73707032-R5HJLTKLTTIEUFQZ.jpg"}, "homeCity": "Singapore", "lists": {"groups": [{"items": [], "count": 2, "type": "created"}]}}, {"tips": {"count": 1}, "contact": {"twitter": "cherrystained", "facebook": "1369795658"}, "firstName": "Coey", "gender": "female", "lastName": "\ud83d\udd4a", "id": "14953900", "bio": "", "photo": {"prefix": "https://igx.4sqi.net/img/user/", "suffix": "/14953900-HFGEHX0DM5QBRKO5.jpg"}, "homeCity": "Singapore", "lists": {"groups": [{"items": [], "count": 2, "type": "created"}]}}, {"tips": {"count": 0}, "contact": {"twitter": "lvinoh", "facebook": "805449919"}, "firstName": "Alvin", "gender": "male", "lastName": "oh", "id": "3559629", "bio": "Tweet me @lvinoh\r\nFind me @lvinoh on instagram", "photo": {"prefix": "https://igx.4sqi.net/img/user/", "suffix": "/3559629-BUO0FBO120VMLX5W.jpg"}, "homeCity": "Singapore", "lists": {"groups": [{"items": [], "count": 2, "type": "created"}]}}, {"tips": {"count": 1}, "contact": {}, "firstName": "Tls-", "gender": "male", "lastName": "Ivan", "id": "6381071", "bio": "", "photo": {"prefix": "https://igx.4sqi.net/img/user/", "suffix": "/6381071-NCZIPH2MSFXIPATI.jpg"}, "homeCity": "Singapore", "lists": {"groups": [{"items": [], "count": 2, "type": "created"}]}}, {"tips": {"count": 0}, "contact": {"twitter": "jordankjf", "facebook": "100001061147536"}, "firstName": "Jordan", "gender": "male", "id": "33001113", "bio": "", "photo": {"prefix": "https://igx.4sqi.net/img/user/", "suffix": "/33001113_GPfjdHlA_0XDHPFFqwdbvW_45glHerNfaAfWuH2Lzl-nxtJWm6nlf0rlBhsAS08nMkZgn3qpb.jpg"}, "homeCity": "New York, NY", "lists": {"groups": [{"items": [], "count": 2, "type": "created"}]}}, {"tips": {"count": 0}, "contact": {"twitter": "donovanlyz", "facebook": "10209943025347274"}, "firstName": "Donovan", "gender": "male", "lastName": "LYZ \ud83d\udc2e", "id": "45322639", "bio": "Your ordinary neighborhood kid.", "photo": {"prefix": "https://igx.4sqi.net/img/user/", "suffix": "/45322639-W1AMCYXDMS5UBUCQ.jpg"}, "homeCity": "Singapore", "lists": {"groups": [{"items": [], "count": 4, "type": "created"}]}}, {"tips": {"count": 0}, "contact": {"twitter": "xelalexg_"}, "firstName": "Alex", "gender": "none", "lastName": "Alex", "id": "121130763", "bio": "", "photo": {"prefix": "https://igx.4sqi.net/img/user/", "suffix": "/121130763_yfQ5x-O5_ZIZawF0qAxbmV6n31idNFh_N60mgT2oTLSSxW21SQMhFc24Co2pgZJMgctZSEbLm.jpg"}, "homeCity": "Singapore", "lists": {"groups": [{"items": [], "count": 2, "type": "created"}]}}, {"tips": {"count": 0}, "contact": {"twitter": "felicialimmmm", "facebook": "1074407475"}, "firstName": "Felicia", "gender": "female", "lastName": "Lim", "id": "68566927", "bio": "Better to be strong than pretty and useless.", "photo": {"prefix": "https://igx.4sqi.net/img/user/", "suffix": "/68566927-AGL5OFJ0PSGC1MSP.jpg"}, "homeCity": "Singapore", "lists": {"groups": [{"items": [], "count": 2, "type": "created"}]}}, {"tips": {"count": 0}, "contact": {"twitter": "standbyarea", "facebook": "746447763"}, "firstName": "Derrick", "gender": "male", "lastName": "Tng", "id": "69862404", "bio": "", "photo": {"prefix": "https://igx.4sqi.net/img/user/", "suffix": "/69862404-4OSPOOP2GFJTXTCF.jpg"}, "homeCity": "Singapore", "lists": {"groups": [{"items": [], "count": 2, "type": "created"}]}}, {"tips": {"count": 3}, "contact": {"twitter": "cherylyeow", "facebook": "1046752714"}, "firstName": "Cheryl", "gender": "female", "lastName": "Yeow", "id": "6922268", "bio": "Ig: @cherylyeow", "photo": {"prefix": "https://igx.4sqi.net/img/user/", "suffix": "/6922268-CAQKGWWIRK4RPDXT.jpg"}, "homeCity": "Singapore", "lists": {"groups": [{"items": [], "count": 2, "type": "created"}]}}, {"tips": {"count": 0}, "contact": {"twitter": "callmethesweet", "facebook": "100001178740176"}, "firstName": "Calysta", "gender": "female", "id": "57070138", "bio": "", "photo": {"prefix": "https://igx.4sqi.net/img/user/", "suffix": "/57070138_uEKa-Z8a_w-ehJxzf-gIDQdWI9NW1d8JzlmHRyQd4ba9UDxzBf7gdmVmbTPvf0BBrCHCCALTm.jpg"}, "homeCity": "Singapore", "lists": {"groups": [{"items": [], "count": 2, "type": "created"}]}}, {"tips": {"count": 0}, "contact": {"facebook": "100003843673634"}, "firstName": "Wei", "gender": "male", "lastName": "Jie", "id": "70722821", "bio": "", "photo": {"prefix": "https://igx.4sqi.net/img/user/", "suffix": "/70722821-NJORZ35QTMPNCXSD.jpg"}, "homeCity": "Singapore", "lists": {"groups": [{"items": [], "count": 2, "type": "created"}]}}, {"tips": {"count": 0}, "contact": {"twitter": "cqianjin", "facebook": "1836889536"}, "firstName": "Chan", "gender": "female", "lastName": "Qian Jin", "id": "26879699", "bio": "twitter/instagram | @CQIANJIN", "photo": {"prefix": "https://igx.4sqi.net/img/user/", "suffix": "/26879699-RPABJ1NG05CDAHXX.jpg"}, "homeCity": "Singapore", "lists": {"groups": [{"items": [], "count": 2, "type": "created"}]}}, {"tips": {"count": 1}, "contact": {"twitter": "limshenglon", "facebook": "521013779"}, "firstName": "ShengLon", "gender": "male", "lastName": "Lim", "id": "13742088", "bio": "", "photo": {"prefix": "https://igx.4sqi.net/img/user/", "suffix": "/KJXYWBPIMMHMSLXK.jpg"}, "homeCity": "Singapore", "lists": {"groups": [{"items": [], "count": 2, "type": "created"}]}}, {"tips": {"count": 0}, "contact": {"twitter": "jojojooey", "facebook": "905277792886221"}, "firstName": "Joey", "gender": "female", "lastName": "Wong", "id": "69179910", "bio": "", "photo": {"prefix": "https://igx.4sqi.net/img/user/", "suffix": "/69179910-B4RZNJQCDXW2HBEE.jpg"}, "homeCity": "Singapore", "lists": {"groups": [{"items": [], "count": 2, "type": "created"}]}}, {"tips": {"count": 0}, "contact": {"twitter": "xia0d3", "facebook": "1053637138030832"}, "firstName": "Calvert", "gender": "male", "lastName": "Tan", "id": "124595778", "bio": "", "photo": {"prefix": "https://igx.4sqi.net/img/user/", "suffix": "/124595778-C3AJ4JRS2YM1C245.jpg"}, "homeCity": "Singapore", "lists": {"groups": [{"items": [], "count": 2, "type": "created"}]}}, {"tips": {"count": 0}, "contact": {"twitter": "nivlacauhc", "facebook": "100000514987361"}, "firstName": "Calvin", "gender": "male", "lastName": "Chua", "id": "6080736", "bio": "", "photo": {"prefix": "https://igx.4sqi.net/img/user/", "suffix": "/6080736-PVN3PPS5AV4V005B.jpg"}, "homeCity": "Singapore", "lists": {"groups": [{"items": [], "count": 2, "type": "created"}]}}, {"tips": {"count": 0}, "contact": {"twitter": "mellxt", "facebook": "100002401705959"}, "firstName": "Melissa Tan \ud83e\udd84", "gender": "female", "id": "29832636", "bio": "\u2601 itweet: @melissatsx \u2601", "photo": {"prefix": "https://igx.4sqi.net/img/user/", "suffix": "/29832636_E2AVKqy3_E17_tRE_5QBcXdKSK-AvIjZJyi0eiVVU4OZBItHxELje5689VV5OZQ5Ncr00pxeB.jpg"}, "homeCity": "Toa Payoh & Hougang", "lists": {"groups": [{"items": [], "count": 2, "type": "created"}]}}, {"tips": {"count": 4}, "contact": {"twitter": "claymoan", "facebook": "1630677385"}, "firstName": "Clement", "gender": "male", "lastName": "Chong", "id": "46900902", "bio": "Bribe me with purple", "photo": {"prefix": "https://igx.4sqi.net/img/user/", "suffix": "/46900902-LASM04LDE225MF30.jpg"}, "homeCity": "California", "lists": {"groups": [{"items": [], "count": 2, "type": "created"}]}}, {"tips": {"count": 0}, "contact": {"twitter": "sinistervoices", "facebook": "100004042248402"}, "firstName": "Bester", "gender": "male", "lastName": "Chng", "id": "48310901", "bio": "", "photo": {"prefix": "https://igx.4sqi.net/img/user/", "suffix": "/48310901-EEA1B0EU2WCWA42J.jpg"}, "homeCity": "New York, NY", "lists": {"groups": [{"items": [], "count": 2, "type": "created"}]}}, {"tips": {"count": 0}, "contact": {"twitter": "isaac_ang"}, "firstName": "Isaac", "gender": "male", "lastName": "Ang", "id": "120043583", "bio": "", "photo": {"prefix": "https://igx.4sqi.net/img/user/", "suffix": "/120043583-WWEFXOSPPMIFX2Q2.jpg"}, "homeCity": "", "lists": {"groups": [{"items": [], "count": 2, "type": "created"}]}}, {"tips": {"count": 0}, "contact": {"twitter": "wheresmybutler_", "facebook": "591036841039967"}, "firstName": "Junsheng", "gender": "male", "lastName": "J'whatyoushouldcallme", "id": "50484268", "bio": "", "photo": {"prefix": "https://igx.4sqi.net/img/user/", "suffix": "/50484268-3TV2WHTS4ODDEW4D.jpg"}, "homeCity": "Singapore", "lists": {"groups": [{"items": [], "count": 2, "type": "created"}]}}, {"tips": {"count": 0}, "contact": {"twitter": "weiweegoh", "facebook": "694413443"}, "firstName": "Weewee", "gender": "female", "lastName": "Goh", "id": "56435460", "bio": "", "photo": {"prefix": "https://igx.4sqi.net/img/user/", "suffix": "/UUTKCDZY15UTDXXT.jpg"}, "homeCity": "Singapore, Singapore", "lists": {"groups": [{"items": [], "count": 2, "type": "created"}]}}, {"tips": {"count": 0}, "contact": {"twitter": "garylahsial", "facebook": "100001809717352"}, "firstName": "Gary", "gender": "male", "lastName": "lim", "id": "8674540", "bio": "", "photo": {"prefix": "https://igx.4sqi.net/img/user/", "suffix": "/8674540-0S5XWU2ONX1HQABP.jpg"}, "homeCity": "Singapore", "lists": {"groups": [{"items": [], "count": 2, "type": "created"}]}}, {"tips": {"count": 0}, "contact": {"twitter": "jisongmkk", "facebook": "1036033838"}, "firstName": "Lee Ji Song", "gender": "male", "id": "7870191", "bio": "", "photo": {"prefix": "https://igx.4sqi.net/img/user/", "suffix": "/7870191-XWVGQ4XW2QPFLZSK.jpg"}, "homeCity": "Singapore", "lists": {"groups": [{"items": [], "count": 2, "type": "created"}]}}, {"tips": {"count": 0}, "contact": {"facebook": "100002482666662"}, "firstName": "Nic\u00f4", "gender": "male", "lastName": "Hathawa\u00ff", "id": "34050915", "bio": "", "photo": {"prefix": "https://igx.4sqi.net/img/user/", "suffix": "/ORFLNIWBN03XPIU3.jpg"}, "homeCity": "New York, NY", "lists": {"groups": [{"items": [], "count": 2, "type": "created"}]}}, {"tips": {"count": 0}, "contact": {"twitter": "gabrieielg", "facebook": "100002297285356"}, "firstName": "Gabriel", "gender": "male", "id": "61246244", "bio": "", "photo": {"prefix": "https://igx.4sqi.net/img/user/", "suffix": "/61246244-ZW4TQKX42ZBDA14Q.jpg"}, "homeCity": "Singapore", "lists": {"groups": [{"items": [], "count": 2, "type": "created"}]}}, {"tips": {"count": 1}, "contact": {"twitter": "lormeeapple"}, "firstName": "Lormee", "gender": "female", "lastName": "Loves", "id": "6976313", "bio": "", "photo": {"prefix": "https://igx.4sqi.net/img/user/", "suffix": "/6976313-MQA1RGPEEQRI2APU.jpg"}, "homeCity": "Singapore", "lists": {"groups": [{"items": [], "count": 2, "type": "created"}]}}, {"tips": {"count": 0}, "contact": {"twitter": "awesomejeron", "facebook": "1672580117"}, "firstName": "Jeron", "gender": "male", "lastName": "Liew", "id": "99324801", "bio": "", "photo": {"prefix": "https://igx.4sqi.net/img/user/", "suffix": "/99324801-SFEUTNCVW1FBX5FP.jpg"}, "homeCity": "Jurong West, Singapore", "lists": {"groups": [{"items": [], "count": 2, "type": "created"}]}}, {"tips": {"count": 2}, "contact": {"twitter": "natalielimmy", "facebook": "10206664970811587"}, "firstName": "natalie", "gender": "female", "lastName": "lim", "id": "71634989", "bio": "", "photo": {"prefix": "https://igx.4sqi.net/img/user/", "suffix": "/71634989-SJKM3STQEUG030PQ.jpg"}, "homeCity": "Singapore", "lists": {"groups": [{"items": [], "count": 2, "type": "created"}]}}, {"tips": {"count": 0}, "contact": {"twitter": "qtxhui", "facebook": "1781907411"}, "firstName": "\u6167", "gender": "female", "id": "68045194", "bio": "Instagram/Twitter: qtxhui", "photo": {"prefix": "https://igx.4sqi.net/img/user/", "suffix": "/68045194_PQc7QxKX_aGmQIKMu8kPCI1OqeXiz4iXMnoPiqgu6NZvBVMAJ5_GrNnpKsC_esSNfxij63rYN.jpg"}, "homeCity": "Singapore", "lists": {"groups": [{"items": [], "count": 2, "type": "created"}]}}, {"tips": {"count": 0}, "contact": {"twitter": "weilinggggs", "facebook": "1631089876"}, "firstName": "Weiling", "gender": "female", "lastName": "Tan", "id": "19374133", "bio": "", "photo": {"prefix": "https://igx.4sqi.net/img/user/", "suffix": "/19374133-2M0OJEMCLP3FARYH.jpg"}, "homeCity": "Singapore", "lists": {"groups": [{"items": [], "count": 2, "type": "created"}]}}, {"tips": {"count": 0}, "contact": {"twitter": "skinnyacidd"}, "firstName": "Desmund", "gender": "male", "lastName": "Loh", "id": "137545802", "bio": "", "photo": {"prefix": "https://igx.4sqi.net/img/user/", "suffix": "/137545802-SUAHN35LBSX4M5SZ.jpg"}, "homeCity": "Singapore, 00", "lists": {"groups": [{"items": [], "count": 2, "type": "created"}]}}, {"tips": {"count": 1}, "contact": {"twitter": "lynnvannabelle", "facebook": "852853744810041"}, "firstName": "Lynn", "gender": "female", "lastName": "Vannabelle", "id": "35082412", "bio": "", "photo": {"prefix": "https://igx.4sqi.net/img/user/", "suffix": "/35082412-G1WBDG1DWAVXR4WN.jpg"}, "homeCity": "Singapore", "lists": {"groups": [{"items": [], "count": 2, "type": "created"}]}}, {"tips": {"count": 0}, "contact": {"twitter": "ivanltz", "facebook": "786149010"}, "firstName": "Ivan", "gender": "male", "lastName": "Lim", "id": "42962788", "bio": "", "photo": {"prefix": "https://igx.4sqi.net/img/user/", "suffix": "/42962788-GDJCBTXX43YGT0AB.jpg"}, "homeCity": "New York, NY", "lists": {"groups": [{"items": [], "count": 2, "type": "created"}]}}, {"tips": {"count": 0}, "contact": {"facebook": "100000313012330"}, "firstName": "Yong", "gender": "male", "lastName": "Herh", "id": "82487979", "bio": "", "photo": {"prefix": "https://igx.4sqi.net/img/user/", "suffix": "/82487979-ZJO40ITR5I2541IZ.jpg"}, "homeCity": "Singapore, Singapore", "lists": {"groups": [{"items": [], "count": 2, "type": "created"}]}}, {"tips": {"count": 0}, "contact": {"twitter": "ernestttan_", "facebook": "10205407193972142"}, "firstName": "Ernest", "gender": "male", "lastName": "Tan", "id": "48765290", "bio": "Snapchat: Ernestttan\ntwitter/IG: Ernestttan_", "photo": {"prefix": "https://igx.4sqi.net/img/user/", "suffix": "/48765290_wJOGIKP5_JfY6DtDoLKX5BYkItTXBBTk_if5r6lWNfEkcZ-PNpslwFfiBEA-m90ARpd7ZuEie.jpg"}, "homeCity": "Singapore", "lists": {"groups": [{"items": [], "count": 2, "type": "created"}]}}, {"tips": {"count": 0}, "contact": {"twitter": "2lifes1me", "facebook": "100008029845640"}, "firstName": "Ah", "gender": "male", "lastName": "Wen", "id": "122113906", "bio": "", "photo": {"prefix": "https://igx.4sqi.net/img/user/", "suffix": "/122113906-GRA5LLXDVIYCXTSY.jpg"}, "homeCity": "Singapore", "lists": {"groups": [{"items": [], "count": 2, "type": "created"}]}}, {"tips": {"count": 0}, "contact": {"twitter": "damienlzh", "facebook": "775858655833787"}, "firstName": "Damien", "gender": "male", "lastName": "Loo", "id": "64101151", "bio": "", "photo": {"prefix": "https://igx.4sqi.net/img/user/", "suffix": "/64101151-VR5PUMM2XOMSTVQU.jpg"}, "homeCity": "Singapore", "lists": {"groups": [{"items": [], "count": 2, "type": "created"}]}}, {"tips": {"count": 0}, "contact": {"twitter": "peklinggz"}, "firstName": "pl.", "gender": "female", "id": "86685488", "bio": "Not interested", "photo": {"prefix": "https://igx.4sqi.net/img/user/", "suffix": "/86685488-3SDXBOF0F2OUFU2N.jpg"}, "homeCity": "Singapore", "lists": {"groups": [{"items": [], "count": 2, "type": "created"}]}}, {"tips": {"count": 0}, "contact": {"twitter": "fpkl_", "facebook": "1594268270"}, "firstName": "Fiona", "gender": "female", "lastName": "Peh", "id": "13217365", "bio": "", "photo": {"prefix": "https://igx.4sqi.net/img/user/", "suffix": "/WMVKPL0POJ1MX5IY.jpg"}, "homeCity": "Singapore", "lists": {"groups": [{"items": [], "count": 2, "type": "created"}]}}, {"tips": {"count": 0}, "contact": {"twitter": "ah_rui3", "facebook": "576363509"}, "firstName": "Zhen", "gender": "male", "lastName": "Rui", "id": "22762813", "bio": "", "photo": {"prefix": "https://igx.4sqi.net/img/user/", "suffix": "/22762813-Q1WVCJ4BT5EF3NK2.jpg"}, "homeCity": "Singapore ", "lists": {"groups": [{"items": [], "count": 2, "type": "created"}]}}, {"tips": {"count": 0}, "contact": {"twitter": "jayenlaah", "facebook": "1559719284"}, "firstName": "Jayen", "gender": "male", "lastName": "Laah", "id": "89275867", "bio": "", "photo": {"prefix": "https://igx.4sqi.net/img/user/", "suffix": "/89275867-KWGOSH2UJNIWLSYY.jpg"}, "homeCity": "Singapore", "lists": {"groups": [{"items": [], "count": 2, "type": "created"}]}}, {"tips": {"count": 0}, "contact": {"twitter": "mistersiaw", "facebook": "100000057116244"}, "firstName": "Aloysius", "gender": "male", "lastName": "Siaw", "id": "71148618", "bio": "", "photo": {"prefix": "https://igx.4sqi.net/img/user/", "suffix": "/71148618_wmz8rzV-_dyXVNTXeXHEwDbfO2gxgCB1KVvX6lUdlbls9qP9tkQ6uBR9FaMBqwN1-Lo7Gvozw.jpg"}, "homeCity": "Singapore, Singapore", "lists": {"groups": [{"items": [], "count": 2, "type": "created"}]}}, {"tips": {"count": 1}, "contact": {"twitter": "whorepixie", "facebook": "10206636857154083"}, "firstName": "Freda", "gender": "female", "lastName": "Isabel \u2661", "id": "8109554", "bio": "Follow me @Whorepixie", "photo": {"prefix": "https://igx.4sqi.net/img/user/", "suffix": "/8109554_KDWMskG6_03Xhjq7Cu2Hij7pXXXIX9LiljdWKKYi3_xyW0nETaY_lyfxi3zH58MIa1LuCQn8I.jpg"}, "homeCity": "Singapore", "lists": {"groups": [{"items": [], "count": 2, "type": "created"}]}}, {"tips": {"count": 0}, "contact": {"twitter": "donmark96", "facebook": "678652841"}, "firstName": "Don's", "gender": "male", "lastName": "Fernandez", "id": "102428637", "bio": "", "photo": {"prefix": "https://igx.4sqi.net/img/user/", "suffix": "/102428637-MOYMF5RNL010VESD.jpg"}, "homeCity": "Singapore", "lists": {"groups": [{"items": [], "count": 2, "type": "created"}]}}, {"tips": {"count": 0}, "contact": {"twitter": "liewchunhaw", "facebook": "100007465661915"}, "firstName": "_Ah", "gender": "male", "lastName": "haooo", "id": "77268685", "bio": "A year older on every 17april . \r\nFollow me on : twitter @liewchunhaw\r\n                      : Instagram @ahhaoooo", "photo": {"prefix": "https://igx.4sqi.net/img/user/", "suffix": "/77268685-3W4THJE2KUL02ENZ.jpg"}, "homeCity": "Singapore", "lists": {"groups": [{"items": [], "count": 3, "type": "created"}]}}, {"tips": {"count": 0}, "contact": {"twitter": "vernicekoo", "facebook": "129277304259542"}, "firstName": "Vernice", "gender": "female", "lastName": "Koo", "id": "69983390", "bio": "", "photo": {"prefix": "https://igx.4sqi.net/img/user/", "suffix": "/69983390-2QOS2YLDP3Z35L0G.jpg"}, "homeCity": "Singapore", "lists": {"groups": [{"items": [], "count": 2, "type": "created"}]}}, {"tips": {"count": 0}, "contact": {"twitter": "urghwhatever", "facebook": "1087425544617124"}, "firstName": "Jonathan", "gender": "male", "lastName": "Poh", "id": "23636493", "bio": "", "photo": {"prefix": "https://igx.4sqi.net/img/user/", "suffix": "/23636493-PTK451RV0TVHJLR3.jpg"}, "homeCity": "Singapore", "lists": {"groups": [{"items": [], "count": 2, "type": "created"}]}}, {"tips": {"count": 0}, "contact": {"twitter": "2daron4", "facebook": "100000640112278"}, "firstName": "Daron", "gender": "male", "lastName": "Daron", "id": "97907093", "bio": "", "photo": {"prefix": "https://igx.4sqi.net/img/user/", "suffix": "/97907093-2WUUYRQXZY5JA4EX.jpg"}, "homeCity": "Singapore", "lists": {"groups": [{"items": [], "count": 2, "type": "created"}]}}, {"tips": {"count": 0}, "contact": {"twitter": "m3threpublic", "facebook": "100002140069914"}, "firstName": "Marcus", "gender": "male", "lastName": "Says", "id": "43450557", "bio": "", "photo": {"prefix": "https://igx.4sqi.net/img/user/", "suffix": "/XNBMEAWN2KA2NOPG.jpg"}, "homeCity": "New York, NY", "lists": {"groups": [{"items": [], "count": 2, "type": "created"}]}}, {"tips": {"count": 0}, "contact": {"facebook": "1824358267"}, "firstName": "Tls", "gender": "male", "lastName": "Daeson", "id": "92273849", "bio": "", "photo": {"prefix": "https://igx.4sqi.net/img/user/", "suffix": "/92273849-O452TU3PBGXDLNG4.jpg"}, "homeCity": "Singapore", "lists": {"groups": [{"items": [], "count": 2, "type": "created"}]}}, {"tips": {"count": 0}, "contact": {"twitter": "_qiuyunqy", "facebook": "10203877949307938"}, "firstName": "qiuyun\ud83d\udc30", "gender": "female", "id": "53334389", "bio": "", "photo": {"prefix": "https://igx.4sqi.net/img/user/", "suffix": "/53334389-ZQCOMTW1QYORI5GO.jpg"}, "homeCity": "Singapore", "lists": {"groups": [{"items": [], "count": 2, "type": "created"}]}}, {"tips": {"count": 0}, "contact": {"twitter": "clementbangbang", "facebook": "809479029172376"}, "firstName": "Clement", "gender": "male", "id": "64717995", "bio": "", "photo": {"prefix": "https://igx.4sqi.net/img/user/", "suffix": "/64717995-NFAZ3XTJQPMKHJQT.jpg"}, "homeCity": "Singapore", "lists": {"groups": [{"items": [], "count": 2, "type": "created"}]}}, {"tips": {"count": 0}, "contact": {"twitter": "infinityroses", "facebook": "100003501110832"}, "firstName": "\u2728 Jingyin \ud83c\udf3c", "gender": "female", "id": "86865811", "bio": "\ud83d\udc9e Itweet : infinityroses  // insta : infinityroses_x // Snapchat : infinityroses \u2728", "photo": {"prefix": "https://igx.4sqi.net/img/user/", "suffix": "/86865811_1oMSmHul_ZY8X3zEKpLEmxJ0_yMehzblpm4q7XA0Qr2WQlHKXTUPZP-rznyXA8ZlN5kmkG9j7.jpg"}, "homeCity": "Singapore", "lists": {"groups": [{"items": [], "count": 2, "type": "created"}]}}, {"tips": {"count": 0}, "contact": {}, "firstName": "Alex", "gender": "male", "lastName": "Goh", "id": "46479021", "bio": "Twitter - a1exx_ IG - Alexdope", "photo": {"prefix": "https://igx.4sqi.net/img/user/", "suffix": "/46479021-QB5T3QS0BELMLSRD.jpg"}, "homeCity": "Thailand, Bangkok", "lists": {"groups": [{"items": [], "count": 2, "type": "created"}]}}, {"tips": {"count": 0}, "contact": {"twitter": "narakqin", "facebook": "856185467769466"}, "firstName": "Huiqin", "gender": "female", "id": "46633475", "bio": "twitter/instagram: @narakqin", "photo": {"prefix": "https://igx.4sqi.net/img/user/", "suffix": "/46633475-HJAMR2RXUJKE2NA0.jpg"}, "homeCity": "Singapore, Bukit Panjang.", "lists": {"groups": [{"items": [], "count": 2, "type": "created"}]}}, {"tips": {"count": 0}, "contact": {"twitter": "jlkk_", "facebook": "10153254808534763"}, "firstName": "Jeremy", "gender": "male", "lastName": "Lee", "id": "127325696", "bio": "", "photo": {"prefix": "https://igx.4sqi.net/img/user/", "suffix": "/127325696-LU4LXHIXG0YITKTM.jpg"}, "homeCity": "Singapore, 00", "lists": {"groups": [{"items": [], "count": 2, "type": "created"}]}}, {"tips": {"count": 2}, "contact": {"twitter": "fierygreen", "facebook": "100001525268405"}, "firstName": "Raphael", "gender": "male", "lastName": "Kuah", "id": "8301928", "bio": "ig. raphkkx", "photo": {"prefix": "https://igx.4sqi.net/img/user/", "suffix": "/8301928-1SIE4R0W1QNOY12L.jpg"}, "homeCity": "Singapore", "lists": {"groups": [{"items": [], "count": 2, "type": "created"}]}}, {"tips": {"count": 0}, "contact": {"twitter": "darrencjw"}, "firstName": "Darren", "gender": "male", "lastName": "Chu", "id": "140566168", "bio": "", "photo": {"prefix": "https://igx.4sqi.net/img/user/", "suffix": "/140566168_5JUpQQmz_ChPJ1rpCmL2bNRhfW1WcDIjM40jxaUQwcfoCKCDQtwsRuqH9n8Ht9MoK4FU-BreO.jpg"}, "homeCity": "Singapore, 00", "lists": {"groups": [{"items": [], "count": 2, "type": "created"}]}}, {"tips": {"count": 0}, "contact": {}, "firstName": "RABBIT", "gender": "female", "id": "133916720", "bio": "", "photo": {"prefix": "https://igx.4sqi.net/img/user/", "suffix": "/133916720-IPUMTPKP0NN3AFYV.jpg"}, "homeCity": "Singapore", "lists": {"groups": [{"items": [], "count": 2, "type": "created"}]}}, {"tips": {"count": 0}, "contact": {"twitter": "onggeegee"}, "firstName": "Gee", "gender": "female", "lastName": "Ong", "id": "105327733", "bio": "", "photo": {"prefix": "https://igx.4sqi.net/img/user/", "suffix": "/105327733-DQTN3GDCQQBNNBTU.jpg"}, "homeCity": "Singapore", "lists": {"groups": [{"items": [], "count": 2, "type": "created"}]}}, {"tips": {"count": 0}, "contact": {"twitter": "inkdejavu", "facebook": "100001667486109"}, "firstName": "AhHan", "gender": "male", "lastName": "IsInside", "id": "27973818", "bio": "", "photo": {"prefix": "https://igx.4sqi.net/img/user/", "suffix": "/27973818-3OOIX0YRABW3VNZE.jpg"}, "homeCity": "New York, NY", "lists": {"groups": [{"items": [], "count": 2, "type": "created"}]}}, {"tips": {"count": 0}, "contact": {"twitter": "lisaaaaazxc", "facebook": "100005863687291"}, "firstName": "Lisa", "gender": "female", "lastName": "Screwsyouveryup", "id": "67302356", "bio": "Twitter : Lisaaaaazxc\r\nInstagram : Lisaaaaazxc\r\nFacebook : lisa pej", "photo": {"prefix": "https://igx.4sqi.net/img/user/", "suffix": "/67302356-5XQIHZUKA1L10MJM.jpg"}, "homeCity": "Singapore", "lists": {"groups": [{"items": [], "count": 2, "type": "created"}]}}, {"tips": {"count": 0}, "contact": {"facebook": "1037415699606491"}, "firstName": "Superboy", "gender": "male", "lastName": "Zac", "id": "107370152", "bio": "", "photo": {"prefix": "https://igx.4sqi.net/img/user/", "suffix": "/107370152-CI2LBRDYBZFHXBQS.jpg"}, "homeCity": "Singapore", "lists": {"groups": [{"items": [], "count": 2, "type": "created"}]}}, {"tips": {"count": 0}, "contact": {"facebook": "1210057830"}, "firstName": "Sam", "gender": "male", "lastName": "Poh", "id": "54308559", "bio": "", "photo": {"prefix": "https://igx.4sqi.net/img/user/", "suffix": "/54308559_ChSVUstd_xkwGyfDLuW8lxKJ1TGZdXj0dZe0z35OfRN0USzENX0HUyHyxeCXZFPe95-rekv-d.jpg"}, "homeCity": "Singapore", "lists": {"groups": [{"items": [], "count": 2, "type": "created"}]}}, {"tips": {"count": 0}, "contact": {"twitter": "gigineoo", "facebook": "1529512163993439"}, "firstName": "gigineoo", "gender": "female", "id": "110916887", "bio": "what.", "photo": {"prefix": "https://igx.4sqi.net/img/user/", "suffix": "/110916887_UxkwbT6h_y_SvsIKwFcE_s-vMKweFyHBfttz-jcVHxSqHblWqf7Ro0nZWF7gcsMTfs6wfruox.jpg"}, "homeCity": "Singapore", "lists": {"groups": [{"items": [], "count": 2, "type": "created"}]}}, {"tips": {"count": 0}, "contact": {"twitter": "huijunwei", "facebook": "100002593597512"}, "firstName": "Zed -", "gender": "male", "lastName": "Junwei", "id": "92836531", "bio": "Facebook - Hui Junwei\nTwitter - HuiJunWei\nInstagram - Junwei_Zed\nSnapchat - Junwei9624", "photo": {"prefix": "https://igx.4sqi.net/img/user/", "suffix": "/92836531-U5E4WO0GZHWJBCVC.jpg"}, "homeCity": "Singapore", "lists": {"groups": [{"items": [], "count": 2, "type": "created"}]}}, {"tips": {"count": 0}, "contact": {"twitter": "fairchildddd", "facebook": "100007321890807"}, "firstName": "FC\ud83d\udc3a", "gender": "male", "id": "83620875", "bio": "", "photo": {"prefix": "https://igx.4sqi.net/img/user/", "suffix": "/83620875_nxqUbLjq_sg7ADrBOCUArTOtJTolgK6P3QMz4dNaxJ9FY34xXWUnGVpe0SYb06v7oY3f6324t.jpg"}, "homeCity": "Singapore", "lists": {"groups": [{"items": [], "count": 3, "type": "created"}]}}, {"tips": {"count": 0}, "contact": {"twitter": "xiiiixcvii", "facebook": "100002565524672"}, "firstName": "Karen'", "gender": "female", "lastName": "HisLady", "id": "88563416", "bio": "", "photo": {"prefix": "https://igx.4sqi.net/img/user/", "suffix": "/88563416-XJY4P12XRE5HMNBN.jpg"}, "homeCity": "Singapore, 00", "lists": {"groups": [{"items": [], "count": 2, "type": "created"}]}}, {"tips": {"count": 0}, "contact": {"twitter": "chinkiatweets", "facebook": "10203643407525563"}, "firstName": "Chin Kiat", "gender": "male", "lastName": "Ong", "id": "8576381", "bio": "Hey.", "photo": {"prefix": "https://igx.4sqi.net/img/user/", "suffix": "/8576381-XMQC4HYSRX4R5BPP.jpg"}, "homeCity": "Singapore", "lists": {"groups": [{"items": [], "count": 2, "type": "created"}]}}, {"tips": {"count": 0}, "contact": {"twitter": "iremedyy", "facebook": "172169346463226"}, "firstName": "iremedyy", "gender": "male", "id": "144606090", "bio": "", "photo": {"prefix": "https://igx.4sqi.net/img/user/", "suffix": "/144606090-RETHJOURJNT314KK.jpg"}, "homeCity": "Singapore, 00", "lists": {"groups": [{"items": [], "count": 2, "type": "created"}]}}, {"tips": {"count": 0}, "contact": {"twitter": "dyjr_", "facebook": "682169908"}, "firstName": "Dexter", "gender": "male", "lastName": "Yap", "id": "54586334", "bio": "Bio? What's that?", "photo": {"prefix": "https://igx.4sqi.net/img/user/", "suffix": "/54586334-CLZR14SSUF2YZGO5.jpg"}, "homeCity": "Singapore, Singapore", "lists": {"groups": [{"items": [], "count": 2, "type": "created"}]}}, {"tips": {"count": 0}, "contact": {"facebook": "887594284637709"}, "firstName": "Zhi", "gender": "male", "lastName": "Qiang", "id": "126791065", "bio": "", "photo": {"prefix": "https://igx.4sqi.net/img/user/", "suffix": "/126791065-W2UKLSATVN2LLGM5.jpg"}, "homeCity": "Singapore", "lists": {"groups": [{"items": [], "count": 2, "type": "created"}]}}, {"tips": {"count": 0}, "contact": {"twitter": "cynical_bullsht"}, "firstName": "Russel", "gender": "male", "lastName": "Wong", "id": "141097836", "bio": "Money Power Respect", "photo": {"prefix": "https://igx.4sqi.net/img/user/", "suffix": "/141097836-3V4H1QFSJYFCRX4H.jpg"}, "homeCity": "", "lists": {"groups": [{"items": [], "count": 2, "type": "created"}]}}, {"tips": {"count": 0}, "contact": {"twitter": "chlovee", "facebook": "100000098572340"}, "firstName": "Chlovee", "gender": "female", "lastName": "Tan", "id": "9950303", "bio": "The more you give, the more you gain.", "photo": {"prefix": "https://igx.4sqi.net/img/user/", "suffix": "/9950303-Y3PQEM03V3H4HYF4.jpg"}, "homeCity": "Singapore", "lists": {"groups": [{"items": [], "count": 2, "type": "created"}]}}, {"tips": {"count": 0}, "contact": {"twitter": "ryanncsy", "facebook": "100000943228192"}, "firstName": "Ryan . C", "gender": "male", "id": "82510750", "bio": "Twitter @ryanncsy / ig @ryanncsy", "photo": {"prefix": "https://igx.4sqi.net/img/user/", "suffix": "/82510750_koj1mJOR_u_P-p9uYed0N3mFPme-Tqzx2F8LihzOTZNQ5erGgkZcXEJ7RtgzN3t73YPwbi-2n.jpg"}, "homeCity": "Singapore", "lists": {"groups": [{"items": [], "count": 2, "type": "created"}]}}, {"tips": {"count": 0}, "contact": {"twitter": "javchua", "facebook": "1045359898831968"}, "firstName": "Javier", "gender": "male", "lastName": "Chua", "id": "142711934", "bio": "", "photo": {"prefix": "https://igx.4sqi.net/img/user/", "suffix": "/142711934_6f4NiT2N_t09XOywajTDnzRvW0IqxnzNsbPvz-OYpoul5kv-wWIby3Zt4_nrJLL5Q7-2_d2SK.jpg"}, "homeCity": "Singapore, 00", "lists": {"groups": [{"items": [], "count": 2, "type": "created"}]}}, {"tips": {"count": 0}, "contact": {"twitter": "xiaotyz", "facebook": "1085555309"}, "firstName": "Darren", "gender": "male", "lastName": "Singapore", "id": "10019319", "bio": "", "photo": {"prefix": "https://igx.4sqi.net/img/user/", "suffix": "/10019319_sA4vVNht_B-Gc8Rz5d5h7-oBCG4FTgXrGJuiyr3OgTSGrWQtvsdluRR0HH2cn_ncXcHDFBm4L.jpg"}, "homeCity": "Singapore", "lists": {"groups": [{"items": [], "count": 2, "type": "created"}]}}], "count": 122}, "checksum": "aa6eeb5069221e777809c63f165f9ec8820bfcb6"}, "meta": {"requestId": "5966224e351e3d64b40b99b7", "code": 200}}