{"notifications": [{"type": "notificationTray", "item": {"unreadCount": 0}}], "response": {"friends": {"items": [{"tips": {"count": 0}, "contact": {"twitter": "jeananntan_", "facebook": "1495305192"}, "firstName": "Jean", "gender": "female", "lastName": "Ann", "id": "20840439", "bio": "", "photo": {"prefix": "https://igx.4sqi.net/img/user/", "suffix": "/20840439_F2qxrY1J_kG6kLI4PWDkS0jXqRLShJvN6U2aZ4sfU1_aVujKTDPP3ppwLjnmzAB3hT7EBOhDM.jpg"}, "homeCity": "Selangor", "lists": {"groups": [{"items": [], "count": 2, "type": "created"}]}}, {"tips": {"count": 20}, "contact": {"facebook": "1716129325"}, "firstName": "Ohmymama", "gender": "female", "id": "35177790", "bio": "", "photo": {"prefix": "https://igx.4sqi.net/img/user/", "suffix": "/35177790-Z3IHBLMMILPA1T4X.jpg"}, "homeCity": "New York, NY", "lists": {"groups": [{"items": [], "count": 3, "type": "created"}]}}, {"tips": {"count": 106}, "contact": {"twitter": "palmdoc", "facebook": "10153917240433436"}, "firstName": "Palmdoc", "gender": "male", "id": "297536", "bio": "", "photo": {"prefix": "https://igx.4sqi.net/img/user/", "suffix": "/-3IU41GNWN4EQKKM2.jpg"}, "homeCity": "Subang Jaya, Malaysia", "lists": {"groups": [{"items": [], "count": 2, "type": "created"}]}}, {"tips": {"count": 4}, "contact": {"twitter": "littlegreenwok"}, "firstName": "Little Green Wok", "gender": "none", "id": "79116019", "bio": "Chief Eating Officer of Lion City Vegetarian Food Blog @ www.littlegreenwok.sg and Howler for Singapore Vegetarian Food page", "photo": {"prefix": "https://igx.4sqi.net/img/user/", "suffix": "/-4MMTRVZITTOEDJDK.jpg"}, "homeCity": "Singapore", "lists": {"groups": [{"items": [], "count": 3, "type": "created"}]}}, {"tips": {"count": 3}, "contact": {}, "firstName": "Kweetat", "gender": "male", "lastName": "Chew", "id": "6544055", "bio": "", "photo": {"prefix": "https://igx.4sqi.net/img/user/", "suffix": "/BELFLVQ5EVCF5ANC.jpg"}, "homeCity": "Subang Jaya, Malaysia", "lists": {"groups": [{"items": [], "count": 2, "type": "created"}]}}, {"tips": {"count": 0}, "contact": {"facebook": "678539318"}, "firstName": "Kevin", "gender": "male", "lastName": "Chan", "id": "7060629", "bio": "", "photo": {"prefix": "https://igx.4sqi.net/img/user/", "suffix": "/ILEWWKGDNHZ5RYWE.jpg"}, "homeCity": "Issaquah, WA", "lists": {"groups": [{"items": [], "count": 3, "type": "created"}]}}, {"tips": {"count": 0}, "contact": {}, "firstName": "Johanna", "gender": "female", "lastName": "Harrington", "id": "80540554", "bio": "", "photo": {"prefix": "https://igx.4sqi.net/img/user/", "suffix": "/80540554-5GC3MGY02TA2KPX1.jpg"}, "homeCity": "", "lists": {"groups": [{"items": [], "count": 2, "type": "created"}]}}], "count": 7}, "checksum": "1b9b489117f1217b98875d20064c8718c68e7778"}, "meta": {"requestId": "5965b7d6db04f562eb31f777", "code": 200}}