{"notifications": [{"type": "notificationTray", "item": {"unreadCount": 0}}], "meta": {"requestId": "5966e69b1ed21963039f74e7", "code": 200}, "response": {"friends": {"count": 22, "items": [{"id": "60245821", "photo": {"prefix": "https://igx.4sqi.net/img/user/", "suffix": "/VVAZDUMUJDCQAMRD.jpg"}, "homeCity": "Singapore", "contact": {"facebook": "100001955799124"}, "firstName": "Lewis", "tips": {"count": 0}, "gender": "male", "lastName": "DevilBoi", "lists": {"groups": [{"count": 2, "type": "created", "items": []}]}, "bio": ""}, {"id": "11596887", "photo": {"prefix": "https://igx.4sqi.net/img/user/", "suffix": "/M2WZOLYB4CZYUNTB.jpg"}, "homeCity": "Singapore", "contact": {"facebook": "1441394328"}, "firstName": "Muhammad Aidil", "tips": {"count": 8}, "gender": "male", "lastName": "Adnan", "lists": {"groups": [{"count": 2, "type": "created", "items": []}]}, "bio": ""}, {"id": "18646957", "photo": {"prefix": "https://igx.4sqi.net/img/user/", "suffix": "/CUU25KTBWDMYKLNP.jpg"}, "homeCity": "Singapore", "contact": {"facebook": "1459693035", "twitter": "shifah_d"}, "firstName": "Shifah", "tips": {"count": 0}, "gender": "female", "lastName": "\u2665", "lists": {"groups": [{"count": 2, "type": "created", "items": []}]}, "bio": ""}, {"id": "67023654", "photo": {"prefix": "https://igx.4sqi.net/img/user/", "suffix": "/YXOLQC4QG3K5VPG4.jpg"}, "homeCity": "Singapore", "contact": {"facebook": "1575671970"}, "firstName": "Sangeetha", "tips": {"count": 0}, "gender": "female", "lastName": "ThatsMyName", "lists": {"groups": [{"count": 2, "type": "created", "items": []}]}, "bio": ""}, {"id": "4675562", "photo": {"prefix": "https://igx.4sqi.net/img/user/", "suffix": "/ATVJ5EH2QLC3ZWUM.jpg"}, "homeCity": "Singapore", "contact": {"facebook": "639191954"}, "firstName": "Nurul", "tips": {"count": 0}, "gender": "female", "lastName": "Siddiqah", "lists": {"groups": [{"count": 2, "type": "created", "items": []}]}, "bio": ""}, {"id": "11449077", "photo": {"prefix": "https://igx.4sqi.net/img/user/", "suffix": "/IUO3KMC2ADBKWF2X.jpg"}, "homeCity": "Singapore", "contact": {"facebook": "1571988761", "twitter": "musthegr8"}, "firstName": "Ahmad", "tips": {"count": 1}, "gender": "male", "lastName": "Mustaqim", "lists": {"groups": [{"count": 2, "type": "created", "items": []}]}, "bio": ""}, {"id": "7465369", "photo": {"prefix": "https://igx.4sqi.net/img/user/", "suffix": "/30KO2MMN12BET12S.jpg"}, "homeCity": "Del Valle, TX", "contact": {"facebook": "1414325031", "twitter": "darrylkng"}, "firstName": "darryl", "tips": {"count": 0}, "gender": "male", "lastName": "kng", "lists": {"groups": [{"count": 2, "type": "created", "items": []}]}, "bio": ""}, {"id": "21675346", "photo": {"prefix": "https://igx.4sqi.net/img/user/", "suffix": "/1DCN5NZDUR4ZQPLD.jpg"}, "homeCity": "New York, NY", "contact": {"facebook": "1278358069", "twitter": "iamdannyyyyy"}, "firstName": "Danny", "tips": {"count": 0}, "gender": "male", "lastName": "Mars", "lists": {"groups": [{"count": 2, "type": "created", "items": []}]}, "bio": ""}, {"id": "5172233", "photo": {"prefix": "https://igx.4sqi.net/img/user/", "suffix": "/G45WIJZTVB42OEUH.jpg"}, "homeCity": "Singapore", "contact": {"facebook": "680432019"}, "firstName": "Ayyub", "tips": {"count": 0}, "gender": "male", "lastName": "Muhd", "lists": {"groups": [{"count": 2, "type": "created", "items": []}]}, "bio": ""}, {"id": "5251066", "photo": {"prefix": "https://igx.4sqi.net/img/user/", "suffix": "/V4H4V2KEJ4SWX0NM.jpg"}, "homeCity": "Singapore", "contact": {"facebook": "520605903", "twitter": "erzda"}, "firstName": "Erdaz", "tips": {"count": 3}, "gender": "female", "lastName": "Omar", "lists": {"groups": [{"count": 2, "type": "created", "items": []}]}, "bio": ""}, {"id": "11931476", "photo": {"prefix": "https://igx.4sqi.net/img/user/", "suffix": "/ROFJWSMGZ2DEU1CN.jpg"}, "homeCity": "Singapore", "contact": {"facebook": "728053859", "twitter": "brendelee"}, "firstName": "Brende", "tips": {"count": 2}, "gender": "female", "lastName": "Lee", "lists": {"groups": [{"count": 2, "type": "created", "items": []}]}, "bio": ""}, {"id": "14206323", "photo": {"prefix": "https://igx.4sqi.net/img/user/", "suffix": "/14206323-OD3XKFQ5RIRTNB0A.jpg"}, "homeCity": "Singapore", "contact": {}, "firstName": "Jasmund", "tips": {"count": 0}, "gender": "male", "lastName": "Lau", "lists": {"groups": [{"count": 2, "type": "created", "items": []}]}, "bio": "Everythings happens for a reason \ud83d\ude09"}, {"id": "7904923", "photo": {"prefix": "https://igx.4sqi.net/img/user/", "suffix": "/7904923-J3JU2CNVJ2GFDAPU.jpg"}, "homeCity": "Singapore", "contact": {"facebook": "1452381435", "twitter": "muhdfariz_"}, "firstName": "Md", "tips": {"count": 0}, "gender": "male", "lastName": "Fariz", "lists": {"groups": [{"count": 2, "type": "created", "items": []}]}, "bio": ""}, {"id": "21127863", "photo": {"prefix": "https://igx.4sqi.net/img/user/", "suffix": "/21127863-KVTKE2QINQWYXDGL.jpg"}, "homeCity": "Singapore", "contact": {"facebook": "100001356778771", "twitter": "gableejh"}, "firstName": "Gabriel", "tips": {"count": 0}, "gender": "male", "lastName": "Lee", "lists": {"groups": [{"count": 2, "type": "created", "items": []}]}, "bio": ""}, {"id": "8641778", "photo": {"prefix": "https://igx.4sqi.net/img/user/", "suffix": "/8641778-CK2RLGBAVHITMJWJ.jpg"}, "homeCity": "Singapore", "contact": {"facebook": "747058163", "twitter": "hafizjiwang"}, "firstName": "HafizDragon92", "tips": {"count": 1}, "gender": "male", "lists": {"groups": [{"count": 2, "type": "created", "items": []}]}, "bio": ""}, {"id": "69693965", "photo": {"prefix": "https://igx.4sqi.net/img/user/", "suffix": "/KKDX15H2CRW4BALW.jpg"}, "homeCity": "Singapore", "contact": {"facebook": "1104605025"}, "firstName": "Muhd", "tips": {"count": 0}, "gender": "male", "lastName": "Fadzly", "lists": {"groups": [{"count": 2, "type": "created", "items": []}]}, "bio": ""}, {"id": "22941302", "photo": {"prefix": "https://igx.4sqi.net/img/user/", "suffix": "/BZ0ZEKUMVF3PAFQD.jpg"}, "homeCity": "New York, NY", "contact": {"facebook": "1076750528", "twitter": "omfgitzsideka"}, "firstName": "Sideka", "tips": {"count": 1}, "gender": "female", "lastName": "Thhbomb", "lists": {"groups": [{"count": 2, "type": "created", "items": []}]}, "bio": ""}, {"id": "8118161", "photo": {"prefix": "https://igx.4sqi.net/img/user/", "suffix": "/8118161-ECWXEXO0MUWFUSPF.jpg"}, "homeCity": "Singapore", "contact": {"facebook": "10153303349541682", "twitter": "kiqozaki"}, "firstName": "Kiqo", "tips": {"count": 2}, "gender": "male", "lastName": "Zaki", "lists": {"groups": [{"count": 2, "type": "created", "items": []}]}, "bio": ""}, {"id": "10404619", "photo": {"prefix": "https://igx.4sqi.net/img/user/", "suffix": "/QE3XF1JOESSYTGIV.jpg"}, "homeCity": "Singapore", "contact": {"facebook": "100000064351000"}, "firstName": "Seemran", "tips": {"count": 0}, "gender": "female", "lastName": "TheShyy'qurll", "lists": {"groups": [{"count": 2, "type": "created", "items": []}]}, "bio": ""}, {"id": "83895008", "photo": {"prefix": "https://igx.4sqi.net/img/user/", "suffix": "/83895008-L1W3SWHOHF0V2AFY.jpg"}, "homeCity": "Singapore", "contact": {"twitter": "cocacolazxc"}, "firstName": "Jags", "tips": {"count": 0}, "gender": "male", "lastName": "Zxc", "lists": {"groups": [{"count": 2, "type": "created", "items": []}]}, "bio": ""}, {"id": "17923366", "photo": {"prefix": "https://igx.4sqi.net/img/user/", "suffix": "/17923366-B2W50F1ASDLZJIUL.jpg"}, "homeCity": "Singapore", "contact": {"facebook": "595556093", "twitter": "cxxsey"}, "firstName": "Casey", "tips": {"count": 13}, "gender": "female", "lastName": "Liaw", "lists": {"groups": [{"count": 2, "type": "created", "items": []}]}, "bio": "\ud83d\udcf7 FOLLOW ME ON INSTAG: @Cxxsey.\r\n\ud83d\udc91 Since 1st June 2011"}, {"id": "13855408", "photo": {"prefix": "https://igx.4sqi.net/img/user/", "suffix": "/U01BAVEKB1RH51WQ.jpg"}, "homeCity": "Singapore", "contact": {"facebook": "1610341073"}, "firstName": "Natasha", "tips": {"count": 0}, "gender": "female", "lastName": "Yusri", "lists": {"groups": [{"count": 2, "type": "created", "items": []}]}, "bio": ""}]}, "checksum": "0bc85bf0798e8093ff38e637f7224b02abf68ad3"}}