{"notifications": [{"type": "notificationTray", "item": {"unreadCount": 0}}], "response": {"friends": {"items": [{"tips": {"count": 2}, "contact": {"twitter": "jasmineezxc", "facebook": "1016753878"}, "firstName": "jasmine tan \ud83d\ude01", "gender": "female", "id": "4629204", "bio": "", "photo": {"prefix": "https://igx.4sqi.net/img/user/", "suffix": "/RAFBJD3QUALOWKMU.jpg"}, "homeCity": "Singapore", "lists": {"groups": [{"items": [], "count": 2, "type": "created"}]}}, {"tips": {"count": 0}, "contact": {"facebook": "620188002"}, "firstName": "Rebecca", "gender": "female", "lastName": "Phua", "id": "9237510", "bio": "", "photo": {"prefix": "https://igx.4sqi.net/img/user/", "suffix": "/YK0NU1EOBF50ULCG.jpg"}, "homeCity": "Singapore", "lists": {"groups": [{"items": [], "count": 2, "type": "created"}]}}, {"tips": {"count": 0}, "contact": {"twitter": "jobinabananazxc"}, "firstName": "JOBINAAAAA", "gender": "female", "id": "12132954", "bio": "", "photo": {"prefix": "https://igx.4sqi.net/img/user/", "suffix": "/JWMDT02I1CRWOP00.jpg"}, "homeCity": "Singapore", "lists": {"groups": [{"items": [], "count": 2, "type": "created"}]}}, {"tips": {"count": 6}, "contact": {"twitter": "tenyearseries_", "facebook": "10212934863544212"}, "firstName": "Audrey_T", "gender": "female", "id": "7661308", "bio": "", "photo": {"prefix": "https://igx.4sqi.net/img/user/", "suffix": "/WRB5FYCEDYDSCIDS.jpg"}, "homeCity": "Singapore", "lists": {"groups": [{"items": [], "count": 2, "type": "created"}]}}, {"tips": {"count": 0}, "contact": {"twitter": "_elainez", "facebook": "1234181129"}, "firstName": "Elaine", "gender": "female", "lastName": "C.", "id": "13794775", "bio": "", "photo": {"prefix": "https://igx.4sqi.net/img/user/", "suffix": "/FWNE0VBJWIVFLOSK.jpg"}, "homeCity": "Singapore", "lists": {"groups": [{"items": [], "count": 2, "type": "created"}]}}, {"tips": {"count": 1}, "contact": {"facebook": "1206643778"}, "firstName": "Randy", "gender": "male", "lastName": "Hong", "id": "13172028", "bio": "", "photo": {"prefix": "https://igx.4sqi.net/img/user/", "suffix": "/SGDQ5FJDDGYTNKHI.jpg"}, "homeCity": "Singapore", "lists": {"groups": [{"items": [], "count": 2, "type": "created"}]}}, {"tips": {"count": 0}, "contact": {"facebook": "1104786801"}, "firstName": "Sherlyn", "gender": "female", "lastName": "Pang", "id": "11268016", "bio": "", "photo": {"prefix": "https://igx.4sqi.net/img/user/", "suffix": "/UZ4PW434M1OXJBHL.jpg"}, "homeCity": "Singapore", "lists": {"groups": [{"items": [], "count": 2, "type": "created"}]}}, {"tips": {"count": 1}, "contact": {"twitter": "teegeewai", "facebook": "100000587032926"}, "firstName": "Guangyan", "gender": "male", "lastName": "Tang", "id": "7903063", "bio": "", "photo": {"prefix": "https://igx.4sqi.net/img/user/", "suffix": "/I5BTYIWP4HVKG2UV.jpg"}, "homeCity": "Singapore", "lists": {"groups": [{"items": [], "count": 2, "type": "created"}]}}, {"tips": {"count": 0}, "contact": {}, "firstName": "Zoyee", "gender": "female", "lastName": "Chua", "id": "13313065", "bio": "", "photo": {"prefix": "https://igx.4sqi.net/img/user/", "suffix": "/3LFLKVKCWNRWBGBL.jpg"}, "homeCity": "Singapore", "lists": {"groups": [{"items": [], "count": 2, "type": "created"}]}}, {"tips": {"count": 0}, "contact": {"twitter": "l2achhel", "facebook": "1270058121"}, "firstName": "Rachel", "gender": "female", "lastName": "Lee", "id": "13076919", "bio": "", "photo": {"prefix": "https://igx.4sqi.net/img/user/", "suffix": "/YUCHAOBKREFHYY11.jpg"}, "homeCity": "Singapore", "lists": {"groups": [{"items": [], "count": 2, "type": "created"}]}}], "count": 10}, "checksum": "e6b79f779d75fcd6bea4dc625bd28da39f406b5a"}, "meta": {"requestId": "5965cedf9fb6b77b77e2b154", "code": 200}}