{"notifications": [{"type": "notificationTray", "item": {"unreadCount": 0}}], "response": {"friends": {"items": [{"tips": {"count": 31}, "contact": {}, "firstName": "Olesia", "gender": "female", "lastName": "Martz", "id": "19703527", "bio": "", "photo": {"prefix": "https://igx.4sqi.net/img/user/", "suffix": "/19703527-ATJF02AJK0BFSCBZ.jpg"}, "homeCity": "Berlin. St. Peterburg, Valencia", "lists": {"groups": [{"items": [], "count": 17, "type": "created"}]}}, {"tips": {"count": 7}, "contact": {}, "firstName": "Michelle", "gender": "female", "lastName": "Alistoun", "id": "9530668", "bio": "", "photo": {"prefix": "https://igx.4sqi.net/img/user/", "suffix": "/LZUVPF23BRYB5EZE.jpg"}, "homeCity": "NY", "lists": {"groups": [{"items": [], "count": 2, "type": "created"}]}}, {"tips": {"count": 0}, "contact": {}, "firstName": "Maryam", "gender": "female", "lastName": "Khalifa", "id": "52281141", "bio": "", "photo": {"prefix": "https://igx.4sqi.net/img/user/", "suffix": "/2ADIMR5YLUVQDYDO.jpg"}, "homeCity": "Dubai, 03", "lists": {"groups": [{"items": [], "count": 2, "type": "created"}]}}, {"tips": {"count": 0}, "contact": {"twitter": "mirinae115", "facebook": "1240563253"}, "firstName": "Miri", "gender": "female", "lastName": "Gyun-Mie", "id": "6941297", "bio": "", "photo": {"prefix": "https://igx.4sqi.net/img/user/", "suffix": "/LK0HGXS2OL5ODVJZ.jpg"}, "homeCity": "\uc11c\uc6b8\ud2b9\ubcc4\uc2dc, \ub300\ud55c\ubbfc\uad6d", "lists": {"groups": [{"items": [], "count": 2, "type": "created"}]}}, {"tips": {"count": 8}, "contact": {"facebook": "684096610"}, "firstName": "H.", "gender": "female", "lastName": "R.A.", "id": "11672762", "bio": "", "photo": {"prefix": "https://igx.4sqi.net/img/user/", "suffix": "/11672762-AJ5SGPFFSMK1F5FU.jpg"}, "homeCity": "Abu Dhabi, United Arab Emirates", "lists": {"groups": [{"items": [], "count": 2, "type": "created"}]}}, {"tips": {"count": 3}, "contact": {}, "firstName": "Miss", "gender": "female", "lastName": "aD", "id": "19290399", "bio": "", "photo": {"prefix": "https://igx.4sqi.net/img/user/", "suffix": "/REEM1QS5RRHVPZQA.jpg"}, "homeCity": "Abu Dhabi, United Arab Emirates", "lists": {"groups": [{"items": [], "count": 2, "type": "created"}]}}, {"tips": {"count": 87}, "contact": {"twitter": "ryan4102313102"}, "firstName": "Ryan", "gender": "male", "lastName": "Bowlin", "id": "6502371", "bio": "I am a lunatic and absurd, baked, balmy*, bananas, bonkers*, cracked, crazed, daft, demented, deranged, dippy, flaky*, flipped out, foolish, freaked out, fried,", "photo": {"prefix": "https://igx.4sqi.net/img/user/", "suffix": "/ZWJLHVNMDBJQO4HH.jpg"}, "homeCity": "Easton, MD", "lists": {"groups": [{"items": [], "count": 8, "type": "created"}]}}, {"tips": {"count": 1}, "contact": {}, "firstName": "Maitha", "gender": "female", "lastName": "AlK", "id": "7487066", "bio": "", "photo": {"prefix": "https://igx.4sqi.net/img/user/", "suffix": "/DY3ZLCTLMUB0ICZV.jpg"}, "homeCity": "Abu Dhabi, United Arab Emirates", "lists": {"groups": [{"items": [], "count": 2, "type": "created"}]}}, {"tips": {"count": 27}, "contact": {}, "firstName": "Joooooooooooooooooooo", "gender": "male", "id": "5273318", "bio": "It's more fun in the Philippines! :D", "photo": {"prefix": "https://igx.4sqi.net/img/user/", "suffix": "/RHJI44201EFBOEYS.jpg"}, "homeCity": "Gangnam-gu, Seoul South Korea / \ub300\ud55c\ubbfc\uad6d \uc11c\uc6b8 \uac15\ub0a8\uad6c", "lists": {"groups": [{"items": [], "count": 4, "type": "created"}]}}, {"tips": {"count": 91}, "contact": {"facebook": "100000338827116"}, "firstName": "CaSPeR", "gender": "male", "id": "11477504", "bio": "www.themojoink.com", "photo": {"prefix": "https://igx.4sqi.net/img/user/", "suffix": "/11477504-3P5TJZRC13GOXD5H.jpg"}, "homeCity": "Abu Dhabi, United Arab Emirates", "lists": {"groups": [{"items": [], "count": 13, "type": "created"}]}}, {"tips": {"count": 0}, "contact": {}, "firstName": "Bent", "gender": "female", "lastName": "Ma7md", "id": "20964135", "bio": "", "photo": {"prefix": "https://igx.4sqi.net/img/user/", "suffix": "/0JOMLPWR5LWNRG2U.jpg"}, "homeCity": "AD.UAE", "lists": {"groups": [{"items": [], "count": 3, "type": "created"}]}}, {"tips": {"count": 1}, "contact": {"facebook": "514352192"}, "firstName": "Nazha", "gender": "female", "lastName": "S.", "id": "9667386", "bio": "", "photo": {"prefix": "https://igx.4sqi.net/img/user/", "suffix": "/HZHA0D3VSNXOQAAT.jpg"}, "homeCity": "Dubai, United Arab Emirates", "lists": {"groups": [{"items": [], "count": 2, "type": "created"}]}}, {"tips": {"count": 38}, "contact": {"twitter": "daniamalki"}, "firstName": "dania", "gender": "female", "lastName": "malki", "id": "3740245", "bio": "", "photo": {"prefix": "https://igx.4sqi.net/img/user/", "suffix": "/3740245-TOK25WBTOD4FMGOO.jpg"}, "homeCity": "Abu Dhabi, United Arab Emirates", "lists": {"groups": [{"items": [], "count": 4, "type": "created"}]}}, {"tips": {"count": 1}, "contact": {"twitter": "chandrachuda", "facebook": "590200642"}, "firstName": "Sonia", "gender": "female", "lastName": "Ferreira", "id": "5175759", "bio": "soniaferreira.co.uk", "photo": {"prefix": "https://igx.4sqi.net/img/user/", "suffix": "/CNXBUSYDFIGOCD4J.jpg"}, "homeCity": "London", "lists": {"groups": [{"items": [], "count": 4, "type": "created"}]}}, {"tips": {"count": 0}, "contact": {"twitter": "80pepero"}, "firstName": "'PEPERO \u2026\u2026\u2026\u2026\u2602", "gender": "female", "id": "447819", "bio": "4sq\u2764badges", "photo": {"prefix": "https://igx.4sqi.net/img/user/", "suffix": "/NNYYXATWDWH5XGZR.jpg"}, "homeCity": "everywhere", "lists": {"groups": [{"items": [], "count": 3, "type": "created"}]}}, {"superuser": 4, "tips": {"count": 81}, "contact": {"twitter": "apocalyptica", "facebook": "685105465"}, "firstName": "\u222b\u221e\u03c0\u221e \u20b0\u0e04\u0e23\u0e53\u046f\u046f\u0e17 \u221e\u03c0\u221e\u222b", "gender": "female", "lastName": "\u2122", "id": "187802", "bio": "", "photo": {"prefix": "https://igx.4sqi.net/img/user/", "suffix": "/-CCPMH311Q0E5OYNK.jpg"}, "homeCity": "Al Rahba", "lists": {"groups": [{"items": [], "count": 15, "type": "created"}]}}, {"tips": {"count": 196}, "contact": {"twitter": "mouzaalromaithi"}, "firstName": "Mouza", "gender": "female", "id": "650656", "bio": "Loves Exploring & trying out new stuff", "photo": {"prefix": "https://igx.4sqi.net/img/user/", "suffix": "/650656_g39yFhDg_Fhg1iNGUwGqRu4LHu359jxVhHXPiPMq-JxwTNTY6l500CL_C3kFUi74sAz11u2XH.jpg"}, "homeCity": "UAE", "lists": {"groups": [{"items": [], "count": 17, "type": "created"}]}}, {"tips": {"count": 5}, "contact": {"twitter": "samanthadancy"}, "firstName": "Samantha", "gender": "female", "lastName": "Dancy", "id": "379364", "bio": "", "photo": {"prefix": "https://igx.4sqi.net/img/user/", "suffix": "/3SI01KO4CV3UHVFU.jpg"}, "homeCity": "Dubai", "lists": {"groups": [{"items": [], "count": 2, "type": "created"}]}}, {"tips": {"count": 0}, "contact": {}, "firstName": "Noura", "gender": "female", "lastName": "\ud83d\udeba", "id": "73599863", "bio": "", "photo": {"prefix": "https://igx.4sqi.net/img/user/", "suffix": "/73599863-43H242HEPZRTCUOK.jpg"}, "homeCity": "Saudi Arabia.", "lists": {"groups": [{"items": [], "count": 2, "type": "created"}]}}, {"tips": {"count": 56}, "contact": {"twitter": "carolsiper"}, "firstName": "Carol Siper", "gender": "female", "id": "146858", "bio": "", "photo": {"prefix": "https://igx.4sqi.net/img/user/", "suffix": "/146858-XXBLC2QUYD5BPOWG"}, "homeCity": "S\u00e3o Paulo", "lists": {"groups": [{"items": [], "count": 2, "type": "created"}]}}, {"tips": {"count": 19}, "contact": {"twitter": "indiebutnot", "facebook": "10153339248311605"}, "firstName": "Bruna", "gender": "female", "lastName": "Aguiar", "id": "148486", "bio": "", "photo": {"prefix": "https://igx.4sqi.net/img/user/", "suffix": "/-1_1260313635651.jpg"}, "homeCity": "Dubai", "lists": {"groups": [{"items": [], "count": 3, "type": "created"}]}}, {"tips": {"count": 7}, "contact": {"twitter": "jean_ma_l", "facebook": "100000749438447"}, "firstName": "Jean", "gender": "female", "lastName": "Lirio", "id": "898674", "bio": "", "photo": {"prefix": "https://igx.4sqi.net/img/user/", "suffix": "/DIS5JROBJIJXWKGF.jpg"}, "homeCity": "Dubai, UAE", "lists": {"groups": [{"items": [], "count": 2, "type": "created"}]}}, {"tips": {"count": 3}, "contact": {"twitter": "anggiedania", "facebook": "1264545297"}, "firstName": "Anggie", "gender": "female", "lastName": "Dania", "id": "2869179", "bio": "", "photo": {"prefix": "https://igx.4sqi.net/img/user/", "suffix": "/KWRFA1EAOLYU1CN1.jpg"}, "homeCity": "New York, NY", "lists": {"groups": [{"items": [], "count": 2, "type": "created"}]}}, {"tips": {"count": 19}, "contact": {}, "firstName": "Uae500", "gender": "male", "id": "11297078", "bio": "@alshamsi500", "photo": {"prefix": "https://igx.4sqi.net/img/user/", "suffix": "/11297078-SFUU3Q5JVMY3R5VN.jpg"}, "homeCity": "London, UK", "lists": {"groups": [{"items": [], "count": 2, "type": "created"}]}}, {"tips": {"count": 0}, "contact": {}, "firstName": "Latifa", "gender": "female", "lastName": "Aj", "id": "158389521", "bio": "", "photo": {"prefix": "https://igx.4sqi.net/img/user/", "suffix": "/158389521-MX3N0IGDURD2PAAI.jpg"}, "homeCity": "Kingdom Of\ud83c\udde7\ud83c\udded", "lists": {"groups": [{"items": [], "count": 2, "type": "created"}]}}, {"tips": {"count": 2}, "contact": {"facebook": "1255309775"}, "firstName": "Tamara", "gender": "female", "lastName": "Sulimova", "id": "45389567", "bio": "", "photo": {"prefix": "https://igx.4sqi.net/img/user/", "suffix": "/4TT3L3IRZ0WQO1SN.jpg"}, "homeCity": "Minsk", "lists": {"groups": [{"items": [], "count": 2, "type": "created"}]}}, {"tips": {"count": 0}, "contact": {"twitter": "mcandini", "facebook": "545793410"}, "firstName": "Mariana", "gender": "female", "lastName": "Bastos", "id": "10633181", "bio": "", "photo": {"prefix": "https://igx.4sqi.net/img/user/", "suffix": "/NNS1G2HWZB5L55DB.jpg"}, "homeCity": "Amsterdam, Nederland", "lists": {"groups": [{"items": [], "count": 2, "type": "created"}]}}, {"tips": {"count": 0}, "contact": {}, "firstName": "Hessa", "gender": "female", "lastName": "AlFalasi", "id": "8111183", "bio": "", "photo": {"prefix": "https://igx.4sqi.net/img/user/", "suffix": "/GS4FPLOGELLR04DB.jpg"}, "homeCity": "Dubai, United Arab Emirates", "lists": {"groups": [{"items": [], "count": 2, "type": "created"}]}}, {"tips": {"count": 9}, "contact": {}, "firstName": "Hamad", "gender": "male", "lastName": "Al Dhaheri", "id": "11677575", "bio": "Kik: aldhaherih", "photo": {"prefix": "https://igx.4sqi.net/img/user/", "suffix": "/MJ2RBMPY5JTO1EUO.jpg"}, "homeCity": "Al Ain, United Arab Emirates", "lists": {"groups": [{"items": [], "count": 2, "type": "created"}]}}, {"tips": {"count": 1}, "contact": {}, "firstName": "M.S", "gender": "female", "id": "27876272", "bio": "\u062f\u064e\u0639 \u0625\u0628\u062a\u0633\u0622\u0645\u062a\u0643 \u0623\u0648\u0651\u0644 \u0645\u0644\u0622\u0645\u062d\u0643 .. \u0641\u0647\u064a \u0644\u0643 \u0635\u062d\u0651\u0647 \u0648\u0641\u064a \u0627\u0644\u062f\u0651\u064a\u0646 \u0635\u062f\u0642\u0647 ..", "photo": {"prefix": "https://igx.4sqi.net/img/user/", "suffix": "/CULKYQUZXMMOFRU1.jpg"}, "homeCity": "Ras Al Khaymah", "lists": {"groups": [{"items": [], "count": 2, "type": "created"}]}}, {"tips": {"count": 38}, "contact": {}, "firstName": "~ ~ ~ PRAY \u00a3\u20ac\u20acN ~~~", "gender": "female", "id": "25352581", "bio": "Ciao life is a school everyday is a learning lesson its up to you to learn from it or not so smile give life a curve ball", "photo": {"prefix": "https://igx.4sqi.net/img/user/", "suffix": "/25352581-YXLC4XCRNYP50AM0.jpg"}, "homeCity": "South Africa Gauteng", "lists": {"groups": [{"items": [], "count": 5, "type": "created"}]}}, {"tips": {"count": 5}, "contact": {"twitter": "nourabinhadyia", "facebook": "100006354733925"}, "firstName": "Noura", "gender": "female", "lastName": "BinHadyia", "id": "12045210", "bio": "", "photo": {"prefix": "https://igx.4sqi.net/img/user/", "suffix": "/EF1YWIWQ0X1WQ432.jpg"}, "homeCity": "United Arab Emirates , Sharjah", "lists": {"groups": [{"items": [], "count": 2, "type": "created"}]}}, {"tips": {"count": 3}, "contact": {"twitter": "hind_mohammed", "facebook": "1749054270"}, "firstName": "Hind", "gender": "female", "lastName": "Mohammed", "id": "9127261", "bio": "", "photo": {"prefix": "https://igx.4sqi.net/img/user/", "suffix": "/LJCBNK5XMO4Y23XY.jpg"}, "homeCity": "Dubai, United Arab Emirates", "lists": {"groups": [{"items": [], "count": 2, "type": "created"}]}}, {"tips": {"count": 0}, "contact": {}, "firstName": "Reem", "gender": "female", "id": "137252965", "bio": "hayat oldu\u011fu yerde sevgi vard\u0131r .. \n\u274cprivate messages", "photo": {"prefix": "https://igx.4sqi.net/img/user/", "suffix": "/137252965-ZR3IJOPPHVV1GGEU.jpg"}, "homeCity": "06", "lists": {"groups": [{"items": [], "count": 2, "type": "created"}]}}, {"tips": {"count": 0}, "contact": {}, "firstName": "Seher", "gender": "female", "lastName": "Ye\u015fil", "id": "339085110", "bio": "", "photo": {"prefix": "https://igx.4sqi.net/img/user/", "suffix": "/339085110-4SVMUCKLSEQRSBEI"}, "homeCity": "34, Istanbul", "lists": {"groups": [{"items": [], "count": 2, "type": "created"}]}}, {"tips": {"count": 9}, "contact": {}, "firstName": "B\u00e9", "gender": "female", "lastName": "Ca Lem", "id": "12847939", "bio": "", "photo": {"prefix": "https://igx.4sqi.net/img/user/", "suffix": "/3CPFIEISXW4IUW2I.jpg"}, "homeCity": "Ho Chi Minh City, Vietnam", "lists": {"groups": [{"items": [], "count": 2, "type": "created"}]}}, {"tips": {"count": 3}, "contact": {"twitter": "fatmasalim", "facebook": "10153703923911726"}, "firstName": "Fatma", "gender": "female", "lastName": "Salim", "id": "3741807", "bio": "", "photo": {"prefix": "https://igx.4sqi.net/img/user/", "suffix": "/3741807-D5EAUB3VNLIATXMU.jpg"}, "homeCity": "Dubai, United Arab Emirates", "lists": {"groups": [{"items": [], "count": 2, "type": "created"}]}}, {"tips": {"count": 0}, "contact": {"twitter": "sarasaiif"}, "firstName": "SARA", "gender": "female", "lastName": "SAIIF", "id": "22620748", "bio": "", "photo": {"prefix": "https://igx.4sqi.net/img/user/", "suffix": "/04E33LP4ZGJUUTC4.jpg"}, "homeCity": "Abu Dhabi", "lists": {"groups": [{"items": [], "count": 2, "type": "created"}]}}, {"tips": {"count": 6}, "contact": {"twitter": "thedailyhoney", "facebook": "100000044001348"}, "firstName": "Honey", "gender": "female", "id": "3934876", "bio": "", "photo": {"prefix": "https://igx.4sqi.net/img/user/", "suffix": "/OPHGPHOHG5XKJLEC.jpg"}, "homeCity": "Singapore", "lists": {"groups": [{"items": [], "count": 2, "type": "created"}]}}, {"tips": {"count": 15}, "contact": {"twitter": "linavasili"}, "firstName": "Lina", "gender": "female", "lastName": "Vasiloudis", "id": "296602", "bio": "", "photo": {"prefix": "https://igx.4sqi.net/img/user/", "suffix": "/GEPWM2PV5TPSJIUB.jpg"}, "homeCity": "Abu Dhabi", "lists": {"groups": [{"items": [], "count": 2, "type": "created"}]}}, {"tips": {"count": 49}, "contact": {"twitter": "soda1234"}, "firstName": "Morning", "gender": "male", "lastName": "Huang", "id": "380171", "bio": "Hello!! Nice to be your friend!!  \u2708\ud83c\udf0f\u2653", "photo": {"prefix": "https://igx.4sqi.net/img/user/", "suffix": "/380171-GUNPQZZXDEAJ5DEL.jpg"}, "homeCity": "\u53f0\u5317\u5e02, Taiwan", "lists": {"groups": [{"items": [], "count": 5, "type": "created"}]}}, {"tips": {"count": 25}, "contact": {"twitter": "marwsay"}, "firstName": "Marwa", "gender": "female", "lastName": "Sayed", "id": "1769080", "bio": "", "photo": {"prefix": "https://igx.4sqi.net/img/user/", "suffix": "/1IGBQ2GPN2EPFCGN.jpg"}, "homeCity": "Dubai", "lists": {"groups": [{"items": [], "count": 6, "type": "created"}]}}, {"tips": {"count": 4}, "contact": {}, "firstName": "Dunja", "gender": "female", "lastName": "Lugaric", "id": "4410988", "bio": "", "photo": {"prefix": "https://igx.4sqi.net/img/user/", "suffix": "/APO432UBQTCG23W5.jpg"}, "homeCity": "Dubai, UAE", "lists": {"groups": [{"items": [], "count": 2, "type": "created"}]}}, {"tips": {"count": 36}, "contact": {"twitter": "zlalz"}, "firstName": "Lalz", "gender": "female", "id": "2412280", "bio": "", "photo": {"prefix": "https://igx.4sqi.net/img/user/", "suffix": "/2412280_d6mkSxuI_2S2wUUdGSLdrg3cacqfj1DpWl4Y-JYB4KPhxfsXEgKthjSBLtzvMn8ROs3L9AbZh.jpg"}, "homeCity": "Istanbul, T\u00fcrkiye", "lists": {"groups": [{"items": [], "count": 2, "type": "created"}]}}, {"tips": {"count": 7}, "contact": {}, "firstName": "Kerry", "gender": "female", "lastName": "Fyfe", "id": "3046207", "bio": "", "photo": {"prefix": "https://igx.4sqi.net/img/user/", "suffix": "/3046207-F1RO3BGCA0ETXMV0.jpg"}, "homeCity": "Dubai, United Arab Emirates", "lists": {"groups": [{"items": [], "count": 2, "type": "created"}]}}, {"tips": {"count": 6}, "contact": {"twitter": "aimeedars", "facebook": "513052775"}, "firstName": "Aimee Dars", "gender": "female", "lastName": "Ellis", "id": "11303067", "bio": "", "photo": {"prefix": "https://igx.4sqi.net/img/user/", "suffix": "/3HQR3PNNLPLA5UDH.jpg"}, "homeCity": "Ithaca, NY", "lists": {"groups": [{"items": [], "count": 4, "type": "created"}]}}, {"tips": {"count": 0}, "contact": {}, "firstName": "\u0627\u0631\u0648\u0649", "gender": "none", "lastName": "\u0639.", "id": "195679273", "bio": "Kik: arwa_al111", "photo": {"prefix": "https://igx.4sqi.net/img/user/", "suffix": "/195679273-3TU45OYPYOUOUFOI.jpg"}, "homeCity": "Riyadh, 10", "lists": {"groups": [{"items": [], "count": 2, "type": "created"}]}}, {"tips": {"count": 0}, "contact": {}, "firstName": "ayouda", "gender": "female", "lastName": "Alawadhi", "id": "57392606", "bio": "", "photo": {"prefix": "https://igx.4sqi.net/img/user/", "suffix": "/57392606-3QTGMOBW5MCCEKFX.jpg"}, "homeCity": "Dubai, 03", "lists": {"groups": [{"items": [], "count": 2, "type": "created"}]}}, {"tips": {"count": 5}, "contact": {"facebook": "1212248309"}, "firstName": "Ahmed", "gender": "male", "lastName": "Saeed", "id": "11636543", "bio": "", "photo": {"prefix": "https://igx.4sqi.net/img/user/", "suffix": "/11636543-A0B2PTWUWO0FB224.jpg"}, "homeCity": "Abu Dhabi, United Arab Emirates", "lists": {"groups": [{"items": [], "count": 2, "type": "created"}]}}, {"tips": {"count": 8}, "contact": {"twitter": "benandila", "facebook": "892990321"}, "firstName": "BenanDila", "gender": "female", "id": "8554323", "bio": "", "photo": {"prefix": "https://igx.4sqi.net/img/user/", "suffix": "/UGIHBZDZEYYUYVQJ.jpg"}, "homeCity": "Istanbul, T\u00fcrkiye", "lists": {"groups": [{"items": [], "count": 2, "type": "created"}]}}, {"tips": {"count": 0}, "contact": {"twitter": "themarimar", "facebook": "100000074218991"}, "firstName": "MariMar", "gender": "female", "id": "11696793", "bio": "Nothing special.. Its just that am an Unique LEO\u264c\r\n\r\ninstagram; TheMariMar\r\ntwitter; TheMariMar\r\nkik; TheMariMar\r\nEmail; TheMariMar@Gmail.com", "photo": {"prefix": "https://igx.4sqi.net/img/user/", "suffix": "/PW2TKDM1I5IUO33C.jpg"}, "homeCity": "United Arab Emirates", "lists": {"groups": [{"items": [], "count": 2, "type": "created"}]}}, {"tips": {"count": 1}, "contact": {"twitter": "anchamassage", "facebook": "100001407004273"}, "firstName": "Ancha", "gender": "female", "lastName": "Massage", "id": "29506473", "bio": "Amazing Bangkok Mobile Massage Girls provide\r\nThai Traditional Massage, Body Massage,\r\nAroma Oil Massage, Bangkok Nuru Massage.http://www.anchamassage.com", "photo": {"prefix": "https://igx.4sqi.net/img/user/", "suffix": "/3DLU4LWSOLJRNUDG.jpg"}, "homeCity": "Bangkok", "lists": {"groups": [{"items": [], "count": 2, "type": "created"}]}}, {"tips": {"count": 16}, "contact": {"facebook": "1533744626"}, "firstName": "Adela", "gender": "female", "lastName": "Sasu", "id": "26246437", "bio": "", "photo": {"prefix": "https://igx.4sqi.net/img/user/", "suffix": "/TIDK011L3JFFATNV.jpg"}, "homeCity": "Bucharest", "lists": {"groups": [{"items": [], "count": 18, "type": "created"}]}}, {"tips": {"count": 1}, "contact": {"twitter": "lufluff"}, "firstName": "lufluff", "gender": "female", "id": "12061209", "bio": "", "photo": {"prefix": "https://igx.4sqi.net/img/user/", "suffix": "/KY1QJC5ABUYMOWY0.jpg"}, "homeCity": "Dubai, United Arab Emirates", "lists": {"groups": [{"items": [], "count": 2, "type": "created"}]}}, {"tips": {"count": 8}, "contact": {}, "firstName": "Sadz \ue32e", "gender": "male", "lastName": "4 \ue32e", "id": "13747993", "bio": "The whole Idea of exploring in a completely different location and culture is exciting.", "photo": {"prefix": "https://igx.4sqi.net/img/user/", "suffix": "/EVCGZE4HLY0UQXVR.jpg"}, "homeCity": "Getxo, Espa\u00f1a", "lists": {"groups": [{"items": [], "count": 3, "type": "created"}]}}, {"tips": {"count": 0}, "contact": {}, "firstName": "Mouza", "gender": "female", "lastName": "M", "id": "148193561", "bio": "", "photo": {"prefix": "https://igx.4sqi.net/img/user/", "suffix": "/148193561-5XN4TRX12W5KAYK2.jpg"}, "homeCity": "", "lists": {"groups": [{"items": [], "count": 2, "type": "created"}]}}, {"tips": {"count": 1}, "contact": {}, "firstName": "Nada", "gender": "female", "id": "14091802", "bio": "", "photo": {"prefix": "https://igx.4sqi.net/img/user/", "suffix": "/RN1C3H4QR4OHCUEP.jpg"}, "homeCity": "Sharjah, United Arab Emirates", "lists": {"groups": [{"items": [], "count": 2, "type": "created"}]}}, {"tips": {"count": 7}, "contact": {"twitter": "colourfulminds", "facebook": "100002028440910"}, "firstName": "Wadei", "gender": "male", "lastName": "Laroussi", "id": "4977663", "bio": "", "photo": {"prefix": "https://igx.4sqi.net/img/user/", "suffix": "/FPOPGDMUOIAN1NVT.jpg"}, "homeCity": "AMERSFOORT (Netherlands)", "lists": {"groups": [{"items": [], "count": 3, "type": "created"}]}}, {"tips": {"count": 2}, "contact": {"twitter": "missou842008", "facebook": "1403301927"}, "firstName": "Mayssa", "gender": "female", "lastName": "C", "id": "23056167", "bio": "Instagram:@M_C84", "photo": {"prefix": "https://igx.4sqi.net/img/user/", "suffix": "/23056167-K0RLPDJNYVW1X2NY.jpg"}, "homeCity": "Al Ain", "lists": {"groups": [{"items": [], "count": 2, "type": "created"}]}}, {"tips": {"count": 60}, "contact": {}, "firstName": "Lily", "gender": "female", "lastName": "Flower", "id": "15660792", "bio": "Simple, natural & lovely...", "photo": {"prefix": "https://igx.4sqi.net/img/user/", "suffix": "/3RS3JXT5WRGOOEW2.jpg"}, "homeCity": "Abu Dhabi, United Arab Emirates", "lists": {"groups": [{"items": [], "count": 2, "type": "created"}]}}, {"tips": {"count": 7}, "contact": {"twitter": "mrsfieldstopryd", "facebook": "705227247"}, "firstName": "Mrs Fields", "gender": "none", "lastName": "Top Ryde", "id": "2301145", "bio": "", "photo": {"prefix": "https://igx.4sqi.net/img/user/", "suffix": "/OG3LIOSU3GYHJKG0.jpg"}, "homeCity": "Ryde, Australia", "lists": {"groups": [{"items": [], "count": 3, "type": "created"}]}}, {"tips": {"count": 11}, "contact": {"twitter": "beggythequeen"}, "firstName": "Brenda", "gender": "female", "lastName": "Beggiato", "id": "1701080", "bio": "", "photo": {"prefix": "https://igx.4sqi.net/img/user/", "suffix": "/ZYYNWGXRMTQWVCGB.jpg"}, "homeCity": "Milano, Lombardia", "lists": {"groups": [{"items": [], "count": 2, "type": "created"}]}}, {"tips": {"count": 0}, "contact": {}, "firstName": "Savanna", "gender": "female", "lastName": "Harris", "id": "81791032", "bio": "", "photo": {"prefix": "https://igx.4sqi.net/img/user/", "suffix": "/81791032-F0UJ5TCUATJJS0KD.jpg"}, "homeCity": "", "lists": {"groups": [{"items": [], "count": 2, "type": "created"}]}}, {"tips": {"count": 13}, "contact": {}, "firstName": "Hamad bin", "gender": "male", "lastName": "Rashed", "id": "15251161", "bio": "", "photo": {"prefix": "https://igx.4sqi.net/img/user/", "suffix": "/31HCHT1HEMVCEXVB.jpg"}, "homeCity": "Abu Dhabi, United Arab Emirates", "lists": {"groups": [{"items": [], "count": 2, "type": "created"}]}}, {"tips": {"count": 15}, "contact": {"twitter": "anthonycameo", "facebook": "508798628"}, "firstName": "Anthony", "gender": "male", "lastName": "Cameo", "id": "3119440", "bio": "", "photo": {"prefix": "https://igx.4sqi.net/img/user/", "suffix": "/QGMZELXLNG53XNMV.jpg"}, "homeCity": "Los Angeles, CA / New Brunswick NJ", "lists": {"groups": [{"items": [], "count": 2, "type": "created"}]}}, {"tips": {"count": 3}, "contact": {}, "firstName": "Mohamed", "gender": "male", "lastName": "Bin Omair", "id": "13187518", "bio": "\u0627\u0628\u0648\u0638\u0628\u064a", "photo": {"prefix": "https://irs0.4sqi.net/img/user/", "suffix": "/YBVW2DY2JSZE4HFN.jpg"}, "homeCity": "Al Ain, United Arab Emirates", "lists": {"groups": [{"items": [], "count": 8, "type": "created"}]}}, {"tips": {"count": 6}, "contact": {"twitter": "dada_charlotte"}, "firstName": "Dada Charlotte", "gender": "female", "lastName": "Tepavac", "id": "15568907", "bio": "Snapchat: dada_charlotte", "photo": {"prefix": "https://igx.4sqi.net/img/user/", "suffix": "/F2NN4UEVCKNXLB13.jpg"}, "homeCity": "Dubai, UAE", "lists": {"groups": [{"items": [], "count": 2, "type": "created"}]}}, {"tips": {"count": 0}, "contact": {}, "firstName": "\u2728\ud83d\udc0e", "gender": "female", "id": "348302000", "bio": "", "photo": {"prefix": "https://igx.4sqi.net/img/user/", "suffix": "/348302000_NlClsIcY_uBmxg4ih6EnU6b7XHybwhwLLHhghhMrSsPdVzwWTDX0eqWenBm79atRRB8kZwThT.jpg"}, "homeCity": "Riyadh, 10", "lists": {"groups": [{"items": [], "count": 2, "type": "created"}]}}, {"tips": {"count": 0}, "contact": {}, "firstName": "Gretchen", "gender": "female", "lastName": "Blackwood", "id": "75628962", "bio": "", "photo": {"prefix": "https://igx.4sqi.net/img/user/", "suffix": "/blank_girl.png", "default": true}, "homeCity": "Victoria,KS", "lists": {"groups": [{"items": [], "count": 2, "type": "created"}]}}, {"tips": {"count": 5}, "contact": {"facebook": "840715461"}, "firstName": "Lubna", "gender": "female", "lastName": "Aqel", "id": "13350287", "bio": "", "photo": {"prefix": "https://igx.4sqi.net/img/user/", "suffix": "/13350287-ZYUVEESCX25RNZDT.jpg"}, "homeCity": "Miami, FL", "lists": {"groups": [{"items": [], "count": 2, "type": "created"}]}}, {"tips": {"count": 0}, "contact": {"twitter": "hindmm"}, "firstName": "Hind", "gender": "female", "lastName": "AlMarri", "id": "8563044", "bio": "", "photo": {"prefix": "https://igx.4sqi.net/img/user/", "suffix": "/YBGS3YRZVTTDHDLN.jpg"}, "homeCity": "Dubai, United Arab Emirates", "lists": {"groups": [{"items": [], "count": 2, "type": "created"}]}}, {"tips": {"count": 0}, "contact": {"twitter": "monmon923"}, "firstName": "monmon923", "gender": "male", "id": "11812993", "bio": "", "photo": {"prefix": "https://igx.4sqi.net/img/user/", "suffix": "/NZDSJOLC1DLUQIAH.jpg"}, "homeCity": "\u6e0b\u8c37\u533a, \u65e5\u672c", "lists": {"groups": [{"items": [], "count": 2, "type": "created"}]}}, {"tips": {"count": 1}, "contact": {}, "firstName": "Drink Time", "gender": "female", "id": "35740727", "bio": "Don't screw up your chance!!", "photo": {"prefix": "https://igx.4sqi.net/img/user/", "suffix": "/UMFPSPPKOVV3LCJM.jpg"}, "homeCity": "Moscow", "lists": {"groups": [{"items": [], "count": 2, "type": "created"}]}}, {"tips": {"count": 0}, "contact": {}, "firstName": "Sarah", "gender": "female", "lastName": "Aj", "id": "30168877", "bio": "", "photo": {"prefix": "https://igx.4sqi.net/img/user/", "suffix": "/SULUDH5KM4T1GKH4.jpg"}, "homeCity": "Dubai", "lists": {"groups": [{"items": [], "count": 2, "type": "created"}]}}, {"tips": {"count": 1}, "contact": {}, "firstName": "Jessica", "gender": "female", "lastName": "J.", "id": "14118812", "bio": "", "photo": {"prefix": "https://igx.4sqi.net/img/user/", "suffix": "/14118812-3VW3JWQUJ2DFGW21.jpg"}, "homeCity": "New York", "lists": {"groups": [{"items": [], "count": 2, "type": "created"}]}}, {"tips": {"count": 1}, "contact": {"twitter": "chabtanwarhasan", "facebook": "100000175295043"}, "firstName": "Icha binti", "gender": "female", "lastName": "Anwar Hasan", "id": "20048043", "bio": "", "photo": {"prefix": "https://igx.4sqi.net/img/user/", "suffix": "/20048043-WI2FDK2ZQXIMJZJW.jpg"}, "homeCity": "Jakarta, Indonesia", "lists": {"groups": [{"items": [], "count": 2, "type": "created"}]}}, {"tips": {"count": 30}, "contact": {}, "firstName": "Kristina", "gender": "female", "id": "15453014", "bio": "Let's rock! ;-)", "photo": {"prefix": "https://igx.4sqi.net/img/user/", "suffix": "/15453014-PYMJKRZNZYIOMIZX.jpg"}, "homeCity": "\u0433\u043e\u0440\u043e\u0434 \u041c\u043e\u0441\u043a\u0432\u0430, \u0420\u043e\u0441\u0441\u0438\u044f", "lists": {"groups": [{"items": [], "count": 7, "type": "created"}]}}, {"tips": {"count": 0}, "contact": {"twitter": "_amnaar_"}, "firstName": "moony", "gender": "female", "id": "4989414", "bio": "", "photo": {"prefix": "https://igx.4sqi.net/img/user/", "suffix": "/VCV0XTGWQTU5BJV3.jpg"}, "homeCity": "Abu Dhabi, United Arab Emirates", "lists": {"groups": [{"items": [], "count": 2, "type": "created"}]}}, {"tips": {"count": 17}, "contact": {"twitter": "a130194", "facebook": "100005964221451"}, "firstName": "Alya", "gender": "female", "lastName": "Alrumaithy.", "id": "48714589", "bio": "", "photo": {"prefix": "https://igx.4sqi.net/img/user/", "suffix": "/48714589_NBSeH1Sh_06ydQ1xUinjgl0x3IbZvHqwpdzXM3WuqWUF3aNEtMM9_TDCnloHvskohs32I1HP1.jpg"}, "homeCity": "Abu Dhabi", "lists": {"groups": [{"items": [], "count": 5, "type": "created"}]}}, {"tips": {"count": 14}, "contact": {}, "firstName": "Laura \u2728\ud83c\udf78\u2728Reed", "gender": "female", "id": "4788078", "bio": "", "photo": {"prefix": "https://igx.4sqi.net/img/user/", "suffix": "/MMFUS32NOIBSYAJL.jpg"}, "homeCity": "Marlborough, MA", "lists": {"groups": [{"items": [], "count": 2, "type": "created"}]}}, {"tips": {"count": 40}, "contact": {"twitter": "asj2778", "facebook": "100001587926513"}, "firstName": "\uc18c\uc815", "gender": "female", "id": "85036856", "bio": "\ub099\ucc9c\uc8fc\uc758\uc790", "photo": {"prefix": "https://igx.4sqi.net/img/user/", "suffix": "/85036856-EBLVD4TRMN53UTKI.jpg"}, "homeCity": "\uc11c\uc6b8\ud2b9\ubcc4\uc2dc,\uc758\uc815\ubd80\uc2dc", "lists": {"groups": [{"items": [], "count": 2, "type": "created"}]}}, {"tips": {"count": 0}, "contact": {"twitter": "um_rashody", "facebook": "1258468341"}, "firstName": "Um", "gender": "female", "lastName": "Rashody", "id": "5229855", "bio": "", "photo": {"prefix": "https://igx.4sqi.net/img/user/", "suffix": "/LGV4QKJR15JN52PZ.jpg"}, "homeCity": "Abu Dhabi, United Arab Emirates", "lists": {"groups": [{"items": [], "count": 2, "type": "created"}]}}, {"tips": {"count": 0}, "contact": {"facebook": "100000282995423"}, "firstName": "79009 ad \u2765", "gender": "female", "lastName": "\u0627\u0644\u062d\u0640\u0640\u0635 \u0627\u0644\u0645\u0646\u0642\u0627\u064a\u0640\u0640\u0629", "id": "13187828", "bio": "", "photo": {"prefix": "https://igx.4sqi.net/img/user/", "suffix": "/QMCOWTVQL4HWGMLO.jpg"}, "homeCity": "abu dhabi", "lists": {"groups": [{"items": [], "count": 2, "type": "created"}]}}, {"tips": {"count": 0}, "contact": {}, "firstName": "Fernandda", "gender": "female", "lastName": "Castro", "id": "31615660", "bio": "", "photo": {"prefix": "https://igx.4sqi.net/img/user/", "suffix": "/ITULIRAVEH2LZ2BP.jpg"}, "homeCity": "Montes Claros", "lists": {"groups": [{"items": [], "count": 2, "type": "created"}]}}, {"tips": {"count": 0}, "contact": {}, "firstName": "jooj", "gender": "female", "lastName": "\ud83c\udfc7", "id": "15408428", "bio": "Instgram: @zeraihya", "photo": {"prefix": "https://igx.4sqi.net/img/user/", "suffix": "/AE3CROJCJ33OPGGL.jpg"}, "homeCity": "Dubai, United Arab Emirates", "lists": {"groups": [{"items": [], "count": 2, "type": "created"}]}}, {"tips": {"count": 3}, "contact": {"facebook": "748961146"}, "firstName": "Arthur", "gender": "male", "lastName": "de Souza", "id": "12469758", "bio": "", "photo": {"prefix": "https://igx.4sqi.net/img/user/", "suffix": "/12469758_u6Bw9GTs_9wudIFoizpNxvGCaWpf3cG_xGxMyN7XahaiALrOq3tLVDcAi7LPg2wWFjmhV1Clo.jpg"}, "homeCity": "Abu Dhabi", "lists": {"groups": [{"items": [], "count": 2, "type": "created"}]}}, {"tips": {"count": 3}, "contact": {"twitter": "humaid_1", "facebook": "100000011790068"}, "firstName": "Humaid", "gender": "male", "lastName": "Al Shamsi", "id": "15494166", "bio": "", "photo": {"prefix": "https://igx.4sqi.net/img/user/", "suffix": "/15494166-VEY2KPGSGRRB3ETE.jpg"}, "homeCity": "Abu Dhabi, United Arab Emirates", "lists": {"groups": [{"items": [], "count": 2, "type": "created"}]}}, {"tips": {"count": 0}, "contact": {}, "firstName": "Shamma", "gender": "female", "lastName": "M", "id": "36003728", "bio": "Starting all over again !", "photo": {"prefix": "https://igx.4sqi.net/img/user/", "suffix": "/UDKVEW2TGMOQCRUV.jpg"}, "homeCity": "Abu Dhabi", "lists": {"groups": [{"items": [], "count": 2, "type": "created"}]}}, {"tips": {"count": 7}, "contact": {"facebook": "707496887"}, "firstName": "Ali", "gender": "male", "lastName": "Aldhaheri", "id": "48497908", "bio": "", "photo": {"prefix": "https://igx.4sqi.net/img/user/", "suffix": "/BLMKI2UUPU11OUPT.jpg"}, "homeCity": "Abu Dhabi", "lists": {"groups": [{"items": [], "count": 2, "type": "created"}]}}, {"tips": {"count": 0}, "contact": {}, "firstName": "Hisham", "gender": "male", "lastName": "M", "id": "17188741", "bio": "", "photo": {"prefix": "https://igx.4sqi.net/img/user/", "suffix": "/ISYW2XBADV3VB1KV.jpg"}, "homeCity": "Abu Dhabi, United Arab Emirates", "lists": {"groups": [{"items": [], "count": 2, "type": "created"}]}}, {"tips": {"count": 2}, "contact": {}, "firstName": "Nagham", "gender": "female", "lastName": "Mohd", "id": "20085414", "bio": "", "photo": {"prefix": "https://igx.4sqi.net/img/user/", "suffix": "/BIALVE3TOH1H2TE0.jpg"}, "homeCity": "Abu Dhabi, United Arab Emirates", "lists": {"groups": [{"items": [], "count": 2, "type": "created"}]}}, {"tips": {"count": 0}, "contact": {}, "firstName": "Mohammed", "gender": "male", "lastName": "Al neaimi", "id": "20334362", "bio": "", "photo": {"prefix": "https://igx.4sqi.net/img/user/", "suffix": "/blank_boy.png", "default": true}, "homeCity": "Englewood, CO", "lists": {"groups": [{"items": [], "count": 2, "type": "created"}]}}, {"tips": {"count": 0}, "contact": {"twitter": "hamda_s"}, "firstName": "Hamda", "gender": "female", "lastName": "S", "id": "4993392", "bio": "", "photo": {"prefix": "https://igx.4sqi.net/img/user/", "suffix": "/3IMBYFTC22EOWFOV.jpg"}, "homeCity": "Dubai, United Arab Emirates", "lists": {"groups": [{"items": [], "count": 2, "type": "created"}]}}, {"tips": {"count": 10}, "contact": {"twitter": "dilypeneva", "facebook": "720606458"}, "firstName": "Dilyana", "gender": "female", "lastName": "Peneva", "id": "10189276", "bio": "All people bring Happiness into our life ... Some of them with his Presence, the others with their Absence \u263a", "photo": {"prefix": "https://igx.4sqi.net/img/user/", "suffix": "/VIOR5XFHHMWDR4CG.jpg"}, "homeCity": "Dubai, United Arab Emirates", "lists": {"groups": [{"items": [], "count": 4, "type": "created"}]}}, {"tips": {"count": 0}, "contact": {"facebook": "939964559356854"}, "firstName": "Duygu", "gender": "female", "lastName": "Nurdo\u011fan", "id": "86352771", "bio": "", "photo": {"prefix": "https://igx.4sqi.net/img/user/", "suffix": "/86352771-VUZNB2DKUTR3THCF.jpg"}, "homeCity": "Bodrum, Mu\u011fla", "lists": {"groups": [{"items": [], "count": 2, "type": "created"}]}}, {"tips": {"count": 0}, "contact": {}, "firstName": "Carla Denisse", "gender": "female", "lastName": "Mertes", "id": "8729128", "bio": "Party and bullsh*t", "photo": {"prefix": "https://igx.4sqi.net/img/user/", "suffix": "/BVW2N0VALRBHIKWK.jpg"}, "homeCity": "New York, NY", "lists": {"groups": [{"items": [], "count": 2, "type": "created"}]}}, {"tips": {"count": 15}, "contact": {"twitter": "ad425g", "facebook": "100000568129161"}, "firstName": "Bu Muhammad", "gender": "male", "lastName": "\u261d\u0118\u00d1G B\u00c6D\u0118R\u261d", "id": "13188905", "bio": "", "photo": {"prefix": "https://igx.4sqi.net/img/user/", "suffix": "/UHYVO5XOXKLN11XY.jpg"}, "homeCity": "Al Ain, United Arab Emirates", "lists": {"groups": [{"items": [], "count": 2, "type": "created"}]}}, {"tips": {"count": 0}, "contact": {}, "firstName": "misty", "gender": "female", "id": "32296121", "bio": "", "photo": {"prefix": "https://igx.4sqi.net/img/user/", "suffix": "/1GPIOMWOHVOUNKZW.jpg"}, "homeCity": "Abu Dhabi", "lists": {"groups": [{"items": [], "count": 2, "type": "created"}]}}, {"tips": {"count": 0}, "contact": {"facebook": "100002608513892"}, "firstName": "\u9e9f\u308a\u3093", "gender": "female", "lastName": "\u4faf\u3053\u3046", "id": "15411200", "bio": "", "photo": {"prefix": "https://igx.4sqi.net/img/user/", "suffix": "/PFWVBCHTRV2SOC0S.jpg"}, "homeCity": "\u5927\u962a\u5e02\u6dc0\u5ddd\u533a, \u65e5\u672c", "lists": {"groups": [{"items": [], "count": 2, "type": "created"}]}}, {"tips": {"count": 0}, "contact": {}, "firstName": "Perla", "gender": "female", "lastName": "Nera", "id": "12636803", "bio": "", "photo": {"prefix": "https://igx.4sqi.net/img/user/", "suffix": "/1ANCEDJCSFMYBCLZ.jpg"}, "homeCity": "United Arab Emirates", "lists": {"groups": [{"items": [], "count": 2, "type": "created"}]}}, {"tips": {"count": 0}, "contact": {"twitter": "zahraad", "facebook": "574722745"}, "firstName": "Zahra", "gender": "female", "lastName": "\ud83c\udf38", "id": "15730166", "bio": "", "photo": {"prefix": "https://igx.4sqi.net/img/user/", "suffix": "/YM2IN1G2YPFWC3RS.jpg"}, "homeCity": "Abu Dhabi, United Arab Emirates", "lists": {"groups": [{"items": [], "count": 2, "type": "created"}]}}, {"tips": {"count": 1}, "contact": {"twitter": "shaikhakhs", "facebook": "556561980"}, "firstName": "Shaikha", "gender": "female", "lastName": "Khalid Al Malik", "id": "36442733", "bio": "Carpe Diem.", "photo": {"prefix": "https://igx.4sqi.net/img/user/", "suffix": "/36442733-MGG5RMMGQJZDXL50.jpg"}, "homeCity": "Dubai", "lists": {"groups": [{"items": [], "count": 2, "type": "created"}]}}, {"tips": {"count": 4}, "contact": {"facebook": "100002522427630"}, "firstName": "gee", "gender": "male", "lastName": "_maxx", "id": "17684195", "bio": "too much for this square", "photo": {"prefix": "https://igx.4sqi.net/img/user/", "suffix": "/LDP4R5Y2KCVNCBRJ.jpg"}, "homeCity": "Lehrte, Deutschland", "lists": {"groups": [{"items": [], "count": 2, "type": "created"}]}}, {"tips": {"count": 2}, "contact": {}, "firstName": "\u041b\u0435\u043d\u0430", "gender": "female", "lastName": "\u0418\u043b\u044c\u0438\u043d\u0430", "id": "20116937", "bio": "", "photo": {"prefix": "https://igx.4sqi.net/img/user/", "suffix": "/20116937-PFOTZJQERT0RUXAL.jpg"}, "homeCity": "SPb", "lists": {"groups": [{"items": [], "count": 2, "type": "created"}]}}, {"tips": {"count": 0}, "contact": {}, "firstName": "Unknown", "gender": "female", "lastName": "69", "id": "24987388", "bio": "", "photo": {"prefix": "https://igx.4sqi.net/img/user/", "suffix": "/5BGN5SWR5AH2EUW5.jpg"}, "homeCity": "Abu Dhabi", "lists": {"groups": [{"items": [], "count": 2, "type": "created"}]}}, {"tips": {"count": 0}, "contact": {}, "firstName": "Yanti", "gender": "female", "id": "5117372", "bio": "", "photo": {"prefix": "https://igx.4sqi.net/img/user/", "suffix": "/0W0NCYF5W1PA0A2D.jpg"}, "homeCity": "New York, NY", "lists": {"groups": [{"items": [], "count": 2, "type": "created"}]}}, {"tips": {"count": 3}, "contact": {"twitter": "bangkokohomassa", "facebook": "100003923231237"}, "firstName": "bangkok", "gender": "female", "lastName": "ohomassage", "id": "21784937", "bio": "Ohooo... Bangkok OHO Massage Girls Outcall Service provides Bangkok Body Massage, Aroma Oil Massage and Bangkok Nuru Massage.\r\nhttp://www.bangkokohomassage.com/", "photo": {"prefix": "https://igx.4sqi.net/img/user/", "suffix": "/23Z3UTZQK3YXEFEV.jpg"}, "homeCity": "Bangkok", "lists": {"groups": [{"items": [], "count": 3, "type": "created"}]}}, {"tips": {"count": 0}, "contact": {}, "firstName": "Moz", "gender": "male", "lastName": "A.", "id": "8810576", "bio": "", "photo": {"prefix": "https://igx.4sqi.net/img/user/", "suffix": "/ZOMI5BWMEUHF3R0A.jpg"}, "homeCity": "Dubai, United Arab Emirates", "lists": {"groups": [{"items": [], "count": 2, "type": "created"}]}}, {"tips": {"count": 0}, "contact": {}, "firstName": "Only", "gender": "male", "lastName": "One", "id": "13188966", "bio": "", "photo": {"prefix": "https://igx.4sqi.net/img/user/", "suffix": "/0DY15AZ5Y1KOYYTX.jpg"}, "homeCity": "Al Ain, United Arab Emirates", "lists": {"groups": [{"items": [], "count": 2, "type": "created"}]}}, {"tips": {"count": 0}, "contact": {"twitter": "79aaa"}, "firstName": "Hessa", "gender": "female", "id": "32324578", "bio": "", "photo": {"prefix": "https://igx.4sqi.net/img/user/", "suffix": "/EYTXWATTIKOCBUUU.jpg"}, "homeCity": "UAE", "lists": {"groups": [{"items": [], "count": 2, "type": "created"}]}}, {"tips": {"count": 0}, "contact": {"twitter": "tomah_"}, "firstName": "Fatima", "gender": "female", "lastName": "MR", "id": "15836118", "bio": "", "photo": {"prefix": "https://igx.4sqi.net/img/user/", "suffix": "/L2TW00LNDNUDPG4L.jpg"}, "homeCity": "Abu Dhabi, United Arab Emirates", "lists": {"groups": [{"items": [], "count": 2, "type": "created"}]}}, {"tips": {"count": 344}, "contact": {}, "firstName": "Maria", "gender": "female", "lastName": "Shershakova", "id": "12762936", "bio": "Instagram: mashydubai\r\nSnapchat: mashushok", "photo": {"prefix": "https://igx.4sqi.net/img/user/", "suffix": "/12762936-SXR1KL5FENORKP35.jpg"}, "homeCity": "Dubai, United Arab Emirates", "lists": {"groups": [{"items": [], "count": 4, "type": "created"}]}}, {"tips": {"count": 21}, "contact": {"twitter": "icryptic"}, "firstName": "rose", "gender": "female", "id": "24971246", "bio": "", "photo": {"prefix": "https://igx.4sqi.net/img/user/", "suffix": "/24971246-KP3F1YPMR1DSAU0P.jpg"}, "homeCity": "Dubai", "lists": {"groups": [{"items": [], "count": 2, "type": "created"}]}}, {"tips": {"count": 17}, "contact": {"twitter": "shaikhalameri"}, "firstName": "Shaikha", "gender": "female", "id": "37318010", "bio": "", "photo": {"prefix": "https://igx.4sqi.net/img/user/", "suffix": "/37318010-DWBJKUXI1NKDXDCB.jpg"}, "homeCity": "Dubay", "lists": {"groups": [{"items": [], "count": 4, "type": "created"}]}}, {"tips": {"count": 0}, "contact": {"twitter": "kate_design", "facebook": "100000030937724"}, "firstName": "Katerina\ue347", "gender": "female", "lastName": "Kosmo", "id": "17737331", "bio": "", "photo": {"prefix": "https://igx.4sqi.net/img/user/", "suffix": "/FJZMU0FYE3IRDD1Q.jpg"}, "homeCity": "\u0433\u043e\u0440\u043e\u0434 \u041c\u043e\u0441\u043a\u0432\u0430, \u0420\u043e\u0441\u0441\u0438\u044f", "lists": {"groups": [{"items": [], "count": 2, "type": "created"}]}}, {"tips": {"count": 0}, "contact": {"twitter": "toomi94"}, "firstName": "Fatema", "gender": "female", "lastName": "AlMehairi", "id": "20203558", "bio": "", "photo": {"prefix": "https://igx.4sqi.net/img/user/", "suffix": "/CRWXALNPS04TXAS5.jpg"}, "homeCity": "Abu Dhabi, United Arab Emirates", "lists": {"groups": [{"items": [], "count": 2, "type": "created"}]}}, {"tips": {"count": 0}, "contact": {"twitter": "nawall8"}, "firstName": "Like a star", "gender": "female", "lastName": "\ud83d\ude0f", "id": "16078264", "bio": "", "photo": {"prefix": "https://igx.4sqi.net/img/user/", "suffix": "/XW4C0V0UDN1MGDPZ.jpg"}, "homeCity": "Dubai, United Arab Emirates", "lists": {"groups": [{"items": [], "count": 2, "type": "created"}]}}, {"tips": {"count": 0}, "contact": {"twitter": "aldabaaldarmaki", "facebook": "1493464187"}, "firstName": "Al", "gender": "male", "lastName": "Darmaki", "id": "10904853", "bio": "", "photo": {"prefix": "https://igx.4sqi.net/img/user/", "suffix": "/21GBMDU0GTMRI3SO.jpg"}, "homeCity": "Abu Dhabi, United Arab Emirates", "lists": {"groups": [{"items": [], "count": 2, "type": "created"}]}}, {"tips": {"count": 0}, "contact": {}, "firstName": "Ali S", "gender": "male", "id": "13189301", "bio": "", "photo": {"prefix": "https://igx.4sqi.net/img/user/", "suffix": "/TOG1XH4LFX3XGHCP.jpg"}, "homeCity": "United Arab Emirates.  ", "lists": {"groups": [{"items": [], "count": 2, "type": "created"}]}}, {"tips": {"count": 0}, "contact": {"facebook": "100001383060160"}, "firstName": "abb", "gender": "male", "lastName": "b", "id": "32400585", "bio": "", "photo": {"prefix": "https://igx.4sqi.net/img/user/", "suffix": "/32400585-POZYAUFSZD04XYAN.jpg"}, "homeCity": "Istanbul", "lists": {"groups": [{"items": [], "count": 2, "type": "created"}]}}, {"tips": {"count": 0}, "contact": {}, "firstName": "Fofo_AD", "gender": "female", "id": "34716469", "bio": "I'm not perfect  but, I believe I'm different \r\nTwitter: @FS_AD  \r\nInstegram : FS_AD", "photo": {"prefix": "https://igx.4sqi.net/img/user/", "suffix": "/ZSY0V1ADTSQ5RNNF.jpg"}, "homeCity": "Abu dhabi", "lists": {"groups": [{"items": [], "count": 2, "type": "created"}]}}, {"tips": {"count": 7}, "contact": {"facebook": "739965288"}, "firstName": "Shareez", "gender": "female", "lastName": "C.K", "id": "13440160", "bio": "", "photo": {"prefix": "https://igx.4sqi.net/img/user/", "suffix": "/13440160-MN0G5A0VFZSVNW4Y.jpg"}, "homeCity": "abu dhabi", "lists": {"groups": [{"items": [], "count": 2, "type": "created"}]}}, {"tips": {"count": 0}, "contact": {"facebook": "641934707"}, "firstName": "Catarina", "gender": "female", "lastName": "Azevedo", "id": "27654407", "bio": "", "photo": {"prefix": "https://igx.4sqi.net/img/user/", "suffix": "/TM0I2PLSJDYHHWPZ.jpg"}, "homeCity": "Cascais", "lists": {"groups": [{"items": [], "count": 5, "type": "created"}]}}, {"tips": {"count": 0}, "contact": {}, "firstName": "\u2728Alray8a\u2728", "gender": "female", "id": "22236969", "bio": "", "photo": {"prefix": "https://igx.4sqi.net/img/user/", "suffix": "/SO10NJMKGS0H2BT5.jpg"}, "homeCity": "", "lists": {"groups": [{"items": [], "count": 2, "type": "created"}]}}, {"tips": {"count": 4}, "contact": {}, "firstName": "Hadeel", "gender": "female", "lastName": "SA.", "id": "23532110", "bio": "", "photo": {"prefix": "https://igx.4sqi.net/img/user/", "suffix": "/WHMNB4MTEZDQE1MV.jpg"}, "homeCity": "Dubai, UAE", "lists": {"groups": [{"items": [], "count": 2, "type": "created"}]}}, {"tips": {"count": 1}, "contact": {"twitter": "afraalkaabi"}, "firstName": "Afra", "gender": "female", "lastName": "Al Kaabi", "id": "19554185", "bio": "", "photo": {"prefix": "https://igx.4sqi.net/img/user/", "suffix": "/V2YQAIWJKORPAMHV.jpg"}, "homeCity": "Abu Dhabi, United Arab Emirates", "lists": {"groups": [{"items": [], "count": 2, "type": "created"}]}}, {"tips": {"count": 1}, "contact": {"facebook": "516727172"}, "firstName": "Huda", "gender": "female", "lastName": "El-Ayoubi", "id": "15304131", "bio": "", "photo": {"prefix": "https://igx.4sqi.net/img/user/", "suffix": "/-4JKTBFL4Z0O32YJK.jpg"}, "homeCity": "Calgary, AB", "lists": {"groups": [{"items": [], "count": 2, "type": "created"}]}}, {"tips": {"count": 0}, "contact": {"twitter": "hanataryam"}, "firstName": "Hana", "gender": "female", "lastName": "Taryam", "id": "32469747", "bio": "", "photo": {"prefix": "https://igx.4sqi.net/img/user/", "suffix": "/OC40SLNK1V3MTNLI.jpg"}, "homeCity": "Sharjah ", "lists": {"groups": [{"items": [], "count": 2, "type": "created"}]}}, {"tips": {"count": 1}, "contact": {"twitter": "medyaezgi", "facebook": "10152955297367517"}, "firstName": "Ezgi", "gender": "female", "lastName": "\u015een", "id": "15886222", "bio": "", "photo": {"prefix": "https://igx.4sqi.net/img/user/", "suffix": "/15886222-0AGAUNUJKALRXWRG.jpg"}, "homeCity": "Istanbul, T\u00fcrkiye", "lists": {"groups": [{"items": [], "count": 2, "type": "created"}]}}, {"tips": {"count": 1}, "contact": {}, "firstName": "Andrew", "gender": "male", "superuser": 3, "id": "34805687", "bio": "", "photo": {"prefix": "https://igx.4sqi.net/img/user/", "suffix": "/34805687-B2FA5YTG0B3CHTIO.jpg"}, "homeCity": "", "lists": {"groups": [{"items": [], "count": 2, "type": "created"}]}}, {"tips": {"count": 4}, "contact": {"twitter": "kelly_bauer74", "facebook": "1557527482"}, "firstName": "Kelly", "gender": "female", "lastName": "B.", "id": "38554176", "bio": "", "photo": {"prefix": "https://igx.4sqi.net/img/user/", "suffix": "/38554176-F0MDXJBHIGOYDUAK.jpg"}, "homeCity": "Ellicott City, MD", "lists": {"groups": [{"items": [], "count": 4, "type": "created"}]}}, {"tips": {"count": 80}, "contact": {"twitter": "shushyyys", "facebook": "1824550426"}, "firstName": "Shaikah", "gender": "female", "lastName": "A", "id": "24111978", "bio": "", "photo": {"prefix": "https://igx.4sqi.net/img/user/", "suffix": "/24111978-MRUXL1KSI2XVVBDK.jpg"}, "homeCity": "Abu Dhabi", "lists": {"groups": [{"items": [], "count": 5, "type": "created"}]}}, {"tips": {"count": 0}, "contact": {"twitter": "minhhatop", "facebook": "100000791452229"}, "firstName": "Ana", "gender": "female", "lastName": "Brit", "id": "21159821", "bio": "Nothing", "photo": {"prefix": "https://igx.4sqi.net/img/user/", "suffix": "/5UQRHL2X2BURDZGT.jpg"}, "homeCity": "Saigon", "lists": {"groups": [{"items": [], "count": 4, "type": "created"}]}}, {"tips": {"count": 2}, "contact": {"facebook": "638651910"}, "firstName": "Marcela", "gender": "female", "lastName": "Vitorino", "id": "32993530", "bio": "", "photo": {"prefix": "https://igx.4sqi.net/img/user/", "suffix": "/ANDYAYX2M3US1IKA.jpg"}, "homeCity": "Lisboa ", "lists": {"groups": [{"items": [], "count": 2, "type": "created"}]}}, {"tips": {"count": 0}, "contact": {}, "firstName": "H.", "gender": "female", "lastName": "Taryam", "id": "27601871", "bio": "", "photo": {"prefix": "https://igx.4sqi.net/img/user/", "suffix": "/WXSKO5JHVCAXK4DW.jpg"}, "homeCity": "Sharjah", "lists": {"groups": [{"items": [], "count": 2, "type": "created"}]}}, {"tips": {"count": 2}, "contact": {"twitter": "shaikhaalq", "facebook": "100003636618841"}, "firstName": "Shaikha", "gender": "female", "id": "30578102", "bio": "", "photo": {"prefix": "https://igx.4sqi.net/img/user/", "suffix": "/QGXVPIWMQLEI5PNH.jpg"}, "homeCity": "Sharjah/Dubai UAE", "lists": {"groups": [{"items": [], "count": 2, "type": "created"}]}}, {"tips": {"count": 3}, "contact": {"twitter": "elleasma"}, "firstName": "@ElleAsma", "gender": "female", "id": "53095196", "bio": "", "photo": {"prefix": "https://igx.4sqi.net/img/user/", "suffix": "/53095196-JFQK0HWG2PKZOPNA.jpg"}, "homeCity": "Dubai, 03", "lists": {"groups": [{"items": [], "count": 2, "type": "created"}]}}], "count": 137}, "checksum": "aa74a7685bf5e2369915d8705025c88984d81cc4"}, "meta": {"requestId": "5966342b4434b96be57902a0", "code": 200}}