{"notifications": [{"type": "notificationTray", "item": {"unreadCount": 0}}], "meta": {"requestId": "5966e93f4c1f67575334e39a", "code": 200}, "response": {"friends": {"count": 65, "items": [{"id": "11622351", "photo": {"prefix": "https://igx.4sqi.net/img/user/", "default": true, "suffix": "/blank_girl.png"}, "homeCity": "Singapore", "contact": {"facebook": "738708099"}, "firstName": "Yee", "tips": {"count": 0}, "gender": "female", "lastName": "Nah", "lists": {"groups": [{"count": 2, "type": "created", "items": []}]}, "bio": ""}, {"id": "4880554", "photo": {"prefix": "https://igx.4sqi.net/img/user/", "suffix": "/4880554-JEXLR5LPWRXPSM3M.jpg"}, "homeCity": "Singapore", "contact": {"facebook": "679739600", "twitter": "shaanezs"}, "firstName": "ShanShan", "tips": {"count": 3}, "gender": "female", "lists": {"groups": [{"count": 2, "type": "created", "items": []}]}, "bio": ""}, {"id": "2111952", "photo": {"prefix": "https://igx.4sqi.net/img/user/", "suffix": "/W3OK003YIJYRR3F5.jpg"}, "homeCity": "Singapore ", "contact": {"twitter": "jonmat7"}, "firstName": "Jonathan Matthew", "tips": {"count": 8}, "gender": "male", "lastName": "Tan", "lists": {"groups": [{"count": 2, "type": "created", "items": []}]}, "bio": ""}, {"id": "3513542", "photo": {"prefix": "https://igx.4sqi.net/img/user/", "suffix": "/FB52LEKA1CIUGZUL.jpg"}, "homeCity": "Singapore", "contact": {"facebook": "751814575"}, "firstName": "Senthil", "tips": {"count": 0}, "gender": "male", "lastName": "Kumaran", "lists": {"groups": [{"count": 2, "type": "created", "items": []}]}, "bio": ""}, {"id": "6626722", "photo": {"prefix": "https://igx.4sqi.net/img/user/", "suffix": "/5ZNIBBFNJRSFQUPD.jpg"}, "homeCity": "Singapore ", "contact": {"facebook": "572292412", "twitter": "kangelavender"}, "firstName": "Angela", "tips": {"count": 0}, "gender": "female", "lastName": "Kang", "lists": {"groups": [{"count": 2, "type": "created", "items": []}]}, "bio": ""}, {"id": "17228175", "photo": {"prefix": "https://igx.4sqi.net/img/user/", "suffix": "/B3TOFW5PEY1CTF4Z.jpg"}, "homeCity": "New York, NY", "contact": {}, "firstName": "Vanessa", "tips": {"count": 1}, "gender": "female", "lastName": "Yapp", "lists": {"groups": [{"count": 2, "type": "created", "items": []}]}, "bio": ""}, {"id": "7660626", "photo": {"prefix": "https://igx.4sqi.net/img/user/", "suffix": "/QL2KIIYG4VRBL1TX.jpg"}, "homeCity": "New York, NY", "contact": {"twitter": "jaydotfoong"}, "firstName": "Foong", "tips": {"count": 0}, "gender": "female", "lastName": "Jasmine", "lists": {"groups": [{"count": 2, "type": "created", "items": []}]}, "bio": ""}, {"id": "5664290", "photo": {"prefix": "https://igx.4sqi.net/img/user/", "suffix": "/5664290-JORYUNLZK2CXARAK.jpg"}, "homeCity": "Singapore", "contact": {"facebook": "572432015", "twitter": "amandavelencia"}, "firstName": "Amanda", "tips": {"count": 0}, "gender": "female", "lastName": "Velencia", "lists": {"groups": [{"count": 2, "type": "created", "items": []}]}, "bio": ""}, {"id": "1805049", "photo": {"prefix": "https://igx.4sqi.net/img/user/", "suffix": "/1805049-BP5A1OKEHWSTXS1A.jpg"}, "homeCity": "Singapore", "contact": {"facebook": "10157149717650105", "twitter": "randylim"}, "firstName": "Randy", "tips": {"count": 61}, "gender": "male", "lastName": "Lim", "lists": {"groups": [{"count": 2, "type": "created", "items": []}]}, "bio": ""}, {"id": "4912735", "photo": {"prefix": "https://igx.4sqi.net/img/user/", "suffix": "/SDSCJFTL0CKIMA0R.jpg"}, "homeCity": "New York, NY", "contact": {"facebook": "100001258153012"}, "firstName": "Soonling", "tips": {"count": 0}, "gender": "female", "lastName": "Tan", "lists": {"groups": [{"count": 2, "type": "created", "items": []}]}, "bio": ""}, {"id": "2561274", "photo": {"prefix": "https://igx.4sqi.net/img/user/", "suffix": "/SW4BDSVBEF15FOZU.jpg"}, "homeCity": "Singapore", "contact": {"facebook": "824840453", "twitter": "jeffyliam"}, "firstName": "Jeff", "tips": {"count": 5}, "gender": "male", "lastName": "Liam", "lists": {"groups": [{"count": 2, "type": "created", "items": []}]}, "bio": ""}, {"id": "638391", "photo": {"prefix": "https://igx.4sqi.net/img/user/", "suffix": "/638391-4OVS0URPPHWLPPY1.jpg"}, "homeCity": "Nowhere", "contact": {"facebook": "633177382", "twitter": "kokkkiri"}, "firstName": "Nickie", "tips": {"count": 82}, "gender": "female", "lastName": "Hwang", "lists": {"groups": [{"count": 16, "type": "created", "items": []}]}, "bio": "Finding good food is my passion :-)"}, {"id": "381237", "photo": {"prefix": "https://igx.4sqi.net/img/user/", "suffix": "/UMF5TAEXF0V2KZXA.jpg"}, "homeCity": "Singapore", "contact": {}, "firstName": "NaNa", "tips": {"count": 4}, "gender": "female", "lastName": "Gardens", "lists": {"groups": [{"count": 2, "type": "created", "items": []}]}, "bio": ""}, {"id": "3549897", "photo": {"prefix": "https://igx.4sqi.net/img/user/", "suffix": "/HA1IVMQX50ORYKXU.jpg"}, "homeCity": "Singapore", "contact": {"facebook": "751801201"}, "firstName": "Yucheng", "tips": {"count": 0}, "gender": "male", "lists": {"groups": [{"count": 2, "type": "created", "items": []}]}, "bio": ""}, {"id": "732051", "photo": {"prefix": "https://igx.4sqi.net/img/user/", "suffix": "/MUUCYRKNM1SUZDU5.jpg"}, "homeCity": "Singapore", "contact": {"facebook": "598038222", "twitter": "thlivingdoll"}, "firstName": "Vanessa", "tips": {"count": 2}, "gender": "female", "lastName": "Koh", "lists": {"groups": [{"count": 2, "type": "created", "items": []}]}, "bio": ""}, {"id": "850045", "photo": {"prefix": "https://igx.4sqi.net/img/user/", "suffix": "/850045-5Q4Z1M0YWRROSFGS.jpg"}, "homeCity": "California", "contact": {"facebook": "1374613689", "twitter": "liviagiovara"}, "firstName": "Livia", "tips": {"count": 5}, "gender": "female", "lastName": "Giovara \u8449\u6167\u654f", "lists": {"groups": [{"count": 2, "type": "created", "items": []}]}, "bio": ""}, {"id": "2860456", "photo": {"prefix": "https://igx.4sqi.net/img/user/", "suffix": "/KQIC50ZNGB1DZ4ZK.jpg"}, "homeCity": "Singapore", "contact": {"facebook": "636683263", "twitter": "sq0047"}, "firstName": "LynLin", "tips": {"count": 0}, "gender": "female", "lastName": "ShiQi", "lists": {"groups": [{"count": 2, "type": "created", "items": []}]}, "bio": ""}, {"id": "10968343", "photo": {"prefix": "https://igx.4sqi.net/img/user/", "suffix": "/SYP0ONIIRK0XOABT.jpg"}, "homeCity": "Singapore", "contact": {}, "firstName": "Starly", "tips": {"count": 0}, "gender": "female", "lastName": "Mya", "lists": {"groups": [{"count": 2, "type": "created", "items": []}]}, "bio": ""}, {"id": "22028357", "photo": {"prefix": "https://igx.4sqi.net/img/user/", "suffix": "/BMMMLJYQWU4ODQ1S.jpg"}, "homeCity": "New York, NY", "contact": {"facebook": "761110200"}, "firstName": "Linda", "tips": {"count": 1}, "gender": "female", "lastName": "Lim", "lists": {"groups": [{"count": 2, "type": "created", "items": []}]}, "bio": ""}, {"id": "6247415", "photo": {"prefix": "https://igx.4sqi.net/img/user/", "suffix": "/6247415-QWCNQSVPKXX3I2FJ.jpg"}, "homeCity": "Singapore", "contact": {"twitter": "manxzes"}, "firstName": "Amanda", "tips": {"count": 2}, "gender": "female", "lastName": "Tiana", "lists": {"groups": [{"count": 2, "type": "created", "items": []}]}, "bio": ""}, {"id": "7006912", "photo": {"prefix": "https://igx.4sqi.net/img/user/", "suffix": "/GPILVYUHF20LVHUQ.gif"}, "homeCity": "Singapore", "contact": {"facebook": "100003099574743"}, "firstName": "Blade", "tips": {"count": 0}, "gender": "male", "lastName": "Zero", "lists": {"groups": [{"count": 2, "type": "created", "items": []}]}, "bio": ""}, {"id": "22170486", "photo": {"prefix": "https://igx.4sqi.net/img/user/", "suffix": "/MCMDU5HTMLBH3OCY.jpg"}, "homeCity": "Taipei", "contact": {"facebook": "1483440883"}, "firstName": "Nichole", "tips": {"count": 0}, "gender": "female", "lastName": "Lim", "lists": {"groups": [{"count": 2, "type": "created", "items": []}]}, "bio": ""}, {"id": "25905648", "photo": {"prefix": "https://igx.4sqi.net/img/user/", "suffix": "/SVJKMAGD1FRZV010.jpg"}, "homeCity": "New York, NY", "contact": {"facebook": "783467976"}, "firstName": "Firoz", "tips": {"count": 0}, "gender": "male", "lastName": "Talib", "lists": {"groups": [{"count": 2, "type": "created", "items": []}]}, "bio": ""}, {"id": "8016385", "photo": {"prefix": "https://igx.4sqi.net/img/user/", "suffix": "/20FOOZEJTSDTDC2J.jpg"}, "homeCity": "Singapore", "contact": {"facebook": "578469052"}, "firstName": "Ming Jie", "tips": {"count": 0}, "gender": "male", "lists": {"groups": [{"count": 2, "type": "created", "items": []}]}, "bio": ""}, {"id": "6107283", "photo": {"prefix": "https://igx.4sqi.net/img/user/", "suffix": "/HKB4RJ4AEHUDM1VO.jpg"}, "homeCity": "", "contact": {"facebook": "1201483998", "twitter": "neednodiamond"}, "firstName": "Jasmine", "tips": {"count": 0}, "gender": "female", "lastName": "Tan", "lists": {"groups": [{"count": 2, "type": "created", "items": []}]}, "bio": ""}, {"id": "3597680", "photo": {"prefix": "https://igx.4sqi.net/img/user/", "suffix": "/CMAAEV0OKAA5G0OB.jpg"}, "homeCity": "Singapore", "contact": {}, "firstName": "Zhengyi", "tips": {"count": 2}, "gender": "female", "lastName": "Wong", "lists": {"groups": [{"count": 2, "type": "created", "items": []}]}, "bio": ""}, {"id": "5171037", "photo": {"prefix": "https://igx.4sqi.net/img/user/", "suffix": "/M4HMMFJZJPJWHTJE.jpg"}, "homeCity": "Singapore", "contact": {"facebook": "531020715"}, "firstName": "Ryan", "tips": {"count": 0}, "gender": "male", "lastName": "Koh", "lists": {"groups": [{"count": 2, "type": "created", "items": []}]}, "bio": ""}, {"id": "3533298", "photo": {"prefix": "https://igx.4sqi.net/img/user/", "suffix": "/3533298-BIKUY5NWL4C2EYNS.jpg"}, "homeCity": "Singapore", "contact": {"facebook": "761866263", "twitter": "dionislovespink"}, "firstName": "Dionis", "tips": {"count": 6}, "gender": "female", "lastName": "Liaw", "lists": {"groups": [{"count": 2, "type": "created", "items": []}]}, "bio": "Http://thebeautifuldreamsofmine.blogspot.com"}, {"id": "4096773", "photo": {"prefix": "https://igx.4sqi.net/img/user/", "suffix": "/4096773-ZSIWWKO34XNDHZO4.jpg"}, "homeCity": "Singapore", "contact": {"facebook": "100000476979325", "twitter": "annabeltcm"}, "firstName": "Annabel", "tips": {"count": 0}, "gender": "female", "lastName": "Tan", "lists": {"groups": [{"count": 2, "type": "created", "items": []}]}, "bio": ""}, {"id": "1938587", "photo": {"prefix": "https://igx.4sqi.net/img/user/", "suffix": "/1938587-YZ021OCUJSZH1VXQ.jpg"}, "homeCity": "California, United States", "contact": {}, "firstName": "ALICIA", "tips": {"count": 1}, "gender": "female", "lastName": "LEE", "lists": {"groups": [{"count": 3, "type": "created", "items": []}]}, "bio": ""}, {"id": "8355536", "photo": {"prefix": "https://igx.4sqi.net/img/user/", "suffix": "/8355536-MJR2CBMSKODTAN3Y.jpg"}, "homeCity": "Seoul Korea", "contact": {"facebook": "100001090450944", "twitter": "imyoonadeer"}, "firstName": "\u2764Im", "tips": {"count": 2}, "gender": "female", "lastName": "DeeR YoonA\u2764", "lists": {"groups": [{"count": 2, "type": "created", "items": []}]}, "bio": "IG : Imdeeryoona\r\nTwitter : @ImYooNaDeeR"}, {"id": "1448347", "photo": {"prefix": "https://igx.4sqi.net/img/user/", "suffix": "/BMOH3MVNHYME3ZMM.jpg"}, "homeCity": "Singapore, 529757", "contact": {}, "firstName": "Lindy", "tips": {"count": 8}, "gender": "female", "lastName": "Lim", "lists": {"groups": [{"count": 3, "type": "created", "items": []}]}, "bio": ""}, {"id": "3297277", "photo": {"prefix": "https://igx.4sqi.net/img/user/", "suffix": "/3297277-LLO5DYS3OCLP4YT2.jpg"}, "homeCity": "Singapore", "contact": {"facebook": "10153331375553264", "twitter": "geraldinetoh"}, "firstName": "Geraldine", "tips": {"count": 0}, "gender": "female", "lastName": "Toh", "lists": {"groups": [{"count": 3, "type": "created", "items": []}]}, "bio": ""}, {"id": "7249713", "photo": {"prefix": "https://igx.4sqi.net/img/user/", "suffix": "/JOD4CFKCYG5UCLF3.jpg"}, "homeCity": "Singapore", "contact": {"facebook": "563972811", "twitter": "yqninja"}, "firstName": "YiQuan", "tips": {"count": 0}, "gender": "male", "lastName": "Lee", "lists": {"groups": [{"count": 2, "type": "created", "items": []}]}, "bio": ""}, {"id": "7086098", "photo": {"prefix": "https://igx.4sqi.net/img/user/", "suffix": "/ULUTX1PZLWQ3T0P5.jpg"}, "homeCity": "Singapore", "contact": {"facebook": "521398812", "twitter": "benhannes"}, "firstName": "Bernard", "tips": {"count": 0}, "gender": "male", "lastName": "Benhannes", "lists": {"groups": [{"count": 2, "type": "created", "items": []}]}, "bio": ""}, {"id": "10778649", "photo": {"prefix": "https://igx.4sqi.net/img/user/", "suffix": "/30CU3F4MOGT50V2J.jpg"}, "homeCity": "Singapore", "contact": {"facebook": "808839132", "twitter": "heartsatsail"}, "firstName": "Shermaine", "tips": {"count": 0}, "gender": "female", "lastName": "Sim", "lists": {"groups": [{"count": 2, "type": "created", "items": []}]}, "bio": ""}, {"id": "6129246", "photo": {"prefix": "https://igx.4sqi.net/img/user/", "suffix": "/6129246-HAXMSRRICS5IUQOP.jpg"}, "homeCity": "Singapore", "contact": {"facebook": "1616636679"}, "firstName": "cindy", "tips": {"count": 21}, "gender": "female", "lastName": "Ying", "lists": {"groups": [{"count": 2, "type": "created", "items": []}]}, "bio": ""}, {"id": "5326961", "photo": {"prefix": "https://igx.4sqi.net/img/user/", "suffix": "/5326961-PI21QIOG4YJMRRSK.jpg"}, "homeCity": "Singapore", "contact": {"twitter": "shuyantallyyy"}, "firstName": "Shuyan", "tips": {"count": 0}, "gender": "female", "lastName": "Tally", "lists": {"groups": [{"count": 2, "type": "created", "items": []}]}, "bio": "https://twitter.com/shuyantallyyy"}, {"id": "3627030", "photo": {"prefix": "https://igx.4sqi.net/img/user/", "suffix": "/3627030-TAQHZIRKR1EMTWGP.jpg"}, "homeCity": "Singapore", "contact": {"facebook": "582028227", "twitter": "xennnnn"}, "firstName": "xEn", "tips": {"count": 0}, "gender": "female", "lastName": "Y", "lists": {"groups": [{"count": 2, "type": "created", "items": []}]}, "bio": ""}, {"id": "4103451", "photo": {"prefix": "https://igx.4sqi.net/img/user/", "suffix": "/2DDZBP23DRUAJBMJ.jpg"}, "homeCity": "Singapore", "contact": {"facebook": "645003223", "twitter": "jasminecheang"}, "firstName": "Jasmine", "tips": {"count": 0}, "gender": "female", "lastName": "Cheang", "lists": {"groups": [{"count": 3, "type": "created", "items": []}]}, "bio": ""}, {"id": "3322769", "photo": {"prefix": "https://igx.4sqi.net/img/user/", "suffix": "/QIRGWE3WZFYMDIHG.jpg"}, "homeCity": "Singapore", "contact": {"twitter": "diladeal"}, "firstName": "Dil", "tips": {"count": 0}, "gender": "female", "lastName": "Adeal", "lists": {"groups": [{"count": 2, "type": "created", "items": []}]}, "bio": ""}, {"id": "2092737", "photo": {"prefix": "https://igx.4sqi.net/img/user/", "suffix": "/GRMZOPBMPDU5O2VF.jpg"}, "homeCity": "Woodlands, Singapore", "contact": {"facebook": "100000460948132"}, "firstName": "Claudia", "tips": {"count": 0}, "gender": "female", "lastName": "MsWhy", "lists": {"groups": [{"count": 2, "type": "created", "items": []}]}, "bio": ""}, {"id": "3731510", "photo": {"prefix": "https://igx.4sqi.net/img/user/", "suffix": "/3731510-WUX2R4TECKMLU0CP.jpg"}, "homeCity": "Singapore", "contact": {"facebook": "757687498", "twitter": "joannaxchan"}, "firstName": "Joanna", "tips": {"count": 0}, "gender": "female", "lastName": "'s", "lists": {"groups": [{"count": 2, "type": "created", "items": []}]}, "bio": ""}, {"id": "7823319", "photo": {"prefix": "https://igx.4sqi.net/img/user/", "suffix": "/1NRX4Q5EXIZSJ2RM.jpg"}, "homeCity": "Singapore", "contact": {"facebook": "643586690"}, "firstName": "Hui", "tips": {"count": 0}, "gender": "female", "lastName": "Zhen", "lists": {"groups": [{"count": 2, "type": "created", "items": []}]}, "bio": ""}, {"id": "7809354", "photo": {"prefix": "https://igx.4sqi.net/img/user/", "suffix": "/7809354-UU4AQS4004OZ55LS.jpg"}, "homeCity": "Singapore", "contact": {"twitter": "aaronella23"}, "firstName": "Aaron", "tips": {"count": 2}, "gender": "none", "lastName": "Sica", "lists": {"groups": [{"count": 2, "type": "created", "items": []}]}, "bio": ""}, {"id": "5246395", "photo": {"prefix": "https://igx.4sqi.net/img/user/", "suffix": "/BXDH4VVUVCDGXBKH.jpg"}, "homeCity": "Singapore", "contact": {"facebook": "640068276", "twitter": "hara_nana_sica"}, "firstName": "Chanel", "tips": {"count": 1}, "gender": "female", "lastName": "Emmariel", "lists": {"groups": [{"count": 2, "type": "created", "items": []}]}, "bio": ""}, {"id": "5937584", "photo": {"prefix": "https://igx.4sqi.net/img/user/", "suffix": "/SJJFQVSKKU2CXDTM.jpg"}, "homeCity": "Puchong, Malaysia", "contact": {"facebook": "605380045"}, "firstName": "Cynthia", "tips": {"count": 1}, "gender": "female", "lastName": "Choong", "lists": {"groups": [{"count": 2, "type": "created", "items": []}]}, "bio": ""}, {"id": "4622000", "photo": {"prefix": "https://igx.4sqi.net/img/user/", "suffix": "/HYS0VLFK1ZPIJNTT.jpg"}, "homeCity": "New York, NY", "contact": {"facebook": "827730206", "twitter": "austin_foo"}, "firstName": "Piaoxian", "tips": {"count": 1}, "gender": "male", "lists": {"groups": [{"count": 2, "type": "created", "items": []}]}, "bio": ""}, {"id": "3114331", "photo": {"prefix": "https://igx.4sqi.net/img/user/", "suffix": "/HMGMCFK5NHYYY2JY.jpg"}, "homeCity": "Singapore", "contact": {"facebook": "551227217", "twitter": "blazingleaf"}, "firstName": "Justin", "tips": {"count": 0}, "gender": "male", "lists": {"groups": [{"count": 2, "type": "created", "items": []}]}, "bio": ""}, {"id": "4122980", "photo": {"prefix": "https://igx.4sqi.net/img/user/", "suffix": "/HX555E1LVGQ44S4N.jpg"}, "homeCity": "Singapore", "contact": {"facebook": "637212283", "twitter": "simon_masaaki"}, "firstName": "Simon", "tips": {"count": 2}, "gender": "male", "lastName": "Soong", "lists": {"groups": [{"count": 2, "type": "created", "items": []}]}, "bio": ""}, {"id": "18728127", "photo": {"prefix": "https://igx.4sqi.net/img/user/", "suffix": "/UU0T1VKL2DZMVGV5.jpg"}, "homeCity": "New York, NY", "contact": {"facebook": "1747618241"}, "firstName": "DeddyKhairul", "tips": {"count": 0}, "gender": "male", "lastName": "Hitam", "lists": {"groups": [{"count": 2, "type": "created", "items": []}]}, "bio": ""}, {"id": "11794079", "photo": {"prefix": "https://igx.4sqi.net/img/user/", "suffix": "/D1JYHUFGZSGZDRQT.jpg"}, "homeCity": "Singapore", "contact": {}, "firstName": "H'afish", "tips": {"count": 0}, "gender": "male", "lastName": "Bowl", "lists": {"groups": [{"count": 2, "type": "created", "items": []}]}, "bio": ""}, {"id": "4827429", "photo": {"prefix": "https://igx.4sqi.net/img/user/", "suffix": "/5QC5FCID5SI1U0VW.jpg"}, "homeCity": "Singapore", "contact": {"twitter": "soggycookies"}, "firstName": "A.", "tips": {"count": 6}, "gender": "male", "lastName": "Adrisson", "lists": {"groups": [{"count": 2, "type": "created", "items": []}]}, "bio": "Carpe diem! Memento vivere"}, {"id": "3223354", "photo": {"prefix": "https://igx.4sqi.net/img/user/", "suffix": "/3223354-0KYOJ4Q5MN3KBU4E.jpg"}, "homeCity": "Singapore", "contact": {"twitter": "collidemyheart"}, "firstName": "Sabina", "tips": {"count": 2}, "gender": "female", "lastName": "Chia", "lists": {"groups": [{"count": 2, "type": "created", "items": []}]}, "bio": ""}, {"id": "4615553", "photo": {"prefix": "https://igx.4sqi.net/img/user/", "suffix": "/4WF0UI4YI0CAFKG4.jpg"}, "homeCity": "Jakarta Barat", "contact": {}, "firstName": "Mike", "tips": {"count": 0}, "gender": "male", "lastName": "Tan", "lists": {"groups": [{"count": 3, "type": "created", "items": []}]}, "bio": ""}, {"id": "11878185", "photo": {"prefix": "https://igx.4sqi.net/img/user/", "suffix": "/GJGIJHJZJI1DO04L.jpg"}, "homeCity": "Singapore", "contact": {"facebook": "667963858", "twitter": "qingalbe"}, "firstName": "Beverly", "tips": {"count": 0}, "gender": "female", "lastName": "Lee", "lists": {"groups": [{"count": 2, "type": "created", "items": []}]}, "bio": ""}, {"id": "5110754", "photo": {"prefix": "https://igx.4sqi.net/img/user/", "suffix": "/BBXI0H14ON1WW1MJ.jpg"}, "homeCity": "Singapore", "contact": {"twitter": "mscarmen87"}, "firstName": "Carmen", "tips": {"count": 17}, "gender": "female", "lastName": "Lum", "lists": {"groups": [{"count": 2, "type": "created", "items": []}]}, "bio": ""}, {"id": "3686199", "photo": {"prefix": "https://igx.4sqi.net/img/user/", "suffix": "/BDJ4AJRJOCDIK5EG.jpg"}, "homeCity": "Singapore", "contact": {"twitter": "ztiaoli"}, "firstName": "Tiaoli", "tips": {"count": 0}, "gender": "female", "lastName": "Toh", "lists": {"groups": [{"count": 2, "type": "created", "items": []}]}, "bio": ""}, {"id": "5793712", "photo": {"prefix": "https://igx.4sqi.net/img/user/", "suffix": "/V4X0SQOOPJBC0KKH.jpg"}, "homeCity": "Singapore", "contact": {"facebook": "100001279959496", "twitter": "colettebabyy"}, "firstName": "Colette", "tips": {"count": 0}, "gender": "female", "lastName": "Babyy", "lists": {"groups": [{"count": 2, "type": "created", "items": []}]}, "bio": ""}, {"id": "10499368", "photo": {"prefix": "https://igx.4sqi.net/img/user/", "suffix": "/QGGQV15TYWNEITK3.jpg"}, "homeCity": "Singapore", "contact": {"facebook": "685041294", "twitter": "jaesmine"}, "firstName": "Jasmine", "tips": {"count": 2}, "gender": "female", "lastName": "Tee", "lists": {"groups": [{"count": 2, "type": "created", "items": []}]}, "bio": ""}, {"id": "3764245", "photo": {"prefix": "https://igx.4sqi.net/img/user/", "suffix": "/HBYHF45Q510YCYRS.jpg"}, "homeCity": "Singapore", "contact": {"facebook": "605566133", "twitter": "misscindypoon"}, "firstName": "Cindy", "tips": {"count": 0}, "gender": "female", "lastName": "Poon", "lists": {"groups": [{"count": 2, "type": "created", "items": []}]}, "bio": "Twitter : misscindypoon"}, {"id": "5801819", "photo": {"prefix": "https://igx.4sqi.net/img/user/", "suffix": "/N01ZJ5AO5JLHX3UJ.jpg"}, "homeCity": "Singapore", "contact": {"facebook": "718731759"}, "firstName": "Jinki", "tips": {"count": 0}, "gender": "female", "lastName": "Esteen", "lists": {"groups": [{"count": 2, "type": "created", "items": []}]}, "bio": ""}, {"id": "11271519", "photo": {"prefix": "https://igx.4sqi.net/img/user/", "suffix": "/AFG0IABDUDEVOMQ3.jpg"}, "homeCity": "NY", "contact": {"facebook": "635790830"}, "firstName": "Jono", "tips": {"count": 0}, "gender": "male", "lastName": "Woody", "lists": {"groups": [{"count": 2, "type": "created", "items": []}]}, "bio": ""}, {"id": "4487855", "photo": {"prefix": "https://igx.4sqi.net/img/user/", "suffix": "/4487855-XF3T0SKRDLMBM00Z.jpg"}, "homeCity": "Singapore", "contact": {"twitter": "yourmotherugly"}, "firstName": "\u2726Sandy", "tips": {"count": 26}, "gender": "female", "lists": {"groups": [{"count": 2, "type": "created", "items": []}]}, "bio": "Chinese/Thai"}, {"id": "7311506", "photo": {"prefix": "https://igx.4sqi.net/img/user/", "suffix": "/SMZMXS1ZMRTEBS0C.jpg"}, "homeCity": "Singapore", "contact": {"facebook": "659175791", "twitter": "audreteo"}, "firstName": "Audre", "tips": {"count": 0}, "gender": "female", "lastName": "Teo", "lists": {"groups": [{"count": 2, "type": "created", "items": []}]}, "bio": ""}]}, "checksum": "e285a686c1c46eed1f3e107d7ca0857d558d2fd8"}}