{"notifications": [{"type": "notificationTray", "item": {"unreadCount": 0}}], "meta": {"requestId": "5966d11c4434b95522c853bc", "code": 200}, "response": {"friends": {"count": 2, "items": [{"id": "5573960", "photo": {"prefix": "https://igx.4sqi.net/img/user/", "suffix": "/PDRGADGYRJEJLSRP.jpg"}, "homeCity": "Singapore", "contact": {"facebook": "726893022", "twitter": "elhuato"}, "firstName": "elhuato", "tips": {"count": 0}, "gender": "male", "lastName": "Lim", "lists": {"groups": [{"count": 2, "type": "created", "items": []}]}, "bio": ""}, {"id": "12767077", "photo": {"prefix": "https://igx.4sqi.net/img/user/", "suffix": "/JMNCRJEWBUWL04N1.jpg"}, "homeCity": "Singapore", "contact": {"facebook": "1063319570349235", "twitter": "kaiyeipulleh"}, "firstName": "HAnD", "tips": {"count": 3}, "gender": "male", "lastName": "BabY", "lists": {"groups": [{"count": 2, "type": "created", "items": []}]}, "bio": "What's my Bio dude ??"}]}, "checksum": "00e33ac79bc7fabd2d26ea867ae2fbaaf2c0a912"}}