{"notifications": [{"type": "notificationTray", "item": {"unreadCount": 0}}], "meta": {"requestId": "59670b7edb04f528b178fb86", "code": 200}, "response": {"friends": {"count": 50, "items": [{"id": "52257350", "photo": {"prefix": "https://igx.4sqi.net/img/user/", "suffix": "/LRSTERXB21SLL0RA.jpg"}, "homeCity": "Kuala Lumpur, Malaysia", "contact": {"facebook": "608234733"}, "firstName": "Ng", "tips": {"count": 0}, "gender": "male", "lastName": "Seng", "lists": {"groups": [{"count": 2, "type": "created", "items": []}]}, "bio": ""}, {"id": "12428934", "photo": {"prefix": "https://igx.4sqi.net/img/user/", "suffix": "/4UWCWF4XGBSYDIN3.jpg"}, "homeCity": "Kuala Lumpur, Malaysia", "contact": {"facebook": "10203817036168705"}, "firstName": "Yeoh", "tips": {"count": 1}, "gender": "male", "lastName": "Chin Hoe", "lists": {"groups": [{"count": 3, "type": "created", "items": []}]}, "bio": ""}, {"id": "35854154", "photo": {"prefix": "https://igx.4sqi.net/img/user/", "suffix": "/HEXI4S11GQAWWXAJ.jpg"}, "homeCity": "Melaka", "contact": {"facebook": "100000359585936"}, "firstName": "Yong", "tips": {"count": 0}, "gender": "male", "lastName": "Ch", "lists": {"groups": [{"count": 2, "type": "created", "items": []}]}, "bio": ""}, {"id": "374748", "photo": {"prefix": "https://igx.4sqi.net/img/user/", "suffix": "/K020SPYPITXRYI2K.jpg"}, "homeCity": "Kuala Lumpur, Malaysia", "contact": {"facebook": "100000671958335", "twitter": "azuraajue"}, "firstName": "Milya", "tips": {"count": 9}, "gender": "female", "lastName": "Exora", "lists": {"groups": [{"count": 2, "type": "created", "items": []}]}, "bio": ""}, {"id": "6566968", "photo": {"prefix": "https://igx.4sqi.net/img/user/", "suffix": "/URP1NLTRL1ZWCA3V.jpg"}, "homeCity": "Subang Jaya, Malaysia", "contact": {"facebook": "755710719", "twitter": "joylkchan"}, "firstName": "Joy", "tips": {"count": 9}, "gender": "female", "lastName": "Chan", "lists": {"groups": [{"count": 2, "type": "created", "items": []}]}, "bio": ""}, {"id": "5280085", "photo": {"prefix": "https://igx.4sqi.net/img/user/", "suffix": "/5280085-Q1GGH5WVC5LS4QGX.jpg"}, "homeCity": "Kuala Lumpur, Malaysia", "contact": {"facebook": "620857895", "twitter": "cardula78"}, "firstName": "Irwan", "tips": {"count": 6}, "gender": "male", "lastName": "Ismail", "lists": {"groups": [{"count": 3, "type": "created", "items": []}]}, "bio": ""}, {"id": "19439575", "photo": {"prefix": "https://igx.4sqi.net/img/user/", "default": true, "suffix": "/blank_girl.png"}, "homeCity": "Seremban, Malaysia", "contact": {"facebook": "501616067"}, "firstName": "Ashley", "tips": {"count": 0}, "gender": "female", "lastName": "Fui", "lists": {"groups": [{"count": 2, "type": "created", "items": []}]}, "bio": ""}, {"id": "89733391", "photo": {"prefix": "https://igx.4sqi.net/img/user/", "suffix": "/89733391-G4IYTVLID5KGDOTC.jpg"}, "homeCity": "Port Dickson, NSN", "contact": {"facebook": "100000587634917"}, "firstName": "Nicholas", "tips": {"count": 0}, "gender": "male", "lastName": "Tan", "lists": {"groups": [{"count": 2, "type": "created", "items": []}]}, "bio": ""}, {"id": "5444266", "photo": {"prefix": "https://igx.4sqi.net/img/user/", "suffix": "/RUWAF1RKJKNDYMVF.jpg"}, "homeCity": "Kuala Lumpur, Malaysia", "contact": {"facebook": "654471918"}, "firstName": "shanyung", "tips": {"count": 8}, "gender": "male", "lists": {"groups": [{"count": 3, "type": "created", "items": []}]}, "bio": ""}, {"id": "14169211", "photo": {"prefix": "https://igx.4sqi.net/img/user/", "suffix": "/PLAXOBXGMNWOLJN1.jpg"}, "homeCity": "NY", "contact": {"facebook": "585489102"}, "firstName": "Dylan", "tips": {"count": 4}, "gender": "male", "lastName": "Siauw", "lists": {"groups": [{"count": 2, "type": "created", "items": []}]}, "bio": ""}, {"id": "70244721", "photo": {"prefix": "https://igx.4sqi.net/img/user/", "suffix": "/IISJD3OQNUCH3HIP.jpg"}, "homeCity": "Milan", "contact": {}, "firstName": "Rafael", "tips": {"count": 0}, "gender": "male", "lastName": "Carlos", "lists": {"groups": [{"count": 2, "type": "created", "items": []}]}, "bio": ""}, {"id": "1226025", "photo": {"prefix": "https://igx.4sqi.net/img/user/", "suffix": "/I5G4DHAWZEDKD1VF.jpg"}, "homeCity": "Singapore", "contact": {"facebook": "727928168"}, "firstName": "Adrian", "tips": {"count": 0}, "gender": "male", "lastName": "Lam", "lists": {"groups": [{"count": 3, "type": "created", "items": []}]}, "bio": ""}, {"id": "747983", "photo": {"prefix": "https://igx.4sqi.net/img/user/", "suffix": "/4QYBT4LZRSC2TFPV.jpg"}, "homeCity": "Petaling Jaya, Selangor", "contact": {"facebook": "781035959", "twitter": "danevo"}, "firstName": "Daniel", "tips": {"count": 63}, "gender": "male", "lastName": "Y.S. Tan", "lists": {"groups": [{"count": 2, "type": "created", "items": []}]}, "bio": ""}, {"id": "989174", "photo": {"prefix": "https://igx.4sqi.net/img/user/", "suffix": "/WC3QFTD1K5KSHVGP.jpg"}, "homeCity": "Petaling Jaya, Selangor", "contact": {"facebook": "517238716", "twitter": "zique"}, "firstName": "Michael", "tips": {"count": 25}, "gender": "male", "lastName": "Yip", "lists": {"groups": [{"count": 2, "type": "created", "items": []}]}, "bio": ""}, {"id": "133186", "photo": {"prefix": "https://igx.4sqi.net/img/user/", "suffix": "/MDMCGWMHTUQ1SCKD.jpg"}, "homeCity": "Kuala Lumpur, Malaysia", "contact": {"facebook": "718101413", "twitter": "meiyingt"}, "firstName": "Mei Ying", "tips": {"count": 32}, "gender": "female", "lastName": "Teoh", "lists": {"groups": [{"count": 2, "type": "created", "items": []}]}, "bio": ""}, {"id": "157794", "photo": {"prefix": "https://igx.4sqi.net/img/user/", "suffix": "/3X5BE3ZVJPXMQY5V.jpg"}, "homeCity": "Setapak, Kuala Lumpur", "contact": {"facebook": "664596657"}, "firstName": "Harinder", "tips": {"count": 21}, "superuser": 2, "gender": "male", "lastName": "Singh", "lists": {"groups": [{"count": 9, "type": "created", "items": []}]}, "bio": "Tech Evangelist. Blogger. Geek. Open Source.WordPress. Firefox. \uf8ff. Couchsurfer. Community. Digital Strategist @SocialOgilvy. Opinions are of my own."}, {"id": "1280731", "photo": {"prefix": "https://igx.4sqi.net/img/user/", "suffix": "/CHOAZ2E1HKYQDVFR.jpg"}, "homeCity": "Petaling Jaya, Selangor", "contact": {"facebook": "633101557", "twitter": "natc"}, "firstName": "Natalie Chow", "tips": {"count": 1}, "gender": "female", "lists": {"groups": [{"count": 2, "type": "created", "items": []}]}, "bio": ""}, {"id": "201537", "photo": {"prefix": "https://igx.4sqi.net/img/user/", "suffix": "/WUOY0UQ5XXGTDP4F.jpg"}, "homeCity": "", "contact": {"facebook": "673693124", "twitter": "euveng"}, "firstName": "Evo", "tips": {"count": 2}, "gender": "male", "lastName": "@euveng", "lists": {"groups": [{"count": 2, "type": "created", "items": []}]}, "bio": ""}, {"id": "32043863", "photo": {"prefix": "https://igx.4sqi.net/img/user/", "suffix": "/5VEBHIGNECPGGPAL.jpg"}, "homeCity": "Selangor", "contact": {"facebook": "100000442866112"}, "firstName": "Sze Hock", "tips": {"count": 0}, "gender": "male", "lastName": "Lee", "lists": {"groups": [{"count": 5, "type": "created", "items": []}]}, "bio": ""}, {"id": "10068590", "photo": {"prefix": "https://igx.4sqi.net/img/user/", "suffix": "/VOFHWDP0EV1RFT0T.jpg"}, "homeCity": "Ho Chi Minh City, Vietnam", "contact": {"facebook": "754902848"}, "firstName": "Xing", "tips": {"count": 0}, "gender": "male", "lastName": "Xing", "lists": {"groups": [{"count": 2, "type": "created", "items": []}]}, "bio": ""}, {"id": "12738126", "photo": {"prefix": "https://igx.4sqi.net/img/user/", "default": true, "suffix": "/blank_boy.png"}, "homeCity": "Petaling Jaya, Malaysia", "contact": {"facebook": "525440375"}, "firstName": "Danny", "tips": {"count": 0}, "gender": "male", "lastName": "Tee", "lists": {"groups": [{"count": 2, "type": "created", "items": []}]}, "bio": ""}, {"id": "26121424", "photo": {"prefix": "https://igx.4sqi.net/img/user/", "suffix": "/P2XB5LDYULCKIQRN.jpg"}, "homeCity": "Selangor", "contact": {"facebook": "1001895716"}, "firstName": "Ann", "tips": {"count": 1}, "gender": "female", "lastName": "Chua", "lists": {"groups": [{"count": 2, "type": "created", "items": []}]}, "bio": ""}, {"id": "12275512", "photo": {"prefix": "https://igx.4sqi.net/img/user/", "suffix": "/12275512-ZN0VSHA1BPGW1OEQ.jpg"}, "homeCity": "Ho Chi Minh City, Vietnam", "contact": {"facebook": "10152548898931938"}, "firstName": "Dani Chau", "tips": {"count": 5}, "gender": "female", "lastName": "To", "lists": {"groups": [{"count": 5, "type": "created", "items": []}]}, "bio": ""}, {"id": "24242934", "photo": {"prefix": "https://igx.4sqi.net/img/user/", "default": true, "suffix": "/blank_boy.png"}, "homeCity": "Selangor", "contact": {"facebook": "715353407"}, "firstName": "Ng", "tips": {"count": 0}, "gender": "male", "lastName": "Carl", "lists": {"groups": [{"count": 3, "type": "created", "items": []}]}, "bio": ""}, {"id": "20831187", "photo": {"prefix": "https://igx.4sqi.net/img/user/", "suffix": "/20831187-QITAKMAPF4CP1HSI.jpg"}, "homeCity": "Perth", "contact": {"facebook": "100007414994292", "twitter": "fitri_ossa"}, "firstName": "Fitri", "tips": {"count": 0}, "gender": "male", "lastName": "Ossa", "lists": {"groups": [{"count": 2, "type": "created", "items": []}]}, "bio": ""}, {"id": "5613465", "photo": {"prefix": "https://igx.4sqi.net/img/user/", "default": true, "suffix": "/blank_boy.png"}, "homeCity": "Kuala Lumpur, Malaysia", "contact": {"facebook": "609441403"}, "firstName": "Jason", "tips": {"count": 2}, "gender": "male", "lists": {"groups": [{"count": 2, "type": "created", "items": []}]}, "bio": ""}, {"id": "13143959", "photo": {"prefix": "https://igx.4sqi.net/img/user/", "default": true, "suffix": "/blank_girl.png"}, "homeCity": "Kuala Lumpur, Malaysia", "contact": {"facebook": "725137537"}, "firstName": "Mei", "tips": {"count": 0}, "gender": "female", "lists": {"groups": [{"count": 3, "type": "created", "items": []}]}, "bio": ""}, {"id": "4187810", "photo": {"prefix": "https://igx.4sqi.net/img/user/", "suffix": "/ABDUSSK2LQFPVIJ1.jpg"}, "homeCity": "Malaysia", "contact": {"facebook": "568748367"}, "firstName": "GL", "tips": {"count": 42}, "gender": "male", "lastName": "NCY", "lists": {"groups": [{"count": 2, "type": "created", "items": []}]}, "bio": ""}, {"id": "6604950", "photo": {"prefix": "https://igx.4sqi.net/img/user/", "default": true, "suffix": "/blank_boy.png"}, "homeCity": "Australia", "contact": {"facebook": "728493980"}, "firstName": "Solomon", "tips": {"count": 0}, "gender": "male", "lastName": "Chin", "lists": {"groups": [{"count": 2, "type": "created", "items": []}]}, "bio": ""}, {"id": "35341507", "photo": {"prefix": "https://igx.4sqi.net/img/user/", "suffix": "/HSRDDAJIVW2TPLE0.jpg"}, "homeCity": "Melaka", "contact": {"facebook": "573813854"}, "firstName": "Jet", "tips": {"count": 0}, "gender": "male", "lastName": "Mun Keen", "lists": {"groups": [{"count": 2, "type": "created", "items": []}]}, "bio": ""}, {"id": "1650732", "photo": {"prefix": "https://igx.4sqi.net/img/user/", "suffix": "/OYQDMGXOUUCWAZSA.jpg"}, "homeCity": "Setapak, Kuala Lumpur", "contact": {"facebook": "512232120", "twitter": "andygts"}, "firstName": "Andy", "tips": {"count": 0}, "gender": "male", "lastName": "Gan", "lists": {"groups": [{"count": 2, "type": "created", "items": []}]}, "bio": ""}, {"id": "216061", "photo": {"prefix": "https://igx.4sqi.net/img/user/", "suffix": "/SH2B1BQI0FYPFSHF.jpg"}, "homeCity": "Subang Jaya, Malaysia", "contact": {"facebook": "553213224", "twitter": "jeffreytham"}, "firstName": "Jeffrey", "tips": {"count": 7}, "gender": "male", "lastName": "Tham", "lists": {"groups": [{"count": 3, "type": "created", "items": []}]}, "bio": ""}, {"id": "32243757", "photo": {"prefix": "https://igx.4sqi.net/img/user/", "suffix": "/NKNCNWFFUWHN1LIT.jpg"}, "homeCity": "Selangor", "contact": {}, "firstName": "Harry", "tips": {"count": 0}, "gender": "male", "lastName": "Ang", "lists": {"groups": [{"count": 2, "type": "created", "items": []}]}, "bio": ""}, {"id": "12743268", "photo": {"prefix": "https://igx.4sqi.net/img/user/", "suffix": "/XG0QTJ533RB2C22R.jpg"}, "homeCity": "Kuala Lumpur, Malaysia", "contact": {"facebook": "555118572"}, "firstName": "John", "tips": {"count": 0}, "gender": "male", "lastName": "Lim kok wai", "lists": {"groups": [{"count": 2, "type": "created", "items": []}]}, "bio": ""}, {"id": "46171250", "photo": {"prefix": "https://igx.4sqi.net/img/user/", "suffix": "/G0SHJ1EZTKIIQ5XT.jpg"}, "homeCity": "Melaka", "contact": {"facebook": "100000911663008"}, "firstName": "Gc", "tips": {"count": 0}, "gender": "male", "lastName": "Soh", "lists": {"groups": [{"count": 2, "type": "created", "items": []}]}, "bio": ""}, {"id": "17238620", "photo": {"prefix": "https://igx.4sqi.net/img/user/", "default": true, "suffix": "/blank_girl.png"}, "homeCity": "Kuala Lumpur, Malaysia", "contact": {}, "firstName": "Phoebe", "tips": {"count": 0}, "gender": "female", "lastName": "Tan", "lists": {"groups": [{"count": 2, "type": "created", "items": []}]}, "bio": ""}, {"id": "54939233", "photo": {"prefix": "https://igx.4sqi.net/img/user/", "suffix": "/0QZORHIE4242RALW.jpg"}, "homeCity": "", "contact": {"facebook": "587041304"}, "firstName": "Benny", "tips": {"count": 12}, "gender": "male", "lastName": "Chin", "lists": {"groups": [{"count": 3, "type": "created", "items": []}]}, "bio": ""}, {"id": "8189582", "photo": {"prefix": "https://igx.4sqi.net/img/user/", "suffix": "/8189582-JWXJAALO5NF5O3EJ.jpg"}, "homeCity": "Putrajaya, Malaysia", "contact": {}, "firstName": "Cliff", "tips": {"count": 6}, "gender": "male", "lastName": "Gettings", "lists": {"groups": [{"count": 2, "type": "created", "items": []}]}, "bio": ""}, {"id": "14784555", "photo": {"prefix": "https://igx.4sqi.net/img/user/", "suffix": "/UF2MT10DPZVWZP1M.jpg"}, "homeCity": "Kuala Lumpur, Malaysia", "contact": {"facebook": "725769688"}, "firstName": "Clare T", "tips": {"count": 4}, "gender": "female", "lists": {"groups": [{"count": 3, "type": "created", "items": []}]}, "bio": ""}, {"id": "63684708", "photo": {"prefix": "https://igx.4sqi.net/img/user/", "suffix": "/JJ1UE3JXYJ3F0IFZ.jpg"}, "homeCity": "Melaka, 04", "contact": {"facebook": "1029930723"}, "firstName": "\u5a49\u541b", "tips": {"count": 0}, "gender": "female", "lastName": "\u7f57", "lists": {"groups": [{"count": 2, "type": "created", "items": []}]}, "bio": ""}, {"id": "4735145", "photo": {"prefix": "https://igx.4sqi.net/img/user/", "suffix": "/Q1U4TYPKMQRXBCAM.jpg"}, "homeCity": "Kuala Lumpur, Malaysia", "contact": {}, "firstName": "Sharon", "tips": {"count": 102}, "gender": "female", "lastName": "Tan", "lists": {"groups": [{"count": 2, "type": "created", "items": []}]}, "bio": ""}, {"id": "7873040", "photo": {"prefix": "https://igx.4sqi.net/img/user/", "default": true, "suffix": "/blank_boy.png"}, "homeCity": "Subang Jaya, Malaysia", "contact": {"facebook": "1631431416"}, "firstName": "Thomas", "tips": {"count": 0}, "gender": "male", "lastName": "Pang", "lists": {"groups": [{"count": 2, "type": "created", "items": []}]}, "bio": ""}, {"id": "33252734", "photo": {"prefix": "https://igx.4sqi.net/img/user/", "suffix": "/2JJJU2ZE5ONQ5BSR.jpg"}, "homeCity": "Victoria", "contact": {"facebook": "100001622335701"}, "firstName": "Christine Waiyuen", "tips": {"count": 0}, "gender": "female", "lists": {"groups": [{"count": 5, "type": "created", "items": []}]}, "bio": ""}, {"id": "24729061", "photo": {"prefix": "https://igx.4sqi.net/img/user/", "suffix": "/24729061-X1GKZ53C4CGGX41A.jpg"}, "homeCity": "Selangor", "contact": {}, "firstName": "Janet", "tips": {"count": 8}, "gender": "female", "lastName": "C", "lists": {"groups": [{"count": 2, "type": "created", "items": []}]}, "bio": "Baby Jane in da House!"}, {"id": "18935116", "photo": {"prefix": "https://igx.4sqi.net/img/user/", "suffix": "/HOFZ4IX53NDXG40X.jpg"}, "homeCity": "Kuala Lumpur, Malaysia", "contact": {"facebook": "10152685151257483", "twitter": "shahril74"}, "firstName": "Shahril", "tips": {"count": 12}, "gender": "male", "lastName": "Akmar", "lists": {"groups": [{"count": 2, "type": "created", "items": []}]}, "bio": ""}, {"id": "9995289", "photo": {"prefix": "https://igx.4sqi.net/img/user/", "suffix": "/HJOPXWBDTRM0MGWF.jpg"}, "homeCity": "Selangor", "contact": {"facebook": "847235006"}, "firstName": "Donovan", "tips": {"count": 1}, "gender": "male", "lastName": "Chan", "lists": {"groups": [{"count": 2, "type": "created", "items": []}]}, "bio": ""}, {"id": "5242445", "photo": {"prefix": "https://igx.4sqi.net/img/user/", "suffix": "/SKCK3CWDGZFATOAJ.jpg"}, "homeCity": "Puchong, Malaysia", "contact": {"facebook": "10155197282174513"}, "firstName": "Jaan", "tips": {"count": 24}, "gender": "male", "lists": {"groups": [{"count": 2, "type": "created", "items": []}]}, "bio": ""}, {"id": "19146979", "photo": {"prefix": "https://igx.4sqi.net/img/user/", "suffix": "/5XY5AMWPWNOCVSPB.jpg"}, "homeCity": "Kuala Lumpur, Malaysia", "contact": {"facebook": "885940359"}, "firstName": "Eu Gene", "tips": {"count": 0}, "gender": "male", "lastName": "Ooi", "lists": {"groups": [{"count": 2, "type": "created", "items": []}]}, "bio": ""}, {"id": "23015357", "photo": {"prefix": "https://igx.4sqi.net/img/user/", "default": true, "suffix": "/blank_boy.png"}, "homeCity": "Selangor", "contact": {"facebook": "523777507", "twitter": "kitweiluen"}, "firstName": "Wei", "tips": {"count": 0}, "gender": "male", "lastName": "Kit", "lists": {"groups": [{"count": 2, "type": "created", "items": []}]}, "bio": ""}, {"id": "31413097", "photo": {"prefix": "https://igx.4sqi.net/img/user/", "suffix": "/BHEDXJOALL40OI0Z.jpg"}, "homeCity": "Selangor", "contact": {"facebook": "631693167"}, "firstName": "JG", "tips": {"count": 0}, "gender": "none", "lastName": "Tan", "lists": {"groups": [{"count": 2, "type": "created", "items": []}]}, "bio": ""}]}, "checksum": "71e170752987fd8759323c41ca306217c3180baf"}}