{"notifications": [{"type": "notificationTray", "item": {"unreadCount": 0}}], "meta": {"requestId": "5966cbb7db04f528ae803b02", "code": 200}, "response": {"friends": {"count": 943, "items": [{"id": "2115173", "photo": {"prefix": "https://igx.4sqi.net/img/user/", "suffix": "/DKZK1XPJ3QMFKS42.jpg"}, "homeCity": "\u041c\u043e\u0441\u043a\u0432\u0430", "contact": {"twitter": "akolesnikov"}, "firstName": "Artem", "tips": {"count": 8}, "gender": "male", "lastName": "Kolesnikov", "lists": {"groups": [{"count": 3, "type": "created", "items": []}]}, "bio": "Vk: akolesnikov_rus\r\nig: akolesnikov_rus\r\nfb: akolesnikov.russia\r\npin: kolesnikov"}, {"id": "350552", "photo": {"prefix": "https://igx.4sqi.net/img/user/", "suffix": "/350552-OC2SPJ2ODLALI2KY.jpg"}, "homeCity": "MO", "contact": {"facebook": "10153196355109037", "twitter": "mozga"}, "firstName": "MoZg", "tips": {"count": 10}, "gender": "male", "lastName": "MoZgoff", "lists": {"groups": [{"count": 2, "type": "created", "items": []}]}, "bio": ""}, {"id": "10287547", "photo": {"prefix": "https://igx.4sqi.net/img/user/", "suffix": "/IORD5C4I4ZIUN4D5.jpg"}, "homeCity": "\u0433\u043e\u0440\u043e\u0434 \u041c\u043e\u0441\u043a\u0432\u0430, \u0420\u043e\u0441\u0441\u0438\u044f", "contact": {"facebook": "100001356797514", "twitter": "john_falstaff"}, "firstName": "Sergey", "tips": {"count": 4}, "gender": "male", "lastName": "Georgievich", "lists": {"groups": [{"count": 2, "type": "created", "items": []}]}, "bio": ""}, {"id": "7860785", "photo": {"prefix": "https://igx.4sqi.net/img/user/", "suffix": "/7860785-IPE1O3CQCHNIYL1A.jpg"}, "homeCity": "\u0433\u043e\u0440\u043e\u0434 \u041c\u043e\u0441\u043a\u0432\u0430, \u0420\u043e\u0441\u0441\u0438\u044f", "contact": {"facebook": "1669339116", "twitter": "crechett"}, "firstName": "crechett", "tips": {"count": 1}, "gender": "male", "lists": {"groups": [{"count": 2, "type": "created", "items": []}]}, "bio": ""}, {"id": "522583", "photo": {"prefix": "https://igx.4sqi.net/img/user/", "suffix": "/KTQ4W1YECPXESBUE.jpg"}, "homeCity": "Singapore", "contact": {}, "firstName": "Alexander", "tips": {"count": 0}, "gender": "male", "lastName": "Danilov", "lists": {"groups": [{"count": 2, "type": "created", "items": []}]}, "bio": ""}, {"id": "232343", "photo": {"prefix": "https://igx.4sqi.net/img/user/", "suffix": "/VJ2ZY2W3SIS4VQ5M.jpg"}, "homeCity": "Moscow, Russia", "contact": {"facebook": "509721987", "twitter": "antonme"}, "firstName": "Anton", "tips": {"count": 14}, "superuser": 1, "gender": "male", "lastName": "Volnuhin", "lists": {"groups": [{"count": 2, "type": "created", "items": []}]}, "bio": ""}, {"id": "5486560", "photo": {"prefix": "https://igx.4sqi.net/img/user/", "suffix": "/KPMXKINU3A4CILUA.jpg"}, "homeCity": "Avesta, Sverige", "contact": {"facebook": "1580364759", "twitter": "mvanpil"}, "firstName": "Malena", "tips": {"count": 5}, "gender": "female", "superuser": 1, "lists": {"groups": [{"count": 9, "type": "created", "items": []}]}, "bio": ""}, {"id": "2459562", "photo": {"prefix": "https://igx.4sqi.net/img/user/", "suffix": "/BXXJZ4XHP5OMW1QM.jpg"}, "homeCity": "Saint Petersburg, Russia", "contact": {"facebook": "10154148490828829", "twitter": "alukr"}, "firstName": "Aleksei", "tips": {"count": 3}, "superuser": 2, "gender": "male", "lastName": "Ukrainskii", "lists": {"groups": [{"count": 2, "type": "created", "items": []}]}, "bio": "Wissenschaftlicher Mitarbeiter"}, {"id": "3924558", "photo": {"prefix": "https://igx.4sqi.net/img/user/", "default": true, "suffix": "/blank_boy.png"}, "homeCity": "\u0433\u043e\u0440\u043e\u0434 \u0421\u0430\u043d\u043a\u0442-\u041f\u0435\u0442\u0435\u0440\u0431\u0443\u0440\u0433, \u0420\u043e\u0441\u0441\u0438\u044f", "contact": {"facebook": "1611976692"}, "firstName": "Sergey", "tips": {"count": 0}, "gender": "male", "lastName": "Rudnyaev", "lists": {"groups": [{"count": 2, "type": "created", "items": []}]}, "bio": ""}, {"id": "335414", "photo": {"prefix": "https://igx.4sqi.net/img/user/", "suffix": "/335414_bAt9ATp8_aKBGXqNiH3ouJaCpLoHNKpDdhPtXRWmrgwmMHekyE_JLSNDQjqUm8OOlzjytwxms.jpg"}, "homeCity": "Maple Grove, MN\nUSA", "contact": {"facebook": "10153235875678028", "twitter": "ahalizev"}, "firstName": "Anatoly", "tips": {"count": 41}, "gender": "male", "lastName": "Khalizev", "lists": {"groups": [{"count": 2, "type": "created", "items": []}]}, "bio": "Web design"}, {"id": "1049147", "photo": {"prefix": "https://igx.4sqi.net/img/user/", "suffix": "/ZTZM2NIFSE1VKOBF.jpg"}, "homeCity": "Moscow, Russia", "contact": {"facebook": "1786111694"}, "firstName": "Dimo", "tips": {"count": 33}, "gender": "male", "lastName": "Poyasok", "lists": {"groups": [{"count": 2, "type": "created", "items": []}]}, "bio": ""}, {"id": "784264", "photo": {"prefix": "https://igx.4sqi.net/img/user/", "suffix": "/JJP42X4QTPN42DPU.jpg"}, "homeCity": "\u0433\u043e\u0440\u043e\u0434 \u041c\u043e\u0441\u043a\u0432\u0430, \u041c\u043e\u0441\u043a\u0432\u0430", "contact": {"facebook": "748144675", "twitter": "gregor_ru"}, "firstName": "Gregory", "tips": {"count": 0}, "gender": "male", "lastName": "Sitnin", "lists": {"groups": [{"count": 2, "type": "created", "items": []}]}, "bio": ""}, {"id": "3273237", "photo": {"prefix": "https://igx.4sqi.net/img/user/", "suffix": "/RGQKVVQBWEB4XFR4.jpg"}, "homeCity": "New York, NY", "contact": {"facebook": "100000139720579", "twitter": "nycprgroup"}, "firstName": "Ellen", "tips": {"count": 10}, "gender": "female", "lastName": "Fridliand-Nycprgroup", "lists": {"groups": [{"count": 5, "type": "created", "items": []}]}, "bio": ""}, {"id": "6257229", "photo": {"prefix": "https://igx.4sqi.net/img/user/", "suffix": "/IPQZBFAKQY1JHFZ4.jpg"}, "homeCity": "Moscow", "contact": {"facebook": "100000495876988"}, "firstName": "Andrey", "tips": {"count": 8}, "gender": "male", "lastName": "Shulunov", "lists": {"groups": [{"count": 2, "type": "created", "items": []}]}, "bio": ""}, {"id": "7152704", "photo": {"prefix": "https://igx.4sqi.net/img/user/", "suffix": "/DY0PQYIZF0XJ11V3.jpg"}, "homeCity": "\u041a\u0438\u0435\u0432, Ukraine", "contact": {"twitter": "plastikkboy"}, "firstName": "Dmitry", "tips": {"count": 16}, "gender": "male", "lists": {"groups": [{"count": 2, "type": "created", "items": []}]}, "bio": ""}, {"id": "1239845", "photo": {"prefix": "https://igx.4sqi.net/img/user/", "suffix": "/BCLEBMP1DARY1M2K.jpg"}, "homeCity": "\u041a\u0438\u0457\u0432, Ukraine", "contact": {"facebook": "100000346711448", "twitter": "markoblogo"}, "firstName": "Anthony", "tips": {"count": 3}, "gender": "male", "lastName": "Biletskiy", "lists": {"groups": [{"count": 2, "type": "created", "items": []}]}, "bio": ""}, {"id": "10288961", "photo": {"prefix": "https://igx.4sqi.net/img/user/", "suffix": "/DYGZXJMJK1RZU1BI.jpg"}, "homeCity": "\u0433\u043e\u0440\u043e\u0434 \u0421\u0430\u043d\u043a\u0442-\u041f\u0435\u0442\u0435\u0440\u0431\u0443\u0440\u0433, \u0420\u043e\u0441\u0441\u0438\u044f", "contact": {"facebook": "100000213975787", "twitter": "barbudaso"}, "firstName": "\u0418\u0433\u043e\u0440\u044c", "tips": {"count": 0}, "gender": "male", "lastName": "\u0411\u0443\u043a\u0441\u0435\u0435\u0432", "lists": {"groups": [{"count": 3, "type": "created", "items": []}]}, "bio": ""}, {"id": "6130951", "photo": {"prefix": "https://igx.4sqi.net/img/user/", "suffix": "/WTZ0YRY0ONJL44MD.jpg"}, "homeCity": "Russia, Saint-Petersburg", "contact": {"facebook": "1248030100"}, "firstName": "Metalic", "tips": {"count": 18}, "gender": "male", "lists": {"groups": [{"count": 7, "type": "created", "items": []}]}, "bio": ""}, {"id": "4533819", "photo": {"prefix": "https://igx.4sqi.net/img/user/", "default": true, "suffix": "/blank_boy.png"}, "homeCity": "Oulu, Suomi", "contact": {"facebook": "1802375144", "twitter": "docgrey"}, "firstName": "Anton", "tips": {"count": 1}, "gender": "male", "lastName": "Serov", "lists": {"groups": [{"count": 2, "type": "created", "items": []}]}, "bio": ""}, {"id": "9569801", "photo": {"prefix": "https://igx.4sqi.net/img/user/", "suffix": "/SS1YYMGPOUWGIKKU.jpg"}, "homeCity": "\u0433\u043e\u0440\u043e\u0434 \u0421\u0430\u043d\u043a\u0442-\u041f\u0435\u0442\u0435\u0440\u0431\u0443\u0440\u0433, \u0420\u043e\u0441\u0441\u0438\u044f", "contact": {"facebook": "1027059680"}, "firstName": "Max", "tips": {"count": 26}, "gender": "male", "lastName": "Stepanov", "lists": {"groups": [{"count": 2, "type": "created", "items": []}]}, "bio": ""}, {"id": "4786861", "photo": {"prefix": "https://igx.4sqi.net/img/user/", "default": true, "suffix": "/blank_boy.png"}, "homeCity": "\u041a\u0438\u0435\u0432, Ukraine", "contact": {"facebook": "1645525985"}, "firstName": "Alex", "tips": {"count": 0}, "gender": "male", "lastName": "Sharipov", "lists": {"groups": [{"count": 2, "type": "created", "items": []}]}, "bio": ""}, {"id": "1470019", "photo": {"prefix": "https://igx.4sqi.net/img/user/", "suffix": "/OECSMTQFWUBENYKO.jpg"}, "homeCity": "\u0433\u043e\u0440\u043e\u0434 \u0421\u0430\u043d\u043a\u0442-\u041f\u0435\u0442\u0435\u0440\u0431\u0443\u0440\u0433, \u0420\u043e\u0441\u0441\u0438\u044f", "contact": {"facebook": "986158024740862", "twitter": "ksana_spring"}, "firstName": "Ksana_Popova", "tips": {"count": 32}, "gender": "female", "lists": {"groups": [{"count": 4, "type": "created", "items": []}]}, "bio": "SMM in Mediasfera"}, {"id": "877293", "photo": {"prefix": "https://igx.4sqi.net/img/user/", "suffix": "/COCQJTOJCTM1IT2P.jpg"}, "homeCity": "", "contact": {"facebook": "10152713285572382", "twitter": "profogr"}, "firstName": "Proforg", "tips": {"count": 38}, "gender": "male", "superuser": 4, "lists": {"groups": [{"count": 8, "type": "created", "items": []}]}, "bio": ""}, {"id": "3285892", "photo": {"prefix": "https://igx.4sqi.net/img/user/", "suffix": "/FTIT5R2KVUDAOTSL.jpg"}, "homeCity": "Kazan", "contact": {}, "firstName": "Ni0l", "tips": {"count": 14}, "gender": "male", "lastName": "Kh", "lists": {"groups": [{"count": 4, "type": "created", "items": []}]}, "bio": "\u0422\u0443\u0442 \u043d\u0443\u0436\u043d\u043e \u0447\u0442\u043e \u0442\u043e \u043d\u0430\u043f\u0438\u0441\u0430\u0442\u044c?"}, {"id": "6518234", "photo": {"prefix": "https://igx.4sqi.net/img/user/", "suffix": "/6518234-0PJMNJFPEHTI5UOB.jpg"}, "homeCity": "\u0433\u043e\u0440\u043e\u0434 \u0421\u0430\u043d\u043a\u0442-\u041f\u0435\u0442\u0435\u0440\u0431\u0443\u0440\u0433, \u0420\u043e\u0441\u0441\u0438\u044f", "contact": {"facebook": "100000518843885", "twitter": "letana3"}, "firstName": "Alisa", "tips": {"count": 22}, "gender": "female", "lastName": "Kireeva", "lists": {"groups": [{"count": 4, "type": "created", "items": []}]}, "bio": ""}, {"id": "7216745", "photo": {"prefix": "https://igx.4sqi.net/img/user/", "suffix": "/SIGNWOWMDD5NVB0O.jpg"}, "homeCity": "Almaty, Kazakstan", "contact": {"facebook": "100000789256134", "twitter": "yozhh"}, "firstName": "\u0422\u0438\u043c\u0443\u0440", "tips": {"count": 1}, "gender": "male", "lastName": "\u0422\u0438\u043d\u044b\u0448\u0431\u0430\u0435\u0432", "lists": {"groups": [{"count": 2, "type": "created", "items": []}]}, "bio": ""}, {"id": "1245853", "photo": {"prefix": "https://igx.4sqi.net/img/user/", "suffix": "/RV0PQ2W1VZPS5ZYA.jpg"}, "homeCity": "\u041c\u043e\u0441\u043a\u0432\u0430, \u0420\u043e\u0441\u0441\u0438\u044f", "contact": {"facebook": "841148396", "twitter": "daenur"}, "firstName": "\u0414\u043c\u0438\u0442\u0440\u0438\u0439", "tips": {"count": 4}, "gender": "male", "lists": {"groups": [{"count": 8, "type": "created", "items": []}]}, "bio": "macuser,blackberry user ,it manager ,\u043e\u0442\u0435\u0446 :)"}, {"id": "9725379", "photo": {"prefix": "https://igx.4sqi.net/img/user/", "suffix": "/MJVYKLKTW1G4PG54.jpg"}, "homeCity": "\u0421\u0430\u043d\u043a\u0442-\u043f\u0435\u0442\u0435\u0440\u0431\u0443\u0440\u0433", "contact": {"facebook": "1786068649", "twitter": "maninshadow"}, "firstName": "Alexander", "tips": {"count": 22}, "gender": "male", "lastName": "Maninshadow", "lists": {"groups": [{"count": 2, "type": "created", "items": []}]}, "bio": ""}, {"id": "9327202", "photo": {"prefix": "https://igx.4sqi.net/img/user/", "suffix": "/132S5BD2MSZ1WPVX.jpg"}, "homeCity": "\u0433\u043e\u0440\u043e\u0434 \u0421\u0430\u043d\u043a\u0442-\u041f\u0435\u0442\u0435\u0440\u0431\u0443\u0440\u0433, \u0420\u043e\u0441\u0441\u0438\u044f", "contact": {"twitter": "jetoff"}, "firstName": "Denis", "tips": {"count": 9}, "gender": "male", "lastName": "Voronin", "lists": {"groups": [{"count": 2, "type": "created", "items": []}]}, "bio": ""}, {"id": "895304", "photo": {"prefix": "https://igx.4sqi.net/img/user/", "suffix": "/TEKRBFSKIFNVAJCL.jpg"}, "homeCity": "\u0433\u043e\u0440\u043e\u0434 \u041a\u0430\u0437\u0430\u043d\u044c, \u0420\u043e\u0441\u0441\u0438\u044f", "contact": {"facebook": "100000573763607", "twitter": "kukmor"}, "firstName": "\u041d\u0438\u044f\u0437", "tips": {"count": 3}, "gender": "male", "lastName": "\u0410\u043a\u0441\u0430\u043d\u043e\u0432", "lists": {"groups": [{"count": 2, "type": "created", "items": []}]}, "bio": "\u041f\u043e\u0434\u0440\u043e\u0431\u043d\u044b\u0435 \u0444\u043e\u0442\u043e \u043e\u0442\u0447\u0435\u0442\u044b \u043f\u0440\u043e \u043f\u0443\u0442\u0435\u0448\u0435\u0441\u0442\u0432\u0438\u044f \u0442\u0443\u0442 - http://kukmor.livejournal.com/"}, {"id": "4044078", "photo": {"prefix": "https://igx.4sqi.net/img/user/", "suffix": "/4044078-PZ3MS2AAWZ3QOWMM"}, "homeCity": "\u0421\u044b\u0437\u0440\u0430\u043d\u044c", "contact": {"facebook": "100001665732256", "twitter": "akodoba"}, "firstName": "\u0410\u043b\u0435\u043a\u0441\u0435\u0439", "tips": {"count": 11}, "gender": "male", "lastName": "\u0414\u043e\u0440\u0438\u043d", "lists": {"groups": [{"count": 2, "type": "created", "items": []}]}, "bio": ""}, {"id": "9739915", "photo": {"prefix": "https://igx.4sqi.net/img/user/", "suffix": "/9739915-KXW2IC33TAZEBILB.jpg"}, "homeCity": "Moscow", "contact": {}, "firstName": "\ue419 Anton", "tips": {"count": 3}, "gender": "male", "lists": {"groups": [{"count": 3, "type": "created", "items": []}]}, "bio": "www.houzz.ru"}, {"id": "1065009", "photo": {"prefix": "https://igx.4sqi.net/img/user/", "default": true, "suffix": "/blank_boy.png"}, "homeCity": "\u0433\u043e\u0440\u043e\u0434 \u0421\u0430\u043d\u043a\u0442-\u041f\u0435\u0442\u0435\u0440\u0431\u0443\u0440\u0433, \u0420\u043e\u0441\u0441\u0438\u044f", "contact": {"facebook": "662400298"}, "firstName": "Daniel", "tips": {"count": 0}, "gender": "male", "lastName": "Lourie", "lists": {"groups": [{"count": 2, "type": "created", "items": []}]}, "bio": ""}, {"id": "8531239", "photo": {"prefix": "https://igx.4sqi.net/img/user/", "suffix": "/OTKXMY1RZXB3V3LO.jpg"}, "homeCity": "\u0420\u043e\u0441\u0441\u0438\u044f", "contact": {"facebook": "1492176177", "twitter": "eggog"}, "firstName": "Sergey", "tips": {"count": 0}, "gender": "male", "lastName": "Slazhny", "lists": {"groups": [{"count": 2, "type": "created", "items": []}]}, "bio": ""}, {"id": "1271822", "photo": {"prefix": "https://igx.4sqi.net/img/user/", "suffix": "/TD4MJHYTYUARAZHN.jpg"}, "homeCity": "\u0433\u043e\u0440\u043e\u0434 \u0412\u043e\u0440\u043e\u043d\u0435\u0436, \u0420\u043e\u0441\u0441\u0438\u044f", "contact": {"facebook": "1503495018", "twitter": "futurville"}, "firstName": "\u0418\u043b\u044c\u044f", "tips": {"count": 5}, "gender": "male", "lastName": "\u0411\u0435\u0439\u043b\u0438\u043d", "lists": {"groups": [{"count": 2, "type": "created", "items": []}]}, "bio": ""}, {"id": "8710255", "photo": {"prefix": "https://igx.4sqi.net/img/user/", "suffix": "/DTS22SSC1F52I3LM.jpg"}, "homeCity": "\u0433\u043e\u0440\u043e\u0434 \u041f\u0435\u0440\u043c\u044c, \u0420\u043e\u0441\u0441\u0438\u044f", "contact": {"facebook": "100000779372606", "twitter": "best_of_mosya"}, "firstName": "Artem", "tips": {"count": 5}, "gender": "male", "lastName": "Moskalev", "lists": {"groups": [{"count": 2, "type": "created", "items": []}]}, "bio": ""}, {"id": "1625697", "photo": {"prefix": "https://igx.4sqi.net/img/user/", "suffix": "/03A5SXWHTPEUGJVW.jpg"}, "homeCity": "\u0433\u043e\u0440\u043e\u0434 \u041c\u043e\u0441\u043a\u0432\u0430, \u041c\u043e\u0441\u043a\u0432\u0430", "contact": {"facebook": "1417992048", "twitter": "alexfg"}, "firstName": "alexfg", "tips": {"count": 8}, "gender": "male", "lists": {"groups": [{"count": 2, "type": "created", "items": []}]}, "bio": ""}, {"id": "8774656", "photo": {"prefix": "https://igx.4sqi.net/img/user/", "suffix": "/8774656-B2YALXPRJH1UHMYA.jpg"}, "homeCity": "\u0433\u043e\u0440\u043e\u0434 \u0421\u0430\u043d\u043a\u0442-\u041f\u0435\u0442\u0435\u0440\u0431\u0443\u0440\u0433, \u0420\u043e\u0441\u0441\u0438\u044f", "contact": {"facebook": "1197176228", "twitter": "the27th"}, "firstName": "Niko", "tips": {"count": 34}, "gender": "male", "lastName": "Panteleev", "lists": {"groups": [{"count": 5, "type": "created", "items": []}]}, "bio": ""}, {"id": "1708424", "photo": {"prefix": "https://igx.4sqi.net/img/user/", "suffix": "/TWLUM3WSLHN5UKSN.jpg"}, "homeCity": "\u041c\u043e\u0441\u043a\u0432\u0430, \u0420\u043e\u0441\u0441\u0438\u044f", "contact": {"facebook": "100000479145266"}, "firstName": "Sveta", "tips": {"count": 12}, "gender": "female", "lastName": "Ivannikova", "lists": {"groups": [{"count": 2, "type": "created", "items": []}]}, "bio": ""}, {"id": "1844742", "photo": {"prefix": "https://igx.4sqi.net/img/user/", "suffix": "/1844742-V3OXYJICRZVL52BP.jpg"}, "homeCity": "\u0433\u043e\u0440\u043e\u0434 \u041c\u043e\u0441\u043a\u0432\u0430, \u0420\u043e\u0441\u0441\u0438\u044f", "contact": {"facebook": "1097435063609775", "twitter": "al_good"}, "firstName": "Alexander", "tips": {"count": 1}, "gender": "male", "lastName": "Gudkov", "lists": {"groups": [{"count": 2, "type": "created", "items": []}]}, "bio": ""}, {"id": "2652315", "photo": {"prefix": "https://igx.4sqi.net/img/user/", "suffix": "/2652315-EUB4EN43R3NUEUHW.jpg"}, "homeCity": "\u0433\u043e\u0440\u043e\u0434 \u0421\u0430\u043d\u043a\u0442-\u041f\u0435\u0442\u0435\u0440\u0431\u0443\u0440\u0433, \u0420\u043e\u0441\u0441\u0438\u044f", "contact": {"facebook": "100000249703923", "twitter": "n1nt3nd0"}, "firstName": "Andry", "tips": {"count": 5}, "gender": "male", "lastName": "F.", "lists": {"groups": [{"count": 2, "type": "created", "items": []}]}, "bio": "Bio"}, {"id": "2727892", "photo": {"prefix": "https://igx.4sqi.net/img/user/", "suffix": "/2727892-3LGWIKUPM5VJERRS.jpg"}, "homeCity": "\u041a\u0438\u0457\u0432, Ukraine", "contact": {"facebook": "1153034892", "twitter": "a_snezhok"}, "firstName": "Denis", "tips": {"count": 12}, "gender": "male", "lastName": "Yakimchuk", "lists": {"groups": [{"count": 2, "type": "created", "items": []}]}, "bio": ""}, {"id": "3081387", "photo": {"prefix": "https://igx.4sqi.net/img/user/", "suffix": "/OUSVTSLLHVYMBS2G.jpg"}, "homeCity": "\u0433\u043e\u0440\u043e\u0434 \u0412\u043e\u043b\u0433\u043e\u0433\u0440\u0430\u0434, \u0420\u043e\u0441\u0441\u0438\u044f", "contact": {"facebook": "1649892981", "twitter": "anna_elza"}, "firstName": "Anna", "tips": {"count": 1}, "gender": "female", "lastName": "Tsvettsykh", "lists": {"groups": [{"count": 2, "type": "created", "items": []}]}, "bio": ""}]}, "checksum": "ce8dfcf952a3ecc2d7f18aae759d315d9316dd45"}}