{"notifications": [{"type": "notificationTray", "item": {"unreadCount": 0}}], "meta": {"requestId": "5966e8d24c1f67575333545f", "code": 200}, "response": {"friends": {"count": 1, "items": [{"id": "206969396", "photo": {"prefix": "https://igx.4sqi.net/img/user/", "suffix": "/206969396-P4MO2C04ZLVD1O5N.jpg"}, "homeCity": "", "contact": {"facebook": "10154241456978232"}, "firstName": "Manoman", "tips": {"count": 0}, "gender": "male", "lastName": "Thanapasuk", "lists": {"groups": [{"count": 2, "type": "created", "items": []}]}, "bio": ""}]}, "checksum": "b7c626eaa4c2b9d594e2e50f27eb32862110a2bd"}}