{"notifications": [{"type": "notificationTray", "item": {"unreadCount": 0}}], "response": {"friends": {"items": [{"tips": {"count": 0}, "contact": {"facebook": "1038428564"}, "firstName": "Jas", "gender": "female", "lastName": "Woo", "id": "67740301", "bio": "", "photo": {"prefix": "https://igx.4sqi.net/img/user/", "suffix": "/HEH2FTZADUEVXGIG.jpg"}, "homeCity": "Sydney, 02", "lists": {"groups": [{"items": [], "count": 2, "type": "created"}]}}, {"tips": {"count": 27}, "contact": {"facebook": "721544107"}, "firstName": "Jason", "gender": "male", "lastName": "Leow", "id": "8377739", "bio": "", "photo": {"prefix": "https://igx.4sqi.net/img/user/", "suffix": "/4WUBJMUV1XU1KBLS.jpg"}, "homeCity": "Singapore", "lists": {"groups": [{"items": [], "count": 2, "type": "created"}]}}, {"tips": {"count": 34}, "contact": {"twitter": "mingalterman", "facebook": "4201261"}, "firstName": "Ming Lai", "gender": "male", "lastName": "Alterman", "id": "260197", "bio": "", "photo": {"prefix": "https://igx.4sqi.net/img/user/", "suffix": "/3DOSXMMR40VOYSZJ.jpg"}, "homeCity": "Shanghai, China", "lists": {"groups": [{"items": [], "count": 5, "type": "created"}]}}, {"tips": {"count": 35}, "contact": {}, "firstName": "Zeus", "gender": "male", "lastName": "Chen", "id": "419599", "bio": "", "photo": {"prefix": "https://igx.4sqi.net/img/user/", "suffix": "/KKA1WSUFGZFO34L5.jpg"}, "homeCity": "\u53f0\u5317", "lists": {"groups": [{"items": [], "count": 2, "type": "created"}]}}, {"tips": {"count": 74}, "contact": {"facebook": "10154577808188626"}, "firstName": "Dalton", "gender": "female", "lastName": "D", "id": "18062722", "bio": "CMO at RKG, smart-mouth, blogger, a mom, brand-lover & tech geek. Stateside again after 12 yrs in Asia.", "photo": {"prefix": "https://igx.4sqi.net/img/user/", "suffix": "/A0PQ5XWKUGWVHH13.jpg"}, "homeCity": "NYC", "lists": {"groups": [{"items": [], "count": 12, "type": "created"}]}}, {"tips": {"count": 0}, "contact": {"facebook": "508287544"}, "firstName": "Nadia", "gender": "female", "lastName": "Hobbs", "id": "16150318", "bio": "", "photo": {"prefix": "https://igx.4sqi.net/img/user/", "suffix": "/blank_girl.png", "default": true}, "homeCity": "Victoria, Canada", "lists": {"groups": [{"items": [], "count": 2, "type": "created"}]}}, {"tips": {"count": 0}, "contact": {"twitter": "nathania_w", "facebook": "531722147"}, "firstName": "Nathania", "gender": "female", "lastName": "Widjaya", "id": "1999628", "bio": "", "photo": {"prefix": "https://igx.4sqi.net/img/user/", "suffix": "/JKALWHGBBUAKVGJ2.jpg"}, "homeCity": "Jakarta Pusat - DKI Jakarta, Indonesia", "lists": {"groups": [{"items": [], "count": 2, "type": "created"}]}}, {"tips": {"count": 0}, "contact": {"facebook": "537164147"}, "firstName": "Kenneth", "gender": "male", "lastName": "Lim", "id": "8895105", "bio": "", "photo": {"prefix": "https://igx.4sqi.net/img/user/", "suffix": "/SJEY25ZAE350OA2T.jpg"}, "homeCity": "\u5317\u4eac\u5e02, \u4e2d\u56fd", "lists": {"groups": [{"items": [], "count": 2, "type": "created"}]}}, {"tips": {"count": 3}, "contact": {"facebook": "510078985"}, "firstName": "Sam", "gender": "male", "lastName": "Chung", "id": "11228728", "bio": "", "photo": {"prefix": "https://igx.4sqi.net/img/user/", "suffix": "/SHMWDTCWAVPWPWNF.jpg"}, "homeCity": "Richmond Hill, Canada", "lists": {"groups": [{"items": [], "count": 2, "type": "created"}]}}, {"tips": {"count": 9}, "contact": {}, "firstName": "Ivy", "gender": "female", "lastName": "Banerjee", "id": "64995888", "bio": "", "photo": {"prefix": "https://igx.4sqi.net/img/user/", "suffix": "/MBWMKN33QZFRLN1H.jpg"}, "homeCity": "Singapore", "lists": {"groups": [{"items": [], "count": 2, "type": "created"}]}}, {"superuser": 2, "tips": {"count": 41}, "contact": {"twitter": "andylee"}, "firstName": "Andy", "gender": "male", "lastName": "Lee", "id": "10148", "bio": "", "photo": {"prefix": "https://igx.4sqi.net/img/user/", "suffix": "/RYE4IOEZODLEAYFX.jpg"}, "homeCity": "Beijing, China", "lists": {"groups": [{"items": [], "count": 5, "type": "created"}]}}, {"tips": {"count": 0}, "contact": {"facebook": "532879691"}, "firstName": "Eric", "gender": "male", "lastName": "Wei", "id": "938915", "bio": "", "photo": {"prefix": "https://igx.4sqi.net/img/user/", "suffix": "/938915-QM0KIHUAGQVUN250.jpg"}, "homeCity": "Shanghai, China", "lists": {"groups": [{"items": [], "count": 2, "type": "created"}]}}, {"tips": {"count": 0}, "contact": {"twitter": "ar14nt1", "facebook": "10152981636338850"}, "firstName": "Arianti", "gender": "female", "lastName": "Sutanto", "id": "2552182", "bio": "", "photo": {"prefix": "https://igx.4sqi.net/img/user/", "suffix": "/F3T2ASU0CGYX2HY0.jpg"}, "homeCity": "Bandung", "lists": {"groups": [{"items": [], "count": 2, "type": "created"}]}}, {"tips": {"count": 0}, "contact": {"facebook": "733511644"}, "firstName": "Andrea", "gender": "female", "lastName": "Grumet", "id": "50894504", "bio": "", "photo": {"prefix": "https://igx.4sqi.net/img/user/", "suffix": "/MCRZGZILM2Q3FTR3.jpg"}, "homeCity": "Sayreville, NJ", "lists": {"groups": [{"items": [], "count": 2, "type": "created"}]}}, {"tips": {"count": 15}, "contact": {"twitter": "worldwidemaldo", "facebook": "1253864481"}, "firstName": "Jeff", "gender": "male", "lastName": "M", "id": "2152558", "bio": "Wanderer. Turn-ons: history, nature, small bites, good drinks.", "photo": {"prefix": "https://igx.4sqi.net/img/user/", "suffix": "/3SJXXBUWOVVX0WMZ.jpg"}, "homeCity": "Edgewater, NJ", "lists": {"groups": [{"items": [], "count": 7, "type": "created"}]}}, {"tips": {"count": 8}, "contact": {"twitter": "scighera_one", "facebook": "554806473"}, "firstName": "Nick", "gender": "male", "lastName": "Smith", "id": "8559187", "bio": "", "photo": {"prefix": "https://igx.4sqi.net/img/user/", "suffix": "/I3PMZ1ZIZ301QNIY.jpg"}, "homeCity": "Singapore", "lists": {"groups": [{"items": [], "count": 2, "type": "created"}]}}, {"tips": {"count": 27}, "contact": {}, "firstName": "Alexandr", "gender": "male", "lastName": "O.", "id": "51283957", "bio": "Don't be square", "photo": {"prefix": "https://igx.4sqi.net/img/user/", "suffix": "/51283957-G0QTGWCLFSAORE2N.jpg"}, "homeCity": "Montreal, QC", "lists": {"groups": [{"items": [], "count": 5, "type": "created"}]}}, {"tips": {"count": 111}, "contact": {"twitter": "terencelau"}, "firstName": "Terence", "gender": "male", "lastName": "Lau", "id": "20215358", "bio": "", "photo": {"prefix": "https://igx.4sqi.net/img/user/", "suffix": "/SHOSTBK25PP1G0V0.jpg"}, "homeCity": "Shanghai", "lists": {"groups": [{"items": [], "count": 5, "type": "created"}]}}, {"tips": {"count": 1}, "contact": {"twitter": "amytoy", "facebook": "662436176"}, "firstName": "Amy", "gender": "female", "lastName": "Yang", "id": "21680533", "bio": "", "photo": {"prefix": "https://igx.4sqi.net/img/user/", "suffix": "/21680533-LLZXA010GGR4DL5X.jpg"}, "homeCity": "Beijing", "lists": {"groups": [{"items": [], "count": 2, "type": "created"}]}}, {"tips": {"count": 9}, "contact": {}, "firstName": "Stephanie", "gender": "female", "lastName": "Halim", "id": "1145803", "bio": "", "photo": {"prefix": "https://igx.4sqi.net/img/user/", "suffix": "/OV4KU40AXTUYXVIF.jpg"}, "homeCity": "Banjarmasin, South Kalimantan", "lists": {"groups": [{"items": [], "count": 2, "type": "created"}]}}, {"tips": {"count": 25}, "contact": {}, "firstName": "Endra", "gender": "male", "lastName": "Masagung", "id": "4140636", "bio": "", "photo": {"prefix": "https://igx.4sqi.net/img/user/", "suffix": "/CNZLSCLAW2I5B4EF.jpg"}, "homeCity": "Jakarta, Indonesia", "lists": {"groups": [{"items": [], "count": 2, "type": "created"}]}}, {"tips": {"count": 0}, "contact": {"facebook": "710961078"}, "firstName": "Mike", "gender": "male", "lastName": "Lui", "id": "50985294", "bio": "", "photo": {"prefix": "https://igx.4sqi.net/img/user/", "suffix": "/35JHHIPR2BYUI4OO.jpg"}, "homeCity": "Hong Kong", "lists": {"groups": [{"items": [], "count": 2, "type": "created"}]}}, {"tips": {"count": 5}, "contact": {"facebook": "72608403"}, "firstName": "Jacqueline", "gender": "female", "lastName": "Tavares", "id": "12440241", "bio": "", "photo": {"prefix": "https://igx.4sqi.net/img/user/", "suffix": "/3H0HRQRPIWUFYZ25.jpg"}, "homeCity": "Hong Kong", "lists": {"groups": [{"items": [], "count": 2, "type": "created"}]}}, {"tips": {"count": 7}, "contact": {"facebook": "738185644"}, "firstName": "Neel", "gender": "male", "lastName": "B", "id": "59777479", "bio": "", "photo": {"prefix": "https://igx.4sqi.net/img/user/", "suffix": "/PMBHOS1QU2IBVLAM.jpg"}, "homeCity": "Hong Kong", "lists": {"groups": [{"items": [], "count": 2, "type": "created"}]}}, {"tips": {"count": 0}, "contact": {"facebook": "513026808"}, "firstName": "Clara", "gender": "female", "lastName": "Bishop", "id": "27963868", "bio": "", "photo": {"prefix": "https://igx.4sqi.net/img/user/", "suffix": "/AA3IB02LZWBU51QD.jpg"}, "homeCity": "Washington, DC", "lists": {"groups": [{"items": [], "count": 2, "type": "created"}]}}, {"tips": {"count": 10}, "contact": {"twitter": "rickyricky", "facebook": "100003637414383"}, "firstName": "Ricky", "gender": "male", "lastName": "Meleschi", "id": "2067178", "bio": "ATX Paparazzi", "photo": {"prefix": "https://igx.4sqi.net/img/user/", "suffix": "/KCNO0QPXQFGRBJJX.jpg"}, "homeCity": "Austin, Texas", "lists": {"groups": [{"items": [], "count": 2, "type": "created"}]}}, {"tips": {"count": 0}, "contact": {"twitter": "jakehirschallen", "facebook": "28101657"}, "firstName": "Jake", "gender": "male", "lastName": "Hirsch-Allen", "id": "3817703", "bio": "", "photo": {"prefix": "https://igx.4sqi.net/img/user/", "suffix": "/WHVNEMJ0PAQIJKLP.jpg"}, "homeCity": "Toronto, Canada", "lists": {"groups": [{"items": [], "count": 3, "type": "created"}]}}], "count": 27}, "checksum": "4aaea9915eaa4cb5a600e785b7faab834df30557"}, "meta": {"requestId": "5966231b9fb6b77b79ec826e", "code": 200}}