{"notifications": [{"type": "notificationTray", "item": {"unreadCount": 0}}], "response": {"friends": {"items": [{"tips": {"count": 10}, "contact": {"twitter": "fidainc", "facebook": "527475397"}, "firstName": "Fida", "gender": "female", "lastName": "Amran", "id": "567750", "bio": "", "photo": {"prefix": "https://igx.4sqi.net/img/user/", "suffix": "/R3PJU2RFBOKXBGJX.jpg"}, "homeCity": "Wilkie road, Singapore", "lists": {"groups": [{"items": [], "count": 2, "type": "created"}]}}, {"tips": {"count": 9}, "contact": {}, "firstName": "Aloysius", "gender": "male", "lastName": "Low", "id": "278241", "bio": "", "photo": {"prefix": "https://igx.4sqi.net/img/user/", "suffix": "/IEJQPZS4EDZC3MJO.jpg"}, "homeCity": "Kallang, Singapore", "lists": {"groups": [{"items": [], "count": 2, "type": "created"}]}}, {"tips": {"count": 4}, "contact": {"twitter": "yapsherlyn", "facebook": "10153706011306208"}, "firstName": "Sherlyn", "gender": "female", "lastName": "Yap", "id": "36618011", "bio": "", "photo": {"prefix": "https://igx.4sqi.net/img/user/", "suffix": "/36618011-2QS34WQALWULMBXT.jpg"}, "homeCity": "Singapore", "lists": {"groups": [{"items": [], "count": 9, "type": "created"}]}}, {"tips": {"count": 0}, "contact": {}, "firstName": "Aliah", "gender": "female", "lastName": "Ali", "id": "6624916", "bio": "", "photo": {"prefix": "https://igx.4sqi.net/img/user/", "suffix": "/GS3R3SAN4MMBSABO.jpg"}, "homeCity": "Singapore", "lists": {"groups": [{"items": [], "count": 2, "type": "created"}]}}, {"tips": {"count": 13}, "contact": {}, "firstName": "Alvin", "gender": "male", "lastName": "Soon", "id": "14880243", "bio": "", "photo": {"prefix": "https://igx.4sqi.net/img/user/", "suffix": "/PJXB1OMXBEBAIRIQ.jpg"}, "homeCity": "Singapore", "lists": {"groups": [{"items": [], "count": 2, "type": "created"}]}}, {"tips": {"count": 0}, "contact": {"facebook": "500796032"}, "firstName": "Shalini", "gender": "female", "lastName": "Selliah", "id": "19946675", "bio": "", "photo": {"prefix": "https://igx.4sqi.net/img/user/", "suffix": "/K2IIYOFNH03MZGFM.jpg"}, "homeCity": "Singapore", "lists": {"groups": [{"items": [], "count": 2, "type": "created"}]}}, {"tips": {"count": 44}, "contact": {"twitter": "femmefauxpas", "facebook": "629358061"}, "firstName": "femmefauxpas", "gender": "female", "id": "1419769", "bio": "Digital delinquent with a passion for words, pubs, conversation and all associated forms of mischief.", "photo": {"prefix": "https://igx.4sqi.net/img/user/", "suffix": "/21L5H1AYOL2MRFDA.jpg"}, "homeCity": "Singapore", "lists": {"groups": [{"items": [], "count": 4, "type": "created"}]}}, {"tips": {"count": 4}, "contact": {"twitter": "ahger", "facebook": "528985931"}, "firstName": "Wei Zhen", "gender": "female", "lastName": "L", "id": "5721179", "bio": "", "photo": {"prefix": "https://igx.4sqi.net/img/user/", "suffix": "/VI53ANHXUQEBWJB0.jpg"}, "homeCity": "Singapore", "lists": {"groups": [{"items": [], "count": 2, "type": "created"}]}}, {"tips": {"count": 1}, "contact": {"twitter": "inblood"}, "firstName": "Andy", "gender": "male", "id": "1936295", "bio": "", "photo": {"prefix": "https://igx.4sqi.net/img/user/", "suffix": "/XRULS4ERE2UWY1WU.jpg"}, "homeCity": "Singapore", "lists": {"groups": [{"items": [], "count": 2, "type": "created"}]}}, {"tips": {"count": 12}, "contact": {"twitter": "jacseng", "facebook": "733714687"}, "firstName": "Jacqueline", "gender": "female", "lastName": "Seng", "id": "3914953", "bio": "", "photo": {"prefix": "https://igx.4sqi.net/img/user/", "suffix": "/YRCCHXKJO250QLUH.jpg"}, "homeCity": "Singapore", "lists": {"groups": [{"items": [], "count": 3, "type": "created"}]}}, {"tips": {"count": 13}, "contact": {"facebook": "503776867"}, "firstName": "Serene", "gender": "female", "lastName": "Loo", "id": "5405340", "bio": "Comes with a weakness for ice-cream.", "photo": {"prefix": "https://igx.4sqi.net/img/user/", "suffix": "/4YUVOR013ERP5P2L.jpg"}, "homeCity": "Singapore", "lists": {"groups": [{"items": [], "count": 2, "type": "created"}]}}, {"superuser": 1, "tips": {"count": 3}, "contact": {"facebook": "602130787"}, "firstName": "Hedirman", "gender": "male", "lastName": "Supian", "id": "86511", "bio": "", "photo": {"prefix": "https://igx.4sqi.net/img/user/", "suffix": "/RR01GNZPJ2R05LGG.jpg"}, "homeCity": "Singapore", "lists": {"groups": [{"items": [], "count": 2, "type": "created"}]}}, {"tips": {"count": 0}, "contact": {"twitter": "royalpenguin", "facebook": "100002556013422"}, "firstName": "Shaun", "gender": "male", "lastName": "Ho", "id": "51014723", "bio": "", "photo": {"prefix": "https://igx.4sqi.net/img/user/", "suffix": "/blank_boy.png", "default": true}, "homeCity": "Singapore", "lists": {"groups": [{"items": [], "count": 2, "type": "created"}]}}, {"tips": {"count": 1}, "contact": {"twitter": "mondayboo"}, "firstName": "Eunice", "gender": "female", "lastName": "Boo", "id": "1054037", "bio": "", "photo": {"prefix": "https://igx.4sqi.net/img/user/", "suffix": "/YOVULJLFN5H1BEEY.jpg"}, "homeCity": "Jurong West, Singapore", "lists": {"groups": [{"items": [], "count": 2, "type": "created"}]}}, {"tips": {"count": 0}, "contact": {"twitter": "teinhee", "facebook": "610073104"}, "firstName": "Tein Hee", "gender": "male", "lastName": "Seow", "id": "146957", "bio": "", "photo": {"prefix": "https://igx.4sqi.net/img/user/", "suffix": "/UYALYJWCRQ5EUVL0.jpg"}, "homeCity": "Kallang, Singapore", "lists": {"groups": [{"items": [], "count": 2, "type": "created"}]}}, {"tips": {"count": 0}, "contact": {}, "firstName": "Sidney", "gender": "male", "lastName": "Wong", "id": "1447826", "bio": "", "photo": {"prefix": "https://igx.4sqi.net/img/user/", "suffix": "/1BEM0YLN1G0PTOIV.jpg"}, "homeCity": "Singapore", "lists": {"groups": [{"items": [], "count": 2, "type": "created"}]}}, {"tips": {"count": 1}, "contact": {"facebook": "666832782"}, "firstName": "Fiona", "gender": "female", "id": "3041246", "bio": "", "photo": {"prefix": "https://igx.4sqi.net/img/user/", "suffix": "/155AQPSSZIFEVS0K.jpg"}, "homeCity": "Singapore", "lists": {"groups": [{"items": [], "count": 2, "type": "created"}]}}, {"tips": {"count": 0}, "contact": {"facebook": "583643615"}, "firstName": "Lizzy", "gender": "female", "id": "31608902", "bio": "", "photo": {"prefix": "https://igx.4sqi.net/img/user/", "suffix": "/MD0SHEWXXGE30Q1Y.jpg"}, "homeCity": "Singapore", "lists": {"groups": [{"items": [], "count": 2, "type": "created"}]}}, {"tips": {"count": 12}, "contact": {"twitter": "angelsherwin", "facebook": "10152933920343876"}, "firstName": "Sherwin", "gender": "male", "lastName": "Loh", "id": "175501", "bio": "", "photo": {"prefix": "https://igx.4sqi.net/img/user/", "suffix": "/RJPDVHVK2XEZH5BB.jpg"}, "homeCity": "Rochor, Singapore", "lists": {"groups": [{"items": [], "count": 2, "type": "created"}]}}, {"tips": {"count": 0}, "contact": {"facebook": "535649130"}, "firstName": "Wilson", "gender": "male", "lastName": "Khoo", "id": "16543720", "bio": "", "photo": {"prefix": "https://igx.4sqi.net/img/user/", "suffix": "/ML10XFJQF50FMGOQ.jpg"}, "homeCity": "Singapore", "lists": {"groups": [{"items": [], "count": 2, "type": "created"}]}}, {"tips": {"count": 0}, "contact": {"twitter": "mrtoffee", "facebook": "714065398"}, "firstName": "Jon", "gender": "male", "lastName": "Leo", "id": "26060397", "bio": "", "photo": {"prefix": "https://igx.4sqi.net/img/user/", "suffix": "/XMEKGV22GITUBT31.jpg"}, "homeCity": "New York, NY", "lists": {"groups": [{"items": [], "count": 2, "type": "created"}]}}, {"tips": {"count": 0}, "contact": {"facebook": "581216556"}, "firstName": "Shalini", "gender": "female", "lastName": "Raj", "id": "24005303", "bio": "", "photo": {"prefix": "https://igx.4sqi.net/img/user/", "suffix": "/JIJ5QWTP3KQ1Y0KV.jpg"}, "homeCity": "New York, NY", "lists": {"groups": [{"items": [], "count": 2, "type": "created"}]}}, {"tips": {"count": 0}, "contact": {"twitter": "trisheryq", "facebook": "1638255122"}, "firstName": "Tricia", "gender": "female", "lastName": "Goo", "id": "5915751", "bio": "Singapore. USA", "photo": {"prefix": "https://igx.4sqi.net/img/user/", "suffix": "/A4Z4QR1CKQX0KR51.jpg"}, "homeCity": "Singapore", "lists": {"groups": [{"items": [], "count": 2, "type": "created"}]}}, {"tips": {"count": 0}, "contact": {"twitter": "kkarista", "facebook": "514482468"}, "firstName": "Karista", "gender": "female", "lastName": "K", "id": "7330302", "bio": "", "photo": {"prefix": "https://igx.4sqi.net/img/user/", "suffix": "/SNOKLZWEYSDD52UJ.jpg"}, "homeCity": "Singapore", "lists": {"groups": [{"items": [], "count": 2, "type": "created"}]}}, {"tips": {"count": 0}, "contact": {"facebook": "755515528"}, "firstName": "Adeline", "gender": "female", "lastName": "Chung", "id": "53624555", "bio": "", "photo": {"prefix": "https://igx.4sqi.net/img/user/", "suffix": "/ZUOTLXXABAEWICKE.jpg"}, "homeCity": "Singapore", "lists": {"groups": [{"items": [], "count": 2, "type": "created"}]}}, {"tips": {"count": 1}, "contact": {"twitter": "re_dz", "facebook": "750744082"}, "firstName": "Redz", "gender": "male", "id": "319019", "bio": "", "photo": {"prefix": "https://igx.4sqi.net/img/user/", "suffix": "/O2OAFQ1NXY45A3B1.jpg"}, "homeCity": "Singapore", "lists": {"groups": [{"items": [], "count": 2, "type": "created"}]}}, {"tips": {"count": 0}, "contact": {"facebook": "1064726515"}, "firstName": "Chris", "gender": "none", "lastName": "Chan", "id": "75278012", "bio": "", "photo": {"prefix": "https://igx.4sqi.net/img/user/", "suffix": "/blank_boy.png", "default": true}, "homeCity": "Melaka, MLK", "lists": {"groups": [{"items": [], "count": 2, "type": "created"}]}}, {"tips": {"count": 485}, "contact": {"twitter": "gaires2359"}, "firstName": "Elle", "gender": "female", "lastName": "T.", "id": "3342344", "bio": "Do u know where your towel is?", "photo": {"prefix": "https://igx.4sqi.net/img/user/", "suffix": "/3342344-OVQTPHONGCAPHBFX.jpg"}, "homeCity": "Magrathea, Betelgeuse", "lists": {"groups": [{"items": [], "count": 5, "type": "created"}]}}, {"tips": {"count": 4}, "contact": {"twitter": "digitalpimp_"}, "firstName": "Nathan", "gender": "male", "lastName": "GH", "id": "4219097", "bio": "I'm all about good food. Nightlife. Music. Photography.\r\n\r\nEnd of story.", "photo": {"prefix": "https://igx.4sqi.net/img/user/", "suffix": "/MN5LWLUPZWDJQRM0.jpg"}, "homeCity": "Singapore", "lists": {"groups": [{"items": [], "count": 2, "type": "created"}]}}, {"tips": {"count": 0}, "contact": {"facebook": "517004986"}, "firstName": "Reza", "gender": "male", "lastName": "Omar", "id": "3889504", "bio": "", "photo": {"prefix": "https://igx.4sqi.net/img/user/", "suffix": "/IIWW40F00GT0WBHH.jpg"}, "homeCity": "Singapore", "lists": {"groups": [{"items": [], "count": 2, "type": "created"}]}}, {"tips": {"count": 0}, "contact": {"facebook": "686750930"}, "firstName": "Leo", "gender": "male", "lastName": "Boon Yeow", "id": "33153862", "bio": "", "photo": {"prefix": "https://igx.4sqi.net/img/user/", "suffix": "/MZDOCTHKYBPZ0VKI.jpg"}, "homeCity": "New York, NY", "lists": {"groups": [{"items": [], "count": 2, "type": "created"}]}}, {"tips": {"count": 0}, "contact": {"facebook": "100001810904870"}, "firstName": "Diana", "gender": "female", "lastName": "Tan", "id": "38291121", "bio": "", "photo": {"prefix": "https://igx.4sqi.net/img/user/", "suffix": "/K2M3NPAK2JMAHGMU.jpg"}, "homeCity": "New York, NY", "lists": {"groups": [{"items": [], "count": 2, "type": "created"}]}}, {"tips": {"count": 11}, "contact": {}, "firstName": "Chris", "gender": "male", "lastName": "\ud83c\udf0f\u2708 \ud83c\udf77\ud83c\udfca", "id": "29049355", "bio": "\ud83c\udf19", "photo": {"prefix": "https://igx.4sqi.net/img/user/", "suffix": "/29049355-C5PR2RBJIROFZ4HO.jpg"}, "homeCity": "England. UK", "lists": {"groups": [{"items": [], "count": 11, "type": "created"}]}}, {"tips": {"count": 2}, "contact": {"twitter": "armannerisms", "facebook": "643615121"}, "firstName": "Arman", "gender": "male", "lastName": "Shah", "id": "40064829", "bio": "", "photo": {"prefix": "https://igx.4sqi.net/img/user/", "suffix": "/1UESYI3S34ACT5GQ.jpg"}, "homeCity": "New York, NY", "lists": {"groups": [{"items": [], "count": 2, "type": "created"}]}}, {"tips": {"count": 69}, "contact": {"twitter": "b4codec", "facebook": "573253706"}, "firstName": "Kenji", "gender": "male", "lastName": "Tan", "id": "44182701", "bio": "", "photo": {"prefix": "https://igx.4sqi.net/img/user/", "suffix": "/44182701-EXNGKN3Y0WNENP5I.jpg"}, "homeCity": "Pulau Pinang", "lists": {"groups": [{"items": [], "count": 4, "type": "created"}]}}, {"tips": {"count": 2}, "contact": {"facebook": "1239715248"}, "firstName": "Jamie", "gender": "female", "lastName": "Chan", "id": "20896906", "bio": "www.jamiecphotos.com", "photo": {"prefix": "https://igx.4sqi.net/img/user/", "suffix": "/ZALSRDA1ZCQNIJSK.jpg"}, "homeCity": "Singapore", "lists": {"groups": [{"items": [], "count": 2, "type": "created"}]}}, {"tips": {"count": 0}, "contact": {"facebook": "100000791076815"}, "firstName": "Lim", "gender": "male", "lastName": "Thomas", "id": "53882210", "bio": "", "photo": {"prefix": "https://igx.4sqi.net/img/user/", "suffix": "/LOCBROUPZUHU1UGF.jpg"}, "homeCity": "Singapore", "lists": {"groups": [{"items": [], "count": 2, "type": "created"}]}}, {"tips": {"count": 9}, "contact": {"twitter": "socialpr", "facebook": "627237473"}, "firstName": "Aaron", "gender": "male", "lastName": "Koh", "id": "329852", "bio": "", "photo": {"prefix": "https://igx.4sqi.net/img/user/", "suffix": "/DP4SGO0XWQUO3Z4U.jpg"}, "homeCity": "Singapore", "lists": {"groups": [{"items": [], "count": 2, "type": "created"}]}}, {"tips": {"count": 4}, "contact": {}, "firstName": "Terence", "gender": "male", "lastName": "H.", "id": "5072602", "bio": "", "photo": {"prefix": "https://igx.4sqi.net/img/user/", "suffix": "/3YPT4OHAAETHJCOR.jpg"}, "homeCity": "Singapore", "lists": {"groups": [{"items": [], "count": 2, "type": "created"}]}}, {"tips": {"count": 0}, "contact": {"twitter": "vonneses", "facebook": "100000014670732"}, "firstName": "Vonneses", "gender": "female", "lastName": "xoxo", "id": "4227544", "bio": "", "photo": {"prefix": "https://igx.4sqi.net/img/user/", "suffix": "/4227544-QN1X0N3DOWIBPSV0.jpg"}, "homeCity": "Singapore", "lists": {"groups": [{"items": [], "count": 2, "type": "created"}]}}, {"tips": {"count": 23}, "contact": {}, "firstName": "Lisa", "gender": "female", "lastName": "Twang", "id": "8719618", "bio": "", "photo": {"prefix": "https://igx.4sqi.net/img/user/", "suffix": "/8719618-XIUW4M4OIWB051NW.jpg"}, "homeCity": "Singapore", "lists": {"groups": [{"items": [], "count": 14, "type": "created"}]}}, {"tips": {"count": 0}, "contact": {"facebook": "530303429"}, "firstName": "Spencer", "gender": "male", "lastName": "Li", "id": "64249795", "bio": "", "photo": {"prefix": "https://igx.4sqi.net/img/user/", "suffix": "/HKXRHXU5EHUT431U.jpg"}, "homeCity": "Singapore, 00", "lists": {"groups": [{"items": [], "count": 2, "type": "created"}]}}, {"tips": {"count": 0}, "contact": {"facebook": "636784351"}, "firstName": "Raha Ahmad", "gender": "female", "lastName": "Lee", "id": "20702141", "bio": "", "photo": {"prefix": "https://igx.4sqi.net/img/user/", "suffix": "/20702141-TGRHCFY0B52XRFGD.jpg"}, "homeCity": "Singapore", "lists": {"groups": [{"items": [], "count": 2, "type": "created"}]}}, {"tips": {"count": 0}, "contact": {"twitter": "m14megmilk", "facebook": "100003119700907"}, "firstName": "Megumi", "gender": "female", "lastName": "Kokubun", "id": "64533180", "bio": "", "photo": {"prefix": "https://igx.4sqi.net/img/user/", "suffix": "/UVTAFNCM4SRVBCSC.jpg"}, "homeCity": "Fukushima-ken", "lists": {"groups": [{"items": [], "count": 2, "type": "created"}]}}, {"tips": {"count": 1}, "contact": {"facebook": "618571001"}, "firstName": "Desmond", "gender": "none", "lastName": "Wee", "id": "80708588", "bio": "", "photo": {"prefix": "https://igx.4sqi.net/img/user/", "suffix": "/80708588-ZYFYA4MYFS2G0130.jpg"}, "homeCity": "Karlsruhe, Baden-W\u00fcrttemberg", "lists": {"groups": [{"items": [], "count": 2, "type": "created"}]}}], "count": 45}, "checksum": "36fe2215081f9db350d8bf365309b3bbdd2f4fa7"}, "meta": {"requestId": "5965bea61ed21919fbaa9134", "code": 200}}