{"notifications": [{"type": "notificationTray", "item": {"unreadCount": 0}}], "response": {"friends": {"items": [{"tips": {"count": 0}, "contact": {"facebook": "512320023"}, "firstName": "Xiaoe", "gender": "female", "lastName": "Chew", "id": "16546749", "bio": "", "photo": {"prefix": "https://igx.4sqi.net/img/user/", "suffix": "/B14PVJKWVLUG0HLF.jpg"}, "homeCity": "Batu Pahat, Malaysia", "lists": {"groups": [{"items": [], "count": 2, "type": "created"}]}}, {"tips": {"count": 1}, "contact": {"facebook": "100001485670605"}, "firstName": "Michelle", "gender": "female", "lastName": "Mai", "id": "11025306", "bio": "", "photo": {"prefix": "https://igx.4sqi.net/img/user/", "suffix": "/RLYU3Y4YR0UKPCPB.jpg"}, "homeCity": "Singapore", "lists": {"groups": [{"items": [], "count": 2, "type": "created"}]}}, {"tips": {"count": 13}, "contact": {"twitter": "rizalazani", "facebook": "845375105"}, "firstName": "Rizal", "gender": "male", "lastName": "Azani", "id": "4316010", "bio": "", "photo": {"prefix": "https://igx.4sqi.net/img/user/", "suffix": "/ERJJLMEECZL51FYO.jpg"}, "homeCity": "Puchong, Malaysia", "lists": {"groups": [{"items": [], "count": 2, "type": "created"}]}}, {"tips": {"count": 35}, "contact": {"twitter": "raptorclans", "facebook": "668719076"}, "firstName": "Aris", "gender": "male", "lastName": "Tee", "id": "6783618", "bio": "", "photo": {"prefix": "https://igx.4sqi.net/img/user/", "suffix": "/YEAF1WV4FHOKDA4J.jpg"}, "homeCity": "Puchong, Malaysia", "lists": {"groups": [{"items": [], "count": 2, "type": "created"}]}}, {"tips": {"count": 0}, "contact": {"facebook": "1321827832"}, "firstName": "Ying", "gender": "female", "lastName": "Cmy", "id": "11400442", "bio": "", "photo": {"prefix": "https://igx.4sqi.net/img/user/", "suffix": "/FWQGYRU4EOBGGUKM.jpg"}, "homeCity": "Kajang, Malaysia", "lists": {"groups": [{"items": [], "count": 2, "type": "created"}]}}, {"tips": {"count": 6}, "contact": {"facebook": "653430539"}, "firstName": "Joling", "gender": "female", "lastName": "Yeoh", "id": "26939473", "bio": "jolingyeoh.blogspot.com", "photo": {"prefix": "https://igx.4sqi.net/img/user/", "suffix": "/W13ZVX3GIJQUHY1B.jpg"}, "homeCity": "Singapore", "lists": {"groups": [{"items": [], "count": 3, "type": "created"}]}}, {"tips": {"count": 0}, "contact": {"twitter": "vkipeyhern", "facebook": "1426278323"}, "firstName": "Vincent", "gender": "male", "lastName": "Ki", "id": "11238302", "bio": "", "photo": {"prefix": "https://igx.4sqi.net/img/user/", "suffix": "/R2FSVPVWKDBY01QP.jpg"}, "homeCity": "NY", "lists": {"groups": [{"items": [], "count": 3, "type": "created"}]}}, {"tips": {"count": 0}, "contact": {"facebook": "100002313945458"}, "firstName": "Kou", "gender": "male", "id": "5275148", "bio": "", "photo": {"prefix": "https://igx.4sqi.net/img/user/", "suffix": "/TF1QGVN4BQ5DPFPQ.jpg"}, "homeCity": "\u8349\u6d25\u5e02, \u65e5\u672c", "lists": {"groups": [{"items": [], "count": 2, "type": "created"}]}}, {"tips": {"count": 0}, "contact": {"facebook": "848505005"}, "firstName": "AmbEr", "gender": "male", "lastName": "Piig", "id": "22311336", "bio": "", "photo": {"prefix": "https://igx.4sqi.net/img/user/", "suffix": "/T1EZCJV3XGDKSWI3.jpg"}, "homeCity": "Selangor", "lists": {"groups": [{"items": [], "count": 2, "type": "created"}]}}, {"tips": {"count": 5}, "contact": {"twitter": "jriceteoh", "facebook": "717208478"}, "firstName": "Hong", "gender": "male", "lastName": "Chai", "id": "5634760", "bio": "", "photo": {"prefix": "https://igx.4sqi.net/img/user/", "suffix": "/L1ZUPHQ3RRVANHY5.jpg"}, "homeCity": "Old Klang Road,Msia", "lists": {"groups": [{"items": [], "count": 2, "type": "created"}]}}, {"tips": {"count": 0}, "contact": {"facebook": "1069686254"}, "firstName": "Rebecca", "gender": "female", "lastName": "Tai", "id": "25018737", "bio": "", "photo": {"prefix": "https://igx.4sqi.net/img/user/", "suffix": "/JFEKQWXMQ2TTESIJ.jpg"}, "homeCity": "Selangor", "lists": {"groups": [{"items": [], "count": 2, "type": "created"}]}}, {"tips": {"count": 7}, "contact": {"twitter": "masakazusyafiq", "facebook": "1220214877"}, "firstName": "Masakazu Syafiq", "gender": "male", "id": "6679825", "bio": "", "photo": {"prefix": "https://igx.4sqi.net/img/user/", "suffix": "/LYPBSJZQ5QRDGOYD.jpg"}, "homeCity": "Melaka, Malaysia", "lists": {"groups": [{"items": [], "count": 2, "type": "created"}]}}, {"tips": {"count": 0}, "contact": {"twitter": "highstreetgal", "facebook": "100001219884906"}, "firstName": "Darren", "gender": "male", "lastName": "Tan", "id": "9762885", "bio": "", "photo": {"prefix": "https://igx.4sqi.net/img/user/", "suffix": "/50JK0PTUPQGSGIMD.jpg"}, "homeCity": "Malaysia", "lists": {"groups": [{"items": [], "count": 3, "type": "created"}]}}, {"tips": {"count": 14}, "contact": {"twitter": "haseographie"}, "firstName": "h4.530", "gender": "male", "id": "5931844", "bio": "[ Insert caption here. ]", "photo": {"prefix": "https://igx.4sqi.net/img/user/", "suffix": "/5931844-M4YETVX5XZKSUZCU.jpg"}, "homeCity": "Shah Alam, Malaysia", "lists": {"groups": [{"items": [], "count": 2, "type": "created"}]}}, {"tips": {"count": 0}, "contact": {"facebook": "651564043"}, "firstName": "Jocelyn", "gender": "female", "lastName": "Lim", "id": "64870082", "bio": "", "photo": {"prefix": "https://igx.4sqi.net/img/user/", "suffix": "/4JSNGHK1OKJFRLGY.jpg"}, "homeCity": "Kuala Lumpur, KUL", "lists": {"groups": [{"items": [], "count": 2, "type": "created"}]}}, {"tips": {"count": 0}, "contact": {"facebook": "100000988539250"}, "firstName": "Zain", "gender": "male", "lastName": "Azwan", "id": "10542220", "bio": "", "photo": {"prefix": "https://igx.4sqi.net/img/user/", "suffix": "/04H1NFDYL0A2FXTN.jpg"}, "homeCity": "Kuala Lumpur, Malaysia", "lists": {"groups": [{"items": [], "count": 2, "type": "created"}]}}, {"tips": {"count": 0}, "contact": {"twitter": "jxrvcxchai", "facebook": "751513930"}, "firstName": "Jerica yun\ud83c\udf53", "gender": "female", "id": "3245460", "bio": "http://twitter.com/heyjxrc\r\nGolds, glitters and young.", "photo": {"prefix": "https://igx.4sqi.net/img/user/", "suffix": "/3245460-WYSFNGULFVB4JYKV.jpg"}, "homeCity": "Singapore", "lists": {"groups": [{"items": [], "count": 2, "type": "created"}]}}, {"tips": {"count": 0}, "contact": {"facebook": "1673850061"}, "firstName": "Eric Meng Kiat", "gender": "none", "lastName": "Tan", "id": "13584513", "bio": "", "photo": {"prefix": "https://igx.4sqi.net/img/user/", "suffix": "/blank_boy.png", "default": true}, "homeCity": "Kuta, Indonesia", "lists": {"groups": [{"items": [], "count": 2, "type": "created"}]}}, {"tips": {"count": 0}, "contact": {"facebook": "606348207"}, "firstName": "Stephy", "gender": "female", "lastName": "Chau", "id": "31790214", "bio": "", "photo": {"prefix": "https://igx.4sqi.net/img/user/", "suffix": "/QUBZ3AVAW3PBJIJJ.jpg"}, "homeCity": "Selangor", "lists": {"groups": [{"items": [], "count": 2, "type": "created"}]}}, {"tips": {"count": 0}, "contact": {"facebook": "1228874288"}, "firstName": "Boon", "gender": "female", "lastName": "Shan", "id": "57360446", "bio": "", "photo": {"prefix": "https://igx.4sqi.net/img/user/", "suffix": "/F0LLYWCWLM11IAHT.jpg"}, "homeCity": "Batu Pahat", "lists": {"groups": [{"items": [], "count": 2, "type": "created"}]}}, {"tips": {"count": 0}, "contact": {"twitter": "evieliew", "facebook": "584759283"}, "firstName": "Evie", "gender": "female", "lastName": "Liew", "id": "11567800", "bio": "", "photo": {"prefix": "https://igx.4sqi.net/img/user/", "suffix": "/ETSC53KINKLTDRGH.jpg"}, "homeCity": "", "lists": {"groups": [{"items": [], "count": 2, "type": "created"}]}}, {"tips": {"count": 1}, "contact": {"twitter": "nuxail"}, "firstName": "Nuxail", "gender": "male", "lastName": "Kian Sheng", "id": "12701184", "bio": "", "photo": {"prefix": "https://igx.4sqi.net/img/user/", "suffix": "/PGGKGADIQSDLCEZN.jpg"}, "homeCity": "Batu Pahat, Malaysia", "lists": {"groups": [{"items": [], "count": 2, "type": "created"}]}}, {"tips": {"count": 0}, "contact": {"facebook": "685609997"}, "firstName": "Aaron", "gender": "male", "lastName": "Tan", "id": "6806185", "bio": "", "photo": {"prefix": "https://igx.4sqi.net/img/user/", "suffix": "/FAI5CUP3PDLLYBOD.jpg"}, "homeCity": "Malaysia", "lists": {"groups": [{"items": [], "count": 2, "type": "created"}]}}, {"tips": {"count": 0}, "contact": {"twitter": "whiteblackjuly", "facebook": "638842408"}, "firstName": "Laura Allison", "gender": "female", "lastName": "Teh", "id": "28545751", "bio": "", "photo": {"prefix": "https://igx.4sqi.net/img/user/", "suffix": "/413J0E1B3ZZ0GGTL.jpg"}, "homeCity": "Singapore", "lists": {"groups": [{"items": [], "count": 2, "type": "created"}]}}, {"tips": {"count": 27}, "contact": {"twitter": "annienee16", "facebook": "543287136"}, "firstName": "Annie", "gender": "female", "lastName": "Ng", "id": "12068700", "bio": "Food Lover \ud83c\udf63\ud83c\udf5d\ud83c\udf71\ud83c\udf70\ud83c\udf7b\ud83c\udf78 \r\nFashion Lover \ud83d\udc60\ud83d\udc5c\ud83d\udc52\ud83d\udc57\ud83d\udc59\r\n\u2764 Pet Lover \u2764 \ud83d\udc36 \u2022LittleJavier\u2022 \ud83d\udc36\r\n\ud83d\udc8b Live\u2022\u2022Love\u2022\u2022Life \ud83d\udc8b", "photo": {"prefix": "https://igx.4sqi.net/img/user/", "suffix": "/12068700-HFWGEEGYQWSI02A5.jpg"}, "homeCity": "Kuala Lumpur, Malaysia", "lists": {"groups": [{"items": [], "count": 3, "type": "created"}]}}, {"tips": {"count": 1}, "contact": {"facebook": "1094951477"}, "firstName": "jayson", "gender": "male", "lastName": "gee", "id": "8049290", "bio": "", "photo": {"prefix": "https://igx.4sqi.net/img/user/", "suffix": "/8049290_eEA7N4D9_O9sXJ2e3oKoFqYqytlD1xbyBdIl7NGoBuB8va3cIXbxCXvjeMfremfmN2WYB7tDi.jpg"}, "homeCity": "malaysia, cheras", "lists": {"groups": [{"items": [], "count": 2, "type": "created"}]}}, {"tips": {"count": 0}, "contact": {"facebook": "771020013"}, "firstName": "Daniel", "gender": "male", "lastName": "Yeo", "id": "7772714", "bio": "", "photo": {"prefix": "https://igx.4sqi.net/img/user/", "suffix": "/R5TED5RY4GRWZALZ.jpg"}, "homeCity": "Segamat", "lists": {"groups": [{"items": [], "count": 2, "type": "created"}]}}, {"tips": {"count": 0}, "contact": {"twitter": "murugapr1989", "facebook": "600541297"}, "firstName": "Muruga", "gender": "male", "id": "34436545", "bio": "", "photo": {"prefix": "https://igx.4sqi.net/img/user/", "suffix": "/34436545-THQS4PWXH3C1PFZN.jpg"}, "homeCity": "Johor", "lists": {"groups": [{"items": [], "count": 2, "type": "created"}]}}, {"tips": {"count": 0}, "contact": {"facebook": "719480527"}, "firstName": "Celest", "gender": "female", "lastName": "Teo Kaishin", "id": "12939570", "bio": "", "photo": {"prefix": "https://igx.4sqi.net/img/user/", "suffix": "/53JKO3UAWSSNM4IW.jpg"}, "homeCity": "Johor Bahru, Malaysia", "lists": {"groups": [{"items": [], "count": 2, "type": "created"}]}}, {"tips": {"count": 91}, "contact": {"twitter": "mnmx", "facebook": "10153370224564934"}, "firstName": "Jaclyn", "gender": "none", "id": "6592494", "bio": "", "photo": {"prefix": "https://igx.4sqi.net/img/user/", "suffix": "/6592494-3CXEHWI2PT4DQY0Z.jpg"}, "homeCity": "MYS", "lists": {"groups": [{"items": [], "count": 23, "type": "created"}]}}, {"tips": {"count": 10}, "contact": {}, "firstName": "Ewe Jin", "gender": "male", "lastName": "Yeap", "id": "3832876", "bio": "", "photo": {"prefix": "https://igx.4sqi.net/img/user/", "suffix": "/3832876-RPWZDFFCXIBUYWLQ.jpg"}, "homeCity": "Petaling Jaya, Malaysia", "lists": {"groups": [{"items": [], "count": 3, "type": "created"}]}}, {"tips": {"count": 0}, "contact": {}, "firstName": "Uncle", "gender": "male", "lastName": "AlvinT", "id": "31819038", "bio": "", "photo": {"prefix": "https://igx.4sqi.net/img/user/", "suffix": "/blank_boy.png", "default": true}, "homeCity": "Malaysia", "lists": {"groups": [{"items": [], "count": 2, "type": "created"}]}}, {"tips": {"count": 1}, "contact": {"twitter": "teochristine619"}, "firstName": "\ue107Teo", "gender": "female", "lastName": "\u00a9hr\u00ecst\u00edne", "id": "11583343", "bio": "", "photo": {"prefix": "https://igx.4sqi.net/img/user/", "suffix": "/ZMRVB4EBJXEXR0LU.jpg"}, "homeCity": "Batu Pahat, Malaysia", "lists": {"groups": [{"items": [], "count": 2, "type": "created"}]}}, {"tips": {"count": 0}, "contact": {"facebook": "770420768"}, "firstName": "Florence", "gender": "female", "lastName": "Mei", "id": "27413897", "bio": "", "photo": {"prefix": "https://igx.4sqi.net/img/user/", "suffix": "/blank_girl.png", "default": true}, "homeCity": "New York, NY", "lists": {"groups": [{"items": [], "count": 2, "type": "created"}]}}, {"tips": {"count": 0}, "contact": {"twitter": "chinsheng90", "facebook": "1142031779"}, "firstName": "Chin Sheng", "gender": "male", "lastName": "Tan", "id": "11662883", "bio": "", "photo": {"prefix": "https://igx.4sqi.net/img/user/", "suffix": "/VAEFI5CWOBSX2OPX.jpg"}, "homeCity": "Rengit, Malaysia", "lists": {"groups": [{"items": [], "count": 2, "type": "created"}]}}, {"tips": {"count": 0}, "contact": {"facebook": "697220888"}, "firstName": "Koh", "gender": "male", "lastName": "Lih", "id": "12118710", "bio": "", "photo": {"prefix": "https://igx.4sqi.net/img/user/", "suffix": "/VPBVXWEWI4N2BHSR.jpg"}, "homeCity": "Sheffield, UK", "lists": {"groups": [{"items": [], "count": 2, "type": "created"}]}}, {"tips": {"count": 0}, "contact": {"twitter": "chinevelyn", "facebook": "669501377"}, "firstName": "Chin", "gender": "female", "lastName": "Evelyn", "id": "16912472", "bio": "", "photo": {"prefix": "https://igx.4sqi.net/img/user/", "suffix": "/2DWNMXT0LWJ5QU35.jpg"}, "homeCity": "Kuala Lumpur, Malaysia", "lists": {"groups": [{"items": [], "count": 2, "type": "created"}]}}, {"tips": {"count": 0}, "contact": {"twitter": "szemeng76", "facebook": "1377956019"}, "firstName": "Vivian", "gender": "female", "lastName": "Sze Meng", "id": "5260595", "bio": "", "photo": {"prefix": "https://igx.4sqi.net/img/user/", "suffix": "/VPJRWAGRAFRRNO2M.jpg"}, "homeCity": "Malaysia", "lists": {"groups": [{"items": [], "count": 2, "type": "created"}]}}, {"tips": {"count": 0}, "contact": {"facebook": "778889308"}, "firstName": "Carlos Andy", "gender": "male", "lastName": "Lok", "id": "34291849", "bio": "", "photo": {"prefix": "https://igx.4sqi.net/img/user/", "suffix": "/DFMLTUDTXQ4NEJ5S.jpg"}, "homeCity": "Negeri Sembilan", "lists": {"groups": [{"items": [], "count": 2, "type": "created"}]}}, {"tips": {"count": 0}, "contact": {"facebook": "717694486"}, "firstName": "Shiao", "gender": "female", "lastName": "Ling Koh", "id": "11611699", "bio": "", "photo": {"prefix": "https://igx.4sqi.net/img/user/", "suffix": "/KILPTMWDTLPDJU1C.jpg"}, "homeCity": "Kuala Lumpur, Malaysia", "lists": {"groups": [{"items": [], "count": 2, "type": "created"}]}}, {"tips": {"count": 0}, "contact": {}, "firstName": "Doris", "gender": "female", "lastName": "Chan", "id": "27618624", "bio": "", "photo": {"prefix": "https://igx.4sqi.net/img/user/", "suffix": "/blank_girl.png", "default": true}, "homeCity": "johor", "lists": {"groups": [{"items": [], "count": 2, "type": "created"}]}}, {"tips": {"count": 0}, "contact": {"facebook": "100000121698473"}, "firstName": "Pinky", "gender": "female", "lastName": "Ling", "id": "11694248", "bio": "", "photo": {"prefix": "https://igx.4sqi.net/img/user/", "suffix": "/EJ0BVAUXZERWJDCU.jpg"}, "homeCity": "Kuala Lumpur, Malaysia", "lists": {"groups": [{"items": [], "count": 2, "type": "created"}]}}, {"tips": {"count": 0}, "contact": {"facebook": "750862860"}, "firstName": "Edwardmy", "gender": "male", "lastName": "Chan", "id": "57177992", "bio": "", "photo": {"prefix": "https://igx.4sqi.net/img/user/", "suffix": "/blank_boy.png", "default": true}, "homeCity": "Kuala Lumpur, 14", "lists": {"groups": [{"items": [], "count": 2, "type": "created"}]}}, {"tips": {"count": 7}, "contact": {"twitter": "goingkookies", "facebook": "718951704"}, "firstName": "Esther", "gender": "female", "lastName": "Ng", "id": "31340287", "bio": "", "photo": {"prefix": "https://igx.4sqi.net/img/user/", "suffix": "/NK1FNGY02AKTLYOT.jpg"}, "homeCity": "Victoria", "lists": {"groups": [{"items": [], "count": 2, "type": "created"}]}}, {"tips": {"count": 0}, "contact": {"facebook": "1520956031"}, "firstName": "Alvin", "gender": "male", "lastName": "chipmunkie", "id": "11889137", "bio": "", "photo": {"prefix": "https://igx.4sqi.net/img/user/", "suffix": "/IKVUUPCJCXLPLXFZ.jpg"}, "homeCity": "Petaling Jaya, Malaysia", "lists": {"groups": [{"items": [], "count": 2, "type": "created"}]}}, {"tips": {"count": 0}, "contact": {"twitter": "janetstn", "facebook": "100000235428510"}, "firstName": "\u2218 \u2110an\u212f \u2218", "gender": "female", "id": "31399447", "bio": "", "photo": {"prefix": "https://igx.4sqi.net/img/user/", "suffix": "/XDRFFZ3GAHJCW5W3.jpg"}, "homeCity": "", "lists": {"groups": [{"items": [], "count": 2, "type": "created"}]}}], "count": 46}, "checksum": "baf9e636e40ba1552662d2f17546d2103c2b071b"}, "meta": {"requestId": "5965c5d86a6071143b27c5ae", "code": 200}}