{"notifications": [{"type": "notificationTray", "item": {"unreadCount": 0}}], "response": {"friends": {"items": [{"tips": {"count": 14}, "contact": {"facebook": "799496510141487"}, "firstName": "Ahmet", "gender": "male", "lastName": "Durmus", "id": "45650562", "bio": "", "photo": {"prefix": "https://igx.4sqi.net/img/user/", "suffix": "/45650562-L11NPYMRQRQ24TZX.jpg"}, "homeCity": "Istanbul", "lists": {"groups": [{"items": [], "count": 2, "type": "created"}]}}, {"tips": {"count": 0}, "contact": {"twitter": "emrhnn", "facebook": "10153187615052918"}, "firstName": "Emirhan", "gender": "male", "lastName": "Coskun", "id": "103947363", "bio": "", "photo": {"prefix": "https://igx.4sqi.net/img/user/", "suffix": "/103947363-TFI4BHN0FXMOEGTL.jpg"}, "homeCity": "", "lists": {"groups": [{"items": [], "count": 2, "type": "created"}]}}, {"tips": {"count": 4}, "contact": {"twitter": "zeynepbacinoglu", "facebook": "674547983"}, "firstName": "zeynep", "gender": "female", "lastName": "bacinoglu", "id": "7962614", "bio": "", "photo": {"prefix": "https://igx.4sqi.net/img/user/", "suffix": "/7962614-W5AKEUGVQJA41QNH.jpg"}, "homeCity": "\u0130stanbul", "lists": {"groups": [{"items": [], "count": 49, "type": "created"}]}}, {"tips": {"count": 6}, "contact": {"twitter": "kibelesibel", "facebook": "10153212739011375"}, "firstName": "Sibel", "gender": "female", "lastName": "Kurug\u00fcl", "id": "13010435", "bio": "", "photo": {"prefix": "https://igx.4sqi.net/img/user/", "suffix": "/13010435-MGR20LB0CI52R5TI.jpg"}, "homeCity": "\u0130stanbul, T\u00fcrkiye", "lists": {"groups": [{"items": [], "count": 2, "type": "created"}]}}, {"tips": {"count": 0}, "contact": {"facebook": "551316138"}, "firstName": "Ba\u015fak", "gender": "female", "lastName": "Balaban", "id": "89794135", "bio": "", "photo": {"prefix": "https://igx.4sqi.net/img/user/", "suffix": "/89794135-TX3CYZ4AP2PSLSNB.jpg"}, "homeCity": "Istanbul, Istanbul", "lists": {"groups": [{"items": [], "count": 2, "type": "created"}]}}, {"tips": {"count": 0}, "contact": {"facebook": "1010985569"}, "firstName": "Zafer", "gender": "male", "lastName": "Durusoy", "id": "63995927", "bio": "", "photo": {"prefix": "https://igx.4sqi.net/img/user/", "suffix": "/XOIVW3WW4LY234HX.jpg"}, "homeCity": "Istanbul, 34", "lists": {"groups": [{"items": [], "count": 2, "type": "created"}]}}, {"tips": {"count": 17}, "contact": {"facebook": "782041339"}, "firstName": "Ahmet", "gender": "male", "lastName": "Yetkin", "id": "73744298", "bio": "T\u00fcrkiye Emlak M\u00fc\u015favirleri Federasyonu B\u015eK Yrd.    Yurti\u00e7i ve yurt d\u0131\u015f\u0131 gayrimenkul pazarlama dan\u0131\u015fman\u0131", "photo": {"prefix": "https://igx.4sqi.net/img/user/", "suffix": "/73744298-XIJEMNKOKQGIEM02.jpg"}, "homeCity": "ARYAS GAYRIMENKUL  \u015eIRKET ORTA\u011eI", "lists": {"groups": [{"items": [], "count": 3, "type": "created"}]}}, {"tips": {"count": 0}, "contact": {}, "firstName": "AltisGroup", "gender": "male", "lastName": "Mmc", "id": "79487550", "bio": "", "photo": {"prefix": "https://igx.4sqi.net/img/user/", "suffix": "/79487550-KNYJOLZLSO52APSR.jpg"}, "homeCity": "Baku, Azerbaijan", "lists": {"groups": [{"items": [], "count": 2, "type": "created"}]}}, {"tips": {"count": 3}, "contact": {"twitter": "durukanduru", "facebook": "651195464"}, "firstName": "Durukan", "gender": "male", "lastName": "Duru", "id": "8685739", "bio": "", "photo": {"prefix": "https://igx.4sqi.net/img/user/", "suffix": "/U2PUWU2DRCEWCITW.jpg"}, "homeCity": "\u0130stanbul, T\u00fcrkiye", "lists": {"groups": [{"items": [], "count": 2, "type": "created"}]}}, {"tips": {"count": 0}, "contact": {"twitter": "balciyavuz", "facebook": "534161761"}, "firstName": "Yavuz", "gender": "none", "lastName": "Balci", "id": "33189698", "bio": "", "photo": {"prefix": "https://igx.4sqi.net/img/user/", "suffix": "/FOC55N1LDK0EBGTM.jpg"}, "homeCity": "Ankara", "lists": {"groups": [{"items": [], "count": 3, "type": "created"}]}}, {"tips": {"count": 0}, "contact": {}, "firstName": "Sakula", "gender": "female", "lastName": "Yi ki", "id": "185559549", "bio": "", "photo": {"prefix": "https://igx.4sqi.net/img/user/", "suffix": "/185559549-1UXRCQOYB0KRLN4Y.png"}, "homeCity": "Shanghai, 23", "lists": {"groups": [{"items": [], "count": 2, "type": "created"}]}}, {"tips": {"count": 0}, "contact": {}, "firstName": "Sibel", "gender": "female", "lastName": "\u00d6zgan", "id": "18826031", "bio": "", "photo": {"prefix": "https://igx.4sqi.net/img/user/", "suffix": "/B3ARVDKAYOZ2LB34.jpg"}, "homeCity": "Istanbul, T\u00fcrkiye", "lists": {"groups": [{"items": [], "count": 3, "type": "created"}]}}, {"tips": {"count": 0}, "contact": {"facebook": "10152927913227928"}, "firstName": "resad", "gender": "male", "lastName": "coban", "id": "183475307", "bio": "", "photo": {"prefix": "https://igx.4sqi.net/img/user/", "suffix": "/183475307-AYCVTZYOE5MF11RW.jpg"}, "homeCity": "Istanbul, Istanbul", "lists": {"groups": [{"items": [], "count": 2, "type": "created"}]}}, {"tips": {"count": 0}, "contact": {}, "firstName": "Taliyah", "gender": "female", "lastName": "Porter", "id": "80541269", "bio": "", "photo": {"prefix": "https://igx.4sqi.net/img/user/", "suffix": "/80541269-LEDYTC5BL0OCRJSV.jpg"}, "homeCity": "", "lists": {"groups": [{"items": [], "count": 2, "type": "created"}]}}, {"tips": {"count": 0}, "contact": {"twitter": "damla_derman"}, "firstName": "Damla", "gender": "female", "lastName": "Derman", "id": "46454470", "bio": "", "photo": {"prefix": "https://igx.4sqi.net/img/user/", "suffix": "/blank_girl.png", "default": true}, "homeCity": "Istanbul", "lists": {"groups": [{"items": [], "count": 2, "type": "created"}]}}, {"tips": {"count": 0}, "contact": {"facebook": "531663647"}, "firstName": "Faruk Can", "gender": "male", "id": "66135366", "bio": "", "photo": {"prefix": "https://igx.4sqi.net/img/user/", "suffix": "/F5O3BBO0VQRZAV45.jpg"}, "homeCity": "Beshiktash", "lists": {"groups": [{"items": [], "count": 2, "type": "created"}]}}], "count": 16}, "checksum": "c03d95c1f3507ddf75a47411c0bba66d8e12afd6"}, "meta": {"requestId": "596613934c1f67709eb58251", "code": 200}}