{"notifications": [{"type": "notificationTray", "item": {"unreadCount": 0}}], "meta": {"requestId": "5966f8ebdb04f528ae2fa65f", "code": 200}, "response": {"friends": {"count": 2, "items": [{"id": "81791099", "photo": {"prefix": "https://igx.4sqi.net/img/user/", "suffix": "/81791099-BHQ2K1EX1P03IIEA.jpg"}, "homeCity": "", "contact": {}, "firstName": "Lily", "tips": {"count": 0}, "gender": "female", "lastName": "Frisbie", "lists": {"groups": [{"count": 2, "type": "created", "items": []}]}, "bio": ""}, {"id": "24207523", "photo": {"prefix": "https://igx.4sqi.net/img/user/", "suffix": "/JEJELVR3UNIZKBMH.jpg"}, "homeCity": "Makkah", "contact": {}, "firstName": "hlle", "tips": {"count": 0}, "gender": "female", "lastName": "hlle2012@gmail.com", "lists": {"groups": [{"count": 2, "type": "created", "items": []}]}, "bio": ""}]}, "checksum": "d3983780ab8e3a7e3da6f08aa50b51d8f62d9e25"}}