{"notifications": [{"type": "notificationTray", "item": {"unreadCount": 0}}], "meta": {"requestId": "5966fd094c1f675751e3fee1", "code": 200}, "response": {"friends": {"count": 56, "items": [{"id": "70561225", "photo": {"prefix": "https://igx.4sqi.net/img/user/", "suffix": "/70561225-MW3KW0UE1GRT3YOC.jpg"}, "homeCity": "Singapore", "contact": {"facebook": "1087761257", "twitter": "michaelyock"}, "firstName": "Michael", "tips": {"count": 0}, "gender": "male", "lastName": "Yock", "lists": {"groups": [{"count": 2, "type": "created", "items": []}]}, "bio": ""}, {"id": "4332246", "photo": {"prefix": "https://igx.4sqi.net/img/user/", "suffix": "/ZC0JRAPSDIAWZW1N.jpg"}, "homeCity": "Singapore", "contact": {"twitter": "fareeshaaa"}, "firstName": "Fareesha", "tips": {"count": 0}, "gender": "female", "lists": {"groups": [{"count": 2, "type": "created", "items": []}]}, "bio": ""}, {"id": "4380660", "photo": {"prefix": "https://igx.4sqi.net/img/user/", "suffix": "/F44RBAEKZ5E2RCUU.jpg"}, "homeCity": "Singapore", "contact": {"twitter": "debbiehuang"}, "firstName": "debbie", "tips": {"count": 3}, "gender": "female", "lastName": "huang", "lists": {"groups": [{"count": 2, "type": "created", "items": []}]}, "bio": ""}, {"id": "4176649", "photo": {"prefix": "https://igx.4sqi.net/img/user/", "suffix": "/MOJNKSII1KUNWQHE.jpg"}, "homeCity": "Singapore", "contact": {"facebook": "636172300", "twitter": "slxys"}, "firstName": "Samantha", "tips": {"count": 5}, "gender": "female", "lastName": "Lim", "lists": {"groups": [{"count": 2, "type": "created", "items": []}]}, "bio": ""}, {"id": "514591", "photo": {"prefix": "https://igx.4sqi.net/img/user/", "suffix": "/0APNPOG3WPPN4KRH.jpg"}, "homeCity": "Singapore", "contact": {"twitter": "chzballz"}, "firstName": "Nurul", "tips": {"count": 0}, "gender": "female", "lastName": "S", "lists": {"groups": [{"count": 2, "type": "created", "items": []}]}, "bio": ""}, {"id": "11169172", "photo": {"prefix": "https://igx.4sqi.net/img/user/", "default": true, "suffix": "/blank_girl.png"}, "homeCity": "Singapore", "contact": {"facebook": "100000103539884"}, "firstName": "Chung", "tips": {"count": 0}, "gender": "female", "lastName": "Maverickay", "lists": {"groups": [{"count": 2, "type": "created", "items": []}]}, "bio": ""}, {"id": "5019720", "photo": {"prefix": "https://igx.4sqi.net/img/user/", "default": true, "suffix": "/blank_girl.png"}, "homeCity": "Singapore", "contact": {"twitter": "yifangg"}, "firstName": "YIFANGG", "tips": {"count": 0}, "gender": "female", "lists": {"groups": [{"count": 2, "type": "created", "items": []}]}, "bio": ""}, {"id": "4230821", "photo": {"prefix": "https://igx.4sqi.net/img/user/", "suffix": "/P1HSVHHW4EWD5ASN.jpg"}, "homeCity": "Singapore", "contact": {}, "firstName": "Wee", "tips": {"count": 5}, "gender": "male", "lastName": "Macdonald", "lists": {"groups": [{"count": 2, "type": "created", "items": []}]}, "bio": ""}, {"id": "1221668", "photo": {"prefix": "https://igx.4sqi.net/img/user/", "suffix": "/QRTYT1S0KYZIS252.jpg"}, "homeCity": "Tampines, Singapore", "contact": {"twitter": "verlinstewart"}, "firstName": "Verlin", "tips": {"count": 0}, "gender": "female", "lastName": "Ng", "lists": {"groups": [{"count": 2, "type": "created", "items": []}]}, "bio": ""}, {"id": "1740000", "photo": {"prefix": "https://igx.4sqi.net/img/user/", "suffix": "/02VBBKSJKNEBZ0QH.jpg"}, "homeCity": "Singapore", "contact": {}, "firstName": "Amrita", "tips": {"count": 0}, "gender": "female", "lastName": "Kaur", "lists": {"groups": [{"count": 2, "type": "created", "items": []}]}, "bio": ""}, {"id": "389450", "photo": {"prefix": "https://igx.4sqi.net/img/user/", "suffix": "/IQUCKYTBT5C541VA.jpg"}, "homeCity": "Tanah Merah, Singapore", "contact": {}, "firstName": "Demi", "tips": {"count": 3}, "gender": "female", "lastName": "Opq", "lists": {"groups": [{"count": 2, "type": "created", "items": []}]}, "bio": ""}, {"id": "145396", "photo": {"prefix": "https://igx.4sqi.net/img/user/", "suffix": "/402DJEBTSGKB5FIK.jpg"}, "homeCity": "singapore", "contact": {"facebook": "682086162", "twitter": "kennethjayden"}, "firstName": "kennethjayden", "tips": {"count": 13}, "gender": "male", "superuser": 1, "lists": {"groups": [{"count": 2, "type": "created", "items": []}]}, "bio": ""}, {"id": "718936", "photo": {"prefix": "https://igx.4sqi.net/img/user/", "suffix": "/T3BBDOCZVTAUPJDC.jpg"}, "homeCity": "Singapore", "contact": {"twitter": "xchrysi"}, "firstName": "Chrystal", "tips": {"count": 2}, "gender": "female", "lastName": "Kho", "lists": {"groups": [{"count": 2, "type": "created", "items": []}]}, "bio": ""}, {"id": "869725", "photo": {"prefix": "https://igx.4sqi.net/img/user/", "suffix": "/CJ0AGS3HCYK0RNEV.jpg"}, "homeCity": "Singapore", "contact": {"twitter": "foeshitzme"}, "firstName": "Sharmaine", "tips": {"count": 0}, "gender": "female", "lastName": "Koh", "lists": {"groups": [{"count": 2, "type": "created", "items": []}]}, "bio": ""}, {"id": "3262554", "photo": {"prefix": "https://igx.4sqi.net/img/user/", "suffix": "/3262554-SX4OOGH5BM5RR35B.jpg"}, "homeCity": "Singapore", "contact": {"facebook": "10206574679549770", "twitter": "celcelvalencia"}, "firstName": "celeste", "tips": {"count": 1}, "gender": "female", "lastName": "valencia", "lists": {"groups": [{"count": 2, "type": "created", "items": []}]}, "bio": "Twitter/Instagram: @celcelvalencia"}, {"id": "911518", "photo": {"prefix": "https://igx.4sqi.net/img/user/", "suffix": "/ZJIIQMAXMW40QAH4.jpg"}, "homeCity": "Singapore", "contact": {"twitter": "mollytape"}, "firstName": "Kelly", "tips": {"count": 1}, "gender": "female", "lastName": "Lim", "lists": {"groups": [{"count": 2, "type": "created", "items": []}]}, "bio": ""}, {"id": "1031427", "photo": {"prefix": "https://igx.4sqi.net/img/user/", "suffix": "/GQ0DQP3DUIIRWZOH.jpg"}, "homeCity": "Singapore", "contact": {"twitter": "ningalingzz"}, "firstName": "Natasha", "tips": {"count": 1}, "gender": "female", "lastName": "Ning", "lists": {"groups": [{"count": 2, "type": "created", "items": []}]}, "bio": ""}, {"id": "4836985", "photo": {"prefix": "https://igx.4sqi.net/img/user/", "suffix": "/4836985-URUCBIB5EOSMC03K.jpg"}, "homeCity": "Singapore", "contact": {"facebook": "1479862722", "twitter": "mddzulfikri"}, "firstName": "Mddzulfikri", "tips": {"count": 2}, "gender": "male", "lists": {"groups": [{"count": 2, "type": "created", "items": []}]}, "bio": ""}, {"id": "12165769", "photo": {"prefix": "https://igx.4sqi.net/img/user/", "suffix": "/JYE0SHJYNEXVRL40.jpg"}, "homeCity": "Singapore", "contact": {}, "firstName": "VERONICA \ud83c\udf6d", "tips": {"count": 0}, "gender": "female", "lists": {"groups": [{"count": 2, "type": "created", "items": []}]}, "bio": ""}, {"id": "4269135", "photo": {"prefix": "https://igx.4sqi.net/img/user/", "suffix": "/EIWK01NPQSQ4AWMA.jpg"}, "homeCity": "Singapore", "contact": {}, "firstName": "Frederick", "tips": {"count": 2}, "gender": "male", "lastName": "Seah", "lists": {"groups": [{"count": 2, "type": "created", "items": []}]}, "bio": ""}, {"id": "42840629", "photo": {"prefix": "https://igx.4sqi.net/img/user/", "suffix": "/42840629-XY2LAJAFTFECLYP1.jpg"}, "homeCity": "New York, NY", "contact": {"facebook": "835532481", "twitter": "joeyisoh"}, "firstName": "Joeyi", "tips": {"count": 0}, "gender": "male", "lastName": "Soh", "lists": {"groups": [{"count": 2, "type": "created", "items": []}]}, "bio": ""}, {"id": "3833165", "photo": {"prefix": "https://igx.4sqi.net/img/user/", "suffix": "/NMET2QK3CBQ2R5YH.jpg"}, "homeCity": "Singapore, SG", "contact": {}, "firstName": "Tasneem", "tips": {"count": 0}, "gender": "female", "lastName": "Begum", "lists": {"groups": [{"count": 2, "type": "created", "items": []}]}, "bio": ""}, {"id": "21782887", "photo": {"prefix": "https://igx.4sqi.net/img/user/", "suffix": "/RZL13MRCGK1R5A01.jpg"}, "homeCity": "Singapore", "contact": {"facebook": "523839612", "twitter": "abcdafq"}, "firstName": "Fang Qi", "tips": {"count": 0}, "gender": "female", "lastName": "Aw", "lists": {"groups": [{"count": 2, "type": "created", "items": []}]}, "bio": ""}, {"id": "1058158", "photo": {"prefix": "https://igx.4sqi.net/img/user/", "suffix": "/0BJMI3GTWBNMXB0B.jpg"}, "homeCity": " Singapore", "contact": {"facebook": "560420770", "twitter": "jeannaboo"}, "firstName": "Jeanna", "tips": {"count": 0}, "gender": "female", "lastName": "Tan", "lists": {"groups": [{"count": 2, "type": "created", "items": []}]}, "bio": ""}, {"id": "833918", "photo": {"prefix": "https://igx.4sqi.net/img/user/", "suffix": "/833918-1ZLRKCFWZB2GTZP3.jpg"}, "homeCity": "Singapore", "contact": {"facebook": "10153260204533179", "twitter": "keonteh"}, "firstName": "keon", "tips": {"count": 17}, "gender": "female", "lastName": "teh", "lists": {"groups": [{"count": 2, "type": "created", "items": []}]}, "bio": ""}, {"id": "886811", "photo": {"prefix": "https://igx.4sqi.net/img/user/", "suffix": "/KVW3E0JVGBVBPOF5.jpg"}, "homeCity": "Singapore", "contact": {}, "firstName": "xinning", "tips": {"count": 0}, "gender": "female", "lastName": "T.", "lists": {"groups": [{"count": 2, "type": "created", "items": []}]}, "bio": ""}, {"id": "5797260", "photo": {"prefix": "https://igx.4sqi.net/img/user/", "suffix": "/EOS1CAYCULRJ1C1Y.jpg"}, "homeCity": "Singapore", "contact": {"facebook": "710545614", "twitter": "jopixielle"}, "firstName": "Joelle", "tips": {"count": 0}, "gender": "female", "lastName": "Seeto", "lists": {"groups": [{"count": 2, "type": "created", "items": []}]}, "bio": ""}, {"id": "2167211", "photo": {"prefix": "https://igx.4sqi.net/img/user/", "suffix": "/2167211-RF5EHTHRLGPJJDXD.jpg"}, "homeCity": "Singapore", "contact": {}, "firstName": "Xinyi", "tips": {"count": 41}, "gender": "female", "lastName": "Soon", "lists": {"groups": [{"count": 2, "type": "created", "items": []}]}, "bio": ""}, {"id": "5572915", "photo": {"prefix": "https://igx.4sqi.net/img/user/", "suffix": "/5572915_7197dYxy_51W5otCeu-Mk4cNtK6r4uh9uYLyLCc8KTNGfNFLTv97NQWFrzAW7032Bgig-YsnH.jpg"}, "homeCity": "Singapore", "contact": {"facebook": "1556786317", "twitter": "5daysoftorture"}, "firstName": "Peggy", "tips": {"count": 6}, "gender": "female", "lastName": "Chin", "lists": {"groups": [{"count": 2, "type": "created", "items": []}]}, "bio": ""}, {"id": "12274203", "photo": {"prefix": "https://igx.4sqi.net/img/user/", "suffix": "/3EABA1RFGF5SMX0X.jpg"}, "homeCity": "Singapore", "contact": {"twitter": "junitaxxx"}, "firstName": "Junita", "tips": {"count": 3}, "gender": "female", "lastName": "Amirah", "lists": {"groups": [{"count": 2, "type": "created", "items": []}]}, "bio": ""}, {"id": "16939332", "photo": {"prefix": "https://igx.4sqi.net/img/user/", "suffix": "/HUGG4ODLOBGPY4GB.jpg"}, "homeCity": "Singapore", "contact": {"facebook": "653869491", "twitter": "haharith"}, "firstName": "Harith", "tips": {"count": 0}, "gender": "male", "lastName": "Shah", "lists": {"groups": [{"count": 2, "type": "created", "items": []}]}, "bio": ""}, {"id": "7621723", "photo": {"prefix": "https://igx.4sqi.net/img/user/", "suffix": "/WS344G5DTJOBXIXM.jpg"}, "homeCity": "Singapore", "contact": {"facebook": "705419216", "twitter": "sexdrugskisses"}, "firstName": "Angel", "tips": {"count": 0}, "gender": "female", "lists": {"groups": [{"count": 2, "type": "created", "items": []}]}, "bio": ""}, {"id": "1728694", "photo": {"prefix": "https://igx.4sqi.net/img/user/", "suffix": "/RQXEEPGK30MZRWQV.jpg"}, "homeCity": "Singapore", "contact": {}, "firstName": "Daphne", "tips": {"count": 20}, "gender": "female", "lastName": "Faith", "lists": {"groups": [{"count": 2, "type": "created", "items": []}]}, "bio": ""}, {"id": "895935", "photo": {"prefix": "https://igx.4sqi.net/img/user/", "suffix": "/ZIWD5ESYK5FJZEPT.jpg"}, "homeCity": "Kallang, Singapore", "contact": {"twitter": "mylin"}, "firstName": "low", "tips": {"count": 4}, "gender": "female", "lastName": "mei lin", "lists": {"groups": [{"count": 2, "type": "created", "items": []}]}, "bio": ""}, {"id": "5983179", "photo": {"prefix": "https://igx.4sqi.net/img/user/", "suffix": "/CBWGJW3KL0GIMCEH.jpg"}, "homeCity": "Singapore", "contact": {"twitter": "charrmmm"}, "firstName": "charrmmm", "tips": {"count": 1}, "gender": "female", "lists": {"groups": [{"count": 2, "type": "created", "items": []}]}, "bio": ""}, {"id": "12803955", "photo": {"prefix": "https://igx.4sqi.net/img/user/", "suffix": "/12803955-EMOXUZ1YDXXMHAP4.jpg"}, "homeCity": "Singapore", "contact": {"facebook": "10204111061991499", "twitter": "_fangqi"}, "firstName": "Fangqi", "tips": {"count": 0}, "gender": "male", "lastName": "Chen", "lists": {"groups": [{"count": 2, "type": "created", "items": []}]}, "bio": ""}, {"id": "17595218", "photo": {"prefix": "https://igx.4sqi.net/img/user/", "suffix": "/L01TH0OQRKWMHLYL.jpg"}, "homeCity": "Singapore", "contact": {"twitter": "cleopats"}, "firstName": "Cleonice", "tips": {"count": 0}, "gender": "female", "lastName": "Kho", "lists": {"groups": [{"count": 2, "type": "created", "items": []}]}, "bio": ""}, {"id": "39488402", "photo": {"prefix": "https://igx.4sqi.net/img/user/", "suffix": "/39488402-EMUXWTA23BMIFTNH.jpg"}, "homeCity": "Singapore", "contact": {"facebook": "701919038", "twitter": "limjiawen"}, "firstName": "Christabel", "tips": {"count": 10}, "gender": "female", "lastName": "Lim", "lists": {"groups": [{"count": 2, "type": "created", "items": []}]}, "bio": ""}, {"id": "3553277", "photo": {"prefix": "https://igx.4sqi.net/img/user/", "suffix": "/NP0ADSXWTEPLQUPX.jpg"}, "homeCity": "Singapore", "contact": {"facebook": "568421292", "twitter": "lottypotty"}, "firstName": "Carlotta", "tips": {"count": 1}, "gender": "female", "lastName": "Kho", "lists": {"groups": [{"count": 2, "type": "created", "items": []}]}, "bio": ""}, {"id": "918163", "photo": {"prefix": "https://igx.4sqi.net/img/user/", "suffix": "/3OZVGREH1ALYT3JD.jpg"}, "homeCity": "Tampines, Singapore", "contact": {"twitter": "valllzie"}, "firstName": "Valerine", "tips": {"count": 1}, "gender": "female", "lists": {"groups": [{"count": 2, "type": "created", "items": []}]}, "bio": ""}, {"id": "16393230", "photo": {"prefix": "https://igx.4sqi.net/img/user/", "suffix": "/QLIUYUJMJMHZWB2Y.jpg"}, "homeCity": "Singapore", "contact": {"facebook": "652217572", "twitter": "ewemazing"}, "firstName": "Ewe", "tips": {"count": 1}, "gender": "male", "lastName": "ChunJie", "lists": {"groups": [{"count": 2, "type": "created", "items": []}]}, "bio": ""}, {"id": "40384816", "photo": {"prefix": "https://igx.4sqi.net/img/user/", "suffix": "/QUVQZS3F1YEGKC3L.jpg"}, "homeCity": "Singapore", "contact": {"facebook": "562668219", "twitter": "martinyehteng"}, "firstName": "Martin", "tips": {"count": 0}, "gender": "male", "lastName": "Hsu", "lists": {"groups": [{"count": 2, "type": "created", "items": []}]}, "bio": ""}, {"id": "17777188", "photo": {"prefix": "https://igx.4sqi.net/img/user/", "suffix": "/17777188-KIWGJH0AB3WWRH0G.jpg"}, "homeCity": "NY", "contact": {"facebook": "716068211", "twitter": "zarakettler"}, "firstName": "Zara", "tips": {"count": 5}, "gender": "female", "lastName": "Kettler", "lists": {"groups": [{"count": 3, "type": "created", "items": []}]}, "bio": ""}, {"id": "8313430", "photo": {"prefix": "https://igx.4sqi.net/img/user/", "suffix": "/AYLWAZJBLNVUZDWL.jpg"}, "homeCity": "New York", "contact": {}, "firstName": "JodyFaith", "tips": {"count": 0}, "gender": "none", "lastName": "Elizabeth", "lists": {"groups": [{"count": 2, "type": "created", "items": []}]}, "bio": "Brevity is the soul of wit."}, {"id": "1136026", "photo": {"prefix": "https://igx.4sqi.net/img/user/", "suffix": "/LRSTCWVGMUKDINED.jpg"}, "homeCity": "Singapore", "contact": {"twitter": "helloenigmatic"}, "firstName": "Nadene", "tips": {"count": 0}, "gender": "female", "lastName": "Lim", "lists": {"groups": [{"count": 3, "type": "created", "items": []}]}, "bio": ""}, {"id": "40385653", "photo": {"prefix": "https://igx.4sqi.net/img/user/", "suffix": "/1OQ4MFUTD4BRNRNL.jpg"}, "homeCity": "Singapore", "contact": {"facebook": "1361902965", "twitter": "kohyalun12"}, "firstName": "Pamela", "tips": {"count": 1}, "gender": "female", "lastName": "Koh", "lists": {"groups": [{"count": 2, "type": "created", "items": []}]}, "bio": ""}, {"id": "18892952", "photo": {"prefix": "https://igx.4sqi.net/img/user/", "suffix": "/SN5WPS3VGA5YXTL1.jpg"}, "homeCity": "Singapore", "contact": {"facebook": "100002369675175", "twitter": "likeakobe"}, "firstName": "Zhi Hong", "tips": {"count": 2}, "gender": "male", "lastName": "Tan", "lists": {"groups": [{"count": 2, "type": "created", "items": []}]}, "bio": ""}, {"id": "1650374", "photo": {"prefix": "https://igx.4sqi.net/img/user/", "suffix": "/ELXWWVGO030JCNXQ.jpg"}, "homeCity": "Singapore, singapore", "contact": {}, "firstName": "Katherine", "tips": {"count": 0}, "gender": "female", "lastName": "Lee Yuan Ping", "lists": {"groups": [{"count": 2, "type": "created", "items": []}]}, "bio": ""}, {"id": "1722564", "photo": {"prefix": "https://igx.4sqi.net/img/user/", "suffix": "/YNXIBM3LSOKCDTXJ.jpg"}, "homeCity": "Singapore, 529757", "contact": {"facebook": "744299623", "twitter": "melloknee"}, "firstName": "Melanie", "tips": {"count": 0}, "gender": "female", "lastName": "Tan", "lists": {"groups": [{"count": 2, "type": "created", "items": []}]}, "bio": ""}, {"id": "1820597", "photo": {"prefix": "https://igx.4sqi.net/img/user/", "suffix": "/LOFSIPWTATK2MU2U.jpg"}, "homeCity": "Bedok, Singapore", "contact": {"twitter": "unheartedxx"}, "firstName": "Jolyn", "tips": {"count": 2}, "gender": "female", "lastName": "Tan", "lists": {"groups": [{"count": 2, "type": "created", "items": []}]}, "bio": ""}, {"id": "2013674", "photo": {"prefix": "https://igx.4sqi.net/img/user/", "suffix": "/NEBWDPGSXWFWG2YJ.jpg"}, "homeCity": "Singapore", "contact": {"facebook": "873890194", "twitter": "clarestars"}, "firstName": "Claresta", "tips": {"count": 0}, "gender": "female", "lastName": "Kho", "lists": {"groups": [{"count": 2, "type": "created", "items": []}]}, "bio": ""}, {"id": "2731848", "photo": {"prefix": "https://igx.4sqi.net/img/user/", "suffix": "/CQACNMDUQUPKPPVX.jpg"}, "homeCity": "Singapore", "contact": {"twitter": "impermxnence"}, "firstName": "YingXin", "tips": {"count": 1}, "gender": "female", "lists": {"groups": [{"count": 2, "type": "created", "items": []}]}, "bio": ""}, {"id": "3562101", "photo": {"prefix": "https://igx.4sqi.net/img/user/", "suffix": "/FADKJRVDUQEN0UBG.jpg"}, "homeCity": "5 Parbury Avenue", "contact": {"facebook": "598325760"}, "firstName": "Kendra", "tips": {"count": 1}, "gender": "female", "lastName": "Tan", "lists": {"groups": [{"count": 2, "type": "created", "items": []}]}, "bio": "Pretty Reckless"}, {"id": "3713243", "photo": {"prefix": "https://igx.4sqi.net/img/user/", "suffix": "/TCB1002ZVYH2JDEB.jpg"}, "homeCity": "Singapore ", "contact": {"twitter": "xtxtxtxtxtxt"}, "firstName": "Xueting", "tips": {"count": 0}, "gender": "female", "lastName": "C", "lists": {"groups": [{"count": 2, "type": "created", "items": []}]}, "bio": ""}, {"id": "3758609", "photo": {"prefix": "https://igx.4sqi.net/img/user/", "suffix": "/1AHXALWLX0RCMKGV.jpg"}, "homeCity": "Singapore", "contact": {"facebook": "1088876815", "twitter": "actuallydo"}, "firstName": "Juliana", "tips": {"count": 0}, "gender": "female", "lastName": "Ng", "lists": {"groups": [{"count": 2, "type": "created", "items": []}]}, "bio": ""}, {"id": "5743889", "photo": {"prefix": "https://igx.4sqi.net/img/user/", "suffix": "/XPXG3KLST3DT0QN0.jpg"}, "homeCity": "Singapore", "contact": {"facebook": "698962843"}, "firstName": "Chaiming", "tips": {"count": 0}, "gender": "female", "lastName": "T", "lists": {"groups": [{"count": 2, "type": "created", "items": []}]}, "bio": ""}]}, "checksum": "5655d731ddea7079405a0b2f1699e34b0525bff7"}}