{"notifications": [{"type": "notificationTray", "item": {"unreadCount": 0}}], "response": {"friends": {"items": [{"tips": {"count": 0}, "contact": {}, "firstName": "Natasha", "gender": "female", "lastName": "Gray", "id": "10468907", "bio": "", "photo": {"prefix": "https://igx.4sqi.net/img/user/", "suffix": "/X5IJG4HPY003AZKB.jpg"}, "homeCity": "Singapore", "lists": {"groups": [{"items": [], "count": 2, "type": "created"}]}}, {"tips": {"count": 0}, "contact": {}, "firstName": "Mini", "gender": "female", "lastName": "Maameemoo", "id": "9806735", "bio": "", "photo": {"prefix": "https://igx.4sqi.net/img/user/", "suffix": "/blank_girl.png", "default": true}, "homeCity": "Singapore", "lists": {"groups": [{"items": [], "count": 2, "type": "created"}]}}, {"tips": {"count": 0}, "contact": {}, "firstName": "Norris", "gender": "male", "lastName": "Capsie", "id": "10469027", "bio": "", "photo": {"prefix": "https://igx.4sqi.net/img/user/", "suffix": "/J4GC25UJSCUZ4CPD.jpg"}, "homeCity": "Singapore", "lists": {"groups": [{"items": [], "count": 2, "type": "created"}]}}], "count": 3}, "checksum": "869891eb01acc751cf41d4ccd6dc55faf3250738"}, "meta": {"requestId": "5965d4d8db04f562ebd972ee", "code": 200}}