{"notifications": [{"type": "notificationTray", "item": {"unreadCount": 0}}], "meta": {"requestId": "5966d8344434b955245a08e9", "code": 200}, "response": {"friends": {"count": 10, "items": [{"id": "9949805", "photo": {"prefix": "https://igx.4sqi.net/img/user/", "suffix": "/1G0LWBSV1JKOEYBP.png"}, "homeCity": "Singapore", "contact": {"facebook": "530917480", "twitter": "ppeifen"}, "firstName": "Pei Fen", "tips": {"count": 0}, "gender": "female", "lastName": "Wong", "lists": {"groups": [{"count": 2, "type": "created", "items": []}]}, "bio": ""}, {"id": "5828023", "photo": {"prefix": "https://igx.4sqi.net/img/user/", "suffix": "/ZKZ5BCA3DRUKPLX4.jpg"}, "homeCity": "Singapore", "contact": {"facebook": "509360496", "twitter": "kuokzhiqiang"}, "firstName": "Zhi Qiang", "tips": {"count": 0}, "gender": "male", "lastName": "Kuok", "lists": {"groups": [{"count": 2, "type": "created", "items": []}]}, "bio": ""}, {"id": "4911863", "photo": {"prefix": "https://igx.4sqi.net/img/user/", "suffix": "/4911863-5Y4BSG0SHSR43FJR.jpg"}, "homeCity": "Singapore", "contact": {"twitter": "lemoonbear"}, "firstName": "Desmond", "tips": {"count": 6}, "gender": "male", "lastName": "Chen", "lists": {"groups": [{"count": 2, "type": "created", "items": []}]}, "bio": ""}, {"id": "2906163", "photo": {"prefix": "https://igx.4sqi.net/img/user/", "suffix": "/1ZE31HMZ1Q4USGS4.jpg"}, "homeCity": "Singapore", "contact": {}, "firstName": "Kelvin", "tips": {"count": 6}, "gender": "male", "lastName": "Leong", "lists": {"groups": [{"count": 2, "type": "created", "items": []}]}, "bio": ""}, {"id": "1282101", "photo": {"prefix": "https://igx.4sqi.net/img/user/", "suffix": "/KZXC1XHYRFPPUPUR.jpg"}, "homeCity": "Singapore", "contact": {"facebook": "646440805", "twitter": "pearleasmara"}, "firstName": "Pearle Saoirse", "tips": {"count": 24}, "gender": "female", "lastName": "Aara Kyda", "lists": {"groups": [{"count": 2, "type": "created", "items": []}]}, "bio": ""}, {"id": "4757004", "photo": {"prefix": "https://igx.4sqi.net/img/user/", "suffix": "/OAQGEY3UT5OXV21Y.jpg"}, "homeCity": "Singapore", "contact": {}, "firstName": "Melody", "tips": {"count": 8}, "gender": "female", "lastName": "YY", "lists": {"groups": [{"count": 2, "type": "created", "items": []}]}, "bio": ""}, {"id": "10060952", "photo": {"prefix": "https://igx.4sqi.net/img/user/", "suffix": "/IH2T2QSKW4F1Z3M2.jpg"}, "homeCity": "Singapore", "contact": {}, "firstName": "Qi Ling", "tips": {"count": 7}, "gender": "female", "lists": {"groups": [{"count": 4, "type": "created", "items": []}]}, "bio": ""}, {"id": "9657344", "photo": {"prefix": "https://igx.4sqi.net/img/user/", "suffix": "/9657344-QVKVG4XPTOVKOMOQ.jpg"}, "homeCity": "Singapore", "contact": {"facebook": "537440189", "twitter": "yeening"}, "firstName": "YeeNing", "tips": {"count": 0}, "gender": "female", "lastName": "Shauna", "lists": {"groups": [{"count": 2, "type": "created", "items": []}]}, "bio": ""}, {"id": "7307727", "photo": {"prefix": "https://igx.4sqi.net/img/user/", "suffix": "/TG4IBV4AAEK1A2NJ.jpg"}, "homeCity": "Singapore", "contact": {}, "firstName": "junweee", "tips": {"count": 6}, "gender": "male", "lists": {"groups": [{"count": 9, "type": "created", "items": []}]}, "bio": ""}, {"id": "44811702", "photo": {"prefix": "https://igx.4sqi.net/img/user/", "suffix": "/VGGSBQHS0YBCICIB.jpg"}, "homeCity": "Bunny land", "contact": {"facebook": "726518434", "twitter": "joanneshanrui"}, "firstName": "Joanne", "tips": {"count": 0}, "gender": "female", "lastName": "Shanrui", "lists": {"groups": [{"count": 10, "type": "created", "items": []}]}, "bio": ""}]}, "checksum": "3d989074b4304a959b46a4b61c673363199f871e"}}