{"notifications": [{"type": "notificationTray", "item": {"unreadCount": 0}}], "response": {"friends": {"items": [{"tips": {"count": 0}, "contact": {}, "firstName": "Trudy", "gender": "female", "lastName": "Lim", "id": "10352988", "bio": "Seoul is my happy land.", "photo": {"prefix": "https://igx.4sqi.net/img/user/", "suffix": "/1WBJTGKHQ11D2MLB.jpg"}, "homeCity": "Singapore", "lists": {"groups": [{"items": [], "count": 2, "type": "created"}]}}], "count": 1}, "checksum": "6ee6923717c7bdc7cbb0bc074e9b7933b394cc30"}, "meta": {"requestId": "5965eed0dd57972d41ecb715", "code": 200}}