{"notifications": [{"type": "notificationTray", "item": {"unreadCount": 0}}], "response": {"friends": {"items": [{"tips": {"count": 28}, "contact": {"twitter": "leonardmilan", "facebook": "1613270120"}, "firstName": "Leonardo", "gender": "male", "lastName": "Milan", "id": "1095909", "bio": "", "photo": {"prefix": "https://igx.4sqi.net/img/user/", "suffix": "/TIB1DMUB3RIIAWNP.jpg"}, "homeCity": "Mogliano Veneto, Italia", "lists": {"groups": [{"items": [], "count": 3, "type": "created"}]}}, {"tips": {"count": 11}, "contact": {"twitter": "whtcllrwndrlst", "facebook": "10211964720303133"}, "firstName": "John", "gender": "male", "lastName": "Nunes", "id": "4893481", "bio": "", "photo": {"prefix": "https://igx.4sqi.net/img/user/", "suffix": "/4893481-DFERIJE0L5BP5NEF.jpg"}, "homeCity": "San Jose, CA", "lists": {"groups": [{"items": [], "count": 2, "type": "created"}]}}, {"tips": {"count": 3}, "contact": {"twitter": "chiiaraaa"}, "firstName": "Chiara", "gender": "female", "lastName": "L.", "id": "1588118", "bio": "", "photo": {"prefix": "https://igx.4sqi.net/img/user/", "suffix": "/QT2SRIRCALQTCLXL.jpg"}, "homeCity": "", "lists": {"groups": [{"items": [], "count": 2, "type": "created"}]}}, {"tips": {"count": 98}, "contact": {"twitter": "n2shape", "facebook": "546012627"}, "firstName": "Ellen", "gender": "female", "lastName": "Yates", "id": "9236804", "bio": "An entrepreneurial Mom that has been in the health and fitness industry since 1979!  My passion is my son and motivating people to get fit and healthy.", "photo": {"prefix": "https://igx.4sqi.net/img/user/", "suffix": "/9236804_nJlN3NJg_D2l-IIn1_HmORscBwzV5bPuhgzbpT6vYyXxRhuWkTblxKKDWufQ5t4RKYmdzs2CU.jpg"}, "homeCity": "McLean, VA", "lists": {"groups": [{"items": [], "count": 23, "type": "created"}]}}, {"tips": {"count": 0}, "contact": {"twitter": "0xfede", "facebook": "586152610"}, "firstName": "Federico", "gender": "male", "lastName": "Pinna", "id": "363637", "bio": "", "photo": {"prefix": "https://igx.4sqi.net/img/user/", "suffix": "/LFXAB04CQKBD21NP.jpg"}, "homeCity": "Cagliari, Italy", "lists": {"groups": [{"items": [], "count": 2, "type": "created"}]}}, {"tips": {"count": 70}, "contact": {"twitter": "kw_gregg", "facebook": "745707621"}, "firstName": "Gregg", "gender": "male", "lastName": "Holman", "id": "10042694", "bio": "", "photo": {"prefix": "https://igx.4sqi.net/img/user/", "suffix": "/SEVMCZ54MXRNNRHK.jpg"}, "homeCity": "Aldie , VA", "lists": {"groups": [{"items": [], "count": 9, "type": "created"}]}}, {"tips": {"count": 1}, "contact": {"facebook": "533892677"}, "firstName": "Fabrizio", "gender": "male", "lastName": "Meli", "id": "4179958", "bio": "", "photo": {"prefix": "https://igx.4sqi.net/img/user/", "suffix": "/JID0N3TQ1RQOE1MT.jpg"}, "homeCity": "Roma, Italia", "lists": {"groups": [{"items": [], "count": 2, "type": "created"}]}}, {"tips": {"count": 18}, "contact": {"twitter": "topgunkorea", "facebook": "556036920"}, "firstName": "Richard", "gender": "male", "lastName": "Slezak", "id": "11471641", "bio": "ESL Recruiting Specialist. Matching the best teachers with the best schools in South Korea.\r\nSend me your resume. topgunkorea@gmail.com", "photo": {"prefix": "https://igx.4sqi.net/img/user/", "suffix": "/11471641-LDEVFILYZYZB1LEK.jpg"}, "homeCity": "\ub300\uc804\uad11\uc5ed\uc2dc, \ub300\ud55c\ubbfc\uad6d", "lists": {"groups": [{"items": [], "count": 9, "type": "created"}]}}, {"tips": {"count": 29}, "contact": {"twitter": "markboeder", "facebook": "883275270"}, "firstName": "Mark", "gender": "male", "lastName": "Boeder", "id": "20983620", "bio": "Smartassedy | Recruiter | Connector | Milwaukee | Wisconsin | #techjobs #itjobs  #Recruit #Jobs | MKE | http://www.linkedin.com/in/markboeder/", "photo": {"prefix": "https://igx.4sqi.net/img/user/", "suffix": "/XJKQ4JEKOB2FLIVB.jpg"}, "homeCity": "Milwaukee, WI", "lists": {"groups": [{"items": [], "count": 5, "type": "created"}]}}, {"tips": {"count": 77}, "contact": {}, "firstName": "Elena", "gender": "female", "lastName": "Giffoni", "id": "5483160", "bio": "PR, communications, media relations, press office, social networking.\r\nCurator of the book Donne di Business. www.giffonipr.com", "photo": {"prefix": "https://igx.4sqi.net/img/user/", "suffix": "/TT3HZQ523HAVGBHS.gif"}, "homeCity": "Milan, Italy", "lists": {"groups": [{"items": [], "count": 4, "type": "created"}]}}, {"tips": {"count": 4}, "contact": {"twitter": "massimofalcone", "facebook": "793108079"}, "firstName": "Massimo", "gender": "male", "lastName": "Falcone", "id": "2004751", "bio": "", "photo": {"prefix": "https://igx.4sqi.net/img/user/", "suffix": "/TE2N5T5LCMWJENQW.jpg"}, "homeCity": "Fidenza, Emilia Romagna", "lists": {"groups": [{"items": [], "count": 2, "type": "created"}]}}, {"tips": {"count": 2}, "contact": {"twitter": "troubleddays", "facebook": "100001180397066"}, "firstName": "TroubledDays", "gender": "male", "id": "4034750", "bio": "", "photo": {"prefix": "https://igx.4sqi.net/img/user/", "suffix": "/UAB4KOSJVUUVSA43.jpg"}, "homeCity": "Anchorage, AK", "lists": {"groups": [{"items": [], "count": 2, "type": "created"}]}}, {"tips": {"count": 4}, "contact": {"twitter": "geko_o", "facebook": "1343290582"}, "firstName": "Enrico", "gender": "male", "lastName": "Del Greco", "id": "1228253", "bio": "", "photo": {"prefix": "https://igx.4sqi.net/img/user/", "suffix": "/WUN5MLDKZUAMINNJ.jpg"}, "homeCity": "Rome", "lists": {"groups": [{"items": [], "count": 6, "type": "created"}]}}, {"tips": {"count": 0}, "contact": {"twitter": "billcrow", "facebook": "687051852"}, "firstName": "Bill", "gender": "male", "lastName": "Crow", "id": "2295555", "bio": "", "photo": {"prefix": "https://igx.4sqi.net/img/user/", "suffix": "/3M1IFIGATHMMWIQO.jpg"}, "homeCity": "Redmond, Washington", "lists": {"groups": [{"items": [], "count": 2, "type": "created"}]}}, {"tips": {"count": 1}, "contact": {"twitter": "gbgallus", "facebook": "1185352755"}, "firstName": "Giovanni Battista", "gender": "male", "lastName": "Gallus", "id": "1742406", "bio": "", "photo": {"prefix": "https://igx.4sqi.net/img/user/", "suffix": "/JIAYZ4W0OYZCUQKZ.jpg"}, "homeCity": "Cagliari, Italia", "lists": {"groups": [{"items": [], "count": 2, "type": "created"}]}}, {"tips": {"count": 14}, "contact": {"twitter": "jameshritz", "facebook": "768974487"}, "firstName": "James", "gender": "male", "lastName": "Hritz", "id": "325154", "bio": "", "photo": {"prefix": "https://igx.4sqi.net/img/user/", "suffix": "/NR1I52ISPQPTN4SP.jpg"}, "homeCity": "Los Angeles, CA", "lists": {"groups": [{"items": [], "count": 3, "type": "created"}]}}, {"tips": {"count": 5}, "contact": {"facebook": "806779761"}, "firstName": "Michael A", "gender": "male", "lastName": "Mertz", "id": "10516031", "bio": "", "photo": {"prefix": "https://igx.4sqi.net/img/user/", "suffix": "/TXLA1KS4LQMFIBO0.jpg"}, "homeCity": "Cebu, Philippines", "lists": {"groups": [{"items": [], "count": 3, "type": "created"}]}}, {"tips": {"count": 1}, "contact": {}, "firstName": "Mark", "gender": "male", "lastName": "Fish", "id": "1432", "bio": "", "photo": {"prefix": "https://igx.4sqi.net/img/user/", "suffix": "/CYUHXCKQPWDW4QBV.jpg"}, "homeCity": "San Francisco, CA", "lists": {"groups": [{"items": [], "count": 2, "type": "created"}]}}, {"tips": {"count": 19}, "contact": {"twitter": "kangheesoo", "facebook": "1019980701384690"}, "firstName": "heesoo", "gender": "male", "lastName": "kang", "id": "717774", "bio": "", "photo": {"prefix": "https://igx.4sqi.net/img/user/", "suffix": "/BNEMDMRBTYJDVQHV.jpg"}, "homeCity": "Seoul, South Korea", "lists": {"groups": [{"items": [], "count": 2, "type": "created"}]}}, {"tips": {"count": 59}, "contact": {"twitter": "ryanmcdaniel"}, "firstName": "Ryan", "gender": "male", "lastName": "McDaniel", "id": "844488", "bio": "", "photo": {"prefix": "https://igx.4sqi.net/img/user/", "suffix": "/CIZ3Y0D5JRFXS25W.jpg"}, "homeCity": "Beavercreek, OH", "lists": {"groups": [{"items": [], "count": 2, "type": "created"}]}}, {"tips": {"count": 12}, "contact": {"twitter": "wisequeen", "facebook": "1622558790"}, "firstName": "donna", "gender": "female", "lastName": "jackson", "id": "205062", "bio": "Entrepreneur, project enabler, WINE,creator winesocialclub, media, marketing consultant, brand strategist ANTS IF THEY AGREE, CAN BE TRANSPORTERS OF ELEPHANTS", "photo": {"prefix": "https://igx.4sqi.net/img/user/", "suffix": "/ZAUK5GIY5FFKTHFD.jpg"}, "homeCity": "como italy", "lists": {"groups": [{"items": [], "count": 3, "type": "created"}]}}, {"tips": {"count": 0}, "contact": {"facebook": "100000211008026"}, "firstName": "Pg", "gender": "male", "lastName": "Palla", "id": "10970437", "bio": "", "photo": {"prefix": "https://igx.4sqi.net/img/user/", "suffix": "/IIY5GAB00JITQLDC.jpg"}, "homeCity": "Selargius, Italia", "lists": {"groups": [{"items": [], "count": 2, "type": "created"}]}}, {"superuser": 1, "tips": {"count": 12}, "contact": {"twitter": "susiewee", "facebook": "502738573"}, "firstName": "Susie", "gender": "female", "lastName": "Wee", "id": "110079", "bio": "", "photo": {"prefix": "https://igx.4sqi.net/img/user/", "suffix": "/-1_1258736297060.jpg"}, "homeCity": "Palo Alto, CA", "lists": {"groups": [{"items": [], "count": 2, "type": "created"}]}}, {"tips": {"count": 9}, "contact": {"twitter": "loscud", "facebook": "1505312296"}, "firstName": "Marco", "gender": "male", "lastName": "Scudeletti", "id": "9332182", "bio": "", "photo": {"prefix": "https://igx.4sqi.net/img/user/", "suffix": "/FI2FIX40KG3S3FWQ.jpg"}, "homeCity": "Milano, Repubblica Italiana", "lists": {"groups": [{"items": [], "count": 3, "type": "created"}]}}, {"tips": {"count": 2}, "contact": {"twitter": "alessandra_polo", "facebook": "1038294456"}, "firstName": "Alessandra", "gender": "female", "lastName": "Polo", "id": "4894998", "bio": "Social Media Specialist. Instagram Strategist. Travel blogger. Founder Instagramers Sardegna. Co-founder Sardegna2.0", "photo": {"prefix": "https://igx.4sqi.net/img/user/", "suffix": "/Q5LRWOLILEB2AHZR.jpg"}, "homeCity": "Cagliari, Italia", "lists": {"groups": [{"items": [], "count": 2, "type": "created"}]}}, {"tips": {"count": 7}, "contact": {"twitter": "robertodadda", "facebook": "502539310"}, "firstName": "Roberto", "gender": "male", "lastName": "Dadda", "id": "2113870", "bio": "", "photo": {"prefix": "https://igx.4sqi.net/img/user/", "suffix": "/ZLAIYCFHSXUIQIQ3.jpg"}, "homeCity": "Milan, Lombardy", "lists": {"groups": [{"items": [], "count": 2, "type": "created"}]}}, {"tips": {"count": 9}, "contact": {"twitter": "a_sap_rec", "facebook": "100002860249548"}, "firstName": "Cezar", "gender": "male", "lastName": "Maroti", "id": "9249136", "bio": "", "photo": {"prefix": "https://igx.4sqi.net/img/user/", "suffix": "/QRLO2MZ1KOUDZW0I.jpg"}, "homeCity": "Rotterdam, Nederland", "lists": {"groups": [{"items": [], "count": 2, "type": "created"}]}}, {"tips": {"count": 1}, "contact": {"twitter": "eric_sullivan", "facebook": "100000168871655"}, "firstName": "Eric", "gender": "male", "lastName": "Sullivan", "id": "22546046", "bio": "", "photo": {"prefix": "https://igx.4sqi.net/img/user/", "suffix": "/FK33R5FN2HONFD11.jpg"}, "homeCity": "Lakeland, Florida", "lists": {"groups": [{"items": [], "count": 3, "type": "created"}]}}, {"tips": {"count": 26}, "contact": {}, "firstName": "Hiro A", "gender": "male", "lastName": "H R", "id": "12100135", "bio": "hirohamazono@gmail.com\r\nLINE & WhatsApp: hiro_a_h", "photo": {"prefix": "https://igx.4sqi.net/img/user/", "suffix": "/12100135-YTANKZDGZOPHBSTB.jpg"}, "homeCity": "Japan", "lists": {"groups": [{"items": [], "count": 16, "type": "created"}]}}, {"tips": {"count": 1}, "contact": {"facebook": "1450216312"}, "firstName": "Stefano", "gender": "male", "lastName": "Lai", "id": "4268472", "bio": "", "photo": {"prefix": "https://igx.4sqi.net/img/user/", "suffix": "/Z4ZPJWGNBCEEJVFG.jpg"}, "homeCity": "Serdiana, Italia", "lists": {"groups": [{"items": [], "count": 2, "type": "created"}]}}, {"tips": {"count": 0}, "contact": {"facebook": "1146541188"}, "firstName": "Richard", "gender": "male", "lastName": "Milford", "id": "21583172", "bio": "", "photo": {"prefix": "https://igx.4sqi.net/img/user/", "suffix": "/FLMOLDFDVBKGRIH3.jpg"}, "homeCity": "New York, NY", "lists": {"groups": [{"items": [], "count": 2, "type": "created"}]}}, {"tips": {"count": 0}, "contact": {"facebook": "1566876970"}, "firstName": "Federica", "gender": "female", "lastName": "C", "id": "5511067", "bio": "", "photo": {"prefix": "https://igx.4sqi.net/img/user/", "suffix": "/blank_girl.png", "default": true}, "homeCity": "New York, NY", "lists": {"groups": [{"items": [], "count": 2, "type": "created"}]}}, {"tips": {"count": 0}, "contact": {"facebook": "620573121"}, "firstName": "Massimiliano", "gender": "male", "lastName": "Dess\u00ec", "id": "2188708", "bio": "", "photo": {"prefix": "https://igx.4sqi.net/img/user/", "suffix": "/FONNKTR4SIYQ3J05.jpg"}, "homeCity": "Cagliari", "lists": {"groups": [{"items": [], "count": 2, "type": "created"}]}}, {"tips": {"count": 0}, "contact": {"twitter": "silvymac", "facebook": "1609058107"}, "firstName": "Silvia", "gender": "female", "lastName": "Capriata", "id": "9614068", "bio": "Editor of http://amarenamagazine.it\r\n\r\nTwitter: @amarenamag", "photo": {"prefix": "https://igx.4sqi.net/img/user/", "suffix": "/3PWWPUF2TJ0LECGN.jpg"}, "homeCity": "Torino", "lists": {"groups": [{"items": [], "count": 3, "type": "created"}]}}, {"tips": {"count": 9}, "contact": {"twitter": "antoniosolinas", "facebook": "679689524"}, "firstName": "Antonio", "gender": "male", "lastName": "Solinas", "id": "2878559", "bio": "", "photo": {"prefix": "https://igx.4sqi.net/img/user/", "suffix": "/5NDINHNVPVEKT1HL.jpg"}, "homeCity": "Assemini, Repubblica Italiana", "lists": {"groups": [{"items": [], "count": 2, "type": "created"}]}}, {"tips": {"count": 0}, "contact": {"twitter": "vikasjee", "facebook": "1213239522"}, "firstName": "Vikas", "gender": "male", "lastName": "Gupta", "id": "328256", "bio": "", "photo": {"prefix": "https://igx.4sqi.net/img/user/", "suffix": "/RNQ5GYAKEL2K0AON.jpg"}, "homeCity": "Pune, Maharashtra", "lists": {"groups": [{"items": [], "count": 2, "type": "created"}]}}, {"tips": {"count": 8}, "contact": {"twitter": "jain49", "facebook": "6028816"}, "firstName": "Ramesh", "gender": "male", "lastName": "Jain", "id": "22896", "bio": "", "photo": {"prefix": "https://igx.4sqi.net/img/user/", "suffix": "/MHJ3KGA12QP4DBQB.jpg"}, "homeCity": "Irvine California", "lists": {"groups": [{"items": [], "count": 3, "type": "created"}]}}, {"tips": {"count": 0}, "contact": {"twitter": "tonymackgd", "facebook": "1390495872"}, "firstName": "Tony", "gender": "male", "lastName": "Mack", "id": "949832", "bio": "Website Design, Flash, Graphic Design, Logo Design, Photoshop, CSS, Templates, Animation, Video Services, ActionScript, Illustrator, 3D Rendering...", "photo": {"prefix": "https://igx.4sqi.net/img/user/", "suffix": "/KGKOOS4QB3IA5E3C.jpg"}, "homeCity": "Augusta, GA", "lists": {"groups": [{"items": [], "count": 3, "type": "created"}]}}, {"tips": {"count": 24}, "contact": {"twitter": "max_miecchi", "facebook": "100000394032321"}, "firstName": "Max", "gender": "male", "lastName": "Miecchi", "id": "2441949", "bio": "Ingegnere eclettico, con una multiforme esperienza in campo nazionale ed internazionale come regista, sceneggiatore, produttore, fotografo, musicista, attore.", "photo": {"prefix": "https://igx.4sqi.net/img/user/", "suffix": "/2441949-WF2QQFPLKK1BIUN1"}, "homeCity": "Italy", "lists": {"groups": [{"items": [], "count": 2, "type": "created"}]}}, {"tips": {"count": 1}, "contact": {"facebook": "1110937246"}, "firstName": "Anthony", "gender": "male", "lastName": "Vetro", "id": "16106444", "bio": "", "photo": {"prefix": "https://igx.4sqi.net/img/user/", "suffix": "/UIWCSURQWODNCZ3Z.jpg"}, "homeCity": "Arlington, MA", "lists": {"groups": [{"items": [], "count": 2, "type": "created"}]}}, {"tips": {"count": 6}, "contact": {"twitter": "avemedda", "facebook": "658533541"}, "firstName": "Matteo", "gender": "male", "lastName": "Medda", "id": "9449204", "bio": "", "photo": {"prefix": "https://igx.4sqi.net/img/user/", "suffix": "/ZGXR2JMIGLZQTCDS.jpg"}, "homeCity": "Monserrato, Italia", "lists": {"groups": [{"items": [], "count": 2, "type": "created"}]}}, {"tips": {"count": 5}, "contact": {"twitter": "beckyfoxfitness", "facebook": "704401521"}, "firstName": "Becky", "gender": "female", "lastName": "Fox", "id": "8388522", "bio": "", "photo": {"prefix": "https://igx.4sqi.net/img/user/", "suffix": "/3HV1GWROH4DODNUS.jpg"}, "homeCity": "Knoxville, TN", "lists": {"groups": [{"items": [], "count": 2, "type": "created"}]}}, {"tips": {"count": 15}, "contact": {"twitter": "maxcarta", "facebook": "714198091"}, "firstName": "max", "gender": "male", "lastName": "carta", "id": "4531022", "bio": "", "photo": {"prefix": "https://igx.4sqi.net/img/user/", "suffix": "/4531022-WMJULABEVFAMGNWX.jpg"}, "homeCity": "Cagliari, Italia", "lists": {"groups": [{"items": [], "count": 4, "type": "created"}]}}, {"tips": {"count": 0}, "contact": {"facebook": "674878513"}, "firstName": "Andrew", "gender": "male", "lastName": "Tescher", "id": "15844412", "bio": "", "photo": {"prefix": "https://igx.4sqi.net/img/user/", "suffix": "/15844412-QFXHWCAULKQEKQT4.jpg"}, "homeCity": "Saratoga, CA", "lists": {"groups": [{"items": [], "count": 2, "type": "created"}]}}, {"tips": {"count": 53}, "contact": {"twitter": "rosariamainella", "facebook": "1545854626"}, "firstName": "Rosaria", "gender": "female", "lastName": "Mainella", "id": "25281386", "bio": "", "photo": {"prefix": "https://igx.4sqi.net/img/user/", "suffix": "/25281386-VK5NUWBABLHLG2YA.jpg"}, "homeCity": "Naples, Italy", "lists": {"groups": [{"items": [], "count": 13, "type": "created"}]}}, {"tips": {"count": 3}, "contact": {"twitter": "akadattitude", "facebook": "533241815"}, "firstName": "Ashish", "gender": "male", "lastName": "Gandhi", "id": "17726266", "bio": "Espresso !!!", "photo": {"prefix": "https://igx.4sqi.net/img/user/", "suffix": "/AJ0BKE3VRJJWCTHA.jpg"}, "homeCity": "Mumbai, India", "lists": {"groups": [{"items": [], "count": 6, "type": "created"}]}}, {"tips": {"count": 6}, "contact": {"twitter": "robertofuso", "facebook": "522317556"}, "firstName": "Roberto", "gender": "male", "lastName": "Fuso Nerini", "id": "8017495", "bio": "", "photo": {"prefix": "https://igx.4sqi.net/img/user/", "suffix": "/VDUY3H5AMYJOS1UA.jpg"}, "homeCity": "Milano, Italia", "lists": {"groups": [{"items": [], "count": 7, "type": "created"}]}}, {"tips": {"count": 0}, "contact": {"facebook": "24415269"}, "firstName": "Scott", "gender": "male", "lastName": "Houchin", "id": "5837375", "bio": "", "photo": {"prefix": "https://igx.4sqi.net/img/user/", "suffix": "/blank_boy.png", "default": true}, "homeCity": "Haymarket, VA", "lists": {"groups": [{"items": [], "count": 2, "type": "created"}]}}, {"tips": {"count": 3}, "contact": {"facebook": "525024550"}, "firstName": "Fabio", "gender": "male", "lastName": "Mereu", "id": "2197853", "bio": "", "photo": {"prefix": "https://igx.4sqi.net/img/user/", "suffix": "/WUZQPITGKIKVI3Q3.jpg"}, "homeCity": "Cagliari, Italia", "lists": {"groups": [{"items": [], "count": 2, "type": "created"}]}}, {"tips": {"count": 0}, "contact": {"twitter": "usamaraslan", "facebook": "1285971711"}, "firstName": "Usama", "gender": "male", "lastName": "Raslan", "id": "20918720", "bio": "", "photo": {"prefix": "https://igx.4sqi.net/img/user/", "suffix": "/GMZIT1X0PGNXVASS.jpg"}, "homeCity": "Matruh", "lists": {"groups": [{"items": [], "count": 4, "type": "created"}]}}, {"tips": {"count": 3}, "contact": {"facebook": "3625577"}, "firstName": "Corrado", "gender": "male", "lastName": "Carta", "id": "3165436", "bio": "", "photo": {"prefix": "https://igx.4sqi.net/img/user/", "suffix": "/52BQ5XDXLSBV0OD0.jpg"}, "homeCity": "Dresden, Deutschland", "lists": {"groups": [{"items": [], "count": 2, "type": "created"}]}}, {"tips": {"count": 14}, "contact": {"twitter": "woepwoep", "facebook": "10153436232936927"}, "firstName": "Ronald", "gender": "male", "lastName": "Wopereis", "id": "997670", "bio": "Taoist Hermit, sometimes online.\r\nOn a quest for What is Attention?", "photo": {"prefix": "https://igx.4sqi.net/img/user/", "suffix": "/4LVIB4YIVTU1023R.jpg"}, "homeCity": "Enschede, Overijssel", "lists": {"groups": [{"items": [], "count": 2, "type": "created"}]}}, {"tips": {"count": 37}, "contact": {"twitter": "filos", "facebook": "581740285"}, "firstName": "luca", "gender": "male", "lastName": "filigheddu", "id": "113070", "bio": "CEO at Paperlit.com", "photo": {"prefix": "https://igx.4sqi.net/img/user/", "suffix": "/J22QTI3O5WESEHJZ.jpg"}, "homeCity": "Assemini, Sardinia", "lists": {"groups": [{"items": [], "count": 2, "type": "created"}]}}, {"tips": {"count": 1}, "contact": {"twitter": "giuseppemiceli", "facebook": "1036114990"}, "firstName": "Giuseppe", "gender": "male", "lastName": "Miceli", "id": "1009716", "bio": "", "photo": {"prefix": "https://igx.4sqi.net/img/user/", "suffix": "/MUKOLMOY3PP3X02U.png"}, "homeCity": "Italy", "lists": {"groups": [{"items": [], "count": 2, "type": "created"}]}}, {"tips": {"count": 17}, "contact": {"twitter": "touradjebrahimi", "facebook": "622554369"}, "firstName": "Touradj", "gender": "male", "lastName": "Ebrahimi", "id": "2857983", "bio": "", "photo": {"prefix": "https://igx.4sqi.net/img/user/", "suffix": "/ZJ50RH4AHPJW3F0U.jpg"}, "homeCity": "Pully, Suisse", "lists": {"groups": [{"items": [], "count": 2, "type": "created"}]}}, {"tips": {"count": 0}, "contact": {"facebook": "100001372928491"}, "firstName": "Luca", "gender": "male", "lastName": "Impagliazzo", "id": "16126345", "bio": "", "photo": {"prefix": "https://igx.4sqi.net/img/user/", "suffix": "/LLIAJETTHYU0YM0B.jpg"}, "homeCity": "Cagliari, Italia", "lists": {"groups": [{"items": [], "count": 2, "type": "created"}]}}, {"tips": {"count": 5}, "contact": {"twitter": "marielademarchi", "facebook": "646832999"}, "firstName": "Mariela", "gender": "none", "lastName": "De Marchi Moyano", "id": "11325782", "bio": "Wanderer", "photo": {"prefix": "https://igx.4sqi.net/img/user/", "suffix": "/11325782-JXWVFGICQSPIOO2I.jpg"}, "homeCity": "Vicenza, Italia", "lists": {"groups": [{"items": [], "count": 2, "type": "created"}]}}, {"tips": {"count": 3}, "contact": {"twitter": "nataliecomo", "facebook": "704660322"}, "firstName": "Natalie", "gender": "female", "lastName": "Como", "id": "9820114", "bio": "", "photo": {"prefix": "https://igx.4sqi.net/img/user/", "suffix": "/CZFEQWQEZ2AUNHMD.jpg"}, "homeCity": "New York, NY", "lists": {"groups": [{"items": [], "count": 2, "type": "created"}]}}, {"tips": {"count": 7}, "contact": {"twitter": "rcamplan", "facebook": "531634022"}, "firstName": "Romolo", "gender": "male", "lastName": "Camplani", "id": "7042537", "bio": "", "photo": {"prefix": "https://igx.4sqi.net/img/user/", "suffix": "/RHZOMDLTT1VIBTWT.jpg"}, "homeCity": "Lecco, Italia", "lists": {"groups": [{"items": [], "count": 2, "type": "created"}]}}, {"tips": {"count": 1}, "contact": {"facebook": "1460295863"}, "firstName": "Barbara", "gender": "female", "lastName": "Bottoli", "id": "19278367", "bio": "", "photo": {"prefix": "https://igx.4sqi.net/img/user/", "suffix": "/NIME2MJVNFHAC5NO.jpg"}, "homeCity": "Quartu Sant'elena", "lists": {"groups": [{"items": [], "count": 2, "type": "created"}]}}, {"tips": {"count": 1}, "contact": {}, "firstName": "Audrey D", "gender": "female", "lastName": "Rockefeller", "id": "25695585", "bio": "Singer-Songwriter-Producer, Photographer, Graphic Designer, Film/TV Sound. Myth & Mayhem Productions\u2122 . . . VIEW=COMMENT-LISTEN=LIKE", "photo": {"prefix": "https://igx.4sqi.net/img/user/", "suffix": "/EQXPQEEQBXDIXKP3.jpg"}, "homeCity": "New York", "lists": {"groups": [{"items": [], "count": 2, "type": "created"}]}}, {"tips": {"count": 33}, "contact": {"twitter": "artisiasilkrs", "facebook": "952792591422593"}, "firstName": "Artisia", "gender": "female", "lastName": "Starlight", "id": "17835498", "bio": "Burlesque & Neo Burlesque Starlette. Founder, owner & Art Director of Les Tips. Fetish Lover of course!!", "photo": {"prefix": "https://igx.4sqi.net/img/user/", "suffix": "/17835498-1F5CANYXCUZWXWXG.jpg"}, "homeCity": "cesena", "lists": {"groups": [{"items": [], "count": 3, "type": "created"}]}}, {"tips": {"count": 15}, "contact": {"twitter": "candyclark2009", "facebook": "1181944486"}, "firstName": "Candy", "gender": "female", "lastName": "Clark", "id": "13225940", "bio": "Follow me on instagram at candyc1970....or facebook candy clark or twitter candyclark2009", "photo": {"prefix": "https://igx.4sqi.net/img/user/", "suffix": "/13225940-K0YMERLR5ZTX22RS.jpg"}, "homeCity": "los angeles ca", "lists": {"groups": [{"items": [], "count": 2, "type": "created"}]}}, {"tips": {"count": 7}, "contact": {"facebook": "36401652"}, "firstName": "Stephanie", "gender": "female", "lastName": "Hitchcock", "id": "10013867", "bio": "", "photo": {"prefix": "https://igx.4sqi.net/img/user/", "suffix": "/L2MV5KRLFLD3JQLU.jpg"}, "homeCity": "NY", "lists": {"groups": [{"items": [], "count": 2, "type": "created"}]}}, {"tips": {"count": 24}, "contact": {"twitter": "naomisusy", "facebook": "100002132184209"}, "firstName": "Naomi", "gender": "female", "lastName": "Langenberg", "id": "2365884", "bio": "#NeverGiveUp", "photo": {"prefix": "https://igx.4sqi.net/img/user/", "suffix": "/2365884-M0DL5DPS3IVRZWY3.jpg"}, "homeCity": "Amsterdam, Nederland", "lists": {"groups": [{"items": [], "count": 2, "type": "created"}]}}, {"tips": {"count": 0}, "contact": {"twitter": "ellezreyes", "facebook": "525041024"}, "firstName": "Elena", "gender": "female", "lastName": "Reyes", "id": "3937374", "bio": "", "photo": {"prefix": "https://igx.4sqi.net/img/user/", "suffix": "/1ILFOTPMAD01ALSL.jpg"}, "homeCity": "Roma, Italia", "lists": {"groups": [{"items": [], "count": 2, "type": "created"}]}}, {"tips": {"count": 3}, "contact": {"twitter": "zanarini", "facebook": "100001289628564"}, "firstName": "Pietro", "gender": "male", "lastName": "Zanarini", "id": "1087420", "bio": "http://www.zanarini.it", "photo": {"prefix": "https://igx.4sqi.net/img/user/", "suffix": "/UAHT1HS2R11XG05V.jpg"}, "homeCity": "Italy", "lists": {"groups": [{"items": [], "count": 2, "type": "created"}]}}, {"tips": {"count": 0}, "contact": {"twitter": "johnmilliron"}, "firstName": "John", "gender": "male", "lastName": "Milliron", "id": "810462", "bio": "", "photo": {"prefix": "https://igx.4sqi.net/img/user/", "suffix": "/DWXFNTE2LSQE2MGU.jpg"}, "homeCity": "West Liberty, Ohio", "lists": {"groups": [{"items": [], "count": 2, "type": "created"}]}}, {"tips": {"count": 18}, "contact": {"twitter": "okameister", "facebook": "505646401"}, "firstName": "Corey", "gender": "male", "lastName": "Okamoto", "id": "1254744", "bio": "I'm an open-minded entrepreneur, who likes to meet people in all aspects of life looking to: be, do, and have more out of life!", "photo": {"prefix": "https://igx.4sqi.net/img/user/", "suffix": "/TCKQIA2ENJ4K4VM5.jpg"}, "homeCity": "San Diego, CA", "lists": {"groups": [{"items": [], "count": 2, "type": "created"}]}}, {"tips": {"count": 9}, "contact": {"twitter": "murtishaw", "facebook": "512775254"}, "firstName": "Jeremy", "gender": "male", "lastName": "Murtishaw", "id": "3047970", "bio": "Technologist specializing in Healthcare IT, Network Design and Security, Cloud Computing, Hosting. Passionate about Open Source, Open Gov and Open Health.", "photo": {"prefix": "https://igx.4sqi.net/img/user/", "suffix": "/A4TJMTRBEPCZ0CVT.jpg"}, "homeCity": "Los Angeles, CA", "lists": {"groups": [{"items": [], "count": 2, "type": "created"}]}}, {"tips": {"count": 49}, "contact": {"twitter": "andreja", "facebook": "10154400974527082"}, "firstName": "Andreja", "gender": "female", "lastName": "Lajh", "id": "11584106", "bio": "Founder and director of Haut de Gamme. Food, wine, hotels & art. Communication, events, food & travel journalism, marketing.\r\nwww.hautdegamme.uk.com", "photo": {"prefix": "https://igx.4sqi.net/img/user/", "suffix": "/I31YXVO2QPSD3GKA.jpg"}, "homeCity": "London, United Kingdom", "lists": {"groups": [{"items": [], "count": 5, "type": "created"}]}}, {"tips": {"count": 99}, "contact": {"twitter": "elvies9", "facebook": "1153219104"}, "firstName": "\u00cb\u2113\u03d1\u13a5\u0118\u0160", "gender": "female", "id": "12554020", "bio": "\u79c1\u306b\u8fd1\u5bc4\u3089\u306a\u3044\u3067\u4e0b\u3055\u3044\u3002\u56f0\u308a\u307e\u3059\u3002", "photo": {"prefix": "https://igx.4sqi.net/img/user/", "suffix": "/12554020-CX4BOFVRGOS4Q3K5.jpg"}, "homeCity": "Singapore", "lists": {"groups": [{"items": [], "count": 16, "type": "created"}]}}, {"tips": {"count": 3}, "contact": {"twitter": "caterinadiiorgi", "facebook": "10153290162146523"}, "firstName": "Caterina", "gender": "female", "lastName": "Di Iorgi", "id": "7838123", "bio": "I'm a journalist, social media expert, web content manager and fashion blogger", "photo": {"prefix": "https://igx.4sqi.net/img/user/", "suffix": "/2R3PDIDBXXB5DFO3.jpg"}, "homeCity": "Milano, Italia", "lists": {"groups": [{"items": [], "count": 2, "type": "created"}]}}, {"tips": {"count": 3}, "contact": {"twitter": "eugenia_81", "facebook": "1036643388"}, "firstName": "Eugenia", "gender": "female", "lastName": "Montanaro", "id": "22149864", "bio": "", "photo": {"prefix": "https://igx.4sqi.net/img/user/", "suffix": "/B4EQQRVGVB1BRIMK.jpg"}, "homeCity": "Lombardia", "lists": {"groups": [{"items": [], "count": 2, "type": "created"}]}}, {"tips": {"count": 7}, "contact": {"twitter": "cinziaazzolin"}, "firstName": "Cinzia", "gender": "female", "lastName": "Azzolin", "id": "18255365", "bio": "", "photo": {"prefix": "https://igx.4sqi.net/img/user/", "suffix": "/18255365-NTZ4TUOUJ05EU15J.jpg"}, "homeCity": "Vicenza", "lists": {"groups": [{"items": [], "count": 2, "type": "created"}]}}, {"tips": {"count": 1}, "contact": {"twitter": "cerion"}, "firstName": "Enrico", "gender": "male", "lastName": "Marongiu", "id": "16714002", "bio": "", "photo": {"prefix": "https://igx.4sqi.net/img/user/", "suffix": "/NPKO2TNZM5RVSUX0.jpg"}, "homeCity": "Cagliari, Italia", "lists": {"groups": [{"items": [], "count": 5, "type": "created"}]}}, {"tips": {"count": 2}, "contact": {}, "firstName": "Fabio", "gender": "male", "lastName": "Serra", "id": "13406016", "bio": "", "photo": {"prefix": "https://igx.4sqi.net/img/user/", "suffix": "/IVCJMIBTWZYEUYFB.jpg"}, "homeCity": "Selargius, Italia", "lists": {"groups": [{"items": [], "count": 2, "type": "created"}]}}, {"tips": {"count": 5}, "contact": {"twitter": "discoverdonegal", "facebook": "100000618314935"}, "firstName": "Discover Donegal", "gender": "male", "id": "2767822", "bio": "", "photo": {"prefix": "https://igx.4sqi.net/img/user/", "suffix": "/BPFR22NN4XBCIR0B.gif"}, "homeCity": "Ireland", "lists": {"groups": [{"items": [], "count": 4, "type": "created"}]}}, {"tips": {"count": 0}, "contact": {"facebook": "509834930"}, "firstName": "Wu", "gender": "female", "lastName": "Xiaodan", "id": "9904295", "bio": "", "photo": {"prefix": "https://igx.4sqi.net/img/user/", "suffix": "/TGBCWMPDEUIMFHOE.jpg"}, "homeCity": "Los Angeles, CA", "lists": {"groups": [{"items": [], "count": 2, "type": "created"}]}}, {"tips": {"count": 13}, "contact": {"twitter": "lukkino", "facebook": "628407917"}, "firstName": "Luca", "gender": "male", "lastName": "Contini", "id": "3134970", "bio": "", "photo": {"prefix": "https://igx.4sqi.net/img/user/", "suffix": "/S5TMCRKVW01FSHFT.jpg"}, "homeCity": "Cagliari, Italia", "lists": {"groups": [{"items": [], "count": 2, "type": "created"}]}}, {"tips": {"count": 31}, "contact": {"twitter": "markwing", "facebook": "597635810"}, "firstName": "Mark", "gender": "male", "lastName": "Wing", "id": "1478458", "bio": "Brand Strategist. A creative soul. Loves life, new places and meeting people. Founder of and campaigner for Radnor Bridge - a new river Thames cycle crossing", "photo": {"prefix": "https://igx.4sqi.net/img/user/", "suffix": "/V0NXHFYAYIAEGUTR.jpg"}, "homeCity": "London, UK", "lists": {"groups": [{"items": [], "count": 3, "type": "created"}]}}, {"tips": {"count": 5}, "contact": {"twitter": "plumfake", "facebook": "752568973"}, "firstName": "Mauro", "gender": "male", "lastName": "Rubin", "id": "1844694", "bio": "", "photo": {"prefix": "https://igx.4sqi.net/img/user/", "suffix": "/L3AABP1LO5KGU24U.jpg"}, "homeCity": "VB, Piemonte", "lists": {"groups": [{"items": [], "count": 2, "type": "created"}]}}, {"tips": {"count": 1}, "contact": {"facebook": "576756498"}, "firstName": "Alessio", "gender": "male", "lastName": "Dessi", "id": "3051078", "bio": "", "photo": {"prefix": "https://igx.4sqi.net/img/user/", "suffix": "/FPJYQQGDVVQH0A4R.jpg"}, "homeCity": "Carbonia, Italia", "lists": {"groups": [{"items": [], "count": 2, "type": "created"}]}}, {"tips": {"count": 0}, "contact": {"facebook": "100000483270400"}, "firstName": "Cecilia Soledad", "gender": "female", "lastName": "Vazquez", "id": "16515786", "bio": "", "photo": {"prefix": "https://igx.4sqi.net/img/user/", "suffix": "/16515786-ZSDUD5ZCNUB3USYU.jpg"}, "homeCity": "Argentina", "lists": {"groups": [{"items": [], "count": 2, "type": "created"}]}}, {"tips": {"count": 55}, "contact": {"twitter": "vendettablanche", "facebook": "100001963408582"}, "firstName": "Nuit Blanche", "gender": "female", "lastName": "Moser", "id": "12661317", "bio": "Burlesque Starlette, DJ, President and Founder of the first italian Burlesque collective \r\nwww.silkribbonsisters.com\r\nwww.nuitblanche.it", "photo": {"prefix": "https://igx.4sqi.net/img/user/", "suffix": "/WAOY4EFGB3FMEC55.jpg"}, "homeCity": "Cavriago, Italia", "lists": {"groups": [{"items": [], "count": 8, "type": "created"}]}}, {"tips": {"count": 19}, "contact": {"twitter": "rrigamonti", "facebook": "1537038071"}, "firstName": "Riccardo", "gender": "male", "lastName": "Rigamonti", "id": "11732402", "bio": "Marketing on line - SEO - Web developer", "photo": {"prefix": "https://igx.4sqi.net/img/user/", "suffix": "/2THEMU5SVKOZWTJZ.jpg"}, "homeCity": "Falkirk, Scotland ", "lists": {"groups": [{"items": [], "count": 2, "type": "created"}]}}, {"tips": {"count": 7}, "contact": {"twitter": "silviarossig", "facebook": "1185279998"}, "firstName": "Silvia", "gender": "female", "lastName": "Rossi", "id": "19169909", "bio": "", "photo": {"prefix": "https://igx.4sqi.net/img/user/", "suffix": "/-AHEYGGGCHZVFTVPP.jpg"}, "homeCity": "Roma, Italia", "lists": {"groups": [{"items": [], "count": 4, "type": "created"}]}}, {"tips": {"count": 0}, "contact": {"twitter": "theglassmall1"}, "firstName": "Kim", "gender": "female", "lastName": "Stevens", "id": "28983841", "bio": "I run a website called the glass mall at http://www.theglassmall.com", "photo": {"prefix": "https://igx.4sqi.net/img/user/", "suffix": "/FUMFRNGVSV4TYOER.jpg"}, "homeCity": "Grand Rapids, Michigan", "lists": {"groups": [{"items": [], "count": 2, "type": "created"}]}}, {"tips": {"count": 0}, "contact": {"facebook": "596483559"}, "firstName": "Claudia", "gender": "female", "lastName": "Surpi", "id": "13446123", "bio": "", "photo": {"prefix": "https://igx.4sqi.net/img/user/", "suffix": "/USNI1WWRRM5A4UON.jpg"}, "homeCity": "Milano, Italia", "lists": {"groups": [{"items": [], "count": 2, "type": "created"}]}}, {"tips": {"count": 8}, "contact": {"twitter": "chilicoolblog", "facebook": "100001030889015"}, "firstName": "Alessia", "gender": "female", "lastName": "Milanese", "id": "3594842", "bio": "Il mio blog http://www.thechilicool.com", "photo": {"prefix": "https://igx.4sqi.net/img/user/", "suffix": "/3594842-J2DW3OTKRD0OMVHK.jpg"}, "homeCity": "Pozzuolo del Friuli (UD)", "lists": {"groups": [{"items": [], "count": 2, "type": "created"}]}}, {"tips": {"count": 0}, "contact": {"facebook": "1491074125"}, "firstName": "Massimo", "gender": "male", "lastName": "Piras", "id": "20557300", "bio": "", "photo": {"prefix": "https://igx.4sqi.net/img/user/", "suffix": "/DVNRA1VEBZA2BHNU.jpg"}, "homeCity": "Sardegna", "lists": {"groups": [{"items": [], "count": 2, "type": "created"}]}}, {"tips": {"count": 6}, "contact": {"twitter": "dabde80", "facebook": "657814696"}, "firstName": "Davide", "gender": "male", "lastName": "Rosati", "id": "10189044", "bio": "", "photo": {"prefix": "https://igx.4sqi.net/img/user/", "suffix": "/HJ0XXQ3IDJILQQRB.jpg"}, "homeCity": "Cagliari, Italia", "lists": {"groups": [{"items": [], "count": 3, "type": "created"}]}}, {"tips": {"count": 2}, "contact": {}, "firstName": "Giusy", "gender": "female", "lastName": "Vallascas", "id": "7780499", "bio": "", "photo": {"prefix": "https://igx.4sqi.net/img/user/", "suffix": "/GY2ZC14WXZDIFW5P.jpg"}, "homeCity": "Cagliari, Italia", "lists": {"groups": [{"items": [], "count": 2, "type": "created"}]}}, {"tips": {"count": 6}, "contact": {"twitter": "luciabracci", "facebook": "1334418708"}, "firstName": "Lucia", "gender": "female", "id": "1879740", "bio": "", "photo": {"prefix": "https://igx.4sqi.net/img/user/", "suffix": "/UE3BZ0KRD4NQTHEP.jpg"}, "homeCity": "Roma, Lazio", "lists": {"groups": [{"items": [], "count": 2, "type": "created"}]}}, {"tips": {"count": 1}, "contact": {"twitter": "ectorpra", "facebook": "661178067"}, "firstName": "Ettore", "gender": "male", "lastName": "Prasciolu", "id": "3857091", "bio": "", "photo": {"prefix": "https://igx.4sqi.net/img/user/", "suffix": "/VBMOLRTWJSE0CEWI.jpg"}, "homeCity": "Quartu Sant'Elena, Italia", "lists": {"groups": [{"items": [], "count": 2, "type": "created"}]}}, {"tips": {"count": 18}, "contact": {"facebook": "1033845673"}, "firstName": "Francesca", "gender": "female", "lastName": "Palmas", "id": "12725963", "bio": "", "photo": {"prefix": "https://igx.4sqi.net/img/user/", "suffix": "/4D5JT5EQPSD3NVTN.jpg"}, "homeCity": "Cagliari, Italia", "lists": {"groups": [{"items": [], "count": 2, "type": "created"}]}}, {"tips": {"count": 22}, "contact": {"twitter": "leej07", "facebook": "100000684907627"}, "firstName": "Lee", "gender": "male", "lastName": "Jones", "id": "16365473", "bio": "", "photo": {"prefix": "https://igx.4sqi.net/img/user/", "suffix": "/MZYWWIAVPMXCOSN0.jpg"}, "homeCity": "Monroe, LA", "lists": {"groups": [{"items": [], "count": 9, "type": "created"}]}}, {"tips": {"count": 0}, "contact": {"twitter": "strnidad", "facebook": "747384412"}, "firstName": "Suzie", "gender": "female", "lastName": "Trinidad", "id": "27678461", "bio": "Experienced Real Estate Agent. I get  satisfaction out of being able to put my energy into helping people make the best decisions with real estate investments.", "photo": {"prefix": "https://igx.4sqi.net/img/user/", "suffix": "/AVGCZLYPRPTQ0JEG.jpg"}, "homeCity": "Redlands, CA", "lists": {"groups": [{"items": [], "count": 3, "type": "created"}]}}, {"tips": {"count": 3}, "contact": {"twitter": "cast42"}, "firstName": "Lode", "gender": "male", "lastName": "Nachtergaele", "id": "3599295", "bio": "", "photo": {"prefix": "https://igx.4sqi.net/img/user/", "suffix": "/0XJ0QLOIRZOZWAJB.jpg"}, "homeCity": "Heverlee, Belgi\u00eb", "lists": {"groups": [{"items": [], "count": 3, "type": "created"}]}}, {"tips": {"count": 74}, "contact": {"facebook": "100000426111167"}, "firstName": "Zoe", "gender": "male", "lastName": "Web Solutions", "id": "13758764", "bio": "", "photo": {"prefix": "https://igx.4sqi.net/img/user/", "suffix": "/FS3CISUSX0XMKBOZ.jpg"}, "homeCity": "Bologna, Italia", "lists": {"groups": [{"items": [], "count": 3, "type": "created"}]}}, {"tips": {"count": 16}, "contact": {"twitter": "acquacri", "facebook": "1398205542"}, "firstName": "Cristina", "gender": "female", "lastName": "Usai", "id": "2651665", "bio": "Una curiosa, che si da daffare, fra tribolamenti professionali e gioie private! ;) molto #socialcosa http://www.creatividigitali.com | http://www.acquacri.it", "photo": {"prefix": "https://igx.4sqi.net/img/user/", "suffix": "/2651665-N55UMHJMN3SM2O4Y"}, "homeCity": "Burago di Molgora", "lists": {"groups": [{"items": [], "count": 8, "type": "created"}]}}, {"tips": {"count": 3}, "contact": {"facebook": "1196534036"}, "firstName": "Alessia", "gender": "female", "lastName": "S.", "id": "3892056", "bio": "", "photo": {"prefix": "https://igx.4sqi.net/img/user/", "suffix": "/5UYS3MXNEIOADDGL.jpg"}, "homeCity": "Rome, Italia", "lists": {"groups": [{"items": [], "count": 2, "type": "created"}]}}, {"tips": {"count": 0}, "contact": {"facebook": "1534057739"}, "firstName": "Roberto", "gender": "male", "lastName": "Di Pompeo", "id": "12742720", "bio": "", "photo": {"prefix": "https://igx.4sqi.net/img/user/", "suffix": "/PC0RZYRNPBJYUCX1.jpg"}, "homeCity": "Londra", "lists": {"groups": [{"items": [], "count": 2, "type": "created"}]}}, {"tips": {"count": 61}, "contact": {"twitter": "mtx", "facebook": "767508487"}, "firstName": "Monika", "gender": "female", "lastName": "Czaplicka", "id": "5014392", "bio": "https://www.facebook.com/monikaczaplicka", "photo": {"prefix": "https://igx.4sqi.net/img/user/", "suffix": "/-VTDSTO4DFYFLFXW0.jpg"}, "homeCity": "Warszawa, Polska", "lists": {"groups": [{"items": [], "count": 4, "type": "created"}]}}, {"tips": {"count": 0}, "contact": {"facebook": "1476846410"}, "firstName": "Giorgio", "gender": "male", "lastName": "Mattana", "id": "22653579", "bio": "", "photo": {"prefix": "https://igx.4sqi.net/img/user/", "suffix": "/OQDCF0FMQOOSS4VG.jpg"}, "homeCity": "Neuch\u00e2tel", "lists": {"groups": [{"items": [], "count": 2, "type": "created"}]}}, {"tips": {"count": 1}, "contact": {"twitter": "marcelloorizi", "facebook": "100000279582088"}, "firstName": "Marcello", "gender": "male", "lastName": "Orizi", "id": "2790595", "bio": "", "photo": {"prefix": "https://igx.4sqi.net/img/user/", "suffix": "/OAH2NROIMXCUJ4JV.jpg"}, "homeCity": "Sassari, Italia", "lists": {"groups": [{"items": [], "count": 2, "type": "created"}]}}, {"tips": {"count": 10}, "contact": {"twitter": "avergani", "facebook": "647872191"}, "firstName": "Angelo", "gender": "male", "lastName": "Vergani", "id": "4042200", "bio": "Twitter @avergani - blog angelovergani.com - CRM & Digital Manager", "photo": {"prefix": "https://igx.4sqi.net/img/user/", "suffix": "/51C14ODGFWJY5GHL.jpg"}, "homeCity": "Casorezzo, Italia", "lists": {"groups": [{"items": [], "count": 2, "type": "created"}]}}, {"tips": {"count": 0}, "contact": {"facebook": "701407023"}, "firstName": "Marta", "gender": "female", "lastName": "Balestrini", "id": "18564670", "bio": "", "photo": {"prefix": "https://igx.4sqi.net/img/user/", "suffix": "/1MZHLQPXRYAUJDSE.jpg"}, "homeCity": "Cogoleto, Italia", "lists": {"groups": [{"items": [], "count": 2, "type": "created"}]}}, {"tips": {"count": 1}, "contact": {"facebook": "647362915"}, "firstName": "Giovanni", "gender": "male", "lastName": "Pau", "id": "9884026", "bio": "", "photo": {"prefix": "https://igx.4sqi.net/img/user/", "suffix": "/4CJQPEESGLXIKVCS.jpg"}, "homeCity": "Sterling, VA", "lists": {"groups": [{"items": [], "count": 2, "type": "created"}]}}, {"tips": {"count": 0}, "contact": {"twitter": "fpmicozzi", "facebook": "1468586106"}, "firstName": "Francesco", "gender": "male", "lastName": "Micozzi", "id": "3220853", "bio": "", "photo": {"prefix": "https://igx.4sqi.net/img/user/", "suffix": "/B0OFL0YQFD54EMTK.jpg"}, "homeCity": "Cagliari", "lists": {"groups": [{"items": [], "count": 2, "type": "created"}]}}, {"tips": {"count": 10}, "contact": {}, "firstName": "Kim", "gender": "male", "lastName": "Schotanus", "id": "4692229", "bio": "", "photo": {"prefix": "https://igx.4sqi.net/img/user/", "suffix": "/NI2WK2IOE1MLE2TJ.jpg"}, "homeCity": "Antwerp, Belgium", "lists": {"groups": [{"items": [], "count": 2, "type": "created"}]}}, {"tips": {"count": 2}, "contact": {"twitter": "giannivercelli", "facebook": "1456486374"}, "firstName": "Gianni", "gender": "male", "lastName": "Vercelli", "id": "24726829", "bio": "", "photo": {"prefix": "https://igx.4sqi.net/img/user/", "suffix": "/DT0ZZMQTMIMQ30EK.jpg"}, "homeCity": "Liguria", "lists": {"groups": [{"items": [], "count": 2, "type": "created"}]}}, {"tips": {"count": 2}, "contact": {}, "firstName": "marcello", "gender": "female", "lastName": "coiana", "id": "13948125", "bio": "", "photo": {"prefix": "https://igx.4sqi.net/img/user/", "suffix": "/13948125-JYL100C4NULP1BHG.jpg"}, "homeCity": "Cagliari, Italia", "lists": {"groups": [{"items": [], "count": 2, "type": "created"}]}}, {"tips": {"count": 2}, "contact": {"twitter": "zilligherta", "facebook": "722218935"}, "firstName": "Vincenzo", "gender": "male", "lastName": "Solinas", "id": "3258080", "bio": "", "photo": {"prefix": "https://igx.4sqi.net/img/user/", "suffix": "/1TVKWVUX3OZMMMZ3.jpg"}, "homeCity": "Sestu, Italia", "lists": {"groups": [{"items": [], "count": 2, "type": "created"}]}}, {"tips": {"count": 29}, "contact": {"twitter": "claudioc", "facebook": "1123027049"}, "firstName": "Claudio", "gender": "male", "lastName": "C", "id": "13130045", "bio": "", "photo": {"prefix": "https://igx.4sqi.net/img/user/", "suffix": "/CTZ0WKRTZA0LC25V.jpg"}, "homeCity": "Roma, Italia", "lists": {"groups": [{"items": [], "count": 4, "type": "created"}]}}, {"tips": {"count": 33}, "contact": {"twitter": "iusethisapp"}, "firstName": "I Use", "gender": "none", "lastName": "This App", "id": "27856613", "bio": "http://www.iusethisapp.com", "photo": {"prefix": "https://igx.4sqi.net/img/user/", "suffix": "/JKKM0NL1VRVOBHA2.jpg"}, "homeCity": "West Barnstable, MA", "lists": {"groups": [{"items": [], "count": 2, "type": "created"}]}}, {"tips": {"count": 6}, "contact": {"facebook": "1556560394"}, "firstName": "Alessio", "gender": "male", "lastName": "Raccis", "id": "23021882", "bio": "", "photo": {"prefix": "https://igx.4sqi.net/img/user/", "suffix": "/DQNCT3IPA554MX1C.jpg"}, "homeCity": "Sardegna", "lists": {"groups": [{"items": [], "count": 3, "type": "created"}]}}, {"tips": {"count": 10}, "contact": {}, "firstName": "Ale", "gender": "none", "lastName": "Tidu", "id": "3613609", "bio": "", "photo": {"prefix": "https://igx.4sqi.net/img/user/", "suffix": "/1IFB3JCKFFWAKNNW.jpg"}, "homeCity": "Uta, Italia", "lists": {"groups": [{"items": [], "count": 2, "type": "created"}]}}, {"tips": {"count": 0}, "contact": {"facebook": "1155094897835366"}, "firstName": "Nicola", "gender": "male", "lastName": "Piludu", "id": "21214405", "bio": "", "photo": {"prefix": "https://igx.4sqi.net/img/user/", "suffix": "/OXIW3NBECBOILX54.jpg"}, "homeCity": "Dublin", "lists": {"groups": [{"items": [], "count": 2, "type": "created"}]}}, {"tips": {"count": 14}, "contact": {"facebook": "100000123006784"}, "firstName": "L\u00e5\u00d0yb\u00d5y", "gender": "female", "lastName": "\u00c7m", "id": "3685381", "bio": "", "photo": {"prefix": "https://igx.4sqi.net/img/user/", "suffix": "/XNPK5Y4HQONVBFWW.jpg"}, "homeCity": "Chiang Mai, Thailand", "lists": {"groups": [{"items": [], "count": 3, "type": "created"}]}}, {"tips": {"count": 7}, "contact": {"twitter": "stserra", "facebook": "1383951804"}, "firstName": "Stefano", "gender": "male", "lastName": "Serra", "id": "3987223", "bio": "", "photo": {"prefix": "https://igx.4sqi.net/img/user/", "suffix": "/O1UQLL5VMSKIKES5.jpg"}, "homeCity": "Cagliari, Repubblica Italiana", "lists": {"groups": [{"items": [], "count": 2, "type": "created"}]}}, {"tips": {"count": 37}, "contact": {"twitter": "michelevianello", "facebook": "1269275534"}, "firstName": "Michele", "gender": "male", "lastName": "Vianello", "id": "4164709", "bio": "Smart Communities Strategist. Vision and strategies positioning for Communities, Cities and Companies", "photo": {"prefix": "https://igx.4sqi.net/img/user/", "suffix": "/Q5YAPI52ME4T1IXN.jpg"}, "homeCity": "Venezia, Italia", "lists": {"groups": [{"items": [], "count": 3, "type": "created"}]}}, {"tips": {"count": 1}, "contact": {}, "firstName": "Simone", "gender": "male", "lastName": "Kalb", "id": "4434020", "bio": "", "photo": {"prefix": "https://igx.4sqi.net/img/user/", "suffix": "/1N3YNZ5CZ5TC5NQ0.jpg"}, "homeCity": "Cagliari, Italia", "lists": {"groups": [{"items": [], "count": 2, "type": "created"}]}}, {"tips": {"count": 0}, "contact": {"twitter": "motoplux", "facebook": "748338054"}, "firstName": "Luca", "gender": "male", "lastName": "Carrogu", "id": "6017986", "bio": "", "photo": {"prefix": "https://igx.4sqi.net/img/user/", "suffix": "/JRHKW1T5AAUM0EVQ.jpg"}, "homeCity": "Cagliari, Repubblica Italiana", "lists": {"groups": [{"items": [], "count": 2, "type": "created"}]}}, {"tips": {"count": 5}, "contact": {"twitter": "sx69348145"}, "firstName": "\u2605 Smanu \u2605", "gender": "female", "id": "8755287", "bio": "Life is a circus. Smile!!!", "photo": {"prefix": "https://igx.4sqi.net/img/user/", "suffix": "/-31AU15X0BTSSBSIM.jpg"}, "homeCity": "smanu.ec@gmail.com", "lists": {"groups": [{"items": [], "count": 4, "type": "created"}]}}, {"tips": {"count": 0}, "contact": {"facebook": "731016601"}, "firstName": "Emilio", "gender": "male", "lastName": "Leone", "id": "8863191", "bio": "", "photo": {"prefix": "https://igx.4sqi.net/img/user/", "suffix": "/ZGYQ0CHXV55OJOCV.jpg"}, "homeCity": "Genova", "lists": {"groups": [{"items": [], "count": 2, "type": "created"}]}}, {"tips": {"count": 27}, "contact": {"twitter": "emcarosi", "facebook": "1128295354"}, "firstName": "Enrico Maria", "gender": "male", "lastName": "C.", "id": "13219517", "bio": "", "photo": {"prefix": "https://igx.4sqi.net/img/user/", "suffix": "/P1GVUUYGQ0BYEKXX.jpg"}, "homeCity": "Trevignano Romano, ROMA, Italia", "lists": {"groups": [{"items": [], "count": 4, "type": "created"}]}}], "count": 827}, "checksum": "1174b8f9430a6c53be214a4cbd6019c63119e265"}, "meta": {"requestId": "596626549fb6b77be284c609", "code": 200}}