{"notifications": [{"type": "notificationTray", "item": {"unreadCount": 0}}], "response": {"friends": {"items": [{"tips": {"count": 36}, "contact": {"facebook": "1195397236"}, "firstName": "Usher", "gender": "male", "lastName": "Musketeer Thong", "id": "8881530", "bio": "+6582007448", "photo": {"prefix": "https://igx.4sqi.net/img/user/", "suffix": "/8881530-PFTNOBCDRJT41WC3.jpg"}, "homeCity": "Singapore", "lists": {"groups": [{"items": [], "count": 2, "type": "created"}]}}, {"tips": {"count": 0}, "contact": {"twitter": "ryanahkang", "facebook": "565969196"}, "firstName": "Ryan", "gender": "male", "lastName": "Ho", "id": "37649546", "bio": "", "photo": {"prefix": "https://igx.4sqi.net/img/user/", "suffix": "/LISVHFPPPSX3VFZI.jpg"}, "homeCity": "singapore", "lists": {"groups": [{"items": [], "count": 2, "type": "created"}]}}, {"tips": {"count": 1}, "contact": {"twitter": "5hannon_lam", "facebook": "563044439"}, "firstName": "Shannon", "gender": "male", "lastName": "Lam", "id": "9126689", "bio": "", "photo": {"prefix": "https://igx.4sqi.net/img/user/", "suffix": "/K24A5EOG5P2LDZ24.jpg"}, "homeCity": "Singapore", "lists": {"groups": [{"items": [], "count": 2, "type": "created"}]}}, {"tips": {"count": 0}, "contact": {"facebook": "1747324451"}, "firstName": "Aimee", "gender": "female", "lastName": "Prats", "id": "5173416", "bio": "", "photo": {"prefix": "https://igx.4sqi.net/img/user/", "suffix": "/YWK3H4VLMIRI4JKH.jpg"}, "homeCity": "Singapore", "lists": {"groups": [{"items": [], "count": 2, "type": "created"}]}}, {"tips": {"count": 2}, "contact": {"twitter": "desireedesdes", "facebook": "564661157"}, "firstName": "Desiree", "gender": "female", "lastName": "Teoh", "id": "2386351", "bio": "Sometimes I say things that don't really make sense to me either.", "photo": {"prefix": "https://igx.4sqi.net/img/user/", "suffix": "/SBMQC43JPZVQOWZ5.jpg"}, "homeCity": "Singapore", "lists": {"groups": [{"items": [], "count": 2, "type": "created"}]}}, {"tips": {"count": 5}, "contact": {"twitter": "wjyeo", "facebook": "637633332"}, "firstName": "Wj", "gender": "male", "lastName": "yeo", "id": "766702", "bio": "", "photo": {"prefix": "https://igx.4sqi.net/img/user/", "suffix": "/ANCQUG0OTLCIYBQ0.jpg"}, "homeCity": "Singapore", "lists": {"groups": [{"items": [], "count": 2, "type": "created"}]}}, {"tips": {"count": 0}, "contact": {"twitter": "jol_anda", "facebook": "1640364423"}, "firstName": "Jolanda", "gender": "female", "lastName": "Lau", "id": "4793651", "bio": "", "photo": {"prefix": "https://igx.4sqi.net/img/user/", "suffix": "/ICFPAE1N3Y42PCAV.jpg"}, "homeCity": "Singapore", "lists": {"groups": [{"items": [], "count": 2, "type": "created"}]}}, {"tips": {"count": 2}, "contact": {"twitter": "morgilyawesome", "facebook": "516382906"}, "firstName": "Hydir", "gender": "male", "lastName": "Hamid", "id": "7547634", "bio": "", "photo": {"prefix": "https://igx.4sqi.net/img/user/", "suffix": "/ZG3WEPL2GVIGEFDW.jpg"}, "homeCity": "Singapore", "lists": {"groups": [{"items": [], "count": 2, "type": "created"}]}}, {"tips": {"count": 1}, "contact": {"twitter": "danickteoh", "facebook": "1359731586"}, "firstName": "Danick", "gender": "male", "lastName": "Teoh", "id": "2644564", "bio": "", "photo": {"prefix": "https://igx.4sqi.net/img/user/", "suffix": "/2644564-V0GMWNSVYOW1PRV4.jpg"}, "homeCity": "Pulau Pinang, Malaysia", "lists": {"groups": [{"items": [], "count": 2, "type": "created"}]}}, {"tips": {"count": 0}, "contact": {"facebook": "1545583199"}, "firstName": "Bang Qi", "gender": "male", "lastName": "Wang", "id": "2681688", "bio": "", "photo": {"prefix": "https://igx.4sqi.net/img/user/", "suffix": "/blank_boy.png", "default": true}, "homeCity": "SIN, M\u00e9xico", "lists": {"groups": [{"items": [], "count": 2, "type": "created"}]}}, {"tips": {"count": 0}, "contact": {"twitter": "alvinvinvinny", "facebook": "550299816"}, "firstName": "Alvin", "gender": "male", "id": "32485332", "bio": "", "photo": {"prefix": "https://igx.4sqi.net/img/user/", "suffix": "/YIOVB3QCCCE3S4DY.jpg"}, "homeCity": "singapore", "lists": {"groups": [{"items": [], "count": 2, "type": "created"}]}}, {"tips": {"count": 0}, "contact": {"facebook": "1130527969"}, "firstName": "Vanessa", "gender": "female", "lastName": "Ho", "id": "4638617", "bio": "", "photo": {"prefix": "https://igx.4sqi.net/img/user/", "suffix": "/YEF0HMXYRRUERZ1Y.jpg"}, "homeCity": "Singapore", "lists": {"groups": [{"items": [], "count": 2, "type": "created"}]}}, {"tips": {"count": 6}, "contact": {"facebook": "597289807"}, "firstName": "Jing", "gender": "male", "lastName": "Xian", "id": "11794502", "bio": "", "photo": {"prefix": "https://igx.4sqi.net/img/user/", "suffix": "/UN0ATQHCNWJ31R3C.jpg"}, "homeCity": "Singapore", "lists": {"groups": [{"items": [], "count": 3, "type": "created"}]}}, {"tips": {"count": 1}, "contact": {"twitter": "himawariaoii", "facebook": "578569697"}, "firstName": "Peiyi", "gender": "female", "lastName": "Loo", "id": "10312490", "bio": "", "photo": {"prefix": "https://igx.4sqi.net/img/user/", "suffix": "/ZGPMU4C4XARC1QF0.jpg"}, "homeCity": "Singapore", "lists": {"groups": [{"items": [], "count": 2, "type": "created"}]}}, {"tips": {"count": 0}, "contact": {"twitter": "igarytan", "facebook": "100002151222791"}, "firstName": "Igarytan", "gender": "male", "id": "3838689", "bio": "", "photo": {"prefix": "https://igx.4sqi.net/img/user/", "suffix": "/BIWLLI01E2MHOY1T.jpg"}, "homeCity": "Singapore", "lists": {"groups": [{"items": [], "count": 2, "type": "created"}]}}, {"tips": {"count": 0}, "contact": {"twitter": "shantellin", "facebook": "693573308"}, "firstName": "Shantel", "gender": "female", "lastName": "Lin", "id": "3454890", "bio": "", "photo": {"prefix": "https://igx.4sqi.net/img/user/", "suffix": "/LGGP25JUH4MPEBR5.jpg"}, "homeCity": "Singapore", "lists": {"groups": [{"items": [], "count": 2, "type": "created"}]}}, {"tips": {"count": 0}, "contact": {"twitter": "jeffreyong_90", "facebook": "100000746596468"}, "firstName": "JeFfReY", "gender": "male", "lastName": "OnG", "id": "4748266", "bio": "", "photo": {"prefix": "https://igx.4sqi.net/img/user/", "suffix": "/0WMPOL3GBRL3CFV3.jpg"}, "homeCity": "Singapore", "lists": {"groups": [{"items": [], "count": 2, "type": "created"}]}}, {"tips": {"count": 21}, "contact": {"facebook": "734538574"}, "firstName": "Amos", "gender": "male", "lastName": "Lam", "id": "32568788", "bio": "", "photo": {"prefix": "https://igx.4sqi.net/img/user/", "suffix": "/32568788-H1OBJF5SH53QN3UY.jpg"}, "homeCity": "New York, NY", "lists": {"groups": [{"items": [], "count": 2, "type": "created"}]}}, {"tips": {"count": 1}, "contact": {"facebook": "1453930213"}, "firstName": "Nan", "gender": "male", "lastName": "Gyllenhaal", "id": "6176105", "bio": "", "photo": {"prefix": "https://igx.4sqi.net/img/user/", "suffix": "/EKTZN4SPCZJIKTAJ.jpg"}, "homeCity": "Singapore", "lists": {"groups": [{"items": [], "count": 2, "type": "created"}]}}, {"tips": {"count": 1}, "contact": {"facebook": "695541620"}, "firstName": "Dominic", "gender": "male", "lastName": "Seet", "id": "24145969", "bio": "", "photo": {"prefix": "https://igx.4sqi.net/img/user/", "suffix": "/GZ5SJFTJBQT2Z2SN.jpg"}, "homeCity": "New York", "lists": {"groups": [{"items": [], "count": 2, "type": "created"}]}}, {"tips": {"count": 0}, "contact": {"facebook": "100004328525320"}, "firstName": "Muhammad", "gender": "male", "lastName": "Syawal", "id": "53743576", "bio": "", "photo": {"prefix": "https://igx.4sqi.net/img/user/", "suffix": "/JC12O10SINK5P5LQ.jpg"}, "homeCity": "Singapore", "lists": {"groups": [{"items": [], "count": 2, "type": "created"}]}}, {"tips": {"count": 2}, "contact": {"twitter": "jonnyl3mon", "facebook": "528532030"}, "firstName": "Jonathan", "gender": "male", "lastName": "Lim", "id": "5365341", "bio": "", "photo": {"prefix": "https://igx.4sqi.net/img/user/", "suffix": "/SKPHBTBP4TCH0XVI.jpg"}, "homeCity": "Singapore", "lists": {"groups": [{"items": [], "count": 2, "type": "created"}]}}, {"tips": {"count": 2}, "contact": {"twitter": "wandererzz", "facebook": "549321161"}, "firstName": "Sky", "gender": "male", "lastName": "Sng", "id": "7247427", "bio": "", "photo": {"prefix": "https://igx.4sqi.net/img/user/", "suffix": "/7247427-1OOH5W1R2E2BFU5J.jpg"}, "homeCity": "Singapore", "lists": {"groups": [{"items": [], "count": 2, "type": "created"}]}}, {"tips": {"count": 6}, "contact": {"facebook": "691070732"}, "firstName": "Ong", "gender": "male", "lastName": "Chin chuan", "id": "5936972", "bio": "", "photo": {"prefix": "https://igx.4sqi.net/img/user/", "suffix": "/TBTIZEAYEUVWX0HQ.jpg"}, "homeCity": "Singapore", "lists": {"groups": [{"items": [], "count": 2, "type": "created"}]}}, {"tips": {"count": 0}, "contact": {"facebook": "532768781"}, "firstName": "Wilson", "gender": "male", "lastName": "Chew", "id": "18660515", "bio": "", "photo": {"prefix": "https://igx.4sqi.net/img/user/", "suffix": "/UCSWNUOPMNDGFUSL.jpg"}, "homeCity": "Singapore", "lists": {"groups": [{"items": [], "count": 2, "type": "created"}]}}], "count": 25}, "checksum": "58862acca2e73bce07a60a6c0731790c239c1355"}, "meta": {"requestId": "5966326b4434b96bc88544ed", "code": 200}}