{"notifications": [{"type": "notificationTray", "item": {"unreadCount": 0}}], "response": {"friends": {"items": [{"tips": {"count": 0}, "contact": {"twitter": "colleenphor", "facebook": "632371881"}, "firstName": "Colly", "gender": "female", "lastName": "phor", "id": "7210653", "bio": "", "photo": {"prefix": "https://igx.4sqi.net/img/user/", "suffix": "/TVNR1L1D3VR51G5O.jpg"}, "homeCity": "Singapore", "lists": {"groups": [{"items": [], "count": 2, "type": "created"}]}}, {"tips": {"count": 3}, "contact": {"facebook": "719140232"}, "firstName": "Louis", "gender": "male", "lastName": "Ong", "id": "3520969", "bio": "", "photo": {"prefix": "https://igx.4sqi.net/img/user/", "suffix": "/SHMRN0UJISXOYCWS.jpg"}, "homeCity": "Singapore", "lists": {"groups": [{"items": [], "count": 2, "type": "created"}]}}, {"tips": {"count": 0}, "contact": {"facebook": "100000577433349"}, "firstName": "Derrick", "gender": "male", "lastName": "RongguanG", "id": "6509760", "bio": "", "photo": {"prefix": "https://igx.4sqi.net/img/user/", "suffix": "/5AGJR3RX1S2QZOXK.jpg"}, "homeCity": "Singapore", "lists": {"groups": [{"items": [], "count": 2, "type": "created"}]}}, {"tips": {"count": 0}, "contact": {"twitter": "bennsayshiii", "facebook": "100001246473564"}, "firstName": "Benn", "gender": "male", "lastName": "Choo", "id": "4250527", "bio": "", "photo": {"prefix": "https://igx.4sqi.net/img/user/", "suffix": "/JNJPQJN3JNWLPAXG.jpg"}, "homeCity": "Singapore", "lists": {"groups": [{"items": [], "count": 2, "type": "created"}]}}, {"tips": {"count": 2}, "contact": {"twitter": "pipihapa123", "facebook": "675132972"}, "firstName": "Neo", "gender": "male", "lastName": "Chee hui", "id": "4269901", "bio": "", "photo": {"prefix": "https://igx.4sqi.net/img/user/", "suffix": "/JHADAEOKMAZCCV41.jpg"}, "homeCity": "Singapore", "lists": {"groups": [{"items": [], "count": 2, "type": "created"}]}}, {"tips": {"count": 4}, "contact": {"twitter": "sn0w_rainism", "facebook": "100006542524169"}, "firstName": "Wee", "gender": "male", "lastName": "Keat", "id": "5506064", "bio": "", "photo": {"prefix": "https://igx.4sqi.net/img/user/", "suffix": "/QP2YBJA1LRIOA54T.jpg"}, "homeCity": "Singapore", "lists": {"groups": [{"items": [], "count": 2, "type": "created"}]}}, {"tips": {"count": 5}, "contact": {"twitter": "dearestbenson", "facebook": "724648195"}, "firstName": "DearestBenson", "gender": "male", "id": "2799888", "bio": "", "photo": {"prefix": "https://igx.4sqi.net/img/user/", "suffix": "/5IIT0I0DLQRM3DRB.jpg"}, "homeCity": "Singapore", "lists": {"groups": [{"items": [], "count": 2, "type": "created"}]}}, {"tips": {"count": 1}, "contact": {"facebook": "745056423"}, "firstName": "Cornelius", "gender": "male", "lastName": "Asher", "id": "4570825", "bio": "", "photo": {"prefix": "https://igx.4sqi.net/img/user/", "suffix": "/KELUMTUQXYU32OFT.jpg"}, "homeCity": "Singapore", "lists": {"groups": [{"items": [], "count": 2, "type": "created"}]}}, {"tips": {"count": 10}, "contact": {"twitter": "xiaozhuzhu1988", "facebook": "608723691"}, "firstName": "Belinda", "gender": "female", "lastName": "Chew", "id": "458151", "bio": "27 yo female libran.", "photo": {"prefix": "https://igx.4sqi.net/img/user/", "suffix": "/458151-G4U5F4QGZGHERIQ5.jpg"}, "homeCity": "Singapore", "lists": {"groups": [{"items": [], "count": 6, "type": "created"}]}}, {"tips": {"count": 1}, "contact": {}, "firstName": "Nicky", "gender": "male", "lastName": "Sunshiine", "id": "4182772", "bio": "", "photo": {"prefix": "https://igx.4sqi.net/img/user/", "suffix": "/KR3B2LXSMSE3RKYL.jpg"}, "homeCity": "Singapore", "lists": {"groups": [{"items": [], "count": 2, "type": "created"}]}}, {"tips": {"count": 0}, "contact": {"twitter": "kerinlow", "facebook": "740163470"}, "firstName": "Kerin", "gender": "female", "lastName": "qianhui", "id": "2997160", "bio": "", "photo": {"prefix": "https://igx.4sqi.net/img/user/", "suffix": "/UHH3QQPGTO3MHI5U.jpg"}, "homeCity": "Singapore", "lists": {"groups": [{"items": [], "count": 2, "type": "created"}]}}, {"tips": {"count": 0}, "contact": {"twitter": "eneres88", "facebook": "575143243"}, "firstName": "Serene", "gender": "female", "lastName": "Chen", "id": "15007288", "bio": "", "photo": {"prefix": "https://igx.4sqi.net/img/user/", "suffix": "/WP1QL4ZQSSGZHH3B.jpg"}, "homeCity": "Singapore", "lists": {"groups": [{"items": [], "count": 2, "type": "created"}]}}, {"tips": {"count": 0}, "contact": {"twitter": "smellymelly3009", "facebook": "611441367"}, "firstName": "Melvin", "gender": "male", "lastName": "Wong", "id": "1056220", "bio": "", "photo": {"prefix": "https://igx.4sqi.net/img/user/", "suffix": "/I2IU0EV50BG5PPAO.jpg"}, "homeCity": "Yishun, Singapore", "lists": {"groups": [{"items": [], "count": 3, "type": "created"}]}}, {"tips": {"count": 0}, "contact": {"facebook": "707760799"}, "firstName": "Baoyi", "gender": "female", "lastName": "Wang", "id": "4206238", "bio": "", "photo": {"prefix": "https://igx.4sqi.net/img/user/", "suffix": "/4206238-E2O5FMROFANT0XYC.jpg"}, "homeCity": "Singapore", "lists": {"groups": [{"items": [], "count": 2, "type": "created"}]}}, {"tips": {"count": 1}, "contact": {"twitter": "canseekansie", "facebook": "631614881"}, "firstName": "Kansie", "gender": "female", "lastName": "Loo", "id": "891303", "bio": "", "photo": {"prefix": "https://igx.4sqi.net/img/user/", "suffix": "/891303-JGIJSHPAVJZSEMOD.jpg"}, "homeCity": "Ang Mo Kio, Singapore", "lists": {"groups": [{"items": [], "count": 2, "type": "created"}]}}, {"tips": {"count": 0}, "contact": {"twitter": "ahyinl", "facebook": "550792957"}, "firstName": "Esther", "gender": "female", "lastName": "Yin", "id": "3273584", "bio": "", "photo": {"prefix": "https://igx.4sqi.net/img/user/", "suffix": "/RXSKIPYMQOQU2VR2.jpg"}, "homeCity": "Singapore", "lists": {"groups": [{"items": [], "count": 2, "type": "created"}]}}, {"tips": {"count": 0}, "contact": {"facebook": "1168590831"}, "firstName": "Calvin", "gender": "male", "lastName": "Wong", "id": "4842849", "bio": "", "photo": {"prefix": "https://igx.4sqi.net/img/user/", "suffix": "/ZZMJQT2WUQWAZ2JY.jpg"}, "homeCity": "Singapore", "lists": {"groups": [{"items": [], "count": 2, "type": "created"}]}}, {"tips": {"count": 0}, "contact": {"facebook": "645511080"}, "firstName": "Lim", "gender": "female", "lastName": "Tsemin", "id": "10251999", "bio": "", "photo": {"prefix": "https://igx.4sqi.net/img/user/", "suffix": "/B4AKALEFWOKRR1UO.jpg"}, "homeCity": "Singapore", "lists": {"groups": [{"items": [], "count": 2, "type": "created"}]}}, {"tips": {"count": 0}, "contact": {"twitter": "mclynemcjorie", "facebook": "769568207"}, "firstName": "MclyneMcjorie", "gender": "female", "lastName": "Koh", "id": "7985381", "bio": "", "photo": {"prefix": "https://igx.4sqi.net/img/user/", "suffix": "/GEEUTRSFMZUHPD5V.jpg"}, "homeCity": "Singapore", "lists": {"groups": [{"items": [], "count": 2, "type": "created"}]}}, {"tips": {"count": 0}, "contact": {"twitter": "tingtingpanda", "facebook": "524899081"}, "firstName": "-ahTING", "gender": "female", "lastName": "\u5a77", "id": "4567711", "bio": "\u2764\ufe0f Instagram @TingTingPanda\nFriend list full.", "photo": {"prefix": "https://igx.4sqi.net/img/user/", "suffix": "/VCDRVPWJ51QPB25R.jpg"}, "homeCity": "Singapore", "lists": {"groups": [{"items": [], "count": 2, "type": "created"}]}}, {"tips": {"count": 0}, "contact": {"twitter": "angeltixg"}, "firstName": "Angel", "gender": "female", "lastName": "Ting", "id": "5508177", "bio": "I will never be the same.", "photo": {"prefix": "https://igx.4sqi.net/img/user/", "suffix": "/5508177-OSRNT31OUROLLVHZ.jpg"}, "homeCity": "Singapore", "lists": {"groups": [{"items": [], "count": 2, "type": "created"}]}}, {"tips": {"count": 0}, "contact": {"twitter": "raychero", "facebook": "530878216"}, "firstName": "Rachel", "gender": "female", "lastName": "Tan", "id": "5171598", "bio": "", "photo": {"prefix": "https://igx.4sqi.net/img/user/", "suffix": "/LY3P4AB1HL04RDD2.jpg"}, "homeCity": "Singapore", "lists": {"groups": [{"items": [], "count": 2, "type": "created"}]}}, {"tips": {"count": 35}, "contact": {}, "firstName": "Shane", "gender": "female", "lastName": "Goh", "id": "2494036", "bio": "", "photo": {"prefix": "https://igx.4sqi.net/img/user/", "suffix": "/BVTALZ5QI0443JFT.jpg"}, "homeCity": "Singapore", "lists": {"groups": [{"items": [], "count": 2, "type": "created"}]}}, {"tips": {"count": 2}, "contact": {"facebook": "604370983"}, "firstName": "Kitty", "gender": "female", "lastName": "Neu", "id": "5361152", "bio": "", "photo": {"prefix": "https://igx.4sqi.net/img/user/", "suffix": "/DZ1LYAXCUHRKRYQT.jpg"}, "homeCity": "Bangkok, Thailand", "lists": {"groups": [{"items": [], "count": 2, "type": "created"}]}}, {"tips": {"count": 37}, "contact": {"twitter": "junhuibrian", "facebook": "1082956175"}, "firstName": "Brian", "gender": "male", "id": "22423935", "bio": "", "photo": {"prefix": "https://igx.4sqi.net/img/user/", "suffix": "/5JHJD2V0UYDJNU33.jpg"}, "homeCity": "Singapore", "lists": {"groups": [{"items": [], "count": 4, "type": "created"}]}}, {"tips": {"count": 0}, "contact": {"twitter": "madelcyz", "facebook": "100000958144704"}, "firstName": "Madeline", "gender": "female", "lastName": "Chen", "id": "1558124", "bio": "", "photo": {"prefix": "https://igx.4sqi.net/img/user/", "suffix": "/DHKXZ4NXPOI5JY3B.jpg"}, "homeCity": "Singapore", "lists": {"groups": [{"items": [], "count": 2, "type": "created"}]}}, {"tips": {"count": 1}, "contact": {"twitter": "ecxh", "facebook": "614550783"}, "firstName": "Eva cheung", "gender": "female", "id": "10654907", "bio": "", "photo": {"prefix": "https://igx.4sqi.net/img/user/", "suffix": "/10654907-TVLP4J1KTCQQNRUZ.jpg"}, "homeCity": "Singapore", "lists": {"groups": [{"items": [], "count": 2, "type": "created"}]}}, {"tips": {"count": 6}, "contact": {"twitter": "shanellekaihui", "facebook": "684133722"}, "firstName": "shanelle.k", "gender": "female", "lastName": "\u2661", "id": "1270394", "bio": "", "photo": {"prefix": "https://igx.4sqi.net/img/user/", "suffix": "/1270394-U22R3YHVLUPCZ0P2.jpg"}, "homeCity": "Jurong West Street 75, Singapore", "lists": {"groups": [{"items": [], "count": 2, "type": "created"}]}}, {"tips": {"count": 1}, "contact": {"twitter": "celestaseah", "facebook": "551017473"}, "firstName": "Celesta", "gender": "female", "lastName": "Seah", "id": "3316018", "bio": "", "photo": {"prefix": "https://igx.4sqi.net/img/user/", "suffix": "/RSNLYDZLTUFKFT34.jpg"}, "homeCity": "Singapore", "lists": {"groups": [{"items": [], "count": 2, "type": "created"}]}}, {"tips": {"count": 0}, "contact": {"twitter": "nise_c", "facebook": "879495007"}, "firstName": "Denise", "gender": "female", "lastName": "Chee", "id": "4894823", "bio": "", "photo": {"prefix": "https://igx.4sqi.net/img/user/", "suffix": "/DIBU44ATJ1CN5SD0.jpg"}, "homeCity": "Singapore", "lists": {"groups": [{"items": [], "count": 2, "type": "created"}]}}, {"tips": {"count": 3}, "contact": {"facebook": "565763006"}, "firstName": "Jonathan", "gender": "male", "lastName": "Tan", "id": "10394929", "bio": "", "photo": {"prefix": "https://igx.4sqi.net/img/user/", "suffix": "/PDIGYBH0Z24USCPF.jpg"}, "homeCity": "Singapore", "lists": {"groups": [{"items": [], "count": 2, "type": "created"}]}}, {"tips": {"count": 0}, "contact": {"facebook": "595649342"}, "firstName": "Timothy", "gender": "male", "lastName": "Loveswimming", "id": "10293133", "bio": "", "photo": {"prefix": "https://igx.4sqi.net/img/user/", "suffix": "/SKYHCZZJPFCKRISD.jpg"}, "homeCity": "\uc11c\uc6b8\ud2b9\ubcc4\uc2dc, \ub300\ud55c\ubbfc\uad6d", "lists": {"groups": [{"items": [], "count": 2, "type": "created"}]}}, {"tips": {"count": 3}, "contact": {"twitter": "joslina89", "facebook": "653890674"}, "firstName": "joslina", "gender": "female", "lastName": "wan", "id": "5281917", "bio": "", "photo": {"prefix": "https://igx.4sqi.net/img/user/", "suffix": "/TNW14P04PFAK4K1Z.jpg"}, "homeCity": "Singapore", "lists": {"groups": [{"items": [], "count": 2, "type": "created"}]}}, {"tips": {"count": 0}, "contact": {"twitter": "ashshahiid", "facebook": "750269427"}, "firstName": "Ash", "gender": "male", "lastName": "Shahid", "id": "5695038", "bio": "", "photo": {"prefix": "https://igx.4sqi.net/img/user/", "suffix": "/Q5GERKL2QVN1K2OZ.jpg"}, "homeCity": "Singapore", "lists": {"groups": [{"items": [], "count": 2, "type": "created"}]}}, {"tips": {"count": 1}, "contact": {"facebook": "1619558982"}, "firstName": "Daniel", "gender": "male", "lastName": "Liu", "id": "5708807", "bio": "", "photo": {"prefix": "https://igx.4sqi.net/img/user/", "suffix": "/Z4Z3FORQCHGU0422.jpg"}, "homeCity": "Singapore", "lists": {"groups": [{"items": [], "count": 2, "type": "created"}]}}, {"tips": {"count": 0}, "contact": {"twitter": "dreamz89", "facebook": "543255933"}, "firstName": "Eleen", "gender": "none", "id": "3939320", "bio": "", "photo": {"prefix": "https://igx.4sqi.net/img/user/", "suffix": "/2DZWCJNPKUTNZDZN.jpg"}, "homeCity": "Singapore", "lists": {"groups": [{"items": [], "count": 2, "type": "created"}]}}, {"tips": {"count": 0}, "contact": {"twitter": "chaoticbusher", "facebook": "584792997"}, "firstName": "Jeremy", "gender": "male", "lastName": "Hui", "id": "7602042", "bio": "", "photo": {"prefix": "https://igx.4sqi.net/img/user/", "suffix": "/JPWFWJH1BD2ZOQQB.jpg"}, "homeCity": "Singapore", "lists": {"groups": [{"items": [], "count": 2, "type": "created"}]}}, {"tips": {"count": 9}, "contact": {"twitter": "slpingkangaroo", "facebook": "1364612275"}, "firstName": "Jeremy", "gender": "male", "lastName": "IsAlwaysWaiting", "id": "4706660", "bio": "", "photo": {"prefix": "https://igx.4sqi.net/img/user/", "suffix": "/4D2SP5YSJO14KHOX.jpg"}, "homeCity": "Woodland, SG", "lists": {"groups": [{"items": [], "count": 5, "type": "created"}]}}, {"tips": {"count": 1}, "contact": {"twitter": "shamemories", "facebook": "100000170633917"}, "firstName": "sha", "gender": "female", "lastName": "memories", "id": "1662576", "bio": "Expectation is the root to all heartache.\r\nFollow me at instagram@shamemories\r\nFollow me at twitter: Http://twitter.com/Shathememories  (:", "photo": {"prefix": "https://igx.4sqi.net/img/user/", "suffix": "/1662576-GFBO5ZPCEDWRXVVO.jpg"}, "homeCity": "Sengkang, Singapore", "lists": {"groups": [{"items": [], "count": 2, "type": "created"}]}}, {"tips": {"count": 1}, "contact": {"twitter": "superrladyy", "facebook": "672347775"}, "firstName": "Giovanna", "gender": "female", "lastName": "Lim", "id": "3883182", "bio": "", "photo": {"prefix": "https://igx.4sqi.net/img/user/", "suffix": "/HYOAETAEH4JVNH53.jpg"}, "homeCity": "Singapore", "lists": {"groups": [{"items": [], "count": 2, "type": "created"}]}}, {"tips": {"count": 0}, "contact": {"facebook": "1031629153"}, "firstName": "Lin zhirong", "gender": "male", "lastName": "Ronald", "id": "5204636", "bio": "", "photo": {"prefix": "https://igx.4sqi.net/img/user/", "suffix": "/MYEEYGECQITF14II.jpg"}, "homeCity": "Singapore", "lists": {"groups": [{"items": [], "count": 2, "type": "created"}]}}, {"tips": {"count": 0}, "contact": {"facebook": "691300419"}, "firstName": "Dave", "gender": "male", "lastName": "Jeow", "id": "11718240", "bio": "", "photo": {"prefix": "https://igx.4sqi.net/img/user/", "suffix": "/X1FHJCW1YNFOQXGF.jpg"}, "homeCity": "Singapore", "lists": {"groups": [{"items": [], "count": 3, "type": "created"}]}}, {"tips": {"count": 0}, "contact": {}, "firstName": "Yeo", "gender": "female", "lastName": "Mx", "id": "17884194", "bio": "", "photo": {"prefix": "https://igx.4sqi.net/img/user/", "suffix": "/JTTXCA5Y3X0QVUDZ.jpg"}, "homeCity": "Singapore", "lists": {"groups": [{"items": [], "count": 2, "type": "created"}]}}, {"tips": {"count": 0}, "contact": {}, "firstName": "Vivien", "gender": "female", "lastName": "Yuan", "id": "7862706", "bio": "", "photo": {"prefix": "https://igx.4sqi.net/img/user/", "suffix": "/XP5NHFWEL54MTQS2.jpg"}, "homeCity": "Singapore", "lists": {"groups": [{"items": [], "count": 2, "type": "created"}]}}, {"tips": {"count": 0}, "contact": {}, "firstName": "Clarice", "gender": "female", "lastName": "Neo", "id": "8444025", "bio": "", "photo": {"prefix": "https://igx.4sqi.net/img/user/", "suffix": "/PBYVBK0U4ZWCPBBI.jpg"}, "homeCity": "Singapore", "lists": {"groups": [{"items": [], "count": 2, "type": "created"}]}}, {"tips": {"count": 1}, "contact": {"twitter": "vampyrem", "facebook": "1118834567"}, "firstName": "Maggie", "gender": "female", "lastName": "VAMPyre", "id": "3945432", "bio": "", "photo": {"prefix": "https://igx.4sqi.net/img/user/", "suffix": "/MDNKB3HZ1UXMKTPD.jpg"}, "homeCity": "Singapore", "lists": {"groups": [{"items": [], "count": 2, "type": "created"}]}}, {"tips": {"count": 0}, "contact": {"twitter": "titotowpich", "facebook": "739673508"}, "firstName": "Tiara", "gender": "female", "lastName": "Towpich", "id": "2024294", "bio": "", "photo": {"prefix": "https://igx.4sqi.net/img/user/", "suffix": "/P2TOBLPU0HT1WZC0.jpg"}, "homeCity": "Singapore", "lists": {"groups": [{"items": [], "count": 2, "type": "created"}]}}, {"tips": {"count": 2}, "contact": {"twitter": "yunxuans", "facebook": "730943098"}, "firstName": "Yunxuan", "gender": "female", "lastName": "Liu", "id": "3885074", "bio": "", "photo": {"prefix": "https://igx.4sqi.net/img/user/", "suffix": "/LZH2DVFPLQPXUOCH.jpg"}, "homeCity": "singapore", "lists": {"groups": [{"items": [], "count": 2, "type": "created"}]}}, {"tips": {"count": 0}, "contact": {"facebook": "1721363680"}, "firstName": "Yuan Xun", "gender": "male", "lastName": "Wong", "id": "6212569", "bio": "", "photo": {"prefix": "https://igx.4sqi.net/img/user/", "suffix": "/0GK1YBA1HCRL5UWZ.jpg"}, "homeCity": "Singapore", "lists": {"groups": [{"items": [], "count": 2, "type": "created"}]}}, {"tips": {"count": 0}, "contact": {"twitter": "dionneloh", "facebook": "573967104"}, "firstName": "Dionne", "gender": "female", "id": "8149426", "bio": "", "photo": {"prefix": "https://igx.4sqi.net/img/user/", "suffix": "/8149426-5F0GEVX2TDDFND2C.jpg"}, "homeCity": "Singapore", "lists": {"groups": [{"items": [], "count": 2, "type": "created"}]}}, {"tips": {"count": 0}, "contact": {}, "firstName": "Evonne", "gender": "female", "lastName": "Goh", "id": "4512471", "bio": "", "photo": {"prefix": "https://igx.4sqi.net/img/user/", "suffix": "/BU4UKVTG1POXU3JW.jpg"}, "homeCity": "Singapore", "lists": {"groups": [{"items": [], "count": 2, "type": "created"}]}}, {"tips": {"count": 2}, "contact": {"facebook": "521250063"}, "firstName": "daryl", "gender": "male", "lastName": "tan", "id": "2782092", "bio": "", "photo": {"prefix": "https://igx.4sqi.net/img/user/", "suffix": "/YLLHM4KK3OVWJK33.jpg"}, "homeCity": "Singapore", "lists": {"groups": [{"items": [], "count": 2, "type": "created"}]}}, {"tips": {"count": 2}, "contact": {"twitter": "ttriciatham", "facebook": "549070815"}, "firstName": "Tricia", "gender": "female", "lastName": "Tham", "id": "5523797", "bio": "", "photo": {"prefix": "https://igx.4sqi.net/img/user/", "suffix": "/TXZLBNHLXP4HLC3H.jpg"}, "homeCity": "Singapore", "lists": {"groups": [{"items": [], "count": 2, "type": "created"}]}}, {"tips": {"count": 1}, "contact": {"twitter": "jandance02", "facebook": "530100575"}, "firstName": "Janice", "gender": "female", "lastName": "Cheung", "id": "6445272", "bio": "", "photo": {"prefix": "https://igx.4sqi.net/img/user/", "suffix": "/LBY5U5YIELGNUD1B.jpg"}, "homeCity": "Singapore", "lists": {"groups": [{"items": [], "count": 2, "type": "created"}]}}, {"tips": {"count": 0}, "contact": {"facebook": "714454566"}, "firstName": "TherRee", "gender": "female", "lastName": "JustNeedYou.", "id": "10146219", "bio": "", "photo": {"prefix": "https://igx.4sqi.net/img/user/", "suffix": "/10146219-5CUJBO0KSCVQS45Q.jpg"}, "homeCity": "Singapore", "lists": {"groups": [{"items": [], "count": 5, "type": "created"}]}}, {"tips": {"count": 0}, "contact": {"twitter": "merbelleizer", "facebook": "1619684014"}, "firstName": "Maybelle.T", "gender": "female", "id": "5384703", "bio": "", "photo": {"prefix": "https://igx.4sqi.net/img/user/", "suffix": "/HWIW3CMAJYPMSYND.jpg"}, "homeCity": "Singapore", "lists": {"groups": [{"items": [], "count": 2, "type": "created"}]}}, {"tips": {"count": 2}, "contact": {"facebook": "629305657"}, "firstName": "Gary", "gender": "male", "lastName": "Tan", "id": "2974232", "bio": "", "photo": {"prefix": "https://igx.4sqi.net/img/user/", "suffix": "/3S52O5LZQU5GMBNK.jpg"}, "homeCity": "Singapore", "lists": {"groups": [{"items": [], "count": 2, "type": "created"}]}}, {"tips": {"count": 3}, "contact": {"twitter": "lovelydolly_", "facebook": "544956446"}, "firstName": "nicole", "gender": "female", "lastName": "chua", "id": "5876819", "bio": "", "photo": {"prefix": "https://igx.4sqi.net/img/user/", "suffix": "/5876819-J3OHNOGGENEGQVXD.jpg"}, "homeCity": "Singapore", "lists": {"groups": [{"items": [], "count": 2, "type": "created"}]}}, {"tips": {"count": 1}, "contact": {"twitter": "boboc0p", "facebook": "834460526"}, "firstName": "Leonard", "gender": "male", "lastName": "Lim", "id": "6949863", "bio": "", "photo": {"prefix": "https://igx.4sqi.net/img/user/", "suffix": "/34AEIIORPVO2NIAZ.jpg"}, "homeCity": "Singapore", "lists": {"groups": [{"items": [], "count": 2, "type": "created"}]}}, {"tips": {"count": 0}, "contact": {"twitter": "singaholicc", "facebook": "533170247"}, "firstName": "Genevieve", "gender": "female", "lastName": "Tan", "id": "8255891", "bio": "", "photo": {"prefix": "https://igx.4sqi.net/img/user/", "suffix": "/OHTKY142BUJ2UMW2.jpg"}, "homeCity": "Singapore", "lists": {"groups": [{"items": [], "count": 2, "type": "created"}]}}, {"tips": {"count": 0}, "contact": {}, "firstName": "Benn", "gender": "male", "lastName": "Choo", "id": "3106712", "bio": "", "photo": {"prefix": "https://igx.4sqi.net/img/user/", "suffix": "/15VQQHRKAV0EA2OD.jpg"}, "homeCity": "Singapore", "lists": {"groups": [{"items": [], "count": 2, "type": "created"}]}}, {"tips": {"count": 0}, "contact": {"twitter": "melodybek", "facebook": "663353088"}, "firstName": "Melody", "gender": "female", "lastName": "Bek", "id": "9977320", "bio": "", "photo": {"prefix": "https://igx.4sqi.net/img/user/", "suffix": "/VZMOY4TMYID1M0IV.jpg"}, "homeCity": "Singapore", "lists": {"groups": [{"items": [], "count": 2, "type": "created"}]}}, {"tips": {"count": 0}, "contact": {"twitter": "claretan_ikhua", "facebook": "1556928491"}, "firstName": "Clare", "gender": "female", "lastName": "FrenchFries", "id": "9765075", "bio": "", "photo": {"prefix": "https://igx.4sqi.net/img/user/", "suffix": "/blank_girl.png", "default": true}, "homeCity": "Singapore", "lists": {"groups": [{"items": [], "count": 2, "type": "created"}]}}, {"tips": {"count": 0}, "contact": {"facebook": "731498156"}, "firstName": "Chng", "gender": "male", "lastName": "RI hao", "id": "3198031", "bio": "", "photo": {"prefix": "https://igx.4sqi.net/img/user/", "suffix": "/QU0DWOTEL0ZB1M5M.jpg"}, "homeCity": "bishan", "lists": {"groups": [{"items": [], "count": 2, "type": "created"}]}}, {"tips": {"count": 0}, "contact": {"facebook": "598277861"}, "firstName": "Joie", "gender": "female", "lastName": "Lim", "id": "12338414", "bio": "", "photo": {"prefix": "https://igx.4sqi.net/img/user/", "suffix": "/1ZZ3XEML3X0G5I24.jpg"}, "homeCity": "Singapore", "lists": {"groups": [{"items": [], "count": 2, "type": "created"}]}}, {"tips": {"count": 4}, "contact": {"twitter": "ahbenjee", "facebook": "567927758"}, "firstName": "Benjamin", "gender": "male", "lastName": "He", "id": "3241263", "bio": "", "photo": {"prefix": "https://igx.4sqi.net/img/user/", "suffix": "/SDW1NB1JLFF3TNK1.jpg"}, "homeCity": "Singapore", "lists": {"groups": [{"items": [], "count": 2, "type": "created"}]}}, {"tips": {"count": 0}, "contact": {}, "firstName": "Acit", "gender": "female", "lastName": "IQaa", "id": "12382810", "bio": "", "photo": {"prefix": "https://igx.4sqi.net/img/user/", "suffix": "/K41DN2URCUPR014O.jpg"}, "homeCity": "Singapore", "lists": {"groups": [{"items": [], "count": 2, "type": "created"}]}}, {"tips": {"count": 0}, "contact": {"facebook": "640550947"}, "firstName": "Jinyu", "gender": "male", "lastName": "Daniel", "id": "3252223", "bio": "", "photo": {"prefix": "https://igx.4sqi.net/img/user/", "suffix": "/GWNGYXRHSSGINNXA.jpg"}, "homeCity": "Singapore", "lists": {"groups": [{"items": [], "count": 2, "type": "created"}]}}, {"tips": {"count": 0}, "contact": {"twitter": "getmesmerised"}, "firstName": "Shermaine", "gender": "female", "id": "18788825", "bio": "", "photo": {"prefix": "https://igx.4sqi.net/img/user/", "suffix": "/18788825-SNKYQQMF1XAHF4UD.jpg"}, "homeCity": "Singapore", "lists": {"groups": [{"items": [], "count": 2, "type": "created"}]}}, {"tips": {"count": 0}, "contact": {"facebook": "673983870"}, "firstName": "Joanne", "gender": "female", "lastName": "Hui yi", "id": "7316973", "bio": "", "photo": {"prefix": "https://igx.4sqi.net/img/user/", "suffix": "/MK4HCEXQMKPGITEV.jpg"}, "homeCity": "Singapore", "lists": {"groups": [{"items": [], "count": 2, "type": "created"}]}}], "count": 70}, "checksum": "8a8a965bd3e18090ee30cd0fa6a69225cd8fd33d"}, "meta": {"requestId": "5965c0ad6a60711439c60a5b", "code": 200}}