{"notifications": [{"type": "notificationTray", "item": {"unreadCount": 0}}], "response": {"friends": {"items": [{"tips": {"count": 0}, "contact": {"twitter": "jordan1um", "facebook": "1333608033"}, "firstName": "Alvin", "gender": "male", "lastName": "Jordan", "id": "20309266", "bio": "", "photo": {"prefix": "https://igx.4sqi.net/img/user/", "suffix": "/5YSORHMIDLM05MGB.jpg"}, "homeCity": "Metropolitan Manila", "lists": {"groups": [{"items": [], "count": 2, "type": "created"}]}}, {"tips": {"count": 2}, "contact": {"facebook": "1683260150"}, "firstName": "Kim", "gender": "female", "lastName": "Bangui", "id": "11578094", "bio": "", "photo": {"prefix": "https://igx.4sqi.net/img/user/", "suffix": "/DUJVRGMMVZJ2AY5B.jpg"}, "homeCity": "Quezon City, Philippines", "lists": {"groups": [{"items": [], "count": 2, "type": "created"}]}}, {"tips": {"count": 1}, "contact": {"facebook": "1311419209"}, "firstName": "dj jhon", "gender": "male", "id": "34755605", "bio": "", "photo": {"prefix": "https://igx.4sqi.net/img/user/", "suffix": "/3UWSJI2JBDCJKQR4.jpg"}, "homeCity": "Pasig city", "lists": {"groups": [{"items": [], "count": 2, "type": "created"}]}}, {"tips": {"count": 10}, "contact": {"twitter": "ickolicious", "facebook": "1349236117"}, "firstName": "icko", "gender": "male", "lastName": "torralba", "id": "4336026", "bio": "", "photo": {"prefix": "https://igx.4sqi.net/img/user/", "suffix": "/QHCW2WNZJTFTVKYX.jpg"}, "homeCity": "Manila, Philippines", "lists": {"groups": [{"items": [], "count": 2, "type": "created"}]}}, {"tips": {"count": 2}, "contact": {"twitter": "royalmocha", "facebook": "633271730"}, "firstName": "Dyan", "gender": "female", "lastName": "Manuel", "id": "6771231", "bio": "", "photo": {"prefix": "https://igx.4sqi.net/img/user/", "suffix": "/WSCCITYCHHJHHIZG.jpg"}, "homeCity": "Manila, Philippines", "lists": {"groups": [{"items": [], "count": 2, "type": "created"}]}}, {"tips": {"count": 1}, "contact": {"facebook": "700271539"}, "firstName": "Ray", "gender": "male", "lastName": "Evangelista", "id": "35894528", "bio": "Souldier", "photo": {"prefix": "https://igx.4sqi.net/img/user/", "suffix": "/JBHJJFBCEJ3XLSOG.jpg"}, "homeCity": "Old Sta. Mesa Manila", "lists": {"groups": [{"items": [], "count": 2, "type": "created"}]}}, {"tips": {"count": 1}, "contact": {"twitter": "jaceypowers", "facebook": "728448261"}, "firstName": "Jason", "gender": "male", "lastName": "Sy", "id": "26065473", "bio": "I used to be a poet, now I'm a tech head. Software specialist and crack addict.", "photo": {"prefix": "https://igx.4sqi.net/img/user/", "suffix": "/2G0TNUS3U2LDL3ZH.jpg"}, "homeCity": "Metropolitan Manila", "lists": {"groups": [{"items": [], "count": 2, "type": "created"}]}}, {"tips": {"count": 9}, "contact": {"twitter": "mo2rock", "facebook": "503965042"}, "firstName": "Michael", "gender": "male", "lastName": "Ona", "id": "4862834", "bio": "", "photo": {"prefix": "https://igx.4sqi.net/img/user/", "suffix": "/GPYQTPRDWLSEWUDU.jpg"}, "homeCity": "Teaneck, NJ", "lists": {"groups": [{"items": [], "count": 2, "type": "created"}]}}, {"tips": {"count": 14}, "contact": {"twitter": "gnetm12"}, "firstName": "Jeanette", "gender": "female", "id": "8003573", "bio": "", "photo": {"prefix": "https://igx.4sqi.net/img/user/", "suffix": "/J4ECQBCZQTXOQQ1I.jpg"}, "homeCity": "Pasig City, Philippines", "lists": {"groups": [{"items": [], "count": 2, "type": "created"}]}}, {"tips": {"count": 0}, "contact": {"facebook": "753024807"}, "firstName": "Myk", "gender": "male", "lastName": "Escalante", "id": "16163792", "bio": "", "photo": {"prefix": "https://igx.4sqi.net/img/user/", "suffix": "/OKDZG5DH2NOFKQVT.jpg"}, "homeCity": "Makati City, Philippines", "lists": {"groups": [{"items": [], "count": 2, "type": "created"}]}}, {"tips": {"count": 6}, "contact": {"twitter": "bbbackribz", "facebook": "559273748"}, "firstName": "Alex", "gender": "male", "lastName": "Barretto", "id": "5477377", "bio": "", "photo": {"prefix": "https://igx.4sqi.net/img/user/", "suffix": "/5477377-TIREY2Y3UQQIK4CS.jpg"}, "homeCity": "NCR, Philippines", "lists": {"groups": [{"items": [], "count": 2, "type": "created"}]}}, {"tips": {"count": 33}, "contact": {"twitter": "ktgnzls", "facebook": "717676012"}, "firstName": "KT", "gender": "female", "lastName": "Gonzales", "id": "3354411", "bio": "Breaking the rules of beautiful \ud83e\udd84", "photo": {"prefix": "https://igx.4sqi.net/img/user/", "suffix": "/3354411_hR5V91TG_PGD4thjIEVlW6R2FEQazoMtToWZX1KXmK3X3c4IeQglMvKTlf5bwjrVnCcbAhwJv.jpg"}, "homeCity": "Dubai, UAE", "lists": {"groups": [{"items": [], "count": 5, "type": "created"}]}}, {"tips": {"count": 2}, "contact": {"twitter": "juni_caro", "facebook": "1466716521"}, "firstName": "juni", "gender": "male", "lastName": "caro", "id": "8238812", "bio": "", "photo": {"prefix": "https://igx.4sqi.net/img/user/", "suffix": "/0S0434TRA1SA2M5I.jpg"}, "homeCity": "Philippines", "lists": {"groups": [{"items": [], "count": 2, "type": "created"}]}}, {"tips": {"count": 4}, "contact": {"twitter": "qdieu", "facebook": "100002092440033"}, "firstName": "Quennie", "gender": "female", "lastName": "Garcia", "id": "14581711", "bio": "", "photo": {"prefix": "https://igx.4sqi.net/img/user/", "suffix": "/14581711-CTNWT1K14RUBI3PF.jpg"}, "homeCity": "Cainta, Philippines", "lists": {"groups": [{"items": [], "count": 2, "type": "created"}]}}, {"tips": {"count": 13}, "contact": {"twitter": "superricko", "facebook": "100003343626797"}, "firstName": "SuperRicko", "gender": "male", "id": "5362278", "bio": "", "photo": {"prefix": "https://igx.4sqi.net/img/user/", "suffix": "/5362278-RKAYAN142IMQCRAY.jpg"}, "homeCity": "Pasig City, Philippines", "lists": {"groups": [{"items": [], "count": 5, "type": "created"}]}}, {"tips": {"count": 62}, "contact": {}, "firstName": "T.", "gender": "none", "id": "3131559", "bio": "", "photo": {"prefix": "https://igx.4sqi.net/img/user/", "suffix": "/2NESLK4J3S22QOYN.jpg"}, "homeCity": "+63superpilipinas", "lists": {"groups": [{"items": [], "count": 2, "type": "created"}]}}, {"tips": {"count": 0}, "contact": {"facebook": "100000009388626"}, "firstName": "Bernice", "gender": "female", "lastName": "Derige", "id": "14204645", "bio": "", "photo": {"prefix": "https://igx.4sqi.net/img/user/", "suffix": "/J1BVBPJN04KUGTH4.jpg"}, "homeCity": "Pasig City, Philippines", "lists": {"groups": [{"items": [], "count": 2, "type": "created"}]}}, {"tips": {"count": 0}, "contact": {"facebook": "602582921"}, "firstName": "Anna", "gender": "female", "lastName": "Briones", "id": "3545132", "bio": "", "photo": {"prefix": "https://igx.4sqi.net/img/user/", "suffix": "/GZFVUDMMNSGLYFVC.jpg"}, "homeCity": "As Seeb, Oman", "lists": {"groups": [{"items": [], "count": 2, "type": "created"}]}}, {"tips": {"count": 1}, "contact": {"twitter": "lj_fajardo", "facebook": "1013458957"}, "firstName": "LJ", "gender": "female", "lastName": "Fajardo", "id": "15379870", "bio": "", "photo": {"prefix": "https://igx.4sqi.net/img/user/", "suffix": "/15379870-Q2BAOZ1ZDRR40CR5.jpg"}, "homeCity": "NY", "lists": {"groups": [{"items": [], "count": 4, "type": "created"}]}}, {"tips": {"count": 0}, "contact": {"twitter": "pamvillanueva", "facebook": "547648366"}, "firstName": "Pam", "gender": "female", "lastName": "Villanueva", "id": "2168870", "bio": "", "photo": {"prefix": "https://igx.4sqi.net/img/user/", "suffix": "/QHXOLMFJSGHLODAQ.jpg"}, "homeCity": "Pasig City, Philippines", "lists": {"groups": [{"items": [], "count": 2, "type": "created"}]}}, {"tips": {"count": 5}, "contact": {"facebook": "695014149"}, "firstName": "Monica", "gender": "female", "lastName": "Mendoza", "id": "2685235", "bio": "", "photo": {"prefix": "https://igx.4sqi.net/img/user/", "suffix": "/AF241PSS4KOBQUPN.jpg"}, "homeCity": "Pasig City, Philippines", "lists": {"groups": [{"items": [], "count": 2, "type": "created"}]}}, {"tips": {"count": 20}, "contact": {"twitter": "rhei_03", "facebook": "10203287194319362"}, "firstName": "Reilynn", "gender": "female", "lastName": "Taborda", "id": "41717867", "bio": "", "photo": {"prefix": "https://igx.4sqi.net/img/user/", "suffix": "/41717867-ONS3Z22YDYTO1VQL.jpg"}, "homeCity": "Valenzuela City", "lists": {"groups": [{"items": [], "count": 2, "type": "created"}]}}, {"tips": {"count": 18}, "contact": {"twitter": "jaydiegelilang", "facebook": "1037660504"}, "firstName": "Jaydie", "gender": "female", "lastName": "Gelilang", "id": "22291464", "bio": "A natural extrovert.", "photo": {"prefix": "https://igx.4sqi.net/img/user/", "suffix": "/22291464-C4N5FY4GMXTEHHER.jpg"}, "homeCity": "Pasig", "lists": {"groups": [{"items": [], "count": 2, "type": "created"}]}}, {"tips": {"count": 0}, "contact": {"twitter": "guess_marco", "facebook": "100000213879436"}, "firstName": "Guess", "gender": "male", "lastName": "Marco", "id": "61654101", "bio": "", "photo": {"prefix": "https://igx.4sqi.net/img/user/", "suffix": "/blank_boy.png", "default": true}, "homeCity": "Marikina City, NCR", "lists": {"groups": [{"items": [], "count": 2, "type": "created"}]}}, {"tips": {"count": 0}, "contact": {"facebook": "1113798793"}, "firstName": "Sarah", "gender": "female", "lastName": "Cruz", "id": "11608063", "bio": "", "photo": {"prefix": "https://igx.4sqi.net/img/user/", "suffix": "/KUORI2NCO4RQJNID.jpg"}, "homeCity": "Cainta rizal, Philippines", "lists": {"groups": [{"items": [], "count": 2, "type": "created"}]}}, {"tips": {"count": 0}, "contact": {"facebook": "1211870450"}, "firstName": "Pam", "gender": "female", "lastName": "Mabagos", "id": "52936643", "bio": "", "photo": {"prefix": "https://igx.4sqi.net/img/user/", "suffix": "/FJJM5TAC3NHCZKUQ.jpg"}, "homeCity": "Quezon City, F2", "lists": {"groups": [{"items": [], "count": 2, "type": "created"}]}}, {"tips": {"count": 7}, "contact": {"twitter": "signorina_candy", "facebook": "1301864720"}, "firstName": "Candy", "gender": "female", "lastName": "Reyes", "id": "6181531", "bio": "", "photo": {"prefix": "https://igx.4sqi.net/img/user/", "suffix": "/33CUADW2PMJHGNDT.jpg"}, "homeCity": "Makati City, Philippines", "lists": {"groups": [{"items": [], "count": 2, "type": "created"}]}}, {"tips": {"count": 1}, "contact": {"facebook": "650683656"}, "firstName": "Faith", "gender": "female", "lastName": "Manguiat", "id": "11704816", "bio": "", "photo": {"prefix": "https://igx.4sqi.net/img/user/", "suffix": "/GR01RISVFCKKE440.jpg"}, "homeCity": "Mandaluyong City, Philippines", "lists": {"groups": [{"items": [], "count": 2, "type": "created"}]}}, {"tips": {"count": 3}, "contact": {"twitter": "onlylookatbetsy", "facebook": "634821182"}, "firstName": "Betsy", "gender": "female", "lastName": "Dela Cruz", "id": "35976807", "bio": "Azkals fan. KPop Fangirl.", "photo": {"prefix": "https://igx.4sqi.net/img/user/", "suffix": "/35976807-1JVKG40AZCO4THWP.jpg"}, "homeCity": "Metropolitan Manila", "lists": {"groups": [{"items": [], "count": 3, "type": "created"}]}}, {"tips": {"count": 12}, "contact": {"twitter": "daravashtine", "facebook": "100004114533816"}, "firstName": "Vashtine", "gender": "female", "lastName": "Ella", "id": "17965514", "bio": "Chasing Life", "photo": {"prefix": "https://igx.4sqi.net/img/user/", "suffix": "/17965514-VZMOX0UOSPS3YRGP.jpg"}, "homeCity": "Pasig City, Philippines", "lists": {"groups": [{"items": [], "count": 2, "type": "created"}]}}, {"tips": {"count": 2}, "contact": {"twitter": "prodigystyro", "facebook": "1337059930"}, "firstName": "Jeff", "gender": "male", "lastName": "Canales", "id": "8139232", "bio": "", "photo": {"prefix": "https://igx.4sqi.net/img/user/", "suffix": "/LIFQKL1EK50BYGOH.jpg"}, "homeCity": "Manila, Philippines", "lists": {"groups": [{"items": [], "count": 2, "type": "created"}]}}, {"tips": {"count": 0}, "contact": {"facebook": "617519825"}, "firstName": "Yvonne", "gender": "female", "lastName": "Malala", "id": "19449904", "bio": "", "photo": {"prefix": "https://igx.4sqi.net/img/user/", "suffix": "/INCGIMGUIAG32ZFI.jpg"}, "homeCity": "Quezon City, Philippines", "lists": {"groups": [{"items": [], "count": 2, "type": "created"}]}}, {"tips": {"count": 1}, "contact": {"twitter": "yna_nutshell"}, "firstName": "Yna DP", "gender": "female", "lastName": "\u262e", "id": "5550133", "bio": "Happy Mom! \ud83d\udc96", "photo": {"prefix": "https://igx.4sqi.net/img/user/", "suffix": "/5550133_RZeMyIxV_CnmIwaGGg6LHs9DmENhUdaKf1BBbt3tasv2Wbym839FswAyQgLvMez6u8fye4OFG.jpg"}, "homeCity": "Philippines", "lists": {"groups": [{"items": [], "count": 2, "type": "created"}]}}, {"tips": {"count": 0}, "contact": {"twitter": "akosijeje83", "facebook": "100000450844005"}, "firstName": "Je", "gender": "male", "id": "13957527", "bio": "Twitter ItsMeJePH83", "photo": {"prefix": "https://igx.4sqi.net/img/user/", "suffix": "/13957527-K41IBLWKTI1JBBWR.jpg"}, "homeCity": "Mandaluyong City, Philippines", "lists": {"groups": [{"items": [], "count": 3, "type": "created"}]}}, {"tips": {"count": 2}, "contact": {"facebook": "1701349338"}, "firstName": "Gelo", "gender": "male", "lastName": "Victorino", "id": "8371419", "bio": "", "photo": {"prefix": "https://igx.4sqi.net/img/user/", "suffix": "/K0OXZUGFWBY0GFCD.jpg"}, "homeCity": "Philippines", "lists": {"groups": [{"items": [], "count": 2, "type": "created"}]}}, {"tips": {"count": 0}, "contact": {"facebook": "100001006987880"}, "firstName": "Debbie", "gender": "female", "lastName": "Grafil", "id": "89029406", "bio": "", "photo": {"prefix": "https://igx.4sqi.net/img/user/", "suffix": "/89029406-ONPJOI3303OQBA4E.jpg"}, "homeCity": "Pasig, NCR", "lists": {"groups": [{"items": [], "count": 2, "type": "created"}]}}, {"tips": {"count": 3}, "contact": {"facebook": "664609500"}, "firstName": "Jasmine", "gender": "female", "lastName": "Dela Cruz", "id": "13270504", "bio": "", "photo": {"prefix": "https://igx.4sqi.net/img/user/", "suffix": "/SAB1Q0ULNSSIRZDX.jpg"}, "homeCity": "Mandaluyong City, Philippines", "lists": {"groups": [{"items": [], "count": 3, "type": "created"}]}}, {"tips": {"count": 2}, "contact": {"twitter": "shecalais", "facebook": "1795758363"}, "firstName": "Sheryl Anne", "gender": "female", "lastName": "Calais", "id": "9634110", "bio": "", "photo": {"prefix": "https://igx.4sqi.net/img/user/", "suffix": "/9634110-RJ50RPL3PCQT5VEI.jpg"}, "homeCity": "Antipolo, Rizal", "lists": {"groups": [{"items": [], "count": 2, "type": "created"}]}}, {"tips": {"count": 0}, "contact": {"facebook": "1324414985"}, "firstName": "Joel", "gender": "male", "lastName": "Arbiter", "id": "74186262", "bio": "", "photo": {"prefix": "https://igx.4sqi.net/img/user/", "suffix": "/74186262-ZM2N5UN4QNY5PLH1.jpg"}, "homeCity": "Quezon City, Philippines", "lists": {"groups": [{"items": [], "count": 2, "type": "created"}]}}, {"tips": {"count": 2}, "contact": {"facebook": "577319330"}, "firstName": "buona", "gender": "female", "lastName": "lacaba", "id": "4717190", "bio": "", "photo": {"prefix": "https://igx.4sqi.net/img/user/", "suffix": "/KFUN20DG01AP4TYJ.jpg"}, "homeCity": "Hong Kong", "lists": {"groups": [{"items": [], "count": 2, "type": "created"}]}}, {"tips": {"count": 0}, "contact": {"twitter": "lichan_magno", "facebook": "521530684"}, "firstName": "Li", "gender": "female", "lastName": "Chan-Magno", "id": "84991735", "bio": "", "photo": {"prefix": "https://igx.4sqi.net/img/user/", "suffix": "/84991735-DVQ0MEMJKU3EAMDO.jpg"}, "homeCity": "Marikina City", "lists": {"groups": [{"items": [], "count": 2, "type": "created"}]}}, {"tips": {"count": 20}, "contact": {"facebook": "602671509"}, "firstName": "One Tagaytay Place Hotel Suites", "gender": "female", "id": "3612465", "bio": "One Tagaytay Place Hotel Suites is a Deluxe Hotel located in the quiet side of Tagaytay City.  For inquiries: (+632) 584 4111, (0922) 834 8874; (+632) 477-7111", "photo": {"prefix": "https://igx.4sqi.net/img/user/", "suffix": "/5Q2NJF3CVIGXPI2T.jpg"}, "homeCity": "Tagaytay City, Philippines", "lists": {"groups": [{"items": [], "count": 2, "type": "created"}]}}, {"tips": {"count": 8}, "contact": {"twitter": "denisexy", "facebook": "621778718"}, "firstName": "Denise", "gender": "female", "lastName": "Cruz-Betia", "id": "3850882", "bio": "", "photo": {"prefix": "https://igx.4sqi.net/img/user/", "suffix": "/WA03FGQ5AV2P4CXN.jpg"}, "homeCity": "Cainta, Philippines", "lists": {"groups": [{"items": [], "count": 2, "type": "created"}]}}, {"tips": {"count": 14}, "contact": {"twitter": "kbolquerin", "facebook": "1446137578"}, "firstName": "karen", "gender": "female", "lastName": "bolquerin", "id": "46110042", "bio": "", "photo": {"prefix": "https://igx.4sqi.net/img/user/", "suffix": "/46110042-Y0WNZI2WF31N3YUX.jpg"}, "homeCity": "manila, philippines", "lists": {"groups": [{"items": [], "count": 2, "type": "created"}]}}, {"tips": {"count": 0}, "contact": {"facebook": "1575526177"}, "firstName": "Ark", "gender": "male", "lastName": "Manila", "id": "52819495", "bio": "", "photo": {"prefix": "https://igx.4sqi.net/img/user/", "suffix": "/EPFPWM5H1JFBBYNQ.jpg"}, "homeCity": "Quezon City, F2", "lists": {"groups": [{"items": [], "count": 2, "type": "created"}]}}, {"tips": {"count": 0}, "contact": {"twitter": "eyebugz08", "facebook": "1336192110"}, "firstName": "Phoebe", "gender": "none", "lastName": "Teodoro", "id": "75964511", "bio": "", "photo": {"prefix": "https://igx.4sqi.net/img/user/", "suffix": "/75964511-YBP4PVIVDIAWMZIA.jpg"}, "homeCity": "Cainta, Calabarzon", "lists": {"groups": [{"items": [], "count": 2, "type": "created"}]}}, {"tips": {"count": 4}, "contact": {"twitter": "kathieal", "facebook": "549580620"}, "firstName": "Kathie", "gender": "female", "lastName": "Alejandrino", "id": "10089897", "bio": "", "photo": {"prefix": "https://igx.4sqi.net/img/user/", "suffix": "/VXM0PVL5RJL1QWRX.jpg"}, "homeCity": "Quezon City", "lists": {"groups": [{"items": [], "count": 4, "type": "created"}]}}, {"tips": {"count": 0}, "contact": {"twitter": "markalian"}, "firstName": "Mark", "gender": "male", "lastName": "Alian", "id": "39992025", "bio": "", "photo": {"prefix": "https://igx.4sqi.net/img/user/", "suffix": "/blank_boy.png", "default": true}, "homeCity": "makati", "lists": {"groups": [{"items": [], "count": 2, "type": "created"}]}}, {"tips": {"count": 0}, "contact": {"twitter": "and_i11", "facebook": "661166652"}, "firstName": "Andi", "gender": "female", "id": "36751035", "bio": "", "photo": {"prefix": "https://igx.4sqi.net/img/user/", "suffix": "/36751035-DPAUFN4AA4W0M0ZC.jpg"}, "homeCity": "Singapore", "lists": {"groups": [{"items": [], "count": 2, "type": "created"}]}}, {"tips": {"count": 5}, "contact": {"twitter": "corinnepats", "facebook": "708030703"}, "firstName": "Corinne", "gender": "female", "lastName": "Capistrano-Patron", "id": "28966673", "bio": "", "photo": {"prefix": "https://igx.4sqi.net/img/user/", "suffix": "/300EBX35ATI3AIII.jpg"}, "homeCity": "Pasig City, Philippines", "lists": {"groups": [{"items": [], "count": 2, "type": "created"}]}}, {"tips": {"count": 0}, "contact": {"facebook": "100000216056411"}, "firstName": "Bismarck", "gender": "male", "lastName": "Batiancila", "id": "12209471", "bio": "", "photo": {"prefix": "https://igx.4sqi.net/img/user/", "suffix": "/MTNCJLBT5TMXC0ZN.jpg"}, "homeCity": "Manila, Philippines", "lists": {"groups": [{"items": [], "count": 2, "type": "created"}]}}, {"tips": {"count": 0}, "contact": {"facebook": "100002667325174"}, "firstName": "Enim", "gender": "male", "lastName": "Nat", "id": "54958356", "bio": "", "photo": {"prefix": "https://igx.4sqi.net/img/user/", "suffix": "/VH0Z0NEKW55ZMRQR.jpg"}, "homeCity": "", "lists": {"groups": [{"items": [], "count": 2, "type": "created"}]}}, {"tips": {"count": 0}, "contact": {"twitter": "freakstah28", "facebook": "620168581"}, "firstName": "Pats", "gender": "female", "lastName": "Paredes", "id": "5696085", "bio": "", "photo": {"prefix": "https://igx.4sqi.net/img/user/", "suffix": "/5696085-400JORHLKOJU04OL.jpg"}, "homeCity": "Singapore", "lists": {"groups": [{"items": [], "count": 2, "type": "created"}]}}, {"tips": {"count": 3}, "contact": {"twitter": "1proudmomma", "facebook": "1300321159"}, "firstName": "Khay", "gender": "female", "lastName": "Dilay", "id": "24755286", "bio": "", "photo": {"prefix": "https://igx.4sqi.net/img/user/", "suffix": "/MVWRE1RK5GG3TZXC.jpg"}, "homeCity": "Quezon City, Philippines", "lists": {"groups": [{"items": [], "count": 2, "type": "created"}]}}, {"tips": {"count": 0}, "contact": {"facebook": "1646455381"}, "firstName": "Aileen", "gender": "female", "lastName": "Grado", "id": "47231649", "bio": "", "photo": {"prefix": "https://igx.4sqi.net/img/user/", "suffix": "/blank_girl.png", "default": true}, "homeCity": "Metropolitan Manila", "lists": {"groups": [{"items": [], "count": 2, "type": "created"}]}}, {"tips": {"count": 0}, "contact": {"facebook": "100000044349985"}, "firstName": "Maybel", "gender": "female", "lastName": "Cardenas-Bayle", "id": "21792086", "bio": "", "photo": {"prefix": "https://igx.4sqi.net/img/user/", "suffix": "/2KSFSU2LOABAZZEH.jpg"}, "homeCity": "Bulacan", "lists": {"groups": [{"items": [], "count": 2, "type": "created"}]}}, {"tips": {"count": 0}, "contact": {"twitter": "dothywithlove", "facebook": "1031333136880061"}, "firstName": "Dothy", "gender": "female", "lastName": "Panuncio", "id": "74471162", "bio": "", "photo": {"prefix": "https://igx.4sqi.net/img/user/", "suffix": "/blank_girl.png", "default": true}, "homeCity": "", "lists": {"groups": [{"items": [], "count": 2, "type": "created"}]}}, {"tips": {"count": 63}, "contact": {"twitter": "gladysjpadilla", "facebook": "612200217"}, "firstName": "Gladys", "gender": "female", "lastName": "Judan Padilla", "id": "4933463", "bio": "Brand Champion \ud83c\udf1f Event Planner \ud83c\udf89 Jetsetter \u2708\ufe0f Bookworm \ud83d\udcda Foodie \ud83d\udc37 Wifey and Mommy \ud83d\udc68\u200d\ud83d\udc69\u200d\ud83d\udc67", "photo": {"prefix": "https://igx.4sqi.net/img/user/", "suffix": "/4933463-PR2CZL41NQ312IZX.jpg"}, "homeCity": "Pasig City, Philippines", "lists": {"groups": [{"items": [], "count": 2, "type": "created"}]}}, {"tips": {"count": 0}, "contact": {"facebook": "729967249"}, "firstName": "Rebekah", "gender": "female", "lastName": "Uy", "id": "87496253", "bio": "", "photo": {"prefix": "https://igx.4sqi.net/img/user/", "suffix": "/87496253-5UCKUD1YNRNJQHH3.jpg"}, "homeCity": "Makati City, NCR", "lists": {"groups": [{"items": [], "count": 2, "type": "created"}]}}, {"tips": {"count": 2}, "contact": {"twitter": "tickree", "facebook": "1384283397"}, "firstName": "Adrian", "gender": "male", "lastName": "Nuestro", "id": "4204416", "bio": "", "photo": {"prefix": "https://igx.4sqi.net/img/user/", "suffix": "/KRJGVH1LXVP5MH1Q.jpg"}, "homeCity": "", "lists": {"groups": [{"items": [], "count": 2, "type": "created"}]}}, {"tips": {"count": 0}, "contact": {"twitter": "lucibomb", "facebook": "731601602"}, "firstName": "Luci", "gender": "female", "lastName": "Lucido", "id": "5986149", "bio": "", "photo": {"prefix": "https://igx.4sqi.net/img/user/", "suffix": "/5986149-CRAA4QLQUQMLGTAG.jpg"}, "homeCity": "Mandaluyong City, Philippines", "lists": {"groups": [{"items": [], "count": 2, "type": "created"}]}}, {"tips": {"count": 0}, "contact": {"facebook": "1159815952"}, "firstName": "Kristine", "gender": "none", "lastName": "Leyson", "id": "58756940", "bio": "", "photo": {"prefix": "https://igx.4sqi.net/img/user/", "suffix": "/blank_boy.png", "default": true}, "homeCity": "", "lists": {"groups": [{"items": [], "count": 2, "type": "created"}]}}, {"tips": {"count": 1}, "contact": {"facebook": "100004309031619"}, "firstName": "Wholesalers N", "gender": "male", "lastName": "Resellers Open", "id": "61041824", "bio": "", "photo": {"prefix": "https://igx.4sqi.net/img/user/", "suffix": "/11BRBLRYRVHWB5IB.jpg"}, "homeCity": "Cebu City, 07", "lists": {"groups": [{"items": [], "count": 2, "type": "created"}]}}, {"tips": {"count": 6}, "contact": {"twitter": "itsmejunejune", "facebook": "100001825262677"}, "firstName": "June", "gender": "male", "lastName": "Guzman", "id": "13431559", "bio": "Go to this link (http://soundcloud.com/juneazupardo/sets/my-cover-of-songs)\r\nsit back, relax. I'll take it from here", "photo": {"prefix": "https://igx.4sqi.net/img/user/", "suffix": "/ILFE1IKYJSJ0EFKW.jpg"}, "homeCity": "Barangay Tabang, Plaridel, Bulacan, Philippines", "lists": {"groups": [{"items": [], "count": 2, "type": "created"}]}}, {"tips": {"count": 1}, "contact": {"twitter": "monsturrles", "facebook": "716675389"}, "firstName": "Lesley", "gender": "female", "lastName": "Santiago", "id": "57938568", "bio": "", "photo": {"prefix": "https://igx.4sqi.net/img/user/", "suffix": "/57938568-UPQEH0JVEFSI4GKQ.jpg"}, "homeCity": "Pasig", "lists": {"groups": [{"items": [], "count": 2, "type": "created"}]}}, {"tips": {"count": 0}, "contact": {"twitter": "_heyitsmemon_", "facebook": "100002537495745"}, "firstName": "Reymund", "gender": "male", "lastName": "Soriben", "id": "37750375", "bio": "", "photo": {"prefix": "https://igx.4sqi.net/img/user/", "suffix": "/SKUNSN2AWJMCRI1K.jpg"}, "homeCity": "Singapore City, Singapore ", "lists": {"groups": [{"items": [], "count": 2, "type": "created"}]}}, {"tips": {"count": 0}, "contact": {"facebook": "618419465"}, "firstName": "Iano", "gender": "male", "lastName": "Sta Ana", "id": "55341382", "bio": "", "photo": {"prefix": "https://igx.4sqi.net/img/user/", "suffix": "/2KDDGRL051SO4YTO.jpg"}, "homeCity": "Quezon City, Philippines", "lists": {"groups": [{"items": [], "count": 2, "type": "created"}]}}, {"tips": {"count": 0}, "contact": {"facebook": "518692211"}, "firstName": "Mitch", "gender": "female", "lastName": "Enriquez", "id": "12310665", "bio": "", "photo": {"prefix": "https://igx.4sqi.net/img/user/", "suffix": "/PZSOMZVOVWMG4VRL.jpg"}, "homeCity": "Mandaluyong City, Philippines", "lists": {"groups": [{"items": [], "count": 2, "type": "created"}]}}, {"tips": {"count": 0}, "contact": {"facebook": "548303301"}, "firstName": "Cathy", "gender": "female", "lastName": "Burgos-Quilala", "id": "54965129", "bio": "", "photo": {"prefix": "https://igx.4sqi.net/img/user/", "suffix": "/blank_girl.png", "default": true}, "homeCity": "Pasig", "lists": {"groups": [{"items": [], "count": 2, "type": "created"}]}}, {"tips": {"count": 0}, "contact": {"twitter": "apple1203", "facebook": "592172261"}, "firstName": "Apple", "gender": "female", "lastName": "Coloma", "id": "6076141", "bio": "", "photo": {"prefix": "https://igx.4sqi.net/img/user/", "suffix": "/CWX5NF5BEQOH550O.jpg"}, "homeCity": "", "lists": {"groups": [{"items": [], "count": 2, "type": "created"}]}}, {"tips": {"count": 0}, "contact": {"twitter": "emcj22", "facebook": "100000072439614"}, "firstName": "emcj", "gender": "male", "id": "43010861", "bio": "", "photo": {"prefix": "https://igx.4sqi.net/img/user/", "suffix": "/HHE4ZVTSIAZ3B3DA.jpg"}, "homeCity": "Metropolitan Manila", "lists": {"groups": [{"items": [], "count": 2, "type": "created"}]}}, {"tips": {"count": 0}, "contact": {"facebook": "633050912"}, "firstName": "Ida", "gender": "female", "lastName": "Macariola-Black", "id": "50855534", "bio": "", "photo": {"prefix": "https://igx.4sqi.net/img/user/", "suffix": "/KU4SV2LGZT15BU3J.jpg"}, "homeCity": "Los Angeles, California", "lists": {"groups": [{"items": [], "count": 3, "type": "created"}]}}, {"tips": {"count": 0}, "contact": {"facebook": "1621646906"}, "firstName": "Lai", "gender": "female", "lastName": "Potayre", "id": "4944382", "bio": "", "photo": {"prefix": "https://igx.4sqi.net/img/user/", "suffix": "/OMTC3SMCPIS1YAO5.jpg"}, "homeCity": "Poplar, UK", "lists": {"groups": [{"items": [], "count": 2, "type": "created"}]}}, {"tips": {"count": 0}, "contact": {}, "firstName": "Cathlea", "gender": "female", "lastName": "Mags", "id": "5901298", "bio": "", "photo": {"prefix": "https://igx.4sqi.net/img/user/", "suffix": "/ZGDUIZ44RNT5KAXF.jpg"}, "homeCity": "Singapore", "lists": {"groups": [{"items": [], "count": 2, "type": "created"}]}}, {"tips": {"count": 5}, "contact": {"twitter": "istin21", "facebook": "675396541"}, "firstName": "Istin", "gender": "female", "lastName": "Paigna", "id": "6352934", "bio": "http://istin21.tumblr.com\r\nhttp://istintotz.blogspot.com", "photo": {"prefix": "https://igx.4sqi.net/img/user/", "suffix": "/52U5AVUDQCXEFJWP.jpg"}, "homeCity": "Pasig City, Philippines", "lists": {"groups": [{"items": [], "count": 2, "type": "created"}]}}, {"tips": {"count": 0}, "contact": {"facebook": "100001194188810"}, "firstName": "Khat", "gender": "female", "lastName": "Sanga", "id": "95881821", "bio": "", "photo": {"prefix": "https://igx.4sqi.net/img/user/", "suffix": "/95881821-BD4LDGOWYWI5KKYZ.jpg"}, "homeCity": "Pasig, NCR", "lists": {"groups": [{"items": [], "count": 2, "type": "created"}]}}, {"tips": {"count": 0}, "contact": {"facebook": "653907863"}, "firstName": "Janie", "gender": "female", "lastName": "Gonzaga-Anoos", "id": "56276153", "bio": "", "photo": {"prefix": "https://igx.4sqi.net/img/user/", "suffix": "/ZTVZUCEC0NDPEJCP.jpg"}, "homeCity": "Quezon City, Philippines", "lists": {"groups": [{"items": [], "count": 2, "type": "created"}]}}, {"tips": {"count": 0}, "contact": {"facebook": "801717784"}, "firstName": "Kitte", "gender": "female", "lastName": "Antonio", "id": "16726191", "bio": "", "photo": {"prefix": "https://igx.4sqi.net/img/user/", "suffix": "/16726191-IE05QIDYER5IPV1R.jpg"}, "homeCity": "Philippines", "lists": {"groups": [{"items": [], "count": 2, "type": "created"}]}}, {"tips": {"count": 0}, "contact": {"facebook": "1156682004"}, "firstName": "Nimfa", "gender": "female", "lastName": "Miranda", "id": "72258167", "bio": "", "photo": {"prefix": "https://igx.4sqi.net/img/user/", "suffix": "/72258167-4LUV25PDMJNR41RV.jpg"}, "homeCity": "Makati City, NCR", "lists": {"groups": [{"items": [], "count": 2, "type": "created"}]}}, {"tips": {"count": 2}, "contact": {"facebook": "1407019097"}, "firstName": "Gwen Geoffrey", "gender": "male", "lastName": "Derilo", "id": "7542406", "bio": "", "photo": {"prefix": "https://igx.4sqi.net/img/user/", "suffix": "/FYYEZ10BMMY3GABE.jpg"}, "homeCity": "pagbilao, quezon philippines", "lists": {"groups": [{"items": [], "count": 4, "type": "created"}]}}, {"tips": {"count": 1}, "contact": {"facebook": "730962457"}, "firstName": "Danilo", "gender": "male", "lastName": "Cahilig", "id": "62380036", "bio": "", "photo": {"prefix": "https://igx.4sqi.net/img/user/", "suffix": "/62380036-TQUEZ1FQPNDOY12S.jpg"}, "homeCity": "Toronto, ON", "lists": {"groups": [{"items": [], "count": 2, "type": "created"}]}}, {"tips": {"count": 0}, "contact": {"facebook": "1159230688"}, "firstName": "Andromeda", "gender": "female", "lastName": "Hidalgo", "id": "80338485", "bio": "", "photo": {"prefix": "https://igx.4sqi.net/img/user/", "suffix": "/80338485-44ZTA13EJZJ5B5M1.jpg"}, "homeCity": "Pasig, NCR", "lists": {"groups": [{"items": [], "count": 2, "type": "created"}]}}, {"tips": {"count": 0}, "contact": {}, "firstName": "Shiela", "gender": "female", "lastName": "Abalos", "id": "6400629", "bio": "", "photo": {"prefix": "https://igx.4sqi.net/img/user/", "suffix": "/ETNN3BMYX2RFWNXE.jpg"}, "homeCity": "Singapore", "lists": {"groups": [{"items": [], "count": 2, "type": "created"}]}}, {"tips": {"count": 4}, "contact": {"twitter": "sheilalinee", "facebook": "10153068261726644"}, "firstName": "Sheila", "gender": "female", "lastName": "Eugenio", "id": "8836684", "bio": "", "photo": {"prefix": "https://igx.4sqi.net/img/user/", "suffix": "/KOBRUVO0B3ZW1RN0.jpg"}, "homeCity": "Caloocan City, Philippines", "lists": {"groups": [{"items": [], "count": 2, "type": "created"}]}}, {"tips": {"count": 0}, "contact": {"facebook": "706265619"}, "firstName": "Jo", "gender": "female", "lastName": "Bien Collins", "id": "70788724", "bio": "", "photo": {"prefix": "https://igx.4sqi.net/img/user/", "suffix": "/70788724-1WUIGN02YS15FILY.jpg"}, "homeCity": "Hutton, ENG", "lists": {"groups": [{"items": [], "count": 2, "type": "created"}]}}, {"tips": {"count": 0}, "contact": {"twitter": "saraaahmanuel", "facebook": "679833795"}, "firstName": "Sarah Angelica", "gender": "female", "lastName": "Manuel", "id": "16726408", "bio": "", "photo": {"prefix": "https://igx.4sqi.net/img/user/", "suffix": "/16726408-ITEWTGSPMBGC5WZJ.jpg"}, "homeCity": "Pasig City, Philippines", "lists": {"groups": [{"items": [], "count": 2, "type": "created"}]}}, {"tips": {"count": 0}, "contact": {"facebook": "1087227297"}, "firstName": "BiLog", "gender": "female", "lastName": "Manzanas", "id": "82792921", "bio": "", "photo": {"prefix": "https://igx.4sqi.net/img/user/", "suffix": "/82792921-YIS4R4UTMSTJNYZR.jpg"}, "homeCity": "Antipolo, Rizal", "lists": {"groups": [{"items": [], "count": 2, "type": "created"}]}}, {"tips": {"count": 1}, "contact": {"twitter": "maanlops", "facebook": "666507898"}, "firstName": "Andrea", "gender": "female", "lastName": "Lopez", "id": "11178984", "bio": "", "photo": {"prefix": "https://igx.4sqi.net/img/user/", "suffix": "/0QJ2C1Q0RUN5QKRF.jpg"}, "homeCity": "Philippines", "lists": {"groups": [{"items": [], "count": 2, "type": "created"}]}}, {"tips": {"count": 0}, "contact": {"facebook": "722617782"}, "firstName": "Gracie", "gender": "female", "lastName": "Vingno", "id": "64770176", "bio": "", "photo": {"prefix": "https://igx.4sqi.net/img/user/", "suffix": "/VLWPLFS543S4KIGI.jpg"}, "homeCity": "", "lists": {"groups": [{"items": [], "count": 2, "type": "created"}]}}, {"tips": {"count": 1}, "contact": {"twitter": "yhooneese", "facebook": "527413656"}, "firstName": "e u n i c e", "gender": "female", "id": "81453642", "bio": "Peace. Love. Music. Equality. Cupcake", "photo": {"prefix": "https://igx.4sqi.net/img/user/", "suffix": "/81453642-XDYZ5FYDDTF2RK02.jpg"}, "homeCity": "Marikina City", "lists": {"groups": [{"items": [], "count": 2, "type": "created"}]}}, {"tips": {"count": 0}, "contact": {}, "firstName": "Trina", "gender": "female", "lastName": "Manangan", "id": "8699600", "bio": "", "photo": {"prefix": "https://igx.4sqi.net/img/user/", "suffix": "/RKCCIVRQNYK2000P.jpg"}, "homeCity": "Mandaluyong City, Philippines", "lists": {"groups": [{"items": [], "count": 2, "type": "created"}]}}, {"tips": {"count": 19}, "contact": {"twitter": "chinoweirdo"}, "firstName": "Westly", "gender": "male", "lastName": "Yu", "id": "22473170", "bio": "Foodie, chorister and all around good guy.", "photo": {"prefix": "https://igx.4sqi.net/img/user/", "suffix": "/22473170-V5LPVRH5ZN4TLVB0.jpg"}, "homeCity": "Makati", "lists": {"groups": [{"items": [], "count": 2, "type": "created"}]}}, {"tips": {"count": 2}, "contact": {"twitter": "mommyhazelanne", "facebook": "586846442"}, "firstName": "Hazel", "gender": "female", "lastName": "De Leon-Esguerra", "id": "20260004", "bio": "", "photo": {"prefix": "https://igx.4sqi.net/img/user/", "suffix": "/WINL0UIBZEZZRRNO.jpg"}, "homeCity": "Metropolitan Manila", "lists": {"groups": [{"items": [], "count": 2, "type": "created"}]}}, {"tips": {"count": 0}, "contact": {"twitter": "im4sd"}, "firstName": "Mark", "gender": "male", "lastName": "Dilla", "id": "13402638", "bio": "Follow me on twitter @im4sd #TeamFollowback", "photo": {"prefix": "https://igx.4sqi.net/img/user/", "suffix": "/HOIGMJXVEGGOY0T5.jpg"}, "homeCity": "Cavite, Philippines", "lists": {"groups": [{"items": [], "count": 2, "type": "created"}]}}, {"tips": {"count": 4}, "contact": {"facebook": "100004493766290"}, "firstName": "Katrina Mari Faye", "gender": "female", "lastName": "Marco", "id": "61857276", "bio": "", "photo": {"prefix": "https://igx.4sqi.net/img/user/", "suffix": "/1KEYFJWVCWYFWZ2Q.jpg"}, "homeCity": "Marikina City, NCR", "lists": {"groups": [{"items": [], "count": 2, "type": "created"}]}}, {"tips": {"count": 2}, "contact": {"twitter": "kztina", "facebook": "1569199493"}, "firstName": "MrsTin", "gender": "female", "lastName": "Villarosa", "id": "24354349", "bio": "", "photo": {"prefix": "https://igx.4sqi.net/img/user/", "suffix": "/24354349_2hSBE5Iy_6Ymy_JZlmsdUGndgGzu2FJm7_E8FgSFNjaQifZFXCZkrJdD0sOVqcMLQsYXjOuj4.jpg"}, "homeCity": "Laguna", "lists": {"groups": [{"items": [], "count": 2, "type": "created"}]}}, {"tips": {"count": 0}, "contact": {"twitter": "toobs_a", "facebook": "559815157"}, "firstName": "Stephanie", "gender": "none", "lastName": "Toobs", "id": "44302854", "bio": "", "photo": {"prefix": "https://igx.4sqi.net/img/user/", "suffix": "/MPKZJ54UT1QNKE4V.jpg"}, "homeCity": "Irvine, CA", "lists": {"groups": [{"items": [], "count": 2, "type": "created"}]}}, {"tips": {"count": 0}, "contact": {"facebook": "1511918693"}, "firstName": "Leo", "gender": "male", "lastName": "Acharon", "id": "24359956", "bio": "", "photo": {"prefix": "https://igx.4sqi.net/img/user/", "suffix": "/VDSHZZGIPJBFTO24.jpg"}, "homeCity": "valenzuela", "lists": {"groups": [{"items": [], "count": 2, "type": "created"}]}}, {"tips": {"count": 0}, "contact": {"facebook": "100000249441000"}, "firstName": "Chie", "gender": "male", "lastName": "Viray", "id": "75445384", "bio": "", "photo": {"prefix": "https://igx.4sqi.net/img/user/", "suffix": "/75445384-B2MB41VXMIB0KZAL.jpg"}, "homeCity": "", "lists": {"groups": [{"items": [], "count": 2, "type": "created"}]}}, {"tips": {"count": 0}, "contact": {"facebook": "649956317"}, "firstName": "Carmela", "gender": "female", "lastName": "Nieto", "id": "39417220", "bio": "", "photo": {"prefix": "https://igx.4sqi.net/img/user/", "suffix": "/3UVWN2QIB3JMR32R.jpg"}, "homeCity": "Pasig", "lists": {"groups": [{"items": [], "count": 2, "type": "created"}]}}], "count": 100}, "checksum": "80e7521405669a29edba910dab23b9bc4f1d51e5"}, "meta": {"requestId": "5965f1796a60711439fa8806", "code": 200}}