{"notifications": [{"type": "notificationTray", "item": {"unreadCount": 0}}], "response": {"friends": {"items": [{"tips": {"count": 16}, "contact": {"twitter": "yhsoohoo", "facebook": "687847825"}, "firstName": "Yoon Hunn", "gender": "male", "lastName": "Soo Hoo", "id": "66760755", "bio": "", "photo": {"prefix": "https://igx.4sqi.net/img/user/", "suffix": "/3TZDBSIDHPPUWOT3.jpg"}, "homeCity": "Kuala Lumpur", "lists": {"groups": [{"items": [], "count": 2, "type": "created"}]}}, {"tips": {"count": 0}, "contact": {"facebook": "525199605"}, "firstName": "Wenhui", "gender": "male", "lastName": "Liu", "id": "11323662", "bio": "", "photo": {"prefix": "https://igx.4sqi.net/img/user/", "suffix": "/blank_boy.png", "default": true}, "homeCity": "Singapore", "lists": {"groups": [{"items": [], "count": 2, "type": "created"}]}}, {"tips": {"count": 0}, "contact": {}, "firstName": "Charles", "gender": "male", "lastName": "Wong", "id": "4371730", "bio": "", "photo": {"prefix": "https://igx.4sqi.net/img/user/", "suffix": "/blank_boy.png", "default": true}, "homeCity": "Singapore", "lists": {"groups": [{"items": [], "count": 2, "type": "created"}]}}, {"tips": {"count": 3}, "contact": {"facebook": "756229933"}, "firstName": "Sheryl", "gender": "female", "lastName": "Lee", "id": "6713580", "bio": "", "photo": {"prefix": "https://igx.4sqi.net/img/user/", "suffix": "/WMTVOALG0JSBFC54.jpg"}, "homeCity": "Malaysia", "lists": {"groups": [{"items": [], "count": 2, "type": "created"}]}}, {"tips": {"count": 5}, "contact": {"facebook": "622350592"}, "firstName": "Bassem", "gender": "male", "lastName": "Badreddine", "id": "36294297", "bio": "", "photo": {"prefix": "https://igx.4sqi.net/img/user/", "suffix": "/5YLSBRQAJ2P1GOVT.jpg"}, "homeCity": "Pulau Pinang", "lists": {"groups": [{"items": [], "count": 2, "type": "created"}]}}, {"tips": {"count": 0}, "contact": {"facebook": "835220295"}, "firstName": "Sophie", "gender": "female", "id": "1248695", "bio": "", "photo": {"prefix": "https://igx.4sqi.net/img/user/", "suffix": "/1248695-RFTH2UNDEFG3Y5ZK.jpg"}, "homeCity": "Makati, Metro Manila", "lists": {"groups": [{"items": [], "count": 2, "type": "created"}]}}, {"tips": {"count": 0}, "contact": {"facebook": "575507751"}, "firstName": "Scott", "gender": "male", "lastName": "Lai", "id": "6561082", "bio": "", "photo": {"prefix": "https://igx.4sqi.net/img/user/", "suffix": "/SSP35VGTFTY5DW1P.jpg"}, "homeCity": "Singapore", "lists": {"groups": [{"items": [], "count": 2, "type": "created"}]}}, {"tips": {"count": 12}, "contact": {"twitter": "pljkpljk", "facebook": "560481353"}, "firstName": "Paul", "gender": "male", "lastName": "Leong", "id": "4275787", "bio": "An average joe", "photo": {"prefix": "https://igx.4sqi.net/img/user/", "suffix": "/4275787_uOJjvNdj_oRTQ82cJfQYqu8eI66hF7dMz62BJWy4NsXrEQPkLqk-xGTiwBxxoz6dgBAb3jigH.jpg"}, "homeCity": "Kuala Lumpur, Malaysia", "lists": {"groups": [{"items": [], "count": 2, "type": "created"}]}}, {"tips": {"count": 2}, "contact": {"facebook": "767479683"}, "firstName": "Rina", "gender": "female", "lastName": "J", "id": "77916810", "bio": "", "photo": {"prefix": "https://igx.4sqi.net/img/user/", "suffix": "/77916810-0YM0E10I0PUJFVUI.jpg"}, "homeCity": "George Town, PNG", "lists": {"groups": [{"items": [], "count": 2, "type": "created"}]}}, {"tips": {"count": 3}, "contact": {"twitter": "shikinshuriani", "facebook": "10153144951630912"}, "firstName": "Shikin Shuriani", "gender": "female", "lastName": "Shukor", "id": "5487182", "bio": "", "photo": {"prefix": "https://igx.4sqi.net/img/user/", "suffix": "/44Q2BPFG5OH0XLWW.jpg"}, "homeCity": "Malaysia", "lists": {"groups": [{"items": [], "count": 2, "type": "created"}]}}, {"tips": {"count": 3}, "contact": {"facebook": "640194361"}, "firstName": "george", "gender": "male", "lastName": "soo", "id": "2738291", "bio": "", "photo": {"prefix": "https://igx.4sqi.net/img/user/", "suffix": "/0WG3HGBVN3FXC2X2.jpg"}, "homeCity": "Sydney, Australia", "lists": {"groups": [{"items": [], "count": 2, "type": "created"}]}}, {"tips": {"count": 1}, "contact": {"twitter": "kathy_nubla", "facebook": "692584257"}, "firstName": "Kathy", "gender": "female", "lastName": "Nubla", "id": "8231266", "bio": "", "photo": {"prefix": "https://igx.4sqi.net/img/user/", "suffix": "/V04RJ00VVBLYEPEM.jpg"}, "homeCity": "Manila, Philippines", "lists": {"groups": [{"items": [], "count": 2, "type": "created"}]}}, {"tips": {"count": 9}, "contact": {"twitter": "paulsoo"}, "firstName": "Paul", "gender": "male", "lastName": "S.", "id": "3746802", "bio": "", "photo": {"prefix": "https://igx.4sqi.net/img/user/", "suffix": "/3746802_8-1VBOPf_l4ehcjzTbI9Wkn31eAbuTaOA4-b9ISx3D-ba6EJWUk4SFNDfYEplL72xoEcv7L6j.jpg"}, "homeCity": "Penang, Malaysia", "lists": {"groups": [{"items": [], "count": 2, "type": "created"}]}}, {"tips": {"count": 0}, "contact": {"facebook": "100003053171460"}, "firstName": "Thomas", "gender": "male", "lastName": "Kan", "id": "21009335", "bio": "", "photo": {"prefix": "https://igx.4sqi.net/img/user/", "suffix": "/MJHRA3MELK5KT51Y.jpg"}, "homeCity": "New York, NY", "lists": {"groups": [{"items": [], "count": 2, "type": "created"}]}}, {"tips": {"count": 30}, "contact": {"facebook": "515495497"}, "firstName": "Yj", "gender": "male", "lastName": "Toh", "id": "4815426", "bio": "", "photo": {"prefix": "https://igx.4sqi.net/img/user/", "suffix": "/HU3JQDXIPF103TQC.jpg"}, "homeCity": "Shah Alam, Malaysia", "lists": {"groups": [{"items": [], "count": 5, "type": "created"}]}}, {"tips": {"count": 1}, "contact": {"twitter": "chinnyng", "facebook": "623820811"}, "firstName": "Theresa", "gender": "female", "lastName": "Ng", "id": "593044", "bio": "", "photo": {"prefix": "https://igx.4sqi.net/img/user/", "suffix": "/4SCCKCQ3T1Q3XIT0.jpg"}, "homeCity": "Singapore", "lists": {"groups": [{"items": [], "count": 2, "type": "created"}]}}, {"tips": {"count": 4}, "contact": {"twitter": "weenzs", "facebook": "579352972"}, "firstName": "Ween Sze", "gender": "female", "lastName": "Teoh", "id": "557964", "bio": "", "photo": {"prefix": "https://igx.4sqi.net/img/user/", "suffix": "/KMZ4CKGSWN3G4SP3.jpg"}, "homeCity": "Singapore", "lists": {"groups": [{"items": [], "count": 2, "type": "created"}]}}, {"tips": {"count": 1}, "contact": {"twitter": "18jayjaynyc", "facebook": "669303541"}, "firstName": "Jay Jay", "gender": "male", "lastName": "Ngiam", "id": "7564541", "bio": "", "photo": {"prefix": "https://igx.4sqi.net/img/user/", "suffix": "/BPGN1TIOIA2MJA3I.jpg"}, "homeCity": "Bayan Lepas, Malaysia", "lists": {"groups": [{"items": [], "count": 2, "type": "created"}]}}, {"tips": {"count": 18}, "contact": {}, "firstName": "Bern", "gender": "female", "id": "1447621", "bio": "", "photo": {"prefix": "https://igx.4sqi.net/img/user/", "suffix": "/1447621-YTSU3LHSCUQMTV4Y.jpg"}, "homeCity": "Singapore", "lists": {"groups": [{"items": [], "count": 5, "type": "created"}]}}, {"tips": {"count": 26}, "contact": {"twitter": "eleenpor", "facebook": "586734638"}, "firstName": "Eleen", "gender": "female", "lastName": "Por", "id": "2554982", "bio": "", "photo": {"prefix": "https://igx.4sqi.net/img/user/", "suffix": "/ZGFP0OCW2L54I4R1.jpg"}, "homeCity": "Penang, Malaysia", "lists": {"groups": [{"items": [], "count": 2, "type": "created"}]}}, {"tips": {"count": 27}, "contact": {}, "firstName": "Shawn", "gender": "male", "lastName": "Lim", "id": "904150", "bio": "", "photo": {"prefix": "https://igx.4sqi.net/img/user/", "suffix": "/V0SXZEC5F5X35OW4.jpg"}, "homeCity": "George Town, Pulau Pinang", "lists": {"groups": [{"items": [], "count": 2, "type": "created"}]}}, {"tips": {"count": 0}, "contact": {"facebook": "658144001"}, "firstName": "Girlie", "gender": "female", "lastName": "Tan", "id": "22844185", "bio": "", "photo": {"prefix": "https://igx.4sqi.net/img/user/", "suffix": "/TSEE30XOGG134KKG.jpg"}, "homeCity": "Penang", "lists": {"groups": [{"items": [], "count": 2, "type": "created"}]}}, {"tips": {"count": 6}, "contact": {"facebook": "10152952214702482"}, "firstName": "tricia", "gender": "none", "lastName": "neoh", "id": "77999292", "bio": "", "photo": {"prefix": "https://igx.4sqi.net/img/user/", "suffix": "/77999292-5J4ENWUIUU5BVONW.jpg"}, "homeCity": "Gelugor,  Penang ", "lists": {"groups": [{"items": [], "count": 2, "type": "created"}]}}, {"tips": {"count": 4}, "contact": {}, "firstName": "Christine", "gender": "female", "lastName": "Mah", "id": "6446579", "bio": "", "photo": {"prefix": "https://igx.4sqi.net/img/user/", "suffix": "/VNDD1TT42FRIWZK1.jpg"}, "homeCity": "Singapore", "lists": {"groups": [{"items": [], "count": 2, "type": "created"}]}}, {"tips": {"count": 1}, "contact": {"facebook": "1404505622"}, "firstName": "Braddie", "gender": "male", "lastName": "Chuah", "id": "36792825", "bio": "", "photo": {"prefix": "https://igx.4sqi.net/img/user/", "suffix": "/36792825-1NOG54L2SG1A0AAC.jpg"}, "homeCity": "Pulau Pinang", "lists": {"groups": [{"items": [], "count": 3, "type": "created"}]}}, {"tips": {"count": 0}, "contact": {"facebook": "680134991"}, "firstName": "Patrick", "gender": "male", "lastName": "Ooi", "id": "10604823", "bio": "", "photo": {"prefix": "https://igx.4sqi.net/img/user/", "suffix": "/ASWWUDCYBFKPAQTV.jpg"}, "homeCity": "Malaysia", "lists": {"groups": [{"items": [], "count": 2, "type": "created"}]}}, {"tips": {"count": 18}, "contact": {}, "firstName": "Joel", "gender": "male", "lastName": "L.", "id": "7614698", "bio": "", "photo": {"prefix": "https://igx.4sqi.net/img/user/", "suffix": "/5YS0IWBUNETBXKNR.jpg"}, "homeCity": "Pulau Pinang, Malaysia", "lists": {"groups": [{"items": [], "count": 2, "type": "created"}]}}, {"tips": {"count": 58}, "contact": {}, "firstName": "Christopher", "gender": "male", "lastName": "Choong", "id": "6664343", "bio": "", "photo": {"prefix": "https://igx.4sqi.net/img/user/", "suffix": "/6664343-UZNVUMKQMPFZDKZE.jpg"}, "homeCity": "Pulau Pinang, Malaysia", "lists": {"groups": [{"items": [], "count": 2, "type": "created"}]}}, {"tips": {"count": 16}, "contact": {"facebook": "669830681"}, "firstName": "Sanjev", "gender": "male", "lastName": "Sravie", "id": "5586105", "bio": "", "photo": {"prefix": "https://igx.4sqi.net/img/user/", "suffix": "/5586105-YXDPQTEHIXQLCJ3E.jpg"}, "homeCity": "Pulau Pinang, Malaysia", "lists": {"groups": [{"items": [], "count": 2, "type": "created"}]}}, {"tips": {"count": 0}, "contact": {"facebook": "721485007"}, "firstName": "Shirlaine", "gender": "female", "lastName": "Teng", "id": "3572124", "bio": "", "photo": {"prefix": "https://igx.4sqi.net/img/user/", "suffix": "/JRA3LN3YQICL3TKF.jpg"}, "homeCity": "Singapore", "lists": {"groups": [{"items": [], "count": 2, "type": "created"}]}}, {"tips": {"count": 0}, "contact": {"facebook": "1358057534"}, "firstName": "Ranjit", "gender": "female", "lastName": "Kaur", "id": "47070957", "bio": "", "photo": {"prefix": "https://igx.4sqi.net/img/user/", "suffix": "/AYA1QMI54YIE41E4.jpg"}, "homeCity": "Selangor", "lists": {"groups": [{"items": [], "count": 2, "type": "created"}]}}, {"tips": {"count": 9}, "contact": {"facebook": "1358260869"}, "firstName": "James", "gender": "male", "lastName": "Hong", "id": "3876429", "bio": "", "photo": {"prefix": "https://igx.4sqi.net/img/user/", "suffix": "/AHJFJZ4C4JJ4Y5A1.jpg"}, "homeCity": "Penang, Malaysia", "lists": {"groups": [{"items": [], "count": 2, "type": "created"}]}}, {"tips": {"count": 0}, "contact": {"facebook": "100000272707382"}, "firstName": "Christina", "gender": "female", "lastName": "Koh", "id": "63206094", "bio": "", "photo": {"prefix": "https://igx.4sqi.net/img/user/", "suffix": "/0RY1O5D5ZC3NIQ4E.jpg"}, "homeCity": "Singapore", "lists": {"groups": [{"items": [], "count": 2, "type": "created"}]}}, {"tips": {"count": 0}, "contact": {"facebook": "694784176"}, "firstName": "Joe", "gender": "male", "lastName": "Han", "id": "50875813", "bio": "", "photo": {"prefix": "https://igx.4sqi.net/img/user/", "suffix": "/PST1UZFOELBBI3ZC.jpg"}, "homeCity": "Petaling Jaya, 12", "lists": {"groups": [{"items": [], "count": 2, "type": "created"}]}}, {"tips": {"count": 0}, "contact": {"facebook": "520424273"}, "firstName": "Irene", "gender": "female", "lastName": "Khoo", "id": "10527654", "bio": "", "photo": {"prefix": "https://igx.4sqi.net/img/user/", "suffix": "/KDWA0YQ0F50F5SD2.jpg"}, "homeCity": "Bayan Lepas, Malaysia", "lists": {"groups": [{"items": [], "count": 2, "type": "created"}]}}, {"tips": {"count": 1}, "contact": {"facebook": "576891470"}, "firstName": "Nasiruddin", "gender": "male", "lastName": "Pungut", "id": "1464648", "bio": "", "photo": {"prefix": "https://igx.4sqi.net/img/user/", "suffix": "/U0ZKLMQOPQE0WCK0.jpg"}, "homeCity": "Singapore", "lists": {"groups": [{"items": [], "count": 2, "type": "created"}]}}, {"tips": {"count": 0}, "contact": {"facebook": "759958858"}, "firstName": "KK", "gender": "male", "lastName": "Yap", "id": "86035608", "bio": "", "photo": {"prefix": "https://igx.4sqi.net/img/user/", "suffix": "/86035608-RFMI4IQNJV0YFMZO.jpg"}, "homeCity": "Singapore", "lists": {"groups": [{"items": [], "count": 2, "type": "created"}]}}, {"tips": {"count": 0}, "contact": {"twitter": "weeleetan"}, "firstName": "Wee Lee", "gender": "male", "lastName": "Tan", "id": "1567651", "bio": "", "photo": {"prefix": "https://igx.4sqi.net/img/user/", "suffix": "/L2YEQQ33PNXKYRKY.jpg"}, "homeCity": "Penang, malaysia", "lists": {"groups": [{"items": [], "count": 2, "type": "created"}]}}, {"tips": {"count": 2}, "contact": {"facebook": "535067838"}, "firstName": "Jeff", "gender": "male", "lastName": "Wong", "id": "2678496", "bio": "", "photo": {"prefix": "https://igx.4sqi.net/img/user/", "suffix": "/blank_boy.png", "default": true}, "homeCity": "Sydney, Australia", "lists": {"groups": [{"items": [], "count": 2, "type": "created"}]}}, {"tips": {"count": 0}, "contact": {"twitter": "misscorrin", "facebook": "512286669"}, "firstName": "Corrin", "gender": "female", "lastName": "Mcmanus", "id": "21235213", "bio": "", "photo": {"prefix": "https://igx.4sqi.net/img/user/", "suffix": "/K5K0NAAUKE52C3OY.jpg"}, "homeCity": "New York, NY", "lists": {"groups": [{"items": [], "count": 2, "type": "created"}]}}, {"tips": {"count": 0}, "contact": {"facebook": "556468166"}, "firstName": "Jerry", "gender": "male", "lastName": "Liew", "id": "6965258", "bio": "", "photo": {"prefix": "https://igx.4sqi.net/img/user/", "suffix": "/3YMALJ1CT35HXFSM.jpg"}, "homeCity": "Pulau Pinang, Malaysia", "lists": {"groups": [{"items": [], "count": 2, "type": "created"}]}}, {"tips": {"count": 0}, "contact": {"facebook": "545497881"}, "firstName": "Pauline", "gender": "female", "lastName": "Cheang", "id": "36811726", "bio": "", "photo": {"prefix": "https://igx.4sqi.net/img/user/", "suffix": "/P3IDSU5UHGL4QV2S.jpg"}, "homeCity": "Pulau Pinang", "lists": {"groups": [{"items": [], "count": 2, "type": "created"}]}}, {"tips": {"count": 1}, "contact": {"facebook": "100000419308532"}, "firstName": "SH", "gender": "male", "lastName": "Lim", "id": "27923369", "bio": "", "photo": {"prefix": "https://igx.4sqi.net/img/user/", "suffix": "/EK420MPH3AMCGT5S.jpg"}, "homeCity": "Puchong", "lists": {"groups": [{"items": [], "count": 5, "type": "created"}]}}, {"tips": {"count": 7}, "contact": {"facebook": "511115890"}, "firstName": "Amanda", "gender": "female", "lastName": "Berry", "id": "14886652", "bio": "", "photo": {"prefix": "https://igx.4sqi.net/img/user/", "suffix": "/1LARVDMNXUC3IWA5.jpg"}, "homeCity": "Monroeville, PA", "lists": {"groups": [{"items": [], "count": 2, "type": "created"}]}}, {"tips": {"count": 45}, "contact": {}, "firstName": "Yoon Hunn", "gender": "male", "lastName": "Soo Hoo", "id": "8147166", "bio": "", "photo": {"prefix": "https://igx.4sqi.net/img/user/", "suffix": "/FC1WNZTZ5OIIH5PB.jpg"}, "homeCity": "Georgetown, Malaysia", "lists": {"groups": [{"items": [], "count": 2, "type": "created"}]}}, {"tips": {"count": 7}, "contact": {"facebook": "644153781"}, "firstName": "Jimmy", "gender": "male", "lastName": "Tan", "id": "5689346", "bio": "", "photo": {"prefix": "https://igx.4sqi.net/img/user/", "suffix": "/FCNYRCXAHC0ADKQU.jpg"}, "homeCity": "Kuala Lumpur, Malaysia", "lists": {"groups": [{"items": [], "count": 2, "type": "created"}]}}, {"tips": {"count": 2}, "contact": {"facebook": "1010062255"}, "firstName": "MunYew", "gender": "male", "lastName": "Low", "id": "3597029", "bio": "", "photo": {"prefix": "https://igx.4sqi.net/img/user/", "suffix": "/FCY0I2AK4FT4NKM4.jpg"}, "homeCity": "Singapore", "lists": {"groups": [{"items": [], "count": 2, "type": "created"}]}}, {"tips": {"count": 2}, "contact": {"facebook": "583750236"}, "firstName": "Roy", "gender": "male", "lastName": "Ng", "id": "66463712", "bio": "", "photo": {"prefix": "https://igx.4sqi.net/img/user/", "suffix": "/EMSETXYIFLMCKDRV.jpg"}, "homeCity": "Singapore", "lists": {"groups": [{"items": [], "count": 3, "type": "created"}]}}, {"tips": {"count": 0}, "contact": {"twitter": "roninzki", "facebook": "565737780"}, "firstName": "Rom", "gender": "male", "lastName": "Farid", "id": "8279535", "bio": "", "photo": {"prefix": "https://igx.4sqi.net/img/user/", "suffix": "/U3AHEOH4AYTW2II3.jpg"}, "homeCity": "Pulau Pinang, Malaysia", "lists": {"groups": [{"items": [], "count": 2, "type": "created"}]}}, {"tips": {"count": 0}, "contact": {"facebook": "642660511"}, "firstName": "Melvin", "gender": "male", "lastName": "Er", "id": "66577846", "bio": "", "photo": {"prefix": "https://igx.4sqi.net/img/user/", "suffix": "/HNW4S2OOHKLE3Q1A.jpg"}, "homeCity": "Singapore", "lists": {"groups": [{"items": [], "count": 2, "type": "created"}]}}, {"tips": {"count": 0}, "contact": {"facebook": "587819618"}, "firstName": "Kheng Lian", "gender": "female", "lastName": "Ang", "id": "62388300", "bio": "", "photo": {"prefix": "https://igx.4sqi.net/img/user/", "suffix": "/blank_girl.png", "default": true}, "homeCity": "Adelaide, SA", "lists": {"groups": [{"items": [], "count": 2, "type": "created"}]}}, {"tips": {"count": 0}, "contact": {"facebook": "644396914"}, "firstName": "Joanne", "gender": "female", "lastName": "Ch'ng", "id": "60672141", "bio": "", "photo": {"prefix": "https://igx.4sqi.net/img/user/", "suffix": "/5EUNIXWX5D3IAGKX.jpg"}, "homeCity": "George Town, PNG", "lists": {"groups": [{"items": [], "count": 2, "type": "created"}]}}, {"tips": {"count": 2}, "contact": {}, "firstName": "Sue-lin", "gender": "female", "lastName": "Tan", "id": "1734391", "bio": "", "photo": {"prefix": "https://igx.4sqi.net/img/user/", "suffix": "/KQMBGWLFTNJZYFSA.jpg"}, "homeCity": "Bangsar, Kuala Lumpur", "lists": {"groups": [{"items": [], "count": 2, "type": "created"}]}}, {"tips": {"count": 1}, "contact": {"facebook": "1834482342"}, "firstName": "Min", "gender": "male", "lastName": "Xiang", "id": "3084396", "bio": "", "photo": {"prefix": "https://igx.4sqi.net/img/user/", "suffix": "/TO3R5VNZISTPGW41.jpg"}, "homeCity": "Bayan Lepas, Malaysia", "lists": {"groups": [{"items": [], "count": 2, "type": "created"}]}}, {"tips": {"count": 0}, "contact": {}, "firstName": "Lisa", "gender": "female", "lastName": "Leong", "id": "56802891", "bio": "", "photo": {"prefix": "https://igx.4sqi.net/img/user/", "suffix": "/WC5DH1D1OZT2SALJ.jpg"}, "homeCity": "Penang, Malaysia", "lists": {"groups": [{"items": [], "count": 2, "type": "created"}]}}, {"tips": {"count": 2}, "contact": {"facebook": "1345504207"}, "firstName": "Andrew", "gender": "male", "lastName": "Lee", "id": "27483824", "bio": "", "photo": {"prefix": "https://igx.4sqi.net/img/user/", "suffix": "/blank_boy.png", "default": true}, "homeCity": "Singapore", "lists": {"groups": [{"items": [], "count": 2, "type": "created"}]}}, {"tips": {"count": 15}, "contact": {"twitter": "iliasyee", "facebook": "758524000"}, "firstName": "Ilias", "gender": "male", "lastName": "Yee", "id": "10328208", "bio": "", "photo": {"prefix": "https://igx.4sqi.net/img/user/", "suffix": "/44VDJTYZRN0NSOO0.jpg"}, "homeCity": "Subang Jaya, Malaysia", "lists": {"groups": [{"items": [], "count": 2, "type": "created"}]}}, {"tips": {"count": 0}, "contact": {"facebook": "711666651"}, "firstName": "Yenni", "gender": "female", "lastName": "Tan", "id": "52642825", "bio": "", "photo": {"prefix": "https://igx.4sqi.net/img/user/", "suffix": "/T02CTIC0JJGMJ4Q4.jpg"}, "homeCity": "London, ENG", "lists": {"groups": [{"items": [], "count": 2, "type": "created"}]}}, {"tips": {"count": 59}, "contact": {}, "firstName": "Shirley", "gender": "none", "lastName": "W L", "id": "18030205", "bio": "loves dark chocolate, coffee, wine & cheese, good food, online shopping, reading, travelling, tv, movies, freebies,  pandas and fun!", "photo": {"prefix": "https://igx.4sqi.net/img/user/", "suffix": "/ILHEZECV4HSDVPCU.jpg"}, "homeCity": "Singapore", "lists": {"groups": [{"items": [], "count": 4, "type": "created"}]}}, {"tips": {"count": 0}, "contact": {"facebook": "1061618667"}, "firstName": "chris", "gender": "male", "lastName": "tan", "id": "8496142", "bio": "", "photo": {"prefix": "https://igx.4sqi.net/img/user/", "suffix": "/blank_boy.png", "default": true}, "homeCity": "penang", "lists": {"groups": [{"items": [], "count": 2, "type": "created"}]}}, {"tips": {"count": 2}, "contact": {"facebook": "623877391"}, "firstName": "Derrick", "gender": "male", "lastName": "Lau", "id": "5818461", "bio": "", "photo": {"prefix": "https://igx.4sqi.net/img/user/", "suffix": "/W3BI01I1WVET2JLZ.jpg"}, "homeCity": "Kuala Lumpur, Malaysia", "lists": {"groups": [{"items": [], "count": 2, "type": "created"}]}}, {"tips": {"count": 0}, "contact": {}, "firstName": "Jovee", "gender": "female", "lastName": "Ng", "id": "16079139", "bio": "", "photo": {"prefix": "https://igx.4sqi.net/img/user/", "suffix": "/T1W1XKQJQZHFIY1T.jpg"}, "homeCity": "Singapore", "lists": {"groups": [{"items": [], "count": 2, "type": "created"}]}}, {"tips": {"count": 28}, "contact": {"facebook": "688027934"}, "firstName": "Nainan", "gender": "male", "lastName": "Balakrishnan", "id": "10452458", "bio": "", "photo": {"prefix": "https://igx.4sqi.net/img/user/", "suffix": "/YKO2L4S1SKH2SCVB.png"}, "homeCity": "Pulau Pinang, Malaysia", "lists": {"groups": [{"items": [], "count": 5, "type": "created"}]}}, {"tips": {"count": 0}, "contact": {"facebook": "529414342"}, "firstName": "Say Kean", "gender": "male", "lastName": "Lee", "id": "64156842", "bio": "", "photo": {"prefix": "https://igx.4sqi.net/img/user/", "suffix": "/64156842-HYATEX2YWKSXMPWE.jpg"}, "homeCity": "Bayan Lepas, PNG", "lists": {"groups": [{"items": [], "count": 2, "type": "created"}]}}, {"tips": {"count": 0}, "contact": {"facebook": "832456771"}, "firstName": "Emily", "gender": "female", "lastName": "Teh", "id": "73648136", "bio": "", "photo": {"prefix": "https://igx.4sqi.net/img/user/", "suffix": "/73648136-X04YFWVTIELGDKNO.jpg"}, "homeCity": "Singapore", "lists": {"groups": [{"items": [], "count": 2, "type": "created"}]}}, {"tips": {"count": 23}, "contact": {"twitter": "wkf00", "facebook": "504515144"}, "firstName": "Desmond", "gender": "male", "lastName": "Foo", "id": "3190545", "bio": "", "photo": {"prefix": "https://igx.4sqi.net/img/user/", "suffix": "/FKC2QFWGHYO0JCT1.jpg"}, "homeCity": "Bayan Lepas, Malaysia", "lists": {"groups": [{"items": [], "count": 2, "type": "created"}]}}, {"tips": {"count": 17}, "contact": {"facebook": "753812252"}, "firstName": "Sylvia", "gender": "female", "lastName": "Chee", "id": "33264877", "bio": "", "photo": {"prefix": "https://igx.4sqi.net/img/user/", "suffix": "/33264877-1FZT4QPANCFLF1X4.jpg"}, "homeCity": "penang, my", "lists": {"groups": [{"items": [], "count": 2, "type": "created"}]}}, {"tips": {"count": 2}, "contact": {"facebook": "676909421"}, "firstName": "Belinda", "gender": "female", "lastName": "Khoo", "id": "12729123", "bio": "", "photo": {"prefix": "https://igx.4sqi.net/img/user/", "suffix": "/1ALVU10AXJXUZQD4.jpg"}, "homeCity": "Unnamed Location", "lists": {"groups": [{"items": [], "count": 2, "type": "created"}]}}, {"tips": {"count": 0}, "contact": {"facebook": "100002150052849"}, "firstName": "Rousynn", "gender": "female", "id": "58053588", "bio": "", "photo": {"prefix": "https://igx.4sqi.net/img/user/", "suffix": "/58053588-SRTVE2041MLX3HKH.jpg"}, "homeCity": "Singapore", "lists": {"groups": [{"items": [], "count": 2, "type": "created"}]}}, {"tips": {"count": 0}, "contact": {"facebook": "765024950"}, "firstName": "Jennifer", "gender": "female", "lastName": "Ho", "id": "9929612", "bio": "", "photo": {"prefix": "https://igx.4sqi.net/img/user/", "suffix": "/YUCYOKCNHW12OVQX.jpg"}, "homeCity": "Kuching, Malaysia", "lists": {"groups": [{"items": [], "count": 2, "type": "created"}]}}, {"tips": {"count": 0}, "contact": {}, "firstName": "cathy", "gender": "female", "lastName": "bok", "id": "14031146", "bio": "", "photo": {"prefix": "https://igx.4sqi.net/img/user/", "suffix": "/IVTEEALU21NCZVHP.jpg"}, "homeCity": "Penang, Malaysia", "lists": {"groups": [{"items": [], "count": 2, "type": "created"}]}}, {"tips": {"count": 8}, "contact": {"facebook": "10153156824012976"}, "firstName": "Nexus", "gender": "male", "lastName": "Silvanna", "id": "43478329", "bio": "", "photo": {"prefix": "https://igx.4sqi.net/img/user/", "suffix": "/43478329_GmbC0Kh9_V0q6PYkz-W4gEWJsbJEFmuTJiwrUaU02spUwUx7medpqvuP35TBf5oYGg-aruMKD.jpg"}, "homeCity": "Singapore", "lists": {"groups": [{"items": [], "count": 2, "type": "created"}]}}, {"tips": {"count": 1}, "contact": {"facebook": "681366249"}, "firstName": "Gene", "gender": "male", "lastName": "Geh", "id": "65730004", "bio": "", "photo": {"prefix": "https://igx.4sqi.net/img/user/", "suffix": "/65730004-EHOKGNKT0E2AHXGK.jpg"}, "homeCity": "Bayan Lepas, PNG", "lists": {"groups": [{"items": [], "count": 2, "type": "created"}]}}, {"tips": {"count": 0}, "contact": {"facebook": "100000876022244"}, "firstName": "Joyce", "gender": "female", "lastName": "Wat", "id": "74473231", "bio": "", "photo": {"prefix": "https://igx.4sqi.net/img/user/", "suffix": "/74473231-24Q1JGHJITEVK400.jpg"}, "homeCity": "George Town, Malaysia", "lists": {"groups": [{"items": [], "count": 2, "type": "created"}]}}, {"tips": {"count": 1}, "contact": {"twitter": "xtianyoung", "facebook": "729879675"}, "firstName": "Christian", "gender": "male", "lastName": "Young", "id": "3466104", "bio": "", "photo": {"prefix": "https://igx.4sqi.net/img/user/", "suffix": "/OPSU5JVXSHE0VICA.jpg"}, "homeCity": "Sydney, Australia", "lists": {"groups": [{"items": [], "count": 2, "type": "created"}]}}, {"tips": {"count": 0}, "contact": {"facebook": "538063250"}, "firstName": "Pamela", "gender": "female", "lastName": "Geh", "id": "33401384", "bio": "", "photo": {"prefix": "https://igx.4sqi.net/img/user/", "suffix": "/KSSZJJSONTHXLQG1.jpg"}, "homeCity": "Kuala Lumpur, Malaysia", "lists": {"groups": [{"items": [], "count": 2, "type": "created"}]}}, {"tips": {"count": 1}, "contact": {"facebook": "578393439"}, "firstName": "Soman", "gender": "male", "lastName": "Kurian", "id": "12732807", "bio": "", "photo": {"prefix": "https://igx.4sqi.net/img/user/", "suffix": "/43O1WQAF2TM1Y52Z.jpg"}, "homeCity": "Singapore", "lists": {"groups": [{"items": [], "count": 2, "type": "created"}]}}, {"tips": {"count": 1}, "contact": {"facebook": "679913916"}, "firstName": "Eric", "gender": "male", "lastName": "Remedios", "id": "13698975", "bio": "", "photo": {"prefix": "https://igx.4sqi.net/img/user/", "suffix": "/V3KBOAMTVYM4VM20.jpg"}, "homeCity": "NY", "lists": {"groups": [{"items": [], "count": 2, "type": "created"}]}}, {"tips": {"count": 10}, "contact": {}, "firstName": "N D", "gender": "female", "lastName": "L", "id": "14058630", "bio": "", "photo": {"prefix": "https://igx.4sqi.net/img/user/", "suffix": "/blank_girl.png", "default": true}, "homeCity": "Bayan Lepas, Malaysia", "lists": {"groups": [{"items": [], "count": 2, "type": "created"}]}}, {"tips": {"count": 0}, "contact": {"facebook": "14208535"}, "firstName": "Brittany", "gender": "female", "lastName": "Corsaro", "id": "71920255", "bio": "", "photo": {"prefix": "https://igx.4sqi.net/img/user/", "suffix": "/71920255-QSELIC3GLJ12UD5D.jpg"}, "homeCity": "Indianapolis, IN", "lists": {"groups": [{"items": [], "count": 2, "type": "created"}]}}, {"tips": {"count": 0}, "contact": {"facebook": "100005585113592"}, "firstName": "Rueben", "gender": "male", "lastName": "Ong", "id": "65943220", "bio": "", "photo": {"prefix": "https://igx.4sqi.net/img/user/", "suffix": "/23E1UDB4SO43PWRH.jpg"}, "homeCity": "Petaling Jaya, SGR", "lists": {"groups": [{"items": [], "count": 2, "type": "created"}]}}, {"tips": {"count": 1}, "contact": {"twitter": "preciousask", "facebook": "543259873"}, "firstName": "Amy Sarah", "gender": "female", "lastName": "Kurian", "id": "3832862", "bio": "", "photo": {"prefix": "https://igx.4sqi.net/img/user/", "suffix": "/CQ5OKWLF5QETALIC.jpg"}, "homeCity": "Singapore ", "lists": {"groups": [{"items": [], "count": 2, "type": "created"}]}}, {"tips": {"count": 3}, "contact": {"twitter": "chewyquah", "facebook": "660670170"}, "firstName": "Chewy", "gender": "male", "lastName": "Quah", "id": "34053346", "bio": "Randomly Spontaneous. Loving, Passionate and Confident", "photo": {"prefix": "https://igx.4sqi.net/img/user/", "suffix": "/1PSC52GPFSZVCCZI.jpg"}, "homeCity": "Singapore", "lists": {"groups": [{"items": [], "count": 2, "type": "created"}]}}, {"tips": {"count": 1}, "contact": {"facebook": "656744861"}, "firstName": "Kok Han", "gender": "male", "lastName": "Chin", "id": "12739430", "bio": "", "photo": {"prefix": "https://igx.4sqi.net/img/user/", "suffix": "/44DR2CLFGCP33PW3.jpg"}, "homeCity": "Pulau Pinang, Malaysia", "lists": {"groups": [{"items": [], "count": 2, "type": "created"}]}}, {"tips": {"count": 5}, "contact": {"facebook": "705583245"}, "firstName": "Priscillia", "gender": "female", "lastName": "Khoo", "id": "54400141", "bio": "", "photo": {"prefix": "https://igx.4sqi.net/img/user/", "suffix": "/OULUQKNCRQS44GTO.jpg"}, "homeCity": "Penang, Malaysia", "lists": {"groups": [{"items": [], "count": 2, "type": "created"}]}}, {"tips": {"count": 2}, "contact": {"twitter": "devilishonline", "facebook": "729441802"}, "firstName": "Jeremy", "gender": "male", "lastName": "Heng", "id": "4001465", "bio": "", "photo": {"prefix": "https://igx.4sqi.net/img/user/", "suffix": "/BSG5PQE3XHYQWXCJ.jpg"}, "homeCity": "Toronto, Ontario", "lists": {"groups": [{"items": [], "count": 2, "type": "created"}]}}, {"tips": {"count": 0}, "contact": {"facebook": "100000528000288"}, "firstName": "Sheila", "gender": "female", "id": "34223304", "bio": "", "photo": {"prefix": "https://igx.4sqi.net/img/user/", "suffix": "/L14WYTFKC4XTXW0G.jpg"}, "homeCity": "Selangor", "lists": {"groups": [{"items": [], "count": 2, "type": "created"}]}}, {"tips": {"count": 5}, "contact": {"facebook": "724429567"}, "firstName": "Ching", "gender": "male", "lastName": "Chee Heng", "id": "15871521", "bio": "", "photo": {"prefix": "https://igx.4sqi.net/img/user/", "suffix": "/1JMF5GPWGDM45ZS3.jpg"}, "homeCity": "Bukit Rimau, Malaysia", "lists": {"groups": [{"items": [], "count": 2, "type": "created"}]}}, {"tips": {"count": 0}, "contact": {"facebook": "568260291"}, "firstName": "Gayle", "gender": "female", "lastName": "Barbosa", "id": "69589510", "bio": "", "photo": {"prefix": "https://igx.4sqi.net/img/user/", "suffix": "/0SQJPVIVE5BLH4RY.jpg"}, "homeCity": "George Town, PNG", "lists": {"groups": [{"items": [], "count": 2, "type": "created"}]}}, {"tips": {"count": 0}, "contact": {"facebook": "633126342"}, "firstName": "Kheng Lin", "gender": "female", "lastName": "Ang", "id": "83545928", "bio": "", "photo": {"prefix": "https://igx.4sqi.net/img/user/", "suffix": "/83545928-14IWIWRB510HX5BV.jpg"}, "homeCity": "Penang, Malaysia", "lists": {"groups": [{"items": [], "count": 2, "type": "created"}]}}, {"tips": {"count": 0}, "contact": {"facebook": "1295121671"}, "firstName": "Sha-Maine", "gender": "none", "id": "83621198", "bio": "", "photo": {"prefix": "https://igx.4sqi.net/img/user/", "suffix": "/83621198-KVIH5QSNFXPW3KGQ.jpg"}, "homeCity": "George Town, PNG", "lists": {"groups": [{"items": [], "count": 2, "type": "created"}]}}], "count": 91}, "checksum": "b7420ae3b2b14552a6fb3001f408467c975e2cf7"}, "meta": {"requestId": "5965be4a9fb6b77be2b1bb52", "code": 200}}