{"notifications": [{"type": "notificationTray", "item": {"unreadCount": 0}}], "response": {"friends": {"items": [{"tips": {"count": 0}, "contact": {"facebook": "10156105684065322"}, "firstName": "David", "gender": "male", "lastName": "Leung", "id": "55425383", "bio": "", "photo": {"prefix": "https://igx.4sqi.net/img/user/", "suffix": "/55425383-AELA4XZZ0PDT51FY.jpg"}, "homeCity": "Hong Kong", "lists": {"groups": [{"items": [], "count": 2, "type": "created"}]}}, {"tips": {"count": 79}, "contact": {"twitter": "e_ting"}, "firstName": "e_ting", "gender": "female", "id": "4347605", "bio": "", "photo": {"prefix": "https://igx.4sqi.net/img/user/", "suffix": "/DMZ2IVLGSQEW5DZD.jpg"}, "homeCity": "Hong Kong", "lists": {"groups": [{"items": [], "count": 7, "type": "created"}]}}, {"tips": {"count": 3}, "contact": {"twitter": "jessicaotway", "facebook": "591853411"}, "firstName": "Mrs. Otway", "gender": "female", "id": "25777229", "bio": "Mom, Wife, Praise and Worship Leader, Philanthropist, Designer and Accountant who lives in Puerto Rico the Isle of Enchantment.", "photo": {"prefix": "https://igx.4sqi.net/img/user/", "suffix": "/YHXRZ25MJZVL21TG.jpg"}, "homeCity": "Levittown, PR", "lists": {"groups": [{"items": [], "count": 2, "type": "created"}]}}, {"tips": {"count": 9}, "contact": {"facebook": "738794392"}, "firstName": "ju", "gender": "female", "id": "4250146", "bio": "", "photo": {"prefix": "https://igx.4sqi.net/img/user/", "suffix": "/UODUC2NMTKJOH5YT.jpg"}, "homeCity": "", "lists": {"groups": [{"items": [], "count": 5, "type": "created"}]}}, {"tips": {"count": 0}, "contact": {"facebook": "647715062"}, "firstName": "Jacqueline", "gender": "female", "lastName": "Fung", "id": "8035622", "bio": "", "photo": {"prefix": "https://igx.4sqi.net/img/user/", "suffix": "/RFMRP5YFZ5HM2GX0.jpg"}, "homeCity": "Hong Kong", "lists": {"groups": [{"items": [], "count": 2, "type": "created"}]}}, {"tips": {"count": 0}, "contact": {"facebook": "729847571"}, "firstName": "Herbert", "gender": "male", "lastName": "Lui", "id": "54507571", "bio": "", "photo": {"prefix": "https://igx.4sqi.net/img/user/", "suffix": "/0KXJMZ5WKCXJ1EZH.jpg"}, "homeCity": "Hong Kong", "lists": {"groups": [{"items": [], "count": 2, "type": "created"}]}}, {"tips": {"count": 16}, "contact": {"twitter": "eddiesky", "facebook": "573871685"}, "firstName": "Eddie", "gender": "male", "lastName": "Sky", "id": "235077", "bio": "http://eddiesky.com\r\n@eddiesky on Instagram and everywhere", "photo": {"prefix": "https://irs0.4sqi.net/img/user/", "suffix": "/-TNNTNQF5TPMXWS14.jpg"}, "homeCity": "Hong Kong / Macau", "lists": {"groups": [{"items": [], "count": 6, "type": "created"}]}}, {"tips": {"count": 0}, "contact": {"twitter": "art0925", "facebook": "39208694"}, "firstName": "Arthur", "gender": "male", "lastName": "Lee", "id": "2194089", "bio": "", "photo": {"prefix": "https://igx.4sqi.net/img/user/", "suffix": "/AJO40PXGTMZDDHFE.jpg"}, "homeCity": "\u897f\u4e5d\u9f8d, \u4e5d\u9f8d", "lists": {"groups": [{"items": [], "count": 2, "type": "created"}]}}, {"tips": {"count": 144}, "contact": {"twitter": "deeseebeaucoup", "facebook": "839460716"}, "firstName": "Daniel", "gender": "male", "lastName": "C.", "id": "1584990", "bio": "F&B Publicist. Chef. Dreamer. Student. Dilettante. Prone to libertine impulses. Sleep evangelist.", "photo": {"prefix": "https://igx.4sqi.net/img/user/", "suffix": "/1584990_PwZbelyY_e72lTvA30LZymRume-9CQtZctm0MFrlz8TBQB4Akk3kyjfzrun-3uVsZJX--SZ4J.jpg"}, "homeCity": "Hong Kong", "lists": {"groups": [{"items": [], "count": 4, "type": "created"}]}}, {"tips": {"count": 49}, "contact": {"twitter": "frankfung", "facebook": "528271710"}, "firstName": "Frank", "gender": "male", "lastName": "Fung", "id": "607193", "bio": "I eat a lot.", "photo": {"prefix": "https://igx.4sqi.net/img/user/", "suffix": "/W3SGPJEVQTVJUURO.jpg"}, "homeCity": "Hong Kong", "lists": {"groups": [{"items": [], "count": 4, "type": "created"}]}}, {"tips": {"count": 0}, "contact": {"twitter": "hktraveller"}, "firstName": "traveller", "gender": "male", "id": "1075334", "bio": "", "photo": {"prefix": "https://igx.4sqi.net/img/user/", "suffix": "/blank_boy.png", "default": true}, "homeCity": "Hong Kong", "lists": {"groups": [{"items": [], "count": 3, "type": "created"}]}}, {"tips": {"count": 6}, "contact": {"twitter": "kwskan", "facebook": "100000926257589"}, "firstName": "Kevin W S", "gender": "male", "lastName": "Kan", "id": "35278181", "bio": "Create, Innovate, Educate", "photo": {"prefix": "https://igx.4sqi.net/img/user/", "suffix": "/35278181-JYRIS2KHLGGVYBK4.jpg"}, "homeCity": "Hong Kong ", "lists": {"groups": [{"items": [], "count": 2, "type": "created"}]}}, {"tips": {"count": 13}, "contact": {"twitter": "pietrobeconcini", "facebook": "1089067505"}, "firstName": "Eva", "gender": "female", "lastName": "Bellagamba", "id": "3352223", "bio": "wine export manager @Pietro Beconcini agricola WINERY, Tuscany   www.pietrobeconcini.com", "photo": {"prefix": "https://igx.4sqi.net/img/user/", "suffix": "/3352223-NRNOY4A05JVSYMYX.jpg"}, "homeCity": "San Miniato, Italia", "lists": {"groups": [{"items": [], "count": 2, "type": "created"}]}}, {"tips": {"count": 40}, "contact": {"twitter": "camemberu", "facebook": "521452430"}, "firstName": "Catherine", "gender": "female", "lastName": "Ling", "id": "726583", "bio": "Camemberu.com - \"Every meal an adventure!\" - food and travel blog", "photo": {"prefix": "https://igx.4sqi.net/img/user/", "suffix": "/726583-1WKEF024YQXAGVIS.jpg"}, "homeCity": "Singapore", "lists": {"groups": [{"items": [], "count": 9, "type": "created"}]}}, {"tips": {"count": 41}, "contact": {"facebook": "732235190"}, "firstName": "Peter", "gender": "male", "lastName": "Chang", "id": "2405749", "bio": "", "photo": {"prefix": "https://igx.4sqi.net/img/user/", "suffix": "/1MB3ODS15M5C4MDM.jpg"}, "homeCity": "Hong Kong", "lists": {"groups": [{"items": [], "count": 3, "type": "created"}]}}, {"tips": {"count": 42}, "contact": {"twitter": "jasonbonvivant"}, "firstName": "Jason Tse", "gender": "male", "id": "4137069", "bio": "", "photo": {"prefix": "https://igx.4sqi.net/img/user/", "suffix": "/EZYCPURRTJ4R0PWW.jpg"}, "homeCity": "Hong Kong", "lists": {"groups": [{"items": [], "count": 11, "type": "created"}]}}, {"tips": {"count": 260}, "contact": {"twitter": "zacell", "facebook": "649885895"}, "firstName": "Power Gal", "gender": "female", "id": "33692423", "bio": "JUST do it!", "photo": {"prefix": "https://igx.4sqi.net/img/user/", "suffix": "/33692423_cOvWrTv0_rPSWDzv3J9D34eWW-ikgoGXLDxh1Ifthul1cSMFO0dHt3ofXXzh0c-wN8_2KhPqh.jpg"}, "homeCity": "Central District", "lists": {"groups": [{"items": [], "count": 2, "type": "created"}]}}, {"tips": {"count": 7}, "contact": {"twitter": "gregoiremichaud"}, "firstName": "Gregoire", "gender": "male", "lastName": "Michaud", "id": "21253714", "bio": "", "photo": {"prefix": "https://igx.4sqi.net/img/user/", "suffix": "/IK4VRGZW5TJL0OBD.jpg"}, "homeCity": "Hong Kong", "lists": {"groups": [{"items": [], "count": 2, "type": "created"}]}}, {"tips": {"count": 32}, "contact": {"facebook": "688085523"}, "firstName": "Freda", "gender": "female", "lastName": "Wong", "id": "6447392", "bio": "A hardcore Goonerette who's a drunkard, coffee & movie lover!", "photo": {"prefix": "https://igx.4sqi.net/img/user/", "suffix": "/6447392_l2ARRq12_osSVsX0VD-mx4EoUnzHcTeAP1oIoUMLqJNDWwq9Cnkla3o9t3mk_jbYcrFSgM3OO.jpg"}, "homeCity": "Prince Edward", "lists": {"groups": [{"items": [], "count": 2, "type": "created"}]}}, {"tips": {"count": 7}, "contact": {"twitter": "martinpoon", "facebook": "554764740"}, "firstName": "Martin", "gender": "male", "lastName": "POON", "id": "76169934", "bio": "Wanna travel everywhere ~~", "photo": {"prefix": "https://igx.4sqi.net/img/user/", "suffix": "/76169934-J0ZTXHPH2OCDZ1GJ.jpg"}, "homeCity": "Hong Kong", "lists": {"groups": [{"items": [], "count": 2, "type": "created"}]}}, {"tips": {"count": 2}, "contact": {"twitter": "chocolatemuimui", "facebook": "100002887700679"}, "firstName": "muimui", "gender": "female", "lastName": "chocolate", "id": "23889798", "bio": "www.chocolatemuimui.com", "photo": {"prefix": "https://igx.4sqi.net/img/user/", "suffix": "/23889798-HAT4ZJHGVW0PM3XB.jpg"}, "homeCity": "hong kong", "lists": {"groups": [{"items": [], "count": 4, "type": "created"}]}}, {"tips": {"count": 0}, "contact": {"facebook": "100000227495960"}, "firstName": "Ann", "gender": "female", "lastName": "LO", "id": "93983124", "bio": "", "photo": {"prefix": "https://igx.4sqi.net/img/user/", "suffix": "/93983124-CHWVYI5MSRKR52KH.jpg"}, "homeCity": "Hong Kong", "lists": {"groups": [{"items": [], "count": 2, "type": "created"}]}}, {"tips": {"count": 23}, "contact": {"twitter": "cookingmeow", "facebook": "100000775322623"}, "firstName": "Meow", "gender": "female", "lastName": "Cooking", "id": "4538018", "bio": "", "photo": {"prefix": "https://igx.4sqi.net/img/user/", "suffix": "/VDCSTNDFLJURVNIW.jpg"}, "homeCity": "Hong Kong", "lists": {"groups": [{"items": [], "count": 2, "type": "created"}]}}, {"tips": {"count": 9}, "contact": {}, "firstName": "Kennis", "gender": "female", "lastName": "Ko", "id": "75176120", "bio": "WhisKy | WiNe | COffEE | Dessert | BReAd | MeOw | Happy", "photo": {"prefix": "https://igx.4sqi.net/img/user/", "suffix": "/75176120-LAWJN10IAYPJVVWC.jpg"}, "homeCity": "Hong Kong", "lists": {"groups": [{"items": [], "count": 21, "type": "created"}]}}, {"tips": {"count": 1}, "contact": {"facebook": "659777501"}, "firstName": "Edith", "gender": "female", "lastName": "Ng", "id": "42208474", "bio": "", "photo": {"prefix": "https://igx.4sqi.net/img/user/", "suffix": "/TIZPZNXAJDDB4PHY.jpg"}, "homeCity": "New York, NY", "lists": {"groups": [{"items": [], "count": 2, "type": "created"}]}}, {"tips": {"count": 11}, "contact": {"twitter": "knowmorechris", "facebook": "737429757"}, "firstName": "Chris", "gender": "male", "lastName": "Lam", "id": "730976", "bio": "Every smile is an excuse of sadness.\r\nGuy from Hong Kong talks Coffee, Food, Photography, Design, Music.", "photo": {"prefix": "https://igx.4sqi.net/img/user/", "suffix": "/730976-0ZXKNNTWM3JRUQG5.jpg"}, "homeCity": "Tuen Mun, Hong Kong.", "lists": {"groups": [{"items": [], "count": 2, "type": "created"}]}}, {"tips": {"count": 2}, "contact": {"facebook": "1214263175"}, "firstName": "Au", "gender": "female", "lastName": "Charity", "id": "83612880", "bio": "", "photo": {"prefix": "https://igx.4sqi.net/img/user/", "suffix": "/83612880-R0HW41XWOYOATLVN.jpg"}, "homeCity": "Hong Kong", "lists": {"groups": [{"items": [], "count": 2, "type": "created"}]}}, {"tips": {"count": 286}, "contact": {"facebook": "10152645414419580"}, "firstName": "KC", "gender": "male", "lastName": "Koo", "id": "41953837", "bio": "", "photo": {"prefix": "https://igx.4sqi.net/img/user/", "suffix": "/41953837-PD2EWEAE2EGJQ25T.jpg"}, "homeCity": "Hong Kong", "lists": {"groups": [{"items": [], "count": 5, "type": "created"}]}}, {"tips": {"count": 22}, "contact": {"twitter": "liclaudia", "facebook": "554818740"}, "firstName": "Claudia", "gender": "female", "lastName": "Li", "id": "46113239", "bio": "", "photo": {"prefix": "https://igx.4sqi.net/img/user/", "suffix": "/BE3GL5L1WZOCV1Y3.jpg"}, "homeCity": "Hong Kong", "lists": {"groups": [{"items": [], "count": 2, "type": "created"}]}}, {"tips": {"count": 1}, "contact": {"twitter": "hudsonchang", "facebook": "700381845"}, "firstName": "Hudson", "gender": "male", "lastName": "Chang", "id": "12752597", "bio": "", "photo": {"prefix": "https://igx.4sqi.net/img/user/", "suffix": "/OF53MTNDEAOHR0KF.jpg"}, "homeCity": "Hong Kong", "lists": {"groups": [{"items": [], "count": 2, "type": "created"}]}}, {"tips": {"count": 568}, "contact": {"twitter": "bytbs", "facebook": "453641698141867"}, "firstName": "travis", "gender": "male", "lastName": "hudson", "id": "83973101", "bio": "", "photo": {"prefix": "https://igx.4sqi.net/img/user/", "suffix": "/83973101_HQwkI2cA_ExDyDN0VykqVcqPa8qo9629Ojo9cn5R3ue13tNX9I_8STe2MOw7vIUTHDrS2_oUE.jpg"}, "homeCity": "Macau, Concelho de Macau", "lists": {"groups": [{"items": [], "count": 2, "type": "created"}]}}, {"tips": {"count": 0}, "contact": {}, "firstName": "Angel", "gender": "female", "lastName": "Cheng", "id": "94512266", "bio": "", "photo": {"prefix": "https://igx.4sqi.net/img/user/", "suffix": "/94512266-VFV4IMBKFO2KV3XU.jpg"}, "homeCity": "Hong Kong", "lists": {"groups": [{"items": [], "count": 2, "type": "created"}]}}, {"tips": {"count": 21}, "contact": {"twitter": "alanklwu", "facebook": "522363459"}, "firstName": "Alan", "gender": "male", "lastName": "Wu", "id": "43644525", "bio": "", "photo": {"prefix": "https://igx.4sqi.net/img/user/", "suffix": "/AFZHPCTW4TYDMZ4I.jpg"}, "homeCity": "Hong Kong", "lists": {"groups": [{"items": [], "count": 2, "type": "created"}]}}, {"tips": {"count": 0}, "contact": {"facebook": "1401262649"}, "firstName": "J\u00e4y", "gender": "male", "lastName": "Fung", "id": "80485539", "bio": "", "photo": {"prefix": "https://igx.4sqi.net/img/user/", "suffix": "/80485539-SELHHXTK3ASFN3AV.jpg"}, "homeCity": "Kowloon, Hong Kong", "lists": {"groups": [{"items": [], "count": 2, "type": "created"}]}}, {"tips": {"count": 70}, "contact": {"twitter": "pexpress2002", "facebook": "1152801934"}, "firstName": "Patrick", "gender": "male", "lastName": "Peh", "id": "838688", "bio": "Money remittance service provider........call me if u need", "photo": {"prefix": "https://igx.4sqi.net/img/user/", "suffix": "/838688-SIB5XGNCAALEBPM4.jpg"}, "homeCity": "Singapore", "lists": {"groups": [{"items": [], "count": 7, "type": "created"}]}}, {"tips": {"count": 0}, "contact": {"facebook": "649077930"}, "firstName": "Joseph", "gender": "male", "lastName": "Lau", "id": "83700651", "bio": "", "photo": {"prefix": "https://igx.4sqi.net/img/user/", "suffix": "/83700651-XPMIPZZ0EDBKMU5P.jpg"}, "homeCity": "Hong Kong", "lists": {"groups": [{"items": [], "count": 2, "type": "created"}]}}, {"tips": {"count": 0}, "contact": {"facebook": "513045408"}, "firstName": "Justina", "gender": "female", "lastName": "Wong", "id": "43758158", "bio": "", "photo": {"prefix": "https://igx.4sqi.net/img/user/", "suffix": "/KBW0FA4TWXQC3ZSN.jpg"}, "homeCity": "hong kong", "lists": {"groups": [{"items": [], "count": 3, "type": "created"}]}}, {"tips": {"count": 2}, "contact": {"facebook": "622352605"}, "firstName": "Mau", "gender": "male", "lastName": "Chai", "id": "4392678", "bio": "", "photo": {"prefix": "https://igx.4sqi.net/img/user/", "suffix": "/2ITQ0OTQMJIVYWYD.jpg"}, "homeCity": "Hongkong", "lists": {"groups": [{"items": [], "count": 2, "type": "created"}]}}, {"tips": {"count": 4}, "contact": {"facebook": "36918027"}, "firstName": "Boffin", "gender": "female", "lastName": "Chan", "id": "45736563", "bio": "", "photo": {"prefix": "https://igx.4sqi.net/img/user/", "suffix": "/3XNZ4T5YOHYJPCPU.jpg"}, "homeCity": "Hong Kong", "lists": {"groups": [{"items": [], "count": 2, "type": "created"}]}}, {"tips": {"count": 67}, "contact": {"twitter": "dor19", "facebook": "563084399"}, "firstName": "Dorothy", "gender": "female", "lastName": "Ma", "id": "7559776", "bio": "", "photo": {"prefix": "https://igx.4sqi.net/img/user/", "suffix": "/7559776-ORYAEK5X32XC2BMB.jpg"}, "homeCity": "Hong Kong", "lists": {"groups": [{"items": [], "count": 12, "type": "created"}]}}], "count": 40}, "checksum": "81ebc0038f07145226bfc57433d61c9d16d33795"}, "meta": {"requestId": "5965d1904c1f67701d3a6aed", "code": 200}}