{"notifications": [{"type": "notificationTray", "item": {"unreadCount": 0}}], "response": {"friends": {"items": [{"tips": {"count": 3}, "contact": {"facebook": "578589427"}, "firstName": "Adeline", "gender": "female", "lastName": "Chong", "id": "12799889", "bio": "", "photo": {"prefix": "https://igx.4sqi.net/img/user/", "suffix": "/IXTP3LB3C1RAMGJL.jpg"}, "homeCity": "Kuala Lumpur, Malaysia", "lists": {"groups": [{"items": [], "count": 2, "type": "created"}]}}, {"tips": {"count": 247}, "contact": {"twitter": "sparklette", "facebook": "598180568"}, "firstName": "Veron @ Sparklette.net", "gender": "female", "id": "286427", "bio": "", "photo": {"prefix": "https://igx.4sqi.net/img/user/", "suffix": "/BQODELOYU34CMCTJ.jpg"}, "homeCity": "Singapore", "lists": {"groups": [{"items": [], "count": 2, "type": "created"}]}}, {"tips": {"count": 22}, "contact": {"twitter": "maumauseven", "facebook": "1282125664"}, "firstName": "Masahiro", "gender": "male", "lastName": "Shinogi", "id": "608715", "bio": "", "photo": {"prefix": "https://igx.4sqi.net/img/user/", "suffix": "/YON5U50TCES1XHPD.jpg"}, "homeCity": "minatoku, tokyo", "lists": {"groups": [{"items": [], "count": 3, "type": "created"}]}}, {"tips": {"count": 45}, "contact": {}, "firstName": "Fienuts", "gender": "female", "id": "591918", "bio": "Travel Chameleon. A serious case of wanderlust.", "photo": {"prefix": "https://igx.4sqi.net/img/user/", "suffix": "/591918-N2RGZV4ARAC30QMH.jpg"}, "homeCity": "Phnom Penh", "lists": {"groups": [{"items": [], "count": 6, "type": "created"}]}}, {"tips": {"count": 1}, "contact": {"twitter": "nobutomo", "facebook": "1326581330"}, "firstName": "Hiroyuki", "gender": "male", "lastName": "Nobutomo", "id": "1213834", "bio": "", "photo": {"prefix": "https://igx.4sqi.net/img/user/", "suffix": "/blank_boy.png", "default": true}, "homeCity": "\u4e2d\u592e\u533a, \u6771\u4eac\u90fd", "lists": {"groups": [{"items": [], "count": 2, "type": "created"}]}}, {"tips": {"count": 1}, "contact": {"facebook": "524889913"}, "firstName": "Midori", "gender": "female", "lastName": "Ikeda", "id": "15033191", "bio": "", "photo": {"prefix": "https://igx.4sqi.net/img/user/", "suffix": "/SUC4WNRR4SISDB3G.jpg"}, "homeCity": "\u6e0b\u8c37\u533a, \u65e5\u672c", "lists": {"groups": [{"items": [], "count": 2, "type": "created"}]}}, {"tips": {"count": 3}, "contact": {}, "firstName": "Allen", "gender": "male", "lastName": "Wang", "id": "45403173", "bio": "", "photo": {"prefix": "https://igx.4sqi.net/img/user/", "suffix": "/ONY4HRVXDBKW0N2N.jpg"}, "homeCity": "Taipei, Taiwan", "lists": {"groups": [{"items": [], "count": 8, "type": "created"}]}}], "count": 7}, "checksum": "0ce07a371987ce50e8b5dfb946f88cd5126a9140"}, "meta": {"requestId": "5965c3936a6071143cc55cec", "code": 200}}