{"notifications": [{"type": "notificationTray", "item": {"unreadCount": 0}}], "response": {"friends": {"items": [{"tips": {"count": 5}, "contact": {}, "firstName": "Joshua", "gender": "male", "lastName": "Chua", "id": "10322679", "bio": "", "photo": {"prefix": "https://igx.4sqi.net/img/user/", "suffix": "/PJ4TSMI3NJK5ALCS.jpg"}, "homeCity": "Singapore", "lists": {"groups": [{"items": [], "count": 2, "type": "created"}]}}, {"tips": {"count": 27}, "contact": {"twitter": "markmillinnium", "facebook": "10155088309945045"}, "firstName": "Marcopolo", "gender": "male", "lastName": "L", "id": "1599815", "bio": "A stay at home favorite", "photo": {"prefix": "https://igx.4sqi.net/img/user/", "suffix": "/TYFVCKHLB0DV3C3I.jpg"}, "homeCity": "Victoria, Australia", "lists": {"groups": [{"items": [], "count": 3, "type": "created"}]}}, {"tips": {"count": 8}, "contact": {"facebook": "572241953"}, "firstName": "Rick", "gender": "male", "lastName": "Tan", "id": "37416945", "bio": "", "photo": {"prefix": "https://igx.4sqi.net/img/user/", "suffix": "/ITFXLLS3X02KSXY0.jpg"}, "homeCity": "Selangor", "lists": {"groups": [{"items": [], "count": 2, "type": "created"}]}}, {"tips": {"count": 0}, "contact": {"twitter": "sharida_sha", "facebook": "1385404819"}, "firstName": "Sharida", "gender": "female", "id": "10126456", "bio": "", "photo": {"prefix": "https://igx.4sqi.net/img/user/", "suffix": "/10126456-VSPAZT3UON1VQZSX.jpg"}, "homeCity": "Singapore", "lists": {"groups": [{"items": [], "count": 2, "type": "created"}]}}, {"tips": {"count": 0}, "contact": {"twitter": "leeyou928", "facebook": "648047067"}, "firstName": "Lee Yoh", "gender": "male", "id": "5516351", "bio": "", "photo": {"prefix": "https://igx.4sqi.net/img/user/", "suffix": "/5516351-F0LT2KIWV01OTUQ1.jpg"}, "homeCity": "Singapore", "lists": {"groups": [{"items": [], "count": 2, "type": "created"}]}}, {"tips": {"count": 6}, "contact": {"twitter": "kennyvoon", "facebook": "10156921290215182"}, "firstName": "Kenny", "gender": "male", "lastName": "Voon", "id": "69348156", "bio": "", "photo": {"prefix": "https://igx.4sqi.net/img/user/", "suffix": "/MHLCTO1MMF2UEHH1.jpg"}, "homeCity": "Seri Kembangan, Malaysia", "lists": {"groups": [{"items": [], "count": 2, "type": "created"}]}}, {"tips": {"count": 0}, "contact": {"facebook": "561477604"}, "firstName": "Chin Fong", "gender": "male", "lastName": "Ho", "id": "3164645", "bio": "", "photo": {"prefix": "https://igx.4sqi.net/img/user/", "suffix": "/DBOMZWIB1EF40IVC.jpg"}, "homeCity": "Singapore", "lists": {"groups": [{"items": [], "count": 2, "type": "created"}]}}, {"tips": {"count": 0}, "contact": {"twitter": "fredwu", "facebook": "696571659"}, "firstName": "Fred", "gender": "male", "lastName": "Wu", "id": "561585", "bio": "", "photo": {"prefix": "https://igx.4sqi.net/img/user/", "suffix": "/OSRO4DHSZCH1JX0C.jpg"}, "homeCity": "Glen Iris, VIC", "lists": {"groups": [{"items": [], "count": 2, "type": "created"}]}}, {"tips": {"count": 17}, "contact": {"twitter": "paulpsycho", "facebook": "723486992"}, "firstName": "paul anthony", "gender": "male", "lastName": "javier", "id": "12539993", "bio": "", "photo": {"prefix": "https://igx.4sqi.net/img/user/", "suffix": "/12539993-R2PCY1S25MST0X33.jpg"}, "homeCity": "Singapore", "lists": {"groups": [{"items": [], "count": 2, "type": "created"}]}}, {"tips": {"count": 0}, "contact": {}, "firstName": "Linxin", "gender": "female", "lastName": "Ang", "id": "12214777", "bio": "", "photo": {"prefix": "https://igx.4sqi.net/img/user/", "suffix": "/UMTMPXKU35M4W3TZ.jpg"}, "homeCity": "Singapore", "lists": {"groups": [{"items": [], "count": 2, "type": "created"}]}}, {"tips": {"count": 0}, "contact": {"facebook": "1538257359"}, "firstName": "Andrea Nez", "gender": "female", "lastName": "Archival", "id": "53860037", "bio": "", "photo": {"prefix": "https://igx.4sqi.net/img/user/", "suffix": "/EWXUESOMURRNNH25.jpg"}, "homeCity": "Singapore", "lists": {"groups": [{"items": [], "count": 2, "type": "created"}]}}], "count": 11}, "checksum": "56785c6152b75855a0f2e86a2e3c282084f6db19"}, "meta": {"requestId": "5965b9361ed2191a00bd2757", "code": 200}}