{"notifications": [{"type": "notificationTray", "item": {"unreadCount": 0}}], "meta": {"requestId": "5966cd0f1ed2196304f3ea7e", "code": 200}, "response": {"friends": {"count": 10, "items": [{"id": "7829758", "photo": {"prefix": "https://igx.4sqi.net/img/user/", "suffix": "/CB21XFXOIOZZU01R.jpg"}, "homeCity": "Singapore", "contact": {"facebook": "735394432", "twitter": "ahchiing"}, "firstName": "Ong", "tips": {"count": 0}, "gender": "female", "lastName": "Sze Ching", "lists": {"groups": [{"count": 2, "type": "created", "items": []}]}, "bio": ""}, {"id": "1246155", "photo": {"prefix": "https://igx.4sqi.net/img/user/", "suffix": "/1246155-30XYJNQUR0GUKJBH.jpg"}, "homeCity": "Wellington, New Zealand", "contact": {"facebook": "669818868", "twitter": "teekee_"}, "firstName": "Tracy", "tips": {"count": 0}, "gender": "female", "lastName": "Kee", "lists": {"groups": [{"count": 2, "type": "created", "items": []}]}, "bio": ""}, {"id": "13111938", "photo": {"prefix": "https://igx.4sqi.net/img/user/", "suffix": "/GLQMYGKPD1O2YGE5.jpg"}, "homeCity": "NY", "contact": {"facebook": "676327566"}, "firstName": "Shafiqah", "tips": {"count": 0}, "gender": "female", "lastName": "Athirah", "lists": {"groups": [{"count": 2, "type": "created", "items": []}]}, "bio": ""}, {"id": "6077023", "photo": {"prefix": "https://igx.4sqi.net/img/user/", "suffix": "/4EMHEW4YIH4I5RYM.jpg"}, "homeCity": "New York, NY", "contact": {"facebook": "1336785662", "twitter": "_joyyyyyy"}, "firstName": "Joy", "tips": {"count": 0}, "gender": "none", "lastName": "Tan", "lists": {"groups": [{"count": 2, "type": "created", "items": []}]}, "bio": ""}, {"id": "16076395", "photo": {"prefix": "https://igx.4sqi.net/img/user/", "suffix": "/0JEAIPNSFUFOGNAJ.jpg"}, "homeCity": "Singapore", "contact": {"twitter": "eclaireeeee"}, "firstName": "Elaine", "tips": {"count": 0}, "gender": "female", "lastName": "Claire", "lists": {"groups": [{"count": 2, "type": "created", "items": []}]}, "bio": ""}, {"id": "20464794", "photo": {"prefix": "https://igx.4sqi.net/img/user/", "suffix": "/20464794-KLO2CATGESWJ1P4T.jpg"}, "homeCity": "Singapore, Singapore", "contact": {"facebook": "1028752465"}, "firstName": "Poh", "tips": {"count": 0}, "gender": "female", "lastName": "Rui Min", "lists": {"groups": [{"count": 2, "type": "created", "items": []}]}, "bio": ""}, {"id": "24655052", "photo": {"prefix": "https://igx.4sqi.net/img/user/", "suffix": "/MGJS0AWXQIPHNNZK.jpg"}, "homeCity": "Singapore, Singapore", "contact": {"facebook": "100001061323163"}, "firstName": "Vivien", "tips": {"count": 0}, "gender": "female", "lastName": "XinYun", "lists": {"groups": [{"count": 2, "type": "created", "items": []}]}, "bio": ""}, {"id": "16271216", "photo": {"prefix": "https://igx.4sqi.net/img/user/", "suffix": "/0X5CI1NSV5XUBJBE.jpg"}, "homeCity": "Singapore", "contact": {"facebook": "1637678881", "twitter": "onenonlyvetee"}, "firstName": "Yvette", "tips": {"count": 3}, "gender": "female", "lastName": "Qi", "lists": {"groups": [{"count": 2, "type": "created", "items": []}]}, "bio": ""}, {"id": "26701881", "photo": {"prefix": "https://igx.4sqi.net/img/user/", "suffix": "/5GDE2LEH314OZ2UA.jpg"}, "homeCity": "Singapore, Singapore", "contact": {"facebook": "695928932"}, "firstName": "Christie", "tips": {"count": 1}, "gender": "female", "lastName": "Han", "lists": {"groups": [{"count": 2, "type": "created", "items": []}]}, "bio": "Loving the world, and living life."}, {"id": "11486823", "photo": {"prefix": "https://igx.4sqi.net/img/user/", "suffix": "/SIBJM4PTEQD3UJDE.jpg"}, "homeCity": "Singapore", "contact": {"twitter": "kimkatekaya"}, "firstName": "Kimberly", "tips": {"count": 0}, "gender": "female", "lastName": "Kate", "lists": {"groups": [{"count": 2, "type": "created", "items": []}]}, "bio": ""}]}, "checksum": "7112a0c9fabfe4161507f3c4c3e163da8dc402a1"}}