{"notifications": [{"type": "notificationTray", "item": {"unreadCount": 0}}], "response": {"friends": {"items": [{"tips": {"count": 0}, "contact": {"facebook": "1781844861"}, "firstName": "Loh", "gender": "male", "lastName": "Timothy", "id": "10705706", "bio": "", "photo": {"prefix": "https://igx.4sqi.net/img/user/", "suffix": "/JWCQTEJHPOSCHIF0.jpg"}, "homeCity": "Singapore", "lists": {"groups": [{"items": [], "count": 2, "type": "created"}]}}, {"tips": {"count": 1}, "contact": {"facebook": "100001934105754"}, "firstName": "Kumiko", "gender": "female", "lastName": "Hirose", "id": "50314230", "bio": "", "photo": {"prefix": "https://igx.4sqi.net/img/user/", "suffix": "/QHUU0OOI2XQ1SJTH.jpg"}, "homeCity": "Shiki, 34", "lists": {"groups": [{"items": [], "count": 2, "type": "created"}]}}, {"tips": {"count": 1}, "contact": {"twitter": "jaceliew", "facebook": "798013083"}, "firstName": "Jace", "gender": "female", "lastName": "Liew", "id": "2343641", "bio": "", "photo": {"prefix": "https://igx.4sqi.net/img/user/", "suffix": "/KWL5MYUI2DT3Y2LY.jpg"}, "homeCity": "Singapore", "lists": {"groups": [{"items": [], "count": 2, "type": "created"}]}}, {"tips": {"count": 0}, "contact": {}, "firstName": "Jasmine", "gender": "female", "lastName": "Kwok", "id": "10428376", "bio": "", "photo": {"prefix": "https://igx.4sqi.net/img/user/", "suffix": "/blank_girl.png", "default": true}, "homeCity": "Singapore", "lists": {"groups": [{"items": [], "count": 2, "type": "created"}]}}, {"tips": {"count": 0}, "contact": {"twitter": "tucksoonchong"}, "firstName": "chong", "gender": "male", "lastName": "tucksoon", "id": "9751423", "bio": "", "photo": {"prefix": "https://igx.4sqi.net/img/user/", "suffix": "/GEFAUY02SYOV3JXH.jpg"}, "homeCity": "Singapore", "lists": {"groups": [{"items": [], "count": 2, "type": "created"}]}}, {"tips": {"count": 2}, "contact": {"facebook": "729427429"}, "firstName": "Siew Hong", "gender": "male", "lastName": "Wong", "id": "40188052", "bio": "Lawyer. Gardener. Cyclist", "photo": {"prefix": "https://igx.4sqi.net/img/user/", "suffix": "/S1XH2PSTWMSDWFLQ.jpg"}, "homeCity": "Singapore", "lists": {"groups": [{"items": [], "count": 4, "type": "created"}]}}, {"tips": {"count": 0}, "contact": {"twitter": "josephlouistan", "facebook": "575846401"}, "firstName": "Joseph Louis", "gender": "male", "lastName": "Tan", "id": "4931611", "bio": "", "photo": {"prefix": "https://igx.4sqi.net/img/user/", "suffix": "/1YBT5XOP0FT5OYIW.jpg"}, "homeCity": "Singapore", "lists": {"groups": [{"items": [], "count": 2, "type": "created"}]}}, {"tips": {"count": 49}, "contact": {"facebook": "100000076941310"}, "firstName": "Donald", "gender": "male", "lastName": "Kee", "id": "4728408", "bio": "", "photo": {"prefix": "https://igx.4sqi.net/img/user/", "suffix": "/MB2KXL403VTN0ZDF.jpg"}, "homeCity": "Singapore", "lists": {"groups": [{"items": [], "count": 3, "type": "created"}]}}, {"tips": {"count": 0}, "contact": {"facebook": "702512118"}, "firstName": "Claroar", "gender": "female", "lastName": "Choo", "id": "11056317", "bio": "", "photo": {"prefix": "https://igx.4sqi.net/img/user/", "suffix": "/PXGCR2YCY5NNJ532.jpg"}, "homeCity": "Singapore", "lists": {"groups": [{"items": [], "count": 2, "type": "created"}]}}, {"tips": {"count": 0}, "contact": {}, "firstName": "Benjamin", "gender": "male", "lastName": "King", "id": "2838205", "bio": "", "photo": {"prefix": "https://igx.4sqi.net/img/user/", "suffix": "/5NBZL2N241NNKK1C.jpg"}, "homeCity": "Singapore", "lists": {"groups": [{"items": [], "count": 2, "type": "created"}]}}, {"tips": {"count": 3}, "contact": {"twitter": "kimparkyeo", "facebook": "681943499"}, "firstName": "Carina", "gender": "female", "lastName": "kimparkyeo", "id": "64142940", "bio": "\uae40\ud604\ub098 | \u5e78\u6751\u7f8e\u5e0c", "photo": {"prefix": "https://igx.4sqi.net/img/user/", "suffix": "/UPDMVR4JBZQEOXNE.jpg"}, "homeCity": "Singapore", "lists": {"groups": [{"items": [], "count": 2, "type": "created"}]}}, {"tips": {"count": 16}, "contact": {"facebook": "606249039"}, "firstName": "Tuck-Fatt", "gender": "male", "lastName": "Tong", "id": "43105292", "bio": "", "photo": {"prefix": "https://igx.4sqi.net/img/user/", "suffix": "/43105292-3X4DKLN1NVLMAS1W.jpg"}, "homeCity": "Singapore, Singapore", "lists": {"groups": [{"items": [], "count": 4, "type": "created"}]}}], "count": 12}, "checksum": "9f955bf4fcd98f1a2c19b1d0a6c1c9003cba04b6"}, "meta": {"requestId": "5966188b9fb6b77bc7cbc26b", "code": 200}}