{"notifications": [{"type": "notificationTray", "item": {"unreadCount": 0}}], "response": {"friends": {"items": [{"tips": {"count": 0}, "contact": {"facebook": "513634990"}, "firstName": "Andy", "gender": "male", "lastName": "Clark", "id": "110756", "bio": "", "photo": {"prefix": "https://igx.4sqi.net/img/user/", "suffix": "/-1_1258744754555.jpg"}, "homeCity": "London, UK", "lists": {"groups": [{"items": [], "count": 2, "type": "created"}]}}, {"tips": {"count": 9}, "contact": {"twitter": "leah__kendall", "facebook": "506788071"}, "firstName": "Leah", "gender": "female", "lastName": "Kendall", "id": "51087594", "bio": "", "photo": {"prefix": "https://igx.4sqi.net/img/user/", "suffix": "/CZZIRM5DA2LZMYD0.jpg"}, "homeCity": "London, H9", "lists": {"groups": [{"items": [], "count": 2, "type": "created"}]}}, {"tips": {"count": 0}, "contact": {"twitter": "rozbazscoz", "facebook": "674007717"}, "firstName": "Rosie", "gender": "female", "lastName": "Barry-Scott", "id": "56092303", "bio": "", "photo": {"prefix": "https://igx.4sqi.net/img/user/", "suffix": "/SRH1KE31EO1FMCPJ.jpg"}, "homeCity": "Southampton", "lists": {"groups": [{"items": [], "count": 3, "type": "created"}]}}, {"tips": {"count": 0}, "contact": {"facebook": "613880343"}, "firstName": "Jess", "gender": "female", "lastName": "Sullivan", "id": "38180536", "bio": "", "photo": {"prefix": "https://igx.4sqi.net/img/user/", "suffix": "/MSMDPCM4XU153FTV.jpg"}, "homeCity": "Camden", "lists": {"groups": [{"items": [], "count": 2, "type": "created"}]}}, {"tips": {"count": 1}, "contact": {"twitter": "chrispate", "facebook": "868195450"}, "firstName": "Chris", "gender": "male", "lastName": "Pate", "id": "4259427", "bio": "", "photo": {"prefix": "https://igx.4sqi.net/img/user/", "suffix": "/VIKBO0MY50DVPXOL.jpg"}, "homeCity": "Southampton, UK", "lists": {"groups": [{"items": [], "count": 2, "type": "created"}]}}, {"tips": {"count": 30}, "contact": {"facebook": "503499178"}, "firstName": "Benedict", "gender": "male", "lastName": "Grima", "id": "54948700", "bio": "Studying law in London. Graduate in French, Spanish and Italian", "photo": {"prefix": "https://igx.4sqi.net/img/user/", "suffix": "/BZGHTJ3JOTDY3VIN.jpg"}, "homeCity": "Tuscany, Italy", "lists": {"groups": [{"items": [], "count": 37, "type": "created"}]}}, {"tips": {"count": 0}, "contact": {"twitter": "tamagotchi87", "facebook": "921340461318687"}, "firstName": "Tamara", "gender": "female", "lastName": "Tan", "id": "131515594", "bio": "", "photo": {"prefix": "https://igx.4sqi.net/img/user/", "suffix": "/131515594-ZJJNMD1CHY1SEEI5.jpg"}, "homeCity": "Singapore, 00", "lists": {"groups": [{"items": [], "count": 6, "type": "created"}]}}, {"tips": {"count": 27}, "contact": {"twitter": "outspokenseo", "facebook": "1345990688748366"}, "firstName": "Aris", "gender": "male", "id": "325568", "bio": "", "photo": {"prefix": "https://igx.4sqi.net/img/user/", "suffix": "/I2JXRVA2QSRWOW5E.jpg"}, "homeCity": "Singapore", "lists": {"groups": [{"items": [], "count": 3, "type": "created"}]}}, {"tips": {"count": 0}, "contact": {"twitter": "oluoluoxenfree", "facebook": "10152994666190036"}, "firstName": "Olu", "gender": "female", "lastName": "Niyi-Awosusi", "id": "79128543", "bio": "", "photo": {"prefix": "https://igx.4sqi.net/img/user/", "suffix": "/79128543-1M2XNVQTCWRWANXT.jpg"}, "homeCity": "Southampton, ENG", "lists": {"groups": [{"items": [], "count": 2, "type": "created"}]}}, {"tips": {"count": 20}, "contact": {}, "firstName": "Blythe", "gender": "female", "lastName": "A", "id": "3845705", "bio": "", "photo": {"prefix": "https://igx.4sqi.net/img/user/", "suffix": "/W20W4B32YQPH0UMA.jpg"}, "homeCity": "London", "lists": {"groups": [{"items": [], "count": 3, "type": "created"}]}}, {"tips": {"count": 0}, "contact": {"facebook": "10157557458330377"}, "firstName": "Tom", "gender": "male", "lastName": "Perman", "id": "33760984", "bio": "", "photo": {"prefix": "https://igx.4sqi.net/img/user/", "suffix": "/SV0TWELNQ1UP0MM1.jpg"}, "homeCity": "Cambridgeshire", "lists": {"groups": [{"items": [], "count": 2, "type": "created"}]}}, {"tips": {"count": 0}, "contact": {"twitter": "victoriafae", "facebook": "540528440"}, "firstName": "Victoria-Fae", "gender": "female", "lastName": "Bosvik-Howarth", "id": "49622155", "bio": "", "photo": {"prefix": "https://igx.4sqi.net/img/user/", "suffix": "/YV2QLO5FCNVWNMAJ.jpg"}, "homeCity": "Buckinghamshire", "lists": {"groups": [{"items": [], "count": 2, "type": "created"}]}}, {"tips": {"count": 0}, "contact": {}, "firstName": "Tom", "gender": "male", "lastName": "Capel", "id": "66840225", "bio": "", "photo": {"prefix": "https://igx.4sqi.net/img/user/", "suffix": "/MFYG4N2E0OZNRS5F.jpg"}, "homeCity": "London, ENG", "lists": {"groups": [{"items": [], "count": 6, "type": "created"}]}}, {"tips": {"count": 0}, "contact": {"facebook": "752900524"}, "firstName": "Rachel", "gender": "female", "lastName": "Holmes", "id": "81434146", "bio": "", "photo": {"prefix": "https://igx.4sqi.net/img/user/", "suffix": "/81434146-IHEACA51IIKKU5TP.jpg"}, "homeCity": "London, ENG", "lists": {"groups": [{"items": [], "count": 2, "type": "created"}]}}], "count": 14}, "checksum": "3397d6c92ecc85b9ec0bb5996d102db052cfd4d0"}, "meta": {"requestId": "5965ed404434b96bc700f16b", "code": 200}}