{"notifications": [{"type": "notificationTray", "item": {"unreadCount": 0}}], "meta": {"requestId": "5966d04f4434b95558be514d", "code": 200}, "response": {"friends": {"count": 60, "items": [{"id": "9333545", "photo": {"prefix": "https://igx.4sqi.net/img/user/", "suffix": "/ZMHHTQVLWMIWYTOD.jpg"}, "homeCity": "Manila, Philippines", "contact": {"facebook": "604453044", "twitter": "stellamarie18"}, "firstName": "Stella Marie", "tips": {"count": 2}, "gender": "female", "lastName": "Lambengco", "lists": {"groups": [{"count": 4, "type": "created", "items": []}]}, "bio": ""}, {"id": "29303284", "photo": {"prefix": "https://igx.4sqi.net/img/user/", "suffix": "/QWGQMK42MAZV3AXL.jpg"}, "homeCity": "Singapore, Singapore", "contact": {"facebook": "687627194", "twitter": "anne_ordona"}, "firstName": "Anne", "tips": {"count": 0}, "gender": "female", "lastName": "Ordo\u00f1a", "lists": {"groups": [{"count": 2, "type": "created", "items": []}]}, "bio": ""}, {"id": "5206506", "photo": {"prefix": "https://igx.4sqi.net/img/user/", "suffix": "/QK2ZGF5WX5NCQLKU.jpg"}, "homeCity": "Philippines", "contact": {"facebook": "10153071271010987", "twitter": "prleeleong"}, "firstName": "Pia Richelle", "tips": {"count": 7}, "gender": "female", "lastName": "Lee Leong", "lists": {"groups": [{"count": 2, "type": "created", "items": []}]}, "bio": ""}, {"id": "7026113", "photo": {"prefix": "https://igx.4sqi.net/img/user/", "suffix": "/MSZMA12PXAFWFUEY.jpg"}, "homeCity": "Pasig", "contact": {"facebook": "651475306", "twitter": "cheaposalta"}, "firstName": "Gino", "tips": {"count": 3}, "gender": "male", "lastName": "Salta", "lists": {"groups": [{"count": 2, "type": "created", "items": []}]}, "bio": ""}, {"id": "59792804", "photo": {"prefix": "https://igx.4sqi.net/img/user/", "suffix": "/E5GWRDYXGSU2UZIH.jpg"}, "homeCity": "Singapore", "contact": {"facebook": "541415095"}, "firstName": "Mara", "tips": {"count": 0}, "gender": "female", "lastName": "Banson", "lists": {"groups": [{"count": 2, "type": "created", "items": []}]}, "bio": ""}, {"id": "22205903", "photo": {"prefix": "https://igx.4sqi.net/img/user/", "suffix": "/XJWCTZGOVLIHDULA.jpg"}, "homeCity": "Rizal", "contact": {"facebook": "703622920"}, "firstName": "Yen", "tips": {"count": 1}, "gender": "female", "lastName": "Africa", "lists": {"groups": [{"count": 2, "type": "created", "items": []}]}, "bio": ""}, {"id": "7992049", "photo": {"prefix": "https://igx.4sqi.net/img/user/", "suffix": "/7992049-54XOT3QMAB0M5ZGK.jpg"}, "homeCity": "Antipolo City, Philippines", "contact": {"twitter": "mdumaual"}, "firstName": "Mike", "tips": {"count": 18}, "gender": "male", "lastName": "Dumaual", "lists": {"groups": [{"count": 3, "type": "created", "items": []}]}, "bio": ""}, {"id": "4418159", "photo": {"prefix": "https://igx.4sqi.net/img/user/", "suffix": "/NMX25ER0PG1PFJQN.jpg"}, "homeCity": "Singapore", "contact": {}, "firstName": "Mickey", "tips": {"count": 26}, "gender": "male", "lastName": "Manalang", "lists": {"groups": [{"count": 4, "type": "created", "items": []}]}, "bio": ""}, {"id": "20363423", "photo": {"prefix": "https://igx.4sqi.net/img/user/", "suffix": "/1XSIHI4WDEES1I5V.jpg"}, "homeCity": "Muntinlupa City", "contact": {"facebook": "10153518104900728", "twitter": "jrmsantos"}, "firstName": "Richie", "tips": {"count": 9}, "gender": "male", "lastName": "Santos", "lists": {"groups": [{"count": 2, "type": "created", "items": []}]}, "bio": ""}, {"id": "6108222", "photo": {"prefix": "https://igx.4sqi.net/img/user/", "suffix": "/2QXCWENK21NJCGP1.jpg"}, "homeCity": "\u0e1a\u0e32\u0e07\u0e40\u0e02\u0e19, \u0e1b\u0e23\u0e30\u0e40\u0e17\u0e28\u0e44\u0e17\u0e22", "contact": {"facebook": "507634110", "twitter": "ploy4567"}, "firstName": "Ploy", "tips": {"count": 3}, "gender": "female", "lastName": "Tanvilai", "lists": {"groups": [{"count": 2, "type": "created", "items": []}]}, "bio": ""}, {"id": "1615091", "photo": {"prefix": "https://igx.4sqi.net/img/user/", "suffix": "/554SIKIGBDCEVFPZ.png"}, "homeCity": "Manila, Philippines", "contact": {}, "firstName": "cosette", "tips": {"count": 17}, "gender": "female", "lastName": "cruz", "lists": {"groups": [{"count": 2, "type": "created", "items": []}]}, "bio": ""}, {"id": "1609257", "photo": {"prefix": "https://igx.4sqi.net/img/user/", "suffix": "/EJITQGEWUJWXXYME.jpg"}, "homeCity": "Muntinlupa, Philippines", "contact": {"facebook": "1111192527", "twitter": "mikcabaero"}, "firstName": "Mikel", "tips": {"count": 21}, "gender": "male", "lists": {"groups": [{"count": 2, "type": "created", "items": []}]}, "bio": ""}, {"id": "294003", "photo": {"prefix": "https://igx.4sqi.net/img/user/", "default": true, "suffix": "/blank_girl.png"}, "homeCity": "Toronto, Canada", "contact": {"facebook": "699970060", "twitter": "ellenke"}, "firstName": "Ellen", "tips": {"count": 0}, "gender": "female", "lastName": "Ke", "lists": {"groups": [{"count": 2, "type": "created", "items": []}]}, "bio": ""}, {"id": "393317", "photo": {"prefix": "https://igx.4sqi.net/img/user/", "suffix": "/3MZNJI2CH50UJHBP.jpg"}, "homeCity": "Canada", "contact": {"facebook": "593840563", "twitter": "ca_liban"}, "firstName": "C.Liban", "tips": {"count": 0}, "gender": "female", "lists": {"groups": [{"count": 2, "type": "created", "items": []}]}, "bio": ""}, {"id": "468113", "photo": {"prefix": "https://igx.4sqi.net/img/user/", "suffix": "/468113-FJGLASCRNK134SKJ.jpg"}, "homeCity": "Paranaque, Manila", "contact": {"twitter": "bunnyc"}, "firstName": "Bunny", "tips": {"count": 33}, "gender": "female", "lists": {"groups": [{"count": 2, "type": "created", "items": []}]}, "bio": "Happily hopping"}, {"id": "944017", "photo": {"prefix": "https://igx.4sqi.net/img/user/", "suffix": "/AJGO5RJGE1BGM0TJ.jpg"}, "homeCity": "San Juan, NCR", "contact": {"facebook": "826277807", "twitter": "jpsarmenta"}, "firstName": "JP", "tips": {"count": 69}, "gender": "male", "lastName": "Sarmenta", "lists": {"groups": [{"count": 2, "type": "created", "items": []}]}, "bio": ""}, {"id": "15042030", "photo": {"prefix": "https://igx.4sqi.net/img/user/", "suffix": "/EMZ5UBJRW3YW0T4G.jpg"}, "homeCity": "Singapore", "contact": {"facebook": "1055040692"}, "firstName": "Kristine", "tips": {"count": 5}, "gender": "female", "lastName": "Go", "lists": {"groups": [{"count": 2, "type": "created", "items": []}]}, "bio": ""}, {"id": "573958", "photo": {"prefix": "https://igx.4sqi.net/img/user/", "suffix": "/KPO5QKFXRRAR221P.jpg"}, "homeCity": "98310", "contact": {"facebook": "764657485", "twitter": "shelley315"}, "firstName": "shelley may", "tips": {"count": 43}, "gender": "female", "lastName": "balahan", "lists": {"groups": [{"count": 2, "type": "created", "items": []}]}, "bio": ""}, {"id": "40788281", "photo": {"prefix": "https://igx.4sqi.net/img/user/", "suffix": "/ZWELL0XJMMH0JCL2.jpg"}, "homeCity": "Sabah", "contact": {"facebook": "625318896"}, "firstName": "Aina", "tips": {"count": 0}, "gender": "female", "lastName": "Bautista", "lists": {"groups": [{"count": 2, "type": "created", "items": []}]}, "bio": ""}, {"id": "11618334", "photo": {"prefix": "https://igx.4sqi.net/img/user/", "suffix": "/XAHT31B3PSF1554J.jpg"}, "homeCity": "Santa Rosa City, Philippines", "contact": {"facebook": "1054516885"}, "firstName": "Bianca", "tips": {"count": 16}, "gender": "female", "lastName": "Bautista-Nicolas", "lists": {"groups": [{"count": 2, "type": "created", "items": []}]}, "bio": ""}, {"id": "29930571", "photo": {"prefix": "https://igx.4sqi.net/img/user/", "suffix": "/3Z0J4EOHL3VQJQF3.jpg"}, "homeCity": "Metropolitan Manila", "contact": {"facebook": "1850837531"}, "firstName": "Drew", "tips": {"count": 0}, "gender": "male", "lastName": "Lambengco", "lists": {"groups": [{"count": 2, "type": "created", "items": []}]}, "bio": ""}, {"id": "6176017", "photo": {"prefix": "https://igx.4sqi.net/img/user/", "suffix": "/UJ1E50ABR0SSEJGW.jpg"}, "homeCity": "Mandaluyong City, Philippines", "contact": {"facebook": "1583690511"}, "firstName": "PJ", "tips": {"count": 12}, "gender": "male", "lastName": "Mungcal", "lists": {"groups": [{"count": 2, "type": "created", "items": []}]}, "bio": ""}, {"id": "7039877", "photo": {"prefix": "https://igx.4sqi.net/img/user/", "default": true, "suffix": "/blank_girl.png"}, "homeCity": "Malden, MA", "contact": {"facebook": "600221270"}, "firstName": "Kristine", "tips": {"count": 0}, "gender": "female", "lastName": "Bautista", "lists": {"groups": [{"count": 2, "type": "created", "items": []}]}, "bio": ""}, {"id": "25577745", "photo": {"prefix": "https://igx.4sqi.net/img/user/", "suffix": "/XOHO0NL4N5AKOTEK.jpg"}, "homeCity": "Singapore, Singapore", "contact": {}, "firstName": "Justin", "tips": {"count": 2}, "gender": "male", "lastName": "Le", "lists": {"groups": [{"count": 3, "type": "created", "items": []}]}, "bio": ""}, {"id": "13077252", "photo": {"prefix": "https://igx.4sqi.net/img/user/", "suffix": "/JTHDHNNK03RNCNIP.jpg"}, "homeCity": "Pasig city", "contact": {"facebook": "624493411"}, "firstName": "Lorraine", "tips": {"count": 0}, "gender": "female", "lastName": "Cruz", "lists": {"groups": [{"count": 2, "type": "created", "items": []}]}, "bio": ""}, {"id": "8481897", "photo": {"prefix": "https://igx.4sqi.net/img/user/", "suffix": "/V4DBS05XR2CIBJKX.jpg"}, "homeCity": "Para\u00f1aque City, Philippines", "contact": {"facebook": "641121932", "twitter": "janicetalosig"}, "firstName": "Janice", "tips": {"count": 8}, "gender": "female", "lastName": "Talosig", "lists": {"groups": [{"count": 4, "type": "created", "items": []}]}, "bio": ""}, {"id": "2835436", "photo": {"prefix": "https://igx.4sqi.net/img/user/", "suffix": "/2835436-T3H0HQ2BBSXKNJ4C.jpg"}, "homeCity": "Pasig City, Philippines", "contact": {"twitter": "jackiefadul"}, "firstName": "Jackie", "tips": {"count": 97}, "gender": "female", "lastName": "Fadul-Kumar", "lists": {"groups": [{"count": 2, "type": "created", "items": []}]}, "bio": "Yoworldwidewoman."}, {"id": "3526059", "photo": {"prefix": "https://igx.4sqi.net/img/user/", "suffix": "/3WQHCOS1NBJIJYXS.jpg"}, "homeCity": "Pasig City, Philippines", "contact": {"facebook": "590792907", "twitter": "fafaroland"}, "firstName": "Roland", "tips": {"count": 24}, "gender": "male", "lastName": "Abella", "lists": {"groups": [{"count": 2, "type": "created", "items": []}]}, "bio": ""}, {"id": "11933283", "photo": {"prefix": "https://igx.4sqi.net/img/user/", "suffix": "/EO5NRTKYPGCBR3BU.jpg"}, "homeCity": "Singapore", "contact": {}, "firstName": "Cesar", "tips": {"count": 4}, "gender": "male", "lastName": "Gangoso", "lists": {"groups": [{"count": 2, "type": "created", "items": []}]}, "bio": ""}, {"id": "1117416", "photo": {"prefix": "https://igx.4sqi.net/img/user/", "suffix": "/5JPPRFZ3YAS3CJPR.jpg"}, "homeCity": "Singapore", "contact": {"facebook": "644001668"}, "firstName": "Baba", "tips": {"count": 11}, "gender": "female", "lists": {"groups": [{"count": 2, "type": "created", "items": []}]}, "bio": ""}, {"id": "42022643", "photo": {"prefix": "https://igx.4sqi.net/img/user/", "default": true, "suffix": "/blank_girl.png"}, "homeCity": "Metropolitan Manila", "contact": {}, "firstName": "Katrine Noelle", "tips": {"count": 2}, "gender": "female", "lastName": "Salcedo", "lists": {"groups": [{"count": 2, "type": "created", "items": []}]}, "bio": ""}, {"id": "16832637", "photo": {"prefix": "https://igx.4sqi.net/img/user/", "suffix": "/L1I51CURJRMPOPUF.jpg"}, "homeCity": "Makati City, Philippines", "contact": {"facebook": "552311653", "twitter": "oligarki"}, "firstName": "Richard", "tips": {"count": 0}, "gender": "male", "lastName": "Young", "lists": {"groups": [{"count": 2, "type": "created", "items": []}]}, "bio": ""}, {"id": "52255449", "photo": {"prefix": "https://igx.4sqi.net/img/user/", "suffix": "/4QRKVGORRXYLUMCA.jpg"}, "homeCity": "Manila", "contact": {"facebook": "1078045013"}, "firstName": "Alma", "tips": {"count": 3}, "gender": "female", "lastName": "Cala", "lists": {"groups": [{"count": 2, "type": "created", "items": []}]}, "bio": ""}, {"id": "6185215", "photo": {"prefix": "https://igx.4sqi.net/img/user/", "suffix": "/EWXYVANAEKTXG401.jpg"}, "homeCity": "San Juan, Philippines", "contact": {"facebook": "1752853483"}, "firstName": "Abi", "tips": {"count": 3}, "gender": "female", "lastName": "Souza-Mungcal", "lists": {"groups": [{"count": 2, "type": "created", "items": []}]}, "bio": ""}, {"id": "7233099", "photo": {"prefix": "https://igx.4sqi.net/img/user/", "suffix": "/RAJYHFZLFJCMUMKQ.jpg"}, "homeCity": "Singapore", "contact": {"facebook": "1091523047"}, "firstName": "Sally", "tips": {"count": 0}, "gender": "female", "lastName": "Galang", "lists": {"groups": [{"count": 2, "type": "created", "items": []}]}, "bio": ""}, {"id": "25999157", "photo": {"prefix": "https://igx.4sqi.net/img/user/", "suffix": "/IT304O5YSQV0SIBG.jpg"}, "homeCity": "Metropolitan Manila", "contact": {"facebook": "591277389"}, "firstName": "Jm", "tips": {"count": 0}, "gender": "male", "lastName": "Afuang", "lists": {"groups": [{"count": 2, "type": "created", "items": []}]}, "bio": ""}, {"id": "17607358", "photo": {"prefix": "https://igx.4sqi.net/img/user/", "suffix": "/17607358-VECHCD2HY5SZOZKM.jpg"}, "homeCity": "Ithaca, NY", "contact": {"facebook": "637346846", "twitter": "jeffdamian"}, "firstName": "Jeff", "tips": {"count": 0}, "gender": "male", "lastName": "Damian", "lists": {"groups": [{"count": 2, "type": "created", "items": []}]}, "bio": ""}, {"id": "51702902", "photo": {"prefix": "https://igx.4sqi.net/img/user/", "suffix": "/ARSQ4ULWJEK44IVW.jpg"}, "homeCity": "Manila, D9", "contact": {"facebook": "745136186"}, "firstName": "Braddy", "tips": {"count": 0}, "gender": "male", "lastName": "Reyes", "lists": {"groups": [{"count": 2, "type": "created", "items": []}]}, "bio": ""}, {"id": "3589939", "photo": {"prefix": "https://igx.4sqi.net/img/user/", "suffix": "/EJGMTKDUZ00VQVMT.jpg"}, "homeCity": "Manila, Philippines", "contact": {"facebook": "756725673", "twitter": "jeffalejandrino"}, "firstName": "Jeff", "tips": {"count": 7}, "gender": "male", "lastName": "Alejandrino", "lists": {"groups": [{"count": 2, "type": "created", "items": []}]}, "bio": ""}, {"id": "16960419", "photo": {"prefix": "https://igx.4sqi.net/img/user/", "suffix": "/E5DPGPWT4V1LLZ54.jpg"}, "homeCity": "Pasig, Philippines", "contact": {}, "firstName": "Henrika", "tips": {"count": 1}, "gender": "female", "lastName": "Fellizar", "lists": {"groups": [{"count": 2, "type": "created", "items": []}]}, "bio": ""}, {"id": "50855534", "photo": {"prefix": "https://igx.4sqi.net/img/user/", "suffix": "/KU4SV2LGZT15BU3J.jpg"}, "homeCity": "Los Angeles, California", "contact": {"facebook": "633050912"}, "firstName": "Ida", "tips": {"count": 0}, "gender": "female", "lastName": "Macariola-Black", "lists": {"groups": [{"count": 3, "type": "created", "items": []}]}, "bio": ""}, {"id": "3000687", "photo": {"prefix": "https://igx.4sqi.net/img/user/", "suffix": "/3000687-V3VDM5Z1RTTTOQLL.jpg"}, "homeCity": "Manila, Philippines", "contact": {}, "firstName": "Marga", "tips": {"count": 34}, "gender": "female", "lastName": "Llanera-Alaguia", "lists": {"groups": [{"count": 3, "type": "created", "items": []}]}, "bio": ""}, {"id": "18948414", "photo": {"prefix": "https://igx.4sqi.net/img/user/", "suffix": "/GOOPUGWI0YQLC2DS.jpg"}, "homeCity": "Manila", "contact": {"facebook": "571775309"}, "firstName": "Ian", "tips": {"count": 1}, "gender": "male", "lastName": "Maambong", "lists": {"groups": [{"count": 2, "type": "created", "items": []}]}, "bio": ""}, {"id": "6269095", "photo": {"prefix": "https://igx.4sqi.net/img/user/", "suffix": "/40PWUD5K3ISBJGFJ.jpg"}, "homeCity": "Berlin", "contact": {"facebook": "1445967595"}, "firstName": "Lars", "tips": {"count": 1}, "gender": "male", "lastName": "Brammer", "lists": {"groups": [{"count": 2, "type": "created", "items": []}]}, "bio": ""}, {"id": "9795380", "photo": {"prefix": "https://igx.4sqi.net/img/user/", "suffix": "/SZIQ3AHYEJAWTX1A.jpg"}, "homeCity": "Makati City, Philippines", "contact": {"facebook": "782001564", "twitter": "jamesswabe"}, "firstName": "James Carlo P", "tips": {"count": 2}, "gender": "male", "lastName": "Marquez", "lists": {"groups": [{"count": 2, "type": "created", "items": []}]}, "bio": ""}, {"id": "26842117", "photo": {"prefix": "https://igx.4sqi.net/img/user/", "suffix": "/A5EKZ2S3NZGHF30F.jpg"}, "homeCity": "Metropolitan Manila", "contact": {"facebook": "1137266628", "twitter": "iampoch"}, "firstName": "Poch", "tips": {"count": 3}, "gender": "male", "lastName": "Pimentel", "lists": {"groups": [{"count": 2, "type": "created", "items": []}]}, "bio": ""}, {"id": "17974981", "photo": {"prefix": "https://igx.4sqi.net/img/user/", "suffix": "/HX1IIA3XXKD4T1BV.jpg"}, "homeCity": "sa kanto", "contact": {"facebook": "898515443"}, "firstName": "Iceal", "tips": {"count": 3}, "gender": "male", "lastName": "Penalosa", "lists": {"groups": [{"count": 2, "type": "created", "items": []}]}, "bio": ""}, {"id": "4905475", "photo": {"prefix": "https://igx.4sqi.net/img/user/", "suffix": "/YAWMSCY2RDUN0FBA.jpg"}, "homeCity": "Manila, Philippines", "contact": {}, "firstName": "Sheryll", "tips": {"count": 4}, "gender": "female", "lastName": "Manalang", "lists": {"groups": [{"count": 2, "type": "created", "items": []}]}, "bio": ""}, {"id": "23096279", "photo": {"prefix": "https://igx.4sqi.net/img/user/", "suffix": "/YJU12J1I4Y2KLL0K.jpg"}, "homeCity": "Metropolitan Manila", "contact": {"facebook": "668591126"}, "firstName": "Audrey", "tips": {"count": 2}, "gender": "female", "lastName": "Turay-Plaza", "lists": {"groups": [{"count": 2, "type": "created", "items": []}]}, "bio": ""}, {"id": "63794658", "photo": {"prefix": "https://igx.4sqi.net/img/user/", "suffix": "/W405YTJUBPI1KWD3.jpg"}, "homeCity": "", "contact": {"facebook": "610468666", "twitter": "paoloslounge"}, "firstName": "Paolo", "tips": {"count": 3}, "gender": "male", "lastName": "Serrano", "lists": {"groups": [{"count": 2, "type": "created", "items": []}]}, "bio": ""}, {"id": "6407707", "photo": {"prefix": "https://igx.4sqi.net/img/user/", "suffix": "/J0LZZ1RSNBHMD5PU.jpg"}, "homeCity": "Manila, Philippines", "contact": {"facebook": "521227619", "twitter": "jon_alejandrino"}, "firstName": "Jon", "tips": {"count": 5}, "gender": "male", "lastName": "Alejandrino", "lists": {"groups": [{"count": 2, "type": "created", "items": []}]}, "bio": ""}, {"id": "18578911", "photo": {"prefix": "https://igx.4sqi.net/img/user/", "suffix": "/18578911-FATEV5VQ1UWE1ZHP.jpg"}, "homeCity": "Pasig", "contact": {}, "firstName": "Tin", "tips": {"count": 16}, "gender": "female", "lastName": "Albano", "lists": {"groups": [{"count": 2, "type": "created", "items": []}]}, "bio": ""}, {"id": "59068332", "photo": {"prefix": "https://igx.4sqi.net/img/user/", "suffix": "/KBLJUF0AD4G10BK5.jpg"}, "homeCity": "Pasig", "contact": {"facebook": "1565078787"}, "firstName": "Timmy", "tips": {"count": 0}, "gender": "female", "lastName": "Sunga", "lists": {"groups": [{"count": 2, "type": "created", "items": []}]}, "bio": ""}, {"id": "11991048", "photo": {"prefix": "https://igx.4sqi.net/img/user/", "suffix": "/54PJ4W5WRVFCFOS4.jpg"}, "homeCity": "Antipolo City, Philippines", "contact": {"twitter": "owemghee"}, "firstName": "Giselle", "tips": {"count": 1}, "gender": "female", "lastName": "Martinez", "lists": {"groups": [{"count": 2, "type": "created", "items": []}]}, "bio": ""}, {"id": "27402239", "photo": {"prefix": "https://igx.4sqi.net/img/user/", "suffix": "/5PASJBLO0IH4BJ1G.jpg"}, "homeCity": "Benguet", "contact": {"facebook": "589192080"}, "firstName": "Ayee", "tips": {"count": 0}, "gender": "female", "lastName": "Calma", "lists": {"groups": [{"count": 2, "type": "created", "items": []}]}, "bio": ""}, {"id": "27603370", "photo": {"prefix": "https://igx.4sqi.net/img/user/", "suffix": "/JN1HDA3OEJNSFDO5.jpg"}, "homeCity": "Kirkland, WA", "contact": {"facebook": "10206914651558046", "twitter": "dejils"}, "firstName": "Aileen", "tips": {"count": 0}, "gender": "female", "lastName": "Kiefer", "lists": {"groups": [{"count": 2, "type": "created", "items": []}]}, "bio": ""}, {"id": "59746037", "photo": {"prefix": "https://igx.4sqi.net/img/user/", "suffix": "/LLRSPMQYLNAML5MT.jpg"}, "homeCity": "Cainta", "contact": {"facebook": "532184652", "twitter": "ninssweetness"}, "firstName": "Anina", "tips": {"count": 1}, "gender": "female", "lastName": "Raymundo", "lists": {"groups": [{"count": 2, "type": "created", "items": []}]}, "bio": ""}, {"id": "60076225", "photo": {"prefix": "https://igx.4sqi.net/img/user/", "suffix": "/60076225-JOZRTZVSG34ONEIN.jpg"}, "homeCity": "Quezon City, F2", "contact": {"facebook": "533872115"}, "firstName": "Christine", "tips": {"count": 1}, "gender": "female", "lastName": "Agravante", "lists": {"groups": [{"count": 2, "type": "created", "items": []}]}, "bio": ""}, {"id": "55158656", "photo": {"prefix": "https://igx.4sqi.net/img/user/", "suffix": "/55158656-XZ3TOOA01TFAFKYJ.jpg"}, "homeCity": "Makati", "contact": {"facebook": "637806784"}, "firstName": "Mark", "tips": {"count": 29}, "gender": "male", "lastName": "De Joya", "lists": {"groups": [{"count": 3, "type": "created", "items": []}]}, "bio": "Advertising professional by day, male swimsuit model by night. Zarah Hernaez's guy 24/7."}, {"id": "55367450", "photo": {"prefix": "https://igx.4sqi.net/img/user/", "suffix": "/55367450-0W33IUXQ3ARMWSYQ.jpg"}, "homeCity": "Para\u00f1aque", "contact": {"facebook": "1166409474"}, "firstName": "Aa", "tips": {"count": 0}, "gender": "male", "lastName": "Bautista", "lists": {"groups": [{"count": 2, "type": "created", "items": []}]}, "bio": ""}]}, "checksum": "877a545cd1cd16e1f04e52a5da3400431f9a4c2b"}}