{"notifications": [{"type": "notificationTray", "item": {"unreadCount": 0}}], "meta": {"requestId": "5966ecd2f594df219d6e4589", "code": 200}, "response": {"friends": {"count": 9, "items": [{"id": "12402818", "photo": {"prefix": "https://igx.4sqi.net/img/user/", "suffix": "/Y2VGUDRQ4BNOF1I5.jpg"}, "homeCity": "Singapore", "contact": {"facebook": "748098357", "twitter": "spongeybella"}, "firstName": "Bella", "tips": {"count": 3}, "gender": "female", "lastName": "Kee", "lists": {"groups": [{"count": 2, "type": "created", "items": []}]}, "bio": ""}, {"id": "7005663", "photo": {"prefix": "https://igx.4sqi.net/img/user/", "suffix": "/NMEZZCRSOVKUXICN.jpg"}, "homeCity": "Singapore", "contact": {"facebook": "661863220"}, "firstName": "Johnson", "tips": {"count": 11}, "gender": "male", "lastName": "Wee", "lists": {"groups": [{"count": 2, "type": "created", "items": []}]}, "bio": "I love badminton"}, {"id": "7614438", "photo": {"prefix": "https://igx.4sqi.net/img/user/", "suffix": "/GCRJ05JSHMZDCO4Y.jpg"}, "homeCity": "Singapore", "contact": {"facebook": "531072368"}, "firstName": "AppleC", "tips": {"count": 0}, "gender": "female", "lists": {"groups": [{"count": 2, "type": "created", "items": []}]}, "bio": ""}, {"id": "5584457", "photo": {"prefix": "https://igx.4sqi.net/img/user/", "suffix": "/DIMAVVMDYM3FFP2K.jpg"}, "homeCity": "Singapore", "contact": {"facebook": "854685634"}, "firstName": "Angie", "tips": {"count": 0}, "gender": "female", "lastName": "Teo", "lists": {"groups": [{"count": 2, "type": "created", "items": []}]}, "bio": ""}, {"id": "19754749", "photo": {"prefix": "https://igx.4sqi.net/img/user/", "suffix": "/1HHJJ1SJNVDNUK2N.jpg"}, "homeCity": "Singapore", "contact": {"facebook": "745458128"}, "firstName": "Crosby", "tips": {"count": 1}, "gender": "male", "lastName": "Teo", "lists": {"groups": [{"count": 2, "type": "created", "items": []}]}, "bio": ""}, {"id": "21407314", "photo": {"prefix": "https://igx.4sqi.net/img/user/", "suffix": "/GWAW5VANXBNFRKUV.jpg"}, "homeCity": "New York, NY", "contact": {"facebook": "1467521067", "twitter": "angelinalns"}, "firstName": "Angelina", "tips": {"count": 0}, "gender": "female", "lastName": "Lim", "lists": {"groups": [{"count": 2, "type": "created", "items": []}]}, "bio": ""}, {"id": "11430329", "photo": {"prefix": "https://igx.4sqi.net/img/user/", "suffix": "/P22FQC0TOVX1NJKX.jpg"}, "homeCity": "Singapore", "contact": {"facebook": "531244533"}, "firstName": "Kelvin", "tips": {"count": 0}, "gender": "male", "lastName": "Guang", "lists": {"groups": [{"count": 2, "type": "created", "items": []}]}, "bio": ""}, {"id": "5823610", "photo": {"prefix": "https://igx.4sqi.net/img/user/", "default": true, "suffix": "/blank_boy.png"}, "homeCity": "Singapore", "contact": {"facebook": "697344162"}, "firstName": "Tan", "tips": {"count": 1}, "gender": "male", "lastName": "Amas", "lists": {"groups": [{"count": 2, "type": "created", "items": []}]}, "bio": ""}, {"id": "30440919", "photo": {"prefix": "https://igx.4sqi.net/img/user/", "suffix": "/KO0V132ET5GV2IZF.jpg"}, "homeCity": "New York, NY", "contact": {"facebook": "779104828"}, "firstName": "Ivan", "tips": {"count": 0}, "gender": "male", "lastName": "Yeo", "lists": {"groups": [{"count": 2, "type": "created", "items": []}]}, "bio": ""}]}, "checksum": "6889aba50e60ad162389a7f0bf6035101b884def"}}