{"notifications": [{"type": "notificationTray", "item": {"unreadCount": 0}}], "meta": {"requestId": "5966c9e24434b95522ab21cb", "code": 200}, "response": {"friends": {"count": 56, "items": [{"id": "6177771", "photo": {"prefix": "https://igx.4sqi.net/img/user/", "suffix": "/GVXHDB1PYUKA53OE.jpg"}, "homeCity": "Singapore", "contact": {}, "firstName": "Amelia Annabellez", "tips": {"count": 0}, "gender": "female", "lastName": "Lim", "lists": {"groups": [{"count": 2, "type": "created", "items": []}]}, "bio": ""}, {"id": "6772044", "photo": {"prefix": "https://igx.4sqi.net/img/user/", "suffix": "/BEIH30EJBPIODZNV.jpg"}, "homeCity": "New York, NY", "contact": {"facebook": "1641230499", "twitter": "oswaldonathap"}, "firstName": "Oswaldo", "tips": {"count": 0}, "gender": "male", "lastName": "Pringgondhani", "lists": {"groups": [{"count": 2, "type": "created", "items": []}]}, "bio": ""}, {"id": "11413000", "photo": {"prefix": "https://igx.4sqi.net/img/user/", "default": true, "suffix": "/blank_girl.png"}, "homeCity": "Singapore", "contact": {"facebook": "1597546283"}, "firstName": "Andrea", "tips": {"count": 0}, "gender": "female", "lastName": "Banina", "lists": {"groups": [{"count": 2, "type": "created", "items": []}]}, "bio": ""}, {"id": "13080382", "photo": {"prefix": "https://igx.4sqi.net/img/user/", "suffix": "/K5MP0VE5D4AY1EDD.jpg"}, "homeCity": "Singapore", "contact": {"facebook": "1831755656"}, "firstName": "Shermin", "tips": {"count": 0}, "gender": "female", "lastName": "OnlyOriginality", "lists": {"groups": [{"count": 2, "type": "created", "items": []}]}, "bio": ""}, {"id": "10778416", "photo": {"prefix": "https://igx.4sqi.net/img/user/", "suffix": "/KOHF1DBCIQDH3RXP.jpg"}, "homeCity": "Singapore", "contact": {"facebook": "1318422181"}, "firstName": "Shanice", "tips": {"count": 0}, "gender": "female", "lastName": "Abigail", "lists": {"groups": [{"count": 2, "type": "created", "items": []}]}, "bio": ""}, {"id": "20785867", "photo": {"prefix": "https://igx.4sqi.net/img/user/", "suffix": "/OOLYCROKDXUCPDXR.jpg"}, "homeCity": "singapore", "contact": {}, "firstName": "Maggie", "tips": {"count": 0}, "gender": "none", "lists": {"groups": [{"count": 2, "type": "created", "items": []}]}, "bio": ""}, {"id": "20987563", "photo": {"prefix": "https://igx.4sqi.net/img/user/", "suffix": "/UXSVPKPUYEF12RLD.jpg"}, "homeCity": "ANGMOKIO", "contact": {"facebook": "100000921373179", "twitter": "clementthegreat"}, "firstName": "\u4f55\u5e86\u4f1f", "tips": {"count": 0}, "gender": "none", "lastName": "Clement", "lists": {"groups": [{"count": 2, "type": "created", "items": []}]}, "bio": ""}, {"id": "5695790", "photo": {"prefix": "https://igx.4sqi.net/img/user/", "suffix": "/5695790-FX21JB3HA3LRBIPN.jpg"}, "homeCity": "Singapore", "contact": {"twitter": "aikikoveronztt"}, "firstName": "sovereignyx", "tips": {"count": 0}, "gender": "female", "lastName": "_", "lists": {"groups": [{"count": 2, "type": "created", "items": []}]}, "bio": ""}, {"id": "9753922", "photo": {"prefix": "https://igx.4sqi.net/img/user/", "suffix": "/9753922-NHCHEMUXZSLOXIFL.jpg"}, "homeCity": "Singapore", "contact": {"facebook": "1289855677", "twitter": "maayfei"}, "firstName": "Mayfei", "tips": {"count": 4}, "gender": "female", "lastName": "Tan", "lists": {"groups": [{"count": 2, "type": "created", "items": []}]}, "bio": ""}, {"id": "4100338", "photo": {"prefix": "https://igx.4sqi.net/img/user/", "suffix": "/LYXUEHOMLQUAL1UQ.jpg"}, "homeCity": "Singapore", "contact": {"facebook": "1073307247", "twitter": "kelvinslimm"}, "firstName": "Kelvin lim", "tips": {"count": 7}, "gender": "male", "lists": {"groups": [{"count": 2, "type": "created", "items": []}]}, "bio": ""}, {"id": "4710840", "photo": {"prefix": "https://igx.4sqi.net/img/user/", "suffix": "/VDHCX0XBGLWSSPEW.jpg"}, "homeCity": "Singapore", "contact": {"facebook": "1168147792", "twitter": "iantcy"}, "firstName": "Ian", "tips": {"count": 1}, "gender": "male", "lastName": "Tan", "lists": {"groups": [{"count": 2, "type": "created", "items": []}]}, "bio": ""}, {"id": "16871035", "photo": {"prefix": "https://igx.4sqi.net/img/user/", "suffix": "/DGXUWLJGLKHVSZNM.jpg"}, "homeCity": "Singapore", "contact": {}, "firstName": "Marilyn", "tips": {"count": 1}, "gender": "female", "lastName": "Tan", "lists": {"groups": [{"count": 2, "type": "created", "items": []}]}, "bio": ""}, {"id": "4471961", "photo": {"prefix": "https://igx.4sqi.net/img/user/", "default": true, "suffix": "/blank_boy.png"}, "homeCity": "Singapore", "contact": {"facebook": "699748989", "twitter": "cedricteo"}, "firstName": "Cedric", "tips": {"count": 0}, "gender": "male", "lastName": "Teo", "lists": {"groups": [{"count": 2, "type": "created", "items": []}]}, "bio": ""}, {"id": "3431340", "photo": {"prefix": "https://igx.4sqi.net/img/user/", "default": true, "suffix": "/blank_boy.png"}, "homeCity": "Singapore", "contact": {"facebook": "1278974125", "twitter": "qiyangfailzxc"}, "firstName": "Lin", "tips": {"count": 0}, "gender": "male", "lastName": "Qiyang", "lists": {"groups": [{"count": 2, "type": "created", "items": []}]}, "bio": ""}, {"id": "21226295", "photo": {"prefix": "https://igx.4sqi.net/img/user/", "suffix": "/GRPTUDVU2Y5U5YUE.jpg"}, "homeCity": "New York, NY", "contact": {}, "firstName": "Meowwlicious", "tips": {"count": 0}, "gender": "female", "lastName": "\u2764", "lists": {"groups": [{"count": 2, "type": "created", "items": []}]}, "bio": ""}, {"id": "9530923", "photo": {"prefix": "https://igx.4sqi.net/img/user/", "suffix": "/4LVZA5CP1V4QG13E.jpg"}, "homeCity": "Singapore", "contact": {"twitter": "wtwtloveshowluo"}, "firstName": "Wtwt", "tips": {"count": 0}, "gender": "female", "lists": {"groups": [{"count": 2, "type": "created", "items": []}]}, "bio": ""}, {"id": "6182691", "photo": {"prefix": "https://igx.4sqi.net/img/user/", "suffix": "/6182691-5OPIWXGJFMXLOOTK.jpg"}, "homeCity": "Singapore", "contact": {"facebook": "899527766747858", "twitter": "eugenetsw"}, "firstName": "Eugene", "tips": {"count": 0}, "gender": "male", "lastName": "Tan", "lists": {"groups": [{"count": 2, "type": "created", "items": []}]}, "bio": ""}, {"id": "11664963", "photo": {"prefix": "https://igx.4sqi.net/img/user/", "suffix": "/11664963-X2BOSEZGXSWS4P40.jpg"}, "homeCity": "Singapore", "contact": {"twitter": "funsizedpony"}, "firstName": "simin", "tips": {"count": 0}, "gender": "female", "lists": {"groups": [{"count": 2, "type": "created", "items": []}]}, "bio": "+65 \r\ninsta @funsizedponyx"}, {"id": "19280125", "photo": {"prefix": "https://igx.4sqi.net/img/user/", "suffix": "/19280125-UFTC1LPEWVUD12XO.jpg"}, "homeCity": "Singapore", "contact": {"facebook": "1147796856", "twitter": "jakelyj"}, "firstName": "Jake", "tips": {"count": 0}, "gender": "male", "lastName": "Lee", "lists": {"groups": [{"count": 2, "type": "created", "items": []}]}, "bio": ""}, {"id": "17227757", "photo": {"prefix": "https://igx.4sqi.net/img/user/", "suffix": "/NUBUZVYTD303GZXF.jpg"}, "homeCity": "Singapore", "contact": {"facebook": "100002234956640", "twitter": "vesterf"}, "firstName": "Sylvester", "tips": {"count": 0}, "gender": "male", "lastName": "Foo", "lists": {"groups": [{"count": 2, "type": "created", "items": []}]}, "bio": ""}, {"id": "12215862", "photo": {"prefix": "https://igx.4sqi.net/img/user/", "suffix": "/IDO510BRUFR2CHFG.jpg"}, "homeCity": "Singapore", "contact": {"twitter": "downthero4d"}, "firstName": "Belmont", "tips": {"count": 9}, "gender": "male", "lastName": "Cyrus", "lists": {"groups": [{"count": 2, "type": "created", "items": []}]}, "bio": ""}, {"id": "20816907", "photo": {"prefix": "https://igx.4sqi.net/img/user/", "suffix": "/WDDUMJNUIH1C344S.jpg"}, "homeCity": "New York, NY", "contact": {"facebook": "1418685556", "twitter": "gerrardtan"}, "firstName": "Gerald", "tips": {"count": 0}, "gender": "male", "lastName": "Tan", "lists": {"groups": [{"count": 2, "type": "created", "items": []}]}, "bio": ""}, {"id": "5886948", "photo": {"prefix": "https://igx.4sqi.net/img/user/", "suffix": "/LVVXPGYKPBZWUMQM.jpg"}, "homeCity": "Singapore", "contact": {"facebook": "737134846", "twitter": "yuanhyuk"}, "firstName": "Yuan", "tips": {"count": 8}, "gender": "female", "lastName": "Ning", "lists": {"groups": [{"count": 2, "type": "created", "items": []}]}, "bio": "Love cafes ;)"}, {"id": "20937085", "photo": {"prefix": "https://igx.4sqi.net/img/user/", "suffix": "/IB2D0FLKWPXF4AK0.jpg"}, "homeCity": "Singapore", "contact": {"facebook": "1666100420"}, "firstName": "Tammy", "tips": {"count": 0}, "gender": "female", "lastName": "Piaksyou", "lists": {"groups": [{"count": 2, "type": "created", "items": []}]}, "bio": ""}, {"id": "5026785", "photo": {"prefix": "https://igx.4sqi.net/img/user/", "suffix": "/QHJPKKSSVOSMK4IK.jpg"}, "homeCity": "Singapore", "contact": {"facebook": "816499927", "twitter": "triciacrawford_"}, "firstName": "Tricia", "tips": {"count": 1}, "gender": "female", "lastName": "Tml", "lists": {"groups": [{"count": 2, "type": "created", "items": []}]}, "bio": ""}, {"id": "14161564", "photo": {"prefix": "https://igx.4sqi.net/img/user/", "suffix": "/O5AZPSXAT0L5BS0U.jpg"}, "homeCity": "Singapore", "contact": {"twitter": "doubletwojune"}, "firstName": "Shi Lin", "tips": {"count": 0}, "gender": "female", "lastName": "Gui", "lists": {"groups": [{"count": 2, "type": "created", "items": []}]}, "bio": ""}, {"id": "21898367", "photo": {"prefix": "https://igx.4sqi.net/img/user/", "suffix": "/NQKLDSEKTT23XECP.jpg"}, "homeCity": "Singapore , hougang ", "contact": {"facebook": "100000430136358", "twitter": "marcustxk"}, "firstName": "Marcus", "tips": {"count": 0}, "gender": "male", "lastName": "Txk", "lists": {"groups": [{"count": 2, "type": "created", "items": []}]}, "bio": ""}, {"id": "5242934", "photo": {"prefix": "https://igx.4sqi.net/img/user/", "suffix": "/5242934-EP4TTOGOIZ3LNG4F.jpg"}, "homeCity": "Singapore", "contact": {"facebook": "550072162", "twitter": "markytarded"}, "firstName": "Markyyy", "tips": {"count": 1}, "gender": "male", "lists": {"groups": [{"count": 2, "type": "created", "items": []}]}, "bio": ""}, {"id": "5771284", "photo": {"prefix": "https://igx.4sqi.net/img/user/", "suffix": "/QCRINHH3URTIWRSP.jpg"}, "homeCity": "Singapore", "contact": {"facebook": "1329852755"}, "firstName": "Brandon", "tips": {"count": 1}, "gender": "male", "lastName": "Ong", "lists": {"groups": [{"count": 2, "type": "created", "items": []}]}, "bio": ""}, {"id": "13202215", "photo": {"prefix": "https://igx.4sqi.net/img/user/", "suffix": "/FSAKFW21KWRX2DD5.jpg"}, "homeCity": "Singapore", "contact": {"facebook": "100000936772583", "twitter": "zulfiqarj"}, "firstName": "Zulfiqar", "tips": {"count": 1}, "gender": "male", "lastName": "Jamaludin", "lists": {"groups": [{"count": 2, "type": "created", "items": []}]}, "bio": ""}, {"id": "6300815", "photo": {"prefix": "https://igx.4sqi.net/img/user/", "suffix": "/YBHU5HCJWHWPR0WK.jpg"}, "homeCity": "Singapore", "contact": {"facebook": "1554924158", "twitter": "jeremiahwyh"}, "firstName": "Jeremiah", "tips": {"count": 1}, "gender": "male", "lastName": "Wong", "lists": {"groups": [{"count": 2, "type": "created", "items": []}]}, "bio": ""}, {"id": "11777321", "photo": {"prefix": "https://igx.4sqi.net/img/user/", "suffix": "/USXCLWWOJJOOACPX.jpg"}, "homeCity": "Singapore", "contact": {"facebook": "100000098186213"}, "firstName": "Alexander", "tips": {"count": 0}, "gender": "male", "lastName": "LHK", "lists": {"groups": [{"count": 2, "type": "created", "items": []}]}, "bio": ""}, {"id": "17636804", "photo": {"prefix": "https://igx.4sqi.net/img/user/", "suffix": "/NIN3M2SSQ4G2XBBC.jpg"}, "homeCity": "Singapore", "contact": {}, "firstName": "Aacus", "tips": {"count": 4}, "gender": "male", "lastName": "Ee", "lists": {"groups": [{"count": 2, "type": "created", "items": []}]}, "bio": ""}, {"id": "19824051", "photo": {"prefix": "https://igx.4sqi.net/img/user/", "suffix": "/ENHABX50PTLFKCYG.jpg"}, "homeCity": "Singapore", "contact": {"facebook": "1149144880", "twitter": "pullurpantsdown"}, "firstName": "Evangeline", "tips": {"count": 0}, "gender": "female", "lastName": "Tan", "lists": {"groups": [{"count": 2, "type": "created", "items": []}]}, "bio": ""}, {"id": "13089084", "photo": {"prefix": "https://igx.4sqi.net/img/user/", "suffix": "/ELRDOG4424SCSHUK.jpg"}, "homeCity": "Singapore", "contact": {"facebook": "1038918787"}, "firstName": "Tan", "tips": {"count": 0}, "gender": "female", "lastName": "Ling", "lists": {"groups": [{"count": 2, "type": "created", "items": []}]}, "bio": ""}, {"id": "5042113", "photo": {"prefix": "https://igx.4sqi.net/img/user/", "suffix": "/5042113-4UV20MV2J5ATPAA0.jpg"}, "homeCity": "Singapore", "contact": {"facebook": "10202450322779963", "twitter": "4ever_taeyeon"}, "firstName": "Zhen", "tips": {"count": 0}, "gender": "male", "lastName": "Wei", "lists": {"groups": [{"count": 2, "type": "created", "items": []}]}, "bio": "For Those I love I Shall Sacrifice"}, {"id": "6357541", "photo": {"prefix": "https://igx.4sqi.net/img/user/", "suffix": "/6357541-C5H1TGLHZJO4ZSF2.jpg"}, "homeCity": "Singapore", "contact": {"facebook": "100001738368233", "twitter": "url_i3adman"}, "firstName": "Chek Yew", "tips": {"count": 3}, "gender": "male", "lists": {"groups": [{"count": 2, "type": "created", "items": []}]}, "bio": ""}, {"id": "6330673", "photo": {"prefix": "https://igx.4sqi.net/img/user/", "suffix": "/GSKGVCH30Z5QJFMO.jpg"}, "homeCity": "Singapore", "contact": {}, "firstName": "F", "tips": {"count": 0}, "gender": "male", "lists": {"groups": [{"count": 2, "type": "created", "items": []}]}, "bio": ""}, {"id": "12640418", "photo": {"prefix": "https://igx.4sqi.net/img/user/", "suffix": "/EP4O34AWC2WN1EVM.jpg"}, "homeCity": "Singapore", "contact": {"facebook": "630438391"}, "firstName": "Sandy", "tips": {"count": 1}, "gender": "female", "lastName": "RedberryMuffins", "lists": {"groups": [{"count": 2, "type": "created", "items": []}]}, "bio": ""}, {"id": "11839676", "photo": {"prefix": "https://igx.4sqi.net/img/user/", "default": true, "suffix": "/blank_boy.png"}, "homeCity": "Singapore", "contact": {"facebook": "100000438304736"}, "firstName": "Ang", "tips": {"count": 0}, "gender": "male", "lastName": "Yao", "lists": {"groups": [{"count": 2, "type": "created", "items": []}]}, "bio": ""}, {"id": "18066374", "photo": {"prefix": "https://igx.4sqi.net/img/user/", "suffix": "/45ONRORNBSTCNHLN.jpg"}, "homeCity": "Singapore", "contact": {"facebook": "100000719326550"}, "firstName": "Elaine", "tips": {"count": 0}, "gender": "female", "lastName": "Tan", "lists": {"groups": [{"count": 2, "type": "created", "items": []}]}, "bio": ""}, {"id": "23957514", "photo": {"prefix": "https://igx.4sqi.net/img/user/", "suffix": "/NSOETHE5M4XL4AMM.jpg"}, "homeCity": "New York, NY", "contact": {"facebook": "100001014648458", "twitter": "maoyuan95"}, "firstName": "Mao", "tips": {"count": 0}, "gender": "male", "lastName": "Yuan", "lists": {"groups": [{"count": 2, "type": "created", "items": []}]}, "bio": ""}, {"id": "7796635", "photo": {"prefix": "https://igx.4sqi.net/img/user/", "suffix": "/7796635-K4RX3TCAIRV00HQQ.jpg"}, "homeCity": "Singapore", "contact": {"facebook": "1068588493", "twitter": "zhiiyin"}, "firstName": "Zhiyin", "tips": {"count": 0}, "gender": "female", "lastName": "Lim", "lists": {"groups": [{"count": 2, "type": "created", "items": []}]}, "bio": ""}, {"id": "7446825", "photo": {"prefix": "https://igx.4sqi.net/img/user/", "suffix": "/7446825-BK31CT3HXMAARAY1.jpg"}, "homeCity": "Singapore", "contact": {"facebook": "1035681616", "twitter": "sarcaslicious"}, "firstName": "Wee", "tips": {"count": 1}, "gender": "male", "lastName": "Teck", "lists": {"groups": [{"count": 2, "type": "created", "items": []}]}, "bio": "Train. Protein. Eat. Sleep. Rave. Repeat."}, {"id": "8626785", "photo": {"prefix": "https://igx.4sqi.net/img/user/", "suffix": "/SNJCQ2V5AMXLBQLZ.jpg"}, "homeCity": "Singapore", "contact": {"facebook": "100000523965564", "twitter": "33z4ni3"}, "firstName": "Eezanie", "tips": {"count": 0}, "gender": "female", "lastName": "Swift", "lists": {"groups": [{"count": 2, "type": "created", "items": []}]}, "bio": ""}, {"id": "18583773", "photo": {"prefix": "https://igx.4sqi.net/img/user/", "suffix": "/1DS1UWQOHZHCHIKB.jpg"}, "homeCity": "Singapore", "contact": {"facebook": "1682311031", "twitter": "triggerkiss"}, "firstName": "Triggerkiss", "tips": {"count": 0}, "gender": "female", "lists": {"groups": [{"count": 2, "type": "created", "items": []}]}, "bio": ""}, {"id": "15725588", "photo": {"prefix": "https://igx.4sqi.net/img/user/", "suffix": "/3BNVEDYQ4LRSHWLQ.png"}, "homeCity": "Singapore", "contact": {"twitter": "maggiegiovanii"}, "firstName": "maggie", "tips": {"count": 0}, "gender": "female", "lastName": "giovani", "lists": {"groups": [{"count": 2, "type": "created", "items": []}]}, "bio": ""}, {"id": "18263760", "photo": {"prefix": "https://igx.4sqi.net/img/user/", "suffix": "/18263760-4IU4YQCRALUZXSDX.jpg"}, "homeCity": "Singapore", "contact": {"twitter": "_crazyass"}, "firstName": "Bernice", "tips": {"count": 0}, "gender": "female", "lastName": "Ng", "lists": {"groups": [{"count": 2, "type": "created", "items": []}]}, "bio": "twitter & instagram : @ber_ng \ud83c\udf38"}, {"id": "14526746", "photo": {"prefix": "https://igx.4sqi.net/img/user/", "suffix": "/14526746-NDGJMYBTMS4YHCHZ.jpg"}, "homeCity": "Singapore", "contact": {"facebook": "100000499111941", "twitter": "laughingadeline"}, "firstName": "Adeline", "tips": {"count": 5}, "gender": "none", "lastName": "Tan", "lists": {"groups": [{"count": 2, "type": "created", "items": []}]}, "bio": ""}, {"id": "16062693", "photo": {"prefix": "https://igx.4sqi.net/img/user/", "suffix": "/ZAPHPKZELZPD35E1.jpg"}, "homeCity": "Pulau Pinang, Malaysia", "contact": {}, "firstName": "Ah", "tips": {"count": 0}, "gender": "male", "lastName": "Yok", "lists": {"groups": [{"count": 3, "type": "created", "items": []}]}, "bio": ""}, {"id": "8747295", "photo": {"prefix": "https://igx.4sqi.net/img/user/", "suffix": "/8747295-WS4DK4U0HY0TT5J4.jpg"}, "homeCity": "NY", "contact": {}, "firstName": "Wendy", "tips": {"count": 0}, "gender": "female", "lastName": "Lim", "lists": {"groups": [{"count": 2, "type": "created", "items": []}]}, "bio": "love smiling like an idiot."}, {"id": "18291522", "photo": {"prefix": "https://igx.4sqi.net/img/user/", "suffix": "/NGRPBZ0XER0QFDF4.jpg"}, "homeCity": "Singapore", "contact": {"facebook": "100000393562357", "twitter": "rhapsodyice"}, "firstName": "Chia", "tips": {"count": 0}, "gender": "none", "lastName": "Boonkiong", "lists": {"groups": [{"count": 2, "type": "created", "items": []}]}, "bio": ""}, {"id": "14794705", "photo": {"prefix": "https://igx.4sqi.net/img/user/", "suffix": "/EHP40BDWHPCLPODN.jpg"}, "homeCity": "Singapore", "contact": {"facebook": "100003111928826"}, "firstName": "Ghee", "tips": {"count": 0}, "gender": "male", "lastName": "An", "lists": {"groups": [{"count": 2, "type": "created", "items": []}]}, "bio": ""}, {"id": "21934088", "photo": {"prefix": "https://igx.4sqi.net/img/user/", "suffix": "/RTQXA3AQARZL4ARD.jpg"}, "homeCity": "Singapore", "contact": {"facebook": "1087217173", "twitter": "steveblake3"}, "firstName": "SteveBlake\u2122", "tips": {"count": 3}, "gender": "male", "lists": {"groups": [{"count": 2, "type": "created", "items": []}]}, "bio": "Follow me on Twitter: @SteveBlake3"}, {"id": "13475355", "photo": {"prefix": "https://igx.4sqi.net/img/user/", "suffix": "/13475355-TBJ3SCBMEMCCE144.jpg"}, "homeCity": "Bukit Mertajam, Malaysia", "contact": {"facebook": "100000277301656"}, "firstName": "Chia", "tips": {"count": 0}, "gender": "male", "lastName": "Wei", "lists": {"groups": [{"count": 2, "type": "created", "items": []}]}, "bio": ""}, {"id": "22740889", "photo": {"prefix": "https://igx.4sqi.net/img/user/", "suffix": "/JLT2GXMWXGEIHHRV.jpg"}, "homeCity": "Singapore", "contact": {"facebook": "1494435281"}, "firstName": "Wilfred", "tips": {"count": 4}, "gender": "male", "lastName": "Bang", "lists": {"groups": [{"count": 2, "type": "created", "items": []}]}, "bio": ""}]}, "checksum": "34bbf8f4f69376e5eb383566dd691aedcada558e"}}