{"notifications": [{"type": "notificationTray", "item": {"unreadCount": 0}}], "meta": {"requestId": "5966d2b59fb6b770dbd27939", "code": 200}, "response": {"friends": {"count": 31, "items": [{"id": "6963738", "photo": {"prefix": "https://igx.4sqi.net/img/user/", "suffix": "/UC3YU3DD1WCTBTHH.jpg"}, "homeCity": "Singapore", "contact": {"facebook": "536358311", "twitter": "thmpsnwng"}, "firstName": "oo", "tips": {"count": 0}, "gender": "male", "lastName": "ryry", "lists": {"groups": [{"count": 2, "type": "created", "items": []}]}, "bio": ""}, {"id": "11396456", "photo": {"prefix": "https://igx.4sqi.net/img/user/", "suffix": "/OW2QYRUPJZZQ1V2A.jpg"}, "homeCity": "Singapore", "contact": {"facebook": "715668224"}, "firstName": "Jonathan", "tips": {"count": 0}, "gender": "male", "lastName": "Huang", "lists": {"groups": [{"count": 2, "type": "created", "items": []}]}, "bio": ""}, {"id": "9235089", "photo": {"prefix": "https://igx.4sqi.net/img/user/", "suffix": "/9235089-2QRK1MI5QV24SI0R.jpg"}, "homeCity": "Singapore", "contact": {"facebook": "10153299686559961", "twitter": "supeeerbby"}, "firstName": "Abby", "tips": {"count": 3}, "gender": "female", "lists": {"groups": [{"count": 2, "type": "created", "items": []}]}, "bio": ""}, {"id": "3772758", "photo": {"prefix": "https://igx.4sqi.net/img/user/", "suffix": "/JKH5YIBT5NYDBUEP.jpg"}, "homeCity": "Singapore", "contact": {"facebook": "567029887", "twitter": "filaddinzz"}, "firstName": "Fila", "tips": {"count": 2}, "gender": "female", "lastName": "Kamaruddin", "lists": {"groups": [{"count": 2, "type": "created", "items": []}]}, "bio": ""}, {"id": "12217022", "photo": {"prefix": "https://igx.4sqi.net/img/user/", "default": true, "suffix": "/blank_boy.png"}, "homeCity": "Singapore", "contact": {"facebook": "1574676807", "twitter": "nathanielcxz"}, "firstName": "Nathaniel", "tips": {"count": 0}, "gender": "male", "lastName": "Halden", "lists": {"groups": [{"count": 2, "type": "created", "items": []}]}, "bio": ""}, {"id": "5457337", "photo": {"prefix": "https://igx.4sqi.net/img/user/", "default": true, "suffix": "/blank_boy.png"}, "homeCity": "Singapore, Tampines", "contact": {"facebook": "567291138"}, "firstName": "Jeng Khit", "tips": {"count": 0}, "gender": "male", "lastName": "Chin", "lists": {"groups": [{"count": 2, "type": "created", "items": []}]}, "bio": ""}, {"id": "43523277", "photo": {"prefix": "https://igx.4sqi.net/img/user/", "suffix": "/HQI3WHMCD5BQIM4R.jpg"}, "homeCity": "Singapore", "contact": {"facebook": "599227614", "twitter": "osm_sakura"}, "firstName": "See", "tips": {"count": 0}, "gender": "female", "lastName": "Min", "lists": {"groups": [{"count": 2, "type": "created", "items": []}]}, "bio": ""}, {"id": "15167761", "photo": {"prefix": "https://igx.4sqi.net/img/user/", "suffix": "/OLTF1R2UTW2FSI3S.jpg"}, "homeCity": "Singapore", "contact": {"facebook": "664679176"}, "firstName": "-", "tips": {"count": 0}, "gender": "male", "lastName": "Chin Wee", "lists": {"groups": [{"count": 2, "type": "created", "items": []}]}, "bio": ""}, {"id": "7906612", "photo": {"prefix": "https://igx.4sqi.net/img/user/", "suffix": "/M0M2FBYGJR2YSXVQ.jpg"}, "homeCity": "Singapore", "contact": {"facebook": "628768357", "twitter": "jackzhangg"}, "firstName": "Jack", "tips": {"count": 8}, "gender": "male", "lastName": "Zhang", "lists": {"groups": [{"count": 2, "type": "created", "items": []}]}, "bio": ""}, {"id": "85934643", "photo": {"prefix": "https://igx.4sqi.net/img/user/", "suffix": "/85934643-PRY3VX1PDGBYGL2C.jpg"}, "homeCity": "Shizuoka, Shizuoka", "contact": {"facebook": "588546911"}, "firstName": "Makoto", "tips": {"count": 0}, "gender": "male", "lastName": "Lam", "lists": {"groups": [{"count": 2, "type": "created", "items": []}]}, "bio": ""}, {"id": "3018985", "photo": {"prefix": "https://igx.4sqi.net/img/user/", "suffix": "/SHDODQVRMGNXG1BB.jpg"}, "homeCity": "Singapore", "contact": {"facebook": "596507392", "twitter": "hotnavi"}, "firstName": "Ivan", "tips": {"count": 1}, "gender": "male", "lastName": "Toh", "lists": {"groups": [{"count": 2, "type": "created", "items": []}]}, "bio": ""}, {"id": "2679922", "photo": {"prefix": "https://igx.4sqi.net/img/user/", "suffix": "/FFXPYKI5HZGXDRAU.jpg"}, "homeCity": "Singapore", "contact": {"facebook": "747277912", "twitter": "flofaeling"}, "firstName": "Flofae", "tips": {"count": 0}, "gender": "female", "lastName": "Ling", "lists": {"groups": [{"count": 2, "type": "created", "items": []}]}, "bio": ""}, {"id": "15598676", "photo": {"prefix": "https://igx.4sqi.net/img/user/", "suffix": "/5ERGM3V5CSY124JD.jpg"}, "homeCity": "Singapore", "contact": {"facebook": "746105962"}, "firstName": "Tan", "tips": {"count": 0}, "gender": "female", "lastName": "Shiqi", "lists": {"groups": [{"count": 2, "type": "created", "items": []}]}, "bio": ""}, {"id": "9341058", "photo": {"prefix": "https://igx.4sqi.net/img/user/", "suffix": "/WUAHOYBQTUP0PIUA.jpg"}, "homeCity": "Singapore", "contact": {"facebook": "890070143"}, "firstName": "Fa'iz", "tips": {"count": 0}, "gender": "male", "lastName": "Selamat", "lists": {"groups": [{"count": 2, "type": "created", "items": []}]}, "bio": ""}, {"id": "11383316", "photo": {"prefix": "https://igx.4sqi.net/img/user/", "default": true, "suffix": "/blank_girl.png"}, "homeCity": "New York, NY", "contact": {"facebook": "535719439"}, "firstName": "Shirlyn", "tips": {"count": 0}, "gender": "female", "lastName": "Oh", "lists": {"groups": [{"count": 2, "type": "created", "items": []}]}, "bio": ""}, {"id": "11695436", "photo": {"prefix": "https://igx.4sqi.net/img/user/", "suffix": "/DMFXLNSVJM1C1WUE.jpg"}, "homeCity": "Singapore", "contact": {"facebook": "598106080"}, "firstName": "Rachel", "tips": {"count": 0}, "gender": "female", "lastName": "Wan", "lists": {"groups": [{"count": 2, "type": "created", "items": []}]}, "bio": ""}, {"id": "37294421", "photo": {"prefix": "https://igx.4sqi.net/img/user/", "suffix": "/ZN43XM0GA5KF4HTO.jpg"}, "homeCity": "Singapore", "contact": {"facebook": "690781170", "twitter": "awesomehuang"}, "firstName": "ZhengHuang", "tips": {"count": 0}, "gender": "male", "lastName": "Goh", "lists": {"groups": [{"count": 2, "type": "created", "items": []}]}, "bio": ""}, {"id": "12118218", "photo": {"prefix": "https://igx.4sqi.net/img/user/", "default": true, "suffix": "/blank_boy.png"}, "homeCity": "New York, NY", "contact": {"facebook": "605439381"}, "firstName": "Jin", "tips": {"count": 0}, "gender": "male", "lastName": "Wong", "lists": {"groups": [{"count": 2, "type": "created", "items": []}]}, "bio": ""}, {"id": "28994377", "photo": {"prefix": "https://igx.4sqi.net/img/user/", "suffix": "/JEHTGANIPX5XGJDZ.jpg"}, "homeCity": "Yishun, Singapore", "contact": {}, "firstName": "Norvan", "tips": {"count": 0}, "gender": "male", "lastName": "Lee", "lists": {"groups": [{"count": 2, "type": "created", "items": []}]}, "bio": ""}, {"id": "6129719", "photo": {"prefix": "https://igx.4sqi.net/img/user/", "suffix": "/BBSAFHULKBCQ4DG1.jpg"}, "homeCity": "Singapore", "contact": {"facebook": "1039173853", "twitter": "tingghuii"}, "firstName": "Tingg", "tips": {"count": 0}, "gender": "female", "lastName": "Huii", "lists": {"groups": [{"count": 2, "type": "created", "items": []}]}, "bio": ""}, {"id": "3238379", "photo": {"prefix": "https://igx.4sqi.net/img/user/", "suffix": "/XIPNB5WGHMYGZKHO.jpg"}, "homeCity": "Singapore", "contact": {"facebook": "1164175478", "twitter": "justbeingcasual"}, "firstName": "shelby", "tips": {"count": 2}, "gender": "female", "lastName": "lim", "lists": {"groups": [{"count": 2, "type": "created", "items": []}]}, "bio": ""}, {"id": "4445070", "photo": {"prefix": "https://igx.4sqi.net/img/user/", "suffix": "/WNUZLHYYVI1IVC2R.jpg"}, "homeCity": "Singapore", "contact": {"facebook": "639414329"}, "firstName": "Amos", "tips": {"count": 0}, "gender": "male", "lastName": "He", "lists": {"groups": [{"count": 2, "type": "created", "items": []}]}, "bio": ""}, {"id": "11571312", "photo": {"prefix": "https://igx.4sqi.net/img/user/", "suffix": "/YG0C0AWEEAEADNMO.jpg"}, "homeCity": "Singapore", "contact": {"facebook": "1039167716"}, "firstName": "Pei", "tips": {"count": 0}, "gender": "female", "lastName": "Yan", "lists": {"groups": [{"count": 2, "type": "created", "items": []}]}, "bio": ""}, {"id": "37825260", "photo": {"prefix": "https://igx.4sqi.net/img/user/", "suffix": "/T5YEILYC1YG12EEI.jpg"}, "homeCity": "Singapore", "contact": {"facebook": "1429844316", "twitter": "limlihao"}, "firstName": "Lim", "tips": {"count": 2}, "gender": "male", "lastName": "Lihao", "lists": {"groups": [{"count": 2, "type": "created", "items": []}]}, "bio": "So damn unlucky, too damn noisy."}, {"id": "12147614", "photo": {"prefix": "https://igx.4sqi.net/img/user/", "suffix": "/MSHW3X5ZAJNGZGVB.jpg"}, "homeCity": "Singapore", "contact": {"facebook": "615553285"}, "firstName": "Tan", "tips": {"count": 0}, "gender": "male", "lastName": "Caibao", "lists": {"groups": [{"count": 2, "type": "created", "items": []}]}, "bio": ""}, {"id": "9292583", "photo": {"prefix": "https://igx.4sqi.net/img/user/", "suffix": "/0JQGQKQUX5SNFABA.jpg"}, "homeCity": "Singapore", "contact": {"facebook": "532074607"}, "firstName": "Mohamad", "tips": {"count": 0}, "gender": "male", "lastName": "Shafiq", "lists": {"groups": [{"count": 2, "type": "created", "items": []}]}, "bio": ""}, {"id": "7274718", "photo": {"prefix": "https://igx.4sqi.net/img/user/", "suffix": "/NC5GIM2GS5QL0FFX.jpg"}, "homeCity": "Singapore", "contact": {"facebook": "735431732", "twitter": "happy_germs"}, "firstName": "Alicia", "tips": {"count": 1}, "gender": "female", "lastName": "Lim", "lists": {"groups": [{"count": 2, "type": "created", "items": []}]}, "bio": ""}, {"id": "11603902", "photo": {"prefix": "https://igx.4sqi.net/img/user/", "suffix": "/ULNPYTKVCKJQCRGZ.jpg"}, "homeCity": "Singapore", "contact": {"facebook": "619295148"}, "firstName": "See", "tips": {"count": 0}, "gender": "male", "lastName": "Chi Chao", "lists": {"groups": [{"count": 2, "type": "created", "items": []}]}, "bio": ""}, {"id": "17169156", "photo": {"prefix": "https://igx.4sqi.net/img/user/", "suffix": "/GLFUWPCY51WM0XAO.jpg"}, "homeCity": "Hougang New Town, Singapore", "contact": {"facebook": "622425778", "twitter": "le_sexytime"}, "firstName": "Shamin", "tips": {"count": 0}, "gender": "male", "lastName": "Ismail", "lists": {"groups": [{"count": 2, "type": "created", "items": []}]}, "bio": ""}, {"id": "8777340", "photo": {"prefix": "https://igx.4sqi.net/img/user/", "suffix": "/X24O1NWEHYWISWJS.jpg"}, "homeCity": "Singapore", "contact": {"facebook": "651143692", "twitter": "ananzai506"}, "firstName": "Anzer", "tips": {"count": 7}, "gender": "male", "lastName": "Cheng", "lists": {"groups": [{"count": 2, "type": "created", "items": []}]}, "bio": ""}, {"id": "17884337", "photo": {"prefix": "https://igx.4sqi.net/img/user/", "suffix": "/17884337-FARMPMSWFZ4Q0TS0.jpg"}, "homeCity": "Singapore", "contact": {"facebook": "715537511", "twitter": "boboleoo"}, "firstName": "Leona", "tips": {"count": 0}, "gender": "female", "lastName": "Teo", "lists": {"groups": [{"count": 2, "type": "created", "items": []}]}, "bio": ""}]}, "checksum": "252a72fe48ed7756afadb76de7adb1667f5fecb1"}}