{"notifications": [{"type": "notificationTray", "item": {"unreadCount": 0}}], "response": {"friends": {"items": [{"tips": {"count": 1}, "contact": {"twitter": "thf47", "facebook": "1443139075"}, "firstName": "Yusfarhan", "gender": "male", "lastName": "Yusham", "id": "24229791", "bio": "", "photo": {"prefix": "https://igx.4sqi.net/img/user/", "suffix": "/ADUNFYJCP5QFSUC1.jpg"}, "homeCity": "Selangor", "lists": {"groups": [{"items": [], "count": 2, "type": "created"}]}}, {"tips": {"count": 26}, "contact": {"twitter": "abijan", "facebook": "834604291"}, "firstName": "Rahizan", "gender": "male", "lastName": "Ramatullah", "id": "7891330", "bio": "", "photo": {"prefix": "https://igx.4sqi.net/img/user/", "suffix": "/7891330-Y1PLNCRRJ4I0TGYS.jpg"}, "homeCity": "Kuala Lumpur, Malaysia", "lists": {"groups": [{"items": [], "count": 2, "type": "created"}]}}, {"tips": {"count": 8}, "contact": {"twitter": "yarusaru", "facebook": "752188641"}, "firstName": "Ruzlin", "gender": "male", "lastName": "Mokhtar", "id": "3561830", "bio": "", "photo": {"prefix": "https://igx.4sqi.net/img/user/", "suffix": "/CRLBPZWLZZJEHLR0.jpg"}, "homeCity": "Kuala Lumpur, Malaysia", "lists": {"groups": [{"items": [], "count": 2, "type": "created"}]}}, {"tips": {"count": 46}, "contact": {"facebook": "682749654"}, "firstName": "Nik", "gender": "male", "lastName": "Hasyudeen", "id": "45182654", "bio": "", "photo": {"prefix": "https://igx.4sqi.net/img/user/", "suffix": "/E05QA5YWBBUJXMIW.jpg"}, "homeCity": "Selangor", "lists": {"groups": [{"items": [], "count": 2, "type": "created"}]}}, {"tips": {"count": 0}, "contact": {"facebook": "736564506"}, "firstName": "Aznir", "gender": "male", "lastName": "Ahmad", "id": "67996004", "bio": "", "photo": {"prefix": "https://igx.4sqi.net/img/user/", "suffix": "/12G1BQ3CUFGHFKQV.jpg"}, "homeCity": "Kuala Lumpur, KUL", "lists": {"groups": [{"items": [], "count": 2, "type": "created"}]}}, {"tips": {"count": 1}, "contact": {"twitter": "harmitaazim", "facebook": "1010127082"}, "firstName": "Harmi", "gender": "male", "lastName": "Mohamad", "id": "3638056", "bio": "", "photo": {"prefix": "https://igx.4sqi.net/img/user/", "suffix": "/TUJW0VOOP4KCJDTK.jpg"}, "homeCity": "Kuala Lumpur, Malaysia", "lists": {"groups": [{"items": [], "count": 2, "type": "created"}]}}], "count": 6}, "checksum": "196d1490e2f42bbcdd5f4e6bd53ed5ffce1bd658"}, "meta": {"requestId": "5966353ff594df3c73bd0606", "code": 200}}