{"notifications": [{"type": "notificationTray", "item": {"unreadCount": 0}}], "response": {"friends": {"items": [{"tips": {"count": 2}, "contact": {"twitter": "runawayapricot", "facebook": "1226910050"}, "firstName": "Robyn", "gender": "female", "lastName": "Burgess", "id": "4654252", "bio": "", "photo": {"prefix": "https://igx.4sqi.net/img/user/", "suffix": "/JWMX1OVHKHXKK3YL.jpg"}, "homeCity": "New York, NY", "lists": {"groups": [{"items": [], "count": 4, "type": "created"}]}}, {"tips": {"count": 12}, "contact": {"twitter": "jingers__"}, "firstName": "Yue Jing", "gender": "male", "lastName": "Ho", "id": "5336622", "bio": "", "photo": {"prefix": "https://igx.4sqi.net/img/user/", "suffix": "/DI1UVDYUQAFPT2WH.jpg"}, "homeCity": "Sydney, Australia", "lists": {"groups": [{"items": [], "count": 3, "type": "created"}]}}, {"tips": {"count": 5}, "contact": {"facebook": "1259226208"}, "firstName": "Ailsa", "gender": "female", "lastName": "Walters", "id": "17627940", "bio": "", "photo": {"prefix": "https://igx.4sqi.net/img/user/", "suffix": "/QI5XZBBBFD22SBRH.jpg"}, "homeCity": "Torfaen, UK", "lists": {"groups": [{"items": [], "count": 2, "type": "created"}]}}], "count": 3}, "checksum": "b9d3a4aaf738b59e5509a119a98f5004cc189f21"}, "meta": {"requestId": "5965cdd44434b96bc8a89af0", "code": 200}}