{"notifications": [{"type": "notificationTray", "item": {"unreadCount": 0}}], "meta": {"requestId": "5966eb68db04f528b4d6a4ed", "code": 200}, "response": {"friends": {"count": 101, "items": [{"id": "5882759", "photo": {"prefix": "https://igx.4sqi.net/img/user/", "suffix": "/2WYUGNDAWIGARAUT.jpg"}, "homeCity": "Cebu, Philippines", "contact": {"twitter": "eddbuenaviaje"}, "firstName": "iLuvCebu.com", "tips": {"count": 45}, "gender": "none", "lists": {"groups": [{"count": 2, "type": "created", "items": []}]}, "bio": "Check our website out: www.iLuvCebu.com\r\nTwitter: www.twitter.com/iLuvCebuTeam\r\nFacebook: www.facebook.com/iLuvCebudotCom"}]}, "checksum": "779c6ace0d21e27934bf076a3ab5c7c99af0e637"}}