{"notifications": [{"type": "notificationTray", "item": {"unreadCount": 0}}], "response": {"friends": {"items": [{"tips": {"count": 9}, "contact": {"twitter": "_eternityhope", "facebook": "758704772"}, "firstName": "Peiyu", "gender": "female", "id": "4315419", "bio": "", "photo": {"prefix": "https://igx.4sqi.net/img/user/", "suffix": "/4315419-K1IFGNFOTVKRRJZB.jpg"}, "homeCity": "Singapore", "lists": {"groups": [{"items": [], "count": 2, "type": "created"}]}}, {"tips": {"count": 0}, "contact": {"twitter": "apizawesome", "facebook": "586441906"}, "firstName": "apiz", "gender": "male", "lastName": "kental", "id": "5148926", "bio": "", "photo": {"prefix": "https://igx.4sqi.net/img/user/", "suffix": "/TI0YYIEBUMVM3555.jpg"}, "homeCity": "Singapore", "lists": {"groups": [{"items": [], "count": 2, "type": "created"}]}}, {"tips": {"count": 1}, "contact": {"facebook": "1069705224"}, "firstName": "Divyashini", "gender": "female", "lastName": "Lakshi", "id": "9234212", "bio": "Nothing much.", "photo": {"prefix": "https://igx.4sqi.net/img/user/", "suffix": "/NMPRGC1ZRFWQL1PS.jpg"}, "homeCity": "Singapore", "lists": {"groups": [{"items": [], "count": 2, "type": "created"}]}}, {"tips": {"count": 0}, "contact": {"twitter": "amandati_rocks", "facebook": "1248618801"}, "firstName": "Amanda", "gender": "female", "lastName": "Ti", "id": "6621421", "bio": "", "photo": {"prefix": "https://igx.4sqi.net/img/user/", "suffix": "/ANH50C4LWX4Y2MBZ.jpg"}, "homeCity": "Singapore", "lists": {"groups": [{"items": [], "count": 2, "type": "created"}]}}, {"tips": {"count": 0}, "contact": {"twitter": "okayyycan", "facebook": "540139668"}, "firstName": "Tsui", "gender": "male", "lastName": "Chung Lok", "id": "8290018", "bio": "", "photo": {"prefix": "https://igx.4sqi.net/img/user/", "suffix": "/L2XL3HCLLQJJJN4Z.jpg"}, "homeCity": "Singapore", "lists": {"groups": [{"items": [], "count": 2, "type": "created"}]}}, {"tips": {"count": 0}, "contact": {"facebook": "805464035"}, "firstName": "Shaz", "gender": "male", "lastName": "DeRoxta", "id": "5816734", "bio": "", "photo": {"prefix": "https://igx.4sqi.net/img/user/", "suffix": "/IHIWNOOJBJSD1DQH.jpg"}, "homeCity": "Singapore", "lists": {"groups": [{"items": [], "count": 2, "type": "created"}]}}, {"tips": {"count": 0}, "contact": {"twitter": "jchichibu", "facebook": "580845072"}, "firstName": "Jasmine", "gender": "female", "lastName": "Ng", "id": "5511735", "bio": "", "photo": {"prefix": "https://igx.4sqi.net/img/user/", "suffix": "/BO000VH5ACWNUPLP.jpg"}, "homeCity": "Singapore", "lists": {"groups": [{"items": [], "count": 2, "type": "created"}]}}, {"tips": {"count": 13}, "contact": {"twitter": "ahjeraemon", "facebook": "1804003834"}, "firstName": "Teng", "gender": "male", "lastName": "Jeremy", "id": "2004842", "bio": "", "photo": {"prefix": "https://igx.4sqi.net/img/user/", "suffix": "/2004842-DMLCBCHR43DL3EJJ.jpg"}, "homeCity": "Singapore", "lists": {"groups": [{"items": [], "count": 2, "type": "created"}]}}, {"tips": {"count": 12}, "contact": {"twitter": "swagload", "facebook": "686086908"}, "firstName": "Irvin Tang", "gender": "male", "id": "6686405", "bio": "", "photo": {"prefix": "https://igx.4sqi.net/img/user/", "suffix": "/H2AORPY5M4GHQIFB.jpg"}, "homeCity": "Bukit Timah, Singapore", "lists": {"groups": [{"items": [], "count": 2, "type": "created"}]}}, {"tips": {"count": 0}, "contact": {"twitter": "ahningzxc", "facebook": "100000081898440"}, "firstName": "April", "gender": "female", "lastName": "Goh", "id": "3836248", "bio": "", "photo": {"prefix": "https://igx.4sqi.net/img/user/", "suffix": "/K0Z1CE55PD1OJKOQ.jpg"}, "homeCity": "Singapore", "lists": {"groups": [{"items": [], "count": 2, "type": "created"}]}}, {"tips": {"count": 2}, "contact": {"twitter": "shahcarlin", "facebook": "691957122"}, "firstName": "Shah", "gender": "male", "lastName": "Ciner", "id": "4097778", "bio": "", "photo": {"prefix": "https://igx.4sqi.net/img/user/", "suffix": "/QNKKZKA2MRYFFKPT.jpg"}, "homeCity": "Singapore", "lists": {"groups": [{"items": [], "count": 2, "type": "created"}]}}, {"tips": {"count": 0}, "contact": {}, "firstName": "Amirah", "gender": "female", "lastName": "Zainal", "id": "6616801", "bio": "", "photo": {"prefix": "https://igx.4sqi.net/img/user/", "suffix": "/RMJBMNNMR1XHRX0Y.jpg"}, "homeCity": "Singapore", "lists": {"groups": [{"items": [], "count": 2, "type": "created"}]}}, {"tips": {"count": 1}, "contact": {"twitter": "bookegg"}, "firstName": "Soondae", "gender": "female", "lastName": "Shudan", "id": "10540788", "bio": "", "photo": {"prefix": "https://igx.4sqi.net/img/user/", "suffix": "/10540788-IQJCRPXC10RN24FB.jpg"}, "homeCity": "Singapore", "lists": {"groups": [{"items": [], "count": 2, "type": "created"}]}}, {"tips": {"count": 1}, "contact": {"facebook": "768208347"}, "firstName": "Syafiq", "gender": "male", "lastName": "Othman", "id": "4207643", "bio": "", "photo": {"prefix": "https://igx.4sqi.net/img/user/", "suffix": "/5EIQIG11D2F2UJ13.jpg"}, "homeCity": "Singapore", "lists": {"groups": [{"items": [], "count": 2, "type": "created"}]}}, {"tips": {"count": 0}, "contact": {"twitter": "zhuoningly"}, "firstName": "Zhuo Ning", "gender": "female", "lastName": "Chai", "id": "1818530", "bio": "", "photo": {"prefix": "https://igx.4sqi.net/img/user/", "suffix": "/H1FFTVXNT0YSKHSB.jpg"}, "homeCity": "Singapore", "lists": {"groups": [{"items": [], "count": 2, "type": "created"}]}}, {"tips": {"count": 6}, "contact": {}, "firstName": "Eugene", "gender": "male", "lastName": "Yew", "id": "3170786", "bio": "", "photo": {"prefix": "https://igx.4sqi.net/img/user/", "suffix": "/YKMHZTWACGQRNZSC.jpg"}, "homeCity": "Singapore", "lists": {"groups": [{"items": [], "count": 2, "type": "created"}]}}, {"tips": {"count": 0}, "contact": {"facebook": "10205957616569113"}, "firstName": "Muhammad", "gender": "male", "lastName": "Fahmi", "id": "10341973", "bio": "", "photo": {"prefix": "https://igx.4sqi.net/img/user/", "suffix": "/KU1JPXVVA1P2CHAA.jpg"}, "homeCity": "NY", "lists": {"groups": [{"items": [], "count": 2, "type": "created"}]}}, {"tips": {"count": 11}, "contact": {"twitter": "zoolaycar", "facebook": "1187343600"}, "firstName": "Alainn Hijabi", "gender": "female", "id": "4374958", "bio": "", "photo": {"prefix": "https://igx.4sqi.net/img/user/", "suffix": "/4374958-E350U5NQTTQCEKAI.jpg"}, "homeCity": "Singapore", "lists": {"groups": [{"items": [], "count": 3, "type": "created"}]}}, {"tips": {"count": 0}, "contact": {"twitter": "jennifernoviana", "facebook": "798786251"}, "firstName": "Jennifer", "gender": "female", "lastName": "Noviana", "id": "6829732", "bio": "", "photo": {"prefix": "https://igx.4sqi.net/img/user/", "suffix": "/RJSKKKFISW5PGICV.jpg"}, "homeCity": "Singapore", "lists": {"groups": [{"items": [], "count": 2, "type": "created"}]}}, {"tips": {"count": 0}, "contact": {"facebook": "1756401741"}, "firstName": "Sabit", "gender": "male", "lastName": "Neutron", "id": "9248485", "bio": "", "photo": {"prefix": "https://igx.4sqi.net/img/user/", "suffix": "/YVMIO14INMJ444V2.jpg"}, "homeCity": "Surabaya, Indonesia", "lists": {"groups": [{"items": [], "count": 2, "type": "created"}]}}, {"tips": {"count": 0}, "contact": {"twitter": "ctraudz", "facebook": "726192934"}, "firstName": "Siti Raudhah", "gender": "female", "lastName": "Saini", "id": "10607891", "bio": "", "photo": {"prefix": "https://igx.4sqi.net/img/user/", "suffix": "/N3SZ4JIJIXVX0AOH.jpg"}, "homeCity": "Singapore", "lists": {"groups": [{"items": [], "count": 2, "type": "created"}]}}, {"tips": {"count": 1}, "contact": {"twitter": "kyuhyunstarr", "facebook": "1410514435"}, "firstName": "Jia", "gender": "female", "lastName": "Jing", "id": "8042951", "bio": "", "photo": {"prefix": "https://igx.4sqi.net/img/user/", "suffix": "/FPKJA1U35VLJTDWK.jpg"}, "homeCity": "Singapore", "lists": {"groups": [{"items": [], "count": 2, "type": "created"}]}}, {"tips": {"count": 0}, "contact": {"facebook": "1054332075"}, "firstName": "KAIYI :D", "gender": "female", "id": "5590250", "bio": "", "photo": {"prefix": "https://igx.4sqi.net/img/user/", "suffix": "/FGR2YEWUZOONMVKK.jpg"}, "homeCity": "Singapore", "lists": {"groups": [{"items": [], "count": 2, "type": "created"}]}}, {"tips": {"count": 1}, "contact": {"twitter": "genevieveeeeee_", "facebook": "100003694857489"}, "firstName": "Genevieve\ud83c\udf53", "gender": "female", "id": "2624766", "bio": "", "photo": {"prefix": "https://igx.4sqi.net/img/user/", "suffix": "/FHTBS4FH0IADB51R.jpg"}, "homeCity": "Singapore", "lists": {"groups": [{"items": [], "count": 2, "type": "created"}]}}, {"tips": {"count": 0}, "contact": {"facebook": "1304208632"}, "firstName": "Christian", "gender": "male", "lastName": "Riveiros Xiao", "id": "4514160", "bio": "", "photo": {"prefix": "https://igx.4sqi.net/img/user/", "suffix": "/CRWDVQQG3NMXRBIQ.jpg"}, "homeCity": "kuala lumpur", "lists": {"groups": [{"items": [], "count": 2, "type": "created"}]}}, {"tips": {"count": 0}, "contact": {"twitter": "pepperoniguy", "facebook": "715663065"}, "firstName": "Lincoln", "gender": "male", "lastName": "Ting", "id": "4101443", "bio": "", "photo": {"prefix": "https://igx.4sqi.net/img/user/", "suffix": "/4OSC4V0UO3DQH3XB.jpg"}, "homeCity": "Singapore", "lists": {"groups": [{"items": [], "count": 2, "type": "created"}]}}, {"tips": {"count": 7}, "contact": {"twitter": "izannsharkboy", "facebook": "812492678"}, "firstName": "IzannGray", "gender": "male", "lastName": "FullBuster", "id": "3103070", "bio": "", "photo": {"prefix": "https://igx.4sqi.net/img/user/", "suffix": "/4V00ZUVUVU1FPGQI.jpg"}, "homeCity": "Singapore", "lists": {"groups": [{"items": [], "count": 2, "type": "created"}]}}, {"tips": {"count": 9}, "contact": {"twitter": "101daisies_", "facebook": "546801068"}, "firstName": "Charmaine", "gender": "female", "lastName": "Chin", "id": "3732145", "bio": "", "photo": {"prefix": "https://igx.4sqi.net/img/user/", "suffix": "/C0E1OOVJNYQ5GDW4.jpg"}, "homeCity": "Singapore", "lists": {"groups": [{"items": [], "count": 2, "type": "created"}]}}, {"tips": {"count": 0}, "contact": {"twitter": "rachelyousopro"}, "firstName": "Rachel", "gender": "female", "lastName": "Tan", "id": "4847503", "bio": "", "photo": {"prefix": "https://igx.4sqi.net/img/user/", "suffix": "/1XQVQC4RZVI5YLZL.jpg"}, "homeCity": "Singapore", "lists": {"groups": [{"items": [], "count": 2, "type": "created"}]}}, {"tips": {"count": 1}, "contact": {"twitter": "ckweejy", "facebook": "1485517829"}, "firstName": "wee", "gender": "male", "lastName": "jian yong", "id": "7001494", "bio": "", "photo": {"prefix": "https://igx.4sqi.net/img/user/", "suffix": "/AG23INQL1QT2MXSX.jpg"}, "homeCity": "New York, NY", "lists": {"groups": [{"items": [], "count": 2, "type": "created"}]}}, {"tips": {"count": 0}, "contact": {"facebook": "555732369"}, "firstName": "Elis", "gender": "female", "lastName": "Suriyanti", "id": "10612515", "bio": "", "photo": {"prefix": "https://igx.4sqi.net/img/user/", "suffix": "/3RGEKGWMG3CLR1SC.jpg"}, "homeCity": "Singapore", "lists": {"groups": [{"items": [], "count": 2, "type": "created"}]}}, {"tips": {"count": 0}, "contact": {}, "firstName": "Syuaidi", "gender": "male", "lastName": "Sulaiman", "id": "8200118", "bio": "", "photo": {"prefix": "https://igx.4sqi.net/img/user/", "suffix": "/CJYSF54ON3L2CPCO.jpg"}, "homeCity": "Singapore", "lists": {"groups": [{"items": [], "count": 2, "type": "created"}]}}, {"tips": {"count": 0}, "contact": {"twitter": "amirahhk", "facebook": "1079120678"}, "firstName": "amirah", "gender": "female", "lastName": "khairah", "id": "5609612", "bio": "", "photo": {"prefix": "https://igx.4sqi.net/img/user/", "suffix": "/43DY4XLCQ50RNDQN.jpg"}, "homeCity": "Singapore", "lists": {"groups": [{"items": [], "count": 2, "type": "created"}]}}, {"tips": {"count": 0}, "contact": {"twitter": "reminiscencem"}, "firstName": "Esther", "gender": "female", "lastName": "Chong", "id": "2837632", "bio": "", "photo": {"prefix": "https://igx.4sqi.net/img/user/", "suffix": "/11Z322QUTCMD3PHA.jpg"}, "homeCity": "Singapore", "lists": {"groups": [{"items": [], "count": 2, "type": "created"}]}}, {"tips": {"count": 0}, "contact": {"twitter": "corrinasoh_", "facebook": "682639199"}, "firstName": "Corrina", "gender": "female", "lastName": "Own", "id": "4516438", "bio": "", "photo": {"prefix": "https://igx.4sqi.net/img/user/", "suffix": "/4516438-POBANIKCV12ZXWIC.jpg"}, "homeCity": "Singapore", "lists": {"groups": [{"items": [], "count": 2, "type": "created"}]}}, {"tips": {"count": 1}, "contact": {"twitter": "chevalie_sg", "facebook": "1416590515"}, "firstName": "Chevalie", "gender": "male", "lastName": "Brawijaya", "id": "5354545", "bio": "", "photo": {"prefix": "https://igx.4sqi.net/img/user/", "suffix": "/5354545-2UVKIQQGJ40LSMG0.jpg"}, "homeCity": "Magelang, Indonesia", "lists": {"groups": [{"items": [], "count": 2, "type": "created"}]}}, {"tips": {"count": 3}, "contact": {"twitter": "xxhanisxx", "facebook": "1034313862"}, "firstName": "Nur", "gender": "female", "lastName": "Hanis", "id": "3103107", "bio": "", "photo": {"prefix": "https://igx.4sqi.net/img/user/", "suffix": "/U0W4C5HEVJH1X140.jpg"}, "homeCity": "Singapore", "lists": {"groups": [{"items": [], "count": 2, "type": "created"}]}}, {"tips": {"count": 4}, "contact": {"twitter": "muhd_daanish", "facebook": "578887848"}, "firstName": "Daanish", "gender": "male", "lastName": "Muhammad", "id": "3893002", "bio": "", "photo": {"prefix": "https://igx.4sqi.net/img/user/", "suffix": "/KF30UVSIW2D1ZZO2.jpg"}, "homeCity": "Singapore", "lists": {"groups": [{"items": [], "count": 2, "type": "created"}]}}, {"tips": {"count": 2}, "contact": {"twitter": "popsiclerain", "facebook": "667833258"}, "firstName": "Ming Shi", "gender": "female", "lastName": "Lim", "id": "5154467", "bio": "", "photo": {"prefix": "https://igx.4sqi.net/img/user/", "suffix": "/5154467-IOL0UA2013CXLZFM.jpg"}, "homeCity": "Singapore", "lists": {"groups": [{"items": [], "count": 2, "type": "created"}]}}, {"tips": {"count": 0}, "contact": {"twitter": "amirahlina", "facebook": "1409054174"}, "firstName": "amirah", "gender": "female", "lastName": "lina", "id": "7014374", "bio": "", "photo": {"prefix": "https://igx.4sqi.net/img/user/", "suffix": "/VWSRIKABTE4LFBTJ.jpg"}, "homeCity": "Belgaum, India", "lists": {"groups": [{"items": [], "count": 2, "type": "created"}]}}, {"tips": {"count": 0}, "contact": {"twitter": "acidmeth", "facebook": "1627178851"}, "firstName": "Jeidy", "gender": "female", "lastName": "Ng", "id": "5656771", "bio": "", "photo": {"prefix": "https://igx.4sqi.net/img/user/", "suffix": "/H2SIE2T5BPJPCMMY.jpg"}, "homeCity": "Singapore", "lists": {"groups": [{"items": [], "count": 2, "type": "created"}]}}, {"tips": {"count": 0}, "contact": {"twitter": "_vintageros3s", "facebook": "100002279397359"}, "firstName": "KaiYi", "gender": "female", "lastName": "(:", "id": "8972052", "bio": "", "photo": {"prefix": "https://igx.4sqi.net/img/user/", "suffix": "/8972052-PWHN54VVUGCWGQHF.jpg"}, "homeCity": "Singapore", "lists": {"groups": [{"items": [], "count": 2, "type": "created"}]}}, {"tips": {"count": 0}, "contact": {"twitter": "azrian93"}, "firstName": "Febri", "gender": "male", "lastName": "Azrian", "id": "9767171", "bio": "", "photo": {"prefix": "https://igx.4sqi.net/img/user/", "suffix": "/MXXHNUF3WD22RBW5.jpg"}, "homeCity": "Singapore", "lists": {"groups": [{"items": [], "count": 2, "type": "created"}]}}, {"tips": {"count": 0}, "contact": {}, "firstName": "amirah", "gender": "female", "lastName": "zulkifli", "id": "5401169", "bio": "", "photo": {"prefix": "https://igx.4sqi.net/img/user/", "suffix": "/IUWDWCKRQTDDHTGS.jpg"}, "homeCity": "Singapore", "lists": {"groups": [{"items": [], "count": 2, "type": "created"}]}}, {"tips": {"count": 1}, "contact": {"twitter": "ninazx", "facebook": "10153540913625513"}, "firstName": "Nina", "gender": "female", "lastName": "Chiam", "id": "4002224", "bio": "", "photo": {"prefix": "https://igx.4sqi.net/img/user/", "suffix": "/4002224-SZKS2BSINFMMQ1UR.jpg"}, "homeCity": "Singapore", "lists": {"groups": [{"items": [], "count": 2, "type": "created"}]}}, {"tips": {"count": 0}, "contact": {"twitter": "chucksxc", "facebook": "100000680635113"}, "firstName": "Ahlep", "gender": "male", "lastName": "Chuckie", "id": "5531970", "bio": "", "photo": {"prefix": "https://igx.4sqi.net/img/user/", "suffix": "/I5FIYCHPAAJL0ZX3.jpg"}, "homeCity": "Singapore", "lists": {"groups": [{"items": [], "count": 2, "type": "created"}]}}, {"tips": {"count": 0}, "contact": {"twitter": "omgmynamecantfi", "facebook": "645298070"}, "firstName": "Wesley", "gender": "male", "lastName": "Chan", "id": "5160825", "bio": "", "photo": {"prefix": "https://igx.4sqi.net/img/user/", "suffix": "/N1S5CBFIGYTUQVQW.jpg"}, "homeCity": "Singapore", "lists": {"groups": [{"items": [], "count": 2, "type": "created"}]}}, {"tips": {"count": 0}, "contact": {"facebook": "1094134764"}, "firstName": "Dan", "gender": "male", "lastName": "Sprmn", "id": "7148589", "bio": "", "photo": {"prefix": "https://igx.4sqi.net/img/user/", "suffix": "/UDE0PNH4AXVYDFMF.jpg"}, "homeCity": "Singapore", "lists": {"groups": [{"items": [], "count": 2, "type": "created"}]}}, {"tips": {"count": 0}, "contact": {"twitter": "mas_bruno", "facebook": "684060858"}, "firstName": "Hdyt", "gender": "male", "lastName": "S", "id": "5783217", "bio": "", "photo": {"prefix": "https://igx.4sqi.net/img/user/", "suffix": "/ZNFGR1OTX1DLLTQV.jpg"}, "homeCity": "Singapore", "lists": {"groups": [{"items": [], "count": 2, "type": "created"}]}}, {"tips": {"count": 0}, "contact": {"facebook": "100001464770456"}, "firstName": "Chadd", "gender": "male", "lastName": "Zaini", "id": "10804783", "bio": "", "photo": {"prefix": "https://igx.4sqi.net/img/user/", "suffix": "/XVEQLLMSJVISJZB2.jpg"}, "homeCity": "miami", "lists": {"groups": [{"items": [], "count": 2, "type": "created"}]}}, {"tips": {"count": 4}, "contact": {"twitter": "aliciathia", "facebook": "100001373385356"}, "firstName": "Alicia", "gender": "female", "lastName": "Thia", "id": "5939716", "bio": "", "photo": {"prefix": "https://igx.4sqi.net/img/user/", "suffix": "/OCCGAVCU1MF0DZAB.jpg"}, "homeCity": "Tanah Merah, Malaysia", "lists": {"groups": [{"items": [], "count": 2, "type": "created"}]}}, {"tips": {"count": 0}, "contact": {"facebook": "1377783166"}, "firstName": "Nur Raifana", "gender": "female", "lastName": "Abd Karim", "id": "4113120", "bio": "", "photo": {"prefix": "https://igx.4sqi.net/img/user/", "suffix": "/1PMR5EIG53EIDL15.jpg"}, "homeCity": "Singapore", "lists": {"groups": [{"items": [], "count": 2, "type": "created"}]}}, {"tips": {"count": 11}, "contact": {"twitter": "bloodyrose037"}, "firstName": "Yuki", "gender": "male", "lastName": "Sohma", "id": "5872282", "bio": "", "photo": {"prefix": "https://igx.4sqi.net/img/user/", "suffix": "/ZZRVBJ225XA4SNHG.jpg"}, "homeCity": "Singapore", "lists": {"groups": [{"items": [], "count": 2, "type": "created"}]}}, {"tips": {"count": 0}, "contact": {"twitter": "muzzaffir", "facebook": "633852648"}, "firstName": "Muzzaffir", "gender": "male", "lastName": "Shah", "id": "5195672", "bio": "", "photo": {"prefix": "https://igx.4sqi.net/img/user/", "suffix": "/4LSD3OH1Q3WZFSOO.jpg"}, "homeCity": "Clementi, Singapore", "lists": {"groups": [{"items": [], "count": 3, "type": "created"}]}}, {"tips": {"count": 0}, "contact": {"twitter": "syairahmeow"}, "firstName": "Syairah\ud83d\udc31", "gender": "female", "id": "7175126", "bio": "", "photo": {"prefix": "https://igx.4sqi.net/img/user/", "suffix": "/0SFO3ATESTNOOI5K.jpg"}, "homeCity": "Singapore", "lists": {"groups": [{"items": [], "count": 2, "type": "created"}]}}, {"tips": {"count": 0}, "contact": {}, "firstName": "Nadia", "gender": "female", "id": "5783298", "bio": "", "photo": {"prefix": "https://igx.4sqi.net/img/user/", "suffix": "/-0QZX3GL3CG1X2H3U.jpg"}, "homeCity": "", "lists": {"groups": [{"items": [], "count": 2, "type": "created"}]}}, {"tips": {"count": 0}, "contact": {"facebook": "565479068"}, "firstName": "Alyssyah", "gender": "female", "lastName": "Shawall", "id": "10812810", "bio": "", "photo": {"prefix": "https://igx.4sqi.net/img/user/", "suffix": "/ZAPWEMJPHQZA1UBU.jpg"}, "homeCity": "NY", "lists": {"groups": [{"items": [], "count": 2, "type": "created"}]}}, {"tips": {"count": 1}, "contact": {"twitter": "wattgasm", "facebook": "10154240943833636"}, "firstName": "Watt", "gender": "male", "lastName": "Ng", "id": "4745261", "bio": "", "photo": {"prefix": "https://igx.4sqi.net/img/user/", "suffix": "/40ET1YL5PFKF2O1A.jpg"}, "homeCity": "Singapore", "lists": {"groups": [{"items": [], "count": 2, "type": "created"}]}}, {"tips": {"count": 0}, "contact": {"twitter": "dearestjoey", "facebook": "733023228"}, "firstName": "Joey", "gender": "female", "lastName": "Sim", "id": "5875067", "bio": "", "photo": {"prefix": "https://igx.4sqi.net/img/user/", "suffix": "/TOQAVLJ3Y3YJKAVN.jpg"}, "homeCity": "Singapore", "lists": {"groups": [{"items": [], "count": 2, "type": "created"}]}}, {"tips": {"count": 4}, "contact": {"twitter": "bbaoyi", "facebook": "1576066330"}, "firstName": "Baoyi", "gender": "female", "id": "6187135", "bio": "", "photo": {"prefix": "https://igx.4sqi.net/img/user/", "suffix": "/6187135-SYX3EMITUYY1ZTAK.jpg"}, "homeCity": "Singapore", "lists": {"groups": [{"items": [], "count": 2, "type": "created"}]}}, {"tips": {"count": 1}, "contact": {"twitter": "claratyan", "facebook": "1043073509"}, "firstName": "Clara", "gender": "female", "lastName": "Ho", "id": "7204862", "bio": "", "photo": {"prefix": "https://igx.4sqi.net/img/user/", "suffix": "/0TYEUTS3VK5S5PYP.jpg"}, "homeCity": "Singapore", "lists": {"groups": [{"items": [], "count": 2, "type": "created"}]}}, {"tips": {"count": 0}, "contact": {"facebook": "622273991"}, "firstName": "tengku", "gender": "male", "lastName": "zack", "id": "5242766", "bio": "", "photo": {"prefix": "https://igx.4sqi.net/img/user/", "suffix": "/PSGDE43HGO3A01PX.jpg"}, "homeCity": "Singapore", "lists": {"groups": [{"items": [], "count": 2, "type": "created"}]}}, {"tips": {"count": 0}, "contact": {"twitter": "eeerahminnie", "facebook": "1033571352"}, "firstName": "Eerah", "gender": "female", "id": "6354543", "bio": "", "photo": {"prefix": "https://igx.4sqi.net/img/user/", "suffix": "/RPRCWEJ3Y2M43YA0.jpg"}, "homeCity": "Singapore", "lists": {"groups": [{"items": [], "count": 2, "type": "created"}]}}, {"tips": {"count": 0}, "contact": {"twitter": "ohsobell"}, "firstName": "\ue52c", "gender": "female", "id": "6207929", "bio": "", "photo": {"prefix": "https://igx.4sqi.net/img/user/", "suffix": "/FVTLML3KJ5WSK1YL.jpg"}, "homeCity": "New York, NY", "lists": {"groups": [{"items": [], "count": 2, "type": "created"}]}}, {"tips": {"count": 0}, "contact": {"twitter": "anwaaaaaar", "facebook": "601107850"}, "firstName": "Khairul", "gender": "male", "lastName": "Anwar", "id": "8512231", "bio": "", "photo": {"prefix": "https://igx.4sqi.net/img/user/", "suffix": "/8512231-5IMCIRH4YZKNDJJ1.jpg"}, "homeCity": "Singapore", "lists": {"groups": [{"items": [], "count": 2, "type": "created"}]}}, {"tips": {"count": 2}, "contact": {"twitter": "cheekycatxx"}, "firstName": "Atieqah", "gender": "female", "lastName": "Nabila", "id": "5963919", "bio": "", "photo": {"prefix": "https://igx.4sqi.net/img/user/", "suffix": "/NDQSUIEMFWBSMMCL.jpg"}, "homeCity": "Singapore", "lists": {"groups": [{"items": [], "count": 2, "type": "created"}]}}, {"tips": {"count": 0}, "contact": {"facebook": "1792785371"}, "firstName": "Amirah", "gender": "female", "lastName": "Soraya", "id": "6492765", "bio": "", "photo": {"prefix": "https://igx.4sqi.net/img/user/", "suffix": "/N4C1XIAWELAM2JAB.jpg"}, "homeCity": "Shah Alam, Malaysia", "lists": {"groups": [{"items": [], "count": 2, "type": "created"}]}}, {"tips": {"count": 1}, "contact": {"twitter": "imphong", "facebook": "1440983019"}, "firstName": "Chia", "gender": "male", "lastName": "Siuphong", "id": "6513526", "bio": "", "photo": {"prefix": "https://igx.4sqi.net/img/user/", "suffix": "/6513526-CBUJ2RZ3MXKFI31I.jpg"}, "homeCity": "Singapore", "lists": {"groups": [{"items": [], "count": 2, "type": "created"}]}}, {"tips": {"count": 0}, "contact": {}, "firstName": "Fiona", "gender": "female", "lastName": "Lee", "id": "10253007", "bio": "", "photo": {"prefix": "https://igx.4sqi.net/img/user/", "suffix": "/OS5OYDZRY2G01OJH.jpg"}, "homeCity": "Singapore", "lists": {"groups": [{"items": [], "count": 2, "type": "created"}]}}, {"tips": {"count": 0}, "contact": {"twitter": "haneyhbury"}, "firstName": "Hanisah", "gender": "female", "lastName": "Azhar", "id": "7461781", "bio": "", "photo": {"prefix": "https://igx.4sqi.net/img/user/", "suffix": "/ZZWSQWISX3EJOM4N.jpg"}, "homeCity": "New York, NY", "lists": {"groups": [{"items": [], "count": 2, "type": "created"}]}}, {"tips": {"count": 1}, "contact": {"twitter": "faidamn", "facebook": "651022143"}, "firstName": "Faizal", "gender": "male", "lastName": "Adam", "id": "8769234", "bio": "", "photo": {"prefix": "https://igx.4sqi.net/img/user/", "suffix": "/E00QN0C4AWUW34BG.jpg"}, "homeCity": "Singapore", "lists": {"groups": [{"items": [], "count": 2, "type": "created"}]}}, {"tips": {"count": 0}, "contact": {"facebook": "555032253"}, "firstName": "Frankie", "gender": "male", "lastName": "Hooi", "id": "8795372", "bio": "", "photo": {"prefix": "https://igx.4sqi.net/img/user/", "suffix": "/YWX1KS00EGZNLEOM.jpg"}, "homeCity": "Singapore", "lists": {"groups": [{"items": [], "count": 2, "type": "created"}]}}], "count": 272}, "checksum": "f340c8b25c3c0c3750b0b604b91ea6671c150a47"}, "meta": {"requestId": "5965e7f36a6071143d2aeb3a", "code": 200}}