{"notifications": [{"type": "notificationTray", "item": {"unreadCount": 0}}], "response": {"friends": {"items": [{"tips": {"count": 1}, "contact": {"facebook": "732677949"}, "firstName": "Yen Yen", "gender": "female", "id": "6289419", "bio": "", "photo": {"prefix": "https://igx.4sqi.net/img/user/", "suffix": "/APLDLI0Z3RSH2DV4.jpg"}, "homeCity": "Malaysia", "lists": {"groups": [{"items": [], "count": 2, "type": "created"}]}}, {"tips": {"count": 0}, "contact": {"facebook": "1793041439"}, "firstName": "ABQ", "gender": "female", "lastName": "Chua", "id": "5148647", "bio": "", "photo": {"prefix": "https://igx.4sqi.net/img/user/", "suffix": "/1HQSLEOQU51JFLMD.jpg"}, "homeCity": "Malaysia", "lists": {"groups": [{"items": [], "count": 2, "type": "created"}]}}, {"tips": {"count": 1}, "contact": {"facebook": "100000730939795"}, "firstName": "dino", "gender": "male", "lastName": "monsterz", "id": "6512751", "bio": "", "photo": {"prefix": "https://igx.4sqi.net/img/user/", "suffix": "/6512751-G3ECKKFVA20AIOPF.jpg"}, "homeCity": "Klang, Malaysia", "lists": {"groups": [{"items": [], "count": 2, "type": "created"}]}}, {"tips": {"count": 0}, "contact": {"facebook": "100000400545851"}, "firstName": "\u6653\u5a77", "gender": "female", "lastName": "\u53e4", "id": "11239463", "bio": "", "photo": {"prefix": "https://igx.4sqi.net/img/user/", "suffix": "/11239463-B44RBYVKCYPD342R.jpg"}, "homeCity": "Subang Jaya, Malaysia", "lists": {"groups": [{"items": [], "count": 2, "type": "created"}]}}, {"tips": {"count": 0}, "contact": {"facebook": "100000001001700"}, "firstName": "Jane", "gender": "female", "lastName": "Choo", "id": "13018074", "bio": "", "photo": {"prefix": "https://igx.4sqi.net/img/user/", "suffix": "/SNOAIL2JIY3AZGMI.jpg"}, "homeCity": "Kuala Lumpur, Malaysia", "lists": {"groups": [{"items": [], "count": 2, "type": "created"}]}}, {"tips": {"count": 1}, "contact": {"twitter": "re5pectm3", "facebook": "798399694"}, "firstName": "JOshua", "gender": "male", "lastName": "Lean", "id": "6703187", "bio": "", "photo": {"prefix": "https://igx.4sqi.net/img/user/", "suffix": "/6703187-2PF2QUXR4TWTO5WE.jpg"}, "homeCity": "Malaysia", "lists": {"groups": [{"items": [], "count": 2, "type": "created"}]}}, {"tips": {"count": 0}, "contact": {"facebook": "578631201"}, "firstName": "yewyeww", "gender": "female", "lastName": "ho", "id": "11004558", "bio": "", "photo": {"prefix": "https://igx.4sqi.net/img/user/", "suffix": "/4ZAJOVD3HWI3TJIX.jpg"}, "homeCity": "Kuala Lumpur, Malaysia", "lists": {"groups": [{"items": [], "count": 2, "type": "created"}]}}, {"tips": {"count": 2}, "contact": {"facebook": "902850712"}, "firstName": "Chiah Chyi", "gender": "male", "lastName": "Teo", "id": "5460915", "bio": "", "photo": {"prefix": "https://igx.4sqi.net/img/user/", "suffix": "/DRDCP5EYD3OANSJ0.jpg"}, "homeCity": "Subang Jaya, Malaysia", "lists": {"groups": [{"items": [], "count": 2, "type": "created"}]}}, {"tips": {"count": 0}, "contact": {"facebook": "763076117"}, "firstName": "Wilber", "gender": "male", "lastName": "Tan", "id": "7341365", "bio": "", "photo": {"prefix": "https://igx.4sqi.net/img/user/", "suffix": "/AK103BHREOPXM51G.jpg"}, "homeCity": "Rawang, Malaysia", "lists": {"groups": [{"items": [], "count": 2, "type": "created"}]}}, {"tips": {"count": 1}, "contact": {"facebook": "702412227"}, "firstName": "Nigel", "gender": "male", "lastName": "Samuel", "id": "6681197", "bio": "", "photo": {"prefix": "https://igx.4sqi.net/img/user/", "suffix": "/G3DND2GJSYLJX0IN.jpg"}, "homeCity": "Kuala Lumpur, Malaysia", "lists": {"groups": [{"items": [], "count": 2, "type": "created"}]}}, {"tips": {"count": 0}, "contact": {"twitter": "vyner5", "facebook": "10152968304903860"}, "firstName": "Vyner", "gender": "male", "lastName": "Ler", "id": "2204897", "bio": "", "photo": {"prefix": "https://igx.4sqi.net/img/user/", "suffix": "/4RNILYBLWZ11QPZA.jpg"}, "homeCity": "Kuala Lumpur, Malaysia", "lists": {"groups": [{"items": [], "count": 2, "type": "created"}]}}, {"tips": {"count": 2}, "contact": {"facebook": "10206505895661683"}, "firstName": "David", "gender": "male", "lastName": "Jun", "id": "5026232", "bio": "", "photo": {"prefix": "https://igx.4sqi.net/img/user/", "suffix": "/PNWBDQ4BXI3KWZ1A.jpg"}, "homeCity": "Ampang, Malaysia", "lists": {"groups": [{"items": [], "count": 2, "type": "created"}]}}, {"tips": {"count": 1}, "contact": {"twitter": "sujeanlove"}, "firstName": "SuJean", "gender": "female", "lastName": "Chai", "id": "4625520", "bio": "", "photo": {"prefix": "https://igx.4sqi.net/img/user/", "suffix": "/5HPECDEUSJPFFBYZ.jpg"}, "homeCity": "Kuala Lumpur, Malaysia", "lists": {"groups": [{"items": [], "count": 2, "type": "created"}]}}, {"tips": {"count": 1}, "contact": {"facebook": "1278664492"}, "firstName": "Yuen", "gender": "female", "lastName": "Cheah", "id": "10532113", "bio": "", "photo": {"prefix": "https://igx.4sqi.net/img/user/", "suffix": "/1IMZMJ15XYGXHRVB.jpg"}, "homeCity": "Kuala Lumpur, Malaysia", "lists": {"groups": [{"items": [], "count": 2, "type": "created"}]}}, {"tips": {"count": 0}, "contact": {"facebook": "1176605103"}, "firstName": "Zephyr", "gender": "male", "lastName": "Choong", "id": "5429236", "bio": "", "photo": {"prefix": "https://igx.4sqi.net/img/user/", "suffix": "/blank_boy.png", "default": true}, "homeCity": "Kuala Lumpur, Malaysia", "lists": {"groups": [{"items": [], "count": 2, "type": "created"}]}}, {"tips": {"count": 10}, "contact": {"twitter": "official_voize", "facebook": "752658930"}, "firstName": "VOIZE_MY", "gender": "male", "id": "3636615", "bio": "", "photo": {"prefix": "https://igx.4sqi.net/img/user/", "suffix": "/3636615-TJ4G0XKYAG0ZEDCZ.jpg"}, "homeCity": "Kuala Lumpur, Malaysia", "lists": {"groups": [{"items": [], "count": 2, "type": "created"}]}}, {"tips": {"count": 1}, "contact": {"twitter": "eugenelam83", "facebook": "506772953"}, "firstName": "Eugene", "gender": "male", "lastName": "Lam", "id": "4750063", "bio": "", "photo": {"prefix": "https://igx.4sqi.net/img/user/", "suffix": "/0HNLRZ1G25B5FKJC.jpg"}, "homeCity": "Malaysia", "lists": {"groups": [{"items": [], "count": 2, "type": "created"}]}}, {"tips": {"count": 0}, "contact": {"facebook": "1389510729"}, "firstName": "Tyson", "gender": "male", "lastName": "Teo", "id": "11308349", "bio": "", "photo": {"prefix": "https://igx.4sqi.net/img/user/", "suffix": "/H5HQYKABOCGQSY0I.jpg"}, "homeCity": "Kampar, Malaysia", "lists": {"groups": [{"items": [], "count": 2, "type": "created"}]}}, {"tips": {"count": 0}, "contact": {"facebook": "754708648"}, "firstName": "Seow", "gender": "male", "lastName": "Wei  Loon", "id": "8345006", "bio": "", "photo": {"prefix": "https://igx.4sqi.net/img/user/", "suffix": "/WZVNSA1QDB4SRJQS.jpg"}, "homeCity": "Johor, Malaysia", "lists": {"groups": [{"items": [], "count": 2, "type": "created"}]}}, {"tips": {"count": 0}, "contact": {"facebook": "1623834737"}, "firstName": "dennis ng", "gender": "male", "id": "6312239", "bio": "", "photo": {"prefix": "https://igx.4sqi.net/img/user/", "suffix": "/0VQEDS1VDCJUNBCY.jpg"}, "homeCity": "Malaysia", "lists": {"groups": [{"items": [], "count": 4, "type": "created"}]}}, {"tips": {"count": 1}, "contact": {"twitter": "micxinn", "facebook": "710300937"}, "firstName": "Mich3lle", "gender": "female", "lastName": "ZiXin", "id": "6771067", "bio": "", "photo": {"prefix": "https://igx.4sqi.net/img/user/", "suffix": "/6771067_VQivQwN1_W-xuVUY2kTzCmikZR1lBunP3K4GLfBv-Dt68LjGjtWSPweildtAc3PQZBqxonytr.jpg"}, "homeCity": "Malaysia, Ampang", "lists": {"groups": [{"items": [], "count": 2, "type": "created"}]}}, {"tips": {"count": 0}, "contact": {"facebook": "706186079"}, "firstName": "Eunice", "gender": "female", "lastName": "Meiyeen", "id": "10726429", "bio": "", "photo": {"prefix": "https://igx.4sqi.net/img/user/", "suffix": "/1300Y4HKYE3JZR5S.jpg"}, "homeCity": "NY", "lists": {"groups": [{"items": [], "count": 2, "type": "created"}]}}, {"tips": {"count": 0}, "contact": {"facebook": "1110361754"}, "firstName": "Gary", "gender": "male", "lastName": "Tay", "id": "12103776", "bio": "", "photo": {"prefix": "https://igx.4sqi.net/img/user/", "suffix": "/SQ2SYVVDDQ0TCESX.jpg"}, "homeCity": "Kuala Lumpur, Malaysia", "lists": {"groups": [{"items": [], "count": 2, "type": "created"}]}}, {"tips": {"count": 0}, "contact": {"twitter": "tracy1216", "facebook": "701258879"}, "firstName": "Tracy", "gender": "female", "lastName": "Chua", "id": "11477070", "bio": "", "photo": {"prefix": "https://igx.4sqi.net/img/user/", "suffix": "/LWOJJLNINQI40P2G.jpg"}, "homeCity": "NY", "lists": {"groups": [{"items": [], "count": 2, "type": "created"}]}}, {"tips": {"count": 0}, "contact": {"twitter": "tlyi0n", "facebook": "1515467848"}, "firstName": "Ly", "gender": "male", "lastName": "Teoh", "id": "13818099", "bio": "", "photo": {"prefix": "https://igx.4sqi.net/img/user/", "suffix": "/EQZDN4SOJZSYQQZF.jpg"}, "homeCity": "Petaling Jaya, Malaysia", "lists": {"groups": [{"items": [], "count": 5, "type": "created"}]}}, {"tips": {"count": 0}, "contact": {"facebook": "760143424"}, "firstName": "Ho", "gender": "male", "lastName": "Yen Yan", "id": "5820122", "bio": "", "photo": {"prefix": "https://igx.4sqi.net/img/user/", "suffix": "/blank_boy.png", "default": true}, "homeCity": "WP Kuala Lumpur, Malaysia", "lists": {"groups": [{"items": [], "count": 2, "type": "created"}]}}, {"tips": {"count": 6}, "contact": {"twitter": "cylittlesharky", "facebook": "100002328401159"}, "firstName": "Michelle", "gender": "female", "lastName": "Chengyee", "id": "8907432", "bio": "", "photo": {"prefix": "https://igx.4sqi.net/img/user/", "suffix": "/8907432-BMP5PHEL1YBO1JN2.jpg"}, "homeCity": "Kuala Lumpur, Malaysia", "lists": {"groups": [{"items": [], "count": 4, "type": "created"}]}}, {"tips": {"count": 3}, "contact": {"twitter": "tjxchloe"}, "firstName": "Tjx", "gender": "female", "lastName": "Chloe", "id": "15175683", "bio": "", "photo": {"prefix": "https://igx.4sqi.net/img/user/", "suffix": "/3QQINDY34IP3XOBI.jpg"}, "homeCity": "Kuala Lumpur, Malaysia", "lists": {"groups": [{"items": [], "count": 2, "type": "created"}]}}, {"tips": {"count": 0}, "contact": {"facebook": "1450062971"}, "firstName": "Zhenyaoo Tan Daniel", "gender": "male", "id": "13317200", "bio": "", "photo": {"prefix": "https://igx.4sqi.net/img/user/", "suffix": "/LGFPFKNQMRNRRRJP.jpg"}, "homeCity": "New York, NY", "lists": {"groups": [{"items": [], "count": 2, "type": "created"}]}}, {"tips": {"count": 0}, "contact": {"facebook": "589555137"}, "firstName": "Winson", "gender": "male", "lastName": "Chong", "id": "6011345", "bio": "", "photo": {"prefix": "https://igx.4sqi.net/img/user/", "suffix": "/U0HT2Z1HU23NOPWY.jpg"}, "homeCity": "New York, NY", "lists": {"groups": [{"items": [], "count": 2, "type": "created"}]}}, {"tips": {"count": 0}, "contact": {"twitter": "huiphinliew", "facebook": "522037528"}, "firstName": "Hui Phin", "gender": "female", "id": "5214510", "bio": "", "photo": {"prefix": "https://igx.4sqi.net/img/user/", "suffix": "/W3PC0BLRQAGU0XT5.jpg"}, "homeCity": "Kuala Lumpur, Malaysia", "lists": {"groups": [{"items": [], "count": 2, "type": "created"}]}}, {"tips": {"count": 1}, "contact": {"twitter": "jovie_shuqi", "facebook": "1322765784"}, "firstName": "Jovie", "gender": "female", "lastName": "Chia", "id": "6945974", "bio": "", "photo": {"prefix": "https://igx.4sqi.net/img/user/", "suffix": "/MR1O3KX4BPWXHU45.jpg"}, "homeCity": "Kuala Lumpur, Malaysia", "lists": {"groups": [{"items": [], "count": 2, "type": "created"}]}}, {"tips": {"count": 1}, "contact": {"facebook": "10206590212017051"}, "firstName": "Roy", "gender": "male", "lastName": "Kam XY", "id": "6831007", "bio": "", "photo": {"prefix": "https://igx.4sqi.net/img/user/", "suffix": "/LSS1PB14OJI3DE1R.jpg"}, "homeCity": "Malaysia", "lists": {"groups": [{"items": [], "count": 2, "type": "created"}]}}, {"tips": {"count": 2}, "contact": {"twitter": "ngdemi", "facebook": "1206456740"}, "firstName": "Demi", "gender": "female", "lastName": "Ng", "id": "13298591", "bio": "", "photo": {"prefix": "https://igx.4sqi.net/img/user/", "suffix": "/VA3VZU3TVWQ0SYCM.jpg"}, "homeCity": "Kuala Lumpur, Malaysia", "lists": {"groups": [{"items": [], "count": 2, "type": "created"}]}}, {"tips": {"count": 2}, "contact": {"twitter": "jontan92", "facebook": "1022140714"}, "firstName": "Jon", "gender": "male", "lastName": "Tan", "id": "5825884", "bio": "", "photo": {"prefix": "https://igx.4sqi.net/img/user/", "suffix": "/IGFBDP5JXG4XP23B.jpg"}, "homeCity": "KUALA LUMPUR,MALAYSIA", "lists": {"groups": [{"items": [], "count": 2, "type": "created"}]}}, {"tips": {"count": 1}, "contact": {"twitter": "eugeniecyj", "facebook": "1099899634"}, "firstName": "YueJing", "gender": "female", "lastName": "Chan", "id": "10179758", "bio": "", "photo": {"prefix": "https://igx.4sqi.net/img/user/", "suffix": "/10179758-VALU4OVGTAIPK2HK.jpg"}, "homeCity": "Kuala Lumpur, Malaysia", "lists": {"groups": [{"items": [], "count": 2, "type": "created"}]}}, {"tips": {"count": 2}, "contact": {}, "firstName": "Vivian", "gender": "female", "lastName": "W", "id": "6473137", "bio": "", "photo": {"prefix": "https://igx.4sqi.net/img/user/", "suffix": "/CC3E5WZZA4BUQVKF.jpg"}, "homeCity": "Selangor", "lists": {"groups": [{"items": [], "count": 2, "type": "created"}]}}, {"tips": {"count": 1}, "contact": {"twitter": "peggie92", "facebook": "1537858446"}, "firstName": "Peggie", "gender": "female", "lastName": "Tan", "id": "5530083", "bio": "", "photo": {"prefix": "https://igx.4sqi.net/img/user/", "suffix": "/5530083-4CU0GNHJEHSLFSWT.jpg"}, "homeCity": "Kuala Lumpur, Malaysia", "lists": {"groups": [{"items": [], "count": 2, "type": "created"}]}}, {"tips": {"count": 1}, "contact": {}, "firstName": "Ying-Ying", "gender": "female", "lastName": "Ko", "id": "7583299", "bio": "", "photo": {"prefix": "https://igx.4sqi.net/img/user/", "suffix": "/MQYQ15FLDLU3Y34K.jpg"}, "homeCity": "Malaysia", "lists": {"groups": [{"items": [], "count": 2, "type": "created"}]}}, {"tips": {"count": 1}, "contact": {"facebook": "684863175"}, "firstName": "Gan", "gender": "female", "lastName": "maggie", "id": "7007982", "bio": "", "photo": {"prefix": "https://igx.4sqi.net/img/user/", "suffix": "/20QKEW5OQIJWW5MR.jpg"}, "homeCity": "Kuala Lumpur, Malaysia", "lists": {"groups": [{"items": [], "count": 2, "type": "created"}]}}, {"tips": {"count": 26}, "contact": {"twitter": "kennycvken", "facebook": "737519095"}, "firstName": "Kenny", "gender": "male", "lastName": "Chee", "id": "5830924", "bio": "", "photo": {"prefix": "https://igx.4sqi.net/img/user/", "suffix": "/5830924-0BAHPN0CEFQH5SFL.jpg"}, "homeCity": "Kuala Lumpur, Malaysia", "lists": {"groups": [{"items": [], "count": 2, "type": "created"}]}}, {"tips": {"count": 0}, "contact": {"facebook": "624935340"}, "firstName": "Kelly", "gender": "female", "lastName": "Thew", "id": "6474707", "bio": "", "photo": {"prefix": "https://igx.4sqi.net/img/user/", "suffix": "/GB02ZHU5VVMMJVGP.jpg"}, "homeCity": "Kuala Lumpur, Malaysia", "lists": {"groups": [{"items": [], "count": 2, "type": "created"}]}}, {"tips": {"count": 0}, "contact": {"facebook": "653707910"}, "firstName": "David", "gender": "male", "lastName": "Liaw", "id": "5770834", "bio": "", "photo": {"prefix": "https://igx.4sqi.net/img/user/", "suffix": "/WW2C2CNF4BHMBHJ2.jpg"}, "homeCity": "Subang Jaya, Malaysia", "lists": {"groups": [{"items": [], "count": 2, "type": "created"}]}}, {"tips": {"count": 9}, "contact": {"facebook": "100002224542205"}, "firstName": "Carmen", "gender": "female", "lastName": "Teh", "id": "8553194", "bio": "", "photo": {"prefix": "https://igx.4sqi.net/img/user/", "suffix": "/INMXVN5E2WHCKRP2.jpg"}, "homeCity": "Petaling Jaya, Malaysia", "lists": {"groups": [{"items": [], "count": 2, "type": "created"}]}}, {"tips": {"count": 3}, "contact": {"facebook": "544846160"}, "firstName": "Jie Hui", "gender": "male", "lastName": "Kevin", "id": "7035729", "bio": "", "photo": {"prefix": "https://igx.4sqi.net/img/user/", "suffix": "/7035729-0VU30SM54LIWWWJQ.jpg"}, "homeCity": "Puchong, Malaysia", "lists": {"groups": [{"items": [], "count": 2, "type": "created"}]}}, {"tips": {"count": 5}, "contact": {"twitter": "shushasha", "facebook": "1418325964"}, "firstName": "Shu", "gender": "female", "lastName": "Ting", "id": "5848227", "bio": "", "photo": {"prefix": "https://igx.4sqi.net/img/user/", "suffix": "/MABETFIZDKQWJ04O.jpg"}, "homeCity": "Malaysia", "lists": {"groups": [{"items": [], "count": 2, "type": "created"}]}}, {"tips": {"count": 1}, "contact": {"facebook": "576973654"}, "firstName": "Sky", "gender": "female", "lastName": "Yap", "id": "10564618", "bio": "", "photo": {"prefix": "https://igx.4sqi.net/img/user/", "suffix": "/10564618-KESLGVKEFRBML0LF.jpg"}, "homeCity": "Kuala Lumpur, Malaysia", "lists": {"groups": [{"items": [], "count": 2, "type": "created"}]}}, {"tips": {"count": 1}, "contact": {"twitter": "weisheng1188", "facebook": "1020129276"}, "firstName": "Weisheng", "gender": "male", "lastName": "Lim", "id": "5880213", "bio": "", "photo": {"prefix": "https://igx.4sqi.net/img/user/", "suffix": "/5880213-SNF2ZHUZK2JJR2JE.jpg"}, "homeCity": "New York, NY", "lists": {"groups": [{"items": [], "count": 2, "type": "created"}]}}, {"tips": {"count": 0}, "contact": {"facebook": "1098740004"}, "firstName": "kenny=)", "gender": "male", "lastName": "lim", "id": "10029967", "bio": "", "photo": {"prefix": "https://igx.4sqi.net/img/user/", "suffix": "/SDEIAXHOP3PTEDCA.jpg"}, "homeCity": "Batu 9 Cheras, Malaysia", "lists": {"groups": [{"items": [], "count": 2, "type": "created"}]}}, {"tips": {"count": 0}, "contact": {"facebook": "713634772"}, "firstName": "NIse", "gender": "female", "lastName": "Koh", "id": "7052413", "bio": "", "photo": {"prefix": "https://igx.4sqi.net/img/user/", "suffix": "/AN40FG4PQYUZOEZ5.jpg"}, "homeCity": "Malaysia", "lists": {"groups": [{"items": [], "count": 3, "type": "created"}]}}, {"tips": {"count": 5}, "contact": {"twitter": "bibecindy", "facebook": "10153164859108732"}, "firstName": "bbbbbbbbbbbb__", "gender": "female", "id": "5848725", "bio": "\ud83c\udf38\ud83c\udf38\ud83c\udf38\ud83c\udf38\ud83c\udf38\ud83c\udf38\ud83c\udf38\ud83c\udf38\ud83c\udf38\ud83c\udf38", "photo": {"prefix": "https://igx.4sqi.net/img/user/", "suffix": "/5848725_O9kYRfjf__z9XIEDhn6jxtuGQuEOdCMXWcb1cbiZqTfeTl1_6Co4XvgT00RGza3xC6cVB_wH1.jpg"}, "homeCity": "Kuala Lumpur, Malaysia", "lists": {"groups": [{"items": [], "count": 3, "type": "created"}]}}, {"tips": {"count": 0}, "contact": {"twitter": "yiennchong", "facebook": "100001084159519"}, "firstName": "Chong", "gender": "female", "lastName": "Joanne", "id": "14908812", "bio": "", "photo": {"prefix": "https://igx.4sqi.net/img/user/", "suffix": "/OZKSQLIA2BJ33FXF.jpg"}, "homeCity": "Kuala Lumpur, Malaysia", "lists": {"groups": [{"items": [], "count": 2, "type": "created"}]}}, {"tips": {"count": 0}, "contact": {}, "firstName": "Stephy", "gender": "female", "id": "6087894", "bio": "", "photo": {"prefix": "https://igx.4sqi.net/img/user/", "suffix": "/6087894-SHW1IAGMJZEPVWHY"}, "homeCity": "", "lists": {"groups": [{"items": [], "count": 2, "type": "created"}]}}, {"tips": {"count": 13}, "contact": {"facebook": "662693543"}, "firstName": "Sam", "gender": "male", "lastName": "Onn", "id": "10327240", "bio": "", "photo": {"prefix": "https://igx.4sqi.net/img/user/", "suffix": "/OLUSLN1XVG520XR5.jpg"}, "homeCity": "New York, NY", "lists": {"groups": [{"items": [], "count": 2, "type": "created"}]}}, {"tips": {"count": 5}, "contact": {"twitter": "shirleywwkeng"}, "firstName": "Shirley", "gender": "female", "lastName": "Wong", "id": "7195766", "bio": "", "photo": {"prefix": "https://igx.4sqi.net/img/user/", "suffix": "/7195766-SC1CHKS5SORBALGI.jpg"}, "homeCity": "Kuala Lumpur, Malaysia", "lists": {"groups": [{"items": [], "count": 2, "type": "created"}]}}, {"tips": {"count": 0}, "contact": {"twitter": "ganmingkhai"}, "firstName": "Gan", "gender": "male", "lastName": "Mingkhai", "id": "6157430", "bio": "", "photo": {"prefix": "https://igx.4sqi.net/img/user/", "suffix": "/GT1BSRT5OFXLUBOL.jpg"}, "homeCity": "Muar, Malaysia", "lists": {"groups": [{"items": [], "count": 2, "type": "created"}]}}, {"tips": {"count": 2}, "contact": {"facebook": "1045281013"}, "firstName": "Mango.Z\ud83d\udc8e", "gender": "female", "id": "8623289", "bio": "say hi :)", "photo": {"prefix": "https://igx.4sqi.net/img/user/", "suffix": "/HO0PTUV1VWV2IF5L.jpg"}, "homeCity": "Kuala Lumpur, Malaysia", "lists": {"groups": [{"items": [], "count": 4, "type": "created"}]}}, {"tips": {"count": 174}, "contact": {"twitter": "may_0921"}, "firstName": "May", "gender": "female", "id": "13333657", "bio": "", "photo": {"prefix": "https://igx.4sqi.net/img/user/", "suffix": "/X2I0RKRBQDCPYRG2.jpg"}, "homeCity": "Kuala Lumpur, Malaysia", "lists": {"groups": [{"items": [], "count": 2, "type": "created"}]}}, {"tips": {"count": 3}, "contact": {"facebook": "1036660707"}, "firstName": "Eunice", "gender": "female", "lastName": "Lum", "id": "7227269", "bio": "", "photo": {"prefix": "https://igx.4sqi.net/img/user/", "suffix": "/GVM2KUIE4YJAHQWP.jpg"}, "homeCity": "Kuala Lumpur, Malaysia", "lists": {"groups": [{"items": [], "count": 2, "type": "created"}]}}, {"tips": {"count": 0}, "contact": {"twitter": "simni0724", "facebook": "731683693"}, "firstName": "Simni", "gender": "female", "lastName": "Chong", "id": "7467723", "bio": "", "photo": {"prefix": "https://igx.4sqi.net/img/user/", "suffix": "/DBHUB1NIIXD35Z1H.jpg"}, "homeCity": "Malaysia", "lists": {"groups": [{"items": [], "count": 2, "type": "created"}]}}, {"tips": {"count": 0}, "contact": {"facebook": "674411855"}, "firstName": "Chang", "gender": "male", "lastName": "C.J", "id": "8740304", "bio": "", "photo": {"prefix": "https://igx.4sqi.net/img/user/", "suffix": "/11HZKFUTEWQYWWHN.jpg"}, "homeCity": "Kuala Lumpur, Malaysia", "lists": {"groups": [{"items": [], "count": 2, "type": "created"}]}}, {"tips": {"count": 1}, "contact": {"facebook": "100000877122530"}, "firstName": "Mun Mun", "gender": "female", "lastName": "Sum", "id": "13334596", "bio": "", "photo": {"prefix": "https://igx.4sqi.net/img/user/", "suffix": "/PXGU3GO5EOKCS3JF.jpg"}, "homeCity": "Seri Kembangan, Malaysia", "lists": {"groups": [{"items": [], "count": 2, "type": "created"}]}}, {"tips": {"count": 0}, "contact": {"twitter": "imjanelleong", "facebook": "548817797"}, "firstName": "janelle", "gender": "female", "lastName": "ong", "id": "10688894", "bio": "", "photo": {"prefix": "https://igx.4sqi.net/img/user/", "suffix": "/10688894-5BUICYXAQJSKSWMG.jpg"}, "homeCity": "Kuala Lumpur, Malaysia", "lists": {"groups": [{"items": [], "count": 2, "type": "created"}]}}, {"tips": {"count": 0}, "contact": {"twitter": "shariffrahman", "facebook": "1417142389"}, "firstName": "Shariff", "gender": "male", "lastName": "Rahman", "id": "9300328", "bio": "", "photo": {"prefix": "https://igx.4sqi.net/img/user/", "suffix": "/9300328-LVKQOZQNNXT0XA0C.jpg"}, "homeCity": "Kuala Lumpur, Malaysia", "lists": {"groups": [{"items": [], "count": 2, "type": "created"}]}}, {"tips": {"count": 0}, "contact": {"facebook": "822519719"}, "firstName": "Ai Yoong", "gender": "female", "lastName": "Chang", "id": "10953013", "bio": "", "photo": {"prefix": "https://igx.4sqi.net/img/user/", "suffix": "/DCBDLCY5OS2GMCH4.jpg"}, "homeCity": "NY", "lists": {"groups": [{"items": [], "count": 2, "type": "created"}]}}, {"tips": {"count": 0}, "contact": {"facebook": "523028727"}, "firstName": "Jennifer", "gender": "female", "lastName": "Chin", "id": "11668920", "bio": "", "photo": {"prefix": "https://igx.4sqi.net/img/user/", "suffix": "/5JQMJIORCF4APJHZ.jpg"}, "homeCity": "Kuala Lumpur, Malaysia", "lists": {"groups": [{"items": [], "count": 2, "type": "created"}]}}, {"tips": {"count": 2}, "contact": {"twitter": "zuqian", "facebook": "100001117869464"}, "firstName": "Miko", "gender": "female", "lastName": "Qian", "id": "11807873", "bio": "", "photo": {"prefix": "https://igx.4sqi.net/img/user/", "suffix": "/11807873-IGILNFPCA5AHKVZE.jpg"}, "homeCity": "Kuala Lumpur, Malaysia", "lists": {"groups": [{"items": [], "count": 2, "type": "created"}]}}, {"tips": {"count": 0}, "contact": {"facebook": "100001502492691"}, "firstName": "Wms", "gender": "female", "lastName": "Mui Sze", "id": "11969568", "bio": "", "photo": {"prefix": "https://igx.4sqi.net/img/user/", "suffix": "/FN4EWZTUHEEEBBJD.jpg"}, "homeCity": "Seri Kembangan, Malaysia", "lists": {"groups": [{"items": [], "count": 2, "type": "created"}]}}, {"tips": {"count": 10}, "contact": {"twitter": "erischew", "facebook": "100000305110145"}, "firstName": "Eris Chew Mun", "gender": "female", "id": "15714623", "bio": "", "photo": {"prefix": "https://igx.4sqi.net/img/user/", "suffix": "/RFESZGAZZYZGQ1GB.jpg"}, "homeCity": "Kuala Lumpur, Malaysia", "lists": {"groups": [{"items": [], "count": 2, "type": "created"}]}}], "count": 169}, "checksum": "0e9f643daea7d2f3a2fdc93fe50796f3dc8acdcb"}, "meta": {"requestId": "5965f2bc6a6071143b48111f", "code": 200}}