{"notifications": [{"type": "notificationTray", "item": {"unreadCount": 0}}], "meta": {"requestId": "5966d9bbdb04f528b494d8b0", "code": 200}, "response": {"friends": {"count": 64, "items": [{"id": "18364119", "photo": {"prefix": "https://igx.4sqi.net/img/user/", "suffix": "/18364119-G015FXK2KD4Z5LGH.jpg"}, "homeCity": "Singapore", "contact": {"facebook": "614232195", "twitter": "vveijie"}, "firstName": "Dixon", "tips": {"count": 0}, "gender": "male", "lastName": "Hoh", "lists": {"groups": [{"count": 2, "type": "created", "items": []}]}, "bio": ""}, {"id": "9370903", "photo": {"prefix": "https://igx.4sqi.net/img/user/", "suffix": "/EK0XUGGI5YTEK2DK.jpg"}, "homeCity": "Up and About.", "contact": {}, "firstName": "Claire", "tips": {"count": 1}, "gender": "female", "lastName": "N", "lists": {"groups": [{"count": 2, "type": "created", "items": []}]}, "bio": ""}, {"id": "77352219", "photo": {"prefix": "https://igx.4sqi.net/img/user/", "suffix": "/77352219-FZXF3BS2FGH4X4XL.jpg"}, "homeCity": "Seoul, Korea, Republic Of", "contact": {"facebook": "100000200694553"}, "firstName": "Jaewon", "tips": {"count": 0}, "gender": "male", "lastName": "Kim", "lists": {"groups": [{"count": 2, "type": "created", "items": []}]}, "bio": ""}, {"id": "4546140", "photo": {"prefix": "https://igx.4sqi.net/img/user/", "suffix": "/1THZ0UZ4NX5K1LM2.jpg"}, "homeCity": "Singapore", "contact": {"facebook": "1626253432"}, "firstName": "Teo", "tips": {"count": 0}, "gender": "male", "lastName": "Kay Min", "lists": {"groups": [{"count": 2, "type": "created", "items": []}]}, "bio": ""}, {"id": "1598386", "photo": {"prefix": "https://igx.4sqi.net/img/user/", "suffix": "/1598386-AZ0CTIPEOK2JL5SA.jpg"}, "homeCity": "Singapore", "contact": {"facebook": "1193732447", "twitter": "xieqirong"}, "firstName": "aaandric", "tips": {"count": 1}, "gender": "male", "lastName": "Chia", "lists": {"groups": [{"count": 2, "type": "created", "items": []}]}, "bio": "Hi :)"}, {"id": "36786931", "photo": {"prefix": "https://igx.4sqi.net/img/user/", "suffix": "/36786931-I3JG4P51WADGKRQE.jpg"}, "homeCity": "Singapore ", "contact": {"facebook": "1041731741", "twitter": "chekmypants"}, "firstName": "Cheksiang", "tips": {"count": 1}, "gender": "male", "lastName": "Prawnstar", "lists": {"groups": [{"count": 2, "type": "created", "items": []}]}, "bio": ""}, {"id": "26343644", "photo": {"prefix": "https://igx.4sqi.net/img/user/", "suffix": "/A2HUPJDUGCBBAX5M.jpg"}, "homeCity": "New York, NY", "contact": {"facebook": "640731903", "twitter": "whereisjeramy"}, "firstName": "Jeramy", "tips": {"count": 0}, "gender": "male", "lastName": "Chua", "lists": {"groups": [{"count": 2, "type": "created", "items": []}]}, "bio": ""}, {"id": "4388223", "photo": {"prefix": "https://igx.4sqi.net/img/user/", "suffix": "/4388223-EQL2KGJBCMW02UQM.jpg"}, "homeCity": "Singapore", "contact": {"facebook": "557786466", "twitter": "theresaalisonz"}, "firstName": "Theresa", "tips": {"count": 0}, "gender": "female", "lastName": "Alison.", "lists": {"groups": [{"count": 2, "type": "created", "items": []}]}, "bio": ""}, {"id": "6569873", "photo": {"prefix": "https://igx.4sqi.net/img/user/", "suffix": "/RYB2HRGVE3XB4WVO.jpg"}, "homeCity": "Singapore", "contact": {"facebook": "660368291", "twitter": "coranoid"}, "firstName": "Cora", "tips": {"count": 0}, "gender": "female", "lists": {"groups": [{"count": 2, "type": "created", "items": []}]}, "bio": ""}, {"id": "13273253", "photo": {"prefix": "https://igx.4sqi.net/img/user/", "suffix": "/1R550BLSI140FJDC.jpg"}, "homeCity": "Singapore", "contact": {"twitter": "hitsuji_hime"}, "firstName": "Hitsuji", "tips": {"count": 5}, "gender": "female", "lastName": "hime", "lists": {"groups": [{"count": 2, "type": "created", "items": []}]}, "bio": ""}, {"id": "5478261", "photo": {"prefix": "https://igx.4sqi.net/img/user/", "suffix": "/5478261-BWILBGOLTJMARAM5.jpg"}, "homeCity": "Singapore", "contact": {"twitter": "fellyawe"}, "firstName": "Felicia", "tips": {"count": 3}, "gender": "female", "lastName": "Szetu", "lists": {"groups": [{"count": 2, "type": "created", "items": []}]}, "bio": ""}, {"id": "2004250", "photo": {"prefix": "https://igx.4sqi.net/img/user/", "suffix": "/P2MYRLUVB5BQV2XS.jpg"}, "homeCity": "Geylang, Singapore", "contact": {"twitter": "eugenec89"}, "firstName": "Eugene", "tips": {"count": 0}, "gender": "male", "lists": {"groups": [{"count": 2, "type": "created", "items": []}]}, "bio": ""}, {"id": "11459669", "photo": {"prefix": "https://igx.4sqi.net/img/user/", "suffix": "/QJNF05BJTY203SJ0.jpg"}, "homeCity": "NY", "contact": {"facebook": "705862588"}, "firstName": "Mira", "tips": {"count": 0}, "gender": "female", "lastName": "Dotz", "lists": {"groups": [{"count": 2, "type": "created", "items": []}]}, "bio": ""}, {"id": "3755762", "photo": {"prefix": "https://igx.4sqi.net/img/user/", "suffix": "/HXOVK2CTMJRWJQUM.jpg"}, "homeCity": "Singapore", "contact": {"facebook": "552252861", "twitter": "claytontheodore"}, "firstName": "Clayton", "tips": {"count": 0}, "gender": "male", "lastName": "Theodore", "lists": {"groups": [{"count": 2, "type": "created", "items": []}]}, "bio": ""}, {"id": "6599924", "photo": {"prefix": "https://igx.4sqi.net/img/user/", "suffix": "/DZANBX3LUZKFB4YV.jpg"}, "homeCity": "Singapore", "contact": {"twitter": "psm07"}, "firstName": "Psm", "tips": {"count": 0}, "gender": "female", "lastName": "Perh", "lists": {"groups": [{"count": 2, "type": "created", "items": []}]}, "bio": ""}, {"id": "379882", "photo": {"prefix": "https://igx.4sqi.net/img/user/", "suffix": "/1TKBDVKH01ELCCYB.jpg"}, "homeCity": "Singapore", "contact": {"twitter": "rynaque"}, "firstName": "rynaQUE", "tips": {"count": 6}, "gender": "female", "lastName": "Xnizerly", "lists": {"groups": [{"count": 2, "type": "created", "items": []}]}, "bio": ""}, {"id": "3549179", "photo": {"prefix": "https://igx.4sqi.net/img/user/", "suffix": "/Z0BAXC0HOMNE3CBW.jpg"}, "homeCity": "Singapore", "contact": {"facebook": "644051613", "twitter": "ang3list"}, "firstName": "Kok", "tips": {"count": 0}, "gender": "male", "lastName": "Aaron", "lists": {"groups": [{"count": 2, "type": "created", "items": []}]}, "bio": ""}, {"id": "918441", "photo": {"prefix": "https://igx.4sqi.net/img/user/", "suffix": "/918441-LOPYWION2OSADKJE.jpg"}, "homeCity": "Tampines, Singapore", "contact": {"facebook": "525866033", "twitter": "hpility"}, "firstName": "Hpility", "tips": {"count": 9}, "gender": "male", "lastName": "Yeo", "lists": {"groups": [{"count": 3, "type": "created", "items": []}]}, "bio": "Http://hpility.sg | http://hpility.blogspot.com"}, {"id": "3295795", "photo": {"prefix": "https://igx.4sqi.net/img/user/", "suffix": "/YE3TA23OEVHZJK4L.jpg"}, "homeCity": "Queensland, Australia", "contact": {"facebook": "766583108", "twitter": "misscherryloves"}, "firstName": "missCherry\u2764L", "tips": {"count": 1}, "gender": "female", "lastName": "Cheryl", "lists": {"groups": [{"count": 2, "type": "created", "items": []}]}, "bio": "http://www.cherry-lovelove.com/"}, {"id": "170358", "photo": {"prefix": "https://igx.4sqi.net/img/user/", "suffix": "/DQQK0I0GIDABNAC2.jpg"}, "homeCity": "Singapore", "contact": {}, "firstName": "Smith", "tips": {"count": 27}, "gender": "male", "lastName": "Leong", "lists": {"groups": [{"count": 2, "type": "created", "items": []}]}, "bio": ""}, {"id": "9431077", "photo": {"prefix": "https://igx.4sqi.net/img/user/", "suffix": "/9431077-DGMGJSHTWBQC2VLW.jpg"}, "homeCity": "Singapore", "contact": {"facebook": "706803664", "twitter": "samankaylee"}, "firstName": "Samantha", "tips": {"count": 0}, "gender": "female", "lastName": "Whang", "lists": {"groups": [{"count": 2, "type": "created", "items": []}]}, "bio": ""}, {"id": "6964414", "photo": {"prefix": "https://igx.4sqi.net/img/user/", "suffix": "/P5IY2JDO4WN1EYOB.jpg"}, "homeCity": "Singapore", "contact": {"facebook": "819044127"}, "firstName": "Kelvin", "tips": {"count": 2}, "gender": "male", "lastName": "Ng", "lists": {"groups": [{"count": 2, "type": "created", "items": []}]}, "bio": ""}, {"id": "6855564", "photo": {"prefix": "https://igx.4sqi.net/img/user/", "suffix": "/UHP31ARFZFJN4M1H.jpg"}, "homeCity": "Singapore", "contact": {}, "firstName": "Janet", "tips": {"count": 19}, "gender": "female", "lists": {"groups": [{"count": 3, "type": "created", "items": []}]}, "bio": ""}, {"id": "37923689", "photo": {"prefix": "https://igx.4sqi.net/img/user/", "suffix": "/XQKQNZPVABTPOCD2.jpg"}, "homeCity": "Singapore, SGP", "contact": {"facebook": "10205150716380112", "twitter": "tanshukee"}, "firstName": "ShuKee", "tips": {"count": 0}, "gender": "male", "lastName": "Tan", "lists": {"groups": [{"count": 2, "type": "created", "items": []}]}, "bio": ""}, {"id": "28360515", "photo": {"prefix": "https://igx.4sqi.net/img/user/", "suffix": "/M031JC5NRIGCGYPX.jpg"}, "homeCity": "Singapore", "contact": {"twitter": "gnleoj"}, "firstName": "Joel", "tips": {"count": 0}, "gender": "male", "lastName": "Ng", "lists": {"groups": [{"count": 2, "type": "created", "items": []}]}, "bio": ""}, {"id": "11239318", "photo": {"prefix": "https://igx.4sqi.net/img/user/", "suffix": "/11239318_ZCN1aZMp_nFEBG-uHkTVXpPEtFW2PZ1tHqDTKspIXPkLbqfDjPl0INbop7Y72103tfTwGry7y.jpg"}, "homeCity": "Singapore", "contact": {"facebook": "1007850469267856", "twitter": "shxyan"}, "firstName": "Shu Hui", "tips": {"count": 0}, "gender": "female", "lists": {"groups": [{"count": 2, "type": "created", "items": []}]}, "bio": ""}, {"id": "5559084", "photo": {"prefix": "https://igx.4sqi.net/img/user/", "suffix": "/KJNADWHFNX5KS4N3.jpg"}, "homeCity": "Singapore", "contact": {}, "firstName": "Amanda", "tips": {"count": 0}, "gender": "female", "lastName": "Tay", "lists": {"groups": [{"count": 2, "type": "created", "items": []}]}, "bio": ""}, {"id": "3652679", "photo": {"prefix": "https://igx.4sqi.net/img/user/", "suffix": "/LQVWE41SHARBUYWC.jpg"}, "homeCity": "Singapore", "contact": {"facebook": "549062327", "twitter": "iamsihao"}, "firstName": "Si", "tips": {"count": 0}, "gender": "male", "lastName": "Hao", "lists": {"groups": [{"count": 2, "type": "created", "items": []}]}, "bio": ""}, {"id": "14975645", "photo": {"prefix": "https://igx.4sqi.net/img/user/", "suffix": "/V2II13CGX50BH30T.jpg"}, "homeCity": "Singapore", "contact": {"facebook": "1640714850"}, "firstName": "Steve", "tips": {"count": 0}, "gender": "male", "lastName": "Liu", "lists": {"groups": [{"count": 2, "type": "created", "items": []}]}, "bio": ""}, {"id": "3845238", "photo": {"prefix": "https://igx.4sqi.net/img/user/", "suffix": "/3845238-ZX3Z1LLNYXZ1VQAX.jpg"}, "homeCity": "Singapore", "contact": {"facebook": "1112502341", "twitter": "viannkee"}, "firstName": "Viann", "tips": {"count": 6}, "gender": "female", "lastName": "Kee", "lists": {"groups": [{"count": 2, "type": "created", "items": []}]}, "bio": ""}, {"id": "9635685", "photo": {"prefix": "https://igx.4sqi.net/img/user/", "suffix": "/TGXTT144I4QLQGIG.jpg"}, "homeCity": "Singapore", "contact": {"facebook": "100003014607088"}, "firstName": "Hana", "tips": {"count": 2}, "gender": "female", "lastName": "Leong", "lists": {"groups": [{"count": 2, "type": "created", "items": []}]}, "bio": ""}, {"id": "7899765", "photo": {"prefix": "https://igx.4sqi.net/img/user/", "suffix": "/5PNXHAYW1FETZHVR.gif"}, "homeCity": "Singapore", "contact": {"facebook": "633828162", "twitter": "faizorange"}, "firstName": "Faiz", "tips": {"count": 0}, "gender": "male", "lastName": "A Karim", "lists": {"groups": [{"count": 2, "type": "created", "items": []}]}, "bio": ""}, {"id": "1107801", "photo": {"prefix": "https://igx.4sqi.net/img/user/", "suffix": "/D0IW1WOZH5MXASRK.jpg"}, "homeCity": "Singapore", "contact": {"facebook": "1452144206", "twitter": "cherieleesg"}, "firstName": "Cherie", "tips": {"count": 5}, "gender": "female", "lastName": "Lee", "lists": {"groups": [{"count": 2, "type": "created", "items": []}]}, "bio": ""}, {"id": "3862342", "photo": {"prefix": "https://igx.4sqi.net/img/user/", "suffix": "/3862342-NCZPRJRZCMT3VBVK.jpg"}, "homeCity": "Singapore", "contact": {"facebook": "620641125", "twitter": "evantiang"}, "firstName": "Evan", "tips": {"count": 0}, "gender": "male", "lastName": "Tiang", "lists": {"groups": [{"count": 2, "type": "created", "items": []}]}, "bio": "Recording | Digital Media\r\nAudio & Video Production"}, {"id": "11627903", "photo": {"prefix": "https://igx.4sqi.net/img/user/", "suffix": "/40YURGIH0LXN1U4F.jpg"}, "homeCity": "NY", "contact": {"facebook": "533242910", "twitter": "rachooey"}, "firstName": "Rachel", "tips": {"count": 0}, "gender": "female", "lastName": "Lim", "lists": {"groups": [{"count": 2, "type": "created", "items": []}]}, "bio": ""}, {"id": "6970157", "photo": {"prefix": "https://igx.4sqi.net/img/user/", "suffix": "/HJP0DPGYNWWTOAXF.jpg"}, "homeCity": "Singapore", "contact": {"facebook": "858695057", "twitter": "mizukihimeko"}, "firstName": "Himeko", "tips": {"count": 0}, "gender": "female", "lastName": "Mizuki", "lists": {"groups": [{"count": 2, "type": "created", "items": []}]}, "bio": ""}, {"id": "7363197", "photo": {"prefix": "https://igx.4sqi.net/img/user/", "suffix": "/BG513FAGIV024S1G.jpg"}, "homeCity": "Singapore", "contact": {"twitter": "yourapplepie"}, "firstName": "Angie", "tips": {"count": 2}, "gender": "female", "lastName": "Chew", "lists": {"groups": [{"count": 2, "type": "created", "items": []}]}, "bio": ""}, {"id": "5713154", "photo": {"prefix": "https://igx.4sqi.net/img/user/", "suffix": "/5AZ43RWQUEMD1L2K.jpg"}, "homeCity": "Singapore", "contact": {"facebook": "100005670578969", "twitter": "letishaletteluv"}, "firstName": "\u2665\u2661ChloeMelody.", "tips": {"count": 3}, "gender": "female", "lastName": "YumikaBelle \u2661\u2665", "lists": {"groups": [{"count": 2, "type": "created", "items": []}]}, "bio": "im friendly!\r\nsg, beauty therapist and consultant, freelance model & doing hm business\r\nfb: ChloMelody Yumika Belle\r\ntwitter: @yumikabelle"}, {"id": "7338820", "photo": {"prefix": "https://igx.4sqi.net/img/user/", "suffix": "/EPGGTQ5GR2VG0RBC.jpg"}, "homeCity": "Singapore", "contact": {"facebook": "806744636", "twitter": "calvintimo"}, "firstName": "Calvin", "tips": {"count": 26}, "gender": "male", "lastName": "Timothy", "lists": {"groups": [{"count": 2, "type": "created", "items": []}]}, "bio": ""}, {"id": "34436049", "photo": {"prefix": "https://igx.4sqi.net/img/user/", "suffix": "/REUS1W1OLAT1K3RV.jpg"}, "homeCity": "Singapore", "contact": {"facebook": "564927196", "twitter": "masterryoaska"}, "firstName": "Master", "tips": {"count": 1}, "gender": "male", "lastName": "Aska", "lists": {"groups": [{"count": 2, "type": "created", "items": []}]}, "bio": ""}, {"id": "4797605", "photo": {"prefix": "https://igx.4sqi.net/img/user/", "suffix": "/YOU03US5WCLI42IA.jpg"}, "homeCity": "Singapore", "contact": {"twitter": "conanseow"}, "firstName": "Conan", "tips": {"count": 8}, "gender": "male", "lastName": "Seow", "lists": {"groups": [{"count": 2, "type": "created", "items": []}]}, "bio": ""}, {"id": "11274613", "photo": {"prefix": "https://igx.4sqi.net/img/user/", "suffix": "/MS01JSPVAZT4XEOZ.jpg"}, "homeCity": "Singapore", "contact": {"facebook": "572566436", "twitter": "zhaokiat"}, "firstName": "Zhaokiat", "tips": {"count": 1}, "gender": "male", "lastName": "Ho", "lists": {"groups": [{"count": 2, "type": "created", "items": []}]}, "bio": ""}, {"id": "10362073", "photo": {"prefix": "https://igx.4sqi.net/img/user/", "suffix": "/KK5WLKZDQYTHZKHF.jpg"}, "homeCity": "Singapore", "contact": {"twitter": "hsthecrazyszzz"}, "firstName": "huan", "tips": {"count": 0}, "gender": "male", "lastName": "sheng", "lists": {"groups": [{"count": 2, "type": "created", "items": []}]}, "bio": ""}, {"id": "1506349", "photo": {"prefix": "https://igx.4sqi.net/img/user/", "suffix": "/1506349-WVYRCLB4HFZBTK5M.jpg"}, "homeCity": "Singapore", "contact": {"twitter": "kissykittie"}, "firstName": "Shannen", "tips": {"count": 1}, "gender": "female", "lastName": "Lee", "lists": {"groups": [{"count": 2, "type": "created", "items": []}]}, "bio": ""}, {"id": "3882347", "photo": {"prefix": "https://igx.4sqi.net/img/user/", "suffix": "/3882347-4JW4FRGHLF3GKI24.jpg"}, "homeCity": "Singapore", "contact": {"twitter": "lxxmh"}, "firstName": "Meihua", "tips": {"count": 1}, "gender": "female", "lists": {"groups": [{"count": 2, "type": "created", "items": []}]}, "bio": ""}, {"id": "7291614", "photo": {"prefix": "https://igx.4sqi.net/img/user/", "suffix": "/HWCUMWT3TVVREGDZ.jpg"}, "homeCity": "Singapore", "contact": {"facebook": "645327676", "twitter": "xinkilledyou"}, "firstName": "ZhenXin", "tips": {"count": 0}, "gender": "male", "lastName": "SuperhawtBaby", "lists": {"groups": [{"count": 2, "type": "created", "items": []}]}, "bio": ""}, {"id": "9803242", "photo": {"prefix": "https://igx.4sqi.net/img/user/", "suffix": "/9803242-SRRY245HLUMSLM42.jpg"}, "homeCity": "Singapore", "contact": {"facebook": "661316988", "twitter": "buoyantytyt"}, "firstName": "Yitinglor", "tips": {"count": 1}, "gender": "female", "lastName": ".", "lists": {"groups": [{"count": 2, "type": "created", "items": []}]}, "bio": ""}, {"id": "5943482", "photo": {"prefix": "https://igx.4sqi.net/img/user/", "suffix": "/NVTNVQKLYFUANL4O.jpg"}, "homeCity": "Singapore", "contact": {"facebook": "522149899", "twitter": "munchonreality"}, "firstName": "Kengteng", "tips": {"count": 0}, "gender": "female", "lastName": "Yeo", "lists": {"groups": [{"count": 2, "type": "created", "items": []}]}, "bio": ""}, {"id": "15783493", "photo": {"prefix": "https://igx.4sqi.net/img/user/", "suffix": "/BZ003AHYJQRG4XKY.jpg"}, "homeCity": "Singapore", "contact": {"facebook": "634030418", "twitter": "wuguixiang"}, "firstName": "Guixiang", "tips": {"count": 0}, "gender": "female", "lastName": "Wendy", "lists": {"groups": [{"count": 2, "type": "created", "items": []}]}, "bio": ""}, {"id": "72220820", "photo": {"prefix": "https://igx.4sqi.net/img/user/", "suffix": "/72220820-EU0GPBQV2C5TFXT5.jpg"}, "homeCity": "Singapore", "contact": {"facebook": "522918258"}, "firstName": "Fariz", "tips": {"count": 0}, "gender": "male", "lastName": "Junaidi", "lists": {"groups": [{"count": 2, "type": "created", "items": []}]}, "bio": ""}, {"id": "2035069", "photo": {"prefix": "https://igx.4sqi.net/img/user/", "suffix": "/WMYLRDCHPGLIHB1M.jpg"}, "homeCity": "Jurong West, Singapore", "contact": {"facebook": "1505026104", "twitter": "leongraphy"}, "firstName": "Jing Long", "tips": {"count": 0}, "gender": "male", "lastName": "Khoo", "lists": {"groups": [{"count": 2, "type": "created", "items": []}]}, "bio": ""}, {"id": "3886603", "photo": {"prefix": "https://igx.4sqi.net/img/user/", "suffix": "/3886603-N5L5R2AQGRQJ3E1S.jpg"}, "homeCity": "Singapore", "contact": {"twitter": "cxxxxlsy"}, "firstName": "Clare", "tips": {"count": 0}, "gender": "female", "lists": {"groups": [{"count": 2, "type": "created", "items": []}]}, "bio": ""}, {"id": "18532087", "photo": {"prefix": "https://igx.4sqi.net/img/user/", "suffix": "/AOWZJAUXYN4GEMYU.jpg"}, "homeCity": "Singapore", "contact": {}, "firstName": "Kang", "tips": {"count": 0}, "gender": "male", "lastName": "Hwee Chiat", "lists": {"groups": [{"count": 2, "type": "created", "items": []}]}, "bio": ""}, {"id": "58270326", "photo": {"prefix": "https://igx.4sqi.net/img/user/", "suffix": "/UMT5VT5EFJZPQQ1P.jpg"}, "homeCity": "", "contact": {"facebook": "541620859", "twitter": "charmaine_harn"}, "firstName": "Charm", "tips": {"count": 26}, "gender": "female", "lastName": "H", "lists": {"groups": [{"count": 6, "type": "created", "items": []}]}, "bio": ""}, {"id": "2722426", "photo": {"prefix": "https://igx.4sqi.net/img/user/", "suffix": "/OT40J3OBVOBOG4V3.jpg"}, "homeCity": "Singapore", "contact": {"facebook": "567513572", "twitter": "desappa"}, "firstName": "Tay", "tips": {"count": 1}, "gender": "male", "lastName": "Desmond", "lists": {"groups": [{"count": 2, "type": "created", "items": []}]}, "bio": ""}, {"id": "4138857", "photo": {"prefix": "https://igx.4sqi.net/img/user/", "suffix": "/CJBOXAOM02K4NGI0.jpg"}, "homeCity": "Singapore", "contact": {"twitter": "plapuwong"}, "firstName": "Blandon", "tips": {"count": 0}, "gender": "male", "lastName": "Wong", "lists": {"groups": [{"count": 2, "type": "created", "items": []}]}, "bio": ""}, {"id": "4159848", "photo": {"prefix": "https://igx.4sqi.net/img/user/", "suffix": "/4159848-OGZ3XFEG1SBKLPTX.jpg"}, "homeCity": "Singapore", "contact": {"facebook": "678878432", "twitter": "donnlicious"}, "firstName": "Don", "tips": {"count": 2}, "gender": "male", "lastName": "Koh", "lists": {"groups": [{"count": 3, "type": "created", "items": []}]}, "bio": "Social Media Addict | Student | Blogger\r\n- Twitter/Instagram: @dOnnlicious"}, {"id": "5800423", "photo": {"prefix": "https://igx.4sqi.net/img/user/", "suffix": "/PHESVR4EMCU1VEJP.jpg"}, "homeCity": "Singapore", "contact": {"facebook": "650405911", "twitter": "ahsiaokia"}, "firstName": "Janet", "tips": {"count": 1}, "gender": "female", "lastName": "Loh Yin Ming", "lists": {"groups": [{"count": 2, "type": "created", "items": []}]}, "bio": ""}, {"id": "5262844", "photo": {"prefix": "https://igx.4sqi.net/img/user/", "suffix": "/5WBBHTRRZMNDLM1J.jpg"}, "homeCity": "Singapore", "contact": {"facebook": "1416213259", "twitter": "mintleong"}, "firstName": "Mint", "tips": {"count": 8}, "gender": "female", "lastName": "Leong", "lists": {"groups": [{"count": 2, "type": "created", "items": []}]}, "bio": ""}, {"id": "5872484", "photo": {"prefix": "https://igx.4sqi.net/img/user/", "suffix": "/U1WW0H0W0QXDM0Y1.jpg"}, "homeCity": "Singapore", "contact": {"facebook": "645630055", "twitter": "ayteez"}, "firstName": "Amy", "tips": {"count": 0}, "gender": "female", "lists": {"groups": [{"count": 2, "type": "created", "items": []}]}, "bio": ""}, {"id": "5265405", "photo": {"prefix": "https://igx.4sqi.net/img/user/", "suffix": "/FVXECNAWV1ATBNP1.jpg"}, "homeCity": "Singapore", "contact": {"facebook": "784708888", "twitter": "jerlinnie"}, "firstName": "Jerlin", "tips": {"count": 0}, "gender": "female", "lastName": "Toh", "lists": {"groups": [{"count": 2, "type": "created", "items": []}]}, "bio": ""}, {"id": "6151899", "photo": {"prefix": "https://igx.4sqi.net/img/user/", "suffix": "/Q1M2XF35AH2GJM5M.jpg"}, "homeCity": "Singapore", "contact": {"twitter": "stoptheparanoia"}, "firstName": "Germaine", "tips": {"count": 1}, "gender": "female", "lastName": "\ud83d\ude46", "lists": {"groups": [{"count": 2, "type": "created", "items": []}]}, "bio": ""}, {"id": "5644257", "photo": {"prefix": "https://igx.4sqi.net/img/user/", "suffix": "/2VZCJH3QRFOBW1MM.jpg"}, "homeCity": "Singapore", "contact": {"twitter": "erickjianliang"}, "firstName": "Eric khek", "tips": {"count": 2}, "gender": "male", "lastName": "Jian liang", "lists": {"groups": [{"count": 2, "type": "created", "items": []}]}, "bio": ""}, {"id": "8696384", "photo": {"prefix": "https://igx.4sqi.net/img/user/", "suffix": "/8696384-E2IY0HZMRR1CILTB"}, "homeCity": "Singapore", "contact": {"facebook": "755615648", "twitter": "kellayetwinnie"}, "firstName": "Kelly", "tips": {"count": 1}, "gender": "female", "lastName": "Goh", "lists": {"groups": [{"count": 2, "type": "created", "items": []}]}, "bio": ""}]}, "checksum": "b8fb8b2fa2e432e958b92bf418564d1b9a797281"}}