{"notifications": [{"type": "notificationTray", "item": {"unreadCount": 0}}], "meta": {"requestId": "5966ec0e9fb6b770dc1c0fc8", "code": 200}, "response": {"friends": {"count": 92, "items": [{"id": "1358258", "photo": {"prefix": "https://igx.4sqi.net/img/user/", "suffix": "/1358258-1IF3PFRZSCNW03QR.jpg"}, "homeCity": "Jakarta", "contact": {"facebook": "100001794095627", "twitter": "hello2green"}, "firstName": "Judi", "tips": {"count": 6}, "gender": "male", "lastName": "Hartono", "lists": {"groups": [{"count": 2, "type": "created", "items": []}]}, "bio": ""}, {"id": "29284591", "photo": {"prefix": "https://igx.4sqi.net/img/user/", "suffix": "/29284591-XR0LCQPTXMQQGUUZ.jpg"}, "homeCity": "Sydney, Australia", "contact": {"twitter": "dr_craig_wright"}, "firstName": "Craig", "tips": {"count": 22}, "gender": "male", "lastName": "Wright", "lists": {"groups": [{"count": 6, "type": "created", "items": []}]}, "bio": "Nerd, geek, university lecturer, executive (under protest) and coffee-a-holic. Tech and academic junkie. Love tech and knowledge with a passion."}, {"id": "4779295", "photo": {"prefix": "https://igx.4sqi.net/img/user/", "suffix": "/BWSE5H1H2Z4FGYBF.jpg"}, "homeCity": "Batam, Indonesia", "contact": {}, "firstName": "Stylianos", "tips": {"count": 1}, "gender": "male", "lastName": "Koureas", "lists": {"groups": [{"count": 2, "type": "created", "items": []}]}, "bio": ""}, {"id": "6744883", "photo": {"prefix": "https://igx.4sqi.net/img/user/", "suffix": "/MBAVNPA3SECYKSKO.jpg"}, "homeCity": "Cilacap, Indonesia", "contact": {"facebook": "100000114431702", "twitter": "lisa_haylou"}, "firstName": "Lisa Aprisa", "tips": {"count": 2}, "gender": "female", "lastName": "Aprilia", "lists": {"groups": [{"count": 2, "type": "created", "items": []}]}, "bio": ""}, {"id": "3514445", "photo": {"prefix": "https://igx.4sqi.net/img/user/", "suffix": "/KHFHNXTSGFMACQA1.jpg"}, "homeCity": "Jakarta, Indonesia", "contact": {"facebook": "824608103", "twitter": "rezaferd"}, "firstName": "Reza", "tips": {"count": 1}, "gender": "male", "lastName": "Ferdinansyah", "lists": {"groups": [{"count": 2, "type": "created", "items": []}]}, "bio": ""}, {"id": "1245616", "photo": {"prefix": "https://igx.4sqi.net/img/user/", "suffix": "/1245616-SA0VKPWWRSYKH1XZ.jpg"}, "homeCity": "Kuala Lumpur", "contact": {}, "firstName": "Johnwee", "tips": {"count": 104}, "gender": "male", "lastName": "Lee", "lists": {"groups": [{"count": 2, "type": "created", "items": []}]}, "bio": ""}, {"id": "17342494", "photo": {"prefix": "https://igx.4sqi.net/img/user/", "suffix": "/IAH4ERX4NAVYTBUK.jpg"}, "homeCity": "Jakarta, Indonesia", "contact": {"facebook": "1016682325"}, "firstName": "Muljo", "tips": {"count": 8}, "gender": "male", "lastName": "Witono", "lists": {"groups": [{"count": 3, "type": "created", "items": []}]}, "bio": ""}, {"id": "1338068", "photo": {"prefix": "https://igx.4sqi.net/img/user/", "suffix": "/1338068-TSWJKNE4Q5AY3YSG.jpg"}, "homeCity": "Jakarta", "contact": {"facebook": "1563152728", "twitter": "syahreza_syah"}, "firstName": "SyahReza", "tips": {"count": 19}, "gender": "male", "lastName": "Syahrial", "lists": {"groups": [{"count": 2, "type": "created", "items": []}]}, "bio": "Sanguine-choleric, sportaholic, travel lovers, music maniac, aim to be a vegan..."}, {"id": "35038531", "photo": {"prefix": "https://igx.4sqi.net/img/user/", "suffix": "/VWUBJVC0ZJT0XOEP.jpg"}, "homeCity": "Jakarta Raya", "contact": {"facebook": "727194231", "twitter": "aldoelam"}, "firstName": "Aldo Elam", "tips": {"count": 0}, "gender": "male", "lastName": "Majiah", "lists": {"groups": [{"count": 2, "type": "created", "items": []}]}, "bio": ""}, {"id": "6109188", "photo": {"prefix": "https://igx.4sqi.net/img/user/", "suffix": "/XWYTH1XEQQ0XLS3S.jpg"}, "homeCity": "Painan, Indonesia", "contact": {"facebook": "10153017879812436", "twitter": "nozyra"}, "firstName": "Aprizon", "tips": {"count": 3}, "gender": "male", "lists": {"groups": [{"count": 2, "type": "created", "items": []}]}, "bio": ""}, {"id": "1796418", "photo": {"prefix": "https://igx.4sqi.net/img/user/", "suffix": "/1796418-CFYIZZ1ABYSZFSUQ.jpg"}, "homeCity": "Stockholm", "contact": {"facebook": "625214550", "twitter": "maximmoneta"}, "firstName": "Maxim", "tips": {"count": 7}, "gender": "male", "lastName": "Moneta", "lists": {"groups": [{"count": 4, "type": "created", "items": []}]}, "bio": "Entrepreneur, inspired professional, photographer and startuper. www.itproject.se"}, {"id": "1586790", "photo": {"prefix": "https://igx.4sqi.net/img/user/", "suffix": "/1586790-4W4I2RZC4RA1HKUN.jpg"}, "homeCity": "Jakarta Capital Region, Jakarta Capital Regi", "contact": {"facebook": "1024982299", "twitter": "yenong"}, "firstName": "Yenni", "tips": {"count": 5}, "gender": "female", "lastName": "Angelina", "lists": {"groups": [{"count": 2, "type": "created", "items": []}]}, "bio": ""}, {"id": "1232853", "photo": {"prefix": "https://igx.4sqi.net/img/user/", "suffix": "/JLPOCGPWPQFAPLGZ.jpg"}, "homeCity": "Denpasar, Bali", "contact": {"facebook": "1097004333", "twitter": "meliayuna"}, "firstName": "Yuna", "tips": {"count": 17}, "gender": "female", "lists": {"groups": [{"count": 2, "type": "created", "items": []}]}, "bio": ""}, {"id": "1675740", "photo": {"prefix": "https://igx.4sqi.net/img/user/", "suffix": "/HCNJUXQ2BH3NL3O0.jpg"}, "homeCity": "Jakarta Barat, Jakarta", "contact": {"twitter": "elizabethngela"}, "firstName": "Elizabeth", "tips": {"count": 1}, "gender": "female", "lastName": "Angela Desyana", "lists": {"groups": [{"count": 2, "type": "created", "items": []}]}, "bio": ""}, {"id": "987166", "photo": {"prefix": "https://igx.4sqi.net/img/user/", "suffix": "/987166-ICGLSOFOZN4SBNFV.jpg"}, "homeCity": "Jakarta", "contact": {"twitter": "zuliadyazwin"}, "firstName": "Joule", "tips": {"count": 13}, "gender": "male", "lastName": "doc", "lists": {"groups": [{"count": 8, "type": "created", "items": []}]}, "bio": ""}, {"id": "706432", "photo": {"prefix": "https://igx.4sqi.net/img/user/", "suffix": "/K0B03MF4ZZSBP5RE.jpg"}, "homeCity": "Surabaya, East Java Indonesia", "contact": {"facebook": "522541686", "twitter": "justinus1"}, "firstName": "Justinus", "tips": {"count": 5}, "gender": "male", "lastName": "Andjarwirawan", "lists": {"groups": [{"count": 2, "type": "created", "items": []}]}, "bio": ""}, {"id": "813340", "photo": {"prefix": "https://igx.4sqi.net/img/user/", "suffix": "/5O2D1OGIOAQ5UGDC.gif"}, "homeCity": "Jakarta, Indonesia", "contact": {"facebook": "555652234", "twitter": "indraya"}, "firstName": "Indrayana", "tips": {"count": 16}, "gender": "male", "lastName": "MB.", "lists": {"groups": [{"count": 2, "type": "created", "items": []}]}, "bio": ""}, {"id": "726555", "photo": {"prefix": "https://igx.4sqi.net/img/user/", "suffix": "/VF1TZGMJWLG2NOIU.jpg"}, "homeCity": "Singapore", "contact": {"facebook": "623522308"}, "firstName": "Benjamin", "tips": {"count": 1}, "gender": "male", "lastName": "Lim", "lists": {"groups": [{"count": 2, "type": "created", "items": []}]}, "bio": ""}, {"id": "1132932", "photo": {"prefix": "https://igx.4sqi.net/img/user/", "suffix": "/BYAAOX3TV4OZLZ5J.jpg"}, "homeCity": "Jakarta, Indonesia", "contact": {"facebook": "1017532609", "twitter": "_ressa_"}, "firstName": "Ressa", "tips": {"count": 17}, "gender": "male", "lastName": "Restullah", "lists": {"groups": [{"count": 2, "type": "created", "items": []}]}, "bio": ""}, {"id": "3270078", "photo": {"prefix": "https://igx.4sqi.net/img/user/", "suffix": "/KWWMXCR0PK5JQ5SS.jpg"}, "homeCity": "Jakarta, Indonesia", "contact": {}, "firstName": "anastasia shirley", "tips": {"count": 0}, "gender": "female", "lastName": "kurniaty", "lists": {"groups": [{"count": 2, "type": "created", "items": []}]}, "bio": ""}, {"id": "33084569", "photo": {"prefix": "https://igx.4sqi.net/img/user/", "suffix": "/33084569-MO3RKFSA423UBBBT.jpg"}, "homeCity": "DKI JAKARTA 021 :]", "contact": {"facebook": "783508355", "twitter": "twelfthtwelve"}, "firstName": "Michelle", "tips": {"count": 1}, "gender": "female", "lastName": "Yu", "lists": {"groups": [{"count": 2, "type": "created", "items": []}]}, "bio": "adventuring 24/7."}, {"id": "2166279", "photo": {"prefix": "https://igx.4sqi.net/img/user/", "suffix": "/OCPGJHUBUKULL25G.jpg"}, "homeCity": "Depok, Jawa Barat", "contact": {"facebook": "1105747345", "twitter": "nikko_apunk"}, "firstName": "Nikkodemus", "tips": {"count": 3}, "gender": "male", "lastName": "Thomas", "lists": {"groups": [{"count": 2, "type": "created", "items": []}]}, "bio": ""}, {"id": "11566921", "photo": {"prefix": "https://igx.4sqi.net/img/user/", "suffix": "/0MQSUTHYYBLAHVJO.jpg"}, "homeCity": "Jakarta Selatan", "contact": {"facebook": "100000476718609", "twitter": "yosevansinaga"}, "firstName": "Yosevan", "tips": {"count": 1}, "gender": "male", "lastName": "Sinaga", "lists": {"groups": [{"count": 3, "type": "created", "items": []}]}, "bio": "in God i have surrendered"}, {"id": "6518954", "photo": {"prefix": "https://igx.4sqi.net/img/user/", "suffix": "/6518954-GO2MAUVX23VCA23C.jpg"}, "homeCity": "Bogor, Indonesia", "contact": {"facebook": "100000162199203", "twitter": "farhan_heraz"}, "firstName": "Herz", "tips": {"count": 2}, "gender": "female", "lists": {"groups": [{"count": 2, "type": "created", "items": []}]}, "bio": ""}, {"id": "22147306", "photo": {"prefix": "https://igx.4sqi.net/img/user/", "suffix": "/35EUC4KZZBUMXMDG.png"}, "homeCity": "medan", "contact": {"facebook": "100000045343554", "twitter": "sellyanahua"}, "firstName": "Sellyana", "tips": {"count": 0}, "gender": "female", "lastName": "Hua", "lists": {"groups": [{"count": 2, "type": "created", "items": []}]}, "bio": "Facebook : Sellyana Hua \r\nTwitter : @SellyanaHua\r\nLine : Sellyana"}, {"id": "25995577", "photo": {"prefix": "https://igx.4sqi.net/img/user/", "suffix": "/25995577-OAECEM2OX4JPR2E2.jpg"}, "homeCity": "Jakarta Raya", "contact": {"facebook": "100002217743714"}, "firstName": "Ferry", "tips": {"count": 0}, "gender": "male", "lists": {"groups": [{"count": 2, "type": "created", "items": []}]}, "bio": "BBM : 24C1A556 .. Line : vericco"}, {"id": "30523429", "photo": {"prefix": "https://igx.4sqi.net/img/user/", "suffix": "/44FOD042PVH3VL5T.jpg"}, "homeCity": "Banten", "contact": {"facebook": "650628672", "twitter": "adideswar"}, "firstName": "Manggala Eka", "tips": {"count": 8}, "gender": "male", "lastName": "Adideswar", "lists": {"groups": [{"count": 7, "type": "created", "items": []}]}, "bio": "Prefer secluded and silent hangout place"}, {"id": "7507981", "photo": {"prefix": "https://igx.4sqi.net/img/user/", "suffix": "/7507981-2VBVY0F0CIMFJZM0.jpg"}, "homeCity": "Jakarta, Indonesia", "contact": {"facebook": "667084724", "twitter": "indy_mluthfi"}, "firstName": "Indy", "tips": {"count": 26}, "gender": "female", "lastName": "M.Luthfi", "lists": {"groups": [{"count": 2, "type": "created", "items": []}]}, "bio": "Workin in IT Company, writing, novels, traveling, fashion, shoe"}, {"id": "8327572", "photo": {"prefix": "https://igx.4sqi.net/img/user/", "suffix": "/8327572-G2FUJ41LE1GZVADR.jpg"}, "homeCity": "Jakarta, Indonesia", "contact": {}, "firstName": "NeLz", "tips": {"count": 12}, "gender": "female", "lists": {"groups": [{"count": 2, "type": "created", "items": []}]}, "bio": ""}, {"id": "1917710", "photo": {"prefix": "https://igx.4sqi.net/img/user/", "suffix": "/NLBSGP5ATNG14AGS.jpg"}, "homeCity": "Jakarta", "contact": {"facebook": "1437037127", "twitter": "jesse_cn"}, "firstName": "jesse", "tips": {"count": 34}, "gender": "female", "lastName": "cn", "lists": {"groups": [{"count": 4, "type": "created", "items": []}]}, "bio": "Twitter @jesse_cn"}, {"id": "14572284", "photo": {"prefix": "https://igx.4sqi.net/img/user/", "suffix": "/PHZAJRAWAI2WAEJP.jpg"}, "homeCity": "Jakarta, Indonesia", "contact": {"facebook": "1631361703", "twitter": "hari_christian"}, "firstName": "Hari", "tips": {"count": 0}, "gender": "male", "lastName": "Christian", "lists": {"groups": [{"count": 3, "type": "created", "items": []}]}, "bio": "http://linkedin.com/in/harichristian"}, {"id": "2386785", "photo": {"prefix": "https://igx.4sqi.net/img/user/", "suffix": "/SEK0FNIPZQU02WYG.jpg"}, "homeCity": "Jakarta Selatan, DKI Jakarta", "contact": {"facebook": "843280767"}, "firstName": "Gabriela Angelika", "tips": {"count": 1}, "gender": "female", "lastName": "Tjhin", "lists": {"groups": [{"count": 2, "type": "created", "items": []}]}, "bio": ""}, {"id": "31535576", "photo": {"prefix": "https://igx.4sqi.net/img/user/", "suffix": "/4S4JBBSPGT2QESGR.jpg"}, "homeCity": "Jawa Barat", "contact": {"facebook": "1230102839", "twitter": "andripurnomo"}, "firstName": "Andri", "tips": {"count": 0}, "gender": "male", "lastName": "Purnomo", "lists": {"groups": [{"count": 2, "type": "created", "items": []}]}, "bio": ""}, {"id": "3127258", "photo": {"prefix": "https://igx.4sqi.net/img/user/", "suffix": "/BDI51AJDJXGSOVQG.jpg"}, "homeCity": "Jakarta, IDN", "contact": {"facebook": "529993212", "twitter": "kdk_wiryawan"}, "firstName": "Kadek", "tips": {"count": 17}, "gender": "male", "lastName": "Wiryawan", "lists": {"groups": [{"count": 2, "type": "created", "items": []}]}, "bio": ""}, {"id": "73191472", "photo": {"prefix": "https://igx.4sqi.net/img/user/", "suffix": "/73191472-E4QSEEYK0OABRZTH.jpg"}, "homeCity": "Batam", "contact": {"facebook": "1007154082"}, "firstName": "Anita", "tips": {"count": 19}, "gender": "female", "lastName": "Ng", "lists": {"groups": [{"count": 2, "type": "created", "items": []}]}, "bio": ""}, {"id": "1479639", "photo": {"prefix": "https://igx.4sqi.net/img/user/", "suffix": "/L041MTV3CUAOUJFG.jpg"}, "homeCity": "Jakarta", "contact": {}, "firstName": "b'yan", "tips": {"count": 2}, "gender": "male", "lists": {"groups": [{"count": 2, "type": "created", "items": []}]}, "bio": ""}, {"id": "4391167", "photo": {"prefix": "https://igx.4sqi.net/img/user/", "suffix": "/SAQ43E0LYTXQOI30.jpg"}, "homeCity": "Jakarta, Indonesia", "contact": {"facebook": "1470478546", "twitter": "si_pemy_tea"}, "firstName": "pemy", "tips": {"count": 5}, "gender": "male", "lastName": "hasyim", "lists": {"groups": [{"count": 2, "type": "created", "items": []}]}, "bio": ""}, {"id": "1545955", "photo": {"prefix": "https://igx.4sqi.net/img/user/", "suffix": "/101FUL0X5VIBB153.jpg"}, "homeCity": "Jakarta, Indonesia", "contact": {"facebook": "709316452"}, "firstName": "Triz", "tips": {"count": 1}, "gender": "male", "lastName": "Trz", "lists": {"groups": [{"count": 2, "type": "created", "items": []}]}, "bio": ""}, {"id": "3389149", "photo": {"prefix": "https://igx.4sqi.net/img/user/", "suffix": "/WIUOH4SVEUEB2IZR.jpg"}, "homeCity": "France ", "contact": {}, "firstName": "Rizkha", "tips": {"count": 0}, "gender": "female", "lastName": "Monica", "lists": {"groups": [{"count": 2, "type": "created", "items": []}]}, "bio": ""}, {"id": "41316202", "photo": {"prefix": "https://igx.4sqi.net/img/user/", "suffix": "/A43E0KHGU5CHB4SB.jpg"}, "homeCity": "Jakarta Raya", "contact": {}, "firstName": "Huang", "tips": {"count": 2}, "gender": "male", "lastName": "Jason", "lists": {"groups": [{"count": 2, "type": "created", "items": []}]}, "bio": ""}, {"id": "45131609", "photo": {"prefix": "https://igx.4sqi.net/img/user/", "suffix": "/45131609-YDOQBEQH1URG53XU.jpg"}, "homeCity": "guess where?", "contact": {"twitter": "juliad7777"}, "firstName": "Julia", "tips": {"count": 23}, "gender": "female", "lastName": "D", "lists": {"groups": [{"count": 11, "type": "created", "items": []}]}, "bio": "I have not failed. I've just found 100,000 ways that won't work. Cheers!"}, {"id": "22082385", "photo": {"prefix": "https://igx.4sqi.net/img/user/", "suffix": "/B5W3EOYXK521ESFT.jpg"}, "homeCity": "Jawa Tengah", "contact": {"facebook": "1290667091"}, "firstName": "Imelda", "tips": {"count": 2}, "gender": "female", "lastName": "Hidayati", "lists": {"groups": [{"count": 3, "type": "created", "items": []}]}, "bio": ""}, {"id": "71566323", "photo": {"prefix": "https://igx.4sqi.net/img/user/", "suffix": "/71566323-TVG3MLTCD3V0HXHR"}, "homeCity": "Jakarta, 04", "contact": {"facebook": "100000477072239"}, "firstName": "Klub Golf", "tips": {"count": 1}, "gender": "none", "lastName": "Bogor Raya", "lists": {"groups": [{"count": 2, "type": "created", "items": []}]}, "bio": "Come, Join, and Play\r\nWELCOME TO KLUB GOLF BOGOR RAYA Elegant, sophisticated and at the same time rustic place to exist in close relation with nature, offering"}, {"id": "22961266", "photo": {"prefix": "https://igx.4sqi.net/img/user/", "suffix": "/HD0HFJG551R2ML30.jpg"}, "homeCity": "Moscow", "contact": {"facebook": "100001851658516"}, "firstName": "Anastasia", "tips": {"count": 3}, "gender": "female", "lastName": "Antonova", "lists": {"groups": [{"count": 2, "type": "created", "items": []}]}, "bio": ""}, {"id": "26071898", "photo": {"prefix": "https://igx.4sqi.net/img/user/", "suffix": "/KTHT2QWO5T553P4V.jpg"}, "homeCity": "Jawa Barat", "contact": {}, "firstName": "Wiwie", "tips": {"count": 0}, "gender": "male", "lastName": "P Lestari", "lists": {"groups": [{"count": 2, "type": "created", "items": []}]}, "bio": ""}, {"id": "58065812", "photo": {"prefix": "https://igx.4sqi.net/img/user/", "suffix": "/58065812_nhYA5MkU_FKG1ieEsoG9ZmVDGKWB_oMEV4CMTkjYKBNoCgQb2u85oa6RHXhEPBQgO7d-wdeZM.jpg"}, "homeCity": "Denpasar, Bali, Indonesia", "contact": {"facebook": "548164496", "twitter": "faritonang"}, "firstName": "Ferry", "tips": {"count": 21}, "gender": "male", "lastName": "Aritonang", "lists": {"groups": [{"count": 2, "type": "created", "items": []}]}, "bio": ""}, {"id": "13700523", "photo": {"prefix": "https://igx.4sqi.net/img/user/", "suffix": "/QZ1S1LF0WVKWV11G.jpg"}, "homeCity": "Halongonan, Indonesia", "contact": {}, "firstName": "Yong", "tips": {"count": 2}, "gender": "male", "lastName": "Hua", "lists": {"groups": [{"count": 4, "type": "created", "items": []}]}, "bio": ""}, {"id": "20841871", "photo": {"prefix": "https://igx.4sqi.net/img/user/", "suffix": "/Y2CPF1TBQ2FODM0H.jpg"}, "homeCity": "Sumatera Utara", "contact": {"facebook": "767242136", "twitter": "mer_tan"}, "firstName": "Merry", "tips": {"count": 0}, "gender": "female", "lastName": "Tan", "lists": {"groups": [{"count": 2, "type": "created", "items": []}]}, "bio": ""}, {"id": "2737090", "photo": {"prefix": "https://igx.4sqi.net/img/user/", "suffix": "/SZSOE0KVLLYNMQHS.png"}, "homeCity": "Jakarta, Indonesia", "contact": {"facebook": "1094154545", "twitter": "enrico_siswanto"}, "firstName": "Enrico", "tips": {"count": 1}, "gender": "male", "lastName": "Siswanto", "lists": {"groups": [{"count": 2, "type": "created", "items": []}]}, "bio": ""}, {"id": "22618743", "photo": {"prefix": "https://igx.4sqi.net/img/user/", "suffix": "/22618743-GJT0UVWWRKRBPCCQ.jpg"}, "homeCity": "Bintaro", "contact": {}, "firstName": "Chellen", "tips": {"count": 1}, "gender": "female", "lastName": "Danise", "lists": {"groups": [{"count": 2, "type": "created", "items": []}]}, "bio": ""}, {"id": "2912147", "photo": {"prefix": "https://igx.4sqi.net/img/user/", "suffix": "/FHQHAYNVX4ZIUBGQ.jpg"}, "homeCity": "Jakarta, Indonesia", "contact": {"facebook": "1632316087", "twitter": "andorulez"}, "firstName": "Anondo", "tips": {"count": 11}, "gender": "male", "lastName": "Wicaksono", "lists": {"groups": [{"count": 2, "type": "created", "items": []}]}, "bio": ""}, {"id": "55812330", "photo": {"prefix": "https://igx.4sqi.net/img/user/", "suffix": "/MA5JAKOZ2GGG3YKX.jpg"}, "homeCity": "Jakarta, Indonesia", "contact": {"facebook": "100002468723971", "twitter": "rikalim75"}, "firstName": "Rika", "tips": {"count": 0}, "gender": "female", "lastName": "Lim", "lists": {"groups": [{"count": 2, "type": "created", "items": []}]}, "bio": ""}, {"id": "14202132", "photo": {"prefix": "https://igx.4sqi.net/img/user/", "suffix": "/WLQ5T05DL5OBQK2N.jpg"}, "homeCity": "Curug, Indonesia", "contact": {"twitter": "lumbanso7"}, "firstName": "Lumban", "tips": {"count": 1}, "gender": "male", "lastName": "Sopian", "lists": {"groups": [{"count": 3, "type": "created", "items": []}]}, "bio": ""}, {"id": "73661015", "photo": {"prefix": "https://igx.4sqi.net/img/user/", "suffix": "/73661015-1SDBXUG233ARRF02.jpg"}, "homeCity": "Jakarta, Daerah Khusus Ibukota Jakarta", "contact": {"facebook": "100001175922320"}, "firstName": "Alexandra", "tips": {"count": 0}, "gender": "female", "lastName": "Novita", "lists": {"groups": [{"count": 2, "type": "created", "items": []}]}, "bio": ""}, {"id": "14847939", "photo": {"prefix": "https://igx.4sqi.net/img/user/", "suffix": "/K00QEMDGNUWCQVIF.jpg"}, "homeCity": "Jakarta, Indonesia", "contact": {"facebook": "618335507", "twitter": "sidegee"}, "firstName": "Gesille", "tips": {"count": 0}, "gender": "female", "lastName": "Buot", "lists": {"groups": [{"count": 2, "type": "created", "items": []}]}, "bio": ""}, {"id": "86688871", "photo": {"prefix": "https://igx.4sqi.net/img/user/", "suffix": "/86688871-1ZUETDETV3GI2M5F.jpg"}, "homeCity": "Gorontalo", "contact": {"facebook": "461252647370747", "twitter": "avgmee"}, "firstName": "Amelia", "tips": {"count": 0}, "gender": "female", "lastName": "Militia", "lists": {"groups": [{"count": 2, "type": "created", "items": []}]}, "bio": ""}, {"id": "1651464", "photo": {"prefix": "https://igx.4sqi.net/img/user/", "suffix": "/ZLUPPJN4ZBTUM4YC.jpg"}, "homeCity": "Jakarta Capital Region, Jakarta Capital Regi", "contact": {"facebook": "1084320801", "twitter": "valencivalencia"}, "firstName": "Valencia", "tips": {"count": 2}, "gender": "female", "lastName": "Lukito", "lists": {"groups": [{"count": 2, "type": "created", "items": []}]}, "bio": "Angel from your nightmare."}, {"id": "3431140", "photo": {"prefix": "https://igx.4sqi.net/img/user/", "suffix": "/YHAFQYTCSL4IU5MW.jpg"}, "homeCity": "Jakarta, Indonesia", "contact": {"facebook": "1803636128"}, "firstName": "Donny", "tips": {"count": 8}, "gender": "male", "lastName": "Boerman", "lists": {"groups": [{"count": 6, "type": "created", "items": []}]}, "bio": ""}, {"id": "45441761", "photo": {"prefix": "https://igx.4sqi.net/img/user/", "suffix": "/GPV4QBXVQFJCPZQT.jpg"}, "homeCity": "Jakarta, Indonesia", "contact": {"facebook": "562479560", "twitter": "rifkiharahap"}, "firstName": "Rifki", "tips": {"count": 2}, "gender": "male", "lastName": "Harahap", "lists": {"groups": [{"count": 2, "type": "created", "items": []}]}, "bio": ""}, {"id": "22894042", "photo": {"prefix": "https://igx.4sqi.net/img/user/", "suffix": "/IEZWSEYVEO54VEED.jpg"}, "homeCity": "Jakarta Raya", "contact": {"facebook": "100001136628278", "twitter": "aiiuprincess"}, "firstName": "putri ayu", "tips": {"count": 2}, "gender": "female", "lastName": "Wijaya", "lists": {"groups": [{"count": 2, "type": "created", "items": []}]}, "bio": "Simple"}, {"id": "66014389", "photo": {"prefix": "https://igx.4sqi.net/img/user/", "suffix": "/RKV40PKPPS1G2ZCD.jpg"}, "homeCity": "Sukabumi, 30", "contact": {"facebook": "1168600023"}, "firstName": "Al", "tips": {"count": 0}, "gender": "female", "lastName": "Halis", "lists": {"groups": [{"count": 2, "type": "created", "items": []}]}, "bio": ""}, {"id": "27050309", "photo": {"prefix": "https://igx.4sqi.net/img/user/", "suffix": "/UQHUM5U40S3WZOYR.jpg"}, "homeCity": "Alberta", "contact": {"facebook": "1042294160"}, "firstName": "Eko", "tips": {"count": 0}, "gender": "male", "lastName": "Suharto", "lists": {"groups": [{"count": 2, "type": "created", "items": []}]}, "bio": ""}, {"id": "13749244", "photo": {"prefix": "https://igx.4sqi.net/img/user/", "suffix": "/OIRESMQ3G1FCALW0.jpg"}, "homeCity": "Jakarta, Indonesia", "contact": {}, "firstName": "huang", "tips": {"count": 5}, "gender": "male", "lastName": "jason", "lists": {"groups": [{"count": 2, "type": "created", "items": []}]}, "bio": ""}, {"id": "3957442", "photo": {"prefix": "https://igx.4sqi.net/img/user/", "suffix": "/GUMRUWB2CKI5XKF5.jpg"}, "homeCity": "Singapore", "contact": {"facebook": "552763443", "twitter": "krishnawiharsa"}, "firstName": "Krishna", "tips": {"count": 29}, "gender": "male", "lastName": "Wiharsa", "lists": {"groups": [{"count": 6, "type": "created", "items": []}]}, "bio": ""}, {"id": "46953523", "photo": {"prefix": "https://igx.4sqi.net/img/user/", "suffix": "/46953523-JQKYIRHXVY30NRVX.jpg"}, "homeCity": "Jakarta Raya", "contact": {"facebook": "612914546", "twitter": "litacakep"}, "firstName": "Maria Angelita", "tips": {"count": 4}, "gender": "female", "lastName": "Widjaja", "lists": {"groups": [{"count": 3, "type": "created", "items": []}]}, "bio": "http://truth-network.net/truth-tv/"}, {"id": "3057237", "photo": {"prefix": "https://igx.4sqi.net/img/user/", "suffix": "/3057237-Y5EPN11OAV4EPUK0.jpg"}, "homeCity": "Surabaya ", "contact": {"facebook": "10153093731744274", "twitter": "rgunawans"}, "firstName": "Robby", "tips": {"count": 0}, "gender": "male", "lastName": "Gunawan", "lists": {"groups": [{"count": 2, "type": "created", "items": []}]}, "bio": ""}, {"id": "62186415", "photo": {"prefix": "https://igx.4sqi.net/img/user/", "suffix": "/M5Q3EG0LDLIODQOE.jpg"}, "homeCity": "Jakarta, Indonesia", "contact": {"facebook": "1073179324"}, "firstName": "Tri", "tips": {"count": 0}, "gender": "male", "lastName": "Putra", "lists": {"groups": [{"count": 2, "type": "created", "items": []}]}, "bio": ""}, {"id": "81791032", "photo": {"prefix": "https://igx.4sqi.net/img/user/", "suffix": "/81791032-F0UJ5TCUATJJS0KD.jpg"}, "homeCity": "", "contact": {}, "firstName": "Savanna", "tips": {"count": 0}, "gender": "female", "lastName": "Harris", "lists": {"groups": [{"count": 2, "type": "created", "items": []}]}, "bio": ""}, {"id": "2423682", "photo": {"prefix": "https://igx.4sqi.net/img/user/", "suffix": "/SUAC33Y4OM4K1YHE.jpg"}, "homeCity": "Jakarta, Indonesia", "contact": {"facebook": "544715919"}, "firstName": "Rahmat", "tips": {"count": 1}, "gender": "male", "lastName": "A", "lists": {"groups": [{"count": 2, "type": "created", "items": []}]}, "bio": ""}, {"id": "3730875", "photo": {"prefix": "https://igx.4sqi.net/img/user/", "suffix": "/OMLJ2NIUJJDI250M.jpg"}, "homeCity": "Jakarta, Indonesia", "contact": {"facebook": "1065960647"}, "firstName": "Sylvia", "tips": {"count": 4}, "gender": "female", "lastName": "MT", "lists": {"groups": [{"count": 3, "type": "created", "items": []}]}, "bio": ""}, {"id": "66724184", "photo": {"prefix": "https://igx.4sqi.net/img/user/", "suffix": "/66724184-WTG3LR3Z4FIULVQR.jpg"}, "homeCity": "Pontianak", "contact": {"facebook": "1583672999"}, "firstName": "Zie", "tips": {"count": 0}, "gender": "female", "lastName": "Van", "lists": {"groups": [{"count": 2, "type": "created", "items": []}]}, "bio": ""}, {"id": "28363990", "photo": {"prefix": "https://igx.4sqi.net/img/user/", "suffix": "/28363990-LNBQQPC4S0GPL1TO.jpg"}, "homeCity": "Jakarta", "contact": {"facebook": "1558413786", "twitter": "ayu_nyun"}, "firstName": "dyah ayu", "tips": {"count": 1}, "gender": "female", "lastName": "fatmasari", "lists": {"groups": [{"count": 2, "type": "created", "items": []}]}, "bio": "Find your inner voice and then inspire others to find theirs."}, {"id": "16932007", "photo": {"prefix": "https://igx.4sqi.net/img/user/", "suffix": "/16932007-IUWQFWEJ2IFQSLSS.jpg"}, "homeCity": "Denpasar, Bali", "contact": {}, "firstName": "Xiau", "tips": {"count": 14}, "gender": "female", "lastName": "Xin", "lists": {"groups": [{"count": 2, "type": "created", "items": []}]}, "bio": ""}, {"id": "7422875", "photo": {"prefix": "https://igx.4sqi.net/img/user/", "suffix": "/J2ECXMH4I150I3XE.jpg"}, "homeCity": "London, United Kingdom", "contact": {"twitter": "davinadennis"}, "firstName": "Davina", "tips": {"count": 0}, "gender": "female", "lastName": "Dennis", "lists": {"groups": [{"count": 2, "type": "created", "items": []}]}, "bio": "A girl named Davina Dennis : Growing up small in Indonesia. Currently staying in London \ud83d\ude4b"}, {"id": "14269485", "photo": {"prefix": "https://igx.4sqi.net/img/user/", "suffix": "/TLLH5JDKB23IR2WO.jpg"}, "homeCity": "Bogor, Indonesia", "contact": {"facebook": "1608557801"}, "firstName": "Eliap", "tips": {"count": 2}, "gender": "male", "lastName": "Lumbantoruan", "lists": {"groups": [{"count": 2, "type": "created", "items": []}]}, "bio": ""}, {"id": "121328130", "photo": {"prefix": "https://igx.4sqi.net/img/user/", "suffix": "/121328130-GKR01G1T14GUWISE.jpg"}, "homeCity": "Jakarta, DKI Jakarta", "contact": {}, "firstName": "Eko", "tips": {"count": 0}, "gender": "male", "lastName": "Bahari", "lists": {"groups": [{"count": 2, "type": "created", "items": []}]}, "bio": ""}, {"id": "2790300", "photo": {"prefix": "https://igx.4sqi.net/img/user/", "suffix": "/2790300-R335YFZDJTNF4RL3.jpg"}, "homeCity": "New York, NY", "contact": {"facebook": "10154177033165349"}, "firstName": "Yudi", "tips": {"count": 1}, "gender": "male", "lastName": "Andreas", "lists": {"groups": [{"count": 2, "type": "created", "items": []}]}, "bio": ""}, {"id": "4141183", "photo": {"prefix": "https://igx.4sqi.net/img/user/", "suffix": "/13R105XMSQ1PM0YX.jpg"}, "homeCity": "Jakarta, Indonesia", "contact": {"facebook": "10204588625424144", "twitter": "nunung_rasyidi"}, "firstName": "Nunung", "tips": {"count": 0}, "gender": "female", "lastName": "Rasyidi", "lists": {"groups": [{"count": 2, "type": "created", "items": []}]}, "bio": ""}, {"id": "39792841", "photo": {"prefix": "https://igx.4sqi.net/img/user/", "suffix": "/DC43RZXTSUF05N5G.jpg"}, "homeCity": "Malang", "contact": {"facebook": "671338290"}, "firstName": "HARRIS Hotel  & Conventions Malang", "tips": {"count": 1}, "gender": "none", "lists": {"groups": [{"count": 2, "type": "created", "items": []}]}, "bio": "The biggest International Hotel in Malang managed by Tauzia, with 1500 persons seating capacity Ballroom and 3 swimming pools, opening 18 December 2012."}, {"id": "38576553", "photo": {"prefix": "https://igx.4sqi.net/img/user/", "suffix": "/U4A5I5REQ3F5MO15.jpg"}, "homeCity": "Jambi", "contact": {"facebook": "100000302215832", "twitter": "lee_ch1n9"}, "firstName": "Lee", "tips": {"count": 0}, "gender": "female", "lastName": "Ching", "lists": {"groups": [{"count": 2, "type": "created", "items": []}]}, "bio": ""}, {"id": "51755040", "photo": {"prefix": "https://igx.4sqi.net/img/user/", "suffix": "/OU4WZ2M01B1LA5D3.jpg"}, "homeCity": "Singapore", "contact": {"facebook": "100000076848761"}, "firstName": "Brian", "tips": {"count": 0}, "gender": "male", "lastName": "Higgins", "lists": {"groups": [{"count": 2, "type": "created", "items": []}]}, "bio": ""}, {"id": "24816254", "photo": {"prefix": "https://igx.4sqi.net/img/user/", "suffix": "/24816254-WICNAU4Q205O3UGV.jpg"}, "homeCity": "Depok, West Java", "contact": {"facebook": "1622963273", "twitter": "giripurwito"}, "firstName": "Giri", "tips": {"count": 7}, "gender": "male", "lastName": "Purwito", "lists": {"groups": [{"count": 2, "type": "created", "items": []}]}, "bio": ""}, {"id": "3098713", "photo": {"prefix": "https://igx.4sqi.net/img/user/", "suffix": "/4AW1KGSEVGRCMJXR.jpg"}, "homeCity": "\u82cf\u5dde\u5e02, \u4e2d\u56fd", "contact": {"facebook": "1076397257", "twitter": "asteriasta"}, "firstName": "Asteria", "tips": {"count": 0}, "gender": "female", "lastName": "Asta", "lists": {"groups": [{"count": 2, "type": "created", "items": []}]}, "bio": ""}, {"id": "40051253", "photo": {"prefix": "https://igx.4sqi.net/img/user/", "suffix": "/40051253-LFSKPGIG4GZAA3WF.jpg"}, "homeCity": "Kupang, Indonesia", "contact": {"facebook": "1742089470", "twitter": "ikethung"}, "firstName": "Inneke", "tips": {"count": 3}, "gender": "female", "lastName": "Tunggal", "lists": {"groups": [{"count": 2, "type": "created", "items": []}]}, "bio": ""}, {"id": "45949999", "photo": {"prefix": "https://igx.4sqi.net/img/user/", "suffix": "/WQKSIDCN1O5VCMD5.jpg"}, "homeCity": "New South Wales", "contact": {"facebook": "1152957167"}, "firstName": "Lydia", "tips": {"count": 7}, "gender": "female", "lastName": "Sutanto", "lists": {"groups": [{"count": 2, "type": "created", "items": []}]}, "bio": ""}, {"id": "75458618", "photo": {"prefix": "https://igx.4sqi.net/img/user/", "suffix": "/75458618-KDQQQWUBHIECJ3VS.jpg"}, "homeCity": "Jakarta, Indonesia", "contact": {"facebook": "1505662956"}, "firstName": "Lutfi", "tips": {"count": 0}, "gender": "male", "lastName": "Nukman", "lists": {"groups": [{"count": 2, "type": "created", "items": []}]}, "bio": ""}, {"id": "3493596", "photo": {"prefix": "https://igx.4sqi.net/img/user/", "suffix": "/RERFEAYGZMBX3MUX.jpg"}, "homeCity": "Singapore", "contact": {"facebook": "885330601"}, "firstName": "KK", "tips": {"count": 1}, "gender": "male", "lastName": "Chan", "lists": {"groups": [{"count": 2, "type": "created", "items": []}]}, "bio": ""}, {"id": "77407806", "photo": {"prefix": "https://igx.4sqi.net/img/user/", "suffix": "/77407806-P45KGQOIJEDZZOPH.jpg"}, "homeCity": "", "contact": {}, "firstName": "Litzy", "tips": {"count": 0}, "gender": "female", "lastName": "Wyss", "lists": {"groups": [{"count": 2, "type": "created", "items": []}]}, "bio": ""}, {"id": "67982091", "photo": {"prefix": "https://igx.4sqi.net/img/user/", "suffix": "/ADBNO5P3PD1DL0IW.jpg"}, "homeCity": "Jakarta, 04", "contact": {"facebook": "644418763"}, "firstName": "Sean", "tips": {"count": 0}, "gender": "male", "lastName": "Dunlop", "lists": {"groups": [{"count": 2, "type": "created", "items": []}]}, "bio": ""}, {"id": "5228969", "photo": {"prefix": "https://igx.4sqi.net/img/user/", "suffix": "/5228969-X2SRQXON0TZYMZ3O.jpg"}, "homeCity": "Jakarta, Indonesia", "contact": {"facebook": "1478904033"}, "firstName": "Anastasia", "tips": {"count": 0}, "gender": "female", "lastName": "Shirley", "lists": {"groups": [{"count": 2, "type": "created", "items": []}]}, "bio": ""}, {"id": "6408462", "photo": {"prefix": "https://igx.4sqi.net/img/user/", "suffix": "/6408462-WTKSIMVFTWFSAHB3.jpg"}, "homeCity": "Jakarta, ID", "contact": {"facebook": "650264024", "twitter": "sbudhi"}, "firstName": "Setia", "tips": {"count": 5}, "gender": "male", "lastName": "Budhi", "lists": {"groups": [{"count": 2, "type": "created", "items": []}]}, "bio": ""}, {"id": "83689096", "photo": {"prefix": "https://igx.4sqi.net/img/user/", "default": true, "suffix": "/blank_boy.png"}, "homeCity": "New York, NY", "contact": {"facebook": "16308383"}, "firstName": "Anne", "tips": {"count": 0}, "gender": "none", "lastName": "Peng", "lists": {"groups": [{"count": 2, "type": "created", "items": []}]}, "bio": ""}]}, "checksum": "b894ed912e8baa2aa8a4dfe9e5b54d2c10b1dd45"}}