{"notifications": [{"type": "notificationTray", "item": {"unreadCount": 0}}], "response": {"friends": {"items": [{"tips": {"count": 0}, "contact": {"twitter": "drumakira", "facebook": "547987091"}, "firstName": "Ryan", "gender": "male", "lastName": "Akira", "id": "11611214", "bio": "", "photo": {"prefix": "https://igx.4sqi.net/img/user/", "suffix": "/1UL24KYKRK5ZTTCA.jpg"}, "homeCity": "Copenhagen, Denmark", "lists": {"groups": [{"items": [], "count": 2, "type": "created"}]}}, {"tips": {"count": 1}, "contact": {"twitter": "phink89", "facebook": "1072401129"}, "firstName": "Martina", "gender": "female", "lastName": "Ng", "id": "6247124", "bio": "", "photo": {"prefix": "https://igx.4sqi.net/img/user/", "suffix": "/OYGZ1CZ4YH24DDGQ.jpg"}, "homeCity": "Jakarta, Indonesia", "lists": {"groups": [{"items": [], "count": 3, "type": "created"}]}}, {"tips": {"count": 14}, "contact": {"twitter": "doqolie", "facebook": "689811759"}, "firstName": "Handoko", "gender": "male", "lastName": "Lie", "id": "6772578", "bio": "", "photo": {"prefix": "https://igx.4sqi.net/img/user/", "suffix": "/SGJW5QHF0A50JTW1.jpg"}, "homeCity": "jakarta", "lists": {"groups": [{"items": [], "count": 2, "type": "created"}]}}, {"tips": {"count": 12}, "contact": {}, "firstName": "Stella", "gender": "female", "lastName": "Wijaya", "id": "17170706", "bio": "", "photo": {"prefix": "https://igx.4sqi.net/img/user/", "suffix": "/0VIM0QEADFKDSEMU.jpg"}, "homeCity": "Jakarta, Indonesia", "lists": {"groups": [{"items": [], "count": 2, "type": "created"}]}}, {"tips": {"count": 4}, "contact": {"twitter": "bramasthaharyo", "facebook": "1132417435"}, "firstName": "Bramastha", "gender": "male", "lastName": "Haryo", "id": "6673747", "bio": "", "photo": {"prefix": "https://igx.4sqi.net/img/user/", "suffix": "/PNYAMLEXTGW335YT.jpg"}, "homeCity": "Bandung, Indonesia", "lists": {"groups": [{"items": [], "count": 2, "type": "created"}]}}, {"tips": {"count": 0}, "contact": {"facebook": "100003184966565"}, "firstName": "Martin", "gender": "male", "lastName": "Leung", "id": "95375342", "bio": "", "photo": {"prefix": "https://igx.4sqi.net/img/user/", "suffix": "/95375342-YYKRB1BPCD5OFJ3A.jpg"}, "homeCity": "Jakarta, Indonesia", "lists": {"groups": [{"items": [], "count": 2, "type": "created"}]}}, {"tips": {"count": 7}, "contact": {}, "firstName": "Anggun", "gender": "female", "lastName": "Doloksaribu", "id": "5755266", "bio": "", "photo": {"prefix": "https://igx.4sqi.net/img/user/", "suffix": "/IVKVIGED4MWNJIO2.jpg"}, "homeCity": "Jakarta, Indonesia", "lists": {"groups": [{"items": [], "count": 2, "type": "created"}]}}, {"tips": {"count": 0}, "contact": {"twitter": "kav502", "facebook": "752230503"}, "firstName": "Victor", "gender": "male", "lastName": "Mego", "id": "2244936", "bio": "", "photo": {"prefix": "https://igx.4sqi.net/img/user/", "suffix": "/0XYVJTHM12TJRF4T.jpg"}, "homeCity": "Jakarta Capital Region, Jakarta Capital Regi", "lists": {"groups": [{"items": [], "count": 2, "type": "created"}]}}, {"tips": {"count": 0}, "contact": {"twitter": "mrgonawan"}, "firstName": "Christian", "gender": "male", "lastName": "Gonawan", "id": "1169863", "bio": "", "photo": {"prefix": "https://igx.4sqi.net/img/user/", "suffix": "/P0U1A5POAMQSLGOR.jpg"}, "homeCity": "Toa Payoh, Singapore", "lists": {"groups": [{"items": [], "count": 2, "type": "created"}]}}, {"tips": {"count": 2}, "contact": {"twitter": "yu_michael", "facebook": "670522271"}, "firstName": "Michael", "gender": "male", "lastName": "Yu", "id": "1223723", "bio": "", "photo": {"prefix": "https://igx.4sqi.net/img/user/", "suffix": "/C3OENSJBEQY5WFSD.jpg"}, "homeCity": "Jakarta, Indonesia", "lists": {"groups": [{"items": [], "count": 2, "type": "created"}]}}, {"tips": {"count": 17}, "contact": {"twitter": "sniffnsnarl", "facebook": "10153929607763883"}, "firstName": "Angela", "gender": "female", "lastName": "Danila", "id": "5940147", "bio": "mole whacker breath-holder and cat-herder.", "photo": {"prefix": "https://igx.4sqi.net/img/user/", "suffix": "/5940147-3BKAYQ4EP4T004BY.jpg"}, "homeCity": "Singapore", "lists": {"groups": [{"items": [], "count": 3, "type": "created"}]}}, {"tips": {"count": 10}, "contact": {"twitter": "imansetiadi8", "facebook": "662483049"}, "firstName": "Iman Setiadi", "gender": "male", "lastName": "Arif", "id": "1511252", "bio": "", "photo": {"prefix": "https://igx.4sqi.net/img/user/", "suffix": "/1511252-IFYS34O34YYWTD2S.jpg"}, "homeCity": "Jakarta, Indonesia", "lists": {"groups": [{"items": [], "count": 2, "type": "created"}]}}, {"tips": {"count": 8}, "contact": {"twitter": "samsusanto", "facebook": "608294486"}, "firstName": "Samuel", "gender": "male", "lastName": "Susanto", "id": "695369", "bio": "", "photo": {"prefix": "https://igx.4sqi.net/img/user/", "suffix": "/AYKNUXGL3TF2VBIC.jpg"}, "homeCity": "Jakarta", "lists": {"groups": [{"items": [], "count": 2, "type": "created"}]}}, {"tips": {"count": 0}, "contact": {"twitter": "phebesimbar", "facebook": "10204580060635508"}, "firstName": "Phebe", "gender": "female", "lastName": "Simbar", "id": "2142429", "bio": "", "photo": {"prefix": "https://igx.4sqi.net/img/user/", "suffix": "/X3U243OQA00QLX43.jpg"}, "homeCity": "", "lists": {"groups": [{"items": [], "count": 2, "type": "created"}]}}, {"tips": {"count": 0}, "contact": {"twitter": "mhimiel_milly", "facebook": "1115509134"}, "firstName": "Mhimiel", "gender": "female", "lastName": "Milly", "id": "1294855", "bio": "", "photo": {"prefix": "https://igx.4sqi.net/img/user/", "suffix": "/ZLV2WGJFYBZEUZFC.jpg"}, "homeCity": "Jakarta Selatan, Jakarta Capital Regi", "lists": {"groups": [{"items": [], "count": 2, "type": "created"}]}}, {"tips": {"count": 3}, "contact": {"twitter": "devi_darmasari", "facebook": "758924504"}, "firstName": "Deviyanti", "gender": "female", "lastName": "Darmasari", "id": "2814039", "bio": "", "photo": {"prefix": "https://igx.4sqi.net/img/user/", "suffix": "/UNR2ZEYTHAYB4NFY.jpg"}, "homeCity": "jakarta", "lists": {"groups": [{"items": [], "count": 2, "type": "created"}]}}, {"tips": {"count": 0}, "contact": {"facebook": "689721128"}, "firstName": "Linda", "gender": "female", "lastName": "Hendra", "id": "32043979", "bio": "", "photo": {"prefix": "https://igx.4sqi.net/img/user/", "suffix": "/OIC3J0UIY0IGX2KD.jpg"}, "homeCity": "jakarta", "lists": {"groups": [{"items": [], "count": 2, "type": "created"}]}}, {"tips": {"count": 2}, "contact": {"facebook": "625690655"}, "firstName": "Erick", "gender": "male", "lastName": "Lauw", "id": "23376003", "bio": "", "photo": {"prefix": "https://igx.4sqi.net/img/user/", "suffix": "/L0CDKKPRBGVF0BER.jpg"}, "homeCity": "Jakarta, Indonesia", "lists": {"groups": [{"items": [], "count": 3, "type": "created"}]}}, {"tips": {"count": 5}, "contact": {"twitter": "ndreasdarwis", "facebook": "522316752"}, "firstName": "Andreas", "gender": "male", "lastName": "Darwis", "id": "16596776", "bio": "", "photo": {"prefix": "https://igx.4sqi.net/img/user/", "suffix": "/16596776-ER3UCM0N3SJJ5BR5.jpg"}, "homeCity": "Jakarta, Indonesia", "lists": {"groups": [{"items": [], "count": 2, "type": "created"}]}}, {"tips": {"count": 0}, "contact": {"facebook": "561658698"}, "firstName": "Indira", "gender": "female", "lastName": "Laksmi", "id": "12591286", "bio": "", "photo": {"prefix": "https://igx.4sqi.net/img/user/", "suffix": "/4SSI1D2U0OJSYMGO.jpg"}, "homeCity": "Jakarta, Indonesia", "lists": {"groups": [{"items": [], "count": 2, "type": "created"}]}}, {"tips": {"count": 21}, "contact": {"twitter": "loosielubis", "facebook": "1043712896"}, "firstName": "LellaNatsiL", "gender": "female", "lastName": "Lubis", "id": "7395445", "bio": "RUMAH BUARAN OS #ZahraBuaranPrayingTools #FaziaBuaranGamisAira #JatinangorBuaranKostProperty", "photo": {"prefix": "https://igx.4sqi.net/img/user/", "suffix": "/GOPVAKAUON5NNKUZ.jpg"}, "homeCity": "Indonesia", "lists": {"groups": [{"items": [], "count": 2, "type": "created"}]}}, {"tips": {"count": 0}, "contact": {"facebook": "657019606"}, "firstName": "Theresia", "gender": "female", "id": "30526834", "bio": "", "photo": {"prefix": "https://igx.4sqi.net/img/user/", "suffix": "/LTPF25M2VM1Q1GRB.jpg"}, "homeCity": "Jakarta Raya", "lists": {"groups": [{"items": [], "count": 5, "type": "created"}]}}, {"tips": {"count": 0}, "contact": {"facebook": "676638251"}, "firstName": "bachtiar", "gender": "male", "lastName": "j", "id": "13845024", "bio": "", "photo": {"prefix": "https://igx.4sqi.net/img/user/", "suffix": "/1VLKHWTEJGNQ3M4F.jpg"}, "homeCity": "Jakarta, Indonesia", "lists": {"groups": [{"items": [], "count": 2, "type": "created"}]}}, {"tips": {"count": 1}, "contact": {"twitter": "dian_adeline", "facebook": "799377617"}, "firstName": "Dian Adeline", "gender": "female", "lastName": "Charissa", "id": "13876437", "bio": "", "photo": {"prefix": "https://igx.4sqi.net/img/user/", "suffix": "/OAKNZTTPOLANX4Q5.jpg"}, "homeCity": "Pati, Indonesia", "lists": {"groups": [{"items": [], "count": 2, "type": "created"}]}}, {"tips": {"count": 3}, "contact": {"twitter": "anastasia_flo", "facebook": "743564074"}, "firstName": "Anastasia", "gender": "female", "lastName": "Flo", "id": "2462464", "bio": "", "photo": {"prefix": "https://igx.4sqi.net/img/user/", "suffix": "/FQXY2YLT1QXL1V2R.jpg"}, "homeCity": "Jakarta", "lists": {"groups": [{"items": [], "count": 2, "type": "created"}]}}, {"tips": {"count": 1}, "contact": {"facebook": "1318548560"}, "firstName": "Taufik", "gender": "male", "lastName": "Sinulingga", "id": "4231024", "bio": "", "photo": {"prefix": "https://igx.4sqi.net/img/user/", "suffix": "/TAQBN5T5XBK5N0JU.jpg"}, "homeCity": "Jakarta, Indonesia", "lists": {"groups": [{"items": [], "count": 2, "type": "created"}]}}, {"tips": {"count": 2}, "contact": {"facebook": "1623105861"}, "firstName": "Rizki", "gender": "male", "lastName": "Firbani", "id": "23088372", "bio": "", "photo": {"prefix": "https://igx.4sqi.net/img/user/", "suffix": "/VEAADZHV2OAZWT5F.jpg"}, "homeCity": "Jakarta Raya", "lists": {"groups": [{"items": [], "count": 2, "type": "created"}]}}, {"tips": {"count": 1}, "contact": {"facebook": "1520684490"}, "firstName": "Gerry", "gender": "male", "lastName": "Soewandi", "id": "64334948", "bio": "", "photo": {"prefix": "https://igx.4sqi.net/img/user/", "suffix": "/JZXK2HCZ3DVC2QCP.jpg"}, "homeCity": "Medan, 26", "lists": {"groups": [{"items": [], "count": 2, "type": "created"}]}}, {"tips": {"count": 0}, "contact": {"twitter": "ighoo", "facebook": "663811235"}, "firstName": "irna", "gender": "female", "lastName": "akira", "id": "3108533", "bio": "", "photo": {"prefix": "https://igx.4sqi.net/img/user/", "suffix": "/FW32ZGUSCGWZAKRH.jpg"}, "homeCity": "Singapore", "lists": {"groups": [{"items": [], "count": 2, "type": "created"}]}}, {"tips": {"count": 2}, "contact": {"twitter": "steffie_huang", "facebook": "1128015277"}, "firstName": "Steffie", "gender": "female", "lastName": "Wijaya", "id": "3202746", "bio": "", "photo": {"prefix": "https://igx.4sqi.net/img/user/", "suffix": "/OMHD2IUP3XHESCNN.jpg"}, "homeCity": "Indonesia", "lists": {"groups": [{"items": [], "count": 2, "type": "created"}]}}, {"tips": {"count": 0}, "contact": {"facebook": "1737421569"}, "firstName": "Benny", "gender": "male", "lastName": "Handoko", "id": "39151660", "bio": "", "photo": {"prefix": "https://igx.4sqi.net/img/user/", "suffix": "/BMXTKWTGH1YJ5WQN.jpg"}, "homeCity": "Jakarta Raya", "lists": {"groups": [{"items": [], "count": 2, "type": "created"}]}}, {"tips": {"count": 0}, "contact": {"facebook": "100000230542359"}, "firstName": "Orin", "gender": "female", "id": "22939020", "bio": "", "photo": {"prefix": "https://igx.4sqi.net/img/user/", "suffix": "/blank_girl.png", "default": true}, "homeCity": "Jakarta Raya", "lists": {"groups": [{"items": [], "count": 2, "type": "created"}]}}, {"tips": {"count": 1}, "contact": {}, "firstName": "John", "gender": "male", "lastName": "Low", "id": "17088818", "bio": "", "photo": {"prefix": "https://igx.4sqi.net/img/user/", "suffix": "/R5ZAOFPR2HOWSPDZ.jpg"}, "homeCity": "Jakarta, Indonesia", "lists": {"groups": [{"items": [], "count": 2, "type": "created"}]}}, {"tips": {"count": 12}, "contact": {"twitter": "parktandjung", "facebook": "892240067"}, "firstName": "Daniel", "gender": "male", "lastName": "Tandjung", "id": "20735792", "bio": "", "photo": {"prefix": "https://igx.4sqi.net/img/user/", "suffix": "/20735792-BDYU14F2E55HRF3H.jpg"}, "homeCity": "Jakarta", "lists": {"groups": [{"items": [], "count": 2, "type": "created"}]}}, {"tips": {"count": 6}, "contact": {"twitter": "herybert85", "facebook": "1425403975"}, "firstName": "herybert", "gender": "male", "lastName": "setyabudi", "id": "2706027", "bio": "", "photo": {"prefix": "https://igx.4sqi.net/img/user/", "suffix": "/K0L32N4E1YCJ14YW.jpg"}, "homeCity": "Sragen, Indonesia", "lists": {"groups": [{"items": [], "count": 2, "type": "created"}]}}, {"tips": {"count": 7}, "contact": {"twitter": "rio_zaldi", "facebook": "610548038"}, "firstName": "Rio", "gender": "male", "lastName": "Rizaldi", "id": "30920813", "bio": "Traveler | Enthusiast | Optimist | Online Entrepreneur | Trader & Analyst | Co-Founder of ClickDezign.com | Founder of GaleriSaham.com & SahamKita.com |", "photo": {"prefix": "https://igx.4sqi.net/img/user/", "suffix": "/30920813-PNUZR4V5Q42FTTGJ.jpg"}, "homeCity": "Jakarta Raya", "lists": {"groups": [{"items": [], "count": 3, "type": "created"}]}}, {"tips": {"count": 0}, "contact": {"facebook": "784343070"}, "firstName": "Fajar", "gender": "male", "lastName": "Elektro", "id": "3827923", "bio": "", "photo": {"prefix": "https://igx.4sqi.net/img/user/", "suffix": "/DKYWEUVNJ4XVJGRV.jpg"}, "homeCity": "Jakarta, Indonesia", "lists": {"groups": [{"items": [], "count": 2, "type": "created"}]}}, {"tips": {"count": 1}, "contact": {"facebook": "818440446"}, "firstName": "Alvin", "gender": "male", "lastName": "Gunawan", "id": "3730929", "bio": "", "photo": {"prefix": "https://igx.4sqi.net/img/user/", "suffix": "/AMBPBJW3DMVL0YKW.jpg"}, "homeCity": "Jakarta, Indonesia", "lists": {"groups": [{"items": [], "count": 2, "type": "created"}]}}, {"tips": {"count": 0}, "contact": {"twitter": "kr1s_tse", "facebook": "1578583884"}, "firstName": "Chris", "gender": "male", "lastName": "Dianto", "id": "44091508", "bio": "Gue Harus Sukses", "photo": {"prefix": "https://igx.4sqi.net/img/user/", "suffix": "/1JXSY4IBNEZYUFMK.jpg"}, "homeCity": "Jakarta Raya", "lists": {"groups": [{"items": [], "count": 2, "type": "created"}]}}, {"tips": {"count": 8}, "contact": {"facebook": "1651503042"}, "firstName": "rendra", "gender": "male", "lastName": "Amg", "id": "3660902", "bio": "", "photo": {"prefix": "https://igx.4sqi.net/img/user/", "suffix": "/3660902-NWB1MEN1B0K0OTIR.jpg"}, "homeCity": "Jakarta,indonesia", "lists": {"groups": [{"items": [], "count": 2, "type": "created"}]}}, {"tips": {"count": 0}, "contact": {"facebook": "782782514"}, "firstName": "Wita Djakfar", "gender": "female", "lastName": "Djakfar", "id": "4433601", "bio": "Just ordinary people", "photo": {"prefix": "https://igx.4sqi.net/img/user/", "suffix": "/4433601-3TRF5A41YZC4XVA0.jpg"}, "homeCity": "Jakarta, Indonesia", "lists": {"groups": [{"items": [], "count": 2, "type": "created"}]}}, {"tips": {"count": 30}, "contact": {"twitter": "bramantio81", "facebook": "655271186"}, "firstName": "Bramantio", "gender": "male", "lastName": "Aji", "id": "13184929", "bio": "", "photo": {"prefix": "https://igx.4sqi.net/img/user/", "suffix": "/F0QMSUFEI3BMN2YG.jpg"}, "homeCity": "jakarta", "lists": {"groups": [{"items": [], "count": 8, "type": "created"}]}}, {"tips": {"count": 0}, "contact": {"facebook": "778169229"}, "firstName": "Harrison", "gender": "male", "lastName": "Tanuwijaya", "id": "30639915", "bio": "", "photo": {"prefix": "https://igx.4sqi.net/img/user/", "suffix": "/C45XBXVRQPCVKKN3.jpg"}, "homeCity": "Jakarta, Indonesia", "lists": {"groups": [{"items": [], "count": 2, "type": "created"}]}}], "count": 43}, "checksum": "40f22b9ce8f235d089e22128539d27fb7b334a29"}, "meta": {"requestId": "59662f239fb6b77b760ed93e", "code": 200}}