{"notifications": [{"type": "notificationTray", "item": {"unreadCount": 0}}], "response": {"friends": {"items": [{"tips": {"count": 0}, "contact": {"facebook": "100000145849749"}, "firstName": "Mertiha", "gender": "female", "lastName": "Salimon", "id": "37312950", "bio": "", "photo": {"prefix": "https://igx.4sqi.net/img/user/", "suffix": "/NH04V1E4VCX0BA2N.jpg"}, "homeCity": "New York, NY", "lists": {"groups": [{"items": [], "count": 2, "type": "created"}]}}, {"tips": {"count": 2}, "contact": {"facebook": "1559137384"}, "firstName": "Kebayan", "gender": "male", "lastName": "Ibayanez", "id": "3327629", "bio": "", "photo": {"prefix": "https://igx.4sqi.net/img/user/", "suffix": "/4HEL2R3OHTTQUIQ3.jpg"}, "homeCity": "Singapore", "lists": {"groups": [{"items": [], "count": 2, "type": "created"}]}}, {"tips": {"count": 0}, "contact": {"facebook": "100001160587920"}, "firstName": "Aim", "gender": "male", "lastName": "Hassan", "id": "1705754", "bio": "", "photo": {"prefix": "https://igx.4sqi.net/img/user/", "suffix": "/3RL125BEBBAK32AT.jpg"}, "homeCity": "Singapore", "lists": {"groups": [{"items": [], "count": 2, "type": "created"}]}}, {"tips": {"count": 0}, "contact": {"facebook": "100001418192030"}, "firstName": "Askme", "gender": "male", "lastName": "Akhthar", "id": "3315538", "bio": "", "photo": {"prefix": "https://igx.4sqi.net/img/user/", "suffix": "/HYPVWUNP0LKKJ2V1.jpg"}, "homeCity": "Singapore", "lists": {"groups": [{"items": [], "count": 2, "type": "created"}]}}, {"tips": {"count": 0}, "contact": {"facebook": "100003382185413"}, "firstName": "Ridzza", "gender": "female", "lastName": "Jjv", "id": "39078984", "bio": "", "photo": {"prefix": "https://igx.4sqi.net/img/user/", "suffix": "/AOMWYETKNEUQWMTK.jpg"}, "homeCity": "Kuala Lumpur", "lists": {"groups": [{"items": [], "count": 2, "type": "created"}]}}, {"tips": {"count": 0}, "contact": {"facebook": "100000848784573"}, "firstName": "Yusoff", "gender": "male", "lastName": "Hassan", "id": "11590927", "bio": "", "photo": {"prefix": "https://igx.4sqi.net/img/user/", "suffix": "/ZRUYTZ5JYIWIEIEP.jpg"}, "homeCity": "Singapore", "lists": {"groups": [{"items": [], "count": 2, "type": "created"}]}}, {"tips": {"count": 0}, "contact": {"facebook": "100001072173545"}, "firstName": "Axl Rain", "gender": "male", "id": "3330979", "bio": "", "photo": {"prefix": "https://igx.4sqi.net/img/user/", "suffix": "/KJRJTA03PJ4LQYEN.jpg"}, "homeCity": "Singapore", "lists": {"groups": [{"items": [], "count": 2, "type": "created"}]}}, {"tips": {"count": 3}, "contact": {"facebook": "626611371"}, "firstName": "Kenneth", "gender": "male", "lastName": "Koh", "id": "3507229", "bio": "", "photo": {"prefix": "https://igx.4sqi.net/img/user/", "suffix": "/MWVDP54CMD0FXLQN.jpg"}, "homeCity": "Singapore", "lists": {"groups": [{"items": [], "count": 2, "type": "created"}]}}, {"tips": {"count": 0}, "contact": {"facebook": "1418844139"}, "firstName": "Ghani", "gender": "none", "lastName": "Ganz", "id": "3338407", "bio": "", "photo": {"prefix": "https://igx.4sqi.net/img/user/", "suffix": "/XNZC1RU4U1T1VJN5.jpg"}, "homeCity": "Singapore", "lists": {"groups": [{"items": [], "count": 2, "type": "created"}]}}], "count": 9}, "checksum": "00569542cdf7e3bc1e362853e263504848123f75"}, "meta": {"requestId": "5965bef1351e3d64b0909bb7", "code": 200}}