{"notifications": [{"type": "notificationTray", "item": {"unreadCount": 0}}], "meta": {"requestId": "5966e038f594df2201c4be81", "code": 200}, "response": {"friends": {"count": 57, "items": [{"id": "2149596", "photo": {"prefix": "https://igx.4sqi.net/img/user/", "suffix": "/0ZCHGERRXJRK14X3.jpg"}, "homeCity": "Singapore", "contact": {}, "firstName": "Edogawa", "tips": {"count": 2}, "gender": "male", "lastName": "Liangz", "lists": {"groups": [{"count": 2, "type": "created", "items": []}]}, "bio": ""}, {"id": "28311257", "photo": {"prefix": "https://igx.4sqi.net/img/user/", "suffix": "/ABUPYOYPS022U5HS.jpg"}, "homeCity": "Singapore", "contact": {"facebook": "528523527", "twitter": "xnicjudex"}, "firstName": "Nic Jude", "tips": {"count": 0}, "gender": "male", "lastName": "Das", "lists": {"groups": [{"count": 2, "type": "created", "items": []}]}, "bio": "An explorer in my own right, spreading the love in a positive way at every check-in! Dare ya to follow my trail(but not stalk me please!!)! WOOHOO! :)"}, {"id": "4327628", "photo": {"prefix": "https://igx.4sqi.net/img/user/", "suffix": "/-AC0N4ZOBYUJQ2HYL.jpg"}, "homeCity": "Singapore", "contact": {"facebook": "1654653053", "twitter": "_byyourside"}, "firstName": "Zhi Kai", "tips": {"count": 0}, "gender": "male", "lastName": "-", "lists": {"groups": [{"count": 2, "type": "created", "items": []}]}, "bio": ""}, {"id": "8631539", "photo": {"prefix": "https://igx.4sqi.net/img/user/", "suffix": "/PRIDHQB51G0IWJ2F.jpg"}, "homeCity": "Singapore", "contact": {"facebook": "755342955", "twitter": "mario_chua"}, "firstName": "Mario Chua", "tips": {"count": 0}, "gender": "male", "lastName": "Kai Siang", "lists": {"groups": [{"count": 2, "type": "created", "items": []}]}, "bio": ""}, {"id": "17339870", "photo": {"prefix": "https://igx.4sqi.net/img/user/", "suffix": "/RGFAPZN3Y3UVY4GS.jpg"}, "homeCity": "Singapore", "contact": {"facebook": "100000703081471", "twitter": "mysticjasper"}, "firstName": "Jasper", "tips": {"count": 1}, "gender": "male", "lastName": "Soh", "lists": {"groups": [{"count": 2, "type": "created", "items": []}]}, "bio": ""}, {"id": "5285210", "photo": {"prefix": "https://igx.4sqi.net/img/user/", "suffix": "/5285210-CJTBPXWP43SVKW1Y.jpg"}, "homeCity": "Singapore", "contact": {"facebook": "702560551", "twitter": "elainemiyaki"}, "firstName": "Lim", "tips": {"count": 0}, "gender": "female", "lastName": "Elaine", "lists": {"groups": [{"count": 2, "type": "created", "items": []}]}, "bio": ""}, {"id": "5693214", "photo": {"prefix": "https://igx.4sqi.net/img/user/", "suffix": "/UXPJ5Z0WBXP43KEA.jpg"}, "homeCity": "\u6771\u4eac\u90fd", "contact": {"facebook": "649637908"}, "firstName": "Maya", "tips": {"count": 0}, "gender": "female", "lastName": "Banana", "lists": {"groups": [{"count": 2, "type": "created", "items": []}]}, "bio": ""}, {"id": "4534040", "photo": {"prefix": "https://igx.4sqi.net/img/user/", "suffix": "/RH2BG1KO2NQF0JI1.jpg"}, "homeCity": "Singapore", "contact": {"twitter": "woshipepe"}, "firstName": "SK AhTooT", "tips": {"count": 6}, "gender": "male", "lists": {"groups": [{"count": 2, "type": "created", "items": []}]}, "bio": ""}, {"id": "8230895", "photo": {"prefix": "https://igx.4sqi.net/img/user/", "suffix": "/BXBZAO0MC2LNUFUO.jpg"}, "homeCity": "Singapore", "contact": {"facebook": "673671913"}, "firstName": "Chen", "tips": {"count": 1}, "gender": "male", "lastName": "JunYan", "lists": {"groups": [{"count": 3, "type": "created", "items": []}]}, "bio": ""}, {"id": "3842372", "photo": {"prefix": "https://igx.4sqi.net/img/user/", "suffix": "/OY2TMW3KONJZLD3O.jpg"}, "homeCity": "Singapore", "contact": {"facebook": "611508963"}, "firstName": "Yvonne", "tips": {"count": 2}, "gender": "none", "lastName": "Ng", "lists": {"groups": [{"count": 2, "type": "created", "items": []}]}, "bio": ""}, {"id": "9592054", "photo": {"prefix": "https://igx.4sqi.net/img/user/", "suffix": "/NQEUSOCCKVTLI013.jpg"}, "homeCity": "Singapore", "contact": {}, "firstName": "Daniel Kee", "tips": {"count": 1}, "gender": "male", "lists": {"groups": [{"count": 2, "type": "created", "items": []}]}, "bio": ""}, {"id": "2996620", "photo": {"prefix": "https://igx.4sqi.net/img/user/", "suffix": "/1JAXX4UUJIWAYJE3.jpg"}, "homeCity": "Singapore", "contact": {"facebook": "706203388", "twitter": "linboyz"}, "firstName": "linboyz", "tips": {"count": 3}, "gender": "male", "lastName": "Lin", "lists": {"groups": [{"count": 2, "type": "created", "items": []}]}, "bio": ""}, {"id": "72706339", "photo": {"prefix": "https://igx.4sqi.net/img/user/", "suffix": "/72706339-4FCBUFU3PXVJN4JJ.jpg"}, "homeCity": "Singapore, 00", "contact": {"facebook": "100003730520658", "twitter": "yijie_wong"}, "firstName": "Wong", "tips": {"count": 0}, "gender": "male", "lastName": "Jie", "lists": {"groups": [{"count": 2, "type": "created", "items": []}]}, "bio": ""}, {"id": "3343598", "photo": {"prefix": "https://igx.4sqi.net/img/user/", "suffix": "/3343598_2xE1Dqmr_PcRy4ot-PC4UBpInrhFnIrDrRoz1kXtCoUONAVrnJF9AAIE7Zik_D1wwJkQJa1n1.jpg"}, "homeCity": "Singapore", "contact": {"facebook": "10211041548608393"}, "firstName": "Muhammad", "tips": {"count": 4}, "gender": "male", "lastName": "Rahmat", "lists": {"groups": [{"count": 2, "type": "created", "items": []}]}, "bio": ""}, {"id": "86093774", "photo": {"prefix": "https://igx.4sqi.net/img/user/", "suffix": "/86093774-UUEPQMV5YK0VDULX.jpg"}, "homeCity": "Singapore", "contact": {"facebook": "654685289"}, "firstName": "PrinCess", "tips": {"count": 0}, "gender": "female", "lastName": "\u3061\u3088\u3053", "lists": {"groups": [{"count": 2, "type": "created", "items": []}]}, "bio": ""}, {"id": "846184", "photo": {"prefix": "https://igx.4sqi.net/img/user/", "suffix": "/846184-KGPMZ5GENIAFMTPP"}, "homeCity": "ForeverAlone", "contact": {"twitter": "donaldducky"}, "firstName": "D\u00f6na\u0142d \u0295 \u2022\u1d25\u2022\u0294", "tips": {"count": 360}, "gender": "male", "lists": {"groups": [{"count": 4, "type": "created", "items": []}]}, "bio": "#foreveralone with foursquare."}, {"id": "3724605", "photo": {"prefix": "https://igx.4sqi.net/img/user/", "suffix": "/3724605-F2RUCZOW4JIRHR30.jpg"}, "homeCity": "Singapore", "contact": {}, "firstName": "Meiling", "tips": {"count": 1}, "gender": "female", "lists": {"groups": [{"count": 2, "type": "created", "items": []}]}, "bio": ""}, {"id": "580851", "photo": {"prefix": "https://igx.4sqi.net/img/user/", "suffix": "/SMJS3GU23GVUAEP4.jpg"}, "homeCity": "Pasir Ris, Singapore", "contact": {}, "firstName": "Max", "tips": {"count": 4}, "gender": "male", "lastName": "Sim", "lists": {"groups": [{"count": 2, "type": "created", "items": []}]}, "bio": ""}, {"id": "29446175", "photo": {"prefix": "https://igx.4sqi.net/img/user/", "suffix": "/R13GQNAEJ2MX45DT.jpg"}, "homeCity": "Singapore", "contact": {"facebook": "709057687", "twitter": "alvislim"}, "firstName": "Alvis", "tips": {"count": 0}, "gender": "male", "lastName": "Lim", "lists": {"groups": [{"count": 2, "type": "created", "items": []}]}, "bio": ""}, {"id": "23315694", "photo": {"prefix": "https://igx.4sqi.net/img/user/", "suffix": "/23315694-QV5LLCKDRSDHQJIU.jpg"}, "homeCity": "New York, NY", "contact": {"facebook": "10208428655667695"}, "firstName": "Sk", "tips": {"count": 0}, "gender": "male", "lastName": "BlurBlur", "lists": {"groups": [{"count": 2, "type": "created", "items": []}]}, "bio": ""}, {"id": "4644769", "photo": {"prefix": "https://igx.4sqi.net/img/user/", "default": true, "suffix": "/blank_boy.png"}, "homeCity": "Singapore", "contact": {"facebook": "100000124523084", "twitter": "tornadowahlian"}, "firstName": "OFFICIAL TORNADO", "tips": {"count": 2}, "gender": "none", "lists": {"groups": [{"count": 2, "type": "created", "items": []}]}, "bio": ""}, {"id": "14323750", "photo": {"prefix": "https://igx.4sqi.net/img/user/", "suffix": "/Z4GMXZR0KLK54ICI.jpg"}, "homeCity": "Singapore", "contact": {"facebook": "775059364"}, "firstName": "Russell", "tips": {"count": 0}, "gender": "male", "lastName": "Leong", "lists": {"groups": [{"count": 2, "type": "created", "items": []}]}, "bio": ""}, {"id": "17582268", "photo": {"prefix": "https://igx.4sqi.net/img/user/", "suffix": "/Q2WC5ZYGUKUU45DG.jpg"}, "homeCity": "Singapore", "contact": {"facebook": "633196171", "twitter": "thentk"}, "firstName": "Then", "tips": {"count": 2}, "gender": "male", "lastName": "Tze Kang", "lists": {"groups": [{"count": 2, "type": "created", "items": []}]}, "bio": ""}, {"id": "5952169", "photo": {"prefix": "https://igx.4sqi.net/img/user/", "suffix": "/XCFQYNWYD2HE5PVZ.jpg"}, "homeCity": "Singapore", "contact": {"facebook": "732937988", "twitter": "xylistique"}, "firstName": "Eliina", "tips": {"count": 0}, "gender": "female", "lastName": "xylistique", "lists": {"groups": [{"count": 2, "type": "created", "items": []}]}, "bio": ""}, {"id": "5016266", "photo": {"prefix": "https://igx.4sqi.net/img/user/", "suffix": "/ZYT4MOQXRYJFB0M5.jpg"}, "homeCity": "Seremban, Negeri Sembilan", "contact": {"facebook": "1525915502"}, "firstName": "CKC", "tips": {"count": 1}, "gender": "male", "lists": {"groups": [{"count": 2, "type": "created", "items": []}]}, "bio": ""}, {"id": "9603097", "photo": {"prefix": "https://igx.4sqi.net/img/user/", "suffix": "/15QWJZ2I1B4NDCMO.jpg"}, "homeCity": "Singapore", "contact": {"facebook": "1543103529", "twitter": "kaiyunn_aki"}, "firstName": "Kai Yun", "tips": {"count": 6}, "gender": "female", "lastName": "Tay", "lists": {"groups": [{"count": 2, "type": "created", "items": []}]}, "bio": ""}, {"id": "5250627", "photo": {"prefix": "https://igx.4sqi.net/img/user/", "suffix": "/5250627-UNEU3FJUOPIQ0MVC.jpg"}, "homeCity": "Singapore", "contact": {"facebook": "1328134484", "twitter": "domokunn1996"}, "firstName": "Rian", "tips": {"count": 2}, "gender": "male", "lastName": "Nelson", "lists": {"groups": [{"count": 2, "type": "created", "items": []}]}, "bio": ""}, {"id": "62922754", "photo": {"prefix": "https://igx.4sqi.net/img/user/", "suffix": "/YL4FABMIJS2VCMCX.jpg"}, "homeCity": "Singapore, 00", "contact": {"facebook": "563612449"}, "firstName": "AhBin", "tips": {"count": 0}, "gender": "male", "lastName": "Farquhar", "lists": {"groups": [{"count": 2, "type": "created", "items": []}]}, "bio": ""}, {"id": "9306125", "photo": {"prefix": "https://igx.4sqi.net/img/user/", "suffix": "/45N1NCLQNCQRVJAS.jpg"}, "homeCity": "NY", "contact": {"facebook": "734131935"}, "firstName": "Ian", "tips": {"count": 0}, "gender": "male", "lastName": "Tay", "lists": {"groups": [{"count": 2, "type": "created", "items": []}]}, "bio": ""}, {"id": "10364996", "photo": {"prefix": "https://igx.4sqi.net/img/user/", "suffix": "/10364996-G5MHUUBCEIN44NHI.jpg"}, "homeCity": "Singapore", "contact": {"facebook": "100000935988759", "twitter": "justinloi"}, "firstName": "J\u03c5\u0455\u0442\u03b9\u0438 \u2113\u03c3\u03b9", "tips": {"count": 6}, "gender": "male", "lists": {"groups": [{"count": 2, "type": "created", "items": []}]}, "bio": "\u03c9\u043d\u0443 \u0455\u03c3 \u0455\u0454\u044f\u03b9\u03c3\u03c5\u0455?!"}, {"id": "1638540", "photo": {"prefix": "https://igx.4sqi.net/img/user/", "suffix": "/PMTZGBQBHMX41ASO.gif"}, "homeCity": "Singapore", "contact": {"facebook": "100000835254674"}, "firstName": "Serene", "tips": {"count": 0}, "gender": "female", "lastName": "Yeo", "lists": {"groups": [{"count": 2, "type": "created", "items": []}]}, "bio": ""}, {"id": "4134322", "photo": {"prefix": "https://igx.4sqi.net/img/user/", "suffix": "/EEJOY5Z0R44UTTNM.jpg"}, "homeCity": "Singapore", "contact": {"facebook": "591873798"}, "firstName": "Samantha", "tips": {"count": 1}, "gender": "female", "lastName": "Leow", "lists": {"groups": [{"count": 2, "type": "created", "items": []}]}, "bio": ""}, {"id": "23397368", "photo": {"prefix": "https://igx.4sqi.net/img/user/", "suffix": "/G5CVVA4JPTFGRR2F.jpg"}, "homeCity": "Singapore, SG", "contact": {"facebook": "756901087"}, "firstName": "Boris", "tips": {"count": 1}, "gender": "male", "lastName": "Kuek", "lists": {"groups": [{"count": 2, "type": "created", "items": []}]}, "bio": ""}, {"id": "6182370", "photo": {"prefix": "https://igx.4sqi.net/img/user/", "suffix": "/KEYWPITIRCKX4G42.jpg"}, "homeCity": "Singapore", "contact": {"facebook": "724268857"}, "firstName": "Henry", "tips": {"count": 3}, "gender": "male", "lastName": "Chiu", "lists": {"groups": [{"count": 2, "type": "created", "items": []}]}, "bio": ""}, {"id": "17737861", "photo": {"prefix": "https://igx.4sqi.net/img/user/", "suffix": "/NCTK2YMB4P15HGXX.jpg"}, "homeCity": "Singapore", "contact": {"facebook": "565799385"}, "firstName": "Wai", "tips": {"count": 0}, "gender": "male", "lastName": "Hsiang", "lists": {"groups": [{"count": 2, "type": "created", "items": []}]}, "bio": ""}, {"id": "13917829", "photo": {"prefix": "https://igx.4sqi.net/img/user/", "suffix": "/DI1FX004OPUBNBHR.jpg"}, "homeCity": "Singapore", "contact": {"facebook": "647026275"}, "firstName": "Amanda", "tips": {"count": 0}, "gender": "female", "lastName": "Tan", "lists": {"groups": [{"count": 2, "type": "created", "items": []}]}, "bio": ""}, {"id": "19552705", "photo": {"prefix": "https://igx.4sqi.net/img/user/", "suffix": "/C22OMY1AMRRDQF3M.jpg"}, "homeCity": "Singapore", "contact": {}, "firstName": "IU", "tips": {"count": 0}, "gender": "female", "lastName": "Low", "lists": {"groups": [{"count": 2, "type": "created", "items": []}]}, "bio": ""}, {"id": "13716512", "photo": {"prefix": "https://igx.4sqi.net/img/user/", "suffix": "/ACCCPAYYZYAPB5J3.jpg"}, "homeCity": "Kuala Lumpur, Malaysia", "contact": {"facebook": "623535457"}, "firstName": "Lydia", "tips": {"count": 0}, "gender": "female", "lastName": "Diong-Tan", "lists": {"groups": [{"count": 2, "type": "created", "items": []}]}, "bio": ""}, {"id": "9634299", "photo": {"prefix": "https://igx.4sqi.net/img/user/", "suffix": "/9634299_D9Fc00GC_wvG-WIhUL12vNb7pdBbRr2SUlomSDNiNxqkGHIyA6m29Rbms9fnp6wZu0tq6vG30.jpg"}, "homeCity": "NYC", "contact": {"facebook": "10206459888115232", "twitter": "lucasiooo"}, "firstName": "Lucasio", "tips": {"count": 0}, "gender": "male", "lists": {"groups": [{"count": 2, "type": "created", "items": []}]}, "bio": ""}, {"id": "3145602", "photo": {"prefix": "https://igx.4sqi.net/img/user/", "suffix": "/G35TEX544VB3ILEZ.jpg"}, "homeCity": "Singapore", "contact": {"twitter": "kaelynloves"}, "firstName": "Kaelyn", "tips": {"count": 0}, "gender": "female", "lastName": "Koh", "lists": {"groups": [{"count": 2, "type": "created", "items": []}]}, "bio": ""}, {"id": "4140743", "photo": {"prefix": "https://igx.4sqi.net/img/user/", "suffix": "/S1WMSNBCP5ONMUDX.jpg"}, "homeCity": "Singapore", "contact": {"facebook": "10153355053421724"}, "firstName": "Lim", "tips": {"count": 4}, "gender": "male", "lastName": "Zhenghong", "lists": {"groups": [{"count": 2, "type": "created", "items": []}]}, "bio": ""}, {"id": "6912132", "photo": {"prefix": "https://igx.4sqi.net/img/user/", "suffix": "/6912132-KVRZJV1TKQXO33ZB.jpg"}, "homeCity": "Singapore", "contact": {"facebook": "557010681", "twitter": "tankaisong"}, "firstName": "Kai Song", "tips": {"count": 2}, "gender": "male", "lastName": "Tan", "lists": {"groups": [{"count": 2, "type": "created", "items": []}]}, "bio": ""}, {"id": "17913999", "photo": {"prefix": "https://igx.4sqi.net/img/user/", "suffix": "/DCSSQ5ZOD1KX5U4N.jpg"}, "homeCity": "Singapore", "contact": {"facebook": "524100842", "twitter": "stevenelarchive"}, "firstName": "Steven", "tips": {"count": 1}, "gender": "male", "lastName": "Wong", "lists": {"groups": [{"count": 2, "type": "created", "items": []}]}, "bio": ""}, {"id": "35064499", "photo": {"prefix": "https://igx.4sqi.net/img/user/", "suffix": "/BLE0KVP4CN0ABK3B.jpg"}, "homeCity": "Singapore ", "contact": {"facebook": "672727557"}, "firstName": "Tong", "tips": {"count": 4}, "gender": "male", "lastName": "Benjamin", "lists": {"groups": [{"count": 2, "type": "created", "items": []}]}, "bio": ""}, {"id": "19555779", "photo": {"prefix": "https://igx.4sqi.net/img/user/", "suffix": "/XSK2BGDR1H1LLZCL.jpg"}, "homeCity": "Singapore", "contact": {}, "firstName": "PegaKok", "tips": {"count": 0}, "gender": "female", "lastName": "Asf", "lists": {"groups": [{"count": 2, "type": "created", "items": []}]}, "bio": ""}, {"id": "11270979", "photo": {"prefix": "https://igx.4sqi.net/img/user/", "suffix": "/32F3CMKO4MJLZ5ZB.jpg"}, "homeCity": "NY", "contact": {"facebook": "1618600300"}, "firstName": "Daniel", "tips": {"count": 0}, "gender": "male", "lastName": "Ng", "lists": {"groups": [{"count": 2, "type": "created", "items": []}]}, "bio": ""}, {"id": "3704965", "photo": {"prefix": "https://igx.4sqi.net/img/user/", "suffix": "/Y5TWQFMAI3H2KKQX.jpg"}, "homeCity": "Singapore", "contact": {"facebook": "1508546218", "twitter": "jpakajunpeng"}, "firstName": "Soh", "tips": {"count": 3}, "gender": "male", "lastName": "Jun Peng", "lists": {"groups": [{"count": 2, "type": "created", "items": []}]}, "bio": ""}, {"id": "5523785", "photo": {"prefix": "https://igx.4sqi.net/img/user/", "suffix": "/0FMXH5YZKSBI50BJ.jpg"}, "homeCity": "Singapore", "contact": {"facebook": "654253713", "twitter": "khaikhai123"}, "firstName": "Teo", "tips": {"count": 8}, "gender": "male", "lastName": "Meng Khai", "lists": {"groups": [{"count": 2, "type": "created", "items": []}]}, "bio": ""}, {"id": "6937717", "photo": {"prefix": "https://igx.4sqi.net/img/user/", "suffix": "/6937717-I2QIUFC5FHIUXHMF.jpg"}, "homeCity": "Singapore", "contact": {"facebook": "10153164424845862", "twitter": "xlinnnx"}, "firstName": "madeline", "tips": {"count": 0}, "gender": "female", "lastName": "yang", "lists": {"groups": [{"count": 2, "type": "created", "items": []}]}, "bio": ""}, {"id": "19098818", "photo": {"prefix": "https://igx.4sqi.net/img/user/", "suffix": "/MW04R0SUTQQFJUPQ.jpg"}, "homeCity": "Singapore", "contact": {"facebook": "622393509"}, "firstName": "Hai Bin", "tips": {"count": 0}, "gender": "male", "lastName": "Ong", "lists": {"groups": [{"count": 2, "type": "created", "items": []}]}, "bio": ""}, {"id": "14190489", "photo": {"prefix": "https://igx.4sqi.net/img/user/", "suffix": "/YPT1PFVLFGJ4TO3A.jpg"}, "homeCity": "Singapore", "contact": {"twitter": "silth89"}, "firstName": "Zg", "tips": {"count": 0}, "gender": "male", "lists": {"groups": [{"count": 2, "type": "created", "items": []}]}, "bio": ""}, {"id": "3979741", "photo": {"prefix": "https://igx.4sqi.net/img/user/", "suffix": "/OTGOF5NN2ZAHTF0T.jpg"}, "homeCity": "Singapore", "contact": {"facebook": "696238872"}, "firstName": "Ng wee kiat jonathan", "tips": {"count": 1}, "gender": "male", "lists": {"groups": [{"count": 2, "type": "created", "items": []}]}, "bio": ""}, {"id": "5772476", "photo": {"prefix": "https://igx.4sqi.net/img/user/", "suffix": "/5772476-OUFRP2MCSQ3NDOLI.jpg"}, "homeCity": "Singapore", "contact": {"facebook": "540497263", "twitter": "junxiangtraps"}, "firstName": "JunXiang", "tips": {"count": 2}, "gender": "male", "lists": {"groups": [{"count": 2, "type": "created", "items": []}]}, "bio": ""}, {"id": "12507243", "photo": {"prefix": "https://igx.4sqi.net/img/user/", "suffix": "/QSSLAYJKU4ZOLZTV.jpg"}, "homeCity": "Singapore", "contact": {"facebook": "649213421"}, "firstName": "Johan", "tips": {"count": 0}, "gender": "male", "lastName": "Sim", "lists": {"groups": [{"count": 2, "type": "created", "items": []}]}, "bio": ""}, {"id": "6048556", "photo": {"prefix": "https://igx.4sqi.net/img/user/", "suffix": "/42F0STWQ0MMSWHL4.jpg"}, "homeCity": "Singapore", "contact": {"facebook": "522231235", "twitter": "ikaydenn"}, "firstName": "Kayden", "tips": {"count": 1}, "gender": "male", "lastName": "siusian", "lists": {"groups": [{"count": 2, "type": "created", "items": []}]}, "bio": ""}, {"id": "12610004", "photo": {"prefix": "https://igx.4sqi.net/img/user/", "suffix": "/ODCJ2G3XCVGGUBBR.jpg"}, "homeCity": "Singapore", "contact": {"facebook": "564213324", "twitter": "alvinljz"}, "firstName": "Alvin", "tips": {"count": 2}, "gender": "male", "lastName": "Lee Jian Zhou", "lists": {"groups": [{"count": 2, "type": "created", "items": []}]}, "bio": ""}, {"id": "46749024", "photo": {"prefix": "https://igx.4sqi.net/img/user/", "suffix": "/XDYMIKB3EM4Q15QK.png"}, "homeCity": "Singapore", "contact": {}, "firstName": "Together We", "tips": {"count": 0}, "gender": "male", "lastName": "Jump", "lists": {"groups": [{"count": 2, "type": "created", "items": []}]}, "bio": ""}]}, "checksum": "3ae8d42eb24f9e8f6fd39c807004a77413c60e9c"}}