{"notifications": [{"type": "notificationTray", "item": {"unreadCount": 0}}], "meta": {"requestId": "5966fe41351e3d47997085cf", "code": 200}, "response": {"friends": {"count": 217, "items": [{"id": "106150", "photo": {"prefix": "https://igx.4sqi.net/img/user/", "suffix": "/106150-QMVLIRURKPMK3Y32.jpg"}, "homeCity": "Singapore", "contact": {"facebook": "520759225", "twitter": "chinleongchua"}, "firstName": "Chin Leong", "tips": {"count": 28}, "gender": "male", "superuser": 2, "lists": {"groups": [{"count": 2, "type": "created", "items": []}]}, "bio": "our lives are not our own"}, {"id": "1098452", "photo": {"prefix": "https://igx.4sqi.net/img/user/", "suffix": "/L5IDYKYWCG5LC02Y.jpg"}, "homeCity": "Hong Kong", "contact": {"facebook": "528686037", "twitter": "kaas19"}, "firstName": "Idham", "tips": {"count": 1}, "gender": "male", "lastName": "Kaas", "lists": {"groups": [{"count": 2, "type": "created", "items": []}]}, "bio": ""}, {"id": "27826466", "photo": {"prefix": "https://igx.4sqi.net/img/user/", "default": true, "suffix": "/blank_boy.png"}, "homeCity": "New York, NY", "contact": {"facebook": "100002426053107", "twitter": "wyattsclee"}, "firstName": "Wyatt", "tips": {"count": 0}, "gender": "male", "lastName": "Matthew", "lists": {"groups": [{"count": 2, "type": "created", "items": []}]}, "bio": ""}, {"id": "4310269", "photo": {"prefix": "https://igx.4sqi.net/img/user/", "suffix": "/4310269-XD2H0OR5CVTEYXKY.jpg"}, "homeCity": "Singapore", "contact": {"facebook": "544170325", "twitter": "reixtsen"}, "firstName": "Ernest", "tips": {"count": 5}, "gender": "male", "lists": {"groups": [{"count": 2, "type": "created", "items": []}]}, "bio": "Underemployed"}, {"id": "266895", "photo": {"prefix": "https://igx.4sqi.net/img/user/", "suffix": "/WVYLUZO5LLIB3QX5.jpg"}, "homeCity": "Singapore", "contact": {"facebook": "726877663", "twitter": "superadrianme"}, "firstName": "SUPERADRIANME", "tips": {"count": 55}, "gender": "male", "lists": {"groups": [{"count": 2, "type": "created", "items": []}]}, "bio": "Visit us at http://SUPERADRIANME.com"}, {"id": "35809011", "photo": {"prefix": "https://igx.4sqi.net/img/user/", "suffix": "/QQ14KRFJG52KWDSN.jpg"}, "homeCity": "Singapore ", "contact": {"twitter": "silver55772"}, "firstName": "Seva", "tips": {"count": 0}, "gender": "male", "lastName": "Kumar", "lists": {"groups": [{"count": 2, "type": "created", "items": []}]}, "bio": "Love to make friend from all over the world"}, {"id": "368411", "photo": {"prefix": "https://igx.4sqi.net/img/user/", "suffix": "/5H15ZBZBRJLZ01QV.jpg"}, "homeCity": "Singapore", "contact": {"facebook": "647847026", "twitter": "harryew"}, "firstName": "Harry", "tips": {"count": 2}, "gender": "male", "lastName": "Yew", "lists": {"groups": [{"count": 2, "type": "created", "items": []}]}, "bio": ""}, {"id": "8934789", "photo": {"prefix": "https://igx.4sqi.net/img/user/", "suffix": "/PIQ04BGK4P2EARD0.jpg"}, "homeCity": "Singapore", "contact": {"facebook": "745493307", "twitter": "irkandar"}, "firstName": "Faz", "tips": {"count": 5}, "gender": "male", "lastName": "Irkandar", "lists": {"groups": [{"count": 2, "type": "created", "items": []}]}, "bio": ""}, {"id": "1339539", "photo": {"prefix": "https://igx.4sqi.net/img/user/", "suffix": "/1339539-AIRJPNFKHLZSMUDJ.jpg"}, "homeCity": "Singapore", "contact": {"facebook": "556060268", "twitter": "ian_sg"}, "firstName": "Ian", "tips": {"count": 634}, "gender": "male", "lastName": "Thomtori", "lists": {"groups": [{"count": 5, "type": "created", "items": []}]}, "bio": "Food enthusiast & gym rat. Be my Fren n follow me. Talk to me at Instagram & Tumblr: THOMTORI & Line:THOMTORITORI"}, {"id": "1390223", "photo": {"prefix": "https://igx.4sqi.net/img/user/", "suffix": "/1390223-VSQSQTGOUMTAZOST.jpg"}, "homeCity": "Malaysia", "contact": {"facebook": "580617283"}, "firstName": "nate", "tips": {"count": 0}, "gender": "male", "lastName": "wg", "lists": {"groups": [{"count": 2, "type": "created", "items": []}]}, "bio": ""}, {"id": "240042", "photo": {"prefix": "https://igx.4sqi.net/img/user/", "suffix": "/F5RS2RNV35K2B4MT.png"}, "homeCity": "Singapore", "contact": {"facebook": "660587852", "twitter": "ellcrius"}, "firstName": "AJ", "tips": {"count": 0}, "gender": "male", "lastName": "Khoo", "lists": {"groups": [{"count": 3, "type": "created", "items": []}]}, "bio": ""}, {"id": "5465987", "photo": {"prefix": "https://igx.4sqi.net/img/user/", "suffix": "/-3DGRFH12ZMMYPZCQ.jpg"}, "homeCity": "Jakarta, Indonesia", "contact": {"facebook": "1029356504", "twitter": "ogiex86"}, "firstName": "Ogie'x", "tips": {"count": 0}, "gender": "male", "lastName": "Manurung", "lists": {"groups": [{"count": 2, "type": "created", "items": []}]}, "bio": "Executive Graphic Desainer @REVLONid - The Tempo Group (22CD5EB6)"}, {"id": "1623907", "photo": {"prefix": "https://igx.4sqi.net/img/user/", "suffix": "/1623907-OGDEHMJJOCV5RB0D.jpg"}, "homeCity": "Singapore", "contact": {"facebook": "626871562", "twitter": "zkydennis"}, "firstName": "zky dennis", "tips": {"count": 4}, "gender": "male", "lastName": "sim", "lists": {"groups": [{"count": 2, "type": "created", "items": []}]}, "bio": ""}, {"id": "4028002", "photo": {"prefix": "https://igx.4sqi.net/img/user/", "suffix": "/QQVE4L0JV4V23FV0.jpg"}, "homeCity": "New York, NY", "contact": {"facebook": "515856954", "twitter": "arsasouthafrica"}, "firstName": "AIDS Ride", "tips": {"count": 1}, "gender": "male", "lastName": "South Africa", "lists": {"groups": [{"count": 2, "type": "created", "items": []}]}, "bio": ""}, {"id": "452490", "photo": {"prefix": "https://igx.4sqi.net/img/user/", "suffix": "/JT04PRHCGAHCMVIA.jpg"}, "homeCity": "Singapore", "contact": {}, "firstName": "Wilsurn", "tips": {"count": 0}, "gender": "male", "lastName": "Lim", "lists": {"groups": [{"count": 2, "type": "created", "items": []}]}, "bio": ""}, {"id": "182057", "photo": {"prefix": "https://igx.4sqi.net/img/user/", "suffix": "/USW3X2UE0JZBZHKH.jpg"}, "homeCity": "Singapore", "contact": {"facebook": "734974026", "twitter": "mhisham"}, "firstName": "hisham", "tips": {"count": 25}, "gender": "male", "lastName": "mohd", "lists": {"groups": [{"count": 2, "type": "created", "items": []}]}, "bio": ""}, {"id": "648821", "photo": {"prefix": "https://igx.4sqi.net/img/user/", "suffix": "/VLDNVEI2WUBTZ3T5.jpg"}, "homeCity": "Singapore", "contact": {"facebook": "705877818", "twitter": "taurus1966"}, "firstName": "Terence", "tips": {"count": 2}, "gender": "male", "lastName": "T", "lists": {"groups": [{"count": 2, "type": "created", "items": []}]}, "bio": ""}, {"id": "319153", "photo": {"prefix": "https://igx.4sqi.net/img/user/", "suffix": "/MW2TYWBVNPZMI15H.jpg"}, "homeCity": "Hougang, Singapore", "contact": {"facebook": "10152867731012569", "twitter": "mousez72"}, "firstName": "Dave", "tips": {"count": 8}, "gender": "male", "lastName": "Mousez", "lists": {"groups": [{"count": 3, "type": "created", "items": []}]}, "bio": ""}, {"id": "15184823", "photo": {"prefix": "https://igx.4sqi.net/img/user/", "suffix": "/15184823-ANN5KM1FBEQOKQ1Z.jpg"}, "homeCity": "Bandung, Indonesia", "contact": {"facebook": "1361463232", "twitter": "ndyz_ir"}, "firstName": "Hendy", "tips": {"count": 1}, "gender": "male", "lastName": "Ir", "lists": {"groups": [{"count": 2, "type": "created", "items": []}]}, "bio": "Ordinary boy || Singer || Love Jesus || Cancer boy || twitter : @Ndyz_Ir || skype : ndyz_ir || instagram : ndyzir"}, {"id": "145865", "photo": {"prefix": "https://igx.4sqi.net/img/user/", "suffix": "/145865-IGJKWPLVEUVROORI.jpg"}, "homeCity": "London", "contact": {"facebook": "500919797", "twitter": "japhun"}, "firstName": "Jonathan", "tips": {"count": 16}, "gender": "male", "lastName": "Arrowood", "lists": {"groups": [{"count": 2, "type": "created", "items": []}]}, "bio": ""}, {"id": "719166", "photo": {"prefix": "https://igx.4sqi.net/img/user/", "suffix": "/719166-LT4AA2MCJMOYWBXT.jpg"}, "homeCity": "Singapore", "contact": {"facebook": "100002109063295", "twitter": "dslovenski"}, "firstName": "Faizal", "tips": {"count": 0}, "gender": "male", "lastName": "Pahmee", "lists": {"groups": [{"count": 2, "type": "created", "items": []}]}, "bio": ""}, {"id": "781800", "photo": {"prefix": "https://igx.4sqi.net/img/user/", "suffix": "/781800_5hvD3QMS_2TEL13a6NNZEwj4lDhnStfTM6ltk69vLVhXRCVuq2k0ksP6lVPjAZ1NRQpWdTF5l.jpg"}, "homeCity": "New Zealand", "contact": {}, "firstName": "Ken", "tips": {"count": 7}, "gender": "male", "lastName": "Chin", "lists": {"groups": [{"count": 2, "type": "created", "items": []}]}, "bio": "Just a wanderer"}, {"id": "226400", "photo": {"prefix": "https://igx.4sqi.net/img/user/", "suffix": "/UVQMMWS132KVLPG5.jpg"}, "homeCity": "Singapore", "contact": {"facebook": "534220806", "twitter": "ding_a_dang"}, "firstName": "Alex", "tips": {"count": 2}, "gender": "male", "lastName": "Goh", "lists": {"groups": [{"count": 2, "type": "created", "items": []}]}, "bio": ""}, {"id": "2096574", "photo": {"prefix": "https://igx.4sqi.net/img/user/", "suffix": "/QUP501HVM4PIQHLO.jpg"}, "homeCity": "Petaling Jaya, Malaysia", "contact": {"facebook": "538561262", "twitter": "jefferyseow"}, "firstName": "Jeffery", "tips": {"count": 9}, "gender": "male", "lastName": "Seow", "lists": {"groups": [{"count": 2, "type": "created", "items": []}]}, "bio": ""}, {"id": "168674", "photo": {"prefix": "https://igx.4sqi.net/img/user/", "suffix": "/RR31Y3DQ3LZSFZ3M.jpg"}, "homeCity": "Singapore", "contact": {"facebook": "545400983", "twitter": "fonsus"}, "firstName": "Alphonsus", "tips": {"count": 68}, "superuser": 1, "gender": "male", "lastName": "Lee", "lists": {"groups": [{"count": 5, "type": "created", "items": []}]}, "bio": ""}, {"id": "2148890", "photo": {"prefix": "https://igx.4sqi.net/img/user/", "suffix": "/CFLZ4QUU2N033UV0.jpg"}, "homeCity": "Singapore", "contact": {"facebook": "564341256", "twitter": "meowmeowtan"}, "firstName": "Melvin", "tips": {"count": 0}, "gender": "male", "lastName": "Tan", "lists": {"groups": [{"count": 2, "type": "created", "items": []}]}, "bio": ""}, {"id": "1360837", "photo": {"prefix": "https://igx.4sqi.net/img/user/", "suffix": "/1Z3GQFICR1BOSGQL.jpg"}, "homeCity": "Singapore", "contact": {"twitter": "izackchan"}, "firstName": "Isaac", "tips": {"count": 5}, "gender": "male", "lastName": "Chan", "lists": {"groups": [{"count": 2, "type": "created", "items": []}]}, "bio": ""}, {"id": "29931182", "photo": {"prefix": "https://igx.4sqi.net/img/user/", "suffix": "/0QJJ04GIWDULZWTK.jpg"}, "homeCity": "Singapore", "contact": {"facebook": "1202444531", "twitter": "m3rlin_ccc"}, "firstName": "Merlin", "tips": {"count": 2}, "gender": "male", "lastName": "Kun", "lists": {"groups": [{"count": 3, "type": "created", "items": []}]}, "bio": "Quirky but sentimental. Likes to be left alone or with a small group of close friends. Enjoys arts and design."}, {"id": "4776478", "photo": {"prefix": "https://igx.4sqi.net/img/user/", "suffix": "/4776478-Y2JXIW531CKKKJ4N.jpg"}, "homeCity": "Malaysia", "contact": {"twitter": "howard_loh"}, "firstName": "Howard", "tips": {"count": 0}, "gender": "male", "lastName": "Loh", "lists": {"groups": [{"count": 2, "type": "created", "items": []}]}, "bio": ""}, {"id": "278978", "photo": {"prefix": "https://igx.4sqi.net/img/user/", "suffix": "/278978-12FOWW0A3SZDORA1.jpg"}, "homeCity": "City, Singapore", "contact": {"facebook": "893365175", "twitter": "musxzart"}, "firstName": "Musxzart", "tips": {"count": 4}, "gender": "male", "lists": {"groups": [{"count": 3, "type": "created", "items": []}]}, "bio": ""}, {"id": "35909847", "photo": {"prefix": "https://igx.4sqi.net/img/user/", "suffix": "/AZYI3DWINKBCF0TA.jpg"}, "homeCity": "Jakarta Raya", "contact": {"facebook": "807071543"}, "firstName": "Liu", "tips": {"count": 2}, "gender": "male", "lastName": "Wei Jie", "lists": {"groups": [{"count": 2, "type": "created", "items": []}]}, "bio": ""}, {"id": "373962", "photo": {"prefix": "https://igx.4sqi.net/img/user/", "suffix": "/373962-OOQ1A0JHJGVFRUIW.jpg"}, "homeCity": "Woodlands, Singapore", "contact": {"facebook": "737521833", "twitter": "draconeel"}, "firstName": "Dhaslie", "tips": {"count": 2}, "gender": "male", "lastName": "Chong", "lists": {"groups": [{"count": 2, "type": "created", "items": []}]}, "bio": ""}, {"id": "12906093", "photo": {"prefix": "https://igx.4sqi.net/img/user/", "suffix": "/KYCTHPPOAO5X44ZJ.jpg"}, "homeCity": "Singapore", "contact": {}, "firstName": "Henry", "tips": {"count": 0}, "gender": "male", "lastName": "L", "lists": {"groups": [{"count": 2, "type": "created", "items": []}]}, "bio": ""}, {"id": "6569784", "photo": {"prefix": "https://igx.4sqi.net/img/user/", "suffix": "/6569784-HT3Y0IGVOQQVNH13.jpg"}, "homeCity": "Kuala Lumpur, Malaysia", "contact": {"facebook": "589310002"}, "firstName": "Tom", "tips": {"count": 0}, "gender": "male", "lastName": "Bentley", "lists": {"groups": [{"count": 2, "type": "created", "items": []}]}, "bio": ""}, {"id": "13297462", "photo": {"prefix": "https://igx.4sqi.net/img/user/", "suffix": "/GT3CQRHEXZUE3YCI.jpg"}, "homeCity": "Georgetown,Pulau Pinang, Malaysia", "contact": {"facebook": "100001904873407"}, "firstName": "Jonathan", "tips": {"count": 0}, "gender": "male", "lastName": "Hon", "lists": {"groups": [{"count": 3, "type": "created", "items": []}]}, "bio": ""}, {"id": "252959", "photo": {"prefix": "https://igx.4sqi.net/img/user/", "suffix": "/252959_BMTdW-DJ_QwUSeKtHXIm9qRyakOyyt7FvSMCfwv_M6awmD-dD4nwKeW8cUJwY4qAf2ZYNRKP1.jpg"}, "homeCity": "Jurong East, Singapore", "contact": {"facebook": "687930427", "twitter": "berdleychoong"}, "firstName": "Berdley", "tips": {"count": 1}, "superuser": 2, "gender": "male", "lastName": "Choong", "lists": {"groups": [{"count": 2, "type": "created", "items": []}]}, "bio": "instagram.com/berdleychoong\n\nMANHUNT SINGAPORE 2017 \u2022 Finalist S5"}, {"id": "5467040", "photo": {"prefix": "https://igx.4sqi.net/img/user/", "suffix": "/KK0JTJSQIZLXOYU3.jpg"}, "homeCity": "Quezon City, Philippines", "contact": {"facebook": "1818813717", "twitter": "kayowayo"}, "firstName": "Karlito", "tips": {"count": 0}, "gender": "male", "lastName": "D.", "lists": {"groups": [{"count": 2, "type": "created", "items": []}]}, "bio": ""}, {"id": "2192004", "photo": {"prefix": "https://igx.4sqi.net/img/user/", "suffix": "/PTGUYJ50WGUBA5Y1.jpg"}, "homeCity": "Petaling Jaya, Selangor", "contact": {"facebook": "761439731"}, "firstName": "Kent", "tips": {"count": 12}, "gender": "male", "lists": {"groups": [{"count": 2, "type": "created", "items": []}]}, "bio": ""}, {"id": "5191486", "photo": {"prefix": "https://igx.4sqi.net/img/user/", "suffix": "/5191486_wBHbtdcx_y_DMPuv29_9vuImbtB13wgmsMGhNFsBb5GLkvoDEFTgNOujRGMbJ7Ma3oTDnd-1s.jpg"}, "homeCity": "Kuala Lumpur, Malaysia", "contact": {"facebook": "199704479"}, "firstName": "Douglas", "tips": {"count": 51}, "superuser": 2, "gender": "male", "lastName": "Tan", "lists": {"groups": [{"count": 2, "type": "created", "items": []}]}, "bio": ""}, {"id": "2493750", "photo": {"prefix": "https://igx.4sqi.net/img/user/", "suffix": "/Y2JGSMPJ21HBIWYA.jpg"}, "homeCity": "Singapore", "contact": {"facebook": "635041140", "twitter": "domozac"}, "firstName": "Isaac", "tips": {"count": 1}, "gender": "male", "lastName": "Lim", "lists": {"groups": [{"count": 2, "type": "created", "items": []}]}, "bio": ""}, {"id": "299080", "photo": {"prefix": "https://igx.4sqi.net/img/user/", "suffix": "/2KVTO2QN4U3QIRTG.jpg"}, "homeCity": "Singapore", "contact": {"facebook": "1778090080", "twitter": "mrkoonz"}, "firstName": "Koon", "tips": {"count": 2}, "gender": "male", "lastName": "Jin", "lists": {"groups": [{"count": 2, "type": "created", "items": []}]}, "bio": ""}, {"id": "1745792", "photo": {"prefix": "https://igx.4sqi.net/img/user/", "suffix": "/ANRI4ZWHKXEKW2NR.jpg"}, "homeCity": "Singapore", "contact": {"facebook": "1015671933"}, "firstName": "Chan", "tips": {"count": 2}, "gender": "male", "lastName": "Yew choong", "lists": {"groups": [{"count": 2, "type": "created", "items": []}]}, "bio": ""}, {"id": "339566", "photo": {"prefix": "https://igx.4sqi.net/img/user/", "suffix": "/339566-UXUHDYWBWSRZTE4B.jpg"}, "homeCity": "Singapore,", "contact": {}, "firstName": "R", "tips": {"count": 39}, "gender": "male", "lastName": "Lee", "lists": {"groups": [{"count": 29, "type": "created", "items": []}]}, "bio": ""}, {"id": "22407965", "photo": {"prefix": "https://igx.4sqi.net/img/user/", "default": true, "suffix": "/blank_boy.png"}, "homeCity": "New York, NY", "contact": {"facebook": "563645750"}, "firstName": "Aric", "tips": {"count": 0}, "gender": "male", "lastName": "Lee", "lists": {"groups": [{"count": 2, "type": "created", "items": []}]}, "bio": ""}, {"id": "485844", "photo": {"prefix": "https://igx.4sqi.net/img/user/", "suffix": "/0RN5IFUADZ1N3DKC.jpg"}, "homeCity": "Singapore", "contact": {"facebook": "779148412", "twitter": "zeemonsterfizz"}, "firstName": "H\u2206FIZ", "tips": {"count": 7}, "gender": "male", "lastName": "H\u2206N\u2206FI", "lists": {"groups": [{"count": 2, "type": "created", "items": []}]}, "bio": "\u24e9\u24de\u24dc\u24d1\u24d8\u24d4\u24d5\u24d8\u24e9\u24e9"}, {"id": "4860323", "photo": {"prefix": "https://igx.4sqi.net/img/user/", "suffix": "/4860323-ZV0NQZTFES1OQ5PF"}, "homeCity": "Singapore", "contact": {"twitter": "water_sapien"}, "firstName": "sarah", "tips": {"count": 0}, "gender": "female", "lastName": "p", "lists": {"groups": [{"count": 2, "type": "created", "items": []}]}, "bio": ""}, {"id": "887160", "photo": {"prefix": "https://igx.4sqi.net/img/user/", "suffix": "/GWI0B3GSSZ0R1OLH.jpg"}, "homeCity": ", \u4e2d\u56fd", "contact": {"facebook": "518485513"}, "firstName": "J", "tips": {"count": 7}, "gender": "male", "lastName": "G", "lists": {"groups": [{"count": 2, "type": "created", "items": []}]}, "bio": ""}, {"id": "2551990", "photo": {"prefix": "https://igx.4sqi.net/img/user/", "suffix": "/HGHSCE3TN0NXPGO2.jpg"}, "homeCity": "Singapore", "contact": {"facebook": "674357756", "twitter": "jazpster"}, "firstName": "Jasper", "tips": {"count": 29}, "gender": "male", "lastName": "Six&Seven", "lists": {"groups": [{"count": 2, "type": "created", "items": []}]}, "bio": "http://six-and-seven.com/"}, {"id": "32148067", "photo": {"prefix": "https://igx.4sqi.net/img/user/", "suffix": "/2DHMG545LUNQGMIV.jpg"}, "homeCity": "Singapore, Singapore", "contact": {}, "firstName": "Tristan", "tips": {"count": 1}, "gender": "male", "lastName": "Chen", "lists": {"groups": [{"count": 2, "type": "created", "items": []}]}, "bio": ""}, {"id": "10985425", "photo": {"prefix": "https://igx.4sqi.net/img/user/", "suffix": "/P0DSVXS00NUMQ1QR.jpg"}, "homeCity": "Darlinghurst, Australia", "contact": {"facebook": "664310035"}, "firstName": "Paul", "tips": {"count": 0}, "gender": "male", "lastName": "Soper", "lists": {"groups": [{"count": 2, "type": "created", "items": []}]}, "bio": ""}, {"id": "2166526", "photo": {"prefix": "https://igx.4sqi.net/img/user/", "suffix": "/2166526-G3C1RG55E3HA5JUS.jpg"}, "homeCity": "Singapore", "contact": {"facebook": "599254684", "twitter": "kelvinhong87"}, "firstName": "Kelvin", "tips": {"count": 7}, "gender": "male", "lastName": "Ang", "lists": {"groups": [{"count": 2, "type": "created", "items": []}]}, "bio": ""}, {"id": "57818555", "photo": {"prefix": "https://igx.4sqi.net/img/user/", "default": true, "suffix": "/blank_boy.png"}, "homeCity": "Ho Chi Minh City, Vietnam", "contact": {"facebook": "100000881494640"}, "firstName": "Tran Huu", "tips": {"count": 0}, "gender": "male", "lastName": "Khang", "lists": {"groups": [{"count": 2, "type": "created", "items": []}]}, "bio": ""}, {"id": "49952764", "photo": {"prefix": "https://igx.4sqi.net/img/user/", "suffix": "/FMDKWLX053AH2Y2J.jpg"}, "homeCity": "Kuala Lumpur, Malaysia", "contact": {"facebook": "1647489532"}, "firstName": "Elgon", "tips": {"count": 1}, "gender": "male", "lastName": "Chan", "lists": {"groups": [{"count": 2, "type": "created", "items": []}]}, "bio": ""}, {"id": "9984594", "photo": {"prefix": "https://igx.4sqi.net/img/user/", "suffix": "/9984594-5YRFIT4PGYDTOSFU.jpg"}, "homeCity": "Marikina, Philippines", "contact": {"facebook": "1508480320", "twitter": "kenneth_vs"}, "firstName": "Kenneth", "tips": {"count": 1}, "gender": "male", "lastName": "S.", "lists": {"groups": [{"count": 2, "type": "created", "items": []}]}, "bio": "Instagram: kennethvs"}, {"id": "286550", "photo": {"prefix": "https://igx.4sqi.net/img/user/", "suffix": "/IOIMOQ43FVKDMXJS.jpg"}, "homeCity": "Melbourne, Australia", "contact": {"facebook": "10152444224001782", "twitter": "mirantz"}, "firstName": "Edgar", "tips": {"count": 13}, "gender": "male", "lastName": "MiRaNtZ", "lists": {"groups": [{"count": 2, "type": "created", "items": []}]}, "bio": ""}, {"id": "35986132", "photo": {"prefix": "https://igx.4sqi.net/img/user/", "suffix": "/GP52ZWOKTQZMFJL2.jpg"}, "homeCity": "Manila, Philippines", "contact": {"twitter": "kai3mate"}, "firstName": "KAI", "tips": {"count": 1}, "gender": "male", "lists": {"groups": [{"count": 2, "type": "created", "items": []}]}, "bio": ""}, {"id": "6619323", "photo": {"prefix": "https://igx.4sqi.net/img/user/", "suffix": "/KIWIJVXW1UKDSD1Q.jpg"}, "homeCity": "\u0e2d\u0e48\u0e32\u0e27\u0e19\u0e32\u0e07, \u0e1b\u0e23\u0e30\u0e40\u0e17\u0e28\u0e44\u0e17\u0e22", "contact": {"facebook": "752971037", "twitter": "williechan"}, "firstName": "Willie", "tips": {"count": 20}, "gender": "male", "lastName": "Chan", "lists": {"groups": [{"count": 2, "type": "created", "items": []}]}, "bio": ""}, {"id": "17046466", "photo": {"prefix": "https://igx.4sqi.net/img/user/", "suffix": "/17046466-WFZ1FGFX14W5VVWT.jpg"}, "homeCity": "Jakarta, DKI Jakarta", "contact": {}, "firstName": "Calvin Taslim", "tips": {"count": 2}, "gender": "male", "lists": {"groups": [{"count": 2, "type": "created", "items": []}]}, "bio": "Follow my IG : calvin.taslim\nMy Line : calvintaslim"}, {"id": "8077449", "photo": {"prefix": "https://igx.4sqi.net/img/user/", "suffix": "/5EG12RNIJBRLBTPB.jpg"}, "homeCity": "Singapore", "contact": {"twitter": "samtjw"}, "firstName": "Sam", "tips": {"count": 2}, "gender": "male", "lastName": "Tan", "lists": {"groups": [{"count": 2, "type": "created", "items": []}]}, "bio": ""}, {"id": "35021417", "photo": {"prefix": "https://igx.4sqi.net/img/user/", "suffix": "/KGCN3UYS0J3X2SMU.jpg"}, "homeCity": "seremban/kuala lumpur", "contact": {"facebook": "100001022830163"}, "firstName": "Adonis", "tips": {"count": 4}, "gender": "male", "lastName": "yyk", "lists": {"groups": [{"count": 2, "type": "created", "items": []}]}, "bio": "A music lover,dreamer,music teacher,singer and a crazy person^^ Haha~Oh yes!!!!! Im fat & ugly for some ppl I think~pls don't hate me :P"}, {"id": "254627", "photo": {"prefix": "https://igx.4sqi.net/img/user/", "suffix": "/2KUKTSRVV4HF1KF4.jpg"}, "homeCity": "Singapore", "contact": {"facebook": "595622587", "twitter": "miyagi"}, "firstName": "Benjamin", "tips": {"count": 22}, "gender": "male", "lastName": "Lee", "lists": {"groups": [{"count": 2, "type": "created", "items": []}]}, "bio": ""}, {"id": "5488199", "photo": {"prefix": "https://igx.4sqi.net/img/user/", "suffix": "/5488199_MsdfUNDx_KT3-vpc125uhf5PeZxDxWbfb-YNMMPiAVPyRUZ7oosb3RF6QDKce6FsfIEJFdcdR"}, "homeCity": "Hong Kong", "contact": {}, "firstName": "L", "tips": {"count": 4}, "gender": "male", "lastName": "S", "lists": {"groups": [{"count": 2, "type": "created", "items": []}]}, "bio": ""}, {"id": "2292644", "photo": {"prefix": "https://igx.4sqi.net/img/user/", "suffix": "/2292644-4CACTBJPXP4QQGZJ.jpg"}, "homeCity": "Tangerang, Banten", "contact": {"facebook": "1054747435", "twitter": "tengkuar"}, "firstName": "Tengku", "tips": {"count": 4}, "gender": "male", "lastName": "AR", "lists": {"groups": [{"count": 2, "type": "created", "items": []}]}, "bio": "Line: tengkuar"}, {"id": "19569177", "photo": {"prefix": "https://igx.4sqi.net/img/user/", "suffix": "/19569177-SYUPROCPRHZUZQ4L.jpg"}, "homeCity": "Singapore", "contact": {"twitter": "phoenix291080"}, "firstName": "Anastasia", "tips": {"count": 3}, "gender": "female", "lastName": "Fernandez", "lists": {"groups": [{"count": 2, "type": "created", "items": []}]}, "bio": ""}, {"id": "2875974", "photo": {"prefix": "https://igx.4sqi.net/img/user/", "suffix": "/HM4MLMFDXMCECUBO.jpg"}, "homeCity": "Malaysia", "contact": {"facebook": "10153892315893565", "twitter": "black_angel_jj"}, "firstName": "Jj", "tips": {"count": 2}, "gender": "male", "lastName": "Lim", "lists": {"groups": [{"count": 3, "type": "created", "items": []}]}, "bio": ""}, {"id": "311044", "photo": {"prefix": "https://igx.4sqi.net/img/user/", "suffix": "/2SYF1JMSMWFZEMGJ.jpg"}, "homeCity": "Singapore", "contact": {"facebook": "597695799", "twitter": "gary_goh"}, "firstName": "Gary", "tips": {"count": 17}, "gender": "male", "lastName": "Goh", "lists": {"groups": [{"count": 2, "type": "created", "items": []}]}, "bio": ""}, {"id": "4180376", "photo": {"prefix": "https://igx.4sqi.net/img/user/", "suffix": "/4180376-GKGKNQYHZQXNOIAY.jpg"}, "homeCity": "Batam, Indonesia", "contact": {"facebook": "100000738440610", "twitter": "noltesjunior"}, "firstName": "ROONEY", "tips": {"count": 10}, "gender": "male", "lastName": "NOLTES", "lists": {"groups": [{"count": 9, "type": "created", "items": []}]}, "bio": "Pin 2BAB1820"}, {"id": "340388", "photo": {"prefix": "https://igx.4sqi.net/img/user/", "suffix": "/340388-QPIPETYSPIZWEBFO.jpg"}, "homeCity": "Singapore", "contact": {"facebook": "625295658"}, "firstName": "Paul", "tips": {"count": 13}, "gender": "male", "lastName": "Lim", "lists": {"groups": [{"count": 2, "type": "created", "items": []}]}, "bio": ""}, {"id": "34555411", "photo": {"prefix": "https://igx.4sqi.net/img/user/", "suffix": "/U0I4GYZBXUJWK5VJ.jpg"}, "homeCity": "Singapore", "contact": {"facebook": "678123289", "twitter": "juniorchia"}, "firstName": "\ubaa8\ub450 \ub9c8\uc74c\uc73c\ub85c \uc8fc\ub2d8 \uc548\uc5d0\uc11c \ubbff\uc5b4", "tips": {"count": 0}, "gender": "male", "lists": {"groups": [{"count": 2, "type": "created", "items": []}]}, "bio": ""}, {"id": "537630", "photo": {"prefix": "https://igx.4sqi.net/img/user/", "suffix": "/TNWVH10WBZIM0ZTX.jpg"}, "homeCity": "Bukit Timah, Singapore", "contact": {"facebook": "500165405", "twitter": "infernoxv"}, "firstName": "Edward", "tips": {"count": 59}, "gender": "male", "lastName": "Yong", "lists": {"groups": [{"count": 9, "type": "created", "items": []}]}, "bio": ""}, {"id": "84567160", "photo": {"prefix": "https://igx.4sqi.net/img/user/", "suffix": "/84567160-ECCDYU01IBXWE04U.jpg"}, "homeCity": "Singapore, Singapore", "contact": {"facebook": "650262219"}, "firstName": "Brian", "tips": {"count": 0}, "gender": "male", "lastName": "NuXs", "lists": {"groups": [{"count": 2, "type": "created", "items": []}]}, "bio": ""}, {"id": "951918", "photo": {"prefix": "https://igx.4sqi.net/img/user/", "suffix": "/951918-VWBEGKRXHLYKNYQU.jpg"}, "homeCity": "Penang", "contact": {"facebook": "715112490"}, "firstName": "Alex", "tips": {"count": 20}, "gender": "male", "lastName": "Lau", "lists": {"groups": [{"count": 2, "type": "created", "items": []}]}, "bio": ""}, {"id": "2858300", "photo": {"prefix": "https://igx.4sqi.net/img/user/", "suffix": "/2858300-G1RGRCWPZCNH514J.jpg"}, "homeCity": "jakarta", "contact": {"facebook": "649675448", "twitter": "donaldkwek_kwek"}, "firstName": "Arief", "tips": {"count": 1}, "gender": "male", "lastName": "Praditya", "lists": {"groups": [{"count": 2, "type": "created", "items": []}]}, "bio": "Line: arditya86\r\nIg: arief86\nPath: Arief Anwar"}, {"id": "32501875", "photo": {"prefix": "https://igx.4sqi.net/img/user/", "suffix": "/MVOCLFIK0YU4BL5R.jpg"}, "homeCity": "Singapore, SG", "contact": {"facebook": "100000070395099", "twitter": "gpoovan"}, "firstName": "Poovan", "tips": {"count": 12}, "gender": "male", "lastName": "Devasagayam", "lists": {"groups": [{"count": 3, "type": "created", "items": []}]}, "bio": "Gold & Fabulous\r\nEco-Retailer, Social Media Crackerjack, & Musings. Avid Blogger #original #hdr \r\nwww.goldandfabulous.com \ud83c\udf40\r\nKik : gpoovan"}, {"id": "30557636", "photo": {"prefix": "https://igx.4sqi.net/img/user/", "suffix": "/30557636-AR12MTXUV2CNPIJW.jpg"}, "homeCity": "Surabaya, Sidoarjo, Jawa Timur", "contact": {"facebook": "100002349543766", "twitter": "agusricky2011"}, "firstName": "Agus Ricky", "tips": {"count": 0}, "gender": "male", "lastName": "Winariyanto", "lists": {"groups": [{"count": 2, "type": "created", "items": []}]}, "bio": "Whatsapp : +62818583336\r\nSkype : agusrickyw333\r\nTwitter : agusricky2011\r\nLine : agusrickyw"}, {"id": "24498049", "photo": {"prefix": "https://igx.4sqi.net/img/user/", "suffix": "/EERAKDIZJ1QUCOE0.jpg"}, "homeCity": "New York, NY", "contact": {}, "firstName": "Issac", "tips": {"count": 1}, "gender": "male", "lastName": "Ritz-t", "lists": {"groups": [{"count": 3, "type": "created", "items": []}]}, "bio": ""}, {"id": "66835309", "photo": {"prefix": "https://igx.4sqi.net/img/user/", "suffix": "/66835309-QFHRV2SPMDHCV0XP.jpg"}, "homeCity": "Jakarta selatan", "contact": {"facebook": "764753843"}, "firstName": "Dhany", "tips": {"count": 0}, "gender": "male", "lastName": "Syahdan", "lists": {"groups": [{"count": 2, "type": "created", "items": []}]}, "bio": "line : danissyahdan\r\nPin:74b295fe"}, {"id": "12447771", "photo": {"prefix": "https://igx.4sqi.net/img/user/", "suffix": "/12447771-NPJOU354OLCTC441.jpg"}, "homeCity": "Surabaya, Indonesia", "contact": {"facebook": "1582135323", "twitter": "donnie2412"}, "firstName": "Donnie", "tips": {"count": 0}, "gender": "male", "lastName": "Immanuel", "lists": {"groups": [{"count": 2, "type": "created", "items": []}]}, "bio": "I'm Blacksweet Boys | Pin 5174b3a2 |"}, {"id": "1195878", "photo": {"prefix": "https://igx.4sqi.net/img/user/", "suffix": "/TLN4NJPQXQMGOB3A.jpg"}, "homeCity": "Singapore", "contact": {"facebook": "10154942344695534", "twitter": "maarimekko"}, "firstName": "Asy'ari", "tips": {"count": 0}, "gender": "male", "lastName": "Asni", "lists": {"groups": [{"count": 2, "type": "created", "items": []}]}, "bio": ""}, {"id": "36313705", "photo": {"prefix": "https://igx.4sqi.net/img/user/", "suffix": "/J50ZX2RM2ERCKC1O.jpg"}, "homeCity": "Bangkok, Thailand ", "contact": {"facebook": "864110105"}, "firstName": "Qris", "tips": {"count": 0}, "gender": "male", "lastName": "Trotje", "lists": {"groups": [{"count": 2, "type": "created", "items": []}]}, "bio": ""}, {"id": "6633397", "photo": {"prefix": "https://igx.4sqi.net/img/user/", "suffix": "/RVIFVKWYQHL3NGNS.jpg"}, "homeCity": "Singapore", "contact": {"facebook": "10153358452656024", "twitter": "werdna_88"}, "firstName": "Andrew", "tips": {"count": 0}, "gender": "male", "lastName": "Liang", "lists": {"groups": [{"count": 2, "type": "created", "items": []}]}, "bio": ""}, {"id": "17421188", "photo": {"prefix": "https://igx.4sqi.net/img/user/", "suffix": "/QRMW0ILGCZWUAVKB.jpg"}, "homeCity": "Singapore", "contact": {"facebook": "610348166", "twitter": "jonbogs"}, "firstName": "Roe", "tips": {"count": 5}, "gender": "male", "lists": {"groups": [{"count": 2, "type": "created", "items": []}]}, "bio": ""}, {"id": "10147956", "photo": {"prefix": "https://igx.4sqi.net/img/user/", "suffix": "/ABFGH2XSUIEYDFZZ.jpg"}, "homeCity": "Unnamed Location", "contact": {}, "firstName": "D", "tips": {"count": 0}, "gender": "male", "lastName": "K", "lists": {"groups": [{"count": 2, "type": "created", "items": []}]}, "bio": ""}, {"id": "39948611", "photo": {"prefix": "https://igx.4sqi.net/img/user/", "suffix": "/39948611-NBDWZGEL2KPCOPGR.jpg"}, "homeCity": "Johor", "contact": {"facebook": "100000674927029", "twitter": "arvinteo"}, "firstName": "Arvin", "tips": {"count": 0}, "gender": "male", "lastName": "Teo", "lists": {"groups": [{"count": 2, "type": "created", "items": []}]}, "bio": ""}, {"id": "1435809", "photo": {"prefix": "https://igx.4sqi.net/img/user/", "suffix": "/XOSYZCLAAGNBQ1NP.jpg"}, "homeCity": "Bedok, Singapore", "contact": {"facebook": "624342526", "twitter": "mrjunyu"}, "firstName": "Spencer", "tips": {"count": 10}, "gender": "male", "lastName": "Chua", "lists": {"groups": [{"count": 4, "type": "created", "items": []}]}, "bio": "Kiss!"}, {"id": "5506465", "photo": {"prefix": "https://igx.4sqi.net/img/user/", "suffix": "/FUZOBMGXFQSMPLGK.jpg"}, "homeCity": "Bangkok, Thailand", "contact": {"facebook": "600131308", "twitter": "wallacewang"}, "firstName": "Wallace", "tips": {"count": 17}, "gender": "male", "lastName": "Wang", "lists": {"groups": [{"count": 2, "type": "created", "items": []}]}, "bio": ""}, {"id": "3356798", "photo": {"prefix": "https://igx.4sqi.net/img/user/", "suffix": "/IPI50RPCDBGRA1SK.jpg"}, "homeCity": "Singapore", "contact": {"facebook": "1164963975"}, "firstName": "Daryl", "tips": {"count": 1}, "gender": "male", "lastName": "Ong", "lists": {"groups": [{"count": 2, "type": "created", "items": []}]}, "bio": ""}, {"id": "35137231", "photo": {"prefix": "https://igx.4sqi.net/img/user/", "suffix": "/AELW3XDASBE3GV32.jpg"}, "homeCity": "Victoria", "contact": {"facebook": "812490110"}, "firstName": "Leighton", "tips": {"count": 0}, "gender": "male", "lastName": "Cheng", "lists": {"groups": [{"count": 2, "type": "created", "items": []}]}, "bio": ""}, {"id": "2897545", "photo": {"prefix": "https://igx.4sqi.net/img/user/", "suffix": "/2897545-MMDDPDLU3VO4OVR5.jpg"}, "homeCity": "Singapore", "contact": {"facebook": "10153047100669705", "twitter": "shawn_ong"}, "firstName": "Shawn", "tips": {"count": 2}, "gender": "male", "lastName": "Ong", "lists": {"groups": [{"count": 2, "type": "created", "items": []}]}, "bio": ""}, {"id": "5353572", "photo": {"prefix": "https://igx.4sqi.net/img/user/", "suffix": "/3V3KT034M3VU3OWD.jpg"}, "homeCity": "Singapore", "contact": {}, "firstName": "Shaoann", "tips": {"count": 55}, "superuser": 2, "gender": "male", "lastName": "Yo", "lists": {"groups": [{"count": 2, "type": "created", "items": []}]}, "bio": ""}, {"id": "377798", "photo": {"prefix": "https://igx.4sqi.net/img/user/", "suffix": "/RS1WKYRAY4N1Q24Z.jpg"}, "homeCity": "Yishun, Singapore", "contact": {}, "firstName": "Bento", "tips": {"count": 6}, "gender": "male", "lastName": "Set", "lists": {"groups": [{"count": 2, "type": "created", "items": []}]}, "bio": ""}, {"id": "73372042", "photo": {"prefix": "https://igx.4sqi.net/img/user/", "suffix": "/73372042-Z4JS3BUVDSVPS31P.jpg"}, "homeCity": "Kuta Bali", "contact": {"facebook": "792109356"}, "firstName": "Adjie", "tips": {"count": 0}, "gender": "male", "lastName": "Abimantra", "lists": {"groups": [{"count": 2, "type": "created", "items": []}]}, "bio": ""}, {"id": "814148", "photo": {"prefix": "https://igx.4sqi.net/img/user/", "suffix": "/DZZIQJLTTENI05DZ.jpg"}, "homeCity": "Singapore", "contact": {"facebook": "641832189", "twitter": "cephas0618"}, "firstName": "Nicholas", "tips": {"count": 1}, "gender": "male", "lastName": "Cheong", "lists": {"groups": [{"count": 2, "type": "created", "items": []}]}, "bio": ""}, {"id": "87432330", "photo": {"prefix": "https://igx.4sqi.net/img/user/", "suffix": "/87432330-EXKDLMGRSV1JQV30.jpg"}, "homeCity": "Singapore", "contact": {"facebook": "888295594"}, "firstName": "Ricky Law", "tips": {"count": 0}, "gender": "male", "lastName": "Manlok", "lists": {"groups": [{"count": 2, "type": "created", "items": []}]}, "bio": ""}, {"id": "1021242", "photo": {"prefix": "https://igx.4sqi.net/img/user/", "suffix": "/1021242_hSMjpIYB_cjIuY4b9VgmV-cxWp0jupJY6RxOH7NS_yTbAPIujX2RiT-3fqhziQfOtFPjUCcOU.jpg"}, "homeCity": "Bandung, West Java, Indonesia", "contact": {"facebook": "10153545388673075", "twitter": "tonie0325"}, "firstName": "Tonie", "tips": {"count": 2}, "gender": "male", "lastName": "\u30d1\u30e9\u30d1\u30e9", "lists": {"groups": [{"count": 2, "type": "created", "items": []}]}, "bio": "33 years of being AWESOME!"}, {"id": "3184626", "photo": {"prefix": "https://igx.4sqi.net/img/user/", "suffix": "/3184626-IHCRQDKTMSZ0RQ5C.jpg"}, "homeCity": "Jakarta, Indonesia", "contact": {"twitter": "bie_buana_putra"}, "firstName": "PuTRa", "tips": {"count": 3}, "gender": "male", "lastName": "BuaNa Rhinehardt", "lists": {"groups": [{"count": 2, "type": "created", "items": []}]}, "bio": "pin:23ba9ce7"}, {"id": "33695111", "photo": {"prefix": "https://igx.4sqi.net/img/user/", "suffix": "/YRRYI4QTBJ2FUA05.jpg"}, "homeCity": "PJ,Selangor Malaysia", "contact": {"facebook": "568178321"}, "firstName": "Chris", "tips": {"count": 0}, "gender": "male", "lastName": "Chan", "lists": {"groups": [{"count": 2, "type": "created", "items": []}]}, "bio": ""}, {"id": "52113234", "photo": {"prefix": "https://igx.4sqi.net/img/user/", "suffix": "/SS2YGQJV3TDGGD5O.jpg"}, "homeCity": "Singapore, 00", "contact": {"facebook": "100001899176715"}, "firstName": "Yusa", "tips": {"count": 0}, "gender": "male", "lastName": "Zhuang", "lists": {"groups": [{"count": 2, "type": "created", "items": []}]}, "bio": ""}, {"id": "68494078", "photo": {"prefix": "https://igx.4sqi.net/img/user/", "suffix": "/68494078-NHBKD5LSOFGTEMJP.jpg"}, "homeCity": "Singapore", "contact": {"facebook": "659793405"}, "firstName": "Hafiez", "tips": {"count": 1}, "gender": "male", "lastName": "Daniel", "lists": {"groups": [{"count": 2, "type": "created", "items": []}]}, "bio": ""}, {"id": "12471710", "photo": {"prefix": "https://igx.4sqi.net/img/user/", "suffix": "/12471710-RLG2IESOMQTWIA4E.jpg"}, "homeCity": "Ipoh, Malaysia", "contact": {"facebook": "1210094179007072", "twitter": "fishmeatdie"}, "firstName": "Eros", "tips": {"count": 1}, "gender": "male", "lastName": "Si", "lists": {"groups": [{"count": 3, "type": "created", "items": []}]}, "bio": ""}, {"id": "6831934", "photo": {"prefix": "https://igx.4sqi.net/img/user/", "suffix": "/2BMVPXI33GVTH0K5.jpg"}, "homeCity": "Singapore", "contact": {"facebook": "546643541", "twitter": "_jonnii"}, "firstName": "Jonathan", "tips": {"count": 0}, "gender": "male", "lastName": "Leong", "lists": {"groups": [{"count": 2, "type": "created", "items": []}]}, "bio": ""}, {"id": "36619823", "photo": {"prefix": "https://igx.4sqi.net/img/user/", "suffix": "/SJ31GIU3GY4V3PQQ.jpg"}, "homeCity": "Singapore", "contact": {"facebook": "762787782"}, "firstName": "Aaron", "tips": {"count": 0}, "gender": "male", "lastName": "Phua", "lists": {"groups": [{"count": 2, "type": "created", "items": []}]}, "bio": ""}, {"id": "22537451", "photo": {"prefix": "https://igx.4sqi.net/img/user/", "suffix": "/LZED2N5FSBADOUX2.jpg"}, "homeCity": "Singapore", "contact": {"facebook": "597330743", "twitter": "brianchant"}, "firstName": "Brian", "tips": {"count": 1}, "gender": "male", "lastName": "Chant", "lists": {"groups": [{"count": 2, "type": "created", "items": []}]}, "bio": ""}, {"id": "19160883", "photo": {"prefix": "https://igx.4sqi.net/img/user/", "suffix": "/UPZEIMQT5L3SLLZS.jpg"}, "homeCity": "Singapore", "contact": {"facebook": "611439213"}, "firstName": "Tommy", "tips": {"count": 0}, "gender": "male", "lastName": "Lee", "lists": {"groups": [{"count": 3, "type": "created", "items": []}]}, "bio": ""}, {"id": "10153974", "photo": {"prefix": "https://igx.4sqi.net/img/user/", "suffix": "/TCUC5KNQBS2YGAVL.jpg"}, "homeCity": "\u0e01\u0e23\u0e38\u0e07\u0e40\u0e17\u0e1e\u0e21\u0e2b\u0e32\u0e19\u0e04\u0e23, \u0e1b\u0e23\u0e30\u0e40\u0e17\u0e28\u0e44\u0e17\u0e22", "contact": {"facebook": "537398026", "twitter": "bas530"}, "firstName": "\ue10e AmBoeing", "tips": {"count": 1}, "gender": "male", "lastName": "\ue04e Angel \ue04e", "lists": {"groups": [{"count": 2, "type": "created", "items": []}]}, "bio": ""}, {"id": "22588656", "photo": {"prefix": "https://igx.4sqi.net/img/user/", "suffix": "/Z4QJZTXLXHB43SCB.jpg"}, "homeCity": "Singapore", "contact": {}, "firstName": "Moses", "tips": {"count": 2}, "gender": "male", "lastName": "Hng", "lists": {"groups": [{"count": 2, "type": "created", "items": []}]}, "bio": ""}, {"id": "5563004", "photo": {"prefix": "https://igx.4sqi.net/img/user/", "suffix": "/E3ARL3KLRCKIW253.jpg"}, "homeCity": "Singapore", "contact": {}, "firstName": "Philip Christon", "tips": {"count": 0}, "gender": "male", "lastName": "Phoon", "lists": {"groups": [{"count": 2, "type": "created", "items": []}]}, "bio": ""}, {"id": "3588235", "photo": {"prefix": "https://igx.4sqi.net/img/user/", "suffix": "/3588235-11ADFGLEHFMYDJGW.jpg"}, "homeCity": "Kuala Lumpur, Malaysia", "contact": {"facebook": "1079364749", "twitter": "psychedeliclex"}, "firstName": "Alexander", "tips": {"count": 2}, "gender": "male", "lastName": "C.", "lists": {"groups": [{"count": 2, "type": "created", "items": []}]}, "bio": ""}, {"id": "38720382", "photo": {"prefix": "https://igx.4sqi.net/img/user/", "suffix": "/0AT2MFCIPJ1YUZBV.jpg"}, "homeCity": "Singapore", "contact": {"facebook": "594384533"}, "firstName": "Alan", "tips": {"count": 1}, "gender": "male", "lastName": "Chua", "lists": {"groups": [{"count": 2, "type": "created", "items": []}]}, "bio": ""}, {"id": "2917558", "photo": {"prefix": "https://igx.4sqi.net/img/user/", "suffix": "/2917558-TSLJOQY3YWHLGMLH.jpg"}, "homeCity": "Singapore", "contact": {"facebook": "697123097"}, "firstName": "Darren", "tips": {"count": 0}, "gender": "male", "lastName": "Ee", "lists": {"groups": [{"count": 2, "type": "created", "items": []}]}, "bio": ""}, {"id": "10480491", "photo": {"prefix": "https://igx.4sqi.net/img/user/", "suffix": "/LTGC4UDF04QRYHKY.jpg"}, "homeCity": "manado", "contact": {"facebook": "1685386250", "twitter": "eyeliner_89"}, "firstName": "cleyo", "tips": {"count": 18}, "gender": "none", "lastName": "blaablaba", "lists": {"groups": [{"count": 3, "type": "created", "items": []}]}, "bio": "Principled to remain strong | #HalaMadrid | @vieeeeeee_"}, {"id": "768240", "photo": {"prefix": "https://igx.4sqi.net/img/user/", "suffix": "/ARG3RWNGWB4H5C2M.jpg"}, "homeCity": "Singapore", "contact": {"facebook": "594200474", "twitter": "doorisshut"}, "firstName": "Nick", "tips": {"count": 48}, "gender": "male", "lastName": "Tay", "lists": {"groups": [{"count": 2, "type": "created", "items": []}]}, "bio": "Like where I go and the things I put up? Add me on twitter handle - doorisshut"}, {"id": "73608919", "photo": {"prefix": "https://igx.4sqi.net/img/user/", "suffix": "/73608919-X1TSJP5PAYYK1FLY.jpg"}, "homeCity": "Singapore", "contact": {"facebook": "100003012654760"}, "firstName": "Alvin", "tips": {"count": 4}, "gender": "male", "lastName": "Ng", "lists": {"groups": [{"count": 4, "type": "created", "items": []}]}, "bio": ""}, {"id": "1474512", "photo": {"prefix": "https://igx.4sqi.net/img/user/", "suffix": "/S2IXJR5ALJUDIVLX.jpg"}, "homeCity": "Singapore", "contact": {"facebook": "597116981", "twitter": "donyo1"}, "firstName": "Donyo", "tips": {"count": 0}, "gender": "male", "lastName": "DeNn", "lists": {"groups": [{"count": 2, "type": "created", "items": []}]}, "bio": ""}, {"id": "1261452", "photo": {"prefix": "https://igx.4sqi.net/img/user/", "suffix": "/CNALG2NSB0HYYGEM.jpg"}, "homeCity": "Singapore", "contact": {"facebook": "600332723", "twitter": "elfiedd"}, "firstName": "Elfie", "tips": {"count": 2}, "gender": "male", "lastName": "De Drabick", "lists": {"groups": [{"count": 2, "type": "created", "items": []}]}, "bio": ""}, {"id": "3206333", "photo": {"prefix": "https://igx.4sqi.net/img/user/", "suffix": "/FYGNNWI3OOIYCHAQ.jpg"}, "homeCity": "Tasikmalaya, Indonesia", "contact": {"facebook": "100000145751338", "twitter": "abiandrivoo"}, "firstName": "andrivoo", "tips": {"count": 7}, "gender": "male", "lists": {"groups": [{"count": 4, "type": "created", "items": []}]}, "bio": "just simple person :)"}, {"id": "34052559", "photo": {"prefix": "https://igx.4sqi.net/img/user/", "suffix": "/0HDQRFLA53OMOUQG.jpg"}, "homeCity": "New York, NY", "contact": {"facebook": "716485474"}, "firstName": "Pye", "tips": {"count": 0}, "gender": "male", "lists": {"groups": [{"count": 2, "type": "created", "items": []}]}, "bio": ""}, {"id": "68433595", "photo": {"prefix": "https://igx.4sqi.net/img/user/", "suffix": "/YAMLJH3X43KO5DYF.jpg"}, "homeCity": "Singapore", "contact": {"facebook": "732071492"}, "firstName": "Zalli", "tips": {"count": 0}, "gender": "male", "lastName": "Ash Burn", "lists": {"groups": [{"count": 2, "type": "created", "items": []}]}, "bio": ""}, {"id": "15865507", "photo": {"prefix": "https://igx.4sqi.net/img/user/", "suffix": "/J5DESAKPP5ZERONK.jpg"}, "homeCity": "Padang, Indonesia", "contact": {}, "firstName": "Riswan", "tips": {"count": 0}, "gender": "male", "lastName": "R", "lists": {"groups": [{"count": 2, "type": "created", "items": []}]}, "bio": "2317dc16"}, {"id": "7751616", "photo": {"prefix": "https://igx.4sqi.net/img/user/", "default": true, "suffix": "/blank_boy.png"}, "homeCity": "Singapore", "contact": {"facebook": "770533844"}, "firstName": "Eric", "tips": {"count": 0}, "gender": "male", "lastName": "Choo", "lists": {"groups": [{"count": 2, "type": "created", "items": []}]}, "bio": ""}, {"id": "76082012", "photo": {"prefix": "https://igx.4sqi.net/img/user/", "suffix": "/76082012-SUSQ4XXGLYSFC0X2.jpg"}, "homeCity": "Bekasi, West Java", "contact": {"facebook": "1210298406", "twitter": "pinka_holics"}, "firstName": "Junia", "tips": {"count": 0}, "gender": "female", "lists": {"groups": [{"count": 2, "type": "created", "items": []}]}, "bio": ""}, {"id": "25596633", "photo": {"prefix": "https://igx.4sqi.net/img/user/", "suffix": "/25596633-CJWJ0CJQ0AVMSQUE.jpg"}, "homeCity": "D.K.I JAKARTA", "contact": {}, "firstName": "ANGGA", "tips": {"count": 2}, "gender": "male", "lastName": "PRASETYA", "lists": {"groups": [{"count": 3, "type": "created", "items": []}]}, "bio": "My line: Angga_dev1l\r\nskype : angga6288\r\nHey you, ask me !"}, {"id": "27943610", "photo": {"prefix": "https://igx.4sqi.net/img/user/", "suffix": "/MCTTJPGVDZE0TL1I.jpg"}, "homeCity": "Kuala Lumpur, Malaysia", "contact": {"facebook": "1130348673"}, "firstName": "Vincent", "tips": {"count": 4}, "gender": "male", "lastName": "Yong", "lists": {"groups": [{"count": 3, "type": "created", "items": []}]}, "bio": "Simple Chinese man as IT.\r\nHand Phone : +6012-3590 344\r\n( Free SMS with WhatsApp )"}, {"id": "22554060", "photo": {"prefix": "https://igx.4sqi.net/img/user/", "suffix": "/22554060-J1DTB0QHU3B55SZE.jpg"}, "homeCity": "Ilocos Sur", "contact": {"facebook": "1744320923", "twitter": "bhoneskysm"}, "firstName": "Bhone", "tips": {"count": 1}, "gender": "male", "lastName": "Amigable", "lists": {"groups": [{"count": 2, "type": "created", "items": []}]}, "bio": ""}, {"id": "71004552", "photo": {"prefix": "https://igx.4sqi.net/img/user/", "suffix": "/71004552-HOTZ55CW0KLTNGB4.jpg"}, "homeCity": "Klang, 12", "contact": {"facebook": "698737454"}, "firstName": "KG-Chua", "tips": {"count": 5}, "gender": "male", "lastName": "Raymond", "lists": {"groups": [{"count": 3, "type": "created", "items": []}]}, "bio": ""}, {"id": "5564615", "photo": {"prefix": "https://igx.4sqi.net/img/user/", "suffix": "/X2UQQE0CZCDVVMJB.jpg"}, "homeCity": "Kuala Lumpur, Malaysia", "contact": {"facebook": "547464754"}, "firstName": "Shane", "tips": {"count": 0}, "gender": "male", "lastName": "Ziro", "lists": {"groups": [{"count": 2, "type": "created", "items": []}]}, "bio": ""}, {"id": "4663630", "photo": {"prefix": "https://igx.4sqi.net/img/user/", "suffix": "/4663630-WREB2ZXMJFGVGB2M.jpg"}, "homeCity": "Johor Bahru, Malaysia", "contact": {"facebook": "1396877849"}, "firstName": "VIC", "tips": {"count": 4}, "gender": "male", "lastName": "TAN", "lists": {"groups": [{"count": 2, "type": "created", "items": []}]}, "bio": ""}, {"id": "47050279", "photo": {"prefix": "https://igx.4sqi.net/img/user/", "suffix": "/47050279-44MEWKWMHWTS4UWA.jpg"}, "homeCity": "Singapore", "contact": {"facebook": "10153495092573183"}, "firstName": "Ferry", "tips": {"count": 5}, "gender": "male", "lastName": "Tan", "lists": {"groups": [{"count": 3, "type": "created", "items": []}]}, "bio": ""}, {"id": "2921100", "photo": {"prefix": "https://igx.4sqi.net/img/user/", "suffix": "/IGZYT54RWV4INEDA.jpg"}, "homeCity": "Singapore", "contact": {"twitter": "guoweiho"}, "firstName": "Guo Wei", "tips": {"count": 11}, "gender": "male", "lastName": "Ho", "lists": {"groups": [{"count": 2, "type": "created", "items": []}]}, "bio": ""}, {"id": "10491687", "photo": {"prefix": "https://igx.4sqi.net/img/user/", "suffix": "/10491687-A5UOASRL3AV5ZPGN.jpg"}, "homeCity": "Singapore", "contact": {"facebook": "1052104090", "twitter": "switchboxben"}, "firstName": "Benjamin", "tips": {"count": 0}, "gender": "male", "lastName": "Xue", "lists": {"groups": [{"count": 2, "type": "created", "items": []}]}, "bio": ""}, {"id": "990273", "photo": {"prefix": "https://igx.4sqi.net/img/user/", "suffix": "/990273-H4RF3GGB1F1LKTW2.jpg"}, "homeCity": "Kuala Lumpur, Malaysia", "contact": {"facebook": "10154320166767122", "twitter": "arranfoong"}, "firstName": "Arran", "tips": {"count": 7}, "gender": "male", "lastName": "Foong", "lists": {"groups": [{"count": 2, "type": "created", "items": []}]}, "bio": ""}, {"id": "73778264", "photo": {"prefix": "https://igx.4sqi.net/img/user/", "suffix": "/73778264-DTYWYDNXM4PKUWUF.jpg"}, "homeCity": "Singapore", "contact": {"twitter": "ijayroyce"}, "firstName": "Jaron", "tips": {"count": 0}, "gender": "male", "lastName": "Liu", "lists": {"groups": [{"count": 2, "type": "created", "items": []}]}, "bio": ""}, {"id": "2938885", "photo": {"prefix": "https://igx.4sqi.net/img/user/", "suffix": "/4KD2RXF1EEPIAKJJ.jpg"}, "homeCity": "Singapore", "contact": {"facebook": "571602024"}, "firstName": "Chong", "tips": {"count": 3}, "gender": "male", "lastName": "Chee Kiong", "lists": {"groups": [{"count": 2, "type": "created", "items": []}]}, "bio": "nothing much in particular. just an average guy!"}, {"id": "1280380", "photo": {"prefix": "https://igx.4sqi.net/img/user/", "suffix": "/ORWJXLI1VYKXAVRM.jpg"}, "homeCity": "Singapore", "contact": {}, "firstName": "SC", "tips": {"count": 5}, "gender": "male", "lastName": "T", "lists": {"groups": [{"count": 16, "type": "created", "items": []}]}, "bio": ""}, {"id": "3289595", "photo": {"prefix": "https://igx.4sqi.net/img/user/", "suffix": "/D31VXIHGU0EE0K54.jpg"}, "homeCity": "Singapore", "contact": {"facebook": "689465386", "twitter": "kennethangjm"}, "firstName": "Kenneth", "tips": {"count": 0}, "gender": "male", "lastName": "Ang", "lists": {"groups": [{"count": 2, "type": "created", "items": []}]}, "bio": ""}, {"id": "69415709", "photo": {"prefix": "https://igx.4sqi.net/img/user/", "suffix": "/69415709-TKOLMY5O1UA3TSDJ.jpg"}, "homeCity": "Kuala Lumpur, KUL", "contact": {"facebook": "10206138109915608"}, "firstName": "Zen", "tips": {"count": 6}, "gender": "male", "lastName": "Gkl", "lists": {"groups": [{"count": 2, "type": "created", "items": []}]}, "bio": ""}, {"id": "27427011", "photo": {"prefix": "https://igx.4sqi.net/img/user/", "suffix": "/27427011-SJC5WN4E0UVE2SHN.jpg"}, "homeCity": "Jakarta Raya", "contact": {"facebook": "100000160934047", "twitter": "pianomansteven"}, "firstName": "Steven", "tips": {"count": 0}, "gender": "male", "lastName": "Wijaya", "lists": {"groups": [{"count": 2, "type": "created", "items": []}]}, "bio": "Line : stevenpianoman\r\nbb :  74298F17"}, {"id": "25674852", "photo": {"prefix": "https://igx.4sqi.net/img/user/", "suffix": "/F22WXPWT3QDIFOKG.jpg"}, "homeCity": "Denpasar", "contact": {"facebook": "541813352"}, "firstName": "sakti", "tips": {"count": 2}, "gender": "male", "lastName": "pamungkas", "lists": {"groups": [{"count": 2, "type": "created", "items": []}]}, "bio": "Just good to be true !!"}, {"id": "30294861", "photo": {"prefix": "https://igx.4sqi.net/img/user/", "suffix": "/30294861-0RZGKFOIVOCDYP1Y.jpg"}, "homeCity": "Jawa Barat", "contact": {"facebook": "1364067974"}, "firstName": "Nanda", "tips": {"count": 0}, "gender": "male", "lastName": "Sean", "lists": {"groups": [{"count": 2, "type": "created", "items": []}]}, "bio": "79809234 also find me on path : nanda sean"}, {"id": "28414368", "photo": {"prefix": "https://igx.4sqi.net/img/user/", "suffix": "/28414368-ZUFFMJM5SUAQ3ERE.jpg"}, "homeCity": "Jakarta Raya", "contact": {"facebook": "100007878550234", "twitter": "sofy7890"}, "firstName": "Sofy", "tips": {"count": 5}, "gender": "male", "lastName": "Doutzen", "lists": {"groups": [{"count": 2, "type": "created", "items": []}]}, "bio": "Je veux mon ange ici, maintenant! et je veux te fair l'amour. mon dieu, aidez moi....!! +62 838 999 53300 my whatsapp.. My line : jehuty890  BBM : 744536F8"}, {"id": "5687679", "photo": {"prefix": "https://igx.4sqi.net/img/user/", "suffix": "/5687679-1RE24RZW42240BQA.jpg"}, "homeCity": "Singapore", "contact": {"facebook": "580720776", "twitter": "jonheng87"}, "firstName": "Jonathan", "tips": {"count": 5}, "gender": "male", "lastName": "Heng", "lists": {"groups": [{"count": 2, "type": "created", "items": []}]}, "bio": ""}, {"id": "8970922", "photo": {"prefix": "https://igx.4sqi.net/img/user/", "suffix": "/8970922-MI3U2E5QXV03YFUC.jpg"}, "homeCity": "Purwokerto, Indonesia", "contact": {"facebook": "100000036579386", "twitter": "chandraa20"}, "firstName": "Chandra", "tips": {"count": 0}, "gender": "male", "lastName": "Widjaya", "lists": {"groups": [{"count": 2, "type": "created", "items": []}]}, "bio": ""}, {"id": "2936320", "photo": {"prefix": "https://igx.4sqi.net/img/user/", "suffix": "/2936320-EFVR2XKV0K3QWCYO"}, "homeCity": "Singapore", "contact": {"facebook": "647394197", "twitter": "paulsg77"}, "firstName": "Paul", "tips": {"count": 4}, "gender": "male", "lastName": "Lee", "lists": {"groups": [{"count": 2, "type": "created", "items": []}]}, "bio": ""}, {"id": "22377656", "photo": {"prefix": "https://igx.4sqi.net/img/user/", "suffix": "/LBNHA3VFTG1CWVRZ.jpg"}, "homeCity": "Shanghai", "contact": {}, "firstName": "Allen", "tips": {"count": 1}, "gender": "male", "lastName": "W", "lists": {"groups": [{"count": 2, "type": "created", "items": []}]}, "bio": ""}, {"id": "1697133", "photo": {"prefix": "https://igx.4sqi.net/img/user/", "suffix": "/IVCHVQK5HDIH0OZD.jpg"}, "homeCity": "Singapore", "contact": {"facebook": "716692447", "twitter": "ir3xy"}, "firstName": "ir3xy", "tips": {"count": 12}, "gender": "male", "lastName": "\u4f55\u00ae", "lists": {"groups": [{"count": 2, "type": "created", "items": []}]}, "bio": "Hey, I just met you,\r\nand this is crazy.\r\nBut here's my number.\r\nSo call me, maybe?"}, {"id": "2951385", "photo": {"prefix": "https://igx.4sqi.net/img/user/", "suffix": "/2951385-2YITQDHJ1J1SPHO3.jpg"}, "homeCity": "Singapore", "contact": {"twitter": "darylpan"}, "firstName": "Daryl", "tips": {"count": 4}, "gender": "male", "lastName": "Pan", "lists": {"groups": [{"count": 2, "type": "created", "items": []}]}, "bio": ""}, {"id": "1568080", "photo": {"prefix": "https://igx.4sqi.net/img/user/", "suffix": "/E1CZYJYVT3GAUNJ5.jpg"}, "homeCity": "Bukit Timah", "contact": {"twitter": "wayneho4"}, "firstName": "W", "tips": {"count": 115}, "gender": "male", "lastName": "Ho", "lists": {"groups": [{"count": 2, "type": "created", "items": []}]}, "bio": ""}, {"id": "3851330", "photo": {"prefix": "https://igx.4sqi.net/img/user/", "suffix": "/KX2OP0ITWGS2OOLQ.jpg"}, "homeCity": "Singapore", "contact": {"facebook": "579276594"}, "firstName": "Jarrod", "tips": {"count": 0}, "gender": "male", "lastName": "Loo", "lists": {"groups": [{"count": 2, "type": "created", "items": []}]}, "bio": ""}, {"id": "75772687", "photo": {"prefix": "https://igx.4sqi.net/img/user/", "suffix": "/75772687-MLB0P55WC2UJB5CX.jpg"}, "homeCity": "Singapore", "contact": {"facebook": "692432145"}, "firstName": "Jun", "tips": {"count": 0}, "gender": "male", "lastName": "Rigs", "lists": {"groups": [{"count": 2, "type": "created", "items": []}]}, "bio": ""}, {"id": "26897394", "photo": {"prefix": "https://igx.4sqi.net/img/user/", "suffix": "/5QQINSWXVBIM0W3Y.jpg"}, "homeCity": "Bangkok, Thailand", "contact": {"facebook": "100000094377390"}, "firstName": "Benz", "tips": {"count": 7}, "gender": "male", "lastName": "Zaa", "lists": {"groups": [{"count": 2, "type": "created", "items": []}]}, "bio": ""}, {"id": "67959713", "photo": {"prefix": "https://igx.4sqi.net/img/user/", "suffix": "/XFWMTAR5K2UQJZ0C.jpg"}, "homeCity": "Singapore", "contact": {"facebook": "681403460"}, "firstName": "Gerald", "tips": {"count": 0}, "gender": "male", "lastName": "Wang", "lists": {"groups": [{"count": 2, "type": "created", "items": []}]}, "bio": ""}, {"id": "39260141", "photo": {"prefix": "https://igx.4sqi.net/img/user/", "suffix": "/QFOUAAYDWL1HR30I.jpg"}, "homeCity": "Kaohsiung City", "contact": {"facebook": "1721928414", "twitter": "asikinli"}, "firstName": "\u5148\u9054", "tips": {"count": 0}, "gender": "male", "lastName": "\u5433", "lists": {"groups": [{"count": 2, "type": "created", "items": []}]}, "bio": ""}, {"id": "5980267", "photo": {"prefix": "https://igx.4sqi.net/img/user/", "suffix": "/LLRCUUFUS24A2MGJ.jpg"}, "homeCity": "Singapore", "contact": {"facebook": "584831330"}, "firstName": "Sean", "tips": {"count": 0}, "gender": "male", "lastName": "Lee", "lists": {"groups": [{"count": 2, "type": "created", "items": []}]}, "bio": ""}, {"id": "21667407", "photo": {"prefix": "https://igx.4sqi.net/img/user/", "suffix": "/21667407-424WSR5UT0GD0FRE.jpg"}, "homeCity": "Semarang", "contact": {"facebook": "1651339065", "twitter": "adri_w"}, "firstName": "Adri", "tips": {"count": 4}, "gender": "male", "lastName": "Wijanarko", "lists": {"groups": [{"count": 2, "type": "created", "items": []}]}, "bio": "\u00b1 humble, cheer up, high self confidence"}, {"id": "3528704", "photo": {"prefix": "https://igx.4sqi.net/img/user/", "suffix": "/4AJR35YFBUTCN5GK.jpg"}, "homeCity": "Petaling Jaya, Malaysia", "contact": {"facebook": "539600748"}, "firstName": "Jonathan", "tips": {"count": 0}, "gender": "male", "lastName": "Chan", "lists": {"groups": [{"count": 2, "type": "created", "items": []}]}, "bio": ""}, {"id": "55547443", "photo": {"prefix": "https://igx.4sqi.net/img/user/", "suffix": "/55547443-0QDRVBKLG555MY2T.jpg"}, "homeCity": "Tortola, British Virgin islands", "contact": {"facebook": "656079422"}, "firstName": "Dean", "tips": {"count": 0}, "gender": "male", "lastName": "Torno", "lists": {"groups": [{"count": 2, "type": "created", "items": []}]}, "bio": ""}, {"id": "4814329", "photo": {"prefix": "https://igx.4sqi.net/img/user/", "suffix": "/T45VTCM0L3NR535V.jpg"}, "homeCity": "Singapore", "contact": {"facebook": "588428109", "twitter": "crates4life"}, "firstName": "Roy", "tips": {"count": 11}, "gender": "male", "lastName": "Chan", "lists": {"groups": [{"count": 2, "type": "created", "items": []}]}, "bio": ""}, {"id": "3347583", "photo": {"prefix": "https://igx.4sqi.net/img/user/", "suffix": "/O4VMFGZLN0VZXUSR.jpg"}, "homeCity": "Palembang, Indonesia", "contact": {"facebook": "1333352767", "twitter": "yandied"}, "firstName": "Yandie", "tips": {"count": 0}, "gender": "male", "lastName": "Drzslm", "lists": {"groups": [{"count": 2, "type": "created", "items": []}]}, "bio": ""}, {"id": "1625606", "photo": {"prefix": "https://igx.4sqi.net/img/user/", "suffix": "/R3BWJIGFITZROQRQ.jpg"}, "homeCity": "Bukit Batok, Singapore", "contact": {"facebook": "731038516"}, "firstName": "Alvan", "tips": {"count": 2}, "gender": "male", "lastName": "Poa", "lists": {"groups": [{"count": 2, "type": "created", "items": []}]}, "bio": ""}, {"id": "3886919", "photo": {"prefix": "https://igx.4sqi.net/img/user/", "suffix": "/3886919-JHCFZ2EP4FLKKJNU.jpg"}, "homeCity": "Singapore", "contact": {"facebook": "1608330555"}, "firstName": "Eydren Sirius", "tips": {"count": 12}, "gender": "male", "lastName": "Teo", "lists": {"groups": [{"count": 2, "type": "created", "items": []}]}, "bio": ""}, {"id": "51355946", "photo": {"prefix": "https://igx.4sqi.net/img/user/", "suffix": "/5AW4P4VWXR2IPWDH.jpg"}, "homeCity": "Ngwenya", "contact": {"facebook": "665214792"}, "firstName": "Kevin", "tips": {"count": 0}, "gender": "male", "lastName": "Chung", "lists": {"groups": [{"count": 2, "type": "created", "items": []}]}, "bio": ""}, {"id": "39425866", "photo": {"prefix": "https://igx.4sqi.net/img/user/", "suffix": "/VJLMGB5HJDXD3R0X.jpg"}, "homeCity": "Singapore", "contact": {}, "firstName": "Joseph", "tips": {"count": 0}, "gender": "male", "lastName": "Ang", "lists": {"groups": [{"count": 2, "type": "created", "items": []}]}, "bio": ""}, {"id": "44111163", "photo": {"prefix": "https://igx.4sqi.net/img/user/", "suffix": "/WFTOOWQCT1S45PID.jpg"}, "homeCity": "Metropolitan Manila", "contact": {"facebook": "1316273000", "twitter": "jeffvalerio"}, "firstName": "Jeffy", "tips": {"count": 2}, "gender": "male", "lastName": "Valerio", "lists": {"groups": [{"count": 2, "type": "created", "items": []}]}, "bio": "Rainbow of Contradiction. Artsy-fartsy Interior Decorator. Happy-go-lucky Project Manager.\r\n*http://collectivelayout.carbonmade.com*"}, {"id": "42427717", "photo": {"prefix": "https://igx.4sqi.net/img/user/", "suffix": "/051Z1PYVVGVFMO0I.jpg"}, "homeCity": "New York, NY", "contact": {"facebook": "554436509"}, "firstName": "Brian", "tips": {"count": 26}, "gender": "male", "lastName": "Neu", "lists": {"groups": [{"count": 33, "type": "created", "items": []}]}, "bio": ""}, {"id": "3634025", "photo": {"prefix": "https://igx.4sqi.net/img/user/", "suffix": "/3634025_EDaouaUG_Q5JCxrKPZOclONiudlcHf1wjnZUotYe2kjzkv9FHR9pi72n2mv-nkTKhAmpf9cQh.jpg"}, "homeCity": "Dengkil, Malaysia", "contact": {"facebook": "579683525"}, "firstName": "Leonard", "tips": {"count": 0}, "gender": "male", "lastName": "Lim", "lists": {"groups": [{"count": 2, "type": "created", "items": []}]}, "bio": ""}, {"id": "62605020", "photo": {"prefix": "https://igx.4sqi.net/img/user/", "suffix": "/62605020-0JE23XOJAALYWFBP.jpg"}, "homeCity": "Bandung,Indonesia", "contact": {"facebook": "100000218706318", "twitter": "joejoeguevara"}, "firstName": "Joe Joe", "tips": {"count": 0}, "gender": "male", "lastName": "Guevara", "lists": {"groups": [{"count": 2, "type": "created", "items": []}]}, "bio": "Line: JoeJoe_Guevara\r\nTwitt: @JoeJoeGuevara\r\nInstagram: joejoe_guevara\r\n\r\nMe (Raden Intan Silamaya - Juli Aprianto Ashari Ghenis)"}, {"id": "9623494", "photo": {"prefix": "https://igx.4sqi.net/img/user/", "suffix": "/ED3R5OIFGEF33D35.jpg"}, "homeCity": "Hong Kong, Hong Kong", "contact": {"facebook": "573790823", "twitter": "stephenang"}, "firstName": "Stephen", "tips": {"count": 1}, "gender": "male", "lastName": "Ang", "lists": {"groups": [{"count": 2, "type": "created", "items": []}]}, "bio": "------------------------------\r\n\r\nInstagram @angstephen\r\n\r\n------------------------------\r\n\r\nTwitter @stephenang\r\n\r\n------------------------------"}, {"id": "4725153", "photo": {"prefix": "https://igx.4sqi.net/img/user/", "suffix": "/G3DV1TDNGAFWEU1J.jpg"}, "homeCity": "Seattle, WA", "contact": {"facebook": "100000654873786"}, "firstName": "Tyler", "tips": {"count": 3}, "gender": "male", "lastName": "Robinson", "lists": {"groups": [{"count": 2, "type": "created", "items": []}]}, "bio": ""}, {"id": "1685694", "photo": {"prefix": "https://igx.4sqi.net/img/user/", "suffix": "/1685694-ZTV0REHSTF3KTTGH.jpg"}, "homeCity": "Singapore", "contact": {"facebook": "619156810", "twitter": "travislowkm"}, "firstName": "Travis", "tips": {"count": 0}, "gender": "male", "lastName": "Low", "lists": {"groups": [{"count": 2, "type": "created", "items": []}]}, "bio": ""}, {"id": "4038991", "photo": {"prefix": "https://igx.4sqi.net/img/user/", "suffix": "/ZVCKTZYVUHSHPMGL.jpg"}, "homeCity": "Singapore", "contact": {"facebook": "668096832", "twitter": "tecneret"}, "firstName": "Terence", "tips": {"count": 1}, "gender": "male", "lastName": "Tan", "lists": {"groups": [{"count": 2, "type": "created", "items": []}]}, "bio": ""}, {"id": "67912395", "photo": {"prefix": "https://igx.4sqi.net/img/user/", "suffix": "/67912395-HJLKIASDKT2MEJTB.jpg"}, "homeCity": "Singapore", "contact": {"facebook": "654833033"}, "firstName": "Ivan", "tips": {"count": 18}, "gender": "male", "lastName": "Wiryawan", "lists": {"groups": [{"count": 2, "type": "created", "items": []}]}, "bio": "part-time foodie, full-time drinker"}, {"id": "50365798", "photo": {"prefix": "https://igx.4sqi.net/img/user/", "suffix": "/HNAHMSO2J2QIUZDW.jpg"}, "homeCity": "Petaling Jaya, Malaysia", "contact": {"facebook": "702952412", "twitter": "minterk"}, "firstName": "Minterk", "tips": {"count": 51}, "gender": "male", "lastName": "Yew", "lists": {"groups": [{"count": 17, "type": "created", "items": []}]}, "bio": ""}, {"id": "44115191", "photo": {"prefix": "https://igx.4sqi.net/img/user/", "suffix": "/44115191-JMMPLWOWVSCARTBH.jpg"}, "homeCity": "Jakarta Raya", "contact": {"facebook": "623259681", "twitter": "zakymuftada"}, "firstName": "Zaky", "tips": {"count": 14}, "gender": "male", "lastName": "Muftada", "lists": {"groups": [{"count": 2, "type": "created", "items": []}]}, "bio": "Love to dance. Love to travel"}, {"id": "3635454", "photo": {"prefix": "https://igx.4sqi.net/img/user/", "suffix": "/JM3XWNZ5G10BSGY5.jpg"}, "homeCity": "Malaysia", "contact": {"facebook": "759642817", "twitter": "edihot1"}, "firstName": "Eddy", "tips": {"count": 1}, "gender": "male", "lastName": "Ng", "lists": {"groups": [{"count": 2, "type": "created", "items": []}]}, "bio": ""}, {"id": "62820204", "photo": {"prefix": "https://igx.4sqi.net/img/user/", "suffix": "/IL4W442EK30Q3FJ2.jpg"}, "homeCity": "Alor Setar, 02", "contact": {"facebook": "100000412858180"}, "firstName": "Albert", "tips": {"count": 0}, "gender": "male", "lastName": "Lee", "lists": {"groups": [{"count": 2, "type": "created", "items": []}]}, "bio": ""}, {"id": "21804713", "photo": {"prefix": "https://igx.4sqi.net/img/user/", "suffix": "/HDA2Y3XPUJA3ZN5D.jpg"}, "homeCity": "Selangor", "contact": {}, "firstName": "Rainy", "tips": {"count": 3}, "gender": "male", "lastName": "Jun", "lists": {"groups": [{"count": 2, "type": "created", "items": []}]}, "bio": ""}, {"id": "21094724", "photo": {"prefix": "https://igx.4sqi.net/img/user/", "suffix": "/MNRAIUU1Z4HYB4KO.jpg"}, "homeCity": "Tiburon, CA", "contact": {"facebook": "1136732823", "twitter": "gnaj"}, "firstName": "Gary", "tips": {"count": 0}, "gender": "male", "lastName": "Najarian", "lists": {"groups": [{"count": 3, "type": "created", "items": []}]}, "bio": ""}, {"id": "1709681", "photo": {"prefix": "https://igx.4sqi.net/img/user/", "suffix": "/1709681-JRLOGCTWP4AH1TWW.jpg"}, "homeCity": "Tampines, Singapore", "contact": {"facebook": "100000524011405", "twitter": "4evercharmed"}, "firstName": "Bryan", "tips": {"count": 0}, "gender": "male", "lastName": "Tan", "lists": {"groups": [{"count": 3, "type": "created", "items": []}]}, "bio": ""}, {"id": "6050227", "photo": {"prefix": "https://igx.4sqi.net/img/user/", "suffix": "/KUMBBF4AWSZRXGOX.jpg"}, "homeCity": "Singapore", "contact": {"facebook": "597560814", "twitter": "seikalala"}, "firstName": "Seika", "tips": {"count": 1}, "gender": "female", "lastName": "Lala", "lists": {"groups": [{"count": 2, "type": "created", "items": []}]}, "bio": ""}, {"id": "82244835", "photo": {"prefix": "https://igx.4sqi.net/img/user/", "suffix": "/82244835-1FWG45SRD3SHIUUN.jpg"}, "homeCity": "Singapore", "contact": {"facebook": "544661416"}, "firstName": "Elvin", "tips": {"count": 1}, "gender": "male", "lastName": "Koh", "lists": {"groups": [{"count": 2, "type": "created", "items": []}]}, "bio": ""}, {"id": "49629252", "photo": {"prefix": "https://igx.4sqi.net/img/user/", "suffix": "/5IREKNPT2FORFJ30.jpg"}, "homeCity": "Singapore ", "contact": {"facebook": "550580827"}, "firstName": "Andrew", "tips": {"count": 4}, "gender": "male", "lastName": "Wong", "lists": {"groups": [{"count": 2, "type": "created", "items": []}]}, "bio": ""}, {"id": "34489988", "photo": {"prefix": "https://igx.4sqi.net/img/user/", "suffix": "/34489988-1ID4YD0QB5KPMU3L.jpg"}, "homeCity": "", "contact": {"facebook": "1496396023", "twitter": "markluis__"}, "firstName": "Omo", "tips": {"count": 0}, "gender": "none", "lastName": "Na", "lists": {"groups": [{"count": 2, "type": "created", "items": []}]}, "bio": ""}, {"id": "62397710", "photo": {"prefix": "https://igx.4sqi.net/img/user/", "suffix": "/XBMWY3TAGA2MFIT5.jpg"}, "homeCity": "Taichung, 04", "contact": {"facebook": "589903177"}, "firstName": "Roy", "tips": {"count": 5}, "gender": "male", "lastName": "Lai", "lists": {"groups": [{"count": 2, "type": "created", "items": []}]}, "bio": ""}, {"id": "78830803", "photo": {"prefix": "https://igx.4sqi.net/img/user/", "suffix": "/78830803-YLMJBDMDIRMRPAUD.jpg"}, "homeCity": "Singapore", "contact": {"facebook": "631679738"}, "firstName": "Muhd", "tips": {"count": 1}, "gender": "male", "lastName": "Hanif", "lists": {"groups": [{"count": 2, "type": "created", "items": []}]}, "bio": "Virgoan Earth Snake Boy | Gay & Proud of It | #Pagan\r\n\r\n#AifJeff | My Baby Doll | since 050414 | East Meets West"}, {"id": "1721279", "photo": {"prefix": "https://igx.4sqi.net/img/user/", "suffix": "/P1OARCTFUOUFIO1L.jpg"}, "homeCity": "Singapore", "contact": {"facebook": "559817783"}, "firstName": "Shamsul", "tips": {"count": 0}, "gender": "male", "lastName": "Zamri", "lists": {"groups": [{"count": 2, "type": "created", "items": []}]}, "bio": ""}, {"id": "6494103", "photo": {"prefix": "https://igx.4sqi.net/img/user/", "suffix": "/6494103-BQYAPJKVB4ZFN0NE.jpg"}, "homeCity": "California, USA", "contact": {"facebook": "728321162"}, "firstName": "Jerome", "tips": {"count": 0}, "gender": "male", "lastName": "del Prado Blumberg", "lists": {"groups": [{"count": 2, "type": "created", "items": []}]}, "bio": ""}, {"id": "35194426", "photo": {"prefix": "https://igx.4sqi.net/img/user/", "suffix": "/EDJ5QJQLVTVVSZQ0.jpg"}, "homeCity": "Surabaya, Jawa Timur", "contact": {}, "firstName": "Yusak", "tips": {"count": 1}, "gender": "male", "lists": {"groups": [{"count": 2, "type": "created", "items": []}]}, "bio": "My Pin 7BB1736D"}, {"id": "63756560", "photo": {"prefix": "https://igx.4sqi.net/img/user/", "default": true, "suffix": "/blank_boy.png"}, "homeCity": "Singapore", "contact": {"facebook": "711751687", "twitter": "devinjeyathurai"}, "firstName": "Devin", "tips": {"count": 0}, "gender": "male", "lastName": "Jeyathurai", "lists": {"groups": [{"count": 2, "type": "created", "items": []}]}, "bio": ""}, {"id": "80255087", "photo": {"prefix": "https://igx.4sqi.net/img/user/", "suffix": "/80255087-1A4RDFY53KQOJKN2.jpg"}, "homeCity": "", "contact": {}, "firstName": "Ashlynn", "tips": {"count": 0}, "gender": "female", "lastName": "Chenoweth", "lists": {"groups": [{"count": 2, "type": "created", "items": []}]}, "bio": ""}, {"id": "1723328", "photo": {"prefix": "https://igx.4sqi.net/img/user/", "suffix": "/1723328-UHPAKZEMTR2CZXUU.jpg"}, "homeCity": "Jakarta, Indonesia", "contact": {"facebook": "100001096900107", "twitter": "reza_gege"}, "firstName": "Reza", "tips": {"count": 7}, "gender": "male", "lastName": "Natasasmitha", "lists": {"groups": [{"count": 2, "type": "created", "items": []}]}, "bio": ""}, {"id": "8614611", "photo": {"prefix": "https://igx.4sqi.net/img/user/", "suffix": "/8614611-B2VFZ34ZB53QQM0T.jpg"}, "homeCity": "Singapore", "contact": {"facebook": "503804727", "twitter": "jrthtnymn"}, "firstName": "Jareth", "tips": {"count": 3}, "gender": "male", "lastName": "Tan", "lists": {"groups": [{"count": 2, "type": "created", "items": []}]}, "bio": "anything could happen"}, {"id": "47820213", "photo": {"prefix": "https://igx.4sqi.net/img/user/", "suffix": "/1RDGH12SNXNU5HK4.jpg"}, "homeCity": "Singapore ", "contact": {}, "firstName": "Adam", "tips": {"count": 3}, "gender": "male", "lastName": "Wilson", "lists": {"groups": [{"count": 2, "type": "created", "items": []}]}, "bio": ""}, {"id": "64230556", "photo": {"prefix": "https://igx.4sqi.net/img/user/", "suffix": "/QOVZITTK0EWQROZI.jpg"}, "homeCity": "Singapore", "contact": {"facebook": "578205056"}, "firstName": "Cedric", "tips": {"count": 0}, "gender": "male", "lastName": "Tang", "lists": {"groups": [{"count": 2, "type": "created", "items": []}]}, "bio": ""}, {"id": "80798131", "photo": {"prefix": "https://igx.4sqi.net/img/user/", "suffix": "/80798131-GLU4CIJ5J1HKMEWS.jpg"}, "homeCity": "Jambi City, Jambi", "contact": {"facebook": "100000328615208"}, "firstName": "Irwansyh", "tips": {"count": 0}, "gender": "male", "lastName": "Putra", "lists": {"groups": [{"count": 2, "type": "created", "items": []}]}, "bio": ""}, {"id": "2126523", "photo": {"prefix": "https://igx.4sqi.net/img/user/", "suffix": "/AOYIUWCBEZE32MIY.jpg"}, "homeCity": "bandung ", "contact": {"facebook": "100000733420658", "twitter": "candriadis"}, "firstName": "candriadis", "tips": {"count": 0}, "gender": "male", "lists": {"groups": [{"count": 2, "type": "created", "items": []}]}, "bio": "Pin 27b1f210\r\n\r\nLine : candriadis"}, {"id": "41783798", "photo": {"prefix": "https://igx.4sqi.net/img/user/", "suffix": "/AGU3N42WITZRBQP2.jpg"}, "homeCity": "Jackpot Nevada", "contact": {"facebook": "100004094270471"}, "firstName": "Deano", "tips": {"count": 2}, "gender": "male", "lastName": "Peak", "lists": {"groups": [{"count": 2, "type": "created", "items": []}]}, "bio": "Just want to meet some new friends"}, {"id": "47851195", "photo": {"prefix": "https://igx.4sqi.net/img/user/", "suffix": "/SRVTS5RDUGRLGHDO.jpg"}, "homeCity": "singapore", "contact": {"facebook": "637187896"}, "firstName": "Adam", "tips": {"count": 0}, "gender": "male", "lastName": "Wilson", "lists": {"groups": [{"count": 2, "type": "created", "items": []}]}, "bio": ""}, {"id": "65430619", "photo": {"prefix": "https://igx.4sqi.net/img/user/", "suffix": "/UTO4JRM02GMG0NZB.jpg"}, "homeCity": "Cheras", "contact": {"facebook": "534693875"}, "firstName": "JosephSiah", "tips": {"count": 0}, "gender": "male", "lastName": "Tiam Yuan", "lists": {"groups": [{"count": 2, "type": "created", "items": []}]}, "bio": "Hi , this  is  good app"}, {"id": "2417514", "photo": {"prefix": "https://igx.4sqi.net/img/user/", "suffix": "/2417514-C3ZGMCTQYX1THYQD.jpg"}, "homeCity": "New York, NY", "contact": {"facebook": "2502515"}, "firstName": "Devon", "tips": {"count": 7}, "gender": "male", "lastName": "Ho", "lists": {"groups": [{"count": 11, "type": "created", "items": []}]}, "bio": ""}, {"id": "47863767", "photo": {"prefix": "https://igx.4sqi.net/img/user/", "suffix": "/47863767-BQH3C03OAGAX4IY2.jpg"}, "homeCity": "Jakarta Raya", "contact": {"twitter": "chandra_adijaya"}, "firstName": "Chandra", "tips": {"count": 2}, "gender": "male", "lastName": "Mandira Sugandi", "lists": {"groups": [{"count": 2, "type": "created", "items": []}]}, "bio": ".."}, {"id": "65693794", "photo": {"prefix": "https://igx.4sqi.net/img/user/", "suffix": "/3UYCQBUXXL1MZTI2.jpg"}, "homeCity": "Bangkok, 40", "contact": {"facebook": "1054373267"}, "firstName": "Shane", "tips": {"count": 0}, "gender": "male", "lastName": "Zhang", "lists": {"groups": [{"count": 3, "type": "created", "items": []}]}, "bio": ""}, {"id": "2532213", "photo": {"prefix": "https://igx.4sqi.net/img/user/", "suffix": "/2532213-M0BX5WHSIGIB0YUJ.jpg"}, "homeCity": "Singapore", "contact": {"facebook": "10213388219127859", "twitter": "dennnyy"}, "firstName": "Denny", "tips": {"count": 8}, "gender": "male", "lastName": "Denny", "lists": {"groups": [{"count": 2, "type": "created", "items": []}]}, "bio": "A Full-time Visual Investigator, an Over-Time Glutton."}, {"id": "76483134", "photo": {"prefix": "https://igx.4sqi.net/img/user/", "suffix": "/76483134-5XEVZ5IK55NONZWR"}, "homeCity": "Singapore, SG", "contact": {}, "firstName": "Calvin", "tips": {"count": 0}, "gender": "male", "lastName": "Khim", "lists": {"groups": [{"count": 2, "type": "created", "items": []}]}, "bio": "so new to foursquare. hope that i am not too late! >.<"}, {"id": "65844745", "photo": {"prefix": "https://igx.4sqi.net/img/user/", "suffix": "/KBYLTAEELDBD5S1O.jpg"}, "homeCity": "Calabarzon", "contact": {"facebook": "1607164134"}, "firstName": "Ken", "tips": {"count": 0}, "gender": "male", "lastName": "Garcia", "lists": {"groups": [{"count": 2, "type": "created", "items": []}]}, "bio": ""}, {"id": "2533737", "photo": {"prefix": "https://irs0.4sqi.net/img/user/", "suffix": "/AQHEFGACHDLTBF0E.jpg"}, "homeCity": "Singapore", "contact": {"facebook": "626647181", "twitter": "thoburn"}, "firstName": "David", "tips": {"count": 6}, "gender": "male", "lastName": "Thoby", "lists": {"groups": [{"count": 2, "type": "created", "items": []}]}, "bio": ""}, {"id": "77314553", "photo": {"prefix": "https://igx.4sqi.net/img/user/", "suffix": "/77314553-21V5OJPN5H1BPJ43.jpg"}, "homeCity": "Singapore", "contact": {"facebook": "694499888"}, "firstName": "Jake Alexander", "tips": {"count": 3}, "gender": "male", "lastName": "Xu", "lists": {"groups": [{"count": 4, "type": "created", "items": []}]}, "bio": "A boOk thaT caNt bE judGe juZ bY looKinG aT iT's cOveR. YOu wIlL bE suRprIse! \ud83d\ude0f"}, {"id": "2536281", "photo": {"prefix": "https://igx.4sqi.net/img/user/", "suffix": "/2536281-D03TW3EEY4DSN3XB.jpg"}, "homeCity": "Metairie, LA", "contact": {"facebook": "1555707031", "twitter": "asian2cute"}, "firstName": "Jon", "tips": {"count": 6}, "gender": "male", "lastName": "Nguyen", "lists": {"groups": [{"count": 2, "type": "created", "items": []}]}, "bio": "Single"}, {"id": "3120875", "photo": {"prefix": "https://igx.4sqi.net/img/user/", "suffix": "/OVNFO0Z3NX2XJLIX.jpg"}, "homeCity": "Singapore", "contact": {"facebook": "590570368"}, "firstName": "\u50d1\u667a", "tips": {"count": 4}, "gender": "male", "lastName": "\u9673", "lists": {"groups": [{"count": 2, "type": "created", "items": []}]}, "bio": ""}, {"id": "3151167", "photo": {"prefix": "https://igx.4sqi.net/img/user/", "suffix": "/3151167-TMSXY4QGZE4CENBX.jpg"}, "homeCity": "Singapore", "contact": {"facebook": "588419262", "twitter": "eekie75"}, "firstName": "Melvyn", "tips": {"count": 3}, "gender": "male", "lastName": "Siaw", "lists": {"groups": [{"count": 2, "type": "created", "items": []}]}, "bio": ""}, {"id": "3252995", "photo": {"prefix": "https://igx.4sqi.net/img/user/", "suffix": "/3252995-UG5Z3YBTJF01GL15.jpg"}, "homeCity": "Singapore", "contact": {"facebook": "506586289", "twitter": "danielkfq"}, "firstName": "Daniel", "tips": {"count": 0}, "gender": "male", "lastName": "Koh", "lists": {"groups": [{"count": 2, "type": "created", "items": []}]}, "bio": ""}, {"id": "4119800", "photo": {"prefix": "https://igx.4sqi.net/img/user/", "suffix": "/4119800_xXN6n02T_i9TCyaH1TUX4k9oreAGyL91Bh4ahMnVNyjtMXyGgDfQ0gOw3zWu2FvF9aXO2UEMi.jpg"}, "homeCity": "Singapore", "contact": {"facebook": "606377144", "twitter": "inkd_pup"}, "firstName": "Jasper", "tips": {"count": 10}, "gender": "male", "lastName": "\u718a\u5983", "lists": {"groups": [{"count": 2, "type": "created", "items": []}]}, "bio": "A bear with the mind of an dog and the agility of an cat. Don't really bite unless provoke. Follow me on my path to world domination. I mean *arF!* :D"}, {"id": "5001685", "photo": {"prefix": "https://igx.4sqi.net/img/user/", "suffix": "/5001685-HL5PO4OUMYNJYINJ.jpg"}, "homeCity": "Singapore", "contact": {"facebook": "546661869", "twitter": "chrishaw87"}, "firstName": "Chris", "tips": {"count": 1}, "gender": "male", "lastName": "Haw", "lists": {"groups": [{"count": 2, "type": "created", "items": []}]}, "bio": ""}, {"id": "5233072", "photo": {"prefix": "https://igx.4sqi.net/img/user/", "suffix": "/5233072-5FJ3NRT03TGMJA4O.jpg"}, "homeCity": "Singapore", "contact": {"facebook": "100000915105586", "twitter": "helmisulaiman"}, "firstName": "Helmi", "tips": {"count": 23}, "gender": "male", "lastName": "S.", "lists": {"groups": [{"count": 13, "type": "created", "items": []}]}, "bio": "Follow me on Twitter @HelmiSulaiman. \r\nAdd me BBM 75e44b97"}, {"id": "6405924", "photo": {"prefix": "https://igx.4sqi.net/img/user/", "suffix": "/6405924-XSFPEXUXHZU02GQ4.jpg"}, "homeCity": "Paramount", "contact": {}, "firstName": "Augustus\u2122", "tips": {"count": 7}, "gender": "male", "lastName": "Tan", "lists": {"groups": [{"count": 2, "type": "created", "items": []}]}, "bio": "there is no short cut to success; nothing worth your while comes easy"}, {"id": "7425646", "photo": {"prefix": "https://igx.4sqi.net/img/user/", "suffix": "/VVQHHZLQ3QJ03B3Y.jpg"}, "homeCity": "Singapore", "contact": {"facebook": "10152880591106859", "twitter": "ivanshim"}, "firstName": "Ivan", "tips": {"count": 2}, "gender": "male", "lastName": "Shim \u6c88\u6807\u660e", "lists": {"groups": [{"count": 2, "type": "created", "items": []}]}, "bio": ""}, {"id": "13153293", "photo": {"prefix": "https://igx.4sqi.net/img/user/", "suffix": "/13153293-JNWOE4V350PZU4UH.jpg"}, "homeCity": "Denpasar, Indonesia", "contact": {"facebook": "1726695963"}, "firstName": "Va", "tips": {"count": 3}, "gender": "male", "lists": {"groups": [{"count": 2, "type": "created", "items": []}]}, "bio": ""}, {"id": "41929776", "photo": {"prefix": "https://igx.4sqi.net/img/user/", "suffix": "/41929776-TOU3WDNF5EA3BVPG.jpg"}, "homeCity": "Shanghai, China", "contact": {"facebook": "518661736", "twitter": "nichinan77"}, "firstName": "Ronn", "tips": {"count": 1}, "gender": "male", "lastName": "CX", "lists": {"groups": [{"count": 2, "type": "created", "items": []}]}, "bio": "Asian Muscular Fit"}]}, "checksum": "0e04a4a35478586b37e6154752135cddd5638164"}}