{"notifications": [{"type": "notificationTray", "item": {"unreadCount": 0}}], "response": {"friends": {"items": [{"tips": {"count": 1}, "contact": {"twitter": "lcc0612", "facebook": "100000164231831"}, "firstName": "Kurt", "gender": "male", "lastName": "Lin", "id": "7192885", "bio": "", "photo": {"prefix": "https://igx.4sqi.net/img/user/", "suffix": "/PBH4JAD3Z3SC3FKQ.jpg"}, "homeCity": "Singapore", "lists": {"groups": [{"items": [], "count": 2, "type": "created"}]}}, {"tips": {"count": 0}, "contact": {"facebook": "738116324"}, "firstName": "Urameshi", "gender": "female", "lastName": "Keiko", "id": "26076643", "bio": "", "photo": {"prefix": "https://igx.4sqi.net/img/user/", "suffix": "/0D2G1VDIY0TPOS40.jpg"}, "homeCity": "Singapore", "lists": {"groups": [{"items": [], "count": 2, "type": "created"}]}}, {"tips": {"count": 3}, "contact": {"facebook": "1602626216"}, "firstName": "Janet", "gender": "female", "lastName": "Tay", "id": "29220824", "bio": "Just a warm and friendly gal", "photo": {"prefix": "https://igx.4sqi.net/img/user/", "suffix": "/DJPBOAKS4V3AKM4P.jpg"}, "homeCity": "Singapore", "lists": {"groups": [{"items": [], "count": 3, "type": "created"}]}}, {"tips": {"count": 8}, "contact": {}, "firstName": "Klein", "gender": "male", "lastName": "Phua", "id": "9287909", "bio": "", "photo": {"prefix": "https://igx.4sqi.net/img/user/", "suffix": "/UKQ4ZXJHBI3SCTDW.jpg"}, "homeCity": "Singapore", "lists": {"groups": [{"items": [], "count": 2, "type": "created"}]}}, {"tips": {"count": 3}, "contact": {"twitter": "jessdemon", "facebook": "1021420674"}, "firstName": "Jess", "gender": "male", "lastName": "Goh", "id": "3837259", "bio": "", "photo": {"prefix": "https://igx.4sqi.net/img/user/", "suffix": "/TS2FNVJBIJ3HW1BI.jpg"}, "homeCity": "Singapore", "lists": {"groups": [{"items": [], "count": 2, "type": "created"}]}}, {"tips": {"count": 10}, "contact": {"facebook": "687730234"}, "firstName": "Vincent", "gender": "male", "lastName": "Nyeo", "id": "4188193", "bio": "", "photo": {"prefix": "https://igx.4sqi.net/img/user/", "suffix": "/VT53IGHALJSHIO51.jpg"}, "homeCity": "Qu\u1eadn 1, Vietnam", "lists": {"groups": [{"items": [], "count": 2, "type": "created"}]}}, {"tips": {"count": 0}, "contact": {"facebook": "1036790350"}, "firstName": "Dave", "gender": "male", "lastName": "Woo", "id": "74653537", "bio": "", "photo": {"prefix": "https://igx.4sqi.net/img/user/", "suffix": "/74653537-SYWOGCZM4ZS5H3FY.jpg"}, "homeCity": "Singapore", "lists": {"groups": [{"items": [], "count": 2, "type": "created"}]}}, {"tips": {"count": 2}, "contact": {"facebook": "708594859"}, "firstName": "Eric Lee", "gender": "male", "id": "5415961", "bio": "", "photo": {"prefix": "https://igx.4sqi.net/img/user/", "suffix": "/TRBB4VK3BZPYASQT.jpg"}, "homeCity": "Singapore", "lists": {"groups": [{"items": [], "count": 2, "type": "created"}]}}, {"tips": {"count": 0}, "contact": {}, "firstName": "Janice", "gender": "female", "lastName": "Chay", "id": "3979116", "bio": "", "photo": {"prefix": "https://igx.4sqi.net/img/user/", "suffix": "/BFH0IU4XVCTXTONZ.jpg"}, "homeCity": "Singapore", "lists": {"groups": [{"items": [], "count": 2, "type": "created"}]}}, {"tips": {"count": 0}, "contact": {"facebook": "723637676"}, "firstName": "Jowel", "gender": "female", "lastName": "Tan", "id": "2441340", "bio": "", "photo": {"prefix": "https://igx.4sqi.net/img/user/", "suffix": "/LEJML3PHRQMLUNK5.jpg"}, "homeCity": "Singapore", "lists": {"groups": [{"items": [], "count": 2, "type": "created"}]}}, {"tips": {"count": 0}, "contact": {"facebook": "661792764"}, "firstName": "Sharon", "gender": "female", "lastName": "Hui Ling", "id": "70318733", "bio": "", "photo": {"prefix": "https://igx.4sqi.net/img/user/", "suffix": "/TG1P4KUMB4JYOV4K.jpg"}, "homeCity": "Johor Bahru, JHR", "lists": {"groups": [{"items": [], "count": 2, "type": "created"}]}}, {"tips": {"count": 2}, "contact": {"twitter": "elianna029", "facebook": "1300286883"}, "firstName": "Eliana", "gender": "female", "lastName": "Saavedra", "id": "8393368", "bio": "", "photo": {"prefix": "https://igx.4sqi.net/img/user/", "suffix": "/EDD0QDQYOKSZRYRP.jpg"}, "homeCity": "El Palomar, Argentina", "lists": {"groups": [{"items": [], "count": 2, "type": "created"}]}}, {"tips": {"count": 6}, "contact": {"facebook": "10152999140537283"}, "firstName": "Randal", "gender": "male", "lastName": "Lim", "id": "51705408", "bio": "", "photo": {"prefix": "https://igx.4sqi.net/img/user/", "suffix": "/1HPGTG4YRVP1VJOA.jpg"}, "homeCity": "Singapore", "lists": {"groups": [{"items": [], "count": 2, "type": "created"}]}}, {"tips": {"count": 0}, "contact": {}, "firstName": "Katelynn", "gender": "female", "lastName": "Barr", "id": "80538345", "bio": "", "photo": {"prefix": "https://igx.4sqi.net/img/user/", "suffix": "/80538345-WVLOKRTRXCZ4BG5X.jpg"}, "homeCity": "", "lists": {"groups": [{"items": [], "count": 2, "type": "created"}]}}, {"tips": {"count": 13}, "contact": {"twitter": "miserablelife"}, "firstName": "Pet", "gender": "female", "lastName": "Cindy", "id": "2664239", "bio": "", "photo": {"prefix": "https://igx.4sqi.net/img/user/", "suffix": "/TYKFTFNYU24QCZ5Q.jpg"}, "homeCity": "Singapore", "lists": {"groups": [{"items": [], "count": 2, "type": "created"}]}}, {"tips": {"count": 0}, "contact": {}, "firstName": "Sylvia", "gender": "female", "lastName": "Rodriguez", "id": "76032206", "bio": "Hey you ...:-)", "photo": {"prefix": "https://igx.4sqi.net/img/user/", "suffix": "/76032206-QDVODY3T2J23WWNS"}, "homeCity": "Mount Vernon, NY", "lists": {"groups": [{"items": [], "count": 2, "type": "created"}]}}, {"tips": {"count": 2}, "contact": {"facebook": "556407702"}, "firstName": "Jasmine", "gender": "female", "lastName": "Loo", "id": "4696895", "bio": "", "photo": {"prefix": "https://igx.4sqi.net/img/user/", "suffix": "/GICTPZRBXZVI505I.jpg"}, "homeCity": "Singapore", "lists": {"groups": [{"items": [], "count": 2, "type": "created"}]}}, {"tips": {"count": 4}, "contact": {"facebook": "1421457389"}, "firstName": "Michael", "gender": "male", "lastName": "Cheah", "id": "4751090", "bio": "", "photo": {"prefix": "https://igx.4sqi.net/img/user/", "suffix": "/RGWRKNJDP32I5YAB.jpg"}, "homeCity": "Singapore", "lists": {"groups": [{"items": [], "count": 2, "type": "created"}]}}], "count": 18}, "checksum": "a568bea11518eaa194d27754e7342fef0b715923"}, "meta": {"requestId": "596621cc4c1f67702038a7ce", "code": 200}}