{"notifications": [{"type": "notificationTray", "item": {"unreadCount": 0}}], "meta": {"requestId": "5966d54af594df22019b8833", "code": 200}, "response": {"friends": {"count": 25, "items": [{"id": "4370228", "photo": {"prefix": "https://igx.4sqi.net/img/user/", "suffix": "/WQ30WH4WKGPRYAHI.jpg"}, "homeCity": "Singapore", "contact": {"facebook": "705417538", "twitter": "lixinphoon"}, "firstName": "Phoon", "tips": {"count": 0}, "gender": "female", "lastName": "Lixin", "lists": {"groups": [{"count": 2, "type": "created", "items": []}]}, "bio": ""}, {"id": "11849455", "photo": {"prefix": "https://igx.4sqi.net/img/user/", "suffix": "/FGANGLBHFYZ1104Y.jpg"}, "homeCity": "Singapore", "contact": {"facebook": "637302624"}, "firstName": "Shikin", "tips": {"count": 1}, "gender": "female", "lastName": "Noor", "lists": {"groups": [{"count": 2, "type": "created", "items": []}]}, "bio": ""}, {"id": "12037279", "photo": {"prefix": "https://igx.4sqi.net/img/user/", "suffix": "/AVZ05BC5VX24RAJ1.jpg"}, "homeCity": "Singapore", "contact": {}, "firstName": "Tan", "tips": {"count": 0}, "gender": "none", "lastName": "Qiyuan", "lists": {"groups": [{"count": 2, "type": "created", "items": []}]}, "bio": ""}, {"id": "6696198", "photo": {"prefix": "https://igx.4sqi.net/img/user/", "suffix": "/CQOCQNWBRUC0REIO.jpg"}, "homeCity": "Singapore", "contact": {"facebook": "774398611"}, "firstName": "kee chee", "tips": {"count": 5}, "gender": "male", "lastName": "toh", "lists": {"groups": [{"count": 2, "type": "created", "items": []}]}, "bio": ""}, {"id": "11017434", "photo": {"prefix": "https://igx.4sqi.net/img/user/", "suffix": "/ES1ZYKELH2DEZGWA.jpg"}, "homeCity": "Singapore", "contact": {"facebook": "10153990451505485", "twitter": "valeriexg"}, "firstName": "Valerie", "tips": {"count": 0}, "gender": "female", "lastName": "Tan", "lists": {"groups": [{"count": 2, "type": "created", "items": []}]}, "bio": ""}, {"id": "5715592", "photo": {"prefix": "https://igx.4sqi.net/img/user/", "suffix": "/5715592-BPSUOCETMHF5QKZ5.jpg"}, "homeCity": "Singapore", "contact": {"facebook": "1285635643", "twitter": "carrrrieeeeee"}, "firstName": "Carrie", "tips": {"count": 5}, "gender": "female", "lastName": "Qi", "lists": {"groups": [{"count": 2, "type": "created", "items": []}]}, "bio": ""}, {"id": "3597563", "photo": {"prefix": "https://igx.4sqi.net/img/user/", "suffix": "/UG0SQRM5KP2MDMAO.jpg"}, "homeCity": "Singapore", "contact": {"facebook": "780058113", "twitter": "myprivatesunday"}, "firstName": "annwei", "tips": {"count": 0}, "gender": "male", "lists": {"groups": [{"count": 2, "type": "created", "items": []}]}, "bio": ""}, {"id": "3064419", "photo": {"prefix": "https://igx.4sqi.net/img/user/", "suffix": "/B0GDDZDVHR4RVOG5.jpg"}, "homeCity": "Singapore", "contact": {"twitter": "xoxuer"}, "firstName": "Joey", "tips": {"count": 1}, "gender": "female", "lastName": "Gaskarth", "lists": {"groups": [{"count": 2, "type": "created", "items": []}]}, "bio": "Too cool for you"}, {"id": "14621469", "photo": {"prefix": "https://igx.4sqi.net/img/user/", "suffix": "/UPANDV3X5SN423RG.jpg"}, "homeCity": "Singapore", "contact": {"facebook": "1636496111"}, "firstName": "Isaac", "tips": {"count": 0}, "gender": "male", "lists": {"groups": [{"count": 2, "type": "created", "items": []}]}, "bio": ""}, {"id": "4167209", "photo": {"prefix": "https://igx.4sqi.net/img/user/", "suffix": "/4167209-SMLG1OVJPM5JU13K.jpg"}, "homeCity": "Singapore", "contact": {"facebook": "545768730", "twitter": "rjellybeano"}, "firstName": "Ruijia", "tips": {"count": 1}, "gender": "none", "lastName": "Hong", "lists": {"groups": [{"count": 3, "type": "created", "items": []}]}, "bio": ""}, {"id": "31815980", "photo": {"prefix": "https://igx.4sqi.net/img/user/", "suffix": "/FLD200ML4UB1KYPP.jpg"}, "homeCity": "Singapore", "contact": {"facebook": "759437491", "twitter": "xyingsmileey"}, "firstName": "Xinying", "tips": {"count": 0}, "gender": "female", "lastName": "Toh", "lists": {"groups": [{"count": 2, "type": "created", "items": []}]}, "bio": ""}, {"id": "4973472", "photo": {"prefix": "https://igx.4sqi.net/img/user/", "suffix": "/L4XJCZBATO2B4WEZ.jpg"}, "homeCity": "Singapore", "contact": {}, "firstName": "Sandra", "tips": {"count": 0}, "gender": "female", "lastName": "Lee", "lists": {"groups": [{"count": 2, "type": "created", "items": []}]}, "bio": ""}, {"id": "5682078", "photo": {"prefix": "https://igx.4sqi.net/img/user/", "suffix": "/NRHUTM2F1VSJJP3Z.jpg"}, "homeCity": "Singapore", "contact": {"facebook": "1210339393", "twitter": "hehelioo"}, "firstName": "Helio", "tips": {"count": 0}, "gender": "male", "lastName": "Desker", "lists": {"groups": [{"count": 2, "type": "created", "items": []}]}, "bio": ""}, {"id": "17460629", "photo": {"prefix": "https://igx.4sqi.net/img/user/", "suffix": "/POSOETP20SAUMDM3.jpg"}, "homeCity": "Washington DC", "contact": {"facebook": "1538780600"}, "firstName": "Fiona", "tips": {"count": 0}, "gender": "female", "lastName": "Pang", "lists": {"groups": [{"count": 2, "type": "created", "items": []}]}, "bio": ""}, {"id": "13579873", "photo": {"prefix": "https://igx.4sqi.net/img/user/", "suffix": "/NPNC2JDIJNLFBICA.jpg"}, "homeCity": "Singapore", "contact": {"facebook": "646194422", "twitter": "dinoleon"}, "firstName": "Leon", "tips": {"count": 15}, "gender": "male", "lastName": "Lee", "lists": {"groups": [{"count": 2, "type": "created", "items": []}]}, "bio": ""}, {"id": "5267741", "photo": {"prefix": "https://igx.4sqi.net/img/user/", "suffix": "/C21WWDTDOJ0TRPZV.jpg"}, "homeCity": "Singapore", "contact": {"facebook": "1553326573", "twitter": "ilaashila"}, "firstName": "Ila", "tips": {"count": 0}, "gender": "female", "lastName": "Ashila", "lists": {"groups": [{"count": 2, "type": "created", "items": []}]}, "bio": ""}, {"id": "34108513", "photo": {"prefix": "https://igx.4sqi.net/img/user/", "suffix": "/HOVJKTLHDS1MVWKW.jpg"}, "homeCity": "Singapore", "contact": {"facebook": "646603788", "twitter": "leimenray93"}, "firstName": "Tang Weng Chuen", "tips": {"count": 0}, "gender": "male", "lastName": "Raymond", "lists": {"groups": [{"count": 2, "type": "created", "items": []}]}, "bio": ""}, {"id": "9434403", "photo": {"prefix": "https://igx.4sqi.net/img/user/", "suffix": "/CDG3UYMQCHVDVXEA.jpg"}, "homeCity": "Singapore", "contact": {"facebook": "554739057", "twitter": "tjingyuan"}, "firstName": "Jing Yuan", "tips": {"count": 3}, "gender": "female", "lastName": "Teo", "lists": {"groups": [{"count": 2, "type": "created", "items": []}]}, "bio": ""}, {"id": "7580968", "photo": {"prefix": "https://igx.4sqi.net/img/user/", "suffix": "/T13H5RMZKR5EZ1XQ.jpg"}, "homeCity": "Unnamed Location", "contact": {"facebook": "600086024", "twitter": "azmin07"}, "firstName": "Azmin", "tips": {"count": 1}, "gender": "male", "lastName": "Mohamad", "lists": {"groups": [{"count": 2, "type": "created", "items": []}]}, "bio": ""}, {"id": "5742736", "photo": {"prefix": "https://igx.4sqi.net/img/user/", "suffix": "/5742736-CRNAD3LBYRI3R2UG.jpg"}, "homeCity": "Singapore", "contact": {"facebook": "593487697", "twitter": "phannieeee"}, "firstName": "phannieeee", "tips": {"count": 2}, "gender": "female", "lists": {"groups": [{"count": 2, "type": "created", "items": []}]}, "bio": ""}, {"id": "34332216", "photo": {"prefix": "https://igx.4sqi.net/img/user/", "suffix": "/XISNTSMP3UKZROC5.jpg"}, "homeCity": "Singapore", "contact": {"facebook": "1194305326", "twitter": "wedrinktea"}, "firstName": "Lee S", "tips": {"count": 0}, "gender": "male", "lastName": "Tay", "lists": {"groups": [{"count": 2, "type": "created", "items": []}]}, "bio": ""}, {"id": "9468591", "photo": {"prefix": "https://igx.4sqi.net/img/user/", "suffix": "/KZB3MZS3LQBIF0OW.jpg"}, "homeCity": "Singapore", "contact": {"facebook": "1516537151"}, "firstName": "Lydia", "tips": {"count": 0}, "gender": "female", "lastName": "Thiam", "lists": {"groups": [{"count": 2, "type": "created", "items": []}]}, "bio": ""}, {"id": "11038206", "photo": {"prefix": "https://igx.4sqi.net/img/user/", "suffix": "/GFNULZLWXIYWM1KJ.jpg"}, "homeCity": "Singapore", "contact": {"facebook": "776153431", "twitter": "firdiee"}, "firstName": "Firdaus", "tips": {"count": 0}, "gender": "male", "lastName": "Buhari", "lists": {"groups": [{"count": 3, "type": "created", "items": []}]}, "bio": ""}, {"id": "11962669", "photo": {"prefix": "https://igx.4sqi.net/img/user/", "suffix": "/0EKMHTQLVCIO4ELX.jpg"}, "homeCity": "Singapore", "contact": {"facebook": "100003559516599", "twitter": "temasekpoly"}, "firstName": "Temasek", "tips": {"count": 0}, "gender": "none", "lastName": "Poly", "lists": {"groups": [{"count": 2, "type": "created", "items": []}]}, "bio": ""}, {"id": "11965851", "photo": {"prefix": "https://igx.4sqi.net/img/user/", "suffix": "/MO0EHS5LY1I25WAR.jpg"}, "homeCity": "Singapore", "contact": {"facebook": "684005414"}, "firstName": "Chan", "tips": {"count": 0}, "gender": "male", "lastName": "Xian Kai", "lists": {"groups": [{"count": 2, "type": "created", "items": []}]}, "bio": ""}]}, "checksum": "b9cc298e9a36f9d551cd929354492e0bf98c6fbd"}}