{"notifications": [{"type": "notificationTray", "item": {"unreadCount": 0}}], "meta": {"requestId": "5966e9814434b955249a45e7", "code": 200}, "response": {"friends": {"count": 1, "items": [{"id": "7937205", "photo": {"prefix": "https://igx.4sqi.net/img/user/", "suffix": "/7937205-XPTVJQS3ZEVT5O1W.jpg"}, "homeCity": "singapore", "contact": {"facebook": "738464887", "twitter": "warah_wan"}, "firstName": "Warah", "tips": {"count": 8}, "gender": "female", "lastName": "Wan", "lists": {"groups": [{"count": 2, "type": "created", "items": []}]}, "bio": ""}]}, "checksum": "106a45dc2c549c3ad437f6fcb0be4846228313e6"}}