{"notifications": [{"type": "notificationTray", "item": {"unreadCount": 0}}], "meta": {"requestId": "5966fb66351e3d4796d19b30", "code": 200}, "response": {"friends": {"count": 150, "items": [{"id": "108873", "photo": {"prefix": "https://igx.4sqi.net/img/user/", "suffix": "/JDN5XNDIBVXZWCV1.jpg"}, "homeCity": "Singapore", "contact": {"facebook": "548061507", "twitter": "cheryl_ko"}, "firstName": "cheryl", "tips": {"count": 22}, "gender": "female", "lists": {"groups": [{"count": 2, "type": "created", "items": []}]}, "bio": ""}, {"id": "9499739", "photo": {"prefix": "https://igx.4sqi.net/img/user/", "suffix": "/9499739-5GX4P3XSRIYZ2ZJF.jpg"}, "homeCity": "Singapore", "contact": {"facebook": "100001991472066", "twitter": "p4trici4xo"}, "firstName": "\u2661 Patricia", "tips": {"count": 2}, "gender": "female", "lastName": "Lee\ud83e\udd84 \u2661", "lists": {"groups": [{"count": 2, "type": "created", "items": []}]}, "bio": "\u2661 itweet @P4TRICI4xo \ud83e\udd84\ud83e\udd84\ud83e\udd84"}, {"id": "126605280", "photo": {"prefix": "https://igx.4sqi.net/img/user/", "suffix": "/126605280-Q0BOAGBFCUUQJX2P.jpg"}, "homeCity": "Kuala Lumpur, Malaysia", "contact": {"facebook": "1008730032478192", "twitter": "maymay0918"}, "firstName": "May", "tips": {"count": 0}, "gender": "female", "lastName": "Chung", "lists": {"groups": [{"count": 2, "type": "created", "items": []}]}, "bio": "Insta ; maychung0918 \nSnapchat ; may9820"}, {"id": "4351941", "photo": {"prefix": "https://igx.4sqi.net/img/user/", "suffix": "/4351941-Y20PNLSRHCI0QQ4V.jpg"}, "homeCity": "Singapore", "contact": {"facebook": "10205593871102212", "twitter": "hazelbyf"}, "firstName": "Hazel", "tips": {"count": 3}, "gender": "female", "lastName": "Byf", "lists": {"groups": [{"count": 2, "type": "created", "items": []}]}, "bio": ""}, {"id": "7020145", "photo": {"prefix": "https://igx.4sqi.net/img/user/", "suffix": "/7020145-DAG1ASYMY3NRMPMC.jpg"}, "homeCity": "Hong Kong", "contact": {"facebook": "637636831", "twitter": "yukicharlotte"}, "firstName": "Yuki", "tips": {"count": 3}, "gender": "female", "lastName": "Charlotte", "lists": {"groups": [{"count": 3, "type": "created", "items": []}]}, "bio": ""}, {"id": "9864967", "photo": {"prefix": "https://igx.4sqi.net/img/user/", "suffix": "/9864967-IJMG5HS34V1LMEQZ.jpg"}, "homeCity": "Singapore ", "contact": {"facebook": "100000172960697", "twitter": "angminjing"}, "firstName": "\u25b2\u24dd\u24d6", "tips": {"count": 0}, "gender": "female", "lastName": "\u24dci\u24dd\u24d9i\u24dd\u24d6 \u062a", "lists": {"groups": [{"count": 2, "type": "created", "items": []}]}, "bio": "Hey \ud83d\udc81"}, {"id": "6626722", "photo": {"prefix": "https://igx.4sqi.net/img/user/", "suffix": "/5ZNIBBFNJRSFQUPD.jpg"}, "homeCity": "Singapore ", "contact": {"facebook": "572292412", "twitter": "kangelavender"}, "firstName": "Angela", "tips": {"count": 0}, "gender": "female", "lastName": "Kang", "lists": {"groups": [{"count": 2, "type": "created", "items": []}]}, "bio": ""}, {"id": "7955317", "photo": {"prefix": "https://igx.4sqi.net/img/user/", "suffix": "/7955317-QVWPYCKXUS4QYHG2.jpg"}, "homeCity": "Singapore", "contact": {}, "firstName": "Rena", "tips": {"count": 0}, "gender": "female", "lastName": "S.", "lists": {"groups": [{"count": 2, "type": "created", "items": []}]}, "bio": "Just a girl chasing dreams."}, {"id": "4171972", "photo": {"prefix": "https://igx.4sqi.net/img/user/", "suffix": "/4171972-HX5ZDH5IICPCTMDZ.jpg"}, "homeCity": "Singapore", "contact": {"facebook": "10153184666412828", "twitter": "joanseahh"}, "firstName": "Joan", "tips": {"count": 0}, "gender": "female", "lastName": "Seah", "lists": {"groups": [{"count": 2, "type": "created", "items": []}]}, "bio": "twitter.com/joanseahh"}, {"id": "16188128", "photo": {"prefix": "https://igx.4sqi.net/img/user/", "suffix": "/BWINOGTFARAHI4QK.jpg"}, "homeCity": "Singapore", "contact": {"facebook": "556956979"}, "firstName": "Suzanna", "tips": {"count": 0}, "gender": "female", "lastName": "Wong", "lists": {"groups": [{"count": 2, "type": "created", "items": []}]}, "bio": ""}, {"id": "145681193", "photo": {"prefix": "https://igx.4sqi.net/img/user/", "suffix": "/145681193_8C2ipG2g_OWxLdc7zOx6qAqyuBlKOBhXLErN7YSgW-xf1lTxpI6dxieoG9nGXXvLKnhCJKCCQ.jpg"}, "homeCity": "Selangor", "contact": {"facebook": "10153508495048859", "twitter": "tengyee0310"}, "firstName": "Teng Yee", "tips": {"count": 0}, "gender": "female", "lastName": "Lim", "lists": {"groups": [{"count": 2, "type": "created", "items": []}]}, "bio": ""}, {"id": "5548347", "photo": {"prefix": "https://igx.4sqi.net/img/user/", "suffix": "/15U4GVG4BOV1EE3L.jpg"}, "homeCity": "Malaysia", "contact": {"facebook": "637713368", "twitter": "umedesigns"}, "firstName": "Ume", "tips": {"count": 51}, "superuser": 3, "gender": "female", "lastName": "Sim", "lists": {"groups": [{"count": 3, "type": "created", "items": []}]}, "bio": ""}, {"id": "3361682", "photo": {"prefix": "https://igx.4sqi.net/img/user/", "suffix": "/3361682-DMU2LJAAG0GH1RMD.jpg"}, "homeCity": "\uc11c\uc6b8\ud2b9\ubcc4\uc2dc, \ub300\ud55c\ubbfc\uad6d", "contact": {"facebook": "1306637906030813", "twitter": "koreaph"}, "firstName": "Soo Hyeong", "tips": {"count": 141}, "gender": "male", "lastName": "Lee", "lists": {"groups": [{"count": 12, "type": "created", "items": []}]}, "bio": "photographer, Web, multimedia content, photos, video, drum,\r\nArtist, Nature,  http://www.tv1.kr"}, {"id": "5187881", "photo": {"prefix": "https://igx.4sqi.net/img/user/", "suffix": "/5187881-VLTK0KKQZVP1KFYB.jpg"}, "homeCity": "Singapore", "contact": {"facebook": "10153723666160011", "twitter": "tracychong"}, "firstName": "Tracy", "tips": {"count": 3}, "gender": "female", "lastName": "Chong", "lists": {"groups": [{"count": 2, "type": "created", "items": []}]}, "bio": "http://www.peekholidays.com"}, {"id": "443417", "photo": {"prefix": "https://igx.4sqi.net/img/user/", "suffix": "/HHZ1MYYX4I1Q4OSX.jpg"}, "homeCity": "Singapore", "contact": {"twitter": "moonberry"}, "firstName": "Moonberry", "tips": {"count": 91}, "gender": "female", "lists": {"groups": [{"count": 5, "type": "created", "items": []}]}, "bio": "Instagram @moonberry"}, {"id": "361249948", "photo": {"prefix": "https://igx.4sqi.net/img/user/", "suffix": "/361249948_nc3YU-Y2_nKWD_92RAc0s7qzNrx1TRGfsiND92jNr83RxPZNt83kkHFkMviTvmJsYZbDUINmY.jpg"}, "homeCity": "Singapore", "contact": {"facebook": "1423319011016449", "twitter": "christinapeixin"}, "firstName": "Christina", "tips": {"count": 0}, "gender": "female", "lastName": "Peixin", "lists": {"groups": [{"count": 2, "type": "created", "items": []}]}, "bio": ""}, {"id": "10483742", "photo": {"prefix": "https://igx.4sqi.net/img/user/", "suffix": "/BV5OPKGODEERSZFJ.jpg"}, "homeCity": "Singapore", "contact": {"facebook": "626728381", "twitter": "peiishann"}, "firstName": "Peishan", "tips": {"count": 3}, "gender": "female", "lastName": "Tan", "lists": {"groups": [{"count": 2, "type": "created", "items": []}]}, "bio": ""}, {"id": "4816236", "photo": {"prefix": "https://igx.4sqi.net/img/user/", "suffix": "/4816236-0JYV2ZO5UI24P2OV.jpg"}, "homeCity": "Singapore", "contact": {"facebook": "763318603", "twitter": "alvinaaaaaa"}, "firstName": "Alvina", "tips": {"count": 0}, "gender": "female", "lastName": "Low", "lists": {"groups": [{"count": 2, "type": "created", "items": []}]}, "bio": ""}, {"id": "694577", "photo": {"prefix": "https://igx.4sqi.net/img/user/", "suffix": "/694577-S2HDX31AILHJPGNO.jpg"}, "homeCity": "San Francisco, CA", "contact": {"twitter": "franceskim"}, "firstName": "Frances \ubbf8\ub77c", "tips": {"count": 106}, "gender": "female", "lists": {"groups": [{"count": 7, "type": "created", "items": []}]}, "bio": "World traveler, foodie, and believer in retail therapy. \r\n\r\nCatch me if you can"}, {"id": "4936081", "photo": {"prefix": "https://igx.4sqi.net/img/user/", "suffix": "/4936081-4HFVS2GHKOA5J53N.jpg"}, "homeCity": "Singapore", "contact": {"facebook": "1605430318", "twitter": "junethiirteen"}, "firstName": "YingYing.K", "tips": {"count": 4}, "gender": "female", "lists": {"groups": [{"count": 2, "type": "created", "items": []}]}, "bio": ""}, {"id": "14953900", "photo": {"prefix": "https://igx.4sqi.net/img/user/", "suffix": "/14953900-HFGEHX0DM5QBRKO5.jpg"}, "homeCity": "Singapore", "contact": {"facebook": "1369795658", "twitter": "cherrystained"}, "firstName": "Coey", "tips": {"count": 1}, "gender": "female", "lastName": "\ud83d\udd4a", "lists": {"groups": [{"count": 2, "type": "created", "items": []}]}, "bio": ""}, {"id": "1282228", "photo": {"prefix": "https://igx.4sqi.net/img/user/", "suffix": "/DUIWSHRH0F5XP0P1.jpg"}, "homeCity": "SG", "contact": {"facebook": "796739661", "twitter": "sweetchaneltyl"}, "firstName": "Tan", "tips": {"count": 1}, "gender": "female", "lastName": "Yiling", "lists": {"groups": [{"count": 2, "type": "created", "items": []}]}, "bio": ""}, {"id": "2444186", "photo": {"prefix": "https://igx.4sqi.net/img/user/", "suffix": "/2444186-MJNGS15L5IGDFJBX.jpg"}, "homeCity": "Sunny Island", "contact": {"facebook": "719947427"}, "firstName": "Clara", "tips": {"count": 21}, "gender": "female", "lastName": "N", "lists": {"groups": [{"count": 2, "type": "created", "items": []}]}, "bio": ""}, {"id": "27209720", "photo": {"prefix": "https://igx.4sqi.net/img/user/", "suffix": "/WYIP5YTNX2TV25MV.jpg"}, "homeCity": "Japan", "contact": {"facebook": "1179277229", "twitter": "lovexberries"}, "firstName": "Kerr Qi", "tips": {"count": 0}, "gender": "female", "lastName": "\u2661", "lists": {"groups": [{"count": 2, "type": "created", "items": []}]}, "bio": "Twitter: @thyloveaffair"}, {"id": "8347600", "photo": {"prefix": "https://igx.4sqi.net/img/user/", "suffix": "/8347600-CDQC1ENSBPFITDTM.jpg"}, "homeCity": "Paris", "contact": {"facebook": "668108910", "twitter": "jessicalrl"}, "firstName": "JESSICAAAAA\u2764", "tips": {"count": 0}, "gender": "female", "lists": {"groups": [{"count": 2, "type": "created", "items": []}]}, "bio": ""}, {"id": "504176", "photo": {"prefix": "https://igx.4sqi.net/img/user/", "suffix": "/BATW0SMK5T3NXE4U.jpg"}, "homeCity": "Singapore", "contact": {}, "firstName": "Kazumi", "tips": {"count": 14}, "gender": "female", "lastName": "Love", "lists": {"groups": [{"count": 7, "type": "created", "items": []}]}, "bio": ""}, {"id": "13311061", "photo": {"prefix": "https://igx.4sqi.net/img/user/", "suffix": "/LGH5KECUSQTEJJEF.jpg"}, "homeCity": "NY", "contact": {"facebook": "541814013", "twitter": "purishgal"}, "firstName": "Jasmine Purishgal", "tips": {"count": 0}, "gender": "female", "lastName": "Teng", "lists": {"groups": [{"count": 2, "type": "created", "items": []}]}, "bio": ""}, {"id": "4846890", "photo": {"prefix": "https://igx.4sqi.net/img/user/", "suffix": "/3KOVIRGQW32BZ1MN.jpg"}, "homeCity": "Singapore", "contact": {"facebook": "873865310", "twitter": "casandrafml"}, "firstName": "Casandra", "tips": {"count": 1}, "gender": "female", "lastName": "LoveSushi", "lists": {"groups": [{"count": 2, "type": "created", "items": []}]}, "bio": ""}, {"id": "11851608", "photo": {"prefix": "https://igx.4sqi.net/img/user/", "suffix": "/11851608-CY3ETQYWHM4BCYWE.jpg"}, "homeCity": "Nibong Tebal, Malaysia", "contact": {"facebook": "100001051781942", "twitter": "ly_ting"}, "firstName": "Ly Ting", "tips": {"count": 6}, "gender": "female", "lists": {"groups": [{"count": 2, "type": "created", "items": []}]}, "bio": "https://twitter.com/ly_ting"}, {"id": "68981372", "photo": {"prefix": "https://igx.4sqi.net/img/user/", "suffix": "/68981372-CS3YRCFZSGHVUMW4.jpg"}, "homeCity": "Singapore", "contact": {"facebook": "10202403552285198", "twitter": "jiehjiunnn"}, "firstName": "Jieh Jiunnn", "tips": {"count": 0}, "gender": "female", "lists": {"groups": [{"count": 2, "type": "created", "items": []}]}, "bio": "Anywhere"}, {"id": "16296691", "photo": {"prefix": "https://igx.4sqi.net/img/user/", "suffix": "/16296691-3BVUGUGHZ3NEQATY.jpg"}, "homeCity": "Bacoor, Philippines", "contact": {"twitter": "purple_brat08"}, "firstName": "Cj", "tips": {"count": 3}, "gender": "female", "lastName": "Costales", "lists": {"groups": [{"count": 2, "type": "created", "items": []}]}, "bio": "Evil when scorned."}, {"id": "7956003", "photo": {"prefix": "https://igx.4sqi.net/img/user/", "suffix": "/7956003-FTG13UKNUVNUDM3J.jpg"}, "homeCity": "Singapore", "contact": {"facebook": "692767105", "twitter": "lipslock_"}, "firstName": "Meishi", "tips": {"count": 0}, "gender": "female", "lastName": "Teo", "lists": {"groups": [{"count": 2, "type": "created", "items": []}]}, "bio": ""}, {"id": "8140248", "photo": {"prefix": "https://igx.4sqi.net/img/user/", "suffix": "/WFKZU1Y0UKEGVGJK.jpg"}, "homeCity": "malaysia, sabah", "contact": {}, "firstName": "isa", "tips": {"count": 0}, "gender": "female", "lastName": "bella", "lists": {"groups": [{"count": 2, "type": "created", "items": []}]}, "bio": ""}, {"id": "128482816", "photo": {"prefix": "https://igx.4sqi.net/img/user/", "suffix": "/128482816-4F4Z2WUTAKIWSVKY.jpg"}, "homeCity": "Singapore, 00", "contact": {"facebook": "1406971269328910", "twitter": "dlyt_"}, "firstName": "dannica", "tips": {"count": 1}, "gender": "female", "lastName": "low", "lists": {"groups": [{"count": 2, "type": "created", "items": []}]}, "bio": ""}, {"id": "5613051", "photo": {"prefix": "https://igx.4sqi.net/img/user/", "suffix": "/5613051_sFdDnSTA_pd-UJjrMf4LjZWBcPLS5d_sdHQjQdgra79HXO3UywA2cS7yaMxS87TweIEVRGuC2.jpg"}, "homeCity": "New York", "contact": {"facebook": "1322170553", "twitter": "shelinelam"}, "firstName": "Eline", "tips": {"count": 3}, "gender": "female", "lastName": "Lam", "lists": {"groups": [{"count": 2, "type": "created", "items": []}]}, "bio": "I am blessed."}, {"id": "3575252", "photo": {"prefix": "https://igx.4sqi.net/img/user/", "suffix": "/3575252-0WWZB02S1GUKCHKN.jpg"}, "homeCity": "Singapore", "contact": {"facebook": "597146570", "twitter": "missyblurry"}, "firstName": "Jaclyn", "tips": {"count": 13}, "gender": "female", "lastName": "Choo", "lists": {"groups": [{"count": 2, "type": "created", "items": []}]}, "bio": ""}, {"id": "22628137", "photo": {"prefix": "https://igx.4sqi.net/img/user/", "suffix": "/22628137-1L3RLJUO51ENPFOU.jpg"}, "homeCity": "Quezon City", "contact": {"twitter": "mynameismaan"}, "firstName": "Maan", "tips": {"count": 7}, "gender": "female", "lastName": "Adelantar", "lists": {"groups": [{"count": 7, "type": "created", "items": []}]}, "bio": ""}, {"id": "3163495", "photo": {"prefix": "https://igx.4sqi.net/img/user/", "suffix": "/3163495-PZGOLMRP4HYKZ2TY.jpg"}, "homeCity": "Singapore", "contact": {"facebook": "711686786", "twitter": "shiny_dancer89"}, "firstName": "Cassandra", "tips": {"count": 0}, "gender": "female", "lastName": "Ong", "lists": {"groups": [{"count": 2, "type": "created", "items": []}]}, "bio": ""}, {"id": "11265069", "photo": {"prefix": "https://igx.4sqi.net/img/user/", "suffix": "/11265069-AODD41502K3MME5V.jpg"}, "homeCity": "Singapore", "contact": {"facebook": "100000294136056"}, "firstName": "Vera", "tips": {"count": 0}, "gender": "female", "lastName": "Mok", "lists": {"groups": [{"count": 2, "type": "created", "items": []}]}, "bio": ""}, {"id": "10493594", "photo": {"prefix": "https://igx.4sqi.net/img/user/", "suffix": "/EQ3GSBXUTUWJPSMO.png"}, "homeCity": "Singapore", "contact": {"facebook": "100005462448391"}, "firstName": "Jacqueline", "tips": {"count": 0}, "gender": "female", "lastName": "Chen", "lists": {"groups": [{"count": 2, "type": "created", "items": []}]}, "bio": "team free will"}, {"id": "72824490", "photo": {"prefix": "https://igx.4sqi.net/img/user/", "suffix": "/72824490_cCFYvImo_OTrgeZO00HwP3XyvYwnMM70GjXhD85vB-Vqb-CoBddaDl5yne8xkRxRW1vm3GLhZ.jpg"}, "homeCity": "Singapore", "contact": {"twitter": "_xinyee"}, "firstName": "Xinyee", "tips": {"count": 0}, "gender": "female", "lists": {"groups": [{"count": 2, "type": "created", "items": []}]}, "bio": ""}, {"id": "5067965", "photo": {"prefix": "https://igx.4sqi.net/img/user/", "suffix": "/CN4FDW31KC20IUIN.jpg"}, "homeCity": "Singapore", "contact": {"facebook": "530993066", "twitter": "itweetxxmytweet"}, "firstName": "Candy", "tips": {"count": 0}, "gender": "female", "lastName": "Hui", "lists": {"groups": [{"count": 2, "type": "created", "items": []}]}, "bio": ""}, {"id": "86594302", "photo": {"prefix": "https://igx.4sqi.net/img/user/", "suffix": "/86594302-5N1BD3CONLBXN12C.jpg"}, "homeCity": "", "contact": {"facebook": "100000609250428", "twitter": "im_kristabel"}, "firstName": "Kristabel", "tips": {"count": 0}, "gender": "female", "lastName": "Tang", "lists": {"groups": [{"count": 2, "type": "created", "items": []}]}, "bio": "xoxo \ud83d\udc95"}, {"id": "1458272", "photo": {"prefix": "https://igx.4sqi.net/img/user/", "suffix": "/GTCOL1OKOH5HKMVY.jpg"}, "homeCity": "Singapore", "contact": {"facebook": "537711063", "twitter": "shekillsjuly"}, "firstName": "shekillsjuly", "tips": {"count": 2}, "gender": "female", "lastName": "X", "lists": {"groups": [{"count": 2, "type": "created", "items": []}]}, "bio": ""}, {"id": "4493422", "photo": {"prefix": "https://igx.4sqi.net/img/user/", "suffix": "/4493422-B5I1BGX1P5UZWOG5.jpg"}, "homeCity": "Singapore", "contact": {"facebook": "10206416536427828", "twitter": "reneeteng_"}, "firstName": "Renee", "tips": {"count": 0}, "gender": "female", "lastName": "Teng", "lists": {"groups": [{"count": 2, "type": "created", "items": []}]}, "bio": ""}, {"id": "33692423", "photo": {"prefix": "https://igx.4sqi.net/img/user/", "suffix": "/33692423_cOvWrTv0_rPSWDzv3J9D34eWW-ikgoGXLDxh1Ifthul1cSMFO0dHt3ofXXzh0c-wN8_2KhPqh.jpg"}, "homeCity": "Central District", "contact": {"facebook": "649885895", "twitter": "zacell"}, "firstName": "Power Gal", "tips": {"count": 260}, "gender": "female", "lists": {"groups": [{"count": 2, "type": "created", "items": []}]}, "bio": "JUST do it!"}, {"id": "30788609", "photo": {"prefix": "https://igx.4sqi.net/img/user/", "suffix": "/30788609_ZLSVQQq1_GZ_phQhYwf4puBL1x_-k9bEk5q0TZHfvXj1WLgmHjQGIsBykG1I5HMehFHY8SRhY.jpg"}, "homeCity": "Singapore", "contact": {"facebook": "1652712246", "twitter": "jessicayj_"}, "firstName": "JESSICA", "tips": {"count": 0}, "gender": "female", "lists": {"groups": [{"count": 2, "type": "created", "items": []}]}, "bio": ""}, {"id": "16199984", "photo": {"prefix": "https://igx.4sqi.net/img/user/", "suffix": "/KNPNGZB1LWP3IC4D.jpg"}, "homeCity": "Singapore", "contact": {"facebook": "1646445739", "twitter": "fatuglyme"}, "firstName": "Charlene", "tips": {"count": 0}, "gender": "male", "lastName": "Stuckinthatmoment", "lists": {"groups": [{"count": 2, "type": "created", "items": []}]}, "bio": ""}, {"id": "135961059", "photo": {"prefix": "https://igx.4sqi.net/img/user/", "suffix": "/135961059-HYNPY05DPF3ANBGG.jpg"}, "homeCity": "Singapore, 00", "contact": {}, "firstName": "Katrina", "tips": {"count": 0}, "gender": "female", "lastName": "Ziqi Katrina", "lists": {"groups": [{"count": 2, "type": "created", "items": []}]}, "bio": ""}, {"id": "4881854", "photo": {"prefix": "https://igx.4sqi.net/img/user/", "suffix": "/4881854-RVZOBAXACMPUKLK4.jpg"}, "homeCity": "Singapore", "contact": {"facebook": "1594458241", "twitter": "camiliafml"}, "firstName": "Camilia", "tips": {"count": 0}, "gender": "female", "lists": {"groups": [{"count": 2, "type": "created", "items": []}]}, "bio": ""}, {"id": "93404333", "photo": {"prefix": "https://igx.4sqi.net/img/user/", "suffix": "/93404333_vkvS8hoj_EszB2HOmj-6RkzQVAVRkmhYhsp-7NfDsIGOz7rlapUGt6Du3zN11ijgsSEJjix4c.jpg"}, "homeCity": "", "contact": {"facebook": "100001935476175", "twitter": "roopretelchamx_"}, "firstName": "Dawn", "tips": {"count": 0}, "gender": "female", "lists": {"groups": [{"count": 2, "type": "created", "items": []}]}, "bio": "No one is worth sacrificing for"}, {"id": "25496435", "photo": {"prefix": "https://igx.4sqi.net/img/user/", "suffix": "/25496435-Z0IVSHCQXF4IS4KY.jpg"}, "homeCity": "New York, NY", "contact": {"facebook": "554943076"}, "firstName": "Tinghui \u062a", "tips": {"count": 0}, "gender": "female", "lists": {"groups": [{"count": 2, "type": "created", "items": []}]}, "bio": ""}, {"id": "7984844", "photo": {"prefix": "https://igx.4sqi.net/img/user/", "suffix": "/7984844-MGK5SAFNGOXLGZDL.jpg"}, "homeCity": "Penang", "contact": {"facebook": "10153144863016718", "twitter": "carmen_chiawen"}, "firstName": "\ud83d\udc9fChia Wen\ud83c\udf38", "tips": {"count": 15}, "gender": "female", "lists": {"groups": [{"count": 10, "type": "created", "items": []}]}, "bio": ""}, {"id": "27297030", "photo": {"prefix": "https://igx.4sqi.net/img/user/", "suffix": "/27297030-RSRM1ACZTYJMWY1S.jpg"}, "homeCity": "", "contact": {"facebook": "100001562735223", "twitter": "myatpannhnitt"}, "firstName": "Myat", "tips": {"count": 1}, "gender": "female", "lists": {"groups": [{"count": 2, "type": "created", "items": []}]}, "bio": "Imma queen of the universe \ud83d\udc78"}, {"id": "5713154", "photo": {"prefix": "https://igx.4sqi.net/img/user/", "suffix": "/5AZ43RWQUEMD1L2K.jpg"}, "homeCity": "Singapore", "contact": {"facebook": "100005670578969", "twitter": "letishaletteluv"}, "firstName": "\u2665\u2661ChloeMelody.", "tips": {"count": 3}, "gender": "female", "lastName": "YumikaBelle \u2661\u2665", "lists": {"groups": [{"count": 2, "type": "created", "items": []}]}, "bio": "im friendly!\r\nsg, beauty therapist and consultant, freelance model & doing hm business\r\nfb: ChloMelody Yumika Belle\r\ntwitter: @yumikabelle"}, {"id": "3961035", "photo": {"prefix": "https://igx.4sqi.net/img/user/", "suffix": "/3961035-NVEDZR5ROC4Z5EZD.jpg"}, "homeCity": "Kuala Lumpur, Malaysia", "contact": {"facebook": "10154104695023052"}, "firstName": "Angie Kok", "tips": {"count": 1}, "gender": "female", "lists": {"groups": [{"count": 2, "type": "created", "items": []}]}, "bio": ""}, {"id": "47741269", "photo": {"prefix": "https://igx.4sqi.net/img/user/", "suffix": "/47741269-3BV0IIJCLXY53M1Q.jpg"}, "homeCity": "Singapore", "contact": {}, "firstName": "Gwyneth", "tips": {"count": 0}, "gender": "female", "lists": {"groups": [{"count": 2, "type": "created", "items": []}]}, "bio": ""}, {"id": "3533298", "photo": {"prefix": "https://igx.4sqi.net/img/user/", "suffix": "/3533298-BIKUY5NWL4C2EYNS.jpg"}, "homeCity": "Singapore", "contact": {"facebook": "761866263", "twitter": "dionislovespink"}, "firstName": "Dionis", "tips": {"count": 6}, "gender": "female", "lastName": "Liaw", "lists": {"groups": [{"count": 2, "type": "created", "items": []}]}, "bio": "Http://thebeautifuldreamsofmine.blogspot.com"}, {"id": "62641664", "photo": {"prefix": "https://igx.4sqi.net/img/user/", "suffix": "/62641664-ETRP3ICTAF0XCCNS.jpg"}, "homeCity": "Quezon City, NCR", "contact": {"facebook": "705166199604355", "twitter": "heyitsghieanne"}, "firstName": "Ghie Anne", "tips": {"count": 0}, "gender": "female", "lastName": "Inocencio", "lists": {"groups": [{"count": 2, "type": "created", "items": []}]}, "bio": ""}, {"id": "10496247", "photo": {"prefix": "https://igx.4sqi.net/img/user/", "suffix": "/10496247-C04N1FFIF2J1B1Q0.jpg"}, "homeCity": "Kuala Lumpur, Malaysia", "contact": {"facebook": "1282245651", "twitter": "nellychin"}, "firstName": "Nelly", "tips": {"count": 18}, "gender": "female", "lastName": "Chin", "lists": {"groups": [{"count": 3, "type": "created", "items": []}]}, "bio": ""}, {"id": "73612023", "photo": {"prefix": "https://igx.4sqi.net/img/user/", "suffix": "/73612023-DDB3QCG0BOB0UKLJ.jpg"}, "homeCity": "Puchong ", "contact": {"twitter": "jahveen"}, "firstName": "JahVeen", "tips": {"count": 0}, "gender": "female", "lists": {"groups": [{"count": 2, "type": "created", "items": []}]}, "bio": ""}, {"id": "8322892", "photo": {"prefix": "https://igx.4sqi.net/img/user/", "suffix": "/8322892-UNKKBTTF52NAGMZD.jpg"}, "homeCity": "Kota Kinabalu, Malaysia", "contact": {"facebook": "100000231981301", "twitter": "vickiemeiqi"}, "firstName": "vickie", "tips": {"count": 16}, "gender": "female", "lastName": "meiqi", "lists": {"groups": [{"count": 2, "type": "created", "items": []}]}, "bio": "Search \"vickiemeiqi\" to find me in any apps \ud83d\ude0f"}, {"id": "87840651", "photo": {"prefix": "https://igx.4sqi.net/img/user/", "suffix": "/87840651-QMYPNSYHGYAV4LHU.jpg"}, "homeCity": "Singapore", "contact": {}, "firstName": "Gnit", "tips": {"count": 0}, "gender": "female", "lastName": "Chua", "lists": {"groups": [{"count": 2, "type": "created", "items": []}]}, "bio": ""}, {"id": "2041508", "photo": {"prefix": "https://igx.4sqi.net/img/user/", "suffix": "/2041508-ZEBMWRBHRTUBPRXR.jpg"}, "homeCity": "Ho Chi Minh City", "contact": {"facebook": "725474541"}, "firstName": "Jelly", "tips": {"count": 20}, "gender": "female", "lists": {"groups": [{"count": 3, "type": "created", "items": []}]}, "bio": ""}, {"id": "4688964", "photo": {"prefix": "https://igx.4sqi.net/img/user/", "suffix": "/4688964-MORGKSWPT4B4WVGK.jpg"}, "homeCity": "SG", "contact": {"facebook": "1023786345", "twitter": "mettanikita"}, "firstName": "Metta", "tips": {"count": 0}, "gender": "female", "lists": {"groups": [{"count": 2, "type": "created", "items": []}]}, "bio": ""}, {"id": "33878150", "photo": {"prefix": "https://igx.4sqi.net/img/user/", "suffix": "/33878150-RJVMAHPLZIKRSZQP.jpg"}, "homeCity": "New York, NY", "contact": {"twitter": "regineveggie"}, "firstName": "Regine", "tips": {"count": 0}, "gender": "female", "lastName": "Veggie", "lists": {"groups": [{"count": 2, "type": "created", "items": []}]}, "bio": ""}, {"id": "39140491", "photo": {"prefix": "https://igx.4sqi.net/img/user/", "suffix": "/39140491-YD0QT4SB0JG50IZZ.jpg"}, "homeCity": "Singapore", "contact": {"facebook": "100007557347756", "twitter": "clarissathm"}, "firstName": "Clarissa", "tips": {"count": 0}, "gender": "female", "lastName": "Tan", "lists": {"groups": [{"count": 2, "type": "created", "items": []}]}, "bio": ""}, {"id": "19764313", "photo": {"prefix": "https://igx.4sqi.net/img/user/", "suffix": "/19764313-TKW5ASOGQX0VDEK5.jpg"}, "homeCity": "Singapore", "contact": {"facebook": "1636124185", "twitter": "reginaazx"}, "firstName": "Regina", "tips": {"count": 0}, "gender": "female", "lastName": "Lee", "lists": {"groups": [{"count": 2, "type": "created", "items": []}]}, "bio": ""}, {"id": "137105929", "photo": {"prefix": "https://igx.4sqi.net/img/user/", "suffix": "/137105929-SAFCAKPUH1T0VGK5.jpg"}, "homeCity": "Singapore, 00", "contact": {"facebook": "1172191996128067", "twitter": "fahvorr"}, "firstName": "fav\ud83d\udcab", "tips": {"count": 0}, "gender": "female", "lists": {"groups": [{"count": 2, "type": "created", "items": []}]}, "bio": "\ud83d\udc93\nig; @fav.orr\ntwitter; @fahvorr\n\ud83d\udc7b; favorlimmehh"}, {"id": "6525528", "photo": {"prefix": "https://igx.4sqi.net/img/user/", "suffix": "/6525528-UKL5J4DZGPM5UFZN.jpg"}, "homeCity": "Taipei, Taiwan", "contact": {"facebook": "685024788", "twitter": "miccocat"}, "firstName": "Micco", "tips": {"count": 33}, "gender": "female", "lists": {"groups": [{"count": 2, "type": "created", "items": []}]}, "bio": ""}, {"id": "25745576", "photo": {"prefix": "https://igx.4sqi.net/img/user/", "suffix": "/25745576-H1OI2M0L245SDNPH.jpg"}, "homeCity": "New York, NY", "contact": {"twitter": "jasminenjm95"}, "firstName": "Jasmine", "tips": {"count": 0}, "gender": "female", "lastName": "Neo", "lists": {"groups": [{"count": 2, "type": "created", "items": []}]}, "bio": ""}, {"id": "8287334", "photo": {"prefix": "https://igx.4sqi.net/img/user/", "suffix": "/8287334-PV31GTOFBEV2OHUB.jpg"}, "homeCity": "Singapore", "contact": {"facebook": "1577780598", "twitter": "kerainexagt"}, "firstName": "GeokTing", "tips": {"count": 1}, "gender": "female", "lists": {"groups": [{"count": 2, "type": "created", "items": []}]}, "bio": "Money, my goals for now."}, {"id": "58079099", "photo": {"prefix": "https://igx.4sqi.net/img/user/", "suffix": "/58079099-5PSUKSJZRNHIMQO2.jpg"}, "homeCity": "Kuala Lumpur, 14", "contact": {"facebook": "1056793189", "twitter": "vonneetan"}, "firstName": "VoNne", "tips": {"count": 0}, "gender": "female", "lastName": "Tan", "lists": {"groups": [{"count": 2, "type": "created", "items": []}]}, "bio": ""}, {"id": "5822764", "photo": {"prefix": "https://igx.4sqi.net/img/user/", "suffix": "/GLEZAQNDNJGJ4C01.jpg"}, "homeCity": "Singapore", "contact": {"facebook": "100001364650723"}, "firstName": "Jasline", "tips": {"count": 14}, "gender": "female", "lastName": "Chua", "lists": {"groups": [{"count": 2, "type": "created", "items": []}]}, "bio": ""}, {"id": "4534253", "photo": {"prefix": "https://igx.4sqi.net/img/user/", "suffix": "/4534253-HGJZHGBVOGOJDKR0.jpg"}, "homeCity": "Singapore", "contact": {"twitter": "_felly"}, "firstName": "Fur\ud83e\udd13", "tips": {"count": 44}, "gender": "female", "lastName": "babyx", "lists": {"groups": [{"count": 2, "type": "created", "items": []}]}, "bio": "Explore Experience Enjoy & Eat!\ud83e\udd18\ud83c\udffb"}, {"id": "4056149", "photo": {"prefix": "https://igx.4sqi.net/img/user/", "suffix": "/4056149-RBDYW20J4U4B0JHU.jpg"}, "homeCity": "Kuala Lumpur, Malaysia", "contact": {}, "firstName": "Bonnie", "tips": {"count": 4}, "gender": "female", "lastName": "Lim", "lists": {"groups": [{"count": 2, "type": "created", "items": []}]}, "bio": "Never give up in life \ud83d\udc9f"}, {"id": "118735715", "photo": {"prefix": "https://igx.4sqi.net/img/user/", "suffix": "/118735715_eWMp2enp_J0Of4gEFZut-DHjsQJthJTfCSPZVt0cd7LR8LjiLI1-gF5byEo4a0imLFuGZYpcA.jpg"}, "homeCity": "", "contact": {"twitter": "csjhx"}, "firstName": "maine\ud83d\udc95", "tips": {"count": 0}, "gender": "female", "lists": {"groups": [{"count": 2, "type": "created", "items": []}]}, "bio": ""}, {"id": "23169718", "photo": {"prefix": "https://igx.4sqi.net/img/user/", "suffix": "/23169718-41QD2B4HE2BIKUJF.jpg"}, "homeCity": "Singapore , Toa payoh ", "contact": {"facebook": "1063575569", "twitter": "jacqquelineee"}, "firstName": "Jacq", "tips": {"count": 0}, "gender": "female", "lists": {"groups": [{"count": 2, "type": "created", "items": []}]}, "bio": ""}, {"id": "74646334", "photo": {"prefix": "https://igx.4sqi.net/img/user/", "suffix": "/74646334-BKEPEV24T10L5CW2.jpg"}, "homeCity": "Taipei", "contact": {"facebook": "1555981661"}, "firstName": "Miya", "tips": {"count": 28}, "gender": "female", "lastName": "Tsai", "lists": {"groups": [{"count": 2, "type": "created", "items": []}]}, "bio": ""}, {"id": "80975960", "photo": {"prefix": "https://igx.4sqi.net/img/user/", "suffix": "/80975960_AFOyej2i_AGe_myBelLUZAHT799pvSXq2sB0yPOeUeURHoBe6dImaQRGIYkg6msMq-xx5dVGx.jpg"}, "homeCity": "Singapore", "contact": {"twitter": "gwynxthlim"}, "firstName": "Gwyneth L.", "tips": {"count": 0}, "gender": "female", "lists": {"groups": [{"count": 2, "type": "created", "items": []}]}, "bio": ""}, {"id": "88810778", "photo": {"prefix": "https://igx.4sqi.net/img/user/", "suffix": "/88810778-3LRVULML4T0XF0RO.jpg"}, "homeCity": "Singapore", "contact": {"facebook": "1554523910", "twitter": "zyfionn"}, "firstName": "Fionn", "tips": {"count": 0}, "gender": "female", "lists": {"groups": [{"count": 2, "type": "created", "items": []}]}, "bio": ""}, {"id": "3017522", "photo": {"prefix": "https://igx.4sqi.net/img/user/", "suffix": "/OS1I0JJJXUKQ3DFN.jpg"}, "homeCity": "Singapore", "contact": {"facebook": "596846487", "twitter": "xvictorielle"}, "firstName": "Ying Yi", "tips": {"count": 5}, "gender": "female", "lastName": "Victorielle", "lists": {"groups": [{"count": 2, "type": "created", "items": []}]}, "bio": "Hokkaido icecream<3 ~ \r\nFacebook.com/xyingyi"}, {"id": "5290450", "photo": {"prefix": "https://igx.4sqi.net/img/user/", "suffix": "/J25XAZMNU5KPVSKH.jpg"}, "homeCity": "Singapore", "contact": {"facebook": "100001067487644", "twitter": "bitchismeftw"}, "firstName": "Si", "tips": {"count": 0}, "gender": "female", "lastName": "Ling", "lists": {"groups": [{"count": 2, "type": "created", "items": []}]}, "bio": ""}, {"id": "46273693", "photo": {"prefix": "https://igx.4sqi.net/img/user/", "suffix": "/46273693-ISWBSJZMR4O5MKAY.jpg"}, "homeCity": "Selangor", "contact": {"facebook": "100000353414591"}, "firstName": "Sook Ling \ud83c\udf52", "tips": {"count": 3}, "gender": "female", "lists": {"groups": [{"count": 2, "type": "created", "items": []}]}, "bio": ""}, {"id": "47345443", "photo": {"prefix": "https://igx.4sqi.net/img/user/", "suffix": "/47345443-5WPARP5FUP2JADTG.jpg"}, "homeCity": "Taipei, Taiwan", "contact": {"facebook": "100002123446165", "twitter": "pin_hkfc"}, "firstName": "\u3074\u3093", "tips": {"count": 0}, "gender": "male", "lists": {"groups": [{"count": 2, "type": "created", "items": []}]}, "bio": ""}, {"id": "23404895", "photo": {"prefix": "https://igx.4sqi.net/img/user/", "suffix": "/23404895-R2ZOAJRCT12D2WMZ.jpg"}, "homeCity": "Singapore", "contact": {"facebook": "10153681986242222", "twitter": "spinningtruths"}, "firstName": "Chloe", "tips": {"count": 1}, "gender": "female", "lastName": "LimPY", "lists": {"groups": [{"count": 2, "type": "created", "items": []}]}, "bio": ""}, {"id": "6965809", "photo": {"prefix": "https://igx.4sqi.net/img/user/", "suffix": "/6965809-VJ1FKX1BNZDXQNBL.jpg"}, "homeCity": "Thailand,BKK", "contact": {"facebook": "100000424534443", "twitter": "sandy971107"}, "firstName": "Imssandy", "tips": {"count": 0}, "gender": "female", "lists": {"groups": [{"count": 2, "type": "created", "items": []}]}, "bio": ""}, {"id": "26183290", "photo": {"prefix": "https://igx.4sqi.net/img/user/", "suffix": "/26183290-T4UVREG31ISIODVX.jpg"}, "homeCity": "Singapore", "contact": {"facebook": "100003141614428", "twitter": "alysiachew_"}, "firstName": "Alysia", "tips": {"count": 1}, "gender": "female", "lastName": "Chew", "lists": {"groups": [{"count": 3, "type": "created", "items": []}]}, "bio": "+65"}, {"id": "18118149", "photo": {"prefix": "https://igx.4sqi.net/img/user/", "suffix": "/NCHQXOOZQGPSECBA.jpg"}, "homeCity": "Selayang jaya", "contact": {"facebook": "1170757035"}, "firstName": "Evon", "tips": {"count": 1}, "gender": "female", "lastName": "Chin", "lists": {"groups": [{"count": 2, "type": "created", "items": []}]}, "bio": ""}, {"id": "6132936", "photo": {"prefix": "https://igx.4sqi.net/img/user/", "suffix": "/OKHLYJCYFIONQ254.jpg"}, "homeCity": "Singapore", "contact": {"facebook": "100003580482670"}, "firstName": "Joey", "tips": {"count": 0}, "gender": "female", "lastName": "Mah", "lists": {"groups": [{"count": 2, "type": "created", "items": []}]}, "bio": ""}, {"id": "8451180", "photo": {"prefix": "https://igx.4sqi.net/img/user/", "suffix": "/8451180-YT1L1QQEYXYMR2TW.jpg"}, "homeCity": "Singapore", "contact": {"facebook": "729648257", "twitter": "rainb0wr0ses"}, "firstName": "JosephineJoyce", "tips": {"count": 0}, "gender": "female", "lastName": "Simsiyin", "lists": {"groups": [{"count": 2, "type": "created", "items": []}]}, "bio": ""}, {"id": "4516438", "photo": {"prefix": "https://igx.4sqi.net/img/user/", "suffix": "/4516438-POBANIKCV12ZXWIC.jpg"}, "homeCity": "Singapore", "contact": {"facebook": "682639199", "twitter": "corrinasoh_"}, "firstName": "Corrina", "tips": {"count": 0}, "gender": "female", "lastName": "Own", "lists": {"groups": [{"count": 2, "type": "created", "items": []}]}, "bio": ""}, {"id": "123051551", "photo": {"prefix": "https://igx.4sqi.net/img/user/", "suffix": "/123051551_eDxlnvM0_WvkLV0vyky0PJ9RemDa3FZwYqmNyNp2aZaTuq8_IS3tKsYbC9A_yC0HYegsIo1Jo.jpg"}, "homeCity": "Singapore", "contact": {"twitter": "roroaxr_"}, "firstName": "roro\ud83e\udd84", "tips": {"count": 0}, "gender": "female", "lists": {"groups": [{"count": 2, "type": "created", "items": []}]}, "bio": ""}, {"id": "30626449", "photo": {"prefix": "https://igx.4sqi.net/img/user/", "suffix": "/KOUAT5TSY2HA0UZZ.jpg"}, "homeCity": "Hong Kong", "contact": {"facebook": "100000366231824"}, "firstName": "QIANN", "tips": {"count": 1}, "gender": "female", "lastName": "DESIGNS", "lists": {"groups": [{"count": 2, "type": "created", "items": []}]}, "bio": "Luv life & luv jewelry :>\r\nwww.qianndesigns.com"}, {"id": "3378545", "photo": {"prefix": "https://igx.4sqi.net/img/user/", "suffix": "/3378545-FQFH5EIIJ2O0YBZA.jpg"}, "homeCity": "Singapore", "contact": {"facebook": "1076454509", "twitter": "vinepurplicious"}, "firstName": "Shindy", "tips": {"count": 2}, "gender": "female", "lastName": "Queen", "lists": {"groups": [{"count": 2, "type": "created", "items": []}]}, "bio": ""}, {"id": "6484317", "photo": {"prefix": "https://igx.4sqi.net/img/user/", "suffix": "/6484317-HPUGT1TR0Q1Z3DUF.jpg"}, "homeCity": "Malaysia", "contact": {"facebook": "717303112"}, "firstName": "Zoey", "tips": {"count": 129}, "gender": "female", "lastName": "Mun", "lists": {"groups": [{"count": 2, "type": "created", "items": []}]}, "bio": ""}, {"id": "60152504", "photo": {"prefix": "https://igx.4sqi.net/img/user/", "suffix": "/01Y1FNDO5DMZI3RM.jpg"}, "homeCity": "Singapore", "contact": {"facebook": "1619644017", "twitter": "flxxph"}, "firstName": "Fangling", "tips": {"count": 0}, "gender": "female", "lastName": "Peh", "lists": {"groups": [{"count": 2, "type": "created", "items": []}]}, "bio": ""}, {"id": "27752435", "photo": {"prefix": "https://igx.4sqi.net/img/user/", "suffix": "/27752435-2KZISGN3LLDENEDU.jpg"}, "homeCity": "Singapore", "contact": {"facebook": "1463120755"}, "firstName": "Bella", "tips": {"count": 0}, "gender": "female", "lastName": "J", "lists": {"groups": [{"count": 2, "type": "created", "items": []}]}, "bio": ""}, {"id": "6974596", "photo": {"prefix": "https://igx.4sqi.net/img/user/", "suffix": "/6974596-ZR0PSJRAYXDPWX0E.jpg"}, "homeCity": "Singapore", "contact": {"facebook": "1327779071"}, "firstName": "\u2761race", "tips": {"count": 4}, "gender": "female", "lists": {"groups": [{"count": 16, "type": "created", "items": []}]}, "bio": ""}, {"id": "28464875", "photo": {"prefix": "https://igx.4sqi.net/img/user/", "suffix": "/YVABXJDVDNN1PGFM.png"}, "homeCity": "Earth", "contact": {"twitter": "ric_chang"}, "firstName": "Ric\u2122 \uf8ff", "tips": {"count": 163}, "gender": "male", "lastName": "\ud83d\udeb2", "lists": {"groups": [{"count": 14, "type": "created", "items": []}]}, "bio": "Use Yelp now!"}, {"id": "18189937", "photo": {"prefix": "https://igx.4sqi.net/img/user/", "suffix": "/KNJAIEKYIYD3BK1Y.jpg"}, "homeCity": "Singapore", "contact": {"twitter": "clairetyh"}, "firstName": "Claire", "tips": {"count": 0}, "gender": "female", "lastName": "Thean", "lists": {"groups": [{"count": 2, "type": "created", "items": []}]}, "bio": ""}, {"id": "11982141", "photo": {"prefix": "https://igx.4sqi.net/img/user/", "suffix": "/11982141-X1FZXXWPJ2YUHFGM.jpg"}, "homeCity": "Yew Tee", "contact": {"facebook": "636503720", "twitter": "j_lifeisabitch"}, "firstName": "Jo-Ann", "tips": {"count": 20}, "gender": "female", "lastName": "Yam", "lists": {"groups": [{"count": 4, "type": "created", "items": []}]}, "bio": "Food and dessert is my job."}, {"id": "5092835", "photo": {"prefix": "https://igx.4sqi.net/img/user/", "suffix": "/TMYYBGJIYAPYA0GF.jpg"}, "homeCity": "Singapore", "contact": {"facebook": "527084603", "twitter": "stainedlovee"}, "firstName": "chua", "tips": {"count": 1}, "gender": "female", "lastName": "shuting", "lists": {"groups": [{"count": 2, "type": "created", "items": []}]}, "bio": ""}, {"id": "123199670", "photo": {"prefix": "https://igx.4sqi.net/img/user/", "suffix": "/123199670-HLEEUW2FMMXB3SWP.jpg"}, "homeCity": "Taipei, Taiwan", "contact": {"facebook": "680205825438246"}, "firstName": "Jennifer", "tips": {"count": 4}, "gender": "female", "lastName": "Keyfruit", "lists": {"groups": [{"count": 3, "type": "created", "items": []}]}, "bio": ""}, {"id": "62366581", "photo": {"prefix": "https://igx.4sqi.net/img/user/", "suffix": "/62366581-GL4PFOTRPG1VCSUD.jpg"}, "homeCity": "Kl", "contact": {"twitter": "kcy94"}, "firstName": "Chee Ying", "tips": {"count": 0}, "gender": "female", "lists": {"groups": [{"count": 3, "type": "created", "items": []}]}, "bio": ""}, {"id": "3461503", "photo": {"prefix": "https://igx.4sqi.net/img/user/", "suffix": "/3461503-YYWCZQI4NHZLJ2ZH.jpg"}, "homeCity": "\ub300\ud55c\ubbfc\uad6d", "contact": {"facebook": "10208304819072071", "twitter": "heewon_sophie"}, "firstName": "Sophie", "tips": {"count": 0}, "gender": "female", "lastName": "Yoon", "lists": {"groups": [{"count": 2, "type": "created", "items": []}]}, "bio": ""}, {"id": "6491783", "photo": {"prefix": "https://igx.4sqi.net/img/user/", "suffix": "/6491783-LVTS1EPPNLK0OWZC.jpg"}, "homeCity": "Singapore", "contact": {"facebook": "900656183312565", "twitter": "xdreamcatchersx"}, "firstName": "Valentina\ud83e\udd84\u2604", "tips": {"count": 0}, "gender": "female", "lists": {"groups": [{"count": 2, "type": "created", "items": []}]}, "bio": "\ud83e\udd84\ud83d\udc93\ud83e\udd84\ud83d\udc93"}, {"id": "114251263", "photo": {"prefix": "https://igx.4sqi.net/img/user/", "suffix": "/114251263_1OirWshs_ow7g2G5Riq1yZcqan5fC0csiE15RW6xu_2_5aXn12kfCPT-i-t-qhQFi_nu8vqTc.jpg"}, "homeCity": "", "contact": {"twitter": "melnsb"}, "firstName": "Kerbmel", "tips": {"count": 0}, "gender": "female", "lastName": "N.", "lists": {"groups": [{"count": 2, "type": "created", "items": []}]}, "bio": "@16mel_"}, {"id": "9078388", "photo": {"prefix": "https://igx.4sqi.net/img/user/", "suffix": "/9078388_Kt0NsP57_nTF_ADfjRC2AOe0FxH5zO8BwJBVSYie7UKZWqrqiH6WnFWt8cwobAVmeoLOnwLBv.jpg"}, "homeCity": "Singapore", "contact": {"facebook": "100001983890982", "twitter": "tinyacidz"}, "firstName": "Luiyun", "tips": {"count": 0}, "gender": "female", "lastName": "Tinyacidz \ud83d\udc90", "lists": {"groups": [{"count": 2, "type": "created", "items": []}]}, "bio": ""}, {"id": "18869074", "photo": {"prefix": "https://igx.4sqi.net/img/user/", "suffix": "/18869074-L452CNFTIHWBYMCW.jpg"}, "homeCity": "Singapore", "contact": {"facebook": "688338105", "twitter": "cqianling"}, "firstName": "Qianling", "tips": {"count": 0}, "gender": "female", "lastName": "Chan", "lists": {"groups": [{"count": 2, "type": "created", "items": []}]}, "bio": ""}, {"id": "31045369", "photo": {"prefix": "https://igx.4sqi.net/img/user/", "suffix": "/31045369_S7dZyXqg_PAefRoxEIJU-hkQaDVyHRNe23vkGUGOehKE38hhGa3lhSVa4tyoAKCwcpoXHRsG9.jpg"}, "homeCity": "New York, NY", "contact": {"facebook": "656165191181374", "twitter": "sirmanthaaleong"}, "firstName": "SIRMANTHA.L", "tips": {"count": 1}, "gender": "female", "lists": {"groups": [{"count": 2, "type": "created", "items": []}]}, "bio": ""}, {"id": "13045737", "photo": {"prefix": "https://igx.4sqi.net/img/user/", "suffix": "/ZFW50NSNVN12USI2.jpg"}, "homeCity": "Taiwan", "contact": {"facebook": "621600407", "twitter": "smfajardo"}, "firstName": "Stacy", "tips": {"count": 1}, "gender": "female", "lastName": "Fajardo", "lists": {"groups": [{"count": 2, "type": "created", "items": []}]}, "bio": ""}, {"id": "64473608", "photo": {"prefix": "https://igx.4sqi.net/img/user/", "suffix": "/64473608-2XPRUZQXTGN3MXQ0.jpg"}, "homeCity": "Batu Caves", "contact": {"facebook": "553937295"}, "firstName": "Shareen", "tips": {"count": 0}, "gender": "female", "lastName": "Liying", "lists": {"groups": [{"count": 2, "type": "created", "items": []}]}, "bio": ""}, {"id": "3707999", "photo": {"prefix": "https://igx.4sqi.net/img/user/", "suffix": "/KL32LKLKPCAZ2EBJ.jpg"}, "homeCity": "Hong Kong, Hong Kong", "contact": {"facebook": "630110334", "twitter": "bunnyblogshk"}, "firstName": "Jennifer", "tips": {"count": 2}, "gender": "female", "lastName": "Cheng", "lists": {"groups": [{"count": 2, "type": "created", "items": []}]}, "bio": "Founder & CEO of beauty and fashion brand Glam-it! Glam-it.com"}, {"id": "6495492", "photo": {"prefix": "https://igx.4sqi.net/img/user/", "suffix": "/6495492-Y2DRQWLLXQG3FDIK.jpg"}, "homeCity": "Singapore", "contact": {"twitter": "p0ppingbottles"}, "firstName": "Queen", "tips": {"count": 0}, "gender": "female", "lists": {"groups": [{"count": 2, "type": "created", "items": []}]}, "bio": "+65 | lel ok bye"}, {"id": "127479803", "photo": {"prefix": "https://igx.4sqi.net/img/user/", "suffix": "/127479803-JUBGRSTTHMHYNVLD.jpg"}, "homeCity": "Singapore", "contact": {"facebook": "1399910366999891", "twitter": "mich_sm"}, "firstName": "Michelle", "tips": {"count": 0}, "gender": "female", "lastName": "Csm", "lists": {"groups": [{"count": 2, "type": "created", "items": []}]}, "bio": ""}, {"id": "11384190", "photo": {"prefix": "https://igx.4sqi.net/img/user/", "suffix": "/11384190-DYAUJ0WVW44PDXHU.jpg"}, "homeCity": "Singapore", "contact": {"facebook": "100000615755436", "twitter": "ngsokkan"}, "firstName": "Sokkan", "tips": {"count": 0}, "gender": "female", "lastName": "Ng", "lists": {"groups": [{"count": 3, "type": "created", "items": []}]}, "bio": "\ud83d\ude0a\ud83d\ude1d\ud83d\ude1b"}, {"id": "18926103", "photo": {"prefix": "https://igx.4sqi.net/img/user/", "suffix": "/18926103-GI2UQMHCJCJID5UG.jpg"}, "homeCity": "Butterworth, Malaysia", "contact": {"facebook": "1457597996", "twitter": "limyhui"}, "firstName": "Yihui", "tips": {"count": 0}, "gender": "female", "lastName": "Lim", "lists": {"groups": [{"count": 2, "type": "created", "items": []}]}, "bio": ""}, {"id": "42653568", "photo": {"prefix": "https://igx.4sqi.net/img/user/", "suffix": "/42653568-2QQXGJ3B0PSFGWX1.jpg"}, "homeCity": "Sabah", "contact": {"facebook": "100000124159414", "twitter": "merrysii"}, "firstName": "Lms", "tips": {"count": 0}, "gender": "female", "lastName": "Merry", "lists": {"groups": [{"count": 2, "type": "created", "items": []}]}, "bio": "\u2764 Gene\ud83d\ude0d\ud83d\ude18"}, {"id": "13059538", "photo": {"prefix": "https://igx.4sqi.net/img/user/", "suffix": "/13059538-QN3ZWBNV2FNKYDJJ.jpg"}, "homeCity": "Seng Kang", "contact": {"facebook": "10202610113448578", "twitter": "aeslzxc"}, "firstName": "Alicia", "tips": {"count": 0}, "gender": "female", "lastName": "\u2744\ufe0f", "lists": {"groups": [{"count": 2, "type": "created", "items": []}]}, "bio": "@aeslzxc"}, {"id": "64514988", "photo": {"prefix": "https://igx.4sqi.net/img/user/", "suffix": "/64514988-UYSLXSFPMDQ4MFGM.jpg"}, "homeCity": "Singapore", "contact": {"twitter": "woahrach"}, "firstName": "rachel", "tips": {"count": 0}, "gender": "female", "lastName": "lim", "lists": {"groups": [{"count": 2, "type": "created", "items": []}]}, "bio": "ig : rachxlzz \ud83c\udf1f"}, {"id": "5744324", "photo": {"prefix": "https://igx.4sqi.net/img/user/", "suffix": "/5744324-PRTXSSCOS4EBDZMR.jpg"}, "homeCity": "\u4e2d\u5c71\u5340, Taiwan", "contact": {}, "firstName": "Charlotte", "tips": {"count": 4}, "gender": "female", "lastName": "Tischler", "lists": {"groups": [{"count": 4, "type": "created", "items": []}]}, "bio": ""}, {"id": "8668862", "photo": {"prefix": "https://igx.4sqi.net/img/user/", "suffix": "/XD3Q4ZFG4E2RW4IL.jpg"}, "homeCity": "Singapore", "contact": {}, "firstName": "LINGGGGG", "tips": {"count": 5}, "gender": "female", "lastName": "GDKJY", "lists": {"groups": [{"count": 27, "type": "created", "items": []}]}, "bio": ""}, {"id": "12470017", "photo": {"prefix": "https://igx.4sqi.net/img/user/", "suffix": "/12470017_XJZaPsxr_xZb5nV2bUGAdrK1Vb8TMD7YrXTl-PSf6Ks2kPYwTXsaYrNS3xUmLpBDhvTm9Uisu.jpg"}, "homeCity": "\u0e2d.\u0e2b\u0e32\u0e14\u0e43\u0e2b\u0e0d\u0e48, \u0e1b\u0e23\u0e30\u0e40\u0e17\u0e28\u0e44\u0e17\u0e22", "contact": {"facebook": "10152994739917876", "twitter": "princehae"}, "firstName": "Awika", "tips": {"count": 0}, "gender": "female", "lastName": "Suyasit", "lists": {"groups": [{"count": 2, "type": "created", "items": []}]}, "bio": ""}, {"id": "28225645", "photo": {"prefix": "https://igx.4sqi.net/img/user/", "suffix": "/28225645-3SRQ1ACS5T5LAXHV.jpg"}, "homeCity": "Singapore", "contact": {"twitter": "kimmxue"}, "firstName": "xue", "tips": {"count": 0}, "gender": "female", "lastName": "kimberleen", "lists": {"groups": [{"count": 2, "type": "created", "items": []}]}, "bio": ""}, {"id": "43082780", "photo": {"prefix": "https://igx.4sqi.net/img/user/", "suffix": "/DONZEQP1WHQJI4NT.jpg"}, "homeCity": "New York, NY", "contact": {"facebook": "1379902875"}, "firstName": "Apple", "tips": {"count": 0}, "gender": "female", "lastName": "L'them", "lists": {"groups": [{"count": 2, "type": "created", "items": []}]}, "bio": ""}, {"id": "16943590", "photo": {"prefix": "https://igx.4sqi.net/img/user/", "suffix": "/QD2MJEYOB2T4LPJU.jpg"}, "homeCity": "Sejong, Korea ", "contact": {"facebook": "100001254102133", "twitter": "juck03"}, "firstName": "Miji", "tips": {"count": 17}, "gender": "female", "lastName": "L.", "lists": {"groups": [{"count": 2, "type": "created", "items": []}]}, "bio": ""}, {"id": "65193298", "photo": {"prefix": "https://igx.4sqi.net/img/user/", "suffix": "/65193298_YTGwucuq_i8Bv-ErCy6GH7FKOUyYB66JA8rdCL9CZTWJvW6ugLBPe3LY2hvy2wqO6lo4qnzMS.jpg"}, "homeCity": "Taipei, Taiwan", "contact": {"facebook": "839068497"}, "firstName": "Rach.l", "tips": {"count": 10}, "gender": "none", "lists": {"groups": [{"count": 17, "type": "created", "items": []}]}, "bio": ""}, {"id": "6468246", "photo": {"prefix": "https://igx.4sqi.net/img/user/", "suffix": "/6468246-POA1K4F4OWPEUAEE.jpg"}, "homeCity": "New York, NY", "contact": {"facebook": "693329359", "twitter": "zeroleft"}, "firstName": "Soon", "tips": {"count": 0}, "gender": "female", "lastName": "Sian", "lists": {"groups": [{"count": 2, "type": "created", "items": []}]}, "bio": ""}, {"id": "10579782", "photo": {"prefix": "https://igx.4sqi.net/img/user/", "suffix": "/ZJJKOSQ414HDSOJM.jpg"}, "homeCity": "Hong Kong", "contact": {"facebook": "708127758"}, "firstName": "Connie", "tips": {"count": 32}, "gender": "female", "lastName": "Lai", "lists": {"groups": [{"count": 2, "type": "created", "items": []}]}, "bio": ""}, {"id": "12554020", "photo": {"prefix": "https://igx.4sqi.net/img/user/", "suffix": "/12554020-CX4BOFVRGOS4Q3K5.jpg"}, "homeCity": "Singapore", "contact": {"facebook": "1153219104", "twitter": "elvies9"}, "firstName": "\u00cb\u2113\u03d1\u13a5\u0118\u0160", "tips": {"count": 99}, "gender": "female", "lists": {"groups": [{"count": 16, "type": "created", "items": []}]}, "bio": "\u79c1\u306b\u8fd1\u5bc4\u3089\u306a\u3044\u3067\u4e0b\u3055\u3044\u3002\u56f0\u308a\u307e\u3059\u3002"}, {"id": "28236605", "photo": {"prefix": "https://igx.4sqi.net/img/user/", "suffix": "/28236605-3DKTZTM4ECIW5ISU.jpg"}, "homeCity": "Manila, Philippines ", "contact": {"facebook": "21002544", "twitter": "devonwong"}, "firstName": "Devon", "tips": {"count": 4}, "gender": "female", "lastName": "Wong", "lists": {"groups": [{"count": 2, "type": "created", "items": []}]}, "bio": ""}, {"id": "51982964", "photo": {"prefix": "https://igx.4sqi.net/img/user/", "suffix": "/RERMDNPNIU50KNLW.jpg"}, "homeCity": "Kuala Lumpur, 14", "contact": {"facebook": "100004011737302"}, "firstName": "Hong", "tips": {"count": 4}, "gender": "female", "lastName": "Karen", "lists": {"groups": [{"count": 4, "type": "created", "items": []}]}, "bio": "Senior marketing executive of http://www.kota-kinabalu-hotel.com and http://www.patongbeach-hotel.com/"}, {"id": "21751865", "photo": {"prefix": "https://igx.4sqi.net/img/user/", "suffix": "/4U5EOIXLVCJLSKX0.jpg"}, "homeCity": "France", "contact": {"facebook": "861835087", "twitter": "lanv42"}, "firstName": "Lanvin", "tips": {"count": 204}, "gender": "male", "superuser": 4, "lists": {"groups": [{"count": 2, "type": "created", "items": []}]}, "bio": "I love traveling and discovering new things/places."}, {"id": "65278233", "photo": {"prefix": "https://igx.4sqi.net/img/user/", "suffix": "/65278233-VLGKP0GKDAZKPK0E.jpg"}, "homeCity": "Singapore", "contact": {"twitter": "gladysojt"}, "firstName": "Gladys", "tips": {"count": 0}, "gender": "female", "lastName": "Ong", "lists": {"groups": [{"count": 2, "type": "created", "items": []}]}, "bio": ""}, {"id": "6474639", "photo": {"prefix": "https://igx.4sqi.net/img/user/", "suffix": "/6474639-SKREWEEWRFNPW3MP.jpg"}, "homeCity": "Singapore", "contact": {"facebook": "521918328", "twitter": "darrylpingg"}, "firstName": "darrylping", "tips": {"count": 4}, "gender": "female", "lists": {"groups": [{"count": 4, "type": "created", "items": []}]}, "bio": ""}, {"id": "15201044", "photo": {"prefix": "https://igx.4sqi.net/img/user/", "suffix": "/15201044-22UCXYL5OU3WHOIJ.jpg"}, "homeCity": "Singapore", "contact": {"twitter": "youredaonlyone"}, "firstName": "Amanda", "tips": {"count": 2}, "gender": "female", "lastName": "S.", "lists": {"groups": [{"count": 5, "type": "created", "items": []}]}, "bio": ""}, {"id": "18591495", "photo": {"prefix": "https://igx.4sqi.net/img/user/", "suffix": "/NZ3QZ0VXMC3TVZHS.jpg"}, "homeCity": "Taichung, Taiwan", "contact": {"twitter": "applepiehouse_"}, "firstName": "Applepie", "tips": {"count": 2}, "gender": "none", "lastName": "Liao", "lists": {"groups": [{"count": 2, "type": "created", "items": []}]}, "bio": ""}, {"id": "54551595", "photo": {"prefix": "https://igx.4sqi.net/img/user/", "suffix": "/54551595-VRW3PCA5TMPEA4TK.jpg"}, "homeCity": "Singapore", "contact": {"facebook": "10153854006637482", "twitter": "shermainezy"}, "firstName": "Shermaine", "tips": {"count": 0}, "gender": "female", "lastName": "CiEn", "lists": {"groups": [{"count": 2, "type": "created", "items": []}]}, "bio": ""}, {"id": "40207427", "photo": {"prefix": "https://igx.4sqi.net/img/user/", "suffix": "/LWUNFGZQ3SNXM1D3.jpg"}, "homeCity": "Singapore ", "contact": {"facebook": "10208613143462120", "twitter": "jennyduuh"}, "firstName": "Jen", "tips": {"count": 0}, "gender": "female", "lastName": "Lee", "lists": {"groups": [{"count": 2, "type": "created", "items": []}]}, "bio": "Hunting for awesome places to check-in \ud83d\ude09"}, {"id": "67476321", "photo": {"prefix": "https://igx.4sqi.net/img/user/", "suffix": "/67476321_Jo-JyvvY_kdfoPkhZ4sKLtHH7q7tbJVHv9YPT8T5_KlZblH3mK5vRexdvgTOZsNTTI_dCpAs0.jpg"}, "homeCity": "Singapore", "contact": {"facebook": "100002749099919", "twitter": "cheyennelovezxc"}, "firstName": "Cheyenne", "tips": {"count": 0}, "gender": "female", "lastName": "Lovezxc", "lists": {"groups": [{"count": 2, "type": "created", "items": []}]}, "bio": ""}, {"id": "7428646", "photo": {"prefix": "https://igx.4sqi.net/img/user/", "suffix": "/7428646-PKNT3URRJTM1MWZB.jpg"}, "homeCity": "Singapore, Singapore", "contact": {"facebook": "1213847168", "twitter": "chrlszy"}, "firstName": "Chriszy", "tips": {"count": 121}, "gender": "female", "lastName": "Bandong", "lists": {"groups": [{"count": 58, "type": "created", "items": []}]}, "bio": "iCook \ud83c\udf74\r\niEat \ud83c\udf5c\r\niTravel \u2708\ufe0f\r\niShoot \ud83d\udcf7"}, {"id": "51156480", "photo": {"prefix": "https://igx.4sqi.net/img/user/", "suffix": "/51156480-4C3NJVVQ1QBT5SYS.jpg"}, "homeCity": "singapore", "contact": {"facebook": "100001253593846", "twitter": "lxnww"}, "firstName": "xinwei", "tips": {"count": 0}, "gender": "female", "lists": {"groups": [{"count": 2, "type": "created", "items": []}]}, "bio": "twitter/insta/snapchat: @lxnww"}, {"id": "57307882", "photo": {"prefix": "https://igx.4sqi.net/img/user/", "suffix": "/57307882-PNQOHVFA15GRRDCC.jpg"}, "homeCity": "Singapore", "contact": {"facebook": "1012552012095854", "twitter": "tiggerpromises"}, "firstName": "Tang", "tips": {"count": 0}, "gender": "female", "lists": {"groups": [{"count": 2, "type": "created", "items": []}]}, "bio": "\u2741\u2741\u2741\u2741\u2741\u2741"}, {"id": "54599057", "photo": {"prefix": "https://igx.4sqi.net/img/user/", "suffix": "/54599057-PRAUIZJNBX4D1P4P.jpg"}, "homeCity": "NEW YORK, NY", "contact": {"facebook": "10200652825920554", "twitter": "atrociousflaws"}, "firstName": "Brendaaaa \ud83c\udf80", "tips": {"count": 0}, "gender": "female", "lists": {"groups": [{"count": 2, "type": "created", "items": []}]}, "bio": ""}, {"id": "13510809", "photo": {"prefix": "https://igx.4sqi.net/img/user/", "suffix": "/13510809_-9SkX-O0_Shw2JoYPg7tgd1AgBX6hGhhORVTITKPe4VU5cLxoIJwuy7oIVGT573_lcSAMFj4b.jpg"}, "homeCity": "Ho Chi Minh City, Vietnam", "contact": {}, "firstName": "Binh", "tips": {"count": 161}, "gender": "male", "lastName": "Nguyen", "lists": {"groups": [{"count": 8, "type": "created", "items": []}]}, "bio": "Stand up for what you believe in even if it means standing alone"}, {"id": "98270737", "photo": {"prefix": "https://igx.4sqi.net/img/user/", "suffix": "/98270737-OELZ0M4QMLYXNVAD.jpg"}, "homeCity": "Black Paradise", "contact": {"facebook": "1347091258662756", "twitter": "b1ackroses"}, "firstName": "HelloIts", "tips": {"count": 0}, "gender": "female", "lastName": "Yen\u270c", "lists": {"groups": [{"count": 2, "type": "created", "items": []}]}, "bio": "itweet; @B1ACKROSES\r\nIg; @b1ackroses_\n\u2020"}, {"id": "31322989", "photo": {"prefix": "https://igx.4sqi.net/img/user/", "suffix": "/10YOJKKP24L2TLW3.jpg"}, "homeCity": "Singapore ", "contact": {"facebook": "613854772", "twitter": "kathyyroland"}, "firstName": "Kathy", "tips": {"count": 1}, "gender": "female", "lastName": "Roland", "lists": {"groups": [{"count": 2, "type": "created", "items": []}]}, "bio": "I love coffee, I make coffee."}, {"id": "55164713", "photo": {"prefix": "https://irs0.4sqi.net/img/user/", "suffix": "/55164713-UIRK5XUZQQAWNYMI.jpg"}, "homeCity": "Singapore", "contact": {"twitter": "demighy"}, "firstName": "Demi", "tips": {"count": 0}, "gender": "female", "lastName": "Goh", "lists": {"groups": [{"count": 2, "type": "created", "items": []}]}, "bio": ""}, {"id": "62037316", "photo": {"prefix": "https://igx.4sqi.net/img/user/", "suffix": "/62037316-T2OP2HG0FUKTCVBD.jpg"}, "homeCity": "Singapore", "contact": {"facebook": "1076122219077674", "twitter": "haaazella"}, "firstName": "Hazel", "tips": {"count": 0}, "gender": "female", "lists": {"groups": [{"count": 2, "type": "created", "items": []}]}, "bio": ""}]}, "checksum": "56bf10dff8e7eccf88e3a43435bfa1503263dec9"}}