{"notifications": [{"type": "notificationTray", "item": {"unreadCount": 0}}], "meta": {"requestId": "5966d63a6a607115d0ea82d6", "code": 200}, "response": {"friends": {"count": 68, "items": [{"id": "1300053", "photo": {"prefix": "https://igx.4sqi.net/img/user/", "suffix": "/1300053-C2ZCV31KK1D0DAMC.jpg"}, "homeCity": "\ub300\uc804\uad11\uc5ed\uc2dc, \ud55c\uad6d", "contact": {"facebook": "2022228", "twitter": "markwhiting"}, "firstName": "Mark", "tips": {"count": 36}, "gender": "male", "lastName": "Whiting", "lists": {"groups": [{"count": 2, "type": "created", "items": []}]}, "bio": "Interested in better design. \r\n\r\nPhD candidate @CarnegieMellon, visiting scholar @KAIST, founded @TEDxKAIST, working with @WindfireDesigns.\r\n\r\nI adore elegance."}, {"id": "82764677", "photo": {"prefix": "https://igx.4sqi.net/img/user/", "suffix": "/82764677-ZKBFZHY40COMG3IK.jpg"}, "homeCity": "Milan, Lombardy", "contact": {"facebook": "100001886140064"}, "firstName": "Pillip", "tips": {"count": 0}, "gender": "male", "lastName": "Youn", "lists": {"groups": [{"count": 2, "type": "created", "items": []}]}, "bio": ""}, {"id": "19096192", "photo": {"prefix": "https://igx.4sqi.net/img/user/", "suffix": "/M5R0LGBADW015151.jpg"}, "homeCity": "\ub300\uc804\uad11\uc5ed\uc2dc, \ub300\ud55c\ubbfc\uad6d", "contact": {"facebook": "670349141"}, "firstName": "Yeonjung", "tips": {"count": 0}, "gender": "female", "lastName": "Kim", "lists": {"groups": [{"count": 2, "type": "created", "items": []}]}, "bio": ""}, {"id": "40332587", "photo": {"prefix": "https://igx.4sqi.net/img/user/", "default": true, "suffix": "/blank_boy.png"}, "homeCity": "Seoul", "contact": {"facebook": "100001691726921"}, "firstName": "Sangpil", "tips": {"count": 0}, "gender": "male", "lastName": "Cho", "lists": {"groups": [{"count": 2, "type": "created", "items": []}]}, "bio": ""}, {"id": "4370700", "photo": {"prefix": "https://igx.4sqi.net/img/user/", "suffix": "/4370700-NSXYZ3JY1AMQYWDC.jpg"}, "homeCity": "Great Barrington", "contact": {"facebook": "685664549", "twitter": "dokkaebi"}, "firstName": "Sungwon", "tips": {"count": 7}, "gender": "male", "lastName": "Choe", "lists": {"groups": [{"count": 2, "type": "created", "items": []}]}, "bio": ""}, {"id": "272142", "photo": {"prefix": "https://igx.4sqi.net/img/user/", "suffix": "/OQ4UG3K0FIDTEOJ0.jpg"}, "homeCity": "Seongnam, South Korea", "contact": {"facebook": "602015416", "twitter": "davidyhlee"}, "firstName": "David", "tips": {"count": 11}, "gender": "male", "lastName": "Lee", "lists": {"groups": [{"count": 2, "type": "created", "items": []}]}, "bio": ""}, {"id": "422608", "photo": {"prefix": "https://igx.4sqi.net/img/user/", "suffix": "/422608_3UN5yq1G_d7xPoiGKGLoQ-Rml9_VugxELOWsQTAM6HvzWp2WP3VzStAk-RG0ebhuJIMt6l2_m.jpg"}, "homeCity": "Daejeon, Korea", "contact": {"facebook": "1360052075", "twitter": "wwoo_ct"}, "firstName": "Woontack", "tips": {"count": 16}, "gender": "male", "lastName": "Woo", "lists": {"groups": [{"count": 2, "type": "created", "items": []}]}, "bio": ""}, {"id": "14263307", "photo": {"prefix": "https://igx.4sqi.net/img/user/", "suffix": "/ZBN1QZUHOINDGGJO.jpg"}, "homeCity": "\uc11c\uc6b8\ud2b9\ubcc4\uc2dc, \ub300\ud55c\ubbfc\uad6d", "contact": {"facebook": "763160113", "twitter": "mtc21c"}, "firstName": "Seung Hwan", "tips": {"count": 0}, "gender": "male", "lastName": "Kim", "lists": {"groups": [{"count": 2, "type": "created", "items": []}]}, "bio": ""}, {"id": "8948566", "photo": {"prefix": "https://igx.4sqi.net/img/user/", "suffix": "/DKKUASV3ITWZGHEF.jpg"}, "homeCity": "\ub300\uc804\uad11\uc5ed\uc2dc, \ub300\ud55c\ubbfc\uad6d", "contact": {"facebook": "100001838160529", "twitter": "artelysia"}, "firstName": "Heyjin", "tips": {"count": 2}, "gender": "female", "lastName": "Cho", "lists": {"groups": [{"count": 2, "type": "created", "items": []}]}, "bio": ""}, {"id": "35040278", "photo": {"prefix": "https://igx.4sqi.net/img/user/", "suffix": "/1UOMNFYBD0Y0SFLN.jpg"}, "homeCity": "Manhattan, NY", "contact": {"facebook": "2502573", "twitter": "gloriayangbb"}, "firstName": "Gloria", "tips": {"count": 6}, "gender": "female", "lists": {"groups": [{"count": 6, "type": "created", "items": []}]}, "bio": "I'm pretty awesome"}, {"id": "6109788", "photo": {"prefix": "https://igx.4sqi.net/img/user/", "suffix": "/NHEOTRFKNOMV11NU.jpg"}, "homeCity": "\ub300\ud55c\ubbfc\uad6d", "contact": {"facebook": "884370231", "twitter": "epalange"}, "firstName": "Hyunsoo", "tips": {"count": 21}, "gender": "male", "lastName": "Lim", "lists": {"groups": [{"count": 2, "type": "created", "items": []}]}, "bio": ""}, {"id": "4535117", "photo": {"prefix": "https://igx.4sqi.net/img/user/", "suffix": "/YA31ZG3WKI0EJXYD.jpg"}, "homeCity": "\ub300\ud55c\ubbfc\uad6d", "contact": {"facebook": "100001299592856", "twitter": "angelbeat09"}, "firstName": "Heonjun", "tips": {"count": 0}, "gender": "male", "lastName": "Park", "lists": {"groups": [{"count": 2, "type": "created", "items": []}]}, "bio": "KAIST ISysE & MS Undergraduate"}, {"id": "11460730", "photo": {"prefix": "https://igx.4sqi.net/img/user/", "default": true, "suffix": "/blank_boy.png"}, "homeCity": "\ub300\ud55c\ubbfc\uad6d", "contact": {"facebook": "100000716729246"}, "firstName": "\uc601\uc6c5", "tips": {"count": 0}, "gender": "male", "lastName": "\uc774", "lists": {"groups": [{"count": 2, "type": "created", "items": []}]}, "bio": ""}, {"id": "7371351", "photo": {"prefix": "https://igx.4sqi.net/img/user/", "suffix": "/KHWOYYXO5AF3N5P1.jpg"}, "homeCity": "\ub300\ud55c\ubbfc\uad6d", "contact": {"facebook": "730937236"}, "firstName": "Tamir", "tips": {"count": 0}, "gender": "female", "lastName": "A", "lists": {"groups": [{"count": 2, "type": "created", "items": []}]}, "bio": ""}, {"id": "1663336", "photo": {"prefix": "https://igx.4sqi.net/img/user/", "suffix": "/TZVYFY0MD1FVKLQU.jpg"}, "homeCity": "Yuseong-Gu, Daejeon", "contact": {"facebook": "503407639", "twitter": "yongkipark"}, "firstName": "Yongki", "tips": {"count": 0}, "gender": "male", "lastName": "Park", "lists": {"groups": [{"count": 2, "type": "created", "items": []}]}, "bio": ""}, {"id": "10192913", "photo": {"prefix": "https://igx.4sqi.net/img/user/", "suffix": "/GH1KRFD4NAF2ADYF.jpg"}, "homeCity": "\ub300\uc804\uad11\uc5ed\uc2dc, \ub300\ud55c\ubbfc\uad6d", "contact": {}, "firstName": "Namil", "tips": {"count": 0}, "gender": "male", "lastName": "Kim", "lists": {"groups": [{"count": 2, "type": "created", "items": []}]}, "bio": ""}, {"id": "541725", "photo": {"prefix": "https://igx.4sqi.net/img/user/", "suffix": "/541725-R5XQWIOD0CFRAWMK.jpg"}, "homeCity": "M\u00fcnchen, Deustchland", "contact": {"twitter": "ggisuuu"}, "firstName": "Gisu", "tips": {"count": 6}, "gender": "male", "lastName": "Bang", "lists": {"groups": [{"count": 3, "type": "created", "items": []}]}, "bio": "\uf8ff? \ubcc4 \ubcfc \uc77c \uc5c6\ub294 + \ubcf4\ud3b8\uc801\uc774\uc9c0 \uc54a\uc740 + \uc9c0\uc18d\uac00\ub2a5\uc131\uc5d0 \ub300\ud55c \uace0\ubbfc"}, {"id": "14626523", "photo": {"prefix": "https://igx.4sqi.net/img/user/", "suffix": "/F2ABYY1MM3TMBRYB.jpg"}, "homeCity": "", "contact": {"facebook": "720652218"}, "firstName": "Uyanga", "tips": {"count": 2}, "gender": "female", "lastName": "Battsolmon", "lists": {"groups": [{"count": 3, "type": "created", "items": []}]}, "bio": ""}, {"id": "850718", "photo": {"prefix": "https://igx.4sqi.net/img/user/", "suffix": "/1QECFMLHFK2U1KNP.jpg"}, "homeCity": "On Earth", "contact": {"twitter": "leotaurus13"}, "firstName": "Hyeyeon", "tips": {"count": 3}, "gender": "male", "lastName": "Kim", "lists": {"groups": [{"count": 3, "type": "created", "items": []}]}, "bio": ""}, {"id": "2762994", "photo": {"prefix": "https://igx.4sqi.net/img/user/", "suffix": "/2762994-QYDUYVYFHDRXKCIG.jpg"}, "homeCity": "Seoul", "contact": {}, "firstName": "So Jung", "tips": {"count": 10}, "gender": "female", "lastName": "Lim", "lists": {"groups": [{"count": 2, "type": "created", "items": []}]}, "bio": "(wannabe)\uc18c\ub140"}, {"id": "31602499", "photo": {"prefix": "https://igx.4sqi.net/img/user/", "suffix": "/X0ZC1530SQEEN1DL.jpg"}, "homeCity": "Seoul, Korea", "contact": {"facebook": "10101561522573047"}, "firstName": "Henry", "tips": {"count": 0}, "gender": "male", "lastName": "Choi", "lists": {"groups": [{"count": 2, "type": "created", "items": []}]}, "bio": ""}, {"id": "39146484", "photo": {"prefix": "https://igx.4sqi.net/img/user/", "suffix": "/LENQV0GBY2BELNGJ.jpg"}, "homeCity": "Galway", "contact": {"facebook": "620097892", "twitter": "arjumandyounus"}, "firstName": "Arjumand", "tips": {"count": 1}, "gender": "female", "lastName": "Younus", "lists": {"groups": [{"count": 2, "type": "created", "items": []}]}, "bio": ""}, {"id": "1304592", "photo": {"prefix": "https://igx.4sqi.net/img/user/", "suffix": "/FNULA21APLO2QQD2.jpg"}, "homeCity": "\ub300\uc804\uad11\uc5ed\uc2dc, \ud55c\uad6d", "contact": {"facebook": "1321037627", "twitter": "nicesea"}, "firstName": "Haeryun", "tips": {"count": 0}, "gender": "male", "lastName": "Yang", "lists": {"groups": [{"count": 2, "type": "created", "items": []}]}, "bio": ""}, {"id": "57880401", "photo": {"prefix": "https://igx.4sqi.net/img/user/", "default": true, "suffix": "/blank_boy.png"}, "homeCity": "", "contact": {"facebook": "100005415812879"}, "firstName": "\uacbd\ud658", "tips": {"count": 0}, "gender": "male", "lastName": "\uae40", "lists": {"groups": [{"count": 2, "type": "created", "items": []}]}, "bio": ""}, {"id": "45853793", "photo": {"prefix": "https://igx.4sqi.net/img/user/", "suffix": "/45853793-LYTAM2ODXEUFPZUP.jpg"}, "homeCity": "Seoul", "contact": {"facebook": "100000785818431"}, "firstName": "Hahyuk", "tips": {"count": 0}, "gender": "male", "lastName": "Sung", "lists": {"groups": [{"count": 2, "type": "created", "items": []}]}, "bio": ""}, {"id": "39998576", "photo": {"prefix": "https://igx.4sqi.net/img/user/", "suffix": "/KKY3WLSGAZ115MCS.jpg"}, "homeCity": "Daejeon", "contact": {"facebook": "100000224316828"}, "firstName": "Soreep", "tips": {"count": 0}, "gender": "male", "lastName": "Lee", "lists": {"groups": [{"count": 2, "type": "created", "items": []}]}, "bio": ""}, {"id": "30029208", "photo": {"prefix": "https://igx.4sqi.net/img/user/", "suffix": "/30029208-EPPWNCECSLAVDNM1.jpg"}, "homeCity": "Tokyo", "contact": {"facebook": "10154472878892939", "twitter": "da5ide"}, "firstName": "Davide", "tips": {"count": 0}, "gender": "male", "lastName": "Agnelli", "lists": {"groups": [{"count": 2, "type": "created", "items": []}]}, "bio": "Designer\r\nwww.da5ide.com"}, {"id": "17188703", "photo": {"prefix": "https://igx.4sqi.net/img/user/", "suffix": "/17188703-EYF1VQ3ECDTDOIUD.jpg"}, "homeCity": "Bangkok Thailand ", "contact": {"facebook": "100000511489705", "twitter": "zarabestky"}, "firstName": "Bestky", "tips": {"count": 0}, "gender": "male", "lastName": "Park", "lists": {"groups": [{"count": 2, "type": "created", "items": []}]}, "bio": ""}, {"id": "12990681", "photo": {"prefix": "https://igx.4sqi.net/img/user/", "suffix": "/12990681-VCPDKDQ2BU4F2CCS.jpg"}, "homeCity": "Chicago, IL", "contact": {"facebook": "100001233475602"}, "firstName": "Jaehyeok", "tips": {"count": 4}, "gender": "male", "lastName": "Jin", "lists": {"groups": [{"count": 4, "type": "created", "items": []}]}, "bio": "Theoretical Chemist"}, {"id": "67181381", "photo": {"prefix": "https://igx.4sqi.net/img/user/", "suffix": "/67181381-SIG2HEQ3WDMGGEGT.jpg"}, "homeCity": "Seoul-teukbyeolsi", "contact": {"facebook": "100000861044840", "twitter": "donghyunseo"}, "firstName": "Dong Hyun", "tips": {"count": 3}, "gender": "male", "lastName": "Seo", "lists": {"groups": [{"count": 18, "type": "created", "items": []}]}, "bio": ""}, {"id": "7479379", "photo": {"prefix": "https://igx.4sqi.net/img/user/", "suffix": "/ZQLI4YIAYSHKA1B4.jpg"}, "homeCity": "\ub300\uc804\uad11\uc5ed\uc2dc, \ub300\ud55c\ubbfc\uad6d", "contact": {"facebook": "100000567730764"}, "firstName": "Yonghwan", "tips": {"count": 0}, "gender": "male", "lastName": "Bang", "lists": {"groups": [{"count": 2, "type": "created", "items": []}]}, "bio": ""}, {"id": "8178233", "photo": {"prefix": "https://igx.4sqi.net/img/user/", "suffix": "/4FKXJFTTUCTM5V5V.jpg"}, "homeCity": "Los Angeles, CA", "contact": {"facebook": "744645621"}, "firstName": "\u30b8\u30e7", "tips": {"count": 0}, "gender": "male", "lastName": "\u30a8\u30b9\u30b2\u30eb", "lists": {"groups": [{"count": 3, "type": "created", "items": []}]}, "bio": ""}, {"id": "47176940", "photo": {"prefix": "https://igx.4sqi.net/img/user/", "suffix": "/TIYV1SDV4DQISTC4.jpg"}, "homeCity": "Chungcheongbuk-do", "contact": {"facebook": "312645"}, "firstName": "Won", "tips": {"count": 0}, "gender": "male", "lastName": "Kim", "lists": {"groups": [{"count": 2, "type": "created", "items": []}]}, "bio": ""}, {"id": "11228626", "photo": {"prefix": "https://igx.4sqi.net/img/user/", "suffix": "/ARETYPME1MGCAO5D.jpg"}, "homeCity": "\uc11c\uc6b8\ud2b9\ubcc4\uc2dc, \ub300\ud55c\ubbfc\uad6d", "contact": {"facebook": "100000995244698"}, "firstName": "Jang", "tips": {"count": 1}, "gender": "female", "lastName": "Min Kyoung", "lists": {"groups": [{"count": 2, "type": "created", "items": []}]}, "bio": ""}, {"id": "56505857", "photo": {"prefix": "https://igx.4sqi.net/img/user/", "suffix": "/-3GN12EB211HLN0AJ.jpg"}, "homeCity": "Seoul, 11", "contact": {"facebook": "100003106642485"}, "firstName": "\uad11\uade0", "tips": {"count": 0}, "gender": "male", "lastName": "\ub178", "lists": {"groups": [{"count": 2, "type": "created", "items": []}]}, "bio": ""}, {"id": "62191539", "photo": {"prefix": "https://igx.4sqi.net/img/user/", "suffix": "/62191539-PUHCN5VOAQQAG0ZK.jpg"}, "homeCity": "Los Angeles, CA", "contact": {"facebook": "2509046"}, "firstName": "Felicia", "tips": {"count": 1}, "gender": "female", "lastName": "Hom", "lists": {"groups": [{"count": 2, "type": "created", "items": []}]}, "bio": ""}, {"id": "668530", "photo": {"prefix": "https://igx.4sqi.net/img/user/", "suffix": "/J0Y455KL05LNQKAQ.jpg"}, "homeCity": "Seoul", "contact": {"facebook": "100000119925534"}, "firstName": "Wonkyu", "tips": {"count": 0}, "gender": "male", "lastName": "Choi", "lists": {"groups": [{"count": 2, "type": "created", "items": []}]}, "bio": ""}, {"id": "86820842", "photo": {"prefix": "https://igx.4sqi.net/img/user/", "suffix": "/86820842-PNEGMJPPD1GQPGYL.jpg"}, "homeCity": "Seongnam, Gyeonggi", "contact": {"facebook": "1355054432"}, "firstName": "Jongmin", "tips": {"count": 0}, "gender": "male", "lastName": "Park", "lists": {"groups": [{"count": 2, "type": "created", "items": []}]}, "bio": ""}, {"id": "929781", "photo": {"prefix": "https://igx.4sqi.net/img/user/", "suffix": "/P1LFBQGTI45RBIOJ.jpg"}, "homeCity": "\ub300\uc804\uad11\uc5ed\uc2dc, \ub300\ud55c\ubbfc\uad6d", "contact": {"facebook": "100001103837993", "twitter": "isylt0309"}, "firstName": "Taehyun", "tips": {"count": 1}, "gender": "male", "lastName": "Kim", "lists": {"groups": [{"count": 2, "type": "created", "items": []}]}, "bio": ""}, {"id": "3321076", "photo": {"prefix": "https://igx.4sqi.net/img/user/", "suffix": "/3IH3BJUOVHHGP5XO.jpg"}, "homeCity": "\uc11c\uc6b8\ud2b9\ubcc4\uc2dc, \ub300\ud55c\ubbfc\uad6d", "contact": {"facebook": "626877543", "twitter": "jooddang"}, "firstName": "Eunkwang", "tips": {"count": 4}, "gender": "male", "lastName": "Joo", "lists": {"groups": [{"count": 2, "type": "created", "items": []}]}, "bio": ""}, {"id": "33988048", "photo": {"prefix": "https://igx.4sqi.net/img/user/", "suffix": "/SYAE0AQMHPNSJJKV.jpg"}, "homeCity": "Daejeon", "contact": {"facebook": "100001040071932"}, "firstName": "Jung Soo", "tips": {"count": 0}, "gender": "male", "lists": {"groups": [{"count": 3, "type": "created", "items": []}]}, "bio": ""}, {"id": "54702374", "photo": {"prefix": "https://igx.4sqi.net/img/user/", "suffix": "/PEKHCJELOKAEHAOQ.jpg"}, "homeCity": "Tokyo, 40", "contact": {"facebook": "1626481141"}, "firstName": "Yoo", "tips": {"count": 0}, "gender": "female", "lastName": "Noh", "lists": {"groups": [{"count": 2, "type": "created", "items": []}]}, "bio": ""}, {"id": "58987835", "photo": {"prefix": "https://igx.4sqi.net/img/user/", "default": true, "suffix": "/blank_boy.png"}, "homeCity": "Seoul, 11", "contact": {"facebook": "100001398687065"}, "firstName": "Jumin", "tips": {"count": 0}, "gender": "male", "lastName": "Lee", "lists": {"groups": [{"count": 2, "type": "created", "items": []}]}, "bio": ""}, {"id": "67423190", "photo": {"prefix": "https://igx.4sqi.net/img/user/", "suffix": "/67423190-KLTKV2NWTO5NSPMB.jpg"}, "homeCity": "Amsterdam", "contact": {"facebook": "1118233307", "twitter": "palmafontana"}, "firstName": "Palma", "tips": {"count": 8}, "gender": "female", "lastName": "Fontana", "lists": {"groups": [{"count": 4, "type": "created", "items": []}]}, "bio": ""}, {"id": "36525495", "photo": {"prefix": "https://igx.4sqi.net/img/user/", "suffix": "/TQ3UFJLFFJEJSO3A.jpg"}, "homeCity": "Daejeon", "contact": {"facebook": "100000497511941"}, "firstName": "Sundong", "tips": {"count": 0}, "gender": "male", "lastName": "Kim", "lists": {"groups": [{"count": 2, "type": "created", "items": []}]}, "bio": ""}, {"id": "17771539", "photo": {"prefix": "https://igx.4sqi.net/img/user/", "suffix": "/QUF2V0RBJRWLQ5AG.jpg"}, "homeCity": "Los Angeles, CA", "contact": {"facebook": "2500017"}, "firstName": "Brian", "tips": {"count": 1}, "gender": "male", "lastName": "Lee", "lists": {"groups": [{"count": 2, "type": "created", "items": []}]}, "bio": ""}, {"id": "19372040", "photo": {"prefix": "https://igx.4sqi.net/img/user/", "suffix": "/JH1EIVJ1J2OHWA2O.jpg"}, "homeCity": "\uc11c\uc6b8\ud2b9\ubcc4\uc2dc, \ub300\ud55c\ubbfc\uad6d", "contact": {"facebook": "100001695596740", "twitter": "daeryonghong"}, "firstName": "\ub300\ub8e1", "tips": {"count": 2}, "gender": "male", "lastName": "\ud64d", "lists": {"groups": [{"count": 2, "type": "created", "items": []}]}, "bio": ""}, {"id": "23007988", "photo": {"prefix": "https://igx.4sqi.net/img/user/", "suffix": "/EYYMBXVDF5WEEXUQ.jpg"}, "homeCity": "Tabanan", "contact": {"facebook": "100001183948375"}, "firstName": "Resita", "tips": {"count": 0}, "gender": "female", "lastName": "Kristyanti", "lists": {"groups": [{"count": 2, "type": "created", "items": []}]}, "bio": ""}, {"id": "24758699", "photo": {"prefix": "https://igx.4sqi.net/img/user/", "suffix": "/1T1UTACDY3EJYKVK.jpg"}, "homeCity": "\ub300\uc804, South Korea \ub300\uc804\uad11\uc5ed\uc2dc \ub454\uc0b0\ub3d9 1500-1\ubc88\uc9c0 \uc724\uc131\ube4c\ub529 6\uce35 KUNAHAIR DESIGN", "contact": {"facebook": "100001656949298"}, "firstName": "hairdesign", "tips": {"count": 0}, "gender": "male", "lastName": "Kuna", "lists": {"groups": [{"count": 2, "type": "created", "items": []}]}, "bio": ""}, {"id": "48246643", "photo": {"prefix": "https://igx.4sqi.net/img/user/", "suffix": "/QY4WQ13Y2LMQ0IGE.jpg"}, "homeCity": "Daejeon", "contact": {"facebook": "923989491009932"}, "firstName": "JoonYoung", "tips": {"count": 13}, "gender": "male", "lastName": "Yi", "lists": {"groups": [{"count": 2, "type": "created", "items": []}]}, "bio": ""}, {"id": "669579", "photo": {"prefix": "https://igx.4sqi.net/img/user/", "suffix": "/669579-ETVR1OQ33E4GDJDP.jpg"}, "homeCity": "\ub300\uc804\uad11\uc5ed\uc2dc, \ub300\ud55c\ubbfc\uad6d", "contact": {"facebook": "100001446962627", "twitter": "memorybeluga"}, "firstName": "Run", "tips": {"count": 19}, "gender": "male", "lastName": "Jo", "lists": {"groups": [{"count": 5, "type": "created", "items": []}]}, "bio": ""}, {"id": "974906", "photo": {"prefix": "https://igx.4sqi.net/img/user/", "suffix": "/D2U1OAN41MMIKHVF.jpg"}, "homeCity": "\ub300\uc804\uad11\uc5ed\uc2dc, \ub300\ud55c\ubbfc\uad6d", "contact": {}, "firstName": "Wookhyun", "tips": {"count": 10}, "gender": "male", "lastName": "Shin", "lists": {"groups": [{"count": 3, "type": "created", "items": []}]}, "bio": ""}, {"id": "4753072", "photo": {"prefix": "https://igx.4sqi.net/img/user/", "suffix": "/YKMV2WMD0ARZF4JR.jpg"}, "homeCity": "Seoul, Korea", "contact": {"facebook": "1818268284", "twitter": "wishtrend"}, "firstName": "Ryan", "tips": {"count": 1}, "gender": "male", "lastName": "Park", "lists": {"groups": [{"count": 2, "type": "created", "items": []}]}, "bio": ""}, {"id": "34213823", "photo": {"prefix": "https://igx.4sqi.net/img/user/", "suffix": "/5VPZ5FKVJMTW353V.jpg"}, "homeCity": "Marche", "contact": {"facebook": "10155328264580451"}, "firstName": "Nicol\u00f2", "tips": {"count": 0}, "gender": "male", "lastName": "Caroli", "lists": {"groups": [{"count": 2, "type": "created", "items": []}]}, "bio": ""}, {"id": "40985694", "photo": {"prefix": "https://igx.4sqi.net/img/user/", "default": true, "suffix": "/blank_boy.png"}, "homeCity": "New York, NY", "contact": {"facebook": "100002248684294"}, "firstName": "\uc11d\uc6c5", "tips": {"count": 0}, "gender": "male", "lastName": "\ucd5c", "lists": {"groups": [{"count": 2, "type": "created", "items": []}]}, "bio": ""}, {"id": "19998192", "photo": {"prefix": "https://igx.4sqi.net/img/user/", "suffix": "/QGKOJMSCSANHPXT4.jpg"}, "homeCity": "\ub300\ud55c\ubbfc\uad6d", "contact": {}, "firstName": "Jiwon", "tips": {"count": 0}, "gender": "female", "lastName": "Lee", "lists": {"groups": [{"count": 2, "type": "created", "items": []}]}, "bio": ""}, {"id": "57663782", "photo": {"prefix": "https://igx.4sqi.net/img/user/", "default": true, "suffix": "/blank_boy.png"}, "homeCity": "Tokyo, 40", "contact": {"facebook": "717919939"}, "firstName": "Sungene", "tips": {"count": 0}, "gender": "male", "lastName": "Ryang", "lists": {"groups": [{"count": 2, "type": "created", "items": []}]}, "bio": ""}, {"id": "43194787", "photo": {"prefix": "https://igx.4sqi.net/img/user/", "suffix": "/UNFRGDOWH4ZRYE0W.jpg"}, "homeCity": "Daejeon", "contact": {"facebook": "1068084751"}, "firstName": "JongChan", "tips": {"count": 18}, "gender": "male", "lastName": "Lee", "lists": {"groups": [{"count": 2, "type": "created", "items": []}]}, "bio": ""}, {"id": "1288441", "photo": {"prefix": "https://igx.4sqi.net/img/user/", "suffix": "/SC2ZFMXAQZXGEZYY.jpg"}, "homeCity": "\ub300\uc804\uad11\uc5ed\uc2dc, \ud55c\uad6d", "contact": {"facebook": "522291805", "twitter": "dalerkarimov"}, "firstName": "Daler", "tips": {"count": 0}, "gender": "male", "lastName": "Karimov", "lists": {"groups": [{"count": 2, "type": "created", "items": []}]}, "bio": ""}, {"id": "6650908", "photo": {"prefix": "https://igx.4sqi.net/img/user/", "suffix": "/6650908-WJBV5JEKZVWPV2JX.jpg"}, "homeCity": "New York, USA", "contact": {}, "firstName": "Gerelmaa", "tips": {"count": 11}, "gender": "female", "lastName": "Batchuluun", "lists": {"groups": [{"count": 2, "type": "created", "items": []}]}, "bio": ""}, {"id": "58778938", "photo": {"prefix": "https://igx.4sqi.net/img/user/", "default": true, "suffix": "/blank_boy.png"}, "homeCity": "Glendale, CA", "contact": {"facebook": "657772473"}, "firstName": "Kevin", "tips": {"count": 0}, "gender": "male", "lastName": "Hong", "lists": {"groups": [{"count": 2, "type": "created", "items": []}]}, "bio": ""}, {"id": "39350072", "photo": {"prefix": "https://igx.4sqi.net/img/user/", "suffix": "/LHAM3PG3KOL5ZTGT.jpg"}, "homeCity": "Seoul", "contact": {"facebook": "1393322235", "twitter": "yuridaal"}, "firstName": "\uc0c1\uadfc", "tips": {"count": 0}, "gender": "male", "lastName": "\uc870", "lists": {"groups": [{"count": 2, "type": "created", "items": []}]}, "bio": ""}, {"id": "2725431", "photo": {"prefix": "https://igx.4sqi.net/img/user/", "suffix": "/FYRQPZYYTIAOXQFW.jpg"}, "homeCity": "\uc11c\uc6b8\ud2b9\ubcc4\uc2dc, \ud55c\uad6d", "contact": {}, "firstName": "Steve", "tips": {"count": 1}, "gender": "male", "lastName": "Kang", "lists": {"groups": [{"count": 2, "type": "created", "items": []}]}, "bio": ""}, {"id": "76214913", "photo": {"prefix": "https://igx.4sqi.net/img/user/", "suffix": "/76214913-A44MQSA15SLPWTAN.jpg"}, "homeCity": "Suwon, Gyeonggi", "contact": {"facebook": "100000598850764"}, "firstName": "Sung-hyo", "tips": {"count": 0}, "gender": "male", "lastName": "Jeong", "lists": {"groups": [{"count": 2, "type": "created", "items": []}]}, "bio": ""}, {"id": "3827880", "photo": {"prefix": "https://igx.4sqi.net/img/user/", "suffix": "/0UX1EWNMIQAUINXX.jpg"}, "homeCity": "\ub300\ud55c\ubbfc\uad6d", "contact": {"facebook": "100005237142919"}, "firstName": "Deejay", "tips": {"count": 6}, "gender": "male", "lastName": "Park", "lists": {"groups": [{"count": 2, "type": "created", "items": []}]}, "bio": ""}, {"id": "4741511", "photo": {"prefix": "https://igx.4sqi.net/img/user/", "suffix": "/4741511-4BPGWLVL42J5RP3H.jpg"}, "homeCity": "Gainesville, FL", "contact": {"facebook": "1096980014", "twitter": "ninerweiner"}, "firstName": "Nina", "tips": {"count": 1}, "gender": "female", "lastName": "Waters", "lists": {"groups": [{"count": 2, "type": "created", "items": []}]}, "bio": ""}, {"id": "4748583", "photo": {"prefix": "https://igx.4sqi.net/img/user/", "suffix": "/MIADHMYG2F2NZVBA.jpg"}, "homeCity": "\ub300\ud55c\ubbfc\uad6d", "contact": {"facebook": "100001776394795"}, "firstName": "Tae soo", "tips": {"count": 3}, "gender": "male", "lastName": "Jang", "lists": {"groups": [{"count": 2, "type": "created", "items": []}]}, "bio": ""}, {"id": "31229384", "photo": {"prefix": "https://igx.4sqi.net/img/user/", "suffix": "/SZRBHARD1MNBNDJ3.jpg"}, "homeCity": "Seoul, Korea", "contact": {"facebook": "100001913459227"}, "firstName": "\uc7ac\uc6d0", "tips": {"count": 0}, "gender": "male", "lastName": "\uc591", "lists": {"groups": [{"count": 2, "type": "created", "items": []}]}, "bio": ""}]}, "checksum": "53a7d89584919301f42c59fcdc4192c5e1132eb2"}}