{"notifications": [{"type": "notificationTray", "item": {"unreadCount": 0}}], "meta": {"requestId": "5966f1d94c1f675776ada5a9", "code": 200}, "response": {"friends": {"count": 61, "items": [{"id": "11568548", "photo": {"prefix": "https://igx.4sqi.net/img/user/", "suffix": "/M0RWVN3UW0C0NUP0.jpg"}, "homeCity": "kl", "contact": {"facebook": "612716473"}, "firstName": "Michael", "tips": {"count": 5}, "gender": "male", "lastName": "See", "lists": {"groups": [{"count": 2, "type": "created", "items": []}]}, "bio": ""}, {"id": "6951687", "photo": {"prefix": "https://igx.4sqi.net/img/user/", "suffix": "/6951687-5UK12KBLGCNGEF5P.jpg"}, "homeCity": "Georgetown,penang", "contact": {"facebook": "221212661601542"}, "firstName": "sangker", "tips": {"count": 1}, "gender": "male", "lastName": "Maniyan", "lists": {"groups": [{"count": 2, "type": "created", "items": []}]}, "bio": ""}, {"id": "6803409", "photo": {"prefix": "https://igx.4sqi.net/img/user/", "suffix": "/6803409-GRPVSGMUV4Z0VTT5.jpg"}, "homeCity": "Miri, Malaysia", "contact": {"facebook": "866020703", "twitter": "sheng_ching"}, "firstName": "Steve", "tips": {"count": 21}, "gender": "male", "lastName": "Chia", "lists": {"groups": [{"count": 3, "type": "created", "items": []}]}, "bio": ""}, {"id": "419628", "photo": {"prefix": "https://igx.4sqi.net/img/user/", "suffix": "/HYANGP1XOIYE2LJH.jpg"}, "homeCity": "Kuala Lumpur, WP Kuala Lumpur", "contact": {"facebook": "782415159", "twitter": "whackowilson"}, "firstName": "wilson", "tips": {"count": 115}, "gender": "male", "lastName": "wong", "lists": {"groups": [{"count": 5, "type": "created", "items": []}]}, "bio": ""}, {"id": "25724864", "photo": {"prefix": "https://igx.4sqi.net/img/user/", "suffix": "/25724864-XO4HMXNV3UGWX5ZQ.jpg"}, "homeCity": "Singapore", "contact": {"facebook": "701781813", "twitter": "robythelegend"}, "firstName": "Roby", "tips": {"count": 5}, "gender": "male", "lastName": "Shamaney", "lists": {"groups": [{"count": 2, "type": "created", "items": []}]}, "bio": ""}, {"id": "18310682", "photo": {"prefix": "https://igx.4sqi.net/img/user/", "suffix": "/DWOJOD50TCHAYM4Q.jpg"}, "homeCity": "Pulau Pinang, Malaysia", "contact": {"facebook": "1494741815"}, "firstName": "Bobby", "tips": {"count": 0}, "gender": "male", "lastName": "Deen", "lists": {"groups": [{"count": 3, "type": "created", "items": []}]}, "bio": ""}, {"id": "7656929", "photo": {"prefix": "https://igx.4sqi.net/img/user/", "suffix": "/V0TZDGHZG5ZA2COH.jpg"}, "homeCity": "Sungai Petani, Malaysia", "contact": {"facebook": "1517703175"}, "firstName": "sudharsini", "tips": {"count": 0}, "gender": "female", "lastName": "rajoo", "lists": {"groups": [{"count": 2, "type": "created", "items": []}]}, "bio": ""}, {"id": "13788616", "photo": {"prefix": "https://igx.4sqi.net/img/user/", "default": true, "suffix": "/blank_boy.png"}, "homeCity": "Petaling Jaya, Malaysia", "contact": {"facebook": "649362912"}, "firstName": "Chan", "tips": {"count": 0}, "gender": "male", "lastName": "Yung Ping", "lists": {"groups": [{"count": 2, "type": "created", "items": []}]}, "bio": ""}, {"id": "5479820", "photo": {"prefix": "https://igx.4sqi.net/img/user/", "suffix": "/0EYYNAK4XVCBNEMS.jpg"}, "homeCity": "Tanjong Bungah, Malaysia", "contact": {"facebook": "672016820"}, "firstName": "Seong", "tips": {"count": 2}, "gender": "male", "lastName": "Tan", "lists": {"groups": [{"count": 2, "type": "created", "items": []}]}, "bio": ""}, {"id": "2364048", "photo": {"prefix": "https://igx.4sqi.net/img/user/", "default": true, "suffix": "/blank_boy.png"}, "homeCity": "Petaling Jaya, Malaysia", "contact": {"facebook": "632846965"}, "firstName": "Arvind", "tips": {"count": 0}, "gender": "male", "lastName": "Jagwani", "lists": {"groups": [{"count": 2, "type": "created", "items": []}]}, "bio": ""}, {"id": "47920965", "photo": {"prefix": "https://igx.4sqi.net/img/user/", "suffix": "/GT1T2VRR1YWHJYTL.jpg"}, "homeCity": "New York, NY", "contact": {"facebook": "100000302973815"}, "firstName": "Hafis", "tips": {"count": 1}, "gender": "male", "lastName": "Ramli", "lists": {"groups": [{"count": 2, "type": "created", "items": []}]}, "bio": ""}, {"id": "7787767", "photo": {"prefix": "https://igx.4sqi.net/img/user/", "suffix": "/J3DCO1PQIT4OYCOW.jpg"}, "homeCity": "Subang Jaya, Malaysia", "contact": {}, "firstName": "Jc", "tips": {"count": 1}, "gender": "male", "lastName": "Chan", "lists": {"groups": [{"count": 2, "type": "created", "items": []}]}, "bio": ""}, {"id": "11937926", "photo": {"prefix": "https://igx.4sqi.net/img/user/", "suffix": "/SDI1O4TOKZ3XQZQO.jpg"}, "homeCity": "Seremban, Malaysia", "contact": {"facebook": "722647108"}, "firstName": "Kc", "tips": {"count": 0}, "gender": "male", "lastName": "Teh", "lists": {"groups": [{"count": 2, "type": "created", "items": []}]}, "bio": ""}, {"id": "73204695", "photo": {"prefix": "https://igx.4sqi.net/img/user/", "suffix": "/73204695-HKONYZZCQF4V3AAR.jpg"}, "homeCity": "Petaling Jaya, SGR", "contact": {"facebook": "552126671"}, "firstName": "Hong", "tips": {"count": 0}, "gender": "female", "lastName": "Yin", "lists": {"groups": [{"count": 2, "type": "created", "items": []}]}, "bio": ""}, {"id": "13326858", "photo": {"prefix": "https://igx.4sqi.net/img/user/", "suffix": "/HP3SP3SCBPULVEOY.jpg"}, "homeCity": "Subang Jaya, Malaysia", "contact": {"facebook": "100002072746271"}, "firstName": "Sarah", "tips": {"count": 0}, "gender": "female", "lastName": "Panirs", "lists": {"groups": [{"count": 2, "type": "created", "items": []}]}, "bio": ""}, {"id": "4224107", "photo": {"prefix": "https://igx.4sqi.net/img/user/", "suffix": "/I4MD150304UH3G5S.jpg"}, "homeCity": "Singapore", "contact": {}, "firstName": "Nellie", "tips": {"count": 0}, "gender": "none", "lists": {"groups": [{"count": 2, "type": "created", "items": []}]}, "bio": ""}, {"id": "3084650", "photo": {"prefix": "https://igx.4sqi.net/img/user/", "suffix": "/CJ2JHTWDY0F5LBPN.jpg"}, "homeCity": "Ipoh, Malaysia", "contact": {}, "firstName": "Sunny", "tips": {"count": 0}, "gender": "male", "lastName": "Ho", "lists": {"groups": [{"count": 2, "type": "created", "items": []}]}, "bio": ""}, {"id": "6049282", "photo": {"prefix": "https://igx.4sqi.net/img/user/", "suffix": "/6049282-L3C0OZS4JDBVS0WS.jpg"}, "homeCity": "Pulau Pinang, Malaysia", "contact": {"facebook": "553927643"}, "firstName": "Shindii", "tips": {"count": 3}, "gender": "female", "lastName": "Ooi", "lists": {"groups": [{"count": 2, "type": "created", "items": []}]}, "bio": ""}, {"id": "31828176", "photo": {"prefix": "https://igx.4sqi.net/img/user/", "suffix": "/4QBH4MGTL3IT5AQM.jpg"}, "homeCity": "Pulau Pinang", "contact": {"facebook": "636181673"}, "firstName": "Khoo", "tips": {"count": 0}, "gender": "male", "lastName": "Teng Hann", "lists": {"groups": [{"count": 2, "type": "created", "items": []}]}, "bio": ""}, {"id": "75657961", "photo": {"prefix": "https://igx.4sqi.net/img/user/", "suffix": "/75657961-5IWSM0DRLN1SCCLS.jpg"}, "homeCity": "Petaling Jaya, Malaysia", "contact": {"facebook": "829694862", "twitter": "alexmunfai"}, "firstName": "Alex", "tips": {"count": 0}, "gender": "male", "lastName": "Wong", "lists": {"groups": [{"count": 2, "type": "created", "items": []}]}, "bio": ""}, {"id": "13377621", "photo": {"prefix": "https://igx.4sqi.net/img/user/", "suffix": "/XC2RX4HV4HBEW0SB.jpg"}, "homeCity": "Seremban, Malaysia", "contact": {"facebook": "629186274"}, "firstName": "Elvina", "tips": {"count": 0}, "gender": "female", "lastName": "Elvzz", "lists": {"groups": [{"count": 2, "type": "created", "items": []}]}, "bio": ""}, {"id": "7823365", "photo": {"prefix": "https://igx.4sqi.net/img/user/", "suffix": "/7823365-4MXSSEHQYHV4ZJX0.jpg"}, "homeCity": "Pulau Pinang, Malaysia", "contact": {"facebook": "792425079"}, "firstName": "Li Jian", "tips": {"count": 7}, "gender": "male", "lastName": "Tan", "lists": {"groups": [{"count": 2, "type": "created", "items": []}]}, "bio": ""}, {"id": "6848987", "photo": {"prefix": "https://igx.4sqi.net/img/user/", "suffix": "/A2PSBM1VWJYYK1GD.jpg"}, "homeCity": "Penang", "contact": {"facebook": "541785268"}, "firstName": "Sangeeta", "tips": {"count": 1}, "gender": "female", "lastName": "Vahnalingam", "lists": {"groups": [{"count": 2, "type": "created", "items": []}]}, "bio": ""}, {"id": "54345273", "photo": {"prefix": "https://igx.4sqi.net/img/user/", "suffix": "/4O4SE2A40QFRMBIC.jpg"}, "homeCity": "Kuala Lumpur, Malaysia", "contact": {"facebook": "639511760"}, "firstName": "Francis", "tips": {"count": 0}, "gender": "none", "lastName": "Pang", "lists": {"groups": [{"count": 2, "type": "created", "items": []}]}, "bio": ""}, {"id": "26001138", "photo": {"prefix": "https://igx.4sqi.net/img/user/", "suffix": "/GOTOR4QEW5ESD2EW.jpg"}, "homeCity": "Sabah", "contact": {"facebook": "632300370"}, "firstName": "Pathma", "tips": {"count": 0}, "gender": "female", "lastName": "Rajendran", "lists": {"groups": [{"count": 2, "type": "created", "items": []}]}, "bio": ""}, {"id": "19185871", "photo": {"prefix": "https://igx.4sqi.net/img/user/", "suffix": "/19185871-IYD2YTW0BZ0XY4C1.jpg"}, "homeCity": "USA", "contact": {"twitter": "zhenghaooo"}, "firstName": "Zheng Hao", "tips": {"count": 0}, "gender": "male", "lastName": "Tan", "lists": {"groups": [{"count": 2, "type": "created", "items": []}]}, "bio": "Aspiring tech entrepreneur"}, {"id": "11453735", "photo": {"prefix": "https://igx.4sqi.net/img/user/", "suffix": "/FFDPJ5TW2DN3F0G4.jpg"}, "homeCity": "Kota Kinabalu, Malaysia", "contact": {"facebook": "1532026676"}, "firstName": "Ang", "tips": {"count": 0}, "gender": "male", "lastName": "Wen Jeat", "lists": {"groups": [{"count": 2, "type": "created", "items": []}]}, "bio": ""}, {"id": "19431714", "photo": {"prefix": "https://igx.4sqi.net/img/user/", "suffix": "/M3HU1RON32S1U50Q.jpg"}, "homeCity": "Tanjong Bungah, Malaysia", "contact": {}, "firstName": "siti suhana", "tips": {"count": 0}, "gender": "female", "lastName": "abd samat", "lists": {"groups": [{"count": 2, "type": "created", "items": []}]}, "bio": ""}, {"id": "25028644", "photo": {"prefix": "https://igx.4sqi.net/img/user/", "suffix": "/ZYOV2AMVPCXW5FYZ.jpg"}, "homeCity": "kuala lumpur", "contact": {}, "firstName": "Nanie", "tips": {"count": 0}, "gender": "female", "lastName": "Yanie", "lists": {"groups": [{"count": 2, "type": "created", "items": []}]}, "bio": ""}, {"id": "48365423", "photo": {"prefix": "https://igx.4sqi.net/img/user/", "suffix": "/SPISKHFH0W2AUEP1.jpg"}, "homeCity": "Pulau Pinang", "contact": {"facebook": "100000601692472"}, "firstName": "Eton", "tips": {"count": 0}, "gender": "female", "lastName": "Irwan", "lists": {"groups": [{"count": 2, "type": "created", "items": []}]}, "bio": ""}, {"id": "63811756", "photo": {"prefix": "https://igx.4sqi.net/img/user/", "suffix": "/G24KT2J1SBMSW0CP.jpg"}, "homeCity": "Petaling Jaya, 12", "contact": {"facebook": "100001097700257"}, "firstName": "Chan", "tips": {"count": 0}, "gender": "male", "lastName": "Boon Khai", "lists": {"groups": [{"count": 2, "type": "created", "items": []}]}, "bio": ""}, {"id": "74337685", "photo": {"prefix": "https://igx.4sqi.net/img/user/", "default": true, "suffix": "/blank_boy.png"}, "homeCity": "Ampang", "contact": {"facebook": "820699201"}, "firstName": "Ivan", "tips": {"count": 0}, "gender": "male", "lastName": "Choo", "lists": {"groups": [{"count": 2, "type": "created", "items": []}]}, "bio": ""}, {"id": "20715695", "photo": {"prefix": "https://igx.4sqi.net/img/user/", "suffix": "/20715695-4SYRDEH3LQI3IFYY.jpg"}, "homeCity": "Kuala Lumpur", "contact": {"facebook": "100001049651084"}, "firstName": "Afzan", "tips": {"count": 2}, "gender": "female", "lastName": "Che nuddin", "lists": {"groups": [{"count": 2, "type": "created", "items": []}]}, "bio": ""}, {"id": "15264274", "photo": {"prefix": "https://igx.4sqi.net/img/user/", "suffix": "/4GT1J3AFLZVGUXZX.jpg"}, "homeCity": "Pulau Pinang, Malaysia", "contact": {"facebook": "575551171"}, "firstName": "Serena", "tips": {"count": 0}, "gender": "female", "lastName": "Tan", "lists": {"groups": [{"count": 2, "type": "created", "items": []}]}, "bio": ""}, {"id": "3712871", "photo": {"prefix": "https://igx.4sqi.net/img/user/", "suffix": "/IQHXHAMVWIAWZB1N.jpg"}, "homeCity": "Klang, Malaysia", "contact": {"facebook": "500783938", "twitter": "kuhan83"}, "firstName": "kuharajan", "tips": {"count": 1}, "gender": "male", "lastName": "ramalingam", "lists": {"groups": [{"count": 2, "type": "created", "items": []}]}, "bio": ""}, {"id": "56825728", "photo": {"prefix": "https://igx.4sqi.net/img/user/", "suffix": "/56825728-MXLSSYXPOK0Q2I4I.jpg"}, "homeCity": "", "contact": {"facebook": "100000053084229"}, "firstName": "Faridah", "tips": {"count": 0}, "gender": "none", "lastName": "Mohamad Jamaluddin", "lists": {"groups": [{"count": 2, "type": "created", "items": []}]}, "bio": ""}, {"id": "31844094", "photo": {"prefix": "https://igx.4sqi.net/img/user/", "suffix": "/OIQIP4PGFZQ2ODI1.jpg"}, "homeCity": "Selangor", "contact": {"facebook": "100000489878201"}, "firstName": "Grace", "tips": {"count": 0}, "gender": "female", "lastName": "Robert", "lists": {"groups": [{"count": 2, "type": "created", "items": []}]}, "bio": ""}, {"id": "22056067", "photo": {"prefix": "https://igx.4sqi.net/img/user/", "suffix": "/QRYDAD4MQRGERSYS.jpg"}, "homeCity": "Selangor", "contact": {"facebook": "720689023"}, "firstName": "Warren", "tips": {"count": 0}, "gender": "male", "lastName": "Chan", "lists": {"groups": [{"count": 2, "type": "created", "items": []}]}, "bio": ""}, {"id": "12503103", "photo": {"prefix": "https://igx.4sqi.net/img/user/", "suffix": "/VUBWZKPAAQYNWVUV.jpg"}, "homeCity": "Malaysia", "contact": {}, "firstName": "Teddynator", "tips": {"count": 7}, "gender": "male", "lists": {"groups": [{"count": 2, "type": "created", "items": []}]}, "bio": ""}, {"id": "7136409", "photo": {"prefix": "https://igx.4sqi.net/img/user/", "suffix": "/EG5JXVZYU55VFIA3.jpg"}, "homeCity": "\u4e0a\u6d77\u5e02, \u4e2d\u56fd", "contact": {"facebook": "1033789493"}, "firstName": "Roy", "tips": {"count": 1}, "gender": "male", "lastName": "Cheah", "lists": {"groups": [{"count": 2, "type": "created", "items": []}]}, "bio": ""}, {"id": "82157340", "photo": {"prefix": "https://igx.4sqi.net/img/user/", "default": true, "suffix": "/blank_girl.png"}, "homeCity": "Kota Kinabalu, SBH", "contact": {"facebook": "554559840"}, "firstName": "Jolyn", "tips": {"count": 0}, "gender": "female", "lastName": "Ngo", "lists": {"groups": [{"count": 2, "type": "created", "items": []}]}, "bio": ""}, {"id": "13016894", "photo": {"prefix": "https://igx.4sqi.net/img/user/", "suffix": "/4T3CZ2AKJTXF2CPB.jpg"}, "homeCity": "Pulau Pinang, Malaysia", "contact": {"facebook": "100000543383356"}, "firstName": "Hema Malini", "tips": {"count": 0}, "gender": "female", "lastName": "Armugam", "lists": {"groups": [{"count": 2, "type": "created", "items": []}]}, "bio": ""}, {"id": "48462465", "photo": {"prefix": "https://igx.4sqi.net/img/user/", "suffix": "/48462465-0DMXJLO2JC2JARCA.jpg"}, "homeCity": "Kuala Lumpur", "contact": {"facebook": "773183119", "twitter": "srinorzalina"}, "firstName": "Sri", "tips": {"count": 1}, "gender": "female", "lastName": "Norzalina", "lists": {"groups": [{"count": 2, "type": "created", "items": []}]}, "bio": ""}, {"id": "21138966", "photo": {"prefix": "https://igx.4sqi.net/img/user/", "suffix": "/S1ILJZUNGGLWNVIZ.jpg"}, "homeCity": "Pulau Pinang", "contact": {"facebook": "539340763"}, "firstName": "Serene", "tips": {"count": 0}, "gender": "female", "lastName": "Tng", "lists": {"groups": [{"count": 2, "type": "created", "items": []}]}, "bio": ""}, {"id": "4005599", "photo": {"prefix": "https://igx.4sqi.net/img/user/", "suffix": "/SEZ1LFNZQIWK4SCL.jpg"}, "homeCity": "Petaling Jaya, Malaysia", "contact": {}, "firstName": "Tracy", "tips": {"count": 1}, "gender": "female", "lastName": "Tan", "lists": {"groups": [{"count": 2, "type": "created", "items": []}]}, "bio": ""}, {"id": "52425412", "photo": {"prefix": "https://igx.4sqi.net/img/user/", "suffix": "/Q1HBHT14LTBVF1HL.jpg"}, "homeCity": "Kuala Lumpur, Malaysia", "contact": {"facebook": "100000442984974"}, "firstName": "Noor", "tips": {"count": 0}, "gender": "female", "lastName": "Zuredah", "lists": {"groups": [{"count": 2, "type": "created", "items": []}]}, "bio": ""}, {"id": "12511490", "photo": {"prefix": "https://igx.4sqi.net/img/user/", "suffix": "/UQ5SLXPL2RFMWSCZ.jpg"}, "homeCity": "Sungai Petani, Malaysia", "contact": {}, "firstName": "Sangker", "tips": {"count": 1}, "gender": "male", "lastName": "Maniyan", "lists": {"groups": [{"count": 2, "type": "created", "items": []}]}, "bio": ""}, {"id": "7403112", "photo": {"prefix": "https://igx.4sqi.net/img/user/", "suffix": "/7403112-NOGN2RMSJLGCWCHN.jpg"}, "homeCity": "Kuala Lumpur, Malaysia", "contact": {"facebook": "1186625131363427", "twitter": "rosezrina"}, "firstName": "Ros", "tips": {"count": 0}, "gender": "female", "lastName": "Ezrina", "lists": {"groups": [{"count": 2, "type": "created", "items": []}]}, "bio": ""}, {"id": "20239811", "photo": {"prefix": "https://igx.4sqi.net/img/user/", "suffix": "/JNK4PAJBBODYE5HF.jpg"}, "homeCity": "", "contact": {"facebook": "565020560"}, "firstName": "Stella", "tips": {"count": 0}, "gender": "female", "lastName": "Weishan", "lists": {"groups": [{"count": 2, "type": "created", "items": []}]}, "bio": ""}, {"id": "53641802", "photo": {"prefix": "https://igx.4sqi.net/img/user/", "suffix": "/O3K0QIQDWCI2S5XD.jpg"}, "homeCity": "Kuala Lumpur, Malaysia", "contact": {"facebook": "100000703730969"}, "firstName": "Idda", "tips": {"count": 0}, "gender": "female", "lastName": "Adnan", "lists": {"groups": [{"count": 2, "type": "created", "items": []}]}, "bio": ""}, {"id": "85658181", "photo": {"prefix": "https://igx.4sqi.net/img/user/", "suffix": "/85658181-XWPEYLREKUMZR0YO.jpg"}, "homeCity": "George Town, PNG", "contact": {"facebook": "558421128"}, "firstName": "Jing", "tips": {"count": 0}, "gender": "male", "lastName": "Jing", "lists": {"groups": [{"count": 2, "type": "created", "items": []}]}, "bio": ""}, {"id": "5740433", "photo": {"prefix": "https://igx.4sqi.net/img/user/", "suffix": "/Z2ATVUFVQBQCRS5E.jpg"}, "homeCity": "Malaysia", "contact": {"facebook": "539107151"}, "firstName": "Nadine", "tips": {"count": 0}, "gender": "female", "lastName": "Fernandez", "lists": {"groups": [{"count": 2, "type": "created", "items": []}]}, "bio": ""}, {"id": "12589171", "photo": {"prefix": "https://igx.4sqi.net/img/user/", "suffix": "/RCKRL3B5WJT43CPV.jpg"}, "homeCity": "Petaling jaya, assunta, Malaysia", "contact": {"facebook": "785067801"}, "firstName": "Eyrique", "tips": {"count": 3}, "gender": "male", "lastName": "Goh", "lists": {"groups": [{"count": 2, "type": "created", "items": []}]}, "bio": "Gastronomical adventure, journey where the palate follows....\r\n\r\nTravel junky.... Objective to cover every country before I die...!!!"}, {"id": "11906555", "photo": {"prefix": "https://igx.4sqi.net/img/user/", "suffix": "/ABM1DV1U1E0AYQL4.jpg"}, "homeCity": "Pulau Pinang, Malaysia", "contact": {"facebook": "711479047"}, "firstName": "L'tyng", "tips": {"count": 8}, "gender": "female", "lastName": "Ong", "lists": {"groups": [{"count": 2, "type": "created", "items": []}]}, "bio": ""}, {"id": "29249999", "photo": {"prefix": "https://igx.4sqi.net/img/user/", "suffix": "/SMYPYCLLKPY0CYN1.jpg"}, "homeCity": "Trengganu", "contact": {"facebook": "648470562"}, "firstName": "Susila", "tips": {"count": 0}, "gender": "female", "lastName": "Devi", "lists": {"groups": [{"count": 2, "type": "created", "items": []}]}, "bio": ""}, {"id": "87998519", "photo": {"prefix": "https://igx.4sqi.net/img/user/", "suffix": "/87998519-YQHV1WWZ422VG5RQ.jpg"}, "homeCity": "Johor Bahru, JHR", "contact": {"facebook": "591887346"}, "firstName": "Bjorn", "tips": {"count": 0}, "gender": "female", "lastName": "Teo", "lists": {"groups": [{"count": 2, "type": "created", "items": []}]}, "bio": ""}, {"id": "19422078", "photo": {"prefix": "https://igx.4sqi.net/img/user/", "suffix": "/3052USPOGAF15YVZ.jpg"}, "homeCity": "Pulau Pinang, Malaysia", "contact": {"facebook": "518932336", "twitter": "sivenanthini"}, "firstName": "Sivenanthini", "tips": {"count": 2}, "gender": "female", "lastName": "Visvanathan", "lists": {"groups": [{"count": 2, "type": "created", "items": []}]}, "bio": ""}, {"id": "13332397", "photo": {"prefix": "https://igx.4sqi.net/img/user/", "suffix": "/EG2AM3ZWXGAJ5QYY.jpg"}, "homeCity": "Segamat", "contact": {"facebook": "612152924", "twitter": "prasadz8"}, "firstName": "Prasad", "tips": {"count": 3}, "gender": "male", "lastName": "Nambiar", "lists": {"groups": [{"count": 3, "type": "created", "items": []}]}, "bio": ""}, {"id": "83097415", "photo": {"prefix": "https://igx.4sqi.net/img/user/", "suffix": "/83097415-SQTE4LJTWYNVFLJY.jpg"}, "homeCity": "", "contact": {"facebook": "1608035370"}, "firstName": "Yili", "tips": {"count": 0}, "gender": "female", "lastName": "Khoo", "lists": {"groups": [{"count": 2, "type": "created", "items": []}]}, "bio": ""}, {"id": "22926599", "photo": {"prefix": "https://igx.4sqi.net/img/user/", "suffix": "/Y2DFE15FYMWQ2KAF.jpg"}, "homeCity": "Kulim", "contact": {"facebook": "1041791419"}, "firstName": "Chong", "tips": {"count": 3}, "gender": "male", "lastName": "Tze Ming", "lists": {"groups": [{"count": 2, "type": "created", "items": []}]}, "bio": ""}, {"id": "83145281", "photo": {"prefix": "https://igx.4sqi.net/img/user/", "suffix": "/83145281-ZE4YIGI0NI4FKPC5.jpg"}, "homeCity": "George Town, PNG", "contact": {"facebook": "717157829"}, "firstName": "Ewe", "tips": {"count": 0}, "gender": "male", "lastName": "Teoh", "lists": {"groups": [{"count": 2, "type": "created", "items": []}]}, "bio": ""}]}, "checksum": "b6cdf2cfe51acfed9e24e2b03f242729e5a10864"}}