{"notifications": [{"type": "notificationTray", "item": {"unreadCount": 0}}], "response": {"friends": {"items": [{"tips": {"count": 1}, "contact": {"twitter": "jiaoooo", "facebook": "821993425"}, "firstName": "Jiaoo", "gender": "female", "lastName": "Guo", "id": "13200290", "bio": "", "photo": {"prefix": "https://igx.4sqi.net/img/user/", "suffix": "/OK0Q5L44B1J54KSJ.jpg"}, "homeCity": "Singapore", "lists": {"groups": [{"items": [], "count": 2, "type": "created"}]}}, {"tips": {"count": 0}, "contact": {"facebook": "658243446"}, "firstName": "Daniel R. Rikardo", "gender": "male", "id": "78082971", "bio": "", "photo": {"prefix": "https://igx.4sqi.net/img/user/", "suffix": "/78082971-T3VH1G5JOFCX3INU.jpg"}, "homeCity": "Singapore", "lists": {"groups": [{"items": [], "count": 2, "type": "created"}]}}, {"tips": {"count": 0}, "contact": {"twitter": "raduan0811", "facebook": "597772891"}, "firstName": "Mohamad", "gender": "male", "lastName": "Raduan", "id": "4645948", "bio": "", "photo": {"prefix": "https://igx.4sqi.net/img/user/", "suffix": "/4645948-ICDXBKL3RSVZO4XK.jpg"}, "homeCity": "Singapore", "lists": {"groups": [{"items": [], "count": 2, "type": "created"}]}}, {"tips": {"count": 1}, "contact": {}, "firstName": "Ruth", "gender": "none", "lastName": "Q", "id": "6772335", "bio": "", "photo": {"prefix": "https://igx.4sqi.net/img/user/", "suffix": "/U20PTK11HRZRAJQN.jpg"}, "homeCity": "Singapore", "lists": {"groups": [{"items": [], "count": 2, "type": "created"}]}}, {"tips": {"count": 0}, "contact": {}, "firstName": "K\u0113\u00e7\u00eeq", "gender": "female", "id": "3512917", "bio": "Attitude gal with split personality", "photo": {"prefix": "https://igx.4sqi.net/img/user/", "suffix": "/JXUB1RWU5T5ZDE11.jpg"}, "homeCity": "Singapore", "lists": {"groups": [{"items": [], "count": 2, "type": "created"}]}}, {"tips": {"count": 0}, "contact": {"facebook": "1725529319"}, "firstName": "Aina", "gender": "female", "lastName": "ady", "id": "6626943", "bio": "", "photo": {"prefix": "https://igx.4sqi.net/img/user/", "suffix": "/JKNALPIZGZY4XJGB.jpg"}, "homeCity": "New York, NY", "lists": {"groups": [{"items": [], "count": 2, "type": "created"}]}}, {"tips": {"count": 0}, "contact": {"twitter": "irfan1809"}, "firstName": "Irfan", "gender": "male", "lastName": "Asli", "id": "4301656", "bio": "", "photo": {"prefix": "https://igx.4sqi.net/img/user/", "suffix": "/ZB1XTHDSZF30XUTG.jpg"}, "homeCity": "Singapore", "lists": {"groups": [{"items": [], "count": 2, "type": "created"}]}}, {"tips": {"count": 0}, "contact": {"twitter": "gniyhop", "facebook": "628984777"}, "firstName": "Poh", "gender": "female", "lastName": "Ying", "id": "4424088", "bio": "", "photo": {"prefix": "https://igx.4sqi.net/img/user/", "suffix": "/PNWCOD4ICGTK5AXH.jpg"}, "homeCity": "Singapore", "lists": {"groups": [{"items": [], "count": 2, "type": "created"}]}}, {"tips": {"count": 0}, "contact": {"twitter": "nekohua", "facebook": "576582570"}, "firstName": "Joy", "gender": "female", "lastName": "Tey", "id": "6698375", "bio": "", "photo": {"prefix": "https://igx.4sqi.net/img/user/", "suffix": "/0DY42Z2OQLERA0PJ.jpg"}, "homeCity": "Singapore", "lists": {"groups": [{"items": [], "count": 2, "type": "created"}]}}, {"tips": {"count": 2}, "contact": {"twitter": "wayneilu", "facebook": "600188684"}, "firstName": "Pritpal", "gender": "male", "lastName": "Singh", "id": "5441391", "bio": "", "photo": {"prefix": "https://igx.4sqi.net/img/user/", "suffix": "/QPHFKKMVJOEX4W1M.jpg"}, "homeCity": "Singapore", "lists": {"groups": [{"items": [], "count": 2, "type": "created"}]}}, {"tips": {"count": 0}, "contact": {"facebook": "1665069290"}, "firstName": "siti mafuzah", "gender": "female", "lastName": "masnor", "id": "3738716", "bio": "", "photo": {"prefix": "https://igx.4sqi.net/img/user/", "suffix": "/ZRWFGAWEJKRYRKH2.jpg"}, "homeCity": "Singapore", "lists": {"groups": [{"items": [], "count": 2, "type": "created"}]}}, {"tips": {"count": 0}, "contact": {"twitter": "katbbylovesyou", "facebook": "610762645"}, "firstName": "Kat Bby", "gender": "female", "id": "5175210", "bio": "", "photo": {"prefix": "https://igx.4sqi.net/img/user/", "suffix": "/FWZ1P0KZLH5FKMSD.jpg"}, "homeCity": "Singapore, SG", "lists": {"groups": [{"items": [], "count": 2, "type": "created"}]}}, {"tips": {"count": 2}, "contact": {"twitter": "n4nachica"}, "firstName": "Lyana Luthfiana", "gender": "female", "id": "2911139", "bio": "", "photo": {"prefix": "https://igx.4sqi.net/img/user/", "suffix": "/HFRW2LGCUBEQZKUQ.jpg"}, "homeCity": "Singapore", "lists": {"groups": [{"items": [], "count": 2, "type": "created"}]}}, {"tips": {"count": 1}, "contact": {"twitter": "kamadrool"}, "firstName": "Kamarul", "gender": "male", "lastName": "Shobir", "id": "5035272", "bio": "", "photo": {"prefix": "https://igx.4sqi.net/img/user/", "suffix": "/blank_boy.png", "default": true}, "homeCity": "Singapore", "lists": {"groups": [{"items": [], "count": 2, "type": "created"}]}}, {"tips": {"count": 1}, "contact": {}, "firstName": "Shawn", "gender": "male", "lastName": "Yeo", "id": "4823978", "bio": "", "photo": {"prefix": "https://igx.4sqi.net/img/user/", "suffix": "/M4QPZSZ2NTERPEUI.jpg"}, "homeCity": "Singapore", "lists": {"groups": [{"items": [], "count": 2, "type": "created"}]}}, {"tips": {"count": 0}, "contact": {"twitter": "prxttylazy", "facebook": "587513151"}, "firstName": "Celeste", "gender": "female", "id": "3812565", "bio": "Part time doodler, full time daydreamer.", "photo": {"prefix": "https://igx.4sqi.net/img/user/", "suffix": "/1S0XNUPVTFANKTGU.jpg"}, "homeCity": "Singapore", "lists": {"groups": [{"items": [], "count": 2, "type": "created"}]}}, {"tips": {"count": 6}, "contact": {}, "firstName": "Lindis", "gender": "female", "lastName": "Chia", "id": "1562550", "bio": "", "photo": {"prefix": "https://igx.4sqi.net/img/user/", "suffix": "/1562550-HKVUY2IET0RT4YLT"}, "homeCity": "Singapore", "lists": {"groups": [{"items": [], "count": 3, "type": "created"}]}}, {"tips": {"count": 2}, "contact": {"twitter": "azmi_suarez", "facebook": "1387430986"}, "firstName": "AzmiWarriors", "gender": "male", "lastName": "ParaWali", "id": "4210184", "bio": "i am a simple guy,divorced and i had 2 lovely daugther. i part of the dikir barat reunion RAJALAUT... \u00a9 Profile Original & Official\u00ae\u2588\u2551\u258c\u2502\u2588\u2502\u2551\u258c\u2551\u2502\u2502\u2588[ \u2714 ] Foursquare", "photo": {"prefix": "https://igx.4sqi.net/img/user/", "suffix": "/4210184-GIAGLR0RNFICLWHR.jpg"}, "homeCity": "Singapore", "lists": {"groups": [{"items": [], "count": 2, "type": "created"}]}}, {"tips": {"count": 23}, "contact": {"facebook": "731267647"}, "firstName": "Neny SaLynna", "gender": "female", "lastName": "Ismail", "id": "1177534", "bio": "", "photo": {"prefix": "https://igx.4sqi.net/img/user/", "suffix": "/1177534-HFTPU4GX1CURRQBZ.jpg"}, "homeCity": " Singapore", "lists": {"groups": [{"items": [], "count": 2, "type": "created"}]}}, {"tips": {"count": 0}, "contact": {}, "firstName": "Nazzy", "gender": "male", "lastName": "Muzzy", "id": "3295692", "bio": "", "photo": {"prefix": "https://igx.4sqi.net/img/user/", "suffix": "/E5WWSMYG02W1X5GW.jpg"}, "homeCity": "Singapore", "lists": {"groups": [{"items": [], "count": 2, "type": "created"}]}}, {"tips": {"count": 0}, "contact": {"twitter": "namakulini", "facebook": "767264114"}, "firstName": "Lini", "gender": "female", "lastName": "Soekardi", "id": "2147736", "bio": "", "photo": {"prefix": "https://igx.4sqi.net/img/user/", "suffix": "/HGKS4UQGLBJR0TJL.jpg"}, "homeCity": "Singapore", "lists": {"groups": [{"items": [], "count": 2, "type": "created"}]}}, {"tips": {"count": 0}, "contact": {"facebook": "100000583001182"}, "firstName": "Ziana", "gender": "female", "lastName": "Berliante", "id": "16593585", "bio": "", "photo": {"prefix": "https://igx.4sqi.net/img/user/", "suffix": "/WXFLVRX2IB5GTKFH.jpg"}, "homeCity": "NY", "lists": {"groups": [{"items": [], "count": 2, "type": "created"}]}}, {"tips": {"count": 1}, "contact": {"twitter": "ivanlian", "facebook": "586183972"}, "firstName": "Ivan", "gender": "male", "lastName": "Lian", "id": "4839511", "bio": "", "photo": {"prefix": "https://igx.4sqi.net/img/user/", "suffix": "/2E0ZYXYKZSEGGI00.jpg"}, "homeCity": "Singapore", "lists": {"groups": [{"items": [], "count": 2, "type": "created"}]}}, {"tips": {"count": 1}, "contact": {"twitter": "rueeina", "facebook": "544963801"}, "firstName": "Rena", "gender": "female", "lastName": "Lim", "id": "6986516", "bio": "", "photo": {"prefix": "https://igx.4sqi.net/img/user/", "suffix": "/6986516-QAOPOHXBHKCNYVG2.jpg"}, "homeCity": "New York, NY", "lists": {"groups": [{"items": [], "count": 2, "type": "created"}]}}, {"tips": {"count": 10}, "contact": {}, "firstName": "Afiqah", "gender": "female", "id": "35677109", "bio": "", "photo": {"prefix": "https://igx.4sqi.net/img/user/", "suffix": "/RBNQGSET4QAOIH3N.jpg"}, "homeCity": "Singapore", "lists": {"groups": [{"items": [], "count": 2, "type": "created"}]}}, {"tips": {"count": 0}, "contact": {"twitter": "jiaqiordinary", "facebook": "100000373822679"}, "firstName": "Jia Qi", "gender": "none", "lastName": "Ordinary", "id": "4303018", "bio": "", "photo": {"prefix": "https://igx.4sqi.net/img/user/", "suffix": "/blank_boy.png", "default": true}, "homeCity": "Singapore", "lists": {"groups": [{"items": [], "count": 2, "type": "created"}]}}, {"tips": {"count": 0}, "contact": {}, "firstName": "Nur Sooleezaa", "gender": "female", "lastName": "Saadon", "id": "5810174", "bio": "", "photo": {"prefix": "https://igx.4sqi.net/img/user/", "suffix": "/2CXOKRCKZY1FNAXY.jpg"}, "homeCity": "Singapore", "lists": {"groups": [{"items": [], "count": 2, "type": "created"}]}}, {"tips": {"count": 0}, "contact": {"facebook": "10153653676976310"}, "firstName": "Low", "gender": "male", "lastName": "Weng Guan", "id": "5446379", "bio": "", "photo": {"prefix": "https://igx.4sqi.net/img/user/", "suffix": "/EMPUI5LITIDHV4XJ.jpg"}, "homeCity": "Singapore", "lists": {"groups": [{"items": [], "count": 2, "type": "created"}]}}, {"tips": {"count": 0}, "contact": {"facebook": "100000259940477"}, "firstName": "denny shifah", "gender": "male", "id": "5019818", "bio": "", "photo": {"prefix": "https://igx.4sqi.net/img/user/", "suffix": "/RNJHYSV1MWCAT1CL.jpg"}, "homeCity": "Singapore", "lists": {"groups": [{"items": [], "count": 3, "type": "created"}]}}, {"tips": {"count": 0}, "contact": {"facebook": "1082616906"}, "firstName": "Angel", "gender": "female", "lastName": "Le", "id": "5376868", "bio": "", "photo": {"prefix": "https://igx.4sqi.net/img/user/", "suffix": "/II1KPLDKYTQ5E14Q.jpg"}, "homeCity": "Singapore", "lists": {"groups": [{"items": [], "count": 2, "type": "created"}]}}, {"tips": {"count": 0}, "contact": {"twitter": "iqahluluk"}, "firstName": "Syafiqah", "gender": "female", "lastName": "Suratemin", "id": "3061619", "bio": "", "photo": {"prefix": "https://igx.4sqi.net/img/user/", "suffix": "/0YNSWQ3SYDB43WH0.jpg"}, "homeCity": "Singapore", "lists": {"groups": [{"items": [], "count": 2, "type": "created"}]}}, {"tips": {"count": 0}, "contact": {"twitter": "lynnibucks"}, "firstName": "Chong", "gender": "female", "lastName": "Lynn", "id": "6602087", "bio": "", "photo": {"prefix": "https://igx.4sqi.net/img/user/", "suffix": "/I45Y144XLHRJ32OP.jpg"}, "homeCity": "Singapore", "lists": {"groups": [{"items": [], "count": 2, "type": "created"}]}}, {"tips": {"count": 0}, "contact": {}, "firstName": "siti aishah", "gender": "female", "lastName": "abdullah lee", "id": "8905146", "bio": "", "photo": {"prefix": "https://igx.4sqi.net/img/user/", "suffix": "/blank_girl.png", "default": true}, "homeCity": "Singapore", "lists": {"groups": [{"items": [], "count": 2, "type": "created"}]}}, {"tips": {"count": 1}, "contact": {"twitter": "fadzlyroslan", "facebook": "801583288"}, "firstName": "Fadzly", "gender": "male", "lastName": "Roslan", "id": "1966604", "bio": "", "photo": {"prefix": "https://igx.4sqi.net/img/user/", "suffix": "/XUHEQKS5XRELGOPJ.jpg"}, "homeCity": "Singapore", "lists": {"groups": [{"items": [], "count": 2, "type": "created"}]}}, {"tips": {"count": 0}, "contact": {}, "firstName": "Ira", "gender": "female", "id": "4223571", "bio": "", "photo": {"prefix": "https://igx.4sqi.net/img/user/", "suffix": "/X3Q0WGKRDQOVX01K.jpg"}, "homeCity": "Singapore", "lists": {"groups": [{"items": [], "count": 2, "type": "created"}]}}, {"tips": {"count": 14}, "contact": {"twitter": "wanbarthez"}, "firstName": "Ridzwan", "gender": "male", "lastName": "Zuhaire Zuraime", "id": "1566779", "bio": "25\u2022Malay Muslim\u2022Singapore\r\n|Full-time snr. Programme Officer|Part-Time Trainer|\r\n|Freelance Eventpreneur @ArczEnterprise & Svcs|\r\nIG/TW/Pinterest: @wanbarthez", "photo": {"prefix": "https://igx.4sqi.net/img/user/", "suffix": "/1566779-EK2C310ERZNZLYKF.jpg"}, "homeCity": "Choa Chu Kang, Singapore", "lists": {"groups": [{"items": [], "count": 2, "type": "created"}]}}, {"tips": {"count": 0}, "contact": {}, "firstName": "Lewis", "gender": "male", "lastName": "Tan", "id": "3859067", "bio": "", "photo": {"prefix": "https://igx.4sqi.net/img/user/", "suffix": "/YZAWBC2XHYAWYBXO.jpg"}, "homeCity": "Singapore", "lists": {"groups": [{"items": [], "count": 2, "type": "created"}]}}, {"tips": {"count": 0}, "contact": {"twitter": "liciousnista"}, "firstName": "Felicia", "gender": "female", "lastName": "Lim", "id": "15961630", "bio": "", "photo": {"prefix": "https://igx.4sqi.net/img/user/", "suffix": "/THXBSNDFBT1IL1RH.jpg"}, "homeCity": "Singapore", "lists": {"groups": [{"items": [], "count": 2, "type": "created"}]}}, {"tips": {"count": 0}, "contact": {}, "firstName": "Yumiko", "gender": "female", "lastName": "Edlyn", "id": "4842258", "bio": "", "photo": {"prefix": "https://igx.4sqi.net/img/user/", "suffix": "/PTJQ1HN3YH21HLFU.jpg"}, "homeCity": "Singapore", "lists": {"groups": [{"items": [], "count": 2, "type": "created"}]}}, {"tips": {"count": 0}, "contact": {"twitter": "mut7huy"}, "firstName": "Murt", "gender": "male", "lastName": "Huy", "id": "11977087", "bio": "", "photo": {"prefix": "https://igx.4sqi.net/img/user/", "suffix": "/blank_boy.png", "default": true}, "homeCity": "Singapore", "lists": {"groups": [{"items": [], "count": 2, "type": "created"}]}}, {"tips": {"count": 0}, "contact": {"facebook": "1577437974"}, "firstName": "miqal", "gender": "male", "lastName": "Azeem", "id": "7700453", "bio": "", "photo": {"prefix": "https://igx.4sqi.net/img/user/", "suffix": "/RQQ1P3BKX24YUHZD.jpg"}, "homeCity": "Singapore", "lists": {"groups": [{"items": [], "count": 2, "type": "created"}]}}, {"tips": {"count": 0}, "contact": {"twitter": "jasmineelyx", "facebook": "1804388353"}, "firstName": "Jasmine", "gender": "female", "lastName": "Ling", "id": "8996017", "bio": "", "photo": {"prefix": "https://igx.4sqi.net/img/user/", "suffix": "/ODAF3AONFXL4G0BJ.jpg"}, "homeCity": "Singapore", "lists": {"groups": [{"items": [], "count": 2, "type": "created"}]}}, {"tips": {"count": 8}, "contact": {"facebook": "1200275999"}, "firstName": "Forever", "gender": "male", "lastName": "Defiant", "id": "5561364", "bio": "iN a Cold,dark Place , CalleD your HeArT..", "photo": {"prefix": "https://igx.4sqi.net/img/user/", "suffix": "/MHVZQETFZZ1JNJ2F.jpg"}, "homeCity": "Singapore", "lists": {"groups": [{"items": [], "count": 3, "type": "created"}]}}, {"tips": {"count": 0}, "contact": {"twitter": "hizzzzyran"}, "firstName": "Hizzzzyran", "gender": "male", "id": "7326545", "bio": "", "photo": {"prefix": "https://igx.4sqi.net/img/user/", "suffix": "/WKRMCEIIW1HRWPIG.jpg"}, "homeCity": "Singapore", "lists": {"groups": [{"items": [], "count": 2, "type": "created"}]}}, {"tips": {"count": 0}, "contact": {"facebook": "811908955"}, "firstName": "Masri", "gender": "male", "lastName": "Chia", "id": "6677728", "bio": "", "photo": {"prefix": "https://igx.4sqi.net/img/user/", "suffix": "/blank_boy.png", "default": true}, "homeCity": "Singapore", "lists": {"groups": [{"items": [], "count": 2, "type": "created"}]}}, {"tips": {"count": 0}, "contact": {"twitter": "nadhirah_s", "facebook": "677528881"}, "firstName": "Nadhirah s", "gender": "female", "id": "3942083", "bio": "", "photo": {"prefix": "https://igx.4sqi.net/img/user/", "suffix": "/WZ23MMTO3STGO1TL.jpg"}, "homeCity": "Singapore", "lists": {"groups": [{"items": [], "count": 2, "type": "created"}]}}, {"tips": {"count": 0}, "contact": {"facebook": "581590306"}, "firstName": "Nadhirah", "gender": "female", "lastName": "Yahya", "id": "9693055", "bio": "", "photo": {"prefix": "https://igx.4sqi.net/img/user/", "suffix": "/RHQUTXSN5N4ZBQTV.jpg"}, "homeCity": "Singapore", "lists": {"groups": [{"items": [], "count": 2, "type": "created"}]}}, {"tips": {"count": 0}, "contact": {"facebook": "1142338026"}, "firstName": "Jen jen", "gender": "female", "lastName": "Jenny", "id": "5074305", "bio": "", "photo": {"prefix": "https://igx.4sqi.net/img/user/", "suffix": "/U2K1SF4KDNI0Y4I5.jpg"}, "homeCity": "Singapore", "lists": {"groups": [{"items": [], "count": 2, "type": "created"}]}}, {"tips": {"count": 0}, "contact": {"twitter": "sazzepi", "facebook": "100005788241247"}, "firstName": "Faiqah Firas Zaheen", "gender": "male", "lastName": "Firdaus", "id": "85034757", "bio": "", "photo": {"prefix": "https://igx.4sqi.net/img/user/", "suffix": "/85034757-CSGFNVBH3E1Y0LSI.jpg"}, "homeCity": "Singapore, Singapore", "lists": {"groups": [{"items": [], "count": 2, "type": "created"}]}}, {"tips": {"count": 0}, "contact": {"twitter": "eejaalovee", "facebook": "716503019"}, "firstName": "Nur", "gender": "female", "lastName": "Syafizah", "id": "3081082", "bio": "", "photo": {"prefix": "https://igx.4sqi.net/img/user/", "suffix": "/2AF2QFKEKJ425O3F.jpg"}, "homeCity": "Singapore", "lists": {"groups": [{"items": [], "count": 2, "type": "created"}]}}, {"tips": {"count": 0}, "contact": {"twitter": "gegerlbebey", "facebook": "1289430979"}, "firstName": "Gegerlbebey,", "gender": "female", "id": "4047945", "bio": "", "photo": {"prefix": "https://igx.4sqi.net/img/user/", "suffix": "/FSWCEZZD4DRTMLFA.jpg"}, "homeCity": "SG", "lists": {"groups": [{"items": [], "count": 2, "type": "created"}]}}, {"tips": {"count": 0}, "contact": {"facebook": "1235463098"}, "firstName": "nurul", "gender": "female", "lastName": "nadirah", "id": "6173945", "bio": "", "photo": {"prefix": "https://igx.4sqi.net/img/user/", "suffix": "/EJGT2GYDHRRORDBS.jpg"}, "homeCity": "Singapore", "lists": {"groups": [{"items": [], "count": 2, "type": "created"}]}}, {"tips": {"count": 0}, "contact": {"facebook": "100002656394774"}, "firstName": "Siti", "gender": "female", "lastName": "Salleh", "id": "50026710", "bio": "", "photo": {"prefix": "https://igx.4sqi.net/img/user/", "suffix": "/5QTP15PA2OXOZQ1M.jpg"}, "homeCity": "Singapore", "lists": {"groups": [{"items": [], "count": 2, "type": "created"}]}}, {"tips": {"count": 0}, "contact": {"twitter": "danielongwj", "facebook": "714713583"}, "firstName": "Weijie", "gender": "male", "lastName": "Ong", "id": "10279969", "bio": "", "photo": {"prefix": "https://igx.4sqi.net/img/user/", "suffix": "/H2OD3RK2IKEU5YPA.jpg"}, "homeCity": "Singapore", "lists": {"groups": [{"items": [], "count": 4, "type": "created"}]}}, {"tips": {"count": 0}, "contact": {"facebook": "1072532877"}, "firstName": "Ayumie", "gender": "female", "lastName": "Jazzy", "id": "9265193", "bio": "", "photo": {"prefix": "https://igx.4sqi.net/img/user/", "suffix": "/P1VPE0ZLSFXBV1GQ.jpg"}, "homeCity": "Singapore", "lists": {"groups": [{"items": [], "count": 2, "type": "created"}]}}, {"tips": {"count": 0}, "contact": {"facebook": "594942137"}, "firstName": "Wafir", "gender": "male", "lastName": "Hidayat", "id": "5615362", "bio": "", "photo": {"prefix": "https://igx.4sqi.net/img/user/", "suffix": "/S3UFOKHYRHKT003H.jpg"}, "homeCity": "Singapore", "lists": {"groups": [{"items": [], "count": 2, "type": "created"}]}}, {"tips": {"count": 0}, "contact": {"facebook": "574914408"}, "firstName": "DYmond", "gender": "female", "lastName": "Foreverlove", "id": "16811413", "bio": "", "photo": {"prefix": "https://igx.4sqi.net/img/user/", "suffix": "/G2BZ10RKVPX0QLEC.jpg"}, "homeCity": "Singapore", "lists": {"groups": [{"items": [], "count": 2, "type": "created"}]}}, {"tips": {"count": 0}, "contact": {"twitter": "barnabahh"}, "firstName": "Barnabas", "gender": "male", "lastName": "Leng", "id": "6690594", "bio": "", "photo": {"prefix": "https://igx.4sqi.net/img/user/", "suffix": "/blank_boy.png", "default": true}, "homeCity": "Singapore", "lists": {"groups": [{"items": [], "count": 2, "type": "created"}]}}, {"tips": {"count": 0}, "contact": {"twitter": "laepinke"}, "firstName": "Laepinke", "gender": "female", "id": "5419563", "bio": "", "photo": {"prefix": "https://igx.4sqi.net/img/user/", "suffix": "/WWVDIFNFYC4YG01Z.jpg"}, "homeCity": "Singapore", "lists": {"groups": [{"items": [], "count": 2, "type": "created"}]}}, {"tips": {"count": 2}, "contact": {"twitter": "adiezen", "facebook": "100004591328124"}, "firstName": "Andaq", "gender": "male", "lastName": "Sri Ulan", "id": "3492285", "bio": "Im Just A Very Simple Guy Who Dun Ask For Lotz Of Things.. All I Need Is Ppl 2 B Sincere Wit Me.. I Juz Need True Frenz Who Will Stay With Me Thru Thick & Thin.", "photo": {"prefix": "https://igx.4sqi.net/img/user/", "suffix": "/3492285-R4YJ2NYI3E2EUFHK.jpg"}, "homeCity": "Singapore", "lists": {"groups": [{"items": [], "count": 2, "type": "created"}]}}, {"tips": {"count": 0}, "contact": {"twitter": "anfrojack", "facebook": "1225747317"}, "firstName": "momo", "gender": "male", "lastName": "firhan", "id": "4122363", "bio": "", "photo": {"prefix": "https://igx.4sqi.net/img/user/", "suffix": "/LHMPRG4M3VUZ2ZQY.jpg"}, "homeCity": "Singapore", "lists": {"groups": [{"items": [], "count": 2, "type": "created"}]}}, {"tips": {"count": 0}, "contact": {"facebook": "757244666"}, "firstName": "Azlinda", "gender": "female", "lastName": "Bahtiar", "id": "6206154", "bio": "", "photo": {"prefix": "https://igx.4sqi.net/img/user/", "suffix": "/WAE3LZOOBIHQW1L2.jpg"}, "homeCity": "Singapore", "lists": {"groups": [{"items": [], "count": 2, "type": "created"}]}}, {"tips": {"count": 1}, "contact": {"twitter": "fateens", "facebook": "834394567"}, "firstName": "Fatin Syafiqah", "gender": "female", "id": "10855485", "bio": "", "photo": {"prefix": "https://igx.4sqi.net/img/user/", "suffix": "/3XO4A1U1VWUUBZS2.jpg"}, "homeCity": "Singapore", "lists": {"groups": [{"items": [], "count": 2, "type": "created"}]}}, {"tips": {"count": 0}, "contact": {"twitter": "mnhakiim", "facebook": "1585607074"}, "firstName": "Hakim", "gender": "male", "lastName": "Kim", "id": "5789542", "bio": "", "photo": {"prefix": "https://igx.4sqi.net/img/user/", "suffix": "/WYRMYIUT5TDOO0CR.jpg"}, "homeCity": "singapore", "lists": {"groups": [{"items": [], "count": 2, "type": "created"}]}}, {"tips": {"count": 1}, "contact": {"twitter": "alfianessi", "facebook": "600183441"}, "firstName": "Alfian", "gender": "male", "lastName": "Essi", "id": "8374845", "bio": "", "photo": {"prefix": "https://igx.4sqi.net/img/user/", "suffix": "/GI1KHVNZPYBFQAOD.jpg"}, "homeCity": "Singapore", "lists": {"groups": [{"items": [], "count": 2, "type": "created"}]}}, {"tips": {"count": 0}, "contact": {"twitter": "syaibieber", "facebook": "676657807"}, "firstName": "Syaibah", "gender": "female", "lastName": "Suhairi", "id": "20713948", "bio": "", "photo": {"prefix": "https://igx.4sqi.net/img/user/", "suffix": "/H24WMBB2SSQHZJB5.jpg"}, "homeCity": "Choa Chu Kang, Singapore", "lists": {"groups": [{"items": [], "count": 2, "type": "created"}]}}, {"tips": {"count": 0}, "contact": {"twitter": "ditzydiana"}, "firstName": "Nur", "gender": "female", "lastName": "Diana", "id": "3555202", "bio": "", "photo": {"prefix": "https://igx.4sqi.net/img/user/", "suffix": "/2A41OQ15KU1ITA3Y.jpg"}, "homeCity": "Singapore", "lists": {"groups": [{"items": [], "count": 2, "type": "created"}]}}, {"tips": {"count": 0}, "contact": {"facebook": "1454873863"}, "firstName": "Fiq", "gender": "male", "lastName": "Deathstar", "id": "5990481", "bio": "", "photo": {"prefix": "https://igx.4sqi.net/img/user/", "suffix": "/-BSLZJUW11JCZRPFO.jpg"}, "homeCity": "Singapore", "lists": {"groups": [{"items": [], "count": 2, "type": "created"}]}}, {"tips": {"count": 2}, "contact": {"twitter": "jithong88", "facebook": "527873834"}, "firstName": "Ah Hong", "gender": "male", "lastName": "\u00a9\u00ae\u2122", "id": "6318181", "bio": "", "photo": {"prefix": "https://igx.4sqi.net/img/user/", "suffix": "/6318181-ZO0IMMLUWVWGKLS3.jpg"}, "homeCity": "Singapore", "lists": {"groups": [{"items": [], "count": 2, "type": "created"}]}}, {"tips": {"count": 0}, "contact": {"facebook": "662222240"}, "firstName": "Shahrul", "gender": "male", "lastName": "Azhar", "id": "16682208", "bio": "", "photo": {"prefix": "https://igx.4sqi.net/img/user/", "suffix": "/CTRD2M4R2GGXBBE0.jpg"}, "homeCity": "Singapore", "lists": {"groups": [{"items": [], "count": 2, "type": "created"}]}}, {"tips": {"count": 1}, "contact": {"facebook": "591403929"}, "firstName": "Mohd", "gender": "male", "lastName": "Bashir", "id": "5828167", "bio": "", "photo": {"prefix": "https://igx.4sqi.net/img/user/", "suffix": "/ITGI1FWJBIFIJNHP.jpg"}, "homeCity": "Singapore", "lists": {"groups": [{"items": [], "count": 2, "type": "created"}]}}, {"tips": {"count": 0}, "contact": {"facebook": "756198024"}, "firstName": "Enul", "gender": "male", "lastName": "ChuBbi", "id": "80611739", "bio": "", "photo": {"prefix": "https://igx.4sqi.net/img/user/", "suffix": "/80611739-PLYM5AE5KCH1AVE0.jpg"}, "homeCity": "Singapore", "lists": {"groups": [{"items": [], "count": 2, "type": "created"}]}}, {"tips": {"count": 0}, "contact": {"twitter": "muhdapez", "facebook": "748742801"}, "firstName": "Hafiz", "gender": "male", "lastName": "Osni", "id": "4089227", "bio": "", "photo": {"prefix": "https://igx.4sqi.net/img/user/", "suffix": "/0FGUYDJQWQXX1TRY.jpg"}, "homeCity": "Singapore", "lists": {"groups": [{"items": [], "count": 2, "type": "created"}]}}, {"tips": {"count": 1}, "contact": {"twitter": "iicamanje", "facebook": "565564334"}, "firstName": "iicamanje", "gender": "female", "lastName": "mannequin", "id": "6538477", "bio": "", "photo": {"prefix": "https://igx.4sqi.net/img/user/", "suffix": "/B30M2YG2STZF3F02.jpg"}, "homeCity": "New York, NY", "lists": {"groups": [{"items": [], "count": 2, "type": "created"}]}}, {"tips": {"count": 1}, "contact": {"twitter": "willemvbuuren", "facebook": "1208411477"}, "firstName": "Willem Van", "gender": "male", "lastName": "Buuren", "id": "9068294", "bio": "", "photo": {"prefix": "https://igx.4sqi.net/img/user/", "suffix": "/CRFHUBSWENKVEI4Z.jpg"}, "homeCity": "Singapore", "lists": {"groups": [{"items": [], "count": 2, "type": "created"}]}}, {"tips": {"count": 0}, "contact": {"facebook": "703828908"}, "firstName": "Fadhli", "gender": "male", "lastName": "Rohaizat", "id": "17290849", "bio": "", "photo": {"prefix": "https://igx.4sqi.net/img/user/", "suffix": "/HBOFHDMRHB1IFDP5.jpg"}, "homeCity": "Singapore", "lists": {"groups": [{"items": [], "count": 2, "type": "created"}]}}, {"tips": {"count": 0}, "contact": {"facebook": "578920868"}, "firstName": "Deb", "gender": "female", "lastName": "Lim", "id": "6111415", "bio": "", "photo": {"prefix": "https://igx.4sqi.net/img/user/", "suffix": "/UUWXRFLN3KHKMORS.jpg"}, "homeCity": "Singapore", "lists": {"groups": [{"items": [], "count": 2, "type": "created"}]}}, {"tips": {"count": 3}, "contact": {"twitter": "aladynna", "facebook": "10153227622665917"}, "firstName": "Dynna", "gender": "female", "lastName": "Ladynna", "id": "5130196", "bio": "", "photo": {"prefix": "https://igx.4sqi.net/img/user/", "suffix": "/5130196-JRWD2AD4GQ3JSAOU.jpg"}, "homeCity": "Singapore", "lists": {"groups": [{"items": [], "count": 2, "type": "created"}]}}, {"tips": {"count": 0}, "contact": {"facebook": "593559698"}, "firstName": "Zul", "gender": "male", "id": "8656824", "bio": "", "photo": {"prefix": "https://igx.4sqi.net/img/user/", "suffix": "/2HQHCENTZHXREEIX.jpg"}, "homeCity": "Singapore", "lists": {"groups": [{"items": [], "count": 2, "type": "created"}]}}, {"tips": {"count": 0}, "contact": {"twitter": "bellemiller91", "facebook": "1537714131"}, "firstName": "Belle", "gender": "female", "lastName": "Miller", "id": "9819644", "bio": "", "photo": {"prefix": "https://igx.4sqi.net/img/user/", "suffix": "/MU1AWZKP51N5ITVQ.jpg"}, "homeCity": "Singapore", "lists": {"groups": [{"items": [], "count": 2, "type": "created"}]}}, {"tips": {"count": 0}, "contact": {"twitter": "wawakiss"}, "firstName": "Wawa", "gender": "female", "lastName": "Qiss", "id": "17629201", "bio": "", "photo": {"prefix": "https://igx.4sqi.net/img/user/", "suffix": "/M4ZVZKV1RO1BR3WD.jpg"}, "homeCity": "Singapore", "lists": {"groups": [{"items": [], "count": 2, "type": "created"}]}}, {"tips": {"count": 0}, "contact": {"twitter": "axnamstf"}, "firstName": "Aina", "gender": "female", "lastName": "Mstf", "id": "7741577", "bio": "", "photo": {"prefix": "https://igx.4sqi.net/img/user/", "suffix": "/VH4DCRJOU4UCYPLK.jpg"}, "homeCity": "Singapore", "lists": {"groups": [{"items": [], "count": 2, "type": "created"}]}}, {"tips": {"count": 2}, "contact": {"facebook": "1359467796"}, "firstName": "Nasyita", "gender": "female", "lastName": "Az", "id": "8779511", "bio": "", "photo": {"prefix": "https://igx.4sqi.net/img/user/", "suffix": "/IMRFKP0KVZBZVVNE.jpg"}, "homeCity": "Singapore", "lists": {"groups": [{"items": [], "count": 2, "type": "created"}]}}, {"tips": {"count": 0}, "contact": {"facebook": "552117631"}, "firstName": "Adeq Fateha", "gender": "female", "lastName": "Sey", "id": "8765550", "bio": "", "photo": {"prefix": "https://igx.4sqi.net/img/user/", "suffix": "/3OOTSXWKVFYC0YIG.jpg"}, "homeCity": "Singapore", "lists": {"groups": [{"items": [], "count": 2, "type": "created"}]}}, {"tips": {"count": 0}, "contact": {"twitter": "myzi_miz", "facebook": "599354541"}, "firstName": "MizRah", "gender": "female", "id": "12530354", "bio": "", "photo": {"prefix": "https://igx.4sqi.net/img/user/", "suffix": "/C0T5X05GJNNYV0OY.jpg"}, "homeCity": "Singapore", "lists": {"groups": [{"items": [], "count": 2, "type": "created"}]}}, {"tips": {"count": 0}, "contact": {"twitter": "sarahsaerah"}, "firstName": "Sarah", "gender": "female", "lastName": "Saerah", "id": "18142337", "bio": "", "photo": {"prefix": "https://igx.4sqi.net/img/user/", "suffix": "/L1A0LLFTBSIL1M2E.jpg"}, "homeCity": "Singapore", "lists": {"groups": [{"items": [], "count": 2, "type": "created"}]}}, {"tips": {"count": 0}, "contact": {"facebook": "1045228665"}, "firstName": "Jonathan", "gender": "male", "lastName": "Nasr", "id": "8476075", "bio": "", "photo": {"prefix": "https://igx.4sqi.net/img/user/", "suffix": "/SVVIWGHIC2K03TM2.jpg"}, "homeCity": "Singapore", "lists": {"groups": [{"items": [], "count": 2, "type": "created"}]}}, {"tips": {"count": 0}, "contact": {"facebook": "715038090"}, "firstName": "Amshrek", "gender": "male", "lastName": "Babo", "id": "8774348", "bio": "", "photo": {"prefix": "https://igx.4sqi.net/img/user/", "suffix": "/blank_boy.png", "default": true}, "homeCity": "Singapore", "lists": {"groups": [{"items": [], "count": 2, "type": "created"}]}}, {"tips": {"count": 0}, "contact": {"facebook": "512754588"}, "firstName": "Wanting", "gender": "female", "lastName": "Mai", "id": "12662398", "bio": "", "photo": {"prefix": "https://igx.4sqi.net/img/user/", "suffix": "/BCMMV0OI1NDJLQOY.jpg"}, "homeCity": "Singapore", "lists": {"groups": [{"items": [], "count": 2, "type": "created"}]}}, {"tips": {"count": 1}, "contact": {}, "firstName": "dYm0nd", "gender": "female", "lastName": "Dania", "id": "8504619", "bio": "", "photo": {"prefix": "https://igx.4sqi.net/img/user/", "suffix": "/FR2U3JODCDEFHJZJ.jpg"}, "homeCity": "Singapore", "lists": {"groups": [{"items": [], "count": 2, "type": "created"}]}}, {"tips": {"count": 0}, "contact": {"twitter": "salikeane", "facebook": "1196837995"}, "firstName": "Muhd", "gender": "male", "lastName": "Salikin", "id": "8509620", "bio": "", "photo": {"prefix": "https://igx.4sqi.net/img/user/", "suffix": "/blank_boy.png", "default": true}, "homeCity": "Singapore", "lists": {"groups": [{"items": [], "count": 2, "type": "created"}]}}, {"tips": {"count": 2}, "contact": {"twitter": "dolryan", "facebook": "1088839267"}, "firstName": "ryanizwan", "gender": "male", "id": "13857610", "bio": "", "photo": {"prefix": "https://igx.4sqi.net/img/user/", "suffix": "/BAFL3EM0TEIPUSDX.jpg"}, "homeCity": "Singapore", "lists": {"groups": [{"items": [], "count": 2, "type": "created"}]}}], "count": 92}, "checksum": "d5ef3ccd700a4c3d9bebae202fa27a86fa8b0828"}, "meta": {"requestId": "5965c09ef594df3c3fb79ea4", "code": 200}}