{"notifications": [{"type": "notificationTray", "item": {"unreadCount": 0}}], "response": {"friends": {"items": [{"tips": {"count": 0}, "contact": {"twitter": "sayyitright", "facebook": "538304537"}, "firstName": "Eugene", "gender": "male", "lastName": "Ang", "id": "18473478", "bio": "", "photo": {"prefix": "https://igx.4sqi.net/img/user/", "suffix": "/MF4UTRZJQ3YKFWEB.jpg"}, "homeCity": "Singapore", "lists": {"groups": [{"items": [], "count": 2, "type": "created"}]}}, {"tips": {"count": 0}, "contact": {"twitter": "ngangeline", "facebook": "1061916221"}, "firstName": "Angeline", "gender": "female", "lastName": "Ng", "id": "9500119", "bio": "", "photo": {"prefix": "https://igx.4sqi.net/img/user/", "suffix": "/DXHBU52IIEOENA0J.jpg"}, "homeCity": "Singapore", "lists": {"groups": [{"items": [], "count": 2, "type": "created"}]}}, {"tips": {"count": 0}, "contact": {"twitter": "cosyheartx", "facebook": "1025470475"}, "firstName": "Zoe", "gender": "female", "lastName": "Fung", "id": "4828920", "bio": "", "photo": {"prefix": "https://igx.4sqi.net/img/user/", "suffix": "/O0X2QRQXXICZE1G5.jpg"}, "homeCity": "Singapore", "lists": {"groups": [{"items": [], "count": 2, "type": "created"}]}}, {"tips": {"count": 0}, "contact": {"twitter": "jo_reen"}, "firstName": "Joreen", "gender": "female", "lastName": "Tay", "id": "7021872", "bio": "", "photo": {"prefix": "https://igx.4sqi.net/img/user/", "suffix": "/TACLLMJY30YIWLAO.jpg"}, "homeCity": "Singapore", "lists": {"groups": [{"items": [], "count": 2, "type": "created"}]}}, {"tips": {"count": 0}, "contact": {"twitter": "jeslynnjlee", "facebook": "632411107"}, "firstName": "Jeslynn", "gender": "female", "lastName": "Lee", "id": "10462840", "bio": "", "photo": {"prefix": "https://igx.4sqi.net/img/user/", "suffix": "/ZSJUXME00IV5OF24.jpg"}, "homeCity": "Singapore", "lists": {"groups": [{"items": [], "count": 2, "type": "created"}]}}, {"tips": {"count": 2}, "contact": {"twitter": "camilliachan", "facebook": "667155818"}, "firstName": "camillia", "gender": "female", "lastName": "chan", "id": "6511611", "bio": "", "photo": {"prefix": "https://igx.4sqi.net/img/user/", "suffix": "/RUWZINBVXFDY4MFB.jpg"}, "homeCity": "Singapore", "lists": {"groups": [{"items": [], "count": 2, "type": "created"}]}}, {"tips": {"count": 0}, "contact": {"twitter": "evilalaa", "facebook": "657541030"}, "firstName": "Evi", "gender": "female", "lastName": "Rianto", "id": "7655098", "bio": "", "photo": {"prefix": "https://igx.4sqi.net/img/user/", "suffix": "/CP4Q0S3HLZXHY5YE.jpg"}, "homeCity": "Melbourne St Kilda Rd, Australia", "lists": {"groups": [{"items": [], "count": 2, "type": "created"}]}}, {"tips": {"count": 0}, "contact": {"facebook": "601165977"}, "firstName": "Hulklebarry", "gender": "male", "lastName": "Heartbreakid", "id": "11454446", "bio": "", "photo": {"prefix": "https://igx.4sqi.net/img/user/", "suffix": "/10Y03SM5PMCB5ZZW.jpg"}, "homeCity": "singapore", "lists": {"groups": [{"items": [], "count": 2, "type": "created"}]}}, {"tips": {"count": 0}, "contact": {"twitter": "_cathhh"}, "firstName": "Catherine", "gender": "female", "lastName": "Tay", "id": "6705668", "bio": "", "photo": {"prefix": "https://igx.4sqi.net/img/user/", "suffix": "/QFQZ2RR2W4B5LH2T.jpg"}, "homeCity": "New York, NY", "lists": {"groups": [{"items": [], "count": 2, "type": "created"}]}}, {"tips": {"count": 1}, "contact": {"twitter": "jaslynnzn"}, "firstName": "Jaslyn", "gender": "female", "lastName": "Chong", "id": "5732910", "bio": "", "photo": {"prefix": "https://igx.4sqi.net/img/user/", "suffix": "/XXAFDQYPBANIFFRU.jpg"}, "homeCity": "Singapore", "lists": {"groups": [{"items": [], "count": 2, "type": "created"}]}}, {"tips": {"count": 0}, "contact": {"twitter": "fuyuwong"}, "firstName": "Wong", "gender": "male", "lastName": "Fuyu", "id": "12261341", "bio": "", "photo": {"prefix": "https://igx.4sqi.net/img/user/", "suffix": "/blank_boy.png", "default": true}, "homeCity": "Singapore", "lists": {"groups": [{"items": [], "count": 2, "type": "created"}]}}, {"tips": {"count": 2}, "contact": {"twitter": "superflavours", "facebook": "539109161"}, "firstName": "Loy", "gender": "male", "lastName": "Chuan Yang", "id": "1175352", "bio": "", "photo": {"prefix": "https://igx.4sqi.net/img/user/", "suffix": "/GDNMEAXDZJEXULMR.jpg"}, "homeCity": "Singapore", "lists": {"groups": [{"items": [], "count": 2, "type": "created"}]}}, {"tips": {"count": 12}, "contact": {"twitter": "whatismyage", "facebook": "545255479"}, "firstName": "Duncan", "gender": "male", "lastName": "Winters", "id": "455078", "bio": "", "photo": {"prefix": "https://igx.4sqi.net/img/user/", "suffix": "/RESIQS5XT3WPTE55.jpg"}, "homeCity": "Singapore", "lists": {"groups": [{"items": [], "count": 2, "type": "created"}]}}, {"tips": {"count": 1}, "contact": {"facebook": "647404750"}, "firstName": "Benedict", "gender": "male", "lastName": "Peh", "id": "308651", "bio": "", "photo": {"prefix": "https://igx.4sqi.net/img/user/", "suffix": "/GPIHAOFDAFGBHG0V.jpg"}, "homeCity": "Singapore", "lists": {"groups": [{"items": [], "count": 2, "type": "created"}]}}, {"tips": {"count": 0}, "contact": {"facebook": "685809728"}, "firstName": "Sean", "gender": "male", "lastName": "Ou", "id": "55871728", "bio": "", "photo": {"prefix": "https://igx.4sqi.net/img/user/", "suffix": "/blank_boy.png", "default": true}, "homeCity": "Singapore, Singapore", "lists": {"groups": [{"items": [], "count": 2, "type": "created"}]}}, {"tips": {"count": 43}, "contact": {}, "firstName": "The R", "gender": "male", "id": "1078948", "bio": "", "photo": {"prefix": "https://igx.4sqi.net/img/user/", "suffix": "/LSJHFI2B3Y5C4A44.jpg"}, "homeCity": "Singapore", "lists": {"groups": [{"items": [], "count": 2, "type": "created"}]}}, {"superuser": 4, "tips": {"count": 11}, "contact": {"twitter": "obiwanpro", "facebook": "548264220"}, "firstName": "Ben", "gender": "male", "lastName": "Wong", "id": "4146853", "bio": "", "photo": {"prefix": "https://igx.4sqi.net/img/user/", "suffix": "/TBVKHV3XHTFC5EQ4.jpg"}, "homeCity": "Singapore", "lists": {"groups": [{"items": [], "count": 2, "type": "created"}]}}, {"tips": {"count": 0}, "contact": {"facebook": "612071241"}, "firstName": "Sky", "gender": "male", "lastName": "Wang", "id": "86142326", "bio": "", "photo": {"prefix": "https://igx.4sqi.net/img/user/", "suffix": "/86142326-Y0KODI421QKPPUOW.jpg"}, "homeCity": "Singapore", "lists": {"groups": [{"items": [], "count": 2, "type": "created"}]}}, {"tips": {"count": 0}, "contact": {}, "firstName": "Godzilla", "gender": "male", "id": "1392746", "bio": "", "photo": {"prefix": "https://igx.4sqi.net/img/user/", "suffix": "/QRPGVHR5XPFXGXPI.jpg"}, "homeCity": "Singapore", "lists": {"groups": [{"items": [], "count": 4, "type": "created"}]}}, {"tips": {"count": 0}, "contact": {"twitter": "jamilah_499", "facebook": "669896230"}, "firstName": "Jamilah", "gender": "female", "lastName": "Jamil", "id": "3046064", "bio": "", "photo": {"prefix": "https://igx.4sqi.net/img/user/", "suffix": "/LAJOQ2NOTBFD1YTX.jpg"}, "homeCity": "Singapore", "lists": {"groups": [{"items": [], "count": 2, "type": "created"}]}}, {"tips": {"count": 0}, "contact": {"twitter": "dannychay28", "facebook": "501034557"}, "firstName": "Danny", "gender": "male", "lastName": "Chay", "id": "33696177", "bio": "", "photo": {"prefix": "https://igx.4sqi.net/img/user/", "suffix": "/RBXLA3QBN2QDWGXB.jpg"}, "homeCity": "singapore", "lists": {"groups": [{"items": [], "count": 2, "type": "created"}]}}, {"tips": {"count": 0}, "contact": {}, "firstName": "GelynAlexandra", "gender": "female", "id": "8339330", "bio": "", "photo": {"prefix": "https://igx.4sqi.net/img/user/", "suffix": "/GKJVXYHDBX4KKF0B.jpg"}, "homeCity": "Singapore", "lists": {"groups": [{"items": [], "count": 2, "type": "created"}]}}, {"tips": {"count": 0}, "contact": {"facebook": "10204342037339826"}, "firstName": "Xuejin", "gender": "none", "id": "13373569", "bio": "", "photo": {"prefix": "https://igx.4sqi.net/img/user/", "suffix": "/13373569-A11CIJHI0CWGM3G1.jpg"}, "homeCity": "Singapore", "lists": {"groups": [{"items": [], "count": 2, "type": "created"}]}}, {"tips": {"count": 1}, "contact": {"twitter": "kellymolley", "facebook": "761054477"}, "firstName": "Kelly", "gender": "female", "lastName": "Molley", "id": "6274925", "bio": "Jump high", "photo": {"prefix": "https://igx.4sqi.net/img/user/", "suffix": "/6274925-ABULKOLMG5HQSC4D.jpg"}, "homeCity": "Singapore", "lists": {"groups": [{"items": [], "count": 2, "type": "created"}]}}, {"tips": {"count": 0}, "contact": {"twitter": "joycesiah", "facebook": "767714964"}, "firstName": "Joyce", "gender": "female", "lastName": "Sam", "id": "41505637", "bio": "", "photo": {"prefix": "https://igx.4sqi.net/img/user/", "suffix": "/X2EAC3ZD5GKQJ2CI.jpg"}, "homeCity": "Singapore ", "lists": {"groups": [{"items": [], "count": 2, "type": "created"}]}}, {"tips": {"count": 7}, "contact": {}, "firstName": "stanley", "gender": "male", "lastName": "Tsai", "id": "27911692", "bio": "", "photo": {"prefix": "https://igx.4sqi.net/img/user/", "suffix": "/DSOW3MYUT2R0OXFP.jpg"}, "homeCity": "Taipei", "lists": {"groups": [{"items": [], "count": 2, "type": "created"}]}}, {"tips": {"count": 0}, "contact": {"twitter": "jernbxclusivemy", "facebook": "1220354795"}, "firstName": "Jeremy", "gender": "male", "id": "8114636", "bio": "", "photo": {"prefix": "https://igx.4sqi.net/img/user/", "suffix": "/MIASNO4BRMG2JPXC.jpg"}, "homeCity": "Singapore", "lists": {"groups": [{"items": [], "count": 2, "type": "created"}]}}, {"tips": {"count": 0}, "contact": {"twitter": "pheehuimei"}, "firstName": "Phee", "gender": "female", "lastName": "Hui Mei", "id": "20019432", "bio": "", "photo": {"prefix": "https://igx.4sqi.net/img/user/", "suffix": "/RYTFRE3KKFV5HG4N.jpg"}, "homeCity": "Singapore", "lists": {"groups": [{"items": [], "count": 2, "type": "created"}]}}, {"tips": {"count": 0}, "contact": {"twitter": "wellowpinkypony", "facebook": "100002381835813"}, "firstName": "Ong", "gender": "female", "lastName": "Shannon", "id": "90568751", "bio": "", "photo": {"prefix": "https://igx.4sqi.net/img/user/", "suffix": "/90568751-YZFOSIBZAT5RXUXV.jpg"}, "homeCity": "Singapore", "lists": {"groups": [{"items": [], "count": 2, "type": "created"}]}}, {"tips": {"count": 6}, "contact": {"twitter": "st3phan13_lim", "facebook": "1182533094"}, "firstName": "Steph", "gender": "female", "lastName": "Lim =D", "id": "25097546", "bio": "Easy going people :)", "photo": {"prefix": "https://igx.4sqi.net/img/user/", "suffix": "/ABKVY2U3S4PMS4XG.jpg"}, "homeCity": "S.G", "lists": {"groups": [{"items": [], "count": 2, "type": "created"}]}}, {"tips": {"count": 0}, "contact": {"facebook": "1491587638"}, "firstName": "Jiajun", "gender": "male", "lastName": "Smackyou", "id": "24768417", "bio": "", "photo": {"prefix": "https://igx.4sqi.net/img/user/", "suffix": "/A3SC0V2HGE3G3JFV.jpg"}, "homeCity": "Singapore, Singapore", "lists": {"groups": [{"items": [], "count": 2, "type": "created"}]}}, {"tips": {"count": 3}, "contact": {"twitter": "melmel_here", "facebook": "803974392"}, "firstName": "Melmel", "gender": "male", "lastName": "IsLost", "id": "5375794", "bio": "", "photo": {"prefix": "https://igx.4sqi.net/img/user/", "suffix": "/5CIRYMZNAIKRVXWG.gif"}, "homeCity": "Singapore", "lists": {"groups": [{"items": [], "count": 2, "type": "created"}]}}, {"tips": {"count": 0}, "contact": {"twitter": "darkgal00", "facebook": "636501206"}, "firstName": "Eileen", "gender": "female", "lastName": "Tan", "id": "2913130", "bio": "", "photo": {"prefix": "https://igx.4sqi.net/img/user/", "suffix": "/03RE0S2FCZAQYJDH.jpg"}, "homeCity": "Singapore", "lists": {"groups": [{"items": [], "count": 2, "type": "created"}]}}, {"tips": {"count": 0}, "contact": {"twitter": "shrimpsfromhell"}, "firstName": "Joseph", "gender": "male", "lastName": "Yap", "id": "8921869", "bio": "", "photo": {"prefix": "https://igx.4sqi.net/img/user/", "suffix": "/5510KWCDWSR2UFKZ.jpg"}, "homeCity": "Singapore", "lists": {"groups": [{"items": [], "count": 2, "type": "created"}]}}, {"tips": {"count": 1}, "contact": {"twitter": "neferos", "facebook": "1289449376"}, "firstName": "Illonnes Lee", "gender": "male", "lastName": "\uc774\uc900\uc6c5", "id": "5423816", "bio": "DJ, Design, Dance. Augurati. Singaporean. www.Illonn.es , www.augurati.com , www.onemarketing.sg", "photo": {"prefix": "https://igx.4sqi.net/img/user/", "suffix": "/2M31I0DQP3OFJ4MX.jpg"}, "homeCity": "River Valley, Singapore", "lists": {"groups": [{"items": [], "count": 2, "type": "created"}]}}, {"tips": {"count": 0}, "contact": {"twitter": "shirleenxjl", "facebook": "100001132743216"}, "firstName": "Shirleen", "gender": "female", "lastName": "Ckh", "id": "2535664", "bio": "idgaf", "photo": {"prefix": "https://igx.4sqi.net/img/user/", "suffix": "/2535664-NVO0UMIDFP32EOAQ.jpg"}, "homeCity": "Singapore", "lists": {"groups": [{"items": [], "count": 2, "type": "created"}]}}, {"tips": {"count": 0}, "contact": {}, "firstName": "Charmaine", "gender": "female", "lastName": "Goh", "id": "5534246", "bio": "", "photo": {"prefix": "https://igx.4sqi.net/img/user/", "suffix": "/BBFSYKCRGEHDOCOX.jpg"}, "homeCity": "Singapore", "lists": {"groups": [{"items": [], "count": 3, "type": "created"}]}}, {"tips": {"count": 1}, "contact": {"twitter": "jieminseah", "facebook": "686598657"}, "firstName": "Seah", "gender": "female", "lastName": "JieMin", "id": "7823994", "bio": "", "photo": {"prefix": "https://igx.4sqi.net/img/user/", "suffix": "/ULJNV0DOH0BXNZCT.jpg"}, "homeCity": "Singapore", "lists": {"groups": [{"items": [], "count": 2, "type": "created"}]}}, {"tips": {"count": 1}, "contact": {}, "firstName": "Phee", "gender": "female", "lastName": "Hui Mei", "id": "10052461", "bio": "", "photo": {"prefix": "https://igx.4sqi.net/img/user/", "suffix": "/3OXBPYMAXPYX5XLI.jpg"}, "homeCity": "Singapore", "lists": {"groups": [{"items": [], "count": 2, "type": "created"}]}}, {"tips": {"count": 0}, "contact": {"twitter": "gohjielin"}, "firstName": "Gelyn", "gender": "female", "lastName": "Alexandra", "id": "20021190", "bio": "", "photo": {"prefix": "https://igx.4sqi.net/img/user/", "suffix": "/GCTTXU0L03Y0OMUX.jpg"}, "homeCity": "Singapore", "lists": {"groups": [{"items": [], "count": 2, "type": "created"}]}}, {"tips": {"count": 0}, "contact": {"twitter": "kyemato", "facebook": "1062764788"}, "firstName": "Beatr\uc774ce", "gender": "female", "lastName": "\uae40", "id": "42340309", "bio": "\u266aFood\u266aFashion\u266aPhotography\u266aTravelling\r\n\u2664Depicts my daily life/indulgence\r\n\u2661Happiness is just waking up & being in your arms", "photo": {"prefix": "https://igx.4sqi.net/img/user/", "suffix": "/42340309-ULYYTUSTVZ3ISUGB.jpg"}, "homeCity": "Singapore", "lists": {"groups": [{"items": [], "count": 2, "type": "created"}]}}, {"tips": {"count": 1}, "contact": {}, "firstName": "Vailey", "gender": "female", "lastName": "Foo", "id": "5377700", "bio": "", "photo": {"prefix": "https://igx.4sqi.net/img/user/", "suffix": "/XWWMNCFAS2TLVPMW.jpg"}, "homeCity": "Singapore", "lists": {"groups": [{"items": [], "count": 2, "type": "created"}]}}, {"tips": {"count": 1}, "contact": {"twitter": "perlinyingx2", "facebook": "761448259"}, "firstName": "Perlin", "gender": "female", "lastName": "Tee", "id": "3522869", "bio": "", "photo": {"prefix": "https://igx.4sqi.net/img/user/", "suffix": "/54DODRLJIGGRJJME.jpg"}, "homeCity": "Singapore", "lists": {"groups": [{"items": [], "count": 2, "type": "created"}]}}, {"tips": {"count": 0}, "contact": {"twitter": "the_conviction", "facebook": "592749828"}, "firstName": "Kenneth", "gender": "male", "lastName": "Lam", "id": "7785675", "bio": "", "photo": {"prefix": "https://igx.4sqi.net/img/user/", "suffix": "/VJHHR2HMBCSWXWHP.jpg"}, "homeCity": "Singapore", "lists": {"groups": [{"items": [], "count": 2, "type": "created"}]}}, {"tips": {"count": 0}, "contact": {"twitter": "tweifang", "facebook": "732687283"}, "firstName": "Weifang", "gender": "female", "lastName": "Tang", "id": "3120322", "bio": "", "photo": {"prefix": "https://igx.4sqi.net/img/user/", "suffix": "/UTETSSUTL3QDKS4J.jpg"}, "homeCity": "Singapore", "lists": {"groups": [{"items": [], "count": 2, "type": "created"}]}}, {"tips": {"count": 0}, "contact": {"twitter": "calista_jl", "facebook": "529838102"}, "firstName": "Calista", "gender": "female", "lastName": "Lee", "id": "6053752", "bio": "", "photo": {"prefix": "https://igx.4sqi.net/img/user/", "suffix": "/XREVXWMWBOEUMMXK.jpg"}, "homeCity": "Singapore", "lists": {"groups": [{"items": [], "count": 2, "type": "created"}]}}, {"tips": {"count": 1}, "contact": {"twitter": "znameless", "facebook": "1662390603"}, "firstName": "Izaan", "gender": "male", "lastName": "Z.", "id": "16765832", "bio": "", "photo": {"prefix": "https://igx.4sqi.net/img/user/", "suffix": "/UZXPEZKBEVFYJTAI.jpg"}, "homeCity": "Singapore", "lists": {"groups": [{"items": [], "count": 4, "type": "created"}]}}, {"tips": {"count": 0}, "contact": {"twitter": "dchying"}, "firstName": "Dawna", "gender": "female", "lastName": "Chan", "id": "10740524", "bio": "", "photo": {"prefix": "https://igx.4sqi.net/img/user/", "suffix": "/10740524-FGMQFM0TNEQSDLWW.jpg"}, "homeCity": "Singapore", "lists": {"groups": [{"items": [], "count": 2, "type": "created"}]}}, {"tips": {"count": 4}, "contact": {"facebook": "1310593953"}, "firstName": "Leroy", "gender": "male", "lastName": "Lim", "id": "20163422", "bio": "", "photo": {"prefix": "https://igx.4sqi.net/img/user/", "suffix": "/3CJQL124RNKDCBEA.jpg"}, "homeCity": "Singapore", "lists": {"groups": [{"items": [], "count": 2, "type": "created"}]}}, {"tips": {"count": 0}, "contact": {"facebook": "10205731717597865"}, "firstName": "Jeffrey", "gender": "male", "lastName": "Yong", "id": "42564755", "bio": "", "photo": {"prefix": "https://igx.4sqi.net/img/user/", "suffix": "/LNMIIFDOGRP1N4GF.jpg"}, "homeCity": "Singapore", "lists": {"groups": [{"items": [], "count": 2, "type": "created"}]}}, {"tips": {"count": 0}, "contact": {}, "firstName": "Mustafa", "gender": "male", "lastName": "Bayram", "id": "91845053", "bio": "", "photo": {"prefix": "https://igx.4sqi.net/img/user/", "suffix": "/91845053-SGC5PWP5ZP1OT5WH.jpg"}, "homeCity": "izmir", "lists": {"groups": [{"items": [], "count": 2, "type": "created"}]}}, {"tips": {"count": 0}, "contact": {"facebook": "762784540"}, "firstName": "Joanna", "gender": "female", "lastName": "Tan", "id": "4051240", "bio": "", "photo": {"prefix": "https://igx.4sqi.net/img/user/", "suffix": "/ABXIAWIFCUKRKY5B.jpg"}, "homeCity": "Singapore", "lists": {"groups": [{"items": [], "count": 2, "type": "created"}]}}, {"tips": {"count": 0}, "contact": {"twitter": "michcaq", "facebook": "1660594970"}, "firstName": "Michelle", "gender": "female", "lastName": "Cheng", "id": "10359443", "bio": "", "photo": {"prefix": "https://igx.4sqi.net/img/user/", "suffix": "/10359443-GYFDO51TTEATAB2U.jpg"}, "homeCity": "Singapore", "lists": {"groups": [{"items": [], "count": 2, "type": "created"}]}}, {"tips": {"count": 0}, "contact": {}, "firstName": "Joyce", "gender": "female", "lastName": "Sam", "id": "3559450", "bio": "", "photo": {"prefix": "https://igx.4sqi.net/img/user/", "suffix": "/FNX3OSXSQOS4EUWB.jpg"}, "homeCity": "Singapore", "lists": {"groups": [{"items": [], "count": 2, "type": "created"}]}}, {"tips": {"count": 0}, "contact": {"twitter": "blehblehboi"}, "firstName": "Aaron", "gender": "male", "lastName": "Chiang", "id": "6148728", "bio": "", "photo": {"prefix": "https://igx.4sqi.net/img/user/", "suffix": "/MHEZYT0LJBQSG1B3.jpg"}, "homeCity": "Singapore", "lists": {"groups": [{"items": [], "count": 2, "type": "created"}]}}, {"tips": {"count": 0}, "contact": {"twitter": "rjhuiling9"}, "firstName": "Huiling", "gender": "female", "id": "24271324", "bio": "...", "photo": {"prefix": "https://igx.4sqi.net/img/user/", "suffix": "/XBEWAFYNDWNCA1AT.jpg"}, "homeCity": "Singapore", "lists": {"groups": [{"items": [], "count": 2, "type": "created"}]}}, {"tips": {"count": 0}, "contact": {"twitter": "jarintangerine", "facebook": "695583670"}, "firstName": "Jarin", "gender": "female", "lastName": "Tan", "id": "43447212", "bio": "", "photo": {"prefix": "https://igx.4sqi.net/img/user/", "suffix": "/K1QGU1IU32NJ4MCG.jpg"}, "homeCity": "Singapore", "lists": {"groups": [{"items": [], "count": 3, "type": "created"}]}}, {"tips": {"count": 0}, "contact": {"twitter": "clarisaleow", "facebook": "1335857960"}, "firstName": "Clarisa", "gender": "female", "lastName": "Leow", "id": "4508266", "bio": "", "photo": {"prefix": "https://igx.4sqi.net/img/user/", "suffix": "/blank_girl.png", "default": true}, "homeCity": "Singapore", "lists": {"groups": [{"items": [], "count": 2, "type": "created"}]}}, {"tips": {"count": 0}, "contact": {"twitter": "jiasinnnnn", "facebook": "10200915177238503"}, "firstName": "Jiasin", "gender": "female", "lastName": "Tan", "id": "15217761", "bio": "", "photo": {"prefix": "https://igx.4sqi.net/img/user/", "suffix": "/15217761-VZ20GNS4HFWCT5ZU.jpg"}, "homeCity": "Singapore", "lists": {"groups": [{"items": [], "count": 2, "type": "created"}]}}, {"tips": {"count": 2}, "contact": {"twitter": "vennnnn", "facebook": "609293596"}, "firstName": "Venessa", "gender": "female", "lastName": "Goh", "id": "6404603", "bio": "", "photo": {"prefix": "https://igx.4sqi.net/img/user/", "suffix": "/D25YEWJW4E3BMBXO.jpg"}, "homeCity": "Singapore", "lists": {"groups": [{"items": [], "count": 2, "type": "created"}]}}, {"tips": {"count": 0}, "contact": {"facebook": "608762785"}, "firstName": "Clifford Ling", "gender": "male", "lastName": "Weichang", "id": "61831844", "bio": "", "photo": {"prefix": "https://igx.4sqi.net/img/user/", "suffix": "/4H4KSKVNRVHYDACL.jpg"}, "homeCity": "Singapore", "lists": {"groups": [{"items": [], "count": 2, "type": "created"}]}}, {"tips": {"count": 0}, "contact": {"facebook": "734263249"}, "firstName": "Rayner", "gender": "male", "lastName": "Schumacher", "id": "43588200", "bio": "", "photo": {"prefix": "https://igx.4sqi.net/img/user/", "suffix": "/IIEBNDBXUK2GGQC4.jpg"}, "homeCity": "New York, NY", "lists": {"groups": [{"items": [], "count": 2, "type": "created"}]}}, {"tips": {"count": 0}, "contact": {"facebook": "640095234"}, "firstName": "Leonardo", "gender": "male", "lastName": "Augustus", "id": "50706619", "bio": "", "photo": {"prefix": "https://igx.4sqi.net/img/user/", "suffix": "/FW0PGRIVX553ZR1N.jpg"}, "homeCity": "Singapore", "lists": {"groups": [{"items": [], "count": 2, "type": "created"}]}}, {"tips": {"count": 2}, "contact": {"twitter": "remusftw", "facebook": "581780861"}, "firstName": "Remus", "gender": "male", "lastName": "Tan", "id": "8754006", "bio": "", "photo": {"prefix": "https://igx.4sqi.net/img/user/", "suffix": "/VNVJPNU4XRPMVZZT.jpg"}, "homeCity": "Singapore", "lists": {"groups": [{"items": [], "count": 2, "type": "created"}]}}, {"tips": {"count": 0}, "contact": {"twitter": "durianmania", "facebook": "632577792"}, "firstName": "Clarissa", "gender": "female", "lastName": "Tang", "id": "54602832", "bio": "", "photo": {"prefix": "https://igx.4sqi.net/img/user/", "suffix": "/GQA3KPBZ5A1T00KN.jpg"}, "homeCity": "Singapore", "lists": {"groups": [{"items": [], "count": 2, "type": "created"}]}}], "count": 65}, "checksum": "629852421c399232c276f31bcbffc76cba19d395"}, "meta": {"requestId": "59662a4d4c1f67703a89c084", "code": 200}}