{"notifications": [{"type": "notificationTray", "item": {"unreadCount": 0}}], "response": {"friends": {"items": [{"tips": {"count": 0}, "contact": {"twitter": "feeqwashere", "facebook": "526356238"}, "firstName": "Syed", "gender": "male", "lastName": "Syafiq", "id": "1306011", "bio": "", "photo": {"prefix": "https://igx.4sqi.net/img/user/", "suffix": "/135JEGB3JXC24KTQ.jpg"}, "homeCity": "Singapore, Hougang", "lists": {"groups": [{"items": [], "count": 2, "type": "created"}]}}, {"tips": {"count": 0}, "contact": {"twitter": "wildvirginftw"}, "firstName": "Fathin", "gender": "female", "lastName": "Dayana", "id": "9445262", "bio": "", "photo": {"prefix": "https://igx.4sqi.net/img/user/", "suffix": "/VUVCSQ0EYSGAV1U2.jpg"}, "homeCity": "Singapore", "lists": {"groups": [{"items": [], "count": 2, "type": "created"}]}}, {"tips": {"count": 4}, "contact": {}, "firstName": "Muhamad Zulhairy", "gender": "male", "lastName": "Yunsinlaily", "id": "5681776", "bio": "", "photo": {"prefix": "https://igx.4sqi.net/img/user/", "suffix": "/5681776-GJGNC1DO4GLXOZI3.jpg"}, "homeCity": "Singapore", "lists": {"groups": [{"items": [], "count": 2, "type": "created"}]}}, {"tips": {"count": 0}, "contact": {"facebook": "567337232"}, "firstName": "Kenneth", "gender": "male", "lastName": "Sim", "id": "1588890", "bio": "", "photo": {"prefix": "https://igx.4sqi.net/img/user/", "suffix": "/YAKEOAFWJWCDXIQB.jpg"}, "homeCity": ", Singapore", "lists": {"groups": [{"items": [], "count": 2, "type": "created"}]}}, {"tips": {"count": 0}, "contact": {"facebook": "751914810"}, "firstName": "Shani", "gender": "female", "lastName": "Kyo", "id": "9855628", "bio": "", "photo": {"prefix": "https://igx.4sqi.net/img/user/", "suffix": "/X1T3Q0G5XPFXPP2U.jpg"}, "homeCity": "Singapore", "lists": {"groups": [{"items": [], "count": 2, "type": "created"}]}}, {"tips": {"count": 0}, "contact": {"facebook": "716669076"}, "firstName": "Hendro", "gender": "male", "lastName": "Abidin", "id": "22542009", "bio": "", "photo": {"prefix": "https://igx.4sqi.net/img/user/", "suffix": "/ZROBN0IC3PZ3LSRP.jpg"}, "homeCity": "New York, NY", "lists": {"groups": [{"items": [], "count": 2, "type": "created"}]}}, {"tips": {"count": 7}, "contact": {"twitter": "xxbebxx", "facebook": "794074685"}, "firstName": "Nurul", "gender": "female", "lastName": "Ain", "id": "4244204", "bio": "", "photo": {"prefix": "https://igx.4sqi.net/img/user/", "suffix": "/SR4JGU2NKYJVYFKV.jpg"}, "homeCity": "Singapore", "lists": {"groups": [{"items": [], "count": 2, "type": "created"}]}}, {"tips": {"count": 2}, "contact": {"twitter": "fareedramli", "facebook": "767532757"}, "firstName": "Fareed", "gender": "male", "lastName": "Ramli", "id": "23865564", "bio": "", "photo": {"prefix": "https://igx.4sqi.net/img/user/", "suffix": "/YCTLFIM3Z0YUGKWG.jpg"}, "homeCity": "New York, NY", "lists": {"groups": [{"items": [], "count": 2, "type": "created"}]}}, {"tips": {"count": 0}, "contact": {"facebook": "720984156"}, "firstName": "Ameerul", "gender": "male", "lastName": "Acustico", "id": "5484011", "bio": "", "photo": {"prefix": "https://igx.4sqi.net/img/user/", "suffix": "/PQAJ1JYC24T3KKPP.jpg"}, "homeCity": "Singapore", "lists": {"groups": [{"items": [], "count": 2, "type": "created"}]}}, {"tips": {"count": 1}, "contact": {"twitter": "sixbutterscotch", "facebook": "1127703462"}, "firstName": "Hazwani", "gender": "female", "lastName": "Gates", "id": "11135488", "bio": "", "photo": {"prefix": "https://igx.4sqi.net/img/user/", "suffix": "/QENFMFAWVUIJ50XX.jpg"}, "homeCity": "Singapore", "lists": {"groups": [{"items": [], "count": 2, "type": "created"}]}}, {"tips": {"count": 0}, "contact": {"facebook": "1094630592"}, "firstName": "Oshyn", "gender": "female", "lastName": "Kay", "id": "10439108", "bio": "", "photo": {"prefix": "https://igx.4sqi.net/img/user/", "suffix": "/U3BPEK10OJWHIG4P.jpg"}, "homeCity": "Singapore", "lists": {"groups": [{"items": [], "count": 2, "type": "created"}]}}, {"tips": {"count": 1}, "contact": {"twitter": "elijahgabriel", "facebook": "507987879"}, "firstName": "Gabriel", "gender": "female", "lastName": "Chia", "id": "2202527", "bio": "", "photo": {"prefix": "https://igx.4sqi.net/img/user/", "suffix": "/O0HQ4M4AKWTHPYNM.jpg"}, "homeCity": "Yishun", "lists": {"groups": [{"items": [], "count": 2, "type": "created"}]}}, {"tips": {"count": 5}, "contact": {"twitter": "wjyeo", "facebook": "637633332"}, "firstName": "Wj", "gender": "male", "lastName": "yeo", "id": "766702", "bio": "", "photo": {"prefix": "https://igx.4sqi.net/img/user/", "suffix": "/ANCQUG0OTLCIYBQ0.jpg"}, "homeCity": "Singapore", "lists": {"groups": [{"items": [], "count": 2, "type": "created"}]}}, {"tips": {"count": 0}, "contact": {"facebook": "1431971110"}, "firstName": "Acap", "gender": "male", "lastName": "Sewel \u0e04\u0e25\u0e31\u0e48\u0e07", "id": "4796371", "bio": "", "photo": {"prefix": "https://igx.4sqi.net/img/user/", "suffix": "/5K0NYE1PTTSX1OZ4.jpg"}, "homeCity": "Singapore Sengkang", "lists": {"groups": [{"items": [], "count": 2, "type": "created"}]}}, {"tips": {"count": 2}, "contact": {"twitter": "casper1190", "facebook": "541651708"}, "firstName": "Casper", "gender": "male", "lastName": "Gan", "id": "22409235", "bio": "", "photo": {"prefix": "https://igx.4sqi.net/img/user/", "suffix": "/YJNN23WPCVYKES1N.jpg"}, "homeCity": "Selangor", "lists": {"groups": [{"items": [], "count": 2, "type": "created"}]}}, {"tips": {"count": 3}, "contact": {"twitter": "linruiping", "facebook": "100001001019485"}, "firstName": "Eunice", "gender": "female", "lastName": "Lim", "id": "2946971", "bio": "a gemini baby! (:", "photo": {"prefix": "https://igx.4sqi.net/img/user/", "suffix": "/W3VNMO4L3OV3K554.jpg"}, "homeCity": "Singapore", "lists": {"groups": [{"items": [], "count": 2, "type": "created"}]}}, {"tips": {"count": 1}, "contact": {}, "firstName": "Haiizum", "gender": "female", "lastName": "Raman", "id": "730105", "bio": "", "photo": {"prefix": "https://igx.4sqi.net/img/user/", "suffix": "/PZCVZ1S3PUKYCTF2.jpg"}, "homeCity": ", Singapore", "lists": {"groups": [{"items": [], "count": 3, "type": "created"}]}}, {"tips": {"count": 2}, "contact": {"twitter": "saurahsayuti", "facebook": "661657100"}, "firstName": "Saurah", "gender": "female", "lastName": "Sayuti", "id": "1440142", "bio": "", "photo": {"prefix": "https://igx.4sqi.net/img/user/", "suffix": "/YQOSMHCWEAVSW0E4.jpg"}, "homeCity": "Serangoon, Singapore", "lists": {"groups": [{"items": [], "count": 2, "type": "created"}]}}, {"tips": {"count": 1}, "contact": {"facebook": "563432568"}, "firstName": "yong", "gender": "female", "lastName": "lee sun", "id": "3699593", "bio": "", "photo": {"prefix": "https://igx.4sqi.net/img/user/", "suffix": "/0WJZGGPOF0FTC4X0.jpg"}, "homeCity": "Singapore", "lists": {"groups": [{"items": [], "count": 2, "type": "created"}]}}, {"tips": {"count": 0}, "contact": {"facebook": "1000777796"}, "firstName": "Muhamad", "gender": "male", "lastName": "Ayub", "id": "51944687", "bio": "", "photo": {"prefix": "https://igx.4sqi.net/img/user/", "suffix": "/ZMADVRON2MORMNXR.jpg"}, "homeCity": "Singapore", "lists": {"groups": [{"items": [], "count": 2, "type": "created"}]}}, {"tips": {"count": 0}, "contact": {"twitter": "zulzahari87", "facebook": "557985061032738"}, "firstName": "Zulkarnain", "gender": "male", "lastName": "Zahari", "id": "40243719", "bio": "", "photo": {"prefix": "https://igx.4sqi.net/img/user/", "suffix": "/40243719_dM8BUuWj_01gWvgm30hI7M3yUKwGwM6x2W1wbePLWNJfMeNV6Il2SB9CCyeCbc5jUnixAZ2RP.jpg"}, "homeCity": "Singapore, Singapore", "lists": {"groups": [{"items": [], "count": 2, "type": "created"}]}}, {"tips": {"count": 0}, "contact": {"twitter": "syaiidah"}, "firstName": "Nursyaidah", "gender": "female", "lastName": "Mohd Nasir", "id": "11622290", "bio": "", "photo": {"prefix": "https://igx.4sqi.net/img/user/", "suffix": "/USP23VOYU2YINFZT.jpg"}, "homeCity": "Singapore", "lists": {"groups": [{"items": [], "count": 2, "type": "created"}]}}, {"tips": {"count": 2}, "contact": {"facebook": "1559538351"}, "firstName": "Afi", "gender": "male", "lastName": "Hafizurrahman", "id": "8571123", "bio": "", "photo": {"prefix": "https://igx.4sqi.net/img/user/", "suffix": "/HWNUKVOGPWXCYUDQ.jpg"}, "homeCity": "Singapore", "lists": {"groups": [{"items": [], "count": 2, "type": "created"}]}}, {"tips": {"count": 0}, "contact": {"twitter": "eeddaaoonngg", "facebook": "669663575"}, "firstName": "Eda", "gender": "female", "lastName": "Ong", "id": "6832981", "bio": "", "photo": {"prefix": "https://igx.4sqi.net/img/user/", "suffix": "/GHN3GM5U2T0TNTPV.jpg"}, "homeCity": "seoul, south korea", "lists": {"groups": [{"items": [], "count": 2, "type": "created"}]}}, {"tips": {"count": 2}, "contact": {"twitter": "ryimbo", "facebook": "706595000"}, "firstName": "Mohammad", "gender": "male", "lastName": "Rohaizad", "id": "25509374", "bio": "", "photo": {"prefix": "https://igx.4sqi.net/img/user/", "suffix": "/UJXYGHANSDDYMB2K.jpg"}, "homeCity": "Singapore, Pasir Ris", "lists": {"groups": [{"items": [], "count": 2, "type": "created"}]}}, {"tips": {"count": 2}, "contact": {"twitter": "omarrahli", "facebook": "100000723688334"}, "firstName": "Omar", "gender": "male", "id": "17336896", "bio": "", "photo": {"prefix": "https://igx.4sqi.net/img/user/", "suffix": "/NFUMWZR2S5JOAG5V.jpg"}, "homeCity": "Singapore", "lists": {"groups": [{"items": [], "count": 2, "type": "created"}]}}, {"tips": {"count": 0}, "contact": {"facebook": "559057054"}, "firstName": "Syiqah", "gender": "female", "lastName": "Suleman", "id": "5711148", "bio": "", "photo": {"prefix": "https://igx.4sqi.net/img/user/", "suffix": "/KP0XNE5PM4SRG3T0.jpg"}, "homeCity": "Singapore", "lists": {"groups": [{"items": [], "count": 2, "type": "created"}]}}, {"tips": {"count": 2}, "contact": {"twitter": "yatlat"}, "firstName": "Hidayat", "gender": "male", "lastName": "Lat", "id": "21669606", "bio": "", "photo": {"prefix": "https://igx.4sqi.net/img/user/", "suffix": "/UXZ0GS4PS1YQZXW1.jpg"}, "homeCity": "Singapore", "lists": {"groups": [{"items": [], "count": 2, "type": "created"}]}}, {"tips": {"count": 0}, "contact": {"twitter": "liyanalydia", "facebook": "691966052"}, "firstName": "Lydia", "gender": "female", "lastName": "Liyana", "id": "2899069", "bio": "", "photo": {"prefix": "https://igx.4sqi.net/img/user/", "suffix": "/QTSS4EQ4XZVJD0SA.jpg"}, "homeCity": "Singapore", "lists": {"groups": [{"items": [], "count": 2, "type": "created"}]}}, {"tips": {"count": 1}, "contact": {"twitter": "syafzx", "facebook": "556642219"}, "firstName": "Nursyafiqah", "gender": "female", "lastName": "Azmi", "id": "5031861", "bio": "", "photo": {"prefix": "https://igx.4sqi.net/img/user/", "suffix": "/XKHFQ415QSDEBPOW.jpg"}, "homeCity": "Singapore ", "lists": {"groups": [{"items": [], "count": 2, "type": "created"}]}}, {"tips": {"count": 2}, "contact": {"twitter": "adamashharry", "facebook": "1179500125"}, "firstName": "Adam", "gender": "male", "lastName": "AshHarry", "id": "8916858", "bio": "", "photo": {"prefix": "https://igx.4sqi.net/img/user/", "suffix": "/HYMVV5BW1NW5KP1U.jpg"}, "homeCity": "Singapore", "lists": {"groups": [{"items": [], "count": 2, "type": "created"}]}}, {"tips": {"count": 13}, "contact": {"twitter": "ikeratu", "facebook": "751260398"}, "firstName": "Haiqal", "gender": "male", "lastName": "Aziz", "id": "3548977", "bio": "", "photo": {"prefix": "https://igx.4sqi.net/img/user/", "suffix": "/JSWHJOBBSXVYNDA1.jpg"}, "homeCity": "Singapore", "lists": {"groups": [{"items": [], "count": 7, "type": "created"}]}}, {"tips": {"count": 0}, "contact": {"twitter": "hazwanhamli"}, "firstName": "Hazwan", "gender": "male", "lastName": "Hamli", "id": "8431747", "bio": "", "photo": {"prefix": "https://igx.4sqi.net/img/user/", "suffix": "/LHJFWDALWLVJBRZW.jpg"}, "homeCity": "Singapore", "lists": {"groups": [{"items": [], "count": 2, "type": "created"}]}}, {"tips": {"count": 0}, "contact": {"twitter": "fareahaisnin", "facebook": "1429869489"}, "firstName": "Fareaha", "gender": "female", "lastName": "Isnin", "id": "2088305", "bio": "", "photo": {"prefix": "https://igx.4sqi.net/img/user/", "suffix": "/URU2KKFSCYSXNIZD.jpg"}, "homeCity": "Singapore", "lists": {"groups": [{"items": [], "count": 2, "type": "created"}]}}, {"tips": {"count": 0}, "contact": {"facebook": "720384124"}, "firstName": "Dira", "gender": "female", "lastName": "Nadira", "id": "4691758", "bio": "", "photo": {"prefix": "https://igx.4sqi.net/img/user/", "suffix": "/blank_girl.png", "default": true}, "homeCity": "Singapore", "lists": {"groups": [{"items": [], "count": 2, "type": "created"}]}}, {"tips": {"count": 0}, "contact": {"facebook": "542974246"}, "firstName": "Terrence", "gender": "male", "lastName": "Lam", "id": "69417515", "bio": "", "photo": {"prefix": "https://igx.4sqi.net/img/user/", "suffix": "/HMSZ0TCS3C20EOFN.jpg"}, "homeCity": "Singapore", "lists": {"groups": [{"items": [], "count": 2, "type": "created"}]}}, {"tips": {"count": 0}, "contact": {"facebook": "870800153"}, "firstName": "BoscoToon", "gender": "male", "lastName": "Ryan", "id": "15819706", "bio": "", "photo": {"prefix": "https://igx.4sqi.net/img/user/", "suffix": "/blank_boy.png", "default": true}, "homeCity": "Singapore", "lists": {"groups": [{"items": [], "count": 2, "type": "created"}]}}, {"tips": {"count": 1}, "contact": {"facebook": "1067795374"}, "firstName": "Jack", "gender": "male", "lastName": "Jack", "id": "7004404", "bio": "", "photo": {"prefix": "https://igx.4sqi.net/img/user/", "suffix": "/MW4H20MPEZ45VLA4.jpg"}, "homeCity": "Singapore", "lists": {"groups": [{"items": [], "count": 2, "type": "created"}]}}, {"tips": {"count": 6}, "contact": {"twitter": "afiqdharma", "facebook": "796368725"}, "firstName": "Afiq", "gender": "male", "lastName": "Dharma", "id": "25713195", "bio": "", "photo": {"prefix": "https://igx.4sqi.net/img/user/", "suffix": "/3P1KGCMPR3MB1IN2.jpg"}, "homeCity": "Shah Alam, Malaysia", "lists": {"groups": [{"items": [], "count": 2, "type": "created"}]}}, {"tips": {"count": 1}, "contact": {"facebook": "664371175"}, "firstName": "Jackson", "gender": "male", "lastName": "Ho", "id": "17596277", "bio": "", "photo": {"prefix": "https://igx.4sqi.net/img/user/", "suffix": "/XXZQCOFIMLKAMLQO.jpg"}, "homeCity": "Singapore", "lists": {"groups": [{"items": [], "count": 2, "type": "created"}]}}, {"tips": {"count": 12}, "contact": {"facebook": "552333475"}, "firstName": "Mohammed Shahrizam", "gender": "male", "lastName": "Mohamed Shariff", "id": "5763921", "bio": "", "photo": {"prefix": "https://igx.4sqi.net/img/user/", "suffix": "/HW2AZKSDMEI4CH2K.jpg"}, "homeCity": "Singapore", "lists": {"groups": [{"items": [], "count": 2, "type": "created"}]}}, {"tips": {"count": 0}, "contact": {"facebook": "547543896"}, "firstName": "Justine", "gender": "female", "lastName": "Wong", "id": "21677449", "bio": "", "photo": {"prefix": "https://igx.4sqi.net/img/user/", "suffix": "/OB4QUH5VW1YH5NY3.jpg"}, "homeCity": "New York, NY", "lists": {"groups": [{"items": [], "count": 3, "type": "created"}]}}, {"tips": {"count": 6}, "contact": {"facebook": "1405011326"}, "firstName": "Irfan", "gender": "male", "lastName": "Satchboogie", "id": "2921650", "bio": "", "photo": {"prefix": "https://igx.4sqi.net/img/user/", "suffix": "/JYOPKJTNRJTFAJYZ.jpg"}, "homeCity": "Toa Payoh, Singapore", "lists": {"groups": [{"items": [], "count": 2, "type": "created"}]}}, {"tips": {"count": 0}, "contact": {"facebook": "656073776"}, "firstName": "Ary", "gender": "male", "lastName": "Smelly", "id": "14783888", "bio": "", "photo": {"prefix": "https://igx.4sqi.net/img/user/", "suffix": "/2N0FESGUP2IYSVHI.jpg"}, "homeCity": "Singapore", "lists": {"groups": [{"items": [], "count": 2, "type": "created"}]}}, {"tips": {"count": 0}, "contact": {"facebook": "868895223"}, "firstName": "Leslie", "gender": "male", "lastName": "Loh", "id": "9635014", "bio": "", "photo": {"prefix": "https://igx.4sqi.net/img/user/", "suffix": "/MBWBMDXPQAR2FQKE.jpg"}, "homeCity": "Singapore", "lists": {"groups": [{"items": [], "count": 2, "type": "created"}]}}, {"tips": {"count": 1}, "contact": {"twitter": "aaronepereira", "facebook": "678293106"}, "firstName": "Aaron", "gender": "male", "lastName": "Pereira", "id": "8312720", "bio": "", "photo": {"prefix": "https://igx.4sqi.net/img/user/", "suffix": "/8312720-YCR540B03UCIBADD.jpg"}, "homeCity": "SG", "lists": {"groups": [{"items": [], "count": 2, "type": "created"}]}}, {"tips": {"count": 2}, "contact": {"twitter": "mrmrsshah", "facebook": "100002623989799"}, "firstName": "Amylia", "gender": "male", "lastName": "Shah", "id": "2539044", "bio": "", "photo": {"prefix": "https://igx.4sqi.net/img/user/", "suffix": "/PK1CCPZHO4HC0QBF.jpg"}, "homeCity": "Singapore", "lists": {"groups": [{"items": [], "count": 2, "type": "created"}]}}, {"tips": {"count": 0}, "contact": {"twitter": "myraashikin", "facebook": "745808426"}, "firstName": "Zamira", "gender": "female", "lastName": "Ashikin", "id": "5302849", "bio": "", "photo": {"prefix": "https://igx.4sqi.net/img/user/", "suffix": "/5MFOV4INSSHG4XUH.jpg"}, "homeCity": "Singapore", "lists": {"groups": [{"items": [], "count": 2, "type": "created"}]}}, {"tips": {"count": 1}, "contact": {"facebook": "713125329"}, "firstName": "Nicha", "gender": "female", "lastName": "Marliana \ub2c8\ucc28", "id": "22125772", "bio": "", "photo": {"prefix": "https://igx.4sqi.net/img/user/", "suffix": "/VKIZEXUJMPPYQOOJ.jpg"}, "homeCity": "New York, NY", "lists": {"groups": [{"items": [], "count": 2, "type": "created"}]}}, {"tips": {"count": 0}, "contact": {"facebook": "677897481"}, "firstName": "Amru", "gender": "male", "lastName": "Akim", "id": "17857585", "bio": "", "photo": {"prefix": "https://igx.4sqi.net/img/user/", "suffix": "/TF4I3I23BR3D1WZV.jpg"}, "homeCity": "Singapore", "lists": {"groups": [{"items": [], "count": 2, "type": "created"}]}}, {"tips": {"count": 0}, "contact": {"twitter": "heartfeltwords", "facebook": "1501977167"}, "firstName": "Kaiyee", "gender": "female", "id": "5831057", "bio": "", "photo": {"prefix": "https://igx.4sqi.net/img/user/", "suffix": "/TWLVROKFC1EPIXJY.jpg"}, "homeCity": "Singapore", "lists": {"groups": [{"items": [], "count": 2, "type": "created"}]}}, {"tips": {"count": 1}, "contact": {"twitter": "farissharyl", "facebook": "740187786"}, "firstName": "Faris", "gender": "male", "lastName": "Sharyl", "id": "3161174", "bio": "", "photo": {"prefix": "https://igx.4sqi.net/img/user/", "suffix": "/CQK2Y0VGOSMKHFMK.jpg"}, "homeCity": "Singapore", "lists": {"groups": [{"items": [], "count": 2, "type": "created"}]}}, {"tips": {"count": 6}, "contact": {"twitter": "enaafabulouso", "facebook": "1189178884"}, "firstName": "Deanna", "gender": "female", "lastName": "A.", "id": "10494223", "bio": "18 & Lame as hell.", "photo": {"prefix": "https://igx.4sqi.net/img/user/", "suffix": "/DAHCF1OGO33RCYFR.jpg"}, "homeCity": "Singapore", "lists": {"groups": [{"items": [], "count": 2, "type": "created"}]}}, {"tips": {"count": 0}, "contact": {}, "firstName": "Presley", "gender": "female", "lastName": "Godwin", "id": "80544420", "bio": "", "photo": {"prefix": "https://igx.4sqi.net/img/user/", "suffix": "/80544420-FYPDTDJVGRFDOVHB.jpg"}, "homeCity": "", "lists": {"groups": [{"items": [], "count": 2, "type": "created"}]}}, {"tips": {"count": 0}, "contact": {"facebook": "696043104"}, "firstName": "Siti Hawa", "gender": "female", "id": "3408646", "bio": "", "photo": {"prefix": "https://igx.4sqi.net/img/user/", "suffix": "/3MB4XSSLOXEYDBKF.jpg"}, "homeCity": "Singapore", "lists": {"groups": [{"items": [], "count": 2, "type": "created"}]}}, {"tips": {"count": 1}, "contact": {"facebook": "607443947"}, "firstName": "Terence", "gender": "male", "lastName": "Teo", "id": "6048136", "bio": "", "photo": {"prefix": "https://igx.4sqi.net/img/user/", "suffix": "/NKM0A1UONJM1MSPM.jpg"}, "homeCity": "New York, NY", "lists": {"groups": [{"items": [], "count": 2, "type": "created"}]}}, {"tips": {"count": 0}, "contact": {"twitter": "lolypop_meyyo"}, "firstName": "\ud83c\udf80 Nur Aziziah Azizi \ud83c\udf80", "gender": "female", "id": "38456811", "bio": "", "photo": {"prefix": "https://igx.4sqi.net/img/user/", "suffix": "/38456811-QGEBYMN5ASUS420X.jpg"}, "homeCity": "Melaka", "lists": {"groups": [{"items": [], "count": 2, "type": "created"}]}}, {"tips": {"count": 0}, "contact": {}, "firstName": "Sarah", "gender": "female", "lastName": "Albaqi", "id": "17857652", "bio": "", "photo": {"prefix": "https://igx.4sqi.net/img/user/", "suffix": "/E444HRLQIRUACKVI.jpg"}, "homeCity": "Singapore", "lists": {"groups": [{"items": [], "count": 2, "type": "created"}]}}, {"tips": {"count": 1}, "contact": {"facebook": "764914883"}, "firstName": "Frederick", "gender": "male", "lastName": "Kasman", "id": "11179287", "bio": "", "photo": {"prefix": "https://igx.4sqi.net/img/user/", "suffix": "/ZOFL3D1EG4ALJKHH.jpg"}, "homeCity": "Jakarta, Indonesia", "lists": {"groups": [{"items": [], "count": 2, "type": "created"}]}}, {"tips": {"count": 3}, "contact": {"facebook": "535073769"}, "firstName": "Zoul", "gender": "male", "lastName": "Calibur", "id": "3748971", "bio": "", "photo": {"prefix": "https://igx.4sqi.net/img/user/", "suffix": "/KWI1DCWMDAJQXEKB.jpg"}, "homeCity": "New York, NY", "lists": {"groups": [{"items": [], "count": 2, "type": "created"}]}}, {"tips": {"count": 0}, "contact": {"twitter": "nurvianty", "facebook": "100001646129188"}, "firstName": "Nurvianty", "gender": "female", "lastName": "Jumahat", "id": "13980115", "bio": "", "photo": {"prefix": "https://igx.4sqi.net/img/user/", "suffix": "/0YJ0ZHUFTS5WGCIO.jpg"}, "homeCity": "Singapore", "lists": {"groups": [{"items": [], "count": 2, "type": "created"}]}}, {"tips": {"count": 0}, "contact": {}, "firstName": "Dayna", "gender": "female", "lastName": "Herrera", "id": "81791089", "bio": "", "photo": {"prefix": "https://igx.4sqi.net/img/user/", "suffix": "/81791089-U00GFSLNIJAQLL0M.jpg"}, "homeCity": "", "lists": {"groups": [{"items": [], "count": 2, "type": "created"}]}}, {"tips": {"count": 0}, "contact": {"facebook": "597566961"}, "firstName": "Beverly", "gender": "female", "lastName": "Gan", "id": "3818464", "bio": "", "photo": {"prefix": "https://igx.4sqi.net/img/user/", "suffix": "/XOD3BVLWR2GZAOC0.jpg"}, "homeCity": "Singapore", "lists": {"groups": [{"items": [], "count": 2, "type": "created"}]}}, {"tips": {"count": 0}, "contact": {"twitter": "nishaelramzi23"}, "firstName": "Nisha", "gender": "female", "lastName": "Becksy", "id": "35429589", "bio": "", "photo": {"prefix": "https://igx.4sqi.net/img/user/", "suffix": "/K1T5PBJNGOVGICU2.jpg"}, "homeCity": "Singapore", "lists": {"groups": [{"items": [], "count": 2, "type": "created"}]}}, {"tips": {"count": 1}, "contact": {"facebook": "545280046"}, "firstName": "Nicholas", "gender": "male", "lastName": "Ho", "id": "19341038", "bio": "", "photo": {"prefix": "https://igx.4sqi.net/img/user/", "suffix": "/4IMFKYXQOUCUIIOA.jpg"}, "homeCity": "Singapore", "lists": {"groups": [{"items": [], "count": 2, "type": "created"}]}}, {"tips": {"count": 0}, "contact": {"facebook": "100001746826191"}, "firstName": "Jay", "gender": "male", "lastName": "Ajitesh", "id": "35068532", "bio": "", "photo": {"prefix": "https://igx.4sqi.net/img/user/", "suffix": "/QITWQGU0FOUQKNMA.jpg"}, "homeCity": "New York, NY", "lists": {"groups": [{"items": [], "count": 2, "type": "created"}]}}, {"tips": {"count": 0}, "contact": {"twitter": "corrinasoh_", "facebook": "682639199"}, "firstName": "Corrina", "gender": "female", "lastName": "Own", "id": "4516438", "bio": "", "photo": {"prefix": "https://igx.4sqi.net/img/user/", "suffix": "/4516438-POBANIKCV12ZXWIC.jpg"}, "homeCity": "Singapore", "lists": {"groups": [{"items": [], "count": 2, "type": "created"}]}}, {"tips": {"count": 1}, "contact": {"twitter": "queentishaa", "facebook": "692096124"}, "firstName": "Queentisha", "gender": "female", "id": "7314250", "bio": "", "photo": {"prefix": "https://igx.4sqi.net/img/user/", "suffix": "/7314250-1XLGJRF3FQM3RFCT.jpg"}, "homeCity": "Singapore", "lists": {"groups": [{"items": [], "count": 2, "type": "created"}]}}, {"tips": {"count": 3}, "contact": {"twitter": "fafariddd", "facebook": "693453524"}, "firstName": "Mohammed", "gender": "male", "lastName": "Farid", "id": "21530202", "bio": "", "photo": {"prefix": "https://igx.4sqi.net/img/user/", "suffix": "/1MYN1CMSKGMIH5NF.jpg"}, "homeCity": "New York, NY", "lists": {"groups": [{"items": [], "count": 2, "type": "created"}]}}, {"tips": {"count": 0}, "contact": {}, "firstName": "Razi'in", "gender": "male", "lastName": "Rahman", "id": "10446955", "bio": "", "photo": {"prefix": "https://igx.4sqi.net/img/user/", "suffix": "/D2B0UUCXOUOQTN5V.jpg"}, "homeCity": "Singapore", "lists": {"groups": [{"items": [], "count": 2, "type": "created"}]}}, {"tips": {"count": 1}, "contact": {"twitter": "czxsean", "facebook": "542241776"}, "firstName": "Sean", "gender": "male", "lastName": "Chew", "id": "7425986", "bio": "", "photo": {"prefix": "https://igx.4sqi.net/img/user/", "suffix": "/Q4APWRXLIOJ2ZHY3.jpg"}, "homeCity": "Singapore", "lists": {"groups": [{"items": [], "count": 2, "type": "created"}]}}, {"tips": {"count": 0}, "contact": {"facebook": "100001336543002"}, "firstName": "Fie", "gender": "male", "lastName": "Jepon", "id": "19598568", "bio": "", "photo": {"prefix": "https://igx.4sqi.net/img/user/", "suffix": "/OBI2KVHS5VARW4ZD.jpg"}, "homeCity": "Singapore", "lists": {"groups": [{"items": [], "count": 2, "type": "created"}]}}, {"tips": {"count": 0}, "contact": {"facebook": "1680964312"}, "firstName": "Nurlelawati", "gender": "female", "lastName": "Hussain", "id": "8824072", "bio": "", "photo": {"prefix": "https://igx.4sqi.net/img/user/", "suffix": "/RYSTXBZHQLHNFVBL.jpg"}, "homeCity": "Singapore", "lists": {"groups": [{"items": [], "count": 2, "type": "created"}]}}, {"tips": {"count": 1}, "contact": {"twitter": "dianhazwani", "facebook": "735713989"}, "firstName": "Dian", "gender": "female", "lastName": "Hazwani", "id": "21176659", "bio": "", "photo": {"prefix": "https://igx.4sqi.net/img/user/", "suffix": "/GABFMWPVS2G3PPTM.jpg"}, "homeCity": "New York, NY", "lists": {"groups": [{"items": [], "count": 2, "type": "created"}]}}], "count": 74}, "checksum": "8edb6b0c268c5f3b2001226feba8906328fc4a68"}, "meta": {"requestId": "5965f445351e3d64af66c2c5", "code": 200}}