{"notifications": [{"type": "notificationTray", "item": {"unreadCount": 0}}], "response": {"friends": {"items": [{"tips": {"count": 3}, "contact": {}, "firstName": "MaryB", "gender": "female", "id": "11334151", "bio": "", "photo": {"prefix": "https://igx.4sqi.net/img/user/", "suffix": "/5M12ZZLUVAYH5UL3.jpg"}, "homeCity": "Singapore", "lists": {"groups": [{"items": [], "count": 2, "type": "created"}]}}, {"tips": {"count": 3}, "contact": {}, "firstName": "Ax", "gender": "male", "lastName": "theMan", "id": "18135696", "bio": "", "photo": {"prefix": "https://igx.4sqi.net/img/user/", "suffix": "/blank_boy.png", "default": true}, "homeCity": "Deutschland", "lists": {"groups": [{"items": [], "count": 2, "type": "created"}]}}, {"tips": {"count": 3}, "contact": {"twitter": "vpedrosa", "facebook": "626764679"}, "firstName": "Veronica", "gender": "female", "lastName": "Pedrosa", "id": "13013698", "bio": "", "photo": {"prefix": "https://igx.4sqi.net/img/user/", "suffix": "/MBW0N4WFNM2OYNYJ.jpg"}, "homeCity": "\u0e01\u0e23\u0e38\u0e07\u0e40\u0e17\u0e1e\u0e21\u0e2b\u0e32\u0e19\u0e04\u0e23, \u0e1b\u0e23\u0e30\u0e40\u0e17\u0e28\u0e44\u0e17\u0e22", "lists": {"groups": [{"items": [], "count": 2, "type": "created"}]}}, {"tips": {"count": 197}, "contact": {}, "firstName": "Pdouble0k", "gender": "female", "lastName": "\u26a1\ufe0f", "id": "1620678", "bio": "", "photo": {"prefix": "https://igx.4sqi.net/img/user/", "suffix": "/1620678_TLvQYhET_gOpI4_zAZ1dpJuO4N0W9NsCrrt1ph19Uuh-qDW5-EZoqxdUHxg_j_lEpS2Te-Owo.jpg"}, "homeCity": "", "lists": {"groups": [{"items": [], "count": 18, "type": "created"}]}}, {"tips": {"count": 0}, "contact": {}, "firstName": "Richard", "gender": "male", "lastName": "Humphries", "id": "20510522", "bio": "", "photo": {"prefix": "https://igx.4sqi.net/img/user/", "suffix": "/I5EZUDPT43MH3AKY.jpg"}, "homeCity": "Selangor", "lists": {"groups": [{"items": [], "count": 2, "type": "created"}]}}, {"tips": {"count": 17}, "contact": {"twitter": "oilyoil", "facebook": "615132201"}, "firstName": "Jidabha", "gender": "female", "lastName": "S.", "id": "197032", "bio": "", "photo": {"prefix": "https://igx.4sqi.net/img/user/", "suffix": "/P3TA0UGGKY05XMZX.jpg"}, "homeCity": "Phaya Thai, Bangkok", "lists": {"groups": [{"items": [], "count": 2, "type": "created"}]}}, {"tips": {"count": 8}, "contact": {}, "firstName": "casey", "gender": "female", "lastName": "penney", "id": "9269", "bio": "check(in) yourself before you wreck yourself.", "photo": {"prefix": "https://igx.4sqi.net/img/user/", "suffix": "/9269-YEVSJ13XD1IUYDRB.jpg"}, "homeCity": "NYC > SIN", "lists": {"groups": [{"items": [], "count": 4, "type": "created"}]}}, {"tips": {"count": 0}, "contact": {"twitter": "shanifriedman"}, "firstName": "Shani", "gender": "male", "lastName": "Friedman", "id": "151785", "bio": "", "photo": {"prefix": "https://igx.4sqi.net/img/user/", "suffix": "/AXBIUJLHX2LLEX2X.jpg"}, "homeCity": "Jersey City, New Jersey", "lists": {"groups": [{"items": [], "count": 3, "type": "created"}]}}, {"tips": {"count": 0}, "contact": {"twitter": "heleneberube", "facebook": "641940236"}, "firstName": "Helene", "gender": "female", "lastName": "Berube", "id": "789271", "bio": "", "photo": {"prefix": "https://igx.4sqi.net/img/user/", "suffix": "/S2ZFGAKJXPQPJD15.jpg"}, "homeCity": "Montr\u00e9al, Canada", "lists": {"groups": [{"items": [], "count": 2, "type": "created"}]}}, {"tips": {"count": 1}, "contact": {}, "firstName": "Cynthia", "gender": "female", "id": "1363958", "bio": "", "photo": {"prefix": "https://igx.4sqi.net/img/user/", "suffix": "/VGHPP40RSCCCBY0V.jpg"}, "homeCity": "Boulder, CO", "lists": {"groups": [{"items": [], "count": 2, "type": "created"}]}}, {"tips": {"count": 31}, "contact": {}, "firstName": "Travelin Matt", "gender": "male", "lastName": "Hammond", "id": "137415", "bio": "", "photo": {"prefix": "https://igx.4sqi.net/img/user/", "suffix": "/-1_1259764614771.jpg"}, "homeCity": "Khlong Tan Nuea, Bangkok", "lists": {"groups": [{"items": [], "count": 3, "type": "created"}]}}, {"tips": {"count": 10}, "contact": {"twitter": "tim_gibbons", "facebook": "706013013"}, "firstName": "Tim", "gender": "male", "lastName": "Gibbons", "id": "884768", "bio": "", "photo": {"prefix": "https://igx.4sqi.net/img/user/", "suffix": "/GKHA0FYABGWK0OUX.jpg"}, "homeCity": "Hollywood, baby!", "lists": {"groups": [{"items": [], "count": 2, "type": "created"}]}}, {"tips": {"count": 1}, "contact": {"facebook": "1222681936"}, "firstName": "Jeng", "gender": "female", "lastName": "MacHugh", "id": "15633597", "bio": "", "photo": {"prefix": "https://igx.4sqi.net/img/user/", "suffix": "/UTQ3INBZI0SWD52B.jpg"}, "homeCity": "Stillorgan, Ireland", "lists": {"groups": [{"items": [], "count": 2, "type": "created"}]}}, {"tips": {"count": 6}, "contact": {}, "firstName": "Meera", "gender": "female", "lastName": "Navaratnam", "id": "665951", "bio": "", "photo": {"prefix": "https://igx.4sqi.net/img/user/", "suffix": "/2UUXCY05O5YXSH1X.jpg"}, "homeCity": "Singapore", "lists": {"groups": [{"items": [], "count": 3, "type": "created"}]}}], "count": 14}, "checksum": "cf223d9613ccbd0bb9fe0e112d0ccbf671b29fa7"}, "meta": {"requestId": "5965bcbb4c1f67705ab0fc23", "code": 200}}