{"notifications": [{"type": "notificationTray", "item": {"unreadCount": 0}}], "response": {"friends": {"items": [{"tips": {"count": 2}, "contact": {"facebook": "563110039"}, "firstName": "Nany Triyana Dewi", "gender": "female", "lastName": "Nawawi", "id": "2154209", "bio": "", "photo": {"prefix": "https://igx.4sqi.net/img/user/", "suffix": "/YOLSN4XJ5CQAJMAM.jpg"}, "homeCity": "Singapore", "lists": {"groups": [{"items": [], "count": 2, "type": "created"}]}}, {"tips": {"count": 9}, "contact": {"facebook": "596710355"}, "firstName": "Fairuz", "gender": "male", "lastName": "Sallim", "id": "1371513", "bio": "", "photo": {"prefix": "https://igx.4sqi.net/img/user/", "suffix": "/SZCXHV5XYOYTOQIM.jpg"}, "homeCity": "Singapore", "lists": {"groups": [{"items": [], "count": 2, "type": "created"}]}}, {"tips": {"count": 0}, "contact": {"facebook": "100000468381199"}, "firstName": "Ridzuwaamin", "gender": "male", "lastName": "Astro", "id": "4644772", "bio": "", "photo": {"prefix": "https://igx.4sqi.net/img/user/", "suffix": "/5D0OTHG2N3M20MUU.jpg"}, "homeCity": "Singapore", "lists": {"groups": [{"items": [], "count": 2, "type": "created"}]}}, {"tips": {"count": 6}, "contact": {"twitter": "wandywonder"}, "firstName": "Rawandy", "gender": "male", "lastName": "/WandyWonder", "id": "7839749", "bio": "Boy Wonder", "photo": {"prefix": "https://igx.4sqi.net/img/user/", "suffix": "/M0AFDBSWZDORSN04.jpg"}, "homeCity": "Singapore", "lists": {"groups": [{"items": [], "count": 2, "type": "created"}]}}, {"tips": {"count": 0}, "contact": {}, "firstName": "Don", "gender": "male", "lastName": "Hafiz", "id": "7927147", "bio": "", "photo": {"prefix": "https://igx.4sqi.net/img/user/", "suffix": "/JHSHE52N0OXXCF4Q.jpg"}, "homeCity": "Singapore", "lists": {"groups": [{"items": [], "count": 2, "type": "created"}]}}, {"tips": {"count": 0}, "contact": {"facebook": "599823650"}, "firstName": "Victor", "gender": "none", "lastName": "Lee", "id": "5271773", "bio": "", "photo": {"prefix": "https://igx.4sqi.net/img/user/", "suffix": "/TN2HWRRMYX3B0DUB.jpg"}, "homeCity": "Singapore", "lists": {"groups": [{"items": [], "count": 2, "type": "created"}]}}, {"tips": {"count": 0}, "contact": {"twitter": "chzballz"}, "firstName": "Nurul", "gender": "female", "lastName": "S", "id": "514591", "bio": "", "photo": {"prefix": "https://igx.4sqi.net/img/user/", "suffix": "/0APNPOG3WPPN4KRH.jpg"}, "homeCity": "Singapore", "lists": {"groups": [{"items": [], "count": 2, "type": "created"}]}}, {"tips": {"count": 16}, "contact": {"facebook": "1104847537"}, "firstName": "M.a.", "gender": "male", "lastName": "HARRiS", "id": "5434482", "bio": "", "photo": {"prefix": "https://igx.4sqi.net/img/user/", "suffix": "/VY4ZRIXUJF1M33YW.jpg"}, "homeCity": "Singapore", "lists": {"groups": [{"items": [], "count": 2, "type": "created"}]}}, {"tips": {"count": 4}, "contact": {"facebook": "1135576245"}, "firstName": "Isaac", "gender": "male", "lastName": "Molina", "id": "2364228", "bio": "", "photo": {"prefix": "https://igx.4sqi.net/img/user/", "suffix": "/4ZEA1V4ORRC0V1ST.jpg"}, "homeCity": "Singapore, ", "lists": {"groups": [{"items": [], "count": 2, "type": "created"}]}}, {"tips": {"count": 2}, "contact": {"twitter": "qalamabdullatif", "facebook": "10209410588043355"}, "firstName": "Qalam", "gender": "male", "lastName": "Abdul Latiff", "id": "8234911", "bio": "Hi", "photo": {"prefix": "https://igx.4sqi.net/img/user/", "suffix": "/8234911-HKMFYWHUU0NZJUTO.jpg"}, "homeCity": "Singapore", "lists": {"groups": [{"items": [], "count": 2, "type": "created"}]}}, {"tips": {"count": 2}, "contact": {"twitter": "allhard", "facebook": "1585686927"}, "firstName": "allhard", "gender": "male", "lastName": "hadi", "id": "2913248", "bio": "*PLEGMATIS* Im not superhuman but Im Batman (mncari nafkh d mlam hari N istirahat d siang hari)\r\nBE A GOONER BE A GIVER,  @Arsenal The Gunner and @Orlando_Magic", "photo": {"prefix": "https://igx.4sqi.net/img/user/", "suffix": "/GSGOXSZ5LNKMZFXG.jpg"}, "homeCity": "South Borneo, Indonesia", "lists": {"groups": [{"items": [], "count": 4, "type": "created"}]}}, {"tips": {"count": 0}, "contact": {"twitter": "zhaoyangt", "facebook": "100000372889220"}, "firstName": "Zhaoyang", "gender": "male", "lastName": "Toh", "id": "3478024", "bio": "", "photo": {"prefix": "https://igx.4sqi.net/img/user/", "suffix": "/3478024-BTLAEVIPG2LJV1HI.jpg"}, "homeCity": "Singapore", "lists": {"groups": [{"items": [], "count": 2, "type": "created"}]}}, {"tips": {"count": 53}, "contact": {}, "firstName": "Ziela", "gender": "female", "lastName": "Ela", "id": "3324001", "bio": "", "photo": {"prefix": "https://igx.4sqi.net/img/user/", "suffix": "/3324001-4HJKP13SAJOSL5JC.jpg"}, "homeCity": "Singapore", "lists": {"groups": [{"items": [], "count": 2, "type": "created"}]}}, {"tips": {"count": 1}, "contact": {"twitter": "lady_dee06", "facebook": "649542097"}, "firstName": "Lady Dee", "gender": "female", "lastName": "Diana", "id": "1779215", "bio": "", "photo": {"prefix": "https://igx.4sqi.net/img/user/", "suffix": "/LHAPN1YAXBHJO3R1.jpg"}, "homeCity": "Singapore", "lists": {"groups": [{"items": [], "count": 2, "type": "created"}]}}, {"tips": {"count": 8}, "contact": {"twitter": "rynazrynne", "facebook": "100001289952776"}, "firstName": "Ryn", "gender": "female", "lastName": "Azrynne", "id": "1889729", "bio": "", "photo": {"prefix": "https://igx.4sqi.net/img/user/", "suffix": "/-RBSTYYR5CTFHFWQY.jpg"}, "homeCity": "Singapore", "lists": {"groups": [{"items": [], "count": 3, "type": "created"}]}}, {"tips": {"count": 0}, "contact": {"twitter": "ikahjamil19", "facebook": "624670705"}, "firstName": "Ikah", "gender": "female", "lastName": "Jamil", "id": "1978606", "bio": "", "photo": {"prefix": "https://igx.4sqi.net/img/user/", "suffix": "/CDJ4BKO4YK5YG44Y.jpg"}, "homeCity": "Singapore", "lists": {"groups": [{"items": [], "count": 2, "type": "created"}]}}, {"tips": {"count": 4}, "contact": {"twitter": "freezeramirez", "facebook": "658587752"}, "firstName": "Frizz", "gender": "male", "lastName": "Ramirez", "id": "2335506", "bio": "", "photo": {"prefix": "https://igx.4sqi.net/img/user/", "suffix": "/2335506-0KE1Q1CF4TG02VIW.jpg"}, "homeCity": "Singapore", "lists": {"groups": [{"items": [], "count": 2, "type": "created"}]}}, {"tips": {"count": 3}, "contact": {}, "firstName": "Ainkecik", "gender": "female", "lastName": "Fyno", "id": "2387369", "bio": "", "photo": {"prefix": "https://igx.4sqi.net/img/user/", "suffix": "/2387369-QTFFF1JGKICCV3XU.jpg"}, "homeCity": "Singapore", "lists": {"groups": [{"items": [], "count": 2, "type": "created"}]}}, {"tips": {"count": 0}, "contact": {"facebook": "1558195758"}, "firstName": "Sharil", "gender": "male", "lastName": "MiniJats", "id": "10960531", "bio": "", "photo": {"prefix": "https://igx.4sqi.net/img/user/", "suffix": "/CPOVZVHLN3M5G3SE.jpg"}, "homeCity": "Singapore", "lists": {"groups": [{"items": [], "count": 2, "type": "created"}]}}, {"tips": {"count": 1}, "contact": {"twitter": "angelaoinky", "facebook": "1791843691"}, "firstName": "Angelaoinky", "gender": "female", "lastName": "\u2665", "id": "8344923", "bio": "", "photo": {"prefix": "https://igx.4sqi.net/img/user/", "suffix": "/FDBKDNKNKSYTZXQ1.jpg"}, "homeCity": "Singapore", "lists": {"groups": [{"items": [], "count": 2, "type": "created"}]}}, {"tips": {"count": 0}, "contact": {"twitter": "taufiqmorillo", "facebook": "651366024"}, "firstName": "Taufiq morillo", "gender": "male", "id": "11309478", "bio": "", "photo": {"prefix": "https://igx.4sqi.net/img/user/", "suffix": "/ANNFUYJHRTDU5FGV.jpg"}, "homeCity": "Singapore", "lists": {"groups": [{"items": [], "count": 2, "type": "created"}]}}, {"tips": {"count": 0}, "contact": {"twitter": "fiiiifaaaa", "facebook": "1461807423"}, "firstName": "Afifah", "gender": "female", "lastName": "Villarosa", "id": "11600893", "bio": "", "photo": {"prefix": "https://igx.4sqi.net/img/user/", "suffix": "/RO5AWTWWZILVQTHG.jpg"}, "homeCity": "Singapore", "lists": {"groups": [{"items": [], "count": 2, "type": "created"}]}}, {"tips": {"count": 11}, "contact": {"facebook": "596144013"}, "firstName": "Flying", "gender": "male", "lastName": "Hamster", "id": "4844496", "bio": "", "photo": {"prefix": "https://igx.4sqi.net/img/user/", "suffix": "/4XPR3EFXV3BA5CVH.jpg"}, "homeCity": "Singapore", "lists": {"groups": [{"items": [], "count": 2, "type": "created"}]}}, {"tips": {"count": 0}, "contact": {"facebook": "1827798592"}, "firstName": "NurAdilah", "gender": "female", "lastName": "M J", "id": "11060011", "bio": "", "photo": {"prefix": "https://igx.4sqi.net/img/user/", "suffix": "/G10A4CUFZWFE0YJ2.jpg"}, "homeCity": "NY", "lists": {"groups": [{"items": [], "count": 2, "type": "created"}]}}, {"tips": {"count": 0}, "contact": {"facebook": "1057013242"}, "firstName": "Iskandar", "gender": "male", "lastName": "Hamid", "id": "8291054", "bio": "", "photo": {"prefix": "https://igx.4sqi.net/img/user/", "suffix": "/I4R3DQCZKBJQG5YQ.jpg"}, "homeCity": "Manchester, NH", "lists": {"groups": [{"items": [], "count": 2, "type": "created"}]}}, {"tips": {"count": 3}, "contact": {"facebook": "100001151751183"}, "firstName": "Is", "gender": "male", "lastName": "Giler", "id": "6670552", "bio": "Married to the world best understanding n most loveable woman ard.....(Atiqah) my derest wife (^^,)", "photo": {"prefix": "https://igx.4sqi.net/img/user/", "suffix": "/JK0MI5I1FKJQ3CWI.jpg"}, "homeCity": "Singapore", "lists": {"groups": [{"items": [], "count": 2, "type": "created"}]}}, {"tips": {"count": 0}, "contact": {"twitter": "tytysweets", "facebook": "1638488129"}, "firstName": "Tyty", "gender": "female", "lastName": "Sweets", "id": "5486489", "bio": "Talk is cheap, but actions are priceless\u270c", "photo": {"prefix": "https://igx.4sqi.net/img/user/", "suffix": "/5486489-EUUBEQ21BBRUWDUG.jpg"}, "homeCity": "Singapore", "lists": {"groups": [{"items": [], "count": 2, "type": "created"}]}}, {"tips": {"count": 13}, "contact": {"facebook": "546266739"}, "firstName": "AJ", "gender": "male", "lastName": "Junior", "id": "2834289", "bio": "", "photo": {"prefix": "https://igx.4sqi.net/img/user/", "suffix": "/3ZZJNF0MVL02TEXI.jpg"}, "homeCity": "Jurong", "lists": {"groups": [{"items": [], "count": 2, "type": "created"}]}}, {"tips": {"count": 0}, "contact": {"facebook": "100000170258053"}, "firstName": "Nyra", "gender": "female", "lastName": "Nur'Aain", "id": "11203684", "bio": "", "photo": {"prefix": "https://igx.4sqi.net/img/user/", "suffix": "/500UQ1KSS4NZYCW2.jpg"}, "homeCity": "Paris, France", "lists": {"groups": [{"items": [], "count": 2, "type": "created"}]}}, {"tips": {"count": 0}, "contact": {"twitter": "trudybox", "facebook": "642488128"}, "firstName": "Trudy", "gender": "female", "lastName": "Box", "id": "5250055", "bio": "", "photo": {"prefix": "https://igx.4sqi.net/img/user/", "suffix": "/ALVGRJEKKEQILF0K.jpg"}, "homeCity": "Singapore", "lists": {"groups": [{"items": [], "count": 2, "type": "created"}]}}, {"tips": {"count": 1}, "contact": {"facebook": "1260944753"}, "firstName": "Faizal", "gender": "male", "lastName": "defcon", "id": "4105361", "bio": "", "photo": {"prefix": "https://igx.4sqi.net/img/user/", "suffix": "/31DQT2OU4I5FACN1.jpg"}, "homeCity": "Singapore", "lists": {"groups": [{"items": [], "count": 2, "type": "created"}]}}, {"tips": {"count": 0}, "contact": {"facebook": "1088782908"}, "firstName": "Adieqpampered", "gender": "female", "id": "12008562", "bio": "", "photo": {"prefix": "https://igx.4sqi.net/img/user/", "suffix": "/334VR4IFPLP3JEQC.jpg"}, "homeCity": "Singapore", "lists": {"groups": [{"items": [], "count": 2, "type": "created"}]}}, {"tips": {"count": 0}, "contact": {"twitter": "raaudhah", "facebook": "100003157432577"}, "firstName": "raudhah", "gender": "female", "lastName": "mohamed", "id": "9209003", "bio": "", "photo": {"prefix": "https://igx.4sqi.net/img/user/", "suffix": "/9209003-W5QD0J5YQD1BC5ZZ.jpg"}, "homeCity": "Singapore", "lists": {"groups": [{"items": [], "count": 2, "type": "created"}]}}, {"tips": {"count": 2}, "contact": {"twitter": "afiyy", "facebook": "681561031"}, "firstName": "Afiyy", "gender": "male", "lastName": "Afiyy", "id": "3087298", "bio": "", "photo": {"prefix": "https://igx.4sqi.net/img/user/", "suffix": "/3087298-UPLU3CJYOU1KFBUH.jpg"}, "homeCity": "Singapore", "lists": {"groups": [{"items": [], "count": 2, "type": "created"}]}}, {"tips": {"count": 2}, "contact": {"facebook": "650034262"}, "firstName": "Han", "gender": "male", "lastName": "Salleh", "id": "2555140", "bio": "", "photo": {"prefix": "https://igx.4sqi.net/img/user/", "suffix": "/B4UJE20CO2VTUL1W.jpg"}, "homeCity": "Woodlands, Singapore", "lists": {"groups": [{"items": [], "count": 2, "type": "created"}]}}, {"tips": {"count": 0}, "contact": {"facebook": "100000197960739"}, "firstName": "Siti", "gender": "female", "lastName": "Khadijah", "id": "6889970", "bio": "", "photo": {"prefix": "https://igx.4sqi.net/img/user/", "suffix": "/SAFCBGNGED4NYNNL.jpg"}, "homeCity": "Singapore", "lists": {"groups": [{"items": [], "count": 2, "type": "created"}]}}, {"tips": {"count": 0}, "contact": {"twitter": "int4nin4", "facebook": "799285323"}, "firstName": "Intan", "gender": "female", "lastName": "Amanina", "id": "11670549", "bio": "", "photo": {"prefix": "https://igx.4sqi.net/img/user/", "suffix": "/RTZ3EPZAWWUXNTTN.jpg"}, "homeCity": "Singapore", "lists": {"groups": [{"items": [], "count": 2, "type": "created"}]}}, {"tips": {"count": 0}, "contact": {"facebook": "1535018804"}, "firstName": "\ue328 Syahirah", "gender": "female", "id": "12044088", "bio": "", "photo": {"prefix": "https://igx.4sqi.net/img/user/", "suffix": "/VQLYMUHGKRX1LLBL.jpg"}, "homeCity": "Singapore", "lists": {"groups": [{"items": [], "count": 2, "type": "created"}]}}, {"tips": {"count": 0}, "contact": {"facebook": "1797196850"}, "firstName": "Kent", "gender": "male", "lastName": "Beh", "id": "5849739", "bio": "", "photo": {"prefix": "https://igx.4sqi.net/img/user/", "suffix": "/2QPBI3ZXTN3HDUSZ.jpg"}, "homeCity": "Singapore", "lists": {"groups": [{"items": [], "count": 2, "type": "created"}]}}, {"tips": {"count": 7}, "contact": {"twitter": "nizzyzarry", "facebook": "746231438"}, "firstName": "Nizar", "gender": "male", "lastName": "Nasser", "id": "3576857", "bio": "", "photo": {"prefix": "https://igx.4sqi.net/img/user/", "suffix": "/3CQIWN2HVY2W1VKY.jpg"}, "homeCity": "Singapore", "lists": {"groups": [{"items": [], "count": 2, "type": "created"}]}}, {"tips": {"count": 1}, "contact": {"facebook": "1067851999"}, "firstName": "Farah", "gender": "female", "lastName": "Farhanah", "id": "11463835", "bio": "", "photo": {"prefix": "https://igx.4sqi.net/img/user/", "suffix": "/1544RD0I30R4GDUO.jpg"}, "homeCity": "Singapore", "lists": {"groups": [{"items": [], "count": 2, "type": "created"}]}}, {"tips": {"count": 2}, "contact": {}, "firstName": "Tony", "gender": "male", "lastName": "Ooi", "id": "5870238", "bio": "", "photo": {"prefix": "https://igx.4sqi.net/img/user/", "suffix": "/QJ4GSAYDBFILUC5X.jpg"}, "homeCity": "KL, Malaysia", "lists": {"groups": [{"items": [], "count": 4, "type": "created"}]}}, {"tips": {"count": 3}, "contact": {"twitter": "shukrymvp", "facebook": "677058491"}, "firstName": "Shukry", "gender": "male", "lastName": "Rashid", "id": "5399357", "bio": "", "photo": {"prefix": "https://igx.4sqi.net/img/user/", "suffix": "/TEVCMEUSGKE3RQBN.jpg"}, "homeCity": "Bukit Batok, Singapore", "lists": {"groups": [{"items": [], "count": 2, "type": "created"}]}}, {"tips": {"count": 0}, "contact": {"twitter": "amiraandin", "facebook": "588828655"}, "firstName": "Amira", "gender": "female", "lastName": "Andin", "id": "13620195", "bio": "", "photo": {"prefix": "https://igx.4sqi.net/img/user/", "suffix": "/APZTUM0L12YRGPMK.jpg"}, "homeCity": "Singapore", "lists": {"groups": [{"items": [], "count": 2, "type": "created"}]}}, {"tips": {"count": 15}, "contact": {}, "firstName": "Raphael John", "gender": "male", "lastName": "Yeong", "id": "3243886", "bio": "", "photo": {"prefix": "https://igx.4sqi.net/img/user/", "suffix": "/4RUGK0RNJSAQIHGI.jpg"}, "homeCity": "Singapore", "lists": {"groups": [{"items": [], "count": 2, "type": "created"}]}}, {"tips": {"count": 1}, "contact": {"twitter": "sukari_m", "facebook": "562777869"}, "firstName": "Mas Arie", "gender": "male", "id": "3261396", "bio": "", "photo": {"prefix": "https://igx.4sqi.net/img/user/", "suffix": "/W4APEB3UVADUIG0A.jpg"}, "homeCity": "Jakarta, Indonesia", "lists": {"groups": [{"items": [], "count": 2, "type": "created"}]}}, {"tips": {"count": 0}, "contact": {}, "firstName": "Suriani", "gender": "female", "lastName": "Rohman", "id": "10074774", "bio": "", "photo": {"prefix": "https://igx.4sqi.net/img/user/", "suffix": "/AX024UXWNJBPADLM.jpg"}, "homeCity": "Singapore", "lists": {"groups": [{"items": [], "count": 2, "type": "created"}]}}, {"tips": {"count": 0}, "contact": {"facebook": "100000213812264"}, "firstName": "Jullian", "gender": "male", "lastName": "Rodriguez", "id": "11843904", "bio": "", "photo": {"prefix": "https://igx.4sqi.net/img/user/", "suffix": "/34ZEF02NRSQD1FWY.jpg"}, "homeCity": "Singapore", "lists": {"groups": [{"items": [], "count": 2, "type": "created"}]}}, {"tips": {"count": 0}, "contact": {"facebook": "605953353"}, "firstName": "Apit Jml", "gender": "male", "lastName": "Rbn", "id": "12085200", "bio": "", "photo": {"prefix": "https://igx.4sqi.net/img/user/", "suffix": "/AROAEP5HQOBHICX4.jpg"}, "homeCity": "Singapore", "lists": {"groups": [{"items": [], "count": 2, "type": "created"}]}}, {"tips": {"count": 0}, "contact": {"facebook": "100000514475888"}, "firstName": "Sam", "gender": "male", "lastName": "Rafi'ee", "id": "5914987", "bio": "", "photo": {"prefix": "https://igx.4sqi.net/img/user/", "suffix": "/KXSDKSTSJXZWVRLH.jpg"}, "homeCity": "Singapore", "lists": {"groups": [{"items": [], "count": 2, "type": "created"}]}}, {"tips": {"count": 1}, "contact": {"facebook": "537628541"}, "firstName": "Salwa", "gender": "female", "lastName": "Asri", "id": "3660062", "bio": "", "photo": {"prefix": "https://igx.4sqi.net/img/user/", "suffix": "/3660062-X235HUT5MY2SW3WE.jpg"}, "homeCity": "Singapore", "lists": {"groups": [{"items": [], "count": 2, "type": "created"}]}}, {"tips": {"count": 0}, "contact": {"facebook": "1173730371"}, "firstName": "Nur", "gender": "female", "lastName": "Nadhirah", "id": "11510710", "bio": "", "photo": {"prefix": "https://igx.4sqi.net/img/user/", "suffix": "/MESVBMVWJHKA0ASW.jpg"}, "homeCity": "Singapore", "lists": {"groups": [{"items": [], "count": 2, "type": "created"}]}}, {"tips": {"count": 0}, "contact": {"twitter": "nrlndrh", "facebook": "1096527073"}, "firstName": "Nurul", "gender": "female", "lastName": "Nadirah", "id": "8259385", "bio": "", "photo": {"prefix": "https://igx.4sqi.net/img/user/", "suffix": "/YV4VO3HNQUZR5NAK.jpg"}, "homeCity": "Singapore", "lists": {"groups": [{"items": [], "count": 2, "type": "created"}]}}, {"tips": {"count": 0}, "contact": {"twitter": "ashedaah"}, "firstName": "Syidah_Mutiara\ud83d\udc60", "gender": "female", "id": "4158854", "bio": "I don't need a person who doesn't need me in their life.", "photo": {"prefix": "https://igx.4sqi.net/img/user/", "suffix": "/YKSF1ORBVLJ1ZMQQ.jpg"}, "homeCity": "Singapore", "lists": {"groups": [{"items": [], "count": 2, "type": "created"}]}}, {"tips": {"count": 0}, "contact": {"twitter": "alexkornprom", "facebook": "1188980690"}, "firstName": "Alex \u9648", "gender": "male", "lastName": "Kornprom", "id": "3434055", "bio": "", "photo": {"prefix": "https://igx.4sqi.net/img/user/", "suffix": "/4QHIY4FAOOUMKBWA.jpg"}, "homeCity": "Singapore", "lists": {"groups": [{"items": [], "count": 2, "type": "created"}]}}, {"tips": {"count": 0}, "contact": {}, "firstName": "ADLN", "gender": "female", "lastName": "\u270c", "id": "10327103", "bio": "", "photo": {"prefix": "https://igx.4sqi.net/img/user/", "suffix": "/EA2NUAXCQ3OI3A4V.jpg"}, "homeCity": "Singapore", "lists": {"groups": [{"items": [], "count": 4, "type": "created"}]}}, {"tips": {"count": 1}, "contact": {"facebook": "633311772"}, "firstName": "Fauzi", "gender": "male", "lastName": "Jay", "id": "12092824", "bio": "", "photo": {"prefix": "https://igx.4sqi.net/img/user/", "suffix": "/3R0FJD21PWAZVVOB.jpg"}, "homeCity": "Singapore", "lists": {"groups": [{"items": [], "count": 2, "type": "created"}]}}, {"tips": {"count": 0}, "contact": {"facebook": "100000275162312"}, "firstName": "Muhd", "gender": "male", "lastName": "Hafizuwan", "id": "13094345", "bio": "", "photo": {"prefix": "https://igx.4sqi.net/img/user/", "suffix": "/KFX5VGTBJXDS4WSK.jpg"}, "homeCity": "Singapore", "lists": {"groups": [{"items": [], "count": 2, "type": "created"}]}}, {"tips": {"count": 0}, "contact": {"twitter": "faliaandamz", "facebook": "560607959"}, "firstName": "Amalia", "gender": "female", "lastName": "faliaandamz", "id": "3952083", "bio": "", "photo": {"prefix": "https://igx.4sqi.net/img/user/", "suffix": "/0ON33S0YX1YGCQLT.jpg"}, "homeCity": "Singapore", "lists": {"groups": [{"items": [], "count": 2, "type": "created"}]}}, {"tips": {"count": 1}, "contact": {"facebook": "760042714"}, "firstName": "Rio", "gender": "male", "lastName": "Hafizao", "id": "10459162", "bio": "", "photo": {"prefix": "https://igx.4sqi.net/img/user/", "suffix": "/V41H2KYVRYD5JRIT.jpg"}, "homeCity": "Singapore", "lists": {"groups": [{"items": [], "count": 2, "type": "created"}]}}, {"tips": {"count": 0}, "contact": {"twitter": "afeeqahhh", "facebook": "1239094817"}, "firstName": "afeeqahhh", "gender": "female", "id": "4594387", "bio": "", "photo": {"prefix": "https://igx.4sqi.net/img/user/", "suffix": "/PRPZIBEOUYN13GQ0.jpg"}, "homeCity": "Singapore", "lists": {"groups": [{"items": [], "count": 2, "type": "created"}]}}, {"tips": {"count": 3}, "contact": {"twitter": "madame_siti"}, "firstName": "\u2763 \u043c\u03b1\u2202\u03b1\u043c\u025b \u01a8\u03b9\u0442\u03b9 \u2763\u2122", "gender": "female", "id": "3435243", "bio": "\u0454m\u0432r\u03b1c\u00edng ord\u03b9nary m\u03c3m\u0454nt\u0455 \u03c3f m\u03c3th\u0454rh\u03c3\u03c3d | an \u03b9n\u0442rover\u0442 | \u03b1lw\u03b1\u0447\u0455 c\u03b1ff\u0454\u00edn\u03b1t\u0454d", "photo": {"prefix": "https://igx.4sqi.net/img/user/", "suffix": "/3435243-3EWA1JEGASNKO34N.jpg"}, "homeCity": "Singapore", "lists": {"groups": [{"items": [], "count": 3, "type": "created"}]}}, {"tips": {"count": 0}, "contact": {}, "firstName": "zizou", "gender": "male", "lastName": "10", "id": "12342141", "bio": "", "photo": {"prefix": "https://igx.4sqi.net/img/user/", "suffix": "/YJS4ZNVGGJFN5KVD.jpg"}, "homeCity": "Singapore", "lists": {"groups": [{"items": [], "count": 2, "type": "created"}]}}, {"tips": {"count": 0}, "contact": {"facebook": "100000240193141"}, "firstName": "Siti", "gender": "female", "lastName": "Nazira", "id": "12102896", "bio": "", "photo": {"prefix": "https://igx.4sqi.net/img/user/", "suffix": "/LIK4DPPM0O1DNTKC.jpg"}, "homeCity": "\u65b0\u52a0\u5761, Singapore", "lists": {"groups": [{"items": [], "count": 2, "type": "created"}]}}, {"tips": {"count": 0}, "contact": {"facebook": "100001408994680"}, "firstName": "Muhd", "gender": "male", "lastName": "Syamsuddin\u2122", "id": "13176891", "bio": "", "photo": {"prefix": "https://igx.4sqi.net/img/user/", "suffix": "/RSYXIWQJ3OWRNEQV.jpg"}, "homeCity": "Singapore", "lists": {"groups": [{"items": [], "count": 2, "type": "created"}]}}, {"tips": {"count": 1}, "contact": {"twitter": "hidayahmanis", "facebook": "607446193"}, "firstName": "Hidayah", "gender": "female", "lastName": "Manis", "id": "5047201", "bio": "", "photo": {"prefix": "https://igx.4sqi.net/img/user/", "suffix": "/LUFDNYG0QB354AB4.jpg"}, "homeCity": "Singapore", "lists": {"groups": [{"items": [], "count": 2, "type": "created"}]}}, {"tips": {"count": 37}, "contact": {"facebook": "558221911"}, "firstName": "Eugene", "gender": "male", "id": "4728437", "bio": "", "photo": {"prefix": "https://igx.4sqi.net/img/user/", "suffix": "/4728437-O3IXNDZXOYHVSI4S.jpg"}, "homeCity": "Singapore", "lists": {"groups": [{"items": [], "count": 2, "type": "created"}]}}, {"tips": {"count": 0}, "contact": {"twitter": "afique0108", "facebook": "731477956"}, "firstName": "Fiqqy", "gender": "male", "lastName": "Afique", "id": "4492046", "bio": "", "photo": {"prefix": "https://igx.4sqi.net/img/user/", "suffix": "/4492046-KWTJUNLGIZNL0RPP.jpg"}, "homeCity": "Singapore", "lists": {"groups": [{"items": [], "count": 2, "type": "created"}]}}, {"tips": {"count": 12}, "contact": {"facebook": "10156079328605484"}, "firstName": "Ben", "gender": "male", "lastName": "Kin", "id": "12396379", "bio": "Add my Wechat: ben_kin", "photo": {"prefix": "https://igx.4sqi.net/img/user/", "suffix": "/12396379-SS0UZ0K4ZQIJX30S.jpg"}, "homeCity": "KL & SG", "lists": {"groups": [{"items": [], "count": 2, "type": "created"}]}}, {"tips": {"count": 4}, "contact": {"facebook": "607068424"}, "firstName": "Md", "gender": "male", "lastName": "Dee", "id": "13695760", "bio": "", "photo": {"prefix": "https://igx.4sqi.net/img/user/", "suffix": "/D2N22EKL3JNI4HAY.jpg"}, "homeCity": "Singapore", "lists": {"groups": [{"items": [], "count": 2, "type": "created"}]}}, {"tips": {"count": 0}, "contact": {"twitter": "amskttns"}, "firstName": "Asyiha", "gender": "female", "lastName": "Ams", "id": "7341359", "bio": "", "photo": {"prefix": "https://igx.4sqi.net/img/user/", "suffix": "/SVD0ZQY0LLWT1AWJ.jpg"}, "homeCity": "Singapore", "lists": {"groups": [{"items": [], "count": 2, "type": "created"}]}}, {"tips": {"count": 3}, "contact": {"facebook": "611364188"}, "firstName": "Fifi", "gender": "male", "lastName": "Rock", "id": "5006726", "bio": "", "photo": {"prefix": "https://igx.4sqi.net/img/user/", "suffix": "/B2YEKFUDWXZA5TXV.jpg"}, "homeCity": "Singapore", "lists": {"groups": [{"items": [], "count": 2, "type": "created"}]}}, {"tips": {"count": 1}, "contact": {"twitter": "diniafiqah", "facebook": "1471578053"}, "firstName": "Dini", "gender": "female", "lastName": "Afiqah\ud83d\ude18\ud83d\ude4a\ud83d\ude48", "id": "4605042", "bio": "", "photo": {"prefix": "https://igx.4sqi.net/img/user/", "suffix": "/RQZMGGCHXROUUEW4.jpg"}, "homeCity": "Singapore", "lists": {"groups": [{"items": [], "count": 2, "type": "created"}]}}, {"tips": {"count": 0}, "contact": {"facebook": "1009661623"}, "firstName": "Jalil", "gender": "male", "lastName": "Deegan", "id": "12409543", "bio": "", "photo": {"prefix": "https://igx.4sqi.net/img/user/", "suffix": "/DL42AAFEEGNK4ZI3.jpg"}, "homeCity": "NY", "lists": {"groups": [{"items": [], "count": 4, "type": "created"}]}}, {"tips": {"count": 0}, "contact": {"facebook": "774458828"}, "firstName": "Nur", "gender": "female", "lastName": "Sabrina", "id": "9092794", "bio": "", "photo": {"prefix": "https://igx.4sqi.net/img/user/", "suffix": "/CRIX2HX2B40LRFMM.jpg"}, "homeCity": "Singapore", "lists": {"groups": [{"items": [], "count": 2, "type": "created"}]}}, {"tips": {"count": 0}, "contact": {"twitter": "fakhirafadli", "facebook": "100001354082674"}, "firstName": "Fakhira", "gender": "none", "lastName": "Fadli", "id": "5127424", "bio": "", "photo": {"prefix": "https://igx.4sqi.net/img/user/", "suffix": "/KHN41QBEWA4TZOTA.jpg"}, "homeCity": "Singapore", "lists": {"groups": [{"items": [], "count": 2, "type": "created"}]}}, {"tips": {"count": 1}, "contact": {"facebook": "100000230347496"}, "firstName": "\u6697\u6bba\u8005", "gender": "male", "lastName": "Assassino", "id": "5209200", "bio": "", "photo": {"prefix": "https://igx.4sqi.net/img/user/", "suffix": "/XGG0U251EJCYQL3M.jpg"}, "homeCity": "Singapore", "lists": {"groups": [{"items": [], "count": 2, "type": "created"}]}}, {"tips": {"count": 0}, "contact": {"facebook": "755049386"}, "firstName": "Kaseh", "gender": "female", "lastName": "Jakasha", "id": "12441672", "bio": "", "photo": {"prefix": "https://igx.4sqi.net/img/user/", "suffix": "/KATREFYVRWEMEO01.jpg"}, "homeCity": "Singapore", "lists": {"groups": [{"items": [], "count": 2, "type": "created"}]}}, {"tips": {"count": 0}, "contact": {"facebook": "580393751"}, "firstName": "Surayah", "gender": "female", "lastName": "Love", "id": "10825534", "bio": "", "photo": {"prefix": "https://igx.4sqi.net/img/user/", "suffix": "/JF5BIZBGPA1KGUGN.jpg"}, "homeCity": "Singapore", "lists": {"groups": [{"items": [], "count": 2, "type": "created"}]}}, {"tips": {"count": 0}, "contact": {"facebook": "1847652096"}, "firstName": "Firdauz", "gender": "male", "lastName": "Lee", "id": "5960390", "bio": "", "photo": {"prefix": "https://igx.4sqi.net/img/user/", "suffix": "/XNJ1A4T5AS5I2YQO.jpg"}, "homeCity": "Singapore", "lists": {"groups": [{"items": [], "count": 2, "type": "created"}]}}, {"tips": {"count": 0}, "contact": {"facebook": "100001859993942"}, "firstName": "Muhd", "gender": "male", "lastName": "Irwanshah", "id": "12463056", "bio": "", "photo": {"prefix": "https://igx.4sqi.net/img/user/", "suffix": "/WGGJXTAQUCECGF5W.jpg"}, "homeCity": "Singapore", "lists": {"groups": [{"items": [], "count": 2, "type": "created"}]}}, {"tips": {"count": 2}, "contact": {"twitter": "ainnlewinsky4l", "facebook": "1064975105"}, "firstName": "Ainn", "gender": "female", "lastName": "Lewinsky", "id": "11988898", "bio": "", "photo": {"prefix": "https://igx.4sqi.net/img/user/", "suffix": "/2VPVPEYDHFMJJBL2.jpg"}, "homeCity": "Singapore", "lists": {"groups": [{"items": [], "count": 2, "type": "created"}]}}, {"tips": {"count": 0}, "contact": {"facebook": "712363502"}, "firstName": "Fyzaa", "gender": "female", "lastName": "Tralala", "id": "6472722", "bio": "", "photo": {"prefix": "https://igx.4sqi.net/img/user/", "suffix": "/Z0T1EGTV5DUDPTL5.jpg"}, "homeCity": "Singapore", "lists": {"groups": [{"items": [], "count": 2, "type": "created"}]}}, {"tips": {"count": 0}, "contact": {"facebook": "1256255261"}, "firstName": "Mysura Danirfan", "gender": "female", "lastName": "Hazli", "id": "12481110", "bio": "", "photo": {"prefix": "https://igx.4sqi.net/img/user/", "suffix": "/WENHFPIGP3JX252C.jpg"}, "homeCity": "Singapore", "lists": {"groups": [{"items": [], "count": 2, "type": "created"}]}}, {"tips": {"count": 0}, "contact": {"facebook": "1633573999"}, "firstName": "Shrithar", "gender": "male", "lastName": "Kesy", "id": "12246937", "bio": "", "photo": {"prefix": "https://igx.4sqi.net/img/user/", "suffix": "/AUWN0YXPPAG2HHIJ.jpg"}, "homeCity": "Singapore", "lists": {"groups": [{"items": [], "count": 2, "type": "created"}]}}, {"tips": {"count": 1}, "contact": {"facebook": "701878789"}, "firstName": "GuoRong", "gender": "male", "lastName": "Su", "id": "7316181", "bio": "", "photo": {"prefix": "https://igx.4sqi.net/img/user/", "suffix": "/JLBFSS4XOFFGO5AI.jpg"}, "homeCity": "Singapore", "lists": {"groups": [{"items": [], "count": 2, "type": "created"}]}}, {"tips": {"count": 0}, "contact": {}, "firstName": "Hira", "gender": "female", "lastName": "Berry", "id": "12540895", "bio": "", "photo": {"prefix": "https://igx.4sqi.net/img/user/", "suffix": "/5BNI4UYSWNIXDGZV.jpg"}, "homeCity": "Singapore", "lists": {"groups": [{"items": [], "count": 2, "type": "created"}]}}, {"tips": {"count": 0}, "contact": {"facebook": "100000348232569"}, "firstName": "Juwita", "gender": "female", "lastName": "Isnin", "id": "12648902", "bio": "", "photo": {"prefix": "https://igx.4sqi.net/img/user/", "suffix": "/LCS4PPSSZE4RXQTO.jpg"}, "homeCity": "Singapore", "lists": {"groups": [{"items": [], "count": 2, "type": "created"}]}}, {"tips": {"count": 0}, "contact": {"facebook": "655024538"}, "firstName": "Ira", "gender": "female", "lastName": "Says", "id": "12685671", "bio": "", "photo": {"prefix": "https://igx.4sqi.net/img/user/", "suffix": "/OQCLOEQQ2TRUAVLJ.jpg"}, "homeCity": "Singapore", "lists": {"groups": [{"items": [], "count": 2, "type": "created"}]}}, {"tips": {"count": 0}, "contact": {"facebook": "596954325"}, "firstName": "zul", "gender": "male", "lastName": "karnell", "id": "12767861", "bio": "", "photo": {"prefix": "https://igx.4sqi.net/img/user/", "suffix": "/TOGXYLL4XLIWJEJD.jpg"}, "homeCity": "Singapore", "lists": {"groups": [{"items": [], "count": 2, "type": "created"}]}}], "count": 90}, "checksum": "2d98669048cdc323a454a5d4e75122df579f22fe"}, "meta": {"requestId": "59661e21351e3d64ae698811", "code": 200}}