{"notifications": [{"type": "notificationTray", "item": {"unreadCount": 0}}], "meta": {"requestId": "5966cfe54c1f67575132d6f5", "code": 200}, "response": {"friends": {"count": 74, "items": [{"id": "16975239", "photo": {"prefix": "https://igx.4sqi.net/img/user/", "suffix": "/CKDOAURKULQLDXKN.jpg"}, "homeCity": "San Francisco, CA", "contact": {"facebook": "732976659"}, "firstName": "Junitalia", "tips": {"count": 0}, "gender": "female", "lastName": "Tan", "lists": {"groups": [{"count": 2, "type": "created", "items": []}]}, "bio": ""}, {"id": "2307314", "photo": {"prefix": "https://igx.4sqi.net/img/user/", "suffix": "/HWMSTZE0QQWFF3QZ.jpg"}, "homeCity": "San Francisco, CA", "contact": {"facebook": "100000204394215", "twitter": "rbudiutama"}, "firstName": "Ronny", "tips": {"count": 13}, "gender": "male", "lastName": "Budiutama", "lists": {"groups": [{"count": 2, "type": "created", "items": []}]}, "bio": ""}, {"id": "70619041", "photo": {"prefix": "https://igx.4sqi.net/img/user/", "suffix": "/JQGTLF4BA1AY4ITP.jpg"}, "homeCity": "San Francisco, CA", "contact": {"facebook": "1114278104"}, "firstName": "Olga", "tips": {"count": 0}, "gender": "female", "lastName": "Tandra", "lists": {"groups": [{"count": 2, "type": "created", "items": []}]}, "bio": ""}, {"id": "12567778", "photo": {"prefix": "https://igx.4sqi.net/img/user/", "suffix": "/WQRZWH4WEWHHHG55.jpg"}, "homeCity": "Austin, TX", "contact": {}, "firstName": "Jess", "tips": {"count": 5}, "gender": "female", "lastName": "Tew", "lists": {"groups": [{"count": 2, "type": "created", "items": []}]}, "bio": ""}, {"id": "10264731", "photo": {"prefix": "https://igx.4sqi.net/img/user/", "suffix": "/YWIE0UZPOTFVD41F.jpg"}, "homeCity": "Boston, MA", "contact": {"facebook": "818550206"}, "firstName": "Sarah", "tips": {"count": 2}, "gender": "none", "lastName": "Fraenkel", "lists": {"groups": [{"count": 2, "type": "created", "items": []}]}, "bio": ""}, {"id": "371510", "photo": {"prefix": "https://igx.4sqi.net/img/user/", "suffix": "/S2CZMVXYG3QLBH31.jpg"}, "homeCity": "San Francisco, CA", "contact": {"twitter": "alexisbritt"}, "firstName": "alexis", "tips": {"count": 3}, "gender": "female", "lastName": "britt", "lists": {"groups": [{"count": 5, "type": "created", "items": []}]}, "bio": ""}, {"id": "7686899", "photo": {"prefix": "https://igx.4sqi.net/img/user/", "suffix": "/7686899_KWDu4pmv_tuwi3ApE0zYGo0QmBwRfqe0LBRmt6MqMURp38nNDysX80gMtJSF_p2rL4NNhZMZX.jpg"}, "homeCity": "Wheeling, WV", "contact": {"twitter": "kevkidwell"}, "firstName": "Kevin", "tips": {"count": 1}, "gender": "male", "lastName": "Kidwell", "lists": {"groups": [{"count": 2, "type": "created", "items": []}]}, "bio": ""}, {"id": "6462587", "photo": {"prefix": "https://igx.4sqi.net/img/user/", "suffix": "/GQQDVKH3DWN2PYZF.jpg"}, "homeCity": "San Francisco, CA", "contact": {"facebook": "691057803"}, "firstName": "Cavin", "tips": {"count": 4}, "gender": "male", "lastName": "The", "lists": {"groups": [{"count": 2, "type": "created", "items": []}]}, "bio": ""}, {"id": "61212758", "photo": {"prefix": "https://igx.4sqi.net/img/user/", "suffix": "/61212758-UF0TYGC1CDQUBW43.jpg"}, "homeCity": "Medan, Indonesia", "contact": {"facebook": "588594547"}, "firstName": "Sugianto", "tips": {"count": 0}, "gender": "male", "lastName": "Tan", "lists": {"groups": [{"count": 2, "type": "created", "items": []}]}, "bio": ""}, {"id": "5735790", "photo": {"prefix": "https://igx.4sqi.net/img/user/", "suffix": "/5735790-CWTEIJKG3K3FBWOW.jpg"}, "homeCity": "San Jose, CA", "contact": {"facebook": "522561914", "twitter": "farsid3pin0y"}, "firstName": "Brian", "tips": {"count": 1}, "gender": "male", "lastName": "Dublin", "lists": {"groups": [{"count": 2, "type": "created", "items": []}]}, "bio": ""}, {"id": "2834390", "photo": {"prefix": "https://igx.4sqi.net/img/user/", "suffix": "/HOR54MZTEVO01QZX.jpg"}, "homeCity": "Jakarta, Indonesia", "contact": {"facebook": "750702834", "twitter": "nihal_mirpuri"}, "firstName": "Nihal", "tips": {"count": 1}, "gender": "male", "lastName": "Mirpuri", "lists": {"groups": [{"count": 2, "type": "created", "items": []}]}, "bio": ""}, {"id": "51785123", "photo": {"prefix": "https://igx.4sqi.net/img/user/", "suffix": "/FC4CVWLPTGCQN5IW.jpg"}, "homeCity": "Auckland, E7", "contact": {}, "firstName": "Krystal Melati", "tips": {"count": 1}, "gender": "female", "lastName": "Parris", "lists": {"groups": [{"count": 2, "type": "created", "items": []}]}, "bio": ""}, {"id": "2901885", "photo": {"prefix": "https://igx.4sqi.net/img/user/", "suffix": "/EKE20RICEKHZ2OHQ.jpg"}, "homeCity": "Jakarta, Indonesia", "contact": {"facebook": "100000122274486", "twitter": "k4zuki"}, "firstName": "Peter", "tips": {"count": 2}, "gender": "male", "lastName": "Gani", "lists": {"groups": [{"count": 2, "type": "created", "items": []}]}, "bio": ""}, {"id": "69461153", "photo": {"prefix": "https://igx.4sqi.net/img/user/", "suffix": "/SKGY4UGVF221IAF5.jpg"}, "homeCity": "Toronto, 08", "contact": {"facebook": "529995385", "twitter": "tanvimalik12"}, "firstName": "Tanvi", "tips": {"count": 3}, "gender": "female", "lastName": "Malik", "lists": {"groups": [{"count": 2, "type": "created", "items": []}]}, "bio": ""}, {"id": "2989666", "photo": {"prefix": "https://igx.4sqi.net/img/user/", "suffix": "/BJ5SM3CMNBMJE30G.jpg"}, "homeCity": "Jakarta, Indonesia", "contact": {"twitter": "adrianuz"}, "firstName": "Stefanus", "tips": {"count": 1}, "gender": "male", "lastName": "Adrian", "lists": {"groups": [{"count": 2, "type": "created", "items": []}]}, "bio": ""}, {"id": "73955924", "photo": {"prefix": "https://igx.4sqi.net/img/user/", "suffix": "/73955924-DWHENK1ZXVOLWD3I.jpg"}, "homeCity": "San Francisco, California", "contact": {"facebook": "740960309"}, "firstName": "Marco", "tips": {"count": 0}, "gender": "male", "lastName": "Hermadi", "lists": {"groups": [{"count": 2, "type": "created", "items": []}]}, "bio": ""}, {"id": "57824", "photo": {"prefix": "https://igx.4sqi.net/img/user/", "default": true, "suffix": "/blank_girl.png"}, "homeCity": "San Francisco, CA", "contact": {}, "firstName": "zoe", "tips": {"count": 0}, "gender": "female", "lastName": "choi", "lists": {"groups": [{"count": 2, "type": "created", "items": []}]}, "bio": ""}, {"id": "2128037", "photo": {"prefix": "https://igx.4sqi.net/img/user/", "suffix": "/REFBWPD5ZQXXH3TD.jpg"}, "homeCity": "San Francisco", "contact": {"twitter": "ulrica_jovita"}, "firstName": "Ulrica Jovita", "tips": {"count": 3}, "gender": "female", "lastName": "Soenargo", "lists": {"groups": [{"count": 2, "type": "created", "items": []}]}, "bio": ""}, {"id": "1284308", "photo": {"prefix": "https://igx.4sqi.net/img/user/", "suffix": "/PJ43JAOBYCWXMZKE.jpg"}, "homeCity": "Jakarta Pusat, Indonesia", "contact": {"twitter": "marshayahya"}, "firstName": "Marsha", "tips": {"count": 5}, "gender": "female", "lastName": "Yahya", "lists": {"groups": [{"count": 2, "type": "created", "items": []}]}, "bio": ""}, {"id": "2763944", "photo": {"prefix": "https://igx.4sqi.net/img/user/", "suffix": "/APXOZZEUD5CBC1NM.jpg"}, "homeCity": "Jakarta, Indonesia", "contact": {"twitter": "irenaflorencia"}, "firstName": "florencia", "tips": {"count": 0}, "gender": "female", "lastName": "irena", "lists": {"groups": [{"count": 2, "type": "created", "items": []}]}, "bio": ""}, {"id": "32051274", "photo": {"prefix": "https://igx.4sqi.net/img/user/", "default": true, "suffix": "/blank_girl.png"}, "homeCity": "San Francisco, CA", "contact": {"facebook": "1666878914"}, "firstName": "Mizuki", "tips": {"count": 0}, "gender": "female", "lists": {"groups": [{"count": 2, "type": "created", "items": []}]}, "bio": ""}, {"id": "143847588", "photo": {"prefix": "https://igx.4sqi.net/img/user/", "suffix": "/143847588-PVSRSFSYFWIAXI5K.jpg"}, "homeCity": "New York, NY", "contact": {}, "firstName": "Karen", "tips": {"count": 0}, "gender": "female", "lastName": "Setiawan", "lists": {"groups": [{"count": 2, "type": "created", "items": []}]}, "bio": ""}, {"id": "18432187", "photo": {"prefix": "https://igx.4sqi.net/img/user/", "suffix": "/UF1P0JW1I0G42VVC.jpg"}, "homeCity": "Singapore", "contact": {"facebook": "829515191", "twitter": "smichelleee"}, "firstName": "Stephanie Michelle", "tips": {"count": 0}, "gender": "female", "lastName": "Hendrawan", "lists": {"groups": [{"count": 2, "type": "created", "items": []}]}, "bio": ""}, {"id": "9414452", "photo": {"prefix": "https://igx.4sqi.net/img/user/", "suffix": "/9414452-HM3V0VMBLTK5NRX3.jpg"}, "homeCity": "New York, NY", "contact": {}, "firstName": "Veronica", "tips": {"count": 0}, "gender": "female", "lastName": "Sidjono", "lists": {"groups": [{"count": 2, "type": "created", "items": []}]}, "bio": ""}, {"id": "126521996", "photo": {"prefix": "https://igx.4sqi.net/img/user/", "suffix": "/126521996-CZF52FSLFY41C15O.jpg"}, "homeCity": "San Francisco, California", "contact": {"facebook": "10206847271366658"}, "firstName": "Riley", "tips": {"count": 0}, "gender": "male", "lastName": "Swingle", "lists": {"groups": [{"count": 2, "type": "created", "items": []}]}, "bio": ""}, {"id": "12713279", "photo": {"prefix": "https://igx.4sqi.net/img/user/", "suffix": "/I22UGVJIX1ZSDKOP.jpg"}, "homeCity": "South Korea", "contact": {"facebook": "100001901481602", "twitter": "blehsoo1"}, "firstName": "Soo-Whan", "tips": {"count": 0}, "gender": "male", "lastName": "Lee", "lists": {"groups": [{"count": 2, "type": "created", "items": []}]}, "bio": ""}, {"id": "19276434", "photo": {"prefix": "https://igx.4sqi.net/img/user/", "suffix": "/3X0IB0FZYQ1E32LM.jpg"}, "homeCity": "NY", "contact": {"facebook": "1138933169", "twitter": "ichaamelissaa"}, "firstName": "Melissa", "tips": {"count": 0}, "gender": "female", "lastName": "Elisabeth", "lists": {"groups": [{"count": 2, "type": "created", "items": []}]}, "bio": ""}, {"id": "25987998", "photo": {"prefix": "https://igx.4sqi.net/img/user/", "suffix": "/TRAKQS1JA05Z1HM2.jpg"}, "homeCity": "los Angeles ", "contact": {}, "firstName": "Robert", "tips": {"count": 0}, "gender": "male", "lastName": "Kwok", "lists": {"groups": [{"count": 2, "type": "created", "items": []}]}, "bio": ""}, {"id": "17693287", "photo": {"prefix": "https://igx.4sqi.net/img/user/", "suffix": "/17693287-U5WQZHKMO0SGGZD0.jpg"}, "homeCity": "\u30b8\u30e3\u30ab\u30eb\u30bf. \u30c9\u30d0\u30a4\u3001\u540d\u53e4\u5c4b& \u91d1\u6ca2", "contact": {"twitter": "yumiati_miumama"}, "firstName": "Miumama \u029a\u2665\u20db\u025e", "tips": {"count": 39}, "gender": "female", "lists": {"groups": [{"count": 31, "type": "created", "items": []}]}, "bio": "\u91d1\u6ca2\u51fa\u8eab\u3001\u30b8\u30e3\u30ab\u30eb\u30bf\u5728\u4f4f"}, {"id": "12999575", "photo": {"prefix": "https://igx.4sqi.net/img/user/", "suffix": "/R4ZZJBL5VNOLVWCC.jpg"}, "homeCity": "Atlanta, GA", "contact": {"facebook": "737786729"}, "firstName": "Rushad", "tips": {"count": 2}, "gender": "male", "lastName": "Heerjee", "lists": {"groups": [{"count": 2, "type": "created", "items": []}]}, "bio": ""}, {"id": "12250166", "photo": {"prefix": "https://igx.4sqi.net/img/user/", "suffix": "/M0NVCOXZYJT5LTGV.jpg"}, "homeCity": "\uc11c\uc6b8\ud2b9\ubcc4\uc2dc, \ub300\ud55c\ubbfc\uad6d", "contact": {"facebook": "626650128"}, "firstName": "Hyun Kyu", "tips": {"count": 3}, "gender": "male", "lastName": "Choi", "lists": {"groups": [{"count": 2, "type": "created", "items": []}]}, "bio": ""}, {"id": "2937088", "photo": {"prefix": "https://igx.4sqi.net/img/user/", "suffix": "/XZ2TJONU4FIZKCLH.jpg"}, "homeCity": "Jakarta, Indonesia", "contact": {"facebook": "1126261411", "twitter": "kiranadhitya"}, "firstName": "Kiran Adhitya", "tips": {"count": 1}, "gender": "male", "lastName": "Sarensa", "lists": {"groups": [{"count": 2, "type": "created", "items": []}]}, "bio": ""}, {"id": "3330159", "photo": {"prefix": "https://igx.4sqi.net/img/user/", "suffix": "/5ADOB3MGXHUH0ZHK.jpg"}, "homeCity": "Pondok Aren, Indonesia", "contact": {}, "firstName": "Dwee", "tips": {"count": 1}, "gender": "none", "lists": {"groups": [{"count": 2, "type": "created", "items": []}]}, "bio": ""}, {"id": "74631231", "photo": {"prefix": "https://igx.4sqi.net/img/user/", "suffix": "/74631231-DYS1NYFI44WGG2S5.jpg"}, "homeCity": "Chennai, Tamil N\u0101du", "contact": {"facebook": "1012436261"}, "firstName": "Vihita", "tips": {"count": 0}, "gender": "female", "lastName": "Janarthanan", "lists": {"groups": [{"count": 2, "type": "created", "items": []}]}, "bio": ""}, {"id": "81368841", "photo": {"prefix": "https://igx.4sqi.net/img/user/", "default": true, "suffix": "/blank_girl.png"}, "homeCity": "Jakarta, Daerah Khusus Ibukota Jakarta", "contact": {"facebook": "1471534473", "twitter": "n_handajani"}, "firstName": "Natalia", "tips": {"count": 0}, "gender": "female", "lastName": "Handayani", "lists": {"groups": [{"count": 2, "type": "created", "items": []}]}, "bio": ""}, {"id": "86621426", "photo": {"prefix": "https://igx.4sqi.net/img/user/", "suffix": "/86621426-Y2NKUMI3OPYSKUYU.jpg"}, "homeCity": "San Francisco, CA", "contact": {"facebook": "634750075"}, "firstName": "Kobra", "tips": {"count": 0}, "gender": "male", "lastName": "Kai", "lists": {"groups": [{"count": 2, "type": "created", "items": []}]}, "bio": ""}, {"id": "1548696", "photo": {"prefix": "https://igx.4sqi.net/img/user/", "suffix": "/SKJ3K31LHBNWQRSP.jpg"}, "homeCity": "Los Angeles", "contact": {"facebook": "751204089"}, "firstName": "Tiffany", "tips": {"count": 0}, "gender": "female", "lastName": "Putri", "lists": {"groups": [{"count": 2, "type": "created", "items": []}]}, "bio": ""}, {"id": "3031556", "photo": {"prefix": "https://igx.4sqi.net/img/user/", "suffix": "/41SHI2LR2XRU5XFN.jpg"}, "homeCity": "Melbourne, Australia", "contact": {"twitter": "gung2"}, "firstName": "Gung2", "tips": {"count": 7}, "gender": "male", "lists": {"groups": [{"count": 2, "type": "created", "items": []}]}, "bio": "Travels as often as he forgets to check-in on Foursquare."}, {"id": "32195778", "photo": {"prefix": "https://igx.4sqi.net/img/user/", "suffix": "/M2EAYFHD4PH1JNRC.jpg"}, "homeCity": "Milan, Italy ", "contact": {"facebook": "541840738"}, "firstName": "Chikara", "tips": {"count": 0}, "gender": "female", "lists": {"groups": [{"count": 3, "type": "created", "items": []}]}, "bio": ""}, {"id": "18456024", "photo": {"prefix": "https://igx.4sqi.net/img/user/", "suffix": "/3UVSJBFQAVGK5MTY.jpg"}, "homeCity": "Jakarta, Indonesia", "contact": {"facebook": "1431962149", "twitter": "liecarloslessy"}, "firstName": "Lie Carlos", "tips": {"count": 4}, "gender": "male", "lastName": "Lessy", "lists": {"groups": [{"count": 2, "type": "created", "items": []}]}, "bio": ""}, {"id": "15992890", "photo": {"prefix": "https://igx.4sqi.net/img/user/", "default": true, "suffix": "/blank_boy.png"}, "homeCity": "Waterloo, Canada", "contact": {"facebook": "822210245"}, "firstName": "Vishal", "tips": {"count": 0}, "gender": "male", "lastName": "Krishna", "lists": {"groups": [{"count": 2, "type": "created", "items": []}]}, "bio": ""}, {"id": "18484895", "photo": {"prefix": "https://igx.4sqi.net/img/user/", "suffix": "/LWCCUYRIZAY2OWAW.jpg"}, "homeCity": "CA", "contact": {"facebook": "100001504795518"}, "firstName": "Stephen MaxaMillian", "tips": {"count": 0}, "gender": "male", "lastName": "Cobos", "lists": {"groups": [{"count": 2, "type": "created", "items": []}]}, "bio": ""}, {"id": "50284920", "photo": {"prefix": "https://igx.4sqi.net/img/user/", "suffix": "/OGYODVCBJVGD4LNR.jpg"}, "homeCity": "Santa Rosa, CA", "contact": {"facebook": "606362236"}, "firstName": "Sarah", "tips": {"count": 0}, "gender": "female", "lastName": "Brickey", "lists": {"groups": [{"count": 2, "type": "created", "items": []}]}, "bio": ""}, {"id": "17810765", "photo": {"prefix": "https://igx.4sqi.net/img/user/", "suffix": "/S0GADU54AIBLG0PQ.jpg"}, "homeCity": "San Francisco, CA", "contact": {"facebook": "1620439101", "twitter": "thobbisveins"}, "firstName": "Thorvaldur", "tips": {"count": 3}, "gender": "male", "lastName": "Sveinsson", "lists": {"groups": [{"count": 2, "type": "created", "items": []}]}, "bio": ""}, {"id": "27294213", "photo": {"prefix": "https://igx.4sqi.net/img/user/", "suffix": "/1OXIEHR2YZEQM3GC.jpg"}, "homeCity": "Delhi", "contact": {"facebook": "501570674"}, "firstName": "Ishaan", "tips": {"count": 0}, "gender": "male", "lastName": "Singh", "lists": {"groups": [{"count": 2, "type": "created", "items": []}]}, "bio": ""}, {"id": "9721834", "photo": {"prefix": "https://igx.4sqi.net/img/user/", "suffix": "/9721834-2MGSUYMCPKOJN2XP.jpg"}, "homeCity": "Singapore", "contact": {}, "firstName": "Denise", "tips": {"count": 46}, "gender": "female", "lists": {"groups": [{"count": 11, "type": "created", "items": []}]}, "bio": ""}, {"id": "3334255", "photo": {"prefix": "https://igx.4sqi.net/img/user/", "suffix": "/3334255-45OCKRNURWQJKPVH.jpg"}, "homeCity": "Batam, Indonesia", "contact": {"facebook": "1200882093", "twitter": "roykalangi"}, "firstName": "Roy", "tips": {"count": 2}, "gender": "male", "lastName": "Kalangi", "lists": {"groups": [{"count": 2, "type": "created", "items": []}]}, "bio": ""}, {"id": "81765438", "photo": {"prefix": "https://igx.4sqi.net/img/user/", "suffix": "/81765438-ZYOTZC2A30GYYV41.jpg"}, "homeCity": "Daly City, CA", "contact": {"facebook": "100000089552668"}, "firstName": "Viviani", "tips": {"count": 0}, "gender": "female", "lastName": "Ko", "lists": {"groups": [{"count": 2, "type": "created", "items": []}]}, "bio": ""}, {"id": "1624944", "photo": {"prefix": "https://igx.4sqi.net/img/user/", "suffix": "/1624944-JDT51D35CVHSM01K.jpg"}, "homeCity": "NYC", "contact": {"facebook": "715467344", "twitter": "vckywngs"}, "firstName": "vicky", "tips": {"count": 0}, "gender": "female", "lastName": "wongso", "lists": {"groups": [{"count": 2, "type": "created", "items": []}]}, "bio": ""}, {"id": "3273352", "photo": {"prefix": "https://igx.4sqi.net/img/user/", "suffix": "/J1DO4BSUUP2UK4H2.jpg"}, "homeCity": "Jakarta, Indonesia", "contact": {"twitter": "alexagita"}, "firstName": "Devy", "tips": {"count": 7}, "gender": "female", "lastName": "Alexandra", "lists": {"groups": [{"count": 3, "type": "created", "items": []}]}, "bio": "16"}, {"id": "33618047", "photo": {"prefix": "https://igx.4sqi.net/img/user/", "suffix": "/33618047-ILUOJDGCNOQJBZRZ.jpg"}, "homeCity": "Jakarta Raya", "contact": {"twitter": "sakuraengrwrtni"}, "firstName": "Uzacaiy", "tips": {"count": 5}, "gender": "female", "lists": {"groups": [{"count": 2, "type": "created", "items": []}]}, "bio": ""}, {"id": "41373060", "photo": {"prefix": "https://igx.4sqi.net/img/user/", "suffix": "/XDCA2HCTBMKG50YV.jpg"}, "homeCity": "San Francisco, CA", "contact": {"facebook": "1013560236", "twitter": "rainersoenargo"}, "firstName": "Rainer", "tips": {"count": 0}, "gender": "male", "lastName": "Soenargo", "lists": {"groups": [{"count": 3, "type": "created", "items": []}]}, "bio": ""}, {"id": "22104895", "photo": {"prefix": "https://igx.4sqi.net/img/user/", "suffix": "/U01FNSZGIYWI0U22.jpg"}, "homeCity": "San Francisco Ca", "contact": {"facebook": "1582410069"}, "firstName": "Sam", "tips": {"count": 3}, "gender": "male", "lastName": "Evans", "lists": {"groups": [{"count": 2, "type": "created", "items": []}]}, "bio": ""}, {"id": "50289255", "photo": {"prefix": "https://igx.4sqi.net/img/user/", "suffix": "/2QLMG2HPFUTDNYSI.jpg"}, "homeCity": "", "contact": {"facebook": "100003745664629"}, "firstName": "Jennifer", "tips": {"count": 0}, "gender": "female", "lastName": "Gunawan", "lists": {"groups": [{"count": 2, "type": "created", "items": []}]}, "bio": ""}, {"id": "69156046", "photo": {"prefix": "https://igx.4sqi.net/img/user/", "suffix": "/69156046-05T4GNMQY3IOFUBX.jpg"}, "homeCity": "Jakarta", "contact": {}, "firstName": "Andrew", "tips": {"count": 3}, "gender": "male", "lastName": "Tanudji", "lists": {"groups": [{"count": 2, "type": "created", "items": []}]}, "bio": ""}, {"id": "9778842", "photo": {"prefix": "https://igx.4sqi.net/img/user/", "suffix": "/9778842-VIT2F3Y3J5EQBPNZ.jpg"}, "homeCity": "NY", "contact": {}, "firstName": "Stefanny", "tips": {"count": 1}, "gender": "female", "lastName": "Barselia", "lists": {"groups": [{"count": 3, "type": "created", "items": []}]}, "bio": ""}, {"id": "4819975", "photo": {"prefix": "https://igx.4sqi.net/img/user/", "suffix": "/4819975-EVS5TGIMELZRKTEH.jpg"}, "homeCity": "Nishitokyoshi, Tokyo, Japan", "contact": {"facebook": "768298957"}, "firstName": "Jae Young", "tips": {"count": 0}, "gender": "male", "lastName": "Park", "lists": {"groups": [{"count": 2, "type": "created", "items": []}]}, "bio": ""}, {"id": "81791581", "photo": {"prefix": "https://igx.4sqi.net/img/user/", "suffix": "/81791581-EBNHXFM4C4KQSZUW.jpg"}, "homeCity": "", "contact": {}, "firstName": "Chana", "tips": {"count": 0}, "gender": "female", "lastName": "Nicholas", "lists": {"groups": [{"count": 2, "type": "created", "items": []}]}, "bio": ""}, {"id": "1630659", "photo": {"prefix": "https://igx.4sqi.net/img/user/", "suffix": "/VB3R2KU142AMLWXV.jpg"}, "homeCity": "San Francisco, CA", "contact": {"facebook": "10152652403807000", "twitter": "tonyep"}, "firstName": "Tony", "tips": {"count": 1}, "superuser": 2, "gender": "male", "lastName": "Ep", "lists": {"groups": [{"count": 2, "type": "created", "items": []}]}, "bio": ""}, {"id": "3498011", "photo": {"prefix": "https://igx.4sqi.net/img/user/", "suffix": "/I0OZBB0ZNPRDDDBF.jpg"}, "homeCity": "San Francisco, CA", "contact": {"facebook": "577769363", "twitter": "saysillia"}, "firstName": "Cecilia", "tips": {"count": 0}, "gender": "female", "lists": {"groups": [{"count": 2, "type": "created", "items": []}]}, "bio": ""}, {"id": "45607320", "photo": {"prefix": "https://igx.4sqi.net/img/user/", "suffix": "/45607320-QRX4H40UFBE2PNJL.jpg"}, "homeCity": "San Francisco, CA", "contact": {"facebook": "525978357"}, "firstName": "Mackie", "tips": {"count": 2}, "gender": "female", "lastName": "H", "lists": {"groups": [{"count": 3, "type": "created", "items": []}]}, "bio": ""}, {"id": "24717281", "photo": {"prefix": "https://igx.4sqi.net/img/user/", "suffix": "/1FECCBIRZP0QCYWC.jpg"}, "homeCity": "Indonesia", "contact": {"facebook": "1130803103"}, "firstName": "Catty", "tips": {"count": 0}, "gender": "female", "lastName": "Matsuda", "lists": {"groups": [{"count": 2, "type": "created", "items": []}]}, "bio": ""}, {"id": "89072640", "photo": {"prefix": "https://igx.4sqi.net/img/user/", "suffix": "/89072640-SWF5EAJ2F2TGLTYC.jpg"}, "homeCity": "Canela, RS", "contact": {"facebook": "100001480215299", "twitter": "hojoaoo"}, "firstName": "Jo\u00e3o", "tips": {"count": 0}, "gender": "male", "lastName": "Fernandes", "lists": {"groups": [{"count": 2, "type": "created", "items": []}]}, "bio": ""}, {"id": "82720618", "photo": {"prefix": "https://igx.4sqi.net/img/user/", "suffix": "/82720618-DPNKPJZAZEJXMQUW.jpg"}, "homeCity": "San Francisco, California", "contact": {"facebook": "100000422124361", "twitter": "noturibe"}, "firstName": "Johnatan", "tips": {"count": 3}, "gender": "male", "lastName": "Uribe", "lists": {"groups": [{"count": 2, "type": "created", "items": []}]}, "bio": ""}, {"id": "2039794", "photo": {"prefix": "https://igx.4sqi.net/img/user/", "suffix": "/WZTTJ5ATLV0VNOTI.jpg"}, "homeCity": "Jakarta Capital Region, Jakarta Capital Regi", "contact": {"facebook": "527675999"}, "firstName": "David", "tips": {"count": 1}, "gender": "male", "lastName": "O", "lists": {"groups": [{"count": 2, "type": "created", "items": []}]}, "bio": ""}, {"id": "15022698", "photo": {"prefix": "https://igx.4sqi.net/img/user/", "suffix": "/VPDFWZTDF3LMJKGE.jpg"}, "homeCity": "San Francisco, CA", "contact": {"twitter": "silviapratama"}, "firstName": "Silvia", "tips": {"count": 0}, "gender": "female", "lastName": "Pratama", "lists": {"groups": [{"count": 2, "type": "created", "items": []}]}, "bio": ""}, {"id": "76976124", "photo": {"prefix": "https://igx.4sqi.net/img/user/", "suffix": "/76976124-5TYNFDSYDL1EHXPP.jpg"}, "homeCity": "San Francisco, CA", "contact": {"facebook": "100001431449037"}, "firstName": "Gloria", "tips": {"count": 0}, "gender": "female", "lastName": "Sukamto", "lists": {"groups": [{"count": 2, "type": "created", "items": []}]}, "bio": ""}, {"id": "114148217", "photo": {"prefix": "https://igx.4sqi.net/img/user/", "suffix": "/114148217-NT4NKS0JZUPGFCRA.jpg"}, "homeCity": "San Francisco, California", "contact": {"facebook": "10155177841160637"}, "firstName": "Icha", "tips": {"count": 0}, "gender": "female", "lastName": "Zalika", "lists": {"groups": [{"count": 2, "type": "created", "items": []}]}, "bio": ""}, {"id": "3996263", "photo": {"prefix": "https://igx.4sqi.net/img/user/", "suffix": "/HNPJBXSA2STQKKVM.jpg"}, "homeCity": "New York, NY", "contact": {"twitter": "dionddd"}, "firstName": "Dionisius", "tips": {"count": 0}, "gender": "male", "lastName": "Djohan", "lists": {"groups": [{"count": 2, "type": "created", "items": []}]}, "bio": ""}, {"id": "24662410", "photo": {"prefix": "https://igx.4sqi.net/img/user/", "suffix": "/0OQLDNHGXBBBDIPQ.jpg"}, "homeCity": "Mountain View, CA", "contact": {"facebook": "1428640014"}, "firstName": "Illusio", "tips": {"count": 6}, "gender": "female", "lastName": "Lim", "lists": {"groups": [{"count": 2, "type": "created", "items": []}]}, "bio": ""}, {"id": "142979257", "photo": {"prefix": "https://igx.4sqi.net/img/user/", "suffix": "/142979257-2JT0R3YLPAFRYOEH.jpg"}, "homeCity": "", "contact": {"facebook": "10204886540990944"}, "firstName": "Kelly", "tips": {"count": 0}, "gender": "female", "lastName": "Kim", "lists": {"groups": [{"count": 2, "type": "created", "items": []}]}, "bio": ""}, {"id": "15315393", "photo": {"prefix": "https://igx.4sqi.net/img/user/", "default": true, "suffix": "/blank_boy.png"}, "homeCity": "Jakarta, Indonesia", "contact": {"twitter": "hendry_t"}, "firstName": "Hendry", "tips": {"count": 0}, "gender": "male", "lastName": "Thio", "lists": {"groups": [{"count": 2, "type": "created", "items": []}]}, "bio": ""}, {"id": "31251655", "photo": {"prefix": "https://igx.4sqi.net/img/user/", "suffix": "/31251655-1ZYANJE0DAZD1OGT.jpg"}, "homeCity": "Jawa Timur", "contact": {"twitter": "bellk_"}, "firstName": "Bella", "tips": {"count": 2}, "gender": "female", "lastName": "Kurniawan", "lists": {"groups": [{"count": 2, "type": "created", "items": []}]}, "bio": ""}, {"id": "52784479", "photo": {"prefix": "https://igx.4sqi.net/img/user/", "suffix": "/TSPYJYWDUTSTGARY.jpg"}, "homeCity": "Evanston, Illinois", "contact": {"facebook": "733945133"}, "firstName": "Nicha", "tips": {"count": 0}, "gender": "female", "lastName": "Ruchirawat", "lists": {"groups": [{"count": 2, "type": "created", "items": []}]}, "bio": ""}]}, "checksum": "72109d48ed6015d61cd042f23e5592e5ff0c7655"}}