{"notifications": [{"type": "notificationTray", "item": {"unreadCount": 0}}], "response": {"friends": {"items": [{"tips": {"count": 6}, "contact": {"twitter": "rama_garcia", "facebook": "551109412"}, "firstName": "Ramiro", "gender": "male", "lastName": "Garcia", "id": "11595524", "bio": "", "photo": {"prefix": "https://igx.4sqi.net/img/user/", "suffix": "/2UCMQNKJVBR1S5VF.jpg"}, "homeCity": "Ciudad Aut\u00f3noma de Buenos Aires, Argentina", "lists": {"groups": [{"items": [], "count": 2, "type": "created"}]}}, {"tips": {"count": 0}, "contact": {"facebook": "100001111766750"}, "firstName": "Daniel", "gender": "male", "lastName": "Ortiz", "id": "4319388", "bio": "", "photo": {"prefix": "https://igx.4sqi.net/img/user/", "suffix": "/OS5TCJR4YRIQZAHQ.jpg"}, "homeCity": "Lima, Peru", "lists": {"groups": [{"items": [], "count": 2, "type": "created"}]}}, {"tips": {"count": 1}, "contact": {"facebook": "523835319"}, "firstName": "kari", "gender": "female", "lastName": "kari", "id": "11339166", "bio": "", "photo": {"prefix": "https://igx.4sqi.net/img/user/", "suffix": "/TTZ511S4NWR2NFL3.jpg"}, "homeCity": "Lima, Peru", "lists": {"groups": [{"items": [], "count": 2, "type": "created"}]}}, {"tips": {"count": 0}, "contact": {"twitter": "flipdiao", "facebook": "510474749"}, "firstName": "Philipe", "gender": "male", "lastName": "Diao", "id": "425415", "bio": "", "photo": {"prefix": "https://igx.4sqi.net/img/user/", "suffix": "/W1G0LTCVWZEIQJO4.jpg"}, "homeCity": "Chicago, IL", "lists": {"groups": [{"items": [], "count": 2, "type": "created"}]}}, {"tips": {"count": 4}, "contact": {"facebook": "10154191291923755"}, "firstName": "Tolish", "gender": "female", "id": "12231195", "bio": "", "photo": {"prefix": "https://igx.4sqi.net/img/user/", "suffix": "/12231195-C05HTJ2LEEDJOIEU.jpg"}, "homeCity": "Lima, Peru", "lists": {"groups": [{"items": [], "count": 4, "type": "created"}]}}, {"tips": {"count": 9}, "contact": {"twitter": "gbarnechea", "facebook": "544217468"}, "firstName": "Gaston", "gender": "male", "lastName": "Barnechea", "id": "12061581", "bio": "", "photo": {"prefix": "https://igx.4sqi.net/img/user/", "suffix": "/A4AELEN52RTLTBWX.jpg"}, "homeCity": "Bogot\u00e1, Colombia", "lists": {"groups": [{"items": [], "count": 4, "type": "created"}]}}, {"tips": {"count": 8}, "contact": {}, "firstName": "Mario", "gender": "male", "lastName": "Anchorena Aitken", "id": "12308490", "bio": "", "photo": {"prefix": "https://igx.4sqi.net/img/user/", "suffix": "/OGER3GS0BV1W3U1W.jpg"}, "homeCity": "Lima", "lists": {"groups": [{"items": [], "count": 2, "type": "created"}]}}, {"tips": {"count": 1}, "contact": {"facebook": "718904992"}, "firstName": "Henry", "gender": "male", "lastName": "Gates", "id": "59389348", "bio": "", "photo": {"prefix": "https://igx.4sqi.net/img/user/", "suffix": "/5PI4DXKOF3Y4TQT4.jpg"}, "homeCity": "Lima, LMA", "lists": {"groups": [{"items": [], "count": 2, "type": "created"}]}}, {"tips": {"count": 0}, "contact": {"facebook": "1681255576"}, "firstName": "Javier", "gender": "male", "lastName": "Ascue", "id": "9837266", "bio": "", "photo": {"prefix": "https://igx.4sqi.net/img/user/", "suffix": "/LGH35E43ULEYNCRG.jpg"}, "homeCity": "Lima, Peru", "lists": {"groups": [{"items": [], "count": 2, "type": "created"}]}}, {"tips": {"count": 18}, "contact": {"twitter": "baparadipinguer", "facebook": "877430556"}, "firstName": "Diego", "gender": "male", "lastName": "\ue105", "id": "3876387", "bio": "", "photo": {"prefix": "https://igx.4sqi.net/img/user/", "suffix": "/0AB0KSLCP1EADGV5.jpg"}, "homeCity": "Ciudad de M\u00e9xico, Mexico", "lists": {"groups": [{"items": [], "count": 2, "type": "created"}]}}, {"tips": {"count": 22}, "contact": {"twitter": "nicogoldstein", "facebook": "10155365803835593"}, "firstName": "Nicol\u00e1s", "gender": "male", "lastName": "Goldstein", "id": "381430", "bio": "", "photo": {"prefix": "https://igx.4sqi.net/img/user/", "suffix": "/381430-DKSIPAVVODMIJX3M.jpg"}, "homeCity": "Buenos Aires", "lists": {"groups": [{"items": [], "count": 2, "type": "created"}]}}, {"tips": {"count": 44}, "contact": {}, "firstName": "Nelos", "gender": "male", "lastName": "Cisneros", "id": "1780233", "bio": "Under construction", "photo": {"prefix": "https://igx.4sqi.net/img/user/", "suffix": "/KIHJRPG5FCAQ0L2Z.jpg"}, "homeCity": "", "lists": {"groups": [{"items": [], "count": 2, "type": "created"}]}}, {"tips": {"count": 3}, "contact": {"twitter": "paulaceballos"}, "firstName": "Paula", "gender": "female", "lastName": "Ceballos", "id": "1048888", "bio": "", "photo": {"prefix": "https://igx.4sqi.net/img/user/", "suffix": "/3XGGZANED0CXMLVP.jpg"}, "homeCity": "Chicago, IL", "lists": {"groups": [{"items": [], "count": 2, "type": "created"}]}}, {"tips": {"count": 0}, "contact": {"facebook": "630307024"}, "firstName": "Tato", "gender": "male", "lastName": "Lavandera", "id": "14939120", "bio": "", "photo": {"prefix": "https://igx.4sqi.net/img/user/", "suffix": "/00K4GYV3SGLCN3ML.jpg"}, "homeCity": "Ciudad Aut\u00f3noma de Buenos Aires, Argentina", "lists": {"groups": [{"items": [], "count": 2, "type": "created"}]}}, {"tips": {"count": 3}, "contact": {"twitter": "cduranl", "facebook": "608084987"}, "firstName": "Cristian", "gender": "male", "lastName": "Duran", "id": "844298", "bio": "", "photo": {"prefix": "https://igx.4sqi.net/img/user/", "suffix": "/TQB31HUWX3NQEO0E.jpg"}, "homeCity": "Chicago, IL", "lists": {"groups": [{"items": [], "count": 2, "type": "created"}]}}, {"tips": {"count": 0}, "contact": {"twitter": "pipezuazola", "facebook": "614950147"}, "firstName": "Felipe", "gender": "male", "lastName": "Zuazola", "id": "8710476", "bio": "", "photo": {"prefix": "https://igx.4sqi.net/img/user/", "suffix": "/FBY4LDBDTNQJSX4O.jpg"}, "homeCity": "Santiago, Chile", "lists": {"groups": [{"items": [], "count": 2, "type": "created"}]}}, {"tips": {"count": 5}, "contact": {}, "firstName": "TURBORICUA", "gender": "male", "id": "567429", "bio": "", "photo": {"prefix": "https://igx.4sqi.net/img/user/", "suffix": "/ZOYEG4UHCVQGQHUY.jpg"}, "homeCity": "San Juan", "lists": {"groups": [{"items": [], "count": 2, "type": "created"}]}}, {"tips": {"count": 4}, "contact": {"twitter": "efenoza", "facebook": "715805515"}, "firstName": "Francisco", "gender": "male", "lastName": "Espinoza  V.", "id": "8300057", "bio": "", "photo": {"prefix": "https://igx.4sqi.net/img/user/", "suffix": "/8300057-PBNMQPAXXYZFAI2H.jpg"}, "homeCity": "Lima, Per\u00fa", "lists": {"groups": [{"items": [], "count": 2, "type": "created"}]}}, {"tips": {"count": 1}, "contact": {"facebook": "100001243363359"}, "firstName": "Zoila", "gender": "female", "lastName": "Denegri", "id": "50294489", "bio": "", "photo": {"prefix": "https://igx.4sqi.net/img/user/", "suffix": "/DQONL0Z3OVXCRYAF.jpg"}, "homeCity": "Lima, Provincia de Lima", "lists": {"groups": [{"items": [], "count": 2, "type": "created"}]}}, {"tips": {"count": 0}, "contact": {"facebook": "855675577"}, "firstName": "Coqui", "gender": "male", "lastName": "Soto", "id": "12164174", "bio": "", "photo": {"prefix": "https://igx.4sqi.net/img/user/", "suffix": "/DBIXLXJ2KKSKVYOF.jpg"}, "homeCity": "Lima, Peru", "lists": {"groups": [{"items": [], "count": 2, "type": "created"}]}}, {"tips": {"count": 1}, "contact": {"facebook": "674242806"}, "firstName": "Patricio", "gender": "male", "lastName": "Lovato", "id": "15118653", "bio": "", "photo": {"prefix": "https://igx.4sqi.net/img/user/", "suffix": "/NPUV3QYUWZ0I0FMS.jpg"}, "homeCity": "Suer\u00ed 4700-4800, Ciudad Aut\u00f3noma de Buenos Aires, Argentina", "lists": {"groups": [{"items": [], "count": 2, "type": "created"}]}}, {"tips": {"count": 0}, "contact": {"twitter": "pablojimenez", "facebook": "600892540"}, "firstName": "Pablo", "gender": "male", "lastName": "Jimenez", "id": "1081992", "bio": "\u0394ssociate Creative Direct\u00f8r from #Madrid living in #Chicag\u00f8. Always having fun.", "photo": {"prefix": "https://igx.4sqi.net/img/user/", "suffix": "/1081992-IAHVO1SAVZGDHZSP.jpg"}, "homeCity": "Chicago, IL", "lists": {"groups": [{"items": [], "count": 2, "type": "created"}]}}, {"tips": {"count": 0}, "contact": {"facebook": "580822270"}, "firstName": "Yasu Arakaki", "gender": "male", "id": "15379006", "bio": "", "photo": {"prefix": "https://igx.4sqi.net/img/user/", "suffix": "/HTJLKTBJGP1QPNCV.jpg"}, "homeCity": "Lima, Peru", "lists": {"groups": [{"items": [], "count": 2, "type": "created"}]}}, {"tips": {"count": 14}, "contact": {}, "firstName": "P.", "gender": "male", "lastName": "F.", "id": "2065100", "bio": "", "photo": {"prefix": "https://igx.4sqi.net/img/user/", "suffix": "/2065100-CTSCDQJBRS03IJLY.jpg"}, "homeCity": "MEXICO CITY", "lists": {"groups": [{"items": [], "count": 2, "type": "created"}]}}, {"tips": {"count": 17}, "contact": {"facebook": "615621485"}, "firstName": "Giuseppe", "gender": "male", "lastName": "Solari", "id": "12328344", "bio": "", "photo": {"prefix": "https://igx.4sqi.net/img/user/", "suffix": "/PC2SLV1DFIKCLMRP.jpg"}, "homeCity": "San Borja, Peru", "lists": {"groups": [{"items": [], "count": 2, "type": "created"}]}}, {"tips": {"count": 7}, "contact": {"facebook": "100002095984080"}, "firstName": "Lulu", "gender": "female", "lastName": "Gutierrez", "id": "13381863", "bio": "", "photo": {"prefix": "https://igx.4sqi.net/img/user/", "suffix": "/I0WR3XKHNAHEXA3E.jpg"}, "homeCity": "Chicago, IL", "lists": {"groups": [{"items": [], "count": 2, "type": "created"}]}}, {"tips": {"count": 2}, "contact": {"twitter": "andre362", "facebook": "10152790473786636"}, "firstName": "Andr\u00e9", "gender": "male", "lastName": "Toledo", "id": "3338822", "bio": "", "photo": {"prefix": "https://igx.4sqi.net/img/user/", "suffix": "/3338822-QHRT5UPDEGKJHDSC.jpg"}, "homeCity": "Lima, Peru", "lists": {"groups": [{"items": [], "count": 2, "type": "created"}]}}, {"tips": {"count": 1}, "contact": {"facebook": "637370952"}, "firstName": "miguel", "gender": "male", "lastName": "Balarezo", "id": "8707601", "bio": "", "photo": {"prefix": "https://igx.4sqi.net/img/user/", "suffix": "/0OOJC2AIFZ2CO145.jpg"}, "homeCity": "Lima, Peru", "lists": {"groups": [{"items": [], "count": 2, "type": "created"}]}}, {"tips": {"count": 1}, "contact": {"facebook": "100002039772064"}, "firstName": "Ren\u00e9", "gender": "male", "lastName": "S\u00e1nchez", "id": "12797066", "bio": "", "photo": {"prefix": "https://igx.4sqi.net/img/user/", "suffix": "/BC2I4SGP45QHFYC1.jpg"}, "homeCity": "Lima, Peru", "lists": {"groups": [{"items": [], "count": 2, "type": "created"}]}}, {"tips": {"count": 20}, "contact": {"twitter": "giancamedicen", "facebook": "877990111"}, "firstName": "Giancarlo Enrique", "gender": "male", "lastName": "Gamero M\u00e1rquez", "id": "8778003", "bio": "", "photo": {"prefix": "https://igx.4sqi.net/img/user/", "suffix": "/8778003-YMKSTUK0ULDI2H1J.jpg"}, "homeCity": "Lima - Per\u00fa ", "lists": {"groups": [{"items": [], "count": 2, "type": "created"}]}}, {"tips": {"count": 5}, "contact": {}, "firstName": "Adita", "gender": "female", "lastName": "Cisneros", "id": "14243718", "bio": "", "photo": {"prefix": "https://igx.4sqi.net/img/user/", "suffix": "/XW51CKANKYLB2DLG.jpg"}, "homeCity": "Lima, Peru", "lists": {"groups": [{"items": [], "count": 4, "type": "created"}]}}], "count": 131}, "checksum": "74b04023fbf3c7d382a5b637988d92008f877520"}, "meta": {"requestId": "596617bf4c1f67701d2a6d3d", "code": 200}}