{"notifications": [{"type": "notificationTray", "item": {"unreadCount": 0}}], "meta": {"requestId": "5966dbeaf594df2235138d30", "code": 200}, "response": {"friends": {"count": 8, "items": [{"id": "11167056", "photo": {"prefix": "https://igx.4sqi.net/img/user/", "suffix": "/C4HPZ2AAEJA02KUB.jpg"}, "homeCity": "Singapore", "contact": {"facebook": "647830331"}, "firstName": "Soon", "tips": {"count": 1}, "gender": "male", "lastName": "Lip", "lists": {"groups": [{"count": 2, "type": "created", "items": []}]}, "bio": ""}, {"id": "8549776", "photo": {"prefix": "https://igx.4sqi.net/img/user/", "suffix": "/NF0IFDIX0O51P2KH.jpg"}, "homeCity": "Singapore", "contact": {"facebook": "577773801"}, "firstName": "Leng Leng", "tips": {"count": 0}, "gender": "female", "lastName": "Tock", "lists": {"groups": [{"count": 2, "type": "created", "items": []}]}, "bio": ""}, {"id": "3408410", "photo": {"prefix": "https://igx.4sqi.net/img/user/", "suffix": "/GHL1KZ5PAMHB1EKI.jpg"}, "homeCity": "Singapore", "contact": {"twitter": "joey9o"}, "firstName": "Joey", "tips": {"count": 2}, "gender": "female", "lastName": "Ang", "lists": {"groups": [{"count": 2, "type": "created", "items": []}]}, "bio": ""}, {"id": "6279796", "photo": {"prefix": "https://igx.4sqi.net/img/user/", "default": true, "suffix": "/blank_boy.png"}, "homeCity": "Singapore", "contact": {"facebook": "729508217"}, "firstName": "Tan", "tips": {"count": 0}, "gender": "male", "lastName": "Kuan Ann", "lists": {"groups": [{"count": 2, "type": "created", "items": []}]}, "bio": ""}, {"id": "6009568", "photo": {"prefix": "https://igx.4sqi.net/img/user/", "suffix": "/NXPC5JYXWNA4TU05.jpg"}, "homeCity": "Singapore", "contact": {"facebook": "520735582"}, "firstName": "Huimin", "tips": {"count": 0}, "gender": "female", "lastName": "Tan", "lists": {"groups": [{"count": 2, "type": "created", "items": []}]}, "bio": ""}, {"id": "11956293", "photo": {"prefix": "https://igx.4sqi.net/img/user/", "suffix": "/F5FYLIR4GPGK4VAG.jpg"}, "homeCity": "Singapore", "contact": {"facebook": "522110053"}, "firstName": "Yong En", "tips": {"count": 0}, "gender": "male", "lastName": "Loong", "lists": {"groups": [{"count": 2, "type": "created", "items": []}]}, "bio": ""}, {"id": "12447428", "photo": {"prefix": "https://igx.4sqi.net/img/user/", "suffix": "/12447428-55LERLKFA0FOK1EJ.jpg"}, "homeCity": "Singapore", "contact": {"facebook": "576174610", "twitter": "zhuohongcai"}, "firstName": "HongCai", "tips": {"count": 2}, "gender": "male", "lastName": "Zhuo", "lists": {"groups": [{"count": 2, "type": "created", "items": []}]}, "bio": ""}, {"id": "12763436", "photo": {"prefix": "https://igx.4sqi.net/img/user/", "suffix": "/4DB4LSWOGYVAUVPC.jpg"}, "homeCity": "Singapore", "contact": {"facebook": "100000260585521"}, "firstName": "HongCai", "tips": {"count": 0}, "gender": "male", "lastName": "Zhuo", "lists": {"groups": [{"count": 2, "type": "created", "items": []}]}, "bio": ""}]}, "checksum": "1f9cc8d0a03345df0c0050e60d8da18cd9dc4462"}}