{"notifications": [{"type": "notificationTray", "item": {"unreadCount": 0}}], "meta": {"requestId": "5966d5214c1f6757b39f73dd", "code": 200}, "response": {"friends": {"count": 14, "items": [{"id": "9953373", "photo": {"prefix": "https://igx.4sqi.net/img/user/", "suffix": "/ZDHUROX4XKKCBQ5M.jpg"}, "homeCity": "Mal\u00e9, Maldives", "contact": {"twitter": "softiii"}, "firstName": "Sofwan", "tips": {"count": 2}, "gender": "male", "lastName": "Ahmed", "lists": {"groups": [{"count": 2, "type": "created", "items": []}]}, "bio": ""}, {"id": "8873971", "photo": {"prefix": "https://igx.4sqi.net/img/user/", "suffix": "/DUBFBZVHOPYDPWFJ.jpg"}, "homeCity": "Bangkok, Thailand", "contact": {"facebook": "534072749", "twitter": "guntapong"}, "firstName": "Guntapong", "tips": {"count": 10}, "gender": "male", "lastName": "Boonyanupong", "lists": {"groups": [{"count": 2, "type": "created", "items": []}]}, "bio": "Life's a journey"}, {"id": "10607941", "photo": {"prefix": "https://igx.4sqi.net/img/user/", "suffix": "/5FHPOC3T0J3H5PMP.jpg"}, "homeCity": "\u0e01\u0e23\u0e38\u0e07\u0e40\u0e17\u0e1e\u0e21\u0e2b\u0e32\u0e19\u0e04\u0e23, \u0e1b\u0e23\u0e30\u0e40\u0e17\u0e28\u0e44\u0e17\u0e22", "contact": {}, "firstName": "Kenny", "tips": {"count": 0}, "gender": "male", "lastName": "Jackel", "lists": {"groups": [{"count": 2, "type": "created", "items": []}]}, "bio": ""}, {"id": "17496963", "photo": {"prefix": "https://igx.4sqi.net/img/user/", "suffix": "/FQ5MCG3MZURUOSEG.jpg"}, "homeCity": "\u0e2d.\u0e1a\u0e32\u0e07\u0e1e\u0e25\u0e35, \u0e1b\u0e23\u0e30\u0e40\u0e17\u0e28\u0e44\u0e17\u0e22", "contact": {"facebook": "100001233146057"}, "firstName": "Sompong", "tips": {"count": 0}, "gender": "male", "lastName": "Keskaew", "lists": {"groups": [{"count": 2, "type": "created", "items": []}]}, "bio": ""}, {"id": "1163977", "photo": {"prefix": "https://igx.4sqi.net/img/user/", "suffix": "/JKUDMOFL2RI4KWTL.jpg"}, "homeCity": "Bangkok, Thailand", "contact": {"facebook": "781649578", "twitter": "noomim"}, "firstName": "MiM", "tips": {"count": 3}, "gender": "female", "lastName": "T.", "lists": {"groups": [{"count": 2, "type": "created", "items": []}]}, "bio": ""}, {"id": "2525470", "photo": {"prefix": "https://igx.4sqi.net/img/user/", "suffix": "/12TYUP5J3AT5Y0ZC.jpg"}, "homeCity": "High Bridge, NJ", "contact": {"facebook": "47700684", "twitter": "tkopin"}, "firstName": "Tommy", "tips": {"count": 0}, "gender": "male", "lastName": "Kopin", "lists": {"groups": [{"count": 6, "type": "created", "items": []}]}, "bio": ""}, {"id": "6357250", "photo": {"prefix": "https://igx.4sqi.net/img/user/", "suffix": "/32HICAGB3QFMMW5D.jpg"}, "homeCity": "Sydney, Australia", "contact": {"facebook": "544528054"}, "firstName": "Sylvia", "tips": {"count": 6}, "gender": "female", "lastName": "Tang", "lists": {"groups": [{"count": 2, "type": "created", "items": []}]}, "bio": ""}, {"id": "11572104", "photo": {"prefix": "https://igx.4sqi.net/img/user/", "suffix": "/NGKNIQNVMJS4RAFJ.jpg"}, "homeCity": "Carcoar, Australia", "contact": {"facebook": "552488422"}, "firstName": "Carol", "tips": {"count": 0}, "gender": "female", "lastName": "Milne", "lists": {"groups": [{"count": 2, "type": "created", "items": []}]}, "bio": ""}, {"id": "10317589", "photo": {"prefix": "https://igx.4sqi.net/img/user/", "suffix": "/D3LVKV0PYMNVIPSZ.jpg"}, "homeCity": "Keilor East, Australia", "contact": {"facebook": "830846483"}, "firstName": "Jasmine", "tips": {"count": 1}, "gender": "female", "lastName": "Penrose", "lists": {"groups": [{"count": 2, "type": "created", "items": []}]}, "bio": ""}, {"id": "11662268", "photo": {"prefix": "https://igx.4sqi.net/img/user/", "default": true, "suffix": "/blank_girl.png"}, "homeCity": "Malvern East, Australia", "contact": {"facebook": "1478817615"}, "firstName": "Tammy", "tips": {"count": 1}, "gender": "female", "lastName": "Dryden", "lists": {"groups": [{"count": 2, "type": "created", "items": []}]}, "bio": ""}, {"id": "30528024", "photo": {"prefix": "https://igx.4sqi.net/img/user/", "suffix": "/5YPAPWZENI12QQNJ.jpg"}, "homeCity": "Victoria", "contact": {"facebook": "703754002"}, "firstName": "Sandra", "tips": {"count": 1}, "gender": "female", "lastName": "Henley-Smith", "lists": {"groups": [{"count": 2, "type": "created", "items": []}]}, "bio": ""}, {"id": "6676189", "photo": {"prefix": "https://igx.4sqi.net/img/user/", "suffix": "/LMZ4DJGHFCGMTB2L.jpg"}, "homeCity": "United Arab Emirates, Singapore and Melbourne", "contact": {"facebook": "820714627", "twitter": "gautamtweets"}, "firstName": "Gautam", "tips": {"count": 3}, "gender": "male", "lastName": "Jatwani", "lists": {"groups": [{"count": 2, "type": "created", "items": []}]}, "bio": "Marketing professional now in Singapore. Love travelling and photography. Hope to compile some of my best photographs and produce a coffee table book."}, {"id": "11596949", "photo": {"prefix": "https://igx.4sqi.net/img/user/", "suffix": "/LQ1C4XN2LTKGE13Z.jpg"}, "homeCity": "Burwood East, Australia", "contact": {"facebook": "1340237919"}, "firstName": "Kathi", "tips": {"count": 2}, "gender": "female", "lastName": "Dryden", "lists": {"groups": [{"count": 2, "type": "created", "items": []}]}, "bio": ""}, {"id": "11850943", "photo": {"prefix": "https://igx.4sqi.net/img/user/", "suffix": "/RSVR4MLND0Y2TTTE.jpg"}, "homeCity": "\u0e01\u0e23\u0e38\u0e07\u0e40\u0e17\u0e1e\u0e21\u0e2b\u0e32\u0e19\u0e04\u0e23, \u0e1b\u0e23\u0e30\u0e40\u0e17\u0e28\u0e44\u0e17\u0e22", "contact": {"facebook": "100001122853277"}, "firstName": "Worapong", "tips": {"count": 0}, "gender": "male", "lastName": "Kerdsumburn", "lists": {"groups": [{"count": 3, "type": "created", "items": []}]}, "bio": ""}]}, "checksum": "3047518d96afc5552fe6c5cd765e54585fce7b2a"}}