{"notifications": [{"type": "notificationTray", "item": {"unreadCount": 0}}], "meta": {"requestId": "5966eb9bdb04f528b4d765df", "code": 200}, "response": {"friends": {"count": 43, "items": [{"id": "4630073", "photo": {"prefix": "https://igx.4sqi.net/img/user/", "suffix": "/REQI30KU3FBPQJLI.jpg"}, "homeCity": "Ho Chi Minh City, Vietnam", "contact": {"facebook": "34004299", "twitter": "tonytruongvn"}, "firstName": "Tony", "tips": {"count": 7}, "gender": "male", "lastName": "Truong", "lists": {"groups": [{"count": 2, "type": "created", "items": []}]}, "bio": ""}, {"id": "19250209", "photo": {"prefix": "https://igx.4sqi.net/img/user/", "suffix": "/FTZY0DTCFZLKND4X.jpg"}, "homeCity": "U.S.A", "contact": {"facebook": "1005960724"}, "firstName": "Kenzie", "tips": {"count": 1}, "gender": "female", "lastName": "Bui", "lists": {"groups": [{"count": 2, "type": "created", "items": []}]}, "bio": "Changing and growing"}, {"id": "37815815", "photo": {"prefix": "https://igx.4sqi.net/img/user/", "suffix": "/I04FCMYGIZR3D3AX.jpg"}, "homeCity": "H? Ch\u00ed Minh city", "contact": {"facebook": "100000281281328"}, "firstName": "Van", "tips": {"count": 0}, "gender": "female", "lastName": "Tran", "lists": {"groups": [{"count": 2, "type": "created", "items": []}]}, "bio": ""}, {"id": "25361652", "photo": {"prefix": "https://igx.4sqi.net/img/user/", "suffix": "/25361652-FHC0GJ1Y4X3QLY4L.jpg"}, "homeCity": "Bien Hoa", "contact": {"facebook": "620859708"}, "firstName": "loan", "tips": {"count": 33}, "gender": "female", "lastName": "le", "lists": {"groups": [{"count": 2, "type": "created", "items": []}]}, "bio": ""}, {"id": "17594372", "photo": {"prefix": "https://igx.4sqi.net/img/user/", "suffix": "/SHR1DPJPEILHTOU4.jpg"}, "homeCity": "Ho Chi Minh City, Vietnam", "contact": {}, "firstName": "Th\u1ee5c Vy Ho\u00e0ng", "tips": {"count": 0}, "gender": "none", "lists": {"groups": [{"count": 2, "type": "created", "items": []}]}, "bio": ""}, {"id": "7524179", "photo": {"prefix": "https://igx.4sqi.net/img/user/", "suffix": "/BPJMMZ3SNFLHJRO2.jpg"}, "homeCity": "Vietnam", "contact": {"facebook": "711466437", "twitter": "littlehorsefish"}, "firstName": "Nemo", "tips": {"count": 2}, "gender": "male", "lastName": "Phan", "lists": {"groups": [{"count": 2, "type": "created", "items": []}]}, "bio": "Just another day-dreamer."}, {"id": "5478165", "photo": {"prefix": "https://igx.4sqi.net/img/user/", "suffix": "/WBDGYOFTURYGKAQQ.jpg"}, "homeCity": "Ho Chi Minh City, Vietnam", "contact": {"facebook": "1749780286", "twitter": "athitrinh"}, "firstName": "Trinh ho", "tips": {"count": 5}, "gender": "male", "lastName": "Anh thi", "lists": {"groups": [{"count": 3, "type": "created", "items": []}]}, "bio": ""}, {"id": "1910969", "photo": {"prefix": "https://igx.4sqi.net/img/user/", "suffix": "/SQJCMROFLUS24WKL.jpg"}, "homeCity": "Th\u00e0nh Pho Ho Ch\u00ed Minh, Vietnam", "contact": {}, "firstName": "tony", "tips": {"count": 7}, "gender": "male", "lastName": "truong", "lists": {"groups": [{"count": 2, "type": "created", "items": []}]}, "bio": ""}, {"id": "19567163", "photo": {"prefix": "https://igx.4sqi.net/img/user/", "suffix": "/KTIIZ1D4MS2ZM4XQ.jpg"}, "homeCity": "Qu\u1eadn 2, Vietnam", "contact": {"facebook": "1229285566", "twitter": "lehatu"}, "firstName": "Le", "tips": {"count": 12}, "gender": "male", "lastName": "Tu", "lists": {"groups": [{"count": 4, "type": "created", "items": []}]}, "bio": ""}, {"id": "197979", "photo": {"prefix": "https://igx.4sqi.net/img/user/", "suffix": "/197979_4wrVCSDv_pVWFDjlwqF9_fbneH9NNmBzoGnQUWvyR4EMPErbFqS1NPz8DnMK3vnIz2V80mTcE.jpg"}, "homeCity": "on the road", "contact": {"twitter": "dagrobie"}, "firstName": "Tobias", "tips": {"count": 17}, "gender": "male", "lastName": "Schmidt", "lists": {"groups": [{"count": 4, "type": "created", "items": []}]}, "bio": "traveler | software developer | @prometheusio"}, {"id": "5934132", "photo": {"prefix": "https://igx.4sqi.net/img/user/", "suffix": "/AVM3FAS23LIW5B25.jpg"}, "homeCity": "District 10, Vietnam", "contact": {}, "firstName": "Tr\u1ea7n \u0110\u0103ng Tri\u1ec1u", "tips": {"count": 1}, "gender": "male", "lists": {"groups": [{"count": 2, "type": "created", "items": []}]}, "bio": ""}, {"id": "9108636", "photo": {"prefix": "https://igx.4sqi.net/img/user/", "suffix": "/IEJVBRY3IJONX3QS.jpg"}, "homeCity": "Ho Chi Minh City, Vietnam", "contact": {"facebook": "1526439206", "twitter": "lhtuananh"}, "firstName": "Tu\u1ea5n Anh", "tips": {"count": 0}, "gender": "male", "lastName": "L\u00ea Ho\u00e0ng", "lists": {"groups": [{"count": 2, "type": "created", "items": []}]}, "bio": ""}, {"id": "23192579", "photo": {"prefix": "https://igx.4sqi.net/img/user/", "suffix": "/MOBPYEPF5LELP1Y1.jpg"}, "homeCity": "H\u1ed3 Ch\u00ed Minh city", "contact": {"facebook": "615079167"}, "firstName": "Luxi", "tips": {"count": 20}, "gender": "female", "lastName": "\ud83c\udf49", "lists": {"groups": [{"count": 12, "type": "created", "items": []}]}, "bio": "crazy & funny girl \ud83d\ude02\r\nlove fashion, posing & gossip with friends \u2764"}, {"id": "21871785", "photo": {"prefix": "https://igx.4sqi.net/img/user/", "suffix": "/VPCVRCGWIKODTVWM.jpg"}, "homeCity": "Ho Chi Minh City", "contact": {"facebook": "1308390953"}, "firstName": "Diep", "tips": {"count": 2}, "gender": "female", "lastName": "Nguyen", "lists": {"groups": [{"count": 2, "type": "created", "items": []}]}, "bio": ""}, {"id": "5126775", "photo": {"prefix": "https://igx.4sqi.net/img/user/", "suffix": "/KAB3WRXOZODWQQ4R.jpg"}, "homeCity": "Ho Chi Minh City, Vietnam", "contact": {"facebook": "1052276589", "twitter": "tanya_johnston"}, "firstName": "Tanya", "tips": {"count": 3}, "gender": "female", "lastName": "Johnston", "lists": {"groups": [{"count": 2, "type": "created", "items": []}]}, "bio": ""}, {"id": "3321102", "photo": {"prefix": "https://igx.4sqi.net/img/user/", "suffix": "/H0VZHZDNI4KDNKJI.jpg"}, "homeCity": "S\u00e0i G\u00f2n, Vietnam", "contact": {"facebook": "10153708703584096"}, "firstName": "Thong", "tips": {"count": 3}, "gender": "male", "lastName": "Nguyen", "lists": {"groups": [{"count": 3, "type": "created", "items": []}]}, "bio": ""}, {"id": "15367943", "photo": {"prefix": "https://igx.4sqi.net/img/user/", "suffix": "/FIGZHWDRCQN30JKB.jpg"}, "homeCity": "Ho Chi Minh City, Vietnam", "contact": {"facebook": "100002542465046"}, "firstName": "Amane", "tips": {"count": 0}, "gender": "female", "lastName": "MiSa", "lists": {"groups": [{"count": 2, "type": "created", "items": []}]}, "bio": ""}, {"id": "15806286", "photo": {"prefix": "https://igx.4sqi.net/img/user/", "suffix": "/2J4WKY2B2DXLMYMR.jpg"}, "homeCity": "V\u0169ng T\u00e0u, Vietnam", "contact": {"facebook": "1586979560"}, "firstName": "Nguy\u1ec5n", "tips": {"count": 0}, "gender": "male", "lastName": "Ph\u00e1t", "lists": {"groups": [{"count": 2, "type": "created", "items": []}]}, "bio": ""}, {"id": "12642779", "photo": {"prefix": "https://igx.4sqi.net/img/user/", "suffix": "/DP3Y5LETWZTBOIDA.jpg"}, "homeCity": "H\u1ed3 Ch\u00ed Minh, Vietnam", "contact": {"facebook": "1705478295"}, "firstName": "Jo", "tips": {"count": 0}, "gender": "male", "lastName": "H\u1ed3", "lists": {"groups": [{"count": 2, "type": "created", "items": []}]}, "bio": ""}, {"id": "26840421", "photo": {"prefix": "https://igx.4sqi.net/img/user/", "suffix": "/W3GWJOTFOO4BMLCQ.jpg"}, "homeCity": "H? Ch\u00ed Minh city", "contact": {"facebook": "460131734137005", "twitter": "vanhai2803"}, "firstName": "Van Hai", "tips": {"count": 0}, "gender": "male", "lastName": "Phan", "lists": {"groups": [{"count": 2, "type": "created", "items": []}]}, "bio": ""}, {"id": "18069053", "photo": {"prefix": "https://igx.4sqi.net/img/user/", "suffix": "/QUDA4P2XEP3AVXT4.jpg"}, "homeCity": "H\u1ed3 Ch\u00ed Minh, Vietnam", "contact": {"facebook": "725577352"}, "firstName": "Tram", "tips": {"count": 1}, "gender": "female", "lastName": "Nguyen", "lists": {"groups": [{"count": 2, "type": "created", "items": []}]}, "bio": ""}, {"id": "12872552", "photo": {"prefix": "https://igx.4sqi.net/img/user/", "suffix": "/OAWXMGIRT1R4EUYO.jpg"}, "homeCity": "Ho Chi Minh City, Vietnam", "contact": {"twitter": "tomosaigon"}, "firstName": "Tomo", "tips": {"count": 9}, "gender": "male", "lastName": "Huynh", "lists": {"groups": [{"count": 4, "type": "created", "items": []}]}, "bio": ""}, {"id": "5517646", "photo": {"prefix": "https://igx.4sqi.net/img/user/", "suffix": "/-JMX5A4JZDJ3LM1S5.jpg"}, "homeCity": "Ho Chi Minh City, Vietnam", "contact": {"facebook": "505860922", "twitter": "leminhtrinh"}, "firstName": "L\u00ea", "tips": {"count": 2}, "gender": "male", "lastName": "Tr\u00ecnh", "lists": {"groups": [{"count": 3, "type": "created", "items": []}]}, "bio": ""}, {"id": "10413862", "photo": {"prefix": "https://igx.4sqi.net/img/user/", "suffix": "/OHSNVVWBM1E1A0M4.jpg"}, "homeCity": "Seattle/Saigon/Singapore", "contact": {}, "firstName": "tamkaizen", "tips": {"count": 19}, "gender": "none", "lists": {"groups": [{"count": 3, "type": "created", "items": []}]}, "bio": "I love to eat, especially soy. I travel a lot. I'm a nice guy that you should meet."}, {"id": "46967404", "photo": {"prefix": "https://igx.4sqi.net/img/user/", "suffix": "/HCQSJOEDEZMQL4TU.jpg"}, "homeCity": "Shellharbour, New South Wales", "contact": {"facebook": "536513427"}, "firstName": "Soleil", "tips": {"count": 0}, "gender": "female", "lastName": "Be'", "lists": {"groups": [{"count": 4, "type": "created", "items": []}]}, "bio": ""}, {"id": "13938714", "photo": {"prefix": "https://igx.4sqi.net/img/user/", "suffix": "/D5NHMNTRKUASUYY3.jpg"}, "homeCity": "Ho chi minh city", "contact": {"facebook": "1054717625"}, "firstName": "Louis", "tips": {"count": 5}, "gender": "male", "lastName": "HUynh", "lists": {"groups": [{"count": 2, "type": "created", "items": []}]}, "bio": ""}, {"id": "42235021", "photo": {"prefix": "https://igx.4sqi.net/img/user/", "suffix": "/CWAYBLZCTIWE1NYV.jpg"}, "homeCity": "ho chi minh ", "contact": {"facebook": "100000170647063", "twitter": "vihung1409"}, "firstName": "Dinh", "tips": {"count": 7}, "gender": "male", "lastName": "Hung", "lists": {"groups": [{"count": 2, "type": "created", "items": []}]}, "bio": ""}, {"id": "5128829", "photo": {"prefix": "https://igx.4sqi.net/img/user/", "suffix": "/F1DHUDWRZH0IG1T3.png"}, "homeCity": "Ho Chi Minh City, Vietnam", "contact": {"facebook": "583312464", "twitter": "buihaian"}, "firstName": "Bui", "tips": {"count": 7}, "gender": "male", "lastName": "Hai An", "lists": {"groups": [{"count": 2, "type": "created", "items": []}]}, "bio": "The Ops Guy at Silicon Straits Saigon"}, {"id": "6490011", "photo": {"prefix": "https://igx.4sqi.net/img/user/", "suffix": "/UHKOVD3LJDLCWTJI.jpg"}, "homeCity": "New York, NY", "contact": {"facebook": "773280152"}, "firstName": "Luan", "tips": {"count": 1}, "gender": "male", "lastName": "Nhan the", "lists": {"groups": [{"count": 2, "type": "created", "items": []}]}, "bio": ""}, {"id": "31722023", "photo": {"prefix": "https://igx.4sqi.net/img/user/", "default": true, "suffix": "/blank_boy.png"}, "homeCity": "H? Ch\u00ed Minh city", "contact": {"facebook": "100000143553434"}, "firstName": "Duy Ph\u01b0\u01a1ng", "tips": {"count": 0}, "gender": "male", "lists": {"groups": [{"count": 2, "type": "created", "items": []}]}, "bio": ""}, {"id": "24713832", "photo": {"prefix": "https://igx.4sqi.net/img/user/", "suffix": "/PT3SPQ33RF0NFAO0.jpg"}, "homeCity": "Ho Chi Minh City, Vietnam", "contact": {"facebook": "667690965"}, "firstName": "Kh\u1ec9", "tips": {"count": 1}, "gender": "male", "lastName": "Numx", "lists": {"groups": [{"count": 2, "type": "created", "items": []}]}, "bio": ""}, {"id": "30244729", "photo": {"prefix": "https://igx.4sqi.net/img/user/", "suffix": "/CJNXFRYFDKWE5VC2.jpg"}, "homeCity": "New York, NY", "contact": {"facebook": "1099996614"}, "firstName": "Minh Thu", "tips": {"count": 0}, "gender": "female", "lastName": "Tran Nguyen", "lists": {"groups": [{"count": 2, "type": "created", "items": []}]}, "bio": ""}, {"id": "23549802", "photo": {"prefix": "https://igx.4sqi.net/img/user/", "suffix": "/YRJGPEWWWDUP0ELT.png"}, "homeCity": "Ho Chi Minh City, Vietnam", "contact": {"facebook": "10153023178142108"}, "firstName": "Dang Hai", "tips": {"count": 8}, "gender": "male", "lastName": "Nguyen", "lists": {"groups": [{"count": 3, "type": "created", "items": []}]}, "bio": ""}, {"id": "9297680", "photo": {"prefix": "https://igx.4sqi.net/img/user/", "suffix": "/321ABSOQI4NL1YFX.jpg"}, "homeCity": "Ho Chi Minh City, Vietnam", "contact": {"facebook": "100000091106157"}, "firstName": "ThanhAD", "tips": {"count": 6}, "gender": "male", "lists": {"groups": [{"count": 4, "type": "created", "items": []}]}, "bio": ""}, {"id": "23035846", "photo": {"prefix": "https://igx.4sqi.net/img/user/", "suffix": "/0SI4PK0DSPQKCX0S.jpg"}, "homeCity": "Hochiminh City", "contact": {"facebook": "1643165143", "twitter": "nguyennghi"}, "firstName": "Nguyen", "tips": {"count": 7}, "gender": "male", "lastName": "Nghi", "lists": {"groups": [{"count": 2, "type": "created", "items": []}]}, "bio": ""}, {"id": "55619485", "photo": {"prefix": "https://igx.4sqi.net/img/user/", "suffix": "/2RCIWFMDNEQTHCHR.jpg"}, "homeCity": "Ho Chi Minh City, Vietnam", "contact": {"facebook": "1059436902"}, "firstName": "Quynh Anh", "tips": {"count": 0}, "gender": "female", "lastName": "Luong Ngoc", "lists": {"groups": [{"count": 2, "type": "created", "items": []}]}, "bio": ""}, {"id": "42240724", "photo": {"prefix": "https://igx.4sqi.net/img/user/", "suffix": "/1IZM03TTR3SYQUC2.jpg"}, "homeCity": "H? Ch\u00ed Minh city", "contact": {"facebook": "100002939248209"}, "firstName": "Linh Linh", "tips": {"count": 2}, "gender": "female", "lastName": "Ami", "lists": {"groups": [{"count": 2, "type": "created", "items": []}]}, "bio": ""}, {"id": "45304161", "photo": {"prefix": "https://igx.4sqi.net/img/user/", "suffix": "/F0FURONBB2N0XKNF.jpg"}, "homeCity": "Ho Chi Minh City, Vietnam", "contact": {"facebook": "689600262"}, "firstName": "Pham Thi", "tips": {"count": 0}, "gender": "female", "lastName": "Minh Tran", "lists": {"groups": [{"count": 2, "type": "created", "items": []}]}, "bio": ""}, {"id": "23597960", "photo": {"prefix": "https://igx.4sqi.net/img/user/", "suffix": "/OZ3QSYBHWJP2JXEB.jpg"}, "homeCity": "Ho Chi Minh City, Vietnam", "contact": {"facebook": "1017875700"}, "firstName": "Mickey", "tips": {"count": 6}, "gender": "female", "lastName": "Nguy\u00ean Z\u0169", "lists": {"groups": [{"count": 4, "type": "created", "items": []}]}, "bio": ""}, {"id": "14148849", "photo": {"prefix": "https://igx.4sqi.net/img/user/", "suffix": "/UZNWJ1KCKNZN5M2D.jpg"}, "homeCity": "Vietnam", "contact": {"facebook": "1257084302"}, "firstName": "TyTy", "tips": {"count": 0}, "gender": "female", "lastName": "Nhtv", "lists": {"groups": [{"count": 2, "type": "created", "items": []}]}, "bio": ""}, {"id": "43691429", "photo": {"prefix": "https://igx.4sqi.net/img/user/", "suffix": "/1GKIM4JGIOMIYX5F.jpg"}, "homeCity": "vo van ngan, thu duc", "contact": {"facebook": "100000216162815"}, "firstName": "Tam", "tips": {"count": 0}, "gender": "female", "lastName": "Thanh", "lists": {"groups": [{"count": 2, "type": "created", "items": []}]}, "bio": ""}, {"id": "43907790", "photo": {"prefix": "https://igx.4sqi.net/img/user/", "suffix": "/WKUKMDLZWLZW23LW.jpg"}, "homeCity": "H? Ch\u00ed Minh city", "contact": {"facebook": "749021515"}, "firstName": "ThuyAnh", "tips": {"count": 1}, "gender": "female", "lastName": "Vu", "lists": {"groups": [{"count": 2, "type": "created", "items": []}]}, "bio": ""}, {"id": "49681958", "photo": {"prefix": "https://igx.4sqi.net/img/user/", "suffix": "/LOMWGZCPJEGWDXYA.jpg"}, "homeCity": "H? Ch\u00ed Minh city", "contact": {"facebook": "100000624179137"}, "firstName": "Sandale", "tips": {"count": 0}, "gender": "male", "lastName": "La", "lists": {"groups": [{"count": 2, "type": "created", "items": []}]}, "bio": ""}]}, "checksum": "b80632156e9fdb4b1d10db619b538adc9a2d577a"}}