{"notifications": [{"type": "notificationTray", "item": {"unreadCount": 0}}], "meta": {"requestId": "5966d24edb04f528b1891c5c", "code": 200}, "response": {"friends": {"count": 86, "items": [{"id": "19688779", "photo": {"prefix": "https://igx.4sqi.net/img/user/", "suffix": "/STT2XVFWDN4CP5LR.jpg"}, "homeCity": "Singapore", "contact": {"facebook": "713039292", "twitter": "skytan"}, "firstName": "Sky Tan", "tips": {"count": 1}, "gender": "male", "lastName": "MrWhite", "lists": {"groups": [{"count": 2, "type": "created", "items": []}]}, "bio": ""}, {"id": "52835086", "photo": {"prefix": "https://igx.4sqi.net/img/user/", "suffix": "/BVCXZGBIEZO54UTW.jpg"}, "homeCity": "Singapore", "contact": {"twitter": "ennaylreveb"}, "firstName": "Beverly Anne Kristen", "tips": {"count": 0}, "gender": "female", "lastName": "Quek", "lists": {"groups": [{"count": 2, "type": "created", "items": []}]}, "bio": ""}, {"id": "6278336", "photo": {"prefix": "https://igx.4sqi.net/img/user/", "suffix": "/NUAXRZUQHE1XK20J.jpg"}, "homeCity": "Singapore", "contact": {"facebook": "590182868", "twitter": "phyllistay"}, "firstName": "phyllis", "tips": {"count": 1}, "gender": "female", "lastName": "tay", "lists": {"groups": [{"count": 2, "type": "created", "items": []}]}, "bio": ""}, {"id": "1601765", "photo": {"prefix": "https://igx.4sqi.net/img/user/", "suffix": "/ZMT3K1ZQSENOGQ1L.jpg"}, "homeCity": "SINGAPORE", "contact": {"facebook": "1296151774", "twitter": "s_hawn"}, "firstName": "Shawn", "tips": {"count": 0}, "gender": "male", "lastName": "Poh Kok Ming", "lists": {"groups": [{"count": 2, "type": "created", "items": []}]}, "bio": ""}, {"id": "28164671", "photo": {"prefix": "https://igx.4sqi.net/img/user/", "suffix": "/28164671-MN3CAVFS0DXH2RD1.jpg"}, "homeCity": "Singapore", "contact": {}, "firstName": "Limlaytin", "tips": {"count": 0}, "gender": "female", "lastName": "Llz", "lists": {"groups": [{"count": 2, "type": "created", "items": []}]}, "bio": "I love my family."}, {"id": "30166831", "photo": {"prefix": "https://igx.4sqi.net/img/user/", "suffix": "/30166831-CYK3RMJ4LLJFMVBJ.jpg"}, "homeCity": "Singapore", "contact": {"twitter": "xbaoyi"}, "firstName": "Bao-yi", "tips": {"count": 0}, "gender": "female", "lists": {"groups": [{"count": 2, "type": "created", "items": []}]}, "bio": ""}, {"id": "7728266", "photo": {"prefix": "https://igx.4sqi.net/img/user/", "suffix": "/7728266-VXBGO45UK2AYSS3P.jpg"}, "homeCity": "Singapore", "contact": {"twitter": "sylveeea"}, "firstName": "Sylvia", "tips": {"count": 0}, "gender": "female", "lastName": "Low", "lists": {"groups": [{"count": 2, "type": "created", "items": []}]}, "bio": ""}, {"id": "7516174", "photo": {"prefix": "https://igx.4sqi.net/img/user/", "suffix": "/ZBNUQ3XZVDYDCDF3.jpg"}, "homeCity": "Singapore", "contact": {"facebook": "724194117", "twitter": "silormee"}, "firstName": "Jeremy", "tips": {"count": 0}, "gender": "male", "lastName": "Lormee", "lists": {"groups": [{"count": 2, "type": "created", "items": []}]}, "bio": ""}, {"id": "1392454", "photo": {"prefix": "https://igx.4sqi.net/img/user/", "suffix": "/WH5XWR02P0CERTLX.jpg"}, "homeCity": "Telok Blangah, Singapore", "contact": {"twitter": "theqian"}, "firstName": "WeiQian", "tips": {"count": 0}, "gender": "female", "lists": {"groups": [{"count": 2, "type": "created", "items": []}]}, "bio": ""}, {"id": "1419639", "photo": {"prefix": "https://igx.4sqi.net/img/user/", "suffix": "/CTBBM1QNPTFASOK5.jpg"}, "homeCity": "Sengkang, Singapore", "contact": {"facebook": "100000196133413", "twitter": "nadmircella"}, "firstName": "Nad", "tips": {"count": 0}, "gender": "female", "lastName": "Mircella", "lists": {"groups": [{"count": 2, "type": "created", "items": []}]}, "bio": ""}, {"id": "5669230", "photo": {"prefix": "https://igx.4sqi.net/img/user/", "suffix": "/5QSK4YSRMPUXJG1H.jpg"}, "homeCity": "Little Red Dot. \ue219", "contact": {"facebook": "1665151366", "twitter": "erninatashaw"}, "firstName": "Erni Natasha", "tips": {"count": 0}, "gender": "female", "lists": {"groups": [{"count": 2, "type": "created", "items": []}]}, "bio": ""}, {"id": "2709528", "photo": {"prefix": "https://igx.4sqi.net/img/user/", "suffix": "/ROZSMBCK11A5VT50.jpg"}, "homeCity": "Singapore", "contact": {"facebook": "532248029"}, "firstName": "Jiahui", "tips": {"count": 0}, "gender": "female", "lastName": "Wasabi", "lists": {"groups": [{"count": 2, "type": "created", "items": []}]}, "bio": ""}, {"id": "4035131", "photo": {"prefix": "https://igx.4sqi.net/img/user/", "suffix": "/VKJ4GK0AAI1PCR3R.jpg"}, "homeCity": "Singapore", "contact": {"facebook": "731241438"}, "firstName": "Gabbygabbgab", "tips": {"count": 0}, "gender": "male", "lastName": "\ud0dc\uc5f0", "lists": {"groups": [{"count": 2, "type": "created", "items": []}]}, "bio": ""}, {"id": "3920327", "photo": {"prefix": "https://igx.4sqi.net/img/user/", "default": true, "suffix": "/blank_girl.png"}, "homeCity": "Singapore", "contact": {}, "firstName": "Cheong", "tips": {"count": 0}, "gender": "female", "lastName": "Meiyi", "lists": {"groups": [{"count": 2, "type": "created", "items": []}]}, "bio": ""}, {"id": "4182910", "photo": {"prefix": "https://igx.4sqi.net/img/user/", "suffix": "/MSS5B11XSQ3MIZUO.jpg"}, "homeCity": "Singapore", "contact": {"facebook": "609027305", "twitter": "qihuangg"}, "firstName": "Qi Huang", "tips": {"count": 0}, "gender": "male", "lastName": "Toh", "lists": {"groups": [{"count": 2, "type": "created", "items": []}]}, "bio": ""}, {"id": "988262", "photo": {"prefix": "https://igx.4sqi.net/img/user/", "suffix": "/4KLUSCTP4DZ5ELUG.jpg"}, "homeCity": "Sengkang, Singapore", "contact": {"facebook": "663388908", "twitter": "deonboon"}, "firstName": "Deon", "tips": {"count": 0}, "gender": "male", "lastName": "Boon", "lists": {"groups": [{"count": 2, "type": "created", "items": []}]}, "bio": ""}, {"id": "3813688", "photo": {"prefix": "https://igx.4sqi.net/img/user/", "suffix": "/RKFDPSDHOQKDX1OI.jpg"}, "homeCity": "Singapore ", "contact": {"facebook": "1177746884", "twitter": "stickporcelain"}, "firstName": "Lindi", "tips": {"count": 1}, "gender": "female", "lastName": "Wilkinson", "lists": {"groups": [{"count": 2, "type": "created", "items": []}]}, "bio": ""}, {"id": "4933331", "photo": {"prefix": "https://igx.4sqi.net/img/user/", "suffix": "/KAH51KJYK4N2DZQ3.jpg"}, "homeCity": "Singapore", "contact": {"facebook": "1165958325", "twitter": "scwllovetosleep"}, "firstName": "Sherman", "tips": {"count": 0}, "gender": "male", "lastName": "Cheng", "lists": {"groups": [{"count": 2, "type": "created", "items": []}]}, "bio": ""}, {"id": "4219097", "photo": {"prefix": "https://igx.4sqi.net/img/user/", "suffix": "/MN5LWLUPZWDJQRM0.jpg"}, "homeCity": "Singapore", "contact": {"twitter": "digitalpimp_"}, "firstName": "Nathan", "tips": {"count": 4}, "gender": "male", "lastName": "GH", "lists": {"groups": [{"count": 2, "type": "created", "items": []}]}, "bio": "I'm all about good food. Nightlife. Music. Photography.\r\n\r\nEnd of story."}, {"id": "1064537", "photo": {"prefix": "https://igx.4sqi.net/img/user/", "suffix": "/1064537-2W5AXP4CBUET2HPY.jpg"}, "homeCity": "Singapore, Thailand", "contact": {"facebook": "10205574236866909", "twitter": "rkyciapoh"}, "firstName": "Rkycia", "tips": {"count": 0}, "gender": "female", "lastName": "Poh", "lists": {"groups": [{"count": 2, "type": "created", "items": []}]}, "bio": "Mixed-blood, Thai-Chinese.\r\nTwitter \u2022 Instagram: @rkyciapoh | www.rkyciapoh.com"}, {"id": "3078310", "photo": {"prefix": "https://igx.4sqi.net/img/user/", "suffix": "/NVGOMAAPMAAYHR1R.jpg"}, "homeCity": "Singapore", "contact": {"twitter": "aeenn"}, "firstName": "aeenn", "tips": {"count": 0}, "gender": "female", "lastName": "citynorain", "lists": {"groups": [{"count": 2, "type": "created", "items": []}]}, "bio": ""}, {"id": "58769230", "photo": {"prefix": "https://igx.4sqi.net/img/user/", "suffix": "/24FZAI4QAYB0VJ4V.jpg"}, "homeCity": "Singapore", "contact": {"facebook": "647469424", "twitter": "samuelhello"}, "firstName": "Samuel", "tips": {"count": 0}, "gender": "male", "lastName": "Hello", "lists": {"groups": [{"count": 2, "type": "created", "items": []}]}, "bio": ""}, {"id": "22012098", "photo": {"prefix": "https://igx.4sqi.net/img/user/", "suffix": "/22012098-5TJOZAXVH4RZV42E.jpg"}, "homeCity": "Singapore", "contact": {"facebook": "1036780757", "twitter": "wennyt_"}, "firstName": "Peiwen \ud83c\udf38", "tips": {"count": 0}, "gender": "female", "lists": {"groups": [{"count": 2, "type": "created", "items": []}]}, "bio": "IG: @wennyt_"}, {"id": "45193996", "photo": {"prefix": "https://igx.4sqi.net/img/user/", "suffix": "/FX1BHAKJZD0YNTAU.jpg"}, "homeCity": "New York, NY", "contact": {"facebook": "1497223569", "twitter": "xburberryx"}, "firstName": "Brian", "tips": {"count": 0}, "gender": "male", "lastName": "Mong", "lists": {"groups": [{"count": 2, "type": "created", "items": []}]}, "bio": ""}, {"id": "6944040", "photo": {"prefix": "https://igx.4sqi.net/img/user/", "suffix": "/EAAMDMJHGPF0VR3P.jpg"}, "homeCity": "Singapore", "contact": {"facebook": "609546826"}, "firstName": "Aaron", "tips": {"count": 1}, "gender": "male", "lastName": "Lee", "lists": {"groups": [{"count": 2, "type": "created", "items": []}]}, "bio": ""}, {"id": "6859318", "photo": {"prefix": "https://igx.4sqi.net/img/user/", "suffix": "/TJR4BASARB5RPOOS.jpg"}, "homeCity": "Singapore", "contact": {"facebook": "537264008"}, "firstName": "Nadzyrah", "tips": {"count": 0}, "gender": "female", "lastName": "Zyezz", "lists": {"groups": [{"count": 2, "type": "created", "items": []}]}, "bio": ""}, {"id": "49289124", "photo": {"prefix": "https://igx.4sqi.net/img/user/", "suffix": "/40RE5FZ44Q5WFZL3.jpg"}, "homeCity": "New York, NY", "contact": {"facebook": "633253266"}, "firstName": "Samantha", "tips": {"count": 1}, "gender": "female", "lastName": "Jun", "lists": {"groups": [{"count": 2, "type": "created", "items": []}]}, "bio": ""}, {"id": "10049234", "photo": {"prefix": "https://igx.4sqi.net/img/user/", "suffix": "/RUGEHAI3DXAZRDCW.jpg"}, "homeCity": "Singapore", "contact": {"facebook": "770949331", "twitter": "eatprayloveee"}, "firstName": "Angel", "tips": {"count": 0}, "gender": "female", "lastName": "Wu", "lists": {"groups": [{"count": 2, "type": "created", "items": []}]}, "bio": ""}, {"id": "8606473", "photo": {"prefix": "https://igx.4sqi.net/img/user/", "suffix": "/0LYMPTOCTKK10QNK.jpg"}, "homeCity": "Singapore", "contact": {"facebook": "1238900876"}, "firstName": "Bryan", "tips": {"count": 0}, "gender": "male", "lastName": "Lam", "lists": {"groups": [{"count": 2, "type": "created", "items": []}]}, "bio": ""}, {"id": "6698151", "photo": {"prefix": "https://igx.4sqi.net/img/user/", "suffix": "/YVNXQPZ4W051M5ML.jpg"}, "homeCity": "Singapore", "contact": {"facebook": "100000841673878", "twitter": "malcolmtyshawn"}, "firstName": "Malcolm Cedric Lim", "tips": {"count": 0}, "gender": "male", "lists": {"groups": [{"count": 2, "type": "created", "items": []}]}, "bio": ""}, {"id": "5948393", "photo": {"prefix": "https://igx.4sqi.net/img/user/", "suffix": "/ZNWCAJNP5WZTGBO1.jpg"}, "homeCity": "Your girlfriend's vagina! <3", "contact": {"facebook": "773997955", "twitter": "symphonyofguns"}, "firstName": "Rayne", "tips": {"count": 2}, "gender": "male", "lastName": "D. Luciante", "lists": {"groups": [{"count": 2, "type": "created", "items": []}]}, "bio": ""}, {"id": "3360907", "photo": {"prefix": "https://igx.4sqi.net/img/user/", "suffix": "/ODUYAZVSYQQIE141.jpg"}, "homeCity": "Singapore", "contact": {"facebook": "1004629568", "twitter": "jiahui456"}, "firstName": "Jiahui", "tips": {"count": 0}, "gender": "male", "lastName": "Choo", "lists": {"groups": [{"count": 2, "type": "created", "items": []}]}, "bio": ""}, {"id": "4580656", "photo": {"prefix": "https://igx.4sqi.net/img/user/", "suffix": "/T3QMAIKGP5N314S1.jpg"}, "homeCity": "Singapore", "contact": {"facebook": "671749653"}, "firstName": "Dolce", "tips": {"count": 0}, "gender": "male", "lastName": "Ang", "lists": {"groups": [{"count": 2, "type": "created", "items": []}]}, "bio": ""}, {"id": "3939191", "photo": {"prefix": "https://igx.4sqi.net/img/user/", "suffix": "/NRU2OTARQZD0B3FZ.jpg"}, "homeCity": "Singapore", "contact": {"facebook": "1509495651", "twitter": "nixieangel"}, "firstName": "Nixie Angel", "tips": {"count": 0}, "gender": "female", "lastName": "Kiang", "lists": {"groups": [{"count": 2, "type": "created", "items": []}]}, "bio": ""}, {"id": "5034078", "photo": {"prefix": "https://igx.4sqi.net/img/user/", "suffix": "/MGN03GKPZ32C0BIU.jpg"}, "homeCity": "Singapore", "contact": {"facebook": "596938901", "twitter": "cherryboomz"}, "firstName": "Cherryboomz", "tips": {"count": 3}, "gender": "female", "lastName": "\ud83c\udf52", "lists": {"groups": [{"count": 2, "type": "created", "items": []}]}, "bio": "20. Singapore. Sup yo"}, {"id": "21802348", "photo": {"prefix": "https://igx.4sqi.net/img/user/", "suffix": "/TVCT2QXD44CKY1CV.jpg"}, "homeCity": "New York, NY", "contact": {"facebook": "625252728"}, "firstName": "Zhongxian", "tips": {"count": 0}, "gender": "male", "lastName": "ValanzAmourie", "lists": {"groups": [{"count": 2, "type": "created", "items": []}]}, "bio": ""}, {"id": "4944056", "photo": {"prefix": "https://igx.4sqi.net/img/user/", "suffix": "/DZCWO23L0IBPYBBX.jpg"}, "homeCity": "Singapore", "contact": {"facebook": "585807058"}, "firstName": "Hao ming", "tips": {"count": 1}, "gender": "male", "lastName": "Lim", "lists": {"groups": [{"count": 2, "type": "created", "items": []}]}, "bio": ""}, {"id": "4860475", "photo": {"prefix": "https://igx.4sqi.net/img/user/", "default": true, "suffix": "/blank_boy.png"}, "homeCity": "Singapore", "contact": {"facebook": "601006374"}, "firstName": "Pingkoon", "tips": {"count": 0}, "gender": "none", "lastName": "Lim", "lists": {"groups": [{"count": 2, "type": "created", "items": []}]}, "bio": ""}, {"id": "1452755", "photo": {"prefix": "https://igx.4sqi.net/img/user/", "suffix": "/DGHIRDZ5VWSWSYBE.jpg"}, "homeCity": "Singapore", "contact": {"facebook": "716165953", "twitter": "jonasaom"}, "firstName": "Jonas", "tips": {"count": 1}, "gender": "male", "lastName": "Seah", "lists": {"groups": [{"count": 2, "type": "created", "items": []}]}, "bio": ""}, {"id": "3280576", "photo": {"prefix": "https://igx.4sqi.net/img/user/", "suffix": "/SAEYNARQLK21AUHY.jpg"}, "homeCity": "Singapore", "contact": {"facebook": "586604782", "twitter": "mingfennn"}, "firstName": "Mingfen", "tips": {"count": 1}, "gender": "female", "lastName": "Sia", "lists": {"groups": [{"count": 2, "type": "created", "items": []}]}, "bio": ""}, {"id": "23114515", "photo": {"prefix": "https://igx.4sqi.net/img/user/", "suffix": "/23114515-CLFVM4YFRKCNUNDH.jpg"}, "homeCity": "New York, NY", "contact": {"facebook": "928748680493974", "twitter": "marcuscjh92"}, "firstName": "Marcus", "tips": {"count": 0}, "gender": "male", "lastName": "Lanzer", "lists": {"groups": [{"count": 2, "type": "created", "items": []}]}, "bio": ""}, {"id": "13335625", "photo": {"prefix": "https://igx.4sqi.net/img/user/", "suffix": "/HLOVLFDJHSE3I5ST.jpg"}, "homeCity": "Singapore", "contact": {"twitter": "channnychan"}, "firstName": "elyssa", "tips": {"count": 0}, "gender": "female", "lastName": "chan", "lists": {"groups": [{"count": 2, "type": "created", "items": []}]}, "bio": ""}, {"id": "22135831", "photo": {"prefix": "https://igx.4sqi.net/img/user/", "suffix": "/F1QUTACELDY3AIOF.jpg"}, "homeCity": "New York, NY", "contact": {}, "firstName": "Nicko", "tips": {"count": 0}, "gender": "male", "lastName": "Nick", "lists": {"groups": [{"count": 2, "type": "created", "items": []}]}, "bio": ""}, {"id": "12110553", "photo": {"prefix": "https://igx.4sqi.net/img/user/", "suffix": "/HQ5H3CTAUVHQZZAI.jpg"}, "homeCity": "Singapore", "contact": {"facebook": "613486939", "twitter": "f_hendrika"}, "firstName": "Farhanna", "tips": {"count": 1}, "gender": "female", "lastName": "Hendrika", "lists": {"groups": [{"count": 2, "type": "created", "items": []}]}, "bio": ""}, {"id": "16713805", "photo": {"prefix": "https://igx.4sqi.net/img/user/", "suffix": "/16713805-PBRBC2YBS4P5DOW4.jpg"}, "homeCity": "Singapore", "contact": {"facebook": "574743874", "twitter": "electrixheart"}, "firstName": "Cheryl", "tips": {"count": 0}, "gender": "female", "lastName": "Leong", "lists": {"groups": [{"count": 3, "type": "created", "items": []}]}, "bio": ""}, {"id": "16172600", "photo": {"prefix": "https://igx.4sqi.net/img/user/", "suffix": "/16172600-HAZ2Z3D4IYSFDZ22.jpg"}, "homeCity": "Singapore", "contact": {"facebook": "660399422", "twitter": "dolcevitaz"}, "firstName": "Zuen", "tips": {"count": 0}, "gender": "female", "lastName": "Germanotta", "lists": {"groups": [{"count": 2, "type": "created", "items": []}]}, "bio": "Twitter: @DolceVitaz \r\nInstagram: xTheaaax"}, {"id": "6030440", "photo": {"prefix": "https://igx.4sqi.net/img/user/", "suffix": "/LTXVGLWIULBH2PHS.jpg"}, "homeCity": "Singapore", "contact": {"facebook": "100001615904213"}, "firstName": "Cheryl", "tips": {"count": 0}, "gender": "female", "lastName": "Chua", "lists": {"groups": [{"count": 2, "type": "created", "items": []}]}, "bio": ""}, {"id": "3734786", "photo": {"prefix": "https://igx.4sqi.net/img/user/", "suffix": "/A54MZBRCRMC42M4U.jpg"}, "homeCity": "Singapore", "contact": {"twitter": "peiwenz"}, "firstName": "Peiwen", "tips": {"count": 0}, "gender": "female", "lastName": "Chan", "lists": {"groups": [{"count": 2, "type": "created", "items": []}]}, "bio": ""}, {"id": "5372379", "photo": {"prefix": "https://igx.4sqi.net/img/user/", "suffix": "/UZ5BMQQ1QPPPWXLJ.jpg"}, "homeCity": "Singapore", "contact": {"facebook": "1770888165"}, "firstName": "Solomon", "tips": {"count": 5}, "gender": "male", "lastName": "Salvatore", "lists": {"groups": [{"count": 2, "type": "created", "items": []}]}, "bio": "You nice. I nice."}, {"id": "4516759", "photo": {"prefix": "https://igx.4sqi.net/img/user/", "suffix": "/4516759-WFOL4PYFMODFBVZB.jpg"}, "homeCity": "Singapore", "contact": {"facebook": "578283424", "twitter": "acyting"}, "firstName": "Amanda", "tips": {"count": 1}, "gender": "female", "lastName": "Cyt", "lists": {"groups": [{"count": 2, "type": "created", "items": []}]}, "bio": "https://twitter.com/#!/ACYTING\r\nInstagram ID: acyting"}, {"id": "2267263", "photo": {"prefix": "https://igx.4sqi.net/img/user/", "suffix": "/SD1HYL2MPYB5MWYH.jpg"}, "homeCity": "Orchard Road, Singapore", "contact": {"twitter": "joannalhs"}, "firstName": "Joanna", "tips": {"count": 0}, "gender": "female", "lastName": "Lim", "lists": {"groups": [{"count": 2, "type": "created", "items": []}]}, "bio": ""}, {"id": "3852941", "photo": {"prefix": "https://igx.4sqi.net/img/user/", "suffix": "/HNB4GS1ZCURXG2IW.jpg"}, "homeCity": "Singapore", "contact": {"facebook": "601030642", "twitter": "pannsiri"}, "firstName": "Aaron", "tips": {"count": 0}, "gender": "male", "lastName": "Pan", "lists": {"groups": [{"count": 2, "type": "created", "items": []}]}, "bio": ""}, {"id": "22960316", "photo": {"prefix": "https://igx.4sqi.net/img/user/", "suffix": "/GD3UJ4MR0Z31T2EV.jpg"}, "homeCity": "singapore", "contact": {"twitter": "showzhlim"}, "firstName": "Zhihao", "tips": {"count": 0}, "gender": "male", "lastName": "Lim", "lists": {"groups": [{"count": 2, "type": "created", "items": []}]}, "bio": ""}, {"id": "17888198", "photo": {"prefix": "https://igx.4sqi.net/img/user/", "suffix": "/REZGUSKAD1J41VUT.jpg"}, "homeCity": "Singapore", "contact": {"facebook": "604838605", "twitter": "chennychenn"}, "firstName": "NetNet", "tips": {"count": 4}, "gender": "female", "lastName": "Chen", "lists": {"groups": [{"count": 2, "type": "created", "items": []}]}, "bio": ""}, {"id": "19936989", "photo": {"prefix": "https://igx.4sqi.net/img/user/", "suffix": "/Y1DNEBW31IENHS5C.jpg"}, "homeCity": "New York, NY", "contact": {"twitter": "kayleesya"}, "firstName": "Kaylee", "tips": {"count": 0}, "gender": "female", "lastName": "Sya", "lists": {"groups": [{"count": 2, "type": "created", "items": []}]}, "bio": ""}, {"id": "6170523", "photo": {"prefix": "https://igx.4sqi.net/img/user/", "suffix": "/Q5R2EF2I5S2QIQUH.jpg"}, "homeCity": "Singapore", "contact": {"facebook": "100001301764513", "twitter": "daintybunny"}, "firstName": "Abrielle Lye", "tips": {"count": 0}, "gender": "female", "lastName": "Yue Shi", "lists": {"groups": [{"count": 2, "type": "created", "items": []}]}, "bio": ""}, {"id": "3735911", "photo": {"prefix": "https://igx.4sqi.net/img/user/", "suffix": "/L43C5H12AWN2HEHD.jpg"}, "homeCity": "Singapore", "contact": {"facebook": "1092360899"}, "firstName": "Yuinping", "tips": {"count": 0}, "gender": "female", "lists": {"groups": [{"count": 2, "type": "created", "items": []}]}, "bio": ""}, {"id": "4800086", "photo": {"prefix": "https://igx.4sqi.net/img/user/", "suffix": "/QKOCO0VCPYFQN5BB.jpg"}, "homeCity": "Singapore", "contact": {"facebook": "1654548725", "twitter": "tanchoonkai"}, "firstName": "Choon", "tips": {"count": 0}, "gender": "male", "lastName": "Kai", "lists": {"groups": [{"count": 2, "type": "created", "items": []}]}, "bio": ""}, {"id": "3018780", "photo": {"prefix": "https://igx.4sqi.net/img/user/", "suffix": "/3018780-ONFBTIR2FP2BVR0O.jpg"}, "homeCity": "Singapore", "contact": {"facebook": "1400926375", "twitter": "nikokocrunch"}, "firstName": "Nixon", "tips": {"count": 0}, "gender": "male", "lastName": "Koh", "lists": {"groups": [{"count": 2, "type": "created", "items": []}]}, "bio": ""}, {"id": "5208426", "photo": {"prefix": "https://igx.4sqi.net/img/user/", "suffix": "/5208426-0VKZV0VHGRAA3NVN.jpg"}, "homeCity": "Singapore", "contact": {"facebook": "662458814", "twitter": "jiazhengsay"}, "firstName": "Jiazheng", "tips": {"count": 1}, "gender": "male", "lastName": "Says", "lists": {"groups": [{"count": 2, "type": "created", "items": []}]}, "bio": ""}, {"id": "23561076", "photo": {"prefix": "https://igx.4sqi.net/img/user/", "suffix": "/EJGPUXRXKX3NV3SK.jpg"}, "homeCity": "New York, NY", "contact": {"facebook": "1548739608"}, "firstName": "Janice", "tips": {"count": 0}, "gender": "female", "lastName": "Cheng", "lists": {"groups": [{"count": 2, "type": "created", "items": []}]}, "bio": ""}, {"id": "13919637", "photo": {"prefix": "https://igx.4sqi.net/img/user/", "suffix": "/EVNX1XCY3MW1SHYJ.jpg"}, "homeCity": "Singapore", "contact": {"facebook": "814003328", "twitter": "pinkgeekspecs"}, "firstName": "Peiyu", "tips": {"count": 0}, "gender": "female", "lastName": "\u2665", "lists": {"groups": [{"count": 2, "type": "created", "items": []}]}, "bio": ""}, {"id": "4987449", "photo": {"prefix": "https://igx.4sqi.net/img/user/", "suffix": "/2EQ0RZKI34JBFGM1.jpg"}, "homeCity": "Singapore", "contact": {"facebook": "608283920", "twitter": "lsihua"}, "firstName": "Sihua", "tips": {"count": 0}, "gender": "female", "lastName": "Lee", "lists": {"groups": [{"count": 2, "type": "created", "items": []}]}, "bio": ""}, {"id": "3427909", "photo": {"prefix": "https://igx.4sqi.net/img/user/", "suffix": "/3427909-PEGVICYZEMKFQ1IX.jpg"}, "homeCity": "Singapore", "contact": {"facebook": "10152907834411583", "twitter": "atonequekyenfei"}, "firstName": "Quek Yen Fei", "tips": {"count": 0}, "gender": "male", "lastName": "Kenneth", "lists": {"groups": [{"count": 2, "type": "created", "items": []}]}, "bio": "http://www.facebook.com/cff6300a5fei\r\nhttps://twitter.com/AtoneQuekYenFei"}, {"id": "5798604", "photo": {"prefix": "https://igx.4sqi.net/img/user/", "default": true, "suffix": "/blank_girl.png"}, "homeCity": "Singapore", "contact": {}, "firstName": "Gina", "tips": {"count": 0}, "gender": "female", "lastName": "Ng", "lists": {"groups": [{"count": 2, "type": "created", "items": []}]}, "bio": ""}, {"id": "23811967", "photo": {"prefix": "https://igx.4sqi.net/img/user/", "suffix": "/CMZVBLOHQQ21UDFH.jpg"}, "homeCity": "Singapore", "contact": {"facebook": "100000533494425"}, "firstName": "Acey", "tips": {"count": 1}, "gender": "male", "lastName": "Tan", "lists": {"groups": [{"count": 2, "type": "created", "items": []}]}, "bio": "Hey guys please do add me at my new fb account. Aceyy September. Thanks."}, {"id": "5014888", "photo": {"prefix": "https://igx.4sqi.net/img/user/", "suffix": "/HVV20PFNNSQOXMQ4.jpg"}, "homeCity": "Singapore", "contact": {"facebook": "668784938"}, "firstName": "Lim", "tips": {"count": 0}, "gender": "male", "lastName": "Zhaorui", "lists": {"groups": [{"count": 2, "type": "created", "items": []}]}, "bio": ""}, {"id": "3646910", "photo": {"prefix": "https://igx.4sqi.net/img/user/", "suffix": "/EN1Z3KLT43L1QCCX.jpg"}, "homeCity": "New York, NY", "contact": {"twitter": "cmyzx"}, "firstName": "Cheong", "tips": {"count": 0}, "gender": "none", "lastName": "Meiyi", "lists": {"groups": [{"count": 2, "type": "created", "items": []}]}, "bio": ""}, {"id": "16407307", "photo": {"prefix": "https://igx.4sqi.net/img/user/", "suffix": "/DTOED1RDJMZKHUSX.jpg"}, "homeCity": "Singapore", "contact": {"facebook": "542294322", "twitter": "sealedinscarlet"}, "firstName": "Ameria", "tips": {"count": 0}, "gender": "female", "lastName": "Wong", "lists": {"groups": [{"count": 2, "type": "created", "items": []}]}, "bio": ""}, {"id": "29273662", "photo": {"prefix": "https://igx.4sqi.net/img/user/", "suffix": "/29273662-PXQRNOHJYSOSZTOL.jpg"}, "homeCity": "Singapore", "contact": {"facebook": "1099093302", "twitter": "stephpalamasin"}, "firstName": "Stephanie", "tips": {"count": 0}, "gender": "female", "lastName": "Palamasin", "lists": {"groups": [{"count": 2, "type": "created", "items": []}]}, "bio": ""}, {"id": "5020261", "photo": {"prefix": "https://igx.4sqi.net/img/user/", "suffix": "/TDBKU3SZ2VZDAT1E.jpg"}, "homeCity": "Singapore", "contact": {"facebook": "612602823", "twitter": "raychelleyeo"}, "firstName": "Raychelle", "tips": {"count": 0}, "gender": "female", "lastName": "Yeo", "lists": {"groups": [{"count": 2, "type": "created", "items": []}]}, "bio": ""}, {"id": "3995629", "photo": {"prefix": "https://igx.4sqi.net/img/user/", "suffix": "/XTAG0B2M1KTFLPZ3.jpg"}, "homeCity": "Singapore", "contact": {}, "firstName": "KeN", "tips": {"count": 0}, "gender": "male", "lastName": "Milky", "lists": {"groups": [{"count": 2, "type": "created", "items": []}]}, "bio": ""}, {"id": "5326961", "photo": {"prefix": "https://igx.4sqi.net/img/user/", "suffix": "/5326961-PI21QIOG4YJMRRSK.jpg"}, "homeCity": "Singapore", "contact": {"twitter": "shuyantallyyy"}, "firstName": "Shuyan", "tips": {"count": 0}, "gender": "female", "lastName": "Tally", "lists": {"groups": [{"count": 2, "type": "created", "items": []}]}, "bio": "https://twitter.com/shuyantallyyy"}, {"id": "4001586", "photo": {"prefix": "https://igx.4sqi.net/img/user/", "suffix": "/CKQF32NR1L2OKFNK.jpg"}, "homeCity": "Singapore", "contact": {"facebook": "671330855", "twitter": "jordanxiphiusl"}, "firstName": "Jordan Xiphius", "tips": {"count": 0}, "gender": "male", "lastName": "Lee", "lists": {"groups": [{"count": 3, "type": "created", "items": []}]}, "bio": "Smile b*tch ;)"}, {"id": "11990019", "photo": {"prefix": "https://igx.4sqi.net/img/user/", "suffix": "/11990019-K4TJRGPMZKM0SYA3.jpg"}, "homeCity": "Singapore", "contact": {"facebook": "586015465", "twitter": "avainityscar"}, "firstName": "Amelea", "tips": {"count": 0}, "gender": "female", "lastName": "Tan", "lists": {"groups": [{"count": 2, "type": "created", "items": []}]}, "bio": "You can bribe me with cakes \ud83c\udf70"}, {"id": "4481902", "photo": {"prefix": "https://igx.4sqi.net/img/user/", "suffix": "/4481902-IPGNLI2AM24SOAPB.jpg"}, "homeCity": "New York, NY", "contact": {"facebook": "614603675", "twitter": "shihaooo"}, "firstName": "Shi hao", "tips": {"count": 0}, "gender": "male", "lists": {"groups": [{"count": 2, "type": "created", "items": []}]}, "bio": ""}, {"id": "23032946", "photo": {"prefix": "https://igx.4sqi.net/img/user/", "default": true, "suffix": "/blank_boy.png"}, "homeCity": "Brisbane, Australia", "contact": {}, "firstName": "Augustine", "tips": {"count": 0}, "gender": "male", "lastName": "Hong", "lists": {"groups": [{"count": 2, "type": "created", "items": []}]}, "bio": ""}, {"id": "5006073", "photo": {"prefix": "https://igx.4sqi.net/img/user/", "suffix": "/4CTBPEAI0HDBEG0W.jpg"}, "homeCity": "Singapore", "contact": {"facebook": "561591720"}, "firstName": "Jiongwen", "tips": {"count": 0}, "gender": "male", "lastName": "Ng", "lists": {"groups": [{"count": 2, "type": "created", "items": []}]}, "bio": ""}, {"id": "42535399", "photo": {"prefix": "https://igx.4sqi.net/img/user/", "suffix": "/C0E0UACEIEJEM1JC.jpg"}, "homeCity": "New York, NY", "contact": {"facebook": "731577337"}, "firstName": "Yonghui", "tips": {"count": 0}, "gender": "male", "lastName": "Abzanguinaut", "lists": {"groups": [{"count": 2, "type": "created", "items": []}]}, "bio": ""}, {"id": "5128300", "photo": {"prefix": "https://igx.4sqi.net/img/user/", "suffix": "/5128300-B3TBW12ICWQ3Z5WP.jpg"}, "homeCity": "Singapore", "contact": {"facebook": "1409972575688463", "twitter": "prissylala"}, "firstName": "Priscilla", "tips": {"count": 0}, "gender": "female", "lists": {"groups": [{"count": 2, "type": "created", "items": []}]}, "bio": "Instagram: prissyvixi \r\nhttp://prissyfiore.tumblr.com"}, {"id": "57278494", "photo": {"prefix": "https://igx.4sqi.net/img/user/", "suffix": "/MM3USM3FXIYINFMI.jpg"}, "homeCity": "Singapore", "contact": {"facebook": "1553113675", "twitter": "weiquannnn"}, "firstName": "Wei", "tips": {"count": 0}, "gender": "male", "lastName": "Quan", "lists": {"groups": [{"count": 2, "type": "created", "items": []}]}, "bio": ""}, {"id": "5230543", "photo": {"prefix": "https://igx.4sqi.net/img/user/", "suffix": "/L2TSPHKUV00HXH4K.jpg"}, "homeCity": "New York, NY", "contact": {}, "firstName": "Weiling", "tips": {"count": 0}, "gender": "female", "lastName": "Ang", "lists": {"groups": [{"count": 2, "type": "created", "items": []}]}, "bio": ""}, {"id": "5746741", "photo": {"prefix": "https://igx.4sqi.net/img/user/", "suffix": "/FJUHHY0OLJYUMFRG.jpg"}, "homeCity": "Singapore", "contact": {"facebook": "1011282508"}, "firstName": "Kelvin", "tips": {"count": 1}, "gender": "male", "lastName": "Koh", "lists": {"groups": [{"count": 2, "type": "created", "items": []}]}, "bio": ""}, {"id": "6020032", "photo": {"prefix": "https://igx.4sqi.net/img/user/", "suffix": "/GZ2FE5KWNLF1IXOG.jpg"}, "homeCity": "Singapore", "contact": {"twitter": "jezrika"}, "firstName": "Jezrika", "tips": {"count": 0}, "gender": "female", "lastName": "See", "lists": {"groups": [{"count": 2, "type": "created", "items": []}]}, "bio": ""}, {"id": "6364678", "photo": {"prefix": "https://igx.4sqi.net/img/user/", "suffix": "/GHRUL5NGZQ4W2E2V.jpg"}, "homeCity": "Singapore", "contact": {"facebook": "574236298"}, "firstName": "Nathaniel", "tips": {"count": 2}, "gender": "male", "lastName": "Tan", "lists": {"groups": [{"count": 2, "type": "created", "items": []}]}, "bio": ""}, {"id": "8866071", "photo": {"prefix": "https://igx.4sqi.net/img/user/", "suffix": "/8866071-YSAAIIV1GPJMCJSE.jpg"}, "homeCity": "Australia", "contact": {"facebook": "568048383", "twitter": "xcindylin"}, "firstName": "Cindy", "tips": {"count": 8}, "gender": "female", "lastName": "Lin", "lists": {"groups": [{"count": 4, "type": "created", "items": []}]}, "bio": ""}]}, "checksum": "42b1d1e298d34dbdad7e69fcaefedfcf3cdc3622"}}