{"notifications": [{"type": "notificationTray", "item": {"unreadCount": 0}}], "meta": {"requestId": "596702779fb6b770db929014", "code": 200}, "response": {"friends": {"count": 69, "items": [{"id": "20304333", "photo": {"prefix": "https://igx.4sqi.net/img/user/", "suffix": "/20304333-JL52SJSPUJJMC1CX.jpg"}, "homeCity": "Pulau Pinang", "contact": {"facebook": "100000062957703"}, "firstName": "\ud83c\udf38Joey", "tips": {"count": 5}, "gender": "female", "lastName": "Lim", "lists": {"groups": [{"count": 2, "type": "created", "items": []}]}, "bio": ""}, {"id": "58937559", "photo": {"prefix": "https://igx.4sqi.net/img/user/", "suffix": "/58937559-KCOIJBJAXJJE2ZWR.jpg"}, "homeCity": "Tanjung Bungah, PNG", "contact": {"facebook": "1674366869"}, "firstName": "Gennie", "tips": {"count": 2}, "gender": "female", "lastName": "Chia", "lists": {"groups": [{"count": 2, "type": "created", "items": []}]}, "bio": ""}, {"id": "57862424", "photo": {"prefix": "https://igx.4sqi.net/img/user/", "default": true, "suffix": "/blank_girl.png"}, "homeCity": "Ayer Itam", "contact": {"facebook": "1272198957"}, "firstName": "Kar", "tips": {"count": 0}, "gender": "female", "lastName": "Sin", "lists": {"groups": [{"count": 2, "type": "created", "items": []}]}, "bio": ""}, {"id": "12739143", "photo": {"prefix": "https://igx.4sqi.net/img/user/", "suffix": "/12739143-DARHKDEGNS0DBPZT.jpg"}, "homeCity": "Pulau Pinang, Malaysia", "contact": {"facebook": "1212631235", "twitter": "edisoncshen"}, "firstName": "Chen", "tips": {"count": 17}, "gender": "male", "lastName": "Shen", "lists": {"groups": [{"count": 2, "type": "created", "items": []}]}, "bio": ""}, {"id": "24594500", "photo": {"prefix": "https://igx.4sqi.net/img/user/", "suffix": "/24594500-LQDA51GTHNVHNDQC.jpg"}, "homeCity": "Penang", "contact": {"facebook": "10152732314553091", "twitter": "jasonlim107"}, "firstName": "Jason", "tips": {"count": 0}, "gender": "male", "lastName": "Lim", "lists": {"groups": [{"count": 2, "type": "created", "items": []}]}, "bio": ""}, {"id": "67872333", "photo": {"prefix": "https://igx.4sqi.net/img/user/", "suffix": "/67872333_9rSAUWH-_ot4L_jdhS8JtgyxlhtoTd65_K7xIqfMncAK8D2xkprI3ZlpVXaBY355M0v26Xwx8.jpg"}, "homeCity": "George Town, PNG", "contact": {"facebook": "100006765006844", "twitter": "jiachun5155"}, "firstName": "JACE", "tips": {"count": 5}, "gender": "male", "lastName": "JC", "lists": {"groups": [{"count": 2, "type": "created", "items": []}]}, "bio": "Find me everywhere\nFacebook: Jace JC\nTwitter: @jiachun5155\nInstagram: jacejc_"}, {"id": "12104593", "photo": {"prefix": "https://igx.4sqi.net/img/user/", "suffix": "/12104593-USFERCKDGNKYZZR1.jpg"}, "homeCity": "Seoul, South Korea", "contact": {"facebook": "1453612383", "twitter": "jingeryeoh"}, "firstName": "Jinger", "tips": {"count": 14}, "gender": "female", "lastName": "Yeoh", "lists": {"groups": [{"count": 6, "type": "created", "items": []}]}, "bio": "http://jingeryeoh.flavors.me/"}, {"id": "4417507", "photo": {"prefix": "https://igx.4sqi.net/img/user/", "suffix": "/4417507-VHU01WVDNZAPTRHV.jpg"}, "homeCity": "Tanjong Bungah, Malaysia", "contact": {"facebook": "1098132532", "twitter": "kheng1995"}, "firstName": "Tait Kheng", "tips": {"count": 0}, "gender": "male", "lists": {"groups": [{"count": 2, "type": "created", "items": []}]}, "bio": ""}, {"id": "94029284", "photo": {"prefix": "https://igx.4sqi.net/img/user/", "suffix": "/94029284_ECN-SCIn_dKBCdJVzaNcOx10A2tamh1_pcfJ0JT54fOZRPgNuglBmGH_VTREb52wmfgbirX94.jpg"}, "homeCity": "Teluk Bahang, PNG", "contact": {"facebook": "100001253378181"}, "firstName": "Wen", "tips": {"count": 0}, "gender": "female", "lastName": "Jia", "lists": {"groups": [{"count": 2, "type": "created", "items": []}]}, "bio": ""}, {"id": "14088638", "photo": {"prefix": "https://igx.4sqi.net/img/user/", "suffix": "/14088638-RMPCCFJENYUZZRMB.jpg"}, "homeCity": "Pulau Pinang, Malaysia", "contact": {"facebook": "100006200852335", "twitter": "yxsam95yxsam"}, "firstName": "Yx", "tips": {"count": 1}, "gender": "female", "lastName": "Sam\ud83e\udd81", "lists": {"groups": [{"count": 3, "type": "created", "items": []}]}, "bio": ""}, {"id": "44050576", "photo": {"prefix": "https://igx.4sqi.net/img/user/", "suffix": "/I2PNM1WOV54G0KOR.jpg"}, "homeCity": "pulau pinang", "contact": {"facebook": "1827155775", "twitter": "jacquesyeoh"}, "firstName": "Jacques", "tips": {"count": 0}, "gender": "male", "lastName": "Yeoh", "lists": {"groups": [{"count": 2, "type": "created", "items": []}]}, "bio": ""}, {"id": "47291137", "photo": {"prefix": "https://igx.4sqi.net/img/user/", "suffix": "/47291137-W1UBNJTWJ41R4GLO.jpg"}, "homeCity": "Pulau Pinang", "contact": {}, "firstName": "ALCL", "tips": {"count": 0}, "gender": "male", "lists": {"groups": [{"count": 2, "type": "created", "items": []}]}, "bio": ""}, {"id": "7626266", "photo": {"prefix": "https://igx.4sqi.net/img/user/", "suffix": "/7626266-IJJZPUWVQSYYF1E4.jpg"}, "homeCity": "Malaysia", "contact": {"facebook": "988043427873119", "twitter": "behrina"}, "firstName": "Beh", "tips": {"count": 2}, "gender": "female", "lastName": "Rina", "lists": {"groups": [{"count": 2, "type": "created", "items": []}]}, "bio": "Instagram: behrina"}, {"id": "7798618", "photo": {"prefix": "https://igx.4sqi.net/img/user/", "suffix": "/7798618-NXR3B1SWVXZAOH3H.jpg"}, "homeCity": "Penang Island", "contact": {}, "firstName": "Kelly", "tips": {"count": 11}, "gender": "female", "lastName": "Yeoh", "lists": {"groups": [{"count": 3, "type": "created", "items": []}]}, "bio": "http://facebook.com/KellyTheAwesome"}, {"id": "35259913", "photo": {"prefix": "https://igx.4sqi.net/img/user/", "suffix": "/35259913-Y40IY4SMINK3ZCOC.jpg"}, "homeCity": "Ayer Itam", "contact": {"facebook": "10208047029230734"}, "firstName": "Crystal", "tips": {"count": 0}, "gender": "female", "lastName": "Ying", "lists": {"groups": [{"count": 2, "type": "created", "items": []}]}, "bio": ""}, {"id": "73491948", "photo": {"prefix": "https://igx.4sqi.net/img/user/", "suffix": "/73491948-O35DEZY0QEHEDTK0.jpg"}, "homeCity": "Tanjung Tokong, PNG", "contact": {"facebook": "1042378838", "twitter": "xinhonglee"}, "firstName": "Xinhong", "tips": {"count": 0}, "gender": "female", "lastName": "Lee", "lists": {"groups": [{"count": 2, "type": "created", "items": []}]}, "bio": ""}, {"id": "8313950", "photo": {"prefix": "https://igx.4sqi.net/img/user/", "suffix": "/8313950-42WJG5E1W03VXSEK.jpg"}, "homeCity": "Tanjong Bungah, Malaysia", "contact": {"facebook": "100002326534945", "twitter": "canacarrena"}, "firstName": "Carrena", "tips": {"count": 0}, "gender": "female", "lastName": "Sim", "lists": {"groups": [{"count": 2, "type": "created", "items": []}]}, "bio": ""}, {"id": "85235021", "photo": {"prefix": "https://igx.4sqi.net/img/user/", "suffix": "/85235021-SL4KRIU1RY20VGY1.jpg"}, "homeCity": "Penang, Malaysia", "contact": {"facebook": "100000124008254"}, "firstName": "Alex", "tips": {"count": 0}, "gender": "male", "lastName": "Lim", "lists": {"groups": [{"count": 2, "type": "created", "items": []}]}, "bio": ""}, {"id": "6469130", "photo": {"prefix": "https://igx.4sqi.net/img/user/", "suffix": "/6469130_xdfUBV5M_1Dl2KTp8QZoGxOFoHBQAKn0RHbIcDWsjZwoO-4jYc8w9eO79LZMN3HvsBrvf3beZ.jpg"}, "homeCity": "Tanjung Tokong, Malaysia", "contact": {"facebook": "10153046442633656", "twitter": "shuyeee"}, "firstName": "Shuyee", "tips": {"count": 8}, "gender": "female", "lists": {"groups": [{"count": 2, "type": "created", "items": []}]}, "bio": ""}, {"id": "22455191", "photo": {"prefix": "https://igx.4sqi.net/img/user/", "suffix": "/22455191-PF33TJ31ORITKVVI.jpg"}, "homeCity": "Penang ", "contact": {"facebook": "1552111742", "twitter": "dillydion"}, "firstName": "dilly", "tips": {"count": 1}, "gender": "male", "lastName": "Dion", "lists": {"groups": [{"count": 2, "type": "created", "items": []}]}, "bio": "I only checked in when I'm bored. Ha!"}, {"id": "33070352", "photo": {"prefix": "https://igx.4sqi.net/img/user/", "suffix": "/33070352-V3ITN1DM3X4XQPIH.jpg"}, "homeCity": "Pulau Pinang", "contact": {"facebook": "100000028306424"}, "firstName": "Boon", "tips": {"count": 1}, "gender": "male", "lastName": "Khai", "lists": {"groups": [{"count": 2, "type": "created", "items": []}]}, "bio": ""}, {"id": "49599507", "photo": {"prefix": "https://igx.4sqi.net/img/user/", "default": true, "suffix": "/blank_boy.png"}, "homeCity": "Bukit Mertajam", "contact": {"facebook": "1048915340"}, "firstName": "Tan", "tips": {"count": 0}, "gender": "male", "lastName": "Noobie", "lists": {"groups": [{"count": 2, "type": "created", "items": []}]}, "bio": ""}, {"id": "40264455", "photo": {"prefix": "https://igx.4sqi.net/img/user/", "suffix": "/40264455-Z5UOWTVG3Y1ULRBY.jpg"}, "homeCity": "Pulau Pinang", "contact": {"facebook": "1237549052"}, "firstName": "Janice", "tips": {"count": 0}, "gender": "female", "lists": {"groups": [{"count": 2, "type": "created", "items": []}]}, "bio": ""}, {"id": "135641599", "photo": {"prefix": "https://igx.4sqi.net/img/user/", "suffix": "/135641599-R2XGZ54ADSAXQJY2.jpg"}, "homeCity": "BM, PNG", "contact": {"facebook": "10206161900840380", "twitter": "sshantao"}, "firstName": "Shan", "tips": {"count": 0}, "gender": "female", "lastName": "Thow \ud83d\udc69", "lists": {"groups": [{"count": 2, "type": "created", "items": []}]}, "bio": ""}, {"id": "59062294", "photo": {"prefix": "https://igx.4sqi.net/img/user/", "suffix": "/59062294-NX5I0VQXOQAUQ5YS.jpg"}, "homeCity": "Bayan Lepas, PNG", "contact": {"facebook": "1849764203", "twitter": "yingyin83874536"}, "firstName": "Lim", "tips": {"count": 8}, "gender": "female", "lastName": "Ying", "lists": {"groups": [{"count": 3, "type": "created", "items": []}]}, "bio": ""}, {"id": "115542717", "photo": {"prefix": "https://igx.4sqi.net/img/user/", "suffix": "/115542717-VWKK21JGDFU2UMJZ.jpg"}, "homeCity": "Perai, PNG", "contact": {"facebook": "1022197414464106"}, "firstName": "Witson", "tips": {"count": 0}, "gender": "male", "lastName": "See", "lists": {"groups": [{"count": 2, "type": "created", "items": []}]}, "bio": ""}, {"id": "17185334", "photo": {"prefix": "https://igx.4sqi.net/img/user/", "suffix": "/17185334-QJF3Y1N2JHQGSTSE.jpg"}, "homeCity": "Pulau Pinang, Malaysia", "contact": {"twitter": "lohchuanwei"}, "firstName": "Jeffrey", "tips": {"count": 2}, "gender": "male", "lastName": "Loh", "lists": {"groups": [{"count": 2, "type": "created", "items": []}]}, "bio": ""}, {"id": "10301161", "photo": {"prefix": "https://igx.4sqi.net/img/user/", "suffix": "/FUPFDYFTYC0D5CA1.jpg"}, "homeCity": "Kuala Lumpur, Malaysia", "contact": {"facebook": "1373800542", "twitter": "jianhui92"}, "firstName": "Jian Hui", "tips": {"count": 1}, "gender": "male", "lastName": "Full", "lists": {"groups": [{"count": 2, "type": "created", "items": []}]}, "bio": "wechat:jianhuifull\r\nFacebook:Jian Hui Full\r\nInstagram:jianhuiiiiii"}, {"id": "95348307", "photo": {"prefix": "https://igx.4sqi.net/img/user/", "suffix": "/95348307-RDLWJDNRT5SS21GJ.jpg"}, "homeCity": "Penang, Malaysia", "contact": {"facebook": "1816406220"}, "firstName": "Andy", "tips": {"count": 0}, "gender": "male", "lastName": "\u6770\u6770", "lists": {"groups": [{"count": 2, "type": "created", "items": []}]}, "bio": ""}, {"id": "35086588", "photo": {"prefix": "https://igx.4sqi.net/img/user/", "suffix": "/35086588-FC3QNNCS00EFUI0D.jpg"}, "homeCity": "Malaysia", "contact": {"facebook": "1106236129404909", "twitter": "peixuang"}, "firstName": "Pei", "tips": {"count": 0}, "gender": "female", "lastName": "Xuan", "lists": {"groups": [{"count": 2, "type": "created", "items": []}]}, "bio": ""}, {"id": "92104810", "photo": {"prefix": "https://igx.4sqi.net/img/user/", "suffix": "/92104810-TI2MJJSMZRHIIUBU.jpg"}, "homeCity": "Tanjung Bungah, PNG", "contact": {"facebook": "100003264529411"}, "firstName": "Jun", "tips": {"count": 0}, "gender": "male", "lastName": "Sen", "lists": {"groups": [{"count": 2, "type": "created", "items": []}]}, "bio": ""}, {"id": "34490599", "photo": {"prefix": "https://igx.4sqi.net/img/user/", "suffix": "/34490599-TUYFGWWZFX5OUL4L.jpg"}, "homeCity": "Pulau Pinang", "contact": {"facebook": "10207401619506523"}, "firstName": "Alan", "tips": {"count": 0}, "gender": "male", "lastName": "JiunWoei", "lists": {"groups": [{"count": 2, "type": "created", "items": []}]}, "bio": ""}, {"id": "13939684", "photo": {"prefix": "https://igx.4sqi.net/img/user/", "suffix": "/13939684-4KEIZD1CDT5BEZGU.jpg"}, "homeCity": "Pulau Pinang, Malaysia", "contact": {"facebook": "1701324932", "twitter": "jiayummm"}, "firstName": "jessie", "tips": {"count": 12}, "gender": "female", "lastName": "k", "lists": {"groups": [{"count": 5, "type": "created", "items": []}]}, "bio": "\ud83d\ude09"}, {"id": "65482937", "photo": {"prefix": "https://igx.4sqi.net/img/user/", "suffix": "/LOO2L3SKOM00XQL0.jpg"}, "homeCity": "George Town, PNG", "contact": {"facebook": "863769160352655"}, "firstName": "Ren", "tips": {"count": 1}, "gender": "male", "lastName": "Sheng", "lists": {"groups": [{"count": 2, "type": "created", "items": []}]}, "bio": ""}, {"id": "81460526", "photo": {"prefix": "https://igx.4sqi.net/img/user/", "suffix": "/81460526_OTJPgF1Z_qM9RSe9HYft0pTOqkDg-ILo5-Si--dLXOOFXoaFo7M1mVuM0rArbtMIY7JkJw3bR.jpg"}, "homeCity": "Tanjung Tokong, PNG", "contact": {"facebook": "100001016408216"}, "firstName": "Jenny", "tips": {"count": 0}, "gender": "female", "lastName": "Mok", "lists": {"groups": [{"count": 2, "type": "created", "items": []}]}, "bio": ""}, {"id": "85394524", "photo": {"prefix": "https://igx.4sqi.net/img/user/", "suffix": "/85394524-XBBXZ323SL3XYS5K.jpg"}, "homeCity": "Alor Star, KDH", "contact": {"facebook": "1652144026"}, "firstName": "Wen", "tips": {"count": 0}, "gender": "female", "lastName": "Lyng", "lists": {"groups": [{"count": 2, "type": "created", "items": []}]}, "bio": ""}, {"id": "21909560", "photo": {"prefix": "https://igx.4sqi.net/img/user/", "suffix": "/21909560_-84kkjh2_d0Qk89N8h5u1d9iWsPzFgueS0BeUIS2fcxwWCXD0jG3o0MlJAxehchAcsErVvYy_.jpg"}, "homeCity": "Alor Star", "contact": {"facebook": "1620370912", "twitter": "alexloh95"}, "firstName": "Loh Yan Min", "tips": {"count": 2}, "gender": "male", "lastName": "(Alex Loh)", "lists": {"groups": [{"count": 4, "type": "created", "items": []}]}, "bio": ""}, {"id": "22460972", "photo": {"prefix": "https://igx.4sqi.net/img/user/", "suffix": "/22460972-T1GNYVG4BP12HH0J.jpg"}, "homeCity": "Penang", "contact": {"facebook": "1292289773"}, "firstName": "Ah", "tips": {"count": 0}, "gender": "female", "lastName": "Joo", "lists": {"groups": [{"count": 2, "type": "created", "items": []}]}, "bio": ""}, {"id": "33074070", "photo": {"prefix": "https://igx.4sqi.net/img/user/", "suffix": "/33074070-QDXKPXKSORXZRGVD.jpg"}, "homeCity": "Kelantan Darul Naim", "contact": {"facebook": "1083437813", "twitter": "kukublrdie"}, "firstName": "Billy", "tips": {"count": 1}, "gender": "male", "lastName": "Teoh", "lists": {"groups": [{"count": 2, "type": "created", "items": []}]}, "bio": "It's either you're a blessing or a lesson."}, {"id": "55209788", "photo": {"prefix": "https://igx.4sqi.net/img/user/", "suffix": "/55209788-2K1NE11MWQEYN5BX.jpg"}, "homeCity": "", "contact": {"facebook": "100000923195280", "twitter": "tfnyfft"}, "firstName": "Tiffany", "tips": {"count": 0}, "gender": "female", "lastName": "Foo", "lists": {"groups": [{"count": 7, "type": "created", "items": []}]}, "bio": ""}, {"id": "45278579", "photo": {"prefix": "https://igx.4sqi.net/img/user/", "suffix": "/45278579-DYUMYSLYOGRSOOS5.jpg"}, "homeCity": "Pulau Pinang", "contact": {"facebook": "100004956097701"}, "firstName": "Wee Yang", "tips": {"count": 0}, "gender": "male", "lists": {"groups": [{"count": 2, "type": "created", "items": []}]}, "bio": ""}, {"id": "100893432", "photo": {"prefix": "https://igx.4sqi.net/img/user/", "suffix": "/100893432-ACCTH3PYSIKKNDNT.jpg"}, "homeCity": "", "contact": {"facebook": "1143679196", "twitter": "elaineeex"}, "firstName": "Elaine", "tips": {"count": 0}, "gender": "female", "lastName": "Wong", "lists": {"groups": [{"count": 2, "type": "created", "items": []}]}, "bio": ""}, {"id": "133763903", "photo": {"prefix": "https://igx.4sqi.net/img/user/", "suffix": "/133763903-HAJ2XLGOOGJR1VZY.jpg"}, "homeCity": "Penang, Malaysia", "contact": {"facebook": "1008309555868555"}, "firstName": "Jack", "tips": {"count": 0}, "gender": "male", "lastName": "Lim", "lists": {"groups": [{"count": 2, "type": "created", "items": []}]}, "bio": ""}, {"id": "17484849", "photo": {"prefix": "https://igx.4sqi.net/img/user/", "suffix": "/17484849_d4j1ELRN_F4KeQS-tka36E0paTeTip89KTCgIkVEseFGc9nP-WFpb8jyZlecD7jEH_nxkrAiv.jpg"}, "homeCity": "Penang, Malaysia", "contact": {"twitter": "kaili_cheng"}, "firstName": "KaiLi", "tips": {"count": 0}, "gender": "female", "lastName": "Cheng", "lists": {"groups": [{"count": 2, "type": "created", "items": []}]}, "bio": ""}, {"id": "19941354", "photo": {"prefix": "https://igx.4sqi.net/img/user/", "suffix": "/19941354-TGNOACNXDY3HE4YV.jpg"}, "homeCity": "Pulau Pinang, Malaysia", "contact": {"facebook": "100002076908968"}, "firstName": "Debby", "tips": {"count": 1}, "gender": "female", "lists": {"groups": [{"count": 2, "type": "created", "items": []}]}, "bio": "Leo"}, {"id": "44162049", "photo": {"prefix": "https://igx.4sqi.net/img/user/", "suffix": "/JD2VF1BQ5OKYSDJN.jpg"}, "homeCity": "", "contact": {"facebook": "1076584724"}, "firstName": "YeeTing", "tips": {"count": 2}, "gender": "female", "lastName": "Chua", "lists": {"groups": [{"count": 2, "type": "created", "items": []}]}, "bio": "YeeTing\r\n20\r\nPenangite\r\nFollow my Instagram : chuayeeting"}, {"id": "92193523", "photo": {"prefix": "https://igx.4sqi.net/img/user/", "suffix": "/92193523-IZC3CZQ1QGDRYRNV.jpg"}, "homeCity": "Bayan Lepas, PNG", "contact": {"facebook": "1812882370"}, "firstName": "Li", "tips": {"count": 0}, "gender": "female", "lastName": "Ting", "lists": {"groups": [{"count": 2, "type": "created", "items": []}]}, "bio": ""}, {"id": "48061258", "photo": {"prefix": "https://igx.4sqi.net/img/user/", "suffix": "/48061258-11OKPA1DECKIEBNM.jpg"}, "homeCity": "Pulau Pinang", "contact": {"facebook": "953096094708233"}, "firstName": "Js", "tips": {"count": 0}, "gender": "male", "lastName": "Ong", "lists": {"groups": [{"count": 2, "type": "created", "items": []}]}, "bio": ""}, {"id": "55813884", "photo": {"prefix": "https://igx.4sqi.net/img/user/", "suffix": "/55813884-EMVM4QGUY0KHZJOH.jpg"}, "homeCity": "Georgetown  ", "contact": {"facebook": "912560652113704", "twitter": "jillianzxx"}, "firstName": "Jillian T.", "tips": {"count": 1}, "gender": "female", "lists": {"groups": [{"count": 2, "type": "created", "items": []}]}, "bio": "I'm lost\ud83d\ude38"}, {"id": "68364570", "photo": {"prefix": "https://igx.4sqi.net/img/user/", "suffix": "/68364570-UUHXZOP0VUAXL2GK.jpg"}, "homeCity": "", "contact": {"facebook": "100000161224692"}, "firstName": "Shuling", "tips": {"count": 2}, "gender": "female", "lastName": "Lim", "lists": {"groups": [{"count": 2, "type": "created", "items": []}]}, "bio": ""}, {"id": "81550839", "photo": {"prefix": "https://igx.4sqi.net/img/user/", "suffix": "/81550839-HRF1KDJRS02KT2VL.jpg"}, "homeCity": "Penang", "contact": {"facebook": "100000709982781", "twitter": "michelletchh"}, "firstName": "Michelle", "tips": {"count": 0}, "gender": "female", "lastName": "Tan", "lists": {"groups": [{"count": 2, "type": "created", "items": []}]}, "bio": ""}, {"id": "85585116", "photo": {"prefix": "https://igx.4sqi.net/img/user/", "suffix": "/85585116-Q5NESI3GQWE3BBLC.jpg"}, "homeCity": "George Town, PNG", "contact": {"facebook": "100003512673756", "twitter": "jeweltanseokjin"}, "firstName": "Seokjin", "tips": {"count": 1}, "gender": "female", "lastName": "Tan", "lists": {"groups": [{"count": 2, "type": "created", "items": []}]}, "bio": ""}, {"id": "46481887", "photo": {"prefix": "https://igx.4sqi.net/img/user/", "suffix": "/46481887-SOZKVPUBEKTCDJMY.jpg"}, "homeCity": "Pulau Pinang", "contact": {"facebook": "1466566890"}, "firstName": "Kokwah", "tips": {"count": 0}, "gender": "male", "lastName": "Chan", "lists": {"groups": [{"count": 2, "type": "created", "items": []}]}, "bio": ""}, {"id": "33456379", "photo": {"prefix": "https://igx.4sqi.net/img/user/", "suffix": "/33456379_4bGrTz75_I2vfndz1A089TVWItPOeZksKjJQkoREXXmr2RdyabVafT8uXq8ER-KG5H-t2two7.jpg"}, "homeCity": "Pulau Pinang", "contact": {"facebook": "100000291339812"}, "firstName": "Johnson", "tips": {"count": 2}, "gender": "male", "lastName": "Cheong", "lists": {"groups": [{"count": 2, "type": "created", "items": []}]}, "bio": ""}, {"id": "143896694", "photo": {"prefix": "https://igx.4sqi.net/img/user/", "suffix": "/143896694-AOULKVEDEIOGTKPE.jpg"}, "homeCity": "Perai, PNG", "contact": {"facebook": "610050395802948"}, "firstName": "Shi", "tips": {"count": 0}, "gender": "female", "lastName": "Man", "lists": {"groups": [{"count": 2, "type": "created", "items": []}]}, "bio": ""}, {"id": "45293038", "photo": {"prefix": "https://igx.4sqi.net/img/user/", "suffix": "/45293038-2BODG40MYKKOMEZR.jpg"}, "homeCity": "Pulau Pinang", "contact": {"facebook": "100002461267273", "twitter": "nickymonstaa"}, "firstName": "Nick", "tips": {"count": 3}, "gender": "male", "lastName": "Monsta", "lists": {"groups": [{"count": 2, "type": "created", "items": []}]}, "bio": ""}, {"id": "101659230", "photo": {"prefix": "https://igx.4sqi.net/img/user/", "suffix": "/101659230-ZLUI1CF4W50C3X4Z.jpg"}, "homeCity": "Bukit Mertajam", "contact": {"twitter": "dewithoh15"}, "firstName": "Dewit", "tips": {"count": 1}, "gender": "male", "lists": {"groups": [{"count": 2, "type": "created", "items": []}]}, "bio": ""}, {"id": "146646436", "photo": {"prefix": "https://igx.4sqi.net/img/user/", "default": true, "suffix": "/blank_boy.png"}, "homeCity": "Bayan Lepas, PNG", "contact": {"facebook": "10153679015454242"}, "firstName": "Will", "tips": {"count": 0}, "gender": "male", "lastName": "Ch", "lists": {"groups": [{"count": 2, "type": "created", "items": []}]}, "bio": ""}, {"id": "23774067", "photo": {"prefix": "https://igx.4sqi.net/img/user/", "suffix": "/23774067-OR4HAJCWT402JIK3.jpg"}, "homeCity": "Pulau Pinang", "contact": {"facebook": "1249025833", "twitter": "kehchongyou"}, "firstName": "Chong", "tips": {"count": 2}, "gender": "male", "lastName": "You", "lists": {"groups": [{"count": 2, "type": "created", "items": []}]}, "bio": ""}, {"id": "53681869", "photo": {"prefix": "https://igx.4sqi.net/img/user/", "suffix": "/53681869-0QEWN22GFE2GQDUI.jpg"}, "homeCity": "Puchong, 12", "contact": {"facebook": "10205278767342325"}, "firstName": "H", "tips": {"count": 0}, "gender": "male", "lastName": "Ng", "lists": {"groups": [{"count": 2, "type": "created", "items": []}]}, "bio": ""}, {"id": "55930278", "photo": {"prefix": "https://igx.4sqi.net/img/user/", "suffix": "/55930278-HLZWGUQ2DKM4TFGO.jpg"}, "homeCity": "George Town, 09", "contact": {"twitter": "chirlynn"}, "firstName": "Chirlynn", "tips": {"count": 0}, "gender": "female", "lastName": "Khor", "lists": {"groups": [{"count": 2, "type": "created", "items": []}]}, "bio": ""}, {"id": "124219868", "photo": {"prefix": "https://igx.4sqi.net/img/user/", "suffix": "/124219868-HL5KVCWPO5Y43B0E.jpg"}, "homeCity": "Tanjung Bungah, PNG", "contact": {"facebook": "1038608696167005", "twitter": "weiiyisoh"}, "firstName": "Weiyi", "tips": {"count": 1}, "gender": "male", "lists": {"groups": [{"count": 2, "type": "created", "items": []}]}, "bio": "keep dreaming!!!"}, {"id": "86420587", "photo": {"prefix": "https://igx.4sqi.net/img/user/", "suffix": "/86420587_IasVPYpL_dA36UviINbXv2IDtF_FRrOiBpW5_wBYQcaeRjpnHOdow8-ADfxJXLoCo8mRXww9X.jpg"}, "homeCity": "George Town, PNG", "contact": {"facebook": "100000223108232", "twitter": "vincent_1812"}, "firstName": "Vincent", "tips": {"count": 5}, "gender": "male", "lastName": "Tan", "lists": {"groups": [{"count": 2, "type": "created", "items": []}]}, "bio": "Don't judge unless you're perfect"}, {"id": "45619918", "photo": {"prefix": "https://igx.4sqi.net/img/user/", "suffix": "/45619918_lQ9IOA4w_fslS-LcMdUkFnoryXNoPc_0eJyO3WNIjurT58i-kyYShV_OLHO2hKhfEEFKgDPsu.jpg"}, "homeCity": "Pulau Pinang", "contact": {"facebook": "1822943208", "twitter": "bellefongkj"}, "firstName": "Belle", "tips": {"count": 4}, "gender": "female", "lastName": "Fong", "lists": {"groups": [{"count": 4, "type": "created", "items": []}]}, "bio": ""}, {"id": "28986433", "photo": {"prefix": "https://igx.4sqi.net/img/user/", "suffix": "/28986433_CIGeJBUv_HNQUGEtiSzhoiIm7_-KRrGCoiHNhvSISEFVmdwpHriTL-bIBCX2nSKdGp6amgMw5.jpg"}, "homeCity": "Pulau Pinang", "contact": {"facebook": "100000042121731"}, "firstName": "Wei WEn", "tips": {"count": 3}, "gender": "male", "lists": {"groups": [{"count": 2, "type": "created", "items": []}]}, "bio": ""}, {"id": "54165554", "photo": {"prefix": "https://igx.4sqi.net/img/user/", "suffix": "/WQIUUM4KFSP2WI4C.jpg"}, "homeCity": "Pulau Pinang", "contact": {"facebook": "100000566938822", "twitter": "hyperdrunk96"}, "firstName": "Breath", "tips": {"count": 1}, "gender": "male", "lastName": "Lang", "lists": {"groups": [{"count": 2, "type": "created", "items": []}]}, "bio": ""}, {"id": "120375081", "photo": {"prefix": "https://igx.4sqi.net/img/user/", "suffix": "/120375081-XIJ0DNQTE4B0ILUL.jpg"}, "homeCity": "Pulau Pinang", "contact": {"facebook": "895383873815169"}, "firstName": "Chong", "tips": {"count": 0}, "gender": "male", "lastName": "Min", "lists": {"groups": [{"count": 2, "type": "created", "items": []}]}, "bio": ""}, {"id": "92940718", "photo": {"prefix": "https://igx.4sqi.net/img/user/", "suffix": "/92940718-0BNZFG2LBHV30EWJ.jpg"}, "homeCity": "Penang, Malaysia", "contact": {"facebook": "100000378330988"}, "firstName": "JiaHua", "tips": {"count": 0}, "gender": "female", "lastName": "Puddiings", "lists": {"groups": [{"count": 2, "type": "created", "items": []}]}, "bio": ""}, {"id": "67405985", "photo": {"prefix": "https://igx.4sqi.net/img/user/", "suffix": "/67405985-ZUEEWEU3ZZMM5USB.jpg"}, "homeCity": "George Town, PNG", "contact": {"facebook": "10205422507054861"}, "firstName": "Li", "tips": {"count": 0}, "gender": "female", "lastName": "Yuan", "lists": {"groups": [{"count": 2, "type": "created", "items": []}]}, "bio": ""}]}, "checksum": "b6a7b0fd279bb874ec82159c256f67a9734dabdc"}}