{"notifications": [{"type": "notificationTray", "item": {"unreadCount": 0}}], "meta": {"requestId": "5966d62a351e3d47988b0eb0", "code": 200}, "response": {"friends": {"count": 35, "items": [{"id": "9950950", "photo": {"prefix": "https://igx.4sqi.net/img/user/", "suffix": "/MDE4NDMC30TXMAHU.jpg"}, "homeCity": "Singapore", "contact": {"facebook": "100001650680400"}, "firstName": "Anna", "tips": {"count": 0}, "gender": "female", "lastName": "Colin", "lists": {"groups": [{"count": 2, "type": "created", "items": []}]}, "bio": ""}, {"id": "6852167", "photo": {"prefix": "https://igx.4sqi.net/img/user/", "suffix": "/H51VXFE1FVJ5OFBR.jpg"}, "homeCity": "Singapore", "contact": {"twitter": "shatteredrazeen"}, "firstName": "Razeen", "tips": {"count": 0}, "gender": "male", "lists": {"groups": [{"count": 2, "type": "created", "items": []}]}, "bio": ""}, {"id": "28439569", "photo": {"prefix": "https://igx.4sqi.net/img/user/", "suffix": "/HHW0K503KOEPJKI3.jpg"}, "homeCity": "New York, NY", "contact": {"facebook": "100003218385421"}, "firstName": "Diana", "tips": {"count": 0}, "gender": "female", "lastName": "Manje", "lists": {"groups": [{"count": 2, "type": "created", "items": []}]}, "bio": ""}, {"id": "27061454", "photo": {"prefix": "https://igx.4sqi.net/img/user/", "suffix": "/D3DOCOPUIAR5HDPC.jpg"}, "homeCity": "New York, NY", "contact": {"facebook": "1460753683"}, "firstName": "Syafiq", "tips": {"count": 0}, "gender": "male", "lastName": "Van BeSar", "lists": {"groups": [{"count": 2, "type": "created", "items": []}]}, "bio": ""}, {"id": "13357283", "photo": {"prefix": "https://igx.4sqi.net/img/user/", "suffix": "/13357283-COGPRSZKFBKNLH3P.jpg"}, "homeCity": "Pasir Gudang, Malaysia", "contact": {"facebook": "100001169324175", "twitter": "cacamashirun"}, "firstName": "caca", "tips": {"count": 0}, "gender": "female", "lastName": "mashirun", "lists": {"groups": [{"count": 2, "type": "created", "items": []}]}, "bio": "\u2661\u265aWhen you love somebody, Prepare yourself tog be hurt, No matter how painful it is\u265b\u2661\r\n#twitter @cacamashirun"}, {"id": "5625153", "photo": {"prefix": "https://igx.4sqi.net/img/user/", "suffix": "/JJQYOXEE5M3D15CJ.jpg"}, "homeCity": "Singapore", "contact": {"facebook": "626222808"}, "firstName": "Halima", "tips": {"count": 1}, "gender": "female", "lastName": "Adiah", "lists": {"groups": [{"count": 2, "type": "created", "items": []}]}, "bio": ""}, {"id": "234812", "photo": {"prefix": "https://igx.4sqi.net/img/user/", "suffix": "/UOK5QIOK3UI3IUC2.jpg"}, "homeCity": "", "contact": {"facebook": "821084646", "twitter": "mpiromgraipakd"}, "firstName": "Mike", "tips": {"count": 8}, "gender": "male", "lastName": "Piromgraipakd", "lists": {"groups": [{"count": 2, "type": "created", "items": []}]}, "bio": ""}, {"id": "5919126", "photo": {"prefix": "https://igx.4sqi.net/img/user/", "suffix": "/LAFJ021D5ELQDDM0.jpg"}, "homeCity": "Singapore", "contact": {"twitter": "liannaelyana"}, "firstName": "Lianna", "tips": {"count": 5}, "gender": "female", "lastName": "Elyana", "lists": {"groups": [{"count": 2, "type": "created", "items": []}]}, "bio": "Look fr me on my fb Bunga Lianna Elyana"}, {"id": "5184084", "photo": {"prefix": "https://igx.4sqi.net/img/user/", "suffix": "/MNQMLRXWORRN2HU2.jpg"}, "homeCity": "Malaysia", "contact": {"twitter": "ahmadhumaini"}, "firstName": "Ahmath Whomaini", "tips": {"count": 68}, "gender": "male", "lists": {"groups": [{"count": 2, "type": "created", "items": []}]}, "bio": "Home Loan Best Offer In Town ! Free Legal Fee,Free Valuation Fee & Best rate @ BLR-2.50%pa.call 012 9558596 to apply"}, {"id": "3751762", "photo": {"prefix": "https://igx.4sqi.net/img/user/", "suffix": "/3751762-UHGS3EGB1GECXMTV.jpg"}, "homeCity": "Singapore", "contact": {"facebook": "505800489"}, "firstName": "HABIBI", "tips": {"count": 5}, "gender": "male", "lastName": "Mil", "lists": {"groups": [{"count": 3, "type": "created", "items": []}]}, "bio": "the runway is a circle...we will be back!"}, {"id": "22439633", "photo": {"prefix": "https://igx.4sqi.net/img/user/", "suffix": "/ZI5AJCSL4SG1DQHB.jpg"}, "homeCity": "Kelantan", "contact": {"facebook": "100000929672985"}, "firstName": "NA", "tips": {"count": 1}, "gender": "female", "lastName": "RAIS", "lists": {"groups": [{"count": 2, "type": "created", "items": []}]}, "bio": ""}, {"id": "2335506", "photo": {"prefix": "https://igx.4sqi.net/img/user/", "suffix": "/2335506-0KE1Q1CF4TG02VIW.jpg"}, "homeCity": "Singapore", "contact": {"facebook": "658587752", "twitter": "freezeramirez"}, "firstName": "Frizz", "tips": {"count": 4}, "gender": "male", "lastName": "Ramirez", "lists": {"groups": [{"count": 2, "type": "created", "items": []}]}, "bio": ""}, {"id": "2685950", "photo": {"prefix": "https://igx.4sqi.net/img/user/", "suffix": "/VJ15AI5CYMMD5H0J.jpg"}, "homeCity": "Singapore", "contact": {}, "firstName": "shidah", "tips": {"count": 1}, "gender": "female", "lastName": "latif", "lists": {"groups": [{"count": 2, "type": "created", "items": []}]}, "bio": ""}, {"id": "32826035", "photo": {"prefix": "https://igx.4sqi.net/img/user/", "suffix": "/DUBJKBZQ2W1VH1K0.jpg"}, "homeCity": "Singapore little India ", "contact": {"facebook": "100000142771140"}, "firstName": "Raju", "tips": {"count": 0}, "gender": "male", "lastName": "Usman Restaurent", "lists": {"groups": [{"count": 2, "type": "created", "items": []}]}, "bio": ""}, {"id": "16791198", "photo": {"prefix": "https://igx.4sqi.net/img/user/", "suffix": "/XFXFVV0RBT3R2PKV.jpg"}, "homeCity": "Guayaquil, Ecuador", "contact": {"facebook": "622090286", "twitter": "steliux"}, "firstName": "Stella Maris", "tips": {"count": 1}, "gender": "female", "lastName": "Crespo", "lists": {"groups": [{"count": 2, "type": "created", "items": []}]}, "bio": ""}, {"id": "7201224", "photo": {"prefix": "https://igx.4sqi.net/img/user/", "suffix": "/UFWCE4WBDPJNLWPS.jpg"}, "homeCity": "Singapore", "contact": {"facebook": "100000269613143"}, "firstName": "Mas", "tips": {"count": 0}, "gender": "female", "lastName": "Junaidi", "lists": {"groups": [{"count": 2, "type": "created", "items": []}]}, "bio": ""}, {"id": "30027945", "photo": {"prefix": "https://igx.4sqi.net/img/user/", "suffix": "/DZPS4FMKOC1KZXBS.jpg"}, "homeCity": "Yew Tee, Singapore", "contact": {"facebook": "100001743200986", "twitter": "puterimira85"}, "firstName": "Nur Amirah", "tips": {"count": 0}, "gender": "female", "lists": {"groups": [{"count": 2, "type": "created", "items": []}]}, "bio": ""}, {"id": "6670552", "photo": {"prefix": "https://igx.4sqi.net/img/user/", "suffix": "/JK0MI5I1FKJQ3CWI.jpg"}, "homeCity": "Singapore", "contact": {"facebook": "100001151751183"}, "firstName": "Is", "tips": {"count": 3}, "gender": "male", "lastName": "Giler", "lists": {"groups": [{"count": 2, "type": "created", "items": []}]}, "bio": "Married to the world best understanding n most loveable woman ard.....(Atiqah) my derest wife (^^,)"}, {"id": "9560990", "photo": {"prefix": "https://igx.4sqi.net/img/user/", "suffix": "/T1OSQRTQE3FFGUSB.jpg"}, "homeCity": "Singapore", "contact": {"facebook": "1306420142"}, "firstName": "Ravi", "tips": {"count": 0}, "gender": "male", "lastName": "Kumar", "lists": {"groups": [{"count": 2, "type": "created", "items": []}]}, "bio": ""}, {"id": "4799516", "photo": {"prefix": "https://igx.4sqi.net/img/user/", "suffix": "/WG5U420CYTH1TCOV.jpg"}, "homeCity": "Malaysia", "contact": {"facebook": "1077870495"}, "firstName": "\u20acd\u00ae!\u03c0a", "tips": {"count": 9}, "gender": "female", "lastName": "kha|!|", "lists": {"groups": [{"count": 2, "type": "created", "items": []}]}, "bio": ""}, {"id": "2476881", "photo": {"prefix": "https://igx.4sqi.net/img/user/", "suffix": "/IDECWBMH30TIBW2J.jpg"}, "homeCity": "Singapore", "contact": {"facebook": "1009682070"}, "firstName": "andy", "tips": {"count": 0}, "gender": "male", "lastName": "junaidi", "lists": {"groups": [{"count": 2, "type": "created", "items": []}]}, "bio": ""}, {"id": "2842956", "photo": {"prefix": "https://igx.4sqi.net/img/user/", "suffix": "/QM32I21KGVTT24HO.jpg"}, "homeCity": "Singapore", "contact": {"facebook": "530420116", "twitter": "nurynabyllah"}, "firstName": "nury", "tips": {"count": 0}, "gender": "female", "lastName": "bel", "lists": {"groups": [{"count": 2, "type": "created", "items": []}]}, "bio": ""}, {"id": "33468697", "photo": {"prefix": "https://igx.4sqi.net/img/user/", "suffix": "/FA3GKY55OYOIBUE4.jpg"}, "homeCity": "Selangor", "contact": {"facebook": "1434804424"}, "firstName": "Virgo", "tips": {"count": 0}, "gender": "female", "lastName": "Green", "lists": {"groups": [{"count": 2, "type": "created", "items": []}]}, "bio": ""}, {"id": "24499401", "photo": {"prefix": "https://igx.4sqi.net/img/user/", "suffix": "/HVF24WSWHM5EOHEA.jpg"}, "homeCity": "Aljunied MRT", "contact": {}, "firstName": "Z", "tips": {"count": 1}, "gender": "male", "lastName": "H", "lists": {"groups": [{"count": 2, "type": "created", "items": []}]}, "bio": ""}, {"id": "11716069", "photo": {"prefix": "https://igx.4sqi.net/img/user/", "suffix": "/SWAUABZBCQJ4VCSV.jpg"}, "homeCity": "Shah Alam,Selangor", "contact": {"facebook": "1390280810", "twitter": "pablomakio"}, "firstName": "Pablo", "tips": {"count": 2}, "gender": "male", "lastName": "Makio", "lists": {"groups": [{"count": 2, "type": "created", "items": []}]}, "bio": "Don't walk in front of me, I may not follow. Don't walk behind me,I may not lead. Just walk beside me and be my friend forever..\r\nI am simple but complicated.."}, {"id": "16710167", "photo": {"prefix": "https://igx.4sqi.net/img/user/", "suffix": "/AMVFMD0RNXEHZMQY.jpg"}, "homeCity": "Singapore", "contact": {"facebook": "812113463"}, "firstName": "Khalid", "tips": {"count": 0}, "gender": "male", "lastName": "Alwaleed", "lists": {"groups": [{"count": 2, "type": "created", "items": []}]}, "bio": ""}, {"id": "24456486", "photo": {"prefix": "https://igx.4sqi.net/img/user/", "suffix": "/PMZUHCUUNE03KTCI.jpg"}, "homeCity": "Singapore", "contact": {"facebook": "100002750845608"}, "firstName": "Ivyinn", "tips": {"count": 0}, "gender": "female", "lastName": "Pan", "lists": {"groups": [{"count": 2, "type": "created", "items": []}]}, "bio": ""}, {"id": "20943409", "photo": {"prefix": "https://igx.4sqi.net/img/user/", "suffix": "/CCH2AJWFMVP5PKKS.jpg"}, "homeCity": "Clementi, Singapore", "contact": {"facebook": "100001259503412"}, "firstName": "Suhaimi", "tips": {"count": 0}, "gender": "male", "lastName": "Ja'afar", "lists": {"groups": [{"count": 2, "type": "created", "items": []}]}, "bio": ""}, {"id": "3692298", "photo": {"prefix": "https://igx.4sqi.net/img/user/", "suffix": "/FUP3T2ITT4NQINZS.jpg"}, "homeCity": "Singapore", "contact": {"facebook": "1059227808"}, "firstName": "Alawiyah", "tips": {"count": 0}, "gender": "female", "lastName": "Ahmad", "lists": {"groups": [{"count": 2, "type": "created", "items": []}]}, "bio": ""}, {"id": "11898912", "photo": {"prefix": "https://igx.4sqi.net/img/user/", "suffix": "/11898912-Y3Y5CKKNCR5NFOLE.jpg"}, "homeCity": "Ipoh, Malaysia", "contact": {"facebook": "100000186240513"}, "firstName": "Hazlein", "tips": {"count": 1}, "gender": "female", "lastName": "Zaman", "lists": {"groups": [{"count": 2, "type": "created", "items": []}]}, "bio": ""}, {"id": "16722217", "photo": {"prefix": "https://igx.4sqi.net/img/user/", "suffix": "/5QSWLGJLY2BTHS3N.jpg"}, "homeCity": "Singapore", "contact": {"facebook": "100000150042034"}, "firstName": "Nitdauz", "tips": {"count": 0}, "gender": "male", "lastName": "69", "lists": {"groups": [{"count": 2, "type": "created", "items": []}]}, "bio": ""}, {"id": "20963184", "photo": {"prefix": "https://igx.4sqi.net/img/user/", "suffix": "/N32HTB2EQ1WUWYQ1.jpg"}, "homeCity": "Singapore", "contact": {"facebook": "556643438", "twitter": "eyao01"}, "firstName": "Emmanuel", "tips": {"count": 0}, "gender": "male", "lastName": "Y", "lists": {"groups": [{"count": 2, "type": "created", "items": []}]}, "bio": ""}, {"id": "3731102", "photo": {"prefix": "https://igx.4sqi.net/img/user/", "suffix": "/3731102-5NNDULP1PEM5BOM2.jpg"}, "homeCity": "Surabaya, Indonesia", "contact": {"facebook": "1610584210", "twitter": "matelda_dby"}, "firstName": "Matelda", "tips": {"count": 2}, "gender": "female", "lastName": "Debby", "lists": {"groups": [{"count": 3, "type": "created", "items": []}]}, "bio": ""}, {"id": "20116417", "photo": {"prefix": "https://igx.4sqi.net/img/user/", "suffix": "/20116417-PHAGUEH2XRVP2UY2.jpg"}, "homeCity": "Kuala Lumpur, Malaysia", "contact": {"facebook": "100000458779028", "twitter": "mrseryzanna"}, "firstName": "MrsEryz", "tips": {"count": 0}, "gender": "female", "lastName": "Anna", "lists": {"groups": [{"count": 2, "type": "created", "items": []}]}, "bio": "Missing you is my hobby, caring for you is my job, make you happy is my duty, and loving you is my life :) \u00b0\u2665 \u2665 \u2665 Married to Ery Eiy\u016bdesu"}, {"id": "4044864", "photo": {"prefix": "https://igx.4sqi.net/img/user/", "suffix": "/JPU1RL0DQ3NRK2JI.jpg"}, "homeCity": "Singapore", "contact": {"facebook": "685658907"}, "firstName": "Missy", "tips": {"count": 0}, "gender": "female", "lastName": "Zander", "lists": {"groups": [{"count": 2, "type": "created", "items": []}]}, "bio": ""}]}, "checksum": "0a8557ce6ab53fca815767caa62001ca283c98de"}}