{"notifications": [{"type": "notificationTray", "item": {"unreadCount": 0}}], "response": {"friends": {"items": [{"tips": {"count": 6}, "contact": {"facebook": "100007148730776"}, "firstName": "Tony", "gender": "male", "lastName": "Lim", "id": "72868683", "bio": "", "photo": {"prefix": "https://igx.4sqi.net/img/user/", "suffix": "/72868683-KZINXRWX1TBKLLSH.jpg"}, "homeCity": "Singapore", "lists": {"groups": [{"items": [], "count": 2, "type": "created"}]}}, {"tips": {"count": 0}, "contact": {"facebook": "563471297"}, "firstName": "Clover", "gender": "female", "lastName": "Ng", "id": "4391734", "bio": "", "photo": {"prefix": "https://igx.4sqi.net/img/user/", "suffix": "/IAV3MZF211VJ14MA.jpg"}, "homeCity": "Singapore", "lists": {"groups": [{"items": [], "count": 2, "type": "created"}]}}, {"tips": {"count": 1}, "contact": {}, "firstName": "Elaine", "gender": "female", "lastName": "Ho", "id": "3222494", "bio": "", "photo": {"prefix": "https://igx.4sqi.net/img/user/", "suffix": "/4TYXHTVEFH31PBQ3.jpg"}, "homeCity": "Singapore", "lists": {"groups": [{"items": [], "count": 2, "type": "created"}]}}, {"tips": {"count": 0}, "contact": {"facebook": "1243100024"}, "firstName": "Poovan", "gender": "male", "lastName": "Alves", "id": "6332713", "bio": "", "photo": {"prefix": "https://igx.4sqi.net/img/user/", "suffix": "/OLN1MRVAA1MXC2FS.jpg"}, "homeCity": "Singapore", "lists": {"groups": [{"items": [], "count": 2, "type": "created"}]}}, {"tips": {"count": 0}, "contact": {"facebook": "601536374"}, "firstName": "Ricky", "gender": "male", "lastName": "Lim", "id": "3330122", "bio": "", "photo": {"prefix": "https://igx.4sqi.net/img/user/", "suffix": "/SDGUNDVESHA2VT40.jpg"}, "homeCity": "Singapore", "lists": {"groups": [{"items": [], "count": 2, "type": "created"}]}}, {"tips": {"count": 0}, "contact": {"facebook": "563152911"}, "firstName": "Desmond", "gender": "male", "lastName": "Chua", "id": "6498143", "bio": "", "photo": {"prefix": "https://igx.4sqi.net/img/user/", "suffix": "/blank_boy.png", "default": true}, "homeCity": "Singapore", "lists": {"groups": [{"items": [], "count": 2, "type": "created"}]}}], "count": 6}, "checksum": "09a31975996b0cf02ae25f8a64aebb8486dfffde"}, "meta": {"requestId": "5965d2441ed2191a004d29d2", "code": 200}}