{"notifications": [{"type": "notificationTray", "item": {"unreadCount": 0}}], "response": {"friends": {"items": [{"tips": {"count": 2}, "contact": {"twitter": "carlosapang", "facebook": "1249058262"}, "firstName": "Carlo", "gender": "male", "lastName": "Sapang", "id": "6904097", "bio": "", "photo": {"prefix": "https://igx.4sqi.net/img/user/", "suffix": "/6904097-TEDAYGYIEKISNCXQ.jpg"}, "homeCity": "Para\u00f1aque, Philippines", "lists": {"groups": [{"items": [], "count": 2, "type": "created"}]}}, {"tips": {"count": 0}, "contact": {"twitter": "cholspogi", "facebook": "1738254828"}, "firstName": "Cholo", "gender": "male", "lastName": "Restar", "id": "7139742", "bio": "", "photo": {"prefix": "https://igx.4sqi.net/img/user/", "suffix": "/BMGRQIINDCR5GLON.jpg"}, "homeCity": "Lucena City, Philippines", "lists": {"groups": [{"items": [], "count": 2, "type": "created"}]}}, {"tips": {"count": 0}, "contact": {"twitter": "keisikins", "facebook": "1008858560"}, "firstName": "Keisi Silver", "gender": "female", "lastName": "Barcelona", "id": "9867596", "bio": "", "photo": {"prefix": "https://igx.4sqi.net/img/user/", "suffix": "/L5ARHUAT3NXFX4UY.jpg"}, "homeCity": "Makati City, Philippines", "lists": {"groups": [{"items": [], "count": 2, "type": "created"}]}}, {"tips": {"count": 0}, "contact": {"facebook": "1461259920"}, "firstName": "Angeli", "gender": "female", "lastName": "Palacio", "id": "10724834", "bio": "", "photo": {"prefix": "https://igx.4sqi.net/img/user/", "suffix": "/WR25RG4SBVOW3ZGS.jpg"}, "homeCity": "San Pedro, Philippines", "lists": {"groups": [{"items": [], "count": 2, "type": "created"}]}}, {"tips": {"count": 12}, "contact": {"twitter": "aidscapade", "facebook": "589868587"}, "firstName": "Aids", "gender": "male", "lastName": "de Vera", "id": "17740491", "bio": "", "photo": {"prefix": "https://igx.4sqi.net/img/user/", "suffix": "/17740491-QYUGAHORZAZNY4OF.jpg"}, "homeCity": "Mandaluyong City, Philippines", "lists": {"groups": [{"items": [], "count": 5, "type": "created"}]}}, {"tips": {"count": 0}, "contact": {"facebook": "1070145327"}, "firstName": "Marx Kean", "gender": "female", "lastName": "Cabana", "id": "7861394", "bio": "", "photo": {"prefix": "https://igx.4sqi.net/img/user/", "suffix": "/SDBU1RRLSJW5ZG2X.jpg"}, "homeCity": "Cebu City, Philippines", "lists": {"groups": [{"items": [], "count": 2, "type": "created"}]}}, {"tips": {"count": 4}, "contact": {"twitter": "ancesvelante"}, "firstName": "Ances", "gender": "female", "lastName": "Velante", "id": "5975561", "bio": "", "photo": {"prefix": "https://igx.4sqi.net/img/user/", "suffix": "/VRH1O1LUCZ05VYHS.jpg"}, "homeCity": "Los Angeles, CA", "lists": {"groups": [{"items": [], "count": 2, "type": "created"}]}}, {"tips": {"count": 0}, "contact": {"twitter": "thebusinessbum", "facebook": "100002944333252"}, "firstName": "Cliff Marvin", "gender": "male", "lastName": "Chew", "id": "7336630", "bio": "", "photo": {"prefix": "https://igx.4sqi.net/img/user/", "suffix": "/ZQQHG5Y5WGZ5550A.jpg"}, "homeCity": "Maguindanao, Philippines", "lists": {"groups": [{"items": [], "count": 2, "type": "created"}]}}, {"tips": {"count": 6}, "contact": {"twitter": "mikojoseranido", "facebook": "1104987577"}, "firstName": "mikhael giusseppe", "gender": "male", "lastName": "ranido", "id": "4025060", "bio": "", "photo": {"prefix": "https://igx.4sqi.net/img/user/", "suffix": "/4025060-EGEGEKI3JDUCI22K.jpg"}, "homeCity": "Lucena City, Philippines", "lists": {"groups": [{"items": [], "count": 2, "type": "created"}]}}, {"tips": {"count": 6}, "contact": {"twitter": "alfonsofilipino", "facebook": "1320515755"}, "firstName": "Alfonso Rafael", "gender": "male", "lastName": "Ranido", "id": "4183489", "bio": "", "photo": {"prefix": "https://igx.4sqi.net/img/user/", "suffix": "/ZB2UBXDFF14CRJ5M.jpg"}, "homeCity": "Vantaa, Finland", "lists": {"groups": [{"items": [], "count": 2, "type": "created"}]}}, {"tips": {"count": 0}, "contact": {"twitter": "holasoylewie", "facebook": "1345398335"}, "firstName": "Lewie", "gender": "male", "lastName": "Olaveja", "id": "4709313", "bio": "", "photo": {"prefix": "https://igx.4sqi.net/img/user/", "suffix": "/XALLBBST2R3ZIMVW.jpg"}, "homeCity": "Madrid, Espa\u00f1a", "lists": {"groups": [{"items": [], "count": 2, "type": "created"}]}}, {"tips": {"count": 14}, "contact": {"twitter": "catherasga", "facebook": "1589960990"}, "firstName": "Catherine", "gender": "female", "lastName": "Erasga", "id": "1136055", "bio": "\ud83d\udc31", "photo": {"prefix": "https://igx.4sqi.net/img/user/", "suffix": "/1136055-HRNY4ZFZSBJKXRRR"}, "homeCity": "Quezon City, Philippines", "lists": {"groups": [{"items": [], "count": 3, "type": "created"}]}}, {"tips": {"count": 0}, "contact": {"facebook": "100000490088898"}, "firstName": "Aloy", "gender": "male", "lastName": "E.", "id": "18993562", "bio": "", "photo": {"prefix": "https://igx.4sqi.net/img/user/", "suffix": "/OKOLHO1LKC23I3QO.jpg"}, "homeCity": "Lucena City, Philippines", "lists": {"groups": [{"items": [], "count": 2, "type": "created"}]}}, {"tips": {"count": 7}, "contact": {}, "firstName": "Lyssa", "gender": "female", "lastName": "Ilagan", "id": "7286819", "bio": "", "photo": {"prefix": "https://igx.4sqi.net/img/user/", "suffix": "/D1HZKSZLC5HEVPZH.jpg"}, "homeCity": "New York, NY", "lists": {"groups": [{"items": [], "count": 2, "type": "created"}]}}, {"tips": {"count": 4}, "contact": {"twitter": "etucness", "facebook": "639543807"}, "firstName": "Ytal", "gender": "female", "lastName": "De los Reyes", "id": "8630708", "bio": "", "photo": {"prefix": "https://igx.4sqi.net/img/user/", "suffix": "/03CBZV4LNMNZ3PPD.jpg"}, "homeCity": "Lucena City, Philippines", "lists": {"groups": [{"items": [], "count": 2, "type": "created"}]}}, {"tips": {"count": 0}, "contact": {"facebook": "1061680613"}, "firstName": "Mia", "gender": "female", "lastName": "Ariles", "id": "18667067", "bio": "", "photo": {"prefix": "https://igx.4sqi.net/img/user/", "suffix": "/blank_girl.png", "default": true}, "homeCity": "NY", "lists": {"groups": [{"items": [], "count": 2, "type": "created"}]}}, {"tips": {"count": 0}, "contact": {"twitter": "kennicodemus", "facebook": "707863728"}, "firstName": "Gerald ken", "gender": "male", "lastName": "Nicodemus", "id": "10872840", "bio": "", "photo": {"prefix": "https://igx.4sqi.net/img/user/", "suffix": "/T3ZWB5VOXWZRD5QU.jpg"}, "homeCity": "Paranaque city", "lists": {"groups": [{"items": [], "count": 2, "type": "created"}]}}, {"tips": {"count": 9}, "contact": {"twitter": "franzperez10", "facebook": "1520408283"}, "firstName": "Franz", "gender": "male", "lastName": "Perez", "id": "8224245", "bio": "", "photo": {"prefix": "https://igx.4sqi.net/img/user/", "suffix": "/LO1MXG4RU55GYX0A.jpg"}, "homeCity": "Bf homes, Paranaque", "lists": {"groups": [{"items": [], "count": 3, "type": "created"}]}}, {"tips": {"count": 1}, "contact": {"twitter": "nicosgarcia", "facebook": "100000178754627"}, "firstName": "Nicos", "gender": "male", "id": "4571194", "bio": "", "photo": {"prefix": "https://igx.4sqi.net/img/user/", "suffix": "/0LSXZAE2R1MB3OKN.jpg"}, "homeCity": "Lucena City, Philippines", "lists": {"groups": [{"items": [], "count": 2, "type": "created"}]}}, {"tips": {"count": 0}, "contact": {}, "firstName": "deepnapalm", "gender": "male", "id": "21001347", "bio": "scarcity of metaphor", "photo": {"prefix": "https://igx.4sqi.net/img/user/", "suffix": "/21001347-IC1IACRNMEAZWITE.jpg"}, "homeCity": "", "lists": {"groups": [{"items": [], "count": 2, "type": "created"}]}}, {"tips": {"count": 1}, "contact": {"twitter": "aellamae"}, "firstName": "Aella", "gender": "female", "lastName": "Orias", "id": "7312056", "bio": "", "photo": {"prefix": "https://igx.4sqi.net/img/user/", "suffix": "/0Q2GCDTD2ZF2TTL0.jpg"}, "homeCity": "Lucena City, Philippines", "lists": {"groups": [{"items": [], "count": 2, "type": "created"}]}}, {"tips": {"count": 0}, "contact": {"twitter": "jihanangelica", "facebook": "10153082762228584"}, "firstName": "Jihan Angelica", "gender": "female", "lastName": "Cabiltes", "id": "11384106", "bio": "", "photo": {"prefix": "https://igx.4sqi.net/img/user/", "suffix": "/11384106-Z1ZGBDH051MSZA5X.jpg"}, "homeCity": "", "lists": {"groups": [{"items": [], "count": 2, "type": "created"}]}}, {"tips": {"count": 0}, "contact": {"twitter": "chamibee", "facebook": "633051174"}, "firstName": "Cham", "gender": "female", "lastName": "Baluyut", "id": "11640411", "bio": "", "photo": {"prefix": "https://igx.4sqi.net/img/user/", "suffix": "/11640411-RK5AZM0RRGB30ZJ4.jpg"}, "homeCity": "Quezon City, Philippines", "lists": {"groups": [{"items": [], "count": 2, "type": "created"}]}}, {"tips": {"count": 0}, "contact": {"facebook": "629465058"}, "firstName": "Jenna", "gender": "female", "lastName": "Tan", "id": "18934497", "bio": "", "photo": {"prefix": "https://igx.4sqi.net/img/user/", "suffix": "/CU5VCBRSTYHPHLLX.jpg"}, "homeCity": "\uc778\ucc9c\uad11\uc5ed\uc2dc, \ub300\ud55c\ubbfc\uad6d", "lists": {"groups": [{"items": [], "count": 2, "type": "created"}]}}, {"tips": {"count": 3}, "contact": {"facebook": "1544602012"}, "firstName": "Michael Anthony", "gender": "male", "lastName": "Soni", "id": "14512990", "bio": "", "photo": {"prefix": "https://igx.4sqi.net/img/user/", "suffix": "/NICBT2UEFGFG0J0U.jpg"}, "homeCity": "Quezon City, Philippines", "lists": {"groups": [{"items": [], "count": 3, "type": "created"}]}}, {"tips": {"count": 0}, "contact": {"facebook": "100001413304823"}, "firstName": "Rachel", "gender": "female", "lastName": "Neri", "id": "20856412", "bio": "", "photo": {"prefix": "https://igx.4sqi.net/img/user/", "suffix": "/5WM0YG5MWOGEWCME.jpg"}, "homeCity": "Bulacan", "lists": {"groups": [{"items": [], "count": 2, "type": "created"}]}}, {"tips": {"count": 0}, "contact": {"facebook": "100000292323700"}, "firstName": "Bj", "gender": "male", "lastName": "Tan", "id": "12402613", "bio": "", "photo": {"prefix": "https://igx.4sqi.net/img/user/", "suffix": "/CHQJJ3EUQTUUNNB0.jpg"}, "homeCity": "Dubai, United Arab Emirates", "lists": {"groups": [{"items": [], "count": 2, "type": "created"}]}}, {"tips": {"count": 0}, "contact": {"twitter": "jheffreyquince", "facebook": "100001152556967"}, "firstName": "Jheffrey", "gender": "male", "lastName": "Jovellano Del Rosario", "id": "20040799", "bio": "", "photo": {"prefix": "https://igx.4sqi.net/img/user/", "suffix": "/B2FIKUE0NIHLVI5D.jpg"}, "homeCity": "Madrid, Espa\u00f1a", "lists": {"groups": [{"items": [], "count": 2, "type": "created"}]}}, {"tips": {"count": 0}, "contact": {"facebook": "854464035"}, "firstName": "Mary", "gender": "female", "lastName": "Magpantay", "id": "12743515", "bio": "", "photo": {"prefix": "https://igx.4sqi.net/img/user/", "suffix": "/IS1SQILVTG3O4405.jpg"}, "homeCity": "Abu Dhabi, United Arab Emirates", "lists": {"groups": [{"items": [], "count": 2, "type": "created"}]}}, {"tips": {"count": 0}, "contact": {}, "firstName": "Sibyl", "gender": "female", "lastName": "Pomeroy", "id": "20208501", "bio": "", "photo": {"prefix": "https://igx.4sqi.net/img/user/", "suffix": "/QIKEUROGRV403ZPY.jpg"}, "homeCity": "Tempe, AZ", "lists": {"groups": [{"items": [], "count": 2, "type": "created"}]}}, {"tips": {"count": 81}, "contact": {"twitter": "fidel_antonio", "facebook": "756173712"}, "firstName": "Fidel Antonio", "gender": "male", "lastName": "Medel", "id": "18554862", "bio": "Fluffy hair. Chubby cheeks.", "photo": {"prefix": "https://igx.4sqi.net/img/user/", "suffix": "/18554862_M7xIzOoB_0JF6pdF0RxLf2h1brMi9ya-RQUiQWxvqXA8-RJRBfmWHiWw_purAb_g_oPuFs1Gz.jpg"}, "homeCity": "Mandaluyong City, Philippines", "lists": {"groups": [{"items": [], "count": 3, "type": "created"}]}}], "count": 131}, "checksum": "b59867dd8519a7a00c8b0f98d612a3b85c2ccbf5"}, "meta": {"requestId": "59662e8b6a6071143a14642c", "code": 200}}