{"notifications": [{"type": "notificationTray", "item": {"unreadCount": 0}}], "response": {"friends": {"items": [{"tips": {"count": 0}, "contact": {}, "firstName": "Ake", "gender": "none", "id": "4972431", "bio": "", "photo": {"prefix": "https://igx.4sqi.net/img/user/", "suffix": "/0R22UU1XTK0YJHXO.jpg"}, "homeCity": "New York, NY", "lists": {"groups": [{"items": [], "count": 2, "type": "created"}]}}, {"tips": {"count": 3}, "contact": {"facebook": "100000487638643"}, "firstName": "Oishi", "gender": "male", "id": "4367764", "bio": "", "photo": {"prefix": "https://igx.4sqi.net/img/user/", "suffix": "/OEYWED1GOJHP2FC3.jpg"}, "homeCity": "Pak Khlong Phasi Charoen, Thailand", "lists": {"groups": [{"items": [], "count": 2, "type": "created"}]}}, {"tips": {"count": 12}, "contact": {"twitter": "nujunebabie", "facebook": "1058906392"}, "firstName": "Nujune", "gender": "female", "lastName": "Charin", "id": "2109839", "bio": "", "photo": {"prefix": "https://igx.4sqi.net/img/user/", "suffix": "/2109839-XK1QZXHYZ1PFCILD.jpg"}, "homeCity": "Bangkok", "lists": {"groups": [{"items": [], "count": 2, "type": "created"}]}}, {"tips": {"count": 0}, "contact": {}, "firstName": "Rabbit's", "gender": "male", "lastName": "Foot", "id": "6441957", "bio": "", "photo": {"prefix": "https://igx.4sqi.net/img/user/", "suffix": "/YPMAKH2S2CRZ453V.jpg"}, "homeCity": "Thailand", "lists": {"groups": [{"items": [], "count": 2, "type": "created"}]}}, {"tips": {"count": 0}, "contact": {"facebook": "1271452240"}, "firstName": "Tatungkung", "gender": "male", "lastName": "????????", "id": "6510788", "bio": "", "photo": {"prefix": "https://igx.4sqi.net/img/user/", "suffix": "/0UWIGWHXT4SOMDOD.jpg"}, "homeCity": "\u0e2a\u0e38\u0e23\u0e34\u0e22\u0e27\u0e07\u0e28\u0e4c, \u0e1b\u0e23\u0e30\u0e40\u0e17\u0e28\u0e44\u0e17\u0e22", "lists": {"groups": [{"items": [], "count": 2, "type": "created"}]}}, {"tips": {"count": 0}, "contact": {"facebook": "1051780431"}, "firstName": "pirapat", "gender": "male", "lastName": "chaiyajan", "id": "7607092", "bio": "", "photo": {"prefix": "https://igx.4sqi.net/img/user/", "suffix": "/XADMHX3MBDFRHD2M.jpg"}, "homeCity": "Thailand", "lists": {"groups": [{"items": [], "count": 2, "type": "created"}]}}, {"tips": {"count": 2}, "contact": {"facebook": "734293978"}, "firstName": "Ferio", "gender": "male", "lastName": "Mania", "id": "4418144", "bio": "", "photo": {"prefix": "https://igx.4sqi.net/img/user/", "suffix": "/VK3ZIIBHFFVTHESI.jpg"}, "homeCity": "Chiang Mai, Thailand", "lists": {"groups": [{"items": [], "count": 2, "type": "created"}]}}, {"tips": {"count": 0}, "contact": {}, "firstName": "Satit", "gender": "male", "lastName": "Ball", "id": "13296685", "bio": "", "photo": {"prefix": "https://igx.4sqi.net/img/user/", "suffix": "/C4MUJF3BELYFSMU4.jpg"}, "homeCity": "\u0e01\u0e23\u0e38\u0e07\u0e40\u0e17\u0e1e\u0e21\u0e2b\u0e32\u0e19\u0e04\u0e23, \u0e1b\u0e23\u0e30\u0e40\u0e17\u0e28\u0e44\u0e17\u0e22", "lists": {"groups": [{"items": [], "count": 2, "type": "created"}]}}, {"tips": {"count": 0}, "contact": {"facebook": "1147088134"}, "firstName": "Kemmiboom", "gender": "male", "lastName": "Tho", "id": "1430750", "bio": "", "photo": {"prefix": "https://igx.4sqi.net/img/user/", "suffix": "/HMODXYMVQZOLHSRO.jpg"}, "homeCity": "Kuala Lumpur, WP Kuala Lumpur", "lists": {"groups": [{"items": [], "count": 2, "type": "created"}]}}, {"tips": {"count": 1}, "contact": {"facebook": "1145553974"}, "firstName": "Kobird", "gender": "male", "lastName": "Kimm", "id": "5482225", "bio": "", "photo": {"prefix": "https://igx.4sqi.net/img/user/", "suffix": "/B1Y0PPBVFJZ1ICZ2.jpg"}, "homeCity": "Bangkok, Thailand", "lists": {"groups": [{"items": [], "count": 2, "type": "created"}]}}, {"tips": {"count": 0}, "contact": {"twitter": "yossawat85", "facebook": "100000167074797"}, "firstName": "Yossawat", "gender": "male", "lastName": "Rueangphutthisak", "id": "2367197", "bio": "", "photo": {"prefix": "https://igx.4sqi.net/img/user/", "suffix": "/DCUKQBC4OQABLBH3.jpg"}, "homeCity": "Las Vegas NV", "lists": {"groups": [{"items": [], "count": 2, "type": "created"}]}}, {"tips": {"count": 25}, "contact": {}, "firstName": "Charn", "gender": "male", "lastName": "Tan", "id": "8238162", "bio": "My IG : CHARN_TAN, \nLine ID: charntan", "photo": {"prefix": "https://igx.4sqi.net/img/user/", "suffix": "/8238162_yytL11gP_wCwcrSXjrGDUOqOq70ovzCupVA_YevpIbLb7kadEMIMLYgHFc9cKwGWxjd23kPMo.jpg"}, "homeCity": "Bangkok, Thailand", "lists": {"groups": [{"items": [], "count": 2, "type": "created"}]}}, {"tips": {"count": 1}, "contact": {"twitter": "zezarian", "facebook": "10152907774601928"}, "firstName": "ZeZaRi@N", "gender": "male", "lastName": "!!", "id": "3877326", "bio": "", "photo": {"prefix": "https://igx.4sqi.net/img/user/", "suffix": "/MILYLOZO2MSIHD3I.jpg"}, "homeCity": "\u0e2b\u0e49\u0e27\u0e22\u0e02\u0e27\u0e32\u0e07, \u0e1b\u0e23\u0e30\u0e40\u0e17\u0e28\u0e44\u0e17\u0e22", "lists": {"groups": [{"items": [], "count": 5, "type": "created"}]}}, {"tips": {"count": 3}, "contact": {"twitter": "mataohzz", "facebook": "1095465531"}, "firstName": "aaAoHzzZ", "gender": "female", "lastName": "Zaii", "id": "5935540", "bio": "", "photo": {"prefix": "https://igx.4sqi.net/img/user/", "suffix": "/2RFTNBJUACMBDPLH.jpg"}, "homeCity": "Roi Et, Thailand", "lists": {"groups": [{"items": [], "count": 2, "type": "created"}]}}, {"tips": {"count": 11}, "contact": {}, "firstName": "Aittipat", "gender": "male", "lastName": "V.", "id": "3332141", "bio": "", "photo": {"prefix": "https://igx.4sqi.net/img/user/", "suffix": "/2WDH5ATXBQFWBRKQ.jpg"}, "homeCity": "Hua Mak, Thailand", "lists": {"groups": [{"items": [], "count": 2, "type": "created"}]}}, {"tips": {"count": 1}, "contact": {"twitter": "mthanakorn", "facebook": "100000338011238"}, "firstName": "Ohm", "gender": "male", "id": "10515642", "bio": "", "photo": {"prefix": "https://igx.4sqi.net/img/user/", "suffix": "/THHXE2BEU3WFMJTR.jpg"}, "homeCity": "\u0e01\u0e23\u0e38\u0e07\u0e40\u0e17\u0e1e\u0e21\u0e2b\u0e32\u0e19\u0e04\u0e23, \u0e1b\u0e23\u0e30\u0e40\u0e17\u0e28\u0e44\u0e17\u0e22", "lists": {"groups": [{"items": [], "count": 2, "type": "created"}]}}, {"tips": {"count": 1}, "contact": {"facebook": "100000734162742"}, "firstName": "Aoom", "gender": "female", "lastName": "Siri", "id": "14220248", "bio": "", "photo": {"prefix": "https://igx.4sqi.net/img/user/", "suffix": "/14220248-UGHRDKL224SVGSZB.jpg"}, "homeCity": "Bangkok, Thailand", "lists": {"groups": [{"items": [], "count": 2, "type": "created"}]}}, {"tips": {"count": 2}, "contact": {"twitter": "pong58", "facebook": "742096013"}, "firstName": "Urumporn", "gender": "male", "lastName": "Koondejsumrit", "id": "7550516", "bio": "", "photo": {"prefix": "https://igx.4sqi.net/img/user/", "suffix": "/7550516-AJE5YDTTSWBVT4YR.jpg"}, "homeCity": "Bangkok, Thailand", "lists": {"groups": [{"items": [], "count": 2, "type": "created"}]}}, {"tips": {"count": 16}, "contact": {"twitter": "maxaeycnx", "facebook": "1163142780"}, "firstName": "Maxaey", "gender": "male", "lastName": "Uplink", "id": "1215975", "bio": "", "photo": {"prefix": "https://igx.4sqi.net/img/user/", "suffix": "/1215975-AVBNGLZ2PGJWBDOL.jpg"}, "homeCity": "San Sai, Chiang Mai", "lists": {"groups": [{"items": [], "count": 3, "type": "created"}]}}, {"tips": {"count": 9}, "contact": {}, "firstName": "Pornsith", "gender": "male", "lastName": "Tangchaisak", "id": "3894328", "bio": "", "photo": {"prefix": "https://igx.4sqi.net/img/user/", "suffix": "/3894328-00MVB05OMELJPKDF.jpg"}, "homeCity": "Bangkok, Thailand", "lists": {"groups": [{"items": [], "count": 2, "type": "created"}]}}, {"tips": {"count": 81}, "contact": {"twitter": "de_dear", "facebook": "1113072209"}, "firstName": "DeDear", "gender": "female", "lastName": "S", "id": "1039729", "bio": "Thai girl\ud83d\udc67 Currently live in Melbourne\u2708\ufe0f \r\nLiverpool fanclub\u26bd\ufe0f", "photo": {"prefix": "https://igx.4sqi.net/img/user/", "suffix": "/1039729-DK5MWMCCNT4SCQHQ.jpg"}, "homeCity": "Melbourne, Australia", "lists": {"groups": [{"items": [], "count": 6, "type": "created"}]}}, {"tips": {"count": 0}, "contact": {"facebook": "100000177965952"}, "firstName": "Bally", "gender": "male", "lastName": "Belon", "id": "11568232", "bio": "", "photo": {"prefix": "https://igx.4sqi.net/img/user/", "suffix": "/XVULS1RHVUPNBGLY.jpg"}, "homeCity": "\u0e01\u0e23\u0e38\u0e07\u0e40\u0e17\u0e1e\u0e21\u0e2b\u0e32\u0e19\u0e04\u0e23, \u0e1b\u0e23\u0e30\u0e40\u0e17\u0e28\u0e44\u0e17\u0e22", "lists": {"groups": [{"items": [], "count": 2, "type": "created"}]}}, {"tips": {"count": 0}, "contact": {}, "firstName": "Taviroj", "gender": "male", "lastName": "Satitpinyo", "id": "4886752", "bio": "", "photo": {"prefix": "https://igx.4sqi.net/img/user/", "suffix": "/blank_boy.png", "default": true}, "homeCity": "New York, NY", "lists": {"groups": [{"items": [], "count": 2, "type": "created"}]}}, {"tips": {"count": 0}, "contact": {"facebook": "100000194371731"}, "firstName": "MsSupawadee", "gender": "female", "id": "6769882", "bio": "", "photo": {"prefix": "https://igx.4sqi.net/img/user/", "suffix": "/6769882-AMIVQKEKYXRJARBA.jpg"}, "homeCity": "Chon Buri, Thailand", "lists": {"groups": [{"items": [], "count": 2, "type": "created"}]}}, {"tips": {"count": 5}, "contact": {"facebook": "10204240897838974"}, "firstName": "Golf3er", "gender": "male", "id": "7700551", "bio": "", "photo": {"prefix": "https://igx.4sqi.net/img/user/", "suffix": "/KGT5JXZITFJX224K.jpg"}, "homeCity": "\u0e28\u0e23\u0e35\u0e19\u0e04\u0e23\u0e34\u0e19\u0e17\u0e23\u0e4c, \u0e1b\u0e23\u0e30\u0e40\u0e17\u0e28\u0e44\u0e17\u0e22", "lists": {"groups": [{"items": [], "count": 2, "type": "created"}]}}, {"tips": {"count": 0}, "contact": {"facebook": "1298041789"}, "firstName": "Sleepallday", "gender": "male", "lastName": "WalKer", "id": "8150790", "bio": "", "photo": {"prefix": "https://igx.4sqi.net/img/user/", "suffix": "/4KP51E5DQJVWUFDX.jpg"}, "homeCity": "Slovenija", "lists": {"groups": [{"items": [], "count": 2, "type": "created"}]}}, {"tips": {"count": 0}, "contact": {"facebook": "1468081677"}, "firstName": "\u0e02\u0e49\u0e32\u0e40\u0e08\u0e49\u0e32", "gender": "female", "lastName": "nonnoi", "id": "13794022", "bio": "", "photo": {"prefix": "https://igx.4sqi.net/img/user/", "suffix": "/UGOA10D3SYU0SMI4.jpg"}, "homeCity": "\u0e01\u0e23\u0e38\u0e07\u0e40\u0e17\u0e1e\u0e21\u0e2b\u0e32\u0e19\u0e04\u0e23, \u0e1b\u0e23\u0e30\u0e40\u0e17\u0e28\u0e44\u0e17\u0e22", "lists": {"groups": [{"items": [], "count": 2, "type": "created"}]}}, {"tips": {"count": 1}, "contact": {"facebook": "1647406821"}, "firstName": "mOohaW", "gender": "male", "lastName": "13angYo[m]", "id": "5999150", "bio": "", "photo": {"prefix": "https://igx.4sqi.net/img/user/", "suffix": "/GX5BWTOGQRX5J1LM.jpg"}, "homeCity": "Bangkok", "lists": {"groups": [{"items": [], "count": 2, "type": "created"}]}}, {"tips": {"count": 72}, "contact": {"twitter": "toktaktuayd"}, "firstName": "TokTak", "gender": "male", "lastName": "Tuayd", "id": "5123028", "bio": "", "photo": {"prefix": "https://igx.4sqi.net/img/user/", "suffix": "/5123028-CLKBDTHLNZLBGHNK.jpg"}, "homeCity": "\u0e04\u0e25\u0e2d\u0e07\u0e15\u0e31\u0e19\u0e40\u0e2b\u0e19\u0e37\u0e2d, \u0e1b\u0e23\u0e30\u0e40\u0e17\u0e28\u0e44\u0e17\u0e22", "lists": {"groups": [{"items": [], "count": 2, "type": "created"}]}}, {"tips": {"count": 0}, "contact": {}, "firstName": "pop", "gender": "male", "lastName": "_jpg", "id": "5246945", "bio": "", "photo": {"prefix": "https://igx.4sqi.net/img/user/", "suffix": "/0RCO0IDHSUYWRQOV.jpg"}, "homeCity": "\u0e14\u0e2d\u0e19\u0e2a\u0e31\u0e01, \u0e1b\u0e23\u0e30\u0e40\u0e17\u0e28\u0e44\u0e17\u0e22", "lists": {"groups": [{"items": [], "count": 2, "type": "created"}]}}, {"tips": {"count": 0}, "contact": {"twitter": "joiweerapat", "facebook": "100000506696566"}, "firstName": "Weerapat", "gender": "male", "lastName": "Pramote", "id": "6597438", "bio": "", "photo": {"prefix": "https://igx.4sqi.net/img/user/", "suffix": "/6597438-3OHHQ5Y2XHEIO1NN.jpg"}, "homeCity": "Thailand", "lists": {"groups": [{"items": [], "count": 2, "type": "created"}]}}, {"tips": {"count": 1}, "contact": {"twitter": "allwliing", "facebook": "1380546631"}, "firstName": "\ud83c\udfaf\u314b\u3160\u0448", "gender": "female", "lastName": "\u3134\u3160\u043f\u314e\ud83d\udc98\u2606\u5f61", "id": "15377884", "bio": "", "photo": {"prefix": "https://igx.4sqi.net/img/user/", "suffix": "/KKXA2ONTNNF5FMVR.jpg"}, "homeCity": "Bangkok City, Thailand", "lists": {"groups": [{"items": [], "count": 7, "type": "created"}]}}, {"tips": {"count": 1}, "contact": {"twitter": "at_june", "facebook": "739253355"}, "firstName": "At", "gender": "female", "lastName": "June", "id": "2092296", "bio": "", "photo": {"prefix": "https://igx.4sqi.net/img/user/", "suffix": "/4BN04IHRLORF5HB0.jpg"}, "homeCity": "Bangkok ", "lists": {"groups": [{"items": [], "count": 3, "type": "created"}]}}, {"tips": {"count": 0}, "contact": {"facebook": "1515175738"}, "firstName": "aa", "gender": "male", "lastName": "Rachata", "id": "5793383", "bio": "", "photo": {"prefix": "https://igx.4sqi.net/img/user/", "suffix": "/MJJOTLSOCSCTPRUD.jpg"}, "homeCity": "\u0e1a\u0e32\u0e07\u0e23\u0e30\u0e21\u0e32\u0e14, \u0e1b\u0e23\u0e30\u0e40\u0e17\u0e28\u0e44\u0e17\u0e22", "lists": {"groups": [{"items": [], "count": 2, "type": "created"}]}}, {"tips": {"count": 0}, "contact": {"facebook": "100000257058239"}, "firstName": "\ue444L\u00e5D\u00e5\u2122\ue444", "gender": "female", "lastName": "*", "id": "15955481", "bio": "", "photo": {"prefix": "https://igx.4sqi.net/img/user/", "suffix": "/R5SCCTVWADXK5QE2.jpg"}, "homeCity": "\u0e01\u0e23\u0e38\u0e07\u0e40\u0e17\u0e1e\u0e21\u0e2b\u0e32\u0e19\u0e04\u0e23, \u0e1b\u0e23\u0e30\u0e40\u0e17\u0e28\u0e44\u0e17\u0e22", "lists": {"groups": [{"items": [], "count": 2, "type": "created"}]}}, {"tips": {"count": 0}, "contact": {"facebook": "792222578"}, "firstName": "Thoch", "gender": "male", "lastName": "Kiattanomkul", "id": "13308023", "bio": "", "photo": {"prefix": "https://igx.4sqi.net/img/user/", "suffix": "/JXL3G132CHJOIZF2.jpg"}, "homeCity": "Ban Pong, Thailand", "lists": {"groups": [{"items": [], "count": 2, "type": "created"}]}}, {"tips": {"count": 0}, "contact": {"twitter": "puydacosta", "facebook": "1383701006"}, "firstName": "Puy", "gender": "male", "lastName": "DaCosTa", "id": "5672065", "bio": "", "photo": {"prefix": "https://igx.4sqi.net/img/user/", "suffix": "/X0XCJEXCXPGECTMI.jpg"}, "homeCity": "Bangkok", "lists": {"groups": [{"items": [], "count": 2, "type": "created"}]}}, {"tips": {"count": 1}, "contact": {"twitter": "theguai2d", "facebook": "100000276026060"}, "firstName": "Thanyawich", "gender": "male", "lastName": "Charubut", "id": "6781212", "bio": "", "photo": {"prefix": "https://igx.4sqi.net/img/user/", "suffix": "/TW42UILKFWW50J3N.jpg"}, "homeCity": "Laksi,Bangkok", "lists": {"groups": [{"items": [], "count": 2, "type": "created"}]}}, {"tips": {"count": 0}, "contact": {"twitter": "tiwlykk", "facebook": "100000218701682"}, "firstName": "TiwLy", "gender": "male", "id": "8418103", "bio": "", "photo": {"prefix": "https://igx.4sqi.net/img/user/", "suffix": "/QM0ZLNYC5IHDY0O4.jpg"}, "homeCity": "Bangkok, Thailand", "lists": {"groups": [{"items": [], "count": 2, "type": "created"}]}}, {"tips": {"count": 0}, "contact": {}, "firstName": "Jinx", "gender": "male", "lastName": "Kapom", "id": "10137811", "bio": "", "photo": {"prefix": "https://igx.4sqi.net/img/user/", "suffix": "/2X31IBBG4COQCG4D.jpg"}, "homeCity": "Khian Sa, Thailand", "lists": {"groups": [{"items": [], "count": 2, "type": "created"}]}}, {"tips": {"count": 0}, "contact": {"facebook": "1826077630"}, "firstName": "eyormoomoo", "gender": "female", "lastName": "nongdong", "id": "8505348", "bio": "", "photo": {"prefix": "https://igx.4sqi.net/img/user/", "suffix": "/02TVZ1H5SQNMYWMU.jpg"}, "homeCity": "Thailand", "lists": {"groups": [{"items": [], "count": 2, "type": "created"}]}}, {"tips": {"count": 0}, "contact": {"facebook": "1238223153"}, "firstName": "Nopporn", "gender": "male", "lastName": "Wangtanaanurak", "id": "15776204", "bio": "", "photo": {"prefix": "https://igx.4sqi.net/img/user/", "suffix": "/PCSYERJ4O1QDGMSM.jpg"}, "homeCity": "Thung Song, Thailand", "lists": {"groups": [{"items": [], "count": 2, "type": "created"}]}}, {"tips": {"count": 8}, "contact": {"twitter": "firstly1", "facebook": "100002004998068"}, "firstName": "First T.", "gender": "male", "lastName": "Ro", "id": "9766942", "bio": "", "photo": {"prefix": "https://igx.4sqi.net/img/user/", "suffix": "/9766942-1C14RABPFMSYSO1D.jpg"}, "homeCity": "Christchurch, New Zealand", "lists": {"groups": [{"items": [], "count": 2, "type": "created"}]}}, {"tips": {"count": 0}, "contact": {"facebook": "1668772292"}, "firstName": "Titee", "gender": "male", "lastName": "taveesak", "id": "11537431", "bio": "", "photo": {"prefix": "https://igx.4sqi.net/img/user/", "suffix": "/4KFGRMCYH5MTSVKV.jpg"}, "homeCity": "Bangkok, Thailand", "lists": {"groups": [{"items": [], "count": 2, "type": "created"}]}}, {"tips": {"count": 0}, "contact": {"twitter": "l3all", "facebook": "729981239"}, "firstName": "Ball", "gender": "male", "id": "2430871", "bio": "", "photo": {"prefix": "https://igx.4sqi.net/img/user/", "suffix": "/NY20BH1ESG3ZDAZ0.jpg"}, "homeCity": "Bang Kruai, Thailand", "lists": {"groups": [{"items": [], "count": 2, "type": "created"}]}}, {"tips": {"count": 9}, "contact": {}, "firstName": "Zashr", "gender": "female", "lastName": "Romanoff", "id": "5883522", "bio": "", "photo": {"prefix": "https://igx.4sqi.net/img/user/", "suffix": "/WBPLUPP5BNDB4VLC.jpg"}, "homeCity": "FL, USA", "lists": {"groups": [{"items": [], "count": 2, "type": "created"}]}}, {"tips": {"count": 0}, "contact": {}, "firstName": "suchot", "gender": "male", "lastName": "kitcharoenchai", "id": "9064950", "bio": "", "photo": {"prefix": "https://igx.4sqi.net/img/user/", "suffix": "/SXYJYFD35KFG3SGY.png"}, "homeCity": "Thailand", "lists": {"groups": [{"items": [], "count": 2, "type": "created"}]}}, {"tips": {"count": 1}, "contact": {"facebook": "100000768934684"}, "firstName": "Chanon", "gender": "male", "lastName": "Sitthiraj", "id": "6834308", "bio": "", "photo": {"prefix": "https://igx.4sqi.net/img/user/", "suffix": "/NT2SLDJWJ52SUAPA.jpg"}, "homeCity": "\u0e17\u0e48\u0e32\u0e2d\u0e34\u0e10, \u0e1b\u0e23\u0e30\u0e40\u0e17\u0e28\u0e44\u0e17\u0e22", "lists": {"groups": [{"items": [], "count": 2, "type": "created"}]}}, {"tips": {"count": 9}, "contact": {"twitter": "iamroukusan", "facebook": "1652956234"}, "firstName": "Roxanne", "gender": "female", "lastName": "Farillas", "id": "12265661", "bio": "", "photo": {"prefix": "https://igx.4sqi.net/img/user/", "suffix": "/LOYXTGW3DKEJBCLP.jpg"}, "homeCity": "Olongapo City, Philippines", "lists": {"groups": [{"items": [], "count": 3, "type": "created"}]}}, {"tips": {"count": 0}, "contact": {"facebook": "100000509231270"}, "firstName": "Kuang", "gender": "male", "lastName": "\u0e01\u0e27\u0e07", "id": "12207660", "bio": "", "photo": {"prefix": "https://igx.4sqi.net/img/user/", "suffix": "/VJLDOABKXYJNHQTR.jpg"}, "homeCity": "\u0e2d.\u0e1b\u0e32\u0e01\u0e40\u0e01\u0e23\u0e47\u0e14, \u0e1b\u0e23\u0e30\u0e40\u0e17\u0e28\u0e44\u0e17\u0e22", "lists": {"groups": [{"items": [], "count": 2, "type": "created"}]}}, {"tips": {"count": 0}, "contact": {"facebook": "1808191103"}, "firstName": "Suwinai", "gender": "male", "lastName": "Chokrach", "id": "11492636", "bio": "", "photo": {"prefix": "https://igx.4sqi.net/img/user/", "suffix": "/GX5PEXZCV5GQ1WFE.jpg"}, "homeCity": "Muang Auttaradit, Thailand", "lists": {"groups": [{"items": [], "count": 2, "type": "created"}]}}, {"tips": {"count": 2}, "contact": {"twitter": "shillyzaye1", "facebook": "747334653"}, "firstName": "'Shillyz", "gender": "female", "lastName": "Aye", "id": "14270587", "bio": "instagram @shillyzaye", "photo": {"prefix": "https://igx.4sqi.net/img/user/", "suffix": "/14270587_uI23eXUu_NYqcDpk3SHGvR_Y9QccS-JEKyhGSddVcuQYIMAGLyqJbGU9GMm8tCr92YlBUTUCN.jpg"}, "homeCity": "Bangkok, Thailand", "lists": {"groups": [{"items": [], "count": 2, "type": "created"}]}}, {"tips": {"count": 0}, "contact": {"twitter": "sweet_inlove19", "facebook": "100000220797777"}, "firstName": "Sweet", "gender": "female", "lastName": "Inlove", "id": "15139220", "bio": "", "photo": {"prefix": "https://igx.4sqi.net/img/user/", "suffix": "/HGCZLTNKLB4R31CG.jpg"}, "homeCity": "Maesod , Thailand", "lists": {"groups": [{"items": [], "count": 5, "type": "created"}]}}, {"tips": {"count": 2}, "contact": {"twitter": "romance_classic", "facebook": "691796270939008"}, "firstName": "Romance", "gender": "male", "lastName": "Classic", "id": "3831866", "bio": "", "photo": {"prefix": "https://igx.4sqi.net/img/user/", "suffix": "/F4THPNO1D2HJPTBS.jpg"}, "homeCity": "Bangkok, Thailand", "lists": {"groups": [{"items": [], "count": 2, "type": "created"}]}}, {"tips": {"count": 0}, "contact": {"facebook": "100002286339755"}, "firstName": "A", "gender": "male", "lastName": "A", "id": "8656856", "bio": "", "photo": {"prefix": "https://igx.4sqi.net/img/user/", "suffix": "/8656856-W2MMDG4WVLYO5RVL.jpg"}, "homeCity": "Kanda Park - Samutsakorn  ", "lists": {"groups": [{"items": [], "count": 2, "type": "created"}]}}, {"tips": {"count": 0}, "contact": {"facebook": "1335021150"}, "firstName": "Foke", "gender": "male", "lastName": "Baza", "id": "10075850", "bio": "", "photo": {"prefix": "https://igx.4sqi.net/img/user/", "suffix": "/Y4ZBQ1VLPGXVWW12.jpg"}, "homeCity": "NY", "lists": {"groups": [{"items": [], "count": 2, "type": "created"}]}}, {"tips": {"count": 1}, "contact": {"twitter": "yongyoon_jira", "facebook": "100000256874258"}, "firstName": "Yongyoon", "gender": "male", "lastName": "Jirawattanathaworn", "id": "7053606", "bio": "", "photo": {"prefix": "https://igx.4sqi.net/img/user/", "suffix": "/7053606-K2MLAE5CEOS0MN0K.jpg"}, "homeCity": "\u0e1b\u0e17\u0e38\u0e21\u0e27\u0e31\u0e19, \u0e1b\u0e23\u0e30\u0e40\u0e17\u0e28\u0e44\u0e17\u0e22", "lists": {"groups": [{"items": [], "count": 2, "type": "created"}]}}, {"tips": {"count": 0}, "contact": {"facebook": "698721470"}, "firstName": "AiNg", "gender": "female", "lastName": "SeeSun", "id": "14893150", "bio": "", "photo": {"prefix": "https://igx.4sqi.net/img/user/", "suffix": "/NBJGHUQ5SWGP43IS.jpg"}, "homeCity": "NY", "lists": {"groups": [{"items": [], "count": 2, "type": "created"}]}}, {"tips": {"count": 4}, "contact": {"facebook": "1283340134"}, "firstName": "Satit", "gender": "male", "lastName": "Ball", "id": "12916262", "bio": "", "photo": {"prefix": "https://igx.4sqi.net/img/user/", "suffix": "/12916262-22XQ2QC2GBTOGN1L.jpg"}, "homeCity": "\u0e01\u0e23\u0e38\u0e07\u0e40\u0e17\u0e1e\u0e21\u0e2b\u0e32\u0e19\u0e04\u0e23, \u0e1b\u0e23\u0e30\u0e40\u0e17\u0e28\u0e44\u0e17\u0e22", "lists": {"groups": [{"items": [], "count": 3, "type": "created"}]}}, {"tips": {"count": 0}, "contact": {"facebook": "640012418"}, "firstName": "\u0e1b\u0e35\u0e28\u0e32\u0e08\u0e19\u0e49\u0e2d\u0e22", "gender": "male", "lastName": "\u0e41\u0e2a\u0e19\u0e0b\u0e19", "id": "15446588", "bio": "", "photo": {"prefix": "https://igx.4sqi.net/img/user/", "suffix": "/REFKKGVAXE4IODYU.jpg"}, "homeCity": "Bkk", "lists": {"groups": [{"items": [], "count": 2, "type": "created"}]}}, {"tips": {"count": 94}, "contact": {"twitter": "khunkhaow_", "facebook": "100002094513621"}, "firstName": "K\u04ba\u00e4\u014c\u03ce (\u25d5\u203f\u25d5\u273f)\u0285", "gender": "female", "id": "3998343", "bio": "Twitter : Khunkhaow_\r\nLine id : khaowkang \r\nBeetalk : Khaowkang\r\nTell \ud83d\udcf2 : 086-563-7000", "photo": {"prefix": "https://igx.4sqi.net/img/user/", "suffix": "/3998343_Go9sl5Ff_R1UNDvVripnq8NJfMpl0IBRNwWBKG90VDqeLEjCopfbl9BzXRR77CaHqrdfA-Kk2.jpg"}, "homeCity": "\u0e40\u0e0a\u0e35\u0e22\u0e07\u0e43\u0e2b\u0e21\u0e48, \u0e1b\u0e23\u0e30\u0e40\u0e17\u0e28\u0e44\u0e17\u0e22", "lists": {"groups": [{"items": [], "count": 12, "type": "created"}]}}, {"tips": {"count": 0}, "contact": {"facebook": "100000379189592"}, "firstName": "Anothai", "gender": "male", "lastName": "Houngthong", "id": "12317846", "bio": "", "photo": {"prefix": "https://igx.4sqi.net/img/user/", "suffix": "/U1JTQEACBAI5LGM2.jpg"}, "homeCity": "Bangkok, Thailand", "lists": {"groups": [{"items": [], "count": 2, "type": "created"}]}}, {"tips": {"count": 1}, "contact": {"twitter": "yutpn", "facebook": "100000471112054"}, "firstName": "Yut", "gender": "male", "lastName": "Poo", "id": "7077049", "bio": "", "photo": {"prefix": "https://igx.4sqi.net/img/user/", "suffix": "/QTUNEDAHWLEV3JEC.jpg"}, "homeCity": "Nai Muang, Thailand", "lists": {"groups": [{"items": [], "count": 2, "type": "created"}]}}, {"tips": {"count": 3}, "contact": {"twitter": "jumperza", "facebook": "573681987"}, "firstName": "jumper", "gender": "male", "lastName": "^^", "id": "17165710", "bio": "><\"  \u0e1d\u0e48\u0e32\u0e22\u0e40\u0e17\u0e04\u0e19\u0e34\u0e04  \u0e14\u0e38\u0e4a\u0e01\u0e14\u0e34\u0e4a\u0e01\u0e17\u0e49\u0e32\u0e07..\u0e27\u0e31\u0e19..", "photo": {"prefix": "https://igx.4sqi.net/img/user/", "suffix": "/LDZKNO3XJV4U14ZJ.jpg"}, "homeCity": "Manager of Check-in Dept.", "lists": {"groups": [{"items": [], "count": 3, "type": "created"}]}}, {"tips": {"count": 35}, "contact": {"twitter": "lynxlittlenails", "facebook": "1033026816"}, "firstName": "Pinkie'littlefinger", "gender": "female", "lastName": "Never give up", "id": "16148754", "bio": "Travel", "photo": {"prefix": "https://igx.4sqi.net/img/user/", "suffix": "/16148754-RDZOQZODUCLFWJ2J.jpg"}, "homeCity": "Bangkok, Thailand", "lists": {"groups": [{"items": [], "count": 32, "type": "created"}]}}, {"tips": {"count": 14}, "contact": {"facebook": "679961203"}, "firstName": "Civilization", "gender": "male", "lastName": "Buranarom", "id": "4424561", "bio": "B", "photo": {"prefix": "https://igx.4sqi.net/img/user/", "suffix": "/BTHRQGM5PRTR1DBZ.jpg"}, "homeCity": "\u0e1a\u0e32\u0e07\u0e01\u0e23\u0e30\u0e2a\u0e2d, \u0e1b\u0e23\u0e30\u0e40\u0e17\u0e28\u0e44\u0e17\u0e22", "lists": {"groups": [{"items": [], "count": 2, "type": "created"}]}}, {"tips": {"count": 0}, "contact": {"facebook": "1368525260"}, "firstName": "Pexky", "gender": "male", "lastName": "KaewPeng", "id": "12323020", "bio": "", "photo": {"prefix": "https://igx.4sqi.net/img/user/", "suffix": "/VZQGIVWG341Y2VEV.jpg"}, "homeCity": "\u0627\u0644\u0642\u0627\u0647\u0631\u0629, Egypt", "lists": {"groups": [{"items": [], "count": 2, "type": "created"}]}}, {"tips": {"count": 1}, "contact": {}, "firstName": "Nu", "gender": "female", "lastName": "Tuck", "id": "10680172", "bio": "", "photo": {"prefix": "https://igx.4sqi.net/img/user/", "suffix": "/42PW20DFD2X45Z45.jpg"}, "homeCity": "\u0e01\u0e23\u0e38\u0e07\u0e40\u0e17\u0e1e\u0e21\u0e2b\u0e32\u0e19\u0e04\u0e23, \u0e1b\u0e23\u0e30\u0e40\u0e17\u0e28\u0e44\u0e17\u0e22", "lists": {"groups": [{"items": [], "count": 2, "type": "created"}]}}, {"tips": {"count": 0}, "contact": {}, "firstName": "\u0e25\u0e39\u0e01\u0e2a\u0e32\u0e27\u0e22\u0e32\u0e01\u0e39\u0e0b\u0e48\u0e32", "gender": "female", "id": "5343758", "bio": "", "photo": {"prefix": "https://igx.4sqi.net/img/user/", "suffix": "/VLLQDAR25ORRV134.jpg"}, "homeCity": "Bangkok", "lists": {"groups": [{"items": [], "count": 2, "type": "created"}]}}, {"tips": {"count": 0}, "contact": {"facebook": "100000972322676"}, "firstName": "\u0e1b\u0e2d", "gender": "male", "lastName": "\u0e19\u0e34\u0e01\u0e23", "id": "12415773", "bio": "", "photo": {"prefix": "https://igx.4sqi.net/img/user/", "suffix": "/K0Z4Z0Q4AO51TL5T.jpg"}, "homeCity": "\u0e01\u0e23\u0e38\u0e07\u0e40\u0e17\u0e1e\u0e21\u0e2b\u0e32\u0e19\u0e04\u0e23, \u0e1b\u0e23\u0e30\u0e40\u0e17\u0e28\u0e44\u0e17\u0e22", "lists": {"groups": [{"items": [], "count": 2, "type": "created"}]}}, {"tips": {"count": 4}, "contact": {"facebook": "100000151371203"}, "firstName": "Ploy", "gender": "female", "lastName": "\ud50c\ub85c\uc774", "id": "10690912", "bio": "", "photo": {"prefix": "https://igx.4sqi.net/img/user/", "suffix": "/MIQK0SWGJKHXZXHE.jpg"}, "homeCity": "\u0e01\u0e23\u0e38\u0e07\u0e40\u0e17\u0e1e\u0e21\u0e2b\u0e32\u0e19\u0e04\u0e23, \u0e1b\u0e23\u0e30\u0e40\u0e17\u0e28\u0e44\u0e17\u0e22", "lists": {"groups": [{"items": [], "count": 2, "type": "created"}]}}, {"tips": {"count": 1}, "contact": {"facebook": "524280810"}, "firstName": "Kawee", "gender": "male", "lastName": "Wateesatogkij", "id": "5907415", "bio": "", "photo": {"prefix": "https://igx.4sqi.net/img/user/", "suffix": "/FW2XHEVVIUG0NCW1.jpg"}, "homeCity": "Bangkok, Thailand", "lists": {"groups": [{"items": [], "count": 2, "type": "created"}]}}, {"tips": {"count": 0}, "contact": {"facebook": "100003465538966"}, "firstName": "apple", "gender": "female", "lastName": "jung", "id": "12576751", "bio": "", "photo": {"prefix": "https://igx.4sqi.net/img/user/", "suffix": "/NQOXPYY453XHRSFR.jpg"}, "homeCity": "Bang Lamung, Thailand", "lists": {"groups": [{"items": [], "count": 2, "type": "created"}]}}, {"tips": {"count": 0}, "contact": {"facebook": "100000183453508"}, "firstName": "Pemapol", "gender": "male", "lastName": "Thesanayothin", "id": "11667675", "bio": "", "photo": {"prefix": "https://igx.4sqi.net/img/user/", "suffix": "/ZSFGN02OWZCYDQGP.jpg"}, "homeCity": "\u0e01\u0e23\u0e38\u0e07\u0e40\u0e17\u0e1e\u0e21\u0e2b\u0e32\u0e19\u0e04\u0e23, \u0e1b\u0e23\u0e30\u0e40\u0e17\u0e28\u0e44\u0e17\u0e22", "lists": {"groups": [{"items": [], "count": 2, "type": "created"}]}}, {"tips": {"count": 0}, "contact": {"facebook": "1149787800"}, "firstName": "d o r a b a n k", "gender": "male", "id": "13166626", "bio": "", "photo": {"prefix": "https://igx.4sqi.net/img/user/", "suffix": "/UXKY44NTCMFVCIYW.jpg"}, "homeCity": "Mae Sot, Thailand", "lists": {"groups": [{"items": [], "count": 2, "type": "created"}]}}, {"tips": {"count": 5}, "contact": {"facebook": "100000145595774"}, "firstName": "Khun", "gender": "male", "lastName": "Siwach", "id": "16329955", "bio": "", "photo": {"prefix": "https://igx.4sqi.net/img/user/", "suffix": "/E3NDS5MM1YNK1QXI.jpg"}, "homeCity": "\u0e2d.\u0e40\u0e21\u0e37\u0e2d\u0e07\u0e40\u0e0a\u0e35\u0e22\u0e07\u0e23\u0e32\u0e22, \u0e1b\u0e23\u0e30\u0e40\u0e17\u0e28\u0e44\u0e17\u0e22", "lists": {"groups": [{"items": [], "count": 2, "type": "created"}]}}, {"tips": {"count": 0}, "contact": {"facebook": "100000571201528"}, "firstName": "Surachai", "gender": "male", "lastName": "Huaysai", "id": "11874592", "bio": "", "photo": {"prefix": "https://igx.4sqi.net/img/user/", "suffix": "/2BSIEDYQEKQB0GO3.jpg"}, "homeCity": "\u0e40\u0e02\u0e37\u0e48\u0e2d\u0e19\u0e27\u0e0a\u0e34\u0e23\u0e32\u0e25\u0e07\u0e01\u0e23\u0e13,\u0e1b\u0e23\u0e30\u0e40\u0e17\u0e28\u0e44\u0e17\u0e22", "lists": {"groups": [{"items": [], "count": 2, "type": "created"}]}}, {"tips": {"count": 0}, "contact": {"facebook": "100000024497798"}, "firstName": "Siwachon", "gender": "male", "lastName": "P.", "id": "15338151", "bio": "", "photo": {"prefix": "https://igx.4sqi.net/img/user/", "suffix": "/QMFNHHA2CEJ3SVN5.jpg"}, "homeCity": "Bangkok, Thailand", "lists": {"groups": [{"items": [], "count": 2, "type": "created"}]}}, {"tips": {"count": 0}, "contact": {"facebook": "1427211565"}, "firstName": "Poon", "gender": "female", "lastName": "Orawitcha", "id": "15720693", "bio": "", "photo": {"prefix": "https://igx.4sqi.net/img/user/", "suffix": "/N24K3HOZTDF5EDAJ.jpg"}, "homeCity": "Mueang Nakhon Pathom, Thailand", "lists": {"groups": [{"items": [], "count": 2, "type": "created"}]}}], "count": 179}, "checksum": "58035d1f92ff5887f955a8f8c57184462f62b0b9"}, "meta": {"requestId": "596616491ed2191a002adaf1", "code": 200}}