{"notifications": [{"type": "notificationTray", "item": {"unreadCount": 0}}], "response": {"friends": {"items": [{"tips": {"count": 3}, "contact": {"facebook": "1486260549"}, "firstName": "Reinier", "gender": "male", "lastName": "Tinapay", "id": "4385803", "bio": "", "photo": {"prefix": "https://igx.4sqi.net/img/user/", "suffix": "/ZNRPFKWW5OM40HFG.jpg"}, "homeCity": "Singapore", "lists": {"groups": [{"items": [], "count": 2, "type": "created"}]}}, {"tips": {"count": 0}, "contact": {"twitter": "josebachocoii", "facebook": "620806521"}, "firstName": "Jose", "gender": "male", "lastName": "Bachoco II", "id": "5590470", "bio": "", "photo": {"prefix": "https://igx.4sqi.net/img/user/", "suffix": "/AJSYC0Y1XYU1PCVY.jpg"}, "homeCity": "Singapore, Singapore", "lists": {"groups": [{"items": [], "count": 2, "type": "created"}]}}, {"tips": {"count": 0}, "contact": {"facebook": "1367299278"}, "firstName": "Angelaira", "gender": "female", "lastName": "Gutierrez", "id": "7211545", "bio": "", "photo": {"prefix": "https://igx.4sqi.net/img/user/", "suffix": "/E0TMCROEWC0OVENX.jpg"}, "homeCity": "Singapore", "lists": {"groups": [{"items": [], "count": 2, "type": "created"}]}}], "count": 3}, "checksum": "05ba33737db0b325164eef5aa3479aa438db1776"}, "meta": {"requestId": "59662ee7dd57972d624b26cc", "code": 200}}