{"notifications": [{"type": "notificationTray", "item": {"unreadCount": 0}}], "response": {"friends": {"items": [{"tips": {"count": 3}, "contact": {"twitter": "unemplloyd", "facebook": "649205956"}, "firstName": "Lloyd", "gender": "male", "lastName": "Tee Sze Hou", "id": "6203352", "bio": "", "photo": {"prefix": "https://igx.4sqi.net/img/user/", "suffix": "/03CXIIUWROUBY0CS.jpg"}, "homeCity": "Singapore", "lists": {"groups": [{"items": [], "count": 2, "type": "created"}]}}, {"tips": {"count": 1}, "contact": {"twitter": "ahh_hongg", "facebook": "683398892"}, "firstName": "Tee Hong", "gender": "male", "lastName": "Heng", "id": "11060885", "bio": "", "photo": {"prefix": "https://igx.4sqi.net/img/user/", "suffix": "/UAEA2OYI4NOMWVWS.jpg"}, "homeCity": "Singapore", "lists": {"groups": [{"items": [], "count": 2, "type": "created"}]}}, {"tips": {"count": 0}, "contact": {"twitter": "starphis", "facebook": "601791251"}, "firstName": "Xingyi", "gender": "female", "lastName": "Yee", "id": "3782059", "bio": "", "photo": {"prefix": "https://igx.4sqi.net/img/user/", "suffix": "/LWWMG3GZDHQ1Q20V.jpg"}, "homeCity": "Singapore", "lists": {"groups": [{"items": [], "count": 2, "type": "created"}]}}, {"tips": {"count": 0}, "contact": {"twitter": "hanrui1989", "facebook": "547626281"}, "firstName": "Hanrui", "gender": "male", "lastName": "Lye", "id": "5514219", "bio": "", "photo": {"prefix": "https://igx.4sqi.net/img/user/", "suffix": "/LVKISQV2CT2ZIYUH.jpg"}, "homeCity": "Singapore", "lists": {"groups": [{"items": [], "count": 2, "type": "created"}]}}, {"tips": {"count": 28}, "contact": {"twitter": "wenxinpeia", "facebook": "608469802"}, "firstName": "WENDY", "gender": "female", "lastName": "WENXIN", "id": "7898007", "bio": "", "photo": {"prefix": "https://igx.4sqi.net/img/user/", "suffix": "/PES14F3YSXMAE0Q1.jpg"}, "homeCity": "Batu Pahat, Malaysia", "lists": {"groups": [{"items": [], "count": 3, "type": "created"}]}}, {"tips": {"count": 0}, "contact": {"facebook": "500241663"}, "firstName": "Giselle", "gender": "female", "lastName": "Ang", "id": "5699886", "bio": "", "photo": {"prefix": "https://igx.4sqi.net/img/user/", "suffix": "/W5KIZ0ML2Q3HVMQY.jpg"}, "homeCity": "Johor Bahru, Malaysia", "lists": {"groups": [{"items": [], "count": 2, "type": "created"}]}}, {"tips": {"count": 0}, "contact": {"twitter": "bluepiece", "facebook": "848895610"}, "firstName": "Yong", "gender": "male", "lastName": "Xin", "id": "4505757", "bio": "", "photo": {"prefix": "https://igx.4sqi.net/img/user/", "suffix": "/WIA2QPCCP12CDWYV.jpg"}, "homeCity": "Singapore", "lists": {"groups": [{"items": [], "count": 2, "type": "created"}]}}, {"tips": {"count": 3}, "contact": {}, "firstName": "Charlotte", "gender": "female", "lastName": "Hofstetter", "id": "622852", "bio": "", "photo": {"prefix": "https://igx.4sqi.net/img/user/", "suffix": "/C12CPSC0Z3TL2XGX.jpg"}, "homeCity": "Singapore", "lists": {"groups": [{"items": [], "count": 2, "type": "created"}]}}, {"tips": {"count": 10}, "contact": {"twitter": "redseo", "facebook": "630200079"}, "firstName": "Red", "gender": "male", "lastName": "Seo Hong Heng", "id": "1468318", "bio": "", "photo": {"prefix": "https://igx.4sqi.net/img/user/", "suffix": "/DGPNYKZXVOHAGLF3.jpg"}, "homeCity": "Singapore", "lists": {"groups": [{"items": [], "count": 2, "type": "created"}]}}, {"tips": {"count": 3}, "contact": {"twitter": "yourstruly", "facebook": "705632873"}, "firstName": "Koon Hui", "gender": "male", "lastName": "Goh", "id": "2144462", "bio": "", "photo": {"prefix": "https://igx.4sqi.net/img/user/", "suffix": "/X3Y40S3UH1BUFUQF.jpg"}, "homeCity": "nus, Singapore", "lists": {"groups": [{"items": [], "count": 2, "type": "created"}]}}, {"tips": {"count": 38}, "contact": {"twitter": "teddyrised", "facebook": "539228285"}, "firstName": "Terry", "gender": "male", "lastName": "Mun", "id": "1416933", "bio": "Amateur photographer, enthusiastic pixel baker, whimsical writer, recreational cyclist, and PhD student in molecular biology. Sometimes clumsy.", "photo": {"prefix": "https://igx.4sqi.net/img/user/", "suffix": "/STPJTBL12PPCRVDN.jpg"}, "homeCity": "Aarhus, Denmark", "lists": {"groups": [{"items": [], "count": 2, "type": "created"}]}}, {"tips": {"count": 1}, "contact": {"facebook": "543625534"}, "firstName": "Daniel", "gender": "male", "lastName": "Kor", "id": "6321969", "bio": "", "photo": {"prefix": "https://igx.4sqi.net/img/user/", "suffix": "/blank_boy.png", "default": true}, "homeCity": "Singapore", "lists": {"groups": [{"items": [], "count": 2, "type": "created"}]}}, {"tips": {"count": 0}, "contact": {"twitter": "kangnie", "facebook": "702947604"}, "firstName": "Connie", "gender": "female", "lastName": "Tan", "id": "11600178", "bio": "", "photo": {"prefix": "https://igx.4sqi.net/img/user/", "suffix": "/HNQ4ZFKPNZQCVTHB.jpg"}, "homeCity": "Singapore", "lists": {"groups": [{"items": [], "count": 2, "type": "created"}]}}, {"tips": {"count": 11}, "contact": {"twitter": "dori_lukey", "facebook": "524345192"}, "firstName": "Lukey", "gender": "male", "id": "6644171", "bio": "", "photo": {"prefix": "https://igx.4sqi.net/img/user/", "suffix": "/BAVFLBZLLVTWDGIU.jpg"}, "homeCity": "Singapore", "lists": {"groups": [{"items": [], "count": 2, "type": "created"}]}}, {"tips": {"count": 1}, "contact": {"facebook": "575689002"}, "firstName": "Zhou", "gender": "female", "lastName": "Wan Yi", "id": "11850809", "bio": "", "photo": {"prefix": "https://igx.4sqi.net/img/user/", "suffix": "/WVUPNSRNLGAC3ZC3.jpg"}, "homeCity": "Singapore", "lists": {"groups": [{"items": [], "count": 2, "type": "created"}]}}, {"tips": {"count": 1}, "contact": {}, "firstName": "Xian Yong", "gender": "male", "lastName": "Lim", "id": "10052537", "bio": "", "photo": {"prefix": "https://igx.4sqi.net/img/user/", "suffix": "/10052537-VYTMMIQ0TNCQNWJM"}, "homeCity": "Singapore", "lists": {"groups": [{"items": [], "count": 3, "type": "created"}]}}, {"tips": {"count": 9}, "contact": {"facebook": "729141270"}, "firstName": "Joshua", "gender": "male", "lastName": "Ng", "id": "11510508", "bio": "", "photo": {"prefix": "https://igx.4sqi.net/img/user/", "suffix": "/1VNW3GQQMEX25OKR.jpg"}, "homeCity": "Singapore", "lists": {"groups": [{"items": [], "count": 2, "type": "created"}]}}, {"tips": {"count": 0}, "contact": {"twitter": "umareta", "facebook": "517538338"}, "firstName": "Danny", "gender": "male", "lastName": "Widodo", "id": "4509473", "bio": "", "photo": {"prefix": "https://igx.4sqi.net/img/user/", "suffix": "/0TPDLYCXONJABWKG.jpg"}, "homeCity": "Singapore", "lists": {"groups": [{"items": [], "count": 2, "type": "created"}]}}, {"tips": {"count": 14}, "contact": {"twitter": "yjwong", "facebook": "516800593"}, "firstName": "Yong Jie", "gender": "male", "lastName": "Wong", "id": "1729269", "bio": "", "photo": {"prefix": "https://igx.4sqi.net/img/user/", "suffix": "/KKPTNAV5K13EIWMZ.jpg"}, "homeCity": "Singapore", "lists": {"groups": [{"items": [], "count": 7, "type": "created"}]}}, {"tips": {"count": 3}, "contact": {"twitter": "hearts_ziwei", "facebook": "626808007"}, "firstName": "Ziwei", "gender": "female", "lastName": "Sandy", "id": "1626922", "bio": "", "photo": {"prefix": "https://igx.4sqi.net/img/user/", "suffix": "/4AYWDJ0FBIALMCYH.jpg"}, "homeCity": "Singapore", "lists": {"groups": [{"items": [], "count": 2, "type": "created"}]}}, {"tips": {"count": 0}, "contact": {"twitter": "amaya_enlt", "facebook": "719886349"}, "firstName": "Elizabeth", "gender": "female", "lastName": "Ng", "id": "12463695", "bio": "", "photo": {"prefix": "https://igx.4sqi.net/img/user/", "suffix": "/GBRWDSGOENFQDIE5.jpg"}, "homeCity": "Singapore", "lists": {"groups": [{"items": [], "count": 2, "type": "created"}]}}, {"tips": {"count": 0}, "contact": {"twitter": "angellorrr", "facebook": "671820913"}, "firstName": "Angel", "gender": "female", "lastName": "Law", "id": "12945912", "bio": "", "photo": {"prefix": "https://igx.4sqi.net/img/user/", "suffix": "/HPGH0VWLIJZEQLGY.jpg"}, "homeCity": "Versailles, France", "lists": {"groups": [{"items": [], "count": 2, "type": "created"}]}}, {"tips": {"count": 0}, "contact": {"twitter": "cherntze", "facebook": "1067433831"}, "firstName": "Cherntze", "gender": "female", "lastName": "Lim", "id": "4001938", "bio": "", "photo": {"prefix": "https://igx.4sqi.net/img/user/", "suffix": "/5SDRB020FEFC0AAH.jpg"}, "homeCity": "Singapore", "lists": {"groups": [{"items": [], "count": 2, "type": "created"}]}}, {"tips": {"count": 15}, "contact": {"twitter": "tujnguyen", "facebook": "747143542"}, "firstName": "Tu", "gender": "male", "lastName": "Nguyen", "id": "5263168", "bio": "", "photo": {"prefix": "https://igx.4sqi.net/img/user/", "suffix": "/DM1CSXEHMIRHEVSQ.jpg"}, "homeCity": "Singapore", "lists": {"groups": [{"items": [], "count": 2, "type": "created"}]}}], "count": 24}, "checksum": "b02aec13b577c31c1a4d9bbf8a86df1de3eeb1af"}, "meta": {"requestId": "5965cd394c1f677020df8301", "code": 200}}