{"notifications": [{"type": "notificationTray", "item": {"unreadCount": 0}}], "response": {"friends": {"items": [{"tips": {"count": 0}, "contact": {"twitter": "jw_wng", "facebook": "682774248"}, "firstName": "Jin", "gender": "male", "lastName": "Wey", "id": "10058541", "bio": "", "photo": {"prefix": "https://igx.4sqi.net/img/user/", "suffix": "/5QWWTDB05AHCTKZ3.jpg"}, "homeCity": "Puchong, Malaysia", "lists": {"groups": [{"items": [], "count": 2, "type": "created"}]}}, {"tips": {"count": 0}, "contact": {"twitter": "kuanyikheng", "facebook": "612812210"}, "firstName": "Kuan", "gender": "male", "lastName": "Yik heng", "id": "4553835", "bio": "", "photo": {"prefix": "https://igx.4sqi.net/img/user/", "suffix": "/4553835_owYI4jEm_j-zuHoUCSmeZjFN3KIZbXvu_Mv_YOMwepLtnSUlrDO7AWfL_EKqut9ADSCdw3MfG"}, "homeCity": "Kuala Lumpur, Malaysia", "lists": {"groups": [{"items": [], "count": 2, "type": "created"}]}}, {"tips": {"count": 19}, "contact": {"twitter": "yanx93", "facebook": "727750532"}, "firstName": "YaNx", "gender": "female", "lastName": "YaNx", "id": "6800847", "bio": "Just an ordinary girl :)", "photo": {"prefix": "https://igx.4sqi.net/img/user/", "suffix": "/5D5H42NY4HGZPF0V.jpg"}, "homeCity": "Cheras , Kuala Lumpur", "lists": {"groups": [{"items": [], "count": 2, "type": "created"}]}}, {"tips": {"count": 5}, "contact": {"facebook": "646826086"}, "firstName": "Eunice", "gender": "female", "lastName": "Yun", "id": "10605207", "bio": "", "photo": {"prefix": "https://igx.4sqi.net/img/user/", "suffix": "/FIWAMOUKYNAYD0PL.jpg"}, "homeCity": "Kuala Lumpur, Malaysia", "lists": {"groups": [{"items": [], "count": 2, "type": "created"}]}}, {"tips": {"count": 3}, "contact": {}, "firstName": "Katie", "gender": "female", "lastName": "Huang", "id": "12042193", "bio": "", "photo": {"prefix": "https://igx.4sqi.net/img/user/", "suffix": "/END1U15SLN5JHDPQ.jpg"}, "homeCity": "Kuala Lumpur, Malaysia", "lists": {"groups": [{"items": [], "count": 2, "type": "created"}]}}, {"tips": {"count": 2}, "contact": {}, "firstName": "Ting Hui", "gender": "female", "lastName": "Wong", "id": "5280614", "bio": "", "photo": {"prefix": "https://igx.4sqi.net/img/user/", "suffix": "/BJCTNC44MBQEBIOQ.jpg"}, "homeCity": "", "lists": {"groups": [{"items": [], "count": 2, "type": "created"}]}}, {"tips": {"count": 12}, "contact": {"twitter": "missvivian90", "facebook": "518948408"}, "firstName": "Miss", "gender": "female", "lastName": "Vivian", "id": "529005", "bio": "", "photo": {"prefix": "https://igx.4sqi.net/img/user/", "suffix": "/D1SJDGFK0EPO2TI3.jpg"}, "homeCity": "New york", "lists": {"groups": [{"items": [], "count": 2, "type": "created"}]}}, {"tips": {"count": 1}, "contact": {"twitter": "sansansan90", "facebook": "1352402146"}, "firstName": "San", "gender": "female", "lastName": "Sansan", "id": "5637950", "bio": "", "photo": {"prefix": "https://igx.4sqi.net/img/user/", "suffix": "/3P5VW4M5BA1RUCFN.jpg"}, "homeCity": "Kuala lumpur ", "lists": {"groups": [{"items": [], "count": 2, "type": "created"}]}}, {"tips": {"count": 6}, "contact": {}, "firstName": "Wei lun", "gender": "male", "lastName": "Tay", "id": "1862925", "bio": "", "photo": {"prefix": "https://igx.4sqi.net/img/user/", "suffix": "/OIDPJ511TO55YB15.jpg"}, "homeCity": "Ampang, Malaysia", "lists": {"groups": [{"items": [], "count": 2, "type": "created"}]}}, {"tips": {"count": 69}, "contact": {"twitter": "ren_cjy", "facebook": "752794471"}, "firstName": "Renesia", "gender": "female", "lastName": "Chin Ji Yan", "id": "5169656", "bio": "", "photo": {"prefix": "https://igx.4sqi.net/img/user/", "suffix": "/5169656-EAVAZ0MFZ0H2H1ZT.jpg"}, "homeCity": "Moscow, Russia", "lists": {"groups": [{"items": [], "count": 2, "type": "created"}]}}, {"tips": {"count": 0}, "contact": {"facebook": "100000169450803"}, "firstName": "Kelly", "gender": "female", "lastName": "Kuan", "id": "7618852", "bio": "", "photo": {"prefix": "https://igx.4sqi.net/img/user/", "suffix": "/GULQSYD12TXQUYVY.jpg"}, "homeCity": "Selangor, Malaysia", "lists": {"groups": [{"items": [], "count": 2, "type": "created"}]}}, {"tips": {"count": 6}, "contact": {"twitter": "cylittlesharky", "facebook": "100002328401159"}, "firstName": "Michelle", "gender": "female", "lastName": "Chengyee", "id": "8907432", "bio": "", "photo": {"prefix": "https://igx.4sqi.net/img/user/", "suffix": "/8907432-BMP5PHEL1YBO1JN2.jpg"}, "homeCity": "Kuala Lumpur, Malaysia", "lists": {"groups": [{"items": [], "count": 4, "type": "created"}]}}, {"tips": {"count": 7}, "contact": {"twitter": "puiyee0317", "facebook": "100001804213391"}, "firstName": "pUiyEe", "gender": "female", "lastName": "Tan", "id": "4713054", "bio": "", "photo": {"prefix": "https://igx.4sqi.net/img/user/", "suffix": "/OREEMGE1BAULBCPT.jpg"}, "homeCity": "Kuala Lumpur, Malaysia", "lists": {"groups": [{"items": [], "count": 2, "type": "created"}]}}, {"tips": {"count": 10}, "contact": {"twitter": "chongyeefang", "facebook": "559549225"}, "firstName": "Ken", "gender": "male", "lastName": "Chong", "id": "3415272", "bio": "", "photo": {"prefix": "https://igx.4sqi.net/img/user/", "suffix": "/J34YEJJ3P0N5BXU4.jpg"}, "homeCity": "Setapak", "lists": {"groups": [{"items": [], "count": 2, "type": "created"}]}}, {"tips": {"count": 35}, "contact": {"twitter": "queenofallnie"}, "firstName": "Queenie", "gender": "female", "lastName": "Pang", "id": "3264680", "bio": "I am Mrs. Darth Vader.", "photo": {"prefix": "https://igx.4sqi.net/img/user/", "suffix": "/3264680-5QHBIUHOCKGBTYRM.jpg"}, "homeCity": "Kuala Lumpur, Malaysia", "lists": {"groups": [{"items": [], "count": 3, "type": "created"}]}}, {"tips": {"count": 0}, "contact": {"facebook": "545007735"}, "firstName": "Lerina", "gender": "female", "lastName": "Lim", "id": "11295452", "bio": "", "photo": {"prefix": "https://igx.4sqi.net/img/user/", "suffix": "/blank_girl.png", "default": true}, "homeCity": "Subang Jaya, Malaysia", "lists": {"groups": [{"items": [], "count": 2, "type": "created"}]}}, {"tips": {"count": 3}, "contact": {}, "firstName": "Peter", "gender": "male", "lastName": "C.", "id": "1481050", "bio": "", "photo": {"prefix": "https://igx.4sqi.net/img/user/", "suffix": "/1481050-Z1FQDFFRNRVEVX1N.jpg"}, "homeCity": "Malaysia", "lists": {"groups": [{"items": [], "count": 2, "type": "created"}]}}, {"tips": {"count": 0}, "contact": {"twitter": "angelachan91", "facebook": "100002027534041"}, "firstName": "Angela", "gender": "female", "lastName": "Chan", "id": "4642671", "bio": "", "photo": {"prefix": "https://igx.4sqi.net/img/user/", "suffix": "/GAYZIIYAKBWR1BHZ.jpg"}, "homeCity": "Kuala Lumpur, Malaysia", "lists": {"groups": [{"items": [], "count": 2, "type": "created"}]}}, {"tips": {"count": 11}, "contact": {"twitter": "ashlinraphaela", "facebook": "724120156"}, "firstName": "Chai Jian", "gender": "female", "lastName": "Goh", "id": "6836686", "bio": "", "photo": {"prefix": "https://igx.4sqi.net/img/user/", "suffix": "/4E3NZP54ETSN1KDV.jpg"}, "homeCity": "Kuala Lumpur, Malaysia", "lists": {"groups": [{"items": [], "count": 2, "type": "created"}]}}, {"tips": {"count": 0}, "contact": {"facebook": "1651124601"}, "firstName": "Adelynn", "gender": "female", "lastName": "Lee", "id": "12146378", "bio": "", "photo": {"prefix": "https://igx.4sqi.net/img/user/", "suffix": "/SH203JBLFT52OFQP.jpg"}, "homeCity": "Johor Bahru, Malaysia", "lists": {"groups": [{"items": [], "count": 2, "type": "created"}]}}, {"tips": {"count": 0}, "contact": {"facebook": "600198256"}, "firstName": "Wendy Tan", "gender": "female", "lastName": "Yen Yee", "id": "7663184", "bio": "", "photo": {"prefix": "https://igx.4sqi.net/img/user/", "suffix": "/FWMK2ZNYL4QPOHZF.jpg"}, "homeCity": "Kuala Lumpur, Malaysia", "lists": {"groups": [{"items": [], "count": 2, "type": "created"}]}}, {"tips": {"count": 3}, "contact": {"facebook": "537021873"}, "firstName": "Ken", "gender": "male", "lastName": "X", "id": "5690287", "bio": "", "photo": {"prefix": "https://igx.4sqi.net/img/user/", "suffix": "/PCVO2CFFNQNXKOZX.jpg"}, "homeCity": "Kuala Lumpur, Malaysia", "lists": {"groups": [{"items": [], "count": 2, "type": "created"}]}}, {"tips": {"count": 4}, "contact": {"twitter": "kai_john", "facebook": "594654050"}, "firstName": "Kee", "gender": "male", "lastName": "Kai john", "id": "4533891", "bio": "", "photo": {"prefix": "https://igx.4sqi.net/img/user/", "suffix": "/G2QDBQVATAACGJGH.jpg"}, "homeCity": "Kuala Lumpur, Malaysia", "lists": {"groups": [{"items": [], "count": 2, "type": "created"}]}}, {"tips": {"count": 0}, "contact": {"twitter": "linliteo", "facebook": "10153196387676074"}, "firstName": "Lin Li", "gender": "female", "lastName": "Teo", "id": "10183320", "bio": "", "photo": {"prefix": "https://igx.4sqi.net/img/user/", "suffix": "/LKWZLUQLUU2P5C4A.jpg"}, "homeCity": "Puchong, Malaysia", "lists": {"groups": [{"items": [], "count": 2, "type": "created"}]}}, {"tips": {"count": 78}, "contact": {"twitter": "limkahshoon"}, "firstName": "Lim", "gender": "male", "lastName": "Kah Shoon", "id": "4002771", "bio": "", "photo": {"prefix": "https://igx.4sqi.net/img/user/", "suffix": "/QZDF3EBIP1VPFMJD.jpg"}, "homeCity": "Kuala Lumpur, Malaysia", "lists": {"groups": [{"items": [], "count": 2, "type": "created"}]}}, {"tips": {"count": 0}, "contact": {"twitter": "skybluejl", "facebook": "686428003"}, "firstName": "skybluejl", "gender": "male", "lastName": "jun", "id": "3290901", "bio": "", "photo": {"prefix": "https://igx.4sqi.net/img/user/", "suffix": "/0WEAKKRXCYDXJHJC.jpg"}, "homeCity": "Klang, Malaysia", "lists": {"groups": [{"items": [], "count": 3, "type": "created"}]}}, {"tips": {"count": 8}, "contact": {"twitter": "sunnyseak"}, "firstName": "Sunny", "gender": "female", "lastName": "Seak", "id": "6972015", "bio": "", "photo": {"prefix": "https://igx.4sqi.net/img/user/", "suffix": "/WS2CYKYPY553AI2H.jpg"}, "homeCity": "Kuala Lumpur, Malaysia", "lists": {"groups": [{"items": [], "count": 2, "type": "created"}]}}, {"tips": {"count": 0}, "contact": {"twitter": "yinyepvpt", "facebook": "889685569"}, "firstName": "cheah", "gender": "male", "lastName": "yin yep", "id": "7082288", "bio": "", "photo": {"prefix": "https://igx.4sqi.net/img/user/", "suffix": "/BKLBCFKCSIJ4F42N.jpg"}, "homeCity": "Ipoh, Malaysia", "lists": {"groups": [{"items": [], "count": 2, "type": "created"}]}}, {"tips": {"count": 7}, "contact": {}, "firstName": "Stella", "gender": "female", "lastName": "Ong", "id": "12273935", "bio": "", "photo": {"prefix": "https://igx.4sqi.net/img/user/", "suffix": "/ERQUCDQFJAZXNK0X.jpg"}, "homeCity": "Kuala Lumpur, Malaysia", "lists": {"groups": [{"items": [], "count": 3, "type": "created"}]}}, {"tips": {"count": 0}, "contact": {"twitter": "ashashpika", "facebook": "707246185"}, "firstName": "Ash", "gender": "male", "lastName": "Kam", "id": "8013838", "bio": "", "photo": {"prefix": "https://igx.4sqi.net/img/user/", "suffix": "/RNB5X3DZGOGJIMJO.jpg"}, "homeCity": "Batu 9 Cheras, Malaysia", "lists": {"groups": [{"items": [], "count": 2, "type": "created"}]}}, {"tips": {"count": 2}, "contact": {"facebook": "689877096"}, "firstName": "Aaron", "gender": "male", "lastName": "Low", "id": "9294883", "bio": "", "photo": {"prefix": "https://igx.4sqi.net/img/user/", "suffix": "/TNLIMTD1FFEYNQRB.jpg"}, "homeCity": "Kuala Lumpur, Malaysia", "lists": {"groups": [{"items": [], "count": 2, "type": "created"}]}}, {"tips": {"count": 1}, "contact": {"twitter": "andyhau0513", "facebook": "566982745"}, "firstName": "Andy", "gender": "male", "id": "4909143", "bio": "", "photo": {"prefix": "https://igx.4sqi.net/img/user/", "suffix": "/2BBBVBAH4VZXKTP5.jpg"}, "homeCity": "Malaysia", "lists": {"groups": [{"items": [], "count": 2, "type": "created"}]}}, {"tips": {"count": 3}, "contact": {"facebook": "623791896"}, "firstName": "Ash", "gender": "male", "lastName": "Liew", "id": "10190937", "bio": "", "photo": {"prefix": "https://igx.4sqi.net/img/user/", "suffix": "/JBRYZHW435PGY1P4.jpg"}, "homeCity": "Ampang, Malaysia", "lists": {"groups": [{"items": [], "count": 2, "type": "created"}]}}, {"tips": {"count": 0}, "contact": {"facebook": "612039096"}, "firstName": "Leong", "gender": "male", "lastName": "Wai", "id": "4427655", "bio": "", "photo": {"prefix": "https://igx.4sqi.net/img/user/", "suffix": "/OIELVGSH1STX4QJP.jpg"}, "homeCity": "Kuala Lumpur, Malaysia", "lists": {"groups": [{"items": [], "count": 2, "type": "created"}]}}, {"tips": {"count": 29}, "contact": {"twitter": "winloon", "facebook": "100000163167082"}, "firstName": "WinLoon", "gender": "male", "id": "3392969", "bio": "", "photo": {"prefix": "https://igx.4sqi.net/img/user/", "suffix": "/3392969-HNCR1GRZUX0NOBY1.jpg"}, "homeCity": "Kuala Lumpur, Malaysia", "lists": {"groups": [{"items": [], "count": 2, "type": "created"}]}}, {"tips": {"count": 1}, "contact": {"facebook": "556137706"}, "firstName": "Serge", "gender": "male", "lastName": "Lim", "id": "12475744", "bio": "", "photo": {"prefix": "https://igx.4sqi.net/img/user/", "suffix": "/EQWKH3CBHBLESULD.jpg"}, "homeCity": "Kuala Lumpur, Malaysia", "lists": {"groups": [{"items": [], "count": 2, "type": "created"}]}}, {"tips": {"count": 0}, "contact": {"facebook": "661010339"}, "firstName": "Henryy", "gender": "male", "lastName": "Ng", "id": "7757448", "bio": "", "photo": {"prefix": "https://igx.4sqi.net/img/user/", "suffix": "/blank_boy.png", "default": true}, "homeCity": "Malaysia", "lists": {"groups": [{"items": [], "count": 2, "type": "created"}]}}, {"tips": {"count": 0}, "contact": {"facebook": "521730038"}, "firstName": "Anson", "gender": "male", "lastName": "Ang", "id": "12182533", "bio": "", "photo": {"prefix": "https://igx.4sqi.net/img/user/", "suffix": "/ZMISQ4XHG5BFFSC1.jpg"}, "homeCity": "Ampang, Malaysia", "lists": {"groups": [{"items": [], "count": 2, "type": "created"}]}}, {"tips": {"count": 0}, "contact": {"facebook": "697799384"}, "firstName": "Wendy", "gender": "female", "lastName": "YingNi", "id": "11171112", "bio": "", "photo": {"prefix": "https://igx.4sqi.net/img/user/", "suffix": "/TAJBQXWFUCBDFFZ1.jpg"}, "homeCity": "New York, NY", "lists": {"groups": [{"items": [], "count": 2, "type": "created"}]}}, {"tips": {"count": 21}, "contact": {"twitter": "denisejlee", "facebook": "10207325747115122"}, "firstName": "Denise", "gender": "female", "lastName": "Justine", "id": "4989741", "bio": "www.instagram.com/denisejlee", "photo": {"prefix": "https://igx.4sqi.net/img/user/", "suffix": "/BQGLKXL3PCHWGFSC.jpg"}, "homeCity": "Malaysia", "lists": {"groups": [{"items": [], "count": 2, "type": "created"}]}}, {"tips": {"count": 0}, "contact": {"facebook": "545562811"}, "firstName": "Kah Yee", "gender": "female", "lastName": "How", "id": "5341271", "bio": "", "photo": {"prefix": "https://igx.4sqi.net/img/user/", "suffix": "/PGHYCVFT0HDTSVYK.jpg"}, "homeCity": "Kajang, Malaysia", "lists": {"groups": [{"items": [], "count": 2, "type": "created"}]}}, {"tips": {"count": 4}, "contact": {"twitter": "yongkw90", "facebook": "1096611551"}, "firstName": "Jacky", "gender": "male", "lastName": "Yong", "id": "3441584", "bio": "", "photo": {"prefix": "https://igx.4sqi.net/img/user/", "suffix": "/3441584-WG1FNYXSX5KTFXUF.jpg"}, "homeCity": "Kuantan, Malaysia", "lists": {"groups": [{"items": [], "count": 2, "type": "created"}]}}, {"tips": {"count": 2}, "contact": {"twitter": "ernest_fong90", "facebook": "10152574982081027"}, "firstName": "Ernest", "gender": "male", "lastName": "Fong", "id": "12533556", "bio": "", "photo": {"prefix": "https://igx.4sqi.net/img/user/", "suffix": "/ADPKN133GMVB2WLF.jpg"}, "homeCity": "Kuala Lumpur, Malaysia", "lists": {"groups": [{"items": [], "count": 2, "type": "created"}]}}, {"tips": {"count": 3}, "contact": {"twitter": "xiowei07", "facebook": "705036894"}, "firstName": "Xiowei", "gender": "female", "lastName": "Ser", "id": "11721000", "bio": "", "photo": {"prefix": "https://igx.4sqi.net/img/user/", "suffix": "/WDZGBDGFOSA3GU0N.jpg"}, "homeCity": "Kuala Lumpur,Malaysia", "lists": {"groups": [{"items": [], "count": 2, "type": "created"}]}}, {"tips": {"count": 2}, "contact": {"twitter": "chongwaimun", "facebook": "690056952"}, "firstName": "Wai Mun", "gender": "female", "lastName": "Chong", "id": "5052837", "bio": "", "photo": {"prefix": "https://igx.4sqi.net/img/user/", "suffix": "/KZOD2PA5EWFLGPZT.jpg"}, "homeCity": "Kuala Lumpur, Malaysia", "lists": {"groups": [{"items": [], "count": 2, "type": "created"}]}}, {"tips": {"count": 0}, "contact": {"twitter": "mscc15", "facebook": "616357573"}, "firstName": "Matthew", "gender": "male", "lastName": "Soo", "id": "5742217", "bio": "", "photo": {"prefix": "https://igx.4sqi.net/img/user/", "suffix": "/BP3P5LTPKM34X4JS.jpg"}, "homeCity": "WP Kuala Lumpur, Malaysia", "lists": {"groups": [{"items": [], "count": 2, "type": "created"}]}}, {"tips": {"count": 7}, "contact": {"twitter": "lueeeeeeee", "facebook": "557431860"}, "firstName": "Lu Ee", "gender": "female", "lastName": "Wong", "id": "5533922", "bio": "", "photo": {"prefix": "https://igx.4sqi.net/img/user/", "suffix": "/BIW1XSVDGCZSTIDC.jpg"}, "homeCity": "Chicago, IL", "lists": {"groups": [{"items": [], "count": 2, "type": "created"}]}}, {"tips": {"count": 0}, "contact": {"facebook": "579209012"}, "firstName": "Nicholas Chong", "gender": "male", "lastName": "Mun Hoe", "id": "12541290", "bio": "", "photo": {"prefix": "https://igx.4sqi.net/img/user/", "suffix": "/53TMBVV5BKBALPTC.jpg"}, "homeCity": "Puchong, Malaysia", "lists": {"groups": [{"items": [], "count": 2, "type": "created"}]}}, {"tips": {"count": 0}, "contact": {}, "firstName": "Samuel", "gender": "male", "lastName": "Kok", "id": "11723200", "bio": "", "photo": {"prefix": "https://igx.4sqi.net/img/user/", "suffix": "/UIX4NZZWHWBL3YYH.jpg"}, "homeCity": "Kuala Lumpur, Malaysia", "lists": {"groups": [{"items": [], "count": 2, "type": "created"}]}}, {"tips": {"count": 32}, "contact": {"twitter": "panyinhui", "facebook": "689316547"}, "firstName": "Yin Hui", "gender": "female", "lastName": "PanPan", "id": "5749925", "bio": "I love Food & Travel . Travel around the world. Meet new friends!", "photo": {"prefix": "https://igx.4sqi.net/img/user/", "suffix": "/-JNV5ZIEGXRGVCQFR.jpg"}, "homeCity": "Kuala Lumpur, Malaysia", "lists": {"groups": [{"items": [], "count": 9, "type": "created"}]}}, {"tips": {"count": 1}, "contact": {"twitter": "mkthepenguin", "facebook": "786040130"}, "firstName": "Meikheng", "gender": "female", "lastName": "Woo", "id": "6545724", "bio": "", "photo": {"prefix": "https://igx.4sqi.net/img/user/", "suffix": "/C20TSHNA2YNQPUAW.jpg"}, "homeCity": "Kuala Lumpur, Malaysia", "lists": {"groups": [{"items": [], "count": 2, "type": "created"}]}}, {"tips": {"count": 0}, "contact": {"twitter": "saraliwen", "facebook": "805334445"}, "firstName": "Sara", "gender": "female", "lastName": "Wong", "id": "11880925", "bio": "", "photo": {"prefix": "https://igx.4sqi.net/img/user/", "suffix": "/4NHWO1QUJI5RX4OH.jpg"}, "homeCity": "Bandar Sri Permaisuri", "lists": {"groups": [{"items": [], "count": 2, "type": "created"}]}}, {"tips": {"count": 0}, "contact": {"facebook": "533225168"}, "firstName": "Marcus", "gender": "male", "lastName": "Sia", "id": "6115203", "bio": "", "photo": {"prefix": "https://igx.4sqi.net/img/user/", "suffix": "/M1V0YJUYWLPNDOLI.jpg"}, "homeCity": "Ampang, Malaysia", "lists": {"groups": [{"items": [], "count": 2, "type": "created"}]}}, {"tips": {"count": 0}, "contact": {"twitter": "mellisachia", "facebook": "656395565"}, "firstName": "Mellisa", "gender": "female", "lastName": "Chia", "id": "8528309", "bio": "", "photo": {"prefix": "https://igx.4sqi.net/img/user/", "suffix": "/8528309-UHURGRLGU52VZ3I1.jpg"}, "homeCity": "Semenyih, Malaysia", "lists": {"groups": [{"items": [], "count": 2, "type": "created"}]}}], "count": 154}, "checksum": "9665d9674dd922a63049d2acdc43f9ee7a3803b1"}, "meta": {"requestId": "5965d2de9fb6b77be22a7010", "code": 200}}