{"notifications": [{"type": "notificationTray", "item": {"unreadCount": 0}}], "response": {"friends": {"items": [{"tips": {"count": 0}, "contact": {"twitter": "mohdnoordanial", "facebook": "922655017868999"}, "firstName": "Danial", "gender": "male", "lastName": "Naszlee", "id": "58917039", "bio": "Nothing to be explain", "photo": {"prefix": "https://igx.4sqi.net/img/user/", "suffix": "/58917039-FGEYUOZD2WLXFYEZ.jpg"}, "homeCity": "Kuala Lumpur, 14", "lists": {"groups": [{"items": [], "count": 2, "type": "created"}]}}, {"tips": {"count": 0}, "contact": {"facebook": "10206120802914759"}, "firstName": "\u309b\ue238Wi\u043f\u03a4z\u0435\u03b7\u25c7", "gender": "male", "id": "9349160", "bio": "", "photo": {"prefix": "https://igx.4sqi.net/img/user/", "suffix": "/UAFIU3LE1NS4OYI1.jpg"}, "homeCity": "Kuala Lumpur, Malaysia", "lists": {"groups": [{"items": [], "count": 2, "type": "created"}]}}, {"tips": {"count": 0}, "contact": {"facebook": "577712761"}, "firstName": "Van", "gender": "male", "lastName": "De Yuan", "id": "66861944", "bio": "", "photo": {"prefix": "https://igx.4sqi.net/img/user/", "suffix": "/UD2S514XFBIN5V4D.jpg"}, "homeCity": "Kuala Lumpur, KUL", "lists": {"groups": [{"items": [], "count": 2, "type": "created"}]}}, {"tips": {"count": 0}, "contact": {"twitter": "kuanyikheng", "facebook": "612812210"}, "firstName": "Kuan", "gender": "male", "lastName": "Yik heng", "id": "4553835", "bio": "", "photo": {"prefix": "https://igx.4sqi.net/img/user/", "suffix": "/4553835_owYI4jEm_j-zuHoUCSmeZjFN3KIZbXvu_Mv_YOMwepLtnSUlrDO7AWfL_EKqut9ADSCdw3MfG"}, "homeCity": "Kuala Lumpur, Malaysia", "lists": {"groups": [{"items": [], "count": 2, "type": "created"}]}}, {"tips": {"count": 19}, "contact": {"twitter": "yanx93", "facebook": "727750532"}, "firstName": "YaNx", "gender": "female", "lastName": "YaNx", "id": "6800847", "bio": "Just an ordinary girl :)", "photo": {"prefix": "https://igx.4sqi.net/img/user/", "suffix": "/5D5H42NY4HGZPF0V.jpg"}, "homeCity": "Cheras , Kuala Lumpur", "lists": {"groups": [{"items": [], "count": 2, "type": "created"}]}}, {"tips": {"count": 0}, "contact": {"facebook": "1072381790"}, "firstName": "Tristian", "gender": "male", "lastName": "Lim", "id": "11083702", "bio": "", "photo": {"prefix": "https://igx.4sqi.net/img/user/", "suffix": "/11083702-0IBIRVRK0ASD1M51.jpg"}, "homeCity": "Kuala Lumpur, Malaysia", "lists": {"groups": [{"items": [], "count": 2, "type": "created"}]}}, {"tips": {"count": 5}, "contact": {"facebook": "646826086"}, "firstName": "Eunice", "gender": "female", "lastName": "Yun", "id": "10605207", "bio": "", "photo": {"prefix": "https://igx.4sqi.net/img/user/", "suffix": "/FIWAMOUKYNAYD0PL.jpg"}, "homeCity": "Kuala Lumpur, Malaysia", "lists": {"groups": [{"items": [], "count": 2, "type": "created"}]}}, {"tips": {"count": 20}, "contact": {"twitter": "akikakko", "facebook": "10153188335501655"}, "firstName": "Aki", "gender": "male", "lastName": "Kakko", "id": "1334039", "bio": "", "photo": {"prefix": "https://igx.4sqi.net/img/user/", "suffix": "/KZUASGW2NQRNW10X.jpg"}, "homeCity": "Helsinki, Etel\u00e4-Suomi", "lists": {"groups": [{"items": [], "count": 4, "type": "created"}]}}, {"tips": {"count": 0}, "contact": {"twitter": "tzongmeng", "facebook": "769200208"}, "firstName": "Tzong Meng", "gender": "male", "lastName": "Ong", "id": "4568938", "bio": "", "photo": {"prefix": "https://igx.4sqi.net/img/user/", "suffix": "/O1Z5UTOTSIVKSMVO.jpg"}, "homeCity": "Kuala Lumpur, Malaysia", "lists": {"groups": [{"items": [], "count": 2, "type": "created"}]}}, {"tips": {"count": 12}, "contact": {"twitter": "missvivian90", "facebook": "518948408"}, "firstName": "Miss", "gender": "female", "lastName": "Vivian", "id": "529005", "bio": "", "photo": {"prefix": "https://igx.4sqi.net/img/user/", "suffix": "/D1SJDGFK0EPO2TI3.jpg"}, "homeCity": "New york", "lists": {"groups": [{"items": [], "count": 2, "type": "created"}]}}, {"tips": {"count": 2}, "contact": {"facebook": "902850712"}, "firstName": "Chiah Chyi", "gender": "male", "lastName": "Teo", "id": "5460915", "bio": "", "photo": {"prefix": "https://igx.4sqi.net/img/user/", "suffix": "/DRDCP5EYD3OANSJ0.jpg"}, "homeCity": "Subang Jaya, Malaysia", "lists": {"groups": [{"items": [], "count": 2, "type": "created"}]}}, {"tips": {"count": 6}, "contact": {}, "firstName": "Wei lun", "gender": "male", "lastName": "Tay", "id": "1862925", "bio": "", "photo": {"prefix": "https://igx.4sqi.net/img/user/", "suffix": "/OIDPJ511TO55YB15.jpg"}, "homeCity": "Ampang, Malaysia", "lists": {"groups": [{"items": [], "count": 2, "type": "created"}]}}, {"tips": {"count": 0}, "contact": {}, "firstName": "Apple", "gender": "female", "lastName": "Lim", "id": "4570016", "bio": "", "photo": {"prefix": "https://igx.4sqi.net/img/user/", "suffix": "/4570016_geKZn6OR__sObvQM6XmNDVube_kQLTkgbIlHWe0MX2t7pLQxhlafg5DYIPRAAway3BJF5nBPr.jpg"}, "homeCity": "Kuala Lumpur, Malaysia", "lists": {"groups": [{"items": [], "count": 3, "type": "created"}]}}, {"tips": {"count": 0}, "contact": {"facebook": "100000169450803"}, "firstName": "Kelly", "gender": "female", "lastName": "Kuan", "id": "7618852", "bio": "", "photo": {"prefix": "https://igx.4sqi.net/img/user/", "suffix": "/GULQSYD12TXQUYVY.jpg"}, "homeCity": "Selangor, Malaysia", "lists": {"groups": [{"items": [], "count": 2, "type": "created"}]}}, {"tips": {"count": 0}, "contact": {"facebook": "683972913"}, "firstName": "Calvin", "gender": "male", "lastName": "Ck", "id": "14783033", "bio": "", "photo": {"prefix": "https://igx.4sqi.net/img/user/", "suffix": "/QXSEIVJTYLZ2HPSD.jpg"}, "homeCity": "Kuala Lumpur, Malaysia", "lists": {"groups": [{"items": [], "count": 2, "type": "created"}]}}, {"tips": {"count": 6}, "contact": {"twitter": "cylittlesharky", "facebook": "100002328401159"}, "firstName": "Michelle", "gender": "female", "lastName": "Chengyee", "id": "8907432", "bio": "", "photo": {"prefix": "https://igx.4sqi.net/img/user/", "suffix": "/8907432-BMP5PHEL1YBO1JN2.jpg"}, "homeCity": "Kuala Lumpur, Malaysia", "lists": {"groups": [{"items": [], "count": 4, "type": "created"}]}}, {"tips": {"count": 1}, "contact": {"twitter": "kyliephoon", "facebook": "708377755"}, "firstName": "kylie", "gender": "none", "lastName": "phoon", "id": "4956569", "bio": "", "photo": {"prefix": "https://igx.4sqi.net/img/user/", "suffix": "/REFNQWUHSHZWO3JP.jpg"}, "homeCity": "Iowa", "lists": {"groups": [{"items": [], "count": 2, "type": "created"}]}}, {"tips": {"count": 3}, "contact": {"facebook": "537753043"}, "firstName": "Alex", "gender": "male", "lastName": "Chin", "id": "4705150", "bio": "", "photo": {"prefix": "https://igx.4sqi.net/img/user/", "suffix": "/FXFM2NGAZSIWG5ML.jpg"}, "homeCity": "Kuching, Malaysia", "lists": {"groups": [{"items": [], "count": 2, "type": "created"}]}}, {"tips": {"count": 0}, "contact": {"facebook": "684374200"}, "firstName": "Pang", "gender": "female", "lastName": "Eu ern", "id": "7547535", "bio": "", "photo": {"prefix": "https://igx.4sqi.net/img/user/", "suffix": "/blank_girl.png", "default": true}, "homeCity": "Singapore", "lists": {"groups": [{"items": [], "count": 2, "type": "created"}]}}, {"tips": {"count": 0}, "contact": {"twitter": "celineshee"}, "firstName": "Celine", "gender": "female", "lastName": "Shee", "id": "2088547", "bio": "", "photo": {"prefix": "https://igx.4sqi.net/img/user/", "suffix": "/NPAMLN1QVYGY0T1L.jpg"}, "homeCity": "Kuala Lumpur, Malaysia", "lists": {"groups": [{"items": [], "count": 2, "type": "created"}]}}, {"tips": {"count": 89}, "contact": {"twitter": "jiiiyang", "facebook": "10152954278201692"}, "firstName": "Jiyang", "gender": "male", "lastName": "Wong", "id": "2447471", "bio": "", "photo": {"prefix": "https://igx.4sqi.net/img/user/", "suffix": "/2447471-NSPGHKJJH3ORKGF2.jpg"}, "homeCity": "Planet Earth", "lists": {"groups": [{"items": [], "count": 5, "type": "created"}]}}, {"tips": {"count": 0}, "contact": {"facebook": "545007735"}, "firstName": "Lerina", "gender": "female", "lastName": "Lim", "id": "11295452", "bio": "", "photo": {"prefix": "https://igx.4sqi.net/img/user/", "suffix": "/blank_girl.png", "default": true}, "homeCity": "Subang Jaya, Malaysia", "lists": {"groups": [{"items": [], "count": 2, "type": "created"}]}}, {"tips": {"count": 3}, "contact": {}, "firstName": "Peter", "gender": "male", "lastName": "C.", "id": "1481050", "bio": "", "photo": {"prefix": "https://igx.4sqi.net/img/user/", "suffix": "/1481050-Z1FQDFFRNRVEVX1N.jpg"}, "homeCity": "Malaysia", "lists": {"groups": [{"items": [], "count": 2, "type": "created"}]}}, {"tips": {"count": 2}, "contact": {"facebook": "1428642622"}, "firstName": "Joeyy", "gender": "female", "lastName": "Lim", "id": "60358473", "bio": "", "photo": {"prefix": "https://igx.4sqi.net/img/user/", "suffix": "/60358473-DQSZZRR3PICJ3B4B.jpg"}, "homeCity": "Petaling Jaya, SGR", "lists": {"groups": [{"items": [], "count": 2, "type": "created"}]}}, {"tips": {"count": 1}, "contact": {}, "firstName": "Ivy", "gender": "female", "lastName": "Hew", "id": "9466162", "bio": "", "photo": {"prefix": "https://igx.4sqi.net/img/user/", "suffix": "/9466162-MP22EXKBIGFTAMTY.jpg"}, "homeCity": "Batu 9 Cheras, Malaysia", "lists": {"groups": [{"items": [], "count": 2, "type": "created"}]}}, {"tips": {"count": 0}, "contact": {"facebook": "10153036972916358"}, "firstName": "Chloe", "gender": "female", "lastName": "\ud074\ub85c\uc774 \uc784", "id": "119260763", "bio": "", "photo": {"prefix": "https://igx.4sqi.net/img/user/", "suffix": "/119260763-YGKUNVD1EGSWMZMC.jpg"}, "homeCity": "Kuala Lumpur, 14", "lists": {"groups": [{"items": [], "count": 2, "type": "created"}]}}, {"tips": {"count": 0}, "contact": {"twitter": "angelachan91", "facebook": "100002027534041"}, "firstName": "Angela", "gender": "female", "lastName": "Chan", "id": "4642671", "bio": "", "photo": {"prefix": "https://igx.4sqi.net/img/user/", "suffix": "/GAYZIIYAKBWR1BHZ.jpg"}, "homeCity": "Kuala Lumpur, Malaysia", "lists": {"groups": [{"items": [], "count": 2, "type": "created"}]}}, {"tips": {"count": 11}, "contact": {"twitter": "ashlinraphaela", "facebook": "724120156"}, "firstName": "Chai Jian", "gender": "female", "lastName": "Goh", "id": "6836686", "bio": "", "photo": {"prefix": "https://igx.4sqi.net/img/user/", "suffix": "/4E3NZP54ETSN1KDV.jpg"}, "homeCity": "Kuala Lumpur, Malaysia", "lists": {"groups": [{"items": [], "count": 2, "type": "created"}]}}, {"tips": {"count": 5}, "contact": {"twitter": "rachitakhanna3", "facebook": "608381553"}, "firstName": "Rachita", "gender": "female", "lastName": "Khanna", "id": "11410866", "bio": "*Global Citizen*", "photo": {"prefix": "https://igx.4sqi.net/img/user/", "suffix": "/NA5LH2TLPFVDUAGK.jpg"}, "homeCity": "Kuala Lumpur, Malaysia", "lists": {"groups": [{"items": [], "count": 2, "type": "created"}]}}, {"tips": {"count": 0}, "contact": {"twitter": "wongkityeng"}, "firstName": "Kit Yeng", "gender": "female", "lastName": "Wong", "id": "10726580", "bio": "", "photo": {"prefix": "https://igx.4sqi.net/img/user/", "suffix": "/NMPLNVJXRUWBKCNL.jpg"}, "homeCity": "Kuala Lumpur, Malaysia", "lists": {"groups": [{"items": [], "count": 2, "type": "created"}]}}, {"tips": {"count": 9}, "contact": {}, "firstName": "Lilian", "gender": "female", "lastName": "Lim", "id": "3773677", "bio": "", "photo": {"prefix": "https://igx.4sqi.net/img/user/", "suffix": "/3773677-SMZPNGOSXZZ4RSAW.jpg"}, "homeCity": "Cambridge, MA", "lists": {"groups": [{"items": [], "count": 2, "type": "created"}]}}, {"tips": {"count": 2}, "contact": {}, "firstName": "Ting Hui", "gender": "female", "lastName": "Wong", "id": "5280614", "bio": "", "photo": {"prefix": "https://igx.4sqi.net/img/user/", "suffix": "/BJCTNC44MBQEBIOQ.jpg"}, "homeCity": "", "lists": {"groups": [{"items": [], "count": 2, "type": "created"}]}}, {"tips": {"count": 19}, "contact": {"twitter": "lieanleow", "facebook": "704626710"}, "firstName": "Li Ean", "gender": "female", "id": "16166277", "bio": "", "photo": {"prefix": "https://igx.4sqi.net/img/user/", "suffix": "/16166277-N2MKLJMMMRGJMGUN.jpg"}, "homeCity": "Kuala Lumpur, Malaysia", "lists": {"groups": [{"items": [], "count": 9, "type": "created"}]}}, {"tips": {"count": 1}, "contact": {"twitter": "sansansan90", "facebook": "1352402146"}, "firstName": "San", "gender": "female", "lastName": "Sansan", "id": "5637950", "bio": "", "photo": {"prefix": "https://igx.4sqi.net/img/user/", "suffix": "/3P5VW4M5BA1RUCFN.jpg"}, "homeCity": "Kuala lumpur ", "lists": {"groups": [{"items": [], "count": 2, "type": "created"}]}}, {"tips": {"count": 4}, "contact": {"twitter": "kai_john", "facebook": "594654050"}, "firstName": "Kee", "gender": "male", "lastName": "Kai john", "id": "4533891", "bio": "", "photo": {"prefix": "https://igx.4sqi.net/img/user/", "suffix": "/G2QDBQVATAACGJGH.jpg"}, "homeCity": "Kuala Lumpur, Malaysia", "lists": {"groups": [{"items": [], "count": 2, "type": "created"}]}}, {"tips": {"count": 0}, "contact": {"twitter": "beeharn"}, "firstName": "Bee", "gender": "female", "lastName": "Harn", "id": "4914095", "bio": "", "photo": {"prefix": "https://igx.4sqi.net/img/user/", "suffix": "/4914095-SRDLIRN0ZHBZLQ11.jpg"}, "homeCity": "Kuala Lumpur, Malaysia", "lists": {"groups": [{"items": [], "count": 2, "type": "created"}]}}, {"tips": {"count": 0}, "contact": {"facebook": "780728282"}, "firstName": "Ho Ming", "gender": "male", "lastName": "Cheong", "id": "13776027", "bio": "", "photo": {"prefix": "https://igx.4sqi.net/img/user/", "suffix": "/DXCZJRYRBCQPPGGU.jpg"}, "homeCity": "NY", "lists": {"groups": [{"items": [], "count": 2, "type": "created"}]}}, {"tips": {"count": 0}, "contact": {"facebook": "100001278494644"}, "firstName": "PohPoh", "gender": "female", "lastName": "Lim", "id": "55807300", "bio": "", "photo": {"prefix": "https://igx.4sqi.net/img/user/", "suffix": "/NXZHE2PEXCBXDIHB.jpg"}, "homeCity": "", "lists": {"groups": [{"items": [], "count": 2, "type": "created"}]}}, {"tips": {"count": 0}, "contact": {"twitter": "linliteo", "facebook": "10153196387676074"}, "firstName": "Lin Li", "gender": "female", "lastName": "Teo", "id": "10183320", "bio": "", "photo": {"prefix": "https://igx.4sqi.net/img/user/", "suffix": "/LKWZLUQLUU2P5C4A.jpg"}, "homeCity": "Puchong, Malaysia", "lists": {"groups": [{"items": [], "count": 2, "type": "created"}]}}, {"tips": {"count": 2}, "contact": {"twitter": "nickchooifw", "facebook": "10152624201053045"}, "firstName": "Nic", "gender": "male", "lastName": "Chooi", "id": "14008326", "bio": "", "photo": {"prefix": "https://igx.4sqi.net/img/user/", "suffix": "/14008326-WFJINRZHP0KMZ5Z4.jpg"}, "homeCity": "Kuala Lumpur, Malaysia", "lists": {"groups": [{"items": [], "count": 2, "type": "created"}]}}, {"tips": {"count": 7}, "contact": {"twitter": "puiyee0317", "facebook": "100001804213391"}, "firstName": "pUiyEe", "gender": "female", "lastName": "Tan", "id": "4713054", "bio": "", "photo": {"prefix": "https://igx.4sqi.net/img/user/", "suffix": "/OREEMGE1BAULBCPT.jpg"}, "homeCity": "Kuala Lumpur, Malaysia", "lists": {"groups": [{"items": [], "count": 2, "type": "created"}]}}, {"tips": {"count": 0}, "contact": {"twitter": "angiensh", "facebook": "1510164078"}, "firstName": "Angie", "gender": "female", "lastName": "Ng", "id": "9217884", "bio": "", "photo": {"prefix": "https://igx.4sqi.net/img/user/", "suffix": "/XOB4LIADBSR3OWJJ.jpg"}, "homeCity": "malaysia ", "lists": {"groups": [{"items": [], "count": 2, "type": "created"}]}}, {"tips": {"count": 10}, "contact": {"twitter": "chongyeefang", "facebook": "559549225"}, "firstName": "Ken", "gender": "male", "lastName": "Chong", "id": "3415272", "bio": "", "photo": {"prefix": "https://igx.4sqi.net/img/user/", "suffix": "/J34YEJJ3P0N5BXU4.jpg"}, "homeCity": "Setapak", "lists": {"groups": [{"items": [], "count": 2, "type": "created"}]}}, {"tips": {"count": 35}, "contact": {"twitter": "queenofallnie"}, "firstName": "Queenie", "gender": "female", "lastName": "Pang", "id": "3264680", "bio": "I am Mrs. Darth Vader.", "photo": {"prefix": "https://igx.4sqi.net/img/user/", "suffix": "/3264680-5QHBIUHOCKGBTYRM.jpg"}, "homeCity": "Kuala Lumpur, Malaysia", "lists": {"groups": [{"items": [], "count": 3, "type": "created"}]}}, {"tips": {"count": 2}, "contact": {"facebook": "636515032"}, "firstName": "CH", "gender": "male", "id": "14826781", "bio": "", "photo": {"prefix": "https://igx.4sqi.net/img/user/", "suffix": "/OSE553QMBKIWMGIN.jpg"}, "homeCity": "Kuala Lumpur, Malaysia", "lists": {"groups": [{"items": [], "count": 2, "type": "created"}]}}, {"tips": {"count": 0}, "contact": {"facebook": "10205262512834082"}, "firstName": "James", "gender": "male", "lastName": "Wong", "id": "77595375", "bio": "", "photo": {"prefix": "https://igx.4sqi.net/img/user/", "suffix": "/77595375-RKZDZY1JKU1C0TYY.jpg"}, "homeCity": "Kuantan, PHG", "lists": {"groups": [{"items": [], "count": 2, "type": "created"}]}}, {"tips": {"count": 0}, "contact": {"twitter": "jw_wng", "facebook": "682774248"}, "firstName": "Jin", "gender": "male", "lastName": "Wey", "id": "10058541", "bio": "", "photo": {"prefix": "https://igx.4sqi.net/img/user/", "suffix": "/5QWWTDB05AHCTKZ3.jpg"}, "homeCity": "Puchong, Malaysia", "lists": {"groups": [{"items": [], "count": 2, "type": "created"}]}}, {"tips": {"count": 0}, "contact": {"facebook": "1527224215"}, "firstName": "Samuel", "gender": "male", "lastName": "Hao", "id": "5161793", "bio": "", "photo": {"prefix": "https://igx.4sqi.net/img/user/", "suffix": "/O5TSSKC4FGGTWIIH.jpg"}, "homeCity": "Kuala Lumpur, Malaysia", "lists": {"groups": [{"items": [], "count": 2, "type": "created"}]}}, {"tips": {"count": 5}, "contact": {"twitter": "sher_ds", "facebook": "547043157"}, "firstName": "Sherynn", "gender": "female", "lastName": "Tang", "id": "7043001", "bio": "", "photo": {"prefix": "https://igx.4sqi.net/img/user/", "suffix": "/7043001_L4iv1QIN_Hw0ycyvh-sWNXzjj2kKv0ao76wLX4HLo1Fscb_hl0JFl8Lq0tn_u3JDAQQzqVZ-Y.jpg"}, "homeCity": "Kuala Lumpur, Malaysia", "lists": {"groups": [{"items": [], "count": 4, "type": "created"}]}}, {"tips": {"count": 0}, "contact": {"facebook": "714956324"}, "firstName": "CeSam", "gender": "male", "lastName": "Foo", "id": "35522441", "bio": "", "photo": {"prefix": "https://igx.4sqi.net/img/user/", "suffix": "/YUQJGD0H0WYVGYYT.jpg"}, "homeCity": "Highland", "lists": {"groups": [{"items": [], "count": 2, "type": "created"}]}}, {"tips": {"count": 0}, "contact": {"facebook": "100000019738270"}, "firstName": "Peklian", "gender": "female", "lastName": "Lim", "id": "39785746", "bio": "", "photo": {"prefix": "https://igx.4sqi.net/img/user/", "suffix": "/Y4N1SYDB4GERTKCX.jpg"}, "homeCity": "Kuala Lumpur, Malaysia", "lists": {"groups": [{"items": [], "count": 2, "type": "created"}]}}, {"tips": {"count": 3}, "contact": {}, "firstName": "Katie", "gender": "female", "lastName": "Huang", "id": "12042193", "bio": "", "photo": {"prefix": "https://igx.4sqi.net/img/user/", "suffix": "/END1U15SLN5JHDPQ.jpg"}, "homeCity": "Kuala Lumpur, Malaysia", "lists": {"groups": [{"items": [], "count": 2, "type": "created"}]}}, {"tips": {"count": 0}, "contact": {"facebook": "600198256"}, "firstName": "Wendy Tan", "gender": "female", "lastName": "Yen Yee", "id": "7663184", "bio": "", "photo": {"prefix": "https://igx.4sqi.net/img/user/", "suffix": "/FWMK2ZNYL4QPOHZF.jpg"}, "homeCity": "Kuala Lumpur, Malaysia", "lists": {"groups": [{"items": [], "count": 2, "type": "created"}]}}, {"tips": {"count": 3}, "contact": {"facebook": "537021873"}, "firstName": "Ken", "gender": "male", "lastName": "X", "id": "5690287", "bio": "", "photo": {"prefix": "https://igx.4sqi.net/img/user/", "suffix": "/PCVO2CFFNQNXKOZX.jpg"}, "homeCity": "Kuala Lumpur, Malaysia", "lists": {"groups": [{"items": [], "count": 2, "type": "created"}]}}, {"tips": {"count": 1}, "contact": {"twitter": "andyhau0513", "facebook": "566982745"}, "firstName": "Andy", "gender": "male", "id": "4909143", "bio": "", "photo": {"prefix": "https://igx.4sqi.net/img/user/", "suffix": "/2BBBVBAH4VZXKTP5.jpg"}, "homeCity": "Malaysia", "lists": {"groups": [{"items": [], "count": 2, "type": "created"}]}}, {"tips": {"count": 69}, "contact": {"twitter": "ren_cjy", "facebook": "752794471"}, "firstName": "Renesia", "gender": "female", "lastName": "Chin Ji Yan", "id": "5169656", "bio": "", "photo": {"prefix": "https://igx.4sqi.net/img/user/", "suffix": "/5169656-EAVAZ0MFZ0H2H1ZT.jpg"}, "homeCity": "Moscow, Russia", "lists": {"groups": [{"items": [], "count": 2, "type": "created"}]}}, {"tips": {"count": 1}, "contact": {"twitter": "balletofthepigs", "facebook": "688961266"}, "firstName": "Gabrielle", "gender": "female", "id": "25050488", "bio": "", "photo": {"prefix": "https://igx.4sqi.net/img/user/", "suffix": "/EAENYNAXVVTVWHCF.jpg"}, "homeCity": "Kuala Lumpur, Malaysia", "lists": {"groups": [{"items": [], "count": 2, "type": "created"}]}}, {"tips": {"count": 0}, "contact": {"facebook": "1203953082"}, "firstName": "Km", "gender": "male", "lastName": "Zai", "id": "96334292", "bio": "", "photo": {"prefix": "https://igx.4sqi.net/img/user/", "suffix": "/96334292-WMVZTR3WRNBGWLP2.jpg"}, "homeCity": "Kuala Lumpur, Malaysia", "lists": {"groups": [{"items": [], "count": 2, "type": "created"}]}}, {"tips": {"count": 3}, "contact": {"facebook": "623791896"}, "firstName": "Ash", "gender": "male", "lastName": "Liew", "id": "10190937", "bio": "", "photo": {"prefix": "https://igx.4sqi.net/img/user/", "suffix": "/JBRYZHW435PGY1P4.jpg"}, "homeCity": "Ampang, Malaysia", "lists": {"groups": [{"items": [], "count": 2, "type": "created"}]}}, {"tips": {"count": 120}, "contact": {"facebook": "580050673"}, "firstName": "Emmanuel", "gender": "male", "lastName": "Cheong", "id": "72511818", "bio": "", "photo": {"prefix": "https://igx.4sqi.net/img/user/", "suffix": "/72511818-EXFO0KISZ2Y4TAUU.jpg"}, "homeCity": "Cyberjaya, SGR", "lists": {"groups": [{"items": [], "count": 7, "type": "created"}]}}, {"tips": {"count": 1}, "contact": {"facebook": "533126775"}, "firstName": "Ning Pei", "gender": "female", "lastName": "Tan", "id": "4927109", "bio": "", "photo": {"prefix": "https://igx.4sqi.net/img/user/", "suffix": "/CMCXMLI1B3OBNA2E.jpg"}, "homeCity": "Ampang, Malaysia", "lists": {"groups": [{"items": [], "count": 2, "type": "created"}]}}, {"tips": {"count": 0}, "contact": {"facebook": "776328109"}, "firstName": "Puiyee", "gender": "female", "lastName": "Lum", "id": "84437078", "bio": "", "photo": {"prefix": "https://igx.4sqi.net/img/user/", "suffix": "/blank_girl.png", "default": true}, "homeCity": "Kuala Lumpur, KUL", "lists": {"groups": [{"items": [], "count": 2, "type": "created"}]}}, {"tips": {"count": 13}, "contact": {"facebook": "1090758089"}, "firstName": "Gary", "gender": "male", "lastName": "Hee", "id": "3613927", "bio": "", "photo": {"prefix": "https://igx.4sqi.net/img/user/", "suffix": "/0A15EMH4WAL5PMOP.jpg"}, "homeCity": "Kuala Lumpur, Malaysia", "lists": {"groups": [{"items": [], "count": 3, "type": "created"}]}}, {"tips": {"count": 0}, "contact": {"twitter": "skybluejl", "facebook": "686428003"}, "firstName": "skybluejl", "gender": "male", "lastName": "jun", "id": "3290901", "bio": "", "photo": {"prefix": "https://igx.4sqi.net/img/user/", "suffix": "/0WEAKKRXCYDXJHJC.jpg"}, "homeCity": "Klang, Malaysia", "lists": {"groups": [{"items": [], "count": 3, "type": "created"}]}}, {"tips": {"count": 0}, "contact": {"facebook": "815561951"}, "firstName": "sook Huei", "gender": "female", "id": "11025221", "bio": "", "photo": {"prefix": "https://igx.4sqi.net/img/user/", "suffix": "/5QVVKUQYGFVPMOQG.jpg"}, "homeCity": "NY", "lists": {"groups": [{"items": [], "count": 2, "type": "created"}]}}, {"tips": {"count": 33}, "contact": {"twitter": "mandalicious90", "facebook": "672362090"}, "firstName": "Amanda", "gender": "female", "lastName": "C.", "id": "6215255", "bio": "", "photo": {"prefix": "https://igx.4sqi.net/img/user/", "suffix": "/TKI5F2R5YHEQQYCW.jpg"}, "homeCity": "Ampang,Malaysia", "lists": {"groups": [{"items": [], "count": 2, "type": "created"}]}}, {"tips": {"count": 0}, "contact": {"twitter": "yinyepvpt", "facebook": "889685569"}, "firstName": "cheah", "gender": "male", "lastName": "yin yep", "id": "7082288", "bio": "", "photo": {"prefix": "https://igx.4sqi.net/img/user/", "suffix": "/BKLBCFKCSIJ4F42N.jpg"}, "homeCity": "Ipoh, Malaysia", "lists": {"groups": [{"items": [], "count": 2, "type": "created"}]}}, {"tips": {"count": 0}, "contact": {"facebook": "802744869"}, "firstName": "Tonny Tee", "gender": "male", "lastName": "Seng", "id": "35832125", "bio": "", "photo": {"prefix": "https://igx.4sqi.net/img/user/", "suffix": "/RDJMBQDZEUY3SA5D.jpg"}, "homeCity": "Selangor", "lists": {"groups": [{"items": [], "count": 2, "type": "created"}]}}, {"tips": {"count": 0}, "contact": {"twitter": "jackie_god", "facebook": "838304744"}, "firstName": "Jackie", "gender": "male", "lastName": "Tan", "id": "66113196", "bio": "", "photo": {"prefix": "https://igx.4sqi.net/img/user/", "suffix": "/2DJRGWWL3IL34UDL.jpg"}, "homeCity": "Kuala Lumpur, KUL", "lists": {"groups": [{"items": [], "count": 3, "type": "created"}]}}, {"tips": {"count": 0}, "contact": {"facebook": "1651124601"}, "firstName": "Adelynn", "gender": "female", "lastName": "Lee", "id": "12146378", "bio": "", "photo": {"prefix": "https://igx.4sqi.net/img/user/", "suffix": "/SH203JBLFT52OFQP.jpg"}, "homeCity": "Johor Bahru, Malaysia", "lists": {"groups": [{"items": [], "count": 2, "type": "created"}]}}, {"tips": {"count": 0}, "contact": {"twitter": "ashashpika", "facebook": "707246185"}, "firstName": "Ash", "gender": "male", "lastName": "Kam", "id": "8013838", "bio": "", "photo": {"prefix": "https://igx.4sqi.net/img/user/", "suffix": "/RNB5X3DZGOGJIMJO.jpg"}, "homeCity": "Batu 9 Cheras, Malaysia", "lists": {"groups": [{"items": [], "count": 2, "type": "created"}]}}, {"tips": {"count": 0}, "contact": {"facebook": "527589015"}, "firstName": "kaye", "gender": "male", "lastName": "Gan", "id": "8508765", "bio": "", "photo": {"prefix": "https://igx.4sqi.net/img/user/", "suffix": "/QYAQK0ECXPWTEAIO.jpg"}, "homeCity": "Kuala Lumpur, Malaysia", "lists": {"groups": [{"items": [], "count": 2, "type": "created"}]}}, {"tips": {"count": 21}, "contact": {"twitter": "denisejlee", "facebook": "10207325747115122"}, "firstName": "Denise", "gender": "female", "lastName": "Justine", "id": "4989741", "bio": "www.instagram.com/denisejlee", "photo": {"prefix": "https://igx.4sqi.net/img/user/", "suffix": "/BQGLKXL3PCHWGFSC.jpg"}, "homeCity": "Malaysia", "lists": {"groups": [{"items": [], "count": 2, "type": "created"}]}}, {"tips": {"count": 0}, "contact": {"facebook": "729515207"}, "firstName": "Amantha", "gender": "female", "lastName": "Theng", "id": "6694473", "bio": "", "photo": {"prefix": "https://igx.4sqi.net/img/user/", "suffix": "/QF0PRDLNBAUBVA0G.jpg"}, "homeCity": "Kuala Lumpur, Malaysia", "lists": {"groups": [{"items": [], "count": 2, "type": "created"}]}}, {"tips": {"count": 1}, "contact": {"facebook": "10152759411379102"}, "firstName": "Kah", "gender": "male", "lastName": "Hoe", "id": "64408394", "bio": "", "photo": {"prefix": "https://igx.4sqi.net/img/user/", "suffix": "/EOHFVVIJHELJIZIN.jpg"}, "homeCity": "Taipei, 03", "lists": {"groups": [{"items": [], "count": 2, "type": "created"}]}}, {"tips": {"count": 0}, "contact": {"facebook": "625309684"}, "firstName": "Kenneth", "gender": "male", "lastName": "Lin", "id": "73696256", "bio": "", "photo": {"prefix": "https://igx.4sqi.net/img/user/", "suffix": "/73696256-KWA0YMN5ONUA5XUH.jpg"}, "homeCity": "Sungai Pelek, SGR", "lists": {"groups": [{"items": [], "count": 2, "type": "created"}]}}, {"tips": {"count": 0}, "contact": {"facebook": "650958448"}, "firstName": "Cy", "gender": "female", "lastName": "Yean", "id": "14162504", "bio": "", "photo": {"prefix": "https://igx.4sqi.net/img/user/", "suffix": "/ERVW4G3GKPDDBBJW.jpg"}, "homeCity": "Kuala Lumpur, Malaysia", "lists": {"groups": [{"items": [], "count": 2, "type": "created"}]}}, {"tips": {"count": 0}, "contact": {"facebook": "805514615"}, "firstName": "Bert", "gender": "none", "lastName": "Wong", "id": "85189151", "bio": "", "photo": {"prefix": "https://igx.4sqi.net/img/user/", "suffix": "/85189151-0PLEYPZVKQFYIZKK.jpg"}, "homeCity": "Petaling Jaya, SGR", "lists": {"groups": [{"items": [], "count": 2, "type": "created"}]}}, {"tips": {"count": 78}, "contact": {"twitter": "limkahshoon"}, "firstName": "Lim", "gender": "male", "lastName": "Kah Shoon", "id": "4002771", "bio": "", "photo": {"prefix": "https://igx.4sqi.net/img/user/", "suffix": "/QZDF3EBIP1VPFMJD.jpg"}, "homeCity": "Kuala Lumpur, Malaysia", "lists": {"groups": [{"items": [], "count": 2, "type": "created"}]}}, {"tips": {"count": 29}, "contact": {"twitter": "winloon", "facebook": "100000163167082"}, "firstName": "WinLoon", "gender": "male", "id": "3392969", "bio": "", "photo": {"prefix": "https://igx.4sqi.net/img/user/", "suffix": "/3392969-HNCR1GRZUX0NOBY1.jpg"}, "homeCity": "Kuala Lumpur, Malaysia", "lists": {"groups": [{"items": [], "count": 2, "type": "created"}]}}, {"tips": {"count": 0}, "contact": {"facebook": "691344829"}, "firstName": "Asriel", "gender": "female", "lastName": "See", "id": "13309220", "bio": "", "photo": {"prefix": "https://igx.4sqi.net/img/user/", "suffix": "/2BW3KWJWINMUFW2D.jpg"}, "homeCity": "Batu 9 Cheras, Malaysia", "lists": {"groups": [{"items": [], "count": 2, "type": "created"}]}}, {"tips": {"count": 0}, "contact": {"twitter": "ahchao_lau", "facebook": "10153516707508816"}, "firstName": "Chanzhao", "gender": "male", "lastName": "Lau", "id": "6246767", "bio": "", "photo": {"prefix": "https://igx.4sqi.net/img/user/", "suffix": "/6246767-33NH5FFJ04ROROJI.jpg"}, "homeCity": "Kuala Lumpur, Malaysia", "lists": {"groups": [{"items": [], "count": 2, "type": "created"}]}}, {"tips": {"count": 0}, "contact": {"facebook": "754447514"}, "firstName": "n", "gender": "male", "lastName": "seng", "id": "7106799", "bio": "", "photo": {"prefix": "https://igx.4sqi.net/img/user/", "suffix": "/blank_boy.png", "default": true}, "homeCity": "Kuala Lumpur, Malaysia", "lists": {"groups": [{"items": [], "count": 2, "type": "created"}]}}, {"tips": {"count": 0}, "contact": {}, "firstName": "Rou", "gender": "female", "lastName": "Fang", "id": "36009815", "bio": "", "photo": {"prefix": "https://igx.4sqi.net/img/user/", "suffix": "/IIQUI0NQYPKO1LCC.jpg"}, "homeCity": "South Yorkshire", "lists": {"groups": [{"items": [], "count": 2, "type": "created"}]}}, {"tips": {"count": 7}, "contact": {}, "firstName": "Stella", "gender": "female", "lastName": "Ong", "id": "12273935", "bio": "", "photo": {"prefix": "https://igx.4sqi.net/img/user/", "suffix": "/ERQUCDQFJAZXNK0X.jpg"}, "homeCity": "Kuala Lumpur, Malaysia", "lists": {"groups": [{"items": [], "count": 3, "type": "created"}]}}, {"tips": {"count": 0}, "contact": {"facebook": "524248138"}, "firstName": "Wing Yan", "gender": "female", "lastName": "Lee", "id": "8602144", "bio": "", "photo": {"prefix": "https://igx.4sqi.net/img/user/", "suffix": "/8602144-RKKGFYDE52BBFDTQ.jpg"}, "homeCity": "Malaysia", "lists": {"groups": [{"items": [], "count": 2, "type": "created"}]}}, {"tips": {"count": 2}, "contact": {"facebook": "689877096"}, "firstName": "Aaron", "gender": "male", "lastName": "Low", "id": "9294883", "bio": "", "photo": {"prefix": "https://igx.4sqi.net/img/user/", "suffix": "/TNLIMTD1FFEYNQRB.jpg"}, "homeCity": "Kuala Lumpur, Malaysia", "lists": {"groups": [{"items": [], "count": 2, "type": "created"}]}}, {"tips": {"count": 26}, "contact": {"twitter": "lauweekiat", "facebook": "534121076"}, "firstName": "WeeKiat", "gender": "male", "lastName": "Lau", "id": "5052496", "bio": "", "photo": {"prefix": "https://igx.4sqi.net/img/user/", "suffix": "/5052496-ZJ252DGQIPOLJ5L0.jpg"}, "homeCity": "Kuala Lumpur, Malaysia", "lists": {"groups": [{"items": [], "count": 2, "type": "created"}]}}, {"tips": {"count": 6}, "contact": {"twitter": "ngyunni"}, "firstName": "Yunni", "gender": "female", "lastName": "Ng", "id": "8903230", "bio": "Food? :)", "photo": {"prefix": "https://igx.4sqi.net/img/user/", "suffix": "/8903230-EYFDR503PGBF2QQB.jpg"}, "homeCity": "Kuala Lumpur, Malaysia", "lists": {"groups": [{"items": [], "count": 2, "type": "created"}]}}, {"tips": {"count": 0}, "contact": {"facebook": "100006678360392"}, "firstName": "Brikie", "gender": "female", "lastName": "Yau", "id": "65100745", "bio": "", "photo": {"prefix": "https://igx.4sqi.net/img/user/", "suffix": "/A51CXIC53UHEJP0B.jpg"}, "homeCity": "Petaling Jaya, 12", "lists": {"groups": [{"items": [], "count": 2, "type": "created"}]}}, {"tips": {"count": 2}, "contact": {"facebook": "1555847671"}, "firstName": "Chee Kai", "gender": "male", "lastName": "Tan", "id": "74973917", "bio": "", "photo": {"prefix": "https://igx.4sqi.net/img/user/", "suffix": "/74973917-ELXXXQVJZ1F0IOXV.jpg"}, "homeCity": "Kuala Lumpur, KUL", "lists": {"groups": [{"items": [], "count": 2, "type": "created"}]}}, {"tips": {"count": 1}, "contact": {}, "firstName": "Jin", "gender": "male", "lastName": "Wye", "id": "20710637", "bio": "", "photo": {"prefix": "https://igx.4sqi.net/img/user/", "suffix": "/5V5P0WZILTXOS1J3.jpg"}, "homeCity": "Malaysia ", "lists": {"groups": [{"items": [], "count": 2, "type": "created"}]}}, {"tips": {"count": 0}, "contact": {"facebook": "806549306"}, "firstName": "Wei Gin", "gender": "male", "lastName": "Pung", "id": "86091912", "bio": "", "photo": {"prefix": "https://igx.4sqi.net/img/user/", "suffix": "/86091912-NJPGKHEZ3PTXDYJ4.jpg"}, "homeCity": "Ampang", "lists": {"groups": [{"items": [], "count": 2, "type": "created"}]}}, {"tips": {"count": 0}, "contact": {"facebook": "612039096"}, "firstName": "Leong", "gender": "male", "lastName": "Wai", "id": "4427655", "bio": "", "photo": {"prefix": "https://igx.4sqi.net/img/user/", "suffix": "/OIELVGSH1STX4QJP.jpg"}, "homeCity": "Kuala Lumpur, Malaysia", "lists": {"groups": [{"items": [], "count": 2, "type": "created"}]}}, {"tips": {"count": 4}, "contact": {"twitter": "yongkw90", "facebook": "1096611551"}, "firstName": "Jacky", "gender": "male", "lastName": "Yong", "id": "3441584", "bio": "", "photo": {"prefix": "https://igx.4sqi.net/img/user/", "suffix": "/3441584-WG1FNYXSX5KTFXUF.jpg"}, "homeCity": "Kuantan, Malaysia", "lists": {"groups": [{"items": [], "count": 2, "type": "created"}]}}, {"tips": {"count": 0}, "contact": {"twitter": "farahdanialraj", "facebook": "100000495369165"}, "firstName": "Farah", "gender": "female", "lastName": "Danial", "id": "16004236", "bio": "Food hunting, exploring new places & doing something challenging! \ud83d\udcaa", "photo": {"prefix": "https://igx.4sqi.net/img/user/", "suffix": "/16004236-HBIQ4DJ2LLSNMOLG.jpg"}, "homeCity": "Shah Alam", "lists": {"groups": [{"items": [], "count": 5, "type": "created"}]}}, {"tips": {"count": 8}, "contact": {"twitter": "sunnyseak"}, "firstName": "Sunny", "gender": "female", "lastName": "Seak", "id": "6972015", "bio": "", "photo": {"prefix": "https://igx.4sqi.net/img/user/", "suffix": "/WS2CYKYPY553AI2H.jpg"}, "homeCity": "Kuala Lumpur, Malaysia", "lists": {"groups": [{"items": [], "count": 2, "type": "created"}]}}, {"tips": {"count": 0}, "contact": {"facebook": "661010339"}, "firstName": "Henryy", "gender": "male", "lastName": "Ng", "id": "7757448", "bio": "", "photo": {"prefix": "https://igx.4sqi.net/img/user/", "suffix": "/blank_boy.png", "default": true}, "homeCity": "Malaysia", "lists": {"groups": [{"items": [], "count": 2, "type": "created"}]}}, {"tips": {"count": 2}, "contact": {"facebook": "802073661"}, "firstName": "MrMann", "gender": "female", "lastName": "MrLeow", "id": "37152827", "bio": "", "photo": {"prefix": "https://igx.4sqi.net/img/user/", "suffix": "/P5BHFW1DAJOSM053.jpg"}, "homeCity": "New York, NY", "lists": {"groups": [{"items": [], "count": 2, "type": "created"}]}}, {"tips": {"count": 1}, "contact": {"twitter": "tiffanyh2810", "facebook": "521136099"}, "firstName": "Tiffany", "gender": "female", "lastName": "H.", "id": "17445304", "bio": "", "photo": {"prefix": "https://igx.4sqi.net/img/user/", "suffix": "/17445304-BPGCRAZGFBT3BSST.jpg"}, "homeCity": "Kuala Lumpur, Malaysia", "lists": {"groups": [{"items": [], "count": 2, "type": "created"}]}}, {"tips": {"count": 0}, "contact": {"facebook": "521730038"}, "firstName": "Anson", "gender": "male", "lastName": "Ang", "id": "12182533", "bio": "", "photo": {"prefix": "https://igx.4sqi.net/img/user/", "suffix": "/ZMISQ4XHG5BFFSC1.jpg"}, "homeCity": "Ampang, Malaysia", "lists": {"groups": [{"items": [], "count": 2, "type": "created"}]}}, {"tips": {"count": 0}, "contact": {"facebook": "697799384"}, "firstName": "Wendy", "gender": "female", "lastName": "YingNi", "id": "11171112", "bio": "", "photo": {"prefix": "https://igx.4sqi.net/img/user/", "suffix": "/TAJBQXWFUCBDFFZ1.jpg"}, "homeCity": "New York, NY", "lists": {"groups": [{"items": [], "count": 2, "type": "created"}]}}, {"tips": {"count": 2}, "contact": {"twitter": "chongwaimun", "facebook": "690056952"}, "firstName": "Wai Mun", "gender": "female", "lastName": "Chong", "id": "5052837", "bio": "", "photo": {"prefix": "https://igx.4sqi.net/img/user/", "suffix": "/KZOD2PA5EWFLGPZT.jpg"}, "homeCity": "Kuala Lumpur, Malaysia", "lists": {"groups": [{"items": [], "count": 2, "type": "created"}]}}, {"tips": {"count": 55}, "contact": {"facebook": "10154496168022542"}, "firstName": "Jeanette", "gender": "female", "id": "41391064", "bio": "", "photo": {"prefix": "https://igx.4sqi.net/img/user/", "suffix": "/41391064-F0FHBWSTKGJLLER3.jpg"}, "homeCity": "Z\u00fcrich, Switzerland ", "lists": {"groups": [{"items": [], "count": 2, "type": "created"}]}}, {"tips": {"count": 32}, "contact": {"facebook": "10154063234033180"}, "firstName": "Wan Ting", "gender": "female", "lastName": "Ang", "id": "65195359", "bio": "", "photo": {"prefix": "https://igx.4sqi.net/img/user/", "suffix": "/Y20LY3G2DGOSO5KS.jpg"}, "homeCity": "Bayan Lepas, PNG", "lists": {"groups": [{"items": [], "count": 5, "type": "created"}]}}, {"tips": {"count": 0}, "contact": {"twitter": "szemeng76", "facebook": "1377956019"}, "firstName": "Vivian", "gender": "female", "lastName": "Sze Meng", "id": "5260595", "bio": "", "photo": {"prefix": "https://igx.4sqi.net/img/user/", "suffix": "/VPJRWAGRAFRRNO2M.jpg"}, "homeCity": "Malaysia", "lists": {"groups": [{"items": [], "count": 2, "type": "created"}]}}, {"tips": {"count": 0}, "contact": {"facebook": "1387417932"}, "firstName": "Chia", "gender": "male", "lastName": "Alex", "id": "3895722", "bio": "", "photo": {"prefix": "https://igx.4sqi.net/img/user/", "suffix": "/blank_boy.png", "default": true}, "homeCity": "Mantin, Malaysia", "lists": {"groups": [{"items": [], "count": 2, "type": "created"}]}}, {"tips": {"count": 1}, "contact": {"facebook": "556137706"}, "firstName": "Serge", "gender": "male", "lastName": "Lim", "id": "12475744", "bio": "", "photo": {"prefix": "https://igx.4sqi.net/img/user/", "suffix": "/EQWKH3CBHBLESULD.jpg"}, "homeCity": "Kuala Lumpur, Malaysia", "lists": {"groups": [{"items": [], "count": 2, "type": "created"}]}}, {"tips": {"count": 3}, "contact": {"twitter": "xiowei07", "facebook": "705036894"}, "firstName": "Xiowei", "gender": "female", "lastName": "Ser", "id": "11721000", "bio": "", "photo": {"prefix": "https://igx.4sqi.net/img/user/", "suffix": "/WDZGBDGFOSA3GU0N.jpg"}, "homeCity": "Kuala Lumpur,Malaysia", "lists": {"groups": [{"items": [], "count": 2, "type": "created"}]}}, {"tips": {"count": 0}, "contact": {"facebook": "100003533573113"}, "firstName": "Benny", "gender": "male", "lastName": "Ong", "id": "37555484", "bio": "", "photo": {"prefix": "https://igx.4sqi.net/img/user/", "suffix": "/MAMBAG4EQJJU0EGE.jpg"}, "homeCity": "Selangor", "lists": {"groups": [{"items": [], "count": 2, "type": "created"}]}}, {"tips": {"count": 0}, "contact": {"twitter": "jackson1127"}, "firstName": "Siew", "gender": "male", "lastName": "Jackson", "id": "17571250", "bio": "", "photo": {"prefix": "https://igx.4sqi.net/img/user/", "suffix": "/1XWXO34CTPIOCHWX.jpg"}, "homeCity": "Kuala Lumpur, Malaysia", "lists": {"groups": [{"items": [], "count": 2, "type": "created"}]}}, {"tips": {"count": 2}, "contact": {"twitter": "seeyan91", "facebook": "10153283892413716"}, "firstName": "See Yan", "gender": "female", "id": "13109776", "bio": "", "photo": {"prefix": "https://igx.4sqi.net/img/user/", "suffix": "/13109776-41KS3SXV2UJXV3OI.jpg"}, "homeCity": "Ipoh, Malaysia", "lists": {"groups": [{"items": [], "count": 2, "type": "created"}]}}, {"tips": {"count": 0}, "contact": {"facebook": "813792345"}, "firstName": "Shan Ying", "gender": "female", "lastName": "Crine", "id": "13173414", "bio": "", "photo": {"prefix": "https://igx.4sqi.net/img/user/", "suffix": "/RFZ3FGKGM4Q052VK.jpg"}, "homeCity": "Unnamed Location", "lists": {"groups": [{"items": [], "count": 3, "type": "created"}]}}, {"tips": {"count": 0}, "contact": {"facebook": "10154418435147088"}, "firstName": "Jc", "gender": "male", "lastName": "Yep", "id": "7718544", "bio": "", "photo": {"prefix": "https://igx.4sqi.net/img/user/", "suffix": "/blank_boy.png", "default": true}, "homeCity": "Kuala Lumpur, Malaysia", "lists": {"groups": [{"items": [], "count": 2, "type": "created"}]}}, {"tips": {"count": 1}, "contact": {"facebook": "1205897300"}, "firstName": "Sunantha", "gender": "female", "lastName": "Thilagaraja", "id": "51570236", "bio": "", "photo": {"prefix": "https://igx.4sqi.net/img/user/", "suffix": "/2OTZMUIBBI2RUL21.jpg"}, "homeCity": "Pandan Indah", "lists": {"groups": [{"items": [], "count": 2, "type": "created"}]}}, {"tips": {"count": 0}, "contact": {"facebook": "545562811"}, "firstName": "Kah Yee", "gender": "female", "lastName": "How", "id": "5341271", "bio": "", "photo": {"prefix": "https://igx.4sqi.net/img/user/", "suffix": "/PGHYCVFT0HDTSVYK.jpg"}, "homeCity": "Kajang, Malaysia", "lists": {"groups": [{"items": [], "count": 2, "type": "created"}]}}, {"tips": {"count": 14}, "contact": {}, "firstName": "Morris", "gender": "male", "lastName": "Heng", "id": "4445256", "bio": "", "photo": {"prefix": "https://igx.4sqi.net/img/user/", "suffix": "/51LAB4CZ2J2ENM4S.jpg"}, "homeCity": "Kedah, Malaysia", "lists": {"groups": [{"items": [], "count": 4, "type": "created"}]}}, {"tips": {"count": 2}, "contact": {"twitter": "ernest_fong90", "facebook": "10152574982081027"}, "firstName": "Ernest", "gender": "male", "lastName": "Fong", "id": "12533556", "bio": "", "photo": {"prefix": "https://igx.4sqi.net/img/user/", "suffix": "/ADPKN133GMVB2WLF.jpg"}, "homeCity": "Kuala Lumpur, Malaysia", "lists": {"groups": [{"items": [], "count": 2, "type": "created"}]}}, {"tips": {"count": 0}, "contact": {}, "firstName": "Samuel", "gender": "male", "lastName": "Kok", "id": "11723200", "bio": "", "photo": {"prefix": "https://igx.4sqi.net/img/user/", "suffix": "/UIX4NZZWHWBL3YYH.jpg"}, "homeCity": "Kuala Lumpur, Malaysia", "lists": {"groups": [{"items": [], "count": 2, "type": "created"}]}}, {"tips": {"count": 0}, "contact": {"facebook": "1377639684"}, "firstName": "Jason", "gender": "male", "lastName": "Low", "id": "38028134", "bio": "", "photo": {"prefix": "https://igx.4sqi.net/img/user/", "suffix": "/XA3RSK1AWR4F0FFM.jpg"}, "homeCity": "Toscana", "lists": {"groups": [{"items": [], "count": 2, "type": "created"}]}}, {"tips": {"count": 0}, "contact": {}, "firstName": "Songher", "gender": "male", "lastName": "Heng", "id": "17678673", "bio": "", "photo": {"prefix": "https://igx.4sqi.net/img/user/", "suffix": "/5GEF00Y5YKDQPUTS.jpg"}, "homeCity": "Kuala Lumpur, Malaysia", "lists": {"groups": [{"items": [], "count": 2, "type": "created"}]}}, {"tips": {"count": 1}, "contact": {"twitter": "sannyshan", "facebook": "705193444"}, "firstName": "Sanny", "gender": "female", "lastName": "Shan", "id": "20244642", "bio": "Visit my blog know more about me :) \r\nwww.sannyshan.com", "photo": {"prefix": "https://igx.4sqi.net/img/user/", "suffix": "/2ZJ3W00YAF0LLM0E.jpg"}, "homeCity": "Singapore", "lists": {"groups": [{"items": [], "count": 2, "type": "created"}]}}, {"tips": {"count": 0}, "contact": {"facebook": "100000309203009"}, "firstName": "Gaston", "gender": "male", "lastName": "yap", "id": "13412150", "bio": "", "photo": {"prefix": "https://igx.4sqi.net/img/user/", "suffix": "/blank_boy.png", "default": true}, "homeCity": "New York, NY", "lists": {"groups": [{"items": [], "count": 2, "type": "created"}]}}, {"tips": {"count": 0}, "contact": {"facebook": "1694604704"}, "firstName": "Gokila Vani", "gender": "female", "lastName": "Selvarajah", "id": "12250804", "bio": "", "photo": {"prefix": "https://igx.4sqi.net/img/user/", "suffix": "/C4KNWWPRDN2HNTI1.jpg"}, "homeCity": "malaysia", "lists": {"groups": [{"items": [], "count": 2, "type": "created"}]}}, {"tips": {"count": 0}, "contact": {"twitter": "mscc15", "facebook": "616357573"}, "firstName": "Matthew", "gender": "male", "lastName": "Soo", "id": "5742217", "bio": "", "photo": {"prefix": "https://igx.4sqi.net/img/user/", "suffix": "/BP3P5LTPKM34X4JS.jpg"}, "homeCity": "WP Kuala Lumpur, Malaysia", "lists": {"groups": [{"items": [], "count": 2, "type": "created"}]}}, {"tips": {"count": 0}, "contact": {"facebook": "100000930171347"}, "firstName": "Terence", "gender": "male", "lastName": "Kee", "id": "4754533", "bio": "", "photo": {"prefix": "https://igx.4sqi.net/img/user/", "suffix": "/HERILL4TIPV2GV5X.jpg"}, "homeCity": "Alor Setar, Kedah", "lists": {"groups": [{"items": [], "count": 2, "type": "created"}]}}, {"tips": {"count": 0}, "contact": {"facebook": "579209012"}, "firstName": "Nicholas Chong", "gender": "male", "lastName": "Mun Hoe", "id": "12541290", "bio": "", "photo": {"prefix": "https://igx.4sqi.net/img/user/", "suffix": "/53TMBVV5BKBALPTC.jpg"}, "homeCity": "Puchong, Malaysia", "lists": {"groups": [{"items": [], "count": 2, "type": "created"}]}}, {"tips": {"count": 0}, "contact": {"twitter": "saraliwen", "facebook": "805334445"}, "firstName": "Sara", "gender": "female", "lastName": "Wong", "id": "11880925", "bio": "", "photo": {"prefix": "https://igx.4sqi.net/img/user/", "suffix": "/4NHWO1QUJI5RX4OH.jpg"}, "homeCity": "Bandar Sri Permaisuri", "lists": {"groups": [{"items": [], "count": 2, "type": "created"}]}}, {"tips": {"count": 0}, "contact": {"twitter": "cyin90", "facebook": "1419249602"}, "firstName": "Chui", "gender": "female", "lastName": "Yin", "id": "18759379", "bio": "", "photo": {"prefix": "https://igx.4sqi.net/img/user/", "suffix": "/18759379-C1M3KBSH5FQWQXBR.jpg"}, "homeCity": "Kuala Lumpur, Malaysia", "lists": {"groups": [{"items": [], "count": 2, "type": "created"}]}}, {"tips": {"count": 0}, "contact": {"facebook": "1369452037"}, "firstName": "Lim", "gender": "female", "lastName": "Yin Yeh", "id": "23499183", "bio": "", "photo": {"prefix": "https://igx.4sqi.net/img/user/", "suffix": "/blank_girl.png", "default": true}, "homeCity": "Selangor", "lists": {"groups": [{"items": [], "count": 2, "type": "created"}]}}, {"tips": {"count": 0}, "contact": {"twitter": "mango_fei", "facebook": "720230458"}, "firstName": "Chan", "gender": "male", "lastName": "Mun Fei", "id": "14095005", "bio": "", "photo": {"prefix": "https://igx.4sqi.net/img/user/", "suffix": "/FX5WZOH2O12YSFIO.jpg"}, "homeCity": "Kuala Lumpur, Malaysia", "lists": {"groups": [{"items": [], "count": 2, "type": "created"}]}}, {"tips": {"count": 3}, "contact": {}, "firstName": "Lingyeing", "gender": "female", "id": "43217725", "bio": "", "photo": {"prefix": "https://igx.4sqi.net/img/user/", "suffix": "/QJ3GYIHRWANJ2HIP.jpg"}, "homeCity": "Kuala lumpur", "lists": {"groups": [{"items": [], "count": 2, "type": "created"}]}}, {"tips": {"count": 32}, "contact": {"twitter": "panyinhui", "facebook": "689316547"}, "firstName": "Yin Hui", "gender": "female", "lastName": "PanPan", "id": "5749925", "bio": "I love Food & Travel . Travel around the world. Meet new friends!", "photo": {"prefix": "https://igx.4sqi.net/img/user/", "suffix": "/-JNV5ZIEGXRGVCQFR.jpg"}, "homeCity": "Kuala Lumpur, Malaysia", "lists": {"groups": [{"items": [], "count": 9, "type": "created"}]}}, {"tips": {"count": 7}, "contact": {"twitter": "lueeeeeeee", "facebook": "557431860"}, "firstName": "Lu Ee", "gender": "female", "lastName": "Wong", "id": "5533922", "bio": "", "photo": {"prefix": "https://igx.4sqi.net/img/user/", "suffix": "/BIW1XSVDGCZSTIDC.jpg"}, "homeCity": "Chicago, IL", "lists": {"groups": [{"items": [], "count": 2, "type": "created"}]}}, {"tips": {"count": 2}, "contact": {"twitter": "oscar_yap", "facebook": "1727009076"}, "firstName": "Oscar", "gender": "none", "lastName": "Wei Feng", "id": "12659706", "bio": "", "photo": {"prefix": "https://igx.4sqi.net/img/user/", "suffix": "/4D5ZXEEU5UQDMRK4.jpg"}, "homeCity": "MY", "lists": {"groups": [{"items": [], "count": 3, "type": "created"}]}}, {"tips": {"count": 1}, "contact": {"facebook": "687459632"}, "firstName": "Lawrence", "gender": "male", "lastName": "Ho", "id": "11969577", "bio": "", "photo": {"prefix": "https://igx.4sqi.net/img/user/", "suffix": "/CFILMAC3LSSI2ODO.jpg"}, "homeCity": "Malaysia", "lists": {"groups": [{"items": [], "count": 2, "type": "created"}]}}, {"tips": {"count": 0}, "contact": {"twitter": "juliankewzc", "facebook": "100004046949920"}, "firstName": "Julian", "gender": "male", "lastName": "Kew", "id": "21507760", "bio": "", "photo": {"prefix": "https://igx.4sqi.net/img/user/", "suffix": "/UDROVYPKISLD3KB5.jpg"}, "homeCity": "Selangor", "lists": {"groups": [{"items": [], "count": 2, "type": "created"}]}}, {"tips": {"count": 0}, "contact": {"facebook": "100000264412759"}, "firstName": "JasMine", "gender": "female", "lastName": "Yun", "id": "24004641", "bio": "", "photo": {"prefix": "https://igx.4sqi.net/img/user/", "suffix": "/JHO5WUFUBKGBNJX3.jpg"}, "homeCity": "Selangor", "lists": {"groups": [{"items": [], "count": 2, "type": "created"}]}}, {"tips": {"count": 0}, "contact": {"facebook": "573285352"}, "firstName": "Allen", "gender": "male", "lastName": "Yip", "id": "21628629", "bio": "", "photo": {"prefix": "https://igx.4sqi.net/img/user/", "suffix": "/YLOTPXZGFTVQ5HNU.jpg"}, "homeCity": "Selangor", "lists": {"groups": [{"items": [], "count": 2, "type": "created"}]}}, {"tips": {"count": 0}, "contact": {"facebook": "533225168"}, "firstName": "Marcus", "gender": "male", "lastName": "Sia", "id": "6115203", "bio": "", "photo": {"prefix": "https://igx.4sqi.net/img/user/", "suffix": "/M1V0YJUYWLPNDOLI.jpg"}, "homeCity": "Ampang, Malaysia", "lists": {"groups": [{"items": [], "count": 2, "type": "created"}]}}, {"tips": {"count": 1}, "contact": {"twitter": "mkthepenguin", "facebook": "786040130"}, "firstName": "Meikheng", "gender": "female", "lastName": "Woo", "id": "6545724", "bio": "", "photo": {"prefix": "https://igx.4sqi.net/img/user/", "suffix": "/C20TSHNA2YNQPUAW.jpg"}, "homeCity": "Kuala Lumpur, Malaysia", "lists": {"groups": [{"items": [], "count": 2, "type": "created"}]}}, {"tips": {"count": 4}, "contact": {"twitter": "carlson096", "facebook": "527032875"}, "firstName": "Gan", "gender": "male", "lastName": "Ka Keen", "id": "15879079", "bio": "", "photo": {"prefix": "https://igx.4sqi.net/img/user/", "suffix": "/E2HOFYGVAZX3QTYV.jpg"}, "homeCity": "Kuala Lumpur, Malaysia", "lists": {"groups": [{"items": [], "count": 3, "type": "created"}]}}, {"tips": {"count": 0}, "contact": {"twitter": "teng_chia", "facebook": "10205035750266840"}, "firstName": "PayTeng", "gender": "female", "lastName": "Chia", "id": "39734111", "bio": "", "photo": {"prefix": "https://igx.4sqi.net/img/user/", "suffix": "/NLLQ1T1QWKUQZEU5.jpg"}, "homeCity": "Kuala Lumpur", "lists": {"groups": [{"items": [], "count": 2, "type": "created"}]}}, {"tips": {"count": 1}, "contact": {}, "firstName": "Sharisse", "gender": "none", "lastName": "Lim", "id": "29195159", "bio": "", "photo": {"prefix": "https://igx.4sqi.net/img/user/", "suffix": "/A5HGVQUQZXNOBW1V.jpg"}, "homeCity": "Selangor", "lists": {"groups": [{"items": [], "count": 2, "type": "created"}]}}, {"tips": {"count": 4}, "contact": {"facebook": "583666177"}, "firstName": "Hanyi", "gender": "male", "lastName": "Yap", "id": "41056943", "bio": "", "photo": {"prefix": "https://igx.4sqi.net/img/user/", "suffix": "/A1DSQZ0OA3XA0BTN.jpg"}, "homeCity": "Selangor", "lists": {"groups": [{"items": [], "count": 2, "type": "created"}]}}, {"tips": {"count": 0}, "contact": {}, "firstName": "Melissa", "gender": "none", "lastName": "Hsu", "id": "21633778", "bio": "", "photo": {"prefix": "https://igx.4sqi.net/img/user/", "suffix": "/3BWMG5MQWBA30LP2.jpg"}, "homeCity": "Malaysia", "lists": {"groups": [{"items": [], "count": 2, "type": "created"}]}}, {"tips": {"count": 16}, "contact": {"facebook": "10152806750323460"}, "firstName": "Chai", "gender": "none", "id": "6363763", "bio": "", "photo": {"prefix": "https://igx.4sqi.net/img/user/", "suffix": "/6363763-SND0V4JZXUPKTQDY.jpg"}, "homeCity": "Kuala Lumpur, Malaysia", "lists": {"groups": [{"items": [], "count": 6, "type": "created"}]}}, {"tips": {"count": 0}, "contact": {"twitter": "mellisachia", "facebook": "656395565"}, "firstName": "Mellisa", "gender": "female", "lastName": "Chia", "id": "8528309", "bio": "", "photo": {"prefix": "https://igx.4sqi.net/img/user/", "suffix": "/8528309-UHURGRLGU52VZ3I1.jpg"}, "homeCity": "Semenyih, Malaysia", "lists": {"groups": [{"items": [], "count": 2, "type": "created"}]}}, {"tips": {"count": 0}, "contact": {"facebook": "649467729"}, "firstName": "Won", "gender": "male", "lastName": "Keat", "id": "29977569", "bio": "", "photo": {"prefix": "https://igx.4sqi.net/img/user/", "suffix": "/C45VXKMIITAPNKM4.jpg"}, "homeCity": "Kuala Lumpur", "lists": {"groups": [{"items": [], "count": 2, "type": "created"}]}}, {"tips": {"count": 0}, "contact": {"facebook": "597944218"}, "firstName": "Keat", "gender": "male", "lastName": "Hoe", "id": "90353962", "bio": "", "photo": {"prefix": "https://igx.4sqi.net/img/user/", "suffix": "/90353962-BA0P21UAEND1PE4V.jpg"}, "homeCity": "Bayan Lepas, PNG", "lists": {"groups": [{"items": [], "count": 2, "type": "created"}]}}, {"tips": {"count": 0}, "contact": {}, "firstName": "Sookhar", "gender": "female", "lastName": "Ng", "id": "31562029", "bio": "", "photo": {"prefix": "https://igx.4sqi.net/img/user/", "suffix": "/1K1HJL3APAO5DBBF.jpg"}, "homeCity": "Malaysia", "lists": {"groups": [{"items": [], "count": 2, "type": "created"}]}}, {"tips": {"count": 9}, "contact": {"facebook": "828363367"}, "firstName": "!v@n", "gender": "male", "lastName": "L3E", "id": "7457748", "bio": "\ud83d\udc3c lets be friends !! \r\ni wont bite !", "photo": {"prefix": "https://igx.4sqi.net/img/user/", "suffix": "/7457748-M3Z0B3EOPYZUAZ1R.jpg"}, "homeCity": "Malaysia", "lists": {"groups": [{"items": [], "count": 2, "type": "created"}]}}, {"tips": {"count": 1}, "contact": {"twitter": "jeff412926", "facebook": "100000466636311"}, "firstName": "Jun", "gender": "male", "lastName": "Xian", "id": "8745809", "bio": "", "photo": {"prefix": "https://igx.4sqi.net/img/user/", "suffix": "/LD4ASPFE1OWZSZX0.jpg"}, "homeCity": "Kuala Lumpur, Malaysia", "lists": {"groups": [{"items": [], "count": 5, "type": "created"}]}}, {"tips": {"count": 0}, "contact": {"facebook": "660538120"}, "firstName": "Casey", "gender": "female", "lastName": "C", "id": "8669699", "bio": "", "photo": {"prefix": "https://igx.4sqi.net/img/user/", "suffix": "/APOVIPZFDHAJCBD4.jpg"}, "homeCity": "Malaysia", "lists": {"groups": [{"items": [], "count": 2, "type": "created"}]}}], "count": 154}, "checksum": "e04664c426efa2f35de6fe0c8e72e67b0021d7c0"}, "meta": {"requestId": "5965d2dd4434b96bc755bf9f", "code": 200}}