{"notifications": [{"type": "notificationTray", "item": {"unreadCount": 0}}], "response": {"friends": {"items": [{"tips": {"count": 4}, "contact": {"twitter": "lavenderbobdog", "facebook": "661941123"}, "firstName": "L'zzie\ud83c\udf81", "gender": "female", "id": "4774156", "bio": "", "photo": {"prefix": "https://igx.4sqi.net/img/user/", "suffix": "/NUYKD1V51MMNPEEJ.jpg"}, "homeCity": "Singapore", "lists": {"groups": [{"items": [], "count": 2, "type": "created"}]}}, {"tips": {"count": 2}, "contact": {}, "firstName": "Picotin", "gender": "female", "lastName": "Express", "id": "6716905", "bio": "The well-loved European bistro is helmed by co-owner Steve Kaye and F&B personality Jacky Stevens. Sentosa Cove & Siglap & Bukit Timah", "photo": {"prefix": "https://igx.4sqi.net/img/user/", "suffix": "/6716905-ZNB3LGVTQXC1W0ON.jpg"}, "homeCity": "Singapore", "lists": {"groups": [{"items": [], "count": 2, "type": "created"}]}}, {"tips": {"count": 0}, "contact": {"facebook": "579871479"}, "firstName": "Nor", "gender": "male", "lastName": "Mohamad", "id": "58009054", "bio": "", "photo": {"prefix": "https://igx.4sqi.net/img/user/", "suffix": "/2HPQOOK1CZFXWKFO.jpg"}, "homeCity": "", "lists": {"groups": [{"items": [], "count": 2, "type": "created"}]}}, {"tips": {"count": 0}, "contact": {"facebook": "10204398934125929"}, "firstName": "Chunyong", "gender": "male", "lastName": "Tan", "id": "17578093", "bio": "", "photo": {"prefix": "https://igx.4sqi.net/img/user/", "suffix": "/17578093-0ISHHZXIGFXPFYLA.jpg"}, "homeCity": "Kuala Lumpur, Malaysia", "lists": {"groups": [{"items": [], "count": 2, "type": "created"}]}}, {"tips": {"count": 16}, "contact": {"facebook": "856025050"}, "firstName": "Teetoos", "gender": "male", "lastName": "Sim", "id": "58068446", "bio": "", "photo": {"prefix": "https://igx.4sqi.net/img/user/", "suffix": "/VDUKD1HBCRGFFU02.jpg"}, "homeCity": "Singapore", "lists": {"groups": [{"items": [], "count": 2, "type": "created"}]}}, {"tips": {"count": 2}, "contact": {"facebook": "100000801110332"}, "firstName": "Juan", "gender": "male", "lastName": "Chen", "id": "5787902", "bio": "", "photo": {"prefix": "https://igx.4sqi.net/img/user/", "suffix": "/BLUAE1DP2LEFNND4.jpg"}, "homeCity": "Singapore", "lists": {"groups": [{"items": [], "count": 2, "type": "created"}]}}, {"superuser": 5, "tips": {"count": 23}, "contact": {"facebook": "581834781"}, "firstName": "Vincent", "gender": "male", "lastName": "Bei", "id": "2195300", "bio": "", "photo": {"prefix": "https://igx.4sqi.net/img/user/", "suffix": "/2195300-DILL3QIARCSTDMXT.jpg"}, "homeCity": "Singapore", "lists": {"groups": [{"items": [], "count": 2, "type": "created"}]}}, {"tips": {"count": 0}, "contact": {"facebook": "10153651484895732"}, "firstName": "Danny", "gender": "male", "lastName": "Pham", "id": "193069870", "bio": "", "photo": {"prefix": "https://igx.4sqi.net/img/user/", "suffix": "/193069870-0IUNTGAUDZUJ4LTK.jpg"}, "homeCity": "Boston, MA", "lists": {"groups": [{"items": [], "count": 2, "type": "created"}]}}, {"tips": {"count": 32}, "contact": {}, "firstName": "Jessie", "gender": "female", "lastName": "Koh", "id": "9650212", "bio": "out & about", "photo": {"prefix": "https://igx.4sqi.net/img/user/", "suffix": "/2TMYVDNOSJDVLDGW.jpg"}, "homeCity": "Singapore", "lists": {"groups": [{"items": [], "count": 3, "type": "created"}]}}, {"tips": {"count": 0}, "contact": {"facebook": "551022663"}, "firstName": "Sotyna", "gender": "female", "lastName": "Yee", "id": "75340011", "bio": "", "photo": {"prefix": "https://igx.4sqi.net/img/user/", "suffix": "/75340011-ZK1JKF2WT5CILRAC.jpg"}, "homeCity": "Singapore", "lists": {"groups": [{"items": [], "count": 2, "type": "created"}]}}, {"tips": {"count": 3}, "contact": {"facebook": "571602024"}, "firstName": "Chong", "gender": "male", "lastName": "Chee Kiong", "id": "2938885", "bio": "nothing much in particular. just an average guy!", "photo": {"prefix": "https://igx.4sqi.net/img/user/", "suffix": "/4KD2RXF1EEPIAKJJ.jpg"}, "homeCity": "Singapore", "lists": {"groups": [{"items": [], "count": 2, "type": "created"}]}}, {"tips": {"count": 54}, "contact": {}, "firstName": "Sophie", "gender": "female", "lastName": "Ng", "id": "861094", "bio": "", "photo": {"prefix": "https://igx.4sqi.net/img/user/", "suffix": "/WI0Q2M2Y4WE25NOQ.jpg"}, "homeCity": "South Korea", "lists": {"groups": [{"items": [], "count": 2, "type": "created"}]}}, {"tips": {"count": 54}, "contact": {}, "firstName": "\"Wisuwat\"", "gender": "male", "lastName": "O", "id": "3674775", "bio": "Share Food, Love Travel and Thank you for your like and friendship.", "photo": {"prefix": "https://igx.4sqi.net/img/user/", "suffix": "/3674775-BJWNQWAAFJ3VONUN.jpg"}, "homeCity": "Chan Kasem, Bangkok, Thailand", "lists": {"groups": [{"items": [], "count": 4, "type": "created"}]}}, {"tips": {"count": 0}, "contact": {}, "firstName": "Terri", "gender": "female", "lastName": "Chen", "id": "1495707", "bio": "", "photo": {"prefix": "https://igx.4sqi.net/img/user/", "suffix": "/KRJOXZXQZK2GTBXW.jpg"}, "homeCity": "Singapore", "lists": {"groups": [{"items": [], "count": 2, "type": "created"}]}}, {"tips": {"count": 0}, "contact": {"twitter": "darrenqx", "facebook": "730578133"}, "firstName": "Darren", "gender": "male", "lastName": "Qi Xian", "id": "38451275", "bio": "", "photo": {"prefix": "https://igx.4sqi.net/img/user/", "suffix": "/KTYX3EDCYTR3ZWH1.jpg"}, "homeCity": "New York, NY", "lists": {"groups": [{"items": [], "count": 2, "type": "created"}]}}, {"tips": {"count": 1}, "contact": {"twitter": "shirleyseah27"}, "firstName": "Shirley", "gender": "female", "lastName": "Seah", "id": "17791568", "bio": "", "photo": {"prefix": "https://igx.4sqi.net/img/user/", "suffix": "/17791568_9TLpUVnK_8vc6zWuaenWDrqjRFwO1pZ_4VC6JQ_SzHdNKO17rZarmqX5nQ-zfNBP0LB1jVOuv.jpg"}, "homeCity": "Singapore", "lists": {"groups": [{"items": [], "count": 6, "type": "created"}]}}, {"tips": {"count": 0}, "contact": {"twitter": "kuokzhiqiang", "facebook": "509360496"}, "firstName": "Zhi Qiang", "gender": "male", "lastName": "Kuok", "id": "5828023", "bio": "", "photo": {"prefix": "https://igx.4sqi.net/img/user/", "suffix": "/ZKZ5BCA3DRUKPLX4.jpg"}, "homeCity": "Singapore", "lists": {"groups": [{"items": [], "count": 2, "type": "created"}]}}, {"tips": {"count": 3}, "contact": {"twitter": "liangveronica", "facebook": "752999111"}, "firstName": "Veronica", "gender": "female", "lastName": "Liang", "id": "7894584", "bio": "", "photo": {"prefix": "https://igx.4sqi.net/img/user/", "suffix": "/XPDMJVVVHP205NYB.jpg"}, "homeCity": "Unnamed Location", "lists": {"groups": [{"items": [], "count": 2, "type": "created"}]}}, {"tips": {"count": 0}, "contact": {"facebook": "751248173"}, "firstName": "Joel", "gender": "male", "lastName": "Tan", "id": "1548732", "bio": "", "photo": {"prefix": "https://igx.4sqi.net/img/user/", "suffix": "/E0TUWQUU0LWBHPOA.jpg"}, "homeCity": "Singapore", "lists": {"groups": [{"items": [], "count": 2, "type": "created"}]}}, {"tips": {"count": 1}, "contact": {"facebook": "1701146063"}, "firstName": "Petopia", "gender": "male", "lastName": "Singapore", "id": "5540403", "bio": "", "photo": {"prefix": "https://igx.4sqi.net/img/user/", "suffix": "/RMB2ZI1V1LUQ03CR.jpg"}, "homeCity": "Singapore", "lists": {"groups": [{"items": [], "count": 2, "type": "created"}]}}, {"tips": {"count": 0}, "contact": {"facebook": "555547441"}, "firstName": "Carol", "gender": "female", "lastName": "Neo", "id": "67633134", "bio": "", "photo": {"prefix": "https://igx.4sqi.net/img/user/", "suffix": "/YLP4ZNJRYYM5E5RJ.jpg"}, "homeCity": "Singapore", "lists": {"groups": [{"items": [], "count": 2, "type": "created"}]}}, {"tips": {"count": 0}, "contact": {"facebook": "718445244"}, "firstName": "Aaron", "gender": "male", "lastName": "Pang", "id": "67964653", "bio": "", "photo": {"prefix": "https://igx.4sqi.net/img/user/", "suffix": "/2M1IZPFDUAXNYR5H.jpg"}, "homeCity": "Singapore", "lists": {"groups": [{"items": [], "count": 2, "type": "created"}]}}, {"tips": {"count": 70}, "contact": {}, "firstName": "Benjamin", "gender": "male", "lastName": "Ng", "id": "5833354", "bio": "", "photo": {"prefix": "https://igx.4sqi.net/img/user/", "suffix": "/5833354_938Huk0u_GTdR1iSscg0PKg3bpih-Cux1DVYtOSc3xWKYjVpugVW_inTL8owR39WrrOgVNi8f.jpg"}, "homeCity": "Singapore", "lists": {"groups": [{"items": [], "count": 16, "type": "created"}]}}, {"tips": {"count": 0}, "contact": {"twitter": "alden84", "facebook": "509752670"}, "firstName": "Alden", "gender": "male", "lastName": "Sim", "id": "14170335", "bio": "", "photo": {"prefix": "https://igx.4sqi.net/img/user/", "suffix": "/14170335-QWQEP42FWRIALHZE.jpg"}, "homeCity": "Singapore", "lists": {"groups": [{"items": [], "count": 2, "type": "created"}]}}, {"tips": {"count": 1}, "contact": {}, "firstName": "Serena", "gender": "female", "lastName": "Ngiam", "id": "1719992", "bio": "", "photo": {"prefix": "https://igx.4sqi.net/img/user/", "suffix": "/F0MH1L4IPQRWJBUY.jpg"}, "homeCity": "Marine Parade, Singapore", "lists": {"groups": [{"items": [], "count": 2, "type": "created"}]}}, {"tips": {"count": 0}, "contact": {"facebook": "678979119"}, "firstName": "Daniel", "gender": "male", "lastName": "Chia", "id": "6133493", "bio": "", "photo": {"prefix": "https://igx.4sqi.net/img/user/", "suffix": "/TS13AOPM3LICR3UD.jpg"}, "homeCity": "Singapore", "lists": {"groups": [{"items": [], "count": 2, "type": "created"}]}}, {"tips": {"count": 269}, "contact": {"facebook": "100000496008987"}, "firstName": "Kevin", "gender": "male", "lastName": "P.", "id": "23035676", "bio": "Remark foot steps and favourite food, 4sqr is a simple solution \u6027\u4ef7\u6bd4\u9ad8\u7684\u7f8e\u98df\u624d\u662f\u738b\u9053\u3002\u3002", "photo": {"prefix": "https://igx.4sqi.net/img/user/", "suffix": "/23035676-H54IWAH3LL1MZWQ1.jpg"}, "homeCity": "Kuala Lumpur", "lists": {"groups": [{"items": [], "count": 22, "type": "created"}]}}, {"tips": {"count": 7}, "contact": {}, "firstName": "Titus", "gender": "male", "lastName": "Sim", "id": "2422404", "bio": "", "photo": {"prefix": "https://igx.4sqi.net/img/user/", "suffix": "/YM0QUEZQO4D3H5ED.jpg"}, "homeCity": "Singapore", "lists": {"groups": [{"items": [], "count": 2, "type": "created"}]}}, {"tips": {"count": 4}, "contact": {"facebook": "626490443"}, "firstName": "Declan", "gender": "male", "id": "7480957", "bio": "", "photo": {"prefix": "https://igx.4sqi.net/img/user/", "suffix": "/TPRG5ANHGTRZMPJ2.jpg"}, "homeCity": "Singapore", "lists": {"groups": [{"items": [], "count": 3, "type": "created"}]}}, {"tips": {"count": 62}, "contact": {}, "firstName": "Sunny", "gender": "female", "lastName": "Bee", "id": "43108777", "bio": "", "photo": {"prefix": "https://igx.4sqi.net/img/user/", "suffix": "/43108777-HKOFQWHSO1V5ZWKP.jpg"}, "homeCity": "Singapore ", "lists": {"groups": [{"items": [], "count": 10, "type": "created"}]}}, {"tips": {"count": 0}, "contact": {"twitter": "s054572011", "facebook": "561600611"}, "firstName": "Keith", "gender": "male", "lastName": "Yong", "id": "2720344", "bio": "", "photo": {"prefix": "https://igx.4sqi.net/img/user/", "suffix": "/GXGDOKB21OKUSG3K.jpg"}, "homeCity": "Singapore", "lists": {"groups": [{"items": [], "count": 2, "type": "created"}]}}, {"tips": {"count": 0}, "contact": {"facebook": "540633929"}, "firstName": "Mei Yun", "gender": "female", "id": "43814129", "bio": "", "photo": {"prefix": "https://igx.4sqi.net/img/user/", "suffix": "/blank_girl.png", "default": true}, "homeCity": "Singapore", "lists": {"groups": [{"items": [], "count": 2, "type": "created"}]}}, {"tips": {"count": 0}, "contact": {"twitter": "aqiaj", "facebook": "1131019293"}, "firstName": "Aqilah", "gender": "female", "lastName": "AJ", "id": "3257886", "bio": "", "photo": {"prefix": "https://igx.4sqi.net/img/user/", "suffix": "/PRWWUVQULC0HNGWX.jpg"}, "homeCity": "Singapore", "lists": {"groups": [{"items": [], "count": 2, "type": "created"}]}}, {"tips": {"count": 0}, "contact": {"facebook": "653356152"}, "firstName": "Seah", "gender": "male", "lastName": "Kiang", "id": "45735545", "bio": "", "photo": {"prefix": "https://igx.4sqi.net/img/user/", "suffix": "/ORPX25BKGQLYDPYM.jpg"}, "homeCity": "New York, NY", "lists": {"groups": [{"items": [], "count": 2, "type": "created"}]}}, {"tips": {"count": 0}, "contact": {"facebook": "599656148"}, "firstName": "Cindy", "gender": "female", "lastName": "Foo", "id": "3472642", "bio": "", "photo": {"prefix": "https://igx.4sqi.net/img/user/", "suffix": "/blank_girl.png", "default": true}, "homeCity": "Singapore", "lists": {"groups": [{"items": [], "count": 2, "type": "created"}]}}, {"tips": {"count": 8}, "contact": {"facebook": "1339022643"}, "firstName": "Yanny", "gender": "female", "lastName": "Ping", "id": "3554124", "bio": "", "photo": {"prefix": "https://igx.4sqi.net/img/user/", "suffix": "/3554124-0522F2VQZXEN3KVA.jpg"}, "homeCity": "Singapore", "lists": {"groups": [{"items": [], "count": 8, "type": "created"}]}}, {"tips": {"count": 0}, "contact": {"facebook": "706056287"}, "firstName": "Daniel", "gender": "male", "lastName": "Lau", "id": "4162203", "bio": "", "photo": {"prefix": "https://igx.4sqi.net/img/user/", "suffix": "/TX05UM24ERI2VGRI.jpg"}, "homeCity": "Singapore", "lists": {"groups": [{"items": [], "count": 2, "type": "created"}]}}, {"tips": {"count": 2}, "contact": {}, "firstName": "Xing Yi", "gender": "female", "lastName": "Chua", "id": "4488528", "bio": "", "photo": {"prefix": "https://igx.4sqi.net/img/user/", "suffix": "/3OQEONPE1QQ2TDRQ.jpg"}, "homeCity": "Singapore", "lists": {"groups": [{"items": [], "count": 2, "type": "created"}]}}], "count": 38}, "checksum": "1884401fb05cb9a1b449b72a2c217f4ccee34baa"}, "meta": {"requestId": "5965bde5f594df3c736c655b", "code": 200}}