{"notifications": [{"type": "notificationTray", "item": {"unreadCount": 0}}], "response": {"friends": {"items": [{"tips": {"count": 0}, "contact": {"facebook": "1702226925"}, "firstName": "Weiiliinn", "gender": "female", "lastName": "Tan", "id": "11614760", "bio": "", "photo": {"prefix": "https://igx.4sqi.net/img/user/", "suffix": "/JA2T14FXRX0COFEA.jpg"}, "homeCity": "Singapore", "lists": {"groups": [{"items": [], "count": 2, "type": "created"}]}}, {"tips": {"count": 0}, "contact": {"twitter": "hxnsjesus", "facebook": "100003757635111"}, "firstName": "Tian", "gender": "male", "lastName": "Lai", "id": "103184573", "bio": "insta: http://instagram.com/hxnsje.sus\ntwitter: http://twitter.com/hxnsjesus", "photo": {"prefix": "https://igx.4sqi.net/img/user/", "suffix": "/103184573-TKMTXILG4DO3AVSE.jpg"}, "homeCity": "Bukit Panjang, Singapore", "lists": {"groups": [{"items": [], "count": 2, "type": "created"}]}}, {"tips": {"count": 2}, "contact": {"twitter": "rykqlehh", "facebook": "100000392215753"}, "firstName": "Rykqlehh", "gender": "female", "id": "12374561", "bio": "twitter : @rykqlehh \r\nIg : @xrachaelyee", "photo": {"prefix": "https://igx.4sqi.net/img/user/", "suffix": "/12374561_hjywGf3s_RltIouBZkCZGg4qHtFfNsvDFBsOv1Aej-8xNP1RGhMo0_0IO-HXs3M8csx--R2Jb.jpg"}, "homeCity": "Singapore", "lists": {"groups": [{"items": [], "count": 2, "type": "created"}]}}, {"tips": {"count": 0}, "contact": {"twitter": "thgal_cady", "facebook": "1664716847"}, "firstName": "Cady", "gender": "female", "lastName": "Tay", "id": "28338061", "bio": "Hehe! Hello(:", "photo": {"prefix": "https://igx.4sqi.net/img/user/", "suffix": "/CZSHF0RH3I1ZOBJG.jpg"}, "homeCity": "Singapore", "lists": {"groups": [{"items": [], "count": 2, "type": "created"}]}}, {"tips": {"count": 2}, "contact": {"twitter": "nichmeatsix", "facebook": "100000106898506"}, "firstName": "Nicholas", "gender": "male", "lastName": "Tan", "id": "26125054", "bio": "", "photo": {"prefix": "https://igx.4sqi.net/img/user/", "suffix": "/26125054-U4USNURQ10Z5MSCO.jpg"}, "homeCity": "Singapore, SG", "lists": {"groups": [{"items": [], "count": 2, "type": "created"}]}}, {"tips": {"count": 3}, "contact": {"twitter": "tgifelcia"}, "firstName": "Felcia", "gender": "female", "lastName": "Ang", "id": "12075096", "bio": "", "photo": {"prefix": "https://igx.4sqi.net/img/user/", "suffix": "/12075096-OVMWKXGFOWDNERAN.jpg"}, "homeCity": "Singapore", "lists": {"groups": [{"items": [], "count": 2, "type": "created"}]}}, {"tips": {"count": 0}, "contact": {"twitter": "yijehx", "facebook": "10200772024258450"}, "firstName": "YiJeh", "gender": "male", "lastName": "Ee", "id": "8043781", "bio": "14 Feb \ud83d\udc95\ud83d\ude18", "photo": {"prefix": "https://igx.4sqi.net/img/user/", "suffix": "/8043781-P1L1SKOH0KHQHULI.jpg"}, "homeCity": "Singapore", "lists": {"groups": [{"items": [], "count": 2, "type": "created"}]}}, {"tips": {"count": 15}, "contact": {"twitter": "18ofjuly_", "facebook": "10201081067226046"}, "firstName": "Zhi Lin", "gender": "female", "lastName": "Chiam", "id": "21357282", "bio": "Hello !", "photo": {"prefix": "https://igx.4sqi.net/img/user/", "suffix": "/21357282-EN2YRI5NTC11UAAC.jpg"}, "homeCity": "Singapore", "lists": {"groups": [{"items": [], "count": 2, "type": "created"}]}}, {"tips": {"count": 0}, "contact": {"twitter": "ciaraaron", "facebook": "100000158377976"}, "firstName": "HANDSOMEBUNNNY", "gender": "male", "id": "43252797", "bio": "", "photo": {"prefix": "https://igx.4sqi.net/img/user/", "suffix": "/STRN42Y2FLBCUA2C.jpg"}, "homeCity": "YewTee, Singapore", "lists": {"groups": [{"items": [], "count": 2, "type": "created"}]}}, {"tips": {"count": 0}, "contact": {"twitter": "dearkxlly", "facebook": "1103522883"}, "firstName": "Kelly Edward", "gender": "female", "lastName": "Jacob", "id": "24833143", "bio": "", "photo": {"prefix": "https://igx.4sqi.net/img/user/", "suffix": "/24833143-D1C4HPWIGE3AY4JB.jpg"}, "homeCity": "New York, NY", "lists": {"groups": [{"items": [], "count": 2, "type": "created"}]}}, {"tips": {"count": 0}, "contact": {"twitter": "sexiestbxnny", "facebook": "10204970867649241"}, "firstName": "Ciara", "gender": "female", "lastName": "M", "id": "120234865", "bio": "", "photo": {"prefix": "https://igx.4sqi.net/img/user/", "suffix": "/120234865_sytU6uAM_hve7mDTkq5T-B-Epmw8qFA8ydNPdZirSDgyDov6nsTZT7L8sEOsAWgPWiL51HUYF.jpg"}, "homeCity": "", "lists": {"groups": [{"items": [], "count": 2, "type": "created"}]}}, {"tips": {"count": 0}, "contact": {"twitter": "liewyanyu", "facebook": "845824568810254"}, "firstName": "Yanyu", "gender": "female", "id": "10504449", "bio": "CAUSE YOURE A NIGHTMARE THATS WHY", "photo": {"prefix": "https://igx.4sqi.net/img/user/", "suffix": "/10504449-VHRD20UYNC3H1C4P.jpg"}, "homeCity": "Singapore", "lists": {"groups": [{"items": [], "count": 2, "type": "created"}]}}, {"tips": {"count": 0}, "contact": {"twitter": "ayywei", "facebook": "1156424984383311"}, "firstName": "Yap", "gender": "male", "lastName": "Wei", "id": "132482328", "bio": "", "photo": {"prefix": "https://igx.4sqi.net/img/user/", "suffix": "/132482328_cD9AsH5h_rsy1gDfYLKDY_aci2cE8xBo-Yg6OEYMFtWGqcashgQ4QI_K3GATBFHzlBuHanyYN.jpg"}, "homeCity": "Singapore", "lists": {"groups": [{"items": [], "count": 2, "type": "created"}]}}, {"tips": {"count": 0}, "contact": {"twitter": "whysomad_", "facebook": "1782827759"}, "firstName": "Ng", "gender": "male", "lastName": "Jiang", "id": "78544898", "bio": "", "photo": {"prefix": "https://igx.4sqi.net/img/user/", "suffix": "/78544898-RRETD45QSLWAD4JF.jpg"}, "homeCity": "Singapore", "lists": {"groups": [{"items": [], "count": 2, "type": "created"}]}}, {"tips": {"count": 0}, "contact": {"twitter": "calistaakohhkq"}, "firstName": "Cal", "gender": "female", "id": "21134493", "bio": "", "photo": {"prefix": "https://igx.4sqi.net/img/user/", "suffix": "/21134493-Y5RWRNQE3PXOWUGQ.jpg"}, "homeCity": "Singapore", "lists": {"groups": [{"items": [], "count": 2, "type": "created"}]}}, {"tips": {"count": 0}, "contact": {"twitter": "irxminiscence", "facebook": "1225749356"}, "firstName": "JinJia", "gender": "female", "id": "5259319", "bio": "", "photo": {"prefix": "https://igx.4sqi.net/img/user/", "suffix": "/5259319-NTTIWNCGUUGBZRWQ.jpg"}, "homeCity": "Singapore", "lists": {"groups": [{"items": [], "count": 2, "type": "created"}]}}, {"tips": {"count": 0}, "contact": {"twitter": "shiqiii", "facebook": "100000123714139"}, "firstName": "Shi Qi", "gender": "female", "id": "41978611", "bio": "I am just a normal girl like every other girls.", "photo": {"prefix": "https://igx.4sqi.net/img/user/", "suffix": "/41978611-Y3QL00PJ50HNK4BL.jpg"}, "homeCity": "Singapore ", "lists": {"groups": [{"items": [], "count": 2, "type": "created"}]}}, {"tips": {"count": 0}, "contact": {"twitter": "bearbearlee", "facebook": "1235108475"}, "firstName": "Beverly", "gender": "female", "lastName": "Tan", "id": "27496094", "bio": "", "photo": {"prefix": "https://igx.4sqi.net/img/user/", "suffix": "/27496094-XS0C5OLKNBOQ5ULH.jpg"}, "homeCity": "New York, NY", "lists": {"groups": [{"items": [], "count": 2, "type": "created"}]}}, {"tips": {"count": 0}, "contact": {"twitter": "annoyingxzc", "facebook": "713371532113601"}, "firstName": "Muhammad", "gender": "male", "lastName": "Amirian", "id": "60274547", "bio": "", "photo": {"prefix": "https://igx.4sqi.net/img/user/", "suffix": "/60274547-XBS5U5C15STVHI0U.jpg"}, "homeCity": "Singapore", "lists": {"groups": [{"items": [], "count": 2, "type": "created"}]}}, {"tips": {"count": 1}, "contact": {"twitter": "dextructionxs", "facebook": "100003141306395"}, "firstName": "Madhu", "gender": "female", "lastName": "Siaosiao", "id": "56016968", "bio": "", "photo": {"prefix": "https://igx.4sqi.net/img/user/", "suffix": "/56016968-FE5XTJMZK0AE4SMZ.jpg"}, "homeCity": "", "lists": {"groups": [{"items": [], "count": 2, "type": "created"}]}}, {"tips": {"count": 0}, "contact": {"twitter": "2chubby4ya", "facebook": "100000025247799"}, "firstName": "Xinn \ud83c\udf38", "gender": "female", "id": "36979581", "bio": "Elegance is the only beauty that never fades. \ud83c\udf80", "photo": {"prefix": "https://igx.4sqi.net/img/user/", "suffix": "/36979581-ETWGOGIJAJDPHTDF.jpg"}, "homeCity": "+65", "lists": {"groups": [{"items": [], "count": 2, "type": "created"}]}}, {"tips": {"count": 5}, "contact": {"twitter": "foreversoneee", "facebook": "1098015016891731"}, "firstName": "Jingying", "gender": "female", "lastName": "ForeverSoneee", "id": "26715642", "bio": "foreversoneee", "photo": {"prefix": "https://igx.4sqi.net/img/user/", "suffix": "/26715642-AT5KT54CCBCEAGKT.jpg"}, "homeCity": "Singapore", "lists": {"groups": [{"items": [], "count": 2, "type": "created"}]}}, {"tips": {"count": 1}, "contact": {"facebook": "100000271591682"}, "firstName": "KaiSin", "gender": "female", "id": "12285496", "bio": "", "photo": {"prefix": "https://igx.4sqi.net/img/user/", "suffix": "/12285496-XXOH3DKB5IJYKEN1.jpg"}, "homeCity": "Choa Chu Kang", "lists": {"groups": [{"items": [], "count": 2, "type": "created"}]}}, {"tips": {"count": 0}, "contact": {"twitter": "zhengwee77", "facebook": "10204279335730327"}, "firstName": "Zheng Wee", "gender": "male", "id": "23983935", "bio": "", "photo": {"prefix": "https://igx.4sqi.net/img/user/", "suffix": "/23983935_jtDzeeOT_uixJPOMiY9GFUd8Qd_U-i9UcEWDjq7JhpmUrTGqVOkyJpIcA0076r4VFNNqEzy35.jpg"}, "homeCity": "New York, NY", "lists": {"groups": [{"items": [], "count": 2, "type": "created"}]}}, {"tips": {"count": 0}, "contact": {"twitter": "juggernut98", "facebook": "813281565373705"}, "firstName": "Keith", "gender": "male", "lastName": "Chan", "id": "61216045", "bio": "", "photo": {"prefix": "https://igx.4sqi.net/img/user/", "suffix": "/L0RGWD1D5WEMKHPD.jpg"}, "homeCity": "Singapore", "lists": {"groups": [{"items": [], "count": 2, "type": "created"}]}}, {"tips": {"count": 0}, "contact": {"facebook": "889136547791701"}, "firstName": "Brandon", "gender": "male", "lastName": "Koh", "id": "76420271", "bio": "Instagram: b_kai", "photo": {"prefix": "https://igx.4sqi.net/img/user/", "suffix": "/76420271-5NJEWQSCSO4NA501.jpg"}, "homeCity": "Singapore", "lists": {"groups": [{"items": [], "count": 2, "type": "created"}]}}, {"tips": {"count": 0}, "contact": {}, "firstName": "Chermaine", "gender": "female", "lastName": "x", "id": "123837669", "bio": "", "photo": {"prefix": "https://igx.4sqi.net/img/user/", "suffix": "/123837669-5AV30JHRRGJ1MZK5.jpg"}, "homeCity": "", "lists": {"groups": [{"items": [], "count": 2, "type": "created"}]}}, {"tips": {"count": 0}, "contact": {"twitter": "smallgirrrl_", "facebook": "1025736784109262"}, "firstName": "-", "gender": "female", "id": "114046066", "bio": "NOT USING ANYMORE", "photo": {"prefix": "https://igx.4sqi.net/img/user/", "suffix": "/114046066_5GAR8Z2L_LO4ZmHEFLb2qgYwG7cDqaFlvLxZMWP8jj8quuPrN2OFxqm5rF7TcTTUdaxa0Lc05.jpg"}, "homeCity": "\u65b0\u52a0\u5761\ud83c\udf88", "lists": {"groups": [{"items": [], "count": 2, "type": "created"}]}}, {"tips": {"count": 0}, "contact": {"twitter": "kennethseid", "facebook": "100006229356633"}, "firstName": "Kenneth", "gender": "male", "lastName": "Lee", "id": "80693372", "bio": "", "photo": {"prefix": "https://igx.4sqi.net/img/user/", "suffix": "/80693372_yKMpWqME_nK-RMBBFotVc2rVyjlTv30XRW49WmOvM91ZQYMHDrYOIyRAjKmDhq33h1d6cfGaJ.jpg"}, "homeCity": "Singapore", "lists": {"groups": [{"items": [], "count": 3, "type": "created"}]}}, {"tips": {"count": 0}, "contact": {"twitter": "elfinvan", "facebook": "783550685050819"}, "firstName": "Vanessa", "gender": "female", "lastName": "Wong", "id": "87079546", "bio": "follow me @elfinvan", "photo": {"prefix": "https://igx.4sqi.net/img/user/", "suffix": "/87079546-U0OUEWMHMA45X43R.jpg"}, "homeCity": "", "lists": {"groups": [{"items": [], "count": 2, "type": "created"}]}}, {"tips": {"count": 0}, "contact": {"twitter": "polarwithin", "facebook": "828657857271472"}, "firstName": "Jason", "gender": "male", "lastName": "Lucenzo", "id": "341601701", "bio": "At eternity's gate \ud83c\udf1f", "photo": {"prefix": "https://igx.4sqi.net/img/user/", "suffix": "/341601701-T0E02KQ5L35MX13B.jpg"}, "homeCity": "Singapore", "lists": {"groups": [{"items": [], "count": 2, "type": "created"}]}}, {"tips": {"count": 0}, "contact": {}, "firstName": "juunz", "gender": "male", "id": "116361500", "bio": "Annyeong", "photo": {"prefix": "https://igx.4sqi.net/img/user/", "suffix": "/116361500-LWRC4YEWRMKTXXYO.jpg"}, "homeCity": "", "lists": {"groups": [{"items": [], "count": 2, "type": "created"}]}}, {"tips": {"count": 0}, "contact": {"twitter": "xcjj_", "facebook": "100006463178080"}, "firstName": "Chua", "gender": "male", "lastName": "Xavier", "id": "71639316", "bio": "", "photo": {"prefix": "https://igx.4sqi.net/img/user/", "suffix": "/71639316-VFNTWIPJI0BUF1VF.jpg"}, "homeCity": "Singapore", "lists": {"groups": [{"items": [], "count": 2, "type": "created"}]}}, {"tips": {"count": 0}, "contact": {"twitter": "galaxymustachee", "facebook": "1801178720"}, "firstName": "Zuer", "gender": "female", "id": "104155302", "bio": "", "photo": {"prefix": "https://igx.4sqi.net/img/user/", "suffix": "/104155302-Y1A1MXVQ1M4HE0ZJ.jpg"}, "homeCity": "Singapore", "lists": {"groups": [{"items": [], "count": 2, "type": "created"}]}}, {"tips": {"count": 1}, "contact": {"twitter": "_pedobearr", "facebook": "10152920343483692"}, "firstName": "Shuwen", "gender": "female", "lastName": "Tan", "id": "17145956", "bio": "", "photo": {"prefix": "https://igx.4sqi.net/img/user/", "suffix": "/17145956-C1LLB2K0EOEHR4AH.jpg"}, "homeCity": "Singapore", "lists": {"groups": [{"items": [], "count": 2, "type": "created"}]}}, {"tips": {"count": 0}, "contact": {"twitter": "wendyheartsx", "facebook": "10208200072539135"}, "firstName": "Wendy", "gender": "female", "lastName": "Lim", "id": "385509338", "bio": "", "photo": {"prefix": "https://igx.4sqi.net/img/user/", "suffix": "/385509338_1RZOUFze_ifFtbriQEKA4D0K5CyLb-LKBvIv4X_0hBJOkkeLil4B8Q3DfLau_rhWt6zHFoo8Z.jpg"}, "homeCity": "Singapore, 65", "lists": {"groups": [{"items": [], "count": 2, "type": "created"}]}}, {"tips": {"count": 0}, "contact": {"twitter": "alexlau1997"}, "firstName": "Alex", "gender": "male", "lastName": "Lau", "id": "134564606", "bio": "", "photo": {"prefix": "https://igx.4sqi.net/img/user/", "suffix": "/134564606_iBUS6xWs_SMQ5JvdwquYPNlWBd6b_P2QYpxUUZYaOhlw7JE635-RNwbRwbewhjfWoeIPID_p-.jpg"}, "homeCity": "Singapore, 00", "lists": {"groups": [{"items": [], "count": 2, "type": "created"}]}}, {"tips": {"count": 0}, "contact": {"twitter": "agareses", "facebook": "100003024390258"}, "firstName": "cedricchjs", "gender": "male", "id": "87786939", "bio": "insta ; cedricchjs", "photo": {"prefix": "https://igx.4sqi.net/img/user/", "suffix": "/87786939_dNOnPVbs_py-6HBHApNPxhNgxbjmOffsRBJi_7-lTjYiqeubIfuvrCBqE7fKh6InwK8hIFIu_.jpg"}, "homeCity": "Singapore", "lists": {"groups": [{"items": [], "count": 2, "type": "created"}]}}, {"tips": {"count": 0}, "contact": {"twitter": "kapbunkai", "facebook": "878668132185070"}, "firstName": "Khairul", "gender": "male", "lastName": "Alif", "id": "17225992", "bio": "", "photo": {"prefix": "https://igx.4sqi.net/img/user/", "suffix": "/17225992-F0LTXQB12JDE11I2.jpg"}, "homeCity": "Teck whye", "lists": {"groups": [{"items": [], "count": 2, "type": "created"}]}}, {"tips": {"count": 0}, "contact": {"twitter": "jiaxinnx", "facebook": "1716260523"}, "firstName": "JiaXin", "gender": "female", "lastName": "Ang", "id": "17726578", "bio": "", "photo": {"prefix": "https://igx.4sqi.net/img/user/", "suffix": "/17726578-B0RP0BABLO0LBOM0.jpg"}, "homeCity": "Singapore", "lists": {"groups": [{"items": [], "count": 2, "type": "created"}]}}, {"tips": {"count": 1}, "contact": {"twitter": "jiameisays", "facebook": "1048288748531641"}, "firstName": "Bibi", "gender": "female", "lastName": "G", "id": "17823907", "bio": "", "photo": {"prefix": "https://igx.4sqi.net/img/user/", "suffix": "/17823907-1EPPQD2MWLZ3LZP2.jpg"}, "homeCity": "singapore", "lists": {"groups": [{"items": [], "count": 2, "type": "created"}]}}, {"tips": {"count": 0}, "contact": {"twitter": "nicole_elohvee", "facebook": "10203682716778950"}, "firstName": "Nicolette", "gender": "female", "id": "30527264", "bio": "IG: @Nicolette.sg", "photo": {"prefix": "https://igx.4sqi.net/img/user/", "suffix": "/30527264-BWYP4RCUEMQHB4IM.jpg"}, "homeCity": "New York, NY", "lists": {"groups": [{"items": [], "count": 2, "type": "created"}]}}, {"tips": {"count": 0}, "contact": {"twitter": "ivretrav", "facebook": "100002194686490"}, "firstName": "Travis", "gender": "male", "lastName": "Lim", "id": "89593389", "bio": "Twitter/Insta: @Ivretrav", "photo": {"prefix": "https://igx.4sqi.net/img/user/", "suffix": "/89593389-FOBMJ1ODRSCDZPM0.jpg"}, "homeCity": "Singapore", "lists": {"groups": [{"items": [], "count": 2, "type": "created"}]}}], "count": 43}, "checksum": "70cc1f8c0cde85bd8eae6eb53bbd013557f76cfe"}, "meta": {"requestId": "5965d7959fb6b77b934037fb", "code": 200}}