{"notifications": [{"type": "notificationTray", "item": {"unreadCount": 0}}], "meta": {"requestId": "5966edd69fb6b770db38c17b", "code": 200}, "response": {"friends": {"count": 55, "items": [{"id": "11618500", "photo": {"prefix": "https://igx.4sqi.net/img/user/", "suffix": "/11618500-2DU1NP4GO3VBGSTO.jpg"}, "homeCity": "\u0433\u043e\u0440\u043e\u0434 \u041c\u043e\u0441\u043a\u0432\u0430, \u0420\u043e\u0441\u0441\u0438\u044f", "contact": {"facebook": "100003732637231"}, "firstName": "Sergey", "tips": {"count": 0}, "gender": "male", "lastName": "Chernousov", "lists": {"groups": [{"count": 2, "type": "created", "items": []}]}, "bio": ""}, {"id": "28735654", "photo": {"prefix": "https://igx.4sqi.net/img/user/", "suffix": "/DDFFBCE3CNWQJIVE.jpg"}, "homeCity": "Moskva", "contact": {"facebook": "100001376523192"}, "firstName": "Veronica", "tips": {"count": 0}, "gender": "female", "lastName": "Smol", "lists": {"groups": [{"count": 2, "type": "created", "items": []}]}, "bio": ""}, {"id": "45848758", "photo": {"prefix": "https://igx.4sqi.net/img/user/", "suffix": "/54BCUCFB03F5V1SA.jpg"}, "homeCity": "\u041c\u043e\u0441\u043a\u0432\u0430", "contact": {"facebook": "1317866605"}, "firstName": "Nikolay", "tips": {"count": 0}, "gender": "male", "lastName": "Krylov", "lists": {"groups": [{"count": 2, "type": "created", "items": []}]}, "bio": ""}, {"id": "7813683", "photo": {"prefix": "https://igx.4sqi.net/img/user/", "suffix": "/TSFQK5UAUQBF4TW4.jpg"}, "homeCity": "Los Angeles, CA", "contact": {"facebook": "603605057", "twitter": "lena_silver"}, "firstName": "Elena Silver", "tips": {"count": 1}, "gender": "female", "lists": {"groups": [{"count": 3, "type": "created", "items": []}]}, "bio": ""}, {"id": "11084515", "photo": {"prefix": "https://igx.4sqi.net/img/user/", "suffix": "/NVJDVYEEITJOBYLG.jpg"}, "homeCity": "\u041c\u043e\u0441\u043a\u0432\u0430", "contact": {"facebook": "10211340467654107"}, "firstName": "Olya", "tips": {"count": 11}, "gender": "female", "lastName": "Vlasova", "lists": {"groups": [{"count": 2, "type": "created", "items": []}]}, "bio": ""}, {"id": "26685393", "photo": {"prefix": "https://igx.4sqi.net/img/user/", "suffix": "/26685393-LEBQ21RCU11D4VKB.jpg"}, "homeCity": "Moskva", "contact": {"facebook": "100000021864164"}, "firstName": "Elena", "tips": {"count": 1}, "gender": "female", "lastName": "Yurgeneva", "lists": {"groups": [{"count": 2, "type": "created", "items": []}]}, "bio": "\u0421\u0430\u043c\u044b\u0435 \u0436\u0435\u043b\u0430\u043d\u043d\u044b\u0435 \u0434\u043e\u043c\u0430, \u0432\u0438\u043b\u043b\u044b, \u043a\u0432\u0430\u0440\u0442\u0438\u0440\u044b, \u0448\u0430\u043b\u0435 \u0438 \u0448\u0430\u0442\u043e  \u0432 \u043c\u0438\u0440\u0435 - \u043e\u0442 Knight Frank \u0438 \u043d\u0430\u0448\u0435\u0439 \u0437\u0432\u0435\u0437\u0434\u043d\u043e\u0439 \u043a\u043e\u043c\u0430\u043d\u0434\u044b, \u0432 \u043a\u043e\u0442\u043e\u0440\u043e\u0439 \u0441\u043e\u0431\u0440\u0430\u043d\u044b \u043b\u0443\u0447\u0448\u0438\u0435 \u0441\u043f\u0435\u0446\u0438\u0430\u043b\u0438\u0441\u0442\u044b \u0440\u044b\u043d\u043a\u0430 \u043d\u0435\u0434\u0432\u0438\u0436\u0438\u043c\u043e\u0441\u0442\u0438"}, {"id": "12031473", "photo": {"prefix": "https://igx.4sqi.net/img/user/", "suffix": "/4NWPU51RWG1N1ORU.jpg"}, "homeCity": "\u041c\u043e\u0441\u043a\u0432\u0430", "contact": {}, "firstName": "Anton", "tips": {"count": 1}, "gender": "male", "lastName": "Olenchik", "lists": {"groups": [{"count": 2, "type": "created", "items": []}]}, "bio": ""}, {"id": "12865000", "photo": {"prefix": "https://igx.4sqi.net/img/user/", "suffix": "/4VK53ODY0R3Z4T5L.jpg"}, "homeCity": "\u041c\u043e\u0441\u043a\u0432\u0430,\u0420\u043e\u0441\u0441\u0438\u044f", "contact": {}, "firstName": "Alina", "tips": {"count": 0}, "gender": "female", "lastName": "Vlasova", "lists": {"groups": [{"count": 2, "type": "created", "items": []}]}, "bio": ""}, {"id": "11148761", "photo": {"prefix": "https://igx.4sqi.net/img/user/", "default": true, "suffix": "/blank_girl.png"}, "homeCity": "\u0433\u043e\u0440\u043e\u0434 \u041c\u043e\u0441\u043a\u0432\u0430, \u0420\u043e\u0441\u0441\u0438\u044f", "contact": {"facebook": "1305808470"}, "firstName": "Natalia", "tips": {"count": 0}, "gender": "female", "lastName": "Maslo", "lists": {"groups": [{"count": 2, "type": "created", "items": []}]}, "bio": ""}, {"id": "11167413", "photo": {"prefix": "https://igx.4sqi.net/img/user/", "suffix": "/UC1ZIVJDO0GN0ZMZ.jpg"}, "homeCity": "\u0433\u043e\u0440\u043e\u0434 \u041c\u043e\u0441\u043a\u0432\u0430, \u0420\u043e\u0441\u0441\u0438\u044f", "contact": {"facebook": "100000661102658"}, "firstName": "Alisa", "tips": {"count": 0}, "gender": "female", "lastName": "Timofeeva", "lists": {"groups": [{"count": 2, "type": "created", "items": []}]}, "bio": ""}, {"id": "11172418", "photo": {"prefix": "https://igx.4sqi.net/img/user/", "suffix": "/OCFBHZGFVU0MLJV1.jpg"}, "homeCity": "\u0433\u043e\u0440\u043e\u0434 \u041c\u043e\u0441\u043a\u0432\u0430, \u0420\u043e\u0441\u0441\u0438\u044f", "contact": {}, "firstName": "Tatiana", "tips": {"count": 0}, "gender": "female", "lastName": "Isaeva", "lists": {"groups": [{"count": 2, "type": "created", "items": []}]}, "bio": ""}, {"id": "42365024", "photo": {"prefix": "https://igx.4sqi.net/img/user/", "suffix": "/1EO40EO5NJSQJ4WK.jpg"}, "homeCity": "Kiev", "contact": {"facebook": "100001240104720"}, "firstName": "Andrey", "tips": {"count": 1}, "gender": "male", "lastName": "Dmitruk", "lists": {"groups": [{"count": 2, "type": "created", "items": []}]}, "bio": ""}, {"id": "47570581", "photo": {"prefix": "https://igx.4sqi.net/img/user/", "suffix": "/OU1RIJ1Z3LQZRW44.jpg"}, "homeCity": "New York, NY", "contact": {}, "firstName": "\u0410\u043d\u043d\u0430", "tips": {"count": 0}, "gender": "female", "lists": {"groups": [{"count": 2, "type": "created", "items": []}]}, "bio": ""}, {"id": "48429454", "photo": {"prefix": "https://igx.4sqi.net/img/user/", "suffix": "/GBMNNL0432X1SPA3.jpg"}, "homeCity": "Moskva", "contact": {"facebook": "1516321875"}, "firstName": "Vovochka", "tips": {"count": 0}, "gender": "male", "lastName": "Vovochka", "lists": {"groups": [{"count": 2, "type": "created", "items": []}]}, "bio": ""}, {"id": "38835585", "photo": {"prefix": "https://igx.4sqi.net/img/user/", "suffix": "/LZ34QCOWWCV1PC4G.jpg"}, "homeCity": "Moskva", "contact": {"facebook": "1077969102"}, "firstName": "Irina", "tips": {"count": 12}, "gender": "female", "lastName": "Solntseva", "lists": {"groups": [{"count": 2, "type": "created", "items": []}]}, "bio": ""}, {"id": "82633196", "photo": {"prefix": "https://igx.4sqi.net/img/user/", "suffix": "/82633196-IDQ0UZ2NTZR1IKED.jpg"}, "homeCity": "Milan, Lombardy", "contact": {"facebook": "1483839755"}, "firstName": "Alessandro", "tips": {"count": 0}, "gender": "male", "lastName": "Chiodaroli", "lists": {"groups": [{"count": 2, "type": "created", "items": []}]}, "bio": ""}, {"id": "8357915", "photo": {"prefix": "https://igx.4sqi.net/img/user/", "suffix": "/EV10PTU12PRPWXLI.jpg"}, "homeCity": "\u0433\u043e\u0440\u043e\u0434 \u041c\u043e\u0441\u043a\u0432\u0430, \u0420\u043e\u0441\u0441\u0438\u044f", "contact": {"facebook": "1649432023"}, "firstName": "Anastasia", "tips": {"count": 0}, "gender": "female", "lastName": "Proskurina", "lists": {"groups": [{"count": 2, "type": "created", "items": []}]}, "bio": ""}, {"id": "4399742", "photo": {"prefix": "https://igx.4sqi.net/img/user/", "suffix": "/0B4GHMLWLCDM5AYP.jpg"}, "homeCity": "\u0433\u043e\u0440\u043e\u0434 \u041c\u043e\u0441\u043a\u0432\u0430, \u0420\u043e\u0441\u0441\u0438\u044f", "contact": {"facebook": "634704358", "twitter": "polina_murova"}, "firstName": "polina", "tips": {"count": 3}, "gender": "female", "lastName": "murova", "lists": {"groups": [{"count": 2, "type": "created", "items": []}]}, "bio": ""}, {"id": "2329883", "photo": {"prefix": "https://igx.4sqi.net/img/user/", "suffix": "/0H1MMP20AT255QIT.jpg"}, "homeCity": "\u0433\u043e\u0440\u043e\u0434 \u041c\u043e\u0441\u043a\u0432\u0430, \u0420\u043e\u0441\u0441\u0438\u044f", "contact": {"facebook": "620131699"}, "firstName": "Vladislav", "tips": {"count": 2}, "gender": "male", "lastName": "Bordyuzha", "lists": {"groups": [{"count": 2, "type": "created", "items": []}]}, "bio": ""}, {"id": "13583782", "photo": {"prefix": "https://igx.4sqi.net/img/user/", "suffix": "/13583782-Y5JYRHUYMFQWLIMW.jpg"}, "homeCity": "\u0433\u043e\u0440\u043e\u0434 \u041c\u043e\u0441\u043a\u0432\u0430, \u0420\u043e\u0441\u0441\u0438\u044f", "contact": {}, "firstName": "Podrygin", "tips": {"count": 11}, "gender": "male", "lastName": "Misha", "lists": {"groups": [{"count": 7, "type": "created", "items": []}]}, "bio": "Fish"}, {"id": "33501106", "photo": {"prefix": "https://igx.4sqi.net/img/user/", "suffix": "/O4YQFQADJX5WRKEK.jpg"}, "homeCity": "Moscow", "contact": {"facebook": "1839152167"}, "firstName": "Djuli Sun", "tips": {"count": 4}, "gender": "female", "lists": {"groups": [{"count": 2, "type": "created", "items": []}]}, "bio": ""}, {"id": "561330", "photo": {"prefix": "https://igx.4sqi.net/img/user/", "suffix": "/UTFXRIFXTG24SO4X.jpg"}, "homeCity": "\u041c\u043e\u0441\u043a\u0432\u0430, \u0420\u043e\u0441\u0441\u0438\u044f", "contact": {"facebook": "1795129151", "twitter": "maxsnigirev"}, "firstName": "Max", "tips": {"count": 7}, "gender": "male", "lastName": "Snigirev", "lists": {"groups": [{"count": 4, "type": "created", "items": []}]}, "bio": ""}, {"id": "11621179", "photo": {"prefix": "https://igx.4sqi.net/img/user/", "suffix": "/XWHA4QLWPMZI5CCV.jpg"}, "homeCity": "\u0433\u043e\u0440\u043e\u0434 \u041c\u043e\u0441\u043a\u0432\u0430, \u0420\u043e\u0441\u0441\u0438\u044f", "contact": {"facebook": "100001870743494"}, "firstName": "Nastya", "tips": {"count": 7}, "gender": "female", "lastName": "Panarina", "lists": {"groups": [{"count": 2, "type": "created", "items": []}]}, "bio": ""}, {"id": "11815373", "photo": {"prefix": "https://igx.4sqi.net/img/user/", "suffix": "/3AFSSC52GV2ATVCH.jpg"}, "homeCity": "\u041a\u0438\u0457\u0432, \u0423\u043a\u0440\u0430\u0457\u043d\u0430", "contact": {"facebook": "100001424404602"}, "firstName": "\u0422\u0430\u043d\u044f", "tips": {"count": 0}, "gender": "female", "lastName": "\u041f\u0435\u0442\u0440\u043e\u0432\u0430", "lists": {"groups": [{"count": 2, "type": "created", "items": []}]}, "bio": ""}, {"id": "28481499", "photo": {"prefix": "https://igx.4sqi.net/img/user/", "suffix": "/1Q3S2II01S22CZO0.jpg"}, "homeCity": "Moskva", "contact": {}, "firstName": "Daria \ud83c\udf80", "tips": {"count": 7}, "gender": "female", "lastName": "Novikova", "lists": {"groups": [{"count": 3, "type": "created", "items": []}]}, "bio": ""}, {"id": "26985744", "photo": {"prefix": "https://igx.4sqi.net/img/user/", "default": true, "suffix": "/blank_girl.png"}, "homeCity": "Moskva", "contact": {"facebook": "517948548"}, "firstName": "Elisaveta", "tips": {"count": 0}, "gender": "female", "lastName": "Golovyatenko", "lists": {"groups": [{"count": 2, "type": "created", "items": []}]}, "bio": ""}, {"id": "12108961", "photo": {"prefix": "https://igx.4sqi.net/img/user/", "suffix": "/3AQ4HTQ2CFCURIL4.jpg"}, "homeCity": "\u0433\u043e\u0440\u043e\u0434 \u041c\u043e\u0441\u043a\u0432\u0430, \u0420\u043e\u0441\u0441\u0438\u044f", "contact": {}, "firstName": "Arina", "tips": {"count": 2}, "gender": "female", "lastName": "Panarina", "lists": {"groups": [{"count": 2, "type": "created", "items": []}]}, "bio": ""}, {"id": "14335252", "photo": {"prefix": "https://igx.4sqi.net/img/user/", "suffix": "/KOZIKE4WYX1AHFMX.jpg"}, "homeCity": "New York, NY", "contact": {"facebook": "778727315530334"}, "firstName": "Anna", "tips": {"count": 12}, "gender": "female", "lastName": "Kotova", "lists": {"groups": [{"count": 2, "type": "created", "items": []}]}, "bio": ""}, {"id": "21366295", "photo": {"prefix": "https://igx.4sqi.net/img/user/", "suffix": "/FZOSPUS4AGF2YD5Z.jpg"}, "homeCity": "Moscow", "contact": {}, "firstName": "Konstantin", "tips": {"count": 2}, "gender": "male", "lastName": "S.", "lists": {"groups": [{"count": 3, "type": "created", "items": []}]}, "bio": "https://foursquare.com/autospeccenter \u2014 \u041f\u043e\u0434\u043f\u0438\u0441\u044b\u0432\u0430\u0439\u0442\u0435\u0441\u044c \u043d\u0430 \u043d\u043e\u0432\u043e\u0441\u0442\u0438, \u043a\u043e\u043d\u043a\u0443\u0440\u0441\u044b \u0438 \u0441\u0430\u043c\u044b\u0435 \u0432\u044b\u0433\u043e\u0434\u043d\u044b\u0435 \u043f\u0440\u0435\u0434\u043b\u043e\u0436\u0435\u043d\u0438\u044f\u0445 \u0410\u0432\u0442\u043e\u0421\u043f\u0435\u0446\u0426\u0435\u043d\u0442\u0440\u0430!"}, {"id": "14145007", "photo": {"prefix": "https://igx.4sqi.net/img/user/", "suffix": "/QAMTFDFJT25PFSOI.jpg"}, "homeCity": "\u0433\u043e\u0440\u043e\u0434 \u041c\u043e\u0441\u043a\u0432\u0430, \u0420\u043e\u0441\u0441\u0438\u044f", "contact": {}, "firstName": "Katre", "tips": {"count": 0}, "gender": "female", "lists": {"groups": [{"count": 2, "type": "created", "items": []}]}, "bio": ""}, {"id": "55473724", "photo": {"prefix": "https://igx.4sqi.net/img/user/", "suffix": "/LJCP3UDEI2JA1OPU.jpg"}, "homeCity": "", "contact": {"facebook": "100000942257725"}, "firstName": "Konstantin", "tips": {"count": 0}, "gender": "male", "lastName": "Sinev", "lists": {"groups": [{"count": 2, "type": "created", "items": []}]}, "bio": ""}, {"id": "78926931", "photo": {"prefix": "https://igx.4sqi.net/img/user/", "suffix": "/78926931-YIXCWKG1PA3AGK1O.jpg"}, "homeCity": "Moscow, Russia", "contact": {"facebook": "845674888811130"}, "firstName": "Alena", "tips": {"count": 0}, "gender": "female", "lastName": "Gmyzina", "lists": {"groups": [{"count": 2, "type": "created", "items": []}]}, "bio": ""}, {"id": "85429991", "photo": {"prefix": "https://igx.4sqi.net/img/user/", "suffix": "/85429991-Z1FQTCPKGFW52QCB.jpg"}, "homeCity": "Moscow, Moscow", "contact": {"facebook": "1223781951"}, "firstName": "Kseniya", "tips": {"count": 0}, "gender": "female", "lastName": "Duhanina", "lists": {"groups": [{"count": 2, "type": "created", "items": []}]}, "bio": ""}, {"id": "8652010", "photo": {"prefix": "https://igx.4sqi.net/img/user/", "suffix": "/V2VB4M5W054UTTPK.jpg"}, "homeCity": "\u0433\u043e\u0440\u043e\u0434 \u041c\u043e\u0441\u043a\u0432\u0430, \u0420\u043e\u0441\u0441\u0438\u044f", "contact": {}, "firstName": "Olga", "tips": {"count": 16}, "gender": "female", "lastName": "Maltseva", "lists": {"groups": [{"count": 2, "type": "created", "items": []}]}, "bio": ""}, {"id": "62055406", "photo": {"prefix": "https://igx.4sqi.net/img/user/", "suffix": "/62055406-R10MLDZXVHWKDNI1.jpg"}, "homeCity": "Moscow", "contact": {"facebook": "10152355442942242"}, "firstName": "Vitaly", "tips": {"count": 7}, "gender": "male", "lastName": "Kurapov", "lists": {"groups": [{"count": 2, "type": "created", "items": []}]}, "bio": ""}, {"id": "53078797", "photo": {"prefix": "https://igx.4sqi.net/img/user/", "suffix": "/UWJQRDVBYO3CBI4S.jpg"}, "homeCity": "Moscow FC", "contact": {"facebook": "100000468388270"}, "firstName": "Maria", "tips": {"count": 0}, "gender": "female", "lastName": "Uvaeva", "lists": {"groups": [{"count": 2, "type": "created", "items": []}]}, "bio": ""}, {"id": "15408336", "photo": {"prefix": "https://igx.4sqi.net/img/user/", "suffix": "/2A4B0JJPUNYGD1GH.jpg"}, "homeCity": "\u0420\u043e\u0441\u0441\u0438\u044f,\u041c\u043e\u0441\u043a\u0432\u0430", "contact": {}, "firstName": "Alesha", "tips": {"count": 4}, "gender": "female", "lastName": "Popovich", "lists": {"groups": [{"count": 2, "type": "created", "items": []}]}, "bio": ""}, {"id": "11875025", "photo": {"prefix": "https://igx.4sqi.net/img/user/", "suffix": "/11875025-TK4BO5KRIKVXJZG2.jpg"}, "homeCity": "\u0433\u043e\u0440\u043e\u0434 \u041c\u043e\u0441\u043a\u0432\u0430, \u0420\u043e\u0441\u0441\u0438\u044f", "contact": {}, "firstName": "\u0421\u0430\u0448\u0430", "tips": {"count": 10}, "gender": "male", "lastName": "\u0427\u0435\u0440\u043d\u043e\u0443\u0441\u043e\u0432", "lists": {"groups": [{"count": 2, "type": "created", "items": []}]}, "bio": ""}, {"id": "36491278", "photo": {"prefix": "https://igx.4sqi.net/img/user/", "suffix": "/P34AJ5MSX0X1RGYA.jpg"}, "homeCity": "Kiev", "contact": {"facebook": "922804244419200", "twitter": "deenisrudi"}, "firstName": "\u0414\u0435\u043d\u0438\u0441", "tips": {"count": 1}, "gender": "male", "lastName": "\u0425\u0440\u0438\u0441\u0442\u043e\u0432", "lists": {"groups": [{"count": 4, "type": "created", "items": []}]}, "bio": ""}, {"id": "46176620", "photo": {"prefix": "https://igx.4sqi.net/img/user/", "suffix": "/46176620-RIWFWS3W1WNM0NDU.jpg"}, "homeCity": "Souss - Massa - Dra\u00e2", "contact": {"facebook": "10208527089516524", "twitter": "surftownmaroc"}, "firstName": "Aziz", "tips": {"count": 1}, "gender": "male", "lastName": "Skoutti", "lists": {"groups": [{"count": 3, "type": "created", "items": []}]}, "bio": ""}, {"id": "17685636", "photo": {"prefix": "https://igx.4sqi.net/img/user/", "suffix": "/PA3MARRY11ZABEGG.jpg"}, "homeCity": "\u0433\u043e\u0440\u043e\u0434 \u041c\u043e\u0441\u043a\u0432\u0430, \u0420\u043e\u0441\u0441\u0438\u044f", "contact": {"facebook": "1626011322"}, "firstName": "Zhukov", "tips": {"count": 4}, "gender": "male", "lastName": "Denis", "lists": {"groups": [{"count": 3, "type": "created", "items": []}]}, "bio": ""}, {"id": "23902016", "photo": {"prefix": "https://igx.4sqi.net/img/user/", "suffix": "/ZTZSMAL3XVIJTFY2.jpg"}, "homeCity": "Moscow", "contact": {"facebook": "100002778708244"}, "firstName": "Indira", "tips": {"count": 2}, "gender": "female", "lastName": "Mersiyanova", "lists": {"groups": [{"count": 2, "type": "created", "items": []}]}, "bio": ""}, {"id": "41151268", "photo": {"prefix": "https://igx.4sqi.net/img/user/", "suffix": "/03J3ZZ4KPJ1PIYCL.jpg"}, "homeCity": "Moskva", "contact": {"facebook": "1023652764350478"}, "firstName": "Georgy", "tips": {"count": 3}, "gender": "male", "lastName": "Smirnov", "lists": {"groups": [{"count": 2, "type": "created", "items": []}]}, "bio": ""}, {"id": "55865002", "photo": {"prefix": "https://igx.4sqi.net/img/user/", "suffix": "/UH4QDHC5LWJDRVD4.jpg"}, "homeCity": "Moscow, 48", "contact": {"facebook": "100001364143478"}, "firstName": "Nastia", "tips": {"count": 0}, "gender": "female", "lastName": "Sosunova", "lists": {"groups": [{"count": 2, "type": "created", "items": []}]}, "bio": ""}, {"id": "85688099", "photo": {"prefix": "https://igx.4sqi.net/img/user/", "suffix": "/85688099-ICJHVUJKKIOEDOTO.jpg"}, "homeCity": "Moscow, Moscow", "contact": {"facebook": "100005019039028"}, "firstName": "Alexander", "tips": {"count": 0}, "gender": "male", "lastName": "Mescheryakov", "lists": {"groups": [{"count": 2, "type": "created", "items": []}]}, "bio": ""}, {"id": "11877971", "photo": {"prefix": "https://igx.4sqi.net/img/user/", "suffix": "/WWMVOFFYYMFP0ATT.jpg"}, "homeCity": "\u0433\u043e\u0440\u043e\u0434 \u041c\u043e\u0441\u043a\u0432\u0430, \u0420\u043e\u0441\u0441\u0438\u044f", "contact": {"facebook": "100000369663771"}, "firstName": "Vera", "tips": {"count": 1}, "gender": "female", "lastName": "Anikeeva", "lists": {"groups": [{"count": 2, "type": "created", "items": []}]}, "bio": ""}, {"id": "36784037", "photo": {"prefix": "https://igx.4sqi.net/img/user/", "suffix": "/36784037-VAAYSJKNNS5U3DAX.jpg"}, "homeCity": "\u26fa\ufe0f", "contact": {"facebook": "10202045904227529"}, "firstName": "\u041e\u043b\u044f", "tips": {"count": 0}, "gender": "female", "lists": {"groups": [{"count": 2, "type": "created", "items": []}]}, "bio": ""}, {"id": "51346425", "photo": {"prefix": "https://igx.4sqi.net/img/user/", "suffix": "/PRAYLXLZJAXMW0GL.jpg"}, "homeCity": "Moscow, 48", "contact": {"facebook": "1302837521"}, "firstName": "\u0420\u0443\u0441\u043b\u0430\u043d", "tips": {"count": 0}, "gender": "male", "lastName": "\u0417\u0438\u044f\u043d\u0433\u0438\u0440\u043e\u0432", "lists": {"groups": [{"count": 2, "type": "created", "items": []}]}, "bio": ""}, {"id": "18249245", "photo": {"prefix": "https://igx.4sqi.net/img/user/", "suffix": "/1CYCTZX3HC0BLA3H.jpg"}, "homeCity": "\u0420\u043e\u0441\u0441\u0438\u044f", "contact": {"facebook": "10206110664517457"}, "firstName": "Serge", "tips": {"count": 6}, "gender": "male", "lastName": "Korkin", "lists": {"groups": [{"count": 4, "type": "created", "items": []}]}, "bio": ""}, {"id": "24200439", "photo": {"prefix": "https://igx.4sqi.net/img/user/", "suffix": "/VJSPHTHA5HCZGUIS.jpg"}, "homeCity": "Moskva", "contact": {"facebook": "100000261538244"}, "firstName": "Sergey", "tips": {"count": 0}, "gender": "male", "lastName": "Mikhaylov", "lists": {"groups": [{"count": 2, "type": "created", "items": []}]}, "bio": ""}, {"id": "14327430", "photo": {"prefix": "https://igx.4sqi.net/img/user/", "suffix": "/14327430-Q500ABCFDMIVX3IT.jpg"}, "homeCity": "\u0433\u043e\u0440\u043e\u0434 \u041c\u043e\u0441\u043a\u0432\u0430, \u0420\u043e\u0441\u0441\u0438\u044f", "contact": {"facebook": "100000726730141", "twitter": "akmalkamolov"}, "firstName": "\u0410\u043a\u043c\u0430\u043b\u044c", "tips": {"count": 2}, "gender": "male", "lastName": "\u041a\u0430\u043c\u043e\u043b\u043e\u0432", "lists": {"groups": [{"count": 2, "type": "created", "items": []}]}, "bio": ""}, {"id": "24271732", "photo": {"prefix": "https://igx.4sqi.net/img/user/", "suffix": "/ZSMWYYT0EU1RDUWS.jpg"}, "homeCity": "Moskva", "contact": {"facebook": "835186869"}, "firstName": "Nadezda", "tips": {"count": 3}, "gender": "female", "lastName": "Novikova", "lists": {"groups": [{"count": 2, "type": "created", "items": []}]}, "bio": ""}, {"id": "14332320", "photo": {"prefix": "https://igx.4sqi.net/img/user/", "suffix": "/AD0PGXNCIYQW5N4V.jpg"}, "homeCity": "\u0433\u043e\u0440\u043e\u0434 \u041c\u043e\u0441\u043a\u0432\u0430, \u0420\u043e\u0441\u0441\u0438\u044f", "contact": {}, "firstName": "Alisa", "tips": {"count": 4}, "gender": "female", "lastName": "Timofeeva", "lists": {"groups": [{"count": 2, "type": "created", "items": []}]}, "bio": ""}, {"id": "24400401", "photo": {"prefix": "https://igx.4sqi.net/img/user/", "default": true, "suffix": "/blank_boy.png"}, "homeCity": "Moskva", "contact": {"facebook": "100000050150039"}, "firstName": "Anton", "tips": {"count": 0}, "gender": "male", "lastName": "Repin", "lists": {"groups": [{"count": 2, "type": "created", "items": []}]}, "bio": ""}, {"id": "27562706", "photo": {"prefix": "https://igx.4sqi.net/img/user/", "suffix": "/LGUD41UJEG1S1Y0U.jpg"}, "homeCity": "Moscow", "contact": {"facebook": "10152765077622950"}, "firstName": "Anna", "tips": {"count": 10}, "gender": "female", "lastName": "Pak", "lists": {"groups": [{"count": 2, "type": "created", "items": []}]}, "bio": ""}]}, "checksum": "81064f63d6ffdf18d41eb63601b2ba05fb2bc91d"}}