{"notifications": [{"type": "notificationTray", "item": {"unreadCount": 0}}], "response": {"friends": {"items": [{"tips": {"count": 6}, "contact": {"twitter": "syaheedasahak", "facebook": "808922995865230"}, "firstName": "Syaheeda", "gender": "female", "lastName": "Sahak", "id": "18544289", "bio": "kerja . kerja . ulang lagi kerja", "photo": {"prefix": "https://igx.4sqi.net/img/user/", "suffix": "/18544289-VLPTYV1QTGGNB21X.jpg"}, "homeCity": "Johor bahru", "lists": {"groups": [{"items": [], "count": 2, "type": "created"}]}}, {"tips": {"count": 1}, "contact": {"facebook": "657542986"}, "firstName": "Takezou", "gender": "male", "lastName": "Tsubame", "id": "10210821", "bio": "", "photo": {"prefix": "https://igx.4sqi.net/img/user/", "suffix": "/EE0XX5LVW4XFRZ5D.jpg"}, "homeCity": "New York, NY", "lists": {"groups": [{"items": [], "count": 2, "type": "created"}]}}, {"tips": {"count": 0}, "contact": {"twitter": "ninishasha", "facebook": "660217657"}, "firstName": "Nisha", "gender": "female", "lastName": "Ism", "id": "374105", "bio": "", "photo": {"prefix": "https://igx.4sqi.net/img/user/", "suffix": "/H4ADMITDOS04CVIX.jpg"}, "homeCity": "Singapore", "lists": {"groups": [{"items": [], "count": 2, "type": "created"}]}}, {"tips": {"count": 0}, "contact": {"facebook": "586871849"}, "firstName": "Qian", "gender": "female", "lastName": "Hui", "id": "7988137", "bio": "", "photo": {"prefix": "https://igx.4sqi.net/img/user/", "suffix": "/WDZKX4SJBHUGZQJF.jpg"}, "homeCity": "Singapore", "lists": {"groups": [{"items": [], "count": 2, "type": "created"}]}}, {"tips": {"count": 0}, "contact": {}, "firstName": "Taraku Cha Cha", "gender": "male", "lastName": "Elyos", "id": "16932410", "bio": "", "photo": {"prefix": "https://igx.4sqi.net/img/user/", "suffix": "/G4VHFJFZ215NPDZV.jpg"}, "homeCity": "Johor Bahru, Malaysia", "lists": {"groups": [{"items": [], "count": 2, "type": "created"}]}}, {"tips": {"count": 0}, "contact": {"facebook": "649443423"}, "firstName": "FeLy", "gender": "female", "lastName": "Lim", "id": "232082", "bio": "", "photo": {"prefix": "https://igx.4sqi.net/img/user/", "suffix": "/232082_k-l-XzAR_0dFmgBwcGF8mkXDL8WTqB9NKPZgbbnxiode65H_QcgVxDgtdDVFFlV2P6qXyLmy2.jpg"}, "homeCity": "Singapore", "lists": {"groups": [{"items": [], "count": 3, "type": "created"}]}}, {"tips": {"count": 0}, "contact": {"facebook": "572328557"}, "firstName": "Azura", "gender": "female", "lastName": "Teo", "id": "2834546", "bio": "", "photo": {"prefix": "https://igx.4sqi.net/img/user/", "suffix": "/NMDTG2KDN1DQCNL2.jpg"}, "homeCity": "Singapore", "lists": {"groups": [{"items": [], "count": 2, "type": "created"}]}}, {"tips": {"count": 2}, "contact": {}, "firstName": "Axl", "gender": "male", "lastName": "Rahman", "id": "13671496", "bio": "", "photo": {"prefix": "https://igx.4sqi.net/img/user/", "suffix": "/SQHXDNSI3342CISQ.jpg"}, "homeCity": "New York, NY", "lists": {"groups": [{"items": [], "count": 2, "type": "created"}]}}, {"tips": {"count": 0}, "contact": {"twitter": "xxtomatoo", "facebook": "100003119166602"}, "firstName": "Rachel", "gender": "female", "lastName": "Tay", "id": "73223166", "bio": "", "photo": {"prefix": "https://igx.4sqi.net/img/user/", "suffix": "/73223166-1XHY1O5AAFQ5PHQE.jpg"}, "homeCity": "Singapore", "lists": {"groups": [{"items": [], "count": 2, "type": "created"}]}}, {"tips": {"count": 0}, "contact": {}, "firstName": "Salma", "gender": "female", "lastName": "Blackman", "id": "80254783", "bio": "", "photo": {"prefix": "https://igx.4sqi.net/img/user/", "suffix": "/80254783-2PBVVKVSSVG0DX1L.jpg"}, "homeCity": "", "lists": {"groups": [{"items": [], "count": 2, "type": "created"}]}}, {"tips": {"count": 0}, "contact": {"twitter": "rosy_rozi", "facebook": "569556512"}, "firstName": "Rosy", "gender": "female", "lastName": "Rozi", "id": "4398889", "bio": "", "photo": {"prefix": "https://igx.4sqi.net/img/user/", "suffix": "/2DO5FCFS400HEYKQ.jpg"}, "homeCity": "New York, NY", "lists": {"groups": [{"items": [], "count": 2, "type": "created"}]}}, {"tips": {"count": 2}, "contact": {"twitter": "kieraroxanne"}, "firstName": "Kiera", "gender": "female", "lastName": "Roxanne", "id": "1629717", "bio": "", "photo": {"prefix": "https://igx.4sqi.net/img/user/", "suffix": "/ADTFTNURFNPPL5ZX.jpg"}, "homeCity": "Bukit Timah, Singapore", "lists": {"groups": [{"items": [], "count": 2, "type": "created"}]}}, {"tips": {"count": 2}, "contact": {}, "firstName": "Ann", "gender": "female", "lastName": "Kao", "id": "5522720", "bio": "", "photo": {"prefix": "https://igx.4sqi.net/img/user/", "suffix": "/PPP1HC3NBOKXLZV2.jpg"}, "homeCity": "Singapore", "lists": {"groups": [{"items": [], "count": 2, "type": "created"}]}}, {"tips": {"count": 1}, "contact": {"twitter": "vesparina", "facebook": "723824008"}, "firstName": "Nurulhuda", "gender": "female", "lastName": "Yousop", "id": "2102567", "bio": "", "photo": {"prefix": "https://igx.4sqi.net/img/user/", "suffix": "/RAZHORNYCKUOUUVA.jpg"}, "homeCity": "Singapore", "lists": {"groups": [{"items": [], "count": 2, "type": "created"}]}}, {"tips": {"count": 0}, "contact": {}, "firstName": "Helena", "gender": "female", "lastName": "Goddard", "id": "75656805", "bio": "Are you busy??", "photo": {"prefix": "https://igx.4sqi.net/img/user/", "suffix": "/75656805-0QBIO2DJ0XCREASR"}, "homeCity": "Paint Rock, AL", "lists": {"groups": [{"items": [], "count": 2, "type": "created"}]}}, {"tips": {"count": 0}, "contact": {}, "firstName": "Aurelia", "gender": "female", "lastName": "Feddersen", "id": "76118085", "bio": "", "photo": {"prefix": "https://igx.4sqi.net/img/user/", "suffix": "/76118085-PXPUVOLVMZENMJFD"}, "homeCity": "Unity, ME", "lists": {"groups": [{"items": [], "count": 2, "type": "created"}]}}, {"tips": {"count": 17}, "contact": {"twitter": "emirasookie"}, "firstName": "Imira", "gender": "female", "lastName": "Yanty", "id": "17292767", "bio": "", "photo": {"prefix": "https://igx.4sqi.net/img/user/", "suffix": "/17292767-D3ANUTDXR1LNXTY3.jpg"}, "homeCity": "Singapore", "lists": {"groups": [{"items": [], "count": 2, "type": "created"}]}}, {"tips": {"count": 0}, "contact": {"facebook": "1434456561"}, "firstName": "Siva", "gender": "male", "lastName": "Rajendren", "id": "57595019", "bio": "", "photo": {"prefix": "https://igx.4sqi.net/img/user/", "suffix": "/blank_boy.png", "default": true}, "homeCity": "Singapore, Singapore", "lists": {"groups": [{"items": [], "count": 2, "type": "created"}]}}, {"tips": {"count": 0}, "contact": {"twitter": "funkadeliks", "facebook": "550486924"}, "firstName": "Liz", "gender": "female", "id": "3656304", "bio": "", "photo": {"prefix": "https://igx.4sqi.net/img/user/", "suffix": "/WVTJ0AK502O3FMGJ.jpg"}, "homeCity": "Singapore", "lists": {"groups": [{"items": [], "count": 2, "type": "created"}]}}, {"tips": {"count": 0}, "contact": {"facebook": "1131533323"}, "firstName": "Jeff", "gender": "male", "lastName": "Capili", "id": "89122647", "bio": "Medical Technologist @ Innovative Diagnostics Pte Ltd. Singapore", "photo": {"prefix": "https://igx.4sqi.net/img/user/", "suffix": "/89122647-PX0N0B4VX22LLIPJ.jpg"}, "homeCity": "Singapore", "lists": {"groups": [{"items": [], "count": 2, "type": "created"}]}}, {"tips": {"count": 0}, "contact": {"facebook": "650679785"}, "firstName": "khairuddin", "gender": "male", "lastName": "ahmad", "id": "7570183", "bio": "", "photo": {"prefix": "https://igx.4sqi.net/img/user/", "suffix": "/blank_boy.png", "default": true}, "homeCity": "Singapore", "lists": {"groups": [{"items": [], "count": 2, "type": "created"}]}}, {"tips": {"count": 0}, "contact": {"twitter": "ffiee", "facebook": "780749270"}, "firstName": "Ffiee", "gender": "female", "id": "3145552", "bio": "", "photo": {"prefix": "https://igx.4sqi.net/img/user/", "suffix": "/LQ2RZGHW4ZBHYVMM.jpg"}, "homeCity": "Singapore", "lists": {"groups": [{"items": [], "count": 2, "type": "created"}]}}, {"tips": {"count": 1}, "contact": {"twitter": "whimsicalfeline", "facebook": "531773346"}, "firstName": "Wardah", "gender": "female", "lastName": "Rashid", "id": "6654210", "bio": "", "photo": {"prefix": "https://igx.4sqi.net/img/user/", "suffix": "/15H1143CWXITSO5D.jpg"}, "homeCity": "Singapore", "lists": {"groups": [{"items": [], "count": 2, "type": "created"}]}}, {"tips": {"count": 1}, "contact": {"facebook": "1597956203"}, "firstName": "naguib", "gender": "male", "lastName": "mohamed", "id": "30289817", "bio": "", "photo": {"prefix": "https://igx.4sqi.net/img/user/", "suffix": "/H0DOF42LGXERNFCA.jpg"}, "homeCity": "cairo", "lists": {"groups": [{"items": [], "count": 2, "type": "created"}]}}, {"tips": {"count": 0}, "contact": {"facebook": "694277534"}, "firstName": "Chang", "gender": "male", "lastName": "Jingkai", "id": "57166976", "bio": "", "photo": {"prefix": "https://igx.4sqi.net/img/user/", "suffix": "/blank_boy.png", "default": true}, "homeCity": "Rome, Italy", "lists": {"groups": [{"items": [], "count": 2, "type": "created"}]}}], "count": 25}, "checksum": "93d0c589e21cc0bc22a311c0fb045bce1544332a"}, "meta": {"requestId": "596625a11ed21919fb7340c3", "code": 200}}