{"notifications": [{"type": "notificationTray", "item": {"unreadCount": 0}}], "meta": {"requestId": "5966dc2cdd579712eb358c82", "code": 200}, "response": {"friends": {"count": 184, "items": [{"id": "11631828", "photo": {"prefix": "https://igx.4sqi.net/img/user/", "default": true, "suffix": "/blank_boy.png"}, "homeCity": "Singapore", "contact": {"facebook": "541704059"}, "firstName": "Marcus", "tips": {"count": 0}, "gender": "male", "lastName": "Puey", "lists": {"groups": [{"count": 2, "type": "created", "items": []}]}, "bio": ""}, {"id": "4629706", "photo": {"prefix": "https://igx.4sqi.net/img/user/", "suffix": "/AS5VTKJVFR1PPSPB.jpg"}, "homeCity": "Singapore", "contact": {"facebook": "1531114428"}, "firstName": "Adrian", "tips": {"count": 1}, "gender": "male", "lastName": "\u6210\u5104", "lists": {"groups": [{"count": 2, "type": "created", "items": []}]}, "bio": ""}, {"id": "7132569", "photo": {"prefix": "https://igx.4sqi.net/img/user/", "suffix": "/VXHUTE4AD321K3NQ.jpg"}, "homeCity": "Singapore", "contact": {"facebook": "1619738033", "twitter": "pride_l3rendan"}, "firstName": "Brendan", "tips": {"count": 0}, "gender": "male", "lastName": "Chia", "lists": {"groups": [{"count": 2, "type": "created", "items": []}]}, "bio": ""}, {"id": "11357964", "photo": {"prefix": "https://igx.4sqi.net/img/user/", "default": true, "suffix": "/blank_girl.png"}, "homeCity": "Singapore", "contact": {"facebook": "567074469"}, "firstName": "Vivian", "tips": {"count": 0}, "gender": "female", "lastName": "Wong", "lists": {"groups": [{"count": 2, "type": "created", "items": []}]}, "bio": ""}, {"id": "6560310", "photo": {"prefix": "https://igx.4sqi.net/img/user/", "suffix": "/135BSFNMKDMNQU4I.jpg"}, "homeCity": "New York, NY", "contact": {}, "firstName": "Fadhli", "tips": {"count": 0}, "gender": "male", "lastName": "Samsuri", "lists": {"groups": [{"count": 2, "type": "created", "items": []}]}, "bio": ""}, {"id": "1337358", "photo": {"prefix": "https://igx.4sqi.net/img/user/", "suffix": "/X0ECSY2QPLNM100I.jpg"}, "homeCity": "Singapore", "contact": {"facebook": "752789015"}, "firstName": "Vivi", "tips": {"count": 0}, "gender": "female", "lastName": "Feroz", "lists": {"groups": [{"count": 2, "type": "created", "items": []}]}, "bio": ""}, {"id": "4286221", "photo": {"prefix": "https://igx.4sqi.net/img/user/", "suffix": "/4CBG0V3EWINH40LT.jpg"}, "homeCity": "Singapore", "contact": {"facebook": "762569587"}, "firstName": "sohc", "tips": {"count": 70}, "gender": "male", "lastName": "76", "lists": {"groups": [{"count": 2, "type": "created", "items": []}]}, "bio": ""}, {"id": "1434851", "photo": {"prefix": "https://igx.4sqi.net/img/user/", "suffix": "/EVBZL4F2LA3VPJHK.jpg"}, "homeCity": "Changi, Singapore", "contact": {"facebook": "100002595175798", "twitter": "limxingwei"}, "firstName": "Brandon", "tips": {"count": 0}, "gender": "male", "lastName": "Lim", "lists": {"groups": [{"count": 2, "type": "created", "items": []}]}, "bio": ""}, {"id": "5439125", "photo": {"prefix": "https://igx.4sqi.net/img/user/", "suffix": "/1QUTVEI25WOQ5B0W.jpg"}, "homeCity": "Singapore", "contact": {"facebook": "560955387"}, "firstName": "Lester", "tips": {"count": 0}, "gender": "male", "lastName": "Armstrong", "lists": {"groups": [{"count": 2, "type": "created", "items": []}]}, "bio": ""}, {"id": "7897113", "photo": {"prefix": "https://igx.4sqi.net/img/user/", "suffix": "/MORXHXXFDXTGAANW.jpg"}, "homeCity": "Singapore", "contact": {}, "firstName": "Natalie", "tips": {"count": 0}, "gender": "female", "lastName": "Ng", "lists": {"groups": [{"count": 2, "type": "created", "items": []}]}, "bio": ""}, {"id": "5184758", "photo": {"prefix": "https://igx.4sqi.net/img/user/", "suffix": "/QIARATQABNQIJMAU.jpg"}, "homeCity": "New York, NY", "contact": {"facebook": "780760557", "twitter": "jumpingjasmin"}, "firstName": "Jasmin", "tips": {"count": 0}, "gender": "female", "lastName": "Koh", "lists": {"groups": [{"count": 2, "type": "created", "items": []}]}, "bio": ""}, {"id": "444504", "photo": {"prefix": "https://igx.4sqi.net/img/user/", "suffix": "/XAUM5RTMHBYMXA2C.jpg"}, "homeCity": "Singapore, SG", "contact": {"twitter": "fetishforshoes"}, "firstName": "Mabel", "tips": {"count": 0}, "gender": "female", "lastName": "Chin", "lists": {"groups": [{"count": 2, "type": "created", "items": []}]}, "bio": ""}, {"id": "4187673", "photo": {"prefix": "https://igx.4sqi.net/img/user/", "suffix": "/W2JELOVICXXMROMQ.jpg"}, "homeCity": "Singapore", "contact": {"facebook": "622363306"}, "firstName": "Lim", "tips": {"count": 0}, "gender": "male", "lastName": "Yongseng", "lists": {"groups": [{"count": 2, "type": "created", "items": []}]}, "bio": ""}, {"id": "330938", "photo": {"prefix": "https://igx.4sqi.net/img/user/", "suffix": "/330938-YOX0VSAH4RBU33OA.jpg"}, "homeCity": "Singapore", "contact": {"facebook": "884305612", "twitter": "_wkb"}, "firstName": "Kaibin", "tips": {"count": 6}, "gender": "male", "lastName": "Weng", "lists": {"groups": [{"count": 19, "type": "created", "items": []}]}, "bio": ""}, {"id": "11942710", "photo": {"prefix": "https://igx.4sqi.net/img/user/", "suffix": "/OHG10DL34RN3LDSF.jpg"}, "homeCity": "Singapore", "contact": {"facebook": "633283551", "twitter": "wendyandstitch"}, "firstName": "Wendy", "tips": {"count": 0}, "gender": "female", "lastName": "Lim", "lists": {"groups": [{"count": 2, "type": "created", "items": []}]}, "bio": ""}, {"id": "7560524", "photo": {"prefix": "https://igx.4sqi.net/img/user/", "suffix": "/A3XDNJ43ZDINSMMW.png"}, "homeCity": "", "contact": {"twitter": "950614"}, "firstName": "Xueqi", "tips": {"count": 1}, "gender": "female", "lists": {"groups": [{"count": 2, "type": "created", "items": []}]}, "bio": ""}, {"id": "1451431", "photo": {"prefix": "https://igx.4sqi.net/img/user/", "suffix": "/JYGNLL5XPDR5PRUM.jpg"}, "homeCity": "Singapore", "contact": {"twitter": "xoxojaelyn"}, "firstName": "Goh", "tips": {"count": 0}, "gender": "female", "lastName": "Jaelyn", "lists": {"groups": [{"count": 2, "type": "created", "items": []}]}, "bio": ""}, {"id": "2691832", "photo": {"prefix": "https://igx.4sqi.net/img/user/", "suffix": "/QZF2M5Z1FILTATN4.jpg"}, "homeCity": "Singapore", "contact": {"facebook": "689888564"}, "firstName": "Woon", "tips": {"count": 0}, "gender": "male", "lastName": "Yong Chuang", "lists": {"groups": [{"count": 2, "type": "created", "items": []}]}, "bio": ""}, {"id": "1491282", "photo": {"prefix": "https://igx.4sqi.net/img/user/", "suffix": "/OL0BQ4Z1IW4VK1DC.jpg"}, "homeCity": "Rochor, Singapore", "contact": {"facebook": "682719487"}, "firstName": "Yan", "tips": {"count": 0}, "gender": "female", "lastName": "Ting", "lists": {"groups": [{"count": 2, "type": "created", "items": []}]}, "bio": ""}, {"id": "14675071", "photo": {"prefix": "https://igx.4sqi.net/img/user/", "suffix": "/14675071-ZF51WBKYFD453QKI.jpg"}, "homeCity": "Singapore", "contact": {"facebook": "715489190", "twitter": "175cmz"}, "firstName": "Jovy", "tips": {"count": 1}, "gender": "female", "lastName": "Zhang Min", "lists": {"groups": [{"count": 2, "type": "created", "items": []}]}, "bio": ""}, {"id": "4848589", "photo": {"prefix": "https://igx.4sqi.net/img/user/", "suffix": "/41GUYIIMKYDWBVC0.jpg"}, "homeCity": "Singapore", "contact": {"facebook": "768033967", "twitter": "ivanmok1985"}, "firstName": "Ivan", "tips": {"count": 1}, "gender": "male", "lastName": "Mok", "lists": {"groups": [{"count": 2, "type": "created", "items": []}]}, "bio": ""}, {"id": "10108815", "photo": {"prefix": "https://igx.4sqi.net/img/user/", "suffix": "/DAZXLNOA20A3GN2G.jpg"}, "homeCity": "Singapore", "contact": {"facebook": "1590159979", "twitter": "ninjamean"}, "firstName": "Chiamin", "tips": {"count": 0}, "gender": "female", "lastName": "Ni", "lists": {"groups": [{"count": 3, "type": "created", "items": []}]}, "bio": ""}, {"id": "11422264", "photo": {"prefix": "https://igx.4sqi.net/img/user/", "suffix": "/NK3GSOX4FCP02P4Q.jpg"}, "homeCity": "Singapore", "contact": {"facebook": "689587423"}, "firstName": "Shah", "tips": {"count": 1}, "gender": "male", "lastName": "Knox", "lists": {"groups": [{"count": 2, "type": "created", "items": []}]}, "bio": ""}, {"id": "10751263", "photo": {"prefix": "https://igx.4sqi.net/img/user/", "suffix": "/NZHMWYIQN3FJO3JQ.jpg"}, "homeCity": "\ud83c\uddf8\ud83c\uddec \ud83c\udf5f", "contact": {"facebook": "564772894"}, "firstName": "Meng Jinn", "tips": {"count": 0}, "gender": "male", "lastName": "Chuah", "lists": {"groups": [{"count": 2, "type": "created", "items": []}]}, "bio": ""}, {"id": "10789030", "photo": {"prefix": "https://igx.4sqi.net/img/user/", "suffix": "/TXE4EZIYAC54VVQK.jpg"}, "homeCity": "Singapore", "contact": {"facebook": "1041448822"}, "firstName": "Gabriel", "tips": {"count": 0}, "gender": "male", "lastName": "Koh", "lists": {"groups": [{"count": 2, "type": "created", "items": []}]}, "bio": ""}, {"id": "13784656", "photo": {"prefix": "https://igx.4sqi.net/img/user/", "suffix": "/Z3BWSXA4JRP3EYKS.jpg"}, "homeCity": "Kuala Lumpur, Malaysia", "contact": {"facebook": "1048195458"}, "firstName": "Elaine", "tips": {"count": 0}, "gender": "female", "lastName": "Teo", "lists": {"groups": [{"count": 2, "type": "created", "items": []}]}, "bio": ""}, {"id": "5564380", "photo": {"prefix": "https://igx.4sqi.net/img/user/", "suffix": "/F4KT1VWUE1YWYZ23.jpg"}, "homeCity": "Singapore", "contact": {"facebook": "1612755041", "twitter": "justafckindream"}, "firstName": "Casey", "tips": {"count": 0}, "gender": "female", "lastName": "Jeow", "lists": {"groups": [{"count": 2, "type": "created", "items": []}]}, "bio": ""}, {"id": "13672894", "photo": {"prefix": "https://igx.4sqi.net/img/user/", "suffix": "/MVKGNQMV3XUMOYX0.jpg"}, "homeCity": "NY", "contact": {"facebook": "705760853", "twitter": "jwbojiobeliever"}, "firstName": "Junwei", "tips": {"count": 0}, "gender": "male", "lastName": "Bigboi", "lists": {"groups": [{"count": 2, "type": "created", "items": []}]}, "bio": ""}, {"id": "8228469", "photo": {"prefix": "https://igx.4sqi.net/img/user/", "suffix": "/LTLAIOMRCRGJQSQV.jpg"}, "homeCity": "Singapore", "contact": {"facebook": "539067695", "twitter": "fairyfelly"}, "firstName": "Felicia", "tips": {"count": 0}, "gender": "female", "lastName": "Lim", "lists": {"groups": [{"count": 2, "type": "created", "items": []}]}, "bio": ""}, {"id": "1235632", "photo": {"prefix": "https://igx.4sqi.net/img/user/", "suffix": "/52DMJZCFVONCKWBX.jpg"}, "homeCity": "Wolverhampton, West Midlands, UK", "contact": {"facebook": "1207243972", "twitter": "clandestinec"}, "firstName": "Cheryl", "tips": {"count": 4}, "gender": "female", "lastName": "Chong", "lists": {"groups": [{"count": 2, "type": "created", "items": []}]}, "bio": ""}, {"id": "5365341", "photo": {"prefix": "https://igx.4sqi.net/img/user/", "suffix": "/SKPHBTBP4TCH0XVI.jpg"}, "homeCity": "Singapore", "contact": {"facebook": "528532030", "twitter": "jonnyl3mon"}, "firstName": "Jonathan", "tips": {"count": 2}, "gender": "male", "lastName": "Lim", "lists": {"groups": [{"count": 2, "type": "created", "items": []}]}, "bio": ""}, {"id": "11941258", "photo": {"prefix": "https://igx.4sqi.net/img/user/", "suffix": "/CC4ETE1EW1GGWIVD.jpg"}, "homeCity": "Singapore", "contact": {"facebook": "585527428"}, "firstName": "Nur", "tips": {"count": 0}, "gender": "female", "lastName": "Haziqah", "lists": {"groups": [{"count": 2, "type": "created", "items": []}]}, "bio": ""}, {"id": "15389077", "photo": {"prefix": "https://igx.4sqi.net/img/user/", "suffix": "/ZFGHZ1OLDFYIXBLE.jpg"}, "homeCity": "Singapore", "contact": {"facebook": "1332844297"}, "firstName": "Addy", "tips": {"count": 0}, "gender": "male", "lists": {"groups": [{"count": 2, "type": "created", "items": []}]}, "bio": ""}, {"id": "1507344", "photo": {"prefix": "https://igx.4sqi.net/img/user/", "default": true, "suffix": "/blank_boy.png"}, "homeCity": "Singapore", "contact": {}, "firstName": "Donald", "tips": {"count": 0}, "gender": "male", "lastName": "Goh", "lists": {"groups": [{"count": 2, "type": "created", "items": []}]}, "bio": ""}, {"id": "3205971", "photo": {"prefix": "https://igx.4sqi.net/img/user/", "suffix": "/ACTN02Q4Y5CUGF5Y.jpg"}, "homeCity": "Singapore ", "contact": {"facebook": "523968190"}, "firstName": "Kelvin", "tips": {"count": 5}, "gender": "male", "lastName": "Ng", "lists": {"groups": [{"count": 2, "type": "created", "items": []}]}, "bio": ""}, {"id": "16196645", "photo": {"prefix": "https://igx.4sqi.net/img/user/", "suffix": "/WGCHCZQSH0GVZ0H0.jpg"}, "homeCity": "Singapore", "contact": {"facebook": "1087917911"}, "firstName": "Zaim", "tips": {"count": 0}, "gender": "male", "lastName": "McCoy", "lists": {"groups": [{"count": 2, "type": "created", "items": []}]}, "bio": ""}, {"id": "6303671", "photo": {"prefix": "https://igx.4sqi.net/img/user/", "suffix": "/SMOWLMCEZFPBUVD0.jpg"}, "homeCity": "Singapore", "contact": {"facebook": "565345100", "twitter": "hfbi_tqn"}, "firstName": "Husni", "tips": {"count": 0}, "gender": "male", "lastName": "Falah", "lists": {"groups": [{"count": 2, "type": "created", "items": []}]}, "bio": ""}, {"id": "11788162", "photo": {"prefix": "https://igx.4sqi.net/img/user/", "suffix": "/EWLR2YLUZJB5TLSE.jpg"}, "homeCity": "Unnamed Location", "contact": {"facebook": "1572818391"}, "firstName": "Guiying", "tips": {"count": 0}, "gender": "female", "lastName": "Jiayous", "lists": {"groups": [{"count": 2, "type": "created", "items": []}]}, "bio": ""}, {"id": "13076588", "photo": {"prefix": "https://igx.4sqi.net/img/user/", "suffix": "/L5YXKTUXQRSTZ5FP.jpg"}, "homeCity": "Singapore", "contact": {"facebook": "1314289873", "twitter": "jacqthirteen"}, "firstName": "J\u25b2CQUELINE", "tips": {"count": 1}, "gender": "female", "lastName": "\u2661\u221e", "lists": {"groups": [{"count": 3, "type": "created", "items": []}]}, "bio": ""}, {"id": "12217528", "photo": {"prefix": "https://igx.4sqi.net/img/user/", "suffix": "/ZCUHFEDO2YEANNMA.jpg"}, "homeCity": "Singapore", "contact": {"facebook": "606877781", "twitter": "spatialrend"}, "firstName": "Haikal", "tips": {"count": 2}, "gender": "male", "lastName": "Ismail", "lists": {"groups": [{"count": 2, "type": "created", "items": []}]}, "bio": ""}, {"id": "6106174", "photo": {"prefix": "https://igx.4sqi.net/img/user/", "suffix": "/P2NBWVBENAD2AEOA.jpg"}, "homeCity": "Singapore", "contact": {"facebook": "647174120"}, "firstName": "Kevin", "tips": {"count": 0}, "gender": "male", "lastName": "Ng", "lists": {"groups": [{"count": 2, "type": "created", "items": []}]}, "bio": ""}, {"id": "14768401", "photo": {"prefix": "https://igx.4sqi.net/img/user/", "suffix": "/SUBSJLOOYLEJXCH3.jpg"}, "homeCity": "Singapore", "contact": {"facebook": "1414480591"}, "firstName": "Keith", "tips": {"count": 1}, "gender": "male", "lastName": "LovehisEyebrows", "lists": {"groups": [{"count": 2, "type": "created", "items": []}]}, "bio": ""}, {"id": "1237617", "photo": {"prefix": "https://irs0.4sqi.net/img/user/", "suffix": "/YZNWEHVHRIUDEBY4.jpg"}, "homeCity": "Macpherson, Singapore", "contact": {"facebook": "620682838", "twitter": "moejoeeeee"}, "firstName": "Joseph", "tips": {"count": 3}, "gender": "male", "lastName": "Lim", "lists": {"groups": [{"count": 3, "type": "created", "items": []}]}, "bio": ""}, {"id": "5933968", "photo": {"prefix": "https://igx.4sqi.net/img/user/", "suffix": "/PPMAJDQBZXYJFSG4.jpg"}, "homeCity": "Indonesia", "contact": {"facebook": "1800286893", "twitter": "aprilliauno"}, "firstName": "aprillia", "tips": {"count": 5}, "gender": "female", "lastName": "uno sanjaya", "lists": {"groups": [{"count": 2, "type": "created", "items": []}]}, "bio": ""}, {"id": "15391312", "photo": {"prefix": "https://igx.4sqi.net/img/user/", "default": true, "suffix": "/blank_boy.png"}, "homeCity": "Singapore", "contact": {}, "firstName": "Eugene", "tips": {"count": 0}, "gender": "male", "lastName": "Chng", "lists": {"groups": [{"count": 2, "type": "created", "items": []}]}, "bio": ""}, {"id": "2058768", "photo": {"prefix": "https://igx.4sqi.net/img/user/", "suffix": "/OLA1LYAXSEWKDSDK.jpg"}, "homeCity": "Orchard, Singapore", "contact": {"facebook": "625788564"}, "firstName": "Juan Juan", "tips": {"count": 5}, "gender": "female", "lastName": "Chua", "lists": {"groups": [{"count": 2, "type": "created", "items": []}]}, "bio": ""}, {"id": "4605800", "photo": {"prefix": "https://igx.4sqi.net/img/user/", "suffix": "/R0JB2B52EABOFPHV.jpg"}, "homeCity": "Singapore", "contact": {"facebook": "586753491", "twitter": "jmeelie"}, "firstName": "Jamie", "tips": {"count": 0}, "gender": "female", "lastName": "Lie", "lists": {"groups": [{"count": 2, "type": "created", "items": []}]}, "bio": ""}, {"id": "10024927", "photo": {"prefix": "https://igx.4sqi.net/img/user/", "suffix": "/0BFVKRPZZIUP5T5O.jpg"}, "homeCity": "Singapore", "contact": {"facebook": "805698327", "twitter": "zyleon"}, "firstName": "Kevin", "tips": {"count": 0}, "gender": "male", "lastName": "Ng", "lists": {"groups": [{"count": 2, "type": "created", "items": []}]}, "bio": ""}, {"id": "15745023", "photo": {"prefix": "https://igx.4sqi.net/img/user/", "default": true, "suffix": "/blank_boy.png"}, "homeCity": "Maip\u00fa, Chile", "contact": {}, "firstName": "Nicolas", "tips": {"count": 1}, "gender": "male", "lastName": "Vasquez", "lists": {"groups": [{"count": 2, "type": "created", "items": []}]}, "bio": ""}, {"id": "16447265", "photo": {"prefix": "https://igx.4sqi.net/img/user/", "suffix": "/P1CDLDD0ER1UZR2Q.jpg"}, "homeCity": "Singapore", "contact": {"facebook": "1072414595", "twitter": "dzulhaikal"}, "firstName": "Dzul", "tips": {"count": 0}, "gender": "male", "lastName": "Haikal", "lists": {"groups": [{"count": 2, "type": "created", "items": []}]}, "bio": ""}, {"id": "13117283", "photo": {"prefix": "https://igx.4sqi.net/img/user/", "default": true, "suffix": "/blank_girl.png"}, "homeCity": "New York, NY", "contact": {"facebook": "100002630854908"}, "firstName": "Michelle", "tips": {"count": 2}, "gender": "female", "lastName": "Koh", "lists": {"groups": [{"count": 2, "type": "created", "items": []}]}, "bio": ""}, {"id": "6108896", "photo": {"prefix": "https://igx.4sqi.net/img/user/", "suffix": "/S4CO5D5LTWL3RP4R.jpg"}, "homeCity": "Singapore", "contact": {"facebook": "775878112", "twitter": "ianyhow"}, "firstName": "Colin", "tips": {"count": 2}, "gender": "male", "lastName": "Chang", "lists": {"groups": [{"count": 2, "type": "created", "items": []}]}, "bio": ""}, {"id": "2892765", "photo": {"prefix": "https://igx.4sqi.net/img/user/", "suffix": "/3P212130CWKYAF01.jpg"}, "homeCity": "Singapore", "contact": {"facebook": "730053476"}, "firstName": "Syah", "tips": {"count": 0}, "gender": "male", "lastName": "Nizam", "lists": {"groups": [{"count": 2, "type": "created", "items": []}]}, "bio": ""}, {"id": "9599399", "photo": {"prefix": "https://igx.4sqi.net/img/user/", "default": true, "suffix": "/blank_boy.png"}, "homeCity": "New York, NY", "contact": {"facebook": "739569526"}, "firstName": "Jia", "tips": {"count": 0}, "gender": "none", "lastName": "Hui", "lists": {"groups": [{"count": 2, "type": "created", "items": []}]}, "bio": ""}, {"id": "2575253", "photo": {"prefix": "https://igx.4sqi.net/img/user/", "suffix": "/444ASAEOLRNPWOLI.jpg"}, "homeCity": "Singapore", "contact": {"twitter": "yaoaudrey"}, "firstName": "Audrey", "tips": {"count": 0}, "gender": "female", "lastName": "Yao", "lists": {"groups": [{"count": 2, "type": "created", "items": []}]}, "bio": ""}, {"id": "6388058", "photo": {"prefix": "https://igx.4sqi.net/img/user/", "suffix": "/B0HORVFN5YPMIM1B.jpg"}, "homeCity": "Singapore", "contact": {"facebook": "1281844108"}, "firstName": "Albert", "tips": {"count": 5}, "gender": "male", "lastName": "Koh", "lists": {"groups": [{"count": 2, "type": "created", "items": []}]}, "bio": ""}, {"id": "12419034", "photo": {"prefix": "https://igx.4sqi.net/img/user/", "suffix": "/1A1EBCS3SNMNX2GQ.jpg"}, "homeCity": "Singapore", "contact": {"facebook": "1597306035", "twitter": "sharonlmy"}, "firstName": "Sharon", "tips": {"count": 0}, "gender": "female", "lastName": "Lee", "lists": {"groups": [{"count": 2, "type": "created", "items": []}]}, "bio": ""}, {"id": "17427894", "photo": {"prefix": "https://igx.4sqi.net/img/user/", "suffix": "/PDFLIGCRQAHZK2PL.jpg"}, "homeCity": "Singapore", "contact": {}, "firstName": "Ziheng", "tips": {"count": 0}, "gender": "male", "lastName": "Poynter", "lists": {"groups": [{"count": 2, "type": "created", "items": []}]}, "bio": ""}, {"id": "14034335", "photo": {"prefix": "https://igx.4sqi.net/img/user/", "suffix": "/AG2TOVNGN3YH2325.jpg"}, "homeCity": "Singapore", "contact": {"facebook": "644324288", "twitter": "kimmyboboy"}, "firstName": "Akhim", "tips": {"count": 1}, "gender": "male", "lastName": "Khirashid", "lists": {"groups": [{"count": 2, "type": "created", "items": []}]}, "bio": ""}, {"id": "4517242", "photo": {"prefix": "https://igx.4sqi.net/img/user/", "suffix": "/4517242-SRMKB0E11RQOAF4C.jpg"}, "homeCity": "Singapore", "contact": {"facebook": "1206848568", "twitter": "marilynssf_"}, "firstName": "Marilyn", "tips": {"count": 0}, "gender": "none", "lastName": "Sim", "lists": {"groups": [{"count": 2, "type": "created", "items": []}]}, "bio": ""}, {"id": "14797470", "photo": {"prefix": "https://igx.4sqi.net/img/user/", "suffix": "/LRWV3OQ410KTSVCO.jpg"}, "homeCity": "NY", "contact": {"facebook": "1107052536"}, "firstName": "Caryn", "tips": {"count": 0}, "gender": "female", "lastName": "Yuen", "lists": {"groups": [{"count": 2, "type": "created", "items": []}]}, "bio": ""}, {"id": "3100684", "photo": {"prefix": "https://igx.4sqi.net/img/user/", "suffix": "/10QFPRPWOZMCNI1B.jpg"}, "homeCity": "Singapore", "contact": {"twitter": "madelinelisbeth"}, "firstName": "madeline", "tips": {"count": 1}, "gender": "female", "lastName": "lisbeth", "lists": {"groups": [{"count": 2, "type": "created", "items": []}]}, "bio": ""}, {"id": "8693197", "photo": {"prefix": "https://igx.4sqi.net/img/user/", "suffix": "/4VI1MY2YHWYJAMQY.jpg"}, "homeCity": "Johor Bahru, Malaysia", "contact": {"facebook": "622639471", "twitter": "skorbestari"}, "firstName": "Lee", "tips": {"count": 16}, "gender": "male", "lastName": "Wee Lim", "lists": {"groups": [{"count": 2, "type": "created", "items": []}]}, "bio": ""}, {"id": "12544088", "photo": {"prefix": "https://igx.4sqi.net/img/user/", "suffix": "/JB0SIZDMIYETAYJ1.jpg"}, "homeCity": "Singapore", "contact": {"facebook": "1651714950"}, "firstName": "Nicole", "tips": {"count": 0}, "gender": "female", "lastName": "Lai", "lists": {"groups": [{"count": 2, "type": "created", "items": []}]}, "bio": ""}, {"id": "18200743", "photo": {"prefix": "https://igx.4sqi.net/img/user/", "suffix": "/AFVPQ5JH3H14ZWDC.jpg"}, "homeCity": "Singapore", "contact": {"facebook": "651828789"}, "firstName": "Tania", "tips": {"count": 1}, "gender": "female", "lastName": "Luvpinkribbon", "lists": {"groups": [{"count": 2, "type": "created", "items": []}]}, "bio": ""}, {"id": "5253754", "photo": {"prefix": "https://igx.4sqi.net/img/user/", "suffix": "/4C434WJCIYFYZ1LL.jpg"}, "homeCity": "Singapore", "contact": {"facebook": "746787891"}, "firstName": "AKey", "tips": {"count": 2}, "gender": "male", "lastName": "MasTa", "lists": {"groups": [{"count": 2, "type": "created", "items": []}]}, "bio": ""}, {"id": "3221153", "photo": {"prefix": "https://igx.4sqi.net/img/user/", "suffix": "/SV1UG5NFT55OSKDS.jpg"}, "homeCity": "Singapore", "contact": {"facebook": "1231233973", "twitter": "synstermafia"}, "firstName": "Muhammad Faiz", "tips": {"count": 0}, "gender": "male", "lastName": "Abdul Kadir", "lists": {"groups": [{"count": 2, "type": "created", "items": []}]}, "bio": ""}, {"id": "8743577", "photo": {"prefix": "https://igx.4sqi.net/img/user/", "suffix": "/13IK5ZC5FBGCPLTI.jpg"}, "homeCity": "NY", "contact": {"facebook": "730108382", "twitter": "djohnchin"}, "firstName": "Desmond John", "tips": {"count": 6}, "gender": "male", "lastName": "Chin", "lists": {"groups": [{"count": 2, "type": "created", "items": []}]}, "bio": ""}, {"id": "12731561", "photo": {"prefix": "https://igx.4sqi.net/img/user/", "suffix": "/I1GLOKOSEV3RZLUA.jpg"}, "homeCity": "\u9752\u5c9b\u5e02, \u4e2d\u56fd", "contact": {"facebook": "685830260", "twitter": "annagong8942"}, "firstName": "Anna", "tips": {"count": 1}, "gender": "female", "lastName": "Gong", "lists": {"groups": [{"count": 4, "type": "created", "items": []}]}, "bio": ""}, {"id": "18262840", "photo": {"prefix": "https://igx.4sqi.net/img/user/", "suffix": "/M2A4EKOVDAVQNSV3.jpg"}, "homeCity": "NY", "contact": {"facebook": "1540957132"}, "firstName": "Gladys", "tips": {"count": 0}, "gender": "female", "lastName": "Poh", "lists": {"groups": [{"count": 2, "type": "created", "items": []}]}, "bio": ""}, {"id": "14276935", "photo": {"prefix": "https://igx.4sqi.net/img/user/", "suffix": "/Z2JCEYCXB3JVWDGP.jpg"}, "homeCity": "Pare, Indonesia", "contact": {"facebook": "1478936217"}, "firstName": "Arianto", "tips": {"count": 5}, "gender": "male", "lastName": "Mulya", "lists": {"groups": [{"count": 2, "type": "created", "items": []}]}, "bio": ""}, {"id": "3485401", "photo": {"prefix": "https://igx.4sqi.net/img/user/", "default": true, "suffix": "/blank_boy.png"}, "homeCity": "Singapore", "contact": {"facebook": "564343933"}, "firstName": "Akram", "tips": {"count": 0}, "gender": "male", "lastName": "Acerias", "lists": {"groups": [{"count": 2, "type": "created", "items": []}]}, "bio": ""}, {"id": "10954874", "photo": {"prefix": "https://igx.4sqi.net/img/user/", "suffix": "/X2U0ROX3CERX4EKH.jpg"}, "homeCity": "Singapore", "contact": {"facebook": "705845616"}, "firstName": "Sean", "tips": {"count": 0}, "gender": "male", "lastName": "Foo", "lists": {"groups": [{"count": 2, "type": "created", "items": []}]}, "bio": ""}, {"id": "15697049", "photo": {"prefix": "https://igx.4sqi.net/img/user/", "default": true, "suffix": "/blank_girl.png"}, "homeCity": "Singapore", "contact": {"facebook": "550413482"}, "firstName": "Catherine", "tips": {"count": 0}, "gender": "female", "lastName": "Ong", "lists": {"groups": [{"count": 2, "type": "created", "items": []}]}, "bio": ""}, {"id": "3493034", "photo": {"prefix": "https://igx.4sqi.net/img/user/", "suffix": "/HWVTNRVALGD0HX2H.jpg"}, "homeCity": "Singapore", "contact": {}, "firstName": "\u01a3\u03af\u01b2\u03b9\u03af\u0274\u0122", "tips": {"count": 7}, "gender": "female", "lastName": "\u25d5\u203f\u25d5\u24db\u24de\u24e5\u24d4\u2765", "lists": {"groups": [{"count": 15, "type": "created", "items": []}]}, "bio": ""}, {"id": "16008670", "photo": {"prefix": "https://igx.4sqi.net/img/user/", "suffix": "/0ZJ1I3M5CVSD4IWR.jpg"}, "homeCity": "Singapore", "contact": {}, "firstName": "Joyce", "tips": {"count": 1}, "gender": "female", "lists": {"groups": [{"count": 2, "type": "created", "items": []}]}, "bio": ""}, {"id": "4161670", "photo": {"prefix": "https://igx.4sqi.net/img/user/", "suffix": "/PARC2LRVBINIRZ5B.jpg"}, "homeCity": "Singapore", "contact": {"facebook": "594411908", "twitter": "artisticsenses"}, "firstName": "Swee Hong", "tips": {"count": 0}, "gender": "male", "lastName": "Ko", "lists": {"groups": [{"count": 2, "type": "created", "items": []}]}, "bio": ""}, {"id": "4742710", "photo": {"prefix": "https://igx.4sqi.net/img/user/", "suffix": "/HTIYFZNN1PK3Z0ZK.jpg"}, "homeCity": "CA", "contact": {"facebook": "1439107225"}, "firstName": "Jessie", "tips": {"count": 0}, "gender": "female", "lastName": "Bates", "lists": {"groups": [{"count": 2, "type": "created", "items": []}]}, "bio": ""}, {"id": "5341105", "photo": {"prefix": "https://igx.4sqi.net/img/user/", "default": true, "suffix": "/blank_boy.png"}, "homeCity": "Singapore", "contact": {"facebook": "743913094"}, "firstName": "Kevin", "tips": {"count": 1}, "gender": "male", "lastName": "Lim", "lists": {"groups": [{"count": 2, "type": "created", "items": []}]}, "bio": ""}, {"id": "5739828", "photo": {"prefix": "https://igx.4sqi.net/img/user/", "suffix": "/02GQPWIUVSS3QK3P.jpg"}, "homeCity": "Singapore", "contact": {"facebook": "100000030285323", "twitter": "kongxianlong"}, "firstName": "Kong", "tips": {"count": 0}, "gender": "male", "lastName": "Xianlong", "lists": {"groups": [{"count": 2, "type": "created", "items": []}]}, "bio": ""}, {"id": "5962570", "photo": {"prefix": "https://igx.4sqi.net/img/user/", "suffix": "/CDF22ZKWIMIRVRBH.jpg"}, "homeCity": "Singapore", "contact": {"facebook": "1574784451", "twitter": "beviewee"}, "firstName": "Bevie", "tips": {"count": 0}, "gender": "female", "lastName": "Wee", "lists": {"groups": [{"count": 2, "type": "created", "items": []}]}, "bio": ""}, {"id": "6366962", "photo": {"prefix": "https://igx.4sqi.net/img/user/", "suffix": "/LJWYVTOMKF032OST.jpg"}, "homeCity": "Singapore", "contact": {"facebook": "745995040"}, "firstName": "Cornelyus", "tips": {"count": 2}, "gender": "male", "lastName": "Ng", "lists": {"groups": [{"count": 2, "type": "created", "items": []}]}, "bio": ""}, {"id": "8867699", "photo": {"prefix": "https://igx.4sqi.net/img/user/", "suffix": "/YWNWDTVBQVNMDYLA.jpg"}, "homeCity": "Singapore", "contact": {"facebook": "664697134", "twitter": "skautumn"}, "firstName": "Skylar", "tips": {"count": 0}, "gender": "male", "lastName": "Khoe", "lists": {"groups": [{"count": 2, "type": "created", "items": []}]}, "bio": ""}, {"id": "10913283", "photo": {"prefix": "https://igx.4sqi.net/img/user/", "suffix": "/IF1DSO1BUD5JXKKA.jpg"}, "homeCity": "Singapore", "contact": {"facebook": "1519921945", "twitter": "lavinz"}, "firstName": "Lavinz", "tips": {"count": 8}, "gender": "female", "lastName": "Corneliz", "lists": {"groups": [{"count": 2, "type": "created", "items": []}]}, "bio": "\uc2e0\ud654\ucc3d\uc870\u273fOrange Princess"}]}, "checksum": "ddaa2cb17de9c60b8bdda3eae95aedc54bd8de92"}}