{"notifications": [{"type": "notificationTray", "item": {"unreadCount": 0}}], "response": {"friends": {"items": [{"tips": {"count": 10}, "contact": {"twitter": "onlynoah", "facebook": "622374660"}, "firstName": "Noah", "gender": "male", "lastName": "Yap", "id": "4551308", "bio": "", "photo": {"prefix": "https://igx.4sqi.net/img/user/", "suffix": "/SK0DJOABMAI3Z4HG.jpg"}, "homeCity": "Singapore", "lists": {"groups": [{"items": [], "count": 2, "type": "created"}]}}, {"tips": {"count": 2}, "contact": {"facebook": "739269412"}, "firstName": "Syakir", "gender": "male", "lastName": "Drizzy", "id": "4528904", "bio": "", "photo": {"prefix": "https://igx.4sqi.net/img/user/", "suffix": "/W3IHRF21LHKY5JUH.jpg"}, "homeCity": "Singapore", "lists": {"groups": [{"items": [], "count": 2, "type": "created"}]}}, {"tips": {"count": 0}, "contact": {"twitter": "sookyeeang", "facebook": "100000881193955"}, "firstName": "Sookyee", "gender": "female", "lastName": "Ang", "id": "3517148", "bio": "", "photo": {"prefix": "https://igx.4sqi.net/img/user/", "suffix": "/UW1CITXB5IMRX03D.jpg"}, "homeCity": "Singapore", "lists": {"groups": [{"items": [], "count": 2, "type": "created"}]}}, {"tips": {"count": 0}, "contact": {"twitter": "kangelavender", "facebook": "572292412"}, "firstName": "Angela", "gender": "female", "lastName": "Kang", "id": "6626722", "bio": "", "photo": {"prefix": "https://igx.4sqi.net/img/user/", "suffix": "/5ZNIBBFNJRSFQUPD.jpg"}, "homeCity": "Singapore ", "lists": {"groups": [{"items": [], "count": 2, "type": "created"}]}}, {"tips": {"count": 3}, "contact": {"twitter": "sevennjuly", "facebook": "1567390791"}, "firstName": "Candice", "gender": "female", "lastName": "Tan", "id": "7608544", "bio": "", "photo": {"prefix": "https://igx.4sqi.net/img/user/", "suffix": "/7608544_TgOjfpR2_9BD6yHsmiN9rpRdv8r9Y0mce5RHXM0E03gSZM9eAb4PFa6ep43kJD96CphWfieGM.jpg"}, "homeCity": "Singapore", "lists": {"groups": [{"items": [], "count": 2, "type": "created"}]}}, {"tips": {"count": 0}, "contact": {"twitter": "tingtingpanda", "facebook": "524899081"}, "firstName": "-ahTING", "gender": "female", "lastName": "\u5a77", "id": "4567711", "bio": "\u2764\ufe0f Instagram @TingTingPanda\nFriend list full.", "photo": {"prefix": "https://igx.4sqi.net/img/user/", "suffix": "/VCDRVPWJ51QPB25R.jpg"}, "homeCity": "Singapore", "lists": {"groups": [{"items": [], "count": 2, "type": "created"}]}}, {"tips": {"count": 0}, "contact": {}, "firstName": "Huiyee", "gender": "female", "id": "5475508", "bio": "Sweet.", "photo": {"prefix": "https://igx.4sqi.net/img/user/", "suffix": "/RMYSSY02OKOFBYOZ.jpg"}, "homeCity": "Singapore", "lists": {"groups": [{"items": [], "count": 2, "type": "created"}]}}, {"tips": {"count": 8}, "contact": {"twitter": "n0ellebarton", "facebook": "600602434"}, "firstName": "n0ellebarton", "gender": "female", "id": "1803461", "bio": "", "photo": {"prefix": "https://igx.4sqi.net/img/user/", "suffix": "/UIQDBZK05SMTEJ1N.jpg"}, "homeCity": "Singapore", "lists": {"groups": [{"items": [], "count": 2, "type": "created"}]}}, {"tips": {"count": 2}, "contact": {"twitter": "claraylz", "facebook": "10203541889372281"}, "firstName": "Clara", "gender": "female", "lastName": "Yeo", "id": "11203992", "bio": "1993", "photo": {"prefix": "https://igx.4sqi.net/img/user/", "suffix": "/11203992-3TXY5IULPAPEN5P2.jpg"}, "homeCity": "Singapore", "lists": {"groups": [{"items": [], "count": 2, "type": "created"}]}}, {"tips": {"count": 2}, "contact": {"twitter": "downloadajc", "facebook": "753254686"}, "firstName": "Ang", "gender": "male", "lastName": "Jincai", "id": "3620745", "bio": "", "photo": {"prefix": "https://igx.4sqi.net/img/user/", "suffix": "/R5MS5DTROTL0I0K0.jpg"}, "homeCity": "Singapore", "lists": {"groups": [{"items": [], "count": 2, "type": "created"}]}}, {"tips": {"count": 3}, "contact": {"twitter": "hafiizhm", "facebook": "1102654826"}, "firstName": "Hafiizh \ud83d\udc6e", "gender": "male", "lastName": "Humphrey", "id": "1746069", "bio": "", "photo": {"prefix": "https://igx.4sqi.net/img/user/", "suffix": "/1746069-QMJPIALXQHWKJMS2.jpg"}, "homeCity": "Singapore", "lists": {"groups": [{"items": [], "count": 2, "type": "created"}]}}, {"tips": {"count": 0}, "contact": {}, "firstName": "Justiinn", "gender": "male", "lastName": "Ohmygod", "id": "9124552", "bio": "", "photo": {"prefix": "https://igx.4sqi.net/img/user/", "suffix": "/KVB5AJOSSFMWSGCB.jpg"}, "homeCity": "Singapore", "lists": {"groups": [{"items": [], "count": 2, "type": "created"}]}}, {"tips": {"count": 1}, "contact": {"twitter": "jisellepoh"}, "firstName": "Jiselle", "gender": "female", "lastName": "Poh", "id": "2951827", "bio": "", "photo": {"prefix": "https://igx.4sqi.net/img/user/", "suffix": "/2LS4FOUTWV5F4VLA.jpg"}, "homeCity": "Singapore", "lists": {"groups": [{"items": [], "count": 2, "type": "created"}]}}, {"tips": {"count": 0}, "contact": {"twitter": "weijia_88"}, "firstName": "WeiJia", "gender": "male", "lastName": "XiaoJia", "id": "717588", "bio": "", "photo": {"prefix": "https://igx.4sqi.net/img/user/", "suffix": "/WU2K2JGHV2CBLWO0.jpg"}, "homeCity": "Seoul, korea", "lists": {"groups": [{"items": [], "count": 2, "type": "created"}]}}, {"tips": {"count": 2}, "contact": {"twitter": "ryzal_s", "facebook": "1011240232"}, "firstName": "Ryzal", "gender": "male", "lastName": "Ridha", "id": "2169011", "bio": "", "photo": {"prefix": "https://igx.4sqi.net/img/user/", "suffix": "/WV1RGTFXAEZWRT0Z.jpg"}, "homeCity": "Singapore", "lists": {"groups": [{"items": [], "count": 2, "type": "created"}]}}, {"tips": {"count": 21}, "contact": {"twitter": "momozbq", "facebook": "556052889"}, "firstName": "\u2661ZbQ's MoMo\u2661", "gender": "female", "id": "2507843", "bio": "", "photo": {"prefix": "https://igx.4sqi.net/img/user/", "suffix": "/2507843-C2KO0CXM45QTF4QK.jpg"}, "homeCity": "Singapore", "lists": {"groups": [{"items": [], "count": 2, "type": "created"}]}}, {"tips": {"count": 0}, "contact": {"twitter": "solitaryride", "facebook": "1555146297"}, "firstName": "Joyce", "gender": "female", "lastName": "Kaylee", "id": "11299754", "bio": "@solitaryride", "photo": {"prefix": "https://igx.4sqi.net/img/user/", "suffix": "/QXUTV3VXRRFUG5QT.jpg"}, "homeCity": "Singapore", "lists": {"groups": [{"items": [], "count": 2, "type": "created"}]}}, {"tips": {"count": 1}, "contact": {"facebook": "546389066"}, "firstName": "Andres", "gender": "none", "lastName": "Santiago Velasco", "id": "1090616", "bio": "", "photo": {"prefix": "https://igx.4sqi.net/img/user/", "suffix": "/VTJ0TMKXU1OANZKG.jpg"}, "homeCity": "Singapore", "lists": {"groups": [{"items": [], "count": 2, "type": "created"}]}}, {"tips": {"count": 3}, "contact": {"twitter": "artteasingart", "facebook": "655042844"}, "firstName": "Art", "gender": "female", "lastName": "TeasingArt", "id": "4848719", "bio": "", "photo": {"prefix": "https://igx.4sqi.net/img/user/", "suffix": "/JJJ24IW0R3ZF2VFU.jpg"}, "homeCity": "Singapore", "lists": {"groups": [{"items": [], "count": 3, "type": "created"}]}}, {"tips": {"count": 0}, "contact": {"facebook": "575913882"}, "firstName": "Aloysius", "gender": "male", "lastName": "Ax", "id": "6726546", "bio": "", "photo": {"prefix": "https://igx.4sqi.net/img/user/", "suffix": "/ZGRGZ5S0JY1SZ0L4.jpg"}, "homeCity": "Singapore", "lists": {"groups": [{"items": [], "count": 2, "type": "created"}]}}, {"tips": {"count": 0}, "contact": {"twitter": "hombass"}, "firstName": "Hom", "gender": "male", "lastName": "Bass", "id": "10778436", "bio": "", "photo": {"prefix": "https://igx.4sqi.net/img/user/", "suffix": "/EONXUK3GGIJ4XVRO.png"}, "homeCity": "TriBeCa, NY", "lists": {"groups": [{"items": [], "count": 2, "type": "created"}]}}, {"tips": {"count": 1}, "contact": {"twitter": "junjieeeeee"}, "firstName": "JUNJiE", "gender": "male", "lastName": "L.", "id": "5508599", "bio": "", "photo": {"prefix": "https://igx.4sqi.net/img/user/", "suffix": "/OF2E0T5KVDKFMULB.jpg"}, "homeCity": "Singapore", "lists": {"groups": [{"items": [], "count": 2, "type": "created"}]}}, {"tips": {"count": 0}, "contact": {}, "firstName": "cynthia", "gender": "female", "lastName": "angelina", "id": "2463302", "bio": "", "photo": {"prefix": "https://igx.4sqi.net/img/user/", "suffix": "/FJ5FNHNFCI4B42RR.jpg"}, "homeCity": "Singapore", "lists": {"groups": [{"items": [], "count": 2, "type": "created"}]}}, {"tips": {"count": 0}, "contact": {"facebook": "654944035"}, "firstName": "Irfan", "gender": "male", "lastName": "Mashnoon", "id": "11507466", "bio": "", "photo": {"prefix": "https://igx.4sqi.net/img/user/", "suffix": "/MZJZ1CAUV0FMEVKY.jpg"}, "homeCity": "Singapore", "lists": {"groups": [{"items": [], "count": 2, "type": "created"}]}}, {"tips": {"count": 0}, "contact": {"twitter": "crapbx"}, "firstName": "Sand\u044fa", "gender": "female", "lastName": "\u221e", "id": "5246256", "bio": "Que Sera Sera ;", "photo": {"prefix": "https://igx.4sqi.net/img/user/", "suffix": "/5246256-YTQJBTFNEJLSGVIK.jpg"}, "homeCity": "Singapore", "lists": {"groups": [{"items": [], "count": 2, "type": "created"}]}}, {"tips": {"count": 25}, "contact": {}, "firstName": "IHWS\u2655", "gender": "female", "id": "3473583", "bio": "", "photo": {"prefix": "https://igx.4sqi.net/img/user/", "suffix": "/3473583-VPJ4GRMVMG3QVCRV.jpg"}, "homeCity": "Singapore", "lists": {"groups": [{"items": [], "count": 2, "type": "created"}]}}, {"tips": {"count": 8}, "contact": {"twitter": "deadhammiie", "facebook": "681779997"}, "firstName": "\uae40\uc7ac\uc601", "gender": "female", "id": "4209919", "bio": "", "photo": {"prefix": "https://igx.4sqi.net/img/user/", "suffix": "/4209919-CJ04ZCXHF23QC0MY.jpg"}, "homeCity": "Seoul", "lists": {"groups": [{"items": [], "count": 2, "type": "created"}]}}, {"tips": {"count": 1}, "contact": {"twitter": "ominyio", "facebook": "649898491"}, "firstName": "Minyi", "gender": "female", "lastName": "Lee", "id": "3080898", "bio": "", "photo": {"prefix": "https://igx.4sqi.net/img/user/", "suffix": "/3080898-TIED1OONCZLZEIVA.jpg"}, "homeCity": "Singapore", "lists": {"groups": [{"items": [], "count": 2, "type": "created"}]}}, {"tips": {"count": 0}, "contact": {"twitter": "jesslynodelia"}, "firstName": "Jesslyn", "gender": "female", "lastName": "Odelia", "id": "2762085", "bio": "", "photo": {"prefix": "https://igx.4sqi.net/img/user/", "suffix": "/2762085-0X4L2TEDS444ABJ1.jpg"}, "homeCity": "", "lists": {"groups": [{"items": [], "count": 2, "type": "created"}]}}, {"tips": {"count": 0}, "contact": {}, "firstName": "Jen", "gender": "female", "lastName": "Jen", "id": "11359627", "bio": "", "photo": {"prefix": "https://igx.4sqi.net/img/user/", "suffix": "/2IPAPH1LR2EPIQIS.jpg"}, "homeCity": "Singapore", "lists": {"groups": [{"items": [], "count": 2, "type": "created"}]}}, {"tips": {"count": 1}, "contact": {}, "firstName": "SHAO", "gender": "female", "lastName": "MIN", "id": "6246849", "bio": "", "photo": {"prefix": "https://igx.4sqi.net/img/user/", "suffix": "/32C3EQZSDK10K1KM.jpg"}, "homeCity": "Singapore", "lists": {"groups": [{"items": [], "count": 2, "type": "created"}]}}, {"tips": {"count": 2}, "contact": {"twitter": "hoppingunicorn"}, "firstName": "XueYin", "gender": "female", "lastName": "Awesome", "id": "6743868", "bio": "", "photo": {"prefix": "https://igx.4sqi.net/img/user/", "suffix": "/A2QOZRCTZAULWVZ0.jpg"}, "homeCity": "Singapore", "lists": {"groups": [{"items": [], "count": 2, "type": "created"}]}}, {"tips": {"count": 0}, "contact": {"twitter": "charlotteyqh", "facebook": "100002117743704"}, "firstName": "Qianhui", "gender": "female", "id": "5665309", "bio": "", "photo": {"prefix": "https://igx.4sqi.net/img/user/", "suffix": "/5665309-KCWRUY3VXCB0YDDM.jpg"}, "homeCity": "Singapore", "lists": {"groups": [{"items": [], "count": 2, "type": "created"}]}}, {"tips": {"count": 2}, "contact": {"twitter": "djtok", "facebook": "519495226"}, "firstName": "DJ Daniel", "gender": "male", "lastName": "Tok", "id": "2465157", "bio": "", "photo": {"prefix": "https://igx.4sqi.net/img/user/", "suffix": "/XBBOX4OJTY2RMMEN.jpg"}, "homeCity": "Singapore", "lists": {"groups": [{"items": [], "count": 2, "type": "created"}]}}, {"tips": {"count": 0}, "contact": {"facebook": "1139781831"}, "firstName": "Minghui", "gender": "female", "lastName": "Aik", "id": "5327535", "bio": "", "photo": {"prefix": "https://igx.4sqi.net/img/user/", "suffix": "/Y2MAWAAPWCANQND4.jpg"}, "homeCity": "Singapore", "lists": {"groups": [{"items": [], "count": 2, "type": "created"}]}}, {"tips": {"count": 6}, "contact": {"twitter": "lynalexz", "facebook": "100002171596982"}, "firstName": "Lyna", "gender": "female", "lastName": "Tan", "id": "4096529", "bio": "\u201cDon't let the words of others stop you. \u00a0Have a quiet confidence, faith, and belief that you can conquer whatever life may bring you.\u201d", "photo": {"prefix": "https://igx.4sqi.net/img/user/", "suffix": "/4096529-SJG0KATAGKUM1IRK.jpg"}, "homeCity": "Singapore", "lists": {"groups": [{"items": [], "count": 2, "type": "created"}]}}, {"tips": {"count": 2}, "contact": {"twitter": "xinnnnni"}, "firstName": "Xinni", "gender": "female", "lastName": "\uc2e0 \ub2c8", "id": "3830739", "bio": "", "photo": {"prefix": "https://igx.4sqi.net/img/user/", "suffix": "/JL4PGURQCPXA5UKX.jpg"}, "homeCity": "Singapore", "lists": {"groups": [{"items": [], "count": 2, "type": "created"}]}}, {"tips": {"count": 60}, "contact": {"twitter": "pupsroom"}, "firstName": "\u2729 \u0442ony \u0455. \u2729", "gender": "male", "id": "3205634", "bio": "", "photo": {"prefix": "https://igx.4sqi.net/img/user/", "suffix": "/3205634-1XBGM3GQEGTIFGPY.jpg"}, "homeCity": "Sydney, Australia", "lists": {"groups": [{"items": [], "count": 2, "type": "created"}]}}, {"tips": {"count": 8}, "contact": {"twitter": "joanneyqy", "facebook": "100000115641097"}, "firstName": "Joanne", "gender": "female", "lastName": "Yaw", "id": "13205887", "bio": "", "photo": {"prefix": "https://igx.4sqi.net/img/user/", "suffix": "/13205887-RQ5QJ31SBMRFHTFH.jpg"}, "homeCity": "Singapore", "lists": {"groups": [{"items": [], "count": 2, "type": "created"}]}}, {"tips": {"count": 0}, "contact": {}, "firstName": "Stella", "gender": "female", "lastName": "Mascara", "id": "6318849", "bio": "", "photo": {"prefix": "https://igx.4sqi.net/img/user/", "suffix": "/6318849-VYGV3IUSBMQXZHOV.jpg"}, "homeCity": "Singapore", "lists": {"groups": [{"items": [], "count": 2, "type": "created"}]}}, {"tips": {"count": 0}, "contact": {"twitter": "emilyydance", "facebook": "10153411386800590"}, "firstName": "Emily", "gender": "female", "lastName": "Tan", "id": "7166216", "bio": "", "photo": {"prefix": "https://igx.4sqi.net/img/user/", "suffix": "/7166216-VKEAJ3Q4IFUUBZAE.jpg"}, "homeCity": "Singapore", "lists": {"groups": [{"items": [], "count": 2, "type": "created"}]}}, {"tips": {"count": 8}, "contact": {"twitter": "shikslx", "facebook": "1568284429"}, "firstName": "Shi", "gender": "female", "lastName": "\ud83e\udd84", "id": "6103343", "bio": "", "photo": {"prefix": "https://igx.4sqi.net/img/user/", "suffix": "/6103343_NmKJzNar_Eg9tCjIwPRQHEzlyBZOHdK5lKCzpVtY0j4yccMHn3wBcAsiVhaQK10EkMuRzac2p.jpg"}, "homeCity": "Singapore", "lists": {"groups": [{"items": [], "count": 2, "type": "created"}]}}, {"tips": {"count": 1}, "contact": {"twitter": "genevieveeeeee_", "facebook": "100003694857489"}, "firstName": "Genevieve\ud83c\udf53", "gender": "female", "id": "2624766", "bio": "", "photo": {"prefix": "https://igx.4sqi.net/img/user/", "suffix": "/FHTBS4FH0IADB51R.jpg"}, "homeCity": "Singapore", "lists": {"groups": [{"items": [], "count": 2, "type": "created"}]}}, {"tips": {"count": 0}, "contact": {"twitter": "chantalng", "facebook": "1440194577"}, "firstName": "Chantal", "gender": "female", "lastName": "Ng", "id": "9566360", "bio": "", "photo": {"prefix": "https://igx.4sqi.net/img/user/", "suffix": "/24AFP0FIJAJAHBXA.jpg"}, "homeCity": "Singapore", "lists": {"groups": [{"items": [], "count": 2, "type": "created"}]}}, {"tips": {"count": 5}, "contact": {"twitter": "ahjima"}, "firstName": "Anggie", "gender": "female", "lastName": "Ho", "id": "4117526", "bio": "", "photo": {"prefix": "https://igx.4sqi.net/img/user/", "suffix": "/K1VTSCCPKX5C45DU.jpg"}, "homeCity": "Singapore , hougang", "lists": {"groups": [{"items": [], "count": 2, "type": "created"}]}}, {"tips": {"count": 13}, "contact": {}, "firstName": "Melissa", "gender": "female", "lastName": "Feng", "id": "3308775", "bio": "", "photo": {"prefix": "https://igx.4sqi.net/img/user/", "suffix": "/GLZ1LHFH5FVZR1OH.jpg"}, "homeCity": "Singapore", "lists": {"groups": [{"items": [], "count": 2, "type": "created"}]}}, {"tips": {"count": 3}, "contact": {}, "firstName": "Cassandra", "gender": "female", "lastName": "Lee", "id": "6319042", "bio": "", "photo": {"prefix": "https://igx.4sqi.net/img/user/", "suffix": "/K3BQCPL2J2S2Y3WC.jpg"}, "homeCity": "Singapore", "lists": {"groups": [{"items": [], "count": 2, "type": "created"}]}}, {"tips": {"count": 0}, "contact": {"facebook": "781628053"}, "firstName": "Handsome", "gender": "male", "lastName": "LCK", "id": "11820497", "bio": "", "photo": {"prefix": "https://igx.4sqi.net/img/user/", "suffix": "/DFBKYUEOMGOIPXEK.jpg"}, "homeCity": "Singapore", "lists": {"groups": [{"items": [], "count": 2, "type": "created"}]}}, {"tips": {"count": 3}, "contact": {}, "firstName": "Farah", "gender": "female", "lastName": "Heiress", "id": "6110444", "bio": "", "photo": {"prefix": "https://igx.4sqi.net/img/user/", "suffix": "/15QMEWSPCHZ0WHXI.jpg"}, "homeCity": "Singapore", "lists": {"groups": [{"items": [], "count": 2, "type": "created"}]}}, {"tips": {"count": 4}, "contact": {"twitter": "xiiaomei", "facebook": "645161157"}, "firstName": "Xiaomei", "gender": "female", "lastName": "Michelle", "id": "4532136", "bio": "", "photo": {"prefix": "https://igx.4sqi.net/img/user/", "suffix": "/4532136-RWRF2H515ITF3AEP.jpg"}, "homeCity": "Singapore", "lists": {"groups": [{"items": [], "count": 2, "type": "created"}]}}, {"tips": {"count": 0}, "contact": {"twitter": "aeslzxc", "facebook": "10202610113448578"}, "firstName": "Alicia", "gender": "female", "lastName": "\u2744\ufe0f", "id": "13059538", "bio": "@aeslzxc", "photo": {"prefix": "https://igx.4sqi.net/img/user/", "suffix": "/13059538-QN3ZWBNV2FNKYDJJ.jpg"}, "homeCity": "Seng Kang", "lists": {"groups": [{"items": [], "count": 2, "type": "created"}]}}, {"tips": {"count": 29}, "contact": {}, "firstName": "Nique", "gender": "female", "id": "5011243", "bio": "", "photo": {"prefix": "https://igx.4sqi.net/img/user/", "suffix": "/U4KM5VLAJX15DQWR.jpg"}, "homeCity": "Singapore", "lists": {"groups": [{"items": [], "count": 2, "type": "created"}]}}, {"tips": {"count": 2}, "contact": {"facebook": "1584806143"}, "firstName": "jax", "gender": "male", "lastName": "wolf", "id": "3316034", "bio": "", "photo": {"prefix": "https://igx.4sqi.net/img/user/", "suffix": "/WQ35BHUTBDK1R2XQ.jpg"}, "homeCity": "Singapore", "lists": {"groups": [{"items": [], "count": 2, "type": "created"}]}}, {"tips": {"count": 1}, "contact": {"twitter": "mabellwy", "facebook": "901283083269737"}, "firstName": "mabel", "gender": "female", "lastName": "\u4f1f\u83b9", "id": "12812328", "bio": "searching for happiness \ud83d\udc9e", "photo": {"prefix": "https://igx.4sqi.net/img/user/", "suffix": "/12812328_VZaUyOFP_B8ma4aPv_fnZ4U1PQZzYLFn_dirI9IyOr1q31FtVoZfxvOB2hpXW8Mv2idkQDDO0.jpg"}, "homeCity": "Singapore", "lists": {"groups": [{"items": [], "count": 2, "type": "created"}]}}, {"tips": {"count": 7}, "contact": {"twitter": "cjunwoon", "facebook": "749678054"}, "firstName": "Chong Jun Weng", "gender": "male", "lastName": "Joshua", "id": "7534471", "bio": "Not a dreamer,  but a doer.", "photo": {"prefix": "https://igx.4sqi.net/img/user/", "suffix": "/7534471-SXJQUIDCGGV3E52Z.jpg"}, "homeCity": "Singapore", "lists": {"groups": [{"items": [], "count": 4, "type": "created"}]}}, {"tips": {"count": 0}, "contact": {}, "firstName": "William", "gender": "male", "id": "5313020", "bio": "", "photo": {"prefix": "https://igx.4sqi.net/img/user/", "suffix": "/PJ1ZJHYSJWJEEIXV.jpg"}, "homeCity": "Singapore", "lists": {"groups": [{"items": [], "count": 2, "type": "created"}]}}, {"tips": {"count": 2}, "contact": {"twitter": "lovelybravery", "facebook": "680039193"}, "firstName": "Serena", "gender": "female", "lastName": "Quay", "id": "6019561", "bio": "", "photo": {"prefix": "https://igx.4sqi.net/img/user/", "suffix": "/A5PXSJQTPQLESH1D.jpg"}, "homeCity": "Singapore", "lists": {"groups": [{"items": [], "count": 2, "type": "created"}]}}, {"tips": {"count": 0}, "contact": {"twitter": "bryanhihi", "facebook": "645798238"}, "firstName": "Bryan", "gender": "male", "lastName": "Thia", "id": "3321602", "bio": "", "photo": {"prefix": "https://igx.4sqi.net/img/user/", "suffix": "/ABTA5RGRLKHIPG5I.jpg"}, "homeCity": "Singapore", "lists": {"groups": [{"items": [], "count": 2, "type": "created"}]}}, {"tips": {"count": 0}, "contact": {"twitter": "scarredharts", "facebook": "10153611016966112"}, "firstName": "Angeliapsj", "gender": "female", "id": "8138264", "bio": "", "photo": {"prefix": "https://igx.4sqi.net/img/user/", "suffix": "/8138264-HSIGAG03VMB0O2KO.jpg"}, "homeCity": "Singapore", "lists": {"groups": [{"items": [], "count": 2, "type": "created"}]}}, {"tips": {"count": 0}, "contact": {"facebook": "1392602909"}, "firstName": "Nicole", "gender": "female", "lastName": "Kock", "id": "10818545", "bio": "", "photo": {"prefix": "https://igx.4sqi.net/img/user/", "suffix": "/TTHF2UE32YEXW4X2.jpg"}, "homeCity": "Singapore", "lists": {"groups": [{"items": [], "count": 2, "type": "created"}]}}, {"tips": {"count": 2}, "contact": {"facebook": "100001012663779"}, "firstName": "Puaytiang.", "gender": "female", "id": "8823422", "bio": "", "photo": {"prefix": "https://igx.4sqi.net/img/user/", "suffix": "/4UWPGOKIG0SFGC5I.jpg"}, "homeCity": "Singapore", "lists": {"groups": [{"items": [], "count": 2, "type": "created"}]}}, {"tips": {"count": 0}, "contact": {"twitter": "sofeasalvador", "facebook": "10204222985639781"}, "firstName": "Sofea Salvadoraihne", "gender": "female", "lastName": "Rosalles", "id": "3432736", "bio": "", "photo": {"prefix": "https://igx.4sqi.net/img/user/", "suffix": "/LEST0IQV0XGP5KX4.jpg"}, "homeCity": "Manhattan, New York", "lists": {"groups": [{"items": [], "count": 2, "type": "created"}]}}, {"tips": {"count": 3}, "contact": {"facebook": "100000201429576"}, "firstName": "Iu", "gender": "male", "lastName": "Ben", "id": "13529540", "bio": "", "photo": {"prefix": "https://igx.4sqi.net/img/user/", "suffix": "/SAZWQPZFDLIMGJ0P.jpg"}, "homeCity": "Singapore", "lists": {"groups": [{"items": [], "count": 2, "type": "created"}]}}, {"tips": {"count": 0}, "contact": {"twitter": "ginniekew", "facebook": "786968374"}, "firstName": "Ginnie", "gender": "female", "lastName": "Kew", "id": "3726173", "bio": "", "photo": {"prefix": "https://igx.4sqi.net/img/user/", "suffix": "/2YKUW4MRVPL0F0HR.jpg"}, "homeCity": "Hougang", "lists": {"groups": [{"items": [], "count": 2, "type": "created"}]}}, {"tips": {"count": 1}, "contact": {"twitter": "chasingdistance", "facebook": "548317163"}, "firstName": "Evangeline", "gender": "female", "lastName": "Irwin", "id": "3962296", "bio": "", "photo": {"prefix": "https://igx.4sqi.net/img/user/", "suffix": "/3962296-QQ4RW01F05JTVV4J.jpg"}, "homeCity": "Singapore", "lists": {"groups": [{"items": [], "count": 2, "type": "created"}]}}, {"tips": {"count": 4}, "contact": {}, "firstName": "Fionn", "gender": "female", "lastName": "Bidou", "id": "3965750", "bio": "", "photo": {"prefix": "https://igx.4sqi.net/img/user/", "suffix": "/QLTVAWXWT1KPDOGK.jpg"}, "homeCity": "Singapore", "lists": {"groups": [{"items": [], "count": 2, "type": "created"}]}}, {"tips": {"count": 0}, "contact": {"twitter": "mikuchikubaluku"}, "firstName": "ZEBELLESEAN", "gender": "female", "lastName": "CHANEL", "id": "3973614", "bio": "", "photo": {"prefix": "https://igx.4sqi.net/img/user/", "suffix": "/PVRPO40C1NL25CM1.jpg"}, "homeCity": "Singapore", "lists": {"groups": [{"items": [], "count": 2, "type": "created"}]}}, {"tips": {"count": 2}, "contact": {"twitter": "debbyluwie"}, "firstName": "Debbie", "gender": "female", "lastName": "looi", "id": "4494128", "bio": "", "photo": {"prefix": "https://igx.4sqi.net/img/user/", "suffix": "/4494128-X2UPCMBJ1Z3AXAFQ.jpg"}, "homeCity": "Singapore", "lists": {"groups": [{"items": [], "count": 2, "type": "created"}]}}, {"tips": {"count": 31}, "contact": {"twitter": "ms_leanne", "facebook": "664351097"}, "firstName": "Leanne", "gender": "female", "lastName": "Tan", "id": "4499259", "bio": "", "photo": {"prefix": "https://igx.4sqi.net/img/user/", "suffix": "/PF5ZUNUAG5NUT41X.jpg"}, "homeCity": "Singapore", "lists": {"groups": [{"items": [], "count": 2, "type": "created"}]}}, {"tips": {"count": 1}, "contact": {"twitter": "7asmineeee", "facebook": "1489993179"}, "firstName": "JASmine", "gender": "female", "lastName": "Tan", "id": "5299979", "bio": "", "photo": {"prefix": "https://igx.4sqi.net/img/user/", "suffix": "/4NMGIFIR35YARJL4.jpg"}, "homeCity": "Singapore", "lists": {"groups": [{"items": [], "count": 2, "type": "created"}]}}, {"tips": {"count": 0}, "contact": {"twitter": "chnllaaa", "facebook": "623719231"}, "firstName": "Joan", "gender": "female", "lastName": "Koh", "id": "5875142", "bio": "", "photo": {"prefix": "https://igx.4sqi.net/img/user/", "suffix": "/NEZAWS3FCI3FAA3R.jpg"}, "homeCity": "Singapore", "lists": {"groups": [{"items": [], "count": 2, "type": "created"}]}}, {"tips": {"count": 25}, "contact": {"twitter": "supremesebas"}, "firstName": "SupremeSebas", "gender": "male", "id": "6051581", "bio": "", "photo": {"prefix": "https://igx.4sqi.net/img/user/", "suffix": "/6051581-5KJTENDM0X23SUYI.jpg"}, "homeCity": "Pasir Ris, Singapore", "lists": {"groups": [{"items": [], "count": 2, "type": "created"}]}}, {"tips": {"count": 0}, "contact": {"twitter": "khaihaziq", "facebook": "715398540"}, "firstName": "KhairulHaziq", "gender": "male", "lastName": "Kadri", "id": "6542410", "bio": "", "photo": {"prefix": "https://igx.4sqi.net/img/user/", "suffix": "/CISPMHRUBQASE44N.jpg"}, "homeCity": "Singapore", "lists": {"groups": [{"items": [], "count": 2, "type": "created"}]}}, {"tips": {"count": 1}, "contact": {"facebook": "100000979128427"}, "firstName": "Shumei", "gender": "female", "lastName": "\ue328", "id": "8683703", "bio": "", "photo": {"prefix": "https://igx.4sqi.net/img/user/", "suffix": "/BO1PZZ4Y4L4IOV4G.jpg"}, "homeCity": "Singapore", "lists": {"groups": [{"items": [], "count": 2, "type": "created"}]}}], "count": 74}, "checksum": "c78c731c06730d1243c74dca4f41a15eeb3c5b9a"}, "meta": {"requestId": "59662f7d4c1f67701de7f144", "code": 200}}