{"notifications": [{"type": "notificationTray", "item": {"unreadCount": 0}}], "meta": {"requestId": "5966fb5f1ed21962ef5e5a4f", "code": 200}, "response": {"friends": {"count": 13, "items": [{"id": "7161059", "photo": {"prefix": "https://igx.4sqi.net/img/user/", "suffix": "/0OLC025UJNQ51TLD.jpg"}, "homeCity": "\u85e4\u6ca2\u5e02, \u65e5\u672c", "contact": {}, "firstName": "Dave", "tips": {"count": 6}, "superuser": 2, "gender": "male", "lastName": "H.", "lists": {"groups": [{"count": 2, "type": "created", "items": []}]}, "bio": ""}, {"id": "6550586", "photo": {"prefix": "https://igx.4sqi.net/img/user/", "suffix": "/NKMM5YWTZNP52T5A.jpg"}, "homeCity": "\u76f8\u6a21\u539f\u5e02, \u65e5\u672c", "contact": {"facebook": "100001969060340", "twitter": "takao_szk"}, "firstName": "Takao", "tips": {"count": 48}, "superuser": 6, "gender": "male", "lastName": "Suzuki", "lists": {"groups": [{"count": 9, "type": "created", "items": []}]}, "bio": "\u30e9\u30a4\u30d5\u30ed\u30b0\u3068\u3057\u3066\u3001\u904a\u3073\u3060\u3051\u3067\u306a\u304f\u901a\u52e4\u3084\u98df\u4e8b\u306a\u3069\u306e\u5834\u6240\u306b\u30c1\u30a7\u30c3\u30af\u30a4\u30f3\u3057\u3066\u3044\u307e\u3059\u3002\r\n\u30d7\u30e9\u30a4\u30d0\u30b7\u30fc\u4fdd\u8b77\u306e\u305f\u3081\u3001\u57fa\u672c\u7684\u306b\u304a\u53cb\u9054\u306f\u77e5\u308a\u5408\u3044\u3060\u3051\u306b\u9650\u3089\u305b\u3066\u3044\u305f\u3060\u3044\u3066\u304a\u308a\u307e\u3059\u3002\r\n\u30b2\u30fc\u30e0\u306e\u30eb\u30fc\u30eb\u3092\u5b88\u3063\u30664sq\u3092\u697d\u3057\u307f\u307e\u3057\u3087\u3046\u3002(SU2)"}, {"id": "256689", "photo": {"prefix": "https://igx.4sqi.net/img/user/", "suffix": "/Y5JXYNNIBZIJGRTK.jpg"}, "homeCity": "\u54c1\u5ddd\u533a, \u6771\u4eac\u90fd", "contact": {"facebook": "1797318016", "twitter": "shonsym"}, "firstName": "Shoichi", "tips": {"count": 91}, "gender": "male", "lastName": "Nishiyama", "lists": {"groups": [{"count": 2, "type": "created", "items": []}]}, "bio": ""}, {"id": "2277088", "photo": {"prefix": "https://igx.4sqi.net/img/user/", "suffix": "/2277088-DLG10SYXUDAEAE33.jpg"}, "homeCity": "Singapore, mostly", "contact": {}, "firstName": "Celine", "tips": {"count": 83}, "gender": "female", "lastName": "A", "lists": {"groups": [{"count": 35, "type": "created", "items": []}]}, "bio": "Foodie traveller. Sustainability journalist.\nwww.asril.net"}, {"id": "9732045", "photo": {"prefix": "https://igx.4sqi.net/img/user/", "suffix": "/DC3HT53V4E40LYKL.jpg"}, "homeCity": "\u6771\u4eac\u90fd, \u65e5\u672c", "contact": {"facebook": "100000795638867", "twitter": "kio1star"}, "firstName": "Kio", "tips": {"count": 1}, "gender": "male", "lastName": "Yoneda", "lists": {"groups": [{"count": 2, "type": "created", "items": []}]}, "bio": ""}, {"id": "9597544", "photo": {"prefix": "https://igx.4sqi.net/img/user/", "suffix": "/9597544-2VGEOYR3QMQC0VAN"}, "homeCity": "Tokyo - Yokohama - Hakata", "contact": {}, "firstName": "BLANC", "tips": {"count": 0}, "gender": "male", "lists": {"groups": [{"count": 109, "type": "created", "items": []}]}, "bio": "2015\u5e743\u670831\u65e5\u3092\u3082\u3061\u307e\u3057\u3066\u3001\u3053\u306e\u30a2\u30ab\u30a6\u30f3\u30c8\u3067\u306e\u5168\u3066\u306e\u6d3b\u52d5\u3092\u4f11\u6b62\u81f4\u3057\u307e\u3057\u305f\u3002\r\n\u7d044\u5e74\u5f31\u306e\u77ed\u3044\u9593\u3067\u3057\u305f\u304c\u3001\u7686\u69d8\u8272\u3005\u3068\u3042\u308a\u304c\u3068\u3046\u3054\u3056\u3044\u307e\u3057\u305f\u3002\u7279\u306b\u76f4\u63a5\u4f1a\u3063\u3066\u4ea4\u6d41\u3092\u6df1\u3081\u3066\u3044\u305f\u3060\u3044\u305f\u65b9\u3005\u306b\u306f\u3068\u3066\u3082\u611f\u8b1d\u3057\u3066\u304a\u308a\u307e\u3059\u3002\r\n\u307e\u305f\u3069\u3053\u304b\u3067\u304a\u4f1a\u3044\u3057\u307e\u3057\u3087\u3046\uff01\u3055\u3088\u3046\u306a\u3089\u3002\r\n(201105-201503)"}, {"id": "9305283", "photo": {"prefix": "https://igx.4sqi.net/img/user/", "suffix": "/WHMMXLXKGL1VBTPM.jpg"}, "homeCity": "\u54c1\u5ddd\u533a, \u65e5\u672c", "contact": {"facebook": "100001715515270", "twitter": "haruchildren"}, "firstName": "Harumi", "tips": {"count": 4}, "gender": "female", "lastName": "Tommy", "lists": {"groups": [{"count": 2, "type": "created", "items": []}]}, "bio": ""}, {"id": "13628579", "photo": {"prefix": "https://igx.4sqi.net/img/user/", "suffix": "/XD1NCX12YB5QUYX3.png"}, "homeCity": "\u6749\u4e26\u533a, \u65e5\u672c", "contact": {}, "firstName": "kurumipapa", "tips": {"count": 109}, "gender": "male", "lists": {"groups": [{"count": 9, "type": "created", "items": []}]}, "bio": ""}, {"id": "20576142", "photo": {"prefix": "https://igx.4sqi.net/img/user/", "suffix": "/ZQGPTSY2O0BJF1KB.jpg"}, "homeCity": "Tokyo", "contact": {"facebook": "100000843388521"}, "firstName": "Yasutake", "tips": {"count": 0}, "gender": "male", "lastName": "Kamisawa", "lists": {"groups": [{"count": 2, "type": "created", "items": []}]}, "bio": ""}, {"id": "12277052", "photo": {"prefix": "https://igx.4sqi.net/img/user/", "suffix": "/12277052-AEUJ3SIVZ1ZZV34R.jpg"}, "homeCity": "\u54c1\u5ddd\u533a, \u65e5\u672c", "contact": {"facebook": "100002019417958", "twitter": "tomiatsu"}, "firstName": "Atsushi", "tips": {"count": 2}, "gender": "male", "lists": {"groups": [{"count": 2, "type": "created", "items": []}]}, "bio": ""}, {"id": "7417030", "photo": {"prefix": "https://igx.4sqi.net/img/user/", "suffix": "/-SCK2RMGU2HPCFOK3.jpg"}, "homeCity": "\u6771\u4eac\u90fd, \u65e5\u672c", "contact": {"facebook": "100001626690553", "twitter": "sleepyfaun"}, "firstName": "Shuhei", "tips": {"count": 8}, "gender": "male", "lastName": "Arita (Sleepyfaun)", "lists": {"groups": [{"count": 2, "type": "created", "items": []}]}, "bio": ""}, {"id": "17381436", "photo": {"prefix": "https://igx.4sqi.net/img/user/", "suffix": "/DGQNDBWXY5WK04QM.jpg"}, "homeCity": "\u54c1\u5ddd\u533a, \u65e5\u672c", "contact": {"facebook": "1314875713", "twitter": "n_fara"}, "firstName": "T.NAKAHARA", "tips": {"count": 7}, "gender": "male", "lists": {"groups": [{"count": 2, "type": "created", "items": []}]}, "bio": ""}, {"id": "18201286", "photo": {"prefix": "https://igx.4sqi.net/img/user/", "suffix": "/OJTNBMY2SDWZND21.jpg"}, "homeCity": "Kawasaki", "contact": {"facebook": "100002744675464"}, "firstName": "Saori", "tips": {"count": 0}, "gender": "female", "lastName": "Mochizuki", "lists": {"groups": [{"count": 2, "type": "created", "items": []}]}, "bio": ""}]}, "checksum": "672b6462b13a0c1ab5cd21f7e565f4d92bb8123d"}}