{"notifications": [{"type": "notificationTray", "item": {"unreadCount": 0}}], "meta": {"requestId": "5966dd864434b9553db2ed6e", "code": 200}, "response": {"friends": {"count": 37, "items": [{"id": "53140414", "photo": {"prefix": "https://igx.4sqi.net/img/user/", "suffix": "/KCLFHBZ4MW3CMI0Y.jpg"}, "homeCity": "Singapore", "contact": {"facebook": "763913621", "twitter": "ouyingliang"}, "firstName": "Henry", "tips": {"count": 0}, "gender": "male", "lastName": "Aw", "lists": {"groups": [{"count": 2, "type": "created", "items": []}]}, "bio": ""}, {"id": "4780784", "photo": {"prefix": "https://igx.4sqi.net/img/user/", "suffix": "/EZ2QFVQLDVFQ3K54.jpg"}, "homeCity": "Singapore", "contact": {"facebook": "707606105", "twitter": "raveiskinggg"}, "firstName": "Andros", "tips": {"count": 1}, "gender": "male", "lastName": "Yiu", "lists": {"groups": [{"count": 2, "type": "created", "items": []}]}, "bio": ""}, {"id": "11732657", "photo": {"prefix": "https://igx.4sqi.net/img/user/", "suffix": "/ZPT05RTATLI1YWV4.jpg"}, "homeCity": "Singapore", "contact": {"facebook": "581139025"}, "firstName": "Andy", "tips": {"count": 0}, "gender": "male", "lastName": "Ronaldo", "lists": {"groups": [{"count": 2, "type": "created", "items": []}]}, "bio": ""}, {"id": "12224841", "photo": {"prefix": "https://igx.4sqi.net/img/user/", "suffix": "/RR1BQPSG3UPRNQRK.jpg"}, "homeCity": "\u0e01\u0e23\u0e38\u0e07\u0e40\u0e17\u0e1e\u0e21\u0e2b\u0e32\u0e19\u0e04\u0e23, \u0e1b\u0e23\u0e30\u0e40\u0e17\u0e28\u0e44\u0e17\u0e22", "contact": {"facebook": "100001962883177"}, "firstName": "Win", "tips": {"count": 0}, "gender": "male", "lastName": "Yongsu", "lists": {"groups": [{"count": 2, "type": "created", "items": []}]}, "bio": ""}, {"id": "17139313", "photo": {"prefix": "https://igx.4sqi.net/img/user/", "suffix": "/GX343OE4JWWGPYJD.jpg"}, "homeCity": "Singapore", "contact": {"facebook": "100000000616541"}, "firstName": "Collin", "tips": {"count": 0}, "gender": "male", "lastName": "Mimotatakito", "lists": {"groups": [{"count": 2, "type": "created", "items": []}]}, "bio": ""}, {"id": "12187697", "photo": {"prefix": "https://igx.4sqi.net/img/user/", "suffix": "/UZQ55FJ0A3TNLXDS.jpg"}, "homeCity": "Singapore", "contact": {"facebook": "100000708095046", "twitter": "jackiengcy"}, "firstName": "Jackie", "tips": {"count": 0}, "gender": "male", "lastName": "Ng", "lists": {"groups": [{"count": 2, "type": "created", "items": []}]}, "bio": ""}, {"id": "5562393", "photo": {"prefix": "https://igx.4sqi.net/img/user/", "suffix": "/5562393_vHipE0aS_jG2sA4N0qIxTZc-jYEwoqaj7p8HDJUe0-D93Fa5fGcwKGzc1jPmxf0vm13jw9vI5.jpg"}, "homeCity": "Singapore", "contact": {"twitter": "cheeeerrryyylll"}, "firstName": "Cheryl", "tips": {"count": 3}, "gender": "female", "lists": {"groups": [{"count": 2, "type": "created", "items": []}]}, "bio": ""}, {"id": "3361167", "photo": {"prefix": "https://igx.4sqi.net/img/user/", "suffix": "/3361167-BQPELBZ132UUAN1A.jpg"}, "homeCity": "Singapore", "contact": {"facebook": "684705701", "twitter": "vernon7335"}, "firstName": "Vernon", "tips": {"count": 14}, "gender": "male", "lastName": "Chew", "lists": {"groups": [{"count": 2, "type": "created", "items": []}]}, "bio": "Don't judge me when you don't even know me for a 1 sec"}, {"id": "4578464", "photo": {"prefix": "https://igx.4sqi.net/img/user/", "suffix": "/HPKUCAHUVX3YOQZ3.jpg"}, "homeCity": "Singapore", "contact": {"facebook": "700854456"}, "firstName": "Lek", "tips": {"count": 2}, "gender": "male", "lastName": "Wenjie", "lists": {"groups": [{"count": 2, "type": "created", "items": []}]}, "bio": ""}, {"id": "3874563", "photo": {"prefix": "https://igx.4sqi.net/img/user/", "suffix": "/OJ2G1WV0KIEP03GY.jpg"}, "homeCity": "Singapore", "contact": {"facebook": "752231063", "twitter": "shipspot"}, "firstName": "Vincent", "tips": {"count": 11}, "gender": "male", "lastName": "Chng", "lists": {"groups": [{"count": 2, "type": "created", "items": []}]}, "bio": ""}, {"id": "14813949", "photo": {"prefix": "https://igx.4sqi.net/img/user/", "suffix": "/UJIUY21PK241I4BT.jpg"}, "homeCity": "Singapore", "contact": {"facebook": "558973238"}, "firstName": "MoMo", "tips": {"count": 0}, "gender": "male", "lastName": ".L", "lists": {"groups": [{"count": 2, "type": "created", "items": []}]}, "bio": ""}, {"id": "1684824", "photo": {"prefix": "https://igx.4sqi.net/img/user/", "suffix": "/VERB4MMRO4GKYMXX.jpg"}, "homeCity": "Commonwealth Crescent, Singapore", "contact": {"facebook": "664563903", "twitter": "bonezboi"}, "firstName": "Bonez", "tips": {"count": 1}, "gender": "male", "lastName": "Chen", "lists": {"groups": [{"count": 2, "type": "created", "items": []}]}, "bio": ""}, {"id": "2811278", "photo": {"prefix": "https://igx.4sqi.net/img/user/", "suffix": "/O12S02QL0FXFJQF5.jpg"}, "homeCity": "Singapore", "contact": {"twitter": "syncwithyourmom"}, "firstName": "Clement", "tips": {"count": 1}, "gender": "male", "lastName": "Wong", "lists": {"groups": [{"count": 2, "type": "created", "items": []}]}, "bio": ""}, {"id": "32743915", "photo": {"prefix": "https://igx.4sqi.net/img/user/", "suffix": "/32743915-CGMRTUOYY0XPUNNH.jpg"}, "homeCity": "Singapore", "contact": {"facebook": "685154072"}, "firstName": "Andy", "tips": {"count": 0}, "gender": "male", "lastName": "Ong", "lists": {"groups": [{"count": 2, "type": "created", "items": []}]}, "bio": ""}, {"id": "18361700", "photo": {"prefix": "https://igx.4sqi.net/img/user/", "suffix": "/18361700-RPH4CWCGQA4IV2W3.jpg"}, "homeCity": "Singapore", "contact": {"facebook": "10153044649861812", "twitter": "kuloyi"}, "firstName": "Chloe", "tips": {"count": 0}, "gender": "female", "lastName": "Tan", "lists": {"groups": [{"count": 2, "type": "created", "items": []}]}, "bio": ""}, {"id": "4885396", "photo": {"prefix": "https://igx.4sqi.net/img/user/", "suffix": "/YVST0QIC43KANHSL.jpg"}, "homeCity": "Singapore", "contact": {"facebook": "744768450"}, "firstName": "Gui Duan", "tips": {"count": 0}, "gender": "male", "lastName": "\u6842\u7aef", "lists": {"groups": [{"count": 2, "type": "created", "items": []}]}, "bio": ""}, {"id": "25493904", "photo": {"prefix": "https://igx.4sqi.net/img/user/", "suffix": "/EVRLRDW1NYZJRG4M.jpg"}, "homeCity": "New York, NY", "contact": {"facebook": "740398876", "twitter": "christinawyong"}, "firstName": "Christina", "tips": {"count": 0}, "gender": "female", "lastName": "Awyong", "lists": {"groups": [{"count": 2, "type": "created", "items": []}]}, "bio": ""}, {"id": "28224471", "photo": {"prefix": "https://igx.4sqi.net/img/user/", "suffix": "/KANNOWU2BU1CVLCL.jpg"}, "homeCity": "New York, NY", "contact": {"twitter": "chenhanshen"}, "firstName": "HanShen", "tips": {"count": 0}, "gender": "male", "lastName": "Will Be There", "lists": {"groups": [{"count": 2, "type": "created", "items": []}]}, "bio": ""}, {"id": "20018282", "photo": {"prefix": "https://igx.4sqi.net/img/user/", "suffix": "/1RLGMXHQGTZDWS1C.jpg"}, "homeCity": "Singapore", "contact": {"facebook": "565113872", "twitter": "darrenhatesyou"}, "firstName": "Darren", "tips": {"count": 1}, "gender": "male", "lastName": "Yeoh", "lists": {"groups": [{"count": 2, "type": "created", "items": []}]}, "bio": ""}, {"id": "13696056", "photo": {"prefix": "https://igx.4sqi.net/img/user/", "suffix": "/ZE24LPU4NXTVGLDG.jpg"}, "homeCity": "Singapore", "contact": {}, "firstName": "sophia", "tips": {"count": 0}, "gender": "female", "lists": {"groups": [{"count": 2, "type": "created", "items": []}]}, "bio": ""}, {"id": "15775201", "photo": {"prefix": "https://igx.4sqi.net/img/user/", "suffix": "/ROIKA5B240EO1WWP.jpg"}, "homeCity": "Batam, Indonesia", "contact": {"facebook": "514317174"}, "firstName": "Freddy", "tips": {"count": 0}, "gender": "male", "lastName": "Xoxoxoxoxo", "lists": {"groups": [{"count": 2, "type": "created", "items": []}]}, "bio": ""}, {"id": "13969846", "photo": {"prefix": "https://igx.4sqi.net/img/user/", "suffix": "/ZYA5ZEFLH4UGY3LF.jpg"}, "homeCity": "Singapore", "contact": {"facebook": "784196678", "twitter": "darrentanahkow"}, "firstName": "Darren", "tips": {"count": 1}, "gender": "male", "lastName": "Tan", "lists": {"groups": [{"count": 2, "type": "created", "items": []}]}, "bio": ""}, {"id": "4516438", "photo": {"prefix": "https://igx.4sqi.net/img/user/", "suffix": "/4516438-POBANIKCV12ZXWIC.jpg"}, "homeCity": "Singapore", "contact": {"facebook": "682639199", "twitter": "corrinasoh_"}, "firstName": "Corrina", "tips": {"count": 0}, "gender": "female", "lastName": "Own", "lists": {"groups": [{"count": 2, "type": "created", "items": []}]}, "bio": ""}, {"id": "1842645", "photo": {"prefix": "https://igx.4sqi.net/img/user/", "suffix": "/1842645-XMQNL4BZPRS1SORH.jpg"}, "homeCity": "Singapore", "contact": {"facebook": "100000545146535"}, "firstName": "johniies", "tips": {"count": 1}, "gender": "male", "lastName": "junyang", "lists": {"groups": [{"count": 2, "type": "created", "items": []}]}, "bio": ""}, {"id": "3302256", "photo": {"prefix": "https://igx.4sqi.net/img/user/", "suffix": "/RBUXUAXZVJDVTGLR.jpg"}, "homeCity": "Singapore", "contact": {"facebook": "627589822"}, "firstName": "Iwasaki", "tips": {"count": 0}, "gender": "male", "lastName": "Akira", "lists": {"groups": [{"count": 2, "type": "created", "items": []}]}, "bio": ""}, {"id": "33345460", "photo": {"prefix": "https://igx.4sqi.net/img/user/", "suffix": "/5KLSCFOJBXGHGFIX.jpg"}, "homeCity": "New York, NY", "contact": {"twitter": "ohmyngor"}, "firstName": "Zayden", "tips": {"count": 0}, "gender": "female", "lastName": "Monkeey", "lists": {"groups": [{"count": 2, "type": "created", "items": []}]}, "bio": ""}, {"id": "41019647", "photo": {"prefix": "https://igx.4sqi.net/img/user/", "suffix": "/R5IHDN15PSZUPJHA.jpg"}, "homeCity": "Singapore", "contact": {"facebook": "616226976", "twitter": "suiqilove"}, "firstName": "Suiqi", "tips": {"count": 0}, "gender": "female", "lastName": "ThreeSeptember", "lists": {"groups": [{"count": 2, "type": "created", "items": []}]}, "bio": ""}, {"id": "23704717", "photo": {"prefix": "https://igx.4sqi.net/img/user/", "suffix": "/PYEMC0NHP33NIYMU.jpg"}, "homeCity": "New York, NY", "contact": {"facebook": "772253500", "twitter": "inkaddictjosiah"}, "firstName": "Josiah", "tips": {"count": 0}, "gender": "male", "lastName": "Wong", "lists": {"groups": [{"count": 2, "type": "created", "items": []}]}, "bio": ""}, {"id": "25095738", "photo": {"prefix": "https://igx.4sqi.net/img/user/", "suffix": "/NYH4RWVAOEONVVKA.jpg"}, "homeCity": "New York, NY", "contact": {"facebook": "100000013257488", "twitter": "jaweeann"}, "firstName": "Jawee", "tips": {"count": 0}, "gender": "female", "lastName": "Ann", "lists": {"groups": [{"count": 2, "type": "created", "items": []}]}, "bio": ""}, {"id": "3645661", "photo": {"prefix": "https://igx.4sqi.net/img/user/", "suffix": "/0OBUGOUPYLCIOE54.jpg"}, "homeCity": "Singapore", "contact": {"facebook": "677063272", "twitter": "jeremydope"}, "firstName": "Jeremy", "tips": {"count": 0}, "gender": "male", "lastName": "Ching", "lists": {"groups": [{"count": 2, "type": "created", "items": []}]}, "bio": ""}, {"id": "3885983", "photo": {"prefix": "https://igx.4sqi.net/img/user/", "suffix": "/TGWQEORUEEX1VYZN.jpg"}, "homeCity": "Singapore", "contact": {"facebook": "581666712"}, "firstName": "Mr Cow", "tips": {"count": 0}, "gender": "male", "lists": {"groups": [{"count": 2, "type": "created", "items": []}]}, "bio": ""}, {"id": "4094728", "photo": {"prefix": "https://igx.4sqi.net/img/user/", "suffix": "/J1D3AMTSGCQGLRO2.jpg"}, "homeCity": "Singapore", "contact": {"facebook": "690032614"}, "firstName": "Ayden", "tips": {"count": 2}, "gender": "male", "lastName": "Tiensiang", "lists": {"groups": [{"count": 2, "type": "created", "items": []}]}, "bio": ""}, {"id": "6089348", "photo": {"prefix": "https://igx.4sqi.net/img/user/", "suffix": "/HD3TRDZWPABMPRPF.jpg"}, "homeCity": "Singapore", "contact": {"facebook": "10204189777134790", "twitter": "suhadraq"}, "firstName": "suhadra", "tips": {"count": 0}, "gender": "male", "lastName": "qinghuang", "lists": {"groups": [{"count": 2, "type": "created", "items": []}]}, "bio": ""}, {"id": "5229534", "photo": {"prefix": "https://igx.4sqi.net/img/user/", "suffix": "/PIOBMHKN2KNXWR1X.jpg"}, "homeCity": "Singapore", "contact": {"facebook": "100001290144363", "twitter": "wongweilun"}, "firstName": "Weilun", "tips": {"count": 0}, "gender": "male", "lastName": "Wong", "lists": {"groups": [{"count": 2, "type": "created", "items": []}]}, "bio": ""}, {"id": "21197397", "photo": {"prefix": "https://igx.4sqi.net/img/user/", "suffix": "/21197397-RYIRYPBQIAEYYPSE.jpg"}, "homeCity": "Woodlands, Singapore", "contact": {"facebook": "1644273795", "twitter": "hippoloi"}, "firstName": "Jar\u00e8d", "tips": {"count": 4}, "gender": "male", "lastName": "Siboh", "lists": {"groups": [{"count": 2, "type": "created", "items": []}]}, "bio": ""}, {"id": "15339582", "photo": {"prefix": "https://igx.4sqi.net/img/user/", "suffix": "/15339582-RP1VIVTZW2YNRE1K.jpg"}, "homeCity": "Singapore", "contact": {"facebook": "100000812558994", "twitter": "crossstaroo"}, "firstName": "Jared", "tips": {"count": 0}, "gender": "male", "lastName": "Ang", "lists": {"groups": [{"count": 2, "type": "created", "items": []}]}, "bio": ""}, {"id": "61993302", "photo": {"prefix": "https://igx.4sqi.net/img/user/", "suffix": "/KKLPV00MMF10B00M.jpg"}, "homeCity": "Singapore", "contact": {"facebook": "452097271612207"}, "firstName": "Weilun", "tips": {"count": 0}, "gender": "male", "lastName": "Wong", "lists": {"groups": [{"count": 2, "type": "created", "items": []}]}, "bio": ""}]}, "checksum": "cd4a95873d6db84613a9c8fbacf36f968d8658b0"}}