{"notifications": [{"type": "notificationTray", "item": {"unreadCount": 0}}], "response": {"friends": {"items": [{"tips": {"count": 0}, "contact": {"facebook": "100002169702326"}, "firstName": "Pangeran", "gender": "male", "lastName": "Phebiyen", "id": "8065961", "bio": "", "photo": {"prefix": "https://igx.4sqi.net/img/user/", "suffix": "/2TE3LDJRAEPITI2X.jpg"}, "homeCity": "Singapore", "lists": {"groups": [{"items": [], "count": 2, "type": "created"}]}}, {"superuser": 5, "tips": {"count": 36}, "contact": {"twitter": "sadam666hell"}, "firstName": "666\u270e\u5350\u026f\u0250p\u0250S\u5350\\m/", "gender": "male", "lastName": "\u00ae\u270a\u2122", "id": "10398785", "bio": "\u02d9\u02d9\u02d9\u02d9pu\u0131W u\u01dddO\r\n\u00a1\u00a1\u00a1ll\u01ddH \u026f\u0279o\u025f u\u0250W", "photo": {"prefix": "https://igx.4sqi.net/img/user/", "suffix": "/10398785_d6j1FaV1__pL3qbRUhyizAjlqJG9sjOpVOeoToAGKh9jlgq-_k2AKB1IP201eUzn2n4NQcpAf.jpg"}, "homeCity": "Hell", "lists": {"groups": [{"items": [], "count": 11, "type": "created"}]}}, {"tips": {"count": 2}, "contact": {"facebook": "657258623"}, "firstName": "y2", "gender": "male", "lastName": "yanhaur", "id": "5056313", "bio": "", "photo": {"prefix": "https://igx.4sqi.net/img/user/", "suffix": "/WREBAGXDCBDYUYEC.jpg"}, "homeCity": "Johor Bahru, Malaysia", "lists": {"groups": [{"items": [], "count": 2, "type": "created"}]}}, {"tips": {"count": 0}, "contact": {"facebook": "100001045692361"}, "firstName": "Lebai", "gender": "male", "lastName": "Zul", "id": "3941143", "bio": "", "photo": {"prefix": "https://igx.4sqi.net/img/user/", "suffix": "/3941143-ICV1UBSHLHM0SWGO.jpg"}, "homeCity": "Singapore", "lists": {"groups": [{"items": [], "count": 2, "type": "created"}]}}, {"tips": {"count": 0}, "contact": {"twitter": "aniirisda", "facebook": "859837480744714"}, "firstName": "ani", "gender": "female", "lastName": "risda", "id": "5397853", "bio": "", "photo": {"prefix": "https://igx.4sqi.net/img/user/", "suffix": "/ZQHUKJEL1R1KVQV5.jpg"}, "homeCity": "Jakarta, Indonesia", "lists": {"groups": [{"items": [], "count": 2, "type": "created"}]}}, {"tips": {"count": 0}, "contact": {}, "firstName": "koreh", "gender": "male", "id": "4208061", "bio": "", "photo": {"prefix": "https://igx.4sqi.net/img/user/", "suffix": "/4208061-FW0DDCOJXKCLQGEC.jpg"}, "homeCity": "Saudi Arabia", "lists": {"groups": [{"items": [], "count": 2, "type": "created"}]}}, {"tips": {"count": 9}, "contact": {"twitter": "oviesse2003"}, "firstName": "Raymond", "gender": "male", "lastName": "Pyo", "id": "2481114", "bio": "", "photo": {"prefix": "https://igx.4sqi.net/img/user/", "suffix": "/B4MQOOXKKUB5ORL0.jpg"}, "homeCity": "Jakarta, Indonesia", "lists": {"groups": [{"items": [], "count": 2, "type": "created"}]}}, {"tips": {"count": 15}, "contact": {"facebook": "1136667533"}, "firstName": "eijad", "gender": "male", "id": "8655508", "bio": "", "photo": {"prefix": "https://igx.4sqi.net/img/user/", "suffix": "/IAEFZN3VYVOCJ0PI.jpg"}, "homeCity": "Melaka, Malaysia", "lists": {"groups": [{"items": [], "count": 3, "type": "created"}]}}, {"tips": {"count": 2}, "contact": {"twitter": "jithong88", "facebook": "527873834"}, "firstName": "Ah Hong", "gender": "male", "lastName": "\u00a9\u00ae\u2122", "id": "6318181", "bio": "", "photo": {"prefix": "https://igx.4sqi.net/img/user/", "suffix": "/6318181-ZO0IMMLUWVWGKLS3.jpg"}, "homeCity": "Singapore", "lists": {"groups": [{"items": [], "count": 2, "type": "created"}]}}, {"tips": {"count": 3}, "contact": {}, "firstName": "David (Stole the Mayorship\ud83c\udfa9)", "gender": "male", "lastName": "Stoops", "id": "20183345", "bio": "", "photo": {"prefix": "https://igx.4sqi.net/img/user/", "suffix": "/4CUB1D1M24XZBGOX.jpg"}, "homeCity": "Virginia Beach, Virginia", "lists": {"groups": [{"items": [], "count": 4, "type": "created"}]}}, {"tips": {"count": 0}, "contact": {"facebook": "1534635108"}, "firstName": "Ivan", "gender": "male", "lastName": "Tan", "id": "13871373", "bio": "", "photo": {"prefix": "https://igx.4sqi.net/img/user/", "suffix": "/2CXQHOJJJAHAA4ST.jpg"}, "homeCity": "Singapore", "lists": {"groups": [{"items": [], "count": 2, "type": "created"}]}}, {"tips": {"count": 241}, "contact": {}, "firstName": "Meheheheow", "gender": "male", "id": "7341785", "bio": "Cat fighter! \ud83d\udc3e", "photo": {"prefix": "https://igx.4sqi.net/img/user/", "suffix": "/7341785-2YDANTX4AUMTB3SK.jpg"}, "homeCity": "just next to you", "lists": {"groups": [{"items": [], "count": 7, "type": "created"}]}}, {"tips": {"count": 17}, "contact": {"facebook": "1485547158"}, "firstName": "Gusti M", "gender": "male", "lastName": "Ghazali", "id": "4199823", "bio": "Simple", "photo": {"prefix": "https://igx.4sqi.net/img/user/", "suffix": "/4199823-OVWE2GPTAUDI5VGG.jpg"}, "homeCity": "Indonesia", "lists": {"groups": [{"items": [], "count": 4, "type": "created"}]}}, {"tips": {"count": 8}, "contact": {}, "firstName": "Tony", "gender": "male", "lastName": "\uf8eb\u2122 33021DD5", "id": "18731685", "bio": "", "photo": {"prefix": "https://igx.4sqi.net/img/user/", "suffix": "/XDTEHJ1NNTWQNVMW.jpg"}, "homeCity": "Jakarta, Indonesia", "lists": {"groups": [{"items": [], "count": 2, "type": "created"}]}}, {"tips": {"count": 4}, "contact": {"twitter": "suphakritkook", "facebook": "100001223785573"}, "firstName": "Suphakrit", "gender": "male", "lastName": "Leehsakun", "id": "23779330", "bio": "", "photo": {"prefix": "https://igx.4sqi.net/img/user/", "suffix": "/JRXSRIB3NJ3EW1AY.jpg"}, "homeCity": "Chachoengsao", "lists": {"groups": [{"items": [], "count": 2, "type": "created"}]}}, {"tips": {"count": 19}, "contact": {"twitter": "onerepublik83", "facebook": "100000636624675"}, "firstName": "MR Awangku Arrogant pitbull", "gender": "male", "id": "8648369", "bio": "", "photo": {"prefix": "https://igx.4sqi.net/img/user/", "suffix": "/8648369-FYMKHWAKSZHVB5XO.jpg"}, "homeCity": "brunai", "lists": {"groups": [{"items": [], "count": 3, "type": "created"}]}}], "count": 16}, "checksum": "545093ce535c3937134fef35291aeb72434e996d"}, "meta": {"requestId": "5965d04f6a60711438b8d537", "code": 200}}