{"notifications": [{"type": "notificationTray", "item": {"unreadCount": 0}}], "meta": {"requestId": "5966fc139fb6b770eed7eb3b", "code": 200}, "response": {"friends": {"count": 52, "items": [{"id": "6203378", "photo": {"prefix": "https://igx.4sqi.net/img/user/", "suffix": "/J1HDTF2AUH2A4IKQ.jpg"}, "homeCity": "Singapore", "contact": {"facebook": "689160966"}, "firstName": "Joyce", "tips": {"count": 0}, "gender": "female", "lastName": "Chng", "lists": {"groups": [{"count": 2, "type": "created", "items": []}]}, "bio": ""}, {"id": "266895", "photo": {"prefix": "https://igx.4sqi.net/img/user/", "suffix": "/WVYLUZO5LLIB3QX5.jpg"}, "homeCity": "Singapore", "contact": {"facebook": "726877663", "twitter": "superadrianme"}, "firstName": "SUPERADRIANME", "tips": {"count": 55}, "gender": "male", "lists": {"groups": [{"count": 2, "type": "created", "items": []}]}, "bio": "Visit us at http://SUPERADRIANME.com"}, {"id": "427439", "photo": {"prefix": "https://igx.4sqi.net/img/user/", "suffix": "/E5DRFBZ3A0LHZDSH.jpg"}, "homeCity": "Singapore", "contact": {"facebook": "100000217299336", "twitter": "omysg"}, "firstName": "omysg", "tips": {"count": 28}, "gender": "none", "lists": {"groups": [{"count": 3, "type": "created", "items": []}]}, "bio": ""}, {"id": "368785", "photo": {"prefix": "https://igx.4sqi.net/img/user/", "suffix": "/AJP12IU0FLGSUWRC.jpg"}, "homeCity": "Beijing, China", "contact": {"facebook": "813557239", "twitter": "adhigoen"}, "firstName": "Adhi", "tips": {"count": 89}, "gender": "male", "lastName": "Goen", "lists": {"groups": [{"count": 3, "type": "created", "items": []}]}, "bio": ""}, {"id": "11430868", "photo": {"prefix": "https://igx.4sqi.net/img/user/", "suffix": "/IDOYNDKLEKOTVT2W.jpg"}, "homeCity": "Italy", "contact": {}, "firstName": "Tars", "tips": {"count": 4}, "gender": "male", "lastName": "Wong", "lists": {"groups": [{"count": 2, "type": "created", "items": []}]}, "bio": ""}, {"id": "8201539", "photo": {"prefix": "https://igx.4sqi.net/img/user/", "default": true, "suffix": "/blank_girl.png"}, "homeCity": "London, UK", "contact": {"facebook": "804570363"}, "firstName": "Inesanakin", "tips": {"count": 1}, "gender": "female", "lists": {"groups": [{"count": 2, "type": "created", "items": []}]}, "bio": ""}, {"id": "254627", "photo": {"prefix": "https://igx.4sqi.net/img/user/", "suffix": "/2KUKTSRVV4HF1KF4.jpg"}, "homeCity": "Singapore", "contact": {"facebook": "595622587", "twitter": "miyagi"}, "firstName": "Benjamin", "tips": {"count": 22}, "gender": "male", "lastName": "Lee", "lists": {"groups": [{"count": 2, "type": "created", "items": []}]}, "bio": ""}, {"id": "7534018", "photo": {"prefix": "https://igx.4sqi.net/img/user/", "suffix": "/ZGNZTGUGDHLLUDAP.jpg"}, "homeCity": "Unnamed Location", "contact": {}, "firstName": "P.", "tips": {"count": 1}, "gender": "male", "lastName": "V", "lists": {"groups": [{"count": 2, "type": "created", "items": []}]}, "bio": ""}, {"id": "2775520", "photo": {"prefix": "https://igx.4sqi.net/img/user/", "default": true, "suffix": "/blank_boy.png"}, "homeCity": "Singapore", "contact": {}, "firstName": "Victor", "tips": {"count": 1}, "gender": "male", "lastName": "Chia", "lists": {"groups": [{"count": 2, "type": "created", "items": []}]}, "bio": ""}, {"id": "1168320", "photo": {"prefix": "https://igx.4sqi.net/img/user/", "suffix": "/1168320-BM10WO0PASILHZNJ.jpg"}, "homeCity": "Singapore", "contact": {"facebook": "700270347", "twitter": "globegal"}, "firstName": "Sharon", "tips": {"count": 41}, "gender": "female", "lastName": "Vu", "lists": {"groups": [{"count": 13, "type": "created", "items": []}]}, "bio": ""}, {"id": "13992798", "photo": {"prefix": "https://igx.4sqi.net/img/user/", "suffix": "/13992798-UIF5LALJGC12OE2B.jpg"}, "homeCity": "Singapore", "contact": {"facebook": "100002116736236", "twitter": "jamesleeworld"}, "firstName": "James", "tips": {"count": 0}, "gender": "male", "lastName": "Lee", "lists": {"groups": [{"count": 3, "type": "created", "items": []}]}, "bio": "Full-Time Vavationer"}, {"id": "185746", "photo": {"prefix": "https://igx.4sqi.net/img/user/", "suffix": "/185746-A1V1ADPZB5DYPQDQ.jpg"}, "homeCity": "Singapore", "contact": {"facebook": "625367023", "twitter": "weeteck"}, "firstName": "Weeteck", "tips": {"count": 35}, "superuser": 1, "gender": "male", "lastName": "Yeoh", "lists": {"groups": [{"count": 2, "type": "created", "items": []}]}, "bio": ""}, {"id": "608714", "photo": {"prefix": "https://igx.4sqi.net/img/user/", "suffix": "/NX5OOPLDEZKAM1Y5.jpg"}, "homeCity": "Singapore", "contact": {"facebook": "608170179", "twitter": "ohjasonwong"}, "firstName": "Jason", "tips": {"count": 2}, "gender": "male", "lastName": "Wong", "lists": {"groups": [{"count": 2, "type": "created", "items": []}]}, "bio": ""}, {"id": "329483", "photo": {"prefix": "https://igx.4sqi.net/img/user/", "suffix": "/KGBEV5O2VO41TDBG.jpg"}, "homeCity": "Changi, Singapore", "contact": {"facebook": "718162422"}, "firstName": "Chris", "tips": {"count": 2}, "gender": "male", "lastName": "Pattinson", "lists": {"groups": [{"count": 2, "type": "created", "items": []}]}, "bio": ""}, {"id": "4956602", "photo": {"prefix": "https://igx.4sqi.net/img/user/", "suffix": "/YFGRNHEU01PQU1ST.jpg"}, "homeCity": "Singapore", "contact": {"facebook": "586281016", "twitter": "bubbamama11"}, "firstName": "Katherine", "tips": {"count": 143}, "gender": "female", "lists": {"groups": [{"count": 18, "type": "created", "items": []}]}, "bio": "Founder of online magazine Bubbamama.com & martiniblanc.com. I write, I eat, I travel, I enjoy and I shoot!"}, {"id": "123890", "photo": {"prefix": "https://igx.4sqi.net/img/user/", "suffix": "/123890-GZ5AMZRL0HIXC0M4.jpg"}, "homeCity": "Petaling Jaya, Malaysia", "contact": {"facebook": "543067842", "twitter": "demonick"}, "firstName": "demonick", "tips": {"count": 24}, "gender": "male", "superuser": 2, "lists": {"groups": [{"count": 2, "type": "created", "items": []}]}, "bio": ""}, {"id": "152954", "photo": {"prefix": "https://igx.4sqi.net/img/user/", "suffix": "/RVZL42V3XCTFI24E.jpg"}, "homeCity": "Singapore", "contact": {"facebook": "569486800", "twitter": "belindaang"}, "firstName": "Belinda", "tips": {"count": 22}, "gender": "female", "lastName": "Ang", "lists": {"groups": [{"count": 2, "type": "created", "items": []}]}, "bio": ""}, {"id": "1136767", "photo": {"prefix": "https://igx.4sqi.net/img/user/", "suffix": "/SF2OKQKGY42WLOZZ.jpg"}, "homeCity": "", "contact": {"twitter": "ginocosme"}, "firstName": "Gino", "tips": {"count": 67}, "gender": "male", "lastName": "Cosme", "lists": {"groups": [{"count": 2, "type": "created", "items": []}]}, "bio": ""}, {"id": "3887162", "photo": {"prefix": "https://igx.4sqi.net/img/user/", "suffix": "/UONXWCYFP21KYFOV.jpg"}, "homeCity": "Singapore", "contact": {}, "firstName": "Alvin", "tips": {"count": 0}, "gender": "male", "lastName": "Tan", "lists": {"groups": [{"count": 2, "type": "created", "items": []}]}, "bio": ""}, {"id": "38214193", "photo": {"prefix": "https://igx.4sqi.net/img/user/", "suffix": "/1R1MQ43FP0120EDU.jpg"}, "homeCity": "Singapore", "contact": {"facebook": "700197967"}, "firstName": "robin", "tips": {"count": 4}, "gender": "male", "lastName": "yap", "lists": {"groups": [{"count": 2, "type": "created", "items": []}]}, "bio": ""}, {"id": "106903", "photo": {"prefix": "https://igx.4sqi.net/img/user/", "suffix": "/-O3JGRVLH1DMKZEZE.jpg"}, "homeCity": "Singapore, Singapore", "contact": {"facebook": "651211595", "twitter": "shaunmartin"}, "firstName": "Shaun", "tips": {"count": 0}, "gender": "male", "lastName": "Martin", "lists": {"groups": [{"count": 3, "type": "created", "items": []}]}, "bio": "Mathematics + Cognitive Science + Behavioral Economics"}, {"id": "8377739", "photo": {"prefix": "https://igx.4sqi.net/img/user/", "suffix": "/4WUBJMUV1XU1KBLS.jpg"}, "homeCity": "Singapore", "contact": {"facebook": "721544107"}, "firstName": "Jason", "tips": {"count": 27}, "gender": "male", "lastName": "Leow", "lists": {"groups": [{"count": 2, "type": "created", "items": []}]}, "bio": ""}, {"id": "271254", "photo": {"prefix": "https://igx.4sqi.net/img/user/", "suffix": "/53TXUQO00EIZCTM5.jpg"}, "homeCity": "Singapore", "contact": {"facebook": "10154596862279384"}, "firstName": "ah_seow", "tips": {"count": 2}, "gender": "male", "lists": {"groups": [{"count": 2, "type": "created", "items": []}]}, "bio": ""}, {"id": "36991897", "photo": {"prefix": "https://igx.4sqi.net/img/user/", "suffix": "/1IZCTMIN4J1IEYVG.jpg"}, "homeCity": "New York, NY", "contact": {"facebook": "702149661"}, "firstName": "Juwanda", "tips": {"count": 0}, "gender": "male", "lists": {"groups": [{"count": 2, "type": "created", "items": []}]}, "bio": ""}, {"id": "373823", "photo": {"prefix": "https://igx.4sqi.net/img/user/", "suffix": "/0BPYRDTXHLLHMPO4.jpg"}, "homeCity": "Kuala Lumpur, Malaysia", "contact": {"facebook": "725607674", "twitter": "irmatjahjadi"}, "firstName": "Irma", "tips": {"count": 1}, "gender": "female", "lastName": "Tjahjadi", "lists": {"groups": [{"count": 2, "type": "created", "items": []}]}, "bio": ""}, {"id": "18041932", "photo": {"prefix": "https://igx.4sqi.net/img/user/", "suffix": "/18041932-YO43OI0QQKYAQ5EC.jpg"}, "homeCity": "S\u00e3o Paulo, Brasil", "contact": {"facebook": "100000651980882"}, "firstName": "Sebastian", "tips": {"count": 6}, "gender": "male", "lastName": "Pinheiro", "lists": {"groups": [{"count": 2, "type": "created", "items": []}]}, "bio": ""}, {"id": "57654512", "photo": {"prefix": "https://igx.4sqi.net/img/user/", "default": true, "suffix": "/blank_boy.png"}, "homeCity": "Singapore", "contact": {"facebook": "670294001"}, "firstName": "Michele", "tips": {"count": 0}, "gender": "male", "lastName": "Pavanello", "lists": {"groups": [{"count": 2, "type": "created", "items": []}]}, "bio": ""}, {"id": "9841243", "photo": {"prefix": "https://igx.4sqi.net/img/user/", "suffix": "/XRNTQJG5ETEMJ5YQ.jpg"}, "homeCity": "Singapore", "contact": {}, "firstName": "Limin", "tips": {"count": 0}, "gender": "female", "lastName": "Cheng", "lists": {"groups": [{"count": 2, "type": "created", "items": []}]}, "bio": ""}, {"id": "48435951", "photo": {"prefix": "https://igx.4sqi.net/img/user/", "suffix": "/FC0QMMHRHNF2BCZU.jpg"}, "homeCity": "Hokkaido", "contact": {}, "firstName": "Ken", "tips": {"count": 0}, "gender": "male", "lastName": "Lau", "lists": {"groups": [{"count": 2, "type": "created", "items": []}]}, "bio": "Switch into a new perspective: 180s, not 360s."}, {"id": "756189", "photo": {"prefix": "https://igx.4sqi.net/img/user/", "suffix": "/756189-JCDT5SES22MALCO0.jpg"}, "homeCity": "Singapore", "contact": {"facebook": "733321193", "twitter": "kutoid"}, "firstName": "Jeremy", "tips": {"count": 46}, "gender": "male", "lastName": "Khoo", "lists": {"groups": [{"count": 2, "type": "created", "items": []}]}, "bio": ""}, {"id": "138834", "photo": {"prefix": "https://igx.4sqi.net/img/user/", "suffix": "/138834-3WYPLZN22DBGUE5Z.jpg"}, "homeCity": "Simei, Singapore", "contact": {"facebook": "501120808", "twitter": "motorman"}, "firstName": "Julian", "tips": {"count": 129}, "superuser": 2, "gender": "male", "lastName": "Lim", "lists": {"groups": [{"count": 14, "type": "created", "items": []}]}, "bio": ""}, {"id": "4210845", "photo": {"prefix": "https://igx.4sqi.net/img/user/", "suffix": "/TCYLAY34YODEAXGA.png"}, "homeCity": "Phuket, Thailand", "contact": {"facebook": "644249879"}, "firstName": "Kevin", "tips": {"count": 1}, "gender": "male", "lastName": "Rautenbach", "lists": {"groups": [{"count": 2, "type": "created", "items": []}]}, "bio": ""}, {"id": "1291026", "photo": {"prefix": "https://igx.4sqi.net/img/user/", "suffix": "/YJ1FXM2TZO0Z5MHX.jpg"}, "homeCity": "Tanjong Pagar, Singapore", "contact": {"facebook": "560921617", "twitter": "madamtans"}, "firstName": "Shen", "tips": {"count": 24}, "gender": "female", "lastName": "Tan", "lists": {"groups": [{"count": 2, "type": "created", "items": []}]}, "bio": ""}, {"id": "3974034", "photo": {"prefix": "https://igx.4sqi.net/img/user/", "suffix": "/RGAGQ4UMSPVYECFV.jpg"}, "homeCity": "Singapore", "contact": {"facebook": "719891275", "twitter": "willyfoo"}, "firstName": "Willy", "tips": {"count": 18}, "gender": "male", "lastName": "Foo", "lists": {"groups": [{"count": 2, "type": "created", "items": []}]}, "bio": ""}, {"id": "511761", "photo": {"prefix": "https://igx.4sqi.net/img/user/", "suffix": "/1R2GWFUUKLPNCH1W.jpg"}, "homeCity": "Singapore", "contact": {"facebook": "574032312", "twitter": "keropokman"}, "firstName": "Keropok", "tips": {"count": 8}, "gender": "male", "lastName": "Man", "lists": {"groups": [{"count": 2, "type": "created", "items": []}]}, "bio": ""}, {"id": "9952829", "photo": {"prefix": "https://igx.4sqi.net/img/user/", "suffix": "/4YIXSKNMUWF1PN01.jpg"}, "homeCity": "Puerto Princesa City, Philippines", "contact": {"facebook": "728710262"}, "firstName": "brigitte", "tips": {"count": 0}, "gender": "female", "lastName": "bustamante", "lists": {"groups": [{"count": 2, "type": "created", "items": []}]}, "bio": ""}, {"id": "10679652", "photo": {"prefix": "https://igx.4sqi.net/img/user/", "suffix": "/10679652-JCXFBLGTMWKMZBGU.jpg"}, "homeCity": "Singapore", "contact": {"twitter": "k3n_c"}, "firstName": "Kenneth", "tips": {"count": 0}, "gender": "male", "lastName": "Cheong", "lists": {"groups": [{"count": 2, "type": "created", "items": []}]}, "bio": ""}, {"id": "68738910", "photo": {"prefix": "https://igx.4sqi.net/img/user/", "suffix": "/ZVEWP5G4QGDGKBJY.jpg"}, "homeCity": "Singapore, 00", "contact": {"facebook": "100000872896685"}, "firstName": "Eyes At", "tips": {"count": 0}, "gender": "female", "lastName": "Work", "lists": {"groups": [{"count": 2, "type": "created", "items": []}]}, "bio": ""}, {"id": "25390038", "photo": {"prefix": "https://igx.4sqi.net/img/user/", "suffix": "/25390038-GE4HY2OP5XMEKPDH.jpg"}, "homeCity": "Munich, Germany", "contact": {"twitter": "theeternalquest"}, "firstName": "Devaki", "tips": {"count": 89}, "gender": "female", "lastName": "Menon", "lists": {"groups": [{"count": 2, "type": "created", "items": []}]}, "bio": "Foodie, lover of all things unhealthy including Beer!"}, {"id": "22210180", "photo": {"prefix": "https://igx.4sqi.net/img/user/", "default": true, "suffix": "/blank_girl.png"}, "homeCity": "New York, NY", "contact": {"facebook": "100001628946494"}, "firstName": "Susie", "tips": {"count": 0}, "gender": "female", "lastName": "Lim K", "lists": {"groups": [{"count": 2, "type": "created", "items": []}]}, "bio": ""}, {"id": "4185891", "photo": {"prefix": "https://igx.4sqi.net/img/user/", "suffix": "/KGNIQW2HWUBZPCCU.jpg"}, "homeCity": "Singapore", "contact": {"facebook": "749609350", "twitter": "alvinologist"}, "firstName": "Alvin", "tips": {"count": 8}, "gender": "male", "lastName": "Lim", "lists": {"groups": [{"count": 2, "type": "created", "items": []}]}, "bio": ""}, {"id": "473161", "photo": {"prefix": "https://igx.4sqi.net/img/user/", "suffix": "/5VPPT1USKQB1K2KS.png"}, "homeCity": "Serangoon, Singapore", "contact": {"facebook": "615730295", "twitter": "jarrelt"}, "firstName": "Jarrel", "tips": {"count": 0}, "gender": "male", "lastName": "Tan", "lists": {"groups": [{"count": 2, "type": "created", "items": []}]}, "bio": ""}, {"id": "2039480", "photo": {"prefix": "https://igx.4sqi.net/img/user/", "suffix": "/S21VIGAKBFVYMKSF.jpg"}, "homeCity": "Singapore", "contact": {"facebook": "682106615", "twitter": "janetteang"}, "firstName": "Janette", "tips": {"count": 5}, "gender": "none", "lastName": "Ang", "lists": {"groups": [{"count": 2, "type": "created", "items": []}]}, "bio": ""}, {"id": "5540269", "photo": {"prefix": "https://igx.4sqi.net/img/user/", "suffix": "/1CLK0OT0BNH5ZJ3V.jpg"}, "homeCity": "Singapore", "contact": {"facebook": "738263351"}, "firstName": "John", "tips": {"count": 1}, "gender": "male", "lastName": "Ng", "lists": {"groups": [{"count": 2, "type": "created", "items": []}]}, "bio": ""}, {"id": "76893181", "photo": {"prefix": "https://igx.4sqi.net/img/user/", "suffix": "/76893181-ZUGGOVE1NJLRWZKT.jpg"}, "homeCity": "Singapore", "contact": {"facebook": "571843792"}, "firstName": "Karen", "tips": {"count": 3}, "gender": "female", "lastName": "Wong", "lists": {"groups": [{"count": 5, "type": "created", "items": []}]}, "bio": ""}, {"id": "3342344", "photo": {"prefix": "https://igx.4sqi.net/img/user/", "suffix": "/3342344-OVQTPHONGCAPHBFX.jpg"}, "homeCity": "Magrathea, Betelgeuse", "contact": {"twitter": "gaires2359"}, "firstName": "Elle", "tips": {"count": 485}, "gender": "female", "lastName": "T.", "lists": {"groups": [{"count": 5, "type": "created", "items": []}]}, "bio": "Do u know where your towel is?"}, {"id": "2222126", "photo": {"prefix": "https://igx.4sqi.net/img/user/", "suffix": "/DUZT4CF0DVUMX4KB.jpg"}, "homeCity": "Singapore", "contact": {"facebook": "600674219"}, "firstName": "Tracy", "tips": {"count": 40}, "gender": "female", "lists": {"groups": [{"count": 3, "type": "created", "items": []}]}, "bio": ""}, {"id": "6350697", "photo": {"prefix": "https://igx.4sqi.net/img/user/", "suffix": "/HZC3ER1PDZCQ5KNV.jpg"}, "homeCity": "Singapore", "contact": {"facebook": "542499598", "twitter": "douglasgoh"}, "firstName": "Douglas", "tips": {"count": 9}, "gender": "male", "lastName": "Goh", "lists": {"groups": [{"count": 2, "type": "created", "items": []}]}, "bio": ""}, {"id": "56331636", "photo": {"prefix": "https://igx.4sqi.net/img/user/", "default": true, "suffix": "/blank_girl.png"}, "homeCity": "Taipei, 03", "contact": {"facebook": "1022022570"}, "firstName": "Claire", "tips": {"count": 0}, "gender": "female", "lastName": "Lin", "lists": {"groups": [{"count": 2, "type": "created", "items": []}]}, "bio": ""}, {"id": "2535546", "photo": {"prefix": "https://igx.4sqi.net/img/user/", "suffix": "/FPWCJCOQ3H3KYMQT.jpg"}, "homeCity": "Singapore", "contact": {"facebook": "741287761", "twitter": "sarahyong"}, "firstName": "Sarah", "tips": {"count": 37}, "gender": "female", "lastName": "Yong", "lists": {"groups": [{"count": 8, "type": "created", "items": []}]}, "bio": ""}, {"id": "22780868", "photo": {"prefix": "https://igx.4sqi.net/img/user/", "suffix": "/FTIBVKZ2GS0FSK5D.jpg"}, "homeCity": "New York, NY", "contact": {"facebook": "581369362"}, "firstName": "Terence", "tips": {"count": 1}, "gender": "male", "lastName": "Quek", "lists": {"groups": [{"count": 2, "type": "created", "items": []}]}, "bio": ""}, {"id": "4080159", "photo": {"prefix": "https://igx.4sqi.net/img/user/", "suffix": "/FB32OJSIVITMH1TO.jpg"}, "homeCity": "New York, NY", "contact": {"facebook": "528970355"}, "firstName": "Sitthiporn", "tips": {"count": 4}, "gender": "female", "lastName": "Samatwichakij", "lists": {"groups": [{"count": 2, "type": "created", "items": []}]}, "bio": ""}]}, "checksum": "f1cfd37588f0000945b654c1b26a8b71687fe7a7"}}