{"notifications": [{"type": "notificationTray", "item": {"unreadCount": 0}}], "meta": {"requestId": "5966e8eedd579712eb64b2ae", "code": 200}, "response": {"friends": {"count": 48, "items": [{"id": "56020711", "photo": {"prefix": "https://igx.4sqi.net/img/user/", "default": true, "suffix": "/blank_girl.png"}, "homeCity": "Singapore", "contact": {"facebook": "100000219904713"}, "firstName": "Wawa", "tips": {"count": 0}, "gender": "female", "lastName": "Ogy", "lists": {"groups": [{"count": 2, "type": "created", "items": []}]}, "bio": ""}, {"id": "4630497", "photo": {"prefix": "https://igx.4sqi.net/img/user/", "suffix": "/BVHXFVCI5TKEKP2E.jpg"}, "homeCity": "Singapore", "contact": {"facebook": "1029347681"}, "firstName": "Haiza", "tips": {"count": 0}, "gender": "female", "lastName": "Rashid", "lists": {"groups": [{"count": 2, "type": "created", "items": []}]}, "bio": ""}, {"id": "34835650", "photo": {"prefix": "https://igx.4sqi.net/img/user/", "suffix": "/34835650-Y15HRTJWA5Q0ZQ5S.jpg"}, "homeCity": "Long Islands", "contact": {"facebook": "100005239236807"}, "firstName": "Shamz", "tips": {"count": 10}, "gender": "male", "lastName": "Hayabusa", "lists": {"groups": [{"count": 3, "type": "created", "items": []}]}, "bio": ""}, {"id": "71628954", "photo": {"prefix": "https://igx.4sqi.net/img/user/", "suffix": "/71628954-H332ZNSZYCHXTGJX.jpg"}, "homeCity": "Singapore", "contact": {"facebook": "1109237140"}, "firstName": "Mariam", "tips": {"count": 0}, "gender": "female", "lastName": "Latiff", "lists": {"groups": [{"count": 2, "type": "created", "items": []}]}, "bio": ""}, {"id": "12068109", "photo": {"prefix": "https://igx.4sqi.net/img/user/", "suffix": "/12068109-XTKPCBQG3HGYBRFH.jpg"}, "homeCity": "NY", "contact": {}, "firstName": "Quinz", "tips": {"count": 1}, "gender": "female", "lastName": "AdorAdorable", "lists": {"groups": [{"count": 2, "type": "created", "items": []}]}, "bio": ""}, {"id": "7853676", "photo": {"prefix": "https://igx.4sqi.net/img/user/", "suffix": "/DLUX1KFPJTHCLMWZ.jpg"}, "homeCity": "fonzie's santuary", "contact": {"facebook": "1179557873"}, "firstName": "\u00ae Fonzie \u2122", "tips": {"count": 1}, "gender": "male", "lastName": "\u2650 Atan \u26a1", "lists": {"groups": [{"count": 2, "type": "created", "items": []}]}, "bio": ""}, {"id": "1388960", "photo": {"prefix": "https://igx.4sqi.net/img/user/", "suffix": "/1388960-NGCMARYEFDLJ4SW5.jpg"}, "homeCity": "Boston", "contact": {"twitter": "cherienooz"}, "firstName": "Niny", "tips": {"count": 47}, "superuser": 5, "gender": "female", "lastName": "Ali-Smith", "lists": {"groups": [{"count": 2, "type": "created", "items": []}]}, "bio": "Polymorphic alien who loves elektro, retro, ghetto, house & techno."}, {"id": "5590720", "photo": {"prefix": "https://igx.4sqi.net/img/user/", "suffix": "/MLNH5LZVEYNJIU34.jpg"}, "homeCity": "Singapore", "contact": {}, "firstName": "Aka", "tips": {"count": 2}, "gender": "female", "lastName": "Sha", "lists": {"groups": [{"count": 3, "type": "created", "items": []}]}, "bio": "Wanna Know About Me Call 1800-AKA_ShA ^^ \r\nJangan Buat Wanita Itu Jatuh Cinta Kalau Anda Tak Cintakan Dia"}, {"id": "2248165", "photo": {"prefix": "https://igx.4sqi.net/img/user/", "suffix": "/10510DIADMXFOBJ5.jpg"}, "homeCity": "Singapore", "contact": {"facebook": "1260579070"}, "firstName": "'Sue'", "tips": {"count": 11}, "gender": "female", "lastName": "Suriyana", "lists": {"groups": [{"count": 2, "type": "created", "items": []}]}, "bio": ""}, {"id": "4917239", "photo": {"prefix": "https://igx.4sqi.net/img/user/", "suffix": "/2CKD44TMEPCOGS2M.jpg"}, "homeCity": "Singapore", "contact": {"twitter": "yusryaz"}, "firstName": "YusryAz", "tips": {"count": 0}, "gender": "male", "lastName": "Azmi", "lists": {"groups": [{"count": 2, "type": "created", "items": []}]}, "bio": ""}, {"id": "2934260", "photo": {"prefix": "https://igx.4sqi.net/img/user/", "suffix": "/VACZXG3KZRSZ3YZL.jpg"}, "homeCity": "Singapore", "contact": {"facebook": "589896070", "twitter": "nunusiszyboo"}, "firstName": "Nunu", "tips": {"count": 0}, "gender": "female", "lists": {"groups": [{"count": 2, "type": "created", "items": []}]}, "bio": ""}, {"id": "9693293", "photo": {"prefix": "https://igx.4sqi.net/img/user/", "suffix": "/EA4IC0GX1C5THSK3.jpg"}, "homeCity": "Singapore", "contact": {"facebook": "100001404430487"}, "firstName": "Izack", "tips": {"count": 0}, "gender": "male", "lastName": "Rockstar", "lists": {"groups": [{"count": 2, "type": "created", "items": []}]}, "bio": ""}, {"id": "4827584", "photo": {"prefix": "https://igx.4sqi.net/img/user/", "suffix": "/3SF0E4PB5YNROB5Q.jpg"}, "homeCity": "Singapore", "contact": {"facebook": "665664078"}, "firstName": "MonTingTong", "tips": {"count": 0}, "gender": "male", "lists": {"groups": [{"count": 2, "type": "created", "items": []}]}, "bio": ""}, {"id": "34556527", "photo": {"prefix": "https://igx.4sqi.net/img/user/", "suffix": "/A54WM5FGT2LXMAKB.jpg"}, "homeCity": "New York, NY", "contact": {"facebook": "547281811"}, "firstName": "Tony", "tips": {"count": 0}, "gender": "male", "lastName": "\u8d22\u534e", "lists": {"groups": [{"count": 2, "type": "created", "items": []}]}, "bio": ""}, {"id": "8318112", "photo": {"prefix": "https://igx.4sqi.net/img/user/", "suffix": "/FW1OKLJGWSGIPYMV.jpg"}, "homeCity": "Singapore", "contact": {"facebook": "1005529447"}, "firstName": "shasha", "tips": {"count": 4}, "gender": "female", "lastName": "shah", "lists": {"groups": [{"count": 2, "type": "created", "items": []}]}, "bio": ""}, {"id": "1185518", "photo": {"prefix": "https://igx.4sqi.net/img/user/", "suffix": "/1185518-K0UJQXQBKT2OKLSM.jpg"}, "homeCity": "", "contact": {}, "firstName": "\u2665Agnes\u2665", "tips": {"count": 13}, "gender": "female", "lists": {"groups": [{"count": 2, "type": "created", "items": []}]}, "bio": "\u2665simple woman with a simple life.\u2665"}, {"id": "2438899", "photo": {"prefix": "https://igx.4sqi.net/img/user/", "suffix": "/0WXZTBRYYEKPN2T2.jpg"}, "homeCity": "Singapore", "contact": {"facebook": "1821948740"}, "firstName": "Khairul", "tips": {"count": 17}, "gender": "male", "lastName": "Nizam", "lists": {"groups": [{"count": 2, "type": "created", "items": []}]}, "bio": ""}, {"id": "34065286", "photo": {"prefix": "https://igx.4sqi.net/img/user/", "suffix": "/EBTTI5PMVPCT4SSI.jpg"}, "homeCity": "New York", "contact": {"facebook": "100000412830511"}, "firstName": "\u2665 Puteri Nour", "tips": {"count": 0}, "gender": "female", "lastName": "Hikmah \u2665", "lists": {"groups": [{"count": 2, "type": "created", "items": []}]}, "bio": ""}, {"id": "27589091", "photo": {"prefix": "https://igx.4sqi.net/img/user/", "suffix": "/BC2T12DK10BVFEWL.jpg"}, "homeCity": "Singapore", "contact": {}, "firstName": "Emi", "tips": {"count": 0}, "gender": "female", "lastName": "Norman", "lists": {"groups": [{"count": 2, "type": "created", "items": []}]}, "bio": ""}, {"id": "4880528", "photo": {"prefix": "https://igx.4sqi.net/img/user/", "suffix": "/SJRBD3PPCWWUU5WI.jpg"}, "homeCity": "Singapore", "contact": {"facebook": "736257733"}, "firstName": "Aidah", "tips": {"count": 0}, "gender": "female", "lastName": "Cina", "lists": {"groups": [{"count": 2, "type": "created", "items": []}]}, "bio": ""}, {"id": "83750988", "photo": {"prefix": "https://igx.4sqi.net/img/user/", "suffix": "/83750988-VVIDZUEOKUANZI1C.jpg"}, "homeCity": "Singapore", "contact": {"facebook": "100006581891964"}, "firstName": "Amoii", "tips": {"count": 0}, "gender": "female", "lastName": "Sewelz", "lists": {"groups": [{"count": 2, "type": "created", "items": []}]}, "bio": ""}, {"id": "20080909", "photo": {"prefix": "https://igx.4sqi.net/img/user/", "suffix": "/4MH0A5ETDEQNJJYW.jpg"}, "homeCity": "Singapore", "contact": {"facebook": "100000928846002"}, "firstName": "Wan", "tips": {"count": 0}, "gender": "male", "lastName": "Abraham", "lists": {"groups": [{"count": 2, "type": "created", "items": []}]}, "bio": "Always Positive!"}, {"id": "20814951", "photo": {"prefix": "https://igx.4sqi.net/img/user/", "suffix": "/4K5BMQTW1CZ0C50A.jpg"}, "homeCity": "Singapore", "contact": {"facebook": "652410891"}, "firstName": "Gorjet", "tips": {"count": 0}, "gender": "male", "lastName": "Ismail", "lists": {"groups": [{"count": 2, "type": "created", "items": []}]}, "bio": ""}, {"id": "5634829", "photo": {"prefix": "https://igx.4sqi.net/img/user/", "suffix": "/3WSP0OPMN0JH53GD.jpg"}, "homeCity": "Singapore", "contact": {"facebook": "1683039349"}, "firstName": "Nana", "tips": {"count": 1}, "gender": "female", "lastName": "Ian", "lists": {"groups": [{"count": 2, "type": "created", "items": []}]}, "bio": ""}, {"id": "3355603", "photo": {"prefix": "https://igx.4sqi.net/img/user/", "suffix": "/3355603-WLFJPWFHUZY3KTKV.jpg"}, "homeCity": "Singapore", "contact": {"facebook": "1583275138", "twitter": "simyiqing"}, "firstName": "Yiqing", "tips": {"count": 1}, "gender": "female", "lastName": "Sim", "lists": {"groups": [{"count": 2, "type": "created", "items": []}]}, "bio": ""}, {"id": "16652452", "photo": {"prefix": "https://igx.4sqi.net/img/user/", "suffix": "/0T0XVOTEK5QGUGFX.jpg"}, "homeCity": "Singapore", "contact": {"facebook": "100003540734954"}, "firstName": "Shuhaimi", "tips": {"count": 4}, "gender": "male", "lastName": "Emi", "lists": {"groups": [{"count": 2, "type": "created", "items": []}]}, "bio": ""}, {"id": "3061101", "photo": {"prefix": "https://igx.4sqi.net/img/user/", "suffix": "/UA0RHWQPYU3CDPG3.jpg"}, "homeCity": "Singapore", "contact": {"facebook": "100001398305352", "twitter": "adam_mummy"}, "firstName": "Abby", "tips": {"count": 3}, "gender": "female", "lastName": "Izaura", "lists": {"groups": [{"count": 2, "type": "created", "items": []}]}, "bio": ""}, {"id": "14536134", "photo": {"prefix": "https://igx.4sqi.net/img/user/", "suffix": "/4AKTUG20VB4GY2SH.jpg"}, "homeCity": "NY", "contact": {"facebook": "519694869"}, "firstName": "ikiin", "tips": {"count": 0}, "gender": "female", "lastName": "chubbs", "lists": {"groups": [{"count": 2, "type": "created", "items": []}]}, "bio": ""}, {"id": "2017309", "photo": {"prefix": "https://igx.4sqi.net/img/user/", "suffix": "/LMS0X4LZBY32W5MM.jpg"}, "homeCity": "Singapore", "contact": {"facebook": "716303691", "twitter": "iqbaljunaidi"}, "firstName": "Iqbal Junaidi", "tips": {"count": 10}, "gender": "male", "lists": {"groups": [{"count": 6, "type": "created", "items": []}]}, "bio": "instagram/iqbaljunaidi"}, {"id": "2842956", "photo": {"prefix": "https://igx.4sqi.net/img/user/", "suffix": "/QM32I21KGVTT24HO.jpg"}, "homeCity": "Singapore", "contact": {"facebook": "530420116", "twitter": "nurynabyllah"}, "firstName": "nury", "tips": {"count": 0}, "gender": "female", "lastName": "bel", "lists": {"groups": [{"count": 2, "type": "created", "items": []}]}, "bio": ""}, {"id": "34114159", "photo": {"prefix": "https://igx.4sqi.net/img/user/", "default": true, "suffix": "/blank_boy.png"}, "homeCity": "New York, NY", "contact": {"facebook": "1777549274"}, "firstName": "Amyn", "tips": {"count": 0}, "gender": "male", "lists": {"groups": [{"count": 2, "type": "created", "items": []}]}, "bio": ""}, {"id": "27411576", "photo": {"prefix": "https://igx.4sqi.net/img/user/", "suffix": "/CQ4PHU3AOTEDUNNM.jpg"}, "homeCity": "singapore, sg", "contact": {"facebook": "100000146200818"}, "firstName": "Kaseh", "tips": {"count": 2}, "gender": "female", "lastName": "Rahamat", "lists": {"groups": [{"count": 3, "type": "created", "items": []}]}, "bio": "Nothing to bedone, unless U do it Yourself!!"}, {"id": "20250493", "photo": {"prefix": "https://igx.4sqi.net/img/user/", "suffix": "/GHY4ECNW43PB0F52.jpg"}, "homeCity": "New York, NY", "contact": {"facebook": "100001866829215"}, "firstName": "Inavampy", "tips": {"count": 0}, "gender": "female", "lastName": "Souzatek", "lists": {"groups": [{"count": 2, "type": "created", "items": []}]}, "bio": ""}, {"id": "6074185", "photo": {"prefix": "https://igx.4sqi.net/img/user/", "suffix": "/4QF1QXF3MKRYLRCO.jpg"}, "homeCity": "Singapore", "contact": {"facebook": "1121769579"}, "firstName": "|\u2202\uff91", "tips": {"count": 14}, "gender": "female", "lastName": "\u03adSc\uff91\u0500\uff91", "lists": {"groups": [{"count": 2, "type": "created", "items": []}]}, "bio": ""}, {"id": "4900808", "photo": {"prefix": "https://igx.4sqi.net/img/user/", "suffix": "/GDWR5K4SO1EQATFM.jpg"}, "homeCity": "Singapore", "contact": {"facebook": "100000691180688"}, "firstName": "Rouge", "tips": {"count": 2}, "gender": "female", "lastName": "Laviathon", "lists": {"groups": [{"count": 2, "type": "created", "items": []}]}, "bio": ""}, {"id": "2331020", "photo": {"prefix": "https://igx.4sqi.net/img/user/", "suffix": "/GY4ASVT0F4RZT4NZ.jpg"}, "homeCity": "Bandar Sunway, Selangor", "contact": {"facebook": "100003790727249", "twitter": "dewichandra7"}, "firstName": "Dewi", "tips": {"count": 0}, "gender": "female", "lastName": "Chandra", "lists": {"groups": [{"count": 2, "type": "created", "items": []}]}, "bio": ""}, {"id": "3693519", "photo": {"prefix": "https://igx.4sqi.net/img/user/", "suffix": "/HWE31BCFIRUXII0F.jpg"}, "homeCity": "Singapore", "contact": {"facebook": "753216868"}, "firstName": "Muhammad Yazid", "tips": {"count": 8}, "gender": "male", "lastName": "Mohamed Yusof", "lists": {"groups": [{"count": 2, "type": "created", "items": []}]}, "bio": ""}, {"id": "21552300", "photo": {"prefix": "https://igx.4sqi.net/img/user/", "suffix": "/WYPWFJDMJC5UC5VW.jpg"}, "homeCity": "New York, NY", "contact": {"facebook": "637208219"}, "firstName": "Joanna", "tips": {"count": 0}, "gender": "female", "lastName": "Lee", "lists": {"groups": [{"count": 2, "type": "created", "items": []}]}, "bio": ""}, {"id": "11186473", "photo": {"prefix": "https://igx.4sqi.net/img/user/", "suffix": "/JKDHRBOLEH5WYVW4.jpg"}, "homeCity": "Singapore", "contact": {"facebook": "100002710995099"}, "firstName": "I'am", "tips": {"count": 5}, "gender": "female", "lastName": "LaDora", "lists": {"groups": [{"count": 2, "type": "created", "items": []}]}, "bio": ""}, {"id": "4985884", "photo": {"prefix": "https://igx.4sqi.net/img/user/", "suffix": "/HEKANW42WXJ2VFBP.jpg"}, "homeCity": "Singapore", "contact": {"facebook": "100000427845719"}, "firstName": "Jiema", "tips": {"count": 6}, "gender": "female", "lastName": "Ishak", "lists": {"groups": [{"count": 2, "type": "created", "items": []}]}, "bio": ""}, {"id": "4116200", "photo": {"prefix": "https://igx.4sqi.net/img/user/", "suffix": "/4116200-WF201KCSJRO5BHHQ.jpg"}, "homeCity": "singapore", "contact": {"facebook": "1070313840"}, "firstName": "Elv", "tips": {"count": 3}, "gender": "female", "lastName": "Evon", "lists": {"groups": [{"count": 2, "type": "created", "items": []}]}, "bio": ""}, {"id": "4752342", "photo": {"prefix": "https://igx.4sqi.net/img/user/", "suffix": "/AFLHAW30R35RE0IY.jpg"}, "homeCity": "Singapore", "contact": {}, "firstName": "Lady", "tips": {"count": 15}, "gender": "female", "lastName": "Diyana", "lists": {"groups": [{"count": 2, "type": "created", "items": []}]}, "bio": "The Gemini Lady"}, {"id": "27293877", "photo": {"prefix": "https://igx.4sqi.net/img/user/", "suffix": "/3JJAJHK4LZO45KSS.jpg"}, "homeCity": "Singapore", "contact": {"facebook": "100002379446845"}, "firstName": "Didi", "tips": {"count": 0}, "gender": "male", "lastName": "Ilah", "lists": {"groups": [{"count": 2, "type": "created", "items": []}]}, "bio": ""}, {"id": "13912442", "photo": {"prefix": "https://igx.4sqi.net/img/user/", "suffix": "/RLBWSPRIRNWGDUAC.jpg"}, "homeCity": "Singapore", "contact": {"facebook": "100002939282354"}, "firstName": "AbBy Ann", "tips": {"count": 2}, "gender": "female", "lastName": "LoVe", "lists": {"groups": [{"count": 2, "type": "created", "items": []}]}, "bio": ""}, {"id": "7423463", "photo": {"prefix": "https://igx.4sqi.net/img/user/", "suffix": "/7423463-P3BN5HPMPSQTRHSQ.jpg"}, "homeCity": "Johor, Malaysia", "contact": {}, "firstName": "Jess", "tips": {"count": 6}, "gender": "female", "lastName": "Yap", "lists": {"groups": [{"count": 2, "type": "created", "items": []}]}, "bio": ""}, {"id": "13157574", "photo": {"prefix": "https://igx.4sqi.net/img/user/", "suffix": "/NN1JHS4FBT35UPKC.jpg"}, "homeCity": "NY", "contact": {"facebook": "592165734"}, "firstName": "Juliana", "tips": {"count": 1}, "gender": "female", "lastName": "Khan", "lists": {"groups": [{"count": 2, "type": "created", "items": []}]}, "bio": ""}, {"id": "9026375", "photo": {"prefix": "https://igx.4sqi.net/img/user/", "suffix": "/MDY0MOEOOQUXMRQU.jpg"}, "homeCity": "Singapore", "contact": {"facebook": "721559176"}, "firstName": "Fiza", "tips": {"count": 0}, "gender": "female", "lastName": "Norhafizzah", "lists": {"groups": [{"count": 2, "type": "created", "items": []}]}, "bio": ""}, {"id": "19534103", "photo": {"prefix": "https://igx.4sqi.net/img/user/", "suffix": "/PJMCWZ0UHCOZFB4J.jpg"}, "homeCity": "Singapore", "contact": {"facebook": "100001105046203"}, "firstName": "Awie", "tips": {"count": 0}, "gender": "male", "lastName": "Alshahab", "lists": {"groups": [{"count": 2, "type": "created", "items": []}]}, "bio": ""}]}, "checksum": "9e7cd65e174c22b2bec0e54230740d638a1803d7"}}