{"notifications": [{"type": "notificationTray", "item": {"unreadCount": 0}}], "meta": {"requestId": "59670cb41ed21962cde1f461", "code": 200}, "response": {"friends": {"count": 12, "items": [{"id": "260514", "photo": {"prefix": "https://igx.4sqi.net/img/user/", "suffix": "/4Z2LUJKXMOYBIQNW.jpg"}, "homeCity": "Singapore", "contact": {"facebook": "1245977899", "twitter": "ykatou"}, "firstName": "Yorihiko Paul", "tips": {"count": 0}, "gender": "male", "lastName": "Katou", "lists": {"groups": [{"count": 2, "type": "created", "items": []}]}, "bio": "\u300c\u65e5\u672c\u3092\u5916\u304b\u3089\u63fa\u3055\u3076\u308a\u523a\u6fc0\u3092\u4e0e\u3048\u308b\u300d\u3079\u304f\u30b7\u30f3\u30ac\u30dd\u30fc\u30eb\u3068\u30a2\u30b8\u30a2\u5404\u56fd\uff06\u65e5\u672c\u3092\u53cd\u5fa9\u6a2a\u3068\u3073\u3059\u308b\u5927\u962a\u4eba\u4e8b\u696d\u5bb6\u306e\u30dd\u30b8\u30b7\u30e7\u30f3\u30c8\u30fc\u30af\u3002\r\n\u30a2\u30b8\u30a2\u306e\u30a6\u30df\u30ac\u30e1\u3001\u30b9\u30bf\u30fc\u30c8\u30a2\u30c3\u30d7\u3001\u7d4c\u6e08\u3001\u30ab\u30e9\u30aa\u30b1\u3001\u653f\u6cbb\u3001\u65c5\u3001\u6885\u3055\u3093\u3001\u548c\u50d1\u3001\u6620\u753b \u3001\u30d9\u30f3\u30c1\u30e3\u30fc\u3001\u9ebb\u5e03\u5341\u756a\u3001JPOP\u3001\u4e2d\u5ddd\u89aa\u5b50\u3001\u96d1\u8a8c\u3001ASEAN\u3001\u6a4b\u4e0b\u7dad\u65b0\u3001\u5e83\u544a\u3068\u304b\uff5c\u3054\u9023\u7d61\u306fykatou@G\u30e1\u30fc\u30eb\u8fc4"}, {"id": "1339539", "photo": {"prefix": "https://igx.4sqi.net/img/user/", "suffix": "/1339539-AIRJPNFKHLZSMUDJ.jpg"}, "homeCity": "Singapore", "contact": {"facebook": "556060268", "twitter": "ian_sg"}, "firstName": "Ian", "tips": {"count": 634}, "gender": "male", "lastName": "Thomtori", "lists": {"groups": [{"count": 5, "type": "created", "items": []}]}, "bio": "Food enthusiast & gym rat. Be my Fren n follow me. Talk to me at Instagram & Tumblr: THOMTORI & Line:THOMTORITORI"}, {"id": "251391", "photo": {"prefix": "https://igx.4sqi.net/img/user/", "suffix": "/AGD4R20RFAHFA0ZD.jpg"}, "homeCity": "\u4e16\u7530\u8c37\u533a, \u6771\u4eac", "contact": {"facebook": "100000946344530", "twitter": "5050tokyo"}, "firstName": "5050tokyo", "tips": {"count": 0}, "gender": "male", "lists": {"groups": [{"count": 2, "type": "created", "items": []}]}, "bio": ""}, {"id": "76387660", "photo": {"prefix": "https://igx.4sqi.net/img/user/", "default": true, "suffix": "/blank_girl.png"}, "homeCity": "Drewryville, VA", "contact": {}, "firstName": "Sylvia", "tips": {"count": 0}, "gender": "female", "lastName": "Chu", "lists": {"groups": [{"count": 2, "type": "created", "items": []}]}, "bio": "Im lonley..give me company??"}, {"id": "1742175", "photo": {"prefix": "https://igx.4sqi.net/img/user/", "suffix": "/D0EXRPNOOFY3RJ1N.jpg"}, "homeCity": "Munich, DE", "contact": {"facebook": "10203865370969881", "twitter": "camille369"}, "firstName": "Camille", "tips": {"count": 18}, "gender": "female", "lastName": "Karmyer", "lists": {"groups": [{"count": 16, "type": "created", "items": []}]}, "bio": ""}, {"id": "390139", "photo": {"prefix": "https://igx.4sqi.net/img/user/", "suffix": "/1QQGPS4PCNNFGIXX.jpg"}, "homeCity": "San Francisco, CA", "contact": {"facebook": "590100266", "twitter": "gshibayama"}, "firstName": "Gen", "tips": {"count": 1}, "gender": "male", "lastName": "Shibayama", "lists": {"groups": [{"count": 2, "type": "created", "items": []}]}, "bio": ""}, {"id": "80545632", "photo": {"prefix": "https://igx.4sqi.net/img/user/", "suffix": "/80545632-XOCYI52XPGM2BZX3.jpg"}, "homeCity": "", "contact": {}, "firstName": "Helena", "tips": {"count": 0}, "gender": "female", "lastName": "Cote", "lists": {"groups": [{"count": 2, "type": "created", "items": []}]}, "bio": ""}, {"id": "2103018", "photo": {"prefix": "https://igx.4sqi.net/img/user/", "suffix": "/AJOZ5BKUELCMDRAK.jpg"}, "homeCity": "Singapore", "contact": {"facebook": "1411111411", "twitter": "tomyuo"}, "firstName": "Kei", "tips": {"count": 0}, "gender": "male", "lastName": "Ichikawa", "lists": {"groups": [{"count": 2, "type": "created", "items": []}]}, "bio": ""}, {"id": "54782207", "photo": {"prefix": "https://igx.4sqi.net/img/user/", "suffix": "/DZIHD2WVQMKPVI2H.jpg"}, "homeCity": "Singapore", "contact": {"facebook": "1266829857", "twitter": "k1h"}, "firstName": "@k1h", "tips": {"count": 163}, "gender": "male", "lists": {"groups": [{"count": 81, "type": "created", "items": []}]}, "bio": "avocado nuts&cheese"}, {"id": "274528", "photo": {"prefix": "https://igx.4sqi.net/img/user/", "suffix": "/BDSMH13FVUKY2I3O.jpg"}, "homeCity": "Singapore", "contact": {}, "firstName": "Yuri", "tips": {"count": 13}, "gender": "female", "lastName": "Lam", "lists": {"groups": [{"count": 9, "type": "created", "items": []}]}, "bio": ""}, {"id": "81791870", "photo": {"prefix": "https://igx.4sqi.net/img/user/", "suffix": "/81791870-AC0LAKFQARVAMAGZ.jpg"}, "homeCity": "", "contact": {}, "firstName": "Liana", "tips": {"count": 0}, "gender": "female", "lastName": "Berger", "lists": {"groups": [{"count": 2, "type": "created", "items": []}]}, "bio": ""}, {"id": "104353563", "photo": {"prefix": "https://igx.4sqi.net/img/user/", "suffix": "/104353563-2DVR0LYPVO0GOURO.jpg"}, "homeCity": "TOKYO JAPAN ", "contact": {"twitter": "cove_point0044"}, "firstName": "cove_point0044", "tips": {"count": 3}, "gender": "none", "lists": {"groups": [{"count": 2, "type": "created", "items": []}]}, "bio": ""}]}, "checksum": "305f37dc98fefdd0e488cf350a45b4394933e901"}}