{"notifications": [{"type": "notificationTray", "item": {"unreadCount": 0}}], "meta": {"requestId": "5966d610dd579712ea6a3728", "code": 200}, "response": {"friends": {"count": 48, "items": [{"id": "9504463", "photo": {"prefix": "https://igx.4sqi.net/img/user/", "suffix": "/RVDPC0DZRSBV3M1O.jpg"}, "homeCity": "Singapore", "contact": {"facebook": "627660757"}, "firstName": "Tsz Ho", "tips": {"count": 3}, "gender": "male", "lists": {"groups": [{"count": 2, "type": "created", "items": []}]}, "bio": ""}, {"id": "4357380", "photo": {"prefix": "https://igx.4sqi.net/img/user/", "suffix": "/2AB10AZJXTSIV1NE.jpg"}, "homeCity": "Singapore", "contact": {"facebook": "1048951164", "twitter": "alvinspiration"}, "firstName": "Alvin", "tips": {"count": 15}, "gender": "male", "lastName": "\u2665", "lists": {"groups": [{"count": 2, "type": "created", "items": []}]}, "bio": ""}, {"id": "4530281", "photo": {"prefix": "https://igx.4sqi.net/img/user/", "suffix": "/EUG4HJTAD4XIGQLI.jpg"}, "homeCity": "Singapore", "contact": {"facebook": "566034542", "twitter": "joshuaspgj"}, "firstName": "joshua", "tips": {"count": 0}, "gender": "male", "lastName": "LikesNextChill", "lists": {"groups": [{"count": 2, "type": "created", "items": []}]}, "bio": ""}, {"id": "66948953", "photo": {"prefix": "https://igx.4sqi.net/img/user/", "suffix": "/66948953-QCZMGGZ1L3XRXCDH.jpg"}, "homeCity": "Singapore, Singapore", "contact": {"facebook": "649074558555001"}, "firstName": "Joey", "tips": {"count": 0}, "gender": "female", "lastName": "Cubtudkhang", "lists": {"groups": [{"count": 2, "type": "created", "items": []}]}, "bio": ""}, {"id": "3779951", "photo": {"prefix": "https://igx.4sqi.net/img/user/", "suffix": "/A0RMHTEGDO3LKTJ4.jpg"}, "homeCity": "Singapore", "contact": {"facebook": "1397657384"}, "firstName": ">_~", "tips": {"count": 5}, "gender": "male", "lastName": "Wink!!", "lists": {"groups": [{"count": 2, "type": "created", "items": []}]}, "bio": ""}, {"id": "20218382", "photo": {"prefix": "https://igx.4sqi.net/img/user/", "suffix": "/Y4RK3FZOY2GGLBMB.jpg"}, "homeCity": "New York, NY", "contact": {"facebook": "100001333398090"}, "firstName": "Alson", "tips": {"count": 0}, "gender": "male", "lastName": "Lee", "lists": {"groups": [{"count": 2, "type": "created", "items": []}]}, "bio": ""}, {"id": "1792621", "photo": {"prefix": "https://igx.4sqi.net/img/user/", "suffix": "/1792621-TSPQEPZOSBG4VPGL.jpg"}, "homeCity": "Singapore", "contact": {"facebook": "879875289", "twitter": "effynius"}, "firstName": "Vikki", "tips": {"count": 0}, "gender": "female", "lastName": "Effynius", "lists": {"groups": [{"count": 2, "type": "created", "items": []}]}, "bio": "Effynius | Beauty Fashion Lifestyle | Blogger\r\n\r\nFacebook: http://facebook.com/effynius\r\n\r\nBlog: http://effynius.com"}, {"id": "5186138", "photo": {"prefix": "https://igx.4sqi.net/img/user/", "suffix": "/1P55C5VSZG0WCFUV.jpg"}, "homeCity": "Singapore", "contact": {"facebook": "623661678"}, "firstName": "Christopher", "tips": {"count": 2}, "gender": "male", "lastName": "Lee", "lists": {"groups": [{"count": 2, "type": "created", "items": []}]}, "bio": ""}, {"id": "3901380", "photo": {"prefix": "https://igx.4sqi.net/img/user/", "suffix": "/GRSMNZ5TDDLLE1SE.jpg"}, "homeCity": "Singapore", "contact": {"facebook": "100002224501262", "twitter": "gengen_loves"}, "firstName": "QiiangQiiang<3s~", "tips": {"count": 18}, "gender": "male", "lists": {"groups": [{"count": 2, "type": "created", "items": []}]}, "bio": ""}, {"id": "5029239", "photo": {"prefix": "https://igx.4sqi.net/img/user/", "suffix": "/W0G5A02S0GXFHXZX.jpg"}, "homeCity": "Singapore", "contact": {"facebook": "727853433"}, "firstName": "Jacky", "tips": {"count": 5}, "gender": "male", "lastName": "Foo", "lists": {"groups": [{"count": 2, "type": "created", "items": []}]}, "bio": ""}, {"id": "65750130", "photo": {"prefix": "https://igx.4sqi.net/img/user/", "suffix": "/FBM1TSZHAIWQUDI1.jpg"}, "homeCity": "Singapore, 00", "contact": {"facebook": "1651496697"}, "firstName": "Ahkel", "tips": {"count": 0}, "gender": "male", "lastName": "TheNerd", "lists": {"groups": [{"count": 2, "type": "created", "items": []}]}, "bio": ""}, {"id": "11947649", "photo": {"prefix": "https://igx.4sqi.net/img/user/", "suffix": "/SV5SDNJESEUSVWKU.jpg"}, "homeCity": "Singapore", "contact": {"facebook": "1024034061", "twitter": "jokerdardi"}, "firstName": "Justiinn", "tips": {"count": 1}, "gender": "male", "lastName": "Ohmygod", "lists": {"groups": [{"count": 2, "type": "created", "items": []}]}, "bio": ""}, {"id": "1908041", "photo": {"prefix": "https://igx.4sqi.net/img/user/", "suffix": "/H0MUVGFCGFNGRZBD.jpg"}, "homeCity": "Singapore", "contact": {"facebook": "621636895"}, "firstName": "Trevor", "tips": {"count": 2}, "gender": "male", "lastName": "K", "lists": {"groups": [{"count": 2, "type": "created", "items": []}]}, "bio": ""}, {"id": "84486740", "photo": {"prefix": "https://igx.4sqi.net/img/user/", "suffix": "/-BGNW534CTDAFL554.gif"}, "homeCity": "Singapore, Singapore", "contact": {"facebook": "100008243497276"}, "firstName": "Champs industrial pte ltd", "tips": {"count": 3}, "gender": "male", "lastName": "http://champs-vn.com", "lists": {"groups": [{"count": 5, "type": "created", "items": []}]}, "bio": "Champs group\r\nhttp://champs-vn.com"}, {"id": "1659626", "photo": {"prefix": "https://igx.4sqi.net/img/user/", "suffix": "/4L10CP0MTIJCAOZ4.jpg"}, "homeCity": "Singapore", "contact": {"facebook": "745508772"}, "firstName": "Benjamin", "tips": {"count": 4}, "gender": "male", "lastName": "Xu", "lists": {"groups": [{"count": 2, "type": "created", "items": []}]}, "bio": ""}, {"id": "2590193", "photo": {"prefix": "https://igx.4sqi.net/img/user/", "suffix": "/WN1C1IGB4IATYY0X.jpg"}, "homeCity": "Singapore", "contact": {"facebook": "552992574"}, "firstName": "Roy", "tips": {"count": 0}, "gender": "male", "lastName": "Chee", "lists": {"groups": [{"count": 2, "type": "created", "items": []}]}, "bio": ""}, {"id": "32596937", "photo": {"prefix": "https://igx.4sqi.net/img/user/", "suffix": "/SSJ3WQYT4R4WG0CG.jpg"}, "homeCity": "New York, NY", "contact": {"facebook": "100000920783340"}, "firstName": "Jade Lawiwal", "tips": {"count": 0}, "gender": "female", "lastName": "Panwongrod", "lists": {"groups": [{"count": 2, "type": "created", "items": []}]}, "bio": ""}, {"id": "52686279", "photo": {"prefix": "https://igx.4sqi.net/img/user/", "suffix": "/H4RMW2RFENYYNKJO.jpg"}, "homeCity": "Singapore", "contact": {"facebook": "974569382602099", "twitter": "vodkacandies"}, "firstName": "Jerine", "tips": {"count": 0}, "gender": "female", "lastName": "Hjy", "lists": {"groups": [{"count": 2, "type": "created", "items": []}]}, "bio": "Don't stalk me \r\nTwitter; vodkacandies"}, {"id": "11562739", "photo": {"prefix": "https://igx.4sqi.net/img/user/", "suffix": "/MN1VO0LS5APXRN3I.jpg"}, "homeCity": "Singapore", "contact": {"facebook": "726502110", "twitter": "msjasden"}, "firstName": "MsJassy", "tips": {"count": 1}, "gender": "female", "lastName": "LoveJayden", "lists": {"groups": [{"count": 3, "type": "created", "items": []}]}, "bio": ""}, {"id": "12389245", "photo": {"prefix": "https://igx.4sqi.net/img/user/", "suffix": "/SF54ITP51RFDPHVN.jpg"}, "homeCity": "Singapore", "contact": {"facebook": "775555642", "twitter": "coldblizz"}, "firstName": "Wen Xiang", "tips": {"count": 4}, "gender": "male", "lastName": "Benedict", "lists": {"groups": [{"count": 2, "type": "created", "items": []}]}, "bio": ""}, {"id": "6803847", "photo": {"prefix": "https://igx.4sqi.net/img/user/", "suffix": "/TJYFHVVQBTDSUFJB.jpg"}, "homeCity": "Singapore", "contact": {"facebook": "722666747", "twitter": "xkasdaya"}, "firstName": "Dyana", "tips": {"count": 0}, "gender": "female", "lists": {"groups": [{"count": 2, "type": "created", "items": []}]}, "bio": ""}, {"id": "12038735", "photo": {"prefix": "https://igx.4sqi.net/img/user/", "suffix": "/RF4LUYKIQTXNLHV4.jpg"}, "homeCity": "Singapore", "contact": {"facebook": "100002465604090"}, "firstName": "Jason Lee", "tips": {"count": 1}, "gender": "male", "lastName": "WangZi", "lists": {"groups": [{"count": 2, "type": "created", "items": []}]}, "bio": ""}, {"id": "39265820", "photo": {"prefix": "https://igx.4sqi.net/img/user/", "suffix": "/KFTR4UAHSO2JIGZ4.jpg"}, "homeCity": "New York, NY", "contact": {"facebook": "612993901"}, "firstName": "Steven", "tips": {"count": 0}, "gender": "male", "lastName": "Soon", "lists": {"groups": [{"count": 2, "type": "created", "items": []}]}, "bio": ""}, {"id": "1806930", "photo": {"prefix": "https://igx.4sqi.net/img/user/", "suffix": "/E20XX1NALAKFSFEH.jpg"}, "homeCity": "Singapore", "contact": {"facebook": "581106191", "twitter": "l5du53r"}, "firstName": "Michal", "tips": {"count": 15}, "gender": "female", "lastName": "Yaegashi", "lists": {"groups": [{"count": 4, "type": "created", "items": []}]}, "bio": ""}, {"id": "11203992", "photo": {"prefix": "https://igx.4sqi.net/img/user/", "suffix": "/11203992-3TXY5IULPAPEN5P2.jpg"}, "homeCity": "Singapore", "contact": {"facebook": "10203541889372281", "twitter": "claraylz"}, "firstName": "Clara", "tips": {"count": 2}, "gender": "female", "lastName": "Yeo", "lists": {"groups": [{"count": 2, "type": "created", "items": []}]}, "bio": "1993"}, {"id": "29948626", "photo": {"prefix": "https://igx.4sqi.net/img/user/", "suffix": "/OWKE3JPLQO3GLOO1.jpg"}, "homeCity": "Singapore", "contact": {"facebook": "100001862936044", "twitter": "chewwenjie"}, "firstName": "chew", "tips": {"count": 2}, "gender": "male", "lastName": "Wenjie", "lists": {"groups": [{"count": 2, "type": "created", "items": []}]}, "bio": ""}, {"id": "62773808", "photo": {"prefix": "https://igx.4sqi.net/img/user/", "default": true, "suffix": "/blank_boy.png"}, "homeCity": "Singapore", "contact": {"facebook": "100006220269737"}, "firstName": "Eddy", "tips": {"count": 0}, "gender": "male", "lastName": "Goody", "lists": {"groups": [{"count": 2, "type": "created", "items": []}]}, "bio": ""}, {"id": "2953950", "photo": {"prefix": "https://igx.4sqi.net/img/user/", "suffix": "/BA4Z3ADYPGDT3ZSW.jpg"}, "homeCity": "tvN \u97e9\u661f 360\u00b0 [ Singapore ]", "contact": {"facebook": "691116451", "twitter": "leejhynne"}, "firstName": "Jhynne \uc774\uc218\ud61c", "tips": {"count": 7}, "gender": "female", "lists": {"groups": [{"count": 2, "type": "created", "items": []}]}, "bio": ""}, {"id": "1836573", "photo": {"prefix": "https://igx.4sqi.net/img/user/", "suffix": "/KDP0XAONNGPOXMIA.jpg"}, "homeCity": "Singapore", "contact": {"twitter": "takemykissaway"}, "firstName": "Jane", "tips": {"count": 0}, "gender": "female", "lastName": "Yeong", "lists": {"groups": [{"count": 3, "type": "created", "items": []}]}, "bio": ""}, {"id": "5225414", "photo": {"prefix": "https://igx.4sqi.net/img/user/", "suffix": "/2IXY5RZUOXIMQZD2.jpg"}, "homeCity": "Singapore", "contact": {}, "firstName": "Cyanic", "tips": {"count": 9}, "gender": "male", "lastName": "Nex", "lists": {"groups": [{"count": 2, "type": "created", "items": []}]}, "bio": ""}, {"id": "33034923", "photo": {"prefix": "https://igx.4sqi.net/img/user/", "suffix": "/LC1DXT3VRZNDPJG4.jpg"}, "homeCity": "New York, NY", "contact": {"facebook": "100000235341763"}, "firstName": "Brian", "tips": {"count": 0}, "gender": "male", "lastName": "Dongeto", "lists": {"groups": [{"count": 2, "type": "created", "items": []}]}, "bio": ""}, {"id": "19093205", "photo": {"prefix": "https://igx.4sqi.net/img/user/", "suffix": "/2WWXNFZYELWRYHBI.jpg"}, "homeCity": "Singapore", "contact": {"facebook": "100000483907018"}, "firstName": "Wei Li", "tips": {"count": 0}, "gender": "male", "lastName": "Bochup", "lists": {"groups": [{"count": 2, "type": "created", "items": []}]}, "bio": ""}, {"id": "22941896", "photo": {"prefix": "https://igx.4sqi.net/img/user/", "suffix": "/DBF0ENMAMY1H1BEW.jpg"}, "homeCity": "Singapore", "contact": {"facebook": "695494119", "twitter": "michellejesca"}, "firstName": "Michelle", "tips": {"count": 0}, "gender": "female", "lastName": "Tham", "lists": {"groups": [{"count": 2, "type": "created", "items": []}]}, "bio": ""}, {"id": "77090887", "photo": {"prefix": "https://igx.4sqi.net/img/user/", "suffix": "/77090887-H0XT1BHECPRFNVRN.jpg"}, "homeCity": "Singapore", "contact": {"facebook": "100006197742817"}, "firstName": "Yvonne", "tips": {"count": 0}, "gender": "female", "lastName": "Ng", "lists": {"groups": [{"count": 2, "type": "created", "items": []}]}, "bio": ""}, {"id": "17381734", "photo": {"prefix": "https://igx.4sqi.net/img/user/", "suffix": "/17381734-OMO3KSW41KU22EHN.jpg"}, "homeCity": "Singapore", "contact": {"facebook": "579117172"}, "firstName": "BOCHUP", "tips": {"count": 15}, "gender": "male", "lastName": "Steven", "lists": {"groups": [{"count": 2, "type": "created", "items": []}]}, "bio": ""}, {"id": "1864697", "photo": {"prefix": "https://igx.4sqi.net/img/user/", "suffix": "/JMXLDSVS0ULK5V2G.jpg"}, "homeCity": "Singapore", "contact": {"facebook": "647986604"}, "firstName": "Desmond", "tips": {"count": 0}, "gender": "none", "lastName": "Chong", "lists": {"groups": [{"count": 2, "type": "created", "items": []}]}, "bio": ""}, {"id": "13641014", "photo": {"prefix": "https://igx.4sqi.net/img/user/", "suffix": "/YMVOU3EEABEK1SII.jpg"}, "homeCity": "Singapore", "contact": {"facebook": "775336097", "twitter": "rxiaxin"}, "firstName": "Wang", "tips": {"count": 0}, "gender": "male", "lastName": "Raymond", "lists": {"groups": [{"count": 2, "type": "created", "items": []}]}, "bio": ""}, {"id": "50693407", "photo": {"prefix": "https://igx.4sqi.net/img/user/", "suffix": "/MQM1BCLNU11UFTQN.jpg"}, "homeCity": "Singapore", "contact": {"facebook": "710416110"}, "firstName": "\u30bb\u30e0", "tips": {"count": 0}, "gender": "male", "lastName": "\u30ab", "lists": {"groups": [{"count": 2, "type": "created", "items": []}]}, "bio": "Dreamweaver - Perfection, Achieved"}, {"id": "7899512", "photo": {"prefix": "https://igx.4sqi.net/img/user/", "suffix": "/7899512-QLDPRV145S0KKUFU.jpg"}, "homeCity": "Singapore", "contact": {"facebook": "774662615973199"}, "firstName": "WeiTing", "tips": {"count": 0}, "gender": "female", "lists": {"groups": [{"count": 2, "type": "created", "items": []}]}, "bio": ""}, {"id": "5902140", "photo": {"prefix": "https://igx.4sqi.net/img/user/", "suffix": "/FEFMCVGWNPRWQCW3.jpg"}, "homeCity": "Singapore", "contact": {"facebook": "562176875"}, "firstName": "Jacky", "tips": {"count": 0}, "gender": "male", "lastName": "Ho", "lists": {"groups": [{"count": 2, "type": "created", "items": []}]}, "bio": ""}, {"id": "6143041", "photo": {"prefix": "https://igx.4sqi.net/img/user/", "suffix": "/-4LIUYKHRRC21R3E0.png"}, "homeCity": "Singapore", "contact": {}, "firstName": "Kwong Zu", "tips": {"count": 59}, "gender": "male", "lastName": "Chuang", "lists": {"groups": [{"count": 8, "type": "created", "items": []}]}, "bio": ""}, {"id": "34181061", "photo": {"prefix": "https://igx.4sqi.net/img/user/", "suffix": "/AHWHCWTSVQ0FJTBY.jpg"}, "homeCity": "Singapore", "contact": {"facebook": "100002722730380", "twitter": "shirindesu"}, "firstName": "Shilin", "tips": {"count": 0}, "gender": "female", "lists": {"groups": [{"count": 2, "type": "created", "items": []}]}, "bio": ""}, {"id": "17694462", "photo": {"prefix": "https://igx.4sqi.net/img/user/", "suffix": "/-XPYXP2Z5OSR3GR3C.jpg"}, "homeCity": "Singapore", "contact": {"facebook": "804677216316928", "twitter": "indekkusu573"}, "firstName": "\u30c1\u30e5\u30a2", "tips": {"count": 0}, "gender": "male", "lastName": "\u30a6\u30a7\u30a4 \uff29\uff2e\uff24\uff25\uff38", "lists": {"groups": [{"count": 3, "type": "created", "items": []}]}, "bio": ""}, {"id": "41385364", "photo": {"prefix": "https://igx.4sqi.net/img/user/", "suffix": "/AWURQSOZQXRHPG1P.jpg"}, "homeCity": "Metropolitan Manila", "contact": {}, "firstName": "Aurea", "tips": {"count": 1}, "gender": "female", "lastName": "Garcia", "lists": {"groups": [{"count": 2, "type": "created", "items": []}]}, "bio": ""}, {"id": "54134483", "photo": {"prefix": "https://igx.4sqi.net/img/user/", "default": true, "suffix": "/blank_boy.png"}, "homeCity": "Singapore", "contact": {"facebook": "100002637159401"}, "firstName": "Ng", "tips": {"count": 0}, "gender": "male", "lastName": "Raymond", "lists": {"groups": [{"count": 16, "type": "created", "items": []}]}, "bio": ""}, {"id": "13322701", "photo": {"prefix": "https://igx.4sqi.net/img/user/", "suffix": "/BKAACCH0FNETIU40.jpg"}, "homeCity": "Singapore", "contact": {"twitter": "resasnww"}, "firstName": "Resa", "tips": {"count": 8}, "gender": "female", "lastName": "Snww", "lists": {"groups": [{"count": 2, "type": "created", "items": []}]}, "bio": ""}, {"id": "18022321", "photo": {"prefix": "https://igx.4sqi.net/img/user/", "suffix": "/H2UHEQXD4K4NTC0M.jpg"}, "homeCity": "Singapore", "contact": {"facebook": "1400887947", "twitter": "xiia0hei"}, "firstName": "Weikeong", "tips": {"count": 8}, "gender": "male", "lastName": "SiLiao", "lists": {"groups": [{"count": 2, "type": "created", "items": []}]}, "bio": ""}, {"id": "28856761", "photo": {"prefix": "https://igx.4sqi.net/img/user/", "suffix": "/VWZO4UGTITCICOZE.jpg"}, "homeCity": "New York, NY", "contact": {"facebook": "1048124715"}, "firstName": "Lelia", "tips": {"count": 0}, "gender": "female", "lastName": "Csy", "lists": {"groups": [{"count": 2, "type": "created", "items": []}]}, "bio": ""}]}, "checksum": "0e5410b0789a152c9991f52715b0679520027aeb"}}