{"notifications": [{"type": "notificationTray", "item": {"unreadCount": 0}}], "meta": {"requestId": "5966cb451ed2196304ecc9e6", "code": 200}, "response": {"friends": {"count": 85, "items": [{"id": "4970853", "photo": {"prefix": "https://igx.4sqi.net/img/user/", "suffix": "/TPZRD5ONGSIUYT25.jpg"}, "homeCity": "Singapore", "contact": {"facebook": "747697537", "twitter": "faadeeaawaay"}, "firstName": "Nurhidayah", "tips": {"count": 1}, "gender": "female", "lastName": "Azmi", "lists": {"groups": [{"count": 3, "type": "created", "items": []}]}, "bio": ""}, {"id": "29699265", "photo": {"prefix": "https://igx.4sqi.net/img/user/", "suffix": "/VZIDN10EAUSOAZ4O.jpg"}, "homeCity": "New York, NY", "contact": {"facebook": "1086866105"}, "firstName": "Ambrose", "tips": {"count": 0}, "gender": "male", "lastName": "Lim", "lists": {"groups": [{"count": 2, "type": "created", "items": []}]}, "bio": ""}, {"id": "4352046", "photo": {"prefix": "https://igx.4sqi.net/img/user/", "suffix": "/T12XIYTM2S55KQPK.jpg"}, "homeCity": "Singapore", "contact": {"facebook": "100000267259651"}, "firstName": "Nur", "tips": {"count": 0}, "gender": "female", "lastName": "Yuhaniz", "lists": {"groups": [{"count": 2, "type": "created", "items": []}]}, "bio": ""}, {"id": "6809729", "photo": {"prefix": "https://igx.4sqi.net/img/user/", "suffix": "/DH5DL2WCIKQ0MMOU.jpg"}, "homeCity": "Singapore", "contact": {"facebook": "759813668", "twitter": "kekasih82"}, "firstName": "Faii", "tips": {"count": 6}, "gender": "male", "lists": {"groups": [{"count": 2, "type": "created", "items": []}]}, "bio": ""}, {"id": "3511327", "photo": {"prefix": "https://igx.4sqi.net/img/user/", "suffix": "/DYV4E2YO5KNN0MLX.jpg"}, "homeCity": "Singapore", "contact": {"facebook": "534120668", "twitter": "styledfreedom"}, "firstName": "lels", "tips": {"count": 1}, "gender": "female", "lastName": "styledfreedom", "lists": {"groups": [{"count": 2, "type": "created", "items": []}]}, "bio": ""}, {"id": "11351588", "photo": {"prefix": "https://igx.4sqi.net/img/user/", "suffix": "/3PBEKFWUPKCHYA3O.jpg"}, "homeCity": "Singapore", "contact": {"facebook": "643775729"}, "firstName": "Masturah", "tips": {"count": 0}, "gender": "female", "lastName": "Mustaffa", "lists": {"groups": [{"count": 2, "type": "created", "items": []}]}, "bio": ""}, {"id": "4670618", "photo": {"prefix": "https://igx.4sqi.net/img/user/", "suffix": "/ILEGIISAG3VQ44VN.jpg"}, "homeCity": "Singapore ", "contact": {"facebook": "627784362"}, "firstName": "Juraimi", "tips": {"count": 0}, "gender": "male", "lastName": "Saine", "lists": {"groups": [{"count": 2, "type": "created", "items": []}]}, "bio": ""}, {"id": "4415475", "photo": {"prefix": "https://igx.4sqi.net/img/user/", "suffix": "/FFORZMKOAXVF0XKF.jpg"}, "homeCity": "Singapore", "contact": {"facebook": "100000794493472"}, "firstName": "Fauzi", "tips": {"count": 2}, "gender": "male", "lastName": "Masduki", "lists": {"groups": [{"count": 2, "type": "created", "items": []}]}, "bio": ""}, {"id": "5507142", "photo": {"prefix": "https://igx.4sqi.net/img/user/", "suffix": "/RKSO3DEF0PEJH3S3.jpg"}, "homeCity": "Singapore", "contact": {"facebook": "1408394543", "twitter": "tini_09"}, "firstName": "Kartini", "tips": {"count": 0}, "gender": "female", "lastName": "Yusoff", "lists": {"groups": [{"count": 3, "type": "created", "items": []}]}, "bio": ""}, {"id": "3593883", "photo": {"prefix": "https://igx.4sqi.net/img/user/", "suffix": "/ZSZWRBCWK02YGZSR.jpg"}, "homeCity": "Singapore", "contact": {"facebook": "533420678"}, "firstName": "Mrs", "tips": {"count": 1}, "gender": "female", "lastName": "Dyana", "lists": {"groups": [{"count": 2, "type": "created", "items": []}]}, "bio": ""}, {"id": "8376929", "photo": {"prefix": "https://igx.4sqi.net/img/user/", "suffix": "/8376929-GKPJO2UHUCYU0YP0.jpg"}, "homeCity": "NY", "contact": {"facebook": "646349020"}, "firstName": "Nurul", "tips": {"count": 0}, "gender": "female", "lastName": "Iwani", "lists": {"groups": [{"count": 2, "type": "created", "items": []}]}, "bio": ""}, {"id": "2382841", "photo": {"prefix": "https://igx.4sqi.net/img/user/", "suffix": "/0BSFL5G43EHZ0XKJ.jpg"}, "homeCity": "Singapore", "contact": {"facebook": "610876246"}, "firstName": "Yazid", "tips": {"count": 0}, "gender": "male", "lastName": "Muhammad", "lists": {"groups": [{"count": 2, "type": "created", "items": []}]}, "bio": ""}, {"id": "7588319", "photo": {"prefix": "https://igx.4sqi.net/img/user/", "suffix": "/3ZL14PY32B0CZUBQ.jpg"}, "homeCity": "Singapore", "contact": {"facebook": "620868575", "twitter": "kyn_sulaiman"}, "firstName": "Kyn", "tips": {"count": 0}, "gender": "female", "lastName": "Sulaiman", "lists": {"groups": [{"count": 2, "type": "created", "items": []}]}, "bio": ""}, {"id": "10515311", "photo": {"prefix": "https://igx.4sqi.net/img/user/", "suffix": "/RRLSMCS4CJ24RAQY.jpg"}, "homeCity": "Singapore", "contact": {"facebook": "1628360662"}, "firstName": "Seridewi", "tips": {"count": 0}, "gender": "female", "lastName": "Muniandy", "lists": {"groups": [{"count": 2, "type": "created", "items": []}]}, "bio": ""}, {"id": "3539846", "photo": {"prefix": "https://igx.4sqi.net/img/user/", "suffix": "/R1ZLODFS0W0OWTQD.jpg"}, "homeCity": "Singapore", "contact": {"facebook": "616868283"}, "firstName": "ika_fish", "tips": {"count": 3}, "gender": "female", "lists": {"groups": [{"count": 2, "type": "created", "items": []}]}, "bio": ""}, {"id": "4854120", "photo": {"prefix": "https://igx.4sqi.net/img/user/", "suffix": "/4YF1KCN3ZIR1DL2Y.jpg"}, "homeCity": "Singapore", "contact": {"facebook": "722729093"}, "firstName": "Boy", "tips": {"count": 2}, "gender": "male", "lastName": "Yus", "lists": {"groups": [{"count": 2, "type": "created", "items": []}]}, "bio": ""}, {"id": "1185518", "photo": {"prefix": "https://igx.4sqi.net/img/user/", "suffix": "/1185518-K0UJQXQBKT2OKLSM.jpg"}, "homeCity": "", "contact": {}, "firstName": "\u2665Agnes\u2665", "tips": {"count": 13}, "gender": "female", "lists": {"groups": [{"count": 2, "type": "created", "items": []}]}, "bio": "\u2665simple woman with a simple life.\u2665"}, {"id": "3679807", "photo": {"prefix": "https://igx.4sqi.net/img/user/", "suffix": "/L4SAU3HDHHDPKR20.jpg"}, "homeCity": "Singapore, SG", "contact": {}, "firstName": "Tipah", "tips": {"count": 1}, "gender": "female", "lastName": "Latipah", "lists": {"groups": [{"count": 2, "type": "created", "items": []}]}, "bio": ""}, {"id": "32378280", "photo": {"prefix": "https://igx.4sqi.net/img/user/", "suffix": "/A2UG4EUUJF5L23CE.jpg"}, "homeCity": "New York, NY", "contact": {"facebook": "512966616", "twitter": "rudyridawi"}, "firstName": "Rudy", "tips": {"count": 0}, "gender": "male", "lastName": "Ridawi", "lists": {"groups": [{"count": 2, "type": "created", "items": []}]}, "bio": ""}, {"id": "41383558", "photo": {"prefix": "https://igx.4sqi.net/img/user/", "suffix": "/MKZ1BWJ4I5GKGIVK.jpg"}, "homeCity": "New York, NY", "contact": {"facebook": "624513364"}, "firstName": "Nurhayati", "tips": {"count": 0}, "gender": "female", "lastName": "Khalid", "lists": {"groups": [{"count": 2, "type": "created", "items": []}]}, "bio": ""}, {"id": "49339342", "photo": {"prefix": "https://igx.4sqi.net/img/user/", "suffix": "/GDNKZ3V3IDXPJ3B4.jpg"}, "homeCity": "Lioncity", "contact": {"facebook": "817049571"}, "firstName": "Mahathir", "tips": {"count": 0}, "gender": "male", "lastName": "Hairoman", "lists": {"groups": [{"count": 2, "type": "created", "items": []}]}, "bio": ""}, {"id": "83501415", "photo": {"prefix": "https://igx.4sqi.net/img/user/", "default": true, "suffix": "/blank_girl.png"}, "homeCity": "Singapore, 00", "contact": {"facebook": "797149967"}, "firstName": "Magdalene", "tips": {"count": 0}, "gender": "female", "lastName": "Ng", "lists": {"groups": [{"count": 3, "type": "created", "items": []}]}, "bio": ""}, {"id": "4553582", "photo": {"prefix": "https://igx.4sqi.net/img/user/", "suffix": "/ZODHUFDMYAADP5PQ.jpg"}, "homeCity": "Singapore", "contact": {"facebook": "1083984308"}, "firstName": "Lynda Z", "tips": {"count": 12}, "gender": "female", "lastName": "Alyn", "lists": {"groups": [{"count": 2, "type": "created", "items": []}]}, "bio": ""}, {"id": "7174728", "photo": {"prefix": "https://igx.4sqi.net/img/user/", "suffix": "/7174728-0D4T5CHFAKTRTEQG.jpg"}, "homeCity": "Singapore", "contact": {"facebook": "100001932265677"}, "firstName": "Farid", "tips": {"count": 1}, "gender": "male", "lastName": "Baggins", "lists": {"groups": [{"count": 2, "type": "created", "items": []}]}, "bio": ""}, {"id": "3512917", "photo": {"prefix": "https://igx.4sqi.net/img/user/", "suffix": "/JXUB1RWU5T5ZDE11.jpg"}, "homeCity": "Singapore", "contact": {}, "firstName": "K\u0113\u00e7\u00eeq", "tips": {"count": 0}, "gender": "female", "lists": {"groups": [{"count": 2, "type": "created", "items": []}]}, "bio": "Attitude gal with split personality"}, {"id": "12956769", "photo": {"prefix": "https://igx.4sqi.net/img/user/", "suffix": "/GMPJ4REUJNU3BHU2.jpg"}, "homeCity": "Singapore", "contact": {"facebook": "687713087"}, "firstName": "Laydiezee", "tips": {"count": 0}, "gender": "female", "lists": {"groups": [{"count": 2, "type": "created", "items": []}]}, "bio": ""}, {"id": "9262312", "photo": {"prefix": "https://igx.4sqi.net/img/user/", "suffix": "/KT3UMMMFGRRFPBUY.jpg"}, "homeCity": "NY", "contact": {"facebook": "1680250063", "twitter": "diidee_"}, "firstName": "Diyanah", "tips": {"count": 0}, "gender": "female", "lastName": "Razak", "lists": {"groups": [{"count": 2, "type": "created", "items": []}]}, "bio": "20, Egoistic, contradicting."}, {"id": "5631860", "photo": {"prefix": "https://igx.4sqi.net/img/user/", "default": true, "suffix": "/blank_girl.png"}, "homeCity": "Singapore", "contact": {}, "firstName": "Suhailah", "tips": {"count": 0}, "gender": "female", "lists": {"groups": [{"count": 2, "type": "created", "items": []}]}, "bio": ""}, {"id": "3667018", "photo": {"prefix": "https://igx.4sqi.net/img/user/", "suffix": "/KRP54RAWPVNS0P4Y.jpg"}, "homeCity": "Singapore", "contact": {"facebook": "599312209"}, "firstName": "Vatos", "tips": {"count": 0}, "gender": "male", "lastName": "Locos", "lists": {"groups": [{"count": 2, "type": "created", "items": []}]}, "bio": ""}, {"id": "3522935", "photo": {"prefix": "https://igx.4sqi.net/img/user/", "suffix": "/30JI3DUI3KI2DSYZ.jpg"}, "homeCity": "Singapore", "contact": {"facebook": "740001526", "twitter": "techyatz"}, "firstName": "Technically", "tips": {"count": 20}, "gender": "male", "lastName": "Genius", "lists": {"groups": [{"count": 2, "type": "created", "items": []}]}, "bio": ""}, {"id": "7795031", "photo": {"prefix": "https://igx.4sqi.net/img/user/", "suffix": "/ZRIOKIHEHTTQ1BXZ.jpg"}, "homeCity": "Singapore", "contact": {"facebook": "633794209"}, "firstName": "Ian", "tips": {"count": 1}, "gender": "male", "lastName": "Murdoc", "lists": {"groups": [{"count": 2, "type": "created", "items": []}]}, "bio": ""}, {"id": "34556049", "photo": {"prefix": "https://igx.4sqi.net/img/user/", "suffix": "/34556049-JMVPDFRPZBV3DJK1.jpg"}, "homeCity": "New York, NY", "contact": {"facebook": "1229814213701604"}, "firstName": "Suhaimie", "tips": {"count": 1}, "gender": "male", "lists": {"groups": [{"count": 2, "type": "created", "items": []}]}, "bio": ""}, {"id": "14871137", "photo": {"prefix": "https://igx.4sqi.net/img/user/", "suffix": "/TQ5R2Y45KP1X3AST.jpg"}, "homeCity": "Singapore", "contact": {"facebook": "1192804143"}, "firstName": "Masri", "tips": {"count": 6}, "gender": "male", "lastName": "Buang", "lists": {"groups": [{"count": 2, "type": "created", "items": []}]}, "bio": ""}, {"id": "1447833", "photo": {"prefix": "https://igx.4sqi.net/img/user/", "suffix": "/ZN0EA4UPCXV3HCP2.jpg"}, "homeCity": "Woodlands, Singapore", "contact": {"facebook": "529075451"}, "firstName": "Jeffrey Ang", "tips": {"count": 0}, "gender": "male", "lists": {"groups": [{"count": 2, "type": "created", "items": []}]}, "bio": ""}, {"id": "3886816", "photo": {"prefix": "https://igx.4sqi.net/img/user/", "suffix": "/YUTC5TUPKYGKRDR2.jpg"}, "homeCity": "Singapore", "contact": {"facebook": "629944894"}, "firstName": "Joven", "tips": {"count": 0}, "gender": "male", "lastName": "Tng", "lists": {"groups": [{"count": 2, "type": "created", "items": []}]}, "bio": ""}, {"id": "49346070", "photo": {"prefix": "https://igx.4sqi.net/img/user/", "suffix": "/FANRGWOBFJVM0IE2.jpg"}, "homeCity": "New York, NY", "contact": {"facebook": "100000281161298"}, "firstName": "Rinto", "tips": {"count": 0}, "gender": "male", "lastName": "Rahim", "lists": {"groups": [{"count": 2, "type": "created", "items": []}]}, "bio": ""}, {"id": "6526712", "photo": {"prefix": "https://igx.4sqi.net/img/user/", "suffix": "/6526712-EW34ZPC5EIDGEGLC.jpg"}, "homeCity": "Singapore", "contact": {"facebook": "1508872713"}, "firstName": "Muhd", "tips": {"count": 0}, "gender": "male", "lastName": "Ari", "lists": {"groups": [{"count": 2, "type": "created", "items": []}]}, "bio": ""}, {"id": "7228113", "photo": {"prefix": "https://igx.4sqi.net/img/user/", "suffix": "/CUTGFQSKTUWTB224.jpg"}, "homeCity": "Singapore", "contact": {}, "firstName": "nannie", "tips": {"count": 0}, "gender": "female", "lastName": "Aini", "lists": {"groups": [{"count": 2, "type": "created", "items": []}]}, "bio": ""}, {"id": "6441407", "photo": {"prefix": "https://igx.4sqi.net/img/user/", "suffix": "/IKKBT0YQEX3IWITR.jpg"}, "homeCity": "Singapore", "contact": {"facebook": "100002476787090"}, "firstName": "Yana", "tips": {"count": 0}, "gender": "female", "lastName": "Rin", "lists": {"groups": [{"count": 2, "type": "created", "items": []}]}, "bio": ""}, {"id": "25785037", "photo": {"prefix": "https://igx.4sqi.net/img/user/", "suffix": "/2UR1MD32TXELSGH5.jpg"}, "homeCity": "Singapore east area", "contact": {}, "firstName": "YonaLadyCoolz", "tips": {"count": 0}, "gender": "female", "lists": {"groups": [{"count": 2, "type": "created", "items": []}]}, "bio": "simple gal wif big dreamzz ^_^ *peace*"}, {"id": "9278526", "photo": {"prefix": "https://igx.4sqi.net/img/user/", "suffix": "/OWJIDIT02TSM2FUG.jpg"}, "homeCity": "singapore", "contact": {"facebook": "673168282"}, "firstName": "Yati", "tips": {"count": 0}, "gender": "female", "lastName": "Gazz", "lists": {"groups": [{"count": 2, "type": "created", "items": []}]}, "bio": ""}, {"id": "5827451", "photo": {"prefix": "https://igx.4sqi.net/img/user/", "suffix": "/4RI2YVWULQMYJTHI.jpg"}, "homeCity": "Singapore", "contact": {"facebook": "544937324", "twitter": "ohfarah"}, "firstName": "ohfarah", "tips": {"count": 5}, "gender": "female", "lists": {"groups": [{"count": 3, "type": "created", "items": []}]}, "bio": ""}, {"id": "16820726", "photo": {"prefix": "https://igx.4sqi.net/img/user/", "suffix": "/PS4HH2LVLZ5AJPXI.jpg"}, "homeCity": "Singapore", "contact": {"facebook": "1307771372"}, "firstName": "Kawaa'Chi", "tips": {"count": 2}, "gender": "male", "lastName": "Sai", "lists": {"groups": [{"count": 2, "type": "created", "items": []}]}, "bio": ""}, {"id": "3630768", "photo": {"prefix": "https://igx.4sqi.net/img/user/", "suffix": "/ZNSYZ3MQVG424F32.jpg"}, "homeCity": "singapore", "contact": {"facebook": "706199817"}, "firstName": "Olie", "tips": {"count": 0}, "gender": "male", "lastName": "Kr", "lists": {"groups": [{"count": 2, "type": "created", "items": []}]}, "bio": ""}, {"id": "35227577", "photo": {"prefix": "https://igx.4sqi.net/img/user/", "suffix": "/OMLBHHITDFYAGVNW.jpg"}, "homeCity": "Johor", "contact": {"facebook": "524550479"}, "firstName": "Muhd", "tips": {"count": 0}, "gender": "male", "lastName": "Muzakkir", "lists": {"groups": [{"count": 2, "type": "created", "items": []}]}, "bio": ""}, {"id": "81791829", "photo": {"prefix": "https://igx.4sqi.net/img/user/", "suffix": "/81791829-CSTHCZJTP42FPLI1.jpg"}, "homeCity": "", "contact": {}, "firstName": "Isabella", "tips": {"count": 0}, "gender": "female", "lastName": "Goins", "lists": {"groups": [{"count": 2, "type": "created", "items": []}]}, "bio": ""}, {"id": "2538351", "photo": {"prefix": "https://igx.4sqi.net/img/user/", "suffix": "/G54MHY1I3KGQNAK5.jpg"}, "homeCity": "Singapore", "contact": {"facebook": "512690448"}, "firstName": "Eddie", "tips": {"count": 0}, "gender": "male", "lastName": "Oh", "lists": {"groups": [{"count": 2, "type": "created", "items": []}]}, "bio": ""}, {"id": "5798798", "photo": {"prefix": "https://igx.4sqi.net/img/user/", "default": true, "suffix": "/blank_boy.png"}, "homeCity": "Singapore", "contact": {"facebook": "697382846"}, "firstName": "faizal", "tips": {"count": 0}, "gender": "male", "lists": {"groups": [{"count": 2, "type": "created", "items": []}]}, "bio": ""}, {"id": "6646046", "photo": {"prefix": "https://igx.4sqi.net/img/user/", "suffix": "/LQNFKXEMK5KYO2JO.jpg"}, "homeCity": "Singapore", "contact": {"facebook": "100001941705191"}, "firstName": "Ryna Zai", "tips": {"count": 0}, "gender": "female", "lastName": "Smallsmall", "lists": {"groups": [{"count": 2, "type": "created", "items": []}]}, "bio": ""}, {"id": "11969384", "photo": {"prefix": "https://igx.4sqi.net/img/user/", "suffix": "/XBWXVGRUHDMGUJUY.jpg"}, "homeCity": "Singapore", "contact": {"facebook": "1581676854"}, "firstName": "Noan", "tips": {"count": 0}, "gender": "female", "lastName": "Gal", "lists": {"groups": [{"count": 2, "type": "created", "items": []}]}, "bio": ""}, {"id": "25166229", "photo": {"prefix": "https://igx.4sqi.net/img/user/", "suffix": "/35NK0XZC5NFL2OHA.jpg"}, "homeCity": "New York, NY", "contact": {"facebook": "100000560851856"}, "firstName": "Ayid", "tips": {"count": 1}, "gender": "male", "lastName": "Maestro", "lists": {"groups": [{"count": 2, "type": "created", "items": []}]}, "bio": ""}, {"id": "25817879", "photo": {"prefix": "https://igx.4sqi.net/img/user/", "suffix": "/UKFSUHQH4PC0P3WD.jpg"}, "homeCity": "New York, NY", "contact": {"facebook": "1406628343"}, "firstName": "Rogini", "tips": {"count": 0}, "gender": "female", "lastName": "Nadason", "lists": {"groups": [{"count": 2, "type": "created", "items": []}]}, "bio": ""}, {"id": "16720833", "photo": {"prefix": "https://igx.4sqi.net/img/user/", "suffix": "/WJH2GTOK3EANIDVG.jpg"}, "homeCity": "Singapore", "contact": {"facebook": "100000451136771"}, "firstName": "Sue", "tips": {"count": 0}, "gender": "female", "lastName": "The'prOblematic", "lists": {"groups": [{"count": 2, "type": "created", "items": []}]}, "bio": ""}, {"id": "6159987", "photo": {"prefix": "https://igx.4sqi.net/img/user/", "suffix": "/G5M1R523L2UTJT22.jpg"}, "homeCity": "singapore", "contact": {"facebook": "536515943", "twitter": "asyabeyonce"}, "firstName": "asya", "tips": {"count": 1}, "gender": "female", "lastName": "b", "lists": {"groups": [{"count": 2, "type": "created", "items": []}]}, "bio": ""}, {"id": "43149506", "photo": {"prefix": "https://igx.4sqi.net/img/user/", "suffix": "/43149506-TUUTN0A2USLPSFJN.jpg"}, "homeCity": "Bukit Gombak", "contact": {"facebook": "100001527029073"}, "firstName": "Ruby D.", "tips": {"count": 0}, "gender": "none", "lastName": "Yuss", "lists": {"groups": [{"count": 2, "type": "created", "items": []}]}, "bio": ""}, {"id": "4505067", "photo": {"prefix": "https://igx.4sqi.net/img/user/", "suffix": "/3RELULR5PWCI1SYS.jpg"}, "homeCity": "Singapore", "contact": {"facebook": "729411443"}, "firstName": "Nur", "tips": {"count": 0}, "gender": "female", "lastName": "Hazrina", "lists": {"groups": [{"count": 2, "type": "created", "items": []}]}, "bio": ""}, {"id": "117925523", "photo": {"prefix": "https://igx.4sqi.net/img/user/", "suffix": "/117925523-C3XMS3ZSNZWKOZ0Q.jpg"}, "homeCity": "Singapore", "contact": {"facebook": "10205638932883234"}, "firstName": "Lam", "tips": {"count": 0}, "gender": "male", "lastName": "Lee", "lists": {"groups": [{"count": 2, "type": "created", "items": []}]}, "bio": ""}, {"id": "2649140", "photo": {"prefix": "https://igx.4sqi.net/img/user/", "suffix": "/1XGNVRIZANH2LIHR.jpg"}, "homeCity": "Singapore", "contact": {"facebook": "1039815189"}, "firstName": "Suffyan", "tips": {"count": 10}, "gender": "male", "lastName": "Sher", "lists": {"groups": [{"count": 2, "type": "created", "items": []}]}, "bio": ""}, {"id": "6489415", "photo": {"prefix": "https://igx.4sqi.net/img/user/", "suffix": "/YK5FWI2SSTLQCOUX.jpg"}, "homeCity": "New York, NY", "contact": {}, "firstName": "Nadia", "tips": {"count": 0}, "gender": "female", "lastName": "Lee", "lists": {"groups": [{"count": 2, "type": "created", "items": []}]}, "bio": ""}, {"id": "12502841", "photo": {"prefix": "https://igx.4sqi.net/img/user/", "suffix": "/U2Y54XGCWYYKU0BL.jpg"}, "homeCity": "Singapore", "contact": {}, "firstName": "Ruzaidah", "tips": {"count": 0}, "gender": "female", "lastName": "Rasid", "lists": {"groups": [{"count": 2, "type": "created", "items": []}]}, "bio": ""}, {"id": "14321830", "photo": {"prefix": "https://igx.4sqi.net/img/user/", "suffix": "/ZILISPQILWJCIFDI.jpg"}, "homeCity": "Singapore", "contact": {"facebook": "575195771"}, "firstName": "Khadijah", "tips": {"count": 0}, "gender": "female", "lastName": "Yeo", "lists": {"groups": [{"count": 2, "type": "created", "items": []}]}, "bio": ""}, {"id": "36964656", "photo": {"prefix": "https://igx.4sqi.net/img/user/", "suffix": "/W4OWPOTPHSP35R2O.jpg"}, "homeCity": "Petaling Jaya", "contact": {"facebook": "10153833159650820"}, "firstName": "Vinz", "tips": {"count": 0}, "gender": "none", "lastName": "Yc", "lists": {"groups": [{"count": 2, "type": "created", "items": []}]}, "bio": ""}, {"id": "13686247", "photo": {"prefix": "https://igx.4sqi.net/img/user/", "suffix": "/ZRJDJTD4HZHPYFXZ.jpg"}, "homeCity": "Singapore", "contact": {"facebook": "100000057194670"}, "firstName": "Noel", "tips": {"count": 7}, "gender": "male", "lastName": "Mazlan", "lists": {"groups": [{"count": 2, "type": "created", "items": []}]}, "bio": ""}, {"id": "61111715", "photo": {"prefix": "https://igx.4sqi.net/img/user/", "suffix": "/FRCRL5OXTJOF4UF3.jpg"}, "homeCity": "Singapore", "contact": {"facebook": "1209850387"}, "firstName": "Rakesh", "tips": {"count": 0}, "gender": "male", "lastName": "Kumar", "lists": {"groups": [{"count": 2, "type": "created", "items": []}]}, "bio": ""}, {"id": "4506050", "photo": {"prefix": "https://igx.4sqi.net/img/user/", "suffix": "/EZZYPODDLM2AP010.jpg"}, "homeCity": "Singapore", "contact": {"facebook": "1629946296"}, "firstName": "faMi", "tips": {"count": 0}, "gender": "male", "lastName": "SeMPiT", "lists": {"groups": [{"count": 2, "type": "created", "items": []}]}, "bio": ""}, {"id": "3017347", "photo": {"prefix": "https://igx.4sqi.net/img/user/", "suffix": "/GAFI1CCAK3VTM3LZ.jpg"}, "homeCity": "Singapore", "contact": {"facebook": "1265475704", "twitter": "msw06"}, "firstName": "bancheenana", "tips": {"count": 0}, "gender": "female", "lists": {"groups": [{"count": 2, "type": "created", "items": []}]}, "bio": ""}, {"id": "13470162", "photo": {"prefix": "https://igx.4sqi.net/img/user/", "suffix": "/X45TAM2CGX4BNRSC.jpg"}, "homeCity": "Singapore", "contact": {"facebook": "1782652076", "twitter": "azzyezzabella"}, "firstName": "Ezzabelle", "tips": {"count": 0}, "gender": "female", "lastName": "A.K", "lists": {"groups": [{"count": 2, "type": "created", "items": []}]}, "bio": ""}, {"id": "12547494", "photo": {"prefix": "https://igx.4sqi.net/img/user/", "default": true, "suffix": "/blank_boy.png"}, "homeCity": "Singapore", "contact": {"facebook": "100000433502586"}, "firstName": "Hairul", "tips": {"count": 0}, "gender": "male", "lastName": "Nizam", "lists": {"groups": [{"count": 2, "type": "created", "items": []}]}, "bio": ""}, {"id": "14632325", "photo": {"prefix": "https://igx.4sqi.net/img/user/", "suffix": "/H5OAF5E4ZDWZKBNS.jpg"}, "homeCity": "Singapore", "contact": {"facebook": "1301062156"}, "firstName": "Kyn", "tips": {"count": 0}, "gender": "female", "lastName": "Sakinah", "lists": {"groups": [{"count": 2, "type": "created", "items": []}]}, "bio": ""}, {"id": "13039997", "photo": {"prefix": "https://igx.4sqi.net/img/user/", "suffix": "/TM4G0LOXMN54TUK2.jpg"}, "homeCity": "Singapore", "contact": {"facebook": "647527981"}, "firstName": "Zieyani", "tips": {"count": 0}, "gender": "female", "lastName": "Lozita", "lists": {"groups": [{"count": 3, "type": "created", "items": []}]}, "bio": ""}, {"id": "3082170", "photo": {"prefix": "https://igx.4sqi.net/img/user/", "suffix": "/FZNJ1AK1FQZ5MOCB.jpg"}, "homeCity": "Singapore", "contact": {"facebook": "622795340"}, "firstName": "wan", "tips": {"count": 0}, "gender": "male", "lastName": "fanatico", "lists": {"groups": [{"count": 2, "type": "created", "items": []}]}, "bio": ""}, {"id": "12592000", "photo": {"prefix": "https://igx.4sqi.net/img/user/", "suffix": "/GMJZDJKWLFIH1KEC.jpg"}, "homeCity": "Singapore", "contact": {"facebook": "100002470992095"}, "firstName": "Baii Stoiink\u2122", "tips": {"count": 0}, "gender": "male", "lists": {"groups": [{"count": 2, "type": "created", "items": []}]}, "bio": ""}, {"id": "21430215", "photo": {"prefix": "https://igx.4sqi.net/img/user/", "suffix": "/UAZZ1LEKGOHZIUBU.jpg"}, "homeCity": "Pahang", "contact": {}, "firstName": "Ramano Yosia", "tips": {"count": 0}, "gender": "male", "lastName": "Fazli", "lists": {"groups": [{"count": 2, "type": "created", "items": []}]}, "bio": ""}, {"id": "75466900", "photo": {"prefix": "https://igx.4sqi.net/img/user/", "suffix": "/75466900-CMFYAXSWPOZELAFV.jpg"}, "homeCity": "Johor Bahru, JHR", "contact": {"facebook": "1783052229"}, "firstName": "Raymon", "tips": {"count": 0}, "gender": "male", "lastName": "Joseph", "lists": {"groups": [{"count": 2, "type": "created", "items": []}]}, "bio": ""}, {"id": "3411869", "photo": {"prefix": "https://igx.4sqi.net/img/user/", "suffix": "/UMW54RXYCRR0PBIJ.jpg"}, "homeCity": "Singapore", "contact": {"facebook": "663907557"}, "firstName": "Skai", "tips": {"count": 1}, "gender": "male", "lastName": "Max", "lists": {"groups": [{"count": 2, "type": "created", "items": []}]}, "bio": ""}, {"id": "12680400", "photo": {"prefix": "https://igx.4sqi.net/img/user/", "suffix": "/3HO4LG1RHGDHSBI4.jpg"}, "homeCity": "Singapore", "contact": {"facebook": "751437911"}, "firstName": "Rusydi", "tips": {"count": 0}, "gender": "male", "lastName": "Koboi", "lists": {"groups": [{"count": 2, "type": "created", "items": []}]}, "bio": ""}, {"id": "50026710", "photo": {"prefix": "https://igx.4sqi.net/img/user/", "suffix": "/5QTP15PA2OXOZQ1M.jpg"}, "homeCity": "Singapore", "contact": {"facebook": "100002656394774"}, "firstName": "Siti", "tips": {"count": 0}, "gender": "female", "lastName": "Salleh", "lists": {"groups": [{"count": 2, "type": "created", "items": []}]}, "bio": ""}, {"id": "3559165", "photo": {"prefix": "https://igx.4sqi.net/img/user/", "suffix": "/5HTTRXKOYOL4NPGS.jpg"}, "homeCity": "Singapore", "contact": {"facebook": "1398397277"}, "firstName": "Rezal", "tips": {"count": 0}, "gender": "male", "lastName": "Kassim", "lists": {"groups": [{"count": 2, "type": "created", "items": []}]}, "bio": ""}, {"id": "3614023", "photo": {"prefix": "https://igx.4sqi.net/img/user/", "suffix": "/LGB0HII0AVVAEQTM.jpg"}, "homeCity": "Singapore", "contact": {"facebook": "783029745", "twitter": "queentessential"}, "firstName": "Amalina", "tips": {"count": 1}, "gender": "female", "lastName": "Zainal", "lists": {"groups": [{"count": 2, "type": "created", "items": []}]}, "bio": ""}, {"id": "3767335", "photo": {"prefix": "https://igx.4sqi.net/img/user/", "suffix": "/HGDKFXSFIBGRFNB4.jpg"}, "homeCity": "Singapore", "contact": {"facebook": "100001997289062", "twitter": "ayul07"}, "firstName": "Sarjan", "tips": {"count": 1}, "gender": "male", "lastName": "Bin Sarjan", "lists": {"groups": [{"count": 2, "type": "created", "items": []}]}, "bio": ""}, {"id": "3993492", "photo": {"prefix": "https://igx.4sqi.net/img/user/", "suffix": "/AI45QCI2SQO5IYFR.jpg"}, "homeCity": "Singapore", "contact": {"facebook": "533410182"}, "firstName": "Muhd Azri B Jupri", "tips": {"count": 0}, "gender": "male", "lastName": "Muhd Azri", "lists": {"groups": [{"count": 2, "type": "created", "items": []}]}, "bio": ""}, {"id": "4594577", "photo": {"prefix": "https://igx.4sqi.net/img/user/", "suffix": "/4RNACC1EWBQXGF2W.jpg"}, "homeCity": "Singapore", "contact": {"twitter": "mr_songkran"}, "firstName": "Songkran", "tips": {"count": 0}, "gender": "male", "lists": {"groups": [{"count": 2, "type": "created", "items": []}]}, "bio": ""}, {"id": "5228002", "photo": {"prefix": "https://igx.4sqi.net/img/user/", "suffix": "/0HYFD0ZAFJXPGZ34.jpg"}, "homeCity": "Marudi,Sarawak,Malaysia", "contact": {"facebook": "100000173220552"}, "firstName": "Ramano", "tips": {"count": 0}, "gender": "male", "lastName": "Yosia", "lists": {"groups": [{"count": 2, "type": "created", "items": []}]}, "bio": ""}, {"id": "5644379", "photo": {"prefix": "https://igx.4sqi.net/img/user/", "suffix": "/5644379-KE0T3RCBUUR5F1HF.jpg"}, "homeCity": "singapore", "contact": {"facebook": "1082733746"}, "firstName": "azmi", "tips": {"count": 1}, "gender": "male", "lastName": "stratosphere", "lists": {"groups": [{"count": 2, "type": "created", "items": []}]}, "bio": ""}, {"id": "7433490", "photo": {"prefix": "https://igx.4sqi.net/img/user/", "suffix": "/OP423T0453VKTVKH.jpg"}, "homeCity": "Singapore", "contact": {"facebook": "100001708608616", "twitter": "cruzzfreak"}, "firstName": "kranky", "tips": {"count": 0}, "gender": "none", "lastName": "fiasco", "lists": {"groups": [{"count": 2, "type": "created", "items": []}]}, "bio": ""}]}, "checksum": "def08890ac68fb53551510866f2911925b6901d9"}}