{"notifications": [{"type": "notificationTray", "item": {"unreadCount": 0}}], "meta": {"requestId": "5966cc4cf594df21d4551ca6", "code": 200}, "response": {"friends": {"count": 39, "items": [{"id": "6723455", "photo": {"prefix": "https://igx.4sqi.net/img/user/", "suffix": "/3BMGNDZD5DEPQPSK.jpg"}, "homeCity": "Singapore", "contact": {"facebook": "787211933", "twitter": "sensitivitysher"}, "firstName": "Sherlynn", "tips": {"count": 0}, "gender": "female", "lastName": "Neo", "lists": {"groups": [{"count": 2, "type": "created", "items": []}]}, "bio": ""}, {"id": "4666805", "photo": {"prefix": "https://igx.4sqi.net/img/user/", "suffix": "/HG5C22KN2TLOMF1J.jpg"}, "homeCity": "Singapore", "contact": {"facebook": "686899155"}, "firstName": "Joel", "tips": {"count": 1}, "gender": "male", "lastName": "Ang", "lists": {"groups": [{"count": 2, "type": "created", "items": []}]}, "bio": ""}, {"id": "4168456", "photo": {"prefix": "https://igx.4sqi.net/img/user/", "suffix": "/AH3AB421UBVP1ZPT.jpg"}, "homeCity": "Singapore", "contact": {"facebook": "696365442"}, "firstName": "Hayden", "tips": {"count": 0}, "gender": "male", "lastName": "Chua", "lists": {"groups": [{"count": 2, "type": "created", "items": []}]}, "bio": ""}, {"id": "11006920", "photo": {"prefix": "https://igx.4sqi.net/img/user/", "suffix": "/ZE2Y1OTPC0QAEI2V.jpg"}, "homeCity": "Singapore", "contact": {"facebook": "1290757382"}, "firstName": "Shen", "tips": {"count": 0}, "gender": "male", "lastName": "Xian", "lists": {"groups": [{"count": 2, "type": "created", "items": []}]}, "bio": ""}, {"id": "2292131", "photo": {"prefix": "https://igx.4sqi.net/img/user/", "suffix": "/2292131-HCV4V5VL1NTZHKDZ.jpg"}, "homeCity": "Singapore", "contact": {"facebook": "573701513", "twitter": "jescilia_"}, "firstName": "\u30b7 Jescilia How", "tips": {"count": 2}, "gender": "female", "lastName": "\u306a\u3093\u3067\u3059\u304b", "lists": {"groups": [{"count": 2, "type": "created", "items": []}]}, "bio": "\ud83c\udf38\ud83d\ude4c Simplicity \u306e Jes \ud83d\ude4c\ud83c\udf38"}, {"id": "3164894", "photo": {"prefix": "https://igx.4sqi.net/img/user/", "suffix": "/UO4J1GYE4NEXH4CS.jpg"}, "homeCity": "Singapore", "contact": {"facebook": "1017405056"}, "firstName": "Billy", "tips": {"count": 1}, "gender": "male", "lastName": "Seah", "lists": {"groups": [{"count": 2, "type": "created", "items": []}]}, "bio": ""}, {"id": "3478519", "photo": {"prefix": "https://igx.4sqi.net/img/user/", "suffix": "/BJLQ135GZAL1IAXO.jpg"}, "homeCity": "Singapore", "contact": {"facebook": "619340325", "twitter": "jasminewam"}, "firstName": "Jasmine", "tips": {"count": 0}, "gender": "female", "lists": {"groups": [{"count": 2, "type": "created", "items": []}]}, "bio": ""}, {"id": "3331494", "photo": {"prefix": "https://igx.4sqi.net/img/user/", "suffix": "/YZBGMMTPSFKSXJL0.jpg"}, "homeCity": "Singapore", "contact": {"facebook": "526901954"}, "firstName": "Carol", "tips": {"count": 1}, "gender": "female", "lastName": "Ching", "lists": {"groups": [{"count": 2, "type": "created", "items": []}]}, "bio": ""}, {"id": "593044", "photo": {"prefix": "https://igx.4sqi.net/img/user/", "suffix": "/4SCCKCQ3T1Q3XIT0.jpg"}, "homeCity": "Singapore", "contact": {"facebook": "623820811", "twitter": "chinnyng"}, "firstName": "Theresa", "tips": {"count": 1}, "gender": "female", "lastName": "Ng", "lists": {"groups": [{"count": 2, "type": "created", "items": []}]}, "bio": ""}, {"id": "1479859", "photo": {"prefix": "https://igx.4sqi.net/img/user/", "suffix": "/1479859-DCVYEB0QPTB5WQII.jpg"}, "homeCity": "Ho Chi Minh City, Vietnam", "contact": {"facebook": "544835186", "twitter": "shummantastic"}, "firstName": "Read", "tips": {"count": 8}, "gender": "male", "lastName": "My Mind", "lists": {"groups": [{"count": 2, "type": "created", "items": []}]}, "bio": ""}, {"id": "1656833", "photo": {"prefix": "https://igx.4sqi.net/img/user/", "suffix": "/1656833-E1GF0JCCCBO3BGJK.jpg"}, "homeCity": "Pasir Ris, Singapore", "contact": {"facebook": "748021328"}, "firstName": "GinA", "tips": {"count": 2}, "gender": "female", "lastName": "Ho", "lists": {"groups": [{"count": 2, "type": "created", "items": []}]}, "bio": ""}, {"id": "3675362", "photo": {"prefix": "https://igx.4sqi.net/img/user/", "suffix": "/JM01G0IOMC1TUEZ0.jpg"}, "homeCity": "Singapore", "contact": {"facebook": "1093536567", "twitter": "therealjacinta"}, "firstName": "Melvin", "tips": {"count": 4}, "gender": "male", "lastName": "Kwok", "lists": {"groups": [{"count": 2, "type": "created", "items": []}]}, "bio": ""}, {"id": "4843943", "photo": {"prefix": "https://igx.4sqi.net/img/user/", "suffix": "/4843943-KVETPDNFLIDYW03G.jpg"}, "homeCity": "Singapore", "contact": {"facebook": "531042935"}, "firstName": "Veron", "tips": {"count": 0}, "gender": "female", "lastName": "Neo", "lists": {"groups": [{"count": 2, "type": "created", "items": []}]}, "bio": ""}, {"id": "7051622", "photo": {"prefix": "https://igx.4sqi.net/img/user/", "suffix": "/DSY2WKQX35CSLA1H.jpg"}, "homeCity": "singapore !", "contact": {"facebook": "730874021", "twitter": "terryloyy"}, "firstName": "Terry", "tips": {"count": 0}, "gender": "male", "lastName": "Loy", "lists": {"groups": [{"count": 2, "type": "created", "items": []}]}, "bio": ""}, {"id": "12042285", "photo": {"prefix": "https://igx.4sqi.net/img/user/", "suffix": "/ASHD3DHFPVOE313Y.jpg"}, "homeCity": "Singapore", "contact": {"facebook": "510724916", "twitter": "balagaga"}, "firstName": "Beyond", "tips": {"count": 1}, "gender": "male", "lastName": "Murugan", "lists": {"groups": [{"count": 2, "type": "created", "items": []}]}, "bio": ""}, {"id": "8012648", "photo": {"prefix": "https://igx.4sqi.net/img/user/", "suffix": "/X4YV3VXX55UJQZ2W.jpg"}, "homeCity": "Singapore", "contact": {"facebook": "1549490602", "twitter": "nadyanne"}, "firstName": "Naddy", "tips": {"count": 1}, "gender": "female", "lastName": "Anne", "lists": {"groups": [{"count": 2, "type": "created", "items": []}]}, "bio": ""}, {"id": "3744673", "photo": {"prefix": "https://igx.4sqi.net/img/user/", "suffix": "/3744673-FTRVTDT1R0ONFAP1.jpg"}, "homeCity": "Singapore", "contact": {"facebook": "100001091423269", "twitter": "dorisecretos"}, "firstName": "Doris", "tips": {"count": 14}, "gender": "female", "lastName": "Winatap", "lists": {"groups": [{"count": 2, "type": "created", "items": []}]}, "bio": ""}, {"id": "3916118", "photo": {"prefix": "https://igx.4sqi.net/img/user/", "suffix": "/BH3ED1L02AHE2QPS.jpg"}, "homeCity": "Brisbane, Australia", "contact": {"facebook": "825990104", "twitter": "midodori"}, "firstName": "Midodo \u307f\u3069\u308a", "tips": {"count": 0}, "gender": "female", "lastName": "Ng", "lists": {"groups": [{"count": 2, "type": "created", "items": []}]}, "bio": ""}, {"id": "4189352", "photo": {"prefix": "https://igx.4sqi.net/img/user/", "suffix": "/IBDMH4C50KP1XLGU.jpg"}, "homeCity": "Singapore", "contact": {"facebook": "786564789"}, "firstName": "Serine", "tips": {"count": 4}, "gender": "female", "lastName": "Lee", "lists": {"groups": [{"count": 2, "type": "created", "items": []}]}, "bio": ""}, {"id": "2079321", "photo": {"prefix": "https://igx.4sqi.net/img/user/", "suffix": "/2079321-2G4SBR5P1CUFSZ3X.jpg"}, "homeCity": "Hougang, Singapore", "contact": {"facebook": "753827545", "twitter": "jerry_10_"}, "firstName": "Jerry", "tips": {"count": 1}, "gender": "male", "lastName": "Tan", "lists": {"groups": [{"count": 2, "type": "created", "items": []}]}, "bio": ""}, {"id": "3729639", "photo": {"prefix": "https://igx.4sqi.net/img/user/", "suffix": "/R1AA32KOFYQ0LAB2.jpg"}, "homeCity": "Singapore", "contact": {"facebook": "618926321", "twitter": "lovelyinn"}, "firstName": "Shirley", "tips": {"count": 3}, "gender": "female", "lastName": "Khng", "lists": {"groups": [{"count": 2, "type": "created", "items": []}]}, "bio": "u cannot catch me :P"}, {"id": "10090779", "photo": {"prefix": "https://igx.4sqi.net/img/user/", "suffix": "/G1KR5KDZUQIMJ0SY.jpg"}, "homeCity": "Singapore", "contact": {"facebook": "546131841"}, "firstName": "Eva", "tips": {"count": 0}, "gender": "female", "lastName": "Yeoh", "lists": {"groups": [{"count": 2, "type": "created", "items": []}]}, "bio": ""}, {"id": "7166734", "photo": {"prefix": "https://igx.4sqi.net/img/user/", "suffix": "/RYU0OEH1MH5TSXXI.jpg"}, "homeCity": "Singapore", "contact": {"facebook": "100000663750258", "twitter": "janetzhen"}, "firstName": "Janet", "tips": {"count": 1}, "gender": "female", "lastName": "Zhen", "lists": {"groups": [{"count": 2, "type": "created", "items": []}]}, "bio": ""}, {"id": "12271771", "photo": {"prefix": "https://igx.4sqi.net/img/user/", "suffix": "/UC3YWF2SM2J5DH1B.jpg"}, "homeCity": "Singapore", "contact": {"facebook": "1221920573", "twitter": "deadalive_ravec"}, "firstName": "Rave", "tips": {"count": 7}, "gender": "male", "lastName": "Simpson", "lists": {"groups": [{"count": 2, "type": "created", "items": []}]}, "bio": ""}, {"id": "11997138", "photo": {"prefix": "https://igx.4sqi.net/img/user/", "suffix": "/XWJILDPTPAXJHKL1.jpg"}, "homeCity": "Singapore", "contact": {"facebook": "750810866"}, "firstName": "DeVampie", "tips": {"count": 0}, "gender": "female", "lastName": "RockerChic", "lists": {"groups": [{"count": 2, "type": "created", "items": []}]}, "bio": ""}, {"id": "3937560", "photo": {"prefix": "https://igx.4sqi.net/img/user/", "suffix": "/3937560-FG5GR3KYO55TZQOF.jpg"}, "homeCity": "Singapore", "contact": {"facebook": "10153724122913846"}, "firstName": "Yan", "tips": {"count": 0}, "gender": "female", "lastName": "Yan", "lists": {"groups": [{"count": 2, "type": "created", "items": []}]}, "bio": ""}, {"id": "5363350", "photo": {"prefix": "https://igx.4sqi.net/img/user/", "suffix": "/Q1YXDLHIROFIW1O2.jpg"}, "homeCity": "Singapore", "contact": {"facebook": "693738290", "twitter": "angelinacrizal"}, "firstName": "Angelina", "tips": {"count": 0}, "gender": "female", "lastName": "Crizal", "lists": {"groups": [{"count": 2, "type": "created", "items": []}]}, "bio": ""}, {"id": "2169228", "photo": {"prefix": "https://igx.4sqi.net/img/user/", "suffix": "/FNINDMAXJSDCT52Q.jpg"}, "homeCity": "Singapore", "contact": {"facebook": "1276830702"}, "firstName": "Elyn", "tips": {"count": 0}, "gender": "female", "lastName": "L", "lists": {"groups": [{"count": 2, "type": "created", "items": []}]}, "bio": ""}, {"id": "22096080", "photo": {"prefix": "https://igx.4sqi.net/img/user/", "suffix": "/YXB41O4PC2OJL40L.jpg"}, "homeCity": "Fujian", "contact": {"facebook": "727383547", "twitter": "vivienne_tseng"}, "firstName": "Vivienne", "tips": {"count": 1}, "gender": "none", "lastName": "Tseng", "lists": {"groups": [{"count": 2, "type": "created", "items": []}]}, "bio": ""}, {"id": "14069130", "photo": {"prefix": "https://igx.4sqi.net/img/user/", "suffix": "/QNMCBUR3TJILFKWE.jpg"}, "homeCity": "Singapore", "contact": {"facebook": "1207990338"}, "firstName": "Tan", "tips": {"count": 0}, "gender": "male", "lastName": "Yee", "lists": {"groups": [{"count": 3, "type": "created", "items": []}]}, "bio": ""}, {"id": "5250627", "photo": {"prefix": "https://igx.4sqi.net/img/user/", "suffix": "/5250627-UNEU3FJUOPIQ0MVC.jpg"}, "homeCity": "Singapore", "contact": {"facebook": "1328134484", "twitter": "domokunn1996"}, "firstName": "Rian", "tips": {"count": 2}, "gender": "male", "lastName": "Nelson", "lists": {"groups": [{"count": 2, "type": "created", "items": []}]}, "bio": ""}, {"id": "3241037", "photo": {"prefix": "https://igx.4sqi.net/img/user/", "suffix": "/1MIDYP4W2ZWY0QZZ.jpg"}, "homeCity": "Singapore", "contact": {}, "firstName": "Shervon", "tips": {"count": 5}, "gender": "female", "lists": {"groups": [{"count": 2, "type": "created", "items": []}]}, "bio": ""}, {"id": "20940617", "photo": {"prefix": "https://igx.4sqi.net/img/user/", "suffix": "/20940617-QN0AMOVUOIYJZY3P.jpg"}, "homeCity": "Kuala lumpur", "contact": {"facebook": "1178449748846571", "twitter": "peijing0206"}, "firstName": "Pei", "tips": {"count": 4}, "gender": "female", "lastName": "Jing", "lists": {"groups": [{"count": 3, "type": "created", "items": []}]}, "bio": ""}, {"id": "3376668", "photo": {"prefix": "https://igx.4sqi.net/img/user/", "suffix": "/SIPKLIOIE4NEXJJY.jpg"}, "homeCity": "", "contact": {"twitter": "cjyj"}, "firstName": "Jasmine", "tips": {"count": 0}, "gender": "female", "lists": {"groups": [{"count": 2, "type": "created", "items": []}]}, "bio": ""}, {"id": "3639876", "photo": {"prefix": "https://igx.4sqi.net/img/user/", "suffix": "/QNYM5DO511GSJI2O.jpg"}, "homeCity": "Singapore", "contact": {"facebook": "580770067"}, "firstName": "Stella", "tips": {"count": 0}, "gender": "female", "lastName": "Kwa", "lists": {"groups": [{"count": 2, "type": "created", "items": []}]}, "bio": ""}, {"id": "3680970", "photo": {"prefix": "https://igx.4sqi.net/img/user/", "suffix": "/S51DMVTCNPUW1NQX.jpg"}, "homeCity": "Singapore", "contact": {"facebook": "642052062"}, "firstName": "Michelle", "tips": {"count": 5}, "gender": "female", "lastName": "Chong", "lists": {"groups": [{"count": 2, "type": "created", "items": []}]}, "bio": ""}, {"id": "3998211", "photo": {"prefix": "https://igx.4sqi.net/img/user/", "suffix": "/CTUPZI42N4QJ3HIB.jpg"}, "homeCity": "Singapore", "contact": {"facebook": "606384984"}, "firstName": "Jasper", "tips": {"count": 0}, "gender": "male", "lastName": "Gershwin", "lists": {"groups": [{"count": 2, "type": "created", "items": []}]}, "bio": ""}, {"id": "4079223", "photo": {"prefix": "https://igx.4sqi.net/img/user/", "suffix": "/1YHTU0HQALCF0V02.jpg"}, "homeCity": "Singapore", "contact": {"facebook": "1702512427"}, "firstName": "Terence", "tips": {"count": 0}, "gender": "male", "lastName": "Chee", "lists": {"groups": [{"count": 2, "type": "created", "items": []}]}, "bio": ""}, {"id": "6477436", "photo": {"prefix": "https://igx.4sqi.net/img/user/", "suffix": "/UO5BZ2OI1W2XJ4CX.jpg"}, "homeCity": "Singapore", "contact": {"facebook": "596555825", "twitter": "ying_rui"}, "firstName": "Relfy Yingrui", "tips": {"count": 4}, "gender": "female", "lastName": "Janice", "lists": {"groups": [{"count": 2, "type": "created", "items": []}]}, "bio": ""}]}, "checksum": "8adce2de37df1d5e075000bc9b32eeccae7b1962"}}