{"meta": {"code": 200, "requestId": "595ad8cf9fb6b77be285d44e"}, "notifications": [{"item": {"unreadCount": 0}, "type": "notificationTray"}], "response": {"photos": {"items": [{"height": 1440, "source": {"url": "https://foursquare.com/download/#/iphone", "name": "Foursquare for iOS"}, "tip": {"agreeCount": 0, "canonicalUrl": "https://foursquare.com/item/572f0dd1498ebae62e3af892", "todo": {"count": 0}, "logView": true, "disagreeCount": 0, "createdAt": 1462701521, "id": "572f0dd1498ebae62e3af892", "text": "Salted egg crab and steamed crab", "likes": {"groups": [], "count": 0}, "like": false, "type": "user"}, "width": 1920, "prefix": "https://igx.4sqi.net/img/general/", "createdAt": 1462701529, "id": "572f0dd9cd102de007d76ee1", "venue": {"like": false, "location": {"city": "Port Dickson", "state": "Negeri Sembilan", "cc": "MY", "country": "Malaysia", "lat": 2.4585884816213177, "lng": 101.85608069707843, "labeledLatLngs": [{"label": "display", "lat": 2.4585884816213177, "lng": 101.85608069707843}], "formattedAddress": ["Port Dickson, Negeri Sembilan", "Malaysia"]}, "categories": [{"icon": {"prefix": "https://ss3.4sqi.net/img/categories_v2/food/asian_", "suffix": ".png"}, "name": "Chinese Restaurant", "id": "4bf58dd8d48988d145941735", "pluralName": "Chinese Restaurants", "primary": true, "shortName": "Chinese"}], "verified": false, "contact": {}, "allowMenuUrlEdit": true, "stats": {"tipCount": 67, "usersCount": 1485, "checkinsCount": 1897}, "id": "4cd4000ba61c46887670b628", "name": "Pantai Ria Restaurant Chinese Muslim", "beenHere": {"lastCheckinExpiredAt": 0}}, "suffix": "/100240897_noUSTFRITFDdJmyGYaGy71dp0qvom3p7qcgPRhXGPGY.jpg", "visibility": "public"}, {"height": 1920, "source": {"url": "https://foursquare.com/download/#/iphone", "name": "Foursquare for iOS"}, "tip": {"agreeCount": 0, "canonicalUrl": "https://foursquare.com/item/55bcbcc7498e5df4df721971", "todo": {"count": 0}, "logView": true, "disagreeCount": 0, "createdAt": 1438432455, "id": "55bcbcc7498e5df4df721971", "text": "The bee burger and root beer float", "likes": {"groups": [], "count": 0}, "like": false, "type": "user"}, "width": 1440, "prefix": "https://igx.4sqi.net/img/general/", "createdAt": 1438432459, "id": "55bcbccb498edd8db3fb6f79", "venue": {"like": false, "location": {"formattedAddress": ["Publika (Lot 36B, Level G2)", "504800 Kuala Lumpur, Kuala Lumpur", "Malaysia"], "city": "Kuala Lumpur", "lng": 101.66748169639972, "cc": "MY", "state": "Kuala Lumpur", "crossStreet": "Lot 36B, Level G2", "lat": 3.1708579422018373, "address": "Publika", "labeledLatLngs": [{"label": "display", "lat": 3.1708579422018373, "lng": 101.66748169639972}], "postalCode": "504800", "country": "Malaysia"}, "categories": [{"icon": {"prefix": "https://ss3.4sqi.net/img/categories_v2/food/cafe_", "suffix": ".png"}, "name": "Caf\u00e9", "id": "4bf58dd8d48988d16d941735", "pluralName": "Caf\u00e9s", "primary": true, "shortName": "Caf\u00e9"}], "verified": true, "contact": {"formattedPhone": "+60 16-673 6142", "phone": "+60166736142"}, "allowMenuUrlEdit": true, "stats": {"tipCount": 207, "usersCount": 12558, "checkinsCount": 21424}, "id": "4ec0bf05775b98876e9aab46", "name": "The Bee", "storeId": "", "beenHere": {"lastCheckinExpiredAt": 0}}, "suffix": "/100240897__YAeoig9cq5nwU_ug3cjK51pk8xv48EdSHaGtB-ic6g.jpg", "visibility": "public"}, {"height": 1920, "source": {"url": "https://foursquare.com/download/#/iphone", "name": "Foursquare for iOS"}, "tip": {"agreeCount": 0, "canonicalUrl": "https://foursquare.com/item/54c9bb26498e01d155e9d1cb", "todo": {"count": 0}, "logView": true, "disagreeCount": 0, "createdAt": 1422506790, "id": "54c9bb26498e01d155e9d1cb", "text": "Dendeng. #", "likes": {"groups": [], "count": 0}, "like": false, "type": "user"}, "width": 1432, "prefix": "https://igx.4sqi.net/img/general/", "createdAt": 1422506801, "id": "54c9bb31498e1b26687a2f49", "venue": {"like": false, "location": {"formattedAddress": ["Lorong Raja Muda Musa 5,  Kampung Baru (Lorong Raja Muda Musa 6)", "50350 Kuala Lumpur, Kuala Lumpur", "Malaysia"], "city": "Kuala Lumpur", "lng": 101.70892272625115, "cc": "MY", "state": "Kuala Lumpur", "crossStreet": "Lorong Raja Muda Musa 6", "lat": 3.164789061154653, "address": "Lorong Raja Muda Musa 5,  Kampung Baru", "labeledLatLngs": [{"label": "display", "lat": 3.164789061154653, "lng": 101.70892272625115}], "postalCode": "50350", "country": "Malaysia"}, "categories": [{"icon": {"prefix": "https://ss3.4sqi.net/img/categories_v2/food/malaysian_", "suffix": ".png"}, "name": "Malay Restaurant", "id": "4bf58dd8d48988d156941735", "pluralName": "Malay Restaurants", "primary": true, "shortName": "Malay"}], "verified": false, "contact": {}, "allowMenuUrlEdit": true, "stats": {"tipCount": 47, "usersCount": 1531, "checkinsCount": 2815}, "id": "4b5d2692f964a520a95429e3", "name": "Nasi Padang Kampung Baru", "beenHere": {"lastCheckinExpiredAt": 0}}, "suffix": "/100240897_N07ZOji1BSLhgp6NWCZT7Z5063knlOYmbA1eIicZPtU.jpg", "visibility": "public"}], "count": 3}, "totalCount": 3}}