{"response": {"totalCount": 1, "photos": {"count": 1, "items": [{"tip": {"todo": {"count": 0}, "type": "user", "agreeCount": 1, "text": "Surrey Hills hipster bar has love child with Tokyo Izakaya. Grows up serious about Mayao Miyazaki films and Sake.", "createdAt": 1450276943, "logView": true, "id": "5671784f498e4c06968a45da", "disagreeCount": 0, "canonicalUrl": "https://foursquare.com/item/5671784f498e4c06968a45da", "likes": {"summary": "1 like", "groups": [{"type": "others", "count": 1, "items": [{"firstName": "Jonathan", "id": "100264305", "photo": {"prefix": "https://igx.4sqi.net/img/user/", "suffix": "/100264305-0JR22FCVRQUXF5KM.jpg"}, "gender": "none", "lastName": "Werrett"}]}], "count": 1}, "like": false}, "width": 1440, "visibility": "public", "createdAt": 1450276944, "id": "56717850498ec92d396d49c0", "source": {"name": "Foursquare for iOS", "url": "https://foursquare.com/download/#/iphone"}, "prefix": "https://igx.4sqi.net/img/general/", "suffix": "/100264305_613aajG9R-4K1ujrWkIMa_oi8p0D8cAQ2e5WLjBQ4pU.jpg", "venue": {"contact": {"twitter": "izakayafujiyama", "facebookName": "Izakaya Fujiyama", "phone": "+61296982797", "facebook": "143932935689577", "formattedPhone": "+61 2 9698 2797"}, "categories": [{"name": "Japanese Restaurant", "shortName": "Japanese", "primary": true, "icon": {"prefix": "https://ss3.4sqi.net/img/categories_v2/food/japanese_", "suffix": ".png"}, "id": "4bf58dd8d48988d111941735", "pluralName": "Japanese Restaurants"}], "stats": {"checkinsCount": 650, "tipCount": 31, "usersCount": 377}, "beenHere": {"lastCheckinExpiredAt": 0}, "location": {"country": "Australia", "state": "NSW", "formattedAddress": ["52 Waterloo St. (nr Adelaide St.)", "Surry Hills NSW 2010", "Australia"], "cc": "AU", "lat": -33.886661, "labeledLatLngs": [{"lng": 151.210143, "lat": -33.886661, "label": "display"}], "postalCode": "2010", "address": "52 Waterloo St.", "lng": 151.210143, "city": "Surry Hills", "crossStreet": "nr Adelaide St."}, "like": false, "hasMenu": true, "name": "Izakaya Fujiyama", "url": "http://www.izakayafujiyama.com", "allowMenuUrlEdit": true, "menu": {"type": "Menu", "url": "https://foursquare.com/v/izakaya-fujiyama/4e1011808877ac23b6552719/menu", "anchor": "View Menu", "mobileUrl": "https://foursquare.com/v/4e1011808877ac23b6552719/device_menu", "label": "Menu"}, "verified": false, "id": "4e1011808877ac23b6552719"}, "height": 1440}]}}, "notifications": [{"type": "notificationTray", "item": {"unreadCount": 0}}], "meta": {"requestId": "595b5fbf6a607114391d95da", "code": 200}}