{"response": {"totalCount": 3, "photos": {"count": 3, "items": [{"tip": {"todo": {"count": 0}, "type": "user", "agreeCount": 0, "text": "Crispy and tasty chicken Spring rolls", "createdAt": 1471094171, "logView": true, "id": "57af1d9bcd100b2a3c5b5373", "disagreeCount": 0, "canonicalUrl": "https://foursquare.com/item/57af1d9bcd100b2a3c5b5373", "likes": {"groups": [], "count": 0}, "like": false}, "width": 1440, "visibility": "public", "createdAt": 1471094182, "id": "57af1da6cd1021d5f7be4378", "source": {"name": "Foursquare for iOS", "url": "https://foursquare.com/download/#/iphone"}, "prefix": "https://igx.4sqi.net/img/general/", "suffix": "/101111948_ISdXenQ_8hZO7ybAPVROYBt9zU-4EZGKqtz3wpqw0zo.jpg", "venue": {"contact": {"facebookName": "Bangkok Thai Restaurant", "phone": "+3612660584", "facebook": "135326039917201", "facebookUsername": "thairestaurant.hu", "twitter": "bangkokthaie", "formattedPhone": "+36 1 266 0584"}, "venuePage": {"id": "105930440"}, "categories": [{"name": "Thai Restaurant", "shortName": "Thai", "primary": true, "icon": {"prefix": "https://ss3.4sqi.net/img/categories_v2/food/thai_", "suffix": ".png"}, "id": "4bf58dd8d48988d149941735", "pluralName": "Thai Restaurants"}], "stats": {"checkinsCount": 520, "tipCount": 29, "usersCount": 373}, "beenHere": {"lastCheckinExpiredAt": 0}, "location": {"country": "Magyarorsz\u00e1g", "state": "Budapest", "formattedAddress": ["Budapest", "S\u00f3 u. 3. (V\u00e1ci u.)", "1056", "Magyarorsz\u00e1g"], "cc": "HU", "lat": 47.48796250829394, "labeledLatLngs": [{"lng": 19.057988226413727, "lat": 47.48796250829394, "label": "display"}], "postalCode": "1056", "address": "S\u00f3 u. 3.", "lng": 19.057988226413727, "city": "Budapest", "crossStreet": "V\u00e1ci u."}, "like": false, "allowMenuUrlEdit": true, "name": "Bangkok Thai Restaurant", "url": "http://www.thaietterem.hu", "menu": {"type": "Menu", "url": "http://www.thaietterem.hu/_etlap/", "anchor": "View Menu", "mobileUrl": "http://www.thaietterem.hu/_etlap/", "externalUrl": "http://www.thaietterem.hu/_etlap/", "label": "Menu"}, "verified": true, "id": "4c6d38316af58cfacfc68817"}, "height": 1920}, {"tip": {"todo": {"count": 0}, "type": "user", "agreeCount": 0, "text": "good value lunch menu for 1500 Ft with starter & main", "createdAt": 1471094134, "logView": true, "id": "57af1d76498e1d770bb1c871", "disagreeCount": 0, "canonicalUrl": "https://foursquare.com/item/57af1d76498e1d770bb1c871", "likes": {"groups": [], "count": 0}, "like": false}, "width": 1920, "visibility": "public", "createdAt": 1471094138, "id": "57af1d7a498e57e1be3c1348", "source": {"name": "Foursquare for iOS", "url": "https://foursquare.com/download/#/iphone"}, "prefix": "https://igx.4sqi.net/img/general/", "suffix": "/101111948_PI4QyWq-SKZNwoeOcokXhcwOqxfut5_YVWZ-9uyrdNw.jpg", "venue": {"contact": {"facebookName": "Bangkok Thai Restaurant", "phone": "+3612660584", "facebook": "135326039917201", "facebookUsername": "thairestaurant.hu", "twitter": "bangkokthaie", "formattedPhone": "+36 1 266 0584"}, "venuePage": {"id": "105930440"}, "categories": [{"name": "Thai Restaurant", "shortName": "Thai", "primary": true, "icon": {"prefix": "https://ss3.4sqi.net/img/categories_v2/food/thai_", "suffix": ".png"}, "id": "4bf58dd8d48988d149941735", "pluralName": "Thai Restaurants"}], "stats": {"checkinsCount": 520, "tipCount": 29, "usersCount": 373}, "beenHere": {"lastCheckinExpiredAt": 0}, "location": {"country": "Magyarorsz\u00e1g", "state": "Budapest", "formattedAddress": ["Budapest", "S\u00f3 u. 3. (V\u00e1ci u.)", "1056", "Magyarorsz\u00e1g"], "cc": "HU", "lat": 47.48796250829394, "labeledLatLngs": [{"lng": 19.057988226413727, "lat": 47.48796250829394, "label": "display"}], "postalCode": "1056", "address": "S\u00f3 u. 3.", "lng": 19.057988226413727, "city": "Budapest", "crossStreet": "V\u00e1ci u."}, "like": false, "allowMenuUrlEdit": true, "name": "Bangkok Thai Restaurant", "url": "http://www.thaietterem.hu", "menu": {"type": "Menu", "url": "http://www.thaietterem.hu/_etlap/", "anchor": "View Menu", "mobileUrl": "http://www.thaietterem.hu/_etlap/", "externalUrl": "http://www.thaietterem.hu/_etlap/", "label": "Menu"}, "verified": true, "id": "4c6d38316af58cfacfc68817"}, "height": 1440}, {"width": 1440, "visibility": "public", "createdAt": 1457793317, "id": "56e42925498e59585aa6a70b", "source": {"name": "Swarm for iOS", "url": "https://www.swarmapp.com"}, "prefix": "https://igx.4sqi.net/img/general/", "suffix": "/101111948_YAY-VFe_UNxggEdFwgrqa-JZ2t4YfF0w6T0osrR4p5A.jpg", "venue": {"contact": {"phone": "+442087317501", "formattedPhone": "+44 20 8731 7501"}, "categories": [{"name": "Italian Restaurant", "shortName": "Italian", "primary": true, "icon": {"prefix": "https://ss3.4sqi.net/img/categories_v2/food/italian_", "suffix": ".png"}, "id": "4bf58dd8d48988d110941735", "pluralName": "Italian Restaurants"}], "stats": {"checkinsCount": 689, "tipCount": 21, "usersCount": 414}, "beenHere": {"lastCheckinExpiredAt": 0}, "location": {"country": "United Kingdom", "formattedAddress": ["917 Finchley Rd.", "Golders Green", "Greater London", "NW11 7PE", "United Kingdom"], "cc": "GB", "lat": 51.57296573111933, "labeledLatLngs": [{"lng": -0.19574207198549057, "lat": 51.57296573111933, "label": "display"}], "postalCode": "NW11 7PE", "address": "917 Finchley Rd.", "lng": -0.19574207198549057, "city": "Golders Green", "state": "Greater London"}, "like": false, "hasMenu": true, "name": "L'Artista", "allowMenuUrlEdit": true, "menu": {"type": "Menu", "url": "https://foursquare.com/v/lartista/4b60a23cf964a52079f129e3/menu", "anchor": "View Menu", "mobileUrl": "https://foursquare.com/v/4b60a23cf964a52079f129e3/device_menu", "label": "Menu"}, "verified": false, "id": "4b60a23cf964a52079f129e3"}, "height": 1920}]}}, "notifications": [{"type": "notificationTray", "item": {"unreadCount": 0}}], "meta": {"requestId": "595b89674434b96bff7687e8", "code": 200}}