{"response": {"totalCount": 3, "photos": {"count": 3, "items": [{"tip": {"todo": {"count": 0}, "type": "user", "agreeCount": 0, "text": "The must beautiful place in the world, up to me..", "createdAt": 1446197828, "logView": true, "id": "56333a44498e9a9ace2b60b3", "disagreeCount": 0, "canonicalUrl": "https://foursquare.com/item/56333a44498e9a9ace2b60b3", "likes": {"groups": [], "count": 0}, "like": false}, "width": 1920, "visibility": "public", "createdAt": 1446197847, "id": "56333a57498ea95f47580752", "source": {"name": "Foursquare for iOS", "url": "https://foursquare.com/download/#/iphone"}, "prefix": "https://igx.4sqi.net/img/general/", "suffix": "/101115529_3aRWE24W2s4P4AiMSypWn83IOoaxhDDkLh9AreGVzdM.jpg", "venue": {"contact": {"phone": "+6566888868", "formattedPhone": "+65 6688 8868"}, "name": "Marina Bay Sands Boardwalk", "categories": [{"name": "Waterfront", "shortName": "Waterfront", "primary": true, "icon": {"prefix": "https://ss3.4sqi.net/img/categories_v2/parks_outdoors/river_", "suffix": ".png"}, "id": "56aa371be4b08b9a8d5734c3", "pluralName": "Waterfronts"}], "beenHere": {"lastCheckinExpiredAt": 0}, "stats": {"checkinsCount": 17352, "tipCount": 60, "usersCount": 12983}, "verified": true, "url": "http://www.marinabaysands.com", "id": "4ce55576ca41236ac9b37b4b", "location": {"country": "Singapore", "formattedAddress": ["10 Bayfront Avenue", "018956", "Singapore"], "cc": "SG", "lat": 1.284048347205377, "postalCode": "018956", "address": "10 Bayfront Avenue", "lng": 103.85849118232727, "city": "Singapore"}, "like": false, "storeId": ""}, "height": 1273}, {"tip": {"todo": {"count": 0}, "type": "user", "agreeCount": 3, "text": "The beat price in town for new year party!!!!!!", "createdAt": 1417450372, "logView": true, "id": "547c9384498e4164129f1648", "disagreeCount": 0, "canonicalUrl": "https://foursquare.com/item/547c9384498e4164129f1648", "likes": {"summary": "3 likes", "groups": [{"type": "others", "count": 3, "items": [{"firstName": "Mihai", "id": "112101576", "photo": {"default": true, "prefix": "https://igx.4sqi.net/img/user/", "suffix": "/blank_boy.png"}, "gender": "male", "lastName": "Danciu"}, {"firstName": "Bobi", "id": "101115529", "photo": {"default": true, "prefix": "https://igx.4sqi.net/img/user/", "suffix": "/blank_boy.png"}, "gender": "none", "lastName": "Marinescu"}, {"firstName": "Gabi", "id": "69393609", "photo": {"prefix": "https://igx.4sqi.net/img/user/", "suffix": "/Q32D1WSVMLBP5NJF.jpg"}, "gender": "male", "lastName": "Bulumac"}]}], "count": 3}, "like": false}, "width": 1440, "visibility": "public", "createdAt": 1417450374, "id": "547c9386498eb742a7486402", "source": {"name": "Foursquare for iOS", "url": "https://foursquare.com/download/#/iphone"}, "prefix": "https://igx.4sqi.net/img/general/", "suffix": "/101115529_qFfPQOWZ0cIQpWDrHzExZCbyNQmFAAGMnW0shMWmKCU.jpg", "venue": {"contact": {"phone": "+40725925016", "formattedPhone": "+40 725 925 016"}, "name": "VANITY", "categories": [{"name": "Nightclub", "shortName": "Nightclub", "primary": true, "icon": {"prefix": "https://ss3.4sqi.net/img/categories_v2/nightlife/nightclub_", "suffix": ".png"}, "id": "4bf58dd8d48988d11f941735", "pluralName": "Nightclubs"}], "beenHere": {"lastCheckinExpiredAt": 0}, "stats": {"checkinsCount": 1449, "tipCount": 21, "usersCount": 737}, "verified": false, "id": "4c237ad99a67a5937615de87", "location": {"country": "Rom\u00e2nia", "formattedAddress": ["Splaiul Independen\u021bei nr. 315B", "060043 Bucure\u0219ti", "Rom\u00e2nia"], "cc": "RO", "lat": 44.44419649737237, "labeledLatLngs": [{"lng": 26.05317364582118, "lat": 44.44419649737237, "label": "display"}], "postalCode": "060043", "address": "Splaiul Independen\u021bei nr. 315B", "lng": 26.05317364582118, "city": "Bucure\u0219ti", "state": "Bucure\u0219ti"}, "like": false, "allowMenuUrlEdit": true}, "height": 1863}, {"tip": {"todo": {"count": 0}, "type": "user", "agreeCount": 3, "text": "Verry good food!! The service is good to! Enjoy this place!!!! I just have it the rabit.", "createdAt": 1417353396, "logView": true, "id": "547b18b4498e2a9a9eddbd0e", "disagreeCount": 0, "canonicalUrl": "https://foursquare.com/item/547b18b4498e2a9a9eddbd0e", "likes": {"summary": "3 likes", "groups": [{"type": "others", "count": 3, "items": [{"firstName": "Covalciuc", "id": "43194246", "photo": {"prefix": "https://igx.4sqi.net/img/user/", "suffix": "/ICURBCI0N0OPZPRO.jpg"}, "gender": "male", "lastName": "Emilian"}, {"firstName": "Gabi", "id": "69393609", "photo": {"prefix": "https://igx.4sqi.net/img/user/", "suffix": "/Q32D1WSVMLBP5NJF.jpg"}, "gender": "male", "lastName": "Bulumac"}, {"firstName": "Bobi", "id": "101115529", "photo": {"default": true, "prefix": "https://igx.4sqi.net/img/user/", "suffix": "/blank_boy.png"}, "gender": "none", "lastName": "Marinescu"}]}], "count": 3}, "like": false}, "width": 1440, "visibility": "public", "createdAt": 1417383101, "id": "547b8cbd498ef19c62c4134d", "source": {"name": "Foursquare for iOS", "url": "https://foursquare.com/download/#/iphone"}, "prefix": "https://igx.4sqi.net/img/general/", "suffix": "/101115529_qk_yRQNKThmL78VkypINiKgP2x7Cel4Gebyk-yeOdng.jpg", "venue": {"contact": {"phone": "+40213503320", "formattedPhone": "+40 21 350 3320"}, "name": "Restaurant Vatra Neamului", "categories": [{"name": "Romanian Restaurant", "shortName": "Romanian", "primary": true, "icon": {"prefix": "https://ss3.4sqi.net/img/categories_v2/food/default_", "suffix": ".png"}, "id": "52960bac3cf9994f4e043ac4", "pluralName": "Romanian Restaurants"}], "beenHere": {"lastCheckinExpiredAt": 0}, "stats": {"checkinsCount": 615, "tipCount": 23, "usersCount": 403}, "verified": false, "url": "http://vatraneamului.ro", "id": "4d15e6f36d103704d2022dbd", "location": {"country": "Rom\u00e2nia", "state": "Ilfov", "formattedAddress": ["\u0218os. Bucure\u0219ti-Ploie\u0219ti, nr. 29 (DN1)", "Balote\u015fti", "Rom\u00e2nia"], "cc": "RO", "lat": 44.60804470277475, "labeledLatLngs": [{"lng": 26.072526632437825, "lat": 44.60804470277475, "label": "display"}], "address": "\u0218os. Bucure\u0219ti-Ploie\u0219ti, nr. 29", "lng": 26.072526632437825, "city": "Balote\u0219ti", "crossStreet": "DN1"}, "like": false, "allowMenuUrlEdit": true}, "height": 1920}]}}, "notifications": [{"type": "notificationTray", "item": {"unreadCount": 0}}], "meta": {"requestId": "595b8eb34c1f677020441633", "code": 200}}