{"response": {"totalCount": 4, "photos": {"count": 4, "items": [{"width": 540, "visibility": "public", "createdAt": 1431795209, "id": "55577609498ec36c9da045a5", "source": {"name": "Swarm for Android", "url": "https://www.swarmapp.com"}, "prefix": "https://igx.4sqi.net/img/general/", "suffix": "/10150992_6fpZI4oi0rjeW4eCK8nxUe9625C46VleFmY8ClpUA0o.jpg", "venue": {"contact": {}, "name": "silivri kavakl\u0131", "categories": [{"name": "Farm", "shortName": "Farm", "primary": true, "icon": {"prefix": "https://ss3.4sqi.net/img/categories_v2/parks_outdoors/farm_", "suffix": ".png"}, "id": "4bf58dd8d48988d15b941735", "pluralName": "Farms"}], "beenHere": {"lastCheckinExpiredAt": 0}, "stats": {"checkinsCount": 6041, "tipCount": 3, "usersCount": 3335}, "verified": false, "id": "53bd86f6498eda5dc4d89734", "location": {"country": "T\u00fcrkiye", "formattedAddress": ["T\u00fcrkiye"], "cc": "TR", "lat": 41.09240517212865, "labeledLatLngs": [{"lng": 28.332454186037168, "lat": 41.09240517212865, "label": "display"}], "lng": 28.332454186037168}, "like": false}, "height": 960}, {"width": 540, "visibility": "public", "createdAt": 1390735997, "id": "52e4f27d498e9ee605e0b238", "source": {"name": "Foursquare for Android", "url": "https://foursquare.com/download/#/android"}, "prefix": "https://igx.4sqi.net/img/general/", "suffix": "/10150992_kL0AInd9DhXzQiXE6jYk0OoPaUoRyD5dNwysEp2fxyo.jpg", "venue": {"contact": {}, "name": "Ferik\u00f6y Bit Pazar\u0131", "categories": [{"name": "Flea Market", "shortName": "Flea Market", "primary": true, "icon": {"prefix": "https://ss3.4sqi.net/img/categories_v2/shops/fleamarket_", "suffix": ".png"}, "id": "4bf58dd8d48988d1f7941735", "pluralName": "Flea Markets"}], "beenHere": {"lastCheckinExpiredAt": 0}, "stats": {"checkinsCount": 13620, "tipCount": 127, "usersCount": 8191}, "verified": false, "id": "4d3bf8bc14aa8cfa3f13a55e", "location": {"country": "T\u00fcrkiye", "formattedAddress": ["Ferik\u00f6y", "\u015ei\u015fli", "T\u00fcrkiye"], "cc": "TR", "lat": 41.05625652680732, "labeledLatLngs": [{"lng": 28.980310343189537, "lat": 41.05625652680732, "label": "display"}], "address": "Ferik\u00f6y", "lng": 28.980310343189537, "city": "\u015ei\u015fli", "state": "\u0130stanbul"}, "like": false, "allowMenuUrlEdit": true}, "height": 960}, {"width": 537, "visibility": "public", "createdAt": 1345203580, "id": "502e2d7ce4b0beacbd8c2da7", "source": {"name": "Foursquare for iOS", "url": "https://foursquare.com/download/#/iphone"}, "prefix": "https://igx.4sqi.net/img/general/", "suffix": "/8fJLg7B18rya6tpfbql74LtdGZeXvOTiBdIvPf9whu4.jpg", "venue": {"contact": {}, "name": "Kumburnu", "categories": [{"name": "Beach", "shortName": "Beach", "primary": true, "icon": {"prefix": "https://ss3.4sqi.net/img/categories_v2/parks_outdoors/beach_", "suffix": ".png"}, "id": "4bf58dd8d48988d1e2941735", "pluralName": "Beaches"}], "beenHere": {"lastCheckinExpiredAt": 0}, "stats": {"checkinsCount": 21368, "tipCount": 84, "usersCount": 15993}, "verified": false, "id": "4fbcda58e4b0eec107f45f3a", "location": {"country": "T\u00fcrkiye", "formattedAddress": ["\u00d6l\u00fcdeniz, Fethiye", "Mu\u011fla", "T\u00fcrkiye"], "cc": "TR", "lat": 36.54951924764431, "labeledLatLngs": [{"lng": 29.11154463164735, "lat": 36.54951924764431, "label": "display"}], "address": "\u00d6l\u00fcdeniz, Fethiye", "lng": 29.11154463164735, "city": "Mu\u011fla", "state": "Mu\u011fla"}, "like": false}, "height": 720}, {"width": 537, "visibility": "public", "createdAt": 1339149019, "id": "4fd1cadbe4b0f3584ff9153c", "source": {"name": "Foursquare for iOS", "url": "https://foursquare.com/download/#/iphone"}, "prefix": "https://igx.4sqi.net/img/general/", "suffix": "/i_F9GyFQI2FSRS3GqYIoKDCDEE-D4iN4vaWebedTYH8.jpg", "venue": {"contact": {}, "name": "Ak\u00e7ab\u00fck Beach Club", "categories": [{"name": "Beach", "shortName": "Beach", "primary": true, "icon": {"prefix": "https://ss3.4sqi.net/img/categories_v2/parks_outdoors/beach_", "suffix": ".png"}, "id": "4bf58dd8d48988d1e2941735", "pluralName": "Beaches"}], "beenHere": {"lastCheckinExpiredAt": 0}, "stats": {"checkinsCount": 5422, "tipCount": 73, "usersCount": 2180}, "verified": false, "id": "4fb020c4e4b0b84e1d46b46d", "location": {"country": "T\u00fcrkiye", "formattedAddress": ["Ak\u00e7ab\u00fck", "48400 Mu\u011fla", "T\u00fcrkiye"], "cc": "TR", "lat": 36.96625228296974, "labeledLatLngs": [{"lng": 27.284187626736344, "lat": 36.96625228296974, "label": "display"}], "postalCode": "48400", "state": "Mu\u011fla", "lng": 27.284187626736344, "city": "Bodrum", "crossStreet": "Ak\u00e7ab\u00fck"}, "like": false}, "height": 720}]}}, "notifications": [{"type": "notificationTray", "item": {"unreadCount": 0}}], "meta": {"requestId": "595b5cf5f594df3c3ffda6ec", "code": 200}}