{"meta": {"code": 200, "requestId": "595afddf6a6071143b68af8d"}, "notifications": [{"item": {"unreadCount": 0}, "type": "notificationTray"}], "response": {"photos": {"items": [{"height": 952, "source": {"url": "https://foursquare.com/download/#/iphone", "name": "Foursquare for iOS"}, "width": 720, "prefix": "https://igx.4sqi.net/img/general/", "createdAt": 1382970152, "id": "526e732811d24f04130b516a", "venue": {"like": false, "location": {"formattedAddress": ["20 Kensington Park Rd. (Serangoon Gardens Way)", "557269", "Singapore"], "city": "Singapore", "lng": 103.86650562286377, "cc": "SG", "country": "Singapore", "lat": 1.3641713454002702, "address": "20 Kensington Park Rd.", "crossStreet": "Serangoon Gardens Way", "postalCode": "557269"}, "categories": [{"icon": {"prefix": "https://ss3.4sqi.net/img/categories_v2/shops/food_foodcourt_", "suffix": ".png"}, "name": "Food Court", "id": "4bf58dd8d48988d120951735", "pluralName": "Food Courts", "primary": true, "shortName": "Food Court"}], "verified": false, "contact": {}, "allowMenuUrlEdit": true, "stats": {"tipCount": 186, "usersCount": 20643, "checkinsCount": 45313}, "id": "4b6e9931f964a5206dc32ce3", "name": "Chomp Chomp Food Centre", "beenHere": {"lastCheckinExpiredAt": 0}}, "suffix": "/10151931_hrHKvHxTNbjJ2nT9YwZZV8Qvdb7hvF4dP2wQTpFilgs.jpg", "visibility": "public"}, {"height": 720, "source": {"url": "https://foursquare.com/download/#/iphone", "name": "Foursquare for iOS"}, "width": 540, "prefix": "https://igx.4sqi.net/img/general/", "createdAt": 1338694764, "id": "4fcadc6ce4b0ac24475fef69", "venue": {"url": "http://www.singaporefoodtrail.com.sg", "like": false, "location": {"formattedAddress": ["#01-09/12, The Singapore Flyer (30 Raffles Ave)", "039803", "Singapore"], "city": "Singapore", "lng": 103.86296510696411, "cc": "SG", "country": "Singapore", "crossStreet": "30 Raffles Ave", "lat": 1.2895830304297036, "address": "#01-09/12, The Singapore Flyer", "labeledLatLngs": [{"label": "display", "lat": 1.2895830304297036, "lng": 103.86296510696411}], "postalCode": "039803"}, "categories": [{"icon": {"prefix": "https://ss3.4sqi.net/img/categories_v2/shops/food_foodcourt_", "suffix": ".png"}, "name": "Food Court", "id": "4bf58dd8d48988d120951735", "pluralName": "Food Courts", "primary": true, "shortName": "Food Court"}], "verified": false, "contact": {}, "allowMenuUrlEdit": true, "stats": {"tipCount": 82, "usersCount": 3654, "checkinsCount": 5538}, "id": "4d3f8a08de17a093f957f06b", "name": "Singapore Food Trail", "beenHere": {"lastCheckinExpiredAt": 0}}, "suffix": "/fMdpNkRuL43i-NBxul0mCQEYoSCf3INb2deL7TawISU.jpg", "visibility": "public"}, {"height": 720, "source": {"url": "https://foursquare.com/download/#/iphone", "name": "Foursquare for iOS"}, "width": 540, "prefix": "https://igx.4sqi.net/img/general/", "createdAt": 1330428095, "id": "4f4cb8bfe4b05b49b3ec1084", "venue": {"like": false, "location": {"formattedAddress": ["#03-15/16/17, Raffles City (252 North Bridge Rd)", "179103", "Singapore"], "city": "Singapore", "lng": 103.85278212784718, "cc": "SG", "country": "Singapore", "crossStreet": "252 North Bridge Rd", "lat": 1.2946542937625984, "address": "#03-15/16/17, Raffles City", "labeledLatLngs": [{"label": "display", "lat": 1.2946542937625984, "lng": 103.85278212784718}], "postalCode": "179103"}, "categories": [{"icon": {"prefix": "https://ss3.4sqi.net/img/categories_v2/shops/food_foodcourt_", "suffix": ".png"}, "name": "Food Court", "id": "4bf58dd8d48988d120951735", "pluralName": "Food Courts", "primary": true, "shortName": "Food Court"}], "verified": false, "contact": {"formattedPhone": "+65 6338 8055", "phone": "+6563388055"}, "allowMenuUrlEdit": true, "stats": {"tipCount": 75, "usersCount": 4638, "checkinsCount": 9386}, "id": "4bc3fa6cf8219c74c2e2b610", "name": "The Food Place by Food Junction", "beenHere": {"lastCheckinExpiredAt": 0}}, "suffix": "/3Xztr8a2JOiKEJk87pKsG6ZyJo7SWdmBdPhc4MzzAdE.jpg", "visibility": "public"}, {"height": 540, "source": {"url": "https://foursquare.com/download/#/iphone", "name": "Foursquare for iOS"}, "width": 720, "prefix": "https://igx.4sqi.net/img/general/", "createdAt": 1329713530, "id": "4f41d17ae4b0e4082657f1a7", "venue": {"like": false, "location": {"formattedAddress": ["#B1-08/09, Sun Plaza", "757713", "Singapore"], "city": "Singapore", "lng": 103.81964777314285, "cc": "SG", "country": "Singapore", "lat": 1.4477460341882042, "address": "#B1-08/09, Sun Plaza", "labeledLatLngs": [{"label": "display", "lat": 1.4477460341882042, "lng": 103.81964777314285}], "postalCode": "757713"}, "categories": [{"icon": {"prefix": "https://ss3.4sqi.net/img/categories_v2/food/ramen_", "suffix": ".png"}, "name": "Noodle House", "id": "4bf58dd8d48988d1d1941735", "pluralName": "Noodle Houses", "primary": true, "shortName": "Noodles"}], "verified": false, "contact": {}, "allowMenuUrlEdit": true, "stats": {"tipCount": 3, "usersCount": 159, "checkinsCount": 281}, "id": "4e3a806fa809ec55443c02c8", "name": "EAT.", "beenHere": {"lastCheckinExpiredAt": 0}}, "suffix": "/-yI6Wh0ZgCb4WckfhXXZVJ9S9dIARrlEUxeZVH_CMrU.jpg", "visibility": "public"}, {"height": 720, "source": {"url": "https://foursquare.com/download/#/iphone", "name": "Foursquare for iOS"}, "width": 540, "prefix": "https://igx.4sqi.net/img/general/", "createdAt": 1319452499, "id": "4ea53f5393ad755e381df9bf", "venue": {"like": false, "location": {"formattedAddress": ["123 Yishun St 11 #01-509", "760123", "Singapore"], "city": "Singapore", "lng": 103.83205593243936, "cc": "SG", "country": "Singapore", "lat": 1.434288840333203, "address": "123 Yishun St 11 #01-509", "labeledLatLngs": [{"label": "display", "lat": 1.434288840333203, "lng": 103.83205593243936}], "postalCode": "760123"}, "categories": [{"icon": {"prefix": "https://ss3.4sqi.net/img/categories_v2/shops/food_foodcourt_", "suffix": ".png"}, "name": "Food Court", "id": "4bf58dd8d48988d120951735", "pluralName": "Food Courts", "primary": true, "shortName": "Food Court"}], "verified": false, "contact": {"formattedPhone": "+65 6754 6889", "phone": "+6567546889"}, "allowMenuUrlEdit": true, "stats": {"tipCount": 16, "usersCount": 475, "checkinsCount": 1193}, "id": "4bbe9cd9ba9776b0110ffec8", "name": "123 Eating House", "beenHere": {"lastCheckinExpiredAt": 0}}, "suffix": "/J1V1BEXJHXJVYP0FMQAEE4VUZTXHV4AOMA2OTDNLVFWMM05M.jpg", "visibility": "public"}, {"height": 540, "source": {"url": "https://foursquare.com/download/#/iphone", "name": "Foursquare for iOS"}, "width": 720, "prefix": "https://igx.4sqi.net/img/general/", "createdAt": 1312208391, "id": "4e36b607a8092599ee118127", "venue": {"like": false, "location": {"formattedAddress": ["505 Canberra Link (Fu Chan Food Paradise)", "750505", "Singapore"], "city": "Singapore", "lng": 103.82217407226562, "cc": "SG", "country": "Singapore", "crossStreet": "Fu Chan Food Paradise", "lat": 1.4499975957589206, "address": "505 Canberra Link", "labeledLatLngs": [{"label": "display", "lat": 1.4499975957589206, "lng": 103.82217407226562}], "postalCode": "750505"}, "categories": [{"icon": {"prefix": "https://ss3.4sqi.net/img/categories_v2/food/steakhouse_", "suffix": ".png"}, "name": "Steakhouse", "id": "4bf58dd8d48988d1cc941735", "pluralName": "Steakhouses", "primary": true, "shortName": "Steakhouse"}], "verified": false, "contact": {}, "allowMenuUrlEdit": true, "stats": {"tipCount": 7, "usersCount": 423, "checkinsCount": 1343}, "id": "4c3719693849c928ee0bbdb1", "name": "Char-Grill Bar", "beenHere": {"lastCheckinExpiredAt": 0}}, "suffix": "/TTRFIXP0AM5WKUF3EAFVSQOK51YXDBSX5KACZ4Q52QVTIOHH.jpg", "visibility": "public"}], "count": 6}, "totalCount": 6}}