{"meta": {"code": 200, "requestId": "595b1ce36a6071143ae1e6ac"}, "notifications": [{"item": {"unreadCount": 0}, "type": "notificationTray"}], "response": {"photos": {"items": [{"height": 720, "source": {"url": "https://foursquare.com/download/#/iphone", "name": "Foursquare for iOS"}, "width": 537, "prefix": "https://igx.4sqi.net/img/general/", "createdAt": 1315646141, "id": "4e6b2abd52b1c12060216090", "venue": {"url": "http://www.ippudo.com.sg", "like": false, "location": {"formattedAddress": ["#04-02/03/04 Mandarin Gallery (333A Orchard Rd)", "238867", "Singapore"], "city": "Singapore", "lng": 103.83691308518367, "cc": "SG", "country": "Singapore", "crossStreet": "333A Orchard Rd", "lat": 1.3020449351449799, "address": "#04-02/03/04 Mandarin Gallery", "labeledLatLngs": [{"label": "display", "lat": 1.3020449351449799, "lng": 103.83691308518367}], "postalCode": "238867"}, "categories": [{"icon": {"prefix": "https://ss3.4sqi.net/img/categories_v2/food/ramen_", "suffix": ".png"}, "name": "Ramen Restaurant", "id": "55a59bace4b013909087cb24", "pluralName": "Ramen Restaurants", "primary": true, "shortName": "Ramen"}], "verified": false, "contact": {"twitter": "ippudosg", "facebookName": "Ippudo SG", "formattedPhone": "+65 6235 2797", "phone": "+6562352797", "facebookUsername": "ippudosg", "facebook": "104217219651756"}, "allowMenuUrlEdit": true, "stats": {"tipCount": 204, "usersCount": 11386, "checkinsCount": 19002}, "id": "4c160cf377cea5934602d360", "name": "Ippudo (\u4e00\u98a8\u5802)", "beenHere": {"lastCheckinExpiredAt": 0}}, "suffix": "/PTUFUDNSHUP1WTOE5FSLISWI3BHQTH0QG1HPG3XQO3304FYK.jpg", "visibility": "public"}, {"height": 720, "source": {"url": "https://foursquare.com/download/#/iphone", "name": "Foursquare for iOS"}, "width": 537, "prefix": "https://igx.4sqi.net/img/general/", "createdAt": 1315646118, "id": "4e6b2aa6fa76cd0f7703ef59", "venue": {"url": "http://www.ippudo.com.sg", "like": false, "location": {"formattedAddress": ["#04-02/03/04 Mandarin Gallery (333A Orchard Rd)", "238867", "Singapore"], "city": "Singapore", "lng": 103.83691308518367, "cc": "SG", "country": "Singapore", "crossStreet": "333A Orchard Rd", "lat": 1.3020449351449799, "address": "#04-02/03/04 Mandarin Gallery", "labeledLatLngs": [{"label": "display", "lat": 1.3020449351449799, "lng": 103.83691308518367}], "postalCode": "238867"}, "categories": [{"icon": {"prefix": "https://ss3.4sqi.net/img/categories_v2/food/ramen_", "suffix": ".png"}, "name": "Ramen Restaurant", "id": "55a59bace4b013909087cb24", "pluralName": "Ramen Restaurants", "primary": true, "shortName": "Ramen"}], "verified": false, "contact": {"twitter": "ippudosg", "facebookName": "Ippudo SG", "formattedPhone": "+65 6235 2797", "phone": "+6562352797", "facebookUsername": "ippudosg", "facebook": "104217219651756"}, "allowMenuUrlEdit": true, "stats": {"tipCount": 204, "usersCount": 11386, "checkinsCount": 19002}, "id": "4c160cf377cea5934602d360", "name": "Ippudo (\u4e00\u98a8\u5802)", "beenHere": {"lastCheckinExpiredAt": 0}}, "suffix": "/EIIJKWGTJMMPHSDHT1NL4N0DTKHI1YW5WBKGSM0UIUJ3D15L.jpg", "visibility": "public"}, {"height": 720, "source": {"url": "https://foursquare.com/download/#/iphone", "name": "Foursquare for iOS"}, "width": 537, "prefix": "https://igx.4sqi.net/img/general/", "createdAt": 1315622251, "id": "4e6acd6bc65b5bef2890c1a3", "venue": {"url": "http://www.antoinette.com.sg", "like": false, "location": {"formattedAddress": ["30 Penhas Rd.", "208188", "Singapore"], "city": "Singapore", "lng": 103.86275288790178, "cc": "SG", "country": "Singapore", "lat": 1.3093453813612783, "address": "30 Penhas Rd.", "labeledLatLngs": [{"label": "display", "lat": 1.3093453813612783, "lng": 103.86275288790178}], "postalCode": "208188"}, "categories": [{"icon": {"prefix": "https://ss3.4sqi.net/img/categories_v2/food/dessert_", "suffix": ".png"}, "name": "Dessert Shop", "id": "4bf58dd8d48988d1d0941735", "pluralName": "Dessert Shops", "primary": true, "shortName": "Desserts"}], "verified": false, "contact": {"formattedPhone": "+65 6293 3121", "phone": "+6562933121"}, "allowMenuUrlEdit": true, "stats": {"tipCount": 69, "usersCount": 2050, "checkinsCount": 3380}, "id": "4df4ce83aeb7170aa2f58abb", "name": "Antoinette", "beenHere": {"lastCheckinExpiredAt": 0}}, "suffix": "/LWMKMF4PPZCQMVFD5N4KRP5XJ14JLVUNVAZLXCLKCP2MF3JB.jpg", "visibility": "public"}], "count": 3}, "totalCount": 3}}