{"meta": {"code": 200, "requestId": "595afddb4c1f67701d359a2e"}, "notifications": [{"item": {"unreadCount": 0}, "type": "notificationTray"}], "response": {"photos": {"items": [{"height": 720, "source": {"url": "https://foursquare.com/download/#/iphone", "name": "Foursquare for iOS"}, "width": 960, "prefix": "https://igx.4sqi.net/img/general/", "createdAt": 1389097306, "id": "52cbf15a498e6c037c725e3c", "venue": {"like": false, "location": {"formattedAddress": ["Kastanienallee 102", "10435 Berlin", "Deutschland"], "city": "Berlin", "lng": 13.411312143820483, "cc": "DE", "state": "Berlin", "lat": 52.54000513349599, "address": "Kastanienallee 102", "labeledLatLngs": [{"label": "display", "lat": 52.54000513349599, "lng": 13.411312143820483}], "postalCode": "10435", "country": "Deutschland"}, "categories": [{"icon": {"prefix": "https://ss3.4sqi.net/img/categories_v2/food/turkish_", "suffix": ".png"}, "name": "Doner Restaurant", "id": "5283c7b4e4b094cb91ec88d8", "pluralName": "Doner Restaurants", "primary": true, "shortName": "Doner"}], "verified": false, "contact": {"facebookName": "K'UPS Gem\u00fcsekebap", "facebook": "242389922603356"}, "allowMenuUrlEdit": true, "stats": {"tipCount": 54, "usersCount": 621, "checkinsCount": 1330}, "id": "52cbf133498e78d875c9f01f", "name": "K'UPS Gem\u00fcsekebap", "beenHere": {"lastCheckinExpiredAt": 0}}, "suffix": "/10180002_S8euYl6YHc21kEHjunW5Tdhitp4fKjVwAvqRPuBMb3U.jpg", "visibility": "public"}, {"height": 720, "source": {"url": "https://foursquare.com/download/#/iphone", "name": "Foursquare for iOS"}, "width": 960, "prefix": "https://igx.4sqi.net/img/general/", "createdAt": 1376770959, "id": "520fdb8f498e936813822223", "venue": {"venueRatingBlacklisted": true, "like": false, "location": {"formattedAddress": ["Am Gro\u00dfen Wannsee 22-26", "14109 Berlin", "Deutschland"], "city": "Berlin", "lng": 13.162068017877829, "cc": "DE", "state": "Berlin", "lat": 52.42611251704429, "address": "Am Gro\u00dfen Wannsee 22-26", "labeledLatLngs": [{"label": "display", "lat": 52.42611251704429, "lng": 13.162068017877829}], "postalCode": "14109", "country": "Deutschland"}, "categories": [{"icon": {"prefix": "https://ss3.4sqi.net/img/categories_v2/parks_outdoors/harbor_", "suffix": ".png"}, "name": "Harbor / Marina", "id": "4bf58dd8d48988d1e0941735", "pluralName": "Harbors / Marinas", "primary": true, "shortName": "Harbor / Marina"}], "verified": false, "contact": {"formattedPhone": "+49 30 8052006", "phone": "+49308052006"}, "beenHere": {"lastCheckinExpiredAt": 0}, "stats": {"tipCount": 0, "usersCount": 73, "checkinsCount": 125}, "id": "4bbf74c230c99c74183c5511", "name": "Verein Seglerhaus am Wannsee"}, "suffix": "/10180002_vxE3Jc0dwpeF-de4OMjacr38X3QNv4l0iyHRPPV2iUs.jpg", "visibility": "public"}, {"height": 1440, "source": {"url": "https://foursquare.com/download/#/iphone", "name": "Foursquare for iOS"}, "width": 1920, "prefix": "https://igx.4sqi.net/img/general/", "createdAt": 1367858582, "id": "5187dd96498e35ce172c8dc9", "venue": {"venueRatingBlacklisted": true, "closed": true, "like": false, "location": {"formattedAddress": ["Luckenwalder Str. 4-6", "10963 Berlin", "Deutschland"], "city": "Berlin", "lng": 13.37434709072113, "cc": "DE", "state": "Berlin", "lat": 52.49776634227159, "address": "Luckenwalder Str. 4-6", "labeledLatLngs": [{"label": "display", "lat": 52.49776634227159, "lng": 13.37434709072113}], "postalCode": "10963", "country": "Deutschland"}, "categories": [{"icon": {"prefix": "https://ss3.4sqi.net/img/categories_v2/building/auditorium_", "suffix": ".png"}, "name": "Auditorium", "id": "4bf58dd8d48988d173941735", "pluralName": "Auditoriums", "primary": true, "shortName": "Auditorium"}], "verified": false, "contact": {}, "beenHere": {"lastCheckinExpiredAt": 0}, "stats": {"tipCount": 5, "usersCount": 1216, "checkinsCount": 3630}, "id": "518765f1498e7fe51d3dd54f", "name": "Stage 1 | re:publica"}, "suffix": "/10180002_0J1pgP37DA_X3Y_E2Ws_jmIsKVo6R2a9vDN2mVRKotA.jpg", "visibility": "public"}, {"height": 1440, "source": {"url": "https://foursquare.com/download/#/iphone", "name": "Foursquare for iOS"}, "width": 1920, "prefix": "https://igx.4sqi.net/img/general/", "createdAt": 1367847137, "id": "5187b0e1498ee05edbe3f034", "venue": {"location": {"formattedAddress": ["Luckenwalder Str. 4-6 (STATION-Berlin)", "10963 Berlin", "Deutschland"], "city": "Berlin", "lng": 13.375386374896467, "cc": "DE", "state": "Berlin", "lat": 52.49931609228987, "address": "Luckenwalder Str. 4-6", "crossStreet": "STATION-Berlin", "postalCode": "10963", "country": "Deutschland"}, "contact": {"twitter": "republica"}, "verified": false, "allowMenuUrlEdit": true, "stats": {"tipCount": 21, "usersCount": 1277, "checkinsCount": 3099}, "id": "518751d5498e053c217d627c", "url": "http://www.re-publica.de", "closed": true, "like": false, "categories": [{"icon": {"prefix": "https://ss3.4sqi.net/img/categories_v2/building/eventspace_", "suffix": ".png"}, "name": "Event Space", "id": "4bf58dd8d48988d171941735", "pluralName": "Event Spaces", "primary": true, "shortName": "Event Space"}], "venueRatingBlacklisted": true, "beenHere": {"lastCheckinExpiredAt": 0}, "name": "re:publica 2013 #rp13"}, "suffix": "/10180002_3NAmYhh5UpXd_JkZxz9P1YMRZ4_igekQQcDl4I-MYy8.jpg", "visibility": "public"}, {"height": 960, "source": {"url": "https://foursquare.com/download/#/iphone", "name": "Foursquare for iOS"}, "width": 720, "prefix": "https://igx.4sqi.net/img/general/", "createdAt": 1359237157, "id": "51045025e4b0cc5c782d7773", "venue": {"url": "http://www.noirestaurant.cz", "like": false, "location": {"formattedAddress": ["\u00dajezd 409/19", "118 00 Praha", "\u010cesk\u00e1 republika"], "city": "Praha", "lng": 14.404394, "cc": "CZ", "state": "Hlavn\u00ed m\u011bsto Praha", "lat": 50.083043, "address": "\u00dajezd 409/19", "labeledLatLngs": [{"label": "display", "lat": 50.083043, "lng": 14.404394}], "postalCode": "118 00", "country": "\u010cesk\u00e1 republika"}, "categories": [{"icon": {"prefix": "https://ss3.4sqi.net/img/categories_v2/food/thai_", "suffix": ".png"}, "name": "Thai Restaurant", "id": "4bf58dd8d48988d149941735", "pluralName": "Thai Restaurants", "primary": true, "shortName": "Thai"}], "verified": false, "contact": {"formattedPhone": "+420 257 311 411", "phone": "+420257311411"}, "allowMenuUrlEdit": true, "stats": {"tipCount": 132, "usersCount": 2596, "checkinsCount": 5905}, "id": "4b6b2373f964a52043f52be3", "name": "Noi", "beenHere": {"lastCheckinExpiredAt": 0}}, "suffix": "/10180002_Ic2Jr7IsLsd751tVgxvBKG5jKUEQFDpIIfmIK6pYlts.jpg", "visibility": "public"}, {"height": 720, "source": {"url": "https://foursquare.com/download/#/iphone", "name": "Foursquare for iOS"}, "width": 960, "prefix": "https://igx.4sqi.net/img/general/", "createdAt": 1357661978, "id": "50ec471a498ed7e23a911532", "venue": {"venueRatingBlacklisted": true, "like": false, "location": {"formattedAddress": ["Marchstr. 23", "10587 Berlin", "Deutschland"], "city": "Berlin", "lng": 13.323599696159363, "cc": "DE", "state": "Berlin", "lat": 52.516557100559915, "address": "Marchstr. 23", "labeledLatLngs": [{"label": "display", "lat": 52.516557100559915, "lng": 13.323599696159363}], "postalCode": "10587", "country": "Deutschland"}, "categories": [{"icon": {"prefix": "https://ss3.4sqi.net/img/categories_v2/education/collegeacademicbuildings_communications_", "suffix": ".png"}, "name": "College Communications Building", "id": "4bf58dd8d48988d19a941735", "pluralName": "College Communications Buildings", "primary": true, "shortName": "Communications"}], "verified": false, "contact": {}, "beenHere": {"lastCheckinExpiredAt": 0}, "stats": {"tipCount": 2, "usersCount": 231, "checkinsCount": 1157}, "id": "50cf33fde4b0aceb661ba2c0", "name": "March-Geb\u00e4ude MAR | TU Berlin"}, "suffix": "/10180002_XZimzWDeFHb4VodUDV_b3Yscx5Icg5QbEH5TG7oSmt8.jpg", "visibility": "public"}, {"height": 540, "source": {"url": "https://foursquare.com/download/#/iphone", "name": "Foursquare for iOS"}, "width": 720, "prefix": "https://igx.4sqi.net/img/general/", "createdAt": 1341391810, "id": "4ff403c2e4b05ae522b21ad9", "venue": {"venueRatingBlacklisted": true, "like": false, "location": {"formattedAddress": ["Stra\u00dfe des 17. Juni 136 (Technische Universit\u00e4t Berlin)", "10623 Berlin", "Deutschland"], "city": "Berlin", "lng": 13.325888790057089, "cc": "DE", "state": "Berlin", "crossStreet": "Technische Universit\u00e4t Berlin", "lat": 52.51348589721409, "address": "Stra\u00dfe des 17. Juni 136", "labeledLatLngs": [{"label": "display", "lat": 52.51348589721409, "lng": 13.325888790057089}], "postalCode": "10623", "country": "Deutschland"}, "categories": [{"icon": {"prefix": "https://ss3.4sqi.net/img/categories_v2/education/collegeacademicbuildings_math_", "suffix": ".png"}, "name": "College Math Building", "id": "4bf58dd8d48988d19c941735", "pluralName": "College Math Buildings", "primary": true, "shortName": "Math"}], "verified": false, "contact": {}, "beenHere": {"lastCheckinExpiredAt": 0}, "stats": {"tipCount": 3, "usersCount": 511, "checkinsCount": 3516}, "id": "4bcc35e7511f9521e893b2c7", "name": "Mathematikgeb\u00e4ude MA | TU Berlin"}, "suffix": "/uYEtQ0OWRTO3Fz-HM7NJA_Z2YLtP-Zte_Tcucl8MmiU.jpg", "visibility": "public"}], "count": 7}, "totalCount": 7}}