{"meta": {"code": 200, "requestId": "595af2921ed21919fa2b762f"}, "notifications": [{"item": {"unreadCount": 0}, "type": "notificationTray"}], "response": {"photos": {"items": [{"height": 960, "source": {"url": "https://foursquare.com/download/#/iphone", "name": "Foursquare for iOS"}, "width": 720, "prefix": "https://igx.4sqi.net/img/general/", "createdAt": 1396171615, "id": "5337e35f498ef7b217475cfa", "venue": {"venueRatingBlacklisted": true, "like": false, "location": {"city": "Singapore", "lng": 103.81624591713016, "cc": "SG", "country": "Singapore", "lat": 1.3082183412293218, "address": "Singapore Botanic Gardens", "labeledLatLngs": [{"label": "display", "lat": 1.3082183412293218, "lng": 103.81624591713016}], "formattedAddress": ["Singapore Botanic Gardens", "Singapore"]}, "categories": [{"icon": {"prefix": "https://ss3.4sqi.net/img/categories_v2/parks_outdoors/lake_", "suffix": ".png"}, "name": "Lake", "id": "4bf58dd8d48988d161941735", "pluralName": "Lakes", "primary": true, "shortName": "Lake"}], "verified": false, "contact": {}, "beenHere": {"lastCheckinExpiredAt": 0}, "stats": {"tipCount": 5, "usersCount": 991, "checkinsCount": 1331}, "id": "4c5d35549b28d13aa7f35870", "name": "Swan Lake"}, "suffix": "/10184388_GtPMX22Tyvz08hI3NlOooUxkMreT7PDIVcBZ8CwFf2o.jpg", "visibility": "public"}, {"height": 960, "source": {"url": "https://foursquare.com/download/#/iphone", "name": "Foursquare for iOS"}, "width": 720, "prefix": "https://igx.4sqi.net/img/general/", "createdAt": 1396004679, "id": "53355747498e9c73f301b7c7", "venue": {"like": false, "location": {"formattedAddress": ["26/27 Boat Quay (Upper Circular Rd)", "049817", "Singapore"], "city": "Singapore", "lng": 103.85006904602051, "cc": "SG", "country": "Singapore", "crossStreet": "Upper Circular Rd", "lat": 1.2858288861417957, "address": "26/27 Boat Quay", "labeledLatLngs": [{"label": "display", "lat": 1.2858288861417957, "lng": 103.85006904602051}], "postalCode": "049817"}, "categories": [{"icon": {"prefix": "https://ss3.4sqi.net/img/categories_v2/nightlife/pub_", "suffix": ".png"}, "name": "Bar", "id": "4bf58dd8d48988d116941735", "pluralName": "Bars", "primary": true, "shortName": "Bar"}], "verified": false, "contact": {"formattedPhone": "+65 6538 2300", "phone": "+6565382300"}, "allowMenuUrlEdit": true, "stats": {"tipCount": 47, "usersCount": 2124, "checkinsCount": 3499}, "id": "4b05880cf964a5200dae22e3", "name": "The Penny Black Public House", "beenHere": {"lastCheckinExpiredAt": 0}}, "suffix": "/10184388_hixISGWxueWxxppJz3x1fM2cSGWFn8vSzgLZsF1Yzzk.jpg", "visibility": "public"}, {"height": 960, "source": {"url": "https://foursquare.com/download/#/iphone", "name": "Foursquare for iOS"}, "width": 720, "prefix": "https://igx.4sqi.net/img/general/", "createdAt": 1388116712, "id": "52bcfae8498ee6046b9f0676", "venue": {"like": false, "location": {"city": "Singapore", "lng": 103.81771759143119, "cc": "SG", "country": "Singapore", "lat": 1.251478284260268, "address": "Sentosa Beach, Sentosa Singapore", "labeledLatLngs": [{"label": "display", "lat": 1.251478284260268, "lng": 103.81771759143119}], "formattedAddress": ["Sentosa Beach, Sentosa Singapore", "Singapore"]}, "categories": [{"icon": {"prefix": "https://ss3.4sqi.net/img/categories_v2/parks_outdoors/beach_", "suffix": ".png"}, "name": "Beach", "id": "4bf58dd8d48988d1e2941735", "pluralName": "Beaches", "primary": true, "shortName": "Beach"}], "verified": false, "contact": {}, "beenHere": {"lastCheckinExpiredAt": 0}, "stats": {"tipCount": 19, "usersCount": 6754, "checkinsCount": 7775}, "id": "4fbe2679e4b0d565a8871c64", "name": "Sentosa Beach"}, "suffix": "/10184388_cNWXBz4rWOjGtXc0yxVw6c1F7jHVzEiGywJSMchnKl0.jpg", "visibility": "public"}, {"height": 960, "source": {"url": "https://foursquare.com/download/#/iphone", "name": "Foursquare for iOS"}, "width": 720, "prefix": "https://igx.4sqi.net/img/general/", "createdAt": 1381073570, "id": "525182a2498ef83d609afde4", "venue": {"like": false, "location": {"formattedAddress": ["315 Tanjong Katong Road", "437098", "Singapore"], "city": "Singapore", "lng": 103.89610729505354, "cc": "SG", "country": "Singapore", "lat": 1.305897448304672, "address": "315 Tanjong Katong Road", "labeledLatLngs": [{"label": "display", "lat": 1.305897448304672, "lng": 103.89610729505354}], "postalCode": "437098"}, "categories": [{"icon": {"prefix": "https://ss3.4sqi.net/img/categories_v2/food/seafood_", "suffix": ".png"}, "name": "Seafood Restaurant", "id": "4bf58dd8d48988d1ce941735", "pluralName": "Seafood Restaurants", "primary": true, "shortName": "Seafood"}], "verified": false, "contact": {}, "allowMenuUrlEdit": true, "stats": {"tipCount": 4, "usersCount": 85, "checkinsCount": 95}, "id": "51fb9cd1498e70ff901f5f13", "name": "House of Seafood", "beenHere": {"lastCheckinExpiredAt": 0}}, "suffix": "/10184388_u_w0vOI0mQvaZjO8zNp0hbKRNf6_KchTncOMrr7cWyA.jpg", "visibility": "public"}, {"height": 960, "source": {"url": "https://foursquare.com/download/#/iphone", "name": "Foursquare for iOS"}, "width": 720, "prefix": "https://igx.4sqi.net/img/general/", "createdAt": 1375900993, "id": "52029541498ed80ca3be55b3", "venue": {"location": {"formattedAddress": ["Unit 7, Paddington Station", "City of Westminster", "Greater London", "W2 1HB", "United Kingdom"], "city": "City of Westminster", "lng": -0.177122355, "cc": "GB", "state": "Greater London", "lat": 51.51659461, "address": "Unit 7, Paddington Station", "labeledLatLngs": [{"label": "display", "lat": 51.51659461, "lng": -0.177122355}], "postalCode": "W2 1HB", "country": "United Kingdom"}, "contact": {"twitter": "yosushi", "facebookName": "YO! Sushi", "formattedPhone": "+44 20 7262 7408", "phone": "+442072627408", "facebookUsername": "YOSushi", "facebook": "196501451763"}, "verified": true, "allowMenuUrlEdit": true, "stats": {"tipCount": 21, "usersCount": 1018, "checkinsCount": 1809}, "id": "4b28e72ef964a520069624e3", "storeId": "PADD", "url": "http://www.yosushi.com/yosushi", "closed": true, "like": false, "categories": [{"icon": {"prefix": "https://ss3.4sqi.net/img/categories_v2/food/sushi_", "suffix": ".png"}, "name": "Sushi Restaurant", "id": "4bf58dd8d48988d1d2941735", "pluralName": "Sushi Restaurants", "primary": true, "shortName": "Sushi"}], "beenHere": {"lastCheckinExpiredAt": 0}, "name": "YO! Sushi"}, "suffix": "/10184388_jxxyQB_iP0_5znI6RBJC1FyZgIM7O9-RFS3LGHd_sf0.jpg", "visibility": "public"}, {"height": 1920, "source": {"url": "https://foursquare.com/download/#/iphone", "name": "Foursquare for iOS"}, "width": 1440, "prefix": "https://igx.4sqi.net/img/general/", "createdAt": 1368524829, "id": "5192081d498eb731c1471874", "venue": {"location": {"formattedAddress": ["Turnberry", "Ayrshire", "South Ayrshire", "KA26 9LT", "United Kingdom"], "city": "Ayrshire", "lng": -4.828920364379883, "cc": "GB", "state": "South Ayrshire", "lat": 55.31410322303185, "address": "Turnberry", "labeledLatLngs": [{"label": "display", "lat": 55.31410322303185, "lng": -4.828920364379883}], "postalCode": "KA26 9LT", "country": "United Kingdom"}, "contact": {"twitter": "trumpturnberry", "instagram": "trumpturnberryscotland", "facebookName": "Trump International Golf Links Scotland", "formattedPhone": "+44 1655 331000", "phone": "+441655331000", "facebookUsername": "TrumpInternationalGolfLinks", "facebook": "414426511932868"}, "verified": true, "allowMenuUrlEdit": true, "stats": {"tipCount": 6, "usersCount": 427, "checkinsCount": 783}, "id": "4c6efcb0d97fa1433da6f1ca", "storeId": "1109", "url": "https://www.trumphotels.com/turnberry", "like": false, "categories": [{"icon": {"prefix": "https://ss3.4sqi.net/img/categories_v2/travel/resort_", "suffix": ".png"}, "name": "Resort", "id": "4bf58dd8d48988d12f951735", "pluralName": "Resorts", "primary": true, "shortName": "Resort"}], "beenHere": {"lastCheckinExpiredAt": 0}, "name": "Trump Turnberry"}, "suffix": "/10184388_A87Arqnp-H3Ktl3qw9iZRbNQ4BOEs0QdxFxW214-RtI.jpg", "visibility": "public"}, {"height": 1920, "source": {"url": "https://foursquare.com/download/#/iphone", "name": "Foursquare for iOS"}, "width": 1440, "prefix": "https://igx.4sqi.net/img/general/", "createdAt": 1367764727, "id": "51866ef7498ee26c2e3641f2", "venue": {"hasMenu": true, "location": {"formattedAddress": ["Baltic Wharf", "Bristol", "BS1 6XG", "United Kingdom"], "city": "Bristol", "lng": -2.615895, "cc": "GB", "country": "United Kingdom", "lat": 51.447013, "address": "Baltic Wharf", "labeledLatLngs": [{"label": "display", "lat": 51.447013, "lng": -2.615895}], "postalCode": "BS1 6XG"}, "contact": {"formattedPhone": "+44 117 921 5256", "twitter": "cottagebristol", "phone": "+441179215256"}, "verified": false, "allowMenuUrlEdit": true, "stats": {"tipCount": 12, "usersCount": 361, "checkinsCount": 729}, "menu": {"label": "Menu", "anchor": "View Menu", "mobileUrl": "https://foursquare.com/v/4b058836f964a520cbb822e3/device_menu", "url": "https://foursquare.com/v/the-cottage-inn/4b058836f964a520cbb822e3/menu", "type": "Menu"}, "beenHere": {"lastCheckinExpiredAt": 0}, "url": "http://www.cottage.butcombe.com", "like": false, "categories": [{"icon": {"prefix": "https://ss3.4sqi.net/img/categories_v2/nightlife/pub_", "suffix": ".png"}, "name": "Pub", "id": "4bf58dd8d48988d11b941735", "pluralName": "Pubs", "primary": true, "shortName": "Pub"}], "id": "4b058836f964a520cbb822e3", "name": "The Cottage Inn"}, "suffix": "/10184388_O2UW47mhrT7e-vklIGwp1Qz7Vz8ILs2PUtDCzxUH9TA.jpg", "visibility": "public"}, {"height": 1920, "source": {"url": "https://foursquare.com/download/#/iphone", "name": "Foursquare for iOS"}, "width": 1440, "prefix": "https://igx.4sqi.net/img/general/", "createdAt": 1367582739, "id": "5183a813498e2f0dc66f52eb", "venue": {"hasMenu": true, "location": {"formattedAddress": ["1 Canons Rd", "Bristol", "BS1 5UH", "United Kingdom"], "city": "Bristol", "lng": -2.597522652844545, "cc": "GB", "state": "Bristol", "lat": 51.45212618448778, "address": "1 Canons Rd", "labeledLatLngs": [{"label": "display", "lat": 51.45212618448778, "lng": -2.597522652844545}], "postalCode": "BS1 5UH", "country": "United Kingdom"}, "contact": {"formattedPhone": "+44 117 929 1100", "twitter": "no1harbourside", "phone": "+441179291100"}, "verified": false, "allowMenuUrlEdit": true, "stats": {"tipCount": 26, "usersCount": 1056, "checkinsCount": 2059}, "menu": {"label": "Menu", "anchor": "View Menu", "mobileUrl": "https://foursquare.com/v/4e593b5962e1de72f6ef0d38/device_menu", "url": "https://foursquare.com/v/no1-harbourside/4e593b5962e1de72f6ef0d38/menu", "type": "Menu"}, "beenHere": {"lastCheckinExpiredAt": 0}, "url": "http://no1harbourside.co.uk", "like": false, "categories": [{"icon": {"prefix": "https://ss3.4sqi.net/img/categories_v2/nightlife/pub_", "suffix": ".png"}, "name": "Bar", "id": "4bf58dd8d48988d116941735", "pluralName": "Bars", "primary": true, "shortName": "Bar"}], "id": "4e593b5962e1de72f6ef0d38", "name": "No.1 Harbourside"}, "suffix": "/10184388_2gemJH07F_Ex94nVlzAt0oL-vmqiDkWLV5oT14xmAH8.jpg", "visibility": "public"}, {"height": 720, "source": {"url": "https://foursquare.com/download/#/iphone", "name": "Foursquare for iOS"}, "width": 540, "prefix": "https://igx.4sqi.net/img/general/", "createdAt": 1347741934, "id": "5054e8eee4b012cb824ff99f", "venue": {"location": {"formattedAddress": ["Glass House (Cabot Circus)", "Bristol", "BS1 3BX", "United Kingdom"], "city": "Bristol", "lng": -2.585325356209642, "cc": "GB", "state": "Bristol", "crossStreet": "Cabot Circus", "lat": 51.458707665665436, "address": "Glass House", "labeledLatLngs": [{"label": "display", "lat": 51.458707665665436, "lng": -2.585325356209642}], "postalCode": "BS1 3BX", "country": "United Kingdom"}, "contact": {"formattedPhone": "+44 871 220 1000", "twitter": "showcasecinemas", "phone": "+448712201000"}, "verified": true, "allowMenuUrlEdit": true, "stats": {"tipCount": 62, "usersCount": 2088, "checkinsCount": 7816}, "id": "4b06e5fff964a52081f222e3", "storeId": "", "url": "http://www.showcasecinemas.co.uk", "like": false, "categories": [{"icon": {"prefix": "https://ss3.4sqi.net/img/categories_v2/arts_entertainment/movietheater_", "suffix": ".png"}, "name": "Multiplex", "id": "4bf58dd8d48988d180941735", "pluralName": "Multiplexes", "primary": true, "shortName": "Cineplex"}], "beenHere": {"lastCheckinExpiredAt": 0}, "name": "Showcase Cinema de Lux"}, "suffix": "/10184388_LQBoodiR-pe865G9dE2XeMNjqg6phzRlZJ72ncqWfhE.jpg", "visibility": "public"}, {"height": 537, "source": {"url": "https://foursquare.com/download/#/iphone", "name": "Foursquare for iOS"}, "width": 720, "prefix": "https://igx.4sqi.net/img/general/", "createdAt": 1312127733, "id": "4e357af52271b2cf0677d3ea", "venue": {"like": false, "location": {"formattedAddress": ["Newgate", "Bristol", "BS1 2AH", "United Kingdom"], "city": "Bristol", "lng": -2.5893946527701615, "cc": "GB", "state": "Bristol", "lat": 51.455415130724724, "address": "Newgate", "labeledLatLngs": [{"label": "display", "lat": 51.455415130724724, "lng": -2.5893946527701615}], "postalCode": "BS1 2AH", "country": "United Kingdom"}, "categories": [{"icon": {"prefix": "https://ss3.4sqi.net/img/categories_v2/parks_outdoors/park_", "suffix": ".png"}, "name": "Park", "id": "4bf58dd8d48988d163941735", "pluralName": "Parks", "primary": true, "shortName": "Park"}], "verified": false, "contact": {"formattedPhone": "+44 117 922 3719", "phone": "+441179223719"}, "beenHere": {"lastCheckinExpiredAt": 0}, "stats": {"tipCount": 15, "usersCount": 1287, "checkinsCount": 3830}, "id": "4bcb20a1937ca593e2e0a892", "name": "Castle Park"}, "suffix": "/5UFEBKVW4FITDD1UZILSBCJ3YLJS45GBMG0F3KRKKMXYTKLR.jpg", "visibility": "public"}], "count": 10}, "totalCount": 10}}