{"meta": {"code": 200, "requestId": "595ad8c74434b96bc7ad66fd"}, "notifications": [{"item": {"unreadCount": 0}, "type": "notificationTray"}], "response": {"photos": {"items": [{"height": 4048, "source": {"url": "https://foursquare.com/download/#/android", "name": "Foursquare for Android"}, "tip": {"agreeCount": 0, "canonicalUrl": "https://foursquare.com/item/58e9dc9488cfcc323baab27f", "todo": {"count": 0}, "logView": true, "disagreeCount": 0, "createdAt": 1491721364, "id": "58e9dc9488cfcc323baab27f", "text": "Love their Latte. Tastes good. Many power plugs available. Comfortable environment.", "likes": {"groups": [], "count": 0}, "like": false, "type": "user"}, "width": 3036, "prefix": "https://igx.4sqi.net/img/general/", "createdAt": 1491721378, "id": "58e9dca226a953247dc28c1c", "venue": {"url": "http://www.thebookcafe.com.sg", "like": false, "location": {"formattedAddress": ["#01-02 Seng Kee Building (20 Martin Road)", "239070", "Singapore"], "city": "Singapore", "lng": 103.839072, "cc": "SG", "country": "Singapore", "crossStreet": "20 Martin Road", "lat": 1.29105, "address": "#01-02 Seng Kee Building", "labeledLatLngs": [{"label": "display", "lat": 1.29105, "lng": 103.839072}], "postalCode": "239070"}, "categories": [{"icon": {"prefix": "https://ss3.4sqi.net/img/categories_v2/food/cafe_", "suffix": ".png"}, "name": "Caf\u00e9", "id": "4bf58dd8d48988d16d941735", "pluralName": "Caf\u00e9s", "primary": true, "shortName": "Caf\u00e9"}], "verified": false, "contact": {"formattedPhone": "+65 6887 5430", "phone": "+6568875430"}, "allowMenuUrlEdit": true, "stats": {"tipCount": 121, "usersCount": 2621, "checkinsCount": 4509}, "id": "4b47ecf8f964a5202e4426e3", "name": "The Book Caf\u00e9", "beenHere": {"lastCheckinExpiredAt": 0}}, "suffix": "/102162773_gUpBBlIQKDaDHp03QQEgTd625L_uTC1P21gSLPIEIoQ.jpg", "visibility": "public"}, {"height": 720, "source": {"url": "https://foursquare.com/download/#/android", "name": "Foursquare for Android"}, "tip": {"agreeCount": 0, "canonicalUrl": "https://foursquare.com/item/576f4eefcd108cb6ca8d6ce3", "todo": {"count": 0}, "logView": true, "disagreeCount": 0, "createdAt": 1466912495, "id": "576f4eefcd108cb6ca8d6ce3", "text": "Mushroom soup must try! Yum yum <3", "likes": {"groups": [], "count": 0}, "like": false, "type": "user"}, "width": 960, "prefix": "https://igx.4sqi.net/img/general/", "createdAt": 1466912496, "id": "576f4ef0498e436581ef3d0f", "venue": {"like": false, "location": {"formattedAddress": ["33 Nagore Rd", "10050 Georgetown, Pulau Pinang", "Malaysia"], "city": "Georgetown", "lng": 100.32620429992676, "cc": "MY", "state": "Pulau Pinang", "lat": 5.421081488567695, "address": "33 Nagore Rd", "labeledLatLngs": [{"label": "display", "lat": 5.421081488567695, "lng": 100.32620429992676}], "postalCode": "10050", "country": "Malaysia"}, "categories": [{"icon": {"prefix": "https://ss3.4sqi.net/img/categories_v2/food/bakery_", "suffix": ".png"}, "name": "Bakery", "id": "4bf58dd8d48988d16a941735", "pluralName": "Bakeries", "primary": true, "shortName": "Bakery"}], "verified": false, "contact": {"formattedPhone": "+60 4-228 3814", "phone": "+6042283814"}, "allowMenuUrlEdit": true, "stats": {"tipCount": 86, "usersCount": 1814, "checkinsCount": 3818}, "id": "4c07439188ba9521b3fde78f", "name": "Continental Bakery", "beenHere": {"lastCheckinExpiredAt": 0}}, "suffix": "/102162773_K-vTww8yzIs0xpCWq2KsQDH2w6Qia6QxChsgFkjyVqc.jpg", "visibility": "public"}, {"height": 960, "source": {"url": "https://foursquare.com/download/#/android", "name": "Foursquare for Android"}, "tip": {"agreeCount": 0, "canonicalUrl": "https://foursquare.com/item/55fad432498ed7e4d547568d", "todo": {"count": 0}, "logView": true, "disagreeCount": 0, "createdAt": 1442501682, "id": "55fad432498ed7e4d547568d", "text": "Nice milkshakes. Recommend coffee avocado milkshake. The aroma of coffee is so strong, match well with avocado. Like the biscuits on top of the milkshake too! Long queue, waited for 20 mins", "likes": {"groups": [], "count": 0}, "like": false, "type": "user"}, "width": 720, "prefix": "https://igx.4sqi.net/img/general/", "createdAt": 1442501684, "id": "55fad434498ef9f408c1a130", "venue": {"like": false, "location": {"city": "Singapore", "lng": 103.82837638710713, "cc": "SG", "country": "Singapore", "lat": 1.3062244150449447, "address": "Forum", "labeledLatLngs": [{"label": "display", "lat": 1.3062244150449447, "lng": 103.82837638710713}], "formattedAddress": ["Forum", "Singapore"]}, "categories": [{"icon": {"prefix": "https://ss3.4sqi.net/img/categories_v2/food/cafe_", "suffix": ".png"}, "name": "Caf\u00e9", "id": "4bf58dd8d48988d16d941735", "pluralName": "Caf\u00e9s", "primary": true, "shortName": "Caf\u00e9"}], "verified": false, "contact": {}, "allowMenuUrlEdit": true, "stats": {"tipCount": 20, "usersCount": 695, "checkinsCount": 838}, "id": "50de87fae4b03fabe2b832b9", "name": "The Benjamin's", "beenHere": {"lastCheckinExpiredAt": 0}}, "suffix": "/102162773_6BSXKl4myhUZkTOzSU5_DxgoR3V9N6pR9lr7ytmiKtI.jpg", "visibility": "public"}, {"height": 720, "source": {"url": "https://foursquare.com/download/#/android", "name": "Foursquare for Android"}, "tip": {"agreeCount": 0, "canonicalUrl": "https://foursquare.com/item/5520fbc3498e87610a501162", "todo": {"count": 0}, "logView": true, "disagreeCount": 0, "createdAt": 1428224963, "id": "5520fbc3498e87610a501162", "text": "Terrible mee rebus, stall50. Wonder why people crazy about it\ud83d\ude12", "likes": {"groups": [], "count": 0}, "like": false, "type": "user"}, "width": 960, "prefix": "https://igx.4sqi.net/img/general/", "createdAt": 1428225063, "id": "5520fc27498e6c0baf57551b", "venue": {"like": false, "location": {"formattedAddress": ["Jalan Panggung Wayang", "34000 Bandar Taiping, Perak", "Malaysia"], "city": "Bandar Taiping", "lng": 100.74034628846034, "cc": "MY", "state": "Perak", "lat": 4.849546574600986, "address": "Jalan Panggung Wayang", "labeledLatLngs": [{"label": "display", "lat": 4.849546574600986, "lng": 100.74034628846034}], "postalCode": "34000", "country": "Malaysia"}, "categories": [{"icon": {"prefix": "https://ss3.4sqi.net/img/categories_v2/shops/food_foodcourt_", "suffix": ".png"}, "name": "Food Court", "id": "4bf58dd8d48988d120951735", "pluralName": "Food Courts", "primary": true, "shortName": "Food Court"}], "verified": false, "contact": {}, "allowMenuUrlEdit": true, "stats": {"tipCount": 127, "usersCount": 4491, "checkinsCount": 10697}, "id": "4ce61f60595cb1f7cd96ba14", "name": "Larut Matang Hawker Centre", "beenHere": {"lastCheckinExpiredAt": 0}}, "suffix": "/102162773_AkO7b4ZfuDoFh_K0AeYBm50mlbQ3HWI_4YPmbEmkDoo.jpg", "visibility": "public"}, {"height": 1280, "source": {"url": "https://foursquare.com/download/#/android", "name": "Foursquare for Android"}, "tip": {"agreeCount": 0, "canonicalUrl": "https://foursquare.com/item/5503accd498e01051727e4c5", "todo": {"count": 0}, "logView": true, "disagreeCount": 0, "createdAt": 1426304205, "id": "5503accd498e01051727e4c5", "text": "Serve fresh sashimi. Big portion foods. Taste of food is just nice, won't too strong favoured\ud83d\udc4d\ud83d\udc4d\ud83d\udc4d. Nice interior design. Comfortable restaurant.", "likes": {"groups": [], "count": 0}, "like": false, "type": "user"}, "width": 960, "prefix": "https://igx.4sqi.net/img/general/", "createdAt": 1426304208, "id": "5503acd0498e07b912127d52", "venue": {"like": false, "location": {"formattedAddress": ["9, Jalan Tun Sambanthan", "30000 Ipoh, Perak", "Malaysia"], "city": "Ipoh", "lng": 101.076509, "cc": "MY", "state": "Perak", "lat": 4.597802, "address": "9, Jalan Tun Sambanthan", "labeledLatLngs": [{"label": "display", "lat": 4.597802, "lng": 101.076509}], "postalCode": "30000", "country": "Malaysia"}, "categories": [{"icon": {"prefix": "https://ss3.4sqi.net/img/categories_v2/food/japanese_", "suffix": ".png"}, "name": "Japanese Restaurant", "id": "4bf58dd8d48988d111941735", "pluralName": "Japanese Restaurants", "primary": true, "shortName": "Japanese"}], "verified": false, "contact": {}, "allowMenuUrlEdit": true, "stats": {"tipCount": 4, "usersCount": 185, "checkinsCount": 273}, "id": "53350d0811d279d2440e1880", "name": "YoYo Tokyo Sushi", "beenHere": {"lastCheckinExpiredAt": 0}}, "suffix": "/102162773_W5CWMhp9E1lIHP3bEdsIxO75EZhmw2JjsmTwJ94OkR4.jpg", "visibility": "public"}, {"height": 960, "source": {"url": "https://foursquare.com/download/#/android", "name": "Foursquare for Android"}, "width": 720, "prefix": "https://igx.4sqi.net/img/general/", "createdAt": 1423708056, "id": "54dc0f98498eb1e32d904c60", "venue": {"like": false, "location": {"formattedAddress": ["165 Campbell Street", "10100 Georgetown, Pulau Pinang", "Malaysia"], "city": "Georgetown", "lng": 100.33268360300272, "cc": "MY", "state": "Pulau Pinang", "lat": 5.418486904529671, "address": "165 Campbell Street", "labeledLatLngs": [{"label": "display", "lat": 5.418486904529671, "lng": 100.33268360300272}], "postalCode": "10100", "country": "Malaysia"}, "categories": [{"icon": {"prefix": "https://ss3.4sqi.net/img/categories_v2/food/asian_", "suffix": ".png"}, "name": "Chinese Restaurant", "id": "4bf58dd8d48988d145941735", "pluralName": "Chinese Restaurants", "primary": true, "shortName": "Chinese"}], "verified": false, "contact": {"formattedPhone": "+60 4-264 3168", "phone": "+6042643168"}, "allowMenuUrlEdit": true, "stats": {"tipCount": 114, "usersCount": 3128, "checkinsCount": 6866}, "id": "4cee759623f260fc3479cdbf", "name": "Trois Canon Cafe (\u4e09\u70ae\u53f0\u8336\u9910\u5385)", "beenHere": {"lastCheckinExpiredAt": 0}}, "suffix": "/102162773_ffuwpLxszncbvuZe8nMgS15BK_UX7WFg-X534_mh8SY.jpg", "visibility": "public"}, {"height": 720, "source": {"url": "https://foursquare.com/download/#/android", "name": "Foursquare for Android"}, "width": 960, "prefix": "https://igx.4sqi.net/img/general/", "createdAt": 1423708037, "id": "54dc0f85498ee6d54b8c71c7", "venue": {"like": false, "location": {"formattedAddress": ["165 Campbell Street", "10100 Georgetown, Pulau Pinang", "Malaysia"], "city": "Georgetown", "lng": 100.33268360300272, "cc": "MY", "state": "Pulau Pinang", "lat": 5.418486904529671, "address": "165 Campbell Street", "labeledLatLngs": [{"label": "display", "lat": 5.418486904529671, "lng": 100.33268360300272}], "postalCode": "10100", "country": "Malaysia"}, "categories": [{"icon": {"prefix": "https://ss3.4sqi.net/img/categories_v2/food/asian_", "suffix": ".png"}, "name": "Chinese Restaurant", "id": "4bf58dd8d48988d145941735", "pluralName": "Chinese Restaurants", "primary": true, "shortName": "Chinese"}], "verified": false, "contact": {"formattedPhone": "+60 4-264 3168", "phone": "+6042643168"}, "allowMenuUrlEdit": true, "stats": {"tipCount": 114, "usersCount": 3128, "checkinsCount": 6866}, "id": "4cee759623f260fc3479cdbf", "name": "Trois Canon Cafe (\u4e09\u70ae\u53f0\u8336\u9910\u5385)", "beenHere": {"lastCheckinExpiredAt": 0}}, "suffix": "/102162773_nBcz4lW4r9kjgLlOV9lBZFttKz4ryBoDZr9ndsrC1PE.jpg", "visibility": "public"}, {"height": 720, "source": {"url": "https://foursquare.com/download/#/android", "name": "Foursquare for Android"}, "width": 960, "prefix": "https://igx.4sqi.net/img/general/", "createdAt": 1423655365, "id": "54db41c5498e04a2ba57820a", "venue": {"like": false, "location": {"cc": "MY", "country": "Malaysia", "lat": 5.1229510055556995, "lng": 100.4891441805207, "labeledLatLngs": [{"label": "display", "lat": 5.1229510055556995, "lng": 100.4891441805207}], "formattedAddress": ["Malaysia"]}, "categories": [{"icon": {"prefix": "https://ss3.4sqi.net/img/categories_v2/food/asian_", "suffix": ".png"}, "name": "Chinese Restaurant", "id": "4bf58dd8d48988d145941735", "pluralName": "Chinese Restaurants", "primary": true, "shortName": "Chinese"}], "verified": false, "contact": {}, "allowMenuUrlEdit": true, "stats": {"tipCount": 1, "usersCount": 9, "checkinsCount": 31}, "id": "4f562d85e4b005c33ba8d88b", "name": "Kedai Kopi 227 \u8336\u9910\u5ba4", "beenHere": {"lastCheckinExpiredAt": 0}}, "suffix": "/102162773_QWK73x1XTs75eTk6-N38CTijBIa_6LgB8ORvX9fh_Y0.jpg", "visibility": "public"}, {"height": 960, "source": {"url": "https://foursquare.com/download/#/android", "name": "Foursquare for Android"}, "width": 720, "prefix": "https://igx.4sqi.net/img/general/", "createdAt": 1423655335, "id": "54db41a7498ec57811ddc6f6", "venue": {"like": false, "location": {"cc": "MY", "country": "Malaysia", "lat": 5.1229510055556995, "lng": 100.4891441805207, "labeledLatLngs": [{"label": "display", "lat": 5.1229510055556995, "lng": 100.4891441805207}], "formattedAddress": ["Malaysia"]}, "categories": [{"icon": {"prefix": "https://ss3.4sqi.net/img/categories_v2/food/asian_", "suffix": ".png"}, "name": "Chinese Restaurant", "id": "4bf58dd8d48988d145941735", "pluralName": "Chinese Restaurants", "primary": true, "shortName": "Chinese"}], "verified": false, "contact": {}, "allowMenuUrlEdit": true, "stats": {"tipCount": 1, "usersCount": 9, "checkinsCount": 31}, "id": "4f562d85e4b005c33ba8d88b", "name": "Kedai Kopi 227 \u8336\u9910\u5ba4", "beenHere": {"lastCheckinExpiredAt": 0}}, "suffix": "/102162773_FCGwCZQnpoG0kpS2kM801Qv7tTBItoCdgyY9Fx8QXkA.jpg", "visibility": "public"}, {"height": 2448, "source": {"url": "https://foursquare.com/download/#/android", "name": "Foursquare for Android"}, "tip": {"agreeCount": 0, "canonicalUrl": "https://foursquare.com/item/5483eb0111d22419b542cb8e", "todo": {"count": 0}, "logView": true, "disagreeCount": 0, "createdAt": 1417931521, "id": "5483eb0111d22419b542cb8e", "text": "Expensive than in the cities.. A piece of chicken, some slides of cucumber with white rice, costs me RM6.50!  Taste ok only", "likes": {"groups": [], "count": 0}, "like": false, "type": "user"}, "width": 3264, "prefix": "https://igx.4sqi.net/img/general/", "createdAt": 1417931538, "id": "5483eb12498e2edb058413e3", "venue": {"like": false, "location": {"city": "Bidur", "lng": 101.29612908831724, "cc": "MY", "state": "Perak", "crossStreet": "Before Exit Bidor Toll", "lat": 4.10634653552189, "address": "Bidor", "labeledLatLngs": [{"label": "display", "lat": 4.10634653552189, "lng": 101.29612908831724}], "formattedAddress": ["Bidor (Before Exit Bidor Toll)", "Bidor, Perak", "Malaysia"], "country": "Malaysia"}, "categories": [{"icon": {"prefix": "https://ss3.4sqi.net/img/categories_v2/food/indian_", "suffix": ".png"}, "name": "Indian Restaurant", "id": "4bf58dd8d48988d10f941735", "pluralName": "Indian Restaurants", "primary": true, "shortName": "Indian"}], "verified": false, "contact": {}, "allowMenuUrlEdit": true, "stats": {"tipCount": 43, "usersCount": 1712, "checkinsCount": 2730}, "id": "4c1f3ed3920076b09f6ec4e9", "name": "Restoran Kari Kepala Ikan Salim", "beenHere": {"lastCheckinExpiredAt": 0}}, "suffix": "/102162773_T_z8xxVXarn41oa2z6TDsvBKl6pFs0UdDmxHEaltqV8.jpg", "visibility": "public"}, {"height": 2448, "source": {"url": "https://foursquare.com/download/#/android", "name": "Foursquare for Android"}, "tip": {"agreeCount": 0, "canonicalUrl": "https://foursquare.com/item/54701953498e0d526ab49e39", "todo": {"count": 0}, "logView": true, "disagreeCount": 0, "createdAt": 1416632659, "id": "54701953498e0d526ab49e39", "text": "Chili sauce tastes GOOD. Chicken is GOOD. Well roasted char siu albeit the char siu sauce is over sweet at the first taste. Overall, it is very good! Craving for the second plate\ud83d\ude0b", "likes": {"groups": [], "count": 0}, "like": false, "type": "user"}, "width": 3264, "prefix": "https://igx.4sqi.net/img/general/", "createdAt": 1416632764, "id": "547019bc498e335507560ee9", "venue": {"like": false, "location": {"cc": "MY", "country": "Malaysia", "lat": 4.853026, "lng": 100.742963, "labeledLatLngs": [{"label": "display", "lat": 4.853026, "lng": 100.742963}], "formattedAddress": ["Malaysia"]}, "categories": [{"icon": {"prefix": "https://ss3.4sqi.net/img/categories_v2/food/asian_", "suffix": ".png"}, "name": "Asian Restaurant", "id": "4bf58dd8d48988d142941735", "pluralName": "Asian Restaurants", "primary": true, "shortName": "Asian"}], "verified": false, "contact": {}, "allowMenuUrlEdit": true, "stats": {"tipCount": 13, "usersCount": 187, "checkinsCount": 287}, "id": "4cea0599f1c6236a85b568f0", "name": "Kok Beng Chicken Rice(Top 10)", "beenHere": {"lastCheckinExpiredAt": 0}}, "suffix": "/102162773_D9dyQJ9qpNdAFkOVzXN0UEkoIm0cgLvRu6b1Wp8tnSE.jpg", "visibility": "public"}, {"height": 1440, "source": {"url": "https://foursquare.com/download/#/android", "name": "Foursquare for Android"}, "tip": {"agreeCount": 0, "canonicalUrl": "https://foursquare.com/item/546e996a498eccf4f65cb081", "todo": {"count": 0}, "logView": true, "disagreeCount": 0, "createdAt": 1416534378, "id": "546e996a498eccf4f65cb081", "text": "\u828b\u996d\u5f88\u9999\u867e\u7c73\u5473\u3002\u3002\u732a\u8089\u54b8\u83dc\u6c64\u5473\u9053\u6070\u597d, \u4e0d\u4f1a\u592a\u8fc7\u4e8e\u91cd\u53e3\u5473\u3002\u6781\u529b\u63a8\u8350\ud83d\udc4d\ud83d\udc4d\ud83d\udc4d", "likes": {"groups": [], "count": 0}, "like": false, "type": "user"}, "width": 1080, "prefix": "https://igx.4sqi.net/img/general/", "createdAt": 1416534380, "id": "546e996c498e88f7b50d4c08", "venue": {"like": false, "location": {"state": "Sungai Jawi,Pulau Pinang", "cc": "MY", "country": "Malaysia", "lat": 5.208877530583489, "lng": 100.4972213872013, "labeledLatLngs": [{"label": "display", "lat": 5.208877530583489, "lng": 100.4972213872013}], "formattedAddress": ["Sungai Jawi,Pulau Pinang", "Malaysia"]}, "categories": [{"icon": {"prefix": "https://ss3.4sqi.net/img/categories_v2/food/asian_", "suffix": ".png"}, "name": "Chinese Breakfast Place", "id": "52af3a903cf9994f4e043bee", "pluralName": "Chinese Breakfast Places", "primary": true, "shortName": "Chinese Breakfast"}], "verified": false, "contact": {}, "allowMenuUrlEdit": true, "stats": {"tipCount": 10, "usersCount": 280, "checkinsCount": 623}, "id": "4d882186401a224b61077318", "name": "\u65b0\u6021\u9999\u9910\u5ba4 (\u828b\u996d) Restoran Xin Yee Hiang", "beenHere": {"lastCheckinExpiredAt": 0}}, "suffix": "/102162773_E9ije2iNc1d05U5yr1iMIpgG54VxNBsCONArzLDM_TA.jpg", "visibility": "public"}], "count": 12}, "totalCount": 12}}