{"response": {"totalCount": 30, "photos": {"count": 30, "items": [{"width": 960, "visibility": "public", "createdAt": 1365498026, "id": "5163d8aae4b08b2727c43446", "source": {"name": "Foursquare for Android", "url": "https://foursquare.com/download/#/android"}, "prefix": "https://igx.4sqi.net/img/general/", "suffix": "/10214980_4QUeoykwieqfjNkhsFcHJHqHpAdg9YcL6u27DeGC1Is.jpg", "venue": {"contact": {}, "beenHere": {"lastCheckinExpiredAt": 0}, "name": "NP Students' Union Office", "categories": [{"name": "Student Center", "shortName": "Student Center", "primary": true, "icon": {"prefix": "https://ss3.4sqi.net/img/categories_v2/education/studentcenter_", "suffix": ".png"}, "id": "4bf58dd8d48988d1ab941735", "pluralName": "Student Centers"}], "venueRatingBlacklisted": true, "stats": {"checkinsCount": 638, "tipCount": 0, "usersCount": 36}, "verified": false, "id": "4dd4e9777d8b194450ccb3a7", "location": {"country": "Singapore", "formattedAddress": ["Blk 18 Ngee Ann Polytechnic (535 Clementi Rd)", "599489", "Singapore"], "cc": "SG", "lat": 1.335007088832698, "labeledLatLngs": [{"lng": 103.77656769942075, "lat": 1.335007088832698, "label": "display"}], "postalCode": "599489", "address": "Blk 18 Ngee Ann Polytechnic", "lng": 103.77656769942075, "city": "Singapore", "crossStreet": "535 Clementi Rd"}, "like": false}, "height": 720}, {"width": 960, "visibility": "public", "createdAt": 1363778068, "id": "51499a14e4b02071f3efaa11", "source": {"name": "Foursquare for Android", "url": "https://foursquare.com/download/#/android"}, "prefix": "https://igx.4sqi.net/img/general/", "suffix": "/10214980_jFZmDNvFWyXYk8VbWFeFhHM6b1JuA1P0I2jlD-qaXiI.jpg", "venue": {"contact": {}, "name": "NPSU FRESHMEN ORIENTATION CAMP 13/14 Yggdrasil", "categories": [{"name": "Campground", "shortName": "Campground", "primary": true, "icon": {"prefix": "https://ss3.4sqi.net/img/categories_v2/parks_outdoors/campground_", "suffix": ".png"}, "id": "4bf58dd8d48988d1e4941735", "pluralName": "Campgrounds"}], "beenHere": {"lastCheckinExpiredAt": 0}, "stats": {"checkinsCount": 21, "tipCount": 0, "usersCount": 6}, "verified": false, "id": "5144d508e4b02dd32299cf39", "location": {"country": "Singapore", "formattedAddress": ["Singapore"], "cc": "SG", "lat": 1.3349157021938605, "labeledLatLngs": [{"lng": 103.77564535232548, "lat": 1.3349157021938605, "label": "display"}], "lng": 103.77564535232548}, "like": false}, "height": 720}, {"width": 960, "visibility": "public", "createdAt": 1363660684, "id": "5147cf8ce4b09c3bee5053ae", "source": {"name": "Foursquare for Android", "url": "https://foursquare.com/download/#/android"}, "prefix": "https://igx.4sqi.net/img/general/", "suffix": "/10214980_lrq9aBPQvw2M2n8S50tjMQm5jMGwZs5N2gs3tiJZOhw.jpg", "venue": {"contact": {}, "name": "NPSU FRESHMEN ORIENTATION CAMP 13/14 Yggdrasil", "categories": [{"name": "Campground", "shortName": "Campground", "primary": true, "icon": {"prefix": "https://ss3.4sqi.net/img/categories_v2/parks_outdoors/campground_", "suffix": ".png"}, "id": "4bf58dd8d48988d1e4941735", "pluralName": "Campgrounds"}], "beenHere": {"lastCheckinExpiredAt": 0}, "stats": {"checkinsCount": 21, "tipCount": 0, "usersCount": 6}, "verified": false, "id": "5144d508e4b02dd32299cf39", "location": {"country": "Singapore", "formattedAddress": ["Singapore"], "cc": "SG", "lat": 1.3349157021938605, "labeledLatLngs": [{"lng": 103.77564535232548, "lat": 1.3349157021938605, "label": "display"}], "lng": 103.77564535232548}, "like": false}, "height": 720}, {"width": 540, "visibility": "public", "createdAt": 1362926145, "id": "513c9a41e4b0a2c5967a3f08", "source": {"name": "Foursquare for Android", "url": "https://foursquare.com/download/#/android"}, "prefix": "https://igx.4sqi.net/img/general/", "suffix": "/10214980_s5zzvudklv4pQxPmzpETEHXABxm91ZRuHk0KuS5DwhM.jpg", "venue": {"contact": {"phone": "+6564652660", "formattedPhone": "+65 6465 2660"}, "name": "Lao Jiang \u8001\u6c5f Superior Kway Teow Soup", "categories": [{"name": "Noodle House", "shortName": "Noodles", "primary": true, "icon": {"prefix": "https://ss3.4sqi.net/img/categories_v2/food/ramen_", "suffix": ".png"}, "id": "4bf58dd8d48988d1d1941735", "pluralName": "Noodle Houses"}], "beenHere": {"lastCheckinExpiredAt": 0}, "stats": {"checkinsCount": 357, "tipCount": 7, "usersCount": 196}, "verified": false, "id": "50f253c5e4b027793e4e1b20", "location": {"country": "Singapore", "formattedAddress": ["1 Cheong Chin Nam Rd. (Upper Bukit Timah Rd.)", "Singapore"], "cc": "SG", "lat": 1.342569497381526, "labeledLatLngs": [{"lng": 103.77535343170165, "lat": 1.342569497381526, "label": "display"}], "address": "1 Cheong Chin Nam Rd.", "lng": 103.77535343170165, "city": "Singapore", "crossStreet": "Upper Bukit Timah Rd."}, "like": false, "allowMenuUrlEdit": true}, "height": 960}, {"width": 720, "visibility": "public", "createdAt": 1360580324, "id": "5118cee4e4b03bddb990b553", "source": {"name": "Foursquare for Android", "url": "https://foursquare.com/download/#/android"}, "prefix": "https://igx.4sqi.net/img/general/", "suffix": "/10214980_ei3RBHwstj7i4FNnv9unJLTlM6paC8Qp8T4hzS5kSsg.jpg", "venue": {"contact": {}, "name": "\u54c1\u9999\u7b75 @ JurongEast MRT", "categories": [{"name": "Chinese Restaurant", "shortName": "Chinese", "primary": true, "icon": {"prefix": "https://ss3.4sqi.net/img/categories_v2/food/asian_", "suffix": ".png"}, "id": "4bf58dd8d48988d145941735", "pluralName": "Chinese Restaurants"}], "beenHere": {"lastCheckinExpiredAt": 0}, "stats": {"checkinsCount": 45, "tipCount": 0, "usersCount": 23}, "verified": false, "id": "5118ceb0e4b0805e21e2bc33", "location": {"country": "Singapore", "formattedAddress": ["Singapore"], "cc": "SG", "lat": 1.3332161278472614, "labeledLatLngs": [{"lng": 103.74200947402386, "lat": 1.3332161278472614, "label": "display"}], "lng": 103.74200947402386}, "like": false, "allowMenuUrlEdit": true}, "height": 720}, {"width": 612, "visibility": "public", "createdAt": 1360494492, "id": "51177f9ce4b0bae1ad72467e", "source": {"name": "Instagram", "url": "http://instagram.com"}, "prefix": "https://igx.4sqi.net/img/general/", "suffix": "/10214980_eTV77Xwsy6rFG-eVGLyE4JFUH3er3uepTQ_jJz-Axjs.jpg", "venue": {"contact": {}, "beenHere": {"lastCheckinExpiredAt": 0}, "name": "CYRUS'S DEN", "categories": [{"name": "Home (private)", "shortName": "Home", "primary": true, "icon": {"prefix": "https://ss3.4sqi.net/img/categories_v2/building/home_", "suffix": ".png"}, "id": "4bf58dd8d48988d103941735", "pluralName": "Homes (private)"}], "venueRatingBlacklisted": true, "stats": {"checkinsCount": 53, "tipCount": 0, "usersCount": 3}, "verified": false, "id": "50e94c64e4b018065ff6dafa", "location": {"country": "Singapore", "formattedAddress": ["Singapore"], "cc": "SG", "lat": 1.350667897293947, "isFuzzed": true, "lng": 103.72312446553114}, "like": false}, "height": 612}, {"width": 612, "visibility": "public", "createdAt": 1354293005, "id": "50b8df0de4b0e2255f92a0ba", "source": {"name": "Instagram", "url": "http://instagram.com"}, "prefix": "https://igx.4sqi.net/img/general/", "suffix": "/10214980_8EInpUis0Be4MtWQZ-ZCCpFxLaXEqL62KJrpN_vHdCk.jpg", "venue": {"contact": {}, "beenHere": {"lastCheckinExpiredAt": 0}, "name": "Blk 426 Jurong West Ave 1", "categories": [{"name": "Home (private)", "shortName": "Home", "primary": true, "icon": {"prefix": "https://ss3.4sqi.net/img/categories_v2/building/home_", "suffix": ".png"}, "id": "4bf58dd8d48988d103941735", "pluralName": "Homes (private)"}], "venueRatingBlacklisted": true, "stats": {"checkinsCount": 536, "tipCount": 5, "usersCount": 73}, "verified": false, "id": "4c0b28d16071a593cdf1e032", "location": {"country": "Singapore", "formattedAddress": ["640426", "Singapore"], "cc": "SG", "lat": 1.350667897293947, "isFuzzed": true, "lng": 103.72312446553114, "city": "Jurong West New Town"}, "like": false}, "height": 612}, {"width": 405, "visibility": "public", "createdAt": 1351861483, "id": "5093c4ebe4b000bd1f60b5bd", "source": {"name": "Foursquare for Android", "url": "https://foursquare.com/download/#/android"}, "prefix": "https://igx.4sqi.net/img/general/", "suffix": "/10214980_lhSpx_6PE9Lpwb-0wSAnuj3jtYTGDfYvzzI6MgdRLco.jpg", "venue": {"contact": {"phone": "+6563169454", "formattedPhone": "+65 6316 9454"}, "name": "Fig & Olive", "categories": [{"name": "Mediterranean Restaurant", "shortName": "Mediterranean", "primary": true, "icon": {"prefix": "https://ss3.4sqi.net/img/categories_v2/food/mediterranean_", "suffix": ".png"}, "id": "4bf58dd8d48988d1c0941735", "pluralName": "Mediterranean Restaurants"}], "closed": true, "beenHere": {"lastCheckinExpiredAt": 0}, "stats": {"checkinsCount": 1395, "tipCount": 34, "usersCount": 1095}, "verified": false, "id": "4dd4c005636550f912cacc34", "location": {"country": "Singapore", "formattedAddress": ["#B1-62/63 Jurong Point (JP2) (63 Jurong West Central 3)", "648331", "Singapore"], "cc": "SG", "lat": 1.3388905140888092, "postalCode": "648331", "address": "#B1-62/63 Jurong Point (JP2)", "lng": 103.7056052684784, "city": "Singapore", "crossStreet": "63 Jurong West Central 3"}, "like": false, "allowMenuUrlEdit": true}, "height": 720}, {"width": 405, "visibility": "public", "createdAt": 1351859841, "id": "5093be81e4b05f8bb4cfa17f", "source": {"name": "Foursquare for Android", "url": "https://foursquare.com/download/#/android"}, "prefix": "https://igx.4sqi.net/img/general/", "suffix": "/10214980_aFzPdnZzRHXuZ6M_1gtiFJLy7fs-PWLnqhuVEyE9gys.jpg", "venue": {"contact": {"phone": "+6563169454", "formattedPhone": "+65 6316 9454"}, "name": "Fig & Olive", "categories": [{"name": "Mediterranean Restaurant", "shortName": "Mediterranean", "primary": true, "icon": {"prefix": "https://ss3.4sqi.net/img/categories_v2/food/mediterranean_", "suffix": ".png"}, "id": "4bf58dd8d48988d1c0941735", "pluralName": "Mediterranean Restaurants"}], "closed": true, "beenHere": {"lastCheckinExpiredAt": 0}, "stats": {"checkinsCount": 1395, "tipCount": 34, "usersCount": 1095}, "verified": false, "id": "4dd4c005636550f912cacc34", "location": {"country": "Singapore", "formattedAddress": ["#B1-62/63 Jurong Point (JP2) (63 Jurong West Central 3)", "648331", "Singapore"], "cc": "SG", "lat": 1.3388905140888092, "postalCode": "648331", "address": "#B1-62/63 Jurong Point (JP2)", "lng": 103.7056052684784, "city": "Singapore", "crossStreet": "63 Jurong West Central 3"}, "like": false, "allowMenuUrlEdit": true}, "height": 720}, {"width": 612, "visibility": "public", "createdAt": 1351763555, "id": "50924663e4b04510d42b3f71", "source": {"name": "Instagram", "url": "http://instagram.com"}, "prefix": "https://igx.4sqi.net/img/general/", "suffix": "/10214980_7iGJ8SCGtG31osbOLjmMrOlONg84FRBMuGy9mRzgVL0.jpg", "venue": {"contact": {}, "beenHere": {"lastCheckinExpiredAt": 0}, "name": "Messier Services Asia Pte Ltd", "categories": [{"name": "Building", "shortName": "Building", "primary": true, "icon": {"prefix": "https://ss3.4sqi.net/img/categories_v2/building/default_", "suffix": ".png"}, "id": "4bf58dd8d48988d130941735", "pluralName": "Buildings"}], "venueRatingBlacklisted": true, "stats": {"checkinsCount": 849, "tipCount": 7, "usersCount": 44}, "verified": false, "id": "4ca2cc75554b236a41792148", "location": {"country": "Singapore", "formattedAddress": ["21 Loyang Crescent", "508985", "Singapore"], "cc": "SG", "lat": 1.3826116040206922, "labeledLatLngs": [{"lng": 103.97145923781665, "lat": 1.3826116040206922, "label": "display"}], "postalCode": "508985", "address": "21 Loyang Crescent", "lng": 103.97145923781665}, "like": false}, "height": 612}, {"width": 405, "visibility": "public", "createdAt": 1351425023, "id": "508d1bffe4b0306b586e9d6c", "source": {"name": "Foursquare for Android", "url": "https://foursquare.com/download/#/android"}, "prefix": "https://igx.4sqi.net/img/general/", "suffix": "/10214980_bR99rVKy0DaaGCdPtXwQZ_cIAbPF3BJYNiKv5aPQZkQ.jpg", "venue": {"contact": {"phone": "+6565098283", "formattedPhone": "+65 6509 8283"}, "name": "Imperial Treasure Noodle & Congee House | \u5fa1\u5bf6\u7ca5\u9eb5\u5c08\u5bb6", "categories": [{"name": "Chinese Restaurant", "shortName": "Chinese", "primary": true, "icon": {"prefix": "https://ss3.4sqi.net/img/categories_v2/food/asian_", "suffix": ".png"}, "id": "4bf58dd8d48988d145941735", "pluralName": "Chinese Restaurants"}], "beenHere": {"lastCheckinExpiredAt": 0}, "stats": {"checkinsCount": 4173, "tipCount": 52, "usersCount": 2520}, "verified": false, "url": "http://www.imperialtreasure.com", "id": "4b5d8670f964a520146029e3", "location": {"country": "Singapore", "formattedAddress": ["#B3-17, ION Orchard (2 Orchard Turn)", "238801", "Singapore"], "cc": "SG", "lat": 1.304242910693782, "labeledLatLngs": [{"lng": 103.83159130811691, "lat": 1.304242910693782, "label": "display"}], "postalCode": "238801", "address": "#B3-17, ION Orchard", "lng": 103.83159130811691, "city": "Singapore", "crossStreet": "2 Orchard Turn"}, "like": false, "allowMenuUrlEdit": true}, "height": 720}, {"width": 612, "visibility": "public", "createdAt": 1350666062, "id": "5081874ee4b0f51bc597b484", "source": {"name": "Instagram", "url": "http://instagram.com"}, "prefix": "https://igx.4sqi.net/img/general/", "suffix": "/10214980_QCNQbQpaRAOt5q61Wo4SOfsHSuHTpHkb5pjliNYZwKM.jpg", "venue": {"contact": {}, "beenHere": {"lastCheckinExpiredAt": 0}, "name": "Blk 426 Jurong West Ave 1", "categories": [{"name": "Home (private)", "shortName": "Home", "primary": true, "icon": {"prefix": "https://ss3.4sqi.net/img/categories_v2/building/home_", "suffix": ".png"}, "id": "4bf58dd8d48988d103941735", "pluralName": "Homes (private)"}], "venueRatingBlacklisted": true, "stats": {"checkinsCount": 536, "tipCount": 5, "usersCount": 73}, "verified": false, "id": "4c0b28d16071a593cdf1e032", "location": {"country": "Singapore", "formattedAddress": ["640426", "Singapore"], "cc": "SG", "lat": 1.350667897293947, "isFuzzed": true, "lng": 103.72312446553114, "city": "Jurong West New Town"}, "like": false}, "height": 612}, {"width": 612, "visibility": "public", "createdAt": 1346895682, "id": "5047ff42e4b0a8d919ee441d", "source": {"name": "Instagram", "url": "http://instagram.com"}, "prefix": "https://igx.4sqi.net/img/general/", "suffix": "/mB1_O446O66mBCJ2545tZmDTzkRtE2Z9jn77U__u0wY.jpg", "venue": {"contact": {"facebookName": "Brisbane Airport", "phone": "+61734063000", "facebook": "143797142349118", "facebookUsername": "BrisbaneAirport", "twitter": "brisbaneairport", "formattedPhone": "+61 7 3406 3000"}, "venuePage": {"id": "39859021"}, "categories": [{"name": "Airport Terminal", "shortName": "Terminal", "primary": true, "icon": {"prefix": "https://ss3.4sqi.net/img/categories_v2/travel/airport_gate_", "suffix": ".png"}, "id": "4bf58dd8d48988d1eb931735", "pluralName": "Airport Terminals"}], "venueRatingBlacklisted": true, "beenHere": {"lastCheckinExpiredAt": 0}, "location": {"country": "Australia", "formattedAddress": ["Airport Dr.", "Brisbane Airport QLD 4009", "Australia"], "cc": "AU", "lat": -27.403574000282596, "postalCode": "4009", "address": "Airport Dr.", "lng": 153.109624331811, "city": "Brisbane Airport", "state": "QLD"}, "like": false, "name": "Brisbane Airport International Terminal", "url": "http://www.bne.com.au", "stats": {"checkinsCount": 28423, "tipCount": 87, "usersCount": 13859}, "verified": true, "id": "4b05f09bf964a5203be622e3"}, "height": 612}, {"tip": {"todo": {"count": 0}, "type": "user", "agreeCount": 0, "text": "The food here is not authentic Japanese food. It's operated by Chinese individuals and cannot be compared with Japanese food. Only plus point of the restaurant is the hot green tea served.", "createdAt": 1346838870, "logView": true, "id": "50472156e4b0aeb343e94b74", "disagreeCount": 0, "canonicalUrl": "https://foursquare.com/item/50472156e4b0aeb343e94b74", "likes": {"groups": [], "count": 0}, "like": false}, "width": 720, "visibility": "public", "createdAt": 1346838875, "id": "5047215be4b0ecd27af5878a", "source": {"name": "Foursquare for Android", "url": "https://foursquare.com/download/#/android"}, "prefix": "https://igx.4sqi.net/img/general/", "suffix": "/Gkyf9NbFyvDTH_Y5_BvlLaKIk4MLyJ6l4EGMq_A4iCE.jpg", "venue": {"contact": {}, "name": "Sushi Railway", "categories": [{"name": "Sushi Restaurant", "shortName": "Sushi", "primary": true, "icon": {"prefix": "https://ss3.4sqi.net/img/categories_v2/food/sushi_", "suffix": ".png"}, "id": "4bf58dd8d48988d1d2941735", "pluralName": "Sushi Restaurants"}], "beenHere": {"lastCheckinExpiredAt": 0}, "stats": {"checkinsCount": 54, "tipCount": 2, "usersCount": 31}, "verified": false, "id": "504720ace4b0aeb343e90ca2", "location": {"country": "Australia", "formattedAddress": ["117 Racecourse Rd.", "Ascot QLD 4007", "Australia"], "cc": "AU", "lat": -27.433982558665893, "labeledLatLngs": [{"lng": 153.06516575740253, "lat": -27.433982558665893, "label": "display"}], "postalCode": "4007", "address": "117 Racecourse Rd.", "lng": 153.06516575740253, "city": "Ascot", "state": "QLD"}, "like": false, "allowMenuUrlEdit": true}, "height": 540}, {"width": 612, "visibility": "public", "createdAt": 1346828898, "id": "5046fa62e4b09100cb00931d", "source": {"name": "Instagram", "url": "http://instagram.com"}, "prefix": "https://igx.4sqi.net/img/general/", "suffix": "/qp4xtHPU7lccQbXVfHYn4-RKrUhWFmhJfJDwtBkfgQg.jpg", "venue": {"contact": {}, "name": "Wild Horse Mountain Lookout", "categories": [{"name": "Scenic Lookout", "shortName": "Scenic Lookout", "primary": true, "icon": {"prefix": "https://ss3.4sqi.net/img/categories_v2/parks_outdoors/sceniclookout_", "suffix": ".png"}, "id": "4bf58dd8d48988d165941735", "pluralName": "Scenic Lookouts"}], "beenHere": {"lastCheckinExpiredAt": 0}, "stats": {"checkinsCount": 173, "tipCount": 4, "usersCount": 111}, "verified": false, "id": "4cafbda9c5e6a1cd616fcff6", "location": {"country": "Australia", "formattedAddress": ["Bruce Hwy.", "Coochin Creek QLD 4519", "Australia"], "cc": "AU", "lat": -26.926929344688425, "labeledLatLngs": [{"lng": 152.99591719642436, "lat": -26.926929344688425, "label": "display"}], "postalCode": "4519", "address": "Bruce Hwy.", "lng": 152.99591719642436, "city": "Coochin Creek", "state": "QLD"}, "like": false}, "height": 612}, {"width": 612, "visibility": "public", "createdAt": 1346748650, "id": "5045c0eae4b0dce41cd411fa", "source": {"name": "Instagram", "url": "http://instagram.com"}, "prefix": "https://igx.4sqi.net/img/general/", "suffix": "/mqLVMYUDr5kuWQ7SC9uEMeSr4J3qQCLA3io1JSijQ9s.jpg", "venue": {"contact": {"phone": "+61738444070", "formattedPhone": "+61 7 3844 4070"}, "name": "Beastie Burgers", "categories": [{"name": "Burger Joint", "shortName": "Burgers", "primary": true, "icon": {"prefix": "https://ss3.4sqi.net/img/categories_v2/food/burger_", "suffix": ".png"}, "id": "4bf58dd8d48988d16c941735", "pluralName": "Burger Joints"}], "closed": true, "beenHere": {"lastCheckinExpiredAt": 0}, "stats": {"checkinsCount": 767, "tipCount": 22, "usersCount": 384}, "verified": false, "id": "4b14dacff964a5200ba723e3", "location": {"country": "Australia", "state": "QLD", "formattedAddress": ["Shop S06D, Little Stanley St. (Btw Tribune And Ernest)", "South Brisbane QLD 4101", "Australia"], "cc": "AU", "lat": -27.480367321268982, "postalCode": "4101", "address": "Shop S06D, Little Stanley St.", "lng": 153.02268505096436, "city": "South Brisbane", "crossStreet": "Btw Tribune And Ernest"}, "like": false, "allowMenuUrlEdit": true}, "height": 612}, {"width": 612, "visibility": "public", "createdAt": 1346745945, "id": "5045b659e4b0d3dcf51fa55f", "source": {"name": "Instagram", "url": "http://instagram.com"}, "prefix": "https://igx.4sqi.net/img/general/", "suffix": "/MRsoG8vC5u9zszKk1DzeDz85jXtBXRhevEucMfilZnw.jpg", "venue": {"contact": {"twitter": "translinkseq"}, "beenHere": {"lastCheckinExpiredAt": 0}, "name": "Riverside Ferry Terminal", "categories": [{"name": "Pier", "shortName": "Piers", "primary": true, "icon": {"prefix": "https://ss3.4sqi.net/img/categories_v2/travel/ferry_pier_", "suffix": ".png"}, "id": "4e74f6cabd41c4836eac4c31", "pluralName": "Piers"}], "venueRatingBlacklisted": true, "stats": {"checkinsCount": 2103, "tipCount": 2, "usersCount": 821}, "verified": false, "url": "http://www.translink.com.au", "id": "4ae8c4a8f964a5201fb221e3", "location": {"country": "Australia", "state": "QLD", "formattedAddress": ["Eagle St. (at Riverside Centre)", "Brisbane QLD 4000", "Australia"], "cc": "AU", "lat": -27.467064706875632, "labeledLatLngs": [{"lng": 153.03124129772186, "lat": -27.467064706875632, "label": "display"}], "postalCode": "4000", "address": "Eagle St.", "lng": 153.03124129772186, "city": "Brisbane", "crossStreet": "at Riverside Centre"}, "like": false}, "height": 612}, {"width": 612, "visibility": "public", "createdAt": 1346745472, "id": "5045b480e4b0d3dcf51f0672", "source": {"name": "Instagram", "url": "http://instagram.com"}, "prefix": "https://igx.4sqi.net/img/general/", "suffix": "/5EGBpTNHCHKxEF-WK3hC8Cypmzo7y9jkSJKp_8X-Oaw.jpg", "venue": {"contact": {}, "beenHere": {"lastCheckinExpiredAt": 0}, "name": "Brisbane River", "categories": [{"name": "River", "shortName": "River", "primary": true, "icon": {"prefix": "https://ss3.4sqi.net/img/categories_v2/parks_outdoors/river_", "suffix": ".png"}, "id": "4eb1d4dd4b900d56c88a45fd", "pluralName": "Rivers"}], "venueRatingBlacklisted": true, "stats": {"checkinsCount": 1982, "tipCount": 12, "usersCount": 597}, "verified": false, "id": "4d909a4eca75b60c2faa2ba9", "location": {"country": "Australia", "formattedAddress": ["Brisbane River", "Brisbane QLD 4000", "Australia"], "cc": "AU", "lat": -27.469179, "labeledLatLngs": [{"lng": 153.017096, "lat": -27.469179, "label": "display"}], "postalCode": "4000", "address": "Brisbane River", "lng": 153.017096, "city": "Brisbane", "state": "QLD"}, "like": false}, "height": 612}, {"width": 612, "visibility": "public", "createdAt": 1346563794, "id": "5042eed2e4b0047a421545a5", "source": {"name": "Instagram", "url": "http://instagram.com"}, "prefix": "https://igx.4sqi.net/img/general/", "suffix": "/PBVm6Vd5ixC3NHqyyMj8W-BYqTFJUtg2iUcVi9vOKX0.jpg", "venue": {"contact": {}, "name": "Cyclone", "categories": [{"name": "Theme Park Ride / Attraction", "shortName": "Theme Park", "primary": true, "icon": {"prefix": "https://ss3.4sqi.net/img/categories_v2/arts_entertainment/themepark_", "suffix": ".png"}, "id": "5109983191d435c0d71c2bb1", "pluralName": "Theme Park Rides/Attractions"}], "beenHere": {"lastCheckinExpiredAt": 0}, "stats": {"checkinsCount": 412, "tipCount": 3, "usersCount": 320}, "verified": false, "id": "4c4a63479e6dbe9a5ba6770a", "location": {"country": "Australia", "formattedAddress": ["Dreamworld", "Coomera QLD", "Australia"], "cc": "AU", "lat": -27.865094518735155, "labeledLatLngs": [{"lng": 153.3157960911092, "lat": -27.865094518735155, "label": "display"}], "address": "Dreamworld", "lng": 153.3157960911092, "city": "Coomera", "state": "QLD"}, "like": false}, "height": 612}, {"width": 612, "visibility": "public", "createdAt": 1346484004, "id": "5041b724e4b09c6ce485959a", "source": {"name": "Instagram", "url": "http://instagram.com"}, "prefix": "https://igx.4sqi.net/img/general/", "suffix": "/SoLRAorCfYGIoPOb8j8Dv_bO6YOqFnD07RhKe8a5yI0.jpg", "venue": {"contact": {}, "name": "Surfers Paradise Beach", "categories": [{"name": "Beach", "shortName": "Beach", "primary": true, "icon": {"prefix": "https://ss3.4sqi.net/img/categories_v2/parks_outdoors/beach_", "suffix": ".png"}, "id": "4bf58dd8d48988d1e2941735", "pluralName": "Beaches"}], "beenHere": {"lastCheckinExpiredAt": 0}, "stats": {"checkinsCount": 17604, "tipCount": 58, "usersCount": 8630}, "verified": false, "id": "4bdcca73afe8c9b6c8145185", "location": {"country": "Australia", "formattedAddress": ["The Esplanade", "Surfers Paradise QLD 4217", "Australia"], "cc": "AU", "lat": -28.001764961574764, "labeledLatLngs": [{"lng": 153.43098236276236, "lat": -28.001764961574764, "label": "display"}], "postalCode": "4217", "address": "The Esplanade", "lng": 153.43098236276236, "city": "Surfers Paradise", "state": "QLD"}, "like": false}, "height": 612}, {"width": 612, "visibility": "public", "createdAt": 1346466042, "id": "504170fae4b09ae79b7aae24", "source": {"name": "Instagram", "url": "http://instagram.com"}, "prefix": "https://igx.4sqi.net/img/general/", "suffix": "/eLNxmznwrb-U39ymkQjGbME3D2COvKG34_q23UIrMK0.jpg", "venue": {"contact": {"twitter": "myfunaustralia"}, "name": "Arkham Asylum \u2013 Shock Therapy", "categories": [{"name": "Theme Park Ride / Attraction", "shortName": "Theme Park", "primary": true, "icon": {"prefix": "https://ss3.4sqi.net/img/categories_v2/arts_entertainment/themepark_", "suffix": ".png"}, "id": "5109983191d435c0d71c2bb1", "pluralName": "Theme Park Rides/Attractions"}], "beenHere": {"lastCheckinExpiredAt": 0}, "stats": {"checkinsCount": 870, "tipCount": 13, "usersCount": 625}, "verified": true, "url": "http://www.movieworld.myfun.com.au", "venuePage": {"id": "119392345"}, "id": "4c663815c2ead13a4954b380", "location": {"country": "Australia", "formattedAddress": ["Movie World", "Oxenford QLD 4210", "Australia"], "cc": "AU", "lat": -27.908115515076272, "labeledLatLngs": [{"lng": 153.3118110895157, "lat": -27.908115515076272, "label": "display"}], "postalCode": "4210", "address": "Movie World", "lng": 153.3118110895157, "city": "Oxenford", "state": "QLD"}, "like": false}, "height": 612}, {"width": 612, "visibility": "public", "createdAt": 1346463633, "id": "50416791e4b0805b9efaf332", "source": {"name": "Instagram", "url": "http://instagram.com"}, "prefix": "https://igx.4sqi.net/img/general/", "suffix": "/60fITQh5NE5xAYmiGnCLbpoKY91YEgNGfjRvnA6ugoQ.jpg", "venue": {"contact": {"twitter": "myfunaustralia"}, "name": "Arkham Asylum \u2013 Shock Therapy", "categories": [{"name": "Theme Park Ride / Attraction", "shortName": "Theme Park", "primary": true, "icon": {"prefix": "https://ss3.4sqi.net/img/categories_v2/arts_entertainment/themepark_", "suffix": ".png"}, "id": "5109983191d435c0d71c2bb1", "pluralName": "Theme Park Rides/Attractions"}], "beenHere": {"lastCheckinExpiredAt": 0}, "stats": {"checkinsCount": 870, "tipCount": 13, "usersCount": 625}, "verified": true, "url": "http://www.movieworld.myfun.com.au", "venuePage": {"id": "119392345"}, "id": "4c663815c2ead13a4954b380", "location": {"country": "Australia", "formattedAddress": ["Movie World", "Oxenford QLD 4210", "Australia"], "cc": "AU", "lat": -27.908115515076272, "labeledLatLngs": [{"lng": 153.3118110895157, "lat": -27.908115515076272, "label": "display"}], "postalCode": "4210", "address": "Movie World", "lng": 153.3118110895157, "city": "Oxenford", "state": "QLD"}, "like": false}, "height": 612}, {"width": 612, "visibility": "public", "createdAt": 1346462974, "id": "504164fee4b029b2491b1935", "source": {"name": "Instagram", "url": "http://instagram.com"}, "prefix": "https://igx.4sqi.net/img/general/", "suffix": "/BdOZ37opqZEArfa2rL5X09fyexYn1Xmu4BYOJ1gQwp0.jpg", "venue": {"contact": {"twitter": "myfunaustralia"}, "name": "Batwing Spaceshot", "categories": [{"name": "Theme Park Ride / Attraction", "shortName": "Theme Park", "primary": true, "icon": {"prefix": "https://ss3.4sqi.net/img/categories_v2/arts_entertainment/themepark_", "suffix": ".png"}, "id": "5109983191d435c0d71c2bb1", "pluralName": "Theme Park Rides/Attractions"}], "beenHere": {"lastCheckinExpiredAt": 0}, "stats": {"checkinsCount": 600, "tipCount": 2, "usersCount": 432}, "verified": true, "url": "http://www.movieworld.myfun.com.au", "venuePage": {"id": "119392349"}, "id": "4c8db41bad70a1436197830f", "location": {"country": "Australia", "formattedAddress": ["Movie World", "Oxenford QLD 4210", "Australia"], "cc": "AU", "lat": -27.907594055223992, "labeledLatLngs": [{"lng": 153.31285446882248, "lat": -27.907594055223992, "label": "display"}], "postalCode": "4210", "address": "Movie World", "lng": 153.31285446882248, "city": "Oxenford", "state": "QLD"}, "like": false}, "height": 612}, {"width": 612, "visibility": "public", "createdAt": 1346384658, "id": "50403312e4b0374347da7d8e", "source": {"name": "Instagram", "url": "http://instagram.com"}, "prefix": "https://igx.4sqi.net/img/general/", "suffix": "/Xf7r3xaPG_VzHqp5IjSh5EWd6qC97IzTq32YkHWtO9w.jpg", "venue": {"contact": {"twitter": "aviationaust", "phone": "+61738600900", "formattedPhone": "+61 7 3860 0900"}, "categories": [{"name": "Flight School", "shortName": "Flight School", "primary": true, "icon": {"prefix": "https://ss3.4sqi.net/img/categories_v2/travel/airport_", "suffix": ".png"}, "id": "52e81612bcbc57f1066b7a49", "pluralName": "Flight Schools"}], "venueRatingBlacklisted": true, "beenHere": {"lastCheckinExpiredAt": 0}, "location": {"country": "Australia", "state": "QLD", "formattedAddress": ["16 Boronia Rd. (Melia Street)", "Brisbane Airport QLD 4009", "Australia"], "cc": "AU", "lat": -27.415930116689776, "labeledLatLngs": [{"lng": 153.1046150212568, "lat": -27.415930116689776, "label": "display"}], "postalCode": "4009", "address": "16 Boronia Rd.", "lng": 153.1046150212568, "city": "Brisbane Airport", "crossStreet": "Melia Street"}, "like": false, "allowMenuUrlEdit": true, "name": "Aviation Australia", "url": "http://www.aviationaustralia.aero", "stats": {"checkinsCount": 1779, "tipCount": 2, "usersCount": 158}, "verified": false, "id": "4cd0db23137c76b0f769e9c5"}, "height": 612}, {"width": 612, "visibility": "public", "createdAt": 1346384380, "id": "504031fce4b0af4f722651a9", "source": {"name": "Instagram", "url": "http://instagram.com"}, "prefix": "https://igx.4sqi.net/img/general/", "suffix": "/P0kRB1skd2cwYGHrb6tTa7sgJWA5_48P3VTH6SQuy5Q.jpg", "venue": {"contact": {"twitter": "aviationaust", "phone": "+61738600900", "formattedPhone": "+61 7 3860 0900"}, "categories": [{"name": "Flight School", "shortName": "Flight School", "primary": true, "icon": {"prefix": "https://ss3.4sqi.net/img/categories_v2/travel/airport_", "suffix": ".png"}, "id": "52e81612bcbc57f1066b7a49", "pluralName": "Flight Schools"}], "venueRatingBlacklisted": true, "beenHere": {"lastCheckinExpiredAt": 0}, "location": {"country": "Australia", "state": "QLD", "formattedAddress": ["16 Boronia Rd. (Melia Street)", "Brisbane Airport QLD 4009", "Australia"], "cc": "AU", "lat": -27.415930116689776, "labeledLatLngs": [{"lng": 153.1046150212568, "lat": -27.415930116689776, "label": "display"}], "postalCode": "4009", "address": "16 Boronia Rd.", "lng": 153.1046150212568, "city": "Brisbane Airport", "crossStreet": "Melia Street"}, "like": false, "allowMenuUrlEdit": true, "name": "Aviation Australia", "url": "http://www.aviationaustralia.aero", "stats": {"checkinsCount": 1779, "tipCount": 2, "usersCount": 158}, "verified": false, "id": "4cd0db23137c76b0f769e9c5"}, "height": 612}, {"width": 612, "visibility": "public", "createdAt": 1346383821, "id": "50402fcde4b0f30040f117e5", "source": {"name": "Instagram", "url": "http://instagram.com"}, "prefix": "https://igx.4sqi.net/img/general/", "suffix": "/Nrzh3tcIg-ZLzETAQfpO2zDREXx83My_8_T1x0DREx4.jpg", "venue": {"contact": {"twitter": "aviationaust", "phone": "+61738600900", "formattedPhone": "+61 7 3860 0900"}, "categories": [{"name": "Flight School", "shortName": "Flight School", "primary": true, "icon": {"prefix": "https://ss3.4sqi.net/img/categories_v2/travel/airport_", "suffix": ".png"}, "id": "52e81612bcbc57f1066b7a49", "pluralName": "Flight Schools"}], "venueRatingBlacklisted": true, "beenHere": {"lastCheckinExpiredAt": 0}, "location": {"country": "Australia", "state": "QLD", "formattedAddress": ["16 Boronia Rd. (Melia Street)", "Brisbane Airport QLD 4009", "Australia"], "cc": "AU", "lat": -27.415930116689776, "labeledLatLngs": [{"lng": 153.1046150212568, "lat": -27.415930116689776, "label": "display"}], "postalCode": "4009", "address": "16 Boronia Rd.", "lng": 153.1046150212568, "city": "Brisbane Airport", "crossStreet": "Melia Street"}, "like": false, "allowMenuUrlEdit": true, "name": "Aviation Australia", "url": "http://www.aviationaustralia.aero", "stats": {"checkinsCount": 1779, "tipCount": 2, "usersCount": 158}, "verified": false, "id": "4cd0db23137c76b0f769e9c5"}, "height": 612}, {"width": 612, "visibility": "public", "createdAt": 1346370863, "id": "503ffd2fe4b065de8e5f2afe", "source": {"name": "Instagram", "url": "http://instagram.com"}, "prefix": "https://igx.4sqi.net/img/general/", "suffix": "/sP-6ZCghjVSOHAvkWJlcW2nv9s6zPJz8jbIWI5Ix7zk.jpg", "venue": {"contact": {}, "beenHere": {"lastCheckinExpiredAt": 0}, "name": "Engine Workshop", "categories": [{"name": "College Lab", "shortName": "Lab", "primary": true, "icon": {"prefix": "https://ss3.4sqi.net/img/categories_v2/education/lab_", "suffix": ".png"}, "id": "4bf58dd8d48988d1a5941735", "pluralName": "College Labs"}], "venueRatingBlacklisted": true, "stats": {"checkinsCount": 80, "tipCount": 0, "usersCount": 12}, "verified": false, "id": "4f44337ce4b061ee976b34d6", "location": {"country": "Australia", "formattedAddress": ["Australia"], "cc": "AU", "lat": -27.415810011810116, "labeledLatLngs": [{"lng": 153.1045977678056, "lat": -27.415810011810116, "label": "display"}], "lng": 153.1045977678056}, "like": false}, "height": 612}, {"width": 612, "visibility": "public", "createdAt": 1346143743, "id": "503c85ffe4b09af700b45f91", "source": {"name": "Instagram", "url": "http://instagram.com"}, "prefix": "https://igx.4sqi.net/img/general/", "suffix": "/MUu_ms-_V_wLqWaaB80Hu4lvNOdPNvaySJovyF2md1E.jpg", "venue": {"contact": {"phone": "+61733581922", "formattedPhone": "+61 7 3358 1922"}, "categories": [{"name": "BBQ Joint", "shortName": "BBQ", "primary": true, "icon": {"prefix": "https://ss3.4sqi.net/img/categories_v2/food/bbqalt_", "suffix": ".png"}, "id": "4bf58dd8d48988d1df931735", "pluralName": "BBQ Joints"}], "stats": {"checkinsCount": 681, "tipCount": 20, "usersCount": 406}, "beenHere": {"lastCheckinExpiredAt": 0}, "location": {"country": "Australia", "formattedAddress": ["85 Merthyr Rd.", "New Farm QLD 4005", "Australia"], "cc": "AU", "lat": -27.466507818231204, "labeledLatLngs": [{"lng": 153.0469147861004, "lat": -27.466507818231204, "label": "display"}], "postalCode": "4005", "address": "85 Merthyr Rd.", "lng": 153.0469147861004, "city": "New Farm", "state": "QLD"}, "like": false, "hasMenu": true, "name": "The Smoke BBQ", "allowMenuUrlEdit": true, "menu": {"type": "Menu", "url": "https://foursquare.com/v/the-smoke-bbq/4b0f394df964a520916023e3/menu", "anchor": "View Menu", "mobileUrl": "https://foursquare.com/v/4b0f394df964a520916023e3/device_menu", "label": "Menu"}, "verified": false, "id": "4b0f394df964a520916023e3"}, "height": 612}, {"width": 720, "visibility": "public", "createdAt": 1345965429, "id": "5039cd75e4b0105c0eae73d5", "source": {"name": "Foursquare for Android", "url": "https://foursquare.com/download/#/android"}, "prefix": "https://igx.4sqi.net/img/general/", "suffix": "/U_kDviFl9zkASK4wV4Pn3yzafBTiBDu1NeDcnX4vRT4.jpg", "venue": {"contact": {"twitter": "swampdogfandc", "phone": "+61732553715", "formattedPhone": "+61 7 3255 3715"}, "categories": [{"name": "Fish & Chips Shop", "shortName": "Fish & Chips", "primary": true, "icon": {"prefix": "https://ss3.4sqi.net/img/categories_v2/food/fishandchips_", "suffix": ".png"}, "id": "4edd64a0c7ddd24ca188df1a", "pluralName": "Fish & Chips Shops"}], "closed": true, "menu": {"type": "Menu", "url": "https://foursquare.com/v/swampdog-fish-and-chips/4ee56f350e61681b9731054a/menu", "anchor": "View Menu", "mobileUrl": "https://foursquare.com/v/4ee56f350e61681b9731054a/device_menu", "label": "Menu"}, "beenHere": {"lastCheckinExpiredAt": 0}, "location": {"country": "Australia", "state": "QLD", "formattedAddress": ["186 Vulture St. (btwn Tribune & Cordelia)", "South Brisbane QLD 4101", "Australia"], "cc": "AU", "lat": -27.482176625196356, "labeledLatLngs": [{"lng": 153.0204922389584, "lat": -27.482176625196356, "label": "display"}], "postalCode": "4101", "address": "186 Vulture St.", "lng": 153.0204922389584, "city": "South Brisbane", "crossStreet": "btwn Tribune & Cordelia"}, "like": false, "hasMenu": true, "name": "Swampdog Fish and Chips", "url": "http://swampdog.com.au", "allowMenuUrlEdit": true, "stats": {"checkinsCount": 436, "tipCount": 6, "usersCount": 215}, "verified": false, "id": "4ee56f350e61681b9731054a"}, "height": 540}, {"width": 405, "visibility": "public", "createdAt": 1342091204, "id": "4ffeafc4e4b013ea5f157c52", "source": {"name": "Foursquare for Android", "url": "https://foursquare.com/download/#/android"}, "prefix": "https://igx.4sqi.net/img/general/", "suffix": "/5RoADfmPXhWjuFTmv2G5NCiPFsPR6tU7BI0SvoQY25Y.jpg", "venue": {"contact": {}, "name": "Bukit Timah Market & Food Centre", "categories": [{"name": "Food Court", "shortName": "Food Court", "primary": true, "icon": {"prefix": "https://ss3.4sqi.net/img/categories_v2/shops/food_foodcourt_", "suffix": ".png"}, "id": "4bf58dd8d48988d120951735", "pluralName": "Food Courts"}], "beenHere": {"lastCheckinExpiredAt": 0}, "stats": {"checkinsCount": 20837, "tipCount": 245, "usersCount": 7681}, "verified": false, "id": "4b63728ff964a5208e7a2ae3", "location": {"country": "Singapore", "formattedAddress": ["51 Upper Bukit Timah Rd.", "588215", "Singapore"], "cc": "SG", "lat": 1.339474182811172, "labeledLatLngs": [{"lng": 103.77613764722754, "lat": 1.339474182811172, "label": "display"}], "postalCode": "588215", "address": "51 Upper Bukit Timah Rd.", "lng": 103.77613764722754, "city": "Singapore"}, "like": false, "allowMenuUrlEdit": true}, "height": 720}]}}, "notifications": [{"type": "notificationTray", "item": {"unreadCount": 0}}], "meta": {"requestId": "595b79944c1f67703ab322d4", "code": 200}}