{"meta": {"code": 200, "requestId": "595b3f146a6071143a952a7a"}, "notifications": [{"item": {"unreadCount": 0}, "type": "notificationTray"}], "response": {"photos": {"items": [{"height": 720, "source": {"url": "https://foursquare.com/download/#/iphone", "name": "Foursquare for iOS"}, "width": 537, "prefix": "https://igx.4sqi.net/img/general/", "createdAt": 1310898646, "id": "4e22b9d662e1964dbb746f5f", "venue": {"like": false, "location": {"formattedAddress": ["282 Bishan St 23", "570282", "Singapore"], "city": "Singapore", "lng": 103.84460676335733, "cc": "SG", "country": "Singapore", "lat": 1.3580998002460827, "address": "282 Bishan St 23", "labeledLatLngs": [{"label": "display", "lat": 1.3580998002460827, "lng": 103.84460676335733}], "postalCode": "570282"}, "categories": [{"icon": {"prefix": "https://ss3.4sqi.net/img/categories_v2/shops/mall_", "suffix": ".png"}, "name": "Shopping Mall", "id": "4bf58dd8d48988d1fd941735", "pluralName": "Shopping Malls", "primary": true, "shortName": "Mall"}], "verified": false, "contact": {}, "allowMenuUrlEdit": true, "stats": {"tipCount": 11, "usersCount": 990, "checkinsCount": 6805}, "id": "4b507ed4f964a5201b2527e3", "name": "Bishan North Shopping Mall", "beenHere": {"lastCheckinExpiredAt": 0}}, "suffix": "/TUHSULGN02E1EPBVCR2BZTDMAK3VXIZMF32MJHNFJTYMDJIR.jpg", "visibility": "public"}], "count": 1}, "totalCount": 1}}