{"response": {"totalCount": 11, "photos": {"count": 11, "items": [{"width": 720, "visibility": "public", "createdAt": 1381644825, "id": "525a3a1911d27325c7f1fc8c", "source": {"name": "Foursquare for iOS", "url": "https://foursquare.com/download/#/iphone"}, "prefix": "https://igx.4sqi.net/img/general/", "suffix": "/10255539_n8rW8XsPCGi1BQUvR08AS3kRvMbdrNUY8J8dmxhcQAo.jpg", "venue": {"contact": {"phone": "+6563383277", "formattedPhone": "+65 6338 3277"}, "name": "HOSHINO COFFEE", "categories": [{"name": "Caf\u00e9", "shortName": "Caf\u00e9", "primary": true, "icon": {"prefix": "https://ss3.4sqi.net/img/categories_v2/food/cafe_", "suffix": ".png"}, "id": "4bf58dd8d48988d16d941735", "pluralName": "Caf\u00e9s"}], "beenHere": {"lastCheckinExpiredAt": 0}, "stats": {"checkinsCount": 4093, "tipCount": 112, "usersCount": 2794}, "verified": false, "id": "50a1f2b6e4b091c0d49e4787", "location": {"country": "Singapore", "formattedAddress": ["#03-84 Plaza Singapura (68 Orchard Rd.)", "238839", "Singapore"], "cc": "SG", "lat": 1.2994875591800057, "labeledLatLngs": [{"lng": 103.84505401780814, "lat": 1.2994875591800057, "label": "display"}], "postalCode": "238839", "address": "#03-84 Plaza Singapura", "lng": 103.84505401780814, "city": "Singapore", "crossStreet": "68 Orchard Rd."}, "like": false, "allowMenuUrlEdit": true}, "height": 960}, {"width": 720, "visibility": "public", "createdAt": 1381628748, "id": "5259fb4c498e9477d54aad73", "source": {"name": "Foursquare for iOS", "url": "https://foursquare.com/download/#/iphone"}, "prefix": "https://igx.4sqi.net/img/general/", "suffix": "/10255539_-SWI_4P21E4uCbM_F0G4YuMEKec7xm4TZjXTRUzqQpQ.jpg", "venue": {"contact": {}, "name": "Robertson Quay", "categories": [{"name": "Pedestrian Plaza", "shortName": "Pedestrian Street/Plaza", "primary": true, "icon": {"prefix": "https://ss3.4sqi.net/img/categories_v2/parks_outdoors/default_", "suffix": ".png"}, "id": "52e81612bcbc57f1066b7a25", "pluralName": "Pedestrian Plazas"}], "beenHere": {"lastCheckinExpiredAt": 0}, "stats": {"checkinsCount": 4413, "tipCount": 10, "usersCount": 2279}, "verified": false, "id": "4b8a3350f964a520e16332e3", "location": {"country": "Singapore", "formattedAddress": ["Robertson Quay (along the Singapore River)", "Singapore"], "cc": "SG", "lat": 1.2909241493901302, "labeledLatLngs": [{"lng": 103.84077402295978, "lat": 1.2909241493901302, "label": "display"}], "address": "Robertson Quay", "lng": 103.84077402295978, "city": "Singapore", "crossStreet": "along the Singapore River"}, "like": false, "allowMenuUrlEdit": true}, "height": 960}, {"width": 720, "visibility": "public", "createdAt": 1381556349, "id": "5258e07d11d2b3bb3950b0f5", "source": {"name": "Foursquare for iOS", "url": "https://foursquare.com/download/#/iphone"}, "prefix": "https://igx.4sqi.net/img/general/", "suffix": "/10255539_V2payc0Dc5aUgrVn_aaZZ4XfofLcc9OHhvWz8rZza_Q.jpg", "venue": {"contact": {"phone": "+6568251064", "formattedPhone": "+65 6825 1064"}, "name": "Chikuyotei", "categories": [{"name": "Japanese Restaurant", "shortName": "Japanese", "primary": true, "icon": {"prefix": "https://ss3.4sqi.net/img/categories_v2/food/japanese_", "suffix": ".png"}, "id": "4bf58dd8d48988d111941735", "pluralName": "Japanese Restaurants"}], "beenHere": {"lastCheckinExpiredAt": 0}, "stats": {"checkinsCount": 320, "tipCount": 5, "usersCount": 142}, "verified": false, "id": "4dfb413d149557de37ac7894", "location": {"country": "Singapore", "formattedAddress": ["InterContinental Singapore (80 Middle Rd.)", "188966", "Singapore"], "cc": "SG", "lat": 1.2981979951021232, "labeledLatLngs": [{"lng": 103.85441273027413, "lat": 1.2981979951021232, "label": "display"}], "postalCode": "188966", "address": "InterContinental Singapore", "lng": 103.85441273027413, "city": "Singapore", "crossStreet": "80 Middle Rd."}, "like": false, "allowMenuUrlEdit": true}, "height": 960}, {"width": 720, "visibility": "public", "createdAt": 1379732376, "id": "523d0b9811d22e1c34f42f05", "source": {"name": "Foursquare for iOS", "url": "https://foursquare.com/download/#/iphone"}, "prefix": "https://igx.4sqi.net/img/general/", "suffix": "/10255539_bAnCUsQ6VXObCe8hQmiFWpaKunlUYTrrbvyRJQcmp-w.jpg", "venue": {"contact": {"twitter": "fiveanddimesg", "phone": "+6592365002", "formattedPhone": "+65 9236 5002"}, "categories": [{"name": "Restaurant", "shortName": "Restaurant", "primary": true, "icon": {"prefix": "https://ss3.4sqi.net/img/categories_v2/food/default_", "suffix": ".png"}, "id": "4bf58dd8d48988d1c4941735", "pluralName": "Restaurants"}], "closed": true, "beenHere": {"lastCheckinExpiredAt": 0}, "location": {"country": "Singapore", "formattedAddress": ["297 River Valley Rd", "238338", "Singapore"], "cc": "SG", "lat": 1.2958301750146266, "postalCode": "238338", "address": "297 River Valley Rd", "lng": 103.83931342067855, "city": "Singapore"}, "like": false, "allowMenuUrlEdit": true, "name": "Five & Dime Eatery", "url": "http://www.fiveanddime.com.sg", "stats": {"checkinsCount": 3408, "tipCount": 79, "usersCount": 2490}, "verified": false, "id": "4eeb418a9adf47d9cc42a2bd"}, "height": 960}, {"tip": {"todo": {"count": 0}, "type": "user", "agreeCount": 0, "text": "Best prawn mee!", "createdAt": 1359520829, "logView": true, "id": "5108a43de4b0924a59b56d17", "disagreeCount": 0, "canonicalUrl": "https://foursquare.com/item/5108a43de4b0924a59b56d17", "likes": {"groups": [], "count": 0}, "like": false}, "width": 720, "visibility": "public", "createdAt": 1359520834, "id": "5108a442e4b0ba8c1e1eb4d8", "source": {"name": "Foursquare for iOS", "url": "https://foursquare.com/download/#/iphone"}, "prefix": "https://igx.4sqi.net/img/general/", "suffix": "/10255539_rY15Dna-I_dW-31rzGjhYyS9KgChw-jfMnKtjo3Q9JI.jpg", "venue": {"contact": {"phone": "+6563457196", "formattedPhone": "+65 6345 7196"}, "name": "Beach Road Prawn Mee Eating House", "categories": [{"name": "Noodle House", "shortName": "Noodles", "primary": true, "icon": {"prefix": "https://ss3.4sqi.net/img/categories_v2/food/ramen_", "suffix": ".png"}, "id": "4bf58dd8d48988d1d1941735", "pluralName": "Noodle Houses"}], "beenHere": {"lastCheckinExpiredAt": 0}, "stats": {"checkinsCount": 6852, "tipCount": 100, "usersCount": 3224}, "verified": false, "id": "4bece1753372c928c9fc1014", "location": {"country": "Singapore", "formattedAddress": ["370/372 East Coast Rd.", "428981", "Singapore"], "cc": "SG", "lat": 1.3086836665309882, "labeledLatLngs": [{"lng": 103.91100331835169, "lat": 1.3086836665309882, "label": "display"}], "postalCode": "428981", "address": "370/372 East Coast Rd.", "lng": 103.91100331835169, "city": "Singapore"}, "like": false, "allowMenuUrlEdit": true}, "height": 960}, {"width": 720, "visibility": "public", "createdAt": 1358076638, "id": "50f29adee4b0d07663ac0b7c", "source": {"name": "Foursquare for iOS", "url": "https://foursquare.com/download/#/iphone"}, "prefix": "https://igx.4sqi.net/img/general/", "suffix": "/10255539__GGrlK1VKomoHR1S15ECAVcKBoRzbsKsXDuvZXog7Bc.jpg", "venue": {"contact": {"phone": "+6562229489", "formattedPhone": "+65 6222 9489"}, "name": "Lao Si Chuan \u8001\u56db\u5ddd", "categories": [{"name": "Chinese Restaurant", "shortName": "Chinese", "primary": true, "icon": {"prefix": "https://ss3.4sqi.net/img/categories_v2/food/asian_", "suffix": ".png"}, "id": "4bf58dd8d48988d145941735", "pluralName": "Chinese Restaurants"}], "beenHere": {"lastCheckinExpiredAt": 0}, "stats": {"checkinsCount": 193, "tipCount": 9, "usersCount": 128}, "verified": false, "url": "http://www.laosichuan.com.sg", "id": "4fdc9cabe4b08aca492b4736", "location": {"country": "Singapore", "formattedAddress": ["249 Outram Rd", "169048", "Singapore"], "cc": "SG", "lat": 1.284863352971138, "labeledLatLngs": [{"lng": 103.8350166237272, "lat": 1.284863352971138, "label": "display"}], "postalCode": "169048", "address": "249 Outram Rd", "lng": 103.8350166237272, "city": "Singapore"}, "like": false, "allowMenuUrlEdit": true}, "height": 960}, {"width": 720, "visibility": "public", "createdAt": 1358076308, "id": "50f29994e4b0bbc48adbce7f", "source": {"name": "Foursquare for iOS", "url": "https://foursquare.com/download/#/iphone"}, "prefix": "https://igx.4sqi.net/img/general/", "suffix": "/10255539_Cxas96NU0G1SqFBJ-d0isPyNLVZqmzQvUuVo3LpZkZU.jpg", "venue": {"contact": {"phone": "+6562212522", "formattedPhone": "+65 6221 2522"}, "name": "Kampong Chicken Eating House", "categories": [{"name": "Asian Restaurant", "shortName": "Asian", "primary": true, "icon": {"prefix": "https://ss3.4sqi.net/img/categories_v2/food/asian_", "suffix": ".png"}, "id": "4bf58dd8d48988d142941735", "pluralName": "Asian Restaurants"}], "beenHere": {"lastCheckinExpiredAt": 0}, "stats": {"checkinsCount": 913, "tipCount": 15, "usersCount": 615}, "verified": false, "id": "4b5d2591f964a520805429e3", "location": {"country": "Singapore", "formattedAddress": ["247 Outram Road", "169047", "Singapore"], "cc": "SG", "lat": 1.2847486734796971, "labeledLatLngs": [{"lng": 103.8351411666512, "lat": 1.2847486734796971, "label": "display"}], "postalCode": "169047", "address": "247 Outram Road", "lng": 103.8351411666512, "city": "Singapore"}, "like": false, "allowMenuUrlEdit": true}, "height": 720}, {"width": 540, "visibility": "public", "createdAt": 1353133821, "id": "50a72efde4b05dd8c28b3951", "source": {"name": "Foursquare for iOS", "url": "https://foursquare.com/download/#/iphone"}, "prefix": "https://igx.4sqi.net/img/general/", "suffix": "/10255539_172irqMLRbnBcUzZGi-lKxShQkjHfcJXHMiPeRgdg3s.jpg", "venue": {"contact": {"phone": "+6567377764", "formattedPhone": "+65 6737 7764"}, "name": "Suju Japanese Restaurant", "categories": [{"name": "Japanese Restaurant", "shortName": "Japanese", "primary": true, "icon": {"prefix": "https://ss3.4sqi.net/img/categories_v2/food/japanese_", "suffix": ".png"}, "id": "4bf58dd8d48988d111941735", "pluralName": "Japanese Restaurants"}], "beenHere": {"lastCheckinExpiredAt": 0}, "stats": {"checkinsCount": 1272, "tipCount": 19, "usersCount": 630}, "verified": false, "id": "4cb99274f50e224b3037eefb", "location": {"country": "Singapore", "formattedAddress": ["Mandarin Gallery (333A Orchard Road, #04-05)", "238897", "Singapore"], "cc": "SG", "lat": 1.3021930314584784, "labeledLatLngs": [{"lng": 103.83665267398051, "lat": 1.3021930314584784, "label": "display"}], "postalCode": "238897", "address": "Mandarin Gallery", "lng": 103.83665267398051, "city": "Singapore", "crossStreet": "333A Orchard Road, #04-05"}, "like": false, "allowMenuUrlEdit": true}, "height": 720}, {"width": 540, "visibility": "public", "createdAt": 1353133606, "id": "50a72e26e4b006e1c161260b", "source": {"name": "Foursquare for iOS", "url": "https://foursquare.com/download/#/iphone"}, "prefix": "https://igx.4sqi.net/img/general/", "suffix": "/10255539_QkQ9P_y9jm2m22x80PYN7nfbVsGoBX2QN1b21pPFccI.jpg", "venue": {"contact": {"facebookName": "Meritus Hotels & Resorts", "phone": "+6567374411", "facebook": "182085471861206", "facebookUsername": "meritushotels", "twitter": "meritushotels", "formattedPhone": "+65 6737 4411"}, "categories": [{"name": "Hotel", "shortName": "Hotel", "primary": true, "icon": {"prefix": "https://ss3.4sqi.net/img/categories_v2/travel/hotel_", "suffix": ".png"}, "id": "4bf58dd8d48988d1fa931735", "pluralName": "Hotels"}], "beenHere": {"lastCheckinExpiredAt": 0}, "location": {"country": "Singapore", "formattedAddress": ["333 Orchard Rd", "238867", "Singapore"], "cc": "SG", "lat": 1.302153280869934, "postalCode": "238867", "address": "333 Orchard Rd", "lng": 103.83627904138824, "city": "Singapore"}, "like": false, "allowMenuUrlEdit": true, "name": "Mandarin Orchard Singapore", "url": "http://www.meritushotels.com", "stats": {"checkinsCount": 41790, "tipCount": 190, "usersCount": 20306}, "verified": true, "id": "4b05880af964a52097ad22e3", "storeId": ""}, "height": 720}, {"width": 537, "visibility": "public", "createdAt": 1316437120, "id": "4e773c80ae60c32851e64736", "source": {"name": "Foursquare for iOS", "url": "https://foursquare.com/download/#/iphone"}, "prefix": "https://igx.4sqi.net/img/general/", "suffix": "/CBMOYSILB3S1PXE0BIVBT04QMLTUOABC0NAQFVF5NWZX212C.jpg", "venue": {"contact": {"phone": "+6562911190", "formattedPhone": "+65 6291 1190"}, "name": "Nabins", "categories": [{"name": "Middle Eastern Restaurant", "shortName": "Middle Eastern", "primary": true, "icon": {"prefix": "https://ss3.4sqi.net/img/categories_v2/food/middleeastern_", "suffix": ".png"}, "id": "4bf58dd8d48988d115941735", "pluralName": "Middle Eastern Restaurants"}], "beenHere": {"lastCheckinExpiredAt": 0}, "stats": {"checkinsCount": 7106, "tipCount": 52, "usersCount": 4752}, "verified": false, "url": "http://nabins.com", "id": "4b0d0f76f964a520834323e3", "location": {"country": "Singapore", "formattedAddress": ["32 Sultan Gate", "198480", "Singapore"], "cc": "SG", "lat": 1.3016746840582212, "labeledLatLngs": [{"lng": 103.86087871427165, "lat": 1.3016746840582212, "label": "display"}], "postalCode": "198480", "address": "32 Sultan Gate", "lng": 103.86087871427165, "city": "Singapore"}, "like": false, "allowMenuUrlEdit": true}, "height": 720}, {"width": 537, "visibility": "public", "createdAt": 1308719199, "id": "4e01785ffd281252aedbc193", "source": {"name": "Foursquare for iOS", "url": "https://foursquare.com/download/#/iphone"}, "prefix": "https://igx.4sqi.net/img/general/", "suffix": "/2F5F03DCGMW1UEACTUKMBRSTT2L4VFETDMVSCAHHNXZM0UNN.jpg", "venue": {"contact": {"phone": "+6561003450", "formattedPhone": "+65 6100 3450"}, "name": "Nanyang Old Coffee \u5357\u6d0b\u8001\u5496\u5561", "categories": [{"name": "Coffee Shop", "shortName": "Coffee Shop", "primary": true, "icon": {"prefix": "https://ss3.4sqi.net/img/categories_v2/food/coffeeshop_", "suffix": ".png"}, "id": "4bf58dd8d48988d1e0931735", "pluralName": "Coffee Shops"}], "beenHere": {"lastCheckinExpiredAt": 0}, "stats": {"checkinsCount": 2299, "tipCount": 28, "usersCount": 1287}, "verified": false, "url": "http://www.nanyangoldcoffee.com", "id": "4b7ccab6f964a520a3a52fe3", "location": {"country": "Singapore", "formattedAddress": ["268 South Bridge Rd (Smith St)", "058817", "Singapore"], "cc": "SG", "lat": 1.2817744041099053, "labeledLatLngs": [{"lng": 103.84485483169556, "lat": 1.2817744041099053, "label": "display"}], "postalCode": "058817", "address": "268 South Bridge Rd", "lng": 103.84485483169556, "city": "Singapore", "crossStreet": "Smith St"}, "like": false, "allowMenuUrlEdit": true}, "height": 720}]}}, "notifications": [{"type": "notificationTray", "item": {"unreadCount": 0}}], "meta": {"requestId": "595b6b719fb6b77bc71e50e4", "code": 200}}