{"meta": {"code": 200, "requestId": "595af6016a6071143d7ae788"}, "notifications": [{"item": {"unreadCount": 0}, "type": "notificationTray"}], "response": {"photos": {"items": [{"height": 540, "source": {"url": "https://foursquare.com/download/#/android", "name": "Foursquare for Android"}, "tip": {"agreeCount": 1, "canonicalUrl": "https://foursquare.com/item/4e7824ece4cd130429d2d2c1", "todo": {"count": 1}, "logView": true, "disagreeCount": 0, "createdAt": 1316496620, "id": "4e7824ece4cd130429d2d2c1", "text": "Go ahead with the briyani only 50cents more than the ordinary meals", "likes": {"groups": [{"items": [{"photo": {"prefix": "https://igx.4sqi.net/img/user/", "suffix": "/G3UJMFTVVDR4GZCG.jpg"}, "id": "38279557", "firstName": "Liza Yacob", "gender": "female", "lastName": "Yacob"}], "count": 3, "type": "others"}], "count": 3, "summary": "3 likes"}, "like": false, "type": "user"}, "width": 720, "prefix": "https://igx.4sqi.net/img/general/", "createdAt": 1316496626, "id": "4e7824f2c65b409c46a6e2bb", "venue": {"like": false, "location": {"formattedAddress": ["88 Syed Alwi Rd (92-98 Kampong Kapor Rd (Royal Indian Hotel))", "207667", "Singapore"], "city": "Singapore", "lng": 103.85566966632226, "cc": "SG", "country": "Singapore", "crossStreet": "92-98 Kampong Kapor Rd (Royal Indian Hotel)", "lat": 1.309421050651089, "address": "88 Syed Alwi Rd", "labeledLatLngs": [{"label": "display", "lat": 1.309421050651089, "lng": 103.85566966632226}], "postalCode": "207667"}, "categories": [{"icon": {"prefix": "https://ss3.4sqi.net/img/categories_v2/food/indian_", "suffix": ".png"}, "name": "Indian Restaurant", "id": "4bf58dd8d48988d10f941735", "pluralName": "Indian Restaurants", "primary": true, "shortName": "Indian"}], "verified": false, "contact": {"formattedPhone": "+65 6293 6649", "phone": "+6562936649"}, "allowMenuUrlEdit": true, "stats": {"tipCount": 35, "usersCount": 1835, "checkinsCount": 2641}, "id": "4b701f58f964a520ea072de3", "name": "Sakunthala's Restaurant", "beenHere": {"lastCheckinExpiredAt": 0}}, "suffix": "/QXTXWFJWDXNUYS1MJDXK33T1F0UTEYFFSVDD5O0QBYXAD2R1.jpg", "visibility": "public"}, {"height": 540, "source": {"url": "https://foursquare.com/download/#/iphone", "name": "Foursquare for iOS"}, "tip": {"agreeCount": 3, "canonicalUrl": "https://foursquare.com/item/4e7714a31f6e072f146102c9", "todo": {"count": 2}, "logView": true, "disagreeCount": 0, "createdAt": 1316426915, "id": "4e7714a31f6e072f146102c9", "text": "6 Ramen shops from Japan competing for your business! Must try them all. They are only here for a year so ramen lovers hurry and head down here today!", "likes": {"groups": [{"items": [{"photo": {"prefix": "https://igx.4sqi.net/img/user/", "suffix": "/6669626-RXBEZLEB5V25GPEA.jpg"}, "id": "6669626", "firstName": "Thomas", "gender": "male", "lastName": "Gan"}, {"photo": {"prefix": "https://igx.4sqi.net/img/user/", "suffix": "/32136711-BI4YSKTVL0O4KYYU.jpg"}, "id": "32136711", "firstName": "Carla", "gender": "female", "lastName": "Abanes"}, {"photo": {"prefix": "https://igx.4sqi.net/img/user/", "suffix": "/NONXP5RXX2PIHTMF.jpg"}, "id": "29112", "firstName": "Rocky", "gender": "male", "lastName": "Chang"}], "count": 3, "type": "others"}], "count": 3, "summary": "3 likes"}, "like": false, "type": "user"}, "width": 540, "prefix": "https://igx.4sqi.net/img/general/", "createdAt": 1316426922, "id": "4e7714aafa76059701b731e3", "venue": {"url": "http://www.ramenchampion.com.sg", "like": false, "location": {"formattedAddress": ["#04-08/10 Bugis+ (201 Victoria Street)", "188067", "Singapore"], "city": "Singapore", "lng": 103.85422588942087, "cc": "SG", "country": "Singapore", "crossStreet": "201 Victoria Street", "lat": 1.299509427033151, "address": "#04-08/10 Bugis+", "labeledLatLngs": [{"label": "display", "lat": 1.299509427033151, "lng": 103.85422588942087}], "postalCode": "188067"}, "categories": [{"icon": {"prefix": "https://ss3.4sqi.net/img/categories_v2/food/ramen_", "suffix": ".png"}, "name": "Ramen Restaurant", "id": "55a59bace4b013909087cb24", "pluralName": "Ramen Restaurants", "primary": true, "shortName": "Ramen"}], "verified": false, "contact": {"formattedPhone": "+65 6238 1011", "phone": "+6562381011", "facebookName": "Ramen Champion Singapore", "facebookUsername": "ramenchampionsingapore", "facebook": "132254243522646"}, "allowMenuUrlEdit": true, "stats": {"tipCount": 110, "usersCount": 6160, "checkinsCount": 10012}, "id": "4e0dad87a8099e152600c402", "name": "Ramen Champion", "beenHere": {"lastCheckinExpiredAt": 0}}, "suffix": "/APL4IKEQBXBENJ243MHA2TD4JIEK1TIX0YWTPHQQ2VJG314K.jpg", "visibility": "public"}, {"height": 540, "source": {"url": "https://foursquare.com/download/#/android", "name": "Foursquare for Android"}, "tip": {"agreeCount": 0, "canonicalUrl": "https://foursquare.com/item/4e68b24614954826adc65dfb", "todo": {"count": 0}, "logView": true, "disagreeCount": 0, "createdAt": 1315484230, "id": "4e68b24614954826adc65dfb", "text": "Go for the 6 course gastronomy experience if you have space in your tummy!", "likes": {"groups": [{"items": [], "count": 2, "type": "others"}], "count": 2, "summary": "2 likes"}, "like": false, "type": "user"}, "width": 720, "prefix": "https://igx.4sqi.net/img/general/", "createdAt": 1315484241, "id": "4e68b251b0fb8e94c7e41ad5", "venue": {"location": {"formattedAddress": ["#01-02, National Museum of Singapore (93 Stamford Rd)", "178897", "Singapore"], "city": "Singapore", "lng": 103.848695, "cc": "SG", "country": "Singapore", "lat": 1.296558, "address": "#01-02, National Museum of Singapore", "crossStreet": "93 Stamford Rd", "postalCode": "178897"}, "contact": {}, "verified": true, "allowMenuUrlEdit": true, "stats": {"tipCount": 17, "usersCount": 528, "checkinsCount": 745}, "id": "4b4d651df964a520e0d126e3", "url": "http://www.novus.sg", "closed": true, "like": false, "categories": [{"icon": {"prefix": "https://ss3.4sqi.net/img/categories_v2/food/default_", "suffix": ".png"}, "name": "Restaurant", "id": "4bf58dd8d48988d1c4941735", "pluralName": "Restaurants", "primary": true, "shortName": "Restaurant"}], "beenHere": {"lastCheckinExpiredAt": 0}, "name": "Novus"}, "suffix": "/RHUWHNYRCHEZKB0FX3F0WCIPYSO2B3YBZLKV0QEBR30IYNWQ.jpg", "visibility": "public"}, {"height": 720, "source": {"url": "https://foursquare.com/download/#/android", "name": "Foursquare for Android"}, "tip": {"agreeCount": 0, "canonicalUrl": "https://foursquare.com/item/4e5b835bb61c4aaa3e1721d3", "todo": {"count": 0}, "logView": true, "disagreeCount": 0, "createdAt": 1314620251, "id": "4e5b835bb61c4aaa3e1721d3", "text": "Always a queue:)", "likes": {"groups": [], "count": 0}, "like": false, "type": "user"}, "width": 540, "prefix": "https://igx.4sqi.net/img/general/", "createdAt": 1314620258, "id": "4e5b83621f6e804280dfcf33", "venue": {"like": false, "location": {"formattedAddress": ["Sin Kee Heong Kopitiam (117 Commonwealth Crescent. #01-711.)", "140117", "Singapore"], "city": "Singapore", "lng": 103.79978123810037, "cc": "SG", "country": "Singapore", "crossStreet": "117 Commonwealth Crescent. #01-711.", "lat": 1.3066765267275007, "address": "Sin Kee Heong Kopitiam", "labeledLatLngs": [{"label": "display", "lat": 1.3066765267275007, "lng": 103.79978123810037}], "postalCode": "140117"}, "categories": [{"icon": {"prefix": "https://ss3.4sqi.net/img/categories_v2/food/asian_", "suffix": ".png"}, "name": "Chinese Restaurant", "id": "4bf58dd8d48988d145941735", "pluralName": "Chinese Restaurants", "primary": true, "shortName": "Chinese"}], "verified": false, "contact": {}, "allowMenuUrlEdit": true, "stats": {"tipCount": 42, "usersCount": 759, "checkinsCount": 1598}, "id": "4bc9bc0b511f95218e1daec7", "name": "Eng Kee Chicken Wing", "beenHere": {"lastCheckinExpiredAt": 0}}, "suffix": "/45OEJIR4OS2PA53UUX0QN1JFJM5TDJ0QOB15LBYOJC0YKE4B.jpg", "visibility": "public"}, {"height": 720, "source": {"url": "https://foursquare.com/download/#/iphone", "name": "Foursquare for iOS"}, "tip": {"agreeCount": 0, "canonicalUrl": "https://foursquare.com/item/4e33f00b227111ae7693a17a", "todo": {"count": 2}, "logView": true, "disagreeCount": 0, "createdAt": 1312026635, "id": "4e33f00b227111ae7693a17a", "text": "Green curry, basil chicken and pineapple rice not bad! Emerald Garden Thai food.", "likes": {"groups": [{"items": [], "count": 1, "type": "others"}], "count": 1, "summary": "1 like"}, "like": false, "type": "user"}, "width": 540, "prefix": "https://igx.4sqi.net/img/general/", "createdAt": 1312026648, "id": "4e33f0181838df3b5f73771e", "venue": {"url": "http://www.bbbs.com.sg", "like": false, "location": {"city": "Singapore", "lng": 103.79118463219645, "cc": "SG", "country": "Singapore", "crossStreet": "Cherry Avenue", "lat": 1.3328587653081825, "address": "879 Bukit Timah Road", "labeledLatLngs": [{"label": "display", "lat": 1.3328587653081825, "lng": 103.79118463219645}], "formattedAddress": ["879 Bukit Timah Road (Cherry Avenue)", "Singapore"]}, "categories": [{"icon": {"prefix": "https://ss3.4sqi.net/img/categories_v2/nightlife/pub_", "suffix": ".png"}, "name": "Bar", "id": "4bf58dd8d48988d116941735", "pluralName": "Bars", "primary": true, "shortName": "Bar"}], "verified": false, "contact": {"formattedPhone": "+65 6468 9382", "phone": "+6564689382"}, "allowMenuUrlEdit": true, "stats": {"tipCount": 42, "usersCount": 1278, "checkinsCount": 2555}, "id": "4b3c3368f964a520db8225e3", "name": "Bar Bar Black Sheep", "beenHere": {"lastCheckinExpiredAt": 0}}, "suffix": "/GIH51IXSVKTEHDF5MJDMIJNLZIMPHXUHQHWYTFQIS1OZJUCQ.jpg", "visibility": "public"}, {"height": 720, "source": {"url": "https://foursquare.com/download/#/iphone", "name": "Foursquare for iOS"}, "tip": {"agreeCount": 2, "canonicalUrl": "https://foursquare.com/item/4e2aafa0b0fbc2edac190d96", "todo": {"count": 3}, "logView": true, "disagreeCount": 0, "createdAt": 1311420320, "id": "4e2aafa0b0fbc2edac190d96", "text": "One the best and authentic Japanese ramen places in SG!", "likes": {"groups": [{"items": [{"photo": {"prefix": "https://igx.4sqi.net/img/user/", "suffix": "/7428646-PKNT3URRJTM1MWZB.jpg"}, "id": "7428646", "firstName": "Chriszy", "gender": "female", "lastName": "Bandong"}, {"photo": {"prefix": "https://igx.4sqi.net/img/user/", "suffix": "/4587841-OVUV3IKK3HS0IHJ0.jpg"}, "id": "4587841", "firstName": "Chris", "gender": "male", "lastName": "Combe"}], "count": 4, "type": "others"}], "count": 4, "summary": "4 likes"}, "like": false, "type": "user"}, "width": 540, "prefix": "https://igx.4sqi.net/img/general/", "createdAt": 1311420330, "id": "4e2aafaa1f6ebe54424ac5ef", "venue": {"location": {"formattedAddress": ["Private House No. P3-06, #03-02 Millenia Walk (9 Raffles Boulevard)", "039595", "Singapore"], "city": "Singapore", "lng": 103.86021624819406, "cc": "SG", "country": "Singapore", "lat": 1.2919074423032662, "address": "Private House No. P3-06, #03-02 Millenia Walk", "crossStreet": "9 Raffles Boulevard", "postalCode": "039595"}, "contact": {"formattedPhone": "+65 6337 7166", "phone": "+6563377166", "facebookName": "Nantsuttei", "facebook": "114432568621501"}, "verified": false, "allowMenuUrlEdit": true, "stats": {"tipCount": 58, "usersCount": 1855, "checkinsCount": 3230}, "id": "4bb8654398c7ef3b34133102", "url": "http://www.nantsu.com/sg/index.html", "closed": true, "like": false, "categories": [{"icon": {"prefix": "https://ss3.4sqi.net/img/categories_v2/food/ramen_", "suffix": ".png"}, "name": "Noodle House", "id": "4bf58dd8d48988d1d1941735", "pluralName": "Noodle Houses", "primary": true, "shortName": "Noodles"}], "beenHere": {"lastCheckinExpiredAt": 0}, "name": "Nantsuttei Ramen"}, "suffix": "/LRFXMARPSHSNRCLKZGZE5XZN5I3REBSSQDEICH2SFOVIPFVS.jpg", "visibility": "public"}, {"height": 540, "source": {"url": "https://foursquare.com/download/#/android", "name": "Foursquare for Android"}, "width": 720, "prefix": "https://igx.4sqi.net/img/general/", "checkin": {"visibility": "public", "shout": "Sultan of Brunei ate here. The better nasi lemak stall in Adam Road. Try it! (Chicken wing set)", "timeZoneOffset": 480, "entities": [], "createdAt": 1311125229, "id": "4e262eedd22d2d9597cc0042", "type": "checkin"}, "createdAt": 1311125233, "id": "4e262ef1d4c007d41a90ca2b", "venue": {"like": false, "location": {"formattedAddress": ["Stall 2, Adam Road Food Centre (2 Adam Rd.)", "289876", "Singapore"], "city": "Singapore", "lng": 103.81411767799725, "cc": "SG", "country": "Singapore", "crossStreet": "2 Adam Rd.", "lat": 1.3241488015983598, "address": "Stall 2, Adam Road Food Centre", "labeledLatLngs": [{"label": "display", "lat": 1.3241488015983598, "lng": 103.81411767799725}], "postalCode": "289876"}, "categories": [{"icon": {"prefix": "https://ss3.4sqi.net/img/categories_v2/food/indonesian_", "suffix": ".png"}, "name": "Indonesian Restaurant", "id": "4deefc054765f83613cdba6f", "pluralName": "Indonesian Restaurants", "primary": true, "shortName": "Indonesian"}], "verified": false, "contact": {"formattedPhone": "+65 9843 4509", "phone": "+6598434509"}, "allowMenuUrlEdit": true, "stats": {"tipCount": 28, "usersCount": 881, "checkinsCount": 1492}, "id": "4c2573fac11dc9b6395c2724", "name": "Selera Rasa Nasi Lemak", "beenHere": {"lastCheckinExpiredAt": 0}}, "suffix": "/QNKVSYNM1IPD25KGEHWMJHH0XUWG2V2VSAR42LTNVGZ1TAM3.jpg", "visibility": "friends"}, {"height": 540, "source": {"url": "https://foursquare.com/download/#/android", "name": "Foursquare for Android"}, "width": 720, "prefix": "https://igx.4sqi.net/img/general/", "checkin": {"visibility": "public", "shout": "Best nasi lemak in boon lay!", "timeZoneOffset": 480, "entities": [], "createdAt": 1310447824, "id": "4e1bd8d045dd10c6b718187c", "type": "checkin"}, "createdAt": 1310447831, "id": "4e1bd8d7a809bd1305c0a937", "venue": {"like": false, "location": {"formattedAddress": ["#01-106, Boon Lay Place Market and Food Centre (221 Boon Lay Place)", "641221", "Singapore"], "city": "Singapore", "lng": 103.71324419975281, "cc": "SG", "country": "Singapore", "crossStreet": "221 Boon Lay Place", "lat": 1.3457765366104077, "address": "#01-106, Boon Lay Place Market and Food Centre", "labeledLatLngs": [{"label": "display", "lat": 1.3457765366104077, "lng": 103.71324419975281}], "postalCode": "641221"}, "categories": [{"icon": {"prefix": "https://ss3.4sqi.net/img/categories_v2/food/malaysian_", "suffix": ".png"}, "name": "Malay Restaurant", "id": "4bf58dd8d48988d156941735", "pluralName": "Malay Restaurants", "primary": true, "shortName": "Malay"}], "verified": false, "contact": {}, "allowMenuUrlEdit": true, "stats": {"tipCount": 84, "usersCount": 4829, "checkinsCount": 9954}, "id": "4b8533bcf964a5208f5031e3", "name": "Boon Lay Power Nasi Lemak", "beenHere": {"lastCheckinExpiredAt": 0}}, "suffix": "/MPAX4GOD0BYDUEARL4HAVY0LAKFQCKH3D440MGTZQQWUOUQF.jpg", "visibility": "friends"}, {"height": 720, "source": {"url": "https://foursquare.com/download/#/iphone", "name": "Foursquare for iOS"}, "tip": {"agreeCount": 0, "canonicalUrl": "https://foursquare.com/item/4e1457221f6e33e718096d97", "todo": {"count": 2}, "logView": true, "disagreeCount": 0, "createdAt": 1309955874, "id": "4e1457221f6e33e718096d97", "text": "Durian shake with durian flesh a must try!", "likes": {"groups": [], "count": 0}, "like": false, "type": "user"}, "width": 540, "prefix": "https://igx.4sqi.net/img/general/", "createdAt": 1309955883, "id": "4e14572bc65bedaeefbc0010", "venue": {"like": false, "location": {"city": "Singapore", "lng": 103.847738, "cc": "SG", "country": "Singapore", "crossStreet": "Ang Mo Kio Ave 8", "lat": 1.372445, "address": "Jubilee", "labeledLatLngs": [{"label": "display", "lat": 1.372445, "lng": 103.847738}], "formattedAddress": ["Jubilee (Ang Mo Kio Ave 8)", "Singapore"]}, "categories": [{"icon": {"prefix": "https://ss3.4sqi.net/img/categories_v2/food/dessert_", "suffix": ".png"}, "name": "Dessert Shop", "id": "4bf58dd8d48988d1d0941735", "pluralName": "Dessert Shops", "primary": true, "shortName": "Desserts"}], "verified": false, "contact": {}, "allowMenuUrlEdit": true, "stats": {"tipCount": 1, "usersCount": 11, "checkinsCount": 19}, "id": "4e1456d0ae60fe00dfddf26d", "name": "Xie Ji Hong Kong Dessert", "beenHere": {"lastCheckinExpiredAt": 0}}, "suffix": "/A003C44JOJPZKV0JQMQNL0MIVFZTXADHJNTUHTNZVLSWR1N0.jpg", "visibility": "public"}, {"height": 720, "source": {"url": "https://foursquare.com/download/#/iphone", "name": "Foursquare for iOS"}, "tip": {"agreeCount": 0, "canonicalUrl": "https://foursquare.com/item/4e13fdc5d4c023f7053b6615", "todo": {"count": 0}, "logView": true, "disagreeCount": 0, "createdAt": 1309932997, "id": "4e13fdc5d4c023f7053b6615", "text": "Famous beef noodle formerly from toa payoh. The chili is good. Hidden gem along King George's Ave.", "likes": {"groups": [{"items": [], "count": 1, "type": "others"}], "count": 1, "summary": "1 like"}, "like": false, "type": "user"}, "width": 540, "prefix": "https://igx.4sqi.net/img/general/", "createdAt": 1309933005, "id": "4e13fdcdd16447c40d14757f", "venue": {"like": false, "location": {"city": "Singapore", "lng": 103.85908383501557, "cc": "SG", "country": "Singapore", "lat": 1.3071207490495471, "address": "27 Maude Rd.", "labeledLatLngs": [{"label": "display", "lat": 1.3071207490495471, "lng": 103.85908383501557}], "formattedAddress": ["27 Maude Rd.", "Singapore"]}, "categories": [{"icon": {"prefix": "https://ss3.4sqi.net/img/categories_v2/food/ramen_", "suffix": ".png"}, "name": "Noodle House", "id": "4bf58dd8d48988d1d1941735", "pluralName": "Noodle Houses", "primary": true, "shortName": "Noodles"}], "verified": false, "contact": {}, "allowMenuUrlEdit": true, "stats": {"tipCount": 4, "usersCount": 38, "checkinsCount": 70}, "id": "4cff0b73ba1da1cde6658128", "name": "Hwa Heng Beef Noodles", "beenHere": {"lastCheckinExpiredAt": 0}}, "suffix": "/FGB3DLNIAFHDTBJQMGIPI2201CZ4TF2SNZUOGQRYQAYOZLJO.jpg", "visibility": "public"}, {"height": 540, "source": {"url": "https://foursquare.com/download/#/iphone", "name": "Foursquare for iOS"}, "tip": {"agreeCount": 0, "canonicalUrl": "https://foursquare.com/item/4e0fe85122713f7d7bc41636", "todo": {"count": 3}, "logView": true, "disagreeCount": 0, "createdAt": 1309665361, "id": "4e0fe85122713f7d7bc41636", "text": "Food festival happening till 10 July. Plus Samsung roadshow, galaxy s2 at $348 with plan!", "likes": {"groups": [], "count": 0}, "like": false, "type": "user"}, "width": 720, "prefix": "https://igx.4sqi.net/img/general/", "createdAt": 1309665370, "id": "4e0fe85ad4c07597ff73da9b", "venue": {"url": "https://www.takashimaya.com.sg", "like": false, "location": {"formattedAddress": ["Ngee Ann City (391 Orchard Rd.)", "529283", "Singapore"], "city": "Singapore", "lng": 103.83502794580647, "cc": "SG", "country": "Singapore", "lat": 1.302949055843719, "address": "Ngee Ann City", "crossStreet": "391 Orchard Rd.", "postalCode": "529283"}, "categories": [{"icon": {"prefix": "https://ss3.4sqi.net/img/categories_v2/shops/mall_", "suffix": ".png"}, "name": "Shopping Mall", "id": "4bf58dd8d48988d1fd941735", "pluralName": "Shopping Malls", "primary": true, "shortName": "Mall"}], "verified": false, "contact": {"formattedPhone": "+65 6738 1111", "phone": "+6567381111", "facebookName": "Takashimaya Department Store", "facebookUsername": "takashimaya.sg", "facebook": "1557936164478339"}, "allowMenuUrlEdit": true, "stats": {"tipCount": 259, "usersCount": 63978, "checkinsCount": 164708}, "id": "4b9dcc3cf964a52033be36e3", "name": "Takashimaya S.C.", "beenHere": {"lastCheckinExpiredAt": 0}}, "suffix": "/YJQ0UMNHY4CQ55OQMJXOMCRTUQWSNRVXAS4UIHISWOERVDM0.jpg", "visibility": "public"}, {"height": 720, "source": {"url": "https://foursquare.com/download/#/iphone", "name": "Foursquare for iOS"}, "tip": {"agreeCount": 0, "canonicalUrl": "https://foursquare.com/item/4e0b22fb22713e13018f0f94", "todo": {"count": 1}, "logView": true, "disagreeCount": 0, "createdAt": 1309352699, "id": "4e0b22fb22713e13018f0f94", "text": "Ice yuan yang not bad. Worth trying!", "likes": {"groups": [{"items": [], "count": 2, "type": "others"}], "count": 2, "summary": "2 likes"}, "like": false, "type": "user"}, "width": 540, "prefix": "https://igx.4sqi.net/img/general/", "createdAt": 1309352705, "id": "4e0b2301a12d8e6ce6aee17f", "venue": {"closed": true, "like": false, "location": {"formattedAddress": ["61 Ang Mo Kio Ave 8 #01-09/10 (Jubilee Entertainment Complex)", "545391", "Singapore"], "city": "Singapore", "lng": 103.84749978971091, "cc": "SG", "country": "Singapore", "lat": 1.3717700101702905, "address": "61 Ang Mo Kio Ave 8 #01-09/10", "crossStreet": "Jubilee Entertainment Complex", "postalCode": "545391"}, "categories": [{"icon": {"prefix": "https://ss3.4sqi.net/img/categories_v2/food/malaysian_", "suffix": ".png"}, "name": "Malay Restaurant", "id": "4bf58dd8d48988d156941735", "pluralName": "Malay Restaurants", "primary": true, "shortName": "Malay"}], "verified": false, "contact": {"formattedPhone": "+65 6455 1202", "phone": "+6564551202"}, "allowMenuUrlEdit": true, "stats": {"tipCount": 45, "usersCount": 1226, "checkinsCount": 2029}, "id": "4cc3e0144fcfbfb7ce5fbe24", "name": "Penang Culture Restaurant", "beenHere": {"lastCheckinExpiredAt": 0}}, "suffix": "/WLWVIZCFVKWZ1YJC4AIO3UVM1X24JDDLLZYOLI4BWT2MM53D.jpg", "visibility": "public"}], "count": 13}, "totalCount": 13}}