{"meta": {"code": 200, "requestId": "595ae6a24c1f67709e8599d0"}, "notifications": [{"item": {"unreadCount": 0}, "type": "notificationTray"}], "response": {"photos": {"items": [{"height": 1440, "source": {"url": "https://foursquare.com/download/#/iphone", "name": "Foursquare for iOS"}, "tip": {"agreeCount": 0, "canonicalUrl": "https://foursquare.com/item/591d0381bed4835934babfd3", "todo": {"count": 0}, "logView": true, "disagreeCount": 0, "createdAt": 1495073665, "id": "591d0381bed4835934babfd3", "text": "Good crab beehoon and chilled sweet & sour pork", "likes": {"groups": [], "count": 0}, "like": false, "type": "user"}, "width": 1440, "prefix": "https://igx.4sqi.net/img/general/", "createdAt": 1495073668, "id": "591d03841ffe9735ae5ccb5c", "venue": {"like": false, "location": {"cc": "SG", "country": "Singapore", "lat": 1.3290633, "lng": 103.8433776, "labeledLatLngs": [{"label": "display", "lat": 1.3290633, "lng": 103.8433776}], "formattedAddress": ["Singapore"]}, "categories": [], "verified": false, "contact": {}, "beenHere": {"lastCheckinExpiredAt": 0}, "stats": {"tipCount": 1, "usersCount": 7, "checkinsCount": 7}, "id": "56d1ac26498e71cd5efec099", "name": "Melben Seafood Toa Payoh"}, "suffix": "/10255729_FskpI23ZXrd73zu3EysUXnfAL80gslbDreavFr1gWAg.jpg", "visibility": "public"}, {"height": 1440, "source": {"url": "https://foursquare.com/download/#/iphone", "name": "Foursquare for iOS"}, "tip": {"agreeCount": 0, "canonicalUrl": "https://foursquare.com/item/58f3751264c8e167eef46c3e", "todo": {"count": 0}, "logView": true, "disagreeCount": 0, "createdAt": 1492350226, "id": "58f3751264c8e167eef46c3e", "text": "Excellent food & service", "likes": {"groups": [], "count": 0}, "like": false, "type": "user"}, "width": 1920, "prefix": "https://igx.4sqi.net/img/general/", "createdAt": 1492350232, "id": "58f37518419a9e1e24e8bad0", "venue": {"hasMenu": true, "location": {"city": "London", "lng": -0.1480963248660514, "cc": "GB", "state": "Greater London", "lat": 51.5123914698063, "address": "Claridge's Hotel", "labeledLatLngs": [{"label": "display", "lat": 51.5123914698063, "lng": -0.1480963248660514}], "formattedAddress": ["Claridge's Hotel", "London", "Greater London", "United Kingdom"], "country": "United Kingdom"}, "contact": {"formattedPhone": "+44 20 7107 8888", "phone": "+442071078888", "facebookName": "Claridge\u2019s", "facebookUsername": "claridges", "facebook": "109001732457073"}, "verified": false, "allowMenuUrlEdit": true, "stats": {"tipCount": 31, "usersCount": 440, "checkinsCount": 478}, "menu": {"label": "Menu", "anchor": "View Menu", "mobileUrl": "https://foursquare.com/v/536be692498e42ca56217005/device_menu", "url": "https://foursquare.com/v/fera/536be692498e42ca56217005/menu", "type": "Menu"}, "beenHere": {"lastCheckinExpiredAt": 0}, "url": "http://feraatclaridges.co.uk", "like": false, "categories": [{"icon": {"prefix": "https://ss3.4sqi.net/img/categories_v2/food/default_", "suffix": ".png"}, "name": "Modern European Restaurant", "id": "52e81612bcbc57f1066b79f9", "pluralName": "Modern European Restaurants", "primary": true, "shortName": "Modern European"}], "id": "536be692498e42ca56217005", "name": "Fera"}, "suffix": "/10255729_RS-OAf3aa6H0Yn_nTj2slkKjScLDuMJeDGyDNKjoIOs.jpg", "visibility": "public"}, {"height": 1920, "source": {"url": "https://foursquare.com/download/#/iphone", "name": "Foursquare for iOS"}, "tip": {"agreeCount": 0, "canonicalUrl": "https://foursquare.com/item/58c5359d2c55ec39054918d1", "todo": {"count": 0}, "logView": true, "disagreeCount": 0, "createdAt": 1489319325, "id": "58c5359d2c55ec39054918d1", "text": "Very good nasi lemak and steamed belly pork in an amazing sauce", "likes": {"groups": [], "count": 0}, "like": false, "type": "user"}, "width": 1440, "prefix": "https://igx.4sqi.net/img/general/", "createdAt": 1489319328, "id": "58c535a0cf11d406a547f3c7", "venue": {"like": false, "location": {"cc": "SG", "country": "Singapore", "lat": 1.283188, "lng": 103.829934, "labeledLatLngs": [{"label": "display", "lat": 1.283188, "lng": 103.829934}], "formattedAddress": ["Singapore"]}, "categories": [{"icon": {"prefix": "https://ss3.4sqi.net/img/categories_v2/food/coffeeshop_", "suffix": ".png"}, "name": "Coffee Shop", "id": "4bf58dd8d48988d1e0931735", "pluralName": "Coffee Shops", "primary": true, "shortName": "Coffee Shop"}], "verified": false, "contact": {}, "allowMenuUrlEdit": true, "stats": {"tipCount": 5, "usersCount": 87, "checkinsCount": 112}, "id": "55bb5db0498e67127158b014", "name": "Cheng's @ No. 27", "beenHere": {"lastCheckinExpiredAt": 0}}, "suffix": "/10255729_XKt0zX8PWm3XlR-0jZr4ijU_BXa47ilEAMzsoAXMHqA.jpg", "visibility": "public"}, {"height": 1920, "source": {"url": "https://foursquare.com/download/#/iphone", "name": "Foursquare for iOS"}, "tip": {"agreeCount": 0, "canonicalUrl": "https://foursquare.com/item/58bae5510319b80e0d54a19a", "todo": {"count": 0}, "logView": true, "disagreeCount": 0, "createdAt": 1488643409, "id": "58bae5510319b80e0d54a19a", "text": "Good food & cocktails.", "likes": {"groups": [], "count": 0}, "like": false, "type": "user"}, "width": 1440, "prefix": "https://igx.4sqi.net/img/general/", "createdAt": 1488643471, "id": "58bae58f7d0f6d343164e773", "venue": {"like": false, "location": {"formattedAddress": ["27 Club Street", "069413", "Singapore"], "city": "Singapore", "lng": 103.84638446696951, "cc": "SG", "country": "Singapore", "lat": 1.2829404331758076, "address": "27 Club Street", "labeledLatLngs": [{"label": "display", "lat": 1.2829404331758076, "lng": 103.84638446696951}], "postalCode": "069413"}, "categories": [{"icon": {"prefix": "https://ss3.4sqi.net/img/categories_v2/food/japanese_", "suffix": ".png"}, "name": "Japanese Restaurant", "id": "4bf58dd8d48988d111941735", "pluralName": "Japanese Restaurants", "primary": true, "shortName": "Japanese"}], "verified": false, "contact": {"formattedPhone": "+65 6220 3327", "twitter": "izysingapore", "phone": "+6562203327"}, "allowMenuUrlEdit": true, "stats": {"tipCount": 20, "usersCount": 205, "checkinsCount": 321}, "id": "51d68b78011cfe1a0ea862e7", "name": "Izy Singapore", "beenHere": {"lastCheckinExpiredAt": 0}}, "suffix": "/10255729_50yKmsU5sIQndnEskPM22Yw2b-LEsncvrS1vUSr8gbE.jpg", "visibility": "public"}, {"height": 1920, "source": {"url": "https://foursquare.com/download/#/iphone", "name": "Foursquare for iOS"}, "tip": {"agreeCount": 0, "canonicalUrl": "https://foursquare.com/item/57e670f0498ec357e2c66303", "todo": {"count": 0}, "logView": true, "disagreeCount": 0, "createdAt": 1474719984, "id": "57e670f0498ec357e2c66303", "text": "Very good food and service.", "likes": {"groups": [], "count": 0}, "like": false, "type": "user"}, "width": 1440, "prefix": "https://igx.4sqi.net/img/general/", "createdAt": 1474720005, "id": "57e67105498eddfb8ffe211f", "venue": {"hasMenu": true, "location": {"city": "London", "lng": -0.1480963248660514, "cc": "GB", "state": "Greater London", "lat": 51.5123914698063, "address": "Claridge's Hotel", "labeledLatLngs": [{"label": "display", "lat": 51.5123914698063, "lng": -0.1480963248660514}], "formattedAddress": ["Claridge's Hotel", "London", "Greater London", "United Kingdom"], "country": "United Kingdom"}, "contact": {"formattedPhone": "+44 20 7107 8888", "phone": "+442071078888", "facebookName": "Claridge\u2019s", "facebookUsername": "claridges", "facebook": "109001732457073"}, "verified": false, "allowMenuUrlEdit": true, "stats": {"tipCount": 31, "usersCount": 440, "checkinsCount": 478}, "menu": {"label": "Menu", "anchor": "View Menu", "mobileUrl": "https://foursquare.com/v/536be692498e42ca56217005/device_menu", "url": "https://foursquare.com/v/fera/536be692498e42ca56217005/menu", "type": "Menu"}, "beenHere": {"lastCheckinExpiredAt": 0}, "url": "http://feraatclaridges.co.uk", "like": false, "categories": [{"icon": {"prefix": "https://ss3.4sqi.net/img/categories_v2/food/default_", "suffix": ".png"}, "name": "Modern European Restaurant", "id": "52e81612bcbc57f1066b79f9", "pluralName": "Modern European Restaurants", "primary": true, "shortName": "Modern European"}], "id": "536be692498e42ca56217005", "name": "Fera"}, "suffix": "/10255729_68yixybBD5V8FBhyuLfHrEf9a-4bgr0kJIXVuFAmDOI.jpg", "visibility": "public"}, {"height": 1920, "source": {"url": "https://foursquare.com/download/#/iphone", "name": "Foursquare for iOS"}, "width": 1440, "prefix": "https://igx.4sqi.net/img/general/", "createdAt": 1474203845, "id": "57de90c5498e2c2a95984120", "venue": {"venueRatingBlacklisted": true, "like": false, "location": {"city": "Tonbridge", "lng": 0.31873494386672974, "cc": "GB", "state": "Kent", "crossStreet": "Tudeley", "lat": 51.18491828363983, "address": "Five Oak Green Road", "labeledLatLngs": [{"label": "display", "lat": 51.18491828363983, "lng": 0.31873494386672974}], "formattedAddress": ["Five Oak Green Road (Tudeley)", "Tonbridge", "Kent", "United Kingdom"], "country": "United Kingdom"}, "categories": [{"icon": {"prefix": "https://ss3.4sqi.net/img/categories_v2/building/religious_church_", "suffix": ".png"}, "name": "Church", "id": "4bf58dd8d48988d132941735", "pluralName": "Churches", "primary": true, "shortName": "Church"}], "verified": false, "contact": {}, "beenHere": {"lastCheckinExpiredAt": 0}, "stats": {"tipCount": 2, "usersCount": 29, "checkinsCount": 34}, "id": "4c14b3a0127f9521ffe32425", "name": "Tudeley All Saints"}, "suffix": "/10255729_5mkeEefA4eY5Wj7MZ_CKcwv0-swgne-aH1eiuJU7KEs.jpg", "visibility": "public"}, {"height": 1920, "source": {"url": "https://foursquare.com/download/#/iphone", "name": "Foursquare for iOS"}, "width": 1440, "prefix": "https://igx.4sqi.net/img/general/", "createdAt": 1474203845, "id": "57de90c5498e120a9680d892", "venue": {"venueRatingBlacklisted": true, "like": false, "location": {"city": "Tonbridge", "lng": 0.31873494386672974, "cc": "GB", "state": "Kent", "crossStreet": "Tudeley", "lat": 51.18491828363983, "address": "Five Oak Green Road", "labeledLatLngs": [{"label": "display", "lat": 51.18491828363983, "lng": 0.31873494386672974}], "formattedAddress": ["Five Oak Green Road (Tudeley)", "Tonbridge", "Kent", "United Kingdom"], "country": "United Kingdom"}, "categories": [{"icon": {"prefix": "https://ss3.4sqi.net/img/categories_v2/building/religious_church_", "suffix": ".png"}, "name": "Church", "id": "4bf58dd8d48988d132941735", "pluralName": "Churches", "primary": true, "shortName": "Church"}], "verified": false, "contact": {}, "beenHere": {"lastCheckinExpiredAt": 0}, "stats": {"tipCount": 2, "usersCount": 29, "checkinsCount": 34}, "id": "4c14b3a0127f9521ffe32425", "name": "Tudeley All Saints"}, "suffix": "/10255729_YrdLL9x9zl4xfGtphcf0sQTITiv5h80QRKDntbigbDg.jpg", "visibility": "public"}, {"height": 1920, "source": {"url": "https://foursquare.com/download/#/iphone", "name": "Foursquare for iOS"}, "width": 1440, "prefix": "https://igx.4sqi.net/img/general/", "createdAt": 1474203836, "id": "57de90bc498ebe11dbdaad14", "venue": {"venueRatingBlacklisted": true, "like": false, "location": {"city": "Tonbridge", "lng": 0.31873494386672974, "cc": "GB", "state": "Kent", "crossStreet": "Tudeley", "lat": 51.18491828363983, "address": "Five Oak Green Road", "labeledLatLngs": [{"label": "display", "lat": 51.18491828363983, "lng": 0.31873494386672974}], "formattedAddress": ["Five Oak Green Road (Tudeley)", "Tonbridge", "Kent", "United Kingdom"], "country": "United Kingdom"}, "categories": [{"icon": {"prefix": "https://ss3.4sqi.net/img/categories_v2/building/religious_church_", "suffix": ".png"}, "name": "Church", "id": "4bf58dd8d48988d132941735", "pluralName": "Churches", "primary": true, "shortName": "Church"}], "verified": false, "contact": {}, "beenHere": {"lastCheckinExpiredAt": 0}, "stats": {"tipCount": 2, "usersCount": 29, "checkinsCount": 34}, "id": "4c14b3a0127f9521ffe32425", "name": "Tudeley All Saints"}, "suffix": "/10255729_ZdhPMKPrJw-Qwyy827rgDtFFiXqMS8RWvH8flzX2acg.jpg", "visibility": "public"}, {"height": 1920, "source": {"url": "https://foursquare.com/download/#/iphone", "name": "Foursquare for iOS"}, "tip": {"agreeCount": 0, "canonicalUrl": "https://foursquare.com/item/57d06463498e985ae28fe29a", "todo": {"count": 0}, "logView": true, "disagreeCount": 0, "createdAt": 1473274979, "id": "57d06463498e985ae28fe29a", "text": "Must try: Bey soup - very tasty & cold yoghurt like soup is refreshing, Shepherd's salad  and the potatoes that accompany the salad and our main course of lamb chops were excellent. Good breads too.", "likes": {"groups": [], "count": 0}, "like": false, "type": "user"}, "width": 1440, "prefix": "https://igx.4sqi.net/img/general/", "createdAt": 1473274995, "id": "57d06473498eeee4cc5a2a3f", "venue": {"url": "http://www.tajmahal-dubrovnik.com/hr/", "like": false, "location": {"formattedAddress": ["Iva Vojnovica 14", "20000 Dubrovnik", "Hrvatska"], "city": "Dubrovnik", "lng": 18.088531083038607, "cc": "HR", "state": "Dubrova\u010dko-Neretvanska \u017dupanija", "lat": 42.64829807714817, "address": "Iva Vojnovica 14", "labeledLatLngs": [{"label": "display", "lat": 42.64829807714817, "lng": 18.088531083038607}], "postalCode": "20000", "country": "Hrvatska"}, "categories": [{"icon": {"prefix": "https://ss3.4sqi.net/img/categories_v2/food/default_", "suffix": ".png"}, "name": "Restaurant", "id": "4bf58dd8d48988d1c4941735", "pluralName": "Restaurants", "primary": true, "shortName": "Restaurant"}], "verified": false, "contact": {"formattedPhone": "+385 20 640 123", "phone": "+38520640123"}, "allowMenuUrlEdit": true, "stats": {"tipCount": 33, "usersCount": 283, "checkinsCount": 323}, "id": "51b9c2d1498e729472bcf474", "name": "Taj Mahal", "beenHere": {"lastCheckinExpiredAt": 0}}, "suffix": "/10255729_fOJSB1O6B4OhOv5WxUW67xBw3HCT_NQSbHYoCvHhY6A.jpg", "visibility": "public"}, {"height": 1920, "source": {"url": "https://foursquare.com/download/#/iphone", "name": "Foursquare for iOS"}, "width": 1440, "prefix": "https://igx.4sqi.net/img/general/", "createdAt": 1473252898, "id": "57d00e22498e140211b4aab0", "venue": {"url": "http://www.restaurantkopun.com", "like": false, "location": {"city": "Dubrovnik", "lng": 18.109495377871653, "cc": "HR", "state": "Dubrova\u010dko-Neretvanska \u017dupanija", "lat": 42.63944297961804, "address": "Ignati Cathedrals", "labeledLatLngs": [{"label": "display", "lat": 42.63944297961804, "lng": 18.109495377871653}], "formattedAddress": ["Ignati Cathedrals", "Dubrovnik", "Hrvatska"], "country": "Hrvatska"}, "categories": [{"icon": {"prefix": "https://ss3.4sqi.net/img/categories_v2/food/mediterranean_", "suffix": ".png"}, "name": "Mediterranean Restaurant", "id": "4bf58dd8d48988d1c0941735", "pluralName": "Mediterranean Restaurants", "primary": true, "shortName": "Mediterranean"}], "verified": false, "contact": {"formattedPhone": "+385 99 212 1751", "phone": "+385992121751", "facebookName": "Restaurant Kopun", "facebookUsername": "RestaurantKopun", "facebook": "108987529246732"}, "allowMenuUrlEdit": true, "stats": {"tipCount": 42, "usersCount": 591, "checkinsCount": 621}, "id": "5012e62fe4b0d8233dce50a3", "name": "Kopun", "beenHere": {"lastCheckinExpiredAt": 0}}, "suffix": "/10255729_szB8NZddJBJqG9VrvgWSfC7209wNvPGChQy8k7Hj2QM.jpg", "visibility": "public"}, {"height": 1439, "source": {"url": "https://foursquare.com/download/#/iphone", "name": "Foursquare for iOS"}, "tip": {"disagreeCount": 0, "canonicalUrl": "https://foursquare.com/item/57d00e15498e0a6cf0e0b7b4", "createdAt": 1473252885, "id": "57d00e15498e0a6cf0e0b7b4", "agreeCount": 2, "lastUpvoteTimestamp": 1496390018, "like": false, "todo": {"count": 0}, "type": "user", "text": "Try the Capon dishes - share it as it's a very hearty dish. Coffee is good too.", "likes": {"groups": [], "count": 0}, "logView": true, "lastVoteText": "Upvoted Jun 2"}, "width": 1920, "prefix": "https://igx.4sqi.net/img/general/", "createdAt": 1473252888, "id": "57d00e18498e2caf12b1c64e", "venue": {"url": "http://www.restaurantkopun.com", "like": false, "location": {"city": "Dubrovnik", "lng": 18.109495377871653, "cc": "HR", "state": "Dubrova\u010dko-Neretvanska \u017dupanija", "lat": 42.63944297961804, "address": "Ignati Cathedrals", "labeledLatLngs": [{"label": "display", "lat": 42.63944297961804, "lng": 18.109495377871653}], "formattedAddress": ["Ignati Cathedrals", "Dubrovnik", "Hrvatska"], "country": "Hrvatska"}, "categories": [{"icon": {"prefix": "https://ss3.4sqi.net/img/categories_v2/food/mediterranean_", "suffix": ".png"}, "name": "Mediterranean Restaurant", "id": "4bf58dd8d48988d1c0941735", "pluralName": "Mediterranean Restaurants", "primary": true, "shortName": "Mediterranean"}], "verified": false, "contact": {"formattedPhone": "+385 99 212 1751", "phone": "+385992121751", "facebookName": "Restaurant Kopun", "facebookUsername": "RestaurantKopun", "facebook": "108987529246732"}, "allowMenuUrlEdit": true, "stats": {"tipCount": 42, "usersCount": 591, "checkinsCount": 621}, "id": "5012e62fe4b0d8233dce50a3", "name": "Kopun", "beenHere": {"lastCheckinExpiredAt": 0}}, "suffix": "/10255729_PV-BtAdDtw_RKBVcK0y9tqCb6PArRLrJ81gpPoRQfWM.jpg", "visibility": "public"}, {"height": 1920, "source": {"url": "https://foursquare.com/download/#/iphone", "name": "Foursquare for iOS"}, "tip": {"agreeCount": 0, "canonicalUrl": "https://foursquare.com/item/57ceacab498ea650f2f75dc3", "todo": {"count": 0}, "logView": true, "disagreeCount": 0, "createdAt": 1473162411, "id": "57ceacab498ea650f2f75dc3", "text": "Excellent seafood. Refreshing seafood salad and panfried John Dory done to perfection!", "likes": {"groups": [], "count": 0}, "like": false, "type": "user"}, "width": 1440, "prefix": "https://igx.4sqi.net/img/general/", "createdAt": 1473162437, "id": "57ceacc5498e30e7bc492061", "venue": {"like": false, "location": {"city": "Dubrovnik", "state": "Dubrova\u010dko-neretvans", "cc": "HR", "country": "Hrvatska", "lat": 42.64154712551236, "lng": 18.104909860217994, "labeledLatLngs": [{"label": "display", "lat": 42.64154712551236, "lng": 18.104909860217994}], "formattedAddress": ["Dubrovnik", "Hrvatska"]}, "categories": [{"icon": {"prefix": "https://ss3.4sqi.net/img/categories_v2/food/seafood_", "suffix": ".png"}, "name": "Seafood Restaurant", "id": "4bf58dd8d48988d1ce941735", "pluralName": "Seafood Restaurants", "primary": true, "shortName": "Seafood"}], "verified": false, "contact": {}, "allowMenuUrlEdit": true, "stats": {"tipCount": 20, "usersCount": 253, "checkinsCount": 273}, "id": "4bf5829d0c74c9b61f341828", "name": "Orhan", "beenHere": {"lastCheckinExpiredAt": 0}}, "suffix": "/10255729_3fL4GOkFhZvYLRXx8DbHW9v8IUXJLeV1tGtwlBSH7tU.jpg", "visibility": "public"}, {"height": 1920, "source": {"url": "https://foursquare.com/download/#/iphone", "name": "Foursquare for iOS"}, "tip": {"agreeCount": 0, "canonicalUrl": "https://foursquare.com/item/57a97856498eef2c39052429", "todo": {"count": 0}, "logView": true, "disagreeCount": 0, "createdAt": 1470724182, "id": "57a97856498eef2c39052429", "text": "Food is Ok but geared towards Millenial's palate", "likes": {"groups": [], "count": 0}, "like": false, "type": "user"}, "width": 1440, "prefix": "https://igx.4sqi.net/img/general/", "createdAt": 1470724186, "id": "57a9785a498eb22171b9b815", "venue": {"url": "http://iwantmynoodle.com", "like": false, "location": {"formattedAddress": ["#03-14/15, Shaw Centre (1 Scotts Road)", "228208", "Singapore"], "city": "Singapore", "lng": 103.83138794602019, "cc": "SG", "country": "Singapore", "crossStreet": "1 Scotts Road", "lat": 1.3066015196314527, "address": "#03-14/15, Shaw Centre", "labeledLatLngs": [{"label": "display", "lat": 1.3066015196314527, "lng": 103.83138794602019}], "postalCode": "228208"}, "categories": [{"icon": {"prefix": "https://ss3.4sqi.net/img/categories_v2/food/ramen_", "suffix": ".png"}, "name": "Noodle House", "id": "4bf58dd8d48988d1d1941735", "pluralName": "Noodle Houses", "primary": true, "shortName": "Noodles"}], "verified": false, "contact": {}, "allowMenuUrlEdit": true, "stats": {"tipCount": 11, "usersCount": 226, "checkinsCount": 348}, "id": "548553f2498e5509caa5022a", "name": "i want my noodle", "beenHere": {"lastCheckinExpiredAt": 0}}, "suffix": "/10255729_Z391Or75btj3A1K5mACGnJbaCu1AaF9-Tc5RDrDvd3Y.jpg", "visibility": "public"}, {"height": 1920, "source": {"url": "https://foursquare.com/download/#/iphone", "name": "Foursquare for iOS"}, "tip": {"agreeCount": 0, "canonicalUrl": "https://foursquare.com/item/5781eabb498e3b00c748d8f3", "todo": {"count": 0}, "logView": true, "disagreeCount": 0, "createdAt": 1468132027, "id": "5781eabb498e3b00c748d8f3", "text": "Burgers & Sandwiches are tasty. Coffee is terrible - flat white has no tart of coffee, double macchiato is too acidic/sou", "likes": {"groups": [], "count": 0}, "like": false, "type": "user"}, "width": 1440, "prefix": "https://igx.4sqi.net/img/general/", "createdAt": 1468132031, "id": "5781eabf498ea70a52d9e509", "venue": {"url": "http://www.jonesthegrocer.com", "like": false, "location": {"formattedAddress": ["9 Dempsey Rd, #01-12 (Dempsey Hill)", "247697", "Singapore"], "city": "Singapore", "lng": 103.80986696019963, "cc": "SG", "country": "Singapore", "crossStreet": "Dempsey Hill", "lat": 1.3037855964491538, "address": "9 Dempsey Rd, #01-12", "labeledLatLngs": [{"label": "display", "lat": 1.3037855964491538, "lng": 103.80986696019963}], "postalCode": "247697"}, "categories": [{"icon": {"prefix": "https://ss3.4sqi.net/img/categories_v2/food/cafe_", "suffix": ".png"}, "name": "Caf\u00e9", "id": "4bf58dd8d48988d16d941735", "pluralName": "Caf\u00e9s", "primary": true, "shortName": "Caf\u00e9"}], "verified": false, "contact": {"formattedPhone": "+65 6476 1512", "phone": "+6564761512"}, "allowMenuUrlEdit": true, "stats": {"tipCount": 101, "usersCount": 3818, "checkinsCount": 6165}, "id": "4b1c7295f964a520790724e3", "name": "Jones the Grocer", "beenHere": {"lastCheckinExpiredAt": 0}}, "suffix": "/10255729_opMp4OVkLV_ZGt_BGo4ABa3W1uv0EJJuvYks2tvALmQ.jpg", "visibility": "public"}, {"height": 1440, "source": {"url": "https://foursquare.com/download/#/iphone", "name": "Foursquare for iOS"}, "tip": {"agreeCount": 0, "canonicalUrl": "https://foursquare.com/item/57368c91498e6ee309bd40a0", "todo": {"count": 0}, "logView": true, "disagreeCount": 0, "createdAt": 1463192721, "id": "57368c91498e6ee309bd40a0", "text": "Great brunch plates on weekends and very good Pork sandwich. Coffee is good without being acidic.", "likes": {"groups": [], "count": 0}, "like": false, "type": "user"}, "width": 1440, "prefix": "https://igx.4sqi.net/img/general/", "createdAt": 1463192723, "id": "57368c93498e45f1debffef8", "venue": {"location": {"formattedAddress": ["#01-01, The Clift (21 McCallum St.)", "069047", "Singapore"], "city": "Singapore", "lng": 103.84711480417656, "cc": "SG", "country": "Singapore", "crossStreet": "21 McCallum St.", "lat": 1.2795508623098966, "address": "#01-01, The Clift", "labeledLatLngs": [{"label": "display", "lat": 1.2795508623098966, "lng": 103.84711480417656}], "postalCode": "069047"}, "contact": {"formattedPhone": "+65 8605 2026", "phone": "+6586052026", "facebookName": "G\u00c6ST", "facebookUsername": "gaest.singapore", "facebook": "168551576646735"}, "verified": false, "allowMenuUrlEdit": true, "stats": {"tipCount": 40, "usersCount": 246, "checkinsCount": 626}, "id": "529d2b7811d26e3ceb30ef6b", "url": "http://gaest.com.sg", "closed": true, "like": false, "categories": [{"icon": {"prefix": "https://ss3.4sqi.net/img/categories_v2/food/coffeeshop_", "suffix": ".png"}, "name": "Coffee Shop", "id": "4bf58dd8d48988d1e0931735", "pluralName": "Coffee Shops", "primary": true, "shortName": "Coffee Shop"}], "beenHere": {"lastCheckinExpiredAt": 0}, "name": "G\u00e6st"}, "suffix": "/10255729_PQEWUG9gYCNhRZ5MRz1x4Kd4Tr9Llm9f-SH2FaPcRWw.jpg", "visibility": "public"}, {"height": 1440, "source": {"url": "https://foursquare.com/download/#/iphone", "name": "Foursquare for iOS"}, "tip": {"agreeCount": 0, "canonicalUrl": "https://foursquare.com/item/57132e39498e4af5a1c420c4", "todo": {"count": 0}, "logView": true, "disagreeCount": 0, "createdAt": 1460874809, "id": "57132e39498e4af5a1c420c4", "text": "Lovely ambience. Nice to spend a quiet weekend lunch here.", "likes": {"groups": [], "count": 0}, "like": false, "type": "user"}, "width": 1920, "prefix": "https://igx.4sqi.net/img/general/", "createdAt": 1460874864, "id": "57132e70498ee2973a2955fb", "venue": {"like": false, "location": {"city": "Jakarta Selatan", "lng": 106.81203900024674, "cc": "ID", "state": "Jakarta", "lat": -6.26061196289587, "address": "Lippo Mall Kemang", "labeledLatLngs": [{"label": "display", "lat": -6.26061196289587, "lng": 106.81203900024674}], "formattedAddress": ["Lippo Mall Kemang", "Jakarta Selatan", "Jakarta", "Indonesia"], "country": "Indonesia"}, "categories": [{"icon": {"prefix": "https://ss3.4sqi.net/img/categories_v2/food/moleculargastronomy_", "suffix": ".png"}, "name": "Molecular Gastronomy Restaurant", "id": "4bf58dd8d48988d1c2941735", "pluralName": "Molecular Gastronomy Restaurants", "primary": true, "shortName": "Molecular Gastronomy"}], "verified": false, "contact": {}, "allowMenuUrlEdit": true, "stats": {"tipCount": 20, "usersCount": 839, "checkinsCount": 1188}, "id": "509f4b1be4b00baa8d1b0c2a", "name": "Colonial - Cuisine & Molecular", "beenHere": {"lastCheckinExpiredAt": 0}}, "suffix": "/10255729_LZQTtXjQqULgfb7RvxwcHMVkbfO1XVaElwxLjiyVQJM.jpg", "visibility": "public"}, {"height": 1440, "source": {"url": "https://foursquare.com/download/#/iphone", "name": "Foursquare for iOS"}, "tip": {"agreeCount": 0, "canonicalUrl": "https://foursquare.com/item/5711ed0b498e579f2d4ba994", "todo": {"count": 0}, "logView": true, "disagreeCount": 0, "createdAt": 1460792587, "id": "5711ed0b498e579f2d4ba994", "text": "Very old dilapidated - what a shame?", "likes": {"groups": [], "count": 0}, "like": false, "type": "user"}, "width": 1920, "prefix": "https://igx.4sqi.net/img/general/", "createdAt": 1460792593, "id": "5711ed11cd10b024a283ef9e", "venue": {"like": false, "location": {"city": "Jakarta", "lng": 106.79072362322437, "cc": "ID", "state": "Jakarta", "crossStreet": "Pondok Labu", "lat": -6.3078021139541915, "address": "Jl. H.Kamang No.38", "labeledLatLngs": [{"label": "display", "lat": -6.3078021139541915, "lng": 106.79072362322437}], "formattedAddress": ["Jl. H.Kamang No.38 (Pondok Labu)", "Jakarta Selatan", "Jakarta", "Indonesia"], "country": "Indonesia"}, "categories": [{"icon": {"prefix": "https://ss3.4sqi.net/img/categories_v2/arts_entertainment/museum_art_", "suffix": ".png"}, "name": "Art Museum", "id": "4bf58dd8d48988d18f941735", "pluralName": "Art Museums", "primary": true, "shortName": "Art Museum"}], "verified": false, "contact": {}, "allowMenuUrlEdit": true, "stats": {"tipCount": 3, "usersCount": 209, "checkinsCount": 263}, "id": "50d6f95de4b0252165c9c1ca", "name": "Museum Layang-Layang Indonesia", "beenHere": {"lastCheckinExpiredAt": 0}}, "suffix": "/10255729_o8WWfkDReqVBJ8ybI5QzW5a1IkOSK7v0Zi5wayq54Vs.jpg", "visibility": "public"}, {"height": 1920, "source": {"url": "https://foursquare.com/download/#/iphone", "name": "Foursquare for iOS"}, "tip": {"agreeCount": 0, "canonicalUrl": "https://foursquare.com/item/5707a4c9498e44390a55cdcd", "todo": {"count": 0}, "logView": true, "disagreeCount": 0, "createdAt": 1460118729, "id": "5707a4c9498e44390a55cdcd", "text": "Very yummy mud crabs. Forget about the crawl fish.", "likes": {"groups": [], "count": 0}, "like": false, "type": "user"}, "width": 1440, "prefix": "https://igx.4sqi.net/img/general/", "createdAt": 1460118736, "id": "5707a4d0498e3700fdb9c9e2", "venue": {"url": "http://www.theholycrab.co.id", "like": false, "location": {"lng": 106.80762021417738, "cc": "ID", "country": "Indonesia", "lat": -6.236740147518717, "address": "Jl Gunawarman No 55", "labeledLatLngs": [{"label": "display", "lat": -6.236740147518717, "lng": 106.80762021417738}], "formattedAddress": ["Jl Gunawarman No 55", "Indonesia"]}, "categories": [{"icon": {"prefix": "https://ss3.4sqi.net/img/categories_v2/food/seafood_", "suffix": ".png"}, "name": "Seafood Restaurant", "id": "4bf58dd8d48988d1ce941735", "pluralName": "Seafood Restaurants", "primary": true, "shortName": "Seafood"}], "verified": false, "contact": {"formattedPhone": "+62 21 29236155", "twitter": "theholycrabjkt", "phone": "+622129236155"}, "allowMenuUrlEdit": true, "stats": {"tipCount": 43, "usersCount": 1963, "checkinsCount": 2272}, "id": "52e52280498ec75b72dfe05f", "name": "The Holy Crab - Louisiana Seafood", "beenHere": {"lastCheckinExpiredAt": 0}}, "suffix": "/10255729_Qc1q_rtwClpDyGtVqEip8tBkrgKbtwiSZNWP_Hdbwc4.jpg", "visibility": "public"}, {"height": 960, "source": {"url": "https://foursquare.com/download/#/iphone", "name": "Foursquare for iOS"}, "tip": {"agreeCount": 0, "canonicalUrl": "https://foursquare.com/item/54312972498e1fd25af23268", "todo": {"count": 0}, "logView": true, "disagreeCount": 0, "createdAt": 1412508018, "id": "54312972498e1fd25af23268", "text": "Not as good as it used to be.", "likes": {"groups": [], "count": 0}, "like": false, "type": "user"}, "width": 720, "prefix": "https://igx.4sqi.net/img/general/", "createdAt": 1412508019, "id": "54312973498e644b7610ae26", "venue": {"like": false, "location": {"formattedAddress": ["590 Upper Thomson Rd", "574419", "Singapore"], "city": "Singapore", "lng": 103.82907271385193, "cc": "SG", "country": "Singapore", "lat": 1.3724087419933406, "address": "590 Upper Thomson Rd", "labeledLatLngs": [{"label": "display", "lat": 1.3724087419933406, "lng": 103.82907271385193}], "postalCode": "574419"}, "categories": [{"icon": {"prefix": "https://ss3.4sqi.net/img/categories_v2/shops/food_foodcourt_", "suffix": ".png"}, "name": "Food Court", "id": "4bf58dd8d48988d120951735", "pluralName": "Food Courts", "primary": true, "shortName": "Food Court"}], "verified": false, "contact": {}, "allowMenuUrlEdit": true, "stats": {"tipCount": 80, "usersCount": 2289, "checkinsCount": 7568}, "id": "4b1f2831f964a5207e2424e3", "name": "Sembawang Hills Food Centre", "beenHere": {"lastCheckinExpiredAt": 0}}, "suffix": "/10255729_-V72tHjO2HVgsHqLrp3iMrjwCoYKZNoz70Y7It-vMbs.jpg", "visibility": "public"}, {"height": 720, "source": {"url": "https://foursquare.com/download/#/iphone", "name": "Foursquare for iOS"}, "tip": {"agreeCount": 0, "canonicalUrl": "https://foursquare.com/item/54204a0e498e9f1c110aea94", "todo": {"count": 0}, "logView": true, "disagreeCount": 0, "createdAt": 1411402254, "id": "54204a0e498e9f1c110aea94", "text": "Definitely a must visit.  Good masseuse, clean place. Bht500 for 90min of head, foot, shoulder, back massage - pure bliss. Must make booking, they are full most days to closing time at 1am.", "likes": {"groups": [], "count": 0}, "like": false, "type": "user"}, "width": 720, "prefix": "https://igx.4sqi.net/img/general/", "createdAt": 1411402256, "id": "54204a10498e1ddcd67d93d9", "venue": {"url": "http://www.asiaherbassociation.com", "like": false, "location": {"formattedAddress": ["58/19-24 Sukhumvit 55", "\u0e27\u0e31\u0e12\u0e19\u0e32", "\u0e01\u0e23\u0e38\u0e07\u0e40\u0e17\u0e1e\u0e21\u0e2b\u0e32\u0e19\u0e04\u0e23 10110", "\u0e1b\u0e23\u0e30\u0e40\u0e17\u0e28\u0e44\u0e17\u0e22"], "city": "\u0e27\u0e31\u0e12\u0e19\u0e32", "lng": 100.57957112789154, "cc": "TH", "state": "\u0e01\u0e23\u0e38\u0e07\u0e40\u0e17\u0e1e\u0e21\u0e2b\u0e32\u0e19\u0e04\u0e23", "lat": 13.724689828398446, "address": "58/19-24 Sukhumvit 55", "labeledLatLngs": [{"label": "display", "lat": 13.724689828398446, "lng": 100.57957112789154}], "postalCode": "10110", "country": "\u0e1b\u0e23\u0e30\u0e40\u0e17\u0e28\u0e44\u0e17\u0e22"}, "categories": [{"icon": {"prefix": "https://ss3.4sqi.net/img/categories_v2/shops/spa_", "suffix": ".png"}, "name": "Spa", "id": "4bf58dd8d48988d1ed941735", "pluralName": "Spas", "primary": true, "shortName": "Spa"}], "verified": false, "contact": {"formattedPhone": "+66 2 392 3631", "phone": "+6623923631"}, "allowMenuUrlEdit": true, "stats": {"tipCount": 30, "usersCount": 542, "checkinsCount": 1144}, "id": "4cd971985e1b721eb43a3fd9", "name": "Asia Herb Association", "beenHere": {"lastCheckinExpiredAt": 0}}, "suffix": "/10255729_K2dMYZWJEffHA9GgeN_hk_zlZ59aeADhgfcD9TFwex0.jpg", "visibility": "public"}], "count": 20}, "totalCount": 20}}