{"meta": {"code": 200, "requestId": "595b02bddb04f562ef8ece72"}, "notifications": [{"item": {"unreadCount": 0}, "type": "notificationTray"}], "response": {"photos": {"items": [{"height": 1920, "source": {"url": "https://foursquare.com/download/#/iphone", "name": "Foursquare for iOS"}, "tip": {"agreeCount": 1, "canonicalUrl": "https://foursquare.com/item/5479d13f498e61ba8c934112", "todo": {"count": 0}, "logView": true, "disagreeCount": 0, "createdAt": 1417269567, "id": "5479d13f498e61ba8c934112", "text": "Chilli crab is out of this world", "likes": {"groups": [{"items": [{"photo": {"prefix": "https://igx.4sqi.net/img/user/", "suffix": "/1223587-O15AZTA3MMLHRRA0.jpg"}, "id": "1223587", "firstName": "Ahn", "gender": "female", "lastName": "Bustamante"}], "count": 1, "type": "others"}], "count": 1, "summary": "1 like"}, "like": false, "type": "user"}, "width": 1440, "prefix": "https://igx.4sqi.net/img/general/", "createdAt": 1417269569, "id": "5479d141498e705d93c4079a", "venue": {"url": "http://www.jumboseafood.com.sg", "like": false, "location": {"formattedAddress": ["#B1-46/47/48, The Riverwalk (20 Upper Circular Rd.)", "058416", "Singapore"], "city": "Singapore", "lng": 103.84848490472159, "cc": "SG", "country": "Singapore", "crossStreet": "20 Upper Circular Rd.", "lat": 1.2896965320241103, "address": "#B1-46/47/48, The Riverwalk", "labeledLatLngs": [{"label": "display", "lat": 1.2896965320241103, "lng": 103.84848490472159}], "postalCode": "058416"}, "categories": [{"icon": {"prefix": "https://ss3.4sqi.net/img/categories_v2/food/seafood_", "suffix": ".png"}, "name": "Seafood Restaurant", "id": "4bf58dd8d48988d1ce941735", "pluralName": "Seafood Restaurants", "primary": true, "shortName": "Seafood"}], "verified": false, "contact": {"formattedPhone": "+65 6534 3435", "phone": "+6565343435"}, "allowMenuUrlEdit": true, "stats": {"tipCount": 84, "usersCount": 5395, "checkinsCount": 6453}, "id": "4b8f902af964a5202a5833e3", "name": "Jumbo Seafood Gallery \u73cd\u5b9d\u6d77\u9bae\u6a13", "beenHere": {"lastCheckinExpiredAt": 0}}, "suffix": "/102875140_6TXd0L3jA7JNg62iActeKEfecR5eSJjnaHqH0J8HPhY.jpg", "visibility": "public"}], "count": 1}, "totalCount": 1}}