{"meta": {"code": 200, "requestId": "595b3d6f6a60711438dde42a"}, "notifications": [{"item": {"unreadCount": 0}, "type": "notificationTray"}], "response": {"photos": {"items": [{"height": 1440, "source": {"url": "https://www.swarmapp.com", "name": "Swarm for iOS"}, "width": 1440, "prefix": "https://igx.4sqi.net/img/general/", "createdAt": 1480373556, "id": "583cb53454073d1f492d7310", "venue": {"hasMenu": true, "location": {"neighborhood": "West Hollywood", "address": "8684 Melrose Ave", "labeledLatLngs": [{"label": "display", "lat": 34.08136318152101, "lng": -118.38264561195832}], "postalCode": "90069", "city": "West Hollywood", "state": "CA", "cc": "US", "country": "United States", "lat": 34.08136318152101, "lng": -118.38264561195832, "crossStreet": "at San Vicente Blvd", "formattedAddress": ["8684 Melrose Ave (at San Vicente Blvd)", "West Hollywood, CA 90069", "United States"]}, "contact": {"formattedPhone": "+1 424-284-3930", "twitter": "zinque_bar", "phone": "+14242843930"}, "verified": false, "allowMenuUrlEdit": true, "stats": {"tipCount": 39, "usersCount": 1499, "checkinsCount": 2733}, "menu": {"label": "Menu", "anchor": "View Menu", "mobileUrl": "https://foursquare.com/v/535ed452498e2b90db7d9922/device_menu", "url": "https://foursquare.com/v/zinque/535ed452498e2b90db7d9922/menu", "type": "Menu"}, "beenHere": {"lastCheckinExpiredAt": 0}, "url": "http://lezinque.com", "like": false, "categories": [{"icon": {"prefix": "https://ss3.4sqi.net/img/categories_v2/food/french_", "suffix": ".png"}, "name": "French Restaurant", "id": "4bf58dd8d48988d10c941735", "pluralName": "French Restaurants", "primary": true, "shortName": "French"}], "id": "535ed452498e2b90db7d9922", "name": "Zinque"}, "suffix": "/102879154_n4nsLRcL-mLJVCUrUrL5GNIk06ecwglop5sqHqTtp8g.jpg", "visibility": "public"}, {"height": 1920, "source": {"url": "https://www.swarmapp.com", "name": "Swarm for iOS"}, "width": 1440, "prefix": "https://igx.4sqi.net/img/general/", "createdAt": 1480190532, "id": "5839ea440acb6a4bcbb40301", "venue": {"hasMenu": true, "location": {"formattedAddress": ["9882 Santa Monica Blvd (in The Peninsula Beverly Hills)", "Beverly Hills, CA 90212", "United States"], "city": "Beverly Hills", "lng": -118.41039141404676, "cc": "US", "state": "CA", "crossStreet": "in The Peninsula Beverly Hills", "lat": 34.065657381140184, "address": "9882 Santa Monica Blvd", "labeledLatLngs": [{"label": "display", "lat": 34.065657381140184, "lng": -118.41039141404676}], "postalCode": "90212", "country": "United States"}, "contact": {"formattedPhone": "+1 310-788-2306", "twitter": "thepeninsulabh", "phone": "+13107882306"}, "verified": true, "allowMenuUrlEdit": true, "stats": {"tipCount": 8, "usersCount": 425, "checkinsCount": 588}, "menu": {"label": "Menu", "anchor": "View Menu", "mobileUrl": "https://foursquare.com/v/3fd66200f964a520d8ee1ee3/device_menu", "url": "https://foursquare.com/v/the-belvedere/3fd66200f964a520d8ee1ee3/menu", "type": "Menu"}, "storeId": "", "beenHere": {"lastCheckinExpiredAt": 0}, "url": "http://peninsula.com/belvedere", "like": false, "categories": [{"icon": {"prefix": "https://ss3.4sqi.net/img/categories_v2/food/default_", "suffix": ".png"}, "name": "American Restaurant", "id": "4bf58dd8d48988d14e941735", "pluralName": "American Restaurants", "primary": true, "shortName": "American"}], "id": "3fd66200f964a520d8ee1ee3", "name": "The Belvedere", "venuePage": {"id": "38464740"}}, "suffix": "/102879154_DF_VEzl5EaajhUQ89d7mW78XMKzsBVUeOo0tFA-EpHg.jpg", "visibility": "public"}, {"height": 1920, "source": {"url": "https://www.swarmapp.com", "name": "Swarm for iOS"}, "width": 1440, "prefix": "https://igx.4sqi.net/img/general/", "createdAt": 1480190202, "id": "5839e8fa6d63256686f76624", "venue": {"hasMenu": true, "location": {"formattedAddress": ["141 S Grand Ave", "Los Angeles, CA 90012", "United States"], "city": "Los Angeles", "lng": -118.24942165300655, "cc": "US", "state": "CA", "lat": 34.05469546052064, "address": "141 S Grand Ave", "labeledLatLngs": [{"label": "display", "lat": 34.05469546052064, "lng": -118.24942165300655}], "postalCode": "90012", "country": "United States"}, "contact": {"formattedPhone": "+1 213-972-3331", "twitter": "patinadtla", "phone": "+12139723331"}, "verified": true, "allowMenuUrlEdit": true, "stats": {"tipCount": 22, "usersCount": 978, "checkinsCount": 1347}, "menu": {"label": "Menu", "anchor": "View Menu", "mobileUrl": "https://foursquare.com/v/4ad01a5af964a52095d720e3/device_menu", "url": "https://foursquare.com/v/patina/4ad01a5af964a52095d720e3/menu", "type": "Menu"}, "beenHere": {"lastCheckinExpiredAt": 0}, "url": "http://www.patinarestaurant.com", "like": false, "categories": [{"icon": {"prefix": "https://ss3.4sqi.net/img/categories_v2/food/french_", "suffix": ".png"}, "name": "French Restaurant", "id": "4bf58dd8d48988d10c941735", "pluralName": "French Restaurants", "primary": true, "shortName": "French"}], "id": "4ad01a5af964a52095d720e3", "name": "Patina", "venuePage": {"id": "72470964"}}, "suffix": "/102879154_sYKMqFUjWGk4XDHYqZPgKh_w3JCu4khcoPTuMWhnmsY.jpg", "visibility": "public"}, {"height": 1440, "source": {"url": "https://www.swarmapp.com", "name": "Swarm for iOS"}, "width": 1440, "prefix": "https://igx.4sqi.net/img/general/", "createdAt": 1479905757, "id": "583591dd83622d318477c563", "venue": {"hasMenu": true, "location": {"formattedAddress": ["175 Westbourne Gr", "Notting Hill", "Greater London", "W11 2SB", "United Kingdom"], "city": "London", "lng": -0.197544, "cc": "GB", "state": "Greater London", "lat": 51.51475, "address": "175 Westbourne Gr", "labeledLatLngs": [{"label": "display", "lat": 51.51475, "lng": -0.197544}], "postalCode": "W11 2SB", "country": "United Kingdom"}, "contact": {"formattedPhone": "+44 20 7229 9111", "twitter": "grangerandco", "phone": "+442072299111"}, "verified": true, "allowMenuUrlEdit": true, "stats": {"tipCount": 371, "usersCount": 4148, "checkinsCount": 6297}, "menu": {"label": "Menu", "anchor": "View Menu", "mobileUrl": "https://foursquare.com/v/4ec4e8d4e5fa74ea532200f6/device_menu", "url": "https://foursquare.com/v/granger--co/4ec4e8d4e5fa74ea532200f6/menu", "type": "Menu"}, "beenHere": {"lastCheckinExpiredAt": 0}, "url": "http://www.grangerandco.com", "like": false, "categories": [{"icon": {"prefix": "https://ss3.4sqi.net/img/categories_v2/food/australian_", "suffix": ".png"}, "name": "Australian Restaurant", "id": "4bf58dd8d48988d169941735", "pluralName": "Australian Restaurants", "primary": true, "shortName": "Australian"}], "id": "4ec4e8d4e5fa74ea532200f6", "name": "Granger & Co", "venuePage": {"id": "404169210"}}, "suffix": "/102879154_7QOxFBIR0zwtmbNXkA8xhSrMCacMNszuwkwIw8Nltdo.jpg", "visibility": "public"}, {"height": 1920, "source": {"url": "https://www.swarmapp.com", "name": "Swarm for iOS"}, "width": 1440, "prefix": "https://igx.4sqi.net/img/general/", "createdAt": 1479848503, "id": "5834b237110d032f32ef63d3", "venue": {"url": "http://psyclelondon.com", "like": false, "location": {"formattedAddress": ["76 Mortimer St", "London", "Greater London", "W1W 7SA", "United Kingdom"], "city": "London", "lng": -0.14227411150272715, "cc": "GB", "state": "Greater London", "lat": 51.51750634822487, "address": "76 Mortimer St", "labeledLatLngs": [{"label": "display", "lat": 51.51750634822487, "lng": -0.14227411150272715}], "postalCode": "W1W 7SA", "country": "United Kingdom"}, "categories": [{"icon": {"prefix": "https://ss3.4sqi.net/img/categories_v2/shops/bikeshop_", "suffix": ".png"}, "name": "Cycle Studio", "id": "52f2ab2ebcbc57f1066b8b49", "pluralName": "Cycle Studios", "primary": true, "shortName": "Cycle Studio"}], "verified": false, "contact": {"twitter": "psyclelondon"}, "allowMenuUrlEdit": true, "stats": {"tipCount": 18, "usersCount": 339, "checkinsCount": 2461}, "id": "52f5334711d2f56e331efe2f", "name": "Psycle", "beenHere": {"lastCheckinExpiredAt": 0}}, "suffix": "/102879154_QhX_iNNsOmWeqqLcF1K7k4Mw2c40UqMiY33O4vaQ4Ps.jpg", "visibility": "public"}, {"height": 1440, "source": {"url": "https://www.swarmapp.com", "name": "Swarm for iOS"}, "width": 1920, "prefix": "https://igx.4sqi.net/img/general/", "createdAt": 1479846062, "id": "5834a8ae110d0369b2fbe511", "venue": {"hasMenu": true, "location": {"formattedAddress": ["21 Romilly St", "London", "Greater London", "W1D 5AF", "United Kingdom"], "city": "London", "lng": -0.1313380832699808, "cc": "GB", "state": "Greater London", "lat": 51.512678328932836, "address": "21 Romilly St", "labeledLatLngs": [{"label": "display", "lat": 51.512678328932836, "lng": -0.1313380832699808}], "postalCode": "W1D 5AF", "country": "United Kingdom"}, "contact": {"twitter": "gauthiersoho", "facebookName": "Gauthier Soho", "formattedPhone": "+44 20 7494 3111", "phone": "+442074943111", "facebookUsername": "gauthiersoho", "facebook": "114555368576680"}, "verified": false, "allowMenuUrlEdit": true, "stats": {"tipCount": 28, "usersCount": 576, "checkinsCount": 793}, "menu": {"label": "Menu", "anchor": "View Menu", "mobileUrl": "https://foursquare.com/v/4be9a1b6a9900f47e98e1540/device_menu", "url": "https://foursquare.com/v/gauthier-soho/4be9a1b6a9900f47e98e1540/menu", "type": "Menu"}, "beenHere": {"lastCheckinExpiredAt": 0}, "url": "http://www.gauthiersoho.co.uk", "like": false, "categories": [{"icon": {"prefix": "https://ss3.4sqi.net/img/categories_v2/food/french_", "suffix": ".png"}, "name": "French Restaurant", "id": "4bf58dd8d48988d10c941735", "pluralName": "French Restaurants", "primary": true, "shortName": "French"}], "id": "4be9a1b6a9900f47e98e1540", "name": "Gauthier Soho"}, "suffix": "/102879154_5L5jVTVSrjpouXwHGRiqQx_P3d5iTZ9nP83YXu5vHEc.jpg", "visibility": "public"}, {"height": 1920, "source": {"url": "https://www.swarmapp.com", "name": "Swarm for iOS"}, "width": 1079, "prefix": "https://igx.4sqi.net/img/general/", "createdAt": 1479763571, "id": "5833667391680259ce7511a7", "venue": {"url": "https://www.thehari.com", "like": false, "location": {"formattedAddress": ["20 Chesham Pl", "London", "Greater London", "SW1X 8HQ", "United Kingdom"], "city": "London", "lng": -0.155981, "cc": "GB", "state": "Greater London", "lat": 51.497352, "address": "20 Chesham Pl", "labeledLatLngs": [{"label": "display", "lat": 51.497352, "lng": -0.155981}], "postalCode": "SW1X 8HQ", "country": "United Kingdom"}, "categories": [{"icon": {"prefix": "https://ss3.4sqi.net/img/categories_v2/travel/hotel_", "suffix": ".png"}, "name": "Hotel", "id": "4bf58dd8d48988d1fa931735", "pluralName": "Hotels", "primary": true, "shortName": "Hotel"}], "verified": false, "contact": {"twitter": "theharilondon", "facebookName": "The Hari- Formerly Belgraves", "formattedPhone": "+44 20 7858 0100", "phone": "+442078580100", "facebookUsername": "TheHariLondon", "facebook": "226300464102369"}, "allowMenuUrlEdit": true, "stats": {"tipCount": 7, "usersCount": 616, "checkinsCount": 1571}, "id": "57d484c4498e8c8854195bcb", "name": "The Hari", "beenHere": {"lastCheckinExpiredAt": 0}}, "suffix": "/102879154_AnDj_4JWM-8uEeUB7ys7_y0ykqaXqI-LB-ybmWavvGw.jpg", "visibility": "public"}, {"height": 1920, "source": {"url": "https://www.swarmapp.com", "name": "Swarm for iOS"}, "width": 1440, "prefix": "https://igx.4sqi.net/img/general/", "createdAt": 1479756509, "id": "58334add44587f7beb3c1fef", "venue": {"url": "http://www.chilternfirehouse.com", "like": false, "location": {"formattedAddress": ["1 Chiltern St", "London", "Greater London", "W1U 7PA", "United Kingdom"], "city": "London", "lng": -0.15486448835709268, "cc": "GB", "state": "Greater London", "lat": 51.518558005668844, "address": "1 Chiltern St", "labeledLatLngs": [{"label": "display", "lat": 51.518558005668844, "lng": -0.15486448835709268}], "postalCode": "W1U 7PA", "country": "United Kingdom"}, "categories": [{"icon": {"prefix": "https://ss3.4sqi.net/img/categories_v2/food/default_", "suffix": ".png"}, "name": "Modern European Restaurant", "id": "52e81612bcbc57f1066b79f9", "pluralName": "Modern European Restaurants", "primary": true, "shortName": "Modern European"}], "verified": false, "contact": {"formattedPhone": "+44 20 7073 7676", "phone": "+442070737676"}, "allowMenuUrlEdit": true, "stats": {"tipCount": 165, "usersCount": 3085, "checkinsCount": 4852}, "id": "5305f35711d21b05c826da58", "name": "Chiltern Firehouse", "beenHere": {"lastCheckinExpiredAt": 0}}, "suffix": "/102879154_CJWJirE4lbMsgvhzmv-s7BUC99pEnmB4CElLc-QewOU.jpg", "visibility": "public"}], "count": 8}, "totalCount": 8}}