{"meta": {"code": 200, "requestId": "595b1d58db04f562ee269833"}, "notifications": [{"item": {"unreadCount": 0}, "type": "notificationTray"}], "response": {"photos": {"items": [{"height": 2160, "source": {"url": "https://foursquare.com/download/#/android", "name": "Foursquare for Android"}, "tip": {"agreeCount": 0, "canonicalUrl": "https://foursquare.com/item/54e9d810498eb3e52285193b", "todo": {"count": 0}, "logView": true, "disagreeCount": 0, "createdAt": 1424611344, "id": "54e9d810498eb3e52285193b", "text": "Loved it, feel that one of the most authetic French resto in Bangkok! Steak tartar and tin tin tarte!", "likes": {"groups": [], "count": 0}, "like": false, "type": "user"}, "width": 3840, "prefix": "https://igx.4sqi.net/img/general/", "createdAt": 1424611354, "id": "54e9d81a498ea97da15c348c", "venue": {"location": {"formattedAddress": ["120 Soi Saladaeng 1/1", "\u0e1a\u0e32\u0e07\u0e23\u0e31\u0e01", "\u0e01\u0e23\u0e38\u0e07\u0e40\u0e17\u0e1e\u0e21\u0e2b\u0e32\u0e19\u0e04\u0e23 10500", "\u0e1b\u0e23\u0e30\u0e40\u0e17\u0e28\u0e44\u0e17\u0e22"], "city": "\u0e1a\u0e32\u0e07\u0e23\u0e31\u0e01", "lng": 100.53983756707936, "cc": "TH", "state": "\u0e01\u0e23\u0e38\u0e07\u0e40\u0e17\u0e1e\u0e21\u0e2b\u0e32\u0e19\u0e04\u0e23", "lat": 13.726544827863798, "address": "120 Soi Saladaeng 1/1", "labeledLatLngs": [{"label": "display", "lat": 13.726544827863798, "lng": 100.53983756707936}], "postalCode": "10500", "country": "\u0e1b\u0e23\u0e30\u0e40\u0e17\u0e28\u0e44\u0e17\u0e22"}, "contact": {"formattedPhone": "+66 2 233 1990", "phone": "+6622331990", "facebookName": "Paris bangkok restaurant", "facebookUsername": "ParisBangkok", "facebook": "152352118112350"}, "verified": true, "allowMenuUrlEdit": true, "stats": {"tipCount": 66, "usersCount": 601, "checkinsCount": 948}, "id": "4c3f209051dee21eb987eb6e", "storeId": "", "url": "http://www.parisbangkok.com", "like": false, "categories": [{"icon": {"prefix": "https://ss3.4sqi.net/img/categories_v2/food/french_", "suffix": ".png"}, "name": "French Restaurant", "id": "4bf58dd8d48988d10c941735", "pluralName": "French Restaurants", "primary": true, "shortName": "French"}], "beenHere": {"lastCheckinExpiredAt": 0}, "name": "Paris Bangkok French Restaurant and Lounge", "venuePage": {"id": "39203805"}}, "suffix": "/102993066_WGSBrRmB-Xn63FQW4S6Muy7OYHYYegy7UiBERcSOCVs.jpg", "visibility": "public"}], "count": 1}, "totalCount": 1}}