{"meta": {"code": 200, "requestId": "595b02559fb6b77b93296cee"}, "notifications": [{"item": {"unreadCount": 0}, "type": "notificationTray"}], "response": {"photos": {"items": [{"height": 960, "source": {"url": "https://foursquare.com/download/#/iphone", "name": "Foursquare for iOS"}, "width": 720, "prefix": "https://igx.4sqi.net/img/general/", "createdAt": 1401947239, "id": "53900467498eb098085b4989", "venue": {"hasMenu": true, "location": {"formattedAddress": ["411 University St (Fairmont Olympic Hotel)", "Seattle, WA 98101", "United States"], "city": "Seattle", "lng": -122.33413914543397, "cc": "US", "state": "WA", "crossStreet": "Fairmont Olympic Hotel", "lat": 47.6077214880199, "address": "411 University St", "labeledLatLngs": [{"label": "display", "lat": 47.6077214880199, "lng": -122.33413914543397}], "postalCode": "98101", "country": "United States"}, "contact": {"formattedPhone": "+1 206-621-1984", "twitter": "fairmonthotels", "phone": "+12066211984"}, "verified": true, "allowMenuUrlEdit": true, "stats": {"tipCount": 34, "usersCount": 1491, "checkinsCount": 1980}, "menu": {"label": "Menu", "anchor": "View Menu", "mobileUrl": "https://foursquare.com/v/40b13b00f964a52006f71ee3/device_menu", "url": "https://foursquare.com/v/shuckers/40b13b00f964a52006f71ee3/menu", "type": "Menu"}, "storeId": "", "beenHere": {"lastCheckinExpiredAt": 0}, "url": "http://bit.ly/wWpDIs", "like": false, "categories": [{"icon": {"prefix": "https://ss3.4sqi.net/img/categories_v2/food/seafood_", "suffix": ".png"}, "name": "Seafood Restaurant", "id": "4bf58dd8d48988d1ce941735", "pluralName": "Seafood Restaurants", "primary": true, "shortName": "Seafood"}], "id": "40b13b00f964a52006f71ee3", "name": "Shuckers"}, "suffix": "/10294953_0K7ogXUh4HnxxLbxFcSVIBb7OyUK4Uf4xPH-q_26atU.jpg", "visibility": "public"}, {"height": 537, "source": {"url": "https://foursquare.com/download/#/iphone", "name": "Foursquare for iOS"}, "width": 720, "prefix": "https://igx.4sqi.net/img/general/", "createdAt": 1348038116, "id": "50596de4e4b09d4701193e68", "venue": {"like": false, "location": {"city": "Kaikourai, New Zealand", "lng": 173.73640903622544, "cc": "NZ", "country": "New Zealand", "lat": -42.31332959750125, "address": "Station Road", "labeledLatLngs": [{"label": "display", "lat": -42.31332959750125, "lng": 173.73640903622544}], "formattedAddress": ["Station Road", "Kaikourai, New Zealand", "New Zealand"]}, "categories": [{"icon": {"prefix": "https://ss3.4sqi.net/img/categories_v2/travel/hotel_", "suffix": ".png"}, "name": "Hotel", "id": "4bf58dd8d48988d1fa931735", "pluralName": "Hotels", "primary": true, "shortName": "Hotel"}], "verified": false, "contact": {}, "allowMenuUrlEdit": true, "stats": {"tipCount": 1, "usersCount": 16, "checkinsCount": 20}, "id": "4eeef3d82c5bafa61ab9b582", "name": "Hapuku Lodge & Tree House", "beenHere": {"lastCheckinExpiredAt": 0}}, "suffix": "/10294953_kmf4tXbG0fwFYEqwMf0ks1ysa3hlnWm1V_QdMoKh6KU.jpg", "visibility": "public"}, {"height": 720, "source": {"url": "https://foursquare.com/download/#/iphone", "name": "Foursquare for iOS"}, "width": 537, "prefix": "https://igx.4sqi.net/img/general/", "createdAt": 1348038094, "id": "50596dcee4b0dfb8b844f39b", "venue": {"like": false, "location": {"city": "Kaikourai, New Zealand", "lng": 173.73640903622544, "cc": "NZ", "country": "New Zealand", "lat": -42.31332959750125, "address": "Station Road", "labeledLatLngs": [{"label": "display", "lat": -42.31332959750125, "lng": 173.73640903622544}], "formattedAddress": ["Station Road", "Kaikourai, New Zealand", "New Zealand"]}, "categories": [{"icon": {"prefix": "https://ss3.4sqi.net/img/categories_v2/travel/hotel_", "suffix": ".png"}, "name": "Hotel", "id": "4bf58dd8d48988d1fa931735", "pluralName": "Hotels", "primary": true, "shortName": "Hotel"}], "verified": false, "contact": {}, "allowMenuUrlEdit": true, "stats": {"tipCount": 1, "usersCount": 16, "checkinsCount": 20}, "id": "4eeef3d82c5bafa61ab9b582", "name": "Hapuku Lodge & Tree House", "beenHere": {"lastCheckinExpiredAt": 0}}, "suffix": "/10294953_6bs869lkvuiBsTlU7w0R_RQGvHkgfzSMVbygqu1_BdI.jpg", "visibility": "public"}], "count": 3}, "totalCount": 3}}