{"meta": {"code": 200, "requestId": "595b108adb04f562efc23ed2"}, "notifications": [{"item": {"unreadCount": 0}, "type": "notificationTray"}], "response": {"photos": {"items": [{"height": 960, "source": {"url": "https://foursquare.com/download/#/iphone", "name": "Foursquare for iOS"}, "tip": {"agreeCount": 0, "canonicalUrl": "https://foursquare.com/item/545079c0498e2cb758f282a0", "todo": {"count": 0}, "logView": true, "disagreeCount": 0, "createdAt": 1414560192, "id": "545079c0498e2cb758f282a0", "text": "Definitely try the rolls ! All fresh and tasty !", "likes": {"groups": [], "count": 0}, "like": false, "type": "user"}, "width": 720, "prefix": "https://igx.4sqi.net/img/general/", "createdAt": 1414560199, "id": "545079c7498ecbc187fc1f6a", "venue": {"closed": true, "like": false, "location": {"formattedAddress": ["480 Hay Street", "Subiaco WA 6008", "Australia"], "city": "Subiaco", "lng": 115.82307632450856, "cc": "AU", "state": "WA", "lat": -31.94701375383832, "address": "480 Hay Street", "labeledLatLngs": [{"label": "display", "lat": -31.94701375383832, "lng": 115.82307632450856}], "postalCode": "6008", "country": "Australia"}, "categories": [{"icon": {"prefix": "https://ss3.4sqi.net/img/categories_v2/food/japanese_", "suffix": ".png"}, "name": "Japanese Restaurant", "id": "4bf58dd8d48988d111941735", "pluralName": "Japanese Restaurants", "primary": true, "shortName": "Japanese"}], "verified": false, "contact": {"formattedPhone": "+61 8 9381 2919", "phone": "+61893812919"}, "allowMenuUrlEdit": true, "stats": {"tipCount": 7, "usersCount": 80, "checkinsCount": 124}, "id": "51e630f8498e47a499f21ac8", "name": "Aisuru Sushi", "beenHere": {"lastCheckinExpiredAt": 0}}, "suffix": "/10331765_Jow3CsqjGJ3VQZX8_JO3legR2yweUOQlw7GMaNSWvTY.jpg", "visibility": "public"}, {"height": 720, "source": {"url": "https://foursquare.com/download/#/iphone", "name": "Foursquare for iOS"}, "width": 960, "prefix": "https://igx.4sqi.net/img/general/", "createdAt": 1365912034, "id": "516a29e2e4b05b24cf10fb47", "venue": {"like": false, "location": {"city": "\u5927\u962a\u5e02", "lng": 135.5003894573179, "cc": "JP", "state": "\u5927\u962a\u5e9c", "crossStreet": "\u677e\u6d66\u30ec\u30b8\u30e3\u30fc\u30d3\u30eb 1F", "lat": 34.69992791245824, "address": "\u5317\u533a\u66fd\u6839\u5d0e2-7-12", "labeledLatLngs": [{"label": "display", "lat": 34.69992791245824, "lng": 135.5003894573179}], "formattedAddress": ["\u5317\u533a\u66fd\u6839\u5d0e2-7-12 (\u677e\u6d66\u30ec\u30b8\u30e3\u30fc\u30d3\u30eb 1F)", "\u5927\u962a\u5e02, \u5927\u962a\u5e9c", "\u65e5\u672c"], "country": "\u65e5\u672c"}, "categories": [{"icon": {"prefix": "https://ss3.4sqi.net/img/categories_v2/food/ramen_", "suffix": ".png"}, "name": "Ramen Restaurant", "id": "55a59bace4b013909087cb24", "pluralName": "Ramen Restaurants", "primary": true, "shortName": "Ramen"}], "verified": false, "contact": {"formattedPhone": "+81 6-6312-1616", "phone": "+81663121616"}, "allowMenuUrlEdit": true, "stats": {"tipCount": 5, "usersCount": 591, "checkinsCount": 875}, "id": "4b625c3df964a52031442ae3", "name": "\u4e5d\u5dde\u3089\u30fc\u3081\u3093 \u4e80\u738b \u6885\u7530\u7dcf\u672c\u5e97", "beenHere": {"lastCheckinExpiredAt": 0}}, "suffix": "/10331765_GHC_iR4Uv7Q5IUq9yGf2RrLFR3nFYSeVRuqlMSlUg70.jpg", "visibility": "public"}, {"height": 960, "source": {"url": "https://foursquare.com/download/#/iphone", "name": "Foursquare for iOS"}, "width": 720, "prefix": "https://igx.4sqi.net/img/general/", "createdAt": 1365905205, "id": "516a0f35e4b0f340f44d1b4e", "venue": {"url": "https://www.kiddyland.co.jp/company/shoplist/rilakkumastore/umeda/", "like": false, "location": {"formattedAddress": ["\u5317\u533a\u829d\u75301-1-3 (\u962a\u6025\u4e09\u756a\u8857\u5317\u9928 1F)", "\u5927\u962a\u5e02, \u5927\u962a\u5e9c", "530-0012", "\u65e5\u672c"], "city": "\u5927\u962a\u5e02", "lng": 135.4982492006103, "cc": "JP", "state": "\u5927\u962a\u5e9c", "crossStreet": "\u962a\u6025\u4e09\u756a\u8857\u5317\u9928 1F", "lat": 34.706063154267106, "address": "\u5317\u533a\u829d\u75301-1-3", "labeledLatLngs": [{"label": "display", "lat": 34.706063154267106, "lng": 135.4982492006103}], "postalCode": "530-0012", "country": "\u65e5\u672c"}, "categories": [{"icon": {"prefix": "https://ss3.4sqi.net/img/categories_v2/shops/hobbyshop_", "suffix": ".png"}, "name": "Hobby Shop", "id": "4bf58dd8d48988d1fb941735", "pluralName": "Hobby Shops", "primary": true, "shortName": "Hobbies"}], "verified": false, "contact": {"formattedPhone": "+81 6-6372-7701", "phone": "+81663727701"}, "allowMenuUrlEdit": true, "stats": {"tipCount": 5, "usersCount": 700, "checkinsCount": 1703}, "id": "4c0e1c46d64c0f47269c275d", "name": "Rilakkuma Store (\u30ea\u30e9\u30c3\u30af\u30de\u30b9\u30c8\u30a2 \u6885\u7530\u5e97)", "beenHere": {"lastCheckinExpiredAt": 0}}, "suffix": "/10331765_noOfzRJ7zTyX-YLQ-BX5ylND8-jNm1drU-hoM-w40lo.jpg", "visibility": "public"}, {"height": 720, "source": {"url": "https://foursquare.com/download/#/iphone", "name": "Foursquare for iOS"}, "width": 537, "prefix": "https://igx.4sqi.net/img/general/", "createdAt": 1318562734, "id": "4e97abae30f87b6eac880d06", "venue": {"like": false, "location": {"city": "\u6de1\u6c34", "state": "\u81fa\u7063\u7701", "cc": "TW", "country": "\u81fa\u7063", "lat": 25.176064511747075, "lng": 121.43633560013434, "labeledLatLngs": [{"label": "display", "lat": 25.176064511747075, "lng": 121.43633560013434}], "formattedAddress": ["\u6de1\u6c34, \u81fa\u7063\u7701", "\u81fa\u7063"]}, "categories": [{"icon": {"prefix": "https://ss3.4sqi.net/img/categories_v2/arts_entertainment/movietheater_", "suffix": ".png"}, "name": "Indie Movie Theater", "id": "4bf58dd8d48988d17e941735", "pluralName": "Indie Movie Theaters", "primary": true, "shortName": "Indie Movies"}], "verified": false, "contact": {}, "allowMenuUrlEdit": true, "stats": {"tipCount": 1, "usersCount": 62, "checkinsCount": 65}, "id": "4deb951722713dd973b0bb79", "name": "\u300c\u4e0d\u80fd\u8aaa\u7684\u79d8\u5bc6\u300d\u62cd\u7247\u9ede", "beenHere": {"lastCheckinExpiredAt": 0}}, "suffix": "/YAWYO314X3PEDSSXHBQR22RDROGR4MM0ZUDFTEBSWFX2TU44.jpg", "visibility": "public"}], "count": 4}, "totalCount": 4}}