{"meta": {"code": 200, "requestId": "595b0c35351e3d64b21317cb"}, "notifications": [{"item": {"unreadCount": 0}, "type": "notificationTray"}], "response": {"photos": {"items": [{"height": 540, "source": {"url": "https://foursquare.com/download/#/iphone", "name": "Foursquare for iOS"}, "width": 540, "prefix": "https://igx.4sqi.net/img/general/", "createdAt": 1321180296, "id": "4ebf9c88f790741160b6d89b", "venue": {"venueRatingBlacklisted": true, "like": false, "location": {"formattedAddress": ["400 Commonwealth Dr", "149604", "Singapore"], "city": "Singapore", "lng": 103.797421219981, "cc": "SG", "country": "Singapore", "lat": 1.3026314673532442, "address": "400 Commonwealth Dr", "labeledLatLngs": [{"label": "display", "lat": 1.3026314673532442, "lng": 103.797421219981}], "postalCode": "149604"}, "categories": [{"icon": {"prefix": "https://ss3.4sqi.net/img/categories_v2/building/religious_church_", "suffix": ".png"}, "name": "Church", "id": "4bf58dd8d48988d132941735", "pluralName": "Churches", "primary": true, "shortName": "Church"}], "verified": false, "contact": {"formattedPhone": "+65 6475 9433", "phone": "+6564759433"}, "beenHere": {"lastCheckinExpiredAt": 0}, "stats": {"tipCount": 1, "usersCount": 368, "checkinsCount": 1919}, "id": "4d43b4d8e198721efd3bb48b", "name": "Faith Methodist Church"}, "suffix": "/YGUFGEK5STA1E0BRNOJYSDWIR2BCHSYZPDPOFL0QIRLRAPFT.jpg", "visibility": "public"}, {"height": 540, "source": {"url": "https://foursquare.com/download/#/iphone", "name": "Foursquare for iOS"}, "width": 540, "prefix": "https://igx.4sqi.net/img/general/", "createdAt": 1318766699, "id": "4e9ac86bbe7bc875aa9e6d85", "venue": {"closed": true, "like": false, "location": {"formattedAddress": ["10 Bayfront Ave", "018956", "Singapore"], "city": "Singapore", "lng": 103.85955333709717, "cc": "SG", "country": "Singapore", "lat": 1.28559291117338, "address": "10 Bayfront Ave", "postalCode": "018956"}, "categories": [{"icon": {"prefix": "https://ss3.4sqi.net/img/categories_v2/arts_entertainment/performingarts_", "suffix": ".png"}, "name": "Performing Arts Venue", "id": "4bf58dd8d48988d1f2931735", "pluralName": "Performing Arts Venues", "primary": true, "shortName": "Performing Arts"}], "verified": false, "contact": {}, "allowMenuUrlEdit": true, "stats": {"tipCount": 22, "usersCount": 2715, "checkinsCount": 3048}, "id": "4ce6ab7f595cb1f765b2bd14", "name": "The Lion King at Marina Bay Sands Theater", "beenHere": {"lastCheckinExpiredAt": 0}}, "suffix": "/OOSXS4AXHSZ1KUQLFXJNC1NISQLPX0DVKL1KI3FZ341VPGCH.jpg", "visibility": "public"}, {"height": 540, "source": {"url": "https://foursquare.com/download/#/iphone", "name": "Foursquare for iOS"}, "width": 540, "prefix": "https://igx.4sqi.net/img/general/", "createdAt": 1315573417, "id": "4e6a0ea945ddadf2d04996d1", "venue": {"closed": true, "like": false, "location": {"city": "Singapore", "lng": 103.78787969716956, "cc": "SG", "country": "Singapore", "lat": 1.299267027522481, "address": "Fusionopolis", "labeledLatLngs": [{"label": "display", "lat": 1.299267027522481, "lng": 103.78787969716956}], "formattedAddress": ["Fusionopolis", "Singapore"]}, "categories": [{"icon": {"prefix": "https://ss3.4sqi.net/img/categories_v2/food/korean_", "suffix": ".png"}, "name": "Korean Restaurant", "id": "4bf58dd8d48988d113941735", "pluralName": "Korean Restaurants", "primary": true, "shortName": "Korean"}], "verified": false, "contact": {}, "allowMenuUrlEdit": true, "stats": {"tipCount": 5, "usersCount": 371, "checkinsCount": 767}, "id": "4b2ef95cf964a520dae824e3", "name": "Koryo (Korean) Restaurant", "beenHere": {"lastCheckinExpiredAt": 0}}, "suffix": "/1H0NJGK1W4PQQWD4NCXXTYPXFR0F3QDL3TBLAQORQHT42MJQ.jpg", "visibility": "public"}], "count": 3}, "totalCount": 3}}