{"response": {"photos": {"items": [{"id": "55d0170a498e06c0d655ed29", "createdAt": 1439700746, "height": 1920, "visibility": "public", "source": {"url": "https://www.swarmapp.com", "name": "Swarm for iOS"}, "prefix": "https://igx.4sqi.net/img/general/", "venue": {"id": "514efe50e4b0fff03729e4e9", "like": false, "stats": {"checkinsCount": 3153, "tipCount": 80, "usersCount": 2519}, "beenHere": {"lastCheckinExpiredAt": 0}, "categories": [{"id": "4bf58dd8d48988d16d941735", "primary": true, "icon": {"prefix": "https://ss3.4sqi.net/img/categories_v2/food/cafe_", "suffix": ".png"}, "pluralName": "Caf\u00e9s", "shortName": "Caf\u00e9", "name": "Caf\u00e9"}], "verified": false, "allowMenuUrlEdit": true, "location": {"crossStreet": "off Haji Ln", "labeledLatLngs": [{"lng": 103.85826850336176, "label": "display", "lat": 1.3015528746430043}], "lat": 1.3015528746430043, "postalCode": "188804", "city": "Singapore", "formattedAddress": ["674 North Bridge Rd (off Haji Ln)", "188804", "Singapore"], "lng": 103.85826850336176, "address": "674 North Bridge Rd", "country": "Singapore", "cc": "SG"}, "contact": {"facebookUsername": "Iamathajilane", "facebook": "302431193217171", "facebookName": "I am", "formattedPhone": "+65 6295 5509", "phone": "+6562955509"}, "name": "I Am Cafe"}, "width": 1384, "suffix": "/10348445_5GSmRs3Uu3Id4Bt3taOOQeDlSbx8WrtcB9Ama94IHu0.jpg"}, {"id": "5486d4ea498e9d5d6d84a6f3", "createdAt": 1418122474, "height": 1440, "visibility": "public", "source": {"url": "https://www.swarmapp.com", "name": "Swarm for iOS"}, "prefix": "https://igx.4sqi.net/img/general/", "venue": {"id": "5017b83ae4b0bced423b28a3", "like": false, "stats": {"checkinsCount": 389, "tipCount": 14, "usersCount": 337}, "beenHere": {"lastCheckinExpiredAt": 0}, "categories": [{"id": "4bf58dd8d48988d10c941735", "primary": true, "icon": {"prefix": "https://ss3.4sqi.net/img/categories_v2/food/french_", "suffix": ".png"}, "pluralName": "French Restaurants", "shortName": "French", "name": "French Restaurant"}], "verified": false, "allowMenuUrlEdit": true, "location": {"address": "72 Boat Quay", "lat": 1.287961969111503, "city": "Singapore", "formattedAddress": ["72 Boat Quay", "Singapore"], "lng": 103.8494756885162, "labeledLatLngs": [{"lng": 103.8494756885162, "label": "display", "lat": 1.287961969111503}], "country": "Singapore", "cc": "SG"}, "contact": {}, "name": "Absinthe Restaurant Francais"}, "width": 1920, "suffix": "/10348445_rbf6IOODsrjoY_hFRZJc8hjwMn0MZReygxY8d36cSPg.jpg"}, {"id": "5400726b498eac19e7f312b9", "createdAt": 1409315435, "height": 960, "visibility": "public", "source": {"url": "https://www.swarmapp.com", "name": "Swarm for Android"}, "prefix": "https://igx.4sqi.net/img/general/", "venue": {"id": "4c079d410ed3c9286abe797d", "like": false, "stats": {"checkinsCount": 1553, "tipCount": 40, "usersCount": 974}, "url": "http://www.nanbantei.com.sg", "beenHere": {"lastCheckinExpiredAt": 0}, "categories": [{"id": "4bf58dd8d48988d111941735", "primary": true, "icon": {"prefix": "https://ss3.4sqi.net/img/categories_v2/food/japanese_", "suffix": ".png"}, "pluralName": "Japanese Restaurants", "shortName": "Japanese", "name": "Japanese Restaurant"}], "verified": false, "allowMenuUrlEdit": true, "location": {"crossStreet": "14 Scotts Rd.", "labeledLatLngs": [{"lng": 103.83332964447786, "label": "display", "lat": 1.3071199129269335}], "lat": 1.3071199129269335, "postalCode": "228217", "city": "Singapore", "formattedAddress": ["#05-132, Far East Plaza (14 Scotts Rd.)", "228217", "Singapore"], "lng": 103.83332964447786, "address": "#05-132, Far East Plaza", "country": "Singapore", "cc": "SG"}, "contact": {"formattedPhone": "+65 6733 5666", "phone": "+6567335666"}, "name": "Nanbantei Japanese Restaurant"}, "width": 691, "suffix": "/10348445_7JiTHyouuB7RV03JDDV-dW1UeOfinPtTlKhOo0EfSMg.jpg"}, {"id": "540066ad498ed953c5f16f0d", "createdAt": 1409312429, "height": 712, "visibility": "public", "source": {"url": "https://www.swarmapp.com", "name": "Swarm for Android"}, "prefix": "https://igx.4sqi.net/img/general/", "venue": {"id": "4c079d410ed3c9286abe797d", "like": false, "stats": {"checkinsCount": 1553, "tipCount": 40, "usersCount": 974}, "url": "http://www.nanbantei.com.sg", "beenHere": {"lastCheckinExpiredAt": 0}, "categories": [{"id": "4bf58dd8d48988d111941735", "primary": true, "icon": {"prefix": "https://ss3.4sqi.net/img/categories_v2/food/japanese_", "suffix": ".png"}, "pluralName": "Japanese Restaurants", "shortName": "Japanese", "name": "Japanese Restaurant"}], "verified": false, "allowMenuUrlEdit": true, "location": {"crossStreet": "14 Scotts Rd.", "labeledLatLngs": [{"lng": 103.83332964447786, "label": "display", "lat": 1.3071199129269335}], "lat": 1.3071199129269335, "postalCode": "228217", "city": "Singapore", "formattedAddress": ["#05-132, Far East Plaza (14 Scotts Rd.)", "228217", "Singapore"], "lng": 103.83332964447786, "address": "#05-132, Far East Plaza", "country": "Singapore", "cc": "SG"}, "contact": {"formattedPhone": "+65 6733 5666", "phone": "+6567335666"}, "name": "Nanbantei Japanese Restaurant"}, "width": 960, "suffix": "/10348445_9t6XQ4l6wRAiYClI3A3ckiaOmLK9JNCRoE0nQtIZPkw.jpg"}, {"id": "53f839b9498eb3ca4d70e52a", "createdAt": 1408776633, "height": 960, "visibility": "public", "source": {"url": "https://www.swarmapp.com", "name": "Swarm for Android"}, "prefix": "https://igx.4sqi.net/img/general/", "venue": {"id": "50a9c85ae4b041c0667573da", "like": false, "stats": {"checkinsCount": 4514, "tipCount": 80, "usersCount": 2615}, "beenHere": {"lastCheckinExpiredAt": 0}, "categories": [{"id": "4bf58dd8d48988d14a941735", "primary": true, "icon": {"prefix": "https://ss3.4sqi.net/img/categories_v2/food/vietnamese_", "suffix": ".png"}, "pluralName": "Vietnamese Restaurants", "shortName": "Vietnamese", "name": "Vietnamese Restaurant"}], "verified": false, "allowMenuUrlEdit": true, "location": {"crossStreet": "501 Orchard Rd.", "labeledLatLngs": [{"lng": 103.83069545030594, "label": "display", "lat": 1.3046397747530887}], "lat": 1.3046397747530887, "postalCode": "238880", "city": "Singapore", "formattedAddress": ["#B2-02 Wheelock Place (501 Orchard Rd.)", "238880", "Singapore"], "lng": 103.83069545030594, "address": "#B2-02 Wheelock Place", "country": "Singapore", "cc": "SG"}, "contact": {"formattedPhone": "+65 6735 1488", "phone": "+6567351488"}, "name": "NamNam Noodle Bar"}, "width": 712, "suffix": "/10348445_OO1rBQQM0iiZ6X9s1KpcnkMmwrAbYsb4PJAXi5i2MV4.jpg"}, {"id": "5361ed6a498e06c28b4cfb96", "createdAt": 1398926698, "height": 720, "visibility": "public", "source": {"url": "https://foursquare.com/download/#/iphone", "name": "Foursquare for iOS"}, "prefix": "https://igx.4sqi.net/img/general/", "venue": {"id": "50574749e4b08e1d3eb91c52", "like": false, "stats": {"checkinsCount": 4437, "tipCount": 148, "usersCount": 3165}, "url": "http://www.symmetry.com.sg", "beenHere": {"lastCheckinExpiredAt": 0}, "categories": [{"id": "4bf58dd8d48988d1c4941735", "primary": true, "icon": {"prefix": "https://ss3.4sqi.net/img/categories_v2/food/default_", "suffix": ".png"}, "pluralName": "Restaurants", "shortName": "Restaurant", "name": "Restaurant"}], "verified": false, "allowMenuUrlEdit": true, "location": {"address": "9 Jalan Kubor. #01-01.", "lat": 1.3039658174393207, "postalCode": "199206", "city": "Singapore", "formattedAddress": ["9 Jalan Kubor. #01-01.", "199206", "Singapore"], "lng": 103.85925935844116, "labeledLatLngs": [{"lng": 103.85925935844116, "label": "display", "lat": 1.3039658174393207}], "country": "Singapore", "cc": "SG"}, "contact": {"formattedPhone": "+65 6291 9901", "phone": "+6562919901"}, "name": "Symmetry"}, "width": 720, "suffix": "/10348445_o0RMRSNmMFQx5viOe5oV6KCYERfsTkdV01htxm41k8o.jpg"}, {"id": "5360eb2211d2a28c9bd40ca6", "createdAt": 1398860578, "height": 717, "visibility": "public", "source": {"url": "https://foursquare.com/download/#/iphone", "name": "Foursquare for iOS"}, "prefix": "https://igx.4sqi.net/img/general/", "venue": {"id": "4b8274a6f964a520a5d330e3", "like": false, "stats": {"checkinsCount": 3330, "tipCount": 122, "usersCount": 2207}, "url": "http://www.ubinseafood.com", "beenHere": {"lastCheckinExpiredAt": 0}, "categories": [{"id": "4bf58dd8d48988d1ce941735", "primary": true, "icon": {"prefix": "https://ss3.4sqi.net/img/categories_v2/food/seafood_", "suffix": ".png"}, "pluralName": "Seafood Restaurants", "shortName": "Seafood", "name": "Seafood Restaurant"}], "verified": false, "allowMenuUrlEdit": true, "location": {"formattedAddress": ["Level 6 (Canteen), Lam Soon Industrial Building (63 Hillview Avenue)", "669569", "Singapore"], "crossStreet": "63 Hillview Avenue", "labeledLatLngs": [{"lng": 103.7631869316101, "label": "display", "lat": 1.3571244876442023}], "lat": 1.3571244876442023, "postalCode": "669569", "city": "Singapore", "neighborhood": "Bukit Ba", "lng": 103.7631869316101, "address": "Level 6 (Canteen), Lam Soon Industrial Building", "country": "Singapore", "cc": "SG"}, "contact": {"formattedPhone": "+65 6466 9558", "phone": "+6564669558"}, "name": "New Ubin Seafood"}, "width": 959, "suffix": "/10348445_rwjs9Jb37K7PTc_T_r0tV9T_UEAm6x4t6rYHd1p5GUQ.jpg"}, {"id": "52f7713d11d2ba07c470e65c", "createdAt": 1391948093, "height": 960, "visibility": "public", "source": {"url": "https://foursquare.com/download/#/iphone", "name": "Foursquare for iOS"}, "prefix": "https://igx.4sqi.net/img/general/", "venue": {"id": "4f781b85e4b067aa302b6c43", "like": false, "stats": {"checkinsCount": 4260, "tipCount": 92, "usersCount": 2856}, "url": "http://www.saveur.sg", "beenHere": {"lastCheckinExpiredAt": 0}, "categories": [{"id": "4bf58dd8d48988d10c941735", "primary": true, "icon": {"prefix": "https://ss3.4sqi.net/img/categories_v2/food/french_", "suffix": ".png"}, "pluralName": "French Restaurants", "shortName": "French", "name": "French Restaurant"}], "verified": false, "allowMenuUrlEdit": true, "location": {"crossStreet": "5 Purvis St", "labeledLatLngs": [{"lng": 103.85488266446404, "label": "display", "lat": 1.2967404277942134}], "lat": 1.2967404277942134, "postalCode": "188584", "city": "Singapore", "formattedAddress": ["#01-04, Talib Court (5 Purvis St)", "188584", "Singapore"], "lng": 103.85488266446404, "address": "#01-04, Talib Court", "country": "Singapore", "cc": "SG"}, "contact": {"formattedPhone": "+65 9125 0124", "phone": "+6591250124"}, "name": "Saveur"}, "width": 710, "suffix": "/10348445_ZSoV-ii9JoWm5_0vRrEoCAhp1nmsSozvyPDVllQYUo0.jpg"}, {"id": "528610b011d2e3baf7c8a930", "createdAt": 1384517808, "height": 959, "visibility": "public", "source": {"url": "https://foursquare.com/download/#/iphone", "name": "Foursquare for iOS"}, "prefix": "https://igx.4sqi.net/img/general/", "venue": {"like": false, "menu": {"mobileUrl": "http://lesamisgroup.com.sg/wp-content/themes/twentyfourteen/pdf/bistro-alacarte.pdf", "url": "http://lesamisgroup.com.sg/wp-content/themes/twentyfourteen/pdf/bistro-alacarte.pdf", "label": "Menu", "externalUrl": "http://lesamisgroup.com.sg/wp-content/themes/twentyfourteen/pdf/bistro-alacarte.pdf", "anchor": "View Menu", "type": "Menu"}, "allowMenuUrlEdit": true, "location": {"crossStreet": "1 Scotts Rd", "labeledLatLngs": [{"lng": 103.83180119146752, "label": "display", "lat": 1.3066492400664722}], "lat": 1.3066492400664722, "postalCode": "228208", "city": "Singapore", "formattedAddress": ["#02-12 Shaw Centre (1 Scotts Rd)", "228208", "Singapore"], "lng": 103.83180119146752, "address": "#02-12 Shaw Centre", "country": "Singapore", "cc": "SG"}, "id": "4c176bbfc2dfc928a5efa769", "beenHere": {"lastCheckinExpiredAt": 0}, "stats": {"checkinsCount": 1612, "tipCount": 41, "usersCount": 1022}, "url": "http://www.bistroduvin.com.sg", "categories": [{"id": "4bf58dd8d48988d10c941735", "primary": true, "icon": {"prefix": "https://ss3.4sqi.net/img/categories_v2/food/french_", "suffix": ".png"}, "pluralName": "French Restaurants", "shortName": "French", "name": "French Restaurant"}], "verified": false, "contact": {"facebookUsername": "bistroduvinsg", "facebook": "636736223079428", "facebookName": "Bistro Du Vin Singapore", "formattedPhone": "+65 6733 7763", "phone": "+6567337763"}, "name": "Bistro Du Vin"}, "width": 717, "suffix": "/10348445_aMvG9irHFqReBC8IJh9GAZSS87P5_nOwPBxo6kGTdes.jpg"}, {"id": "5275fb26498e76b89e1ed1c1", "createdAt": 1383463718, "height": 717, "visibility": "public", "source": {"url": "https://foursquare.com/download/#/iphone", "name": "Foursquare for iOS"}, "prefix": "https://igx.4sqi.net/img/general/", "venue": {"like": false, "menu": {"mobileUrl": "http://veganburg.com/our-menu-vegan-food-vegan-burger-menu", "url": "http://veganburg.com/our-menu-vegan-food-vegan-burger-menu", "label": "Menu", "externalUrl": "http://veganburg.com/our-menu-vegan-food-vegan-burger-menu", "anchor": "View Menu", "type": "Menu"}, "allowMenuUrlEdit": true, "location": {"address": "44 Jalan Eunos", "lat": 1.3208797186492054, "postalCode": "419502", "city": "Singapore", "formattedAddress": ["44 Jalan Eunos", "419502", "Singapore"], "lng": 103.9053052564804, "labeledLatLngs": [{"lng": 103.9053052564804, "label": "display", "lat": 1.3208797186492054}], "country": "Singapore", "cc": "SG"}, "id": "4c88c4130f3c236a5422f55c", "beenHere": {"lastCheckinExpiredAt": 0}, "stats": {"checkinsCount": 3947, "tipCount": 64, "usersCount": 2098}, "url": "http://www.veganburg.com", "categories": [{"id": "4bf58dd8d48988d1d3941735", "primary": true, "icon": {"prefix": "https://ss3.4sqi.net/img/categories_v2/food/vegetarian_", "suffix": ".png"}, "pluralName": "Vegetarian / Vegan Restaurants", "shortName": "Vegetarian / Vegan", "name": "Vegetarian / Vegan Restaurant"}], "venuePage": {"id": "33397288"}, "verified": true, "contact": {"twitter": "veganburg", "formattedPhone": "+65 6844 6868", "phone": "+6568446868"}, "name": "VeganBurg"}, "width": 959, "suffix": "/10348445_74DoEM73Zjls0zRNTQuXgDD-5CLs0cP9ffDoDz31krU.jpg"}, {"id": "526ce04c11d2c1cc25f2dc67", "createdAt": 1382867020, "height": 960, "visibility": "public", "source": {"url": "https://foursquare.com/download/#/iphone", "name": "Foursquare for iOS"}, "prefix": "https://igx.4sqi.net/img/general/", "venue": {"id": "51ef7ca42fc65fccf8d1b2a3", "like": false, "stats": {"checkinsCount": 1633, "tipCount": 49, "usersCount": 1199}, "url": "http://www.the-chop-house.com", "beenHere": {"lastCheckinExpiredAt": 0}, "categories": [{"id": "4bf58dd8d48988d1cc941735", "primary": true, "icon": {"prefix": "https://ss3.4sqi.net/img/categories_v2/food/steakhouse_", "suffix": ".png"}, "pluralName": "Steakhouses", "shortName": "Steakhouse", "name": "Steakhouse"}], "verified": false, "allowMenuUrlEdit": true, "location": {"crossStreet": "1 HarbourFront Walk", "labeledLatLngs": [{"lng": 103.82163763046265, "label": "display", "lat": 1.2633682624016211}], "lat": 1.2633682624016211, "postalCode": "098585", "city": "Singapore", "formattedAddress": ["#01-161/162, Vivocity (1 HarbourFront Walk)", "098585", "Singapore"], "lng": 103.82163763046265, "address": "#01-161/162, Vivocity", "country": "Singapore", "cc": "SG"}, "contact": {"formattedPhone": "+65 6376 9262", "phone": "+6563769262"}, "name": "The Chop House"}, "width": 710, "suffix": "/10348445_VelW4vRSErGUc_oCa0rdiba6mwIs7mm4MnL1LaTbzBc.jpg"}, {"id": "5269f8a5498e9d751484b77f", "createdAt": 1382676645, "height": 959, "visibility": "public", "source": {"url": "https://foursquare.com/download/#/iphone", "name": "Foursquare for iOS"}, "prefix": "https://igx.4sqi.net/img/general/", "venue": {"id": "4c85cf6bd34ca143cbbe4a80", "like": false, "stats": {"checkinsCount": 984, "tipCount": 13, "usersCount": 642}, "beenHere": {"lastCheckinExpiredAt": 0}, "categories": [{"id": "4bf58dd8d48988d145941735", "primary": true, "icon": {"prefix": "https://ss3.4sqi.net/img/categories_v2/food/asian_", "suffix": ".png"}, "pluralName": "Chinese Restaurants", "shortName": "Chinese", "name": "Chinese Restaurant"}], "verified": false, "allowMenuUrlEdit": true, "location": {"crossStreet": "Sin Fong Restaurant", "labeledLatLngs": [{"lng": 103.88515437199426, "label": "display", "lat": 1.3326720492919597}], "lat": 1.3326720492919597, "postalCode": "368233", "city": "Paya Lebar", "formattedAddress": ["560 MacPherson Rd (Sin Fong Restaurant)", "368233", "Singapore"], "lng": 103.88515437199426, "address": "560 MacPherson Rd", "country": "Singapore", "cc": "SG"}, "contact": {}, "name": "Quan Lai Kway Chap \u6cc9\u4f86\u7cbf\u6c41"}, "width": 717, "suffix": "/10348445_mHtdcKwhUGPInZYplTK1dQsE5CjUe-c5DaP5l2p1usw.jpg"}, {"id": "525135e7498e1c863b5390fb", "createdAt": 1381053927, "height": 959, "visibility": "public", "source": {"url": "https://foursquare.com/download/#/iphone", "name": "Foursquare for iOS"}, "prefix": "https://igx.4sqi.net/img/general/", "venue": {"id": "4b0cda2cf964a520314223e3", "closed": true, "stats": {"checkinsCount": 16387, "tipCount": 229, "usersCount": 7904}, "like": false, "beenHere": {"lastCheckinExpiredAt": 0}, "categories": [{"id": "4bf58dd8d48988d120951735", "primary": true, "icon": {"prefix": "https://ss3.4sqi.net/img/categories_v2/shops/food_foodcourt_", "suffix": ".png"}, "pluralName": "Food Courts", "shortName": "Food Court", "name": "Food Court"}], "verified": false, "allowMenuUrlEdit": true, "location": {"crossStreet": "Foch Rd", "lat": 1.3131099978558842, "postalCode": "209000", "city": "Singapore", "formattedAddress": ["380 Jalan Besar (Foch Rd)", "209000", "Singapore"], "lng": 103.86036872657891, "address": "380 Jalan Besar", "country": "Singapore", "cc": "SG"}, "contact": {}, "name": "Lavender Food Square"}, "width": 717, "suffix": "/10348445_tjY6046isAI6EGz-_oGQiSLaBgZEawZTvBAAVEFSX-o.jpg"}, {"id": "523adbfd11d282598f3f5842", "createdAt": 1379589117, "height": 959, "visibility": "public", "source": {"url": "https://foursquare.com/download/#/iphone", "name": "Foursquare for iOS"}, "prefix": "https://igx.4sqi.net/img/general/", "venue": {"closed": true, "like": false, "allowMenuUrlEdit": true, "location": {"crossStreet": "Niven Rd", "lat": 1.3045714292609099, "postalCode": "228678", "city": "Singapore", "formattedAddress": ["19/21 MacKenzie Rd #01-01 (Niven Rd)", "228678", "Singapore"], "lng": 103.84987766571552, "address": "19/21 MacKenzie Rd #01-01", "country": "Singapore", "cc": "SG"}, "id": "4d41634f7a516ea86f59c382", "beenHere": {"lastCheckinExpiredAt": 0}, "stats": {"checkinsCount": 742, "tipCount": 16, "usersCount": 367}, "url": "http://www.solepomodoro.com", "categories": [{"id": "4bf58dd8d48988d110941735", "primary": true, "icon": {"prefix": "https://ss3.4sqi.net/img/categories_v2/food/italian_", "suffix": ".png"}, "pluralName": "Italian Restaurants", "shortName": "Italian", "name": "Italian Restaurant"}], "verified": false, "contact": {"formattedPhone": "+65 6884 3671", "phone": "+6568843671"}, "name": "SolePomodoro Locanda Pizzeria"}, "width": 717, "suffix": "/10348445_d6YlsPvRiTzUg5p8etwhOi_AGcLaENg99NjgQUuDofg.jpg"}, {"id": "5238405d11d208be2b6829a5", "createdAt": 1379418205, "height": 959, "visibility": "public", "source": {"url": "https://foursquare.com/download/#/iphone", "name": "Foursquare for iOS"}, "prefix": "https://igx.4sqi.net/img/general/", "venue": {"id": "4c30d17da0ced13a13b6126e", "like": false, "stats": {"checkinsCount": 503, "tipCount": 8, "usersCount": 281}, "beenHere": {"lastCheckinExpiredAt": 0}, "categories": [{"id": "4bf58dd8d48988d149941735", "primary": true, "icon": {"prefix": "https://ss3.4sqi.net/img/categories_v2/food/thai_", "suffix": ".png"}, "pluralName": "Thai Restaurants", "shortName": "Thai", "name": "Thai Restaurant"}], "verified": false, "allowMenuUrlEdit": true, "location": {"crossStreet": "Claymore Dr.", "labeledLatLngs": [{"lng": 103.82917455691809, "label": "display", "lat": 1.3072571642263258}], "lat": 1.3072571642263258, "city": "Singapore", "formattedAddress": ["Orchard Towers (Claymore Dr.)", "Singapore"], "lng": 103.82917455691809, "address": "Orchard Towers", "country": "Singapore", "cc": "SG"}, "contact": {}, "name": "Cafe Supunsa Thai Cuisine"}, "width": 717, "suffix": "/10348445_Yd2Gc3jnHe4Krpf9xtwS8SDonATR7coSRFi6Mnja46U.jpg"}, {"id": "52358eee11d24ec69fb3edab", "createdAt": 1379241710, "height": 959, "visibility": "public", "source": {"url": "https://foursquare.com/download/#/iphone", "name": "Foursquare for iOS"}, "prefix": "https://igx.4sqi.net/img/general/", "venue": {"id": "4c442bc5dd1f2d7f306d7ff9", "like": false, "stats": {"checkinsCount": 8359, "tipCount": 57, "usersCount": 5633}, "url": "http://www.ayampenyetria.com", "beenHere": {"lastCheckinExpiredAt": 0}, "categories": [{"id": "4deefc054765f83613cdba6f", "primary": true, "icon": {"prefix": "https://ss3.4sqi.net/img/categories_v2/food/indonesian_", "suffix": ".png"}, "pluralName": "Indonesian Restaurants", "shortName": "Indonesian", "name": "Indonesian Restaurant"}], "verified": false, "allowMenuUrlEdit": true, "location": {"crossStreet": "304 Orchard Rd", "labeledLatLngs": [{"lng": 103.8338278106633, "label": "display", "lat": 1.304506348898606}], "lat": 1.304506348898606, "postalCode": "238863", "city": "Singapore", "formattedAddress": ["#04-25/26, Lucky Plaza (304 Orchard Rd)", "238863", "Singapore"], "lng": 103.8338278106633, "address": "#04-25/26, Lucky Plaza", "country": "Singapore", "cc": "SG"}, "contact": {"formattedPhone": "+65 6235 7385", "phone": "+6562357385"}, "name": "Ayam Penyet Ria (Level 4)"}, "width": 717, "suffix": "/10348445_5sDcqzic5C1HaroVghHTU9LoB22X5WZPK6fEwMThn-E.jpg"}, {"id": "52209cec11d2185d395c84bc", "createdAt": 1377869036, "height": 959, "visibility": "public", "source": {"url": "https://foursquare.com/download/#/iphone", "name": "Foursquare for iOS"}, "prefix": "https://igx.4sqi.net/img/general/", "venue": {"id": "4b701f58f964a520ea072de3", "like": false, "stats": {"checkinsCount": 2641, "tipCount": 35, "usersCount": 1835}, "beenHere": {"lastCheckinExpiredAt": 0}, "categories": [{"id": "4bf58dd8d48988d10f941735", "primary": true, "icon": {"prefix": "https://ss3.4sqi.net/img/categories_v2/food/indian_", "suffix": ".png"}, "pluralName": "Indian Restaurants", "shortName": "Indian", "name": "Indian Restaurant"}], "verified": false, "allowMenuUrlEdit": true, "location": {"crossStreet": "92-98 Kampong Kapor Rd (Royal Indian Hotel)", "labeledLatLngs": [{"lng": 103.85566966632226, "label": "display", "lat": 1.309421050651089}], "lat": 1.309421050651089, "postalCode": "207667", "city": "Singapore", "formattedAddress": ["88 Syed Alwi Rd (92-98 Kampong Kapor Rd (Royal Indian Hotel))", "207667", "Singapore"], "lng": 103.85566966632226, "address": "88 Syed Alwi Rd", "country": "Singapore", "cc": "SG"}, "contact": {"formattedPhone": "+65 6293 6649", "phone": "+6562936649"}, "name": "Sakunthala's Restaurant"}, "width": 717, "suffix": "/10348445_ZmMblylWrv7EsQ33aWlLQuV7lUTpKIEOc-YZurzsFYY.jpg"}, {"id": "520e0b0c11d26b8b2f48f20a", "createdAt": 1376652044, "height": 959, "visibility": "public", "source": {"url": "https://foursquare.com/download/#/iphone", "name": "Foursquare for iOS"}, "prefix": "https://igx.4sqi.net/img/general/", "venue": {"id": "4cb43c72eb65b1f7af5988cd", "like": false, "stats": {"checkinsCount": 3052, "tipCount": 47, "usersCount": 1389}, "beenHere": {"lastCheckinExpiredAt": 0}, "categories": [{"id": "4bf58dd8d48988d1d1941735", "primary": true, "icon": {"prefix": "https://ss3.4sqi.net/img/categories_v2/food/ramen_", "suffix": ".png"}, "pluralName": "Noodle Houses", "shortName": "Noodles", "name": "Noodle House"}], "verified": false, "allowMenuUrlEdit": true, "location": {"crossStreet": "810 Geylang Rd", "labeledLatLngs": [{"lng": 103.89336794614792, "label": "display", "lat": 1.3147115200082067}], "lat": 1.3147115200082067, "postalCode": "409286", "city": "Singapore", "formattedAddress": ["#05-02, City Plaza (810 Geylang Rd)", "409286", "Singapore"], "lng": 103.89336794614792, "address": "#05-02, City Plaza", "country": "Singapore", "cc": "SG"}, "contact": {}, "name": "Poon Nah City Home Made Noodle"}, "width": 717, "suffix": "/10348445_nlHcNylWN07J-2PTOr2UtiC-SM2hnIMUJuhFwGR_ELk.jpg"}, {"id": "520a435711d2b088ce5614b1", "createdAt": 1376404311, "tip": {"id": "520a435411d245b27896d402", "createdAt": 1376404308, "like": false, "todo": {"count": 0}, "text": "Omg the grill pork is supper nice..... Must must try this... The seaweed rice is not bad too...", "logView": true, "disagreeCount": 0, "canonicalUrl": "https://foursquare.com/item/520a435411d245b27896d402", "type": "user", "likes": {"count": 0, "groups": []}, "agreeCount": 0}, "height": 959, "visibility": "public", "source": {"url": "https://foursquare.com/download/#/iphone", "name": "Foursquare for iOS"}, "prefix": "https://igx.4sqi.net/img/general/", "venue": {"like": false, "menu": {"mobileUrl": "http://www.ootoya.com/menu.asp?tcid=1", "url": "http://www.ootoya.com/menu.asp?tcid=1", "label": "Menu", "externalUrl": "http://www.ootoya.com/menu.asp?tcid=1", "anchor": "View Menu", "type": "Menu"}, "allowMenuUrlEdit": true, "location": {"crossStreet": "181 Orchard Rd", "labeledLatLngs": [{"lng": 103.83943230632312, "label": "display", "lat": 1.3010820741439302}], "lat": 1.3010820741439302, "postalCode": "238896", "city": "Singapore", "formattedAddress": ["#08-12, Orchard Central (181 Orchard Rd)", "238896", "Singapore"], "lng": 103.83943230632312, "address": "#08-12, Orchard Central", "country": "Singapore", "cc": "SG"}, "id": "4b1e0c0bf964a5200c1724e3", "beenHere": {"lastCheckinExpiredAt": 0}, "stats": {"checkinsCount": 2694, "tipCount": 47, "usersCount": 1752}, "url": "http://www.ootoya.com", "categories": [{"id": "4bf58dd8d48988d111941735", "primary": true, "icon": {"prefix": "https://ss3.4sqi.net/img/categories_v2/food/japanese_", "suffix": ".png"}, "pluralName": "Japanese Restaurants", "shortName": "Japanese", "name": "Japanese Restaurant"}], "verified": false, "contact": {"facebookUsername": "ootoya", "facebook": "593609744072613", "facebookName": "\u5927\u6238\u5c4b\u3000Ootoya", "formattedPhone": "+65 6884 8901", "phone": "+6568848901"}, "name": "Ootoya \u5927\u6238\u5c4b"}, "width": 717, "suffix": "/10348445_bfpe0SkZdX4JdiWX-NVaHBM4pwlWCmgNhPkcKnXbafo.jpg"}], "count": 19}, "totalCount": 19}, "meta": {"code": 200, "requestId": "595a7ed59fb6b77be2c76e2a"}, "notifications": [{"item": {"unreadCount": 0}, "type": "notificationTray"}]}