{"meta": {"code": 200, "requestId": "595b3f88db04f562ec39e871"}, "notifications": [{"item": {"unreadCount": 0}, "type": "notificationTray"}], "response": {"photos": {"items": [{"height": 720, "source": {"url": "https://foursquare.com/download/#/iphone", "name": "Foursquare for iOS"}, "tip": {"agreeCount": 0, "canonicalUrl": "https://foursquare.com/item/541d00e2498e80282b2ed03a", "todo": {"count": 0}, "logView": true, "disagreeCount": 0, "createdAt": 1411186914, "id": "541d00e2498e80282b2ed03a", "text": "yummy thai food here! Especially the duck red curry with longan inside..otah is good too! Pomelo salad is tasty and special\ud83d\udc4d\ud83d\udc4d however it's not so spicy..will be back someday hehe", "likes": {"groups": [], "count": 0}, "like": false, "type": "user"}, "width": 960, "prefix": "https://igx.4sqi.net/img/general/", "createdAt": 1411186924, "id": "541d00ec498eebeda19427bc", "venue": {"location": {"formattedAddress": ["9 Tan Quee Lan Street #01-01 (Singapore)", "188098", "Singapore"], "city": "Singapore", "lng": 103.85703474283217, "cc": "SG", "country": "Singapore", "crossStreet": "Singapore", "lat": 1.298163910840147, "address": "9 Tan Quee Lan Street #01-01", "labeledLatLngs": [{"label": "display", "lat": 1.298163910840147, "lng": 103.85703474283217}], "postalCode": "188098"}, "contact": {"twitter": "sawadeecuisine", "facebookName": "Sawadee Thai Cuisine", "formattedPhone": "+65 6238 6833", "phone": "+6562386833", "facebookUsername": "SawadeeCuisine", "facebook": "462763233841436"}, "verified": true, "allowMenuUrlEdit": true, "stats": {"tipCount": 6, "usersCount": 172, "checkinsCount": 196}, "id": "52e9260f498ef61d45daa75f", "storeId": "", "like": false, "categories": [{"icon": {"prefix": "https://ss3.4sqi.net/img/categories_v2/food/thai_", "suffix": ".png"}, "name": "Thai Restaurant", "id": "4bf58dd8d48988d149941735", "pluralName": "Thai Restaurants", "primary": true, "shortName": "Thai"}], "beenHere": {"lastCheckinExpiredAt": 0}, "name": "Sawadee Thai Cuisine", "venuePage": {"id": "80611306"}}, "suffix": "/10353338_QgnYO5JreNYCq3TuQ-eTVi7BzR11eZ1_M9JzvOBfaaU.jpg", "visibility": "public"}, {"height": 720, "source": {"url": "https://foursquare.com/download/#/iphone", "name": "Foursquare for iOS"}, "width": 960, "prefix": "https://igx.4sqi.net/img/general/", "createdAt": 1400412404, "id": "537898f4498e21d3bd5e9a98", "venue": {"like": false, "location": {"cc": "SG", "country": "Singapore", "lat": 1.3042471153079342, "lng": 103.83332964447786, "labeledLatLngs": [{"label": "display", "lat": 1.3042471153079342, "lng": 103.83332964447786}], "formattedAddress": ["Singapore"]}, "categories": [{"icon": {"prefix": "https://ss3.4sqi.net/img/categories_v2/shops/default_", "suffix": ".png"}, "name": "Pop-Up Shop", "id": "52f2ab2ebcbc57f1066b8b3d", "pluralName": "Pop-Up Shops", "primary": true, "shortName": "Pop-Up Shop"}], "verified": false, "contact": {}, "allowMenuUrlEdit": true, "stats": {"tipCount": 1, "usersCount": 87, "checkinsCount": 101}, "id": "536084ee498e2c28dba99531", "name": "Line Popup Store (Singapore)", "beenHere": {"lastCheckinExpiredAt": 0}}, "suffix": "/10353338_AA12AfBI3xQ2ebcMF3iRil1EHbtzczZsyQ78uyzk3Gc.jpg", "visibility": "public"}, {"height": 537, "source": {"url": "https://foursquare.com/download/#/iphone", "name": "Foursquare for iOS"}, "width": 720, "prefix": "https://igx.4sqi.net/img/general/", "createdAt": 1338032199, "id": "4fc0c047e4b08acaf45b6aa1", "venue": {"like": false, "location": {"city": "Bukit Mertajam", "state": "Pulau Pinang", "cc": "MY", "country": "Malaysia", "lat": 5.365984, "lng": 100.468013, "labeledLatLngs": [{"label": "display", "lat": 5.365984, "lng": 100.468013}], "formattedAddress": ["Bukit Mertajam, Pulau Pinang", "Malaysia"]}, "categories": [{"icon": {"prefix": "https://ss3.4sqi.net/img/categories_v2/food/coffeeshop_", "suffix": ".png"}, "name": "Coffee Shop", "id": "4bf58dd8d48988d1e0931735", "pluralName": "Coffee Shops", "primary": true, "shortName": "Coffee Shop"}], "verified": false, "contact": {}, "allowMenuUrlEdit": true, "stats": {"tipCount": 12, "usersCount": 371, "checkinsCount": 665}, "id": "4da987dacda1652a2b7542ac", "name": "\u963f\u660e\u5496\u55b1\u86e4\u7092\u679c\u89d2", "beenHere": {"lastCheckinExpiredAt": 0}}, "suffix": "/W3NJuXQengsOWWYRo_etSwGRK-2rPbZ5XqxPcua-iiI.jpg", "visibility": "public"}, {"height": 537, "source": {"url": "https://foursquare.com/download/#/iphone", "name": "Foursquare for iOS"}, "width": 720, "prefix": "https://igx.4sqi.net/img/general/", "createdAt": 1338032123, "id": "4fc0bffbe4b0117b73533dc8", "venue": {"like": false, "location": {"city": "Bukit Mertajam", "state": "Pulau Pinang", "cc": "MY", "country": "Malaysia", "lat": 5.365984, "lng": 100.468013, "labeledLatLngs": [{"label": "display", "lat": 5.365984, "lng": 100.468013}], "formattedAddress": ["Bukit Mertajam, Pulau Pinang", "Malaysia"]}, "categories": [{"icon": {"prefix": "https://ss3.4sqi.net/img/categories_v2/food/coffeeshop_", "suffix": ".png"}, "name": "Coffee Shop", "id": "4bf58dd8d48988d1e0931735", "pluralName": "Coffee Shops", "primary": true, "shortName": "Coffee Shop"}], "verified": false, "contact": {}, "allowMenuUrlEdit": true, "stats": {"tipCount": 12, "usersCount": 371, "checkinsCount": 665}, "id": "4da987dacda1652a2b7542ac", "name": "\u963f\u660e\u5496\u55b1\u86e4\u7092\u679c\u89d2", "beenHere": {"lastCheckinExpiredAt": 0}}, "suffix": "/Jr3yGAd8lvFienExwdr1xxGaOcdk3OB3qpf0mPkU1Fc.jpg", "visibility": "public"}, {"height": 537, "source": {"url": "https://foursquare.com/download/#/iphone", "name": "Foursquare for iOS"}, "width": 720, "prefix": "https://igx.4sqi.net/img/general/", "createdAt": 1338031578, "id": "4fc0bddae4b07ac9fc5a13b1", "venue": {"like": false, "location": {"city": "Bukit Mertajam", "state": "Pulau Pinang", "cc": "MY", "country": "Malaysia", "lat": 5.365984, "lng": 100.468013, "labeledLatLngs": [{"label": "display", "lat": 5.365984, "lng": 100.468013}], "formattedAddress": ["Bukit Mertajam, Pulau Pinang", "Malaysia"]}, "categories": [{"icon": {"prefix": "https://ss3.4sqi.net/img/categories_v2/food/coffeeshop_", "suffix": ".png"}, "name": "Coffee Shop", "id": "4bf58dd8d48988d1e0931735", "pluralName": "Coffee Shops", "primary": true, "shortName": "Coffee Shop"}], "verified": false, "contact": {}, "allowMenuUrlEdit": true, "stats": {"tipCount": 12, "usersCount": 371, "checkinsCount": 665}, "id": "4da987dacda1652a2b7542ac", "name": "\u963f\u660e\u5496\u55b1\u86e4\u7092\u679c\u89d2", "beenHere": {"lastCheckinExpiredAt": 0}}, "suffix": "/I4FRJrFu9vNpFq0DyraehtVJE-Gbwyvb8ZVdZY8H1eI.jpg", "visibility": "public"}, {"height": 720, "source": {"url": "https://foursquare.com/download/#/iphone", "name": "Foursquare for iOS"}, "width": 537, "prefix": "https://igx.4sqi.net/img/general/", "createdAt": 1336131363, "id": "4fa3bf23e4b0b487ccbc710d", "venue": {"url": "http://www.theleaf.com.my", "like": false, "location": {"formattedAddress": ["5, Lebuh Penang", "10200 Georgetown, Pulau Pinang", "Malaysia"], "city": "Georgetown", "lng": 100.34099356161974, "cc": "MY", "state": "Pulau Pinang", "lat": 5.418571449509639, "address": "5, Lebuh Penang", "labeledLatLngs": [{"label": "display", "lat": 5.418571449509639, "lng": 100.34099356161974}], "postalCode": "10200", "country": "Malaysia"}, "categories": [{"icon": {"prefix": "https://ss3.4sqi.net/img/categories_v2/food/vegetarian_", "suffix": ".png"}, "name": "Vegetarian / Vegan Restaurant", "id": "4bf58dd8d48988d1d3941735", "pluralName": "Vegetarian / Vegan Restaurants", "primary": true, "shortName": "Vegetarian / Vegan"}], "verified": false, "contact": {"formattedPhone": "+60 4-262 7007", "phone": "+6042627007", "facebookName": "The Leaf Healthy House", "facebookUsername": "TheLeafHealthyHouse", "facebook": "189184291092762"}, "allowMenuUrlEdit": true, "stats": {"tipCount": 34, "usersCount": 658, "checkinsCount": 1168}, "id": "4d448d8a7e2e548154a7618f", "name": "The Leaf Healthy House (\u7eff\u53f6\u574a)", "beenHere": {"lastCheckinExpiredAt": 0}}, "suffix": "/nb-7VRJ9SG8wJWxbJeqTdKF2gkJs-AIhSfxyTOdkA70.jpg", "visibility": "public"}, {"height": 537, "source": {"url": "https://foursquare.com/download/#/iphone", "name": "Foursquare for iOS"}, "width": 720, "prefix": "https://igx.4sqi.net/img/general/", "createdAt": 1336131182, "id": "4fa3be6ee4b047f0eaf2fe4e", "venue": {"url": "http://www.theleaf.com.my", "like": false, "location": {"formattedAddress": ["5, Lebuh Penang", "10200 Georgetown, Pulau Pinang", "Malaysia"], "city": "Georgetown", "lng": 100.34099356161974, "cc": "MY", "state": "Pulau Pinang", "lat": 5.418571449509639, "address": "5, Lebuh Penang", "labeledLatLngs": [{"label": "display", "lat": 5.418571449509639, "lng": 100.34099356161974}], "postalCode": "10200", "country": "Malaysia"}, "categories": [{"icon": {"prefix": "https://ss3.4sqi.net/img/categories_v2/food/vegetarian_", "suffix": ".png"}, "name": "Vegetarian / Vegan Restaurant", "id": "4bf58dd8d48988d1d3941735", "pluralName": "Vegetarian / Vegan Restaurants", "primary": true, "shortName": "Vegetarian / Vegan"}], "verified": false, "contact": {"formattedPhone": "+60 4-262 7007", "phone": "+6042627007", "facebookName": "The Leaf Healthy House", "facebookUsername": "TheLeafHealthyHouse", "facebook": "189184291092762"}, "allowMenuUrlEdit": true, "stats": {"tipCount": 34, "usersCount": 658, "checkinsCount": 1168}, "id": "4d448d8a7e2e548154a7618f", "name": "The Leaf Healthy House (\u7eff\u53f6\u574a)", "beenHere": {"lastCheckinExpiredAt": 0}}, "suffix": "/cA8dNynEDuPMXQbtIx8ypw340b_s_R6NsMctSglRdoc.jpg", "visibility": "public"}], "count": 7}, "totalCount": 7}}