{"meta": {"code": 200, "requestId": "595ae8aaf594df3c73888832"}, "notifications": [{"item": {"unreadCount": 0}, "type": "notificationTray"}], "response": {"photos": {"items": [{"height": 1440, "source": {"url": "https://www.swarmapp.com", "name": "Swarm for Android"}, "width": 1080, "prefix": "https://igx.4sqi.net/img/general/", "createdAt": 1415097399, "id": "5458ac37498e9ee487f5ecdb", "venue": {"like": false, "location": {"formattedAddress": ["Blk 529 Ang Mo Kio Ave 10 #01-2371", "560529", "Singapore"], "city": "Singapore", "lng": 103.8556017235362, "cc": "SG", "country": "Singapore", "lat": 1.3731650367501846, "address": "Blk 529 Ang Mo Kio Ave 10 #01-2371", "labeledLatLngs": [{"label": "display", "lat": 1.3731650367501846, "lng": 103.8556017235362}], "postalCode": "560529"}, "categories": [{"icon": {"prefix": "https://ss3.4sqi.net/img/categories_v2/food/thai_", "suffix": ".png"}, "name": "Thai Restaurant", "id": "4bf58dd8d48988d149941735", "pluralName": "Thai Restaurants", "primary": true, "shortName": "Thai"}], "verified": false, "contact": {"formattedPhone": "+65 6451 1332", "phone": "+6564511332"}, "allowMenuUrlEdit": true, "stats": {"tipCount": 22, "usersCount": 750, "checkinsCount": 1285}, "id": "5370afdd498ecc66d3779146", "name": "Nakhon Kitchen", "beenHere": {"lastCheckinExpiredAt": 0}}, "suffix": "/10361577_QoiP93mWZXtMeznHCyKudldoEKZWPE972OaBB4BEeOM.jpg", "visibility": "public"}, {"height": 720, "source": {"url": "https://foursquare.com/download/#/iphone", "name": "Foursquare for iOS"}, "width": 537, "prefix": "https://igx.4sqi.net/img/general/", "createdAt": 1334834660, "id": "4f8ff5e4e4b03376fd0bf679", "venue": {"like": false, "location": {"formattedAddress": ["#01-01 Hougang Green Shopping Mall (21 Hougang St. 51)", "538719", "Singapore"], "city": "Singapore", "lng": 103.8881388715708, "cc": "SG", "country": "Singapore", "crossStreet": "21 Hougang St. 51", "lat": 1.3797932898092626, "address": "#01-01 Hougang Green Shopping Mall", "labeledLatLngs": [{"label": "display", "lat": 1.3797932898092626, "lng": 103.8881388715708}], "postalCode": "538719"}, "categories": [{"icon": {"prefix": "https://ss3.4sqi.net/img/categories_v2/food/snacks_", "suffix": ".png"}, "name": "Snack Place", "id": "4bf58dd8d48988d1c7941735", "pluralName": "Snack Places", "primary": true, "shortName": "Snacks"}], "verified": false, "contact": {"formattedPhone": "+65 6385 5011", "phone": "+6563855011"}, "allowMenuUrlEdit": true, "stats": {"tipCount": 11, "usersCount": 212, "checkinsCount": 752}, "id": "4ba47134f964a520949d38e3", "name": "N & B Snacks", "beenHere": {"lastCheckinExpiredAt": 0}}, "suffix": "/KT8KOhyZTNXvJbGZTHg469seFvvlN_bnFU33-CPTTlU.jpg", "visibility": "public"}, {"height": 720, "source": {"url": "https://foursquare.com/download/#/iphone", "name": "Foursquare for iOS"}, "width": 537, "prefix": "https://igx.4sqi.net/img/general/", "createdAt": 1330226755, "id": "4f49a643e4b0b8ab47b871f7", "venue": {"venueRatingBlacklisted": true, "closed": true, "like": false, "location": {"formattedAddress": ["Singapore Expo Halls 4 & 5 (1 Expo Drive)", "486150", "Singapore"], "city": "Singapore", "lng": 103.95975236587721, "cc": "SG", "country": "Singapore", "lat": 1.3349360225350533, "address": "Singapore Expo Halls 4 & 5", "crossStreet": "1 Expo Drive", "postalCode": "486150"}, "categories": [{"icon": {"prefix": "https://ss3.4sqi.net/img/categories_v2/travel/default_", "suffix": ".png"}, "name": "General Travel", "id": "4bf58dd8d48988d1f6931735", "pluralName": "General Travel", "primary": true, "shortName": "Travel"}], "verified": false, "contact": {}, "beenHere": {"lastCheckinExpiredAt": 0}, "stats": {"tipCount": 8, "usersCount": 1158, "checkinsCount": 1376}, "id": "4d65f6086d86224b72f68d81", "name": "NATAS Travel Fair 2012"}, "suffix": "/7TCLoz06viwXlK-2zZfSwdsL-vGNUpEf6qx3aiOgy5Y.jpg", "visibility": "public"}, {"height": 540, "source": {"url": "https://foursquare.com/download/#/iphone", "name": "Foursquare for iOS"}, "width": 540, "prefix": "https://igx.4sqi.net/img/general/", "createdAt": 1330089850, "id": "4f478f7ae4b0f85d07031011", "venue": {"venueRatingBlacklisted": true, "like": false, "location": {"isFuzzed": true, "cc": "SG", "country": "Singapore", "lat": 1.3778529569918954, "lng": 103.885400718162, "formattedAddress": ["Singapore"]}, "categories": [{"icon": {"prefix": "https://ss3.4sqi.net/img/categories_v2/building/home_", "suffix": ".png"}, "name": "Home (private)", "id": "4bf58dd8d48988d103941735", "pluralName": "Homes (private)", "primary": true, "shortName": "Home"}], "verified": false, "contact": {}, "beenHere": {"lastCheckinExpiredAt": 0}, "stats": {"tipCount": 0, "usersCount": 1, "checkinsCount": 17}, "id": "4f3f9df5e4b0bc95af54f2ae", "name": "Orangi\u00e9's Corner \uf430\u2764\uf499\uf49c\uf49a\uf49b"}, "suffix": "/18xysOaeWL16JYK-r3RjFIxjQSmhfdcF-hB6O3W7Jd8.jpg", "visibility": "public"}, {"height": 540, "source": {"url": "https://foursquare.com/download/#/iphone", "name": "Foursquare for iOS"}, "width": 540, "prefix": "https://igx.4sqi.net/img/general/", "createdAt": 1329838151, "id": "4f43b847e4b08c6c2939d684", "venue": {"venueRatingBlacklisted": true, "like": false, "location": {"isFuzzed": true, "cc": "SG", "country": "Singapore", "lat": 1.3778529569918954, "lng": 103.885400718162, "formattedAddress": ["Singapore"]}, "categories": [{"icon": {"prefix": "https://ss3.4sqi.net/img/categories_v2/building/home_", "suffix": ".png"}, "name": "Home (private)", "id": "4bf58dd8d48988d103941735", "pluralName": "Homes (private)", "primary": true, "shortName": "Home"}], "verified": false, "contact": {}, "beenHere": {"lastCheckinExpiredAt": 0}, "stats": {"tipCount": 0, "usersCount": 1, "checkinsCount": 17}, "id": "4f3f9df5e4b0bc95af54f2ae", "name": "Orangi\u00e9's Corner \uf430\u2764\uf499\uf49c\uf49a\uf49b"}, "suffix": "/HZ_qaWIMQCTmkn_OdFQy0eP_b5EWKIfalqkS4FVL-RI.jpg", "visibility": "public"}, {"height": 540, "source": {"url": "https://foursquare.com/download/#/iphone", "name": "Foursquare for iOS"}, "width": 540, "prefix": "https://igx.4sqi.net/img/general/", "createdAt": 1329838085, "id": "4f43b805e4b059a7f23e778d", "venue": {"venueRatingBlacklisted": true, "like": false, "location": {"isFuzzed": true, "cc": "SG", "country": "Singapore", "lat": 1.3778529569918954, "lng": 103.885400718162, "formattedAddress": ["Singapore"]}, "categories": [{"icon": {"prefix": "https://ss3.4sqi.net/img/categories_v2/building/home_", "suffix": ".png"}, "name": "Home (private)", "id": "4bf58dd8d48988d103941735", "pluralName": "Homes (private)", "primary": true, "shortName": "Home"}], "verified": false, "contact": {}, "beenHere": {"lastCheckinExpiredAt": 0}, "stats": {"tipCount": 0, "usersCount": 1, "checkinsCount": 17}, "id": "4f3f9df5e4b0bc95af54f2ae", "name": "Orangi\u00e9's Corner \uf430\u2764\uf499\uf49c\uf49a\uf49b"}, "suffix": "/UjNdZQ5qFuXW7Zkzj85mIYJuLct6TDDCNCir4inUgfM.jpg", "visibility": "public"}, {"height": 540, "source": {"url": "https://foursquare.com/download/#/iphone", "name": "Foursquare for iOS"}, "width": 540, "prefix": "https://igx.4sqi.net/img/general/", "createdAt": 1329838076, "id": "4f43b7fce4b05efae8869103", "venue": {"venueRatingBlacklisted": true, "like": false, "location": {"isFuzzed": true, "cc": "SG", "country": "Singapore", "lat": 1.3778529569918954, "lng": 103.885400718162, "formattedAddress": ["Singapore"]}, "categories": [{"icon": {"prefix": "https://ss3.4sqi.net/img/categories_v2/building/home_", "suffix": ".png"}, "name": "Home (private)", "id": "4bf58dd8d48988d103941735", "pluralName": "Homes (private)", "primary": true, "shortName": "Home"}], "verified": false, "contact": {}, "beenHere": {"lastCheckinExpiredAt": 0}, "stats": {"tipCount": 0, "usersCount": 1, "checkinsCount": 17}, "id": "4f3f9df5e4b0bc95af54f2ae", "name": "Orangi\u00e9's Corner \uf430\u2764\uf499\uf49c\uf49a\uf49b"}, "suffix": "/fUJrM_YhER3JUWvgF0bl05vU57I-pYp0qCPJd8gA45k.jpg", "visibility": "public"}, {"height": 540, "source": {"url": "https://foursquare.com/download/#/iphone", "name": "Foursquare for iOS"}, "width": 540, "prefix": "https://igx.4sqi.net/img/general/", "createdAt": 1329838069, "id": "4f43b7f5e4b0bf874363f821", "venue": {"venueRatingBlacklisted": true, "like": false, "location": {"isFuzzed": true, "cc": "SG", "country": "Singapore", "lat": 1.3778529569918954, "lng": 103.885400718162, "formattedAddress": ["Singapore"]}, "categories": [{"icon": {"prefix": "https://ss3.4sqi.net/img/categories_v2/building/home_", "suffix": ".png"}, "name": "Home (private)", "id": "4bf58dd8d48988d103941735", "pluralName": "Homes (private)", "primary": true, "shortName": "Home"}], "verified": false, "contact": {}, "beenHere": {"lastCheckinExpiredAt": 0}, "stats": {"tipCount": 0, "usersCount": 1, "checkinsCount": 17}, "id": "4f3f9df5e4b0bc95af54f2ae", "name": "Orangi\u00e9's Corner \uf430\u2764\uf499\uf49c\uf49a\uf49b"}, "suffix": "/uJE9Tuspvqzb-BDJyyDRMTcBqllsYOmhWWzAtTaaefI.jpg", "visibility": "public"}, {"height": 540, "source": {"url": "https://foursquare.com/download/#/iphone", "name": "Foursquare for iOS"}, "width": 540, "prefix": "https://igx.4sqi.net/img/general/", "createdAt": 1329838055, "id": "4f43b7e7e4b0bf874363e597", "venue": {"venueRatingBlacklisted": true, "like": false, "location": {"isFuzzed": true, "cc": "SG", "country": "Singapore", "lat": 1.3778529569918954, "lng": 103.885400718162, "formattedAddress": ["Singapore"]}, "categories": [{"icon": {"prefix": "https://ss3.4sqi.net/img/categories_v2/building/home_", "suffix": ".png"}, "name": "Home (private)", "id": "4bf58dd8d48988d103941735", "pluralName": "Homes (private)", "primary": true, "shortName": "Home"}], "verified": false, "contact": {}, "beenHere": {"lastCheckinExpiredAt": 0}, "stats": {"tipCount": 0, "usersCount": 1, "checkinsCount": 17}, "id": "4f3f9df5e4b0bc95af54f2ae", "name": "Orangi\u00e9's Corner \uf430\u2764\uf499\uf49c\uf49a\uf49b"}, "suffix": "/JMxO4NW2aMg69N8hze626ElbUSEdwXi_O6VYDbbTvKI.jpg", "visibility": "public"}, {"height": 540, "source": {"url": "https://foursquare.com/download/#/iphone", "name": "Foursquare for iOS"}, "width": 540, "prefix": "https://igx.4sqi.net/img/general/", "createdAt": 1329838042, "id": "4f43b7dae4b0a2bdc7a1e040", "venue": {"venueRatingBlacklisted": true, "like": false, "location": {"isFuzzed": true, "cc": "SG", "country": "Singapore", "lat": 1.3778529569918954, "lng": 103.885400718162, "formattedAddress": ["Singapore"]}, "categories": [{"icon": {"prefix": "https://ss3.4sqi.net/img/categories_v2/building/home_", "suffix": ".png"}, "name": "Home (private)", "id": "4bf58dd8d48988d103941735", "pluralName": "Homes (private)", "primary": true, "shortName": "Home"}], "verified": false, "contact": {}, "beenHere": {"lastCheckinExpiredAt": 0}, "stats": {"tipCount": 0, "usersCount": 1, "checkinsCount": 17}, "id": "4f3f9df5e4b0bc95af54f2ae", "name": "Orangi\u00e9's Corner \uf430\u2764\uf499\uf49c\uf49a\uf49b"}, "suffix": "/ZkzTmVH40-xsMnx5HF_gyVgyxxrSn7F_eTsJ_b99y5w.jpg", "visibility": "public"}, {"height": 540, "source": {"url": "https://foursquare.com/download/#/iphone", "name": "Foursquare for iOS"}, "width": 540, "prefix": "https://igx.4sqi.net/img/general/", "createdAt": 1329725344, "id": "4f41ffa0e4b0f9f81b139d74", "venue": {"closed": true, "like": false, "location": {"formattedAddress": ["#01-K1, Bugis Junction (200 Victoria St)", "188966", "Singapore"], "city": "Singapore", "lng": 103.85484303139738, "cc": "SG", "country": "Singapore", "lat": 1.2989398476394358, "address": "#01-K1, Bugis Junction", "crossStreet": "200 Victoria St", "postalCode": "188966"}, "categories": [{"icon": {"prefix": "https://ss3.4sqi.net/img/categories_v2/food/dessert_", "suffix": ".png"}, "name": "Dessert Shop", "id": "4bf58dd8d48988d1d0941735", "pluralName": "Dessert Shops", "primary": true, "shortName": "Desserts"}], "verified": false, "contact": {}, "allowMenuUrlEdit": true, "stats": {"tipCount": 9, "usersCount": 873, "checkinsCount": 1300}, "id": "4dc238557d8b686fa478e26d", "name": "Frolick", "beenHere": {"lastCheckinExpiredAt": 0}}, "suffix": "/_IEAU7JCRiOsKB7nKgc3sCVb9J7D9oFh-HtI5BIVeak.jpg", "visibility": "public"}, {"height": 720, "source": {"url": "https://foursquare.com/download/#/iphone", "name": "Foursquare for iOS"}, "width": 537, "prefix": "https://igx.4sqi.net/img/general/", "createdAt": 1315827916, "id": "4e6df0ccd1647053b9df603d", "venue": {"like": false, "location": {"formattedAddress": ["#02-128 Vivocity (1 HarbourFront Walk)", "098585", "Singapore"], "city": "Singapore", "lng": 103.8223671913147, "cc": "SG", "country": "Singapore", "crossStreet": "1 HarbourFront Walk", "lat": 1.2635184295891142, "address": "#02-128 Vivocity", "labeledLatLngs": [{"label": "display", "lat": 1.2635184295891142, "lng": 103.8223671913147}], "postalCode": "098585"}, "categories": [{"icon": {"prefix": "https://ss3.4sqi.net/img/categories_v2/food/asian_", "suffix": ".png"}, "name": "Hong Kong Restaurant", "id": "52af3add3cf9994f4e043bf5", "pluralName": "Hong Kong Restaurants", "primary": true, "shortName": "Hong Kong"}], "verified": false, "contact": {"twitter": "kimgaryhk", "facebookName": "Hong Kong Kim Gary Restaurant", "formattedPhone": "+65 6376 8183", "phone": "+6563768183", "facebookUsername": "kimgaryrestaurant", "facebook": "136187819786982"}, "allowMenuUrlEdit": true, "stats": {"tipCount": 51, "usersCount": 4442, "checkinsCount": 7151}, "id": "4b7622a5f964a520163f2ee3", "name": "Hong Kong Kim Gary Restaurant \u9999\u6e2f\u91d1\u52a0\u5229\u8336\u9910\u5385", "beenHere": {"lastCheckinExpiredAt": 0}}, "suffix": "/3SPX2YQ1XKCQOJI4C21WI25SKCE5JEFRSJFOCQ2SHYNJG2DC.jpg", "visibility": "public"}, {"height": 720, "source": {"url": "https://foursquare.com/download/#/iphone", "name": "Foursquare for iOS"}, "width": 537, "prefix": "https://igx.4sqi.net/img/general/", "createdAt": 1315226170, "id": "4e64c23a62e13e3bcf9e45fd", "venue": {"url": "http://www.mcdonalds.com.sg", "like": false, "location": {"formattedAddress": ["684 Hougang Ave. 8", "530684", "Singapore"], "city": "Singapore", "lng": 103.88717045943899, "cc": "SG", "country": "Singapore", "lat": 1.3737700433824716, "address": "684 Hougang Ave. 8", "labeledLatLngs": [{"label": "display", "lat": 1.3737700433824716, "lng": 103.88717045943899}], "postalCode": "530684"}, "categories": [{"icon": {"prefix": "https://ss3.4sqi.net/img/categories_v2/food/fastfood_", "suffix": ".png"}, "name": "Fast Food Restaurant", "id": "4bf58dd8d48988d16e941735", "pluralName": "Fast Food Restaurants", "primary": true, "shortName": "Fast Food"}], "verified": false, "contact": {"formattedPhone": "+65 6385 2703", "phone": "+6563852703"}, "allowMenuUrlEdit": true, "stats": {"tipCount": 14, "usersCount": 3600, "checkinsCount": 14027}, "id": "4b58125df964a520324a28e3", "name": "McDonald's", "beenHere": {"lastCheckinExpiredAt": 0}}, "suffix": "/NGLXP0QPGS1N2LMME3F4VY4HWCEU0THDYH1B3KJ1G32EVFAH.jpg", "visibility": "public"}], "count": 13}, "totalCount": 13}}