{"meta": {"code": 200, "requestId": "595b05f5351e3d64af9b142c"}, "notifications": [{"item": {"unreadCount": 0}, "type": "notificationTray"}], "response": {"photos": {"items": [{"height": 960, "source": {"url": "https://foursquare.com/download/#/android", "name": "Foursquare for Android"}, "width": 600, "prefix": "https://igx.4sqi.net/img/general/", "createdAt": 1426675504, "id": "55095730498e8e55b162f398", "venue": {"url": "http://www.gv.com.sg", "like": false, "location": {"formattedAddress": ["#07-01, Plaza Singapura (68 Orchard Road)", "238839", "Singapore"], "city": "Singapore", "lng": 103.84503137197777, "cc": "SG", "country": "Singapore", "lat": 1.3005626746518624, "address": "#07-01, Plaza Singapura", "crossStreet": "68 Orchard Road", "postalCode": "238839"}, "categories": [{"icon": {"prefix": "https://ss3.4sqi.net/img/categories_v2/arts_entertainment/movietheater_", "suffix": ".png"}, "name": "Multiplex", "id": "4bf58dd8d48988d180941735", "pluralName": "Multiplexes", "primary": true, "shortName": "Cineplex"}], "verified": false, "contact": {"formattedPhone": "+65 1900 912 1234", "twitter": "gvpictures", "phone": "+6519009121234"}, "allowMenuUrlEdit": true, "stats": {"tipCount": 89, "usersCount": 22130, "checkinsCount": 48166}, "id": "4b058814f964a52080b022e3", "name": "Golden Village", "beenHere": {"lastCheckinExpiredAt": 0}}, "suffix": "/10374775_OMBy-Xf_Qz6mWLH4OMvIrBIcEKrXvzfB-vHp9lHvDlQ.jpg", "visibility": "public"}, {"height": 720, "source": {"url": "https://foursquare.com/download/#/android", "name": "Foursquare for Android"}, "width": 960, "prefix": "https://igx.4sqi.net/img/general/", "createdAt": 1425794001, "id": "54fbe3d1498e46767feb4c61", "venue": {"venueRatingBlacklisted": true, "like": false, "location": {"city": "Kuala Lumpur", "lng": 101.6862073260138, "cc": "MY", "state": "Federal Territory of Kuala Lum", "lat": 3.1345498149295667, "address": "Level 2", "labeledLatLngs": [{"label": "display", "lat": 3.1345498149295667, "lng": 101.6862073260138}], "formattedAddress": ["Level 2", "Kuala Lumpur, Federal Territory of Kuala Lum", "Malaysia"], "country": "Malaysia"}, "categories": [{"icon": {"prefix": "https://ss3.4sqi.net/img/categories_v2/travel/trainstation_", "suffix": ".png"}, "name": "Platform", "id": "4f4531504b9074f6e4fb0102", "pluralName": "Platforms", "primary": true, "shortName": "Platform"}], "verified": false, "contact": {}, "beenHere": {"lastCheckinExpiredAt": 0}, "stats": {"tipCount": 2, "usersCount": 1452, "checkinsCount": 1863}, "id": "4f8d6753e4b05b22fdadb5f6", "name": "KTM Intercity KL Sentral Gate A (Northern Sector)"}, "suffix": "/10374775_vriNmdLL4PZ95m7g47vFVzMUXryYTaDPUbLh4CpUS4M.jpg", "visibility": "public"}, {"height": 720, "source": {"url": "https://foursquare.com/download/#/android", "name": "Foursquare for Android"}, "width": 960, "prefix": "https://igx.4sqi.net/img/general/", "createdAt": 1400646812, "id": "537c2c9c498e6fb1ea8f12b5", "venue": {"url": "http://www.mcdonalds.com.sg", "like": false, "location": {"formattedAddress": ["Plaza Singapura, #B1-23/24 (68 Orchard Rd)", "238839", "Singapore"], "city": "Singapore", "lng": 103.8448785127215, "cc": "SG", "country": "Singapore", "crossStreet": "68 Orchard Rd", "lat": 1.2996582731796325, "address": "Plaza Singapura, #B1-23/24", "labeledLatLngs": [{"label": "display", "lat": 1.2996582731796325, "lng": 103.8448785127215}], "postalCode": "238839"}, "categories": [{"icon": {"prefix": "https://ss3.4sqi.net/img/categories_v2/food/fastfood_", "suffix": ".png"}, "name": "Fast Food Restaurant", "id": "4bf58dd8d48988d16e941735", "pluralName": "Fast Food Restaurants", "primary": true, "shortName": "Fast Food"}], "verified": false, "contact": {"formattedPhone": "+65 6238 7785", "phone": "+6562387785"}, "allowMenuUrlEdit": true, "stats": {"tipCount": 6, "usersCount": 3960, "checkinsCount": 6068}, "id": "4d076278347da1cd0fa63a8f", "name": "McDonald's", "beenHere": {"lastCheckinExpiredAt": 0}}, "suffix": "/10374775_XdYa30F8pd1XPN-d5n0Ox1UrhkahIvlovFatpS7YC08.jpg", "visibility": "public"}, {"height": 960, "source": {"url": "https://foursquare.com/download/#/android", "name": "Foursquare for Android"}, "width": 960, "prefix": "https://igx.4sqi.net/img/general/", "createdAt": 1400575207, "id": "537b14e7498ea3a3f829051b", "venue": {"url": "http://www.gv.com.sg", "like": false, "location": {"formattedAddress": ["Tampines Mall (#04-17/18)", "529510", "Singapore"], "city": "Singapore", "lng": 103.94430716104088, "cc": "SG", "country": "Singapore", "lat": 1.3523840808526155, "address": "Tampines Mall", "crossStreet": "#04-17/18", "postalCode": "529510"}, "categories": [{"icon": {"prefix": "https://ss3.4sqi.net/img/categories_v2/arts_entertainment/movietheater_", "suffix": ".png"}, "name": "Multiplex", "id": "4bf58dd8d48988d180941735", "pluralName": "Multiplexes", "primary": true, "shortName": "Cineplex"}], "verified": false, "contact": {"formattedPhone": "+65 6311 9162", "phone": "+6563119162"}, "allowMenuUrlEdit": true, "stats": {"tipCount": 60, "usersCount": 14193, "checkinsCount": 38279}, "id": "4b058814f964a5207fb022e3", "name": "Golden Village", "beenHere": {"lastCheckinExpiredAt": 0}}, "suffix": "/10374775_CbUtg-Tkhw6k9sikFMHMZGX-4KSqXURfrT5ss0NQdko.jpg", "visibility": "public"}, {"height": 720, "source": {"url": "https://foursquare.com/download/#/android", "name": "Foursquare for Android"}, "width": 960, "prefix": "https://igx.4sqi.net/img/general/", "createdAt": 1399976111, "id": "5371f0af498e66e11226de73", "venue": {"like": false, "location": {"cc": "SG", "country": "Singapore", "lat": 1.395871877670288, "lng": 103.90453338623047, "labeledLatLngs": [{"label": "display", "lat": 1.395871877670288, "lng": 103.90453338623047}], "formattedAddress": ["Singapore"]}, "categories": [{"icon": {"prefix": "https://ss3.4sqi.net/img/categories_v2/food/frozenyogurt_", "suffix": ".png"}, "name": "Frozen Yogurt Shop", "id": "512e7cae91d4cbb4e5efe0af", "pluralName": "Frozen Yogurt Shops", "primary": true, "shortName": "Yogurt"}], "verified": false, "contact": {}, "allowMenuUrlEdit": true, "stats": {"tipCount": 0, "usersCount": 6, "checkinsCount": 7}, "id": "5371ee3911d2811892bcae17", "name": "happy boy soya bean", "beenHere": {"lastCheckinExpiredAt": 0}}, "suffix": "/10374775_p5vh-hMCXyXHw_t5iW-y0yFlKAs8YODDg8WCEQlL2Xg.jpg", "visibility": "public"}, {"height": 720, "source": {"url": "https://foursquare.com/download/#/android", "name": "Foursquare for Android"}, "width": 960, "prefix": "https://igx.4sqi.net/img/general/", "createdAt": 1398238942, "id": "53576ede498e429e692b4583", "venue": {"like": false, "location": {"city": "Singapore", "lng": 103.84490681997819, "cc": "SG", "country": "Singapore", "lat": 1.2846991643339143, "address": "Blk 531 Upp Cross St", "labeledLatLngs": [{"label": "display", "lat": 1.2846991643339143, "lng": 103.84490681997819}], "formattedAddress": ["Blk 531 Upp Cross St", "Singapore"]}, "categories": [{"icon": {"prefix": "https://ss3.4sqi.net/img/categories_v2/shops/financial_", "suffix": ".png"}, "name": "Bank", "id": "4bf58dd8d48988d10a951735", "pluralName": "Banks", "primary": true, "shortName": "Bank"}], "verified": false, "contact": {"formattedPhone": "+65 6339 6666", "phone": "+6563396666"}, "allowMenuUrlEdit": true, "stats": {"tipCount": 7, "usersCount": 48, "checkinsCount": 65}, "id": "4c9a52cb292a6dcb65f2cd76", "name": "POSB Account Services Centre (For Work Permit holders)", "beenHere": {"lastCheckinExpiredAt": 0}}, "suffix": "/10374775_mHJSRnp9IsTdudysXmSjsKc6CVvf0pPKnWCBiZbIwBw.jpg", "visibility": "public"}, {"height": 720, "source": {"url": "https://foursquare.com/download/#/android", "name": "Foursquare for Android"}, "width": 960, "prefix": "https://igx.4sqi.net/img/general/", "createdAt": 1398097598, "id": "535546be11d2d899c27a1a2d", "venue": {"like": false, "location": {"formattedAddress": ["21 Hougang St 51", "538719", "Singapore"], "city": "Singapore", "cc": "SG", "country": "Singapore", "lat": 1.3796173284071522, "lng": 103.88800861690792, "labeledLatLngs": [{"label": "display", "lat": 1.3796173284071522, "lng": 103.88800861690792}], "postalCode": "538719"}, "categories": [{"icon": {"prefix": "https://ss3.4sqi.net/img/categories_v2/shops/mall_", "suffix": ".png"}, "name": "Shopping Mall", "id": "4bf58dd8d48988d1fd941735", "pluralName": "Shopping Malls", "primary": true, "shortName": "Mall"}], "verified": false, "contact": {}, "beenHere": {"lastCheckinExpiredAt": 0}, "stats": {"tipCount": 34, "usersCount": 3087, "checkinsCount": 12758}, "id": "4b489770f964a520fb4f26e3", "name": "Hougang Green Shopping Mall"}, "suffix": "/10374775_dHNuQfKYdOUrjYFA-qjxEVIXA0PbuKSJvbtY5qX8kRQ.jpg", "visibility": "public"}], "count": 7}, "totalCount": 7}}