{"meta": {"code": 200, "requestId": "595af82b6a6071143d83547d"}, "notifications": [{"item": {"unreadCount": 0}, "type": "notificationTray"}], "response": {"photos": {"items": [{"height": 700, "source": {"url": "https://foursquare.com/download/#/iphone", "name": "Foursquare for iOS"}, "tip": {"agreeCount": 0, "canonicalUrl": "https://foursquare.com/item/57b7fb72498e901d0b9d7f9b", "todo": {"count": 0}, "logView": true, "disagreeCount": 0, "createdAt": 1471675250, "id": "57b7fb72498e901d0b9d7f9b", "text": "Spectacular Universal Studios!!! Did not want to leave after 5 hours.", "likes": {"groups": [], "count": 0}, "like": false, "type": "user"}, "width": 1920, "prefix": "https://igx.4sqi.net/img/general/", "createdAt": 1471675253, "id": "57b7fb75498e379b20c6d9a5", "venue": {"url": "http://www.rwsentosa.com/Attractions/UniversalStudiosSingapore", "like": false, "location": {"formattedAddress": ["32 Sentosa Gateway (Resorts World Sentosa)", "098141", "Singapore"], "city": "Sentosa Island", "lng": 103.82169119198898, "cc": "SG", "country": "Singapore", "lat": 1.2557358283745392, "address": "32 Sentosa Gateway", "crossStreet": "Resorts World Sentosa", "postalCode": "098141"}, "categories": [{"icon": {"prefix": "https://ss3.4sqi.net/img/categories_v2/arts_entertainment/themepark_", "suffix": ".png"}, "name": "Theme Park", "id": "4bf58dd8d48988d182941735", "pluralName": "Theme Parks", "primary": true, "shortName": "Theme Park"}], "verified": false, "contact": {"formattedPhone": "+65 6577 8888", "twitter": "rwsentosa", "phone": "+6565778888"}, "allowMenuUrlEdit": true, "stats": {"tipCount": 1269, "usersCount": 109063, "checkinsCount": 163902}, "id": "4b1ee9ebf964a5207e2124e3", "name": "Universal Studios Singapore", "beenHere": {"lastCheckinExpiredAt": 0}}, "suffix": "/103731975_IOhDWxXJ5m2jkSoHKpwR_EBJK7uqRhUjLOPPPBea1FM.jpg", "visibility": "public"}, {"height": 1920, "source": {"url": "https://foursquare.com/download/#/iphone", "name": "Foursquare for iOS"}, "tip": {"agreeCount": 0, "canonicalUrl": "https://foursquare.com/item/57b7df50498e4f1d6408679a", "todo": {"count": 0}, "logView": true, "disagreeCount": 0, "createdAt": 1471668048, "id": "57b7df50498e4f1d6408679a", "text": "The light show after the sun goes down is spectacular. Friday night there were a lot of people, so if you want to take pictures then you'll have to get there about 10-15 minutes before the show.", "likes": {"groups": [], "count": 0}, "like": false, "type": "user"}, "width": 1440, "prefix": "https://igx.4sqi.net/img/general/", "createdAt": 1471668051, "id": "57b7df53498ecea4b5baccee", "venue": {"url": "http://www.gardensbythebay.com.sg", "like": false, "location": {"formattedAddress": ["Gardens By The Bay (18 Marina Gardens Dr.)", "018953", "Singapore"], "city": "Singapore", "lng": 103.86420241752589, "cc": "SG", "country": "Singapore", "crossStreet": "18 Marina Gardens Dr.", "lat": 1.282084102577135, "address": "Gardens By The Bay", "labeledLatLngs": [{"label": "display", "lat": 1.282084102577135, "lng": 103.86420241752589}], "postalCode": "018953"}, "categories": [{"icon": {"prefix": "https://ss3.4sqi.net/img/categories_v2/parks_outdoors/garden_", "suffix": ".png"}, "name": "Garden", "id": "4bf58dd8d48988d15a941735", "pluralName": "Gardens", "primary": true, "shortName": "Garden"}], "verified": false, "contact": {"formattedPhone": "+65 6420 6848", "phone": "+6564206848"}, "beenHere": {"lastCheckinExpiredAt": 0}, "stats": {"tipCount": 54, "usersCount": 4794, "checkinsCount": 5849}, "id": "4ff0299ae4b05815846637b1", "name": "Supertree Grove"}, "suffix": "/103731975_ezdPnGeTD9NlStmmYQkbEQSog0L0SzyVxuiEavwx_pQ.jpg", "visibility": "public"}, {"height": 1920, "source": {"url": "https://foursquare.com/download/#/iphone", "name": "Foursquare for iOS"}, "width": 1440, "prefix": "https://igx.4sqi.net/img/general/", "createdAt": 1471529108, "id": "57b5c094498e1e02ecda2793", "venue": {"like": false, "location": {"formattedAddress": ["Hard Rock Hotel (26 Sentosa Gateway)", "098269", "Singapore"], "city": "Sentosa Island", "lng": 103.82021381405556, "cc": "SG", "country": "Singapore", "crossStreet": "26 Sentosa Gateway", "lat": 1.2571094954323547, "address": "Hard Rock Hotel", "labeledLatLngs": [{"label": "display", "lat": 1.2571094954323547, "lng": 103.82021381405556}], "postalCode": "098269"}, "categories": [{"icon": {"prefix": "https://ss3.4sqi.net/img/categories_v2/shops/giftshop_", "suffix": ".png"}, "name": "Gift Shop", "id": "4bf58dd8d48988d128951735", "pluralName": "Gift Shops", "primary": true, "shortName": "Gift Shop"}], "verified": false, "contact": {}, "allowMenuUrlEdit": true, "stats": {"tipCount": 7, "usersCount": 302, "checkinsCount": 398}, "id": "4c2c803857a9c9b6a078f767", "name": "Rock Shop", "beenHere": {"lastCheckinExpiredAt": 0}}, "suffix": "/103731975_iJ13KYwxRs9naDPcTvHKAAzbeEvGfwv5ccFCxs5UbyM.jpg", "visibility": "public"}, {"height": 1920, "source": {"url": "https://foursquare.com/download/#/iphone", "name": "Foursquare for iOS"}, "tip": {"agreeCount": 0, "canonicalUrl": "https://foursquare.com/item/5703e38b498ee6303b59c66c", "todo": {"count": 0}, "logView": true, "disagreeCount": 0, "createdAt": 1459872651, "id": "5703e38b498ee6303b59c66c", "text": "Prices were poor for buying in bulk. All food was unusually oversized which I question how they are produced or grown.", "likes": {"groups": [], "count": 0}, "like": false, "type": "user"}, "width": 1440, "prefix": "https://igx.4sqi.net/img/general/", "createdAt": 1459872662, "id": "5703e396498e215ba3f1b2ab", "venue": {"url": "http://www.siammakro.co.th", "like": false, "location": {"formattedAddress": ["58/164 Hua Hin 4 (Petchakasem Rd.)", "\u0e2d\u0e33\u0e40\u0e20\u0e2d\u0e2b\u0e31\u0e27\u0e2b\u0e34\u0e19", "\u0e08\u0e31\u0e07\u0e2b\u0e27\u0e31\u0e14\u0e1b\u0e23\u0e30\u0e08\u0e27\u0e1a\u0e04\u0e35\u0e23\u0e35\u0e02\u0e31\u0e19\u0e18\u0e4c 77110", "\u0e1b\u0e23\u0e30\u0e40\u0e17\u0e28\u0e44\u0e17\u0e22"], "city": "\u0e2d\u0e33\u0e40\u0e20\u0e2d\u0e2b\u0e31\u0e27\u0e2b\u0e34\u0e19", "lng": 99.9496156572005, "cc": "TH", "state": "\u0e08\u0e31\u0e07\u0e2b\u0e27\u0e31\u0e14\u0e1b\u0e23\u0e30\u0e08\u0e27\u0e1a\u0e04\u0e35\u0e23\u0e35\u0e02\u0e31\u0e19\u0e18\u0e4c", "crossStreet": "Petchakasem Rd.", "lat": 12.620344739387633, "address": "58/164 Hua Hin 4", "labeledLatLngs": [{"label": "display", "lat": 12.620344739387633, "lng": 99.9496156572005}], "postalCode": "77110", "country": "\u0e1b\u0e23\u0e30\u0e40\u0e17\u0e28\u0e44\u0e17\u0e22"}, "categories": [{"icon": {"prefix": "https://ss3.4sqi.net/img/categories_v2/shops/default_", "suffix": ".png"}, "name": "Big Box Store", "id": "52f2ab2ebcbc57f1066b8b42", "pluralName": "Big Box Stores", "primary": true, "shortName": "Big Box Store"}], "verified": false, "contact": {"formattedPhone": "+66 32 522 255", "phone": "+6632522255"}, "allowMenuUrlEdit": true, "stats": {"tipCount": 13, "usersCount": 1449, "checkinsCount": 3670}, "id": "4ef014356c256000c67f136c", "name": "Makro foodservice (\u0e41\u0e21\u0e47\u0e04\u0e42\u0e04\u0e23 \u0e1f\u0e39\u0e14\u0e40\u0e0b\u0e2d\u0e23\u0e4c\u0e27\u0e34\u0e2a)", "beenHere": {"lastCheckinExpiredAt": 0}}, "suffix": "/103731975_fTdRPHLiutczIYwHLopXsnpbYa4Sm3Z2CxZOnQnnlK4.jpg", "visibility": "public"}, {"height": 1920, "source": {"url": "https://foursquare.com/download/#/iphone", "name": "Foursquare for iOS"}, "tip": {"agreeCount": 0, "canonicalUrl": "https://foursquare.com/item/5703e24e498e4a0fbd1e6568", "todo": {"count": 0}, "logView": true, "disagreeCount": 0, "createdAt": 1459872334, "id": "5703e24e498e4a0fbd1e6568", "text": "Food tasted average for seafood. Portion size was small for their inflated prices. Waiter forgot about us after asking for check and we waited 30 minutes just to get our bill after asking for bill.", "likes": {"groups": [], "count": 0}, "like": false, "type": "user"}, "width": 1440, "prefix": "https://igx.4sqi.net/img/general/", "createdAt": 1459872344, "id": "5703e258498e6dfe7d91b3f0", "venue": {"url": "http://www.baanitsarahuahin.com", "like": false, "location": {"formattedAddress": ["7 Naeb Kehardt Rd (Soi Hua Hin 51)", "\u0e2d\u0e33\u0e40\u0e20\u0e2d\u0e2b\u0e31\u0e27\u0e2b\u0e34\u0e19", "\u0e08\u0e31\u0e07\u0e2b\u0e27\u0e31\u0e14\u0e1b\u0e23\u0e30\u0e08\u0e27\u0e1a\u0e04\u0e35\u0e23\u0e35\u0e02\u0e31\u0e19\u0e18\u0e4c 77110", "\u0e1b\u0e23\u0e30\u0e40\u0e17\u0e28\u0e44\u0e17\u0e22"], "city": "\u0e2d\u0e33\u0e40\u0e20\u0e2d\u0e2b\u0e31\u0e27\u0e2b\u0e34\u0e19", "lng": 99.95631225978471, "cc": "TH", "state": "\u0e08\u0e31\u0e07\u0e2b\u0e27\u0e31\u0e14\u0e1b\u0e23\u0e30\u0e08\u0e27\u0e1a\u0e04\u0e35\u0e23\u0e35\u0e02\u0e31\u0e19\u0e18\u0e4c", "crossStreet": "Soi Hua Hin 51", "lat": 12.582393434446907, "address": "7 Naeb Kehardt Rd", "labeledLatLngs": [{"label": "display", "lat": 12.582393434446907, "lng": 99.95631225978471}], "postalCode": "77110", "country": "\u0e1b\u0e23\u0e30\u0e40\u0e17\u0e28\u0e44\u0e17\u0e22"}, "categories": [{"icon": {"prefix": "https://ss3.4sqi.net/img/categories_v2/food/seafood_", "suffix": ".png"}, "name": "Seafood Restaurant", "id": "4bf58dd8d48988d1ce941735", "pluralName": "Seafood Restaurants", "primary": true, "shortName": "Seafood"}], "verified": false, "contact": {"formattedPhone": "+66 32 511 673", "phone": "+6632511673"}, "allowMenuUrlEdit": true, "stats": {"tipCount": 214, "usersCount": 9308, "checkinsCount": 11802}, "id": "4b594837f964a520e18328e3", "name": "Baan Itsara (\u0e1a\u0e49\u0e32\u0e19\u0e2d\u0e34\u0e2a\u0e23\u0e30)", "beenHere": {"lastCheckinExpiredAt": 0}}, "suffix": "/103731975_FfP2lp9TdlS1me_N_O3S1NlP7Wso7S6rNhF-SBr75dc.jpg", "visibility": "public"}, {"height": 1440, "source": {"url": "https://foursquare.com/download/#/iphone", "name": "Foursquare for iOS"}, "width": 1920, "prefix": "https://igx.4sqi.net/img/general/", "createdAt": 1457378384, "id": "56ddd450498e2e8d449650ff", "venue": {"like": false, "location": {"formattedAddress": ["Nares Damri Rd (nr Hilton Hotel)", "\u0e2d\u0e33\u0e40\u0e20\u0e2d\u0e2b\u0e31\u0e27\u0e2b\u0e34\u0e19", "\u0e08\u0e31\u0e07\u0e2b\u0e27\u0e31\u0e14\u0e1b\u0e23\u0e30\u0e08\u0e27\u0e1a\u0e04\u0e35\u0e23\u0e35\u0e02\u0e31\u0e19\u0e18\u0e4c 77110", "\u0e1b\u0e23\u0e30\u0e40\u0e17\u0e28\u0e44\u0e17\u0e22"], "city": "\u0e2d\u0e33\u0e40\u0e20\u0e2d\u0e2b\u0e31\u0e27\u0e2b\u0e34\u0e19", "lng": 99.9601821899414, "cc": "TH", "state": "\u0e08\u0e31\u0e07\u0e2b\u0e27\u0e31\u0e14\u0e1b\u0e23\u0e30\u0e08\u0e27\u0e1a\u0e04\u0e35\u0e23\u0e35\u0e02\u0e31\u0e19\u0e18\u0e4c", "crossStreet": "nr Hilton Hotel", "lat": 12.571562767028809, "address": "Nares Damri Rd", "labeledLatLngs": [{"label": "display", "lat": 12.571562767028809, "lng": 99.9601821899414}], "postalCode": "77110", "country": "\u0e1b\u0e23\u0e30\u0e40\u0e17\u0e28\u0e44\u0e17\u0e22"}, "categories": [{"icon": {"prefix": "https://ss3.4sqi.net/img/categories_v2/food/coffeeshop_", "suffix": ".png"}, "name": "Coffee Shop", "id": "4bf58dd8d48988d1e0931735", "pluralName": "Coffee Shops", "primary": true, "shortName": "Coffee Shop"}], "verified": false, "contact": {}, "allowMenuUrlEdit": true, "stats": {"tipCount": 18, "usersCount": 306, "checkinsCount": 417}, "id": "533e2f4f498eee0c9b34b66e", "name": "The Coffee Club", "beenHere": {"lastCheckinExpiredAt": 0}}, "suffix": "/103731975_0QeXPpKlRllqlMFPGyWnpHt_2UorAdErrHdX77B8-S8.jpg", "visibility": "public"}, {"height": 1440, "source": {"url": "https://foursquare.com/download/#/iphone", "name": "Foursquare for iOS"}, "tip": {"agreeCount": 0, "canonicalUrl": "https://foursquare.com/item/56ddd43f498e7f2a33856f2e", "todo": {"count": 0}, "logView": true, "disagreeCount": 0, "createdAt": 1457378367, "id": "56ddd43f498e7f2a33856f2e", "text": "Great food. I have visited the restaurant as well as got delivery from Foodpanda. Eating at the restaurant is much better and a lot less expensive as the prices are already high.", "likes": {"groups": [], "count": 0}, "like": false, "type": "user"}, "width": 1920, "prefix": "https://igx.4sqi.net/img/general/", "createdAt": 1457378376, "id": "56ddd448498e4a722bd03a4b", "venue": {"like": false, "location": {"formattedAddress": ["Nares Damri Rd (nr Hilton Hotel)", "\u0e2d\u0e33\u0e40\u0e20\u0e2d\u0e2b\u0e31\u0e27\u0e2b\u0e34\u0e19", "\u0e08\u0e31\u0e07\u0e2b\u0e27\u0e31\u0e14\u0e1b\u0e23\u0e30\u0e08\u0e27\u0e1a\u0e04\u0e35\u0e23\u0e35\u0e02\u0e31\u0e19\u0e18\u0e4c 77110", "\u0e1b\u0e23\u0e30\u0e40\u0e17\u0e28\u0e44\u0e17\u0e22"], "city": "\u0e2d\u0e33\u0e40\u0e20\u0e2d\u0e2b\u0e31\u0e27\u0e2b\u0e34\u0e19", "lng": 99.9601821899414, "cc": "TH", "state": "\u0e08\u0e31\u0e07\u0e2b\u0e27\u0e31\u0e14\u0e1b\u0e23\u0e30\u0e08\u0e27\u0e1a\u0e04\u0e35\u0e23\u0e35\u0e02\u0e31\u0e19\u0e18\u0e4c", "crossStreet": "nr Hilton Hotel", "lat": 12.571562767028809, "address": "Nares Damri Rd", "labeledLatLngs": [{"label": "display", "lat": 12.571562767028809, "lng": 99.9601821899414}], "postalCode": "77110", "country": "\u0e1b\u0e23\u0e30\u0e40\u0e17\u0e28\u0e44\u0e17\u0e22"}, "categories": [{"icon": {"prefix": "https://ss3.4sqi.net/img/categories_v2/food/coffeeshop_", "suffix": ".png"}, "name": "Coffee Shop", "id": "4bf58dd8d48988d1e0931735", "pluralName": "Coffee Shops", "primary": true, "shortName": "Coffee Shop"}], "verified": false, "contact": {}, "allowMenuUrlEdit": true, "stats": {"tipCount": 18, "usersCount": 306, "checkinsCount": 417}, "id": "533e2f4f498eee0c9b34b66e", "name": "The Coffee Club", "beenHere": {"lastCheckinExpiredAt": 0}}, "suffix": "/103731975_0QeXPpKlRllqlMFPGyWnpHt_2UorAdErrHdX77B8-S8.jpg", "visibility": "public"}, {"height": 1440, "source": {"url": "https://foursquare.com/download/#/iphone", "name": "Foursquare for iOS"}, "tip": {"agreeCount": 0, "canonicalUrl": "https://foursquare.com/item/56b4a708498e24812a192539", "todo": {"count": 0}, "logView": true, "disagreeCount": 0, "createdAt": 1454679816, "id": "56b4a708498e24812a192539", "text": "Excellent food. Prices are what you would expect for such a beautiful view. Service was the best in Hua Hin so far. Posted the view from table at restaurant during dinner.", "likes": {"groups": [], "count": 0}, "like": false, "type": "user"}, "width": 1920, "prefix": "https://igx.4sqi.net/img/general/", "createdAt": 1454679820, "id": "56b4a70c498e74a4e48991d7", "venue": {"location": {"formattedAddress": ["1573 Phet Kasem Rd (at Sheraton Hua Hin Resort & Spa)", "\u0e0a\u0e30\u0e2d\u0e33", "\u0e08\u0e31\u0e07\u0e2b\u0e27\u0e31\u0e14\u0e40\u0e1e\u0e0a\u0e23\u0e1a\u0e38\u0e23\u0e35 76120", "\u0e1b\u0e23\u0e30\u0e40\u0e17\u0e28\u0e44\u0e17\u0e22"], "city": "\u0e0a\u0e30\u0e2d\u0e33", "lng": 99.9588283951255, "cc": "TH", "state": "\u0e08\u0e31\u0e07\u0e2b\u0e27\u0e31\u0e14\u0e40\u0e1e\u0e0a\u0e23\u0e1a\u0e38\u0e23\u0e35", "crossStreet": "at Sheraton Hua Hin Resort & Spa", "lat": 12.66546698293945, "address": "1573 Phet Kasem Rd", "labeledLatLngs": [{"label": "display", "lat": 12.66546698293945, "lng": 99.9588283951255}], "postalCode": "76120", "country": "\u0e1b\u0e23\u0e30\u0e40\u0e17\u0e28\u0e44\u0e17\u0e22"}, "contact": {"twitter": "spg", "facebookName": "Starwood Preferred Guest\u00ae (SPG)", "formattedPhone": "+66 32 708 000", "phone": "+6632708000", "facebookUsername": "SPG", "facebook": "8038492631"}, "verified": true, "allowMenuUrlEdit": true, "stats": {"tipCount": 11, "usersCount": 333, "checkinsCount": 552}, "id": "4f82efdcd4f208b5bd478e89", "storeId": "13402", "url": "http://www.starwoodhotels.com/sheraton/property/dining/index.html?propertyid=1590", "like": false, "categories": [{"icon": {"prefix": "https://ss3.4sqi.net/img/categories_v2/travel/hotel_bar_", "suffix": ".png"}, "name": "Hotel Bar", "id": "4bf58dd8d48988d1d5941735", "pluralName": "Hotel Bars", "primary": true, "shortName": "Hotel Bar"}], "beenHere": {"lastCheckinExpiredAt": 0}, "name": "Luna Lanai Beach Bar"}, "suffix": "/103731975_R6_hqPrF_1-67anJhfrtlwvArsbZxmKCdm2X5U2izo4.jpg", "visibility": "public"}, {"height": 1440, "source": {"url": "https://foursquare.com/download/#/iphone", "name": "Foursquare for iOS"}, "tip": {"agreeCount": 0, "canonicalUrl": "https://foursquare.com/item/55cfd04e498e76f30537c645", "todo": {"count": 0}, "logView": true, "disagreeCount": 0, "createdAt": 1439682638, "id": "55cfd04e498e76f30537c645", "text": "This aquarium was one of the best I have seen and definitely the best in Thailand. I'm definitely coming back for more.", "likes": {"groups": [], "count": 0}, "like": false, "type": "user"}, "width": 1920, "prefix": "https://igx.4sqi.net/img/general/", "createdAt": 1439682641, "id": "55cfd051498ef108b1a12d36", "venue": {"url": "http://www.sealifebangkok.com", "like": false, "location": {"formattedAddress": ["Siam Paragon (B1-B2 Fl)", "\u0e1b\u0e17\u0e38\u0e21\u0e27\u0e31\u0e19", "\u0e01\u0e23\u0e38\u0e07\u0e40\u0e17\u0e1e\u0e21\u0e2b\u0e32\u0e19\u0e04\u0e23 10330", "\u0e1b\u0e23\u0e30\u0e40\u0e17\u0e28\u0e44\u0e17\u0e22"], "city": "\u0e1b\u0e17\u0e38\u0e21\u0e27\u0e31\u0e19", "lng": 100.53512491285801, "cc": "TH", "state": "\u0e01\u0e23\u0e38\u0e07\u0e40\u0e17\u0e1e\u0e21\u0e2b\u0e32\u0e19\u0e04\u0e23", "crossStreet": "B1-B2 Fl", "lat": 13.745705848302238, "address": "Siam Paragon", "labeledLatLngs": [{"label": "display", "lat": 13.745705848302238, "lng": 100.53512491285801}], "postalCode": "10330", "country": "\u0e1b\u0e23\u0e30\u0e40\u0e17\u0e28\u0e44\u0e17\u0e22"}, "categories": [{"icon": {"prefix": "https://ss3.4sqi.net/img/categories_v2/arts_entertainment/aquarium_", "suffix": ".png"}, "name": "Aquarium", "id": "4fceea171983d5d06c3e9823", "pluralName": "Aquariums", "primary": true, "shortName": "Aquarium"}], "verified": false, "contact": {"formattedPhone": "+66 2 687 2000", "twitter": "siamoceanworld", "phone": "+6626872000"}, "allowMenuUrlEdit": true, "stats": {"tipCount": 132, "usersCount": 13636, "checkinsCount": 18543}, "id": "4b0587faf964a5204faa22e3", "name": "SEA LIFE Bangkok Ocean World (\u0e0b\u0e35\u0e44\u0e25\u0e1f\u0e4c \u0e41\u0e1a\u0e07\u0e04\u0e2d\u0e01 \u0e42\u0e2d\u0e40\u0e0a\u0e35\u0e48\u0e22\u0e19 \u0e40\u0e27\u0e34\u0e25\u0e14\u0e4c)", "beenHere": {"lastCheckinExpiredAt": 0}}, "suffix": "/103731975_oFp-xjWnAruhbT_rjFyHsJTDR6OerscT_jpnVlgrgjs.jpg", "visibility": "public"}, {"height": 1080, "source": {"url": "https://foursquare.com/download/#/iphone", "name": "Foursquare for iOS"}, "tip": {"agreeCount": 0, "canonicalUrl": "https://foursquare.com/item/54bf691a498e11760b29994e", "todo": {"count": 0}, "logView": true, "disagreeCount": 0, "createdAt": 1421830426, "id": "54bf691a498e11760b29994e", "text": "This was one of the best restaurants we ate at. Not only did they have Japanese cuisine, they also had great western food with awesome desserts. Very pricey, though.", "likes": {"groups": [], "count": 0}, "like": false, "type": "user"}, "width": 1920, "prefix": "https://igx.4sqi.net/img/general/", "createdAt": 1421830433, "id": "54bf6921498efad6f62a8c54", "venue": {"url": "http://www.onthetabletokyocafe.com", "like": false, "location": {"formattedAddress": ["CentralPlaza Salaya (#134)", "\u0e2a\u0e32\u0e21\u0e1e\u0e23\u0e32\u0e19", "\u0e08\u0e31\u0e07\u0e2b\u0e27\u0e31\u0e14\u0e19\u0e04\u0e23\u0e1b\u0e10\u0e21 73210", "\u0e1b\u0e23\u0e30\u0e40\u0e17\u0e28\u0e44\u0e17\u0e22"], "city": "\u0e2a\u0e32\u0e21\u0e1e\u0e23\u0e32\u0e19", "lng": 100.27618970309139, "cc": "TH", "state": "\u0e08\u0e31\u0e07\u0e2b\u0e27\u0e31\u0e14\u0e19\u0e04\u0e23\u0e1b\u0e10\u0e21", "crossStreet": "#134", "lat": 13.786658164618753, "address": "CentralPlaza Salaya", "labeledLatLngs": [{"label": "display", "lat": 13.786658164618753, "lng": 100.27618970309139}], "postalCode": "73210", "country": "\u0e1b\u0e23\u0e30\u0e40\u0e17\u0e28\u0e44\u0e17\u0e22"}, "categories": [{"icon": {"prefix": "https://ss3.4sqi.net/img/categories_v2/food/default_", "suffix": ".png"}, "name": "Yoshoku Restaurant", "id": "55a59bace4b013909087cb36", "pluralName": "Yoshoku Restaurants", "primary": true, "shortName": "Yoshoku"}], "verified": false, "contact": {"facebookName": "On the Table, Tokyo Cafe", "facebookUsername": "OntheTableTokyoCafe", "facebook": "126081934124888"}, "allowMenuUrlEdit": true, "stats": {"tipCount": 2, "usersCount": 457, "checkinsCount": 689}, "id": "5413dbe5498eec6ac4735324", "name": "on the table (\u0e2d\u0e2d\u0e19 \u0e40\u0e14\u0e2d\u0e30 \u0e40\u0e17\u0e40\u0e1a\u0e34\u0e25)", "beenHere": {"lastCheckinExpiredAt": 0}}, "suffix": "/103731975_aDP7DskkNbbR3FORiE56NqVRcmU69H6akxFtkpEGY8I.jpg", "visibility": "public"}, {"height": 2448, "source": {"url": "https://foursquare.com", "name": "Foursquare Web"}, "tip": {"agreeCount": 0, "canonicalUrl": "https://foursquare.com/item/54a6739e498ef9273d26b7ff", "todo": {"count": 0}, "logView": true, "disagreeCount": 0, "createdAt": 1420194718, "id": "54a6739e498ef9273d26b7ff", "text": "I like my food on fire!!! This place is awesome!!!", "likes": {"groups": [], "count": 0}, "like": false, "type": "user"}, "width": 3264, "prefix": "https://igx.4sqi.net/img/general/", "createdAt": 1420194729, "id": "54a673a911d26a26b620c355", "venue": {"like": false, "location": {"lng": 99.036988, "cc": "TH", "country": "\u0e1b\u0e23\u0e30\u0e40\u0e17\u0e28\u0e44\u0e17\u0e22", "crossStreet": "2nd Fl., Bldg A", "lat": 18.766178, "address": "promenada resort mall", "labeledLatLngs": [{"label": "display", "lat": 18.766178, "lng": 99.036988}], "formattedAddress": ["promenada resort mall (2nd Fl., Bldg A)", "\u0e1b\u0e23\u0e30\u0e40\u0e17\u0e28\u0e44\u0e17\u0e22"]}, "categories": [{"icon": {"prefix": "https://ss3.4sqi.net/img/categories_v2/food/default_", "suffix": ".png"}, "name": "Restaurant", "id": "4bf58dd8d48988d1c4941735", "pluralName": "Restaurants", "primary": true, "shortName": "Restaurant"}], "verified": false, "contact": {}, "allowMenuUrlEdit": true, "stats": {"tipCount": 3, "usersCount": 50, "checkinsCount": 61}, "id": "52c79e2a11d27b1f480f1f6d", "name": "Kai Yang Ko Rat (\u0e44\u0e01\u0e48\u0e22\u0e48\u0e32\u0e07\u0e42\u0e04\u0e23\u0e32\u0e0a)", "beenHere": {"lastCheckinExpiredAt": 0}}, "suffix": "/103731975_2-GWaFafbht3QTWQrH9kUJVeXoGyYOeVk7twNPUe0TM.jpg", "visibility": "public"}, {"height": 1440, "source": {"url": "https://foursquare.com/download/#/iphone", "name": "Foursquare for iOS"}, "tip": {"agreeCount": 0, "canonicalUrl": "https://foursquare.com/item/54a39f5d498e3219de8b3b98", "todo": {"count": 0}, "logView": true, "disagreeCount": 0, "createdAt": 1420009309, "id": "54a39f5d498e3219de8b3b98", "text": "Their mushroom Tom Yum was excellent!!! Everything else was so-so. Probably, won't be coming her again unless they are the only ones not busy @StarAvenue.", "likes": {"groups": [], "count": 0}, "like": false, "type": "user"}, "width": 1920, "prefix": "https://igx.4sqi.net/img/general/", "createdAt": 1420009319, "id": "54a39f67498ea5125587de84", "venue": {"like": false, "location": {"formattedAddress": ["Star Avenue Lifestyle Mall (2nd Fl)", "\u0e40\u0e21\u0e37\u0e2d\u0e07\u0e40\u0e0a\u0e35\u0e22\u0e07\u0e43\u0e2b\u0e21\u0e48", "\u0e40\u0e0a\u0e35\u0e22\u0e07\u0e43\u0e2b\u0e21\u0e48 50000", "\u0e1b\u0e23\u0e30\u0e40\u0e17\u0e28\u0e44\u0e17\u0e22"], "city": "\u0e40\u0e21\u0e37\u0e2d\u0e07\u0e40\u0e0a\u0e35\u0e22\u0e07\u0e43\u0e2b\u0e21\u0e48", "lng": 99.0189278125763, "cc": "TH", "state": "\u0e40\u0e0a\u0e35\u0e22\u0e07\u0e43\u0e2b\u0e21\u0e48", "crossStreet": "2nd Fl", "lat": 18.799941529578927, "address": "Star Avenue Lifestyle Mall", "labeledLatLngs": [{"label": "display", "lat": 18.799941529578927, "lng": 99.0189278125763}], "postalCode": "50000", "country": "\u0e1b\u0e23\u0e30\u0e40\u0e17\u0e28\u0e44\u0e17\u0e22"}, "categories": [{"icon": {"prefix": "https://ss3.4sqi.net/img/categories_v2/food/default_", "suffix": ".png"}, "name": "Restaurant", "id": "4bf58dd8d48988d1c4941735", "pluralName": "Restaurants", "primary": true, "shortName": "Restaurant"}], "verified": false, "contact": {"formattedPhone": "+66 93 308 7773", "phone": "+66933087773"}, "allowMenuUrlEdit": true, "stats": {"tipCount": 9, "usersCount": 1297, "checkinsCount": 1926}, "id": "5400113c498ef26af0983a0c", "name": "Kaikha Caf\u00e9 (\u0e44\u0e01\u0e48\u0e01\u0e32\u0e04\u0e32\u0e40\u0e1f\u0e48)", "beenHere": {"lastCheckinExpiredAt": 0}}, "suffix": "/103731975_kncUbCSdIgpl8HfVDm1xi9PqluWEJ2dUdXmq-TPYhn4.jpg", "visibility": "public"}, {"height": 2448, "source": {"url": "https://foursquare.com", "name": "Foursquare Web"}, "tip": {"agreeCount": 0, "canonicalUrl": "https://foursquare.com/item/549fdb08498ec94b65dbcdd2", "todo": {"count": 0}, "logView": true, "disagreeCount": 0, "createdAt": 1419762440, "id": "549fdb08498ec94b65dbcdd2", "text": "Good Japanese food for a decent price. Thai prices for Japanese food. Not a bad deal. I had the Tempura set for 150 baht and it was awesome!!! Passion Fruit Juice was 45 baht. Good value.", "likes": {"groups": [], "count": 0}, "like": false, "type": "user"}, "width": 3264, "prefix": "https://igx.4sqi.net/img/general/", "createdAt": 1419762455, "id": "549fdb17498ee36374ec62fc", "venue": {"like": false, "location": {"formattedAddress": ["Promenada Resort Mall (1st Fl., Bldg B)", "\u0e40\u0e21\u0e37\u0e2d\u0e07\u0e40\u0e0a\u0e35\u0e22\u0e07\u0e43\u0e2b\u0e21\u0e48", "\u0e40\u0e0a\u0e35\u0e22\u0e07\u0e43\u0e2b\u0e21\u0e48 50000", "\u0e1b\u0e23\u0e30\u0e40\u0e17\u0e28\u0e44\u0e17\u0e22"], "city": "\u0e40\u0e21\u0e37\u0e2d\u0e07\u0e40\u0e0a\u0e35\u0e22\u0e07\u0e43\u0e2b\u0e21\u0e48", "lng": 99.03752088546753, "cc": "TH", "state": "\u0e40\u0e0a\u0e35\u0e22\u0e07\u0e43\u0e2b\u0e21\u0e48", "crossStreet": "1st Fl., Bldg B", "lat": 18.766035892581616, "address": "Promenada Resort Mall", "labeledLatLngs": [{"label": "display", "lat": 18.766035892581616, "lng": 99.03752088546753}], "postalCode": "50000", "country": "\u0e1b\u0e23\u0e30\u0e40\u0e17\u0e28\u0e44\u0e17\u0e22"}, "categories": [{"icon": {"prefix": "https://ss3.4sqi.net/img/categories_v2/food/japanese_", "suffix": ".png"}, "name": "Japanese Restaurant", "id": "4bf58dd8d48988d111941735", "pluralName": "Japanese Restaurants", "primary": true, "shortName": "Japanese"}], "verified": false, "contact": {}, "allowMenuUrlEdit": true, "stats": {"tipCount": 6, "usersCount": 124, "checkinsCount": 203}, "id": "51fdf3a8498e2a8f6a8408ea", "name": "Sachi (\u0e0b\u0e32\u0e0a\u0e34)", "beenHere": {"lastCheckinExpiredAt": 0}}, "suffix": "/103731975_L-rtFPT9Cv4iM5I6tAdqS6OmpS8rC60xKghW6YRCbpc.jpg", "visibility": "public"}, {"height": 1920, "source": {"url": "https://foursquare.com/download/#/iphone", "name": "Foursquare for iOS"}, "tip": {"agreeCount": 1, "canonicalUrl": "https://foursquare.com/item/549848d0498e3522a5f4c19c", "todo": {"count": 0}, "logView": true, "disagreeCount": 0, "createdAt": 1419266256, "id": "549848d0498e3522a5f4c19c", "text": "This place was amazing!!! Wi-Fi needs to be improved. Not a hotel for family or party go-ers as this place is more for relaxation.", "likes": {"groups": [{"items": [{"photo": {"prefix": "https://igx.4sqi.net/img/user/", "suffix": "/103731975-RALDMP1FBFX2AV5O.jpg"}, "id": "103731975", "firstName": "Jeffrey", "gender": "none", "lastName": "Stanley"}], "count": 1, "type": "others"}], "count": 1, "summary": "1 like"}, "like": false, "type": "user"}, "width": 1440, "prefix": "https://igx.4sqi.net/img/general/", "createdAt": 1419266263, "id": "549848d7498e18219abf4d25", "venue": {"url": "http://www.capedarapattaya.com/contact-en.html", "like": false, "location": {"neighborhood": "Pattaya", "address": "256 Na Kluea 20", "labeledLatLngs": [{"label": "display", "lat": 12.954245749102546, "lng": 100.88324895373567}], "postalCode": "20150", "city": "\u0e1a\u0e32\u0e07\u0e25\u0e30\u0e21\u0e38\u0e07", "state": "\u0e0a\u0e25\u0e1a\u0e38\u0e23\u0e35", "cc": "TH", "country": "\u0e1b\u0e23\u0e30\u0e40\u0e17\u0e28\u0e44\u0e17\u0e22", "lat": 12.954245749102546, "lng": 100.88324895373567, "crossStreet": "at Dara Beach", "formattedAddress": ["256 Na Kluea 20 (at Dara Beach)", "\u0e1a\u0e32\u0e07\u0e25\u0e30\u0e21\u0e38\u0e07", "\u0e0a\u0e25\u0e1a\u0e38\u0e23\u0e35 20150", "\u0e1b\u0e23\u0e30\u0e40\u0e17\u0e28\u0e44\u0e17\u0e22"]}, "categories": [{"icon": {"prefix": "https://ss3.4sqi.net/img/categories_v2/travel/resort_", "suffix": ".png"}, "name": "Resort", "id": "4bf58dd8d48988d12f951735", "pluralName": "Resorts", "primary": true, "shortName": "Resort"}], "verified": false, "contact": {"formattedPhone": "+66 38 933 888", "twitter": "capedara", "phone": "+6638933888"}, "allowMenuUrlEdit": true, "stats": {"tipCount": 45, "usersCount": 2595, "checkinsCount": 4270}, "id": "4f7570a0e4b067885071e321", "name": "Cape Dara Resort", "beenHere": {"lastCheckinExpiredAt": 0}}, "suffix": "/103731975_19OKWYDznLJl_AohrqSlVgMe444c6Jq6JBu9NZp_b1c.jpg", "visibility": "public"}, {"height": 1440, "source": {"url": "https://foursquare.com/download/#/iphone", "name": "Foursquare for iOS"}, "tip": {"agreeCount": 5, "canonicalUrl": "https://foursquare.com/item/549693da498e7b8d3949ff9f", "todo": {"count": 1}, "logView": true, "disagreeCount": 0, "createdAt": 1419154394, "id": "549693da498e7b8d3949ff9f", "text": "This was not a bad aquarium. The price was a little high at 500 baht per person. I understand the price, though, it must take a lot of resources to run an underwater aquarium that large.", "likes": {"groups": [{"items": [{"photo": {"prefix": "https://igx.4sqi.net/img/user/", "suffix": "/329425052-S3GX40LBLYGZFTM1.jpg"}, "id": "329425052", "firstName": "\u0e19.\u0e2a", "gender": "female", "lastName": "\u0e19\u0e34\u0e04\u0e21\u0e20\u0e31\u0e01\u0e14\u0e34\u0e4c"}, {"photo": {"prefix": "https://igx.4sqi.net/img/user/", "suffix": "/3550918-HW3TOJQTUV2SGDDQ.jpg"}, "id": "3550918", "firstName": "Akechai", "gender": "male", "lastName": "Ngamviwatsawang"}, {"photo": {"prefix": "https://igx.4sqi.net/img/user/", "suffix": "/103731975-RALDMP1FBFX2AV5O.jpg"}, "id": "103731975", "firstName": "Jeffrey", "gender": "none", "lastName": "Stanley"}], "count": 4, "type": "others"}], "count": 4, "summary": "4 likes"}, "like": false, "type": "user"}, "width": 1920, "prefix": "https://igx.4sqi.net/img/general/", "createdAt": 1419154403, "id": "549693e3498e7e74db11b3c5", "venue": {"url": "http://www.underwaterworldpattaya.com", "like": false, "location": {"formattedAddress": ["22/22 Moo 11 Sukhumvit Rd. (btwn Sukhumvit-Pattaya 56 & 58)", "\u0e1a\u0e32\u0e07\u0e25\u0e30\u0e21\u0e38\u0e07", "\u0e0a\u0e25\u0e1a\u0e38\u0e23\u0e35 20260", "\u0e1b\u0e23\u0e30\u0e40\u0e17\u0e28\u0e44\u0e17\u0e22"], "city": "\u0e1a\u0e32\u0e07\u0e25\u0e30\u0e21\u0e38\u0e07", "lng": 100.89612007141113, "cc": "TH", "state": "\u0e0a\u0e25\u0e1a\u0e38\u0e23\u0e35", "crossStreet": "btwn Sukhumvit-Pattaya 56 & 58", "lat": 12.896725737057036, "address": "22/22 Moo 11 Sukhumvit Rd.", "labeledLatLngs": [{"label": "display", "lat": 12.896725737057036, "lng": 100.89612007141113}], "postalCode": "20260", "country": "\u0e1b\u0e23\u0e30\u0e40\u0e17\u0e28\u0e44\u0e17\u0e22"}, "categories": [{"icon": {"prefix": "https://ss3.4sqi.net/img/categories_v2/arts_entertainment/aquarium_", "suffix": ".png"}, "name": "Aquarium", "id": "4fceea171983d5d06c3e9823", "pluralName": "Aquariums", "primary": true, "shortName": "Aquarium"}], "verified": false, "contact": {"formattedPhone": "+66 38 756 879", "phone": "+6638756879"}, "allowMenuUrlEdit": true, "stats": {"tipCount": 50, "usersCount": 3735, "checkinsCount": 4608}, "id": "4c984965d799a1cd923cb152", "name": "Underwater World Pattaya (\u0e2d\u0e31\u0e19\u0e40\u0e14\u0e2d\u0e23\u0e4c \u0e27\u0e2d\u0e40\u0e15\u0e2d\u0e23\u0e4c \u0e40\u0e27\u0e34\u0e25\u0e4c\u0e14 \u0e1e\u0e31\u0e17\u0e22\u0e32)", "beenHere": {"lastCheckinExpiredAt": 0}}, "suffix": "/103731975_b6B-ED_EuoEm5_tpP6o7NOokgwk2gR1YoIQBo6yH_rs.jpg", "visibility": "public"}, {"height": 1440, "source": {"url": "https://foursquare.com/download/#/iphone", "name": "Foursquare for iOS"}, "tip": {"agreeCount": 0, "canonicalUrl": "https://foursquare.com/item/549518f7498e6cba34ffb6a0", "todo": {"count": 0}, "logView": true, "disagreeCount": 0, "createdAt": 1419057399, "id": "549518f7498e6cba34ffb6a0", "text": "I loved this place. We were able to get a tour by a navy officer, so we got preferential treatment. It's so awesome how the Thai government has a facility to save the turtles. \ud83d\ude00\ud83d\ude03\ud83d\ude00", "likes": {"groups": [], "count": 0}, "like": false, "type": "user"}, "width": 1920, "prefix": "https://igx.4sqi.net/img/general/", "createdAt": 1419057405, "id": "549518fd498e4ec091eb4217", "venue": {"url": "http://www.turtles.navy.mi.th", "like": false, "location": {"formattedAddress": ["Sukhumvit Rd (at ACDC)", "\u0e2a\u0e31\u0e15\u0e2b\u0e35\u0e1a", "\u0e0a\u0e25\u0e1a\u0e38\u0e23\u0e35 20180", "\u0e1b\u0e23\u0e30\u0e40\u0e17\u0e28\u0e44\u0e17\u0e22"], "city": "\u0e2a\u0e31\u0e15\u0e2b\u0e35\u0e1a", "lng": 100.92694621282251, "cc": "TH", "state": "\u0e0a\u0e25\u0e1a\u0e38\u0e23\u0e35", "crossStreet": "at ACDC", "lat": 12.635645242658054, "address": "Sukhumvit Rd", "labeledLatLngs": [{"label": "display", "lat": 12.635645242658054, "lng": 100.92694621282251}], "postalCode": "20180", "country": "\u0e1b\u0e23\u0e30\u0e40\u0e17\u0e28\u0e44\u0e17\u0e22"}, "categories": [{"icon": {"prefix": "https://ss3.4sqi.net/img/categories_v2/parks_outdoors/naturepreserve_", "suffix": ".png"}, "name": "Nature Preserve", "id": "52e81612bcbc57f1066b7a13", "pluralName": "Nature Preserves", "primary": true, "shortName": "Preserve"}], "verified": false, "contact": {"formattedPhone": "+66 38 437 600", "phone": "+6638437600"}, "beenHere": {"lastCheckinExpiredAt": 0}, "stats": {"tipCount": 15, "usersCount": 4004, "checkinsCount": 4410}, "id": "4cc0019c021ca1434d7c5f0c", "name": "Sea Turtles Conservation Center Royal Thai Navy (\u0e28\u0e39\u0e19\u0e22\u0e4c\u0e2d\u0e19\u0e38\u0e23\u0e31\u0e01\u0e29\u0e4c\u0e1e\u0e31\u0e19\u0e18\u0e38\u0e4c\u0e40\u0e15\u0e48\u0e32\u0e17\u0e30\u0e40\u0e25 \u0e01\u0e2d\u0e07\u0e17\u0e31\u0e1e\u0e40\u0e23\u0e37\u0e2d)"}, "suffix": "/103731975_8JSo6fSQMgWpNGLJ7KqgSrcNdE4Z-JWw-OH98QUH10o.jpg", "visibility": "public"}, {"height": 1440, "source": {"url": "https://foursquare.com/download/#/iphone", "name": "Foursquare for iOS"}, "tip": {"agreeCount": 0, "canonicalUrl": "https://foursquare.com/item/54939547498ef42cb6c4d178", "todo": {"count": 0}, "logView": true, "disagreeCount": 0, "createdAt": 1418958151, "id": "54939547498ef42cb6c4d178", "text": "Old airport. Very busy on a Friday morning. Used limousine service to pick us up in minivan so it was very convenient.", "likes": {"groups": [], "count": 0}, "like": false, "type": "user"}, "width": 1920, "prefix": "https://igx.4sqi.net/img/general/", "createdAt": 1418958156, "id": "5493954c498e962da59ee377", "venue": {"url": "http://www.airportthai.co.th/donmueang/th/home.php", "like": false, "location": {"formattedAddress": ["222 Vibhavadi Rangsit Rd", "\u0e14\u0e2d\u0e19\u0e40\u0e21\u0e37\u0e2d\u0e07", "\u0e01\u0e23\u0e38\u0e07\u0e40\u0e17\u0e1e\u0e21\u0e2b\u0e32\u0e19\u0e04\u0e23 10210", "\u0e1b\u0e23\u0e30\u0e40\u0e17\u0e28\u0e44\u0e17\u0e22"], "city": "\u0e14\u0e2d\u0e19\u0e40\u0e21\u0e37\u0e2d\u0e07", "lng": 100.60159166140527, "cc": "TH", "state": "\u0e01\u0e23\u0e38\u0e07\u0e40\u0e17\u0e1e\u0e21\u0e2b\u0e32\u0e19\u0e04\u0e23", "lat": 13.918418403048944, "address": "222 Vibhavadi Rangsit Rd", "postalCode": "10210", "country": "\u0e1b\u0e23\u0e30\u0e40\u0e17\u0e28\u0e44\u0e17\u0e22"}, "categories": [{"icon": {"prefix": "https://ss3.4sqi.net/img/categories_v2/travel/airport_", "suffix": ".png"}, "name": "Airport", "id": "4bf58dd8d48988d1ed931735", "pluralName": "Airports", "primary": true, "shortName": "Airport"}], "verified": false, "contact": {"formattedPhone": "+66 2 535 1679", "phone": "+6625351679", "facebookName": "Don Mueang International Airport", "facebook": "138834389474970"}, "beenHere": {"lastCheckinExpiredAt": 0}, "stats": {"tipCount": 1467, "usersCount": 162473, "checkinsCount": 596920}, "id": "4b2df07cf964a5201bdc24e3", "name": "Don Mueang International Airport (DMK) (\u0e17\u0e48\u0e32\u0e2d\u0e32\u0e01\u0e32\u0e28\u0e22\u0e32\u0e19\u0e14\u0e2d\u0e19\u0e40\u0e21\u0e37\u0e2d\u0e07)"}, "suffix": "/103731975_JBdd_MdukIxzxo6S_C52z9BUq1uQrgtGoy0OaD0MPKU.jpg", "visibility": "public"}, {"height": 1440, "source": {"url": "https://foursquare.com/download/#/iphone", "name": "Foursquare for iOS"}, "tip": {"agreeCount": 0, "canonicalUrl": "https://foursquare.com/item/54854ae3498eed9859f7d1e8", "todo": {"count": 0}, "logView": true, "disagreeCount": 0, "createdAt": 1418021603, "id": "54854ae3498eed9859f7d1e8", "text": "I had the Crispy Crab Fried Rice Noodles with Spicy Salad. Outstanding!!! They have wifi as well.", "likes": {"groups": [], "count": 0}, "like": false, "type": "user"}, "width": 1920, "prefix": "https://igx.4sqi.net/img/general/", "createdAt": 1418021631, "id": "54854aff498ef1ea8fac9e3d", "venue": {"like": false, "location": {"formattedAddress": ["Star Avenue Lifestyle Mall, Nong Pa Krang", "\u0e40\u0e21\u0e37\u0e2d\u0e07\u0e40\u0e0a\u0e35\u0e22\u0e07\u0e43\u0e2b\u0e21\u0e48", "\u0e40\u0e0a\u0e35\u0e22\u0e07\u0e43\u0e2b\u0e21\u0e48 50000", "\u0e1b\u0e23\u0e30\u0e40\u0e17\u0e28\u0e44\u0e17\u0e22"], "city": "\u0e40\u0e21\u0e37\u0e2d\u0e07\u0e40\u0e0a\u0e35\u0e22\u0e07\u0e43\u0e2b\u0e21\u0e48", "lng": 99.01838864186477, "cc": "TH", "state": "\u0e40\u0e0a\u0e35\u0e22\u0e07\u0e43\u0e2b\u0e21\u0e48", "lat": 18.800105792371113, "address": "Star Avenue Lifestyle Mall, Nong Pa Krang", "labeledLatLngs": [{"label": "display", "lat": 18.800105792371113, "lng": 99.01838864186477}], "postalCode": "50000", "country": "\u0e1b\u0e23\u0e30\u0e40\u0e17\u0e28\u0e44\u0e17\u0e22"}, "categories": [{"icon": {"prefix": "https://ss3.4sqi.net/img/categories_v2/food/thai_", "suffix": ".png"}, "name": "Thai Restaurant", "id": "4bf58dd8d48988d149941735", "pluralName": "Thai Restaurants", "primary": true, "shortName": "Thai"}], "verified": false, "contact": {"formattedPhone": "+66 85 677 0558", "phone": "+66856770558"}, "allowMenuUrlEdit": true, "stats": {"tipCount": 8, "usersCount": 238, "checkinsCount": 299}, "id": "51d409ae498e009c26dc88a6", "name": "Khun Nai Mae (\u0e02\u0e19\u0e21\u0e08\u0e35\u0e19\u0e04\u0e38\u0e13\u0e19\u0e32\u0e22\u0e41\u0e21\u0e48)", "beenHere": {"lastCheckinExpiredAt": 0}}, "suffix": "/103731975__MtKnK-ywXs5oWMjJDmBXPsFIGrtrhFrUtKjMNvWfQU.jpg", "visibility": "public"}, {"height": 1440, "source": {"url": "https://foursquare.com/download/#/iphone", "name": "Foursquare for iOS"}, "tip": {"agreeCount": 0, "canonicalUrl": "https://foursquare.com/item/54833c0e498e09a170ec32bd", "todo": {"count": 0}, "logView": true, "disagreeCount": 0, "createdAt": 1417886734, "id": "54833c0e498e09a170ec32bd", "text": "Awesome coffee and fast service considering they were packed.", "likes": {"groups": [], "count": 0}, "like": false, "type": "user"}, "width": 1920, "prefix": "https://igx.4sqi.net/img/general/", "createdAt": 1417886737, "id": "54833c11498e66ccff01a09f", "venue": {"url": "http://www.ristr8to-coffee-chiangmai.com", "like": false, "location": {"formattedAddress": ["15/3 Nimmana Haeminda Rd. (btwn Lane 3 & 5)", "\u0e40\u0e21\u0e37\u0e2d\u0e07\u0e40\u0e0a\u0e35\u0e22\u0e07\u0e43\u0e2b\u0e21\u0e48", "\u0e40\u0e0a\u0e35\u0e22\u0e07\u0e43\u0e2b\u0e21\u0e48 50200", "\u0e1b\u0e23\u0e30\u0e40\u0e17\u0e28\u0e44\u0e17\u0e22"], "city": "\u0e40\u0e21\u0e37\u0e2d\u0e07\u0e40\u0e0a\u0e35\u0e22\u0e07\u0e43\u0e2b\u0e21\u0e48", "lng": 98.96715581417084, "cc": "TH", "state": "\u0e40\u0e0a\u0e35\u0e22\u0e07\u0e43\u0e2b\u0e21\u0e48", "crossStreet": "btwn Lane 3 & 5", "lat": 18.799123933509282, "address": "15/3 Nimmana Haeminda Rd.", "labeledLatLngs": [{"label": "display", "lat": 18.799123933509282, "lng": 98.96715581417084}], "postalCode": "50200", "country": "\u0e1b\u0e23\u0e30\u0e40\u0e17\u0e28\u0e44\u0e17\u0e22"}, "categories": [{"icon": {"prefix": "https://ss3.4sqi.net/img/categories_v2/food/coffeeshop_", "suffix": ".png"}, "name": "Coffee Shop", "id": "4bf58dd8d48988d1e0931735", "pluralName": "Coffee Shops", "primary": true, "shortName": "Coffee Shop"}], "verified": false, "contact": {"formattedPhone": "+66 53 215 278", "phone": "+6653215278", "facebookName": "Doppio Ristr8to \" Latte Art Cafe \"", "facebookUsername": "ristr8to", "facebook": "154626027937654"}, "allowMenuUrlEdit": true, "stats": {"tipCount": 277, "usersCount": 6810, "checkinsCount": 12159}, "id": "4df88002d164d347cc72a67b", "name": "Ristr8to\u00b2 (\u0e14\u0e2d\u0e1b\u0e1b\u0e34\u0e42\u0e2d \u0e23\u0e35\u0e2a\u0e40\u0e15\u0e23\u0e2a\u0e42\u0e15\u0e49) (\u0e14\u0e2d\u0e1b\u0e1b\u0e34\u0e42\u0e2d \u0e23\u0e35\u0e2a\u0e40\u0e15\u0e23\u0e2a\u0e42\u0e15\u0e49)", "beenHere": {"lastCheckinExpiredAt": 0}}, "suffix": "/103731975_SMUNfyCtV7CL7v6XIcUOAsygRV_suF1CJlhxojuocyw.jpg", "visibility": "public"}, {"height": 1440, "source": {"url": "https://foursquare.com/download/#/iphone", "name": "Foursquare for iOS"}, "tip": {"agreeCount": 0, "canonicalUrl": "https://foursquare.com/item/5483386e498ee9d637a23007", "todo": {"count": 0}, "logView": true, "disagreeCount": 0, "createdAt": 1417885806, "id": "5483386e498ee9d637a23007", "text": "Great western food. Great customer service. Calzones are Awesome!!!", "likes": {"groups": [], "count": 0}, "like": false, "type": "user"}, "width": 1920, "prefix": "https://igx.4sqi.net/img/general/", "createdAt": 1417885809, "id": "54833871498ee85ee4c6453a", "venue": {"like": false, "location": {"formattedAddress": ["120 Moo 1 (National Hwy 121, near Ratchapruek Rd.)", "\u0e2b\u0e32\u0e07\u0e14\u0e07", "\u0e40\u0e0a\u0e35\u0e22\u0e07\u0e43\u0e2b\u0e21\u0e48 50230", "\u0e1b\u0e23\u0e30\u0e40\u0e17\u0e28\u0e44\u0e17\u0e22"], "city": "\u0e2b\u0e32\u0e07\u0e14\u0e07", "lng": 98.93135560041975, "cc": "TH", "state": "\u0e40\u0e0a\u0e35\u0e22\u0e07\u0e43\u0e2b\u0e21\u0e48", "crossStreet": "National Hwy 121, near Ratchapruek Rd.", "lat": 18.737303248050857, "address": "120 Moo 1", "labeledLatLngs": [{"label": "display", "lat": 18.737303248050857, "lng": 98.93135560041975}], "postalCode": "50230", "country": "\u0e1b\u0e23\u0e30\u0e40\u0e17\u0e28\u0e44\u0e17\u0e22"}, "categories": [{"icon": {"prefix": "https://ss3.4sqi.net/img/categories_v2/food/pizza_", "suffix": ".png"}, "name": "Pizza Place", "id": "4bf58dd8d48988d1ca941735", "pluralName": "Pizza Places", "primary": true, "shortName": "Pizza"}], "verified": false, "contact": {"formattedPhone": "+66 53 431 659", "phone": "+6653431659"}, "allowMenuUrlEdit": true, "stats": {"tipCount": 38, "usersCount": 1670, "checkinsCount": 2986}, "id": "4b3de969f964a5205b9725e3", "name": "Mr. Chan & Miss Pauline (\u0e21\u0e34\u0e2a\u0e40\u0e15\u0e2d\u0e23\u0e4c\u0e0a\u0e32\u0e0d & \u0e21\u0e34\u0e2a \u0e1e\u0e2d\u0e25\u0e25\u0e35\u0e19)", "beenHere": {"lastCheckinExpiredAt": 0}}, "suffix": "/103731975_CYToSDYLxRXjEVZA4Dt98fQe9QoaERWcLzMD6SfxGaI.jpg", "visibility": "public"}, {"height": 1920, "source": {"url": "https://foursquare.com/download/#/iphone", "name": "Foursquare for iOS"}, "tip": {"agreeCount": 0, "canonicalUrl": "https://foursquare.com/item/54830038498e98e5ffc64b93", "todo": {"count": 0}, "logView": true, "disagreeCount": 0, "createdAt": 1417871416, "id": "54830038498e98e5ffc64b93", "text": "Great customer service.", "likes": {"groups": [], "count": 0}, "like": false, "type": "user"}, "width": 1433, "prefix": "https://igx.4sqi.net/img/general/", "createdAt": 1417871419, "id": "5483003b498e5f7f5b8539d7", "venue": {"like": false, "location": {"formattedAddress": ["Central Festival Chiang Mai (3rd Fl.)", "\u0e40\u0e21\u0e37\u0e2d\u0e07\u0e40\u0e0a\u0e35\u0e22\u0e07\u0e43\u0e2b\u0e21\u0e48", "\u0e40\u0e0a\u0e35\u0e22\u0e07\u0e43\u0e2b\u0e21\u0e48 50000", "\u0e1b\u0e23\u0e30\u0e40\u0e17\u0e28\u0e44\u0e17\u0e22"], "city": "\u0e40\u0e21\u0e37\u0e2d\u0e07\u0e40\u0e0a\u0e35\u0e22\u0e07\u0e43\u0e2b\u0e21\u0e48", "lng": 99.01828611108164, "cc": "TH", "state": "\u0e40\u0e0a\u0e35\u0e22\u0e07\u0e43\u0e2b\u0e21\u0e48", "crossStreet": "3rd Fl.", "lat": 18.80615537928712, "address": "Central Festival Chiang Mai", "labeledLatLngs": [{"label": "display", "lat": 18.80615537928712, "lng": 99.01828611108164}], "postalCode": "50000", "country": "\u0e1b\u0e23\u0e30\u0e40\u0e17\u0e28\u0e44\u0e17\u0e22"}, "categories": [{"icon": {"prefix": "https://ss3.4sqi.net/img/categories_v2/shops/technology_", "suffix": ".png"}, "name": "IT Services", "id": "52f2ab2ebcbc57f1066b8b36", "pluralName": "IT Services", "primary": true, "shortName": "IT Services"}], "verified": false, "contact": {}, "allowMenuUrlEdit": true, "stats": {"tipCount": 1, "usersCount": 374, "checkinsCount": 627}, "id": "5332b3f511d2bafc518b1041", "name": "True Shop", "beenHere": {"lastCheckinExpiredAt": 0}}, "suffix": "/103731975_E-M3zclQPRXgF67rcUX_0JDM8XJBr6Kh0_NodM84s7U.jpg", "visibility": "public"}], "count": 21}, "totalCount": 21}}