{"meta": {"code": 200, "requestId": "595ae8be9fb6b77b779cbdec"}, "notifications": [{"item": {"unreadCount": 0}, "type": "notificationTray"}], "response": {"photos": {"items": [{"height": 345, "source": {"url": "https://foursquare.com/download/#/blackberry", "name": "Foursquare for BlackBerry"}, "width": 460, "prefix": "https://igx.4sqi.net/img/general/", "createdAt": 1316233812, "id": "4e7422541838f91889456ee2", "venue": {"venueRatingBlacklisted": true, "like": false, "location": {"city": "Pasig", "state": "Pasig", "isFuzzed": true, "cc": "PH", "country": "Pilipinas", "lat": 14.588538861007729, "lng": 121.09656369704494, "formattedAddress": ["Pasig City", "Pasig", "Pilipinas"]}, "categories": [{"icon": {"prefix": "https://ss3.4sqi.net/img/categories_v2/building/home_", "suffix": ".png"}, "name": "Home (private)", "id": "4bf58dd8d48988d103941735", "pluralName": "Homes (private)", "primary": true, "shortName": "Home"}], "verified": false, "contact": {}, "beenHere": {"lastCheckinExpiredAt": 0}, "stats": {"tipCount": 2, "usersCount": 43, "checkinsCount": 311}, "id": "4cf967be34c1a093b7d8390e", "name": "Home"}, "suffix": "/1ADID2SXRGZQAYC2QKTIL4IABBGUS4DYFVGEAR31VZABEUFZ.jpg", "visibility": "public"}, {"height": 345, "source": {"url": "https://foursquare.com/download/#/blackberry", "name": "Foursquare for BlackBerry"}, "width": 460, "prefix": "https://igx.4sqi.net/img/general/", "createdAt": 1314265724, "id": "4e561a7cb993e0d194038dd3", "venue": {"url": "http://inquiry@eastwoodcity.com", "like": false, "location": {"formattedAddress": ["Eastwood Ave.", "1110 Quezon City", "Quezon City", "Pilipinas"], "city": "Quezon City", "lng": 121.07998341143977, "cc": "PH", "state": "Quezon City", "lat": 14.609098170290482, "address": "Eastwood Ave.", "postalCode": "1110", "country": "Pilipinas"}, "categories": [{"icon": {"prefix": "https://ss3.4sqi.net/img/categories_v2/shops/mall_", "suffix": ".png"}, "name": "Shopping Mall", "id": "4bf58dd8d48988d1fd941735", "pluralName": "Shopping Malls", "primary": true, "shortName": "Mall"}], "verified": false, "contact": {"formattedPhone": "+63 2 709 9888", "twitter": "megaworldmalls", "phone": "+6327099888"}, "beenHere": {"lastCheckinExpiredAt": 0}, "stats": {"tipCount": 376, "usersCount": 34360, "checkinsCount": 168067}, "id": "4bc9ad8eb6c49c7499c18e91", "name": "Eastwood City"}, "suffix": "/3UKCENC2OIRBHNDVXAYFN4EI4G4DVATKIHMDRJTXY1CTVODY.jpg", "visibility": "public"}], "count": 2}, "totalCount": 2}}