{"response": {"photos": {"items": [{"id": "4fbb7ba2e4b0756c0d26504d", "createdAt": 1337686946, "height": 720, "visibility": "public", "source": {"url": "https://foursquare.com/download/#/android", "name": "Foursquare for Android"}, "prefix": "https://igx.4sqi.net/img/general/", "venue": {"id": "4b937f4bf964a520064634e3", "like": false, "stats": {"checkinsCount": 7992, "tipCount": 51, "usersCount": 5027}, "url": "http://peranakanplace.com", "beenHere": {"lastCheckinExpiredAt": 0}, "categories": [{"id": "4bf58dd8d48988d116941735", "primary": true, "icon": {"prefix": "https://ss3.4sqi.net/img/categories_v2/nightlife/pub_", "suffix": ".png"}, "pluralName": "Bars", "shortName": "Bar", "name": "Bar"}], "verified": false, "allowMenuUrlEdit": true, "location": {"crossStreet": "180 Orchard Rd", "labeledLatLngs": [{"lng": 103.83920019635198, "label": "display", "lat": 1.3014524028192807}], "lat": 1.3014524028192807, "postalCode": "238865", "city": "Singapore", "formattedAddress": ["Peranakan Place (180 Orchard Rd)", "238865", "Singapore"], "lng": 103.83920019635198, "address": "Peranakan Place", "country": "Singapore", "cc": "SG"}, "contact": {}, "name": "Alley Bar"}, "width": 540, "suffix": "/Ig4QK5syVmDbeigPWmgDhdXLqzHbA48-vUUiWN3HUwk.jpg"}, {"id": "4fbb7b7ae4b0b67c86321638", "createdAt": 1337686906, "height": 720, "visibility": "public", "source": {"url": "https://foursquare.com/download/#/android", "name": "Foursquare for Android"}, "prefix": "https://igx.4sqi.net/img/general/", "venue": {"id": "4b937f4bf964a520064634e3", "like": false, "stats": {"checkinsCount": 7992, "tipCount": 51, "usersCount": 5027}, "url": "http://peranakanplace.com", "beenHere": {"lastCheckinExpiredAt": 0}, "categories": [{"id": "4bf58dd8d48988d116941735", "primary": true, "icon": {"prefix": "https://ss3.4sqi.net/img/categories_v2/nightlife/pub_", "suffix": ".png"}, "pluralName": "Bars", "shortName": "Bar", "name": "Bar"}], "verified": false, "allowMenuUrlEdit": true, "location": {"crossStreet": "180 Orchard Rd", "labeledLatLngs": [{"lng": 103.83920019635198, "label": "display", "lat": 1.3014524028192807}], "lat": 1.3014524028192807, "postalCode": "238865", "city": "Singapore", "formattedAddress": ["Peranakan Place (180 Orchard Rd)", "238865", "Singapore"], "lng": 103.83920019635198, "address": "Peranakan Place", "country": "Singapore", "cc": "SG"}, "contact": {}, "name": "Alley Bar"}, "width": 540, "suffix": "/skjP26ZxHXOhMtSF3t4N3qaCp5V7EDmrbagbWOAlu3E.jpg"}, {"id": "4ed20afa5c5c9528fb41c75a", "createdAt": 1322388218, "height": 720, "visibility": "public", "source": {"url": "https://foursquare.com/download/#/android", "name": "Foursquare for Android"}, "prefix": "https://igx.4sqi.net/img/general/", "venue": {"id": "4e7482f7ae60c32850b0e654", "closed": true, "stats": {"checkinsCount": 1471, "tipCount": 44, "usersCount": 1016}, "like": false, "beenHere": {"lastCheckinExpiredAt": 0}, "categories": [{"id": "4bf58dd8d48988d1c4941735", "primary": true, "icon": {"prefix": "https://ss3.4sqi.net/img/categories_v2/food/default_", "suffix": ".png"}, "pluralName": "Restaurants", "shortName": "Restaurant", "name": "Restaurant"}], "verified": false, "allowMenuUrlEdit": true, "location": {"address": "57 Jalan Mempurong", "lat": 1.459444917380963, "city": "Singapore", "formattedAddress": ["57 Jalan Mempurong", "Singapore"], "lng": 103.84358204668783, "labeledLatLngs": [{"lng": 103.84358204668783, "label": "display", "lat": 1.459444917380963}], "country": "Singapore", "cc": "SG"}, "contact": {"facebook": "297911740222373", "facebookName": "Handlebar Singapore", "formattedPhone": "+65 6475 9571", "phone": "+6564759571"}, "name": "Handle Bar"}, "width": 431, "suffix": "/SV1GY2WWYVOA5BVNDMPLAGLDH5TH4FYPTUFVUDHKF0JHEFCY.jpg"}, {"id": "4eb50a10991165b762394f80", "createdAt": 1320487440, "height": 720, "visibility": "public", "source": {"url": "https://foursquare.com/download/#/android", "name": "Foursquare for Android"}, "prefix": "https://igx.4sqi.net/img/general/", "venue": {"closed": true, "like": false, "allowMenuUrlEdit": true, "location": {"crossStreet": "Bayfront Ave", "lat": 1.2848881001969819, "postalCode": "018972", "city": "Singapore", "formattedAddress": ["L1-85 Bay Level, The Shoppes at Marina Bay Sands (Bayfront Ave)", "018972", "Singapore"], "lng": 103.85880073319325, "address": "L1-85 Bay Level, The Shoppes at Marina Bay Sands", "country": "Singapore", "cc": "SG"}, "id": "4cfe59057f2db1f719d33cd4", "beenHere": {"lastCheckinExpiredAt": 0}, "stats": {"checkinsCount": 2335, "tipCount": 31, "usersCount": 1349}, "url": "http://www.southcoast.com.sg", "categories": [{"id": "4bf58dd8d48988d169941735", "primary": true, "icon": {"prefix": "https://ss3.4sqi.net/img/categories_v2/food/australian_", "suffix": ".png"}, "pluralName": "Australian Restaurants", "shortName": "Australian", "name": "Australian Restaurant"}], "verified": false, "contact": {"formattedPhone": "+65 6688 7600", "phone": "+6566887600"}, "name": "South Coast"}, "width": 431, "suffix": "/0ZYG3CD22B05WOPKVGWN2QLL00EFVKHX34OTVV4GPNHLFOVY.jpg"}, {"id": "4eb4f3eef790d87d028324e3", "createdAt": 1320481774, "tip": {"id": "4eb4f3e9be7bfc284a172b55", "createdAt": 1320481769, "like": false, "todo": {"count": 0}, "text": "Take off your pants and call me daddy!", "logView": true, "disagreeCount": 0, "canonicalUrl": "https://foursquare.com/item/4eb4f3e9be7bfc284a172b55", "type": "user", "likes": {"count": 0, "groups": []}, "agreeCount": 0}, "height": 720, "visibility": "public", "source": {"url": "https://foursquare.com/download/#/android", "name": "Foursquare for Android"}, "prefix": "https://igx.4sqi.net/img/general/", "venue": {"id": "4b07e91ff964a520090123e3", "like": false, "stats": {"checkinsCount": 5403, "tipCount": 42, "usersCount": 3804}, "url": "http://nabins.com", "beenHere": {"lastCheckinExpiredAt": 0}, "categories": [{"id": "4bf58dd8d48988d115941735", "primary": true, "icon": {"prefix": "https://ss3.4sqi.net/img/categories_v2/food/middleeastern_", "suffix": ".png"}, "pluralName": "Middle Eastern Restaurants", "shortName": "Middle Eastern", "name": "Middle Eastern Restaurant"}], "verified": false, "allowMenuUrlEdit": true, "location": {"address": "27 Bali Ln", "lat": 1.3009673650678797, "postalCode": "189863", "city": "Singapore", "formattedAddress": ["27 Bali Ln", "189863", "Singapore"], "lng": 103.8583760815641, "labeledLatLngs": [{"lng": 103.8583760815641, "label": "display", "lat": 1.3009673650678797}], "country": "Singapore", "cc": "SG"}, "contact": {"formattedPhone": "+65 6299 3267", "phone": "+6562993267"}, "name": "Nabins"}, "width": 431, "suffix": "/HDP3OAMNZSRUIM3DKX15G3WTWNA1WB5CJG3S2UINIMJLTF25.jpg"}, {"id": "4ea168fe8231f6dc69926612", "createdAt": 1319201022, "height": 431, "visibility": "public", "source": {"url": "https://foursquare.com/download/#/android", "name": "Foursquare for Android"}, "prefix": "https://igx.4sqi.net/img/general/", "venue": {"id": "4c404b40af052d7fbf847b79", "like": false, "stats": {"checkinsCount": 665, "tipCount": 9, "usersCount": 232}, "beenHere": {"lastCheckinExpiredAt": 0}, "categories": [{"id": "50327c8591d4c4b30a586d5d", "primary": true, "icon": {"prefix": "https://ss3.4sqi.net/img/categories_v2/food/brewery_", "suffix": ".png"}, "pluralName": "Breweries", "shortName": "Brewery", "name": "Brewery"}], "verified": false, "allowMenuUrlEdit": true, "location": {"address": "29 Seah Street", "lat": 1.296151894020317, "postalCode": "188385", "city": "Singapore", "formattedAddress": ["29 Seah Street", "188385", "Singapore"], "lng": 103.854650528095, "labeledLatLngs": [{"lng": 103.854650528095, "label": "display", "lat": 1.296151894020317}], "country": "Singapore", "cc": "SG"}, "contact": {}, "name": "Shanghai Jazz"}, "width": 720, "suffix": "/KFW3MLEMV1GSKBL4SLPQW3TWOA4B1HXME4MFEDFJG2HDO55H.jpg"}], "count": 6}, "totalCount": 6}, "meta": {"code": 200, "requestId": "595a76ea6a6071143bcc55b8"}, "notifications": [{"item": {"unreadCount": 0}, "type": "notificationTray"}]}