{"meta": {"code": 200, "requestId": "595b37be4434b96bff513c9f"}, "notifications": [{"item": {"unreadCount": 0}, "type": "notificationTray"}], "response": {"photos": {"items": [{"height": 538, "source": {"url": "https://foursquare.com/download/#/iphone", "name": "Foursquare for iOS"}, "width": 720, "prefix": "https://igx.4sqi.net/img/general/", "createdAt": 1310008396, "id": "4e15244cfa764fb14ae528e8", "venue": {"venueRatingBlacklisted": true, "like": false, "location": {"formattedAddress": ["357 Tanglin Rd (btw Jervois Rd & Belvedere Close)", "247960", "Singapore"], "city": "Singapore", "lng": 103.81719684331003, "cc": "SG", "country": "Singapore", "crossStreet": "btw Jervois Rd & Belvedere Close", "lat": 1.293450566110906, "address": "357 Tanglin Rd", "labeledLatLngs": [{"label": "display", "lat": 1.293450566110906, "lng": 103.81719684331003}], "postalCode": "247960"}, "categories": [{"icon": {"prefix": "https://ss3.4sqi.net/img/categories_v2/building/school_", "suffix": ".png"}, "name": "High School", "id": "4bf58dd8d48988d13d941735", "pluralName": "High Schools", "primary": true, "shortName": "High School"}], "verified": false, "contact": {"twitter": "crescentian"}, "beenHere": {"lastCheckinExpiredAt": 0}, "stats": {"tipCount": 11, "usersCount": 488, "checkinsCount": 2321}, "id": "4bbebfdc98f49521dec2d163", "name": "Crescent Girls' School"}, "suffix": "/KKPFA5AOENK2V0VHJDFE1C4GP3FQDFLYEIRQCZ1J5LR4TMPW.jpg", "visibility": "public"}, {"height": 537, "source": {"url": "https://foursquare.com/download/#/iphone", "name": "Foursquare for iOS"}, "width": 720, "prefix": "https://igx.4sqi.net/img/general/", "createdAt": 1308132886, "id": "4df88616a12dc93b5b0cd478", "venue": {"venueRatingBlacklisted": true, "like": false, "location": {"formattedAddress": ["Tampines", "529541", "Singapore"], "city": "Singapore", "lng": 103.94276613507036, "cc": "SG", "country": "Singapore", "lat": 1.3531167537395754, "address": "Tampines", "labeledLatLngs": [{"label": "display", "lat": 1.3531167537395754, "lng": 103.94276613507036}], "postalCode": "529541"}, "categories": [{"icon": {"prefix": "https://ss3.4sqi.net/img/categories_v2/building/default_", "suffix": ".png"}, "name": "Office", "id": "4bf58dd8d48988d124941735", "pluralName": "Offices", "primary": true, "shortName": "Office"}], "verified": false, "contact": {}, "beenHere": {"lastCheckinExpiredAt": 0}, "stats": {"tipCount": 1, "usersCount": 401, "checkinsCount": 2655}, "id": "4b18b49ff964a5204cd523e3", "name": "Tampines Plaza"}, "suffix": "/IYDH1NJBZP1YQNETKSQ53NDRI3FQL2UJXYPJWPOS4IDRLLKI.jpg", "visibility": "public"}], "count": 2}, "totalCount": 2}}