{"meta": {"code": 200, "requestId": "595b1cea4434b96bc831c173"}, "notifications": [{"item": {"unreadCount": 0}, "type": "notificationTray"}], "response": {"photos": {"items": [{"height": 540, "source": {"url": "https://foursquare.com/download/#/iphone", "name": "Foursquare for iOS"}, "width": 720, "prefix": "https://igx.4sqi.net/img/general/", "createdAt": 1340516683, "id": "4fe6a94be4b098f61f0e838b", "venue": {"location": {"formattedAddress": ["14 Scotts Road #01-22 (Far East Plaza)", "228213", "Singapore"], "city": "Singapore", "lng": 103.8334608078003, "cc": "SG", "country": "Singapore", "crossStreet": "Far East Plaza", "lat": 1.30687347467529, "address": "14 Scotts Road #01-22", "labeledLatLngs": [{"label": "display", "lat": 1.30687347467529, "lng": 103.8334608078003}], "postalCode": "228213"}, "contact": {"formattedPhone": "+65 6238 7983", "phone": "+6562387983"}, "verified": true, "allowMenuUrlEdit": true, "stats": {"tipCount": 51, "usersCount": 1906, "checkinsCount": 2503}, "id": "4cea237e948f224b15f8f95d", "storeId": "", "like": false, "categories": [{"icon": {"prefix": "https://ss3.4sqi.net/img/categories_v2/food/japanese_", "suffix": ".png"}, "name": "Japanese Restaurant", "id": "4bf58dd8d48988d111941735", "pluralName": "Japanese Restaurants", "primary": true, "shortName": "Japanese"}], "beenHere": {"lastCheckinExpiredAt": 0}, "name": "Ramen-Ten | Shin Tokyo Sushi\u2122", "venuePage": {"id": "38654453"}}, "suffix": "/Lo3IYGc6bj9h-AQDqKQH3ccpWKHuwjb0nHrQzlQ0IH4.jpg", "visibility": "public"}, {"height": 720, "source": {"url": "https://foursquare.com/download/#/iphone", "name": "Foursquare for iOS"}, "tip": {"agreeCount": 0, "canonicalUrl": "https://foursquare.com/item/4f9fc9e5e4b02b7fdab63498", "todo": {"count": 0}, "logView": true, "disagreeCount": 0, "createdAt": 1335871973, "id": "4f9fc9e5e4b02b7fdab63498", "text": "Nagoya pearl milk tea - not super vanilla. Pearl is ok but wish its a little bit sweeter", "likes": {"groups": [], "count": 0}, "like": false, "type": "user"}, "width": 540, "prefix": "https://igx.4sqi.net/img/general/", "createdAt": 1335871978, "id": "4f9fc9eae4b0dc03c6d8df21", "venue": {"like": false, "location": {"city": "Pasig", "lng": 121.05924433736853, "cc": "PH", "state": "Pasig", "lat": 14.573514376094089, "address": "Ace Water Spa, Kapitolyo, Pasig", "labeledLatLngs": [{"label": "display", "lat": 14.573514376094089, "lng": 121.05924433736853}], "formattedAddress": ["Ace Water Spa, Kapitolyo, Pasig", "Pasig City", "Pasig", "Pilipinas"], "country": "Pilipinas"}, "categories": [{"icon": {"prefix": "https://ss3.4sqi.net/img/categories_v2/food/tearoom_", "suffix": ".png"}, "name": "Tea Room", "id": "4bf58dd8d48988d1dc931735", "pluralName": "Tea Rooms", "primary": true, "shortName": "Tea Room"}], "verified": false, "contact": {}, "allowMenuUrlEdit": true, "stats": {"tipCount": 38, "usersCount": 881, "checkinsCount": 2016}, "id": "4ed4a17abe7b276c5f8ebc7b", "name": "Sharetea", "beenHere": {"lastCheckinExpiredAt": 0}}, "suffix": "/L8yxwiFnQa7Hl-8BNst_vKw6ikundbUZMiCHp0djpYA.jpg", "visibility": "public"}, {"height": 720, "source": {"url": "https://foursquare.com/download/#/iphone", "name": "Foursquare for iOS"}, "tip": {"agreeCount": 0, "canonicalUrl": "https://foursquare.com/item/4f363d60e4b0d26b9fb48916", "todo": {"count": 0}, "logView": true, "disagreeCount": 0, "createdAt": 1328954720, "id": "4f363d60e4b0d26b9fb48916", "text": "Earl milk tea with 3 kinds jelly is so good! - pearl, pudding and herbal jelly.", "likes": {"groups": [], "count": 0}, "like": false, "type": "user"}, "width": 540, "prefix": "https://igx.4sqi.net/img/general/", "createdAt": 1328954747, "id": "4f363d7be4b0948a80bf4476", "venue": {"like": false, "location": {"formattedAddress": ["#01-72, The Shoppes at Marina Bay Sands (10 Bayfront Ave.)", "018956", "Singapore"], "city": "Singapore", "lng": 103.8577938079834, "cc": "SG", "country": "Singapore", "crossStreet": "10 Bayfront Ave.", "lat": 1.2830615419593563, "address": "#01-72, The Shoppes at Marina Bay Sands", "labeledLatLngs": [{"label": "display", "lat": 1.2830615419593563, "lng": 103.8577938079834}], "postalCode": "018956"}, "categories": [{"icon": {"prefix": "https://ss3.4sqi.net/img/categories_v2/food/bubble_", "suffix": ".png"}, "name": "Bubble Tea Shop", "id": "52e81612bcbc57f1066b7a0c", "pluralName": "Bubble Tea Shops", "primary": true, "shortName": "Bubble Tea"}], "verified": false, "contact": {"facebookName": "LiHO Singapore", "facebookUsername": "lihosg", "instagram": "lihosg", "facebook": "106945532684605"}, "allowMenuUrlEdit": true, "stats": {"tipCount": 17, "usersCount": 1775, "checkinsCount": 2761}, "id": "4e5a08e6d22dfba6f47c2ef3", "name": "LiHO", "beenHere": {"lastCheckinExpiredAt": 0}}, "suffix": "/WdX3vfBrO8TdMihAK_eQCFUugZfS2SF3SdTEVIc2Qoo.jpg", "visibility": "public"}, {"height": 720, "source": {"url": "https://foursquare.com/download/#/iphone", "name": "Foursquare for iOS"}, "width": 540, "prefix": "https://igx.4sqi.net/img/general/", "createdAt": 1309259233, "id": "4e09b5e1fd282d90dde4daec", "venue": {"like": false, "location": {"formattedAddress": ["The Fullerton Bay Hotel (80 Collyer Quay)", "049326", "Singapore"], "city": "Singapore", "lng": 103.85377294296326, "cc": "SG", "country": "Singapore", "crossStreet": "80 Collyer Quay", "lat": 1.2833037113265051, "address": "The Fullerton Bay Hotel", "labeledLatLngs": [{"label": "display", "lat": 1.2833037113265051, "lng": 103.85377294296326}], "postalCode": "049326"}, "categories": [{"icon": {"prefix": "https://ss3.4sqi.net/img/categories_v2/nightlife/cocktails_", "suffix": ".png"}, "name": "Cocktail Bar", "id": "4bf58dd8d48988d11e941735", "pluralName": "Cocktail Bars", "primary": true, "shortName": "Cocktail"}], "verified": false, "contact": {}, "allowMenuUrlEdit": true, "stats": {"tipCount": 118, "usersCount": 4172, "checkinsCount": 5635}, "id": "4caf1098c5e6a1cd7e80c9f6", "name": "Lantern", "beenHere": {"lastCheckinExpiredAt": 0}}, "suffix": "/KBHPA5Y1KIMMBM4W5MPN0EO5OHNDE2BSIPAWVBVSEYOTKI2J.jpg", "visibility": "public"}], "count": 4}, "totalCount": 4}}