{"meta": {"code": 200, "requestId": "595b11d76a6071143de3547f"}, "notifications": [{"item": {"unreadCount": 0}, "type": "notificationTray"}], "response": {"photos": {"items": [{"height": 720, "source": {"url": "https://foursquare.com/download/#/iphone", "name": "Foursquare for iOS"}, "width": 537, "prefix": "https://igx.4sqi.net/img/general/", "createdAt": 1320762954, "id": "4eb93e4ad3e3644ca7cffe0b", "venue": {"like": false, "location": {"cc": "SG", "country": "Singapore", "lat": 1.3632739999563614, "lng": 103.75196074204605, "labeledLatLngs": [{"label": "display", "lat": 1.3632739999563614, "lng": 103.75196074204605}], "formattedAddress": ["Singapore"]}, "categories": [{"icon": {"prefix": "https://ss3.4sqi.net/img/categories_v2/parks_outdoors/playground_", "suffix": ".png"}, "name": "Playground", "id": "4bf58dd8d48988d1e7941735", "pluralName": "Playgrounds", "primary": true, "shortName": "Playground"}], "verified": false, "contact": {}, "beenHere": {"lastCheckinExpiredAt": 0}, "stats": {"tipCount": 0, "usersCount": 25, "checkinsCount": 146}, "id": "4d69d0431b63a1cd60fe442d", "name": "Playgrd Between Blk 385 N 384"}, "suffix": "/N3FWGGC3HRVFU2AMN5HSUWK50OJ3OTEGUMYVRTMQJGF4M02O.jpg", "visibility": "public"}, {"height": 720, "source": {"url": "https://foursquare.com/download/#/iphone", "name": "Foursquare for iOS"}, "width": 537, "prefix": "https://igx.4sqi.net/img/general/", "createdAt": 1320762921, "id": "4eb93e29991165b763f8d370", "venue": {"like": false, "location": {"cc": "SG", "country": "Singapore", "lat": 1.3632739999563614, "lng": 103.75196074204605, "labeledLatLngs": [{"label": "display", "lat": 1.3632739999563614, "lng": 103.75196074204605}], "formattedAddress": ["Singapore"]}, "categories": [{"icon": {"prefix": "https://ss3.4sqi.net/img/categories_v2/parks_outdoors/playground_", "suffix": ".png"}, "name": "Playground", "id": "4bf58dd8d48988d1e7941735", "pluralName": "Playgrounds", "primary": true, "shortName": "Playground"}], "verified": false, "contact": {}, "beenHere": {"lastCheckinExpiredAt": 0}, "stats": {"tipCount": 0, "usersCount": 25, "checkinsCount": 146}, "id": "4d69d0431b63a1cd60fe442d", "name": "Playgrd Between Blk 385 N 384"}, "suffix": "/0XT5XPKP321E1EH1JA5OUOQDEKXW15A1KZUJBC5WOBPS4LJ0.jpg", "visibility": "public"}], "count": 2}, "totalCount": 2}}