{"meta": {"code": 200, "requestId": "595b2bb2351e3d64b1019688"}, "notifications": [{"item": {"unreadCount": 0}, "type": "notificationTray"}], "response": {"photos": {"items": [{"height": 1920, "source": {"url": "https://www.swarmapp.com", "name": "Swarm for iOS"}, "width": 1440, "prefix": "https://igx.4sqi.net/img/general/", "createdAt": 1459155847, "id": "56f8f387498e4fc7e4e2fb70", "venue": {"url": "http://www.britishcouncil.org.sg", "like": false, "location": {"formattedAddress": ["30 Napier Rd (Tanglin Rd)", "258509", "Singapore"], "city": "Singapore", "lng": 103.82145524024963, "cc": "SG", "country": "Singapore", "crossStreet": "Tanglin Rd", "lat": 1.3050714984221885, "address": "30 Napier Rd", "labeledLatLngs": [{"label": "display", "lat": 1.3050714984221885, "lng": 103.82145524024963}], "postalCode": "258509"}, "categories": [{"icon": {"prefix": "https://ss3.4sqi.net/img/categories_v2/education/default_", "suffix": ".png"}, "name": "Language School", "id": "52e81612bcbc57f1066b7a48", "pluralName": "Language Schools", "primary": true, "shortName": "Language School"}], "verified": false, "contact": {"formattedPhone": "+65 6473 1111", "twitter": "sgbritish", "phone": "+6564731111"}, "beenHere": {"lastCheckinExpiredAt": 0}, "stats": {"tipCount": 10, "usersCount": 848, "checkinsCount": 2591}, "id": "4b63f3aff964a52078982ae3", "name": "British Council Singapore", "venueRatingBlacklisted": true}, "suffix": "/10458560_0huA6MKL6QMZkYdOhERkXjEGB5Fjad4Pal9oX-n5gn0.jpg", "visibility": "public"}, {"height": 1920, "source": {"url": "https://foursquare.com/download/#/iphone", "name": "Foursquare for iOS"}, "tip": {"agreeCount": 0, "canonicalUrl": "https://foursquare.com/item/56de521c498ebf95b1b5c5cb", "todo": {"count": 0}, "logView": true, "disagreeCount": 0, "createdAt": 1457410588, "id": "56de521c498ebf95b1b5c5cb", "text": "Best braised duck rice!", "likes": {"groups": [], "count": 0}, "like": false, "type": "user"}, "width": 1440, "prefix": "https://igx.4sqi.net/img/general/", "createdAt": 1457410591, "id": "56de521f498e58891b5f3586", "venue": {"like": false, "location": {"cc": "SG", "country": "Singapore", "lat": 1.300789, "lng": 103.854706, "labeledLatLngs": [{"label": "display", "lat": 1.300789, "lng": 103.854706}], "formattedAddress": ["Singapore"]}, "categories": [], "verified": false, "contact": {}, "beenHere": {"lastCheckinExpiredAt": 0}, "stats": {"tipCount": 0, "usersCount": 2, "checkinsCount": 7}, "id": "4d14299ab15cb1f755859e21", "name": "Ser Kee Restaurant"}, "suffix": "/10458560_t-g-RZTOSxY9yf58KEuqsrMMq0FT7fFNP8ThXPYD--Y.jpg", "visibility": "public"}, {"height": 1920, "source": {"url": "https://www.swarmapp.com", "name": "Swarm for iOS"}, "width": 1440, "prefix": "https://igx.4sqi.net/img/general/", "createdAt": 1457167772, "id": "56da9d9c498eb40ced4a8093", "venue": {"location": {"formattedAddress": ["Genting Highlands Resort", "69000 Genting Highlands, Pahang", "Malaysia"], "city": "Genting Highlands", "lng": 101.79232161692171, "cc": "MY", "state": "Pahang", "lat": 3.423986888798062, "address": "Genting Highlands Resort", "postalCode": "69000", "country": "Malaysia"}, "contact": {"twitter": "rw_genting", "facebookName": "Resorts World Genting", "formattedPhone": "+60 3-2718 1118", "phone": "+60327181118", "facebookUsername": "ResortsWorldGenting", "facebook": "180512280998"}, "verified": true, "allowMenuUrlEdit": true, "stats": {"tipCount": 390, "usersCount": 88584, "checkinsCount": 194299}, "id": "4b058802f964a5200cac22e3", "storeId": "", "url": "http://www.rwgenting.com", "like": false, "categories": [{"icon": {"prefix": "https://ss3.4sqi.net/img/categories_v2/arts_entertainment/default_", "suffix": ".png"}, "name": "General Entertainment", "id": "4bf58dd8d48988d1f1931735", "pluralName": "General Entertainment", "primary": true, "shortName": "Entertainment"}], "beenHere": {"lastCheckinExpiredAt": 0}, "name": "Genting Highlands"}, "suffix": "/10458560_cli_NVk3nyxYeP4FKwd-tkK-QBR5D5z9eg-soI88A9A.jpg", "visibility": "public"}, {"height": 1920, "source": {"url": "https://www.swarmapp.com", "name": "Swarm for iOS"}, "width": 1440, "prefix": "https://igx.4sqi.net/img/general/", "createdAt": 1452141926, "id": "568ded66498e68d3536b64a6", "venue": {"url": "http://www.city.himeji.lg.jp/guide/castle/", "like": false, "location": {"formattedAddress": ["\u672c\u753a68", "\u59eb\u8def\u5e02, \u5175\u5eab\u770c", "670-0012", "\u65e5\u672c"], "city": "\u59eb\u8def\u5e02", "lng": 134.69399750232697, "cc": "JP", "state": "\u5175\u5eab\u770c", "neighborhood": "\u59eb\u8def\u5e02", "lat": 34.839335200747364, "address": "\u672c\u753a68", "labeledLatLngs": [{"label": "display", "lat": 34.839335200747364, "lng": 134.69399750232697}], "postalCode": "670-0012", "country": "\u65e5\u672c"}, "categories": [{"icon": {"prefix": "https://ss3.4sqi.net/img/categories_v2/parks_outdoors/beach_", "suffix": ".png"}, "name": "Castle", "id": "50aaa49e4b90af0d42d5de11", "pluralName": "Castles", "primary": true, "shortName": "Castle"}], "verified": false, "contact": {"formattedPhone": "+81 79-285-1146", "phone": "+81792851146"}, "beenHere": {"lastCheckinExpiredAt": 0}, "stats": {"tipCount": 74, "usersCount": 12990, "checkinsCount": 18521}, "id": "4b5bd35ef964a5206d1829e3", "name": "Himeji Castle (\u59eb\u8def\u57ce)"}, "suffix": "/10458560_rSES31KTC-b3XSj0jwMlVMT-anK4h-WxF3Zqz7Mpc6U.jpg", "visibility": "public"}, {"height": 1440, "source": {"url": "https://www.swarmapp.com", "name": "Swarm for iOS"}, "width": 1920, "prefix": "https://igx.4sqi.net/img/general/", "createdAt": 1451970417, "id": "568b4f71498e3aaff4d9fceb", "venue": {"url": "http://nekocafetime.com", "like": false, "location": {"lng": 135.770096, "cc": "JP", "country": "\u65e5\u672c", "lat": 34.968106, "address": "\u4eac\u90fd\u5e02\u4f0f\u898b\u533a\u6df1\u8349\u4e00\u30ce\u576a\u753a12-2 \u4e45\u5b89\u30d3\u30eb2\u968e", "labeledLatLngs": [{"label": "display", "lat": 34.968106, "lng": 135.770096}], "formattedAddress": ["\u4eac\u90fd\u5e02\u4f0f\u898b\u533a\u6df1\u8349\u4e00\u30ce\u576a\u753a12-2 \u4e45\u5b89\u30d3\u30eb2\u968e", "\u65e5\u672c"]}, "categories": [{"icon": {"prefix": "https://ss3.4sqi.net/img/categories_v2/food/cafe_", "suffix": ".png"}, "name": "Caf\u00e9", "id": "4bf58dd8d48988d16d941735", "pluralName": "Caf\u00e9s", "primary": true, "shortName": "Caf\u00e9"}], "verified": false, "contact": {"twitter": "nekocafe_time"}, "allowMenuUrlEdit": true, "stats": {"tipCount": 3, "usersCount": 115, "checkinsCount": 120}, "id": "541692dd498eec6ac4b2039a", "name": "Neko Cafe Time", "beenHere": {"lastCheckinExpiredAt": 0}}, "suffix": "/10458560_udeIY-YmarLxlt435X8rXZL4rV0085n8dGt3l4d_BwQ.jpg", "visibility": "public"}, {"height": 1920, "source": {"url": "https://www.swarmapp.com", "name": "Swarm for iOS"}, "width": 1440, "prefix": "https://igx.4sqi.net/img/general/", "createdAt": 1451877349, "id": "5689e3e5498e85b952f0c12c", "venue": {"like": false, "location": {"formattedAddress": ["\u53f3\u4eac\u533a\u5d6f\u5ce8\u5c0f\u5009\u5c71\u7530\u6df5\u5c71\u753a", "\u4eac\u90fd\u5e02, \u4eac\u90fd\u5e9c", "616-8394", "\u65e5\u672c"], "city": "\u4eac\u90fd\u5e02", "lng": 135.671426653862, "cc": "JP", "state": "\u4eac\u90fd\u5e9c", "neighborhood": "\u53f3\u4eac\u533a", "lat": 35.01681072913055, "address": "\u53f3\u4eac\u533a\u5d6f\u5ce8\u5c0f\u5009\u5c71\u7530\u6df5\u5c71\u753a", "labeledLatLngs": [{"label": "display", "lat": 35.01681072913055, "lng": 135.671426653862}], "postalCode": "616-8394", "country": "\u65e5\u672c"}, "categories": [{"icon": {"prefix": "https://ss3.4sqi.net/img/categories_v2/parks_outdoors/hikingtrail_", "suffix": ".png"}, "name": "Trail", "id": "4bf58dd8d48988d159941735", "pluralName": "Trails", "primary": true, "shortName": "Trail"}], "verified": false, "contact": {}, "beenHere": {"lastCheckinExpiredAt": 0}, "stats": {"tipCount": 146, "usersCount": 14902, "checkinsCount": 16311}, "id": "4ba41893f964a5200a8138e3", "name": "Arashiyama Bamboo Grove (\u7af9\u6797\u306e\u5c0f\u5f84)"}, "suffix": "/10458560_hX1mai9IO7WMTHRXnW6ag7pyTlZR2jMoAGPtPFzW_Uk.jpg", "visibility": "public"}, {"height": 1440, "source": {"url": "https://www.swarmapp.com", "name": "Swarm for iOS"}, "width": 1440, "prefix": "https://igx.4sqi.net/img/general/", "createdAt": 1451815347, "id": "5688f1b3498ec1481faa2af5", "venue": {"url": "http://www.tsukijisushisay.co.jp/store/i_kyoto.html", "like": false, "location": {"country": "\u65e5\u672c", "lng": 135.75799644754102, "cc": "JP", "state": "\u4eac\u90fd\u5e9c", "crossStreet": "\u30b8\u30a7\u30a4\u30a2\u30fc\u30eb\u4eac\u90fd\u4f0a\u52e2\u4e39 11F", "lat": 34.98594458660008, "address": "\u6771\u5869\u5c0f\u8def\u753a901", "labeledLatLngs": [{"label": "display", "lat": 34.98594458660008, "lng": 135.75799644754102}], "formattedAddress": ["\u6771\u5869\u5c0f\u8def\u753a901 (\u30b8\u30a7\u30a4\u30a2\u30fc\u30eb\u4eac\u90fd\u4f0a\u52e2\u4e39 11F)", "\u4eac\u90fd\u5e02\u4e0b\u4eac\u533a, \u4eac\u90fd\u5e9c", "\u65e5\u672c"]}, "categories": [{"icon": {"prefix": "https://ss3.4sqi.net/img/categories_v2/food/sushi_", "suffix": ".png"}, "name": "Sushi Restaurant", "id": "4bf58dd8d48988d1d2941735", "pluralName": "Sushi Restaurants", "primary": true, "shortName": "Sushi"}], "verified": false, "contact": {"formattedPhone": "+81 75-352-6223", "phone": "+81753526223"}, "allowMenuUrlEdit": true, "stats": {"tipCount": 9, "usersCount": 237, "checkinsCount": 264}, "id": "4d1b1e3d2a52b60ccabcf4ff", "name": "Tsukiji Sushi Sai (\u7bc9\u5730\u5bff\u53f8\u6e05 \u4f0a\u52e2\u4e39\u4eac\u90fd\u5e97)", "beenHere": {"lastCheckinExpiredAt": 0}}, "suffix": "/10458560_9sSsV9wD_l5HK-sa39UZhG17GCyGKpyoy2NTBUrvPjE.jpg", "visibility": "public"}, {"height": 1440, "source": {"url": "https://www.swarmapp.com", "name": "Swarm for iOS"}, "width": 1920, "prefix": "https://igx.4sqi.net/img/general/", "createdAt": 1451718850, "id": "568778c2498ef47b33821892", "venue": {"like": false, "location": {"formattedAddress": ["\u4e0b\u4eac\u533a\u6771\u5869\u5c0f\u8def\u9ad8\u5009\u753a8-3", "\u4eac\u90fd\u5e02, \u4eac\u90fd\u5e9c", "600-8214", "\u65e5\u672c"], "city": "\u4eac\u90fd\u5e02", "lng": 135.75895906604217, "cc": "JP", "state": "\u4eac\u90fd\u5e9c", "lat": 34.98523873826426, "address": "\u4e0b\u4eac\u533a\u6771\u5869\u5c0f\u8def\u9ad8\u5009\u753a8-3", "postalCode": "600-8214", "country": "\u65e5\u672c"}, "categories": [{"icon": {"prefix": "https://ss3.4sqi.net/img/categories_v2/travel/trainstation_", "suffix": ".png"}, "name": "Train Station", "id": "4bf58dd8d48988d129951735", "pluralName": "Train Stations", "primary": true, "shortName": "Train Station"}], "verified": false, "contact": {}, "beenHere": {"lastCheckinExpiredAt": 0}, "stats": {"tipCount": 259, "usersCount": 104915, "checkinsCount": 519886}, "id": "4b570e89f964a520b22428e3", "name": "Kyoto Station (\u4eac\u90fd\u99c5)"}, "suffix": "/10458560_FZC8txH6HxIF2u41ojtvvRpdEKndpdX7_n7zhMmDOUw.jpg", "visibility": "public"}, {"height": 1440, "source": {"url": "https://www.swarmapp.com", "name": "Swarm for iOS"}, "width": 1920, "prefix": "https://igx.4sqi.net/img/general/", "createdAt": 1451624695, "id": "568608f7498e8ac5333a81f4", "venue": {"url": "http://www.kyoya-hida.jp", "like": false, "location": {"formattedAddress": ["\u5927\u65b0\u753a1-77", "\u9ad8\u5c71\u5e02, \u5c90\u961c\u770c", "506-0851", "\u65e5\u672c"], "city": "\u9ad8\u5c71\u5e02", "lng": 137.258983, "cc": "JP", "state": "\u5c90\u961c\u770c", "lat": 36.146301, "address": "\u5927\u65b0\u753a1-77", "labeledLatLngs": [{"label": "display", "lat": 36.146301, "lng": 137.258983}], "postalCode": "506-0851", "country": "\u65e5\u672c"}, "categories": [{"icon": {"prefix": "https://ss3.4sqi.net/img/categories_v2/food/japanese_", "suffix": ".png"}, "name": "Japanese Restaurant", "id": "4bf58dd8d48988d111941735", "pluralName": "Japanese Restaurants", "primary": true, "shortName": "Japanese"}], "verified": false, "contact": {"formattedPhone": "+81 577-34-7660", "phone": "+81577347660"}, "allowMenuUrlEdit": true, "stats": {"tipCount": 51, "usersCount": 377, "checkinsCount": 398}, "id": "4cc4faccd43ba1434cc96af8", "name": "\u4eac\u3084", "beenHere": {"lastCheckinExpiredAt": 0}}, "suffix": "/10458560_VAU5DMxxf_YCSbIxCvbxZXAebCoKjeLZGxUOvWzupvU.jpg", "visibility": "public"}, {"height": 1440, "source": {"url": "https://www.swarmapp.com", "name": "Swarm for iOS"}, "width": 1920, "prefix": "https://igx.4sqi.net/img/general/", "createdAt": 1451617936, "id": "5685ee90498e3d43ef215a56", "venue": {"url": "http://www.shirakawa-go.gr.jp", "like": false, "location": {"formattedAddress": ["\u5927\u5b57\u837b\u753a2495-3", "\u767d\u5ddd\u6751, \u5c90\u961c\u770c", "501-5627", "\u65e5\u672c"], "city": "\u767d\u5ddd\u6751", "lng": 136.90285563468933, "cc": "JP", "state": "\u5c90\u961c\u770c", "neighborhood": "\u767d\u5ddd\u6751", "lat": 36.25652465446684, "address": "\u5927\u5b57\u837b\u753a2495-3", "labeledLatLngs": [{"label": "display", "lat": 36.25652465446684, "lng": 136.90285563468933}], "postalCode": "501-5627", "country": "\u65e5\u672c"}, "categories": [{"icon": {"prefix": "https://ss3.4sqi.net/img/categories_v2/arts_entertainment/historicsite_", "suffix": ".png"}, "name": "Historic Site", "id": "4deefb944765f83613cdba6e", "pluralName": "Historic Sites", "primary": true, "shortName": "Historic Site"}], "verified": false, "contact": {"formattedPhone": "+81 5769-6-3111", "phone": "+81576963111"}, "beenHere": {"lastCheckinExpiredAt": 0}, "stats": {"tipCount": 84, "usersCount": 11439, "checkinsCount": 13497}, "id": "4b5a6f39f964a520e2c428e3", "name": "Shirakawa-go (\u767d\u5ddd\u90f7)"}, "suffix": "/10458560_bUd8xSp8afSi81Ev0iiA1ZBjhZFK5TOqtGb558TGYG0.jpg", "visibility": "public"}, {"height": 1440, "source": {"url": "https://www.swarmapp.com", "name": "Swarm for iOS"}, "width": 1920, "prefix": "https://igx.4sqi.net/img/general/", "createdAt": 1451549811, "id": "5684e473498e5568a4aab538", "venue": {"url": "http://www.pref.ishikawa.jp/siro-niwa/kanazawajou/", "like": false, "location": {"formattedAddress": ["\u4e38\u306e\u5185", "\u91d1\u6ca2\u5e02, \u77f3\u5ddd\u770c", "920-0937", "\u65e5\u672c"], "city": "\u91d1\u6ca2\u5e02", "lng": 136.6605341846131, "cc": "JP", "state": "\u77f3\u5ddd\u770c", "lat": 36.56562693537423, "address": "\u4e38\u306e\u5185", "labeledLatLngs": [{"label": "display", "lat": 36.56562693537423, "lng": 136.6605341846131}], "postalCode": "920-0937", "country": "\u65e5\u672c"}, "categories": [{"icon": {"prefix": "https://ss3.4sqi.net/img/categories_v2/parks_outdoors/park_", "suffix": ".png"}, "name": "Park", "id": "4bf58dd8d48988d163941735", "pluralName": "Parks", "primary": true, "shortName": "Park"}], "verified": false, "contact": {"formattedPhone": "+81 76-234-3800", "phone": "+81762343800"}, "beenHere": {"lastCheckinExpiredAt": 0}, "stats": {"tipCount": 22, "usersCount": 6504, "checkinsCount": 7665}, "id": "4b59b31bf964a520859328e3", "name": "Kanazawa Castle Park (\u91d1\u6ca2\u57ce\u516c\u5712)"}, "suffix": "/10458560_9swQgvImESvkc-mhAbwilcmkd2ktksfvdpcrxJJlwQQ.jpg", "visibility": "public"}, {"height": 1440, "source": {"url": "https://www.swarmapp.com", "name": "Swarm for iOS"}, "width": 1920, "prefix": "https://igx.4sqi.net/img/general/", "createdAt": 1448785605, "id": "565ab6c5498eb4653a550e97", "venue": {"venueRatingBlacklisted": true, "like": false, "location": {"formattedAddress": ["262 Pasir Panjang Rd", "118628", "Singapore"], "city": "Singapore", "lng": 103.78173975055255, "cc": "SG", "country": "Singapore", "lat": 1.283501083248916, "address": "262 Pasir Panjang Rd", "labeledLatLngs": [{"label": "display", "lat": 1.283501083248916, "lng": 103.78173975055255}], "postalCode": "118628"}, "categories": [{"icon": {"prefix": "https://ss3.4sqi.net/img/categories_v2/parks_outdoors/outdoors_", "suffix": ".png"}, "name": "Other Great Outdoors", "id": "4bf58dd8d48988d162941735", "pluralName": "Other Great Outdoors", "primary": true, "shortName": "Other Outdoors"}], "verified": false, "contact": {}, "allowMenuUrlEdit": true, "stats": {"tipCount": 36, "usersCount": 4458, "checkinsCount": 6994}, "id": "4b06c53af964a520f0ef22e3", "name": "Haw Par Villa (\u864e\u8c79\u522b\u5885)", "beenHere": {"lastCheckinExpiredAt": 0}}, "suffix": "/10458560_VxATI6blgPwYb_abZr3nssM8pe1RsUxhCpHf0o3L0gA.jpg", "visibility": "public"}, {"height": 1440, "source": {"url": "https://www.swarmapp.com", "name": "Swarm for iOS"}, "width": 1920, "prefix": "https://igx.4sqi.net/img/general/", "createdAt": 1448364616, "id": "56544a48498e24bf7fa86178", "venue": {"like": false, "location": {"formattedAddress": ["#B1-01/02 Liang Ct. (177 River Valley Rd.)", "179030", "Singapore"], "city": "Singapore", "lng": 103.84520687726194, "cc": "SG", "country": "Singapore", "crossStreet": "177 River Valley Rd.", "lat": 1.2915279250235376, "address": "#B1-01/02 Liang Ct.", "labeledLatLngs": [{"label": "display", "lat": 1.2915279250235376, "lng": 103.84520687726194}], "postalCode": "179030"}, "categories": [{"icon": {"prefix": "https://ss3.4sqi.net/img/categories_v2/food/japanese_", "suffix": ".png"}, "name": "Japanese Restaurant", "id": "4bf58dd8d48988d111941735", "pluralName": "Japanese Restaurants", "primary": true, "shortName": "Japanese"}], "verified": false, "contact": {"formattedPhone": "+65 6339 4811", "phone": "+6563394811"}, "allowMenuUrlEdit": true, "stats": {"tipCount": 38, "usersCount": 809, "checkinsCount": 1455}, "id": "4b4c64cff964a52020b226e3", "name": "Nirai Kanai Okinawan Restaurant", "beenHere": {"lastCheckinExpiredAt": 0}}, "suffix": "/10458560_uutYPm01lM9RjDIv_5HC6VIafteojuLXkUKEgFFeutM.jpg", "visibility": "public"}, {"height": 1920, "source": {"url": "https://www.swarmapp.com", "name": "Swarm for iOS"}, "width": 1440, "prefix": "https://igx.4sqi.net/img/general/", "createdAt": 1443692885, "id": "560d0155498ec20ad4d37eaa", "venue": {"like": false, "location": {"city": "Khanna Yao", "lng": 100.6768327246171, "cc": "TH", "state": "\u0e01\u0e23\u0e38\u0e07\u0e40\u0e17\u0e1e\u0e21\u0e2b\u0e32\u0e19\u0e04\u0e23", "lat": 13.826576384719603, "address": "The Promenade", "labeledLatLngs": [{"label": "display", "lat": 13.826576384719603, "lng": 100.6768327246171}], "formattedAddress": ["The Promenade", "Khanna Yao", "\u0e01\u0e23\u0e38\u0e07\u0e40\u0e17\u0e1e\u0e21\u0e2b\u0e32\u0e19\u0e04\u0e23", "\u0e1b\u0e23\u0e30\u0e40\u0e17\u0e28\u0e44\u0e17\u0e22"], "country": "\u0e1b\u0e23\u0e30\u0e40\u0e17\u0e28\u0e44\u0e17\u0e22"}, "categories": [{"icon": {"prefix": "https://ss3.4sqi.net/img/categories_v2/food/ramen_", "suffix": ".png"}, "name": "Ramen Restaurant", "id": "55a59bace4b013909087cb24", "pluralName": "Ramen Restaurants", "primary": true, "shortName": "Ramen"}], "verified": false, "contact": {}, "allowMenuUrlEdit": true, "stats": {"tipCount": 11, "usersCount": 998, "checkinsCount": 1631}, "id": "522efefd11d242f21877d460", "name": "Chabuton Ramen (\u0e0a\u0e32\u0e1a\u0e39\u0e15\u0e07 \u0e23\u0e32\u0e40\u0e21\u0e19)", "beenHere": {"lastCheckinExpiredAt": 0}}, "suffix": "/10458560_xvRllJprTOo8uEOFVykBYZti0h92IjG5bwOpfyqzCx4.jpg", "visibility": "public"}, {"height": 1440, "source": {"url": "https://www.swarmapp.com", "name": "Swarm for iOS"}, "width": 1920, "prefix": "https://igx.4sqi.net/img/general/", "createdAt": 1442740142, "id": "55fe77ae498ed347a2d407f5", "venue": {"location": {"formattedAddress": ["#B1-04/05, Shaw House (350 Orchard Rd.)", "238868", "Singapore"], "city": "Singapore", "lng": 103.83169363431202, "cc": "SG", "country": "Singapore", "crossStreet": "350 Orchard Rd.", "lat": 1.3052310308716533, "address": "#B1-04/05, Shaw House", "labeledLatLngs": [{"label": "display", "lat": 1.3052310308716533, "lng": 103.83169363431202}], "postalCode": "238868"}, "contact": {"formattedPhone": "+65 6836 4644", "phone": "+6568364644", "facebookName": "SANPOUTEI RAMEN", "facebookUsername": "sanpouteisg", "facebook": "512981942149399"}, "verified": false, "allowMenuUrlEdit": true, "stats": {"tipCount": 33, "usersCount": 617, "checkinsCount": 949}, "menu": {"url": "http://sanpoutei.sg/menu", "label": "Menu", "anchor": "View Menu", "mobileUrl": "http://sanpoutei.sg/menu", "type": "Menu", "externalUrl": "http://sanpoutei.sg/menu"}, "beenHere": {"lastCheckinExpiredAt": 0}, "url": "http://sanpoutei.sg", "like": false, "categories": [{"icon": {"prefix": "https://ss3.4sqi.net/img/categories_v2/food/ramen_", "suffix": ".png"}, "name": "Ramen Restaurant", "id": "55a59bace4b013909087cb24", "pluralName": "Ramen Restaurants", "primary": true, "shortName": "Ramen"}], "id": "54007e97498e0bcc5f61d220", "name": "Sanpoutei Ramen \u4e09\u5b9d\u4ead"}, "suffix": "/10458560_1RrgGy0MOlVv88ClQIvmCDo6lA--kHIUQwRAPuQFMuM.jpg", "visibility": "public"}, {"height": 1920, "source": {"url": "https://www.swarmapp.com", "name": "Swarm for iOS"}, "width": 1440, "prefix": "https://igx.4sqi.net/img/general/", "createdAt": 1435900234, "id": "5596194a498e5aae3dbc404f", "venue": {"url": "http://www.fareastplaza.com.sg", "like": false, "location": {"formattedAddress": ["14 Scotts Rd", "228213", "Singapore"], "city": "Singapore", "lng": 103.83335794932573, "cc": "SG", "country": "Singapore", "lat": 1.307316734376448, "address": "14 Scotts Rd", "postalCode": "228213"}, "categories": [{"icon": {"prefix": "https://ss3.4sqi.net/img/categories_v2/shops/mall_", "suffix": ".png"}, "name": "Shopping Mall", "id": "4bf58dd8d48988d1fd941735", "pluralName": "Shopping Malls", "primary": true, "shortName": "Mall"}], "verified": false, "contact": {"formattedPhone": "+65 6734 2325", "phone": "+6567342325"}, "beenHere": {"lastCheckinExpiredAt": 0}, "stats": {"tipCount": 224, "usersCount": 39371, "checkinsCount": 116753}, "id": "4b058814f964a5209bb022e3", "name": "Far East Plaza"}, "suffix": "/10458560_PYESxHRzcqmSF-OiWQRKitDrpzjXxQqDBM0D8isM_Bk.jpg", "visibility": "public"}, {"height": 1440, "source": {"url": "https://www.swarmapp.com", "name": "Swarm for iOS"}, "width": 1920, "prefix": "https://igx.4sqi.net/img/general/", "createdAt": 1435830023, "id": "55950707498eac0b1dfe7b14", "venue": {"location": {"formattedAddress": ["#01-85 Capitol Piazza (15 Stamford Road)", "178906", "Singapore"], "city": "Singapore", "lng": 103.85142896915265, "cc": "SG", "country": "Singapore", "crossStreet": "15 Stamford Road", "lat": 1.2935837819528053, "address": "#01-85 Capitol Piazza", "labeledLatLngs": [{"label": "display", "lat": 1.2935837819528053, "lng": 103.85142896915265}], "postalCode": "178906"}, "contact": {"formattedPhone": "+65 6384 3310", "phone": "+6563843310", "facebookName": "Dazzling Cafe \u871c\u7cd6\u5410\u53f8\u5c08\u8ce3\u5e97 Singapore", "facebookUsername": "dazzlingcafesg", "facebook": "796447477109680"}, "verified": false, "allowMenuUrlEdit": true, "stats": {"tipCount": 18, "usersCount": 994, "checkinsCount": 1217}, "menu": {"url": "https://attachment.fbsbx.com/file_download.php?eid=ASuHmgjbRs3uqDqw9dzD3b3eKh7v3a0R8YTNr0Mf9tth20Laf_hBm5yT6AGd1LBsugw&inline=1&hash=ASu9ShSqcLnne9vY&id=1394623864193134&ext=1431004803", "label": "Menu", "anchor": "View Menu", "mobileUrl": "https://attachment.fbsbx.com/file_download.php?eid=ASuHmgjbRs3uqDqw9dzD3b3eKh7v3a0R8YTNr0Mf9tth20Laf_hBm5yT6AGd1LBsugw&inline=1&hash=ASu9ShSqcLnne9vY&id=1394623864193134&ext=1431004803", "type": "Menu", "externalUrl": "https://attachment.fbsbx.com/file_download.php?eid=ASuHmgjbRs3uqDqw9dzD3b3eKh7v3a0R8YTNr0Mf9tth20Laf_hBm5yT6AGd1LBsugw&inline=1&hash=ASu9ShSqcLnne9vY&id=1394623864193134&ext=1431004803"}, "beenHere": {"lastCheckinExpiredAt": 0}, "url": "http://www.dazzlingcafe.sg", "like": false, "categories": [{"icon": {"prefix": "https://ss3.4sqi.net/img/categories_v2/food/dessert_", "suffix": ".png"}, "name": "Dessert Shop", "id": "4bf58dd8d48988d1d0941735", "pluralName": "Dessert Shops", "primary": true, "shortName": "Desserts"}], "id": "552e0062498e4b5e8940fef0", "name": "Dazzling Cafe \u871c\u7cd6\u5410\u53f8\u5c08\u8ce3\u5e97"}, "suffix": "/10458560__ZmQiVpIyMwD0qlnymfW3tJxaZEFGoMd8dAelGHsDaI.jpg", "visibility": "public"}, {"height": 1440, "source": {"url": "https://www.swarmapp.com", "name": "Swarm for iOS"}, "width": 1440, "prefix": "https://igx.4sqi.net/img/general/", "createdAt": 1434596747, "id": "5582358b498e28ce24a34b7f", "venue": {"url": "http://www.suvarnabhumiairport.com", "like": false, "location": {"formattedAddress": ["999 Moo 1 Debaratana Rd", "Bang Phli", "\u0e2a\u0e21\u0e38\u0e17\u0e23\u0e1b\u0e23\u0e32\u0e01\u0e32\u0e23 10540", "\u0e1b\u0e23\u0e30\u0e40\u0e17\u0e28\u0e44\u0e17\u0e22"], "city": "Bang Phli", "lng": 100.750813100759, "cc": "TH", "state": "\u0e2a\u0e21\u0e38\u0e17\u0e23\u0e1b\u0e23\u0e32\u0e01\u0e32\u0e23", "lat": 13.691941541301341, "address": "999 Moo 1 Debaratana Rd", "postalCode": "10540", "country": "\u0e1b\u0e23\u0e30\u0e40\u0e17\u0e28\u0e44\u0e17\u0e22"}, "categories": [{"icon": {"prefix": "https://ss3.4sqi.net/img/categories_v2/travel/airport_", "suffix": ".png"}, "name": "Airport", "id": "4bf58dd8d48988d1ed931735", "pluralName": "Airports", "primary": true, "shortName": "Airport"}], "verified": false, "contact": {"formattedPhone": "+66 2 132 1888", "phone": "+6621321888", "facebookName": "\u0e17\u0e48\u0e32\u0e2d\u0e32\u0e01\u0e32\u0e28\u0e22\u0e32\u0e19\u0e2a\u0e38\u0e27\u0e23\u0e23\u0e13\u0e20\u0e39\u0e21\u0e34 | Suvarnabhumi Airport BKK", "facebook": "150141328359552"}, "beenHere": {"lastCheckinExpiredAt": 0}, "stats": {"tipCount": 3345, "usersCount": 326662, "checkinsCount": 1314362}, "id": "4af833a6f964a5205a0b22e3", "name": "Suvarnabhumi Airport (BKK) (\u0e17\u0e48\u0e32\u0e2d\u0e32\u0e01\u0e32\u0e28\u0e22\u0e32\u0e19\u0e2a\u0e38\u0e27\u0e23\u0e23\u0e13\u0e20\u0e39\u0e21\u0e34)", "storeId": ""}, "suffix": "/10458560_aXxPgyqJyJ8SdBFidQgmKKFXTIjChTtv6myYT5Q8qqc.jpg", "visibility": "public"}, {"height": 1440, "source": {"url": "https://www.swarmapp.com", "name": "Swarm for iOS"}, "width": 1920, "prefix": "https://igx.4sqi.net/img/general/", "createdAt": 1434204918, "id": "557c3af6498e1fd6b122cdbd", "venue": {"url": "http://www.somboonseafood.com", "like": false, "location": {"formattedAddress": ["167/9-12 Ratchadaphisek Rd. (Huai Khwang Intersection)", "Din Daeng", "\u0e01\u0e23\u0e38\u0e07\u0e40\u0e17\u0e1e\u0e21\u0e2b\u0e32\u0e19\u0e04\u0e23 10320", "\u0e1b\u0e23\u0e30\u0e40\u0e17\u0e28\u0e44\u0e17\u0e22"], "city": "Din Daeng", "lng": 100.57357544226826, "cc": "TH", "state": "\u0e01\u0e23\u0e38\u0e07\u0e40\u0e17\u0e1e\u0e21\u0e2b\u0e32\u0e19\u0e04\u0e23", "crossStreet": "Huai Khwang Intersection", "lat": 13.777794327970586, "address": "167/9-12 Ratchadaphisek Rd.", "labeledLatLngs": [{"label": "display", "lat": 13.777794327970586, "lng": 100.57357544226826}], "postalCode": "10320", "country": "\u0e1b\u0e23\u0e30\u0e40\u0e17\u0e28\u0e44\u0e17\u0e22"}, "categories": [{"icon": {"prefix": "https://ss3.4sqi.net/img/categories_v2/food/seafood_", "suffix": ".png"}, "name": "Seafood Restaurant", "id": "4bf58dd8d48988d1ce941735", "pluralName": "Seafood Restaurants", "primary": true, "shortName": "Seafood"}], "verified": false, "contact": {"formattedPhone": "+66 2 692 6850", "phone": "+6626926850"}, "allowMenuUrlEdit": true, "stats": {"tipCount": 115, "usersCount": 4803, "checkinsCount": 7259}, "id": "4c42d45acc410f471960ad61", "name": "Somboon Seafood (\u0e2a\u0e21\u0e1a\u0e39\u0e23\u0e13\u0e4c\u0e42\u0e20\u0e0a\u0e19\u0e32)", "beenHere": {"lastCheckinExpiredAt": 0}}, "suffix": "/10458560_elAIQW9DItfwV6NnRTkMTIetpdZQJYVQ3sxgzTFN64c.jpg", "visibility": "public"}, {"height": 1440, "source": {"url": "https://www.swarmapp.com", "name": "Swarm for iOS"}, "width": 1920, "prefix": "https://igx.4sqi.net/img/general/", "createdAt": 1432304387, "id": "555f3b03498e0dee944fb350", "venue": {"url": "http://www.makansutra.com/eateries-home.aspx?mid=1", "like": false, "location": {"city": "Singapore", "lng": 103.85686433252151, "cc": "SG", "country": "Singapore", "crossStreet": "along Esplanade Bay", "lat": 1.2894900932348528, "address": "Raffles Ave", "labeledLatLngs": [{"label": "display", "lat": 1.2894900932348528, "lng": 103.85686433252151}], "formattedAddress": ["Raffles Ave (along Esplanade Bay)", "Singapore"]}, "categories": [{"icon": {"prefix": "https://ss3.4sqi.net/img/categories_v2/shops/food_foodcourt_", "suffix": ".png"}, "name": "Food Court", "id": "4bf58dd8d48988d120951735", "pluralName": "Food Courts", "primary": true, "shortName": "Food Court"}], "verified": false, "contact": {"twitter": "makansutra", "facebookName": "Makansutra", "formattedPhone": "+65 6438 4038", "phone": "+6564384038", "facebookUsername": "makansutra", "facebook": "264038863100"}, "allowMenuUrlEdit": true, "stats": {"tipCount": 189, "usersCount": 13516, "checkinsCount": 18961}, "id": "4bb9da933db7b713c492229a", "name": "Makansutra Gluttons Bay", "beenHere": {"lastCheckinExpiredAt": 0}}, "suffix": "/10458560_AgzQGhOUOb7JC5kje2XL6KV57GyzSCZbkW7cCIIQL_Y.jpg", "visibility": "public"}, {"height": 1440, "source": {"url": "https://www.swarmapp.com", "name": "Swarm for iOS"}, "width": 1920, "prefix": "https://igx.4sqi.net/img/general/", "createdAt": 1430573851, "id": "5544d31b498ee8aef033cce8", "venue": {"like": false, "location": {"formattedAddress": ["20 Kensington Park Rd. (Serangoon Gardens Way)", "557269", "Singapore"], "city": "Singapore", "lng": 103.86650562286377, "cc": "SG", "country": "Singapore", "lat": 1.3641713454002702, "address": "20 Kensington Park Rd.", "crossStreet": "Serangoon Gardens Way", "postalCode": "557269"}, "categories": [{"icon": {"prefix": "https://ss3.4sqi.net/img/categories_v2/shops/food_foodcourt_", "suffix": ".png"}, "name": "Food Court", "id": "4bf58dd8d48988d120951735", "pluralName": "Food Courts", "primary": true, "shortName": "Food Court"}], "verified": false, "contact": {}, "allowMenuUrlEdit": true, "stats": {"tipCount": 186, "usersCount": 20643, "checkinsCount": 45313}, "id": "4b6e9931f964a5206dc32ce3", "name": "Chomp Chomp Food Centre", "beenHere": {"lastCheckinExpiredAt": 0}}, "suffix": "/10458560_gTS0YqoUDJ8y0lC42QPKuyVKkbKrEw9YBXGuPYO8Ku8.jpg", "visibility": "public"}, {"height": 1440, "source": {"url": "https://www.swarmapp.com", "name": "Swarm for iOS"}, "width": 1920, "prefix": "https://igx.4sqi.net/img/general/", "createdAt": 1428235814, "id": "55212626498ed8de9f2b715c", "venue": {"url": "http://www.fatboys.sg", "like": false, "location": {"formattedAddress": ["38 Orchard Road", "238836", "Singapore"], "lng": 103.84623726769777, "cc": "SG", "country": "Singapore", "lat": 1.298917408592157, "address": "38 Orchard Road", "labeledLatLngs": [{"label": "display", "lat": 1.298917408592157, "lng": 103.84623726769777}], "postalCode": "238836"}, "categories": [{"icon": {"prefix": "https://ss3.4sqi.net/img/categories_v2/food/burger_", "suffix": ".png"}, "name": "Burger Joint", "id": "4bf58dd8d48988d16c941735", "pluralName": "Burger Joints", "primary": true, "shortName": "Burgers"}], "verified": true, "contact": {"formattedPhone": "+65 6337 3834", "phone": "+6563373834", "facebookName": "Fatboy's The Burger Bar (Upper Thomson)", "facebookUsername": "FatboysUpperThomson", "facebook": "109961549071335"}, "allowMenuUrlEdit": true, "stats": {"tipCount": 23, "usersCount": 964, "checkinsCount": 1159}, "id": "53b3a916498e67235a7cef6c", "name": "Fat Boy's The Burger Bar", "beenHere": {"lastCheckinExpiredAt": 0}}, "suffix": "/10458560_44gN8iG4RQ0PtRpXtdYmXUMyyF_4_agQIBTqspSVVcc.jpg", "visibility": "public"}, {"height": 1440, "source": {"url": "https://www.swarmapp.com", "name": "Swarm for iOS"}, "width": 1920, "prefix": "https://igx.4sqi.net/img/general/", "createdAt": 1427198951, "id": "551153e7498e75f4c190363f", "venue": {"like": false, "location": {"formattedAddress": ["Clarke Quay", "179019", "Singapore"], "city": "Singapore", "lng": 103.84646372818189, "cc": "SG", "country": "Singapore", "lat": 1.2896606442926337, "address": "Clarke Quay", "labeledLatLngs": [{"label": "display", "lat": 1.2896606442926337, "lng": 103.84646372818189}], "postalCode": "179019"}, "categories": [{"icon": {"prefix": "https://ss3.4sqi.net/img/categories_v2/parks_outdoors/river_", "suffix": ".png"}, "name": "Waterfront", "id": "56aa371be4b08b9a8d5734c3", "pluralName": "Waterfronts", "primary": true, "shortName": "Waterfront"}], "verified": false, "contact": {}, "beenHere": {"lastCheckinExpiredAt": 0}, "stats": {"tipCount": 83, "usersCount": 15414, "checkinsCount": 20780}, "id": "4f29050be4b0abca0666bfc4", "name": "Clarke Quay Riverside"}, "suffix": "/10458560_UAqgsFyhlTFTJiHOMD9Ow3FtTys3ybl2qffBoJ_xhGo.jpg", "visibility": "public"}, {"height": 1440, "source": {"url": "https://www.swarmapp.com", "name": "Swarm for iOS"}, "width": 1920, "prefix": "https://igx.4sqi.net/img/general/", "createdAt": 1422872525, "id": "54cf4fcd498ec87a20bd7f7f", "venue": {"like": false, "location": {"lng": 103.85809421539307, "cc": "SG", "country": "Singapore", "crossStreet": "Oasis Food Junction", "lat": 1.307168440903164, "address": "45 Syed Alwi Road", "labeledLatLngs": [{"label": "display", "lat": 1.307168440903164, "lng": 103.85809421539307}], "formattedAddress": ["45 Syed Alwi Road (Oasis Food Junction)", "Singapore"]}, "categories": [{"icon": {"prefix": "https://ss3.4sqi.net/img/categories_v2/food/thai_", "suffix": ".png"}, "name": "Thai Restaurant", "id": "4bf58dd8d48988d149941735", "pluralName": "Thai Restaurants", "primary": true, "shortName": "Thai"}], "verified": false, "contact": {}, "allowMenuUrlEdit": true, "stats": {"tipCount": 5, "usersCount": 52, "checkinsCount": 64}, "id": "5476abb9498ecc35f95d071a", "name": "BaaMee Bangkok", "beenHere": {"lastCheckinExpiredAt": 0}}, "suffix": "/10458560_oN3v03p9tpCefw32fwYu6i3PtOH_KLS-x0zdOc5yfEk.jpg", "visibility": "public"}, {"height": 960, "source": {"url": "https://www.swarmapp.com", "name": "Swarm for iOS"}, "width": 720, "prefix": "https://igx.4sqi.net/img/general/", "createdAt": 1409995976, "id": "540ad4c8498e194834d210b1", "venue": {"like": false, "location": {"formattedAddress": ["Apollo Bay VIC 3233", "Australia"], "city": "Apollo Bay", "state": "VIC", "cc": "AU", "country": "Australia", "lat": -38.758161996510836, "lng": 143.66878522845263, "labeledLatLngs": [{"label": "display", "lat": -38.758161996510836, "lng": 143.66878522845263}], "postalCode": "3233"}, "categories": [{"icon": {"prefix": "https://ss3.4sqi.net/img/categories_v2/food/tapas_", "suffix": ".png"}, "name": "Tapas Restaurant", "id": "4bf58dd8d48988d1db931735", "pluralName": "Tapas Restaurants", "primary": true, "shortName": "Tapas"}], "verified": false, "contact": {}, "allowMenuUrlEdit": true, "stats": {"tipCount": 4, "usersCount": 62, "checkinsCount": 66}, "id": "4bb73a21f562ef3bf7203197", "name": "Chill Restaurant", "beenHere": {"lastCheckinExpiredAt": 0}}, "suffix": "/10458560_PW-h_Yt0HOOCOMCrb3uYHOfWEP5RbwqGdQ3nEbwwo3k.jpg", "visibility": "public"}, {"height": 960, "source": {"url": "https://www.swarmapp.com", "name": "Swarm for iOS"}, "width": 720, "prefix": "https://igx.4sqi.net/img/general/", "createdAt": 1409900191, "id": "54095e9f498e3623a134d9ea", "venue": {"venueRatingBlacklisted": true, "like": false, "location": {"formattedAddress": ["Melbourne VIC 3000", "Australia"], "city": "Melbourne", "state": "VIC", "cc": "AU", "country": "Australia", "lat": -37.812199646259856, "lng": 144.96665553704213, "labeledLatLngs": [{"label": "display", "lat": -37.812199646259856, "lng": 144.96665553704213}], "postalCode": "3000"}, "categories": [{"icon": {"prefix": "https://ss3.4sqi.net/img/categories_v2/parks_outdoors/neighborhood_", "suffix": ".png"}, "name": "Neighborhood", "id": "4f2a25ac4b909258e854f55f", "pluralName": "Neighborhoods", "primary": true, "shortName": "Neighborhood"}], "verified": false, "contact": {}, "beenHere": {"lastCheckinExpiredAt": 0}, "stats": {"tipCount": 24, "usersCount": 5441, "checkinsCount": 10169}, "id": "4b05874af964a520748922e3", "name": "Chinatown"}, "suffix": "/10458560_MJdIdiuVusqf5MpTt5bW3HkMpA6olhUAqXmoO_aAvbA.jpg", "visibility": "public"}, {"height": 960, "source": {"url": "https://www.swarmapp.com", "name": "Swarm for iOS"}, "width": 720, "prefix": "https://igx.4sqi.net/img/general/", "createdAt": 1409897855, "id": "5409557f498e8bf7ea317b4a", "venue": {"hasMenu": true, "location": {"formattedAddress": ["361 Little Lonsdale St (Elizabeth St)", "Melbourne VIC 3000", "Australia"], "city": "Melbourne", "lng": 144.96125757694244, "cc": "AU", "state": "VIC", "crossStreet": "Elizabeth St", "lat": -37.811496149914454, "address": "361 Little Lonsdale St", "labeledLatLngs": [{"label": "display", "lat": -37.811496149914454, "lng": 144.96125757694244}], "postalCode": "3000", "country": "Australia"}, "contact": {"formattedPhone": "+61 450 258 730", "twitter": "1000poundbend", "phone": "+61450258730"}, "verified": false, "allowMenuUrlEdit": true, "stats": {"tipCount": 94, "usersCount": 2736, "checkinsCount": 6324}, "menu": {"label": "Menu", "anchor": "View Menu", "mobileUrl": "https://foursquare.com/v/4b19d0aaf964a520ade423e3/device_menu", "url": "https://foursquare.com/v/1000--bend/4b19d0aaf964a520ade423e3/menu", "type": "Menu"}, "beenHere": {"lastCheckinExpiredAt": 0}, "url": "http://thousandpoundbend.com.au", "like": false, "categories": [{"icon": {"prefix": "https://ss3.4sqi.net/img/categories_v2/nightlife/pub_", "suffix": ".png"}, "name": "Bar", "id": "4bf58dd8d48988d116941735", "pluralName": "Bars", "primary": true, "shortName": "Bar"}], "id": "4b19d0aaf964a520ade423e3", "name": "1000 \u00a3 Bend"}, "suffix": "/10458560_BZWZNQKJbwHeOxMr67kOEe2kOQzdFUmsuu64zPh2kHg.jpg", "visibility": "public"}, {"height": 960, "source": {"url": "https://foursquare.com/download/#/iphone", "name": "Foursquare for iOS"}, "width": 720, "prefix": "https://igx.4sqi.net/img/general/", "createdAt": 1404564776, "id": "53b7f528498e1e6877c401c3", "venue": {"like": false, "location": {"formattedAddress": ["154 Rangoon Rd. (Rangoon Ln.)", "218431", "Singapore"], "city": "Singapore", "lng": 103.85329735080651, "cc": "SG", "country": "Singapore", "crossStreet": "Rangoon Ln.", "lat": 1.3163170962275412, "address": "154 Rangoon Rd.", "labeledLatLngs": [{"label": "display", "lat": 1.3163170962275412, "lng": 103.85329735080651}], "postalCode": "218431"}, "categories": [{"icon": {"prefix": "https://ss3.4sqi.net/img/categories_v2/food/soup_", "suffix": ".png"}, "name": "Soup Place", "id": "4bf58dd8d48988d1dd931735", "pluralName": "Soup Places", "primary": true, "shortName": "Soup"}], "verified": false, "contact": {"formattedPhone": "+65 6292 0938", "phone": "+6562920938"}, "allowMenuUrlEdit": true, "stats": {"tipCount": 34, "usersCount": 1725, "checkinsCount": 2590}, "id": "4e5b6c837d8b966a15e1f4b6", "name": "Legendary Bak Kut Teh \u53d1\u4f20\u4eba\u8089\u9aa8\u8336", "beenHere": {"lastCheckinExpiredAt": 0}}, "suffix": "/10458560_FmC6rvl6Flbuvglrp-UowKcEHXT0vqwJrKKEro-Ti_U.jpg", "visibility": "public"}, {"height": 960, "source": {"url": "https://foursquare.com/download/#/iphone", "name": "Foursquare for iOS"}, "width": 720, "prefix": "https://igx.4sqi.net/img/general/", "createdAt": 1403172127, "id": "53a2b51f498eaca10b7605ed", "venue": {"location": {"formattedAddress": ["347 Balestier Rd", "329777", "Singapore"], "city": "Singapore", "lng": 103.85123647068372, "cc": "SG", "country": "Singapore", "lat": 1.324592491048934, "address": "347 Balestier Rd", "labeledLatLngs": [{"label": "display", "lat": 1.324592491048934, "lng": 103.85123647068372}], "postalCode": "329777"}, "contact": {"formattedPhone": "+65 6352 6192", "phone": "+6563526192", "facebookName": "Founder Bak Kut Teh Cafeteria \u53d1\u8d77\u4eba\u8089\u9aa8\u8336\u9910\u9986", "facebookUsername": "founderbakkutteh", "facebook": "326770072108"}, "verified": false, "allowMenuUrlEdit": true, "stats": {"tipCount": 69, "usersCount": 4885, "checkinsCount": 7305}, "menu": {"url": "http://www.founderbkt.com.sg/menu/food", "label": "Menu", "anchor": "View Menu", "mobileUrl": "http://www.founderbkt.com.sg/menu/food", "type": "Menu", "externalUrl": "http://www.founderbkt.com.sg/menu/food"}, "beenHere": {"lastCheckinExpiredAt": 0}, "url": "http://www.founderbkt.com.sg", "like": false, "categories": [{"icon": {"prefix": "https://ss3.4sqi.net/img/categories_v2/food/asian_", "suffix": ".png"}, "name": "Chinese Restaurant", "id": "4bf58dd8d48988d145941735", "pluralName": "Chinese Restaurants", "primary": true, "shortName": "Chinese"}], "id": "4b29ad83f964a52076a224e3", "name": "Founder Bak Kut Teh"}, "suffix": "/10458560_aJpzjltcVf98bRfa34f9YVOel3Z5lv6GHUrJ9Rhqviw.jpg", "visibility": "public"}, {"height": 720, "source": {"url": "https://foursquare.com/download/#/iphone", "name": "Foursquare for iOS"}, "width": 960, "prefix": "https://igx.4sqi.net/img/general/", "createdAt": 1402899272, "id": "539e8b48498e2df4ca7f691a", "venue": {"url": "http://www.thasiam.co.th", "like": false, "location": {"formattedAddress": ["Fashion Island (B Fl.)", "Khanna Yao", "\u0e01\u0e23\u0e38\u0e07\u0e40\u0e17\u0e1e\u0e21\u0e2b\u0e32\u0e19\u0e04\u0e23 10230", "\u0e1b\u0e23\u0e30\u0e40\u0e17\u0e28\u0e44\u0e17\u0e22"], "city": "Khanna Yao", "lng": 100.67934712833082, "cc": "TH", "state": "\u0e01\u0e23\u0e38\u0e07\u0e40\u0e17\u0e1e\u0e21\u0e2b\u0e32\u0e19\u0e04\u0e23", "crossStreet": "B Fl.", "lat": 13.82499018282357, "address": "Fashion Island", "labeledLatLngs": [{"label": "display", "lat": 13.82499018282357, "lng": 100.67934712833082}], "postalCode": "10230", "country": "\u0e1b\u0e23\u0e30\u0e40\u0e17\u0e28\u0e44\u0e17\u0e22"}, "categories": [{"icon": {"prefix": "https://ss3.4sqi.net/img/categories_v2/food/ramen_", "suffix": ".png"}, "name": "Noodle House", "id": "4bf58dd8d48988d1d1941735", "pluralName": "Noodle Houses", "primary": true, "shortName": "Noodles"}], "verified": false, "contact": {"formattedPhone": "+66 2 560 1700", "phone": "+6625601700"}, "allowMenuUrlEdit": true, "stats": {"tipCount": 28, "usersCount": 1107, "checkinsCount": 1782}, "id": "4b90c8f1f964a520549733e3", "name": "Tha Siam (\u0e17\u0e48\u0e32\u0e2a\u0e22\u0e32\u0e21)", "beenHere": {"lastCheckinExpiredAt": 0}}, "suffix": "/10458560_JcN49OYlw-ALouNx2a4YTwcve1fonhNYvJg_MWYd2X0.jpg", "visibility": "public"}, {"height": 720, "source": {"url": "https://foursquare.com/download/#/iphone", "name": "Foursquare for iOS"}, "width": 960, "prefix": "https://igx.4sqi.net/img/general/", "createdAt": 1402368873, "id": "53967369498ec797380b7f21", "venue": {"url": "http://www.safra.sg", "like": false, "location": {"formattedAddress": ["293 Lor 6 Toa Payoh", "319387", "Singapore"], "city": "Singapore", "lng": 103.85429949336272, "cc": "SG", "country": "Singapore", "lat": 1.3302510313371119, "address": "293 Lor 6 Toa Payoh", "labeledLatLngs": [{"label": "display", "lat": 1.3302510313371119, "lng": 103.85429949336272}], "postalCode": "319387"}, "categories": [{"icon": {"prefix": "https://ss3.4sqi.net/img/categories_v2/building/default_", "suffix": ".png"}, "name": "Club House", "id": "52e81612bcbc57f1066b7a35", "pluralName": "Club Houses", "primary": true, "shortName": "Club"}], "verified": false, "contact": {"formattedPhone": "+65 6259 4000", "phone": "+6562594000"}, "beenHere": {"lastCheckinExpiredAt": 0}, "stats": {"tipCount": 22, "usersCount": 4071, "checkinsCount": 11284}, "id": "4b88ae7cf964a520680832e3", "name": "SAFRA Toa Payoh", "venueRatingBlacklisted": true}, "suffix": "/10458560_KicMGvRF899dYFvT26tr4OW-pYJzoTp0Q8avWrB8mbY.jpg", "visibility": "public"}, {"height": 960, "source": {"url": "https://foursquare.com/download/#/iphone", "name": "Foursquare for iOS"}, "tip": {"agreeCount": 0, "canonicalUrl": "https://foursquare.com/item/536b765511d256a2c3bc7067", "todo": {"count": 0}, "logView": true, "disagreeCount": 0, "createdAt": 1399551573, "id": "536b765511d256a2c3bc7067", "text": "Average taste, not authentic at all, don't order Northern style mince chicken it is a fake one! I will not come back again.", "likes": {"groups": [], "count": 0}, "like": false, "type": "user"}, "width": 720, "prefix": "https://igx.4sqi.net/img/general/", "createdAt": 1399551576, "id": "536b7658498e0b88437d7ce7", "venue": {"like": false, "location": {"formattedAddress": ["#01-390, 508 Bishan St 11 (Bishan St 13)", "570508", "Singapore"], "city": "Singapore", "lng": 103.84926054627824, "cc": "SG", "country": "Singapore", "crossStreet": "Bishan St 13", "lat": 1.3487975271398776, "address": "#01-390, 508 Bishan St 11", "labeledLatLngs": [{"label": "display", "lat": 1.3487975271398776, "lng": 103.84926054627824}], "postalCode": "570508", "neighborhood": "Bishan"}, "categories": [{"icon": {"prefix": "https://ss3.4sqi.net/img/categories_v2/food/thai_", "suffix": ".png"}, "name": "Thai Restaurant", "id": "4bf58dd8d48988d149941735", "pluralName": "Thai Restaurants", "primary": true, "shortName": "Thai"}], "verified": false, "contact": {"formattedPhone": "+65 9276 2629", "phone": "+6592762629"}, "allowMenuUrlEdit": true, "stats": {"tipCount": 28, "usersCount": 699, "checkinsCount": 1241}, "id": "4d9476735241a1cd39815f4b", "name": "Mata Thai Restaurant", "beenHere": {"lastCheckinExpiredAt": 0}}, "suffix": "/10458560_eVDHHuTC7MIJTcmvJbCVEh_OtKbr9KpMUVtrgagJaDg.jpg", "visibility": "public"}, {"height": 960, "source": {"url": "https://foursquare.com/download/#/iphone", "name": "Foursquare for iOS"}, "width": 720, "prefix": "https://igx.4sqi.net/img/general/", "createdAt": 1399008829, "id": "53632e3d498ecbb3661d30d8", "venue": {"like": false, "location": {"formattedAddress": ["#02-48, Wisma Atria (435 Orchard Rd)", "239977", "Singapore"], "city": "Singapore", "lng": 103.83342022001182, "cc": "SG", "country": "Singapore", "crossStreet": "435 Orchard Rd", "lat": 1.3038726352880161, "address": "#02-48, Wisma Atria", "labeledLatLngs": [{"label": "display", "lat": 1.3038726352880161, "lng": 103.83342022001182}], "postalCode": "239977"}, "categories": [{"icon": {"prefix": "https://ss3.4sqi.net/img/categories_v2/food/cafe_", "suffix": ".png"}, "name": "Caf\u00e9", "id": "4bf58dd8d48988d16d941735", "pluralName": "Caf\u00e9s", "primary": true, "shortName": "Caf\u00e9"}], "verified": false, "contact": {"formattedPhone": "+65 6836 2010", "phone": "+6568362010"}, "allowMenuUrlEdit": true, "stats": {"tipCount": 86, "usersCount": 5596, "checkinsCount": 8511}, "id": "50488ef0e4b0424d59059f9c", "name": "Paris Baguette Caf\u00e9", "beenHere": {"lastCheckinExpiredAt": 0}}, "suffix": "/10458560_klEmJeMktiUY7d3Mf4Tg4WGX8QnqlDlYyXn0TceZFgI.jpg", "visibility": "public"}, {"height": 960, "source": {"url": "https://foursquare.com/download/#/iphone", "name": "Foursquare for iOS"}, "width": 720, "prefix": "https://igx.4sqi.net/img/general/", "createdAt": 1392720154, "id": "5303391a498e44e1081935c3", "venue": {"like": false, "location": {"formattedAddress": ["#01-01/02, Riverside Point (30 Merchant Rd)", "058282", "Singapore"], "city": "Clarke Quay", "lng": 103.84483888257202, "cc": "SG", "state": "Singapore", "crossStreet": "30 Merchant Rd", "lat": 1.289090632478102, "address": "#01-01/02, Riverside Point", "labeledLatLngs": [{"label": "display", "lat": 1.289090632478102, "lng": 103.84483888257202}], "postalCode": "058282", "country": "Singapore"}, "categories": [{"icon": {"prefix": "https://ss3.4sqi.net/img/categories_v2/food/seafood_", "suffix": ".png"}, "name": "Seafood Restaurant", "id": "4bf58dd8d48988d1ce941735", "pluralName": "Seafood Restaurants", "primary": true, "shortName": "Seafood"}], "verified": false, "contact": {"formattedPhone": "+65 6532 3435", "phone": "+6565323435"}, "allowMenuUrlEdit": true, "stats": {"tipCount": 146, "usersCount": 6603, "checkinsCount": 7699}, "id": "4b62be31f964a520fc502ae3", "name": "Jumbo Seafood Restaurant", "beenHere": {"lastCheckinExpiredAt": 0}}, "suffix": "/10458560_Yu387KFqr2wRuwSq8UW4O7bgZN8orHLyg0BaowWFKVc.jpg", "visibility": "public"}, {"height": 959, "source": {"url": "https://foursquare.com/download/#/iphone", "name": "Foursquare for iOS"}, "width": 717, "prefix": "https://igx.4sqi.net/img/general/", "createdAt": 1356863161, "id": "50e016b9e4b05f2b013c7386", "venue": {"like": false, "location": {"formattedAddress": ["Fashion Island", "Khanna Yao", "\u0e01\u0e23\u0e38\u0e07\u0e40\u0e17\u0e1e\u0e21\u0e2b\u0e32\u0e19\u0e04\u0e23 10230", "\u0e1b\u0e23\u0e30\u0e40\u0e17\u0e28\u0e44\u0e17\u0e22"], "city": "Khanna Yao", "lng": 100.67887395308297, "cc": "TH", "state": "\u0e01\u0e23\u0e38\u0e07\u0e40\u0e17\u0e1e\u0e21\u0e2b\u0e32\u0e19\u0e04\u0e23", "lat": 13.82475333834404, "address": "Fashion Island", "labeledLatLngs": [{"label": "display", "lat": 13.82475333834404, "lng": 100.67887395308297}], "postalCode": "10230", "country": "\u0e1b\u0e23\u0e30\u0e40\u0e17\u0e28\u0e44\u0e17\u0e22"}, "categories": [{"icon": {"prefix": "https://ss3.4sqi.net/img/categories_v2/food/ramen_", "suffix": ".png"}, "name": "Noodle House", "id": "4bf58dd8d48988d1d1941735", "pluralName": "Noodle Houses", "primary": true, "shortName": "Noodles"}], "verified": false, "contact": {}, "allowMenuUrlEdit": true, "stats": {"tipCount": 22, "usersCount": 1263, "checkinsCount": 2026}, "id": "4fa66d46e4b0d9052659d541", "name": "\u0e40\u0e22\u0e47\u0e19\u0e15\u0e32\u0e42\u0e1f\u0e40\u0e04\u0e23\u0e37\u0e48\u0e2d\u0e07\u0e17\u0e23\u0e07 \u0e2d.\u0e21\u0e31\u0e25\u0e25\u0e34\u0e01\u0e32\u0e23\u0e4c", "beenHere": {"lastCheckinExpiredAt": 0}}, "suffix": "/10458560_aPWoKjh9CzGSjxphkyeGSshUWFJ0SU7mBSK5GHt54LU.jpg", "visibility": "public"}, {"height": 717, "source": {"url": "https://foursquare.com/download/#/iphone", "name": "Foursquare for iOS"}, "width": 959, "prefix": "https://igx.4sqi.net/img/general/", "createdAt": 1356774630, "id": "50debce6e4b04716458f246f", "venue": {"url": "http://www.aroijapan.com/momoparadise/", "like": false, "location": {"formattedAddress": ["The Promenade (2nd., #2008)", "Khanna Yao", "\u0e01\u0e23\u0e38\u0e07\u0e40\u0e17\u0e1e\u0e21\u0e2b\u0e32\u0e19\u0e04\u0e23 10230", "\u0e1b\u0e23\u0e30\u0e40\u0e17\u0e28\u0e44\u0e17\u0e22"], "city": "Khanna Yao", "lng": 100.67673683166504, "cc": "TH", "state": "\u0e01\u0e23\u0e38\u0e07\u0e40\u0e17\u0e1e\u0e21\u0e2b\u0e32\u0e19\u0e04\u0e23", "crossStreet": "2nd., #2008", "lat": 13.826787160344812, "address": "The Promenade", "labeledLatLngs": [{"label": "display", "lat": 13.826787160344812, "lng": 100.67673683166504}], "postalCode": "10230", "country": "\u0e1b\u0e23\u0e30\u0e40\u0e17\u0e28\u0e44\u0e17\u0e22"}, "categories": [{"icon": {"prefix": "https://ss3.4sqi.net/img/categories_v2/food/japanese_", "suffix": ".png"}, "name": "Shabu-Shabu Restaurant", "id": "55a59bace4b013909087cb15", "pluralName": "Shabu-Shabu Restaurants", "primary": true, "shortName": "Shabu-Shabu"}], "verified": false, "contact": {}, "allowMenuUrlEdit": true, "stats": {"tipCount": 23, "usersCount": 1418, "checkinsCount": 2571}, "id": "4fa9a7f9121dd1f9d1c25df0", "name": "Mo-Mo-Paradise (\u0e42\u0e21 \u0e42\u0e21 \u0e1e\u0e32\u0e23\u0e32\u0e44\u0e14\u0e0b\u0e4c) \u30e2\u30fc\u30e2\u30fc\u30d1\u30e9\u30c0\u30a4\u30b9 (\u0e42\u0e21 \u0e42\u0e21 \u0e1e\u0e32\u0e23\u0e32\u0e44\u0e14\u0e0b\u0e4c)", "beenHere": {"lastCheckinExpiredAt": 0}}, "suffix": "/10458560_XVweK9_TMvtFW7csUxO07sZpHL0yMc6tohu91lwj8To.jpg", "visibility": "public"}, {"height": 720, "source": {"url": "https://foursquare.com/download/#/iphone", "name": "Foursquare for iOS"}, "width": 537, "prefix": "https://igx.4sqi.net/img/general/", "createdAt": 1355038948, "id": "50c440e4e4b0e1210856a3af", "venue": {"like": false, "location": {"formattedAddress": ["133 Moo 5 (Phetkasem Rd)", "\u0e40\u0e2b\u0e19\u0e37\u0e2d\u0e04\u0e25\u0e2d\u0e07", "\u0e08\u0e31\u0e07\u0e2b\u0e27\u0e31\u0e14\u0e01\u0e23\u0e30\u0e1a\u0e35\u0e48 81130", "\u0e1b\u0e23\u0e30\u0e40\u0e17\u0e28\u0e44\u0e17\u0e22"], "city": "\u0e40\u0e2b\u0e19\u0e37\u0e2d\u0e04\u0e25\u0e2d\u0e07", "lng": 98.9820039654527, "cc": "TH", "state": "\u0e08\u0e31\u0e07\u0e2b\u0e27\u0e31\u0e14\u0e01\u0e23\u0e30\u0e1a\u0e35\u0e48", "lat": 8.097277550360756, "address": "133 Moo 5", "crossStreet": "Phetkasem Rd", "postalCode": "81130", "country": "\u0e1b\u0e23\u0e30\u0e40\u0e17\u0e28\u0e44\u0e17\u0e22"}, "categories": [{"icon": {"prefix": "https://ss3.4sqi.net/img/categories_v2/travel/airport_", "suffix": ".png"}, "name": "Airport", "id": "4bf58dd8d48988d1ed931735", "pluralName": "Airports", "primary": true, "shortName": "Airport"}], "verified": false, "contact": {"formattedPhone": "+66 75 636 541", "phone": "+6675636541"}, "beenHere": {"lastCheckinExpiredAt": 0}, "stats": {"tipCount": 259, "usersCount": 29584, "checkinsCount": 52365}, "id": "4b750bc1f964a5201afc2de3", "name": "Krabi International Airport (KBV) (\u0e17\u0e48\u0e32\u0e2d\u0e32\u0e01\u0e32\u0e28\u0e22\u0e32\u0e19\u0e19\u0e32\u0e19\u0e32\u0e0a\u0e32\u0e15\u0e34\u0e01\u0e23\u0e30\u0e1a\u0e35\u0e48)"}, "suffix": "/10458560_FjdGINzrLPRug45BPyxQsIsHPEKCegzuTA0fNwVsLxY.jpg", "visibility": "public"}, {"height": 720, "source": {"url": "https://foursquare.com/download/#/iphone", "name": "Foursquare for iOS"}, "width": 537, "prefix": "https://igx.4sqi.net/img/general/", "createdAt": 1354849485, "id": "50c15ccde4b08e7068356021", "venue": {"venueRatingBlacklisted": true, "like": false, "location": {"formattedAddress": ["\u0e01\u0e23\u0e30\u0e1a\u0e35\u0e48", "\u0e08\u0e31\u0e07\u0e2b\u0e27\u0e31\u0e14\u0e01\u0e23\u0e30\u0e1a\u0e35\u0e48 81000", "\u0e1b\u0e23\u0e30\u0e40\u0e17\u0e28\u0e44\u0e17\u0e22"], "city": "\u0e01\u0e23\u0e30\u0e1a\u0e35\u0e48", "state": "\u0e08\u0e31\u0e07\u0e2b\u0e27\u0e31\u0e14\u0e01\u0e23\u0e30\u0e1a\u0e35\u0e48", "cc": "TH", "country": "\u0e1b\u0e23\u0e30\u0e40\u0e17\u0e28\u0e44\u0e17\u0e22", "lat": 7.816951107269932, "lng": 98.79771252073556, "labeledLatLngs": [{"label": "display", "lat": 7.816951107269932, "lng": 98.79771252073556}], "postalCode": "81000"}, "categories": [{"icon": {"prefix": "https://ss3.4sqi.net/img/categories_v2/parks_outdoors/neighborhood_", "suffix": ".png"}, "name": "Island", "id": "50aaa4314b90af0d42d5de10", "pluralName": "Islands", "primary": true, "shortName": "Island"}], "verified": false, "contact": {}, "beenHere": {"lastCheckinExpiredAt": 0}, "stats": {"tipCount": 51, "usersCount": 3317, "checkinsCount": 3567}, "id": "4baec5aff964a520c4d63be3", "name": "Bamboo Island/Koh Mai Pai (\u0e40\u0e01\u0e32\u0e30\u0e44\u0e21\u0e49\u0e44\u0e1c\u0e48)"}, "suffix": "/10458560__CaspCoOgZloP0nXCL_-ef70nJBigVvi_8sufQPrTmY.jpg", "visibility": "public"}, {"height": 537, "source": {"url": "https://foursquare.com/download/#/iphone", "name": "Foursquare for iOS"}, "width": 720, "prefix": "https://igx.4sqi.net/img/general/", "createdAt": 1353735410, "id": "50b05cf2e4b00b39bd09f53c", "venue": {"url": "http://www.aroijapan.com/momoparadise/", "like": false, "location": {"formattedAddress": ["The Promenade (2nd., #2008)", "Khanna Yao", "\u0e01\u0e23\u0e38\u0e07\u0e40\u0e17\u0e1e\u0e21\u0e2b\u0e32\u0e19\u0e04\u0e23 10230", "\u0e1b\u0e23\u0e30\u0e40\u0e17\u0e28\u0e44\u0e17\u0e22"], "city": "Khanna Yao", "lng": 100.67673683166504, "cc": "TH", "state": "\u0e01\u0e23\u0e38\u0e07\u0e40\u0e17\u0e1e\u0e21\u0e2b\u0e32\u0e19\u0e04\u0e23", "crossStreet": "2nd., #2008", "lat": 13.826787160344812, "address": "The Promenade", "labeledLatLngs": [{"label": "display", "lat": 13.826787160344812, "lng": 100.67673683166504}], "postalCode": "10230", "country": "\u0e1b\u0e23\u0e30\u0e40\u0e17\u0e28\u0e44\u0e17\u0e22"}, "categories": [{"icon": {"prefix": "https://ss3.4sqi.net/img/categories_v2/food/japanese_", "suffix": ".png"}, "name": "Shabu-Shabu Restaurant", "id": "55a59bace4b013909087cb15", "pluralName": "Shabu-Shabu Restaurants", "primary": true, "shortName": "Shabu-Shabu"}], "verified": false, "contact": {}, "allowMenuUrlEdit": true, "stats": {"tipCount": 23, "usersCount": 1418, "checkinsCount": 2571}, "id": "4fa9a7f9121dd1f9d1c25df0", "name": "Mo-Mo-Paradise (\u0e42\u0e21 \u0e42\u0e21 \u0e1e\u0e32\u0e23\u0e32\u0e44\u0e14\u0e0b\u0e4c) \u30e2\u30fc\u30e2\u30fc\u30d1\u30e9\u30c0\u30a4\u30b9 (\u0e42\u0e21 \u0e42\u0e21 \u0e1e\u0e32\u0e23\u0e32\u0e44\u0e14\u0e0b\u0e4c)", "beenHere": {"lastCheckinExpiredAt": 0}}, "suffix": "/10458560_UQKK736IA5-_5cLzIPFRCr7oikOnGmOGXCB2zipdGrA.jpg", "visibility": "public"}, {"height": 537, "source": {"url": "https://foursquare.com/download/#/iphone", "name": "Foursquare for iOS"}, "width": 720, "prefix": "https://igx.4sqi.net/img/general/", "createdAt": 1351950999, "id": "50952297e4b0b538e518b4a2", "venue": {"url": "http://www.boontongkee.com.sg", "like": false, "location": {"formattedAddress": ["399/401/403 Balestier Rd", "329108", "Singapore"], "city": "Singapore", "lng": 103.84953230495121, "cc": "SG", "country": "Singapore", "lat": 1.325625980526099, "address": "399/401/403 Balestier Rd", "labeledLatLngs": [{"label": "display", "lat": 1.325625980526099, "lng": 103.84953230495121}], "postalCode": "329108"}, "categories": [{"icon": {"prefix": "https://ss3.4sqi.net/img/categories_v2/food/asian_", "suffix": ".png"}, "name": "Chinese Restaurant", "id": "4bf58dd8d48988d145941735", "pluralName": "Chinese Restaurants", "primary": true, "shortName": "Chinese"}], "verified": false, "contact": {"formattedPhone": "+65 6256 0138", "phone": "+6562560138"}, "allowMenuUrlEdit": true, "stats": {"tipCount": 96, "usersCount": 5704, "checkinsCount": 8356}, "id": "4bf903af5317a59391aa007f", "name": "Boon Tong Kee", "beenHere": {"lastCheckinExpiredAt": 0}}, "suffix": "/10458560_jSukrIh93dev8GCY7hQFhrSFywJUrPwUwfirSqNSd94.jpg", "visibility": "public"}, {"height": 537, "source": {"url": "https://foursquare.com/download/#/iphone", "name": "Foursquare for iOS"}, "width": 720, "prefix": "https://igx.4sqi.net/img/general/", "createdAt": 1351310727, "id": "508b5d87e4b0ddcb6df523cd", "venue": {"like": false, "location": {"formattedAddress": ["Naval Rating School (\u0e16\u0e19\u0e19\u0e2a\u0e38\u0e02\u0e38\u0e21\u0e27\u0e34\u0e17)", "\u0e2a\u0e31\u0e15\u0e2b\u0e35\u0e1a", "\u0e0a\u0e25\u0e1a\u0e38\u0e23\u0e35 20250", "\u0e1b\u0e23\u0e30\u0e40\u0e17\u0e28\u0e44\u0e17\u0e22"], "city": "\u0e2a\u0e31\u0e15\u0e2b\u0e35\u0e1a", "lng": 100.84161651258705, "cc": "TH", "state": "\u0e0a\u0e25\u0e1a\u0e38\u0e23\u0e35", "crossStreet": "\u0e16\u0e19\u0e19\u0e2a\u0e38\u0e02\u0e38\u0e21\u0e27\u0e34\u0e17", "lat": 12.743304941070239, "address": "Naval Rating School", "labeledLatLngs": [{"label": "display", "lat": 12.743304941070239, "lng": 100.84161651258705}], "postalCode": "20250", "country": "\u0e1b\u0e23\u0e30\u0e40\u0e17\u0e28\u0e44\u0e17\u0e22"}, "categories": [{"icon": {"prefix": "https://ss3.4sqi.net/img/categories_v2/parks_outdoors/beach_", "suffix": ".png"}, "name": "Beach", "id": "4bf58dd8d48988d1e2941735", "pluralName": "Beaches", "primary": true, "shortName": "Beach"}], "verified": false, "contact": {}, "beenHere": {"lastCheckinExpiredAt": 0}, "stats": {"tipCount": 50, "usersCount": 3070, "checkinsCount": 4158}, "id": "4eb10425775b7cb808b8a9ec", "name": "Sai Keaw Beach (\u0e2b\u0e32\u0e14\u0e17\u0e23\u0e32\u0e22\u0e41\u0e01\u0e49\u0e27)"}, "suffix": "/10458560_4Nv-q4u-QDAoT732nSyste95z3I_nBJvhpyImFfaGm0.jpg", "visibility": "public"}, {"height": 720, "source": {"url": "https://foursquare.com/download/#/iphone", "name": "Foursquare for iOS"}, "width": 537, "prefix": "https://igx.4sqi.net/img/general/", "createdAt": 1350803305, "id": "50839f69e4b0ac00f636160f", "venue": {"closed": true, "like": false, "location": {"formattedAddress": ["The Promenade (2nd Fl.)", "Khanna Yao", "\u0e01\u0e23\u0e38\u0e07\u0e40\u0e17\u0e1e\u0e21\u0e2b\u0e32\u0e19\u0e04\u0e23 10230", "\u0e1b\u0e23\u0e30\u0e40\u0e17\u0e28\u0e44\u0e17\u0e22"], "city": "Khanna Yao", "lng": 100.67666216577277, "cc": "TH", "state": "\u0e01\u0e23\u0e38\u0e07\u0e40\u0e17\u0e1e\u0e21\u0e2b\u0e32\u0e19\u0e04\u0e23", "lat": 13.826696719648373, "address": "The Promenade", "crossStreet": "2nd Fl.", "postalCode": "10230", "country": "\u0e1b\u0e23\u0e30\u0e40\u0e17\u0e28\u0e44\u0e17\u0e22"}, "categories": [{"icon": {"prefix": "https://ss3.4sqi.net/img/categories_v2/food/korean_", "suffix": ".png"}, "name": "Korean Restaurant", "id": "4bf58dd8d48988d113941735", "pluralName": "Korean Restaurants", "primary": true, "shortName": "Korean"}], "verified": false, "contact": {}, "allowMenuUrlEdit": true, "stats": {"tipCount": 17, "usersCount": 685, "checkinsCount": 919}, "id": "4faa5429e4b0afe1f1eb3fea", "name": "JeongWon (\u0e08\u0e2d\u0e07\u0e27\u0e2d\u0e19)", "beenHere": {"lastCheckinExpiredAt": 0}}, "suffix": "/10458560_Hj7EVnlEF9iwjoWJTEUoEXW-U0wNVXQM52NmQnrHDrQ.jpg", "visibility": "public"}, {"height": 720, "source": {"url": "https://foursquare.com/download/#/iphone", "name": "Foursquare for iOS"}, "width": 537, "prefix": "https://igx.4sqi.net/img/general/", "createdAt": 1349532465, "id": "50703b31e4b08aa6047c41de", "venue": {"url": "http://www.pda.or.th/restaurant/", "like": false, "location": {"formattedAddress": ["10 Sukhumvit 12", "\u0e04\u0e25\u0e2d\u0e07\u0e40\u0e15\u0e22", "\u0e01\u0e23\u0e38\u0e07\u0e40\u0e17\u0e1e\u0e21\u0e2b\u0e32\u0e19\u0e04\u0e23 10110", "\u0e1b\u0e23\u0e30\u0e40\u0e17\u0e28\u0e44\u0e17\u0e22"], "city": "\u0e04\u0e25\u0e2d\u0e07\u0e40\u0e15\u0e22", "lng": 100.557876, "cc": "TH", "state": "\u0e01\u0e23\u0e38\u0e07\u0e40\u0e17\u0e1e\u0e21\u0e2b\u0e32\u0e19\u0e04\u0e23", "lat": 13.735942, "address": "10 Sukhumvit 12", "labeledLatLngs": [{"label": "display", "lat": 13.735942, "lng": 100.557876}], "postalCode": "10110", "country": "\u0e1b\u0e23\u0e30\u0e40\u0e17\u0e28\u0e44\u0e17\u0e22"}, "categories": [{"icon": {"prefix": "https://ss3.4sqi.net/img/categories_v2/food/thai_", "suffix": ".png"}, "name": "Thai Restaurant", "id": "4bf58dd8d48988d149941735", "pluralName": "Thai Restaurants", "primary": true, "shortName": "Thai"}], "verified": false, "contact": {"formattedPhone": "+66 2 229 4610", "phone": "+6622294610"}, "allowMenuUrlEdit": true, "stats": {"tipCount": 116, "usersCount": 4270, "checkinsCount": 5393}, "id": "4b0fe2b2f964a520d76523e3", "name": "Cabbages and Condoms", "beenHere": {"lastCheckinExpiredAt": 0}}, "suffix": "/10458560_v6IcJKGwdnkoE79cvOxCacbIoCAeDjVQ2ZhaJlpCQTw.jpg", "visibility": "public"}, {"height": 720, "source": {"url": "https://foursquare.com/download/#/iphone", "name": "Foursquare for iOS"}, "width": 537, "prefix": "https://igx.4sqi.net/img/general/", "createdAt": 1345613332, "id": "50346e14e4b0bd1420cc8736", "venue": {"like": false, "location": {"formattedAddress": ["1568/1  \u0e0b\u0e2d\u0e22\u0e25\u0e32\u0e14\u0e01\u0e23\u0e30\u0e1a\u0e31\u0e07 42/4 (\u0e2d\u0e48\u0e2d\u0e19\u0e19\u0e38\u0e0a-\u0e25\u0e32\u0e14\u0e01\u0e23\u0e30\u0e1a\u0e31\u0e07)", "\u0e25\u0e32\u0e14\u0e01\u0e23\u0e30\u0e1a\u0e31\u0e07", "\u0e01\u0e23\u0e38\u0e07\u0e40\u0e17\u0e1e\u0e21\u0e2b\u0e32\u0e19\u0e04\u0e23 10520", "\u0e1b\u0e23\u0e30\u0e40\u0e17\u0e28\u0e44\u0e17\u0e22"], "city": "\u0e25\u0e32\u0e14\u0e01\u0e23\u0e30\u0e1a\u0e31\u0e07", "lng": 100.77170065855869, "cc": "TH", "state": "\u0e01\u0e23\u0e38\u0e07\u0e40\u0e17\u0e1e\u0e21\u0e2b\u0e32\u0e19\u0e04\u0e23", "crossStreet": "\u0e2d\u0e48\u0e2d\u0e19\u0e19\u0e38\u0e0a-\u0e25\u0e32\u0e14\u0e01\u0e23\u0e30\u0e1a\u0e31\u0e07", "lat": 13.721570293913013, "address": "1568/1  \u0e0b\u0e2d\u0e22\u0e25\u0e32\u0e14\u0e01\u0e23\u0e30\u0e1a\u0e31\u0e07 42/4", "labeledLatLngs": [{"label": "display", "lat": 13.721570293913013, "lng": 100.77170065855869}], "postalCode": "10520", "country": "\u0e1b\u0e23\u0e30\u0e40\u0e17\u0e28\u0e44\u0e17\u0e22"}, "categories": [{"icon": {"prefix": "https://ss3.4sqi.net/img/categories_v2/food/ramen_", "suffix": ".png"}, "name": "Noodle House", "id": "4bf58dd8d48988d1d1941735", "pluralName": "Noodle Houses", "primary": true, "shortName": "Noodles"}], "verified": false, "contact": {"formattedPhone": "+66 2 327 0569", "phone": "+6623270569"}, "allowMenuUrlEdit": true, "stats": {"tipCount": 16, "usersCount": 497, "checkinsCount": 1192}, "id": "4cd38a57536654817be627ed", "name": "\u0e01\u0e4b\u0e27\u0e22\u0e40\u0e15\u0e35\u0e4b\u0e22\u0e27\u0e40\u0e23\u0e37\u0e2d \u0e04\u0e38\u0e13 \u0e2d.", "beenHere": {"lastCheckinExpiredAt": 0}}, "suffix": "/JRD82_sz-gw6DsGIBZf4_YZV0x3HTteoLSppZ6zSlL4.jpg", "visibility": "public"}, {"height": 537, "source": {"url": "https://foursquare.com/download/#/iphone", "name": "Foursquare for iOS"}, "width": 720, "prefix": "https://igx.4sqi.net/img/general/", "createdAt": 1344587025, "id": "5024c511e4b0ea71a2a5ab3b", "venue": {"url": "http://www.rwsentosa.com/Attractions/UniversalStudiosSingapore", "like": false, "location": {"formattedAddress": ["32 Sentosa Gateway (Resorts World Sentosa)", "098141", "Singapore"], "city": "Sentosa Island", "lng": 103.82169119198898, "cc": "SG", "country": "Singapore", "lat": 1.2557358283745392, "address": "32 Sentosa Gateway", "crossStreet": "Resorts World Sentosa", "postalCode": "098141"}, "categories": [{"icon": {"prefix": "https://ss3.4sqi.net/img/categories_v2/arts_entertainment/themepark_", "suffix": ".png"}, "name": "Theme Park", "id": "4bf58dd8d48988d182941735", "pluralName": "Theme Parks", "primary": true, "shortName": "Theme Park"}], "verified": false, "contact": {"formattedPhone": "+65 6577 8888", "twitter": "rwsentosa", "phone": "+6565778888"}, "allowMenuUrlEdit": true, "stats": {"tipCount": 1269, "usersCount": 109064, "checkinsCount": 163906}, "id": "4b1ee9ebf964a5207e2124e3", "name": "Universal Studios Singapore", "beenHere": {"lastCheckinExpiredAt": 0}}, "suffix": "/nwRILL9281igdmHPXP9rp5iSM3XHXIis-pQ_NfVcqYk.jpg", "visibility": "public"}, {"height": 720, "source": {"url": "https://foursquare.com/download/#/iphone", "name": "Foursquare for iOS"}, "width": 537, "prefix": "https://igx.4sqi.net/img/general/", "createdAt": 1344071682, "id": "501ce802e4b0944fadbd2dac", "venue": {"like": false, "location": {"city": "Khanna Yao", "lng": 100.66263889623488, "cc": "TH", "state": "\u0e01\u0e23\u0e38\u0e07\u0e40\u0e17\u0e1e\u0e21\u0e2b\u0e32\u0e19\u0e04\u0e23", "crossStreet": "Khu Bon Road", "lat": 13.842828085731794, "address": "Khu Bon Soi 5 (\u0e04\u0e39\u0e49\u0e1a\u0e2d\u0e19 \u0e0b\u0e2d\u0e22 5)", "labeledLatLngs": [{"label": "display", "lat": 13.842828085731794, "lng": 100.66263889623488}], "formattedAddress": ["Khu Bon Soi 5 (\u0e04\u0e39\u0e49\u0e1a\u0e2d\u0e19 \u0e0b\u0e2d\u0e22 5) (Khu Bon Road)", "Khanna Yao", "\u0e01\u0e23\u0e38\u0e07\u0e40\u0e17\u0e1e\u0e21\u0e2b\u0e32\u0e19\u0e04\u0e23", "\u0e1b\u0e23\u0e30\u0e40\u0e17\u0e28\u0e44\u0e17\u0e22"], "country": "\u0e1b\u0e23\u0e30\u0e40\u0e17\u0e28\u0e44\u0e17\u0e22"}, "categories": [{"icon": {"prefix": "https://ss3.4sqi.net/img/categories_v2/food/vietnamese_", "suffix": ".png"}, "name": "Vietnamese Restaurant", "id": "4bf58dd8d48988d14a941735", "pluralName": "Vietnamese Restaurants", "primary": true, "shortName": "Vietnamese"}], "verified": false, "contact": {}, "allowMenuUrlEdit": true, "stats": {"tipCount": 2, "usersCount": 55, "checkinsCount": 114}, "id": "4c580d7b7329c92898259080", "name": "Eat Viet Restaurant", "beenHere": {"lastCheckinExpiredAt": 0}}, "suffix": "/9o_XLFkQm06-Tt1K-r1cip85w4l9-U_UG5BxDlqmv7I.jpg", "visibility": "public"}, {"height": 540, "source": {"url": "https://foursquare.com/download/#/iphone", "name": "Foursquare for iOS"}, "width": 402, "prefix": "https://igx.4sqi.net/img/general/", "createdAt": 1343222368, "id": "500ff260e4b087e8b92936d9", "venue": {"location": {"formattedAddress": ["Fashion Island (B Fl.)", "Khanna Yao", "\u0e01\u0e23\u0e38\u0e07\u0e40\u0e17\u0e1e\u0e21\u0e2b\u0e32\u0e19\u0e04\u0e23 10230", "\u0e1b\u0e23\u0e30\u0e40\u0e17\u0e28\u0e44\u0e17\u0e22"], "city": "Khanna Yao", "lng": 100.67803214724542, "cc": "TH", "state": "\u0e01\u0e23\u0e38\u0e07\u0e40\u0e17\u0e1e\u0e21\u0e2b\u0e32\u0e19\u0e04\u0e23", "crossStreet": "B Fl.", "lat": 13.824608605584602, "address": "Fashion Island", "labeledLatLngs": [{"label": "display", "lat": 13.824608605584602, "lng": 100.67803214724542}], "postalCode": "10230", "country": "\u0e1b\u0e23\u0e30\u0e40\u0e17\u0e28\u0e44\u0e17\u0e22"}, "contact": {"formattedPhone": "+66 2 947 5748", "phone": "+6629475748", "facebookName": "Santa Fe' Steak", "facebookUsername": "santafesteak.th", "facebook": "134755066567780"}, "verified": false, "allowMenuUrlEdit": true, "stats": {"tipCount": 34, "usersCount": 3446, "checkinsCount": 7321}, "menu": {"url": "http://www.santafesteak.com/Menu.html", "label": "Menu", "anchor": "View Menu", "mobileUrl": "http://www.santafesteak.com/Menu.html", "type": "Menu", "externalUrl": "http://www.santafesteak.com/Menu.html"}, "beenHere": {"lastCheckinExpiredAt": 0}, "url": "http://www.santafesteak.com", "like": false, "categories": [{"icon": {"prefix": "https://ss3.4sqi.net/img/categories_v2/food/steakhouse_", "suffix": ".png"}, "name": "Steakhouse", "id": "4bf58dd8d48988d1cc941735", "pluralName": "Steakhouses", "primary": true, "shortName": "Steakhouse"}], "id": "4d69ee6f30a7236a3b6f7cac", "name": "Santa F\u00e9 Steak (\u0e0b\u0e32\u0e19\u0e15\u0e32 \u0e40\u0e1f\u0e48 \u0e2a\u0e40\u0e15\u0e47\u0e01)"}, "suffix": "/UX75kppHEqwF3t_rwEHTy2BcpWdeOO788Ddf4FFER9I.jpg", "visibility": "public"}, {"height": 540, "source": {"url": "https://foursquare.com/download/#/iphone", "name": "Foursquare for iOS"}, "width": 402, "prefix": "https://igx.4sqi.net/img/general/", "createdAt": 1343194318, "id": "500f84cee4b087e8b900ea73", "venue": {"like": false, "location": {"formattedAddress": ["1568/1  \u0e0b\u0e2d\u0e22\u0e25\u0e32\u0e14\u0e01\u0e23\u0e30\u0e1a\u0e31\u0e07 42/4 (\u0e2d\u0e48\u0e2d\u0e19\u0e19\u0e38\u0e0a-\u0e25\u0e32\u0e14\u0e01\u0e23\u0e30\u0e1a\u0e31\u0e07)", "\u0e25\u0e32\u0e14\u0e01\u0e23\u0e30\u0e1a\u0e31\u0e07", "\u0e01\u0e23\u0e38\u0e07\u0e40\u0e17\u0e1e\u0e21\u0e2b\u0e32\u0e19\u0e04\u0e23 10520", "\u0e1b\u0e23\u0e30\u0e40\u0e17\u0e28\u0e44\u0e17\u0e22"], "city": "\u0e25\u0e32\u0e14\u0e01\u0e23\u0e30\u0e1a\u0e31\u0e07", "lng": 100.77170065855869, "cc": "TH", "state": "\u0e01\u0e23\u0e38\u0e07\u0e40\u0e17\u0e1e\u0e21\u0e2b\u0e32\u0e19\u0e04\u0e23", "crossStreet": "\u0e2d\u0e48\u0e2d\u0e19\u0e19\u0e38\u0e0a-\u0e25\u0e32\u0e14\u0e01\u0e23\u0e30\u0e1a\u0e31\u0e07", "lat": 13.721570293913013, "address": "1568/1  \u0e0b\u0e2d\u0e22\u0e25\u0e32\u0e14\u0e01\u0e23\u0e30\u0e1a\u0e31\u0e07 42/4", "labeledLatLngs": [{"label": "display", "lat": 13.721570293913013, "lng": 100.77170065855869}], "postalCode": "10520", "country": "\u0e1b\u0e23\u0e30\u0e40\u0e17\u0e28\u0e44\u0e17\u0e22"}, "categories": [{"icon": {"prefix": "https://ss3.4sqi.net/img/categories_v2/food/ramen_", "suffix": ".png"}, "name": "Noodle House", "id": "4bf58dd8d48988d1d1941735", "pluralName": "Noodle Houses", "primary": true, "shortName": "Noodles"}], "verified": false, "contact": {"formattedPhone": "+66 2 327 0569", "phone": "+6623270569"}, "allowMenuUrlEdit": true, "stats": {"tipCount": 16, "usersCount": 497, "checkinsCount": 1192}, "id": "4cd38a57536654817be627ed", "name": "\u0e01\u0e4b\u0e27\u0e22\u0e40\u0e15\u0e35\u0e4b\u0e22\u0e27\u0e40\u0e23\u0e37\u0e2d \u0e04\u0e38\u0e13 \u0e2d.", "beenHere": {"lastCheckinExpiredAt": 0}}, "suffix": "/C7l87KbtlxgDK4D_WkiEbFzk5Y1wNkNaB2AdLpRwKv4.jpg", "visibility": "public"}, {"height": 720, "source": {"url": "https://foursquare.com/download/#/android", "name": "Foursquare for Android"}, "width": 478, "prefix": "https://igx.4sqi.net/img/general/", "createdAt": 1340861251, "id": "4febeb43e4b0b4be8b17bddc", "venue": {"url": "http://www.mkrestaurant.com", "like": false, "location": {"formattedAddress": ["The Paseo", "\u0e25\u0e32\u0e14\u0e01\u0e23\u0e30\u0e1a\u0e31\u0e07", "\u0e01\u0e23\u0e38\u0e07\u0e40\u0e17\u0e1e\u0e21\u0e2b\u0e32\u0e19\u0e04\u0e23 10520", "\u0e1b\u0e23\u0e30\u0e40\u0e17\u0e28\u0e44\u0e17\u0e22"], "city": "\u0e25\u0e32\u0e14\u0e01\u0e23\u0e30\u0e1a\u0e31\u0e07", "lng": 100.72749699725293, "cc": "TH", "state": "\u0e01\u0e23\u0e38\u0e07\u0e40\u0e17\u0e1e\u0e21\u0e2b\u0e32\u0e19\u0e04\u0e23", "lat": 13.721853816542826, "address": "The Paseo", "labeledLatLngs": [{"label": "display", "lat": 13.721853816542826, "lng": 100.72749699725293}], "postalCode": "10520", "country": "\u0e1b\u0e23\u0e30\u0e40\u0e17\u0e28\u0e44\u0e17\u0e22"}, "categories": [{"icon": {"prefix": "https://ss3.4sqi.net/img/categories_v2/food/asian_", "suffix": ".png"}, "name": "Hotpot Restaurant", "id": "52af0bd33cf9994f4e043bdd", "pluralName": "Hotpot Restaurants", "primary": true, "shortName": "Hotpot"}], "verified": false, "contact": {}, "allowMenuUrlEdit": true, "stats": {"tipCount": 20, "usersCount": 2218, "checkinsCount": 4146}, "id": "4d7df6ca3e50b1f72ff4c1d3", "name": "MK (\u0e40\u0e2d\u0e47\u0e21\u0e40\u0e04)", "beenHere": {"lastCheckinExpiredAt": 0}}, "suffix": "/gxZ2TmVVZiPfZdj6zmwj8bEp2nLX504GIUAK22nN4rk.jpg", "visibility": "public"}, {"height": 480, "source": {"url": "https://foursquare.com/download/#/android", "name": "Foursquare for Android"}, "width": 318, "prefix": "https://igx.4sqi.net/img/general/", "createdAt": 1338624080, "id": "4fc9c850e4b044ecbf4d9087", "venue": {"url": "http://www.scoozipizza.com", "like": false, "location": {"formattedAddress": ["The Promenade (1st Fl.)", "Khanna Yao", "\u0e01\u0e23\u0e38\u0e07\u0e40\u0e17\u0e1e\u0e21\u0e2b\u0e32\u0e19\u0e04\u0e23 10230", "\u0e1b\u0e23\u0e30\u0e40\u0e17\u0e28\u0e44\u0e17\u0e22"], "city": "Khanna Yao", "lng": 100.67617893218994, "cc": "TH", "state": "\u0e01\u0e23\u0e38\u0e07\u0e40\u0e17\u0e1e\u0e21\u0e2b\u0e32\u0e19\u0e04\u0e23", "crossStreet": "1st Fl.", "lat": 13.826599637297797, "address": "The Promenade", "labeledLatLngs": [{"label": "display", "lat": 13.826599637297797, "lng": 100.67617893218994}], "postalCode": "10230", "country": "\u0e1b\u0e23\u0e30\u0e40\u0e17\u0e28\u0e44\u0e17\u0e22"}, "categories": [{"icon": {"prefix": "https://ss3.4sqi.net/img/categories_v2/food/pizza_", "suffix": ".png"}, "name": "Pizza Place", "id": "4bf58dd8d48988d1ca941735", "pluralName": "Pizza Places", "primary": true, "shortName": "Pizza"}], "verified": false, "contact": {}, "allowMenuUrlEdit": true, "stats": {"tipCount": 3, "usersCount": 587, "checkinsCount": 847}, "id": "4fa9afcf121dd1f9d1c3fa07", "name": "Scoozi (\u0e2a\u0e01\u0e39\u0e0b\u0e35\u0e48)", "beenHere": {"lastCheckinExpiredAt": 0}}, "suffix": "/HxZk3_PWEpdHA6OcxOG2c6blsx-bcHceoQAQEkc8jKc.jpg", "visibility": "public"}], "count": 50}, "totalCount": 50}}