{"response": {"photos": {"items": [{"id": "4edc9a60be7be2833a4d6758", "createdAt": 1323080288, "height": 720, "visibility": "public", "source": {"url": "https://foursquare.com/download/#/iphone", "name": "Foursquare for iOS"}, "prefix": "https://igx.4sqi.net/img/general/", "venue": {"id": "4ed100fbe3007feb7e27f4ab", "like": false, "stats": {"checkinsCount": 8, "tipCount": 0, "usersCount": 1}, "beenHere": {"lastCheckinExpiredAt": 0}, "categories": [{"id": "4bf58dd8d48988d103941735", "primary": true, "icon": {"prefix": "https://ss3.4sqi.net/img/categories_v2/building/home_", "suffix": ".png"}, "pluralName": "Homes (private)", "shortName": "Home", "name": "Home (private)"}], "verified": false, "location": {"lat": 1.3319160131759178, "formattedAddress": ["Singapore"], "country": "Singapore", "cc": "SG", "isFuzzed": true, "lng": 103.72312446553114}, "contact": {}, "venueRatingBlacklisted": true, "name": "\uf3e9 Home \uf497"}, "width": 540, "suffix": "/OGVIEVJN3TUUZESEWNQWF3WBTE3UH0VW3PAAY0AXE4CW50UA.jpg"}, {"id": "4e910008722ebb868bef8628", "createdAt": 1318125576, "tip": {"id": "4e910006722ebb868bef8514", "createdAt": 1318125574, "like": false, "todo": {"count": 0}, "text": "Having breakfast with hubbu and kids   Ziezie", "logView": true, "disagreeCount": 0, "canonicalUrl": "https://foursquare.com/item/4e910006722ebb868bef8514", "type": "user", "likes": {"count": 0, "groups": []}, "agreeCount": 0}, "height": 960, "visibility": "public", "source": {"url": "http://www.4squick.com/", "name": "4squick"}, "prefix": "https://igx.4sqi.net/img/general/", "venue": {"id": "4b0ac826f964a520bd2723e3", "like": false, "stats": {"checkinsCount": 30988, "tipCount": 218, "usersCount": 11833}, "beenHere": {"lastCheckinExpiredAt": 0}, "categories": [{"id": "4bf58dd8d48988d10f941735", "primary": true, "icon": {"prefix": "https://ss3.4sqi.net/img/categories_v2/food/indian_", "suffix": ".png"}, "pluralName": "Indian Restaurants", "shortName": "Indian", "name": "Indian Restaurant"}], "verified": false, "allowMenuUrlEdit": true, "location": {"lat": 1.3429556294180167, "postalCode": "599736", "city": "Singapore", "formattedAddress": ["11/11A Cheong Chin Nam Rd", "599736", "Singapore"], "lng": 103.77525687217712, "address": "11/11A Cheong Chin Nam Rd", "country": "Singapore", "cc": "SG"}, "contact": {"formattedPhone": "+65 6466 5052", "phone": "+6564665052"}, "name": "Al-Azhar Eating Restaurant"}, "width": 539, "suffix": "/U0SDTLFOFRSVBRPYR1YGDFMSJUBRQNPJ3AMRAPSVRBRXOHYL.jpg"}], "count": 2}, "totalCount": 2}, "meta": {"code": 200, "requestId": "595a7745db04f562eb281414"}, "notifications": [{"item": {"unreadCount": 0}, "type": "notificationTray"}]}