{"meta": {"code": 200, "requestId": "595b1416351e3d64ae958890"}, "notifications": [{"item": {"unreadCount": 0}, "type": "notificationTray"}], "response": {"photos": {"items": [{"height": 720, "source": {"url": "https://www.swarmapp.com", "name": "Swarm for Android"}, "width": 960, "prefix": "https://igx.4sqi.net/img/general/", "createdAt": 1430488180, "id": "55438474498eed4deec05c3d", "venue": {"like": false, "location": {"city": "Kuala Lumpur", "lng": 101.63860783863532, "cc": "MY", "state": "Federal Territory of Kuala Lum", "lat": 3.227752203499128, "address": "Kampung Melayu Kepong, 68100 Kuala Lumpur, Federal Territory of Kuala Lumpur", "labeledLatLngs": [{"label": "display", "lat": 3.227752203499128, "lng": 101.63860783863532}], "formattedAddress": ["Kampung Melayu Kepong, 68100 Kuala Lumpur, Federal Territory of Kuala Lumpur", "Kuala Lumpur, Federal Territory of Kuala Lum", "Malaysia"], "country": "Malaysia"}, "categories": [{"icon": {"prefix": "https://ss3.4sqi.net/img/categories_v2/food/malaysian_", "suffix": ".png"}, "name": "Malay Restaurant", "id": "4bf58dd8d48988d156941735", "pluralName": "Malay Restaurants", "primary": true, "shortName": "Malay"}], "verified": false, "contact": {}, "allowMenuUrlEdit": true, "stats": {"tipCount": 26, "usersCount": 633, "checkinsCount": 992}, "id": "4f229766e4b04f6e6735e44d", "name": "Klasik Satay Station", "beenHere": {"lastCheckinExpiredAt": 0}}, "suffix": "/10474894_tRb_fBqgfJrV2HmMT9axOQkql0XEjDKxgJV51CSUTMA.jpg", "visibility": "public"}, {"height": 810, "source": {"url": "https://www.swarmapp.com", "name": "Swarm for Android"}, "width": 1440, "prefix": "https://igx.4sqi.net/img/general/", "createdAt": 1416109711, "id": "54681e8f498e34748d6eb03b", "venue": {"location": {"formattedAddress": ["1 Utama Shopping Centre (Lot G212, The Promenade), Lebuh Bandar Utama", "47800 Petaling Jaya, Selangor", "Malaysia"], "city": "Petaling Jaya", "lng": 101.617074392632, "cc": "MY", "state": "Selangor", "neighborhood": "Bandar Utama", "lat": 3.1489140741489337, "address": "1 Utama Shopping Centre (Lot G212, The Promenade), Lebuh Bandar Utama", "labeledLatLngs": [{"label": "display", "lat": 3.1489140741489337, "lng": 101.617074392632}], "postalCode": "47800", "country": "Malaysia"}, "contact": {"formattedPhone": "+60 3-7726 9490", "phone": "+60377269490"}, "verified": false, "allowMenuUrlEdit": true, "stats": {"tipCount": 112, "usersCount": 5973, "checkinsCount": 9731}, "menu": {"url": "http://davesdeli.com.my/menu", "label": "Menu", "anchor": "View Menu", "mobileUrl": "http://davesdeli.com.my/menu", "type": "Menu", "externalUrl": "http://davesdeli.com.my/menu"}, "beenHere": {"lastCheckinExpiredAt": 0}, "url": "http://davesdeli.com.my", "like": false, "categories": [{"icon": {"prefix": "https://ss3.4sqi.net/img/categories_v2/food/deli_", "suffix": ".png"}, "name": "Deli / Bodega", "id": "4bf58dd8d48988d146941735", "pluralName": "Delis / Bodegas", "primary": true, "shortName": "Deli / Bodega"}], "id": "4b6a807bf964a52006d72be3", "name": "Dave's Deli"}, "suffix": "/10474894_tqtSpciGEa_wg2ie28-O1xycfCtO0iK_9PpgipaZA1Q.jpg", "visibility": "public"}, {"height": 960, "source": {"url": "https://www.swarmapp.com", "name": "Swarm for Android"}, "width": 720, "prefix": "https://igx.4sqi.net/img/general/", "createdAt": 1408759947, "id": "53f7f88b498e94622925388f", "venue": {"location": {"formattedAddress": ["Jalan 2/10, Dataran Templer", "68100 Batu Caves, Selangor", "Malaysia"], "city": "Batu Caves", "lng": 101.65716153480456, "cc": "MY", "state": "Selangor", "lat": 3.256008186383292, "address": "Jalan 2/10, Dataran Templer", "labeledLatLngs": [{"label": "display", "lat": 3.256008186383292, "lng": 101.65716153480456}], "postalCode": "68100", "country": "Malaysia"}, "contact": {"formattedPhone": "+60 3-6138 8388", "phone": "+60361388388", "facebookName": "Tuuu Dia Pak Tam", "facebook": "129600520429986"}, "verified": false, "allowMenuUrlEdit": true, "stats": {"tipCount": 60, "usersCount": 3369, "checkinsCount": 5466}, "id": "4d8ee47cd00a6ea8de3cc44f", "name": "Restoran Tu Dia ... Pak Tam", "beenHere": {"lastCheckinExpiredAt": 0}, "url": "http://www.paktam.com.my", "like": false, "categories": [{"icon": {"prefix": "https://ss3.4sqi.net/img/categories_v2/food/malaysian_", "suffix": ".png"}, "name": "Malay Restaurant", "id": "4bf58dd8d48988d156941735", "pluralName": "Malay Restaurants", "primary": true, "shortName": "Malay"}], "menu": {"url": "http://www.paktam.com.my/our-menu/", "label": "Menu", "anchor": "View Menu", "mobileUrl": "http://www.paktam.com.my/our-menu/", "type": "Menu", "externalUrl": "http://www.paktam.com.my/our-menu/"}, "private": true}, "suffix": "/10474894_TNIvt_vSBHWhunURlnHr3EVkg6tX4ztL8rbljzD9oGU.jpg", "visibility": "public"}, {"height": 720, "source": {"url": "https://www.swarmapp.com", "name": "Swarm for Android"}, "width": 960, "prefix": "https://igx.4sqi.net/img/general/", "createdAt": 1406460364, "id": "53d4e1cc498e9c52492efe2e", "venue": {"url": "http://www.delifrance.com.my", "like": false, "location": {"formattedAddress": ["Great Eastern Mall, Jalan Ampang (Lot LG.06, LG Floor)", "50450 Kuala Lumpur, Kuala Lumpur", "Malaysia"], "city": "Kuala Lumpur", "lng": 101.73676502027767, "cc": "MY", "state": "Kuala Lumpur", "crossStreet": "Lot LG.06, LG Floor", "lat": 3.1606225086206114, "address": "Great Eastern Mall, Jalan Ampang", "labeledLatLngs": [{"label": "display", "lat": 3.1606225086206114, "lng": 101.73676502027767}], "postalCode": "50450", "country": "Malaysia"}, "categories": [{"icon": {"prefix": "https://ss3.4sqi.net/img/categories_v2/food/cafe_", "suffix": ".png"}, "name": "Caf\u00e9", "id": "4bf58dd8d48988d16d941735", "pluralName": "Caf\u00e9s", "primary": true, "shortName": "Caf\u00e9"}], "verified": false, "contact": {"formattedPhone": "+60 3-4253 5831", "phone": "+60342535831"}, "allowMenuUrlEdit": true, "stats": {"tipCount": 10, "usersCount": 540, "checkinsCount": 886}, "id": "4b80ce67f964a520048d30e3", "name": "Delifrance", "beenHere": {"lastCheckinExpiredAt": 0}}, "suffix": "/10474894_nPayiKHXtIHXhNQUmVljTdH67Uk0KnV-FL2TBhFx88I.jpg", "visibility": "public"}, {"height": 600, "source": {"url": "https://foursquare.com/download/#/android", "name": "Foursquare for Android"}, "width": 800, "prefix": "https://igx.4sqi.net/img/general/", "createdAt": 1405170211, "id": "53c13223498e3214245c2b02", "venue": {"venueRatingBlacklisted": true, "like": false, "location": {"isFuzzed": true, "cc": "MY", "country": "Malaysia", "lat": 3.2552606371755948, "lng": 101.66698428215999, "formattedAddress": ["Malaysia"]}, "categories": [{"icon": {"prefix": "https://ss3.4sqi.net/img/categories_v2/building/home_", "suffix": ".png"}, "name": "Home (private)", "id": "4bf58dd8d48988d103941735", "pluralName": "Homes (private)", "primary": true, "shortName": "Home"}], "verified": false, "contact": {}, "beenHere": {"lastCheckinExpiredAt": 0}, "stats": {"tipCount": 0, "usersCount": 1, "checkinsCount": 2}, "id": "53c131b2498e0567f9ad7c44", "name": "Hj Harun's Place"}, "suffix": "/10474894_r2RgNKjxtDu0AncHiVOMPupIsCGpYlvRipeGzQYHOR4.jpg", "visibility": "public"}, {"height": 960, "source": {"url": "https://foursquare.com/download/#/android", "name": "Foursquare for Android"}, "width": 720, "prefix": "https://igx.4sqi.net/img/general/", "createdAt": 1402665358, "id": "539af98e498e8f4aaa7620f2", "venue": {"location": {"formattedAddress": ["G-29(II), G-32 & G-33, Ground Floor, e@Curve (Mutiara Damansara)", "47800 Petaling Jaya, Selangor", "Malaysia"], "city": "Petaling Jaya", "lng": 101.61005973815918, "cc": "MY", "state": "Selangor", "crossStreet": "Mutiara Damansara", "lat": 3.1568421664070416, "address": "G-29(II), G-32 & G-33, Ground Floor, e@Curve", "labeledLatLngs": [{"label": "display", "lat": 3.1568421664070416, "lng": 101.61005973815918}], "postalCode": "47800", "country": "Malaysia"}, "contact": {"twitter": "tonyromas", "facebookName": "Tony Roma's Brasil", "formattedPhone": "+60 3-7728 7833", "phone": "+60377287833", "facebookUsername": "tonyromasbrasil", "facebook": "160532024103413"}, "verified": true, "allowMenuUrlEdit": true, "stats": {"tipCount": 155, "usersCount": 9836, "checkinsCount": 14367}, "id": "4b2b657df964a52021b624e3", "storeId": "656", "url": "http://www.tonyromas.com", "like": false, "categories": [{"icon": {"prefix": "https://ss3.4sqi.net/img/categories_v2/food/steakhouse_", "suffix": ".png"}, "name": "Steakhouse", "id": "4bf58dd8d48988d1cc941735", "pluralName": "Steakhouses", "primary": true, "shortName": "Steakhouse"}], "beenHere": {"lastCheckinExpiredAt": 0}, "name": "Tony Roma's Ribs, Seafood & Steaks"}, "suffix": "/10474894_yKgOXUVrDfzHSjGNT88w-I2Qn0b5WbfrgI-NaHEhTFc.jpg", "visibility": "public"}, {"height": 600, "source": {"url": "https://foursquare.com/download/#/android", "name": "Foursquare for Android"}, "width": 800, "prefix": "https://igx.4sqi.net/img/general/", "createdAt": 1401428713, "id": "53881ae9498e076a2bbe353d", "venue": {"url": "http://www.portdicksonwaterhomes.com", "like": false, "location": {"formattedAddress": ["Jalan Seremban (Batu 2)", "71010 Port Dickson, Negeri Sembilan", "Malaysia"], "city": "Port Dickson", "lng": 101.79631134204297, "cc": "MY", "state": "Negeri Sembilan", "crossStreet": "Batu 2", "lat": 2.5511479514184576, "address": "Jalan Seremban", "labeledLatLngs": [{"label": "display", "lat": 2.5511479514184576, "lng": 101.79631134204297}], "postalCode": "71010", "country": "Malaysia"}, "categories": [{"icon": {"prefix": "https://ss3.4sqi.net/img/categories_v2/travel/resort_", "suffix": ".png"}, "name": "Resort", "id": "4bf58dd8d48988d12f951735", "pluralName": "Resorts", "primary": true, "shortName": "Resort"}], "verified": false, "contact": {"formattedPhone": "+60 6-653 2000", "phone": "+6066532000"}, "allowMenuUrlEdit": true, "stats": {"tipCount": 183, "usersCount": 14124, "checkinsCount": 21028}, "id": "4e4f5dc6aeb70f12849fd2b9", "name": "Grand Lexis", "beenHere": {"lastCheckinExpiredAt": 0}}, "suffix": "/10474894_PpOFOD0vCyGGDh9_C46PcUsDzZLOK4_59S32v9QYarw.jpg", "visibility": "public"}, {"height": 800, "source": {"url": "https://foursquare.com/download/#/android", "name": "Foursquare for Android"}, "width": 450, "prefix": "https://igx.4sqi.net/img/general/", "createdAt": 1399641818, "id": "536cd6da498e51e62115ebdb", "venue": {"closed": true, "like": false, "location": {"city": "Taman Anjung Melati", "cc": "MY", "country": "Malaysia", "lat": 3.2352160316784073, "lng": 101.72198382371033, "labeledLatLngs": [{"label": "display", "lat": 3.2352160316784073, "lng": 101.72198382371033}], "formattedAddress": ["Taman Anjung Melati", "Malaysia"]}, "categories": [{"icon": {"prefix": "https://ss3.4sqi.net/img/categories_v2/food/asian_", "suffix": ".png"}, "name": "Asian Restaurant", "id": "4bf58dd8d48988d142941735", "pluralName": "Asian Restaurants", "primary": true, "shortName": "Asian"}], "verified": false, "contact": {}, "allowMenuUrlEdit": true, "stats": {"tipCount": 15, "usersCount": 555, "checkinsCount": 645}, "id": "5013d1f9e4b0748a79287d90", "name": "Rahman Palace Steamboat", "beenHere": {"lastCheckinExpiredAt": 0}}, "suffix": "/10474894_Z6datCG9O7D09AL_znhi_UgZYGfZ6MyIxU2IVNie8b0.jpg", "visibility": "public"}, {"height": 600, "source": {"url": "https://foursquare.com/download/#/android", "name": "Foursquare for Android"}, "width": 800, "prefix": "https://igx.4sqi.net/img/general/", "createdAt": 1397889654, "id": "53521a76498e5f75d0ffa926", "venue": {"venueRatingBlacklisted": true, "like": false, "location": {"state": "Kuala Terengganu", "isFuzzed": true, "cc": "MY", "country": "Malaysia", "lat": 5.320260368968531, "lng": 103.12213876773724, "formattedAddress": ["Kuala Terengganu", "Malaysia"]}, "categories": [{"icon": {"prefix": "https://ss3.4sqi.net/img/categories_v2/building/home_", "suffix": ".png"}, "name": "Home (private)", "id": "4bf58dd8d48988d103941735", "pluralName": "Homes (private)", "primary": true, "shortName": "Home"}], "verified": false, "contact": {}, "beenHere": {"lastCheckinExpiredAt": 0}, "stats": {"tipCount": 0, "usersCount": 35, "checkinsCount": 52}, "id": "4f1ccb4be4b0288a0479f7f2", "name": "Kampung Losong Hj Su"}, "suffix": "/10474894_wARxHcNetCsD05jJgcsU2bFBME99m84qFkDQx4FMOvE.jpg", "visibility": "public"}, {"height": 540, "source": {"url": "https://foursquare.com/download/#/android", "name": "Foursquare for Android"}, "width": 960, "prefix": "https://igx.4sqi.net/img/general/", "createdAt": 1397270439, "id": "5348a7a711d25b60b2a65959", "venue": {"venueRatingBlacklisted": true, "like": false, "location": {"cc": "MY", "country": "Malaysia", "lat": 3.2215213141370724, "lng": 101.77843944426586, "labeledLatLngs": [{"label": "display", "lat": 3.2215213141370724, "lng": 101.77843944426586}], "formattedAddress": ["Malaysia"]}, "categories": [{"icon": {"prefix": "https://ss3.4sqi.net/img/categories_v2/parks_outdoors/river_", "suffix": ".png"}, "name": "River", "id": "4eb1d4dd4b900d56c88a45fd", "pluralName": "Rivers", "primary": true, "shortName": "River"}], "verified": false, "contact": {}, "beenHere": {"lastCheckinExpiredAt": 0}, "stats": {"tipCount": 0, "usersCount": 3, "checkinsCount": 3}, "id": "5348a73e498e3476f6b26ab7", "name": "Celi Chalet Kg. Kemensah"}, "suffix": "/10474894_LAZXP3AzqVLAfrTW6rRTqeAUSQxB5aJ8B28pR3MBX9U.jpg", "visibility": "public"}, {"height": 800, "source": {"url": "https://foursquare.com/download/#/android", "name": "Foursquare for Android"}, "width": 450, "prefix": "https://igx.4sqi.net/img/general/", "createdAt": 1397226891, "id": "5347fd8b498e8618642fcd28", "venue": {"venueRatingBlacklisted": true, "like": false, "location": {"cc": "MY", "country": "Malaysia", "lat": 3.2018849260804196, "lng": 101.71769110707734, "labeledLatLngs": [{"label": "display", "lat": 3.2018849260804196, "lng": 101.71769110707734}], "formattedAddress": ["Malaysia"]}, "categories": [{"icon": {"prefix": "https://ss3.4sqi.net/img/categories_v2/parks_outdoors/outdoors_", "suffix": ".png"}, "name": "Other Great Outdoors", "id": "4bf58dd8d48988d162941735", "pluralName": "Other Great Outdoors", "primary": true, "shortName": "Other Outdoors"}], "verified": false, "contact": {}, "beenHere": {"lastCheckinExpiredAt": 0}, "stats": {"tipCount": 0, "usersCount": 20, "checkinsCount": 24}, "id": "510bae13e4b0ae023d93e1e9", "name": "Setapak Driving Range"}, "suffix": "/10474894_bQ618i9GcIG2AXdy-ZyhUK5Pb_PCBAiL08JVpcT2Sg8.jpg", "visibility": "public"}, {"height": 540, "source": {"url": "https://foursquare.com/download/#/android", "name": "Foursquare for Android"}, "width": 960, "prefix": "https://igx.4sqi.net/img/general/", "createdAt": 1397135671, "id": "53469937498ed8ba5d41652c", "venue": {"like": false, "location": {"formattedAddress": ["20, Jalan Taman Melati", "53300 Setapak, Kuala Lumpur", "Malaysia"], "city": "Setapak", "lng": 101.72852888843215, "cc": "MY", "state": "Kuala Lumpur", "lat": 3.2250308698453463, "address": "20, Jalan Taman Melati", "labeledLatLngs": [{"label": "display", "lat": 3.2250308698453463, "lng": 101.72852888843215}], "postalCode": "53300", "country": "Malaysia"}, "categories": [{"icon": {"prefix": "https://ss3.4sqi.net/img/categories_v2/food/diner_", "suffix": ".png"}, "name": "Diner", "id": "4bf58dd8d48988d147941735", "pluralName": "Diners", "primary": true, "shortName": "Diner"}], "verified": false, "contact": {"formattedPhone": "+60 10-426 3937", "phone": "+60104263937"}, "allowMenuUrlEdit": true, "stats": {"tipCount": 101, "usersCount": 3197, "checkinsCount": 6520}, "id": "4b8bb9fbf964a52089a832e3", "name": "SAS Corner", "beenHere": {"lastCheckinExpiredAt": 0}}, "suffix": "/10474894_bu-rGvVALEBCNdK8YpLk8-YbP3y9TqVgKK3JnJzLdXk.jpg", "visibility": "public"}, {"height": 800, "source": {"url": "https://foursquare.com/download/#/android", "name": "Foursquare for Android"}, "width": 450, "prefix": "https://igx.4sqi.net/img/general/", "createdAt": 1396621080, "id": "533ebf18498e7af3a0a06190", "venue": {"like": false, "location": {"formattedAddress": ["Club House, Tiara Duta Condominium (Taman Putra Sulaiman)", "68000 Ampang, Selangor", "Malaysia"], "city": "Ampang, Selangor", "lng": 101.75230477063135, "cc": "MY", "country": "Malaysia", "crossStreet": "Taman Putra Sulaiman", "lat": 3.1506584276167424, "address": "Club House, Tiara Duta Condominium", "labeledLatLngs": [{"label": "display", "lat": 3.1506584276167424, "lng": 101.75230477063135}], "postalCode": "68000"}, "categories": [{"icon": {"prefix": "https://ss3.4sqi.net/img/categories_v2/shops/food_foodcourt_", "suffix": ".png"}, "name": "Food Court", "id": "4bf58dd8d48988d120951735", "pluralName": "Food Courts", "primary": true, "shortName": "Food Court"}], "verified": false, "contact": {"formattedPhone": "+60 3-4270 7885", "phone": "+60342707885"}, "allowMenuUrlEdit": true, "stats": {"tipCount": 69, "usersCount": 4004, "checkinsCount": 9369}, "id": "4f544f8ae4b0ac6d0e1be8a9", "name": "Mentara @ Tiara", "beenHere": {"lastCheckinExpiredAt": 0}}, "suffix": "/10474894_-rCNUdLttuG0UXNdZQx3h2hWZl5oArJEiaDkjGhTI9g.jpg", "visibility": "public"}, {"height": 450, "source": {"url": "https://foursquare.com/download/#/android", "name": "Foursquare for Android"}, "width": 800, "prefix": "https://igx.4sqi.net/img/general/", "createdAt": 1396177826, "id": "5337fba2498e18d7e68267a8", "venue": {"url": "http://www.malaysiaairports.com.my/index.php/our-shared-values/15.html", "like": false, "location": {"formattedAddress": ["Jalan Lapangan Terbang (Jalan Lapangan Terbang)", "21300 Kuala Terengganu, Terengganu", "Malaysia"], "city": "Kuala Terengganu", "lng": 103.10550635988693, "cc": "MY", "state": "Terengganu", "lat": 5.379181351238926, "address": "Jalan Lapangan Terbang", "crossStreet": "Jalan Lapangan Terbang", "postalCode": "21300", "country": "Malaysia"}, "categories": [{"icon": {"prefix": "https://ss3.4sqi.net/img/categories_v2/travel/airport_", "suffix": ".png"}, "name": "Airport", "id": "4bf58dd8d48988d1ed931735", "pluralName": "Airports", "primary": true, "shortName": "Airport"}], "verified": false, "contact": {"formattedPhone": "+60 9-667 3666", "phone": "+6096673666"}, "beenHere": {"lastCheckinExpiredAt": 0}, "stats": {"tipCount": 155, "usersCount": 19397, "checkinsCount": 55106}, "id": "4bb2ae3b2397b7137e6437b3", "name": "Sultan Mahmud Airport (TGG)"}, "suffix": "/10474894_-_dCJ5QOtE99zT0n9MxoYChikRxwJ3upxMqbrLLs2PQ.jpg", "visibility": "public"}, {"height": 960, "source": {"url": "https://foursquare.com/download/#/android", "name": "Foursquare for Android"}, "width": 540, "prefix": "https://igx.4sqi.net/img/general/", "createdAt": 1396157715, "id": "5337ad13498e133100608047", "venue": {"url": "http://www.prinzpark", "like": false, "location": {"formattedAddress": ["Jalan Sultan Mahmud, Kuala Ibai", "20400 Kuala Terengganu, Terengganu", "Malaysia"], "city": "Kuala Terengganu", "lng": 103.17029220685343, "cc": "MY", "state": "Terengganu", "lat": 5.291689725520741, "address": "Jalan Sultan Mahmud, Kuala Ibai", "labeledLatLngs": [{"label": "display", "lat": 5.291689725520741, "lng": 103.17029220685343}], "postalCode": "20400", "country": "Malaysia"}, "categories": [{"icon": {"prefix": "https://ss3.4sqi.net/img/categories_v2/travel/resort_", "suffix": ".png"}, "name": "Resort", "id": "4bf58dd8d48988d12f951735", "pluralName": "Resorts", "primary": true, "shortName": "Resort"}], "verified": false, "contact": {"formattedPhone": "+60 9-617 8866", "phone": "+6096178866"}, "allowMenuUrlEdit": true, "stats": {"tipCount": 20, "usersCount": 919, "checkinsCount": 1360}, "id": "51ac6ec2498eedc50fadccee", "name": "Prinzpark Hotel Terengganu", "beenHere": {"lastCheckinExpiredAt": 0}}, "suffix": "/10474894_jZOLiBt5ZvV6RFuM8y6WokaHHWMbC1mkYDOJ9Bmme4U.jpg", "visibility": "public"}, {"height": 960, "source": {"url": "https://foursquare.com/download/#/android", "name": "Foursquare for Android"}, "width": 540, "prefix": "https://igx.4sqi.net/img/general/", "createdAt": 1396157469, "id": "5337ac1d498e0f514e579f32", "venue": {"url": "http://www.prinzpark", "like": false, "location": {"formattedAddress": ["Jalan Sultan Mahmud, Kuala Ibai", "20400 Kuala Terengganu, Terengganu", "Malaysia"], "city": "Kuala Terengganu", "lng": 103.17029220685343, "cc": "MY", "state": "Terengganu", "lat": 5.291689725520741, "address": "Jalan Sultan Mahmud, Kuala Ibai", "labeledLatLngs": [{"label": "display", "lat": 5.291689725520741, "lng": 103.17029220685343}], "postalCode": "20400", "country": "Malaysia"}, "categories": [{"icon": {"prefix": "https://ss3.4sqi.net/img/categories_v2/travel/resort_", "suffix": ".png"}, "name": "Resort", "id": "4bf58dd8d48988d12f951735", "pluralName": "Resorts", "primary": true, "shortName": "Resort"}], "verified": false, "contact": {"formattedPhone": "+60 9-617 8866", "phone": "+6096178866"}, "allowMenuUrlEdit": true, "stats": {"tipCount": 20, "usersCount": 919, "checkinsCount": 1360}, "id": "51ac6ec2498eedc50fadccee", "name": "Prinzpark Hotel Terengganu", "beenHere": {"lastCheckinExpiredAt": 0}}, "suffix": "/10474894_jZOLiBt5ZvV6RFuM8y6WokaHHWMbC1mkYDOJ9Bmme4U.jpg", "visibility": "public"}, {"height": 540, "source": {"url": "https://foursquare.com/download/#/android", "name": "Foursquare for Android"}, "width": 960, "prefix": "https://igx.4sqi.net/img/general/", "createdAt": 1396083321, "id": "53368a79498ed4b327c0131c", "venue": {"like": false, "location": {"city": "Marang", "lng": 103.18659817143308, "cc": "MY", "state": "Terengganu", "lat": 5.246098648358264, "address": "Chendering", "labeledLatLngs": [{"label": "display", "lat": 5.246098648358264, "lng": 103.18659817143308}], "formattedAddress": ["Chendering", "Marang, Terengganu", "Malaysia"], "country": "Malaysia"}, "categories": [{"icon": {"prefix": "https://ss3.4sqi.net/img/categories_v2/food/malaysian_", "suffix": ".png"}, "name": "Malay Restaurant", "id": "4bf58dd8d48988d156941735", "pluralName": "Malay Restaurants", "primary": true, "shortName": "Malay"}], "verified": false, "contact": {}, "allowMenuUrlEdit": true, "stats": {"tipCount": 19, "usersCount": 905, "checkinsCount": 1201}, "id": "4d006d04ba1da1cd21b88828", "name": "Restoran Lempeng", "beenHere": {"lastCheckinExpiredAt": 0}}, "suffix": "/10474894_eNeLGZKrgTM43mxkp_W5Pte1gq_iFIUYad-M8LfF0o0.jpg", "visibility": "public"}, {"height": 800, "source": {"url": "https://foursquare.com/download/#/android", "name": "Foursquare for Android"}, "width": 450, "prefix": "https://igx.4sqi.net/img/general/", "createdAt": 1395926025, "id": "5334240911d2f7430c7bfb73", "venue": {"like": false, "location": {"formattedAddress": ["Jalan 2/16, Dataran Templer", "68100 Batu Caves, Selangor", "Malaysia"], "city": "Batu Caves", "lng": 101.65757276551628, "cc": "MY", "state": "Selangor", "neighborhood": "Bandar Baru Selayang", "lat": 3.2568276276214028, "address": "Jalan 2/16, Dataran Templer", "labeledLatLngs": [{"label": "display", "lat": 3.2568276276214028, "lng": 101.65757276551628}], "postalCode": "68100", "country": "Malaysia"}, "categories": [{"icon": {"prefix": "https://ss3.4sqi.net/img/categories_v2/food/malaysian_", "suffix": ".png"}, "name": "Malay Restaurant", "id": "4bf58dd8d48988d156941735", "pluralName": "Malay Restaurants", "primary": true, "shortName": "Malay"}], "verified": false, "contact": {"facebookName": "Nasi Lemak Ujang Corner", "facebook": "106675872688952"}, "allowMenuUrlEdit": true, "stats": {"tipCount": 39, "usersCount": 1372, "checkinsCount": 3508}, "id": "4dea4b50c65be8091da14025", "name": "Ujang Corner Nasi Lemak Special BBS", "beenHere": {"lastCheckinExpiredAt": 0}}, "suffix": "/10474894_08VDuib0013W-r1x6ISoUG1OmN721LlhtLqfUFD-gTo.jpg", "visibility": "public"}, {"height": 540, "source": {"url": "https://foursquare.com/download/#/android", "name": "Foursquare for Android"}, "width": 960, "prefix": "https://igx.4sqi.net/img/general/", "createdAt": 1395736133, "id": "53313e4511d243e3792ce8d5", "venue": {"like": false, "location": {"formattedAddress": ["Jalan Triang", "28000 Temerluh, Pahang", "Malaysia"], "city": "Temerluh", "lng": 102.42643009006173, "cc": "MY", "state": "Pahang", "lat": 3.442452601601163, "address": "Jalan Triang", "labeledLatLngs": [{"label": "display", "lat": 3.442452601601163, "lng": 102.42643009006173}], "postalCode": "28000", "country": "Malaysia"}, "categories": [{"icon": {"prefix": "https://ss3.4sqi.net/img/categories_v2/food/asian_", "suffix": ".png"}, "name": "Asian Restaurant", "id": "4bf58dd8d48988d142941735", "pluralName": "Asian Restaurants", "primary": true, "shortName": "Asian"}], "verified": false, "contact": {"formattedPhone": "+60 19-956 9696", "phone": "+60199569696"}, "allowMenuUrlEdit": true, "stats": {"tipCount": 72, "usersCount": 3496, "checkinsCount": 4604}, "id": "4d9715309079b1f7b63a090a", "name": "Go Bang Maju Patin Tempoyak", "beenHere": {"lastCheckinExpiredAt": 0}}, "suffix": "/10474894_0chayKIQ9PfREJMAqjITRKToIcq6LCCKM9mhlAKoUsY.jpg", "visibility": "public"}, {"height": 450, "source": {"url": "https://foursquare.com/download/#/android", "name": "Foursquare for Android"}, "width": 800, "prefix": "https://igx.4sqi.net/img/general/", "createdAt": 1395412384, "id": "532c4da0498e8c6a97ae9747", "venue": {"like": false, "location": {"city": "Kuala Lumpur", "lng": 101.69936564282719, "cc": "MY", "state": "Kuala Lumpur", "lat": 3.156682365704187, "address": "Jalan Doraisamy", "labeledLatLngs": [{"label": "display", "lat": 3.156682365704187, "lng": 101.69936564282719}], "formattedAddress": ["Jalan Doraisamy", "Kuala Lumpur, Kuala Lumpur", "Malaysia"], "country": "Malaysia"}, "categories": [{"icon": {"prefix": "https://ss3.4sqi.net/img/categories_v2/food/soup_", "suffix": ".png"}, "name": "Soup Place", "id": "4bf58dd8d48988d1dd931735", "pluralName": "Soup Places", "primary": true, "shortName": "Soup"}], "verified": false, "contact": {}, "allowMenuUrlEdit": true, "stats": {"tipCount": 62, "usersCount": 4663, "checkinsCount": 7748}, "id": "4be589d9d4f7c9b69e7f2520", "name": "Sup Jalan Doraisamy", "beenHere": {"lastCheckinExpiredAt": 0}}, "suffix": "/10474894_MR-WIrkIwD2RmzTEAczNmHF7X5OKkcI96DBS_CTQgGk.jpg", "visibility": "public"}, {"height": 450, "source": {"url": "https://foursquare.com/download/#/android", "name": "Foursquare for Android"}, "width": 800, "prefix": "https://igx.4sqi.net/img/general/", "createdAt": 1393676319, "id": "5311d01f498e81326e4eac71", "venue": {"closed": true, "like": false, "location": {"city": "Putrajaya", "lng": 101.70937308166943, "cc": "MY", "state": "WP Putrajaya", "lat": 2.939079663184459, "address": "Alamanda", "labeledLatLngs": [{"label": "display", "lat": 2.939079663184459, "lng": 101.70937308166943}], "formattedAddress": ["Alamanda", "Putrajaya, WP Putrajaya", "Malaysia"], "country": "Malaysia"}, "categories": [{"icon": {"prefix": "https://ss3.4sqi.net/img/categories_v2/food/asian_", "suffix": ".png"}, "name": "Asian Restaurant", "id": "4bf58dd8d48988d142941735", "pluralName": "Asian Restaurants", "primary": true, "shortName": "Asian"}], "verified": false, "contact": {}, "allowMenuUrlEdit": true, "stats": {"tipCount": 46, "usersCount": 1980, "checkinsCount": 2682}, "id": "4f1527cee4b0678414797a71", "name": "Madam Kwan's", "beenHere": {"lastCheckinExpiredAt": 0}}, "suffix": "/10474894_6mydVYj1ZdvKkz111e1bnTFukJBokZ5xhHhWZwgUhYo.jpg", "visibility": "public"}, {"height": 800, "source": {"url": "https://foursquare.com/download/#/android", "name": "Foursquare for Android"}, "width": 450, "prefix": "https://igx.4sqi.net/img/general/", "createdAt": 1393639992, "id": "53114238498e35fff4e8d168", "venue": {"url": "http://www.papparich.com.my", "like": false, "location": {"formattedAddress": ["Batu 4 1/2, Jalan Ipoh", "51200 Kuala Lumpur, Kuala Lumpur", "Malaysia"], "city": "Kuala Lumpur", "lng": 101.67834877967834, "cc": "MY", "state": "Kuala Lumpur", "lat": 3.199359424624369, "address": "Batu 4 1/2, Jalan Ipoh", "labeledLatLngs": [{"label": "display", "lat": 3.199359424624369, "lng": 101.67834877967834}], "postalCode": "51200", "country": "Malaysia"}, "categories": [{"icon": {"prefix": "https://ss3.4sqi.net/img/categories_v2/food/malaysian_", "suffix": ".png"}, "name": "Malay Restaurant", "id": "4bf58dd8d48988d156941735", "pluralName": "Malay Restaurants", "primary": true, "shortName": "Malay"}], "verified": false, "contact": {"formattedPhone": "+60 3-6257 9204", "phone": "+60362579204"}, "allowMenuUrlEdit": true, "stats": {"tipCount": 21, "usersCount": 2400, "checkinsCount": 5196}, "id": "4b697036f964a52056a22be3", "name": "PappaRich", "beenHere": {"lastCheckinExpiredAt": 0}}, "suffix": "/10474894_NgNB96zJ2Qtl9e4BPOI8HPG9T-WM4NWS0Ki-xZLHXec.jpg", "visibility": "public"}, {"height": 960, "source": {"url": "https://foursquare.com/download/#/android", "name": "Foursquare for Android"}, "width": 720, "prefix": "https://igx.4sqi.net/img/general/", "createdAt": 1392436023, "id": "52fee337498e6a1518351ebf", "venue": {"like": false, "location": {"formattedAddress": ["Bandar Baru Selayang (Bandar Baru Selayang)", "68100 Batu Caves, Selangor", "Malaysia"], "city": "Batu Caves", "lng": 101.65758943706605, "cc": "MY", "state": "Selangor", "crossStreet": "Bandar Baru Selayang", "lat": 3.257358479435265, "address": "Bandar Baru Selayang", "labeledLatLngs": [{"label": "display", "lat": 3.257358479435265, "lng": 101.65758943706605}], "postalCode": "68100", "country": "Malaysia"}, "categories": [{"icon": {"prefix": "https://ss3.4sqi.net/img/categories_v2/shops/carwash_", "suffix": ".png"}, "name": "Car Wash", "id": "4f04ae1f2fb6e1c99f3db0ba", "pluralName": "Car Washes", "primary": true, "shortName": "Car Washes"}], "verified": false, "contact": {}, "allowMenuUrlEdit": true, "stats": {"tipCount": 3, "usersCount": 99, "checkinsCount": 279}, "id": "4cdf4bb570bba1cd390a66c4", "name": "Master Car Wash", "beenHere": {"lastCheckinExpiredAt": 0}}, "suffix": "/10474894_H1ltWJ7H-BNmHB9hzdSRW8zkOMflWTKjUslgwVcPLdY.jpg", "visibility": "public"}, {"height": 540, "source": {"url": "https://foursquare.com/download/#/android", "name": "Foursquare for Android"}, "width": 960, "prefix": "https://igx.4sqi.net/img/general/", "createdAt": 1391315223, "id": "52edc91711d2c70500970471", "venue": {"like": false, "location": {"formattedAddress": ["Jalan Petri 5/1 (Petri Road)", "80100 Johor Bahru, Johor", "Malaysia"], "city": "Johor Bahru", "lng": 103.74657332897186, "cc": "MY", "state": "Johor", "crossStreet": "Petri Road", "lat": 1.4684988358076343, "address": "Jalan Petri 5/1", "labeledLatLngs": [{"label": "display", "lat": 1.4684988358076343, "lng": 103.74657332897186}], "postalCode": "80100", "country": "Malaysia"}, "categories": [{"icon": {"prefix": "https://ss3.4sqi.net/img/categories_v2/food/malaysian_", "suffix": ".png"}, "name": "Malay Restaurant", "id": "4bf58dd8d48988d156941735", "pluralName": "Malay Restaurants", "primary": true, "shortName": "Malay"}], "verified": false, "contact": {}, "allowMenuUrlEdit": true, "stats": {"tipCount": 232, "usersCount": 11089, "checkinsCount": 18262}, "id": "4b91bc75f964a520a5d333e3", "name": "Restoran ZZ Sup Tulang", "beenHere": {"lastCheckinExpiredAt": 0}}, "suffix": "/10474894_UeFVYvEGSMjtFxWWYoymAqMeKq6YWya0CGPSUFKfeBI.jpg", "visibility": "public"}, {"height": 540, "source": {"url": "https://foursquare.com/download/#/android", "name": "Foursquare for Android"}, "width": 960, "prefix": "https://igx.4sqi.net/img/general/", "createdAt": 1390309734, "id": "52de716611d26da7b011c327", "venue": {"like": false, "location": {"city": "Parit Jawa", "state": "Johor", "cc": "MY", "country": "Malaysia", "lat": 1.9512596634609698, "lng": 102.63548364213396, "labeledLatLngs": [{"label": "display", "lat": 1.9512596634609698, "lng": 102.63548364213396}], "formattedAddress": ["Parit Jawa, Johor", "Malaysia"]}, "categories": [{"icon": {"prefix": "https://ss3.4sqi.net/img/categories_v2/food/malaysian_", "suffix": ".png"}, "name": "Malay Restaurant", "id": "4bf58dd8d48988d156941735", "pluralName": "Malay Restaurants", "primary": true, "shortName": "Malay"}], "verified": false, "contact": {}, "allowMenuUrlEdit": true, "stats": {"tipCount": 11, "usersCount": 932, "checkinsCount": 1103}, "id": "4d479f0a11618cfaff42cb23", "name": "Asam pedas parit jawa", "beenHere": {"lastCheckinExpiredAt": 0}}, "suffix": "/10474894_cBpsOSm4G6SvJjtTeUxGlK8n8bNuJLdfcY7SZwA6YJQ.jpg", "visibility": "public"}, {"height": 960, "source": {"url": "https://foursquare.com/download/#/android", "name": "Foursquare for Android"}, "width": 720, "prefix": "https://igx.4sqi.net/img/general/", "createdAt": 1390108983, "id": "52db6137498e124c00bd9ef6", "venue": {"url": "http://www.delifrance.com.my", "like": false, "location": {"formattedAddress": ["Great Eastern Mall, Jalan Ampang (Lot LG.06, LG Floor)", "50450 Kuala Lumpur, Kuala Lumpur", "Malaysia"], "city": "Kuala Lumpur", "lng": 101.73676502027767, "cc": "MY", "state": "Kuala Lumpur", "crossStreet": "Lot LG.06, LG Floor", "lat": 3.1606225086206114, "address": "Great Eastern Mall, Jalan Ampang", "labeledLatLngs": [{"label": "display", "lat": 3.1606225086206114, "lng": 101.73676502027767}], "postalCode": "50450", "country": "Malaysia"}, "categories": [{"icon": {"prefix": "https://ss3.4sqi.net/img/categories_v2/food/cafe_", "suffix": ".png"}, "name": "Caf\u00e9", "id": "4bf58dd8d48988d16d941735", "pluralName": "Caf\u00e9s", "primary": true, "shortName": "Caf\u00e9"}], "verified": false, "contact": {"formattedPhone": "+60 3-4253 5831", "phone": "+60342535831"}, "allowMenuUrlEdit": true, "stats": {"tipCount": 10, "usersCount": 540, "checkinsCount": 886}, "id": "4b80ce67f964a520048d30e3", "name": "Delifrance", "beenHere": {"lastCheckinExpiredAt": 0}}, "suffix": "/10474894_KN7ML3BaLwwZTqM93w6loYMl5kB2VKxtsLUXndHIUtQ.jpg", "visibility": "public"}, {"height": 720, "source": {"url": "https://foursquare.com/download/#/android", "name": "Foursquare for Android"}, "width": 960, "prefix": "https://igx.4sqi.net/img/general/", "createdAt": 1390108935, "id": "52db610711d2514766fdb10e", "venue": {"url": "http://www.delifrance.com.my", "like": false, "location": {"formattedAddress": ["Great Eastern Mall, Jalan Ampang (Lot LG.06, LG Floor)", "50450 Kuala Lumpur, Kuala Lumpur", "Malaysia"], "city": "Kuala Lumpur", "lng": 101.73676502027767, "cc": "MY", "state": "Kuala Lumpur", "crossStreet": "Lot LG.06, LG Floor", "lat": 3.1606225086206114, "address": "Great Eastern Mall, Jalan Ampang", "labeledLatLngs": [{"label": "display", "lat": 3.1606225086206114, "lng": 101.73676502027767}], "postalCode": "50450", "country": "Malaysia"}, "categories": [{"icon": {"prefix": "https://ss3.4sqi.net/img/categories_v2/food/cafe_", "suffix": ".png"}, "name": "Caf\u00e9", "id": "4bf58dd8d48988d16d941735", "pluralName": "Caf\u00e9s", "primary": true, "shortName": "Caf\u00e9"}], "verified": false, "contact": {"formattedPhone": "+60 3-4253 5831", "phone": "+60342535831"}, "allowMenuUrlEdit": true, "stats": {"tipCount": 10, "usersCount": 540, "checkinsCount": 886}, "id": "4b80ce67f964a520048d30e3", "name": "Delifrance", "beenHere": {"lastCheckinExpiredAt": 0}}, "suffix": "/10474894_T7W9dUsrlIXYbnmwnXPYa9Wy4giaY0FrtTQUk7hbEqk.jpg", "visibility": "public"}, {"height": 720, "source": {"url": "https://foursquare.com/download/#/android", "name": "Foursquare for Android"}, "width": 960, "prefix": "https://igx.4sqi.net/img/general/", "createdAt": 1388226547, "id": "52bea7f3498e9b47e972b874", "venue": {"url": "http://www.awana.com.my/en/awana_genting/fb/outlets.htm", "like": false, "location": {"formattedAddress": ["Awana Genting Highlands Golf & Country Resort", "69000 Genting Highlands, Pahang", "Malaysia"], "city": "Genting Highlands", "lng": 101.78196128071014, "cc": "MY", "state": "Pahang", "lat": 3.3984815682037497, "address": "Awana Genting Highlands Golf & Country Resort", "labeledLatLngs": [{"label": "display", "lat": 3.3984815682037497, "lng": 101.78196128071014}], "postalCode": "69000", "country": "Malaysia"}, "categories": [{"icon": {"prefix": "https://ss3.4sqi.net/img/categories_v2/food/malaysian_", "suffix": ".png"}, "name": "Malay Restaurant", "id": "4bf58dd8d48988d156941735", "pluralName": "Malay Restaurants", "primary": true, "shortName": "Malay"}], "verified": false, "contact": {"formattedPhone": "+60 3-6436 9000", "phone": "+60364369000"}, "allowMenuUrlEdit": true, "stats": {"tipCount": 33, "usersCount": 1458, "checkinsCount": 2719}, "id": "4c341859213c2d7ff808385d", "name": "Rajawali Coffee House", "beenHere": {"lastCheckinExpiredAt": 0}}, "suffix": "/10474894_HyWurbpoo_T7T0oBpme6gKjVlfq_lLVSOexnz_qqnDI.jpg", "visibility": "public"}, {"height": 450, "source": {"url": "https://foursquare.com/download/#/android", "name": "Foursquare for Android"}, "width": 800, "prefix": "https://igx.4sqi.net/img/general/", "createdAt": 1384522293, "id": "5286223511d2f6b68a6eb89c", "venue": {"url": "http://www.pizzahut.com.my", "like": false, "location": {"formattedAddress": ["Seksyen 5 Wangsa Maju", "53300 Wangsa Maju, Kuala Lumpur", "Malaysia"], "city": "Kuala Lumpur", "lng": 101.74420089756524, "cc": "MY", "state": "Kuala Lumpur", "lat": 3.1974338592621603, "address": "Seksyen 5 Wangsa Maju", "labeledLatLngs": [{"label": "display", "lat": 3.1974338592621603, "lng": 101.74420089756524}], "postalCode": "53300", "country": "Malaysia"}, "categories": [{"icon": {"prefix": "https://ss3.4sqi.net/img/categories_v2/food/pizza_", "suffix": ".png"}, "name": "Pizza Place", "id": "4bf58dd8d48988d1ca941735", "pluralName": "Pizza Places", "primary": true, "shortName": "Pizza"}], "verified": false, "contact": {}, "allowMenuUrlEdit": true, "stats": {"tipCount": 78, "usersCount": 8051, "checkinsCount": 12017}, "id": "4c482fcc0f5aa5935b4b8076", "name": "Pizza Hut", "beenHere": {"lastCheckinExpiredAt": 0}}, "suffix": "/10474894_hwQMwLHTF7zjlL2UMtgR4TZ78MOOOADBmM5qalvGNxE.jpg", "visibility": "public"}, {"height": 960, "source": {"url": "https://foursquare.com/download/#/android", "name": "Foursquare for Android"}, "width": 540, "prefix": "https://igx.4sqi.net/img/general/", "createdAt": 1382753097, "id": "526b2349498ede77e70b25d6", "venue": {"like": false, "location": {"lng": 101.69879858343558, "cc": "MY", "country": "Malaysia", "lat": 3.2351331190647192, "address": "Taman Samudera", "labeledLatLngs": [{"label": "display", "lat": 3.2351331190647192, "lng": 101.69879858343558}], "formattedAddress": ["Taman Samudera", "Malaysia"]}, "categories": [{"icon": {"prefix": "https://ss3.4sqi.net/img/categories_v2/food/coffeeshop_", "suffix": ".png"}, "name": "Coffee Shop", "id": "4bf58dd8d48988d1e0931735", "pluralName": "Coffee Shops", "primary": true, "shortName": "Coffee Shop"}], "verified": false, "contact": {}, "allowMenuUrlEdit": true, "stats": {"tipCount": 27, "usersCount": 909, "checkinsCount": 1552}, "id": "51a72870498eb644eb4fed1c", "name": "Kluang MyRail Coffee @ Batu Caves", "beenHere": {"lastCheckinExpiredAt": 0}}, "suffix": "/10474894_oltDW8xN1f_7GbAFxJ6z7WjS3N0DWzdf-I1ISzVkrWQ.jpg", "visibility": "public"}, {"height": 540, "source": {"url": "https://foursquare.com/download/#/android", "name": "Foursquare for Android"}, "width": 960, "prefix": "https://igx.4sqi.net/img/general/", "createdAt": 1382266838, "id": "5263b7d6498e826ea00fa575", "venue": {"url": "http://www.alexis.com.my/html/bangsar.html", "like": false, "location": {"neighborhood": "Bangsar Baru", "address": "29 Jalan Telawi 3, Bangsar Baru", "labeledLatLngs": [{"label": "display", "lat": 3.1317845013241863, "lng": 101.67111094738266}], "postalCode": "59100", "city": "Kuala Lumpur", "state": "Kuala Lumpur", "cc": "MY", "country": "Malaysia", "lat": 3.1317845013241863, "lng": 101.67111094738266, "crossStreet": "Lot 15A, 1st Floor", "formattedAddress": ["29 Jalan Telawi 3, Bangsar Baru (Lot 15A, 1st Floor)", "59100 Kuala Lumpur, Kuala Lumpur", "Malaysia"]}, "categories": [{"icon": {"prefix": "https://ss3.4sqi.net/img/categories_v2/food/default_", "suffix": ".png"}, "name": "Restaurant", "id": "4bf58dd8d48988d1c4941735", "pluralName": "Restaurants", "primary": true, "shortName": "Restaurant"}], "verified": false, "contact": {"formattedPhone": "+60 3-2284 2880", "phone": "+60322842880", "facebookName": "Alexis Bistro", "facebookUsername": "alexisbistro", "facebook": "1551339515093807"}, "allowMenuUrlEdit": true, "stats": {"tipCount": 240, "usersCount": 12777, "checkinsCount": 21424}, "id": "4b058803f964a5208cac22e3", "name": "Alexis", "beenHere": {"lastCheckinExpiredAt": 0}}, "suffix": "/10474894_w-ThwSX2aymQNgMS1vak31XavRJS4JxtHpMANW_xK20.jpg", "visibility": "public"}, {"height": 540, "source": {"url": "https://foursquare.com/download/#/android", "name": "Foursquare for Android"}, "width": 960, "prefix": "https://igx.4sqi.net/img/general/", "createdAt": 1382266207, "id": "5263b55f11d280761cbeb08e", "venue": {"url": "http://www.alexis.com.my/html/bangsar.html", "like": false, "location": {"neighborhood": "Bangsar Baru", "address": "29 Jalan Telawi 3, Bangsar Baru", "labeledLatLngs": [{"label": "display", "lat": 3.1317845013241863, "lng": 101.67111094738266}], "postalCode": "59100", "city": "Kuala Lumpur", "state": "Kuala Lumpur", "cc": "MY", "country": "Malaysia", "lat": 3.1317845013241863, "lng": 101.67111094738266, "crossStreet": "Lot 15A, 1st Floor", "formattedAddress": ["29 Jalan Telawi 3, Bangsar Baru (Lot 15A, 1st Floor)", "59100 Kuala Lumpur, Kuala Lumpur", "Malaysia"]}, "categories": [{"icon": {"prefix": "https://ss3.4sqi.net/img/categories_v2/food/default_", "suffix": ".png"}, "name": "Restaurant", "id": "4bf58dd8d48988d1c4941735", "pluralName": "Restaurants", "primary": true, "shortName": "Restaurant"}], "verified": false, "contact": {"formattedPhone": "+60 3-2284 2880", "phone": "+60322842880", "facebookName": "Alexis Bistro", "facebookUsername": "alexisbistro", "facebook": "1551339515093807"}, "allowMenuUrlEdit": true, "stats": {"tipCount": 240, "usersCount": 12777, "checkinsCount": 21424}, "id": "4b058803f964a5208cac22e3", "name": "Alexis", "beenHere": {"lastCheckinExpiredAt": 0}}, "suffix": "/10474894_-wDrI1XSd6p4cjsML68puMoHHli4oz6rb4jeaDbkh8w.jpg", "visibility": "public"}, {"height": 540, "source": {"url": "https://foursquare.com/download/#/android", "name": "Foursquare for Android"}, "width": 960, "prefix": "https://igx.4sqi.net/img/general/", "createdAt": 1382147112, "id": "5261e428498e0eeef4d2bf38", "venue": {"location": {"formattedAddress": ["Jalan 2/10, Dataran Templer", "68100 Batu Caves, Selangor", "Malaysia"], "city": "Batu Caves", "lng": 101.65716153480456, "cc": "MY", "state": "Selangor", "lat": 3.256008186383292, "address": "Jalan 2/10, Dataran Templer", "labeledLatLngs": [{"label": "display", "lat": 3.256008186383292, "lng": 101.65716153480456}], "postalCode": "68100", "country": "Malaysia"}, "contact": {"formattedPhone": "+60 3-6138 8388", "phone": "+60361388388", "facebookName": "Tuuu Dia Pak Tam", "facebook": "129600520429986"}, "verified": false, "allowMenuUrlEdit": true, "stats": {"tipCount": 60, "usersCount": 3369, "checkinsCount": 5466}, "id": "4d8ee47cd00a6ea8de3cc44f", "name": "Restoran Tu Dia ... Pak Tam", "beenHere": {"lastCheckinExpiredAt": 0}, "url": "http://www.paktam.com.my", "like": false, "categories": [{"icon": {"prefix": "https://ss3.4sqi.net/img/categories_v2/food/malaysian_", "suffix": ".png"}, "name": "Malay Restaurant", "id": "4bf58dd8d48988d156941735", "pluralName": "Malay Restaurants", "primary": true, "shortName": "Malay"}], "menu": {"url": "http://www.paktam.com.my/our-menu/", "label": "Menu", "anchor": "View Menu", "mobileUrl": "http://www.paktam.com.my/our-menu/", "type": "Menu", "externalUrl": "http://www.paktam.com.my/our-menu/"}, "private": true}, "suffix": "/10474894_s8N93YMBwOikAYdWtdNnu7m-ZZibzfsCRj2lDbGI4Cw.jpg", "visibility": "public"}, {"height": 720, "source": {"url": "https://foursquare.com/download/#/android", "name": "Foursquare for Android"}, "width": 960, "prefix": "https://igx.4sqi.net/img/general/", "createdAt": 1380430302, "id": "5247b1de498e2714cabbdc7a", "venue": {"location": {"formattedAddress": ["No. 4-2, Lorong Maarof, Bangsar Park", "59100 Bangsar, Kuala Lumpur", "Malaysia"], "city": "Bangsar", "lng": 101.67596311532229, "cc": "MY", "state": "Kuala Lumpur", "lat": 3.127915644817189, "address": "No. 4-2, Lorong Maarof, Bangsar Park", "labeledLatLngs": [{"label": "display", "lat": 3.127915644817189, "lng": 101.67596311532229}], "postalCode": "59100", "country": "Malaysia"}, "contact": {"formattedPhone": "+60 3-2282 4776", "phone": "+60322824776"}, "verified": false, "allowMenuUrlEdit": true, "stats": {"tipCount": 95, "usersCount": 4625, "checkinsCount": 6418}, "id": "4b77a24cf964a520e4a42ee3", "url": "http://www.restoranrebungdatochefismail.com", "closed": true, "like": false, "categories": [{"icon": {"prefix": "https://ss3.4sqi.net/img/categories_v2/food/malaysian_", "suffix": ".png"}, "name": "Malay Restaurant", "id": "4bf58dd8d48988d156941735", "pluralName": "Malay Restaurants", "primary": true, "shortName": "Malay"}], "beenHere": {"lastCheckinExpiredAt": 0}, "name": "Restoran Rebung Chef Ismail"}, "suffix": "/10474894_UHVDlmiYJ4vmiVNIVpihMmNuA4hn2N8w51tbuXl49QU.jpg", "visibility": "public"}, {"height": 960, "source": {"url": "https://foursquare.com/download/#/android", "name": "Foursquare for Android"}, "width": 720, "prefix": "https://igx.4sqi.net/img/general/", "createdAt": 1380288928, "id": "524589a0498e944d59e27b26", "venue": {"like": false, "location": {"formattedAddress": ["Tiara Duta Clubhouse (Tiara Duta,Jalan Dagang 4,Taman Putra Sulaiman)", "55100 Ampang, Selangor", "Malaysia"], "city": "Ampang", "lng": 101.75165955252218, "cc": "MY", "state": "Selangor", "crossStreet": "Tiara Duta,Jalan Dagang 4,Taman Putra Sulaiman", "lat": 3.1505170572524355, "address": "Tiara Duta Clubhouse", "labeledLatLngs": [{"label": "display", "lat": 3.1505170572524355, "lng": 101.75165955252218}], "postalCode": "55100", "country": "Malaysia"}, "categories": [{"icon": {"prefix": "https://ss3.4sqi.net/img/categories_v2/food/malaysian_", "suffix": ".png"}, "name": "Malay Restaurant", "id": "4bf58dd8d48988d156941735", "pluralName": "Malay Restaurants", "primary": true, "shortName": "Malay"}], "verified": false, "contact": {"formattedPhone": "+60 12-522 0051", "phone": "+60125220051"}, "allowMenuUrlEdit": true, "stats": {"tipCount": 80, "usersCount": 3351, "checkinsCount": 6794}, "id": "4fc72f46e4b0d4e5a5fafd26", "name": "Nasi Lemak Royale Kedah", "beenHere": {"lastCheckinExpiredAt": 0}}, "suffix": "/10474894_NwhTaqkD2PDwE2GpnHa5RdfeFZu5dHFDHy730Nqh0j4.jpg", "visibility": "public"}, {"height": 720, "source": {"url": "https://foursquare.com/download/#/android", "name": "Foursquare for Android"}, "width": 960, "prefix": "https://igx.4sqi.net/img/general/", "createdAt": 1379168202, "id": "52346fca11d27e8e754195e0", "venue": {"like": false, "location": {"formattedAddress": ["Taman Paya Dalam", "75460 Melaka, Melaka", "Malaysia"], "city": "Melaka", "lng": 102.33640755642051, "cc": "MY", "state": "Melaka", "lat": 2.1571604522937116, "address": "Taman Paya Dalam", "labeledLatLngs": [{"label": "display", "lat": 2.1571604522937116, "lng": 102.33640755642051}], "postalCode": "75460", "country": "Malaysia"}, "categories": [{"icon": {"prefix": "https://ss3.4sqi.net/img/categories_v2/food/seafood_", "suffix": ".png"}, "name": "Seafood Restaurant", "id": "4bf58dd8d48988d1ce941735", "pluralName": "Seafood Restaurants", "primary": true, "shortName": "Seafood"}], "verified": false, "contact": {}, "allowMenuUrlEdit": true, "stats": {"tipCount": 126, "usersCount": 9831, "checkinsCount": 11807}, "id": "4c3c6df04bc9a593699cd271", "name": "Medan Ikan Bakar Umbai-Pernu", "beenHere": {"lastCheckinExpiredAt": 0}}, "suffix": "/10474894_y0KqceA3qgpuw1i2pnogAbGLyfCZDw6caZQe4Leg5Vk.jpg", "visibility": "public"}, {"height": 960, "source": {"url": "https://foursquare.com/download/#/android", "name": "Foursquare for Android"}, "width": 720, "prefix": "https://igx.4sqi.net/img/general/", "createdAt": 1378638669, "id": "522c5b4d11d2186ae3895bdb", "venue": {"url": "http://www.chilis.com.my", "like": false, "location": {"formattedAddress": ["Bangsar Shopping Centre (G9)", "59100 Bangsar, Kuala Lumpur", "Malaysia"], "city": "Bangsar", "lng": 101.66765398568734, "cc": "MY", "state": "Kuala Lumpur", "crossStreet": "G9", "lat": 3.142525190304936, "address": "Bangsar Shopping Centre", "labeledLatLngs": [{"label": "display", "lat": 3.142525190304936, "lng": 101.66765398568734}], "postalCode": "59100", "country": "Malaysia"}, "categories": [{"icon": {"prefix": "https://ss3.4sqi.net/img/categories_v2/food/default_", "suffix": ".png"}, "name": "American Restaurant", "id": "4bf58dd8d48988d14e941735", "pluralName": "American Restaurants", "primary": true, "shortName": "American"}], "verified": false, "contact": {"formattedPhone": "+60 3-2092 2023", "phone": "+60320922023"}, "allowMenuUrlEdit": true, "stats": {"tipCount": 140, "usersCount": 10442, "checkinsCount": 18268}, "id": "4b0e53cbf964a520d95623e3", "name": "Chili's Grill & Bar Restaurant", "beenHere": {"lastCheckinExpiredAt": 0}}, "suffix": "/10474894_ZdCnS55fr7I0SdacfGo1PsFmCtLyoZ9M26C_13j72D4.jpg", "visibility": "public"}, {"height": 960, "source": {"url": "https://foursquare.com/download/#/android", "name": "Foursquare for Android"}, "width": 720, "prefix": "https://igx.4sqi.net/img/general/", "createdAt": 1378474082, "id": "5229d86211d2d6ed4d184479", "venue": {"like": false, "location": {"formattedAddress": ["Tiara Duta Clubhouse (Tiara Duta,Jalan Dagang 4,Taman Putra Sulaiman)", "55100 Ampang, Selangor", "Malaysia"], "city": "Ampang", "lng": 101.75165955252218, "cc": "MY", "state": "Selangor", "crossStreet": "Tiara Duta,Jalan Dagang 4,Taman Putra Sulaiman", "lat": 3.1505170572524355, "address": "Tiara Duta Clubhouse", "labeledLatLngs": [{"label": "display", "lat": 3.1505170572524355, "lng": 101.75165955252218}], "postalCode": "55100", "country": "Malaysia"}, "categories": [{"icon": {"prefix": "https://ss3.4sqi.net/img/categories_v2/food/malaysian_", "suffix": ".png"}, "name": "Malay Restaurant", "id": "4bf58dd8d48988d156941735", "pluralName": "Malay Restaurants", "primary": true, "shortName": "Malay"}], "verified": false, "contact": {"formattedPhone": "+60 12-522 0051", "phone": "+60125220051"}, "allowMenuUrlEdit": true, "stats": {"tipCount": 80, "usersCount": 3351, "checkinsCount": 6794}, "id": "4fc72f46e4b0d4e5a5fafd26", "name": "Nasi Lemak Royale Kedah", "beenHere": {"lastCheckinExpiredAt": 0}}, "suffix": "/10474894_jPBJWbcyCzrmjeBudt1GPuZ5lpWcsSn0OES10AJcUNs.jpg", "visibility": "public"}, {"height": 720, "source": {"url": "https://foursquare.com/download/#/android", "name": "Foursquare for Android"}, "width": 960, "prefix": "https://igx.4sqi.net/img/general/", "createdAt": 1376581319, "id": "520cf6c711d221dfb73b22ce", "venue": {"like": false, "location": {"formattedAddress": ["17, Lorong Ara Kiri Satu (Bangsar)", "59100 Kuala Lumpur, Kuala Lumpur", "Malaysia"], "city": "Kuala Lumpur", "lng": 101.67031260799376, "cc": "MY", "state": "Kuala Lumpur", "crossStreet": "Bangsar", "lat": 3.128559131233628, "address": "17, Lorong Ara Kiri Satu", "labeledLatLngs": [{"label": "display", "lat": 3.128559131233628, "lng": 101.67031260799376}], "postalCode": "59100", "country": "Malaysia"}, "categories": [{"icon": {"prefix": "https://ss3.4sqi.net/img/categories_v2/food/indian_", "suffix": ".png"}, "name": "Indian Restaurant", "id": "4bf58dd8d48988d10f941735", "pluralName": "Indian Restaurants", "primary": true, "shortName": "Indian"}], "verified": false, "contact": {"formattedPhone": "+60 3-2095 5382", "phone": "+60320955382"}, "allowMenuUrlEdit": true, "stats": {"tipCount": 246, "usersCount": 10703, "checkinsCount": 25973}, "id": "4b41bffcf964a520b8c825e3", "name": "Restoran Mahbub", "beenHere": {"lastCheckinExpiredAt": 0}}, "suffix": "/10474894_XgvKnDSzjQ9kAH9ZHZfkOQEDfm8tlTbTwjG55Kw-5VQ.jpg", "visibility": "public"}, {"height": 720, "source": {"url": "https://foursquare.com/download/#/android", "name": "Foursquare for Android"}, "width": 720, "prefix": "https://igx.4sqi.net/img/general/", "createdAt": 1366435245, "id": "517225ade4b0c790d117e64e", "venue": {"like": false, "location": {"city": "Kuala Terengganu", "state": "Terengganu", "cc": "MY", "country": "Malaysia", "lat": 5.291866098819287, "lng": 103.17020772556404, "labeledLatLngs": [{"label": "display", "lat": 5.291866098819287, "lng": 103.17020772556404}], "formattedAddress": ["Kuala Terengganu, Terengganu", "Malaysia"]}, "categories": [{"icon": {"prefix": "https://ss3.4sqi.net/img/categories_v2/travel/resort_", "suffix": ".png"}, "name": "Resort", "id": "4bf58dd8d48988d12f951735", "pluralName": "Resorts", "primary": true, "shortName": "Resort"}], "verified": false, "contact": {}, "allowMenuUrlEdit": true, "stats": {"tipCount": 7, "usersCount": 202, "checkinsCount": 283}, "id": "4e1d7e3cae60cec370e106f2", "name": "PRINZ PARK Resort Terengganu", "beenHere": {"lastCheckinExpiredAt": 0}}, "suffix": "/10474894_wBz_WZro2jQfuR_nDDpvhs6cBXZYhTPwQqxghIkr5p8.jpg", "visibility": "public"}, {"height": 720, "source": {"url": "https://foursquare.com/download/#/android", "name": "Foursquare for Android"}, "width": 960, "prefix": "https://igx.4sqi.net/img/general/", "createdAt": 1364602377, "id": "51562e09e4b0edb006d331ae", "venue": {"like": false, "location": {"formattedAddress": ["Jalan Pasir Panjang", "21080 Kuala Terengganu, Terengganu", "Malaysia"], "city": "Kuala Terengganu", "lng": 103.1388860314261, "cc": "MY", "state": "Terengganu", "lat": 5.30812492169411, "address": "Jalan Pasir Panjang", "labeledLatLngs": [{"label": "display", "lat": 5.30812492169411, "lng": 103.1388860314261}], "postalCode": "21080", "country": "Malaysia"}, "categories": [{"icon": {"prefix": "https://ss3.4sqi.net/img/categories_v2/travel/bedandbreakfast_", "suffix": ".png"}, "name": "Bed & Breakfast", "id": "4bf58dd8d48988d1f8931735", "pluralName": "Bed & Breakfasts", "primary": true, "shortName": "B & B"}], "verified": false, "contact": {}, "allowMenuUrlEdit": true, "stats": {"tipCount": 0, "usersCount": 32, "checkinsCount": 66}, "id": "4d02aef4347da1cd58bf208f", "name": "Marhaba Homestay", "beenHere": {"lastCheckinExpiredAt": 0}}, "suffix": "/10474894_I9AkE07Q3arOXnB-surN4v8yZbTvfb_IiXiHS4bp8jc.jpg", "visibility": "public"}, {"height": 720, "source": {"url": "https://foursquare.com/download/#/android", "name": "Foursquare for Android"}, "width": 960, "prefix": "https://igx.4sqi.net/img/general/", "createdAt": 1364598779, "id": "51561ffbe4b0e3e09fa8da00", "venue": {"venueRatingBlacklisted": true, "like": false, "location": {"city": "Kuala Terengganu", "lng": 103.10208389220328, "cc": "MY", "state": "Terengganu", "lat": 5.2005744385228265, "address": "Binjai Rendah", "labeledLatLngs": [{"label": "display", "lat": 5.2005744385228265, "lng": 103.10208389220328}], "formattedAddress": ["Binjai Rendah", "Kuala Terengganu, Terengganu", "Malaysia"], "country": "Malaysia"}, "categories": [{"icon": {"prefix": "https://ss3.4sqi.net/img/categories_v2/building/housingdevelopment_", "suffix": ".png"}, "name": "Housing Development", "id": "4f2a210c4b9023bd5841ed28", "pluralName": "Housing Developments", "primary": true, "shortName": "Housing Development"}], "verified": false, "contact": {}, "beenHere": {"lastCheckinExpiredAt": 0}, "stats": {"tipCount": 1, "usersCount": 443, "checkinsCount": 865}, "id": "4f90bf26e4b04cd6aa3dcba5", "name": "Binjai Rendah"}, "suffix": "/10474894_kOen3K-YvqLD2gke02DLXFC5X9oj-ocnbPnHGKmPTZE.jpg", "visibility": "public"}, {"height": 720, "source": {"url": "https://foursquare.com/download/#/android", "name": "Foursquare for Android"}, "width": 720, "prefix": "https://igx.4sqi.net/img/general/", "createdAt": 1364106842, "id": "514e9e5ae4b0010b623a90ef", "venue": {"like": false, "location": {"formattedAddress": ["Great Eastern Mall", "50450 Kuala Lumpur, Kuala Lumpur", "Malaysia"], "city": "Kuala Lumpur", "lng": 101.73668716048738, "cc": "MY", "state": "Kuala Lumpur", "lat": 3.160667925619276, "address": "Great Eastern Mall", "labeledLatLngs": [{"label": "display", "lat": 3.160667925619276, "lng": 101.73668716048738}], "postalCode": "50450", "country": "Malaysia"}, "categories": [{"icon": {"prefix": "https://ss3.4sqi.net/img/categories_v2/food/asian_", "suffix": ".png"}, "name": "Asian Restaurant", "id": "4bf58dd8d48988d142941735", "pluralName": "Asian Restaurants", "primary": true, "shortName": "Asian"}], "verified": false, "contact": {"formattedPhone": "+60 3-4257 8988", "phone": "+60342578988"}, "allowMenuUrlEdit": true, "stats": {"tipCount": 265, "usersCount": 10553, "checkinsCount": 22675}, "id": "4b8b4cdff964a5206c9b32e3", "name": "Cozy House Restaurant", "beenHere": {"lastCheckinExpiredAt": 0}}, "suffix": "/10474894_zhpqBnLIzEHyOQw_y34r7VDCdCCwgu3zXMlLBzEMQE4.jpg", "visibility": "public"}, {"height": 720, "source": {"url": "https://foursquare.com/download/#/android", "name": "Foursquare for Android"}, "width": 720, "prefix": "https://igx.4sqi.net/img/general/", "createdAt": 1363444728, "id": "514483f8e4b01380965efa28", "venue": {"like": false, "location": {"country": "Malaysia", "lng": 101.67057738950304, "cc": "MY", "state": "Selangor", "crossStreet": "Selayang Baru", "lat": 3.246283335251135, "address": "Kg Selayang Baru", "labeledLatLngs": [{"label": "display", "lat": 3.246283335251135, "lng": 101.67057738950304}], "formattedAddress": ["Kg Selayang Baru (Selayang Baru)", "Selangor", "Malaysia"]}, "categories": [{"icon": {"prefix": "https://ss3.4sqi.net/img/categories_v2/food/burger_", "suffix": ".png"}, "name": "Burger Joint", "id": "4bf58dd8d48988d16c941735", "pluralName": "Burger Joints", "primary": true, "shortName": "Burgers"}], "verified": false, "contact": {}, "allowMenuUrlEdit": true, "stats": {"tipCount": 3, "usersCount": 126, "checkinsCount": 229}, "id": "4f9e9c1ce4b0f1efa99f079b", "name": "Fast Food Station", "beenHere": {"lastCheckinExpiredAt": 0}}, "suffix": "/10474894_DSlaTNaArq23r03uyjzjj7bDpV7AEQOo4_XFbXH9fLE.jpg", "visibility": "public"}, {"height": 720, "source": {"url": "https://foursquare.com/download/#/android", "name": "Foursquare for Android"}, "width": 720, "prefix": "https://igx.4sqi.net/img/general/", "createdAt": 1363258363, "id": "5141abfbe4b08c91f804a5e6", "venue": {"venueRatingBlacklisted": true, "like": false, "location": {"formattedAddress": ["86000 Kluang, Johor", "Malaysia"], "city": "Kluang", "state": "Johor", "cc": "MY", "country": "Malaysia", "lat": 2.016758931149504, "lng": 103.27667138781202, "labeledLatLngs": [{"label": "display", "lat": 2.016758931149504, "lng": 103.27667138781202}], "postalCode": "86000"}, "categories": [{"icon": {"prefix": "https://ss3.4sqi.net/img/categories_v2/building/housingdevelopment_", "suffix": ".png"}, "name": "Housing Development", "id": "4f2a210c4b9023bd5841ed28", "pluralName": "Housing Developments", "primary": true, "shortName": "Housing Development"}], "verified": false, "contact": {}, "beenHere": {"lastCheckinExpiredAt": 0}, "stats": {"tipCount": 5, "usersCount": 368, "checkinsCount": 1160}, "id": "4e605ac7c65b2dc89eb7f94b", "name": "Taman Saujana"}, "suffix": "/10474894_HbGuIp0sfB-LXl26HNhm11VvdACLdEqqmuDjzE8-OsY.jpg", "visibility": "public"}, {"height": 720, "source": {"url": "https://foursquare.com/download/#/android", "name": "Foursquare for Android"}, "width": 720, "prefix": "https://igx.4sqi.net/img/general/", "createdAt": 1362839184, "id": "513b4690e4b0c2851466f7cf", "venue": {"like": false, "location": {"formattedAddress": ["Tiara Duta Clubhouse (Tiara Duta,Jalan Dagang 4,Taman Putra Sulaiman)", "55100 Ampang, Selangor", "Malaysia"], "city": "Ampang", "lng": 101.75165955252218, "cc": "MY", "state": "Selangor", "crossStreet": "Tiara Duta,Jalan Dagang 4,Taman Putra Sulaiman", "lat": 3.1505170572524355, "address": "Tiara Duta Clubhouse", "labeledLatLngs": [{"label": "display", "lat": 3.1505170572524355, "lng": 101.75165955252218}], "postalCode": "55100", "country": "Malaysia"}, "categories": [{"icon": {"prefix": "https://ss3.4sqi.net/img/categories_v2/food/malaysian_", "suffix": ".png"}, "name": "Malay Restaurant", "id": "4bf58dd8d48988d156941735", "pluralName": "Malay Restaurants", "primary": true, "shortName": "Malay"}], "verified": false, "contact": {"formattedPhone": "+60 12-522 0051", "phone": "+60125220051"}, "allowMenuUrlEdit": true, "stats": {"tipCount": 80, "usersCount": 3351, "checkinsCount": 6794}, "id": "4fc72f46e4b0d4e5a5fafd26", "name": "Nasi Lemak Royale Kedah", "beenHere": {"lastCheckinExpiredAt": 0}}, "suffix": "/10474894_2tSQgQB_pgkm9XVLO5S7eemA0r-Y9XtwLVs5mRfWyh8.jpg", "visibility": "public"}, {"height": 720, "source": {"url": "https://foursquare.com/download/#/android", "name": "Foursquare for Android"}, "width": 720, "prefix": "https://igx.4sqi.net/img/general/", "createdAt": 1361001241, "id": "511f3b19e4b0518ce35bbbe4", "venue": {"like": false, "location": {"formattedAddress": ["No. 239, Batu 2, Jalan Ipoh", "51200 Kuala Lumpur, Kuala Lumpur", "Malaysia"], "city": "Kuala Lumpur", "lng": 101.69124920495132, "cc": "MY", "state": "Kuala Lumpur", "lat": 3.174792071358944, "address": "No. 239, Batu 2, Jalan Ipoh", "labeledLatLngs": [{"label": "display", "lat": 3.174792071358944, "lng": 101.69124920495132}], "postalCode": "51200", "country": "Malaysia"}, "categories": [{"icon": {"prefix": "https://ss3.4sqi.net/img/categories_v2/food/indian_", "suffix": ".png"}, "name": "Indian Restaurant", "id": "4bf58dd8d48988d10f941735", "pluralName": "Indian Restaurants", "primary": true, "shortName": "Indian"}], "verified": false, "contact": {"formattedPhone": "+60 3-4044 0563", "phone": "+60340440563"}, "allowMenuUrlEdit": true, "stats": {"tipCount": 15, "usersCount": 375, "checkinsCount": 504}, "id": "4d8995061508a1432b3c111e", "name": "KMS Sentul Curry House Sdn. Bhd.", "beenHere": {"lastCheckinExpiredAt": 0}}, "suffix": "/10474894_i2uhik5oL-eT5_RGuLR7fDRdYqlz3xhLexAhro1rmjk.jpg", "visibility": "public"}], "count": 47}, "totalCount": 47}}