{"response": {"photos": {"items": [{"id": "55088d48498e861d35276ef6", "createdAt": 1426623816, "tip": {"id": "55088d44498e003a0ad7bbe1", "createdAt": 1426623812, "like": false, "todo": {"count": 0}, "text": "Love the drinks here. Fresh milk bubble tea is the best", "logView": true, "disagreeCount": 0, "canonicalUrl": "https://foursquare.com/item/55088d44498e003a0ad7bbe1", "type": "user", "likes": {"summary": "2 likes", "count": 2, "groups": [{"items": [{"id": "4913876", "photo": {"prefix": "https://igx.4sqi.net/img/user/", "suffix": "/4913876-DLUQXVH1MHKNKX1U.jpg"}, "gender": "male", "firstName": "Vilmos", "lastName": "N"}, {"id": "5336622", "photo": {"prefix": "https://igx.4sqi.net/img/user/", "suffix": "/DI1UVDYUQAFPT2WH.jpg"}, "gender": "male", "firstName": "Yue Jing", "lastName": "Ho"}], "count": 2, "type": "others"}]}, "agreeCount": 2}, "height": 1920, "visibility": "public", "source": {"url": "https://foursquare.com/download/#/iphone", "name": "Foursquare for iOS"}, "prefix": "https://igx.4sqi.net/img/general/", "venue": {"like": false, "menu": {"mobileUrl": "http://www.bijububbletea.com/drinksMenu", "url": "http://www.bijububbletea.com/drinksMenu", "label": "Menu", "externalUrl": "http://www.bijububbletea.com/drinksMenu", "anchor": "View Menu", "type": "Menu"}, "allowMenuUrlEdit": true, "location": {"address": "45 Old Compton St", "state": "Greater London", "lat": 51.51285192625438, "postalCode": "W1D 6HQ", "city": "London", "formattedAddress": ["45 Old Compton St", "London", "Greater London", "W1D 6HQ", "United Kingdom"], "lng": -0.13237835256211875, "labeledLatLngs": [{"lng": -0.13237835256211875, "label": "display", "lat": 51.51285192625438}], "country": "United Kingdom", "cc": "GB"}, "storeId": "", "id": "53d0d723498eda9618d44c62", "beenHere": {"lastCheckinExpiredAt": 0}, "stats": {"checkinsCount": 1443, "tipCount": 41, "usersCount": 709}, "url": "http://bijububbletea.com", "categories": [{"id": "52e81612bcbc57f1066b7a0c", "primary": true, "icon": {"prefix": "https://ss3.4sqi.net/img/categories_v2/food/bubble_", "suffix": ".png"}, "pluralName": "Bubble Tea Shops", "shortName": "Bubble Tea", "name": "Bubble Tea Shop"}], "venuePage": {"id": "93925181"}, "verified": true, "contact": {"facebook": "1394706174143553", "facebookName": "Biju Bubble Tea", "formattedPhone": "+44 20 7287 4040", "phone": "+442072874040", "facebookUsername": "bijububbletea", "twitter": "bijububbletea"}, "name": "Biju Bubble Tea Room"}, "width": 1440, "suffix": "/10472629_gr7n8RIyFy96cPQf5ts60KDKYiLo8GamIr2xqhK1xSw.jpg"}, {"id": "55088cc7498e57772d1791bf", "createdAt": 1426623687, "tip": {"id": "55088cc3498ecdb3e14a9d5c", "createdAt": 1426623683, "like": false, "todo": {"count": 0}, "text": "Seared trout one of the best dishes", "logView": true, "disagreeCount": 0, "canonicalUrl": "https://foursquare.com/item/55088cc3498ecdb3e14a9d5c", "type": "user", "likes": {"count": 0, "groups": []}, "agreeCount": 0}, "height": 1920, "visibility": "public", "source": {"url": "https://foursquare.com/download/#/iphone", "name": "Foursquare for iOS"}, "prefix": "https://igx.4sqi.net/img/general/", "venue": {"like": false, "menu": {"anchor": "View Menu", "url": "https://foursquare.com/v/caravan/5002cf70e4b0ebdd7341a082/menu", "label": "Menu", "type": "Menu", "mobileUrl": "https://foursquare.com/v/5002cf70e4b0ebdd7341a082/device_menu"}, "allowMenuUrlEdit": true, "location": {"formattedAddress": ["Granary Building, 1 Granary Sq", "London", "Greater London", "N1C 4AA", "United Kingdom"], "address": "Granary Building, 1 Granary Sq", "state": "Greater London", "lat": 51.53544897383766, "postalCode": "N1C 4AA", "city": "London", "neighborhood": "Kings Cross", "lng": -0.12527287623117564, "labeledLatLngs": [{"lng": -0.12527287623117564, "label": "display", "lat": 51.53544897383766}], "country": "United Kingdom", "cc": "GB"}, "name": "Caravan", "id": "5002cf70e4b0ebdd7341a082", "beenHere": {"lastCheckinExpiredAt": 0}, "stats": {"checkinsCount": 8441, "tipCount": 281, "usersCount": 4723}, "url": "http://www.caravanrestaurants.co.uk", "categories": [{"id": "4bf58dd8d48988d1c4941735", "primary": true, "icon": {"prefix": "https://ss3.4sqi.net/img/categories_v2/food/default_", "suffix": ".png"}, "pluralName": "Restaurants", "shortName": "Restaurant", "name": "Restaurant"}], "verified": true, "hasMenu": true, "contact": {"twitter": "caravankingsx", "formattedPhone": "+44 20 7101 7661", "phone": "+442071017661"}}, "width": 1440, "suffix": "/10472629_9iblYET3ztXiLBj8FJkfYLH0eXEdi9prXk4E_WpQvKg.jpg"}], "count": 2}, "totalCount": 2}, "meta": {"code": 200, "requestId": "595a7dd3351e3d64b27d551e"}, "notifications": [{"item": {"unreadCount": 0}, "type": "notificationTray"}]}