{"meta": {"code": 200, "requestId": "595b0079f594df3c25a585c6"}, "notifications": [{"item": {"unreadCount": 0}, "type": "notificationTray"}], "response": {"photos": {"items": [{"height": 619, "source": {"url": "https://www.swarmapp.com", "name": "Swarm for iOS"}, "width": 960, "prefix": "https://igx.4sqi.net/img/general/", "createdAt": 1409395323, "id": "5401aa7b11d2424d43c44eb5", "venue": {"closed": true, "like": false, "location": {"formattedAddress": ["#B2-50/51, nex (23 Serangoon Central)", "556083", "Singapore"], "city": "Singapore", "lng": 103.87255668640137, "cc": "SG", "country": "Singapore", "lat": 1.349755833602559, "address": "#B2-50/51, nex", "crossStreet": "23 Serangoon Central", "postalCode": "556083"}, "categories": [{"icon": {"prefix": "https://ss3.4sqi.net/img/categories_v2/food/burger_", "suffix": ".png"}, "name": "Burger Joint", "id": "4bf58dd8d48988d16c941735", "pluralName": "Burger Joints", "primary": true, "shortName": "Burgers"}], "verified": false, "contact": {}, "allowMenuUrlEdit": true, "stats": {"tipCount": 17, "usersCount": 966, "checkinsCount": 1785}, "id": "4ef17ad7f9abac413395f053", "name": "Burger King", "beenHere": {"lastCheckinExpiredAt": 0}}, "suffix": "/10484392_61Cds_vi6PV9NfS8Jg5JZlTFPmjNEFiYS6VD1BQOMs4.jpg", "visibility": "public"}, {"height": 960, "source": {"url": "https://foursquare.com/download/#/iphone", "name": "Foursquare for iOS"}, "width": 720, "prefix": "https://igx.4sqi.net/img/general/", "createdAt": 1390642097, "id": "52e383b111d25c2cf1b97dab", "venue": {"like": false, "location": {"formattedAddress": ["62 Great Western Hwy.", "Leura NSW 2780", "Australia"], "city": "Leura", "lng": 150.32998137096823, "cc": "AU", "state": "NSW", "lat": -33.711079008243104, "address": "62 Great Western Hwy.", "labeledLatLngs": [{"label": "display", "lat": -33.711079008243104, "lng": 150.32998137096823}], "postalCode": "2780", "country": "Australia"}, "categories": [{"icon": {"prefix": "https://ss3.4sqi.net/img/categories_v2/nightlife/pub_", "suffix": ".png"}, "name": "Pub", "id": "4bf58dd8d48988d11b941735", "pluralName": "Pubs", "primary": true, "shortName": "Pub"}], "verified": false, "contact": {}, "allowMenuUrlEdit": true, "stats": {"tipCount": 7, "usersCount": 157, "checkinsCount": 237}, "id": "4be510472457a593c822ab15", "name": "The Alexandra Hotel", "beenHere": {"lastCheckinExpiredAt": 0}}, "suffix": "/10484392_npxiq9pf5cK1vIXijaZiFi45YI5hCVo3SFNBz5lsN50.jpg", "visibility": "public"}, {"height": 960, "source": {"url": "https://foursquare.com/download/#/iphone", "name": "Foursquare for iOS"}, "width": 720, "prefix": "https://igx.4sqi.net/img/general/", "createdAt": 1390553808, "id": "52e22ad0498e533806dc8494", "venue": {"like": false, "location": {"city": "Katoomba", "lng": 150.310265, "cc": "AU", "state": "NSW", "lat": -33.711813, "address": "15 Parke St", "labeledLatLngs": [{"label": "display", "lat": -33.711813, "lng": 150.310265}], "formattedAddress": ["15 Parke St", "Katoomba NSW", "Australia"], "country": "Australia"}, "categories": [{"icon": {"prefix": "https://ss3.4sqi.net/img/categories_v2/nightlife/pub_", "suffix": ".png"}, "name": "Pub", "id": "4bf58dd8d48988d11b941735", "pluralName": "Pubs", "primary": true, "shortName": "Pub"}], "verified": false, "contact": {}, "allowMenuUrlEdit": true, "stats": {"tipCount": 2, "usersCount": 91, "checkinsCount": 252}, "id": "4c146e5277cea59358b8d060", "name": "Katoomba Family Hotel", "beenHere": {"lastCheckinExpiredAt": 0}}, "suffix": "/10484392_-dRzZOZSCmTrI5ptQQnXutCyd71HWgJLaZSx9aIVrpE.jpg", "visibility": "public"}, {"height": 960, "source": {"url": "https://foursquare.com/download/#/iphone", "name": "Foursquare for iOS"}, "width": 720, "prefix": "https://igx.4sqi.net/img/general/", "createdAt": 1390553778, "id": "52e22ab2498e75f5d7921a2b", "venue": {"like": false, "location": {"city": "Katoomba", "lng": 150.310265, "cc": "AU", "state": "NSW", "lat": -33.711813, "address": "15 Parke St", "labeledLatLngs": [{"label": "display", "lat": -33.711813, "lng": 150.310265}], "formattedAddress": ["15 Parke St", "Katoomba NSW", "Australia"], "country": "Australia"}, "categories": [{"icon": {"prefix": "https://ss3.4sqi.net/img/categories_v2/nightlife/pub_", "suffix": ".png"}, "name": "Pub", "id": "4bf58dd8d48988d11b941735", "pluralName": "Pubs", "primary": true, "shortName": "Pub"}], "verified": false, "contact": {}, "allowMenuUrlEdit": true, "stats": {"tipCount": 2, "usersCount": 91, "checkinsCount": 252}, "id": "4c146e5277cea59358b8d060", "name": "Katoomba Family Hotel", "beenHere": {"lastCheckinExpiredAt": 0}}, "suffix": "/10484392_7z7qpWzyOe9zzqZjLMhksPIJAUXgku-Zb-jI36-zLl4.jpg", "visibility": "public"}, {"height": 960, "source": {"url": "https://foursquare.com/download/#/iphone", "name": "Foursquare for iOS"}, "width": 720, "prefix": "https://igx.4sqi.net/img/general/", "createdAt": 1387773428, "id": "52b7bdf4498e931aa6f1d50a", "venue": {"url": "http://www.taihingroast.com.hk", "like": false, "location": {"city": "\u94dc\u9523\u6e7e", "lng": 114.18283061630959, "cc": "HK", "country": "\u9999\u6e2f", "neighborhood": "Causeway Bay", "lat": 22.281064354847988, "address": "Shop 1-3, G/F, Cigna Tower, 482 Jaffe Rd", "labeledLatLngs": [{"label": "display", "lat": 22.281064354847988, "lng": 114.18283061630959}], "formattedAddress": ["Shop 1-3, G/F, Cigna Tower, 482 Jaffe Rd", "\u9999\u6e2f"]}, "categories": [{"icon": {"prefix": "https://ss3.4sqi.net/img/categories_v2/food/asian_", "suffix": ".png"}, "name": "Hong Kong Restaurant", "id": "52af3add3cf9994f4e043bf5", "pluralName": "Hong Kong Restaurants", "primary": true, "shortName": "Hong Kong"}], "verified": false, "contact": {"formattedPhone": "+852 2577 7038", "phone": "+85225777038"}, "allowMenuUrlEdit": true, "stats": {"tipCount": 16, "usersCount": 517, "checkinsCount": 844}, "id": "4b9e130ef964a52050c936e3", "name": "Tai Hing (\u592a\u8208)", "beenHere": {"lastCheckinExpiredAt": 0}}, "suffix": "/10484392_gp6Khzp2wiw2zTORB5LYOFVTdpBYMVIpedInv3hibmE.jpg", "visibility": "public"}, {"height": 960, "source": {"url": "https://foursquare.com/download/#/iphone", "name": "Foursquare for iOS"}, "width": 720, "prefix": "https://igx.4sqi.net/img/general/", "createdAt": 1381022754, "id": "5250bc2211d2c68b0487f6a4", "venue": {"url": "http://www.bygonebeautys.com.au", "like": false, "location": {"formattedAddress": ["20-22 Grose St", "Leura NSW 2780", "Australia"], "city": "Leura", "lng": 150.3332745207414, "cc": "AU", "state": "NSW", "lat": -33.71418956176652, "address": "20-22 Grose St", "labeledLatLngs": [{"label": "display", "lat": -33.71418956176652, "lng": 150.3332745207414}], "postalCode": "2780", "country": "Australia"}, "categories": [{"icon": {"prefix": "https://ss3.4sqi.net/img/categories_v2/shops/antique_", "suffix": ".png"}, "name": "Antique Shop", "id": "4bf58dd8d48988d116951735", "pluralName": "Antique Shops", "primary": true, "shortName": "Antiques"}], "verified": false, "contact": {"formattedPhone": "+61 2 4784 3117", "phone": "+61247843117"}, "allowMenuUrlEdit": true, "stats": {"tipCount": 10, "usersCount": 195, "checkinsCount": 246}, "id": "4c4d17e313d120a1cbdd5b01", "name": "Bygone Beautys - Antique Centre & Tearoom", "beenHere": {"lastCheckinExpiredAt": 0}}, "suffix": "/10484392_3j_ztUNuMdrhsjp1ujx2ccJqi3EqLAgZf-hs3s24kPc.jpg", "visibility": "public"}, {"height": 960, "source": {"url": "https://foursquare.com/download/#/iphone", "name": "Foursquare for iOS"}, "width": 720, "prefix": "https://igx.4sqi.net/img/general/", "createdAt": 1379804188, "id": "523e241c498ebc38e1637eea", "venue": {"venueRatingBlacklisted": true, "closed": true, "like": false, "location": {"formattedAddress": ["Locked Bag 10", "Sydney NSW 2012", "Australia"], "city": "Sydney", "lng": 151.21225620533244, "cc": "AU", "state": "NSW", "lat": -33.84844775400415, "address": "Locked Bag 10", "postalCode": "2012", "country": "Australia"}, "categories": [{"icon": {"prefix": "https://ss3.4sqi.net/img/categories_v2/parks_outdoors/outdoors_", "suffix": ".png"}, "name": "Other Great Outdoors", "id": "4bf58dd8d48988d162941735", "pluralName": "Other Great Outdoors", "primary": true, "shortName": "Other Outdoors"}], "verified": false, "contact": {}, "beenHere": {"lastCheckinExpiredAt": 0}, "stats": {"tipCount": 6, "usersCount": 188, "checkinsCount": 220}, "id": "4b05876af964a520719122e3", "name": "Blackmores Sydney Running Festival"}, "suffix": "/10484392_6uGtxxZLKWxDEo6Lxot0G6QEz3gHCXgH1waqot9MMOk.jpg", "visibility": "public"}, {"height": 960, "source": {"url": "https://foursquare.com/download/#/iphone", "name": "Foursquare for iOS"}, "width": 720, "prefix": "https://igx.4sqi.net/img/general/", "createdAt": 1376172770, "id": "5206bae2498e5500940433ef", "venue": {"location": {"formattedAddress": ["College St. (Park St.)", "Sydney NSW 2000", "Australia"], "city": "Sydney", "lng": 151.21185064315796, "cc": "AU", "state": "NSW", "lat": -33.87310577115773, "address": "College St.", "crossStreet": "Park St.", "postalCode": "2000", "country": "Australia"}, "contact": {"twitter": "city2surf"}, "verified": false, "allowMenuUrlEdit": true, "stats": {"tipCount": 4, "usersCount": 272, "checkinsCount": 324}, "id": "4c5ddc199b28d13aa4e15a70", "url": "http://www.city2surf.com.au", "closed": true, "like": false, "categories": [{"icon": {"prefix": "https://ss3.4sqi.net/img/categories_v2/arts_entertainment/default_", "suffix": ".png"}, "name": "General Entertainment", "id": "4bf58dd8d48988d1f1931735", "pluralName": "General Entertainment", "primary": true, "shortName": "Entertainment"}], "beenHere": {"lastCheckinExpiredAt": 0}, "name": "City2Surf"}, "suffix": "/10484392_lVHXx8qoIV_EDeMmacMyOSmwAzvFhSrxDEZZdusDcE8.jpg", "visibility": "public"}, {"height": 960, "source": {"url": "https://foursquare.com/download/#/iphone", "name": "Foursquare for iOS"}, "width": 720, "prefix": "https://igx.4sqi.net/img/general/", "createdAt": 1372288611, "id": "51cb7663498ef797c66a13c4", "venue": {"url": "http://www.brooklynhide.com.au", "like": false, "location": {"formattedAddress": ["226 Commonwealth St (at Belmore Ln)", "Surry Hills NSW 2010", "Australia"], "city": "Surry Hills", "lng": 151.2098713573173, "cc": "AU", "state": "NSW", "crossStreet": "at Belmore Ln", "lat": -33.883609308532, "address": "226 Commonwealth St", "labeledLatLngs": [{"label": "display", "lat": -33.883609308532, "lng": 151.2098713573173}], "postalCode": "2010", "country": "Australia"}, "categories": [{"icon": {"prefix": "https://ss3.4sqi.net/img/categories_v2/food/bagels_", "suffix": ".png"}, "name": "Bagel Shop", "id": "4bf58dd8d48988d179941735", "pluralName": "Bagel Shops", "primary": true, "shortName": "Bagels"}], "verified": false, "contact": {"twitter": "brooklynhide", "facebookName": "Brooklyn Hide", "formattedPhone": "+61 2 9211 6448", "phone": "+61292116448", "facebookUsername": "brooklynhide", "facebook": "497109903657584"}, "allowMenuUrlEdit": true, "stats": {"tipCount": 30, "usersCount": 395, "checkinsCount": 1130}, "id": "51c10c99498e99a9a6bc62db", "name": "Brooklyn Hide", "beenHere": {"lastCheckinExpiredAt": 0}}, "suffix": "/10484392_GQfkar8BW9P6iVqhwXMqRUXRyKD1MNdypYFrAH5QmNQ.jpg", "visibility": "public"}, {"height": 960, "source": {"url": "https://foursquare.com/download/#/iphone", "name": "Foursquare for iOS"}, "width": 720, "prefix": "https://igx.4sqi.net/img/general/", "createdAt": 1372288581, "id": "51cb7645498e1aed479424f8", "venue": {"url": "http://www.brooklynhide.com.au", "like": false, "location": {"formattedAddress": ["226 Commonwealth St (at Belmore Ln)", "Surry Hills NSW 2010", "Australia"], "city": "Surry Hills", "lng": 151.2098713573173, "cc": "AU", "state": "NSW", "crossStreet": "at Belmore Ln", "lat": -33.883609308532, "address": "226 Commonwealth St", "labeledLatLngs": [{"label": "display", "lat": -33.883609308532, "lng": 151.2098713573173}], "postalCode": "2010", "country": "Australia"}, "categories": [{"icon": {"prefix": "https://ss3.4sqi.net/img/categories_v2/food/bagels_", "suffix": ".png"}, "name": "Bagel Shop", "id": "4bf58dd8d48988d179941735", "pluralName": "Bagel Shops", "primary": true, "shortName": "Bagels"}], "verified": false, "contact": {"twitter": "brooklynhide", "facebookName": "Brooklyn Hide", "formattedPhone": "+61 2 9211 6448", "phone": "+61292116448", "facebookUsername": "brooklynhide", "facebook": "497109903657584"}, "allowMenuUrlEdit": true, "stats": {"tipCount": 30, "usersCount": 395, "checkinsCount": 1130}, "id": "51c10c99498e99a9a6bc62db", "name": "Brooklyn Hide", "beenHere": {"lastCheckinExpiredAt": 0}}, "suffix": "/10484392_A4M5ABOKZ-ezLHbAcyLP4DfoEbIvzHLaT6J413LOSco.jpg", "visibility": "public"}, {"height": 1440, "source": {"url": "https://foursquare.com/download/#/iphone", "name": "Foursquare for iOS"}, "width": 1920, "prefix": "https://igx.4sqi.net/img/general/", "createdAt": 1366948282, "id": "5179f9bae4b09e7ca6280187", "venue": {"like": false, "location": {"city": "Katoomba", "lng": 150.31973462171948, "cc": "AU", "state": "NSW", "lat": -33.72162925164124, "address": "90 Cliff Dr.", "labeledLatLngs": [{"label": "display", "lat": -33.72162925164124, "lng": 150.31973462171948}], "formattedAddress": ["90 Cliff Dr.", "Katoomba NSW", "Australia"], "country": "Australia"}, "categories": [{"icon": {"prefix": "https://ss3.4sqi.net/img/categories_v2/food/australian_", "suffix": ".png"}, "name": "Australian Restaurant", "id": "4bf58dd8d48988d169941735", "pluralName": "Australian Restaurants", "primary": true, "shortName": "Australian"}], "verified": false, "contact": {}, "allowMenuUrlEdit": true, "stats": {"tipCount": 6, "usersCount": 104, "checkinsCount": 124}, "id": "4bc9243968f976b006ec5c83", "name": "Solitary Restaurant", "beenHere": {"lastCheckinExpiredAt": 0}}, "suffix": "/10484392_i56LL8YylxM_YZBjUWMCAF3-skVhmQc9tsCe-1SONC4.jpg", "visibility": "public"}, {"height": 1440, "source": {"url": "https://foursquare.com/download/#/iphone", "name": "Foursquare for iOS"}, "tip": {"agreeCount": 0, "canonicalUrl": "https://foursquare.com/item/517905f4498e6d0ce71d01ac", "todo": {"count": 0}, "logView": true, "disagreeCount": 0, "createdAt": 1366885876, "id": "517905f4498e6d0ce71d01ac", "text": "A gorgeous B&B with quaint rooms / decor, open fireplaces in the shared and private spaces, plus all the free amenities you could need - think DVDs, games, books, music, Internet.", "likes": {"groups": [], "count": 0}, "like": false, "type": "user"}, "width": 1440, "prefix": "https://igx.4sqi.net/img/general/", "createdAt": 1366885911, "id": "51790617e4b01ba11679df75", "venue": {"like": false, "location": {"formattedAddress": ["273 Leura Mall (Malvern Road)", "Leura NSW 2780", "Australia"], "city": "Leura", "lng": 150.32858848571777, "cc": "AU", "state": "NSW", "crossStreet": "Malvern Road", "lat": -33.71927103807152, "address": "273 Leura Mall", "labeledLatLngs": [{"label": "display", "lat": -33.71927103807152, "lng": 150.32858848571777}], "postalCode": "2780", "country": "Australia"}, "categories": [{"icon": {"prefix": "https://ss3.4sqi.net/img/categories_v2/travel/bedandbreakfast_", "suffix": ".png"}, "name": "Bed & Breakfast", "id": "4bf58dd8d48988d1f8931735", "pluralName": "Bed & Breakfasts", "primary": true, "shortName": "B & B"}], "verified": false, "contact": {}, "allowMenuUrlEdit": true, "stats": {"tipCount": 2, "usersCount": 11, "checkinsCount": 19}, "id": "4be3f79221d5a59322481a11", "name": "Broomelea", "beenHere": {"lastCheckinExpiredAt": 0}}, "suffix": "/10484392_NKY3oG5LNRJc9hBrzSClfpqzuJ-e7i2_qK4osTR4n_w.jpg", "visibility": "public"}, {"height": 1440, "source": {"url": "https://foursquare.com/download/#/iphone", "name": "Foursquare for iOS"}, "width": 1920, "prefix": "https://igx.4sqi.net/img/general/", "createdAt": 1366268136, "id": "516f98e8e4b0eea8d375d7cb", "venue": {"venueRatingBlacklisted": true, "like": false, "location": {"formattedAddress": ["Federation Sq.", "Melbourne VIC 3000", "Australia"], "city": "Melbourne", "lng": 144.97038797091503, "cc": "AU", "state": "VIC", "lat": -37.818405713697, "address": "Federation Sq.", "labeledLatLngs": [{"label": "display", "lat": -37.818405713697, "lng": 144.97038797091503}], "postalCode": "3000", "country": "Australia"}, "categories": [{"icon": {"prefix": "https://ss3.4sqi.net/img/categories_v2/building/eventspace_", "suffix": ".png"}, "name": "Event Space", "id": "4bf58dd8d48988d171941735", "pluralName": "Event Spaces", "primary": true, "shortName": "Event Space"}], "verified": false, "contact": {}, "beenHere": {"lastCheckinExpiredAt": 0}, "stats": {"tipCount": 2, "usersCount": 425, "checkinsCount": 635}, "id": "4b208990f964a520053324e3", "name": "Zinc"}, "suffix": "/10484392_vvWn-OYUdUIJNmLdxOeixmjZb-XLZPCynCH7nRejm4c.jpg", "visibility": "public"}, {"height": 720, "source": {"url": "https://foursquare.com/download/#/iphone", "name": "Foursquare for iOS"}, "width": 960, "prefix": "https://igx.4sqi.net/img/general/", "createdAt": 1364269687, "id": "51511a77e4b0c2d286262518", "venue": {"like": false, "location": {"lng": 151.20907451872694, "cc": "AU", "country": "Australia", "lat": -33.88214610610623, "address": "Next to The Sebel Surry Hills", "labeledLatLngs": [{"label": "display", "lat": -33.88214610610623, "lng": 151.20907451872694}], "formattedAddress": ["Next to The Sebel Surry Hills", "Australia"]}, "categories": [{"icon": {"prefix": "https://ss3.4sqi.net/img/categories_v2/food/cafe_", "suffix": ".png"}, "name": "Caf\u00e9", "id": "4bf58dd8d48988d16d941735", "pluralName": "Caf\u00e9s", "primary": true, "shortName": "Caf\u00e9"}], "verified": false, "contact": {}, "allowMenuUrlEdit": true, "stats": {"tipCount": 3, "usersCount": 62, "checkinsCount": 164}, "id": "4fd909dfe4b0403c607ed196", "name": "Nano Espresso", "beenHere": {"lastCheckinExpiredAt": 0}}, "suffix": "/10484392_Z-oMPfqPIepX2NqDAgPJBob0f2ZQf_x0ZkJnwfJYArk.jpg", "visibility": "public"}, {"height": 720, "source": {"url": "https://foursquare.com/download/#/iphone", "name": "Foursquare for iOS"}, "width": 720, "prefix": "https://igx.4sqi.net/img/general/", "createdAt": 1359184943, "id": "5103842fe4b051d6b51f86ee", "venue": {"like": false, "location": {"city": "Huskisson", "state": "NSW", "cc": "AU", "country": "Australia", "lat": -35.039061011462614, "lng": 150.6721322912806, "labeledLatLngs": [{"label": "display", "lat": -35.039061011462614, "lng": 150.6721322912806}], "formattedAddress": ["Huskisson NSW", "Australia"]}, "categories": [{"icon": {"prefix": "https://ss3.4sqi.net/img/categories_v2/food/icecream_", "suffix": ".png"}, "name": "Ice Cream Shop", "id": "4bf58dd8d48988d1c9941735", "pluralName": "Ice Cream Shops", "primary": true, "shortName": "Ice Cream"}], "verified": false, "contact": {}, "allowMenuUrlEdit": true, "stats": {"tipCount": 2, "usersCount": 35, "checkinsCount": 41}, "id": "4ca3e255b0ff8cfad15cbb5e", "name": "Tasty Treats Gourmet Ice Creamery", "beenHere": {"lastCheckinExpiredAt": 0}}, "suffix": "/10484392_HY90UHPQvwVzxL3SmqMHgMUstS3DmSE40j0SX5y3PHA.jpg", "visibility": "public"}, {"height": 720, "source": {"url": "https://foursquare.com/download/#/iphone", "name": "Foursquare for iOS"}, "width": 960, "prefix": "https://igx.4sqi.net/img/general/", "createdAt": 1359184864, "id": "510383e0e4b0fcbbaa160cff", "venue": {"like": false, "location": {"city": "Huskisson", "lng": 150.6702, "cc": "AU", "state": "NSW", "lat": -35.038811, "address": "2/54 Owen Street", "labeledLatLngs": [{"label": "display", "lat": -35.038811, "lng": 150.6702}], "formattedAddress": ["2/54 Owen Street", "Huskisson NSW", "Australia"], "country": "Australia"}, "categories": [{"icon": {"prefix": "https://ss3.4sqi.net/img/categories_v2/food/seafood_", "suffix": ".png"}, "name": "Seafood Restaurant", "id": "4bf58dd8d48988d1ce941735", "pluralName": "Seafood Restaurants", "primary": true, "shortName": "Seafood"}], "verified": false, "contact": {}, "allowMenuUrlEdit": true, "stats": {"tipCount": 8, "usersCount": 171, "checkinsCount": 192}, "id": "4c63997cedd320a11febaf29", "name": "World Famous Fish 'N' Chips", "beenHere": {"lastCheckinExpiredAt": 0}}, "suffix": "/10484392_KNUieEcFGl1g1ohClt4Oy0TffTPZqOHAiwfMEL9vIR0.jpg", "visibility": "public"}, {"height": 540, "source": {"url": "https://foursquare.com/download/#/iphone", "name": "Foursquare for iOS"}, "width": 720, "prefix": "https://igx.4sqi.net/img/general/", "createdAt": 1356570643, "id": "50dba013e4b089721ef616a5", "venue": {"url": "http://rbg.vic.gov.au", "like": false, "location": {"formattedAddress": ["Birdwood Ave.", "South Yarra VIC 3141", "Australia"], "city": "South Yarra", "lng": 144.97987747192383, "cc": "AU", "state": "VIC", "lat": -37.83093781796033, "address": "Birdwood Ave.", "labeledLatLngs": [{"label": "display", "lat": -37.83093781796033, "lng": 144.97987747192383}], "postalCode": "3141", "country": "Australia"}, "categories": [{"icon": {"prefix": "https://ss3.4sqi.net/img/categories_v2/parks_outdoors/botanicalgarden_", "suffix": ".png"}, "name": "Botanical Garden", "id": "52e81612bcbc57f1066b7a22", "pluralName": "Botanical Gardens", "primary": true, "shortName": "Botanical Garden"}], "verified": true, "contact": {"twitter": "rbg_melbourne", "facebookName": "Royal Botanic Gardens Victoria", "formattedPhone": "+61 3 9252 2300", "phone": "+61392522300", "facebookUsername": "BotanicGardensVictoria", "facebook": "112038325486294"}, "beenHere": {"lastCheckinExpiredAt": 0}, "stats": {"tipCount": 81, "usersCount": 5743, "checkinsCount": 9320}, "id": "4b19b2c5f964a5203be223e3", "name": "Royal Botanic Gardens", "venuePage": {"id": "39841156"}}, "suffix": "/10484392_3Sm_Tj-e4aMr-YqebiYPJ9PSGVVM-V4aQcrRDWqDl7s.jpg", "visibility": "public"}, {"height": 540, "source": {"url": "https://foursquare.com/download/#/iphone", "name": "Foursquare for iOS"}, "width": 720, "prefix": "https://igx.4sqi.net/img/general/", "createdAt": 1352459683, "id": "509ce5a3e4b005ecff50b8f2", "venue": {"venueRatingBlacklisted": true, "like": false, "location": {"formattedAddress": ["Melbourne Airport (MEL)", "Tullamarine VIC 3045", "Australia"], "city": "Tullamarine, VIC", "lng": 144.85062423392952, "cc": "AU", "state": "VIC", "lat": -37.66858744156536, "address": "Melbourne Airport (MEL)", "postalCode": "3045", "country": "Australia"}, "categories": [{"icon": {"prefix": "https://ss3.4sqi.net/img/categories_v2/travel/airport_gate_", "suffix": ".png"}, "name": "Airport Terminal", "id": "4bf58dd8d48988d1eb931735", "pluralName": "Airport Terminals", "primary": true, "shortName": "Terminal"}], "verified": false, "contact": {"formattedPhone": "+61 3 9297 1600", "phone": "+61392971600"}, "beenHere": {"lastCheckinExpiredAt": 0}, "stats": {"tipCount": 71, "usersCount": 13886, "checkinsCount": 42285}, "id": "4b1c949af964a5208c0824e3", "name": "T1 (Domestic - Qantas) Terminal"}, "suffix": "/10484392_A4kzz6fjcRBbP_Yn5AmVlqJ2eT-QW0Ir94oGMj1DGWM.jpg", "visibility": "public"}, {"height": 540, "source": {"url": "https://foursquare.com/download/#/iphone", "name": "Foursquare for iOS"}, "width": 720, "prefix": "https://igx.4sqi.net/img/general/", "createdAt": 1349406224, "id": "506e4e10e4b06a509d889803", "venue": {"like": false, "location": {"formattedAddress": ["Shop 11, Level 2, 210 Lonsdale St", "Melbourne VIC 3000", "Australia"], "city": "Melbourne", "lng": 144.9657843011037, "cc": "AU", "state": "VIC", "lat": -37.81072495125462, "address": "Shop 11, Level 2, 210 Lonsdale St", "labeledLatLngs": [{"label": "display", "lat": -37.81072495125462, "lng": 144.9657843011037}], "postalCode": "3000", "country": "Australia"}, "categories": [{"icon": {"prefix": "https://ss3.4sqi.net/img/categories_v2/food/malaysian_", "suffix": ".png"}, "name": "Malay Restaurant", "id": "4bf58dd8d48988d156941735", "pluralName": "Malay Restaurants", "primary": true, "shortName": "Malay"}], "verified": false, "contact": {"formattedPhone": "+61 3 9654 2682", "phone": "+61396542682"}, "allowMenuUrlEdit": true, "stats": {"tipCount": 60, "usersCount": 3107, "checkinsCount": 7791}, "id": "4f55819ee4b0d0432f9ac420", "name": "PappaRich", "beenHere": {"lastCheckinExpiredAt": 0}}, "suffix": "/10484392_fUtp_74m7tt0-vPN7mYT3ccNtR85WEo5SPsG06ePkuc.jpg", "visibility": "public"}, {"height": 540, "source": {"url": "https://foursquare.com/download/#/iphone", "name": "Foursquare for iOS"}, "width": 720, "prefix": "https://igx.4sqi.net/img/general/", "createdAt": 1349406156, "id": "506e4dcce4b066d6fd75b174", "venue": {"like": false, "location": {"formattedAddress": ["Shop 11, Level 2, 210 Lonsdale St", "Melbourne VIC 3000", "Australia"], "city": "Melbourne", "lng": 144.9657843011037, "cc": "AU", "state": "VIC", "lat": -37.81072495125462, "address": "Shop 11, Level 2, 210 Lonsdale St", "labeledLatLngs": [{"label": "display", "lat": -37.81072495125462, "lng": 144.9657843011037}], "postalCode": "3000", "country": "Australia"}, "categories": [{"icon": {"prefix": "https://ss3.4sqi.net/img/categories_v2/food/malaysian_", "suffix": ".png"}, "name": "Malay Restaurant", "id": "4bf58dd8d48988d156941735", "pluralName": "Malay Restaurants", "primary": true, "shortName": "Malay"}], "verified": false, "contact": {"formattedPhone": "+61 3 9654 2682", "phone": "+61396542682"}, "allowMenuUrlEdit": true, "stats": {"tipCount": 60, "usersCount": 3107, "checkinsCount": 7791}, "id": "4f55819ee4b0d0432f9ac420", "name": "PappaRich", "beenHere": {"lastCheckinExpiredAt": 0}}, "suffix": "/10484392_3mf6vktQ2CeSJj2gKXw6gv4qV8Vtm97dhYieyyPnMT0.jpg", "visibility": "public"}, {"height": 540, "source": {"url": "https://foursquare.com/download/#/iphone", "name": "Foursquare for iOS"}, "width": 720, "prefix": "https://igx.4sqi.net/img/general/", "createdAt": 1349406149, "id": "506e4dc5e4b0ebbd34380a0f", "venue": {"like": false, "location": {"formattedAddress": ["Shop 11, Level 2, 210 Lonsdale St", "Melbourne VIC 3000", "Australia"], "city": "Melbourne", "lng": 144.9657843011037, "cc": "AU", "state": "VIC", "lat": -37.81072495125462, "address": "Shop 11, Level 2, 210 Lonsdale St", "labeledLatLngs": [{"label": "display", "lat": -37.81072495125462, "lng": 144.9657843011037}], "postalCode": "3000", "country": "Australia"}, "categories": [{"icon": {"prefix": "https://ss3.4sqi.net/img/categories_v2/food/malaysian_", "suffix": ".png"}, "name": "Malay Restaurant", "id": "4bf58dd8d48988d156941735", "pluralName": "Malay Restaurants", "primary": true, "shortName": "Malay"}], "verified": false, "contact": {"formattedPhone": "+61 3 9654 2682", "phone": "+61396542682"}, "allowMenuUrlEdit": true, "stats": {"tipCount": 60, "usersCount": 3107, "checkinsCount": 7791}, "id": "4f55819ee4b0d0432f9ac420", "name": "PappaRich", "beenHere": {"lastCheckinExpiredAt": 0}}, "suffix": "/10484392_IflmBU0jZuAxWG2GYLlYNmxkDdrsTY2dYUclcRAtXMA.jpg", "visibility": "public"}, {"height": 540, "source": {"url": "https://foursquare.com/download/#/iphone", "name": "Foursquare for iOS"}, "width": 540, "prefix": "https://igx.4sqi.net/img/general/", "createdAt": 1347017513, "id": "5049db29e4b08baee5aa914d", "venue": {"like": false, "location": {"formattedAddress": ["Dixon St. (Chinatown Sydney)", "Haymarket NSW 2000", "Australia"], "city": "Haymarket", "lng": 151.20407160233455, "cc": "AU", "state": "NSW", "crossStreet": "Chinatown Sydney", "lat": -33.8787000343455, "address": "Dixon St.", "labeledLatLngs": [{"label": "display", "lat": -33.8787000343455, "lng": 151.20407160233455}], "postalCode": "2000", "country": "Australia"}, "categories": [{"icon": {"prefix": "https://ss3.4sqi.net/img/categories_v2/shops/fleamarket_", "suffix": ".png"}, "name": "Night Market", "id": "53e510b7498ebcb1801b55d4", "pluralName": "Night Markets", "primary": true, "shortName": "Night Market"}], "verified": false, "contact": {"formattedPhone": "+61 414 877 365", "phone": "+61414877365"}, "allowMenuUrlEdit": true, "stats": {"tipCount": 17, "usersCount": 1463, "checkinsCount": 2432}, "id": "4b7e551ff964a520c7e92fe3", "name": "Chinatown Night Market", "beenHere": {"lastCheckinExpiredAt": 0}}, "suffix": "/MGqiuoK3wdUnp50sLRzMTw0ejNeMDP7ofsvHtVLf0mM.jpg", "visibility": "public"}, {"height": 540, "source": {"url": "https://foursquare.com/download/#/iphone", "name": "Foursquare for iOS"}, "width": 720, "prefix": "https://igx.4sqi.net/img/general/", "createdAt": 1346473080, "id": "50418c78e4b0dd909b9eb1d6", "venue": {"hasMenu": true, "location": {"formattedAddress": ["38 Waterloo St. (Cooper St.)", "Surry Hills NSW 2010", "Australia"], "city": "Surry Hills", "lng": 151.210231, "cc": "AU", "state": "NSW", "crossStreet": "Cooper St.", "lat": -33.886587, "address": "38 Waterloo St.", "labeledLatLngs": [{"label": "display", "lat": -33.886587, "lng": 151.210231}], "postalCode": "2010", "country": "Australia"}, "contact": {"formattedPhone": "+61 431 212 453", "twitter": "ortotradingco", "phone": "+61431212453", "facebookName": "Orto Trading Co", "facebook": "123096777766721"}, "verified": false, "allowMenuUrlEdit": true, "stats": {"tipCount": 44, "usersCount": 779, "checkinsCount": 1437}, "menu": {"label": "Menu", "anchor": "View Menu", "mobileUrl": "https://foursquare.com/v/4dae1b988154d1d488601fff/device_menu", "url": "https://foursquare.com/v/orto-trading-co/4dae1b988154d1d488601fff/menu", "type": "Menu"}, "beenHere": {"lastCheckinExpiredAt": 0}, "url": "http://www.ortotradingco.com.au", "like": false, "categories": [{"icon": {"prefix": "https://ss3.4sqi.net/img/categories_v2/food/cafe_", "suffix": ".png"}, "name": "Caf\u00e9", "id": "4bf58dd8d48988d16d941735", "pluralName": "Caf\u00e9s", "primary": true, "shortName": "Caf\u00e9"}], "id": "4dae1b988154d1d488601fff", "name": "Orto Trading Co."}, "suffix": "/uwuqWZs-6xLCoGJcvJ9MvRVkffb7BOMYceRwvFNSg0k.jpg", "visibility": "public"}, {"height": 540, "source": {"url": "https://foursquare.com/download/#/iphone", "name": "Foursquare for iOS"}, "width": 720, "prefix": "https://igx.4sqi.net/img/general/", "createdAt": 1345022351, "id": "502b698fe4b09e0399477537", "venue": {"location": {"formattedAddress": ["2 Macquarie St", "Sydney NSW 2000", "Australia"], "city": "Sydney", "lng": 151.21366777906286, "cc": "AU", "state": "NSW", "lat": -33.858539289653145, "address": "2 Macquarie St", "postalCode": "2000", "country": "Australia"}, "contact": {"twitter": "sydoperahouse", "instagram": "sydneyoperahouse", "facebookName": "Sydney Opera House", "formattedPhone": "+61 2 9250 7777", "phone": "+61292507777", "facebookUsername": "sydneyoperahouse", "facebook": "60562220722"}, "verified": false, "allowMenuUrlEdit": true, "stats": {"tipCount": 335, "usersCount": 33735, "checkinsCount": 54831}, "id": "4b058762f964a5201b8f22e3", "storeId": "", "url": "http://www.sydneyoperahouse.com", "like": false, "categories": [{"icon": {"prefix": "https://ss3.4sqi.net/img/categories_v2/arts_entertainment/performingarts_operahouse_", "suffix": ".png"}, "name": "Opera House", "id": "4bf58dd8d48988d136941735", "pluralName": "Opera Houses", "primary": true, "shortName": "Opera House"}], "beenHere": {"lastCheckinExpiredAt": 0}, "name": "Sydney Opera House"}, "suffix": "/3qD2KqL83-qDcUwaDgwvPQyI_GQI19rdnCchuQrC3W0.jpg", "visibility": "public"}, {"height": 540, "source": {"url": "https://foursquare.com/download/#/iphone", "name": "Foursquare for iOS"}, "width": 720, "prefix": "https://igx.4sqi.net/img/general/", "createdAt": 1345016208, "id": "502b5190e4b061bcc87020e8", "venue": {"location": {"formattedAddress": ["61 Macquarie St.", "Sydney NSW 2000", "Australia"], "city": "Sydney", "lng": 151.21296644210815, "cc": "AU", "state": "NSW", "lat": -33.860740747142174, "address": "61 Macquarie St.", "labeledLatLngs": [{"label": "display", "lat": -33.860740747142174, "lng": 151.21296644210815}], "postalCode": "2000", "country": "Australia"}, "contact": {"formattedPhone": "+61 2 9256 4000", "twitter": "mirvachotelsaus", "phone": "+61292564000"}, "verified": true, "allowMenuUrlEdit": true, "stats": {"tipCount": 4, "usersCount": 235, "checkinsCount": 397}, "id": "4b78753af964a520c1cf2ee3", "storeId": "", "url": "http://www.mirvachotels.com/quay-grand-suites-sydney", "like": false, "categories": [{"icon": {"prefix": "https://ss3.4sqi.net/img/categories_v2/travel/hotel_", "suffix": ".png"}, "name": "Hotel", "id": "4bf58dd8d48988d1fa931735", "pluralName": "Hotels", "primary": true, "shortName": "Hotel"}], "beenHere": {"lastCheckinExpiredAt": 0}, "name": "Quay Grand Suites", "venuePage": {"id": "37020282"}}, "suffix": "/ffTmQs7J_8_3cCR-9F_aDM-LUZ8BnNqxitzYe-LrGS8.jpg", "visibility": "public"}, {"height": 540, "source": {"url": "https://foursquare.com/download/#/iphone", "name": "Foursquare for iOS"}, "width": 540, "prefix": "https://igx.4sqi.net/img/general/", "createdAt": 1340386863, "id": "4fe4ae2fe4b08c67a3c7846e", "venue": {"like": false, "location": {"formattedAddress": ["Via Agostino Depretis, 77/a", "00184 Roma Lazio", "Italia"], "city": "Roma", "lng": 12.495706308696201, "cc": "IT", "state": "Lazio", "lat": 41.89902098082133, "address": "Via Agostino Depretis, 77/a", "labeledLatLngs": [{"label": "display", "lat": 41.89902098082133, "lng": 12.495706308696201}], "postalCode": "00184", "country": "Italia"}, "categories": [{"icon": {"prefix": "https://ss3.4sqi.net/img/categories_v2/food/italian_", "suffix": ".png"}, "name": "Italian Restaurant", "id": "4bf58dd8d48988d110941735", "pluralName": "Italian Restaurants", "primary": true, "shortName": "Italian"}], "verified": false, "contact": {"formattedPhone": "+39 06 474 6866", "phone": "+39064746866"}, "allowMenuUrlEdit": true, "stats": {"tipCount": 20, "usersCount": 226, "checkinsCount": 253}, "id": "4ca61ad1d971b1f72bcffce0", "name": "L'Angolo di Napoli", "beenHere": {"lastCheckinExpiredAt": 0}}, "suffix": "/y1rZdaM7DS6yduQb62RT6T322fe1ETI-SwqVWtc36UQ.jpg", "visibility": "public"}, {"height": 540, "source": {"url": "https://foursquare.com/download/#/iphone", "name": "Foursquare for iOS"}, "width": 540, "prefix": "https://igx.4sqi.net/img/general/", "createdAt": 1340386828, "id": "4fe4ae0ce4b002135e9108e6", "venue": {"like": false, "location": {"formattedAddress": ["Via Agostino Depretis, 77/a", "00184 Roma Lazio", "Italia"], "city": "Roma", "lng": 12.495706308696201, "cc": "IT", "state": "Lazio", "lat": 41.89902098082133, "address": "Via Agostino Depretis, 77/a", "labeledLatLngs": [{"label": "display", "lat": 41.89902098082133, "lng": 12.495706308696201}], "postalCode": "00184", "country": "Italia"}, "categories": [{"icon": {"prefix": "https://ss3.4sqi.net/img/categories_v2/food/italian_", "suffix": ".png"}, "name": "Italian Restaurant", "id": "4bf58dd8d48988d110941735", "pluralName": "Italian Restaurants", "primary": true, "shortName": "Italian"}], "verified": false, "contact": {"formattedPhone": "+39 06 474 6866", "phone": "+39064746866"}, "allowMenuUrlEdit": true, "stats": {"tipCount": 20, "usersCount": 226, "checkinsCount": 253}, "id": "4ca61ad1d971b1f72bcffce0", "name": "L'Angolo di Napoli", "beenHere": {"lastCheckinExpiredAt": 0}}, "suffix": "/Wa-d_TJT7Qa1Li5wh5VNW0Os8sBK-Bfyw0dd3odYbzo.jpg", "visibility": "public"}, {"height": 540, "source": {"url": "https://foursquare.com/download/#/iphone", "name": "Foursquare for iOS"}, "width": 540, "prefix": "https://igx.4sqi.net/img/general/", "createdAt": 1340364020, "id": "4fe454f4e4b0ab54ea8976e5", "venue": {"like": false, "location": {"cc": "IT", "country": "Italia", "lat": 41.901973875562476, "lng": 12.495252690576882, "labeledLatLngs": [{"label": "display", "lat": 41.901973875562476, "lng": 12.495252690576882}], "formattedAddress": ["Italia"]}, "categories": [{"icon": {"prefix": "https://ss3.4sqi.net/img/categories_v2/food/italian_", "suffix": ".png"}, "name": "Italian Restaurant", "id": "4bf58dd8d48988d110941735", "pluralName": "Italian Restaurants", "primary": true, "shortName": "Italian"}], "verified": false, "contact": {}, "allowMenuUrlEdit": true, "stats": {"tipCount": 23, "usersCount": 672, "checkinsCount": 727}, "id": "4bd33ff677b29c7408569082", "name": "La Cucina Nazionale", "beenHere": {"lastCheckinExpiredAt": 0}}, "suffix": "/5OipCGt3PvYF-F1qh1sEX0RNpHP4uFEu5hT281u6AGQ.jpg", "visibility": "public"}, {"height": 540, "source": {"url": "https://foursquare.com/download/#/iphone", "name": "Foursquare for iOS"}, "width": 540, "prefix": "https://igx.4sqi.net/img/general/", "createdAt": 1339113321, "id": "4fd13f69e4b06928918523a4", "venue": {"closed": true, "like": false, "location": {"formattedAddress": ["120 Hardware St (btwn Little Lonsdale St & Lonsdale St)", "Melbourne VIC 3000", "Australia"], "city": "Melbourne", "lng": 144.96053338050842, "cc": "AU", "state": "VIC", "lat": -37.81190088372696, "address": "120 Hardware St", "crossStreet": "btwn Little Lonsdale St & Lonsdale St", "postalCode": "3000", "country": "Australia"}, "categories": [{"icon": {"prefix": "https://ss3.4sqi.net/img/categories_v2/food/cafe_", "suffix": ".png"}, "name": "Caf\u00e9", "id": "4bf58dd8d48988d16d941735", "pluralName": "Caf\u00e9s", "primary": true, "shortName": "Caf\u00e9"}], "verified": false, "contact": {"formattedPhone": "+61 3 9078 5992", "twitter": "hardwaresociete", "phone": "+61390785992"}, "allowMenuUrlEdit": true, "stats": {"tipCount": 77, "usersCount": 2417, "checkinsCount": 4703}, "id": "4b143123f964a520db9e23e3", "name": "The Hardware Soci\u00e9t\u00e9", "beenHere": {"lastCheckinExpiredAt": 0}}, "suffix": "/fkJVPW7c113ruwIl8UhjLQLEHcsbK5Noo6acRv_nuc8.jpg", "visibility": "public"}, {"height": 720, "source": {"url": "https://foursquare.com/download/#/iphone", "name": "Foursquare for iOS"}, "width": 537, "prefix": "https://igx.4sqi.net/img/general/", "createdAt": 1338630792, "id": "4fc9e288e4b06598d540c9ee", "venue": {"location": {"city": "Southbank", "lng": 144.95957835069447, "cc": "AU", "state": "VIC", "lat": -37.831378037583065, "address": "2 Alfred Pl, South Melbourne", "labeledLatLngs": [{"label": "display", "lat": -37.831378037583065, "lng": 144.95957835069447}], "formattedAddress": ["2 Alfred Pl, South Melbourne", "Southbank VIC", "Australia"], "country": "Australia"}, "contact": {"twitter": "smartartzmelb", "facebookName": "Smart Artz Gallery", "formattedPhone": "+61 3 9690 8872", "phone": "+61396908872", "facebookUsername": "smartartzgallery", "facebook": "16027921513"}, "verified": false, "allowMenuUrlEdit": true, "stats": {"tipCount": 0, "usersCount": 68, "checkinsCount": 80}, "id": "4b975bf3f964a520cd0035e3", "url": "http://www.smartartzgallery.com.au", "like": false, "categories": [{"icon": {"prefix": "https://ss3.4sqi.net/img/categories_v2/building/eventspace_", "suffix": ".png"}, "name": "Event Space", "id": "4bf58dd8d48988d171941735", "pluralName": "Event Spaces", "primary": true, "shortName": "Event Space"}], "venueRatingBlacklisted": true, "beenHere": {"lastCheckinExpiredAt": 0}, "name": "Smart Artz Gallery"}, "suffix": "/UXON_aOcL96MwyWe343e28laBNqBZcgGUOaRq6SzHYM.jpg", "visibility": "public"}, {"height": 720, "source": {"url": "https://foursquare.com/download/#/iphone", "name": "Foursquare for iOS"}, "width": 537, "prefix": "https://igx.4sqi.net/img/general/", "createdAt": 1338544873, "id": "4fc892e9e4b0cc91bebf50c4", "venue": {"url": "http://www.marrinergroup.com.au/theatre-regent.php", "like": false, "location": {"formattedAddress": ["191 Collins St", "Melbourne VIC 3000", "Australia"], "city": "Melbourne", "lng": 144.9677795522945, "cc": "AU", "state": "VIC", "lat": -37.81540325420746, "address": "191 Collins St", "labeledLatLngs": [{"label": "display", "lat": -37.81540325420746, "lng": 144.9677795522945}], "postalCode": "3000", "country": "Australia"}, "categories": [{"icon": {"prefix": "https://ss3.4sqi.net/img/categories_v2/arts_entertainment/performingarts_theater_", "suffix": ".png"}, "name": "Theater", "id": "4bf58dd8d48988d137941735", "pluralName": "Theaters", "primary": true, "shortName": "Theater"}], "verified": false, "contact": {"formattedPhone": "+61 3 9299 9800", "phone": "+61392999800"}, "allowMenuUrlEdit": true, "stats": {"tipCount": 23, "usersCount": 2627, "checkinsCount": 3644}, "id": "4b05874ff964a520d48a22e3", "name": "Regent Theatre", "beenHere": {"lastCheckinExpiredAt": 0}}, "suffix": "/xVGBNJo-kRKqElmlzCmS6NpRf4kLP6BzKmSKdxQRX50.jpg", "visibility": "public"}, {"height": 720, "source": {"url": "https://foursquare.com/download/#/iphone", "name": "Foursquare for iOS"}, "width": 537, "prefix": "https://igx.4sqi.net/img/general/", "createdAt": 1338285700, "id": "4fc49e84e4b0835b8522316a", "venue": {"location": {"formattedAddress": ["195 Little Bourke St", "Melbourne VIC 3000", "Australia"], "city": "Melbourne", "lng": 144.96662326888347, "cc": "AU", "state": "VIC", "neighborhood": "Melbourne CBD, Melbourne, VIC", "lat": -37.81200894433514, "address": "195 Little Bourke St", "labeledLatLngs": [{"label": "display", "lat": -37.81200894433514, "lng": 144.96662326888347}], "postalCode": "3000", "country": "Australia"}, "contact": {"formattedPhone": "+61 3 9650 7776", "phone": "+61396507776", "facebookName": "Dessert Story", "facebookUsername": "DessertStoryAu", "facebook": "252679461481737"}, "verified": false, "allowMenuUrlEdit": true, "stats": {"tipCount": 30, "usersCount": 1938, "checkinsCount": 3834}, "menu": {"url": "http://www.dessertstory.co/products/", "label": "Menu", "anchor": "View Menu", "mobileUrl": "http://www.dessertstory.co/products/", "type": "Menu", "externalUrl": "http://www.dessertstory.co/products/"}, "beenHere": {"lastCheckinExpiredAt": 0}, "url": "http://www.dessertstory.co", "like": false, "categories": [{"icon": {"prefix": "https://ss3.4sqi.net/img/categories_v2/food/dessert_", "suffix": ".png"}, "name": "Dessert Shop", "id": "4bf58dd8d48988d1d0941735", "pluralName": "Dessert Shops", "primary": true, "shortName": "Desserts"}], "id": "4f476ae2e4b00005b72ed4d1", "name": "Dessert Story (\u751c\u54c1\u5c4b)"}, "suffix": "/8QxjZcR96JYffxlFPhRJo1tskr820VnaCztE3N1U-pc.jpg", "visibility": "public"}, {"height": 537, "source": {"url": "https://foursquare.com/download/#/iphone", "name": "Foursquare for iOS"}, "width": 720, "prefix": "https://igx.4sqi.net/img/general/", "createdAt": 1336370394, "id": "4fa764dae4b017e9397b8fb1", "venue": {"like": false, "location": {"formattedAddress": ["40 Mews Rd.", "Fremantle WA 6160", "Australia"], "city": "Fremantle", "lng": 115.74457168579102, "cc": "AU", "state": "WA", "lat": -32.0592911683814, "address": "40 Mews Rd.", "labeledLatLngs": [{"label": "display", "lat": -32.0592911683814, "lng": 115.74457168579102}], "postalCode": "6160", "country": "Australia"}, "categories": [{"icon": {"prefix": "https://ss3.4sqi.net/img/categories_v2/food/brewery_", "suffix": ".png"}, "name": "Brewery", "id": "50327c8591d4c4b30a586d5d", "pluralName": "Breweries", "primary": true, "shortName": "Brewery"}], "verified": false, "contact": {"formattedPhone": "+61 8 9430 5555", "phone": "+61894305555"}, "allowMenuUrlEdit": true, "stats": {"tipCount": 180, "usersCount": 5006, "checkinsCount": 7752}, "id": "4b824818f964a520f9ce30e3", "name": "Little Creatures Brewery", "beenHere": {"lastCheckinExpiredAt": 0}}, "suffix": "/Yyr-VyqClgKay2OtqFoEAUZIpuHeQ96202NuMi068Cs.jpg", "visibility": "public"}, {"height": 537, "source": {"url": "https://foursquare.com/download/#/iphone", "name": "Foursquare for iOS"}, "width": 720, "prefix": "https://igx.4sqi.net/img/general/", "createdAt": 1336354142, "id": "4fa7255ee4b0f90208ae2691", "venue": {"like": false, "location": {"formattedAddress": ["Henderson Ave (nr Colebaten Ave)", "Rottnest Island WA 6161", "Australia"], "city": "Rottnest Island", "lng": 115.54141044616699, "cc": "AU", "state": "WA", "crossStreet": "nr Colebaten Ave", "lat": -31.9967940333931, "address": "Henderson Ave", "labeledLatLngs": [{"label": "display", "lat": -31.9967940333931, "lng": 115.54141044616699}], "postalCode": "6161", "country": "Australia"}, "categories": [{"icon": {"prefix": "https://ss3.4sqi.net/img/categories_v2/food/cafe_", "suffix": ".png"}, "name": "Caf\u00e9", "id": "4bf58dd8d48988d16d941735", "pluralName": "Caf\u00e9s", "primary": true, "shortName": "Caf\u00e9"}], "verified": false, "contact": {"formattedPhone": "+61 8 9292 5286", "phone": "+61892925286"}, "allowMenuUrlEdit": true, "stats": {"tipCount": 4, "usersCount": 317, "checkinsCount": 451}, "id": "4b5abd6ff964a520ccd228e3", "name": "Dome", "beenHere": {"lastCheckinExpiredAt": 0}}, "suffix": "/H-VlWdpW_wZDkpXg5UN9vtzTpWxh7gjgYXjUg8CNzdo.jpg", "visibility": "public"}, {"height": 537, "source": {"url": "https://foursquare.com/download/#/iphone", "name": "Foursquare for iOS"}, "width": 720, "prefix": "https://igx.4sqi.net/img/general/", "createdAt": 1336270957, "id": "4fa5e06de4b00cad899cfac8", "venue": {"like": false, "location": {"formattedAddress": ["2 Market St", "Fremantle WA 6160", "Australia"], "city": "Fremantle", "lng": 115.74584573507309, "cc": "AU", "state": "WA", "lat": -32.052855597270444, "address": "2 Market St", "labeledLatLngs": [{"label": "display", "lat": -32.052855597270444, "lng": 115.74584573507309}], "postalCode": "6160", "country": "Australia"}, "categories": [{"icon": {"prefix": "https://ss3.4sqi.net/img/categories_v2/food/cafe_", "suffix": ".png"}, "name": "Caf\u00e9", "id": "4bf58dd8d48988d16d941735", "pluralName": "Caf\u00e9s", "primary": true, "shortName": "Caf\u00e9"}], "verified": false, "contact": {"formattedPhone": "+61 8 9433 4900", "phone": "+61894334900", "facebookName": "il cibo cafe", "facebook": "193223433181"}, "allowMenuUrlEdit": true, "stats": {"tipCount": 14, "usersCount": 266, "checkinsCount": 724}, "id": "4be4c800bcef2d7fba1c03e5", "name": "Il Cibo", "beenHere": {"lastCheckinExpiredAt": 0}}, "suffix": "/Lt_O__PHNSKYgRS0Bicw_BXkmNeN5wA7f-m7SCIbT0k.jpg", "visibility": "public"}, {"height": 537, "source": {"url": "https://foursquare.com/download/#/iphone", "name": "Foursquare for iOS"}, "width": 720, "prefix": "https://igx.4sqi.net/img/general/", "createdAt": 1336212829, "id": "4fa4fd5de4b089a959f8e038", "venue": {"venueRatingBlacklisted": true, "like": false, "location": {"formattedAddress": ["21 Mounts Bay Rd", "Perth WA 6000", "Australia"], "city": "Perth", "lng": 115.8534049987793, "cc": "AU", "state": "WA", "lat": -31.956349666434306, "address": "21 Mounts Bay Rd", "labeledLatLngs": [{"label": "display", "lat": -31.956349666434306, "lng": 115.8534049987793}], "postalCode": "6000", "country": "Australia"}, "categories": [{"icon": {"prefix": "https://ss3.4sqi.net/img/categories_v2/building/conventioncenter_", "suffix": ".png"}, "name": "Convention Center", "id": "4bf58dd8d48988d1ff931735", "pluralName": "Convention Centers", "primary": true, "shortName": "Convention Center"}], "verified": false, "contact": {}, "allowMenuUrlEdit": true, "stats": {"tipCount": 23, "usersCount": 2420, "checkinsCount": 5846}, "id": "4b5173b8f964a520944d27e3", "name": "Perth Convention & Exhibition Centre", "beenHere": {"lastCheckinExpiredAt": 0}}, "suffix": "/9TP7cphbgKT8fdOsacIiuPfm5NQfifCvc1h8mywv6wc.jpg", "visibility": "public"}, {"height": 537, "source": {"url": "https://foursquare.com/download/#/iphone", "name": "Foursquare for iOS"}, "width": 720, "prefix": "https://igx.4sqi.net/img/general/", "createdAt": 1336204025, "id": "4fa4daf9e4b02175379ff2c3", "venue": {"like": false, "location": {"formattedAddress": ["Mere View Wy", "Jolimont WA 6014", "Australia"], "city": "Perth", "lng": 115.81718949187201, "cc": "AU", "state": "WA", "lat": -31.94414145276389, "address": "Mere View Wy", "labeledLatLngs": [{"label": "display", "lat": -31.94414145276389, "lng": 115.81718949187201}], "postalCode": "6014", "country": "Australia"}, "categories": [{"icon": {"prefix": "https://ss3.4sqi.net/img/categories_v2/parks_outdoors/park_", "suffix": ".png"}, "name": "Park", "id": "4bf58dd8d48988d163941735", "pluralName": "Parks", "primary": true, "shortName": "Park"}], "verified": false, "contact": {}, "beenHere": {"lastCheckinExpiredAt": 0}, "stats": {"tipCount": 0, "usersCount": 11, "checkinsCount": 37}, "id": "4d84f5da8de9721e8c863c51", "name": "Mere View Way/Juniper Bank Way Park"}, "suffix": "/ZuSG4YAGjvX7LbJjbCovqE5dTWmswyjYBnfQPpXkTsg.jpg", "visibility": "public"}, {"height": 537, "source": {"url": "https://foursquare.com/download/#/iphone", "name": "Foursquare for iOS"}, "width": 720, "prefix": "https://igx.4sqi.net/img/general/", "createdAt": 1336182242, "id": "4fa485e2e4b017a5df4b2658", "venue": {"location": {"formattedAddress": ["790 Hay St (btwn William & King St)", "Perth WA 6000", "Australia"], "city": "Perth", "lng": 115.855735, "cc": "AU", "state": "WA", "crossStreet": "btwn William & King St", "lat": -31.952893, "address": "790 Hay St", "labeledLatLngs": [{"label": "display", "lat": -31.952893, "lng": 115.855735}], "postalCode": "6000", "country": "Australia"}, "contact": {"formattedPhone": "+61 8 6140 3800", "phone": "+61861403800", "facebookName": "Apple Perth City", "facebookUsername": "ApplePerthCity", "facebook": "436641686380099"}, "verified": true, "allowMenuUrlEdit": true, "stats": {"tipCount": 49, "usersCount": 2942, "checkinsCount": 8576}, "id": "4c208502bd9d95218e76983f", "storeId": "R386", "url": "http://www.apple.com/au/retail/perthcity/", "like": false, "categories": [{"icon": {"prefix": "https://ss3.4sqi.net/img/categories_v2/shops/technology_", "suffix": ".png"}, "name": "Electronics Store", "id": "4bf58dd8d48988d122951735", "pluralName": "Electronics Stores", "primary": true, "shortName": "Electronics"}], "beenHere": {"lastCheckinExpiredAt": 0}, "name": "Apple"}, "suffix": "/fbg6EsLjNhAhJHCow_U5V9xfw4OPQPqap1KHYXuPI2I.jpg", "visibility": "public"}, {"height": 720, "source": {"url": "https://foursquare.com/download/#/iphone", "name": "Foursquare for iOS"}, "width": 537, "prefix": "https://igx.4sqi.net/img/general/", "createdAt": 1335582551, "id": "4f9b5f57e4b0873b66b83c12", "venue": {"url": "http://www.slv.vic.gov.au", "like": false, "location": {"formattedAddress": ["328 Swanston St (btwn La Trobe St & Little Lonsdale St)", "Melbourne VIC 3000", "Australia"], "city": "Melbourne", "lng": 144.96429920196533, "cc": "AU", "state": "VIC", "crossStreet": "btwn La Trobe St & Little Lonsdale St", "lat": -37.80998738442444, "address": "328 Swanston St", "labeledLatLngs": [{"label": "display", "lat": -37.80998738442444, "lng": 144.96429920196533}], "postalCode": "3000", "country": "Australia"}, "categories": [{"icon": {"prefix": "https://ss3.4sqi.net/img/categories_v2/building/library_", "suffix": ".png"}, "name": "Library", "id": "4bf58dd8d48988d12f941735", "pluralName": "Libraries", "primary": true, "shortName": "Library"}], "verified": false, "contact": {"formattedPhone": "+61 3 8664 7000", "twitter": "library_vic", "phone": "+61386647000"}, "beenHere": {"lastCheckinExpiredAt": 0}, "stats": {"tipCount": 118, "usersCount": 9809, "checkinsCount": 20414}, "id": "4b05874af964a520738922e3", "name": "State Library of Victoria", "venueRatingBlacklisted": true}, "suffix": "/jK3nt3luXeF_q_w7GYJ_4m9Fr8KKeP2T9HeA9cAHQE8.jpg", "visibility": "public"}, {"height": 537, "source": {"url": "https://foursquare.com/download/#/iphone", "name": "Foursquare for iOS"}, "width": 720, "prefix": "https://igx.4sqi.net/img/general/", "createdAt": 1334356851, "id": "4f88ab73e4b0cec3aa8b61e4", "venue": {"hasMenu": true, "location": {"formattedAddress": ["21 Hope St (Lux Way)", "Melbourne VIC 3056", "Australia"], "city": "Melbourne", "lng": 144.95983600616455, "cc": "AU", "state": "VIC", "crossStreet": "Lux Way", "lat": -37.76416726832834, "address": "21 Hope St", "labeledLatLngs": [{"label": "display", "lat": -37.76416726832834, "lng": 144.95983600616455}], "postalCode": "3056", "country": "Australia"}, "contact": {"formattedPhone": "+61 3 9387 8075", "twitter": "luxfoundry", "phone": "+61393878075"}, "verified": true, "allowMenuUrlEdit": true, "stats": {"tipCount": 31, "usersCount": 467, "checkinsCount": 1230}, "menu": {"label": "Menu", "anchor": "View Menu", "mobileUrl": "https://foursquare.com/v/4ba2e4cbf964a520eb2038e3/device_menu", "url": "https://foursquare.com/v/lux-foundry/4ba2e4cbf964a520eb2038e3/menu", "type": "Menu"}, "storeId": "", "beenHere": {"lastCheckinExpiredAt": 0}, "url": "http://www.luxfoundry.com.au", "like": false, "categories": [{"icon": {"prefix": "https://ss3.4sqi.net/img/categories_v2/food/cafe_", "suffix": ".png"}, "name": "Caf\u00e9", "id": "4bf58dd8d48988d16d941735", "pluralName": "Caf\u00e9s", "primary": true, "shortName": "Caf\u00e9"}], "id": "4ba2e4cbf964a520eb2038e3", "name": "Lux Foundry"}, "suffix": "/N094mX5Zys023eXpAEKwdKTUJufT8HhrOyc68iT73c4.jpg", "visibility": "public"}, {"height": 720, "source": {"url": "https://foursquare.com/download/#/iphone", "name": "Foursquare for iOS"}, "width": 537, "prefix": "https://igx.4sqi.net/img/general/", "createdAt": 1334053188, "id": "4f840944e4b0355f687ba3b8", "venue": {"url": "http://www.athenaeumtheatre.com.au", "like": false, "location": {"formattedAddress": ["188 Collins St. (at Swanston St.)", "Melbourne VIC 3000", "Australia"], "city": "Melbourne", "lng": 144.96723098795036, "cc": "AU", "state": "VIC", "crossStreet": "at Swanston St.", "lat": -37.81533206918411, "address": "188 Collins St.", "labeledLatLngs": [{"label": "display", "lat": -37.81533206918411, "lng": 144.96723098795036}], "postalCode": "3000", "country": "Australia"}, "categories": [{"icon": {"prefix": "https://ss3.4sqi.net/img/categories_v2/arts_entertainment/performingarts_theater_", "suffix": ".png"}, "name": "Theater", "id": "4bf58dd8d48988d137941735", "pluralName": "Theaters", "primary": true, "shortName": "Theater"}], "verified": false, "contact": {"formattedPhone": "+61 3 9650 1500", "phone": "+61396501500"}, "allowMenuUrlEdit": true, "stats": {"tipCount": 14, "usersCount": 1346, "checkinsCount": 2172}, "id": "4b05874ff964a520d78a22e3", "name": "Athenaeum Theatre", "beenHere": {"lastCheckinExpiredAt": 0}}, "suffix": "/kTGN5CeJqSVezXfpbXsodDXAca6L-wX5Uw07sPshcIE.jpg", "visibility": "public"}, {"height": 720, "source": {"url": "https://foursquare.com/download/#/iphone", "name": "Foursquare for iOS"}, "width": 537, "prefix": "https://igx.4sqi.net/img/general/", "createdAt": 1333615221, "id": "4f7d5a75e4b08e244db36368", "venue": {"like": false, "location": {"formattedAddress": ["The Wheeler Centre (176 Little Lonsdale St)", "Melbourne VIC 3000", "Australia"], "city": "Melbourne", "lng": 144.96527339533785, "cc": "AU", "state": "VIC", "crossStreet": "176 Little Lonsdale St", "lat": -37.81028772321249, "address": "The Wheeler Centre", "labeledLatLngs": [{"label": "display", "lat": -37.81028772321249, "lng": 144.96527339533785}], "postalCode": "3000", "country": "Australia"}, "categories": [{"icon": {"prefix": "https://ss3.4sqi.net/img/categories_v2/food/cafe_", "suffix": ".png"}, "name": "Caf\u00e9", "id": "4bf58dd8d48988d16d941735", "pluralName": "Caf\u00e9s", "primary": true, "shortName": "Caf\u00e9"}], "verified": false, "contact": {"formattedPhone": "+61 3 9094 7820", "phone": "+61390947820"}, "allowMenuUrlEdit": true, "stats": {"tipCount": 16, "usersCount": 647, "checkinsCount": 1495}, "id": "4ec883dfe5fa232a76773cc1", "name": "The Moat Bar & Cafe", "beenHere": {"lastCheckinExpiredAt": 0}}, "suffix": "/KWJ4a-OYRslgnmkJHsruoGpUEIiIcsaiKsStOmEol5Q.jpg", "visibility": "public"}, {"height": 720, "source": {"url": "https://foursquare.com/download/#/iphone", "name": "Foursquare for iOS"}, "width": 537, "prefix": "https://igx.4sqi.net/img/general/", "createdAt": 1333508266, "id": "4f7bb8aae4b0222829c9c2c8", "venue": {"hasMenu": true, "location": {"formattedAddress": ["32 Hardware Ln (Btwn Bourke St & Little Bourke St)", "Melbourne VIC 3000", "Australia"], "city": "Melbourne", "lng": 144.96156871318817, "cc": "AU", "state": "VIC", "crossStreet": "Btwn Bourke St & Little Bourke St", "lat": -37.81403894333212, "address": "32 Hardware Ln", "labeledLatLngs": [{"label": "display", "lat": -37.81403894333212, "lng": 144.96156871318817}], "postalCode": "3000", "country": "Australia"}, "contact": {"twitter": "petite_creperie", "facebookName": "La Petite Creperie Melbourne", "formattedPhone": "+61 404 002 341", "phone": "+61404002341", "facebookUsername": "petitecreperie", "facebook": "160857840711785"}, "verified": false, "allowMenuUrlEdit": true, "stats": {"tipCount": 51, "usersCount": 1404, "checkinsCount": 2284}, "menu": {"url": "https://foursquare.com/v/la-petite-cr%C3%AAperie/4f9cab39e4b017646631b248/menu", "label": "Menu", "anchor": "View Menu", "mobileUrl": "https://foursquare.com/v/4f9cab39e4b017646631b248/device_menu", "type": "Menu", "externalUrl": "http://lapetitecreperie.com.au/menu/"}, "beenHere": {"lastCheckinExpiredAt": 0}, "url": "http://lapetitecreperie.com.au", "like": false, "categories": [{"icon": {"prefix": "https://ss3.4sqi.net/img/categories_v2/food/creperie_", "suffix": ".png"}, "name": "Creperie", "id": "52e81612bcbc57f1066b79f2", "pluralName": "Creperies", "primary": true, "shortName": "Creperie"}], "id": "4f9cab39e4b017646631b248", "name": "La Petite Cr\u00eaperie"}, "suffix": "/t8NkLMKOa5dT96DpJXrMQqpt9lzwFVYzRu8x3PrCQ2o.jpg", "visibility": "public"}, {"height": 720, "source": {"url": "https://foursquare.com/download/#/iphone", "name": "Foursquare for iOS"}, "width": 537, "prefix": "https://igx.4sqi.net/img/general/", "createdAt": 1333237671, "id": "4f7797a7e4b040208c6109e3", "venue": {"closed": true, "like": false, "location": {"country": "Australia", "lat": -37.82185866596674, "lng": 144.97238333129806, "formattedAddress": ["Australia"], "cc": "AU"}, "categories": [{"icon": {"prefix": "https://ss3.4sqi.net/img/categories_v2/shops/sports_outdoors_", "suffix": ".png"}, "name": "Athletics & Sports", "id": "4f4528bc4b90abdf24c9de85", "pluralName": "Athletics & Sports", "primary": true, "shortName": "Athletics & Sports"}], "verified": false, "contact": {}, "beenHere": {"lastCheckinExpiredAt": 0}, "stats": {"tipCount": 1, "usersCount": 28, "checkinsCount": 29}, "id": "4f7778f7e4b015efa545ff3f", "name": "Run4kids"}, "suffix": "/1_DVX1nN2GozE_FFOEEl5Xy_dBRoqBTbUGVJn_jlw2A.jpg", "visibility": "public"}, {"height": 720, "source": {"url": "https://foursquare.com/download/#/iphone", "name": "Foursquare for iOS"}, "width": 537, "prefix": "https://igx.4sqi.net/img/general/", "createdAt": 1333183670, "id": "4f76c4b6e4b01af7123c2539", "venue": {"venueRatingBlacklisted": true, "like": false, "location": {"formattedAddress": ["Thomas St", "Ringwood VIC 3135", "Australia"], "city": "Ringwood", "lng": 145.23515384458653, "cc": "AU", "state": "VIC", "lat": -37.82330737170985, "address": "Thomas St", "labeledLatLngs": [{"label": "display", "lat": -37.82330737170985, "lng": 145.23515384458653}], "postalCode": "3135", "country": "Australia"}, "categories": [{"icon": {"prefix": "https://ss3.4sqi.net/img/categories_v2/building/school_", "suffix": ".png"}, "name": "High School", "id": "4bf58dd8d48988d13d941735", "pluralName": "High Schools", "primary": true, "shortName": "High School"}], "verified": false, "contact": {}, "beenHere": {"lastCheckinExpiredAt": 0}, "stats": {"tipCount": 0, "usersCount": 52, "checkinsCount": 168}, "id": "4c91f94b7088a143c020b543", "name": "Aquinas College"}, "suffix": "/Iy_hpYtllbuQOoVtCdZf0pmzN47oRGVOoUwk-MAwMAI.jpg", "visibility": "public"}, {"height": 720, "source": {"url": "https://foursquare.com/download/#/iphone", "name": "Foursquare for iOS"}, "width": 537, "prefix": "https://igx.4sqi.net/img/general/", "createdAt": 1332719966, "id": "4f6fb15ee4b07fa2c7ba03ad", "venue": {"url": "http://www.kokoblack.com", "like": false, "location": {"formattedAddress": ["52 Collins St. (Exhibition St.)", "Melbourne VIC 3000", "Australia"], "city": "Melbourne", "lng": 144.97196381763953, "cc": "AU", "state": "VIC", "crossStreet": "Exhibition St.", "lat": -37.813935359624516, "address": "52 Collins St.", "labeledLatLngs": [{"label": "display", "lat": -37.813935359624516, "lng": 144.97196381763953}], "postalCode": "3000", "country": "Australia"}, "categories": [{"icon": {"prefix": "https://ss3.4sqi.net/img/categories_v2/food/cafe_", "suffix": ".png"}, "name": "Caf\u00e9", "id": "4bf58dd8d48988d16d941735", "pluralName": "Caf\u00e9s", "primary": true, "shortName": "Caf\u00e9"}], "verified": false, "contact": {"formattedPhone": "+61 3 9663 5567", "twitter": "kokoblackaust", "phone": "+61396635567", "facebookName": "Koko Black Chocolate", "facebook": "481078338605783"}, "allowMenuUrlEdit": true, "stats": {"tipCount": 11, "usersCount": 568, "checkinsCount": 1012}, "id": "4b134211f964a520f49523e3", "name": "Koko Black", "beenHere": {"lastCheckinExpiredAt": 0}}, "suffix": "/9DSYsMGSvKVMszv7WvMLsYixzv63WxutrQ5O7Ed8fhk.jpg", "visibility": "public"}, {"height": 720, "source": {"url": "https://foursquare.com/download/#/iphone", "name": "Foursquare for iOS"}, "width": 540, "prefix": "https://igx.4sqi.net/img/general/", "createdAt": 1332578843, "id": "4f6d8a1be4b05c9c2aebeba5", "venue": {"hasMenu": true, "location": {"formattedAddress": ["116 Rathdowne St.", "Carlton VIC 3053", "Australia"], "city": "Carlton", "lng": 144.9705582, "cc": "AU", "state": "VIC", "lat": -37.79703103333333, "address": "116 Rathdowne St.", "labeledLatLngs": [{"label": "display", "lat": -37.79703103333333, "lng": 144.9705582}], "postalCode": "3053", "country": "Australia"}, "contact": {"formattedPhone": "+61 3 9347 7507", "phone": "+61393477507"}, "verified": false, "allowMenuUrlEdit": true, "stats": {"tipCount": 4, "usersCount": 85, "checkinsCount": 99}, "menu": {"label": "Menu", "anchor": "View Menu", "mobileUrl": "https://foursquare.com/v/4b058746f964a5203f8822e3/device_menu", "url": "https://foursquare.com/v/paris-go-bistro/4b058746f964a5203f8822e3/menu", "type": "Menu"}, "beenHere": {"lastCheckinExpiredAt": 0}, "url": "http://www.parisgo.com.au", "like": false, "categories": [{"icon": {"prefix": "https://ss3.4sqi.net/img/categories_v2/food/winery_", "suffix": ".png"}, "name": "Wine Bar", "id": "4bf58dd8d48988d123941735", "pluralName": "Wine Bars", "primary": true, "shortName": "Wine Bar"}], "id": "4b058746f964a5203f8822e3", "name": "Paris Go Bistro"}, "suffix": "/RcxD_AloVNng_lIgiixBgsi-zwnNCRGbwgnQxOF2Wa0.jpg", "visibility": "public"}, {"height": 540, "source": {"url": "https://foursquare.com/download/#/iphone", "name": "Foursquare for iOS"}, "width": 720, "prefix": "https://igx.4sqi.net/img/general/", "createdAt": 1331366158, "id": "4f5b090ee4b053fd67599487", "venue": {"closed": true, "like": false, "location": {"country": "Australia", "lat": -37.82297192985104, "lng": 144.98189449310303, "formattedAddress": ["Australia"], "cc": "AU"}, "categories": [{"icon": {"prefix": "https://ss3.4sqi.net/img/categories_v2/arts_entertainment/stadium_", "suffix": ".png"}, "name": "Stadium", "id": "4bf58dd8d48988d184941735", "pluralName": "Stadiums", "primary": true, "shortName": "Stadium"}], "verified": false, "contact": {}, "beenHere": {"lastCheckinExpiredAt": 0}, "stats": {"tipCount": 0, "usersCount": 9, "checkinsCount": 9}, "id": "4f5866e7e4b0714fa3bdf396", "name": "How To Train Your Dragon Arena Spectacular"}, "suffix": "/zpOqSVuab4khWpzwsr73QbzibLM5Bv1DqLXpB026UUk.jpg", "visibility": "public"}, {"height": 540, "source": {"url": "https://foursquare.com/download/#/iphone", "name": "Foursquare for iOS"}, "width": 720, "prefix": "https://igx.4sqi.net/img/general/", "createdAt": 1331366099, "id": "4f5b08d3e4b083806700d18e", "venue": {"closed": true, "like": false, "location": {"country": "Australia", "lat": -37.82297192985104, "lng": 144.98189449310303, "formattedAddress": ["Australia"], "cc": "AU"}, "categories": [{"icon": {"prefix": "https://ss3.4sqi.net/img/categories_v2/arts_entertainment/stadium_", "suffix": ".png"}, "name": "Stadium", "id": "4bf58dd8d48988d184941735", "pluralName": "Stadiums", "primary": true, "shortName": "Stadium"}], "verified": false, "contact": {}, "beenHere": {"lastCheckinExpiredAt": 0}, "stats": {"tipCount": 0, "usersCount": 9, "checkinsCount": 9}, "id": "4f5866e7e4b0714fa3bdf396", "name": "How To Train Your Dragon Arena Spectacular"}, "suffix": "/7afPsOTzyOtF-DpymjZyPsDBf54IPMLK3ZxfQfBcY34.jpg", "visibility": "public"}, {"height": 540, "source": {"url": "https://foursquare.com/download/#/iphone", "name": "Foursquare for iOS"}, "width": 720, "prefix": "https://igx.4sqi.net/img/general/", "createdAt": 1331365565, "id": "4f5b06bde4b0c5418a5892a6", "venue": {"closed": true, "like": false, "location": {"country": "Australia", "lat": -37.82297192985104, "lng": 144.98189449310303, "formattedAddress": ["Australia"], "cc": "AU"}, "categories": [{"icon": {"prefix": "https://ss3.4sqi.net/img/categories_v2/arts_entertainment/stadium_", "suffix": ".png"}, "name": "Stadium", "id": "4bf58dd8d48988d184941735", "pluralName": "Stadiums", "primary": true, "shortName": "Stadium"}], "verified": false, "contact": {}, "beenHere": {"lastCheckinExpiredAt": 0}, "stats": {"tipCount": 0, "usersCount": 9, "checkinsCount": 9}, "id": "4f5866e7e4b0714fa3bdf396", "name": "How To Train Your Dragon Arena Spectacular"}, "suffix": "/7WhT9Rj2miYmeOVyJuKvtKBKyX-i71g30YR2k6yL6DA.jpg", "visibility": "public"}, {"height": 720, "source": {"url": "https://foursquare.com/download/#/iphone", "name": "Foursquare for iOS"}, "width": 540, "prefix": "https://igx.4sqi.net/img/general/", "createdAt": 1331349067, "id": "4f5ac64be4b0a3bd22091759", "venue": {"closed": true, "like": false, "location": {"formattedAddress": ["Btwn Princes Bridge & Swan St Bridge (Yarra River)", "Melbourne VIC 3000", "Australia"], "city": "Melbourne", "lng": 144.97309684753418, "cc": "AU", "state": "VIC", "lat": -37.81893781173968, "address": "Btwn Princes Bridge & Swan St Bridge", "crossStreet": "Yarra River", "postalCode": "3000", "country": "Australia"}, "categories": [{"icon": {"prefix": "https://ss3.4sqi.net/img/categories_v2/arts_entertainment/default_", "suffix": ".png"}, "name": "General Entertainment", "id": "4bf58dd8d48988d1f1931735", "pluralName": "General Entertainment", "primary": true, "shortName": "Entertainment"}], "verified": false, "contact": {}, "allowMenuUrlEdit": true, "stats": {"tipCount": 7, "usersCount": 892, "checkinsCount": 1091}, "id": "4d79eefd70de54817993c299", "name": "Moomba Festival", "beenHere": {"lastCheckinExpiredAt": 0}}, "suffix": "/UVu6bwy7zEwBGUnX1I2vJzW6cXbm_DDK7DtsX-H6uZA.jpg", "visibility": "public"}, {"height": 540, "source": {"url": "https://foursquare.com/download/#/iphone", "name": "Foursquare for iOS"}, "width": 720, "prefix": "https://igx.4sqi.net/img/general/", "createdAt": 1331259975, "id": "4f596a47e4b03a9f69eb3f7a", "venue": {"like": false, "location": {"formattedAddress": ["St. Kilda Rd. (Alexandra Ave.)", "Melbourne VIC 3000", "Australia"], "city": "Melbourne", "lng": 144.97197457437386, "cc": "AU", "state": "VIC", "crossStreet": "Alexandra Ave.", "lat": -37.82026649219937, "address": "St. Kilda Rd.", "labeledLatLngs": [{"label": "display", "lat": -37.82026649219937, "lng": 144.97197457437386}], "postalCode": "3000", "country": "Australia"}, "categories": [{"icon": {"prefix": "https://ss3.4sqi.net/img/categories_v2/parks_outdoors/park_", "suffix": ".png"}, "name": "Park", "id": "4bf58dd8d48988d163941735", "pluralName": "Parks", "primary": true, "shortName": "Park"}], "verified": false, "contact": {}, "beenHere": {"lastCheckinExpiredAt": 0}, "stats": {"tipCount": 10, "usersCount": 1565, "checkinsCount": 2571}, "id": "4b058749f964a520308922e3", "name": "Alexandra Gardens"}, "suffix": "/uhcH5z31d64022lfXchhJr59tlMc0tiMrALVxNkqXik.jpg", "visibility": "public"}, {"height": 720, "source": {"url": "https://foursquare.com/download/#/iphone", "name": "Foursquare for iOS"}, "width": 540, "prefix": "https://igx.4sqi.net/img/general/", "createdAt": 1331079961, "id": "4f56ab19e4b00dc27dfc4f78", "venue": {"like": false, "location": {"formattedAddress": ["St. Kilda Rd. (Alexandra Ave.)", "Melbourne VIC 3000", "Australia"], "city": "Melbourne", "lng": 144.97197457437386, "cc": "AU", "state": "VIC", "crossStreet": "Alexandra Ave.", "lat": -37.82026649219937, "address": "St. Kilda Rd.", "labeledLatLngs": [{"label": "display", "lat": -37.82026649219937, "lng": 144.97197457437386}], "postalCode": "3000", "country": "Australia"}, "categories": [{"icon": {"prefix": "https://ss3.4sqi.net/img/categories_v2/parks_outdoors/park_", "suffix": ".png"}, "name": "Park", "id": "4bf58dd8d48988d163941735", "pluralName": "Parks", "primary": true, "shortName": "Park"}], "verified": false, "contact": {}, "beenHere": {"lastCheckinExpiredAt": 0}, "stats": {"tipCount": 10, "usersCount": 1565, "checkinsCount": 2571}, "id": "4b058749f964a520308922e3", "name": "Alexandra Gardens"}, "suffix": "/6bzI5OTKbY6gspCwfxldmaNjwp7--TTTB3TMu-wDPz0.jpg", "visibility": "public"}, {"height": 540, "source": {"url": "https://foursquare.com/download/#/iphone", "name": "Foursquare for iOS"}, "width": 720, "prefix": "https://igx.4sqi.net/img/general/", "createdAt": 1330915642, "id": "4f54293ae4b09f74b98a4f02", "venue": {"like": false, "location": {"formattedAddress": ["St. Kilda Rd. (Alexandra Ave.)", "Melbourne VIC 3000", "Australia"], "city": "Melbourne", "lng": 144.97197457437386, "cc": "AU", "state": "VIC", "crossStreet": "Alexandra Ave.", "lat": -37.82026649219937, "address": "St. Kilda Rd.", "labeledLatLngs": [{"label": "display", "lat": -37.82026649219937, "lng": 144.97197457437386}], "postalCode": "3000", "country": "Australia"}, "categories": [{"icon": {"prefix": "https://ss3.4sqi.net/img/categories_v2/parks_outdoors/park_", "suffix": ".png"}, "name": "Park", "id": "4bf58dd8d48988d163941735", "pluralName": "Parks", "primary": true, "shortName": "Park"}], "verified": false, "contact": {}, "beenHere": {"lastCheckinExpiredAt": 0}, "stats": {"tipCount": 10, "usersCount": 1565, "checkinsCount": 2571}, "id": "4b058749f964a520308922e3", "name": "Alexandra Gardens"}, "suffix": "/X7JKTFhSyMtnxFP1rUkw77kCicuQ5fBGouSJAqMgzfQ.jpg", "visibility": "public"}], "count": 54}, "totalCount": 54}}