{"meta": {"code": 200, "requestId": "595ae8e69fb6b77b93c6e5b3"}, "notifications": [{"item": {"unreadCount": 0}, "type": "notificationTray"}], "response": {"photos": {"items": [{"height": 1920, "source": {"url": "https://foursquare.com/download/#/iphone", "name": "Foursquare for iOS"}, "width": 1440, "prefix": "https://igx.4sqi.net/img/general/", "createdAt": 1471418852, "id": "57b411e4498e92e2f315a72b", "venue": {"like": false, "location": {"city": "Bangalore", "lng": 77.59527683258057, "cc": "IN", "state": "Karn\u0101taka", "lat": 12.977042175203783, "address": "M G Road", "labeledLatLngs": [{"label": "display", "lat": 12.977042175203783, "lng": 77.59527683258057}], "formattedAddress": ["M G Road", "Bangalore", "Karn\u0101taka", "India"], "country": "India"}, "categories": [{"icon": {"prefix": "https://ss3.4sqi.net/img/categories_v2/parks_outdoors/park_", "suffix": ".png"}, "name": "Park", "id": "4bf58dd8d48988d163941735", "pluralName": "Parks", "primary": true, "shortName": "Park"}], "verified": false, "contact": {}, "beenHere": {"lastCheckinExpiredAt": 0}, "stats": {"tipCount": 75, "usersCount": 1900, "checkinsCount": 4691}, "id": "4bbc4513e45295217db855a4", "name": "Cubbon Park"}, "suffix": "/104972480_9thHIFfZfoUbTy0ZNrdTFc8vcmJMudKItaf0BmFsJZk.jpg", "visibility": "public"}, {"height": 1440, "source": {"url": "https://foursquare.com/download/#/iphone", "name": "Foursquare for iOS"}, "tip": {"agreeCount": 0, "canonicalUrl": "https://foursquare.com/item/5739fb42498e189262e517b4", "todo": {"count": 0}, "logView": true, "disagreeCount": 0, "createdAt": 1463417666, "id": "5739fb42498e189262e517b4", "text": "I saw eggs benedict on the menu and didnt go any further but heard ppl raving about their wraps too.. Loved the cold coffee and the chocolate desserts on the menu", "likes": {"groups": [], "count": 0}, "like": false, "type": "user"}, "width": 1440, "prefix": "https://igx.4sqi.net/img/general/", "createdAt": 1463417680, "id": "5739fb50498e5700c3634c2c", "venue": {"like": false, "location": {"city": "Bangalore", "state": "Karn\u0101taka", "cc": "IN", "country": "India", "lat": 12.97100448227902, "lng": 77.64723922200712, "labeledLatLngs": [{"label": "display", "lat": 12.97100448227902, "lng": 77.64723922200712}], "formattedAddress": ["Bangalore", "Karn\u0101taka", "India"]}, "categories": [{"icon": {"prefix": "https://ss3.4sqi.net/img/categories_v2/food/cafe_", "suffix": ".png"}, "name": "Caf\u00e9", "id": "4bf58dd8d48988d16d941735", "pluralName": "Caf\u00e9s", "primary": true, "shortName": "Caf\u00e9"}], "verified": false, "contact": {}, "allowMenuUrlEdit": true, "stats": {"tipCount": 1, "usersCount": 113, "checkinsCount": 209}, "id": "5686b532498ed412f84d8674", "name": "Lazy Suzy", "beenHere": {"lastCheckinExpiredAt": 0}}, "suffix": "/104972480_KK7xdxvUNyYf8PWbIJlIPBhgtlMto5uoc6RXednAlCQ.jpg", "visibility": "public"}, {"height": 1440, "source": {"url": "https://foursquare.com/download/#/iphone", "name": "Foursquare for iOS"}, "tip": {"disagreeCount": 0, "canonicalUrl": "https://foursquare.com/item/56091769498e23a4ca5ee239", "createdAt": 1443436393, "id": "56091769498e23a4ca5ee239", "agreeCount": 1, "lastUpvoteTimestamp": 1492850283, "like": false, "todo": {"count": 1}, "type": "user", "text": "We had breakfast here, yogurt w/ muesli + omlette, fresh orange juice n coffees + croissants.. They had a newzealander working for them who helped us with a few options for sight-seeing too.", "likes": {"groups": [], "count": 0}, "logView": true, "lastVoteText": "Upvoted Apr 22"}, "width": 1920, "prefix": "https://igx.4sqi.net/img/general/", "createdAt": 1443436397, "id": "5609176d498e4e26a7f92059", "venue": {"url": "http://www.stradacafe.fr", "like": false, "location": {"formattedAddress": ["94 rue du Temple", "75003 Paris", "France"], "city": "Paris", "lng": 2.357296, "cc": "FR", "state": "\u00cele-de-France", "lat": 48.862292, "address": "94 rue du Temple", "labeledLatLngs": [{"label": "display", "lat": 48.862292, "lng": 2.357296}], "postalCode": "75003", "country": "France"}, "categories": [{"icon": {"prefix": "https://ss3.4sqi.net/img/categories_v2/food/cafe_", "suffix": ".png"}, "name": "Caf\u00e9", "id": "4bf58dd8d48988d16d941735", "pluralName": "Caf\u00e9s", "primary": true, "shortName": "Caf\u00e9"}], "verified": false, "contact": {"formattedPhone": "+33 1 44 61 09 28", "phone": "+33144610928", "facebookName": "Strada caf\u00e9", "facebookUsername": "stradacafe94", "facebook": "357164451021769"}, "allowMenuUrlEdit": true, "stats": {"tipCount": 56, "usersCount": 541, "checkinsCount": 732}, "id": "505dad02e4b008a518fec515", "name": "Strada Caf\u00e9", "beenHere": {"lastCheckinExpiredAt": 0}}, "suffix": "/104972480_jYcTE44cNobHMAisuc-umEAhXoZxadrA7TawBK5ZJ0w.jpg", "visibility": "public"}, {"height": 1173, "source": {"url": "https://foursquare.com/download/#/iphone", "name": "Foursquare for iOS"}, "tip": {"agreeCount": 0, "canonicalUrl": "https://foursquare.com/item/56090739498e8712c9c2bb49", "todo": {"count": 0}, "logView": true, "disagreeCount": 0, "createdAt": 1443432249, "id": "56090739498e8712c9c2bb49", "text": "Pork ribs + beef chutney + rice beer maketh a splendid lunch :)", "likes": {"groups": [], "count": 0}, "like": false, "type": "user"}, "width": 1920, "prefix": "https://igx.4sqi.net/img/general/", "createdAt": 1443432255, "id": "5609073f498eda4846a44286", "venue": {"like": false, "location": {"city": "Bangalore", "lng": 77.61515224620233, "cc": "IN", "state": "Karn\u0101taka", "crossStreet": "7th Block, Koramangala", "lat": 12.936184482488962, "address": "1st Main, Koramangala 7 Block, Adugodi", "labeledLatLngs": [{"label": "display", "lat": 12.936184482488962, "lng": 77.61515224620233}], "formattedAddress": ["1st Main, Koramangala 7 Block, Adugodi (7th Block, Koramangala)", "Bangalore", "Karn\u0101taka", "India"], "country": "India"}, "categories": [{"icon": {"prefix": "https://ss3.4sqi.net/img/categories_v2/food/diner_", "suffix": ".png"}, "name": "Diner", "id": "4bf58dd8d48988d147941735", "pluralName": "Diners", "primary": true, "shortName": "Diner"}], "verified": false, "contact": {"formattedPhone": "+91 80 4099 7506", "phone": "+918040997506"}, "allowMenuUrlEdit": true, "stats": {"tipCount": 12, "usersCount": 119, "checkinsCount": 213}, "id": "4d4d759372eba1430ca34312", "name": "Zingron - Naga Kitchen", "beenHere": {"lastCheckinExpiredAt": 0}}, "suffix": "/104972480_dtUp7g3ay1IfrP2dbLqKFSCcRj3Hfvg1Rj_UO86cGx0.jpg", "visibility": "public"}, {"height": 1920, "source": {"url": "https://foursquare.com/download/#/iphone", "name": "Foursquare for iOS"}, "tip": {"agreeCount": 0, "canonicalUrl": "https://foursquare.com/item/560079a3498e60b35853c036", "todo": {"count": 0}, "logView": true, "disagreeCount": 0, "createdAt": 1442871715, "id": "560079a3498e60b35853c036", "text": "Onglet de beouf sauce foie gras. Period!", "likes": {"groups": [], "count": 0}, "like": false, "type": "user"}, "width": 1440, "prefix": "https://igx.4sqi.net/img/general/", "createdAt": 1442871719, "id": "560079a7498e3d21f0256602", "venue": {"url": "http://www.restaurantlaboiteauxlettres.fr", "like": false, "location": {"formattedAddress": ["108 rue Lepic", "75018 Paris", "France"], "city": "Paris", "lng": 2.3381456802860234, "cc": "FR", "state": "\u00cele-de-France", "lat": 48.886822054298094, "address": "108 rue Lepic", "labeledLatLngs": [{"label": "display", "lat": 48.886822054298094, "lng": 2.3381456802860234}], "postalCode": "75018", "country": "France"}, "categories": [{"icon": {"prefix": "https://ss3.4sqi.net/img/categories_v2/food/default_", "suffix": ".png"}, "name": "Bistro", "id": "52e81612bcbc57f1066b79f1", "pluralName": "Bistros", "primary": true, "shortName": "Bistro"}], "verified": false, "contact": {"formattedPhone": "+33 1 42 51 76 84", "phone": "+33142517684", "facebookName": "La Bo\u00eete aux Lettres", "facebookUsername": "restolaboiteauxlettres", "facebook": "300366403429831"}, "allowMenuUrlEdit": true, "stats": {"tipCount": 72, "usersCount": 388, "checkinsCount": 420}, "id": "51c5f55d498e59e2ebcc7742", "name": "La Bo\u00eete aux Lettres", "beenHere": {"lastCheckinExpiredAt": 0}}, "suffix": "/104972480_9oCauf4InFl4yOQa-L2VhKYD1kpfc-mXwIFDFBDl4TQ.jpg", "visibility": "public"}, {"height": 1440, "source": {"url": "https://foursquare.com/download/#/iphone", "name": "Foursquare for iOS"}, "tip": {"agreeCount": 0, "canonicalUrl": "https://foursquare.com/item/55eb2b2e498e000335f17d9a", "todo": {"count": 0}, "logView": true, "disagreeCount": 0, "createdAt": 1441475374, "id": "55eb2b2e498e000335f17d9a", "text": "Fantastic wazwaan :) look no further if you hv a large appetite or can share with 1 or more people :)", "likes": {"groups": [], "count": 0}, "like": false, "type": "user"}, "width": 1917, "prefix": "https://igx.4sqi.net/img/general/", "createdAt": 1441475392, "id": "55eb2b40498ebb9572e197cc", "venue": {"like": false, "location": {"formattedAddress": ["Raj Bagh (Residency Road)", "Srinagar 190001", "Jammu and Kashm\u012br", "India"], "city": "Srinagar", "lng": 74.8219119525094, "cc": "IN", "state": "Jammu and Kashm\u012br", "crossStreet": "Residency Road", "lat": 34.07222927708711, "address": "Raj Bagh", "labeledLatLngs": [{"label": "display", "lat": 34.07222927708711, "lng": 74.8219119525094}], "postalCode": "190001", "country": "India"}, "categories": [{"icon": {"prefix": "https://ss3.4sqi.net/img/categories_v2/food/bakery_", "suffix": ".png"}, "name": "Bakery", "id": "4bf58dd8d48988d16a941735", "pluralName": "Bakeries", "primary": true, "shortName": "Bakery"}], "verified": false, "contact": {}, "allowMenuUrlEdit": true, "stats": {"tipCount": 10, "usersCount": 116, "checkinsCount": 131}, "id": "4e3ba3d4d164b529119454a4", "name": "Mughal Darbar", "beenHere": {"lastCheckinExpiredAt": 0}}, "suffix": "/104972480_WGXiUc2E_cwXpDVJ56F9-yrYXs-yM-m-uoBxBb1TuS0.jpg", "visibility": "public"}, {"height": 1920, "source": {"url": "https://foursquare.com/download/#/iphone", "name": "Foursquare for iOS"}, "tip": {"agreeCount": 0, "canonicalUrl": "https://foursquare.com/item/5586d9c1498e69f5f83ba042", "todo": {"count": 0}, "logView": true, "disagreeCount": 0, "createdAt": 1434900929, "id": "5586d9c1498e69f5f83ba042", "text": "Earl grey tea with a good waffle", "likes": {"groups": [], "count": 0}, "like": false, "type": "user"}, "width": 1440, "prefix": "https://igx.4sqi.net/img/general/", "createdAt": 1434900935, "id": "5586d9c7498ed7ed209a35e1", "venue": {"like": false, "location": {"formattedAddress": ["2023/B, 1st Cross, 14th A Main, HAL 2nd Stage (Indira Nagar)", "Bangalore India", "Karn\u0101taka", "India"], "city": "Bangalore", "lng": 77.64219407385929, "cc": "IN", "state": "Karn\u0101taka", "crossStreet": "Indira Nagar", "lat": 12.967174425933385, "address": "2023/B, 1st Cross, 14th A Main, HAL 2nd Stage", "labeledLatLngs": [{"label": "display", "lat": 12.967174425933385, "lng": 77.64219407385929}], "postalCode": "India", "country": "India"}, "categories": [{"icon": {"prefix": "https://ss3.4sqi.net/img/categories_v2/food/burger_", "suffix": ".png"}, "name": "Burger Joint", "id": "4bf58dd8d48988d16c941735", "pluralName": "Burger Joints", "primary": true, "shortName": "Burgers"}], "verified": false, "contact": {"formattedPhone": "+91 80 4171 5639", "phone": "+918041715639"}, "allowMenuUrlEdit": true, "stats": {"tipCount": 35, "usersCount": 792, "checkinsCount": 1523}, "id": "4be56b8f477d9c74bba7e62d", "name": "The Ants Cafe", "beenHere": {"lastCheckinExpiredAt": 0}}, "suffix": "/104972480_0_P5pGbQ-suXT0u-EKs0itR3bajIhbnevU3CFLh-L1k.jpg", "visibility": "public"}, {"height": 1440, "source": {"url": "https://foursquare.com/download/#/iphone", "name": "Foursquare for iOS"}, "tip": {"agreeCount": 0, "canonicalUrl": "https://foursquare.com/item/5586c7e5498efdcb2f971324", "todo": {"count": 0}, "logView": true, "disagreeCount": 0, "createdAt": 1434896357, "id": "5586c7e5498efdcb2f971324", "text": "Love their all day breakfast menu.. Green eggs are superlative at any hr, on any day :)", "likes": {"groups": [], "count": 0}, "like": false, "type": "user"}, "width": 1920, "prefix": "https://igx.4sqi.net/img/general/", "createdAt": 1434896364, "id": "5586c7ec498ed9889ee19ed7", "venue": {"like": false, "location": {"city": "Bangalore", "state": "Karn\u0101taka", "cc": "IN", "country": "India", "lat": 12.970207748657288, "lng": 77.64280934797023, "labeledLatLngs": [{"label": "display", "lat": 12.970207748657288, "lng": 77.64280934797023}], "formattedAddress": ["Bangalore", "Karn\u0101taka", "India"]}, "categories": [{"icon": {"prefix": "https://ss3.4sqi.net/img/categories_v2/food/cafe_", "suffix": ".png"}, "name": "Caf\u00e9", "id": "4bf58dd8d48988d16d941735", "pluralName": "Caf\u00e9s", "primary": true, "shortName": "Caf\u00e9"}], "verified": false, "contact": {}, "allowMenuUrlEdit": true, "stats": {"tipCount": 32, "usersCount": 359, "checkinsCount": 670}, "id": "5006d71be4b0ece405fcb7d0", "name": "Red Fork", "beenHere": {"lastCheckinExpiredAt": 0}}, "suffix": "/104972480_CICbhHKnt5B59r2IY_qyObMpZdMgx9VNmvFLaXBM9SY.jpg", "visibility": "public"}, {"height": 1920, "source": {"url": "https://foursquare.com/download/#/iphone", "name": "Foursquare for iOS"}, "tip": {"agreeCount": 0, "canonicalUrl": "https://foursquare.com/item/5586c5b8498e7e392aaaabb5", "todo": {"count": 0}, "logView": true, "disagreeCount": 0, "createdAt": 1434895800, "id": "5586c5b8498e7e392aaaabb5", "text": "Love the raw papaya / mango salad + thai red curry + pad thai noodles + bubble tea.. Wish they didnt shut down at 8 :(", "likes": {"groups": [], "count": 0}, "like": false, "type": "user"}, "width": 1440, "prefix": "https://igx.4sqi.net/img/general/", "createdAt": 1434895806, "id": "5586c5be498ef2b47a99a1d6", "venue": {"like": false, "location": {"formattedAddress": ["5th Avenue Mall (Ground Floor) (Brigade Road)", "Bangalore 560001", "Karn\u0101taka", "India"], "city": "Bangalore", "lng": 77.606959, "cc": "IN", "state": "Karn\u0101taka", "crossStreet": "Brigade Road", "lat": 12.973176, "address": "5th Avenue Mall (Ground Floor)", "labeledLatLngs": [{"label": "display", "lat": 12.973176, "lng": 77.606959}], "postalCode": "560001", "country": "India"}, "categories": [{"icon": {"prefix": "https://ss3.4sqi.net/img/categories_v2/food/thai_", "suffix": ".png"}, "name": "Thai Restaurant", "id": "4bf58dd8d48988d149941735", "pluralName": "Thai Restaurants", "primary": true, "shortName": "Thai"}], "verified": false, "contact": {}, "allowMenuUrlEdit": true, "stats": {"tipCount": 11, "usersCount": 231, "checkinsCount": 790}, "id": "504b0ee9e4b03e4ad90e2bb3", "name": "Lan Thai Cuisine (\u0e25\u0e32\u0e19\u0e44\u0e17\u0e22)", "beenHere": {"lastCheckinExpiredAt": 0}}, "suffix": "/104972480_Mas900YEEZbHgq26ojVjYBVfo2aLT7_wW02Y7IglyZk.jpg", "visibility": "public"}, {"height": 1440, "source": {"url": "https://foursquare.com/download/#/iphone", "name": "Foursquare for iOS"}, "tip": {"agreeCount": 0, "canonicalUrl": "https://foursquare.com/item/557ab7ad498e20ca740df32f", "todo": {"count": 0}, "logView": true, "disagreeCount": 0, "createdAt": 1434105773, "id": "557ab7ad498e20ca740df32f", "text": "I had a solo mutton thali + bangda fish fry + sol kadhi.. It doesnt get better than this!", "likes": {"groups": [], "count": 0}, "like": false, "type": "user"}, "width": 1920, "prefix": "https://igx.4sqi.net/img/general/", "createdAt": 1434105779, "id": "557ab7b3498e322f9433d106", "venue": {"like": false, "location": {"city": "Whitefield", "lng": 77.72482306513311, "cc": "IN", "state": "Karn\u0101taka", "lat": 12.977232589601163, "address": "Near KTPO", "labeledLatLngs": [{"label": "display", "lat": 12.977232589601163, "lng": 77.72482306513311}], "formattedAddress": ["Near KTPO", "Whitefield", "Karn\u0101taka", "India"], "country": "India"}, "categories": [{"icon": {"prefix": "https://ss3.4sqi.net/img/categories_v2/food/default_", "suffix": ".png"}, "name": "Maharashtrian Restaurant", "id": "54135bf5e4b08f3d2429dfee", "pluralName": "Maharashtrian Restaurants", "primary": true, "shortName": "Maharashtrian"}], "verified": false, "contact": {}, "allowMenuUrlEdit": true, "stats": {"tipCount": 14, "usersCount": 102, "checkinsCount": 206}, "id": "522230c511d2a6671fa5e1cc", "name": "Suryawanshi's", "beenHere": {"lastCheckinExpiredAt": 0}}, "suffix": "/104972480_LfMhNNwA6MsgV90QWkrDGHi47eztB7iB6aZxZ3LiBRo.jpg", "visibility": "public"}, {"height": 1917, "source": {"url": "https://foursquare.com/download/#/iphone", "name": "Foursquare for iOS"}, "tip": {"agreeCount": 0, "canonicalUrl": "https://foursquare.com/item/557a6e21498e21811d17875f", "todo": {"count": 0}, "logView": true, "disagreeCount": 0, "createdAt": 1434086945, "id": "557a6e21498e21811d17875f", "text": "Cheesy orange oreo cake.. 'Nuf said!", "likes": {"groups": [], "count": 0}, "like": false, "type": "user"}, "width": 1440, "prefix": "https://igx.4sqi.net/img/general/", "createdAt": 1434086949, "id": "557a6e25498e1500ed71eb98", "venue": {"like": false, "location": {"formattedAddress": ["#1079 (12th Main Rd, HAL 2nd Stg, Indiranagar)", "Bangalore 560038", "Karn\u0101taka", "India"], "city": "Bangalore", "lng": 77.63826742693244, "cc": "IN", "state": "Karn\u0101taka", "crossStreet": "12th Main Rd, HAL 2nd Stg, Indiranagar", "lat": 12.970017449505775, "address": "#1079", "labeledLatLngs": [{"label": "display", "lat": 12.970017449505775, "lng": 77.63826742693244}], "postalCode": "560038", "country": "India"}, "categories": [{"icon": {"prefix": "https://ss3.4sqi.net/img/categories_v2/food/dessert_", "suffix": ".png"}, "name": "Dessert Shop", "id": "4bf58dd8d48988d1d0941735", "pluralName": "Dessert Shops", "primary": true, "shortName": "Desserts"}], "verified": false, "contact": {"formattedPhone": "+91 96113 48003", "phone": "+919611348003"}, "allowMenuUrlEdit": true, "stats": {"tipCount": 69, "usersCount": 981, "checkinsCount": 1743}, "id": "4fd47d99e4b0a071e1a8bc9f", "name": "Berry'd Alive", "beenHere": {"lastCheckinExpiredAt": 0}}, "suffix": "/104972480_QxEbWkS7CyVbsLd751y_EwnvWtfBc9IiInuKa_qi-G0.jpg", "visibility": "public"}, {"height": 1920, "source": {"url": "https://foursquare.com/download/#/iphone", "name": "Foursquare for iOS"}, "tip": {"agreeCount": 1, "canonicalUrl": "https://foursquare.com/item/5571f93a498e7e10c2a0a54e", "todo": {"count": 0}, "logView": true, "disagreeCount": 0, "createdAt": 1433532730, "id": "5571f93a498e7e10c2a0a54e", "text": "Love melon+avocado salad, zatar tossed spaghetti w/ veggies and their sun brewed iced-tea.. Hv tried their lemon tart + panacotta  too..", "likes": {"groups": [{"items": [{"photo": {"default": true, "prefix": "https://igx.4sqi.net/img/user/", "suffix": "/blank_boy.png"}, "id": "151488482", "firstName": "Shyam", "gender": "none", "lastName": "S"}], "count": 1, "type": "others"}], "count": 1, "summary": "1 like"}, "like": false, "type": "user"}, "width": 1440, "prefix": "https://igx.4sqi.net/img/general/", "createdAt": 1433532736, "id": "5571f940498e30d7db810d55", "venue": {"like": false, "location": {"city": "Bangalore", "state": "Karn\u0101taka", "cc": "IN", "country": "India", "lat": 12.94158399, "lng": 77.57730259, "labeledLatLngs": [{"label": "display", "lat": 12.94158399, "lng": 77.57730259}], "formattedAddress": ["Bangalore", "Karn\u0101taka", "India"]}, "categories": [{"icon": {"prefix": "https://ss3.4sqi.net/img/categories_v2/food/default_", "suffix": ".png"}, "name": "Restaurant", "id": "4bf58dd8d48988d1c4941735", "pluralName": "Restaurants", "primary": true, "shortName": "Restaurant"}], "verified": false, "contact": {}, "allowMenuUrlEdit": true, "stats": {"tipCount": 11, "usersCount": 219, "checkinsCount": 418}, "id": "4dd77aabd4c05d5096ea945d", "name": "Rogue Elephant", "beenHere": {"lastCheckinExpiredAt": 0}}, "suffix": "/104972480_4HJODhsxaJiGqCIKRsS6Kz6FrOB2KX9M07TTPpISrmg.jpg", "visibility": "public"}, {"height": 1917, "source": {"url": "https://foursquare.com/download/#/iphone", "name": "Foursquare for iOS"}, "tip": {"agreeCount": 0, "canonicalUrl": "https://foursquare.com/item/55695f37498e5a27d5ebf23b", "todo": {"count": 0}, "logView": true, "disagreeCount": 0, "createdAt": 1432969015, "id": "55695f37498e5a27d5ebf23b", "text": "Great place to get some idli-vada & kaapi for breakfast. 49/- for some sunshine in my tummy", "likes": {"groups": [], "count": 0}, "like": false, "type": "user"}, "width": 1440, "prefix": "https://igx.4sqi.net/img/general/", "createdAt": 1432969020, "id": "55695f3c498e88eff65a6bf1", "venue": {"like": false, "location": {"formattedAddress": ["Outside Malleswaram Station (2nd Cross Margosa Road)", "Bangalore 560 003", "Karn\u0101taka", "India"], "city": "Bangalore", "lng": 77.56389818762295, "cc": "IN", "state": "Karn\u0101taka", "crossStreet": "2nd Cross Margosa Road", "lat": 13.000816607322484, "address": "Outside Malleswaram Station", "labeledLatLngs": [{"label": "display", "lat": 13.000816607322484, "lng": 77.56389818762295}], "postalCode": "560 003", "country": "India"}, "categories": [{"icon": {"prefix": "https://ss3.4sqi.net/img/categories_v2/food/breakfast_", "suffix": ".png"}, "name": "Breakfast Spot", "id": "4bf58dd8d48988d143941735", "pluralName": "Breakfast Spots", "primary": true, "shortName": "Breakfast"}], "verified": false, "contact": {}, "allowMenuUrlEdit": true, "stats": {"tipCount": 15, "usersCount": 178, "checkinsCount": 399}, "id": "4c219d66502b952115ce6d21", "name": "Raghavendra Stores", "beenHere": {"lastCheckinExpiredAt": 0}}, "suffix": "/104972480_WN2rlgj4jnTq50l-3tNsheZ72OpI2g_rcRnUAAtH6NU.jpg", "visibility": "public"}, {"height": 1920, "source": {"url": "https://foursquare.com/download/#/iphone", "name": "Foursquare for iOS"}, "tip": {"agreeCount": 0, "canonicalUrl": "https://foursquare.com/item/5566cb7e498e808f74841921", "todo": {"count": 0}, "logView": true, "disagreeCount": 0, "createdAt": 1432800126, "id": "5566cb7e498e808f74841921", "text": "Perfect place for a banoffee pie and a cup of green tea.", "likes": {"groups": [], "count": 0}, "like": false, "type": "user"}, "width": 1440, "prefix": "https://igx.4sqi.net/img/general/", "createdAt": 1432800134, "id": "5566cb86498ea54c4fb40393", "venue": {"url": "http://www.dyuartcafe.com", "like": false, "location": {"formattedAddress": ["No. 23, MIG, Opposite Mangala Kalyana Mantapa, KHB Colony (Koramangala 8th block)", "Bangalore 560095", "Karn\u0101taka", "India"], "city": "Bangalore", "lng": 77.61767545543552, "cc": "IN", "state": "Karn\u0101taka", "crossStreet": "Koramangala 8th block", "lat": 12.937291170711523, "address": "No. 23, MIG, Opposite Mangala Kalyana Mantapa, KHB Colony", "labeledLatLngs": [{"label": "display", "lat": 12.937291170711523, "lng": 77.61767545543552}], "postalCode": "560095", "country": "India"}, "categories": [{"icon": {"prefix": "https://ss3.4sqi.net/img/categories_v2/food/cafe_", "suffix": ".png"}, "name": "Caf\u00e9", "id": "4bf58dd8d48988d16d941735", "pluralName": "Caf\u00e9s", "primary": true, "shortName": "Caf\u00e9"}], "verified": false, "contact": {"twitter": "dyuartcafe", "facebookName": "Dyu Art Cafe", "formattedPhone": "+91 98956 74244", "phone": "+919895674244", "facebookUsername": "dyuartcafe123", "facebook": "576571995746752"}, "allowMenuUrlEdit": true, "stats": {"tipCount": 53, "usersCount": 608, "checkinsCount": 1093}, "id": "5264a31011d252c0294134f2", "name": "Dyu Art Cafe", "beenHere": {"lastCheckinExpiredAt": 0}}, "suffix": "/104972480_7f0QFu9KzJb2hY923SO9gjjuVgyudzjrM3oYOsj4Z1Q.jpg", "visibility": "public"}, {"height": 1920, "source": {"url": "https://foursquare.com/download/#/iphone", "name": "Foursquare for iOS"}, "tip": {"agreeCount": 0, "canonicalUrl": "https://foursquare.com/item/54f7ef6b498e22715903e53a", "todo": {"count": 0}, "logView": true, "disagreeCount": 0, "createdAt": 1425534827, "id": "54f7ef6b498e22715903e53a", "text": "They serve a mean banoffee and are pet friendly :-) a bit steep for blr stds.", "likes": {"groups": [], "count": 0}, "like": false, "type": "user"}, "width": 1440, "prefix": "https://igx.4sqi.net/img/general/", "createdAt": 1425534834, "id": "54f7ef72498e5ab95954cbc7", "venue": {"url": "http://www.spoonful.in", "like": false, "location": {"formattedAddress": ["421-G, 1st Main (3rd Cross, 1st Stage, Indiranagar)", "Bangalore 560038", "Karn\u0101taka", "India"], "city": "Bangalore", "lng": 77.64373898506165, "cc": "IN", "state": "Karn\u0101taka", "crossStreet": "3rd Cross, 1st Stage, Indiranagar", "lat": 12.979363135053088, "address": "421-G, 1st Main", "labeledLatLngs": [{"label": "display", "lat": 12.979363135053088, "lng": 77.64373898506165}], "postalCode": "560038", "country": "India"}, "categories": [{"icon": {"prefix": "https://ss3.4sqi.net/img/categories_v2/food/dessert_", "suffix": ".png"}, "name": "Dessert Shop", "id": "4bf58dd8d48988d1d0941735", "pluralName": "Dessert Shops", "primary": true, "shortName": "Desserts"}], "verified": false, "contact": {"formattedPhone": "+91 80 2525 5534", "phone": "+918025255534", "facebookName": "Spoonful Of Sugar", "facebookUsername": "spoonful.of.sugar.sos", "facebook": "350714161199"}, "allowMenuUrlEdit": true, "stats": {"tipCount": 32, "usersCount": 555, "checkinsCount": 1007}, "id": "4b82a4e7f964a5203bdc30e3", "name": "Spoonful of Sugar", "beenHere": {"lastCheckinExpiredAt": 0}}, "suffix": "/104972480_h8TxwuNBOiQ2F2_YmnH69ci-XZDdZ_OzlYDO4Duhw3M.jpg", "visibility": "public"}, {"height": 1920, "source": {"url": "https://foursquare.com/download/#/iphone", "name": "Foursquare for iOS"}, "tip": {"agreeCount": 0, "canonicalUrl": "https://foursquare.com/item/54f7e170498ed89669328cb6", "todo": {"count": 0}, "logView": true, "disagreeCount": 0, "createdAt": 1425531248, "id": "54f7e170498ed89669328cb6", "text": "Try the fish cutlet + anjal curry + rice + mutton sukka+ neer dosa+ copious amounts of sol kadhi.. This is in its truest sense soul-food!!", "likes": {"groups": [], "count": 0}, "like": false, "type": "user"}, "width": 1440, "prefix": "https://igx.4sqi.net/img/general/", "createdAt": 1425531258, "id": "54f7e17a498e0b4b309ebb79", "venue": {"url": "http://www.mangalorepearl.com", "like": false, "location": {"city": "Bangalore", "lng": 77.6155270946085, "cc": "IN", "state": "Karn\u0101taka", "crossStreet": "Frazer Town", "lat": 12.994566347065795, "address": "Coles Rd", "labeledLatLngs": [{"label": "display", "lat": 12.994566347065795, "lng": 77.6155270946085}], "formattedAddress": ["Coles Rd (Frazer Town)", "Bangalore", "Karn\u0101taka", "India"], "country": "India"}, "categories": [{"icon": {"prefix": "https://ss3.4sqi.net/img/categories_v2/food/seafood_", "suffix": ".png"}, "name": "Seafood Restaurant", "id": "4bf58dd8d48988d1ce941735", "pluralName": "Seafood Restaurants", "primary": true, "shortName": "Seafood"}], "verified": false, "contact": {"formattedPhone": "+91 80 2530 2224", "phone": "+918025302224", "facebookName": "Mangalore Pearl Restaurant", "facebook": "119765511387490"}, "allowMenuUrlEdit": true, "stats": {"tipCount": 34, "usersCount": 492, "checkinsCount": 980}, "id": "4bfe21372b83b71323daa998", "name": "Mangalore Pearl", "beenHere": {"lastCheckinExpiredAt": 0}}, "suffix": "/104972480_swOTpbZ7a8jd_N1tR1z8j_h82B9RccoiaiL3j9Qd8Sk.jpg", "visibility": "public"}, {"height": 1920, "source": {"url": "https://foursquare.com/download/#/iphone", "name": "Foursquare for iOS"}, "tip": {"agreeCount": 0, "canonicalUrl": "https://foursquare.com/item/54f7db77498e160875b251cc", "todo": {"count": 0}, "logView": true, "disagreeCount": 0, "createdAt": 1425529719, "id": "54f7db77498e160875b251cc", "text": "I had the chkn indonesian curry which came along with sauteed bokchoy, rice and bread. And a carrot cake w/ butter cream icing. Its open mon-sat 12.30 to 4.30.", "likes": {"groups": [], "count": 0}, "like": false, "type": "user"}, "width": 1440, "prefix": "https://igx.4sqi.net/img/general/", "createdAt": 1425529725, "id": "54f7db7d498e8af6d6634309", "venue": {"like": false, "location": {"city": "Bangalore", "lng": 77.5958430699363, "cc": "IN", "state": "Karn\u0101taka", "lat": 12.987229219987787, "address": "1/7 Edward Road", "labeledLatLngs": [{"label": "display", "lat": 12.987229219987787, "lng": 77.5958430699363}], "formattedAddress": ["1/7 Edward Road", "Bangalore", "Karn\u0101taka", "India"], "country": "India"}, "categories": [{"icon": {"prefix": "https://ss3.4sqi.net/img/categories_v2/food/salad_", "suffix": ".png"}, "name": "Salad Place", "id": "4bf58dd8d48988d1bd941735", "pluralName": "Salad Places", "primary": true, "shortName": "Salad"}], "verified": false, "contact": {}, "allowMenuUrlEdit": true, "stats": {"tipCount": 8, "usersCount": 122, "checkinsCount": 166}, "id": "4bfe1a16f7c82d7fd82c8f04", "name": "Secret Garden Cafe", "beenHere": {"lastCheckinExpiredAt": 0}}, "suffix": "/104972480_yfqaglh2TbEAAQtcsPHZEU_dpRrGp3g9xeCMGJODLUQ.jpg", "visibility": "public"}, {"height": 1440, "source": {"url": "https://foursquare.com/download/#/iphone", "name": "Foursquare for iOS"}, "tip": {"agreeCount": 0, "canonicalUrl": "https://foursquare.com/item/54f7d12c498ed667d94c27f0", "todo": {"count": 0}, "logView": true, "disagreeCount": 0, "createdAt": 1425527084, "id": "54f7d12c498ed667d94c27f0", "text": "We had a ragi mudde meal which included chicken/mutton/chicken innards/sambhar/raita/buttermilk/biryani/plain rice/rasam. Very clean place and the meal was great too.", "likes": {"groups": [], "count": 0}, "like": false, "type": "user"}, "width": 1920, "prefix": "https://igx.4sqi.net/img/general/", "createdAt": 1425527091, "id": "54f7d133498e334ca557a856", "venue": {"like": false, "location": {"formattedAddress": ["#519, 1st Floor, 24th Main, NEar KEB Office, Above Muthoot Finance (24th Main, HSR Layout)", "Bangalore 560102", "Karn\u0101taka", "India"], "city": "Bangalore", "lng": 77.64906257894785, "cc": "IN", "state": "Karn\u0101taka", "crossStreet": "24th Main, HSR Layout", "lat": 12.91024947652537, "address": "#519, 1st Floor, 24th Main, NEar KEB Office, Above Muthoot Finance", "labeledLatLngs": [{"label": "display", "lat": 12.91024947652537, "lng": 77.64906257894785}], "postalCode": "560102", "country": "India"}, "categories": [{"icon": {"prefix": "https://ss3.4sqi.net/img/categories_v2/food/indian_", "suffix": ".png"}, "name": "Indian Restaurant", "id": "4bf58dd8d48988d10f941735", "pluralName": "Indian Restaurants", "primary": true, "shortName": "Indian"}], "verified": false, "contact": {"formattedPhone": "+91 80 2258 0009", "phone": "+918022580009"}, "allowMenuUrlEdit": true, "stats": {"tipCount": 2, "usersCount": 44, "checkinsCount": 118}, "id": "527e41d9498edf0db8157fca", "name": "Meeraa's Beegara Oota (Naati style)", "beenHere": {"lastCheckinExpiredAt": 0}}, "suffix": "/104972480_-t91eyG1VmCYruwpNuvubiiFdZmbGJQ5wcHi9ibj2oQ.jpg", "visibility": "public"}, {"height": 1440, "source": {"url": "https://foursquare.com/download/#/iphone", "name": "Foursquare for iOS"}, "tip": {"agreeCount": 0, "canonicalUrl": "https://foursquare.com/item/548bfa5b498e7536a722d1a0", "todo": {"count": 0}, "logView": true, "disagreeCount": 0, "createdAt": 1418459739, "id": "548bfa5b498e7536a722d1a0", "text": "Pandhi fry, peanut masala and chilli cheese toast are by far the best combinations with the chilled beer on offer here. Appams n stews are delectable too!", "likes": {"groups": [], "count": 0}, "like": false, "type": "user"}, "width": 1920, "prefix": "https://igx.4sqi.net/img/general/", "createdAt": 1418459766, "id": "548bfa76498ed7df1629cde7", "venue": {"closed": true, "like": false, "location": {"city": "Bangalore", "lng": 77.59457283439579, "cc": "IN", "state": "Karn\u0101taka", "lat": 12.994292147644236, "address": "Vasanth Nagar", "labeledLatLngs": [{"label": "display", "lat": 12.994292147644236, "lng": 77.59457283439579}], "formattedAddress": ["Vasanth Nagar", "Bangalore", "Karn\u0101taka", "India"], "country": "India"}, "categories": [{"icon": {"prefix": "https://ss3.4sqi.net/img/categories_v2/nightlife/pub_", "suffix": ".png"}, "name": "Pub", "id": "4bf58dd8d48988d11b941735", "pluralName": "Pubs", "primary": true, "shortName": "Pub"}], "verified": false, "contact": {"formattedPhone": "+91 80 2225 8847", "phone": "+918022258847", "facebookName": "Windsor Pub", "facebookUsername": "WindsorPub97", "facebook": "190776167626335"}, "allowMenuUrlEdit": true, "stats": {"tipCount": 45, "usersCount": 558, "checkinsCount": 1331}, "id": "4b83ff91f964a5205d1a31e3", "name": "Windsor Pub", "beenHere": {"lastCheckinExpiredAt": 0}}, "suffix": "/104972480_scyOO-3qfonVlOFbMDDlyw5L_UwLXTbW7KNIGOfJApw.jpg", "visibility": "public"}], "count": 19}, "totalCount": 19}}