{"meta": {"code": 200, "requestId": "595b34359fb6b77bc7c1b1bb"}, "notifications": [{"item": {"unreadCount": 0}, "type": "notificationTray"}], "response": {"photos": {"items": [{"height": 431, "source": {"url": "https://foursquare.com/download/#/android", "name": "Foursquare for Android"}, "width": 720, "prefix": "https://igx.4sqi.net/img/general/", "createdAt": 1343791007, "id": "50189f9fe4b04957f8194f72", "venue": {"closed": true, "like": false, "location": {"formattedAddress": ["#04-K1, The Paragon (290 Orchard Rd)", "238859", "Singapore"], "city": "Singapore", "lng": 103.8350788951749, "cc": "SG", "country": "Singapore", "crossStreet": "290 Orchard Rd", "lat": 1.3034795353665274, "address": "#04-K1, The Paragon", "labeledLatLngs": [{"label": "display", "lat": 1.3034795353665274, "lng": 103.8350788951749}], "postalCode": "238859"}, "categories": [{"icon": {"prefix": "https://ss3.4sqi.net/img/categories_v2/food/cafe_", "suffix": ".png"}, "name": "Caf\u00e9", "id": "4bf58dd8d48988d16d941735", "pluralName": "Caf\u00e9s", "primary": true, "shortName": "Caf\u00e9"}], "verified": false, "contact": {"formattedPhone": "+65 6836 5022", "phone": "+6568365022"}, "allowMenuUrlEdit": true, "stats": {"tipCount": 13, "usersCount": 736, "checkinsCount": 1134}, "id": "4ba1e919f964a52082d137e3", "name": "Dome", "beenHere": {"lastCheckinExpiredAt": 0}}, "suffix": "/2EFhZFT0rTqF9qfci-MgCOGpJwcYvZl2WpkEOaHTqV0.jpg", "visibility": "public"}], "count": 1}, "totalCount": 1}}