{"response": {"photos": {"items": [{"id": "4ee08a432c5bb0e03ecb6abc", "createdAt": 1323338307, "height": 406, "visibility": "public", "source": {"url": "https://foursquare.com/download/#/android", "name": "Foursquare for Android"}, "prefix": "https://igx.4sqi.net/img/general/", "venue": {"id": "4ea7b92e6da12824bd5b3338", "like": false, "stats": {"checkinsCount": 85, "tipCount": 4, "usersCount": 58}, "beenHere": {"lastCheckinExpiredAt": 0}, "categories": [{"id": "4bf58dd8d48988d1df931735", "primary": true, "icon": {"prefix": "https://ss3.4sqi.net/img/categories_v2/food/bbqalt_", "suffix": ".png"}, "pluralName": "BBQ Joints", "shortName": "BBQ", "name": "BBQ Joint"}], "verified": false, "allowMenuUrlEdit": true, "location": {"address": "Lau Pa Sat, Lau PA Sat, 18 Raffles Quay", "lat": 1.280817, "postalCode": "048582", "city": "Singapore", "formattedAddress": ["Lau Pa Sat, Lau PA Sat, 18 Raffles Quay", "048582", "Singapore"], "lng": 103.850404625, "labeledLatLngs": [{"lng": 103.850404625, "label": "display", "lat": 1.280817}], "country": "Singapore", "cc": "SG"}, "contact": {}, "name": "Baliwag Lechon Manok atbp."}, "width": 720, "suffix": "/QLXUAPWBE4SSNPDA2LZHTROWQ0LCDB2AQVI51LAUQIVJ11HY.jpg"}, {"id": "4ee08a132c5bb0e03ecb49b2", "createdAt": 1323338259, "height": 406, "visibility": "public", "source": {"url": "https://foursquare.com/download/#/android", "name": "Foursquare for Android"}, "prefix": "https://igx.4sqi.net/img/general/", "venue": {"id": "4ea7b92e6da12824bd5b3338", "like": false, "stats": {"checkinsCount": 85, "tipCount": 4, "usersCount": 58}, "beenHere": {"lastCheckinExpiredAt": 0}, "categories": [{"id": "4bf58dd8d48988d1df931735", "primary": true, "icon": {"prefix": "https://ss3.4sqi.net/img/categories_v2/food/bbqalt_", "suffix": ".png"}, "pluralName": "BBQ Joints", "shortName": "BBQ", "name": "BBQ Joint"}], "verified": false, "allowMenuUrlEdit": true, "location": {"address": "Lau Pa Sat, Lau PA Sat, 18 Raffles Quay", "lat": 1.280817, "postalCode": "048582", "city": "Singapore", "formattedAddress": ["Lau Pa Sat, Lau PA Sat, 18 Raffles Quay", "048582", "Singapore"], "lng": 103.850404625, "labeledLatLngs": [{"lng": 103.850404625, "label": "display", "lat": 1.280817}], "country": "Singapore", "cc": "SG"}, "contact": {}, "name": "Baliwag Lechon Manok atbp."}, "width": 720, "suffix": "/QLXUAPWBE4SSNPDA2LZHTROWQ0LCDB2AQVI51LAUQIVJ11HY.jpg"}, {"id": "4ebe42dc9adfe2b7b571342b", "createdAt": 1321091804, "height": 720, "visibility": "public", "source": {"url": "https://foursquare.com/download/#/android", "name": "Foursquare for Android"}, "prefix": "https://igx.4sqi.net/img/general/", "venue": {"id": "4bbb10a698c7ef3bc2af3302", "like": false, "stats": {"checkinsCount": 1849, "tipCount": 6, "usersCount": 416}, "url": "http://www.prcss.moe.edu.sg", "beenHere": {"lastCheckinExpiredAt": 0}, "categories": [{"id": "4bf58dd8d48988d13d941735", "primary": true, "icon": {"prefix": "https://ss3.4sqi.net/img/categories_v2/building/school_", "suffix": ".png"}, "pluralName": "High Schools", "shortName": "High School", "name": "High School"}], "verified": false, "location": {"address": "11 Pasir Ris St 41", "lat": 1.3727734177504272, "postalCode": "518934", "city": "Singapore", "formattedAddress": ["11 Pasir Ris St 41", "518934", "Singapore"], "lng": 103.9599859714508, "labeledLatLngs": [{"lng": 103.9599859714508, "label": "display", "lat": 1.3727734177504272}], "country": "Singapore", "cc": "SG"}, "contact": {"formattedPhone": "+65 6581 1655", "phone": "+6565811655"}, "venueRatingBlacklisted": true, "name": "Pasir Ris Crest Secondary School"}, "width": 406, "suffix": "/R4P5MNBRTAVXLMA0WIQ0Z3NK3BLI2U0GXCEIYEGEUGCBXYNV.jpg"}, {"id": "4ebde75cd3e3700a5aab69eb", "createdAt": 1321068380, "height": 406, "visibility": "public", "source": {"url": "https://foursquare.com/download/#/android", "name": "Foursquare for Android"}, "prefix": "https://igx.4sqi.net/img/general/", "venue": {"id": "4b642400f964a520f6a02ae3", "like": false, "stats": {"checkinsCount": 779, "tipCount": 9, "usersCount": 425}, "beenHere": {"lastCheckinExpiredAt": 0}, "categories": [{"id": "4bf58dd8d48988d16e941735", "primary": true, "icon": {"prefix": "https://ss3.4sqi.net/img/categories_v2/food/fastfood_", "suffix": ".png"}, "pluralName": "Fast Food Restaurants", "shortName": "Fast Food", "name": "Fast Food Restaurant"}], "verified": false, "allowMenuUrlEdit": true, "location": {"address": "Lucky Plaza", "lat": 1.304358870791789, "city": "Singapore", "formattedAddress": ["Lucky Plaza", "Singapore"], "lng": 103.83329567866822, "labeledLatLngs": [{"lng": 103.83329567866822, "label": "display", "lat": 1.304358870791789}], "country": "Singapore", "cc": "SG"}, "contact": {}, "name": "Happy V"}, "width": 720, "suffix": "/EERZI0APAGLIMH4HMSKG4YRMU1J333AG5UWPME2ONG4TIUE0.jpg"}, {"id": "4ebcfe362c5bf3359a702ed4", "createdAt": 1321008694, "tip": {"id": "4ebcfe31b803c81b924f3433", "createdAt": 1321008689, "like": false, "todo": {"count": 0}, "text": "Ang Tapa King na may libre kangkong sa bawat meal....:-)", "logView": true, "disagreeCount": 0, "canonicalUrl": "https://foursquare.com/item/4ebcfe31b803c81b924f3433", "type": "user", "likes": {"summary": "1 like", "count": 1, "groups": [{"items": [], "count": 1, "type": "others"}]}, "agreeCount": 0}, "height": 406, "visibility": "public", "source": {"url": "https://foursquare.com/download/#/android", "name": "Foursquare for Android"}, "prefix": "https://igx.4sqi.net/img/general/", "venue": {"id": "4ebb4bce8231dffdaf0edac7", "like": false, "stats": {"checkinsCount": 96, "tipCount": 4, "usersCount": 52}, "beenHere": {"lastCheckinExpiredAt": 0}, "categories": [{"id": "4eb1bd1c3b7b55596b4a748f", "primary": true, "icon": {"prefix": "https://ss3.4sqi.net/img/categories_v2/food/filipino_", "suffix": ".png"}, "pluralName": "Filipino Restaurants", "shortName": "Filipino", "name": "Filipino Restaurant"}], "verified": false, "allowMenuUrlEdit": true, "location": {"address": "Stall 6 Koufu Foodcourt, 2nd Floor Changi City Point,", "lat": 1.3345666913734302, "postalCode": "486038", "city": "Singapore", "formattedAddress": ["Stall 6 Koufu Foodcourt, 2nd Floor Changi City Point,", "486038", "Singapore"], "lng": 103.96295947411457, "labeledLatLngs": [{"lng": 103.96295947411457, "label": "display", "lat": 1.3345666913734302}], "country": "Singapore", "cc": "SG"}, "contact": {}, "name": "Tapa King Singapore"}, "width": 720, "suffix": "/IMCM13NKR4J4V2S0EO1NGYYEE01JQM0JX3VYQMIP3UY4NPKD.jpg"}, {"id": "4ebcfdfbd3e38e6b0bee842f", "createdAt": 1321008635, "height": 406, "visibility": "public", "source": {"url": "https://foursquare.com/download/#/android", "name": "Foursquare for Android"}, "prefix": "https://igx.4sqi.net/img/general/", "venue": {"id": "4ebb4bce8231dffdaf0edac7", "like": false, "stats": {"checkinsCount": 96, "tipCount": 4, "usersCount": 52}, "beenHere": {"lastCheckinExpiredAt": 0}, "categories": [{"id": "4eb1bd1c3b7b55596b4a748f", "primary": true, "icon": {"prefix": "https://ss3.4sqi.net/img/categories_v2/food/filipino_", "suffix": ".png"}, "pluralName": "Filipino Restaurants", "shortName": "Filipino", "name": "Filipino Restaurant"}], "verified": false, "allowMenuUrlEdit": true, "location": {"address": "Stall 6 Koufu Foodcourt, 2nd Floor Changi City Point,", "lat": 1.3345666913734302, "postalCode": "486038", "city": "Singapore", "formattedAddress": ["Stall 6 Koufu Foodcourt, 2nd Floor Changi City Point,", "486038", "Singapore"], "lng": 103.96295947411457, "labeledLatLngs": [{"lng": 103.96295947411457, "label": "display", "lat": 1.3345666913734302}], "country": "Singapore", "cc": "SG"}, "contact": {}, "name": "Tapa King Singapore"}, "width": 720, "suffix": "/K1LIOFSAEWRGGXBNVZPCZVH15GYGQNDDXSPN1NWYEDTOAF0X.jpg"}, {"id": "4ebcfda80aaf88633b8efdbe", "createdAt": 1321008552, "height": 720, "visibility": "public", "source": {"url": "https://foursquare.com/download/#/android", "name": "Foursquare for Android"}, "prefix": "https://igx.4sqi.net/img/general/", "venue": {"id": "4ebb4bce8231dffdaf0edac7", "like": false, "stats": {"checkinsCount": 96, "tipCount": 4, "usersCount": 52}, "beenHere": {"lastCheckinExpiredAt": 0}, "categories": [{"id": "4eb1bd1c3b7b55596b4a748f", "primary": true, "icon": {"prefix": "https://ss3.4sqi.net/img/categories_v2/food/filipino_", "suffix": ".png"}, "pluralName": "Filipino Restaurants", "shortName": "Filipino", "name": "Filipino Restaurant"}], "verified": false, "allowMenuUrlEdit": true, "location": {"address": "Stall 6 Koufu Foodcourt, 2nd Floor Changi City Point,", "lat": 1.3345666913734302, "postalCode": "486038", "city": "Singapore", "formattedAddress": ["Stall 6 Koufu Foodcourt, 2nd Floor Changi City Point,", "486038", "Singapore"], "lng": 103.96295947411457, "labeledLatLngs": [{"lng": 103.96295947411457, "label": "display", "lat": 1.3345666913734302}], "country": "Singapore", "cc": "SG"}, "contact": {}, "name": "Tapa King Singapore"}, "width": 406, "suffix": "/TPCUY25WYYXBVSSLRBHNVN1YUQAP5YBR0GZXDVLERGY3QPCF.jpg"}, {"id": "4e51a4727d8bd425e4af1944", "createdAt": 1313973362, "height": 720, "visibility": "public", "source": {"url": "https://foursquare.com/download/#/android", "name": "Foursquare for Android"}, "prefix": "https://igx.4sqi.net/img/general/", "venue": {"id": "4bb6eb2ff562ef3b22e43097", "like": false, "stats": {"checkinsCount": 9995, "tipCount": 24, "usersCount": 6364}, "url": "http://www.mcdonalds.com.sg", "beenHere": {"lastCheckinExpiredAt": 0}, "categories": [{"id": "4bf58dd8d48988d16e941735", "primary": true, "icon": {"prefix": "https://ss3.4sqi.net/img/categories_v2/food/fastfood_", "suffix": ".png"}, "pluralName": "Fast Food Restaurants", "shortName": "Fast Food", "name": "Fast Food Restaurant"}], "verified": false, "allowMenuUrlEdit": true, "location": {"crossStreet": "60 Airport Blvd.", "labeledLatLngs": [{"lng": 103.98795026943037, "label": "display", "lat": 1.3544233836774358}], "lat": 1.3544233836774358, "postalCode": "819645", "city": "Singapore", "formattedAddress": ["#M016-017, Mezzanine Level, Arrival Meeting Hall South T2 (60 Airport Blvd.)", "819645", "Singapore"], "lng": 103.98795026943037, "address": "#M016-017, Mezzanine Level, Arrival Meeting Hall South T2", "country": "Singapore", "cc": "SG"}, "contact": {"formattedPhone": "+65 6542 7991", "phone": "+6565427991"}, "name": "McDonald's"}, "width": 406, "suffix": "/VW5AGYN2UDRAKVENJCAIXK2DPZMKHMDXCYRKH4MO45MWD44M.jpg"}], "count": 8}, "totalCount": 8}, "meta": {"code": 200, "requestId": "595a77966a60711438256bd3"}, "notifications": [{"item": {"unreadCount": 0}, "type": "notificationTray"}]}