{"meta": {"code": 200, "requestId": "595b05eedb04f562f0e40f6e"}, "notifications": [{"item": {"unreadCount": 0}, "type": "notificationTray"}], "response": {"photos": {"items": [{"height": 537, "source": {"url": "https://foursquare.com/download/#/iphone", "name": "Foursquare for iOS"}, "width": 720, "prefix": "https://igx.4sqi.net/img/general/", "createdAt": 1330578281, "id": "4f4f0369e4b09d63cbfd91e0", "venue": {"venueRatingBlacklisted": true, "like": false, "location": {"formattedAddress": ["2 Keppel Bay Vista", "098382", "Singapore"], "city": "Singapore", "lng": 103.8126460428632, "cc": "SG", "country": "Singapore", "lat": 1.2641563771551534, "address": "2 Keppel Bay Vista", "labeledLatLngs": [{"label": "display", "lat": 1.2641563771551534, "lng": 103.8126460428632}], "postalCode": "098382"}, "categories": [{"icon": {"prefix": "https://ss3.4sqi.net/img/categories_v2/parks_outdoors/harbor_", "suffix": ".png"}, "name": "Harbor / Marina", "id": "4bf58dd8d48988d1e0941735", "pluralName": "Harbors / Marinas", "primary": true, "shortName": "Harbor / Marina"}], "verified": false, "contact": {"formattedPhone": "+65 6303 8448", "phone": "+6563038448"}, "allowMenuUrlEdit": true, "stats": {"tipCount": 31, "usersCount": 4848, "checkinsCount": 8334}, "id": "4b37305df964a520de3f25e3", "name": "Marina at Keppel Bay", "beenHere": {"lastCheckinExpiredAt": 0}}, "suffix": "/wAf2wn7xNJ7JluS8460ktjGK2bLripWYsATHF1MeHqA.jpg", "visibility": "public"}], "count": 1}, "totalCount": 1}}