{"meta": {"code": 200, "requestId": "595b01b29fb6b77b77fdb27c"}, "notifications": [{"item": {"unreadCount": 0}, "type": "notificationTray"}], "response": {"photos": {"items": [{"height": 960, "source": {"url": "https://www.swarmapp.com", "name": "Swarm for Android"}, "width": 540, "prefix": "https://igx.4sqi.net/img/general/", "createdAt": 1441535326, "id": "55ec155e498ef7e0cc05fc45", "venue": {"like": false, "location": {"formattedAddress": ["2 Changi Village Rd", "500002", "Singapore"], "city": "Singapore", "lng": 103.98818263133168, "cc": "SG", "country": "Singapore", "lat": 1.3891531866538134, "address": "2 Changi Village Rd", "postalCode": "500002"}, "categories": [{"icon": {"prefix": "https://ss3.4sqi.net/img/categories_v2/shops/food_foodcourt_", "suffix": ".png"}, "name": "Food Court", "id": "4bf58dd8d48988d120951735", "pluralName": "Food Courts", "primary": true, "shortName": "Food Court"}], "verified": false, "contact": {}, "allowMenuUrlEdit": true, "stats": {"tipCount": 172, "usersCount": 14766, "checkinsCount": 29009}, "id": "4b5bd6bdf964a5201f1929e3", "name": "Changi Village Hawker Centre", "beenHere": {"lastCheckinExpiredAt": 0}}, "suffix": "/10545117_UVWDtlF8pTEpCQn5P50oA6KrbOp6WRYyIQMtAh4nKDw.jpg", "visibility": "public"}, {"height": 960, "source": {"url": "https://foursquare.com/download/#/android", "name": "Foursquare for Android"}, "width": 540, "prefix": "https://igx.4sqi.net/img/general/", "createdAt": 1399613760, "id": "536c6940498e3cff42a80010", "venue": {"like": false, "location": {"lng": 103.8836763043193, "cc": "SG", "country": "Singapore", "lat": 1.3391397694078269, "address": "151 upper paya lebar road", "labeledLatLngs": [{"label": "display", "lat": 1.3391397694078269, "lng": 103.8836763043193}], "formattedAddress": ["151 upper paya lebar road", "Singapore"]}, "categories": [{"icon": {"prefix": "https://ss3.4sqi.net/img/categories_v2/food/pizza_", "suffix": ".png"}, "name": "Pizza Place", "id": "4bf58dd8d48988d1ca941735", "pluralName": "Pizza Places", "primary": true, "shortName": "Pizza"}], "verified": false, "contact": {}, "allowMenuUrlEdit": true, "stats": {"tipCount": 0, "usersCount": 6, "checkinsCount": 19}, "id": "50caf1a5e4b029bc9963a978", "name": "sarpino's pizzeria", "beenHere": {"lastCheckinExpiredAt": 0}}, "suffix": "/10545117_DfX1uqIppVu7A_-J1344Rh7RR0VX9iIt9jneLnLiGVA.jpg", "visibility": "public"}, {"height": 960, "source": {"url": "https://foursquare.com/download/#/android", "name": "Foursquare for Android"}, "width": 540, "prefix": "https://igx.4sqi.net/img/general/", "createdAt": 1396416410, "id": "533b9f9a498ee7a6d56ccbb1", "venue": {"url": "http://www.smrt.com.sg", "like": false, "location": {"formattedAddress": ["11 Kim Chuan Rd", "537065", "Singapore"], "city": "Singapore", "lng": 103.886122769834, "cc": "SG", "country": "Singapore", "lat": 1.3402973940456557, "address": "11 Kim Chuan Rd", "labeledLatLngs": [{"label": "display", "lat": 1.3402973940456557, "lng": 103.886122769834}], "postalCode": "537065"}, "categories": [{"icon": {"prefix": "https://ss3.4sqi.net/img/categories_v2/building/default_", "suffix": ".png"}, "name": "Office", "id": "4bf58dd8d48988d124941735", "pluralName": "Offices", "primary": true, "shortName": "Office"}], "verified": false, "contact": {"formattedPhone": "+65 1800 336 8900", "twitter": "smrt_singapore", "phone": "+6518003368900"}, "beenHere": {"lastCheckinExpiredAt": 0}, "stats": {"tipCount": 4, "usersCount": 344, "checkinsCount": 2875}, "id": "4cb7b95243ec6dcb49d78f31", "name": "SMRT Trains: Kim Chuan Depot (KCD)", "venueRatingBlacklisted": true}, "suffix": "/10545117_lApKSN1eWZu5ptQE4XL24ogkCbLhRI3SetjMW3Lg0Cg.jpg", "visibility": "public"}, {"height": 540, "source": {"url": "https://foursquare.com/download/#/android", "name": "Foursquare for Android"}, "width": 960, "prefix": "https://igx.4sqi.net/img/general/", "createdAt": 1396087316, "id": "53369a1411d2867656e53c98", "venue": {"url": "http://www.jushinjung.com", "like": false, "location": {"formattedAddress": ["27 West Coast Highway, #01-18/19 Westway", "117867", "Singapore"], "city": "Singapore", "lng": 103.78089659080342, "cc": "SG", "country": "Singapore", "lat": 1.283352926432688, "address": "27 West Coast Highway, #01-18/19 Westway", "labeledLatLngs": [{"label": "display", "lat": 1.283352926432688, "lng": 103.78089659080342}], "postalCode": "117867"}, "categories": [{"icon": {"prefix": "https://ss3.4sqi.net/img/categories_v2/food/korean_", "suffix": ".png"}, "name": "Korean Restaurant", "id": "4bf58dd8d48988d113941735", "pluralName": "Korean Restaurants", "primary": true, "shortName": "Korean"}], "verified": false, "contact": {"formattedPhone": "+65 6464 0872", "phone": "+6564640872"}, "allowMenuUrlEdit": true, "stats": {"tipCount": 33, "usersCount": 1941, "checkinsCount": 2728}, "id": "4b51b013f964a520a05227e3", "name": "Ju Shin Jung Korean Charcoal BBQ", "beenHere": {"lastCheckinExpiredAt": 0}}, "suffix": "/10545117_P-7y5Sag1kwM4-34bKd9o8IGRWYVkR5_ns5TBR48alY.jpg", "visibility": "public"}, {"height": 540, "source": {"url": "https://foursquare.com/download/#/android", "name": "Foursquare for Android"}, "width": 960, "prefix": "https://igx.4sqi.net/img/general/", "createdAt": 1395655948, "id": "5330050c498eaffe9c079f00", "venue": {"like": false, "location": {"formattedAddress": ["209 Hougang St. 21", "530209", "Singapore"], "city": "Singapore", "lng": 103.88584527501436, "cc": "SG", "country": "Singapore", "lat": 1.3592382108116952, "address": "209 Hougang St. 21", "postalCode": "530209"}, "categories": [{"icon": {"prefix": "https://ss3.4sqi.net/img/categories_v2/shops/food_foodcourt_", "suffix": ".png"}, "name": "Food Court", "id": "4bf58dd8d48988d120951735", "pluralName": "Food Courts", "primary": true, "shortName": "Food Court"}], "verified": false, "contact": {}, "allowMenuUrlEdit": true, "stats": {"tipCount": 159, "usersCount": 6797, "checkinsCount": 20816}, "id": "4b4834b3f964a520154a26e3", "name": "Kovan Hougang Market & Food Centre", "beenHere": {"lastCheckinExpiredAt": 0}}, "suffix": "/10545117_fQWw63_TrZuOk3CoFw0vclxcknyldhMFyieaxpRAxr0.jpg", "visibility": "public"}, {"height": 960, "source": {"url": "https://foursquare.com/download/#/android", "name": "Foursquare for Android"}, "width": 540, "prefix": "https://igx.4sqi.net/img/general/", "createdAt": 1395385507, "id": "532be4a3498e61c31e5817e2", "venue": {"url": "http://www.smrt.com.sg", "like": false, "location": {"formattedAddress": ["11 Kim Chuan Rd", "537065", "Singapore"], "city": "Singapore", "lng": 103.886122769834, "cc": "SG", "country": "Singapore", "lat": 1.3402973940456557, "address": "11 Kim Chuan Rd", "labeledLatLngs": [{"label": "display", "lat": 1.3402973940456557, "lng": 103.886122769834}], "postalCode": "537065"}, "categories": [{"icon": {"prefix": "https://ss3.4sqi.net/img/categories_v2/building/default_", "suffix": ".png"}, "name": "Office", "id": "4bf58dd8d48988d124941735", "pluralName": "Offices", "primary": true, "shortName": "Office"}], "verified": false, "contact": {"formattedPhone": "+65 1800 336 8900", "twitter": "smrt_singapore", "phone": "+6518003368900"}, "beenHere": {"lastCheckinExpiredAt": 0}, "stats": {"tipCount": 4, "usersCount": 344, "checkinsCount": 2875}, "id": "4cb7b95243ec6dcb49d78f31", "name": "SMRT Trains: Kim Chuan Depot (KCD)", "venueRatingBlacklisted": true}, "suffix": "/10545117_oBtNO2MR4xpMVp7Rv3eg2ccFusoQaW7pzljaWZyK11Y.jpg", "visibility": "public"}, {"height": 719, "source": {"url": "https://foursquare.com/download/#/android", "name": "Foursquare for Android"}, "width": 960, "prefix": "https://igx.4sqi.net/img/general/", "createdAt": 1388312977, "id": "52bff991498e214c78076563", "venue": {"like": false, "location": {"formattedAddress": ["511 Bedok North St 3", "460511", "Singapore"], "city": "Singapore", "lng": 103.93031391863718, "cc": "SG", "country": "Singapore", "lat": 1.3329830694433764, "address": "511 Bedok North St 3", "labeledLatLngs": [{"label": "display", "lat": 1.3329830694433764, "lng": 103.93031391863718}], "postalCode": "460511"}, "categories": [{"icon": {"prefix": "https://ss3.4sqi.net/img/categories_v2/shops/food_foodcourt_", "suffix": ".png"}, "name": "Food Court", "id": "4bf58dd8d48988d120951735", "pluralName": "Food Courts", "primary": true, "shortName": "Food Court"}], "verified": false, "contact": {}, "allowMenuUrlEdit": true, "stats": {"tipCount": 105, "usersCount": 4527, "checkinsCount": 15005}, "id": "4b0d1923f964a520cf4323e3", "name": "Kaki Bukit 511 Market & Food Centre", "beenHere": {"lastCheckinExpiredAt": 0}}, "suffix": "/10545117_obyUh9PS1GoOxAYrpNVGH9GnsNKAPhUhdZk6d-djH8Q.jpg", "visibility": "public"}, {"height": 540, "source": {"url": "https://foursquare.com/download/#/android", "name": "Foursquare for Android"}, "width": 960, "prefix": "https://igx.4sqi.net/img/general/", "createdAt": 1387982011, "id": "52baecbb498e92f1d9fb5800", "venue": {"like": false, "location": {"city": "Singapore", "lng": 103.8550978155989, "cc": "SG", "country": "Singapore", "lat": 1.2888952713583763, "address": "Marina Bay", "labeledLatLngs": [{"label": "display", "lat": 1.2888952713583763, "lng": 103.8550978155989}], "formattedAddress": ["Marina Bay", "Singapore"]}, "categories": [{"icon": {"prefix": "https://ss3.4sqi.net/img/categories_v2/parks_outdoors/river_", "suffix": ".png"}, "name": "Waterfront", "id": "56aa371be4b08b9a8d5734c3", "pluralName": "Waterfronts", "primary": true, "shortName": "Waterfront"}], "verified": false, "contact": {}, "beenHere": {"lastCheckinExpiredAt": 0}, "stats": {"tipCount": 12, "usersCount": 3362, "checkinsCount": 4094}, "id": "4d9c4c9333caf04d2ef8d6c5", "name": "Esplanade Riverside"}, "suffix": "/10545117_QsSXlV7Ik8y6ikmNhf7I9pQoWeojPJtQLmxbIXMgEBo.jpg", "visibility": "public"}, {"height": 960, "source": {"url": "https://foursquare.com/download/#/android", "name": "Foursquare for Android"}, "width": 540, "prefix": "https://igx.4sqi.net/img/general/", "createdAt": 1369619584, "id": "51a2bc80498e034cdc0ea40e", "venue": {"url": "http://www.smrt.com.sg", "like": false, "location": {"formattedAddress": ["11 Kim Chuan Rd", "537065", "Singapore"], "city": "Singapore", "lng": 103.886122769834, "cc": "SG", "country": "Singapore", "lat": 1.3402973940456557, "address": "11 Kim Chuan Rd", "labeledLatLngs": [{"label": "display", "lat": 1.3402973940456557, "lng": 103.886122769834}], "postalCode": "537065"}, "categories": [{"icon": {"prefix": "https://ss3.4sqi.net/img/categories_v2/building/default_", "suffix": ".png"}, "name": "Office", "id": "4bf58dd8d48988d124941735", "pluralName": "Offices", "primary": true, "shortName": "Office"}], "verified": false, "contact": {"formattedPhone": "+65 1800 336 8900", "twitter": "smrt_singapore", "phone": "+6518003368900"}, "beenHere": {"lastCheckinExpiredAt": 0}, "stats": {"tipCount": 4, "usersCount": 344, "checkinsCount": 2875}, "id": "4cb7b95243ec6dcb49d78f31", "name": "SMRT Trains: Kim Chuan Depot (KCD)", "venueRatingBlacklisted": true}, "suffix": "/10545117_ocyudLgoLi-uqy1Sh63MPtF-QQIKeAJ_PxsuV_XdlTs.jpg", "visibility": "public"}, {"height": 960, "source": {"url": "https://foursquare.com/download/#/android", "name": "Foursquare for Android"}, "width": 540, "prefix": "https://igx.4sqi.net/img/general/", "createdAt": 1368264830, "id": "518e107e498eac2b60f0ed2d", "venue": {"like": false, "location": {"formattedAddress": ["2 Changi Village Rd", "500002", "Singapore"], "city": "Singapore", "lng": 103.98818263133168, "cc": "SG", "country": "Singapore", "lat": 1.3891531866538134, "address": "2 Changi Village Rd", "postalCode": "500002"}, "categories": [{"icon": {"prefix": "https://ss3.4sqi.net/img/categories_v2/shops/food_foodcourt_", "suffix": ".png"}, "name": "Food Court", "id": "4bf58dd8d48988d120951735", "pluralName": "Food Courts", "primary": true, "shortName": "Food Court"}], "verified": false, "contact": {}, "allowMenuUrlEdit": true, "stats": {"tipCount": 172, "usersCount": 14766, "checkinsCount": 29009}, "id": "4b5bd6bdf964a5201f1929e3", "name": "Changi Village Hawker Centre", "beenHere": {"lastCheckinExpiredAt": 0}}, "suffix": "/10545117_OtUEnAc7-jzmVkxA5c7hHrAhkj7PGEl3GCbfnMGoPIg.jpg", "visibility": "public"}, {"height": 540, "source": {"url": "https://foursquare.com/download/#/android", "name": "Foursquare for Android"}, "width": 960, "prefix": "https://igx.4sqi.net/img/general/", "createdAt": 1367538001, "id": "5182f951498e46c7f4b3a20f", "venue": {"url": "http://www.smrt.com.sg", "like": false, "location": {"formattedAddress": ["11 Kim Chuan Rd", "537065", "Singapore"], "city": "Singapore", "lng": 103.886122769834, "cc": "SG", "country": "Singapore", "lat": 1.3402973940456557, "address": "11 Kim Chuan Rd", "labeledLatLngs": [{"label": "display", "lat": 1.3402973940456557, "lng": 103.886122769834}], "postalCode": "537065"}, "categories": [{"icon": {"prefix": "https://ss3.4sqi.net/img/categories_v2/building/default_", "suffix": ".png"}, "name": "Office", "id": "4bf58dd8d48988d124941735", "pluralName": "Offices", "primary": true, "shortName": "Office"}], "verified": false, "contact": {"formattedPhone": "+65 1800 336 8900", "twitter": "smrt_singapore", "phone": "+6518003368900"}, "beenHere": {"lastCheckinExpiredAt": 0}, "stats": {"tipCount": 4, "usersCount": 344, "checkinsCount": 2875}, "id": "4cb7b95243ec6dcb49d78f31", "name": "SMRT Trains: Kim Chuan Depot (KCD)", "venueRatingBlacklisted": true}, "suffix": "/10545117_6GSRaM1S7p28rTDTLjspylWn1BOlEIo8_cu8lOJNRP0.jpg", "visibility": "public"}, {"height": 720, "source": {"url": "https://foursquare.com/download/#/android", "name": "Foursquare for Android"}, "width": 405, "prefix": "https://igx.4sqi.net/img/general/", "createdAt": 1366261303, "id": "516f7e37498e3727c9ed63f1", "venue": {"closed": true, "like": false, "location": {"formattedAddress": ["#B1-03, Singapore Post Centre (10 Jalan Eunos Rd. 8)", "408600", "Singapore"], "city": "Singapore", "lng": 103.893795, "cc": "SG", "country": "Singapore", "lat": 1.318699, "address": "#B1-03, Singapore Post Centre", "crossStreet": "10 Jalan Eunos Rd. 8", "postalCode": "408600"}, "categories": [{"icon": {"prefix": "https://ss3.4sqi.net/img/categories_v2/food/default_", "suffix": ".png"}, "name": "American Restaurant", "id": "4bf58dd8d48988d14e941735", "pluralName": "American Restaurants", "primary": true, "shortName": "American"}], "verified": false, "contact": {"formattedPhone": "+65 6747 2806", "phone": "+6567472806"}, "allowMenuUrlEdit": true, "stats": {"tipCount": 15, "usersCount": 427, "checkinsCount": 596}, "id": "4b87a16af964a52004c531e3", "name": "The Waffle Factory", "beenHere": {"lastCheckinExpiredAt": 0}}, "suffix": "/10545117_cHcXbhRwQ-ajd8DTmDOIdtNbb06mEmC0uP8YOS8Sl4E.jpg", "visibility": "public"}, {"height": 405, "source": {"url": "https://foursquare.com/download/#/android", "name": "Foursquare for Android"}, "width": 720, "prefix": "https://igx.4sqi.net/img/general/", "createdAt": 1366261282, "id": "516f7e22498e8173d4d5b626", "venue": {"closed": true, "like": false, "location": {"formattedAddress": ["#B1-03, Singapore Post Centre (10 Jalan Eunos Rd. 8)", "408600", "Singapore"], "city": "Singapore", "lng": 103.893795, "cc": "SG", "country": "Singapore", "lat": 1.318699, "address": "#B1-03, Singapore Post Centre", "crossStreet": "10 Jalan Eunos Rd. 8", "postalCode": "408600"}, "categories": [{"icon": {"prefix": "https://ss3.4sqi.net/img/categories_v2/food/default_", "suffix": ".png"}, "name": "American Restaurant", "id": "4bf58dd8d48988d14e941735", "pluralName": "American Restaurants", "primary": true, "shortName": "American"}], "verified": false, "contact": {"formattedPhone": "+65 6747 2806", "phone": "+6567472806"}, "allowMenuUrlEdit": true, "stats": {"tipCount": 15, "usersCount": 427, "checkinsCount": 596}, "id": "4b87a16af964a52004c531e3", "name": "The Waffle Factory", "beenHere": {"lastCheckinExpiredAt": 0}}, "suffix": "/10545117_KnNyU_RT7gvu7Npzf7ojOA002qfSPLUC8jgfvdgyVpg.jpg", "visibility": "public"}, {"height": 405, "source": {"url": "https://foursquare.com/download/#/android", "name": "Foursquare for Android"}, "width": 720, "prefix": "https://igx.4sqi.net/img/general/", "createdAt": 1366155768, "id": "516de1f8498e504a855d07b8", "venue": {"url": "http://www.smrt.com.sg", "like": false, "location": {"formattedAddress": ["11 Kim Chuan Rd", "537065", "Singapore"], "city": "Singapore", "lng": 103.886122769834, "cc": "SG", "country": "Singapore", "lat": 1.3402973940456557, "address": "11 Kim Chuan Rd", "labeledLatLngs": [{"label": "display", "lat": 1.3402973940456557, "lng": 103.886122769834}], "postalCode": "537065"}, "categories": [{"icon": {"prefix": "https://ss3.4sqi.net/img/categories_v2/building/default_", "suffix": ".png"}, "name": "Office", "id": "4bf58dd8d48988d124941735", "pluralName": "Offices", "primary": true, "shortName": "Office"}], "verified": false, "contact": {"formattedPhone": "+65 1800 336 8900", "twitter": "smrt_singapore", "phone": "+6518003368900"}, "beenHere": {"lastCheckinExpiredAt": 0}, "stats": {"tipCount": 4, "usersCount": 344, "checkinsCount": 2875}, "id": "4cb7b95243ec6dcb49d78f31", "name": "SMRT Trains: Kim Chuan Depot (KCD)", "venueRatingBlacklisted": true}, "suffix": "/10545117_ljYzyDweoRIWKvcWygvpMfDOjmTvMXXByXksylqZWAU.jpg", "visibility": "public"}, {"height": 405, "source": {"url": "https://foursquare.com/download/#/android", "name": "Foursquare for Android"}, "width": 720, "prefix": "https://igx.4sqi.net/img/general/", "createdAt": 1360317176, "id": "5114caf8e4b00c1657a515dc", "venue": {"location": {"formattedAddress": ["#01-28 Changi City Point (5 Changi Business Park Central 1)", "486038", "Singapore"], "city": "Singapore", "lng": 103.96250050175952, "cc": "SG", "country": "Singapore", "lat": 1.3343476898797597, "address": "#01-28 Changi City Point", "crossStreet": "5 Changi Business Park Central 1", "postalCode": "486038"}, "contact": {}, "verified": false, "allowMenuUrlEdit": true, "stats": {"tipCount": 20, "usersCount": 755, "checkinsCount": 1083}, "id": "4efaa990c512f2277b72f006", "url": "http://www.n-rs.com.sg", "closed": true, "like": false, "categories": [{"icon": {"prefix": "https://ss3.4sqi.net/img/categories_v2/food/japanese_", "suffix": ".png"}, "name": "Japanese Restaurant", "id": "4bf58dd8d48988d111941735", "pluralName": "Japanese Restaurants", "primary": true, "shortName": "Japanese"}], "beenHere": {"lastCheckinExpiredAt": 0}, "name": "Yomenya Goemon Japanese Spaghetti House"}, "suffix": "/10545117_XEZnPrXtGiNoX2xLdgsknLH4VGhduMMXAGAdRmcSJXc.jpg", "visibility": "public"}, {"height": 405, "source": {"url": "https://foursquare.com/download/#/android", "name": "Foursquare for Android"}, "width": 720, "prefix": "https://igx.4sqi.net/img/general/", "createdAt": 1357553654, "id": "50ea9ff6e4b0b57b9fb28c7d", "venue": {"like": false, "location": {"formattedAddress": ["#05-11/19, Plaza Singapura (68 Orchard Rd.)", "238839", "Singapore"], "city": "Singapore", "lng": 103.84505867958069, "cc": "SG", "country": "Singapore", "crossStreet": "68 Orchard Rd.", "lat": 1.3002447699597008, "address": "#05-11/19, Plaza Singapura", "labeledLatLngs": [{"label": "display", "lat": 1.3002447699597008, "lng": 103.84505867958069}], "postalCode": "238839"}, "categories": [{"icon": {"prefix": "https://ss3.4sqi.net/img/categories_v2/shops/artstore_", "suffix": ".png"}, "name": "Arts & Crafts Store", "id": "4bf58dd8d48988d127951735", "pluralName": "Arts & Crafts Stores", "primary": true, "shortName": "Arts & Crafts"}], "verified": false, "contact": {"formattedPhone": "+65 6733 9808", "phone": "+6567339808"}, "allowMenuUrlEdit": true, "stats": {"tipCount": 13, "usersCount": 2837, "checkinsCount": 4687}, "id": "4b7e7cd5f964a5202bef2fe3", "name": "Spotlight", "beenHere": {"lastCheckinExpiredAt": 0}}, "suffix": "/10545117_1u-MVDw34TjmeZWiOdd7XRnjzpdri5ZwoJ_qmHAxoMA.jpg", "visibility": "public"}, {"height": 405, "source": {"url": "https://foursquare.com/download/#/android", "name": "Foursquare for Android"}, "width": 720, "prefix": "https://igx.4sqi.net/img/general/", "createdAt": 1355459579, "id": "50caabfbe4b00957bc41f40f", "venue": {"like": false, "location": {"city": "Singapore", "lng": 103.89133864466652, "cc": "SG", "country": "Singapore", "lat": 1.3382767172305206, "address": "1010 Tai Seng Drive", "labeledLatLngs": [{"label": "display", "lat": 1.3382767172305206, "lng": 103.89133864466652}], "formattedAddress": ["1010 Tai Seng Drive", "Singapore"]}, "categories": [{"icon": {"prefix": "https://ss3.4sqi.net/img/categories_v2/shops/food_foodcourt_", "suffix": ".png"}, "name": "Food Court", "id": "4bf58dd8d48988d120951735", "pluralName": "Food Courts", "primary": true, "shortName": "Food Court"}], "verified": false, "contact": {}, "allowMenuUrlEdit": true, "stats": {"tipCount": 8, "usersCount": 291, "checkinsCount": 1562}, "id": "4be7a4c49a54a593e61c0911", "name": "1010 Tai Seng Ave", "beenHere": {"lastCheckinExpiredAt": 0}}, "suffix": "/10545117_RE5DU_lCjKNN8BAbuHR_UK8Q7M9iYSJV8ATETGbjQPA.jpg", "visibility": "public"}, {"height": 720, "source": {"url": "https://foursquare.com/download/#/android", "name": "Foursquare for Android"}, "width": 405, "prefix": "https://igx.4sqi.net/img/general/", "createdAt": 1355007236, "id": "50c3c504e4b087eb7de65012", "venue": {"like": false, "location": {"formattedAddress": ["630 Bedok Reservoir Road", "470630", "Singapore"], "city": "Singapore", "lng": 103.91419229732155, "cc": "SG", "country": "Singapore", "lat": 1.333112309519438, "address": "630 Bedok Reservoir Road", "labeledLatLngs": [{"label": "display", "lat": 1.333112309519438, "lng": 103.91419229732155}], "postalCode": "470630"}, "categories": [{"icon": {"prefix": "https://ss3.4sqi.net/img/categories_v2/shops/food_foodcourt_", "suffix": ".png"}, "name": "Food Court", "id": "4bf58dd8d48988d120951735", "pluralName": "Food Courts", "primary": true, "shortName": "Food Court"}], "verified": false, "contact": {}, "allowMenuUrlEdit": true, "stats": {"tipCount": 43, "usersCount": 1172, "checkinsCount": 4817}, "id": "4b57bd1df964a520b93e28e3", "name": "Bedok Reservoir Road Market & Food Centre", "beenHere": {"lastCheckinExpiredAt": 0}}, "suffix": "/10545117_jrbXHEMmetidOmcFhC9vtDz8vE7M_WR3nj6UyVkfUU4.jpg", "visibility": "public"}, {"height": 720, "source": {"url": "https://foursquare.com/download/#/android", "name": "Foursquare for Android"}, "width": 405, "prefix": "https://igx.4sqi.net/img/general/", "createdAt": 1354898011, "id": "50c21a5be4b0de95d29a1e37", "venue": {"like": false, "location": {"formattedAddress": ["Rooftop@#07-00, 171 Syed Alwi Rd (Mustafa Centre (New Extension))", "207704", "Singapore"], "city": "Singapore", "lng": 103.85654726369232, "cc": "SG", "country": "Singapore", "crossStreet": "Mustafa Centre (New Extension)", "lat": 1.3091197228129063, "address": "Rooftop@#07-00, 171 Syed Alwi Rd", "labeledLatLngs": [{"label": "display", "lat": 1.3091197228129063, "lng": 103.85654726369232}], "postalCode": "207704"}, "categories": [{"icon": {"prefix": "https://ss3.4sqi.net/img/categories_v2/food/indian_", "suffix": ".png"}, "name": "Indian Restaurant", "id": "4bf58dd8d48988d10f941735", "pluralName": "Indian Restaurants", "primary": true, "shortName": "Indian"}], "verified": false, "contact": {}, "allowMenuUrlEdit": true, "stats": {"tipCount": 44, "usersCount": 1427, "checkinsCount": 1940}, "id": "4d8d69312d86d7ce3e1176cb", "name": "Kebabs 'n Curries", "beenHere": {"lastCheckinExpiredAt": 0}}, "suffix": "/10545117_SYefPXTY991j5-1gCu8ztH4YxweZSJQQ_seImiT1PIQ.jpg", "visibility": "public"}, {"height": 405, "source": {"url": "https://foursquare.com/download/#/android", "name": "Foursquare for Android"}, "width": 720, "prefix": "https://igx.4sqi.net/img/general/", "createdAt": 1353067982, "id": "50a62dcee4b010802bca9fba", "venue": {"like": false, "location": {"formattedAddress": ["#02-03 Visitor Centre. Gardens By The Bay. (18 Marina Gardens Dr.)", "018953", "Singapore"], "city": "Singapore", "lng": 103.86561798869033, "cc": "SG", "country": "Singapore", "crossStreet": "18 Marina Gardens Dr.", "lat": 1.282674896907933, "address": "#02-03 Visitor Centre. Gardens By The Bay.", "labeledLatLngs": [{"label": "display", "lat": 1.282674896907933, "lng": 103.86561798869033}], "postalCode": "018953"}, "categories": [{"icon": {"prefix": "https://ss3.4sqi.net/img/categories_v2/food/cafe_", "suffix": ".png"}, "name": "Caf\u00e9", "id": "4bf58dd8d48988d16d941735", "pluralName": "Caf\u00e9s", "primary": true, "shortName": "Caf\u00e9"}], "verified": false, "contact": {"formattedPhone": "+65 6604 8826", "phone": "+6566048826"}, "allowMenuUrlEdit": true, "stats": {"tipCount": 18, "usersCount": 500, "checkinsCount": 617}, "id": "4fed8418e4b0d966193bccda", "name": "Cafe Crema", "beenHere": {"lastCheckinExpiredAt": 0}}, "suffix": "/10545117_Bwq1R8KkYBWbVzDJAd0NBz0YbFgmoGCiS7eFovlAJM4.jpg", "visibility": "public"}, {"height": 720, "source": {"url": "https://foursquare.com/download/#/android", "name": "Foursquare for Android"}, "width": 405, "prefix": "https://igx.4sqi.net/img/general/", "createdAt": 1353063279, "id": "50a61b6fe4b0cbed9e9fa7c9", "venue": {"url": "http://www.gardensbythebay.com.sg/en/the-gardens/attractions/flower-dome.html", "like": false, "location": {"formattedAddress": ["Gardens by the Bay (18 Marina Gardens Dr)", "018953", "Singapore"], "city": "Singapore", "lng": 103.86472463607788, "cc": "SG", "country": "Singapore", "crossStreet": "18 Marina Gardens Dr", "lat": 1.2845095712658272, "address": "Gardens by the Bay", "labeledLatLngs": [{"label": "display", "lat": 1.2845095712658272, "lng": 103.86472463607788}], "postalCode": "018953"}, "categories": [{"icon": {"prefix": "https://ss3.4sqi.net/img/categories_v2/parks_outdoors/botanicalgarden_", "suffix": ".png"}, "name": "Botanical Garden", "id": "52e81612bcbc57f1066b7a22", "pluralName": "Botanical Gardens", "primary": true, "shortName": "Botanical Garden"}], "verified": false, "contact": {"formattedPhone": "+65 6420 6848", "phone": "+6564206848"}, "beenHere": {"lastCheckinExpiredAt": 0}, "stats": {"tipCount": 99, "usersCount": 11394, "checkinsCount": 15052}, "id": "4ec776940e6158bafe84d124", "name": "Flower Dome"}, "suffix": "/10545117_csNZQtPiAUDojpNBcW4RX942_D0xJOQ8-we506fzTX8.jpg", "visibility": "public"}, {"height": 405, "source": {"url": "https://foursquare.com/download/#/android", "name": "Foursquare for Android"}, "width": 720, "prefix": "https://igx.4sqi.net/img/general/", "createdAt": 1353058183, "id": "50a60787e4b05b355c6c8fdf", "venue": {"like": false, "location": {"formattedAddress": ["510 MacPherson Rd", "368208", "Singapore"], "city": "Singapore", "lng": 103.88390849013629, "cc": "SG", "country": "Singapore", "lat": 1.3323898719368632, "address": "510 MacPherson Rd", "labeledLatLngs": [{"label": "display", "lat": 1.3323898719368632, "lng": 103.88390849013629}], "postalCode": "368208"}, "categories": [{"icon": {"prefix": "https://ss3.4sqi.net/img/categories_v2/food/asian_", "suffix": ".png"}, "name": "Asian Restaurant", "id": "4bf58dd8d48988d142941735", "pluralName": "Asian Restaurants", "primary": true, "shortName": "Asian"}], "verified": false, "contact": {}, "allowMenuUrlEdit": true, "stats": {"tipCount": 1, "usersCount": 22, "checkinsCount": 24}, "id": "4f6442a7e4b0ce431cf228c2", "name": "Hock Lam Beef", "beenHere": {"lastCheckinExpiredAt": 0}}, "suffix": "/10545117_RhrnUWSRfT8l5h5rz9KG9HR0kJUqYAn5NVXFnPe78y0.jpg", "visibility": "public"}, {"height": 720, "source": {"url": "https://foursquare.com/download/#/android", "name": "Foursquare for Android"}, "width": 405, "prefix": "https://igx.4sqi.net/img/general/", "createdAt": 1349510477, "id": "506fe54de4b055cee0a958f6", "venue": {"like": false, "location": {"formattedAddress": ["#04-13, Century Square (2 Tampines Central 5)", "529509", "Singapore"], "city": "Singapore", "lng": 103.94380859192788, "cc": "SG", "country": "Singapore", "crossStreet": "2 Tampines Central 5", "lat": 1.3528175649922694, "address": "#04-13, Century Square", "labeledLatLngs": [{"label": "display", "lat": 1.3528175649922694, "lng": 103.94380859192788}], "postalCode": "529509"}, "categories": [{"icon": {"prefix": "https://ss3.4sqi.net/img/categories_v2/food/default_", "suffix": ".png"}, "name": "American Restaurant", "id": "4bf58dd8d48988d14e941735", "pluralName": "American Restaurants", "primary": true, "shortName": "American"}], "verified": false, "contact": {}, "allowMenuUrlEdit": true, "stats": {"tipCount": 11, "usersCount": 603, "checkinsCount": 792}, "id": "4fcf3efce4b0bffbed13f5c4", "name": "Kenny Rogers Roasters", "beenHere": {"lastCheckinExpiredAt": 0}}, "suffix": "/10545117_MEylPzsPycC4clytYido32xSqgLaudV-JTYiPRxJazg.jpg", "visibility": "public"}, {"height": 720, "source": {"url": "https://foursquare.com/download/#/android", "name": "Foursquare for Android"}, "width": 405, "prefix": "https://igx.4sqi.net/img/general/", "createdAt": 1348568988, "id": "5061879ce4b0605785893018", "venue": {"like": false, "location": {"city": "Singapore", "lng": 103.88453142964453, "cc": "SG", "country": "Singapore", "lat": 1.3325115165407218, "address": "538 Macpherson Road", "labeledLatLngs": [{"label": "display", "lat": 1.3325115165407218, "lng": 103.88453142964453}], "formattedAddress": ["538 Macpherson Road", "Singapore"]}, "categories": [{"icon": {"prefix": "https://ss3.4sqi.net/img/categories_v2/food/indian_", "suffix": ".png"}, "name": "Indian Restaurant", "id": "4bf58dd8d48988d10f941735", "pluralName": "Indian Restaurants", "primary": true, "shortName": "Indian"}], "verified": false, "contact": {}, "allowMenuUrlEdit": true, "stats": {"tipCount": 42, "usersCount": 1101, "checkinsCount": 3138}, "id": "4bd91dd8e914a59316c255fa", "name": "Julaiha Muslim Restaurant", "beenHere": {"lastCheckinExpiredAt": 0}}, "suffix": "/10545117_FcqYFze-yP5BQU7V1haWLymQcJW9rED6tDAq6OOHSkc.jpg", "visibility": "public"}, {"height": 720, "source": {"url": "https://foursquare.com/download/#/android", "name": "Foursquare for Android"}, "width": 405, "prefix": "https://igx.4sqi.net/img/general/", "createdAt": 1346155839, "id": "503cb53fe4b0258ed781305a", "venue": {"url": "http://www.smrt.com.sg", "like": false, "location": {"formattedAddress": ["11 Kim Chuan Rd", "537065", "Singapore"], "city": "Singapore", "lng": 103.886122769834, "cc": "SG", "country": "Singapore", "lat": 1.3402973940456557, "address": "11 Kim Chuan Rd", "labeledLatLngs": [{"label": "display", "lat": 1.3402973940456557, "lng": 103.886122769834}], "postalCode": "537065"}, "categories": [{"icon": {"prefix": "https://ss3.4sqi.net/img/categories_v2/building/default_", "suffix": ".png"}, "name": "Office", "id": "4bf58dd8d48988d124941735", "pluralName": "Offices", "primary": true, "shortName": "Office"}], "verified": false, "contact": {"formattedPhone": "+65 1800 336 8900", "twitter": "smrt_singapore", "phone": "+6518003368900"}, "beenHere": {"lastCheckinExpiredAt": 0}, "stats": {"tipCount": 4, "usersCount": 344, "checkinsCount": 2875}, "id": "4cb7b95243ec6dcb49d78f31", "name": "SMRT Trains: Kim Chuan Depot (KCD)", "venueRatingBlacklisted": true}, "suffix": "/-JGYDs2xvmE9ZZippR4kMu96zklUGYcc8w_tFwBimZ4.jpg", "visibility": "public"}, {"height": 405, "source": {"url": "https://foursquare.com/download/#/android", "name": "Foursquare for Android"}, "width": 720, "prefix": "https://igx.4sqi.net/img/general/", "createdAt": 1339407301, "id": "4fd5bbc5e4b008dc36dd3dff", "venue": {"like": false, "location": {"formattedAddress": ["Blk 631 Bedok Reservoir Road. #01-982.", "470631", "Singapore"], "city": "Singapore", "lng": 103.91518355811483, "cc": "SG", "country": "Singapore", "lat": 1.3336852834884072, "address": "Blk 631 Bedok Reservoir Road. #01-982.", "labeledLatLngs": [{"label": "display", "lat": 1.3336852834884072, "lng": 103.91518355811483}], "postalCode": "470631"}, "categories": [{"icon": {"prefix": "https://ss3.4sqi.net/img/categories_v2/shops/food_foodcourt_", "suffix": ".png"}, "name": "Food Court", "id": "4bf58dd8d48988d120951735", "pluralName": "Food Courts", "primary": true, "shortName": "Food Court"}], "verified": false, "contact": {}, "allowMenuUrlEdit": true, "stats": {"tipCount": 18, "usersCount": 588, "checkinsCount": 1783}, "id": "4c024bfa3f0a9c74b974a0ec", "name": "Fu Chan Coffee Shop", "beenHere": {"lastCheckinExpiredAt": 0}}, "suffix": "/VWbKeUlm3TqzCh3q1vnKgo--dDdexbu8ZbYcUtrCBSg.jpg", "visibility": "public"}, {"height": 405, "source": {"url": "https://foursquare.com/download/#/android", "name": "Foursquare for Android"}, "width": 720, "prefix": "https://igx.4sqi.net/img/general/", "createdAt": 1339239004, "id": "4fd32a5ce4b0296d1e4eab26", "venue": {"like": false, "location": {"formattedAddress": ["510 MacPherson Rd", "368208", "Singapore"], "city": "Singapore", "lng": 103.88390849013629, "cc": "SG", "country": "Singapore", "lat": 1.3323898719368632, "address": "510 MacPherson Rd", "labeledLatLngs": [{"label": "display", "lat": 1.3323898719368632, "lng": 103.88390849013629}], "postalCode": "368208"}, "categories": [{"icon": {"prefix": "https://ss3.4sqi.net/img/categories_v2/food/asian_", "suffix": ".png"}, "name": "Asian Restaurant", "id": "4bf58dd8d48988d142941735", "pluralName": "Asian Restaurants", "primary": true, "shortName": "Asian"}], "verified": false, "contact": {}, "allowMenuUrlEdit": true, "stats": {"tipCount": 1, "usersCount": 22, "checkinsCount": 24}, "id": "4f6442a7e4b0ce431cf228c2", "name": "Hock Lam Beef", "beenHere": {"lastCheckinExpiredAt": 0}}, "suffix": "/bZlCLdBqpz6uCciFyuDz1wkotFo-PE45YSG4DX4w-No.jpg", "visibility": "public"}, {"height": 405, "source": {"url": "https://foursquare.com/download/#/android", "name": "Foursquare for Android"}, "width": 720, "prefix": "https://igx.4sqi.net/img/general/", "createdAt": 1338456723, "id": "4fc73a93e4b0da556a77a14d", "venue": {"venueRatingBlacklisted": true, "like": false, "location": {"city": "Singapore", "lng": 104.00104815405442, "cc": "SG", "country": "Singapore", "crossStreet": "Changi Coast Rd.", "lat": 1.3844202371356886, "address": "Changi Beach Park", "labeledLatLngs": [{"label": "display", "lat": 1.3844202371356886, "lng": 104.00104815405442}], "formattedAddress": ["Changi Beach Park (Changi Coast Rd.)", "Singapore"]}, "categories": [{"icon": {"prefix": "https://ss3.4sqi.net/img/categories_v2/building/parking_", "suffix": ".png"}, "name": "Parking", "id": "4c38df4de52ce0d596b336e1", "pluralName": "Parking", "primary": true, "shortName": "Parking"}], "verified": false, "contact": {}, "beenHere": {"lastCheckinExpiredAt": 0}, "stats": {"tipCount": 5, "usersCount": 257, "checkinsCount": 340}, "id": "4d69c1581a88b1f741b52f5d", "name": "Changi Beach Car Park 6"}, "suffix": "/osEsEJegHiFvVhJtgG7JeL88thehPd9Gj_teOVVAFgQ.jpg", "visibility": "public"}, {"height": 720, "source": {"url": "https://foursquare.com/download/#/android", "name": "Foursquare for Android"}, "width": 405, "prefix": "https://igx.4sqi.net/img/general/", "createdAt": 1337857963, "id": "4fbe17abe4b01e2931c5b670", "venue": {"like": false, "location": {"formattedAddress": ["Blk 631 Bedok Reservoir Road. #01-982.", "470631", "Singapore"], "city": "Singapore", "lng": 103.91518355811483, "cc": "SG", "country": "Singapore", "lat": 1.3336852834884072, "address": "Blk 631 Bedok Reservoir Road. #01-982.", "labeledLatLngs": [{"label": "display", "lat": 1.3336852834884072, "lng": 103.91518355811483}], "postalCode": "470631"}, "categories": [{"icon": {"prefix": "https://ss3.4sqi.net/img/categories_v2/shops/food_foodcourt_", "suffix": ".png"}, "name": "Food Court", "id": "4bf58dd8d48988d120951735", "pluralName": "Food Courts", "primary": true, "shortName": "Food Court"}], "verified": false, "contact": {}, "allowMenuUrlEdit": true, "stats": {"tipCount": 18, "usersCount": 588, "checkinsCount": 1783}, "id": "4c024bfa3f0a9c74b974a0ec", "name": "Fu Chan Coffee Shop", "beenHere": {"lastCheckinExpiredAt": 0}}, "suffix": "/SdZ3sIpvYD9IOuRNQqp7xjo5HI3LF-JKAImvdmV4Tmg.jpg", "visibility": "public"}, {"height": 405, "source": {"url": "https://foursquare.com/download/#/android", "name": "Foursquare for Android"}, "width": 720, "prefix": "https://igx.4sqi.net/img/general/", "createdAt": 1336824256, "id": "4fae51c0e4b0f4503a31fce1", "venue": {"url": "http://www.gardensbythebay.com.sg", "like": false, "location": {"formattedAddress": ["18 Marina Gardens Dr", "018953", "Singapore"], "city": "Singapore", "lng": 103.86407784796779, "cc": "SG", "country": "Singapore", "lat": 1.2823953218031166, "address": "18 Marina Gardens Dr", "postalCode": "018953"}, "categories": [{"icon": {"prefix": "https://ss3.4sqi.net/img/categories_v2/parks_outdoors/garden_", "suffix": ".png"}, "name": "Garden", "id": "4bf58dd8d48988d15a941735", "pluralName": "Gardens", "primary": true, "shortName": "Garden"}], "verified": true, "contact": {"twitter": "gardensbythebay", "facebookName": "Gardens by the Bay", "formattedPhone": "+65 6420 6848", "phone": "+6564206848", "facebookUsername": "gardensbythebay", "facebook": "361992263834380"}, "beenHere": {"lastCheckinExpiredAt": 0}, "stats": {"tipCount": 434, "usersCount": 47777, "checkinsCount": 71436}, "id": "4b949b12f964a5208e7e34e3", "name": "Gardens by the Bay", "venuePage": {"id": "130967055"}}, "suffix": "/A2Oa9VFIfA3qu4v6bvBg0ZtSZnSVx55n5WPU9yI249Q.jpg", "visibility": "public"}, {"height": 720, "source": {"url": "https://foursquare.com/download/#/android", "name": "Foursquare for Android"}, "width": 405, "prefix": "https://igx.4sqi.net/img/general/", "createdAt": 1334834272, "id": "4f8ff460e4b067570159551f", "venue": {"venueRatingBlacklisted": true, "like": false, "location": {"cc": "SG", "country": "Singapore", "lat": 1.333911, "lng": 103.914549, "labeledLatLngs": [{"label": "display", "lat": 1.333911, "lng": 103.914549}], "formattedAddress": ["Singapore"]}, "categories": [{"icon": {"prefix": "https://ss3.4sqi.net/img/categories_v2/building/parking_", "suffix": ".png"}, "name": "Parking", "id": "4c38df4de52ce0d596b336e1", "pluralName": "Parking", "primary": true, "shortName": "Parking"}], "verified": false, "contact": {}, "beenHere": {"lastCheckinExpiredAt": 0}, "stats": {"tipCount": 0, "usersCount": 17, "checkinsCount": 51}, "id": "4cbf12e519ceb1f7044521cd", "name": "631 Bedok Reservior Carpark"}, "suffix": "/dFCg38dWLzBC1gfw7XLwIFhW9DFljA36qCZ_ZKa2sEg.jpg", "visibility": "public"}, {"height": 720, "source": {"url": "https://foursquare.com/download/#/android", "name": "Foursquare for Android"}, "width": 540, "prefix": "https://igx.4sqi.net/img/general/", "createdAt": 1333021364, "id": "4f744ab4e4b0c1f44654d326", "venue": {"url": "http://www.smrt.com.sg", "like": false, "location": {"formattedAddress": ["11 Kim Chuan Rd", "537065", "Singapore"], "city": "Singapore", "lng": 103.886122769834, "cc": "SG", "country": "Singapore", "lat": 1.3402973940456557, "address": "11 Kim Chuan Rd", "labeledLatLngs": [{"label": "display", "lat": 1.3402973940456557, "lng": 103.886122769834}], "postalCode": "537065"}, "categories": [{"icon": {"prefix": "https://ss3.4sqi.net/img/categories_v2/building/default_", "suffix": ".png"}, "name": "Office", "id": "4bf58dd8d48988d124941735", "pluralName": "Offices", "primary": true, "shortName": "Office"}], "verified": false, "contact": {"formattedPhone": "+65 1800 336 8900", "twitter": "smrt_singapore", "phone": "+6518003368900"}, "beenHere": {"lastCheckinExpiredAt": 0}, "stats": {"tipCount": 4, "usersCount": 344, "checkinsCount": 2875}, "id": "4cb7b95243ec6dcb49d78f31", "name": "SMRT Trains: Kim Chuan Depot (KCD)", "venueRatingBlacklisted": true}, "suffix": "/YS7hHDGLp5-JgTjZx7bMLJNC3ZYfxXsztreKZiDBuXQ.jpg", "visibility": "public"}, {"height": 540, "source": {"url": "https://foursquare.com/download/#/android", "name": "Foursquare for Android"}, "width": 720, "prefix": "https://igx.4sqi.net/img/general/", "createdAt": 1331828856, "id": "4f621878e4b0f9d4771586f1", "venue": {"like": false, "location": {"formattedAddress": ["511 Bedok North St 3", "460511", "Singapore"], "city": "Singapore", "lng": 103.93031391863718, "cc": "SG", "country": "Singapore", "lat": 1.3329830694433764, "address": "511 Bedok North St 3", "labeledLatLngs": [{"label": "display", "lat": 1.3329830694433764, "lng": 103.93031391863718}], "postalCode": "460511"}, "categories": [{"icon": {"prefix": "https://ss3.4sqi.net/img/categories_v2/shops/food_foodcourt_", "suffix": ".png"}, "name": "Food Court", "id": "4bf58dd8d48988d120951735", "pluralName": "Food Courts", "primary": true, "shortName": "Food Court"}], "verified": false, "contact": {}, "allowMenuUrlEdit": true, "stats": {"tipCount": 105, "usersCount": 4527, "checkinsCount": 15005}, "id": "4b0d1923f964a520cf4323e3", "name": "Kaki Bukit 511 Market & Food Centre", "beenHere": {"lastCheckinExpiredAt": 0}}, "suffix": "/3n9jAzq-QorEhFnsvCQLGCeRNOVUDLDPt_NbbEwfNfk.jpg", "visibility": "public"}, {"height": 540, "source": {"url": "https://foursquare.com/download/#/android", "name": "Foursquare for Android"}, "width": 720, "prefix": "https://igx.4sqi.net/img/general/", "createdAt": 1331828768, "id": "4f621820e4b0ee9499e60631", "venue": {"like": false, "location": {"formattedAddress": ["511 Bedok North St 3", "460511", "Singapore"], "city": "Singapore", "lng": 103.93031391863718, "cc": "SG", "country": "Singapore", "lat": 1.3329830694433764, "address": "511 Bedok North St 3", "labeledLatLngs": [{"label": "display", "lat": 1.3329830694433764, "lng": 103.93031391863718}], "postalCode": "460511"}, "categories": [{"icon": {"prefix": "https://ss3.4sqi.net/img/categories_v2/shops/food_foodcourt_", "suffix": ".png"}, "name": "Food Court", "id": "4bf58dd8d48988d120951735", "pluralName": "Food Courts", "primary": true, "shortName": "Food Court"}], "verified": false, "contact": {}, "allowMenuUrlEdit": true, "stats": {"tipCount": 105, "usersCount": 4527, "checkinsCount": 15005}, "id": "4b0d1923f964a520cf4323e3", "name": "Kaki Bukit 511 Market & Food Centre", "beenHere": {"lastCheckinExpiredAt": 0}}, "suffix": "/Am6700Cu8kA2zTgFxD6RcIX_vbluU1i3tsuWrLssBPU.jpg", "visibility": "public"}, {"height": 720, "source": {"url": "https://foursquare.com/download/#/android", "name": "Foursquare for Android"}, "width": 540, "prefix": "https://igx.4sqi.net/img/general/", "createdAt": 1328876659, "id": "4f350c73e4b0e4d04eff292f", "venue": {"like": false, "location": {"cc": "SG", "country": "Singapore", "lat": 1.364446, "lng": 103.927524, "labeledLatLngs": [{"label": "display", "lat": 1.364446, "lng": 103.927524}], "formattedAddress": ["Singapore"]}, "categories": [], "verified": false, "contact": {}, "beenHere": {"lastCheckinExpiredAt": 0}, "stats": {"tipCount": 0, "usersCount": 3, "checkinsCount": 3}, "id": "4d02e5cc54d0236a86c6e5d5", "name": "Along Tampines Industrial Ave 2"}, "suffix": "/gl8ogYImMXhf5Y0E58Zus_tdIAR4hScttvTYTfN1DtU.jpg", "visibility": "public"}, {"height": 540, "source": {"url": "https://foursquare.com/download/#/android", "name": "Foursquare for Android"}, "width": 720, "prefix": "https://igx.4sqi.net/img/general/", "createdAt": 1328464932, "id": "4f2ec424e4b0124ab9d1a0e4", "venue": {"venueRatingBlacklisted": true, "like": false, "location": {"city": "Singapore", "lng": 103.91586894833848, "cc": "SG", "country": "Singapore", "lat": 1.3311553515329986, "address": "Blk 612 bedok reservoir road", "labeledLatLngs": [{"label": "display", "lat": 1.3311553515329986, "lng": 103.91586894833848}], "formattedAddress": ["Blk 612 bedok reservoir road", "Singapore"]}, "categories": [{"icon": {"prefix": "https://ss3.4sqi.net/img/categories_v2/travel/default_", "suffix": ".png"}, "name": "General Travel", "id": "4bf58dd8d48988d1f6931735", "pluralName": "General Travel", "primary": true, "shortName": "Travel"}], "verified": false, "contact": {}, "beenHere": {"lastCheckinExpiredAt": 0}, "stats": {"tipCount": 0, "usersCount": 44, "checkinsCount": 872}, "id": "4e4db00645ddff0031a82ad7", "name": "Blk 612 Carpark @ Bedok Reservoir Rd"}, "suffix": "/_KWjDjVBuMzhlVg1_8weWd3zep2VbLt5CajsKl3UYFk.jpg", "visibility": "public"}, {"height": 480, "source": {"url": "https://foursquare.com/download/#/android", "name": "Foursquare for Android"}, "width": 640, "prefix": "https://igx.4sqi.net/img/general/", "createdAt": 1328356459, "id": "4f2d1c6be4b067066cbf4703", "venue": {"venueRatingBlacklisted": true, "like": false, "location": {"city": "Singapore", "lng": 103.9754146394205, "cc": "SG", "country": "Singapore", "lat": 1.3913409024011665, "address": "Andover Rd.", "labeledLatLngs": [{"label": "display", "lat": 1.3913409024011665, "lng": 103.9754146394205}], "formattedAddress": ["Andover Rd.", "Singapore"]}, "categories": [{"icon": {"prefix": "https://ss3.4sqi.net/img/categories_v2/parks_outdoors/bridge_", "suffix": ".png"}, "name": "Bridge", "id": "4bf58dd8d48988d1df941735", "pluralName": "Bridges", "primary": true, "shortName": "Bridge"}], "verified": false, "contact": {}, "beenHere": {"lastCheckinExpiredAt": 0}, "stats": {"tipCount": 10, "usersCount": 709, "checkinsCount": 937}, "id": "4d6fa6200187236ab7039fba", "name": "Changi Point Western Boardwalk (Kelong Walk)"}, "suffix": "/OgIGUTm8kNbp_7rH6XejBrF1GJpM1ie1yjbLHClstww.jpg", "visibility": "public"}, {"height": 540, "source": {"url": "https://foursquare.com/download/#/android", "name": "Foursquare for Android"}, "width": 720, "prefix": "https://igx.4sqi.net/img/general/", "createdAt": 1326471929, "id": "4f105af9e4b0b827c616a247", "venue": {"venueRatingBlacklisted": true, "like": false, "location": {"formattedAddress": ["616 Bedok Reservoir Rd.", "470616", "Singapore"], "city": "Singapore", "lng": 103.91493022441864, "cc": "SG", "country": "Singapore", "lat": 1.3318972128529742, "address": "616 Bedok Reservoir Rd.", "labeledLatLngs": [{"label": "display", "lat": 1.3318972128529742, "lng": 103.91493022441864}], "postalCode": "470616"}, "categories": [{"icon": {"prefix": "https://ss3.4sqi.net/img/categories_v2/building/apartment_", "suffix": ".png"}, "name": "Residential Building (Apartment / Condo)", "id": "4d954b06a243a5684965b473", "pluralName": "Residential Buildings (Apartments / Condos)", "primary": true, "shortName": "Residential"}], "verified": false, "contact": {}, "beenHere": {"lastCheckinExpiredAt": 0}, "stats": {"tipCount": 1, "usersCount": 169, "checkinsCount": 395}, "id": "4c3705f4dfb0e21e94f6aba8", "name": "Blk 616 Bedok Reservoir Road"}, "suffix": "/X1CRT5LLTWI04ZAUM5A3MK04TEAARNK14UZQMQ2ZPUMZLXBR.jpg", "visibility": "public"}, {"height": 540, "source": {"url": "https://foursquare.com/download/#/android", "name": "Foursquare for Android"}, "width": 720, "prefix": "https://igx.4sqi.net/img/general/", "createdAt": 1326275666, "id": "4f0d5c52e4b06ab9f814f02f", "venue": {"venueRatingBlacklisted": true, "like": false, "location": {"cc": "SG", "country": "Singapore", "lat": 1.3855370341006876, "lng": 103.99942517280579, "labeledLatLngs": [{"label": "display", "lat": 1.3855370341006876, "lng": 103.99942517280579}], "formattedAddress": ["Singapore"]}, "categories": [{"icon": {"prefix": "https://ss3.4sqi.net/img/categories_v2/building/default_", "suffix": ".png"}, "name": "Building", "id": "4bf58dd8d48988d130941735", "pluralName": "Buildings", "primary": true, "shortName": "Building"}], "verified": false, "contact": {}, "beenHere": {"lastCheckinExpiredAt": 0}, "stats": {"tipCount": 14, "usersCount": 700, "checkinsCount": 2539}, "id": "4c031b20187ec9286a48b57b", "name": "Changi Cargo Pass Office"}, "suffix": "/AQMRKQ2CRC4Z2C4ZJQIN3BMHE2U2LFH03H0QDN5R4WX2Q3UW.jpg", "visibility": "public"}, {"height": 540, "source": {"url": "https://foursquare.com/download/#/android", "name": "Foursquare for Android"}, "width": 720, "prefix": "https://igx.4sqi.net/img/general/", "createdAt": 1326191719, "id": "4f0c1467e4b02a8da5fc7908", "venue": {"like": false, "location": {"city": "Singapore", "cc": "SG", "country": "Singapore", "lat": 1.3315647015555971, "lng": 103.91628811429524, "labeledLatLngs": [{"label": "display", "lat": 1.3315647015555971, "lng": 103.91628811429524}], "formattedAddress": ["Singapore"]}, "categories": [{"icon": {"prefix": "https://ss3.4sqi.net/img/categories_v2/parks_outdoors/playground_", "suffix": ".png"}, "name": "Playground", "id": "4bf58dd8d48988d1e7941735", "pluralName": "Playgrounds", "primary": true, "shortName": "Playground"}], "verified": false, "contact": {}, "beenHere": {"lastCheckinExpiredAt": 0}, "stats": {"tipCount": 0, "usersCount": 18, "checkinsCount": 136}, "id": "4dd49846ae60a78cec5af431", "name": "Playground Infront 612 Bedok Reservoir Road"}, "suffix": "/WFUFBD0XR1XKRUEZXCQHWBJJRW3XWLMFWL5DLRPTIJA520LN.jpg", "visibility": "public"}, {"height": 720, "source": {"url": "https://foursquare.com/download/#/android", "name": "Foursquare for Android"}, "width": 540, "prefix": "https://igx.4sqi.net/img/general/", "createdAt": 1326191547, "id": "4f0c13bbe4b0a87afa69fa0d", "venue": {"venueRatingBlacklisted": true, "like": false, "location": {"city": "Singapore", "lng": 103.91586894833848, "cc": "SG", "country": "Singapore", "lat": 1.3311553515329986, "address": "Blk 612 bedok reservoir road", "labeledLatLngs": [{"label": "display", "lat": 1.3311553515329986, "lng": 103.91586894833848}], "formattedAddress": ["Blk 612 bedok reservoir road", "Singapore"]}, "categories": [{"icon": {"prefix": "https://ss3.4sqi.net/img/categories_v2/travel/default_", "suffix": ".png"}, "name": "General Travel", "id": "4bf58dd8d48988d1f6931735", "pluralName": "General Travel", "primary": true, "shortName": "Travel"}], "verified": false, "contact": {}, "beenHere": {"lastCheckinExpiredAt": 0}, "stats": {"tipCount": 0, "usersCount": 44, "checkinsCount": 872}, "id": "4e4db00645ddff0031a82ad7", "name": "Blk 612 Carpark @ Bedok Reservoir Rd"}, "suffix": "/P22MU52B5RG2P0UUZ2VFJOR0PMPSEQGLOFIJNRDUJYC2DG44.jpg", "visibility": "public"}, {"height": 540, "source": {"url": "https://foursquare.com/download/#/android", "name": "Foursquare for Android"}, "width": 720, "prefix": "https://igx.4sqi.net/img/general/", "createdAt": 1326191362, "id": "4f0c1302e4b00cf4c125ef91", "venue": {"venueRatingBlacklisted": true, "like": false, "location": {"cc": "SG", "country": "Singapore", "lat": 1.3325157673590764, "lng": 103.91558006443822, "labeledLatLngs": [{"label": "display", "lat": 1.3325157673590764, "lng": 103.91558006443822}], "formattedAddress": ["Singapore"]}, "categories": [{"icon": {"prefix": "https://ss3.4sqi.net/img/categories_v2/building/apartment_", "suffix": ".png"}, "name": "Residential Building (Apartment / Condo)", "id": "4d954b06a243a5684965b473", "pluralName": "Residential Buildings (Apartments / Condos)", "primary": true, "shortName": "Residential"}], "verified": false, "contact": {}, "beenHere": {"lastCheckinExpiredAt": 0}, "stats": {"tipCount": 0, "usersCount": 10, "checkinsCount": 174}, "id": "4e2306bd1f6effe84f8130df", "name": "Hang Out @ 615"}, "suffix": "/BD5FJDFUOQEPNHSHCMBDRNQRMNFA1KOZ04ZXSHPMN4ZPOCTV.jpg", "visibility": "public"}, {"height": 480, "source": {"url": "https://foursquare.com/download/#/android", "name": "Foursquare for Android"}, "width": 640, "prefix": "https://igx.4sqi.net/img/general/", "createdAt": 1326103108, "id": "4f0aba44e4b05f830fcafa12", "venue": {"venueRatingBlacklisted": true, "like": false, "location": {"city": "Kallang", "lng": 103.86839389801025, "cc": "SG", "country": "Singapore", "crossStreet": "Across Kallang River", "lat": 1.304411846078034, "address": "Nicoll Hwy.", "labeledLatLngs": [{"label": "display", "lat": 1.304411846078034, "lng": 103.86839389801025}], "formattedAddress": ["Nicoll Hwy. (Across Kallang River)", "Singapore"]}, "categories": [{"icon": {"prefix": "https://ss3.4sqi.net/img/categories_v2/parks_outdoors/bridge_", "suffix": ".png"}, "name": "Bridge", "id": "4bf58dd8d48988d1df941735", "pluralName": "Bridges", "primary": true, "shortName": "Bridge"}], "verified": false, "contact": {}, "beenHere": {"lastCheckinExpiredAt": 0}, "stats": {"tipCount": 7, "usersCount": 394, "checkinsCount": 1352}, "id": "4bd94ad75cf276b0f2a39d00", "name": "Merdeka Bridge"}, "suffix": "/ZGXTAVAO1YKH3IE0WHWUHLJXTNPKLKVBOJKBFLSOCS3JETEI.jpg", "visibility": "public"}, {"height": 480, "source": {"url": "https://foursquare.com/download/#/android", "name": "Foursquare for Android"}, "width": 640, "prefix": "https://igx.4sqi.net/img/general/", "createdAt": 1326102413, "id": "4f0ab78de4b07c8f8e64c72d", "venue": {"like": false, "location": {"cc": "SG", "country": "Singapore", "lat": 1.3063036550537175, "lng": 103.87047634079794, "labeledLatLngs": [{"label": "display", "lat": 1.3063036550537175, "lng": 103.87047634079794}], "formattedAddress": ["Singapore"]}, "categories": [{"icon": {"prefix": "https://ss3.4sqi.net/img/categories_v2/parks_outdoors/beach_", "suffix": ".png"}, "name": "Beach", "id": "4bf58dd8d48988d1e2941735", "pluralName": "Beaches", "primary": true, "shortName": "Beach"}], "verified": false, "contact": {}, "beenHere": {"lastCheckinExpiredAt": 0}, "stats": {"tipCount": 0, "usersCount": 141, "checkinsCount": 219}, "id": "4c99bdcb78fc236ac86f2f97", "name": "Kallang Beach"}, "suffix": "/J2A5BLT2INHEYR3GCXBCOYWOUJ4U155XBKNL1F44WQLKZYDD.jpg", "visibility": "public"}, {"height": 540, "source": {"url": "https://foursquare.com/download/#/android", "name": "Foursquare for Android"}, "width": 720, "prefix": "https://igx.4sqi.net/img/general/", "createdAt": 1325672792, "id": "4f04295802d5cce0cf75e42e", "venue": {"like": false, "location": {"cc": "SG", "country": "Singapore", "lat": 1.35958, "lng": 103.88862, "labeledLatLngs": [{"label": "display", "lat": 1.35958, "lng": 103.88862}], "formattedAddress": ["Singapore"]}, "categories": [{"icon": {"prefix": "https://ss3.4sqi.net/img/categories_v2/food/indian_", "suffix": ".png"}, "name": "Indian Restaurant", "id": "4bf58dd8d48988d10f941735", "pluralName": "Indian Restaurants", "primary": true, "shortName": "Indian"}], "verified": false, "contact": {}, "allowMenuUrlEdit": true, "stats": {"tipCount": 1, "usersCount": 252, "checkinsCount": 645}, "id": "4ccc3c75ba79a1cd17b039cb", "name": "Kovan 24hr Prata", "beenHere": {"lastCheckinExpiredAt": 0}}, "suffix": "/MNEIIFOYIERQ3MFBIPFZE0BUZWNH4PIVIRZNDNXW1SNPY3VV.jpg", "visibility": "public"}, {"height": 540, "source": {"url": "https://foursquare.com/download/#/android", "name": "Foursquare for Android"}, "width": 720, "prefix": "https://igx.4sqi.net/img/general/", "createdAt": 1325486421, "id": "4f01515502d580f8f13e08c4", "venue": {"like": false, "location": {"formattedAddress": ["111 N Bridge Rd.", "179098", "Singapore"], "city": "Singapore", "lng": 103.85085713626339, "cc": "SG", "country": "Singapore", "lat": 1.2920285640024083, "address": "111 N Bridge Rd.", "labeledLatLngs": [{"label": "display", "lat": 1.2920285640024083, "lng": 103.85085713626339}], "postalCode": "179098"}, "categories": [{"icon": {"prefix": "https://ss3.4sqi.net/img/categories_v2/shops/mall_", "suffix": ".png"}, "name": "Shopping Mall", "id": "4bf58dd8d48988d1fd941735", "pluralName": "Shopping Malls", "primary": true, "shortName": "Mall"}], "verified": false, "contact": {}, "beenHere": {"lastCheckinExpiredAt": 0}, "stats": {"tipCount": 53, "usersCount": 7259, "checkinsCount": 14752}, "id": "4b10c006f964a5205c7523e3", "name": "Peninsula Plaza"}, "suffix": "/ULNSBMVTP4OHQLUXSSP2V5TZZVLDJFJNYWGZKKJJAH5YPCAJ.jpg", "visibility": "public"}, {"height": 540, "source": {"url": "https://foursquare.com/download/#/android", "name": "Foursquare for Android"}, "width": 720, "prefix": "https://igx.4sqi.net/img/general/", "createdAt": 1325486318, "id": "4f0150eee5faf2869d1fec8f", "venue": {"like": false, "location": {"formattedAddress": ["111 N Bridge Rd.", "179098", "Singapore"], "city": "Singapore", "lng": 103.85085713626339, "cc": "SG", "country": "Singapore", "lat": 1.2920285640024083, "address": "111 N Bridge Rd.", "labeledLatLngs": [{"label": "display", "lat": 1.2920285640024083, "lng": 103.85085713626339}], "postalCode": "179098"}, "categories": [{"icon": {"prefix": "https://ss3.4sqi.net/img/categories_v2/shops/mall_", "suffix": ".png"}, "name": "Shopping Mall", "id": "4bf58dd8d48988d1fd941735", "pluralName": "Shopping Malls", "primary": true, "shortName": "Mall"}], "verified": false, "contact": {}, "beenHere": {"lastCheckinExpiredAt": 0}, "stats": {"tipCount": 53, "usersCount": 7259, "checkinsCount": 14752}, "id": "4b10c006f964a5205c7523e3", "name": "Peninsula Plaza"}, "suffix": "/ULNSBMVTP4OHQLUXSSP2V5TZZVLDJFJNYWGZKKJJAH5YPCAJ.jpg", "visibility": "public"}, {"height": 540, "source": {"url": "https://foursquare.com/download/#/android", "name": "Foursquare for Android"}, "width": 720, "prefix": "https://igx.4sqi.net/img/general/", "createdAt": 1325339037, "id": "4eff119d9a520dfd659c38f4", "venue": {"like": false, "location": {"formattedAddress": ["Blk 631 Bedok Reservoir Road. #01-982.", "470631", "Singapore"], "city": "Singapore", "lng": 103.91518355811483, "cc": "SG", "country": "Singapore", "lat": 1.3336852834884072, "address": "Blk 631 Bedok Reservoir Road. #01-982.", "labeledLatLngs": [{"label": "display", "lat": 1.3336852834884072, "lng": 103.91518355811483}], "postalCode": "470631"}, "categories": [{"icon": {"prefix": "https://ss3.4sqi.net/img/categories_v2/shops/food_foodcourt_", "suffix": ".png"}, "name": "Food Court", "id": "4bf58dd8d48988d120951735", "pluralName": "Food Courts", "primary": true, "shortName": "Food Court"}], "verified": false, "contact": {}, "allowMenuUrlEdit": true, "stats": {"tipCount": 18, "usersCount": 588, "checkinsCount": 1783}, "id": "4c024bfa3f0a9c74b974a0ec", "name": "Fu Chan Coffee Shop", "beenHere": {"lastCheckinExpiredAt": 0}}, "suffix": "/0GMLXKTLGJVEADJS3JAVX1LCA3X1NLRG1ZDAKLUN4GKZOBWR.jpg", "visibility": "public"}, {"height": 720, "source": {"url": "https://foursquare.com/download/#/android", "name": "Foursquare for Android"}, "width": 540, "prefix": "https://igx.4sqi.net/img/general/", "createdAt": 1325228507, "id": "4efd61dbbe7bbcd4f13e0e63", "venue": {"venueRatingBlacklisted": true, "like": false, "location": {"isFuzzed": true, "cc": "SG", "country": "Singapore", "lat": 1.330789789998924, "lng": 103.9201994475537, "formattedAddress": ["Singapore"]}, "categories": [{"icon": {"prefix": "https://ss3.4sqi.net/img/categories_v2/building/home_", "suffix": ".png"}, "name": "Home (private)", "id": "4bf58dd8d48988d103941735", "pluralName": "Homes (private)", "primary": true, "shortName": "Home"}], "verified": false, "contact": {}, "beenHere": {"lastCheckinExpiredAt": 0}, "stats": {"tipCount": 0, "usersCount": 1, "checkinsCount": 141}, "id": "4efc7de3823142b926279d97", "name": "PolarBear's Cave @ 470612"}, "suffix": "/PFHFFTFNCTLX435HE5YYUA3AFMCU0UIS0E3JDV1KFZPNR0P1.jpg", "visibility": "public"}, {"height": 720, "source": {"url": "https://foursquare.com/download/#/android", "name": "Foursquare for Android"}, "width": 540, "prefix": "https://igx.4sqi.net/img/general/", "createdAt": 1325170180, "id": "4efc7e040e6152f777cda15b", "venue": {"venueRatingBlacklisted": true, "like": false, "location": {"isFuzzed": true, "cc": "SG", "country": "Singapore", "lat": 1.330789789998924, "lng": 103.9201994475537, "formattedAddress": ["Singapore"]}, "categories": [{"icon": {"prefix": "https://ss3.4sqi.net/img/categories_v2/building/home_", "suffix": ".png"}, "name": "Home (private)", "id": "4bf58dd8d48988d103941735", "pluralName": "Homes (private)", "primary": true, "shortName": "Home"}], "verified": false, "contact": {}, "beenHere": {"lastCheckinExpiredAt": 0}, "stats": {"tipCount": 0, "usersCount": 1, "checkinsCount": 141}, "id": "4efc7de3823142b926279d97", "name": "PolarBear's Cave @ 470612"}, "suffix": "/1GKX3EBPJ5HEYCMIJX1QB2MMRYR1VM52FUMVAUSLJX3MB44R.jpg", "visibility": "public"}, {"height": 720, "source": {"url": "https://foursquare.com/download/#/android", "name": "Foursquare for Android"}, "width": 540, "prefix": "https://igx.4sqi.net/img/general/", "createdAt": 1325154860, "id": "4efc422cd3e3cbf3b3e43692", "venue": {"venueRatingBlacklisted": true, "like": false, "location": {"cc": "SG", "country": "Singapore", "lat": 1.3325157673590764, "lng": 103.91558006443822, "labeledLatLngs": [{"label": "display", "lat": 1.3325157673590764, "lng": 103.91558006443822}], "formattedAddress": ["Singapore"]}, "categories": [{"icon": {"prefix": "https://ss3.4sqi.net/img/categories_v2/building/apartment_", "suffix": ".png"}, "name": "Residential Building (Apartment / Condo)", "id": "4d954b06a243a5684965b473", "pluralName": "Residential Buildings (Apartments / Condos)", "primary": true, "shortName": "Residential"}], "verified": false, "contact": {}, "beenHere": {"lastCheckinExpiredAt": 0}, "stats": {"tipCount": 0, "usersCount": 10, "checkinsCount": 174}, "id": "4e2306bd1f6effe84f8130df", "name": "Hang Out @ 615"}, "suffix": "/OKFCIB0GB133OS2F5EHXQH3LIRXIDWKWLOJI2KCRKF3VLP4Z.jpg", "visibility": "public"}, {"height": 540, "source": {"url": "https://foursquare.com/download/#/android", "name": "Foursquare for Android"}, "width": 720, "prefix": "https://igx.4sqi.net/img/general/", "createdAt": 1324568129, "id": "4ef34e4193adff223f6fa783", "venue": {"url": "http://www.mcdonalds.com.sg", "like": false, "location": {"formattedAddress": ["#01-850, Blk 632 Bedok Reservoir Rd", "470632", "Singapore"], "city": "Singapore", "lng": 103.91349792480469, "cc": "SG", "country": "Singapore", "lat": 1.332101005654905, "address": "#01-850, Blk 632 Bedok Reservoir Rd", "labeledLatLngs": [{"label": "display", "lat": 1.332101005654905, "lng": 103.91349792480469}], "postalCode": "470632"}, "categories": [{"icon": {"prefix": "https://ss3.4sqi.net/img/categories_v2/food/fastfood_", "suffix": ".png"}, "name": "Fast Food Restaurant", "id": "4bf58dd8d48988d16e941735", "pluralName": "Fast Food Restaurants", "primary": true, "shortName": "Fast Food"}], "verified": false, "contact": {"formattedPhone": "+65 6244 0227", "phone": "+6562440227"}, "allowMenuUrlEdit": true, "stats": {"tipCount": 24, "usersCount": 3002, "checkinsCount": 12142}, "id": "4c273be4aa77ef3ba9e698b0", "name": "McDonald's", "beenHere": {"lastCheckinExpiredAt": 0}}, "suffix": "/4GNAZPGMVLBUC2VOR00AVIWWKFWP3YJJSCJ1A2G2NQY332OK.jpg", "visibility": "public"}, {"height": 540, "source": {"url": "https://foursquare.com/download/#/android", "name": "Foursquare for Android"}, "width": 720, "prefix": "https://igx.4sqi.net/img/general/", "createdAt": 1323854917, "id": "4ee86c450aaff80c68c41bf5", "venue": {"venueRatingBlacklisted": true, "like": false, "location": {"city": "Singapore", "lng": 103.99599248472275, "cc": "SG", "country": "Singapore", "crossStreet": "Nicoll Dr.", "lat": 1.3899526937962057, "address": "Changi Beach Park", "labeledLatLngs": [{"label": "display", "lat": 1.3899526937962057, "lng": 103.99599248472275}], "formattedAddress": ["Changi Beach Park (Nicoll Dr.)", "Singapore"]}, "categories": [{"icon": {"prefix": "https://ss3.4sqi.net/img/categories_v2/building/parking_", "suffix": ".png"}, "name": "Parking", "id": "4c38df4de52ce0d596b336e1", "pluralName": "Parking", "primary": true, "shortName": "Parking"}], "verified": false, "contact": {}, "beenHere": {"lastCheckinExpiredAt": 0}, "stats": {"tipCount": 3, "usersCount": 530, "checkinsCount": 751}, "id": "4dcfed57183899ddfaf80b1d", "name": "Changi Beach Car Park 5"}, "suffix": "/X12QZ1JJ2FX5MXQGTIFHWF5GUCDSXKUQ05DWIHI1LXDTJLVR.jpg", "visibility": "public"}, {"height": 540, "source": {"url": "https://foursquare.com/download/#/android", "name": "Foursquare for Android"}, "width": 720, "prefix": "https://igx.4sqi.net/img/general/", "createdAt": 1323854892, "id": "4ee86c2c8231d71b39bd2e1a", "venue": {"venueRatingBlacklisted": true, "like": false, "location": {"city": "Singapore", "lng": 103.99599248472275, "cc": "SG", "country": "Singapore", "crossStreet": "Nicoll Dr.", "lat": 1.3899526937962057, "address": "Changi Beach Park", "labeledLatLngs": [{"label": "display", "lat": 1.3899526937962057, "lng": 103.99599248472275}], "formattedAddress": ["Changi Beach Park (Nicoll Dr.)", "Singapore"]}, "categories": [{"icon": {"prefix": "https://ss3.4sqi.net/img/categories_v2/building/parking_", "suffix": ".png"}, "name": "Parking", "id": "4c38df4de52ce0d596b336e1", "pluralName": "Parking", "primary": true, "shortName": "Parking"}], "verified": false, "contact": {}, "beenHere": {"lastCheckinExpiredAt": 0}, "stats": {"tipCount": 3, "usersCount": 530, "checkinsCount": 751}, "id": "4dcfed57183899ddfaf80b1d", "name": "Changi Beach Car Park 5"}, "suffix": "/X12QZ1JJ2FX5MXQGTIFHWF5GUCDSXKUQ05DWIHI1LXDTJLVR.jpg", "visibility": "public"}, {"height": 540, "source": {"url": "https://foursquare.com/download/#/android", "name": "Foursquare for Android"}, "width": 720, "prefix": "https://igx.4sqi.net/img/general/", "createdAt": 1323854879, "id": "4ee86c1f8231d71b39bd22b6", "venue": {"venueRatingBlacklisted": true, "like": false, "location": {"city": "Singapore", "lng": 103.99599248472275, "cc": "SG", "country": "Singapore", "crossStreet": "Nicoll Dr.", "lat": 1.3899526937962057, "address": "Changi Beach Park", "labeledLatLngs": [{"label": "display", "lat": 1.3899526937962057, "lng": 103.99599248472275}], "formattedAddress": ["Changi Beach Park (Nicoll Dr.)", "Singapore"]}, "categories": [{"icon": {"prefix": "https://ss3.4sqi.net/img/categories_v2/building/parking_", "suffix": ".png"}, "name": "Parking", "id": "4c38df4de52ce0d596b336e1", "pluralName": "Parking", "primary": true, "shortName": "Parking"}], "verified": false, "contact": {}, "beenHere": {"lastCheckinExpiredAt": 0}, "stats": {"tipCount": 3, "usersCount": 530, "checkinsCount": 751}, "id": "4dcfed57183899ddfaf80b1d", "name": "Changi Beach Car Park 5"}, "suffix": "/X12QZ1JJ2FX5MXQGTIFHWF5GUCDSXKUQ05DWIHI1LXDTJLVR.jpg", "visibility": "public"}, {"height": 540, "source": {"url": "https://foursquare.com/download/#/android", "name": "Foursquare for Android"}, "width": 720, "prefix": "https://igx.4sqi.net/img/general/", "createdAt": 1323771984, "id": "4ee72850d3e34ebcf2569702", "venue": {"venueRatingBlacklisted": true, "like": false, "location": {"cc": "SG", "country": "Singapore", "lat": 1.3325157673590764, "lng": 103.91558006443822, "labeledLatLngs": [{"label": "display", "lat": 1.3325157673590764, "lng": 103.91558006443822}], "formattedAddress": ["Singapore"]}, "categories": [{"icon": {"prefix": "https://ss3.4sqi.net/img/categories_v2/building/apartment_", "suffix": ".png"}, "name": "Residential Building (Apartment / Condo)", "id": "4d954b06a243a5684965b473", "pluralName": "Residential Buildings (Apartments / Condos)", "primary": true, "shortName": "Residential"}], "verified": false, "contact": {}, "beenHere": {"lastCheckinExpiredAt": 0}, "stats": {"tipCount": 0, "usersCount": 10, "checkinsCount": 174}, "id": "4e2306bd1f6effe84f8130df", "name": "Hang Out @ 615"}, "suffix": "/4RZUJA11H0FFWAG1KEMG2SPJZYW44PVACFLNGJGV4GQVAZJS.jpg", "visibility": "public"}, {"height": 720, "source": {"url": "https://foursquare.com/download/#/android", "name": "Foursquare for Android"}, "width": 540, "prefix": "https://igx.4sqi.net/img/general/", "createdAt": 1323525724, "id": "4ee3665caa1fd7f75367d5aa", "venue": {"like": false, "location": {"formattedAddress": ["Blk 631 Bedok Reservoir Road. #01-982.", "470631", "Singapore"], "city": "Singapore", "lng": 103.91518355811483, "cc": "SG", "country": "Singapore", "lat": 1.3336852834884072, "address": "Blk 631 Bedok Reservoir Road. #01-982.", "labeledLatLngs": [{"label": "display", "lat": 1.3336852834884072, "lng": 103.91518355811483}], "postalCode": "470631"}, "categories": [{"icon": {"prefix": "https://ss3.4sqi.net/img/categories_v2/shops/food_foodcourt_", "suffix": ".png"}, "name": "Food Court", "id": "4bf58dd8d48988d120951735", "pluralName": "Food Courts", "primary": true, "shortName": "Food Court"}], "verified": false, "contact": {}, "allowMenuUrlEdit": true, "stats": {"tipCount": 18, "usersCount": 588, "checkinsCount": 1783}, "id": "4c024bfa3f0a9c74b974a0ec", "name": "Fu Chan Coffee Shop", "beenHere": {"lastCheckinExpiredAt": 0}}, "suffix": "/BWH4X1RFVXIOLDXNXBFNIEY5NGICRIFOTSN3W0HGJWQQZLOG.jpg", "visibility": "public"}, {"height": 720, "source": {"url": "https://foursquare.com/download/#/android", "name": "Foursquare for Android"}, "width": 540, "prefix": "https://igx.4sqi.net/img/general/", "createdAt": 1323525703, "id": "4ee366470e61681b95335e46", "venue": {"like": false, "location": {"formattedAddress": ["Blk 631 Bedok Reservoir Road. #01-982.", "470631", "Singapore"], "city": "Singapore", "lng": 103.91518355811483, "cc": "SG", "country": "Singapore", "lat": 1.3336852834884072, "address": "Blk 631 Bedok Reservoir Road. #01-982.", "labeledLatLngs": [{"label": "display", "lat": 1.3336852834884072, "lng": 103.91518355811483}], "postalCode": "470631"}, "categories": [{"icon": {"prefix": "https://ss3.4sqi.net/img/categories_v2/shops/food_foodcourt_", "suffix": ".png"}, "name": "Food Court", "id": "4bf58dd8d48988d120951735", "pluralName": "Food Courts", "primary": true, "shortName": "Food Court"}], "verified": false, "contact": {}, "allowMenuUrlEdit": true, "stats": {"tipCount": 18, "usersCount": 588, "checkinsCount": 1783}, "id": "4c024bfa3f0a9c74b974a0ec", "name": "Fu Chan Coffee Shop", "beenHere": {"lastCheckinExpiredAt": 0}}, "suffix": "/NI2JLKWJVWRDUWCW2SE1XGKPCFN3SMAJ1YY32FSL1AIWGCT0.jpg", "visibility": "public"}, {"height": 540, "source": {"url": "https://foursquare.com/download/#/android", "name": "Foursquare for Android"}, "width": 720, "prefix": "https://igx.4sqi.net/img/general/", "createdAt": 1323444869, "id": "4ee22a85469093b958a5610d", "venue": {"url": "http://www.mcdonalds.com.sg", "like": false, "location": {"formattedAddress": ["#01-850, Blk 632 Bedok Reservoir Rd", "470632", "Singapore"], "city": "Singapore", "lng": 103.91349792480469, "cc": "SG", "country": "Singapore", "lat": 1.332101005654905, "address": "#01-850, Blk 632 Bedok Reservoir Rd", "labeledLatLngs": [{"label": "display", "lat": 1.332101005654905, "lng": 103.91349792480469}], "postalCode": "470632"}, "categories": [{"icon": {"prefix": "https://ss3.4sqi.net/img/categories_v2/food/fastfood_", "suffix": ".png"}, "name": "Fast Food Restaurant", "id": "4bf58dd8d48988d16e941735", "pluralName": "Fast Food Restaurants", "primary": true, "shortName": "Fast Food"}], "verified": false, "contact": {"formattedPhone": "+65 6244 0227", "phone": "+6562440227"}, "allowMenuUrlEdit": true, "stats": {"tipCount": 24, "usersCount": 3002, "checkinsCount": 12142}, "id": "4c273be4aa77ef3ba9e698b0", "name": "McDonald's", "beenHere": {"lastCheckinExpiredAt": 0}}, "suffix": "/YJWKLZALAVRQ1IN1CDQWFJAIYKHU5NAF13DPW2SE32T1K4RE.jpg", "visibility": "public"}, {"height": 540, "source": {"url": "https://foursquare.com/download/#/android", "name": "Foursquare for Android"}, "width": 720, "prefix": "https://igx.4sqi.net/img/general/", "createdAt": 1323444831, "id": "4ee22a5f2c5b955ef08465a8", "venue": {"url": "http://www.mcdonalds.com.sg", "like": false, "location": {"formattedAddress": ["#01-850, Blk 632 Bedok Reservoir Rd", "470632", "Singapore"], "city": "Singapore", "lng": 103.91349792480469, "cc": "SG", "country": "Singapore", "lat": 1.332101005654905, "address": "#01-850, Blk 632 Bedok Reservoir Rd", "labeledLatLngs": [{"label": "display", "lat": 1.332101005654905, "lng": 103.91349792480469}], "postalCode": "470632"}, "categories": [{"icon": {"prefix": "https://ss3.4sqi.net/img/categories_v2/food/fastfood_", "suffix": ".png"}, "name": "Fast Food Restaurant", "id": "4bf58dd8d48988d16e941735", "pluralName": "Fast Food Restaurants", "primary": true, "shortName": "Fast Food"}], "verified": false, "contact": {"formattedPhone": "+65 6244 0227", "phone": "+6562440227"}, "allowMenuUrlEdit": true, "stats": {"tipCount": 24, "usersCount": 3002, "checkinsCount": 12142}, "id": "4c273be4aa77ef3ba9e698b0", "name": "McDonald's", "beenHere": {"lastCheckinExpiredAt": 0}}, "suffix": "/YJWKLZALAVRQ1IN1CDQWFJAIYKHU5NAF13DPW2SE32T1K4RE.jpg", "visibility": "public"}, {"height": 540, "source": {"url": "https://foursquare.com/download/#/android", "name": "Foursquare for Android"}, "width": 720, "prefix": "https://igx.4sqi.net/img/general/", "createdAt": 1323341489, "id": "4ee096b18231e61c7454220f", "venue": {"venueRatingBlacklisted": true, "like": false, "location": {"city": "Singapore", "isFuzzed": true, "cc": "SG", "country": "Singapore", "lat": 1.330789789998924, "lng": 103.9201994475537, "formattedAddress": ["Singapore"]}, "categories": [{"icon": {"prefix": "https://ss3.4sqi.net/img/categories_v2/building/home_", "suffix": ".png"}, "name": "Home (private)", "id": "4bf58dd8d48988d103941735", "pluralName": "Homes (private)", "primary": true, "shortName": "Home"}], "verified": false, "contact": {}, "beenHere": {"lastCheckinExpiredAt": 0}, "stats": {"tipCount": 2, "usersCount": 96, "checkinsCount": 1742}, "id": "4bb840c4cf2fc9b64a6e9f02", "name": "Blk 615 Bedok Reservoir Road"}, "suffix": "/XAFNNS5XZ052SVE0XQFRDTOYMJXWB4CBOYQCZNELOTZKMT2W.jpg", "visibility": "public"}, {"height": 285, "source": {"url": "https://foursquare.com/download/#/android", "name": "Foursquare for Android"}, "width": 281, "prefix": "https://igx.4sqi.net/img/general/", "createdAt": 1323084549, "id": "4edcab057ee5e8e3e97eca1d", "venue": {"url": "http://www.smrt.com.sg", "like": false, "location": {"formattedAddress": ["11 Kim Chuan Rd", "537065", "Singapore"], "city": "Singapore", "lng": 103.886122769834, "cc": "SG", "country": "Singapore", "lat": 1.3402973940456557, "address": "11 Kim Chuan Rd", "labeledLatLngs": [{"label": "display", "lat": 1.3402973940456557, "lng": 103.886122769834}], "postalCode": "537065"}, "categories": [{"icon": {"prefix": "https://ss3.4sqi.net/img/categories_v2/building/default_", "suffix": ".png"}, "name": "Office", "id": "4bf58dd8d48988d124941735", "pluralName": "Offices", "primary": true, "shortName": "Office"}], "verified": false, "contact": {"formattedPhone": "+65 1800 336 8900", "twitter": "smrt_singapore", "phone": "+6518003368900"}, "beenHere": {"lastCheckinExpiredAt": 0}, "stats": {"tipCount": 4, "usersCount": 344, "checkinsCount": 2875}, "id": "4cb7b95243ec6dcb49d78f31", "name": "SMRT Trains: Kim Chuan Depot (KCD)", "venueRatingBlacklisted": true}, "suffix": "/P4N350JF0QAEKHGDCFM2E0MI3ADOL5WEVK4AR3RCKK2VCEIJ.jpg", "visibility": "public"}], "count": 62}, "totalCount": 62}}