{"response": {"totalCount": 19, "photos": {"count": 19, "items": [{"width": 1440, "visibility": "public", "createdAt": 1483178011, "id": "5867801ba36ecd3c2d08ef32", "source": {"name": "Swarm for iOS", "url": "https://www.swarmapp.com"}, "prefix": "https://igx.4sqi.net/img/general/", "suffix": "/10551399_Ru9Frj6iKvsDAMemPxFjHIaeB3TKZ8gMPc_Yg8EtwB4.jpg", "venue": {"contact": {}, "name": "A&W", "categories": [{"name": "Burger Joint", "shortName": "Burgers", "primary": true, "icon": {"prefix": "https://ss3.4sqi.net/img/categories_v2/food/burger_", "suffix": ".png"}, "id": "4bf58dd8d48988d16c941735", "pluralName": "Burger Joints"}], "beenHere": {"lastCheckinExpiredAt": 0}, "stats": {"checkinsCount": 3557, "tipCount": 24, "usersCount": 2927}, "verified": false, "url": "http://www.rootbeer.com.my", "id": "4c6cfa8e23c1a1cdd5f81acf", "location": {"country": "Malaysia", "formattedAddress": ["118 Jalan Tuanku Abdul Rahman", "50100 Kuala Lumpur, Kuala Lumpur", "Malaysia"], "cc": "MY", "lat": 3.1542282996131443, "labeledLatLngs": [{"lng": 101.69635713100433, "lat": 3.1542282996131443, "label": "display"}], "postalCode": "50100", "address": "118 Jalan Tuanku Abdul Rahman", "lng": 101.69635713100433, "city": "Kuala Lumpur", "state": "Kuala Lumpur"}, "like": false, "allowMenuUrlEdit": true}, "height": 1920}, {"width": 1440, "visibility": "public", "createdAt": 1482910857, "id": "58636c8945005e7adc12effb", "source": {"name": "Swarm for iOS", "url": "https://www.swarmapp.com"}, "prefix": "https://igx.4sqi.net/img/general/", "suffix": "/10551399_oBOXKPSbd5f4X4ISmG0X5bax0YCQN2fGE4iJTD5ixiQ.jpg", "venue": {"contact": {"facebookUsername": "masjidnegaramalaysia", "facebookName": "Masjid Negara Malaysia", "phone": "+60326937784", "facebook": "1499228047047765", "formattedPhone": "+60 3-2693 7784"}, "venuePage": {"id": "36450369"}, "categories": [{"name": "Mosque", "shortName": "Mosque", "primary": true, "icon": {"prefix": "https://ss3.4sqi.net/img/categories_v2/building/religious_mosque_", "suffix": ".png"}, "id": "4bf58dd8d48988d138941735", "pluralName": "Mosques"}], "venueRatingBlacklisted": true, "beenHere": {"lastCheckinExpiredAt": 0}, "location": {"country": "Malaysia", "formattedAddress": ["Jalan Perdana", "50480 Kuala Lumpur, Kuala Lumpur", "Malaysia"], "cc": "MY", "lat": 3.1418694210097478, "postalCode": "50480", "address": "Jalan Perdana", "lng": 101.69184957728581, "city": "Kuala Lumpur", "state": "Kuala Lumpur"}, "like": false, "name": "Masjid Negara (National Mosque) (Masjid Negara)", "url": "http://www.masjidnegara.gov.my", "stats": {"checkinsCount": 45479, "tipCount": 165, "usersCount": 21321}, "verified": true, "id": "4b058802f964a5201eac22e3", "storeId": ""}, "height": 1920}, {"width": 1440, "visibility": "public", "createdAt": 1482826309, "id": "58622245cf4451174c1f0468", "source": {"name": "Swarm for iOS", "url": "https://www.swarmapp.com"}, "prefix": "https://igx.4sqi.net/img/general/", "suffix": "/10551399_cSZf0TBFDvXU9V84PNJ5LGinrRju0uNR36U_sbYOPaw.jpg", "venue": {"contact": {"phone": "+60322766039", "formattedPhone": "+60 3-2276 6039"}, "name": "Warisan Nasi Kukus Ayam Goreng Berempah", "categories": [{"name": "Malay Restaurant", "shortName": "Malay", "primary": true, "icon": {"prefix": "https://ss3.4sqi.net/img/categories_v2/food/malaysian_", "suffix": ".png"}, "id": "4bf58dd8d48988d156941735", "pluralName": "Malay Restaurants"}], "beenHere": {"lastCheckinExpiredAt": 0}, "stats": {"checkinsCount": 1128, "tipCount": 6, "usersCount": 951}, "verified": false, "id": "55a8a675498e68da416632a7", "location": {"country": "Malaysia", "state": "Kuala Lumpur", "formattedAddress": ["Lot LG17 (Nu Sentral)", "50470 Kuala Lumpur, Kuala Lumpur", "Malaysia"], "cc": "MY", "lat": 3.1334912801485646, "labeledLatLngs": [{"lng": 101.68801392485062, "lat": 3.1334912801485646, "label": "display"}], "postalCode": "50470", "address": "Lot LG17", "lng": 101.68801392485062, "city": "Kuala Lumpur", "crossStreet": "Nu Sentral"}, "like": false, "allowMenuUrlEdit": true}, "height": 1920}, {"width": 1440, "visibility": "public", "createdAt": 1433580835, "id": "5572b523498e9e0140d92dd6", "source": {"name": "Swarm for iOS", "url": "https://www.swarmapp.com"}, "prefix": "https://igx.4sqi.net/img/general/", "suffix": "/10551399_RkMh8-yjCqZRge9BXZ7t29HL64pErH-19RZiqbD0DzA.jpg", "venue": {"contact": {}, "name": "Thai Town-Thai Seafood Restaurant", "categories": [{"name": "Thai Restaurant", "shortName": "Thai", "primary": true, "icon": {"prefix": "https://ss3.4sqi.net/img/categories_v2/food/thai_", "suffix": ".png"}, "id": "4bf58dd8d48988d149941735", "pluralName": "Thai Restaurants"}], "beenHere": {"lastCheckinExpiredAt": 0}, "stats": {"checkinsCount": 2039, "tipCount": 77, "usersCount": 1874}, "verified": false, "id": "4e4f7bb7b61cf637a4f5a29c", "location": {"country": "Malaysia", "state": "Kedah", "formattedAddress": ["No 2, Pekan Kuah (Jalan Pandak Mayah)", "Langkawi, Kedah", "Malaysia"], "cc": "MY", "lat": 6.322643925796465, "labeledLatLngs": [{"lng": 99.84980132671889, "lat": 6.322643925796465, "label": "display"}], "address": "No 2, Pekan Kuah", "lng": 99.84980132671889, "city": "Kuah", "crossStreet": "Jalan Pandak Mayah"}, "like": false, "allowMenuUrlEdit": true}, "height": 1440}, {"width": 959, "visibility": "public", "createdAt": 1409486604, "id": "54030f0c498e31d61085d3a6", "source": {"name": "Swarm for iOS", "url": "https://www.swarmapp.com"}, "prefix": "https://igx.4sqi.net/img/general/", "suffix": "/10551399_KFzdvLY7b0bOTsdg1GnAyG9f31h36xqjNTYUS6cvEtQ.jpg", "venue": {"contact": {"phone": "+6562751034", "formattedPhone": "+65 6275 1034"}, "categories": [{"name": "Resort", "shortName": "Resort", "primary": true, "icon": {"prefix": "https://ss3.4sqi.net/img/categories_v2/travel/resort_", "suffix": ".png"}, "id": "4bf58dd8d48988d12f951735", "pluralName": "Resorts"}], "beenHere": {"lastCheckinExpiredAt": 0}, "location": {"country": "Singapore", "formattedAddress": ["30 Imbiah Walk (c/o HI Singapore)", "099537", "Singapore"], "cc": "SG", "lat": 1.2551702841214558, "labeledLatLngs": [{"lng": 103.81402145521068, "lat": 1.2551702841214558, "label": "display"}], "postalCode": "099537", "address": "30 Imbiah Walk", "lng": 103.81402145521068, "city": "Sentosa Island", "crossStreet": "c/o HI Singapore"}, "like": false, "allowMenuUrlEdit": true, "name": "Costa Sands Resort (Sentosa)", "url": "http://www.costasands.com.sg/sentosa", "stats": {"checkinsCount": 3363, "tipCount": 15, "usersCount": 2488}, "verified": true, "id": "4b05880bf964a520e5ad22e3", "storeId": ""}, "height": 717}, {"width": 720, "visibility": "public", "createdAt": 1408187985, "id": "53ef3e51498e438381a22fc4", "source": {"name": "Swarm for iOS", "url": "https://www.swarmapp.com"}, "prefix": "https://igx.4sqi.net/img/general/", "suffix": "/10551399_dyBNEw_0GiiSDS9nnbKkmsl1k4iCq6c6BheXb5Dv5XI.jpg", "venue": {"contact": {"twitter": "nandossingapore", "phone": "+6567895052", "formattedPhone": "+65 6789 5052"}, "categories": [{"name": "Portuguese Restaurant", "shortName": "Portuguese", "primary": true, "icon": {"prefix": "https://ss3.4sqi.net/img/categories_v2/food/portuguese_", "suffix": ".png"}, "id": "4def73e84765ae376e57713a", "pluralName": "Portuguese Restaurants"}], "beenHere": {"lastCheckinExpiredAt": 0}, "location": {"country": "Singapore", "formattedAddress": ["#01-46, Tampines Mall (4 Tampines Central 5)", "529510", "Singapore"], "cc": "SG", "lat": 1.352490105615347, "labeledLatLngs": [{"lng": 103.94415419078017, "lat": 1.352490105615347, "label": "display"}], "postalCode": "529510", "address": "#01-46, Tampines Mall", "lng": 103.94415419078017, "city": "Singapore", "crossStreet": "4 Tampines Central 5"}, "like": false, "allowMenuUrlEdit": true, "name": "Nando's", "url": "http://www.nandos.com.sg", "stats": {"checkinsCount": 2669, "tipCount": 33, "usersCount": 1722}, "verified": true, "id": "4eb61021b8030fb58329a0f9", "storeId": ""}, "height": 720}, {"width": 720, "visibility": "public", "createdAt": 1386432836, "id": "52a34944498eff615a614d65", "source": {"name": "Foursquare for iOS", "url": "https://foursquare.com/download/#/iphone"}, "prefix": "https://igx.4sqi.net/img/general/", "suffix": "/10551399_W9jC6G0a5SuEIkCjyXLzLlOMdLbqSGdS7_r7AbWbLBs.jpg", "venue": {"contact": {}, "name": "Medan Sate Kajang", "categories": [{"name": "Malay Restaurant", "shortName": "Malay", "primary": true, "icon": {"prefix": "https://ss3.4sqi.net/img/categories_v2/food/malaysian_", "suffix": ".png"}, "id": "4bf58dd8d48988d156941735", "pluralName": "Malay Restaurants"}], "beenHere": {"lastCheckinExpiredAt": 0}, "stats": {"checkinsCount": 1848, "tipCount": 16, "usersCount": 1595}, "verified": false, "id": "4e04103aae60ed89a8014378", "location": {"country": "Malaysia", "state": "Selangor", "formattedAddress": ["Kajang Town (Jalan Sulaiman)", "Kajang, Selangor", "Malaysia"], "cc": "MY", "lat": 2.9933926095233043, "labeledLatLngs": [{"lng": 101.78684642474431, "lat": 2.9933926095233043, "label": "display"}], "address": "Kajang Town", "lng": 101.78684642474431, "city": "Kajang", "crossStreet": "Jalan Sulaiman"}, "like": false, "allowMenuUrlEdit": true}, "height": 720}, {"tip": {"todo": {"count": 0}, "type": "user", "agreeCount": 0, "text": "Do not come during lunch hour... It's packed! Queue can get pretty long.", "createdAt": 1377592819, "logView": true, "id": "521c65f3498e9c7f3390b1d9", "disagreeCount": 0, "canonicalUrl": "https://foursquare.com/item/521c65f3498e9c7f3390b1d9", "likes": {"groups": [], "count": 0}, "like": false}, "width": 717, "visibility": "public", "createdAt": 1377592825, "id": "521c65f911d209109afb4bd9", "source": {"name": "Foursquare for iOS", "url": "https://foursquare.com/download/#/iphone"}, "prefix": "https://igx.4sqi.net/img/general/", "suffix": "/10551399_96zrED-32sXJE8Cbzr1axX0RCRS1uobzkq3jUZH7JN0.jpg", "venue": {"contact": {"phone": "+6563527890", "formattedPhone": "+65 6352 7890"}, "name": "Yellow Submarines", "categories": [{"name": "Sandwich Place", "shortName": "Sandwiches", "primary": true, "icon": {"prefix": "https://ss3.4sqi.net/img/categories_v2/food/deli_", "suffix": ".png"}, "id": "4bf58dd8d48988d1c5941735", "pluralName": "Sandwich Places"}], "beenHere": {"lastCheckinExpiredAt": 0}, "stats": {"checkinsCount": 1681, "tipCount": 43, "usersCount": 1302}, "verified": false, "url": "http://www.yellowsubmarines.com.sg", "id": "51616527e4b04f05aa2ab73f", "location": {"country": "Singapore", "formattedAddress": ["Blk 177 Toa Payoh Central #01-110", "310178", "Singapore"], "cc": "SG", "lat": 1.333628339229909, "labeledLatLngs": [{"lng": 103.84758471313742, "lat": 1.333628339229909, "label": "display"}], "postalCode": "310178", "address": "Blk 177 Toa Payoh Central #01-110", "lng": 103.84758471313742, "city": "Singapore"}, "like": false, "allowMenuUrlEdit": true}, "height": 959}, {"width": 717, "visibility": "public", "createdAt": 1377065930, "id": "52145bca11d2f19638216118", "source": {"name": "Foursquare for iOS", "url": "https://foursquare.com/download/#/iphone"}, "prefix": "https://igx.4sqi.net/img/general/", "suffix": "/10551399_qMDSC_srGfn3i9xorcNqdOMp96TLaoN0xFuD2bHoniE.jpg", "venue": {"contact": {"phone": "+6565844404", "formattedPhone": "+65 6584 4404"}, "name": "OldTown White Coffee", "categories": [{"name": "Caf\u00e9", "shortName": "Caf\u00e9", "primary": true, "icon": {"prefix": "https://ss3.4sqi.net/img/categories_v2/food/cafe_", "suffix": ".png"}, "id": "4bf58dd8d48988d16d941735", "pluralName": "Caf\u00e9s"}], "closed": true, "beenHere": {"lastCheckinExpiredAt": 0}, "stats": {"checkinsCount": 2682, "tipCount": 20, "usersCount": 1342}, "verified": false, "id": "4cb83ca19552b60c4fafca8b", "location": {"country": "Singapore", "formattedAddress": ["#01-15, White Sands (1 Pasir Ris Central St. 3)", "518457", "Singapore"], "cc": "SG", "lat": 1.3722713278378085, "postalCode": "518457", "address": "#01-15, White Sands", "lng": 103.9498481983425, "city": "Singapore", "crossStreet": "1 Pasir Ris Central St. 3"}, "like": false, "allowMenuUrlEdit": true}, "height": 959}, {"width": 717, "visibility": "public", "createdAt": 1363749563, "id": "51492abbe4b00731b965c020", "source": {"name": "Foursquare for iOS", "url": "https://foursquare.com/download/#/iphone"}, "prefix": "https://igx.4sqi.net/img/general/", "suffix": "/10551399_qmSteznSMroTrNY9gVaeg-_-aY4ixNLEHaGGcPB67LU.jpg", "venue": {"contact": {"phone": "+6518004717300", "formattedPhone": "+65 1800 471 7300"}, "name": "Changi Beach Park", "categories": [{"name": "Park", "shortName": "Park", "primary": true, "icon": {"prefix": "https://ss3.4sqi.net/img/categories_v2/parks_outdoors/park_", "suffix": ".png"}, "id": "4bf58dd8d48988d163941735", "pluralName": "Parks"}], "beenHere": {"lastCheckinExpiredAt": 0}, "stats": {"checkinsCount": 13204, "tipCount": 63, "usersCount": 7798}, "verified": false, "url": "http://www.nparks.gov.sg/cms/index.php?option=com_visitorsguide&task=parks&id=11&Itemid=73", "id": "4b05881af964a52011b222e3", "location": {"country": "Singapore", "formattedAddress": ["Nicoll Dr. / Changi Coast Rd.", "Singapore"], "cc": "SG", "lat": 1.3910929397719975, "labeledLatLngs": [{"lng": 103.99168968200684, "lat": 1.3910929397719975, "label": "display"}], "address": "Nicoll Dr. / Changi Coast Rd.", "lng": 103.99168968200684, "city": "Singapore"}, "like": false}, "height": 959}, {"width": 717, "visibility": "public", "createdAt": 1362972360, "id": "513d4ec8e4b092334b9224a2", "source": {"name": "Foursquare for iOS", "url": "https://foursquare.com/download/#/iphone"}, "prefix": "https://igx.4sqi.net/img/general/", "suffix": "/10551399_VaPC3u4uTYjtdVZsyZWSd57x_osQTbK1h6Hr5aTBUKA.jpg", "venue": {"contact": {}, "name": "Changi Village Playground", "categories": [{"name": "Playground", "shortName": "Playground", "primary": true, "icon": {"prefix": "https://ss3.4sqi.net/img/categories_v2/parks_outdoors/playground_", "suffix": ".png"}, "id": "4bf58dd8d48988d1e7941735", "pluralName": "Playgrounds"}], "beenHere": {"lastCheckinExpiredAt": 0}, "stats": {"checkinsCount": 22, "tipCount": 0, "usersCount": 21}, "verified": false, "id": "4fd9b31de4b0d2bb7065bb2d", "location": {"country": "Singapore", "formattedAddress": ["Singapore"], "cc": "SG", "lat": 1.3900920869656774, "labeledLatLngs": [{"lng": 103.98890238896222, "lat": 1.3900920869656774, "label": "display"}], "lng": 103.98890238896222}, "like": false}, "height": 959}, {"width": 717, "visibility": "public", "createdAt": 1360032547, "id": "51107323e4b0fd0f26af143c", "source": {"name": "Foursquare for iOS", "url": "https://foursquare.com/download/#/iphone"}, "prefix": "https://igx.4sqi.net/img/general/", "suffix": "/10551399_uzTxbOIpxY6FG5rxr-B0KWuiMs45LPnu6hHuXPRmnDE.jpg", "venue": {"contact": {"phone": "+6568757292", "formattedPhone": "+65 6875 7292"}, "name": "KFC", "categories": [{"name": "Fried Chicken Joint", "shortName": "Fried Chicken", "primary": true, "icon": {"prefix": "https://ss3.4sqi.net/img/categories_v2/food/friedchicken_", "suffix": ".png"}, "id": "4d4ae6fc7a7b7dea34424761", "pluralName": "Fried Chicken Joints"}], "beenHere": {"lastCheckinExpiredAt": 0}, "stats": {"checkinsCount": 2163, "tipCount": 13, "usersCount": 894}, "verified": false, "id": "4b8dce6cf964a520780e33e3", "location": {"country": "Singapore", "formattedAddress": ["#B1-02/03 Punggol Plaza (168 Punggol Field)", "820169", "Singapore"], "cc": "SG", "lat": 1.3937958080740456, "labeledLatLngs": [{"lng": 103.91319751739502, "lat": 1.3937958080740456, "label": "display"}], "postalCode": "820169", "address": "#B1-02/03 Punggol Plaza", "lng": 103.91319751739502, "city": "Singapore", "crossStreet": "168 Punggol Field"}, "like": false, "allowMenuUrlEdit": true}, "height": 959}, {"width": 537, "visibility": "public", "createdAt": 1356343767, "id": "50d829d7e4b0dbf311f1c8c2", "source": {"name": "Foursquare for iOS", "url": "https://foursquare.com/download/#/iphone"}, "prefix": "https://igx.4sqi.net/img/general/", "suffix": "/10551399_faQJohyskqg8-42LO8kWnbdx6MK4b9Jg50QHo4yCBrc.jpg", "venue": {"contact": {"phone": "+6565427225", "formattedPhone": "+65 6542 7225"}, "categories": [{"name": "American Restaurant", "shortName": "American", "primary": true, "icon": {"prefix": "https://ss3.4sqi.net/img/categories_v2/food/default_", "suffix": ".png"}, "id": "4bf58dd8d48988d14e941735", "pluralName": "American Restaurants"}], "closed": true, "beenHere": {"lastCheckinExpiredAt": 0}, "location": {"country": "Singapore", "formattedAddress": ["5 Changi Village Rd #01-2021", "500005", "Singapore"], "cc": "SG", "lat": 1.3887246052364934, "postalCode": "500005", "address": "5 Changi Village Rd #01-2021", "lng": 103.987145506833, "city": "Singapore"}, "like": false, "allowMenuUrlEdit": true, "name": "Botak's Favourites", "url": "http://www.greatbigfood.com", "stats": {"checkinsCount": 881, "tipCount": 7, "usersCount": 572}, "verified": false, "id": "4cc43055be40a35d1fef7c4c"}, "height": 720}, {"width": 540, "visibility": "public", "createdAt": 1355564162, "id": "50cc4482e4b0e9d6349b5bad", "source": {"name": "Foursquare for iOS", "url": "https://foursquare.com/download/#/iphone"}, "prefix": "https://igx.4sqi.net/img/general/", "suffix": "/10551399_phu5cPxs34l3nkr1IIrtJT2Kj8x9xluAJ8NfcXZLXUI.jpg", "venue": {"contact": {}, "beenHere": {"lastCheckinExpiredAt": 0}, "name": "KL835 AMS-SIN-DPS / KLM Royal Dutch Airlines", "categories": [{"name": "Plane", "shortName": "Plane", "primary": true, "icon": {"prefix": "https://ss3.4sqi.net/img/categories_v2/travel/airport_", "suffix": ".png"}, "id": "4bf58dd8d48988d1f7931735", "pluralName": "Planes"}], "venueRatingBlacklisted": true, "stats": {"checkinsCount": 62, "tipCount": 0, "usersCount": 54}, "verified": false, "id": "4d05e9a854d0236a969af6d5", "location": {"country": "Singapore", "formattedAddress": ["Terminal 1 (Singapore Changi Airport)", "Singapore"], "cc": "SG", "lat": 1.3634822746636734, "labeledLatLngs": [{"lng": 103.98908374580525, "lat": 1.3634822746636734, "label": "display"}], "address": "Terminal 1", "lng": 103.98908374580525, "city": "Singapore", "crossStreet": "Singapore Changi Airport"}, "like": false}, "height": 720}, {"width": 537, "visibility": "public", "createdAt": 1355045256, "id": "50c45988e4b0dbacdcc474fa", "source": {"name": "Foursquare for iOS", "url": "https://foursquare.com/download/#/iphone"}, "prefix": "https://igx.4sqi.net/img/general/", "suffix": "/10551399_vuXeWT3JO9In_wmQwOLFD1psTe03uZdI9YxD___0Nlk.jpg", "venue": {"contact": {"phone": "+6565838557", "formattedPhone": "+65 6583 8557"}, "name": "Pasir Ris Sports & Recreation Centre", "categories": [{"name": "Recreation Center", "shortName": "Recreation Center", "primary": true, "icon": {"prefix": "https://ss3.4sqi.net/img/categories_v2/shops/sports_outdoors_", "suffix": ".png"}, "id": "52e81612bcbc57f1066b7a26", "pluralName": "Recreation Centers"}], "beenHere": {"lastCheckinExpiredAt": 0}, "stats": {"checkinsCount": 8895, "tipCount": 34, "usersCount": 2944}, "verified": false, "url": "http://www.ssc.gov.sg", "id": "4e0c18041838fa426ac54376", "location": {"country": "Singapore", "formattedAddress": ["120 Pasir Ris Central (near Pasir Ris Bus Interchange & MRT)", "519640", "Singapore"], "cc": "SG", "lat": 1.3740100167917204, "labeledLatLngs": [{"lng": 103.95150262077406, "lat": 1.3740100167917204, "label": "display"}], "postalCode": "519640", "address": "120 Pasir Ris Central", "lng": 103.95150262077406, "city": "Singapore", "crossStreet": "near Pasir Ris Bus Interchange & MRT"}, "like": false, "allowMenuUrlEdit": true}, "height": 720}, {"width": 537, "visibility": "public", "createdAt": 1352270415, "id": "509a024fe4b0aed8039e0324", "source": {"name": "Foursquare for iOS", "url": "https://foursquare.com/download/#/iphone"}, "prefix": "https://igx.4sqi.net/img/general/", "suffix": "/10551399_B5Nw_MSAXVbfS0K-zlPpPNMMJCwm841qK6FxRC4Zgac.jpg", "venue": {"contact": {"facebookName": "Changi Airport", "phone": "+6565956868", "facebook": "113770598597", "facebookUsername": "changiairport", "twitter": "changiairport", "formattedPhone": "+65 6595 6868"}, "categories": [{"name": "Airport Terminal", "shortName": "Terminal", "primary": true, "icon": {"prefix": "https://ss3.4sqi.net/img/categories_v2/travel/airport_gate_", "suffix": ".png"}, "id": "4bf58dd8d48988d1eb931735", "pluralName": "Airport Terminals"}], "venueRatingBlacklisted": true, "beenHere": {"lastCheckinExpiredAt": 0}, "location": {"country": "Singapore", "neighborhood": "Singapore Changi Airport", "formattedAddress": ["Changi International Airport (75 Airport Boulevard)", "819643", "Singapore"], "cc": "SG", "lat": 1.356287561935302, "postalCode": "819643", "address": "Changi International Airport", "lng": 103.98677713114739, "city": "Singapore", "crossStreet": "75 Airport Boulevard"}, "like": false, "name": "Terminal 3", "url": "http://www.changiairport.com", "stats": {"checkinsCount": 231783, "tipCount": 394, "usersCount": 75950}, "verified": true, "id": "4b1baa07f964a52084fc23e3", "storeId": ""}, "height": 720}, {"width": 537, "visibility": "public", "createdAt": 1339563917, "id": "4fd81f8de4b016ce036e57c7", "source": {"name": "Foursquare for iOS", "url": "https://foursquare.com/download/#/iphone"}, "prefix": "https://igx.4sqi.net/img/general/", "suffix": "/h9uqAqvwJ-f9sNkF52z2XdSF9SeqxNQioNCedEESs00.jpg", "venue": {"contact": {"phone": "+60323822828", "formattedPhone": "+60 3-2382 2828"}, "name": "Suria KLCC", "categories": [{"name": "Shopping Mall", "shortName": "Mall", "primary": true, "icon": {"prefix": "https://ss3.4sqi.net/img/categories_v2/shops/mall_", "suffix": ".png"}, "id": "4bf58dd8d48988d1fd941735", "pluralName": "Shopping Malls"}], "beenHere": {"lastCheckinExpiredAt": 0}, "stats": {"checkinsCount": 978358, "tipCount": 1307, "usersCount": 232186}, "verified": false, "url": "http://www.suriaklcc.com.my/index.html", "id": "4b0b7f81f964a520e93123e3", "location": {"country": "Malaysia", "state": "Kuala Lumpur", "formattedAddress": ["Kuala Lumpur City Centre (Jalan Ampang)", "50088 Kuala Lumpur, Kuala Lumpur", "Malaysia"], "cc": "MY", "lat": 3.1575186502974235, "postalCode": "50088", "address": "Kuala Lumpur City Centre", "lng": 101.71244778241585, "city": "Kuala Lumpur", "crossStreet": "Jalan Ampang"}, "like": false}, "height": 720}, {"width": 537, "visibility": "public", "createdAt": 1330232462, "id": "4f49bc8ee4b0ecc81415cb39", "source": {"name": "Foursquare for iOS", "url": "https://foursquare.com/download/#/iphone"}, "prefix": "https://igx.4sqi.net/img/general/", "suffix": "/q_38aeTUHAFtTc28gusVEWAO-FSwIW1oy299qwFVTfQ.jpg", "venue": {"contact": {}, "name": "A&W", "categories": [{"name": "Burger Joint", "shortName": "Burgers", "primary": true, "icon": {"prefix": "https://ss3.4sqi.net/img/categories_v2/food/burger_", "suffix": ".png"}, "id": "4bf58dd8d48988d16c941735", "pluralName": "Burger Joints"}], "beenHere": {"lastCheckinExpiredAt": 0}, "stats": {"checkinsCount": 3557, "tipCount": 24, "usersCount": 2927}, "verified": false, "url": "http://www.rootbeer.com.my", "id": "4c6cfa8e23c1a1cdd5f81acf", "location": {"country": "Malaysia", "formattedAddress": ["118 Jalan Tuanku Abdul Rahman", "50100 Kuala Lumpur, Kuala Lumpur", "Malaysia"], "cc": "MY", "lat": 3.1542282996131443, "labeledLatLngs": [{"lng": 101.69635713100433, "lat": 3.1542282996131443, "label": "display"}], "postalCode": "50100", "address": "118 Jalan Tuanku Abdul Rahman", "lng": 101.69635713100433, "city": "Kuala Lumpur", "state": "Kuala Lumpur"}, "like": false, "allowMenuUrlEdit": true}, "height": 720}, {"width": 537, "visibility": "public", "createdAt": 1330074705, "id": "4f475451e4b06a7740ac2f88", "source": {"name": "Foursquare for iOS", "url": "https://foursquare.com/download/#/iphone"}, "prefix": "https://igx.4sqi.net/img/general/", "suffix": "/PRUqnPJHKkIQVXwFEx0a-4y9sLEVeFrsCQCjqlIbOYI.jpg", "venue": {"contact": {"facebookName": "Traders Hotel, Penang", "phone": "+6042622622", "facebook": "125713914272152", "facebookUsername": "tradershotelpenang", "twitter": "hoteljen_penang", "formattedPhone": "+60 4-262 2622"}, "name": "Hotel Jen Swimming Pool", "categories": [{"name": "Pool", "shortName": "Pool", "primary": true, "icon": {"prefix": "https://ss3.4sqi.net/img/categories_v2/parks_outdoors/pool_", "suffix": ".png"}, "id": "4bf58dd8d48988d15e941735", "pluralName": "Pools"}], "beenHere": {"lastCheckinExpiredAt": 0}, "stats": {"checkinsCount": 365, "tipCount": 2, "usersCount": 255}, "verified": false, "url": "https://www.hoteljen.com/en/penang/georgetown/unwind/facilities/pool", "id": "4cf9a5bf7945224bb4497be7", "location": {"country": "Malaysia", "formattedAddress": ["Hotel Jen", "10300 Georgetown, Pulau Pinang", "Malaysia"], "cc": "MY", "lat": 5.413489, "labeledLatLngs": [{"lng": 100.330274, "lat": 5.413489, "label": "display"}], "postalCode": "10300", "address": "Hotel Jen", "lng": 100.330274, "city": "Georgetown", "state": "Pulau Pinang"}, "like": false}, "height": 720}]}}, "notifications": [{"type": "notificationTray", "item": {"unreadCount": 0}}], "meta": {"requestId": "595b7c47351e3d64b48758ca", "code": 200}}