{"meta": {"code": 200, "requestId": "595ae86b1ed21919f8388dc8"}, "notifications": [{"item": {"unreadCount": 0}, "type": "notificationTray"}], "response": {"photos": {"items": [{"height": 720, "source": {"url": "https://foursquare.com/download/#/iphone", "name": "Foursquare for iOS"}, "width": 537, "prefix": "https://igx.4sqi.net/img/general/", "createdAt": 1308052402, "id": "4df74bb2a12d15c4a14c4655", "venue": {"url": "http://www.cafeiguana.com", "like": false, "location": {"formattedAddress": ["30 Merchant Rd. (Riverside Point)", "058282", "Singapore"], "city": "Singapore", "lng": 103.84467470064739, "cc": "SG", "country": "Singapore", "crossStreet": "Riverside Point", "lat": 1.2892371542453795, "address": "30 Merchant Rd.", "labeledLatLngs": [{"label": "display", "lat": 1.2892371542453795, "lng": 103.84467470064739}], "postalCode": "058282"}, "categories": [{"icon": {"prefix": "https://ss3.4sqi.net/img/categories_v2/food/mexican_", "suffix": ".png"}, "name": "Mexican Restaurant", "id": "4bf58dd8d48988d1c1941735", "pluralName": "Mexican Restaurants", "primary": true, "shortName": "Mexican"}], "verified": true, "contact": {"formattedPhone": "+65 6236 1275", "twitter": "cafeiguana", "phone": "+6562361275"}, "allowMenuUrlEdit": true, "stats": {"tipCount": 180, "usersCount": 3529, "checkinsCount": 5398}, "id": "4b57f725f964a5207a4728e3", "name": "Caf\u00e9 Iguana", "beenHere": {"lastCheckinExpiredAt": 0}}, "suffix": "/3TAVJY24FLXLQH3DUVV5CD54HR1TDQO23CU2RJM0ZU0TCOFB.jpg", "visibility": "public"}], "count": 1}, "totalCount": 1}}