{"meta": {"code": 200, "requestId": "595b0baff594df3c08c9c385"}, "notifications": [{"item": {"unreadCount": 0}, "type": "notificationTray"}], "response": {"photos": {"items": [{"height": 540, "source": {"url": "https://foursquare.com/download/#/android", "name": "Foursquare for Android"}, "tip": {"agreeCount": 2, "canonicalUrl": "https://foursquare.com/item/51571014e4b038a194e39e41", "todo": {"count": 0}, "logView": true, "disagreeCount": 0, "createdAt": 1364660244, "id": "51571014e4b038a194e39e41", "text": "Good but really overpriced! Once is enough for a try.", "likes": {"groups": [{"items": [{"photo": {"prefix": "https://igx.4sqi.net/img/user/", "suffix": "/1685694-ZTV0REHSTF3KTTGH.jpg"}, "id": "1685694", "firstName": "Travis", "gender": "male", "lastName": "Low"}, {"photo": {"prefix": "https://igx.4sqi.net/img/user/", "suffix": "/76483134-5XEVZ5IK55NONZWR"}, "id": "76483134", "firstName": "Calvin", "gender": "male", "lastName": "Khim"}], "count": 2, "type": "others"}], "count": 2, "summary": "2 likes"}, "like": false, "type": "user"}, "width": 720, "prefix": "https://igx.4sqi.net/img/general/", "createdAt": 1364660249, "id": "51571019e4b0af514f22be45", "venue": {"like": false, "location": {"formattedAddress": ["#04-21, Wisma Atria (435 Orchard Rd)", "238877", "Singapore"], "city": "Singapore", "lng": 103.83310886686729, "cc": "SG", "country": "Singapore", "crossStreet": "435 Orchard Rd", "lat": 1.303814723507029, "address": "#04-21, Wisma Atria", "labeledLatLngs": [{"label": "display", "lat": 1.303814723507029, "lng": 103.83310886686729}], "postalCode": "238877"}, "categories": [{"icon": {"prefix": "https://ss3.4sqi.net/img/categories_v2/food/japanese_", "suffix": ".png"}, "name": "Japanese Restaurant", "id": "4bf58dd8d48988d111941735", "pluralName": "Japanese Restaurants", "primary": true, "shortName": "Japanese"}], "verified": false, "contact": {"formattedPhone": "+65 9180 3805", "phone": "+6591803805"}, "allowMenuUrlEdit": true, "stats": {"tipCount": 99, "usersCount": 4058, "checkinsCount": 7422}, "id": "4bab1a73f964a5202d953ae3", "name": "Koh Grill & Sushi Bar", "beenHere": {"lastCheckinExpiredAt": 0}}, "suffix": "/10613722_UGi9tw4t7HCu2XC4J_rgoojWVfdHY2GjLh5SLrTOiIg.jpg", "visibility": "public"}, {"height": 720, "source": {"url": "https://foursquare.com/download/#/android", "name": "Foursquare for Android"}, "width": 540, "prefix": "https://igx.4sqi.net/img/general/", "createdAt": 1352350921, "id": "509b3cc9e4b005c819b58caf", "venue": {"like": false, "location": {"formattedAddress": ["#01-21 Sunshine Plaza (91 Bencoolen St)", "189652", "Singapore"], "city": "Singapore", "lng": 103.85110058957565, "cc": "SG", "country": "Singapore", "crossStreet": "91 Bencoolen St", "lat": 1.3003529964705334, "address": "#01-21 Sunshine Plaza", "labeledLatLngs": [{"label": "display", "lat": 1.3003529964705334, "lng": 103.85110058957565}], "postalCode": "189652"}, "categories": [{"icon": {"prefix": "https://ss3.4sqi.net/img/categories_v2/food/dimsum_", "suffix": ".png"}, "name": "Dim Sum Restaurant", "id": "4bf58dd8d48988d1f5931735", "pluralName": "Dim Sum Restaurants", "primary": true, "shortName": "Dim Sum"}], "verified": false, "contact": {}, "allowMenuUrlEdit": true, "stats": {"tipCount": 122, "usersCount": 2811, "checkinsCount": 5167}, "id": "4b6c0164f964a5203e1f2ce3", "name": "Victor's Kitchen", "beenHere": {"lastCheckinExpiredAt": 0}}, "suffix": "/10613722_Lp0lrcQ3de-EnrnwQh-CJzFIQDi2sRX4APcYc5GdT2k.jpg", "visibility": "public"}], "count": 2}, "totalCount": 2}}