{"meta": {"code": 200, "requestId": "595af5a64434b96bc7276c79"}, "notifications": [{"item": {"unreadCount": 0}, "type": "notificationTray"}], "response": {"photos": {"items": [{"height": 1440, "source": {"url": "https://www.swarmapp.com", "name": "Swarm for iOS"}, "width": 1440, "prefix": "https://igx.4sqi.net/img/general/", "createdAt": 1446957101, "id": "563ed02dcd10f222d8203e0a", "venue": {"url": "http://timhowan.com", "like": false, "location": {"city": "\u4e2d\u74b0", "lng": 114.15834840365768, "cc": "HK", "state": "\u4e2d\u897f\u5340", "lat": 22.285030289972497, "address": "Concession 12A, 1/F, MTR Hong Kong Station", "labeledLatLngs": [{"label": "display", "lat": 22.285030289972497, "lng": 114.15834840365768}], "formattedAddress": ["Concession 12A, 1/F, MTR Hong Kong Station", "\u4e2d\u897f\u5340", "\u9999\u6e2f"], "country": "\u9999\u6e2f"}, "categories": [{"icon": {"prefix": "https://ss3.4sqi.net/img/categories_v2/food/dimsum_", "suffix": ".png"}, "name": "Dim Sum Restaurant", "id": "4bf58dd8d48988d1f5931735", "pluralName": "Dim Sum Restaurants", "primary": true, "shortName": "Dim Sum"}], "verified": false, "contact": {"formattedPhone": "+852 2332 3078", "phone": "+85223323078", "facebookName": "Tim Ho Wan", "facebookUsername": "timhowan", "facebook": "481923345204338"}, "allowMenuUrlEdit": true, "stats": {"tipCount": 210, "usersCount": 6489, "checkinsCount": 8523}, "id": "4e9affd7d22d8be5894c39c8", "name": "Tim Ho Wan (\u6dfb\u597d\u904b)", "beenHere": {"lastCheckinExpiredAt": 0}}, "suffix": "/10633661_TOgQgCHZZeHZL9vOcAmbjdxuvA41KdychHuGOKlp714.jpg", "visibility": "public"}, {"height": 1440, "source": {"url": "https://www.swarmapp.com", "name": "Swarm for iOS"}, "width": 1440, "prefix": "https://igx.4sqi.net/img/general/", "createdAt": 1446887483, "id": "563dc03bcd1037df1f08d437", "venue": {"closed": true, "like": false, "location": {"city": "\u4e2d\u74b0", "lng": 114.15498105019438, "cc": "HK", "state": "\u4e2d\u897f\u5340", "lat": 22.283209343146854, "address": "33 Stanley St", "labeledLatLngs": [{"label": "display", "lat": 22.283209343146854, "lng": 114.15498105019438}], "formattedAddress": ["33 Stanley St", "\u4e2d\u897f\u5340", "\u9999\u6e2f"], "country": "\u9999\u6e2f"}, "categories": [{"icon": {"prefix": "https://ss3.4sqi.net/img/categories_v2/food/cafe_", "suffix": ".png"}, "name": "Caf\u00e9", "id": "4bf58dd8d48988d16d941735", "pluralName": "Caf\u00e9s", "primary": true, "shortName": "Caf\u00e9"}], "verified": false, "contact": {"formattedPhone": "+852 2526 8063", "phone": "+85225268063"}, "allowMenuUrlEdit": true, "stats": {"tipCount": 29, "usersCount": 852, "checkinsCount": 1441}, "id": "4ba1b876f964a5207dc937e3", "name": "Honolulu Coffee Shop \u6a80\u5cf6\u5496\u5561\u9905\u5e97", "beenHere": {"lastCheckinExpiredAt": 0}}, "suffix": "/10633661_vKaCNX1-LoPdqqcyqc4J2BfbyD2BrtM6TkC0CXJyVEQ.jpg", "visibility": "public"}, {"height": 1440, "source": {"url": "https://www.swarmapp.com", "name": "Swarm for iOS"}, "width": 1920, "prefix": "https://igx.4sqi.net/img/general/", "createdAt": 1426478126, "id": "5506542e498e3e0dfb2185c0", "venue": {"url": "http://www.tsukijigourmet.or.jp/17_daiwa/", "like": false, "location": {"formattedAddress": ["\u7bc9\u57305-2-1 (\u9b5a\u304c\u3057\u6a2a\u4e016\u53f7\u9928)", "\u4e2d\u592e\u533a, \u6771\u4eac\u90fd", "104-0045", "\u65e5\u672c"], "city": "\u6771\u4eac", "lng": 139.76956844329834, "cc": "JP", "state": "\u6771\u4eac\u90fd", "crossStreet": "\u9b5a\u304c\u3057\u6a2a\u4e016\u53f7\u9928", "lat": 35.66366839486782, "address": "\u7bc9\u57305-2-1", "labeledLatLngs": [{"label": "display", "lat": 35.66366839486782, "lng": 139.76956844329834}], "postalCode": "104-0045", "country": "\u65e5\u672c"}, "categories": [{"icon": {"prefix": "https://ss3.4sqi.net/img/categories_v2/food/sushi_", "suffix": ".png"}, "name": "Sushi Restaurant", "id": "4bf58dd8d48988d1d2941735", "pluralName": "Sushi Restaurants", "primary": true, "shortName": "Sushi"}], "verified": false, "contact": {"formattedPhone": "+81 3-3547-6807", "phone": "+81335476807"}, "allowMenuUrlEdit": true, "stats": {"tipCount": 82, "usersCount": 2464, "checkinsCount": 2691}, "id": "4c097e0a340720a11de58493", "name": "Daiwa Sushi (\u5927\u548c\u5bff\u53f8)", "beenHere": {"lastCheckinExpiredAt": 0}}, "suffix": "/10633661_2HvK5fhGFDJFD8rxpTXRsq5c3WzqxCQbFUXftOtqJl4.jpg", "visibility": "public"}, {"height": 1440, "source": {"url": "https://www.swarmapp.com", "name": "Swarm for iOS"}, "width": 1920, "prefix": "https://igx.4sqi.net/img/general/", "createdAt": 1425782822, "id": "54fbb826498ebfaf41b834cb", "venue": {"like": false, "location": {"formattedAddress": ["78 Moh Guan Terrace. #01-19.", "168078", "Singapore"], "city": "Singapore", "lng": 103.830294, "cc": "SG", "country": "Singapore", "lat": 1.283788, "address": "78 Moh Guan Terrace. #01-19.", "labeledLatLngs": [{"label": "display", "lat": 1.283788, "lng": 103.830294}], "postalCode": "168078"}, "categories": [{"icon": {"prefix": "https://ss3.4sqi.net/img/categories_v2/food/japanese_", "suffix": ".png"}, "name": "Japanese Restaurant", "id": "4bf58dd8d48988d111941735", "pluralName": "Japanese Restaurants", "primary": true, "shortName": "Japanese"}], "verified": false, "contact": {"formattedPhone": "+65 6438 4567", "phone": "+6564384567"}, "allowMenuUrlEdit": true, "stats": {"tipCount": 23, "usersCount": 360, "checkinsCount": 509}, "id": "526e0131498e7f3130d5a53e", "name": "Bincho at Hua Bee", "beenHere": {"lastCheckinExpiredAt": 0}}, "suffix": "/10633661_EOOp1jtZf3lQ_ENHb1V1BpL01TTwnyjK3hX1i5ilY4A.jpg", "visibility": "public"}, {"height": 720, "source": {"url": "https://foursquare.com/download/#/iphone", "name": "Foursquare for iOS"}, "width": 960, "prefix": "https://igx.4sqi.net/img/general/", "createdAt": 1385886024, "id": "529af14811d2751d8574313f", "venue": {"hasMenu": true, "location": {"formattedAddress": ["600 Venice Blvd", "Venice, CA 90291", "United States"], "city": "Venice", "lng": -118.461976, "cc": "US", "state": "CA", "lat": 33.988976, "address": "600 Venice Blvd", "labeledLatLngs": [{"label": "display", "lat": 33.988976, "lng": -118.461976}], "postalCode": "90291", "country": "United States"}, "contact": {"formattedPhone": "+1 310-437-0790", "twitter": "zinque_bar", "phone": "+13104370790"}, "verified": false, "allowMenuUrlEdit": true, "stats": {"tipCount": 56, "usersCount": 2986, "checkinsCount": 5978}, "menu": {"label": "Menu", "anchor": "View Menu", "mobileUrl": "https://foursquare.com/v/4f00190a490182a1a7edac1f/device_menu", "url": "https://foursquare.com/v/zinque/4f00190a490182a1a7edac1f/menu", "type": "Menu"}, "beenHere": {"lastCheckinExpiredAt": 0}, "url": "http://lezinque.com", "like": false, "categories": [{"icon": {"prefix": "https://ss3.4sqi.net/img/categories_v2/food/french_", "suffix": ".png"}, "name": "French Restaurant", "id": "4bf58dd8d48988d10c941735", "pluralName": "French Restaurants", "primary": true, "shortName": "French"}], "id": "4f00190a490182a1a7edac1f", "name": "Zinque"}, "suffix": "/10633661_gRAzOr897L1C47P4d-yxl35cvxCb2FEoq3K7hMHQuJg.jpg", "visibility": "public"}, {"height": 960, "source": {"url": "https://foursquare.com/download/#/iphone", "name": "Foursquare for iOS"}, "width": 720, "prefix": "https://igx.4sqi.net/img/general/", "createdAt": 1385616794, "id": "5296d59a11d2c462f7da468a", "venue": {"hasMenu": true, "location": {"formattedAddress": ["255 Columbus Ave (btwn Broadway and Pacific)", "San Francisco, CA 94133", "United States"], "city": "San Francisco", "lng": -122.40637263374855, "cc": "US", "state": "CA", "crossStreet": "btwn Broadway and Pacific", "lat": 37.79762925969812, "address": "255 Columbus Ave", "labeledLatLngs": [{"label": "display", "lat": 37.79762925969812, "lng": -122.40637263374855}], "postalCode": "94133", "country": "United States"}, "contact": {"formattedPhone": "+1 415-362-3370", "phone": "+14153623370"}, "verified": false, "allowMenuUrlEdit": true, "stats": {"tipCount": 115, "usersCount": 9788, "checkinsCount": 14786}, "menu": {"label": "Menu", "anchor": "View Menu", "mobileUrl": "https://foursquare.com/v/3fd66200f964a52044ed1ee3/device_menu", "url": "https://foursquare.com/v/vesuvio-cafe/3fd66200f964a52044ed1ee3/menu", "type": "Menu"}, "beenHere": {"lastCheckinExpiredAt": 0}, "url": "http://www.vesuvio.com", "like": false, "categories": [{"icon": {"prefix": "https://ss3.4sqi.net/img/categories_v2/nightlife/divebar_", "suffix": ".png"}, "name": "Dive Bar", "id": "4bf58dd8d48988d118941735", "pluralName": "Dive Bars", "primary": true, "shortName": "Dive Bar"}], "id": "3fd66200f964a52044ed1ee3", "name": "Vesuvio Cafe"}, "suffix": "/10633661_BcJFr9MjbxuOCU2hV_3LYJE7OfOzKqqbTYcz436Cu9E.jpg", "visibility": "public"}, {"height": 960, "source": {"url": "https://foursquare.com/download/#/iphone", "name": "Foursquare for iOS"}, "width": 720, "prefix": "https://igx.4sqi.net/img/general/", "createdAt": 1385266888, "id": "52917ec811d2c79115e19933", "venue": {"hasMenu": true, "location": {"formattedAddress": ["619 W Randolph St (at N Desplaines St.)", "Chicago, IL 60661", "United States"], "city": "Chicago", "lng": -87.6436053540567, "cc": "US", "state": "IL", "crossStreet": "at N Desplaines St.", "lat": 41.8844288138933, "address": "619 W Randolph St", "labeledLatLngs": [{"label": "display", "lat": 41.8844288138933, "lng": -87.6436053540567}], "postalCode": "60661", "country": "United States"}, "contact": {"twitter": "619blackbird", "instagram": "blackbirdchicago", "facebookName": "Blackbird", "formattedPhone": "+1 312-715-0708", "phone": "+13127150708", "facebookUsername": "BlackbirdChicago", "facebook": "44424463539"}, "verified": false, "allowMenuUrlEdit": true, "stats": {"tipCount": 120, "usersCount": 4538, "checkinsCount": 5494}, "menu": {"label": "Menu", "anchor": "View Menu", "mobileUrl": "https://foursquare.com/v/49dcdfe0f964a520b45f1fe3/device_menu", "url": "https://foursquare.com/v/blackbird/49dcdfe0f964a520b45f1fe3/menu", "type": "Menu"}, "beenHere": {"lastCheckinExpiredAt": 0}, "url": "http://blackbirdrestaurant.com", "like": false, "categories": [{"icon": {"prefix": "https://ss3.4sqi.net/img/categories_v2/food/newamerican_", "suffix": ".png"}, "name": "New American Restaurant", "id": "4bf58dd8d48988d157941735", "pluralName": "New American Restaurants", "primary": true, "shortName": "New American"}], "id": "49dcdfe0f964a520b45f1fe3", "name": "Blackbird"}, "suffix": "/10633661_CPXyGrxW56g_8ocHPWjVguFCCqg8ViVU19R-JtgAuBs.jpg", "visibility": "public"}, {"height": 720, "source": {"url": "https://foursquare.com/download/#/iphone", "name": "Foursquare for iOS"}, "width": 960, "prefix": "https://igx.4sqi.net/img/general/", "createdAt": 1379813994, "id": "523e4a6a498e1385845e3d90", "venue": {"url": "http://www.hideoutchicago.com", "like": false, "location": {"formattedAddress": ["1354 W Wabansia Ave (btwn Elston Ave & Throop St)", "Chicago, IL 60642", "United States"], "city": "Chicago", "lng": -87.66266693531044, "cc": "US", "state": "IL", "crossStreet": "btwn Elston Ave & Throop St", "lat": 41.91369355698731, "address": "1354 W Wabansia Ave", "labeledLatLngs": [{"label": "display", "lat": 41.91369355698731, "lng": -87.66266693531044}], "postalCode": "60642", "country": "United States"}, "categories": [{"icon": {"prefix": "https://ss3.4sqi.net/img/categories_v2/arts_entertainment/musicvenue_rockclub_", "suffix": ".png"}, "name": "Rock Club", "id": "4bf58dd8d48988d1e9931735", "pluralName": "Rock Clubs", "primary": true, "shortName": "Rock Club"}], "verified": false, "contact": {"formattedPhone": "+1 773-227-4433", "twitter": "hideoutchicago", "phone": "+17732274433"}, "allowMenuUrlEdit": true, "stats": {"tipCount": 52, "usersCount": 4268, "checkinsCount": 8351}, "id": "40b28c80f964a52017fd1ee3", "name": "The Hideout", "beenHere": {"lastCheckinExpiredAt": 0}}, "suffix": "/10633661_huELgDCpBaMr6sPHasGYgJQ3fwQjakZhAg6J2Nd-PqA.jpg", "visibility": "public"}, {"height": 960, "source": {"url": "https://foursquare.com/download/#/iphone", "name": "Foursquare for iOS"}, "width": 720, "prefix": "https://igx.4sqi.net/img/general/", "createdAt": 1379787225, "id": "523de1d911d22459f36d23bc", "venue": {"hasMenu": true, "location": {"formattedAddress": ["746 W Webster Ave (at N Halsted St.)", "Chicago, IL 60614", "United States"], "city": "Chicago", "lng": -87.64802823485257, "cc": "US", "state": "IL", "crossStreet": "at N Halsted St.", "lat": 41.9218784896096, "address": "746 W Webster Ave", "labeledLatLngs": [{"label": "display", "lat": 41.9218784896096, "lng": -87.64802823485257}], "postalCode": "60614", "country": "United States"}, "contact": {"formattedPhone": "+1 773-935-5600", "phone": "+17739355600"}, "verified": false, "allowMenuUrlEdit": true, "stats": {"tipCount": 73, "usersCount": 3330, "checkinsCount": 4844}, "menu": {"label": "Menu", "anchor": "View Menu", "mobileUrl": "https://foursquare.com/v/4a7c5899f964a5204fec1fe3/device_menu", "url": "https://foursquare.com/v/toast/4a7c5899f964a5204fec1fe3/menu", "type": "Menu"}, "beenHere": {"lastCheckinExpiredAt": 0}, "url": "http://chicago-toast.com", "like": false, "categories": [{"icon": {"prefix": "https://ss3.4sqi.net/img/categories_v2/food/breakfast_", "suffix": ".png"}, "name": "Breakfast Spot", "id": "4bf58dd8d48988d143941735", "pluralName": "Breakfast Spots", "primary": true, "shortName": "Breakfast"}], "id": "4a7c5899f964a5204fec1fe3", "name": "Toast"}, "suffix": "/10633661_gl9dR0xpBy5ytkUUsRjkSCl1ujo8D3OddZM7PQ9wwkE.jpg", "visibility": "public"}, {"height": 612, "source": {"url": "http://instagram.com", "name": "Instagram"}, "width": 612, "prefix": "https://igx.4sqi.net/img/general/", "createdAt": 1379180370, "id": "52349f5211d2d885e5c2adf1", "venue": {"venueRatingBlacklisted": true, "like": false, "location": {"city": "Chicago", "state": "IL", "isFuzzed": true, "cc": "US", "country": "United States", "lat": 41.90170351879477, "lng": -87.70248168670967, "formattedAddress": ["Chicago, IL 60622", "United States"]}, "categories": [{"icon": {"prefix": "https://ss3.4sqi.net/img/categories_v2/building/home_", "suffix": ".png"}, "name": "Home (private)", "id": "4bf58dd8d48988d103941735", "pluralName": "Homes (private)", "primary": true, "shortName": "Home"}], "verified": false, "contact": {}, "beenHere": {"lastCheckinExpiredAt": 0}, "stats": {"tipCount": 0, "usersCount": 67, "checkinsCount": 103}, "id": "502822ffe4b098a56220f451", "name": "Humbolt Park"}, "suffix": "/10633661_8WtEj95PhplzLmOrqukZ4s57eCwm0NO8J43lYdaitE4.jpg", "visibility": "public"}, {"height": 720, "source": {"url": "https://foursquare.com/download/#/iphone", "name": "Foursquare for iOS"}, "width": 960, "prefix": "https://igx.4sqi.net/img/general/", "createdAt": 1378153842, "id": "5224f57211d292ad0543b54d", "venue": {"hasMenu": true, "location": {"formattedAddress": ["2528 S Kedzie Ave", "Chicago, IL 60623", "United States"], "city": "Chicago", "lng": -87.70531824987532, "cc": "US", "state": "IL", "lat": 41.845456887332176, "address": "2528 S Kedzie Ave", "postalCode": "60623", "country": "United States"}, "contact": {"formattedPhone": "+1 773-254-7722", "phone": "+17732547722"}, "verified": false, "allowMenuUrlEdit": true, "stats": {"tipCount": 16, "usersCount": 856, "checkinsCount": 1263}, "id": "4b22783bf964a520454724e3", "beenHere": {"lastCheckinExpiredAt": 0}, "url": "http://www.mitierrarestaurant.com", "closed": true, "like": false, "categories": [{"icon": {"prefix": "https://ss3.4sqi.net/img/categories_v2/food/mexican_", "suffix": ".png"}, "name": "Mexican Restaurant", "id": "4bf58dd8d48988d1c1941735", "pluralName": "Mexican Restaurants", "primary": true, "shortName": "Mexican"}], "menu": {"label": "Menu", "anchor": "View Menu", "mobileUrl": "https://foursquare.com/v/4b22783bf964a520454724e3/device_menu", "url": "https://foursquare.com/v/mi-tierra/4b22783bf964a520454724e3/menu", "type": "Menu"}, "name": "Mi Tierra"}, "suffix": "/10633661_E00tpY-PjfZremgEY0B5UHYX_Pg5FhlylCehnFrjo5o.jpg", "visibility": "public"}, {"height": 720, "source": {"url": "https://foursquare.com/download/#/iphone", "name": "Foursquare for iOS"}, "width": 960, "prefix": "https://igx.4sqi.net/img/general/", "createdAt": 1376687666, "id": "520e963211d24e5f36ebf8b5", "venue": {"hasMenu": true, "location": {"formattedAddress": ["111 N Wabash Ave (Between Washington St. & Randolph St.)", "Chicago, IL 60602", "United States"], "city": "Chicago", "lng": -87.62616500791178, "cc": "US", "state": "IL", "crossStreet": "Between Washington St. & Randolph St.", "lat": 41.8833595421128, "address": "111 N Wabash Ave", "labeledLatLngs": [{"label": "display", "lat": 41.8833595421128, "lng": -87.62616500791178}], "postalCode": "60602", "country": "United States"}, "contact": {"formattedPhone": "+1 312-263-6443", "phone": "+13122636443", "facebookName": "Heaven on Seven Wabash", "facebookUsername": "heavenonsevenwabash", "facebook": "26570853581"}, "verified": true, "allowMenuUrlEdit": true, "stats": {"tipCount": 42, "usersCount": 1544, "checkinsCount": 2221}, "menu": {"label": "Menu", "anchor": "View Menu", "mobileUrl": "https://foursquare.com/v/4a9ed9baf964a520773b20e3/device_menu", "url": "https://foursquare.com/v/heaven-on-seven/4a9ed9baf964a520773b20e3/menu", "type": "Menu"}, "storeId": "", "beenHere": {"lastCheckinExpiredAt": 0}, "url": "http://www.heavenonseven.com/wabash.html", "like": false, "categories": [{"icon": {"prefix": "https://ss3.4sqi.net/img/categories_v2/food/cajun_", "suffix": ".png"}, "name": "Cajun / Creole Restaurant", "id": "4bf58dd8d48988d17a941735", "pluralName": "Cajun / Creole Restaurants", "primary": true, "shortName": "Cajun / Creole"}], "id": "4a9ed9baf964a520773b20e3", "name": "Heaven On Seven", "venuePage": {"id": "72045726"}}, "suffix": "/10633661_fAGCe2gNOw4QiuTcxvwskpHsI1ot9YZ81oHiGR0sTv8.jpg", "visibility": "public"}, {"height": 720, "source": {"url": "https://foursquare.com/download/#/iphone", "name": "Foursquare for iOS"}, "width": 720, "prefix": "https://igx.4sqi.net/img/general/", "createdAt": 1365101542, "id": "515dcbe6e4b06cdf3109eebd", "venue": {"venueRatingBlacklisted": true, "like": false, "location": {"city": "Chicago", "lng": -87.62395738255955, "cc": "US", "state": "IL", "lat": 41.89266212395808, "address": "Travel to a different Reality", "labeledLatLngs": [{"label": "display", "lat": 41.89266212395808, "lng": -87.62395738255955}], "formattedAddress": ["Travel to a different Reality", "Chicago, IL", "United States"], "country": "United States"}, "categories": [{"icon": {"prefix": "https://ss3.4sqi.net/img/categories_v2/travel/default_", "suffix": ".png"}, "name": "General Travel", "id": "4bf58dd8d48988d1f6931735", "pluralName": "General Travel", "primary": true, "shortName": "Travel"}], "verified": false, "contact": {}, "beenHere": {"lastCheckinExpiredAt": 0}, "stats": {"tipCount": 0, "usersCount": 1, "checkinsCount": 1}, "id": "515dcb95e4b036a7390ce282", "name": "Theater 1"}, "suffix": "/10633661_WWYw7SW9xI862Oyvzh52_1UiaX1ebe1wKtPqEgvoke8.jpg", "visibility": "public"}], "count": 13}, "totalCount": 13}}