{"meta": {"code": 200, "requestId": "595b3f861ed21919f951d0c0"}, "notifications": [{"item": {"unreadCount": 0}, "type": "notificationTray"}], "response": {"photos": {"items": [{"height": 1920, "source": {"url": "https://foursquare.com/download/#/android", "name": "Foursquare for Android"}, "tip": {"agreeCount": 0, "canonicalUrl": "https://foursquare.com/item/5479768b498e8a019ff4d493", "todo": {"count": 0}, "logView": true, "disagreeCount": 0, "createdAt": 1417246347, "id": "5479768b498e8a019ff4d493", "text": "Really crowded", "likes": {"groups": [], "count": 0}, "like": false, "type": "user"}, "width": 2560, "prefix": "https://igx.4sqi.net/img/general/", "createdAt": 1417246395, "id": "547976bb498eed8639ae28c7", "venue": {"url": "http://gtcoffee.com", "like": false, "location": {"formattedAddress": ["#02-01, 49 Duxton Road", "089513", "Singapore"], "city": "Singapore", "lng": 103.84324236331047, "cc": "SG", "country": "Singapore", "lat": 1.2783523125375273, "address": "#02-01, 49 Duxton Road", "labeledLatLngs": [{"label": "display", "lat": 1.2783523125375273, "lng": 103.84324236331047}], "postalCode": "089513"}, "categories": [{"icon": {"prefix": "https://ss3.4sqi.net/img/categories_v2/food/cafe_", "suffix": ".png"}, "name": "Caf\u00e9", "id": "4bf58dd8d48988d16d941735", "pluralName": "Caf\u00e9s", "primary": true, "shortName": "Caf\u00e9"}], "verified": false, "contact": {"formattedPhone": "+65 6222 2554", "phone": "+6562222554", "facebookName": "Group Therapy Coffee", "facebookUsername": "grouptherapycoffee", "facebook": "113426848738403"}, "allowMenuUrlEdit": true, "stats": {"tipCount": 109, "usersCount": 2637, "checkinsCount": 4389}, "id": "4dca1862887769ff3d477e96", "name": "Group Therapy", "beenHere": {"lastCheckinExpiredAt": 0}}, "suffix": "/10658338_hwnSOj65zkdLF9L2KkH6bYdv0GXKcKFHbpOVOkNfxUE.jpg", "visibility": "public"}, {"height": 1920, "source": {"url": "https://foursquare.com/download/#/android", "name": "Foursquare for Android"}, "tip": {"agreeCount": 0, "canonicalUrl": "https://foursquare.com/item/547896a1498eca5505f2f54d", "todo": {"count": 0}, "logView": true, "disagreeCount": 0, "createdAt": 1417189025, "id": "547896a1498eca5505f2f54d", "text": "Gud nite orchard.", "likes": {"groups": [], "count": 0}, "like": false, "type": "user"}, "width": 2560, "prefix": "https://igx.4sqi.net/img/general/", "createdAt": 1417189028, "id": "547896a4498e22940b57efe2", "venue": {"url": "http://www.orchardroad.org", "like": false, "location": {"city": "Singapore", "lng": 103.83509159088135, "cc": "SG", "country": "Singapore", "lat": 1.3031837123913104, "address": "Orchard Rd.", "crossStreet": "Orchard", "formattedAddress": ["Orchard Rd. (Orchard)", "Singapore"]}, "categories": [{"icon": {"prefix": "https://ss3.4sqi.net/img/categories_v2/travel/highway_", "suffix": ".png"}, "name": "Road", "id": "4bf58dd8d48988d1f9931735", "pluralName": "Roads", "primary": true, "shortName": "Road"}], "verified": false, "contact": {"twitter": "orchardroadsg"}, "beenHere": {"lastCheckinExpiredAt": 0}, "stats": {"tipCount": 201, "usersCount": 28053, "checkinsCount": 55242}, "id": "4c36169304cbb7137afbed0d", "name": "Orchard Road", "venueRatingBlacklisted": true}, "suffix": "/10658338_1vX0aSP03XQRyXjF2tPjAw7kWtPYTVrezWsf_g5wRkA.jpg", "visibility": "public"}, {"height": 960, "source": {"url": "https://foursquare.com/download/#/android", "name": "Foursquare for Android"}, "width": 960, "prefix": "https://igx.4sqi.net/img/general/", "createdAt": 1387686045, "id": "52b6689d498e931a97c3192a", "venue": {"like": false, "location": {"cc": "VN", "country": "Vi\u1ec7t Nam", "lat": 10.772151, "lng": 106.687724, "labeledLatLngs": [{"label": "display", "lat": 10.772151, "lng": 106.687724}], "formattedAddress": ["Vi\u1ec7t Nam"]}, "categories": [{"icon": {"prefix": "https://ss3.4sqi.net/img/categories_v2/food/juicebar_", "suffix": ".png"}, "name": "Juice Bar", "id": "4bf58dd8d48988d112941735", "pluralName": "Juice Bars", "primary": true, "shortName": "Juice Bar"}], "verified": false, "contact": {}, "allowMenuUrlEdit": true, "stats": {"tipCount": 0, "usersCount": 20, "checkinsCount": 23}, "id": "514c608ee4b08d4173eeeb14", "name": "Juice Farm", "beenHere": {"lastCheckinExpiredAt": 0}}, "suffix": "/10658338_tNY0vZUG-Wh92DB_2AIt1pCg_4AzVE08rqfsIrcjDeo.jpg", "visibility": "public"}, {"height": 960, "source": {"url": "https://foursquare.com/download/#/android", "name": "Foursquare for Android"}, "width": 575, "prefix": "https://igx.4sqi.net/img/general/", "createdAt": 1387286882, "id": "52b05162498e4311a90ed253", "venue": {"location": {"formattedAddress": ["399 V\u00f5 V\u0103n T\u1ea7n st., district 3 (Cao Th\u1eafng)", "H\u1ed3 Ch\u00ed Minh", "HCM", "Vi\u1ec7t Nam"], "city": "H\u1ed3 Ch\u00ed Minh", "lng": 106.68452024459839, "cc": "VN", "state": "HCM", "crossStreet": "Cao Th\u1eafng", "lat": 10.770452983865722, "address": "399 V\u00f5 V\u0103n T\u1ea7n st., district 3", "labeledLatLngs": [{"label": "display", "lat": 10.770452983865722, "lng": 106.68452024459839}], "postalCode": "70000", "country": "Vi\u1ec7t Nam"}, "contact": {"twitter": "thebeanstore", "facebookName": "The Bean Store", "formattedPhone": "+84 8 3929 5678", "phone": "+84839295678", "facebookUsername": "TheBeanStoreVN", "facebook": "194682533914897"}, "verified": true, "allowMenuUrlEdit": true, "stats": {"tipCount": 37, "usersCount": 532, "checkinsCount": 1054}, "id": "4f30c2967b0c13a0658289e8", "storeId": "", "url": "http://www.facebook.com/thebeanstoreVN", "closed": true, "like": false, "categories": [{"icon": {"prefix": "https://ss3.4sqi.net/img/categories_v2/food/diner_", "suffix": ".png"}, "name": "Diner", "id": "4bf58dd8d48988d147941735", "pluralName": "Diners", "primary": true, "shortName": "Diner"}], "beenHere": {"lastCheckinExpiredAt": 0}, "name": "The Bean Store"}, "suffix": "/10658338_BhvSmwDY5eNV--jO_xOry6hVpZ8MjCXEQo_os1eC3wg.jpg", "visibility": "public"}, {"height": 575, "source": {"url": "https://foursquare.com/download/#/android", "name": "Foursquare for Android"}, "width": 960, "prefix": "https://igx.4sqi.net/img/general/", "createdAt": 1373465904, "id": "51dd6d30498e8af53090e5f8", "venue": {"closed": true, "like": false, "location": {"city": "Th\u00e0nh ph\u1ed1 H\u1ed3 Ch\u00ed Minh", "lng": 106.72014967236187, "cc": "VN", "state": "Th\u00e0nh ph\u1ed1 H\u1ed3 Ch\u00ed Minh", "lat": 10.725720861073912, "address": "17 Ton Dat Tien St., District 7", "formattedAddress": ["17 Ton Dat Tien St., District 7", "Th\u00e0nh ph\u1ed1 H\u1ed3 Ch\u00ed Minh", "Th\u00e0nh ph\u1ed1 H\u1ed3 Ch\u00ed Minh", "Vi\u1ec7t Nam"], "country": "Vi\u1ec7t Nam"}, "categories": [{"icon": {"prefix": "https://ss3.4sqi.net/img/categories_v2/food/cafe_", "suffix": ".png"}, "name": "Caf\u00e9", "id": "4bf58dd8d48988d16d941735", "pluralName": "Caf\u00e9s", "primary": true, "shortName": "Caf\u00e9"}], "verified": false, "contact": {}, "allowMenuUrlEdit": true, "stats": {"tipCount": 39, "usersCount": 801, "checkinsCount": 1856}, "id": "4c26ba4c905a0f47dce36360", "name": "NYDC", "beenHere": {"lastCheckinExpiredAt": 0}}, "suffix": "/10658338_CA-F5EQtk3c-mcVk2j-Z5FnmlhbdEr1mBev8NXdMT0k.jpg", "visibility": "public"}, {"height": 720, "source": {"url": "https://foursquare.com/download/#/android", "name": "Foursquare for Android"}, "width": 431, "prefix": "https://igx.4sqi.net/img/general/", "createdAt": 1365560780, "id": "5164cdcce4b09a8234978349", "venue": {"like": false, "location": {"lng": 106.69177782702961, "cc": "VN", "country": "Vi\u1ec7t Nam", "lat": 10.786513153268166, "address": "69 Pham Ngoc Thach", "labeledLatLngs": [{"label": "display", "lat": 10.786513153268166, "lng": 106.69177782702961}], "formattedAddress": ["69 Pham Ngoc Thach", "Vi\u1ec7t Nam"]}, "categories": [{"icon": {"prefix": "https://ss3.4sqi.net/img/categories_v2/nightlife/default_", "suffix": ".png"}, "name": "Lounge", "id": "4bf58dd8d48988d121941735", "pluralName": "Lounges", "primary": true, "shortName": "Lounge"}], "verified": false, "contact": {}, "allowMenuUrlEdit": true, "stats": {"tipCount": 8, "usersCount": 74, "checkinsCount": 156}, "id": "51495324e4b0c432e83c2475", "name": "Saiga Studio", "beenHere": {"lastCheckinExpiredAt": 0}}, "suffix": "/10658338_tuouyo-z9vpEjuC9zkC4Fr8P4d9EfnKtHaeLjjjIW5o.jpg", "visibility": "public"}, {"height": 431, "source": {"url": "https://foursquare.com/download/#/android", "name": "Foursquare for Android"}, "width": 720, "prefix": "https://igx.4sqi.net/img/general/", "createdAt": 1363957250, "id": "514c5602e4b0181e49d95e69", "venue": {"like": false, "location": {"city": "H\u1ed3 Ch\u00ed Minh", "lng": 106.6770031143047, "cc": "VN", "country": "Vi\u1ec7t Nam", "lat": 10.793038763162658, "address": "28A Tr\u1ea7n Cao V\u00e2n. P12. Q Ph\u00fa Nhu\u1eadn", "labeledLatLngs": [{"label": "display", "lat": 10.793038763162658, "lng": 106.6770031143047}], "formattedAddress": ["28A Tr\u1ea7n Cao V\u00e2n. P12. Q Ph\u00fa Nhu\u1eadn", "H\u1ed3 Ch\u00ed Minh", "Vi\u1ec7t Nam"]}, "categories": [{"icon": {"prefix": "https://ss3.4sqi.net/img/categories_v2/food/cafe_", "suffix": ".png"}, "name": "Caf\u00e9", "id": "4bf58dd8d48988d16d941735", "pluralName": "Caf\u00e9s", "primary": true, "shortName": "Caf\u00e9"}], "verified": false, "contact": {}, "allowMenuUrlEdit": true, "stats": {"tipCount": 39, "usersCount": 477, "checkinsCount": 679}, "id": "4bf9ede65efe2d7f1d0d6d34", "name": "Pergola cafe", "beenHere": {"lastCheckinExpiredAt": 0}}, "suffix": "/10658338_X1uS2Io4WOfWsyLE-MrX03OAzmjXs_ZNyAL2G4YcqNA.jpg", "visibility": "public"}, {"height": 431, "source": {"url": "https://foursquare.com/download/#/android", "name": "Foursquare for Android"}, "width": 720, "prefix": "https://igx.4sqi.net/img/general/", "createdAt": 1361846442, "id": "512c20aae4b0ac0dea184f75", "venue": {"location": {"city": "Th\u00e0nh ph\u1ed1 H\u1ed3 Ch\u00ed Minh", "lng": 106.69379532337189, "cc": "VN", "state": "Th\u00e0nh ph\u1ed1 H\u1ed3 Ch\u00ed Minh", "crossStreet": "btw. Pham Hong Thai St. and Nguyen Thi Nghia St.", "lat": 10.77108537325474, "address": "76 Le Lai St., Dist. 1", "labeledLatLngs": [{"label": "display", "lat": 10.77108537325474, "lng": 106.69379532337189}], "formattedAddress": ["76 Le Lai St., Dist. 1 (btw. Pham Hong Thai St. and Nguyen Thi Nghia St.)", "Th\u00e0nh ph\u1ed1 H\u1ed3 Ch\u00ed Minh", "Th\u00e0nh ph\u1ed1 H\u1ed3 Ch\u00ed Minh", "Vi\u1ec7t Nam"], "country": "Vi\u1ec7t Nam"}, "contact": {"twitter": "starbucksvie", "facebookName": "Starbucks Vietnam", "formattedPhone": "+84 8 3823 7952", "phone": "+84838237952", "facebookUsername": "starbucksvietnam", "facebook": "518824771491353"}, "verified": true, "allowMenuUrlEdit": true, "stats": {"tipCount": 142, "usersCount": 3836, "checkinsCount": 8222}, "menu": {"url": "http://en.starbucks.vn/menu-list", "label": "Menu", "anchor": "View Menu", "mobileUrl": "http://en.starbucks.vn/menu-list", "type": "Menu", "externalUrl": "http://en.starbucks.vn/menu-list"}, "storeId": "", "beenHere": {"lastCheckinExpiredAt": 0}, "url": "http://www.starbucks.vn", "like": false, "categories": [{"icon": {"prefix": "https://ss3.4sqi.net/img/categories_v2/food/coffeeshop_", "suffix": ".png"}, "name": "Coffee Shop", "id": "4bf58dd8d48988d1e0931735", "pluralName": "Coffee Shops", "primary": true, "shortName": "Coffee Shop"}], "id": "50ae4436e4b04c937a56de9c", "name": "Starbucks Coffee @ New World Hotel", "venuePage": {"id": "76915000"}}, "suffix": "/10658338_zNsaCn2j4pmE-GZ-IMIRoObkdpTbGjLY2j4qX6Psv1E.jpg", "visibility": "public"}, {"height": 720, "source": {"url": "https://foursquare.com/download/#/android", "name": "Foursquare for Android"}, "width": 431, "prefix": "https://igx.4sqi.net/img/general/", "createdAt": 1361370864, "id": "5124def0e4b068c30efd7eb9", "venue": {"like": false, "location": {"lng": 106.69882006079942, "cc": "VN", "country": "Vi\u1ec7t Nam", "lat": 10.777754550890748, "address": "L\u1ea7u 2 - 95 Pasteur - P.B\u1ebfn Ngh\u00e9 - Q1", "labeledLatLngs": [{"label": "display", "lat": 10.777754550890748, "lng": 106.69882006079942}], "formattedAddress": ["L\u1ea7u 2 - 95 Pasteur - P.B\u1ebfn Ngh\u00e9 - Q1", "Vi\u1ec7t Nam"]}, "categories": [{"icon": {"prefix": "https://ss3.4sqi.net/img/categories_v2/food/cafe_", "suffix": ".png"}, "name": "Caf\u00e9", "id": "4bf58dd8d48988d16d941735", "pluralName": "Caf\u00e9s", "primary": true, "shortName": "Caf\u00e9"}], "verified": false, "contact": {}, "allowMenuUrlEdit": true, "stats": {"tipCount": 2, "usersCount": 23, "checkinsCount": 41}, "id": "50efa17ce4b0d64e0900b2a1", "name": "Coffee G\u00f3c Ph\u1ed1 Xanh", "beenHere": {"lastCheckinExpiredAt": 0}}, "suffix": "/10658338_1FiWTHr7Ev6Rxa6f0CPAAAlUbANOR-cfvKdYldScbA8.jpg", "visibility": "public"}, {"height": 431, "source": {"url": "https://foursquare.com/download/#/android", "name": "Foursquare for Android"}, "width": 720, "prefix": "https://igx.4sqi.net/img/general/", "createdAt": 1361100817, "id": "5120c011e4b0a441ff1ce634", "venue": {"like": false, "location": {"city": "Th\u00e0nh ph\u1ed1 H\u1ed3 Ch\u00ed Minh", "lng": 106.69491599817393, "cc": "VN", "state": "Th\u00e0nh ph\u1ed1 H\u1ed3 Ch\u00ed Minh", "lat": 10.768977731646538, "address": "197 Nguyen Thai Hoc, D1", "labeledLatLngs": [{"label": "display", "lat": 10.768977731646538, "lng": 106.69491599817393}], "formattedAddress": ["197 Nguyen Thai Hoc, D1", "Th\u00e0nh ph\u1ed1 H\u1ed3 Ch\u00ed Minh", "Th\u00e0nh ph\u1ed1 H\u1ed3 Ch\u00ed Minh", "Vi\u1ec7t Nam"], "country": "Vi\u1ec7t Nam"}, "categories": [{"icon": {"prefix": "https://ss3.4sqi.net/img/categories_v2/food/japanese_", "suffix": ".png"}, "name": "Japanese Restaurant", "id": "4bf58dd8d48988d111941735", "pluralName": "Japanese Restaurants", "primary": true, "shortName": "Japanese"}], "verified": false, "contact": {}, "allowMenuUrlEdit": true, "stats": {"tipCount": 3, "usersCount": 48, "checkinsCount": 79}, "id": "50f1716de4b0f8af19c48118", "name": "Sky Sushi Streetbar", "beenHere": {"lastCheckinExpiredAt": 0}}, "suffix": "/10658338_YeXx3CB0M0MfHhzoQYpDlt-pMKgApUuBMRuPjD8H4HU.jpg", "visibility": "public"}, {"height": 720, "source": {"url": "https://foursquare.com/download/#/android", "name": "Foursquare for Android"}, "width": 431, "prefix": "https://igx.4sqi.net/img/general/", "createdAt": 1361094894, "id": "5120a8eee4b09c464a2f7a57", "venue": {"location": {"formattedAddress": ["399 V\u00f5 V\u0103n T\u1ea7n st., district 3 (Cao Th\u1eafng)", "H\u1ed3 Ch\u00ed Minh", "HCM", "Vi\u1ec7t Nam"], "city": "H\u1ed3 Ch\u00ed Minh", "lng": 106.68452024459839, "cc": "VN", "state": "HCM", "crossStreet": "Cao Th\u1eafng", "lat": 10.770452983865722, "address": "399 V\u00f5 V\u0103n T\u1ea7n st., district 3", "labeledLatLngs": [{"label": "display", "lat": 10.770452983865722, "lng": 106.68452024459839}], "postalCode": "70000", "country": "Vi\u1ec7t Nam"}, "contact": {"twitter": "thebeanstore", "facebookName": "The Bean Store", "formattedPhone": "+84 8 3929 5678", "phone": "+84839295678", "facebookUsername": "TheBeanStoreVN", "facebook": "194682533914897"}, "verified": true, "allowMenuUrlEdit": true, "stats": {"tipCount": 37, "usersCount": 532, "checkinsCount": 1054}, "id": "4f30c2967b0c13a0658289e8", "storeId": "", "url": "http://www.facebook.com/thebeanstoreVN", "closed": true, "like": false, "categories": [{"icon": {"prefix": "https://ss3.4sqi.net/img/categories_v2/food/diner_", "suffix": ".png"}, "name": "Diner", "id": "4bf58dd8d48988d147941735", "pluralName": "Diners", "primary": true, "shortName": "Diner"}], "beenHere": {"lastCheckinExpiredAt": 0}, "name": "The Bean Store"}, "suffix": "/10658338_C3hiGxkIgS89lQguCalhM0MLdHWWoAovumXEN0D2R_E.jpg", "visibility": "public"}, {"height": 720, "source": {"url": "https://foursquare.com/download/#/android", "name": "Foursquare for Android"}, "width": 431, "prefix": "https://igx.4sqi.net/img/general/", "createdAt": 1361020572, "id": "511f869ce4b0b8dae5aa7bea", "venue": {"like": false, "location": {"city": "Th\u00e0nh ph\u1ed1 H\u1ed3 Ch\u00ed Minh", "lng": 106.69433442545825, "cc": "VN", "state": "Th\u00e0nh ph\u1ed1 H\u1ed3 Ch\u00ed Minh", "crossStreet": "Tr\u1ea7n H\u01b0ng \u0110\u1ea1o", "lat": 10.766877651374406, "address": "38", "labeledLatLngs": [{"label": "display", "lat": 10.766877651374406, "lng": 106.69433442545825}], "formattedAddress": ["38 (Tr\u1ea7n H\u01b0ng \u0110\u1ea1o)", "Th\u00e0nh ph\u1ed1 H\u1ed3 Ch\u00ed Minh", "Th\u00e0nh ph\u1ed1 H\u1ed3 Ch\u00ed Minh", "Vi\u1ec7t Nam"], "country": "Vi\u1ec7t Nam"}, "categories": [{"icon": {"prefix": "https://ss3.4sqi.net/img/categories_v2/food/cafe_", "suffix": ".png"}, "name": "Caf\u00e9", "id": "4bf58dd8d48988d16d941735", "pluralName": "Caf\u00e9s", "primary": true, "shortName": "Caf\u00e9"}], "verified": false, "contact": {}, "allowMenuUrlEdit": true, "stats": {"tipCount": 5, "usersCount": 83, "checkinsCount": 103}, "id": "50ddacece4b0115556e41588", "name": "StartUp Coffee", "beenHere": {"lastCheckinExpiredAt": 0}}, "suffix": "/10658338_dfEs-v5SadO0oklVVQxDtsFHL8x_lczb8mQPVSsgltY.jpg", "visibility": "public"}, {"height": 431, "source": {"url": "https://foursquare.com/download/#/android", "name": "Foursquare for Android"}, "width": 720, "prefix": "https://igx.4sqi.net/img/general/", "createdAt": 1360671316, "id": "511a3254e4b02a26a6221433", "venue": {"like": false, "location": {"cc": "VN", "country": "Vi\u1ec7t Nam", "lat": 10.785612, "lng": 106.701038, "labeledLatLngs": [{"label": "display", "lat": 10.785612, "lng": 106.701038}], "formattedAddress": ["Vi\u1ec7t Nam"]}, "categories": [{"icon": {"prefix": "https://ss3.4sqi.net/img/categories_v2/food/coffeeshop_", "suffix": ".png"}, "name": "Coffee Shop", "id": "4bf58dd8d48988d1e0931735", "pluralName": "Coffee Shops", "primary": true, "shortName": "Coffee Shop"}], "verified": false, "contact": {}, "allowMenuUrlEdit": true, "stats": {"tipCount": 0, "usersCount": 3, "checkinsCount": 3}, "id": "5062a75de4b0af8b07232acd", "name": "Gabii Coffee", "beenHere": {"lastCheckinExpiredAt": 0}}, "suffix": "/10658338_lE2rJJI6z14L8f8wS_vTwxRPgKm1B2C0Chjs6Lk7bXE.jpg", "visibility": "public"}, {"height": 431, "source": {"url": "https://foursquare.com/download/#/android", "name": "Foursquare for Android"}, "width": 720, "prefix": "https://igx.4sqi.net/img/general/", "createdAt": 1360559993, "id": "51187f79e4b0502d6593f387", "venue": {"like": false, "location": {"city": "Th\u00e0nh ph\u1ed1 H\u1ed3 Ch\u00ed Minh", "lng": 106.70138825778687, "cc": "VN", "state": "Th\u00e0nh ph\u1ed1 H\u1ed3 Ch\u00ed Minh", "lat": 10.741041698620688, "address": "3rd Floor, Lotte Mart, 469 Nguy\u1ec5n H\u1eefu Th\u1ecd, District 7", "labeledLatLngs": [{"label": "display", "lat": 10.741041698620688, "lng": 106.70138825778687}], "formattedAddress": ["3rd Floor, Lotte Mart, 469 Nguy\u1ec5n H\u1eefu Th\u1ecd, District 7", "Th\u00e0nh ph\u1ed1 H\u1ed3 Ch\u00ed Minh", "Th\u00e0nh ph\u1ed1 H\u1ed3 Ch\u00ed Minh", "Vi\u1ec7t Nam"], "country": "Vi\u1ec7t Nam"}, "categories": [{"icon": {"prefix": "https://ss3.4sqi.net/img/categories_v2/arts_entertainment/movietheater_", "suffix": ".png"}, "name": "Multiplex", "id": "4bf58dd8d48988d180941735", "pluralName": "Multiplexes", "primary": true, "shortName": "Cineplex"}], "verified": false, "contact": {}, "allowMenuUrlEdit": true, "stats": {"tipCount": 26, "usersCount": 880, "checkinsCount": 2520}, "id": "4bebe75662c0c928da9ce2d4", "name": "Lotte Cinema Nam S\u00e0i G\u00f2n", "beenHere": {"lastCheckinExpiredAt": 0}}, "suffix": "/10658338_mPmWwJ-R6gHXA-39IY447Oime4gJWVqh5sWEMioozrk.jpg", "visibility": "public"}, {"height": 431, "source": {"url": "https://foursquare.com/download/#/android", "name": "Foursquare for Android"}, "width": 720, "prefix": "https://igx.4sqi.net/img/general/", "createdAt": 1359816726, "id": "510d2816e4b07546979808af", "venue": {"like": false, "location": {"city": "Th\u00e0nh ph\u1ed1 H\u1ed3 Ch\u00ed Minh", "lng": 106.69387953302099, "cc": "VN", "state": "Th\u00e0nh ph\u1ed1 H\u1ed3 Ch\u00ed Minh", "crossStreet": "Bui Vien", "lat": 10.76762120177959, "address": "224 De Tham St., Pham Ngu Lao Ward, Dist. 1", "labeledLatLngs": [{"label": "display", "lat": 10.76762120177959, "lng": 106.69387953302099}], "formattedAddress": ["224 De Tham St., Pham Ngu Lao Ward, Dist. 1 (Bui Vien)", "Th\u00e0nh ph\u1ed1 H\u1ed3 Ch\u00ed Minh", "Th\u00e0nh ph\u1ed1 H\u1ed3 Ch\u00ed Minh", "Vi\u1ec7t Nam"], "country": "Vi\u1ec7t Nam"}, "categories": [{"icon": {"prefix": "https://ss3.4sqi.net/img/categories_v2/food/cafe_", "suffix": ".png"}, "name": "Caf\u00e9", "id": "4bf58dd8d48988d16d941735", "pluralName": "Caf\u00e9s", "primary": true, "shortName": "Caf\u00e9"}], "verified": false, "contact": {"formattedPhone": "+84 8 2210 2929", "phone": "+84822102929", "facebookName": "Thi Bar", "facebookUsername": "thibar224", "facebook": "313533675329418"}, "allowMenuUrlEdit": true, "stats": {"tipCount": 50, "usersCount": 836, "checkinsCount": 2265}, "id": "4d5d33e62a31a1cd1b3c50f1", "name": "Thi Caf\u00e9", "beenHere": {"lastCheckinExpiredAt": 0}}, "suffix": "/10658338_bWSSbDmudEjJcBBjWCwZ9Na_oeoYfbY8HGEUglmqh4M.jpg", "visibility": "public"}, {"height": 431, "source": {"url": "https://foursquare.com/download/#/android", "name": "Foursquare for Android"}, "width": 720, "prefix": "https://igx.4sqi.net/img/general/", "createdAt": 1359690029, "id": "510b392de4b0ec5cb65c913a", "venue": {"like": false, "location": {"city": "Th\u00e0nh ph\u1ed1 H\u1ed3 Ch\u00ed Minh", "lng": 106.7164122344244, "cc": "VN", "state": "Th\u00e0nh ph\u1ed1 H\u1ed3 Ch\u00ed Minh", "lat": 10.803657420986001, "address": "B1-B2(36/70) Duong D2 P.25 Q.Binh Thanh", "labeledLatLngs": [{"label": "display", "lat": 10.803657420986001, "lng": 106.7164122344244}], "formattedAddress": ["B1-B2(36/70) Duong D2 P.25 Q.Binh Thanh", "Th\u00e0nh ph\u1ed1 H\u1ed3 Ch\u00ed Minh", "Th\u00e0nh ph\u1ed1 H\u1ed3 Ch\u00ed Minh", "Vi\u1ec7t Nam"], "country": "Vi\u1ec7t Nam"}, "categories": [{"icon": {"prefix": "https://ss3.4sqi.net/img/categories_v2/food/cafe_", "suffix": ".png"}, "name": "Caf\u00e9", "id": "4bf58dd8d48988d16d941735", "pluralName": "Caf\u00e9s", "primary": true, "shortName": "Caf\u00e9"}], "verified": false, "contact": {"formattedPhone": "+84 8 6678 1830", "phone": "+84866781830"}, "allowMenuUrlEdit": true, "stats": {"tipCount": 4, "usersCount": 60, "checkinsCount": 394}, "id": "4d2a9d42ebacb1f7cf2b0550", "name": "Vong Nguyet Caf\u00e9", "beenHere": {"lastCheckinExpiredAt": 0}}, "suffix": "/10658338_7MUXBewd9ibCUlReUmRWDxA1DK9fWSLDZ_5qyKtRY04.jpg", "visibility": "public"}, {"height": 720, "source": {"url": "https://foursquare.com/download/#/android", "name": "Foursquare for Android"}, "width": 431, "prefix": "https://igx.4sqi.net/img/general/", "createdAt": 1359514977, "id": "51088d61e4b032ec236f0182", "venue": {"like": false, "location": {"formattedAddress": ["314/2 Dien Bien Phu St., Ward 11, Dist. 10 (Nguyen Thuong Hien st.)", "Th\u00e0nh ph\u1ed1 H\u1ed3 Ch\u00ed Minh", "Th\u00e0nh ph\u1ed1 H\u1ed3 Ch\u00ed Minh", "Vi\u1ec7t Nam"], "city": "Th\u00e0nh ph\u1ed1 H\u1ed3 Ch\u00ed Minh", "lng": 106.68193750425021, "cc": "VN", "state": "Th\u00e0nh ph\u1ed1 H\u1ed3 Ch\u00ed Minh", "crossStreet": "Nguyen Thuong Hien st.", "lat": 10.77607183223138, "address": "314/2 Dien Bien Phu St., Ward 11, Dist. 10", "labeledLatLngs": [{"label": "display", "lat": 10.77607183223138, "lng": 106.68193750425021}], "postalCode": "70000", "country": "Vi\u1ec7t Nam"}, "categories": [{"icon": {"prefix": "https://ss3.4sqi.net/img/categories_v2/food/cafe_", "suffix": ".png"}, "name": "Caf\u00e9", "id": "4bf58dd8d48988d16d941735", "pluralName": "Caf\u00e9s", "primary": true, "shortName": "Caf\u00e9"}], "verified": false, "contact": {"formattedPhone": "+84 8 6276 6966", "phone": "+84862766966"}, "allowMenuUrlEdit": true, "stats": {"tipCount": 35, "usersCount": 382, "checkinsCount": 657}, "id": "4e3e0777a809ba757c132e20", "name": "Cafe D\u00e9j\u00e0 Vu", "beenHere": {"lastCheckinExpiredAt": 0}}, "suffix": "/10658338_pg5uh4jxH7hkSFJrPmuR2pMjKYkhA4WddUqf01ymxBE.jpg", "visibility": "public"}, {"height": 720, "source": {"url": "https://foursquare.com/download/#/android", "name": "Foursquare for Android"}, "width": 431, "prefix": "https://igx.4sqi.net/img/general/", "createdAt": 1359206734, "id": "5103d94ee4b0c047e1e02ac4", "venue": {"like": false, "location": {"cc": "VN", "country": "Vi\u1ec7t Nam", "lat": 10.782363410044274, "lng": 106.68655531871413, "labeledLatLngs": [{"label": "display", "lat": 10.782363410044274, "lng": 106.68655531871413}], "formattedAddress": ["Vi\u1ec7t Nam"]}, "categories": [{"icon": {"prefix": "https://ss3.4sqi.net/img/categories_v2/food/cafe_", "suffix": ".png"}, "name": "Caf\u00e9", "id": "4bf58dd8d48988d16d941735", "pluralName": "Caf\u00e9s", "primary": true, "shortName": "Caf\u00e9"}], "verified": false, "contact": {}, "allowMenuUrlEdit": true, "stats": {"tipCount": 14, "usersCount": 90, "checkinsCount": 103}, "id": "50ec2826e4b079dbc0646e3c", "name": "Bazaar Coffee", "beenHere": {"lastCheckinExpiredAt": 0}}, "suffix": "/10658338_h9qd301s26k_ZzQwqHY9SfqdF4m6RA2L7irSM7iXd9M.jpg", "visibility": "public"}, {"height": 720, "source": {"url": "https://foursquare.com/download/#/android", "name": "Foursquare for Android"}, "width": 431, "prefix": "https://igx.4sqi.net/img/general/", "createdAt": 1358594967, "id": "50fa8397e4b0646cda63ce32", "venue": {"like": false, "location": {"city": "H\u1ed3 Ch\u00ed Minh", "lng": 106.65701911004864, "cc": "VN", "country": "Vi\u1ec7t Nam", "lat": 10.789531522980614, "address": "128/4A B\u00e0nh V\u0103n Tr\u00e2n", "labeledLatLngs": [{"label": "display", "lat": 10.789531522980614, "lng": 106.65701911004864}], "formattedAddress": ["128/4A B\u00e0nh V\u0103n Tr\u00e2n", "H\u1ed3 Ch\u00ed Minh", "Vi\u1ec7t Nam"]}, "categories": [{"icon": {"prefix": "https://ss3.4sqi.net/img/categories_v2/shops/apparel_boutique_", "suffix": ".png"}, "name": "Boutique", "id": "4bf58dd8d48988d104951735", "pluralName": "Boutiques", "primary": true, "shortName": "Boutique"}], "verified": false, "contact": {"formattedPhone": "+84 90 876 27 43", "phone": "+84908762743"}, "allowMenuUrlEdit": true, "stats": {"tipCount": 2, "usersCount": 5, "checkinsCount": 22}, "id": "50f7fe07e4b09c28bd886b31", "name": "G\u00e1c M\u00e1i Boutique", "beenHere": {"lastCheckinExpiredAt": 0}}, "suffix": "/10658338_Udm0WMcjl_MK2K3bzpnCewKZDDIjpzfot_s_5ezzuKA.jpg", "visibility": "public"}, {"height": 720, "source": {"url": "https://foursquare.com/download/#/android", "name": "Foursquare for Android"}, "width": 431, "prefix": "https://igx.4sqi.net/img/general/", "createdAt": 1357987125, "id": "50f13d35e4b033e18c997cd6", "venue": {"like": false, "location": {"city": "Th\u00e0nh ph\u1ed1 H\u1ed3 Ch\u00ed Minh", "lng": 106.70029163360596, "cc": "VN", "state": "Th\u00e0nh ph\u1ed1 H\u1ed3 Ch\u00ed Minh", "crossStreet": "Le Thanh Ton St.", "lat": 10.774900761059742, "address": "63/85 Pasteur St., District 1", "labeledLatLngs": [{"label": "display", "lat": 10.774900761059742, "lng": 106.70029163360596}], "formattedAddress": ["63/85 Pasteur St., District 1 (Le Thanh Ton St.)", "Th\u00e0nh ph\u1ed1 H\u1ed3 Ch\u00ed Minh", "Th\u00e0nh ph\u1ed1 H\u1ed3 Ch\u00ed Minh", "Vi\u1ec7t Nam"], "country": "Vi\u1ec7t Nam"}, "categories": [{"icon": {"prefix": "https://ss3.4sqi.net/img/categories_v2/food/cafe_", "suffix": ".png"}, "name": "Caf\u00e9", "id": "4bf58dd8d48988d16d941735", "pluralName": "Caf\u00e9s", "primary": true, "shortName": "Caf\u00e9"}], "verified": false, "contact": {}, "allowMenuUrlEdit": true, "stats": {"tipCount": 25, "usersCount": 314, "checkinsCount": 459}, "id": "4c55176e6a4bb71300cc4427", "name": "Princess and the Pea Cafe", "beenHere": {"lastCheckinExpiredAt": 0}}, "suffix": "/10658338_of7ZMkFVNvlGusMTdnu-NeTcrA4UnPKVHG6t45qJHWM.jpg", "visibility": "public"}, {"height": 431, "source": {"url": "https://foursquare.com/download/#/android", "name": "Foursquare for Android"}, "width": 720, "prefix": "https://igx.4sqi.net/img/general/", "createdAt": 1354773691, "id": "50c034bbe4b08c1f63e1b1b3", "venue": {"like": false, "location": {"city": "Da Lat", "lng": 108.45375200858813, "cc": "VN", "state": "Lam Dong", "lat": 11.93810249989633, "address": "14 Tr\u1ea7n H\u01b0ng \u0110\u1ea1o", "labeledLatLngs": [{"label": "display", "lat": 11.93810249989633, "lng": 108.45375200858813}], "formattedAddress": ["14 Tr\u1ea7n H\u01b0ng \u0110\u1ea1o", "Da Lat", "Lam Dong", "Vi\u1ec7t Nam"], "country": "Vi\u1ec7t Nam"}, "categories": [{"icon": {"prefix": "https://ss3.4sqi.net/img/categories_v2/food/coffeeshop_", "suffix": ".png"}, "name": "Coffee Shop", "id": "4bf58dd8d48988d1e0931735", "pluralName": "Coffee Shops", "primary": true, "shortName": "Coffee Shop"}], "verified": false, "contact": {"formattedPhone": "+84 63 3586 677", "phone": "+84633586677"}, "allowMenuUrlEdit": true, "stats": {"tipCount": 16, "usersCount": 233, "checkinsCount": 333}, "id": "4de23d1d8877bcb6863efd75", "name": "Hoa Violet Chi\u1ec1u Th\u1ee9 T\u01b0", "beenHere": {"lastCheckinExpiredAt": 0}}, "suffix": "/10658338_0WuvoJsrMpXlCbPIPfSRME-5DzefEAUMj9jCQWF5lPQ.jpg", "visibility": "public"}, {"height": 431, "source": {"url": "https://foursquare.com/download/#/android", "name": "Foursquare for Android"}, "width": 720, "prefix": "https://igx.4sqi.net/img/general/", "createdAt": 1348372861, "id": "505e897de4b09c8e4383af7e", "venue": {"like": false, "location": {"state": "Th\u00e0nh ph\u1ed1 H\u1ed3 Ch\u00ed Minh", "cc": "VN", "country": "Vi\u1ec7t Nam", "crossStreet": "Nguyen Trai", "lat": 10.763254871381465, "lng": 106.68694110063328, "labeledLatLngs": [{"label": "display", "lat": 10.763254871381465, "lng": 106.68694110063328}], "formattedAddress": ["Nguyen Trai", "Th\u00e0nh ph\u1ed1 H\u1ed3 Ch\u00ed Minh", "Vi\u1ec7t Nam"]}, "categories": [{"icon": {"prefix": "https://ss3.4sqi.net/img/categories_v2/food/asian_", "suffix": ".png"}, "name": "Asian Restaurant", "id": "4bf58dd8d48988d142941735", "pluralName": "Asian Restaurants", "primary": true, "shortName": "Asian"}], "verified": false, "contact": {}, "allowMenuUrlEdit": true, "stats": {"tipCount": 2, "usersCount": 77, "checkinsCount": 100}, "id": "4d611892b6b9a1cd795a8351", "name": "Buffet Ngoc Thuy", "beenHere": {"lastCheckinExpiredAt": 0}}, "suffix": "/10658338_ltpzq7l0TJ5Pu5BSG_pJe_S09ounT7yeOQFlYtI43gg.jpg", "visibility": "public"}, {"height": 720, "source": {"url": "https://foursquare.com/download/#/android", "name": "Foursquare for Android"}, "width": 431, "prefix": "https://igx.4sqi.net/img/general/", "createdAt": 1346561610, "id": "5042e64ae4b0741ad1f54aea", "venue": {"like": false, "location": {"city": "H\u1ed3 Ch\u00ed Minh", "lng": 106.97026727900521, "cc": "VN", "country": "Vi\u1ec7t Nam", "lat": 10.409911096094481, "address": "huy\u1ec7n C\u1ea7n Gi\u1edd", "labeledLatLngs": [{"label": "display", "lat": 10.409911096094481, "lng": 106.97026727900521}], "formattedAddress": ["huy\u1ec7n C\u1ea7n Gi\u1edd", "H\u1ed3 Ch\u00ed Minh", "Vi\u1ec7t Nam"]}, "categories": [{"icon": {"prefix": "https://ss3.4sqi.net/img/categories_v2/parks_outdoors/beach_", "suffix": ".png"}, "name": "Beach", "id": "4bf58dd8d48988d1e2941735", "pluralName": "Beaches", "primary": true, "shortName": "Beach"}], "verified": false, "contact": {}, "beenHere": {"lastCheckinExpiredAt": 0}, "stats": {"tipCount": 0, "usersCount": 39, "checkinsCount": 82}, "id": "4e61a69a1850e238d697de1f", "name": "Th\u1ecb tr\u1ea5n C\u1ea7n Th\u1ea1nh"}, "suffix": "/ymszqa30cJf6dtL3KgyF-PKpIvA3G8_sOjetq669Z_w.jpg", "visibility": "public"}, {"height": 720, "source": {"url": "https://foursquare.com/download/#/android", "name": "Foursquare for Android"}, "width": 431, "prefix": "https://igx.4sqi.net/img/general/", "createdAt": 1346247625, "id": "503e1bc9e4b04ada66d1120d", "venue": {"like": false, "location": {"city": "Th\u00e0nh ph\u1ed1 H\u1ed3 Ch\u00ed Minh", "lng": 106.69460505811462, "cc": "VN", "state": "Th\u00e0nh ph\u1ed1 H\u1ed3 Ch\u00ed Minh", "crossStreet": "Pha\u0323m Ngo\u0323c Tha\u0323ch", "lat": 10.78384751791532, "address": "19B Ph\u1ea1m Ng\u1ecdc Th\u1ea1ch, Q1", "labeledLatLngs": [{"label": "display", "lat": 10.78384751791532, "lng": 106.69460505811462}], "formattedAddress": ["19B Ph\u1ea1m Ng\u1ecdc Th\u1ea1ch, Q1 (Pha\u0323m Ngo\u0323c Tha\u0323ch)", "Th\u00e0nh ph\u1ed1 H\u1ed3 Ch\u00ed Minh", "Th\u00e0nh ph\u1ed1 H\u1ed3 Ch\u00ed Minh", "Vi\u1ec7t Nam"], "country": "Vi\u1ec7t Nam"}, "categories": [{"icon": {"prefix": "https://ss3.4sqi.net/img/categories_v2/food/cafe_", "suffix": ".png"}, "name": "Caf\u00e9", "id": "4bf58dd8d48988d16d941735", "pluralName": "Caf\u00e9s", "primary": true, "shortName": "Caf\u00e9"}], "verified": false, "contact": {"facebookName": "Salon V\u0103n h\u00f3a C\u00e0 ph\u00ea th\u1ee9 B\u1ea3y", "facebookUsername": "caphethubay", "facebook": "173318639500373"}, "allowMenuUrlEdit": true, "stats": {"tipCount": 26, "usersCount": 461, "checkinsCount": 1054}, "id": "4ca884b2f47ea14319ac7521", "name": "Trung Nguyen C\u00e0 Ph\u00ea", "beenHere": {"lastCheckinExpiredAt": 0}}, "suffix": "/XZe6Ilj58Zo_yDj29KWyRBB-v2_wIoQpiBPUBnKwMFo.jpg", "visibility": "public"}, {"height": 720, "source": {"url": "https://foursquare.com/download/#/android", "name": "Foursquare for Android"}, "width": 431, "prefix": "https://igx.4sqi.net/img/general/", "createdAt": 1346164404, "id": "503cd6b4e4b035ef21ce78d6", "venue": {"like": false, "location": {"city": "Th\u00e0nh ph\u1ed1 H\u1ed3 Ch\u00ed Minh", "lng": 106.69387953302099, "cc": "VN", "state": "Th\u00e0nh ph\u1ed1 H\u1ed3 Ch\u00ed Minh", "crossStreet": "Bui Vien", "lat": 10.76762120177959, "address": "224 De Tham St., Pham Ngu Lao Ward, Dist. 1", "labeledLatLngs": [{"label": "display", "lat": 10.76762120177959, "lng": 106.69387953302099}], "formattedAddress": ["224 De Tham St., Pham Ngu Lao Ward, Dist. 1 (Bui Vien)", "Th\u00e0nh ph\u1ed1 H\u1ed3 Ch\u00ed Minh", "Th\u00e0nh ph\u1ed1 H\u1ed3 Ch\u00ed Minh", "Vi\u1ec7t Nam"], "country": "Vi\u1ec7t Nam"}, "categories": [{"icon": {"prefix": "https://ss3.4sqi.net/img/categories_v2/food/cafe_", "suffix": ".png"}, "name": "Caf\u00e9", "id": "4bf58dd8d48988d16d941735", "pluralName": "Caf\u00e9s", "primary": true, "shortName": "Caf\u00e9"}], "verified": false, "contact": {"formattedPhone": "+84 8 2210 2929", "phone": "+84822102929", "facebookName": "Thi Bar", "facebookUsername": "thibar224", "facebook": "313533675329418"}, "allowMenuUrlEdit": true, "stats": {"tipCount": 50, "usersCount": 836, "checkinsCount": 2265}, "id": "4d5d33e62a31a1cd1b3c50f1", "name": "Thi Caf\u00e9", "beenHere": {"lastCheckinExpiredAt": 0}}, "suffix": "/SN5v7HAto9h2YNMQSRQ5J6hf0J21p7LGQj0XD4dYaaA.jpg", "visibility": "public"}, {"height": 720, "source": {"url": "https://foursquare.com/download/#/android", "name": "Foursquare for Android"}, "width": 431, "prefix": "https://igx.4sqi.net/img/general/", "createdAt": 1345464146, "id": "50322752e4b0dea803d1d7d2", "venue": {"url": "http://www.galaxycine.vn", "like": false, "location": {"city": "Th\u00e0nh ph\u1ed1 H\u1ed3 Ch\u00ed Minh", "lng": 106.6934764645599, "cc": "VN", "state": "Th\u00e0nh ph\u1ed1 H\u1ed3 Ch\u00ed Minh", "lat": 10.77348686273577, "address": "116 Nguyen Du St., Dist. 1", "labeledLatLngs": [{"label": "display", "lat": 10.77348686273577, "lng": 106.6934764645599}], "formattedAddress": ["116 Nguyen Du St., Dist. 1", "Th\u00e0nh ph\u1ed1 H\u1ed3 Ch\u00ed Minh", "Th\u00e0nh ph\u1ed1 H\u1ed3 Ch\u00ed Minh", "Vi\u1ec7t Nam"], "country": "Vi\u1ec7t Nam"}, "categories": [{"icon": {"prefix": "https://ss3.4sqi.net/img/categories_v2/arts_entertainment/movietheater_", "suffix": ".png"}, "name": "Movie Theater", "id": "4bf58dd8d48988d17f941735", "pluralName": "Movie Theaters", "primary": true, "shortName": "Movie Theater"}], "verified": false, "contact": {"twitter": "galaxycinevn", "facebookName": "Galaxy Cinema", "formattedPhone": "+84 8 3823 5235", "phone": "+84838235235", "facebookUsername": "galaxycine.vn", "facebook": "361184233896162"}, "allowMenuUrlEdit": true, "stats": {"tipCount": 83, "usersCount": 2603, "checkinsCount": 6566}, "id": "4bdd12284ffaa593bdc06ef7", "name": "Galaxy Nguy\u1ec5n Du", "beenHere": {"lastCheckinExpiredAt": 0}}, "suffix": "/cALUjqusPhr-uy68u5ducOg0kdghH5J5FUFhHD5KVWk.jpg", "visibility": "public"}, {"height": 431, "source": {"url": "https://foursquare.com/download/#/android", "name": "Foursquare for Android"}, "width": 720, "prefix": "https://igx.4sqi.net/img/general/", "createdAt": 1344861849, "id": "5028f699e4b0844f900b39c9", "venue": {"like": false, "location": {"formattedAddress": ["Ton Dat Tien Avenue, Ph\u00fa M\u1ef9 H\u01b0ng, Tan Phu Ward District 7", "Th\u00e0nh ph\u1ed1 H\u1ed3 Ch\u00ed Minh", "Th\u00e0nh ph\u1ed1 H\u1ed3 Ch\u00ed Minh", "Vi\u1ec7t Nam"], "city": "Th\u00e0nh ph\u1ed1 H\u1ed3 Ch\u00ed Minh", "lng": 106.71849689924717, "cc": "VN", "state": "Th\u00e0nh ph\u1ed1 H\u1ed3 Ch\u00ed Minh", "lat": 10.7286484657912, "address": "Ton Dat Tien Avenue, Ph\u00fa M\u1ef9 H\u01b0ng, Tan Phu Ward District 7", "labeledLatLngs": [{"label": "display", "lat": 10.7286484657912, "lng": 106.71849689924717}], "postalCode": "70000", "country": "Vi\u1ec7t Nam"}, "categories": [{"icon": {"prefix": "https://ss3.4sqi.net/img/categories_v2/shops/mall_", "suffix": ".png"}, "name": "Shopping Mall", "id": "4bf58dd8d48988d1fd941735", "pluralName": "Shopping Malls", "primary": true, "shortName": "Mall"}], "verified": false, "contact": {"formattedPhone": "+84 8 5413 3333", "phone": "+84854133333"}, "beenHere": {"lastCheckinExpiredAt": 0}, "stats": {"tipCount": 51, "usersCount": 3125, "checkinsCount": 12747}, "id": "4ed6380a775ba3c064efeb40", "name": "Crescent Mall"}, "suffix": "/78q79KU6x1ARHKZ84ZDGLGOMQhkylXMjaB4zOibtqZk.jpg", "visibility": "public"}, {"height": 720, "source": {"url": "https://foursquare.com/download/#/android", "name": "Foursquare for Android"}, "width": 431, "prefix": "https://igx.4sqi.net/img/general/", "createdAt": 1344776273, "id": "5027a851e4b0c8045339db3e", "venue": {"like": false, "location": {"country": "Vi\u1ec7t Nam", "lng": 106.66575289101526, "cc": "VN", "state": "HCMC", "crossStreet": "To Hien Thanh", "lat": 10.776309287025216, "address": "339/24", "labeledLatLngs": [{"label": "display", "lat": 10.776309287025216, "lng": 106.66575289101526}], "formattedAddress": ["339/24 (To Hien Thanh)", "HCMC", "Vi\u1ec7t Nam"]}, "categories": [{"icon": {"prefix": "https://ss3.4sqi.net/img/categories_v2/food/cafe_", "suffix": ".png"}, "name": "Caf\u00e9", "id": "4bf58dd8d48988d16d941735", "pluralName": "Caf\u00e9s", "primary": true, "shortName": "Caf\u00e9"}], "verified": false, "contact": {"formattedPhone": "+84 8 3600 9252", "phone": "+84836009252"}, "allowMenuUrlEdit": true, "stats": {"tipCount": 11, "usersCount": 114, "checkinsCount": 350}, "id": "4e2bd33418a80bb0585de80c", "name": "Take Coffee", "beenHere": {"lastCheckinExpiredAt": 0}}, "suffix": "/a2C5kt-coFLE5XUUBBVeXSCyXBF9s4jlgB4IfaMKLjQ.jpg", "visibility": "public"}, {"height": 720, "source": {"url": "https://foursquare.com/download/#/android", "name": "Foursquare for Android"}, "width": 431, "prefix": "https://igx.4sqi.net/img/general/", "createdAt": 1344607059, "id": "50251353e4b001e1033f048d", "venue": {"like": false, "location": {"city": "Th\u00e0nh ph\u1ed1 H\u1ed3 Ch\u00ed Minh", "lng": 106.67975530408725, "cc": "VN", "state": "Th\u00e0nh ph\u1ed1 H\u1ed3 Ch\u00ed Minh", "lat": 10.767487505689033, "address": "718 Nguy\u00ea\u0303n \u0110i\u0300nh Chi\u00ea\u0309u", "labeledLatLngs": [{"label": "display", "lat": 10.767487505689033, "lng": 106.67975530408725}], "formattedAddress": ["718 Nguy\u00ea\u0303n \u0110i\u0300nh Chi\u00ea\u0309u", "Th\u00e0nh ph\u1ed1 H\u1ed3 Ch\u00ed Minh", "Th\u00e0nh ph\u1ed1 H\u1ed3 Ch\u00ed Minh", "Vi\u1ec7t Nam"], "country": "Vi\u1ec7t Nam"}, "categories": [{"icon": {"prefix": "https://ss3.4sqi.net/img/categories_v2/food/dessert_", "suffix": ".png"}, "name": "Dessert Shop", "id": "4bf58dd8d48988d1d0941735", "pluralName": "Dessert Shops", "primary": true, "shortName": "Desserts"}], "verified": false, "contact": {}, "allowMenuUrlEdit": true, "stats": {"tipCount": 17, "usersCount": 192, "checkinsCount": 317}, "id": "4e8b11d5d3e3304c8b3f5ecd", "name": "Ch\u00e8 Hi\u1ec3n Kh\u00e1nh", "beenHere": {"lastCheckinExpiredAt": 0}}, "suffix": "/64y_BkvJ6X-A24zMHJaDnyZm5Nd7xsVC-PvOzPp82d0.jpg", "visibility": "public"}, {"height": 720, "source": {"url": "https://foursquare.com/download/#/android", "name": "Foursquare for Android"}, "width": 431, "prefix": "https://igx.4sqi.net/img/general/", "createdAt": 1344143957, "id": "501e0255e4b09a44d6524572", "venue": {"like": false, "location": {"city": "H\u1ed3 Ch\u00ed Minh City", "lng": 106.70177757740021, "cc": "VN", "state": "HCMC", "lat": 10.804452567952296, "address": "48 Phan Chu Trinh street, ward 24, B\u00ecnh Th\u1ea1nh district", "labeledLatLngs": [{"label": "display", "lat": 10.804452567952296, "lng": 106.70177757740021}], "formattedAddress": ["48 Phan Chu Trinh street, ward 24, B\u00ecnh Th\u1ea1nh district", "H\u1ed3 Ch\u00ed Minh City", "HCMC", "Vi\u1ec7t Nam"], "country": "Vi\u1ec7t Nam"}, "categories": [{"icon": {"prefix": "https://ss3.4sqi.net/img/categories_v2/nightlife/karaoke_", "suffix": ".png"}, "name": "Karaoke Bar", "id": "4bf58dd8d48988d120941735", "pluralName": "Karaoke Bars", "primary": true, "shortName": "Karaoke"}], "verified": false, "contact": {"formattedPhone": "+84 8 3510 3970", "phone": "+84835103970"}, "allowMenuUrlEdit": true, "stats": {"tipCount": 1, "usersCount": 76, "checkinsCount": 102}, "id": "4f115a667716a5fb22481608", "name": "Star Karaoke", "beenHere": {"lastCheckinExpiredAt": 0}}, "suffix": "/iDVUcGJkj9voXSSyPB_QiZvCgDWLeoZdEm3pTfYYny4.jpg", "visibility": "public"}, {"height": 720, "source": {"url": "https://foursquare.com/download/#/android", "name": "Foursquare for Android"}, "width": 431, "prefix": "https://igx.4sqi.net/img/general/", "createdAt": 1343735706, "id": "5017c79ae4b0bcf2d10cd759", "venue": {"like": false, "location": {"country": "Vi\u1ec7t Nam", "lng": 106.73079536, "cc": "VN", "state": "Th\u00e0nh ph\u1ed1 H\u1ed3 Ch\u00ed Minh", "lat": 10.79576133, "address": "64 Tr\u1ea7n N\u00e3o", "labeledLatLngs": [{"label": "display", "lat": 10.79576133, "lng": 106.73079536}], "formattedAddress": ["64 Tr\u1ea7n N\u00e3o", "Th\u00e0nh ph\u1ed1 H\u1ed3 Ch\u00ed Minh", "Vi\u1ec7t Nam"]}, "categories": [{"icon": {"prefix": "https://ss3.4sqi.net/img/categories_v2/food/vietnamese_", "suffix": ".png"}, "name": "Vietnamese Restaurant", "id": "4bf58dd8d48988d14a941735", "pluralName": "Vietnamese Restaurants", "primary": true, "shortName": "Vietnamese"}], "verified": false, "contact": {}, "allowMenuUrlEdit": true, "stats": {"tipCount": 1, "usersCount": 51, "checkinsCount": 72}, "id": "4dea0d3f7d8b6c7a5333e77c", "name": "Quan La", "beenHere": {"lastCheckinExpiredAt": 0}}, "suffix": "/9kTCuV2gJo4NlpIfCkJdFE4WfansLyDK68mtqG2nmW8.jpg", "visibility": "public"}, {"height": 720, "source": {"url": "https://foursquare.com/download/#/android", "name": "Foursquare for Android"}, "width": 720, "prefix": "https://igx.4sqi.net/img/general/", "createdAt": 1343567997, "id": "5015387de4b06fc7cf7e1067", "venue": {"like": false, "location": {"state": "Vietnam", "cc": "VN", "country": "Vi\u1ec7t Nam", "lat": 10.783607194883523, "lng": 106.69615976281105, "labeledLatLngs": [{"label": "display", "lat": 10.783607194883523, "lng": 106.69615976281105}], "formattedAddress": ["Vietnam", "Vi\u1ec7t Nam"]}, "categories": [{"icon": {"prefix": "https://ss3.4sqi.net/img/categories_v2/food/cafe_", "suffix": ".png"}, "name": "Caf\u00e9", "id": "4bf58dd8d48988d16d941735", "pluralName": "Caf\u00e9s", "primary": true, "shortName": "Caf\u00e9"}], "verified": false, "contact": {}, "allowMenuUrlEdit": true, "stats": {"tipCount": 7, "usersCount": 125, "checkinsCount": 212}, "id": "4fee73f8e4b0647d7c3ebbcf", "name": "Hay Cafe", "beenHere": {"lastCheckinExpiredAt": 0}}, "suffix": "/KMIR6RT9JCzfqT8FJ1usBgn3VX45GeW8xTxbHeX1Jdo.jpg", "visibility": "public"}, {"height": 720, "source": {"url": "https://foursquare.com/download/#/android", "name": "Foursquare for Android"}, "width": 431, "prefix": "https://igx.4sqi.net/img/general/", "createdAt": 1343545541, "id": "5014e0c5e4b0bc7cf5b1789c", "venue": {"like": false, "location": {"city": "Th\u00e0nh ph\u1ed1 H\u1ed3 Ch\u00ed Minh", "lng": 106.70162200927734, "cc": "VN", "state": "Th\u00e0nh ph\u1ed1 H\u1ed3 Ch\u00ed Minh", "lat": 10.740518368630301, "address": "Nguy\u1ec5n H\u1eefu Th\u1ecd St., Dist. 7", "labeledLatLngs": [{"label": "display", "lat": 10.740518368630301, "lng": 106.70162200927734}], "formattedAddress": ["Nguy\u1ec5n H\u1eefu Th\u1ecd St., Dist. 7", "Th\u00e0nh ph\u1ed1 H\u1ed3 Ch\u00ed Minh", "Th\u00e0nh ph\u1ed1 H\u1ed3 Ch\u00ed Minh", "Vi\u1ec7t Nam"], "country": "Vi\u1ec7t Nam"}, "categories": [{"icon": {"prefix": "https://ss3.4sqi.net/img/categories_v2/shops/mall_", "suffix": ".png"}, "name": "Shopping Mall", "id": "4bf58dd8d48988d1fd941735", "pluralName": "Shopping Malls", "primary": true, "shortName": "Mall"}], "verified": false, "contact": {"formattedPhone": "+84 8 3775 2828", "phone": "+84837752828"}, "allowMenuUrlEdit": true, "stats": {"tipCount": 49, "usersCount": 1711, "checkinsCount": 5040}, "id": "4be568332457a593a468ab15", "name": "Lotte Mart", "beenHere": {"lastCheckinExpiredAt": 0}}, "suffix": "/9OrhBx1O2Mp7Wt5U3cNSRhuKxkiykvo_YbujqtmRDXo.jpg", "visibility": "public"}, {"height": 720, "source": {"url": "https://foursquare.com/download/#/android", "name": "Foursquare for Android"}, "width": 431, "prefix": "https://igx.4sqi.net/img/general/", "createdAt": 1343525002, "id": "5014908ae4b0260c42305fff", "venue": {"like": false, "location": {"city": "H\u1ed3 Ch\u00ed Minh", "lng": 106.70429047162621, "cc": "VN", "country": "Vi\u1ec7t Nam", "crossStreet": "Nguy\u1ec5n Tr\u01b0\u1eddng T\u1ed9", "lat": 10.765553665759715, "address": "H\u1ebbm 20", "labeledLatLngs": [{"label": "display", "lat": 10.765553665759715, "lng": 106.70429047162621}], "formattedAddress": ["H\u1ebbm 20 (Nguy\u1ec5n Tr\u01b0\u1eddng T\u1ed9)", "H\u1ed3 Ch\u00ed Minh", "Vi\u1ec7t Nam"]}, "categories": [{"icon": {"prefix": "https://ss3.4sqi.net/img/categories_v2/food/steakhouse_", "suffix": ".png"}, "name": "Steakhouse", "id": "4bf58dd8d48988d1cc941735", "pluralName": "Steakhouses", "primary": true, "shortName": "Steakhouse"}], "verified": false, "contact": {}, "allowMenuUrlEdit": true, "stats": {"tipCount": 5, "usersCount": 81, "checkinsCount": 339}, "id": "4f6fe8c3e4b0861078dc49e6", "name": "B\u00f2 n\u00e9 Thanh Tuy\u1ec1n", "beenHere": {"lastCheckinExpiredAt": 0}}, "suffix": "/yjXdFgcAPvYTThnx0qLQqUnrbraIS423Azew_xgR0VI.jpg", "visibility": "public"}, {"height": 720, "source": {"url": "https://foursquare.com/download/#/android", "name": "Foursquare for Android"}, "width": 431, "prefix": "https://igx.4sqi.net/img/general/", "createdAt": 1343193747, "id": "500f8293e4b0871c8a2a57a1", "venue": {"like": false, "location": {"city": "Th\u00e0nh ph\u1ed1 H\u1ed3 Ch\u00ed Minh", "lng": 106.70066271030761, "cc": "VN", "state": "Th\u00e0nh ph\u1ed1 H\u1ed3 Ch\u00ed Minh", "lat": 10.785901867300257, "address": "Nguyen Thi Minh Khai", "labeledLatLngs": [{"label": "display", "lat": 10.785901867300257, "lng": 106.70066271030761}], "formattedAddress": ["Nguyen Thi Minh Khai", "Th\u00e0nh ph\u1ed1 H\u1ed3 Ch\u00ed Minh", "Th\u00e0nh ph\u1ed1 H\u1ed3 Ch\u00ed Minh", "Vi\u1ec7t Nam"], "country": "Vi\u1ec7t Nam"}, "categories": [{"icon": {"prefix": "https://ss3.4sqi.net/img/categories_v2/food/asian_", "suffix": ".png"}, "name": "Asian Restaurant", "id": "4bf58dd8d48988d142941735", "pluralName": "Asian Restaurants", "primary": true, "shortName": "Asian"}], "verified": false, "contact": {}, "allowMenuUrlEdit": true, "stats": {"tipCount": 4, "usersCount": 21, "checkinsCount": 53}, "id": "4e8ea1835c5c312991220e2e", "name": "Quan Com Ong Map", "beenHere": {"lastCheckinExpiredAt": 0}}, "suffix": "/hhOK7nC0g7gbIGri7t1pi_v8FyWGCzwhA-Rkxf3t1yM.jpg", "visibility": "public"}, {"height": 431, "source": {"url": "https://foursquare.com/download/#/android", "name": "Foursquare for Android"}, "width": 720, "prefix": "https://igx.4sqi.net/img/general/", "createdAt": 1342965689, "id": "500c07b9e4b03c6eb3c79e94", "venue": {"like": false, "location": {"city": "Th\u00e0nh ph\u1ed1 H\u1ed3 Ch\u00ed Minh", "lng": 106.641645, "cc": "VN", "state": "Th\u00e0nh ph\u1ed1 H\u1ed3 Ch\u00ed Minh", "crossStreet": "Quan 11", "lat": 10.764448, "address": "Lac Long Quan", "labeledLatLngs": [{"label": "display", "lat": 10.764448, "lng": 106.641645}], "formattedAddress": ["Lac Long Quan (Quan 11)", "Th\u00e0nh ph\u1ed1 H\u1ed3 Ch\u00ed Minh", "Th\u00e0nh ph\u1ed1 H\u1ed3 Ch\u00ed Minh", "Vi\u1ec7t Nam"], "country": "Vi\u1ec7t Nam"}, "categories": [{"icon": {"prefix": "https://ss3.4sqi.net/img/categories_v2/food/cafe_", "suffix": ".png"}, "name": "Caf\u00e9", "id": "4bf58dd8d48988d16d941735", "pluralName": "Caf\u00e9s", "primary": true, "shortName": "Caf\u00e9"}], "verified": false, "contact": {}, "allowMenuUrlEdit": true, "stats": {"tipCount": 0, "usersCount": 4, "checkinsCount": 10}, "id": "4f5c083de4b0d8f7b69c2c7f", "name": "Cafe Coc", "beenHere": {"lastCheckinExpiredAt": 0}}, "suffix": "/mFcusnnMmVttEeEyFP-tkkJm64XuCQbSYe5v4ybzCBM.jpg", "visibility": "public"}, {"height": 720, "source": {"url": "https://foursquare.com/download/#/android", "name": "Foursquare for Android"}, "width": 431, "prefix": "https://igx.4sqi.net/img/general/", "createdAt": 1342940847, "id": "500ba6afe4b0092312ad8153", "venue": {"url": "http://cafebet.org", "like": false, "location": {"city": "Th\u00e0nh ph\u1ed1 H\u1ed3 Ch\u00ed Minh", "lng": 106.6985535621643, "cc": "VN", "state": "Th\u00e0nh ph\u1ed1 H\u1ed3 Ch\u00ed Minh", "crossStreet": "H\u00e0n Thuy\u00ean & Alexandre de Rrodes", "lat": 10.779559262929384, "address": "April 30th Park, L\u00ea Du\u1ea9n Blvd., Dist. 1", "labeledLatLngs": [{"label": "display", "lat": 10.779559262929384, "lng": 106.6985535621643}], "formattedAddress": ["April 30th Park, L\u00ea Du\u1ea9n Blvd., Dist. 1 (H\u00e0n Thuy\u00ean & Alexandre de Rrodes)", "Th\u00e0nh ph\u1ed1 H\u1ed3 Ch\u00ed Minh", "Th\u00e0nh ph\u1ed1 H\u1ed3 Ch\u00ed Minh", "Vi\u1ec7t Nam"], "country": "Vi\u1ec7t Nam"}, "categories": [{"icon": {"prefix": "https://ss3.4sqi.net/img/categories_v2/food/coffeeshop_", "suffix": ".png"}, "name": "Coffee Shop", "id": "4bf58dd8d48988d1e0931735", "pluralName": "Coffee Shops", "primary": true, "shortName": "Coffee Shop"}], "verified": false, "contact": {"formattedPhone": "+84 97 287 13 72", "twitter": "cafebet", "phone": "+84972871372"}, "allowMenuUrlEdit": true, "stats": {"tipCount": 63, "usersCount": 1327, "checkinsCount": 3061}, "id": "4d0233086b0c236ac325ada2", "name": "Cafe B\u1ec7t Nh\u00e0 Th\u1edd \u0110\u1ee9c B\u00e0", "beenHere": {"lastCheckinExpiredAt": 0}}, "suffix": "/j5u4k1ngg3Qp9BEaP8WHnNpVwhv928vhC-mZ3DElxk4.jpg", "visibility": "public"}, {"height": 431, "source": {"url": "https://foursquare.com/download/#/android", "name": "Foursquare for Android"}, "width": 720, "prefix": "https://igx.4sqi.net/img/general/", "createdAt": 1342920389, "id": "500b56c5e4b02a36ea3f95a6", "venue": {"venueRatingBlacklisted": true, "like": false, "location": {"state": "T\u1ec9nh B\u1ebfn Tre", "cc": "VN", "country": "Vi\u1ec7t Nam", "lat": 10.238794331455653, "lng": 106.35999529558401, "labeledLatLngs": [{"label": "display", "lat": 10.238794331455653, "lng": 106.35999529558401}], "formattedAddress": ["T\u1ec9nh B\u1ebfn Tre", "Vi\u1ec7t Nam"]}, "categories": [{"icon": {"prefix": "https://ss3.4sqi.net/img/categories_v2/parks_outdoors/neighborhood_", "suffix": ".png"}, "name": "City", "id": "50aa9e094b90af0d42d5de0d", "pluralName": "Cities", "primary": true, "shortName": "City"}], "verified": false, "contact": {}, "beenHere": {"lastCheckinExpiredAt": 0}, "stats": {"tipCount": 1, "usersCount": 171, "checkinsCount": 246}, "id": "4de37de72271bfb844b3c338", "name": "Ben Tre"}, "suffix": "/lOa5inNTQty0wjIKcJGyDyoF95sMg5ZuGaOPSb05ua0.jpg", "visibility": "public"}, {"height": 720, "source": {"url": "https://foursquare.com/download/#/android", "name": "Foursquare for Android"}, "width": 431, "prefix": "https://igx.4sqi.net/img/general/", "createdAt": 1342860516, "id": "500a6ce4e4b098bae2875290", "venue": {"like": false, "location": {"city": "Th\u00e0nh ph\u1ed1 H\u1ed3 Ch\u00ed Minh", "lng": 106.69649949604236, "cc": "VN", "state": "Th\u00e0nh ph\u1ed1 H\u1ed3 Ch\u00ed Minh", "lat": 10.791353089012068, "address": "2 Truong Han Sieu St., Da Kao Ward, Dist. 1", "labeledLatLngs": [{"label": "display", "lat": 10.791353089012068, "lng": 106.69649949604236}], "formattedAddress": ["2 Truong Han Sieu St., Da Kao Ward, Dist. 1", "Th\u00e0nh ph\u1ed1 H\u1ed3 Ch\u00ed Minh", "Th\u00e0nh ph\u1ed1 H\u1ed3 Ch\u00ed Minh", "Vi\u1ec7t Nam"], "country": "Vi\u1ec7t Nam"}, "categories": [{"icon": {"prefix": "https://ss3.4sqi.net/img/categories_v2/food/icecream_", "suffix": ".png"}, "name": "Ice Cream Shop", "id": "4bf58dd8d48988d1c9941735", "pluralName": "Ice Cream Shops", "primary": true, "shortName": "Ice Cream"}], "verified": false, "contact": {}, "allowMenuUrlEdit": true, "stats": {"tipCount": 22, "usersCount": 472, "checkinsCount": 863}, "id": "4e7a31fd1fc70662a6774157", "name": "Kem Nh\u00e3n Ch\u00fa T\u00e1m", "beenHere": {"lastCheckinExpiredAt": 0}}, "suffix": "/2Gk-4iOwytjbA0ZE6AaNq7KVCkSYF8OcWCsd-lqCchs.jpg", "visibility": "public"}, {"height": 720, "source": {"url": "https://foursquare.com/download/#/android", "name": "Foursquare for Android"}, "width": 431, "prefix": "https://igx.4sqi.net/img/general/", "createdAt": 1342349936, "id": "5002a270e4b021927e12e86b", "venue": {"location": {"formattedAddress": ["399 V\u00f5 V\u0103n T\u1ea7n st., district 3 (Cao Th\u1eafng)", "H\u1ed3 Ch\u00ed Minh", "HCM", "Vi\u1ec7t Nam"], "city": "H\u1ed3 Ch\u00ed Minh", "lng": 106.68452024459839, "cc": "VN", "state": "HCM", "crossStreet": "Cao Th\u1eafng", "lat": 10.770452983865722, "address": "399 V\u00f5 V\u0103n T\u1ea7n st., district 3", "labeledLatLngs": [{"label": "display", "lat": 10.770452983865722, "lng": 106.68452024459839}], "postalCode": "70000", "country": "Vi\u1ec7t Nam"}, "contact": {"twitter": "thebeanstore", "facebookName": "The Bean Store", "formattedPhone": "+84 8 3929 5678", "phone": "+84839295678", "facebookUsername": "TheBeanStoreVN", "facebook": "194682533914897"}, "verified": true, "allowMenuUrlEdit": true, "stats": {"tipCount": 37, "usersCount": 532, "checkinsCount": 1054}, "id": "4f30c2967b0c13a0658289e8", "storeId": "", "url": "http://www.facebook.com/thebeanstoreVN", "closed": true, "like": false, "categories": [{"icon": {"prefix": "https://ss3.4sqi.net/img/categories_v2/food/diner_", "suffix": ".png"}, "name": "Diner", "id": "4bf58dd8d48988d147941735", "pluralName": "Diners", "primary": true, "shortName": "Diner"}], "beenHere": {"lastCheckinExpiredAt": 0}, "name": "The Bean Store"}, "suffix": "/q4_kDYyTfW3BStUk-1M-2HkbzqMdksRqjhZn4hg3-QU.jpg", "visibility": "public"}, {"height": 720, "source": {"url": "https://foursquare.com/download/#/android", "name": "Foursquare for Android"}, "width": 431, "prefix": "https://igx.4sqi.net/img/general/", "createdAt": 1342342249, "id": "50028469e4b023056ddb2e18", "venue": {"venueRatingBlacklisted": true, "like": false, "location": {"city": "Th\u00e0nh ph\u1ed1 H\u1ed3 Ch\u00ed Minh", "lng": 106.67426347732544, "cc": "VN", "state": "Th\u00e0nh ph\u1ed1 H\u1ed3 Ch\u00ed Minh", "lat": 10.799804990592499, "address": "194 Hoang Van Thu St, Phu Nhuan Dist.", "labeledLatLngs": [{"label": "display", "lat": 10.799804990592499, "lng": 106.67426347732544}], "formattedAddress": ["194 Hoang Van Thu St, Phu Nhuan Dist.", "Th\u00e0nh ph\u1ed1 H\u1ed3 Ch\u00ed Minh", "Th\u00e0nh ph\u1ed1 H\u1ed3 Ch\u00ed Minh", "Vi\u1ec7t Nam"], "country": "Vi\u1ec7t Nam"}, "categories": [{"icon": {"prefix": "https://ss3.4sqi.net/img/categories_v2/building/conventioncenter_", "suffix": ".png"}, "name": "Convention Center", "id": "4bf58dd8d48988d1ff931735", "pluralName": "Convention Centers", "primary": true, "shortName": "Convention Center"}], "verified": false, "contact": {"formattedPhone": "+84 8 3844 7266", "phone": "+84838447266"}, "allowMenuUrlEdit": true, "stats": {"tipCount": 14, "usersCount": 1331, "checkinsCount": 2281}, "id": "4ce25d2dc9a0a090339c256a", "name": "White Palace Convention Center", "beenHere": {"lastCheckinExpiredAt": 0}}, "suffix": "/NatJaPadnqtV3mcm5NVbOHhBWQPmCl1-IBUBwwnXGG0.jpg", "visibility": "public"}], "count": 41}, "totalCount": 41}}