{"meta": {"code": 200, "requestId": "595b0fd64434b96be5e15794"}, "notifications": [{"item": {"unreadCount": 0}, "type": "notificationTray"}], "response": {"photos": {"items": [{"height": 1080, "source": {"url": "http://instagram.com", "name": "Instagram"}, "width": 1080, "prefix": "https://igx.4sqi.net/img/general/", "createdAt": 1495185729, "id": "591eb9411543c739e420f3c1", "venue": {"url": "http://www.ust.edu.ph", "like": false, "location": {"formattedAddress": ["Espa\u00f1a Blvd., (btwn A.H. Lacson Ave., Dapitan St. & P. Noval St.)", "1015 Maynila", "City of Manila", "Pilipinas"], "city": "Maynila", "lng": 120.99022273249774, "cc": "PH", "state": "City of Manila", "lat": 14.609185804581601, "address": "Espa\u00f1a Blvd.,", "crossStreet": "btwn A.H. Lacson Ave., Dapitan St. & P. Noval St.", "postalCode": "1015", "country": "Pilipinas"}, "categories": [{"icon": {"prefix": "https://ss3.4sqi.net/img/categories_v2/education/default_", "suffix": ".png"}, "name": "University", "id": "4bf58dd8d48988d1ae941735", "pluralName": "Universities", "primary": true, "shortName": "University"}], "verified": false, "contact": {"twitter": "ust1611official", "facebookName": "UST QUADRI", "formattedPhone": "+63 2 406 1611", "phone": "+6324061611", "facebookUsername": "University.of.Santo.Tomas.Manila", "facebook": "121328281212298"}, "beenHere": {"lastCheckinExpiredAt": 0}, "stats": {"tipCount": 124, "usersCount": 16866, "checkinsCount": 98672}, "id": "4b6f7569f964a5206ff12ce3", "name": "University of Santo Tomas", "venueRatingBlacklisted": true}, "suffix": "/10687930_AXBdbIhv_bMRbPbF8jXkdsfMTae1NVap3nQwT4oSpMI.jpg", "visibility": "public"}, {"height": 810, "source": {"url": "http://instagram.com", "name": "Instagram"}, "width": 1080, "prefix": "https://igx.4sqi.net/img/general/", "createdAt": 1494897587, "id": "591a53b33b4e002d9f91baed", "venue": {"like": false, "location": {"city": "Lucena", "state": "Quezon", "cc": "PH", "country": "Pilipinas", "lat": 13.937399, "lng": 121.612233, "labeledLatLngs": [{"label": "display", "lat": 13.937399, "lng": 121.612233}], "formattedAddress": ["Lucena City", "Quezon", "Pilipinas"]}, "categories": [{"icon": {"prefix": "https://ss3.4sqi.net/img/categories_v2/food/breakfast_", "suffix": ".png"}, "name": "Breakfast Spot", "id": "4bf58dd8d48988d143941735", "pluralName": "Breakfast Spots", "primary": true, "shortName": "Breakfast"}], "verified": false, "contact": {}, "allowMenuUrlEdit": true, "stats": {"tipCount": 1, "usersCount": 35, "checkinsCount": 87}, "id": "580c9e1038fae4e1a62c92b3", "name": "Butter & Coffee", "beenHere": {"lastCheckinExpiredAt": 0}}, "suffix": "/10687930_YSeog3ixsyrU-chbzsjFqdTrssJr9SPMMAZL5GSo2dE.jpg", "visibility": "public"}, {"height": 750, "source": {"url": "http://instagram.com", "name": "Instagram"}, "width": 750, "prefix": "https://igx.4sqi.net/img/general/", "createdAt": 1473058957, "id": "57cd188d498e532c68d267fd", "venue": {"like": false, "location": {"cc": "PH", "country": "Pilipinas", "lat": 14.520424701104892, "lng": 121.0124633518293, "labeledLatLngs": [{"label": "display", "lat": 14.520424701104892, "lng": 121.0124633518293}], "formattedAddress": ["Pilipinas"]}, "categories": [{"icon": {"prefix": "https://ss3.4sqi.net/img/categories_v2/nightlife/default_", "suffix": ".png"}, "name": "Travel Lounge", "id": "4f04b25d2fb6e1c99f3db0c0", "pluralName": "Travel Lounges", "primary": true, "shortName": "Lounge"}], "verified": false, "contact": {}, "allowMenuUrlEdit": true, "stats": {"tipCount": 1, "usersCount": 329, "checkinsCount": 387}, "id": "52f4539f498ee578cdaa78fa", "name": "NAIA Terminal 3, Departure VIP Lounge", "beenHere": {"lastCheckinExpiredAt": 0}}, "suffix": "/10687930_uWyjEuB0QXv_hRuRB1vhC76lP0feZsA16qY3OJDJeEA.jpg", "visibility": "public"}, {"height": 1440, "source": {"url": "https://www.swarmapp.com", "name": "Swarm for iOS"}, "width": 1920, "prefix": "https://igx.4sqi.net/img/general/", "createdAt": 1451472581, "id": "5683b6c5498e448e79031ed0", "venue": {"like": false, "location": {"city": "Makati City", "lng": 121.02165860537741, "cc": "PH", "state": "Makati City", "crossStreet": "btwn Greenbelt Dr. & Makati Ave.", "lat": 14.552180023853067, "address": "2nd Flr, Greenbelt 3", "labeledLatLngs": [{"label": "display", "lat": 14.552180023853067, "lng": 121.02165860537741}], "formattedAddress": ["2nd Flr, Greenbelt 3 (btwn Greenbelt Dr. & Makati Ave.)", "Makati City", "Makati City", "Pilipinas"], "country": "Pilipinas"}, "categories": [{"icon": {"prefix": "https://ss3.4sqi.net/img/categories_v2/food/asian_", "suffix": ".png"}, "name": "Asian Restaurant", "id": "4bf58dd8d48988d142941735", "pluralName": "Asian Restaurants", "primary": true, "shortName": "Asian"}], "verified": false, "contact": {}, "allowMenuUrlEdit": true, "stats": {"tipCount": 72, "usersCount": 3779, "checkinsCount": 4821}, "id": "4b656690f964a5207fef2ae3", "name": "Banana Leaf", "beenHere": {"lastCheckinExpiredAt": 0}}, "suffix": "/10687930_gJtc19WzlbnZfkQp6ATj6Zncs6vmVk7lDj7FD4avHP4.jpg", "visibility": "public"}, {"height": 1440, "source": {"url": "https://www.swarmapp.com", "name": "Swarm for iOS"}, "width": 1920, "prefix": "https://igx.4sqi.net/img/general/", "createdAt": 1437023328, "id": "55a73c60498ec4ec231658b5", "venue": {"location": {"city": "Makati City", "lng": 121.02102398872375, "cc": "PH", "state": "Makati City", "crossStreet": "btwn Greenbelt Dr. & Paseo de Roxas", "lat": 14.552618674456244, "address": "Ground Flr, Greenbelt 5", "labeledLatLngs": [{"label": "display", "lat": 14.552618674456244, "lng": 121.02102398872375}], "formattedAddress": ["Ground Flr, Greenbelt 5 (btwn Greenbelt Dr. & Paseo de Roxas)", "Makati City", "Makati City", "Pilipinas"], "country": "Pilipinas"}, "contact": {"formattedPhone": "+63 928 724 9631", "phone": "+639287249631"}, "verified": false, "allowMenuUrlEdit": true, "stats": {"tipCount": 174, "usersCount": 7147, "checkinsCount": 9990}, "menu": {"url": "http://asian-roses.tumblr.com", "label": "Menu", "anchor": "View Menu", "mobileUrl": "http://asian-roses.tumblr.com", "type": "Menu", "externalUrl": "http://asian-roses.tumblr.com"}, "beenHere": {"lastCheckinExpiredAt": 0}, "url": "http://mesa.ph", "like": false, "categories": [{"icon": {"prefix": "https://ss3.4sqi.net/img/categories_v2/food/filipino_", "suffix": ".png"}, "name": "Filipino Restaurant", "id": "4eb1bd1c3b7b55596b4a748f", "pluralName": "Filipino Restaurants", "primary": true, "shortName": "Filipino"}], "id": "4bde9d226198c9b6575114ff", "name": "Mesa Filipino Moderne"}, "suffix": "/10687930_cJIr5g_VX5SDPn_FuerYqyHwT89poFZh9eS9L7mAVdk.jpg", "visibility": "public"}, {"height": 1440, "source": {"url": "https://www.swarmapp.com", "name": "Swarm for iOS"}, "width": 1920, "prefix": "https://igx.4sqi.net/img/general/", "createdAt": 1424933036, "id": "54eec0ac498e0b8bbd158273", "venue": {"venueRatingBlacklisted": true, "like": false, "location": {"city": "Quezon City", "lng": 121.04233696737856, "cc": "PH", "state": "Quezon City", "lat": 14.642905174394498, "address": "Agham Rd.", "labeledLatLngs": [{"label": "display", "lat": 14.642905174394498, "lng": 121.04233696737856}], "formattedAddress": ["Agham Rd.", "Quezon City", "Quezon City", "Pilipinas"], "country": "Pilipinas"}, "categories": [{"icon": {"prefix": "https://ss3.4sqi.net/img/categories_v2/building/government_capitolbuilding_", "suffix": ".png"}, "name": "Capitol Building", "id": "4bf58dd8d48988d12a941735", "pluralName": "Capitol Buildings", "primary": true, "shortName": "Capitol Building"}], "verified": false, "contact": {}, "beenHere": {"lastCheckinExpiredAt": 0}, "stats": {"tipCount": 5, "usersCount": 480, "checkinsCount": 1708}, "id": "4beba3c3ca97d13a5eaa6c77", "name": "Bureau of Internal Revenue"}, "suffix": "/10687930_p6SKLHG6Om_bpFxcS7Q-Yikv7NK5oRuTt8MZOlYDDcA.jpg", "visibility": "public"}, {"height": 1440, "source": {"url": "https://www.swarmapp.com", "name": "Swarm for iOS"}, "width": 1749, "prefix": "https://igx.4sqi.net/img/general/", "createdAt": 1424864875, "id": "54edb66b498e0dfbfe2d2cac", "venue": {"like": false, "location": {"city": "Makati City", "lng": 121.02777905300792, "cc": "PH", "state": "Makati City", "crossStreet": "btwn Gil Puyat Ave & Jupiter St", "lat": 14.562862504516092, "address": "2F Yupangco Bldg", "labeledLatLngs": [{"label": "display", "lat": 14.562862504516092, "lng": 121.02777905300792}], "formattedAddress": ["2F Yupangco Bldg (btwn Gil Puyat Ave & Jupiter St)", "Makati City", "Makati City", "Pilipinas"], "country": "Pilipinas"}, "categories": [{"icon": {"prefix": "https://ss3.4sqi.net/img/categories_v2/shops/gamingcafe_", "suffix": ".png"}, "name": "Gaming Cafe", "id": "4bf58dd8d48988d18d941735", "pluralName": "Gaming Cafes", "primary": true, "shortName": "Gaming Cafe"}], "verified": false, "contact": {}, "allowMenuUrlEdit": true, "stats": {"tipCount": 5, "usersCount": 512, "checkinsCount": 613}, "id": "5402e300498e5bf523f68b81", "name": "Mystery Manila", "beenHere": {"lastCheckinExpiredAt": 0}}, "suffix": "/10687930_Z4uJC-kbjyM3khgBedGWMzcyM5Dp97T0keqZXoJSvPA.jpg", "visibility": "public"}, {"height": 1908, "source": {"url": "https://www.swarmapp.com", "name": "Swarm for iOS"}, "width": 1440, "prefix": "https://igx.4sqi.net/img/general/", "createdAt": 1422749711, "id": "54cd700f498e6fed884c5bb4", "venue": {"like": false, "location": {"formattedAddress": ["847 Banawe St (at Linaw St)", "Quezon City", "Quezon City", "Pilipinas"], "city": "Quezon City", "lng": 121.00096642971037, "cc": "PH", "state": "Quezon City", "crossStreet": "at Linaw St", "lat": 14.637522587096315, "address": "847 Banawe St", "labeledLatLngs": [{"label": "display", "lat": 14.637522587096315, "lng": 121.00096642971037}], "neighborhood": "St Peter, Quezon City, National Capital Region", "country": "Pilipinas"}, "categories": [{"icon": {"prefix": "https://ss3.4sqi.net/img/categories_v2/food/diner_", "suffix": ".png"}, "name": "Diner", "id": "4bf58dd8d48988d147941735", "pluralName": "Diners", "primary": true, "shortName": "Diner"}], "verified": false, "contact": {}, "allowMenuUrlEdit": true, "stats": {"tipCount": 8, "usersCount": 469, "checkinsCount": 762}, "id": "4d6b37556107f04da98c2c7a", "name": "Pancake House", "beenHere": {"lastCheckinExpiredAt": 0}}, "suffix": "/10687930_UjhNQbKb6Ok872Ln1OP-uarRm5JzZLcI9N3p60gR1Q8.jpg", "visibility": "public"}, {"height": 720, "source": {"url": "https://foursquare.com/download/#/iphone", "name": "Foursquare for iOS"}, "width": 960, "prefix": "https://igx.4sqi.net/img/general/", "createdAt": 1383521228, "id": "5276dbcc11d24671c1f9aa19", "venue": {"url": "http://www.starbucks.ph", "like": false, "location": {"formattedAddress": ["Ground Flr, Greenbelt 1, Paseo de Roxas Ave (at Legazpi St)", "1224 Makati City", "Makati City", "Pilipinas"], "city": "Makati City", "lng": 121.01975798606873, "cc": "PH", "state": "Makati City", "crossStreet": "at Legazpi St", "lat": 14.553698672910834, "address": "Ground Flr, Greenbelt 1, Paseo de Roxas Ave", "labeledLatLngs": [{"label": "display", "lat": 14.553698672910834, "lng": 121.01975798606873}], "postalCode": "1224", "country": "Pilipinas"}, "categories": [{"icon": {"prefix": "https://ss3.4sqi.net/img/categories_v2/food/coffeeshop_", "suffix": ".png"}, "name": "Coffee Shop", "id": "4bf58dd8d48988d1e0931735", "pluralName": "Coffee Shops", "primary": true, "shortName": "Coffee Shop"}], "verified": false, "contact": {"formattedPhone": "+63 2 892 0415", "phone": "+6328920415"}, "allowMenuUrlEdit": true, "stats": {"tipCount": 70, "usersCount": 6742, "checkinsCount": 16864}, "id": "4ba0363ef964a520da6137e3", "name": "Starbucks Coffee", "beenHere": {"lastCheckinExpiredAt": 0}}, "suffix": "/10687930_57pE8ioM12bj908GtcECeam_aJDtKUZaAE49rT1K9EM.jpg", "visibility": "public"}, {"height": 960, "source": {"url": "https://foursquare.com/download/#/iphone", "name": "Foursquare for iOS"}, "width": 720, "prefix": "https://igx.4sqi.net/img/general/", "createdAt": 1373122389, "id": "51d82f55498e179ecf4d0d0d", "venue": {"location": {"city": "Pasay", "lng": 120.98005599263558, "cc": "PH", "state": "Pasay City", "crossStreet": "Seaside Blvd", "lat": 14.534970637845014, "address": "2nd Flr, SM Mall of Asia (Entertainment Mall)", "labeledLatLngs": [{"label": "display", "lat": 14.534970637845014, "lng": 120.98005599263558}], "formattedAddress": ["2nd Flr, SM Mall of Asia (Entertainment Mall) (Seaside Blvd)", "Pasay City", "Pasay City", "Pilipinas"], "country": "Pilipinas"}, "contact": {"twitter": "clawdaddy1", "facebookName": "Clawdaddy Restaurant", "facebookUsername": "clawdaddyph", "facebook": "381075971982263"}, "verified": true, "allowMenuUrlEdit": true, "stats": {"tipCount": 7, "usersCount": 580, "checkinsCount": 657}, "id": "4faf96d5e4b0fc5eab500ab3", "url": "https://www.facebook.com/clawdaddyph", "closed": true, "like": false, "categories": [{"icon": {"prefix": "https://ss3.4sqi.net/img/categories_v2/food/seafood_", "suffix": ".png"}, "name": "Seafood Restaurant", "id": "4bf58dd8d48988d1ce941735", "pluralName": "Seafood Restaurants", "primary": true, "shortName": "Seafood"}], "beenHere": {"lastCheckinExpiredAt": 0}, "name": "Clawdaddy\u2019s Osteria Americana"}, "suffix": "/10687930_iT8k1FrUOVqId7Y6Dp_xghr5Hl9tKc0mXueJuO9GYu0.jpg", "visibility": "public"}, {"height": 960, "source": {"url": "https://foursquare.com/download/#/iphone", "name": "Foursquare for iOS"}, "width": 720, "prefix": "https://igx.4sqi.net/img/general/", "createdAt": 1370929908, "id": "51b6baf4498e98d98a7c458a", "venue": {"like": false, "location": {"city": "Quezon City", "lng": 121.0596082116103, "cc": "PH", "state": "Quezon City", "lat": 14.734573523998773, "address": "SM Fairview", "labeledLatLngs": [{"label": "display", "lat": 14.734573523998773, "lng": 121.0596082116103}], "formattedAddress": ["SM Fairview", "Quezon City", "Quezon City", "Pilipinas"], "country": "Pilipinas"}, "categories": [{"icon": {"prefix": "https://ss3.4sqi.net/img/categories_v2/shops/salon_barber_", "suffix": ".png"}, "name": "Salon / Barbershop", "id": "4bf58dd8d48988d110951735", "pluralName": "Salons / Barbershops", "primary": true, "shortName": "Salon / Barbershop"}], "verified": false, "contact": {}, "allowMenuUrlEdit": true, "stats": {"tipCount": 8, "usersCount": 308, "checkinsCount": 457}, "id": "4ce50c0c302d548165fbcb5f", "name": "Tony & Jackey", "beenHere": {"lastCheckinExpiredAt": 0}}, "suffix": "/10687930_YRtAdWp3hkngTvcd800QBWOqnPDkkFPO0Q0OOksHfK0.jpg", "visibility": "public"}, {"height": 1920, "source": {"url": "https://foursquare.com/download/#/iphone", "name": "Foursquare for iOS"}, "width": 1440, "prefix": "https://igx.4sqi.net/img/general/", "createdAt": 1367127665, "id": "517cb671e4b0069392bbad6f", "venue": {"venueRatingBlacklisted": true, "like": false, "location": {"city": "Singapore", "lng": 103.79581332206726, "cc": "SG", "country": "Singapore", "lat": 1.4338450850837692, "address": "Woodlands Ave 4", "labeledLatLngs": [{"label": "display", "lat": 1.4338450850837692, "lng": 103.79581332206726}], "formattedAddress": ["Woodlands Ave 4", "Singapore"]}, "categories": [{"icon": {"prefix": "https://ss3.4sqi.net/img/categories_v2/building/apartment_", "suffix": ".png"}, "name": "Residential Building (Apartment / Condo)", "id": "4d954b06a243a5684965b473", "pluralName": "Residential Buildings (Apartments / Condos)", "primary": true, "shortName": "Residential"}], "verified": false, "contact": {}, "beenHere": {"lastCheckinExpiredAt": 0}, "stats": {"tipCount": 1, "usersCount": 157, "checkinsCount": 1000}, "id": "4c246d33a852c928a01be36c", "name": "Blk 616 Woodlands Ave 4"}, "suffix": "/10687930_t0eij-xflSpPveLTMrkeBBMc97AQXQu9sl9pyuYh1go.jpg", "visibility": "public"}, {"height": 960, "source": {"url": "https://foursquare.com/download/#/iphone", "name": "Foursquare for iOS"}, "width": 720, "prefix": "https://igx.4sqi.net/img/general/", "createdAt": 1364033463, "id": "514d7fb7e4b09cb0b3980b97", "venue": {"url": "http://www.olivevine.com.sg", "like": false, "location": {"formattedAddress": ["#B1-17 Marina Sq. (6 Raffles Blvd.)", "039594", "Singapore"], "city": "Singapore", "lng": 103.85669410228728, "cc": "SG", "country": "Singapore", "crossStreet": "6 Raffles Blvd.", "lat": 1.2923342783713323, "address": "#B1-17 Marina Sq.", "labeledLatLngs": [{"label": "display", "lat": 1.2923342783713323, "lng": 103.85669410228728}], "postalCode": "039594"}, "categories": [{"icon": {"prefix": "https://ss3.4sqi.net/img/categories_v2/food/italian_", "suffix": ".png"}, "name": "Italian Restaurant", "id": "4bf58dd8d48988d110941735", "pluralName": "Italian Restaurants", "primary": true, "shortName": "Italian"}], "verified": false, "contact": {"formattedPhone": "+65 9762 2649", "phone": "+6597622649"}, "allowMenuUrlEdit": true, "stats": {"tipCount": 29, "usersCount": 1275, "checkinsCount": 2259}, "id": "4d31b40ac75a6ea892c506ae", "name": "Olive Vine Pasta Fusion", "beenHere": {"lastCheckinExpiredAt": 0}}, "suffix": "/10687930_4zjdfBBhhtN8r4CRhFcrrkLUbn3QRyuMkZdFFm1l0sw.jpg", "visibility": "public"}, {"height": 720, "source": {"url": "https://foursquare.com/download/#/iphone", "name": "Foursquare for iOS"}, "width": 960, "prefix": "https://igx.4sqi.net/img/general/", "createdAt": 1362573805, "id": "513739ede4b0152ea60faf7c", "venue": {"venueRatingBlacklisted": true, "like": false, "location": {"lng": 103.835231, "cc": "SG", "country": "Singapore", "crossStreet": "Blk. 97 Yishun St. 81", "lat": 1.413108, "address": "Orchid Park Condominium- Tower 2", "labeledLatLngs": [{"label": "display", "lat": 1.413108, "lng": 103.835231}], "formattedAddress": ["Orchid Park Condominium- Tower 2 (Blk. 97 Yishun St. 81)", "Singapore"]}, "categories": [{"icon": {"prefix": "https://ss3.4sqi.net/img/categories_v2/building/apartment_", "suffix": ".png"}, "name": "Residential Building (Apartment / Condo)", "id": "4d954b06a243a5684965b473", "pluralName": "Residential Buildings (Apartments / Condos)", "primary": true, "shortName": "Residential"}], "verified": false, "contact": {}, "beenHere": {"lastCheckinExpiredAt": 0}, "stats": {"tipCount": 0, "usersCount": 2, "checkinsCount": 29}, "id": "50e08515e4b0f6f2cf2f2fd5", "name": "Nevi's Turf"}, "suffix": "/10687930_T8EzdlHdaWnjxpXy5AN_lJGtW2DcBNI6qS5E1XEzAd8.jpg", "visibility": "public"}, {"height": 960, "source": {"url": "https://foursquare.com/download/#/iphone", "name": "Foursquare for iOS"}, "width": 720, "prefix": "https://igx.4sqi.net/img/general/", "createdAt": 1360719490, "id": "511aee82e4b0dd11cbda095c", "venue": {"like": false, "location": {"cc": "TH", "country": "\u0e1b\u0e23\u0e30\u0e40\u0e17\u0e28\u0e44\u0e17\u0e22", "lat": 7.901042393027773, "lng": 98.3012443351804, "labeledLatLngs": [{"label": "display", "lat": 7.901042393027773, "lng": 98.3012443351804}], "formattedAddress": ["\u0e1b\u0e23\u0e30\u0e40\u0e17\u0e28\u0e44\u0e17\u0e22"]}, "categories": [{"icon": {"prefix": "https://ss3.4sqi.net/img/categories_v2/travel/hotel_", "suffix": ".png"}, "name": "Hotel", "id": "4bf58dd8d48988d1fa931735", "pluralName": "Hotels", "primary": true, "shortName": "Hotel"}], "verified": false, "contact": {}, "allowMenuUrlEdit": true, "stats": {"tipCount": 1, "usersCount": 53, "checkinsCount": 86}, "id": "507bad5fe4b0e1c7ae70edf8", "name": "Nicky's Handlebar Hotel", "beenHere": {"lastCheckinExpiredAt": 0}}, "suffix": "/10687930_gwakQCjZeEQa6tWg_ZBmlAoqpP2PDPhOUUV3RnR6v9M.jpg", "visibility": "public"}, {"height": 960, "source": {"url": "https://foursquare.com/download/#/iphone", "name": "Foursquare for iOS"}, "width": 720, "prefix": "https://igx.4sqi.net/img/general/", "createdAt": 1360666595, "id": "511a1fe3e4b0f8a4dcc405ea", "venue": {"venueRatingBlacklisted": true, "like": false, "location": {"formattedAddress": ["Concourse F, Terminal 2 (Changi International Airport)", "819643", "Singapore"], "city": "Singapore", "lng": 103.98812595766127, "cc": "SG", "country": "Singapore", "crossStreet": "Changi International Airport", "lat": 1.3513821421826462, "address": "Concourse F, Terminal 2", "labeledLatLngs": [{"label": "display", "lat": 1.3513821421826462, "lng": 103.98812595766127}], "postalCode": "819643"}, "categories": [{"icon": {"prefix": "https://ss3.4sqi.net/img/categories_v2/travel/airport_gate_", "suffix": ".png"}, "name": "Airport Gate", "id": "4bf58dd8d48988d1f0931735", "pluralName": "Airport Gates", "primary": true, "shortName": "Gate"}], "verified": false, "contact": {}, "beenHere": {"lastCheckinExpiredAt": 0}, "stats": {"tipCount": 4, "usersCount": 1193, "checkinsCount": 1688}, "id": "4c0272fcf423a593fac0ce16", "name": "Gate F56"}, "suffix": "/10687930_nFYp0eqM6wRb-ZvTY-ev35-ozoO-bnyVhsglkynG_es.jpg", "visibility": "public"}, {"height": 960, "source": {"url": "https://foursquare.com/download/#/iphone", "name": "Foursquare for iOS"}, "width": 720, "prefix": "https://igx.4sqi.net/img/general/", "createdAt": 1359112232, "id": "51026828e4b02714c3dc518d", "venue": {"like": false, "location": {"lng": 103.8450030646951, "cc": "SG", "country": "Singapore", "lat": 1.2919643638918856, "address": "Liang Court", "labeledLatLngs": [{"label": "display", "lat": 1.2919643638918856, "lng": 103.8450030646951}], "formattedAddress": ["Liang Court", "Singapore"]}, "categories": [{"icon": {"prefix": "https://ss3.4sqi.net/img/categories_v2/food/pizza_", "suffix": ".png"}, "name": "Pizza Place", "id": "4bf58dd8d48988d1ca941735", "pluralName": "Pizza Places", "primary": true, "shortName": "Pizza"}], "verified": false, "contact": {}, "allowMenuUrlEdit": true, "stats": {"tipCount": 4, "usersCount": 129, "checkinsCount": 158}, "id": "50e7b9cbe4b044a7683f868a", "name": "Shakey's Pizza", "beenHere": {"lastCheckinExpiredAt": 0}}, "suffix": "/10687930_kiVE3kekawBOmxvH6Cpt2JCdwCeX3wQRBBPBT8l8FbQ.jpg", "visibility": "public"}, {"height": 720, "source": {"url": "https://foursquare.com/download/#/iphone", "name": "Foursquare for iOS"}, "width": 960, "prefix": "https://igx.4sqi.net/img/general/", "createdAt": 1357887969, "id": "50efb9e1e4b045bde81ca3f9", "venue": {"location": {"formattedAddress": ["G/F Greenbelt 1, Ayala Center (Paseo de Roxas)", "1228 Makati City", "Makati City", "Pilipinas"], "city": "Makati City", "lng": 121.01972579956055, "cc": "PH", "state": "Makati City", "crossStreet": "Paseo de Roxas", "lat": 14.553449442967324, "address": "G/F Greenbelt 1, Ayala Center", "labeledLatLngs": [{"label": "display", "lat": 14.553449442967324, "lng": 121.01972579956055}], "postalCode": "1228", "country": "Pilipinas"}, "contact": {"twitter": "bonchon_ph", "facebookName": "BonChon Chicken Philippines", "formattedPhone": "+63 2 659 8080", "phone": "+6326598080", "facebookUsername": "Bonchon.Chicken.Philippines", "facebook": "116690228389144"}, "verified": true, "allowMenuUrlEdit": true, "stats": {"tipCount": 176, "usersCount": 6548, "checkinsCount": 12733}, "menu": {"url": "http://www.bonchon.com.ph/menu/", "label": "Menu", "anchor": "View Menu", "mobileUrl": "http://www.bonchon.com.ph/menu/", "type": "Menu", "externalUrl": "http://www.bonchon.com.ph/menu/"}, "storeId": "", "beenHere": {"lastCheckinExpiredAt": 0}, "url": "http://www.bonchon.com.ph", "closed": true, "like": false, "categories": [{"icon": {"prefix": "https://ss3.4sqi.net/img/categories_v2/food/friedchicken_", "suffix": ".png"}, "name": "Fried Chicken Joint", "id": "4d4ae6fc7a7b7dea34424761", "pluralName": "Fried Chicken Joints", "primary": true, "shortName": "Fried Chicken"}], "id": "4d0c461e7d28721e140ff220", "name": "BonChon Chicken"}, "suffix": "/10687930_JcwVPq3iOCOp2xTyMialri3Zl2Cihpzd4RkNYtd5NLw.jpg", "visibility": "public"}, {"height": 720, "source": {"url": "https://foursquare.com/download/#/iphone", "name": "Foursquare for iOS"}, "width": 960, "prefix": "https://igx.4sqi.net/img/general/", "createdAt": 1356924610, "id": "50e106c2e4b06fa9a026fbb9", "venue": {"like": false, "location": {"lng": 103.83526570968955, "cc": "SG", "country": "Singapore", "lat": 1.4131317752097319, "address": "Orchid Park Condominium", "labeledLatLngs": [{"label": "display", "lat": 1.4131317752097319, "lng": 103.83526570968955}], "formattedAddress": ["Orchid Park Condominium", "Singapore"]}, "categories": [{"icon": {"prefix": "https://ss3.4sqi.net/img/categories_v2/parks_outdoors/garden_", "suffix": ".png"}, "name": "Garden", "id": "4bf58dd8d48988d15a941735", "pluralName": "Gardens", "primary": true, "shortName": "Garden"}], "verified": false, "contact": {}, "beenHere": {"lastCheckinExpiredAt": 0}, "stats": {"tipCount": 0, "usersCount": 6, "checkinsCount": 34}, "id": "50e10691e4b05f45a362790e", "name": "Lagoon"}, "suffix": "/10687930_GKPHNiPB0zHDymBC0qOqIukztVES5w2ygftRxH5wHOA.jpg", "visibility": "public"}, {"height": 960, "source": {"url": "https://foursquare.com/download/#/iphone", "name": "Foursquare for iOS"}, "width": 720, "prefix": "https://igx.4sqi.net/img/general/", "createdAt": 1356774391, "id": "50debbf7e4b0e03a2426cba3", "venue": {"closed": true, "like": false, "location": {"city": "Singapore", "lng": 103.8554262048293, "cc": "SG", "country": "Singapore", "crossStreet": "1 Raffles Link", "lat": 1.2920799116780348, "address": "Citylink", "labeledLatLngs": [{"label": "display", "lat": 1.2920799116780348, "lng": 103.8554262048293}], "formattedAddress": ["Citylink (1 Raffles Link)", "Singapore"]}, "categories": [{"icon": {"prefix": "https://ss3.4sqi.net/img/categories_v2/food/thai_", "suffix": ".png"}, "name": "Thai Restaurant", "id": "4bf58dd8d48988d149941735", "pluralName": "Thai Restaurants", "primary": true, "shortName": "Thai"}], "verified": false, "contact": {"formattedPhone": "+65 6884 4168", "phone": "+6568844168"}, "allowMenuUrlEdit": true, "stats": {"tipCount": 22, "usersCount": 1389, "checkinsCount": 1624}, "id": "4b9b0db5f964a5200eef35e3", "name": "ThaiExpress", "beenHere": {"lastCheckinExpiredAt": 0}}, "suffix": "/10687930_pXyezE7pE45CZbNTa5KsndNOtfnifYKZY1B42t8Kupk.jpg", "visibility": "public"}, {"height": 540, "source": {"url": "https://foursquare.com/download/#/iphone", "name": "Foursquare for iOS"}, "width": 720, "prefix": "https://igx.4sqi.net/img/general/", "createdAt": 1354105769, "id": "50b603a9498ecd0163c14357", "venue": {"venueRatingBlacklisted": true, "like": false, "location": {"city": "Singapore", "lng": 103.83569240570068, "cc": "SG", "country": "Singapore", "lat": 1.4128874081790979, "address": "Yishun Street 81", "labeledLatLngs": [{"label": "display", "lat": 1.4128874081790979, "lng": 103.83569240570068}], "formattedAddress": ["Yishun Street 81", "Singapore"]}, "categories": [{"icon": {"prefix": "https://ss3.4sqi.net/img/categories_v2/building/apartment_", "suffix": ".png"}, "name": "Residential Building (Apartment / Condo)", "id": "4d954b06a243a5684965b473", "pluralName": "Residential Buildings (Apartments / Condos)", "primary": true, "shortName": "Residential"}], "verified": false, "contact": {}, "beenHere": {"lastCheckinExpiredAt": 0}, "stats": {"tipCount": 15, "usersCount": 648, "checkinsCount": 5851}, "id": "4cc7f808f2d4370452bbcb6c", "name": "Orchid Park Condominium"}, "suffix": "/10687930_Jdex80qAnXgBTHraYH9yGj3H9-g8z81qBZfitCCgukE.jpg", "visibility": "public"}, {"height": 540, "source": {"url": "https://foursquare.com/download/#/iphone", "name": "Foursquare for iOS"}, "width": 720, "prefix": "https://igx.4sqi.net/img/general/", "createdAt": 1353907473, "id": "50b2fd11e4b0fca7e9d3e5f9", "venue": {"closed": true, "like": false, "location": {"city": "Singapore", "lng": 103.85686433252151, "cc": "SG", "country": "Singapore", "lat": 1.2924912613631347, "address": "#B1-20, Marina Square", "crossStreet": "6 Raffles Boulevard", "formattedAddress": ["#B1-20, Marina Square (6 Raffles Boulevard)", "Singapore"]}, "categories": [{"icon": {"prefix": "https://ss3.4sqi.net/img/categories_v2/food/tearoom_", "suffix": ".png"}, "name": "Tea Room", "id": "4bf58dd8d48988d1dc931735", "pluralName": "Tea Rooms", "primary": true, "shortName": "Tea Room"}], "verified": false, "contact": {}, "allowMenuUrlEdit": true, "stats": {"tipCount": 1, "usersCount": 98, "checkinsCount": 221}, "id": "505ea15be4b004c15c249247", "name": "Share Tea \u6b47\u811a\u4ead", "beenHere": {"lastCheckinExpiredAt": 0}}, "suffix": "/10687930_pdQh10X7SZxxwNMnBacVL-0Enb9QFtj642EN636qkoM.jpg", "visibility": "public"}, {"height": 540, "source": {"url": "https://foursquare.com/download/#/iphone", "name": "Foursquare for iOS"}, "width": 720, "prefix": "https://igx.4sqi.net/img/general/", "createdAt": 1353907357, "id": "50b2fc9de4b06060270210b1", "venue": {"url": "http://www.marinasquare.com.sg", "like": false, "location": {"formattedAddress": ["6 Raffles Blvd.", "039594", "Singapore"], "city": "Singapore", "lng": 103.8576739937774, "cc": "SG", "country": "Singapore", "lat": 1.2913113837220744, "address": "6 Raffles Blvd.", "postalCode": "039594"}, "categories": [{"icon": {"prefix": "https://ss3.4sqi.net/img/categories_v2/shops/mall_", "suffix": ".png"}, "name": "Shopping Mall", "id": "4bf58dd8d48988d1fd941735", "pluralName": "Shopping Malls", "primary": true, "shortName": "Mall"}], "verified": false, "contact": {"formattedPhone": "+65 6339 8787", "phone": "+6563398787"}, "beenHere": {"lastCheckinExpiredAt": 0}, "stats": {"tipCount": 126, "usersCount": 41085, "checkinsCount": 108472}, "id": "4b058815f964a520acb022e3", "name": "Marina Square"}, "suffix": "/10687930_443I3SSFFAyswKliZ7kj88TKyEAP1qRuT8rGkvwn0EE.jpg", "visibility": "public"}, {"height": 720, "source": {"url": "https://foursquare.com/download/#/iphone", "name": "Foursquare for iOS"}, "width": 540, "prefix": "https://igx.4sqi.net/img/general/", "createdAt": 1351747948, "id": "5092096ce4b06d6145a6ef1a", "venue": {"like": false, "location": {"city": "Singapore", "lng": 103.85307654072774, "cc": "SG", "country": "Singapore", "lat": 1.2931850979418578, "address": "1 Raffles Link, CityLink Mall", "labeledLatLngs": [{"label": "display", "lat": 1.2931850979418578, "lng": 103.85307654072774}], "formattedAddress": ["1 Raffles Link, CityLink Mall", "Singapore"]}, "categories": [{"icon": {"prefix": "https://ss3.4sqi.net/img/categories_v2/food/bakery_", "suffix": ".png"}, "name": "Bakery", "id": "4bf58dd8d48988d16a941735", "pluralName": "Bakeries", "primary": true, "shortName": "Bakery"}], "verified": false, "contact": {}, "allowMenuUrlEdit": true, "stats": {"tipCount": 9, "usersCount": 378, "checkinsCount": 624}, "id": "4b81cfbdf964a5205abf30e3", "name": "BreadTalk", "beenHere": {"lastCheckinExpiredAt": 0}}, "suffix": "/10687930_f_Es539n_yEAz6b4jqWXGg4UP1qXTb-gfoy_6UWJuKc.jpg", "visibility": "public"}, {"height": 720, "source": {"url": "https://foursquare.com/download/#/iphone", "name": "Foursquare for iOS"}, "width": 540, "prefix": "https://igx.4sqi.net/img/general/", "createdAt": 1351159479, "id": "50890eb7e4b0ef1360126f39", "venue": {"closed": true, "like": false, "location": {"formattedAddress": ["#B1-26A CityLink Mall (1 Raffles Link)", "039393", "Singapore"], "city": "Singapore", "lng": 103.85482038393589, "cc": "SG", "country": "Singapore", "crossStreet": "1 Raffles Link", "lat": 1.292261546481217, "address": "#B1-26A CityLink Mall", "labeledLatLngs": [{"label": "display", "lat": 1.292261546481217, "lng": 103.85482038393589}], "postalCode": "039393"}, "categories": [{"icon": {"prefix": "https://ss3.4sqi.net/img/categories_v2/food/icecream_", "suffix": ".png"}, "name": "Ice Cream Shop", "id": "4bf58dd8d48988d1c9941735", "pluralName": "Ice Cream Shops", "primary": true, "shortName": "Ice Cream"}], "verified": false, "contact": {}, "allowMenuUrlEdit": true, "stats": {"tipCount": 15, "usersCount": 688, "checkinsCount": 829}, "id": "4cff4240ba1da1cd5b5f8228", "name": "il GELATO di BRUNO", "beenHere": {"lastCheckinExpiredAt": 0}}, "suffix": "/10687930_w7P7XPxPerJDVUtAgJGvWX4SlnjAWdjc_0yXHowBlvI.jpg", "visibility": "public"}, {"height": 720, "source": {"url": "https://foursquare.com/download/#/iphone", "name": "Foursquare for iOS"}, "width": 540, "prefix": "https://igx.4sqi.net/img/general/", "createdAt": 1350816501, "id": "5083d2f5e4b052212ef0a26c", "venue": {"closed": true, "like": false, "location": {"formattedAddress": ["#B1-26A CityLink Mall (1 Raffles Link)", "039393", "Singapore"], "city": "Singapore", "lng": 103.85482038393589, "cc": "SG", "country": "Singapore", "crossStreet": "1 Raffles Link", "lat": 1.292261546481217, "address": "#B1-26A CityLink Mall", "labeledLatLngs": [{"label": "display", "lat": 1.292261546481217, "lng": 103.85482038393589}], "postalCode": "039393"}, "categories": [{"icon": {"prefix": "https://ss3.4sqi.net/img/categories_v2/food/icecream_", "suffix": ".png"}, "name": "Ice Cream Shop", "id": "4bf58dd8d48988d1c9941735", "pluralName": "Ice Cream Shops", "primary": true, "shortName": "Ice Cream"}], "verified": false, "contact": {}, "allowMenuUrlEdit": true, "stats": {"tipCount": 15, "usersCount": 688, "checkinsCount": 829}, "id": "4cff4240ba1da1cd5b5f8228", "name": "il GELATO di BRUNO", "beenHere": {"lastCheckinExpiredAt": 0}}, "suffix": "/10687930_mHYKxCuf-2WOUnGBFnisNP6YYbuYCIcVZv7uRa-KyQQ.jpg", "visibility": "public"}, {"height": 540, "source": {"url": "https://foursquare.com/download/#/iphone", "name": "Foursquare for iOS"}, "width": 720, "prefix": "https://igx.4sqi.net/img/general/", "createdAt": 1347095971, "id": "504b0da3e4b05ebf6d347d59", "venue": {"closed": true, "like": false, "location": {"formattedAddress": ["#02-275, Marina Square (6 Raffles Boulevard)", "039594", "Singapore"], "city": "Singapore", "lng": 103.85773061362592, "cc": "SG", "country": "Singapore", "crossStreet": "6 Raffles Boulevard", "lat": 1.2912255233046654, "address": "#02-275, Marina Square", "labeledLatLngs": [{"label": "display", "lat": 1.2912255233046654, "lng": 103.85773061362592}], "postalCode": "039594"}, "categories": [{"icon": {"prefix": "https://ss3.4sqi.net/img/categories_v2/food/fastfood_", "suffix": ".png"}, "name": "Fast Food Restaurant", "id": "4bf58dd8d48988d16e941735", "pluralName": "Fast Food Restaurants", "primary": true, "shortName": "Fast Food"}], "verified": false, "contact": {}, "allowMenuUrlEdit": true, "stats": {"tipCount": 20, "usersCount": 2030, "checkinsCount": 2638}, "id": "4b3c6a02f964a520558425e3", "name": "Long John Silver's", "beenHere": {"lastCheckinExpiredAt": 0}}, "suffix": "/Y40v_sQYh1CIVVxq3GsOvy0WtTf2csu1aTTlQs3wiGI.jpg", "visibility": "public"}, {"height": 720, "source": {"url": "https://foursquare.com/download/#/iphone", "name": "Foursquare for iOS"}, "width": 540, "prefix": "https://igx.4sqi.net/img/general/", "createdAt": 1347014429, "id": "5049cf1de4b0a9ffde2ad2a5", "venue": {"like": false, "location": {"formattedAddress": ["Esplanade MRT Exchange, 90 Bras Basah Rd.", "189562", "Singapore"], "city": "Singapore", "lng": 103.85558473784498, "cc": "SG", "country": "Singapore", "lat": 1.2934874011749429, "address": "Esplanade MRT Exchange, 90 Bras Basah Rd.", "labeledLatLngs": [{"label": "display", "lat": 1.2934874011749429, "lng": 103.85558473784498}], "postalCode": "189562"}, "categories": [{"icon": {"prefix": "https://ss3.4sqi.net/img/categories_v2/food/ramen_", "suffix": ".png"}, "name": "Noodle House", "id": "4bf58dd8d48988d1d1941735", "pluralName": "Noodle Houses", "primary": true, "shortName": "Noodles"}], "verified": false, "contact": {}, "allowMenuUrlEdit": true, "stats": {"tipCount": 3, "usersCount": 98, "checkinsCount": 159}, "id": "4e367881fa7656ba317b0522", "name": "E.A.T @ Esplanade Xchange", "beenHere": {"lastCheckinExpiredAt": 0}}, "suffix": "/kliZ3fYsNDLPChxuMmv1VGS7c7CdT-OKOfTdgXjM4kA.jpg", "visibility": "public"}, {"height": 720, "source": {"url": "https://foursquare.com/download/#/iphone", "name": "Foursquare for iOS"}, "width": 540, "prefix": "https://igx.4sqi.net/img/general/", "createdAt": 1346935413, "id": "50489a75e4b00788439f5d39", "venue": {"like": false, "location": {"formattedAddress": ["81 Lorong Chencharu, #01-01 (Bottle Tree Park)", "769198", "Singapore"], "city": "Singapore", "lng": 103.82951259613037, "cc": "SG", "country": "Singapore", "crossStreet": "Bottle Tree Park", "lat": 1.412823054733243, "address": "81 Lorong Chencharu, #01-01", "labeledLatLngs": [{"label": "display", "lat": 1.412823054733243, "lng": 103.82951259613037}], "postalCode": "769198"}, "categories": [{"icon": {"prefix": "https://ss3.4sqi.net/img/categories_v2/food/japanese_", "suffix": ".png"}, "name": "Japanese Restaurant", "id": "4bf58dd8d48988d111941735", "pluralName": "Japanese Restaurants", "primary": true, "shortName": "Japanese"}], "verified": false, "contact": {"formattedPhone": "+65 6754 3577", "phone": "+6567543577"}, "allowMenuUrlEdit": true, "stats": {"tipCount": 5, "usersCount": 170, "checkinsCount": 241}, "id": "4c37f499ae2da59355f7ffc5", "name": "Botoru Ki Japanese Restaurant & Bar \u30dc\u30c8\u30eb\u30ad", "beenHere": {"lastCheckinExpiredAt": 0}}, "suffix": "/s9h4odCZcJ94me0_X_s5qxWk7O_o9mvfzqaW10nOLFQ.jpg", "visibility": "public"}, {"height": 540, "source": {"url": "https://foursquare.com/download/#/iphone", "name": "Foursquare for iOS"}, "width": 720, "prefix": "https://igx.4sqi.net/img/general/", "createdAt": 1346560942, "id": "5042e3aee4b05698ba8c4b9c", "venue": {"url": "http://www.starbucks.com.sg", "like": false, "location": {"formattedAddress": ["#02-168 & #03-217/218, Marina Sq. (Lvls 2 & 3) (6 Raffles Blvd.)", "039594", "Singapore"], "city": "Singapore", "lng": 103.8568925857544, "cc": "SG", "country": "Singapore", "crossStreet": "6 Raffles Blvd.", "lat": 1.2911275910441806, "address": "#02-168 & #03-217/218, Marina Sq. (Lvls 2 & 3)", "labeledLatLngs": [{"label": "display", "lat": 1.2911275910441806, "lng": 103.8568925857544}], "postalCode": "039594", "neighborhood": "Downtown Core"}, "categories": [{"icon": {"prefix": "https://ss3.4sqi.net/img/categories_v2/food/coffeeshop_", "suffix": ".png"}, "name": "Coffee Shop", "id": "4bf58dd8d48988d1e0931735", "pluralName": "Coffee Shops", "primary": true, "shortName": "Coffee Shop"}], "verified": false, "contact": {"twitter": "sg_starbucks"}, "allowMenuUrlEdit": true, "stats": {"tipCount": 32, "usersCount": 7000, "checkinsCount": 10098}, "id": "4bb9783c7421a59315d6c240", "name": "Starbucks", "beenHere": {"lastCheckinExpiredAt": 0}}, "suffix": "/gsanjoC2e1Ki5fC4NeaFMzSbFZmpdopmws_2kv0-S-Q.jpg", "visibility": "public"}, {"height": 720, "source": {"url": "https://foursquare.com/download/#/iphone", "name": "Foursquare for iOS"}, "width": 540, "prefix": "https://igx.4sqi.net/img/general/", "createdAt": 1345357786, "id": "503087dae4b045150b4b9380", "venue": {"like": false, "location": {"formattedAddress": ["252 North Bridge Road, #B1-15 Raffles City Shopping Centre (252 North Bridge Rd)", "179103", "Singapore"], "city": "Singapore", "lng": 103.85399375417289, "cc": "SG", "country": "Singapore", "crossStreet": "252 North Bridge Rd", "lat": 1.2935818317216659, "address": "252 North Bridge Road, #B1-15 Raffles City Shopping Centre", "labeledLatLngs": [{"label": "display", "lat": 1.2935818317216659, "lng": 103.85399375417289}], "postalCode": "179103"}, "categories": [{"icon": {"prefix": "https://ss3.4sqi.net/img/categories_v2/food/asian_", "suffix": ".png"}, "name": "Asian Restaurant", "id": "4bf58dd8d48988d142941735", "pluralName": "Asian Restaurants", "primary": true, "shortName": "Asian"}], "verified": false, "contact": {}, "allowMenuUrlEdit": true, "stats": {"tipCount": 9, "usersCount": 773, "checkinsCount": 995}, "id": "4eb7dbfb9adfc6871369121f", "name": "The Asian Kitchen @ Raffles City Shopping Centre", "beenHere": {"lastCheckinExpiredAt": 0}}, "suffix": "/gcGtoHr8MRq-N6uwV1AdelxzyhUhLDSnr5664a_vRyI.jpg", "visibility": "public"}, {"height": 720, "source": {"url": "https://foursquare.com/download/#/iphone", "name": "Foursquare for iOS"}, "width": 540, "prefix": "https://igx.4sqi.net/img/general/", "createdAt": 1345031641, "id": "502b8dd9e4b03fdb3cd3f975", "venue": {"url": "https://www.kfc.com.sg", "like": false, "location": {"formattedAddress": ["#01-40, Causeway Point (1 Woodlands Square)", "738099", "Singapore"], "city": "Singapore", "lng": 103.78644230208899, "cc": "SG", "country": "Singapore", "crossStreet": "1 Woodlands Square", "lat": 1.4357159304276952, "address": "#01-40, Causeway Point", "labeledLatLngs": [{"label": "display", "lat": 1.4357159304276952, "lng": 103.78644230208899}], "postalCode": "738099"}, "categories": [{"icon": {"prefix": "https://ss3.4sqi.net/img/categories_v2/food/friedchicken_", "suffix": ".png"}, "name": "Fried Chicken Joint", "id": "4d4ae6fc7a7b7dea34424761", "pluralName": "Fried Chicken Joints", "primary": true, "shortName": "Fried Chicken"}], "verified": false, "contact": {"twitter": "kfc_sg", "facebookName": "KFC", "formattedPhone": "+65 6893 5109", "phone": "+6568935109", "facebookUsername": "KFC.SG", "facebook": "113001545421517"}, "allowMenuUrlEdit": true, "stats": {"tipCount": 18, "usersCount": 2492, "checkinsCount": 4267}, "id": "4bd5414c6798ef3bd921638d", "name": "KFC", "beenHere": {"lastCheckinExpiredAt": 0}}, "suffix": "/dR3oNYExaYEUKnIufV3pYUrjBJBoI4_SwTsqplCB8wA.jpg", "visibility": "public"}, {"height": 720, "source": {"url": "https://foursquare.com/download/#/iphone", "name": "Foursquare for iOS"}, "width": 540, "prefix": "https://igx.4sqi.net/img/general/", "createdAt": 1344840183, "id": "5028a1f7e4b0ca628a9dc2d7", "venue": {"like": false, "location": {"formattedAddress": ["#03-15/16/17 Raffles City Shopping Centre (252 North Bridge Rd)", "179103", "Singapore"], "city": "Singapore", "lng": 103.85324478149414, "cc": "SG", "country": "Singapore", "crossStreet": "252 North Bridge Rd", "lat": 1.2943454226422597, "address": "#03-15/16/17 Raffles City Shopping Centre", "labeledLatLngs": [{"label": "display", "lat": 1.2943454226422597, "lng": 103.85324478149414}], "postalCode": "179103"}, "categories": [{"icon": {"prefix": "https://ss3.4sqi.net/img/categories_v2/food/coffeeshop_", "suffix": ".png"}, "name": "Coffee Shop", "id": "4bf58dd8d48988d1e0931735", "pluralName": "Coffee Shops", "primary": true, "shortName": "Coffee Shop"}], "verified": false, "contact": {}, "allowMenuUrlEdit": true, "stats": {"tipCount": 5, "usersCount": 108, "checkinsCount": 194}, "id": "4bebdd8662c0c9283092e2d4", "name": "Toast@Work", "beenHere": {"lastCheckinExpiredAt": 0}}, "suffix": "/CsXSVKf3JLutD3CWYo0hPDGBlsq0ICyX5uJXevghi48.jpg", "visibility": "public"}, {"height": 720, "source": {"url": "https://foursquare.com/download/#/iphone", "name": "Foursquare for iOS"}, "width": 540, "prefix": "https://igx.4sqi.net/img/general/", "createdAt": 1344822796, "id": "50285e0ce4b04e431c9be0c1", "venue": {"like": false, "location": {"formattedAddress": ["Raffles City Shopping Centre (252 N Bridge Rd)", "179103", "Singapore"], "city": "Singapore", "lng": 103.85304256997821, "cc": "SG", "country": "Singapore", "crossStreet": "252 N Bridge Rd", "lat": 1.2939537299575143, "address": "Raffles City Shopping Centre", "labeledLatLngs": [{"label": "display", "lat": 1.2939537299575143, "lng": 103.85304256997821}], "postalCode": "179103"}, "categories": [{"icon": {"prefix": "https://ss3.4sqi.net/img/categories_v2/food/bakery_", "suffix": ".png"}, "name": "Bakery", "id": "4bf58dd8d48988d16a941735", "pluralName": "Bakeries", "primary": true, "shortName": "Bakery"}], "verified": false, "contact": {}, "allowMenuUrlEdit": true, "stats": {"tipCount": 6, "usersCount": 171, "checkinsCount": 349}, "id": "4eae6a47775bad292fceae1f", "name": "Epid'or", "beenHere": {"lastCheckinExpiredAt": 0}}, "suffix": "/cMPH8xqZSIvChqD504Ax0ZOadcb5UV5HQT1bYlLDx18.jpg", "visibility": "public"}, {"height": 540, "source": {"url": "https://foursquare.com/download/#/iphone", "name": "Foursquare for iOS"}, "width": 720, "prefix": "https://igx.4sqi.net/img/general/", "createdAt": 1344760413, "id": "50276a5de4b0352ef9798bf3", "venue": {"venueRatingBlacklisted": true, "like": false, "location": {"city": "City", "lng": 103.85305389356046, "cc": "SG", "state": "Singapore", "lat": 1.293476238117726, "address": "Outside Raffles City Shopping Centre", "labeledLatLngs": [{"label": "display", "lat": 1.293476238117726, "lng": 103.85305389356046}], "formattedAddress": ["Outside Raffles City Shopping Centre", "Singapore"], "country": "Singapore"}, "categories": [{"icon": {"prefix": "https://ss3.4sqi.net/img/categories_v2/building/eventspace_", "suffix": ".png"}, "name": "Outdoor Event Space", "id": "56aa371be4b08b9a8d57356a", "pluralName": "Outdoor Event Spaces", "primary": true, "shortName": "Outdoor Event Space"}], "verified": false, "contact": {}, "beenHere": {"lastCheckinExpiredAt": 0}, "stats": {"tipCount": 6, "usersCount": 552, "checkinsCount": 2129}, "id": "4befcc6dd4f70f474c30390f", "name": "Smoking Point | Raffles City"}, "suffix": "/f1RgzGD5oytWtgBldR0Em4MiabngKVoGjH1Cx36T5k8.jpg", "visibility": "public"}, {"height": 720, "source": {"url": "https://foursquare.com/download/#/iphone", "name": "Foursquare for iOS"}, "width": 540, "prefix": "https://igx.4sqi.net/img/general/", "createdAt": 1339464193, "id": "4fd69a01e4b0d51486ff9e03", "venue": {"url": "http://www.mcdonalds.com.sg", "like": false, "location": {"formattedAddress": ["#M016-017, Mezzanine Level, Arrival Meeting Hall South T2 (60 Airport Blvd.)", "819645", "Singapore"], "city": "Singapore", "lng": 103.98795026943037, "cc": "SG", "country": "Singapore", "crossStreet": "60 Airport Blvd.", "lat": 1.3544233836774358, "address": "#M016-017, Mezzanine Level, Arrival Meeting Hall South T2", "labeledLatLngs": [{"label": "display", "lat": 1.3544233836774358, "lng": 103.98795026943037}], "postalCode": "819645"}, "categories": [{"icon": {"prefix": "https://ss3.4sqi.net/img/categories_v2/food/fastfood_", "suffix": ".png"}, "name": "Fast Food Restaurant", "id": "4bf58dd8d48988d16e941735", "pluralName": "Fast Food Restaurants", "primary": true, "shortName": "Fast Food"}], "verified": false, "contact": {"formattedPhone": "+65 6542 7991", "phone": "+6565427991"}, "allowMenuUrlEdit": true, "stats": {"tipCount": 24, "usersCount": 6364, "checkinsCount": 9995}, "id": "4bb6eb2ff562ef3b22e43097", "name": "McDonald's", "beenHere": {"lastCheckinExpiredAt": 0}}, "suffix": "/CFm732B9GEGVoCGYywyQp00tDvDQImomfGAR5MOu6o4.jpg", "visibility": "public"}, {"height": 720, "source": {"url": "https://foursquare.com/download/#/iphone", "name": "Foursquare for iOS"}, "width": 540, "prefix": "https://igx.4sqi.net/img/general/", "createdAt": 1332154218, "id": "4f670f6ae4b0656127177835", "venue": {"location": {"formattedAddress": ["22 Orange Grove Rd.", "258350", "Singapore"], "city": "Singapore", "lng": 103.82666118703764, "cc": "SG", "country": "Singapore", "lat": 1.3112436137998267, "address": "22 Orange Grove Rd.", "labeledLatLngs": [{"label": "display", "lat": 1.3112436137998267, "lng": 103.82666118703764}], "postalCode": "258350"}, "contact": {"formattedPhone": "+65 6737 3644", "twitter": "shangrilahotels", "phone": "+6567373644"}, "verified": true, "allowMenuUrlEdit": true, "stats": {"tipCount": 98, "usersCount": 10858, "checkinsCount": 22029}, "id": "4b05880bf964a520e7ad22e3", "storeId": "", "url": "http://www.shangri-la.com/singapore", "like": false, "categories": [{"icon": {"prefix": "https://ss3.4sqi.net/img/categories_v2/travel/hotel_", "suffix": ".png"}, "name": "Hotel", "id": "4bf58dd8d48988d1fa931735", "pluralName": "Hotels", "primary": true, "shortName": "Hotel"}], "beenHere": {"lastCheckinExpiredAt": 0}, "name": "Shangri-La Hotel"}, "suffix": "/RJsbhpivQ0B96YaMY3gR6fzcMn572wLcFwFxpM69ZW4.jpg", "visibility": "public"}, {"height": 540, "source": {"url": "https://foursquare.com/download/#/iphone", "name": "Foursquare for iOS"}, "width": 720, "prefix": "https://igx.4sqi.net/img/general/", "createdAt": 1329707988, "id": "4f41bbd4e4b0e9ea7b926ed9", "venue": {"url": "http://www.toastbox.com.sg", "like": false, "location": {"formattedAddress": ["#B1-44A, Raffles City Shopping Centre (252 North Bridge Road)", "179103", "Singapore"], "city": "Singapore", "lng": 103.85309352610568, "cc": "SG", "country": "Singapore", "crossStreet": "252 North Bridge Road", "lat": 1.294396552571569, "address": "#B1-44A, Raffles City Shopping Centre", "labeledLatLngs": [{"label": "display", "lat": 1.294396552571569, "lng": 103.85309352610568}], "postalCode": "179103"}, "categories": [{"icon": {"prefix": "https://ss3.4sqi.net/img/categories_v2/food/cafe_", "suffix": ".png"}, "name": "Caf\u00e9", "id": "4bf58dd8d48988d16d941735", "pluralName": "Caf\u00e9s", "primary": true, "shortName": "Caf\u00e9"}], "verified": false, "contact": {"formattedPhone": "+65 6339 4434", "phone": "+6563394434"}, "allowMenuUrlEdit": true, "stats": {"tipCount": 26, "usersCount": 1388, "checkinsCount": 2884}, "id": "4b8e5fa3f964a520891f33e3", "name": "Toast Box \u571f\u53f8\u5de5\u574a", "beenHere": {"lastCheckinExpiredAt": 0}}, "suffix": "/bC_QOXfbWl3CooxlUT2fqcKSc0m9N9uJjoHEWRCVbr4.jpg", "visibility": "public"}, {"height": 720, "source": {"url": "https://foursquare.com/download/#/iphone", "name": "Foursquare for iOS"}, "width": 540, "prefix": "https://igx.4sqi.net/img/general/", "createdAt": 1328631598, "id": "4f314f2ee4b0e6be3af553b3", "venue": {"location": {"formattedAddress": ["Singapore Changi Airport (30 Airport Blvd)", "918146", "Singapore"], "city": "Singapore", "lng": 103.98327827453613, "cc": "SG", "country": "Singapore", "lat": 1.3396091497436304, "address": "Singapore Changi Airport", "crossStreet": "30 Airport Blvd", "postalCode": "918146"}, "contact": {"formattedPhone": "+65 6412 7500", "twitter": "fansofchangi", "phone": "+6564127500"}, "verified": true, "stats": {"tipCount": 117, "usersCount": 18694, "checkinsCount": 37077}, "id": "4b6c3655f964a520b5292ce3", "storeId": "", "url": "http://www.changiairport.com", "closed": true, "like": false, "categories": [{"icon": {"prefix": "https://ss3.4sqi.net/img/categories_v2/travel/airport_gate_", "suffix": ".png"}, "name": "Airport Terminal", "id": "4bf58dd8d48988d1eb931735", "pluralName": "Airport Terminals", "primary": true, "shortName": "Terminal"}], "venueRatingBlacklisted": true, "beenHere": {"lastCheckinExpiredAt": 0}, "name": "Budget Terminal"}, "suffix": "/lwWTiVXRu63RbJ3XfGYqsUWET4xq-O4z7iupqNWR0FQ.jpg", "visibility": "public"}, {"height": 540, "source": {"url": "https://foursquare.com/download/#/iphone", "name": "Foursquare for iOS"}, "width": 720, "prefix": "https://igx.4sqi.net/img/general/", "createdAt": 1328410071, "id": "4f2dedd7e4b0479649e7cf7d", "venue": {"venueRatingBlacklisted": true, "like": false, "location": {"isFuzzed": true, "cc": "SG", "country": "Singapore", "lat": 1.4441265907452367, "lng": 103.79264754454708, "formattedAddress": ["730804", "Singapore"]}, "categories": [{"icon": {"prefix": "https://ss3.4sqi.net/img/categories_v2/building/home_", "suffix": ".png"}, "name": "Home (private)", "id": "4bf58dd8d48988d103941735", "pluralName": "Homes (private)", "primary": true, "shortName": "Home"}], "verified": false, "contact": {}, "beenHere": {"lastCheckinExpiredAt": 0}, "stats": {"tipCount": 1, "usersCount": 4, "checkinsCount": 53}, "id": "4d2c599177a2a1cd80a684b7", "name": "My Home, Blk 804 Woodlands Street 81"}, "suffix": "/BPjPvrB5X4KPH9XusrIznztWs-trS_eLuIBPbe1AgJ8.jpg", "visibility": "public"}, {"height": 540, "source": {"url": "https://foursquare.com/download/#/iphone", "name": "Foursquare for iOS"}, "width": 720, "prefix": "https://igx.4sqi.net/img/general/", "createdAt": 1328410048, "id": "4f2dedc0e4b083c427cbca26", "venue": {"venueRatingBlacklisted": true, "like": false, "location": {"isFuzzed": true, "cc": "SG", "country": "Singapore", "lat": 1.4441265907452367, "lng": 103.79264754454708, "formattedAddress": ["730804", "Singapore"]}, "categories": [{"icon": {"prefix": "https://ss3.4sqi.net/img/categories_v2/building/home_", "suffix": ".png"}, "name": "Home (private)", "id": "4bf58dd8d48988d103941735", "pluralName": "Homes (private)", "primary": true, "shortName": "Home"}], "verified": false, "contact": {}, "beenHere": {"lastCheckinExpiredAt": 0}, "stats": {"tipCount": 1, "usersCount": 4, "checkinsCount": 53}, "id": "4d2c599177a2a1cd80a684b7", "name": "My Home, Blk 804 Woodlands Street 81"}, "suffix": "/BPjPvrB5X4KPH9XusrIznztWs-trS_eLuIBPbe1AgJ8.jpg", "visibility": "public"}], "count": 41}, "totalCount": 41}}