{"meta": {"code": 200, "requestId": "595ae8379fb6b77b779a82a7"}, "notifications": [{"item": {"unreadCount": 0}, "type": "notificationTray"}], "response": {"photos": {"items": [{"height": 960, "source": {"url": "https://foursquare.com/download/#/iphone", "name": "Foursquare for iOS"}, "width": 720, "prefix": "https://igx.4sqi.net/img/general/", "createdAt": 1359024002, "id": "51010f82e4b08a44024f30d5", "venue": {"closed": true, "like": false, "location": {"state": "Singapore", "cc": "SG", "country": "Singapore", "lat": 1.3202752955210828, "address": "Novena Square", "lng": 103.84456713328716, "formattedAddress": ["Novena Square", "Singapore"]}, "categories": [{"icon": {"prefix": "https://ss3.4sqi.net/img/categories_v2/food/malaysian_", "suffix": ".png"}, "name": "Malay Restaurant", "id": "4bf58dd8d48988d156941735", "pluralName": "Malay Restaurants", "primary": true, "shortName": "Malay"}], "verified": false, "contact": {}, "allowMenuUrlEdit": true, "stats": {"tipCount": 12, "usersCount": 263, "checkinsCount": 384}, "id": "50309acbe4b047efedf7239e", "name": "Chinta Manis Kitchen", "beenHere": {"lastCheckinExpiredAt": 0}}, "suffix": "/10684697_FAT_y2bNYC05tFLLu1Vzw8BtG9rx7PM7qL9KNBGQ360.jpg", "visibility": "public"}, {"height": 960, "source": {"url": "https://foursquare.com/download/#/iphone", "name": "Foursquare for iOS"}, "width": 720, "prefix": "https://igx.4sqi.net/img/general/", "createdAt": 1358507475, "id": "50f92dd3e4b012f242d4e810", "venue": {"closed": true, "like": false, "location": {"formattedAddress": ["460 Alexandra Road #01-32 PSA Building", "119963", "Singapore"], "city": "Singapore", "lng": 103.80147814750671, "cc": "SG", "country": "Singapore", "lat": 1.2735581589522988, "address": "460 Alexandra Road #01-32 PSA Building", "postalCode": "119963"}, "categories": [{"icon": {"prefix": "https://ss3.4sqi.net/img/categories_v2/food/cafe_", "suffix": ".png"}, "name": "Caf\u00e9", "id": "4bf58dd8d48988d16d941735", "pluralName": "Caf\u00e9s", "primary": true, "shortName": "Caf\u00e9"}], "verified": false, "contact": {}, "allowMenuUrlEdit": true, "stats": {"tipCount": 4, "usersCount": 136, "checkinsCount": 153}, "id": "50f589fc164814bc00405b5e", "name": "Onaka Restaurant & Wine Bar", "beenHere": {"lastCheckinExpiredAt": 0}}, "suffix": "/10684697_Kuh2H03ghPGR1YpsyT7tHZwYLUE57Q0AfiV3zEVKupc.jpg", "visibility": "public"}, {"height": 720, "source": {"url": "https://foursquare.com/download/#/iphone", "name": "Foursquare for iOS"}, "width": 960, "prefix": "https://igx.4sqi.net/img/general/", "createdAt": 1356498109, "id": "50da84bde4b0487c4ea9e983", "venue": {"like": false, "location": {"city": "Sentosa Island", "lng": 103.82028579711914, "cc": "SG", "country": "Singapore", "crossStreet": "Resorts World Sentosa", "lat": 1.2579193328783806, "address": "Maritime Experiential Museum & Aquarium (MEMA)", "labeledLatLngs": [{"label": "display", "lat": 1.2579193328783806, "lng": 103.82028579711914}], "formattedAddress": ["Maritime Experiential Museum & Aquarium (MEMA) (Resorts World Sentosa)", "Singapore"]}, "categories": [{"icon": {"prefix": "https://ss3.4sqi.net/img/categories_v2/arts_entertainment/performingarts_theater_", "suffix": ".png"}, "name": "Theater", "id": "4bf58dd8d48988d137941735", "pluralName": "Theaters", "primary": true, "shortName": "Theater"}], "verified": false, "contact": {}, "allowMenuUrlEdit": true, "stats": {"tipCount": 3, "usersCount": 405, "checkinsCount": 537}, "id": "4e79634e62e1645552cf2dc0", "name": "Typhoon Theatre", "beenHere": {"lastCheckinExpiredAt": 0}}, "suffix": "/10684697_3ujQHUcnc_Yg423AOeLmC29tGuJEsvnznSX2y2TR6sY.jpg", "visibility": "public"}, {"height": 720, "source": {"url": "https://foursquare.com/download/#/iphone", "name": "Foursquare for iOS"}, "width": 540, "prefix": "https://igx.4sqi.net/img/general/", "createdAt": 1350738296, "id": "5082a178e4b082d3b0fa789e", "venue": {"closed": true, "like": false, "location": {"formattedAddress": ["#02-138D Marina Square (6 Raffles Blvd.)", "189671", "Singapore"], "city": "Singapore", "lng": 103.85747016251791, "cc": "SG", "country": "Singapore", "crossStreet": "6 Raffles Blvd.", "lat": 1.2911446171079433, "address": "#02-138D Marina Square", "labeledLatLngs": [{"label": "display", "lat": 1.2911446171079433, "lng": 103.85747016251791}], "postalCode": "189671"}, "categories": [{"icon": {"prefix": "https://ss3.4sqi.net/img/categories_v2/food/asian_", "suffix": ".png"}, "name": "Asian Restaurant", "id": "4bf58dd8d48988d142941735", "pluralName": "Asian Restaurants", "primary": true, "shortName": "Asian"}], "verified": false, "contact": {}, "allowMenuUrlEdit": true, "stats": {"tipCount": 26, "usersCount": 1800, "checkinsCount": 2310}, "id": "4b9b8f8cf964a520900f36e3", "name": "Hotpot Culture", "beenHere": {"lastCheckinExpiredAt": 0}}, "suffix": "/10684697_jdb5yGzcjPf23eyWGQVFn1m2SWWRxpV2UZaJw2z4jTo.jpg", "visibility": "public"}, {"height": 720, "source": {"url": "https://foursquare.com/download/#/iphone", "name": "Foursquare for iOS"}, "width": 540, "prefix": "https://igx.4sqi.net/img/general/", "createdAt": 1339235442, "id": "4fd31c72e4b05b989cc9c439", "venue": {"like": false, "location": {"formattedAddress": ["#01-206/207, Marina Square (6 Raffles Blvd)", "039797", "Singapore"], "city": "Singapore", "lng": 103.85860256226806, "cc": "SG", "country": "Singapore", "crossStreet": "6 Raffles Blvd", "lat": 1.291585203940636, "address": "#01-206/207, Marina Square", "labeledLatLngs": [{"label": "display", "lat": 1.291585203940636, "lng": 103.85860256226806}], "postalCode": "039797"}, "categories": [{"icon": {"prefix": "https://ss3.4sqi.net/img/categories_v2/food/default_", "suffix": ".png"}, "name": "American Restaurant", "id": "4bf58dd8d48988d14e941735", "pluralName": "American Restaurants", "primary": true, "shortName": "American"}], "verified": false, "contact": {}, "allowMenuUrlEdit": true, "stats": {"tipCount": 42, "usersCount": 2947, "checkinsCount": 3758}, "id": "4ba8cb81f964a5206cef39e3", "name": "Swensen's", "beenHere": {"lastCheckinExpiredAt": 0}}, "suffix": "/-RMQ-05Oi35fIgoTwgVsEUY1ooWR7xfCe3nXz-KeVDs.jpg", "visibility": "public"}, {"height": 720, "source": {"url": "https://foursquare.com/download/#/iphone", "name": "Foursquare for iOS"}, "width": 540, "prefix": "https://igx.4sqi.net/img/general/", "createdAt": 1315663509, "id": "4e6b6e957d8b143eb78966cf", "venue": {"url": "http://www.changiairport.com", "like": false, "location": {"formattedAddress": ["Airport Boulevard", "918146", "Singapore"], "city": "Singapore", "lng": 103.98886271718443, "cc": "SG", "country": "Singapore", "lat": 1.3561550620584624, "address": "Airport Boulevard", "postalCode": "918146"}, "categories": [{"icon": {"prefix": "https://ss3.4sqi.net/img/categories_v2/travel/airport_", "suffix": ".png"}, "name": "Airport", "id": "4bf58dd8d48988d1ed931735", "pluralName": "Airports", "primary": true, "shortName": "Airport"}], "verified": true, "contact": {"twitter": "changiairport", "instagram": "changiairport", "facebookName": "Changi Airport", "formattedPhone": "+65 6595 6868", "phone": "+6565956868", "facebookUsername": "changiairport", "facebook": "113770598597"}, "beenHere": {"lastCheckinExpiredAt": 0}, "stats": {"tipCount": 2375, "usersCount": 236692, "checkinsCount": 735919}, "id": "4b0bd124f964a520e03323e3", "name": "Singapore Changi Airport (SIN)"}, "suffix": "/WXBKZCIJ4GIX0F304SJ01EMEVEU44V50SHCVI1IRKAL5VTK3.jpg", "visibility": "public"}, {"height": 720, "source": {"url": "https://foursquare.com/download/#/iphone", "name": "Foursquare for iOS"}, "width": 540, "prefix": "https://igx.4sqi.net/img/general/", "createdAt": 1315051305, "id": "4e6217291f6ef7d07a89a1fb", "venue": {"like": false, "location": {"formattedAddress": ["115 East Coast Rd", "428804", "Singapore"], "city": "Singapore", "lng": 103.904544, "cc": "SG", "country": "Singapore", "lat": 1.305666, "address": "115 East Coast Rd", "labeledLatLngs": [{"label": "display", "lat": 1.305666, "lng": 103.904544}], "postalCode": "428804"}, "categories": [{"icon": {"prefix": "https://ss3.4sqi.net/img/categories_v2/food/malaysian_", "suffix": ".png"}, "name": "Malay Restaurant", "id": "4bf58dd8d48988d156941735", "pluralName": "Malay Restaurants", "primary": true, "shortName": "Malay"}], "verified": false, "contact": {"formattedPhone": "+65 6344 0860", "phone": "+6563440860"}, "allowMenuUrlEdit": true, "stats": {"tipCount": 0, "usersCount": 17, "checkinsCount": 18}, "id": "4de8cbf71f6e9b537714f3fc", "name": "Satay Hotpot Cuisine", "beenHere": {"lastCheckinExpiredAt": 0}}, "suffix": "/5GWWJYAGGTNQER3ODV0QCVANLMZTS2YFYDEZELX12I1GWEBI.jpg", "visibility": "public"}], "count": 7}, "totalCount": 7}}