{"meta": {"code": 200, "requestId": "595b2b47f594df3c598f140f"}, "notifications": [{"item": {"unreadCount": 0}, "type": "notificationTray"}], "response": {"photos": {"items": [{"height": 540, "source": {"url": "https://foursquare.com/download/#/android", "name": "Foursquare for Android"}, "width": 720, "prefix": "https://igx.4sqi.net/img/general/", "createdAt": 1349269748, "id": "506c38f4e4b098293450d7ca", "venue": {"venueRatingBlacklisted": true, "like": false, "location": {"isFuzzed": true, "cc": "SG", "country": "Singapore", "lat": 1.3309897987229353, "lng": 103.885400718162, "formattedAddress": ["Singapore"]}, "categories": [{"icon": {"prefix": "https://ss3.4sqi.net/img/categories_v2/building/home_", "suffix": ".png"}, "name": "Home (private)", "id": "4bf58dd8d48988d103941735", "pluralName": "Homes (private)", "primary": true, "shortName": "Home"}], "verified": false, "contact": {}, "beenHere": {"lastCheckinExpiredAt": 0}, "stats": {"tipCount": 0, "usersCount": 1, "checkinsCount": 7}, "id": "4e80bf72d3e3cad1c73e58f4", "name": "*^Hall OF Fame^*"}, "suffix": "/10685481_Roeb-DEf1OqiWDTmYezC368_ssuwL-17ir7YjgUx8YA.jpg", "visibility": "public"}, {"height": 720, "source": {"url": "https://foursquare.com/download/#/android", "name": "Foursquare for Android"}, "width": 540, "prefix": "https://igx.4sqi.net/img/general/", "createdAt": 1346303288, "id": "503ef538e4b050691b4b986c", "venue": {"venueRatingBlacklisted": true, "like": false, "location": {"formattedAddress": ["KK Women\u2019s and Children\u2019s Hospital (100 Bukit Timah Rd)", "229899", "Singapore"], "city": "Singapore", "lng": 103.84738089700299, "cc": "SG", "country": "Singapore", "crossStreet": "100 Bukit Timah Rd", "lat": 1.3106822429482123, "address": "KK Women\u2019s and Children\u2019s Hospital", "labeledLatLngs": [{"label": "display", "lat": 1.3106822429482123, "lng": 103.84738089700299}], "postalCode": "229899"}, "categories": [{"icon": {"prefix": "https://ss3.4sqi.net/img/categories_v2/building/medical_", "suffix": ".png"}, "name": "Hospital", "id": "4bf58dd8d48988d196941735", "pluralName": "Hospitals", "primary": true, "shortName": "Hospital"}], "verified": false, "contact": {}, "beenHere": {"lastCheckinExpiredAt": 0}, "stats": {"tipCount": 4, "usersCount": 2186, "checkinsCount": 4068}, "id": "4d2e9adbda7cb60cb6c270d4", "name": "KKH Women's Tower"}, "suffix": "/1LnOJLPqoqcd5g7lPwZSNOKtRDpDybLuZ7mLbh6fi0w.jpg", "visibility": "public"}, {"height": 648, "source": {"url": "https://foursquare.com/download/#/android", "name": "Foursquare for Android"}, "width": 365, "prefix": "https://igx.4sqi.net/img/general/", "createdAt": 1345364338, "id": "5030a172e4b060c1a5fd5b4a", "venue": {"venueRatingBlacklisted": true, "like": false, "location": {"cc": "SG", "country": "Singapore", "lat": 1.3258681729509656, "lng": 103.94151972962301, "labeledLatLngs": [{"label": "display", "lat": 1.3258681729509656, "lng": 103.94151972962301}], "formattedAddress": ["Singapore"]}, "categories": [{"icon": {"prefix": "https://ss3.4sqi.net/img/categories_v2/building/housingdevelopment_", "suffix": ".png"}, "name": "Housing Development", "id": "4f2a210c4b9023bd5841ed28", "pluralName": "Housing Developments", "primary": true, "shortName": "Housing Development"}], "verified": false, "contact": {}, "beenHere": {"lastCheckinExpiredAt": 0}, "stats": {"tipCount": 2, "usersCount": 3, "checkinsCount": 22}, "id": "4fbfaf16e4b0bccbf5635c1f", "name": "Mum's Place 183 @ Vista 8"}, "suffix": "/gJn52H4CvflJsMnTBgB8QnFWMxP-R1LtYmQLCFrnCA4.jpg", "visibility": "public"}, {"height": 720, "source": {"url": "https://foursquare.com/download/#/android", "name": "Foursquare for Android"}, "width": 540, "prefix": "https://igx.4sqi.net/img/general/", "createdAt": 1340002036, "id": "4fdecef4e4b044d93c2691ed", "venue": {"like": false, "location": {"formattedAddress": ["Lv 1, KK Women\u2019s and Children\u2019s Hospital (100 Bukit Timah Rd.)", "229899", "Singapore"], "city": "Singapore", "lng": 103.846644896841, "cc": "SG", "country": "Singapore", "crossStreet": "100 Bukit Timah Rd.", "lat": 1.3104717378992132, "address": "Lv 1, KK Women\u2019s and Children\u2019s Hospital", "labeledLatLngs": [{"label": "display", "lat": 1.3104717378992132, "lng": 103.846644896841}], "postalCode": "229899"}, "categories": [{"icon": {"prefix": "https://ss3.4sqi.net/img/categories_v2/shops/mall_", "suffix": ".png"}, "name": "Shopping Mall", "id": "4bf58dd8d48988d1fd941735", "pluralName": "Shopping Malls", "primary": true, "shortName": "Mall"}], "verified": false, "contact": {}, "beenHere": {"lastCheckinExpiredAt": 0}, "stats": {"tipCount": 1, "usersCount": 87, "checkinsCount": 126}, "id": "4c299520ce3fc928ed016f88", "name": "KKH Mall"}, "suffix": "/8LNIL9YKuRp9hR2VNkOBdbHpf95R3cOGxL5nkUX4RZQ.jpg", "visibility": "public"}, {"height": 720, "source": {"url": "https://foursquare.com/download/#/android", "name": "Foursquare for Android"}, "width": 540, "prefix": "https://igx.4sqi.net/img/general/", "createdAt": 1339939050, "id": "4fddd8eae4b0e0780370c6f2", "venue": {"like": false, "location": {"cc": "SG", "country": "Singapore", "lat": 1.328014803992545, "lng": 103.93557113184842, "labeledLatLngs": [{"label": "display", "lat": 1.328014803992545, "lng": 103.93557113184842}], "formattedAddress": ["Singapore"]}, "categories": [{"icon": {"prefix": "https://ss3.4sqi.net/img/categories_v2/parks_outdoors/playground_", "suffix": ".png"}, "name": "Playground", "id": "4bf58dd8d48988d1e7941735", "pluralName": "Playgrounds", "primary": true, "shortName": "Playground"}], "verified": false, "contact": {}, "beenHere": {"lastCheckinExpiredAt": 0}, "stats": {"tipCount": 0, "usersCount": 6, "checkinsCount": 60}, "id": "4ed490890e01fd2f5b40be14", "name": "Playground@131"}, "suffix": "/Q7tAmGUIl55FqPK7pzycs-S5tmqz2M38Pgm7vzDYkbM.jpg", "visibility": "public"}, {"height": 720, "source": {"url": "https://foursquare.com/download/#/android", "name": "Foursquare for Android"}, "width": 540, "prefix": "https://igx.4sqi.net/img/general/", "createdAt": 1339258172, "id": "4fd3753ce4b0f961a7b106b9", "venue": {"venueRatingBlacklisted": true, "like": false, "location": {"cc": "SG", "country": "Singapore", "lat": 1.3258681729509656, "lng": 103.94151972962301, "labeledLatLngs": [{"label": "display", "lat": 1.3258681729509656, "lng": 103.94151972962301}], "formattedAddress": ["Singapore"]}, "categories": [{"icon": {"prefix": "https://ss3.4sqi.net/img/categories_v2/building/housingdevelopment_", "suffix": ".png"}, "name": "Housing Development", "id": "4f2a210c4b9023bd5841ed28", "pluralName": "Housing Developments", "primary": true, "shortName": "Housing Development"}], "verified": false, "contact": {}, "beenHere": {"lastCheckinExpiredAt": 0}, "stats": {"tipCount": 2, "usersCount": 3, "checkinsCount": 22}, "id": "4fbfaf16e4b0bccbf5635c1f", "name": "Mum's Place 183 @ Vista 8"}, "suffix": "/2ylvyae9J-I035odisdjb90Qis7AAS0bWlXAcJOorw8.jpg", "visibility": "public"}, {"height": 720, "source": {"url": "https://foursquare.com/download/#/android", "name": "Foursquare for Android"}, "width": 540, "prefix": "https://igx.4sqi.net/img/general/", "createdAt": 1339250414, "id": "4fd356eee4b05a4aba4ecab1", "venue": {"like": false, "location": {"city": "Singapore", "lng": 103.9421546459198, "cc": "SG", "country": "Singapore", "lat": 1.3256010795766298, "address": "New Upp Changi Rd", "labeledLatLngs": [{"label": "display", "lat": 1.3256010795766298, "lng": 103.9421546459198}], "formattedAddress": ["New Upp Changi Rd", "Singapore"]}, "categories": [{"icon": {"prefix": "https://ss3.4sqi.net/img/categories_v2/travel/busstation_", "suffix": ".png"}, "name": "Bus Station", "id": "4bf58dd8d48988d1fe931735", "pluralName": "Bus Stations", "primary": true, "shortName": "Bus Station"}], "verified": false, "contact": {}, "beenHere": {"lastCheckinExpiredAt": 0}, "stats": {"tipCount": 0, "usersCount": 215, "checkinsCount": 2197}, "id": "4c812572e602b1f7bdd48f7a", "name": "Bus Stop 84069 (Blk 55)"}, "suffix": "/oNLQ4ILgn-zL1cXajKCUu01Y5naiPfDFVUEtzmqO5D0.jpg", "visibility": "public"}, {"height": 540, "source": {"url": "https://foursquare.com/download/#/android", "name": "Foursquare for Android"}, "width": 720, "prefix": "https://igx.4sqi.net/img/general/", "createdAt": 1339137042, "id": "4fd19c12e4b02e374acc82d1", "venue": {"like": false, "location": {"formattedAddress": ["238 Serangoon Rd (Desker Rd)", "218085", "Singapore"], "city": "Singapore", "lng": 103.85410132899464, "cc": "SG", "country": "Singapore", "crossStreet": "Desker Rd", "lat": 1.3097823210604251, "address": "238 Serangoon Rd", "labeledLatLngs": [{"label": "display", "lat": 1.3097823210604251, "lng": 103.85410132899464}], "postalCode": "218085"}, "categories": [{"icon": {"prefix": "https://ss3.4sqi.net/img/categories_v2/food/indian_", "suffix": ".png"}, "name": "Indian Restaurant", "id": "4bf58dd8d48988d10f941735", "pluralName": "Indian Restaurants", "primary": true, "shortName": "Indian"}], "verified": false, "contact": {"formattedPhone": "+65 9851 3412", "phone": "+6598513412"}, "allowMenuUrlEdit": true, "stats": {"tipCount": 77, "usersCount": 1479, "checkinsCount": 2838}, "id": "4b6d36eef964a520da6b2ce3", "name": "Usman Restaurant", "beenHere": {"lastCheckinExpiredAt": 0}}, "suffix": "/BZoreKmODPQ24frdY8SKAFqdk78EvCAfvbCAYkKugGg.jpg", "visibility": "public"}, {"height": 720, "source": {"url": "https://foursquare.com/download/#/android", "name": "Foursquare for Android"}, "width": 540, "prefix": "https://igx.4sqi.net/img/general/", "createdAt": 1339135290, "id": "4fd1953ae4b0c730e4125ab1", "venue": {"like": false, "location": {"cc": "SG", "country": "Singapore", "lat": 1.306403135656238, "lng": 103.85229521563602, "labeledLatLngs": [{"label": "display", "lat": 1.306403135656238, "lng": 103.85229521563602}], "formattedAddress": ["Singapore"]}, "categories": [{"icon": {"prefix": "https://ss3.4sqi.net/img/categories_v2/shops/music_instruments_", "suffix": ".png"}, "name": "Music Store", "id": "4bf58dd8d48988d1fe941735", "pluralName": "Music Stores", "primary": true, "shortName": "Music Store"}], "verified": false, "contact": {}, "allowMenuUrlEdit": true, "stats": {"tipCount": 0, "usersCount": 4, "checkinsCount": 16}, "id": "4e6f07cf88779c905dc9412e", "name": "Univercell", "beenHere": {"lastCheckinExpiredAt": 0}}, "suffix": "/UNzA1uoTuuChBZohY-cu0VRHpK44DIW7Pq1x4W_p29k.jpg", "visibility": "public"}, {"height": 540, "source": {"url": "https://foursquare.com/download/#/android", "name": "Foursquare for Android"}, "width": 720, "prefix": "https://igx.4sqi.net/img/general/", "createdAt": 1339005274, "id": "4fcf995ae4b09eb367748fe1", "venue": {"url": "http://www.tangtea.net", "like": false, "location": {"formattedAddress": ["359 Bedok Road (Simpang Bedok)", "469545", "Singapore"], "city": "Singapore", "lng": 103.94724279642105, "cc": "SG", "country": "Singapore", "crossStreet": "Simpang Bedok", "lat": 1.3314386789870452, "address": "359 Bedok Road", "labeledLatLngs": [{"label": "display", "lat": 1.3314386789870452, "lng": 103.94724279642105}], "postalCode": "469545"}, "categories": [{"icon": {"prefix": "https://ss3.4sqi.net/img/categories_v2/food/dimsum_", "suffix": ".png"}, "name": "Dim Sum Restaurant", "id": "4bf58dd8d48988d1f5931735", "pluralName": "Dim Sum Restaurants", "primary": true, "shortName": "Dim Sum"}], "verified": false, "contact": {}, "allowMenuUrlEdit": true, "stats": {"tipCount": 114, "usersCount": 5835, "checkinsCount": 12580}, "id": "4c9a360f78fc236a688f3397", "name": "Tang Tea House Hong Kong Cafe", "beenHere": {"lastCheckinExpiredAt": 0}}, "suffix": "/PUbsNSHKRoLYQi8qvnAV41cyvJAPUoklmamlsSDeJno.jpg", "visibility": "public"}, {"height": 720, "source": {"url": "https://foursquare.com/download/#/android", "name": "Foursquare for Android"}, "width": 432, "prefix": "https://igx.4sqi.net/img/general/", "createdAt": 1338983841, "id": "4fcf45a1e4b0be3da54ac91e", "venue": {"url": "http://www.parkwayparade.com.sg", "like": false, "location": {"formattedAddress": ["80 Marine Parade Rd.", "449269", "Singapore"], "city": "Singapore", "lng": 103.90520330524522, "cc": "SG", "country": "Singapore", "lat": 1.3017236035842212, "address": "80 Marine Parade Rd.", "postalCode": "449269"}, "categories": [{"icon": {"prefix": "https://ss3.4sqi.net/img/categories_v2/shops/mall_", "suffix": ".png"}, "name": "Shopping Mall", "id": "4bf58dd8d48988d1fd941735", "pluralName": "Shopping Malls", "primary": true, "shortName": "Mall"}], "verified": true, "contact": {"formattedPhone": "+65 6344 1242", "phone": "+6563441242", "facebookName": "Parkway Parade", "facebookUsername": "ParkwayParade", "facebook": "116105028493301"}, "beenHere": {"lastCheckinExpiredAt": 0}, "stats": {"tipCount": 137, "usersCount": 24898, "checkinsCount": 96024}, "id": "4b0cc7baf964a520cc4123e3", "name": "Parkway Parade", "venuePage": {"id": "127121384"}}, "suffix": "/HeVFVmjkWvQA_WFkELkc0ai7cKpZ1RHFzDJR7jKejqY.jpg", "visibility": "public"}, {"height": 720, "source": {"url": "https://foursquare.com/download/#/android", "name": "Foursquare for Android"}, "width": 540, "prefix": "https://igx.4sqi.net/img/general/", "createdAt": 1338967049, "id": "4fcf0409e4b0f6d527e1c8c9", "venue": {"venueRatingBlacklisted": true, "like": false, "location": {"formattedAddress": ["KK Women\u2019s and Children\u2019s Hospital (100 Bukit Timah Rd)", "229899", "Singapore"], "city": "Singapore", "lng": 103.84738089700299, "cc": "SG", "country": "Singapore", "crossStreet": "100 Bukit Timah Rd", "lat": 1.3106822429482123, "address": "KK Women\u2019s and Children\u2019s Hospital", "labeledLatLngs": [{"label": "display", "lat": 1.3106822429482123, "lng": 103.84738089700299}], "postalCode": "229899"}, "categories": [{"icon": {"prefix": "https://ss3.4sqi.net/img/categories_v2/building/medical_", "suffix": ".png"}, "name": "Hospital", "id": "4bf58dd8d48988d196941735", "pluralName": "Hospitals", "primary": true, "shortName": "Hospital"}], "verified": false, "contact": {}, "beenHere": {"lastCheckinExpiredAt": 0}, "stats": {"tipCount": 4, "usersCount": 2186, "checkinsCount": 4068}, "id": "4d2e9adbda7cb60cb6c270d4", "name": "KKH Women's Tower"}, "suffix": "/xGxmOJAMM7EToLfFocZzKb3oO50BMseBMjPZZD9oNTg.jpg", "visibility": "public"}, {"height": 720, "source": {"url": "https://foursquare.com/download/#/android", "name": "Foursquare for Android"}, "width": 540, "prefix": "https://igx.4sqi.net/img/general/", "createdAt": 1338966026, "id": "4fcf000ae4b0a3d4c29ffa3c", "venue": {"url": "http://www.lta.gov.sg", "like": false, "location": {"city": "Singapore", "cc": "SG", "country": "Singapore", "lat": 1.3297198466020954, "lng": 103.84717226028442, "formattedAddress": ["Singapore"]}, "categories": [{"icon": {"prefix": "https://ss3.4sqi.net/img/categories_v2/travel/highway_", "suffix": ".png"}, "name": "Road", "id": "4bf58dd8d48988d1f9931735", "pluralName": "Roads", "primary": true, "shortName": "Road"}], "verified": false, "contact": {"formattedPhone": "+65 1800 225 5582", "twitter": "ltasg", "phone": "+6518002255582"}, "beenHere": {"lastCheckinExpiredAt": 0}, "stats": {"tipCount": 78, "usersCount": 13232, "checkinsCount": 46362}, "id": "4c14ede6a1010f471a1d4d18", "name": "Pan Island Expressway (PIE)", "venueRatingBlacklisted": true}, "suffix": "/x_kALpWZdSkSwA3I9CAngxyf7pf9nMujeMGcl6kqNEY.jpg", "visibility": "public"}, {"height": 720, "source": {"url": "https://foursquare.com/download/#/android", "name": "Foursquare for Android"}, "width": 540, "prefix": "https://igx.4sqi.net/img/general/", "createdAt": 1338877474, "id": "4fcda622e4b0c300d4ee6ba6", "venue": {"like": false, "location": {"city": "Singapore", "lng": 103.9392592321754, "cc": "SG", "country": "Singapore", "lat": 1.3311487497166337, "address": "Block 88 Bedok North Street 4", "labeledLatLngs": [{"label": "display", "lat": 1.3311487497166337, "lng": 103.9392592321754}], "formattedAddress": ["Block 88 Bedok North Street 4", "Singapore"]}, "categories": [{"icon": {"prefix": "https://ss3.4sqi.net/img/categories_v2/shops/bikeshop_", "suffix": ".png"}, "name": "Bike Shop", "id": "4bf58dd8d48988d115951735", "pluralName": "Bike Shops", "primary": true, "shortName": "Bike Shop"}], "verified": false, "contact": {}, "allowMenuUrlEdit": true, "stats": {"tipCount": 0, "usersCount": 4, "checkinsCount": 4}, "id": "4fc04e11e4b0bb0732071d48", "name": "Swee Hock Bicycle Shop", "beenHere": {"lastCheckinExpiredAt": 0}}, "suffix": "/rCylF9HmoofCJA4JpukxNmZpP5Yb7OmXYal4nMEDqy8.jpg", "visibility": "public"}, {"height": 720, "source": {"url": "https://foursquare.com/download/#/android", "name": "Foursquare for Android"}, "width": 540, "prefix": "https://igx.4sqi.net/img/general/", "createdAt": 1338876278, "id": "4fcda176e4b06527ab157cc7", "venue": {"venueRatingBlacklisted": true, "like": false, "location": {"cc": "SG", "country": "Singapore", "lat": 1.3265407668651696, "lng": 103.94223357863486, "labeledLatLngs": [{"label": "display", "lat": 1.3265407668651696, "lng": 103.94223357863486}], "formattedAddress": ["Singapore"]}, "categories": [{"icon": {"prefix": "https://ss3.4sqi.net/img/categories_v2/shops/bikeshop_", "suffix": ".png"}, "name": "Bike Rental / Bike Share", "id": "4e4c9077bd41f78e849722f9", "pluralName": "Bike Rentals / Bike Shares", "primary": true, "shortName": "Bike"}], "verified": false, "contact": {}, "allowMenuUrlEdit": true, "stats": {"tipCount": 0, "usersCount": 3, "checkinsCount": 5}, "id": "4fcda10ee4b0fc13c4a13484", "name": "Block 128 Teck Hock Hin Trading Bike Shop", "beenHere": {"lastCheckinExpiredAt": 0}}, "suffix": "/r6b4xWL2J2h8kc51Vh9ZCGled7xOabh6mRrqUtirLeM.jpg", "visibility": "public"}, {"height": 720, "source": {"url": "https://foursquare.com/download/#/android", "name": "Foursquare for Android"}, "width": 540, "prefix": "https://igx.4sqi.net/img/general/", "createdAt": 1338868570, "id": "4fcd835ae4b0ef380fa45c43", "venue": {"venueRatingBlacklisted": true, "like": false, "location": {"isFuzzed": true, "cc": "SG", "country": "Singapore", "lat": 1.3213586558573682, "lng": 103.93180098711395, "formattedAddress": ["Singapore"]}, "categories": [{"icon": {"prefix": "https://ss3.4sqi.net/img/categories_v2/building/home_", "suffix": ".png"}, "name": "Home (private)", "id": "4bf58dd8d48988d103941735", "pluralName": "Homes (private)", "primary": true, "shortName": "Home"}], "verified": false, "contact": {}, "beenHere": {"lastCheckinExpiredAt": 0}, "stats": {"tipCount": 2, "usersCount": 96, "checkinsCount": 143}, "id": "4f0660b561af0a866ca5c4e0", "name": "Bedok Polyclinic"}, "suffix": "/Ud6SrCoC0-EGuqDoPzp-hj3QVSJZuqW9SEeBEuSbfO0.jpg", "visibility": "public"}, {"height": 720, "source": {"url": "https://foursquare.com/download/#/android", "name": "Foursquare for Android"}, "width": 540, "prefix": "https://igx.4sqi.net/img/general/", "createdAt": 1338700309, "id": "4fcaf215e4b067457c364797", "venue": {"like": false, "location": {"cc": "SG", "country": "Singapore", "lat": 1.3266842660841542, "lng": 103.9419276428908, "labeledLatLngs": [{"label": "display", "lat": 1.3266842660841542, "lng": 103.9419276428908}], "formattedAddress": ["Singapore"]}, "categories": [{"icon": {"prefix": "https://ss3.4sqi.net/img/categories_v2/food/wings_", "suffix": ".png"}, "name": "Wings Joint", "id": "4bf58dd8d48988d14c941735", "pluralName": "Wings Joints", "primary": true, "shortName": "Wings"}], "verified": false, "contact": {}, "allowMenuUrlEdit": true, "stats": {"tipCount": 0, "usersCount": 1, "checkinsCount": 3}, "id": "4fcaf1cae4b0b0ef06c3a3dd", "name": "Mum's Kitchen @ Vista 8/183 Level 7", "beenHere": {"lastCheckinExpiredAt": 0}}, "suffix": "/-C-HjBwMBkofB0-OlPyyUCcgud_XcFMkdCfQ69qE5hU.jpg", "visibility": "public"}, {"height": 432, "source": {"url": "https://foursquare.com/download/#/android", "name": "Foursquare for Android"}, "width": 720, "prefix": "https://igx.4sqi.net/img/general/", "createdAt": 1338567637, "id": "4fc8ebd5e4b0216d1538460d", "venue": {"venueRatingBlacklisted": true, "like": false, "location": {"cc": "SG", "country": "Singapore", "lat": 1.3258681729509656, "lng": 103.94151972962301, "labeledLatLngs": [{"label": "display", "lat": 1.3258681729509656, "lng": 103.94151972962301}], "formattedAddress": ["Singapore"]}, "categories": [{"icon": {"prefix": "https://ss3.4sqi.net/img/categories_v2/building/housingdevelopment_", "suffix": ".png"}, "name": "Housing Development", "id": "4f2a210c4b9023bd5841ed28", "pluralName": "Housing Developments", "primary": true, "shortName": "Housing Development"}], "verified": false, "contact": {}, "beenHere": {"lastCheckinExpiredAt": 0}, "stats": {"tipCount": 2, "usersCount": 3, "checkinsCount": 22}, "id": "4fbfaf16e4b0bccbf5635c1f", "name": "Mum's Place 183 @ Vista 8"}, "suffix": "/UTYMlucc1Ei0Kx9Eq30k-TmIkd2Dcawvu0cKVw6Sz0s.jpg", "visibility": "public"}, {"height": 720, "source": {"url": "https://foursquare.com/download/#/android", "name": "Foursquare for Android"}, "width": 540, "prefix": "https://igx.4sqi.net/img/general/", "createdAt": 1338565880, "id": "4fc8e4f8e4b042a57f27adf2", "venue": {"venueRatingBlacklisted": true, "like": false, "location": {"city": "Singapore", "isFuzzed": true, "cc": "SG", "country": "Singapore", "lat": 1.3306561499293652, "lng": 103.94340350585274, "formattedAddress": ["Singapore"]}, "categories": [{"icon": {"prefix": "https://ss3.4sqi.net/img/categories_v2/building/home_", "suffix": ".png"}, "name": "Home (private)", "id": "4bf58dd8d48988d103941735", "pluralName": "Homes (private)", "primary": true, "shortName": "Home"}], "verified": false, "contact": {}, "beenHere": {"lastCheckinExpiredAt": 0}, "stats": {"tipCount": 0, "usersCount": 5, "checkinsCount": 11}, "id": "4e9d54134690bdef1018bb95", "name": "Vista 8"}, "suffix": "/zfsPSJmmnKtJlzN8bVlQtopd_r2JuSQYmxmJ6w_4MgQ.jpg", "visibility": "public"}, {"height": 432, "source": {"url": "https://foursquare.com/download/#/android", "name": "Foursquare for Android"}, "width": 720, "prefix": "https://igx.4sqi.net/img/general/", "createdAt": 1338547927, "id": "4fc89ed7e4b0ad1236e8065d", "venue": {"url": "http://www.lta.gov.sg", "like": false, "location": {"city": "Singapore", "cc": "SG", "country": "Singapore", "lat": 1.3297198466020954, "lng": 103.84717226028442, "formattedAddress": ["Singapore"]}, "categories": [{"icon": {"prefix": "https://ss3.4sqi.net/img/categories_v2/travel/highway_", "suffix": ".png"}, "name": "Road", "id": "4bf58dd8d48988d1f9931735", "pluralName": "Roads", "primary": true, "shortName": "Road"}], "verified": false, "contact": {"formattedPhone": "+65 1800 225 5582", "twitter": "ltasg", "phone": "+6518002255582"}, "beenHere": {"lastCheckinExpiredAt": 0}, "stats": {"tipCount": 78, "usersCount": 13232, "checkinsCount": 46362}, "id": "4c14ede6a1010f471a1d4d18", "name": "Pan Island Expressway (PIE)", "venueRatingBlacklisted": true}, "suffix": "/QF8cycOHb_3bEaKKLkx-RcTKAfp-ROiatQmKvLNRG7s.jpg", "visibility": "public"}, {"height": 540, "source": {"url": "https://foursquare.com/download/#/android", "name": "Foursquare for Android"}, "width": 720, "prefix": "https://igx.4sqi.net/img/general/", "createdAt": 1338477437, "id": "4fc78b7de4b0795d6931ff93", "venue": {"venueRatingBlacklisted": true, "like": false, "location": {"city": "Singapore", "isFuzzed": true, "cc": "SG", "country": "Singapore", "lat": 1.3306561499293652, "lng": 103.94340350585274, "formattedAddress": ["Singapore"]}, "categories": [{"icon": {"prefix": "https://ss3.4sqi.net/img/categories_v2/building/home_", "suffix": ".png"}, "name": "Home (private)", "id": "4bf58dd8d48988d103941735", "pluralName": "Homes (private)", "primary": true, "shortName": "Home"}], "verified": false, "contact": {}, "beenHere": {"lastCheckinExpiredAt": 0}, "stats": {"tipCount": 0, "usersCount": 5, "checkinsCount": 11}, "id": "4e9d54134690bdef1018bb95", "name": "Vista 8"}, "suffix": "/OQyjKjx42DMEISw6MRF1IR1V_ygYavN26zCjya7-DHE.jpg", "visibility": "public"}, {"height": 720, "source": {"url": "https://foursquare.com/download/#/android", "name": "Foursquare for Android"}, "width": 540, "prefix": "https://igx.4sqi.net/img/general/", "createdAt": 1338364048, "id": "4fc5d090e4b09cc8bc8723ec", "venue": {"venueRatingBlacklisted": true, "like": false, "location": {"formattedAddress": ["100 Bukit Timah Rd", "229899", "Singapore"], "lng": 103.847579051574, "cc": "SG", "country": "Singapore", "lat": 1.3105595243276669, "address": "100 Bukit Timah Rd", "labeledLatLngs": [{"label": "display", "lat": 1.3105595243276669, "lng": 103.847579051574}], "postalCode": "229899"}, "categories": [{"icon": {"prefix": "https://ss3.4sqi.net/img/categories_v2/building/medical_", "suffix": ".png"}, "name": "Hospital", "id": "4bf58dd8d48988d196941735", "pluralName": "Hospitals", "primary": true, "shortName": "Hospital"}], "verified": false, "contact": {}, "beenHere": {"lastCheckinExpiredAt": 0}, "stats": {"tipCount": 0, "usersCount": 153, "checkinsCount": 200}, "id": "4ce69ba8f3bda14372b5ace4", "name": "Admissions @ KK Hospital"}, "suffix": "/P2ECheMMJ2Edj0UIAmVxfHGleyMGavpMof_VjHzYtzs.jpg", "visibility": "public"}, {"height": 540, "source": {"url": "https://foursquare.com/download/#/android", "name": "Foursquare for Android"}, "width": 720, "prefix": "https://igx.4sqi.net/img/general/", "createdAt": 1338355141, "id": "4fc5adc5e4b07a1f71060fb6", "venue": {"venueRatingBlacklisted": true, "like": false, "location": {"cc": "SG", "country": "Singapore", "lat": 1.3258681729509656, "lng": 103.94151972962301, "labeledLatLngs": [{"label": "display", "lat": 1.3258681729509656, "lng": 103.94151972962301}], "formattedAddress": ["Singapore"]}, "categories": [{"icon": {"prefix": "https://ss3.4sqi.net/img/categories_v2/building/housingdevelopment_", "suffix": ".png"}, "name": "Housing Development", "id": "4f2a210c4b9023bd5841ed28", "pluralName": "Housing Developments", "primary": true, "shortName": "Housing Development"}], "verified": false, "contact": {}, "beenHere": {"lastCheckinExpiredAt": 0}, "stats": {"tipCount": 2, "usersCount": 3, "checkinsCount": 22}, "id": "4fbfaf16e4b0bccbf5635c1f", "name": "Mum's Place 183 @ Vista 8"}, "suffix": "/FtFIHTBXfRbbXbnpmGLRfNs40Y3u2OnQovypETtB_TI.jpg", "visibility": "public"}, {"height": 431, "source": {"url": "https://foursquare.com/download/#/android", "name": "Foursquare for Android"}, "width": 720, "prefix": "https://igx.4sqi.net/img/general/", "createdAt": 1338108921, "id": "4fc1ebf9e4b0bb07329eb537", "venue": {"venueRatingBlacklisted": true, "like": false, "location": {"cc": "SG", "country": "Singapore", "lat": 1.3258681729509656, "lng": 103.94151972962301, "labeledLatLngs": [{"label": "display", "lat": 1.3258681729509656, "lng": 103.94151972962301}], "formattedAddress": ["Singapore"]}, "categories": [{"icon": {"prefix": "https://ss3.4sqi.net/img/categories_v2/building/housingdevelopment_", "suffix": ".png"}, "name": "Housing Development", "id": "4f2a210c4b9023bd5841ed28", "pluralName": "Housing Developments", "primary": true, "shortName": "Housing Development"}], "verified": false, "contact": {}, "beenHere": {"lastCheckinExpiredAt": 0}, "stats": {"tipCount": 2, "usersCount": 3, "checkinsCount": 22}, "id": "4fbfaf16e4b0bccbf5635c1f", "name": "Mum's Place 183 @ Vista 8"}, "suffix": "/dWkefGSFTxnvB_agqDc0wrEETQSn_dbA0yy0YYiqPyA.jpg", "visibility": "public"}, {"height": 720, "source": {"url": "https://foursquare.com/download/#/android", "name": "Foursquare for Android"}, "width": 431, "prefix": "https://igx.4sqi.net/img/general/", "createdAt": 1338006435, "id": "4fc05ba3e4b05b8502b661eb", "venue": {"like": false, "location": {"formattedAddress": ["58 New Upper Changi Rd", "461058", "Singapore"], "city": "Singapore", "lng": 103.94116280650525, "cc": "SG", "country": "Singapore", "lat": 1.3240737307390038, "address": "58 New Upper Changi Rd", "labeledLatLngs": [{"label": "display", "lat": 1.3240737307390038, "lng": 103.94116280650525}], "postalCode": "461058"}, "categories": [{"icon": {"prefix": "https://ss3.4sqi.net/img/categories_v2/shops/food_foodcourt_", "suffix": ".png"}, "name": "Food Court", "id": "4bf58dd8d48988d120951735", "pluralName": "Food Courts", "primary": true, "shortName": "Food Court"}], "verified": false, "contact": {}, "allowMenuUrlEdit": true, "stats": {"tipCount": 66, "usersCount": 1796, "checkinsCount": 6389}, "id": "4c5ba6e299ff76b053a0a59e", "name": "The Marketplace @ 58", "beenHere": {"lastCheckinExpiredAt": 0}}, "suffix": "/KB0t8cCqw8rqZOrpeP5T_lJI-2vByjQozkxurpFcXrU.jpg", "visibility": "public"}, {"height": 431, "source": {"url": "https://foursquare.com/download/#/android", "name": "Foursquare for Android"}, "tip": {"agreeCount": 0, "canonicalUrl": "https://foursquare.com/item/4fbfafcce4b05b85026fc8ff", "todo": {"count": 0}, "logView": true, "disagreeCount": 0, "createdAt": 1337962444, "id": "4fbfafcce4b05b85026fc8ff", "text": "Tick tock tick tock....", "likes": {"groups": [], "count": 0}, "like": false, "type": "user"}, "width": 720, "prefix": "https://igx.4sqi.net/img/general/", "createdAt": 1337962449, "id": "4fbfafd1e4b04422a075919e", "venue": {"venueRatingBlacklisted": true, "like": false, "location": {"cc": "SG", "country": "Singapore", "lat": 1.3258681729509656, "lng": 103.94151972962301, "labeledLatLngs": [{"label": "display", "lat": 1.3258681729509656, "lng": 103.94151972962301}], "formattedAddress": ["Singapore"]}, "categories": [{"icon": {"prefix": "https://ss3.4sqi.net/img/categories_v2/building/housingdevelopment_", "suffix": ".png"}, "name": "Housing Development", "id": "4f2a210c4b9023bd5841ed28", "pluralName": "Housing Developments", "primary": true, "shortName": "Housing Development"}], "verified": false, "contact": {}, "beenHere": {"lastCheckinExpiredAt": 0}, "stats": {"tipCount": 2, "usersCount": 3, "checkinsCount": 22}, "id": "4fbfaf16e4b0bccbf5635c1f", "name": "Mum's Place 183 @ Vista 8"}, "suffix": "/cV8TkiYRC9EDibqdCbZXXEwlygKiJ5OVp9q4hV_ZFYI.jpg", "visibility": "public"}, {"height": 720, "source": {"url": "https://foursquare.com/download/#/android", "name": "Foursquare for Android"}, "width": 431, "prefix": "https://igx.4sqi.net/img/general/", "createdAt": 1337607086, "id": "4fba43aee4b0cb273f02febf", "suffix": "/ruOQ8I3fv3Tefw1wzqzAR_GSAtVH-5qltk6bmBNEvQo.jpg", "visibility": "public"}, {"height": 720, "source": {"url": "https://foursquare.com/download/#/android", "name": "Foursquare for Android"}, "width": 431, "prefix": "https://igx.4sqi.net/img/general/", "createdAt": 1337439781, "id": "4fb7b625e4b0cd8fd14fa152", "venue": {"url": "http://www.smrt.com.sg", "like": false, "location": {"formattedAddress": ["70 Airport Blvd.", "819661", "Singapore"], "city": "Singapore", "lng": 103.988001275668, "cc": "SG", "country": "Singapore", "lat": 1.35715595977118, "address": "70 Airport Blvd.", "labeledLatLngs": [{"label": "display", "lat": 1.35715595977118, "lng": 103.988001275668}], "postalCode": "819661"}, "categories": [{"icon": {"prefix": "https://ss3.4sqi.net/img/categories_v2/travel/subway_", "suffix": ".png"}, "name": "Metro Station", "id": "4bf58dd8d48988d1fd931735", "pluralName": "Metro Stations", "primary": true, "shortName": "Metro"}], "verified": false, "contact": {"formattedPhone": "+65 1800 336 8900", "twitter": "smrt_singapore", "phone": "+6518003368900"}, "beenHere": {"lastCheckinExpiredAt": 0}, "stats": {"tipCount": 26, "usersCount": 6768, "checkinsCount": 19563}, "id": "4b616f10f964a52062132ae3", "name": "Changi Airport MRT Station (CG2)", "venueRatingBlacklisted": true}, "suffix": "/Im_XA83fMM-KpfF-dXbM3_K2PinKXHHqC3tx_FPOYBA.jpg", "visibility": "public"}, {"height": 720, "source": {"url": "https://foursquare.com/download/#/android", "name": "Foursquare for Android"}, "width": 431, "prefix": "https://igx.4sqi.net/img/general/", "createdAt": 1337435204, "id": "4fb7a444e4b079584583efa3", "venue": {"location": {"formattedAddress": ["Changi International Airport (75 Airport Boulevard)", "819643", "Singapore"], "city": "Singapore", "lng": 103.98677713114739, "cc": "SG", "country": "Singapore", "neighborhood": "Singapore Changi Airport", "lat": 1.356287561935302, "address": "Changi International Airport", "crossStreet": "75 Airport Boulevard", "postalCode": "819643"}, "contact": {"twitter": "changiairport", "facebookName": "Changi Airport", "formattedPhone": "+65 6595 6868", "phone": "+6565956868", "facebookUsername": "changiairport", "facebook": "113770598597"}, "verified": true, "stats": {"tipCount": 394, "usersCount": 75947, "checkinsCount": 231775}, "beenHere": {"lastCheckinExpiredAt": 0}, "storeId": "", "url": "http://www.changiairport.com", "like": false, "categories": [{"icon": {"prefix": "https://ss3.4sqi.net/img/categories_v2/travel/airport_gate_", "suffix": ".png"}, "name": "Airport Terminal", "id": "4bf58dd8d48988d1eb931735", "pluralName": "Airport Terminals", "primary": true, "shortName": "Terminal"}], "venueRatingBlacklisted": true, "id": "4b1baa07f964a52084fc23e3", "name": "Terminal 3"}, "suffix": "/N6RNTRFCh4M2MU92Oo0TuUZFOGMZFN5YoBawLHXrNKE.jpg", "visibility": "public"}, {"height": 720, "source": {"url": "https://foursquare.com/download/#/android", "name": "Foursquare for Android"}, "width": 540, "prefix": "https://igx.4sqi.net/img/general/", "createdAt": 1337386950, "id": "4fb6e7c6e4b0093658660d3a", "venue": {"venueRatingBlacklisted": true, "like": false, "location": {"cc": "SG", "country": "Singapore", "lat": 1.3281145, "lng": 103.8859046, "labeledLatLngs": [{"label": "display", "lat": 1.3281145, "lng": 103.8859046}], "formattedAddress": ["Singapore"]}, "categories": [{"icon": {"prefix": "https://ss3.4sqi.net/img/categories_v2/building/eventspace_", "suffix": ".png"}, "name": "Event Space", "id": "4bf58dd8d48988d171941735", "pluralName": "Event Spaces", "primary": true, "shortName": "Event Space"}], "verified": false, "contact": {}, "beenHere": {"lastCheckinExpiredAt": 0}, "stats": {"tipCount": 3, "usersCount": 2, "checkinsCount": 13}, "id": "4e4c5ca3ae60bb5012648dd8", "name": "* Dy's Bilik Termenung *"}, "suffix": "/mPm5qeNN3Mca34At9CZ_yoOrUoYkh_aems8TUz3oTXs.jpg", "visibility": "public"}, {"height": 720, "source": {"url": "https://foursquare.com/download/#/android", "name": "Foursquare for Android"}, "width": 540, "prefix": "https://igx.4sqi.net/img/general/", "createdAt": 1333024672, "id": "4f7457a0e4b00a080dce2a01", "venue": {"venueRatingBlacklisted": true, "like": false, "location": {"isFuzzed": true, "cc": "SG", "country": "Singapore", "lat": 1.3031577823913822, "lng": 103.8390162070228, "formattedAddress": ["Singapore"]}, "categories": [{"icon": {"prefix": "https://ss3.4sqi.net/img/categories_v2/building/home_", "suffix": ".png"}, "name": "Home (private)", "id": "4bf58dd8d48988d103941735", "pluralName": "Homes (private)", "primary": true, "shortName": "Home"}], "verified": false, "contact": {}, "beenHere": {"lastCheckinExpiredAt": 0}, "stats": {"tipCount": 0, "usersCount": 0, "checkinsCount": 0}, "id": "4f74572be4b0250b712e2f35", "name": "\u00b0^\u00b0OmicronLeonis Paradize^\u00b0^"}, "suffix": "/1QxwIaZV_XguYLRcgNtsuJvjHtlusGCOiqfBl0Z79_A.jpg", "visibility": "public"}, {"height": 720, "source": {"url": "https://foursquare.com/download/#/android", "name": "Foursquare for Android"}, "width": 540, "prefix": "https://igx.4sqi.net/img/general/", "createdAt": 1333003147, "id": "4f74038be4b0e7c6433aa524", "venue": {"venueRatingBlacklisted": true, "like": false, "location": {"formattedAddress": ["990 Upper Changi Road North", "506968", "Singapore"], "city": "Singapore", "lng": 103.969566578513, "cc": "SG", "country": "Singapore", "lat": 1.3578648826406439, "address": "990 Upper Changi Road North", "labeledLatLngs": [{"label": "display", "lat": 1.3578648826406439, "lng": 103.969566578513}], "postalCode": "506968"}, "categories": [{"icon": {"prefix": "https://ss3.4sqi.net/img/categories_v2/building/government_", "suffix": ".png"}, "name": "Government Building", "id": "4bf58dd8d48988d126941735", "pluralName": "Government Buildings", "primary": true, "shortName": "Government"}], "verified": false, "contact": {}, "beenHere": {"lastCheckinExpiredAt": 0}, "stats": {"tipCount": 1, "usersCount": 502, "checkinsCount": 2932}, "id": "4dc88eb0091a2f566c7af81f", "name": "Prison Link Centre (Changi Prison Complex)"}, "suffix": "/8k0b7OgUiQ45HO-AUZaKi9N15msgXB2dlOGuV8u7W_4.jpg", "visibility": "public"}, {"height": 540, "source": {"url": "https://foursquare.com/download/#/android", "name": "Foursquare for Android"}, "width": 720, "prefix": "https://igx.4sqi.net/img/general/", "createdAt": 1332996838, "id": "4f73eae6e4b0da86fcc77ec0", "venue": {"venueRatingBlacklisted": true, "like": false, "location": {"formattedAddress": ["100 Bukit Timah Rd", "229899", "Singapore"], "lng": 103.847579051574, "cc": "SG", "country": "Singapore", "lat": 1.3105595243276669, "address": "100 Bukit Timah Rd", "labeledLatLngs": [{"label": "display", "lat": 1.3105595243276669, "lng": 103.847579051574}], "postalCode": "229899"}, "categories": [{"icon": {"prefix": "https://ss3.4sqi.net/img/categories_v2/building/medical_", "suffix": ".png"}, "name": "Hospital", "id": "4bf58dd8d48988d196941735", "pluralName": "Hospitals", "primary": true, "shortName": "Hospital"}], "verified": false, "contact": {}, "beenHere": {"lastCheckinExpiredAt": 0}, "stats": {"tipCount": 0, "usersCount": 153, "checkinsCount": 200}, "id": "4ce69ba8f3bda14372b5ace4", "name": "Admissions @ KK Hospital"}, "suffix": "/_oA0Jo8MbkakDOuafVpzCOU_vKVaWn2ie1kvMUMQkpU.jpg", "visibility": "public"}, {"height": 720, "source": {"url": "https://foursquare.com/download/#/android", "name": "Foursquare for Android"}, "width": 540, "prefix": "https://igx.4sqi.net/img/general/", "createdAt": 1332933638, "id": "4f72f406e4b06e8c1da0ceb9", "venue": {"like": false, "location": {"city": "Singapore", "lng": 103.88618506466692, "cc": "SG", "country": "Singapore", "crossStreet": "MacPherson Ln", "lat": 1.3285251715297963, "address": "Blk 77 Circuit Rd", "labeledLatLngs": [{"label": "display", "lat": 1.3285251715297963, "lng": 103.88618506466692}], "formattedAddress": ["Blk 77 Circuit Rd (MacPherson Ln)", "Singapore"]}, "categories": [{"icon": {"prefix": "https://ss3.4sqi.net/img/categories_v2/shops/conveniencestore_", "suffix": ".png"}, "name": "Convenience Store", "id": "4d954b0ea243a5684a65b473", "pluralName": "Convenience Stores", "primary": true, "shortName": "Convenience Store"}], "verified": false, "contact": {}, "allowMenuUrlEdit": true, "stats": {"tipCount": 2, "usersCount": 95, "checkinsCount": 217}, "id": "4d22cb246e8c3704ac040fa0", "name": "NTUC Fairprice @ Circuit Road", "beenHere": {"lastCheckinExpiredAt": 0}}, "suffix": "/pf8U388anQLEsvy80s45hFT5GgbECl75WohTurpMVdk.jpg", "visibility": "public"}, {"height": 720, "source": {"url": "https://foursquare.com/download/#/android", "name": "Foursquare for Android"}, "width": 540, "prefix": "https://igx.4sqi.net/img/general/", "createdAt": 1332931927, "id": "4f72ed57e4b043e3bbfc889e", "venue": {"venueRatingBlacklisted": true, "like": false, "location": {"lng": 103.879297, "cc": "SG", "country": "Singapore", "lat": 1.329366, "address": "47 Kallang pudding", "labeledLatLngs": [{"label": "display", "lat": 1.329366, "lng": 103.879297}], "formattedAddress": ["47 Kallang pudding", "Singapore"]}, "categories": [{"icon": {"prefix": "https://ss3.4sqi.net/img/categories_v2/building/school_", "suffix": ".png"}, "name": "School", "id": "4bf58dd8d48988d13b941735", "pluralName": "Schools", "primary": true, "shortName": "School"}], "verified": false, "contact": {}, "beenHere": {"lastCheckinExpiredAt": 0}, "stats": {"tipCount": 0, "usersCount": 8, "checkinsCount": 27}, "id": "4ed30d52cc219860fa9ac443", "name": "Cherie Hearts Elite Tots"}, "suffix": "/x3v6jGvRhyF-4xQ4IKyzpzFhIPc5N-ST_1DSZ-D2XOw.jpg", "visibility": "public"}, {"height": 720, "source": {"url": "https://foursquare.com/download/#/android", "name": "Foursquare for Android"}, "width": 540, "prefix": "https://igx.4sqi.net/img/general/", "createdAt": 1332851769, "id": "4f71b439e4b0741eb48c895d", "venue": {"url": "http://www.fraserscentrepointmalls.com/malls/ccp/index.asp", "like": false, "location": {"formattedAddress": ["5 Changi Business Park Central 1", "486038", "Singapore"], "city": "Singapore", "lng": 103.96256849756769, "cc": "SG", "country": "Singapore", "lat": 1.3343746345232999, "address": "5 Changi Business Park Central 1", "postalCode": "486038"}, "categories": [{"icon": {"prefix": "https://ss3.4sqi.net/img/categories_v2/shops/mall_", "suffix": ".png"}, "name": "Shopping Mall", "id": "4bf58dd8d48988d1fd941735", "pluralName": "Shopping Malls", "primary": true, "shortName": "Mall"}], "verified": false, "contact": {"formattedPhone": "+65 6511 1088", "phone": "+6565111088"}, "beenHere": {"lastCheckinExpiredAt": 0}, "stats": {"tipCount": 126, "usersCount": 18518, "checkinsCount": 57778}, "id": "4e925263e5fa72f70fba5010", "name": "Changi City Point"}, "suffix": "/YQ3dRmj8w7HKxQhKlCpfI1dXy3YAcmW9eAdx9uqwkik.jpg", "visibility": "public"}, {"height": 720, "source": {"url": "https://foursquare.com/download/#/android", "name": "Foursquare for Android"}, "width": 540, "prefix": "https://igx.4sqi.net/img/general/", "createdAt": 1332762298, "id": "4f7056bae4b0d4a5b3109396", "venue": {"venueRatingBlacklisted": true, "like": false, "location": {"isFuzzed": true, "cc": "SG", "country": "Singapore", "lat": 1.3309897987229353, "lng": 103.885400718162, "formattedAddress": ["Singapore"]}, "categories": [{"icon": {"prefix": "https://ss3.4sqi.net/img/categories_v2/building/home_", "suffix": ".png"}, "name": "Home (private)", "id": "4bf58dd8d48988d103941735", "pluralName": "Homes (private)", "primary": true, "shortName": "Home"}], "verified": false, "contact": {}, "beenHere": {"lastCheckinExpiredAt": 0}, "stats": {"tipCount": 0, "usersCount": 1, "checkinsCount": 11}, "id": "4f7055c0e4b0e0075d1c6654", "name": "\u00b0`\u00b0OmicronLeonis Paradize\u00b0`\u00b0"}, "suffix": "/vGzGYY-sTV5JGpn-wyjElEyN_UoBSk7fwUAM0UhD-9s.jpg", "visibility": "public"}, {"height": 720, "source": {"url": "https://foursquare.com/download/#/android", "name": "Foursquare for Android"}, "width": 540, "prefix": "https://igx.4sqi.net/img/general/", "createdAt": 1332758978, "id": "4f7049c2e4b0ad1af70532cb", "venue": {"venueRatingBlacklisted": true, "like": false, "location": {"lng": 103.879297, "cc": "SG", "country": "Singapore", "lat": 1.329366, "address": "47 Kallang pudding", "labeledLatLngs": [{"label": "display", "lat": 1.329366, "lng": 103.879297}], "formattedAddress": ["47 Kallang pudding", "Singapore"]}, "categories": [{"icon": {"prefix": "https://ss3.4sqi.net/img/categories_v2/building/school_", "suffix": ".png"}, "name": "School", "id": "4bf58dd8d48988d13b941735", "pluralName": "Schools", "primary": true, "shortName": "School"}], "verified": false, "contact": {}, "beenHere": {"lastCheckinExpiredAt": 0}, "stats": {"tipCount": 0, "usersCount": 8, "checkinsCount": 27}, "id": "4ed30d52cc219860fa9ac443", "name": "Cherie Hearts Elite Tots"}, "suffix": "/F-N_bvZEe5h0GPC6mi0FyiRGgRZA06RxU-62lay1V-Y.jpg", "visibility": "public"}, {"height": 640, "source": {"url": "https://foursquare.com/download/#/android", "name": "Foursquare for Android"}, "width": 480, "prefix": "https://igx.4sqi.net/img/general/", "createdAt": 1318861899, "id": "4e9c3c4b7ee539c857dea951", "venue": {"venueRatingBlacklisted": true, "like": false, "location": {"isFuzzed": true, "cc": "SG", "country": "Singapore", "lat": 1.3309897987229353, "lng": 103.885400718162, "formattedAddress": ["Singapore"]}, "categories": [{"icon": {"prefix": "https://ss3.4sqi.net/img/categories_v2/building/home_", "suffix": ".png"}, "name": "Home (private)", "id": "4bf58dd8d48988d103941735", "pluralName": "Homes (private)", "primary": true, "shortName": "Home"}], "verified": false, "contact": {}, "beenHere": {"lastCheckinExpiredAt": 0}, "stats": {"tipCount": 0, "usersCount": 1, "checkinsCount": 7}, "id": "4e80bf72d3e3cad1c73e58f4", "name": "*^Hall OF Fame^*"}, "suffix": "/RZGZIJLLIEUEHE0SAPZ0WIZ0V2RYNNYKAUFM15RFIC2522VI.jpg", "visibility": "public"}, {"height": 480, "source": {"url": "https://foursquare.com/download/#/android", "name": "Foursquare for Android"}, "width": 640, "prefix": "https://igx.4sqi.net/img/general/", "createdAt": 1318709703, "id": "4e99e9c74901d3b0b6b80200", "venue": {"venueRatingBlacklisted": true, "like": false, "location": {"isFuzzed": true, "cc": "SG", "country": "Singapore", "lat": 1.3309897987229353, "lng": 103.885400718162, "formattedAddress": ["Singapore"]}, "categories": [{"icon": {"prefix": "https://ss3.4sqi.net/img/categories_v2/building/home_", "suffix": ".png"}, "name": "Home (private)", "id": "4bf58dd8d48988d103941735", "pluralName": "Homes (private)", "primary": true, "shortName": "Home"}], "verified": false, "contact": {}, "beenHere": {"lastCheckinExpiredAt": 0}, "stats": {"tipCount": 1, "usersCount": 1, "checkinsCount": 17}, "id": "4e45ff3618a8f9804cc353d8", "name": "*^ E Room Of Heaven ^*"}, "suffix": "/1XFBZPBN5RW2KHIYMRZOHM5BP0GVH12JYNB1K5RBZRGU12AY.jpg", "visibility": "public"}, {"height": 640, "source": {"url": "https://foursquare.com/download/#/android", "name": "Foursquare for Android"}, "width": 480, "prefix": "https://igx.4sqi.net/img/general/", "createdAt": 1318693313, "id": "4e99a9c1f5b9a9af67d32deb", "venue": {"venueRatingBlacklisted": true, "like": false, "location": {"isFuzzed": true, "cc": "SG", "country": "Singapore", "lat": 1.3309897987229353, "lng": 103.885400718162, "formattedAddress": ["Singapore"]}, "categories": [{"icon": {"prefix": "https://ss3.4sqi.net/img/categories_v2/building/home_", "suffix": ".png"}, "name": "Home (private)", "id": "4bf58dd8d48988d103941735", "pluralName": "Homes (private)", "primary": true, "shortName": "Home"}], "verified": false, "contact": {}, "beenHere": {"lastCheckinExpiredAt": 0}, "stats": {"tipCount": 1, "usersCount": 1, "checkinsCount": 17}, "id": "4e45ff3618a8f9804cc353d8", "name": "*^ E Room Of Heaven ^*"}, "suffix": "/BWRGQNQPHTYVK3BKW3XKXEE2GADL3RLDJAGY1TOCMULGQI0R.jpg", "visibility": "public"}, {"height": 480, "source": {"url": "https://foursquare.com/download/#/android", "name": "Foursquare for Android"}, "width": 640, "prefix": "https://igx.4sqi.net/img/general/", "createdAt": 1318603183, "id": "4e9849af29c239fa285cb2d2", "venue": {"venueRatingBlacklisted": true, "like": false, "location": {"city": "Bedok New Town", "state": "SG", "isFuzzed": true, "cc": "SG", "country": "Singapore", "lat": 1.321292275820503, "lng": 103.94340350585274, "formattedAddress": ["460185", "Singapore"]}, "categories": [{"icon": {"prefix": "https://ss3.4sqi.net/img/categories_v2/building/home_", "suffix": ".png"}, "name": "Home (private)", "id": "4bf58dd8d48988d103941735", "pluralName": "Homes (private)", "primary": true, "shortName": "Home"}], "verified": false, "contact": {}, "beenHere": {"lastCheckinExpiredAt": 0}, "stats": {"tipCount": 1, "usersCount": 25, "checkinsCount": 394}, "id": "4cd96a391891236a92413b0b", "name": "Vista 8 (Home)"}, "suffix": "/TABJAITKW45QCEZEIIS3YJLRXKEUWX4WRZSNW1IMQ2OOAERG.jpg", "visibility": "public"}, {"height": 480, "source": {"url": "https://foursquare.com/download/#/android", "name": "Foursquare for Android"}, "width": 640, "prefix": "https://igx.4sqi.net/img/general/", "createdAt": 1318592715, "id": "4e9820cbd22d4d655a9828a8", "venue": {"closed": true, "like": false, "location": {"formattedAddress": ["207B New Upp Changi Rd", "467345", "Singapore"], "city": "Singapore", "lng": 103.92816995713078, "cc": "SG", "country": "Singapore", "lat": 1.3244061321390246, "address": "207B New Upp Changi Rd", "postalCode": "467345"}, "categories": [{"icon": {"prefix": "https://ss3.4sqi.net/img/categories_v2/travel/busstation_", "suffix": ".png"}, "name": "Bus Station", "id": "4bf58dd8d48988d1fe931735", "pluralName": "Bus Stations", "primary": true, "shortName": "Bus Station"}], "verified": false, "contact": {}, "beenHere": {"lastCheckinExpiredAt": 0}, "stats": {"tipCount": 58, "usersCount": 6878, "checkinsCount": 28758}, "id": "4b0d18c9f964a520cb4323e3", "name": "Bedok Bus Interchange"}, "suffix": "/H0K5STALUBOUIMXYWQGYSXH0IO5NRH0QCBSRRBJU3LXU2XT1.jpg", "visibility": "public"}, {"height": 720, "source": {"url": "https://foursquare.com/download/#/android", "name": "Foursquare for Android"}, "width": 540, "prefix": "https://igx.4sqi.net/img/general/", "createdAt": 1318057529, "id": "4e8ff6390aafb4070bbfc8b7", "venue": {"venueRatingBlacklisted": true, "like": false, "location": {"isFuzzed": true, "cc": "SG", "country": "Singapore", "lat": 1.3309897987229353, "lng": 103.885400718162, "formattedAddress": ["Singapore"]}, "categories": [{"icon": {"prefix": "https://ss3.4sqi.net/img/categories_v2/building/home_", "suffix": ".png"}, "name": "Home (private)", "id": "4bf58dd8d48988d103941735", "pluralName": "Homes (private)", "primary": true, "shortName": "Home"}], "verified": false, "contact": {}, "beenHere": {"lastCheckinExpiredAt": 0}, "stats": {"tipCount": 0, "usersCount": 1, "checkinsCount": 22}, "id": "4e45f47345dd2955e591efa8", "name": "*{ Istanaku Menantiku Pasti }*"}, "suffix": "/ZBDM34SUHIA5IPCEVH4JX3CHDFOMOX0WKYHYJMSEY5Y0RDR3.jpg", "visibility": "public"}, {"height": 540, "source": {"url": "https://foursquare.com/download/#/android", "name": "Foursquare for Android"}, "width": 720, "prefix": "https://igx.4sqi.net/img/general/", "createdAt": 1317891798, "id": "4e8d6ed682319c780c49096e", "venue": {"location": {"formattedAddress": ["60 Siloso Beach Walk (Siloso Beach)", "098997", "Singapore"], "city": "Sentosa Island", "lng": 103.81713458008186, "cc": "SG", "country": "Singapore", "lat": 1.2513724019005517, "address": "60 Siloso Beach Walk", "crossStreet": "Siloso Beach", "postalCode": "098997"}, "contact": {"formattedPhone": "+65 6736 8672", "twitter": "sentosa_island", "phone": "+6567368672"}, "verified": false, "allowMenuUrlEdit": true, "stats": {"tipCount": 55, "usersCount": 6742, "checkinsCount": 8841}, "id": "4b6eb051f964a520abc62ce3", "url": "http://www.sentosa.com.sg/en/attractions/beaches/songs-of-the-sea/", "closed": true, "like": false, "categories": [{"icon": {"prefix": "https://ss3.4sqi.net/img/categories_v2/arts_entertainment/performingarts_", "suffix": ".png"}, "name": "Performing Arts Venue", "id": "4bf58dd8d48988d1f2931735", "pluralName": "Performing Arts Venues", "primary": true, "shortName": "Performing Arts"}], "beenHere": {"lastCheckinExpiredAt": 0}, "name": "Songs Of The Sea Show"}, "suffix": "/KELCEPPIWB5YFIX23N0WUZ55WN1MFWXUW3CHUURIVCT1DWGG.jpg", "visibility": "public"}, {"height": 540, "source": {"url": "https://foursquare.com/download/#/android", "name": "Foursquare for Android"}, "width": 720, "prefix": "https://igx.4sqi.net/img/general/", "createdAt": 1317890861, "id": "4e8d6b2d4690501c9d708554", "venue": {"like": false, "location": {"city": "Singapore", "lng": 103.82153034210205, "cc": "SG", "country": "Singapore", "crossStreet": "1 Harbourfront Walk", "lat": 1.2643550751889787, "address": "Kopitiam @ Vivocity", "labeledLatLngs": [{"label": "display", "lat": 1.2643550751889787, "lng": 103.82153034210205}], "formattedAddress": ["Kopitiam @ Vivocity (1 Harbourfront Walk)", "Singapore"]}, "categories": [{"icon": {"prefix": "https://ss3.4sqi.net/img/categories_v2/food/japanese_", "suffix": ".png"}, "name": "Japanese Restaurant", "id": "4bf58dd8d48988d111941735", "pluralName": "Japanese Restaurants", "primary": true, "shortName": "Japanese"}], "verified": false, "contact": {}, "allowMenuUrlEdit": true, "stats": {"tipCount": 2, "usersCount": 182, "checkinsCount": 246}, "id": "4fffcc2ee4b077c7a9d7d644", "name": "Pepper Lunch Express", "beenHere": {"lastCheckinExpiredAt": 0}}, "suffix": "/5E23UAAJLQ0KSTS2QV1CTSXNKQNA1XKDRO20LSAHBWEJQUHO.jpg", "visibility": "public"}, {"height": 720, "source": {"url": "https://foursquare.com/download/#/android", "name": "Foursquare for Android"}, "width": 540, "prefix": "https://igx.4sqi.net/img/general/", "createdAt": 1317453616, "id": "4e86bf30f7906a6feb01be01", "venue": {"venueRatingBlacklisted": true, "like": false, "location": {"isFuzzed": true, "cc": "SG", "country": "Singapore", "lat": 1.3405590269946484, "lng": 103.8506108525423, "formattedAddress": ["Singapore"]}, "categories": [{"icon": {"prefix": "https://ss3.4sqi.net/img/categories_v2/building/home_", "suffix": ".png"}, "name": "Home (private)", "id": "4bf58dd8d48988d103941735", "pluralName": "Homes (private)", "primary": true, "shortName": "Home"}], "verified": false, "contact": {}, "beenHere": {"lastCheckinExpiredAt": 0}, "stats": {"tipCount": 0, "usersCount": 1, "checkinsCount": 1}, "id": "4e86bec20aafef1f828ce74f", "name": "Nek BIbah Toa Payoh. 52."}, "suffix": "/VYEE0Z5KNKFA3VBVTXPYREQYEILRG0XESES5CSBXFGDFZUTD.jpg", "visibility": "public"}, {"height": 540, "source": {"url": "https://foursquare.com/download/#/android", "name": "Foursquare for Android"}, "width": 720, "prefix": "https://igx.4sqi.net/img/general/", "createdAt": 1316979623, "id": "4e7f83a76da1185e298ada59", "venue": {"venueRatingBlacklisted": true, "like": false, "location": {"isFuzzed": true, "cc": "SG", "country": "Singapore", "lat": 1.3309897987229353, "lng": 103.885400718162, "formattedAddress": ["Singapore"]}, "categories": [{"icon": {"prefix": "https://ss3.4sqi.net/img/categories_v2/building/home_", "suffix": ".png"}, "name": "Home (private)", "id": "4bf58dd8d48988d103941735", "pluralName": "Homes (private)", "primary": true, "shortName": "Home"}], "verified": false, "contact": {}, "beenHere": {"lastCheckinExpiredAt": 0}, "stats": {"tipCount": 1, "usersCount": 1, "checkinsCount": 17}, "id": "4e45ff3618a8f9804cc353d8", "name": "*^ E Room Of Heaven ^*"}, "suffix": "/4JGYK1C1TSWI5PGYR3TUIULLSHVJ5O2LIL4VWYTL4JU3SBKM.jpg", "visibility": "public"}, {"height": 540, "source": {"url": "https://foursquare.com/download/#/android", "name": "Foursquare for Android"}, "width": 720, "prefix": "https://igx.4sqi.net/img/general/", "createdAt": 1316952195, "id": "4e7f188393ad45d60918995f", "venue": {"venueRatingBlacklisted": true, "like": false, "location": {"isFuzzed": true, "cc": "SG", "country": "Singapore", "lat": 1.3309897987229353, "lng": 103.885400718162, "formattedAddress": ["Singapore"]}, "categories": [{"icon": {"prefix": "https://ss3.4sqi.net/img/categories_v2/building/home_", "suffix": ".png"}, "name": "Home (private)", "id": "4bf58dd8d48988d103941735", "pluralName": "Homes (private)", "primary": true, "shortName": "Home"}], "verified": false, "contact": {}, "beenHere": {"lastCheckinExpiredAt": 0}, "stats": {"tipCount": 0, "usersCount": 1, "checkinsCount": 22}, "id": "4e45f47345dd2955e591efa8", "name": "*{ Istanaku Menantiku Pasti }*"}, "suffix": "/E0MEU4LWER0H15K3MEZZTU5FHCBS0N3X5VV0ESAQNX5ZKMUK.jpg", "visibility": "public"}, {"height": 720, "source": {"url": "https://foursquare.com/download/#/android", "name": "Foursquare for Android"}, "width": 540, "prefix": "https://igx.4sqi.net/img/general/", "createdAt": 1316938990, "id": "4e7ee4ee2c5bd48c24c14409", "venue": {"location": {"formattedAddress": ["#B1-09 Plaza Singapura (68 Orchard Rd.)", "238839", "Singapore"], "city": "Singapore", "lng": 103.84536981582642, "cc": "SG", "country": "Singapore", "lat": 1.300116057074223, "address": "#B1-09 Plaza Singapura", "crossStreet": "68 Orchard Rd.", "postalCode": "238839"}, "contact": {"formattedPhone": "+65 6836 6868", "phone": "+6568366868"}, "verified": false, "allowMenuUrlEdit": true, "stats": {"tipCount": 15, "usersCount": 3129, "checkinsCount": 5412}, "id": "4b6ab51ff964a520e7dc2be3", "url": "http://www.carrefour.com.sg", "closed": true, "like": false, "categories": [{"icon": {"prefix": "https://ss3.4sqi.net/img/categories_v2/shops/food_grocery_", "suffix": ".png"}, "name": "Grocery Store", "id": "4bf58dd8d48988d118951735", "pluralName": "Grocery Stores", "primary": true, "shortName": "Grocery Store"}], "beenHere": {"lastCheckinExpiredAt": 0}, "name": "Carrefour"}, "suffix": "/2OMFAAK5ANDQQ5JQRQWIOBW5KWQ10K4F132TODDQP0T1YIWZ.jpg", "visibility": "public"}, {"height": 540, "source": {"url": "https://foursquare.com/download/#/android", "name": "Foursquare for Android"}, "width": 720, "prefix": "https://igx.4sqi.net/img/general/", "createdAt": 1316875132, "id": "4e7deb7c0aaf586ebaf5ef8d", "venue": {"venueRatingBlacklisted": true, "like": false, "location": {"cc": "SG", "country": "Singapore", "lat": 1.3281043, "lng": 103.8858268, "labeledLatLngs": [{"label": "display", "lat": 1.3281043, "lng": 103.8858268}], "formattedAddress": ["Singapore"]}, "categories": [{"icon": {"prefix": "https://ss3.4sqi.net/img/categories_v2/building/apartment_", "suffix": ".png"}, "name": "Residential Building (Apartment / Condo)", "id": "4d954b06a243a5684965b473", "pluralName": "Residential Buildings (Apartments / Condos)", "primary": true, "shortName": "Residential"}], "verified": false, "contact": {}, "beenHere": {"lastCheckinExpiredAt": 0}, "stats": {"tipCount": 1, "usersCount": 2, "checkinsCount": 11}, "id": "4e4714ab52b1bac0d9805683", "name": "*@ Dy's Kitchen Cooking Time *@"}, "suffix": "/BRCWKZCRWY5FMY0WBARPGBF254HTDVGVPVV2XUP2QN4G5MAM.jpg", "visibility": "public"}, {"height": 540, "source": {"url": "https://foursquare.com/download/#/android", "name": "Foursquare for Android"}, "width": 720, "prefix": "https://igx.4sqi.net/img/general/", "createdAt": 1316875019, "id": "4e7deb0b722eb8020055ea76", "venue": {"venueRatingBlacklisted": true, "like": false, "location": {"isFuzzed": true, "cc": "SG", "country": "Singapore", "lat": 1.3309897987229353, "lng": 103.885400718162, "formattedAddress": ["Singapore"]}, "categories": [{"icon": {"prefix": "https://ss3.4sqi.net/img/categories_v2/building/home_", "suffix": ".png"}, "name": "Home (private)", "id": "4bf58dd8d48988d103941735", "pluralName": "Homes (private)", "primary": true, "shortName": "Home"}], "verified": false, "contact": {}, "beenHere": {"lastCheckinExpiredAt": 0}, "stats": {"tipCount": 0, "usersCount": 1, "checkinsCount": 22}, "id": "4e45f47345dd2955e591efa8", "name": "*{ Istanaku Menantiku Pasti }*"}, "suffix": "/E0335YB4WVEV1JHJJ21PN3QZMR5VAQPJ3HMRTWVNLX5SYOTE.jpg", "visibility": "public"}, {"height": 540, "source": {"url": "https://foursquare.com/download/#/android", "name": "Foursquare for Android"}, "width": 720, "prefix": "https://igx.4sqi.net/img/general/", "createdAt": 1316870256, "id": "4e7dd87061afc81f03b43e13", "venue": {"venueRatingBlacklisted": true, "like": false, "location": {"lng": 103.9416592, "cc": "SG", "country": "Singapore", "lat": 1.35018153, "address": "Tampiness Ave 5", "labeledLatLngs": [{"label": "display", "lat": 1.35018153, "lng": 103.9416592}], "formattedAddress": ["Tampiness Ave 5", "Singapore"]}, "categories": [{"icon": {"prefix": "https://ss3.4sqi.net/img/categories_v2/travel/busstation_", "suffix": ".png"}, "name": "Bus Line", "id": "4bf58dd8d48988d12b951735", "pluralName": "Bus Lines", "primary": true, "shortName": "Bus"}], "verified": false, "contact": {}, "beenHere": {"lastCheckinExpiredAt": 0}, "stats": {"tipCount": 0, "usersCount": 1, "checkinsCount": 1}, "id": "4e7dd74593ad000947eefe0b", "name": "Bustop Forward To Bedok"}, "suffix": "/OUIXYNHADLTLV1KZRXEHS1TBL5YQ0WNUOXS1GYGRXNHJXZTT.jpg", "visibility": "public"}, {"height": 720, "source": {"url": "https://foursquare.com/download/#/android", "name": "Foursquare for Android"}, "width": 540, "prefix": "https://igx.4sqi.net/img/general/", "createdAt": 1316865258, "id": "4e7dc4ea7ee671559af21a15", "venue": {"venueRatingBlacklisted": true, "like": false, "location": {"isFuzzed": true, "cc": "SG", "country": "Singapore", "lat": 1.3493903096201663, "lng": 103.94340350585274, "formattedAddress": ["Singapore"]}, "categories": [{"icon": {"prefix": "https://ss3.4sqi.net/img/categories_v2/building/home_", "suffix": ".png"}, "name": "Home (private)", "id": "4bf58dd8d48988d103941735", "pluralName": "Homes (private)", "primary": true, "shortName": "Home"}], "verified": false, "contact": {}, "beenHere": {"lastCheckinExpiredAt": 0}, "stats": {"tipCount": 0, "usersCount": 1, "checkinsCount": 1}, "id": "4e7dc4b302d5fbcadeaa2093", "name": "**Mas Mum's Crib*"}, "suffix": "/L24EWHRILC2YVPP4T3MBE0O1B20E1HMQUB00T5H4XA1XEGTL.jpg", "visibility": "public"}, {"height": 720, "source": {"url": "https://foursquare.com/download/#/android", "name": "Foursquare for Android"}, "tip": {"agreeCount": 0, "canonicalUrl": "https://foursquare.com/item/4e7d930902d588010e5aadd1", "todo": {"count": 0}, "logView": true, "disagreeCount": 0, "createdAt": 1316852489, "id": "4e7d930902d588010e5aadd1", "text": "I love my syurga", "likes": {"groups": [], "count": 0}, "like": false, "type": "user"}, "width": 540, "prefix": "https://igx.4sqi.net/img/general/", "createdAt": 1316852494, "id": "4e7d930e775b192ba1e14fbc", "venue": {"venueRatingBlacklisted": true, "like": false, "location": {"isFuzzed": true, "cc": "SG", "country": "Singapore", "lat": 1.3309897987229353, "lng": 103.885400718162, "formattedAddress": ["Singapore"]}, "categories": [{"icon": {"prefix": "https://ss3.4sqi.net/img/categories_v2/building/home_", "suffix": ".png"}, "name": "Home (private)", "id": "4bf58dd8d48988d103941735", "pluralName": "Homes (private)", "primary": true, "shortName": "Home"}], "verified": false, "contact": {}, "beenHere": {"lastCheckinExpiredAt": 0}, "stats": {"tipCount": 0, "usersCount": 1, "checkinsCount": 22}, "id": "4e45f47345dd2955e591efa8", "name": "*{ Istanaku Menantiku Pasti }*"}, "suffix": "/ORWQUL03YULBERJE3Z2SZKLVFNPGIADCXWD1FA3UV5EGD4JI.jpg", "visibility": "public"}, {"height": 720, "source": {"url": "https://foursquare.com/download/#/android", "name": "Foursquare for Android"}, "width": 540, "prefix": "https://igx.4sqi.net/img/general/", "createdAt": 1316852447, "id": "4e7d92dfb8f7409f7dbd707b", "venue": {"venueRatingBlacklisted": true, "like": false, "location": {"isFuzzed": true, "cc": "SG", "country": "Singapore", "lat": 1.3309897987229353, "lng": 103.885400718162, "formattedAddress": ["Singapore"]}, "categories": [{"icon": {"prefix": "https://ss3.4sqi.net/img/categories_v2/building/home_", "suffix": ".png"}, "name": "Home (private)", "id": "4bf58dd8d48988d103941735", "pluralName": "Homes (private)", "primary": true, "shortName": "Home"}], "verified": false, "contact": {}, "beenHere": {"lastCheckinExpiredAt": 0}, "stats": {"tipCount": 0, "usersCount": 1, "checkinsCount": 22}, "id": "4e45f47345dd2955e591efa8", "name": "*{ Istanaku Menantiku Pasti }*"}, "suffix": "/EOQHB2XHNHTLQV2CMJJFERLAAYK4WDJWXUHNHMOK1RWUSGEE.jpg", "visibility": "public"}, {"height": 720, "source": {"url": "https://foursquare.com/download/#/android", "name": "Foursquare for Android"}, "width": 540, "prefix": "https://igx.4sqi.net/img/general/", "createdAt": 1316851699, "id": "4e7d8ff346906ba64f305a78", "venue": {"venueRatingBlacklisted": true, "like": false, "location": {"isFuzzed": true, "cc": "VN", "country": "Vi\u1ec7t Nam", "lat": 21.927822206294028, "lng": 103.13366933481164, "formattedAddress": ["Vi\u1ec7t Nam"]}, "categories": [{"icon": {"prefix": "https://ss3.4sqi.net/img/categories_v2/building/home_", "suffix": ".png"}, "name": "Home (private)", "id": "4bf58dd8d48988d103941735", "pluralName": "Homes (private)", "primary": true, "shortName": "Home"}], "verified": false, "contact": {}, "beenHere": {"lastCheckinExpiredAt": 0}, "stats": {"tipCount": 0, "usersCount": 0, "checkinsCount": 0}, "id": "4e7d8f95f5b9d823e96f29a1", "name": "**Elle's Crib**"}, "suffix": "/VGPHPN2IOIGVPUW3PZ3RHEY50W4EGRGQ0CU1AJMGBQKPSI3C.jpg", "visibility": "public"}, {"height": 540, "source": {"url": "https://foursquare.com/download/#/android", "name": "Foursquare for Android"}, "width": 720, "prefix": "https://igx.4sqi.net/img/general/", "createdAt": 1316850526, "id": "4e7d8b5e5c5c72892c1a56a7", "venue": {"url": "http://www.smrt.com.sg", "like": false, "location": {"formattedAddress": ["171 Paya Lebar Road", "409048", "Singapore"], "city": "Singapore", "lng": 103.89006614685059, "cc": "SG", "country": "Singapore", "lat": 1.3261202162149293, "address": "171 Paya Lebar Road", "labeledLatLngs": [{"label": "display", "lat": 1.3261202162149293, "lng": 103.89006614685059}], "postalCode": "409048"}, "categories": [{"icon": {"prefix": "https://ss3.4sqi.net/img/categories_v2/travel/subway_", "suffix": ".png"}, "name": "Metro Station", "id": "4bf58dd8d48988d1fd931735", "pluralName": "Metro Stations", "primary": true, "shortName": "Metro"}], "verified": false, "contact": {"formattedPhone": "+65 1800 336 8900", "twitter": "smrt_singapore", "phone": "+6518003368900"}, "beenHere": {"lastCheckinExpiredAt": 0}, "stats": {"tipCount": 23, "usersCount": 4879, "checkinsCount": 23912}, "id": "4bc9288a511f95219058adc7", "name": "MacPherson MRT Station (CC10/DT26)", "venueRatingBlacklisted": true}, "suffix": "/J00ECEUW1MEXSSLSD5W5HZQV3VDFNNXYPK3LVQRCYEOUKX2O.jpg", "visibility": "public"}, {"height": 540, "source": {"url": "https://foursquare.com/download/#/android", "name": "Foursquare for Android"}, "width": 720, "prefix": "https://igx.4sqi.net/img/general/", "createdAt": 1316849819, "id": "4e7d889b02d588010e5700c9", "venue": {"url": "http://www.smrt.com.sg", "like": false, "location": {"formattedAddress": ["30 Paya Lebar Road", "409006", "Singapore"], "city": "Singapore", "lng": 103.89263556518362, "cc": "SG", "country": "Singapore", "lat": 1.3181444561203155, "address": "30 Paya Lebar Road", "postalCode": "409006"}, "categories": [{"icon": {"prefix": "https://ss3.4sqi.net/img/categories_v2/travel/trainstation_", "suffix": ".png"}, "name": "Train Station", "id": "4bf58dd8d48988d129951735", "pluralName": "Train Stations", "primary": true, "shortName": "Train Station"}], "verified": false, "contact": {"formattedPhone": "+65 1800 336 8900", "twitter": "smrt_singapore", "phone": "+6518003368900"}, "beenHere": {"lastCheckinExpiredAt": 0}, "stats": {"tipCount": 100, "usersCount": 24069, "checkinsCount": 108770}, "id": "4b139fb0f964a5201b9823e3", "name": "Paya Lebar MRT Interchange (EW8/CC9)"}, "suffix": "/AFJH0QSMMY5V0KPO1MWXIFF34TF4NPHFRBHQ0XOFX200HO5W.jpg", "visibility": "public"}, {"height": 540, "source": {"url": "https://foursquare.com/download/#/android", "name": "Foursquare for Android"}, "width": 720, "prefix": "https://igx.4sqi.net/img/general/", "createdAt": 1316844838, "id": "4e7d75266da1b65a48aa4e3b", "venue": {"like": false, "location": {"city": "Singapore", "lng": 103.88679668817149, "cc": "SG", "country": "Singapore", "lat": 1.328680931042253, "address": "36 Circuit Rd", "labeledLatLngs": [{"label": "display", "lat": 1.328680931042253, "lng": 103.88679668817149}], "formattedAddress": ["36 Circuit Rd", "Singapore"]}, "categories": [{"icon": {"prefix": "https://ss3.4sqi.net/img/categories_v2/travel/busstation_", "suffix": ".png"}, "name": "Bus Station", "id": "4bf58dd8d48988d1fe931735", "pluralName": "Bus Stations", "primary": true, "shortName": "Bus Station"}], "verified": false, "contact": {}, "beenHere": {"lastCheckinExpiredAt": 0}, "stats": {"tipCount": 0, "usersCount": 138, "checkinsCount": 695}, "id": "4c8ef3e64e95236acc6d80ca", "name": "Bus Stop 70181"}, "suffix": "/FIGWGG2L4SVTU2OTT50U2OI4RIXXH5FQX4TIVZOULLM21TYN.jpg", "visibility": "public"}, {"height": 720, "source": {"url": "https://foursquare.com/download/#/android", "name": "Foursquare for Android"}, "tip": {"agreeCount": 0, "canonicalUrl": "https://foursquare.com/item/4e7d68b4be7b902cff8653da", "todo": {"count": 0}, "logView": true, "disagreeCount": 0, "createdAt": 1316841652, "id": "4e7d68b4be7b902cff8653da", "text": "My fav bilik air w my fav toiletries...", "likes": {"groups": [], "count": 0}, "like": false, "type": "user"}, "width": 540, "prefix": "https://igx.4sqi.net/img/general/", "createdAt": 1316841660, "id": "4e7d68bc7ee671559acfc5be", "venue": {"venueRatingBlacklisted": true, "like": false, "location": {"cc": "SG", "country": "Singapore", "lat": 1.3281145, "lng": 103.8859046, "labeledLatLngs": [{"label": "display", "lat": 1.3281145, "lng": 103.8859046}], "formattedAddress": ["Singapore"]}, "categories": [{"icon": {"prefix": "https://ss3.4sqi.net/img/categories_v2/building/eventspace_", "suffix": ".png"}, "name": "Event Space", "id": "4bf58dd8d48988d171941735", "pluralName": "Event Spaces", "primary": true, "shortName": "Event Space"}], "verified": false, "contact": {}, "beenHere": {"lastCheckinExpiredAt": 0}, "stats": {"tipCount": 3, "usersCount": 2, "checkinsCount": 13}, "id": "4e4c5ca3ae60bb5012648dd8", "name": "* Dy's Bilik Termenung *"}, "suffix": "/0Z1SG50ZAE5A2EUHLXGFYM04SIHWBRM5R0YMP0ZQVP5R1EQR.jpg", "visibility": "public"}, {"height": 540, "source": {"url": "https://foursquare.com/download/#/android", "name": "Foursquare for Android"}, "width": 720, "prefix": "https://igx.4sqi.net/img/general/", "createdAt": 1316841561, "id": "4e7d68595c5c2c1e7d9f0690", "venue": {"venueRatingBlacklisted": true, "like": false, "location": {"cc": "SG", "country": "Singapore", "lat": 1.3281145, "lng": 103.8859046, "labeledLatLngs": [{"label": "display", "lat": 1.3281145, "lng": 103.8859046}], "formattedAddress": ["Singapore"]}, "categories": [{"icon": {"prefix": "https://ss3.4sqi.net/img/categories_v2/building/eventspace_", "suffix": ".png"}, "name": "Event Space", "id": "4bf58dd8d48988d171941735", "pluralName": "Event Spaces", "primary": true, "shortName": "Event Space"}], "verified": false, "contact": {}, "beenHere": {"lastCheckinExpiredAt": 0}, "stats": {"tipCount": 3, "usersCount": 2, "checkinsCount": 13}, "id": "4e4c5ca3ae60bb5012648dd8", "name": "* Dy's Bilik Termenung *"}, "suffix": "/1MD20HVIPYVGZ5R1HSK0OAG5B3YEUS4QEMM3NZTJ4TD4H2C5.jpg", "visibility": "public"}, {"height": 540, "source": {"url": "https://foursquare.com/download/#/android", "name": "Foursquare for Android"}, "width": 720, "prefix": "https://igx.4sqi.net/img/general/", "createdAt": 1316841483, "id": "4e7d680b6da1b65a48a5641a", "venue": {"venueRatingBlacklisted": true, "like": false, "location": {"cc": "SG", "country": "Singapore", "lat": 1.3281043, "lng": 103.8858268, "labeledLatLngs": [{"label": "display", "lat": 1.3281043, "lng": 103.8858268}], "formattedAddress": ["Singapore"]}, "categories": [{"icon": {"prefix": "https://ss3.4sqi.net/img/categories_v2/building/apartment_", "suffix": ".png"}, "name": "Residential Building (Apartment / Condo)", "id": "4d954b06a243a5684965b473", "pluralName": "Residential Buildings (Apartments / Condos)", "primary": true, "shortName": "Residential"}], "verified": false, "contact": {}, "beenHere": {"lastCheckinExpiredAt": 0}, "stats": {"tipCount": 1, "usersCount": 2, "checkinsCount": 11}, "id": "4e4714ab52b1bac0d9805683", "name": "*@ Dy's Kitchen Cooking Time *@"}, "suffix": "/GVUP0TQZ5LCPEI31U5RQTMRVDB12O1EROOLX5T0CMMYGOBW0.jpg", "visibility": "public"}, {"height": 720, "source": {"url": "https://foursquare.com/download/#/android", "name": "Foursquare for Android"}, "tip": {"agreeCount": 0, "canonicalUrl": "https://foursquare.com/item/4e4c5d4eaeb77d4a40db7eb9", "todo": {"count": 0}, "logView": true, "disagreeCount": 0, "createdAt": 1313627470, "id": "4e4c5d4eaeb77d4a40db7eb9", "text": "Kadang smpi lupa da berak ke belum.lol!!!!", "likes": {"groups": [], "count": 0}, "like": false, "type": "user"}, "width": 542, "prefix": "https://igx.4sqi.net/img/general/", "createdAt": 1313627479, "id": "4e4c5d57c65bba8554cfa276", "venue": {"venueRatingBlacklisted": true, "like": false, "location": {"cc": "SG", "country": "Singapore", "lat": 1.3281145, "lng": 103.8859046, "labeledLatLngs": [{"label": "display", "lat": 1.3281145, "lng": 103.8859046}], "formattedAddress": ["Singapore"]}, "categories": [{"icon": {"prefix": "https://ss3.4sqi.net/img/categories_v2/building/eventspace_", "suffix": ".png"}, "name": "Event Space", "id": "4bf58dd8d48988d171941735", "pluralName": "Event Spaces", "primary": true, "shortName": "Event Space"}], "verified": false, "contact": {}, "beenHere": {"lastCheckinExpiredAt": 0}, "stats": {"tipCount": 3, "usersCount": 2, "checkinsCount": 13}, "id": "4e4c5ca3ae60bb5012648dd8", "name": "* Dy's Bilik Termenung *"}, "suffix": "/IGEUUWO50VYKGMC2WUQEYKPTYQ4D1DTABII2EUEAWIVLWCGJ.jpg", "visibility": "public"}, {"height": 720, "source": {"url": "https://foursquare.com/download/#/android", "name": "Foursquare for Android"}, "tip": {"agreeCount": 0, "canonicalUrl": "https://foursquare.com/item/4e4c5d1345dd985b5008fe0e", "todo": {"count": 0}, "logView": true, "disagreeCount": 0, "createdAt": 1313627411, "id": "4e4c5d1345dd985b5008fe0e", "text": "Fav Place To Termenung, watsapp, viber, n berak kencing al here!!!!", "likes": {"groups": [], "count": 0}, "like": false, "type": "user"}, "width": 542, "prefix": "https://igx.4sqi.net/img/general/", "createdAt": 1313627423, "id": "4e4c5d1fc65bba8554cf9f1a", "venue": {"venueRatingBlacklisted": true, "like": false, "location": {"cc": "SG", "country": "Singapore", "lat": 1.3281145, "lng": 103.8859046, "labeledLatLngs": [{"label": "display", "lat": 1.3281145, "lng": 103.8859046}], "formattedAddress": ["Singapore"]}, "categories": [{"icon": {"prefix": "https://ss3.4sqi.net/img/categories_v2/building/eventspace_", "suffix": ".png"}, "name": "Event Space", "id": "4bf58dd8d48988d171941735", "pluralName": "Event Spaces", "primary": true, "shortName": "Event Space"}], "verified": false, "contact": {}, "beenHere": {"lastCheckinExpiredAt": 0}, "stats": {"tipCount": 3, "usersCount": 2, "checkinsCount": 13}, "id": "4e4c5ca3ae60bb5012648dd8", "name": "* Dy's Bilik Termenung *"}, "suffix": "/4GVYMVG2JBEU4BGSOIHJ2S4CG5PXAC2TZZ5QGTKLMV15MPTB.jpg", "visibility": "public"}, {"height": 720, "source": {"url": "https://foursquare.com/download/#/android", "name": "Foursquare for Android"}, "width": 542, "prefix": "https://igx.4sqi.net/img/general/", "createdAt": 1313627349, "id": "4e4c5cd5fa769ce595b04c78", "venue": {"venueRatingBlacklisted": true, "like": false, "location": {"cc": "SG", "country": "Singapore", "lat": 1.3281145, "lng": 103.8859046, "labeledLatLngs": [{"label": "display", "lat": 1.3281145, "lng": 103.8859046}], "formattedAddress": ["Singapore"]}, "categories": [{"icon": {"prefix": "https://ss3.4sqi.net/img/categories_v2/building/eventspace_", "suffix": ".png"}, "name": "Event Space", "id": "4bf58dd8d48988d171941735", "pluralName": "Event Spaces", "primary": true, "shortName": "Event Space"}], "verified": false, "contact": {}, "beenHere": {"lastCheckinExpiredAt": 0}, "stats": {"tipCount": 3, "usersCount": 2, "checkinsCount": 13}, "id": "4e4c5ca3ae60bb5012648dd8", "name": "* Dy's Bilik Termenung *"}, "suffix": "/N24SW0W4ZT00SMCR0UNXQOLQ2W44OV2GLU0Z0RUEXFSZHZ0T.jpg", "visibility": "public"}, {"height": 720, "source": {"url": "https://foursquare.com/download/#/android", "name": "Foursquare for Android"}, "width": 542, "prefix": "https://igx.4sqi.net/img/general/", "createdAt": 1313601961, "id": "4e4bf9a914958c3abfaea09e", "venue": {"like": false, "location": {"city": "Singapore", "lng": 103.88653618152918, "cc": "SG", "country": "Singapore", "lat": 1.3216570723297614, "address": "Geylang East Central", "labeledLatLngs": [{"label": "display", "lat": 1.3216570723297614, "lng": 103.88653618152918}], "formattedAddress": ["Geylang East Central", "Singapore"]}, "categories": [{"icon": {"prefix": "https://ss3.4sqi.net/img/categories_v2/shops/food_grocery_", "suffix": ".png"}, "name": "Supermarket", "id": "52f2ab2ebcbc57f1066b8b46", "pluralName": "Supermarkets", "primary": true, "shortName": "Supermarket"}], "verified": false, "contact": {}, "allowMenuUrlEdit": true, "stats": {"tipCount": 0, "usersCount": 57, "checkinsCount": 182}, "id": "4d4e69fba0b0a093f69e4d83", "name": "NTUC Fairprice", "beenHere": {"lastCheckinExpiredAt": 0}}, "suffix": "/XEK51FZJXUSAC2D0I45Z5OKYDD30HJCXJZIEPTMZP33CCWVN.jpg", "visibility": "public"}, {"height": 720, "source": {"url": "https://foursquare.com/download/#/android", "name": "Foursquare for Android"}, "width": 542, "prefix": "https://igx.4sqi.net/img/general/", "createdAt": 1313601789, "id": "4e4bf8fd8877da63966b9b5e", "venue": {"url": "http://www.lta.gov.sg", "like": false, "location": {"city": "Singapore", "cc": "SG", "country": "Singapore", "lat": 1.3297198466020954, "lng": 103.84717226028442, "formattedAddress": ["Singapore"]}, "categories": [{"icon": {"prefix": "https://ss3.4sqi.net/img/categories_v2/travel/highway_", "suffix": ".png"}, "name": "Road", "id": "4bf58dd8d48988d1f9931735", "pluralName": "Roads", "primary": true, "shortName": "Road"}], "verified": false, "contact": {"formattedPhone": "+65 1800 225 5582", "twitter": "ltasg", "phone": "+6518002255582"}, "beenHere": {"lastCheckinExpiredAt": 0}, "stats": {"tipCount": 78, "usersCount": 13232, "checkinsCount": 46362}, "id": "4c14ede6a1010f471a1d4d18", "name": "Pan Island Expressway (PIE)", "venueRatingBlacklisted": true}, "suffix": "/DVRU4HZS4L50BKZHBA5K3DNO1UZYF44PUYEF0RMYWELB335Q.jpg", "visibility": "public"}, {"height": 720, "source": {"url": "https://foursquare.com/download/#/android", "name": "Foursquare for Android"}, "width": 542, "prefix": "https://igx.4sqi.net/img/general/", "createdAt": 1313601085, "id": "4e4bf63db61c745d8af66b8b", "venue": {"venueRatingBlacklisted": true, "like": false, "location": {"cc": "SG", "country": "Singapore", "lat": 1.327772, "lng": 103.88885, "labeledLatLngs": [{"label": "display", "lat": 1.327772, "lng": 103.88885}], "formattedAddress": ["Singapore"]}, "categories": [{"icon": {"prefix": "https://ss3.4sqi.net/img/categories_v2/building/default_", "suffix": ".png"}, "name": "Building", "id": "4bf58dd8d48988d130941735", "pluralName": "Buildings", "primary": true, "shortName": "Building"}], "verified": false, "contact": {}, "beenHere": {"lastCheckinExpiredAt": 0}, "stats": {"tipCount": 0, "usersCount": 2, "checkinsCount": 3}, "id": "4e47928d62e148603b822cfc", "name": "Blk 71"}, "suffix": "/GMMHNBIBFBK45ZOIE21HQ331UGRR1AOIMBBRV0RCPVS4ERTN.jpg", "visibility": "public"}, {"height": 720, "source": {"url": "https://foursquare.com/download/#/android", "name": "Foursquare for Android"}, "width": 542, "prefix": "https://igx.4sqi.net/img/general/", "createdAt": 1313518558, "id": "4e4ab3de45dd81ecad906c10", "venue": {"venueRatingBlacklisted": true, "like": false, "location": {"isFuzzed": true, "cc": "SG", "country": "Singapore", "lat": 1.3309897987229353, "lng": 103.885400718162, "formattedAddress": ["Singapore"]}, "categories": [{"icon": {"prefix": "https://ss3.4sqi.net/img/categories_v2/building/home_", "suffix": ".png"}, "name": "Home (private)", "id": "4bf58dd8d48988d103941735", "pluralName": "Homes (private)", "primary": true, "shortName": "Home"}], "verified": false, "contact": {}, "beenHere": {"lastCheckinExpiredAt": 0}, "stats": {"tipCount": 1, "usersCount": 1, "checkinsCount": 17}, "id": "4e45ff3618a8f9804cc353d8", "name": "*^ E Room Of Heaven ^*"}, "suffix": "/WSWBV2VFG3PVINJER2RONB1SG4CNLGFD41LTGKEUA1XR4L11.jpg", "visibility": "public"}, {"height": 720, "source": {"url": "https://foursquare.com/download/#/android", "name": "Foursquare for Android"}, "width": 542, "prefix": "https://igx.4sqi.net/img/general/", "createdAt": 1313511575, "id": "4e4a98972271ac3f6bd67221", "venue": {"url": "http://remembersingapore.org/geylang-serai-malay-village/", "like": false, "location": {"formattedAddress": ["39 Geylang Serai", "409227", "Singapore"], "city": "Singapore", "lng": 103.89644144662343, "cc": "SG", "country": "Singapore", "lat": 1.3166865051112888, "address": "39 Geylang Serai", "labeledLatLngs": [{"label": "display", "lat": 1.3166865051112888, "lng": 103.89644144662343}], "postalCode": "409227"}, "categories": [{"icon": {"prefix": "https://ss3.4sqi.net/img/categories_v2/food/malaysian_", "suffix": ".png"}, "name": "Malay Restaurant", "id": "4bf58dd8d48988d156941735", "pluralName": "Malay Restaurants", "primary": true, "shortName": "Malay"}], "verified": false, "contact": {}, "allowMenuUrlEdit": true, "stats": {"tipCount": 5, "usersCount": 1402, "checkinsCount": 1944}, "id": "4b05880ef964a520b3ae22e3", "name": "Geylang Serai Malay Village", "beenHere": {"lastCheckinExpiredAt": 0}}, "suffix": "/PYBLMIPXRA23WIIWSIUNN1RQZHMBDMCI5WYLC3EDREVX1KM0.jpg", "visibility": "public"}, {"height": 542, "source": {"url": "https://foursquare.com/download/#/android", "name": "Foursquare for Android"}, "width": 720, "prefix": "https://igx.4sqi.net/img/general/", "createdAt": 1313496581, "id": "4e4a5e0518a83cda37daabed", "venue": {"like": false, "location": {"city": "Singapore", "lng": 103.89654636383057, "cc": "SG", "country": "Singapore", "crossStreet": "Sims Ave", "lat": 1.3161407606586317, "address": "Geylang Rd", "labeledLatLngs": [{"label": "display", "lat": 1.3161407606586317, "lng": 103.89654636383057}], "formattedAddress": ["Geylang Rd (Sims Ave)", "Singapore"]}, "categories": [{"icon": {"prefix": "https://ss3.4sqi.net/img/categories_v2/shops/fleamarket_", "suffix": ".png"}, "name": "Flea Market", "id": "4bf58dd8d48988d1f7941735", "pluralName": "Flea Markets", "primary": true, "shortName": "Flea Market"}], "verified": false, "contact": {}, "allowMenuUrlEdit": true, "stats": {"tipCount": 49, "usersCount": 7919, "checkinsCount": 14951}, "id": "4c5e7d986ebe2d7f0edfd52e", "name": "Geylang Serai Ramadhan Bazaar", "beenHere": {"lastCheckinExpiredAt": 0}}, "suffix": "/FUPTDBEH3XULOXSQJWHU5A1ZHLNPKCGX4LI1UCHALC2STY2C.jpg", "visibility": "public"}, {"height": 720, "source": {"url": "https://foursquare.com/download/#/android", "name": "Foursquare for Android"}, "width": 542, "prefix": "https://igx.4sqi.net/img/general/", "createdAt": 1313495510, "id": "4e4a59d62271ac3f6bd2f8d2", "venue": {"url": "http://www.smrt.com.sg", "like": false, "location": {"formattedAddress": ["171 Paya Lebar Road", "409048", "Singapore"], "city": "Singapore", "lng": 103.89006614685059, "cc": "SG", "country": "Singapore", "lat": 1.3261202162149293, "address": "171 Paya Lebar Road", "labeledLatLngs": [{"label": "display", "lat": 1.3261202162149293, "lng": 103.89006614685059}], "postalCode": "409048"}, "categories": [{"icon": {"prefix": "https://ss3.4sqi.net/img/categories_v2/travel/subway_", "suffix": ".png"}, "name": "Metro Station", "id": "4bf58dd8d48988d1fd931735", "pluralName": "Metro Stations", "primary": true, "shortName": "Metro"}], "verified": false, "contact": {"formattedPhone": "+65 1800 336 8900", "twitter": "smrt_singapore", "phone": "+6518003368900"}, "beenHere": {"lastCheckinExpiredAt": 0}, "stats": {"tipCount": 23, "usersCount": 4879, "checkinsCount": 23912}, "id": "4bc9288a511f95219058adc7", "name": "MacPherson MRT Station (CC10/DT26)", "venueRatingBlacklisted": true}, "suffix": "/04WIWBXYUECP4Q5GU0GNW1MUS2I2QOSG34FN4U2SGLCVW1KM.jpg", "visibility": "public"}, {"height": 720, "source": {"url": "https://foursquare.com/download/#/android", "name": "Foursquare for Android"}, "width": 542, "prefix": "https://igx.4sqi.net/img/general/", "createdAt": 1313471206, "id": "4e49fae652b11cf651ad1587", "venue": {"venueRatingBlacklisted": true, "like": false, "location": {"cc": "SG", "country": "Singapore", "lat": 1.3198775053024292, "lng": 103.88586580753326, "labeledLatLngs": [{"label": "display", "lat": 1.3198775053024292, "lng": 103.88586580753326}], "formattedAddress": ["Singapore"]}, "categories": [{"icon": {"prefix": "https://ss3.4sqi.net/img/categories_v2/education/studentcenter_", "suffix": ".png"}, "name": "Student Center", "id": "4bf58dd8d48988d1ab941735", "pluralName": "Student Centers", "primary": true, "shortName": "Student Center"}], "verified": false, "contact": {}, "beenHere": {"lastCheckinExpiredAt": 0}, "stats": {"tipCount": 0, "usersCount": 1, "checkinsCount": 3}, "id": "4e48ae16e4cd9d94fb3fad72", "name": "Pcf Block 108"}, "suffix": "/1XHXXC4Q1DFH2HLJSGXWHUFVVV2SQ2TC3W3IFZT5FXKV2ZKL.jpg", "visibility": "public"}, {"height": 720, "source": {"url": "https://foursquare.com/download/#/android", "name": "Foursquare for Android"}, "width": 542, "prefix": "https://igx.4sqi.net/img/general/", "createdAt": 1313399525, "id": "4e48e2e51f6e29f10dc54f8f", "venue": {"venueRatingBlacklisted": true, "like": false, "location": {"cc": "SG", "country": "Singapore", "lat": 1.3198775053024292, "lng": 103.88586580753326, "labeledLatLngs": [{"label": "display", "lat": 1.3198775053024292, "lng": 103.88586580753326}], "formattedAddress": ["Singapore"]}, "categories": [{"icon": {"prefix": "https://ss3.4sqi.net/img/categories_v2/education/studentcenter_", "suffix": ".png"}, "name": "Student Center", "id": "4bf58dd8d48988d1ab941735", "pluralName": "Student Centers", "primary": true, "shortName": "Student Center"}], "verified": false, "contact": {}, "beenHere": {"lastCheckinExpiredAt": 0}, "stats": {"tipCount": 0, "usersCount": 1, "checkinsCount": 3}, "id": "4e48ae16e4cd9d94fb3fad72", "name": "Pcf Block 108"}, "suffix": "/QIFYFJGT23DUGDQ1GXUB0RTWXZWYTNQTRH14GIUTF1QRHKFD.jpg", "visibility": "public"}, {"height": 720, "source": {"url": "https://foursquare.com/download/#/android", "name": "Foursquare for Android"}, "width": 542, "prefix": "https://igx.4sqi.net/img/general/", "createdAt": 1313346257, "id": "4e4812d17d8b91a065a4c9ef", "venue": {"venueRatingBlacklisted": true, "like": false, "location": {"isFuzzed": true, "cc": "SG", "country": "Singapore", "lat": 1.3309897987229353, "lng": 103.885400718162, "formattedAddress": ["Singapore"]}, "categories": [{"icon": {"prefix": "https://ss3.4sqi.net/img/categories_v2/building/home_", "suffix": ".png"}, "name": "Home (private)", "id": "4bf58dd8d48988d103941735", "pluralName": "Homes (private)", "primary": true, "shortName": "Home"}], "verified": false, "contact": {}, "beenHere": {"lastCheckinExpiredAt": 0}, "stats": {"tipCount": 1, "usersCount": 1, "checkinsCount": 17}, "id": "4e45ff3618a8f9804cc353d8", "name": "*^ E Room Of Heaven ^*"}, "suffix": "/MCJXD0TK3TWZQSOR2JQJ014VK1F5XU50MYPXVV3MSY34Q2OL.jpg", "visibility": "public"}, {"height": 720, "source": {"url": "https://foursquare.com/download/#/android", "name": "Foursquare for Android"}, "width": 542, "prefix": "https://igx.4sqi.net/img/general/", "createdAt": 1313317094, "id": "4e47a0e6c65bd6ffbea1c9b9", "venue": {"venueRatingBlacklisted": true, "like": false, "location": {"isFuzzed": true, "cc": "SG", "country": "Singapore", "lat": 1.3309897987229353, "lng": 103.885400718162, "formattedAddress": ["Singapore"]}, "categories": [{"icon": {"prefix": "https://ss3.4sqi.net/img/categories_v2/building/home_", "suffix": ".png"}, "name": "Home (private)", "id": "4bf58dd8d48988d103941735", "pluralName": "Homes (private)", "primary": true, "shortName": "Home"}], "verified": false, "contact": {}, "beenHere": {"lastCheckinExpiredAt": 0}, "stats": {"tipCount": 0, "usersCount": 1, "checkinsCount": 22}, "id": "4e45f47345dd2955e591efa8", "name": "*{ Istanaku Menantiku Pasti }*"}, "suffix": "/1NBKLN3GAJ5BDMAXOBMEOIWAPZL4EX4O2TCGPDATHC0VV1S4.jpg", "visibility": "public"}, {"height": 720, "source": {"url": "https://foursquare.com/download/#/android", "name": "Foursquare for Android"}, "width": 542, "prefix": "https://igx.4sqi.net/img/general/", "createdAt": 1313313033, "id": "4e479109e4cd9d94fb318e7b", "venue": {"like": false, "location": {"formattedAddress": ["79/79A Circuit Road", "370079", "Singapore"], "city": "Singapore", "lng": 103.88514304574436, "cc": "SG", "country": "Singapore", "lat": 1.3260037358953867, "address": "79/79A Circuit Road", "labeledLatLngs": [{"label": "display", "lat": 1.3260037358953867, "lng": 103.88514304574436}], "postalCode": "370079"}, "categories": [{"icon": {"prefix": "https://ss3.4sqi.net/img/categories_v2/shops/food_foodcourt_", "suffix": ".png"}, "name": "Food Court", "id": "4bf58dd8d48988d120951735", "pluralName": "Food Courts", "primary": true, "shortName": "Food Court"}], "verified": false, "contact": {}, "allowMenuUrlEdit": true, "stats": {"tipCount": 111, "usersCount": 3901, "checkinsCount": 11348}, "id": "4c04f1b4187ec928c4a5b77b", "name": "Circuit Road Hawker Centre", "beenHere": {"lastCheckinExpiredAt": 0}}, "suffix": "/0HJGFKWRGHHBD5ODQPRGJAI5N123NEP4ZAJZ12SPNTV20FDN.jpg", "visibility": "public"}, {"height": 720, "source": {"url": "https://foursquare.com/download/#/android", "name": "Foursquare for Android"}, "width": 542, "prefix": "https://igx.4sqi.net/img/general/", "createdAt": 1313263718, "id": "4e46d06652b1bac0d97beafd", "venue": {"venueRatingBlacklisted": true, "like": false, "location": {"isFuzzed": true, "cc": "SG", "country": "Singapore", "lat": 1.3309897987229353, "lng": 103.885400718162, "formattedAddress": ["Singapore"]}, "categories": [{"icon": {"prefix": "https://ss3.4sqi.net/img/categories_v2/building/home_", "suffix": ".png"}, "name": "Home (private)", "id": "4bf58dd8d48988d103941735", "pluralName": "Homes (private)", "primary": true, "shortName": "Home"}], "verified": false, "contact": {}, "beenHere": {"lastCheckinExpiredAt": 0}, "stats": {"tipCount": 0, "usersCount": 1, "checkinsCount": 22}, "id": "4e45f47345dd2955e591efa8", "name": "*{ Istanaku Menantiku Pasti }*"}, "suffix": "/WA52NGR2JWMWKHLDT1DOZHOADSYU55YREVJEHKTH2NLNV04G.jpg", "visibility": "public"}, {"height": 720, "source": {"url": "https://foursquare.com/download/#/android", "name": "Foursquare for Android"}, "width": 542, "prefix": "https://igx.4sqi.net/img/general/", "createdAt": 1313247137, "id": "4e468fa1a809fb2fa3ec26e7", "venue": {"venueRatingBlacklisted": true, "like": false, "location": {"isFuzzed": true, "cc": "SG", "country": "Singapore", "lat": 1.3309897987229353, "lng": 103.885400718162, "formattedAddress": ["Singapore"]}, "categories": [{"icon": {"prefix": "https://ss3.4sqi.net/img/categories_v2/building/home_", "suffix": ".png"}, "name": "Home (private)", "id": "4bf58dd8d48988d103941735", "pluralName": "Homes (private)", "primary": true, "shortName": "Home"}], "verified": false, "contact": {}, "beenHere": {"lastCheckinExpiredAt": 0}, "stats": {"tipCount": 0, "usersCount": 1, "checkinsCount": 22}, "id": "4e45f47345dd2955e591efa8", "name": "*{ Istanaku Menantiku Pasti }*"}, "suffix": "/KBALKBST0T30WWBD1ZKXEGKIBVQOH2Q5FR1TEFOI2CS14ICL.jpg", "visibility": "public"}, {"height": 720, "source": {"url": "https://foursquare.com/download/#/android", "name": "Foursquare for Android"}, "width": 542, "prefix": "https://igx.4sqi.net/img/general/", "createdAt": 1313207518, "id": "4e45f4de62845e1d3c8c0523", "venue": {"venueRatingBlacklisted": true, "like": false, "location": {"isFuzzed": true, "cc": "SG", "country": "Singapore", "lat": 1.3309897987229353, "lng": 103.885400718162, "formattedAddress": ["Singapore"]}, "categories": [{"icon": {"prefix": "https://ss3.4sqi.net/img/categories_v2/building/home_", "suffix": ".png"}, "name": "Home (private)", "id": "4bf58dd8d48988d103941735", "pluralName": "Homes (private)", "primary": true, "shortName": "Home"}], "verified": false, "contact": {}, "beenHere": {"lastCheckinExpiredAt": 0}, "stats": {"tipCount": 0, "usersCount": 1, "checkinsCount": 22}, "id": "4e45f47345dd2955e591efa8", "name": "*{ Istanaku Menantiku Pasti }*"}, "suffix": "/Z11XULTU4P3G51FLC4W5GYKVZILIRHUIMPOVFGWNO1EQBJCL.jpg", "visibility": "public"}], "count": 81}, "totalCount": 81}}