{"meta": {"code": 200, "requestId": "595b1270dd57972d49043873"}, "notifications": [{"item": {"unreadCount": 0}, "type": "notificationTray"}], "response": {"photos": {"items": [{"height": 1440, "source": {"url": "https://foursquare.com/download/#/iphone", "name": "Foursquare for iOS"}, "tip": {"agreeCount": 0, "canonicalUrl": "https://foursquare.com/item/560294a0498e481e70fee9c9", "todo": {"count": 0}, "logView": true, "disagreeCount": 0, "createdAt": 1443009696, "id": "560294a0498e481e70fee9c9", "text": "Thick beef patties served with Rosti makes an excellent Rosti burger!", "likes": {"groups": [], "count": 0}, "like": false, "type": "user"}, "width": 1920, "prefix": "https://igx.4sqi.net/img/general/", "createdAt": 1443009705, "id": "560294a9498eb8df72b3aef5", "venue": {"url": "http://www.odeon.ch", "like": false, "location": {"formattedAddress": ["Limmatquai 2", "8001 Z\u00fcrich", "Schweiz"], "city": "Z\u00fcrich", "lng": 8.545088768005371, "cc": "CH", "state": "Z\u00fcrich", "lat": 47.36773690079315, "address": "Limmatquai 2", "labeledLatLngs": [{"label": "display", "lat": 47.36773690079315, "lng": 8.545088768005371}], "postalCode": "8001", "country": "Schweiz"}, "categories": [{"icon": {"prefix": "https://ss3.4sqi.net/img/categories_v2/food/cafe_", "suffix": ".png"}, "name": "Caf\u00e9", "id": "4bf58dd8d48988d16d941735", "pluralName": "Caf\u00e9s", "primary": true, "shortName": "Caf\u00e9"}], "verified": false, "contact": {"formattedPhone": "+41 44 251 16 50", "phone": "+41442511650"}, "allowMenuUrlEdit": true, "stats": {"tipCount": 53, "usersCount": 1804, "checkinsCount": 2771}, "id": "4b058888f964a520dfcb22e3", "name": "Odeon", "beenHere": {"lastCheckinExpiredAt": 0}}, "suffix": "/10693669_S2melSPHkwwpa1mrcrU3hcg6l0wd9ov2bC3tMlCOAiE.jpg", "visibility": "public"}, {"height": 1440, "source": {"url": "https://foursquare.com/download/#/iphone", "name": "Foursquare for iOS"}, "tip": {"agreeCount": 0, "canonicalUrl": "https://foursquare.com/item/55ecd93b498e8717830f3b3e", "todo": {"count": 0}, "logView": true, "disagreeCount": 0, "createdAt": 1441585467, "id": "55ecd93b498e8717830f3b3e", "text": "One of the best resorts in the Village, penthouse lofts have some of the best views over Whistler", "likes": {"groups": [], "count": 0}, "like": false, "type": "user"}, "width": 1920, "prefix": "https://igx.4sqi.net/img/general/", "createdAt": 1441585473, "id": "55ecd941498e79dd770fd110", "venue": {"location": {"formattedAddress": ["4090 Whistler Way (at Spring Ln)", "Whistler BC V0N 1B4", "Canada"], "city": "Whistler", "lng": -122.9555633195179, "cc": "CA", "state": "BC", "crossStreet": "at Spring Ln", "lat": 50.11220912756662, "address": "4090 Whistler Way", "labeledLatLngs": [{"label": "display", "lat": 50.11220912756662, "lng": -122.9555633195179}], "postalCode": "V0N 1B4", "country": "Canada"}, "contact": {"twitter": "spg", "facebookName": "Starwood Preferred Guest\u00ae (SPG)", "formattedPhone": "+1 604-905-5000", "phone": "+16049055000", "facebookUsername": "SPG", "facebook": "8038492631"}, "verified": true, "allowMenuUrlEdit": true, "stats": {"tipCount": 24, "usersCount": 2080, "checkinsCount": 4704}, "id": "4b0857d7f964a520940923e3", "storeId": "1199", "url": "http://www.spg.com/foursquare/", "like": false, "categories": [{"icon": {"prefix": "https://ss3.4sqi.net/img/categories_v2/travel/hotel_", "suffix": ".png"}, "name": "Hotel", "id": "4bf58dd8d48988d1fa931735", "pluralName": "Hotels", "primary": true, "shortName": "Hotel"}], "beenHere": {"lastCheckinExpiredAt": 0}, "name": "The Westin Resort & Spa, Whistler"}, "suffix": "/10693669_tlkzAbD5LaMFdhIuMcqqB-aDml5IBjrDl-iGQMZnizM.jpg", "visibility": "public"}, {"height": 1440, "source": {"url": "https://foursquare.com/download/#/iphone", "name": "Foursquare for iOS"}, "tip": {"agreeCount": 1, "canonicalUrl": "https://foursquare.com/item/55e8a853498ef391176991c2", "todo": {"count": 0}, "logView": true, "disagreeCount": 0, "createdAt": 1441310803, "id": "55e8a853498ef391176991c2", "text": "Grand hotel with a beautiful atrium and swimming pool", "likes": {"groups": [{"items": [{"photo": {"prefix": "https://igx.4sqi.net/img/user/", "suffix": "/O20N5M5N12O5FYWQ.jpg"}, "id": "29257268", "firstName": "Carmen", "gender": "none", "lastName": "Valbuena"}], "count": 1, "type": "others"}], "count": 1, "summary": "1 like"}, "like": false, "type": "user"}, "width": 1920, "prefix": "https://igx.4sqi.net/img/general/", "createdAt": 1441310811, "id": "55e8a85b498e7a7055c338d9", "venue": {"location": {"city": "Santiago de Chile", "lng": -70.5829525, "cc": "CL", "state": "Metropolitana de Santiago de Chile", "crossStreet": "Av. Alonso de C\u00f3rdoba", "lat": -33.40423572, "address": "Av. Presidente Kennedy 4601", "labeledLatLngs": [{"label": "display", "lat": -33.40423572, "lng": -70.5829525}], "formattedAddress": ["Av. Presidente Kennedy 4601 (Av. Alonso de C\u00f3rdoba)", "Santiago de Chile", "Metropolitana de Santiago de Chile", "Chile"], "country": "Chile"}, "contact": {"formattedPhone": "+56 2 2950 1234", "twitter": "hyatt_santiago", "phone": "+56229501234"}, "verified": true, "allowMenuUrlEdit": true, "stats": {"tipCount": 117, "usersCount": 6150, "checkinsCount": 12829}, "id": "4b533568f964a520599227e3", "storeId": "SANTI", "url": "http://santiago.grand.hyatt.com/en/hotel/home.html", "like": false, "categories": [{"icon": {"prefix": "https://ss3.4sqi.net/img/categories_v2/travel/hotel_", "suffix": ".png"}, "name": "Hotel", "id": "4bf58dd8d48988d1fa931735", "pluralName": "Hotels", "primary": true, "shortName": "Hotel"}], "beenHere": {"lastCheckinExpiredAt": 0}, "name": "Grand Hyatt Santiago"}, "suffix": "/10693669_mEm-Nt91BPdpgHk-nulxAi0aV8_IhiBsAECVrZ7Rqt8.jpg", "visibility": "public"}, {"height": 1440, "source": {"url": "https://foursquare.com/download/#/iphone", "name": "Foursquare for iOS"}, "tip": {"agreeCount": 0, "canonicalUrl": "https://foursquare.com/item/55e8a634498ec537d7cb75c0", "todo": {"count": 0}, "logView": true, "disagreeCount": 0, "createdAt": 1441310260, "id": "55e8a634498ec537d7cb75c0", "text": "Creative sushi with a twist! Definitely a must try in Santiago!", "likes": {"groups": [], "count": 0}, "like": false, "type": "user"}, "width": 1920, "prefix": "https://igx.4sqi.net/img/general/", "createdAt": 1441310326, "id": "55e8a676498ea76049d6f17c", "venue": {"location": {"city": "Santiago de Chile", "lng": -70.6412, "cc": "CL", "state": "Metropolitana de Santiago de Chile", "lat": -33.4395, "address": "Jos\u00e9 Victorino Lastarria 53", "labeledLatLngs": [{"label": "display", "lat": -33.4395, "lng": -70.6412}], "formattedAddress": ["Jos\u00e9 Victorino Lastarria 53", "Santiago Centro", "Metropolitana de Santiago de Chile", "Chile"], "country": "Chile"}, "contact": {"formattedPhone": "+56 2 2664 8280", "twitter": "pankosantiago", "phone": "+56226648280"}, "verified": false, "allowMenuUrlEdit": true, "stats": {"tipCount": 51, "usersCount": 283, "checkinsCount": 412}, "menu": {"url": "http://www.panko.cl/menu.html", "label": "Menu", "anchor": "View Menu", "mobileUrl": "http://www.panko.cl/menu.html", "type": "Menu", "externalUrl": "http://www.panko.cl/menu.html"}, "beenHere": {"lastCheckinExpiredAt": 0}, "url": "http://www.panko.cl", "like": false, "categories": [{"icon": {"prefix": "https://ss3.4sqi.net/img/categories_v2/food/sushi_", "suffix": ".png"}, "name": "Sushi Restaurant", "id": "4bf58dd8d48988d1d2941735", "pluralName": "Sushi Restaurants", "primary": true, "shortName": "Sushi"}], "id": "52fac84511d2061bec46fba5", "name": "Panko"}, "suffix": "/10693669_JwXkkOqNOiGtBLOOT0EjbZxD1s1BGYn5u7Y6ntmsvtA.jpg", "visibility": "public"}, {"height": 1920, "source": {"url": "https://foursquare.com/download/#/iphone", "name": "Foursquare for iOS"}, "tip": {"agreeCount": 1, "canonicalUrl": "https://foursquare.com/item/54865582498ed24c8b34f426", "todo": {"count": 0}, "logView": true, "disagreeCount": 0, "createdAt": 1418089858, "id": "54865582498ed24c8b34f426", "text": "Very rich chocolate beverages! Brownies were average but do try the hot chocolates!", "likes": {"groups": [{"items": [{"photo": {"prefix": "https://igx.4sqi.net/img/user/", "suffix": "/100593710-LX1LAKVX4KAJIMXR.jpg"}, "id": "100593710", "firstName": "S.", "gender": "male", "lastName": "Cr\u00e9peault"}], "count": 1, "type": "others"}], "count": 1, "summary": "1 like"}, "like": false, "type": "user"}, "width": 1440, "prefix": "https://igx.4sqi.net/img/general/", "createdAt": 1418089859, "id": "54865583498edc9e241051b4", "venue": {"location": {"formattedAddress": ["1615 rue Saint-Denis (coin \u00c9mery)", "Montr\u00e9al QC H2X 3K3", "Canada"], "city": "Montr\u00e9al", "lng": -73.56288713346655, "cc": "CA", "state": "QC", "crossStreet": "coin \u00c9mery", "lat": 45.51487891479712, "address": "1615 rue Saint-Denis", "labeledLatLngs": [{"label": "display", "lat": 45.51487891479712, "lng": -73.56288713346655}], "postalCode": "H2X 3K3", "country": "Canada"}, "contact": {"twitter": "juliette_choco", "facebookName": "Juliette & Chocolat", "formattedPhone": "+1 514-287-3555", "phone": "+15142873555", "facebookUsername": "julietteetchocolat", "facebook": "99958094160"}, "verified": false, "allowMenuUrlEdit": true, "stats": {"tipCount": 85, "usersCount": 2143, "checkinsCount": 2822}, "menu": {"url": "http://www.julietteetchocolat.com/fr/content/8-menu", "label": "Menu", "anchor": "View Menu", "mobileUrl": "http://www.julietteetchocolat.com/fr/content/8-menu", "type": "Menu", "externalUrl": "http://www.julietteetchocolat.com/fr/content/8-menu"}, "beenHere": {"lastCheckinExpiredAt": 0}, "url": "http://julietteetchocolat.com", "like": false, "categories": [{"icon": {"prefix": "https://ss3.4sqi.net/img/categories_v2/food/dessert_", "suffix": ".png"}, "name": "Dessert Shop", "id": "4bf58dd8d48988d1d0941735", "pluralName": "Dessert Shops", "primary": true, "shortName": "Desserts"}], "id": "4ad7f0f8f964a520391021e3", "name": "Juliette & Chocolat"}, "suffix": "/10693669_tM0scXFCUVO9imYwStlpT1-6dis0bkZjlC0njJ0uLRw.jpg", "visibility": "public"}, {"height": 960, "source": {"url": "https://foursquare.com/download/#/iphone", "name": "Foursquare for iOS"}, "width": 720, "prefix": "https://igx.4sqi.net/img/general/", "createdAt": 1388805508, "id": "52c77d84498ed9fd76d10f75", "venue": {"like": false, "location": {"cc": "JP", "country": "\u65e5\u672c", "lat": 36.73727035522461, "lng": 138.4212188720703, "labeledLatLngs": [{"label": "display", "lat": 36.73727035522461, "lng": 138.4212188720703}], "formattedAddress": ["\u65e5\u672c"]}, "categories": [{"icon": {"prefix": "https://ss3.4sqi.net/img/categories_v2/food/ramen_", "suffix": ".png"}, "name": "Noodle House", "id": "4bf58dd8d48988d1d1941735", "pluralName": "Noodle Houses", "primary": true, "shortName": "Noodles"}], "verified": false, "contact": {}, "allowMenuUrlEdit": true, "stats": {"tipCount": 1, "usersCount": 2, "checkinsCount": 2}, "id": "520f014511d25409b96210cf", "name": "\u3042\u305f\u308a\u3084\u98df\u5802", "beenHere": {"lastCheckinExpiredAt": 0}}, "suffix": "/10693669_zDcF7a-dC8QleWC93wOadbikvI_NoIS6y9FUM5zWIm0.jpg", "visibility": "public"}, {"height": 720, "source": {"url": "https://foursquare.com/download/#/iphone", "name": "Foursquare for iOS"}, "width": 960, "prefix": "https://igx.4sqi.net/img/general/", "createdAt": 1386866646, "id": "52a9e7d6498e67aa368b85c3", "venue": {"location": {"formattedAddress": ["New Delhi NCR NH8, Sector 83", "Gurgaon 122004", "HA", "India"], "city": "Gurgaon", "lng": 76.983748, "cc": "IN", "state": "HA", "lat": 28.402298, "address": "New Delhi NCR NH8, Sector 83", "labeledLatLngs": [{"label": "display", "lat": 28.402298, "lng": 76.983748}], "postalCode": "122004", "country": "India"}, "contact": {"twitter": "hyattconcierge", "facebookName": "Andaz", "formattedPhone": "+91 124 618 1234", "phone": "+911246181234", "facebookUsername": "Andaz", "facebook": "129720580440732"}, "verified": true, "allowMenuUrlEdit": true, "stats": {"tipCount": 18, "usersCount": 437, "checkinsCount": 866}, "id": "519eea31498e52011db758bd", "storeId": "DELRG", "url": "http://gurgaon.regency.hyatt.com/en/hotel/home.html", "like": false, "categories": [{"icon": {"prefix": "https://ss3.4sqi.net/img/categories_v2/travel/hotel_", "suffix": ".png"}, "name": "Hotel", "id": "4bf58dd8d48988d1fa931735", "pluralName": "Hotels", "primary": true, "shortName": "Hotel"}], "beenHere": {"lastCheckinExpiredAt": 0}, "name": "Hyatt Regency"}, "suffix": "/10693669_btEkyDt8Dk74_fzIS5a7VZ_jYce0DrSzRAFGY_9p0mw.jpg", "visibility": "public"}, {"height": 720, "source": {"url": "https://foursquare.com/download/#/iphone", "name": "Foursquare for iOS"}, "width": 960, "prefix": "https://igx.4sqi.net/img/general/", "createdAt": 1385808919, "id": "5299c417498e59fe1ff06901", "venue": {"closed": true, "like": false, "location": {"formattedAddress": ["103 Pasir Panjang Road", "118531", "Singapore"], "lng": 103.79481789056076, "cc": "SG", "country": "Singapore", "lat": 1.2751514471884613, "address": "103 Pasir Panjang Road", "labeledLatLngs": [{"label": "display", "lat": 1.2751514471884613, "lng": 103.79481789056076}], "postalCode": "118531"}, "categories": [{"icon": {"prefix": "https://ss3.4sqi.net/img/categories_v2/food/australian_", "suffix": ".png"}, "name": "Australian Restaurant", "id": "4bf58dd8d48988d169941735", "pluralName": "Australian Restaurants", "primary": true, "shortName": "Australian"}], "verified": false, "contact": {"formattedPhone": "+65 6476 6373", "phone": "+6564766373"}, "allowMenuUrlEdit": true, "stats": {"tipCount": 14, "usersCount": 316, "checkinsCount": 554}, "id": "4b5c3e33f964a520582829e3", "name": "Bistro One Zero Three", "beenHere": {"lastCheckinExpiredAt": 0}}, "suffix": "/10693669_H4lBfNyaeoFaNJhgCfJV75Cl2wMnd9OZtYJ2YF9LdMo.jpg", "visibility": "public"}, {"height": 960, "source": {"url": "https://foursquare.com/download/#/iphone", "name": "Foursquare for iOS"}, "width": 720, "prefix": "https://igx.4sqi.net/img/general/", "createdAt": 1385808907, "id": "5299c40b498ecb8283ad7b00", "venue": {"closed": true, "like": false, "location": {"formattedAddress": ["103 Pasir Panjang Road", "118531", "Singapore"], "lng": 103.79481789056076, "cc": "SG", "country": "Singapore", "lat": 1.2751514471884613, "address": "103 Pasir Panjang Road", "labeledLatLngs": [{"label": "display", "lat": 1.2751514471884613, "lng": 103.79481789056076}], "postalCode": "118531"}, "categories": [{"icon": {"prefix": "https://ss3.4sqi.net/img/categories_v2/food/australian_", "suffix": ".png"}, "name": "Australian Restaurant", "id": "4bf58dd8d48988d169941735", "pluralName": "Australian Restaurants", "primary": true, "shortName": "Australian"}], "verified": false, "contact": {"formattedPhone": "+65 6476 6373", "phone": "+6564766373"}, "allowMenuUrlEdit": true, "stats": {"tipCount": 14, "usersCount": 316, "checkinsCount": 554}, "id": "4b5c3e33f964a520582829e3", "name": "Bistro One Zero Three", "beenHere": {"lastCheckinExpiredAt": 0}}, "suffix": "/10693669_V7ftAo-W-5JuEZ73fhsY5HQ7KpJH8Rk0HXPukRJfj4o.jpg", "visibility": "public"}, {"height": 960, "source": {"url": "https://foursquare.com/download/#/iphone", "name": "Foursquare for iOS"}, "width": 720, "prefix": "https://igx.4sqi.net/img/general/", "createdAt": 1385808848, "id": "5299c3d011d26f8a99e776ac", "venue": {"like": false, "location": {"formattedAddress": ["#02-48, Wisma Atria (435 Orchard Rd)", "239977", "Singapore"], "city": "Singapore", "lng": 103.83342022001182, "cc": "SG", "country": "Singapore", "crossStreet": "435 Orchard Rd", "lat": 1.3038726352880161, "address": "#02-48, Wisma Atria", "labeledLatLngs": [{"label": "display", "lat": 1.3038726352880161, "lng": 103.83342022001182}], "postalCode": "239977"}, "categories": [{"icon": {"prefix": "https://ss3.4sqi.net/img/categories_v2/food/cafe_", "suffix": ".png"}, "name": "Caf\u00e9", "id": "4bf58dd8d48988d16d941735", "pluralName": "Caf\u00e9s", "primary": true, "shortName": "Caf\u00e9"}], "verified": false, "contact": {"formattedPhone": "+65 6836 2010", "phone": "+6568362010"}, "allowMenuUrlEdit": true, "stats": {"tipCount": 86, "usersCount": 5596, "checkinsCount": 8511}, "id": "50488ef0e4b0424d59059f9c", "name": "Paris Baguette Caf\u00e9", "beenHere": {"lastCheckinExpiredAt": 0}}, "suffix": "/10693669_9aehErrNf7UjuPUyQ66J9ivWXvPJqUJjvCG7zkqtAfw.jpg", "visibility": "public"}, {"height": 960, "source": {"url": "https://foursquare.com/download/#/iphone", "name": "Foursquare for iOS"}, "width": 720, "prefix": "https://igx.4sqi.net/img/general/", "createdAt": 1385808804, "id": "5299c3a411d280104f83fce4", "venue": {"like": false, "location": {"formattedAddress": ["#02-01 & #02-26, I12 Katong (112 East Coast Rd.)", "428802", "Singapore"], "city": "Singapore", "lng": 103.90489745199505, "cc": "SG", "country": "Singapore", "crossStreet": "112 East Coast Rd.", "lat": 1.3056389737174734, "address": "#02-01 & #02-26, I12 Katong", "labeledLatLngs": [{"label": "display", "lat": 1.3056389737174734, "lng": 103.90489745199505}], "postalCode": "428802"}, "categories": [{"icon": {"prefix": "https://ss3.4sqi.net/img/categories_v2/shops/financial_", "suffix": ".png"}, "name": "Bank", "id": "4bf58dd8d48988d10a951735", "pluralName": "Banks", "primary": true, "shortName": "Bank"}], "verified": false, "contact": {}, "allowMenuUrlEdit": true, "stats": {"tipCount": 0, "usersCount": 89, "checkinsCount": 156}, "id": "4f4f9dabe4b08cc4b7892d43", "name": "UOB Katong Branch", "beenHere": {"lastCheckinExpiredAt": 0}}, "suffix": "/10693669_171u6WH3JVm71Kq8kYXVqU0YPvEsypZ1ii66fosDaZI.jpg", "visibility": "public"}, {"height": 960, "source": {"url": "https://foursquare.com/download/#/iphone", "name": "Foursquare for iOS"}, "width": 720, "prefix": "https://igx.4sqi.net/img/general/", "createdAt": 1385808771, "id": "5299c38311d25bd8acb7cb8e", "venue": {"like": false, "location": {"formattedAddress": ["51 East Coast Rd (Ceylon Rd)", "428770", "Singapore"], "city": "Singapore", "lng": 103.90324920415878, "cc": "SG", "country": "Singapore", "crossStreet": "Ceylon Rd", "lat": 1.304972282430252, "address": "51 East Coast Rd", "labeledLatLngs": [{"label": "display", "lat": 1.304972282430252, "lng": 103.90324920415878}], "postalCode": "428770"}, "categories": [{"icon": {"prefix": "https://ss3.4sqi.net/img/categories_v2/food/ramen_", "suffix": ".png"}, "name": "Noodle House", "id": "4bf58dd8d48988d1d1941735", "pluralName": "Noodle Houses", "primary": true, "shortName": "Noodles"}], "verified": false, "contact": {"formattedPhone": "+65 9732 8163", "phone": "+6597328163"}, "allowMenuUrlEdit": true, "stats": {"tipCount": 122, "usersCount": 6304, "checkinsCount": 9054}, "id": "4b7d2097f964a52078af2fe3", "name": "328 Katong Laksa", "beenHere": {"lastCheckinExpiredAt": 0}}, "suffix": "/10693669_pvDyiRVQUZaXtB00hYF69RoICTcktL6SV7gN-XfYUwM.jpg", "visibility": "public"}, {"height": 960, "source": {"url": "https://foursquare.com/download/#/iphone", "name": "Foursquare for iOS"}, "width": 720, "prefix": "https://igx.4sqi.net/img/general/", "createdAt": 1385808743, "id": "5299c36711d21cfe20a12a42", "venue": {"url": "http://www.smrt.com.sg", "like": false, "location": {"formattedAddress": ["200 Bishan Rd.", "579827", "Singapore"], "city": "Singapore", "lng": 103.84837733434433, "cc": "SG", "country": "Singapore", "lat": 1.3511486916746738, "address": "200 Bishan Rd.", "postalCode": "579827"}, "categories": [{"icon": {"prefix": "https://ss3.4sqi.net/img/categories_v2/travel/subway_", "suffix": ".png"}, "name": "Metro Station", "id": "4bf58dd8d48988d1fd931735", "pluralName": "Metro Stations", "primary": true, "shortName": "Metro"}], "verified": false, "contact": {"twitter": "smrt_singapore"}, "beenHere": {"lastCheckinExpiredAt": 0}, "stats": {"tipCount": 95, "usersCount": 20911, "checkinsCount": 131700}, "id": "4b0d4bdcf964a520d14523e3", "name": "Bishan MRT Interchange (NS17/CC15)", "venueRatingBlacklisted": true}, "suffix": "/10693669_t99fq0gdr2gS0vS00EDizb1l7zccPHzSloWfvCW0XG4.jpg", "visibility": "public"}, {"height": 720, "source": {"url": "https://foursquare.com/download/#/iphone", "name": "Foursquare for iOS"}, "width": 960, "prefix": "https://igx.4sqi.net/img/general/", "createdAt": 1361247527, "id": "5122fd27e4b0b8e444c1e183", "venue": {"location": {"formattedAddress": ["Jalan Mohammad Husni Thamrin Kav. 15", "Jakarta", "Jakarta 10350", "Indonesia"], "city": "Jakarta", "lng": 106.82171223855428, "cc": "ID", "state": "Jakarta", "lat": -6.192360093378416, "address": "Jalan Mohammad Husni Thamrin Kav. 15", "labeledLatLngs": [{"label": "display", "lat": -6.192360093378416, "lng": 106.82171223855428}], "postalCode": "10350", "country": "Indonesia"}, "contact": {"twitter": "spg", "facebookName": "Starwood Preferred Guest\u00ae (SPG)", "formattedPhone": "+62 21 50680000", "phone": "+622150680000", "facebookUsername": "SPG", "facebook": "8038492631"}, "verified": true, "allowMenuUrlEdit": true, "stats": {"tipCount": 22, "usersCount": 1930, "checkinsCount": 4921}, "id": "4f211451d5fb4c7dde391b14", "storeId": "3635", "url": "http://www.spg.com/foursquare/", "like": false, "categories": [{"icon": {"prefix": "https://ss3.4sqi.net/img/categories_v2/travel/hotel_", "suffix": ".png"}, "name": "Hotel", "id": "4bf58dd8d48988d1fa931735", "pluralName": "Hotels", "primary": true, "shortName": "Hotel"}], "beenHere": {"lastCheckinExpiredAt": 0}, "name": "Keraton at The Plaza, Jakarta"}, "suffix": "/10693669_38HxRZgV8x1qYIvVE905hgOt169JsDzXL27y5ZMsX0I.jpg", "visibility": "public"}, {"height": 960, "source": {"url": "https://foursquare.com/download/#/iphone", "name": "Foursquare for iOS"}, "width": 720, "prefix": "https://igx.4sqi.net/img/general/", "createdAt": 1361199266, "id": "512240a2e4b08f84c23faeaf", "venue": {"venueRatingBlacklisted": true, "like": false, "location": {"formattedAddress": ["Jalan Mohammad Husni Thamrin (Menteng & Thamrin)", "Jakarta Pusat", "Jakarta 10310", "Indonesia"], "city": "Jakarta Pusat", "lng": 106.82308922519815, "cc": "ID", "state": "Jakarta", "lat": -6.1952069527857665, "address": "Jalan Mohammad Husni Thamrin", "crossStreet": "Menteng & Thamrin", "postalCode": "10310", "country": "Indonesia"}, "categories": [{"icon": {"prefix": "https://ss3.4sqi.net/img/categories_v2/building/government_monument_", "suffix": ".png"}, "name": "Monument / Landmark", "id": "4bf58dd8d48988d12d941735", "pluralName": "Monuments / Landmarks", "primary": true, "shortName": "Landmark"}], "verified": false, "contact": {}, "beenHere": {"lastCheckinExpiredAt": 0}, "stats": {"tipCount": 283, "usersCount": 36104, "checkinsCount": 74530}, "id": "4be443639026ef3b719e0a38", "name": "Bundaran Hotel Indonesia (Monumen Selamat Datang)", "storeId": ""}, "suffix": "/10693669_XpPQGygjMGFe91L8Z3zwhVH5DBHhWFhjFFH4t-GRBuA.jpg", "visibility": "public"}, {"height": 720, "source": {"url": "https://foursquare.com/download/#/iphone", "name": "Foursquare for iOS"}, "width": 960, "prefix": "https://igx.4sqi.net/img/general/", "createdAt": 1361199171, "id": "51224043e4b0b8daf92404ae", "venue": {"like": false, "location": {"formattedAddress": ["Level 3, Departure Transit Lounge, Terminal 2 (Singapore Changi Airport)", "819643", "Singapore"], "city": "Singapore", "lng": 103.99002453823744, "cc": "SG", "country": "Singapore", "crossStreet": "Singapore Changi Airport", "lat": 1.3561037631106558, "address": "Level 3, Departure Transit Lounge, Terminal 2", "labeledLatLngs": [{"label": "display", "lat": 1.3561037631106558, "lng": 103.99002453823744}], "postalCode": "819643"}, "categories": [{"icon": {"prefix": "https://ss3.4sqi.net/img/categories_v2/nightlife/default_", "suffix": ".png"}, "name": "Airport Lounge", "id": "4eb1bc533b7b2c5b1d4306cb", "pluralName": "Airport Lounges", "primary": true, "shortName": "Lounge"}], "verified": false, "contact": {}, "beenHere": {"lastCheckinExpiredAt": 0}, "stats": {"tipCount": 84, "usersCount": 5363, "checkinsCount": 12929}, "id": "4bfdf908f61dc9b696e29fde", "name": "SIA SilverKris Lounge (Terminal 2)"}, "suffix": "/10693669_goFz-lPBgBGdplIxwXY62ZfH5yWMHLDWHbQqZLa6G44.jpg", "visibility": "public"}, {"height": 720, "source": {"url": "https://foursquare.com/download/#/iphone", "name": "Foursquare for iOS"}, "width": 960, "prefix": "https://igx.4sqi.net/img/general/", "createdAt": 1361199055, "id": "51223fcfe4b0655ffe3a4e57", "venue": {"location": {"city": "North Huvadhoo Upper South Province", "lng": 73.45337497, "cc": "MV", "country": "\u078b\u07a8\u0788\u07ac\u0780\u07a8\u0783\u07a7\u0787\u07b0\u0796\u07ac", "lat": 0.506258722, "address": "Gaafu Alifu Atoll, Hadahaa", "labeledLatLngs": [{"label": "display", "lat": 0.506258722, "lng": 73.45337497}], "formattedAddress": ["Gaafu Alifu Atoll, Hadahaa", "North Huvadhoo Upper South Province", "\u078b\u07a8\u0788\u07ac\u0780\u07a8\u0783\u07a7\u0787\u07b0\u0796\u07ac"]}, "contact": {"twitter": "hyattconcierge", "facebookName": "Park Hyatt", "formattedPhone": "+960 682-1234", "phone": "+9606821234", "facebookUsername": "ParkHyatt", "facebook": "64140267151"}, "verified": true, "allowMenuUrlEdit": true, "stats": {"tipCount": 16, "usersCount": 331, "checkinsCount": 1241}, "id": "4dbe75f44df044e52512761b", "storeId": "MLDPH", "url": "http://maldives.hadahaa.park.hyatt.com/en/hotel/home.html", "like": false, "categories": [{"icon": {"prefix": "https://ss3.4sqi.net/img/categories_v2/travel/hotel_", "suffix": ".png"}, "name": "Hotel", "id": "4bf58dd8d48988d1fa931735", "pluralName": "Hotels", "primary": true, "shortName": "Hotel"}], "beenHere": {"lastCheckinExpiredAt": 0}, "name": "Park Hyatt"}, "suffix": "/10693669_8gO-PXq3DCEe91w6w_OaOkwD-y9DYEkuEaPlqogdhHc.jpg", "visibility": "public"}, {"height": 720, "source": {"url": "https://foursquare.com/download/#/iphone", "name": "Foursquare for iOS"}, "width": 960, "prefix": "https://igx.4sqi.net/img/general/", "createdAt": 1361199033, "id": "51223fb9e4b02e58d6e54803", "venue": {"like": false, "location": {"city": "North Huvadhoo Atoll", "lng": 73.45316782273945, "cc": "MV", "state": "South Central Province", "crossStreet": "Park Hyatt Maldives, Hadahaa", "lat": 0.5063211014360596, "address": "Hadahaa", "labeledLatLngs": [{"label": "display", "lat": 0.5063211014360596, "lng": 73.45316782273945}], "formattedAddress": ["Hadahaa (Park Hyatt Maldives, Hadahaa)", "North Huvadhoo Atoll", "\u078b\u07a8\u0788\u07ac\u0780\u07a8\u0783\u07a7\u0787\u07b0\u0796\u07ac"], "country": "\u078b\u07a8\u0788\u07ac\u0780\u07a8\u0783\u07a7\u0787\u07b0\u0796\u07ac"}, "categories": [{"icon": {"prefix": "https://ss3.4sqi.net/img/categories_v2/parks_outdoors/beach_", "suffix": ".png"}, "name": "Beach", "id": "4bf58dd8d48988d1e2941735", "pluralName": "Beaches", "primary": true, "shortName": "Beach"}], "verified": false, "contact": {}, "allowMenuUrlEdit": true, "stats": {"tipCount": 1, "usersCount": 57, "checkinsCount": 182}, "id": "4f56cd89e4b084fcb172e797", "name": "Hadahaa Beach", "beenHere": {"lastCheckinExpiredAt": 0}}, "suffix": "/10693669_4ZQaExzjxiKso7PnKhMKe7nM5BQOEG7W-3btWqNZVzo.jpg", "visibility": "public"}, {"height": 720, "source": {"url": "https://foursquare.com/download/#/iphone", "name": "Foursquare for iOS"}, "width": 960, "prefix": "https://igx.4sqi.net/img/general/", "createdAt": 1361198975, "id": "51223f7fe4b0b3e2b6c3e321", "venue": {"like": false, "location": {"cc": "MV", "country": "\u078b\u07a8\u0788\u07ac\u0780\u07a8\u0783\u07a7\u0787\u07b0\u0796\u07ac", "lat": 0.5060403513847084, "lng": 73.45298944204997, "labeledLatLngs": [{"label": "display", "lat": 0.5060403513847084, "lng": 73.45298944204997}], "formattedAddress": ["\u078b\u07a8\u0788\u07ac\u0780\u07a8\u0783\u07a7\u0787\u07b0\u0796\u07ac"]}, "categories": [{"icon": {"prefix": "https://ss3.4sqi.net/img/categories_v2/food/diner_", "suffix": ".png"}, "name": "Diner", "id": "4bf58dd8d48988d147941735", "pluralName": "Diners", "primary": true, "shortName": "Diner"}], "verified": false, "contact": {}, "allowMenuUrlEdit": true, "stats": {"tipCount": 1, "usersCount": 39, "checkinsCount": 62}, "id": "50b8ea84e4b0fb1ae27c7b71", "name": "The Island Grill", "beenHere": {"lastCheckinExpiredAt": 0}}, "suffix": "/10693669_WJ7c_0czQlo6TuSUbyXFYPmzAfZzg_QTRvB64EK9a6I.jpg", "visibility": "public"}, {"height": 960, "source": {"url": "https://foursquare.com/download/#/iphone", "name": "Foursquare for iOS"}, "width": 720, "prefix": "https://igx.4sqi.net/img/general/", "createdAt": 1356342292, "id": "50d82414e4b0a1d781f968e1", "venue": {"url": "http://www.hakone-tozan.co.jp", "like": false, "location": {"formattedAddress": ["\u5f37\u7f85", "\u7bb1\u6839\u753a, \u795e\u5948\u5ddd\u770c", "250-0408", "\u65e5\u672c"], "city": "\u7bb1\u6839\u753a", "lng": 139.04826608811422, "cc": "JP", "state": "\u795e\u5948\u5ddd\u770c", "lat": 35.25049056847452, "address": "\u5f37\u7f85", "labeledLatLngs": [{"label": "display", "lat": 35.25049056847452, "lng": 139.04826608811422}], "postalCode": "250-0408", "country": "\u65e5\u672c"}, "categories": [{"icon": {"prefix": "https://ss3.4sqi.net/img/categories_v2/travel/trainstation_", "suffix": ".png"}, "name": "Train Station", "id": "4bf58dd8d48988d129951735", "pluralName": "Train Stations", "primary": true, "shortName": "Train Station"}], "verified": false, "contact": {"formattedPhone": "+81 460-82-2049", "phone": "+81460822049"}, "beenHere": {"lastCheckinExpiredAt": 0}, "stats": {"tipCount": 20, "usersCount": 7973, "checkinsCount": 10353}, "id": "4b57f794f964a520844728e3", "name": "Gora Station (OH57) (\u5f37\u7f85\u99c5)"}, "suffix": "/10693669_23BB8sXrHWPLgbJMj3NqgyqTPcQWXahILs9CTu4xb4o.jpg", "visibility": "public"}, {"height": 960, "source": {"url": "https://foursquare.com/download/#/iphone", "name": "Foursquare for iOS"}, "width": 720, "prefix": "https://igx.4sqi.net/img/general/", "createdAt": 1356342217, "id": "50d823c9e4b0275bdff1c6f6", "venue": {"location": {"formattedAddress": ["\u5f37\u7f851320", "\u7bb1\u6839\u753a, \u795e\u5948\u5ddd\u770c", "250-0408", "\u65e5\u672c"], "city": "\u7bb1\u6839\u753a", "lng": 139.0375136, "cc": "JP", "state": "\u795e\u5948\u5ddd\u770c", "lat": 35.25016114, "address": "\u5f37\u7f851320", "labeledLatLngs": [{"label": "display", "lat": 35.25016114, "lng": 139.0375136}], "postalCode": "250-0408", "country": "\u65e5\u672c"}, "contact": {"twitter": "hyattconcierge", "facebookName": "Hyatt Regency Hakone Resort and Spa - \u30cf\u30a4\u30a2\u30c3\u30c8\u30ea\u30fc\u30b8\u30a7\u30f3\u30b7\u30fc\u7bb1\u6839\u30ea\u30be\u30fc\u30c8\uff06\u30b9\u30d1", "formattedPhone": "+81 460-82-2000", "phone": "+81460822000", "facebookUsername": "HyattRegencyHakone", "facebook": "396345097076670"}, "verified": true, "allowMenuUrlEdit": true, "stats": {"tipCount": 16, "usersCount": 647, "checkinsCount": 1243}, "id": "52cc447f11d230fd22170e1c", "storeId": "HAKHR", "url": "http://hakone.regency.hyatt.com/en/hotel/home.html", "like": false, "categories": [{"icon": {"prefix": "https://ss3.4sqi.net/img/categories_v2/travel/hotel_", "suffix": ".png"}, "name": "Hotel", "id": "4bf58dd8d48988d1fa931735", "pluralName": "Hotels", "primary": true, "shortName": "Hotel"}], "beenHere": {"lastCheckinExpiredAt": 0}, "name": "Hyatt Regency Hakone Resort and Spa (\u30cf\u30a4\u30a2\u30c3\u30c8\u30ea\u30fc\u30b8\u30a7\u30f3\u30b7\u30fc\u7bb1\u6839)"}, "suffix": "/10693669_iQChiqsk59FyPr0HGg908sviQT60wRxa4hcOYzYA4gc.jpg", "visibility": "public"}, {"height": 720, "source": {"url": "https://foursquare.com/download/#/iphone", "name": "Foursquare for iOS"}, "width": 960, "prefix": "https://igx.4sqi.net/img/general/", "createdAt": 1356342144, "id": "50d82380e4b0ab0ee6b1cd9a", "venue": {"location": {"formattedAddress": ["\u5f37\u7f851320", "\u7bb1\u6839\u753a, \u795e\u5948\u5ddd\u770c", "250-0408", "\u65e5\u672c"], "city": "\u7bb1\u6839\u753a", "lng": 139.0375136, "cc": "JP", "state": "\u795e\u5948\u5ddd\u770c", "lat": 35.25016114, "address": "\u5f37\u7f851320", "labeledLatLngs": [{"label": "display", "lat": 35.25016114, "lng": 139.0375136}], "postalCode": "250-0408", "country": "\u65e5\u672c"}, "contact": {"twitter": "hyattconcierge", "facebookName": "Hyatt Regency Hakone Resort and Spa - \u30cf\u30a4\u30a2\u30c3\u30c8\u30ea\u30fc\u30b8\u30a7\u30f3\u30b7\u30fc\u7bb1\u6839\u30ea\u30be\u30fc\u30c8\uff06\u30b9\u30d1", "formattedPhone": "+81 460-82-2000", "phone": "+81460822000", "facebookUsername": "HyattRegencyHakone", "facebook": "396345097076670"}, "verified": true, "allowMenuUrlEdit": true, "stats": {"tipCount": 16, "usersCount": 647, "checkinsCount": 1243}, "id": "52cc447f11d230fd22170e1c", "storeId": "HAKHR", "url": "http://hakone.regency.hyatt.com/en/hotel/home.html", "like": false, "categories": [{"icon": {"prefix": "https://ss3.4sqi.net/img/categories_v2/travel/hotel_", "suffix": ".png"}, "name": "Hotel", "id": "4bf58dd8d48988d1fa931735", "pluralName": "Hotels", "primary": true, "shortName": "Hotel"}], "beenHere": {"lastCheckinExpiredAt": 0}, "name": "Hyatt Regency Hakone Resort and Spa (\u30cf\u30a4\u30a2\u30c3\u30c8\u30ea\u30fc\u30b8\u30a7\u30f3\u30b7\u30fc\u7bb1\u6839)"}, "suffix": "/10693669_Hze7shM7Fp8dNtkl74aHQ4pwueU1WlGSd6Y_gRqV1R0.jpg", "visibility": "public"}, {"height": 720, "source": {"url": "https://foursquare.com/download/#/iphone", "name": "Foursquare for iOS"}, "width": 540, "prefix": "https://igx.4sqi.net/img/general/", "createdAt": 1346713487, "id": "5045378fe4b0b4adf5645c13", "venue": {"like": false, "location": {"city": "Toronto", "lng": -79.4192, "cc": "CA", "state": "ON", "crossStreet": "at Queen St. W.", "lat": 43.645498, "address": "57 Ossington Ave.", "labeledLatLngs": [{"label": "display", "lat": 43.645498, "lng": -79.4192}], "formattedAddress": ["57 Ossington Ave. (at Queen St. W.)", "Toronto ON", "Canada"], "country": "Canada"}, "categories": [{"icon": {"prefix": "https://ss3.4sqi.net/img/categories_v2/food/vietnamese_", "suffix": ".png"}, "name": "Vietnamese Restaurant", "id": "4bf58dd8d48988d14a941735", "pluralName": "Vietnamese Restaurants", "primary": true, "shortName": "Vietnamese"}], "verified": false, "contact": {"formattedPhone": "+1 416-588-6997", "phone": "+14165886997"}, "allowMenuUrlEdit": true, "stats": {"tipCount": 67, "usersCount": 1136, "checkinsCount": 2966}, "id": "4ad87544f964a520841121e3", "name": "Pho Tien Thanh", "beenHere": {"lastCheckinExpiredAt": 0}}, "suffix": "/9WOdO9jaKKFfVZsUtLSzEIChJ66VyWExcHB-0teQ1os.jpg", "visibility": "public"}, {"height": 720, "source": {"url": "https://foursquare.com/download/#/iphone", "name": "Foursquare for iOS"}, "width": 540, "prefix": "https://igx.4sqi.net/img/general/", "createdAt": 1346713461, "id": "50453775e4b0e590090be722", "venue": {"location": {"formattedAddress": ["1 Dundas St E (at Yonge St)", "Toronto ON M5B 2R8", "Canada"], "city": "Toronto", "lng": -79.38074886396741, "cc": "CA", "state": "ON", "lat": 43.65621239483899, "address": "1 Dundas St E", "crossStreet": "at Yonge St", "postalCode": "M5B 2R8", "country": "Canada"}, "contact": {"formattedPhone": "+1 416-979-9960", "twitter": "ydsquare", "phone": "+14169799960"}, "verified": true, "allowMenuUrlEdit": true, "stats": {"tipCount": 163, "usersCount": 18566, "checkinsCount": 51765}, "id": "4ad8cd16f964a520c91421e3", "url": "http://www.ydsquare.ca", "like": false, "categories": [{"icon": {"prefix": "https://ss3.4sqi.net/img/categories_v2/parks_outdoors/plaza_", "suffix": ".png"}, "name": "Plaza", "id": "4bf58dd8d48988d164941735", "pluralName": "Plazas", "primary": true, "shortName": "Plaza"}], "beenHere": {"lastCheckinExpiredAt": 0}, "name": "Yonge-Dundas Square", "venuePage": {"id": "68861986"}}, "suffix": "/5oewnkj-iDsPFYPPPYG7n1a17FLwD1mMYhxCA_2rBJw.jpg", "visibility": "public"}, {"height": 540, "source": {"url": "https://foursquare.com/download/#/iphone", "name": "Foursquare for iOS"}, "width": 540, "prefix": "https://igx.4sqi.net/img/general/", "createdAt": 1346713434, "id": "5045375ae4b0f868704f331e", "venue": {"like": false, "location": {"formattedAddress": ["Sheraton Centre (123 Queen St W)", "Toronto ON M5H 2M9", "Canada"], "city": "Toronto", "lng": -79.38391044350134, "cc": "CA", "state": "ON", "crossStreet": "123 Queen St W", "lat": 43.651122196415486, "address": "Sheraton Centre", "labeledLatLngs": [{"label": "display", "lat": 43.651122196415486, "lng": -79.38391044350134}], "postalCode": "M5H 2M9", "country": "Canada"}, "categories": [{"icon": {"prefix": "https://ss3.4sqi.net/img/categories_v2/travel/hotel_bar_", "suffix": ".png"}, "name": "Hotel Bar", "id": "4bf58dd8d48988d1d5941735", "pluralName": "Hotel Bars", "primary": true, "shortName": "Hotel Bar"}], "verified": false, "contact": {"formattedPhone": "+1 416-361-1000", "twitter": "sheratoncentre", "phone": "+14163611000"}, "allowMenuUrlEdit": true, "stats": {"tipCount": 6, "usersCount": 440, "checkinsCount": 1090}, "id": "4cdc78defc9737042ba2d505", "name": "Club Lounge", "beenHere": {"lastCheckinExpiredAt": 0}}, "suffix": "/znivMW26xWn5xsq7tL7dLFfpEcGRcRzvD5kLe0UG9G4.jpg", "visibility": "public"}, {"height": 540, "source": {"url": "https://foursquare.com/download/#/iphone", "name": "Foursquare for iOS"}, "width": 540, "prefix": "https://igx.4sqi.net/img/general/", "createdAt": 1334096758, "id": "4f84b376e4b074ffe725af2a", "venue": {"like": false, "location": {"city": "\u4e0a\u6d77\u5e02", "lng": 121.47204337062374, "cc": "CN", "state": "\u4e0a\u6d77\u5e02", "lat": 31.235352464546725, "address": "740 Hankou Road", "labeledLatLngs": [{"label": "display", "lat": 31.235352464546725, "lng": 121.47204337062374}], "formattedAddress": ["740 Hankou Road", "\u4e0a\u6d77\u5e02", "\u4e0a\u6d77\u5e02"], "country": "\u4e2d\u56fd"}, "categories": [{"icon": {"prefix": "https://ss3.4sqi.net/img/categories_v2/travel/hotel_", "suffix": ".png"}, "name": "Hotel", "id": "4bf58dd8d48988d1fa931735", "pluralName": "Hotels", "primary": true, "shortName": "Hotel"}], "verified": false, "contact": {"formattedPhone": "021 6080 0800", "twitter": "langham_hotels", "phone": "02160800800"}, "allowMenuUrlEdit": true, "stats": {"tipCount": 18, "usersCount": 545, "checkinsCount": 1101}, "id": "4dbbb9cc6a23e294ba1c743e", "name": "The Yangtze Boutique Hotel (\u626c\u5b50\u7cbe\u54c1\u9152\u5e97)", "beenHere": {"lastCheckinExpiredAt": 0}}, "suffix": "/rW-aWnhBEZUBtAT0JaLBlT3mw96GSJNhejm4_N9tBe4.jpg", "visibility": "public"}, {"height": 540, "source": {"url": "https://foursquare.com/download/#/iphone", "name": "Foursquare for iOS"}, "width": 540, "prefix": "https://igx.4sqi.net/img/general/", "createdAt": 1333858477, "id": "4f8110ade4b042dc21695888", "venue": {"venueRatingBlacklisted": true, "like": false, "location": {"city": "\u4e0a\u6d77\u5e02", "state": "\u4e0a\u6d77\u5e02", "cc": "CN", "country": "\u4e2d\u56fd", "lat": 31.237373526571282, "lng": 121.50147164660062, "labeledLatLngs": [{"label": "display", "lat": 31.237373526571282, "lng": 121.50147164660062}], "formattedAddress": ["\u4e0a\u6d77\u5e02", "\u4e0a\u6d77\u5e02"]}, "categories": [{"icon": {"prefix": "https://ss3.4sqi.net/img/categories_v2/parks_outdoors/pool_", "suffix": ".png"}, "name": "Hotel Pool", "id": "4bf58dd8d48988d132951735", "pluralName": "Hotel Pools", "primary": true, "shortName": "Pool"}], "verified": false, "contact": {}, "allowMenuUrlEdit": true, "stats": {"tipCount": 0, "usersCount": 18, "checkinsCount": 21}, "id": "4d045be428926ea83d5b6bc2", "name": "Waters Edge Spa", "beenHere": {"lastCheckinExpiredAt": 0}}, "suffix": "/Ho3oKnIOpWkY1dfyOlkl7_gb11ExEb9Bl3hNvlXiFgI.jpg", "visibility": "public"}, {"height": 720, "source": {"url": "https://foursquare.com/download/#/iphone", "name": "Foursquare for iOS"}, "width": 540, "prefix": "https://igx.4sqi.net/img/general/", "createdAt": 1332834480, "id": "4f7170b0e4b071128591fd5a", "venue": {"hasMenu": true, "location": {"formattedAddress": ["780 Richards St (btwn W Georgia & Robson)", "Vancouver BC V6B 2L3", "Canada"], "city": "Vancouver", "lng": -123.11685919761656, "cc": "CA", "state": "BC", "crossStreet": "btwn W Georgia & Robson", "lat": 49.28056540642322, "address": "780 Richards St", "labeledLatLngs": [{"label": "display", "lat": 49.28056540642322, "lng": -123.11685919761656}], "postalCode": "V6B 2L3", "country": "Canada"}, "contact": {"twitter": "cafemedina", "facebookName": "Medina Cafe", "formattedPhone": "+1 604-879-3114", "phone": "+16048793114", "facebookUsername": "medinacafe", "facebook": "213462508685032"}, "verified": true, "allowMenuUrlEdit": true, "stats": {"tipCount": 234, "usersCount": 4634, "checkinsCount": 7135}, "menu": {"label": "Menu", "anchor": "View Menu", "mobileUrl": "https://foursquare.com/v/4aa7dce2f964a520ad4d20e3/device_menu", "url": "https://foursquare.com/v/medina-caf%C3%A9/4aa7dce2f964a520ad4d20e3/menu", "type": "Menu"}, "beenHere": {"lastCheckinExpiredAt": 0}, "url": "http://www.medinacafe.com", "like": false, "categories": [{"icon": {"prefix": "https://ss3.4sqi.net/img/categories_v2/food/breakfast_", "suffix": ".png"}, "name": "Breakfast Spot", "id": "4bf58dd8d48988d143941735", "pluralName": "Breakfast Spots", "primary": true, "shortName": "Breakfast"}], "id": "4aa7dce2f964a520ad4d20e3", "name": "Medina Caf\u00e9", "venuePage": {"id": "88939542"}}, "suffix": "/MuGcG9_yH2VTmDyxlxj2bHIImyZntZ8iVOZD4TdnkVI.jpg", "visibility": "public"}, {"height": 540, "source": {"url": "https://foursquare.com/download/#/iphone", "name": "Foursquare for iOS"}, "width": 720, "prefix": "https://igx.4sqi.net/img/general/", "createdAt": 1332776587, "id": "4f708e8be4b0f375fc4d1013", "venue": {"url": "http://www.whistlerblackcomb.com", "like": false, "location": {"formattedAddress": ["4545 Blackcomb Way", "Whistler BC VON 1B4", "Canada"], "city": "Whistler", "lng": -122.95421717646984, "cc": "CA", "state": "BC", "lat": 50.1135270964809, "address": "4545 Blackcomb Way", "postalCode": "VON 1B4", "country": "Canada"}, "categories": [{"icon": {"prefix": "https://ss3.4sqi.net/img/categories_v2/parks_outdoors/ski_snowboard_", "suffix": ".png"}, "name": "Ski Area", "id": "4bf58dd8d48988d1e9941735", "pluralName": "Ski Areas", "primary": true, "shortName": "Ski Area"}], "verified": true, "contact": {"formattedPhone": "+1 800-766-0449", "twitter": "whistlerblckcmb", "phone": "+18007660449"}, "beenHere": {"lastCheckinExpiredAt": 0}, "stats": {"tipCount": 115, "usersCount": 8354, "checkinsCount": 31003}, "id": "4b2e6723f964a52089df24e3", "name": "Whistler Blackcomb Mountains"}, "suffix": "/32nFP6pp0bW7a5p31sGtY7WKpQotoMcWv52_QbtNpAU.jpg", "visibility": "public"}, {"height": 720, "source": {"url": "https://foursquare.com/download/#/iphone", "name": "Foursquare for iOS"}, "width": 540, "prefix": "https://igx.4sqi.net/img/general/", "createdAt": 1332776543, "id": "4f708e5fe4b01489bc600f95", "venue": {"like": false, "location": {"city": "West Vancouver", "lng": -123.26316015972837, "cc": "CA", "state": "BC", "crossStreet": "at Marine Dr", "lat": 49.337148753466224, "address": "Beacon Lane", "labeledLatLngs": [{"label": "display", "lat": 49.337148753466224, "lng": -123.26316015972837}], "formattedAddress": ["Beacon Lane (at Marine Dr)", "West Vancouver BC", "Canada"], "country": "Canada"}, "categories": [{"icon": {"prefix": "https://ss3.4sqi.net/img/categories_v2/parks_outdoors/park_", "suffix": ".png"}, "name": "Park", "id": "4bf58dd8d48988d163941735", "pluralName": "Parks", "primary": true, "shortName": "Park"}], "verified": false, "contact": {}, "beenHere": {"lastCheckinExpiredAt": 0}, "stats": {"tipCount": 16, "usersCount": 1194, "checkinsCount": 1478}, "id": "4b958737f964a520a7a734e3", "name": "Lighthouse Park"}, "suffix": "/wPWc1Y87JeWURwZpgsNvhwfXeDtb0mCh-CyfgI5Avpw.jpg", "visibility": "public"}, {"height": 540, "source": {"url": "https://foursquare.com/download/#/iphone", "name": "Foursquare for iOS"}, "width": 540, "prefix": "https://igx.4sqi.net/img/general/", "createdAt": 1330840964, "id": "4f530584e4b07e4c63584bc1", "venue": {"location": {"formattedAddress": ["1668 Robson St. (btw Cardero & Bidwell)", "Vancouver BC V6G 1C7", "Canada"], "city": "Vancouver", "lng": -123.133031, "cc": "CA", "state": "BC", "crossStreet": "btw Cardero & Bidwell", "lat": 49.290194, "address": "1668 Robson St.", "labeledLatLngs": [{"label": "display", "lat": 49.290194, "lng": -123.133031}], "postalCode": "V6G 1C7", "country": "Canada"}, "contact": {"formattedPhone": "+1 604-687-2422", "twitter": "sushimart", "phone": "+16046872422"}, "verified": true, "allowMenuUrlEdit": true, "stats": {"tipCount": 37, "usersCount": 659, "checkinsCount": 1981}, "id": "4ae4f6c1f964a520bf9f21e3", "url": "http://www.itoga.com", "like": false, "categories": [{"icon": {"prefix": "https://ss3.4sqi.net/img/categories_v2/food/sushi_", "suffix": ".png"}, "name": "Sushi Restaurant", "id": "4bf58dd8d48988d1d2941735", "pluralName": "Sushi Restaurants", "primary": true, "shortName": "Sushi"}], "beenHere": {"lastCheckinExpiredAt": 0}, "name": "Sushi Itoga", "venuePage": {"id": "36507989"}}, "suffix": "/1j5694cCkr9MeVick_wNElQyBa96oxoFJgrCd5BhDsc.jpg", "visibility": "public"}, {"height": 540, "source": {"url": "https://foursquare.com/download/#/iphone", "name": "Foursquare for iOS"}, "width": 720, "prefix": "https://igx.4sqi.net/img/general/", "createdAt": 1330840839, "id": "4f530507e4b0d9ab7b21b0d4", "venue": {"url": "http://www.sauder.ubc.ca", "like": false, "location": {"formattedAddress": ["456-2053 Main Mall (at University Blvd.)", "Vancouver BC V6T 1Z2", "Canada"], "city": "Vancouver", "lng": -123.25363415584523, "cc": "CA", "state": "BC", "crossStreet": "at University Blvd.", "lat": 49.26526993017279, "address": "456-2053 Main Mall", "labeledLatLngs": [{"label": "display", "lat": 49.26526993017279, "lng": -123.25363415584523}], "postalCode": "V6T 1Z2", "country": "Canada"}, "categories": [{"icon": {"prefix": "https://ss3.4sqi.net/img/categories_v2/education/academicbuilding_", "suffix": ".png"}, "name": "College Academic Building", "id": "4bf58dd8d48988d198941735", "pluralName": "College Academic Buildings", "primary": true, "shortName": "Academic Building"}], "verified": false, "contact": {"formattedPhone": "+1 604-822-8500", "twitter": "ubcsauderschool", "phone": "+16048228500"}, "beenHere": {"lastCheckinExpiredAt": 0}, "stats": {"tipCount": 7, "usersCount": 597, "checkinsCount": 2896}, "id": "4ced6ec9b3662c0fc72c7330", "name": "UBC Sauder School of Business", "venueRatingBlacklisted": true}, "suffix": "/Fg7z9VSUmAxOye9e1bODfVg69K226sksQIu_Al5ydr4.jpg", "visibility": "public"}, {"height": 540, "source": {"url": "https://foursquare.com/download/#/iphone", "name": "Foursquare for iOS"}, "width": 540, "prefix": "https://igx.4sqi.net/img/general/", "createdAt": 1330840698, "id": "4f53047ae4b0639bb9f42c95", "venue": {"url": "http://www.whistler.com", "like": false, "location": {"formattedAddress": ["Whistler BC V0N 1B4", "Canada"], "city": "Whistler", "state": "BC", "cc": "CA", "country": "Canada", "neighborhood": "Whistler Village", "lat": 50.11327910107343, "lng": -122.95408040369652, "labeledLatLngs": [{"label": "display", "lat": 50.11327910107343, "lng": -122.95408040369652}], "postalCode": "V0N 1B4"}, "categories": [{"icon": {"prefix": "https://ss3.4sqi.net/img/categories_v2/parks_outdoors/plaza_", "suffix": ".png"}, "name": "Plaza", "id": "4bf58dd8d48988d164941735", "pluralName": "Plazas", "primary": true, "shortName": "Plaza"}], "verified": false, "contact": {"formattedPhone": "+1 800-944-7853", "twitter": "gowhistler", "phone": "+18009447853"}, "beenHere": {"lastCheckinExpiredAt": 0}, "stats": {"tipCount": 3, "usersCount": 392, "checkinsCount": 714}, "id": "4d58055192326ea8d11961c0", "name": "Whistler Skier's Plaza"}, "suffix": "/XVb0NmrBZ4ZW93BnoeCdI2VVTAolOzeVB15Z65EoyGo.jpg", "visibility": "public"}, {"height": 540, "source": {"url": "https://foursquare.com/download/#/iphone", "name": "Foursquare for iOS"}, "width": 720, "prefix": "https://igx.4sqi.net/img/general/", "createdAt": 1315001355, "id": "4e61540bd4c06542aa76f3ad", "venue": {"url": "http://www.sauder.ubc.ca", "like": false, "location": {"formattedAddress": ["456-2053 Main Mall (at University Blvd.)", "Vancouver BC V6T 1Z2", "Canada"], "city": "Vancouver", "lng": -123.25363415584523, "cc": "CA", "state": "BC", "crossStreet": "at University Blvd.", "lat": 49.26526993017279, "address": "456-2053 Main Mall", "labeledLatLngs": [{"label": "display", "lat": 49.26526993017279, "lng": -123.25363415584523}], "postalCode": "V6T 1Z2", "country": "Canada"}, "categories": [{"icon": {"prefix": "https://ss3.4sqi.net/img/categories_v2/education/academicbuilding_", "suffix": ".png"}, "name": "College Academic Building", "id": "4bf58dd8d48988d198941735", "pluralName": "College Academic Buildings", "primary": true, "shortName": "Academic Building"}], "verified": false, "contact": {"formattedPhone": "+1 604-822-8500", "twitter": "ubcsauderschool", "phone": "+16048228500"}, "beenHere": {"lastCheckinExpiredAt": 0}, "stats": {"tipCount": 7, "usersCount": 597, "checkinsCount": 2896}, "id": "4ced6ec9b3662c0fc72c7330", "name": "UBC Sauder School of Business", "venueRatingBlacklisted": true}, "suffix": "/YXM0XKQDQVTZCPYYH1C0MKGH0OIBCWPHDCRSZZ0WASQKWN4Y.jpg", "visibility": "public"}], "count": 34}, "totalCount": 34}}