{"response": {"photos": {"items": [{"id": "4ec7b88302d5888e9c1aba75", "createdAt": 1321711747, "tip": {"id": "4ec7b87f9a52756c55eea0bb", "createdAt": 1321711743, "like": false, "todo": {"count": 0}, "text": "Takes more than 60minutes for any form of food to arrive. 5 mins is just empty promise... Not for any form of celebration, first date or any dates...", "logView": true, "disagreeCount": 0, "canonicalUrl": "https://foursquare.com/item/4ec7b87f9a52756c55eea0bb", "type": "user", "likes": {"count": 0, "groups": []}, "agreeCount": 0}, "height": 720, "visibility": "public", "source": {"url": "https://foursquare.com/download/#/iphone", "name": "Foursquare for iOS"}, "prefix": "https://igx.4sqi.net/img/general/", "venue": {"id": "4b153116f964a5201fa923e3", "like": false, "stats": {"checkinsCount": 1726, "tipCount": 64, "usersCount": 1208}, "venuePage": {"id": "78727809"}, "beenHere": {"lastCheckinExpiredAt": 0}, "categories": [{"id": "4bf58dd8d48988d1cc941735", "primary": true, "icon": {"prefix": "https://ss3.4sqi.net/img/categories_v2/food/steakhouse_", "suffix": ".png"}, "pluralName": "Steakhouses", "shortName": "Steakhouse", "name": "Steakhouse"}], "verified": true, "allowMenuUrlEdit": true, "location": {"crossStreet": "96 Somerset Rd.", "labeledLatLngs": [{"lng": 103.83779056139574, "label": "display", "lat": 1.300803381465927}], "lat": 1.300803381465927, "postalCode": "238163", "city": "Singapore", "formattedAddress": ["#01-05 Pan Pacific Serviced Suites (96 Somerset Rd.)", "238163", "Singapore"], "lng": 103.83779056139574, "address": "#01-05 Pan Pacific Serviced Suites", "country": "Singapore", "cc": "SG"}, "contact": {"formattedPhone": "+65 6238 0054", "phone": "+6562380054"}, "name": "Bedrock Bar & Grill"}, "width": 537, "suffix": "/UBUWDIP3NAY430ZGUH5GL4ARWECOH33XI50AKPTGTFWK5HNK.jpg"}], "count": 1}, "totalCount": 1}, "meta": {"code": 200, "requestId": "595a7c6b6a6071143ca6c8ef"}, "notifications": [{"item": {"unreadCount": 0}, "type": "notificationTray"}]}