{"response": {"totalCount": 5, "photos": {"count": 5, "items": [{"width": 960, "visibility": "public", "createdAt": 1400501109, "id": "5379f375498e48c30acc9eaa", "source": {"name": "Foursquare for Android", "url": "https://foursquare.com/download/#/android"}, "prefix": "https://igx.4sqi.net/img/general/", "suffix": "/10727831_6G9C7Fs91M_NZz8RnHRneJKRxPgynkydie3lXWluilI.jpg", "venue": {"contact": {"facebookName": "Nakajima Suisan Grilled Fish", "facebook": "193230334046252"}, "name": "Nakajima Suisan Grilled Fish", "categories": [{"name": "Japanese Restaurant", "shortName": "Japanese", "primary": true, "icon": {"prefix": "https://ss3.4sqi.net/img/categories_v2/food/japanese_", "suffix": ".png"}, "id": "4bf58dd8d48988d111941735", "pluralName": "Japanese Restaurants"}], "beenHere": {"lastCheckinExpiredAt": 0}, "stats": {"checkinsCount": 1573, "tipCount": 32, "usersCount": 677}, "verified": false, "id": "4cdf6409c4f6a35d8e50d06c", "location": {"country": "Singapore", "formattedAddress": ["#B2-01-1, Takashimaya Food Hall (391A Orchard Rd)", "238873", "Singapore"], "cc": "SG", "lat": 1.302563, "labeledLatLngs": [{"lng": 103.835548, "lat": 1.302563, "label": "display"}], "postalCode": "238873", "address": "#B2-01-1, Takashimaya Food Hall", "lng": 103.835548, "city": "Singapore", "crossStreet": "391A Orchard Rd"}, "like": false, "allowMenuUrlEdit": true}, "height": 713}, {"width": 720, "visibility": "public", "createdAt": 1317126960, "id": "4e81c330722e51d270f60494", "source": {"name": "Foursquare for Android", "url": "https://foursquare.com/download/#/android"}, "prefix": "https://igx.4sqi.net/img/general/", "suffix": "/U1UWG3TLT4MBIKW0UOEAKMO3SCFPIUB0XRPQP21EOL13VDJ3.jpg", "venue": {"contact": {}, "name": "Red City Seven", "categories": [{"name": "American Restaurant", "shortName": "American", "primary": true, "icon": {"prefix": "https://ss3.4sqi.net/img/categories_v2/food/default_", "suffix": ".png"}, "id": "4bf58dd8d48988d14e941735", "pluralName": "American Restaurants"}], "beenHere": {"lastCheckinExpiredAt": 0}, "stats": {"checkinsCount": 109, "tipCount": 4, "usersCount": 56}, "verified": false, "id": "4d04a8ac37036dcb624812fb", "location": {"country": "Singapore", "formattedAddress": ["#01-02 Blk 19A Dover Crescent (19A Dover Crescent)", "131019", "Singapore"], "cc": "SG", "lat": 1.3079080022352587, "labeledLatLngs": [{"lng": 103.78471631644841, "lat": 1.3079080022352587, "label": "display"}], "postalCode": "131019", "address": "#01-02 Blk 19A Dover Crescent", "lng": 103.78471631644841, "city": "Singapore", "crossStreet": "19A Dover Crescent"}, "like": false, "allowMenuUrlEdit": true}, "height": 478}, {"width": 720, "visibility": "public", "createdAt": 1317126922, "id": "4e81c30a30f856c192382994", "source": {"name": "Foursquare for Android", "url": "https://foursquare.com/download/#/android"}, "prefix": "https://igx.4sqi.net/img/general/", "suffix": "/U1UWG3TLT4MBIKW0UOEAKMO3SCFPIUB0XRPQP21EOL13VDJ3.jpg", "venue": {"contact": {}, "name": "Red City Seven", "categories": [{"name": "American Restaurant", "shortName": "American", "primary": true, "icon": {"prefix": "https://ss3.4sqi.net/img/categories_v2/food/default_", "suffix": ".png"}, "id": "4bf58dd8d48988d14e941735", "pluralName": "American Restaurants"}], "beenHere": {"lastCheckinExpiredAt": 0}, "stats": {"checkinsCount": 109, "tipCount": 4, "usersCount": 56}, "verified": false, "id": "4d04a8ac37036dcb624812fb", "location": {"country": "Singapore", "formattedAddress": ["#01-02 Blk 19A Dover Crescent (19A Dover Crescent)", "131019", "Singapore"], "cc": "SG", "lat": 1.3079080022352587, "labeledLatLngs": [{"lng": 103.78471631644841, "lat": 1.3079080022352587, "label": "display"}], "postalCode": "131019", "address": "#01-02 Blk 19A Dover Crescent", "lng": 103.78471631644841, "city": "Singapore", "crossStreet": "19A Dover Crescent"}, "like": false, "allowMenuUrlEdit": true}, "height": 478}, {"width": 478, "visibility": "public", "createdAt": 1316063311, "id": "4e71884fd4c0f5c1494f2c76", "source": {"name": "Foursquare for Android", "url": "https://foursquare.com/download/#/android"}, "prefix": "https://igx.4sqi.net/img/general/", "suffix": "/11LHDHYIKOO0B5PDHME4E3BE1TREEMJVTHVNKJR0EIOJYHTM.jpg", "venue": {"contact": {"facebookUsername": "KeisukeTokyoSG", "facebookName": "Keisuke Tokyo- SG", "phone": "+6566360855", "facebook": "102790329768364", "formattedPhone": "+65 6636 0855"}, "name": "Ramen Keisuke Tonkotsu King", "categories": [{"name": "Ramen Restaurant", "shortName": "Ramen", "primary": true, "icon": {"prefix": "https://ss3.4sqi.net/img/categories_v2/food/ramen_", "suffix": ".png"}, "id": "55a59bace4b013909087cb24", "pluralName": "Ramen Restaurants"}], "beenHere": {"lastCheckinExpiredAt": 0}, "stats": {"checkinsCount": 5440, "tipCount": 85, "usersCount": 2884}, "verified": false, "url": "http://keisuke.sg", "id": "4e46685b887781a619a97c3e", "location": {"country": "Singapore", "formattedAddress": ["#01-19, Orchid Hotel (1 Tras Link)", "078867", "Singapore"], "cc": "SG", "lat": 1.276620483162365, "labeledLatLngs": [{"lng": 103.8439267873764, "lat": 1.276620483162365, "label": "display"}], "postalCode": "078867", "address": "#01-19, Orchid Hotel", "lng": 103.8439267873764, "city": "Singapore", "crossStreet": "1 Tras Link"}, "like": false, "allowMenuUrlEdit": true}, "height": 720}, {"width": 720, "visibility": "public", "createdAt": 1315540696, "id": "4e698ed8e4cdb37551326ddf", "source": {"name": "Foursquare for Android", "url": "https://foursquare.com/download/#/android"}, "prefix": "https://igx.4sqi.net/img/general/", "suffix": "/MMQCDCZKHLTRNBQUVRDV4V2S3K5RYBWMVTSNCJW2XNQLKUHM.jpg", "venue": {"contact": {"phone": "+6562925958", "formattedPhone": "+65 6292 5958"}, "name": "Warung Nasi Pariaman", "categories": [{"name": "Indonesian Restaurant", "shortName": "Indonesian", "primary": true, "icon": {"prefix": "https://ss3.4sqi.net/img/categories_v2/food/indonesian_", "suffix": ".png"}, "id": "4deefc054765f83613cdba6f", "pluralName": "Indonesian Restaurants"}], "beenHere": {"lastCheckinExpiredAt": 0}, "stats": {"checkinsCount": 1181, "tipCount": 26, "usersCount": 768}, "verified": false, "id": "4b0d4fc2f964a5201a4623e3", "location": {"country": "Singapore", "formattedAddress": ["738 North Bridge Rd (Kg Glam Conservation Area)", "198706", "Singapore"], "cc": "SG", "lat": 1.302805788659312, "labeledLatLngs": [{"lng": 103.85908949705802, "lat": 1.302805788659312, "label": "display"}], "postalCode": "198706", "address": "738 North Bridge Rd", "lng": 103.85908949705802, "city": "Singapore", "crossStreet": "Kg Glam Conservation Area"}, "like": false, "allowMenuUrlEdit": true}, "height": 478}]}}, "notifications": [{"type": "notificationTray", "item": {"unreadCount": 0}}], "meta": {"requestId": "595b5d8e4434b96bc8a3b189", "code": 200}}