{"response": {"totalCount": 1, "photos": {"count": 1, "items": [{"width": 960, "visibility": "public", "createdAt": 1364355210, "id": "5152688ae4b032fd5da4a21f", "source": {"name": "Foursquare for iOS", "url": "https://foursquare.com/download/#/iphone"}, "prefix": "https://igx.4sqi.net/img/general/", "suffix": "/10780075__cf1-qzbzHwQC6DXUvAAVnik2Bakd2HEQ4OD0kjE2zk.jpg", "venue": {"contact": {}, "name": "Gourmet Paradise", "categories": [{"name": "Food Court", "shortName": "Food Court", "primary": true, "icon": {"prefix": "https://ss3.4sqi.net/img/categories_v2/shops/food_foodcourt_", "suffix": ".png"}, "id": "4bf58dd8d48988d120951735", "pluralName": "Food Courts"}], "beenHere": {"lastCheckinExpiredAt": 0}, "stats": {"checkinsCount": 7690, "tipCount": 77, "usersCount": 2789}, "verified": false, "id": "4bd5824c637ba593b572f670", "location": {"country": "Singapore", "formattedAddress": ["B1, Toa Payoh HDB Hub (480 Lor 6 Toa Payoh)", "310480", "Singapore"], "cc": "SG", "lat": 1.3321769588119192, "labeledLatLngs": [{"lng": 103.84798668474309, "lat": 1.3321769588119192, "label": "display"}], "postalCode": "310480", "address": "B1, Toa Payoh HDB Hub", "lng": 103.84798668474309, "city": "Singapore", "crossStreet": "480 Lor 6 Toa Payoh"}, "like": false, "allowMenuUrlEdit": true}, "height": 720}]}}, "notifications": [{"type": "notificationTray", "item": {"unreadCount": 0}}], "meta": {"requestId": "595b5e14f594df3c3f0568c8", "code": 200}}