{"meta": {"code": 200, "requestId": "595b104bdb04f562ec4fbe6e"}, "notifications": [{"item": {"unreadCount": 0}, "type": "notificationTray"}], "response": {"photos": {"items": [{"height": 720, "source": {"url": "https://foursquare.com/download/#/iphone", "name": "Foursquare for iOS"}, "width": 537, "prefix": "https://igx.4sqi.net/img/general/", "createdAt": 1308651384, "id": "4e006f7840a372c33b352c99", "venue": {"like": false, "location": {"formattedAddress": ["#01-08/10, Tampines 1 (10 Tampines Ctrl 1)", "529536", "Singapore"], "city": "Singapore", "lng": 103.94544027937413, "cc": "SG", "country": "Singapore", "crossStreet": "10 Tampines Ctrl 1", "lat": 1.3539777637934074, "address": "#01-08/10, Tampines 1", "labeledLatLngs": [{"label": "display", "lat": 1.3539777637934074, "lng": 103.94544027937413}], "postalCode": "529536"}, "categories": [{"icon": {"prefix": "https://ss3.4sqi.net/img/categories_v2/food/donuts_", "suffix": ".png"}, "name": "Donut Shop", "id": "4bf58dd8d48988d148941735", "pluralName": "Donut Shops", "primary": true, "shortName": "Donuts"}], "verified": false, "contact": {}, "allowMenuUrlEdit": true, "stats": {"tipCount": 25, "usersCount": 2162, "checkinsCount": 3685}, "id": "4b72b3acf964a5206d842de3", "name": "J.Co Donuts & Coffee", "beenHere": {"lastCheckinExpiredAt": 0}}, "suffix": "/E3DOZJAXATBRWXDIACD535XIMOQ1DAOPYD4CRPYIM3RUHEB5.jpg", "visibility": "public"}], "count": 1}, "totalCount": 1}}