{"meta": {"code": 200, "requestId": "595af17b4434b96bca4e63db"}, "notifications": [{"item": {"unreadCount": 0}, "type": "notificationTray"}], "response": {"photos": {"items": [{"height": 1920, "source": {"url": "https://www.swarmapp.com", "name": "Swarm for iOS"}, "width": 1440, "prefix": "https://igx.4sqi.net/img/general/", "createdAt": 1452407488, "id": "5691fac0498ed848821dff3c", "venue": {"like": false, "location": {"cc": "ID", "country": "Indonesia", "lat": -8.691141448752917, "lng": 115.17500612331773, "labeledLatLngs": [{"label": "display", "lat": -8.691141448752917, "lng": 115.17500612331773}], "formattedAddress": ["Indonesia"]}, "categories": [{"icon": {"prefix": "https://ss3.4sqi.net/img/categories_v2/travel/hotel_", "suffix": ".png"}, "name": "Hotel", "id": "4bf58dd8d48988d1fa931735", "pluralName": "Hotels", "primary": true, "shortName": "Hotel"}], "verified": false, "contact": {}, "allowMenuUrlEdit": true, "stats": {"tipCount": 2, "usersCount": 49, "checkinsCount": 85}, "id": "51ccee81498e3f398b55699f", "name": "Asa Bali Luxury Villas and Spa", "beenHere": {"lastCheckinExpiredAt": 0}}, "suffix": "/10804420_LSvIgeWmDWqJSkQBCwWqdULCIv-V5mEFQ5IWhELGbdc.jpg", "visibility": "public"}, {"height": 1920, "source": {"url": "https://www.swarmapp.com", "name": "Swarm for iOS"}, "width": 1440, "prefix": "https://igx.4sqi.net/img/general/", "createdAt": 1452303052, "id": "569062cc498e3250c026cb58", "venue": {"like": false, "location": {"cc": "ID", "country": "Indonesia", "lat": -8.691141448752917, "lng": 115.17500612331773, "labeledLatLngs": [{"label": "display", "lat": -8.691141448752917, "lng": 115.17500612331773}], "formattedAddress": ["Indonesia"]}, "categories": [{"icon": {"prefix": "https://ss3.4sqi.net/img/categories_v2/travel/hotel_", "suffix": ".png"}, "name": "Hotel", "id": "4bf58dd8d48988d1fa931735", "pluralName": "Hotels", "primary": true, "shortName": "Hotel"}], "verified": false, "contact": {}, "allowMenuUrlEdit": true, "stats": {"tipCount": 2, "usersCount": 49, "checkinsCount": 85}, "id": "51ccee81498e3f398b55699f", "name": "Asa Bali Luxury Villas and Spa", "beenHere": {"lastCheckinExpiredAt": 0}}, "suffix": "/10804420_KSScuPL7ZjqTxo4dWL7VIkHZlSxFiJkIxuXRZX-mwxU.jpg", "visibility": "public"}, {"height": 717, "source": {"url": "https://foursquare.com/download/#/iphone", "name": "Foursquare for iOS"}, "width": 959, "prefix": "https://igx.4sqi.net/img/general/", "createdAt": 1361872009, "id": "512c8489e4b0547006c5dfea", "venue": {"like": false, "location": {"city": "\u897f\u8ca2", "lng": 114.27355435298006, "cc": "HK", "state": "Sai Kung District", "lat": 22.38207511822952, "address": "Wai Man Rd", "labeledLatLngs": [{"label": "display", "lat": 22.38207511822952, "lng": 114.27355435298006}], "formattedAddress": ["Wai Man Rd", "Sai Kung District", "\u9999\u6e2f"], "country": "\u9999\u6e2f"}, "categories": [{"icon": {"prefix": "https://ss3.4sqi.net/img/categories_v2/travel/busstation_", "suffix": ".png"}, "name": "Bus Station", "id": "4bf58dd8d48988d1fe931735", "pluralName": "Bus Stations", "primary": true, "shortName": "Bus Station"}], "verified": false, "contact": {}, "beenHere": {"lastCheckinExpiredAt": 0}, "stats": {"tipCount": 2, "usersCount": 610, "checkinsCount": 1031}, "id": "4b9b2eedf964a5207df835e3", "name": "Sai Kung Bus Terminus (\u897f\u8ca2\u5df4\u58eb\u7e3d\u7ad9)"}, "suffix": "/10804420_tbmyVGvr35isDvD_XblnVEmXs50GzNquFccB0pTvHS4.jpg", "visibility": "public"}, {"height": 959, "source": {"url": "https://foursquare.com/download/#/iphone", "name": "Foursquare for iOS"}, "width": 717, "prefix": "https://igx.4sqi.net/img/general/", "createdAt": 1361799638, "id": "512b69d6e4b03a532e7d9ba5", "venue": {"like": false, "location": {"city": "\u4e2d\u74b0", "lng": 114.15805811557065, "cc": "HK", "state": "\u4e2d\u897f\u5340", "lat": 22.284725371035574, "address": "Unit 3016-3018, 3/F, IFC Mall, 1 Harbour View St", "labeledLatLngs": [{"label": "display", "lat": 22.284725371035574, "lng": 114.15805811557065}], "formattedAddress": ["Unit 3016-3018, 3/F, IFC Mall, 1 Harbour View St", "\u4e2d\u897f\u5340", "\u9999\u6e2f"], "country": "\u9999\u6e2f"}, "categories": [{"icon": {"prefix": "https://ss3.4sqi.net/img/categories_v2/food/asian_", "suffix": ".png"}, "name": "Chinese Restaurant", "id": "4bf58dd8d48988d145941735", "pluralName": "Chinese Restaurants", "primary": true, "shortName": "Chinese"}], "verified": false, "contact": {"formattedPhone": "+852 2295 0101", "phone": "+85222950101"}, "allowMenuUrlEdit": true, "stats": {"tipCount": 71, "usersCount": 2311, "checkinsCount": 3519}, "id": "4b35b819f964a520ad2e25e3", "name": "Tasty Congee & Noodle Wantun Shop \u6b63\u6597\u7ca5\u9eb5\u5c08\u5bb6", "beenHere": {"lastCheckinExpiredAt": 0}}, "suffix": "/10804420_2U5cOcbibbyV_pGJGGNA7PmwyHd4WH8YRqCLPaMDKM8.jpg", "visibility": "public"}], "count": 4}, "totalCount": 4}}