{"meta": {"code": 200, "requestId": "595b2b8e4434b96c196b832b"}, "notifications": [{"item": {"unreadCount": 0}, "type": "notificationTray"}], "response": {"photos": {"items": [{"height": 720, "source": {"url": "https://foursquare.com/download/#/iphone", "name": "Foursquare for iOS"}, "width": 540, "prefix": "https://igx.4sqi.net/img/general/", "createdAt": 1327409446, "id": "4f1ea926e4b0d98f4ce54b9c", "venue": {"like": false, "location": {"formattedAddress": ["15 Beach Rd (Hawker Centre)", "189677", "Singapore"], "city": "Lavender", "lng": 103.86381738471452, "cc": "SG", "state": "Singapore", "crossStreet": "Hawker Centre", "lat": 1.3032495920791112, "address": "15 Beach Rd", "labeledLatLngs": [{"label": "display", "lat": 1.3032495920791112, "lng": 103.86381738471452}], "postalCode": "189677", "country": "Singapore"}, "categories": [], "verified": false, "contact": {}, "beenHere": {"lastCheckinExpiredAt": 0}, "stats": {"tipCount": 3, "usersCount": 13, "checkinsCount": 13}, "id": "4cdf411fabfb2c0f7a659b5a", "name": "Adimann Hainanese Chix & Western"}, "suffix": "/KMNTJBT11DDJUMSJO1WS4M55GF32VBMYREINWZVEHS5OBCB2.jpg", "visibility": "public"}, {"height": 720, "source": {"url": "https://foursquare.com/download/#/iphone", "name": "Foursquare for iOS"}, "width": 540, "prefix": "https://igx.4sqi.net/img/general/", "createdAt": 1321536994, "id": "4ec50de282313b6730290695", "venue": {"closed": true, "like": false, "location": {"formattedAddress": ["6 Raffles Boulevard #02-138L Marina Square", "039594", "Singapore"], "city": "Singapore", "lng": 103.8574531765934, "cc": "SG", "country": "Singapore", "lat": 1.2909222628428885, "address": "6 Raffles Boulevard #02-138L Marina Square", "postalCode": "039594"}, "categories": [{"icon": {"prefix": "https://ss3.4sqi.net/img/categories_v2/food/cafe_", "suffix": ".png"}, "name": "Caf\u00e9", "id": "4bf58dd8d48988d16d941735", "pluralName": "Caf\u00e9s", "primary": true, "shortName": "Caf\u00e9"}], "verified": false, "contact": {}, "allowMenuUrlEdit": true, "stats": {"tipCount": 15, "usersCount": 944, "checkinsCount": 1147}, "id": "4b0d53e6f964a520684623e3", "name": "Secret Recipe Cafe", "beenHere": {"lastCheckinExpiredAt": 0}}, "suffix": "/INZRUCSDQHFVCJU3NEWBP2EBWKHCTADZNNGYAESRQYLOXTQY.jpg", "visibility": "public"}, {"height": 720, "source": {"url": "https://foursquare.com/download/#/iphone", "name": "Foursquare for iOS"}, "width": 540, "prefix": "https://igx.4sqi.net/img/general/", "createdAt": 1312897010, "id": "4e4137f21f6e54050be6d1e2", "venue": {"location": {"formattedAddress": ["1 Liang Seah St. #01-13/14", "189022", "Singapore"], "city": "Singapore", "lng": 103.85613083839417, "cc": "SG", "country": "Singapore", "lat": 1.298303349906894, "address": "1 Liang Seah St. #01-13/14", "postalCode": "189022"}, "contact": {"formattedPhone": "+65 6836 6846", "phone": "+6568366846"}, "verified": false, "allowMenuUrlEdit": true, "stats": {"tipCount": 11, "usersCount": 932, "checkinsCount": 1663}, "id": "4d29705cf7a9224b54dbfe9f", "url": "http://www.swirlart.com.sg", "closed": true, "like": false, "categories": [{"icon": {"prefix": "https://ss3.4sqi.net/img/categories_v2/food/dessert_", "suffix": ".png"}, "name": "Dessert Shop", "id": "4bf58dd8d48988d1d0941735", "pluralName": "Dessert Shops", "primary": true, "shortName": "Desserts"}], "beenHere": {"lastCheckinExpiredAt": 0}, "name": "Swirl Art"}, "suffix": "/FASW0MJ2JDRQKPYID51TWB5MCTQF5TR1DRZ52GL3WVA1Y2IR.jpg", "visibility": "public"}], "count": 3}, "totalCount": 3}}