{"meta": {"code": 200, "requestId": "595af1da4c1f67705af69d8b"}, "notifications": [{"item": {"unreadCount": 0}, "type": "notificationTray"}], "response": {"photos": {"items": [{"height": 1920, "source": {"url": "https://foursquare.com/download/#/android", "name": "Foursquare for Android"}, "tip": {"agreeCount": 0, "canonicalUrl": "https://foursquare.com/item/54658308498eb8630765fe81", "todo": {"count": 0}, "logView": true, "disagreeCount": 0, "createdAt": 1415938824, "id": "54658308498eb8630765fe81", "text": "\uc2e4\ub85c\uc18c\ube44\uce58\uc5d0 \uc788\ub294 \ud53c\uc790\uc9d1. \uc0d0\ub7ec\ub4dc \ud30c\uc2a4\ud0c0 \ud53c\uc790 \uc774\ub7f0\uac70 \ud314\uc544\uc6a9. \uc5f0\uc5b4\ub4e4\uc5b4\uac04 \uc170\ud504\uc758 \ucd94\ucc9c\ud53c\uc790 \uc9f1\uc9f1 \ub9db\uc788\uc5b4\uc6a9~~ \ud574\uc9c8\ub158\uc5d0 \uac00\uba74 \uc11d\uc591\ubc14\ub77c\ubcf4\uba70 \uc800\ub141\uba39\uc744 \uc218 \uc787\uc5b4\uc694.\uc9c4\uc9dc \ucd94\ucc9c!!", "likes": {"groups": [], "count": 0}, "like": false, "type": "user"}, "width": 1920, "prefix": "https://igx.4sqi.net/img/general/", "createdAt": 1415939113, "id": "54658429498ed9e319f56a6d", "venue": {"like": false, "location": {"formattedAddress": ["Siloso Beach (101 Siloso Road)", "098970", "Singapore"], "city": "Sentosa", "lng": 103.81290435791016, "cc": "SG", "state": "Singapore", "crossStreet": "101 Siloso Road", "lat": 1.2544440254252276, "address": "Siloso Beach", "labeledLatLngs": [{"label": "display", "lat": 1.2544440254252276, "lng": 103.81290435791016}], "postalCode": "098970", "country": "Singapore"}, "categories": [{"icon": {"prefix": "https://ss3.4sqi.net/img/categories_v2/food/pizza_", "suffix": ".png"}, "name": "Pizza Place", "id": "4bf58dd8d48988d1ca941735", "pluralName": "Pizza Places", "primary": true, "shortName": "Pizza"}], "verified": false, "contact": {}, "allowMenuUrlEdit": true, "stats": {"tipCount": 22, "usersCount": 735, "checkinsCount": 987}, "id": "4bab1865f964a520d5943ae3", "name": "Trapizza", "beenHere": {"lastCheckinExpiredAt": 0}}, "suffix": "/10840196_-s923gZJxo37Q8VtSQRHY0MjL2mW9ZNdibEKkdDDtc4.jpg", "visibility": "public"}, {"height": 960, "source": {"url": "https://www.swarmapp.com", "name": "Swarm for Android"}, "width": 960, "prefix": "https://igx.4sqi.net/img/general/", "createdAt": 1414204491, "id": "544b0c4b498e04a65eb66f7f", "venue": {"venueRatingBlacklisted": true, "like": false, "location": {"formattedAddress": ["\uac15\uc11c\uad6c \ubc1c\uc0b01\ub3d9 169-1", "\ubc1c\uc0b01\ub3d9", "\uc11c\uc6b8\ud2b9\ubcc4\uc2dc", "\uc11c\uc6b8\ud2b9\ubcc4\uc2dc", "157-726", "\ub300\ud55c\ubbfc\uad6d"], "city": "\uc11c\uc6b8\ud2b9\ubcc4\uc2dc", "lng": 126.83442871124512, "cc": "KR", "state": "\uc11c\uc6b8\ud2b9\ubcc4\uc2dc", "lat": 37.553517116129306, "address": "\uac15\uc11c\uad6c \ubc1c\uc0b01\ub3d9 169-1", "labeledLatLngs": [{"label": "display", "lat": 37.553517116129306, "lng": 126.83442871124512}], "postalCode": "157-726", "country": "\ub300\ud55c\ubbfc\uad6d"}, "categories": [{"icon": {"prefix": "https://ss3.4sqi.net/img/categories_v2/building/school_", "suffix": ".png"}, "name": "High School", "id": "4bf58dd8d48988d13d941735", "pluralName": "High Schools", "primary": true, "shortName": "High School"}], "verified": false, "contact": {}, "beenHere": {"lastCheckinExpiredAt": 0}, "stats": {"tipCount": 1, "usersCount": 47, "checkinsCount": 64}, "id": "4c8caa54509e37048a6c3555", "name": "\uba85\ub355\uc5ec\uc790\uace0\ub4f1\ud559\uad50"}, "suffix": "/10840196_oREcDvwOT9lTY1Ao4qOmecO6MWR5v0AO2ZY_unhcI90.jpg", "visibility": "public"}, {"height": 960, "source": {"url": "https://foursquare.com/download/#/android", "name": "Foursquare for Android"}, "width": 540, "prefix": "https://igx.4sqi.net/img/general/", "createdAt": 1404737597, "id": "53ba983d498ed5b52f9f95dc", "venue": {"like": false, "location": {"cc": "KR", "country": "\ub300\ud55c\ubbfc\uad6d", "lat": 37.55650965749797, "lng": 126.9262026126609, "labeledLatLngs": [{"label": "display", "lat": 37.55650965749797, "lng": 126.9262026126609}], "formattedAddress": ["\uc11c\uad50\ub3d9", "\ub300\ud55c\ubbfc\uad6d"]}, "categories": [{"icon": {"prefix": "https://ss3.4sqi.net/img/categories_v2/nightlife/pub_", "suffix": ".png"}, "name": "Bar", "id": "4bf58dd8d48988d116941735", "pluralName": "Bars", "primary": true, "shortName": "Bar"}], "verified": false, "contact": {}, "allowMenuUrlEdit": true, "stats": {"tipCount": 1, "usersCount": 42, "checkinsCount": 64}, "id": "502cde8ce4b07f47388c0076", "name": "B-Turn", "beenHere": {"lastCheckinExpiredAt": 0}}, "suffix": "/10840196_VN6KKkqB_mZeRyr8vs3nRgJQcOwTL79y-TSqfddbVvk.jpg", "visibility": "public"}, {"height": 960, "source": {"url": "https://foursquare.com/download/#/android", "name": "Foursquare for Android"}, "width": 960, "prefix": "https://igx.4sqi.net/img/general/", "createdAt": 1382242790, "id": "526359e6498ec46f94eee03f", "venue": {"venueRatingBlacklisted": true, "closed": true, "like": false, "location": {"country": "\ub300\ud55c\ubbfc\uad6d", "lat": 37.25441890763942, "lng": 128.77937780340682, "formattedAddress": ["\ub300\ud55c\ubbfc\uad6d"], "cc": "KR"}, "categories": [{"icon": {"prefix": "https://ss3.4sqi.net/img/categories_v2/event/default_", "suffix": ".png"}, "name": "Festival", "id": "5267e4d9e4b0ec79466e48c7", "pluralName": "Festivals", "primary": true, "shortName": "Festival"}], "verified": false, "contact": {}, "beenHere": {"lastCheckinExpiredAt": 0}, "stats": {"tipCount": 2, "usersCount": 32, "checkinsCount": 34}, "id": "4ca8005944a8224b54821340", "name": "\ubbfc\ub465\uc0b0\uc5b5\uc0c8\uaf43\ucd95\uc81c"}, "suffix": "/10840196_X_RTmf8J3wK8mhjLfWFJSmxUV6CrWnFqZzZGzjuYNHg.jpg", "visibility": "public"}, {"height": 960, "source": {"url": "https://foursquare.com/download/#/android", "name": "Foursquare for Android"}, "width": 960, "prefix": "https://igx.4sqi.net/img/general/", "createdAt": 1380101423, "id": "5242ad2f498e493190dcceba", "venue": {"url": "http://www.caffeora.com", "like": false, "location": {"formattedAddress": ["\uc911\uad6c \uc6a9\uc720\uc11c\ub85c 380", "\uc778\ucc9c\uad11\uc5ed\uc2dc", "400-420", "\ub300\ud55c\ubbfc\uad6d"], "city": "\uc778\ucc9c\uad11\uc5ed\uc2dc", "lng": 126.3734773903431, "cc": "KR", "country": "\ub300\ud55c\ubbfc\uad6d", "lat": 37.45189993457365, "address": "\uc911\uad6c \uc6a9\uc720\uc11c\ub85c 380", "labeledLatLngs": [{"label": "display", "lat": 37.45189993457365, "lng": 126.3734773903431}], "postalCode": "400-420"}, "categories": [{"icon": {"prefix": "https://ss3.4sqi.net/img/categories_v2/food/cafe_", "suffix": ".png"}, "name": "Caf\u00e9", "id": "4bf58dd8d48988d16d941735", "pluralName": "Caf\u00e9s", "primary": true, "shortName": "Caf\u00e9"}], "verified": false, "contact": {"formattedPhone": "+82 32-752-0888", "phone": "+82327520888"}, "allowMenuUrlEdit": true, "stats": {"tipCount": 46, "usersCount": 1078, "checkinsCount": 1276}, "id": "4bb07b30f964a52092473ce3", "name": "Caff\u00e9 Ora", "beenHere": {"lastCheckinExpiredAt": 0}}, "suffix": "/10840196_HkT2t-2iIi6inHYTE_zJmTSeIOPlGk9ot0QH2s4tThg.jpg", "visibility": "public"}, {"height": 960, "source": {"url": "https://foursquare.com/download/#/android", "name": "Foursquare for Android"}, "width": 960, "prefix": "https://igx.4sqi.net/img/general/", "createdAt": 1379939369, "id": "52403429498eef0d359e76a0", "venue": {"location": {"formattedAddress": ["\ub9c8\ud3ec\uad6c \uc794\ub2e4\ub9ac\ub85c2\uae38 7 (\ubcf8\uc810)", "\uc11c\uad50\ub3d9", "\uc11c\uc6b8\ud2b9\ubcc4\uc2dc", "\uc11c\uc6b8\ud2b9\ubcc4\uc2dc", "121-893", "\ub300\ud55c\ubbfc\uad6d"], "city": "\uc11c\uc6b8\ud2b9\ubcc4\uc2dc", "lng": 126.920779, "cc": "KR", "state": "\uc11c\uc6b8\ud2b9\ubcc4\uc2dc", "lat": 37.549843, "address": "\ub9c8\ud3ec\uad6c \uc794\ub2e4\ub9ac\ub85c2\uae38 7", "crossStreet": "\ubcf8\uc810", "postalCode": "121-893", "country": "\ub300\ud55c\ubbfc\uad6d"}, "contact": {"formattedPhone": "+82 2-333-5325", "phone": "+8223335325"}, "verified": false, "allowMenuUrlEdit": true, "stats": {"tipCount": 40, "usersCount": 1100, "checkinsCount": 1626}, "id": "4bb871c2314e95216f72489d", "url": "http://blog.naver.com/peonysdream", "closed": true, "like": false, "categories": [{"icon": {"prefix": "https://ss3.4sqi.net/img/categories_v2/food/dessert_", "suffix": ".png"}, "name": "Dessert Shop", "id": "4bf58dd8d48988d1d0941735", "pluralName": "Dessert Shops", "primary": true, "shortName": "Desserts"}], "beenHere": {"lastCheckinExpiredAt": 0}, "name": "Peony (\ud53c\uc624\ub2c8)"}, "suffix": "/10840196_CW5q4uzF0FRcuwRVopQbl67QtDqHPJf6LiqM0g5uwnY.jpg", "visibility": "public"}, {"height": 960, "source": {"url": "https://foursquare.com/download/#/android", "name": "Foursquare for Android"}, "width": 720, "prefix": "https://igx.4sqi.net/img/general/", "createdAt": 1378792179, "id": "522eb2f311d26aa468fe0aa8", "venue": {"url": "http://www.rbgsyd.nsw.gov.au", "like": false, "location": {"formattedAddress": ["Macquarie St (Cahill Express Way)", "Sydney NSW 2000", "Australia"], "city": "Sydney", "lng": 151.21599197387695, "cc": "AU", "state": "NSW", "crossStreet": "Cahill Express Way", "lat": -33.86414397991936, "address": "Macquarie St", "labeledLatLngs": [{"label": "display", "lat": -33.86414397991936, "lng": 151.21599197387695}], "postalCode": "2000", "country": "Australia"}, "categories": [{"icon": {"prefix": "https://ss3.4sqi.net/img/categories_v2/parks_outdoors/botanicalgarden_", "suffix": ".png"}, "name": "Botanical Garden", "id": "52e81612bcbc57f1066b7a22", "pluralName": "Botanical Gardens", "primary": true, "shortName": "Botanical Garden"}], "verified": false, "contact": {"formattedPhone": "+61 2 9231 8111", "twitter": "rbgsydney", "phone": "+61292318111"}, "beenHere": {"lastCheckinExpiredAt": 0}, "stats": {"tipCount": 123, "usersCount": 10866, "checkinsCount": 17599}, "id": "4b058761f964a520188f22e3", "name": "Royal Botanic Garden"}, "suffix": "/10840196_UglR5I3mLhDO3CviXx-0Vho-EtgK2HzYJbL2tUWdAds.jpg", "visibility": "public"}, {"height": 960, "source": {"url": "https://foursquare.com/download/#/android", "name": "Foursquare for Android"}, "width": 720, "prefix": "https://igx.4sqi.net/img/general/", "createdAt": 1378688831, "id": "522d1f3f11d24cdd41ec4dab", "venue": {"venueRatingBlacklisted": true, "like": false, "location": {"city": "Nelson Bay", "state": "NSW", "cc": "AU", "country": "Australia", "lat": -32.711175918482276, "lng": 152.15616473213512, "labeledLatLngs": [{"label": "display", "lat": -32.711175918482276, "lng": 152.15616473213512}], "formattedAddress": ["Nelson Bay NSW", "Australia"]}, "categories": [{"icon": {"prefix": "https://ss3.4sqi.net/img/categories_v2/travel/boat_", "suffix": ".png"}, "name": "Boat or Ferry", "id": "4bf58dd8d48988d12d951735", "pluralName": "Boats or Ferries", "primary": true, "shortName": "Boat / Ferry"}], "verified": false, "contact": {}, "allowMenuUrlEdit": true, "stats": {"tipCount": 0, "usersCount": 15, "checkinsCount": 18}, "id": "4e7292f51f6e1a1b4ce9ab39", "name": "Moonshadow 5 - Whale Watching", "beenHere": {"lastCheckinExpiredAt": 0}}, "suffix": "/10840196_l9tthMoFDX9D2PG8uA79pYU5aUXWX4iBDFblW1MLbY0.jpg", "visibility": "public"}, {"height": 960, "source": {"url": "https://foursquare.com/download/#/android", "name": "Foursquare for Android"}, "width": 960, "prefix": "https://igx.4sqi.net/img/general/", "createdAt": 1376915247, "id": "52120f2f11d2e68fc4f14bc7", "venue": {"url": "http://cafemamas.co.kr", "like": false, "location": {"formattedAddress": ["\uc885\ub85c\uad6c \uc885\ub85c1\uae38 50 (\uad11\ud654\ubb38\uc810)", "\uc885\ub85c1.2.3.4\uac00\ub3d9", "\uc11c\uc6b8\ud2b9\ubcc4\uc2dc", "\uc11c\uc6b8\ud2b9\ubcc4\uc2dc", "03142", "\ub300\ud55c\ubbfc\uad6d"], "city": "\uc11c\uc6b8\ud2b9\ubcc4\uc2dc", "lng": 126.9787904262161, "cc": "KR", "state": "\uc11c\uc6b8\ud2b9\ubcc4\uc2dc", "crossStreet": "\uad11\ud654\ubb38\uc810", "lat": 37.57448150196556, "address": "\uc885\ub85c\uad6c \uc885\ub85c1\uae38 50", "labeledLatLngs": [{"label": "display", "lat": 37.57448150196556, "lng": 126.9787904262161}], "postalCode": "03142", "country": "\ub300\ud55c\ubbfc\uad6d"}, "categories": [{"icon": {"prefix": "https://ss3.4sqi.net/img/categories_v2/food/cafe_", "suffix": ".png"}, "name": "Caf\u00e9", "id": "4bf58dd8d48988d16d941735", "pluralName": "Caf\u00e9s", "primary": true, "shortName": "Caf\u00e9"}], "verified": false, "contact": {"formattedPhone": "+82 2-736-1250", "phone": "+8227361250"}, "allowMenuUrlEdit": true, "stats": {"tipCount": 31, "usersCount": 1199, "checkinsCount": 2249}, "id": "513e9befe4b0be38a7c379d0", "name": "Caf\u00e9 MAMAS", "beenHere": {"lastCheckinExpiredAt": 0}}, "suffix": "/10840196_-s3yz3_XLlwRMXVF_zuYzfrNCs6pllsLS9GfllTQTEc.jpg", "visibility": "public"}, {"height": 960, "source": {"url": "https://foursquare.com/download/#/android", "name": "Foursquare for Android"}, "width": 960, "prefix": "https://igx.4sqi.net/img/general/", "createdAt": 1376903628, "id": "5211e1cc11d2b0812ffe079b", "venue": {"like": false, "location": {"formattedAddress": ["\uc885\ub85c\uad6c \uc885\ub85c 19", "\uc885\ub85c1.2.3.4\uac00\ub3d9", "\uc11c\uc6b8\ud2b9\ubcc4\uc2dc", "\uc11c\uc6b8\ud2b9\ubcc4\uc2dc", "110-888", "\ub300\ud55c\ubbfc\uad6d"], "city": "\uc11c\uc6b8\ud2b9\ubcc4\uc2dc", "lng": 126.97962976122909, "cc": "KR", "state": "\uc11c\uc6b8\ud2b9\ubcc4\uc2dc", "lat": 37.570185014607674, "address": "\uc885\ub85c\uad6c \uc885\ub85c 19", "labeledLatLngs": [{"label": "display", "lat": 37.570185014607674, "lng": 126.97962976122909}], "postalCode": "110-888", "country": "\ub300\ud55c\ubbfc\uad6d"}, "categories": [{"icon": {"prefix": "https://ss3.4sqi.net/img/categories_v2/food/ramen_", "suffix": ".png"}, "name": "Noodle House", "id": "4bf58dd8d48988d1d1941735", "pluralName": "Noodle Houses", "primary": true, "shortName": "Noodles"}], "verified": false, "contact": {"formattedPhone": "+82 2-732-1954", "phone": "+8227321954"}, "allowMenuUrlEdit": true, "stats": {"tipCount": 51, "usersCount": 1975, "checkinsCount": 3195}, "id": "4b56e2d7f964a5202a1e28e3", "name": "\ubbf8\uc9c4 \uba54\ubc00\uad6d\uc218\ubcf4\uc308", "beenHere": {"lastCheckinExpiredAt": 0}}, "suffix": "/10840196_c5rypq8fppIIi9fA2JeSsBWgKrZUVRBCPp6eKXljHi8.jpg", "visibility": "public"}, {"height": 960, "source": {"url": "https://foursquare.com/download/#/android", "name": "Foursquare for Android"}, "width": 960, "prefix": "https://igx.4sqi.net/img/general/", "createdAt": 1376345897, "id": "52095f2911d2e325977c7b0c", "venue": {"like": false, "location": {"formattedAddress": ["\ub355\uc591\uad6c \ud654\uc2e0\ub85c272\ubc88\uae38 57 (\ud654\uc815\uc5ed\uc810)", "\uace0\uc591\uc2dc", "\uacbd\uae30\ub3c4", "412-827", "\ub300\ud55c\ubbfc\uad6d"], "city": "\uace0\uc591\uc2dc", "lng": 126.83163761377737, "cc": "KR", "state": "\uacbd\uae30\ub3c4", "crossStreet": "\ud654\uc815\uc5ed\uc810", "lat": 37.63372551649867, "address": "\ub355\uc591\uad6c \ud654\uc2e0\ub85c272\ubc88\uae38 57", "labeledLatLngs": [{"label": "display", "lat": 37.63372551649867, "lng": 126.83163761377737}], "postalCode": "412-827", "country": "\ub300\ud55c\ubbfc\uad6d"}, "categories": [{"icon": {"prefix": "https://ss3.4sqi.net/img/categories_v2/food/fastfood_", "suffix": ".png"}, "name": "Fast Food Restaurant", "id": "4bf58dd8d48988d16e941735", "pluralName": "Fast Food Restaurants", "primary": true, "shortName": "Fast Food"}], "verified": false, "contact": {"formattedPhone": "+82 31-970-5535", "phone": "+82319705535"}, "allowMenuUrlEdit": true, "stats": {"tipCount": 1, "usersCount": 71, "checkinsCount": 207}, "id": "4e1581f7aeb733245ecf8e8b", "name": "LOTTERIA (\ub86f\ub370\ub9ac\uc544)", "beenHere": {"lastCheckinExpiredAt": 0}}, "suffix": "/10840196_sos7f9C6a7iBYPs4x8NC8HWVLXbufgimEywhGaUayOs.jpg", "visibility": "public"}, {"height": 960, "source": {"url": "https://foursquare.com/download/#/android", "name": "Foursquare for Android"}, "tip": {"agreeCount": 1, "canonicalUrl": "https://foursquare.com/item/5202fc9a498e7df0109c8eaa", "todo": {"count": 0}, "logView": true, "disagreeCount": 0, "createdAt": 1375927450, "id": "5202fc9a498e7df0109c8eaa", "text": "\ud55c\uac15\ub300\uad50\uc704\uc5d0 \uc788\uc5b4\uc694~~ \ub9de\uc740\ud3b8\uc5d4 \ub178\ub4e4\uacac\uc6b0\uce74\ud398\uc788\uc74c \ud55c\uac15\ubcf4\uba74\uc11c \ucee4\ud53c\ub9c8\uc2dc\uae30 \uc88b\uc544\uc6a9", "likes": {"groups": [{"items": [{"photo": {"prefix": "https://igx.4sqi.net/img/user/", "suffix": "/Q1MBMIXF0M1Z3DGJ.jpg"}, "id": "31990285", "firstName": "SangHee", "gender": "female", "lastName": "Chung"}], "count": 1, "type": "others"}], "count": 1, "summary": "1 like"}, "like": false, "type": "user"}, "width": 960, "prefix": "https://igx.4sqi.net/img/general/", "createdAt": 1375927452, "id": "5202fc9c498e999ba35ab5a6", "venue": {"like": false, "location": {"formattedAddress": ["\uc6a9\uc0b0\uad6c \uc591\ub155\ub85c 495", "\uc774\ucd0c2\ub3d9", "\uc11c\uc6b8\ud2b9\ubcc4\uc2dc", "\uc11c\uc6b8\ud2b9\ubcc4\uc2dc", "140-030", "\ub300\ud55c\ubbfc\uad6d"], "city": "\uc11c\uc6b8\ud2b9\ubcc4\uc2dc", "lng": 126.96097851251353, "cc": "KR", "state": "\uc11c\uc6b8\ud2b9\ubcc4\uc2dc", "lat": 37.521580523881454, "address": "\uc6a9\uc0b0\uad6c \uc591\ub155\ub85c 495", "labeledLatLngs": [{"label": "display", "lat": 37.521580523881454, "lng": 126.96097851251353}], "postalCode": "140-030", "country": "\ub300\ud55c\ubbfc\uad6d"}, "categories": [{"icon": {"prefix": "https://ss3.4sqi.net/img/categories_v2/food/coffeeshop_", "suffix": ".png"}, "name": "Coffee Shop", "id": "4bf58dd8d48988d1e0931735", "pluralName": "Coffee Shops", "primary": true, "shortName": "Coffee Shop"}], "verified": false, "contact": {"formattedPhone": "+82 2-796-2004", "phone": "+8227962004"}, "allowMenuUrlEdit": true, "stats": {"tipCount": 11, "usersCount": 424, "checkinsCount": 1198}, "id": "4b63a5c0f964a52085892ae3", "name": "\ub178\ub4e4\uc9c1\ub140\uce74\ud398", "beenHere": {"lastCheckinExpiredAt": 0}}, "suffix": "/10840196_jxspzrhcw_RwsKD7yrge3LuIdPmDwFw9ENI5FADRSIc.jpg", "visibility": "public"}, {"height": 960, "source": {"url": "https://foursquare.com/download/#/android", "name": "Foursquare for Android"}, "tip": {"agreeCount": 0, "canonicalUrl": "https://foursquare.com/item/51e820d4498e8348cd8991e9", "todo": {"count": 0}, "logView": true, "disagreeCount": 0, "createdAt": 1374167252, "id": "51e820d4498e8348cd8991e9", "text": "\uc2a4\ub07c\ub2e4\uc2dc \uc644\uc804 \ub9ce\uc544\uc6a9~~ \uc0ac\uc7a5\ub2d8\ub3c4 \ub118\ub118 \uc88b\uc74c \uac15\ucd94\uac15\ucd94", "likes": {"groups": [], "count": 0}, "like": false, "type": "user"}, "width": 960, "prefix": "https://igx.4sqi.net/img/general/", "createdAt": 1374167254, "id": "51e820d6498e5fb1ebb49f65", "venue": {"like": false, "location": {"cc": "KR", "country": "\ub300\ud55c\ubbfc\uad6d", "lat": 37.451867, "lng": 126.601047, "labeledLatLngs": [{"label": "display", "lat": 37.451867, "lng": 126.601047}], "formattedAddress": ["\ub300\ud55c\ubbfc\uad6d"]}, "categories": [{"icon": {"prefix": "https://ss3.4sqi.net/img/categories_v2/food/seafood_", "suffix": ".png"}, "name": "Seafood Restaurant", "id": "4bf58dd8d48988d1ce941735", "pluralName": "Seafood Restaurants", "primary": true, "shortName": "Seafood"}], "verified": false, "contact": {}, "allowMenuUrlEdit": true, "stats": {"tipCount": 3, "usersCount": 14, "checkinsCount": 14}, "id": "4bca7791511f9521b6f7afc7", "name": "\ub0b4\uace0\ud5a5\uac15\uc6d0\ub3c4(\uc5f0\uc548\ubd80\ub450)", "beenHere": {"lastCheckinExpiredAt": 0}}, "suffix": "/10840196_j7GKFtZMigVfh1rMozurcjJAFWWBz9vKNZt9nrjWcww.jpg", "visibility": "public"}, {"height": 960, "source": {"url": "https://foursquare.com/download/#/android", "name": "Foursquare for Android"}, "width": 960, "prefix": "https://igx.4sqi.net/img/general/", "createdAt": 1374167145, "id": "51e82069498e8b9e25e761c4", "venue": {"like": false, "location": {"cc": "KR", "country": "\ub300\ud55c\ubbfc\uad6d", "lat": 37.451867, "lng": 126.601047, "labeledLatLngs": [{"label": "display", "lat": 37.451867, "lng": 126.601047}], "formattedAddress": ["\ub300\ud55c\ubbfc\uad6d"]}, "categories": [{"icon": {"prefix": "https://ss3.4sqi.net/img/categories_v2/food/seafood_", "suffix": ".png"}, "name": "Seafood Restaurant", "id": "4bf58dd8d48988d1ce941735", "pluralName": "Seafood Restaurants", "primary": true, "shortName": "Seafood"}], "verified": false, "contact": {}, "allowMenuUrlEdit": true, "stats": {"tipCount": 3, "usersCount": 14, "checkinsCount": 14}, "id": "4bca7791511f9521b6f7afc7", "name": "\ub0b4\uace0\ud5a5\uac15\uc6d0\ub3c4(\uc5f0\uc548\ubd80\ub450)", "beenHere": {"lastCheckinExpiredAt": 0}}, "suffix": "/10840196_zvtCChuKz4vr5WsLm6-TZjLUdIGhbuSHvaveaWWU5hk.jpg", "visibility": "public"}, {"height": 960, "source": {"url": "https://foursquare.com/download/#/android", "name": "Foursquare for Android"}, "width": 960, "prefix": "https://igx.4sqi.net/img/general/", "createdAt": 1373787664, "id": "51e25610498e3f6d0e1959d9", "venue": {"like": false, "location": {"city": "Kimpo", "lng": 126.77082227763853, "cc": "KR", "state": "\uacbd\uae30\ub3c4", "crossStreet": "\uae40\ud3ec\uace0\ucd0c\uc810", "lat": 37.60101983587773, "address": "\uace0\ucd0c\uc74d \uae40\ud3ec\ub300\ub85c 334", "labeledLatLngs": [{"label": "display", "lat": 37.60101983587773, "lng": 126.77082227763853}], "formattedAddress": ["\uace0\ucd0c\uc74d \uae40\ud3ec\ub300\ub85c 334 (\uae40\ud3ec\uace0\ucd0c\uc810)", "Kimpo", "\uacbd\uae30\ub3c4", "\ub300\ud55c\ubbfc\uad6d"], "country": "\ub300\ud55c\ubbfc\uad6d"}, "categories": [{"icon": {"prefix": "https://ss3.4sqi.net/img/categories_v2/food/icecream_", "suffix": ".png"}, "name": "Ice Cream Shop", "id": "4bf58dd8d48988d1c9941735", "pluralName": "Ice Cream Shops", "primary": true, "shortName": "Ice Cream"}], "verified": false, "contact": {}, "allowMenuUrlEdit": true, "stats": {"tipCount": 0, "usersCount": 13, "checkinsCount": 75}, "id": "4fabaee0e4b050ddfdfd6be9", "name": "Baskin Robbins 31", "beenHere": {"lastCheckinExpiredAt": 0}}, "suffix": "/10840196_ytCpdjuw0exvWqWoIg0F6nSzw6yJiCUvmkdHZ5qtGlI.jpg", "visibility": "public"}, {"height": 960, "source": {"url": "https://foursquare.com/download/#/android", "name": "Foursquare for Android"}, "width": 960, "prefix": "https://igx.4sqi.net/img/general/", "createdAt": 1371192873, "id": "51babe29498ea1a21062d9b7", "venue": {"url": "http://provence.co.kr", "like": false, "location": {"formattedAddress": ["\ud0c4\ud604\uba74 \uc0c8\uc624\ub9ac\ub85c 77", "\ud30c\uc8fc\uc2dc", "\uacbd\uae30\ub3c4", "10858", "\ub300\ud55c\ubbfc\uad6d"], "city": "\ud30c\uc8fc\uc2dc", "lng": 126.68453298749166, "cc": "KR", "state": "\uacbd\uae30\ub3c4", "lat": 37.791089077549124, "address": "\ud0c4\ud604\uba74 \uc0c8\uc624\ub9ac\ub85c 77", "labeledLatLngs": [{"label": "display", "lat": 37.791089077549124, "lng": 126.68453298749166}], "postalCode": "10858", "country": "\ub300\ud55c\ubbfc\uad6d"}, "categories": [{"icon": {"prefix": "https://ss3.4sqi.net/img/categories_v2/parks_outdoors/outdoors_", "suffix": ".png"}, "name": "Other Great Outdoors", "id": "4bf58dd8d48988d162941735", "pluralName": "Other Great Outdoors", "primary": true, "shortName": "Other Outdoors"}], "verified": false, "contact": {"formattedPhone": "+82 31-945-0230", "phone": "+82319450230"}, "beenHere": {"lastCheckinExpiredAt": 0}, "stats": {"tipCount": 25, "usersCount": 2400, "checkinsCount": 2908}, "id": "4be123520365c9b6a300b338", "name": "Provence Village (\ud504\ub85c\ubc29\uc2a4\ub9c8\uc744)", "venueRatingBlacklisted": true}, "suffix": "/10840196_p-Ah9mcWEGVtTA1zoTJsVUlT_BO4JeBz-DNyQ5JlMzs.jpg", "visibility": "public"}, {"height": 720, "source": {"url": "https://foursquare.com/download/#/android", "name": "Foursquare for Android"}, "width": 960, "prefix": "https://igx.4sqi.net/img/general/", "createdAt": 1363164669, "id": "51403dfde4b086bae3455728", "venue": {"like": false, "location": {"cc": "KR", "country": "\ub300\ud55c\ubbfc\uad6d", "lat": 37.5582275390625, "lng": 126.91805267333984, "labeledLatLngs": [{"label": "display", "lat": 37.5582275390625, "lng": 126.91805267333984}], "formattedAddress": ["\uc11c\uad50\ub3d9", "\ub300\ud55c\ubbfc\uad6d"]}, "categories": [{"icon": {"prefix": "https://ss3.4sqi.net/img/categories_v2/food/cafe_", "suffix": ".png"}, "name": "Caf\u00e9", "id": "4bf58dd8d48988d16d941735", "pluralName": "Caf\u00e9s", "primary": true, "shortName": "Caf\u00e9"}], "verified": false, "contact": {}, "allowMenuUrlEdit": true, "stats": {"tipCount": 0, "usersCount": 2, "checkinsCount": 2}, "id": "51403d7ce4b0038a9704312b", "name": "\uacf0\ubc1c\uce74\ud398", "beenHere": {"lastCheckinExpiredAt": 0}}, "suffix": "/10840196_D9sjeqN_Lpl7q-nmR7Fss4SBGMASV9WHguA78Cy-Ai0.jpg", "visibility": "public"}, {"height": 960, "source": {"url": "https://foursquare.com/download/#/android", "name": "Foursquare for Android"}, "width": 720, "prefix": "https://igx.4sqi.net/img/general/", "createdAt": 1362730780, "id": "51399f1ce4b0fb98e2a3f48d", "venue": {"like": false, "location": {"cc": "KR", "country": "\ub300\ud55c\ubbfc\uad6d", "lat": 37.53417131619069, "lng": 127.11175673536259, "labeledLatLngs": [{"label": "display", "lat": 37.53417131619069, "lng": 127.11175673536259}], "formattedAddress": ["\ud48d\ub0a92\ub3d9", "\ub300\ud55c\ubbfc\uad6d"]}, "categories": [{"icon": {"prefix": "https://ss3.4sqi.net/img/categories_v2/food/streetfood_", "suffix": ".png"}, "name": "Food Truck", "id": "4bf58dd8d48988d1cb941735", "pluralName": "Food Trucks", "primary": true, "shortName": "Food Truck"}], "verified": false, "contact": {}, "allowMenuUrlEdit": true, "stats": {"tipCount": 0, "usersCount": 14, "checkinsCount": 14}, "id": "50d1562de4b072dcb8a65947", "name": "\uc0bc\ubcf4\ub2f9 \ud638\ub5a1", "beenHere": {"lastCheckinExpiredAt": 0}}, "suffix": "/10840196_khVLTE2TfD3ORVv5IRFl_wVM0yunGs_KvdAFDHSw8qE.jpg", "visibility": "public"}, {"height": 960, "source": {"url": "https://foursquare.com/download/#/android", "name": "Foursquare for Android"}, "width": 960, "prefix": "https://igx.4sqi.net/img/general/", "createdAt": 1362642937, "id": "513847f9e4b00666041b6dca", "venue": {"url": "http://sema.seoul.go.kr", "like": false, "location": {"formattedAddress": ["\ub355\uc218\uad81\uae38 61 (\uc11c\uc18c\ubb38\ubcf8\uad00)", "\uc18c\uacf5\ub3d9", "\uc911\uad6c", "\uc11c\uc6b8\ud2b9\ubcc4\uc2dc", "04515", "\ub300\ud55c\ubbfc\uad6d"], "city": "\uc11c\uc6b8\ud2b9\ubcc4\uc2dc", "lng": 126.9738329070242, "cc": "KR", "state": "\uc11c\uc6b8\ud2b9\ubcc4\uc2dc", "crossStreet": "\uc11c\uc18c\ubb38\ubcf8\uad00", "lat": 37.56447353706013, "address": "\ub355\uc218\uad81\uae38 61", "labeledLatLngs": [{"label": "display", "lat": 37.56447353706013, "lng": 126.9738329070242}], "postalCode": "04515", "country": "\ub300\ud55c\ubbfc\uad6d"}, "categories": [{"icon": {"prefix": "https://ss3.4sqi.net/img/categories_v2/arts_entertainment/museum_art_", "suffix": ".png"}, "name": "Art Museum", "id": "4bf58dd8d48988d18f941735", "pluralName": "Art Museums", "primary": true, "shortName": "Art Museum"}], "verified": false, "contact": {"twitter": "seoulsema", "facebookName": "\uc11c\uc6b8\uc2dc\ub9bd\ubbf8\uc220\uad00 Seoul Museum of Art", "formattedPhone": "+82 2-2124-8800", "phone": "+82221248800", "facebookUsername": "SeoulMuseumofArt.kr", "facebook": "267499343348483"}, "allowMenuUrlEdit": true, "stats": {"tipCount": 63, "usersCount": 7879, "checkinsCount": 11807}, "id": "4c53ad814623be9acc9f80f1", "name": "Seoul Museum of Art (\uc11c\uc6b8\uc2dc\ub9bd\ubbf8\uc220\uad00)", "beenHere": {"lastCheckinExpiredAt": 0}}, "suffix": "/10840196_8Wzct3JIQZsKKZ28Bxb6LosmBSQFIHpg3sM9KuU6w-8.jpg", "visibility": "public"}, {"height": 960, "source": {"url": "https://foursquare.com/download/#/android", "name": "Foursquare for Android"}, "width": 720, "prefix": "https://igx.4sqi.net/img/general/", "createdAt": 1361877395, "id": "512c9993e4b0c94a5a4558dd", "venue": {"closed": true, "like": false, "location": {"formattedAddress": ["\uc870\uc548\uba74 \ub2e4\uc0b0\ub85c494\ubc88\uae38 22", "\ub0a8\uc591\uc8fc\uc2dc", "\uacbd\uae30\ub3c4", "472-871", "\ub300\ud55c\ubbfc\uad6d"], "city": "\ub0a8\uc591\uc8fc\uc2dc", "lng": 127.28925227293804, "cc": "KR", "state": "\uacbd\uae30\ub3c4", "lat": 37.52319318475836, "address": "\uc870\uc548\uba74 \ub2e4\uc0b0\ub85c494\ubc88\uae38 22", "labeledLatLngs": [{"label": "display", "lat": 37.52319318475836, "lng": 127.28925227293804}], "postalCode": "472-871", "country": "\ub300\ud55c\ubbfc\uad6d"}, "categories": [{"icon": {"prefix": "https://ss3.4sqi.net/img/categories_v2/food/korean_", "suffix": ".png"}, "name": "Korean Restaurant", "id": "4bf58dd8d48988d113941735", "pluralName": "Korean Restaurants", "primary": true, "shortName": "Korean"}], "verified": false, "contact": {"formattedPhone": "+82 31-576-7711", "phone": "+82315767711"}, "allowMenuUrlEdit": true, "stats": {"tipCount": 75, "usersCount": 3254, "checkinsCount": 4367}, "id": "4b3ded9cf964a5206f9725e3", "name": "Bonjour (\ubd09\uc8fc\ub974)", "beenHere": {"lastCheckinExpiredAt": 0}}, "suffix": "/10840196_BkHnKun_RIwdYX4hVuCldvwfyRXi7cuQ4bDfSc-vYlg.jpg", "visibility": "public"}, {"height": 720, "source": {"url": "https://foursquare.com/download/#/android", "name": "Foursquare for Android"}, "width": 405, "prefix": "https://igx.4sqi.net/img/general/", "createdAt": 1359372436, "id": "51066094e4b01719c2a08320", "venue": {"like": false, "location": {"city": "\uace0\uc591\uc2dc", "lng": 126.77072232369872, "cc": "KR", "state": "\uacbd\uae30\ub3c4", "lat": 37.657213671142756, "address": "\uc77c\uc0b0\ub3d9\uad6c \uc911\uc559\ub85c1261\ubc88\uae38 59", "labeledLatLngs": [{"label": "display", "lat": 37.657213671142756, "lng": 126.77072232369872}], "formattedAddress": ["\uc77c\uc0b0\ub3d9\uad6c \uc911\uc559\ub85c1261\ubc88\uae38 59", "\uace0\uc591\uc2dc", "\uacbd\uae30\ub3c4", "\ub300\ud55c\ubbfc\uad6d"], "country": "\ub300\ud55c\ubbfc\uad6d"}, "categories": [{"icon": {"prefix": "https://ss3.4sqi.net/img/categories_v2/nightlife/default_", "suffix": ".png"}, "name": "Lounge", "id": "4bf58dd8d48988d121941735", "pluralName": "Lounges", "primary": true, "shortName": "Lounge"}], "verified": false, "contact": {"formattedPhone": "+82 31-905-9098", "phone": "+82319059098"}, "allowMenuUrlEdit": true, "stats": {"tipCount": 4, "usersCount": 133, "checkinsCount": 261}, "id": "4c091d84bbc676b0a99547d5", "name": "\uc9c0\ub290\ub7ec\ubbf8\ubc14", "beenHere": {"lastCheckinExpiredAt": 0}}, "suffix": "/10840196_brcEBZv9hBiDlZ5to_bJqifR12p3vIrSn-ljlCnqbEc.jpg", "visibility": "public"}, {"height": 640, "source": {"url": "https://foursquare.com/download/#/android", "name": "Foursquare for Android"}, "width": 480, "prefix": "https://igx.4sqi.net/img/general/", "createdAt": 1358938431, "id": "50ffc13fe4b07ef68a90fd49", "venue": {"like": false, "location": {"city": "\uc11c\uc6b8\ud2b9\ubcc4\uc2dc", "lng": 126.98573563299264, "cc": "KR", "state": "\uc11c\uc6b8\ud2b9\ubcc4\uc2dc", "lat": 37.562057025529455, "address": "\uc911\uad6c \uba85\ub3d910\uae3838", "labeledLatLngs": [{"label": "display", "lat": 37.562057025529455, "lng": 126.98573563299264}], "formattedAddress": ["\uc911\uad6c \uba85\ub3d910\uae3838", "\uba85\ub3d9", "\uc11c\uc6b8\ud2b9\ubcc4\uc2dc", "\uc11c\uc6b8\ud2b9\ubcc4\uc2dc", "\ub300\ud55c\ubbfc\uad6d"], "country": "\ub300\ud55c\ubbfc\uad6d"}, "categories": [{"icon": {"prefix": "https://ss3.4sqi.net/img/categories_v2/nightlife/default_", "suffix": ".png"}, "name": "Lounge", "id": "4bf58dd8d48988d121941735", "pluralName": "Lounges", "primary": true, "shortName": "Lounge"}], "verified": false, "contact": {}, "allowMenuUrlEdit": true, "stats": {"tipCount": 1, "usersCount": 135, "checkinsCount": 156}, "id": "4ec4f23861af4438d1107e30", "name": "Lounge On 6", "beenHere": {"lastCheckinExpiredAt": 0}}, "suffix": "/10840196_j2OQ5UX75qK7u92CNCUGdbdpnFEga4idF2ji7mNktqI.jpg", "visibility": "public"}, {"height": 720, "source": {"url": "https://foursquare.com/download/#/android", "name": "Foursquare for Android"}, "width": 405, "prefix": "https://igx.4sqi.net/img/general/", "createdAt": 1358504864, "id": "50f923a0e4b031f037e4990e", "venue": {"url": "http://www.gangdongarts.or.kr", "like": false, "location": {"formattedAddress": ["\uac15\ub3d9\uad6c \ub3d9\ub0a8\ub85c 870", "\uc0c1\uc77c\ub3d9", "\uc11c\uc6b8\ud2b9\ubcc4\uc2dc", "\uc11c\uc6b8\ud2b9\ubcc4\uc2dc", "134-090", "\ub300\ud55c\ubbfc\uad6d"], "city": "\uc11c\uc6b8\ud2b9\ubcc4\uc2dc", "lng": 127.15634566313777, "cc": "KR", "state": "\uc11c\uc6b8\ud2b9\ubcc4\uc2dc", "lat": 37.551022121391334, "address": "\uac15\ub3d9\uad6c \ub3d9\ub0a8\ub85c 870", "labeledLatLngs": [{"label": "display", "lat": 37.551022121391334, "lng": 127.15634566313777}], "postalCode": "134-090", "country": "\ub300\ud55c\ubbfc\uad6d"}, "categories": [{"icon": {"prefix": "https://ss3.4sqi.net/img/categories_v2/arts_entertainment/performingarts_", "suffix": ".png"}, "name": "Performing Arts Venue", "id": "4bf58dd8d48988d1f2931735", "pluralName": "Performing Arts Venues", "primary": true, "shortName": "Performing Arts"}], "verified": false, "contact": {"formattedPhone": "+82 2-440-0500", "twitter": "gangdongarts", "phone": "+8224400500"}, "allowMenuUrlEdit": true, "stats": {"tipCount": 8, "usersCount": 586, "checkinsCount": 2284}, "id": "4dac13a86a2303012f303675", "name": "Gangdong Arts Center (\uac15\ub3d9\uc544\ud2b8\uc13c\ud130)", "beenHere": {"lastCheckinExpiredAt": 0}}, "suffix": "/10840196_sXBx-4InA9oKtME_8UPmrKFdXtuyyLZ2q8TNOMhaGIw.jpg", "visibility": "public"}, {"height": 720, "source": {"url": "https://foursquare.com/download/#/android", "name": "Foursquare for Android"}, "width": 405, "prefix": "https://igx.4sqi.net/img/general/", "createdAt": 1358463613, "id": "50f8827de4b03452dec43dbe", "venue": {"url": "http://www.twosome.co.kr", "like": false, "location": {"formattedAddress": ["\ub355\uc591\uad6c \ud654\uc911\ub85c 72 (\uc77c\uc0b0\ud654\uc815\uc810)", "\uace0\uc591\uc2dc", "\uacbd\uae30\ub3c4", "412-827", "\ub300\ud55c\ubbfc\uad6d"], "city": "\uace0\uc591\uc2dc", "lng": 126.83130120318363, "cc": "KR", "state": "\uacbd\uae30\ub3c4", "crossStreet": "\uc77c\uc0b0\ud654\uc815\uc810", "lat": 37.63339795264197, "address": "\ub355\uc591\uad6c \ud654\uc911\ub85c 72", "labeledLatLngs": [{"label": "display", "lat": 37.63339795264197, "lng": 126.83130120318363}], "postalCode": "412-827", "country": "\ub300\ud55c\ubbfc\uad6d"}, "categories": [{"icon": {"prefix": "https://ss3.4sqi.net/img/categories_v2/food/cafe_", "suffix": ".png"}, "name": "Caf\u00e9", "id": "4bf58dd8d48988d16d941735", "pluralName": "Caf\u00e9s", "primary": true, "shortName": "Caf\u00e9"}], "verified": false, "contact": {"formattedPhone": "+82 31-930-5577", "twitter": "atwosomeplace", "phone": "+82319305577"}, "allowMenuUrlEdit": true, "stats": {"tipCount": 8, "usersCount": 267, "checkinsCount": 610}, "id": "4bc02c682a89ef3bf53ff088", "name": "A TWOSOME PLACE", "beenHere": {"lastCheckinExpiredAt": 0}}, "suffix": "/10840196_2QG9qcXnagEUgz5UA1f2IAY7kx1CpkfDNPN0__xNmT8.jpg", "visibility": "public"}, {"height": 405, "source": {"url": "https://foursquare.com/download/#/android", "name": "Foursquare for Android"}, "width": 720, "prefix": "https://igx.4sqi.net/img/general/", "createdAt": 1357886179, "id": "50efb2e3e4b09b7390db8df3", "venue": {"like": false, "location": {"cc": "KR", "country": "\ub300\ud55c\ubbfc\uad6d", "lat": 37.629229526601605, "lng": 126.83519085697675, "labeledLatLngs": [{"label": "display", "lat": 37.629229526601605, "lng": 126.83519085697675}], "formattedAddress": ["\ub300\ud55c\ubbfc\uad6d"]}, "categories": [], "verified": false, "contact": {}, "beenHere": {"lastCheckinExpiredAt": 0}, "stats": {"tipCount": 0, "usersCount": 6, "checkinsCount": 22}, "id": "4f51ec48e4b0d3a8f41b4fab", "name": "MurMuring"}, "suffix": "/10840196_P1nlEpq0oPXW5RhDuzpHnFfvZRW2A32qFL9CYP2_qSQ.jpg", "visibility": "public"}, {"height": 720, "source": {"url": "https://foursquare.com/download/#/android", "name": "Foursquare for Android"}, "width": 405, "prefix": "https://igx.4sqi.net/img/general/", "createdAt": 1357542641, "id": "50ea74f1e4b0b57b9eb5e3ef", "venue": {"like": false, "location": {"cc": "KR", "country": "\ub300\ud55c\ubbfc\uad6d", "lat": 37.58218434116244, "lng": 127.00068175792694, "labeledLatLngs": [{"label": "display", "lat": 37.58218434116244, "lng": 127.00068175792694}], "formattedAddress": ["\uc774\ud654\ub3d9", "\ub300\ud55c\ubbfc\uad6d"]}, "categories": [{"icon": {"prefix": "https://ss3.4sqi.net/img/categories_v2/food/cafe_", "suffix": ".png"}, "name": "Caf\u00e9", "id": "4bf58dd8d48988d16d941735", "pluralName": "Caf\u00e9s", "primary": true, "shortName": "Caf\u00e9"}], "verified": false, "contact": {}, "allowMenuUrlEdit": true, "stats": {"tipCount": 2, "usersCount": 61, "checkinsCount": 106}, "id": "4b8de328f964a520211233e3", "name": "\uacf0\ub2e4\ubc29", "beenHere": {"lastCheckinExpiredAt": 0}}, "suffix": "/10840196_potfunqgvmkG175K2Sok-liG8_QWejhr3EgX2jLyj9U.jpg", "visibility": "public"}, {"height": 540, "source": {"url": "https://foursquare.com/download/#/android", "name": "Foursquare for Android"}, "width": 720, "prefix": "https://igx.4sqi.net/img/general/", "createdAt": 1355816231, "id": "50d01d27e4b0a46c024534e4", "venue": {"like": false, "location": {"cc": "KR", "country": "\ub300\ud55c\ubbfc\uad6d", "lat": 37.560245087583674, "lng": 126.84537131717154, "labeledLatLngs": [{"label": "display", "lat": 37.560245087583674, "lng": 126.84537131717154}], "formattedAddress": ["\ub4f1\ucd0c3\ub3d9", "\ub300\ud55c\ubbfc\uad6d"]}, "categories": [{"icon": {"prefix": "https://ss3.4sqi.net/img/categories_v2/shops/furniture_", "suffix": ".png"}, "name": "Furniture / Home Store", "id": "4bf58dd8d48988d1f8941735", "pluralName": "Furniture / Home Stores", "primary": true, "shortName": "Furniture / Home"}], "verified": false, "contact": {}, "allowMenuUrlEdit": true, "stats": {"tipCount": 0, "usersCount": 14, "checkinsCount": 14}, "id": "4f705a44e4b01489bc2cb55a", "name": "\ubaa8\ub358\ud558\uc6b0\uc2a4", "beenHere": {"lastCheckinExpiredAt": 0}}, "suffix": "/10840196_O1YjkGAGuuKjXRcHIB485HRGBlZvWbT5Ye6VLw3TerE.jpg", "visibility": "public"}, {"height": 720, "source": {"url": "https://foursquare.com/download/#/android", "name": "Foursquare for Android"}, "width": 405, "prefix": "https://igx.4sqi.net/img/general/", "createdAt": 1352980561, "id": "50a4d851e4b016b109c36709", "venue": {"url": "http://www.istarbucks.co.kr", "like": false, "location": {"formattedAddress": ["\uc911\uad6c \ub0a8\ub300\ubb38\ub85c 114-1 (\uc744\uc9c0\ub85c1\uac00\uc810)", "\uba85\ub3d9", "\uc11c\uc6b8\ud2b9\ubcc4\uc2dc", "\uc11c\uc6b8\ud2b9\ubcc4\uc2dc", "100-091", "\ub300\ud55c\ubbfc\uad6d"], "city": "\uc11c\uc6b8\ud2b9\ubcc4\uc2dc", "lng": 126.9827404624677, "cc": "KR", "state": "\uc11c\uc6b8\ud2b9\ubcc4\uc2dc", "crossStreet": "\uc744\uc9c0\ub85c1\uac00\uc810", "lat": 37.56741143386326, "address": "\uc911\uad6c \ub0a8\ub300\ubb38\ub85c 114-1", "labeledLatLngs": [{"label": "display", "lat": 37.56741143386326, "lng": 126.9827404624677}], "postalCode": "100-091", "country": "\ub300\ud55c\ubbfc\uad6d"}, "categories": [{"icon": {"prefix": "https://ss3.4sqi.net/img/categories_v2/food/coffeeshop_", "suffix": ".png"}, "name": "Coffee Shop", "id": "4bf58dd8d48988d1e0931735", "pluralName": "Coffee Shops", "primary": true, "shortName": "Coffee Shop"}], "verified": false, "contact": {"twitter": "starbuckskorea", "facebookName": "Starbucks Korea", "formattedPhone": "+82 2-758-8358", "phone": "+8227588358", "facebookUsername": "starbuckskorea", "facebook": "122271421173562"}, "allowMenuUrlEdit": true, "stats": {"tipCount": 12, "usersCount": 523, "checkinsCount": 835}, "id": "4d36525d600a721e5b40b055", "name": "Starbucks", "beenHere": {"lastCheckinExpiredAt": 0}}, "suffix": "/10840196_h4mUlC7UJjt48V2DwM-S4qa1Ab8crk29CepHqOAkmcU.jpg", "visibility": "public"}, {"height": 405, "source": {"url": "https://foursquare.com/download/#/android", "name": "Foursquare for Android"}, "width": 720, "prefix": "https://igx.4sqi.net/img/general/", "createdAt": 1352693677, "id": "50a077ade4b0b1196a2e5049", "venue": {"like": false, "location": {"city": "\u676d\u5dde\u5e02", "lng": 120.16395092010498, "cc": "CN", "state": "\u6d59\u6c5f", "lat": 30.24301528486329, "address": "\u6cb3\u574a\u8857", "labeledLatLngs": [{"label": "display", "lat": 30.24301528486329, "lng": 120.16395092010498}], "formattedAddress": ["\u6cb3\u574a\u8857", "\u676d\u5dde\u5e02", "\u6d59\u6c5f"], "country": "\u4e2d\u56fd"}, "categories": [{"icon": {"prefix": "https://ss3.4sqi.net/img/categories_v2/parks_outdoors/default_", "suffix": ".png"}, "name": "Pedestrian Plaza", "id": "52e81612bcbc57f1066b7a25", "pluralName": "Pedestrian Plazas", "primary": true, "shortName": "Pedestrian Street/Plaza"}], "verified": false, "contact": {}, "beenHere": {"lastCheckinExpiredAt": 0}, "stats": {"tipCount": 14, "usersCount": 1172, "checkinsCount": 1644}, "id": "4c943954f244b1f77f7c201d", "name": "Hefang Street (\u6cb3\u574a\u8857)"}, "suffix": "/10840196_vf0c9911FiCngGqFHYUH_n0QDGRsbW31fy_fJGeTKHU.jpg", "visibility": "public"}, {"height": 720, "source": {"url": "https://foursquare.com/download/#/android", "name": "Foursquare for Android"}, "width": 540, "prefix": "https://igx.4sqi.net/img/general/", "createdAt": 1352684678, "id": "50a05486e4b04c46ea3f55dd", "venue": {"like": false, "location": {"city": "\u5609\u5174", "lng": 120.4604287630678, "cc": "CN", "state": "\u6d59\u6c5f", "lat": 30.487251123217607, "address": "\u6caa\u676d\u9ad8\u901f | Shanghai-Hangzhou Expresway", "labeledLatLngs": [{"label": "display", "lat": 30.487251123217607, "lng": 120.4604287630678}], "formattedAddress": ["\u6caa\u676d\u9ad8\u901f | Shanghai-Hangzhou Expresway", "\u5609\u5174", "\u6d59\u6c5f"], "country": "\u4e2d\u56fd"}, "categories": [{"icon": {"prefix": "https://ss3.4sqi.net/img/categories_v2/travel/restarea_", "suffix": ".png"}, "name": "Rest Area", "id": "4d954b16a243a5684b65b473", "pluralName": "Rest Areas", "primary": true, "shortName": "Rest Areas"}], "verified": false, "contact": {}, "beenHere": {"lastCheckinExpiredAt": 0}, "stats": {"tipCount": 2, "usersCount": 381, "checkinsCount": 458}, "id": "4daf834c43a1e3d9e648c222", "name": "Chang'an Service Area (\u957f\u5b89\u670d\u52a1\u533a)"}, "suffix": "/10840196_K9rlCMEpGXGwHhVVIw91IOltqjnd3KBJZRrhELo7hZU.jpg", "visibility": "public"}, {"height": 405, "source": {"url": "https://foursquare.com/download/#/android", "name": "Foursquare for Android"}, "width": 720, "prefix": "https://igx.4sqi.net/img/general/", "createdAt": 1352643142, "id": "509fb246e4b051548eabe689", "venue": {"like": false, "location": {"formattedAddress": ["3101 Huyi Highway", "Jiading District", "\u4e0a\u6d77\u5e02, 200085"], "city": "Jiadingzhen", "lng": 121.25340681739947, "cc": "CN", "state": "\u4e0a\u6d77\u5e02", "lat": 31.370312143781913, "address": "3101 Huyi Highway", "labeledLatLngs": [{"label": "display", "lat": 31.370312143781913, "lng": 121.25340681739947}], "postalCode": "200085", "country": "\u4e2d\u56fd"}, "categories": [{"icon": {"prefix": "https://ss3.4sqi.net/img/categories_v2/travel/hotel_", "suffix": ".png"}, "name": "Hotel", "id": "4bf58dd8d48988d1fa931735", "pluralName": "Hotels", "primary": true, "shortName": "Hotel"}], "verified": false, "contact": {"formattedPhone": "021 3991 6888", "phone": "02139916888"}, "allowMenuUrlEdit": true, "stats": {"tipCount": 2, "usersCount": 158, "checkinsCount": 556}, "id": "4cf28b6694feb1f7a5d71dba", "name": "Courtyard by Marriott Shanghai Jiading", "beenHere": {"lastCheckinExpiredAt": 0}}, "suffix": "/10840196_z0XFMrYatlNoAfmTrD9X9vBLnFqITNmJ9ymJVG1_pKo.jpg", "visibility": "public"}, {"height": 405, "source": {"url": "https://foursquare.com/download/#/android", "name": "Foursquare for Android"}, "width": 720, "prefix": "https://igx.4sqi.net/img/general/", "createdAt": 1352630125, "id": "509f7f6de4b09c892322040b", "venue": {"like": false, "location": {"country": "\u4e2d\u56fd", "lat": 31.248448367809633, "lng": 121.44071597545239, "labeledLatLngs": [{"label": "display", "lat": 31.248448367809633, "lng": 121.44071597545239}], "cc": "CN"}, "categories": [{"icon": {"prefix": "https://ss3.4sqi.net/img/categories_v2/food/asian_", "suffix": ".png"}, "name": "Chinese Restaurant", "id": "4bf58dd8d48988d145941735", "pluralName": "Chinese Restaurants", "primary": true, "shortName": "Chinese"}], "verified": false, "contact": {}, "allowMenuUrlEdit": true, "stats": {"tipCount": 2, "usersCount": 176, "checkinsCount": 184}, "id": "4cf22dd9899c6ea81713f5c1", "name": "\u50a3\u5bb6\u6751", "beenHere": {"lastCheckinExpiredAt": 0}}, "suffix": "/10840196_sIHtx7oFC96Qm94m8F6dksKXjoHMTDlyfvGI0Lc8ThU.jpg", "visibility": "public"}, {"height": 720, "source": {"url": "https://foursquare.com/download/#/android", "name": "Foursquare for Android"}, "width": 405, "prefix": "https://igx.4sqi.net/img/general/", "createdAt": 1352626504, "id": "509f7148e4b0383a0e8e7344", "venue": {"like": false, "location": {"city": "\u4e0a\u6d77\u5e02", "lng": 121.48661342761005, "cc": "CN", "state": "\u4e0a\u6d77\u5e02", "crossStreet": "By the KFC | \u80af\u5fb7\u57fa\u65c1", "lat": 31.22981313695792, "address": "\u65b9\u6d5c\u4e2d\u8def", "labeledLatLngs": [{"label": "display", "lat": 31.22981313695792, "lng": 121.48661342761005}], "formattedAddress": ["\u65b9\u6d5c\u4e2d\u8def (By the KFC | \u80af\u5fb7\u57fa\u65c1)", "\u4e0a\u6d77\u5e02", "\u4e0a\u6d77\u5e02"], "country": "\u4e2d\u56fd"}, "categories": [{"icon": {"prefix": "https://ss3.4sqi.net/img/categories_v2/shops/mall_", "suffix": ".png"}, "name": "Shopping Mall", "id": "4bf58dd8d48988d1fd941735", "pluralName": "Shopping Malls", "primary": true, "shortName": "Mall"}], "verified": false, "contact": {"formattedPhone": "021 6328 2465", "phone": "02163282465"}, "allowMenuUrlEdit": true, "stats": {"tipCount": 20, "usersCount": 1835, "checkinsCount": 2186}, "id": "4bcaf4a0b6c49c74034c9191", "name": "Yuyuan Classical Street (\u8c6b\u56ed\u8001\u8857)", "beenHere": {"lastCheckinExpiredAt": 0}}, "suffix": "/10840196_mklHhYsj1O6zxsejxak-J6VwAM2V7i58urO_jJ_9bc4.jpg", "visibility": "public"}, {"height": 405, "source": {"url": "https://foursquare.com/download/#/android", "name": "Foursquare for Android"}, "width": 720, "prefix": "https://igx.4sqi.net/img/general/", "createdAt": 1352621795, "id": "509f5ee3e4b0bae03614aef0", "venue": {"url": "http://www.shanghaixintiandi.com", "like": false, "location": {"formattedAddress": ["\u9ec4\u6d66\u533a", "\u4e0a\u6d77\u5e02, 200021"], "city": "\u4e0a\u6d77\u5e02", "state": "\u4e0a\u6d77\u5e02", "cc": "CN", "country": "\u4e2d\u56fd", "lat": 31.22127953674393, "lng": 121.4706802368164, "labeledLatLngs": [{"label": "display", "lat": 31.22127953674393, "lng": 121.4706802368164}], "postalCode": "200021"}, "categories": [{"icon": {"prefix": "https://ss3.4sqi.net/img/categories_v2/parks_outdoors/neighborhood_", "suffix": ".png"}, "name": "Neighborhood", "id": "4f2a25ac4b909258e854f55f", "pluralName": "Neighborhoods", "primary": true, "shortName": "Neighborhood"}], "verified": false, "contact": {"formattedPhone": "021 5382 0666", "phone": "02153820666"}, "beenHere": {"lastCheckinExpiredAt": 0}, "stats": {"tipCount": 65, "usersCount": 7297, "checkinsCount": 16408}, "id": "4be91a60947820a182a0b5db", "name": "Xintiandi (\u65b0\u5929\u5730)", "venueRatingBlacklisted": true}, "suffix": "/10840196_iB5HhRIT6s_x1rMOTV-BiN1_Ip2QQ_6fuuNsccsIff0.jpg", "visibility": "public"}, {"height": 405, "source": {"url": "https://foursquare.com/download/#/android", "name": "Foursquare for Android"}, "width": 720, "prefix": "https://igx.4sqi.net/img/general/", "createdAt": 1352616090, "id": "509f489ae4b091ce31c0c9fd", "venue": {"location": {"formattedAddress": ["\u592a\u4ed3\u8def181\u5f04\u65b0\u5929\u5730\u5317\u91cc18\u53f7\u697c (\u9a6c\u5f53\u8def\u53e3)", "\u4e0a\u6d77\u5e02", "\u4e0a\u6d77\u5e02, 200021"], "city": "\u4e0a\u6d77\u5e02", "lng": 121.46996140480042, "cc": "CN", "state": "\u4e0a\u6d77\u5e02", "crossStreet": "\u9a6c\u5f53\u8def\u53e3", "lat": 31.22321544152308, "address": "\u592a\u4ed3\u8def181\u5f04\u65b0\u5929\u5730\u5317\u91cc18\u53f7\u697c", "labeledLatLngs": [{"label": "display", "lat": 31.22321544152308, "lng": 121.46996140480042}], "postalCode": "200021", "country": "\u4e2d\u56fd"}, "contact": {"twitter": "starbucks", "facebookName": "Starbucks", "formattedPhone": "021 6320 0137", "phone": "02163200137", "facebookUsername": "Starbucks", "facebook": "22092443056"}, "verified": false, "allowMenuUrlEdit": true, "stats": {"tipCount": 29, "usersCount": 2507, "checkinsCount": 5272}, "menu": {"url": "http://www.starbucks.com.cn/en/menu/beverages", "label": "Menu", "anchor": "View Menu", "mobileUrl": "http://www.starbucks.com.cn/en/menu/beverages", "type": "Menu", "externalUrl": "http://www.starbucks.com.cn/en/menu/beverages"}, "beenHere": {"lastCheckinExpiredAt": 0}, "url": "http://www.starbucks.com.cn/en", "like": false, "categories": [{"icon": {"prefix": "https://ss3.4sqi.net/img/categories_v2/food/coffeeshop_", "suffix": ".png"}, "name": "Coffee Shop", "id": "4bf58dd8d48988d1e0931735", "pluralName": "Coffee Shops", "primary": true, "shortName": "Coffee Shop"}], "id": "4b6257f2f964a5204c432ae3", "name": "Starbucks (\u661f\u5df4\u514b)"}, "suffix": "/10840196_K1Wm1wGG_lqOPzzM1ShWJNq05tD1ENZPiagdNAMrbvk.jpg", "visibility": "public"}, {"height": 405, "source": {"url": "https://foursquare.com/download/#/android", "name": "Foursquare for Android"}, "width": 720, "prefix": "https://igx.4sqi.net/img/general/", "createdAt": 1352611455, "id": "509f367fe4b0d1661c7637e3", "venue": {"like": false, "location": {"country": "\u4e2d\u56fd", "lat": 31.225748172844686, "lng": 121.64330279947124, "labeledLatLngs": [{"label": "display", "lat": 31.225748172844686, "lng": 121.64330279947124}], "cc": "CN"}, "categories": [{"icon": {"prefix": "https://ss3.4sqi.net/img/categories_v2/food/asian_", "suffix": ".png"}, "name": "Chinese Restaurant", "id": "4bf58dd8d48988d145941735", "pluralName": "Chinese Restaurants", "primary": true, "shortName": "Chinese"}], "verified": false, "contact": {}, "allowMenuUrlEdit": true, "stats": {"tipCount": 1, "usersCount": 30, "checkinsCount": 30}, "id": "50933dfbe4b092836e6ef93f", "name": "TangYuan", "beenHere": {"lastCheckinExpiredAt": 0}}, "suffix": "/10840196_2AUA5Eft5m89-C_LM4y8j5KIxpqR9eBnScv_NbXqoRw.jpg", "visibility": "public"}, {"height": 405, "source": {"url": "https://foursquare.com/download/#/android", "name": "Foursquare for Android"}, "width": 720, "prefix": "https://igx.4sqi.net/img/general/", "createdAt": 1351058222, "id": "5087832ee4b095f041d10671", "venue": {"location": {"city": "Gapyeong", "lng": 127.37151087, "cc": "KR", "state": "\uacbd\uae30\ub3c4", "lat": 37.77226945, "address": "\uc0c1\uba74 \uc218\ubaa9\uc6d0\ub85c 16", "labeledLatLngs": [{"label": "display", "lat": 37.77226945, "lng": 127.37151087}], "formattedAddress": ["\uc0c1\uba74 \uc218\ubaa9\uc6d0\ub85c 16", "Gapyeong County", "\uacbd\uae30\ub3c4", "\ub300\ud55c\ubbfc\uad6d"], "country": "\ub300\ud55c\ubbfc\uad6d"}, "contact": {"formattedPhone": "+82 31-584-5669", "phone": "+82315845669"}, "verified": false, "allowMenuUrlEdit": true, "stats": {"tipCount": 9, "usersCount": 207, "checkinsCount": 217}, "menu": {"url": "http://map.naver.com/local/siteview.nhn?code=19512899", "label": "Menu", "anchor": "View Menu", "mobileUrl": "http://map.naver.com/local/siteview.nhn?code=19512899", "type": "Menu", "externalUrl": "http://map.naver.com/local/siteview.nhn?code=19512899"}, "beenHere": {"lastCheckinExpiredAt": 0}, "url": "http://www.ggnoodle.com", "like": false, "categories": [{"icon": {"prefix": "https://ss3.4sqi.net/img/categories_v2/food/korean_", "suffix": ".png"}, "name": "Korean Restaurant", "id": "4bf58dd8d48988d113941735", "pluralName": "Korean Restaurants", "primary": true, "shortName": "Korean"}], "id": "4bc163d7461576b008fc7b32", "name": "\uae08\uac15\ub9c9\uad6d\uc218 \ucd98\ucc9c\ub2ed\uac08\ube44"}, "suffix": "/10840196_EFGlutiaOOUTMsVEFgjm1BMq8nQLWaZq5DYWJP8xpHo.jpg", "visibility": "public"}, {"height": 720, "source": {"url": "https://foursquare.com/download/#/android", "name": "Foursquare for Android"}, "width": 405, "prefix": "https://igx.4sqi.net/img/general/", "createdAt": 1351049791, "id": "5087623f498ea7b5aa1c6cd4", "venue": {"url": "http://www.morningcalm.co.kr", "like": false, "location": {"formattedAddress": ["\uc0c1\uba74 \uc218\ubaa9\uc6d0\ub85c 432", "\ud589\ud604\ub9ac", "\uac00\ud3c9\uad70", "\uacbd\uae30\ub3c4", "12448", "\ub300\ud55c\ubbfc\uad6d"], "city": "Gapyeong", "lng": 127.35263594158869, "cc": "KR", "state": "\uacbd\uae30\ub3c4", "neighborhood": "\ud589\ud604\ub9ac", "lat": 37.74388869480355, "address": "\uc0c1\uba74 \uc218\ubaa9\uc6d0\ub85c 432", "labeledLatLngs": [{"label": "display", "lat": 37.74388869480355, "lng": 127.35263594158869}], "postalCode": "12448", "country": "\ub300\ud55c\ubbfc\uad6d"}, "categories": [{"icon": {"prefix": "https://ss3.4sqi.net/img/categories_v2/parks_outdoors/garden_", "suffix": ".png"}, "name": "Garden", "id": "4bf58dd8d48988d15a941735", "pluralName": "Gardens", "primary": true, "shortName": "Garden"}], "verified": false, "contact": {"formattedPhone": "+82 1544-6703", "phone": "+8215446703"}, "beenHere": {"lastCheckinExpiredAt": 0}, "stats": {"tipCount": 43, "usersCount": 3005, "checkinsCount": 3263}, "id": "4ba040a8f964a5204b6437e3", "name": "The Garden of Morning Calm (\uc544\uce68\uace0\uc694\uc218\ubaa9\uc6d0)"}, "suffix": "/10840196_YJ-Ef8CF_T6o3hEMvknAZoFqvf8WHjjgE1I46wJEM44.jpg", "visibility": "public"}, {"height": 720, "source": {"url": "https://foursquare.com/download/#/android", "name": "Foursquare for Android"}, "width": 405, "prefix": "https://igx.4sqi.net/img/general/", "createdAt": 1347622739, "id": "50531753e4b021c8a709ff32", "venue": {"location": {"formattedAddress": ["\uc911\ubb38\uad00\uad11\ub85c 72\ubc88\uae38 114", "Seogwipo", "\uc81c\uc8fc\ud2b9\ubcc4\uc790\uce58\ub3c4", "697-130", "\ub300\ud55c\ubbfc\uad6d"], "city": "Seogwipo", "lng": 126.4054616, "cc": "KR", "state": "\uc81c\uc8fc\ud2b9\ubcc4\uc790\uce58\ub3c4", "lat": 33.24471691, "address": "\uc911\ubb38\uad00\uad11\ub85c 72\ubc88\uae38 114", "labeledLatLngs": [{"label": "display", "lat": 33.24471691, "lng": 126.4054616}], "postalCode": "697-130", "country": "\ub300\ud55c\ubbfc\uad6d"}, "contact": {"twitter": "hyattconcierge", "facebookName": "Andaz", "formattedPhone": "+82 64-733-1234", "phone": "+82647331234", "facebookUsername": "Andaz", "facebook": "129720580440732"}, "verified": true, "allowMenuUrlEdit": true, "stats": {"tipCount": 32, "usersCount": 1169, "checkinsCount": 1892}, "id": "52cc447f11d230fd22170c40", "storeId": "CHEJU", "url": "http://jeju.regency.hyatt.com/en/hotel/home.html", "like": false, "categories": [{"icon": {"prefix": "https://ss3.4sqi.net/img/categories_v2/travel/hotel_", "suffix": ".png"}, "name": "Hotel", "id": "4bf58dd8d48988d1fa931735", "pluralName": "Hotels", "primary": true, "shortName": "Hotel"}], "beenHere": {"lastCheckinExpiredAt": 0}, "name": "Hyatt Regency Jeju"}, "suffix": "/10840196_MVC10-wn4rVprAbskMU_iua1swncY8KZZ2Y20qLTzbw.jpg", "visibility": "public"}, {"height": 405, "source": {"url": "https://foursquare.com/download/#/android", "name": "Foursquare for Android"}, "width": 720, "prefix": "https://igx.4sqi.net/img/general/", "createdAt": 1347527254, "id": "5051a256e4b0506022a9fe01", "venue": {"like": false, "location": {"city": "\uc11c\uadc0\ud3ec\uc2dc", "lng": 126.56435763582567, "cc": "KR", "state": "\uc81c\uc8fc\ud2b9\ubcc4\uc790\uce58\ub3c4", "lat": 33.25399275474733, "address": "\uc77c\uc8fc\ub3d9\ub85c 8648", "labeledLatLngs": [{"label": "display", "lat": 33.25399275474733, "lng": 126.56435763582567}], "formattedAddress": ["\uc77c\uc8fc\ub3d9\ub85c 8648", "\uc11c\uadc0\ud3ec\uc2dc", "\uc81c\uc8fc\ud2b9\ubcc4\uc790\uce58\ub3c4", "\ub300\ud55c\ubbfc\uad6d"], "country": "\ub300\ud55c\ubbfc\uad6d"}, "categories": [{"icon": {"prefix": "https://ss3.4sqi.net/img/categories_v2/food/bbqalt_", "suffix": ".png"}, "name": "BBQ Joint", "id": "4bf58dd8d48988d1df931735", "pluralName": "BBQ Joints", "primary": true, "shortName": "BBQ"}], "verified": false, "contact": {"formattedPhone": "+82 64-732-8246", "phone": "+82647328246"}, "allowMenuUrlEdit": true, "stats": {"tipCount": 13, "usersCount": 156, "checkinsCount": 164}, "id": "4fc20469e4b0d51625459114", "name": "\uce60\ub3c8\uac00", "beenHere": {"lastCheckinExpiredAt": 0}}, "suffix": "/Rv-r9y1nT9lBUaAEySPDq4w-MdddgzFZPzTL_KFE6-Y.jpg", "visibility": "public"}, {"height": 405, "source": {"url": "https://foursquare.com/download/#/android", "name": "Foursquare for Android"}, "width": 720, "prefix": "https://igx.4sqi.net/img/general/", "createdAt": 1347515180, "id": "5051732ce4b04fcf95a8f251", "venue": {"url": "http://www.teddybearmuseum.co.kr", "like": false, "location": {"formattedAddress": ["\uc911\ubb38\uad00\uad11\ub85c110\ubc88\uae38 31", "\uc11c\uadc0\ud3ec\uc2dc", "\uc81c\uc8fc\ud2b9\ubcc4\uc790\uce58\ub3c4", "697-808", "\ub300\ud55c\ubbfc\uad6d"], "city": "\uc11c\uadc0\ud3ec\uc2dc", "lng": 126.412162, "cc": "KR", "state": "\uc81c\uc8fc\ud2b9\ubcc4\uc790\uce58\ub3c4", "lat": 33.250367, "address": "\uc911\ubb38\uad00\uad11\ub85c110\ubc88\uae38 31", "labeledLatLngs": [{"label": "display", "lat": 33.250367, "lng": 126.412162}], "postalCode": "697-808", "country": "\ub300\ud55c\ubbfc\uad6d"}, "categories": [{"icon": {"prefix": "https://ss3.4sqi.net/img/categories_v2/arts_entertainment/museum_", "suffix": ".png"}, "name": "Museum", "id": "4bf58dd8d48988d181941735", "pluralName": "Museums", "primary": true, "shortName": "Museum"}], "verified": false, "contact": {"formattedPhone": "+82 64-738-7600", "phone": "+82647387600"}, "allowMenuUrlEdit": true, "stats": {"tipCount": 26, "usersCount": 2420, "checkinsCount": 2560}, "id": "4b6f91e3f964a52043f62ce3", "name": "Teddy Bear Museum (\ud14c\ub514\ubca0\uc5b4 \ubba4\uc9c0\uc5c4)", "beenHere": {"lastCheckinExpiredAt": 0}}, "suffix": "/XcWbvA722juqm58by-cyl4z0yNn01QFROvZ-UezX3eU.jpg", "visibility": "public"}, {"height": 640, "source": {"url": "https://foursquare.com/download/#/android", "name": "Foursquare for Android"}, "width": 480, "prefix": "https://igx.4sqi.net/img/general/", "createdAt": 1340372099, "id": "4fe47483e4b02e2334ecee37", "venue": {"like": false, "location": {"formattedAddress": ["\ub9c8\ud3ec\uad6c \uc640\uc6b0\uc0b0\ub85c 61-1", "\uc11c\uac15\ub3d9", "\uc11c\uc6b8\ud2b9\ubcc4\uc2dc", "\uc11c\uc6b8\ud2b9\ubcc4\uc2dc", "121-895", "\ub300\ud55c\ubbfc\uad6d"], "city": "\uc11c\uc6b8\ud2b9\ubcc4\uc2dc", "lng": 126.92313675482364, "cc": "KR", "state": "\uc11c\uc6b8\ud2b9\ubcc4\uc2dc", "lat": 37.55000125650724, "address": "\ub9c8\ud3ec\uad6c \uc640\uc6b0\uc0b0\ub85c 61-1", "labeledLatLngs": [{"label": "display", "lat": 37.55000125650724, "lng": 126.92313675482364}], "postalCode": "121-895", "country": "\ub300\ud55c\ubbfc\uad6d"}, "categories": [{"icon": {"prefix": "https://ss3.4sqi.net/img/categories_v2/nightlife/cocktails_", "suffix": ".png"}, "name": "Cocktail Bar", "id": "4bf58dd8d48988d11e941735", "pluralName": "Cocktail Bars", "primary": true, "shortName": "Cocktail"}], "verified": false, "contact": {"formattedPhone": "+82 2-322-4161", "phone": "+8223224161"}, "allowMenuUrlEdit": true, "stats": {"tipCount": 12, "usersCount": 424, "checkinsCount": 628}, "id": "4b640de7f964a520199d2ae3", "name": "Vinyl", "beenHere": {"lastCheckinExpiredAt": 0}}, "suffix": "/7_S6kEUp1L-4_QmrsaIyJpxa8VX6PllM5SwUt_t6AjI.jpg", "visibility": "public"}, {"height": 480, "source": {"url": "https://foursquare.com/download/#/android", "name": "Foursquare for Android"}, "width": 640, "prefix": "https://igx.4sqi.net/img/general/", "createdAt": 1328859107, "id": "4f34c7e3e4b0993aecc163fd", "venue": {"url": "http://blog.naver.com/woolabong", "like": false, "location": {"formattedAddress": ["\ub3d9\ubb38\ub85c 22", "\ud1b5\uc601\uc2dc", "\uacbd\uc0c1\ub0a8\ub3c4", "650-040", "\ub300\ud55c\ubbfc\uad6d"], "city": "\ud1b5\uc601\uc2dc", "lng": 128.42611601326806, "cc": "KR", "state": "\uacbd\uc0c1\ub0a8\ub3c4", "lat": 34.84651999117419, "address": "\ub3d9\ubb38\ub85c 22", "labeledLatLngs": [{"label": "display", "lat": 34.84651999117419, "lng": 128.42611601326806}], "postalCode": "650-040", "country": "\ub300\ud55c\ubbfc\uad6d"}, "categories": [{"icon": {"prefix": "https://ss3.4sqi.net/img/categories_v2/food/coffeeshop_", "suffix": ".png"}, "name": "Coffee Shop", "id": "4bf58dd8d48988d1e0931735", "pluralName": "Coffee Shops", "primary": true, "shortName": "Coffee Shop"}], "verified": false, "contact": {"formattedPhone": "+82 55-648-3824", "phone": "+82556483824"}, "allowMenuUrlEdit": true, "stats": {"tipCount": 8, "usersCount": 180, "checkinsCount": 189}, "id": "501cef95e4b099ff76d90b73", "name": "Woolabong (\uce74\ud398 \uc6b8\ub77c\ubd09)", "beenHere": {"lastCheckinExpiredAt": 0}}, "suffix": "/vASr2mPHpex5RsMo0c9-c8dwW0GD0_0FUlFC8dfgqk0.jpg", "visibility": "public"}, {"height": 640, "source": {"url": "https://foursquare.com/download/#/android", "name": "Foursquare for Android"}, "width": 480, "prefix": "https://igx.4sqi.net/img/general/", "createdAt": 1328856654, "id": "4f34be4ee4b064a97edcd44e", "venue": {"like": false, "location": {"cc": "KR", "country": "\ub300\ud55c\ubbfc\uad6d", "lat": 34.845672, "lng": 128.4271870376861, "labeledLatLngs": [{"label": "display", "lat": 34.845672, "lng": 128.4271870376861}], "formattedAddress": ["\ub300\ud55c\ubbfc\uad6d"]}, "categories": [{"icon": {"prefix": "https://ss3.4sqi.net/img/categories_v2/arts_entertainment/artgallery_", "suffix": ".png"}, "name": "Art Gallery", "id": "4bf58dd8d48988d1e2931735", "pluralName": "Art Galleries", "primary": true, "shortName": "Art Gallery"}], "verified": false, "contact": {}, "allowMenuUrlEdit": true, "stats": {"tipCount": 0, "usersCount": 105, "checkinsCount": 109}, "id": "4d85851a509137045414995b", "name": "\ub3d9\ud53c\ub791 \ubcbd\ud654 \uac24\ub7ec\ub9ac", "beenHere": {"lastCheckinExpiredAt": 0}}, "suffix": "/Q1y-hGhf8P63rmfpeGcsOLUek8Kgc_2sGr5vrLeuXT0.jpg", "visibility": "public"}, {"height": 480, "source": {"url": "https://foursquare.com/download/#/android", "name": "Foursquare for Android"}, "width": 640, "prefix": "https://igx.4sqi.net/img/general/", "createdAt": 1328849654, "id": "4f34a2f6e4b064a97eca8b9d", "venue": {"like": false, "location": {"city": "\ud1b5\uc601\uc2dc", "lng": 128.42373202576886, "cc": "KR", "state": "\uacbd\uc0c1\ub0a8\ub3c4", "crossStreet": "177-1", "lat": 34.841564953767644, "address": "\ud56d\ub0a8\ub3d9", "labeledLatLngs": [{"label": "display", "lat": 34.841564953767644, "lng": 128.42373202576886}], "formattedAddress": ["\ud56d\ub0a8\ub3d9 (177-1)", "\ud1b5\uc601\uc2dc", "\uacbd\uc0c1\ub0a8\ub3c4", "\ub300\ud55c\ubbfc\uad6d"], "country": "\ub300\ud55c\ubbfc\uad6d"}, "categories": [{"icon": {"prefix": "https://ss3.4sqi.net/img/categories_v2/food/asian_", "suffix": ".png"}, "name": "Asian Restaurant", "id": "4bf58dd8d48988d142941735", "pluralName": "Asian Restaurants", "primary": true, "shortName": "Asian"}], "verified": false, "contact": {"formattedPhone": "+82 55-644-0663", "phone": "+82556440663"}, "allowMenuUrlEdit": true, "stats": {"tipCount": 7, "usersCount": 78, "checkinsCount": 82}, "id": "4e0e9651ae603a50b544e895", "name": "\ud1b5\uc601\uc2dd\ub3c4\ub77d", "beenHere": {"lastCheckinExpiredAt": 0}}, "suffix": "/DjbbZtA873xA82l3xaKkDVdozKf2UFVVZdN3croGjcw.jpg", "visibility": "public"}, {"height": 480, "source": {"url": "https://foursquare.com/download/#/android", "name": "Foursquare for Android"}, "width": 640, "prefix": "https://igx.4sqi.net/img/general/", "createdAt": 1322218122, "id": "4ecf728a30f81894ad27ba1a", "venue": {"venueRatingBlacklisted": true, "like": false, "location": {"city": "\uae40\ud3ec\uc2dc", "state": "\uacbd\uae30\ub3c4", "cc": "KR", "country": "\ub300\ud55c\ubbfc\uad6d", "lat": 37.6056710073623, "lng": 126.76856539003504, "labeledLatLngs": [{"label": "display", "lat": 37.6056710073623, "lng": 126.76856539003504}], "formattedAddress": ["\uae40\ud3ec\uc2dc", "\uacbd\uae30\ub3c4", "\ub300\ud55c\ubbfc\uad6d"]}, "categories": [{"icon": {"prefix": "https://ss3.4sqi.net/img/categories_v2/building/apartment_", "suffix": ".png"}, "name": "Residential Building (Apartment / Condo)", "id": "4d954b06a243a5684965b473", "pluralName": "Residential Buildings (Apartments / Condos)", "primary": true, "shortName": "Residential"}], "verified": false, "contact": {}, "beenHere": {"lastCheckinExpiredAt": 0}, "stats": {"tipCount": 4, "usersCount": 23, "checkinsCount": 448}, "id": "4dbd25571e72b351cac41620", "name": "\uace0\ucd0c\ub300\uc6b0\uc544\ud30c\ud2b8"}, "suffix": "/P0ITBJITMUM5SNKM4SLGYSQDMRFD3A2DQZ20SWGTKG43IFR1.jpg", "visibility": "public"}], "count": 46}, "totalCount": 46}}