{"meta": {"code": 200, "requestId": "595b2b3cdd57972d2bf0ca97"}, "notifications": [{"item": {"unreadCount": 0}, "type": "notificationTray"}], "response": {"photos": {"items": [{"height": 612, "source": {"url": "http://instagram.com", "name": "Instagram"}, "width": 612, "prefix": "https://igx.4sqi.net/img/general/", "createdAt": 1374243620, "id": "51e94b24498eba1e2b154eb1", "venue": {"venueRatingBlacklisted": true, "like": false, "location": {"formattedAddress": ["Bedok Reservoir View", "470737", "Singapore"], "city": "Singapore", "lng": 103.93586005779756, "cc": "SG", "country": "Singapore", "lat": 1.338182027876933, "address": "Bedok Reservoir View", "labeledLatLngs": [{"label": "display", "lat": 1.338182027876933, "lng": 103.93586005779756}], "postalCode": "470737"}, "categories": [{"icon": {"prefix": "https://ss3.4sqi.net/img/categories_v2/building/apartment_", "suffix": ".png"}, "name": "Residential Building (Apartment / Condo)", "id": "4d954b06a243a5684965b473", "pluralName": "Residential Buildings (Apartments / Condos)", "primary": true, "shortName": "Residential"}], "verified": false, "contact": {}, "beenHere": {"lastCheckinExpiredAt": 0}, "stats": {"tipCount": 2, "usersCount": 536, "checkinsCount": 1923}, "id": "4dac55876a2303012f361fa9", "name": "Aquarius By The Park"}, "suffix": "/10850689_o_SFfE9tWIIOhgWW6_NjL53m36F-haY6cD6IatUjXu8.jpg", "visibility": "public"}, {"height": 612, "source": {"url": "http://instagram.com", "name": "Instagram"}, "width": 612, "prefix": "https://igx.4sqi.net/img/general/", "createdAt": 1374243424, "id": "51e94a60498ebc5bd54897ee", "venue": {"like": false, "location": {"city": "Singapore", "lng": 103.92665438245375, "cc": "SG", "country": "Singapore", "lat": 1.3346413659481475, "address": "Bedok North Avenue 3", "labeledLatLngs": [{"label": "display", "lat": 1.3346413659481475, "lng": 103.92665438245375}], "formattedAddress": ["Bedok North Avenue 3", "Singapore"]}, "categories": [{"icon": {"prefix": "https://ss3.4sqi.net/img/categories_v2/parks_outdoors/park_", "suffix": ".png"}, "name": "Park", "id": "4bf58dd8d48988d163941735", "pluralName": "Parks", "primary": true, "shortName": "Park"}], "verified": false, "contact": {}, "beenHere": {"lastCheckinExpiredAt": 0}, "stats": {"tipCount": 9, "usersCount": 530, "checkinsCount": 1794}, "id": "4bc9db75937ca593d870a692", "name": "Bedok Town Park"}, "suffix": "/10850689_2FhevxhuNHvP_Czz1iG9O226N1R-R0RCMgRG-Y45xEI.jpg", "visibility": "public"}, {"height": 612, "source": {"url": "http://instagram.com", "name": "Instagram"}, "width": 612, "prefix": "https://igx.4sqi.net/img/general/", "createdAt": 1374243253, "id": "51e949b5498e15cf7f881ff7", "venue": {"venueRatingBlacklisted": true, "like": false, "location": {"formattedAddress": ["761 Bedok Reservoir View", "471761", "Singapore"], "city": "Singapore", "lng": 103.93427380516601, "cc": "SG", "country": "Singapore", "lat": 1.3358645417864605, "address": "761 Bedok Reservoir View", "labeledLatLngs": [{"label": "display", "lat": 1.3358645417864605, "lng": 103.93427380516601}], "postalCode": "471761"}, "categories": [{"icon": {"prefix": "https://ss3.4sqi.net/img/categories_v2/building/default_", "suffix": ".png"}, "name": "Building", "id": "4bf58dd8d48988d130941735", "pluralName": "Buildings", "primary": true, "shortName": "Building"}], "verified": false, "contact": {}, "beenHere": {"lastCheckinExpiredAt": 0}, "stats": {"tipCount": 0, "usersCount": 59, "checkinsCount": 132}, "id": "4c0a6e8ea1b32d7f464199f0", "name": "761 Bedok Reservoir View Multi Story Carpark"}, "suffix": "/10850689_u_9iwUIiUX_8FsIyEqrKHqJHYagZ2DSqXOyo2wq8Hx8.jpg", "visibility": "public"}, {"height": 612, "source": {"url": "http://instagram.com", "name": "Instagram"}, "width": 612, "prefix": "https://igx.4sqi.net/img/general/", "createdAt": 1374243171, "id": "51e94963498ef292ec4312e5", "venue": {"venueRatingBlacklisted": true, "like": false, "location": {"cc": "SG", "country": "Singapore", "lat": 1.3354907304988317, "lng": 103.933599653338, "labeledLatLngs": [{"label": "display", "lat": 1.3354907304988317, "lng": 103.933599653338}], "formattedAddress": ["Singapore"]}, "categories": [{"icon": {"prefix": "https://ss3.4sqi.net/img/categories_v2/building/apartment_", "suffix": ".png"}, "name": "Residential Building (Apartment / Condo)", "id": "4d954b06a243a5684965b473", "pluralName": "Residential Buildings (Apartments / Condos)", "primary": true, "shortName": "Residential"}], "verified": false, "contact": {}, "beenHere": {"lastCheckinExpiredAt": 0}, "stats": {"tipCount": 0, "usersCount": 53, "checkinsCount": 148}, "id": "4d29d82fc406721ed89f7eb6", "name": "Blk 761 Bedok Reservoir View"}, "suffix": "/10850689_GoEGQ-4YCoes44bHEb4PcpCsUPfrnPfTkXFCdUDvkyI.jpg", "visibility": "public"}, {"height": 612, "source": {"url": "http://instagram.com", "name": "Instagram"}, "width": 612, "prefix": "https://igx.4sqi.net/img/general/", "createdAt": 1372502050, "id": "51ceb822498eddc6c341e88e", "venue": {"url": "https://www.myactivesg.com", "like": false, "location": {"formattedAddress": ["Jurong East Sports And Recreation Centre/Stadium (21 Jurong East St 31)", "609517", "Singapore"], "city": "Singapore", "lng": 103.72969446024251, "cc": "SG", "country": "Singapore", "crossStreet": "21 Jurong East St 31", "lat": 1.346280005987702, "address": "Jurong East Sports And Recreation Centre/Stadium", "labeledLatLngs": [{"label": "display", "lat": 1.346280005987702, "lng": 103.72969446024251}], "postalCode": "609517"}, "categories": [{"icon": {"prefix": "https://ss3.4sqi.net/img/categories_v2/parks_outdoors/pool_", "suffix": ".png"}, "name": "Pool", "id": "4bf58dd8d48988d15e941735", "pluralName": "Pools", "primary": true, "shortName": "Pool"}], "verified": false, "contact": {"formattedPhone": "+65 6563 5052", "phone": "+6565635052", "facebookName": "myActiveSG", "facebookUsername": "myActiveSG", "facebook": "154573679032"}, "beenHere": {"lastCheckinExpiredAt": 0}, "stats": {"tipCount": 18, "usersCount": 3186, "checkinsCount": 4801}, "id": "4bd7be0af645c9b672ada6e0", "name": "Jurong East Swimming Complex"}, "suffix": "/10850689_CG3wReW0snMI64MYi1rqDWaUUvaiXKFK2SACXUPz8-U.jpg", "visibility": "public"}, {"height": 612, "source": {"url": "http://instagram.com", "name": "Instagram"}, "width": 612, "prefix": "https://igx.4sqi.net/img/general/", "createdAt": 1371824405, "id": "51c46115498edb1089f8e896", "venue": {"venueRatingBlacklisted": true, "like": false, "location": {"formattedAddress": ["145 Tampines St 12", "521145", "Singapore"], "city": "Singapore", "lng": 103.94373178482056, "cc": "SG", "country": "Singapore", "lat": 1.3488334095419696, "address": "145 Tampines St 12", "labeledLatLngs": [{"label": "display", "lat": 1.3488334095419696, "lng": 103.94373178482056}], "postalCode": "521145"}, "categories": [{"icon": {"prefix": "https://ss3.4sqi.net/img/categories_v2/building/apartment_", "suffix": ".png"}, "name": "Residential Building (Apartment / Condo)", "id": "4d954b06a243a5684965b473", "pluralName": "Residential Buildings (Apartments / Condos)", "primary": true, "shortName": "Residential"}], "verified": false, "contact": {}, "beenHere": {"lastCheckinExpiredAt": 0}, "stats": {"tipCount": 5, "usersCount": 166, "checkinsCount": 1586}, "id": "4c710bb13444370479d5255f", "name": "Blk 145 Tampines Street 12"}, "suffix": "/10850689_FI99vZP8fj2zY6LRREhIRkT-Q7Fsy-snmf11eSG1HUk.jpg", "visibility": "public"}, {"height": 612, "source": {"url": "http://instagram.com", "name": "Instagram"}, "width": 612, "prefix": "https://igx.4sqi.net/img/general/", "createdAt": 1371787441, "id": "51c3d0b1498ea67e9a6f3953", "venue": {"venueRatingBlacklisted": true, "like": false, "location": {"formattedAddress": ["512-514 Chai Chee Lane", "469028/9", "Singapore"], "city": "Singapore", "lng": 103.91780618550634, "cc": "SG", "country": "Singapore", "lat": 1.3301537826856236, "address": "512-514 Chai Chee Lane", "labeledLatLngs": [{"label": "display", "lat": 1.3301537826856236, "lng": 103.91780618550634}], "postalCode": "469028/9"}, "categories": [{"icon": {"prefix": "https://ss3.4sqi.net/img/categories_v2/building/default_", "suffix": ".png"}, "name": "Building", "id": "4bf58dd8d48988d130941735", "pluralName": "Buildings", "primary": true, "shortName": "Building"}], "verified": false, "contact": {}, "beenHere": {"lastCheckinExpiredAt": 0}, "stats": {"tipCount": 2, "usersCount": 196, "checkinsCount": 1133}, "id": "4c63633f4be3b713471de9e8", "name": "JTC Bedok Industrial Estate"}, "suffix": "/10850689_8E6u9kame48rwewXgY1W34Kz5GS8e174eS62nhm92jI.jpg", "visibility": "public"}, {"height": 612, "source": {"url": "http://instagram.com", "name": "Instagram"}, "width": 612, "prefix": "https://igx.4sqi.net/img/general/", "createdAt": 1371722445, "id": "51c2d2cd498eca49205f0c16", "venue": {"venueRatingBlacklisted": true, "like": false, "location": {"city": "Singapore", "lng": 103.9193582607516, "cc": "SG", "country": "Singapore", "lat": 1.3326956592966073, "address": "Bedok north bridge 50340", "labeledLatLngs": [{"label": "display", "lat": 1.3326956592966073, "lng": 103.9193582607516}], "formattedAddress": ["Bedok north bridge 50340", "Singapore"]}, "categories": [{"icon": {"prefix": "https://ss3.4sqi.net/img/categories_v2/parks_outdoors/bridge_", "suffix": ".png"}, "name": "Bridge", "id": "4bf58dd8d48988d1df941735", "pluralName": "Bridges", "primary": true, "shortName": "Bridge"}], "verified": false, "contact": {}, "beenHere": {"lastCheckinExpiredAt": 0}, "stats": {"tipCount": 0, "usersCount": 72, "checkinsCount": 143}, "id": "4e4d03b1c65bba8554d6a097", "name": "Overhead Bridge"}, "suffix": "/10850689_hp6GBTGAEGsaPHURbRv20ge-yS2eOxVEwwP-4FS89rQ.jpg", "visibility": "public"}, {"height": 612, "source": {"url": "http://instagram.com", "name": "Instagram"}, "width": 612, "prefix": "https://igx.4sqi.net/img/general/", "createdAt": 1371701097, "id": "51c27f69498eb7b6c39c306c", "venue": {"venueRatingBlacklisted": true, "like": false, "location": {"formattedAddress": ["512-514 Chai Chee Lane", "469028/9", "Singapore"], "city": "Singapore", "lng": 103.91780618550634, "cc": "SG", "country": "Singapore", "lat": 1.3301537826856236, "address": "512-514 Chai Chee Lane", "labeledLatLngs": [{"label": "display", "lat": 1.3301537826856236, "lng": 103.91780618550634}], "postalCode": "469028/9"}, "categories": [{"icon": {"prefix": "https://ss3.4sqi.net/img/categories_v2/building/default_", "suffix": ".png"}, "name": "Building", "id": "4bf58dd8d48988d130941735", "pluralName": "Buildings", "primary": true, "shortName": "Building"}], "verified": false, "contact": {}, "beenHere": {"lastCheckinExpiredAt": 0}, "stats": {"tipCount": 2, "usersCount": 196, "checkinsCount": 1133}, "id": "4c63633f4be3b713471de9e8", "name": "JTC Bedok Industrial Estate"}, "suffix": "/10850689_mbB3BYKaNjK9Yx5eE5JS0EUswJ7Zpl57FMlwC0n_3bU.jpg", "visibility": "public"}, {"height": 612, "source": {"url": "http://instagram.com", "name": "Instagram"}, "width": 612, "prefix": "https://igx.4sqi.net/img/general/", "createdAt": 1371295704, "id": "51bc4fd8498e2e1c03bad516", "venue": {"url": "http://www.peoplesparkcentre.com", "like": false, "location": {"formattedAddress": ["101 Upper Cross St", "058357", "Singapore"], "city": "Singapore", "lng": 103.8439217309149, "cc": "SG", "country": "Singapore", "lat": 1.2855159760803654, "address": "101 Upper Cross St", "labeledLatLngs": [{"label": "display", "lat": 1.2855159760803654, "lng": 103.8439217309149}], "postalCode": "058357"}, "categories": [{"icon": {"prefix": "https://ss3.4sqi.net/img/categories_v2/shops/mall_", "suffix": ".png"}, "name": "Shopping Mall", "id": "4bf58dd8d48988d1fd941735", "pluralName": "Shopping Malls", "primary": true, "shortName": "Mall"}], "verified": false, "contact": {"formattedPhone": "+65 6535 9177", "phone": "+6565359177"}, "beenHere": {"lastCheckinExpiredAt": 0}, "stats": {"tipCount": 41, "usersCount": 8596, "checkinsCount": 17433}, "id": "4b08e5a6f964a520331323e3", "name": "People's Park Centre \u73cd\u73e0\u5927\u53a6"}, "suffix": "/10850689_-PFZ_5ik40wGRD1pA4ZoDZIEXSFaVhFav2bVHk_QRfs.jpg", "visibility": "public"}, {"height": 612, "source": {"url": "http://instagram.com", "name": "Instagram"}, "width": 612, "prefix": "https://igx.4sqi.net/img/general/", "createdAt": 1370514029, "id": "51b0626d498ea6fd544c614a", "venue": {"venueRatingBlacklisted": true, "like": false, "location": {"formattedAddress": ["512-514 Chai Chee Lane", "469028/9", "Singapore"], "city": "Singapore", "lng": 103.91780618550634, "cc": "SG", "country": "Singapore", "lat": 1.3301537826856236, "address": "512-514 Chai Chee Lane", "labeledLatLngs": [{"label": "display", "lat": 1.3301537826856236, "lng": 103.91780618550634}], "postalCode": "469028/9"}, "categories": [{"icon": {"prefix": "https://ss3.4sqi.net/img/categories_v2/building/default_", "suffix": ".png"}, "name": "Building", "id": "4bf58dd8d48988d130941735", "pluralName": "Buildings", "primary": true, "shortName": "Building"}], "verified": false, "contact": {}, "beenHere": {"lastCheckinExpiredAt": 0}, "stats": {"tipCount": 2, "usersCount": 196, "checkinsCount": 1133}, "id": "4c63633f4be3b713471de9e8", "name": "JTC Bedok Industrial Estate"}, "suffix": "/10850689_lW1r7NfvKK3aXcBU6nrmDYCNq8U84ZjDxpSTmldbf8o.jpg", "visibility": "public"}, {"height": 612, "source": {"url": "http://instagram.com", "name": "Instagram"}, "width": 612, "prefix": "https://igx.4sqi.net/img/general/", "createdAt": 1370427359, "id": "51af0fdf498e7ed53c6fdb9f", "venue": {"like": false, "location": {"city": "Singapore", "lng": 103.9181970349179, "cc": "SG", "country": "Singapore", "lat": 1.3363510663932543, "address": "Bedok North Road", "labeledLatLngs": [{"label": "display", "lat": 1.3363510663932543, "lng": 103.9181970349179}], "formattedAddress": ["Bedok North Road", "Singapore"]}, "categories": [{"icon": {"prefix": "https://ss3.4sqi.net/img/categories_v2/travel/busstation_", "suffix": ".png"}, "name": "Bus Station", "id": "4bf58dd8d48988d1fe931735", "pluralName": "Bus Stations", "primary": true, "shortName": "Bus Station"}], "verified": false, "contact": {}, "beenHere": {"lastCheckinExpiredAt": 0}, "stats": {"tipCount": 0, "usersCount": 98, "checkinsCount": 475}, "id": "4e11a42f7d8b4d5613dc2a2c", "name": "Bus Stop 84451 (Opp Blk 705/706)"}, "suffix": "/10850689_bv77INhDXUgPYMChaIdTiX8LiSKnOHvZVHGwmvIht-k.jpg", "visibility": "public"}, {"height": 612, "source": {"url": "http://instagram.com", "name": "Instagram"}, "width": 612, "prefix": "https://igx.4sqi.net/img/general/", "createdAt": 1370253202, "id": "51ac6792498e5c2e487dd393", "venue": {"venueRatingBlacklisted": true, "like": false, "location": {"city": "Singapore", "lng": 103.91699050336447, "cc": "SG", "country": "Singapore", "lat": 1.3309528332877643, "address": "Blk 512, Chai Chee Lane, JTC Building, #06-01/2/3", "labeledLatLngs": [{"label": "display", "lat": 1.3309528332877643, "lng": 103.91699050336447}], "formattedAddress": ["Blk 512, Chai Chee Lane, JTC Building, #06-01/2/3", "Singapore"]}, "categories": [{"icon": {"prefix": "https://ss3.4sqi.net/img/categories_v2/building/default_", "suffix": ".png"}, "name": "Office", "id": "4bf58dd8d48988d124941735", "pluralName": "Offices", "primary": true, "shortName": "Office"}], "verified": false, "contact": {}, "beenHere": {"lastCheckinExpiredAt": 0}, "stats": {"tipCount": 1, "usersCount": 28, "checkinsCount": 477}, "id": "4c3a8bc10cabef3bda4db94b", "name": "J Nissi International Pte Ltd"}, "suffix": "/10850689_MPT59n2YSf-4-qNESK1xWMsymer03dKr-DW9klmarGs.jpg", "visibility": "public"}, {"height": 720, "source": {"url": "https://foursquare.com/download/#/android", "name": "Foursquare for Android"}, "width": 540, "prefix": "https://igx.4sqi.net/img/general/", "createdAt": 1360206989, "id": "51131c8de4b0f2d007c72f90", "venue": {"location": {"formattedAddress": ["Changi International Airport (60 Airport Boulevard)", "819643", "Singapore"], "city": "Singapore", "lng": 103.98919709395267, "cc": "SG", "country": "Singapore", "neighborhood": "Singapore Changi Airport", "lat": 1.354988660374722, "address": "Changi International Airport", "crossStreet": "60 Airport Boulevard", "postalCode": "819643"}, "contact": {"twitter": "changiairport", "facebookName": "Changi Airport", "formattedPhone": "+65 6595 6868", "phone": "+6565956868", "facebookUsername": "changiairport", "facebook": "113770598597"}, "verified": true, "stats": {"tipCount": 365, "usersCount": 76959, "checkinsCount": 221501}, "beenHere": {"lastCheckinExpiredAt": 0}, "storeId": "", "url": "http://www.changiairport.com", "like": false, "categories": [{"icon": {"prefix": "https://ss3.4sqi.net/img/categories_v2/travel/airport_gate_", "suffix": ".png"}, "name": "Airport Terminal", "id": "4bf58dd8d48988d1eb931735", "pluralName": "Airport Terminals", "primary": true, "shortName": "Terminal"}], "venueRatingBlacklisted": true, "id": "4b1b9ec2f964a52041fc23e3", "name": "Terminal 2"}, "suffix": "/10850689_-zeIh_b8huyaLv_3rVP2gGuoD1Kp8Oij5YVZcAlV3Mo.jpg", "visibility": "public"}, {"height": 720, "source": {"url": "https://foursquare.com/download/#/iphone", "name": "Foursquare for iOS"}, "width": 540, "prefix": "https://igx.4sqi.net/img/general/", "createdAt": 1334422433, "id": "4f89aba1e4b039b1454b84b4", "venue": {"venueRatingBlacklisted": true, "like": false, "location": {"formattedAddress": ["145 Tampines St 12", "521145", "Singapore"], "city": "Singapore", "lng": 103.94373178482056, "cc": "SG", "country": "Singapore", "lat": 1.3488334095419696, "address": "145 Tampines St 12", "labeledLatLngs": [{"label": "display", "lat": 1.3488334095419696, "lng": 103.94373178482056}], "postalCode": "521145"}, "categories": [{"icon": {"prefix": "https://ss3.4sqi.net/img/categories_v2/building/apartment_", "suffix": ".png"}, "name": "Residential Building (Apartment / Condo)", "id": "4d954b06a243a5684965b473", "pluralName": "Residential Buildings (Apartments / Condos)", "primary": true, "shortName": "Residential"}], "verified": false, "contact": {}, "beenHere": {"lastCheckinExpiredAt": 0}, "stats": {"tipCount": 5, "usersCount": 166, "checkinsCount": 1586}, "id": "4c710bb13444370479d5255f", "name": "Blk 145 Tampines Street 12"}, "suffix": "/zUTh8G-sO2aZTRlFm1BrLb1KXY-fUTSDVP9iWfdrmUw.jpg", "visibility": "public"}, {"height": 720, "source": {"url": "https://foursquare.com/download/#/iphone", "name": "Foursquare for iOS"}, "width": 540, "prefix": "https://igx.4sqi.net/img/general/", "createdAt": 1334422414, "id": "4f89ab8ee4b0af4d4e1a754e", "venue": {"venueRatingBlacklisted": true, "like": false, "location": {"formattedAddress": ["145 Tampines St 12", "521145", "Singapore"], "city": "Singapore", "lng": 103.94373178482056, "cc": "SG", "country": "Singapore", "lat": 1.3488334095419696, "address": "145 Tampines St 12", "labeledLatLngs": [{"label": "display", "lat": 1.3488334095419696, "lng": 103.94373178482056}], "postalCode": "521145"}, "categories": [{"icon": {"prefix": "https://ss3.4sqi.net/img/categories_v2/building/apartment_", "suffix": ".png"}, "name": "Residential Building (Apartment / Condo)", "id": "4d954b06a243a5684965b473", "pluralName": "Residential Buildings (Apartments / Condos)", "primary": true, "shortName": "Residential"}], "verified": false, "contact": {}, "beenHere": {"lastCheckinExpiredAt": 0}, "stats": {"tipCount": 5, "usersCount": 166, "checkinsCount": 1586}, "id": "4c710bb13444370479d5255f", "name": "Blk 145 Tampines Street 12"}, "suffix": "/dDKdyoPOr7GxKsaBn8TgGyduCAhSZLJVkk2rxNTq7Qw.jpg", "visibility": "public"}, {"height": 720, "source": {"url": "https://foursquare.com/download/#/iphone", "name": "Foursquare for iOS"}, "width": 540, "prefix": "https://igx.4sqi.net/img/general/", "createdAt": 1334422396, "id": "4f89ab7ce4b002b90b76b6ed", "venue": {"venueRatingBlacklisted": true, "like": false, "location": {"formattedAddress": ["145 Tampines St 12", "521145", "Singapore"], "city": "Singapore", "lng": 103.94373178482056, "cc": "SG", "country": "Singapore", "lat": 1.3488334095419696, "address": "145 Tampines St 12", "labeledLatLngs": [{"label": "display", "lat": 1.3488334095419696, "lng": 103.94373178482056}], "postalCode": "521145"}, "categories": [{"icon": {"prefix": "https://ss3.4sqi.net/img/categories_v2/building/apartment_", "suffix": ".png"}, "name": "Residential Building (Apartment / Condo)", "id": "4d954b06a243a5684965b473", "pluralName": "Residential Buildings (Apartments / Condos)", "primary": true, "shortName": "Residential"}], "verified": false, "contact": {}, "beenHere": {"lastCheckinExpiredAt": 0}, "stats": {"tipCount": 5, "usersCount": 166, "checkinsCount": 1586}, "id": "4c710bb13444370479d5255f", "name": "Blk 145 Tampines Street 12"}, "suffix": "/OYzUfXTgvSGMYJbBGpfZb3HsqRmYP_0ijje5m1yUqGs.jpg", "visibility": "public"}, {"height": 720, "source": {"url": "https://foursquare.com/download/#/iphone", "name": "Foursquare for iOS"}, "width": 540, "prefix": "https://igx.4sqi.net/img/general/", "createdAt": 1334422365, "id": "4f89ab5de4b055d2302e5c70", "venue": {"venueRatingBlacklisted": true, "like": false, "location": {"formattedAddress": ["145 Tampines St 12", "521145", "Singapore"], "city": "Singapore", "lng": 103.94373178482056, "cc": "SG", "country": "Singapore", "lat": 1.3488334095419696, "address": "145 Tampines St 12", "labeledLatLngs": [{"label": "display", "lat": 1.3488334095419696, "lng": 103.94373178482056}], "postalCode": "521145"}, "categories": [{"icon": {"prefix": "https://ss3.4sqi.net/img/categories_v2/building/apartment_", "suffix": ".png"}, "name": "Residential Building (Apartment / Condo)", "id": "4d954b06a243a5684965b473", "pluralName": "Residential Buildings (Apartments / Condos)", "primary": true, "shortName": "Residential"}], "verified": false, "contact": {}, "beenHere": {"lastCheckinExpiredAt": 0}, "stats": {"tipCount": 5, "usersCount": 166, "checkinsCount": 1586}, "id": "4c710bb13444370479d5255f", "name": "Blk 145 Tampines Street 12"}, "suffix": "/cPH7qbYukxjfE011ktvJeU67GVJI0GiH2K4UVK73Ffo.jpg", "visibility": "public"}, {"height": 720, "source": {"url": "https://foursquare.com/download/#/iphone", "name": "Foursquare for iOS"}, "width": 540, "prefix": "https://igx.4sqi.net/img/general/", "createdAt": 1334422348, "id": "4f89ab4ce4b09582a289f10d", "venue": {"venueRatingBlacklisted": true, "like": false, "location": {"formattedAddress": ["145 Tampines St 12", "521145", "Singapore"], "city": "Singapore", "lng": 103.94373178482056, "cc": "SG", "country": "Singapore", "lat": 1.3488334095419696, "address": "145 Tampines St 12", "labeledLatLngs": [{"label": "display", "lat": 1.3488334095419696, "lng": 103.94373178482056}], "postalCode": "521145"}, "categories": [{"icon": {"prefix": "https://ss3.4sqi.net/img/categories_v2/building/apartment_", "suffix": ".png"}, "name": "Residential Building (Apartment / Condo)", "id": "4d954b06a243a5684965b473", "pluralName": "Residential Buildings (Apartments / Condos)", "primary": true, "shortName": "Residential"}], "verified": false, "contact": {}, "beenHere": {"lastCheckinExpiredAt": 0}, "stats": {"tipCount": 5, "usersCount": 166, "checkinsCount": 1586}, "id": "4c710bb13444370479d5255f", "name": "Blk 145 Tampines Street 12"}, "suffix": "/8LZKPa6ESSaA6yIqVxoJyoIY0vZw4cTUNyLXYhjeyy0.jpg", "visibility": "public"}, {"height": 720, "source": {"url": "https://foursquare.com/download/#/iphone", "name": "Foursquare for iOS"}, "width": 540, "prefix": "https://igx.4sqi.net/img/general/", "createdAt": 1334422331, "id": "4f89ab3be4b005979e770904", "venue": {"venueRatingBlacklisted": true, "like": false, "location": {"formattedAddress": ["145 Tampines St 12", "521145", "Singapore"], "city": "Singapore", "lng": 103.94373178482056, "cc": "SG", "country": "Singapore", "lat": 1.3488334095419696, "address": "145 Tampines St 12", "labeledLatLngs": [{"label": "display", "lat": 1.3488334095419696, "lng": 103.94373178482056}], "postalCode": "521145"}, "categories": [{"icon": {"prefix": "https://ss3.4sqi.net/img/categories_v2/building/apartment_", "suffix": ".png"}, "name": "Residential Building (Apartment / Condo)", "id": "4d954b06a243a5684965b473", "pluralName": "Residential Buildings (Apartments / Condos)", "primary": true, "shortName": "Residential"}], "verified": false, "contact": {}, "beenHere": {"lastCheckinExpiredAt": 0}, "stats": {"tipCount": 5, "usersCount": 166, "checkinsCount": 1586}, "id": "4c710bb13444370479d5255f", "name": "Blk 145 Tampines Street 12"}, "suffix": "/95vgvP8A5zPZJ65xbkydzJMdvlmYlQQTVndpXHa6pG0.jpg", "visibility": "public"}, {"height": 720, "source": {"url": "https://foursquare.com/download/#/iphone", "name": "Foursquare for iOS"}, "width": 540, "prefix": "https://igx.4sqi.net/img/general/", "createdAt": 1334422284, "id": "4f89ab0ce4b047d84a5339db", "venue": {"venueRatingBlacklisted": true, "like": false, "location": {"formattedAddress": ["145 Tampines St 12", "521145", "Singapore"], "city": "Singapore", "lng": 103.94373178482056, "cc": "SG", "country": "Singapore", "lat": 1.3488334095419696, "address": "145 Tampines St 12", "labeledLatLngs": [{"label": "display", "lat": 1.3488334095419696, "lng": 103.94373178482056}], "postalCode": "521145"}, "categories": [{"icon": {"prefix": "https://ss3.4sqi.net/img/categories_v2/building/apartment_", "suffix": ".png"}, "name": "Residential Building (Apartment / Condo)", "id": "4d954b06a243a5684965b473", "pluralName": "Residential Buildings (Apartments / Condos)", "primary": true, "shortName": "Residential"}], "verified": false, "contact": {}, "beenHere": {"lastCheckinExpiredAt": 0}, "stats": {"tipCount": 5, "usersCount": 166, "checkinsCount": 1586}, "id": "4c710bb13444370479d5255f", "name": "Blk 145 Tampines Street 12"}, "suffix": "/f7B7NEM9KOb41MsRS2YL1UQj_Eds3Tcgvz2xZ7lCfwk.jpg", "visibility": "public"}, {"height": 720, "source": {"url": "https://foursquare.com/download/#/iphone", "name": "Foursquare for iOS"}, "width": 540, "prefix": "https://igx.4sqi.net/img/general/", "createdAt": 1334422226, "id": "4f89aad2e4b047d84a52f618", "venue": {"venueRatingBlacklisted": true, "like": false, "location": {"formattedAddress": ["145 Tampines St 12", "521145", "Singapore"], "city": "Singapore", "lng": 103.94373178482056, "cc": "SG", "country": "Singapore", "lat": 1.3488334095419696, "address": "145 Tampines St 12", "labeledLatLngs": [{"label": "display", "lat": 1.3488334095419696, "lng": 103.94373178482056}], "postalCode": "521145"}, "categories": [{"icon": {"prefix": "https://ss3.4sqi.net/img/categories_v2/building/apartment_", "suffix": ".png"}, "name": "Residential Building (Apartment / Condo)", "id": "4d954b06a243a5684965b473", "pluralName": "Residential Buildings (Apartments / Condos)", "primary": true, "shortName": "Residential"}], "verified": false, "contact": {}, "beenHere": {"lastCheckinExpiredAt": 0}, "stats": {"tipCount": 5, "usersCount": 166, "checkinsCount": 1586}, "id": "4c710bb13444370479d5255f", "name": "Blk 145 Tampines Street 12"}, "suffix": "/oBW15o4qWf_md5vXZ8X87CVMxeaj9SyHSxbHs4fbEfE.jpg", "visibility": "public"}, {"height": 720, "source": {"url": "https://foursquare.com/download/#/iphone", "name": "Foursquare for iOS"}, "width": 540, "prefix": "https://igx.4sqi.net/img/general/", "createdAt": 1333800179, "id": "4f802cf3e4b0fdf501119c21", "venue": {"closed": true, "like": false, "location": {"formattedAddress": ["#04-04 Cineleisure Orchard (8 Grange Road)", "239695", "Singapore"], "city": "Singapore", "lng": 103.83649706840515, "cc": "SG", "country": "Singapore", "lat": 1.3016391591316878, "address": "#04-04 Cineleisure Orchard", "crossStreet": "8 Grange Road", "postalCode": "239695"}, "categories": [{"icon": {"prefix": "https://ss3.4sqi.net/img/categories_v2/arts_entertainment/arcade_", "suffix": ".png"}, "name": "Arcade", "id": "4bf58dd8d48988d1e1931735", "pluralName": "Arcades", "primary": true, "shortName": "Arcade"}], "verified": false, "contact": {"formattedPhone": "+65 6735 6996", "phone": "+6567356996"}, "allowMenuUrlEdit": true, "stats": {"tipCount": 27, "usersCount": 852, "checkinsCount": 2564}, "id": "4b9c715af964a520fb6836e3", "name": "Timezone", "beenHere": {"lastCheckinExpiredAt": 0}}, "suffix": "/ezT9cIO8EBVEdjQou5D5tX3XqjCwGmlTpm9V9hjx6SU.jpg", "visibility": "public"}], "count": 23}, "totalCount": 23}}