{"meta": {"code": 200, "requestId": "595b03e2351e3d64b1575de7"}, "notifications": [{"item": {"unreadCount": 0}, "type": "notificationTray"}], "response": {"photos": {"items": [{"height": 720, "source": {"url": "https://foursquare.com/download/#/iphone", "name": "Foursquare for iOS"}, "width": 960, "prefix": "https://igx.4sqi.net/img/general/", "createdAt": 1406439041, "id": "53d48e8111d2a2c113df68fb", "venue": {"venueRatingBlacklisted": true, "like": false, "location": {"formattedAddress": ["66 Sengkang East Way", "548593", "Singapore"], "city": "Singapore", "lng": 103.90159541318344, "cc": "SG", "country": "Singapore", "lat": 1.3913693011882926, "address": "66 Sengkang East Way", "labeledLatLngs": [{"label": "display", "lat": 1.3913693011882926, "lng": 103.90159541318344}], "postalCode": "548593"}, "categories": [{"icon": {"prefix": "https://ss3.4sqi.net/img/categories_v2/building/religious_church_", "suffix": ".png"}, "name": "Church", "id": "4bf58dd8d48988d132941735", "pluralName": "Churches", "primary": true, "shortName": "Church"}], "verified": false, "contact": {}, "beenHere": {"lastCheckinExpiredAt": 0}, "stats": {"tipCount": 15, "usersCount": 1248, "checkinsCount": 6325}, "id": "4b6e8ee3f964a520e9c12ce3", "name": "St. Anne's Church"}, "suffix": "/10887868_O6t8gFZWAtS7VsKUiHwWDkHDK8UDZTE9b4pnz1L1Uq4.jpg", "visibility": "public"}, {"height": 960, "source": {"url": "https://foursquare.com/download/#/iphone", "name": "Foursquare for iOS"}, "width": 540, "prefix": "https://igx.4sqi.net/img/general/", "createdAt": 1401026413, "id": "5381f76d498e465d828218d2", "venue": {"venueRatingBlacklisted": true, "like": false, "location": {"city": "Singapore", "isFuzzed": true, "cc": "SG", "country": "Singapore", "lat": 1.3781967870715954, "lng": 103.82742255204533, "formattedAddress": ["Singapore"]}, "categories": [{"icon": {"prefix": "https://ss3.4sqi.net/img/categories_v2/building/home_", "suffix": ".png"}, "name": "Home (private)", "id": "4bf58dd8d48988d103941735", "pluralName": "Homes (private)", "primary": true, "shortName": "Home"}], "verified": false, "contact": {}, "beenHere": {"lastCheckinExpiredAt": 0}, "stats": {"tipCount": 0, "usersCount": 2, "checkinsCount": 181}, "id": "4e20672ed4c0d32590e3ddc5", "name": "Garden House"}, "suffix": "/10887868_fRsdIMH3idJ84biCZxqMwsg6ZnO8c78UaYULCFhebs0.jpg", "visibility": "public"}, {"height": 719, "source": {"url": "https://foursquare.com/download/#/iphone", "name": "Foursquare for iOS"}, "width": 960, "prefix": "https://igx.4sqi.net/img/general/", "createdAt": 1399253868, "id": "5366eb6c498e587a6f7076df", "venue": {"venueRatingBlacklisted": true, "like": false, "location": {"city": "Singapore", "lng": 103.77536242503602, "cc": "SG", "country": "Singapore", "lat": 1.3367470787811087, "address": "90/92/94 Kismis Avenue", "labeledLatLngs": [{"label": "display", "lat": 1.3367470787811087, "lng": 103.77536242503602}], "formattedAddress": ["90/92/94 Kismis Avenue", "Singapore"]}, "categories": [{"icon": {"prefix": "https://ss3.4sqi.net/img/categories_v2/education/residencehall_", "suffix": ".png"}, "name": "College Residence Hall", "id": "4bf58dd8d48988d1a3941735", "pluralName": "College Residence Halls", "primary": true, "shortName": "Residence Hall"}], "verified": false, "contact": {}, "beenHere": {"lastCheckinExpiredAt": 0}, "stats": {"tipCount": 0, "usersCount": 55, "checkinsCount": 345}, "id": "4bb33dba35f0c9b62519bc83", "name": "Ngee Ann Staff Apartments"}, "suffix": "/10887868_G1PL1PcemiyURNEk5ppKFFGiVhnAHCMrZVgaVQxSCvw.jpg", "visibility": "public"}, {"height": 960, "source": {"url": "https://foursquare.com/download/#/iphone", "name": "Foursquare for iOS"}, "width": 720, "prefix": "https://igx.4sqi.net/img/general/", "createdAt": 1399166646, "id": "536596b6498ef8d7527779bc", "venue": {"venueRatingBlacklisted": true, "like": false, "location": {"city": "Singapore", "lng": 103.76716345076628, "cc": "SG", "country": "Singapore", "lat": 1.3681141995013195, "address": "620 Upper Bukit Timah Road", "labeledLatLngs": [{"label": "display", "lat": 1.3681141995013195, "lng": 103.76716345076628}], "formattedAddress": ["620 Upper Bukit Timah Road", "Singapore"]}, "categories": [{"icon": {"prefix": "https://ss3.4sqi.net/img/categories_v2/building/religious_church_", "suffix": ".png"}, "name": "Church", "id": "4bf58dd8d48988d132941735", "pluralName": "Churches", "primary": true, "shortName": "Church"}], "verified": false, "contact": {}, "beenHere": {"lastCheckinExpiredAt": 0}, "stats": {"tipCount": 4, "usersCount": 716, "checkinsCount": 2843}, "id": "4bac59c0f964a52072f13ae3", "name": "Church of St Joseph"}, "suffix": "/10887868_kbwcr7QMkcdq3SBZZbTc5UGOBxJeuRmPfWSdpUokquQ.jpg", "visibility": "public"}, {"height": 720, "source": {"url": "https://foursquare.com/download/#/iphone", "name": "Foursquare for iOS"}, "width": 960, "prefix": "https://igx.4sqi.net/img/general/", "createdAt": 1379761579, "id": "523d7dab11d25bd296be447f", "venue": {"url": "http://www.gardensbythebay.com.sg", "like": false, "location": {"formattedAddress": ["18 Marina Gardens Dr", "018953", "Singapore"], "city": "Singapore", "lng": 103.86407784796779, "cc": "SG", "country": "Singapore", "lat": 1.2823953218031166, "address": "18 Marina Gardens Dr", "postalCode": "018953"}, "categories": [{"icon": {"prefix": "https://ss3.4sqi.net/img/categories_v2/parks_outdoors/garden_", "suffix": ".png"}, "name": "Garden", "id": "4bf58dd8d48988d15a941735", "pluralName": "Gardens", "primary": true, "shortName": "Garden"}], "verified": true, "contact": {"twitter": "gardensbythebay", "facebookName": "Gardens by the Bay", "formattedPhone": "+65 6420 6848", "phone": "+6564206848", "facebookUsername": "gardensbythebay", "facebook": "361992263834380"}, "beenHere": {"lastCheckinExpiredAt": 0}, "stats": {"tipCount": 434, "usersCount": 47777, "checkinsCount": 71436}, "id": "4b949b12f964a5208e7e34e3", "name": "Gardens by the Bay", "venuePage": {"id": "130967055"}}, "suffix": "/10887868_4MvPBN5Xh2dBQAaxk_eyw5O5BszX6CwSj4vvouRDTlE.jpg", "visibility": "public"}, {"height": 1440, "source": {"url": "https://foursquare.com/download/#/iphone", "name": "Foursquare for iOS"}, "width": 1920, "prefix": "https://igx.4sqi.net/img/general/", "createdAt": 1367725602, "id": "5185d622498e370b5518e732", "venue": {"url": "http://www.sccci.org.sg", "like": false, "location": {"formattedAddress": ["47 Hill Street No.09-00", "179365", "Singapore"], "city": "Singapore", "lng": 103.85002486893099, "cc": "SG", "country": "Singapore", "lat": 1.293157537986186, "address": "47 Hill Street No.09-00", "labeledLatLngs": [{"label": "display", "lat": 1.293157537986186, "lng": 103.85002486893099}], "postalCode": "179365"}, "categories": [{"icon": {"prefix": "https://ss3.4sqi.net/img/categories_v2/building/government_monument_", "suffix": ".png"}, "name": "Monument / Landmark", "id": "4bf58dd8d48988d12d941735", "pluralName": "Monuments / Landmarks", "primary": true, "shortName": "Landmark"}], "verified": false, "contact": {}, "beenHere": {"lastCheckinExpiredAt": 0}, "stats": {"tipCount": 4, "usersCount": 749, "checkinsCount": 1879}, "id": "4b05880ef964a520a6ae22e3", "name": "Singapore Chinese Chamber of Commerce & Industry (SCCCI)", "venueRatingBlacklisted": true}, "suffix": "/10887868_NCd6TdtDiyV1kdnDnVTCbR7_MLTyTIoZceIBuo-0OkI.jpg", "visibility": "public"}, {"height": 720, "source": {"url": "https://foursquare.com/download/#/iphone", "name": "Foursquare for iOS"}, "width": 960, "prefix": "https://igx.4sqi.net/img/general/", "createdAt": 1364706207, "id": "5157c39fe4b0b91a36355b80", "venue": {"like": false, "location": {"formattedAddress": ["25 Seah St #01-01", "188381", "Singapore"], "city": "Singapore", "lng": 103.85429383151963, "cc": "SG", "country": "Singapore", "lat": 1.296189469160885, "address": "25 Seah St #01-01", "labeledLatLngs": [{"label": "display", "lat": 1.296189469160885, "lng": 103.85429383151963}], "postalCode": "188381"}, "categories": [{"icon": {"prefix": "https://ss3.4sqi.net/img/categories_v2/food/asian_", "suffix": ".png"}, "name": "Asian Restaurant", "id": "4bf58dd8d48988d142941735", "pluralName": "Asian Restaurants", "primary": true, "shortName": "Asian"}], "verified": false, "contact": {}, "allowMenuUrlEdit": true, "stats": {"tipCount": 30, "usersCount": 864, "checkinsCount": 1164}, "id": "4cbaeab94352a1cd2eb295f5", "name": "Zheng Swee Kee Pte Ltd \u6b63\u745e\u8bb0\u6d77\u5357\u9e21\u996d", "beenHere": {"lastCheckinExpiredAt": 0}}, "suffix": "/10887868_otk_uNN7ZKZdq-Ce4suf_HR-L5LXlbyMciiY873zD2k.jpg", "visibility": "public"}, {"height": 720, "source": {"url": "https://foursquare.com/download/#/iphone", "name": "Foursquare for iOS"}, "width": 960, "prefix": "https://igx.4sqi.net/img/general/", "createdAt": 1362212376, "id": "5131b618e4b021edccbead84", "venue": {"venueRatingBlacklisted": true, "like": false, "location": {"city": "Singapore", "lng": 103.81384599030558, "cc": "SG", "country": "Singapore", "lat": 1.328979333156309, "address": "15 Robin Road", "labeledLatLngs": [{"label": "display", "lat": 1.328979333156309, "lng": 103.81384599030558}], "formattedAddress": ["15 Robin Road", "Singapore"]}, "categories": [{"icon": {"prefix": "https://ss3.4sqi.net/img/categories_v2/building/apartment_", "suffix": ".png"}, "name": "Residential Building (Apartment / Condo)", "id": "4d954b06a243a5684965b473", "pluralName": "Residential Buildings (Apartments / Condos)", "primary": true, "shortName": "Residential"}], "verified": false, "contact": {}, "beenHere": {"lastCheckinExpiredAt": 0}, "stats": {"tipCount": 0, "usersCount": 4, "checkinsCount": 5}, "id": "5131b5dee4b04a7c6829127e", "name": "Fifteen Robin"}, "suffix": "/10887868_fN9vcfY4Z3PB2FEzxuizY4nMQ4cbsVaHwcu7yNG02sc.jpg", "visibility": "public"}, {"height": 720, "source": {"url": "https://foursquare.com/download/#/iphone", "name": "Foursquare for iOS"}, "width": 540, "prefix": "https://igx.4sqi.net/img/general/", "createdAt": 1349421128, "id": "506e8848e4b08666bbdbe51b", "venue": {"url": "http://www.sbwr.org.sg", "like": false, "location": {"formattedAddress": ["301 Neo Tiew Cres (Sungei Buloh Nature Park)", "718925", "Singapore"], "city": "Singapore", "lng": 103.73045244855707, "cc": "SG", "country": "Singapore", "crossStreet": "Sungei Buloh Nature Park", "lat": 1.444965289358575, "address": "301 Neo Tiew Cres", "labeledLatLngs": [{"label": "display", "lat": 1.444965289358575, "lng": 103.73045244855707}], "postalCode": "718925"}, "categories": [{"icon": {"prefix": "https://ss3.4sqi.net/img/categories_v2/parks_outdoors/naturepreserve_", "suffix": ".png"}, "name": "Nature Preserve", "id": "52e81612bcbc57f1066b7a13", "pluralName": "Nature Preserves", "primary": true, "shortName": "Preserve"}], "verified": false, "contact": {"formattedPhone": "+65 6794 1401", "phone": "+6567941401"}, "beenHere": {"lastCheckinExpiredAt": 0}, "stats": {"tipCount": 38, "usersCount": 1886, "checkinsCount": 2636}, "id": "4b05880ef964a520bfae22e3", "name": "Sungei Buloh Wetland Reserve"}, "suffix": "/10887868_T1h9nZkxCpr27BhrJWzyMQqyIrQu2RiZ9JtGFyJ9c_M.jpg", "visibility": "public"}, {"height": 540, "source": {"url": "https://foursquare.com/download/#/iphone", "name": "Foursquare for iOS"}, "width": 720, "prefix": "https://igx.4sqi.net/img/general/", "createdAt": 1349421053, "id": "506e87fde4b09e96f011900c", "venue": {"url": "http://www.sbwr.org.sg", "like": false, "location": {"formattedAddress": ["301 Neo Tiew Cres (Sungei Buloh Nature Park)", "718925", "Singapore"], "city": "Singapore", "lng": 103.73045244855707, "cc": "SG", "country": "Singapore", "crossStreet": "Sungei Buloh Nature Park", "lat": 1.444965289358575, "address": "301 Neo Tiew Cres", "labeledLatLngs": [{"label": "display", "lat": 1.444965289358575, "lng": 103.73045244855707}], "postalCode": "718925"}, "categories": [{"icon": {"prefix": "https://ss3.4sqi.net/img/categories_v2/parks_outdoors/naturepreserve_", "suffix": ".png"}, "name": "Nature Preserve", "id": "52e81612bcbc57f1066b7a13", "pluralName": "Nature Preserves", "primary": true, "shortName": "Preserve"}], "verified": false, "contact": {"formattedPhone": "+65 6794 1401", "phone": "+6567941401"}, "beenHere": {"lastCheckinExpiredAt": 0}, "stats": {"tipCount": 38, "usersCount": 1886, "checkinsCount": 2636}, "id": "4b05880ef964a520bfae22e3", "name": "Sungei Buloh Wetland Reserve"}, "suffix": "/10887868_58jhoNwp84suAqkxC6j9z0RfFXgbxuuQFo5UmSJL-y4.jpg", "visibility": "public"}, {"height": 540, "source": {"url": "https://foursquare.com/download/#/iphone", "name": "Foursquare for iOS"}, "width": 720, "prefix": "https://igx.4sqi.net/img/general/", "createdAt": 1349421004, "id": "506e87cce4b0a7f999f8c4ee", "venue": {"url": "http://www.sbwr.org.sg", "like": false, "location": {"formattedAddress": ["301 Neo Tiew Cres (Sungei Buloh Nature Park)", "718925", "Singapore"], "city": "Singapore", "lng": 103.73045244855707, "cc": "SG", "country": "Singapore", "crossStreet": "Sungei Buloh Nature Park", "lat": 1.444965289358575, "address": "301 Neo Tiew Cres", "labeledLatLngs": [{"label": "display", "lat": 1.444965289358575, "lng": 103.73045244855707}], "postalCode": "718925"}, "categories": [{"icon": {"prefix": "https://ss3.4sqi.net/img/categories_v2/parks_outdoors/naturepreserve_", "suffix": ".png"}, "name": "Nature Preserve", "id": "52e81612bcbc57f1066b7a13", "pluralName": "Nature Preserves", "primary": true, "shortName": "Preserve"}], "verified": false, "contact": {"formattedPhone": "+65 6794 1401", "phone": "+6567941401"}, "beenHere": {"lastCheckinExpiredAt": 0}, "stats": {"tipCount": 38, "usersCount": 1886, "checkinsCount": 2636}, "id": "4b05880ef964a520bfae22e3", "name": "Sungei Buloh Wetland Reserve"}, "suffix": "/10887868_GqydqQehio8MgoO-kgK_fBaHMi8FufkOm9e4iJWCIMc.jpg", "visibility": "public"}, {"height": 540, "source": {"url": "https://foursquare.com/download/#/iphone", "name": "Foursquare for iOS"}, "width": 720, "prefix": "https://igx.4sqi.net/img/general/", "createdAt": 1349420948, "id": "506e8794e4b0d410cdd10142", "venue": {"url": "http://www.sbwr.org.sg", "like": false, "location": {"formattedAddress": ["301 Neo Tiew Cres (Sungei Buloh Nature Park)", "718925", "Singapore"], "city": "Singapore", "lng": 103.73045244855707, "cc": "SG", "country": "Singapore", "crossStreet": "Sungei Buloh Nature Park", "lat": 1.444965289358575, "address": "301 Neo Tiew Cres", "labeledLatLngs": [{"label": "display", "lat": 1.444965289358575, "lng": 103.73045244855707}], "postalCode": "718925"}, "categories": [{"icon": {"prefix": "https://ss3.4sqi.net/img/categories_v2/parks_outdoors/naturepreserve_", "suffix": ".png"}, "name": "Nature Preserve", "id": "52e81612bcbc57f1066b7a13", "pluralName": "Nature Preserves", "primary": true, "shortName": "Preserve"}], "verified": false, "contact": {"formattedPhone": "+65 6794 1401", "phone": "+6567941401"}, "beenHere": {"lastCheckinExpiredAt": 0}, "stats": {"tipCount": 38, "usersCount": 1886, "checkinsCount": 2636}, "id": "4b05880ef964a520bfae22e3", "name": "Sungei Buloh Wetland Reserve"}, "suffix": "/10887868_jJxITuqCbZXg3mIrQGhKFBDuhM2petD2thI8cSC3CTQ.jpg", "visibility": "public"}, {"height": 540, "source": {"url": "https://foursquare.com/download/#/iphone", "name": "Foursquare for iOS"}, "width": 720, "prefix": "https://igx.4sqi.net/img/general/", "createdAt": 1335060816, "id": "4f936950e4b03742da2e6b36", "venue": {"venueRatingBlacklisted": true, "like": false, "location": {"cc": "SG", "country": "Singapore", "lat": 1.27656, "lng": 103.844593, "labeledLatLngs": [{"label": "display", "lat": 1.27656, "lng": 103.844593}], "formattedAddress": ["Singapore"]}, "categories": [{"icon": {"prefix": "https://ss3.4sqi.net/img/categories_v2/building/default_", "suffix": ".png"}, "name": "Office", "id": "4bf58dd8d48988d124941735", "pluralName": "Offices", "primary": true, "shortName": "Office"}], "verified": false, "contact": {}, "beenHere": {"lastCheckinExpiredAt": 0}, "stats": {"tipCount": 1, "usersCount": 20, "checkinsCount": 63}, "id": "4da2b6ff63b5a35d00c4021a", "name": "Sky Suites @ Anson Showroom"}, "suffix": "/MuZoC9ZNOk3WH81whZF8VSgaiTEjb8Rc8oBletx4kKA.jpg", "visibility": "public"}, {"height": 540, "source": {"url": "https://foursquare.com/download/#/iphone", "name": "Foursquare for iOS"}, "width": 720, "prefix": "https://igx.4sqi.net/img/general/", "createdAt": 1335060047, "id": "4f93664fe4b0d0d98901c306", "venue": {"venueRatingBlacklisted": true, "like": false, "location": {"cc": "SG", "country": "Singapore", "lat": 1.27656, "lng": 103.844593, "labeledLatLngs": [{"label": "display", "lat": 1.27656, "lng": 103.844593}], "formattedAddress": ["Singapore"]}, "categories": [{"icon": {"prefix": "https://ss3.4sqi.net/img/categories_v2/building/default_", "suffix": ".png"}, "name": "Office", "id": "4bf58dd8d48988d124941735", "pluralName": "Offices", "primary": true, "shortName": "Office"}], "verified": false, "contact": {}, "beenHere": {"lastCheckinExpiredAt": 0}, "stats": {"tipCount": 1, "usersCount": 20, "checkinsCount": 63}, "id": "4da2b6ff63b5a35d00c4021a", "name": "Sky Suites @ Anson Showroom"}, "suffix": "/MuZoC9ZNOk3WH81whZF8VSgaiTEjb8Rc8oBletx4kKA.jpg", "visibility": "public"}, {"height": 540, "source": {"url": "https://foursquare.com/download/#/iphone", "name": "Foursquare for iOS"}, "width": 720, "prefix": "https://igx.4sqi.net/img/general/", "createdAt": 1313909964, "id": "4e50accc45ddff0031d27c0e", "venue": {"like": false, "location": {"formattedAddress": ["Levels 11&12, Orchard Central (181 Orchard Road)", "238896", "Singapore"], "city": "Singapore", "lng": 103.83960214313885, "cc": "SG", "country": "Singapore", "crossStreet": "181 Orchard Road", "lat": 1.3008375109866943, "address": "Levels 11&12, Orchard Central", "labeledLatLngs": [{"label": "display", "lat": 1.3008375109866943, "lng": 103.83960214313885}], "postalCode": "238896"}, "categories": [{"icon": {"prefix": "https://ss3.4sqi.net/img/categories_v2/parks_outdoors/garden_", "suffix": ".png"}, "name": "Garden", "id": "4bf58dd8d48988d15a941735", "pluralName": "Gardens", "primary": true, "shortName": "Garden"}], "verified": false, "contact": {}, "beenHere": {"lastCheckinExpiredAt": 0}, "stats": {"tipCount": 0, "usersCount": 951, "checkinsCount": 1300}, "id": "4b40216af964a520fab525e3", "name": "Roof Garden"}, "suffix": "/OMSHAPNRP0BIPSBOCHCS4LW4ZBXH1VFHKVFYIYR3WVRJ11KH.jpg", "visibility": "public"}, {"height": 540, "source": {"url": "https://foursquare.com/download/#/iphone", "name": "Foursquare for iOS"}, "width": 720, "prefix": "https://igx.4sqi.net/img/general/", "createdAt": 1311486631, "id": "4e2bb2a7d164223a6985527f", "venue": {"venueRatingBlacklisted": true, "like": false, "location": {"formattedAddress": ["66 Sengkang East Way", "548593", "Singapore"], "city": "Singapore", "lng": 103.90159541318344, "cc": "SG", "country": "Singapore", "lat": 1.3913693011882926, "address": "66 Sengkang East Way", "labeledLatLngs": [{"label": "display", "lat": 1.3913693011882926, "lng": 103.90159541318344}], "postalCode": "548593"}, "categories": [{"icon": {"prefix": "https://ss3.4sqi.net/img/categories_v2/building/religious_church_", "suffix": ".png"}, "name": "Church", "id": "4bf58dd8d48988d132941735", "pluralName": "Churches", "primary": true, "shortName": "Church"}], "verified": false, "contact": {}, "beenHere": {"lastCheckinExpiredAt": 0}, "stats": {"tipCount": 15, "usersCount": 1248, "checkinsCount": 6325}, "id": "4b6e8ee3f964a520e9c12ce3", "name": "St. Anne's Church"}, "suffix": "/RF22QEPLRSIDPTO0I4HD205LMAIRWHVR1N1NANM15T0FPPK4.jpg", "visibility": "public"}, {"height": 540, "source": {"url": "https://foursquare.com/download/#/iphone", "name": "Foursquare for iOS"}, "width": 720, "prefix": "https://igx.4sqi.net/img/general/", "createdAt": 1311485945, "id": "4e2baff97d8b7deda6d41294", "venue": {"closed": true, "like": false, "location": {"formattedAddress": ["8 Jalan Kuras (Sembawang Hill Estate)", "577725", "Singapore"], "city": "Singapore", "lng": 103.8294406145664, "cc": "SG", "country": "Singapore", "crossStreet": "Sembawang Hill Estate", "lat": 1.3730779942925198, "address": "8 Jalan Kuras", "labeledLatLngs": [{"label": "display", "lat": 1.3730779942925198, "lng": 103.8294406145664}], "postalCode": "577725"}, "categories": [{"icon": {"prefix": "https://ss3.4sqi.net/img/categories_v2/shops/food_grocery_", "suffix": ".png"}, "name": "Grocery Store", "id": "4bf58dd8d48988d118951735", "pluralName": "Grocery Stores", "primary": true, "shortName": "Grocery Store"}], "verified": false, "contact": {"formattedPhone": "+65 6453 4193", "phone": "+6564534193"}, "allowMenuUrlEdit": true, "stats": {"tipCount": 7, "usersCount": 125, "checkinsCount": 640}, "id": "4b9e1a11f964a520caca36e3", "name": "Giant Express", "beenHere": {"lastCheckinExpiredAt": 0}}, "suffix": "/D3QIWXV230XPL4QT34UKAJSSUDR2LLUBSZ3NAVPC51EBTE2O.jpg", "visibility": "public"}, {"height": 540, "source": {"url": "https://foursquare.com/download/#/iphone", "name": "Foursquare for iOS"}, "width": 720, "prefix": "https://igx.4sqi.net/img/general/", "createdAt": 1311468455, "id": "4e2b6ba7227197a112da2baf", "venue": {"venueRatingBlacklisted": true, "like": false, "location": {"formattedAddress": ["66 Sengkang East Way", "548593", "Singapore"], "city": "Singapore", "lng": 103.90159541318344, "cc": "SG", "country": "Singapore", "lat": 1.3913693011882926, "address": "66 Sengkang East Way", "labeledLatLngs": [{"label": "display", "lat": 1.3913693011882926, "lng": 103.90159541318344}], "postalCode": "548593"}, "categories": [{"icon": {"prefix": "https://ss3.4sqi.net/img/categories_v2/building/religious_church_", "suffix": ".png"}, "name": "Church", "id": "4bf58dd8d48988d132941735", "pluralName": "Churches", "primary": true, "shortName": "Church"}], "verified": false, "contact": {}, "beenHere": {"lastCheckinExpiredAt": 0}, "stats": {"tipCount": 15, "usersCount": 1248, "checkinsCount": 6325}, "id": "4b6e8ee3f964a520e9c12ce3", "name": "St. Anne's Church"}, "suffix": "/1FU5O0DYKDFGSID10CVCFA4UAVUTEZDRJWE5IH0N1J1STQKU.jpg", "visibility": "public"}, {"height": 540, "source": {"url": "https://foursquare.com/download/#/iphone", "name": "Foursquare for iOS"}, "width": 720, "prefix": "https://igx.4sqi.net/img/general/", "createdAt": 1311426144, "id": "4e2ac660227197a112d1e91f", "venue": {"venueRatingBlacklisted": true, "like": false, "location": {"city": "Singapore", "lng": 103.78905678802457, "cc": "SG", "country": "Singapore", "lat": 1.3284250999361078, "address": "Holland Link", "labeledLatLngs": [{"label": "display", "lat": 1.3284250999361078, "lng": 103.78905678802457}], "formattedAddress": ["Holland Link", "Singapore"]}, "categories": [{"icon": {"prefix": "https://ss3.4sqi.net/img/categories_v2/building/default_", "suffix": ".png"}, "name": "Building", "id": "4bf58dd8d48988d130941735", "pluralName": "Buildings", "primary": true, "shortName": "Building"}], "verified": false, "contact": {"twitter": "toccsl"}, "beenHere": {"lastCheckinExpiredAt": 0}, "stats": {"tipCount": 0, "usersCount": 28, "checkinsCount": 252}, "id": "4e1916602271b0e972030c3f", "name": "Eleven@Holland"}, "suffix": "/BA1OQMB1YCQ2YKTWJR5RLXMT3TTUHK0ZTG20ZT51TQUTUAAC.jpg", "visibility": "public"}, {"height": 540, "source": {"url": "https://foursquare.com/download/#/iphone", "name": "Foursquare for iOS"}, "width": 720, "prefix": "https://igx.4sqi.net/img/general/", "createdAt": 1311425781, "id": "4e2ac4f5d4c0e5c89abc88ca", "venue": {"venueRatingBlacklisted": true, "like": false, "location": {"city": "Singapore", "isFuzzed": true, "cc": "SG", "country": "Singapore", "lat": 1.3781967870715954, "lng": 103.82742255204533, "formattedAddress": ["Singapore"]}, "categories": [{"icon": {"prefix": "https://ss3.4sqi.net/img/categories_v2/building/home_", "suffix": ".png"}, "name": "Home (private)", "id": "4bf58dd8d48988d103941735", "pluralName": "Homes (private)", "primary": true, "shortName": "Home"}], "verified": false, "contact": {}, "beenHere": {"lastCheckinExpiredAt": 0}, "stats": {"tipCount": 0, "usersCount": 2, "checkinsCount": 181}, "id": "4e20672ed4c0d32590e3ddc5", "name": "Garden House"}, "suffix": "/NQYT0NMJBV5HQXZOX0T2UMNSAIUYC30CLHB1UFBVUQGKIEIN.jpg", "visibility": "public"}, {"height": 540, "source": {"url": "https://foursquare.com/download/#/iphone", "name": "Foursquare for iOS"}, "tip": {"agreeCount": 0, "canonicalUrl": "https://foursquare.com/item/4e2791bb18a83a136229b42a", "todo": {"count": 0}, "logView": true, "disagreeCount": 0, "createdAt": 1311216059, "id": "4e2791bb18a83a136229b42a", "text": "Good investment opportunity now. Developer offering 10% discount. Still consider private launch!", "likes": {"groups": [], "count": 0}, "like": false, "type": "user"}, "width": 720, "prefix": "https://igx.4sqi.net/img/general/", "createdAt": 1311216128, "id": "4e27920045ddfe8f9de9d1ef", "venue": {"venueRatingBlacklisted": true, "like": false, "location": {"cc": "SG", "country": "Singapore", "lat": 1.27656, "lng": 103.844593, "labeledLatLngs": [{"label": "display", "lat": 1.27656, "lng": 103.844593}], "formattedAddress": ["Singapore"]}, "categories": [{"icon": {"prefix": "https://ss3.4sqi.net/img/categories_v2/building/default_", "suffix": ".png"}, "name": "Office", "id": "4bf58dd8d48988d124941735", "pluralName": "Offices", "primary": true, "shortName": "Office"}], "verified": false, "contact": {}, "beenHere": {"lastCheckinExpiredAt": 0}, "stats": {"tipCount": 1, "usersCount": 20, "checkinsCount": 63}, "id": "4da2b6ff63b5a35d00c4021a", "name": "Sky Suites @ Anson Showroom"}, "suffix": "/2X4EPMLCFY1F0W15PMSIDEGT5HSUXLRUL0M3AXNEVIO3JVEI.jpg", "visibility": "public"}, {"height": 540, "source": {"url": "https://foursquare.com/download/#/iphone", "name": "Foursquare for iOS"}, "width": 720, "prefix": "https://igx.4sqi.net/img/general/", "createdAt": 1311216003, "id": "4e2791838877f9158a6cef07", "venue": {"venueRatingBlacklisted": true, "like": false, "location": {"cc": "SG", "country": "Singapore", "lat": 1.27656, "lng": 103.844593, "labeledLatLngs": [{"label": "display", "lat": 1.27656, "lng": 103.844593}], "formattedAddress": ["Singapore"]}, "categories": [{"icon": {"prefix": "https://ss3.4sqi.net/img/categories_v2/building/default_", "suffix": ".png"}, "name": "Office", "id": "4bf58dd8d48988d124941735", "pluralName": "Offices", "primary": true, "shortName": "Office"}], "verified": false, "contact": {}, "beenHere": {"lastCheckinExpiredAt": 0}, "stats": {"tipCount": 1, "usersCount": 20, "checkinsCount": 63}, "id": "4da2b6ff63b5a35d00c4021a", "name": "Sky Suites @ Anson Showroom"}, "suffix": "/EWCX3FRCO020VEXF2VAHK0OPGK11CQUXJD5XONVMBJ1CI0FO.jpg", "visibility": "public"}, {"height": 540, "source": {"url": "https://foursquare.com/download/#/iphone", "name": "Foursquare for iOS"}, "width": 720, "prefix": "https://igx.4sqi.net/img/general/", "createdAt": 1311215879, "id": "4e279107d22d848a145b062a", "venue": {"venueRatingBlacklisted": true, "like": false, "location": {"cc": "SG", "country": "Singapore", "lat": 1.27656, "lng": 103.844593, "labeledLatLngs": [{"label": "display", "lat": 1.27656, "lng": 103.844593}], "formattedAddress": ["Singapore"]}, "categories": [{"icon": {"prefix": "https://ss3.4sqi.net/img/categories_v2/building/default_", "suffix": ".png"}, "name": "Office", "id": "4bf58dd8d48988d124941735", "pluralName": "Offices", "primary": true, "shortName": "Office"}], "verified": false, "contact": {}, "beenHere": {"lastCheckinExpiredAt": 0}, "stats": {"tipCount": 1, "usersCount": 20, "checkinsCount": 63}, "id": "4da2b6ff63b5a35d00c4021a", "name": "Sky Suites @ Anson Showroom"}, "suffix": "/QODNLNTD3SZDKKODRD24QEOE42N0HOC03NA34ULU3UWW2YVE.jpg", "visibility": "public"}], "count": 23}, "totalCount": 23}}