{"response": {"totalCount": 8, "photos": {"count": 8, "items": [{"width": 960, "visibility": "public", "createdAt": 1381545680, "id": "5258b6d011d2bc4df2af16a7", "source": {"name": "Foursquare for Android", "url": "https://foursquare.com/download/#/android"}, "prefix": "https://igx.4sqi.net/img/general/", "suffix": "/10885293_NfnNILzaXdV3conCtiP4WIv3ZDfBRnj2Dbuv33xK8Lc.jpg", "venue": {"contact": {}, "beenHere": {"lastCheckinExpiredAt": 0}, "name": "The Float @ Marina Bay", "categories": [{"name": "Event Space", "shortName": "Event Space", "primary": true, "icon": {"prefix": "https://ss3.4sqi.net/img/categories_v2/building/eventspace_", "suffix": ".png"}, "id": "4bf58dd8d48988d171941735", "pluralName": "Event Spaces"}], "venueRatingBlacklisted": true, "stats": {"checkinsCount": 20248, "tipCount": 46, "usersCount": 12853}, "verified": false, "id": "4b9b895df964a520bd0d36e3", "location": {"country": "Singapore", "formattedAddress": ["20 Raffles Ave", "039805", "Singapore"], "cc": "SG", "lat": 1.2881671823763388, "labeledLatLngs": [{"lng": 103.85899543762207, "lat": 1.2881671823763388, "label": "display"}], "postalCode": "039805", "address": "20 Raffles Ave", "lng": 103.85899543762207, "city": "Singapore"}, "like": false}, "height": 720}, {"width": 640, "visibility": "public", "createdAt": 1355488040, "id": "50cb1b28e4b0fb931e96753f", "source": {"name": "Foursquare for Android", "url": "https://foursquare.com/download/#/android"}, "prefix": "https://igx.4sqi.net/img/general/", "suffix": "/10885293_1FTqoXqFSimoiCWQkhw7hhuvAVhFPtzKo4NuMefvz8g.jpg", "venue": {"contact": {}, "name": "Jalan Besar Stadium", "categories": [{"name": "Soccer Stadium", "shortName": "Soccer", "primary": true, "icon": {"prefix": "https://ss3.4sqi.net/img/categories_v2/arts_entertainment/stadium_soccer_", "suffix": ".png"}, "id": "4bf58dd8d48988d188941735", "pluralName": "Soccer Stadiums"}], "beenHere": {"lastCheckinExpiredAt": 0}, "stats": {"checkinsCount": 9984, "tipCount": 19, "usersCount": 4208}, "verified": false, "id": "4b63e7e7f964a52086962ae3", "location": {"country": "Singapore", "formattedAddress": ["100 Tyrwhitt Rd", "207542", "Singapore"], "cc": "SG", "lat": 1.310064471117162, "labeledLatLngs": [{"lng": 103.86029362678528, "lat": 1.310064471117162, "label": "display"}], "postalCode": "207542", "address": "100 Tyrwhitt Rd", "lng": 103.86029362678528, "city": "Singapore"}, "like": false}, "height": 480}, {"width": 480, "visibility": "public", "createdAt": 1350721338, "id": "50825f3ae4b0b8e843e5c494", "source": {"name": "Foursquare for Android", "url": "https://foursquare.com/download/#/android"}, "prefix": "https://igx.4sqi.net/img/general/", "suffix": "/10885293_kyD5iMHaBFi6ZqTqqPzls4ixuT1u7n_VksJPkX2YHJ4.jpg", "venue": {"contact": {"phone": "+6567553113", "formattedPhone": "+65 6755 3113"}, "categories": [{"name": "Karaoke Bar", "shortName": "Karaoke", "primary": true, "icon": {"prefix": "https://ss3.4sqi.net/img/categories_v2/nightlife/karaoke_", "suffix": ".png"}, "id": "4bf58dd8d48988d120941735", "pluralName": "Karaoke Bars"}], "closed": true, "beenHere": {"lastCheckinExpiredAt": 0}, "location": {"country": "Singapore", "formattedAddress": ["#08-01, Cineleisure Orchard (8 Grange Rd)", "239695", "Singapore"], "cc": "SG", "lat": 1.3014046030826758, "labeledLatLngs": [{"lng": 103.83653379077134, "lat": 1.3014046030826758, "label": "display"}], "postalCode": "239695", "address": "#08-01, Cineleisure Orchard", "lng": 103.83653379077134, "city": "Singapore", "crossStreet": "8 Grange Rd"}, "like": false, "allowMenuUrlEdit": true, "name": "K Box", "url": "http://www.kbox.com.sg", "stats": {"checkinsCount": 11484, "tipCount": 36, "usersCount": 6492}, "verified": false, "id": "4ba7967df964a520fe9f39e3"}, "height": 640}, {"width": 640, "visibility": "public", "createdAt": 1324632202, "id": "4ef4488a02d574894fa84976", "source": {"name": "Foursquare for Android", "url": "https://foursquare.com/download/#/android"}, "prefix": "https://igx.4sqi.net/img/general/", "suffix": "/JKOZ0Y3MESTEJ1GE2R5UYH25LGXHS1SITJ0IGKU0DYTPIPVP.jpg", "venue": {"contact": {"facebookName": "Changi Airport", "phone": "+6565956868", "facebook": "113770598597", "facebookUsername": "changiairport", "twitter": "changiairport", "formattedPhone": "+65 6595 6868"}, "categories": [{"name": "Airport Terminal", "shortName": "Terminal", "primary": true, "icon": {"prefix": "https://ss3.4sqi.net/img/categories_v2/travel/airport_gate_", "suffix": ".png"}, "id": "4bf58dd8d48988d1eb931735", "pluralName": "Airport Terminals"}], "venueRatingBlacklisted": true, "beenHere": {"lastCheckinExpiredAt": 0}, "location": {"country": "Singapore", "neighborhood": "Singapore Changi Airport", "formattedAddress": ["Changi International Airport (75 Airport Boulevard)", "819643", "Singapore"], "cc": "SG", "lat": 1.356287561935302, "postalCode": "819643", "address": "Changi International Airport", "lng": 103.98677713114739, "city": "Singapore", "crossStreet": "75 Airport Boulevard"}, "like": false, "name": "Terminal 3", "url": "http://www.changiairport.com", "stats": {"checkinsCount": 231780, "tipCount": 394, "usersCount": 75950}, "verified": true, "id": "4b1baa07f964a52084fc23e3", "storeId": ""}, "height": 480}, {"width": 720, "visibility": "public", "createdAt": 1321703963, "id": "4ec79a1b0aaf9c3ccc72a3e8", "source": {"name": "Foursquare for Android", "url": "https://foursquare.com/download/#/android"}, "prefix": "https://igx.4sqi.net/img/general/", "suffix": "/DKQ2FBIZJNTKUALE3SVNTBTJIV3NLVOL4G3SHY1NSVY4BFES.jpg", "venue": {"contact": {"phone": "+6563382848", "formattedPhone": "+65 6338 2848"}, "name": "Food Republic", "categories": [{"name": "Food Court", "shortName": "Food Court", "primary": true, "icon": {"prefix": "https://ss3.4sqi.net/img/categories_v2/shops/food_foodcourt_", "suffix": ".png"}, "id": "4bf58dd8d48988d120951735", "pluralName": "Food Courts"}], "beenHere": {"lastCheckinExpiredAt": 0}, "stats": {"checkinsCount": 8974, "tipCount": 78, "usersCount": 4702}, "verified": false, "url": "http://foodrepublic.com.sg/stores/food-republic-suntec-city", "id": "4b8f48cff964a520615033e3", "location": {"country": "Singapore", "formattedAddress": ["Suntec City Mall, #B1-115 to 120 and #B1-126/127 (3 Temasek Boulevard)", "039593", "Singapore"], "cc": "SG", "lat": 1.2948116423722895, "labeledLatLngs": [{"lng": 103.8590102284851, "lat": 1.2948116423722895, "label": "display"}], "postalCode": "039593", "address": "Suntec City Mall, #B1-115 to 120 and #B1-126/127", "lng": 103.8590102284851, "city": "Singapore", "crossStreet": "3 Temasek Boulevard"}, "like": false, "allowMenuUrlEdit": true}, "height": 540}, {"width": 720, "visibility": "public", "createdAt": 1321507024, "id": "4ec498d093adf4e73ea40977", "source": {"name": "Foursquare for Android", "url": "https://foursquare.com/download/#/android"}, "prefix": "https://igx.4sqi.net/img/general/", "suffix": "/BGAGZC5TDM455QAMAEOHFE1UYAZPOCAV51SFUARF3RNXNOC4.jpg", "venue": {"contact": {}, "beenHere": {"lastCheckinExpiredAt": 0}, "name": "Canteen 4", "categories": [{"name": "College Cafeteria", "shortName": "Cafeteria", "primary": true, "icon": {"prefix": "https://ss3.4sqi.net/img/categories_v2/education/cafeteria_", "suffix": ".png"}, "id": "4bf58dd8d48988d1a1941735", "pluralName": "College Cafeterias"}], "closed": true, "venueRatingBlacklisted": true, "stats": {"checkinsCount": 3702, "tipCount": 14, "usersCount": 1068}, "verified": false, "id": "4bcba586cc8cd13a11e1bfcf", "location": {"country": "Singapore", "formattedAddress": ["Blk 43, Ngee Ann Polytechnic (535 Clementi Rd)", "599489", "Singapore"], "cc": "SG", "lat": 1.3328732729618236, "postalCode": "599489", "address": "Blk 43, Ngee Ann Polytechnic", "lng": 103.77138376235962, "city": "Singapore", "crossStreet": "535 Clementi Rd"}, "like": false}, "height": 540}, {"width": 720, "visibility": "public", "createdAt": 1321505320, "id": "4ec4922829c224ea7c0769cc", "source": {"name": "Foursquare for Android", "url": "https://foursquare.com/download/#/android"}, "prefix": "https://igx.4sqi.net/img/general/", "suffix": "/N3R4VOLVTCMPER0OSVHJQVPNO0ADKF22ELYVNIOOC15X0SRM.jpg", "venue": {"contact": {}, "beenHere": {"lastCheckinExpiredAt": 0}, "name": "LT 68E", "categories": [{"name": "College Theater", "shortName": "Theater", "primary": true, "icon": {"prefix": "https://ss3.4sqi.net/img/categories_v2/arts_entertainment/performingarts_theater_", "suffix": ".png"}, "id": "4bf58dd8d48988d1ac941735", "pluralName": "College Theaters"}], "venueRatingBlacklisted": true, "stats": {"checkinsCount": 656, "tipCount": 1, "usersCount": 290}, "verified": false, "id": "4bd8f40be914a593ed4755fa", "location": {"country": "Singapore", "formattedAddress": ["Blk 68, Ngee Ann Polytechnic, #B1-000E (535 Clementi Rd)", "599489", "Singapore"], "cc": "SG", "lat": 1.3324871393386304, "labeledLatLngs": [{"lng": 103.77585768699646, "lat": 1.3324871393386304, "label": "display"}], "postalCode": "599489", "address": "Blk 68, Ngee Ann Polytechnic, #B1-000E", "lng": 103.77585768699646, "city": "Singapore", "crossStreet": "535 Clementi Rd"}, "like": false}, "height": 540}, {"width": 720, "visibility": "public", "createdAt": 1321412218, "id": "4ec3267ae5fa690c1e94b221", "source": {"name": "Foursquare for Android", "url": "https://foursquare.com/download/#/android"}, "prefix": "https://igx.4sqi.net/img/general/", "suffix": "/A4HKDXIULXRY3BAAIEN5RS3Z33QH1XMT1W33HZCG0VRUIM2Y.jpg", "venue": {"contact": {}, "beenHere": {"lastCheckinExpiredAt": 0}, "name": "Block 56 (Teaching Hub)", "categories": [{"name": "College Academic Building", "shortName": "Academic Building", "primary": true, "icon": {"prefix": "https://ss3.4sqi.net/img/categories_v2/education/academicbuilding_", "suffix": ".png"}, "id": "4bf58dd8d48988d198941735", "pluralName": "College Academic Buildings"}], "venueRatingBlacklisted": true, "stats": {"checkinsCount": 12117, "tipCount": 6, "usersCount": 1857}, "verified": false, "id": "4bcd529bb6c49c74c3469591", "location": {"country": "Singapore", "formattedAddress": ["Blk 56, Ngee Ann Polytechnic (535 Clementi Rd)", "599489", "Singapore"], "cc": "SG", "lat": 1.3330062914723915, "labeledLatLngs": [{"lng": 103.77593959733771, "lat": 1.3330062914723915, "label": "display"}], "postalCode": "599489", "address": "Blk 56, Ngee Ann Polytechnic", "lng": 103.77593959733771, "city": "Singapore", "crossStreet": "535 Clementi Rd"}, "like": false}, "height": 540}]}}, "notifications": [{"type": "notificationTray", "item": {"unreadCount": 0}}], "meta": {"requestId": "595b677d6a6071143a980ecb", "code": 200}}