{"meta": {"code": 200, "requestId": "595b23124c1f67703a96a3c3"}, "notifications": [{"item": {"unreadCount": 0}, "type": "notificationTray"}], "response": {"photos": {"items": [{"height": 720, "source": {"url": "https://foursquare.com/download/#/iphone", "name": "Foursquare for iOS"}, "width": 540, "prefix": "https://igx.4sqi.net/img/general/", "createdAt": 1309090084, "id": "4e07212440a3786af70bb3f3", "venue": {"url": "http://www.ikea.com/sg", "like": false, "location": {"formattedAddress": ["60 Tampines North Dr. 2", "528764", "Singapore"], "city": "Singapore", "lng": 103.93213239313798, "cc": "SG", "country": "Singapore", "lat": 1.373531095812322, "address": "60 Tampines North Dr. 2", "postalCode": "528764"}, "categories": [{"icon": {"prefix": "https://ss3.4sqi.net/img/categories_v2/shops/furniture_", "suffix": ".png"}, "name": "Furniture / Home Store", "id": "4bf58dd8d48988d1f8941735", "pluralName": "Furniture / Home Stores", "primary": true, "shortName": "Furniture / Home"}], "verified": false, "contact": {"formattedPhone": "+65 6786 6868", "phone": "+6567866868"}, "allowMenuUrlEdit": true, "stats": {"tipCount": 379, "usersCount": 39138, "checkinsCount": 99650}, "id": "4b586667f964a520065628e3", "name": "IKEA", "beenHere": {"lastCheckinExpiredAt": 0}}, "suffix": "/Q1GE4XTBTNU1YRPX2X1GWWBYPARRZQCXJ3305ZSYH5TJSKFZ.jpg", "visibility": "public"}], "count": 1}, "totalCount": 1}}