{"response": {"photos": {"items": [{"id": "4f681114e4b0c3398805836d", "createdAt": 1332220180, "height": 720, "visibility": "public", "source": {"url": "https://foursquare.com/download/#/iphone", "name": "Foursquare for iOS"}, "prefix": "https://igx.4sqi.net/img/general/", "venue": {"id": "4b39e2d6f964a5206f5f25e3", "like": false, "stats": {"checkinsCount": 24516, "tipCount": 101, "usersCount": 8938}, "url": "http://www.starbucks.com.sg", "beenHere": {"lastCheckinExpiredAt": 0}, "categories": [{"id": "4bf58dd8d48988d1e0931735", "primary": true, "icon": {"prefix": "https://ss3.4sqi.net/img/categories_v2/food/coffeeshop_", "suffix": ".png"}, "pluralName": "Coffee Shops", "shortName": "Coffee Shop", "name": "Coffee Shop"}], "verified": false, "allowMenuUrlEdit": true, "location": {"crossStreet": "4 Tampines Central 5", "lat": 1.3519010044830582, "postalCode": "529510", "city": "Singapore", "formattedAddress": ["#01-50, Tampines Mall (4 Tampines Central 5)", "529510", "Singapore"], "lng": 103.94435405731201, "address": "#01-50, Tampines Mall", "country": "Singapore", "cc": "SG"}, "contact": {"formattedPhone": "+65 6787 3640", "phone": "+6567873640"}, "name": "Starbucks"}, "width": 540, "suffix": "/rNooyTPi9y57oplOf0jTam_RUYbLZW2aOsuTqHjXKPY.jpg"}, {"id": "4f2d3046e4b0a2ac5664df16", "createdAt": 1328361542, "height": 720, "visibility": "public", "source": {"url": "https://foursquare.com/download/#/iphone", "name": "Foursquare for iOS"}, "prefix": "https://igx.4sqi.net/img/general/", "venue": {"id": "4b45bddbf964a520bd0f26e3", "like": false, "stats": {"checkinsCount": 10987, "tipCount": 75, "usersCount": 7876}, "url": "http://www.timbregroup.asia", "beenHere": {"lastCheckinExpiredAt": 0}, "categories": [{"id": "4bf58dd8d48988d1e5931735", "primary": true, "icon": {"prefix": "https://ss3.4sqi.net/img/categories_v2/arts_entertainment/musicvenue_", "suffix": ".png"}, "pluralName": "Music Venues", "shortName": "Music Venue", "name": "Music Venue"}], "verified": false, "allowMenuUrlEdit": true, "location": {"crossStreet": "1 Old Parliament Lane", "labeledLatLngs": [{"lng": 103.85075522570398, "label": "display", "lat": 1.2877607971981802}], "lat": 1.2877607971981802, "postalCode": "179429", "city": "Singapore", "formattedAddress": ["#01-04, The Arts House (1 Old Parliament Lane)", "179429", "Singapore"], "lng": 103.85075522570398, "address": "#01-04, The Arts House", "country": "Singapore", "cc": "SG"}, "contact": {"formattedPhone": "+65 6336 3386", "phone": "+6563363386"}, "name": "Timbr\u00e9"}, "width": 540, "suffix": "/vVF4y1KTJxac86J9yIkwKqCSRgoB6NAim4DA6AXdi_k.jpg"}, {"id": "4f0d6d6be4b04a8cd79b3b47", "createdAt": 1326280043, "tip": {"id": "4f0d6d64e4b0d2af71d66261", "createdAt": 1326280036, "like": false, "todo": {"count": 0}, "text": "Pancake frm chinese delicacies", "logView": true, "disagreeCount": 0, "canonicalUrl": "https://foursquare.com/item/4f0d6d64e4b0d2af71d66261", "type": "user", "likes": {"count": 0, "groups": []}, "agreeCount": 0}, "height": 720, "visibility": "public", "source": {"url": "https://foursquare.com/download/#/iphone", "name": "Foursquare for iOS"}, "prefix": "https://igx.4sqi.net/img/general/", "venue": {"id": "4b226115f964a520244624e3", "like": false, "stats": {"checkinsCount": 2776, "tipCount": 31, "usersCount": 918}, "beenHere": {"lastCheckinExpiredAt": 0}, "categories": [{"id": "4bf58dd8d48988d1a1941735", "primary": true, "icon": {"prefix": "https://ss3.4sqi.net/img/categories_v2/education/cafeteria_", "suffix": ".png"}, "pluralName": "College Cafeterias", "shortName": "Cafeteria", "name": "College Cafeteria"}], "verified": false, "allowMenuUrlEdit": true, "location": {"address": "21 Nanyang Circle", "lat": 1.346620367658631, "postalCode": "639798", "city": "Singapore", "formattedAddress": ["21 Nanyang Circle", "639798", "Singapore"], "lng": 103.68591945639434, "labeledLatLngs": [{"lng": 103.68591945639434, "label": "display", "lat": 1.346620367658631}], "country": "Singapore", "cc": "SG"}, "contact": {}, "venueRatingBlacklisted": true, "name": "Food Canopy, NTU Canteen 1"}, "width": 540, "suffix": "/ZQLWKFJDYB5EV2VNRDVMLB2VGPBCQONOTR0NMG1VFPMEVI4H.jpg"}, {"id": "4f0d6bd3e4b0129c72f1d64a", "createdAt": 1326279635, "tip": {"id": "4f0d6bcee4b03544976a4fac", "createdAt": 1326279630, "like": false, "todo": {"count": 0}, "text": "Milk tea is a MUST TRY", "logView": true, "disagreeCount": 0, "canonicalUrl": "https://foursquare.com/item/4f0d6bcee4b03544976a4fac", "type": "user", "likes": {"count": 0, "groups": []}, "agreeCount": 0}, "height": 720, "visibility": "public", "source": {"url": "https://foursquare.com/download/#/iphone", "name": "Foursquare for iOS"}, "prefix": "https://igx.4sqi.net/img/general/", "venue": {"id": "4b226115f964a520244624e3", "like": false, "stats": {"checkinsCount": 2776, "tipCount": 31, "usersCount": 918}, "beenHere": {"lastCheckinExpiredAt": 0}, "categories": [{"id": "4bf58dd8d48988d1a1941735", "primary": true, "icon": {"prefix": "https://ss3.4sqi.net/img/categories_v2/education/cafeteria_", "suffix": ".png"}, "pluralName": "College Cafeterias", "shortName": "Cafeteria", "name": "College Cafeteria"}], "verified": false, "allowMenuUrlEdit": true, "location": {"address": "21 Nanyang Circle", "lat": 1.346620367658631, "postalCode": "639798", "city": "Singapore", "formattedAddress": ["21 Nanyang Circle", "639798", "Singapore"], "lng": 103.68591945639434, "labeledLatLngs": [{"lng": 103.68591945639434, "label": "display", "lat": 1.346620367658631}], "country": "Singapore", "cc": "SG"}, "contact": {}, "venueRatingBlacklisted": true, "name": "Food Canopy, NTU Canteen 1"}, "width": 540, "suffix": "/LKFWSR1DRB0JEUL1TH55UHO1R41U34BSFQFVPNISX4DRUMAL.jpg"}, {"id": "4e6602f68877954de9aeeb36", "createdAt": 1315308278, "tip": {"id": "4e6602eb45ddda352b13c4ab", "createdAt": 1315308267, "like": false, "todo": {"count": 0}, "text": "Must eat \u8001\u4f34 beancurd! Worth the queue.", "logView": true, "disagreeCount": 0, "canonicalUrl": "https://foursquare.com/item/4e6602eb45ddda352b13c4ab", "type": "user", "likes": {"count": 0, "groups": []}, "agreeCount": 0}, "height": 720, "visibility": "public", "source": {"url": "https://foursquare.com/download/#/iphone", "name": "Foursquare for iOS"}, "prefix": "https://igx.4sqi.net/img/general/", "venue": {"id": "4b0bcea6f964a520c93323e3", "like": false, "stats": {"checkinsCount": 54838, "tipCount": 483, "usersCount": 20445}, "beenHere": {"lastCheckinExpiredAt": 0}, "categories": [{"id": "4bf58dd8d48988d120951735", "primary": true, "icon": {"prefix": "https://ss3.4sqi.net/img/categories_v2/shops/food_foodcourt_", "suffix": ".png"}, "pluralName": "Food Courts", "shortName": "Food Court", "name": "Food Court"}], "verified": false, "allowMenuUrlEdit": true, "location": {"lat": 1.307982994481266, "postalCode": "390051", "city": "Singapore", "formattedAddress": ["51 Old Airport Rd", "390051", "Singapore"], "lng": 103.88576032773331, "address": "51 Old Airport Rd", "country": "Singapore", "cc": "SG"}, "contact": {}, "name": "Old Airport Road Market & Food Centre"}, "width": 540, "suffix": "/YQ2BXQLDVHQYY2N05FCRUI2AQBU3C5NWPNV14WSNNKKHXLDX.jpg"}], "count": 5}, "totalCount": 5}, "meta": {"code": 200, "requestId": "595a77fcdd57972d4195f608"}, "notifications": [{"item": {"unreadCount": 0}, "type": "notificationTray"}]}