{"response": {"photos": {"items": [{"id": "55bdd820498e9bba5c0f22fa", "createdAt": 1438504992, "height": 1440, "visibility": "public", "source": {"url": "https://www.swarmapp.com", "name": "Swarm for iOS"}, "prefix": "https://igx.4sqi.net/img/general/", "venue": {"id": "4cc51da842d1b60c1eb72113", "like": false, "stats": {"checkinsCount": 7616, "tipCount": 63, "usersCount": 6862}, "url": "http://visit12apostles.com.au", "beenHere": {"lastCheckinExpiredAt": 0}, "categories": [{"id": "4bf58dd8d48988d165941735", "primary": true, "icon": {"prefix": "https://ss3.4sqi.net/img/categories_v2/parks_outdoors/sceniclookout_", "suffix": ".png"}, "pluralName": "Scenic Lookouts", "shortName": "Scenic Lookout", "name": "Scenic Lookout"}], "verified": false, "location": {"crossStreet": "Booringa Road", "labeledLatLngs": [{"lng": 143.10336112976074, "label": "display", "lat": -38.6645529272049}], "state": "VIC", "lat": -38.6645529272049, "postalCode": "3269", "city": "Port Campbell", "formattedAddress": ["Great Ocean Rd. (Booringa Road)", "Port Campbell VIC 3269", "Australia"], "lng": 143.10336112976074, "address": "Great Ocean Rd.", "country": "Australia", "cc": "AU"}, "contact": {"twitter": "visit12apostles", "facebook": "141736105844402", "facebookName": "12 Apostles Australia", "formattedPhone": "+61 1300 137 255", "phone": "+611300137255"}, "name": "The Twelve Apostles"}, "width": 1917, "suffix": "/10925457_aOqYLtlGAuALHO-5IyAOaLf07SLuN11yo0UVrpNT7DQ.jpg"}, {"id": "55365ffa498e4693a7d5922e", "createdAt": 1429626874, "height": 1440, "visibility": "public", "source": {"url": "https://www.swarmapp.com", "name": "Swarm for iOS"}, "prefix": "https://igx.4sqi.net/img/general/", "venue": {"id": "4c2f7415452620a1b4851d0f", "like": false, "stats": {"checkinsCount": 29053, "tipCount": 377, "usersCount": 18849}, "url": "http://www.thipsamai.com", "beenHere": {"lastCheckinExpiredAt": 0}, "categories": [{"id": "4bf58dd8d48988d1d1941735", "primary": true, "icon": {"prefix": "https://ss3.4sqi.net/img/categories_v2/food/ramen_", "suffix": ".png"}, "pluralName": "Noodle Houses", "shortName": "Noodles", "name": "Noodle House"}], "verified": false, "allowMenuUrlEdit": true, "location": {"state": "\u0e01\u0e23\u0e38\u0e07\u0e40\u0e17\u0e1e\u0e21\u0e2b\u0e32\u0e19\u0e04\u0e23", "lat": 13.752800218436755, "postalCode": "10200", "city": "\u0e1e\u0e23\u0e30\u0e19\u0e04\u0e23", "formattedAddress": ["313 Maha Chai Rd.", "\u0e1e\u0e23\u0e30\u0e19\u0e04\u0e23", "\u0e01\u0e23\u0e38\u0e07\u0e40\u0e17\u0e1e\u0e21\u0e2b\u0e32\u0e19\u0e04\u0e23 10200", "\u0e1b\u0e23\u0e30\u0e40\u0e17\u0e28\u0e44\u0e17\u0e22"], "lng": 100.50477772951126, "address": "313 Maha Chai Rd.", "country": "\u0e1b\u0e23\u0e30\u0e40\u0e17\u0e28\u0e44\u0e17\u0e22", "cc": "TH"}, "contact": {"formattedPhone": "+66 2 221 6280", "phone": "+6622216280"}, "name": "Thip Samai (\u0e17\u0e34\u0e1e\u0e22\u0e4c\u0e2a\u0e21\u0e31\u0e22 (\u0e1c\u0e31\u0e14\u0e44\u0e17\u0e22\u0e1b\u0e23\u0e30\u0e15\u0e39\u0e1c\u0e35))"}, "width": 1920, "suffix": "/10925457_uZzWpmwHGR0sUkBZ-xQ7gtsSncaoqI5fz9WOGiuKTAI.jpg"}, {"id": "5518ae27498ec4b56db6bcd7", "createdAt": 1427680807, "height": 1440, "visibility": "public", "source": {"url": "https://www.swarmapp.com", "name": "Swarm for iOS"}, "prefix": "https://igx.4sqi.net/img/general/", "venue": {"id": "52970117498ef27b0046a7c4", "like": false, "stats": {"checkinsCount": 2088, "tipCount": 21, "usersCount": 1728}, "url": "http://www.thamesvalleykhaoyai.com", "beenHere": {"lastCheckinExpiredAt": 0}, "categories": [{"id": "4bf58dd8d48988d12f951735", "primary": true, "icon": {"prefix": "https://ss3.4sqi.net/img/categories_v2/travel/resort_", "suffix": ".png"}, "pluralName": "Resorts", "shortName": "Resort", "name": "Resort"}], "verified": false, "allowMenuUrlEdit": true, "location": {"crossStreet": "Thanarat", "labeledLatLngs": [{"lng": 101.3834703467289, "label": "display", "lat": 14.535304534518083}], "state": "\u0e08\u0e31\u0e07\u0e2b\u0e27\u0e31\u0e14\u0e19\u0e04\u0e23\u0e23\u0e32\u0e0a\u0e2a\u0e35\u0e21\u0e32", "lat": 14.535304534518083, "postalCode": "30130", "city": "\u0e1b\u0e32\u0e01\u0e0a\u0e48\u0e2d\u0e07", "formattedAddress": ["999 Moo 4 (Thanarat)", "\u0e1b\u0e32\u0e01\u0e0a\u0e48\u0e2d\u0e07", "\u0e08\u0e31\u0e07\u0e2b\u0e27\u0e31\u0e14\u0e19\u0e04\u0e23\u0e23\u0e32\u0e0a\u0e2a\u0e35\u0e21\u0e32 30130", "\u0e1b\u0e23\u0e30\u0e40\u0e17\u0e28\u0e44\u0e17\u0e22"], "lng": 101.3834703467289, "address": "999 Moo 4", "country": "\u0e1b\u0e23\u0e30\u0e40\u0e17\u0e28\u0e44\u0e17\u0e22", "cc": "TH"}, "contact": {"formattedPhone": "+66 93 367 2944", "phone": "+66933672944"}, "name": "Thames Valley Khao Yai"}, "width": 1920, "suffix": "/10925457_--5HiBzy8MWUu0gpdmW5ZJHDDdPRcYtV1S9e9b5lzvA.jpg"}, {"id": "54a5fad8498ec14416cfeb5e", "createdAt": 1420163800, "height": 1440, "visibility": "public", "source": {"url": "https://www.swarmapp.com", "name": "Swarm for iOS"}, "prefix": "https://igx.4sqi.net/img/general/", "venue": {"id": "50a739f0e4b041e7e0ba42bf", "like": false, "stats": {"checkinsCount": 5, "tipCount": 0, "usersCount": 5}, "beenHere": {"lastCheckinExpiredAt": 0}, "categories": [{"id": "4bf58dd8d48988d1f8931735", "primary": true, "icon": {"prefix": "https://ss3.4sqi.net/img/categories_v2/travel/bedandbreakfast_", "suffix": ".png"}, "pluralName": "Bed & Breakfasts", "shortName": "B & B", "name": "Bed & Breakfast"}], "verified": false, "allowMenuUrlEdit": true, "location": {"address": "\u4e94\u7d50\u9109\u89aa\u6cb3\u8def2\u6bb5291\u5df751\u5f0430\u865f", "state": "\u5b9c\u862d\u7e23", "lat": 24.670641, "city": "\u5b9c\u862d\u7e23", "formattedAddress": ["\u4e94\u7d50\u9109\u89aa\u6cb3\u8def2\u6bb5291\u5df751\u5f0430\u865f", "\u5b9c\u862d\u7e23, \u5b9c\u862d\u7e23", "\u81fa\u7063"], "lng": 121.80299, "labeledLatLngs": [{"lng": 121.80299, "label": "display", "lat": 24.670641}], "country": "\u81fa\u7063", "cc": "TW"}, "contact": {}, "name": "\u7c21\u55ae\u7684\u5e78\u798f"}, "width": 1920, "suffix": "/10925457_fd731yWNMt6VdxxJm_HTA80Zi2xenmxpTjsHK2ZKXCU.jpg"}, {"id": "5423a9e4498eb5e10ff48a0a", "createdAt": 1411623396, "height": 960, "visibility": "public", "source": {"url": "https://www.swarmapp.com", "name": "Swarm for iOS"}, "prefix": "https://igx.4sqi.net/img/general/", "venue": {"id": "4be36c2321d5a59329391911", "like": false, "stats": {"checkinsCount": 11020, "tipCount": 8, "usersCount": 1300}, "beenHere": {"lastCheckinExpiredAt": 0}, "categories": [{"id": "4eb1bea83b7b6f98df247e06", "primary": true, "icon": {"prefix": "https://ss3.4sqi.net/img/categories_v2/building/factory_", "suffix": ".png"}, "pluralName": "Factories", "shortName": "Factory", "name": "Factory"}], "verified": false, "location": {"crossStreet": "Debaratana Rd", "labeledLatLngs": [{"lng": 100.87709003983773, "label": "display", "lat": 13.595743922360112}], "state": "\u0e2a\u0e21\u0e38\u0e17\u0e23\u0e1b\u0e23\u0e32\u0e01\u0e32\u0e23", "lat": 13.595743922360112, "postalCode": "10560", "city": "\u0e1a\u0e32\u0e07\u0e1a\u0e48\u0e2d", "formattedAddress": ["99 Moo 5, Ban-Ragad (Debaratana Rd)", "\u0e1a\u0e32\u0e07\u0e1a\u0e48\u0e2d", "\u0e2a\u0e21\u0e38\u0e17\u0e23\u0e1b\u0e23\u0e32\u0e01\u0e32\u0e23 10560", "\u0e1b\u0e23\u0e30\u0e40\u0e17\u0e28\u0e44\u0e17\u0e22"], "lng": 100.87709003983773, "address": "99 Moo 5, Ban-Ragad", "country": "\u0e1b\u0e23\u0e30\u0e40\u0e17\u0e28\u0e44\u0e17\u0e22", "cc": "TH"}, "contact": {"formattedPhone": "+66 2 790 5000", "phone": "+6627905000"}, "venueRatingBlacklisted": true, "name": "Toyota Daihatsu Engineering & Manufacturing Co., Ltd. (TDEM) (\u0e1a\u0e23\u0e34\u0e29\u0e31\u0e17 \u0e42\u0e15\u0e42\u0e22\u0e15\u0e49\u0e32 \u0e44\u0e14\u0e2e\u0e31\u0e17\u0e2a\u0e38 \u0e40\u0e2d\u0e47\u0e19\u0e08\u0e34\u0e40\u0e19\u0e35\u0e22\u0e23\u0e34\u0e48\u0e07 \u0e41\u0e2d\u0e19\u0e14\u0e4c \u0e41\u0e21\u0e19\u0e39\u0e41\u0e1f\u0e04\u0e40\u0e08\u0e2d\u0e23\u0e34\u0e48\u0e07 \u0e08\u0e4d\u0e32\u0e01\u0e31\u0e14)"}, "width": 720, "suffix": "/10925457_t_KL-eWjR8B3GT3r6pI8EMUIkB39IfzjyZPx09F9eqk.jpg"}, {"id": "54085a03498e6806d1440d15", "createdAt": 1409833475, "height": 720, "visibility": "public", "source": {"url": "https://www.swarmapp.com", "name": "Swarm for iOS"}, "prefix": "https://igx.4sqi.net/img/general/", "venue": {"id": "4c2f7415452620a1b4851d0f", "like": false, "stats": {"checkinsCount": 29053, "tipCount": 377, "usersCount": 18849}, "url": "http://www.thipsamai.com", "beenHere": {"lastCheckinExpiredAt": 0}, "categories": [{"id": "4bf58dd8d48988d1d1941735", "primary": true, "icon": {"prefix": "https://ss3.4sqi.net/img/categories_v2/food/ramen_", "suffix": ".png"}, "pluralName": "Noodle Houses", "shortName": "Noodles", "name": "Noodle House"}], "verified": false, "allowMenuUrlEdit": true, "location": {"state": "\u0e01\u0e23\u0e38\u0e07\u0e40\u0e17\u0e1e\u0e21\u0e2b\u0e32\u0e19\u0e04\u0e23", "lat": 13.752800218436755, "postalCode": "10200", "city": "\u0e1e\u0e23\u0e30\u0e19\u0e04\u0e23", "formattedAddress": ["313 Maha Chai Rd.", "\u0e1e\u0e23\u0e30\u0e19\u0e04\u0e23", "\u0e01\u0e23\u0e38\u0e07\u0e40\u0e17\u0e1e\u0e21\u0e2b\u0e32\u0e19\u0e04\u0e23 10200", "\u0e1b\u0e23\u0e30\u0e40\u0e17\u0e28\u0e44\u0e17\u0e22"], "lng": 100.50477772951126, "address": "313 Maha Chai Rd.", "country": "\u0e1b\u0e23\u0e30\u0e40\u0e17\u0e28\u0e44\u0e17\u0e22", "cc": "TH"}, "contact": {"formattedPhone": "+66 2 221 6280", "phone": "+6622216280"}, "name": "Thip Samai (\u0e17\u0e34\u0e1e\u0e22\u0e4c\u0e2a\u0e21\u0e31\u0e22 (\u0e1c\u0e31\u0e14\u0e44\u0e17\u0e22\u0e1b\u0e23\u0e30\u0e15\u0e39\u0e1c\u0e35))"}, "width": 960, "suffix": "/10925457_MRzaOfbbh_cVxSWarCrvj5jRc0Cc8ScgTQHyQPFJhvo.jpg"}, {"id": "5231b75f11d2812c751abdf3", "createdAt": 1378989919, "height": 960, "visibility": "public", "source": {"url": "https://foursquare.com/download/#/iphone", "name": "Foursquare for iOS"}, "prefix": "https://igx.4sqi.net/img/general/", "venue": {"id": "4c7b648876ce9c743f35b70c", "like": false, "stats": {"checkinsCount": 87, "tipCount": 5, "usersCount": 55}, "beenHere": {"lastCheckinExpiredAt": 0}, "categories": [{"id": "4bf58dd8d48988d14a941735", "primary": true, "icon": {"prefix": "https://ss3.4sqi.net/img/categories_v2/food/vietnamese_", "suffix": ".png"}, "pluralName": "Vietnamese Restaurants", "shortName": "Vietnamese", "name": "Vietnamese Restaurant"}], "verified": false, "allowMenuUrlEdit": true, "location": {"address": "74 Xuan Dieu Str., Tay Ho Dist.,", "state": "Th\u00e0nh Ph\u1ed1 H\u00e0 N\u1ed9i", "lat": 21.061997473154765, "city": "H\u00e0 N\u1ed9i", "formattedAddress": ["74 Xuan Dieu Str., Tay Ho Dist.,", "H\u00e0 N\u1ed9i", "Th\u00e0nh Ph\u1ed1 H\u00e0 N\u1ed9i", "Vi\u1ec7t Nam"], "lng": 105.83045454857742, "labeledLatLngs": [{"lng": 105.83045454857742, "label": "display", "lat": 21.061997473154765}], "country": "Vi\u1ec7t Nam", "cc": "VN"}, "contact": {"formattedPhone": "+84 4 3719 1168", "phone": "+84437191168"}, "name": "Mandarin"}, "width": 720, "suffix": "/10925457_2HhcwyS8a-fU5crvwJPqRDA7ASL49Qi8l2UQCW_mSH0.jpg"}, {"id": "521c929c11d265d3b56befb5", "createdAt": 1377604252, "height": 720, "visibility": "public", "source": {"url": "https://foursquare.com/download/#/iphone", "name": "Foursquare for iOS"}, "prefix": "https://igx.4sqi.net/img/general/", "venue": {"id": "4d020bec3fd4224b6d9eb477", "like": false, "stats": {"checkinsCount": 126, "tipCount": 0, "usersCount": 37}, "beenHere": {"lastCheckinExpiredAt": 0}, "categories": [{"id": "4bf58dd8d48988d130941735", "primary": true, "icon": {"prefix": "https://ss3.4sqi.net/img/categories_v2/building/default_", "suffix": ".png"}, "pluralName": "Buildings", "shortName": "Building", "name": "Building"}], "verified": false, "location": {"lat": 1.3468313103094187, "formattedAddress": ["Singapore"], "country": "Singapore", "labeledLatLngs": [{"lng": 103.93725937441276, "label": "display", "lat": 1.3468313103094187}], "cc": "SG", "lng": 103.93725937441276}, "contact": {}, "venueRatingBlacklisted": true, "name": "Blk 812 Tampines"}, "width": 960, "suffix": "/10925457_R82eBegug-oDtCrcwu67Ivf9K4Hirbz6lVxTspoUHZs.jpg"}, {"id": "4fa556dae4b0e4baa2981125", "createdAt": 1336235738, "height": 345, "visibility": "public", "source": {"url": "https://foursquare.com/download/#/blackberry", "name": "Foursquare for BlackBerry"}, "prefix": "https://igx.4sqi.net/img/general/", "venue": {"id": "4cda9f6dcea2224bdf92804c", "like": false, "stats": {"checkinsCount": 272, "tipCount": 0, "usersCount": 35}, "beenHere": {"lastCheckinExpiredAt": 0}, "categories": [{"id": "4bf58dd8d48988d103941735", "primary": true, "icon": {"prefix": "https://ss3.4sqi.net/img/categories_v2/building/home_", "suffix": ".png"}, "pluralName": "Homes (private)", "shortName": "Home", "name": "Home (private)"}], "verified": false, "location": {"lat": 1.349458100233064, "formattedAddress": ["Singapore"], "country": "Singapore", "cc": "SG", "isFuzzed": true, "lng": 103.93180098711395}, "contact": {}, "venueRatingBlacklisted": true, "name": "Tampines Street 81"}, "width": 460, "suffix": "/Cr_xTtesdAqbRQgi6pFE8x2jJBa4FU9il5vTs2O71uM.jpg"}, {"id": "4e4690a7b61c03d0cd0d033c", "createdAt": 1313247399, "height": 345, "visibility": "public", "source": {"url": "https://foursquare.com/download/#/blackberry", "name": "Foursquare for BlackBerry"}, "prefix": "https://igx.4sqi.net/img/general/", "venue": {"id": "4cbb03bdbac937045534ef7c", "closed": true, "stats": {"checkinsCount": 712, "tipCount": 9, "usersCount": 356}, "like": false, "beenHere": {"lastCheckinExpiredAt": 0}, "categories": [{"id": "4bf58dd8d48988d14e941735", "primary": true, "icon": {"prefix": "https://ss3.4sqi.net/img/categories_v2/food/default_", "suffix": ".png"}, "pluralName": "American Restaurants", "shortName": "American", "name": "American Restaurant"}], "verified": false, "allowMenuUrlEdit": true, "location": {"lat": 1.301973803412827, "formattedAddress": ["Cuppage Terrace, 25-27 Cuppage Road", "Singapore"], "country": "Singapore", "address": "Cuppage Terrace, 25-27 Cuppage Road", "cc": "SG", "lng": 103.84039471775571}, "contact": {}, "name": "Bobby's Bistro"}, "width": 460, "suffix": "/EBFVK0ISNZSUEJ53R54OCY1124BOQSML4KV0M5P3ERIYEWGS.jpg"}], "count": 10}, "totalCount": 10}, "meta": {"code": 200, "requestId": "595a7b086a607114384382e2"}, "notifications": [{"item": {"unreadCount": 0}, "type": "notificationTray"}]}