{"response": {"totalCount": 16, "photos": {"count": 16, "items": [{"width": 640, "visibility": "public", "createdAt": 1440819790, "id": "55e12a4e498ee5920e4aabee", "source": {"name": "Instagram", "url": "http://instagram.com"}, "prefix": "https://igx.4sqi.net/img/general/", "suffix": "/109384510_hdPi8FvX7WLjAZ_eFKDWrmGMlP7s4MCXxPQdhzD7AkU.jpg", "venue": {"contact": {"twitter": "beerfest_sg", "phone": "+6582372138", "formattedPhone": "+65 8237 2138"}, "venuePage": {"id": "120519793"}, "categories": [{"name": "German Restaurant", "shortName": "German", "primary": true, "icon": {"prefix": "https://ss3.4sqi.net/img/categories_v2/food/german_", "suffix": ".png"}, "id": "4bf58dd8d48988d10d941735", "pluralName": "German Restaurants"}], "beenHere": {"lastCheckinExpiredAt": 0}, "location": {"country": "Singapore", "formattedAddress": ["4 Rochester Park", "139215", "Singapore"], "cc": "SG", "lat": 1.3040739752981945, "labeledLatLngs": [{"lng": 103.78680109977722, "lat": 1.3040739752981945, "label": "display"}], "postalCode": "139215", "address": "4 Rochester Park", "lng": 103.78680109977722, "city": "Singapore"}, "like": false, "allowMenuUrlEdit": true, "name": "Beerfest Brewery", "url": "http://beerfest-sg.com", "stats": {"checkinsCount": 446, "tipCount": 71, "usersCount": 263}, "verified": true, "id": "5422da3b498e1b6b9c336a5c", "storeId": ""}, "height": 640}, {"width": 640, "visibility": "public", "createdAt": 1440486238, "id": "55dc135e498ee00e46d9f902", "source": {"name": "Instagram", "url": "http://instagram.com"}, "prefix": "https://igx.4sqi.net/img/general/", "suffix": "/109384510_fAoRCZdkB02rxUpwN41Ih7tjeJcLcC5MfIILbDDOMYo.jpg", "venue": {"contact": {"twitter": "beerfest_sg", "phone": "+6582372138", "formattedPhone": "+65 8237 2138"}, "venuePage": {"id": "120519793"}, "categories": [{"name": "German Restaurant", "shortName": "German", "primary": true, "icon": {"prefix": "https://ss3.4sqi.net/img/categories_v2/food/german_", "suffix": ".png"}, "id": "4bf58dd8d48988d10d941735", "pluralName": "German Restaurants"}], "beenHere": {"lastCheckinExpiredAt": 0}, "location": {"country": "Singapore", "formattedAddress": ["4 Rochester Park", "139215", "Singapore"], "cc": "SG", "lat": 1.3040739752981945, "labeledLatLngs": [{"lng": 103.78680109977722, "lat": 1.3040739752981945, "label": "display"}], "postalCode": "139215", "address": "4 Rochester Park", "lng": 103.78680109977722, "city": "Singapore"}, "like": false, "allowMenuUrlEdit": true, "name": "Beerfest Brewery", "url": "http://beerfest-sg.com", "stats": {"checkinsCount": 446, "tipCount": 71, "usersCount": 263}, "verified": true, "id": "5422da3b498e1b6b9c336a5c", "storeId": ""}, "height": 640}, {"tip": {"todo": {"count": 0}, "type": "user", "agreeCount": 0, "text": "Wednesday Promotion \u2013 50% off on our Crystal Wheat Craft Beer, Applicable on all sizes, All day \u2013 All Night. Promotion.", "createdAt": 1439969290, "logView": true, "id": "55d4300a498e00bd16003506", "disagreeCount": 0, "canonicalUrl": "https://foursquare.com/item/55d4300a498e00bd16003506", "likes": {"groups": [], "count": 0}, "like": false}, "width": 861, "visibility": "public", "createdAt": 1439969317, "id": "55d43025498eae3eee14957d", "source": {"name": "Foursquare Web", "url": "https://foursquare.com"}, "prefix": "https://igx.4sqi.net/img/general/", "suffix": "/109384510_1jQ1TRFyeXZR5iB9cTg_JlZ0gTYxciRpwXTVOuVfHik.jpg", "venue": {"contact": {"twitter": "beerfest_sg", "phone": "+6582372138", "formattedPhone": "+65 8237 2138"}, "venuePage": {"id": "120519793"}, "categories": [{"name": "German Restaurant", "shortName": "German", "primary": true, "icon": {"prefix": "https://ss3.4sqi.net/img/categories_v2/food/german_", "suffix": ".png"}, "id": "4bf58dd8d48988d10d941735", "pluralName": "German Restaurants"}], "beenHere": {"lastCheckinExpiredAt": 0}, "location": {"country": "Singapore", "formattedAddress": ["4 Rochester Park", "139215", "Singapore"], "cc": "SG", "lat": 1.3040739752981945, "labeledLatLngs": [{"lng": 103.78680109977722, "lat": 1.3040739752981945, "label": "display"}], "postalCode": "139215", "address": "4 Rochester Park", "lng": 103.78680109977722, "city": "Singapore"}, "like": false, "allowMenuUrlEdit": true, "name": "Beerfest Brewery", "url": "http://beerfest-sg.com", "stats": {"checkinsCount": 446, "tipCount": 71, "usersCount": 263}, "verified": true, "id": "5422da3b498e1b6b9c336a5c", "storeId": ""}, "height": 574}, {"tip": {"todo": {"count": 0}, "type": "user", "agreeCount": 0, "text": "Wednesday Promotion \u2013 50% off on our Crystal Wheat Craft Beer, Applicable on all sizes, All day \u2013 All Night. Promotion.", "createdAt": 1439969290, "logView": true, "id": "55d4300a498e00bd16003506", "disagreeCount": 0, "canonicalUrl": "https://foursquare.com/item/55d4300a498e00bd16003506", "likes": {"groups": [], "count": 0}, "like": false}, "width": 720, "visibility": "public", "createdAt": 1439969292, "id": "55d4300c498eae3eee148f07", "source": {"name": "Foursquare Web", "url": "https://foursquare.com"}, "prefix": "https://igx.4sqi.net/img/general/", "suffix": "/109384510_wKsZh7SwcmDEhJJPsJcDdaz7Y5uoozBnQcLLvueP2fo.jpg", "venue": {"contact": {"twitter": "beerfest_sg", "phone": "+6582372138", "formattedPhone": "+65 8237 2138"}, "venuePage": {"id": "120519793"}, "categories": [{"name": "German Restaurant", "shortName": "German", "primary": true, "icon": {"prefix": "https://ss3.4sqi.net/img/categories_v2/food/german_", "suffix": ".png"}, "id": "4bf58dd8d48988d10d941735", "pluralName": "German Restaurants"}], "beenHere": {"lastCheckinExpiredAt": 0}, "location": {"country": "Singapore", "formattedAddress": ["4 Rochester Park", "139215", "Singapore"], "cc": "SG", "lat": 1.3040739752981945, "labeledLatLngs": [{"lng": 103.78680109977722, "lat": 1.3040739752981945, "label": "display"}], "postalCode": "139215", "address": "4 Rochester Park", "lng": 103.78680109977722, "city": "Singapore"}, "like": false, "allowMenuUrlEdit": true, "name": "Beerfest Brewery", "url": "http://beerfest-sg.com", "stats": {"checkinsCount": 446, "tipCount": 71, "usersCount": 263}, "verified": true, "id": "5422da3b498e1b6b9c336a5c", "storeId": ""}, "height": 540}, {"tip": {"todo": {"count": 0}, "type": "user", "agreeCount": 0, "text": "Tuesday Tower - Free 1 Liter of Craft Beer for every 2 Liters of Beer purchased. Applicable for all our Craft Beers except for Light Queen & Golden Wheat Beer,applicable on all sizes,All Day-All Night", "createdAt": 1439791789, "logView": true, "id": "55d17aad498edf4cbf758acf", "disagreeCount": 0, "canonicalUrl": "https://foursquare.com/item/55d17aad498edf4cbf758acf", "likes": {"groups": [], "count": 0}, "like": false}, "width": 862, "visibility": "public", "createdAt": 1439791791, "id": "55d17aaf498eb58257d14ce9", "source": {"name": "Foursquare Web", "url": "https://foursquare.com"}, "prefix": "https://igx.4sqi.net/img/general/", "suffix": "/109384510__16cmFtNLhlhBGJ-6wvJc7KODP6GUItsLN_xSSMPp6g.jpg", "venue": {"contact": {"twitter": "beerfest_sg", "phone": "+6582372138", "formattedPhone": "+65 8237 2138"}, "venuePage": {"id": "120519793"}, "categories": [{"name": "German Restaurant", "shortName": "German", "primary": true, "icon": {"prefix": "https://ss3.4sqi.net/img/categories_v2/food/german_", "suffix": ".png"}, "id": "4bf58dd8d48988d10d941735", "pluralName": "German Restaurants"}], "beenHere": {"lastCheckinExpiredAt": 0}, "location": {"country": "Singapore", "formattedAddress": ["4 Rochester Park", "139215", "Singapore"], "cc": "SG", "lat": 1.3040739752981945, "labeledLatLngs": [{"lng": 103.78680109977722, "lat": 1.3040739752981945, "label": "display"}], "postalCode": "139215", "address": "4 Rochester Park", "lng": 103.78680109977722, "city": "Singapore"}, "like": false, "allowMenuUrlEdit": true, "name": "Beerfest Brewery", "url": "http://beerfest-sg.com", "stats": {"checkinsCount": 446, "tipCount": 71, "usersCount": 263}, "verified": true, "id": "5422da3b498e1b6b9c336a5c", "storeId": ""}, "height": 594}, {"tip": {"todo": {"count": 0}, "type": "user", "agreeCount": 0, "text": "Beerfest Brewery & Restaurant \u2013 Happy Hour extend till 8pm, (5pm-8pm & 12am-1am). Happy hour price on all our Craft Beer, Applicable on all sizes.", "createdAt": 1439452856, "logView": true, "id": "55cc4eb8498e9aaa54490494", "disagreeCount": 0, "canonicalUrl": "https://foursquare.com/item/55cc4eb8498e9aaa54490494", "likes": {"groups": [], "count": 0}, "like": false}, "width": 339, "visibility": "public", "createdAt": 1439452858, "id": "55cc4eba498e6753c8f27514", "source": {"name": "Foursquare Web", "url": "https://foursquare.com"}, "prefix": "https://igx.4sqi.net/img/general/", "suffix": "/109384510_NBj2jVuLWW6TXT8l83rZHb1zBzdEiVQmsdUxjyVzxjg.jpg", "venue": {"contact": {"twitter": "beerfest_sg", "phone": "+6582372138", "formattedPhone": "+65 8237 2138"}, "venuePage": {"id": "120519793"}, "categories": [{"name": "German Restaurant", "shortName": "German", "primary": true, "icon": {"prefix": "https://ss3.4sqi.net/img/categories_v2/food/german_", "suffix": ".png"}, "id": "4bf58dd8d48988d10d941735", "pluralName": "German Restaurants"}], "beenHere": {"lastCheckinExpiredAt": 0}, "location": {"country": "Singapore", "formattedAddress": ["4 Rochester Park", "139215", "Singapore"], "cc": "SG", "lat": 1.3040739752981945, "labeledLatLngs": [{"lng": 103.78680109977722, "lat": 1.3040739752981945, "label": "display"}], "postalCode": "139215", "address": "4 Rochester Park", "lng": 103.78680109977722, "city": "Singapore"}, "like": false, "allowMenuUrlEdit": true, "name": "Beerfest Brewery", "url": "http://beerfest-sg.com", "stats": {"checkinsCount": 446, "tipCount": 71, "usersCount": 263}, "verified": true, "id": "5422da3b498e1b6b9c336a5c", "storeId": ""}, "height": 533}, {"tip": {"todo": {"count": 0}, "type": "user", "agreeCount": 0, "text": "Thursday promotion \u2013 50% off Craft Lager Beer, Applicable on all sizes. All Day \u2013 All Night + plus 1 for 1 (Buy one get one free) on our Craft Dark Warder and 50% off on our Housepour Wine.", "createdAt": 1439380745, "logView": true, "id": "55cb3509498ec1054694c3f7", "disagreeCount": 0, "canonicalUrl": "https://foursquare.com/item/55cb3509498ec1054694c3f7", "likes": {"groups": [], "count": 0}, "like": false}, "width": 496, "visibility": "public", "createdAt": 1439380747, "id": "55cb350b498e36d02ac1e754", "source": {"name": "Foursquare Web", "url": "https://foursquare.com"}, "prefix": "https://igx.4sqi.net/img/general/", "suffix": "/109384510_0Eb8TquTOugGoXx0wGA4xNEnbaZX68SNh1_YQ7QjqRQ.jpg", "venue": {"contact": {"twitter": "beerfest_sg", "phone": "+6582372138", "formattedPhone": "+65 8237 2138"}, "venuePage": {"id": "120519793"}, "categories": [{"name": "German Restaurant", "shortName": "German", "primary": true, "icon": {"prefix": "https://ss3.4sqi.net/img/categories_v2/food/german_", "suffix": ".png"}, "id": "4bf58dd8d48988d10d941735", "pluralName": "German Restaurants"}], "beenHere": {"lastCheckinExpiredAt": 0}, "location": {"country": "Singapore", "formattedAddress": ["4 Rochester Park", "139215", "Singapore"], "cc": "SG", "lat": 1.3040739752981945, "labeledLatLngs": [{"lng": 103.78680109977722, "lat": 1.3040739752981945, "label": "display"}], "postalCode": "139215", "address": "4 Rochester Park", "lng": 103.78680109977722, "city": "Singapore"}, "like": false, "allowMenuUrlEdit": true, "name": "Beerfest Brewery", "url": "http://beerfest-sg.com", "stats": {"checkinsCount": 446, "tipCount": 71, "usersCount": 263}, "verified": true, "id": "5422da3b498e1b6b9c336a5c", "storeId": ""}, "height": 368}, {"tip": {"todo": {"count": 0}, "type": "user", "agreeCount": 0, "text": "Wednesday Promotion - 50% off on our Crystal Wheat Craft Beer, Applicable on all sizes. All Day - All Night.", "createdAt": 1439293013, "logView": true, "id": "55c9de55498e5f62ad6dc45e", "disagreeCount": 0, "canonicalUrl": "https://foursquare.com/item/55c9de55498e5f62ad6dc45e", "likes": {"groups": [], "count": 0}, "like": false}, "width": 1280, "visibility": "public", "createdAt": 1439293015, "id": "55c9de57498ef83f83c40f8a", "source": {"name": "Foursquare Web", "url": "https://foursquare.com"}, "prefix": "https://igx.4sqi.net/img/general/", "suffix": "/109384510_XQQzmx4FUppwhaUNmgRQxhgGC1KToyleMR8RdQojGMY.jpg", "venue": {"contact": {"twitter": "beerfest_sg", "phone": "+6582372138", "formattedPhone": "+65 8237 2138"}, "venuePage": {"id": "120519793"}, "categories": [{"name": "German Restaurant", "shortName": "German", "primary": true, "icon": {"prefix": "https://ss3.4sqi.net/img/categories_v2/food/german_", "suffix": ".png"}, "id": "4bf58dd8d48988d10d941735", "pluralName": "German Restaurants"}], "beenHere": {"lastCheckinExpiredAt": 0}, "location": {"country": "Singapore", "formattedAddress": ["4 Rochester Park", "139215", "Singapore"], "cc": "SG", "lat": 1.3040739752981945, "labeledLatLngs": [{"lng": 103.78680109977722, "lat": 1.3040739752981945, "label": "display"}], "postalCode": "139215", "address": "4 Rochester Park", "lng": 103.78680109977722, "city": "Singapore"}, "like": false, "allowMenuUrlEdit": true, "name": "Beerfest Brewery", "url": "http://beerfest-sg.com", "stats": {"checkinsCount": 446, "tipCount": 71, "usersCount": 263}, "verified": true, "id": "5422da3b498e1b6b9c336a5c", "storeId": ""}, "height": 720}, {"width": 640, "visibility": "public", "createdAt": 1437109971, "id": "55a88ed3498e44cadb82e5ae", "source": {"name": "Instagram", "url": "http://instagram.com"}, "prefix": "https://igx.4sqi.net/img/general/", "suffix": "/109384510_T_jKZ9MqQJl4NUD8zIb_vyZlCt_3pkti2Vb5o2ZOPMI.jpg", "venue": {"contact": {"twitter": "beerfest_sg", "phone": "+6582372138", "formattedPhone": "+65 8237 2138"}, "venuePage": {"id": "120519793"}, "categories": [{"name": "German Restaurant", "shortName": "German", "primary": true, "icon": {"prefix": "https://ss3.4sqi.net/img/categories_v2/food/german_", "suffix": ".png"}, "id": "4bf58dd8d48988d10d941735", "pluralName": "German Restaurants"}], "beenHere": {"lastCheckinExpiredAt": 0}, "location": {"country": "Singapore", "formattedAddress": ["4 Rochester Park", "139215", "Singapore"], "cc": "SG", "lat": 1.3040739752981945, "labeledLatLngs": [{"lng": 103.78680109977722, "lat": 1.3040739752981945, "label": "display"}], "postalCode": "139215", "address": "4 Rochester Park", "lng": 103.78680109977722, "city": "Singapore"}, "like": false, "allowMenuUrlEdit": true, "name": "Beerfest Brewery", "url": "http://beerfest-sg.com", "stats": {"checkinsCount": 446, "tipCount": 71, "usersCount": 263}, "verified": true, "id": "5422da3b498e1b6b9c336a5c", "storeId": ""}, "height": 640}, {"width": 640, "visibility": "public", "createdAt": 1430127456, "id": "553e0360498ea522ab954aaf", "source": {"name": "Instagram", "url": "http://instagram.com"}, "prefix": "https://igx.4sqi.net/img/general/", "suffix": "/109384510_HNhMJN11mZE767avgK9eyDExWUCVWK-OPx5JmsG8WjY.jpg", "venue": {"contact": {"twitter": "beerfest_sg", "phone": "+6582372138", "formattedPhone": "+65 8237 2138"}, "venuePage": {"id": "120519793"}, "categories": [{"name": "German Restaurant", "shortName": "German", "primary": true, "icon": {"prefix": "https://ss3.4sqi.net/img/categories_v2/food/german_", "suffix": ".png"}, "id": "4bf58dd8d48988d10d941735", "pluralName": "German Restaurants"}], "beenHere": {"lastCheckinExpiredAt": 0}, "location": {"country": "Singapore", "formattedAddress": ["4 Rochester Park", "139215", "Singapore"], "cc": "SG", "lat": 1.3040739752981945, "labeledLatLngs": [{"lng": 103.78680109977722, "lat": 1.3040739752981945, "label": "display"}], "postalCode": "139215", "address": "4 Rochester Park", "lng": 103.78680109977722, "city": "Singapore"}, "like": false, "allowMenuUrlEdit": true, "name": "Beerfest Brewery", "url": "http://beerfest-sg.com", "stats": {"checkinsCount": 446, "tipCount": 71, "usersCount": 263}, "verified": true, "id": "5422da3b498e1b6b9c336a5c", "storeId": ""}, "height": 640}, {"width": 640, "visibility": "public", "createdAt": 1429435655, "id": "55337507498ec65a337e77dd", "source": {"name": "Instagram", "url": "http://instagram.com"}, "prefix": "https://igx.4sqi.net/img/general/", "suffix": "/109384510_VH7aYUx47ksSUEKsxy7UxXQvB7xRWA2LGGOMILVWzzM.jpg", "venue": {"contact": {"twitter": "beerfest_sg", "phone": "+6582372138", "formattedPhone": "+65 8237 2138"}, "venuePage": {"id": "120519793"}, "categories": [{"name": "German Restaurant", "shortName": "German", "primary": true, "icon": {"prefix": "https://ss3.4sqi.net/img/categories_v2/food/german_", "suffix": ".png"}, "id": "4bf58dd8d48988d10d941735", "pluralName": "German Restaurants"}], "beenHere": {"lastCheckinExpiredAt": 0}, "location": {"country": "Singapore", "formattedAddress": ["4 Rochester Park", "139215", "Singapore"], "cc": "SG", "lat": 1.3040739752981945, "labeledLatLngs": [{"lng": 103.78680109977722, "lat": 1.3040739752981945, "label": "display"}], "postalCode": "139215", "address": "4 Rochester Park", "lng": 103.78680109977722, "city": "Singapore"}, "like": false, "allowMenuUrlEdit": true, "name": "Beerfest Brewery", "url": "http://beerfest-sg.com", "stats": {"checkinsCount": 446, "tipCount": 71, "usersCount": 263}, "verified": true, "id": "5422da3b498e1b6b9c336a5c", "storeId": ""}, "height": 640}, {"width": 640, "visibility": "public", "createdAt": 1429080699, "id": "552e0a7b498e76c058220973", "source": {"name": "Instagram", "url": "http://instagram.com"}, "prefix": "https://igx.4sqi.net/img/general/", "suffix": "/109384510_Zo-zGjheTc33OeTDYymThVdqo8X5VOO6KhsW0wg0E_M.jpg", "venue": {"contact": {"twitter": "beerfest_sg", "phone": "+6582372138", "formattedPhone": "+65 8237 2138"}, "venuePage": {"id": "120519793"}, "categories": [{"name": "German Restaurant", "shortName": "German", "primary": true, "icon": {"prefix": "https://ss3.4sqi.net/img/categories_v2/food/german_", "suffix": ".png"}, "id": "4bf58dd8d48988d10d941735", "pluralName": "German Restaurants"}], "beenHere": {"lastCheckinExpiredAt": 0}, "location": {"country": "Singapore", "formattedAddress": ["4 Rochester Park", "139215", "Singapore"], "cc": "SG", "lat": 1.3040739752981945, "labeledLatLngs": [{"lng": 103.78680109977722, "lat": 1.3040739752981945, "label": "display"}], "postalCode": "139215", "address": "4 Rochester Park", "lng": 103.78680109977722, "city": "Singapore"}, "like": false, "allowMenuUrlEdit": true, "name": "Beerfest Brewery", "url": "http://beerfest-sg.com", "stats": {"checkinsCount": 446, "tipCount": 71, "usersCount": 263}, "verified": true, "id": "5422da3b498e1b6b9c336a5c", "storeId": ""}, "height": 640}, {"tip": {"todo": {"count": 0}, "type": "user", "agreeCount": 0, "text": "My second time here and it's really good time.#park area, amazing #beer , amazing #atmosphere!! #Recommend everyone to come here", "createdAt": 1428151053, "logView": true, "id": "551fdb0d498eee413d298678", "disagreeCount": 0, "canonicalUrl": "https://foursquare.com/item/551fdb0d498eee413d298678", "likes": {"groups": [], "count": 0}, "like": false}, "width": 1920, "visibility": "public", "createdAt": 1428151060, "id": "551fdb14498e617c38f6859c", "source": {"name": "Foursquare for iOS", "url": "https://foursquare.com/download/#/iphone"}, "prefix": "https://igx.4sqi.net/img/general/", "suffix": "/109384510_z4Bbtsf8BlrGr3s9jJ43EO9nQHJYVOlQDBRpn5wIwkc.jpg", "venue": {"contact": {"twitter": "beerfest_sg", "phone": "+6582372138", "formattedPhone": "+65 8237 2138"}, "venuePage": {"id": "120519793"}, "categories": [{"name": "German Restaurant", "shortName": "German", "primary": true, "icon": {"prefix": "https://ss3.4sqi.net/img/categories_v2/food/german_", "suffix": ".png"}, "id": "4bf58dd8d48988d10d941735", "pluralName": "German Restaurants"}], "beenHere": {"lastCheckinExpiredAt": 0}, "location": {"country": "Singapore", "formattedAddress": ["4 Rochester Park", "139215", "Singapore"], "cc": "SG", "lat": 1.3040739752981945, "labeledLatLngs": [{"lng": 103.78680109977722, "lat": 1.3040739752981945, "label": "display"}], "postalCode": "139215", "address": "4 Rochester Park", "lng": 103.78680109977722, "city": "Singapore"}, "like": false, "allowMenuUrlEdit": true, "name": "Beerfest Brewery", "url": "http://beerfest-sg.com", "stats": {"checkinsCount": 446, "tipCount": 71, "usersCount": 263}, "verified": true, "id": "5422da3b498e1b6b9c336a5c", "storeId": ""}, "height": 1439}, {"tip": {"todo": {"count": 0}, "type": "user", "agreeCount": 0, "text": "Best beer I ever tried!        Amazing pork knuckle! I would recommend everyone to try this place", "createdAt": 1427197133, "logView": true, "id": "55114ccd498e7968a2f835b1", "disagreeCount": 0, "canonicalUrl": "https://foursquare.com/item/55114ccd498e7968a2f835b1", "likes": {"groups": [], "count": 0}, "like": false}, "width": 1079, "visibility": "public", "createdAt": 1427197135, "id": "55114ccf498eae877387bd1a", "source": {"name": "Foursquare for iOS", "url": "https://foursquare.com/download/#/iphone"}, "prefix": "https://igx.4sqi.net/img/general/", "suffix": "/109384510_SKGftLwCFjlvOMY_iY0S8G6TOhCmX75C7HhumpG7d84.jpg", "venue": {"contact": {"twitter": "beerfest_sg", "phone": "+6582372138", "formattedPhone": "+65 8237 2138"}, "venuePage": {"id": "120519793"}, "categories": [{"name": "German Restaurant", "shortName": "German", "primary": true, "icon": {"prefix": "https://ss3.4sqi.net/img/categories_v2/food/german_", "suffix": ".png"}, "id": "4bf58dd8d48988d10d941735", "pluralName": "German Restaurants"}], "beenHere": {"lastCheckinExpiredAt": 0}, "location": {"country": "Singapore", "formattedAddress": ["4 Rochester Park", "139215", "Singapore"], "cc": "SG", "lat": 1.3040739752981945, "labeledLatLngs": [{"lng": 103.78680109977722, "lat": 1.3040739752981945, "label": "display"}], "postalCode": "139215", "address": "4 Rochester Park", "lng": 103.78680109977722, "city": "Singapore"}, "like": false, "allowMenuUrlEdit": true, "name": "Beerfest Brewery", "url": "http://beerfest-sg.com", "stats": {"checkinsCount": 446, "tipCount": 71, "usersCount": 263}, "verified": true, "id": "5422da3b498e1b6b9c336a5c", "storeId": ""}, "height": 1920}, {"width": 640, "visibility": "public", "createdAt": 1425450342, "id": "54f6a566498e4ca6cf9246a7", "source": {"name": "Instagram", "url": "http://instagram.com"}, "prefix": "https://igx.4sqi.net/img/general/", "suffix": "/109384510_zDo4-we3wQWfQprNlKwYYybOXVxWO5I5kmXUf59VMoI.jpg", "venue": {"contact": {"phone": "+6567377411", "formattedPhone": "+65 6737 7411"}, "venuePage": {"id": "90092683"}, "categories": [{"name": "Chinese Restaurant", "shortName": "Chinese", "primary": true, "icon": {"prefix": "https://ss3.4sqi.net/img/categories_v2/food/asian_", "suffix": ".png"}, "id": "4bf58dd8d48988d145941735", "pluralName": "Chinese Restaurants"}], "beenHere": {"lastCheckinExpiredAt": 0}, "location": {"country": "Singapore", "formattedAddress": ["5 Rochester Park (Rochester Park)", "139216\u200e", "Singapore"], "cc": "SG", "lat": 1.3039345365504442, "labeledLatLngs": [{"lng": 103.7862753868103, "lat": 1.3039345365504442, "label": "display"}], "postalCode": "139216\u200e", "address": "5 Rochester Park", "lng": 103.7862753868103, "city": "Singapore", "crossStreet": "Rochester Park"}, "like": false, "allowMenuUrlEdit": true, "name": "Min Jiang Chinese Restaurant", "url": "http://www.goodwoodparkhotel.com/min-jiang-at-one-north-,dining_viewItem_41-en.html", "stats": {"checkinsCount": 1448, "tipCount": 15, "usersCount": 651}, "verified": true, "id": "4b875234f964a5206abb31e3"}, "height": 640}, {"width": 640, "visibility": "public", "createdAt": 1424683800, "id": "54eaf318498e202eea588a6e", "source": {"name": "Instagram", "url": "http://instagram.com"}, "prefix": "https://igx.4sqi.net/img/general/", "suffix": "/109384510_F36o5ZbEMs-N1lEEp-DuTtilpUfgx-GUY7WJpkI2FQs.jpg", "venue": {"contact": {"twitter": "beerfest_sg", "phone": "+6582372138", "formattedPhone": "+65 8237 2138"}, "venuePage": {"id": "120519793"}, "categories": [{"name": "German Restaurant", "shortName": "German", "primary": true, "icon": {"prefix": "https://ss3.4sqi.net/img/categories_v2/food/german_", "suffix": ".png"}, "id": "4bf58dd8d48988d10d941735", "pluralName": "German Restaurants"}], "beenHere": {"lastCheckinExpiredAt": 0}, "location": {"country": "Singapore", "formattedAddress": ["4 Rochester Park", "139215", "Singapore"], "cc": "SG", "lat": 1.3040739752981945, "labeledLatLngs": [{"lng": 103.78680109977722, "lat": 1.3040739752981945, "label": "display"}], "postalCode": "139215", "address": "4 Rochester Park", "lng": 103.78680109977722, "city": "Singapore"}, "like": false, "allowMenuUrlEdit": true, "name": "Beerfest Brewery", "url": "http://beerfest-sg.com", "stats": {"checkinsCount": 446, "tipCount": 71, "usersCount": 263}, "verified": true, "id": "5422da3b498e1b6b9c336a5c", "storeId": ""}, "height": 640}]}}, "notifications": [{"type": "notificationTray", "item": {"unreadCount": 0}}], "meta": {"requestId": "595b8ce49fb6b77bc71524f5", "code": 200}}