{"meta": {"code": 200, "requestId": "595b2ab11ed21919fa106102"}, "notifications": [{"item": {"unreadCount": 0}, "type": "notificationTray"}], "response": {"photos": {"items": [{"height": 1440, "source": {"url": "https://foursquare.com/download/#/iphone", "name": "Foursquare for iOS"}, "tip": {"agreeCount": 0, "canonicalUrl": "https://foursquare.com/item/54a389b4498edb9d1d796c71", "todo": {"count": 0}, "logView": true, "disagreeCount": 0, "createdAt": 1420003764, "id": "54a389b4498edb9d1d796c71", "text": "Best ramen in Singapore", "likes": {"groups": [], "count": 0}, "like": false, "type": "user"}, "width": 1920, "prefix": "https://igx.4sqi.net/img/general/", "createdAt": 1420003766, "id": "54a389b6498e552281da63c9", "venue": {"location": {"formattedAddress": ["#01-55/56, UE Square (207 River Valley Road)", "238275", "Singapore"], "city": "Singapore", "lng": 103.84165152413587, "cc": "SG", "country": "Singapore", "crossStreet": "207 River Valley Road", "lat": 1.2932989178636976, "address": "#01-55/56, UE Square", "labeledLatLngs": [{"label": "display", "lat": 1.2932989178636976, "lng": 103.84165152413587}], "postalCode": "238275"}, "contact": {"twitter": "ippudosg", "facebookName": "Ippudo SG", "formattedPhone": "+65 6887 5315", "phone": "+6568875315", "facebookUsername": "ippudosg", "facebook": "104217219651756"}, "verified": false, "allowMenuUrlEdit": true, "stats": {"tipCount": 46, "usersCount": 1916, "checkinsCount": 3615}, "menu": {"url": "http://www.ippudo.com.sg/wp-content/uploads/2015/12/MS-Online-Dinner-Menu_resized_test3.pdf", "label": "Menu", "anchor": "View Menu", "mobileUrl": "http://www.ippudo.com.sg/wp-content/uploads/2015/12/MS-Online-Dinner-Menu_resized_test3.pdf", "type": "Menu", "externalUrl": "http://www.ippudo.com.sg/wp-content/uploads/2015/12/MS-Online-Dinner-Menu_resized_test3.pdf"}, "beenHere": {"lastCheckinExpiredAt": 0}, "url": "http://www.ippudo.com.sg", "like": false, "categories": [{"icon": {"prefix": "https://ss3.4sqi.net/img/categories_v2/food/ramen_", "suffix": ".png"}, "name": "Ramen Restaurant", "id": "55a59bace4b013909087cb24", "pluralName": "Ramen Restaurants", "primary": true, "shortName": "Ramen"}], "id": "4c4eae721b8e1b8dd0158a27", "name": "Ippudo Tao"}, "suffix": "/109534627_N2hbswbIjflcG3HT4tHQaHPPRrNOprAlsQ3Dufdn6aA.jpg", "visibility": "public"}], "count": 1}, "totalCount": 1}}