{"meta": {"code": 200, "requestId": "595af5b6dd57972d627eecd2"}, "notifications": [{"item": {"unreadCount": 0}, "type": "notificationTray"}], "response": {"photos": {"items": [{"height": 540, "source": {"url": "https://foursquare.com/download/#/iphone", "name": "Foursquare for iOS"}, "width": 720, "prefix": "https://igx.4sqi.net/img/general/", "createdAt": 1329915209, "id": "4f44e549e4b006c94bf11fff", "venue": {"like": false, "location": {"lng": 103.75239637441017, "cc": "SG", "country": "Singapore", "lat": 1.381661165247653, "address": "145 Teck Whye Lane", "labeledLatLngs": [{"label": "display", "lat": 1.381661165247653, "lng": 103.75239637441017}], "formattedAddress": ["145 Teck Whye Lane", "Singapore"]}, "categories": [{"icon": {"prefix": "https://ss3.4sqi.net/img/categories_v2/food/coffeeshop_", "suffix": ".png"}, "name": "Coffee Shop", "id": "4bf58dd8d48988d1e0931735", "pluralName": "Coffee Shops", "primary": true, "shortName": "Coffee Shop"}], "verified": false, "contact": {}, "allowMenuUrlEdit": true, "stats": {"tipCount": 9, "usersCount": 882, "checkinsCount": 2990}, "id": "4c259764f7ced13a44f8246d", "name": "145 Coffee Shop", "beenHere": {"lastCheckinExpiredAt": 0}}, "suffix": "/KbryOOJz3kpb5jkhDKdeQ4gt0_M1TXcgl60CaDymCUM.jpg", "visibility": "public"}], "count": 1}, "totalCount": 1}}