{"meta": {"code": 200, "requestId": "595ae7da4434b96bc7f05f40"}, "notifications": [{"item": {"unreadCount": 0}, "type": "notificationTray"}], "response": {"photos": {"items": [{"height": 720, "source": {"url": "https://foursquare.com/download/#/android", "name": "Foursquare for Android"}, "tip": {"agreeCount": 0, "canonicalUrl": "https://foursquare.com/item/5237f1b311d2ba57709289ad", "todo": {"count": 0}, "logView": true, "disagreeCount": 0, "createdAt": 1379398067, "id": "5237f1b311d2ba57709289ad", "text": "Huat Heng prawn mee for $2.50! Yummy soup!", "likes": {"groups": [], "count": 0}, "like": false, "type": "user"}, "width": 960, "prefix": "https://igx.4sqi.net/img/general/", "createdAt": 1379398070, "id": "5237f1b611d2628aea746885", "venue": {"like": false, "location": {"formattedAddress": ["320 Shunfu Rd.", "570320", "Singapore"], "city": "Singapore", "lng": 103.83725275272157, "cc": "SG", "country": "Singapore", "lat": 1.3518623322136525, "address": "320 Shunfu Rd.", "labeledLatLngs": [{"label": "display", "lat": 1.3518623322136525, "lng": 103.83725275272157}], "postalCode": "570320"}, "categories": [{"icon": {"prefix": "https://ss3.4sqi.net/img/categories_v2/shops/food_foodcourt_", "suffix": ".png"}, "name": "Food Court", "id": "4bf58dd8d48988d120951735", "pluralName": "Food Courts", "primary": true, "shortName": "Food Court"}], "verified": false, "contact": {}, "allowMenuUrlEdit": true, "stats": {"tipCount": 63, "usersCount": 1468, "checkinsCount": 5536}, "id": "4b5a699ff964a5208ac328e3", "name": "Shunfu Mart", "beenHere": {"lastCheckinExpiredAt": 0}}, "suffix": "/10968789_ZA-jS5UHSsRfGtR-s4MOycwE9VuQEJHk8X0sCHBR_5o.jpg", "visibility": "public"}, {"height": 431, "source": {"url": "https://foursquare.com/download/#/android", "name": "Foursquare for Android"}, "width": 720, "prefix": "https://igx.4sqi.net/img/general/", "createdAt": 1350196217, "id": "507a5bf9498ec6be8e104881", "venue": {"url": "http://www.jushinjung.com", "like": false, "location": {"formattedAddress": ["27 West Coast Highway, #01-18/19 Westway", "117867", "Singapore"], "city": "Singapore", "lng": 103.78089659080342, "cc": "SG", "country": "Singapore", "lat": 1.283352926432688, "address": "27 West Coast Highway, #01-18/19 Westway", "labeledLatLngs": [{"label": "display", "lat": 1.283352926432688, "lng": 103.78089659080342}], "postalCode": "117867"}, "categories": [{"icon": {"prefix": "https://ss3.4sqi.net/img/categories_v2/food/korean_", "suffix": ".png"}, "name": "Korean Restaurant", "id": "4bf58dd8d48988d113941735", "pluralName": "Korean Restaurants", "primary": true, "shortName": "Korean"}], "verified": false, "contact": {"formattedPhone": "+65 6464 0872", "phone": "+6564640872"}, "allowMenuUrlEdit": true, "stats": {"tipCount": 33, "usersCount": 1941, "checkinsCount": 2728}, "id": "4b51b013f964a520a05227e3", "name": "Ju Shin Jung Korean Charcoal BBQ", "beenHere": {"lastCheckinExpiredAt": 0}}, "suffix": "/10968789_T-tu_09DEI7qqvJoraTdr8_v9z2rg5TT80MUAKGxCeo.jpg", "visibility": "public"}], "count": 2}, "totalCount": 2}}