{"meta": {"code": 200, "requestId": "595b1d31dd57972d6217e34d"}, "notifications": [{"item": {"unreadCount": 0}, "type": "notificationTray"}], "response": {"photos": {"items": [{"height": 720, "source": {"url": "https://foursquare.com/download/#/iphone", "name": "Foursquare for iOS"}, "tip": {"agreeCount": 0, "canonicalUrl": "https://foursquare.com/item/4f0d3641e4b04ebcb96fd704", "todo": {"count": 0}, "logView": true, "disagreeCount": 0, "createdAt": 1326265921, "id": "4f0d3641e4b04ebcb96fd704", "text": "TOMYAM YOU MIAN IS DELICIOUS! \ue00e A must try!!", "likes": {"groups": [{"items": [], "count": 1, "type": "others"}], "count": 1, "summary": "1 like"}, "like": false, "type": "user"}, "width": 537, "prefix": "https://igx.4sqi.net/img/general/", "createdAt": 1326265929, "id": "4f0d3649e4b040d48194a276", "venue": {"like": false, "location": {"formattedAddress": ["Level 2, Toa Payoh HDB Hub (470 Lorong 6 Toa Payoh)", "310470", "Singapore"], "city": "Singapore", "lng": 103.84943039538516, "cc": "SG", "country": "Singapore", "crossStreet": "470 Lorong 6 Toa Payoh", "lat": 1.3323060573573728, "address": "Level 2, Toa Payoh HDB Hub", "labeledLatLngs": [{"label": "display", "lat": 1.3323060573573728, "lng": 103.84943039538516}], "postalCode": "310470"}, "categories": [{"icon": {"prefix": "https://ss3.4sqi.net/img/categories_v2/shops/food_foodcourt_", "suffix": ".png"}, "name": "Food Court", "id": "4bf58dd8d48988d120951735", "pluralName": "Food Courts", "primary": true, "shortName": "Food Court"}], "verified": false, "contact": {}, "allowMenuUrlEdit": true, "stats": {"tipCount": 74, "usersCount": 2998, "checkinsCount": 6995}, "id": "4c177a82f256a5931199ec3e", "name": "Fork & Spoon", "beenHere": {"lastCheckinExpiredAt": 0}}, "suffix": "/EIK4Z4ABQVNKBAZNLDR1TRPL13NKCGHDWVDGSQSYYZIOSWBH.jpg", "visibility": "public"}, {"height": 720, "source": {"url": "https://foursquare.com/download/#/iphone", "name": "Foursquare for iOS"}, "width": 537, "prefix": "https://igx.4sqi.net/img/general/", "createdAt": 1318482938, "id": "4e9673fad3e3b37495a5ac86", "venue": {"location": {"formattedAddress": ["#B3-21, ION Orchard (2 Orchard Turn)", "238801", "Singapore"], "city": "Singapore", "lng": 103.83157253265381, "cc": "SG", "country": "Singapore", "lat": 1.304706812594766, "address": "#B3-21, ION Orchard", "crossStreet": "2 Orchard Turn", "postalCode": "238801"}, "contact": {}, "verified": false, "allowMenuUrlEdit": true, "stats": {"tipCount": 20, "usersCount": 2746, "checkinsCount": 3621}, "id": "4b9ddb00f964a52040c036e3", "url": "http://www.burgerking.com.sg", "closed": true, "like": false, "categories": [{"icon": {"prefix": "https://ss3.4sqi.net/img/categories_v2/food/burger_", "suffix": ".png"}, "name": "Burger Joint", "id": "4bf58dd8d48988d16c941735", "pluralName": "Burger Joints", "primary": true, "shortName": "Burgers"}], "beenHere": {"lastCheckinExpiredAt": 0}, "name": "BURGER KING"}, "suffix": "/MU0UEZ2TUQQBHXTKFE45BKIY4J2Y01VUBGPDJWPNNETNP1WO.jpg", "visibility": "public"}], "count": 2}, "totalCount": 2}}