{"meta": {"code": 200, "requestId": "595b11d89fb6b77b7739ee81"}, "notifications": [{"item": {"unreadCount": 0}, "type": "notificationTray"}], "response": {"photos": {"items": [{"height": 720, "source": {"url": "https://foursquare.com/download/#/iphone", "name": "Foursquare for iOS"}, "width": 537, "prefix": "https://igx.4sqi.net/img/general/", "createdAt": 1356493399, "id": "50da7257e4b0bc5a71d82ee6", "venue": {"like": false, "location": {"city": "\uc11c\uc6b8\ud2b9\ubcc4\uc2dc", "lng": 126.991101, "cc": "KR", "state": "\uc11c\uc6b8\ud2b9\ubcc4\uc2dc", "lat": 37.55989555675762, "address": "Seoul-si Jung-gu Yejang-dong", "labeledLatLngs": [{"label": "display", "lat": 37.55989555675762, "lng": 126.991101}], "formattedAddress": ["Seoul-si Jung-gu Yejang-dong", "\ud544\ub3d9", "\uc911\uad6c", "\uc11c\uc6b8\ud2b9\ubcc4\uc2dc", "\ub300\ud55c\ubbfc\uad6d"], "country": "\ub300\ud55c\ubbfc\uad6d"}, "categories": [{"icon": {"prefix": "https://ss3.4sqi.net/img/categories_v2/travel/resort_", "suffix": ".png"}, "name": "Resort", "id": "4bf58dd8d48988d12f951735", "pluralName": "Resorts", "primary": true, "shortName": "Resort"}], "verified": false, "contact": {}, "allowMenuUrlEdit": true, "stats": {"tipCount": 1, "usersCount": 66, "checkinsCount": 149}, "id": "4ce40b8505f7a09396ada328", "name": "Han Suites Serviced Residence", "beenHere": {"lastCheckinExpiredAt": 0}}, "suffix": "/10995240_K5uALnIawmLv5jzJWEq_NinStp6dr9AKT8F3YqtWTC0.jpg", "visibility": "public"}, {"height": 720, "source": {"url": "https://foursquare.com/download/#/iphone", "name": "Foursquare for iOS"}, "width": 537, "prefix": "https://igx.4sqi.net/img/general/", "createdAt": 1356239159, "id": "50d69137e4b025aeee80a2c5", "venue": {"url": "http://www.alpensia.com", "like": false, "location": {"formattedAddress": ["\ub300\uad00\ub839\uba74 \uc194\ubd09\ub85c 325", "\ud3c9\ucc3d\uad70", "\uac15\uc6d0\ub3c4", "232-952", "\ub300\ud55c\ubbfc\uad6d"], "city": "Pyeongchang", "lng": 128.67253243575348, "cc": "KR", "state": "\uac15\uc6d0\ub3c4", "lat": 37.65736758214109, "address": "\ub300\uad00\ub839\uba74 \uc194\ubd09\ub85c 325", "labeledLatLngs": [{"label": "display", "lat": 37.65736758214109, "lng": 128.67253243575348}], "postalCode": "232-952", "country": "\ub300\ud55c\ubbfc\uad6d"}, "categories": [{"icon": {"prefix": "https://ss3.4sqi.net/img/categories_v2/parks_outdoors/ski_snowboard_", "suffix": ".png"}, "name": "Ski Area", "id": "4bf58dd8d48988d1e9941735", "pluralName": "Ski Areas", "primary": true, "shortName": "Ski Area"}], "verified": false, "contact": {"formattedPhone": "+82 33-339-0000", "phone": "+82333390000"}, "beenHere": {"lastCheckinExpiredAt": 0}, "stats": {"tipCount": 34, "usersCount": 2395, "checkinsCount": 3610}, "id": "4b4d1635f964a5207fca26e3", "name": "Alpensia Resort Ski Area (\uc54c\ud39c\uc2dc\uc544 \ub9ac\uc870\ud2b8 \uc2a4\ud0a4\uc7a5)"}, "suffix": "/10995240_utM9Wdm0tJDCetkbYj5f6Lu7cvxScEPV6wbBf7o9maU.jpg", "visibility": "public"}, {"height": 537, "source": {"url": "https://foursquare.com/download/#/iphone", "name": "Foursquare for iOS"}, "width": 720, "prefix": "https://igx.4sqi.net/img/general/", "createdAt": 1342321994, "id": "5002354ae4b0ebdd7304b17d", "venue": {"url": "http://www.dintaifung.com.sg", "like": false, "location": {"formattedAddress": ["#B1-68/69, Jurong Point (JP2) (63 Jurong West Central 3)", "648331", "Singapore"], "city": "Singapore", "lng": 103.70568037033081, "cc": "SG", "country": "Singapore", "crossStreet": "63 Jurong West Central 3", "lat": 1.3389548695291773, "address": "#B1-68/69, Jurong Point (JP2)", "labeledLatLngs": [{"label": "display", "lat": 1.3389548695291773, "lng": 103.70568037033081}], "postalCode": "648331"}, "categories": [{"icon": {"prefix": "https://ss3.4sqi.net/img/categories_v2/food/dumplings_", "suffix": ".png"}, "name": "Dumpling Restaurant", "id": "4bf58dd8d48988d108941735", "pluralName": "Dumpling Restaurants", "primary": true, "shortName": "Dumplings"}], "verified": false, "contact": {"formattedPhone": "+65 6861 1811", "phone": "+6568611811", "facebookName": "Din Tai Fung Singapore", "facebookUsername": "dintaifungsg", "facebook": "216317188388404"}, "allowMenuUrlEdit": true, "stats": {"tipCount": 44, "usersCount": 3911, "checkinsCount": 6551}, "id": "4b359d8cf964a520392e25e3", "name": "Din Tai Fung \u9f0e\u6cf0\u8c50", "beenHere": {"lastCheckinExpiredAt": 0}}, "suffix": "/x63jro6sfmMHXbNAwF2WsXv5Vt2dZ3MKxqJLucgHIag.jpg", "visibility": "public"}, {"height": 720, "source": {"url": "https://foursquare.com/download/#/iphone", "name": "Foursquare for iOS"}, "width": 537, "prefix": "https://igx.4sqi.net/img/general/", "createdAt": 1339915279, "id": "4fdd7c0fe4b035f478f58fe9", "venue": {"closed": true, "like": false, "location": {"formattedAddress": ["#02-01/02, Fusionopolis (1 Fusionopolis Way)", "138632", "Singapore"], "city": "Singapore", "lng": 103.78752883553842, "cc": "SG", "country": "Singapore", "crossStreet": "1 Fusionopolis Way", "lat": 1.2989304494258744, "address": "#02-01/02, Fusionopolis", "labeledLatLngs": [{"label": "display", "lat": 1.2989304494258744, "lng": 103.78752883553842}], "postalCode": "138632"}, "categories": [{"icon": {"prefix": "https://ss3.4sqi.net/img/categories_v2/food/coffeeshop_", "suffix": ".png"}, "name": "Coffee Shop", "id": "4bf58dd8d48988d1e0931735", "pluralName": "Coffee Shops", "primary": true, "shortName": "Coffee Shop"}], "verified": false, "contact": {"formattedPhone": "+65 6467 1219", "phone": "+6564671219"}, "allowMenuUrlEdit": true, "stats": {"tipCount": 19, "usersCount": 549, "checkinsCount": 1278}, "id": "4b74dac7f964a52061f52de3", "name": "Black Canyon Coffee", "beenHere": {"lastCheckinExpiredAt": 0}}, "suffix": "/bKtUhEnA6V4OyLwC4nkeS1lnawjXWJWAk6cOdi0qwRc.jpg", "visibility": "public"}, {"height": 720, "source": {"url": "https://foursquare.com/download/#/iphone", "name": "Foursquare for iOS"}, "width": 537, "prefix": "https://igx.4sqi.net/img/general/", "createdAt": 1337478575, "id": "4fb84dafe4b07bf81096d323", "venue": {"url": "http://www.starbucks.com.sg", "like": false, "location": {"formattedAddress": ["#03-52, Jurong Point (JP2) (63 Jurong West Ctrl 3)", "648337", "Singapore"], "city": "Singapore", "lng": 103.70561599731445, "cc": "SG", "country": "Singapore", "crossStreet": "63 Jurong West Ctrl 3", "lat": 1.3388797881819072, "address": "#03-52, Jurong Point (JP2)", "labeledLatLngs": [{"label": "display", "lat": 1.3388797881819072, "lng": 103.70561599731445}], "postalCode": "648337"}, "categories": [{"icon": {"prefix": "https://ss3.4sqi.net/img/categories_v2/food/coffeeshop_", "suffix": ".png"}, "name": "Coffee Shop", "id": "4bf58dd8d48988d1e0931735", "pluralName": "Coffee Shops", "primary": true, "shortName": "Coffee Shop"}], "verified": false, "contact": {"formattedPhone": "+65 6790 8376", "twitter": "sg_starbucks", "phone": "+6567908376"}, "allowMenuUrlEdit": true, "stats": {"tipCount": 62, "usersCount": 5186, "checkinsCount": 11868}, "id": "4c065e5a91d776b003b7f8f9", "name": "Starbucks", "beenHere": {"lastCheckinExpiredAt": 0}}, "suffix": "/ADrFTjx_Wtveid0buMwkq72TZ72sKP1j7dg9DDkLVrI.jpg", "visibility": "public"}, {"height": 720, "source": {"url": "https://foursquare.com/download/#/iphone", "name": "Foursquare for iOS"}, "width": 537, "prefix": "https://igx.4sqi.net/img/general/", "createdAt": 1337478488, "id": "4fb84d58e4b0e6b4aea1cae5", "venue": {"url": "http://www.starbucks.com.sg", "like": false, "location": {"formattedAddress": ["#03-52, Jurong Point (JP2) (63 Jurong West Ctrl 3)", "648337", "Singapore"], "city": "Singapore", "lng": 103.70561599731445, "cc": "SG", "country": "Singapore", "crossStreet": "63 Jurong West Ctrl 3", "lat": 1.3388797881819072, "address": "#03-52, Jurong Point (JP2)", "labeledLatLngs": [{"label": "display", "lat": 1.3388797881819072, "lng": 103.70561599731445}], "postalCode": "648337"}, "categories": [{"icon": {"prefix": "https://ss3.4sqi.net/img/categories_v2/food/coffeeshop_", "suffix": ".png"}, "name": "Coffee Shop", "id": "4bf58dd8d48988d1e0931735", "pluralName": "Coffee Shops", "primary": true, "shortName": "Coffee Shop"}], "verified": false, "contact": {"formattedPhone": "+65 6790 8376", "twitter": "sg_starbucks", "phone": "+6567908376"}, "allowMenuUrlEdit": true, "stats": {"tipCount": 62, "usersCount": 5186, "checkinsCount": 11868}, "id": "4c065e5a91d776b003b7f8f9", "name": "Starbucks", "beenHere": {"lastCheckinExpiredAt": 0}}, "suffix": "/buLR4dIVLYCiJvm7GNHOA-JABl6l_0Kl5eIt63Hw4VM.jpg", "visibility": "public"}, {"height": 720, "source": {"url": "https://foursquare.com/download/#/iphone", "name": "Foursquare for iOS"}, "width": 537, "prefix": "https://igx.4sqi.net/img/general/", "createdAt": 1336873749, "id": "4faf1315e4b01d7a904a00d4", "venue": {"url": "http://www.starbucks.com.sg", "like": false, "location": {"formattedAddress": ["#03-52, Jurong Point (JP2) (63 Jurong West Ctrl 3)", "648337", "Singapore"], "city": "Singapore", "lng": 103.70561599731445, "cc": "SG", "country": "Singapore", "crossStreet": "63 Jurong West Ctrl 3", "lat": 1.3388797881819072, "address": "#03-52, Jurong Point (JP2)", "labeledLatLngs": [{"label": "display", "lat": 1.3388797881819072, "lng": 103.70561599731445}], "postalCode": "648337"}, "categories": [{"icon": {"prefix": "https://ss3.4sqi.net/img/categories_v2/food/coffeeshop_", "suffix": ".png"}, "name": "Coffee Shop", "id": "4bf58dd8d48988d1e0931735", "pluralName": "Coffee Shops", "primary": true, "shortName": "Coffee Shop"}], "verified": false, "contact": {"formattedPhone": "+65 6790 8376", "twitter": "sg_starbucks", "phone": "+6567908376"}, "allowMenuUrlEdit": true, "stats": {"tipCount": 62, "usersCount": 5186, "checkinsCount": 11868}, "id": "4c065e5a91d776b003b7f8f9", "name": "Starbucks", "beenHere": {"lastCheckinExpiredAt": 0}}, "suffix": "/NmJuDUCqU5tAhrSyPv9Eaf1k-qszPj4B0yi8XuYNGg4.jpg", "visibility": "public"}, {"height": 537, "source": {"url": "https://foursquare.com/download/#/iphone", "name": "Foursquare for iOS"}, "width": 720, "prefix": "https://igx.4sqi.net/img/general/", "createdAt": 1331349140, "id": "4f5ac694e4b0ea859808b508", "venue": {"like": false, "location": {"formattedAddress": ["30 Seng Poh Rd", "168898", "Singapore"], "city": "Singapore", "lng": 103.83244653619246, "cc": "SG", "country": "Singapore", "lat": 1.2849011392236278, "address": "30 Seng Poh Rd", "postalCode": "168898"}, "categories": [{"icon": {"prefix": "https://ss3.4sqi.net/img/categories_v2/shops/food_foodcourt_", "suffix": ".png"}, "name": "Food Court", "id": "4bf58dd8d48988d120951735", "pluralName": "Food Courts", "primary": true, "shortName": "Food Court"}], "verified": false, "contact": {}, "allowMenuUrlEdit": true, "stats": {"tipCount": 276, "usersCount": 9947, "checkinsCount": 25316}, "id": "4b06afa3f964a520a1ee22e3", "name": "Tiong Bahru Market & Food Centre", "beenHere": {"lastCheckinExpiredAt": 0}}, "suffix": "/L6FYPdukxD6lNFbXnn4ODa55AdjnbI8ZqDKDCRilicE.jpg", "visibility": "public"}, {"height": 537, "source": {"url": "https://foursquare.com/download/#/iphone", "name": "Foursquare for iOS"}, "width": 720, "prefix": "https://igx.4sqi.net/img/general/", "createdAt": 1331349089, "id": "4f5ac661e4b0a4baa1ef13c5", "venue": {"like": false, "location": {"formattedAddress": ["30 Seng Poh Rd", "168898", "Singapore"], "city": "Singapore", "lng": 103.83244653619246, "cc": "SG", "country": "Singapore", "lat": 1.2849011392236278, "address": "30 Seng Poh Rd", "postalCode": "168898"}, "categories": [{"icon": {"prefix": "https://ss3.4sqi.net/img/categories_v2/shops/food_foodcourt_", "suffix": ".png"}, "name": "Food Court", "id": "4bf58dd8d48988d120951735", "pluralName": "Food Courts", "primary": true, "shortName": "Food Court"}], "verified": false, "contact": {}, "allowMenuUrlEdit": true, "stats": {"tipCount": 276, "usersCount": 9947, "checkinsCount": 25316}, "id": "4b06afa3f964a520a1ee22e3", "name": "Tiong Bahru Market & Food Centre", "beenHere": {"lastCheckinExpiredAt": 0}}, "suffix": "/L6FYPdukxD6lNFbXnn4ODa55AdjnbI8ZqDKDCRilicE.jpg", "visibility": "public"}, {"height": 720, "source": {"url": "https://foursquare.com/download/#/iphone", "name": "Foursquare for iOS"}, "width": 537, "prefix": "https://igx.4sqi.net/img/general/", "createdAt": 1330161641, "id": "4f48a7e9e4b08df2fbceaeba", "venue": {"like": false, "location": {"formattedAddress": ["#01-107 Old Airport Road Food Centre (51 Old Airport Rd)", "390051", "Singapore"], "city": "Singapore", "lng": 103.88586792763158, "cc": "SG", "country": "Singapore", "crossStreet": "51 Old Airport Rd", "lat": 1.3081662300028791, "address": "#01-107 Old Airport Road Food Centre", "labeledLatLngs": [{"label": "display", "lat": 1.3081662300028791, "lng": 103.88586792763158}], "postalCode": "390051"}, "categories": [{"icon": {"prefix": "https://ss3.4sqi.net/img/categories_v2/food/dessert_", "suffix": ".png"}, "name": "Dessert Shop", "id": "4bf58dd8d48988d1d0941735", "pluralName": "Dessert Shops", "primary": true, "shortName": "Desserts"}], "verified": false, "contact": {}, "allowMenuUrlEdit": true, "stats": {"tipCount": 53, "usersCount": 2621, "checkinsCount": 4088}, "id": "4d3688a9edbd3704765b6be3", "name": "Lao Ban Soya Beancurd \u8001\u4f34\u8c46\u82b1", "beenHere": {"lastCheckinExpiredAt": 0}}, "suffix": "/_kWMSXSlZrTGJ-08ETTprzNf9Oi0D0P-zUBOoucixY4.jpg", "visibility": "public"}, {"height": 720, "source": {"url": "https://foursquare.com/download/#/iphone", "name": "Foursquare for iOS"}, "width": 537, "prefix": "https://igx.4sqi.net/img/general/", "createdAt": 1330161598, "id": "4f48a7bee4b0cf7a0682a5b5", "venue": {"like": false, "location": {"formattedAddress": ["#01-107 Old Airport Road Food Centre (51 Old Airport Rd)", "390051", "Singapore"], "city": "Singapore", "lng": 103.88586792763158, "cc": "SG", "country": "Singapore", "crossStreet": "51 Old Airport Rd", "lat": 1.3081662300028791, "address": "#01-107 Old Airport Road Food Centre", "labeledLatLngs": [{"label": "display", "lat": 1.3081662300028791, "lng": 103.88586792763158}], "postalCode": "390051"}, "categories": [{"icon": {"prefix": "https://ss3.4sqi.net/img/categories_v2/food/dessert_", "suffix": ".png"}, "name": "Dessert Shop", "id": "4bf58dd8d48988d1d0941735", "pluralName": "Dessert Shops", "primary": true, "shortName": "Desserts"}], "verified": false, "contact": {}, "allowMenuUrlEdit": true, "stats": {"tipCount": 53, "usersCount": 2621, "checkinsCount": 4088}, "id": "4d3688a9edbd3704765b6be3", "name": "Lao Ban Soya Beancurd \u8001\u4f34\u8c46\u82b1", "beenHere": {"lastCheckinExpiredAt": 0}}, "suffix": "/_kWMSXSlZrTGJ-08ETTprzNf9Oi0D0P-zUBOoucixY4.jpg", "visibility": "public"}, {"height": 720, "source": {"url": "https://foursquare.com/download/#/iphone", "name": "Foursquare for iOS"}, "width": 537, "prefix": "https://igx.4sqi.net/img/general/", "createdAt": 1309686129, "id": "4e103971a809291902ac09cc", "venue": {"venueRatingBlacklisted": true, "like": false, "location": {"isFuzzed": true, "cc": "SG", "country": "Singapore", "lat": 1.3034817434759043, "lng": 103.78105786591749, "formattedAddress": ["Singapore"]}, "categories": [{"icon": {"prefix": "https://ss3.4sqi.net/img/categories_v2/building/home_", "suffix": ".png"}, "name": "Home (private)", "id": "4bf58dd8d48988d103941735", "pluralName": "Homes (private)", "primary": true, "shortName": "Home"}], "verified": false, "contact": {}, "beenHere": {"lastCheckinExpiredAt": 0}, "stats": {"tipCount": 0, "usersCount": 12, "checkinsCount": 208}, "id": "4cf50d2a6195721ed55e55c1", "name": "\ue314Apple's \ue345 Hommie \ue501\ue314"}, "suffix": "/5UHDKSG2MBI5AHFUN1FLLEEL4GVXHRCGOXN4YN5HGZFMTL20.jpg", "visibility": "public"}], "count": 12}, "totalCount": 12}}