{"response": {"totalCount": 12, "photos": {"count": 12, "items": [{"width": 1440, "visibility": "public", "createdAt": 1463749246, "id": "573f0a7e498e6979e4d99493", "source": {"name": "Swarm for iOS", "url": "https://www.swarmapp.com"}, "prefix": "https://igx.4sqi.net/img/general/", "suffix": "/11028749_rrLpugNThOk1hNU0IHejTrikNYRVgstnNoCli13aOu0.jpg", "venue": {"contact": {}, "name": "Deniz Doner", "categories": [{"name": "Turkish Restaurant", "shortName": "Turkish", "primary": true, "icon": {"prefix": "https://ss3.4sqi.net/img/categories_v2/food/turkish_", "suffix": ".png"}, "id": "4f04af1f2fb6e1c99f3db0bb", "pluralName": "Turkish Restaurants"}], "beenHere": {"lastCheckinExpiredAt": 0}, "stats": {"checkinsCount": 23, "tipCount": 1, "usersCount": 11}, "verified": false, "id": "4e396b00fa763bfcc36dae25", "location": {"country": "Nederland", "formattedAddress": ["Apeldoorn", "Nederland"], "cc": "NL", "lat": 52.21531195124592, "labeledLatLngs": [{"lng": 5.964386705741598, "lat": 52.21531195124592, "label": "display"}], "state": "Gelderland", "lng": 5.964386705741598, "city": "Apeldoorn"}, "like": false, "allowMenuUrlEdit": true}, "height": 1920}, {"width": 1440, "visibility": "public", "createdAt": 1446284786, "id": "56348df2498e11fa5755c2ef", "source": {"name": "Swarm for iOS", "url": "https://www.swarmapp.com"}, "prefix": "https://igx.4sqi.net/img/general/", "suffix": "/11028749_nTbhzFoJBfvuWzKYbVPcZQEq1Y37xsMxUqXmmTl3F5s.jpg", "venue": {"contact": {}, "name": "speakeasy cigar lounge", "categories": [{"name": "Smoke Shop", "shortName": "Smoke Shop", "primary": true, "icon": {"prefix": "https://ss3.4sqi.net/img/categories_v2/shops/tobacco_", "suffix": ".png"}, "id": "4bf58dd8d48988d123951735", "pluralName": "Smoke Shops"}], "beenHere": {"lastCheckinExpiredAt": 0}, "stats": {"checkinsCount": 3, "tipCount": 0, "usersCount": 1}, "verified": false, "id": "56348dc8498eb62fdadc6045", "location": {"country": "Nederland", "formattedAddress": ["Nederland"], "cc": "NL", "lat": 52.331114698683756, "labeledLatLngs": [{"lng": 4.877326918406268, "lat": 52.331114698683756, "label": "display"}], "lng": 4.877326918406268}, "like": false, "allowMenuUrlEdit": true}, "height": 1920}, {"width": 1920, "visibility": "public", "createdAt": 1431556496, "id": "5553d190498e80432174f35d", "source": {"name": "Swarm for iOS", "url": "https://www.swarmapp.com"}, "prefix": "https://igx.4sqi.net/img/general/", "suffix": "/11028749_01L4D96FKc1g0VuIaIg0-NOu1JfY0rUtG33CwAS3SS4.jpg", "venue": {"contact": {}, "name": "Restaurante Cohifer", "categories": [{"name": "Restaurant", "shortName": "Restaurant", "primary": true, "icon": {"prefix": "https://ss3.4sqi.net/img/categories_v2/food/default_", "suffix": ".png"}, "id": "4bf58dd8d48988d1c4941735", "pluralName": "Restaurants"}], "beenHere": {"lastCheckinExpiredAt": 0}, "stats": {"checkinsCount": 48, "tipCount": 4, "usersCount": 34}, "verified": false, "id": "503eafece4b03c8de7fb5efd", "location": {"country": "Nicaragua", "formattedAddress": ["Nicaragua"], "cc": "NI", "lat": 13.091981470043493, "labeledLatLngs": [{"lng": -86.35486609625232, "lat": 13.091981470043493, "label": "display"}], "lng": -86.35486609625232}, "like": false, "allowMenuUrlEdit": true}, "height": 1440}, {"tip": {"todo": {"count": 0}, "type": "user", "agreeCount": 0, "text": "Nice juicy burgers, try them all", "createdAt": 1393346157, "logView": true, "id": "530cc66d498e5c7a2b33a2c0", "disagreeCount": 0, "canonicalUrl": "https://foursquare.com/item/530cc66d498e5c7a2b33a2c0", "likes": {"groups": [], "count": 0}, "like": false}, "width": 720, "visibility": "public", "createdAt": 1393346158, "id": "530cc66e498ee06c94c00056", "source": {"name": "Foursquare for iOS", "url": "https://foursquare.com/download/#/iphone"}, "prefix": "https://igx.4sqi.net/img/general/", "suffix": "/11028749_5Wov7XO1SQOaMPzZt7RdyV8BNorez1AVjYhsqbyeSZA.jpg", "venue": {"contact": {"twitter": "cheesebrgerbaby", "phone": "+13055317300", "formattedPhone": "+1 305-531-7300"}, "categories": [{"name": "Burger Joint", "shortName": "Burgers", "primary": true, "icon": {"prefix": "https://ss3.4sqi.net/img/categories_v2/food/burger_", "suffix": ".png"}, "id": "4bf58dd8d48988d16c941735", "pluralName": "Burger Joints"}], "beenHere": {"lastCheckinExpiredAt": 0}, "location": {"country": "United States", "formattedAddress": ["1505 Washington Ave", "Miami Beach, FL 33139", "United States"], "cc": "US", "lat": 25.787676487636492, "labeledLatLngs": [{"lng": -80.13184262087726, "lat": 25.787676487636492, "label": "display"}], "postalCode": "33139", "address": "1505 Washington Ave", "lng": -80.13184262087726, "city": "Miami Beach", "state": "FL"}, "like": false, "allowMenuUrlEdit": true, "name": "Cheeseburger Baby", "url": "http://cheeseburgerbaby.net", "stats": {"checkinsCount": 1910, "tipCount": 50, "usersCount": 1309}, "verified": false, "id": "4b3698d3f964a520c53825e3", "delivery": {"id": "23498", "url": "http://www.seamless.com/food-delivery/restaurant.23498.r?a=1026&utm_source=Foursquare&utm_medium=affiliate&utm_campaign=SeamlessOrderDeliveryLink", "provider": {"name": "seamless"}}}, "height": 960}, {"width": 720, "visibility": "public", "createdAt": 1384939372, "id": "528c7f6c498e3f397fedbb8f", "source": {"name": "Foursquare for iOS", "url": "https://foursquare.com/download/#/iphone"}, "prefix": "https://igx.4sqi.net/img/general/", "suffix": "/11028749_jRts2LSMXHBEhw8BJB23DsUMHYT-p7nXQknKKb-pPAU.jpg", "venue": {"contact": {"twitter": "rokado_uden", "phone": "+31413251442", "formattedPhone": "+31 413 251 442"}, "name": "Rokado", "categories": [{"name": "Smoke Shop", "shortName": "Smoke Shop", "primary": true, "icon": {"prefix": "https://ss3.4sqi.net/img/categories_v2/shops/tobacco_", "suffix": ".png"}, "id": "4bf58dd8d48988d123951735", "pluralName": "Smoke Shops"}], "beenHere": {"lastCheckinExpiredAt": 0}, "stats": {"checkinsCount": 54, "tipCount": 0, "usersCount": 13}, "verified": false, "id": "4d13466c40e6548158f1951a", "location": {"country": "Nederland", "formattedAddress": ["Mondriaanplein", "5401 GM Uden", "Nederland"], "cc": "NL", "lat": 51.658033, "labeledLatLngs": [{"lng": 5.612612, "lat": 51.658033, "label": "display"}], "postalCode": "5401 GM", "address": "Mondriaanplein", "lng": 5.612612, "city": "Uden", "state": "Noord-Brabant"}, "like": false, "allowMenuUrlEdit": true}, "height": 960}, {"width": 640, "visibility": "public", "createdAt": 1342819825, "id": "5009cdf1e4b0f6804e31130b", "source": {"name": "Foursquare for Android", "url": "https://foursquare.com/download/#/android"}, "prefix": "https://igx.4sqi.net/img/general/", "suffix": "/qqSw-I7bJtruMd449yMpghjlHML-FtA-uYFCM3nX66g.jpg", "venue": {"contact": {}, "name": "The Cat Jazz and Cigar Bar", "categories": [{"name": "Jazz Club", "shortName": "Jazz Club", "primary": true, "icon": {"prefix": "https://ss3.4sqi.net/img/categories_v2/arts_entertainment/musicvenue_jazzclub_", "suffix": ".png"}, "id": "4bf58dd8d48988d1e7931735", "pluralName": "Jazz Clubs"}], "beenHere": {"lastCheckinExpiredAt": 0}, "stats": {"checkinsCount": 252, "tipCount": 5, "usersCount": 125}, "verified": false, "id": "4ff4a824e4b02b97141bb112", "location": {"country": "Nederland", "formattedAddress": ["Mauritsstraat 1b", "Rotterdam", "Nederland"], "cc": "NL", "lat": 51.91996376660257, "labeledLatLngs": [{"lng": 4.473649469503481, "lat": 51.91996376660257, "label": "display"}], "address": "Mauritsstraat 1b", "lng": 4.473649469503481, "city": "Rotterdam", "state": "Zuid-Holland"}, "like": false, "allowMenuUrlEdit": true}, "height": 384}, {"width": 384, "visibility": "public", "createdAt": 1342819662, "id": "5009cd4ee4b05322f0ed80f6", "source": {"name": "Foursquare for Android", "url": "https://foursquare.com/download/#/android"}, "prefix": "https://igx.4sqi.net/img/general/", "suffix": "/4IsNfaUIP9eZQTKvdm9-zJsVFYgxJ0AkSzHtKUR_r_g.jpg", "venue": {"contact": {}, "name": "The Cat Jazz and Cigar Bar", "categories": [{"name": "Jazz Club", "shortName": "Jazz Club", "primary": true, "icon": {"prefix": "https://ss3.4sqi.net/img/categories_v2/arts_entertainment/musicvenue_jazzclub_", "suffix": ".png"}, "id": "4bf58dd8d48988d1e7931735", "pluralName": "Jazz Clubs"}], "beenHere": {"lastCheckinExpiredAt": 0}, "stats": {"checkinsCount": 252, "tipCount": 5, "usersCount": 125}, "verified": false, "id": "4ff4a824e4b02b97141bb112", "location": {"country": "Nederland", "formattedAddress": ["Mauritsstraat 1b", "Rotterdam", "Nederland"], "cc": "NL", "lat": 51.91996376660257, "labeledLatLngs": [{"lng": 4.473649469503481, "lat": 51.91996376660257, "label": "display"}], "address": "Mauritsstraat 1b", "lng": 4.473649469503481, "city": "Rotterdam", "state": "Zuid-Holland"}, "like": false, "allowMenuUrlEdit": true}, "height": 640}, {"width": 640, "visibility": "public", "createdAt": 1342819585, "id": "5009cd01e4b08ffd593d5a51", "source": {"name": "Foursquare for Android", "url": "https://foursquare.com/download/#/android"}, "prefix": "https://igx.4sqi.net/img/general/", "suffix": "/ZVeYS9UXOmc2Qu2ZpoGzBuisFpGl0uATY1S2i2dOFbE.jpg", "venue": {"contact": {}, "name": "The Cat Jazz and Cigar Bar", "categories": [{"name": "Jazz Club", "shortName": "Jazz Club", "primary": true, "icon": {"prefix": "https://ss3.4sqi.net/img/categories_v2/arts_entertainment/musicvenue_jazzclub_", "suffix": ".png"}, "id": "4bf58dd8d48988d1e7931735", "pluralName": "Jazz Clubs"}], "beenHere": {"lastCheckinExpiredAt": 0}, "stats": {"checkinsCount": 252, "tipCount": 5, "usersCount": 125}, "verified": false, "id": "4ff4a824e4b02b97141bb112", "location": {"country": "Nederland", "formattedAddress": ["Mauritsstraat 1b", "Rotterdam", "Nederland"], "cc": "NL", "lat": 51.91996376660257, "labeledLatLngs": [{"lng": 4.473649469503481, "lat": 51.91996376660257, "label": "display"}], "address": "Mauritsstraat 1b", "lng": 4.473649469503481, "city": "Rotterdam", "state": "Zuid-Holland"}, "like": false, "allowMenuUrlEdit": true}, "height": 384}, {"width": 640, "visibility": "public", "createdAt": 1337161729, "id": "4fb37801e4b0b3ec72a3c7be", "source": {"name": "Foursquare for Android", "url": "https://foursquare.com/download/#/android"}, "prefix": "https://igx.4sqi.net/img/general/", "suffix": "/GzJelBXOSCMN6qAjcygMLi3XUEHl0qspZrVBGctCGgg.jpg", "venue": {"contact": {"facebookUsername": "HetWittePaardOostwold", "facebookName": "Eetcaf\u00e9  Het Witte Paard", "phone": "+31505515282", "facebook": "504047946329192", "formattedPhone": "+31 50 551 5282"}, "name": "Eetcaf\u00e9 Het Witte Paard", "categories": [{"name": "Caf\u00e9", "shortName": "Caf\u00e9", "primary": true, "icon": {"prefix": "https://ss3.4sqi.net/img/categories_v2/food/cafe_", "suffix": ".png"}, "id": "4bf58dd8d48988d16d941735", "pluralName": "Caf\u00e9s"}], "beenHere": {"lastCheckinExpiredAt": 0}, "stats": {"checkinsCount": 34, "tipCount": 0, "usersCount": 30}, "verified": false, "url": "http://www.eetcafehetwittepaard.nl", "id": "4ba62644f964a520393739e3", "location": {"country": "Nederland", "formattedAddress": ["Hoofdstraat 217", "9828 PB", "Nederland"], "cc": "NL", "lat": 53.20148706436157, "labeledLatLngs": [{"lng": 6.438032, "lat": 53.20148706436157, "label": "display"}], "postalCode": "9828 PB", "address": "Hoofdstraat 217", "lng": 6.438032}, "like": false, "allowMenuUrlEdit": true}, "height": 384}, {"width": 640, "visibility": "public", "createdAt": 1328179237, "id": "4f2a6825e4b0b052a3e423a9", "source": {"name": "Foursquare for Android", "url": "https://foursquare.com/download/#/android"}, "prefix": "https://igx.4sqi.net/img/general/", "suffix": "/vJcP5tVHCdj5YrzishIxEX3iwdCOEoUDE6N8227mW64.jpg", "venue": {"contact": {"phone": "+31104131699", "formattedPhone": "+31 10 413 1699"}, "name": "Van Dalen Cigars", "categories": [{"name": "Smoke Shop", "shortName": "Smoke Shop", "primary": true, "icon": {"prefix": "https://ss3.4sqi.net/img/categories_v2/shops/tobacco_", "suffix": ".png"}, "id": "4bf58dd8d48988d123951735", "pluralName": "Smoke Shops"}], "beenHere": {"lastCheckinExpiredAt": 0}, "stats": {"checkinsCount": 308, "tipCount": 4, "usersCount": 70}, "verified": false, "url": "http://www.sigaren.com", "id": "4f23e659e4b0eec7fd928031", "location": {"country": "Nederland", "state": "Zuid-Holland", "formattedAddress": ["Pannenkoekstraat 28 (Halstraat)", "3011 LG Rotterdam", "Nederland"], "cc": "NL", "lat": 51.92371368408203, "labeledLatLngs": [{"lng": 4.487507343292236, "lat": 51.92371368408203, "label": "display"}], "postalCode": "3011 LG", "address": "Pannenkoekstraat 28", "lng": 4.487507343292236, "city": "Rotterdam", "crossStreet": "Halstraat"}, "like": false, "allowMenuUrlEdit": true}, "height": 384}, {"width": 384, "visibility": "public", "createdAt": 1319724437, "id": "4ea965959a522efffb93f6a3", "source": {"name": "Foursquare for Android", "url": "https://foursquare.com/download/#/android"}, "prefix": "https://igx.4sqi.net/img/general/", "suffix": "/ZV1MUNCD0DSBMNFLUH21MVY4C2PVOJYDUYYEZMGGXLDVVV44.jpg", "venue": {"contact": {"twitter": "huishajenius", "phone": "+31206237494", "formattedPhone": "+31 20 623 7494"}, "name": "P.G.C. Hajenius", "categories": [{"name": "Smoke Shop", "shortName": "Smoke Shop", "primary": true, "icon": {"prefix": "https://ss3.4sqi.net/img/categories_v2/shops/tobacco_", "suffix": ".png"}, "id": "4bf58dd8d48988d123951735", "pluralName": "Smoke Shops"}], "beenHere": {"lastCheckinExpiredAt": 0}, "stats": {"checkinsCount": 988, "tipCount": 21, "usersCount": 578}, "verified": false, "url": "http://www.hajenius.com", "id": "4b07effcf964a520580123e3", "location": {"country": "Nederland", "formattedAddress": ["Rokin 92-96", "1012 KZ Amsterdam", "Nederland"], "cc": "NL", "lat": 52.369572979985215, "labeledLatLngs": [{"lng": 4.892113208770752, "lat": 52.369572979985215, "label": "display"}], "postalCode": "1012 KZ", "address": "Rokin 92-96", "lng": 4.892113208770752, "city": "Amsterdam", "state": "Noord-Holland"}, "like": false, "allowMenuUrlEdit": true}, "height": 640}, {"width": 720, "visibility": "public", "createdAt": 1313149340, "id": "4e45119cfa76eeb2dacaea2d", "source": {"name": "Foursquare for Android", "url": "https://foursquare.com/download/#/android"}, "prefix": "https://igx.4sqi.net/img/general/", "suffix": "/0SVAULTE0BMSNZKNK1WWBTVSAN2EC5IN5APM33EZ1PS41EIA.jpg", "venue": {"contact": {}, "categories": [{"name": "Boat or Ferry", "shortName": "Boat / Ferry", "primary": true, "icon": {"prefix": "https://ss3.4sqi.net/img/categories_v2/travel/boat_", "suffix": ".png"}, "id": "4bf58dd8d48988d12d951735", "pluralName": "Boats or Ferries"}], "venueRatingBlacklisted": true, "beenHere": {"lastCheckinExpiredAt": 0}, "location": {"country": "Nederland", "formattedAddress": ["1042AM Amsterdam", "1042 AM Amsterdam", "Nederland"], "cc": "NL", "lat": 52.41838234669289, "labeledLatLngs": [{"lng": 4.826856799016705, "lat": 52.41838234669289, "label": "display"}], "postalCode": "1042 AM", "address": "1042AM Amsterdam", "lng": 4.826856799016705, "city": "Amsterdam", "state": "Noord-Holland"}, "like": false, "allowMenuUrlEdit": true, "name": "Pont Hemweg", "url": "http://www.gvb.nl", "stats": {"checkinsCount": 3918, "tipCount": 8, "usersCount": 705}, "verified": false, "id": "4b27ae1af964a520758824e3"}, "height": 431}]}}, "notifications": [{"type": "notificationTray", "item": {"unreadCount": 0}}], "meta": {"requestId": "595b5d181ed21919f870fefa", "code": 200}}