{"response": {"photos": {"items": [{"id": "548d947d498ed8b3f5635ef7", "createdAt": 1418564733, "tip": {"id": "548d9473498e4460484f40b4", "createdAt": 1418564723, "like": false, "todo": {"count": 0}, "text": "Amazingly good food here!  Try their Pad Thai and Mango curry!  Delicacies! :)", "logView": true, "disagreeCount": 0, "canonicalUrl": "https://foursquare.com/item/548d9473498e4460484f40b4", "type": "user", "likes": {"summary": "1 like", "count": 1, "groups": [{"items": [{"id": "16076551", "gender": "male", "firstName": "Brian", "photo": {"prefix": "https://igx.4sqi.net/img/user/", "suffix": "/JKYC1MXE25OQ5MBD.jpg"}}], "count": 1, "type": "others"}]}, "agreeCount": 1}, "height": 1836, "visibility": "public", "source": {"url": "https://foursquare.com/download/#/android", "name": "Foursquare for Android"}, "prefix": "https://igx.4sqi.net/img/general/", "venue": {"id": "528432d4498ee379fb0b3e8e", "like": false, "stats": {"checkinsCount": 595, "tipCount": 66, "usersCount": 484}, "beenHere": {"lastCheckinExpiredAt": 0}, "categories": [{"id": "4bf58dd8d48988d149941735", "primary": true, "icon": {"prefix": "https://ss3.4sqi.net/img/categories_v2/food/thai_", "suffix": ".png"}, "pluralName": "Thai Restaurants", "shortName": "Thai", "name": "Thai Restaurant"}], "verified": false, "allowMenuUrlEdit": true, "location": {"address": "18/7 Ratchadamnoen Rd., Soi 1", "state": "\u0e40\u0e0a\u0e35\u0e22\u0e07\u0e43\u0e2b\u0e21\u0e48", "lat": 18.789141, "postalCode": "50200", "city": "\u0e40\u0e21\u0e37\u0e2d\u0e07\u0e40\u0e0a\u0e35\u0e22\u0e07\u0e43\u0e2b\u0e21\u0e48", "formattedAddress": ["18/7 Ratchadamnoen Rd., Soi 1", "\u0e40\u0e21\u0e37\u0e2d\u0e07\u0e40\u0e0a\u0e35\u0e22\u0e07\u0e43\u0e2b\u0e21\u0e48", "\u0e40\u0e0a\u0e35\u0e22\u0e07\u0e43\u0e2b\u0e21\u0e48 50200", "\u0e1b\u0e23\u0e30\u0e40\u0e17\u0e28\u0e44\u0e17\u0e22"], "lng": 98.992321, "labeledLatLngs": [{"lng": 98.992321, "label": "display", "lat": 18.789141}], "country": "\u0e1b\u0e23\u0e30\u0e40\u0e17\u0e28\u0e44\u0e17\u0e22", "cc": "TH"}, "contact": {"formattedPhone": "+66 92 278 6509", "phone": "+66922786509"}, "name": "Cooking Love"}, "width": 3264, "suffix": "/11027954_XpGej3s9SMar0MocXcf4-MWaFyyRqQUpyC8TY_FitD4.jpg"}, {"id": "51c8ec23498ea7d5da45352d", "createdAt": 1372122147, "tip": {"createdAt": 1372122144, "like": false, "agreeCount": 4, "text": "Try the Coffee at Dong Sheng Beverage!  Thick and fragrant coffee,  perfecto! 02-19, very near the famous Outram Park Fried Kway Teow.", "logView": true, "canonicalUrl": "https://foursquare.com/item/51c8ec20498e94b9dadb4224", "likes": {"summary": "2 likes", "count": 2, "groups": [{"items": [{"id": "3649607", "photo": {"prefix": "https://igx.4sqi.net/img/user/", "suffix": "/4LUWAM1CC0LY0BLN.jpg"}, "gender": "female", "firstName": "Mong", "lastName": "Jie"}, {"id": "6036993", "photo": {"prefix": "https://igx.4sqi.net/img/user/", "suffix": "/4ROLEIG51WBHX1HJ.jpg"}, "gender": "male", "firstName": "Karthik", "lastName": "Raju"}], "count": 2, "type": "others"}]}, "type": "user", "id": "51c8ec20498e94b9dadb4224", "todo": {"count": 2}, "lastUpvoteTimestamp": 1493465673, "disagreeCount": 0, "lastVoteText": "Upvoted Apr 29"}, "height": 960, "visibility": "public", "source": {"url": "https://foursquare.com/download/#/android", "name": "Foursquare for Android"}, "prefix": "https://igx.4sqi.net/img/general/", "venue": {"id": "4bf010213a002d7f5c9d85a4", "like": false, "stats": {"checkinsCount": 17096, "tipCount": 126, "usersCount": 5882}, "beenHere": {"lastCheckinExpiredAt": 0}, "categories": [{"id": "4bf58dd8d48988d120951735", "primary": true, "icon": {"prefix": "https://ss3.4sqi.net/img/categories_v2/shops/food_foodcourt_", "suffix": ".png"}, "pluralName": "Food Courts", "shortName": "Food Court", "name": "Food Court"}], "verified": false, "allowMenuUrlEdit": true, "location": {"address": "531A Upper Cross St.", "lat": 1.2847026417780498, "postalCode": "051531", "city": "Singapore", "formattedAddress": ["531A Upper Cross St.", "051531", "Singapore"], "lng": 103.84572386741638, "labeledLatLngs": [{"lng": 103.84572386741638, "label": "display", "lat": 1.2847026417780498}], "country": "Singapore", "cc": "SG"}, "contact": {}, "name": "Hong Lim Complex Market & Food Centre"}, "width": 720, "suffix": "/11027954_pmGYKeh_fX-nvRiRQKd66BUQIdJNO8m195I9Guq0Jq4.jpg"}, {"id": "5103d1b2e4b02d11cef28186", "createdAt": 1359204786, "tip": {"id": "5103d1a6e4b0e850a1b66eb6", "createdAt": 1359204774, "like": false, "todo": {"count": 0}, "text": "Shiok satay!", "logView": true, "disagreeCount": 0, "canonicalUrl": "https://foursquare.com/item/5103d1a6e4b0e850a1b66eb6", "type": "user", "likes": {"count": 0, "groups": []}, "agreeCount": 0}, "height": 717, "visibility": "public", "source": {"url": "https://foursquare.com/download/#/iphone", "name": "Foursquare for iOS"}, "prefix": "https://igx.4sqi.net/img/general/", "venue": {"id": "5103d11ae4b0fc9c26aaa4f0", "like": false, "stats": {"checkinsCount": 6, "tipCount": 2, "usersCount": 2}, "beenHere": {"lastCheckinExpiredAt": 0}, "categories": [{"id": "4bf58dd8d48988d1c7941735", "primary": true, "icon": {"prefix": "https://ss3.4sqi.net/img/categories_v2/food/snacks_", "suffix": ".png"}, "pluralName": "Snack Places", "shortName": "Snacks", "name": "Snack Place"}], "verified": false, "allowMenuUrlEdit": true, "location": {"lat": 1.322706142495138, "formattedAddress": ["Singapore"], "country": "Singapore", "labeledLatLngs": [{"lng": 103.86276421229215, "label": "display", "lat": 1.322706142495138}], "cc": "SG", "lng": 103.86276421229215}, "contact": {}, "name": "\u987a\u5229\u53d1\u6c99\u7239"}, "width": 959, "suffix": "/11027954_Se5mpveJNhg4PORjBzYqVU0vuv9EULcWhq1lNLHIuLI.jpg"}, {"id": "4fffc602e4b0008e4fd96cdf", "createdAt": 1342162434, "tip": {"id": "4fffc5f7e4b04dd3f99977b1", "createdAt": 1342162423, "like": false, "todo": {"count": 0}, "text": "Indonesian panggang is good! Sauce is nice, rice is fragrant, chicken is tender. Soup is a little bland, though.", "logView": true, "disagreeCount": 0, "canonicalUrl": "https://foursquare.com/item/4fffc5f7e4b04dd3f99977b1", "type": "user", "likes": {"count": 0, "groups": []}, "agreeCount": 0}, "height": 537, "visibility": "public", "source": {"url": "https://foursquare.com/download/#/iphone", "name": "Foursquare for iOS"}, "prefix": "https://igx.4sqi.net/img/general/", "venue": {"id": "4bc3fa6cf8219c74c2e2b610", "like": false, "stats": {"checkinsCount": 9386, "tipCount": 75, "usersCount": 4638}, "beenHere": {"lastCheckinExpiredAt": 0}, "categories": [{"id": "4bf58dd8d48988d120951735", "primary": true, "icon": {"prefix": "https://ss3.4sqi.net/img/categories_v2/shops/food_foodcourt_", "suffix": ".png"}, "pluralName": "Food Courts", "shortName": "Food Court", "name": "Food Court"}], "verified": false, "allowMenuUrlEdit": true, "location": {"crossStreet": "252 North Bridge Rd", "labeledLatLngs": [{"lng": 103.85278212784718, "label": "display", "lat": 1.2946542937625984}], "lat": 1.2946542937625984, "postalCode": "179103", "city": "Singapore", "formattedAddress": ["#03-15/16/17, Raffles City (252 North Bridge Rd)", "179103", "Singapore"], "lng": 103.85278212784718, "address": "#03-15/16/17, Raffles City", "country": "Singapore", "cc": "SG"}, "contact": {"formattedPhone": "+65 6338 8055", "phone": "+6563388055"}, "name": "The Food Place by Food Junction"}, "width": 720, "suffix": "/40gv4M_vowKQA1ROVUPgMz4eiHRqh196e5Ra-G5JWCM.jpg"}, {"id": "4fb34be3e4b076d9e99d704f", "createdAt": 1337150435, "tip": {"id": "4fb34bd3e4b03193b6e62566", "createdAt": 1337150419, "like": false, "todo": {"count": 0}, "text": "01-232 Allaudin is not as good as 01-256 Hanifa's . See pic to believe. Left: Hanifa's, right: Allaudin.", "logView": true, "disagreeCount": 0, "canonicalUrl": "https://foursquare.com/item/4fb34bd3e4b03193b6e62566", "type": "user", "likes": {"count": 0, "groups": []}, "agreeCount": 0}, "height": 537, "visibility": "public", "source": {"url": "https://foursquare.com/download/#/iphone", "name": "Foursquare for iOS"}, "prefix": "https://igx.4sqi.net/img/general/", "venue": {"id": "4b058818f964a520a2b122e3", "like": false, "stats": {"checkinsCount": 16334, "tipCount": 133, "usersCount": 6939}, "beenHere": {"lastCheckinExpiredAt": 0}, "categories": [{"id": "50be8ee891d4fa8dcc7199a7", "primary": true, "icon": {"prefix": "https://ss3.4sqi.net/img/categories_v2/shops/market_", "suffix": ".png"}, "pluralName": "Markets", "shortName": "Market", "name": "Market"}], "verified": false, "allowMenuUrlEdit": true, "location": {"address": "665 Buffalo Rd.", "lat": 1.3058911408362486, "postalCode": "210665", "city": "Singapore", "formattedAddress": ["665 Buffalo Rd.", "210665", "Singapore"], "lng": 103.85078919588194, "labeledLatLngs": [{"lng": 103.85078919588194, "label": "display", "lat": 1.3058911408362486}], "country": "Singapore", "cc": "SG"}, "contact": {}, "name": "Tekka Centre \u7af9\u811a\u4e2d\u5fc3"}, "width": 720, "suffix": "/NEje16Mc2PRyWDyypTyD-3RIHmhFxGQ00e7ZhQJTIZk.jpg"}, {"id": "4fab67cfe4b0c3c98b141481", "createdAt": 1336633295, "tip": {"id": "4fab67bfe4b024d2006757a1", "createdAt": 1336633279, "like": false, "todo": {"count": 0}, "text": "\u771f\u59d0 dessert at 02-113 really nice! Black sesame paste the best I've tasted so far.", "logView": true, "disagreeCount": 0, "canonicalUrl": "https://foursquare.com/item/4fab67bfe4b024d2006757a1", "type": "user", "likes": {"count": 0, "groups": []}, "agreeCount": 0}, "height": 720, "visibility": "public", "source": {"url": "https://foursquare.com/download/#/iphone", "name": "Foursquare for iOS"}, "prefix": "https://igx.4sqi.net/img/general/", "venue": {"id": "4b305537f964a520fef824e3", "like": false, "stats": {"checkinsCount": 27291, "tipCount": 257, "usersCount": 6768}, "beenHere": {"lastCheckinExpiredAt": 0}, "categories": [{"id": "4bf58dd8d48988d120951735", "primary": true, "icon": {"prefix": "https://ss3.4sqi.net/img/categories_v2/shops/food_foodcourt_", "suffix": ".png"}, "pluralName": "Food Courts", "shortName": "Food Court", "name": "Food Court"}], "verified": false, "allowMenuUrlEdit": true, "location": {"crossStreet": "Telok Ayer St / Amoy St", "lat": 1.2794910621546478, "postalCode": "069111", "city": "Singapore", "formattedAddress": ["7 Maxwell Rd (Telok Ayer St / Amoy St)", "069111", "Singapore"], "lng": 103.84711480417656, "address": "7 Maxwell Rd", "country": "Singapore", "cc": "SG"}, "contact": {}, "name": "Amoy Street Food Centre"}, "width": 537, "suffix": "/emgwyPAjXsxleM7ShgOLZNXtFSTJTRUSmhNAd_ZxFuc.jpg"}, {"id": "4fa658a7e4b01208fb57e969", "createdAt": 1336301735, "height": 720, "visibility": "public", "source": {"url": "https://foursquare.com/download/#/iphone", "name": "Foursquare for iOS"}, "prefix": "https://igx.4sqi.net/img/general/", "venue": {"id": "4cb1b1ea39458cfa56480da0", "like": false, "stats": {"checkinsCount": 99, "tipCount": 1, "usersCount": 47}, "beenHere": {"lastCheckinExpiredAt": 0}, "categories": [{"id": "4bf58dd8d48988d12d951735", "primary": true, "icon": {"prefix": "https://ss3.4sqi.net/img/categories_v2/travel/boat_", "suffix": ".png"}, "pluralName": "Boats or Ferries", "shortName": "Boat / Ferry", "name": "Boat or Ferry"}], "verified": false, "allowMenuUrlEdit": true, "location": {"address": "Blk 57 Geylang bahru", "lat": 1.323583, "postalCode": "330057", "country": "Singapore", "lng": 103.869631, "labeledLatLngs": [{"lng": 103.869631, "label": "display", "lat": 1.323583}], "formattedAddress": ["Blk 57 Geylang bahru", "330057", "Singapore"], "cc": "SG"}, "contact": {}, "venueRatingBlacklisted": true, "name": "Jia xiang xiao chu @blk 57"}, "width": 537, "suffix": "/IZktYYLf2Fjen2Jx7Ern5o9JYaExlZAoEbbMWPdRBEw.jpg"}, {"id": "4e3f7415d164b52911c78925", "createdAt": 1312781333, "tip": {"id": "4e3f740dd164b52911c788e2", "createdAt": 1312781325, "like": false, "todo": {"count": 0}, "text": "Soya bean milk drink at 01-54 very nice :) thick, fragrant and not artificial :) must try.", "logView": true, "disagreeCount": 0, "canonicalUrl": "https://foursquare.com/item/4e3f740dd164b52911c788e2", "type": "user", "likes": {"summary": "1 like", "count": 1, "groups": [{"items": [{"id": "5406597", "photo": {"prefix": "https://igx.4sqi.net/img/user/", "suffix": "/5406597-OQPKWR5ET4QO5EMC.jpg"}, "gender": "male", "firstName": "Aaron", "lastName": "Wong"}], "count": 1, "type": "others"}]}, "agreeCount": 1}, "height": 720, "visibility": "public", "source": {"url": "https://foursquare.com/download/#/iphone", "name": "Foursquare for iOS"}, "prefix": "https://igx.4sqi.net/img/general/", "venue": {"id": "4b68c57df964a5200f8c2be3", "like": false, "stats": {"checkinsCount": 13160, "tipCount": 116, "usersCount": 2974}, "beenHere": {"lastCheckinExpiredAt": 0}, "categories": [{"id": "4bf58dd8d48988d120951735", "primary": true, "icon": {"prefix": "https://ss3.4sqi.net/img/categories_v2/shops/food_foodcourt_", "suffix": ".png"}, "pluralName": "Food Courts", "shortName": "Food Court", "name": "Food Court"}], "verified": false, "allowMenuUrlEdit": true, "location": {"address": "29 Bendemeer Rd.", "lat": 1.319001382644118, "postalCode": "330029", "city": "Singapore", "formattedAddress": ["29 Bendemeer Rd.", "330029", "Singapore"], "lng": 103.86275288790178, "labeledLatLngs": [{"lng": 103.86275288790178, "label": "display", "lat": 1.319001382644118}], "country": "Singapore", "cc": "SG"}, "contact": {}, "name": "Bendemeer Market & Food Centre"}, "width": 537, "suffix": "/R5M30UDLTA5GF4TH114JF4ZVU45SH4JD3M3KN53OA2Z22WE1.jpg"}], "count": 8}, "totalCount": 8}, "meta": {"code": 200, "requestId": "595a7dba1ed21919fc64ee51"}, "notifications": [{"item": {"unreadCount": 0}, "type": "notificationTray"}]}