{"response": {"photos": {"items": [{"id": "592a4a07f427de368cc99a53", "createdAt": 1495943687, "height": 1440, "visibility": "public", "source": {"url": "https://www.swarmapp.com", "name": "Swarm for iOS"}, "prefix": "https://igx.4sqi.net/img/general/", "venue": {"id": "4b566b84f964a5209e0f28e3", "like": false, "stats": {"checkinsCount": 31915, "tipCount": 101, "usersCount": 19730}, "beenHere": {"lastCheckinExpiredAt": 0}, "categories": [{"id": "52e81612bcbc57f1066b7a14", "primary": true, "icon": {"prefix": "https://ss3.4sqi.net/img/categories_v2/parks_outdoors/default_", "suffix": ".png"}, "pluralName": "Palaces", "shortName": "Palace", "name": "Palace"}], "verified": false, "location": {"state": "\u6771\u4eac\u90fd", "lat": 35.68261517034336, "postalCode": "100-0001", "city": "\u6771\u4eac", "formattedAddress": ["\u5343\u4ee3\u75301-1", "\u5343\u4ee3\u7530\u533a, \u6771\u4eac\u90fd", "100-0001", "\u65e5\u672c"], "lng": 139.75895619851613, "address": "\u5343\u4ee3\u75301-1", "country": "\u65e5\u672c", "cc": "JP"}, "contact": {"formattedPhone": "+81 3-3213-1111", "phone": "+81332131111"}, "name": "Imperial Palace (\u7687\u5c45)"}, "width": 1920, "suffix": "/11057021_yEjLoixWU4O9L6F-SBns5O7Q9gKDOnZhj8eiiqo4KhI.jpg"}, {"id": "592a4a04a22db76642dcbc2d", "createdAt": 1495943684, "height": 1440, "visibility": "public", "source": {"url": "https://www.swarmapp.com", "name": "Swarm for iOS"}, "prefix": "https://igx.4sqi.net/img/general/", "venue": {"id": "4b566b84f964a5209e0f28e3", "like": false, "stats": {"checkinsCount": 31915, "tipCount": 101, "usersCount": 19730}, "beenHere": {"lastCheckinExpiredAt": 0}, "categories": [{"id": "52e81612bcbc57f1066b7a14", "primary": true, "icon": {"prefix": "https://ss3.4sqi.net/img/categories_v2/parks_outdoors/default_", "suffix": ".png"}, "pluralName": "Palaces", "shortName": "Palace", "name": "Palace"}], "verified": false, "location": {"state": "\u6771\u4eac\u90fd", "lat": 35.68261517034336, "postalCode": "100-0001", "city": "\u6771\u4eac", "formattedAddress": ["\u5343\u4ee3\u75301-1", "\u5343\u4ee3\u7530\u533a, \u6771\u4eac\u90fd", "100-0001", "\u65e5\u672c"], "lng": 139.75895619851613, "address": "\u5343\u4ee3\u75301-1", "country": "\u65e5\u672c", "cc": "JP"}, "contact": {"formattedPhone": "+81 3-3213-1111", "phone": "+81332131111"}, "name": "Imperial Palace (\u7687\u5c45)"}, "width": 1920, "suffix": "/11057021_yrK8TmncGj6tnTFyvH-kNO2UCiftUKbFgzviLjAZsew.jpg"}, {"id": "59057ebff00a703cd16f080f", "createdAt": 1493532351, "height": 1440, "visibility": "public", "source": {"url": "https://www.swarmapp.com", "name": "Swarm for iOS"}, "prefix": "https://igx.4sqi.net/img/general/", "venue": {"id": "55fba9dd498efeb04b1deed8", "like": false, "stats": {"checkinsCount": 3, "tipCount": 0, "usersCount": 3}, "beenHere": {"lastCheckinExpiredAt": 0}, "categories": [{"id": "52af3afc3cf9994f4e043bf8", "primary": true, "icon": {"prefix": "https://ss3.4sqi.net/img/categories_v2/food/asian_", "suffix": ".png"}, "pluralName": "Hunan Restaurants", "shortName": "Hunan", "name": "Hunan Restaurant"}], "verified": false, "allowMenuUrlEdit": true, "location": {"country": "\u4e2d\u56fd", "lng": 112.948715, "labeledLatLngs": [{"lng": 112.948715, "label": "display", "lat": 28.105111}], "cc": "CN", "lat": 28.105111}, "contact": {}, "name": "\u4e0a\u70ad\u9b5a\u6c11"}, "width": 1920, "suffix": "/11057021_ranNGqRHTqlLhfFGqBLlBt2KmTAJdHf8Bs8XDM9Q3N0.jpg"}, {"id": "59057eb2c21cb14daa5c0ba3", "createdAt": 1493532338, "height": 1920, "visibility": "public", "source": {"url": "https://www.swarmapp.com", "name": "Swarm for iOS"}, "prefix": "https://igx.4sqi.net/img/general/", "venue": {"id": "55fba9dd498efeb04b1deed8", "like": false, "stats": {"checkinsCount": 3, "tipCount": 0, "usersCount": 3}, "beenHere": {"lastCheckinExpiredAt": 0}, "categories": [{"id": "52af3afc3cf9994f4e043bf8", "primary": true, "icon": {"prefix": "https://ss3.4sqi.net/img/categories_v2/food/asian_", "suffix": ".png"}, "pluralName": "Hunan Restaurants", "shortName": "Hunan", "name": "Hunan Restaurant"}], "verified": false, "allowMenuUrlEdit": true, "location": {"country": "\u4e2d\u56fd", "lng": 112.948715, "labeledLatLngs": [{"lng": 112.948715, "label": "display", "lat": 28.105111}], "cc": "CN", "lat": 28.105111}, "contact": {}, "name": "\u4e0a\u70ad\u9b5a\u6c11"}, "width": 1440, "suffix": "/11057021_wBn4n0oarmiJnscl_fNWJkG75Umy1KtwuxYbISBuVPM.jpg"}, {"id": "566ece41498e3a2b634ede87", "createdAt": 1450102337, "tip": {"id": "566ece3d498ec223531e923e", "createdAt": 1450102333, "like": false, "todo": {"count": 0}, "text": "Opens at 630pm and closes at 1-2am. Fish dumpling is hand made. Fish balls too. Spoken to owner and I understand it is 100% fish meat with no additives. Worth the visit.", "logView": true, "disagreeCount": 0, "canonicalUrl": "https://foursquare.com/item/566ece3d498ec223531e923e", "type": "user", "likes": {"summary": "1 like", "count": 1, "groups": [{"items": [{"id": "54782207", "gender": "male", "firstName": "@k1h", "photo": {"prefix": "https://igx.4sqi.net/img/user/", "suffix": "/DZIHD2WVQMKPVI2H.jpg"}}], "count": 1, "type": "others"}]}, "agreeCount": 1}, "height": 1920, "visibility": "public", "source": {"url": "https://foursquare.com/download/#/iphone", "name": "Foursquare for iOS"}, "prefix": "https://igx.4sqi.net/img/general/", "venue": {"id": "4e908c3b775bfdaabc618745", "closed": true, "stats": {"checkinsCount": 1500, "tipCount": 28, "usersCount": 755}, "like": false, "beenHere": {"lastCheckinExpiredAt": 0}, "categories": [{"id": "4bf58dd8d48988d145941735", "primary": true, "icon": {"prefix": "https://ss3.4sqi.net/img/categories_v2/food/asian_", "suffix": ".png"}, "pluralName": "Chinese Restaurants", "shortName": "Chinese", "name": "Chinese Restaurant"}], "verified": false, "allowMenuUrlEdit": true, "location": {"address": "532 Upper Serangoon Road", "lat": 1.3460032504219515, "postalCode": "534547", "city": "Singapore", "formattedAddress": ["532 Upper Serangoon Road", "534547", "Singapore"], "lng": 103.87148993492774, "labeledLatLngs": [{"lng": 103.87148993492774, "label": "display", "lat": 1.3460032504219515}], "country": "Singapore", "cc": "SG"}, "contact": {}, "name": "Song Kee Fishball Noodle"}, "width": 1440, "suffix": "/11057021_aM4pnDVMfoUz-xqqjS-NnxLGGoUy3Lq8emk3ceA_uHI.jpg"}, {"id": "566ec5e3498e266e107afe61", "createdAt": 1450100195, "tip": {"id": "566ec5e0498e5d942cb28329", "createdAt": 1450100192, "like": false, "todo": {"count": 0}, "text": "All hand made. Old school. Worth the queue!", "logView": true, "disagreeCount": 0, "canonicalUrl": "https://foursquare.com/item/566ec5e0498e5d942cb28329", "type": "user", "likes": {"count": 0, "groups": []}, "agreeCount": 0}, "height": 1920, "visibility": "public", "source": {"url": "https://foursquare.com/download/#/iphone", "name": "Foursquare for iOS"}, "prefix": "https://igx.4sqi.net/img/general/", "venue": {"id": "4e908c3b775bfdaabc618745", "closed": true, "stats": {"checkinsCount": 1500, "tipCount": 28, "usersCount": 755}, "like": false, "beenHere": {"lastCheckinExpiredAt": 0}, "categories": [{"id": "4bf58dd8d48988d145941735", "primary": true, "icon": {"prefix": "https://ss3.4sqi.net/img/categories_v2/food/asian_", "suffix": ".png"}, "pluralName": "Chinese Restaurants", "shortName": "Chinese", "name": "Chinese Restaurant"}], "verified": false, "allowMenuUrlEdit": true, "location": {"address": "532 Upper Serangoon Road", "lat": 1.3460032504219515, "postalCode": "534547", "city": "Singapore", "formattedAddress": ["532 Upper Serangoon Road", "534547", "Singapore"], "lng": 103.87148993492774, "labeledLatLngs": [{"lng": 103.87148993492774, "label": "display", "lat": 1.3460032504219515}], "country": "Singapore", "cc": "SG"}, "contact": {}, "name": "Song Kee Fishball Noodle"}, "width": 1440, "suffix": "/11057021_6y0Nl63kmA3D6K6Zdho4J-64LY7UbXJepPsfxCnQf4s.jpg"}, {"id": "5666566b498e6c8eded01f47", "createdAt": 1449547371, "height": 1440, "visibility": "public", "source": {"url": "https://www.swarmapp.com", "name": "Swarm for iOS"}, "prefix": "https://igx.4sqi.net/img/general/", "venue": {"id": "4c79df22a8683704a648124d", "like": false, "stats": {"checkinsCount": 1319, "tipCount": 34, "usersCount": 805}, "url": "http://m.whampoakeng.com.sg", "beenHere": {"lastCheckinExpiredAt": 0}, "categories": [{"id": "4bf58dd8d48988d145941735", "primary": true, "icon": {"prefix": "https://ss3.4sqi.net/img/categories_v2/food/asian_", "suffix": ".png"}, "pluralName": "Chinese Restaurants", "shortName": "Chinese", "name": "Chinese Restaurant"}], "verified": false, "allowMenuUrlEdit": true, "location": {"address": "116 Rangoon Rd", "lat": 1.3149808763329596, "postalCode": "218394", "city": "Singapore", "formattedAddress": ["116 Rangoon Rd", "218394", "Singapore"], "lng": 103.8538635321341, "labeledLatLngs": [{"lng": 103.8538635321341, "label": "display", "lat": 1.3149808763329596}], "country": "Singapore", "cc": "SG"}, "contact": {}, "name": "Whampoa Keng FishHead Steamboat"}, "width": 1920, "suffix": "/11057021_-JQK-22mrLLvPu_H9Xc9J-Kle7OZSijou6BkdeUyDyM.jpg"}, {"id": "55fd61a8498ee69dce6f04cb", "createdAt": 1442668968, "height": 1440, "visibility": "public", "source": {"url": "https://www.swarmapp.com", "name": "Swarm for iOS"}, "prefix": "https://igx.4sqi.net/img/general/", "venue": {"id": "4c9f3afa03133704d04270d5", "like": false, "stats": {"checkinsCount": 1393, "tipCount": 1, "usersCount": 1047}, "beenHere": {"lastCheckinExpiredAt": 0}, "categories": [{"id": "4bf58dd8d48988d171941735", "primary": true, "icon": {"prefix": "https://ss3.4sqi.net/img/categories_v2/building/eventspace_", "suffix": ".png"}, "pluralName": "Event Spaces", "shortName": "Event Space", "name": "Event Space"}], "verified": false, "allowMenuUrlEdit": true, "location": {"address": "Marina Bay Street Circuit", "lat": 1.291856966563768, "city": "Singapore", "formattedAddress": ["Marina Bay Street Circuit", "Singapore"], "lng": 103.86414527893066, "labeledLatLngs": [{"lng": 103.86414527893066, "label": "display", "lat": 1.291856966563768}], "country": "Singapore", "cc": "SG"}, "contact": {}, "venueRatingBlacklisted": true, "name": "Singapore F1 Pit Grandstand"}, "width": 1920, "suffix": "/11057021_1w5qYc5Du8bvGRqmoz1YSGvUddCTl6Xxq3AolpBwetY.jpg"}, {"id": "556bfc14498e85d07e1392e1", "createdAt": 1433140244, "height": 1920, "visibility": "public", "source": {"url": "https://www.swarmapp.com", "name": "Swarm for iOS"}, "prefix": "https://igx.4sqi.net/img/general/", "venue": {"id": "4cda3c69d4ecb1f73fa77248", "like": false, "stats": {"checkinsCount": 9143, "tipCount": 33, "usersCount": 7647}, "beenHere": {"lastCheckinExpiredAt": 0}, "categories": [{"id": "52e81612bcbc57f1066b7a3e", "primary": true, "icon": {"prefix": "https://ss3.4sqi.net/img/categories_v2/building/religious_", "suffix": ".png"}, "pluralName": "Buddhist Temples", "shortName": "Buddhist Temple", "name": "Buddhist Temple"}], "verified": false, "location": {"address": "\u0e17\u0e32\u0e07\u0e2b\u0e25\u0e27\u0e07\u0e0a\u0e19\u0e1a\u0e17\u0e2b\u0e21\u0e32\u0e22\u0e40\u0e25\u0e02 \u0e2a\u0e2a. 4013,", "state": "\u0e08\u0e31\u0e07\u0e2b\u0e27\u0e31\u0e14\u0e2a\u0e21\u0e38\u0e17\u0e23\u0e2a\u0e07\u0e04\u0e23\u0e32\u0e21", "lat": 13.445300198090107, "postalCode": "75120", "city": "Bang Kung", "formattedAddress": ["\u0e17\u0e32\u0e07\u0e2b\u0e25\u0e27\u0e07\u0e0a\u0e19\u0e1a\u0e17\u0e2b\u0e21\u0e32\u0e22\u0e40\u0e25\u0e02 \u0e2a\u0e2a. 4013,", "Bang Kung", "\u0e08\u0e31\u0e07\u0e2b\u0e27\u0e31\u0e14\u0e2a\u0e21\u0e38\u0e17\u0e23\u0e2a\u0e07\u0e04\u0e23\u0e32\u0e21 75120", "\u0e1b\u0e23\u0e30\u0e40\u0e17\u0e28\u0e44\u0e17\u0e22"], "lng": 99.9412988382106, "labeledLatLngs": [{"lng": 99.9412988382106, "label": "display", "lat": 13.445300198090107}], "country": "\u0e1b\u0e23\u0e30\u0e40\u0e17\u0e28\u0e44\u0e17\u0e22", "cc": "TH"}, "contact": {"formattedPhone": "+66 34 761 631", "phone": "+6634761631"}, "venueRatingBlacklisted": true, "name": "Wat Bang Kung (\u0e27\u0e31\u0e14\u0e1a\u0e32\u0e07\u0e01\u0e38\u0e49\u0e07)"}, "width": 1440, "suffix": "/11057021_Hp8VP5hS0WIZZdecCqQKic-djq8K_j8J4z91lRZzHJ0.jpg"}, {"id": "5425a24a498e9204b3c95719", "createdAt": 1411752522, "tip": {"id": "5425a24811d273cdbbc63eef", "createdAt": 1411752520, "like": false, "todo": {"count": 0}, "text": "Opens at midnight", "logView": true, "disagreeCount": 0, "canonicalUrl": "https://foursquare.com/item/5425a24811d273cdbbc63eef", "type": "user", "likes": {"count": 0, "groups": []}, "agreeCount": 0}, "height": 720, "visibility": "public", "source": {"url": "https://foursquare.com/download/#/iphone", "name": "Foursquare for iOS"}, "prefix": "https://igx.4sqi.net/img/general/", "venue": {"id": "502bbef5e4b0728ac6c9aee8", "like": false, "stats": {"checkinsCount": 922, "tipCount": 18, "usersCount": 562}, "beenHere": {"lastCheckinExpiredAt": 0}, "categories": [{"id": "4bf58dd8d48988d120951735", "primary": true, "icon": {"prefix": "https://ss3.4sqi.net/img/categories_v2/shops/food_foodcourt_", "suffix": ".png"}, "pluralName": "Food Courts", "shortName": "Food Court", "name": "Food Court"}], "verified": false, "allowMenuUrlEdit": true, "location": {"address": "Blk 115 Bukit Merah View #01-78 Bukit Merah View Food Centre", "lat": 1.285312944519896, "postalCode": "151115", "city": "Singapore", "formattedAddress": ["Blk 115 Bukit Merah View #01-78 Bukit Merah View Food Centre", "151115", "Singapore"], "lng": 103.82214403136544, "labeledLatLngs": [{"lng": 103.82214403136544, "label": "display", "lat": 1.285312944519896}], "country": "Singapore", "cc": "SG"}, "contact": {}, "name": "Soon Li Yong Tau Foo"}, "width": 960, "suffix": "/11057021_eX4uuI3DMLZDDl9D9M-WAW7xMxAz-14TJQ1BwCL-rVw.jpg"}, {"id": "53b39969498ebd145a62b07f", "createdAt": 1404279145, "height": 720, "visibility": "public", "source": {"url": "https://foursquare.com/download/#/iphone", "name": "Foursquare for iOS"}, "prefix": "https://igx.4sqi.net/img/general/", "venue": {"like": false, "menu": {"mobileUrl": "http://www.founderbkt.com.sg/menu/food", "url": "http://www.founderbkt.com.sg/menu/food", "label": "Menu", "externalUrl": "http://www.founderbkt.com.sg/menu/food", "anchor": "View Menu", "type": "Menu"}, "allowMenuUrlEdit": true, "location": {"address": "347 Balestier Rd", "lat": 1.324592491048934, "postalCode": "329777", "city": "Singapore", "formattedAddress": ["347 Balestier Rd", "329777", "Singapore"], "lng": 103.85123647068372, "labeledLatLngs": [{"lng": 103.85123647068372, "label": "display", "lat": 1.324592491048934}], "country": "Singapore", "cc": "SG"}, "id": "4b29ad83f964a52076a224e3", "beenHere": {"lastCheckinExpiredAt": 0}, "stats": {"checkinsCount": 7305, "tipCount": 69, "usersCount": 4885}, "url": "http://www.founderbkt.com.sg", "categories": [{"id": "4bf58dd8d48988d145941735", "primary": true, "icon": {"prefix": "https://ss3.4sqi.net/img/categories_v2/food/asian_", "suffix": ".png"}, "pluralName": "Chinese Restaurants", "shortName": "Chinese", "name": "Chinese Restaurant"}], "verified": false, "contact": {"facebookUsername": "founderbakkutteh", "facebook": "326770072108", "facebookName": "Founder Bak Kut Teh Cafeteria \u53d1\u8d77\u4eba\u8089\u9aa8\u8336\u9910\u9986", "formattedPhone": "+65 6352 6192", "phone": "+6563526192"}, "name": "Founder Bak Kut Teh"}, "width": 960, "suffix": "/11057021_7WSsLQVkkfjv9Bs_mSpGpZJF9BpZROSa2pjNDj9T9jY.jpg"}, {"id": "53366325498e00b3dbe91f73", "createdAt": 1396073253, "height": 960, "visibility": "public", "source": {"url": "https://foursquare.com/download/#/iphone", "name": "Foursquare for iOS"}, "prefix": "https://igx.4sqi.net/img/general/", "venue": {"id": "52d36f6e498efb65c3c6a840", "like": false, "stats": {"checkinsCount": 532, "tipCount": 16, "usersCount": 317}, "beenHere": {"lastCheckinExpiredAt": 0}, "categories": [{"id": "52af3abe3cf9994f4e043bf2", "primary": true, "icon": {"prefix": "https://ss3.4sqi.net/img/categories_v2/food/asian_", "suffix": ".png"}, "pluralName": "Hainan Restaurants", "shortName": "Hainan", "name": "Hainan Restaurant"}], "verified": false, "allowMenuUrlEdit": true, "location": {"crossStreet": "Eng Watt St.", "labeledLatLngs": [{"lng": 103.832304, "label": "display", "lat": 1.284166}], "lat": 1.284166, "postalCode": "160071", "city": "Singapore", "formattedAddress": ["71 Seng Poh Rd. #01-49. (Eng Watt St.)", "160071", "Singapore"], "lng": 103.832304, "address": "71 Seng Poh Rd. #01-49.", "country": "Singapore", "cc": "SG"}, "contact": {}, "name": "Loo's Hainanese Curry Rice"}, "width": 720, "suffix": "/11057021_iQAjJ37FnpFH16wkxZlqT8mojDvO2TRaR3YLQApmbmQ.jpg"}, {"id": "5336631d498e18ae9f3a1abd", "createdAt": 1396073245, "height": 720, "visibility": "public", "source": {"url": "https://foursquare.com/download/#/iphone", "name": "Foursquare for iOS"}, "prefix": "https://igx.4sqi.net/img/general/", "venue": {"id": "52d36f6e498efb65c3c6a840", "like": false, "stats": {"checkinsCount": 532, "tipCount": 16, "usersCount": 317}, "beenHere": {"lastCheckinExpiredAt": 0}, "categories": [{"id": "52af3abe3cf9994f4e043bf2", "primary": true, "icon": {"prefix": "https://ss3.4sqi.net/img/categories_v2/food/asian_", "suffix": ".png"}, "pluralName": "Hainan Restaurants", "shortName": "Hainan", "name": "Hainan Restaurant"}], "verified": false, "allowMenuUrlEdit": true, "location": {"crossStreet": "Eng Watt St.", "labeledLatLngs": [{"lng": 103.832304, "label": "display", "lat": 1.284166}], "lat": 1.284166, "postalCode": "160071", "city": "Singapore", "formattedAddress": ["71 Seng Poh Rd. #01-49. (Eng Watt St.)", "160071", "Singapore"], "lng": 103.832304, "address": "71 Seng Poh Rd. #01-49.", "country": "Singapore", "cc": "SG"}, "contact": {}, "name": "Loo's Hainanese Curry Rice"}, "width": 960, "suffix": "/11057021_MPE6rCpRvONmU2n2DZf3enN5cSmIPrFofqYYQbAfv_o.jpg"}, {"id": "53366314498e7ca642eddec1", "createdAt": 1396073236, "height": 720, "visibility": "public", "source": {"url": "https://foursquare.com/download/#/iphone", "name": "Foursquare for iOS"}, "prefix": "https://igx.4sqi.net/img/general/", "venue": {"id": "52d36f6e498efb65c3c6a840", "like": false, "stats": {"checkinsCount": 532, "tipCount": 16, "usersCount": 317}, "beenHere": {"lastCheckinExpiredAt": 0}, "categories": [{"id": "52af3abe3cf9994f4e043bf2", "primary": true, "icon": {"prefix": "https://ss3.4sqi.net/img/categories_v2/food/asian_", "suffix": ".png"}, "pluralName": "Hainan Restaurants", "shortName": "Hainan", "name": "Hainan Restaurant"}], "verified": false, "allowMenuUrlEdit": true, "location": {"crossStreet": "Eng Watt St.", "labeledLatLngs": [{"lng": 103.832304, "label": "display", "lat": 1.284166}], "lat": 1.284166, "postalCode": "160071", "city": "Singapore", "formattedAddress": ["71 Seng Poh Rd. #01-49. (Eng Watt St.)", "160071", "Singapore"], "lng": 103.832304, "address": "71 Seng Poh Rd. #01-49.", "country": "Singapore", "cc": "SG"}, "contact": {}, "name": "Loo's Hainanese Curry Rice"}, "width": 960, "suffix": "/11057021_f44BuSwNlg0tPkxtcMPu_nAJWJEywcrgooCQsrvwbJ4.jpg"}, {"id": "53366259498e4a97683c03d9", "createdAt": 1396073049, "height": 720, "visibility": "public", "source": {"url": "https://foursquare.com/download/#/iphone", "name": "Foursquare for iOS"}, "prefix": "https://igx.4sqi.net/img/general/", "venue": {"id": "52d36f6e498efb65c3c6a840", "like": false, "stats": {"checkinsCount": 532, "tipCount": 16, "usersCount": 317}, "beenHere": {"lastCheckinExpiredAt": 0}, "categories": [{"id": "52af3abe3cf9994f4e043bf2", "primary": true, "icon": {"prefix": "https://ss3.4sqi.net/img/categories_v2/food/asian_", "suffix": ".png"}, "pluralName": "Hainan Restaurants", "shortName": "Hainan", "name": "Hainan Restaurant"}], "verified": false, "allowMenuUrlEdit": true, "location": {"crossStreet": "Eng Watt St.", "labeledLatLngs": [{"lng": 103.832304, "label": "display", "lat": 1.284166}], "lat": 1.284166, "postalCode": "160071", "city": "Singapore", "formattedAddress": ["71 Seng Poh Rd. #01-49. (Eng Watt St.)", "160071", "Singapore"], "lng": 103.832304, "address": "71 Seng Poh Rd. #01-49.", "country": "Singapore", "cc": "SG"}, "contact": {}, "name": "Loo's Hainanese Curry Rice"}, "width": 960, "suffix": "/11057021_PCdn4VNOIlP2bDmc8bXquCT0YpvjamIKy-kjC2Z25B8.jpg"}, {"id": "5302d9b8498e6f8b75b5980e", "createdAt": 1392695736, "height": 720, "visibility": "public", "source": {"url": "https://foursquare.com/download/#/iphone", "name": "Foursquare for iOS"}, "prefix": "https://igx.4sqi.net/img/general/", "venue": {"id": "52d36f6e498efb65c3c6a840", "like": false, "stats": {"checkinsCount": 532, "tipCount": 16, "usersCount": 317}, "beenHere": {"lastCheckinExpiredAt": 0}, "categories": [{"id": "52af3abe3cf9994f4e043bf2", "primary": true, "icon": {"prefix": "https://ss3.4sqi.net/img/categories_v2/food/asian_", "suffix": ".png"}, "pluralName": "Hainan Restaurants", "shortName": "Hainan", "name": "Hainan Restaurant"}], "verified": false, "allowMenuUrlEdit": true, "location": {"crossStreet": "Eng Watt St.", "labeledLatLngs": [{"lng": 103.832304, "label": "display", "lat": 1.284166}], "lat": 1.284166, "postalCode": "160071", "city": "Singapore", "formattedAddress": ["71 Seng Poh Rd. #01-49. (Eng Watt St.)", "160071", "Singapore"], "lng": 103.832304, "address": "71 Seng Poh Rd. #01-49.", "country": "Singapore", "cc": "SG"}, "contact": {}, "name": "Loo's Hainanese Curry Rice"}, "width": 960, "suffix": "/11057021_zmIgf_VP0oa80N4yEEiUC35rNCmrpn3KHyRE-RHoun4.jpg"}, {"id": "52907a4b11d220386c44d0cc", "createdAt": 1385200203, "height": 720, "visibility": "public", "source": {"url": "https://foursquare.com/download/#/iphone", "name": "Foursquare for iOS"}, "prefix": "https://igx.4sqi.net/img/general/", "venue": {"id": "4d80bbde7c956dcbbbb8e57b", "like": false, "stats": {"checkinsCount": 131, "tipCount": 2, "usersCount": 87}, "beenHere": {"lastCheckinExpiredAt": 0}, "categories": [{"id": "4bf58dd8d48988d111941735", "primary": true, "icon": {"prefix": "https://ss3.4sqi.net/img/categories_v2/food/japanese_", "suffix": ".png"}, "pluralName": "Japanese Restaurants", "shortName": "Japanese", "name": "Japanese Restaurant"}], "verified": false, "allowMenuUrlEdit": true, "location": {"country": "\u4e2d\u56fd", "lng": 116.448041, "labeledLatLngs": [{"lng": 116.448041, "label": "display", "lat": 39.937189}], "cc": "CN", "lat": 39.937189}, "contact": {}, "name": "Haru Teppanyaki & Sushi"}, "width": 960, "suffix": "/11057021_P4YIR35UuDJPiPDHu5BbICjBzXWTtz-S6ZYPxb7x6QQ.jpg"}, {"id": "524ba67f498eabd58bd9d331", "createdAt": 1380689535, "height": 540, "visibility": "public", "source": {"url": "https://foursquare.com/download/#/android", "name": "Foursquare for Android"}, "prefix": "https://igx.4sqi.net/img/general/", "venue": {"id": "4dd0803eb0fb25f6e376f26b", "like": false, "stats": {"checkinsCount": 6620, "tipCount": 49, "usersCount": 1832}, "beenHere": {"lastCheckinExpiredAt": 0}, "categories": [{"id": "4bf58dd8d48988d1fd941735", "primary": true, "icon": {"prefix": "https://ss3.4sqi.net/img/categories_v2/shops/mall_", "suffix": ".png"}, "pluralName": "Shopping Malls", "shortName": "Mall", "name": "Shopping Mall"}], "verified": false, "allowMenuUrlEdit": true, "location": {"address": "9 Dongdaqiao Rd", "state": "\u5317\u4eac\u5e02", "lat": 39.918192722620375, "postalCode": "100020", "city": "\u5317\u4eac\u5e02", "formattedAddress": ["9 Dongdaqiao Rd", "\u5317\u4eac\u5e02", "\u5317\u4eac\u5e02, 100020"], "lng": 116.44327967450147, "labeledLatLngs": [{"lng": 116.44327967450147, "label": "display", "lat": 39.918192722620375}], "country": "\u4e2d\u56fd", "cc": "CN"}, "contact": {"formattedPhone": "010 6500 5511", "phone": "01065005511"}, "name": "Parkview Green (\u4fa8\u798f\u82b3\u8349\u5730)"}, "width": 960, "suffix": "/11057021__OqIr5NGlcRQANL_PJ9oSgbeHKLldbqDpj2Qj34EQmk.jpg"}, {"id": "524ba60b11d265d58e50107f", "createdAt": 1380689419, "height": 540, "visibility": "public", "source": {"url": "https://foursquare.com/download/#/android", "name": "Foursquare for Android"}, "prefix": "https://igx.4sqi.net/img/general/", "venue": {"id": "51945dd2498e7b5232c1f67b", "like": false, "stats": {"checkinsCount": 434, "tipCount": 19, "usersCount": 253}, "url": "http://www.operabombana.com", "beenHere": {"lastCheckinExpiredAt": 0}, "categories": [{"id": "4bf58dd8d48988d110941735", "primary": true, "icon": {"prefix": "https://ss3.4sqi.net/img/categories_v2/food/italian_", "suffix": ".png"}, "pluralName": "Italian Restaurants", "shortName": "Italian", "name": "Italian Restaurant"}], "verified": false, "allowMenuUrlEdit": true, "location": {"crossStreet": "At LG2/F of Parkview Green", "labeledLatLngs": [{"lng": 116.4430434018405, "label": "display", "lat": 39.9178338483928}], "state": "\u5317\u4eac\u5e02", "lat": 39.9178338483928, "postalCode": "100020", "city": "\u5317\u4eac\u5e02", "formattedAddress": ["9 Dongdaqiao Rd (At LG2/F of Parkview Green)", "\u5317\u4eac\u5e02", "\u5317\u4eac\u5e02, 100020"], "lng": 116.4430434018405, "address": "9 Dongdaqiao Rd", "country": "\u4e2d\u56fd", "cc": "CN"}, "contact": {"formattedPhone": "010 5690 7177", "phone": "01056907177"}, "name": "Opera Bombana"}, "width": 960, "suffix": "/11057021_wkPQ3PtHSbenqXF4InvRuyN52KxAbhCiSnskqfH_Les.jpg"}, {"id": "5118b763e4b0d2e90ae8fe22", "createdAt": 1360574307, "height": 540, "visibility": "public", "source": {"url": "https://foursquare.com/download/#/iphone", "name": "Foursquare for iOS"}, "prefix": "https://igx.4sqi.net/img/general/", "venue": {"id": "4b5d969af964a520906229e3", "like": false, "stats": {"checkinsCount": 4940, "tipCount": 36, "usersCount": 3513}, "url": "http://www.mutekiya.com", "beenHere": {"lastCheckinExpiredAt": 0}, "categories": [{"id": "55a59bace4b013909087cb24", "primary": true, "icon": {"prefix": "https://ss3.4sqi.net/img/categories_v2/food/ramen_", "suffix": ".png"}, "pluralName": "Ramen Restaurants", "shortName": "Ramen", "name": "Ramen Restaurant"}], "verified": false, "allowMenuUrlEdit": true, "location": {"crossStreet": "\u5d0e\u672c\u30d3\u30eb 1F", "labeledLatLngs": [{"lng": 139.71172850645104, "label": "display", "lat": 35.72675870221134}], "state": "\u6771\u4eac\u90fd", "lat": 35.72675870221134, "postalCode": "171-0022", "city": "\u8c4a\u5cf6\u533a", "formattedAddress": ["\u5357\u6c60\u888b1-17-1 (\u5d0e\u672c\u30d3\u30eb 1F)", "\u8c4a\u5cf6\u533a, \u6771\u4eac\u90fd", "171-0022", "\u65e5\u672c"], "lng": 139.71172850645104, "address": "\u5357\u6c60\u888b1-17-1", "country": "\u65e5\u672c", "cc": "JP"}, "contact": {"formattedPhone": "+81 3-3982-7656", "phone": "+81339827656"}, "name": "Mutekiya (\u9eba\u5275\u623f \u7121\u6575\u5bb6)"}, "width": 720, "suffix": "/11057021_ZOhafJgLD5bUwEcylGAeIexD2sMbAJqNSj8AEepQCQE.jpg"}, {"id": "5118b735e4b05a0ebc63400f", "createdAt": 1360574261, "height": 720, "visibility": "public", "source": {"url": "https://foursquare.com/download/#/iphone", "name": "Foursquare for iOS"}, "prefix": "https://igx.4sqi.net/img/general/", "venue": {"id": "4b5d969af964a520906229e3", "like": false, "stats": {"checkinsCount": 4940, "tipCount": 36, "usersCount": 3513}, "url": "http://www.mutekiya.com", "beenHere": {"lastCheckinExpiredAt": 0}, "categories": [{"id": "55a59bace4b013909087cb24", "primary": true, "icon": {"prefix": "https://ss3.4sqi.net/img/categories_v2/food/ramen_", "suffix": ".png"}, "pluralName": "Ramen Restaurants", "shortName": "Ramen", "name": "Ramen Restaurant"}], "verified": false, "allowMenuUrlEdit": true, "location": {"crossStreet": "\u5d0e\u672c\u30d3\u30eb 1F", "labeledLatLngs": [{"lng": 139.71172850645104, "label": "display", "lat": 35.72675870221134}], "state": "\u6771\u4eac\u90fd", "lat": 35.72675870221134, "postalCode": "171-0022", "city": "\u8c4a\u5cf6\u533a", "formattedAddress": ["\u5357\u6c60\u888b1-17-1 (\u5d0e\u672c\u30d3\u30eb 1F)", "\u8c4a\u5cf6\u533a, \u6771\u4eac\u90fd", "171-0022", "\u65e5\u672c"], "lng": 139.71172850645104, "address": "\u5357\u6c60\u888b1-17-1", "country": "\u65e5\u672c", "cc": "JP"}, "contact": {"formattedPhone": "+81 3-3982-7656", "phone": "+81339827656"}, "name": "Mutekiya (\u9eba\u5275\u623f \u7121\u6575\u5bb6)"}, "width": 540, "suffix": "/11057021_C7cNr1N_K1FvwjGjuTGhLEwsyjf1nC3LaIvJBQzrPNo.jpg"}, {"id": "502e38b7e4b0a9acfe5f6bdc", "createdAt": 1345206455, "tip": {"id": "502e38b3e4b0a1e5923eae16", "createdAt": 1345206451, "like": false, "todo": {"count": 0}, "text": "Worth trying", "logView": true, "disagreeCount": 0, "canonicalUrl": "https://foursquare.com/item/502e38b3e4b0a1e5923eae16", "type": "user", "likes": {"count": 0, "groups": []}, "agreeCount": 0}, "height": 540, "visibility": "public", "source": {"url": "https://foursquare.com/download/#/iphone", "name": "Foursquare for iOS"}, "prefix": "https://igx.4sqi.net/img/general/", "venue": {"id": "4cd4ea45886cb60c3a298189", "like": false, "stats": {"checkinsCount": 61, "tipCount": 2, "usersCount": 45}, "beenHere": {"lastCheckinExpiredAt": 0}, "categories": [{"id": "4bf58dd8d48988d145941735", "primary": true, "icon": {"prefix": "https://ss3.4sqi.net/img/categories_v2/food/asian_", "suffix": ".png"}, "pluralName": "Chinese Restaurants", "shortName": "Chinese", "name": "Chinese Restaurant"}], "verified": false, "allowMenuUrlEdit": true, "location": {"address": "\u671d\u9633\u95e8\u5357\u5c0f\u88572\u53f7", "state": "\u5317\u4eac\u5e02", "lat": 39.92226709693268, "city": "\u5317\u4eac\u5e02", "formattedAddress": ["\u671d\u9633\u95e8\u5357\u5c0f\u88572\u53f7", "\u5317\u4eac\u5e02", "\u5317\u4eac\u5e02"], "lng": 116.42027367207321, "labeledLatLngs": [{"lng": 116.42027367207321, "label": "display", "lat": 39.92226709693268}], "country": "\u4e2d\u56fd", "cc": "CN"}, "contact": {}, "name": "\u5fbd\u5546\u6545\u91cc"}, "width": 405, "suffix": "/ms8CAJ1tZkjXfzImDGLPs917AFsbOzie1928FrxRjto.jpg"}, {"id": "501b7b66e4b0426675f4f461", "createdAt": 1343978342, "height": 540, "visibility": "public", "source": {"url": "https://foursquare.com/download/#/iphone", "name": "Foursquare for iOS"}, "prefix": "https://igx.4sqi.net/img/general/", "venue": {"id": "4e75a547c65bb91db475bb48", "like": false, "stats": {"checkinsCount": 140, "tipCount": 1, "usersCount": 101}, "beenHere": {"lastCheckinExpiredAt": 0}, "categories": [{"id": "4bf58dd8d48988d12f951735", "primary": true, "icon": {"prefix": "https://ss3.4sqi.net/img/categories_v2/travel/resort_", "suffix": ".png"}, "pluralName": "Resorts", "shortName": "Resort", "name": "Resort"}], "verified": false, "allowMenuUrlEdit": true, "location": {"country": "\u4e2d\u56fd", "lng": 116.44277255240021, "labeledLatLngs": [{"lng": 116.44277255240021, "label": "display", "lat": 40.13097948682251}], "cc": "CN", "lat": 40.13097948682251}, "contact": {}, "name": "Beijing Chateau Laffitte Hotel \u5317\u4eac\u62c9\u6590\u7279\u57ce\u5821\u9152\u5e97"}, "width": 720, "suffix": "/Nkfeq8xbyQweM8DAHwu-y1BVj8OubHgCP4z2s5WV9XU.jpg"}, {"id": "4fde6d78e4b0e598b6b8a1fc", "createdAt": 1339977080, "height": 720, "visibility": "public", "source": {"url": "https://foursquare.com/download/#/iphone", "name": "Foursquare for iOS"}, "prefix": "https://igx.4sqi.net/img/general/", "venue": {"like": false, "menu": {"mobileUrl": "http://www.starbucks.com.cn/en/menu/beverages", "url": "http://www.starbucks.com.cn/en/menu/beverages", "label": "Menu", "externalUrl": "http://www.starbucks.com.cn/en/menu/beverages", "anchor": "View Menu", "type": "Menu"}, "allowMenuUrlEdit": true, "location": {"crossStreet": "1/F (F111-112) Yinlan Int'l Financial Center", "labeledLatLngs": [{"lng": 116.35199546813965, "label": "display", "lat": 39.918919874280526}], "state": "\u5317\u4eac\u5e02", "lat": 39.918919874280526, "postalCode": "100140", "city": "\u5317\u4eac\u5e02", "formattedAddress": ["7 Financial Ave (1/F (F111-112) Yinlan Int'l Financial Center)", "\u5317\u4eac\u5e02", "\u5317\u4eac\u5e02, 100140"], "lng": 116.35199546813965, "address": "7 Financial Ave", "country": "\u4e2d\u56fd", "cc": "CN"}, "id": "4bea671362c0c92825cde0d4", "beenHere": {"lastCheckinExpiredAt": 0}, "stats": {"checkinsCount": 505, "tipCount": 4, "usersCount": 195}, "url": "http://www.starbucks.com.cn/en", "categories": [{"id": "4bf58dd8d48988d1e0931735", "primary": true, "icon": {"prefix": "https://ss3.4sqi.net/img/categories_v2/food/coffeeshop_", "suffix": ".png"}, "pluralName": "Coffee Shops", "shortName": "Coffee Shop", "name": "Coffee Shop"}], "verified": false, "contact": {"facebook": "22092443056", "facebookName": "Starbucks", "formattedPhone": "010 6655 5808", "phone": "01066555808", "facebookUsername": "Starbucks", "twitter": "starbucks"}, "name": "Starbucks (\u661f\u5df4\u514b)"}, "width": 540, "suffix": "/Uk2yuQBjz_BcF7f-Y9qcN15qmaAvBWg1hAFXUJHY8D0.jpg"}, {"id": "4fd42faae4b0052fbbdff5b5", "createdAt": 1339305898, "height": 720, "visibility": "public", "source": {"url": "https://foursquare.com/download/#/iphone", "name": "Foursquare for iOS"}, "prefix": "https://igx.4sqi.net/img/general/", "venue": {"id": "4bc0589bb492d13a8921a460", "like": false, "stats": {"checkinsCount": 132, "tipCount": 1, "usersCount": 101}, "beenHere": {"lastCheckinExpiredAt": 0}, "categories": [{"id": "4bf58dd8d48988d145941735", "primary": true, "icon": {"prefix": "https://ss3.4sqi.net/img/categories_v2/food/asian_", "suffix": ".png"}, "pluralName": "Chinese Restaurants", "shortName": "Chinese", "name": "Chinese Restaurant"}], "verified": false, "allowMenuUrlEdit": true, "location": {"crossStreet": "\u4e1c\u4e09\u73af\u53cc\u4e95\u6865\u897f\u4fa7", "labeledLatLngs": [{"lng": 116.44915760076677, "label": "display", "lat": 39.892380572040224}], "state": "\u5317\u4eac\u5e02", "lat": 39.892380572040224, "city": "\u5317\u4eac\u5e02", "formattedAddress": ["\u5e7f\u6e20\u95e8\u5916\u5927\u8857 (\u4e1c\u4e09\u73af\u53cc\u4e95\u6865\u897f\u4fa7)", "\u5317\u4eac\u5e02", "\u5317\u4eac\u5e02"], "lng": 116.44915760076677, "address": "\u5e7f\u6e20\u95e8\u5916\u5927\u8857", "country": "\u4e2d\u56fd", "cc": "CN"}, "contact": {}, "name": "\u53cc\u4e95\u8f69"}, "width": 540, "suffix": "/v8yjbGKOidQUvwYUDDQlcGhouQHsemLdlfc5MxX0CdI.jpg"}, {"id": "4fd42f9de4b0e8d49d3ed241", "createdAt": 1339305885, "height": 720, "visibility": "public", "source": {"url": "https://foursquare.com/download/#/iphone", "name": "Foursquare for iOS"}, "prefix": "https://igx.4sqi.net/img/general/", "venue": {"id": "4bc0589bb492d13a8921a460", "like": false, "stats": {"checkinsCount": 132, "tipCount": 1, "usersCount": 101}, "beenHere": {"lastCheckinExpiredAt": 0}, "categories": [{"id": "4bf58dd8d48988d145941735", "primary": true, "icon": {"prefix": "https://ss3.4sqi.net/img/categories_v2/food/asian_", "suffix": ".png"}, "pluralName": "Chinese Restaurants", "shortName": "Chinese", "name": "Chinese Restaurant"}], "verified": false, "allowMenuUrlEdit": true, "location": {"crossStreet": "\u4e1c\u4e09\u73af\u53cc\u4e95\u6865\u897f\u4fa7", "labeledLatLngs": [{"lng": 116.44915760076677, "label": "display", "lat": 39.892380572040224}], "state": "\u5317\u4eac\u5e02", "lat": 39.892380572040224, "city": "\u5317\u4eac\u5e02", "formattedAddress": ["\u5e7f\u6e20\u95e8\u5916\u5927\u8857 (\u4e1c\u4e09\u73af\u53cc\u4e95\u6865\u897f\u4fa7)", "\u5317\u4eac\u5e02", "\u5317\u4eac\u5e02"], "lng": 116.44915760076677, "address": "\u5e7f\u6e20\u95e8\u5916\u5927\u8857", "country": "\u4e2d\u56fd", "cc": "CN"}, "contact": {}, "name": "\u53cc\u4e95\u8f69"}, "width": 540, "suffix": "/bXvGhrRh4sBzg5e1QVb3Oiwn6XlsolbMPWCsMHRIFR8.jpg"}, {"id": "4fd420cce4b03f13ecd9a0eb", "createdAt": 1339302092, "height": 540, "visibility": "public", "source": {"url": "https://foursquare.com/download/#/iphone", "name": "Foursquare for iOS"}, "prefix": "https://igx.4sqi.net/img/general/", "venue": {"id": "4bc0589bb492d13a8921a460", "like": false, "stats": {"checkinsCount": 132, "tipCount": 1, "usersCount": 101}, "beenHere": {"lastCheckinExpiredAt": 0}, "categories": [{"id": "4bf58dd8d48988d145941735", "primary": true, "icon": {"prefix": "https://ss3.4sqi.net/img/categories_v2/food/asian_", "suffix": ".png"}, "pluralName": "Chinese Restaurants", "shortName": "Chinese", "name": "Chinese Restaurant"}], "verified": false, "allowMenuUrlEdit": true, "location": {"crossStreet": "\u4e1c\u4e09\u73af\u53cc\u4e95\u6865\u897f\u4fa7", "labeledLatLngs": [{"lng": 116.44915760076677, "label": "display", "lat": 39.892380572040224}], "state": "\u5317\u4eac\u5e02", "lat": 39.892380572040224, "city": "\u5317\u4eac\u5e02", "formattedAddress": ["\u5e7f\u6e20\u95e8\u5916\u5927\u8857 (\u4e1c\u4e09\u73af\u53cc\u4e95\u6865\u897f\u4fa7)", "\u5317\u4eac\u5e02", "\u5317\u4eac\u5e02"], "lng": 116.44915760076677, "address": "\u5e7f\u6e20\u95e8\u5916\u5927\u8857", "country": "\u4e2d\u56fd", "cc": "CN"}, "contact": {}, "name": "\u53cc\u4e95\u8f69"}, "width": 720, "suffix": "/hpmkoJdlDtvHtMhyUAMSEpvrOBaMHLmzSW102Vrogvg.jpg"}, {"id": "4fcb4548e4b0a6bf4fc34919", "createdAt": 1338721608, "height": 540, "visibility": "public", "source": {"url": "https://foursquare.com/download/#/iphone", "name": "Foursquare for iOS"}, "prefix": "https://igx.4sqi.net/img/general/", "venue": {"id": "4b058792f964a520879a22e3", "like": false, "stats": {"checkinsCount": 437, "tipCount": 19, "usersCount": 385}, "beenHere": {"lastCheckinExpiredAt": 0}, "categories": [{"id": "52af3b463cf9994f4e043bfe", "primary": true, "icon": {"prefix": "https://ss3.4sqi.net/img/categories_v2/food/asian_", "suffix": ".png"}, "pluralName": "Peking Duck Restaurants", "shortName": "Peking Duck", "name": "Peking Duck Restaurant"}], "verified": false, "allowMenuUrlEdit": true, "location": {"crossStreet": "Zhengyi Lu (northeast of Qianmen)", "labeledLatLngs": [{"lng": 116.3999859574298, "label": "display", "lat": 39.896875420521326}], "state": "\u5317\u4eac\u5e02", "lat": 39.896875420521326, "postalCode": "100000", "city": "\u5317\u4eac\u5e02", "formattedAddress": ["11 Beixiangfeng Hutong (Zhengyi Lu (northeast of Qianmen))", "\u5317\u4eac\u5e02", "\u5317\u4eac\u5e02, 100000"], "lng": 116.3999859574298, "address": "11 Beixiangfeng Hutong", "country": "\u4e2d\u56fd", "cc": "CN"}, "contact": {"formattedPhone": "010 6705 5578", "phone": "01067055578"}, "name": "\u5229\u7fa4\u70e4\u9e2d\u5e97 Liqun Roast Duck"}, "width": 720, "suffix": "/CQnzGMDC8IMlmem_AdTjEsW_1LFh5Q7EJYCQOBRhNGY.jpg"}, {"id": "4fcb4545e4b035b337f3f7fb", "createdAt": 1338721605, "height": 540, "visibility": "public", "source": {"url": "https://foursquare.com/download/#/iphone", "name": "Foursquare for iOS"}, "prefix": "https://igx.4sqi.net/img/general/", "venue": {"id": "4b058792f964a520879a22e3", "like": false, "stats": {"checkinsCount": 437, "tipCount": 19, "usersCount": 385}, "beenHere": {"lastCheckinExpiredAt": 0}, "categories": [{"id": "52af3b463cf9994f4e043bfe", "primary": true, "icon": {"prefix": "https://ss3.4sqi.net/img/categories_v2/food/asian_", "suffix": ".png"}, "pluralName": "Peking Duck Restaurants", "shortName": "Peking Duck", "name": "Peking Duck Restaurant"}], "verified": false, "allowMenuUrlEdit": true, "location": {"crossStreet": "Zhengyi Lu (northeast of Qianmen)", "labeledLatLngs": [{"lng": 116.3999859574298, "label": "display", "lat": 39.896875420521326}], "state": "\u5317\u4eac\u5e02", "lat": 39.896875420521326, "postalCode": "100000", "city": "\u5317\u4eac\u5e02", "formattedAddress": ["11 Beixiangfeng Hutong (Zhengyi Lu (northeast of Qianmen))", "\u5317\u4eac\u5e02", "\u5317\u4eac\u5e02, 100000"], "lng": 116.3999859574298, "address": "11 Beixiangfeng Hutong", "country": "\u4e2d\u56fd", "cc": "CN"}, "contact": {"formattedPhone": "010 6705 5578", "phone": "01067055578"}, "name": "\u5229\u7fa4\u70e4\u9e2d\u5e97 Liqun Roast Duck"}, "width": 720, "suffix": "/KY-_mv661d0I3zzUTDnXz9XpZUGOwUtZrpm9zwwVHOM.jpg"}, {"id": "4fcb452ee4b08a365336b686", "createdAt": 1338721582, "height": 540, "visibility": "public", "source": {"url": "https://foursquare.com/download/#/iphone", "name": "Foursquare for iOS"}, "prefix": "https://igx.4sqi.net/img/general/", "venue": {"id": "4b058792f964a520879a22e3", "like": false, "stats": {"checkinsCount": 437, "tipCount": 19, "usersCount": 385}, "beenHere": {"lastCheckinExpiredAt": 0}, "categories": [{"id": "52af3b463cf9994f4e043bfe", "primary": true, "icon": {"prefix": "https://ss3.4sqi.net/img/categories_v2/food/asian_", "suffix": ".png"}, "pluralName": "Peking Duck Restaurants", "shortName": "Peking Duck", "name": "Peking Duck Restaurant"}], "verified": false, "allowMenuUrlEdit": true, "location": {"crossStreet": "Zhengyi Lu (northeast of Qianmen)", "labeledLatLngs": [{"lng": 116.3999859574298, "label": "display", "lat": 39.896875420521326}], "state": "\u5317\u4eac\u5e02", "lat": 39.896875420521326, "postalCode": "100000", "city": "\u5317\u4eac\u5e02", "formattedAddress": ["11 Beixiangfeng Hutong (Zhengyi Lu (northeast of Qianmen))", "\u5317\u4eac\u5e02", "\u5317\u4eac\u5e02, 100000"], "lng": 116.3999859574298, "address": "11 Beixiangfeng Hutong", "country": "\u4e2d\u56fd", "cc": "CN"}, "contact": {"formattedPhone": "010 6705 5578", "phone": "01067055578"}, "name": "\u5229\u7fa4\u70e4\u9e2d\u5e97 Liqun Roast Duck"}, "width": 720, "suffix": "/VHF1lmkEDv-Yh3cFgM190q-ttxmaRgcKRC8NxrQoURw.jpg"}, {"id": "4fcb4521e4b03cf73cefe006", "createdAt": 1338721569, "height": 540, "visibility": "public", "source": {"url": "https://foursquare.com/download/#/iphone", "name": "Foursquare for iOS"}, "prefix": "https://igx.4sqi.net/img/general/", "venue": {"id": "4b058792f964a520879a22e3", "like": false, "stats": {"checkinsCount": 437, "tipCount": 19, "usersCount": 385}, "beenHere": {"lastCheckinExpiredAt": 0}, "categories": [{"id": "52af3b463cf9994f4e043bfe", "primary": true, "icon": {"prefix": "https://ss3.4sqi.net/img/categories_v2/food/asian_", "suffix": ".png"}, "pluralName": "Peking Duck Restaurants", "shortName": "Peking Duck", "name": "Peking Duck Restaurant"}], "verified": false, "allowMenuUrlEdit": true, "location": {"crossStreet": "Zhengyi Lu (northeast of Qianmen)", "labeledLatLngs": [{"lng": 116.3999859574298, "label": "display", "lat": 39.896875420521326}], "state": "\u5317\u4eac\u5e02", "lat": 39.896875420521326, "postalCode": "100000", "city": "\u5317\u4eac\u5e02", "formattedAddress": ["11 Beixiangfeng Hutong (Zhengyi Lu (northeast of Qianmen))", "\u5317\u4eac\u5e02", "\u5317\u4eac\u5e02, 100000"], "lng": 116.3999859574298, "address": "11 Beixiangfeng Hutong", "country": "\u4e2d\u56fd", "cc": "CN"}, "contact": {"formattedPhone": "010 6705 5578", "phone": "01067055578"}, "name": "\u5229\u7fa4\u70e4\u9e2d\u5e97 Liqun Roast Duck"}, "width": 720, "suffix": "/_0Xs06PibIoPlCGGT6-BnK1QEdRB-0l0pDqwtRcF3sc.jpg"}, {"id": "4fcb4514e4b06ec8a37dda23", "createdAt": 1338721556, "height": 540, "visibility": "public", "source": {"url": "https://foursquare.com/download/#/iphone", "name": "Foursquare for iOS"}, "prefix": "https://igx.4sqi.net/img/general/", "venue": {"id": "4b058792f964a520879a22e3", "like": false, "stats": {"checkinsCount": 437, "tipCount": 19, "usersCount": 385}, "beenHere": {"lastCheckinExpiredAt": 0}, "categories": [{"id": "52af3b463cf9994f4e043bfe", "primary": true, "icon": {"prefix": "https://ss3.4sqi.net/img/categories_v2/food/asian_", "suffix": ".png"}, "pluralName": "Peking Duck Restaurants", "shortName": "Peking Duck", "name": "Peking Duck Restaurant"}], "verified": false, "allowMenuUrlEdit": true, "location": {"crossStreet": "Zhengyi Lu (northeast of Qianmen)", "labeledLatLngs": [{"lng": 116.3999859574298, "label": "display", "lat": 39.896875420521326}], "state": "\u5317\u4eac\u5e02", "lat": 39.896875420521326, "postalCode": "100000", "city": "\u5317\u4eac\u5e02", "formattedAddress": ["11 Beixiangfeng Hutong (Zhengyi Lu (northeast of Qianmen))", "\u5317\u4eac\u5e02", "\u5317\u4eac\u5e02, 100000"], "lng": 116.3999859574298, "address": "11 Beixiangfeng Hutong", "country": "\u4e2d\u56fd", "cc": "CN"}, "contact": {"formattedPhone": "010 6705 5578", "phone": "01067055578"}, "name": "\u5229\u7fa4\u70e4\u9e2d\u5e97 Liqun Roast Duck"}, "width": 720, "suffix": "/FuCUDfKRiNcMrjSSYeuAnA8-efCcnFIboS6tw08E2z0.jpg"}, {"id": "4f311a84e4b0acb1eb787a85", "createdAt": 1328618116, "height": 537, "visibility": "public", "source": {"url": "https://foursquare.com/download/#/iphone", "name": "Foursquare for iOS"}, "prefix": "https://igx.4sqi.net/img/general/", "venue": {"id": "4f3119f6e4b013bb06b2d080", "like": false, "stats": {"checkinsCount": 48, "tipCount": 0, "usersCount": 37}, "beenHere": {"lastCheckinExpiredAt": 0}, "categories": [{"id": "4bf58dd8d48988d111941735", "primary": true, "icon": {"prefix": "https://ss3.4sqi.net/img/categories_v2/food/japanese_", "suffix": ".png"}, "pluralName": "Japanese Restaurants", "shortName": "Japanese", "name": "Japanese Restaurant"}], "verified": false, "allowMenuUrlEdit": true, "location": {"address": "1 Nanson Road 02-02A, Gallery Hotel", "lat": 1.290002171677681, "postalCode": "238909", "country": "Singapore", "lng": 103.83871333282418, "labeledLatLngs": [{"lng": 103.83871333282418, "label": "display", "lat": 1.290002171677681}], "formattedAddress": ["1 Nanson Road 02-02A, Gallery Hotel", "238909", "Singapore"], "cc": "SG"}, "contact": {}, "name": "Nakasei sushi restaurant"}, "width": 720, "suffix": "/cnXb4Nxobf5sJZC5KfC5UFy32Vh6HIOXQXDnZIdR8e8.jpg"}, {"id": "4f26fe6ee4b0d10db2fe422d", "createdAt": 1327955566, "height": 720, "visibility": "public", "source": {"url": "https://foursquare.com/download/#/iphone", "name": "Foursquare for iOS"}, "prefix": "https://igx.4sqi.net/img/general/", "venue": {"id": "4b7b4c4cf964a520215d2fe3", "like": false, "stats": {"checkinsCount": 2913, "tipCount": 93, "usersCount": 2500}, "beenHere": {"lastCheckinExpiredAt": 0}, "categories": [{"id": "4bf58dd8d48988d1d2941735", "primary": true, "icon": {"prefix": "https://ss3.4sqi.net/img/categories_v2/food/sushi_", "suffix": ".png"}, "pluralName": "Sushi Restaurants", "shortName": "Sushi", "name": "Sushi Restaurant"}], "verified": false, "allowMenuUrlEdit": true, "location": {"crossStreet": "\u7bc9\u5730\u5378\u58f2\u5e02\u58346\u53f7\u9928", "labeledLatLngs": [{"lng": 139.7695443034172, "label": "display", "lat": 35.6635136736615}], "state": "\u6771\u4eac\u90fd", "lat": 35.6635136736615, "postalCode": "104-0045", "city": "\u6771\u4eac", "formattedAddress": ["\u7bc9\u57305-2-1 (\u7bc9\u5730\u5378\u58f2\u5e02\u58346\u53f7\u9928)", "\u4e2d\u592e\u533a, \u6771\u4eac\u90fd", "104-0045", "\u65e5\u672c"], "lng": 139.7695443034172, "address": "\u7bc9\u57305-2-1", "country": "\u65e5\u672c", "cc": "JP"}, "contact": {"formattedPhone": "+81 3-3547-6797", "phone": "+81335476797"}, "name": "Sushi Dai (\u5bff\u53f8\u5927)"}, "width": 537, "suffix": "/C2EEWXVJVM1XIJBSU3WS2HOFNSPMW11O2HDQSN14PSQZ432A.jpg"}, {"id": "4f0108fb02d580f8f100529d", "createdAt": 1325467899, "height": 537, "visibility": "public", "source": {"url": "https://foursquare.com/download/#/iphone", "name": "Foursquare for iOS"}, "prefix": "https://igx.4sqi.net/img/general/", "venue": {"id": "4bd899842ecdce723edad0f2", "like": false, "stats": {"checkinsCount": 50, "tipCount": 4, "usersCount": 35}, "beenHere": {"lastCheckinExpiredAt": 0}, "categories": [{"id": "4bf58dd8d48988d1e9941735", "primary": true, "icon": {"prefix": "https://ss3.4sqi.net/img/categories_v2/parks_outdoors/ski_snowboard_", "suffix": ".png"}, "pluralName": "Ski Areas", "shortName": "Ski Area", "name": "Ski Area"}], "verified": false, "location": {"address": "YABULI SKI RESORT HEILONGJIANGSHANG ZHI CN 150631", "state": "\u9ed1\u9f99\u6c5f", "lat": 44.7794751442589, "city": "\u4e9a\u5e03\u529b", "formattedAddress": ["YABULI SKI RESORT HEILONGJIANGSHANG ZHI CN 150631", "\u4e9a\u5e03\u529b", "\u9ed1\u9f99\u6c5f"], "lng": 128.44576959874067, "labeledLatLngs": [{"lng": 128.44576959874067, "label": "display", "lat": 44.7794751442589}], "country": "\u4e2d\u56fd", "cc": "CN"}, "contact": {}, "name": "Sun Mountain Resort Yabuli"}, "width": 720, "suffix": "/CGZDE5JIRFW4DLOKQ2PUWRRJKZPRKU3QAYHNRAONGAP4PJRV.jpg"}, {"id": "4ef2c23a722eb49f530ec77b", "createdAt": 1324532282, "height": 720, "visibility": "public", "source": {"url": "https://foursquare.com/download/#/iphone", "name": "Foursquare for iOS"}, "prefix": "https://igx.4sqi.net/img/general/", "venue": {"id": "4daa6677a86e771ea7240197", "like": false, "stats": {"checkinsCount": 111, "tipCount": 2, "usersCount": 99}, "beenHere": {"lastCheckinExpiredAt": 0}, "categories": [{"id": "4bf58dd8d48988d1c7941735", "primary": true, "icon": {"prefix": "https://ss3.4sqi.net/img/categories_v2/food/snacks_", "suffix": ".png"}, "pluralName": "Snack Places", "shortName": "Snacks", "name": "Snack Place"}], "verified": false, "allowMenuUrlEdit": true, "location": {"crossStreet": "\u5317\u4eac\u5e02\u897f\u57ce\u533a\u5fb7\u5185\u5927\u8857\u5b5d\u53cb\u80e1\u540c1\u53f7", "labeledLatLngs": [{"lng": 116.37583439750527, "label": "display", "lat": 39.9446988023861}], "state": "\u5317\u4eac\u5e02", "lat": 39.9446988023861, "city": "\u5317\u4eac\u5e02", "formattedAddress": ["\u5317\u4eac\u5e02\u897f\u57ce\u5340\u5b5d\u53cb\u80e1\u540c1\u865f (\u5317\u4eac\u5e02\u897f\u57ce\u533a\u5fb7\u5185\u5927\u8857\u5b5d\u53cb\u80e1\u540c1\u53f7)", "\u5317\u4eac\u5e02", "\u5317\u4eac\u5e02"], "lng": 116.37583439750527, "address": "\u5317\u4eac\u5e02\u897f\u57ce\u5340\u5b5d\u53cb\u80e1\u540c1\u865f", "country": "\u4e2d\u56fd", "cc": "CN"}, "contact": {}, "name": "\u4e5d\u9580\u5c0f\u5403"}, "width": 537, "suffix": "/EJ0SZVQKCKHJQXPJNB2R3VB3U3EKTOMQEHQ5F5NY500AEIH2.jpg"}, {"id": "4ef2c22cd3e3e38058b4a7b4", "createdAt": 1324532268, "height": 720, "visibility": "public", "source": {"url": "https://foursquare.com/download/#/iphone", "name": "Foursquare for iOS"}, "prefix": "https://igx.4sqi.net/img/general/", "venue": {"id": "4daa6677a86e771ea7240197", "like": false, "stats": {"checkinsCount": 111, "tipCount": 2, "usersCount": 99}, "beenHere": {"lastCheckinExpiredAt": 0}, "categories": [{"id": "4bf58dd8d48988d1c7941735", "primary": true, "icon": {"prefix": "https://ss3.4sqi.net/img/categories_v2/food/snacks_", "suffix": ".png"}, "pluralName": "Snack Places", "shortName": "Snacks", "name": "Snack Place"}], "verified": false, "allowMenuUrlEdit": true, "location": {"crossStreet": "\u5317\u4eac\u5e02\u897f\u57ce\u533a\u5fb7\u5185\u5927\u8857\u5b5d\u53cb\u80e1\u540c1\u53f7", "labeledLatLngs": [{"lng": 116.37583439750527, "label": "display", "lat": 39.9446988023861}], "state": "\u5317\u4eac\u5e02", "lat": 39.9446988023861, "city": "\u5317\u4eac\u5e02", "formattedAddress": ["\u5317\u4eac\u5e02\u897f\u57ce\u5340\u5b5d\u53cb\u80e1\u540c1\u865f (\u5317\u4eac\u5e02\u897f\u57ce\u533a\u5fb7\u5185\u5927\u8857\u5b5d\u53cb\u80e1\u540c1\u53f7)", "\u5317\u4eac\u5e02", "\u5317\u4eac\u5e02"], "lng": 116.37583439750527, "address": "\u5317\u4eac\u5e02\u897f\u57ce\u5340\u5b5d\u53cb\u80e1\u540c1\u865f", "country": "\u4e2d\u56fd", "cc": "CN"}, "contact": {}, "name": "\u4e5d\u9580\u5c0f\u5403"}, "width": 537, "suffix": "/EJ0SZVQKCKHJQXPJNB2R3VB3U3EKTOMQEHQ5F5NY500AEIH2.jpg"}, {"id": "4eedb98ce300215593d39b93", "createdAt": 1324202380, "height": 537, "visibility": "public", "source": {"url": "https://foursquare.com/download/#/iphone", "name": "Foursquare for iOS"}, "prefix": "https://igx.4sqi.net/img/general/", "venue": {"id": "4bee8b533686c9b6dd9a246e", "like": false, "stats": {"checkinsCount": 64, "tipCount": 1, "usersCount": 61}, "beenHere": {"lastCheckinExpiredAt": 0}, "categories": [{"id": "4bf58dd8d48988d142941735", "primary": true, "icon": {"prefix": "https://ss3.4sqi.net/img/categories_v2/food/asian_", "suffix": ".png"}, "pluralName": "Asian Restaurants", "shortName": "Asian", "name": "Asian Restaurant"}], "verified": false, "allowMenuUrlEdit": true, "location": {"address": "95 Donghuamen Ave", "state": "\u5317\u4eac\u5e02", "lat": 39.91393442400611, "city": "\u5317\u4eac\u5e02", "formattedAddress": ["95 Donghuamen Ave", "\u5317\u4eac\u5e02", "\u5317\u4eac\u5e02"], "lng": 116.39616452571072, "labeledLatLngs": [{"lng": 116.39616452571072, "label": "display", "lat": 39.91393442400611}], "country": "\u4e2d\u56fd", "cc": "CN"}, "contact": {}, "name": "The Courtyard Restaurant"}, "width": 720, "suffix": "/0YHSWLK1FUHWGBPR4T0HE3ZSBYXXPLGG15OAZVPVGMN1YOHY.jpg"}, {"id": "4ec092e761af06192b9cdd51", "createdAt": 1321243367, "height": 537, "visibility": "public", "source": {"url": "https://foursquare.com/download/#/iphone", "name": "Foursquare for iOS"}, "prefix": "https://igx.4sqi.net/img/general/", "venue": {"id": "4c6d1e59a437224b0e0f2cb1", "like": false, "stats": {"checkinsCount": 51, "tipCount": 0, "usersCount": 42}, "beenHere": {"lastCheckinExpiredAt": 0}, "categories": [], "verified": false, "location": {"country": "\u4e2d\u56fd", "lng": 121.4181427127272, "labeledLatLngs": [{"lng": 121.4181427127272, "label": "display", "lat": 30.019627334669597}], "cc": "CN", "lat": 30.019627334669597}, "contact": {}, "name": "\u6148\u57ce\u670d\u52a1\u533a"}, "width": 720, "suffix": "/HIQ1VSQW04FPH2WJVLUVCW1XQQQJCDKFMIE0CEVO5VP1Q0OO.jpg"}, {"id": "4ec092c9d3e3700a5be2e343", "createdAt": 1321243337, "height": 537, "visibility": "public", "source": {"url": "https://foursquare.com/download/#/iphone", "name": "Foursquare for iOS"}, "prefix": "https://igx.4sqi.net/img/general/", "venue": {"id": "4c6d1e59a437224b0e0f2cb1", "like": false, "stats": {"checkinsCount": 51, "tipCount": 0, "usersCount": 42}, "beenHere": {"lastCheckinExpiredAt": 0}, "categories": [], "verified": false, "location": {"country": "\u4e2d\u56fd", "lng": 121.4181427127272, "labeledLatLngs": [{"lng": 121.4181427127272, "label": "display", "lat": 30.019627334669597}], "cc": "CN", "lat": 30.019627334669597}, "contact": {}, "name": "\u6148\u57ce\u670d\u52a1\u533a"}, "width": 720, "suffix": "/A5YVY0LVTMSJCUBFV54MJWE5CYKF5GM4GGMOIG2PE33VRNMX.jpg"}, {"id": "4ebe41f10aaf6450b9f8edac", "createdAt": 1321091569, "height": 720, "visibility": "public", "source": {"url": "https://foursquare.com/download/#/iphone", "name": "Foursquare for iOS"}, "prefix": "https://igx.4sqi.net/img/general/", "venue": {"id": "4e898a26f5b95970d4a28b2f", "like": false, "stats": {"checkinsCount": 1315, "tipCount": 19, "usersCount": 541}, "beenHere": {"lastCheckinExpiredAt": 0}, "categories": [{"id": "4bf58dd8d48988d1fd941735", "primary": true, "icon": {"prefix": "https://ss3.4sqi.net/img/categories_v2/shops/mall_", "suffix": ".png"}, "pluralName": "Shopping Malls", "shortName": "Mall", "name": "Shopping Mall"}], "verified": false, "location": {"crossStreet": "\u695a\u6c49\u8def", "labeledLatLngs": [{"lng": 114.33633974174751, "label": "display", "lat": 30.557285840618206}], "state": "\u6e56\u5317", "lat": 30.557285840618206, "city": "\u6b66\u6c49", "formattedAddress": ["\u6e56\u5317\u7701\u6b66\u6c49\u5e02\u6b66\u660c\u533a (\u695a\u6c49\u8def)", "\u6b66\u6c49", "\u6e56\u5317"], "lng": 114.33633974174751, "address": "\u6e56\u5317\u7701\u6b66\u6c49\u5e02\u6b66\u660c\u533a", "country": "\u4e2d\u56fd", "cc": "CN"}, "contact": {}, "name": "\u695a\u6cb3\u6c49\u8857 - \u6b66\u6c49\u4e2d\u592e\u6587\u5316\u533a"}, "width": 537, "suffix": "/GNZHRJFRRHSANCFSWLDZBLJGZLZRTJ2JJV4TKXVGG5RMSPOW.jpg"}, {"id": "4e8efe67cc21c15fa2e5edcb", "createdAt": 1317994087, "height": 537, "visibility": "public", "source": {"url": "https://foursquare.com/download/#/iphone", "name": "Foursquare for iOS"}, "prefix": "https://igx.4sqi.net/img/general/", "venue": {"id": "4bd69046cfa7b71349cd27da", "closed": true, "stats": {"checkinsCount": 1263, "tipCount": 23, "usersCount": 768}, "like": false, "beenHere": {"lastCheckinExpiredAt": 0}, "categories": [{"id": "4bf58dd8d48988d111941735", "primary": true, "icon": {"prefix": "https://ss3.4sqi.net/img/categories_v2/food/japanese_", "suffix": ".png"}, "pluralName": "Japanese Restaurants", "shortName": "Japanese", "name": "Japanese Restaurant"}], "verified": false, "allowMenuUrlEdit": true, "location": {"state": "\u4e2d\u897f\u5340", "lat": 22.284707621408398, "city": "\u4e2d\u74b0", "formattedAddress": ["Shop 3013, 3/F, IFC Mall, 1 Harbour View St", "\u4e2d\u897f\u5340", "\u9999\u6e2f"], "lng": 114.15839484973402, "address": "Shop 3013, 3/F, IFC Mall, 1 Harbour View St", "country": "\u9999\u6e2f", "cc": "HK"}, "contact": {"formattedPhone": "+852 2295 1112", "phone": "+85222951112"}, "name": "Tonkatsu Ginza Bairin \u9280\u5ea7\u6885\u6797"}, "width": 720, "suffix": "/PCOHIJDQMYKJN0AHL2CHMISVKXGV4UE3UPF5FTNWEXNPQC3R.jpg"}, {"id": "4e61e4f9fa76cd64cdff16f7", "createdAt": 1315038457, "height": 720, "visibility": "public", "source": {"url": "https://foursquare.com/download/#/iphone", "name": "Foursquare for iOS"}, "prefix": "https://igx.4sqi.net/img/general/", "venue": {"id": "4cc7b8b83477b60c6abb776a", "like": false, "stats": {"checkinsCount": 99, "tipCount": 2, "usersCount": 83}, "beenHere": {"lastCheckinExpiredAt": 0}, "categories": [{"id": "50be8ee891d4fa8dcc7199a7", "primary": true, "icon": {"prefix": "https://ss3.4sqi.net/img/categories_v2/shops/market_", "suffix": ".png"}, "pluralName": "Markets", "shortName": "Market", "name": "Market"}], "verified": false, "allowMenuUrlEdit": true, "location": {"address": "\u65b0\u534e\u8def266\u53f7", "state": "\u6d59\u6c5f", "lat": 30.268477829769907, "city": "\u676d\u5dde\u5e02", "formattedAddress": ["\u65b0\u534e\u8def266\u53f7", "\u676d\u5dde\u5e02", "\u6d59\u6c5f"], "lng": 120.16859648813336, "labeledLatLngs": [{"lng": 120.16859648813336, "label": "display", "lat": 30.268477829769907}], "country": "\u4e2d\u56fd", "cc": "CN"}, "contact": {"formattedPhone": "0571 8510 0192", "phone": "057185100192"}, "name": "\u676d\u5dde\u4e2d\u56fd\u4e1d\u7ef8\u57ce Hangzhou China Silk Town"}, "width": 537, "suffix": "/DUKFSTJSLQTKV03ZXSKHZDJLW1TGYNMZUIQBDOPWE3IXGCXJ.jpg"}, {"id": "4e61e4e4d22d509a3961d713", "createdAt": 1315038436, "height": 720, "visibility": "public", "source": {"url": "https://foursquare.com/download/#/iphone", "name": "Foursquare for iOS"}, "prefix": "https://igx.4sqi.net/img/general/", "venue": {"id": "4cc7b8b83477b60c6abb776a", "like": false, "stats": {"checkinsCount": 99, "tipCount": 2, "usersCount": 83}, "beenHere": {"lastCheckinExpiredAt": 0}, "categories": [{"id": "50be8ee891d4fa8dcc7199a7", "primary": true, "icon": {"prefix": "https://ss3.4sqi.net/img/categories_v2/shops/market_", "suffix": ".png"}, "pluralName": "Markets", "shortName": "Market", "name": "Market"}], "verified": false, "allowMenuUrlEdit": true, "location": {"address": "\u65b0\u534e\u8def266\u53f7", "state": "\u6d59\u6c5f", "lat": 30.268477829769907, "city": "\u676d\u5dde\u5e02", "formattedAddress": ["\u65b0\u534e\u8def266\u53f7", "\u676d\u5dde\u5e02", "\u6d59\u6c5f"], "lng": 120.16859648813336, "labeledLatLngs": [{"lng": 120.16859648813336, "label": "display", "lat": 30.268477829769907}], "country": "\u4e2d\u56fd", "cc": "CN"}, "contact": {"formattedPhone": "0571 8510 0192", "phone": "057185100192"}, "name": "\u676d\u5dde\u4e2d\u56fd\u4e1d\u7ef8\u57ce Hangzhou China Silk Town"}, "width": 537, "suffix": "/DMEG0ED4KVVK5DUBK2NI2FMSHY1YVMY2MGNEB2W1LZDAHPFS.jpg"}], "count": 44}, "totalCount": 44}, "meta": {"code": 200, "requestId": "595a81141ed21919fb13329b"}, "notifications": [{"item": {"unreadCount": 0}, "type": "notificationTray"}]}