{"meta": {"code": 200, "requestId": "595ad8e34434b96bcae4bed7"}, "notifications": [{"item": {"unreadCount": 0}, "type": "notificationTray"}], "response": {"photos": {"items": [{"height": 960, "source": {"url": "https://www.swarmapp.com", "name": "Swarm for Android"}, "width": 540, "prefix": "https://igx.4sqi.net/img/general/", "createdAt": 1435465468, "id": "558f76fc498ec05ffadbc2fa", "venue": {"like": false, "location": {"formattedAddress": ["#01-50, Kitchener Complex (809 French Road)", "200809", "Singapore"], "lng": 103.86239617008687, "cc": "SG", "country": "Singapore", "crossStreet": "809 French Road", "lat": 1.308775398511181, "address": "#01-50, Kitchener Complex", "labeledLatLngs": [{"label": "display", "lat": 1.308775398511181, "lng": 103.86239617008687}], "postalCode": "200809"}, "categories": [{"icon": {"prefix": "https://ss3.4sqi.net/img/categories_v2/food/coffeeshop_", "suffix": ".png"}, "name": "Coffee Shop", "id": "4bf58dd8d48988d1e0931735", "pluralName": "Coffee Shops", "primary": true, "shortName": "Coffee Shop"}], "verified": false, "contact": {"facebookName": "Oberstrasse", "facebookUsername": "oberstrasse", "facebook": "878372942196286"}, "allowMenuUrlEdit": true, "stats": {"tipCount": 13, "usersCount": 194, "checkinsCount": 338}, "id": "54dc656f498e085d40a1c141", "name": "Oberstrasse", "beenHere": {"lastCheckinExpiredAt": 0}}, "suffix": "/11064959_OiM2CTRHhPn7Cd2SL6jKhQ1ztgKyXlUjgrQTm4zo6ok.jpg", "visibility": "public"}, {"height": 540, "source": {"url": "https://www.swarmapp.com", "name": "Swarm for Android"}, "width": 960, "prefix": "https://igx.4sqi.net/img/general/", "createdAt": 1422525633, "id": "54ca04c1498e42bb8981ebfd", "venue": {"location": {"formattedAddress": ["No.271 Wenyang Road Chengyang", "\u9752\u5c9b\u5e02", "\u5c71\u4e1c, 266109"], "city": "\u9752\u5c9b\u5e02", "lng": 120.3992319583358, "cc": "CN", "state": "\u5c71\u4e1c", "lat": 36.29552185193944, "address": "No.271 Wenyang Road Chengyang", "labeledLatLngs": [{"label": "display", "lat": 36.29552185193944, "lng": 120.3992319583358}], "postalCode": "266109", "country": "\u4e2d\u56fd"}, "contact": {"twitter": "spg", "facebookName": "Starwood Preferred Guest\u00ae (SPG)", "formattedPhone": "0532 6696 8888", "phone": "053266968888", "facebookUsername": "SPG", "facebook": "8038492631"}, "verified": true, "allowMenuUrlEdit": true, "stats": {"tipCount": 11, "usersCount": 227, "checkinsCount": 485}, "id": "4d9dcfd7c4b53704b8cb1e2e", "storeId": "3376", "url": "http://www.starwoodhotels.com/fourpoints/property/overview/index.html?propertyID=3376", "like": false, "categories": [{"icon": {"prefix": "https://ss3.4sqi.net/img/categories_v2/travel/hotel_", "suffix": ".png"}, "name": "Hotel", "id": "4bf58dd8d48988d1fa931735", "pluralName": "Hotels", "primary": true, "shortName": "Hotel"}], "beenHere": {"lastCheckinExpiredAt": 0}, "name": "Four Points by Sheraton Qingdao, Chengyang"}, "suffix": "/11064959_toFP3S4CD8DHjyd79ZtZoDe-vJBi8_7ErqO6Hd4KL_M.jpg", "visibility": "public"}, {"height": 960, "source": {"url": "https://www.swarmapp.com", "name": "Swarm for Android"}, "width": 712, "prefix": "https://igx.4sqi.net/img/general/", "createdAt": 1414361521, "id": "544d71b1498e08f403248b18", "venue": {"like": false, "location": {"city": "\u4e0a\u6d77\u5e02", "lng": 121.31631600312608, "cc": "CN", "state": "\u4e0a\u6d77\u5e02", "lat": 31.195307524978812, "address": "\u8679\u6865\u706b\u8f66\u7ad9", "formattedAddress": ["\u8679\u6865\u706b\u8f66\u7ad9", "\u4e0a\u6d77\u5e02", "\u4e0a\u6d77\u5e02"], "country": "\u4e2d\u56fd"}, "categories": [{"icon": {"prefix": "https://ss3.4sqi.net/img/categories_v2/travel/trainstation_", "suffix": ".png"}, "name": "Train Station", "id": "4bf58dd8d48988d129951735", "pluralName": "Train Stations", "primary": true, "shortName": "Train Station"}], "verified": false, "contact": {"formattedPhone": "021 9510 5105", "phone": "02195105105"}, "beenHere": {"lastCheckinExpiredAt": 0}, "stats": {"tipCount": 194, "usersCount": 12121, "checkinsCount": 41795}, "id": "4c61e84bedb29c74ad3922a7", "name": "Shanghai Hongqiao Railway Station (\u4e0a\u6d77\u8679\u6865\u7ad9)"}, "suffix": "/11064959_fxJ1rmnM_WKl8k0dH_Qte4sR2Z_hOUXzsgyXpJV3KTg.jpg", "visibility": "public"}, {"height": 960, "source": {"url": "https://www.swarmapp.com", "name": "Swarm for Android"}, "width": 712, "prefix": "https://igx.4sqi.net/img/general/", "createdAt": 1413625229, "id": "5442358d498eaaca8b4b1844", "venue": {"url": "http://www.parisaeroport.fr", "like": false, "location": {"formattedAddress": ["Route de la Commune", "95700 Roissy-en-France", "France"], "city": "Roissy-en-France", "lng": 2.5702929199346776, "cc": "FR", "state": "\u00cele-de-France", "lat": 49.004685160970574, "address": "Route de la Commune", "labeledLatLngs": [{"label": "display", "lat": 49.004685160970574, "lng": 2.5702929199346776}], "postalCode": "95700", "country": "France"}, "categories": [{"icon": {"prefix": "https://ss3.4sqi.net/img/categories_v2/travel/airport_", "suffix": ".png"}, "name": "Airport", "id": "4bf58dd8d48988d1ed931735", "pluralName": "Airports", "primary": true, "shortName": "Airport"}], "verified": true, "contact": {"twitter": "parisaeroport", "facebookName": "Paris A\u00e9roport", "formattedPhone": "+33 1 48 62 22 80", "phone": "+33148622280", "facebookUsername": "parisaeroport", "facebook": "289966983831"}, "beenHere": {"lastCheckinExpiredAt": 0}, "stats": {"tipCount": 2144, "usersCount": 285961, "checkinsCount": 623713}, "id": "4ab474c6f964a520387120e3", "name": "Paris Charles de Gaulle Airport (CDG) (A\u00e9roport Paris-Charles de Gaulle)"}, "suffix": "/11064959_VCL656cZjTiB3f08xasw1Z43-0xW6d7SGQwU_ZwwkKY.jpg", "visibility": "public"}, {"height": 960, "source": {"url": "https://www.swarmapp.com", "name": "Swarm for Android"}, "width": 540, "prefix": "https://igx.4sqi.net/img/general/", "createdAt": 1413112769, "id": "543a63c1498e5c4dfb5adc17", "venue": {"like": false, "location": {"formattedAddress": ["29 rue de Bonnel", "69003 Lyon", "France"], "city": "Lyon", "lng": 4.846170387581158, "cc": "FR", "state": "Rh\u00f4ne-Alpes", "lat": 45.76183885591228, "address": "29 rue de Bonnel", "labeledLatLngs": [{"label": "display", "lat": 45.76183885591228, "lng": 4.846170387581158}], "postalCode": "69003", "country": "France"}, "categories": [{"icon": {"prefix": "https://ss3.4sqi.net/img/categories_v2/travel/hotel_", "suffix": ".png"}, "name": "Hotel", "id": "4bf58dd8d48988d1fa931735", "pluralName": "Hotels", "primary": true, "shortName": "Hotel"}], "verified": false, "contact": {"formattedPhone": "+33 4 72 61 90 90", "phone": "+33472619090"}, "allowMenuUrlEdit": true, "stats": {"tipCount": 12, "usersCount": 495, "checkinsCount": 808}, "id": "4be6e2352457a593323cad15", "name": "Mercure Lyon Centre Saxe Lafayette", "beenHere": {"lastCheckinExpiredAt": 0}}, "suffix": "/11064959_3AGGStCuPxvsraXTsmkqPxmCACl9iKGecv7uiWuljMo.jpg", "visibility": "public"}, {"height": 960, "source": {"url": "https://www.swarmapp.com", "name": "Swarm for Android"}, "width": 712, "prefix": "https://igx.4sqi.net/img/general/", "createdAt": 1411715853, "id": "5425130d498ebafb77de2493", "venue": {"like": false, "location": {"formattedAddress": ["\u6d59\u897f\u5927\u9053", "\u8862\u5dde\u5e02", "\u6d59\u6c5f, 324002"], "city": "Quzhou", "lng": 118.87635737817203, "cc": "CN", "state": "\u6d59\u6c5f", "lat": 28.926541923502434, "address": "\u6d59\u897f\u5927\u9053", "labeledLatLngs": [{"label": "display", "lat": 28.926541923502434, "lng": 118.87635737817203}], "postalCode": "324002", "country": "\u4e2d\u56fd"}, "categories": [{"icon": {"prefix": "https://ss3.4sqi.net/img/categories_v2/travel/trainstation_", "suffix": ".png"}, "name": "Train Station", "id": "4bf58dd8d48988d129951735", "pluralName": "Train Stations", "primary": true, "shortName": "Train Station"}], "verified": false, "contact": {"formattedPhone": "0570 302 4828", "phone": "05703024828"}, "beenHere": {"lastCheckinExpiredAt": 0}, "stats": {"tipCount": 1, "usersCount": 167, "checkinsCount": 232}, "id": "4ca9b03db7106dcb78847ea5", "name": "\u8862\u5dde\u7ad9 Quzhou Railway Station"}, "suffix": "/11064959_ac9_sfTl9PhbG9nBmuJOtYDd3YGyFfxasfvObBfSjbg.jpg", "visibility": "public"}, {"height": 960, "source": {"url": "https://www.swarmapp.com", "name": "Swarm for Android"}, "width": 712, "prefix": "https://igx.4sqi.net/img/general/", "createdAt": 1411691814, "id": "5424b52611d220413fddbf57", "venue": {"like": false, "location": {"lng": 118.86804610927346, "cc": "CN", "country": "\u4e2d\u56fd", "lat": 28.94384571384174, "address": "\u4e09\u8862\u8def108\u53f7", "labeledLatLngs": [{"label": "display", "lat": 28.94384571384174, "lng": 118.86804610927346}], "formattedAddress": ["\u4e09\u8862\u8def108\u53f7"]}, "categories": [{"icon": {"prefix": "https://ss3.4sqi.net/img/categories_v2/travel/hotel_", "suffix": ".png"}, "name": "Hotel", "id": "4bf58dd8d48988d1fa931735", "pluralName": "Hotels", "primary": true, "shortName": "Hotel"}], "verified": false, "contact": {}, "allowMenuUrlEdit": true, "stats": {"tipCount": 0, "usersCount": 2, "checkinsCount": 3}, "id": "530382d9498ec776d276f0b3", "name": "\u8862\u5dde\u94ed\u8c6a\u5927\u9152\u5e97", "beenHere": {"lastCheckinExpiredAt": 0}}, "suffix": "/11064959_oP3dHnT9mDGtfLoG0ZPPcMoqBaV3_dLgfq05UhCBrZw.jpg", "visibility": "public"}, {"height": 540, "source": {"url": "https://www.swarmapp.com", "name": "Swarm for Android"}, "width": 960, "prefix": "https://igx.4sqi.net/img/general/", "createdAt": 1411426052, "id": "5420a70411d2724c5d6f0084", "venue": {"like": false, "location": {"city": "\u4e0a\u6d77\u5e02", "lng": 121.31631600312608, "cc": "CN", "state": "\u4e0a\u6d77\u5e02", "lat": 31.195307524978812, "address": "\u8679\u6865\u706b\u8f66\u7ad9", "formattedAddress": ["\u8679\u6865\u706b\u8f66\u7ad9", "\u4e0a\u6d77\u5e02", "\u4e0a\u6d77\u5e02"], "country": "\u4e2d\u56fd"}, "categories": [{"icon": {"prefix": "https://ss3.4sqi.net/img/categories_v2/travel/trainstation_", "suffix": ".png"}, "name": "Train Station", "id": "4bf58dd8d48988d129951735", "pluralName": "Train Stations", "primary": true, "shortName": "Train Station"}], "verified": false, "contact": {"formattedPhone": "021 9510 5105", "phone": "02195105105"}, "beenHere": {"lastCheckinExpiredAt": 0}, "stats": {"tipCount": 194, "usersCount": 12121, "checkinsCount": 41795}, "id": "4c61e84bedb29c74ad3922a7", "name": "Shanghai Hongqiao Railway Station (\u4e0a\u6d77\u8679\u6865\u7ad9)"}, "suffix": "/11064959_pwYtJk2PbgiGFNLdiczGeuUvqxZGulza_CDUdwLKNjg.jpg", "visibility": "public"}, {"height": 720, "source": {"url": "https://foursquare.com/download/#/android", "name": "Foursquare for Android"}, "width": 960, "prefix": "https://igx.4sqi.net/img/general/", "createdAt": 1403778028, "id": "53abf3ec498e3a5aaca25ee1", "venue": {"like": false, "location": {"country": "\u4e2d\u56fd", "lat": 28.940702438354492, "lng": 118.88019561767578, "labeledLatLngs": [{"label": "display", "lat": 28.940702438354492, "lng": 118.88019561767578}], "cc": "CN"}, "categories": [{"icon": {"prefix": "https://ss3.4sqi.net/img/categories_v2/travel/hotel_", "suffix": ".png"}, "name": "Hotel", "id": "4bf58dd8d48988d1fa931735", "pluralName": "Hotels", "primary": true, "shortName": "Hotel"}], "verified": false, "contact": {}, "allowMenuUrlEdit": true, "stats": {"tipCount": 0, "usersCount": 4, "checkinsCount": 4}, "id": "53abf38f498eefd89b6d6715", "name": "\u8862\u5dde\u535a\u60a6\u5927\u9152\u5e97", "beenHere": {"lastCheckinExpiredAt": 0}}, "suffix": "/11064959_BlBEFQ2iX-nwh1vR23SG_UkKMxzUFAyX-OruUsORG_w.jpg", "visibility": "public"}, {"height": 720, "source": {"url": "https://foursquare.com/download/#/android", "name": "Foursquare for Android"}, "width": 960, "prefix": "https://igx.4sqi.net/img/general/", "createdAt": 1403098143, "id": "53a1941f498e80fff1891d1e", "venue": {"url": "http://www.kfcindonesia.com", "like": false, "location": {"formattedAddress": ["Jalan Sukawangi No. 1 (Setiabudi)", "Bandung", "Jawa Barat 40153", "Indonesia"], "city": "Bandung", "lng": 107.5977912711384, "cc": "ID", "state": "Jawa Barat", "crossStreet": "Setiabudi", "lat": -6.878390432771173, "address": "Jalan Sukawangi No. 1", "labeledLatLngs": [{"label": "display", "lat": -6.878390432771173, "lng": 107.5977912711384}], "postalCode": "40153", "country": "Indonesia"}, "categories": [{"icon": {"prefix": "https://ss3.4sqi.net/img/categories_v2/food/friedchicken_", "suffix": ".png"}, "name": "Fried Chicken Joint", "id": "4d4ae6fc7a7b7dea34424761", "pluralName": "Fried Chicken Joints", "primary": true, "shortName": "Fried Chicken"}], "verified": false, "contact": {"formattedPhone": "+62 22 2039622", "twitter": "kfcindonesia", "phone": "+62222039622"}, "allowMenuUrlEdit": true, "stats": {"tipCount": 43, "usersCount": 3995, "checkinsCount": 6454}, "id": "4dedfb4018385379de507288", "name": "KFC / KFC Coffee", "beenHere": {"lastCheckinExpiredAt": 0}}, "suffix": "/11064959_JE__3Noyxlnc-T1SibGdnSfgSdgOrkiRNa2ESuf9zYo.jpg", "visibility": "public"}, {"height": 960, "source": {"url": "https://foursquare.com/download/#/android", "name": "Foursquare for Android"}, "width": 720, "prefix": "https://igx.4sqi.net/img/general/", "createdAt": 1400886548, "id": "537fd514498e0b93d7add3be", "venue": {"like": false, "location": {"city": "\u6d66\u4e1c", "lng": 121.80559930035825, "cc": "CN", "state": "\u4e0a\u6d77\u5e02", "lat": 31.153976301608633, "address": "2nd Fl., Shanghai Pudong Int'l Airport T2 Gate 71", "labeledLatLngs": [{"label": "display", "lat": 31.153976301608633, "lng": 121.80559930035825}], "formattedAddress": ["2nd Fl., Shanghai Pudong Int'l Airport T2 Gate 71", "\u6d66\u4e1c", "\u4e0a\u6d77\u5e02"], "country": "\u4e2d\u56fd"}, "categories": [{"icon": {"prefix": "https://ss3.4sqi.net/img/categories_v2/nightlife/default_", "suffix": ".png"}, "name": "Airport Lounge", "id": "4eb1bc533b7b2c5b1d4306cb", "pluralName": "Airport Lounges", "primary": true, "shortName": "Lounge"}], "verified": false, "contact": {}, "allowMenuUrlEdit": true, "stats": {"tipCount": 44, "usersCount": 2214, "checkinsCount": 3561}, "id": "5354af96498eaec5959cd74e", "name": "Air China First Class Lounge", "beenHere": {"lastCheckinExpiredAt": 0}}, "suffix": "/11064959_Ea0hIZauaF46ZZrbtD1oMJgKIIFI84Y3zrJM83ltZQs.jpg", "visibility": "public"}, {"height": 720, "source": {"url": "https://foursquare.com/download/#/android", "name": "Foursquare for Android"}, "width": 960, "prefix": "https://igx.4sqi.net/img/general/", "createdAt": 1400674359, "id": "537c9837498e0b2e6130f3d6", "venue": {"like": false, "location": {"city": "Quzhou", "lng": 118.86542350238528, "cc": "CN", "state": "\u6d59\u6c5f", "lat": 28.9416829114417, "address": "\u4e09\u8862\u8def127\u53f7", "labeledLatLngs": [{"label": "display", "lat": 28.9416829114417, "lng": 118.86542350238528}], "formattedAddress": ["\u4e09\u8862\u8def127\u53f7", "\u8862\u5dde\u5e02", "\u6d59\u6c5f"], "country": "\u4e2d\u56fd"}, "categories": [{"icon": {"prefix": "https://ss3.4sqi.net/img/categories_v2/travel/hotel_", "suffix": ".png"}, "name": "Hotel", "id": "4bf58dd8d48988d1fa931735", "pluralName": "Hotels", "primary": true, "shortName": "Hotel"}], "verified": false, "contact": {"formattedPhone": "0570 888 9888", "phone": "05708889888"}, "allowMenuUrlEdit": true, "stats": {"tipCount": 0, "usersCount": 31, "checkinsCount": 62}, "id": "4bdc15e43904a593e7cc4c9e", "name": "Quzhou Int'l Hotel \u8862\u5dde\u56fd\u9645\u5927\u9152\u5e97", "beenHere": {"lastCheckinExpiredAt": 0}}, "suffix": "/11064959_kfG1UqxhOzi_pB_ngIsOioQX7Q474wYLH3AHmiRzyx8.jpg", "visibility": "public"}, {"height": 960, "source": {"url": "https://foursquare.com/download/#/android", "name": "Foursquare for Android"}, "width": 720, "prefix": "https://igx.4sqi.net/img/general/", "createdAt": 1397225907, "id": "5347f9b3498efc3dddf5f1c2", "venue": {"location": {"formattedAddress": ["High Street Phoenix Mill Compound (Lower Parel)", "Mumbai 400013", "Mah\u0101r\u0101shtra", "India"], "city": "Mumbai", "lng": 72.82354988159238, "cc": "IN", "state": "Mah\u0101r\u0101shtra", "lat": 18.99411361787924, "address": "High Street Phoenix Mill Compound", "crossStreet": "Lower Parel", "postalCode": "400013", "country": "India"}, "contact": {"formattedPhone": "+91 22 6162 8000", "phone": "+912261628000"}, "verified": false, "allowMenuUrlEdit": true, "stats": {"tipCount": 27, "usersCount": 1529, "checkinsCount": 2808}, "id": "4f7d2398e4b0d01ec2a537b4", "url": "http://www.palladiumhotel.in", "closed": true, "like": false, "categories": [{"icon": {"prefix": "https://ss3.4sqi.net/img/categories_v2/travel/hotel_", "suffix": ".png"}, "name": "Hotel", "id": "4bf58dd8d48988d1fa931735", "pluralName": "Hotels", "primary": true, "shortName": "Hotel"}], "beenHere": {"lastCheckinExpiredAt": 0}, "name": "Palladium Hotel"}, "suffix": "/11064959_aCwKKMBgPZkZhIMNYaCJa128PJ0sJWX5zKfNCHhpGys.jpg", "visibility": "public"}, {"height": 960, "source": {"url": "https://foursquare.com/download/#/android", "name": "Foursquare for Android"}, "width": 720, "prefix": "https://igx.4sqi.net/img/general/", "createdAt": 1397096715, "id": "5346010b498e010b5510f2cb", "venue": {"like": false, "location": {"formattedAddress": ["D T Sahani Road (Near Telephone Exchange)", "Lonavla 410401", "Mah\u0101r\u0101shtra", "India"], "city": "Lonavla", "lng": 73.410859, "cc": "IN", "state": "Mah\u0101r\u0101shtra", "crossStreet": "Near Telephone Exchange", "lat": 18.75265, "address": "D T Sahani Road", "labeledLatLngs": [{"label": "display", "lat": 18.75265, "lng": 73.410859}], "postalCode": "410401", "country": "India"}, "categories": [{"icon": {"prefix": "https://ss3.4sqi.net/img/categories_v2/parks_outdoors/mountain_", "suffix": ".png"}, "name": "Mountain", "id": "4eb1d4d54b900d56c88a45fc", "pluralName": "Mountains", "primary": true, "shortName": "Mountain"}], "verified": false, "contact": {}, "beenHere": {"lastCheckinExpiredAt": 0}, "stats": {"tipCount": 1, "usersCount": 109, "checkinsCount": 144}, "id": "4d3159406c7c721e8d26a556", "name": "CITRUS Hotels"}, "suffix": "/11064959_lcZKkPPnDwVWujkj1dwUwBzGu1h412M8uTk6qMUSEXM.jpg", "visibility": "public"}, {"height": 720, "source": {"url": "https://foursquare.com/download/#/android", "name": "Foursquare for Android"}, "width": 960, "prefix": "https://igx.4sqi.net/img/general/", "createdAt": 1397010490, "id": "5344b03a498ecd3f12399c0f", "venue": {"like": false, "location": {"formattedAddress": ["D T Sahani Road (Near Telephone Exchange)", "Lonavla 410401", "Mah\u0101r\u0101shtra", "India"], "city": "Lonavla", "lng": 73.410859, "cc": "IN", "state": "Mah\u0101r\u0101shtra", "crossStreet": "Near Telephone Exchange", "lat": 18.75265, "address": "D T Sahani Road", "labeledLatLngs": [{"label": "display", "lat": 18.75265, "lng": 73.410859}], "postalCode": "410401", "country": "India"}, "categories": [{"icon": {"prefix": "https://ss3.4sqi.net/img/categories_v2/parks_outdoors/mountain_", "suffix": ".png"}, "name": "Mountain", "id": "4eb1d4d54b900d56c88a45fc", "pluralName": "Mountains", "primary": true, "shortName": "Mountain"}], "verified": false, "contact": {}, "beenHere": {"lastCheckinExpiredAt": 0}, "stats": {"tipCount": 1, "usersCount": 109, "checkinsCount": 144}, "id": "4d3159406c7c721e8d26a556", "name": "CITRUS Hotels"}, "suffix": "/11064959_4S2X6LHNI_OISj0RraxnD9dTM8yB0lfBnreV9vxQGX8.jpg", "visibility": "public"}, {"height": 720, "source": {"url": "https://foursquare.com/download/#/android", "name": "Foursquare for Android"}, "width": 960, "prefix": "https://igx.4sqi.net/img/general/", "createdAt": 1396888947, "id": "5342d573498e277165adaeca", "venue": {"location": {"formattedAddress": ["CTS 215, Opposite Sangam BIG Cinemas, Andheri Kurla Road, Andheri East", "Mumbai 400059", "Mah\u0101r\u0101shtra", "India"], "city": "Mumbai", "lng": 72.86419996197128, "cc": "IN", "state": "Mah\u0101r\u0101shtra", "lat": 19.114082412019158, "address": "CTS 215, Opposite Sangam BIG Cinemas, Andheri Kurla Road, Andheri East", "labeledLatLngs": [{"label": "display", "lat": 19.114082412019158, "lng": 72.86419996197128}], "postalCode": "400059", "country": "India"}, "contact": {"twitter": "courtyardmumbai", "facebookName": "Courtyard by Marriott Mumbai International Airport", "formattedPhone": "+91 22 6136 9999", "phone": "+912261369999", "facebookUsername": "CourtyardbyMarriottMumbai", "facebook": "201877396594864"}, "verified": true, "allowMenuUrlEdit": true, "stats": {"tipCount": 38, "usersCount": 1962, "checkinsCount": 3892}, "id": "4c11fb18a9420f47fea67d51", "storeId": "BOMCY", "url": "http://www.marriott.com/hotels/travel/bomcy-courtyard-mumbai-international-airport/", "like": false, "categories": [{"icon": {"prefix": "https://ss3.4sqi.net/img/categories_v2/travel/hotel_", "suffix": ".png"}, "name": "Hotel", "id": "4bf58dd8d48988d1fa931735", "pluralName": "Hotels", "primary": true, "shortName": "Hotel"}], "beenHere": {"lastCheckinExpiredAt": 0}, "name": "Courtyard Mumbai International Airport", "venuePage": {"id": "69196285"}}, "suffix": "/11064959_6nzBA9b7FIS8B-Z6Ts7TSS5mJVkFv2nTGMX8XVLn1HI.jpg", "visibility": "public"}, {"height": 960, "source": {"url": "https://foursquare.com/download/#/android", "name": "Foursquare for Android"}, "width": 720, "prefix": "https://igx.4sqi.net/img/general/", "createdAt": 1395455988, "id": "532cf7f4498e891dc6218455", "venue": {"venueRatingBlacklisted": true, "like": false, "location": {"formattedAddress": ["25 Mount Vernon Rd", "368051", "Singapore"], "city": "Singapore", "lng": 103.87829083678488, "cc": "SG", "country": "Singapore", "lat": 1.3423769007216044, "address": "25 Mount Vernon Rd", "labeledLatLngs": [{"label": "display", "lat": 1.3423769007216044, "lng": 103.87829083678488}], "postalCode": "368051"}, "categories": [{"icon": {"prefix": "https://ss3.4sqi.net/img/categories_v2/building/school_", "suffix": ".png"}, "name": "High School", "id": "4bf58dd8d48988d13d941735", "pluralName": "High Schools", "primary": true, "shortName": "High School"}], "verified": false, "contact": {}, "beenHere": {"lastCheckinExpiredAt": 0}, "stats": {"tipCount": 15, "usersCount": 642, "checkinsCount": 4300}, "id": "4b9b9be4f964a520491336e3", "name": "Maris Stella High School"}, "suffix": "/11064959_4NG8-WgWuCBTSZsQvH6v4drGK1snyqfFPNXEo7M9E_k.jpg", "visibility": "public"}, {"height": 960, "source": {"url": "https://foursquare.com/download/#/android", "name": "Foursquare for Android"}, "width": 720, "prefix": "https://igx.4sqi.net/img/general/", "createdAt": 1393667854, "id": "5311af0e498e8f75e40f1209", "venue": {"location": {"formattedAddress": ["31 rue Maurice-Flandin (Forum Part-Dieu)", "69003 Lyon", "France"], "city": "Lyon", "lng": 4.86392855644226, "cc": "FR", "state": "Rh\u00f4ne-Alpes", "crossStreet": "Forum Part-Dieu", "lat": 45.760210489125186, "address": "31 rue Maurice-Flandin", "labeledLatLngs": [{"label": "display", "lat": 45.760210489125186, "lng": 4.86392855644226}], "postalCode": "69003", "country": "France"}, "contact": {"formattedPhone": "+33 4 72 36 31 00", "phone": "+33472363100"}, "verified": true, "allowMenuUrlEdit": true, "stats": {"tipCount": 5, "usersCount": 356, "checkinsCount": 635}, "id": "4bcc5c9baeaaeee1efed3d6d", "storeId": "54722bd982efa415ba82e2d9", "url": "http://www.campanile.com/fr/hotels/campanile-lyon-centre-gare-part-dieu", "like": false, "categories": [{"icon": {"prefix": "https://ss3.4sqi.net/img/categories_v2/travel/hotel_", "suffix": ".png"}, "name": "Hotel", "id": "4bf58dd8d48988d1fa931735", "pluralName": "Hotels", "primary": true, "shortName": "Hotel"}], "beenHere": {"lastCheckinExpiredAt": 0}, "name": "CAMPANILE LYON CENTRE - Gare Part Dieu"}, "suffix": "/11064959_lSb9YwogrTzVHahmFZsW__LcmRHmLgGDfSqFSdylIZs.jpg", "visibility": "public"}, {"height": 960, "source": {"url": "https://foursquare.com/download/#/android", "name": "Foursquare for Android"}, "width": 720, "prefix": "https://igx.4sqi.net/img/general/", "createdAt": 1393226663, "id": "530af3a711d2dbceb7f48758", "venue": {"location": {"formattedAddress": ["31 rue Maurice-Flandin (Forum Part-Dieu)", "69003 Lyon", "France"], "city": "Lyon", "lng": 4.86392855644226, "cc": "FR", "state": "Rh\u00f4ne-Alpes", "crossStreet": "Forum Part-Dieu", "lat": 45.760210489125186, "address": "31 rue Maurice-Flandin", "labeledLatLngs": [{"label": "display", "lat": 45.760210489125186, "lng": 4.86392855644226}], "postalCode": "69003", "country": "France"}, "contact": {"formattedPhone": "+33 4 72 36 31 00", "phone": "+33472363100"}, "verified": true, "allowMenuUrlEdit": true, "stats": {"tipCount": 5, "usersCount": 356, "checkinsCount": 635}, "id": "4bcc5c9baeaaeee1efed3d6d", "storeId": "54722bd982efa415ba82e2d9", "url": "http://www.campanile.com/fr/hotels/campanile-lyon-centre-gare-part-dieu", "like": false, "categories": [{"icon": {"prefix": "https://ss3.4sqi.net/img/categories_v2/travel/hotel_", "suffix": ".png"}, "name": "Hotel", "id": "4bf58dd8d48988d1fa931735", "pluralName": "Hotels", "primary": true, "shortName": "Hotel"}], "beenHere": {"lastCheckinExpiredAt": 0}, "name": "CAMPANILE LYON CENTRE - Gare Part Dieu"}, "suffix": "/11064959_MHL-EPCAuOVSCUrGrx-3C8Ag821xWM4szoFvA3j8KK4.jpg", "visibility": "public"}, {"height": 720, "source": {"url": "https://foursquare.com/download/#/android", "name": "Foursquare for Android"}, "width": 960, "prefix": "https://igx.4sqi.net/img/general/", "createdAt": 1389584698, "id": "52d3613a498ed1c4f8f269d1", "venue": {"location": {"formattedAddress": ["High Street Phoenix Mill Compound (Lower Parel)", "Mumbai 400013", "Mah\u0101r\u0101shtra", "India"], "city": "Mumbai", "lng": 72.82354988159238, "cc": "IN", "state": "Mah\u0101r\u0101shtra", "lat": 18.99411361787924, "address": "High Street Phoenix Mill Compound", "crossStreet": "Lower Parel", "postalCode": "400013", "country": "India"}, "contact": {"formattedPhone": "+91 22 6162 8000", "phone": "+912261628000"}, "verified": false, "allowMenuUrlEdit": true, "stats": {"tipCount": 27, "usersCount": 1529, "checkinsCount": 2808}, "id": "4f7d2398e4b0d01ec2a537b4", "url": "http://www.palladiumhotel.in", "closed": true, "like": false, "categories": [{"icon": {"prefix": "https://ss3.4sqi.net/img/categories_v2/travel/hotel_", "suffix": ".png"}, "name": "Hotel", "id": "4bf58dd8d48988d1fa931735", "pluralName": "Hotels", "primary": true, "shortName": "Hotel"}], "beenHere": {"lastCheckinExpiredAt": 0}, "name": "Palladium Hotel"}, "suffix": "/11064959_T-8l_gxjgxJuS37SS8v5d-KW284bK68aLLuPscRYRpo.jpg", "visibility": "public"}, {"height": 720, "source": {"url": "https://foursquare.com/download/#/android", "name": "Foursquare for Android"}, "width": 960, "prefix": "https://igx.4sqi.net/img/general/", "createdAt": 1388722563, "id": "52c63983498e851a0e42f1fe", "venue": {"url": "http://www.peachgarden.com.sg", "like": false, "location": {"formattedAddress": ["#33-01 OCBC Centre, 65 Chulia St.", "049513", "Singapore"], "city": "Singapore", "lng": 103.84937167167664, "cc": "SG", "country": "Singapore", "lat": 1.2852389486798672, "address": "#33-01 OCBC Centre, 65 Chulia St.", "labeledLatLngs": [{"label": "display", "lat": 1.2852389486798672, "lng": 103.84937167167664}], "postalCode": "049513"}, "categories": [{"icon": {"prefix": "https://ss3.4sqi.net/img/categories_v2/food/asian_", "suffix": ".png"}, "name": "Chinese Restaurant", "id": "4bf58dd8d48988d145941735", "pluralName": "Chinese Restaurants", "primary": true, "shortName": "Chinese"}], "verified": false, "contact": {"formattedPhone": "+65 6535 7833", "phone": "+6565357833"}, "allowMenuUrlEdit": true, "stats": {"tipCount": 16, "usersCount": 1576, "checkinsCount": 2318}, "id": "4b5c242cf964a520822529e3", "name": "Peach Garden", "beenHere": {"lastCheckinExpiredAt": 0}}, "suffix": "/11064959_Mbd0NxvTGEWRI6WJgH7EpHRBiNBx8PUehGq-QcVG2-4.jpg", "visibility": "public"}, {"height": 720, "source": {"url": "https://foursquare.com/download/#/android", "name": "Foursquare for Android"}, "width": 960, "prefix": "https://igx.4sqi.net/img/general/", "createdAt": 1387066649, "id": "52acf51911d2d07f50985369", "venue": {"url": "http://www.lottehotel.com/world/ko/", "like": false, "location": {"formattedAddress": ["\uc1a1\ud30c\uad6c \uc62c\ub9bc\ud53d\ub85c 240", "\uc7a0\uc2e43\ub3d9", "\uc11c\uc6b8\ud2b9\ubcc4\uc2dc", "\uc11c\uc6b8\ud2b9\ubcc4\uc2dc", "05554", "\ub300\ud55c\ubbfc\uad6d"], "city": "\uc11c\uc6b8\ud2b9\ubcc4\uc2dc", "lng": 127.1002185344696, "cc": "KR", "state": "\uc11c\uc6b8\ud2b9\ubcc4\uc2dc", "lat": 37.51156412051219, "address": "\uc1a1\ud30c\uad6c \uc62c\ub9bc\ud53d\ub85c 240", "labeledLatLngs": [{"label": "display", "lat": 37.51156412051219, "lng": 127.1002185344696}], "postalCode": "05554", "country": "\ub300\ud55c\ubbfc\uad6d"}, "categories": [{"icon": {"prefix": "https://ss3.4sqi.net/img/categories_v2/travel/hotel_", "suffix": ".png"}, "name": "Hotel", "id": "4bf58dd8d48988d1fa931735", "pluralName": "Hotels", "primary": true, "shortName": "Hotel"}], "verified": false, "contact": {"twitter": "lotte_hotel", "facebookName": "Lotte Hotels & Resorts (\ub86f\ub370\ud638\ud154)", "formattedPhone": "+82 2-419-7000", "phone": "+8224197000", "facebookUsername": "lottehotels", "facebook": "148043941928025"}, "allowMenuUrlEdit": true, "stats": {"tipCount": 34, "usersCount": 3732, "checkinsCount": 7390}, "id": "4bd0c8cdb221c9b63368d4d0", "name": "Lotte Hotel World (\ub86f\ub370\ud638\ud154\uc6d4\ub4dc)", "beenHere": {"lastCheckinExpiredAt": 0}}, "suffix": "/11064959_Nd1eD_qDFYxsgFXJ9QQd6ZnGi7JAJFhp3cPkhjwVolk.jpg", "visibility": "public"}, {"height": 960, "source": {"url": "https://foursquare.com/download/#/android", "name": "Foursquare for Android"}, "width": 720, "prefix": "https://igx.4sqi.net/img/general/", "createdAt": 1386945844, "id": "52ab1d3411d2754ed7ad1dab", "venue": {"url": "http://www.lottehotel.com/world/ko/", "like": false, "location": {"formattedAddress": ["\uc1a1\ud30c\uad6c \uc62c\ub9bc\ud53d\ub85c 240", "\uc7a0\uc2e43\ub3d9", "\uc11c\uc6b8\ud2b9\ubcc4\uc2dc", "\uc11c\uc6b8\ud2b9\ubcc4\uc2dc", "05554", "\ub300\ud55c\ubbfc\uad6d"], "city": "\uc11c\uc6b8\ud2b9\ubcc4\uc2dc", "lng": 127.1002185344696, "cc": "KR", "state": "\uc11c\uc6b8\ud2b9\ubcc4\uc2dc", "lat": 37.51156412051219, "address": "\uc1a1\ud30c\uad6c \uc62c\ub9bc\ud53d\ub85c 240", "labeledLatLngs": [{"label": "display", "lat": 37.51156412051219, "lng": 127.1002185344696}], "postalCode": "05554", "country": "\ub300\ud55c\ubbfc\uad6d"}, "categories": [{"icon": {"prefix": "https://ss3.4sqi.net/img/categories_v2/travel/hotel_", "suffix": ".png"}, "name": "Hotel", "id": "4bf58dd8d48988d1fa931735", "pluralName": "Hotels", "primary": true, "shortName": "Hotel"}], "verified": false, "contact": {"twitter": "lotte_hotel", "facebookName": "Lotte Hotels & Resorts (\ub86f\ub370\ud638\ud154)", "formattedPhone": "+82 2-419-7000", "phone": "+8224197000", "facebookUsername": "lottehotels", "facebook": "148043941928025"}, "allowMenuUrlEdit": true, "stats": {"tipCount": 34, "usersCount": 3732, "checkinsCount": 7390}, "id": "4bd0c8cdb221c9b63368d4d0", "name": "Lotte Hotel World (\ub86f\ub370\ud638\ud154\uc6d4\ub4dc)", "beenHere": {"lastCheckinExpiredAt": 0}}, "suffix": "/11064959_WI5JfslHulvekiU72h54LSpFxdQRQoYDEdD4UqkMJfI.jpg", "visibility": "public"}, {"height": 960, "source": {"url": "https://foursquare.com/download/#/android", "name": "Foursquare for Android"}, "width": 720, "prefix": "https://igx.4sqi.net/img/general/", "createdAt": 1386848308, "id": "52a9a03411d272d347cbc2f3", "venue": {"like": false, "location": {"formattedAddress": ["\ubd09\ud3c9\uba74 \ud0dc\uae30\ub85c 174", "\ud3c9\ucc3d\uad70", "\uac15\uc6d0\ub3c4", "232-922", "\ub300\ud55c\ubbfc\uad6d"], "city": "Pyeongchang", "lng": 128.32677417378258, "cc": "KR", "state": "\uac15\uc6d0\ub3c4", "lat": 37.582585225247435, "address": "\ubd09\ud3c9\uba74 \ud0dc\uae30\ub85c 174", "labeledLatLngs": [{"label": "display", "lat": 37.582585225247435, "lng": 128.32677417378258}], "postalCode": "232-922", "country": "\ub300\ud55c\ubbfc\uad6d"}, "categories": [{"icon": {"prefix": "https://ss3.4sqi.net/img/categories_v2/travel/hotel_", "suffix": ".png"}, "name": "Hotel", "id": "4bf58dd8d48988d1fa931735", "pluralName": "Hotels", "primary": true, "shortName": "Hotel"}], "verified": false, "contact": {}, "allowMenuUrlEdit": true, "stats": {"tipCount": 6, "usersCount": 821, "checkinsCount": 1038}, "id": "4d52544f747f6dcb9a48cbd4", "name": "\ud718\ub2c9\uc2a4\ud30c\ud06c The Hotel", "beenHere": {"lastCheckinExpiredAt": 0}}, "suffix": "/11064959_HQa46Cd3fDCliqzlv3VCjFPUYF1DnBfhJcpAclt9FOw.jpg", "visibility": "public"}, {"height": 960, "source": {"url": "https://foursquare.com/download/#/android", "name": "Foursquare for Android"}, "width": 720, "prefix": "https://igx.4sqi.net/img/general/", "createdAt": 1386752627, "id": "52a82a73498e8e4eb1704216", "venue": {"url": "http://www.theclass300.com", "like": false, "location": {"city": "\uc18d\ucd08\uc2dc", "lng": 128.60096514831864, "cc": "KR", "state": "\uac15\uc6d0\ub3c4", "lat": 38.18409558072012, "address": "\ub3d9\ud574\ub300\ub85c 3915", "labeledLatLngs": [{"label": "display", "lat": 38.18409558072012, "lng": 128.60096514831864}], "formattedAddress": ["\ub3d9\ud574\ub300\ub85c 3915", "\uc18d\ucd08\uc2dc", "\uac15\uc6d0\ub3c4", "\ub300\ud55c\ubbfc\uad6d"], "country": "\ub300\ud55c\ubbfc\uad6d"}, "categories": [{"icon": {"prefix": "https://ss3.4sqi.net/img/categories_v2/travel/hotel_", "suffix": ".png"}, "name": "Hotel", "id": "4bf58dd8d48988d1fa931735", "pluralName": "Hotels", "primary": true, "shortName": "Hotel"}], "verified": false, "contact": {"formattedPhone": "+82 33-630-0900", "phone": "+82336300900"}, "allowMenuUrlEdit": true, "stats": {"tipCount": 26, "usersCount": 1191, "checkinsCount": 1447}, "id": "4c4aca9d712ac9284609f76b", "name": "The Class 300 Hotel (\ub354\ud074\ub798\uc2a4300 \ud638\ud154)", "beenHere": {"lastCheckinExpiredAt": 0}}, "suffix": "/11064959_xFt5P_PXddXFNWhd7hNwOV-2TGYzY_GVYxBgG5URKPc.jpg", "visibility": "public"}, {"height": 720, "source": {"url": "https://foursquare.com/download/#/android", "name": "Foursquare for Android"}, "width": 960, "prefix": "https://igx.4sqi.net/img/general/", "createdAt": 1383960186, "id": "527d8e7a498eb2bcd4ad1974", "venue": {"like": false, "location": {"city": "Singapore", "lng": 103.83563367842545, "cc": "SG", "country": "Singapore", "crossStreet": "Ang Mo Kio Ave. 1", "lat": 1.3649848760618575, "address": "Pond Gardens @ Ang Mo Kio - Bishan Park", "labeledLatLngs": [{"label": "display", "lat": 1.3649848760618575, "lng": 103.83563367842545}], "formattedAddress": ["Pond Gardens @ Ang Mo Kio - Bishan Park (Ang Mo Kio Ave. 1)", "Singapore"]}, "categories": [{"icon": {"prefix": "https://ss3.4sqi.net/img/categories_v2/parks_outdoors/garden_", "suffix": ".png"}, "name": "Garden", "id": "4bf58dd8d48988d15a941735", "pluralName": "Gardens", "primary": true, "shortName": "Garden"}], "verified": false, "contact": {}, "beenHere": {"lastCheckinExpiredAt": 0}, "stats": {"tipCount": 1, "usersCount": 8, "checkinsCount": 11}, "id": "51a17554498e46902ca35f94", "name": "Cleansing Biotope"}, "suffix": "/11064959_YKQlrnuAEh7vXvt52CkvueVf8MIO40w1tp1esEWvxUE.jpg", "visibility": "public"}, {"height": 960, "source": {"url": "https://foursquare.com/download/#/android", "name": "Foursquare for Android"}, "width": 720, "prefix": "https://igx.4sqi.net/img/general/", "createdAt": 1383443562, "id": "5275ac6a498e81958f6b5c18", "venue": {"url": "https://www.myactivesg.com", "like": false, "location": {"formattedAddress": ["Sengkang Sports & Recreation Centre (57 Anchorvale Rd)", "544964", "Singapore"], "city": "Singapore", "lng": 103.88722709153842, "cc": "SG", "country": "Singapore", "crossStreet": "57 Anchorvale Rd", "lat": 1.3964333776645337, "address": "Sengkang Sports & Recreation Centre", "labeledLatLngs": [{"label": "display", "lat": 1.3964333776645337, "lng": 103.88722709153842}], "postalCode": "544964"}, "categories": [{"icon": {"prefix": "https://ss3.4sqi.net/img/categories_v2/parks_outdoors/pool_", "suffix": ".png"}, "name": "Pool", "id": "4bf58dd8d48988d15e941735", "pluralName": "Pools", "primary": true, "shortName": "Pool"}], "verified": false, "contact": {"formattedPhone": "+65 6315 3576", "phone": "+6563153576", "facebookName": "myActiveSG", "facebookUsername": "myActiveSG", "facebook": "154573679032"}, "beenHere": {"lastCheckinExpiredAt": 0}, "stats": {"tipCount": 39, "usersCount": 3432, "checkinsCount": 7622}, "id": "4bffa273daf9c9b65c73faef", "name": "Sengkang Swimming Complex"}, "suffix": "/11064959_o7U89DeBQ-jlK-6NaFFy_Z0jBS0SfBe00NWI89iHOoo.jpg", "visibility": "public"}, {"height": 720, "source": {"url": "https://foursquare.com/download/#/android", "name": "Foursquare for Android"}, "width": 960, "prefix": "https://igx.4sqi.net/img/general/", "createdAt": 1383375664, "id": "5274a330498e13bfad89627a", "venue": {"like": false, "location": {"formattedAddress": ["Playgolf Game Centre (590 Toa Payoh East)", "319134", "Singapore"], "city": "Singapore", "lng": 103.86006832122803, "cc": "SG", "country": "Singapore", "crossStreet": "590 Toa Payoh East", "lat": 1.3335168288659116, "address": "Playgolf Game Centre", "labeledLatLngs": [{"label": "display", "lat": 1.3335168288659116, "lng": 103.86006832122803}], "postalCode": "319134"}, "categories": [{"icon": {"prefix": "https://ss3.4sqi.net/img/categories_v2/parks_outdoors/golfcourse_", "suffix": ".png"}, "name": "Golf Course", "id": "4bf58dd8d48988d1e6941735", "pluralName": "Golf Courses", "primary": true, "shortName": "Golf Course"}], "verified": false, "contact": {}, "allowMenuUrlEdit": true, "stats": {"tipCount": 2, "usersCount": 564, "checkinsCount": 2520}, "id": "4ce8ef178ef78cfa1eec9d9b", "name": "Playgolf Game Centre", "beenHere": {"lastCheckinExpiredAt": 0}}, "suffix": "/11064959_Dco6qI9LFUbTpJ4uSMhoaVIemjZvGNe5qRX-MX7qLXg.jpg", "visibility": "public"}, {"height": 960, "source": {"url": "https://foursquare.com/download/#/android", "name": "Foursquare for Android"}, "width": 720, "prefix": "https://igx.4sqi.net/img/general/", "createdAt": 1382778619, "id": "526b86fb11d2e3d9505e217f", "venue": {"url": "http://www.parisaeroport.fr", "like": false, "location": {"formattedAddress": ["Route de la Commune", "95700 Roissy-en-France", "France"], "city": "Roissy-en-France", "lng": 2.5702929199346776, "cc": "FR", "state": "\u00cele-de-France", "lat": 49.004685160970574, "address": "Route de la Commune", "labeledLatLngs": [{"label": "display", "lat": 49.004685160970574, "lng": 2.5702929199346776}], "postalCode": "95700", "country": "France"}, "categories": [{"icon": {"prefix": "https://ss3.4sqi.net/img/categories_v2/travel/airport_", "suffix": ".png"}, "name": "Airport", "id": "4bf58dd8d48988d1ed931735", "pluralName": "Airports", "primary": true, "shortName": "Airport"}], "verified": true, "contact": {"twitter": "parisaeroport", "facebookName": "Paris A\u00e9roport", "formattedPhone": "+33 1 48 62 22 80", "phone": "+33148622280", "facebookUsername": "parisaeroport", "facebook": "289966983831"}, "beenHere": {"lastCheckinExpiredAt": 0}, "stats": {"tipCount": 2144, "usersCount": 285961, "checkinsCount": 623713}, "id": "4ab474c6f964a520387120e3", "name": "Paris Charles de Gaulle Airport (CDG) (A\u00e9roport Paris-Charles de Gaulle)"}, "suffix": "/11064959_KzoNMUfecTFuaee0QpUDckbItol8spPBhIrj38YpKbc.jpg", "visibility": "public"}, {"height": 720, "source": {"url": "https://foursquare.com/download/#/android", "name": "Foursquare for Android"}, "width": 960, "prefix": "https://igx.4sqi.net/img/general/", "createdAt": 1382767060, "id": "526b59d4498e46e81c37c9fc", "venue": {"venueRatingBlacklisted": true, "like": false, "location": {"formattedAddress": ["69003 Lyon", "France"], "city": "Lyon", "state": "Rh\u00f4ne-Alpes", "cc": "FR", "country": "France", "lat": 45.76045749720169, "lng": 4.849390983581543, "labeledLatLngs": [{"label": "display", "lat": 45.76045749720169, "lng": 4.849390983581543}], "postalCode": "69003"}, "categories": [{"icon": {"prefix": "https://ss3.4sqi.net/img/categories_v2/parks_outdoors/neighborhood_", "suffix": ".png"}, "name": "Neighborhood", "id": "4f2a25ac4b909258e854f55f", "pluralName": "Neighborhoods", "primary": true, "shortName": "Neighborhood"}], "verified": true, "contact": {}, "beenHere": {"lastCheckinExpiredAt": 0}, "stats": {"tipCount": 1, "usersCount": 477, "checkinsCount": 1129}, "id": "4fbe04b1e4b0997686008041", "name": "3e arrondissement"}, "suffix": "/11064959__-F-UdtNxOc-fd4pn46ONcinozwC5C8yqUpMMd5EzEM.jpg", "visibility": "public"}, {"height": 960, "source": {"url": "https://foursquare.com/download/#/android", "name": "Foursquare for Android"}, "width": 720, "prefix": "https://igx.4sqi.net/img/general/", "createdAt": 1382266207, "id": "5263b55f11d2671a940b78a8", "venue": {"like": false, "location": {"formattedAddress": ["70 avenue Leclerc", "69363 Lyon", "France"], "city": "Lyon", "lng": 4.823194, "cc": "FR", "state": "Rh\u00f4ne-Alpes", "lat": 45.732903, "address": "70 avenue Leclerc", "labeledLatLngs": [{"label": "display", "lat": 45.732903, "lng": 4.823194}], "postalCode": "69363", "country": "France"}, "categories": [{"icon": {"prefix": "https://ss3.4sqi.net/img/categories_v2/travel/hotel_", "suffix": ".png"}, "name": "Hotel", "id": "4bf58dd8d48988d1fa931735", "pluralName": "Hotels", "primary": true, "shortName": "Hotel"}], "verified": false, "contact": {}, "allowMenuUrlEdit": true, "stats": {"tipCount": 3, "usersCount": 517, "checkinsCount": 1024}, "id": "4b73b428f964a520fdb82de3", "name": "Novotel Lyon Gerland", "beenHere": {"lastCheckinExpiredAt": 0}}, "suffix": "/11064959_TjH16wr7-3Rc8i1dCkxJufVQl4No8McsvJ8_kokJrr4.jpg", "visibility": "public"}, {"height": 960, "source": {"url": "https://foursquare.com/download/#/android", "name": "Foursquare for Android"}, "width": 720, "prefix": "https://igx.4sqi.net/img/general/", "createdAt": 1378549688, "id": "522affb8498e71bac9df7f5e", "venue": {"url": "http://www.sbg.org.sg", "like": false, "location": {"formattedAddress": ["1 Cluny Rd.", "259569", "Singapore"], "city": "Singapore", "lng": 103.81567423258441, "cc": "SG", "country": "Singapore", "lat": 1.3167312283146162, "address": "1 Cluny Rd.", "postalCode": "259569"}, "categories": [{"icon": {"prefix": "https://ss3.4sqi.net/img/categories_v2/parks_outdoors/botanicalgarden_", "suffix": ".png"}, "name": "Botanical Garden", "id": "52e81612bcbc57f1066b7a22", "pluralName": "Botanical Gardens", "primary": true, "shortName": "Botanical Garden"}], "verified": false, "contact": {"formattedPhone": "+65 6471 7138", "phone": "+6564717138"}, "beenHere": {"lastCheckinExpiredAt": 0}, "stats": {"tipCount": 202, "usersCount": 16964, "checkinsCount": 27931}, "id": "4b3b3bd0f964a520ac7125e3", "name": "Singapore Botanic Gardens"}, "suffix": "/11064959_2xNAExA6c5AIJgljjODKjn-8WgD4soysKQozd7TndLs.jpg", "visibility": "public"}, {"height": 720, "source": {"url": "https://foursquare.com/download/#/android", "name": "Foursquare for Android"}, "width": 960, "prefix": "https://igx.4sqi.net/img/general/", "createdAt": 1378173586, "id": "5225429211d251d996b89f82", "venue": {"like": false, "location": {"lng": 103.79282581154706, "cc": "SG", "country": "Singapore", "lat": 1.3008258023192385, "address": "Biopolis Dr", "labeledLatLngs": [{"label": "display", "lat": 1.3008258023192385, "lng": 103.79282581154706}], "formattedAddress": ["Biopolis Dr", "Singapore"]}, "categories": [], "verified": false, "contact": {}, "beenHere": {"lastCheckinExpiredAt": 0}, "stats": {"tipCount": 0, "usersCount": 12, "checkinsCount": 12}, "id": "4dba06b16a23e2622d982be6", "name": "Amnios"}, "suffix": "/11064959_tcMTArDrXmNLhAcF8O-xFX2ZmZLJXsl3RfuWiyRYF3M.jpg", "visibility": "public"}, {"height": 960, "source": {"url": "https://foursquare.com/download/#/android", "name": "Foursquare for Android"}, "width": 720, "prefix": "https://igx.4sqi.net/img/general/", "createdAt": 1377312894, "id": "5218207e498e9e5d89f52d52", "venue": {"location": {"city": "Chek Lap Kok", "lng": 113.944106310284, "cc": "HK", "country": "\u9999\u6e2f", "lat": 22.31796360913428, "address": "3 Sky City Rd E", "labeledLatLngs": [{"label": "display", "lat": 22.31796360913428, "lng": 113.944106310284}], "formattedAddress": ["3 Sky City Rd E", "\u9999\u6e2f"]}, "contact": {}, "verified": false, "allowMenuUrlEdit": true, "stats": {"tipCount": 28, "usersCount": 3298, "checkinsCount": 5251}, "id": "4cfc6f7534c1a093d6564b0e", "url": "http://www.skypier.org", "like": false, "categories": [{"icon": {"prefix": "https://ss3.4sqi.net/img/categories_v2/travel/ferry_pier_", "suffix": ".png"}, "name": "Pier", "id": "4e74f6cabd41c4836eac4c31", "pluralName": "Piers", "primary": true, "shortName": "Piers"}], "venueRatingBlacklisted": true, "beenHere": {"lastCheckinExpiredAt": 0}, "name": "SkyPier \u6d77\u5929\u5ba2\u904b\u78bc\u982d"}, "suffix": "/11064959_Usv0R48O1_kxXEdoh1Wn8ZGpSptJr4PbKx5gpPgT83g.jpg", "visibility": "public"}, {"height": 960, "source": {"url": "https://foursquare.com/download/#/android", "name": "Foursquare for Android"}, "width": 720, "prefix": "https://igx.4sqi.net/img/general/", "createdAt": 1377088360, "id": "5214b36811d2ca492bd2c6aa", "venue": {"like": false, "location": {"city": "\u73e0\u6d77\u5e02", "lng": 113.55032898592243, "cc": "CN", "state": "\u5e7f\u4e1c", "lat": 22.22553662859726, "address": "\u73e0\u6d77\u5e02\u62f1\u5317\u84ee\u82b1\u8def173\u865f2\u6a13", "labeledLatLngs": [{"label": "display", "lat": 22.22553662859726, "lng": 113.55032898592243}], "formattedAddress": ["\u73e0\u6d77\u5e02\u62f1\u5317\u84ee\u82b1\u8def173\u865f2\u6a13", "\u73e0\u6d77\u5e02", "\u5e7f\u4e1c"], "country": "\u4e2d\u56fd"}, "categories": [{"icon": {"prefix": "https://ss3.4sqi.net/img/categories_v2/food/cafe_", "suffix": ".png"}, "name": "Caf\u00e9", "id": "4bf58dd8d48988d16d941735", "pluralName": "Caf\u00e9s", "primary": true, "shortName": "Caf\u00e9"}], "verified": false, "contact": {"formattedPhone": "0756 889 1189", "phone": "07568891189"}, "allowMenuUrlEdit": true, "stats": {"tipCount": 0, "usersCount": 22, "checkinsCount": 38}, "id": "5013f7dce4b0e259d30e900a", "name": "\u714b\u840c\u7f51\u5496 Xing Meng", "beenHere": {"lastCheckinExpiredAt": 0}}, "suffix": "/11064959_hFZ2PSsUdIzc5v-elwcq6zoahHEf35rh_J7CpG7PAhs.jpg", "visibility": "public"}, {"height": 960, "source": {"url": "https://foursquare.com/download/#/android", "name": "Foursquare for Android"}, "width": 720, "prefix": "https://igx.4sqi.net/img/general/", "createdAt": 1377042312, "id": "5213ff8811d2f67e07d13494", "venue": {"like": false, "location": {"city": "\u73e0\u6d77\u5e02", "lng": 113.56948753226963, "cc": "CN", "state": "\u5e7f\u4e1c", "lat": 22.247540411868094, "address": "\u5409\u5927\u666f\u5c71\u8def88\u865f", "labeledLatLngs": [{"label": "display", "lat": 22.247540411868094, "lng": 113.56948753226963}], "formattedAddress": ["\u5409\u5927\u666f\u5c71\u8def88\u865f", "\u73e0\u6d77\u5e02", "\u5e7f\u4e1c"], "country": "\u4e2d\u56fd"}, "categories": [{"icon": {"prefix": "https://ss3.4sqi.net/img/categories_v2/travel/hotel_", "suffix": ".png"}, "name": "Hotel", "id": "4bf58dd8d48988d1fa931735", "pluralName": "Hotels", "primary": true, "shortName": "Hotel"}], "verified": false, "contact": {}, "allowMenuUrlEdit": true, "stats": {"tipCount": 1, "usersCount": 78, "checkinsCount": 145}, "id": "4d66e9b4a800721ed7b309b8", "name": "\u661f\u57ce\u5927\u9152\u5e97 Star City Hotel", "beenHere": {"lastCheckinExpiredAt": 0}}, "suffix": "/11064959_DQpwWfMUuR2oW-MpMZ63BER_Xn0GHIYZgAFtVmQGa_E.jpg", "visibility": "public"}, {"height": 720, "source": {"url": "https://foursquare.com/download/#/android", "name": "Foursquare for Android"}, "width": 960, "prefix": "https://igx.4sqi.net/img/general/", "createdAt": 1376913523, "id": "5212087311d2dca52e29adc3", "venue": {"like": false, "location": {"city": "\u73e0\u6d77\u5e02", "lng": 113.56948753226963, "cc": "CN", "state": "\u5e7f\u4e1c", "lat": 22.247540411868094, "address": "\u5409\u5927\u666f\u5c71\u8def88\u865f", "labeledLatLngs": [{"label": "display", "lat": 22.247540411868094, "lng": 113.56948753226963}], "formattedAddress": ["\u5409\u5927\u666f\u5c71\u8def88\u865f", "\u73e0\u6d77\u5e02", "\u5e7f\u4e1c"], "country": "\u4e2d\u56fd"}, "categories": [{"icon": {"prefix": "https://ss3.4sqi.net/img/categories_v2/travel/hotel_", "suffix": ".png"}, "name": "Hotel", "id": "4bf58dd8d48988d1fa931735", "pluralName": "Hotels", "primary": true, "shortName": "Hotel"}], "verified": false, "contact": {}, "allowMenuUrlEdit": true, "stats": {"tipCount": 1, "usersCount": 78, "checkinsCount": 145}, "id": "4d66e9b4a800721ed7b309b8", "name": "\u661f\u57ce\u5927\u9152\u5e97 Star City Hotel", "beenHere": {"lastCheckinExpiredAt": 0}}, "suffix": "/11064959_3cKq-CLwLsuopwgs5Wc8Z0ROzi9Xxb_6xQisp2SFy6I.jpg", "visibility": "public"}, {"height": 960, "source": {"url": "https://foursquare.com/download/#/android", "name": "Foursquare for Android"}, "width": 720, "prefix": "https://igx.4sqi.net/img/general/", "createdAt": 1371263283, "id": "51bbd133498e11f92603ba7d", "venue": {"location": {"formattedAddress": ["847 Phetchaburi Rd", "\u0e23\u0e32\u0e0a\u0e40\u0e17\u0e27\u0e35", "\u0e01\u0e23\u0e38\u0e07\u0e40\u0e17\u0e1e\u0e21\u0e2b\u0e32\u0e19\u0e04\u0e23 10400", "\u0e1b\u0e23\u0e30\u0e40\u0e17\u0e28\u0e44\u0e17\u0e22"], "city": "\u0e23\u0e32\u0e0a\u0e40\u0e17\u0e27\u0e35", "lng": 100.5399968862564, "cc": "TH", "state": "\u0e01\u0e23\u0e38\u0e07\u0e40\u0e17\u0e1e\u0e21\u0e2b\u0e32\u0e19\u0e04\u0e23", "lat": 13.750498293353992, "address": "847 Phetchaburi Rd", "postalCode": "10400", "country": "\u0e1b\u0e23\u0e30\u0e40\u0e17\u0e28\u0e44\u0e17\u0e22"}, "contact": {"twitter": "amariwatergate", "facebookName": "Amari Watergate Bangkok", "formattedPhone": "+66 2 653 9000", "phone": "+6626539000", "facebookUsername": "amariwatergate", "facebook": "145911368759171"}, "verified": true, "allowMenuUrlEdit": true, "stats": {"tipCount": 84, "usersCount": 8228, "checkinsCount": 18883}, "id": "4b0587f6f964a52010a922e3", "storeId": "", "url": "http://www.amari.com/watergate", "like": false, "categories": [{"icon": {"prefix": "https://ss3.4sqi.net/img/categories_v2/travel/hotel_", "suffix": ".png"}, "name": "Hotel", "id": "4bf58dd8d48988d1fa931735", "pluralName": "Hotels", "primary": true, "shortName": "Hotel"}], "beenHere": {"lastCheckinExpiredAt": 0}, "name": "Amari Watergate Bangkok", "venuePage": {"id": "34898850"}}, "suffix": "/11064959_fkhQIE0jS9KT5RT_AGmXG5736hJOn32KpA77QMqCBZo.jpg", "visibility": "public"}, {"height": 960, "source": {"url": "https://foursquare.com/download/#/android", "name": "Foursquare for Android"}, "width": 720, "prefix": "https://igx.4sqi.net/img/general/", "createdAt": 1371262811, "id": "51bbcf5b498e3508434a572d", "venue": {"location": {"formattedAddress": ["847 Phetchaburi Rd", "\u0e23\u0e32\u0e0a\u0e40\u0e17\u0e27\u0e35", "\u0e01\u0e23\u0e38\u0e07\u0e40\u0e17\u0e1e\u0e21\u0e2b\u0e32\u0e19\u0e04\u0e23 10400", "\u0e1b\u0e23\u0e30\u0e40\u0e17\u0e28\u0e44\u0e17\u0e22"], "city": "\u0e23\u0e32\u0e0a\u0e40\u0e17\u0e27\u0e35", "lng": 100.5399968862564, "cc": "TH", "state": "\u0e01\u0e23\u0e38\u0e07\u0e40\u0e17\u0e1e\u0e21\u0e2b\u0e32\u0e19\u0e04\u0e23", "lat": 13.750498293353992, "address": "847 Phetchaburi Rd", "postalCode": "10400", "country": "\u0e1b\u0e23\u0e30\u0e40\u0e17\u0e28\u0e44\u0e17\u0e22"}, "contact": {"twitter": "amariwatergate", "facebookName": "Amari Watergate Bangkok", "formattedPhone": "+66 2 653 9000", "phone": "+6626539000", "facebookUsername": "amariwatergate", "facebook": "145911368759171"}, "verified": true, "allowMenuUrlEdit": true, "stats": {"tipCount": 84, "usersCount": 8228, "checkinsCount": 18883}, "id": "4b0587f6f964a52010a922e3", "storeId": "", "url": "http://www.amari.com/watergate", "like": false, "categories": [{"icon": {"prefix": "https://ss3.4sqi.net/img/categories_v2/travel/hotel_", "suffix": ".png"}, "name": "Hotel", "id": "4bf58dd8d48988d1fa931735", "pluralName": "Hotels", "primary": true, "shortName": "Hotel"}], "beenHere": {"lastCheckinExpiredAt": 0}, "name": "Amari Watergate Bangkok", "venuePage": {"id": "34898850"}}, "suffix": "/11064959_2KHel75DAeRTgVmzXq4Fmk3MxzazUIsYyEsmvdzDxTU.jpg", "visibility": "public"}, {"height": 720, "source": {"url": "https://foursquare.com/download/#/android", "name": "Foursquare for Android"}, "width": 960, "prefix": "https://igx.4sqi.net/img/general/", "createdAt": 1371211592, "id": "51bb0748498e4cf007a87e55", "venue": {"url": "http://www.chaophrayaexpressboat.com", "like": false, "location": {"formattedAddress": ["Asiatique The Riverfront", "\u0e1a\u0e32\u0e07\u0e04\u0e2d\u0e41\u0e2b\u0e25\u0e21", "\u0e01\u0e23\u0e38\u0e07\u0e40\u0e17\u0e1e\u0e21\u0e2b\u0e32\u0e19\u0e04\u0e23 10120", "\u0e1b\u0e23\u0e30\u0e40\u0e17\u0e28\u0e44\u0e17\u0e22"], "city": "\u0e1a\u0e32\u0e07\u0e04\u0e2d\u0e41\u0e2b\u0e25\u0e21", "lng": 100.50208123334751, "cc": "TH", "state": "\u0e01\u0e23\u0e38\u0e07\u0e40\u0e17\u0e1e\u0e21\u0e2b\u0e32\u0e19\u0e04\u0e23", "lat": 13.70499656114174, "address": "Asiatique The Riverfront", "labeledLatLngs": [{"label": "display", "lat": 13.70499656114174, "lng": 100.50208123334751}], "postalCode": "10120", "country": "\u0e1b\u0e23\u0e30\u0e40\u0e17\u0e28\u0e44\u0e17\u0e22"}, "categories": [{"icon": {"prefix": "https://ss3.4sqi.net/img/categories_v2/travel/ferry_pier_", "suffix": ".png"}, "name": "Pier", "id": "4e74f6cabd41c4836eac4c31", "pluralName": "Piers", "primary": true, "shortName": "Piers"}], "verified": false, "contact": {"formattedPhone": "+66 2 623 6001", "phone": "+6626236001", "facebookName": "Asiatique The Riverfront (\u0e40\u0e2d\u0e40\u0e0a\u0e35\u0e22\u0e17\u0e35\u0e04 \u0e40\u0e14\u0e2d\u0e30 \u0e23\u0e34\u0e40\u0e27\u0e2d\u0e23\u0e4c\u0e1f\u0e23\u0e49\u0e2d\u0e19\u0e17\u0e4c ...", "facebook": "319048254846313"}, "beenHere": {"lastCheckinExpiredAt": 0}, "stats": {"tipCount": 53, "usersCount": 16517, "checkinsCount": 20751}, "id": "4fafb78fe4b09cca61fede9a", "name": "Asiatique The Riverfront Pier (\u0e17\u0e48\u0e32\u0e40\u0e23\u0e37\u0e2d\u0e40\u0e2d\u0e40\u0e0a\u0e35\u0e22\u0e17\u0e35\u0e04 \u0e40\u0e14\u0e2d\u0e30 \u0e23\u0e34\u0e40\u0e27\u0e2d\u0e23\u0e4c\u0e1f\u0e23\u0e49\u0e2d\u0e19\u0e17\u0e4c)", "venueRatingBlacklisted": true}, "suffix": "/11064959_4EqFPEq0MfcR9VLRoVAo2Ecv7cCcHuFyJ3TcSmgrNt0.jpg", "visibility": "public"}, {"height": 960, "source": {"url": "https://foursquare.com/download/#/android", "name": "Foursquare for Android"}, "width": 720, "prefix": "https://igx.4sqi.net/img/general/", "createdAt": 1370416621, "id": "51aee5ed498e8ab45516a911", "venue": {"venueRatingBlacklisted": true, "like": false, "location": {"cc": "TW", "country": "\u81fa\u7063", "lat": 24.941345171027546, "lng": 121.90100352015055, "labeledLatLngs": [{"label": "display", "lat": 24.941345171027546, "lng": 121.90100352015055}], "formattedAddress": ["\u81fa\u7063"]}, "categories": [{"icon": {"prefix": "https://ss3.4sqi.net/img/categories_v2/parks_outdoors/harbor_", "suffix": ".png"}, "name": "Harbor / Marina", "id": "4bf58dd8d48988d1e0941735", "pluralName": "Harbors / Marinas", "primary": true, "shortName": "Harbor / Marina"}], "verified": false, "contact": {}, "allowMenuUrlEdit": true, "stats": {"tipCount": 1, "usersCount": 195, "checkinsCount": 237}, "id": "4ca6b3cfb7106dcbec1761a5", "name": "\u5927\u6eaa\u6f01\u6e2f", "beenHere": {"lastCheckinExpiredAt": 0}}, "suffix": "/11064959_jGlKWwlL4R3IBy_NrTs6ssmLi_d24wzIHi4Vdu5iDrc.jpg", "visibility": "public"}, {"height": 960, "source": {"url": "https://foursquare.com/download/#/android", "name": "Foursquare for Android"}, "width": 720, "prefix": "https://igx.4sqi.net/img/general/", "createdAt": 1370413151, "id": "51aed85f498e107fc7d3df22", "venue": {"like": false, "location": {"formattedAddress": ["\u982d\u57ce\u93ae\u9752\u96f2\u8def\u4e09\u6bb5271\u865f", "\u982d\u57ce\u93ae,  261", "\u81fa\u7063"], "city": "\u982d\u57ce\u93ae", "lng": 121.82607293128966, "cc": "TW", "country": "\u81fa\u7063", "lat": 24.85881229676727, "address": "\u982d\u57ce\u93ae\u9752\u96f2\u8def\u4e09\u6bb5271\u865f", "labeledLatLngs": [{"label": "display", "lat": 24.85881229676727, "lng": 121.82607293128966}], "postalCode": "261"}, "categories": [{"icon": {"prefix": "https://ss3.4sqi.net/img/categories_v2/food/icecream_", "suffix": ".png"}, "name": "Ice Cream Shop", "id": "4bf58dd8d48988d1c9941735", "pluralName": "Ice Cream Shops", "primary": true, "shortName": "Ice Cream"}], "verified": false, "contact": {"formattedPhone": "+886 3 977 1362", "phone": "+88639771362"}, "allowMenuUrlEdit": true, "stats": {"tipCount": 12, "usersCount": 597, "checkinsCount": 690}, "id": "4c244a01136d20a17cace161", "name": "\u963f\u5b97\u828b\u51b0\u57ce", "beenHere": {"lastCheckinExpiredAt": 0}}, "suffix": "/11064959_qoSujsN_Fdmje5rtqOA4pBot4-88kAX-UgD2seSxQd0.jpg", "visibility": "public"}, {"height": 960, "source": {"url": "https://foursquare.com/download/#/android", "name": "Foursquare for Android"}, "width": 720, "prefix": "https://igx.4sqi.net/img/general/", "createdAt": 1370393172, "id": "51ae8a54498ec315c8ea4448", "venue": {"like": false, "location": {"formattedAddress": ["\u5fe0\u5b5d\u6771\u8def\u4e00\u6bb5108\u865f2F (\u7d39\u8208\u5357\u8857)", "\u53f0\u5317\u5e02,  100", "\u81fa\u7063"], "city": "\u53f0\u5317\u5e02", "lng": 121.52500438108059, "cc": "TW", "country": "\u81fa\u7063", "crossStreet": "\u7d39\u8208\u5357\u8857", "lat": 25.04441887889874, "address": "\u5fe0\u5b5d\u6771\u8def\u4e00\u6bb5108\u865f2F", "labeledLatLngs": [{"label": "display", "lat": 25.04441887889874, "lng": 121.52500438108059}], "postalCode": "100"}, "categories": [{"icon": {"prefix": "https://ss3.4sqi.net/img/categories_v2/food/asian_", "suffix": ".png"}, "name": "Chinese Breakfast Place", "id": "52af3a903cf9994f4e043bee", "pluralName": "Chinese Breakfast Places", "primary": true, "shortName": "Chinese Breakfast"}], "verified": false, "contact": {"formattedPhone": "+886 2 2392 2175", "phone": "+886223922175"}, "allowMenuUrlEdit": true, "stats": {"tipCount": 151, "usersCount": 3905, "checkinsCount": 5527}, "id": "4bb33a3c2397b7138ed137b3", "name": "Fu Hang Dou Jiang (\u961c\u676d\u8c46\u6f3f)", "beenHere": {"lastCheckinExpiredAt": 0}}, "suffix": "/11064959_ExKylsm2zaO6KE1_pf4VHUZqTOzvAVhNAecyXftQgG4.jpg", "visibility": "public"}, {"height": 720, "source": {"url": "https://foursquare.com/download/#/android", "name": "Foursquare for Android"}, "width": 960, "prefix": "https://igx.4sqi.net/img/general/", "createdAt": 1369312606, "id": "519e0d5e498ea2ddefa99a58", "venue": {"location": {"formattedAddress": ["High Street Phoenix Mill Compound (Lower Parel)", "Mumbai 400013", "Mah\u0101r\u0101shtra", "India"], "city": "Mumbai", "lng": 72.82354988159238, "cc": "IN", "state": "Mah\u0101r\u0101shtra", "lat": 18.99411361787924, "address": "High Street Phoenix Mill Compound", "crossStreet": "Lower Parel", "postalCode": "400013", "country": "India"}, "contact": {"formattedPhone": "+91 22 6162 8000", "phone": "+912261628000"}, "verified": false, "allowMenuUrlEdit": true, "stats": {"tipCount": 27, "usersCount": 1529, "checkinsCount": 2808}, "id": "4f7d2398e4b0d01ec2a537b4", "url": "http://www.palladiumhotel.in", "closed": true, "like": false, "categories": [{"icon": {"prefix": "https://ss3.4sqi.net/img/categories_v2/travel/hotel_", "suffix": ".png"}, "name": "Hotel", "id": "4bf58dd8d48988d1fa931735", "pluralName": "Hotels", "primary": true, "shortName": "Hotel"}], "beenHere": {"lastCheckinExpiredAt": 0}, "name": "Palladium Hotel"}, "suffix": "/11064959_oigV9Z6wShaW-itZkh957SRHh0-oXvxtBwGC3hHvgWU.jpg", "visibility": "public"}, {"height": 960, "source": {"url": "https://foursquare.com/download/#/android", "name": "Foursquare for Android"}, "width": 720, "prefix": "https://igx.4sqi.net/img/general/", "createdAt": 1369238844, "id": "519ced3c498e5fbb8d0f5c1b", "venue": {"location": {"formattedAddress": ["High Street Phoenix Mill Compound (Lower Parel)", "Mumbai 400013", "Mah\u0101r\u0101shtra", "India"], "city": "Mumbai", "lng": 72.82354988159238, "cc": "IN", "state": "Mah\u0101r\u0101shtra", "lat": 18.99411361787924, "address": "High Street Phoenix Mill Compound", "crossStreet": "Lower Parel", "postalCode": "400013", "country": "India"}, "contact": {"formattedPhone": "+91 22 6162 8000", "phone": "+912261628000"}, "verified": false, "allowMenuUrlEdit": true, "stats": {"tipCount": 27, "usersCount": 1529, "checkinsCount": 2808}, "id": "4f7d2398e4b0d01ec2a537b4", "url": "http://www.palladiumhotel.in", "closed": true, "like": false, "categories": [{"icon": {"prefix": "https://ss3.4sqi.net/img/categories_v2/travel/hotel_", "suffix": ".png"}, "name": "Hotel", "id": "4bf58dd8d48988d1fa931735", "pluralName": "Hotels", "primary": true, "shortName": "Hotel"}], "beenHere": {"lastCheckinExpiredAt": 0}, "name": "Palladium Hotel"}, "suffix": "/11064959_6oi4STNARVxVJ9N8yA9M86vrEnex7zhnfQH-rDBavNU.jpg", "visibility": "public"}, {"height": 960, "source": {"url": "https://foursquare.com/download/#/android", "name": "Foursquare for Android"}, "width": 720, "prefix": "https://igx.4sqi.net/img/general/", "createdAt": 1369051423, "id": "519a111f498ec3fdda91f856", "venue": {"like": false, "location": {"formattedAddress": ["D T Sahani Road (Near Telephone Exchange)", "Lonavla 410401", "Mah\u0101r\u0101shtra", "India"], "city": "Lonavla", "lng": 73.410859, "cc": "IN", "state": "Mah\u0101r\u0101shtra", "crossStreet": "Near Telephone Exchange", "lat": 18.75265, "address": "D T Sahani Road", "labeledLatLngs": [{"label": "display", "lat": 18.75265, "lng": 73.410859}], "postalCode": "410401", "country": "India"}, "categories": [{"icon": {"prefix": "https://ss3.4sqi.net/img/categories_v2/parks_outdoors/mountain_", "suffix": ".png"}, "name": "Mountain", "id": "4eb1d4d54b900d56c88a45fc", "pluralName": "Mountains", "primary": true, "shortName": "Mountain"}], "verified": false, "contact": {}, "beenHere": {"lastCheckinExpiredAt": 0}, "stats": {"tipCount": 1, "usersCount": 109, "checkinsCount": 144}, "id": "4d3159406c7c721e8d26a556", "name": "CITRUS Hotels"}, "suffix": "/11064959_4SRZjxXmalBhYTpTrpxLg74WsmdFujt3stod5Y_w1hI.jpg", "visibility": "public"}, {"height": 720, "source": {"url": "https://foursquare.com/download/#/android", "name": "Foursquare for Android"}, "width": 960, "prefix": "https://igx.4sqi.net/img/general/", "createdAt": 1369013296, "id": "51997c30498ef37499b070d2", "venue": {"location": {"formattedAddress": ["High Street Phoenix Mill Compound (Lower Parel)", "Mumbai 400013", "Mah\u0101r\u0101shtra", "India"], "city": "Mumbai", "lng": 72.82354988159238, "cc": "IN", "state": "Mah\u0101r\u0101shtra", "lat": 18.99411361787924, "address": "High Street Phoenix Mill Compound", "crossStreet": "Lower Parel", "postalCode": "400013", "country": "India"}, "contact": {"formattedPhone": "+91 22 6162 8000", "phone": "+912261628000"}, "verified": false, "allowMenuUrlEdit": true, "stats": {"tipCount": 27, "usersCount": 1529, "checkinsCount": 2808}, "id": "4f7d2398e4b0d01ec2a537b4", "url": "http://www.palladiumhotel.in", "closed": true, "like": false, "categories": [{"icon": {"prefix": "https://ss3.4sqi.net/img/categories_v2/travel/hotel_", "suffix": ".png"}, "name": "Hotel", "id": "4bf58dd8d48988d1fa931735", "pluralName": "Hotels", "primary": true, "shortName": "Hotel"}], "beenHere": {"lastCheckinExpiredAt": 0}, "name": "Palladium Hotel"}, "suffix": "/11064959_law83MV7BUTpwjK4O67qpo8fmfbZvy12i51zDnas4X8.jpg", "visibility": "public"}, {"height": 960, "source": {"url": "https://foursquare.com/download/#/android", "name": "Foursquare for Android"}, "width": 720, "prefix": "https://igx.4sqi.net/img/general/", "createdAt": 1368271697, "id": "518e2b51498e0ea5e0ff698e", "venue": {"like": false, "location": {"formattedAddress": ["Sengkang Riverside Park (50 Anchorvale St)", "544843", "Singapore"], "city": "Singapore", "lng": 103.8841803179359, "cc": "SG", "country": "Singapore", "crossStreet": "50 Anchorvale St", "lat": 1.3983220259103037, "address": "Sengkang Riverside Park", "labeledLatLngs": [{"label": "display", "lat": 1.3983220259103037, "lng": 103.8841803179359}], "postalCode": "544843"}, "categories": [{"icon": {"prefix": "https://ss3.4sqi.net/img/categories_v2/food/cafe_", "suffix": ".png"}, "name": "Caf\u00e9", "id": "4bf58dd8d48988d16d941735", "pluralName": "Caf\u00e9s", "primary": true, "shortName": "Caf\u00e9"}], "verified": false, "contact": {}, "allowMenuUrlEdit": true, "stats": {"tipCount": 20, "usersCount": 513, "checkinsCount": 769}, "id": "4df2bbe97d8b18e1722cb786", "name": "Mushroom Cafe In The Park", "beenHere": {"lastCheckinExpiredAt": 0}}, "suffix": "/11064959_Cz6FZXFdYquaqhhzAoMPt6OPuD832YQTDkFW-B55jk4.jpg", "visibility": "public"}, {"height": 960, "source": {"url": "https://foursquare.com/download/#/android", "name": "Foursquare for Android"}, "width": 720, "prefix": "https://igx.4sqi.net/img/general/", "createdAt": 1366669794, "id": "5175b9e2498e84ee9c5d344f", "venue": {"url": "http://www.novotelbusan.com", "like": false, "location": {"formattedAddress": ["\ud574\uc6b4\ub300\uad6c \ud574\uc6b4\ub300\ud574\ubcc0\ub85c 292", "\ubd80\uc0b0\uad11\uc5ed\uc2dc", "\ubd80\uc0b0\uad11\uc5ed\uc2dc", "48099", "\ub300\ud55c\ubbfc\uad6d"], "city": "\ubd80\uc0b0\uad11\uc5ed\uc2dc", "lng": 129.16274730207581, "cc": "KR", "state": "\ubd80\uc0b0\uad11\uc5ed\uc2dc", "lat": 35.16030408021496, "address": "\ud574\uc6b4\ub300\uad6c \ud574\uc6b4\ub300\ud574\ubcc0\ub85c 292", "labeledLatLngs": [{"label": "display", "lat": 35.16030408021496, "lng": 129.16274730207581}], "postalCode": "48099", "country": "\ub300\ud55c\ubbfc\uad6d"}, "categories": [{"icon": {"prefix": "https://ss3.4sqi.net/img/categories_v2/travel/hotel_", "suffix": ".png"}, "name": "Hotel", "id": "4bf58dd8d48988d1fa931735", "pluralName": "Hotels", "primary": true, "shortName": "Hotel"}], "verified": false, "contact": {"formattedPhone": "+82 51-743-1234", "phone": "+82517431234"}, "allowMenuUrlEdit": true, "stats": {"tipCount": 35, "usersCount": 1832, "checkinsCount": 3598}, "id": "4bbe60f8ba9776b04d9bfdc8", "name": "Novotel Ambassador Busan (\ub178\ubcf4\ud154\uc570\ubc30\uc11c\ub354 \ubd80\uc0b0)", "beenHere": {"lastCheckinExpiredAt": 0}}, "suffix": "/11064959_Pt2XotyIzfsQWOZ9UeXZC3L475mYb9FCtUlWtU3Zkks.jpg", "visibility": "public"}, {"height": 720, "source": {"url": "https://foursquare.com/download/#/android", "name": "Foursquare for Android"}, "width": 960, "prefix": "https://igx.4sqi.net/img/general/", "createdAt": 1366638438, "id": "51753f66e4b021699e8776f7", "venue": {"url": "http://www.novotelbusan.com", "like": false, "location": {"formattedAddress": ["\ud574\uc6b4\ub300\uad6c \ud574\uc6b4\ub300\ud574\ubcc0\ub85c 292", "\ubd80\uc0b0\uad11\uc5ed\uc2dc", "\ubd80\uc0b0\uad11\uc5ed\uc2dc", "48099", "\ub300\ud55c\ubbfc\uad6d"], "city": "\ubd80\uc0b0\uad11\uc5ed\uc2dc", "lng": 129.16274730207581, "cc": "KR", "state": "\ubd80\uc0b0\uad11\uc5ed\uc2dc", "lat": 35.16030408021496, "address": "\ud574\uc6b4\ub300\uad6c \ud574\uc6b4\ub300\ud574\ubcc0\ub85c 292", "labeledLatLngs": [{"label": "display", "lat": 35.16030408021496, "lng": 129.16274730207581}], "postalCode": "48099", "country": "\ub300\ud55c\ubbfc\uad6d"}, "categories": [{"icon": {"prefix": "https://ss3.4sqi.net/img/categories_v2/travel/hotel_", "suffix": ".png"}, "name": "Hotel", "id": "4bf58dd8d48988d1fa931735", "pluralName": "Hotels", "primary": true, "shortName": "Hotel"}], "verified": false, "contact": {"formattedPhone": "+82 51-743-1234", "phone": "+82517431234"}, "allowMenuUrlEdit": true, "stats": {"tipCount": 35, "usersCount": 1832, "checkinsCount": 3598}, "id": "4bbe60f8ba9776b04d9bfdc8", "name": "Novotel Ambassador Busan (\ub178\ubcf4\ud154\uc570\ubc30\uc11c\ub354 \ubd80\uc0b0)", "beenHere": {"lastCheckinExpiredAt": 0}}, "suffix": "/11064959_rHBEROTjn2ScjasqTBucbelK3ukJDWNqliNa4NkRcj0.jpg", "visibility": "public"}, {"height": 720, "source": {"url": "https://foursquare.com/download/#/iphone", "name": "Foursquare for iOS"}, "width": 537, "prefix": "https://igx.4sqi.net/img/general/", "createdAt": 1349168424, "id": "506aad28e4b07740cab094d0", "venue": {"url": "http://www.starbucks.com.sg", "like": false, "location": {"formattedAddress": ["#01-37A, Thomson Plaza (301 Upper Thomson Rd)", "574408", "Singapore"], "city": "Singapore", "lng": 103.83084297180176, "cc": "SG", "country": "Singapore", "crossStreet": "301 Upper Thomson Rd", "lat": 1.3553493626997926, "address": "#01-37A, Thomson Plaza", "labeledLatLngs": [{"label": "display", "lat": 1.3553493626997926, "lng": 103.83084297180176}], "postalCode": "574408"}, "categories": [{"icon": {"prefix": "https://ss3.4sqi.net/img/categories_v2/food/coffeeshop_", "suffix": ".png"}, "name": "Coffee Shop", "id": "4bf58dd8d48988d1e0931735", "pluralName": "Coffee Shops", "primary": true, "shortName": "Coffee Shop"}], "verified": false, "contact": {"formattedPhone": "+65 6459 5865", "twitter": "sg_starbucks", "phone": "+6564595865"}, "allowMenuUrlEdit": true, "stats": {"tipCount": 60, "usersCount": 2884, "checkinsCount": 9206}, "id": "4b36f924f964a520bc3e25e3", "name": "Starbucks", "beenHere": {"lastCheckinExpiredAt": 0}}, "suffix": "/11064959_G5h74pYuEwTjJ5jAfJC37S2bp7EpMnkaNoVllYD0PQQ.jpg", "visibility": "public"}, {"height": 540, "source": {"url": "https://foursquare.com/download/#/iphone", "name": "Foursquare for iOS"}, "width": 402, "prefix": "https://igx.4sqi.net/img/general/", "createdAt": 1344594068, "id": "5024e094e4b06e6f04e439d2", "venue": {"like": false, "location": {"formattedAddress": ["45E, Jalan Ong Kim Wee", "75300 Melaka, Melaka", "Malaysia"], "city": "Melaka", "lng": 102.2436466900421, "cc": "MY", "state": "Melaka", "lat": 2.2024335309846887, "address": "45E, Jalan Ong Kim Wee", "labeledLatLngs": [{"label": "display", "lat": 2.2024335309846887, "lng": 102.2436466900421}], "postalCode": "75300", "country": "Malaysia"}, "categories": [{"icon": {"prefix": "https://ss3.4sqi.net/img/categories_v2/food/asian_", "suffix": ".png"}, "name": "Hotpot Restaurant", "id": "52af0bd33cf9994f4e043bdd", "pluralName": "Hotpot Restaurants", "primary": true, "shortName": "Hotpot"}], "verified": false, "contact": {"formattedPhone": "+60 6-284 1935", "phone": "+6062841935"}, "allowMenuUrlEdit": true, "stats": {"tipCount": 137, "usersCount": 12419, "checkinsCount": 18533}, "id": "4cfcd92b0df3236a16ef00aa", "name": "Ban Lee Siang Sate Celup (Ban Lee Siang Sate Celup (\u4e07\u91cc\u9999\u6c99\u7239\u6731\u6d25))", "beenHere": {"lastCheckinExpiredAt": 0}}, "suffix": "/JEa5UQgFZ14yfuk8oknUkR1ApzovAKb8ZXiQWOYMuKQ.jpg", "visibility": "public"}, {"height": 540, "source": {"url": "https://foursquare.com/download/#/iphone", "name": "Foursquare for iOS"}, "width": 402, "prefix": "https://igx.4sqi.net/img/general/", "createdAt": 1344593482, "id": "5024de4ae4b03086f34eb69c", "venue": {"like": false, "location": {"formattedAddress": ["45E, Jalan Ong Kim Wee", "75300 Melaka, Melaka", "Malaysia"], "city": "Melaka", "lng": 102.2436466900421, "cc": "MY", "state": "Melaka", "lat": 2.2024335309846887, "address": "45E, Jalan Ong Kim Wee", "labeledLatLngs": [{"label": "display", "lat": 2.2024335309846887, "lng": 102.2436466900421}], "postalCode": "75300", "country": "Malaysia"}, "categories": [{"icon": {"prefix": "https://ss3.4sqi.net/img/categories_v2/food/asian_", "suffix": ".png"}, "name": "Hotpot Restaurant", "id": "52af0bd33cf9994f4e043bdd", "pluralName": "Hotpot Restaurants", "primary": true, "shortName": "Hotpot"}], "verified": false, "contact": {"formattedPhone": "+60 6-284 1935", "phone": "+6062841935"}, "allowMenuUrlEdit": true, "stats": {"tipCount": 137, "usersCount": 12419, "checkinsCount": 18533}, "id": "4cfcd92b0df3236a16ef00aa", "name": "Ban Lee Siang Sate Celup (Ban Lee Siang Sate Celup (\u4e07\u91cc\u9999\u6c99\u7239\u6731\u6d25))", "beenHere": {"lastCheckinExpiredAt": 0}}, "suffix": "/2_BKKq0W3i3p400eln6J92QlSORBKsTXyTyQPvS_5wk.jpg", "visibility": "public"}, {"height": 540, "source": {"url": "https://foursquare.com/download/#/iphone", "name": "Foursquare for iOS"}, "width": 402, "prefix": "https://igx.4sqi.net/img/general/", "createdAt": 1344574810, "id": "5024955ae4b0ea30b585c812", "venue": {"like": false, "location": {"city": "Melaka", "state": "Melaka", "cc": "MY", "country": "Malaysia", "lat": 2.195534007549631, "lng": 102.24759167141167, "labeledLatLngs": [{"label": "display", "lat": 2.195534007549631, "lng": 102.24759167141167}], "formattedAddress": ["Melaka, Melaka", "Malaysia"]}, "categories": [{"icon": {"prefix": "https://ss3.4sqi.net/img/categories_v2/food/asian_", "suffix": ".png"}, "name": "Asian Restaurant", "id": "4bf58dd8d48988d142941735", "pluralName": "Asian Restaurants", "primary": true, "shortName": "Asian"}], "verified": false, "contact": {}, "allowMenuUrlEdit": true, "stats": {"tipCount": 9, "usersCount": 957, "checkinsCount": 999}, "id": "4d731b72311f6ea834d2e5ea", "name": "\u53e4\u57ce\u96de\u98ef\u7c92", "beenHere": {"lastCheckinExpiredAt": 0}}, "suffix": "/rQDmKSxR-LepWyN1bFkRfvHAwRctPWK5yLG_8mcW-PM.jpg", "visibility": "public"}, {"height": 720, "source": {"url": "https://foursquare.com/download/#/iphone", "name": "Foursquare for iOS"}, "width": 537, "prefix": "https://igx.4sqi.net/img/general/", "createdAt": 1343838768, "id": "50195a30e4b0b9162c05c137", "venue": {"url": "http://www.thelalit.com/hotels-in-mumbai/", "like": false, "location": {"formattedAddress": ["Sahar Airport Road", "Mumbai 400 059", "Mah\u0101r\u0101shtra", "India"], "city": "Mumbai", "lng": 72.87564873651529, "cc": "IN", "state": "Mah\u0101r\u0101shtra", "lat": 19.105624386225045, "address": "Sahar Airport Road", "labeledLatLngs": [{"label": "display", "lat": 19.105624386225045, "lng": 72.87564873651529}], "postalCode": "400 059", "country": "India"}, "categories": [{"icon": {"prefix": "https://ss3.4sqi.net/img/categories_v2/travel/hotel_", "suffix": ".png"}, "name": "Hotel", "id": "4bf58dd8d48988d1fa931735", "pluralName": "Hotels", "primary": true, "shortName": "Hotel"}], "verified": false, "contact": {"twitter": "thelalithotels", "facebookName": "The LaLiT Hotels, Palaces & Resorts", "formattedPhone": "+91 22 6699 2222", "phone": "+912266992222", "facebookUsername": "TheLaLit.Hotels.Palaces.and.Resorts", "facebook": "230588373654"}, "allowMenuUrlEdit": true, "stats": {"tipCount": 25, "usersCount": 2057, "checkinsCount": 3100}, "id": "4b0587c9f964a520c2a122e3", "name": "The Lalit", "beenHere": {"lastCheckinExpiredAt": 0}}, "suffix": "/Df__YAEsRSVyl_LdqwNBwGerSWxhCAUb8Qjt7K1hyjs.jpg", "visibility": "public"}, {"height": 537, "source": {"url": "https://foursquare.com/download/#/iphone", "name": "Foursquare for iOS"}, "width": 720, "prefix": "https://igx.4sqi.net/img/general/", "createdAt": 1343785715, "id": "50188af3e4b07b4e9e4b234c", "venue": {"like": false, "location": {"formattedAddress": ["C4/6, GIDC Old National Highway-8", "Ankleshwar 393002", "Gujar\u0101t", "India"], "city": "Ankleshwar", "lng": 72.9847082175176, "cc": "IN", "state": "Gujar\u0101t", "lat": 21.62425774609233, "address": "C4/6, GIDC Old National Highway-8", "labeledLatLngs": [{"label": "display", "lat": 21.62425774609233, "lng": 72.9847082175176}], "postalCode": "393002", "country": "India"}, "categories": [{"icon": {"prefix": "https://ss3.4sqi.net/img/categories_v2/travel/hotel_", "suffix": ".png"}, "name": "Hotel", "id": "4bf58dd8d48988d1fa931735", "pluralName": "Hotels", "primary": true, "shortName": "Hotel"}], "verified": false, "contact": {"formattedPhone": "+91 2646 239 444", "phone": "+912646239444"}, "allowMenuUrlEdit": true, "stats": {"tipCount": 2, "usersCount": 102, "checkinsCount": 620}, "id": "4bdee125fe0e62b55f050606", "name": "Lords Plaza Hotel Ankleshwar", "beenHere": {"lastCheckinExpiredAt": 0}}, "suffix": "/ls2RA1JxltrBEdJkP6ztVi9-RF8NFyAKSqcVFfYi28o.jpg", "visibility": "public"}, {"height": 537, "source": {"url": "https://foursquare.com/download/#/iphone", "name": "Foursquare for iOS"}, "width": 720, "prefix": "https://igx.4sqi.net/img/general/", "createdAt": 1343785701, "id": "50188ae5e4b08e79c5d078f9", "venue": {"like": false, "location": {"formattedAddress": ["C4/6, GIDC Old National Highway-8", "Ankleshwar 393002", "Gujar\u0101t", "India"], "city": "Ankleshwar", "lng": 72.9847082175176, "cc": "IN", "state": "Gujar\u0101t", "lat": 21.62425774609233, "address": "C4/6, GIDC Old National Highway-8", "labeledLatLngs": [{"label": "display", "lat": 21.62425774609233, "lng": 72.9847082175176}], "postalCode": "393002", "country": "India"}, "categories": [{"icon": {"prefix": "https://ss3.4sqi.net/img/categories_v2/travel/hotel_", "suffix": ".png"}, "name": "Hotel", "id": "4bf58dd8d48988d1fa931735", "pluralName": "Hotels", "primary": true, "shortName": "Hotel"}], "verified": false, "contact": {"formattedPhone": "+91 2646 239 444", "phone": "+912646239444"}, "allowMenuUrlEdit": true, "stats": {"tipCount": 2, "usersCount": 102, "checkinsCount": 620}, "id": "4bdee125fe0e62b55f050606", "name": "Lords Plaza Hotel Ankleshwar", "beenHere": {"lastCheckinExpiredAt": 0}}, "suffix": "/8xCQEN3eZzL6v_NAVmJ1YyLLIv2Th84966MmtTVOXCc.jpg", "visibility": "public"}, {"height": 537, "source": {"url": "https://foursquare.com/download/#/iphone", "name": "Foursquare for iOS"}, "width": 720, "prefix": "https://igx.4sqi.net/img/general/", "createdAt": 1343785691, "id": "50188adbe4b045495f83462c", "venue": {"like": false, "location": {"formattedAddress": ["C4/6, GIDC Old National Highway-8", "Ankleshwar 393002", "Gujar\u0101t", "India"], "city": "Ankleshwar", "lng": 72.9847082175176, "cc": "IN", "state": "Gujar\u0101t", "lat": 21.62425774609233, "address": "C4/6, GIDC Old National Highway-8", "labeledLatLngs": [{"label": "display", "lat": 21.62425774609233, "lng": 72.9847082175176}], "postalCode": "393002", "country": "India"}, "categories": [{"icon": {"prefix": "https://ss3.4sqi.net/img/categories_v2/travel/hotel_", "suffix": ".png"}, "name": "Hotel", "id": "4bf58dd8d48988d1fa931735", "pluralName": "Hotels", "primary": true, "shortName": "Hotel"}], "verified": false, "contact": {"formattedPhone": "+91 2646 239 444", "phone": "+912646239444"}, "allowMenuUrlEdit": true, "stats": {"tipCount": 2, "usersCount": 102, "checkinsCount": 620}, "id": "4bdee125fe0e62b55f050606", "name": "Lords Plaza Hotel Ankleshwar", "beenHere": {"lastCheckinExpiredAt": 0}}, "suffix": "/34fmEgIYXZ9oZy4JN2TXQ22fr5p_C0xADukLeFWpQl4.jpg", "visibility": "public"}, {"height": 537, "source": {"url": "https://foursquare.com/download/#/iphone", "name": "Foursquare for iOS"}, "width": 720, "prefix": "https://igx.4sqi.net/img/general/", "createdAt": 1319869701, "id": "4eab9d056c250fcc74ae70a6", "venue": {"venueRatingBlacklisted": true, "like": false, "location": {"formattedAddress": ["358390", "Singapore"], "cc": "SG", "country": "Singapore", "lat": 1.333375535481879, "lng": 103.86318321539844, "labeledLatLngs": [{"label": "display", "lat": 1.333375535481879, "lng": 103.86318321539844}], "postalCode": "358390"}, "categories": [{"icon": {"prefix": "https://ss3.4sqi.net/img/categories_v2/building/auditorium_", "suffix": ".png"}, "name": "College Auditorium", "id": "4bf58dd8d48988d1af941735", "pluralName": "College Auditoriums", "primary": true, "shortName": "Auditorium"}], "verified": false, "contact": {}, "beenHere": {"lastCheckinExpiredAt": 0}, "stats": {"tipCount": 0, "usersCount": 127, "checkinsCount": 555}, "id": "4d50f6e871548cfa24f2159a", "name": "SAJC Cultural Centre"}, "suffix": "/0YEUH5J4OREDGKYRFW2IR15JU0G5BQYRQHNFQ4ANY31DPST4.jpg", "visibility": "public"}, {"height": 537, "source": {"url": "https://foursquare.com/download/#/iphone", "name": "Foursquare for iOS"}, "width": 720, "prefix": "https://igx.4sqi.net/img/general/", "createdAt": 1319165527, "id": "4ea0de57f5b95c212ab01729", "venue": {"like": false, "location": {"city": "Sai Yan Pun", "lng": 114.13819402456284, "cc": "HK", "country": "\u9999\u6e2f", "lat": 22.287225129382325, "address": "334-350 Des Voeux Rd W", "labeledLatLngs": [{"label": "display", "lat": 22.287225129382325, "lng": 114.13819402456284}], "formattedAddress": ["334-350 Des Voeux Rd W", "\u9999\u6e2f"]}, "categories": [{"icon": {"prefix": "https://ss3.4sqi.net/img/categories_v2/food/asian_", "suffix": ".png"}, "name": "Cha Chaan Teng", "id": "58daa1558bbb0b01f18ec1d3", "pluralName": "Cha Chaan Tengs", "primary": true, "shortName": "Cha Chaan Teng"}], "verified": false, "contact": {"formattedPhone": "+852 2547 4618", "phone": "+85225474618"}, "allowMenuUrlEdit": true, "stats": {"tipCount": 3, "usersCount": 80, "checkinsCount": 143}, "id": "4d50d3064015b1f7f74f6acf", "name": "Sun Chiu Kee \u65b0\u91d7\u8a18", "beenHere": {"lastCheckinExpiredAt": 0}}, "suffix": "/E2BXZ3GEWMONREY5H2R5GY5CNBJVET3R132KVJJYEK0UWLON.jpg", "visibility": "public"}, {"height": 537, "source": {"url": "https://foursquare.com/download/#/iphone", "name": "Foursquare for iOS"}, "width": 720, "prefix": "https://igx.4sqi.net/img/general/", "createdAt": 1316860562, "id": "4e7db2928b81469d83ff2e69", "venue": {"like": false, "location": {"formattedAddress": ["229 Upper Thomson Rd.", "574361", "Singapore"], "city": "Singapore", "lng": 103.83447882605039, "cc": "SG", "country": "Singapore", "lat": 1.3530337497991949, "address": "229 Upper Thomson Rd.", "labeledLatLngs": [{"label": "display", "lat": 1.3530337497991949, "lng": 103.83447882605039}], "postalCode": "574361"}, "categories": [{"icon": {"prefix": "https://ss3.4sqi.net/img/categories_v2/food/cafe_", "suffix": ".png"}, "name": "Caf\u00e9", "id": "4bf58dd8d48988d16d941735", "pluralName": "Caf\u00e9s", "primary": true, "shortName": "Caf\u00e9"}], "verified": false, "contact": {}, "allowMenuUrlEdit": true, "stats": {"tipCount": 11, "usersCount": 176, "checkinsCount": 398}, "id": "4e60c0a22271573ad6d9ff74", "name": "Yi Jia Bakery House Cafe", "beenHere": {"lastCheckinExpiredAt": 0}}, "suffix": "/OKGC3X1MLCPMQIOGZ1VN135FIVAHFA4IFLYR4CH112VJDXXB.jpg", "visibility": "public"}, {"height": 537, "source": {"url": "https://foursquare.com/download/#/iphone", "name": "Foursquare for iOS"}, "width": 720, "prefix": "https://igx.4sqi.net/img/general/", "createdAt": 1314710330, "id": "4e5ce33a483b1858596bde52", "venue": {"like": false, "location": {"city": "\u9547\u6c5f", "lng": 119.444817093607, "cc": "CN", "state": "\u6c5f\u82cf", "crossStreet": "\u6843\u82b1\u575e\u8def", "lat": 32.2066499740724, "address": "228 West Zhongshan Rd.", "labeledLatLngs": [{"label": "display", "lat": 32.2066499740724, "lng": 119.444817093607}], "formattedAddress": ["228 West Zhongshan Rd. (\u6843\u82b1\u575e\u8def)", "\u9547\u6c5f", "\u6c5f\u82cf"], "country": "\u4e2d\u56fd"}, "categories": [{"icon": {"prefix": "https://ss3.4sqi.net/img/categories_v2/shops/mall_", "suffix": ".png"}, "name": "Shopping Mall", "id": "4bf58dd8d48988d1fd941735", "pluralName": "Shopping Malls", "primary": true, "shortName": "Mall"}], "verified": false, "contact": {"formattedPhone": "0511 8897 5666", "phone": "051188975666"}, "allowMenuUrlEdit": true, "stats": {"tipCount": 1, "usersCount": 73, "checkinsCount": 182}, "id": "4b77940ef964a52076a22ee3", "name": "Yaohan (\u516b\u4f70\u4f34)", "beenHere": {"lastCheckinExpiredAt": 0}}, "suffix": "/3QJJIR14RXKFC5SN4C52O1ZZD1153EP050O3AVCFJJKBNMM2.jpg", "visibility": "public"}, {"height": 537, "source": {"url": "https://foursquare.com/download/#/iphone", "name": "Foursquare for iOS"}, "width": 720, "prefix": "https://igx.4sqi.net/img/general/", "createdAt": 1313326880, "id": "4e47c72014959d51c17498bf", "venue": {"like": false, "location": {"city": "\u5305\u5934\u5e02", "lng": 109.84502675130274, "cc": "CN", "state": "\u5185\u8499\u53e4", "lat": 40.65878516638615, "address": "66 MIN ZU EAST ROAD", "labeledLatLngs": [{"label": "display", "lat": 40.65878516638615, "lng": 109.84502675130274}], "formattedAddress": ["66 MIN ZU EAST ROAD", "\u5305\u5934\u5e02", "\u5185\u8499\u53e4"], "country": "\u4e2d\u56fd"}, "categories": [{"icon": {"prefix": "https://ss3.4sqi.net/img/categories_v2/travel/hotel_", "suffix": ".png"}, "name": "Hotel", "id": "4bf58dd8d48988d1fa931735", "pluralName": "Hotels", "primary": true, "shortName": "Hotel"}], "verified": false, "contact": {}, "allowMenuUrlEdit": true, "stats": {"tipCount": 2, "usersCount": 57, "checkinsCount": 168}, "id": "4bd1bc6a5e0cce7246e9a184", "name": "Shangri La Hotel Baotou", "beenHere": {"lastCheckinExpiredAt": 0}}, "suffix": "/FPE2Q1YTNI5FIK4DCPW5KBAXKDTADRZAEQLSURGLIF2ZVFHX.jpg", "visibility": "public"}, {"height": 537, "source": {"url": "https://foursquare.com/download/#/iphone", "name": "Foursquare for iOS"}, "width": 720, "prefix": "https://igx.4sqi.net/img/general/", "createdAt": 1313323624, "id": "4e47ba68d4c065cb6bb0679f", "venue": {"like": false, "location": {"city": "\u5305\u5934\u5e02", "lng": 109.84502675130274, "cc": "CN", "state": "\u5185\u8499\u53e4", "lat": 40.65878516638615, "address": "66 MIN ZU EAST ROAD", "labeledLatLngs": [{"label": "display", "lat": 40.65878516638615, "lng": 109.84502675130274}], "formattedAddress": ["66 MIN ZU EAST ROAD", "\u5305\u5934\u5e02", "\u5185\u8499\u53e4"], "country": "\u4e2d\u56fd"}, "categories": [{"icon": {"prefix": "https://ss3.4sqi.net/img/categories_v2/travel/hotel_", "suffix": ".png"}, "name": "Hotel", "id": "4bf58dd8d48988d1fa931735", "pluralName": "Hotels", "primary": true, "shortName": "Hotel"}], "verified": false, "contact": {}, "allowMenuUrlEdit": true, "stats": {"tipCount": 2, "usersCount": 57, "checkinsCount": 168}, "id": "4bd1bc6a5e0cce7246e9a184", "name": "Shangri La Hotel Baotou", "beenHere": {"lastCheckinExpiredAt": 0}}, "suffix": "/RRWF4GTJD5K1XXJJESHN2AJ4ETOYCIV3IBCIBWSNW2QHNCBF.jpg", "visibility": "public"}, {"height": 537, "source": {"url": "https://foursquare.com/download/#/iphone", "name": "Foursquare for iOS"}, "width": 720, "prefix": "https://igx.4sqi.net/img/general/", "createdAt": 1313322304, "id": "4e47b540183849317e87c301", "venue": {"like": false, "location": {"city": "\u5305\u5934\u5e02", "lng": 109.84502675130274, "cc": "CN", "state": "\u5185\u8499\u53e4", "lat": 40.65878516638615, "address": "66 MIN ZU EAST ROAD", "labeledLatLngs": [{"label": "display", "lat": 40.65878516638615, "lng": 109.84502675130274}], "formattedAddress": ["66 MIN ZU EAST ROAD", "\u5305\u5934\u5e02", "\u5185\u8499\u53e4"], "country": "\u4e2d\u56fd"}, "categories": [{"icon": {"prefix": "https://ss3.4sqi.net/img/categories_v2/travel/hotel_", "suffix": ".png"}, "name": "Hotel", "id": "4bf58dd8d48988d1fa931735", "pluralName": "Hotels", "primary": true, "shortName": "Hotel"}], "verified": false, "contact": {}, "allowMenuUrlEdit": true, "stats": {"tipCount": 2, "usersCount": 57, "checkinsCount": 168}, "id": "4bd1bc6a5e0cce7246e9a184", "name": "Shangri La Hotel Baotou", "beenHere": {"lastCheckinExpiredAt": 0}}, "suffix": "/ARIL4DPTDPR351XWQXEQ1DDHMAA1K5S3W45PKVDQ2AOEZRHV.jpg", "visibility": "public"}, {"height": 537, "source": {"url": "https://foursquare.com/download/#/iphone", "name": "Foursquare for iOS"}, "width": 720, "prefix": "https://igx.4sqi.net/img/general/", "createdAt": 1313147866, "id": "4e450bda45dd60ca5cf54979", "venue": {"like": false, "location": {"city": "\u5305\u5934\u5e02", "lng": 109.84502675130274, "cc": "CN", "state": "\u5185\u8499\u53e4", "lat": 40.65878516638615, "address": "66 MIN ZU EAST ROAD", "labeledLatLngs": [{"label": "display", "lat": 40.65878516638615, "lng": 109.84502675130274}], "formattedAddress": ["66 MIN ZU EAST ROAD", "\u5305\u5934\u5e02", "\u5185\u8499\u53e4"], "country": "\u4e2d\u56fd"}, "categories": [{"icon": {"prefix": "https://ss3.4sqi.net/img/categories_v2/travel/hotel_", "suffix": ".png"}, "name": "Hotel", "id": "4bf58dd8d48988d1fa931735", "pluralName": "Hotels", "primary": true, "shortName": "Hotel"}], "verified": false, "contact": {}, "allowMenuUrlEdit": true, "stats": {"tipCount": 2, "usersCount": 57, "checkinsCount": 168}, "id": "4bd1bc6a5e0cce7246e9a184", "name": "Shangri La Hotel Baotou", "beenHere": {"lastCheckinExpiredAt": 0}}, "suffix": "/RSIXLYFJHKZNST2VHVGBBG5MNPC25M4BBBGT4FOE4P41IG5X.jpg", "visibility": "public"}, {"height": 537, "source": {"url": "https://foursquare.com/download/#/iphone", "name": "Foursquare for iOS"}, "width": 720, "prefix": "https://igx.4sqi.net/img/general/", "createdAt": 1311158578, "id": "4e26b132628436bf4d696eed", "venue": {"like": false, "location": {"city": "\u5305\u5934\u5e02", "lng": 109.83737, "cc": "CN", "state": "\u5185\u8499\u53e4", "lat": 40.651743, "address": "No.1 Aerding Street", "labeledLatLngs": [{"label": "display", "lat": 40.651743, "lng": 109.83737}], "formattedAddress": ["No.1 Aerding Street", "\u5305\u5934\u5e02", "\u5185\u8499\u53e4"], "country": "\u4e2d\u56fd"}, "categories": [], "verified": false, "contact": {}, "beenHere": {"lastCheckinExpiredAt": 0}, "stats": {"tipCount": 5, "usersCount": 9, "checkinsCount": 48}, "id": "4bc8b70ac1c6eee101dcfd92", "name": "Shenhua International Hotel Baotou"}, "suffix": "/33ZFQY5D4OGFI3IPRGS22SGAFZCC5JLJ52ZTFS11NDWRQNI5.jpg", "visibility": "public"}, {"height": 537, "source": {"url": "https://foursquare.com/download/#/iphone", "name": "Foursquare for iOS"}, "width": 720, "prefix": "https://igx.4sqi.net/img/general/", "createdAt": 1311158514, "id": "4e26b0f2d16486291ba23e73", "venue": {"like": false, "location": {"city": "\u5305\u5934\u5e02", "lng": 109.83737, "cc": "CN", "state": "\u5185\u8499\u53e4", "lat": 40.651743, "address": "No.1 Aerding Street", "labeledLatLngs": [{"label": "display", "lat": 40.651743, "lng": 109.83737}], "formattedAddress": ["No.1 Aerding Street", "\u5305\u5934\u5e02", "\u5185\u8499\u53e4"], "country": "\u4e2d\u56fd"}, "categories": [], "verified": false, "contact": {}, "beenHere": {"lastCheckinExpiredAt": 0}, "stats": {"tipCount": 5, "usersCount": 9, "checkinsCount": 48}, "id": "4bc8b70ac1c6eee101dcfd92", "name": "Shenhua International Hotel Baotou"}, "suffix": "/KXABTLZI5U30D2A1XBWJRTF5Q0ZWAB1XKXOJKU34WQRK0BB4.jpg", "visibility": "public"}, {"height": 720, "source": {"url": "https://foursquare.com/download/#/iphone", "name": "Foursquare for iOS"}, "tip": {"agreeCount": 2, "canonicalUrl": "https://foursquare.com/item/4e1f8c5522717a5245b7b32e", "todo": {"count": 0}, "logView": true, "disagreeCount": 0, "createdAt": 1310690389, "id": "4e1f8c5522717a5245b7b32e", "text": "Cheapest soya milk I had ever drink......30cents in a big cup.", "likes": {"groups": [{"items": [{"photo": {"prefix": "https://igx.4sqi.net/img/user/", "suffix": "/DRK11K2KUMH3JAON.jpg"}, "id": "2308074", "firstName": "alvin-can", "gender": "male", "lastName": "tan"}, {"photo": {"prefix": "https://igx.4sqi.net/img/user/", "suffix": "/0FERJISJRAKSJUT0.jpg"}, "id": "4419837", "firstName": "Francis", "gender": "male", "lastName": "Tan"}], "count": 2, "type": "others"}], "count": 2, "summary": "2 likes"}, "like": false, "type": "user"}, "width": 537, "prefix": "https://igx.4sqi.net/img/general/", "createdAt": 1310690395, "id": "4e1f8c5b22717a5245b7b36b", "venue": {"like": false, "location": {"formattedAddress": ["209 Hougang St. 21", "530209", "Singapore"], "city": "Singapore", "lng": 103.88584527501436, "cc": "SG", "country": "Singapore", "lat": 1.3592382108116952, "address": "209 Hougang St. 21", "postalCode": "530209"}, "categories": [{"icon": {"prefix": "https://ss3.4sqi.net/img/categories_v2/shops/food_foodcourt_", "suffix": ".png"}, "name": "Food Court", "id": "4bf58dd8d48988d120951735", "pluralName": "Food Courts", "primary": true, "shortName": "Food Court"}], "verified": false, "contact": {}, "allowMenuUrlEdit": true, "stats": {"tipCount": 159, "usersCount": 6797, "checkinsCount": 20815}, "id": "4b4834b3f964a520154a26e3", "name": "Kovan Hougang Market & Food Centre", "beenHere": {"lastCheckinExpiredAt": 0}}, "suffix": "/4FSSBD0RWGZG0XIKCR50HRZJCASS4DKSCAE0DZY2XB5PXFYI.jpg", "visibility": "public"}, {"height": 537, "source": {"url": "https://foursquare.com/download/#/iphone", "name": "Foursquare for iOS"}, "width": 720, "prefix": "https://igx.4sqi.net/img/general/", "createdAt": 1309807686, "id": "4e1214461495c8d31bcc5fff", "venue": {"like": false, "location": {"formattedAddress": ["7 place Charles Hernu", "69100 Villeurbanne", "France"], "city": "Villeurbanne", "lng": 4.863682470784739, "cc": "FR", "state": "Rh\u00f4ne-Alpes", "lat": 45.77072199628565, "address": "7 place Charles Hernu", "labeledLatLngs": [{"label": "display", "lat": 45.77072199628565, "lng": 4.863682470784739}], "postalCode": "69100", "country": "France"}, "categories": [{"icon": {"prefix": "https://ss3.4sqi.net/img/categories_v2/travel/hotel_", "suffix": ".png"}, "name": "Hotel", "id": "4bf58dd8d48988d1fa931735", "pluralName": "Hotels", "primary": true, "shortName": "Hotel"}], "verified": false, "contact": {"formattedPhone": "+33 4 72 44 46 46", "phone": "+33472444646"}, "allowMenuUrlEdit": true, "stats": {"tipCount": 0, "usersCount": 97, "checkinsCount": 167}, "id": "4d07c59ba2685481e36dc8bd", "name": "Hotel Mercure", "beenHere": {"lastCheckinExpiredAt": 0}}, "suffix": "/Z3CINJBFBGYW11VL2BJG5EH4CA05J2BQVHWUEI532B1JD1IU.jpg", "visibility": "public"}, {"height": 537, "source": {"url": "https://foursquare.com/download/#/iphone", "name": "Foursquare for iOS"}, "width": 720, "prefix": "https://igx.4sqi.net/img/general/", "createdAt": 1309807676, "id": "4e12143ca809291902bc71e4", "venue": {"like": false, "location": {"formattedAddress": ["7 place Charles Hernu", "69100 Villeurbanne", "France"], "city": "Villeurbanne", "lng": 4.863682470784739, "cc": "FR", "state": "Rh\u00f4ne-Alpes", "lat": 45.77072199628565, "address": "7 place Charles Hernu", "labeledLatLngs": [{"label": "display", "lat": 45.77072199628565, "lng": 4.863682470784739}], "postalCode": "69100", "country": "France"}, "categories": [{"icon": {"prefix": "https://ss3.4sqi.net/img/categories_v2/travel/hotel_", "suffix": ".png"}, "name": "Hotel", "id": "4bf58dd8d48988d1fa931735", "pluralName": "Hotels", "primary": true, "shortName": "Hotel"}], "verified": false, "contact": {"formattedPhone": "+33 4 72 44 46 46", "phone": "+33472444646"}, "allowMenuUrlEdit": true, "stats": {"tipCount": 0, "usersCount": 97, "checkinsCount": 167}, "id": "4d07c59ba2685481e36dc8bd", "name": "Hotel Mercure", "beenHere": {"lastCheckinExpiredAt": 0}}, "suffix": "/HHZLHMW5IVU5G42C0TH2SXN5OWXUFJKYQBM5VX3GAE2AAXNR.jpg", "visibility": "public"}, {"height": 537, "source": {"url": "https://foursquare.com/download/#/iphone", "name": "Foursquare for iOS"}, "width": 720, "prefix": "https://igx.4sqi.net/img/general/", "createdAt": 1309807667, "id": "4e121433aeb74afe60c2f2a2", "venue": {"like": false, "location": {"formattedAddress": ["7 place Charles Hernu", "69100 Villeurbanne", "France"], "city": "Villeurbanne", "lng": 4.863682470784739, "cc": "FR", "state": "Rh\u00f4ne-Alpes", "lat": 45.77072199628565, "address": "7 place Charles Hernu", "labeledLatLngs": [{"label": "display", "lat": 45.77072199628565, "lng": 4.863682470784739}], "postalCode": "69100", "country": "France"}, "categories": [{"icon": {"prefix": "https://ss3.4sqi.net/img/categories_v2/travel/hotel_", "suffix": ".png"}, "name": "Hotel", "id": "4bf58dd8d48988d1fa931735", "pluralName": "Hotels", "primary": true, "shortName": "Hotel"}], "verified": false, "contact": {"formattedPhone": "+33 4 72 44 46 46", "phone": "+33472444646"}, "allowMenuUrlEdit": true, "stats": {"tipCount": 0, "usersCount": 97, "checkinsCount": 167}, "id": "4d07c59ba2685481e36dc8bd", "name": "Hotel Mercure", "beenHere": {"lastCheckinExpiredAt": 0}}, "suffix": "/XPDDLNTB4IBGAUYTROK5FRIZB0AYLK2QBCXJH1ZJ4G2IUCOL.jpg", "visibility": "public"}, {"height": 537, "source": {"url": "https://foursquare.com/download/#/iphone", "name": "Foursquare for iOS"}, "width": 720, "prefix": "https://igx.4sqi.net/img/general/", "createdAt": 1309807656, "id": "4e121428e4cdef074b793655", "venue": {"like": false, "location": {"formattedAddress": ["7 place Charles Hernu", "69100 Villeurbanne", "France"], "city": "Villeurbanne", "lng": 4.863682470784739, "cc": "FR", "state": "Rh\u00f4ne-Alpes", "lat": 45.77072199628565, "address": "7 place Charles Hernu", "labeledLatLngs": [{"label": "display", "lat": 45.77072199628565, "lng": 4.863682470784739}], "postalCode": "69100", "country": "France"}, "categories": [{"icon": {"prefix": "https://ss3.4sqi.net/img/categories_v2/travel/hotel_", "suffix": ".png"}, "name": "Hotel", "id": "4bf58dd8d48988d1fa931735", "pluralName": "Hotels", "primary": true, "shortName": "Hotel"}], "verified": false, "contact": {"formattedPhone": "+33 4 72 44 46 46", "phone": "+33472444646"}, "allowMenuUrlEdit": true, "stats": {"tipCount": 0, "usersCount": 97, "checkinsCount": 167}, "id": "4d07c59ba2685481e36dc8bd", "name": "Hotel Mercure", "beenHere": {"lastCheckinExpiredAt": 0}}, "suffix": "/OWUCSVMKE3IT5OIM2OCEFFPZ1XCN21Q3U4CJOAU5S5HKSK4D.jpg", "visibility": "public"}], "count": 73}, "totalCount": 73}}