{"response": {"totalCount": 18, "photos": {"count": 18, "items": [{"tip": {"todo": {"count": 0}, "type": "user", "agreeCount": 0, "text": "It tastes just like ayam penyet ria", "createdAt": 1407927624, "logView": true, "id": "53eb4548498e4a9bb115489e", "disagreeCount": 0, "canonicalUrl": "https://foursquare.com/item/53eb4548498e4a9bb115489e", "likes": {"groups": [], "count": 0}, "like": false}, "width": 960, "visibility": "public", "createdAt": 1407927627, "id": "53eb454b11d2091985b8da0b", "source": {"name": "Foursquare for iOS", "url": "https://foursquare.com/download/#/iphone"}, "prefix": "https://igx.4sqi.net/img/general/", "suffix": "/11060031_xGYb5WIJJfJRBcuhVNnSrmAXNA4_M8qhee7zGi3dVx0.jpg", "venue": {"contact": {}, "name": "Penyet Town", "categories": [{"name": "Indonesian Restaurant", "shortName": "Indonesian", "primary": true, "icon": {"prefix": "https://ss3.4sqi.net/img/categories_v2/food/indonesian_", "suffix": ".png"}, "id": "4deefc054765f83613cdba6f", "pluralName": "Indonesian Restaurants"}], "beenHere": {"lastCheckinExpiredAt": 0}, "stats": {"checkinsCount": 381, "tipCount": 8, "usersCount": 229}, "verified": false, "id": "4fdc1a67be77dde69e36f47f", "location": {"country": "Singapore", "formattedAddress": ["#01-31, Junction 10 (1 Woodlands Rd.)", "677899", "Singapore"], "cc": "SG", "lat": 1.3803109866579562, "labeledLatLngs": [{"lng": 103.76067931604909, "lat": 1.3803109866579562, "label": "display"}], "postalCode": "677899", "address": "#01-31, Junction 10", "lng": 103.76067931604909, "city": "Singapore", "crossStreet": "1 Woodlands Rd."}, "like": false, "allowMenuUrlEdit": true}, "height": 720}, {"width": 640, "visibility": "public", "createdAt": 1358232221, "id": "50f4fa9de4b05f2e65c38ef4", "source": {"name": "Foursquare for BlackBerry", "url": "https://foursquare.com/download/#/blackberry"}, "prefix": "https://igx.4sqi.net/img/general/", "suffix": "/11060031_BLVegfkF_lzboZi81L9cW0y9EKhrOTYkTiMLJN54uzg.jpg", "venue": {"contact": {}, "name": "Subway", "categories": [{"name": "Sandwich Place", "shortName": "Sandwiches", "primary": true, "icon": {"prefix": "https://ss3.4sqi.net/img/categories_v2/food/deli_", "suffix": ".png"}, "id": "4bf58dd8d48988d1c5941735", "pluralName": "Sandwich Places"}], "beenHere": {"lastCheckinExpiredAt": 0}, "stats": {"checkinsCount": 1109, "tipCount": 8, "usersCount": 581}, "verified": false, "id": "4d0af1c1109d6dcb6f628c8d", "location": {"country": "Singapore", "formattedAddress": ["#01-01/02 Khoo Teck Puat Hospital (KTPH)", "768828", "Singapore"], "cc": "SG", "lat": 1.4242482787939712, "labeledLatLngs": [{"lng": 103.83844725698319, "lat": 1.4242482787939712, "label": "display"}], "postalCode": "768828", "address": "#01-01/02 Khoo Teck Puat Hospital (KTPH)", "lng": 103.83844725698319, "city": "Singapore"}, "like": false, "allowMenuUrlEdit": true}, "height": 480}, {"width": 460, "visibility": "public", "createdAt": 1342263257, "id": "50014fd9e4b06c76d0541597", "source": {"name": "Foursquare for BlackBerry", "url": "https://foursquare.com/download/#/blackberry"}, "prefix": "https://igx.4sqi.net/img/general/", "suffix": "/c_gdrYzf0xIqcbv9XSzE-jGilXsTBMgqi9gsVJa7UC0.jpg", "venue": {"contact": {"phone": "+6566360903", "formattedPhone": "+65 6636 0903"}, "categories": [{"name": "Tea Room", "shortName": "Tea Room", "primary": true, "icon": {"prefix": "https://ss3.4sqi.net/img/categories_v2/food/tearoom_", "suffix": ".png"}, "id": "4bf58dd8d48988d1dc931735", "pluralName": "Tea Rooms"}], "closed": true, "beenHere": {"lastCheckinExpiredAt": 0}, "location": {"country": "Singapore", "formattedAddress": ["#B1-16/19, Scotts Square (6 Scotts Rd)", "228209", "Singapore"], "cc": "SG", "lat": 1.30584734990376, "postalCode": "228209", "address": "#B1-16/19, Scotts Square", "lng": 103.8328360318701, "city": "Singapore", "crossStreet": "6 Scotts Rd"}, "like": false, "allowMenuUrlEdit": true, "name": "Delicious", "url": "http://www.thedeliciousgroup.com.sg", "stats": {"checkinsCount": 1918, "tipCount": 42, "usersCount": 1271}, "verified": false, "id": "4ebc8721e5e8c3fc3bf67960"}, "height": 345}, {"width": 460, "visibility": "public", "createdAt": 1341365537, "id": "4ff39d21e4b0cdc6b6c53a6d", "source": {"name": "Foursquare for BlackBerry", "url": "https://foursquare.com/download/#/blackberry"}, "prefix": "https://igx.4sqi.net/img/general/", "suffix": "/v9i7qfpC8NXqpRT5v7HnaIy7rUywC_BDxaF77frcvkA.jpg", "venue": {"contact": {"phone": "+6567635908", "formattedPhone": "+65 6763 5908"}, "name": "McDonald's / McCaf\u00e9", "categories": [{"name": "Fast Food Restaurant", "shortName": "Fast Food", "primary": true, "icon": {"prefix": "https://ss3.4sqi.net/img/categories_v2/food/fastfood_", "suffix": ".png"}, "id": "4bf58dd8d48988d16e941735", "pluralName": "Fast Food Restaurants"}], "beenHere": {"lastCheckinExpiredAt": 0}, "stats": {"checkinsCount": 14823, "tipCount": 30, "usersCount": 5502}, "verified": false, "url": "http://www.mcdonalds.com.sg", "id": "4b0953a3f964a520b91523e3", "location": {"country": "Singapore", "formattedAddress": ["#01-20, Lot 1 Shopper's Mall (21 Choa Chu Kang Ave 4)", "689812", "Singapore"], "cc": "SG", "lat": 1.3856871938849817, "labeledLatLngs": [{"lng": 103.74471187591553, "lat": 1.3856871938849817, "label": "display"}], "postalCode": "689812", "address": "#01-20, Lot 1 Shopper's Mall", "lng": 103.74471187591553, "city": "Singapore", "crossStreet": "21 Choa Chu Kang Ave 4"}, "like": false, "allowMenuUrlEdit": true}, "height": 345}, {"width": 460, "visibility": "public", "createdAt": 1340537587, "id": "4fe6faf3e4b0657298af123f", "source": {"name": "Foursquare for BlackBerry", "url": "https://foursquare.com/download/#/blackberry"}, "prefix": "https://igx.4sqi.net/img/general/", "suffix": "/rOADEJzeUUubHSB6dob2uuqM1dpAIEdNZI89VkP1fMU.jpg", "venue": {"contact": {"twitter": "kfc_sg", "phone": "+6567642961", "formattedPhone": "+65 6764 2961"}, "name": "KFC", "categories": [{"name": "Fried Chicken Joint", "shortName": "Fried Chicken", "primary": true, "icon": {"prefix": "https://ss3.4sqi.net/img/categories_v2/food/friedchicken_", "suffix": ".png"}, "id": "4d4ae6fc7a7b7dea34424761", "pluralName": "Fried Chicken Joints"}], "beenHere": {"lastCheckinExpiredAt": 0}, "stats": {"checkinsCount": 4407, "tipCount": 12, "usersCount": 2133}, "verified": false, "id": "4b934f22f964a520803f34e3", "location": {"country": "Singapore", "formattedAddress": ["#B1-28/29, Lot 1 Shoppers' Mall (21 Choa Chu Kang Ave 4)", "689812", "Singapore"], "cc": "SG", "lat": 1.3851723602991715, "labeledLatLngs": [{"lng": 103.74526977539062, "lat": 1.3851723602991715, "label": "display"}], "postalCode": "689812", "address": "#B1-28/29, Lot 1 Shoppers' Mall", "lng": 103.74526977539062, "city": "Singapore", "crossStreet": "21 Choa Chu Kang Ave 4"}, "like": false, "allowMenuUrlEdit": true}, "height": 345}, {"width": 460, "visibility": "public", "createdAt": 1340247629, "id": "4fe28e4de4b044e6b969bd57", "source": {"name": "Foursquare for BlackBerry", "url": "https://foursquare.com/download/#/blackberry"}, "prefix": "https://igx.4sqi.net/img/general/", "suffix": "/41BsN5cYDz3lLAHi0Y8lupqCs5r97ZqBSsv7NbTsMqA.jpg", "venue": {"contact": {"twitter": "kfc_sg", "phone": "+6567935501", "formattedPhone": "+65 6793 5501"}, "name": "KFC", "categories": [{"name": "Fried Chicken Joint", "shortName": "Fried Chicken", "primary": true, "icon": {"prefix": "https://ss3.4sqi.net/img/categories_v2/food/friedchicken_", "suffix": ".png"}, "id": "4d4ae6fc7a7b7dea34424761", "pluralName": "Fried Chicken Joints"}], "beenHere": {"lastCheckinExpiredAt": 0}, "stats": {"checkinsCount": 5504, "tipCount": 20, "usersCount": 2817}, "verified": false, "url": "http://www.kfc.com.sg", "id": "4bbc7606e4529521e4e055a4", "location": {"country": "Singapore", "formattedAddress": ["#01-30 Jurong Point (JP1) (1 Jurong West Central 2)", "648886", "Singapore"], "cc": "SG", "lat": 1.3398499696738306, "labeledLatLngs": [{"lng": 103.70656657178786, "lat": 1.3398499696738306, "label": "display"}], "postalCode": "648886", "address": "#01-30 Jurong Point (JP1)", "lng": 103.70656657178786, "city": "Singapore", "crossStreet": "1 Jurong West Central 2"}, "like": false, "allowMenuUrlEdit": true}, "height": 345}, {"width": 343, "visibility": "public", "createdAt": 1338686906, "id": "4fcabdbae4b01eaa00dee364", "source": {"name": "Foursquare for BlackBerry", "url": "https://foursquare.com/download/#/blackberry"}, "prefix": "https://igx.4sqi.net/img/general/", "suffix": "/Idg-h_c8u3XKyINnbdzxpHMxDmYITSNcbNjH_ehraW0.jpg", "venue": {"contact": {"phone": "+6567635908", "formattedPhone": "+65 6763 5908"}, "name": "McDonald's / McCaf\u00e9", "categories": [{"name": "Fast Food Restaurant", "shortName": "Fast Food", "primary": true, "icon": {"prefix": "https://ss3.4sqi.net/img/categories_v2/food/fastfood_", "suffix": ".png"}, "id": "4bf58dd8d48988d16e941735", "pluralName": "Fast Food Restaurants"}], "beenHere": {"lastCheckinExpiredAt": 0}, "stats": {"checkinsCount": 14823, "tipCount": 30, "usersCount": 5502}, "verified": false, "url": "http://www.mcdonalds.com.sg", "id": "4b0953a3f964a520b91523e3", "location": {"country": "Singapore", "formattedAddress": ["#01-20, Lot 1 Shopper's Mall (21 Choa Chu Kang Ave 4)", "689812", "Singapore"], "cc": "SG", "lat": 1.3856871938849817, "labeledLatLngs": [{"lng": 103.74471187591553, "lat": 1.3856871938849817, "label": "display"}], "postalCode": "689812", "address": "#01-20, Lot 1 Shopper's Mall", "lng": 103.74471187591553, "city": "Singapore", "crossStreet": "21 Choa Chu Kang Ave 4"}, "like": false, "allowMenuUrlEdit": true}, "height": 460}, {"width": 343, "visibility": "public", "createdAt": 1330329046, "id": "4f4b35d6e4b01739bcb464e6", "source": {"name": "Foursquare for BlackBerry", "url": "https://foursquare.com/download/#/blackberry"}, "prefix": "https://igx.4sqi.net/img/general/", "suffix": "/HQ7vy245W8awLsGQLOnJgQIkLWViSHQ8BbdhVnE3VTY.jpg", "venue": {"contact": {"phone": "+6567652213", "formattedPhone": "+65 6765 2213"}, "name": "PastaMania", "categories": [{"name": "Italian Restaurant", "shortName": "Italian", "primary": true, "icon": {"prefix": "https://ss3.4sqi.net/img/categories_v2/food/italian_", "suffix": ".png"}, "id": "4bf58dd8d48988d110941735", "pluralName": "Italian Restaurants"}], "beenHere": {"lastCheckinExpiredAt": 0}, "stats": {"checkinsCount": 4506, "tipCount": 13, "usersCount": 1965}, "verified": false, "url": "http://www.pastamania.com.sg", "id": "4d5f50d95b276dcbd59106c6", "location": {"country": "Singapore", "formattedAddress": ["#03-02A, Lot One Shoppers' Mall (21 Choa Chu Kang Ave 4)", "689812", "Singapore"], "cc": "SG", "lat": 1.3848505892512213, "labeledLatLngs": [{"lng": 103.74486207962036, "lat": 1.3848505892512213, "label": "display"}], "postalCode": "689812", "address": "#03-02A, Lot One Shoppers' Mall", "lng": 103.74486207962036, "city": "Singapore", "crossStreet": "21 Choa Chu Kang Ave 4"}, "like": false, "allowMenuUrlEdit": true}, "height": 460}, {"width": 343, "visibility": "public", "createdAt": 1327111713, "id": "4f1a1e21e4b044fd342cc768", "source": {"name": "Foursquare for BlackBerry", "url": "https://foursquare.com/download/#/blackberry"}, "prefix": "https://igx.4sqi.net/img/general/", "suffix": "/L4EEPVTBRO1WWLLARF1W0XYH5TOFWMPID14LSHTL4V0OXVYY.jpg", "venue": {"contact": {}, "beenHere": {"lastCheckinExpiredAt": 0}, "name": "Chua Chu Kang Central Block 237", "categories": [{"name": "Home (private)", "shortName": "Home", "primary": true, "icon": {"prefix": "https://ss3.4sqi.net/img/categories_v2/building/home_", "suffix": ".png"}, "id": "4bf58dd8d48988d103941735", "pluralName": "Homes (private)"}], "venueRatingBlacklisted": true, "stats": {"checkinsCount": 91, "tipCount": 1, "usersCount": 14}, "verified": false, "id": "4d2987696e27a143a3cd2524", "location": {"country": "Singapore", "formattedAddress": ["Singapore"], "cc": "SG", "lat": 1.3786755336236596, "isFuzzed": true, "lng": 103.74629482147093}, "like": false}, "height": 460}, {"width": 460, "visibility": "public", "createdAt": 1320752551, "id": "4eb915a77ee5024d80881a1c", "source": {"name": "Foursquare for BlackBerry", "url": "https://foursquare.com/download/#/blackberry"}, "prefix": "https://igx.4sqi.net/img/general/", "suffix": "/CTMGNMD1KIHYJISB4DB3RI5FYH2E52RA3IUENMKO05MVGWOD.jpg", "venue": {"contact": {"phone": "+6565542742", "formattedPhone": "+65 6554 2742"}, "name": "McDonald's", "categories": [{"name": "Fast Food Restaurant", "shortName": "Fast Food", "primary": true, "icon": {"prefix": "https://ss3.4sqi.net/img/categories_v2/food/fastfood_", "suffix": ".png"}, "id": "4bf58dd8d48988d16e941735", "pluralName": "Fast Food Restaurants"}], "beenHere": {"lastCheckinExpiredAt": 0}, "stats": {"checkinsCount": 9335, "tipCount": 19, "usersCount": 2269}, "verified": false, "url": "http://www.mcdonalds.com.sg", "id": "4bd4f073cfa7b713c93025da", "location": {"country": "Singapore", "formattedAddress": ["Blk A, Lvl 2, North Wing Central North Centre, NYP (180 Ang Mo Kio Ave 8)", "569830", "Singapore"], "cc": "SG", "lat": 1.3806400253329216, "labeledLatLngs": [{"lng": 103.84910768226352, "lat": 1.3806400253329216, "label": "display"}], "postalCode": "569830", "address": "Blk A, Lvl 2, North Wing Central North Centre, NYP", "lng": 103.84910768226352, "city": "Singapore", "crossStreet": "180 Ang Mo Kio Ave 8"}, "like": false, "allowMenuUrlEdit": true}, "height": 345}, {"width": 460, "visibility": "public", "createdAt": 1320562569, "id": "4eb62f898b81a81f90e349bf", "source": {"name": "Foursquare for BlackBerry", "url": "https://foursquare.com/download/#/blackberry"}, "prefix": "https://igx.4sqi.net/img/general/", "suffix": "/DTBGXSTV2SZFK5ERSC4L0S4SVRBRV1R3CLHO4LZTWAN0TAT3.jpg", "venue": {"contact": {"phone": "+6567899106", "formattedPhone": "+65 6789 9106"}, "name": "KOI Caf\u00e9", "categories": [{"name": "Bubble Tea Shop", "shortName": "Bubble Tea", "primary": true, "icon": {"prefix": "https://ss3.4sqi.net/img/categories_v2/food/bubble_", "suffix": ".png"}, "id": "52e81612bcbc57f1066b7a0c", "pluralName": "Bubble Tea Shops"}], "beenHere": {"lastCheckinExpiredAt": 0}, "stats": {"checkinsCount": 17654, "tipCount": 88, "usersCount": 6327}, "verified": false, "id": "4d0a023d4abf721e5191c65e", "location": {"country": "Singapore", "formattedAddress": ["Blk 510 Tampines Central 1 #01-250", "520510", "Singapore"], "cc": "SG", "lat": 1.3549368827213124, "labeledLatLngs": [{"lng": 103.94423917423737, "lat": 1.3549368827213124, "label": "display"}], "postalCode": "520510", "address": "Blk 510 Tampines Central 1 #01-250", "lng": 103.94423917423737, "city": "Singapore"}, "like": false, "allowMenuUrlEdit": true}, "height": 345}, {"width": 460, "visibility": "public", "createdAt": 1320484962, "id": "4eb5006230f8d0f18c25e6d9", "source": {"name": "Foursquare for BlackBerry", "url": "https://foursquare.com/download/#/blackberry"}, "prefix": "https://igx.4sqi.net/img/general/", "suffix": "/WTWTVXYD2D4AKNOTFOU5OATZ4UYVB5NQTFAWLR21DJ5RQKMF.jpg", "venue": {"contact": {}, "name": "Frolick", "categories": [{"name": "Dessert Shop", "shortName": "Desserts", "primary": true, "icon": {"prefix": "https://ss3.4sqi.net/img/categories_v2/food/dessert_", "suffix": ".png"}, "id": "4bf58dd8d48988d1d0941735", "pluralName": "Dessert Shops"}], "closed": true, "beenHere": {"lastCheckinExpiredAt": 0}, "stats": {"checkinsCount": 619, "tipCount": 0, "usersCount": 240}, "verified": false, "id": "4eac61c261af01ea2b330f6e", "location": {"country": "Singapore", "formattedAddress": ["#B1-23, Lot One Shoppers' Mall (21 Choa Chu Kang Ave 4)", "689812", "Singapore"], "cc": "SG", "lat": 1.3848503758048378, "labeledLatLngs": [{"lng": 103.744526922248, "lat": 1.3848503758048378, "label": "display"}], "postalCode": "689812", "address": "#B1-23, Lot One Shoppers' Mall", "lng": 103.744526922248, "city": "Singapore", "crossStreet": "21 Choa Chu Kang Ave 4"}, "like": false, "allowMenuUrlEdit": true}, "height": 345}, {"width": 460, "visibility": "public", "createdAt": 1320030083, "id": "4eae0f830aaf9e9a2464fd8a", "source": {"name": "Foursquare for BlackBerry", "url": "https://foursquare.com/download/#/blackberry"}, "prefix": "https://igx.4sqi.net/img/general/", "suffix": "/FSBJOCG5055VVHANTNOT5YHFXXDFSUNCBWY5OZKYEQZINETN.jpg", "venue": {"contact": {"twitter": "rwsentosa", "phone": "+6565778888", "formattedPhone": "+65 6577 8888"}, "name": "Universal Studios Singapore", "categories": [{"name": "Theme Park", "shortName": "Theme Park", "primary": true, "icon": {"prefix": "https://ss3.4sqi.net/img/categories_v2/arts_entertainment/themepark_", "suffix": ".png"}, "id": "4bf58dd8d48988d182941735", "pluralName": "Theme Parks"}], "beenHere": {"lastCheckinExpiredAt": 0}, "stats": {"checkinsCount": 163910, "tipCount": 1269, "usersCount": 109067}, "verified": false, "url": "http://www.rwsentosa.com/Attractions/UniversalStudiosSingapore", "id": "4b1ee9ebf964a5207e2124e3", "location": {"country": "Singapore", "formattedAddress": ["32 Sentosa Gateway (Resorts World Sentosa)", "098141", "Singapore"], "cc": "SG", "lat": 1.2557358283745392, "postalCode": "098141", "address": "32 Sentosa Gateway", "lng": 103.82169119198898, "city": "Sentosa Island", "crossStreet": "Resorts World Sentosa"}, "like": false, "allowMenuUrlEdit": true}, "height": 345}, {"width": 460, "visibility": "public", "createdAt": 1320025497, "id": "4eadfd99f5b936710bb965c0", "source": {"name": "Foursquare for BlackBerry", "url": "https://foursquare.com/download/#/blackberry"}, "prefix": "https://igx.4sqi.net/img/general/", "suffix": "/3WZNWUMGS1FJ0NHWWLGXLP3LL5TKFIMKEOFMKUZOCCWR5E4U.jpg", "venue": {"contact": {"twitter": "kfc_sg", "phone": "+6562748217", "formattedPhone": "+65 6274 8217"}, "name": "KFC", "categories": [{"name": "Fried Chicken Joint", "shortName": "Fried Chicken", "primary": true, "icon": {"prefix": "https://ss3.4sqi.net/img/categories_v2/food/friedchicken_", "suffix": ".png"}, "id": "4d4ae6fc7a7b7dea34424761", "pluralName": "Fried Chicken Joints"}], "beenHere": {"lastCheckinExpiredAt": 0}, "stats": {"checkinsCount": 4679, "tipCount": 12, "usersCount": 2890}, "verified": false, "id": "4b67b69ef964a520ba5b2be3", "location": {"country": "Singapore", "formattedAddress": ["#02-83/84, HarbourFront Centre (1 Maritime Sq)", "099253", "Singapore"], "cc": "SG", "lat": 1.2651558234523437, "labeledLatLngs": [{"lng": 103.81986286841082, "lat": 1.2651558234523437, "label": "display"}], "postalCode": "099253", "address": "#02-83/84, HarbourFront Centre", "lng": 103.81986286841082, "city": "Singapore", "crossStreet": "1 Maritime Sq"}, "like": false, "allowMenuUrlEdit": true}, "height": 343}, {"width": 460, "visibility": "public", "createdAt": 1319939243, "id": "4eacacab775bad292f1eb464", "source": {"name": "Foursquare for BlackBerry", "url": "https://foursquare.com/download/#/blackberry"}, "prefix": "https://igx.4sqi.net/img/general/", "suffix": "/J2ZJCTK1T2TPFKKKWYYKWHKE4CSAOT0YDBWIDHSKL4AWQ3QH.jpg", "venue": {"contact": {"twitter": "kfc_sg", "phone": "+6567642961", "formattedPhone": "+65 6764 2961"}, "name": "KFC", "categories": [{"name": "Fried Chicken Joint", "shortName": "Fried Chicken", "primary": true, "icon": {"prefix": "https://ss3.4sqi.net/img/categories_v2/food/friedchicken_", "suffix": ".png"}, "id": "4d4ae6fc7a7b7dea34424761", "pluralName": "Fried Chicken Joints"}], "beenHere": {"lastCheckinExpiredAt": 0}, "stats": {"checkinsCount": 4407, "tipCount": 12, "usersCount": 2133}, "verified": false, "id": "4b934f22f964a520803f34e3", "location": {"country": "Singapore", "formattedAddress": ["#B1-28/29, Lot 1 Shoppers' Mall (21 Choa Chu Kang Ave 4)", "689812", "Singapore"], "cc": "SG", "lat": 1.3851723602991715, "labeledLatLngs": [{"lng": 103.74526977539062, "lat": 1.3851723602991715, "label": "display"}], "postalCode": "689812", "address": "#B1-28/29, Lot 1 Shoppers' Mall", "lng": 103.74526977539062, "city": "Singapore", "crossStreet": "21 Choa Chu Kang Ave 4"}, "like": false, "allowMenuUrlEdit": true}, "height": 345}, {"width": 460, "visibility": "public", "createdAt": 1319001304, "id": "4e9e5cd88b81959ccdd3136c", "source": {"name": "Foursquare for BlackBerry", "url": "https://foursquare.com/download/#/blackberry"}, "prefix": "https://igx.4sqi.net/img/general/", "suffix": "/H2ZREWEP32E3ZXX0ALRPCIK0H52DDLOAXO4KQ5MH3N4U3ICV.jpg", "venue": {"contact": {"phone": "+6562762123", "formattedPhone": "+65 6276 2123"}, "name": "McDonald's / McCaf\u00e9", "categories": [{"name": "Fast Food Restaurant", "shortName": "Fast Food", "primary": true, "icon": {"prefix": "https://ss3.4sqi.net/img/categories_v2/food/fastfood_", "suffix": ".png"}, "id": "4bf58dd8d48988d16e941735", "pluralName": "Fast Food Restaurants"}], "beenHere": {"lastCheckinExpiredAt": 0}, "stats": {"checkinsCount": 10287, "tipCount": 31, "usersCount": 3900}, "verified": false, "url": "http://www.mcdonalds.com.sg", "id": "4b65850cf964a52025f32ae3", "location": {"country": "Singapore", "formattedAddress": ["#01-32/33, Tiong Bahru Plaza (302 Tiong Bahru Rd.)", "168732", "Singapore"], "cc": "SG", "lat": 1.2861955282854876, "labeledLatLngs": [{"lng": 103.8273631144744, "lat": 1.2861955282854876, "label": "display"}], "postalCode": "168732", "address": "#01-32/33, Tiong Bahru Plaza", "lng": 103.8273631144744, "city": "Singapore", "crossStreet": "302 Tiong Bahru Rd."}, "like": false, "allowMenuUrlEdit": true}, "height": 345}, {"width": 460, "visibility": "public", "createdAt": 1319001142, "id": "4e9e5c36823139c86b3e56a4", "source": {"name": "Foursquare for BlackBerry", "url": "https://foursquare.com/download/#/blackberry"}, "prefix": "https://igx.4sqi.net/img/general/", "suffix": "/H2ZREWEP32E3ZXX0ALRPCIK0H52DDLOAXO4KQ5MH3N4U3ICV.jpg", "height": 345}, {"width": 460, "visibility": "public", "createdAt": 1317464021, "id": "4e86e7d5550354ae24de859b", "source": {"name": "Foursquare for BlackBerry", "url": "https://foursquare.com/download/#/blackberry"}, "prefix": "https://igx.4sqi.net/img/general/", "suffix": "/CTMGNMD1KIHYJISB4DB3RI5FYH2E52RA3IUENMKO05MVGWOD.jpg", "venue": {"contact": {}, "beenHere": {"lastCheckinExpiredAt": 0}, "name": "Chua Chu Kang Central Block 237", "categories": [{"name": "Home (private)", "shortName": "Home", "primary": true, "icon": {"prefix": "https://ss3.4sqi.net/img/categories_v2/building/home_", "suffix": ".png"}, "id": "4bf58dd8d48988d103941735", "pluralName": "Homes (private)"}], "venueRatingBlacklisted": true, "stats": {"checkinsCount": 91, "tipCount": 1, "usersCount": 14}, "verified": false, "id": "4d2987696e27a143a3cd2524", "location": {"country": "Singapore", "formattedAddress": ["Singapore"], "cc": "SG", "lat": 1.3786755336236596, "isFuzzed": true, "lng": 103.74629482147093}, "like": false}, "height": 345}]}}, "notifications": [{"type": "notificationTray", "item": {"unreadCount": 0}}], "meta": {"requestId": "595b6b694434b96bff9a1b53", "code": 200}}