{"meta": {"code": 200, "requestId": "595b2b9af594df3c255b9ece"}, "notifications": [{"item": {"unreadCount": 0}, "type": "notificationTray"}], "response": {"photos": {"items": [{"height": 720, "source": {"url": "https://foursquare.com/download/#/iphone", "name": "Foursquare for iOS"}, "width": 960, "prefix": "https://igx.4sqi.net/img/general/", "createdAt": 1399007756, "id": "53632a0c11d2727e17c07911", "venue": {"venueRatingBlacklisted": true, "like": false, "location": {"formattedAddress": ["391 New Bridge Rd (at Cantonment Rd & Neil Rd)", "088762", "Singapore"], "city": "Singapore", "lng": 103.83943676948547, "cc": "SG", "country": "Singapore", "crossStreet": "at Cantonment Rd & Neil Rd", "lat": 1.2784278426751117, "address": "391 New Bridge Rd", "labeledLatLngs": [{"label": "display", "lat": 1.2784278426751117, "lng": 103.83943676948547}], "postalCode": "088762"}, "categories": [{"icon": {"prefix": "https://ss3.4sqi.net/img/categories_v2/building/government_policestation_", "suffix": ".png"}, "name": "Police Station", "id": "4bf58dd8d48988d12e941735", "pluralName": "Police Stations", "primary": true, "shortName": "Police Station"}], "verified": false, "contact": {}, "beenHere": {"lastCheckinExpiredAt": 0}, "stats": {"tipCount": 17, "usersCount": 3574, "checkinsCount": 11921}, "id": "4b0b5fb4f964a520ef3023e3", "name": "Police Cantonment Complex"}, "suffix": "/11081883_IC4mZdx2VhipJkyh-daXAMX2eE4rSodqgaBvADqfcf8.jpg", "visibility": "public"}, {"height": 345, "source": {"url": "https://foursquare.com/download/#/blackberry", "name": "Foursquare for BlackBerry"}, "width": 460, "prefix": "https://igx.4sqi.net/img/general/", "createdAt": 1330074413, "id": "4f47532de4b06a7740ab3b68", "venue": {"closed": true, "like": false, "location": {"formattedAddress": ["#01-03, Yishun 10 (51 Yishun Central 1)", "768794", "Singapore"], "city": "Singapore", "lng": 103.83630168575847, "cc": "SG", "country": "Singapore", "lat": 1.4301589233009755, "address": "#01-03, Yishun 10", "crossStreet": "51 Yishun Central 1", "postalCode": "768794"}, "categories": [{"icon": {"prefix": "https://ss3.4sqi.net/img/categories_v2/food/fastfood_", "suffix": ".png"}, "name": "Fast Food Restaurant", "id": "4bf58dd8d48988d16e941735", "pluralName": "Fast Food Restaurants", "primary": true, "shortName": "Fast Food"}], "verified": false, "contact": {}, "allowMenuUrlEdit": true, "stats": {"tipCount": 60, "usersCount": 3322, "checkinsCount": 5492}, "id": "4caf18c239458cfa5372f79f", "name": "Wendy's", "beenHere": {"lastCheckinExpiredAt": 0}}, "suffix": "/9DI_7knAFtywbwDgd3lezTkkd7ZSlqfBwnZwxqjsyQg.jpg", "visibility": "public"}, {"height": 345, "source": {"url": "https://foursquare.com/download/#/blackberry", "name": "Foursquare for BlackBerry"}, "width": 460, "prefix": "https://igx.4sqi.net/img/general/", "createdAt": 1326285172, "id": "4f0d8174e4b04a8cd7af3cdf", "venue": {"url": "http://www.sunteccity.com.sg/fountain/index.htm", "like": false, "location": {"formattedAddress": ["Suntec City (Temasek Blvd)", "039593", "Singapore"], "city": "Singapore", "lng": 103.85889083147049, "cc": "SG", "country": "Singapore", "crossStreet": "Temasek Blvd", "lat": 1.294744969780919, "address": "Suntec City", "labeledLatLngs": [{"label": "display", "lat": 1.294744969780919, "lng": 103.85889083147049}], "postalCode": "039593"}, "categories": [{"icon": {"prefix": "https://ss3.4sqi.net/img/categories_v2/parks_outdoors/plaza_", "suffix": ".png"}, "name": "Fountain", "id": "56aa371be4b08b9a8d573547", "pluralName": "Fountains", "primary": true, "shortName": "Fountain"}], "verified": false, "contact": {"formattedPhone": "+65 6337 2888", "phone": "+6563372888"}, "beenHere": {"lastCheckinExpiredAt": 0}, "stats": {"tipCount": 50, "usersCount": 6528, "checkinsCount": 9618}, "id": "4ba0d2daf964a520248037e3", "name": "Fountain Of Wealth"}, "suffix": "/PDSWVV02F40VHEO3GKECMFLDNWMOSA4YNW35EWPBPICKO43K.jpg", "visibility": "public"}], "count": 3}, "totalCount": 3}}