{"meta": {"code": 200, "requestId": "595afca24434b96c19a7625c"}, "notifications": [{"item": {"unreadCount": 0}, "type": "notificationTray"}], "response": {"photos": {"items": [{"height": 461, "source": {"url": "https://foursquare.com/download/#/blackberry", "name": "Foursquare for BlackBerry"}, "width": 346, "prefix": "https://igx.4sqi.net/img/general/", "createdAt": 1309334320, "id": "4e0adb3040a306e83c320659", "venue": {"venueRatingBlacklisted": true, "like": false, "location": {"lng": 103.78319407205775, "cc": "SG", "country": "Singapore", "lat": 1.2861372629641163, "address": "50 science park 2", "labeledLatLngs": [{"label": "display", "lat": 1.2861372629641163, "lng": 103.78319407205775}], "formattedAddress": ["50 science park 2", "Singapore"]}, "categories": [{"icon": {"prefix": "https://ss3.4sqi.net/img/categories_v2/building/default_", "suffix": ".png"}, "name": "Office", "id": "4bf58dd8d48988d124941735", "pluralName": "Offices", "primary": true, "shortName": "Office"}], "verified": false, "contact": {}, "beenHere": {"lastCheckinExpiredAt": 0}, "stats": {"tipCount": 0, "usersCount": 7, "checkinsCount": 37}, "id": "4d00bd11ba1da1cd2a208a28", "name": "SAYBOLT @ the Kendall"}, "suffix": "/HUY2NPJDUHWLFR5STQEVTQOIWQEE2YZVKYICTG11POKNZMXC.jpg", "visibility": "public"}], "count": 1}, "totalCount": 1}}