{"response": {"totalCount": 7, "photos": {"count": 7, "items": [{"width": 960, "visibility": "public", "createdAt": 1381408569, "id": "52569f3911d2cb6b9aa1f984", "source": {"name": "Foursquare for iOS", "url": "https://foursquare.com/download/#/iphone"}, "prefix": "https://igx.4sqi.net/img/general/", "suffix": "/11091759_eYdT14noL2lZqX06JDYtIy7Pb2PRyZIG1PjxgkeXPE8.jpg", "venue": {"contact": {}, "name": "Haji Karim Prata Palace", "categories": [{"name": "Indian Restaurant", "shortName": "Indian", "primary": true, "icon": {"prefix": "https://ss3.4sqi.net/img/categories_v2/food/indian_", "suffix": ".png"}, "id": "4bf58dd8d48988d10f941735", "pluralName": "Indian Restaurants"}], "beenHere": {"lastCheckinExpiredAt": 0}, "stats": {"checkinsCount": 1363, "tipCount": 9, "usersCount": 457}, "verified": false, "id": "52569d74498efb9ec6cdd377", "location": {"country": "Singapore", "formattedAddress": ["Blk 529 Ang Mo Kio Ave 10", "Singapore"], "cc": "SG", "lat": 1.3727771131860944, "labeledLatLngs": [{"lng": 103.85613960485496, "lat": 1.3727771131860944, "label": "display"}], "address": "Blk 529 Ang Mo Kio Ave 10", "lng": 103.85613960485496, "city": "Singapore"}, "like": false, "allowMenuUrlEdit": true}, "height": 720}, {"width": 960, "visibility": "public", "createdAt": 1379751408, "id": "523d55f011d236ac83985827", "source": {"name": "Foursquare for iOS", "url": "https://foursquare.com/download/#/iphone"}, "prefix": "https://igx.4sqi.net/img/general/", "suffix": "/11091759_KptUBnOkd0pKq2aKlvKGa2uZegMXM_6J3fmOLrPgleU.jpg", "venue": {"contact": {"phone": "+6566541333", "formattedPhone": "+65 6654 1333"}, "name": "Marina Bay Link Mall", "categories": [{"name": "Shopping Mall", "shortName": "Mall", "primary": true, "icon": {"prefix": "https://ss3.4sqi.net/img/categories_v2/shops/mall_", "suffix": ".png"}, "id": "4bf58dd8d48988d1fd941735", "pluralName": "Shopping Malls"}], "beenHere": {"lastCheckinExpiredAt": 0}, "stats": {"checkinsCount": 9490, "tipCount": 24, "usersCount": 3704}, "verified": false, "id": "4c610a6c12e5c92831b0204c", "location": {"country": "Singapore", "formattedAddress": ["8A Marina Boulevard", "018984", "Singapore"], "cc": "SG", "lat": 1.2800151397726087, "labeledLatLngs": [{"lng": 103.85361441205953, "lat": 1.2800151397726087, "label": "display"}], "postalCode": "018984", "address": "8A Marina Boulevard", "lng": 103.85361441205953, "city": "Singapore"}, "like": false}, "height": 720}, {"width": 960, "visibility": "public", "createdAt": 1370104395, "id": "51aa224b498eee8ab21821da", "source": {"name": "Foursquare for iOS", "url": "https://foursquare.com/download/#/iphone"}, "prefix": "https://igx.4sqi.net/img/general/", "suffix": "/11091759_2lVIGyKnCssNlQ6K6UqcIFXJlnigqnEuEZyjRwlttUM.jpg", "venue": {"contact": {"twitter": "libericacoffee"}, "name": "Liberica Coffee", "categories": [{"name": "Coffee Shop", "shortName": "Coffee Shop", "primary": true, "icon": {"prefix": "https://ss3.4sqi.net/img/categories_v2/food/coffeeshop_", "suffix": ".png"}, "id": "4bf58dd8d48988d1e0931735", "pluralName": "Coffee Shops"}], "beenHere": {"lastCheckinExpiredAt": 0}, "stats": {"checkinsCount": 3254, "tipCount": 34, "usersCount": 1832}, "verified": false, "url": "http://libericacoffee.com", "id": "50f07e95e4b0c36a150b36da", "location": {"country": "Indonesia", "state": "Jakarta", "formattedAddress": ["COLONY 6 Kemang (Jalan Kemang Raya No. 6A)", "Jakarta Selatan", "Jakarta", "Indonesia"], "cc": "ID", "lat": -6.25524611198771, "labeledLatLngs": [{"lng": 106.81008020563067, "lat": -6.25524611198771, "label": "display"}], "address": "COLONY 6 Kemang", "lng": 106.81008020563067, "city": "Jakarta Selatan", "crossStreet": "Jalan Kemang Raya No. 6A"}, "like": false, "allowMenuUrlEdit": true}, "height": 720}, {"width": 720, "visibility": "public", "createdAt": 1358510018, "id": "50f937c2e4b069226180014f", "source": {"name": "Foursquare for iOS", "url": "https://foursquare.com/download/#/iphone"}, "prefix": "https://igx.4sqi.net/img/general/", "suffix": "/11091759_cRmzFrJk2hccLv9SKXgmXfwiMfDzm0CfwIo6ZrSAQQY.jpg", "venue": {"contact": {"facebookName": "Starbucks Singapore", "phone": "+6563389721", "facebook": "191921700135", "facebookUsername": "StarbucksSingapore", "twitter": "sg_starbucks", "formattedPhone": "+65 6338 9721"}, "name": "Starbucks", "categories": [{"name": "Coffee Shop", "shortName": "Coffee Shop", "primary": true, "icon": {"prefix": "https://ss3.4sqi.net/img/categories_v2/food/coffeeshop_", "suffix": ".png"}, "id": "4bf58dd8d48988d1e0931735", "pluralName": "Coffee Shops"}], "beenHere": {"lastCheckinExpiredAt": 0}, "stats": {"checkinsCount": 3809, "tipCount": 15, "usersCount": 2173}, "verified": false, "url": "http://www.starbucks.com.sg", "id": "4b8624f8f964a5200f8131e3", "location": {"country": "Singapore", "formattedAddress": ["#01-K5, Millenia Walk (9 Raffles Blvd)", "039596", "Singapore"], "cc": "SG", "lat": 1.2936511691380226, "labeledLatLngs": [{"lng": 103.85982556458286, "lat": 1.2936511691380226, "label": "display"}], "postalCode": "039596", "address": "#01-K5, Millenia Walk", "lng": 103.85982556458286, "city": "Singapore", "crossStreet": "9 Raffles Blvd"}, "like": false, "allowMenuUrlEdit": true}, "height": 960}, {"width": 540, "visibility": "public", "createdAt": 1342676653, "id": "50079eade4b04742ed35fab7", "source": {"name": "Foursquare for iOS", "url": "https://foursquare.com/download/#/iphone"}, "prefix": "https://igx.4sqi.net/img/general/", "suffix": "/-tPCz0BWm28BzDcoJWF815OkTJY1_Ff8_dqvPEg4Gqc.jpg", "venue": {"contact": {}, "name": "Cafe Indulge", "categories": [{"name": "Caf\u00e9", "shortName": "Caf\u00e9", "primary": true, "icon": {"prefix": "https://ss3.4sqi.net/img/categories_v2/food/cafe_", "suffix": ".png"}, "id": "4bf58dd8d48988d16d941735", "pluralName": "Caf\u00e9s"}], "closed": true, "beenHere": {"lastCheckinExpiredAt": 0}, "stats": {"checkinsCount": 1323, "tipCount": 33, "usersCount": 972}, "verified": false, "id": "4b89fc61f964a5203d5a32e3", "location": {"country": "Singapore", "formattedAddress": ["The Cathay (2 Handy Rd.)", "229223", "Singapore"], "cc": "SG", "lat": 1.2990153943825682, "postalCode": "229223", "address": "The Cathay", "lng": 103.84775456014967, "city": "Singapore", "crossStreet": "2 Handy Rd."}, "like": false, "allowMenuUrlEdit": true}, "height": 720}, {"width": 540, "visibility": "public", "createdAt": 1332663312, "id": "4f6ed410e4b03b3f3aa7e229", "source": {"name": "Foursquare for iOS", "url": "https://foursquare.com/download/#/iphone"}, "prefix": "https://igx.4sqi.net/img/general/", "suffix": "/QAcaRg-zoy1GxbdhvcxYbSnS7uR3PjHCQHV-X_dp4zg.jpg", "venue": {"contact": {"phone": "+6562933121", "formattedPhone": "+65 6293 3121"}, "name": "Antoinette", "categories": [{"name": "Dessert Shop", "shortName": "Desserts", "primary": true, "icon": {"prefix": "https://ss3.4sqi.net/img/categories_v2/food/dessert_", "suffix": ".png"}, "id": "4bf58dd8d48988d1d0941735", "pluralName": "Dessert Shops"}], "beenHere": {"lastCheckinExpiredAt": 0}, "stats": {"checkinsCount": 3380, "tipCount": 69, "usersCount": 2050}, "verified": false, "url": "http://www.antoinette.com.sg", "id": "4df4ce83aeb7170aa2f58abb", "location": {"country": "Singapore", "formattedAddress": ["30 Penhas Rd.", "208188", "Singapore"], "cc": "SG", "lat": 1.3093453813612783, "labeledLatLngs": [{"lng": 103.86275288790178, "lat": 1.3093453813612783, "label": "display"}], "postalCode": "208188", "address": "30 Penhas Rd.", "lng": 103.86275288790178, "city": "Singapore"}, "like": false, "allowMenuUrlEdit": true}, "height": 720}, {"width": 540, "visibility": "public", "createdAt": 1326080377, "id": "4f0a6179e4b06fab1b26be24", "source": {"name": "Foursquare for iOS", "url": "https://foursquare.com/download/#/iphone"}, "prefix": "https://igx.4sqi.net/img/general/", "suffix": "/HQARVSVMWJW4Z3WPMXZTFEDHH22BNHWLJXD3PPKSIDZ2NFBD.jpg", "venue": {"contact": {"twitter": "tangs", "phone": "+6567375500", "formattedPhone": "+65 6737 5500"}, "venuePage": {"id": "53888528"}, "categories": [{"name": "Department Store", "shortName": "Department Store", "primary": true, "icon": {"prefix": "https://ss3.4sqi.net/img/categories_v2/shops/departmentstore_", "suffix": ".png"}, "id": "4bf58dd8d48988d1f6941735", "pluralName": "Department Stores"}], "beenHere": {"lastCheckinExpiredAt": 0}, "location": {"country": "Singapore", "formattedAddress": ["310 Orchard Rd. (Scotts Rd.)", "238864", "Singapore"], "cc": "SG", "lat": 1.3046166428940575, "postalCode": "238864", "address": "310 Orchard Rd.", "lng": 103.8326899564918, "city": "Singapore", "crossStreet": "Scotts Rd."}, "like": false, "allowMenuUrlEdit": true, "name": "Tangs", "url": "http://www.tangs.com.sg", "stats": {"checkinsCount": 42408, "tipCount": 111, "usersCount": 19090}, "verified": true, "id": "4b058817f964a52062b122e3", "storeId": ""}, "height": 720}]}}, "notifications": [{"type": "notificationTray", "item": {"unreadCount": 0}}], "meta": {"requestId": "595b60f1f594df3c3f18da10", "code": 200}}