{"meta": {"code": 200, "requestId": "595b38479fb6b77be2241ec7"}, "notifications": [{"item": {"unreadCount": 0}, "type": "notificationTray"}], "response": {"photos": {"items": [{"height": 720, "source": {"url": "https://foursquare.com/download/#/iphone", "name": "Foursquare for iOS"}, "width": 537, "prefix": "https://igx.4sqi.net/img/general/", "createdAt": 1310186713, "id": "4e17dcd914957dc705d22f19", "venue": {"like": false, "location": {"formattedAddress": ["251 Geylang Rd (Lor 11 Geylang)", "389309", "Singapore"], "city": "Singapore", "lng": 103.87701670362925, "cc": "SG", "country": "Singapore", "crossStreet": "Lor 11 Geylang", "lat": 1.3123141766138628, "address": "251 Geylang Rd", "labeledLatLngs": [{"label": "display", "lat": 1.3123141766138628, "lng": 103.87701670362925}], "postalCode": "389309"}, "categories": [{"icon": {"prefix": "https://ss3.4sqi.net/img/categories_v2/food/soup_", "suffix": ".png"}, "name": "Soup Place", "id": "4bf58dd8d48988d1dd931735", "pluralName": "Soup Places", "primary": true, "shortName": "Soup"}], "verified": false, "contact": {"formattedPhone": "+65 9380 1718", "phone": "+6593801718"}, "allowMenuUrlEdit": true, "stats": {"tipCount": 20, "usersCount": 772, "checkinsCount": 1023}, "id": "4ce75c2e678aa093b029e2ea", "name": "Leong Kee (Klang) Bak Kut Teh \u6881\u8bb0(\u5df4\u751f)\u8089\u9aa8\u8336", "beenHere": {"lastCheckinExpiredAt": 0}}, "suffix": "/EM00PA0UGVS3GOBIYBBXY4PWPUT5YENUH2PY01CBTCICEXWF.jpg", "visibility": "public"}, {"height": 720, "source": {"url": "https://foursquare.com/download/#/iphone", "name": "Foursquare for iOS"}, "width": 537, "prefix": "https://igx.4sqi.net/img/general/", "createdAt": 1310186707, "id": "4e17dcd314957dc705d22ef1", "venue": {"like": false, "location": {"formattedAddress": ["251 Geylang Rd (Lor 11 Geylang)", "389309", "Singapore"], "city": "Singapore", "lng": 103.87701670362925, "cc": "SG", "country": "Singapore", "crossStreet": "Lor 11 Geylang", "lat": 1.3123141766138628, "address": "251 Geylang Rd", "labeledLatLngs": [{"label": "display", "lat": 1.3123141766138628, "lng": 103.87701670362925}], "postalCode": "389309"}, "categories": [{"icon": {"prefix": "https://ss3.4sqi.net/img/categories_v2/food/soup_", "suffix": ".png"}, "name": "Soup Place", "id": "4bf58dd8d48988d1dd931735", "pluralName": "Soup Places", "primary": true, "shortName": "Soup"}], "verified": false, "contact": {"formattedPhone": "+65 9380 1718", "phone": "+6593801718"}, "allowMenuUrlEdit": true, "stats": {"tipCount": 20, "usersCount": 772, "checkinsCount": 1023}, "id": "4ce75c2e678aa093b029e2ea", "name": "Leong Kee (Klang) Bak Kut Teh \u6881\u8bb0(\u5df4\u751f)\u8089\u9aa8\u8336", "beenHere": {"lastCheckinExpiredAt": 0}}, "suffix": "/IIUDZJSRVOSZOHTQ2GJ03M24OBQGC5OD50RMPUW2F42DSUQM.jpg", "visibility": "public"}, {"height": 720, "source": {"url": "https://foursquare.com/download/#/iphone", "name": "Foursquare for iOS"}, "width": 537, "prefix": "https://igx.4sqi.net/img/general/", "createdAt": 1310186671, "id": "4e17dcafb61c8f9ada46176b", "venue": {"like": false, "location": {"formattedAddress": ["251 Geylang Rd (Lor 11 Geylang)", "389309", "Singapore"], "city": "Singapore", "lng": 103.87701670362925, "cc": "SG", "country": "Singapore", "crossStreet": "Lor 11 Geylang", "lat": 1.3123141766138628, "address": "251 Geylang Rd", "labeledLatLngs": [{"label": "display", "lat": 1.3123141766138628, "lng": 103.87701670362925}], "postalCode": "389309"}, "categories": [{"icon": {"prefix": "https://ss3.4sqi.net/img/categories_v2/food/soup_", "suffix": ".png"}, "name": "Soup Place", "id": "4bf58dd8d48988d1dd931735", "pluralName": "Soup Places", "primary": true, "shortName": "Soup"}], "verified": false, "contact": {"formattedPhone": "+65 9380 1718", "phone": "+6593801718"}, "allowMenuUrlEdit": true, "stats": {"tipCount": 20, "usersCount": 772, "checkinsCount": 1023}, "id": "4ce75c2e678aa093b029e2ea", "name": "Leong Kee (Klang) Bak Kut Teh \u6881\u8bb0(\u5df4\u751f)\u8089\u9aa8\u8336", "beenHere": {"lastCheckinExpiredAt": 0}}, "suffix": "/F0SSFNJNJEJRBLVU2GF2JXF5ZED3LSFY3VCCF0R0L2RO4XAG.jpg", "visibility": "public"}], "count": 3}, "totalCount": 3}}