{"response": {"totalCount": 6, "photos": {"count": 6, "items": [{"width": 720, "visibility": "public", "createdAt": 1372301549, "id": "51cba8ed498e1bec013a8616", "source": {"name": "Foursquare for iOS", "url": "https://foursquare.com/download/#/iphone"}, "prefix": "https://igx.4sqi.net/img/general/", "suffix": "/11097782_BTuUyDKKosFLxOcqIiUlTuxlm5GTzyJg301k1i11BdA.jpg", "venue": {"contact": {"phone": "+85225443475", "formattedPhone": "+852 2544 3475"}, "name": "Tai Cheong Bakery (\u6cf0\u660c\u9905\u5bb6)", "categories": [{"name": "Bakery", "shortName": "Bakery", "primary": true, "icon": {"prefix": "https://ss3.4sqi.net/img/categories_v2/food/bakery_", "suffix": ".png"}, "id": "4bf58dd8d48988d16a941735", "pluralName": "Bakeries"}], "beenHere": {"lastCheckinExpiredAt": 0}, "stats": {"checkinsCount": 3595, "tipCount": 108, "usersCount": 2855}, "verified": false, "id": "4bb6c8ed6edc76b01788311c", "location": {"country": "\u9999\u6e2f", "formattedAddress": ["35 Lyndhurst Terrace", "\u4e2d\u897f\u5340", "\u9999\u6e2f"], "cc": "HK", "lat": 22.282553833333004, "labeledLatLngs": [{"lng": 114.15384311119217, "lat": 22.282553833333004, "label": "display"}], "address": "35 Lyndhurst Terrace", "lng": 114.15384311119217, "city": "\u4e2d\u74b0", "state": "\u4e2d\u897f\u5340"}, "like": false, "allowMenuUrlEdit": true}, "height": 960}, {"width": 540, "visibility": "public", "createdAt": 1336324610, "id": "4fa6b202e4b0ac15d0a75c10", "source": {"name": "Foursquare for iOS", "url": "https://foursquare.com/download/#/iphone"}, "prefix": "https://igx.4sqi.net/img/general/", "suffix": "/ucA7AAn-Q2zTUdSJF9x1L9rnAAcDTuSxnQWFRulWSCQ.jpg", "venue": {"contact": {}, "beenHere": {"lastCheckinExpiredAt": 0}, "name": "Chiwing's Spaceship", "categories": [{"name": "Home (private)", "shortName": "Home", "primary": true, "icon": {"prefix": "https://ss3.4sqi.net/img/categories_v2/building/home_", "suffix": ".png"}, "id": "4bf58dd8d48988d103941735", "pluralName": "Homes (private)"}], "venueRatingBlacklisted": true, "stats": {"checkinsCount": 15, "tipCount": 1, "usersCount": 2}, "verified": false, "id": "4e3176b9fa76b9130b71c605", "location": {"country": "Malaysia", "formattedAddress": ["Subang Jaya, Selangor", "Malaysia"], "cc": "MY", "lat": 3.049547385644146, "isFuzzed": true, "state": "Selangor", "lng": 101.57596723449079, "city": "Subang Jaya"}, "like": false}, "height": 720}, {"width": 540, "visibility": "public", "createdAt": 1336324586, "id": "4fa6b1eae4b0dd0f138c8ab0", "source": {"name": "Foursquare for iOS", "url": "https://foursquare.com/download/#/iphone"}, "prefix": "https://igx.4sqi.net/img/general/", "suffix": "/K47ldBv0YybDv_Gt1qEWrI9CdgKzh0MLo-0dak-g-1s.jpg", "venue": {"contact": {}, "beenHere": {"lastCheckinExpiredAt": 0}, "name": "Chiwing's Spaceship", "categories": [{"name": "Home (private)", "shortName": "Home", "primary": true, "icon": {"prefix": "https://ss3.4sqi.net/img/categories_v2/building/home_", "suffix": ".png"}, "id": "4bf58dd8d48988d103941735", "pluralName": "Homes (private)"}], "venueRatingBlacklisted": true, "stats": {"checkinsCount": 15, "tipCount": 1, "usersCount": 2}, "verified": false, "id": "4e3176b9fa76b9130b71c605", "location": {"country": "Malaysia", "formattedAddress": ["Subang Jaya, Selangor", "Malaysia"], "cc": "MY", "lat": 3.049547385644146, "isFuzzed": true, "state": "Selangor", "lng": 101.57596723449079, "city": "Subang Jaya"}, "like": false}, "height": 720}, {"width": 537, "visibility": "public", "createdAt": 1332052838, "id": "4f658366e4b0e78c019bb829", "source": {"name": "Foursquare for iOS", "url": "https://foursquare.com/download/#/iphone"}, "prefix": "https://igx.4sqi.net/img/general/", "suffix": "/0rNd1SsfbQKGvj5W5Q9TQPRStjHLYEVUXEPDo3b3UE4.jpg", "venue": {"contact": {"phone": "+60122469928", "formattedPhone": "+60 12-246 9928"}, "name": "The Long Table Restaurant", "categories": [{"name": "Asian Restaurant", "shortName": "Asian", "primary": true, "icon": {"prefix": "https://ss3.4sqi.net/img/categories_v2/food/asian_", "suffix": ".png"}, "id": "4bf58dd8d48988d142941735", "pluralName": "Asian Restaurants"}], "closed": true, "beenHere": {"lastCheckinExpiredAt": 0}, "stats": {"checkinsCount": 659, "tipCount": 16, "usersCount": 192}, "verified": false, "id": "4bc404b4b492d13ad895a960", "location": {"country": "Malaysia", "state": "Selangor", "formattedAddress": ["Block D-02-1, D-03-1, Plaza Glomac (Jalan SS7/19, Kelana Jaya)", "47301 Petaling Jaya, Selangor", "Malaysia"], "cc": "MY", "lat": 3.0996382335565182, "postalCode": "47301", "address": "Block D-02-1, D-03-1, Plaza Glomac", "lng": 101.59061908721924, "city": "Petaling Jaya", "crossStreet": "Jalan SS7/19, Kelana Jaya"}, "like": false, "allowMenuUrlEdit": true}, "height": 720}, {"width": 720, "visibility": "public", "createdAt": 1331969261, "id": "4f643cede4b0cded5c428434", "source": {"name": "Foursquare for iOS", "url": "https://foursquare.com/download/#/iphone"}, "prefix": "https://igx.4sqi.net/img/general/", "suffix": "/jzZLF3BP7n6XyraqB5QBKDMle6XoW6ZL8Hqa9yyXZJo.jpg", "venue": {"contact": {"phone": "+60378772735", "formattedPhone": "+60 3-7877 2735"}, "name": "Restaurant Taiwan Noodle House \u53f0\u6e7e\u9762\u98df", "categories": [{"name": "Noodle House", "shortName": "Noodles", "primary": true, "icon": {"prefix": "https://ss3.4sqi.net/img/categories_v2/food/ramen_", "suffix": ".png"}, "id": "4bf58dd8d48988d1d1941735", "pluralName": "Noodle Houses"}], "beenHere": {"lastCheckinExpiredAt": 0}, "stats": {"checkinsCount": 1825, "tipCount": 36, "usersCount": 1126}, "verified": false, "id": "4b25dabff964a520ec7624e3", "location": {"country": "Malaysia", "formattedAddress": ["20 Jalan SS 2/61", "47300 Petaling Jaya, Selangor", "Malaysia"], "cc": "MY", "lat": 3.1177839161873697, "labeledLatLngs": [{"lng": 101.62155737900817, "lat": 3.1177839161873697, "label": "display"}], "postalCode": "47300", "address": "20 Jalan SS 2/61", "lng": 101.62155737900817, "city": "Petaling Jaya", "state": "Selangor"}, "like": false, "allowMenuUrlEdit": true}, "height": 537}, {"width": 537, "visibility": "public", "createdAt": 1329567032, "id": "4f3f9538e4b06010fbd679ee", "source": {"name": "Foursquare for iOS", "url": "https://foursquare.com/download/#/iphone"}, "prefix": "https://igx.4sqi.net/img/general/", "suffix": "/NhAaflM8TSlBGT7OGESfscvJhu3kSy9Z5iB4uCaJsjI.jpg", "venue": {"contact": {}, "name": "Bone & Pot Steamboat \u6709\u9aa8\u6c23", "categories": [{"name": "Asian Restaurant", "shortName": "Asian", "primary": true, "icon": {"prefix": "https://ss3.4sqi.net/img/categories_v2/food/asian_", "suffix": ".png"}, "id": "4bf58dd8d48988d142941735", "pluralName": "Asian Restaurants"}], "beenHere": {"lastCheckinExpiredAt": 0}, "stats": {"checkinsCount": 2785, "tipCount": 41, "usersCount": 1634}, "verified": false, "id": "4c94be4738dd8cfa1492cb62", "location": {"country": "Malaysia", "state": "Selangor", "formattedAddress": ["No.7, Jalan SS25/12 (Uptown Damansara)", "47301 Petaling Jaya, Selangor", "Malaysia"], "cc": "MY", "lat": 3.113468584903808, "labeledLatLngs": [{"lng": 101.6022547056535, "lat": 3.113468584903808, "label": "display"}], "postalCode": "47301", "address": "No.7, Jalan SS25/12", "lng": 101.6022547056535, "city": "Petaling Jaya", "crossStreet": "Uptown Damansara"}, "like": false, "allowMenuUrlEdit": true}, "height": 720}]}}, "notifications": [{"type": "notificationTray", "item": {"unreadCount": 0}}], "meta": {"requestId": "595b90d1dd57972d41893f1b", "code": 200}}