{"meta": {"code": 200, "requestId": "595b3c97f594df3c08b36c25"}, "notifications": [{"item": {"unreadCount": 0}, "type": "notificationTray"}], "response": {"photos": {"items": [{"height": 540, "source": {"url": "https://foursquare.com/download/#/iphone", "name": "Foursquare for iOS"}, "width": 540, "prefix": "https://igx.4sqi.net/img/general/", "createdAt": 1326474902, "id": "4f106696e4b0253d4b93353f", "venue": {"like": false, "location": {"formattedAddress": ["2 Short St (Selegie Rd)", "188213", "Singapore"], "city": "Singapore", "lng": 103.8502836227417, "cc": "SG", "country": "Singapore", "crossStreet": "Selegie Rd", "lat": 1.3019394890063036, "address": "2 Short St", "labeledLatLngs": [{"label": "display", "lat": 1.3019394890063036, "lng": 103.8502836227417}], "postalCode": "188213"}, "categories": [{"icon": {"prefix": "https://ss3.4sqi.net/img/categories_v2/food/dessert_", "suffix": ".png"}, "name": "Dessert Shop", "id": "4bf58dd8d48988d1d0941735", "pluralName": "Dessert Shops", "primary": true, "shortName": "Desserts"}], "verified": false, "contact": {}, "allowMenuUrlEdit": true, "stats": {"tipCount": 100, "usersCount": 10184, "checkinsCount": 18778}, "id": "4b573049f964a520302a28e3", "name": "Rochor Original Beancurd", "beenHere": {"lastCheckinExpiredAt": 0}}, "suffix": "/BEDJBGNWXOBHNFNS0XVMK5UQGOP0KPT5MIF3XSDNH1CBHEFO.jpg", "visibility": "public"}], "count": 1}, "totalCount": 1}}