{"meta": {"code": 200, "requestId": "595aec101ed21919fa120da5"}, "notifications": [{"item": {"unreadCount": 0}, "type": "notificationTray"}], "response": {"photos": {"items": [{"height": 800, "source": {"url": "https://foursquare.com/download/#/android", "name": "Foursquare for Android"}, "width": 450, "prefix": "https://igx.4sqi.net/img/general/", "createdAt": 1373129719, "id": "51d84bf7498e015217afd460", "venue": {"like": false, "location": {"formattedAddress": ["48A Changi Road", "419705", "Singapore"], "city": "Singapore", "lng": 103.89913167967616, "cc": "SG", "country": "Singapore", "lat": 1.316681711704844, "address": "48A Changi Road", "labeledLatLngs": [{"label": "display", "lat": 1.316681711704844, "lng": 103.89913167967616}], "postalCode": "419705"}, "categories": [{"icon": {"prefix": "https://ss3.4sqi.net/img/categories_v2/food/indian_", "suffix": ".png"}, "name": "Indian Restaurant", "id": "4bf58dd8d48988d10f941735", "pluralName": "Indian Restaurants", "primary": true, "shortName": "Indian"}], "verified": false, "contact": {}, "allowMenuUrlEdit": true, "stats": {"tipCount": 31, "usersCount": 1147, "checkinsCount": 2309}, "id": "4b5acd34f964a52038d528e3", "name": "Har Yassin Restaurant", "beenHere": {"lastCheckinExpiredAt": 0}}, "suffix": "/11112772_tH30cV3mucK86dYIaiRivUkWTy0ki2Lp4KHuBuRFpkw.jpg", "visibility": "public"}, {"height": 720, "source": {"url": "https://foursquare.com/download/#/android", "name": "Foursquare for Android"}, "width": 960, "prefix": "https://igx.4sqi.net/img/general/", "createdAt": 1363088677, "id": "513f1525e4b0ed4f12b96335", "venue": {"url": "https://www.aloharesorts.com.sg/resort/changi", "like": false, "location": {"formattedAddress": ["30 Netheravon Rd", "508521", "Singapore"], "city": "Singapore", "lng": 103.98167097832867, "cc": "SG", "country": "Singapore", "lat": 1.391210051297995, "address": "30 Netheravon Rd", "labeledLatLngs": [{"label": "display", "lat": 1.391210051297995, "lng": 103.98167097832867}], "postalCode": "508521"}, "categories": [{"icon": {"prefix": "https://ss3.4sqi.net/img/categories_v2/travel/resort_", "suffix": ".png"}, "name": "Resort", "id": "4bf58dd8d48988d12f951735", "pluralName": "Resorts", "primary": true, "shortName": "Resort"}], "verified": false, "contact": {"formattedPhone": "+65 6545 2343", "phone": "+6565452343"}, "allowMenuUrlEdit": true, "stats": {"tipCount": 9, "usersCount": 3214, "checkinsCount": 4101}, "id": "4b935366f964a5202e4034e3", "name": "Aloha Resort Changi", "beenHere": {"lastCheckinExpiredAt": 0}}, "suffix": "/11112772_RBEnL_SZNTi57IgGHIiG_D3oR35ZVzKPSWc7Wmls67c.jpg", "visibility": "public"}, {"height": 960, "source": {"url": "https://foursquare.com/download/#/iphone", "name": "Foursquare for iOS"}, "width": 720, "prefix": "https://igx.4sqi.net/img/general/", "createdAt": 1362492826, "id": "5135fd9ae4b0e88a1b82a98a", "venue": {"venueRatingBlacklisted": true, "like": false, "location": {"formattedAddress": ["90 Pipit Rd", "370090", "Singapore"], "city": "Singapore", "lng": 103.88698923687855, "cc": "SG", "country": "Singapore", "lat": 1.323691992481663, "address": "90 Pipit Rd", "labeledLatLngs": [{"label": "display", "lat": 1.323691992481663, "lng": 103.88698923687855}], "postalCode": "370090"}, "categories": [{"icon": {"prefix": "https://ss3.4sqi.net/img/categories_v2/travel/highway_", "suffix": ".png"}, "name": "Road", "id": "4bf58dd8d48988d1f9931735", "pluralName": "Roads", "primary": true, "shortName": "Road"}], "verified": false, "contact": {}, "beenHere": {"lastCheckinExpiredAt": 0}, "stats": {"tipCount": 0, "usersCount": 68, "checkinsCount": 138}, "id": "4d3a28620333a09387cf5134", "name": "Blk 90 Pipit Road"}, "suffix": "/11112772_3Ba-PROoTLxQdU7Y1k6LMA69zFPdhA48rgaJWuFsBaI.jpg", "visibility": "public"}, {"height": 960, "source": {"url": "https://foursquare.com/download/#/iphone", "name": "Foursquare for iOS"}, "width": 720, "prefix": "https://igx.4sqi.net/img/general/", "createdAt": 1362153155, "id": "5130cec3e4b06bad45a2cc82", "venue": {"url": "http://www.thecathay.com.sg", "like": false, "location": {"formattedAddress": ["2 Handy Rd", "229233", "Singapore"], "city": "Singapore", "lng": 103.84766397505004, "cc": "SG", "country": "Singapore", "lat": 1.2990935763375038, "address": "2 Handy Rd", "postalCode": "229233"}, "categories": [{"icon": {"prefix": "https://ss3.4sqi.net/img/categories_v2/shops/mall_", "suffix": ".png"}, "name": "Shopping Mall", "id": "4bf58dd8d48988d1fd941735", "pluralName": "Shopping Malls", "primary": true, "shortName": "Mall"}], "verified": false, "contact": {"formattedPhone": "+65 6732 7332", "phone": "+6567327332"}, "beenHere": {"lastCheckinExpiredAt": 0}, "stats": {"tipCount": 61, "usersCount": 23288, "checkinsCount": 60577}, "id": "4b1772e4f964a5209fc523e3", "name": "The Cathay"}, "suffix": "/11112772_3b9jhEH2oWajzrcreEDzbnLrr9jgTqySuR7_Gj0jMIE.jpg", "visibility": "public"}, {"height": 959, "source": {"url": "https://foursquare.com/download/#/iphone", "name": "Foursquare for iOS"}, "width": 717, "prefix": "https://igx.4sqi.net/img/general/", "createdAt": 1360861658, "id": "511d19dae4b0113e09132913", "venue": {"url": "http://katrinahldgs.com/bayang.html", "like": false, "location": {"formattedAddress": ["3A River Valley Rd, #01-05", "179020", "Singapore"], "city": "Singapore", "lng": 103.84529179925505, "cc": "SG", "country": "Singapore", "lat": 1.2898011362314792, "address": "3A River Valley Rd, #01-05", "labeledLatLngs": [{"label": "display", "lat": 1.2898011362314792, "lng": 103.84529179925505}], "postalCode": "179020"}, "categories": [{"icon": {"prefix": "https://ss3.4sqi.net/img/categories_v2/food/indonesian_", "suffix": ".png"}, "name": "Indonesian Restaurant", "id": "4deefc054765f83613cdba6f", "pluralName": "Indonesian Restaurants", "primary": true, "shortName": "Indonesian"}], "verified": false, "contact": {"formattedPhone": "+65 6337 0144", "phone": "+6563370144"}, "allowMenuUrlEdit": true, "stats": {"tipCount": 15, "usersCount": 441, "checkinsCount": 497}, "id": "4bfb5003d2b720a1fde7326a", "name": "Bayang Balinese Cuisine", "beenHere": {"lastCheckinExpiredAt": 0}}, "suffix": "/11112772_b6gE-CyIbS0Tr5Xs9vzj16sjKoYgSkY9GvEYu-Kdkho.jpg", "visibility": "public"}, {"height": 720, "source": {"url": "https://foursquare.com/download/#/iphone", "name": "Foursquare for iOS"}, "width": 537, "prefix": "https://igx.4sqi.net/img/general/", "createdAt": 1358002362, "id": "50f178bae4b06fac7c3b84f4", "venue": {"like": false, "location": {"city": "Singapore", "lng": 103.81887796130059, "cc": "SG", "country": "Singapore", "lat": 1.2727294711778838, "address": "109 Mount Faber", "labeledLatLngs": [{"label": "display", "lat": 1.2727294711778838, "lng": 103.81887796130059}], "formattedAddress": ["109 Mount Faber", "Singapore"]}, "categories": [{"icon": {"prefix": "https://ss3.4sqi.net/img/categories_v2/nightlife/pub_", "suffix": ".png"}, "name": "Bar", "id": "4bf58dd8d48988d116941735", "pluralName": "Bars", "primary": true, "shortName": "Bar"}], "verified": false, "contact": {}, "allowMenuUrlEdit": true, "stats": {"tipCount": 17, "usersCount": 799, "checkinsCount": 1050}, "id": "4ef480ed2c5b6efc370fe695", "name": "Faber Bistro", "beenHere": {"lastCheckinExpiredAt": 0}}, "suffix": "/11112772_ksEqF-6SthgHuphxZFksRjyq0ywvLas4A2LMmcdod1U.jpg", "visibility": "public"}, {"height": 720, "source": {"url": "https://foursquare.com/download/#/iphone", "name": "Foursquare for iOS"}, "width": 540, "prefix": "https://igx.4sqi.net/img/general/", "createdAt": 1353414568, "id": "50ab77a8e4b035aaf420f7e4", "venue": {"location": {"formattedAddress": ["#B4-06A, ION Orchard (2 Orchard Turn)", "238801", "Singapore"], "city": "Singapore", "lng": 103.83200168609619, "cc": "SG", "country": "Singapore", "crossStreet": "2 Orchard Turn", "lat": 1.3041276055837472, "address": "#B4-06A, ION Orchard", "labeledLatLngs": [{"label": "display", "lat": 1.3041276055837472, "lng": 103.83200168609619}], "postalCode": "238801"}, "contact": {"formattedPhone": "+65 1800 427 4779", "twitter": "gimme4fingers", "phone": "+6518004274779"}, "verified": true, "allowMenuUrlEdit": true, "stats": {"tipCount": 98, "usersCount": 6441, "checkinsCount": 11495}, "id": "4b5c226cf964a520492529e3", "url": "http://www.gimme4fingers.com", "like": false, "categories": [{"icon": {"prefix": "https://ss3.4sqi.net/img/categories_v2/food/wings_", "suffix": ".png"}, "name": "Wings Joint", "id": "4bf58dd8d48988d14c941735", "pluralName": "Wings Joints", "primary": true, "shortName": "Wings"}], "beenHere": {"lastCheckinExpiredAt": 0}, "name": "4Fingers Crispy Chicken", "venuePage": {"id": "36977195"}}, "suffix": "/11112772_Q4qcYu5K8Aq3KJ3QDUf9LUnQ0xPQA-ThMsUzVffM7jI.jpg", "visibility": "public"}, {"height": 720, "source": {"url": "https://foursquare.com/download/#/iphone", "name": "Foursquare for iOS"}, "width": 540, "prefix": "https://igx.4sqi.net/img/general/", "createdAt": 1353315659, "id": "50a9f54be4b05dd8c416074d", "venue": {"url": "http://www.ocoffeeclub.com", "like": false, "location": {"formattedAddress": ["Orchard Fountain Corner (323 Orchard Rd.)", "238892", "Singapore"], "city": "Singapore", "lng": 103.83760374340413, "cc": "SG", "country": "Singapore", "crossStreet": "323 Orchard Rd.", "lat": 1.3016311003292647, "address": "Orchard Fountain Corner", "labeledLatLngs": [{"label": "display", "lat": 1.3016311003292647, "lng": 103.83760374340413}], "postalCode": "238892"}, "categories": [{"icon": {"prefix": "https://ss3.4sqi.net/img/categories_v2/food/coffeeshop_", "suffix": ".png"}, "name": "Coffee Shop", "id": "4bf58dd8d48988d1e0931735", "pluralName": "Coffee Shops", "primary": true, "shortName": "Coffee Shop"}], "verified": false, "contact": {"formattedPhone": "+65 6736 2081", "phone": "+6567362081"}, "allowMenuUrlEdit": true, "stats": {"tipCount": 62, "usersCount": 4839, "checkinsCount": 7023}, "id": "4b0d7205f964a5207c4823e3", "name": "Coffee Club", "beenHere": {"lastCheckinExpiredAt": 0}}, "suffix": "/11112772_xyS6evotrAnyn6wH9T4O8j_tzEshFjVrKdnJa12UeI0.jpg", "visibility": "public"}, {"height": 720, "source": {"url": "https://foursquare.com/download/#/iphone", "name": "Foursquare for iOS"}, "width": 540, "prefix": "https://igx.4sqi.net/img/general/", "createdAt": 1351707482, "id": "50916b5ae4b006ec40907887", "venue": {"like": false, "location": {"formattedAddress": ["#01-00 Selegie Arts Centre (30 Selegie Road)", "188307", "Singapore"], "city": "Singapore", "lng": 103.84978141754544, "cc": "SG", "country": "Singapore", "crossStreet": "30 Selegie Road", "lat": 1.3001024818530966, "address": "#01-00 Selegie Arts Centre", "labeledLatLngs": [{"label": "display", "lat": 1.3001024818530966, "lng": 103.84978141754544}], "postalCode": "188307"}, "categories": [{"icon": {"prefix": "https://ss3.4sqi.net/img/categories_v2/food/default_", "suffix": ".png"}, "name": "American Restaurant", "id": "4bf58dd8d48988d14e941735", "pluralName": "American Restaurants", "primary": true, "shortName": "American"}], "verified": false, "contact": {"formattedPhone": "+65 6333 3100", "phone": "+6563333100"}, "allowMenuUrlEdit": true, "stats": {"tipCount": 48, "usersCount": 2765, "checkinsCount": 4133}, "id": "4b889fc0f964a520310532e3", "name": "Mr. Bean's Cafe", "beenHere": {"lastCheckinExpiredAt": 0}}, "suffix": "/11112772_-dmTyt1sXreOaREHBqFdUoZ7KB34yiqeZVK4mf2OpVo.jpg", "visibility": "public"}, {"height": 720, "source": {"url": "https://foursquare.com/download/#/iphone", "name": "Foursquare for iOS"}, "width": 540, "prefix": "https://igx.4sqi.net/img/general/", "createdAt": 1350489627, "id": "507ed61be4b0324d2925aca6", "venue": {"venueRatingBlacklisted": true, "like": false, "location": {"city": "Singapore", "lng": 103.8495889214098, "cc": "SG", "country": "Singapore", "lat": 1.305001474937911, "address": "MacKenzie Rd.", "labeledLatLngs": [{"label": "display", "lat": 1.305001474937911, "lng": 103.8495889214098}], "formattedAddress": ["MacKenzie Rd.", "Singapore"]}, "categories": [{"icon": {"prefix": "https://ss3.4sqi.net/img/categories_v2/travel/highway_", "suffix": ".png"}, "name": "Road", "id": "4bf58dd8d48988d1f9931735", "pluralName": "Roads", "primary": true, "shortName": "Road"}], "verified": false, "contact": {}, "beenHere": {"lastCheckinExpiredAt": 0}, "stats": {"tipCount": 1, "usersCount": 78, "checkinsCount": 144}, "id": "4ca5e9b5931bb60c11098ee2", "name": "MacKenzie Road"}, "suffix": "/11112772_mcT38hmci2tlaPcM7PuM_M1IyB5OrtV1GDnFoOxPeWU.jpg", "visibility": "public"}, {"height": 720, "source": {"url": "https://foursquare.com/download/#/iphone", "name": "Foursquare for iOS"}, "width": 540, "prefix": "https://igx.4sqi.net/img/general/", "createdAt": 1350402915, "id": "507d8363e4b0b49e1f7eef57", "venue": {"like": false, "location": {"formattedAddress": ["Blk 210 Marsiling Avenue (Marsiling Drive)", "730210", "Singapore"], "city": "Singapore", "lng": 103.77374947071075, "cc": "SG", "country": "Singapore", "crossStreet": "Marsiling Drive", "lat": 1.4462597905770453, "address": "Blk 210 Marsiling Avenue", "labeledLatLngs": [{"label": "display", "lat": 1.4462597905770453, "lng": 103.77374947071075}], "postalCode": "730210"}, "categories": [{"icon": {"prefix": "https://ss3.4sqi.net/img/categories_v2/food/asian_", "suffix": ".png"}, "name": "Asian Restaurant", "id": "4bf58dd8d48988d142941735", "pluralName": "Asian Restaurants", "primary": true, "shortName": "Asian"}], "verified": false, "contact": {}, "allowMenuUrlEdit": true, "stats": {"tipCount": 36, "usersCount": 1232, "checkinsCount": 3120}, "id": "4c0a5b49009a0f479130e9bf", "name": "Yassin Kampung Muslim Seafood", "beenHere": {"lastCheckinExpiredAt": 0}}, "suffix": "/11112772_kQ4ZWeukWOskHiSVBNF1FziX8CgZ9VlwWD-FvImIhbw.jpg", "visibility": "public"}, {"height": 720, "source": {"url": "https://foursquare.com/download/#/iphone", "name": "Foursquare for iOS"}, "width": 540, "prefix": "https://igx.4sqi.net/img/general/", "createdAt": 1350063559, "id": "507855c7e4b0b61559821897", "venue": {"like": false, "location": {"formattedAddress": ["246 Upper Thomson Rd.", "574370", "Singapore"], "city": "Singapore", "lng": 103.83420646190643, "cc": "SG", "country": "Singapore", "lat": 1.3537378055432805, "address": "246 Upper Thomson Rd.", "labeledLatLngs": [{"label": "display", "lat": 1.3537378055432805, "lng": 103.83420646190643}], "postalCode": "574370"}, "categories": [{"icon": {"prefix": "https://ss3.4sqi.net/img/categories_v2/food/indian_", "suffix": ".png"}, "name": "Indian Restaurant", "id": "4bf58dd8d48988d10f941735", "pluralName": "Indian Restaurants", "primary": true, "shortName": "Indian"}], "verified": false, "contact": {"formattedPhone": "+65 6459 5260", "phone": "+6564595260"}, "allowMenuUrlEdit": true, "stats": {"tipCount": 176, "usersCount": 11093, "checkinsCount": 21483}, "id": "4b07d0c7f964a520350023e3", "name": "The Roti Prata House", "beenHere": {"lastCheckinExpiredAt": 0}}, "suffix": "/11112772_F3H7MsWNNXSZz4QZAhnNfPW2u3oAwhiX1RhF1HdME9A.jpg", "visibility": "public"}, {"height": 720, "source": {"url": "https://foursquare.com/download/#/iphone", "name": "Foursquare for iOS"}, "width": 540, "prefix": "https://igx.4sqi.net/img/general/", "createdAt": 1349003349, "id": "50682855e4b01301ec9bae20", "venue": {"url": "http://www.ikea.com/sg", "like": false, "location": {"formattedAddress": ["IKEA Tampines (60 Tampines North Dr 2)", "528764", "Singapore"], "city": "Singapore", "lng": 103.9321231842041, "cc": "SG", "country": "Singapore", "crossStreet": "60 Tampines North Dr 2", "lat": 1.3733740600525863, "address": "IKEA Tampines", "labeledLatLngs": [{"label": "display", "lat": 1.3733740600525863, "lng": 103.9321231842041}], "postalCode": "528764"}, "categories": [{"icon": {"prefix": "https://ss3.4sqi.net/img/categories_v2/food/scandinavian_", "suffix": ".png"}, "name": "Scandinavian Restaurant", "id": "4bf58dd8d48988d1c6941735", "pluralName": "Scandinavian Restaurants", "primary": true, "shortName": "Scandinavian"}], "verified": false, "contact": {"formattedPhone": "+65 6786 6868", "phone": "+6567866868"}, "allowMenuUrlEdit": true, "stats": {"tipCount": 109, "usersCount": 7922, "checkinsCount": 14985}, "id": "4bd557da4e32d13a11b3c080", "name": "IKEA Restaurant", "beenHere": {"lastCheckinExpiredAt": 0}}, "suffix": "/11112772_kBPnIbNlR7wwSGPHUeqp8JKFdbEEW7gTxWuMUvDvfBc.jpg", "visibility": "public"}, {"height": 537, "source": {"url": "https://foursquare.com/download/#/iphone", "name": "Foursquare for iOS"}, "width": 720, "prefix": "https://igx.4sqi.net/img/general/", "createdAt": 1342609941, "id": "50069a15e4b0d9eeb5a53c9d", "venue": {"closed": true, "like": false, "location": {"formattedAddress": ["#01-44 to 47, Century Square (2 Tampines Central 5)", "529509", "Singapore"], "city": "Singapore", "lng": 103.944135, "cc": "SG", "country": "Singapore", "lat": 1.351863, "address": "#01-44 to 47, Century Square", "crossStreet": "2 Tampines Central 5", "postalCode": "529509"}, "categories": [{"icon": {"prefix": "https://ss3.4sqi.net/img/categories_v2/food/fastfood_", "suffix": ".png"}, "name": "Fast Food Restaurant", "id": "4bf58dd8d48988d16e941735", "pluralName": "Fast Food Restaurants", "primary": true, "shortName": "Fast Food"}], "verified": false, "contact": {}, "allowMenuUrlEdit": true, "stats": {"tipCount": 63, "usersCount": 3715, "checkinsCount": 6043}, "id": "4cd8d2c115d8b60ca822680e", "name": "Wendy's", "beenHere": {"lastCheckinExpiredAt": 0}}, "suffix": "/9aJLkadfoFpxLb8QnJGfs-2PXP1MGPjXGkZl8LO8LNk.jpg", "visibility": "public"}, {"height": 720, "source": {"url": "https://foursquare.com/download/#/iphone", "name": "Foursquare for iOS"}, "width": 540, "prefix": "https://igx.4sqi.net/img/general/", "createdAt": 1311164604, "id": "4e26c8bce4cd60a2c62877ba", "venue": {"url": "http://www.sbstransit.com.sg", "like": false, "location": {"formattedAddress": ["10 Compassvale St (Sengkang East Loop)", "545055", "Singapore"], "city": "Singapore", "lng": 103.90053628552846, "cc": "SG", "country": "Singapore", "crossStreet": "Sengkang East Loop", "lat": 1.3944818053986825, "address": "10 Compassvale St", "labeledLatLngs": [{"label": "display", "lat": 1.3944818053986825, "lng": 103.90053628552846}], "postalCode": "545055"}, "categories": [{"icon": {"prefix": "https://ss3.4sqi.net/img/categories_v2/travel/lightrail_", "suffix": ".png"}, "name": "Light Rail Station", "id": "4bf58dd8d48988d1fc931735", "pluralName": "Light Rail Stations", "primary": true, "shortName": "Light Rail"}], "verified": false, "contact": {"formattedPhone": "+65 1800 287 2727", "twitter": "sbs_transit", "phone": "+6518002872727"}, "beenHere": {"lastCheckinExpiredAt": 0}, "stats": {"tipCount": 10, "usersCount": 1219, "checkinsCount": 8541}, "id": "4b95d48bf964a520dcb434e3", "name": "Compassvale LRT Station (SE1)", "venueRatingBlacklisted": true}, "suffix": "/1HGMJE2UUB4RFR3EOVGHEMJZWYWKLK2B0LVIHHX0KA1KHJFY.jpg", "visibility": "public"}], "count": 15}, "totalCount": 15}}