{"meta": {"code": 200, "requestId": "595b3e804434b96bcaa601c7"}, "notifications": [{"item": {"unreadCount": 0}, "type": "notificationTray"}], "response": {"photos": {"items": [{"height": 540, "source": {"url": "https://www.swarmapp.com", "name": "Swarm for Android"}, "width": 960, "prefix": "https://igx.4sqi.net/img/general/", "createdAt": 1409203411, "id": "53febcd3498eef07de6cc343", "venue": {"like": false, "location": {"formattedAddress": ["848 Yishun Street 81", "760848", "Singapore"], "city": "Singapore", "lng": 103.83525, "cc": "SG", "country": "Singapore", "lat": 1.416793, "address": "848 Yishun Street 81", "labeledLatLngs": [{"label": "display", "lat": 1.416793, "lng": 103.83525}], "postalCode": "760848"}, "categories": [{"icon": {"prefix": "https://ss3.4sqi.net/img/categories_v2/food/default_", "suffix": ".png"}, "name": "American Restaurant", "id": "4bf58dd8d48988d14e941735", "pluralName": "American Restaurants", "primary": true, "shortName": "American"}], "verified": false, "contact": {}, "allowMenuUrlEdit": true, "stats": {"tipCount": 6, "usersCount": 93, "checkinsCount": 324}, "id": "4d6e3649619a236a807c6f8f", "name": "Big Bitez Signature", "beenHere": {"lastCheckinExpiredAt": 0}}, "suffix": "/11120595_4HkgFNWDBSJnVJ-5DhGzLSj-qxrF4Jbvfm_Qoo1wfGM.jpg", "visibility": "public"}, {"height": 2368, "source": {"url": "https://foursquare.com/download/#/android", "name": "Foursquare for Android"}, "tip": {"agreeCount": 1, "canonicalUrl": "https://foursquare.com/item/53febc2e498ef788115a5b82", "todo": {"count": 0}, "logView": true, "disagreeCount": 0, "createdAt": 1409203246, "id": "53febc2e498ef788115a5b82", "text": "Cheap and Good!", "likes": {"groups": [{"items": [{"photo": {"prefix": "https://igx.4sqi.net/img/user/", "suffix": "/61564031-ENFXK51C44KKVSXI.jpg"}, "id": "61564031", "firstName": "Lina", "gender": "female", "lastName": "Yippy"}], "count": 1, "type": "others"}], "count": 1, "summary": "1 like"}, "like": false, "type": "user"}, "width": 4208, "prefix": "https://igx.4sqi.net/img/general/", "createdAt": 1409203268, "id": "53febc44498e4e36d7d79d09", "venue": {"like": false, "location": {"formattedAddress": ["848 Yishun Street 81", "760848", "Singapore"], "city": "Singapore", "lng": 103.83525, "cc": "SG", "country": "Singapore", "lat": 1.416793, "address": "848 Yishun Street 81", "labeledLatLngs": [{"label": "display", "lat": 1.416793, "lng": 103.83525}], "postalCode": "760848"}, "categories": [{"icon": {"prefix": "https://ss3.4sqi.net/img/categories_v2/food/default_", "suffix": ".png"}, "name": "American Restaurant", "id": "4bf58dd8d48988d14e941735", "pluralName": "American Restaurants", "primary": true, "shortName": "American"}], "verified": false, "contact": {}, "allowMenuUrlEdit": true, "stats": {"tipCount": 6, "usersCount": 93, "checkinsCount": 324}, "id": "4d6e3649619a236a807c6f8f", "name": "Big Bitez Signature", "beenHere": {"lastCheckinExpiredAt": 0}}, "suffix": "/11120595_PNogofJJDAGmNIJ2tgL8KosnQnYXym8wIP68zpuumIU.jpg", "visibility": "public"}, {"height": 540, "source": {"url": "https://foursquare.com/download/#/android", "name": "Foursquare for Android"}, "width": 960, "prefix": "https://igx.4sqi.net/img/general/", "createdAt": 1403174007, "id": "53a2bc77498e8973a3cc3ff4", "venue": {"location": {"formattedAddress": ["112 Tung Choi Street, (Mong Kok, Kowloon)", "\u9999\u6e2f"], "city": "\u65fa\u89d2", "lng": 114.17040680298027, "cc": "HK", "country": "\u9999\u6e2f", "crossStreet": "Mong Kok, Kowloon", "lat": 22.320175195911574, "address": "112 Tung Choi Street,", "labeledLatLngs": [{"label": "display", "lat": 22.320175195911574, "lng": 114.17040680298027}], "neighborhood": "Mong Kok"}, "contact": {"formattedPhone": "+852 2309 2300", "phone": "+85223092300"}, "verified": true, "allowMenuUrlEdit": true, "stats": {"tipCount": 93, "usersCount": 1617, "checkinsCount": 1906}, "id": "4f5dbc35e4b024154423b007", "storeId": "", "url": "http://www.facebook.com/dimdimsum.wanchai", "like": false, "categories": [{"icon": {"prefix": "https://ss3.4sqi.net/img/categories_v2/food/dimsum_", "suffix": ".png"}, "name": "Dim Sum Restaurant", "id": "4bf58dd8d48988d1f5931735", "pluralName": "Dim Sum Restaurants", "primary": true, "shortName": "Dim Sum"}], "beenHere": {"lastCheckinExpiredAt": 0}, "name": "DimDimSum Dim Sum Specialty Store \u9ede\u9ede\u5fc3\u9ede\u5fc3\u5c08\u9580\u5e97 (\u9ede\u9ede\u5fc3\u9ede\u5fc3\u5c08\u9580\u5e97)"}, "suffix": "/11120595_MAgq4TGBQmnobIzZlihNdMjyuwU-b9wmk3XN5Lbp8Jc.jpg", "visibility": "public"}, {"height": 540, "source": {"url": "https://foursquare.com/download/#/android", "name": "Foursquare for Android"}, "width": 960, "prefix": "https://igx.4sqi.net/img/general/", "createdAt": 1399538756, "id": "536b4444498e561cc2fbb712", "venue": {"location": {"formattedAddress": ["100 Barrett Street", "Herne Hill WA 6056", "Australia"], "city": "Herne Hill", "lng": 116.00706338882446, "cc": "AU", "state": "WA", "lat": -31.830288335664033, "address": "100 Barrett Street", "labeledLatLngs": [{"label": "display", "lat": -31.830288335664033, "lng": 116.00706338882446}], "postalCode": "6056", "country": "Australia"}, "contact": {"formattedPhone": "+61 8 9296 2600", "twitter": "sittellawinery", "phone": "+61892962600"}, "verified": false, "allowMenuUrlEdit": true, "stats": {"tipCount": 2, "usersCount": 253, "checkinsCount": 287}, "menu": {"label": "Services", "anchor": "View Services", "mobileUrl": "https://foursquare.com/v/4bc865c02f94d13aca79137f/device_menu", "url": "https://foursquare.com/v/sittella-winery/4bc865c02f94d13aca79137f/menu", "type": "Services"}, "beenHere": {"lastCheckinExpiredAt": 0}, "hasMenu": true, "like": false, "categories": [{"icon": {"prefix": "https://ss3.4sqi.net/img/categories_v2/food/winery_", "suffix": ".png"}, "name": "Winery", "id": "4bf58dd8d48988d14b941735", "pluralName": "Wineries", "primary": true, "shortName": "Winery"}], "id": "4bc865c02f94d13aca79137f", "name": "Sittella Winery"}, "suffix": "/11120595_cLHANOV49RgGo99Zo0_6scVMjUTx7497dAsPWhjri9c.jpg", "visibility": "public"}, {"height": 540, "source": {"url": "https://foursquare.com/download/#/android", "name": "Foursquare for Android"}, "width": 960, "prefix": "https://igx.4sqi.net/img/general/", "createdAt": 1399538743, "id": "536b4437498eec4c5eba104d", "venue": {"location": {"formattedAddress": ["100 Barrett Street", "Herne Hill WA 6056", "Australia"], "city": "Herne Hill", "lng": 116.00706338882446, "cc": "AU", "state": "WA", "lat": -31.830288335664033, "address": "100 Barrett Street", "labeledLatLngs": [{"label": "display", "lat": -31.830288335664033, "lng": 116.00706338882446}], "postalCode": "6056", "country": "Australia"}, "contact": {"formattedPhone": "+61 8 9296 2600", "twitter": "sittellawinery", "phone": "+61892962600"}, "verified": false, "allowMenuUrlEdit": true, "stats": {"tipCount": 2, "usersCount": 253, "checkinsCount": 287}, "menu": {"label": "Services", "anchor": "View Services", "mobileUrl": "https://foursquare.com/v/4bc865c02f94d13aca79137f/device_menu", "url": "https://foursquare.com/v/sittella-winery/4bc865c02f94d13aca79137f/menu", "type": "Services"}, "beenHere": {"lastCheckinExpiredAt": 0}, "hasMenu": true, "like": false, "categories": [{"icon": {"prefix": "https://ss3.4sqi.net/img/categories_v2/food/winery_", "suffix": ".png"}, "name": "Winery", "id": "4bf58dd8d48988d14b941735", "pluralName": "Wineries", "primary": true, "shortName": "Winery"}], "id": "4bc865c02f94d13aca79137f", "name": "Sittella Winery"}, "suffix": "/11120595_WPWS89dVvhWxZGizB_oVEze3A-Pa6n1XGSY6iXsdiD8.jpg", "visibility": "public"}, {"height": 540, "source": {"url": "https://foursquare.com/download/#/android", "name": "Foursquare for Android"}, "width": 960, "prefix": "https://igx.4sqi.net/img/general/", "createdAt": 1399538733, "id": "536b442d498e99c3eef9285d", "venue": {"location": {"formattedAddress": ["100 Barrett Street", "Herne Hill WA 6056", "Australia"], "city": "Herne Hill", "lng": 116.00706338882446, "cc": "AU", "state": "WA", "lat": -31.830288335664033, "address": "100 Barrett Street", "labeledLatLngs": [{"label": "display", "lat": -31.830288335664033, "lng": 116.00706338882446}], "postalCode": "6056", "country": "Australia"}, "contact": {"formattedPhone": "+61 8 9296 2600", "twitter": "sittellawinery", "phone": "+61892962600"}, "verified": false, "allowMenuUrlEdit": true, "stats": {"tipCount": 2, "usersCount": 253, "checkinsCount": 287}, "menu": {"label": "Services", "anchor": "View Services", "mobileUrl": "https://foursquare.com/v/4bc865c02f94d13aca79137f/device_menu", "url": "https://foursquare.com/v/sittella-winery/4bc865c02f94d13aca79137f/menu", "type": "Services"}, "beenHere": {"lastCheckinExpiredAt": 0}, "hasMenu": true, "like": false, "categories": [{"icon": {"prefix": "https://ss3.4sqi.net/img/categories_v2/food/winery_", "suffix": ".png"}, "name": "Winery", "id": "4bf58dd8d48988d14b941735", "pluralName": "Wineries", "primary": true, "shortName": "Winery"}], "id": "4bc865c02f94d13aca79137f", "name": "Sittella Winery"}, "suffix": "/11120595_kSpEL6VBtkeO3ugpIlj96CQGSWv6ABm1yFliWfWXmaE.jpg", "visibility": "public"}, {"height": 960, "source": {"url": "https://foursquare.com/download/#/android", "name": "Foursquare for Android"}, "width": 540, "prefix": "https://igx.4sqi.net/img/general/", "createdAt": 1399538703, "id": "536b440f498edfdb246cb238", "venue": {"location": {"formattedAddress": ["100 Barrett Street", "Herne Hill WA 6056", "Australia"], "city": "Herne Hill", "lng": 116.00706338882446, "cc": "AU", "state": "WA", "lat": -31.830288335664033, "address": "100 Barrett Street", "labeledLatLngs": [{"label": "display", "lat": -31.830288335664033, "lng": 116.00706338882446}], "postalCode": "6056", "country": "Australia"}, "contact": {"formattedPhone": "+61 8 9296 2600", "twitter": "sittellawinery", "phone": "+61892962600"}, "verified": false, "allowMenuUrlEdit": true, "stats": {"tipCount": 2, "usersCount": 253, "checkinsCount": 287}, "menu": {"label": "Services", "anchor": "View Services", "mobileUrl": "https://foursquare.com/v/4bc865c02f94d13aca79137f/device_menu", "url": "https://foursquare.com/v/sittella-winery/4bc865c02f94d13aca79137f/menu", "type": "Services"}, "beenHere": {"lastCheckinExpiredAt": 0}, "hasMenu": true, "like": false, "categories": [{"icon": {"prefix": "https://ss3.4sqi.net/img/categories_v2/food/winery_", "suffix": ".png"}, "name": "Winery", "id": "4bf58dd8d48988d14b941735", "pluralName": "Wineries", "primary": true, "shortName": "Winery"}], "id": "4bc865c02f94d13aca79137f", "name": "Sittella Winery"}, "suffix": "/11120595_7wjCe4o0S6HAEo28JqDg6TiCWCz5FQpVanIJ44sccVU.jpg", "visibility": "public"}, {"height": 540, "source": {"url": "https://foursquare.com/download/#/android", "name": "Foursquare for Android"}, "width": 960, "prefix": "https://igx.4sqi.net/img/general/", "createdAt": 1399538690, "id": "536b4402498ef46aba9af487", "venue": {"location": {"formattedAddress": ["100 Barrett Street", "Herne Hill WA 6056", "Australia"], "city": "Herne Hill", "lng": 116.00706338882446, "cc": "AU", "state": "WA", "lat": -31.830288335664033, "address": "100 Barrett Street", "labeledLatLngs": [{"label": "display", "lat": -31.830288335664033, "lng": 116.00706338882446}], "postalCode": "6056", "country": "Australia"}, "contact": {"formattedPhone": "+61 8 9296 2600", "twitter": "sittellawinery", "phone": "+61892962600"}, "verified": false, "allowMenuUrlEdit": true, "stats": {"tipCount": 2, "usersCount": 253, "checkinsCount": 287}, "menu": {"label": "Services", "anchor": "View Services", "mobileUrl": "https://foursquare.com/v/4bc865c02f94d13aca79137f/device_menu", "url": "https://foursquare.com/v/sittella-winery/4bc865c02f94d13aca79137f/menu", "type": "Services"}, "beenHere": {"lastCheckinExpiredAt": 0}, "hasMenu": true, "like": false, "categories": [{"icon": {"prefix": "https://ss3.4sqi.net/img/categories_v2/food/winery_", "suffix": ".png"}, "name": "Winery", "id": "4bf58dd8d48988d14b941735", "pluralName": "Wineries", "primary": true, "shortName": "Winery"}], "id": "4bc865c02f94d13aca79137f", "name": "Sittella Winery"}, "suffix": "/11120595_MefHASJfDteBrtYMoT7DLzr5uLB5IQUxsLybgwTbG-4.jpg", "visibility": "public"}, {"height": 540, "source": {"url": "https://foursquare.com/download/#/android", "name": "Foursquare for Android"}, "width": 960, "prefix": "https://igx.4sqi.net/img/general/", "createdAt": 1399538681, "id": "536b43f9498ebb7035fb3a81", "venue": {"location": {"formattedAddress": ["100 Barrett Street", "Herne Hill WA 6056", "Australia"], "city": "Herne Hill", "lng": 116.00706338882446, "cc": "AU", "state": "WA", "lat": -31.830288335664033, "address": "100 Barrett Street", "labeledLatLngs": [{"label": "display", "lat": -31.830288335664033, "lng": 116.00706338882446}], "postalCode": "6056", "country": "Australia"}, "contact": {"formattedPhone": "+61 8 9296 2600", "twitter": "sittellawinery", "phone": "+61892962600"}, "verified": false, "allowMenuUrlEdit": true, "stats": {"tipCount": 2, "usersCount": 253, "checkinsCount": 287}, "menu": {"label": "Services", "anchor": "View Services", "mobileUrl": "https://foursquare.com/v/4bc865c02f94d13aca79137f/device_menu", "url": "https://foursquare.com/v/sittella-winery/4bc865c02f94d13aca79137f/menu", "type": "Services"}, "beenHere": {"lastCheckinExpiredAt": 0}, "hasMenu": true, "like": false, "categories": [{"icon": {"prefix": "https://ss3.4sqi.net/img/categories_v2/food/winery_", "suffix": ".png"}, "name": "Winery", "id": "4bf58dd8d48988d14b941735", "pluralName": "Wineries", "primary": true, "shortName": "Winery"}], "id": "4bc865c02f94d13aca79137f", "name": "Sittella Winery"}, "suffix": "/11120595_Vx_X9ogpJGUzXczz0rBpUcxagwSPnkn7W0pq_-NQDog.jpg", "visibility": "public"}, {"height": 540, "source": {"url": "https://foursquare.com/download/#/android", "name": "Foursquare for Android"}, "width": 960, "prefix": "https://igx.4sqi.net/img/general/", "createdAt": 1399538673, "id": "536b43f1498e4b46ee8d9fa4", "venue": {"location": {"formattedAddress": ["100 Barrett Street", "Herne Hill WA 6056", "Australia"], "city": "Herne Hill", "lng": 116.00706338882446, "cc": "AU", "state": "WA", "lat": -31.830288335664033, "address": "100 Barrett Street", "labeledLatLngs": [{"label": "display", "lat": -31.830288335664033, "lng": 116.00706338882446}], "postalCode": "6056", "country": "Australia"}, "contact": {"formattedPhone": "+61 8 9296 2600", "twitter": "sittellawinery", "phone": "+61892962600"}, "verified": false, "allowMenuUrlEdit": true, "stats": {"tipCount": 2, "usersCount": 253, "checkinsCount": 287}, "menu": {"label": "Services", "anchor": "View Services", "mobileUrl": "https://foursquare.com/v/4bc865c02f94d13aca79137f/device_menu", "url": "https://foursquare.com/v/sittella-winery/4bc865c02f94d13aca79137f/menu", "type": "Services"}, "beenHere": {"lastCheckinExpiredAt": 0}, "hasMenu": true, "like": false, "categories": [{"icon": {"prefix": "https://ss3.4sqi.net/img/categories_v2/food/winery_", "suffix": ".png"}, "name": "Winery", "id": "4bf58dd8d48988d14b941735", "pluralName": "Wineries", "primary": true, "shortName": "Winery"}], "id": "4bc865c02f94d13aca79137f", "name": "Sittella Winery"}, "suffix": "/11120595_DzPx7JoYdH5wiGa5aTcBRaKXXEuEG8jN0He6kJRdNnc.jpg", "visibility": "public"}, {"height": 960, "source": {"url": "https://foursquare.com/download/#/android", "name": "Foursquare for Android"}, "width": 540, "prefix": "https://igx.4sqi.net/img/general/", "createdAt": 1399538651, "id": "536b43db498ef43e3d0eefc2", "venue": {"location": {"formattedAddress": ["100 Barrett Street", "Herne Hill WA 6056", "Australia"], "city": "Herne Hill", "lng": 116.00706338882446, "cc": "AU", "state": "WA", "lat": -31.830288335664033, "address": "100 Barrett Street", "labeledLatLngs": [{"label": "display", "lat": -31.830288335664033, "lng": 116.00706338882446}], "postalCode": "6056", "country": "Australia"}, "contact": {"formattedPhone": "+61 8 9296 2600", "twitter": "sittellawinery", "phone": "+61892962600"}, "verified": false, "allowMenuUrlEdit": true, "stats": {"tipCount": 2, "usersCount": 253, "checkinsCount": 287}, "menu": {"label": "Services", "anchor": "View Services", "mobileUrl": "https://foursquare.com/v/4bc865c02f94d13aca79137f/device_menu", "url": "https://foursquare.com/v/sittella-winery/4bc865c02f94d13aca79137f/menu", "type": "Services"}, "beenHere": {"lastCheckinExpiredAt": 0}, "hasMenu": true, "like": false, "categories": [{"icon": {"prefix": "https://ss3.4sqi.net/img/categories_v2/food/winery_", "suffix": ".png"}, "name": "Winery", "id": "4bf58dd8d48988d14b941735", "pluralName": "Wineries", "primary": true, "shortName": "Winery"}], "id": "4bc865c02f94d13aca79137f", "name": "Sittella Winery"}, "suffix": "/11120595_dLzl5M624a0XkP28cvG4Q4G2wK2Pu5WZWyGNbtnaVHo.jpg", "visibility": "public"}, {"height": 242, "source": {"url": "https://foursquare.com/download/#/android", "name": "Foursquare for Android"}, "width": 960, "prefix": "https://igx.4sqi.net/img/general/", "createdAt": 1399538638, "id": "536b43ce498ebb7035fb356c", "venue": {"location": {"formattedAddress": ["100 Barrett Street", "Herne Hill WA 6056", "Australia"], "city": "Herne Hill", "lng": 116.00706338882446, "cc": "AU", "state": "WA", "lat": -31.830288335664033, "address": "100 Barrett Street", "labeledLatLngs": [{"label": "display", "lat": -31.830288335664033, "lng": 116.00706338882446}], "postalCode": "6056", "country": "Australia"}, "contact": {"formattedPhone": "+61 8 9296 2600", "twitter": "sittellawinery", "phone": "+61892962600"}, "verified": false, "allowMenuUrlEdit": true, "stats": {"tipCount": 2, "usersCount": 253, "checkinsCount": 287}, "menu": {"label": "Services", "anchor": "View Services", "mobileUrl": "https://foursquare.com/v/4bc865c02f94d13aca79137f/device_menu", "url": "https://foursquare.com/v/sittella-winery/4bc865c02f94d13aca79137f/menu", "type": "Services"}, "beenHere": {"lastCheckinExpiredAt": 0}, "hasMenu": true, "like": false, "categories": [{"icon": {"prefix": "https://ss3.4sqi.net/img/categories_v2/food/winery_", "suffix": ".png"}, "name": "Winery", "id": "4bf58dd8d48988d14b941735", "pluralName": "Wineries", "primary": true, "shortName": "Winery"}], "id": "4bc865c02f94d13aca79137f", "name": "Sittella Winery"}, "suffix": "/11120595_F27max3KFxeuRVaeNyxrJYFJxwmnSZM05I1DRdjBCCY.jpg", "visibility": "public"}, {"height": 960, "source": {"url": "https://foursquare.com/download/#/android", "name": "Foursquare for Android"}, "width": 540, "prefix": "https://igx.4sqi.net/img/general/", "createdAt": 1399440649, "id": "5369c509498e137a416c08dd", "venue": {"like": false, "location": {"formattedAddress": ["339 Hay St. (at Hill St.)", "Perth WA 6000", "Australia"], "city": "Perth", "lng": 115.868521, "cc": "AU", "state": "WA", "crossStreet": "at Hill St.", "lat": -31.95742137, "address": "339 Hay St.", "labeledLatLngs": [{"label": "display", "lat": -31.95742137, "lng": 115.868521}], "postalCode": "6000", "country": "Australia"}, "categories": [{"icon": {"prefix": "https://ss3.4sqi.net/img/categories_v2/nightlife/pub_", "suffix": ".png"}, "name": "Pub", "id": "4bf58dd8d48988d11b941735", "pluralName": "Pubs", "primary": true, "shortName": "Pub"}], "verified": false, "contact": {"formattedPhone": "+61 8 9325 3799", "phone": "+61893253799"}, "allowMenuUrlEdit": true, "stats": {"tipCount": 13, "usersCount": 713, "checkinsCount": 1636}, "id": "4b278c93f964a520478724e3", "name": "Grosvenor Hotel", "beenHere": {"lastCheckinExpiredAt": 0}}, "suffix": "/11120595_BOsJXh8u-4BIKi8u2b8uVF4sTrzdYGpEIPGPMY5PrfY.jpg", "visibility": "public"}, {"height": 540, "source": {"url": "https://foursquare.com/download/#/android", "name": "Foursquare for Android"}, "width": 960, "prefix": "https://igx.4sqi.net/img/general/", "createdAt": 1399440643, "id": "5369c503498e2ef7aa4f48f4", "venue": {"like": false, "location": {"formattedAddress": ["339 Hay St. (at Hill St.)", "Perth WA 6000", "Australia"], "city": "Perth", "lng": 115.868521, "cc": "AU", "state": "WA", "crossStreet": "at Hill St.", "lat": -31.95742137, "address": "339 Hay St.", "labeledLatLngs": [{"label": "display", "lat": -31.95742137, "lng": 115.868521}], "postalCode": "6000", "country": "Australia"}, "categories": [{"icon": {"prefix": "https://ss3.4sqi.net/img/categories_v2/nightlife/pub_", "suffix": ".png"}, "name": "Pub", "id": "4bf58dd8d48988d11b941735", "pluralName": "Pubs", "primary": true, "shortName": "Pub"}], "verified": false, "contact": {"formattedPhone": "+61 8 9325 3799", "phone": "+61893253799"}, "allowMenuUrlEdit": true, "stats": {"tipCount": 13, "usersCount": 713, "checkinsCount": 1636}, "id": "4b278c93f964a520478724e3", "name": "Grosvenor Hotel", "beenHere": {"lastCheckinExpiredAt": 0}}, "suffix": "/11120595_ylpzh64b6eUkouBSpl7UvVUgs4xBdMW_YxV_fVA9nUM.jpg", "visibility": "public"}, {"height": 540, "source": {"url": "https://foursquare.com/download/#/android", "name": "Foursquare for Android"}, "width": 960, "prefix": "https://igx.4sqi.net/img/general/", "createdAt": 1399440627, "id": "5369c4f3498e6ad8e84182f2", "venue": {"like": false, "location": {"formattedAddress": ["339 Hay St. (at Hill St.)", "Perth WA 6000", "Australia"], "city": "Perth", "lng": 115.868521, "cc": "AU", "state": "WA", "crossStreet": "at Hill St.", "lat": -31.95742137, "address": "339 Hay St.", "labeledLatLngs": [{"label": "display", "lat": -31.95742137, "lng": 115.868521}], "postalCode": "6000", "country": "Australia"}, "categories": [{"icon": {"prefix": "https://ss3.4sqi.net/img/categories_v2/nightlife/pub_", "suffix": ".png"}, "name": "Pub", "id": "4bf58dd8d48988d11b941735", "pluralName": "Pubs", "primary": true, "shortName": "Pub"}], "verified": false, "contact": {"formattedPhone": "+61 8 9325 3799", "phone": "+61893253799"}, "allowMenuUrlEdit": true, "stats": {"tipCount": 13, "usersCount": 713, "checkinsCount": 1636}, "id": "4b278c93f964a520478724e3", "name": "Grosvenor Hotel", "beenHere": {"lastCheckinExpiredAt": 0}}, "suffix": "/11120595_Rx3Xq4VAbhJVmdkyzLGSO9PKXjPPa1e12EmZpkW7wnc.jpg", "visibility": "public"}, {"height": 540, "source": {"url": "https://foursquare.com/download/#/android", "name": "Foursquare for Android"}, "width": 960, "prefix": "https://igx.4sqi.net/img/general/", "createdAt": 1399440620, "id": "5369c4ec498e77b8f6796816", "venue": {"like": false, "location": {"formattedAddress": ["339 Hay St. (at Hill St.)", "Perth WA 6000", "Australia"], "city": "Perth", "lng": 115.868521, "cc": "AU", "state": "WA", "crossStreet": "at Hill St.", "lat": -31.95742137, "address": "339 Hay St.", "labeledLatLngs": [{"label": "display", "lat": -31.95742137, "lng": 115.868521}], "postalCode": "6000", "country": "Australia"}, "categories": [{"icon": {"prefix": "https://ss3.4sqi.net/img/categories_v2/nightlife/pub_", "suffix": ".png"}, "name": "Pub", "id": "4bf58dd8d48988d11b941735", "pluralName": "Pubs", "primary": true, "shortName": "Pub"}], "verified": false, "contact": {"formattedPhone": "+61 8 9325 3799", "phone": "+61893253799"}, "allowMenuUrlEdit": true, "stats": {"tipCount": 13, "usersCount": 713, "checkinsCount": 1636}, "id": "4b278c93f964a520478724e3", "name": "Grosvenor Hotel", "beenHere": {"lastCheckinExpiredAt": 0}}, "suffix": "/11120595_o48-aAjOIEUxojoc9VDjJfZsYunQkvUNxGigRVyNC8k.jpg", "visibility": "public"}, {"height": 540, "source": {"url": "https://foursquare.com/download/#/android", "name": "Foursquare for Android"}, "width": 960, "prefix": "https://igx.4sqi.net/img/general/", "createdAt": 1399440615, "id": "5369c4e7498e57be4856d2b2", "venue": {"like": false, "location": {"formattedAddress": ["339 Hay St. (at Hill St.)", "Perth WA 6000", "Australia"], "city": "Perth", "lng": 115.868521, "cc": "AU", "state": "WA", "crossStreet": "at Hill St.", "lat": -31.95742137, "address": "339 Hay St.", "labeledLatLngs": [{"label": "display", "lat": -31.95742137, "lng": 115.868521}], "postalCode": "6000", "country": "Australia"}, "categories": [{"icon": {"prefix": "https://ss3.4sqi.net/img/categories_v2/nightlife/pub_", "suffix": ".png"}, "name": "Pub", "id": "4bf58dd8d48988d11b941735", "pluralName": "Pubs", "primary": true, "shortName": "Pub"}], "verified": false, "contact": {"formattedPhone": "+61 8 9325 3799", "phone": "+61893253799"}, "allowMenuUrlEdit": true, "stats": {"tipCount": 13, "usersCount": 713, "checkinsCount": 1636}, "id": "4b278c93f964a520478724e3", "name": "Grosvenor Hotel", "beenHere": {"lastCheckinExpiredAt": 0}}, "suffix": "/11120595_xmFcT5iQyDjKwHrBxuAQodcT83rAklCPN0ayzWB3w28.jpg", "visibility": "public"}, {"height": 540, "source": {"url": "https://foursquare.com/download/#/android", "name": "Foursquare for Android"}, "width": 960, "prefix": "https://igx.4sqi.net/img/general/", "createdAt": 1396070695, "id": "5336592711d22e9f6f49bb27", "venue": {"like": false, "location": {"lng": 103.74696521495639, "cc": "SG", "country": "Singapore", "lat": 1.3975139218286787, "address": "Yew Tee Point", "labeledLatLngs": [{"label": "display", "lat": 1.3975139218286787, "lng": 103.74696521495639}], "formattedAddress": ["Yew Tee Point", "Singapore"]}, "categories": [{"icon": {"prefix": "https://ss3.4sqi.net/img/categories_v2/food/japanese_", "suffix": ".png"}, "name": "Japanese Restaurant", "id": "4bf58dd8d48988d111941735", "pluralName": "Japanese Restaurants", "primary": true, "shortName": "Japanese"}], "verified": false, "contact": {}, "allowMenuUrlEdit": true, "stats": {"tipCount": 2, "usersCount": 440, "checkinsCount": 1450}, "id": "52b92e9611d23279ea1dfaec", "name": "Nihon Mura Express", "beenHere": {"lastCheckinExpiredAt": 0}}, "suffix": "/11120595_uP6YBua0e1Y-Exza-y84bsLvrHmL26JG1eG4VaPyHI4.jpg", "visibility": "public"}, {"height": 540, "source": {"url": "https://foursquare.com/download/#/android", "name": "Foursquare for Android"}, "width": 960, "prefix": "https://igx.4sqi.net/img/general/", "createdAt": 1396070571, "id": "533658ab498e52d88521c944", "venue": {"like": false, "location": {"lng": 103.74696521495639, "cc": "SG", "country": "Singapore", "lat": 1.3975139218286787, "address": "Yew Tee Point", "labeledLatLngs": [{"label": "display", "lat": 1.3975139218286787, "lng": 103.74696521495639}], "formattedAddress": ["Yew Tee Point", "Singapore"]}, "categories": [{"icon": {"prefix": "https://ss3.4sqi.net/img/categories_v2/food/japanese_", "suffix": ".png"}, "name": "Japanese Restaurant", "id": "4bf58dd8d48988d111941735", "pluralName": "Japanese Restaurants", "primary": true, "shortName": "Japanese"}], "verified": false, "contact": {}, "allowMenuUrlEdit": true, "stats": {"tipCount": 2, "usersCount": 440, "checkinsCount": 1450}, "id": "52b92e9611d23279ea1dfaec", "name": "Nihon Mura Express", "beenHere": {"lastCheckinExpiredAt": 0}}, "suffix": "/11120595_276mBmLIOssiFauqtOhzLCjui8wekWqq4tz3okuxC-I.jpg", "visibility": "public"}, {"height": 540, "source": {"url": "https://foursquare.com/download/#/android", "name": "Foursquare for Android"}, "width": 960, "prefix": "https://igx.4sqi.net/img/general/", "createdAt": 1396070563, "id": "533658a3498e96f176c94ec0", "venue": {"like": false, "location": {"lng": 103.74696521495639, "cc": "SG", "country": "Singapore", "lat": 1.3975139218286787, "address": "Yew Tee Point", "labeledLatLngs": [{"label": "display", "lat": 1.3975139218286787, "lng": 103.74696521495639}], "formattedAddress": ["Yew Tee Point", "Singapore"]}, "categories": [{"icon": {"prefix": "https://ss3.4sqi.net/img/categories_v2/food/japanese_", "suffix": ".png"}, "name": "Japanese Restaurant", "id": "4bf58dd8d48988d111941735", "pluralName": "Japanese Restaurants", "primary": true, "shortName": "Japanese"}], "verified": false, "contact": {}, "allowMenuUrlEdit": true, "stats": {"tipCount": 2, "usersCount": 440, "checkinsCount": 1450}, "id": "52b92e9611d23279ea1dfaec", "name": "Nihon Mura Express", "beenHere": {"lastCheckinExpiredAt": 0}}, "suffix": "/11120595_bspQjIVv2TaKNPPXWiHJBby_ZvmHmUaZiL-Tdr6ePqU.jpg", "visibility": "public"}, {"height": 540, "source": {"url": "https://foursquare.com/download/#/android", "name": "Foursquare for Android"}, "width": 960, "prefix": "https://igx.4sqi.net/img/general/", "createdAt": 1396070553, "id": "53365899498e9ba84a4225d1", "venue": {"like": false, "location": {"lng": 103.74696521495639, "cc": "SG", "country": "Singapore", "lat": 1.3975139218286787, "address": "Yew Tee Point", "labeledLatLngs": [{"label": "display", "lat": 1.3975139218286787, "lng": 103.74696521495639}], "formattedAddress": ["Yew Tee Point", "Singapore"]}, "categories": [{"icon": {"prefix": "https://ss3.4sqi.net/img/categories_v2/food/japanese_", "suffix": ".png"}, "name": "Japanese Restaurant", "id": "4bf58dd8d48988d111941735", "pluralName": "Japanese Restaurants", "primary": true, "shortName": "Japanese"}], "verified": false, "contact": {}, "allowMenuUrlEdit": true, "stats": {"tipCount": 2, "usersCount": 440, "checkinsCount": 1450}, "id": "52b92e9611d23279ea1dfaec", "name": "Nihon Mura Express", "beenHere": {"lastCheckinExpiredAt": 0}}, "suffix": "/11120595_uP6YBua0e1Y-Exza-y84bsLvrHmL26JG1eG4VaPyHI4.jpg", "visibility": "public"}, {"height": 540, "source": {"url": "https://foursquare.com/download/#/android", "name": "Foursquare for Android"}, "width": 960, "prefix": "https://igx.4sqi.net/img/general/", "createdAt": 1396070540, "id": "5336588c498edec4cbb76390", "venue": {"like": false, "location": {"lng": 103.74696521495639, "cc": "SG", "country": "Singapore", "lat": 1.3975139218286787, "address": "Yew Tee Point", "labeledLatLngs": [{"label": "display", "lat": 1.3975139218286787, "lng": 103.74696521495639}], "formattedAddress": ["Yew Tee Point", "Singapore"]}, "categories": [{"icon": {"prefix": "https://ss3.4sqi.net/img/categories_v2/food/japanese_", "suffix": ".png"}, "name": "Japanese Restaurant", "id": "4bf58dd8d48988d111941735", "pluralName": "Japanese Restaurants", "primary": true, "shortName": "Japanese"}], "verified": false, "contact": {}, "allowMenuUrlEdit": true, "stats": {"tipCount": 2, "usersCount": 440, "checkinsCount": 1450}, "id": "52b92e9611d23279ea1dfaec", "name": "Nihon Mura Express", "beenHere": {"lastCheckinExpiredAt": 0}}, "suffix": "/11120595_j9clBHY3aTVPxMWlk45yC32ZgpxKo6sjD0UEHbpPVzM.jpg", "visibility": "public"}, {"height": 540, "source": {"url": "https://foursquare.com/download/#/android", "name": "Foursquare for Android"}, "width": 960, "prefix": "https://igx.4sqi.net/img/general/", "createdAt": 1396070523, "id": "5336587b498ee1851397a636", "venue": {"like": false, "location": {"lng": 103.74696521495639, "cc": "SG", "country": "Singapore", "lat": 1.3975139218286787, "address": "Yew Tee Point", "labeledLatLngs": [{"label": "display", "lat": 1.3975139218286787, "lng": 103.74696521495639}], "formattedAddress": ["Yew Tee Point", "Singapore"]}, "categories": [{"icon": {"prefix": "https://ss3.4sqi.net/img/categories_v2/food/japanese_", "suffix": ".png"}, "name": "Japanese Restaurant", "id": "4bf58dd8d48988d111941735", "pluralName": "Japanese Restaurants", "primary": true, "shortName": "Japanese"}], "verified": false, "contact": {}, "allowMenuUrlEdit": true, "stats": {"tipCount": 2, "usersCount": 440, "checkinsCount": 1450}, "id": "52b92e9611d23279ea1dfaec", "name": "Nihon Mura Express", "beenHere": {"lastCheckinExpiredAt": 0}}, "suffix": "/11120595_-5ZERCf_JQ72IFZe-cWMfvVVKnNzKfjDM4gS_X_xMsU.jpg", "visibility": "public"}, {"height": 640, "source": {"url": "http://instagram.com", "name": "Instagram"}, "width": 640, "prefix": "https://igx.4sqi.net/img/general/", "createdAt": 1388393172, "id": "52c132d4498eaba36dc36d97", "venue": {"url": "http://eng.paris.co.kr", "like": false, "location": {"formattedAddress": ["#02-20, Jem (50 Jurong Gateway Rd)", "608549", "Singapore"], "city": "Singapore", "lng": 103.74348878860472, "cc": "SG", "country": "Singapore", "crossStreet": "50 Jurong Gateway Rd", "lat": 1.3331092434795238, "address": "#02-20, Jem", "labeledLatLngs": [{"label": "display", "lat": 1.3331092434795238, "lng": 103.74348878860472}], "postalCode": "608549"}, "categories": [{"icon": {"prefix": "https://ss3.4sqi.net/img/categories_v2/food/bakery_", "suffix": ".png"}, "name": "Bakery", "id": "4bf58dd8d48988d16a941735", "pluralName": "Bakeries", "primary": true, "shortName": "Bakery"}], "verified": false, "contact": {}, "allowMenuUrlEdit": true, "stats": {"tipCount": 33, "usersCount": 1397, "checkinsCount": 2110}, "id": "51bea3aa498e61698f907c2e", "name": "Paris Baguette", "beenHere": {"lastCheckinExpiredAt": 0}}, "suffix": "/11120595_Px5JPpKf1UskjW5KEOWUbtHyWqjYtBgmpa4va_q_7cM.jpg", "visibility": "public"}, {"height": 720, "source": {"url": "https://foursquare.com/download/#/android", "name": "Foursquare for Android"}, "width": 960, "prefix": "https://igx.4sqi.net/img/general/", "createdAt": 1373862538, "id": "51e37a8a498e26cca8929031", "venue": {"like": false, "location": {"formattedAddress": ["#03-53 The Clementi Mall (3155 Commonwealth avenue west)", "129558", "Singapore"], "city": "Singapore", "lng": 103.76479834616684, "cc": "SG", "country": "Singapore", "crossStreet": "3155 Commonwealth avenue west", "lat": 1.315356685417165, "address": "#03-53 The Clementi Mall", "labeledLatLngs": [{"label": "display", "lat": 1.315356685417165, "lng": 103.76479834616684}], "postalCode": "129558"}, "categories": [{"icon": {"prefix": "https://ss3.4sqi.net/img/categories_v2/food/japanese_", "suffix": ".png"}, "name": "Japanese Restaurant", "id": "4bf58dd8d48988d111941735", "pluralName": "Japanese Restaurants", "primary": true, "shortName": "Japanese"}], "verified": false, "contact": {}, "allowMenuUrlEdit": true, "stats": {"tipCount": 19, "usersCount": 748, "checkinsCount": 1335}, "id": "4db3c7fc0437fa536a1d9dc1", "name": "Ootoya Japanese Restaurant \u5927\u6237\u5c4b", "beenHere": {"lastCheckinExpiredAt": 0}}, "suffix": "/11120595_wT4k6jNBVkJsFMW2mRAqKdmC_QESksI-kfoNZCey7to.jpg", "visibility": "public"}, {"height": 600, "source": {"url": "https://foursquare.com/download/#/android", "name": "Foursquare for Android"}, "width": 800, "prefix": "https://igx.4sqi.net/img/general/", "createdAt": 1373800869, "id": "51e289a5498ed606f55046c5", "venue": {"url": "http://www.yanpalace.sg", "like": false, "location": {"formattedAddress": ["#01-49 Hong Lim Complex (531 Upper Cross St)", "050531", "Singapore"], "city": "Singapore", "lng": 103.84622594468348, "cc": "SG", "country": "Singapore", "crossStreet": "531 Upper Cross St", "lat": 1.2843947949196042, "address": "#01-49 Hong Lim Complex", "labeledLatLngs": [{"label": "display", "lat": 1.2843947949196042, "lng": 103.84622594468348}], "postalCode": "050531"}, "categories": [{"icon": {"prefix": "https://ss3.4sqi.net/img/categories_v2/food/asian_", "suffix": ".png"}, "name": "Chinese Restaurant", "id": "4bf58dd8d48988d145941735", "pluralName": "Chinese Restaurants", "primary": true, "shortName": "Chinese"}], "verified": false, "contact": {}, "allowMenuUrlEdit": true, "stats": {"tipCount": 21, "usersCount": 1811, "checkinsCount": 2862}, "id": "4b65160ff964a52077e32ae3", "name": "Yan Palace Restaurant \u71d5\u9601\u5927\u9152\u697c", "beenHere": {"lastCheckinExpiredAt": 0}}, "suffix": "/11120595_WtU0XoMoWVXXCeqBa0nD6BvhF77plXwUb2rdJJBxLYk.jpg", "visibility": "public"}, {"height": 480, "source": {"url": "https://foursquare.com/download/#/android", "name": "Foursquare for Android"}, "width": 640, "prefix": "https://igx.4sqi.net/img/general/", "createdAt": 1363433075, "id": "51445673e4b0d65fe5c9d374", "venue": {"url": "http://www.haidilao.com/sg/", "like": false, "location": {"formattedAddress": ["#02-04 Blk 3D River Valley Rd, Clarke Quay", "179023", "Singapore"], "city": "Singapore", "lng": 103.84565413368888, "cc": "SG", "country": "Singapore", "lat": 1.2894538145879413, "address": "#02-04 Blk 3D River Valley Rd, Clarke Quay", "labeledLatLngs": [{"label": "display", "lat": 1.2894538145879413, "lng": 103.84565413368888}], "postalCode": "179023"}, "categories": [{"icon": {"prefix": "https://ss3.4sqi.net/img/categories_v2/food/asian_", "suffix": ".png"}, "name": "Hotpot Restaurant", "id": "52af0bd33cf9994f4e043bdd", "pluralName": "Hotpot Restaurants", "primary": true, "shortName": "Hotpot"}], "verified": false, "contact": {"formattedPhone": "+65 6337 8626", "phone": "+6563378626"}, "allowMenuUrlEdit": true, "stats": {"tipCount": 91, "usersCount": 4626, "checkinsCount": 8653}, "id": "50ae28fde4b0062752d48b38", "name": "Hai Di Lao Hot Pot", "beenHere": {"lastCheckinExpiredAt": 0}}, "suffix": "/11120595_UZwJ7ye2N6m7x1leQo5eaYxF5ZGs_rvt7uwXLzW4GaI.jpg", "visibility": "public"}, {"height": 540, "source": {"url": "https://foursquare.com/download/#/android", "name": "Foursquare for Android"}, "width": 720, "prefix": "https://igx.4sqi.net/img/general/", "createdAt": 1340108737, "id": "4fe06fc1e4b066c019f42cce", "venue": {"closed": true, "like": false, "location": {"formattedAddress": ["413 River Valley Rd.", "248311", "Singapore"], "city": "Singapore", "lng": 103.82978026338705, "cc": "SG", "country": "Singapore", "lat": 1.2952986727868159, "address": "413 River Valley Rd.", "postalCode": "248311"}, "categories": [{"icon": {"prefix": "https://ss3.4sqi.net/img/categories_v2/food/asian_", "suffix": ".png"}, "name": "Chinese Restaurant", "id": "4bf58dd8d48988d145941735", "pluralName": "Chinese Restaurants", "primary": true, "shortName": "Chinese"}], "verified": false, "contact": {}, "allowMenuUrlEdit": true, "stats": {"tipCount": 13, "usersCount": 687, "checkinsCount": 1301}, "id": "4c6fe999b3ce224b9c1372c6", "name": "Teochew Cuisine Restaurant\u00a0(River Valley) \u6f6e\u5dde\u83dc\u9986", "beenHere": {"lastCheckinExpiredAt": 0}}, "suffix": "/lE5RNZC8HYNxKAoAcGmzJfVQOBkgxdq0Vti31z80teY.jpg", "visibility": "public"}, {"height": 540, "source": {"url": "https://foursquare.com/download/#/android", "name": "Foursquare for Android"}, "width": 720, "prefix": "https://igx.4sqi.net/img/general/", "createdAt": 1339888579, "id": "4fdd13c3e4b0654045c34eb3", "venue": {"venueRatingBlacklisted": true, "like": false, "location": {"formattedAddress": ["200 Airport Rd.", "534257", "Singapore"], "city": "Singapore", "lng": 103.89914300708504, "cc": "SG", "country": "Singapore", "lat": 1.3475146442942947, "address": "200 Airport Rd.", "labeledLatLngs": [{"label": "display", "lat": 1.3475146442942947, "lng": 103.89914300708504}], "postalCode": "534257"}, "categories": [{"icon": {"prefix": "https://ss3.4sqi.net/img/categories_v2/building/militarybase_", "suffix": ".png"}, "name": "Military Base", "id": "4e52adeebd41615f56317744", "pluralName": "Military Bases", "primary": true, "shortName": "Military Base"}], "verified": false, "contact": {}, "beenHere": {"lastCheckinExpiredAt": 0}, "stats": {"tipCount": 3, "usersCount": 1600, "checkinsCount": 6071}, "id": "4c3d8f0aa9509c74c68c395b", "name": "Paya Lebar Air Base"}, "suffix": "/kHV8R6YQRyc3lTKs6x5t0nsqGUTquFWV7dcqR7yNAEE.jpg", "visibility": "public"}, {"height": 720, "source": {"url": "https://foursquare.com/download/#/android", "name": "Foursquare for Android"}, "width": 540, "prefix": "https://igx.4sqi.net/img/general/", "createdAt": 1336995773, "id": "4fb0efbde4b0a5d4c1780b1d", "venue": {"location": {"formattedAddress": ["#02-120/121/122, VivoCity (1 HarbourFront Walk)", "098585", "Singapore"], "city": "Singapore", "lng": 103.82266759872437, "cc": "SG", "country": "Singapore", "crossStreet": "1 HarbourFront Walk", "lat": 1.2632180952054641, "address": "#02-120/121/122, VivoCity", "labeledLatLngs": [{"label": "display", "lat": 1.2632180952054641, "lng": 103.82266759872437}], "postalCode": "098585"}, "contact": {"formattedPhone": "+65 6275 8766", "phone": "+6562758766"}, "verified": false, "allowMenuUrlEdit": true, "stats": {"tipCount": 48, "usersCount": 2328, "checkinsCount": 3632}, "menu": {"url": "http://www.shinkushiya.com/pdf/ala-carte.pdf", "label": "Menu", "anchor": "View Menu", "mobileUrl": "http://www.shinkushiya.com/pdf/ala-carte.pdf", "type": "Menu", "externalUrl": "http://www.shinkushiya.com/pdf/ala-carte.pdf"}, "beenHere": {"lastCheckinExpiredAt": 0}, "url": "http://www.shinkushiya.com", "like": false, "categories": [{"icon": {"prefix": "https://ss3.4sqi.net/img/categories_v2/food/japanese_", "suffix": ".png"}, "name": "Japanese Restaurant", "id": "4bf58dd8d48988d111941735", "pluralName": "Japanese Restaurants", "primary": true, "shortName": "Japanese"}], "id": "4b91d637f964a520bada33e3", "name": "Shin Kushiya Japanese Charcoal Grill"}, "suffix": "/Tn0rc5GPp2UhB9XoTbzk2k07T0U7XVdkNvjv6fQfN3U.jpg", "visibility": "public"}, {"height": 720, "source": {"url": "https://foursquare.com/download/#/android", "name": "Foursquare for Android"}, "width": 540, "prefix": "https://igx.4sqi.net/img/general/", "createdAt": 1336995235, "id": "4fb0eda3e4b085862f6d8039", "venue": {"location": {"formattedAddress": ["#02-120/121/122, VivoCity (1 HarbourFront Walk)", "098585", "Singapore"], "city": "Singapore", "lng": 103.82266759872437, "cc": "SG", "country": "Singapore", "crossStreet": "1 HarbourFront Walk", "lat": 1.2632180952054641, "address": "#02-120/121/122, VivoCity", "labeledLatLngs": [{"label": "display", "lat": 1.2632180952054641, "lng": 103.82266759872437}], "postalCode": "098585"}, "contact": {"formattedPhone": "+65 6275 8766", "phone": "+6562758766"}, "verified": false, "allowMenuUrlEdit": true, "stats": {"tipCount": 48, "usersCount": 2328, "checkinsCount": 3632}, "menu": {"url": "http://www.shinkushiya.com/pdf/ala-carte.pdf", "label": "Menu", "anchor": "View Menu", "mobileUrl": "http://www.shinkushiya.com/pdf/ala-carte.pdf", "type": "Menu", "externalUrl": "http://www.shinkushiya.com/pdf/ala-carte.pdf"}, "beenHere": {"lastCheckinExpiredAt": 0}, "url": "http://www.shinkushiya.com", "like": false, "categories": [{"icon": {"prefix": "https://ss3.4sqi.net/img/categories_v2/food/japanese_", "suffix": ".png"}, "name": "Japanese Restaurant", "id": "4bf58dd8d48988d111941735", "pluralName": "Japanese Restaurants", "primary": true, "shortName": "Japanese"}], "id": "4b91d637f964a520bada33e3", "name": "Shin Kushiya Japanese Charcoal Grill"}, "suffix": "/tY7kqYj8TMQE-TXi0dLgQBHCLma4A0glEtVZXFQ79ZA.jpg", "visibility": "public"}, {"height": 540, "source": {"url": "https://foursquare.com/download/#/android", "name": "Foursquare for Android"}, "width": 720, "prefix": "https://igx.4sqi.net/img/general/", "createdAt": 1333858290, "id": "4f810ff2e4b023c639448438", "venue": {"url": "http://www.sakuraya.com.sg", "like": false, "location": {"formattedAddress": ["#B1-50/51/52, West Coast Plaza (154 West Coast Rd)", "127371", "Singapore"], "city": "Singapore", "lng": 103.76549429367542, "cc": "SG", "country": "Singapore", "crossStreet": "154 West Coast Rd", "lat": 1.3037761760224122, "address": "#B1-50/51/52, West Coast Plaza", "labeledLatLngs": [{"label": "display", "lat": 1.3037761760224122, "lng": 103.76549429367542}], "postalCode": "127371"}, "categories": [{"icon": {"prefix": "https://ss3.4sqi.net/img/categories_v2/food/japanese_", "suffix": ".png"}, "name": "Japanese Restaurant", "id": "4bf58dd8d48988d111941735", "pluralName": "Japanese Restaurants", "primary": true, "shortName": "Japanese"}], "verified": false, "contact": {"formattedPhone": "+65 6773 6973", "phone": "+6567736973"}, "allowMenuUrlEdit": true, "stats": {"tipCount": 46, "usersCount": 1067, "checkinsCount": 2443}, "id": "4bee20bda40fc9286c1e830c", "name": "Fish Mart Sakuraya", "beenHere": {"lastCheckinExpiredAt": 0}}, "suffix": "/jpymSlpwWvvrEXglNxkkLN29upHmW3J6LFB5fCOuOAQ.jpg", "visibility": "public"}, {"height": 540, "source": {"url": "https://foursquare.com/download/#/android", "name": "Foursquare for Android"}, "width": 720, "prefix": "https://igx.4sqi.net/img/general/", "createdAt": 1333858242, "id": "4f810fc2e4b0e533acf4eec9", "venue": {"url": "http://www.sakuraya.com.sg", "like": false, "location": {"formattedAddress": ["#B1-50/51/52, West Coast Plaza (154 West Coast Rd)", "127371", "Singapore"], "city": "Singapore", "lng": 103.76549429367542, "cc": "SG", "country": "Singapore", "crossStreet": "154 West Coast Rd", "lat": 1.3037761760224122, "address": "#B1-50/51/52, West Coast Plaza", "labeledLatLngs": [{"label": "display", "lat": 1.3037761760224122, "lng": 103.76549429367542}], "postalCode": "127371"}, "categories": [{"icon": {"prefix": "https://ss3.4sqi.net/img/categories_v2/food/japanese_", "suffix": ".png"}, "name": "Japanese Restaurant", "id": "4bf58dd8d48988d111941735", "pluralName": "Japanese Restaurants", "primary": true, "shortName": "Japanese"}], "verified": false, "contact": {"formattedPhone": "+65 6773 6973", "phone": "+6567736973"}, "allowMenuUrlEdit": true, "stats": {"tipCount": 46, "usersCount": 1067, "checkinsCount": 2443}, "id": "4bee20bda40fc9286c1e830c", "name": "Fish Mart Sakuraya", "beenHere": {"lastCheckinExpiredAt": 0}}, "suffix": "/dzyytsjnW-3MjYcuQ69fQbP4NONfwU1_dr9wWxyxzBo.jpg", "visibility": "public"}, {"height": 540, "source": {"url": "https://foursquare.com/download/#/android", "name": "Foursquare for Android"}, "width": 720, "prefix": "https://igx.4sqi.net/img/general/", "createdAt": 1333858229, "id": "4f810fb5e4b020c7be8f03d9", "venue": {"url": "http://www.sakuraya.com.sg", "like": false, "location": {"formattedAddress": ["#B1-50/51/52, West Coast Plaza (154 West Coast Rd)", "127371", "Singapore"], "city": "Singapore", "lng": 103.76549429367542, "cc": "SG", "country": "Singapore", "crossStreet": "154 West Coast Rd", "lat": 1.3037761760224122, "address": "#B1-50/51/52, West Coast Plaza", "labeledLatLngs": [{"label": "display", "lat": 1.3037761760224122, "lng": 103.76549429367542}], "postalCode": "127371"}, "categories": [{"icon": {"prefix": "https://ss3.4sqi.net/img/categories_v2/food/japanese_", "suffix": ".png"}, "name": "Japanese Restaurant", "id": "4bf58dd8d48988d111941735", "pluralName": "Japanese Restaurants", "primary": true, "shortName": "Japanese"}], "verified": false, "contact": {"formattedPhone": "+65 6773 6973", "phone": "+6567736973"}, "allowMenuUrlEdit": true, "stats": {"tipCount": 46, "usersCount": 1067, "checkinsCount": 2443}, "id": "4bee20bda40fc9286c1e830c", "name": "Fish Mart Sakuraya", "beenHere": {"lastCheckinExpiredAt": 0}}, "suffix": "/ah-ieQsAYCdYGlyL6_zsU4-sVEz34QAHtNxGPWy8Moc.jpg", "visibility": "public"}, {"height": 540, "source": {"url": "https://foursquare.com/download/#/android", "name": "Foursquare for Android"}, "width": 720, "prefix": "https://igx.4sqi.net/img/general/", "createdAt": 1333858193, "id": "4f810f91e4b0c2f766110daa", "venue": {"url": "http://www.sakuraya.com.sg", "like": false, "location": {"formattedAddress": ["#B1-50/51/52, West Coast Plaza (154 West Coast Rd)", "127371", "Singapore"], "city": "Singapore", "lng": 103.76549429367542, "cc": "SG", "country": "Singapore", "crossStreet": "154 West Coast Rd", "lat": 1.3037761760224122, "address": "#B1-50/51/52, West Coast Plaza", "labeledLatLngs": [{"label": "display", "lat": 1.3037761760224122, "lng": 103.76549429367542}], "postalCode": "127371"}, "categories": [{"icon": {"prefix": "https://ss3.4sqi.net/img/categories_v2/food/japanese_", "suffix": ".png"}, "name": "Japanese Restaurant", "id": "4bf58dd8d48988d111941735", "pluralName": "Japanese Restaurants", "primary": true, "shortName": "Japanese"}], "verified": false, "contact": {"formattedPhone": "+65 6773 6973", "phone": "+6567736973"}, "allowMenuUrlEdit": true, "stats": {"tipCount": 46, "usersCount": 1067, "checkinsCount": 2443}, "id": "4bee20bda40fc9286c1e830c", "name": "Fish Mart Sakuraya", "beenHere": {"lastCheckinExpiredAt": 0}}, "suffix": "/jpymSlpwWvvrEXglNxkkLN29upHmW3J6LFB5fCOuOAQ.jpg", "visibility": "public"}, {"height": 540, "source": {"url": "https://foursquare.com/download/#/android", "name": "Foursquare for Android"}, "width": 720, "prefix": "https://igx.4sqi.net/img/general/", "createdAt": 1329568762, "id": "4f3f9bfae4b04da19f37232b", "venue": {"url": "http://www.crystaljade.com/dining_in.htm", "like": false, "location": {"formattedAddress": ["#01-112, VivoCity (1 Harbourfront Walk)", "098585", "Singapore"], "city": "Singapore", "lng": 103.82233082804949, "cc": "SG", "country": "Singapore", "crossStreet": "1 Harbourfront Walk", "lat": 1.2632315908989467, "address": "#01-112, VivoCity", "labeledLatLngs": [{"label": "display", "lat": 1.2632315908989467, "lng": 103.82233082804949}], "postalCode": "098585"}, "categories": [{"icon": {"prefix": "https://ss3.4sqi.net/img/categories_v2/food/asian_", "suffix": ".png"}, "name": "Asian Restaurant", "id": "4bf58dd8d48988d142941735", "pluralName": "Asian Restaurants", "primary": true, "shortName": "Asian"}], "verified": false, "contact": {"formattedPhone": "+65 6278 5626", "phone": "+6562785626"}, "allowMenuUrlEdit": true, "stats": {"tipCount": 19, "usersCount": 1777, "checkinsCount": 2577}, "id": "4b642355f964a520d6a02ae3", "name": "Crystal Jade Dining-In", "beenHere": {"lastCheckinExpiredAt": 0}}, "suffix": "/aVE62wdOm9fcIJlJAeXm33680zkOFx-1HjcLFBDh2cA.jpg", "visibility": "public"}, {"height": 540, "source": {"url": "https://foursquare.com/download/#/android", "name": "Foursquare for Android"}, "width": 720, "prefix": "https://igx.4sqi.net/img/general/", "createdAt": 1325854458, "id": "4f06eefae4b0e624d578d43f", "venue": {"like": false, "location": {"formattedAddress": ["Blk 46-1 Tanglin Halt Road", "141046", "Singapore"], "city": "Singapore", "lng": 103.7983380566502, "cc": "SG", "country": "Singapore", "lat": 1.2996898025465473, "address": "Blk 46-1 Tanglin Halt Road", "labeledLatLngs": [{"label": "display", "lat": 1.2996898025465473, "lng": 103.7983380566502}], "postalCode": "141046"}, "categories": [{"icon": {"prefix": "https://ss3.4sqi.net/img/categories_v2/food/bbqalt_", "suffix": ".png"}, "name": "BBQ Joint", "id": "4bf58dd8d48988d1df931735", "pluralName": "BBQ Joints", "primary": true, "shortName": "BBQ"}], "verified": false, "contact": {}, "allowMenuUrlEdit": true, "stats": {"tipCount": 1, "usersCount": 67, "checkinsCount": 133}, "id": "4f06ce7de4b09a8a3d352882", "name": "Astons Express", "beenHere": {"lastCheckinExpiredAt": 0}}, "suffix": "/VHTRCR0KB25YURTZKPGINIOVTF0CPTCIJZNTPZ4YMIBHIPRW.jpg", "visibility": "public"}, {"height": 540, "source": {"url": "https://foursquare.com/download/#/android", "name": "Foursquare for Android"}, "width": 720, "prefix": "https://igx.4sqi.net/img/general/", "createdAt": 1325854428, "id": "4f06eedce4b0aa2dc4b73053", "venue": {"like": false, "location": {"formattedAddress": ["Blk 46-1 Tanglin Halt Road", "141046", "Singapore"], "city": "Singapore", "lng": 103.7983380566502, "cc": "SG", "country": "Singapore", "lat": 1.2996898025465473, "address": "Blk 46-1 Tanglin Halt Road", "labeledLatLngs": [{"label": "display", "lat": 1.2996898025465473, "lng": 103.7983380566502}], "postalCode": "141046"}, "categories": [{"icon": {"prefix": "https://ss3.4sqi.net/img/categories_v2/food/bbqalt_", "suffix": ".png"}, "name": "BBQ Joint", "id": "4bf58dd8d48988d1df931735", "pluralName": "BBQ Joints", "primary": true, "shortName": "BBQ"}], "verified": false, "contact": {}, "allowMenuUrlEdit": true, "stats": {"tipCount": 1, "usersCount": 67, "checkinsCount": 133}, "id": "4f06ce7de4b09a8a3d352882", "name": "Astons Express", "beenHere": {"lastCheckinExpiredAt": 0}}, "suffix": "/DLZZPNHDRLHWP2TBOC3JDVGXI5Q4V33BBZVWQ0REXZCXFRCV.jpg", "visibility": "public"}, {"height": 540, "source": {"url": "https://foursquare.com/download/#/android", "name": "Foursquare for Android"}, "width": 720, "prefix": "https://igx.4sqi.net/img/general/", "createdAt": 1325853170, "id": "4f06e9f2e4b090ef204120e8", "venue": {"like": false, "location": {"formattedAddress": ["Blk 46-1 Tanglin Halt Road", "141046", "Singapore"], "city": "Singapore", "lng": 103.7983380566502, "cc": "SG", "country": "Singapore", "lat": 1.2996898025465473, "address": "Blk 46-1 Tanglin Halt Road", "labeledLatLngs": [{"label": "display", "lat": 1.2996898025465473, "lng": 103.7983380566502}], "postalCode": "141046"}, "categories": [{"icon": {"prefix": "https://ss3.4sqi.net/img/categories_v2/food/bbqalt_", "suffix": ".png"}, "name": "BBQ Joint", "id": "4bf58dd8d48988d1df931735", "pluralName": "BBQ Joints", "primary": true, "shortName": "BBQ"}], "verified": false, "contact": {}, "allowMenuUrlEdit": true, "stats": {"tipCount": 1, "usersCount": 67, "checkinsCount": 133}, "id": "4f06ce7de4b09a8a3d352882", "name": "Astons Express", "beenHere": {"lastCheckinExpiredAt": 0}}, "suffix": "/DLZZPNHDRLHWP2TBOC3JDVGXI5Q4V33BBZVWQ0REXZCXFRCV.jpg", "visibility": "public"}, {"height": 720, "source": {"url": "https://foursquare.com/download/#/android", "name": "Foursquare for Android"}, "width": 540, "prefix": "https://igx.4sqi.net/img/general/", "createdAt": 1325678577, "id": "4f043ff102d5cce0cf88a27a", "venue": {"url": "http://www.coffeebean.com.sg", "like": false, "location": {"formattedAddress": ["#01-148, Suntec City Mall (3 Temasek Blvd)", "038983", "Singapore"], "city": "Singapore", "lng": 103.85963916778564, "cc": "SG", "country": "Singapore", "crossStreet": "3 Temasek Blvd", "lat": 1.294860275319311, "address": "#01-148, Suntec City Mall", "labeledLatLngs": [{"label": "display", "lat": 1.294860275319311, "lng": 103.85963916778564}], "postalCode": "038983"}, "categories": [{"icon": {"prefix": "https://ss3.4sqi.net/img/categories_v2/food/coffeeshop_", "suffix": ".png"}, "name": "Coffee Shop", "id": "4bf58dd8d48988d1e0931735", "pluralName": "Coffee Shops", "primary": true, "shortName": "Coffee Shop"}], "verified": true, "contact": {}, "allowMenuUrlEdit": true, "stats": {"tipCount": 14, "usersCount": 1736, "checkinsCount": 2654}, "id": "4bbfe3f6461576b01d747932", "name": "The Coffee Bean & Tea Leaf", "beenHere": {"lastCheckinExpiredAt": 0}}, "suffix": "/4QFP3CDDVLFMEPQLCNPQKYJJATHKK5PXJ3YDWVRI4BJW1UA1.jpg", "visibility": "public"}, {"height": 720, "source": {"url": "https://foursquare.com/download/#/android", "name": "Foursquare for Android"}, "width": 540, "prefix": "https://igx.4sqi.net/img/general/", "createdAt": 1325652165, "id": "4f03d8c55c5c3b739df5fdb6", "venue": {"like": false, "location": {"city": "Singapore", "lng": 103.91584629075568, "cc": "SG", "country": "Singapore", "lat": 1.302249279220893, "address": "1018 East Coast Parkway", "labeledLatLngs": [{"label": "display", "lat": 1.302249279220893, "lng": 103.91584629075568}], "formattedAddress": ["1018 East Coast Parkway", "Singapore"]}, "categories": [{"icon": {"prefix": "https://ss3.4sqi.net/img/categories_v2/food/korean_", "suffix": ".png"}, "name": "Korean Restaurant", "id": "4bf58dd8d48988d113941735", "pluralName": "Korean Restaurants", "primary": true, "shortName": "Korean"}], "verified": false, "contact": {}, "allowMenuUrlEdit": true, "stats": {"tipCount": 28, "usersCount": 1746, "checkinsCount": 2341}, "id": "4c8a1b19e51e6dcb2bae65de", "name": "Ju Shin Jung Korean Charcoal BBQ", "beenHere": {"lastCheckinExpiredAt": 0}}, "suffix": "/AV5ZYWBINWDYYAKNVWE3A1LG4CTT21UP4RCIN0L1BR1SCDZX.jpg", "visibility": "public"}, {"height": 540, "source": {"url": "https://foursquare.com/download/#/android", "name": "Foursquare for Android"}, "width": 720, "prefix": "https://igx.4sqi.net/img/general/", "createdAt": 1325310984, "id": "4efea4085c5c51dd2d4c51f3", "venue": {"closed": true, "like": false, "location": {"formattedAddress": ["#01-105/111 The Centrepoint (176 Orchard Rd)", "238843", "Singapore"], "city": "Singapore", "lng": 103.84003239735658, "cc": "SG", "country": "Singapore", "lat": 1.3012384008041553, "address": "#01-105/111 The Centrepoint", "crossStreet": "176 Orchard Rd", "postalCode": "238843"}, "categories": [{"icon": {"prefix": "https://ss3.4sqi.net/img/categories_v2/food/asian_", "suffix": ".png"}, "name": "Chinese Restaurant", "id": "4bf58dd8d48988d145941735", "pluralName": "Chinese Restaurants", "primary": true, "shortName": "Chinese"}], "verified": false, "contact": {"formattedPhone": "+65 6733 3353", "phone": "+6567333353", "facebookName": "Taiwan Xiao Chi by Causeway Bay Cafe", "facebookUsername": "sgtaiwanxiaochi", "facebook": "163227003775636"}, "allowMenuUrlEdit": true, "stats": {"tipCount": 17, "usersCount": 500, "checkinsCount": 815}, "id": "4eba01d930f83d1f28bd81b5", "name": "Causeway Bay Taiwan Xiao Chi \u94dc\u9523\u6e7e\u53f0\u6e7e\u5c0f\u5403", "beenHere": {"lastCheckinExpiredAt": 0}}, "suffix": "/CJEMPFOKDZGXEJEFPO3DPNYGOBZWZUSPVRHLAGCAGAO5KP2L.jpg", "visibility": "public"}, {"height": 540, "source": {"url": "https://foursquare.com/download/#/android", "name": "Foursquare for Android"}, "width": 720, "prefix": "https://igx.4sqi.net/img/general/", "createdAt": 1325288545, "id": "4efe4c6193adc824574f36d4", "venue": {"venueRatingBlacklisted": true, "like": false, "location": {"formattedAddress": ["50, 52, 54, 56 Choa Chu Kang North 6", "689577", "Singapore"], "city": "Singapore", "lng": 103.75084055103713, "cc": "SG", "country": "Singapore", "lat": 1.3953410795105123, "address": "50, 52, 54, 56 Choa Chu Kang North 6", "labeledLatLngs": [{"label": "display", "lat": 1.3953410795105123, "lng": 103.75084055103713}], "postalCode": "689577"}, "categories": [{"icon": {"prefix": "https://ss3.4sqi.net/img/categories_v2/building/apartment_", "suffix": ".png"}, "name": "Residential Building (Apartment / Condo)", "id": "4d954b06a243a5684965b473", "pluralName": "Residential Buildings (Apartments / Condos)", "primary": true, "shortName": "Residential"}], "verified": false, "contact": {}, "beenHere": {"lastCheckinExpiredAt": 0}, "stats": {"tipCount": 4, "usersCount": 466, "checkinsCount": 2604}, "id": "4d44e14d1ed56dcbe128b554", "name": "Yew Mei Green Condominium"}, "suffix": "/CWVLZ4VZX4ERSARZTK52LFUH5Y3QPUU5BONFRZSYT41BJ1ZJ.jpg", "visibility": "public"}, {"height": 720, "source": {"url": "https://foursquare.com/download/#/android", "name": "Foursquare for Android"}, "width": 540, "prefix": "https://igx.4sqi.net/img/general/", "createdAt": 1325132713, "id": "4efbeba9b6347e20d419bc2c", "venue": {"like": false, "location": {"formattedAddress": ["254, 256-258 Jalan Kayu", "799487", "Singapore"], "city": "Singapore", "lng": 103.87310377353568, "cc": "SG", "country": "Singapore", "lat": 1.398160328111778, "address": "254, 256-258 Jalan Kayu", "labeledLatLngs": [{"label": "display", "lat": 1.398160328111778, "lng": 103.87310377353568}], "postalCode": "799487"}, "categories": [{"icon": {"prefix": "https://ss3.4sqi.net/img/categories_v2/food/indian_", "suffix": ".png"}, "name": "Indian Restaurant", "id": "4bf58dd8d48988d10f941735", "pluralName": "Indian Restaurants", "primary": true, "shortName": "Indian"}], "verified": false, "contact": {"formattedPhone": "+65 6481 2009", "phone": "+6564812009"}, "allowMenuUrlEdit": true, "stats": {"tipCount": 263, "usersCount": 13361, "checkinsCount": 27127}, "id": "4b605023f964a52011df29e3", "name": "Thohirah Cafeela Restaurant", "beenHere": {"lastCheckinExpiredAt": 0}}, "suffix": "/VIRFANH33NPQ3NJO0P4FUWLPSPNVBZ3DSCTG25I4BZQHPJ5L.jpg", "visibility": "public"}, {"height": 540, "source": {"url": "https://foursquare.com/download/#/android", "name": "Foursquare for Android"}, "width": 720, "prefix": "https://igx.4sqi.net/img/general/", "createdAt": 1324898010, "id": "4ef856da722e34060ff9f00b", "venue": {"venueRatingBlacklisted": true, "like": false, "location": {"formattedAddress": ["50, 52, 54, 56 Choa Chu Kang North 6", "689577", "Singapore"], "city": "Singapore", "lng": 103.75084055103713, "cc": "SG", "country": "Singapore", "lat": 1.3953410795105123, "address": "50, 52, 54, 56 Choa Chu Kang North 6", "labeledLatLngs": [{"label": "display", "lat": 1.3953410795105123, "lng": 103.75084055103713}], "postalCode": "689577"}, "categories": [{"icon": {"prefix": "https://ss3.4sqi.net/img/categories_v2/building/apartment_", "suffix": ".png"}, "name": "Residential Building (Apartment / Condo)", "id": "4d954b06a243a5684965b473", "pluralName": "Residential Buildings (Apartments / Condos)", "primary": true, "shortName": "Residential"}], "verified": false, "contact": {}, "beenHere": {"lastCheckinExpiredAt": 0}, "stats": {"tipCount": 4, "usersCount": 466, "checkinsCount": 2604}, "id": "4d44e14d1ed56dcbe128b554", "name": "Yew Mei Green Condominium"}, "suffix": "/EJ2XLH4IXYSPHTKZDGNEYHVOVWXQPQL3FVYGPCEHLTQ400E5.jpg", "visibility": "public"}, {"height": 540, "source": {"url": "https://foursquare.com/download/#/android", "name": "Foursquare for Android"}, "width": 720, "prefix": "https://igx.4sqi.net/img/general/", "createdAt": 1324702810, "id": "4ef55c5ab8f77e0f98df73ae", "venue": {"url": "http://www.koufu.com.sg", "like": false, "location": {"formattedAddress": ["#B1-17/22 Yew Tee Point (21 Choa Chu Kang North 6)", "689578", "Singapore"], "city": "Singapore", "lng": 103.7469539002706, "cc": "SG", "country": "Singapore", "crossStreet": "21 Choa Chu Kang North 6", "lat": 1.3974045832244006, "address": "#B1-17/22 Yew Tee Point", "labeledLatLngs": [{"label": "display", "lat": 1.3974045832244006, "lng": 103.7469539002706}], "postalCode": "689578"}, "categories": [{"icon": {"prefix": "https://ss3.4sqi.net/img/categories_v2/shops/food_foodcourt_", "suffix": ".png"}, "name": "Food Court", "id": "4bf58dd8d48988d120951735", "pluralName": "Food Courts", "primary": true, "shortName": "Food Court"}], "verified": false, "contact": {"formattedPhone": "+65 6509 4394", "phone": "+6565094394"}, "allowMenuUrlEdit": true, "stats": {"tipCount": 19, "usersCount": 913, "checkinsCount": 3022}, "id": "4bac9714f964a520dffc3ae3", "name": "Koufu", "beenHere": {"lastCheckinExpiredAt": 0}}, "suffix": "/2PTX03XYIXZOY2VOPTQZXPS1YRMDKTCLFL0EDPX20HALR4K5.jpg", "visibility": "public"}, {"height": 720, "source": {"url": "https://foursquare.com/download/#/android", "name": "Foursquare for Android"}, "width": 540, "prefix": "https://igx.4sqi.net/img/general/", "createdAt": 1324616433, "id": "4ef40af19adf60f83a413652", "venue": {"url": "http://www.diandinleluk.com", "like": false, "location": {"formattedAddress": ["#01-67 Golden Mile Complex (5001 Beach Rd)", "199588", "Singapore"], "city": "Singapore", "lng": 103.86488188984865, "cc": "SG", "country": "Singapore", "crossStreet": "5001 Beach Rd", "lat": 1.3029750001468479, "address": "#01-67 Golden Mile Complex", "labeledLatLngs": [{"label": "display", "lat": 1.3029750001468479, "lng": 103.86488188984865}], "postalCode": "199588"}, "categories": [{"icon": {"prefix": "https://ss3.4sqi.net/img/categories_v2/food/thai_", "suffix": ".png"}, "name": "Thai Restaurant", "id": "4bf58dd8d48988d149941735", "pluralName": "Thai Restaurants", "primary": true, "shortName": "Thai"}], "verified": false, "contact": {"formattedPhone": "+65 6293 5101", "phone": "+6562935101"}, "allowMenuUrlEdit": true, "stats": {"tipCount": 53, "usersCount": 2306, "checkinsCount": 4000}, "id": "4b208a93f964a5200c3324e3", "name": "Diandin Leluk", "beenHere": {"lastCheckinExpiredAt": 0}}, "suffix": "/HNUOG3NDT5NBBNXEQRMCAXWRVMY1RE5MAOFZNY5Y2PRDOTKD.jpg", "visibility": "public"}, {"height": 720, "source": {"url": "https://foursquare.com/download/#/android", "name": "Foursquare for Android"}, "width": 540, "prefix": "https://igx.4sqi.net/img/general/", "createdAt": 1324616397, "id": "4ef40acd0aaf6577fd84b09a", "venue": {"url": "http://www.diandinleluk.com", "like": false, "location": {"formattedAddress": ["#01-67 Golden Mile Complex (5001 Beach Rd)", "199588", "Singapore"], "city": "Singapore", "lng": 103.86488188984865, "cc": "SG", "country": "Singapore", "crossStreet": "5001 Beach Rd", "lat": 1.3029750001468479, "address": "#01-67 Golden Mile Complex", "labeledLatLngs": [{"label": "display", "lat": 1.3029750001468479, "lng": 103.86488188984865}], "postalCode": "199588"}, "categories": [{"icon": {"prefix": "https://ss3.4sqi.net/img/categories_v2/food/thai_", "suffix": ".png"}, "name": "Thai Restaurant", "id": "4bf58dd8d48988d149941735", "pluralName": "Thai Restaurants", "primary": true, "shortName": "Thai"}], "verified": false, "contact": {"formattedPhone": "+65 6293 5101", "phone": "+6562935101"}, "allowMenuUrlEdit": true, "stats": {"tipCount": 53, "usersCount": 2306, "checkinsCount": 4000}, "id": "4b208a93f964a5200c3324e3", "name": "Diandin Leluk", "beenHere": {"lastCheckinExpiredAt": 0}}, "suffix": "/HNUOG3NDT5NBBNXEQRMCAXWRVMY1RE5MAOFZNY5Y2PRDOTKD.jpg", "visibility": "public"}, {"height": 540, "source": {"url": "https://foursquare.com/download/#/android", "name": "Foursquare for Android"}, "width": 720, "prefix": "https://igx.4sqi.net/img/general/", "createdAt": 1324007094, "id": "4eeabeb6775b8c899d38d229", "venue": {"like": false, "location": {"formattedAddress": ["#02-128 Vivocity (1 HarbourFront Walk)", "098585", "Singapore"], "city": "Singapore", "lng": 103.8223671913147, "cc": "SG", "country": "Singapore", "crossStreet": "1 HarbourFront Walk", "lat": 1.2635184295891142, "address": "#02-128 Vivocity", "labeledLatLngs": [{"label": "display", "lat": 1.2635184295891142, "lng": 103.8223671913147}], "postalCode": "098585"}, "categories": [{"icon": {"prefix": "https://ss3.4sqi.net/img/categories_v2/food/asian_", "suffix": ".png"}, "name": "Hong Kong Restaurant", "id": "52af3add3cf9994f4e043bf5", "pluralName": "Hong Kong Restaurants", "primary": true, "shortName": "Hong Kong"}], "verified": false, "contact": {"twitter": "kimgaryhk", "facebookName": "Hong Kong Kim Gary Restaurant", "formattedPhone": "+65 6376 8183", "phone": "+6563768183", "facebookUsername": "kimgaryrestaurant", "facebook": "136187819786982"}, "allowMenuUrlEdit": true, "stats": {"tipCount": 51, "usersCount": 4442, "checkinsCount": 7151}, "id": "4b7622a5f964a520163f2ee3", "name": "Hong Kong Kim Gary Restaurant \u9999\u6e2f\u91d1\u52a0\u5229\u8336\u9910\u5385", "beenHere": {"lastCheckinExpiredAt": 0}}, "suffix": "/TU5UHD0MZP3FQZ1OADVON2KJUDEKE50ZQTKJPLYBUSOYYNJO.jpg", "visibility": "public"}, {"height": 540, "source": {"url": "https://foursquare.com/download/#/android", "name": "Foursquare for Android"}, "width": 720, "prefix": "https://igx.4sqi.net/img/general/", "createdAt": 1323518587, "id": "4ee34a7b6c25be962f42d2aa", "venue": {"like": false, "location": {"cc": "SG", "country": "Singapore", "lat": 1.3951472551320632, "lng": 103.75091975615453, "labeledLatLngs": [{"label": "display", "lat": 1.3951472551320632, "lng": 103.75091975615453}], "formattedAddress": ["Singapore"]}, "categories": [{"icon": {"prefix": "https://ss3.4sqi.net/img/categories_v2/parks_outdoors/pool_", "suffix": ".png"}, "name": "Pool", "id": "4bf58dd8d48988d15e941735", "pluralName": "Pools", "primary": true, "shortName": "Pool"}], "verified": false, "contact": {}, "beenHere": {"lastCheckinExpiredAt": 0}, "stats": {"tipCount": 2, "usersCount": 87, "checkinsCount": 364}, "id": "4d0c2381d515236a1aa4054b", "name": "Yew Mei Green Swimming Pool"}, "suffix": "/TSGRCJ5DINM2XSFOCG4CFWYOGGK3SEL1SRQBLTNY2ROIT40P.jpg", "visibility": "public"}, {"height": 720, "source": {"url": "https://foursquare.com/download/#/android", "name": "Foursquare for Android"}, "width": 540, "prefix": "https://igx.4sqi.net/img/general/", "createdAt": 1323426846, "id": "4ee1e41e5c5cfd21333fb072", "venue": {"venueRatingBlacklisted": true, "like": false, "location": {"formattedAddress": ["43 Admiralty Rd. West", "759962", "Singapore"], "city": "Singapore", "lng": 103.81961510912322, "cc": "SG", "country": "Singapore", "lat": 1.4695839552965344, "address": "43 Admiralty Rd. West", "labeledLatLngs": [{"label": "display", "lat": 1.4695839552965344, "lng": 103.81961510912322}], "postalCode": "759962"}, "categories": [{"icon": {"prefix": "https://ss3.4sqi.net/img/categories_v2/parks_outdoors/harbor_", "suffix": ".png"}, "name": "Harbor / Marina", "id": "4bf58dd8d48988d1e0941735", "pluralName": "Harbors / Marinas", "primary": true, "shortName": "Harbor / Marina"}], "verified": false, "contact": {"formattedPhone": "+65 6758 3359", "phone": "+6567583359"}, "allowMenuUrlEdit": true, "stats": {"tipCount": 8, "usersCount": 1031, "checkinsCount": 1897}, "id": "4bffcb34ca1920a16845ed81", "name": "SAF Yacht Club (Sembawang Clubhouse)", "beenHere": {"lastCheckinExpiredAt": 0}}, "suffix": "/5VSS1R0CDOQOON5EZBU3YDXK0HIKQOGE3CYD5LHXBDKPT2LH.jpg", "visibility": "public"}, {"height": 540, "source": {"url": "https://foursquare.com/download/#/android", "name": "Foursquare for Android"}, "width": 720, "prefix": "https://igx.4sqi.net/img/general/", "createdAt": 1323149898, "id": "4eddaa4a46907c1b4688b945", "venue": {"url": "http://www.fish-co.com", "like": false, "location": {"formattedAddress": ["#04-33/34, The Clementi Mall (3155 Commonwealth Ave West)", "129588", "Singapore"], "city": "Singapore", "lng": 103.76450412554027, "cc": "SG", "country": "Singapore", "crossStreet": "3155 Commonwealth Ave West", "lat": 1.315080508964193, "address": "#04-33/34, The Clementi Mall", "labeledLatLngs": [{"label": "display", "lat": 1.315080508964193, "lng": 103.76450412554027}], "postalCode": "129588"}, "categories": [{"icon": {"prefix": "https://ss3.4sqi.net/img/categories_v2/food/seafood_", "suffix": ".png"}, "name": "Seafood Restaurant", "id": "4bf58dd8d48988d1ce941735", "pluralName": "Seafood Restaurants", "primary": true, "shortName": "Seafood"}], "verified": false, "contact": {"formattedPhone": "+65 6659 0049", "phone": "+6566590049"}, "allowMenuUrlEdit": true, "stats": {"tipCount": 27, "usersCount": 2183, "checkinsCount": 3259}, "id": "4da96012f7b145b36ff56e72", "name": "Fish & Co", "beenHere": {"lastCheckinExpiredAt": 0}}, "suffix": "/GREYM0CPMN3MD2IMS4II3OKUZ4A2F2WCPGHU4GGLHAZU2WNU.jpg", "visibility": "public"}, {"height": 720, "source": {"url": "https://foursquare.com/download/#/android", "name": "Foursquare for Android"}, "width": 540, "prefix": "https://igx.4sqi.net/img/general/", "createdAt": 1322822207, "id": "4ed8aa3fe300851bf757c659", "venue": {"like": false, "location": {"formattedAddress": ["No 1-5 Jalan Keris , Taman Sri Tebrau , JB (Jalan Keris)", "80050 Johor Bahru, Johor", "Malaysia"], "city": "Johor Bahru", "lng": 103.76735582952635, "cc": "MY", "state": "Johor", "crossStreet": "Jalan Keris", "lat": 1.4871842938294262, "address": "No 1-5 Jalan Keris , Taman Sri Tebrau , JB", "labeledLatLngs": [{"label": "display", "lat": 1.4871842938294262, "lng": 103.76735582952635}], "postalCode": "80050", "country": "Malaysia"}, "categories": [{"icon": {"prefix": "https://ss3.4sqi.net/img/categories_v2/food/asian_", "suffix": ".png"}, "name": "Chinese Restaurant", "id": "4bf58dd8d48988d145941735", "pluralName": "Chinese Restaurants", "primary": true, "shortName": "Chinese"}], "verified": false, "contact": {"formattedPhone": "+60 7-333 7519", "phone": "+6073337519"}, "allowMenuUrlEdit": true, "stats": {"tipCount": 17, "usersCount": 803, "checkinsCount": 1314}, "id": "4d99dd4b61a3a1cdf6a1ed42", "name": "New Lucky Seafood Restaurant \u65b0\u8fd0\u6d77\u9c9c\u9152\u697c", "beenHere": {"lastCheckinExpiredAt": 0}}, "suffix": "/IATQK3NYZDXAZWAQ12B32APFWGCSISKNQPLDBXTJ53JRLP4D.jpg", "visibility": "public"}, {"height": 480, "source": {"url": "https://foursquare.com/download/#/android", "name": "Foursquare for Android"}, "width": 640, "prefix": "https://igx.4sqi.net/img/general/", "createdAt": 1322113548, "id": "4ecdda0c8231b9ef85ac20d0", "venue": {"like": false, "location": {"formattedAddress": ["#03-10, Lot One Shoppers' Mall (21 Choa Chu Kang Ave 4)", "689812", "Singapore"], "city": "Singapore", "lng": 103.74479281280058, "cc": "SG", "country": "Singapore", "crossStreet": "21 Choa Chu Kang Ave 4", "lat": 1.3849231304563616, "address": "#03-10, Lot One Shoppers' Mall", "labeledLatLngs": [{"label": "display", "lat": 1.3849231304563616, "lng": 103.74479281280058}], "postalCode": "689812"}, "categories": [{"icon": {"prefix": "https://ss3.4sqi.net/img/categories_v2/food/sushi_", "suffix": ".png"}, "name": "Sushi Restaurant", "id": "4bf58dd8d48988d1d2941735", "pluralName": "Sushi Restaurants", "primary": true, "shortName": "Sushi"}], "verified": true, "contact": {"formattedPhone": "+65 6764 3678", "twitter": "sakaesushi", "phone": "+6567643678"}, "allowMenuUrlEdit": true, "stats": {"tipCount": 15, "usersCount": 1908, "checkinsCount": 3407}, "id": "4bc441632a89ef3b4408f688", "name": "Sakae Sushi", "beenHere": {"lastCheckinExpiredAt": 0}}, "suffix": "/U0HXXSE0B1253OFU4R55EEOGVWZHG4PAOZSMUEHNOO00ITFG.jpg", "visibility": "public"}, {"height": 115, "source": {"url": "https://foursquare.com/download/#/android", "name": "Foursquare for Android"}, "width": 720, "prefix": "https://igx.4sqi.net/img/general/", "createdAt": 1322093473, "id": "4ecd8ba14690a03b5a215c57", "venue": {"venueRatingBlacklisted": true, "like": false, "location": {"city": "Singapore", "lng": 103.86011123657227, "cc": "SG", "country": "Singapore", "crossStreet": "Seletar West Link", "lat": 1.4238703700893787, "address": "Yishun Ave 1", "labeledLatLngs": [{"label": "display", "lat": 1.4238703700893787, "lng": 103.86011123657227}], "formattedAddress": ["Yishun Ave 1 (Seletar West Link)", "Singapore"]}, "categories": [{"icon": {"prefix": "https://ss3.4sqi.net/img/categories_v2/parks_outdoors/bridge_", "suffix": ".png"}, "name": "Bridge", "id": "4bf58dd8d48988d1df941735", "pluralName": "Bridges", "primary": true, "shortName": "Bridge"}], "verified": false, "contact": {}, "beenHere": {"lastCheckinExpiredAt": 0}, "stats": {"tipCount": 60, "usersCount": 6735, "checkinsCount": 15907}, "id": "4bd26bf0462cb7135a76dc07", "name": "Yishun / Seletar Dam"}, "suffix": "/I1PV2CHYE4OULAD5FNGKOEBB1DHV2L2P3ULGNRQ45VXW1NMK.jpg", "visibility": "public"}, {"height": 540, "source": {"url": "https://foursquare.com/download/#/android", "name": "Foursquare for Android"}, "width": 720, "prefix": "https://igx.4sqi.net/img/general/", "createdAt": 1322087837, "id": "4ecd759d722e1edcc03d1c98", "venue": {"like": false, "location": {"city": "Singapore", "lng": 103.74027840225544, "cc": "SG", "country": "Singapore", "crossStreet": "Kranji Way", "lat": 1.438785810403156, "address": "Kranji Reservoir", "labeledLatLngs": [{"label": "display", "lat": 1.438785810403156, "lng": 103.74027840225544}], "formattedAddress": ["Kranji Reservoir (Kranji Way)", "Singapore"]}, "categories": [{"icon": {"prefix": "https://ss3.4sqi.net/img/categories_v2/parks_outdoors/park_", "suffix": ".png"}, "name": "Park", "id": "4bf58dd8d48988d163941735", "pluralName": "Parks", "primary": true, "shortName": "Park"}], "verified": false, "contact": {}, "beenHere": {"lastCheckinExpiredAt": 0}, "stats": {"tipCount": 2, "usersCount": 232, "checkinsCount": 469}, "id": "4d2ab8306e27a143de0d3124", "name": "Kranji Dam"}, "suffix": "/JU1RVF4ZEXO1GYCRSQ2QMUTZZMBMPHNI4GNWUVBEYFZLTNOE.jpg", "visibility": "public"}, {"height": 720, "source": {"url": "https://foursquare.com/download/#/android", "name": "Foursquare for Android"}, "width": 540, "prefix": "https://igx.4sqi.net/img/general/", "createdAt": 1322060536, "id": "4ecd0af8b8f7cc0321bd5cf7", "venue": {"venueRatingBlacklisted": true, "like": false, "location": {"city": "Singapore", "lng": 103.95971836866252, "cc": "SG", "country": "Singapore", "lat": 1.3687854240562345, "address": "The Esparis", "labeledLatLngs": [{"label": "display", "lat": 1.3687854240562345, "lng": 103.95971836866252}], "formattedAddress": ["The Esparis", "Singapore"]}, "categories": [{"icon": {"prefix": "https://ss3.4sqi.net/img/categories_v2/building/apartment_", "suffix": ".png"}, "name": "Residential Building (Apartment / Condo)", "id": "4d954b06a243a5684965b473", "pluralName": "Residential Buildings (Apartments / Condos)", "primary": true, "shortName": "Residential"}], "verified": false, "contact": {}, "beenHere": {"lastCheckinExpiredAt": 0}, "stats": {"tipCount": 0, "usersCount": 25, "checkinsCount": 96}, "id": "4dbe7c134b222080d3c0c480", "name": "The Esparis, Block 7."}, "suffix": "/PP1XP4VGHW1HPUIZ0PG2EKSN5KQDQTPEJBXHNTKVLRDJZ1DQ.jpg", "visibility": "public"}, {"height": 720, "source": {"url": "https://foursquare.com/download/#/android", "name": "Foursquare for Android"}, "width": 540, "prefix": "https://igx.4sqi.net/img/general/", "createdAt": 1321939277, "id": "4ecb314d469068520bb14e2f", "venue": {"like": false, "location": {"formattedAddress": ["51 Old Airport Rd", "390051", "Singapore"], "city": "Singapore", "lng": 103.88576032773331, "cc": "SG", "country": "Singapore", "lat": 1.307982994481266, "address": "51 Old Airport Rd", "postalCode": "390051"}, "categories": [{"icon": {"prefix": "https://ss3.4sqi.net/img/categories_v2/shops/food_foodcourt_", "suffix": ".png"}, "name": "Food Court", "id": "4bf58dd8d48988d120951735", "pluralName": "Food Courts", "primary": true, "shortName": "Food Court"}], "verified": false, "contact": {}, "allowMenuUrlEdit": true, "stats": {"tipCount": 483, "usersCount": 20445, "checkinsCount": 54840}, "id": "4b0bcea6f964a520c93323e3", "name": "Old Airport Road Market & Food Centre", "beenHere": {"lastCheckinExpiredAt": 0}}, "suffix": "/Z0WJBEUWKMKI3YBJWOVETV3HYOMGUOVQ0MKGVRMRF42Z1FNR.jpg", "visibility": "public"}, {"height": 540, "source": {"url": "https://foursquare.com/download/#/android", "name": "Foursquare for Android"}, "width": 720, "prefix": "https://igx.4sqi.net/img/general/", "createdAt": 1321680728, "id": "4ec73f588b81dcfdc335d86c", "venue": {"like": false, "location": {"formattedAddress": ["#01-17 Yew Tee Point (21 Choa Chu Kang North 6)", "689578", "Singapore"], "city": "Singapore", "lng": 103.74644474039802, "cc": "SG", "country": "Singapore", "crossStreet": "21 Choa Chu Kang North 6", "lat": 1.3965593374670637, "address": "#01-17 Yew Tee Point", "labeledLatLngs": [{"label": "display", "lat": 1.3965593374670637, "lng": 103.74644474039802}], "postalCode": "689578"}, "categories": [{"icon": {"prefix": "https://ss3.4sqi.net/img/categories_v2/food/asian_", "suffix": ".png"}, "name": "Hong Kong Restaurant", "id": "52af3add3cf9994f4e043bf5", "pluralName": "Hong Kong Restaurants", "primary": true, "shortName": "Hong Kong"}], "verified": false, "contact": {"formattedPhone": "+65 6509 0146", "phone": "+6565090146"}, "allowMenuUrlEdit": true, "stats": {"tipCount": 8, "usersCount": 1512, "checkinsCount": 2946}, "id": "4c383ae23849c928be28bfb1", "name": "Xin Wang Hong Kong Caf\u00e9", "beenHere": {"lastCheckinExpiredAt": 0}}, "suffix": "/Y22MWYAM3DBDUB34FONYI2SK3U20XL5WHJITHW34NMQ5AE3Y.jpg", "visibility": "public"}, {"height": 540, "source": {"url": "https://foursquare.com/download/#/android", "name": "Foursquare for Android"}, "width": 720, "prefix": "https://igx.4sqi.net/img/general/", "createdAt": 1321486247, "id": "4ec447a749017fff087370dd", "venue": {"like": false, "location": {"cc": "SG", "country": "Singapore", "lat": 1.3951472551320632, "lng": 103.75091975615453, "labeledLatLngs": [{"label": "display", "lat": 1.3951472551320632, "lng": 103.75091975615453}], "formattedAddress": ["Singapore"]}, "categories": [{"icon": {"prefix": "https://ss3.4sqi.net/img/categories_v2/parks_outdoors/pool_", "suffix": ".png"}, "name": "Pool", "id": "4bf58dd8d48988d15e941735", "pluralName": "Pools", "primary": true, "shortName": "Pool"}], "verified": false, "contact": {}, "beenHere": {"lastCheckinExpiredAt": 0}, "stats": {"tipCount": 2, "usersCount": 87, "checkinsCount": 364}, "id": "4d0c2381d515236a1aa4054b", "name": "Yew Mei Green Swimming Pool"}, "suffix": "/JZKKXZG2PKDAAA0DLLLO5K4MRWR3Q5FYW3RQTQRLRTCSSUEG.jpg", "visibility": "private"}, {"height": 540, "source": {"url": "https://foursquare.com/download/#/android", "name": "Foursquare for Android"}, "width": 720, "prefix": "https://igx.4sqi.net/img/general/", "createdAt": 1321419741, "id": "4ec343dd99119e3a0a756b27", "venue": {"location": {"formattedAddress": ["347 Balestier Rd", "329777", "Singapore"], "city": "Singapore", "lng": 103.85123647068372, "cc": "SG", "country": "Singapore", "lat": 1.324592491048934, "address": "347 Balestier Rd", "labeledLatLngs": [{"label": "display", "lat": 1.324592491048934, "lng": 103.85123647068372}], "postalCode": "329777"}, "contact": {"formattedPhone": "+65 6352 6192", "phone": "+6563526192", "facebookName": "Founder Bak Kut Teh Cafeteria \u53d1\u8d77\u4eba\u8089\u9aa8\u8336\u9910\u9986", "facebookUsername": "founderbakkutteh", "facebook": "326770072108"}, "verified": false, "allowMenuUrlEdit": true, "stats": {"tipCount": 69, "usersCount": 4885, "checkinsCount": 7305}, "menu": {"url": "http://www.founderbkt.com.sg/menu/food", "label": "Menu", "anchor": "View Menu", "mobileUrl": "http://www.founderbkt.com.sg/menu/food", "type": "Menu", "externalUrl": "http://www.founderbkt.com.sg/menu/food"}, "beenHere": {"lastCheckinExpiredAt": 0}, "url": "http://www.founderbkt.com.sg", "like": false, "categories": [{"icon": {"prefix": "https://ss3.4sqi.net/img/categories_v2/food/asian_", "suffix": ".png"}, "name": "Chinese Restaurant", "id": "4bf58dd8d48988d145941735", "pluralName": "Chinese Restaurants", "primary": true, "shortName": "Chinese"}], "id": "4b29ad83f964a52076a224e3", "name": "Founder Bak Kut Teh"}, "suffix": "/ZBWXH1Y3ALWLVMEMYOFLGROIJXCUT0EKDOLQYNR3P2QGM3UL.jpg", "visibility": "public"}, {"height": 540, "source": {"url": "https://foursquare.com/download/#/android", "name": "Foursquare for Android"}, "width": 720, "prefix": "https://igx.4sqi.net/img/general/", "createdAt": 1321419607, "id": "4ec3435793ad2f88386ba7c7", "venue": {"location": {"formattedAddress": ["347 Balestier Rd", "329777", "Singapore"], "city": "Singapore", "lng": 103.85123647068372, "cc": "SG", "country": "Singapore", "lat": 1.324592491048934, "address": "347 Balestier Rd", "labeledLatLngs": [{"label": "display", "lat": 1.324592491048934, "lng": 103.85123647068372}], "postalCode": "329777"}, "contact": {"formattedPhone": "+65 6352 6192", "phone": "+6563526192", "facebookName": "Founder Bak Kut Teh Cafeteria \u53d1\u8d77\u4eba\u8089\u9aa8\u8336\u9910\u9986", "facebookUsername": "founderbakkutteh", "facebook": "326770072108"}, "verified": false, "allowMenuUrlEdit": true, "stats": {"tipCount": 69, "usersCount": 4885, "checkinsCount": 7305}, "menu": {"url": "http://www.founderbkt.com.sg/menu/food", "label": "Menu", "anchor": "View Menu", "mobileUrl": "http://www.founderbkt.com.sg/menu/food", "type": "Menu", "externalUrl": "http://www.founderbkt.com.sg/menu/food"}, "beenHere": {"lastCheckinExpiredAt": 0}, "url": "http://www.founderbkt.com.sg", "like": false, "categories": [{"icon": {"prefix": "https://ss3.4sqi.net/img/categories_v2/food/asian_", "suffix": ".png"}, "name": "Chinese Restaurant", "id": "4bf58dd8d48988d145941735", "pluralName": "Chinese Restaurants", "primary": true, "shortName": "Chinese"}], "id": "4b29ad83f964a52076a224e3", "name": "Founder Bak Kut Teh"}, "suffix": "/ZBWXH1Y3ALWLVMEMYOFLGROIJXCUT0EKDOLQYNR3P2QGM3UL.jpg", "visibility": "public"}, {"height": 540, "source": {"url": "https://foursquare.com/download/#/android", "name": "Foursquare for Android"}, "width": 720, "prefix": "https://igx.4sqi.net/img/general/", "createdAt": 1321335099, "id": "4ec1f93b4901f56b0efbdde2", "venue": {"like": false, "location": {"formattedAddress": ["#02-99 City Plaza (810 Geylang Rd)", "409286", "Singapore"], "city": "Singapore", "lng": 103.89319896697998, "cc": "SG", "country": "Singapore", "crossStreet": "810 Geylang Rd", "lat": 1.314939447746537, "address": "#02-99 City Plaza", "labeledLatLngs": [{"label": "display", "lat": 1.314939447746537, "lng": 103.89319896697998}], "postalCode": "409286"}, "categories": [{"icon": {"prefix": "https://ss3.4sqi.net/img/categories_v2/food/friedchicken_", "suffix": ".png"}, "name": "Fried Chicken Joint", "id": "4d4ae6fc7a7b7dea34424761", "pluralName": "Fried Chicken Joints", "primary": true, "shortName": "Fried Chicken"}], "verified": false, "contact": {"formattedPhone": "+65 6746 2372", "phone": "+6567462372"}, "allowMenuUrlEdit": true, "stats": {"tipCount": 85, "usersCount": 6147, "checkinsCount": 9822}, "id": "4b4b0efef964a520a09126e3", "name": "Arnold's Fried Chicken", "beenHere": {"lastCheckinExpiredAt": 0}}, "suffix": "/NUV4IG4K5NZATIDLE2ZMHEETDD5PNS0Z5ZUF4MM2VQ03PTTH.jpg", "visibility": "public"}, {"height": 540, "source": {"url": "https://foursquare.com/download/#/android", "name": "Foursquare for Android"}, "width": 720, "prefix": "https://igx.4sqi.net/img/general/", "createdAt": 1321335072, "id": "4ec1f92093ad36d7aa09978e", "venue": {"like": false, "location": {"formattedAddress": ["#02-99 City Plaza (810 Geylang Rd)", "409286", "Singapore"], "city": "Singapore", "lng": 103.89319896697998, "cc": "SG", "country": "Singapore", "crossStreet": "810 Geylang Rd", "lat": 1.314939447746537, "address": "#02-99 City Plaza", "labeledLatLngs": [{"label": "display", "lat": 1.314939447746537, "lng": 103.89319896697998}], "postalCode": "409286"}, "categories": [{"icon": {"prefix": "https://ss3.4sqi.net/img/categories_v2/food/friedchicken_", "suffix": ".png"}, "name": "Fried Chicken Joint", "id": "4d4ae6fc7a7b7dea34424761", "pluralName": "Fried Chicken Joints", "primary": true, "shortName": "Fried Chicken"}], "verified": false, "contact": {"formattedPhone": "+65 6746 2372", "phone": "+6567462372"}, "allowMenuUrlEdit": true, "stats": {"tipCount": 85, "usersCount": 6147, "checkinsCount": 9822}, "id": "4b4b0efef964a520a09126e3", "name": "Arnold's Fried Chicken", "beenHere": {"lastCheckinExpiredAt": 0}}, "suffix": "/NUV4IG4K5NZATIDLE2ZMHEETDD5PNS0Z5ZUF4MM2VQ03PTTH.jpg", "visibility": "public"}, {"height": 540, "source": {"url": "https://foursquare.com/download/#/android", "name": "Foursquare for Android"}, "width": 720, "prefix": "https://igx.4sqi.net/img/general/", "createdAt": 1321251564, "id": "4ec0b2ec6da15b4ddf6b02f9", "venue": {"like": false, "location": {"city": "Singapore", "lng": 103.79785134011183, "cc": "SG", "country": "Singapore", "lat": 1.3002822486358654, "address": "46-3 Commonwealth Drive #01-388", "labeledLatLngs": [{"label": "display", "lat": 1.3002822486358654, "lng": 103.79785134011183}], "formattedAddress": ["46-3 Commonwealth Drive #01-388", "Singapore"]}, "categories": [{"icon": {"prefix": "https://ss3.4sqi.net/img/categories_v2/food/bakery_", "suffix": ".png"}, "name": "Bakery", "id": "4bf58dd8d48988d16a941735", "pluralName": "Bakeries", "primary": true, "shortName": "Bakery"}], "verified": false, "contact": {}, "allowMenuUrlEdit": true, "stats": {"tipCount": 5, "usersCount": 36, "checkinsCount": 53}, "id": "4cb6976764998cfa72bd16a2", "name": "Fredo Galaxy the Pastry Kitchen", "beenHere": {"lastCheckinExpiredAt": 0}}, "suffix": "/4Q4R5D1RIO3T1VH3S1AEEED5JPTAJ544BKFM4M4PUDGXIHZW.jpg", "visibility": "public"}, {"height": 540, "source": {"url": "https://foursquare.com/download/#/android", "name": "Foursquare for Android"}, "width": 720, "prefix": "https://igx.4sqi.net/img/general/", "createdAt": 1321251540, "id": "4ec0b2d4b8f7963bce1d95c2", "venue": {"like": false, "location": {"city": "Singapore", "lng": 103.79785134011183, "cc": "SG", "country": "Singapore", "lat": 1.3002822486358654, "address": "46-3 Commonwealth Drive #01-388", "labeledLatLngs": [{"label": "display", "lat": 1.3002822486358654, "lng": 103.79785134011183}], "formattedAddress": ["46-3 Commonwealth Drive #01-388", "Singapore"]}, "categories": [{"icon": {"prefix": "https://ss3.4sqi.net/img/categories_v2/food/bakery_", "suffix": ".png"}, "name": "Bakery", "id": "4bf58dd8d48988d16a941735", "pluralName": "Bakeries", "primary": true, "shortName": "Bakery"}], "verified": false, "contact": {}, "allowMenuUrlEdit": true, "stats": {"tipCount": 5, "usersCount": 36, "checkinsCount": 53}, "id": "4cb6976764998cfa72bd16a2", "name": "Fredo Galaxy the Pastry Kitchen", "beenHere": {"lastCheckinExpiredAt": 0}}, "suffix": "/G4DVSNOBVZ15AHI4DTLK0VHDIVZV5VBVWSVIMYCR3NCB1GPS.jpg", "visibility": "public"}], "count": 66}, "totalCount": 66}}