{"response": {"totalCount": 5, "photos": {"count": 5, "items": [{"tip": {"todo": {"count": 0}, "type": "user", "agreeCount": 0, "text": "Have been patronising this stall for years. Very good wanton noodles run by a nazi of a lady.", "createdAt": 1490415321, "logView": true, "id": "58d5eed9b6e67d64326a7f0d", "disagreeCount": 0, "canonicalUrl": "https://foursquare.com/item/58d5eed9b6e67d64326a7f0d", "likes": {"groups": [], "count": 0}, "like": false}, "width": 1440, "visibility": "public", "createdAt": 1490415324, "id": "58d5eedc92ca4c5b4fb81622", "source": {"name": "Foursquare for iOS", "url": "https://foursquare.com/download/#/iphone"}, "prefix": "https://igx.4sqi.net/img/general/", "suffix": "/11126367_LmlnSqeDCcV0MuRv5iqPd12DFkXTdb6qwzIntDDbOS4.jpg", "venue": {"contact": {}, "name": "Hong Ji Mian Shi Jia", "categories": [{"name": "Noodle House", "shortName": "Noodles", "primary": true, "icon": {"prefix": "https://ss3.4sqi.net/img/categories_v2/food/ramen_", "suffix": ".png"}, "id": "4bf58dd8d48988d1d1941735", "pluralName": "Noodle Houses"}], "beenHere": {"lastCheckinExpiredAt": 0}, "stats": {"checkinsCount": 665, "tipCount": 18, "usersCount": 195}, "verified": false, "id": "4e2ba461a809f1b16412cbb7", "location": {"country": "Singapore", "formattedAddress": ["#01-05, Telok Blangah Market & Food Centre (79 Telok Blangah Rd.)", "100079", "Singapore"], "cc": "SG", "lat": 1.2734228362521474, "labeledLatLngs": [{"lng": 103.80743318728331, "lat": 1.2734228362521474, "label": "display"}], "postalCode": "100079", "address": "#01-05, Telok Blangah Market & Food Centre", "lng": 103.80743318728331, "city": "Singapore", "crossStreet": "79 Telok Blangah Rd."}, "like": false, "allowMenuUrlEdit": true}, "height": 1920}, {"width": 720, "visibility": "public", "createdAt": 1356683820, "id": "50dd5a2ce4b05736e447b759", "source": {"name": "Foursquare for iOS", "url": "https://foursquare.com/download/#/iphone"}, "prefix": "https://igx.4sqi.net/img/general/", "suffix": "/11126367_vDFFhyQdcF2mqUJXrMGssTWh8JDH3dTIB2M68XuAiJ0.jpg", "venue": {"contact": {}, "name": "La Scogliera B&B", "categories": [{"name": "Bed & Breakfast", "shortName": "B & B", "primary": true, "icon": {"prefix": "https://ss3.4sqi.net/img/categories_v2/travel/bedandbreakfast_", "suffix": ".png"}, "id": "4bf58dd8d48988d1f8931735", "pluralName": "Bed & Breakfasts"}], "beenHere": {"lastCheckinExpiredAt": 0}, "stats": {"checkinsCount": 17, "tipCount": 0, "usersCount": 12}, "verified": false, "id": "4c2bc69bb34ad13a3154eace", "location": {"country": "Italia", "formattedAddress": ["Salita Castello, 178", "Riomaggiore Liguria", "Italia"], "cc": "IT", "lat": 44.098539303115594, "labeledLatLngs": [{"lng": 9.737042081835153, "lat": 44.098539303115594, "label": "display"}], "address": "Salita Castello, 178", "lng": 9.737042081835153, "city": "Riomaggiore", "state": "Liguria"}, "like": false, "allowMenuUrlEdit": true}, "height": 960}, {"width": 540, "visibility": "public", "createdAt": 1355558710, "id": "50cc2f36e4b044ef64fbd795", "source": {"name": "Foursquare for iOS", "url": "https://foursquare.com/download/#/iphone"}, "prefix": "https://igx.4sqi.net/img/general/", "suffix": "/11126367_teTZ2Y3E4SHhaYJfbyryEqpq1VT7xp5TZsxSvYldWJc.jpg", "venue": {"contact": {"facebookName": "Ippudo SG", "phone": "+6562352797", "facebook": "104217219651756", "facebookUsername": "ippudosg", "twitter": "ippudosg", "formattedPhone": "+65 6235 2797"}, "name": "Ippudo (\u4e00\u98a8\u5802)", "categories": [{"name": "Ramen Restaurant", "shortName": "Ramen", "primary": true, "icon": {"prefix": "https://ss3.4sqi.net/img/categories_v2/food/ramen_", "suffix": ".png"}, "id": "55a59bace4b013909087cb24", "pluralName": "Ramen Restaurants"}], "beenHere": {"lastCheckinExpiredAt": 0}, "stats": {"checkinsCount": 19003, "tipCount": 204, "usersCount": 11387}, "verified": false, "url": "http://www.ippudo.com.sg", "id": "4c160cf377cea5934602d360", "location": {"country": "Singapore", "formattedAddress": ["#04-02/03/04 Mandarin Gallery (333A Orchard Rd)", "238867", "Singapore"], "cc": "SG", "lat": 1.3020449351449799, "labeledLatLngs": [{"lng": 103.83691308518367, "lat": 1.3020449351449799, "label": "display"}], "postalCode": "238867", "address": "#04-02/03/04 Mandarin Gallery", "lng": 103.83691308518367, "city": "Singapore", "crossStreet": "333A Orchard Rd"}, "like": false, "allowMenuUrlEdit": true}, "height": 720}, {"width": 540, "visibility": "public", "createdAt": 1355494990, "id": "50cb364ee4b0d07019ea4675", "source": {"name": "Foursquare for iOS", "url": "https://foursquare.com/download/#/iphone"}, "prefix": "https://igx.4sqi.net/img/general/", "suffix": "/11126367_bxmvWGV3AJvbRmvfJnB_w-31kBW-ftY2ltaP01wLqfk.jpg", "venue": {"contact": {}, "name": "Nasi Lemak Kukus", "categories": [{"name": "Malay Restaurant", "shortName": "Malay", "primary": true, "icon": {"prefix": "https://ss3.4sqi.net/img/categories_v2/food/malaysian_", "suffix": ".png"}, "id": "4bf58dd8d48988d156941735", "pluralName": "Malay Restaurants"}], "closed": true, "beenHere": {"lastCheckinExpiredAt": 0}, "stats": {"checkinsCount": 2179, "tipCount": 41, "usersCount": 1254}, "verified": false, "id": "4cf63b9ac020b60cd8dd1e75", "location": {"country": "Singapore", "formattedAddress": ["908 Upper Thomson Rd", "787111", "Singapore"], "cc": "SG", "lat": 1.3983756611672966, "postalCode": "787111", "address": "908 Upper Thomson Rd", "lng": 103.81834387779236, "city": "Singapore"}, "like": false, "allowMenuUrlEdit": true}, "height": 540}, {"width": 540, "visibility": "public", "createdAt": 1355381798, "id": "50c97c26e4b017310f13e749", "source": {"name": "Foursquare for iOS", "url": "https://foursquare.com/download/#/iphone"}, "prefix": "https://igx.4sqi.net/img/general/", "suffix": "/11126367_K_ZS2r4oGUH7jCDdrDvsEqPDXfqsWiaeZ8p1xYh0rW0.jpg", "venue": {"contact": {}, "name": "Hill Street Tai Hwa Pork Noodle", "categories": [{"name": "Noodle House", "shortName": "Noodles", "primary": true, "icon": {"prefix": "https://ss3.4sqi.net/img/categories_v2/food/ramen_", "suffix": ".png"}, "id": "4bf58dd8d48988d1d1941735", "pluralName": "Noodle Houses"}], "beenHere": {"lastCheckinExpiredAt": 0}, "stats": {"checkinsCount": 4330, "tipCount": 108, "usersCount": 2268}, "verified": false, "url": "http://www.taihwa.com.sg", "id": "4b80b8b3f964a5205a8830e3", "location": {"country": "Singapore", "formattedAddress": ["466 Crawford Ln, #01-12 (Tai Hwa Eating House)", "190466", "Singapore"], "cc": "SG", "lat": 1.3052323892115973, "labeledLatLngs": [{"lng": 103.86232137680054, "lat": 1.3052323892115973, "label": "display"}], "postalCode": "190466", "address": "466 Crawford Ln, #01-12", "lng": 103.86232137680054, "city": "Singapore", "crossStreet": "Tai Hwa Eating House"}, "like": false, "allowMenuUrlEdit": true}, "height": 720}]}}, "notifications": [{"type": "notificationTray", "item": {"unreadCount": 0}}], "meta": {"requestId": "595b5e066a6071143b56633b", "code": 200}}