{"response": {"photos": {"items": [{"id": "557707ef498e2a3c9fb1d11f", "createdAt": 1433864175, "height": 540, "visibility": "public", "source": {"url": "https://www.swarmapp.com", "name": "Swarm for Android"}, "prefix": "https://igx.4sqi.net/img/general/", "venue": {"id": "4b73e0fef964a520adbe2de3", "like": false, "stats": {"checkinsCount": 437, "tipCount": 23, "usersCount": 379}, "beenHere": {"lastCheckinExpiredAt": 0}, "categories": [{"id": "4bf58dd8d48988d1ca941735", "primary": true, "icon": {"prefix": "https://ss3.4sqi.net/img/categories_v2/food/pizza_", "suffix": ".png"}, "pluralName": "Pizza Places", "shortName": "Pizza", "name": "Pizza Place"}], "verified": false, "allowMenuUrlEdit": true, "location": {"state": "\u0e08\u0e31\u0e07\u0e2b\u0e27\u0e31\u0e14\u0e01\u0e23\u0e30\u0e1a\u0e35\u0e48", "lat": 8.034892, "city": "Ao Nang", "formattedAddress": ["Ao Nang", "\u0e08\u0e31\u0e07\u0e2b\u0e27\u0e31\u0e14\u0e01\u0e23\u0e30\u0e1a\u0e35\u0e48", "\u0e1b\u0e23\u0e30\u0e40\u0e17\u0e28\u0e44\u0e17\u0e22"], "lng": 98.818997, "labeledLatLngs": [{"lng": 98.818997, "label": "display", "lat": 8.034892}], "country": "\u0e1b\u0e23\u0e30\u0e40\u0e17\u0e28\u0e44\u0e17\u0e22", "cc": "TH"}, "contact": {}, "name": "La Luna Ristorante Italiano"}, "width": 960, "suffix": "/11138541_YqxSBEkPM-2zO4nVN_SexPTtHUdPoHUO4QYHGsQYgzA.jpg"}, {"id": "5515f907498e12b48f21909d", "createdAt": 1427503367, "height": 960, "visibility": "public", "source": {"url": "https://www.swarmapp.com", "name": "Swarm for Android"}, "prefix": "https://igx.4sqi.net/img/general/", "venue": {"id": "4c7796cea5676dcbf3051921", "like": false, "stats": {"checkinsCount": 1069711, "tipCount": 1958, "usersCount": 296912}, "url": "http://www.klia.com.my", "beenHere": {"lastCheckinExpiredAt": 0}, "categories": [{"id": "4bf58dd8d48988d1ed931735", "primary": true, "icon": {"prefix": "https://ss3.4sqi.net/img/categories_v2/travel/airport_", "suffix": ".png"}, "pluralName": "Airports", "shortName": "Airport", "name": "Airport"}], "verified": false, "location": {"crossStreet": "Jalan KLIA 1", "state": "Selangor", "lat": 2.754168100542933, "postalCode": "64000", "city": "Sepang", "formattedAddress": ["Jalan CTA 2 (Jalan KLIA 1)", "64000 Sepang, Selangor", "Malaysia"], "lng": 101.70480845828442, "address": "Jalan CTA 2", "country": "Malaysia", "cc": "MY"}, "contact": {"twitter": "my_airports", "formattedPhone": "+60 3-8776 2000", "phone": "+60387762000"}, "name": "Kuala Lumpur International Airport (KUL)"}, "width": 540, "suffix": "/11138541_PW6HHxxNrnCLN1aLZ-xnDm_vK5xDbVxrI6l1VMxfImc.jpg"}, {"id": "54bf3b87498ef282279b25ed", "createdAt": 1421818759, "height": 960, "visibility": "public", "source": {"url": "https://www.swarmapp.com", "name": "Swarm for Android"}, "prefix": "https://igx.4sqi.net/img/general/", "venue": {"like": false, "allowMenuUrlEdit": true, "location": {"crossStreet": "Bedok North, opp Bedok Library", "labeledLatLngs": [{"lng": 103.93079280853271, "label": "display", "lat": 1.3280895021418075}], "lat": 1.3280895021418075, "postalCode": "460416", "city": "Singapore", "formattedAddress": ["Blk 416 Bedok North Ave 2 #01-25 (Bedok North, opp Bedok Library)", "460416", "Singapore"], "lng": 103.93079280853271, "address": "Blk 416 Bedok North Ave 2 #01-25", "country": "Singapore", "cc": "SG"}, "storeId": "", "id": "547b0bf5498e3f5770006892", "beenHere": {"lastCheckinExpiredAt": 0}, "stats": {"checkinsCount": 1552, "tipCount": 25, "usersCount": 1059}, "url": "http://www.fatcat.sg", "categories": [{"id": "4bf58dd8d48988d1c9941735", "primary": true, "icon": {"prefix": "https://ss3.4sqi.net/img/categories_v2/food/icecream_", "suffix": ".png"}, "pluralName": "Ice Cream Shops", "shortName": "Ice Cream", "name": "Ice Cream Shop"}], "venuePage": {"id": "103595568"}, "verified": true, "contact": {"facebook": "709053429132128", "facebookName": "Fatcat Ice Cream Bar", "formattedPhone": "+65 6241 0830", "phone": "+6562410830", "facebookUsername": "fatcatsg", "twitter": "fatcatbarsg"}, "name": "FATCAT Ice Cream Bar"}, "width": 720, "suffix": "/11138541_6GISIPV7h2wm7NYnQMzWkryRRQ6K8iq8ANiYFHXAG9s.jpg"}, {"id": "542befd2498ee05fb27d70d5", "createdAt": 1412165586, "height": 960, "visibility": "public", "source": {"url": "https://www.swarmapp.com", "name": "Swarm for Android"}, "prefix": "https://igx.4sqi.net/img/general/", "venue": {"id": "4bd82d1ef645c9b6da44a7e0", "like": false, "stats": {"checkinsCount": 10837, "tipCount": 106, "usersCount": 5749}, "url": "http://www.tanjongbeachclub.com", "beenHere": {"lastCheckinExpiredAt": 0}, "categories": [{"id": "4bf58dd8d48988d11e941735", "primary": true, "icon": {"prefix": "https://ss3.4sqi.net/img/categories_v2/nightlife/cocktails_", "suffix": ".png"}, "pluralName": "Cocktail Bars", "shortName": "Cocktail", "name": "Cocktail Bar"}], "verified": true, "allowMenuUrlEdit": true, "location": {"address": "120 Tanjong Beach Walk", "lat": 1.2432563400511358, "postalCode": "098942", "city": "Sentosa Island", "formattedAddress": ["120 Tanjong Beach Walk", "098942", "Singapore"], "lng": 103.82790654466486, "labeledLatLngs": [{"lng": 103.82790654466486, "label": "display", "lat": 1.2432563400511358}], "country": "Singapore", "cc": "SG"}, "contact": {"twitter": "tbcsentosa", "formattedPhone": "+65 6270 1355", "phone": "+6562701355"}, "name": "Tanjong Beach Club"}, "width": 540, "suffix": "/11138541_RN9dUuoiR_1kY0DkkCi6F5iYELxsK8Nka1hfeGfY7aA.jpg"}, {"id": "53eb3593498ee9369ed506b1", "createdAt": 1407923603, "height": 960, "visibility": "public", "source": {"url": "https://www.swarmapp.com", "name": "Swarm for Android"}, "prefix": "https://igx.4sqi.net/img/general/", "venue": {"like": false, "menu": {"mobileUrl": "https://attachment.fbsbx.com/file_download.php?eid=ASuvljOw3ynTPgSrvB3WyvPNHfX-nik8yfvpOuQJ65RZtKPbGgQmHlii0NfLfHcwT2w&inline=1&hash=ASuNnG5l_XIyNxhk&id=315767128594171&ext=1409030491", "url": "https://attachment.fbsbx.com/file_download.php?eid=ASuvljOw3ynTPgSrvB3WyvPNHfX-nik8yfvpOuQJ65RZtKPbGgQmHlii0NfLfHcwT2w&inline=1&hash=ASuNnG5l_XIyNxhk&id=315767128594171&ext=1409030491", "label": "Menu", "externalUrl": "https://attachment.fbsbx.com/file_download.php?eid=ASuvljOw3ynTPgSrvB3WyvPNHfX-nik8yfvpOuQJ65RZtKPbGgQmHlii0NfLfHcwT2w&inline=1&hash=ASuNnG5l_XIyNxhk&id=315767128594171&ext=1409030491", "anchor": "View Menu", "type": "Menu"}, "allowMenuUrlEdit": true, "location": {"address": "136 Neil Road", "lat": 1.2783102118634984, "postalCode": "088865", "city": "Singapore", "formattedAddress": ["136 Neil Road", "088865", "Singapore"], "lng": 103.84100613562232, "labeledLatLngs": [{"lng": 103.84100613562232, "label": "display", "lat": 1.2783102118634984}], "country": "Singapore", "cc": "SG"}, "id": "53996e57498e08a9dda87a4e", "beenHere": {"lastCheckinExpiredAt": 0}, "stats": {"checkinsCount": 1765, "tipCount": 74, "usersCount": 1027}, "url": "http://www.thelokalsingapore.com", "categories": [{"id": "4bf58dd8d48988d169941735", "primary": true, "icon": {"prefix": "https://ss3.4sqi.net/img/categories_v2/food/australian_", "suffix": ".png"}, "pluralName": "Australian Restaurants", "shortName": "Australian", "name": "Australian Restaurant"}], "verified": false, "contact": {"facebookUsername": "thelokalsingapore", "facebook": "191144241095232", "facebookName": "The Lokal", "formattedPhone": "+65 6423 9918", "phone": "+6564239918"}, "name": "The Lokal"}, "width": 540, "suffix": "/11138541__qTONEZjEni7lYnB70Gk-OeJQjI2tD5z46XiyjQ3bsM.jpg"}, {"id": "53c4ba3f498edde315a96dd3", "createdAt": 1405401663, "height": 960, "visibility": "public", "source": {"url": "https://www.swarmapp.com", "name": "Swarm for Android"}, "prefix": "https://igx.4sqi.net/img/general/", "venue": {"id": "529eca10498e761f66913b26", "like": false, "stats": {"checkinsCount": 839, "tipCount": 18, "usersCount": 491}, "beenHere": {"lastCheckinExpiredAt": 0}, "categories": [{"id": "4bf58dd8d48988d14c941735", "primary": true, "icon": {"prefix": "https://ss3.4sqi.net/img/categories_v2/food/wings_", "suffix": ".png"}, "pluralName": "Wings Joints", "shortName": "Wings", "name": "Wings Joint"}], "verified": true, "allowMenuUrlEdit": true, "location": {"crossStreet": "311 New Upper Changi Road", "labeledLatLngs": [{"lng": 103.92993436468898, "label": "display", "lat": 1.3244197258420705}], "state": "Singapore", "lat": 1.3244197258420705, "city": "Bedok New Town", "formattedAddress": ["311 New Upper Changi Road (311 New Upper Changi Road)", "Singapore"], "lng": 103.92993436468898, "address": "311 New Upper Changi Road", "country": "Singapore", "cc": "SG"}, "contact": {"twitter": "wingstop", "formattedPhone": "+65 6844 9200", "phone": "+6568449200"}, "storeId": "741", "name": "Wingstop"}, "width": 540, "suffix": "/11138541_O4Yvi7blxMkW43K_KjYfUqvrYH7O1mhCylaRaQN4LgA.jpg"}, {"id": "53b160a7498e463b7cab5d01", "createdAt": 1404133543, "height": 800, "visibility": "public", "source": {"url": "https://foursquare.com/download/#/android", "name": "Foursquare for Android"}, "prefix": "https://igx.4sqi.net/img/general/", "venue": {"id": "50893f6de4b0aa994cc49b34", "closed": true, "stats": {"checkinsCount": 552, "tipCount": 20, "usersCount": 479}, "like": false, "beenHere": {"lastCheckinExpiredAt": 0}, "categories": [{"id": "4bf58dd8d48988d16d941735", "primary": true, "icon": {"prefix": "https://ss3.4sqi.net/img/categories_v2/food/cafe_", "suffix": ".png"}, "pluralName": "Caf\u00e9s", "shortName": "Caf\u00e9", "name": "Caf\u00e9"}], "verified": false, "allowMenuUrlEdit": true, "location": {"lat": 1.2782900244199997, "postalCode": "088509", "city": "Singapore", "formattedAddress": ["88 Tanjong Pagar Road", "088509", "Singapore"], "lng": 103.8437632115032, "address": "88 Tanjong Pagar Road", "country": "Singapore", "cc": "SG"}, "contact": {"formattedPhone": "+65 6222 2214", "phone": "+6562222214"}, "name": "Quarter To Three"}, "width": 800, "suffix": "/11138541_Uh5-fLS_UE62dxW461AGJgPe29X24YKilhSJgIvojow.jpg"}, {"id": "53a079fd498e630d47c5508e", "createdAt": 1403025917, "height": 720, "visibility": "public", "source": {"url": "https://foursquare.com/download/#/android", "name": "Foursquare for Android"}, "prefix": "https://igx.4sqi.net/img/general/", "venue": {"closed": true, "like": false, "allowMenuUrlEdit": true, "location": {"crossStreet": "26 Evans Rd.", "lat": 1.318549870749895, "postalCode": "259367", "city": "Singapore", "formattedAddress": ["Evans Lodge (26 Evans Rd.)", "259367", "Singapore"], "lng": 103.81992513289428, "address": "Evans Lodge", "country": "Singapore", "cc": "SG"}, "id": "5282751911d27a04e20dd110", "beenHere": {"lastCheckinExpiredAt": 0}, "stats": {"checkinsCount": 1066, "tipCount": 45, "usersCount": 710}, "url": "http://assembly.sg", "categories": [{"id": "4bf58dd8d48988d16d941735", "primary": true, "icon": {"prefix": "https://ss3.4sqi.net/img/categories_v2/food/cafe_", "suffix": ".png"}, "pluralName": "Caf\u00e9s", "shortName": "Caf\u00e9", "name": "Caf\u00e9"}], "verified": false, "contact": {"formattedPhone": "+65 6735 5647", "phone": "+6567355647"}, "name": "Assembly"}, "width": 960, "suffix": "/11138541_T5qJ1XIlaGLjKgarVpLQGid34fIhf9mf-8cQxx_qtuc.jpg"}, {"id": "53968d24498e7aabe55d69c2", "createdAt": 1402375460, "height": 960, "visibility": "public", "source": {"url": "https://foursquare.com/download/#/android", "name": "Foursquare for Android"}, "prefix": "https://igx.4sqi.net/img/general/", "venue": {"id": "52d1224911d2f45ef0c77e54", "like": false, "stats": {"checkinsCount": 846, "tipCount": 9, "usersCount": 523}, "beenHere": {"lastCheckinExpiredAt": 0}, "categories": [{"id": "4bf58dd8d48988d1c9941735", "primary": true, "icon": {"prefix": "https://ss3.4sqi.net/img/categories_v2/food/icecream_", "suffix": ".png"}, "pluralName": "Ice Cream Shops", "shortName": "Ice Cream", "name": "Ice Cream Shop"}], "verified": false, "allowMenuUrlEdit": true, "location": {"address": "Blk 89 Bedok North Ave 4 #01-109", "lat": 1.3330848538528426, "postalCode": "460089", "city": "Singapore", "formattedAddress": ["Blk 89 Bedok North Ave 4 #01-109", "460089", "Singapore"], "lng": 103.93816582192167, "labeledLatLngs": [{"lng": 103.93816582192167, "label": "display", "lat": 1.3330848538528426}], "country": "Singapore", "cc": "SG"}, "contact": {}, "name": "IScream"}, "width": 540, "suffix": "/11138541_tC2DLQ7AC0bnb3Ij72Lx8eYqtyj43hX5qQxzJjSdb4E.jpg"}, {"id": "536472b9498e90c683b05608", "createdAt": 1399091897, "height": 540, "visibility": "public", "source": {"url": "https://foursquare.com/download/#/android", "name": "Foursquare for Android"}, "prefix": "https://igx.4sqi.net/img/general/", "venue": {"id": "4f6d87aee4b0a6b7718a232e", "like": false, "stats": {"checkinsCount": 6368, "tipCount": 156, "usersCount": 3760}, "beenHere": {"lastCheckinExpiredAt": 0}, "categories": [{"id": "4bf58dd8d48988d16d941735", "primary": true, "icon": {"prefix": "https://ss3.4sqi.net/img/categories_v2/food/cafe_", "suffix": ".png"}, "pluralName": "Caf\u00e9s", "shortName": "Caf\u00e9", "name": "Caf\u00e9"}], "verified": false, "allowMenuUrlEdit": true, "location": {"address": "33/35/37 Kampong Bahru Road", "lat": 1.2769690837607945, "postalCode": "169355", "city": "Singapore", "formattedAddress": ["33/35/37 Kampong Bahru Road", "169355", "Singapore"], "lng": 103.83633613586426, "labeledLatLngs": [{"lng": 103.83633613586426, "label": "display", "lat": 1.2769690837607945}], "country": "Singapore", "cc": "SG"}, "contact": {"facebook": "392169157462005", "facebookName": "Strangers' Reunion", "formattedPhone": "+65 6222 4869", "phone": "+6562224869", "facebookUsername": "StrangersReunion", "twitter": "strangersreu"}, "name": "Strangers' Reunion"}, "width": 960, "suffix": "/11138541_NleCEC7cdUpDmUZcXYIP6NSZf0oMbJfkh5e4SqGLSnk.jpg"}, {"id": "536221ff498e850078b7fbda", "createdAt": 1398940159, "height": 960, "visibility": "public", "source": {"url": "https://foursquare.com/download/#/android", "name": "Foursquare for Android"}, "prefix": "https://igx.4sqi.net/img/general/", "venue": {"id": "52d8f2c211d298f623d540e4", "like": false, "stats": {"checkinsCount": 1754, "tipCount": 34, "usersCount": 1429}, "venuePage": {"id": "80613071"}, "beenHere": {"lastCheckinExpiredAt": 0}, "categories": [{"id": "4bf58dd8d48988d16d941735", "primary": true, "icon": {"prefix": "https://ss3.4sqi.net/img/categories_v2/food/cafe_", "suffix": ".png"}, "pluralName": "Caf\u00e9s", "shortName": "Caf\u00e9", "name": "Caf\u00e9"}], "verified": true, "allowMenuUrlEdit": true, "location": {"address": "30 Bali Lane", "lat": 1.3013227401179561, "postalCode": "189866", "city": "Singapore", "formattedAddress": ["30 Bali Lane", "189866", "Singapore"], "lng": 103.8583356142044, "labeledLatLngs": [{"lng": 103.8583356142044, "label": "display", "lat": 1.3013227401179561}], "country": "Singapore", "cc": "SG"}, "contact": {"facebookUsername": "statelandcafe", "facebook": "567079690046525", "facebookName": "Stateland Asian-Fusion Cafe", "formattedPhone": "+65 9296 4997", "phone": "+6592964997"}, "name": "Stateland Cafe"}, "width": 720, "suffix": "/11138541_DJTbIoi1yvU-Y1EP35ZfjLVALQWyqzddh4buXnU1YTs.jpg"}, {"id": "535b9c34498e1fc7e8e96d82", "createdAt": 1398512692, "height": 960, "visibility": "public", "source": {"url": "https://foursquare.com/download/#/android", "name": "Foursquare for Android"}, "prefix": "https://igx.4sqi.net/img/general/", "venue": {"id": "52d8f2c211d298f623d540e4", "like": false, "stats": {"checkinsCount": 1754, "tipCount": 34, "usersCount": 1429}, "venuePage": {"id": "80613071"}, "beenHere": {"lastCheckinExpiredAt": 0}, "categories": [{"id": "4bf58dd8d48988d16d941735", "primary": true, "icon": {"prefix": "https://ss3.4sqi.net/img/categories_v2/food/cafe_", "suffix": ".png"}, "pluralName": "Caf\u00e9s", "shortName": "Caf\u00e9", "name": "Caf\u00e9"}], "verified": true, "allowMenuUrlEdit": true, "location": {"address": "30 Bali Lane", "lat": 1.3013227401179561, "postalCode": "189866", "city": "Singapore", "formattedAddress": ["30 Bali Lane", "189866", "Singapore"], "lng": 103.8583356142044, "labeledLatLngs": [{"lng": 103.8583356142044, "label": "display", "lat": 1.3013227401179561}], "country": "Singapore", "cc": "SG"}, "contact": {"facebookUsername": "statelandcafe", "facebook": "567079690046525", "facebookName": "Stateland Asian-Fusion Cafe", "formattedPhone": "+65 9296 4997", "phone": "+6592964997"}, "name": "Stateland Cafe"}, "width": 720, "suffix": "/11138541_DaRrhnctVEx27URJHT7MX3WlA-cIZEIpeOFXKPv0Usk.jpg"}, {"id": "535613f4498e03ae38622d0d", "createdAt": 1398150132, "height": 540, "visibility": "public", "source": {"url": "https://foursquare.com/download/#/android", "name": "Foursquare for Android"}, "prefix": "https://igx.4sqi.net/img/general/", "venue": {"id": "512addc3e4b0861e65a3d2d6", "like": false, "stats": {"checkinsCount": 377, "tipCount": 12, "usersCount": 218}, "beenHere": {"lastCheckinExpiredAt": 0}, "categories": [{"id": "4bf58dd8d48988d1d0941735", "primary": true, "icon": {"prefix": "https://ss3.4sqi.net/img/categories_v2/food/dessert_", "suffix": ".png"}, "pluralName": "Dessert Shops", "shortName": "Desserts", "name": "Dessert Shop"}], "verified": false, "allowMenuUrlEdit": true, "location": {"address": "30 Jalan Pari Burong", "lat": 1.33374423391121, "postalCode": "488696", "city": "Singapore", "formattedAddress": ["30 Jalan Pari Burong", "488696", "Singapore"], "lng": 103.94904365762486, "labeledLatLngs": [{"lng": 103.94904365762486, "label": "display", "lat": 1.33374423391121}], "country": "Singapore", "cc": "SG"}, "contact": {"formattedPhone": "+65 6448 6707", "phone": "+6564486707"}, "name": "D'zerts Cafe"}, "width": 960, "suffix": "/11138541_9lpJDLIvsHuvbOU-8GXkTf2Giz5FsPX-jSOoXJG8F1I.jpg"}, {"id": "53312bc1498e4d2f015b92c0", "createdAt": 1395731393, "height": 960, "visibility": "public", "source": {"url": "https://foursquare.com/download/#/android", "name": "Foursquare for Android"}, "prefix": "https://igx.4sqi.net/img/general/", "venue": {"id": "4e6da3468998a706cd8fe080", "like": false, "stats": {"checkinsCount": 2328, "tipCount": 63, "usersCount": 1606}, "url": "http://www.drips.com.sg", "beenHere": {"lastCheckinExpiredAt": 0}, "categories": [{"id": "4bf58dd8d48988d16d941735", "primary": true, "icon": {"prefix": "https://ss3.4sqi.net/img/categories_v2/food/cafe_", "suffix": ".png"}, "pluralName": "Caf\u00e9s", "shortName": "Caf\u00e9", "name": "Caf\u00e9"}], "verified": false, "allowMenuUrlEdit": true, "location": {"address": "82 Tiong Poh Rd, #01-05", "lat": 1.2836622060675, "postalCode": "160082", "city": "Singapore", "formattedAddress": ["82 Tiong Poh Rd, #01-05", "160082", "Singapore"], "lng": 103.83399724960327, "labeledLatLngs": [{"lng": 103.83399724960327, "label": "display", "lat": 1.2836622060675}], "country": "Singapore", "cc": "SG"}, "contact": {"formattedPhone": "+65 6222 0400", "phone": "+6562220400"}, "name": "Drips Bakery Cafe"}, "width": 720, "suffix": "/11138541_Wk9LIH7xK1K-H7sgX12bmEARYyxzSVno8e20yPW_-UA.jpg"}, {"id": "532ace81498ef90c9a5b3976", "createdAt": 1395314305, "height": 960, "visibility": "public", "source": {"url": "https://foursquare.com/download/#/android", "name": "Foursquare for Android"}, "prefix": "https://igx.4sqi.net/img/general/", "venue": {"like": false, "allowMenuUrlEdit": true, "location": {"address": "252 North Bridge Road, B1-78 Raffles City Shopping Centre", "lat": 1.2933316951051315, "postalCode": "179103", "city": "Singapore", "formattedAddress": ["252 North Bridge Road, B1-78 Raffles City Shopping Centre", "179103", "Singapore"], "lng": 103.85385220848444, "labeledLatLngs": [{"lng": 103.85385220848444, "label": "display", "lat": 1.2933316951051315}], "country": "Singapore", "cc": "SG"}, "storeId": "", "id": "52de13ec11d2ed3a82dd9ef7", "beenHere": {"lastCheckinExpiredAt": 0}, "stats": {"checkinsCount": 156, "tipCount": 7, "usersCount": 114}, "categories": [{"id": "4bf58dd8d48988d115941735", "primary": true, "icon": {"prefix": "https://ss3.4sqi.net/img/categories_v2/food/middleeastern_", "suffix": ".png"}, "pluralName": "Middle Eastern Restaurants", "shortName": "Middle Eastern", "name": "Middle Eastern Restaurant"}], "verified": true, "venuePage": {"id": "77997031"}, "contact": {"facebook": "523983471031265", "facebookName": "Qbab", "facebookUsername": "qbabsg"}, "name": "QBAB"}, "width": 960, "suffix": "/11138541_0KB0994dNJavyAZ7TCfLh5B3GYmKBSvFWuO-G2N5HSs.jpg"}, {"id": "531dc27c498e0de8e61a143f", "createdAt": 1394459260, "height": 540, "visibility": "public", "source": {"url": "https://foursquare.com/download/#/android", "name": "Foursquare for Android"}, "prefix": "https://igx.4sqi.net/img/general/", "venue": {"id": "4e62f3acd164ddd5e602d77b", "like": false, "stats": {"checkinsCount": 5361, "tipCount": 168, "usersCount": 3088}, "url": "http://www.maison-ikkoku.net", "beenHere": {"lastCheckinExpiredAt": 0}, "categories": [{"id": "4bf58dd8d48988d16d941735", "primary": true, "icon": {"prefix": "https://ss3.4sqi.net/img/categories_v2/food/cafe_", "suffix": ".png"}, "pluralName": "Caf\u00e9s", "shortName": "Caf\u00e9", "name": "Caf\u00e9"}], "verified": false, "allowMenuUrlEdit": true, "location": {"address": "20 Kandahar St", "lat": 1.3023950783581992, "postalCode": "198885", "city": "Singapore", "formattedAddress": ["20 Kandahar St", "198885", "Singapore"], "lng": 103.8596840128266, "labeledLatLngs": [{"lng": 103.8596840128266, "label": "display", "lat": 1.3023950783581992}], "country": "Singapore", "cc": "SG"}, "contact": {"formattedPhone": "+65 6294 0078", "phone": "+6562940078"}, "name": "Maison Ikkoku Cafe"}, "width": 960, "suffix": "/11138541_XZIIJ5csUSmMeOOLdzn5hboaAOQQ1unpjf1yaeLfoDg.jpg"}, {"id": "5311b89911d2ef90f4fd669d", "createdAt": 1393670297, "height": 706, "visibility": "public", "source": {"url": "https://foursquare.com/download/#/android", "name": "Foursquare for Android"}, "prefix": "https://igx.4sqi.net/img/general/", "venue": {"id": "4bd54a405631c9b621e4a330", "like": false, "stats": {"checkinsCount": 1006, "tipCount": 3, "usersCount": 285}, "beenHere": {"lastCheckinExpiredAt": 0}, "categories": [{"id": "4d954b06a243a5684965b473", "primary": true, "icon": {"prefix": "https://ss3.4sqi.net/img/categories_v2/building/apartment_", "suffix": ".png"}, "pluralName": "Residential Buildings (Apartments / Condos)", "shortName": "Residential", "name": "Residential Building (Apartment / Condo)"}], "verified": false, "location": {"address": "20-22 Newton Rd", "lat": 1.3147678315690257, "city": "Singapore", "formattedAddress": ["20-22 Newton Rd", "Singapore"], "lng": 103.84174346923828, "labeledLatLngs": [{"lng": 103.84174346923828, "label": "display", "lat": 1.3147678315690257}], "country": "Singapore", "cc": "SG"}, "contact": {}, "venueRatingBlacklisted": true, "name": "Amaryllis Ville"}, "width": 960, "suffix": "/11138541__ZEjKIL_--Z52wmCVF8pA1BiiffCKY6Kld0xf-wkb4I.jpg"}, {"id": "5302df67498eeae1a7737fa6", "createdAt": 1392697191, "height": 540, "visibility": "public", "source": {"url": "https://foursquare.com/download/#/android", "name": "Foursquare for Android"}, "prefix": "https://igx.4sqi.net/img/general/", "venue": {"id": "50c2e18be4b087eb7d31a742", "like": false, "stats": {"checkinsCount": 1682, "tipCount": 32, "usersCount": 877}, "url": "http://www.milkhoney.sg", "beenHere": {"lastCheckinExpiredAt": 0}, "categories": [{"id": "4bf58dd8d48988d1c9941735", "primary": true, "icon": {"prefix": "https://ss3.4sqi.net/img/categories_v2/food/icecream_", "suffix": ".png"}, "pluralName": "Ice Cream Shops", "shortName": "Ice Cream", "name": "Ice Cream Shop"}], "verified": false, "allowMenuUrlEdit": true, "location": {"address": "Blk 86 Bedok North St 4 #01-179", "lat": 1.3327019865380036, "postalCode": "460086", "city": "Singapore", "formattedAddress": ["Blk 86 Bedok North St 4 #01-179", "460086", "Singapore"], "lng": 103.93871535863157, "labeledLatLngs": [{"lng": 103.93871535863157, "label": "display", "lat": 1.3327019865380036}], "country": "Singapore", "cc": "SG"}, "contact": {"facebookUsername": "milkandhoneygelato", "facebook": "484921044859869", "facebookName": "Milk and Honey Gelato", "twitter": "milkandhoneysg"}, "name": "Milk & Honey Gelato"}, "width": 960, "suffix": "/11138541_K9vZFoGGaM4hDcvY5ZQlPMlomlswhBfb6Mgm5DTgGMQ.jpg"}, {"id": "52fc39ff11d27564db4b86e7", "createdAt": 1392261631, "height": 960, "visibility": "public", "source": {"url": "https://foursquare.com/download/#/android", "name": "Foursquare for Android"}, "prefix": "https://igx.4sqi.net/img/general/", "venue": {"id": "4db7be104df0ded98bae8c0c", "like": false, "stats": {"checkinsCount": 5062, "tipCount": 92, "usersCount": 3279}, "url": "http://www.wimblylu.com", "beenHere": {"lastCheckinExpiredAt": 0}, "categories": [{"id": "4bf58dd8d48988d1d0941735", "primary": true, "icon": {"prefix": "https://ss3.4sqi.net/img/categories_v2/food/dessert_", "suffix": ".png"}, "pluralName": "Dessert Shops", "shortName": "Desserts", "name": "Dessert Shop"}], "verified": false, "allowMenuUrlEdit": true, "location": {"address": "15-2, Jalan Riang", "lat": 1.3474006978474433, "postalCode": "358987", "city": "Singapore", "formattedAddress": ["15-2, Jalan Riang", "358987", "Singapore"], "lng": 103.86752053950829, "labeledLatLngs": [{"lng": 103.86752053950829, "label": "display", "lat": 1.3474006978474433}], "country": "Singapore", "cc": "SG"}, "contact": {"formattedPhone": "+65 6289 1489", "phone": "+6562891489"}, "name": "Wimbly Lu Chocolates"}, "width": 960, "suffix": "/11138541_DDSBVxJ0JXhBs7mllQIE-jIyHfnpubVVPgvsB7KD-k0.jpg"}, {"id": "52d0d7c6498e6cda6178a061", "createdAt": 1389418438, "height": 960, "visibility": "public", "source": {"url": "https://foursquare.com/download/#/android", "name": "Foursquare for Android"}, "prefix": "https://igx.4sqi.net/img/general/", "venue": {"closed": true, "like": false, "allowMenuUrlEdit": true, "location": {"crossStreet": "2 Bayfront Avenue", "lat": 1.2858223257480392, "postalCode": "018956", "city": "Singapore", "formattedAddress": ["L1-03, The Shoppes at Marina Bay Sands (2 Bayfront Avenue)", "018956", "Singapore"], "lng": 103.8598199025098, "address": "L1-03, The Shoppes at Marina Bay Sands", "country": "Singapore", "cc": "SG"}, "storeId": "", "id": "500d2595e4b0db14bda17fb4", "beenHere": {"lastCheckinExpiredAt": 0}, "stats": {"checkinsCount": 3270, "tipCount": 45, "usersCount": 2437}, "url": "http://www.auchocolat.com", "categories": [{"id": "4bf58dd8d48988d10c941735", "primary": true, "icon": {"prefix": "https://ss3.4sqi.net/img/categories_v2/food/french_", "suffix": ".png"}, "pluralName": "French Restaurants", "shortName": "French", "name": "French Restaurant"}], "venuePage": {"id": "83772220"}, "verified": true, "contact": {"facebook": "345869612119318", "facebookName": "Au Chocolat Singapore", "formattedPhone": "+65 6688 7227", "phone": "+6566887227", "facebookUsername": "auchocolatsg", "twitter": "auchocolatsg"}, "name": "Au Chocolat Singapore"}, "width": 540, "suffix": "/11138541_fnUgYOBsSrimXl1eC67uiBYWEZAlJJAuGdBEOXEtnIA.jpg"}, {"id": "52c10b18498e3048158532f1", "createdAt": 1388383000, "height": 540, "visibility": "public", "source": {"url": "https://foursquare.com/download/#/android", "name": "Foursquare for Android"}, "prefix": "https://igx.4sqi.net/img/general/", "venue": {"closed": true, "like": false, "allowMenuUrlEdit": true, "location": {"crossStreet": "G-10", "labeledLatLngs": [{"lng": 101.71034607841905, "label": "display", "lat": 3.1430107818830364}], "state": "Kuala Lumpur", "lat": 3.1430107818830364, "postalCode": "55100", "city": "Kuala Lumpur", "formattedAddress": ["Berjaya Times Square (G-10)", "55100 Kuala Lumpur, Kuala Lumpur", "Malaysia"], "lng": 101.71034607841905, "address": "Berjaya Times Square", "country": "Malaysia", "cc": "MY"}, "id": "4b88a04af964a520490532e3", "beenHere": {"lastCheckinExpiredAt": 0}, "stats": {"checkinsCount": 7331, "tipCount": 73, "usersCount": 5019}, "url": "http://www.krispykreme.com.my", "categories": [{"id": "4bf58dd8d48988d148941735", "primary": true, "icon": {"prefix": "https://ss3.4sqi.net/img/categories_v2/food/donuts_", "suffix": ".png"}, "pluralName": "Donut Shops", "shortName": "Donuts", "name": "Donut Shop"}], "verified": false, "contact": {"formattedPhone": "+60 3-2144 0790", "phone": "+60321440790"}, "name": "Krispy Kreme Doughnuts"}, "width": 960, "suffix": "/11138541_wcuSudQ6dFjOxzv_gw5km5TMOQuXnXUDfjxOo_CuG6E.jpg"}, {"id": "52c02dfb11d2c74e9a354fdb", "createdAt": 1388326395, "height": 540, "visibility": "public", "source": {"url": "https://foursquare.com/download/#/android", "name": "Foursquare for Android"}, "prefix": "https://igx.4sqi.net/img/general/", "venue": {"id": "527ccfe711d29d1247be29a5", "like": false, "stats": {"checkinsCount": 47, "tipCount": 3, "usersCount": 47}, "beenHere": {"lastCheckinExpiredAt": 0}, "categories": [{"id": "4bf58dd8d48988d1c1941735", "primary": true, "icon": {"prefix": "https://ss3.4sqi.net/img/categories_v2/food/mexican_", "suffix": ".png"}, "pluralName": "Mexican Restaurants", "shortName": "Mexican", "name": "Mexican Restaurant"}], "verified": false, "allowMenuUrlEdit": true, "location": {"address": "AG001 BB-park Jalan Bukit Bintang", "state": "KL", "lat": 3.1448860730108996, "postalCode": "55100", "city": "Kuala Lumpur", "formattedAddress": ["AG001 BB-park Jalan Bukit Bintang", "55100 Kuala Lumpur, KL", "Malaysia"], "lng": 101.70901724512808, "labeledLatLngs": [{"lng": 101.70901724512808, "label": "display", "lat": 3.1448860730108996}], "country": "Malaysia", "cc": "MY"}, "contact": {}, "name": "Chile caliente"}, "width": 960, "suffix": "/11138541_h314x59oldzYXiXTODsZDZUfcHamwmzuEoEyptTqmS8.jpg"}, {"id": "52bedef5498e77c238b10fbe", "createdAt": 1388240629, "height": 540, "visibility": "public", "source": {"url": "https://foursquare.com/download/#/android", "name": "Foursquare for Android"}, "prefix": "https://igx.4sqi.net/img/general/", "venue": {"id": "4be9813ac5220f47f4e8aaca", "like": false, "stats": {"checkinsCount": 43957, "tipCount": 291, "usersCount": 25591}, "beenHere": {"lastCheckinExpiredAt": 0}, "categories": [{"id": "53e0feef498e5aac066fd8a9", "primary": true, "icon": {"prefix": "https://ss3.4sqi.net/img/categories_v2/food/streetfood_", "suffix": ".png"}, "pluralName": "Street Food Gatherings", "shortName": "Street Food Gathering", "name": "Street Food Gathering"}], "verified": false, "allowMenuUrlEdit": true, "location": {"address": "Jalan Alor", "state": "Kuala Lumpur", "lat": 3.1464987169020047, "postalCode": "50200", "city": "Kuala Lumpur", "formattedAddress": ["Jalan Alor", "50200 Kuala Lumpur, Kuala Lumpur", "Malaysia"], "lng": 101.70955100039599, "labeledLatLngs": [{"lng": 101.70955100039599, "label": "display", "lat": 3.1464987169020047}], "country": "Malaysia", "cc": "MY"}, "contact": {}, "name": "Jalan Alor"}, "width": 960, "suffix": "/11138541_9DlwTYiq_XKe_fPatUUG0YhR-79VazC2lm1lAwp2eq8.jpg"}, {"id": "525e670c498e842606b9a53a", "createdAt": 1381918476, "tip": {"id": "525e670a498ee7d8c3b23ec0", "createdAt": 1381918474, "like": false, "todo": {"count": 0}, "text": "Nice place to sit n chill with a friend on a sunny day. Love the 'woody' feel to the area.", "logView": true, "disagreeCount": 0, "canonicalUrl": "https://foursquare.com/item/525e670a498ee7d8c3b23ec0", "type": "user", "likes": {"count": 0, "groups": []}, "agreeCount": 0}, "height": 720, "visibility": "public", "source": {"url": "https://foursquare.com/download/#/android", "name": "Foursquare for Android"}, "prefix": "https://igx.4sqi.net/img/general/", "venue": {"closed": true, "like": false, "allowMenuUrlEdit": true, "location": {"lat": 1.2849949290534934, "postalCode": "168723", "city": "Singapore", "formattedAddress": ["69 Tiong Bahru Rd", "168723", "Singapore"], "lng": 103.83376657962799, "address": "69 Tiong Bahru Rd", "country": "Singapore", "cc": "SG"}, "id": "520b41c77e4805313f6223a5", "beenHere": {"lastCheckinExpiredAt": 0}, "stats": {"checkinsCount": 504, "tipCount": 21, "usersCount": 400}, "url": "http://www.thedispensary.com.sg", "categories": [{"id": "4bf58dd8d48988d16a941735", "primary": true, "icon": {"prefix": "https://ss3.4sqi.net/img/categories_v2/food/bakery_", "suffix": ".png"}, "pluralName": "Bakeries", "shortName": "Bakery", "name": "Bakery"}], "verified": false, "contact": {"facebookUsername": "TheDispensaryBakery", "facebook": "156648101202186", "facebookName": "The Dispensary", "formattedPhone": "+65 6536 0225", "phone": "+6565360225"}, "name": "The Dispensary"}, "width": 720, "suffix": "/11138541_SD-QS1T_MlsllSdXY-Hd2TXqB1TFFhS_ptWw0B6PS8I.jpg"}, {"id": "5210ca7511d286077b275ba7", "createdAt": 1376832117, "tip": {"id": "5210ca7211d2d908b702fb46", "createdAt": 1376832114, "like": false, "todo": {"count": 0}, "text": "Very filling.", "logView": true, "disagreeCount": 0, "canonicalUrl": "https://foursquare.com/item/5210ca7211d2d908b702fb46", "type": "user", "likes": {"summary": "1 like", "count": 1, "groups": [{"items": [{"id": "36780440", "photo": {"prefix": "https://igx.4sqi.net/img/user/", "suffix": "/CPQPLWMPAQMJVOEQ.jpg"}, "gender": "female", "firstName": "Vivianne", "lastName": "Redsworth"}], "count": 1, "type": "others"}]}, "agreeCount": 1}, "height": 960, "visibility": "public", "source": {"url": "https://foursquare.com/download/#/android", "name": "Foursquare for Android"}, "prefix": "https://igx.4sqi.net/img/general/", "venue": {"closed": true, "like": false, "allowMenuUrlEdit": true, "location": {"crossStreet": "Orchard Central", "lat": 1.3008769942503056, "postalCode": "238896", "city": "#B1-01", "formattedAddress": ["181 Orchard Road (Orchard Central)", "238896", "Singapore"], "lng": 103.83937003287726, "address": "181 Orchard Road", "country": "Singapore", "cc": "SG"}, "storeId": "MP101", "id": "503707f9e4b05af8cb95b892", "beenHere": {"lastCheckinExpiredAt": 0}, "stats": {"checkinsCount": 603, "tipCount": 21, "usersCount": 379}, "categories": [{"id": "4bf58dd8d48988d1ca941735", "primary": true, "icon": {"prefix": "https://ss3.4sqi.net/img/categories_v2/food/pizza_", "suffix": ".png"}, "pluralName": "Pizza Places", "shortName": "Pizza", "name": "Pizza Place"}], "venuePage": {"id": "37392680"}, "verified": true, "contact": {"facebookUsername": "The.Manhattan.Pizza.Co", "facebook": "347107585346405", "facebookName": "The Manhattan Pizza Company", "formattedPhone": "+65 800 852 3887", "phone": "+658008523887"}, "name": "The Manhattan Pizza Company"}, "width": 540, "suffix": "/11138541_jFAGGjWaaq1myGDUeLTGQaIVYMtKX9kwnLP0DRInC0Q.jpg"}, {"id": "51d40b7e498e924363cf5e9c", "createdAt": 1372851070, "tip": {"id": "51d40b7b498eaad281dc1230", "createdAt": 1372851067, "like": false, "todo": {"count": 0}, "text": "Good service.  Good food. Nice atmosphere.", "logView": true, "disagreeCount": 0, "canonicalUrl": "https://foursquare.com/item/51d40b7b498eaad281dc1230", "type": "user", "likes": {"summary": "1 like", "count": 1, "groups": [{"items": [{"id": "74994771", "photo": {"prefix": "https://igx.4sqi.net/img/user/", "suffix": "/74994771-TKLPLOVBDRORMJSL.jpg"}, "gender": "none", "firstName": "49", "lastName": "Seats"}], "count": 1, "type": "others"}]}, "agreeCount": 1}, "height": 960, "visibility": "public", "source": {"url": "https://foursquare.com/download/#/android", "name": "Foursquare for Android"}, "prefix": "https://igx.4sqi.net/img/general/", "venue": {"id": "4f6819dce4b0cbeea5df13d9", "like": false, "stats": {"checkinsCount": 2998, "tipCount": 38, "usersCount": 2169}, "beenHere": {"lastCheckinExpiredAt": 0}, "categories": [{"id": "4bf58dd8d48988d16d941735", "primary": true, "icon": {"prefix": "https://ss3.4sqi.net/img/categories_v2/food/cafe_", "suffix": ".png"}, "pluralName": "Caf\u00e9s", "shortName": "Caf\u00e9", "name": "Caf\u00e9"}], "verified": false, "allowMenuUrlEdit": true, "location": {"crossStreet": "Neil Road", "labeledLatLngs": [{"lng": 103.84201384885667, "label": "display", "lat": 1.2812289173918763}], "lat": 1.2812289173918763, "postalCode": "089007", "city": "Singapore", "formattedAddress": ["49 Kreta Ayer Rd (Neil Road)", "089007", "Singapore"], "lng": 103.84201384885667, "address": "49 Kreta Ayer Rd", "country": "Singapore", "cc": "SG"}, "contact": {"formattedPhone": "+65 6225 4332", "phone": "+6562254332"}, "name": "49 Seats"}, "width": 540, "suffix": "/11138541_9-IfCrSWLiIQd9GYYu03bEF_A6hpzP2ZFyteg_EL7OA.jpg"}, {"id": "51d3b680498e62116694275c", "createdAt": 1372829312, "height": 960, "visibility": "public", "source": {"url": "https://foursquare.com/download/#/android", "name": "Foursquare for Android"}, "prefix": "https://igx.4sqi.net/img/general/", "venue": {"id": "4f6819dce4b0cbeea5df13d9", "like": false, "stats": {"checkinsCount": 2998, "tipCount": 38, "usersCount": 2169}, "beenHere": {"lastCheckinExpiredAt": 0}, "categories": [{"id": "4bf58dd8d48988d16d941735", "primary": true, "icon": {"prefix": "https://ss3.4sqi.net/img/categories_v2/food/cafe_", "suffix": ".png"}, "pluralName": "Caf\u00e9s", "shortName": "Caf\u00e9", "name": "Caf\u00e9"}], "verified": false, "allowMenuUrlEdit": true, "location": {"crossStreet": "Neil Road", "labeledLatLngs": [{"lng": 103.84201384885667, "label": "display", "lat": 1.2812289173918763}], "lat": 1.2812289173918763, "postalCode": "089007", "city": "Singapore", "formattedAddress": ["49 Kreta Ayer Rd (Neil Road)", "089007", "Singapore"], "lng": 103.84201384885667, "address": "49 Kreta Ayer Rd", "country": "Singapore", "cc": "SG"}, "contact": {"formattedPhone": "+65 6225 4332", "phone": "+6562254332"}, "name": "49 Seats"}, "width": 540, "suffix": "/11138541_9-IfCrSWLiIQd9GYYu03bEF_A6hpzP2ZFyteg_EL7OA.jpg"}, {"id": "51bae688498e6d66e010e4fc", "createdAt": 1371203208, "height": 540, "visibility": "public", "source": {"url": "https://foursquare.com/download/#/android", "name": "Foursquare for Android"}, "prefix": "https://igx.4sqi.net/img/general/", "venue": {"id": "4b63e7e7f964a52086962ae3", "like": false, "stats": {"checkinsCount": 9983, "tipCount": 19, "usersCount": 4208}, "beenHere": {"lastCheckinExpiredAt": 0}, "categories": [{"id": "4bf58dd8d48988d188941735", "primary": true, "icon": {"prefix": "https://ss3.4sqi.net/img/categories_v2/arts_entertainment/stadium_soccer_", "suffix": ".png"}, "pluralName": "Soccer Stadiums", "shortName": "Soccer", "name": "Soccer Stadium"}], "verified": false, "location": {"address": "100 Tyrwhitt Rd", "lat": 1.310064471117162, "postalCode": "207542", "city": "Singapore", "formattedAddress": ["100 Tyrwhitt Rd", "207542", "Singapore"], "lng": 103.86029362678528, "labeledLatLngs": [{"lng": 103.86029362678528, "label": "display", "lat": 1.310064471117162}], "country": "Singapore", "cc": "SG"}, "contact": {}, "name": "Jalan Besar Stadium"}, "width": 960, "suffix": "/11138541_ivAvseRuAi-SjMS4SiXICCqSX5lWmR8_KdpHv0j9yQU.jpg"}, {"id": "519cabe8498ea23dd60d842e", "createdAt": 1369222120, "height": 960, "visibility": "public", "source": {"url": "https://foursquare.com/download/#/android", "name": "Foursquare for Android"}, "prefix": "https://igx.4sqi.net/img/general/", "venue": {"id": "4b63e7e7f964a52086962ae3", "like": false, "stats": {"checkinsCount": 9983, "tipCount": 19, "usersCount": 4208}, "beenHere": {"lastCheckinExpiredAt": 0}, "categories": [{"id": "4bf58dd8d48988d188941735", "primary": true, "icon": {"prefix": "https://ss3.4sqi.net/img/categories_v2/arts_entertainment/stadium_soccer_", "suffix": ".png"}, "pluralName": "Soccer Stadiums", "shortName": "Soccer", "name": "Soccer Stadium"}], "verified": false, "location": {"address": "100 Tyrwhitt Rd", "lat": 1.310064471117162, "postalCode": "207542", "city": "Singapore", "formattedAddress": ["100 Tyrwhitt Rd", "207542", "Singapore"], "lng": 103.86029362678528, "labeledLatLngs": [{"lng": 103.86029362678528, "label": "display", "lat": 1.310064471117162}], "country": "Singapore", "cc": "SG"}, "contact": {}, "name": "Jalan Besar Stadium"}, "width": 540, "suffix": "/11138541_ocHhuKliE07QLn6UAn4YakR4ibtzb446hp1aLHW5yPo.jpg"}, {"id": "50e7ff7de4b02662aec97284", "createdAt": 1357381501, "height": 960, "visibility": "public", "source": {"url": "https://foursquare.com/download/#/iphone", "name": "Foursquare for iOS"}, "prefix": "https://igx.4sqi.net/img/general/", "venue": {"closed": true, "like": false, "allowMenuUrlEdit": true, "location": {"crossStreet": "9 Raffles Blvd.", "labeledLatLngs": [{"lng": 103.8597179852347, "label": "display", "lat": 1.2918525079605747}], "lat": 1.2918525079605747, "postalCode": "039596", "city": "Singapore", "formattedAddress": ["#01-52 Millenia Walk (9 Raffles Blvd.)", "039596", "Singapore"], "lng": 103.8597179852347, "address": "#01-52 Millenia Walk", "country": "Singapore", "cc": "SG"}, "id": "4e82b15d5c5c24f1455058c6", "beenHere": {"lastCheckinExpiredAt": 0}, "stats": {"checkinsCount": 1790, "tipCount": 18, "usersCount": 1037}, "url": "http://www.twelvecupcakes.com", "categories": [{"id": "4bf58dd8d48988d1bc941735", "primary": true, "icon": {"prefix": "https://ss3.4sqi.net/img/categories_v2/food/cupcakes_", "suffix": ".png"}, "pluralName": "Cupcake Shops", "shortName": "Cupcakes", "name": "Cupcake Shop"}], "verified": false, "contact": {"twitter": "twelvecupcakes", "formattedPhone": "+65 6337 7680", "phone": "+6563377680"}, "name": "Twelve Cupcakes"}, "width": 720, "suffix": "/11138541_ufyBO0jwGnX3K1v_8HH9eWAvTLppoU4BDf66jJYZJ7c.jpg"}, {"id": "50d9b498e4b0db4f48c43b69", "createdAt": 1356444824, "height": 960, "visibility": "public", "source": {"url": "https://foursquare.com/download/#/iphone", "name": "Foursquare for iOS"}, "prefix": "https://igx.4sqi.net/img/general/", "venue": {"id": "4dfb7512d22d56d1ebaf2ca0", "like": false, "stats": {"checkinsCount": 125, "tipCount": 5, "usersCount": 79}, "beenHere": {"lastCheckinExpiredAt": 0}, "categories": [{"id": "4bf58dd8d48988d116941735", "primary": true, "icon": {"prefix": "https://ss3.4sqi.net/img/categories_v2/nightlife/pub_", "suffix": ".png"}, "pluralName": "Bars", "shortName": "Bar", "name": "Bar"}], "verified": false, "allowMenuUrlEdit": true, "location": {"crossStreet": "11 Unity Street", "labeledLatLngs": [{"lng": 103.84173078258593, "label": "display", "lat": 1.292347478696096}], "lat": 1.292347478696096, "city": "Singapore", "formattedAddress": ["#01-07, Robertson Walk (11 Unity Street)", "Singapore"], "lng": 103.84173078258593, "address": "#01-07, Robertson Walk", "country": "Singapore", "cc": "SG"}, "contact": {"formattedPhone": "+65 6836 5752", "phone": "+6568365752"}, "name": "Black & White Cocktail Bar & Bites"}, "width": 720, "suffix": "/11138541_zFC8PwpO-3zzl_vTSPy8iGzWYqUS1oqRGIw5xP8rrq0.jpg"}, {"id": "50c189dfe4b09fd0a774df3b", "createdAt": 1354861023, "height": 720, "visibility": "public", "source": {"url": "https://foursquare.com/download/#/iphone", "name": "Foursquare for iOS"}, "prefix": "https://igx.4sqi.net/img/general/", "venue": {"id": "4bd040259854d13a0250f74d", "closed": true, "stats": {"checkinsCount": 2234, "tipCount": 16, "usersCount": 1681}, "like": false, "beenHere": {"lastCheckinExpiredAt": 0}, "categories": [{"id": "4bf58dd8d48988d142941735", "primary": true, "icon": {"prefix": "https://ss3.4sqi.net/img/categories_v2/food/asian_", "suffix": ".png"}, "pluralName": "Asian Restaurants", "shortName": "Asian", "name": "Asian Restaurant"}], "verified": false, "allowMenuUrlEdit": true, "location": {"crossStreet": "HarbourFront", "lat": 1.2655778644267761, "postalCode": "098585", "city": "Singapore", "formattedAddress": ["Vivocity (HarbourFront)", "098585", "Singapore"], "lng": 103.82223844528198, "address": "Vivocity", "country": "Singapore", "cc": "SG"}, "contact": {}, "name": "The Asian Kitchen"}, "width": 540, "suffix": "/11138541_6x9L3QS9CygTS7NKkgrjDbmRGQaTT_RSkvKbdFM5LV8.jpg"}, {"id": "505e5fb5e4b010db7311b943", "createdAt": 1348362165, "height": 359, "visibility": "public", "source": {"url": "http://store.ovi.com", "name": "Foursquare for Nokia"}, "prefix": "https://igx.4sqi.net/img/general/", "venue": {"id": "4db6214e43a1369cb5dfd858", "closed": true, "stats": {"checkinsCount": 91, "tipCount": 0, "usersCount": 37}, "like": false, "beenHere": {"lastCheckinExpiredAt": 0}, "categories": [{"id": "4bf58dd8d48988d15f941735", "primary": true, "icon": {"prefix": "https://ss3.4sqi.net/img/categories_v2/parks_outdoors/field_", "suffix": ".png"}, "pluralName": "Fields", "shortName": "Field", "name": "Field"}], "verified": false, "location": {"country": "Singapore", "formattedAddress": ["Singapore"], "lng": 103.75976273587514, "cc": "SG", "lat": 1.3879462759720114}, "contact": {}, "venueRatingBlacklisted": true, "name": "West Spring Secondary School Field"}, "width": 640, "suffix": "/11138541_ltG4dEuvY9oSp2o1AerCkzB0HVLjF96NaKz7d4emedA.jpg"}, {"id": "5038be70e4b01fa352927e9d", "createdAt": 1345896048, "height": 359, "visibility": "public", "source": {"url": "http://store.ovi.com", "name": "Foursquare for Nokia"}, "prefix": "https://igx.4sqi.net/img/general/", "venue": {"id": "4ec776940e6158bafe84d124", "like": false, "stats": {"checkinsCount": 15052, "tipCount": 99, "usersCount": 11394}, "url": "http://www.gardensbythebay.com.sg/en/the-gardens/attractions/flower-dome.html", "beenHere": {"lastCheckinExpiredAt": 0}, "categories": [{"id": "52e81612bcbc57f1066b7a22", "primary": true, "icon": {"prefix": "https://ss3.4sqi.net/img/categories_v2/parks_outdoors/botanicalgarden_", "suffix": ".png"}, "pluralName": "Botanical Gardens", "shortName": "Botanical Garden", "name": "Botanical Garden"}], "verified": false, "location": {"crossStreet": "18 Marina Gardens Dr", "labeledLatLngs": [{"lng": 103.86472463607788, "label": "display", "lat": 1.2845095712658272}], "lat": 1.2845095712658272, "postalCode": "018953", "city": "Singapore", "formattedAddress": ["Gardens by the Bay (18 Marina Gardens Dr)", "018953", "Singapore"], "lng": 103.86472463607788, "address": "Gardens by the Bay", "country": "Singapore", "cc": "SG"}, "contact": {"formattedPhone": "+65 6420 6848", "phone": "+6564206848"}, "name": "Flower Dome"}, "width": 640, "suffix": "/mOm0CBnvf2txr0dRj0J8_nY4HoFOub1hwKqIg19sXXk.jpg"}], "count": 34}, "totalCount": 34}, "meta": {"code": 200, "requestId": "595a8464db04f562f09e6987"}, "notifications": [{"item": {"unreadCount": 0}, "type": "notificationTray"}]}