{"response": {"totalCount": 24, "photos": {"count": 24, "items": [{"width": 720, "visibility": "public", "createdAt": 1378864308, "id": "522fccb411d262bcef01d5e8", "source": {"name": "Foursquare for Android", "url": "https://foursquare.com/download/#/android"}, "prefix": "https://igx.4sqi.net/img/general/", "suffix": "/11136811_e2Ttyw9ywEorXsXnmAnvSS59R13PrL3xGVHV-lfJOQA.jpg", "venue": {"contact": {"phone": "+6567350209", "formattedPhone": "+65 6735 0209"}, "beenHere": {"lastCheckinExpiredAt": 0}, "name": "Embassy of the Republic of the Union of Myanmar", "categories": [{"name": "Embassy / Consulate", "shortName": "Embassy", "primary": true, "icon": {"prefix": "https://ss3.4sqi.net/img/categories_v2/travel/embassy_", "suffix": ".png"}, "id": "4bf58dd8d48988d12c951735", "pluralName": "Embassies / Consulates"}], "venueRatingBlacklisted": true, "stats": {"checkinsCount": 726, "tipCount": 19, "usersCount": 427}, "verified": false, "url": "http://www.mesingapore.org.sg", "id": "4bc27c49f8219c748dffb410", "location": {"country": "Singapore", "formattedAddress": ["15 St. Martin's Dr", "257996", "Singapore"], "cc": "SG", "lat": 1.305570361170148, "labeledLatLngs": [{"lng": 103.82409125794206, "lat": 1.305570361170148, "label": "display"}], "postalCode": "257996", "address": "15 St. Martin's Dr", "lng": 103.82409125794206, "city": "Singapore"}, "like": false}, "height": 960}, {"width": 720, "visibility": "public", "createdAt": 1377270860, "id": "52177c4c11d2f52ef8f1f236", "source": {"name": "Foursquare for Android", "url": "https://foursquare.com/download/#/android"}, "prefix": "https://igx.4sqi.net/img/general/", "suffix": "/11136811_eXwZKD3bPTFFx8gJmFDuM7-PjWBK-_nsQf0VHN-ncRE.jpg", "venue": {"contact": {"twitter": "natlmuseum_sg", "phone": "+6563323659", "formattedPhone": "+65 6332 3659"}, "name": "National Museum of Singapore", "categories": [{"name": "Museum", "shortName": "Museum", "primary": true, "icon": {"prefix": "https://ss3.4sqi.net/img/categories_v2/arts_entertainment/museum_", "suffix": ".png"}, "id": "4bf58dd8d48988d181941735", "pluralName": "Museums"}], "beenHere": {"lastCheckinExpiredAt": 0}, "stats": {"checkinsCount": 19523, "tipCount": 123, "usersCount": 12591}, "verified": true, "url": "http://www.nationalmuseum.sg", "id": "4b989892f964a520334835e3", "location": {"country": "Singapore", "formattedAddress": ["93 Stamford Rd", "178897", "Singapore"], "cc": "SG", "lat": 1.2967909719264816, "labeledLatLngs": [{"lng": 103.84858846664429, "lat": 1.2967909719264816, "label": "display"}], "postalCode": "178897", "address": "93 Stamford Rd", "lng": 103.84858846664429, "city": "Singapore"}, "like": false, "allowMenuUrlEdit": true}, "height": 960}, {"width": 720, "visibility": "public", "createdAt": 1377270828, "id": "52177c2c11d258ed334eb5cd", "source": {"name": "Foursquare for Android", "url": "https://foursquare.com/download/#/android"}, "prefix": "https://igx.4sqi.net/img/general/", "suffix": "/11136811_ttmJiKNySYCXZIj2YqSiYztiizof_hFezNTJNERxuD8.jpg", "venue": {"contact": {"twitter": "natlmuseum_sg", "phone": "+6563323659", "formattedPhone": "+65 6332 3659"}, "name": "National Museum of Singapore", "categories": [{"name": "Museum", "shortName": "Museum", "primary": true, "icon": {"prefix": "https://ss3.4sqi.net/img/categories_v2/arts_entertainment/museum_", "suffix": ".png"}, "id": "4bf58dd8d48988d181941735", "pluralName": "Museums"}], "beenHere": {"lastCheckinExpiredAt": 0}, "stats": {"checkinsCount": 19523, "tipCount": 123, "usersCount": 12591}, "verified": true, "url": "http://www.nationalmuseum.sg", "id": "4b989892f964a520334835e3", "location": {"country": "Singapore", "formattedAddress": ["93 Stamford Rd", "178897", "Singapore"], "cc": "SG", "lat": 1.2967909719264816, "labeledLatLngs": [{"lng": 103.84858846664429, "lat": 1.2967909719264816, "label": "display"}], "postalCode": "178897", "address": "93 Stamford Rd", "lng": 103.84858846664429, "city": "Singapore"}, "like": false, "allowMenuUrlEdit": true}, "height": 960}, {"width": 960, "visibility": "public", "createdAt": 1376819867, "id": "52109a9b11d2a599dc78945e", "source": {"name": "Foursquare for Android", "url": "https://foursquare.com/download/#/android"}, "prefix": "https://igx.4sqi.net/img/general/", "suffix": "/11136811_SMkP8czBZ0bLACrLf7yrM1Xb1stFwx9q4WuFBO1c3fk.jpg", "venue": {"contact": {}, "name": "dr. CAFE COFFEE", "categories": [{"name": "Coffee Shop", "shortName": "Coffee Shop", "primary": true, "icon": {"prefix": "https://ss3.4sqi.net/img/categories_v2/food/coffeeshop_", "suffix": ".png"}, "id": "4bf58dd8d48988d1e0931735", "pluralName": "Coffee Shops"}], "beenHere": {"lastCheckinExpiredAt": 0}, "stats": {"checkinsCount": 346, "tipCount": 19, "usersCount": 241}, "verified": false, "id": "5102006fe4b004f28d0eefea", "location": {"country": "Singapore", "formattedAddress": ["#01-05/#01-20, Chinatown Point (133 New Bridge Rd.)", "059413", "Singapore"], "cc": "SG", "lat": 1.2850204933896727, "labeledLatLngs": [{"lng": 103.84458977904012, "lat": 1.2850204933896727, "label": "display"}], "postalCode": "059413", "address": "#01-05/#01-20, Chinatown Point", "lng": 103.84458977904012, "city": "Singapore", "crossStreet": "133 New Bridge Rd."}, "like": false, "allowMenuUrlEdit": true}, "height": 720}, {"width": 960, "visibility": "public", "createdAt": 1376571406, "id": "520cd00e11d2c804958def5e", "source": {"name": "Foursquare for Android", "url": "https://foursquare.com/download/#/android"}, "prefix": "https://igx.4sqi.net/img/general/", "suffix": "/11136811_0w0rsqPrHKKanqwaUHd7QM1puzRFK5X1559ZXWm5_qE.jpg", "venue": {"contact": {}, "name": "Wonderful \u65fa\u5fb7\u798f Durian", "categories": [{"name": "Food & Drink Shop", "shortName": "Food & Drink", "primary": true, "icon": {"prefix": "https://ss3.4sqi.net/img/categories_v2/shops/foodanddrink_", "suffix": ".png"}, "id": "4bf58dd8d48988d1f9941735", "pluralName": "Food & Drink Shops"}], "beenHere": {"lastCheckinExpiredAt": 0}, "stats": {"checkinsCount": 904, "tipCount": 12, "usersCount": 809}, "verified": false, "url": "http://wonderfuldurian.com.sg", "id": "4cc061af020d468867f76738", "location": {"country": "Singapore", "formattedAddress": ["Lorong 17 (Geylang)", "Singapore"], "cc": "SG", "lat": 1.3144899692123502, "labeledLatLngs": [{"lng": 103.87849469919395, "lat": 1.3144899692123502, "label": "display"}], "address": "Lorong 17", "lng": 103.87849469919395, "city": "Singapore", "crossStreet": "Geylang"}, "like": false, "allowMenuUrlEdit": true}, "height": 720}, {"width": 720, "visibility": "public", "createdAt": 1376566898, "id": "520cbe7211d28d08f9cab33c", "source": {"name": "Foursquare for Android", "url": "https://foursquare.com/download/#/android"}, "prefix": "https://igx.4sqi.net/img/general/", "suffix": "/11136811_0iLZu1H1IEyT3E6YSQ8cwVvOHhOgPFZ0mL6RlmkE-yA.jpg", "venue": {"contact": {"phone": "+6567444574", "formattedPhone": "+65 6744 4574"}, "name": "Geylang Claypot Rice", "categories": [{"name": "Chinese Restaurant", "shortName": "Chinese", "primary": true, "icon": {"prefix": "https://ss3.4sqi.net/img/categories_v2/food/asian_", "suffix": ".png"}, "id": "4bf58dd8d48988d145941735", "pluralName": "Chinese Restaurants"}], "beenHere": {"lastCheckinExpiredAt": 0}, "stats": {"checkinsCount": 2070, "tipCount": 33, "usersCount": 1331}, "verified": false, "url": "http://www.geylangclaypot.com", "id": "4c5d6fbe6ebe2d7f59bad22e", "location": {"country": "Singapore", "formattedAddress": ["639 Geylang Rd (Geylang Lorong 33)", "389570", "Singapore"], "cc": "SG", "lat": 1.3142304171981118, "labeledLatLngs": [{"lng": 103.88736300867286, "lat": 1.3142304171981118, "label": "display"}], "postalCode": "389570", "address": "639 Geylang Rd", "lng": 103.88736300867286, "city": "Singapore", "crossStreet": "Geylang Lorong 33"}, "like": false, "allowMenuUrlEdit": true}, "height": 960}, {"width": 720, "visibility": "public", "createdAt": 1376478232, "id": "520b6418498ed9e96b4abae9", "source": {"name": "Foursquare for Android", "url": "https://foursquare.com/download/#/android"}, "prefix": "https://igx.4sqi.net/img/general/", "suffix": "/11136811_QQ0WuUkbS-nHiWKZQ5QOR_IZmqbcDzk7rbDQFFoA5mo.jpg", "venue": {"contact": {}, "name": "Hock Lam Beef \u6b63\u5b97\u798f\u5357\u8857\u725b\u8089", "categories": [{"name": "Chinese Restaurant", "shortName": "Chinese", "primary": true, "icon": {"prefix": "https://ss3.4sqi.net/img/categories_v2/food/asian_", "suffix": ".png"}, "id": "4bf58dd8d48988d145941735", "pluralName": "Chinese Restaurants"}], "beenHere": {"lastCheckinExpiredAt": 0}, "stats": {"checkinsCount": 1551, "tipCount": 24, "usersCount": 897}, "verified": false, "id": "4b2b0970f964a520edb324e3", "location": {"country": "Singapore", "formattedAddress": ["#01-01, Far East Square (22 China St)", "049564", "Singapore"], "cc": "SG", "lat": 1.2836039615518502, "labeledLatLngs": [{"lng": 103.84788477633617, "lat": 1.2836039615518502, "label": "display"}], "postalCode": "049564", "address": "#01-01, Far East Square", "lng": 103.84788477633617, "city": "Singapore", "crossStreet": "22 China St"}, "like": false, "allowMenuUrlEdit": true}, "height": 960}, {"width": 720, "visibility": "public", "createdAt": 1376211875, "id": "520753a311d220fd075210a6", "source": {"name": "Foursquare for Android", "url": "https://foursquare.com/download/#/android"}, "prefix": "https://igx.4sqi.net/img/general/", "suffix": "/11136811_LMGtdqZCIPiGH_MQsjHvziDdKwusRneyrFmc6hsrhsE.jpg", "venue": {"contact": {"instagram": "artsciencemuseumsg", "twitter": "artscimuseum", "facebookName": "ArtScience Museum", "facebookUsername": "ArtScienceMuseum"}, "venuePage": {"id": "39910951"}, "categories": [{"name": "Art Museum", "shortName": "Art Museum", "primary": true, "icon": {"prefix": "https://ss3.4sqi.net/img/categories_v2/arts_entertainment/museum_art_", "suffix": ".png"}, "id": "4bf58dd8d48988d18f941735", "pluralName": "Art Museums"}], "beenHere": {"lastCheckinExpiredAt": 0}, "location": {"country": "Singapore", "formattedAddress": ["10 Bayfront Ave. (Marina Bay Sands)", "018956", "Singapore"], "cc": "SG", "lat": 1.286340919466327, "postalCode": "018956", "address": "10 Bayfront Ave.", "lng": 103.85950282679342, "city": "Singapore", "crossStreet": "Marina Bay Sands"}, "like": false, "allowMenuUrlEdit": true, "name": "ArtScience Museum", "url": "http://www.marinabaysands.com/ArtScienceMuseum", "stats": {"checkinsCount": 21349, "tipCount": 128, "usersCount": 14981}, "verified": true, "id": "4b9df38cf964a520ffc336e3", "storeId": ""}, "height": 960}, {"width": 720, "visibility": "public", "createdAt": 1374902086, "id": "51f35746498ee6e722d2d0de", "source": {"name": "Foursquare for Android", "url": "https://foursquare.com/download/#/android"}, "prefix": "https://igx.4sqi.net/img/general/", "suffix": "/11136811_rKCA6gn1RGbeJGYDfH52QRlMP2is9aiSVDz8DAOoNbU.jpg", "venue": {"contact": {"twitter": "sub_ap1", "phone": "+62312986200", "formattedPhone": "+62 31 2986200"}, "name": "Juanda International Airport (SUB) (Bandar Udara Internasional Juanda)", "categories": [{"name": "Airport", "shortName": "Airport", "primary": true, "icon": {"prefix": "https://ss3.4sqi.net/img/categories_v2/travel/airport_", "suffix": ".png"}, "id": "4bf58dd8d48988d1ed931735", "pluralName": "Airports"}], "beenHere": {"lastCheckinExpiredAt": 0}, "stats": {"checkinsCount": 483498, "tipCount": 1929, "usersCount": 146252}, "verified": false, "url": "http://www.juanda-airport.com", "id": "4c50e687250dd13af6ee507c", "location": {"country": "Indonesia", "formattedAddress": ["Jl. Ir. H. Juanda", "Sidoarjo", "Jawa Timur 61253", "Indonesia"], "cc": "ID", "lat": -7.3748755057097926, "postalCode": "61253", "address": "Jl. Ir. H. Juanda", "lng": 112.79450589630376, "city": "Sidoarjo", "state": "Jawa Timur"}, "like": false}, "height": 960}, {"width": 720, "visibility": "public", "createdAt": 1374570874, "id": "51ee497a498ec6e23581850e", "source": {"name": "Foursquare for Android", "url": "https://foursquare.com/download/#/android"}, "prefix": "https://igx.4sqi.net/img/general/", "suffix": "/11136811_FbsRMdt7L3nNrgEL8yG4TEbZrPYHV8fXszzTg74jikg.jpg", "venue": {"contact": {"twitter": "pasaratom"}, "name": "Pasar Atum", "categories": [{"name": "Shopping Mall", "shortName": "Mall", "primary": true, "icon": {"prefix": "https://ss3.4sqi.net/img/categories_v2/shops/mall_", "suffix": ".png"}, "id": "4bf58dd8d48988d1fd941735", "pluralName": "Shopping Malls"}], "beenHere": {"lastCheckinExpiredAt": 0}, "stats": {"checkinsCount": 24460, "tipCount": 108, "usersCount": 9383}, "verified": false, "url": "http://pasaratom.com", "id": "4b6e79abf964a520ddbe2ce3", "location": {"cc": "ID", "labeledLatLngs": [{"lng": 112.74423122406006, "lat": -7.241150028894843, "label": "display"}], "postalCode": "60161", "state": "Jawa Timur", "crossStreet": "Jl. Waspada, Jl. Stasiun Kota", "country": "Indonesia", "formattedAddress": ["Jl. Bunguran No. 45 (Jl. Waspada, Jl. Stasiun Kota)", "Surabaya", "Jawa Timur 60161", "Indonesia"], "lat": -7.241150028894843, "neighborhood": "Bongkaran", "lng": 112.74423122406006, "city": "Surabaya", "address": "Jl. Bunguran No. 45"}, "like": false}, "height": 960}, {"width": 720, "visibility": "public", "createdAt": 1374548933, "id": "51edf3c5498e5bb96bf73e35", "source": {"name": "Foursquare for Android", "url": "https://foursquare.com/download/#/android"}, "prefix": "https://igx.4sqi.net/img/general/", "suffix": "/11136811_cX35Yegn0VKiYph78jeMsRGvzHU_rwseavg4HApAr2M.jpg", "venue": {"contact": {"facebookName": "Changi Airport", "phone": "+6565956868", "facebook": "113770598597", "facebookUsername": "changiairport", "instagram": "changiairport", "twitter": "changiairport", "formattedPhone": "+65 6595 6868"}, "name": "Singapore Changi Airport (SIN)", "categories": [{"name": "Airport", "shortName": "Airport", "primary": true, "icon": {"prefix": "https://ss3.4sqi.net/img/categories_v2/travel/airport_", "suffix": ".png"}, "id": "4bf58dd8d48988d1ed931735", "pluralName": "Airports"}], "beenHere": {"lastCheckinExpiredAt": 0}, "stats": {"checkinsCount": 735982, "tipCount": 2374, "usersCount": 236715}, "verified": true, "url": "http://www.changiairport.com", "id": "4b0bd124f964a520e03323e3", "location": {"country": "Singapore", "formattedAddress": ["Airport Boulevard", "918146", "Singapore"], "cc": "SG", "lat": 1.35635144162011, "postalCode": "918146", "address": "Airport Boulevard", "lng": 103.98896473035023, "city": "Singapore"}, "like": false}, "height": 960}, {"width": 720, "visibility": "public", "createdAt": 1374125222, "id": "51e77ca6498e167f4ad5ef8a", "source": {"name": "Foursquare for Android", "url": "https://foursquare.com/download/#/android"}, "prefix": "https://igx.4sqi.net/img/general/", "suffix": "/11136811_bTS2A9FzdTlWselSeF1YZyKXVfG7aXkUxZpboBz0iLA.jpg", "venue": {"contact": {}, "name": "Noi Bai International Airport (HAN) (S\u00e2n bay Qu\u1ed1c t\u1ebf N\u1ed9i B\u00e0i)", "categories": [{"name": "Airport", "shortName": "Airport", "primary": true, "icon": {"prefix": "https://ss3.4sqi.net/img/categories_v2/travel/airport_", "suffix": ".png"}, "id": "4bf58dd8d48988d1ed931735", "pluralName": "Airports"}], "beenHere": {"lastCheckinExpiredAt": 0}, "stats": {"checkinsCount": 61211, "tipCount": 452, "usersCount": 25384}, "verified": false, "url": "http://www.hanoiairportonline.com", "id": "4ba4eb75f964a5201cc338e3", "location": {"country": "Vi\u1ec7t Nam", "formattedAddress": ["S\u00f3c S\u01a1n", "S\u00f3c S\u01a1n", "Th\u00e0nh Ph\u1ed1 H\u00e0 N\u1ed9i", "Vi\u1ec7t Nam"], "cc": "VN", "lat": 21.21502409776767, "address": "S\u00f3c S\u01a1n", "lng": 105.80201293924138, "city": "S\u00f3c S\u01a1n", "state": "Th\u00e0nh Ph\u1ed1 H\u00e0 N\u1ed9i"}, "like": false}, "height": 960}, {"width": 720, "visibility": "public", "createdAt": 1373977056, "id": "51e539e0498eb68b1a4030d8", "source": {"name": "Foursquare for Android", "url": "https://foursquare.com/download/#/android"}, "prefix": "https://igx.4sqi.net/img/general/", "suffix": "/11136811_LUyabgIbuEygUpbX5kS-fnK9lu319h466Qo_KiRaOU8.jpg", "venue": {"contact": {}, "name": "7 Cua Restaurant", "categories": [{"name": "Vietnamese Restaurant", "shortName": "Vietnamese", "primary": true, "icon": {"prefix": "https://ss3.4sqi.net/img/categories_v2/food/vietnamese_", "suffix": ".png"}, "id": "4bf58dd8d48988d14a941735", "pluralName": "Vietnamese Restaurants"}], "beenHere": {"lastCheckinExpiredAt": 0}, "stats": {"checkinsCount": 44, "tipCount": 7, "usersCount": 30}, "verified": false, "id": "4f8559d7e4b042f37b96128e", "location": {"country": "Vi\u1ec7t Nam", "formattedAddress": ["7 Ng\u00f5 57 L\u00e1ng H\u1ea1", "Vi\u1ec7t Nam"], "cc": "VN", "lat": 21.019215957604533, "labeledLatLngs": [{"lng": 105.81774386001688, "lat": 21.019215957604533, "label": "display"}], "address": "7 Ng\u00f5 57 L\u00e1ng H\u1ea1", "lng": 105.81774386001688}, "like": false, "allowMenuUrlEdit": true}, "height": 960}, {"width": 960, "visibility": "public", "createdAt": 1373897880, "id": "51e40498498eb7f2ceeeeab1", "source": {"name": "Foursquare for Android", "url": "https://foursquare.com/download/#/android"}, "prefix": "https://igx.4sqi.net/img/general/", "suffix": "/11136811_Nd3JOKsYHMGNY0YVwpe-pderRHgl8QgnJc6YvnS0kEU.jpg", "venue": {"contact": {"phone": "+84438240294", "formattedPhone": "+84 4 3824 0294"}, "name": "Kem Tr\u00e0ng Ti\u1ec1n", "categories": [{"name": "Ice Cream Shop", "shortName": "Ice Cream", "primary": true, "icon": {"prefix": "https://ss3.4sqi.net/img/categories_v2/food/icecream_", "suffix": ".png"}, "id": "4bf58dd8d48988d1c9941735", "pluralName": "Ice Cream Shops"}], "beenHere": {"lastCheckinExpiredAt": 0}, "stats": {"checkinsCount": 1443, "tipCount": 47, "usersCount": 1011}, "verified": false, "id": "4e3a3980fa766e76ed407b5b", "location": {"country": "Vi\u1ec7t Nam", "state": "Th\u00e0nh Ph\u1ed1 H\u00e0 N\u1ed9i", "formattedAddress": ["35 Tr\u00e0ng Ti\u1ec1n (Ng\u00f4 Quy\u1ec1n)", "Ho\u00e0n Ki\u1ebfm", "Th\u00e0nh Ph\u1ed1 H\u00e0 N\u1ed9i", "Vi\u1ec7t Nam"], "cc": "VN", "lat": 21.025218744983004, "labeledLatLngs": [{"lng": 105.85458832991685, "lat": 21.025218744983004, "label": "display"}], "address": "35 Tr\u00e0ng Ti\u1ec1n", "lng": 105.85458832991685, "city": "Ho\u00e0n Ki\u1ebfm", "crossStreet": "Ng\u00f4 Quy\u1ec1n"}, "like": false, "allowMenuUrlEdit": true}, "height": 720}, {"width": 720, "visibility": "public", "createdAt": 1373893823, "id": "51e3f4bf498ed38b5aca8bad", "source": {"name": "Foursquare for Android", "url": "https://foursquare.com/download/#/android"}, "prefix": "https://igx.4sqi.net/img/general/", "suffix": "/11136811_SC-cw3EUFFOyFnMngdEK9hRe2ZV7D1CF2oIuT_hNt78.jpg", "venue": {"contact": {"phone": "+84437739779", "formattedPhone": "+84 4 3773 9779"}, "name": "M\u1ef3 Qu\u1ea3ng M\u1ef9 S\u01a1n", "categories": [{"name": "Noodle House", "shortName": "Noodles", "primary": true, "icon": {"prefix": "https://ss3.4sqi.net/img/categories_v2/food/ramen_", "suffix": ".png"}, "id": "4bf58dd8d48988d1d1941735", "pluralName": "Noodle Houses"}], "closed": true, "beenHere": {"lastCheckinExpiredAt": 0}, "stats": {"checkinsCount": 78, "tipCount": 5, "usersCount": 52}, "verified": false, "id": "4f7e889ae4b0f67485008501", "location": {"country": "Vi\u1ec7t Nam", "formattedAddress": ["36 Nguy\u00ean H\u1ed3ng", "H\u00e0 N\u1ed9i", "Th\u00e0nh Ph\u1ed1 H\u00e0 N\u1ed9i", "Vi\u1ec7t Nam"], "cc": "VN", "lat": 21.016109720776946, "address": "36 Nguy\u00ean H\u1ed3ng", "lng": 105.81019927188068, "city": "H\u00e0 N\u1ed9i", "state": "Th\u00e0nh Ph\u1ed1 H\u00e0 N\u1ed9i"}, "like": false, "allowMenuUrlEdit": true}, "height": 960}, {"width": 720, "visibility": "public", "createdAt": 1373870655, "id": "51e39a3f498e5bd4f70f9bbe", "source": {"name": "Foursquare for Android", "url": "https://foursquare.com/download/#/android"}, "prefix": "https://igx.4sqi.net/img/general/", "suffix": "/11136811_9XFgi2_caXDg41cSxcFEsuNdqMJviwwbfGyoEJNtbq8.jpg", "venue": {"contact": {}, "name": "Cafe Huyen", "categories": [{"name": "Caf\u00e9", "shortName": "Caf\u00e9", "primary": true, "icon": {"prefix": "https://ss3.4sqi.net/img/categories_v2/food/cafe_", "suffix": ".png"}, "id": "4bf58dd8d48988d16d941735", "pluralName": "Caf\u00e9s"}], "beenHere": {"lastCheckinExpiredAt": 0}, "stats": {"checkinsCount": 41, "tipCount": 2, "usersCount": 17}, "verified": false, "id": "4fdc4053e4b08aca4907afa5", "location": {"country": "Vi\u1ec7t Nam", "formattedAddress": ["Duy T\u00e2n", "H\u00e0 N\u1ed9i", "Th\u00e0nh Ph\u1ed1 H\u00e0 N\u1ed9i", "Vi\u1ec7t Nam"], "cc": "VN", "lat": 21.030516554603942, "labeledLatLngs": [{"lng": 105.78565282705188, "lat": 21.030516554603942, "label": "display"}], "address": "Duy T\u00e2n", "lng": 105.78565282705188, "city": "H\u00e0 N\u1ed9i", "state": "Th\u00e0nh Ph\u1ed1 H\u00e0 N\u1ed9i"}, "like": false, "allowMenuUrlEdit": true}, "height": 960}, {"width": 720, "visibility": "public", "createdAt": 1373867198, "id": "51e38cbe498eb68b0f50440f", "source": {"name": "Foursquare for Android", "url": "https://foursquare.com/download/#/android"}, "prefix": "https://igx.4sqi.net/img/general/", "suffix": "/11136811_tBp_SOh4LdMRPWsmf9Sk4tswFW1lsGEMtT0HYVL8D64.jpg", "venue": {"contact": {"phone": "+84437716372", "formattedPhone": "+84 4 3771 6372"}, "name": "Highway4", "categories": [{"name": "Vietnamese Restaurant", "shortName": "Vietnamese", "primary": true, "icon": {"prefix": "https://ss3.4sqi.net/img/categories_v2/food/vietnamese_", "suffix": ".png"}, "id": "4bf58dd8d48988d14a941735", "pluralName": "Vietnamese Restaurants"}], "beenHere": {"lastCheckinExpiredAt": 0}, "stats": {"checkinsCount": 236, "tipCount": 8, "usersCount": 196}, "verified": false, "id": "4c628d9c69a1c9b651d438a4", "location": {"country": "Vi\u1ec7t Nam", "formattedAddress": ["575 Kim M\u00e3", "Ba \u0110\u00ecnh", "Th\u00e0nh Ph\u1ed1 H\u00e0 N\u1ed9i", "Vi\u1ec7t Nam"], "cc": "VN", "lat": 21.02969223656423, "labeledLatLngs": [{"lng": 105.80926179885864, "lat": 21.02969223656423, "label": "display"}], "address": "575 Kim M\u00e3", "lng": 105.80926179885864, "city": "Ba \u0110\u00ecnh", "state": "Th\u00e0nh Ph\u1ed1 H\u00e0 N\u1ed9i"}, "like": false, "allowMenuUrlEdit": true}, "height": 960}, {"width": 960, "visibility": "public", "createdAt": 1373853543, "id": "51e35767498ed9d30dc0ec23", "source": {"name": "Foursquare for Android", "url": "https://foursquare.com/download/#/android"}, "prefix": "https://igx.4sqi.net/img/general/", "suffix": "/11136811_q-jzvvT6DbQsrTy-T0dx3cYatej8NOGMQTsOmjvG0E8.jpg", "venue": {"contact": {}, "name": "Palm Court Cafe, DaeWoo Hotel", "categories": [{"name": "Caf\u00e9", "shortName": "Caf\u00e9", "primary": true, "icon": {"prefix": "https://ss3.4sqi.net/img/categories_v2/food/cafe_", "suffix": ".png"}, "id": "4bf58dd8d48988d16d941735", "pluralName": "Caf\u00e9s"}], "beenHere": {"lastCheckinExpiredAt": 0}, "stats": {"checkinsCount": 55, "tipCount": 1, "usersCount": 39}, "verified": false, "id": "4c35414d66e40f47f102cb8b", "location": {"country": "Vi\u1ec7t Nam", "state": "Th\u00e0nh Ph\u1ed1 H\u00e0 N\u1ed9i", "formattedAddress": ["360 Kim Ma (1st Fl.)", "Th\u00e0nh Ph\u1ed1 H\u00e0 N\u1ed9i", "Vi\u1ec7t Nam"], "cc": "VN", "lat": 21.030410864090744, "labeledLatLngs": [{"lng": 105.81138024333774, "lat": 21.030410864090744, "label": "display"}], "address": "360 Kim Ma", "lng": 105.81138024333774, "crossStreet": "1st Fl."}, "like": false, "allowMenuUrlEdit": true}, "height": 720}, {"width": 960, "visibility": "public", "createdAt": 1372857755, "id": "51d4259b498e5149324d086f", "source": {"name": "Foursquare for Android", "url": "https://foursquare.com/download/#/android"}, "prefix": "https://igx.4sqi.net/img/general/", "suffix": "/11136811_P7dKqfVsW3k-R3mg74Ac1Kjk9OwdIPVpZvAAxJAKCg0.jpg", "venue": {"contact": {"facebookName": "Jem", "phone": "+6566729500", "facebook": "243010929083143", "facebookUsername": "JemSingapore", "twitter": "jemsingapore", "formattedPhone": "+65 6672 9500"}, "name": "Jem", "categories": [{"name": "Shopping Mall", "shortName": "Mall", "primary": true, "icon": {"prefix": "https://ss3.4sqi.net/img/categories_v2/shops/mall_", "suffix": ".png"}, "id": "4bf58dd8d48988d1fd941735", "pluralName": "Shopping Malls"}], "beenHere": {"lastCheckinExpiredAt": 0}, "stats": {"checkinsCount": 66689, "tipCount": 48, "usersCount": 16114}, "verified": true, "url": "http://www.jem.sg", "id": "50c86ad1498e50cfc73e3a49", "location": {"country": "Singapore", "formattedAddress": ["50 Jurong Gateway Rd", "608549", "Singapore"], "cc": "SG", "lat": 1.333235294782318, "labeledLatLngs": [{"lng": 103.74308969738195, "lat": 1.333235294782318, "label": "display"}], "postalCode": "608549", "address": "50 Jurong Gateway Rd", "lng": 103.74308969738195, "city": "Singapore"}, "like": false}, "height": 720}, {"width": 720, "visibility": "public", "createdAt": 1367144052, "id": "517cf674e4b060f52339d42d", "source": {"name": "Foursquare for Android", "url": "https://foursquare.com/download/#/android"}, "prefix": "https://igx.4sqi.net/img/general/", "suffix": "/11136811_FPyNw6oOHnYz0-w3JJjjzaC5h7TqbCzb14R42odQzus.jpg", "venue": {"contact": {}, "beenHere": {"lastCheckinExpiredAt": 0}, "name": "National Kidney Foundation (NKF)", "categories": [{"name": "Office", "shortName": "Office", "primary": true, "icon": {"prefix": "https://ss3.4sqi.net/img/categories_v2/building/default_", "suffix": ".png"}, "id": "4bf58dd8d48988d124941735", "pluralName": "Offices"}], "venueRatingBlacklisted": true, "stats": {"checkinsCount": 1065, "tipCount": 0, "usersCount": 394}, "verified": false, "id": "4bea0c35b3352d7faad054d2", "location": {"country": "Singapore", "formattedAddress": ["81 Kim Keat Rd", "328836", "Singapore"], "cc": "SG", "lat": 1.3265790825645438, "labeledLatLngs": [{"lng": 103.85455993839993, "lat": 1.3265790825645438, "label": "display"}], "postalCode": "328836", "address": "81 Kim Keat Rd", "lng": 103.85455993839993, "city": "Singapore"}, "like": false, "allowMenuUrlEdit": true}, "height": 960}, {"width": 720, "visibility": "public", "createdAt": 1366775264, "id": "517755e0e4b08ed562674295", "source": {"name": "Foursquare for Android", "url": "https://foursquare.com/download/#/android"}, "prefix": "https://igx.4sqi.net/img/general/", "suffix": "/11136811_LDsRe3N-mIfoRbFZ0QkrIfXGAENgA6hK-L5yK1qhcAc.jpg", "venue": {"contact": {}, "beenHere": {"lastCheckinExpiredAt": 0}, "name": "MediaCorp Staff Canteen", "categories": [{"name": "Corporate Cafeteria", "shortName": "Corporate Cafeteria", "primary": true, "icon": {"prefix": "https://ss3.4sqi.net/img/categories_v2/education/cafeteria_", "suffix": ".png"}, "id": "54f4ba06498e2cf5561da814", "pluralName": "Corporate Cafeterias"}], "venueRatingBlacklisted": true, "stats": {"checkinsCount": 1648, "tipCount": 9, "usersCount": 296}, "verified": false, "id": "4c57d5727329c92876c08f80", "location": {"country": "Singapore", "formattedAddress": ["Caldecott Broadcast Centre (Andrew Rd.)", "299939", "Singapore"], "cc": "SG", "lat": 1.338074861314077, "labeledLatLngs": [{"lng": 103.83197667964127, "lat": 1.338074861314077, "label": "display"}], "postalCode": "299939", "address": "Caldecott Broadcast Centre", "lng": 103.83197667964127, "city": "Singapore", "crossStreet": "Andrew Rd."}, "like": false}, "height": 960}, {"width": 540, "visibility": "public", "createdAt": 1315577092, "id": "4e6a1d04483bf2d9e612400c", "source": {"name": "Foursquare for Android", "url": "https://foursquare.com/download/#/android"}, "prefix": "https://igx.4sqi.net/img/general/", "suffix": "/QFZLRMHNBQRC44YYD2PZYB3QT5C4OCTQVIFCJXYG4NLE40UB.jpg", "venue": {"contact": {"phone": "+6562200220", "formattedPhone": "+65 6220 0220"}, "beenHere": {"lastCheckinExpiredAt": 0}, "name": "Buddha Tooth Relic Temple & Museum (\u65b0\u52a0\u5761\u4f5b\u7259\u5bfa\u9f99\u534e\u9662)", "categories": [{"name": "Buddhist Temple", "shortName": "Buddhist Temple", "primary": true, "icon": {"prefix": "https://ss3.4sqi.net/img/categories_v2/building/religious_", "suffix": ".png"}, "id": "52e81612bcbc57f1066b7a3e", "pluralName": "Buddhist Temples"}], "venueRatingBlacklisted": true, "stats": {"checkinsCount": 10265, "tipCount": 76, "usersCount": 7755}, "verified": false, "url": "http://www.btrts.org.sg", "id": "4a73e804f964a52099dd1fe3", "location": {"country": "Singapore", "formattedAddress": ["288 South Bridge Road (South Bridge Road / Sago Lane)", "058840", "Singapore"], "cc": "SG", "lat": 1.2813909441671445, "labeledLatLngs": [{"lng": 103.84434789419174, "lat": 1.2813909441671445, "label": "display"}], "postalCode": "058840", "address": "288 South Bridge Road", "lng": 103.84434789419174, "city": "Singapore", "crossStreet": "South Bridge Road / Sago Lane"}, "like": false}, "height": 720}, {"width": 540, "visibility": "public", "createdAt": 1315577055, "id": "4e6a1cdfd22d0e4cf5e3c94c", "source": {"name": "Foursquare for Android", "url": "https://foursquare.com/download/#/android"}, "prefix": "https://igx.4sqi.net/img/general/", "suffix": "/QFZLRMHNBQRC44YYD2PZYB3QT5C4OCTQVIFCJXYG4NLE40UB.jpg", "venue": {"contact": {"phone": "+6562200220", "formattedPhone": "+65 6220 0220"}, "beenHere": {"lastCheckinExpiredAt": 0}, "name": "Buddha Tooth Relic Temple & Museum (\u65b0\u52a0\u5761\u4f5b\u7259\u5bfa\u9f99\u534e\u9662)", "categories": [{"name": "Buddhist Temple", "shortName": "Buddhist Temple", "primary": true, "icon": {"prefix": "https://ss3.4sqi.net/img/categories_v2/building/religious_", "suffix": ".png"}, "id": "52e81612bcbc57f1066b7a3e", "pluralName": "Buddhist Temples"}], "venueRatingBlacklisted": true, "stats": {"checkinsCount": 10265, "tipCount": 76, "usersCount": 7755}, "verified": false, "url": "http://www.btrts.org.sg", "id": "4a73e804f964a52099dd1fe3", "location": {"country": "Singapore", "formattedAddress": ["288 South Bridge Road (South Bridge Road / Sago Lane)", "058840", "Singapore"], "cc": "SG", "lat": 1.2813909441671445, "labeledLatLngs": [{"lng": 103.84434789419174, "lat": 1.2813909441671445, "label": "display"}], "postalCode": "058840", "address": "288 South Bridge Road", "lng": 103.84434789419174, "city": "Singapore", "crossStreet": "South Bridge Road / Sago Lane"}, "like": false}, "height": 720}, {"width": 720, "visibility": "public", "createdAt": 1315576384, "id": "4e6a1a40d164c37bf46b54ae", "source": {"name": "Foursquare for Android", "url": "https://foursquare.com/download/#/android"}, "prefix": "https://igx.4sqi.net/img/general/", "suffix": "/IYITH4EEHJKQC1JVXN4KBYHSJJDRIN2CXR3LI3GTZHQPKGTI.jpg", "venue": {"contact": {}, "beenHere": {"lastCheckinExpiredAt": 0}, "name": "Temple Street", "categories": [{"name": "Road", "shortName": "Road", "primary": true, "icon": {"prefix": "https://ss3.4sqi.net/img/categories_v2/travel/highway_", "suffix": ".png"}, "id": "4bf58dd8d48988d1f9931735", "pluralName": "Roads"}], "venueRatingBlacklisted": true, "stats": {"checkinsCount": 1963, "tipCount": 2, "usersCount": 1137}, "verified": false, "id": "4c0609698f8fa59313bcf20d", "location": {"country": "Singapore", "formattedAddress": ["Temple St. (Chinatown)", "Singapore"], "cc": "SG", "lat": 1.2829457962838713, "labeledLatLngs": [{"lng": 103.84422178602225, "lat": 1.2829457962838713, "label": "display"}], "address": "Temple St.", "lng": 103.84422178602225, "city": "Singapore", "crossStreet": "Chinatown"}, "like": false}, "height": 540}]}}, "notifications": [{"type": "notificationTray", "item": {"unreadCount": 0}}], "meta": {"requestId": "595b5c1b9fb6b77be2ffaf55", "code": 200}}