{"response": {"photos": {"items": [{"id": "5070066ce4b083d7cdacaef7", "createdAt": 1349518956, "height": 720, "visibility": "public", "source": {"url": "https://foursquare.com/download/#/iphone", "name": "Foursquare for iOS"}, "prefix": "https://igx.4sqi.net/img/general/", "venue": {"id": "4cc95e99d338236a51fca17c", "like": false, "stats": {"checkinsCount": 1526, "tipCount": 26, "usersCount": 883}, "beenHere": {"lastCheckinExpiredAt": 0}, "categories": [{"id": "4bf58dd8d48988d1df931735", "primary": true, "icon": {"prefix": "https://ss3.4sqi.net/img/categories_v2/food/bbqalt_", "suffix": ".png"}, "pluralName": "BBQ Joints", "shortName": "BBQ", "name": "BBQ Joint"}], "verified": false, "allowMenuUrlEdit": true, "location": {"crossStreet": "Toa Payoh Food Alley", "labeledLatLngs": [{"lng": 103.84825277927705, "label": "display", "lat": 1.3329290354619625}], "lat": 1.3329290354619625, "postalCode": "310190", "city": "Singapore", "formattedAddress": ["190 Lor 6 Toa Payoh, #01-512 (Toa Payoh Food Alley)", "310190", "Singapore"], "lng": 103.84825277927705, "address": "190 Lor 6 Toa Payoh, #01-512", "country": "Singapore", "cc": "SG"}, "contact": {}, "name": "Hiang Ji Roasted Meat & Noodle House"}, "width": 537, "suffix": "/11174951_bIiz-LPTUa76Cxv8DUJnJLmrR2RWmzzLM1nAb3bb26c.jpg"}, {"id": "4f40ff42e4b0085fee02fc44", "createdAt": 1329659714, "height": 720, "visibility": "public", "source": {"url": "https://foursquare.com/download/#/iphone", "name": "Foursquare for iOS"}, "prefix": "https://igx.4sqi.net/img/general/", "venue": {"id": "4ee09fc19a52e7f5b8fc73e1", "like": false, "stats": {"checkinsCount": 12709, "tipCount": 28, "usersCount": 4567}, "url": "http://www.gv.com.sg", "beenHere": {"lastCheckinExpiredAt": 0}, "categories": [{"id": "4bf58dd8d48988d180941735", "primary": true, "icon": {"prefix": "https://ss3.4sqi.net/img/categories_v2/arts_entertainment/movietheater_", "suffix": ".png"}, "pluralName": "Multiplexes", "shortName": "Cineplex", "name": "Multiplex"}], "verified": false, "allowMenuUrlEdit": true, "location": {"crossStreet": "112 East Coast Rd", "labeledLatLngs": [{"lng": 103.90495777130127, "label": "display", "lat": 1.3052860194724436}], "lat": 1.3052860194724436, "postalCode": "428802", "city": "Singapore", "formattedAddress": ["#04-09, I12 Katong (112 East Coast Rd)", "428802", "Singapore"], "lng": 103.90495777130127, "address": "#04-09, I12 Katong", "country": "Singapore", "cc": "SG"}, "contact": {"twitter": "gvpictures", "formattedPhone": "+65 6311 9162", "phone": "+6563119162"}, "name": "Golden Village"}, "width": 480, "suffix": "/58eoir1rOJ70vjP_hotB5iLSfOKD80ZFzuzCK6io1ss.jpg"}], "count": 2}, "totalCount": 2}, "meta": {"code": 200, "requestId": "595a849ef594df3c73b5e367"}, "notifications": [{"item": {"unreadCount": 0}, "type": "notificationTray"}]}