{"meta": {"code": 200, "requestId": "595af2b89fb6b77b7637b8b4"}, "notifications": [{"item": {"unreadCount": 0}, "type": "notificationTray"}], "response": {"photos": {"items": [{"height": 960, "source": {"url": "https://foursquare.com/download/#/iphone", "name": "Foursquare for iOS"}, "width": 720, "prefix": "https://igx.4sqi.net/img/general/", "createdAt": 1360752313, "id": "511b6eb9e4b078bba147cf24", "venue": {"url": "https://www.moviestarscafe.com", "like": false, "location": {"formattedAddress": ["Seaside Blvd, SM Mall of Asia", "1300 Pasay City", "Pasay City", "Pilipinas"], "city": "Pasay", "lng": 120.97943979919154, "cc": "PH", "state": "Pasay City", "lat": 14.53853346195018, "address": "Seaside Blvd, SM Mall of Asia", "labeledLatLngs": [{"label": "display", "lat": 14.53853346195018, "lng": 120.97943979919154}], "postalCode": "1300", "country": "Pilipinas"}, "categories": [{"icon": {"prefix": "https://ss3.4sqi.net/img/categories_v2/food/cafe_", "suffix": ".png"}, "name": "Caf\u00e9", "id": "4bf58dd8d48988d16d941735", "pluralName": "Caf\u00e9s", "primary": true, "shortName": "Caf\u00e9"}], "verified": false, "contact": {"formattedPhone": "+63 905 277 9999", "phone": "+639052779999"}, "allowMenuUrlEdit": true, "stats": {"tipCount": 92, "usersCount": 3761, "checkinsCount": 4378}, "id": "50879634e4b06cc8e851ed42", "name": "Movie Stars Caf\u00e9", "beenHere": {"lastCheckinExpiredAt": 0}}, "suffix": "/11174831_h2VPUyjnUNmfKCjFJYuHVHRSJ_5KQtNPa2-bxX7lC1I.jpg", "visibility": "public"}, {"height": 612, "source": {"url": "http://instagram.com", "name": "Instagram"}, "width": 612, "prefix": "https://igx.4sqi.net/img/general/", "createdAt": 1360164496, "id": "51127690e4b01f3c50111eaf", "venue": {"url": "http://www.universitytowermla.com/ut/ut1/index.htm", "like": false, "location": {"formattedAddress": ["Moret St (btwn Espana Blvd and S.H. Loyola St)", "1008 Maynila", "City of Manila", "Pilipinas"], "city": "Maynila", "lng": 120.99077165617543, "cc": "PH", "state": "City of Manila", "crossStreet": "btwn Espana Blvd and S.H. Loyola St", "lat": 14.60695285780033, "address": "Moret St", "labeledLatLngs": [{"label": "display", "lat": 14.60695285780033, "lng": 120.99077165617543}], "postalCode": "1008", "country": "Pilipinas"}, "categories": [{"icon": {"prefix": "https://ss3.4sqi.net/img/categories_v2/building/apartment_", "suffix": ".png"}, "name": "Residential Building (Apartment / Condo)", "id": "4d954b06a243a5684965b473", "pluralName": "Residential Buildings (Apartments / Condos)", "primary": true, "shortName": "Residential"}], "verified": false, "contact": {}, "beenHere": {"lastCheckinExpiredAt": 0}, "stats": {"tipCount": 12, "usersCount": 1237, "checkinsCount": 9430}, "id": "4cc39bde1e596dcbe403cc67", "name": "University Tower Condominium", "venueRatingBlacklisted": true}, "suffix": "/11174831_K5vw0xLKSu_4xoAPcv8N0ZZ2lZ7F6PofGVoqDILiatM.jpg", "visibility": "public"}], "count": 2}, "totalCount": 2}}